time	DeviceName	AccX(g)	AccY(g)	AccZ(g)	AsX(°/s)	AsY(°/s)	AsZ(°/s)	AngleX(°)	AngleY(°)	AngleZ(°)	HX(uT)	HY(uT)	HZ(uT)	Q0()	Q1()	Q2()	Q3()	Temperature(°C)	Height(m)	Pressure(kPa)	Version()	Battery level(%)
2026-05-27T16:28:07.644	WT901BLE68(F3:F0:16:BF:DC:AE)	-0.083	0.567	1.108	-150.879	-85.266	8.728	28.62	8.06	-81.64	-69.887	28.133	-13.547	-0.73834	-0.61746	0.13666	0.23407	26.4	null	null	13113	75
2026-05-27T16:28:07.734	WT901BLE68(F3:F0:16:BF:DC:AE)	-0.091	0.288	1.077	-215.210	30.701	51.575	10.42	4.69	-79.00	-69.887	28.133	-13.547	-0.75583	-0.12064	0.05066	0.64148	26.4	null	null	13113	75
2026-05-27T16:28:07.854	WT901BLE68(F3:F0:16:BF:DC:AE)	-0.139	-0.104	0.866	-200.623	28.931	17.700	-9.71	6.55	-75.82	-69.887	28.133	-13.547	-0.75583	-0.12064	0.05066	0.64148	26.4	null	null	13113	75
2026-05-27T16:28:07.913	WT901BLE68(F3:F0:16:BF:DC:AE)	-0.171	-0.384	0.657	-115.723	5.493	-6.592	-25.00	8.84	-77.55	-69.887	28.133	-13.547	-0.75583	-0.12064	0.05066	0.64148	26.4	null	null	13113	75
2026-05-27T16:28:08.034	WT901BLE68(F3:F0:16:BF:DC:AE)	0.021	-0.482	0.543	-39.795	-18.311	6.104	-32.34	7.72	-79.10	-69.887	28.133	-13.547	-0.75583	-0.12064	0.05066	0.64148	26.4	null	null	13113	75
2026-05-27T16:28:08.125	WT901BLE68(F3:F0:16:BF:DC:AE)	-0.191	-0.284	0.524	21.973	16.235	39.001	-32.84	8.77	-78.39	-69.887	28.133	-13.547	-0.75583	-0.12064	0.05066	0.64148	26.4	null	null	13113	75
2026-05-27T16:28:08.243	WT901BLE68(F3:F0:16:BF:DC:AE)	-0.454	-0.177	0.510	62.439	-2.808	6.165	-28.19	11.49	-78.06	-69.887	28.133	-13.547	-0.75583	-0.12064	0.05066	0.64148	26.4	null	null	13113	75
2026-05-27T16:28:08.332	WT901BLE68(F3:F0:16:BF:DC:AE)	-0.455	-0.297	0.865	88.989	33.813	-36.682	-20.60	13.09	-81.29	-69.887	28.133	-13.547	-0.75583	-0.12064	0.05066	0.64148	26.4	null	null	13113	75
2026-05-27T16:28:08.452	WT901BLE68(F3:F0:16:BF:DC:AE)	-0.258	-0.542	1.476	38.574	16.357	-49.133	-14.66	15.97	-87.52	-65.767	-14.867	23.307	-0.75583	-0.12064	0.05066	0.64148	26.4	null	null	13113	75
2026-05-27T16:28:08.512	WT901BLE68(F3:F0:16:BF:DC:AE)	0.144	-0.701	1.573	-78.247	-3.052	-16.968	-17.66	14.96	-91.80	-65.767	-14.867	23.307	-0.75583	-0.12064	0.05066	0.64148	26.4	null	null	13113	75
2026-05-27T16:28:08.634	WT901BLE68(F3:F0:16:BF:DC:AE)	-0.036	-0.674	0.769	-106.934	-14.893	21.362	-27.74	14.65	-92.36	-65.767	-14.867	23.307	-0.75583	-0.12064	0.05066	0.64148	26.4	null	null	13113	75
2026-05-27T16:28:08.722	WT901BLE68(F3:F0:16:BF:DC:AE)	-0.176	-0.457	0.298	-39.429	7.813	69.702	-34.83	15.82	-89.08	-65.767	-14.867	23.307	-0.69110	0.09595	-0.27176	0.66272	26.4	null	null	13113	75
2026-05-27T16:28:08.846	WT901BLE68(F3:F0:16:BF:DC:AE)	-0.765	-0.097	0.143	41.077	-41.443	59.509	-33.59	21.63	-84.63	-65.767	-14.867	23.307	-0.69110	0.09595	-0.27176	0.66272	26.4	null	null	13113	75
2026-05-27T16:28:08.933	WT901BLE68(F3:F0:16:BF:DC:AE)	-0.733	-0.227	0.501	97.351	-4.272	-43.396	-25.90	22.01	-83.45	-65.767	-14.867	23.307	-0.69110	0.09595	-0.27176	0.66272	26.4	null	null	13113	75
2026-05-27T16:28:09.058	WT901BLE68(F3:F0:16:BF:DC:AE)	-0.450	-0.399	1.243	91.003	-5.066	-78.979	-17.87	21.87	-90.45	-65.767	-14.867	23.307	-0.69110	0.09595	-0.27176	0.66272	26.4	null	null	13113	75
2026-05-27T16:28:09.144	WT901BLE68(F3:F0:16:BF:DC:AE)	0.080	-0.525	1.649	-18.311	-2.014	-52.185	-16.69	18.85	-97.94	-65.767	-14.867	23.307	-0.69110	0.09595	-0.27176	0.66272	26.4	null	null	13113	75
2026-05-27T16:28:09.264	WT901BLE68(F3:F0:16:BF:DC:AE)	-0.040	-0.441	1.093	-84.900	41.504	-0.671	-23.53	18.96	-101.85	-65.767	-14.867	23.307	-0.69110	0.09595	-0.27176	0.66272	26.4	null	null	13113	75
2026-05-27T16:28:09.320	WT901BLE68(F3:F0:16:BF:DC:AE)	-0.143	-0.554	0.583	-74.951	43.762	44.617	-31.76	23.01	-102.41	-72.720	-23.367	16.773	-0.69110	0.09595	-0.27176	0.66272	26.4	null	null	13113	75
2026-05-27T16:28:09.444	WT901BLE68(F3:F0:16:BF:DC:AE)	-0.276	-0.573	0.250	-25.024	45.410	95.215	-35.56	29.83	-99.71	-72.720	-23.367	16.773	-0.69110	0.09595	-0.27176	0.66272	26.4	null	null	13113	75
2026-05-27T16:28:09.532	WT901BLE68(F3:F0:16:BF:DC:AE)	-0.636	-0.132	-0.093	64.270	70.313	112.122	-30.57	40.07	-92.54	-72.720	-23.367	16.773	-0.67880	-0.03506	-0.40347	0.61246	26.4	null	null	13113	75
2026-05-27T16:28:09.655	WT901BLE68(F3:F0:16:BF:DC:AE)	-0.966	0.027	0.155	132.690	-21.362	23.926	-16.67	46.25	-85.52	-72.720	-23.367	16.773	-0.67880	-0.03506	-0.40347	0.61246	26.4	null	null	13113	75
2026-05-27T16:28:09.745	WT901BLE68(F3:F0:16:BF:DC:AE)	-0.895	0.106	0.728	170.166	-9.277	-26.794	-1.67	46.91	-86.56	-72.720	-23.367	16.773	-0.67880	-0.03506	-0.40347	0.61246	26.4	null	null	13113	75
2026-05-27T16:28:09.866	WT901BLE68(F3:F0:16:BF:DC:AE)	-0.919	0.099	1.425	104.370	8.667	-69.458	7.92	48.25	-94.15	-72.720	-23.367	16.773	-0.67880	-0.03506	-0.40347	0.61246	26.4	null	null	13113	75
2026-05-27T16:28:09.924	WT901BLE68(F3:F0:16:BF:DC:AE)	-0.781	-0.096	1.293	9.155	15.198	-90.576	3.39	49.95	-107.56	-72.720	-23.367	16.773	-0.67880	-0.03506	-0.40347	0.61246	26.4	null	null	13113	75
2026-05-27T16:28:10.044	WT901BLE68(F3:F0:16:BF:DC:AE)	-0.849	-0.179	0.499	-18.860	12.878	-59.509	-7.61	51.65	-120.94	-72.720	-23.367	16.773	-0.67880	-0.03506	-0.40347	0.61246	26.4	null	null	13113	75
2026-05-27T16:28:10.136	WT901BLE68(F3:F0:16:BF:DC:AE)	-0.767	-0.227	-0.030	48.340	1.892	-53.467	-14.08	51.02	-130.33	-72.720	-23.367	16.773	-0.67880	-0.03506	-0.40347	0.61246	26.4	null	null	13113	75
2026-05-27T16:28:10.253	WT901BLE68(F3:F0:16:BF:DC:AE)	-0.754	-0.086	-0.184	154.541	-1.587	-51.147	-11.98	51.62	-138.97	-88.013	-15.987	-13.527	-0.67880	-0.03506	-0.40347	0.61246	26.4	null	null	13113	75
2026-05-27T16:28:10.343	WT901BLE68(F3:F0:16:BF:DC:AE)	-0.936	0.587	0.244	241.882	-245.850	-12.695	3.76	45.22	-143.53	-88.013	-15.987	-13.527	-0.67880	-0.03506	-0.40347	0.61246	26.4	null	null	13113	75
2026-05-27T16:28:10.460	WT901BLE68(F3:F0:16:BF:DC:AE)	0.885	1.270	1.064	169.861	-284.485	-52.979	22.36	7.27	-157.27	-88.013	-15.987	-13.527	-0.21802	-0.20065	0.08640	0.95114	26.4	null	null	13113	75
2026-05-27T16:28:10.551	WT901BLE68(F3:F0:16:BF:DC:AE)	0.692	0.996	1.177	35.767	49.683	-8.118	32.00	0.40	-160.33	-88.013	-15.987	-13.527	-0.21802	-0.20065	0.08640	0.95114	26.4	null	null	13113	75
2026-05-27T16:28:10.679	WT901BLE68(F3:F0:16:BF:DC:AE)	0.302	0.733	0.782	-25.818	38.330	23.499	32.33	2.13	-154.55	-88.013	-15.987	-13.527	-0.21802	-0.20065	0.08640	0.95114	26.4	null	null	13113	75
2026-05-27T16:28:10.735	WT901BLE68(F3:F0:16:BF:DC:AE)	0.064	0.817	0.752	-32.043	117.737	38.513	31.30	6.49	-144.54	-88.013	-15.987	-13.527	-0.21802	-0.20065	0.08640	0.95114	26.4	null	null	13113	75
2026-05-27T16:28:10.856	WT901BLE68(F3:F0:16:BF:DC:AE)	-0.185	0.773	0.775	-67.139	174.194	52.429	29.86	17.00	-130.30	-88.013	-15.987	-13.527	-0.21802	-0.20065	0.08640	0.95114	26.4	null	null	13113	75
2026-05-27T16:28:10.945	WT901BLE68(F3:F0:16:BF:DC:AE)	-0.494	0.615	0.738	-86.426	121.338	71.594	29.24	27.81	-113.17	-88.013	-15.987	-13.527	-0.21802	-0.20065	0.08640	0.95114	26.4	null	null	13113	75
2026-05-27T16:28:11.066	WT901BLE68(F3:F0:16:BF:DC:AE)	-0.666	0.381	0.769	-134.338	79.834	85.754	25.41	31.78	-98.10	-88.013	-15.987	-13.527	-0.21802	-0.20065	0.08640	0.95114	26.4	null	null	13113	75
2026-05-27T16:28:11.155	WT901BLE68(F3:F0:16:BF:DC:AE)	-0.934	0.099	0.633	-163.452	65.186	52.246	17.10	37.88	-84.40	-83.207	0.893	-3.800	-0.21802	-0.20065	0.08640	0.95114	26.4	null	null	13113	75
2026-05-27T16:28:11.274	WT901BLE68(F3:F0:16:BF:DC:AE)	-0.912	-0.119	0.616	-125.366	-28.564	7.935	5.00	38.64	-78.94	-83.207	0.893	-3.800	-0.21802	-0.20065	0.08640	0.95114	26.4	null	null	13113	75
2026-05-27T16:28:11.331	WT901BLE68(F3:F0:16:BF:DC:AE)	-0.766	-0.282	0.687	-89.050	-43.396	-29.175	-6.43	34.77	-78.80	-83.207	0.893	-3.800	-0.73813	-0.18915	-0.25043	0.59714	26.4	null	null	13113	75
2026-05-27T16:28:11.457	WT901BLE68(F3:F0:16:BF:DC:AE)	-0.392	-0.475	0.784	-94.849	-76.965	-40.100	-17.31	28.26	-79.82	-83.207	0.893	-3.800	-0.73813	-0.18915	-0.25043	0.59714	26.4	null	null	13113	75
2026-05-27T16:28:11.545	WT901BLE68(F3:F0:16:BF:DC:AE)	0.018	-0.611	0.592	-99.548	-65.125	5.310	-27.38	19.89	-76.74	-83.207	0.893	-3.800	-0.73813	-0.18915	-0.25043	0.59714	26.4	null	null	13113	75
2026-05-27T16:28:11.665	WT901BLE68(F3:F0:16:BF:DC:AE)	-0.112	-0.659	0.444	-57.007	-3.418	68.359	-34.12	21.27	-71.80	-83.207	0.893	-3.800	-0.73813	-0.18915	-0.25043	0.59714	26.4	null	null	13113	75
2026-05-27T16:28:11.755	WT901BLE68(F3:F0:16:BF:DC:AE)	-0.369	-0.419	0.404	-6.592	72.205	108.215	-35.24	28.63	-65.02	-83.207	0.893	-3.800	-0.73813	-0.18915	-0.25043	0.59714	26.4	null	null	13113	75
2026-05-27T16:28:11.873	WT901BLE68(F3:F0:16:BF:DC:AE)	-0.833	-0.052	0.095	40.527	109.619	98.206	-31.76	41.96	-59.33	-83.207	0.893	-3.800	-0.73813	-0.18915	-0.25043	0.59714	26.4	null	null	13113	75
2026-05-27T16:28:11.965	WT901BLE68(F3:F0:16:BF:DC:AE)	-0.915	-0.031	0.260	110.718	-16.357	5.615	-20.86	45.42	-52.53	-83.207	0.893	-3.800	-0.73813	-0.18915	-0.25043	0.59714	26.4	null	null	13113	75
2026-05-27T16:28:12.054	WT901BLE68(F3:F0:16:BF:DC:AE)	-0.939	-0.183	0.871	111.389	-35.156	-60.059	-11.20	41.78	-55.52	-84.147	-2.467	1.787	-0.73813	-0.18915	-0.25043	0.59714	26.4	null	null	13113	75
2026-05-27T16:28:12.146	WT901BLE68(F3:F0:16:BF:DC:AE)	-0.685	-0.369	1.463	20.935	7.629	-83.008	-11.69	39.95	-65.00	-84.147	-2.467	1.787	-0.73813	-0.18915	-0.25043	0.59714	26.4	null	null	13113	75
2026-05-27T16:28:12.268	WT901BLE68(F3:F0:16:BF:DC:AE)	-0.377	-0.345	1.183	-55.908	-4.883	-60.181	-19.98	37.63	-73.34	-84.147	-2.467	1.787	-0.73813	-0.18915	-0.25043	0.59714	26.4	null	null	13113	75
2026-05-27T16:28:12.357	WT901BLE68(F3:F0:16:BF:DC:AE)	-0.284	-0.458	0.726	-70.496	45.837	6.348	-29.01	38.91	-77.09	-84.147	-2.467	1.787	-0.77377	-0.04013	-0.36688	0.51474	26.4	null	null	13113	75
2026-05-27T16:28:12.474	WT901BLE68(F3:F0:16:BF:DC:AE)	-0.662	-0.291	0.198	-69.214	100.830	63.171	-37.21	48.66	-79.37	-84.147	-2.467	1.787	-0.77377	-0.04013	-0.36688	0.51474	26.4	null	null	13113	75
2026-05-27T16:28:12.567	WT901BLE68(F3:F0:16:BF:DC:AE)	-0.719	-0.090	-0.291	-11.353	-4.333	70.618	-35.62	54.08	-70.13	-84.147	-2.467	1.787	-0.77377	-0.04013	-0.36688	0.51474	26.4	null	null	13113	75
2026-05-27T16:28:12.690	WT901BLE68(F3:F0:16:BF:DC:AE)	-0.955	-0.066	-0.161	118.469	-21.973	26.978	-25.22	56.04	-60.86	-84.147	-2.467	1.787	-0.77377	-0.04013	-0.36688	0.51474	26.4	null	null	13113	75
2026-05-27T16:28:12.741	WT901BLE68(F3:F0:16:BF:DC:AE)	-1.068	-0.028	0.913	154.785	-19.958	-45.898	-11.61	52.98	-58.58	-84.147	-2.467	1.787	-0.77377	-0.04013	-0.36688	0.51474	26.4	null	null	13113	75
2026-05-27T16:28:12.867	WT901BLE68(F3:F0:16:BF:DC:AE)	-0.913	-0.134	1.525	30.884	32.410	-77.698	-12.67	53.45	-70.05	-84.147	-2.467	1.787	-0.77377	-0.04013	-0.36688	0.51474	26.4	null	null	13113	75
2026-05-27T16:28:12.953	WT901BLE68(F3:F0:16:BF:DC:AE)	-0.736	-0.186	0.993	-76.843	4.883	-61.768	-25.13	52.01	-80.38	-89.587	-11.027	-15.280	-0.77377	-0.04013	-0.36688	0.51474	26.4	null	null	13113	75
2026-05-27T16:28:13.075	WT901BLE68(F3:F0:16:BF:DC:AE)	-0.542	-0.401	0.536	-102.356	12.512	-20.874	-37.10	49.35	-83.71	-89.587	-11.027	-15.280	-0.77377	-0.04013	-0.36688	0.51474	26.4	null	null	13113	75
2026-05-27T16:28:13.164	WT901BLE68(F3:F0:16:BF:DC:AE)	-0.615	-0.444	0.229	-93.567	10.864	15.808	-47.61	50.96	-85.02	-89.587	-11.027	-15.280	-0.72501	-0.01239	-0.52420	0.44644	26.4	null	null	13113	75
2026-05-27T16:28:13.287	WT901BLE68(F3:F0:16:BF:DC:AE)	-0.693	-0.299	-0.334	-32.104	-58.289	64.636	-49.06	52.63	-76.02	-89.587	-11.027	-15.280	-0.72501	-0.01239	-0.52420	0.44644	26.4	null	null	13113	75
2026-05-27T16:28:13.373	WT901BLE68(F3:F0:16:BF:DC:AE)	-0.906	-0.205	-0.042	98.328	-81.848	18.555	-37.63	51.83	-61.25	-89.587	-11.027	-15.280	-0.72501	-0.01239	-0.52420	0.44644	26.4	null	null	13113	75
2026-05-27T16:28:13.497	WT901BLE68(F3:F0:16:BF:DC:AE)	-0.912	-0.186	0.697	115.417	-100.891	-43.091	-24.67	44.64	-53.57	-89.587	-11.027	-15.280	-0.72501	-0.01239	-0.52420	0.44644	26.4	null	null	13113	75
2026-05-27T16:28:13.552	WT901BLE68(F3:F0:16:BF:DC:AE)	-0.498	-0.338	1.382	46.875	23.804	-85.083	-19.57	36.82	-56.20	-89.587	-11.027	-15.280	-0.72501	-0.01239	-0.52420	0.44644	26.4	null	null	13113	75
2026-05-27T16:28:13.675	WT901BLE68(F3:F0:16:BF:DC:AE)	-0.521	-0.443	1.111	-31.555	55.176	-67.810	-25.27	38.37	-65.49	-89.587	-11.027	-15.280	-0.72501	-0.01239	-0.52420	0.44644	26.4	null	null	13113	75
2026-05-27T16:28:13.760	WT901BLE68(F3:F0:16:BF:DC:AE)	-0.541	-0.503	0.489	-65.430	41.992	-45.471	-35.88	39.81	-73.22	-89.587	-11.027	-15.280	-0.72501	-0.01239	-0.52420	0.44644	26.4	null	null	13113	75
2026-05-27T16:28:13.883	WT901BLE68(F3:F0:16:BF:DC:AE)	-0.619	-0.624	-0.291	31.311	51.453	-56.885	-45.65	40.89	-81.90	-86.567	-27.580	-9.747	-0.72501	-0.01239	-0.52420	0.44644	26.4	null	null	13113	75
2026-05-27T16:28:13.974	WT901BLE68(F3:F0:16:BF:DC:AE)	-0.507	-0.503	-0.121	161.682	42.664	-31.250	-43.39	40.05	-88.08	-86.567	-27.580	-9.747	-0.72501	-0.01239	-0.52420	0.44644	26.4	null	null	13113	75
2026-05-27T16:28:14.094	WT901BLE68(F3:F0:16:BF:DC:AE)	-0.710	-0.202	0.308	207.092	25.024	-5.554	-30.20	40.84	-90.09	-86.567	-27.580	-9.747	-0.70563	-0.03012	-0.43723	0.55670	26.4	null	null	13113	75
2026-05-27T16:28:14.152	WT901BLE68(F3:F0:16:BF:DC:AE)	-1.184	0.478	0.911	170.898	-106.506	-12.695	-11.57	41.37	-87.72	-86.567	-27.580	-9.747	-0.70563	-0.03012	-0.43723	0.55670	26.4	null	null	13113	75
2026-05-27T16:28:14.275	WT901BLE68(F3:F0:16:BF:DC:AE)	-0.327	0.450	0.990	99.182	-228.943	-37.231	0.35	25.14	-89.91	-86.567	-27.580	-9.747	-0.70563	-0.03012	-0.43723	0.55670	26.4	null	null	13113	75
2026-05-27T16:28:14.363	WT901BLE68(F3:F0:16:BF:DC:AE)	0.749	0.275	0.499	101.013	-115.112	-36.316	10.22	1.53	-95.32	-86.567	-27.580	-9.747	-0.70563	-0.03012	-0.43723	0.55670	26.4	null	null	13113	75
2026-05-27T16:28:14.488	WT901BLE68(F3:F0:16:BF:DC:AE)	0.731	0.794	1.125	45.410	-33.020	-30.273	20.78	-11.63	-102.99	-86.567	-27.580	-9.747	-0.70563	-0.03012	-0.43723	0.55670	26.4	null	null	13113	75
2026-05-27T16:28:14.572	WT901BLE68(F3:F0:16:BF:DC:AE)	0.411	0.492	1.057	-0.183	-1.282	-3.357	23.97	-10.30	-105.53	-86.567	-27.580	-9.747	-0.70563	-0.03012	-0.43723	0.55670	26.4	null	null	13113	75
2026-05-27T16:28:14.695	WT901BLE68(F3:F0:16:BF:DC:AE)	0.287	0.582	0.994	-10.925	18.250	23.621	23.57	-10.38	-104.67	-86.567	-27.580	-9.747	-0.70563	-0.03012	-0.43723	0.55670	26.4	null	null	13113	75
2026-05-27T16:28:14.753	WT901BLE68(F3:F0:16:BF:DC:AE)	0.288	0.621	0.815	-26.062	59.692	37.781	21.34	-8.97	-101.10	-46.627	-10.193	27.640	-0.70563	-0.03012	-0.43723	0.55670	26.4	null	null	13113	75
2026-05-27T16:28:14.907	WT901BLE68(F3:F0:16:BF:DC:AE)	0.256	0.569	0.826	-34.668	92.285	59.692	18.39	-4.22	-95.02	-46.627	-10.193	27.640	-0.70563	-0.03012	-0.43723	0.55670	26.4	null	null	13113	75
2026-05-27T16:28:14.963	WT901BLE68(F3:F0:16:BF:DC:AE)	-0.122	0.513	0.912	-54.932	152.893	104.187	15.30	5.82	-84.61	-46.627	-10.193	27.640	-0.70200	-0.10880	0.09473	0.69736	26.4	null	null	13113	75
2026-05-27T16:28:15.086	WT901BLE68(F3:F0:16:BF:DC:AE)	-0.459	0.496	0.909	-91.125	130.798	121.704	11.99	16.23	-70.40	-46.627	-10.193	27.640	-0.70200	-0.10880	0.09473	0.69736	26.4	null	null	13113	75
2026-05-27T16:28:15.177	WT901BLE68(F3:F0:16:BF:DC:AE)	-0.568	0.433	0.891	-130.859	94.666	89.600	6.61	24.90	-57.98	-46.627	-10.193	27.640	-0.70200	-0.10880	0.09473	0.69736	26.4	null	null	13113	75
2026-05-27T16:28:15.326	WT901BLE68(F3:F0:16:BF:DC:AE)	-0.751	0.119	0.628	-130.493	16.479	75.928	-1.00	30.11	-49.64	-46.627	-10.193	27.640	-0.70200	-0.10880	0.09473	0.69736	26.4	null	null	13113	75
2026-05-27T16:28:15.386	WT901BLE68(F3:F0:16:BF:DC:AE)	-0.876	-0.142	0.506	-103.699	20.630	48.706	-7.71	33.24	-43.13	-46.627	-10.193	27.640	-0.70200	-0.10880	0.09473	0.69736	26.4	null	null	13113	75
2026-05-27T16:28:15.504	WT901BLE68(F3:F0:16:BF:DC:AE)	-0.815	-0.359	0.595	-80.139	15.991	8.423	-14.60	36.50	-40.58	-46.627	-10.193	27.640	-0.70200	-0.10880	0.09473	0.69736	26.4	null	null	13113	75
2026-05-27T16:28:15.563	WT901BLE68(F3:F0:16:BF:DC:AE)	-0.729	-0.473	0.633	-66.223	-16.418	-18.616	-22.49	37.67	-42.15	-46.627	-10.193	27.640	-0.70200	-0.10880	0.09473	0.69736	26.4	null	null	13113	75
2026-05-27T16:28:15.687	WT901BLE68(F3:F0:16:BF:DC:AE)	-0.491	-0.632	0.618	-66.833	-53.406	-13.977	-29.38	33.87	-42.51	-46.627	-10.193	27.640	-0.70200	-0.10880	0.09473	0.69736	26.4	null	null	13113	75
2026-05-27T16:28:15.773	WT901BLE68(F3:F0:16:BF:DC:AE)	-0.325	-0.670	0.517	-50.293	-1.770	14.771	-34.93	31.10	-40.88	-83.113	-16.760	6.233	-0.70200	-0.10880	0.09473	0.69736	26.4	null	null	13113	75
2026-05-27T16:28:15.893	WT901BLE68(F3:F0:16:BF:DC:AE)	-0.315	-0.468	0.371	-17.639	75.867	61.096	-38.42	35.55	-39.80	-83.113	-16.760	6.233	-0.88550	0.19556	-0.35263	0.23059	26.4	null	null	13113	75
2026-05-27T16:28:15.987	WT901BLE68(F3:F0:16:BF:DC:AE)	-0.797	-0.137	-0.048	32.532	-3.845	71.655	-36.95	43.76	-37.02	-83.113	-16.760	6.233	-0.88550	0.19556	-0.35263	0.23059	26.4	null	null	13113	75
2026-05-27T16:28:16.101	WT901BLE68(F3:F0:16:BF:DC:AE)	-0.984	-0.176	0.271	120.544	-28.320	-11.963	-26.00	44.84	-31.75	-83.113	-16.760	6.233	-0.88550	0.19556	-0.35263	0.23059	26.4	null	null	13113	75
2026-05-27T16:28:16.166	WT901BLE68(F3:F0:16:BF:DC:AE)	-0.995	-0.133	1.125	80.139	-74.280	-77.759	-17.74	40.05	-35.85	-83.113	-16.760	6.233	-0.88550	0.19556	-0.35263	0.23059	26.4	null	null	13113	75
2026-05-27T16:28:16.351	WT901BLE68(F3:F0:16:BF:DC:AE)	-0.463	-0.251	1.364	-3.479	-15.808	-97.839	-19.61	33.69	-46.20	-83.113	-16.760	6.233	-0.88550	0.19556	-0.35263	0.23059	26.4	null	null	13113	75
2026-05-27T16:28:16.372	WT901BLE68(F3:F0:16:BF:DC:AE)	-0.185	-0.384	0.994	-60.364	-7.751	-46.448	-26.93	29.84	-54.43	-83.113	-16.760	6.233	-0.88550	0.19556	-0.35263	0.23059	26.4	null	null	13113	75
2026-05-27T16:28:16.498	WT901BLE68(F3:F0:16:BF:DC:AE)	-0.108	-0.575	0.653	-61.829	-30.579	41.687	-32.27	27.47	-53.82	-83.113	-16.760	6.233	-0.88550	0.19556	-0.35263	0.23059	26.4	null	null	13113	75
2026-05-27T16:28:16.587	WT901BLE68(F3:F0:16:BF:DC:AE)	-0.140	-0.347	0.495	-24.902	-34.668	136.414	-31.38	27.00	-41.57	-79.100	-21.780	11.987	-0.88550	0.19556	-0.35263	0.23059	26.4	null	null	13113	75
2026-05-27T16:28:16.702	WT901BLE68(F3:F0:16:BF:DC:AE)	-0.882	0.145	0.310	31.250	27.100	126.282	-23.57	36.41	-29.34	-79.100	-21.780	11.987	-0.88550	0.19556	-0.35263	0.23059	26.4	null	null	13113	75
2026-05-27T16:28:16.793	WT901BLE68(F3:F0:16:BF:DC:AE)	-0.866	0.045	0.584	60.120	-29.602	-12.756	-14.99	37.75	-24.21	-79.100	-21.780	11.987	-0.92209	0.08255	-0.34717	0.14932	26.4	null	null	13113	75
2026-05-27T16:28:16.918	WT901BLE68(F3:F0:16:BF:DC:AE)	-0.748	-0.133	0.937	50.903	-86.853	-54.138	-10.72	32.26	-28.66	-79.100	-21.780	11.987	-0.92209	0.08255	-0.34717	0.14932	26.4	null	null	13113	75
2026-05-27T16:28:17.004	WT901BLE68(F3:F0:16:BF:DC:AE)	-0.449	-0.227	1.191	11.963	-3.784	-57.739	-10.21	26.74	-34.61	-79.100	-21.780	11.987	-0.92209	0.08255	-0.34717	0.14932	26.4	null	null	13113	75
2026-05-27T16:28:17.097	WT901BLE68(F3:F0:16:BF:DC:AE)	-0.314	-0.328	1.265	-24.292	-23.193	-50.842	-13.54	24.58	-41.31	-79.100	-21.780	11.987	-0.92209	0.08255	-0.34717	0.14932	26.4	null	null	13113	75
2026-05-27T16:28:17.186	WT901BLE68(F3:F0:16:BF:DC:AE)	-0.111	-0.362	1.033	-47.485	18.555	-16.174	-18.64	22.58	-45.29	-79.100	-21.780	11.987	-0.92209	0.08255	-0.34717	0.14932	26.4	null	null	13113	75
2026-05-27T16:28:17.305	WT901BLE68(F3:F0:16:BF:DC:AE)	-0.120	-0.437	0.725	-43.030	68.298	39.612	-23.49	26.14	-46.13	-79.100	-21.780	11.987	-0.92209	0.08255	-0.34717	0.14932	26.4	null	null	13113	75
2026-05-27T16:28:17.396	WT901BLE68(F3:F0:16:BF:DC:AE)	-0.516	-0.166	0.338	-18.921	208.130	78.613	-26.74	40.58	-47.06	-79.100	-21.780	11.987	-0.92209	0.08255	-0.34717	0.14932	26.4	null	null	13113	75
2026-05-27T16:28:17.517	WT901BLE68(F3:F0:16:BF:DC:AE)	-0.833	0.002	0.077	20.447	-26.855	66.284	-22.85	50.16	-41.85	-86.620	-7.340	-1.573	-0.92209	0.08255	-0.34717	0.14932	26.4	null	null	13113	75
2026-05-27T16:28:17.574	WT901BLE68(F3:F0:16:BF:DC:AE)	-0.956	0.069	0.333	79.834	-24.048	-14.832	-13.21	49.91	-38.22	-86.620	-7.340	-1.573	-0.92209	0.08255	-0.34717	0.14932	26.4	null	null	13113	75
2026-05-27T16:28:17.723	WT901BLE68(F3:F0:16:BF:DC:AE)	-0.979	-0.010	1.047	70.740	-38.879	-59.021	-8.06	46.30	-44.43	-86.620	-7.340	-1.573	-0.92209	0.08255	-0.34717	0.14932	26.4	null	null	13113	75
2026-05-27T16:28:17.781	WT901BLE68(F3:F0:16:BF:DC:AE)	-0.740	-0.241	1.259	5.005	-8.484	-52.429	-10.26	43.48	-52.60	-86.620	-7.340	-1.573	-0.85031	-0.09335	-0.37180	0.36038	26.4	null	null	13113	75
2026-05-27T16:28:17.906	WT901BLE68(F3:F0:16:BF:DC:AE)	-0.639	-0.292	1.022	-44.678	5.676	-50.537	-17.20	41.69	-59.93	-86.620	-7.340	-1.573	-0.85031	-0.09335	-0.37180	0.36038	26.4	null	null	13113	75
2026-05-27T16:28:17.997	WT901BLE68(F3:F0:16:BF:DC:AE)	-0.588	-0.426	0.604	-49.011	195.068	-56.885	-31.29	48.68	-74.08	-86.620	-7.340	-1.573	-0.85031	-0.09335	-0.37180	0.36038	26.4	null	null	13113	75
2026-05-27T16:28:18.117	WT901BLE68(F3:F0:16:BF:DC:AE)	-0.503	-0.568	0.180	-59.753	62.988	-20.020	-49.57	54.23	-90.86	-86.620	-7.340	-1.573	-0.85031	-0.09335	-0.37180	0.36038	26.4	null	null	13113	75
2026-05-27T16:28:18.207	WT901BLE68(F3:F0:16:BF:DC:AE)	-0.625	-0.513	-0.227	-10.620	144.043	17.578	-65.81	59.58	-106.02	-86.620	-7.340	-1.573	-0.85031	-0.09335	-0.37180	0.36038	26.4	null	null	13113	75
2026-05-27T16:28:18.329	WT901BLE68(F3:F0:16:BF:DC:AE)	-0.768	-0.492	-0.489	50.842	-12.451	-0.488	-68.13	60.96	-108.94	-86.620	-7.340	-1.573	-0.85031	-0.09335	-0.37180	0.36038	26.4	null	null	13113	75
2026-05-27T16:28:18.383	WT901BLE68(F3:F0:16:BF:DC:AE)	-0.792	-0.448	-0.415	136.292	7.202	4.700	-61.88	60.50	-109.62	-88.413	-20.153	-34.307	-0.85031	-0.09335	-0.37180	0.36038	26.4	null	null	13113	75
2026-05-27T16:28:18.506	WT901BLE68(F3:F0:16:BF:DC:AE)	-0.982	-0.072	-0.156	197.327	-73.547	16.785	-42.82	59.24	-102.42	-88.413	-20.153	-34.307	-0.85031	-0.09335	-0.37180	0.36038	26.4	null	null	13113	75
2026-05-27T16:28:18.594	WT901BLE68(F3:F0:16:BF:DC:AE)	-0.939	0.312	0.625	189.697	-99.792	-39.429	-20.05	50.41	-92.77	-88.413	-20.153	-34.307	-0.66617	-0.18365	-0.44974	0.56577	26.4	null	null	13113	75
2026-05-27T16:28:18.715	WT901BLE68(F3:F0:16:BF:DC:AE)	-0.781	0.287	0.635	130.859	-66.650	-82.825	-9.95	43.57	-99.60	-88.413	-20.153	-34.307	-0.66617	-0.18365	-0.44974	0.56577	26.4	null	null	13113	75
2026-05-27T16:28:18.805	WT901BLE68(F3:F0:16:BF:DC:AE)	-0.469	0.431	0.481	145.569	-216.431	-32.898	0.85	32.78	-105.02	-88.413	-20.153	-34.307	-0.66617	-0.18365	-0.44974	0.56577	26.4	null	null	13113	75
2026-05-27T16:28:18.924	WT901BLE68(F3:F0:16:BF:DC:AE)	0.882	0.744	0.977	137.573	-216.858	-18.494	16.03	-1.52	-111.91	-88.413	-20.153	-34.307	-0.66617	-0.18365	-0.44974	0.56577	26.4	null	null	13113	75
2026-05-27T16:28:18.983	WT901BLE68(F3:F0:16:BF:DC:AE)	0.458	0.901	1.106	62.683	34.302	0.122	27.45	-5.47	-113.23	-88.413	-20.153	-34.307	-0.66617	-0.18365	-0.44974	0.56577	26.4	null	null	13113	75
2026-05-27T16:28:19.139	WT901BLE68(F3:F0:16:BF:DC:AE)	0.416	0.770	0.964	4.028	-16.296	2.502	31.23	-6.67	-114.30	-88.413	-20.153	-34.307	-0.66617	-0.18365	-0.44974	0.56577	26.4	null	null	13113	75
2026-05-27T16:28:19.195	WT901BLE68(F3:F0:16:BF:DC:AE)	0.245	0.784	0.890	-18.433	51.270	31.433	30.68	-6.60	-111.92	-88.413	-20.153	-34.307	-0.66617	-0.18365	-0.44974	0.56577	26.4	null	null	13113	75
2026-05-27T16:28:19.312	WT901BLE68(F3:F0:16:BF:DC:AE)	0.332	0.784	0.888	-36.194	-63.843	77.759	28.21	-9.26	-107.14	-49.287	-4.907	25.300	-0.66617	-0.18365	-0.44974	0.56577	26.4	null	null	13113	75
2026-05-27T16:28:19.405	WT901BLE68(F3:F0:16:BF:DC:AE)	0.373	0.633	0.752	-26.367	25.391	92.102	24.12	-15.12	-101.11	-49.287	-4.907	25.300	-0.66617	-0.18365	-0.44974	0.56577	26.4	null	null	13113	75
2026-05-27T16:28:19.521	WT901BLE68(F3:F0:16:BF:DC:AE)	0.175	0.432	0.828	-19.043	82.520	140.564	19.37	-14.77	-89.29	-49.287	-4.907	25.300	-0.67377	-0.02887	0.22556	0.70300	26.4	null	null	13113	75
2026-05-27T16:28:19.616	WT901BLE68(F3:F0:16:BF:DC:AE)	-0.059	0.391	0.789	-21.729	121.399	157.410	14.56	-9.21	-72.89	-49.287	-4.907	25.300	-0.67377	-0.02887	0.22556	0.70300	26.4	null	null	13113	75
2026-05-27T16:28:19.737	WT901BLE68(F3:F0:16:BF:DC:AE)	-0.238	0.287	0.837	-27.466	59.326	139.221	11.33	-2.26	-58.01	-49.287	-4.907	25.300	-0.67377	-0.02887	0.22556	0.70300	26.4	null	null	13113	75
2026-05-27T16:28:19.792	WT901BLE68(F3:F0:16:BF:DC:AE)	-0.331	0.045	0.952	-8.667	26.428	106.750	10.02	-0.10	-47.53	-49.287	-4.907	25.300	-0.67377	-0.02887	0.22556	0.70300	26.4	null	null	13113	75
2026-05-27T16:28:19.915	WT901BLE68(F3:F0:16:BF:DC:AE)	-0.244	-0.089	1.031	-15.869	2.686	68.604	9.36	0.38	-40.97	-49.287	-4.907	25.300	-0.67377	-0.02887	0.22556	0.70300	26.4	null	null	13113	75
2026-05-27T16:28:20.004	WT901BLE68(F3:F0:16:BF:DC:AE)	-0.127	-0.127	1.099	-14.221	52.979	36.682	7.53	2.47	-37.44	-49.287	-4.907	25.300	-0.67377	-0.02887	0.22556	0.70300	26.4	null	null	13113	75
2026-05-27T16:28:20.128	WT901BLE68(F3:F0:16:BF:DC:AE)	-0.316	-0.058	1.281	-26.672	106.567	9.644	6.04	11.74	-36.50	-49.287	-4.907	25.300	-0.67377	-0.02887	0.22556	0.70300	26.4	null	null	13113	75
2026-05-27T16:28:20.215	WT901BLE68(F3:F0:16:BF:DC:AE)	-0.362	-0.134	1.118	-71.350	64.514	-0.183	0.82	19.87	-37.97	-65.713	9.160	16.800	-0.67377	-0.02887	0.22556	0.70300	26.4	null	null	13113	75
2026-05-27T16:28:20.336	WT901BLE68(F3:F0:16:BF:DC:AE)	-0.323	-0.217	0.754	-73.242	30.518	29.419	-6.69	25.09	-39.55	-65.713	9.160	16.800	-0.67377	-0.02887	0.22556	0.70300	26.4	null	null	13113	75
2026-05-27T16:28:20.395	WT901BLE68(F3:F0:16:BF:DC:AE)	-0.378	0.013	0.487	-37.048	131.653	56.091	-10.47	31.68	-37.61	-65.713	9.160	16.800	-0.92053	-0.00299	-0.24512	0.30399	26.4	null	null	13113	75
2026-05-27T16:28:20.545	WT901BLE68(F3:F0:16:BF:DC:AE)	-0.817	0.150	-0.032	4.761	17.273	4.028	-11.06	43.13	-37.85	-65.713	9.160	16.800	-0.92053	-0.00299	-0.24512	0.30399	26.4	null	null	13113	75
2026-05-27T16:28:20.605	WT901BLE68(F3:F0:16:BF:DC:AE)	-0.795	0.082	0.286	132.202	52.734	-52.490	-5.25	46.29	-44.43	-65.713	9.160	16.800	-0.92053	-0.00299	-0.24512	0.30399	26.4	null	null	13113	75
2026-05-27T16:28:20.726	WT901BLE68(F3:F0:16:BF:DC:AE)	-1.061	-0.043	1.057	106.750	19.836	-44.373	2.77	51.30	-54.14	-65.713	9.160	16.800	-0.92053	-0.00299	-0.24512	0.30399	26.4	null	null	13113	75
2026-05-27T16:28:20.816	WT901BLE68(F3:F0:16:BF:DC:AE)	-0.979	-0.085	1.377	10.254	-15.991	-47.485	2.58	51.86	-63.61	-65.713	9.160	16.800	-0.92053	-0.00299	-0.24512	0.30399	26.4	null	null	13113	75
2026-05-27T16:28:20.936	WT901BLE68(F3:F0:16:BF:DC:AE)	-0.535	-0.176	1.078	-72.205	-46.692	-9.155	-5.22	46.55	-70.47	-65.713	9.160	16.800	-0.92053	-0.00299	-0.24512	0.30399	26.4	null	null	13113	75
2026-05-27T16:28:21.024	WT901BLE68(F3:F0:16:BF:DC:AE)	-0.672	-0.187	0.756	-97.961	-1.587	30.762	-12.57	45.66	-70.76	-65.713	9.160	16.800	-0.92053	-0.00299	-0.24512	0.30399	26.4	null	null	13113	75
2026-05-27T16:28:21.143	WT901BLE68(F3:F0:16:BF:DC:AE)	-0.571	-0.119	0.382	-105.103	42.175	64.392	-18.62	46.94	-66.06	-86.733	-5.087	-1.507	-0.92053	-0.00299	-0.24512	0.30399	26.4	null	null	13113	75
2026-05-27T16:28:21.203	WT901BLE68(F3:F0:16:BF:DC:AE)	-0.678	0.009	-0.003	-65.552	-54.626	74.036	-20.18	51.61	-58.60	-86.733	-5.087	-1.507	-0.92053	-0.00299	-0.24512	0.30399	26.4	null	null	13113	75
2026-05-27T16:28:21.325	WT901BLE68(F3:F0:16:BF:DC:AE)	-0.687	-0.068	-0.080	77.454	-37.720	36.804	-11.15	48.83	-47.86	-86.733	-5.087	-1.507	-0.83017	-0.06802	-0.43353	0.34366	26.4	null	null	13113	75
2026-05-27T16:28:21.415	WT901BLE68(F3:F0:16:BF:DC:AE)	-1.022	0.192	0.585	139.893	-70.557	-30.090	1.09	45.61	-45.07	-86.733	-5.087	-1.507	-0.83017	-0.06802	-0.43353	0.34366	26.4	null	null	13113	75
2026-05-27T16:28:21.536	WT901BLE68(F3:F0:16:BF:DC:AE)	-0.894	0.171	1.395	78.796	-39.124	-83.008	6.72	42.20	-53.78	-86.733	-5.087	-1.507	-0.83017	-0.06802	-0.43353	0.34366	26.4	null	null	13113	75
2026-05-27T16:28:21.624	WT901BLE68(F3:F0:16:BF:DC:AE)	-0.477	-0.056	1.636	-25.879	66.101	-60.242	2.41	42.82	-63.30	-86.733	-5.087	-1.507	-0.83017	-0.06802	-0.43353	0.34366	26.4	null	null	13113	75
2026-05-27T16:28:21.748	WT901BLE68(F3:F0:16:BF:DC:AE)	-0.609	-0.146	0.972	-90.637	40.344	-12.756	-7.32	47.35	-67.66	-86.733	-5.087	-1.507	-0.83017	-0.06802	-0.43353	0.34366	26.4	null	null	13113	75
2026-05-27T16:28:21.804	WT901BLE68(F3:F0:16:BF:DC:AE)	-0.617	-0.149	0.457	-97.961	39.612	27.100	-16.39	50.59	-66.77	-86.733	-5.087	-1.507	-0.83017	-0.06802	-0.43353	0.34366	26.4	null	null	13113	75
2026-05-27T16:28:21.929	WT901BLE68(F3:F0:16:BF:DC:AE)	-0.726	-0.039	0.039	-70.923	-22.522	55.115	-19.75	53.53	-60.47	-86.733	-5.087	-1.507	-0.83017	-0.06802	-0.43353	0.34366	26.4	null	null	13113	75
2026-05-27T16:28:22.011	WT901BLE68(F3:F0:16:BF:DC:AE)	-0.696	-0.068	-0.211	49.316	-2.014	23.743	-14.57	53.58	-51.90	-86.833	-0.507	-4.180	-0.83017	-0.06802	-0.43353	0.34366	26.4	null	null	13113	75
2026-05-27T16:28:22.137	WT901BLE68(F3:F0:16:BF:DC:AE)	-0.792	0.176	0.235	189.209	-85.754	-11.169	-1.16	48.55	-48.46	-86.833	-0.507	-4.180	-0.83017	-0.06802	-0.43353	0.34366	26.4	null	null	13113	75
2026-05-27T16:28:22.224	WT901BLE68(F3:F0:16:BF:DC:AE)	-0.973	0.299	1.571	112.183	-110.352	-76.965	11.06	42.41	-57.34	-86.833	-0.507	-4.180	-0.80746	-0.24066	-0.30490	0.44385	26.4	null	null	13113	75
2026-05-27T16:28:22.348	WT901BLE68(F3:F0:16:BF:DC:AE)	-0.487	0.014	1.578	-14.587	21.179	-63.904	7.93	41.16	-68.13	-86.833	-0.507	-4.180	-0.80746	-0.24066	-0.30490	0.44385	26.4	null	null	13113	75
2026-05-27T16:28:22.435	WT901BLE68(F3:F0:16:BF:DC:AE)	-0.452	-0.088	0.993	-79.285	53.284	-18.799	-0.99	44.24	-73.05	-86.833	-0.507	-4.180	-0.80746	-0.24066	-0.30490	0.44385	26.4	null	null	13113	75
2026-05-27T16:28:22.556	WT901BLE68(F3:F0:16:BF:DC:AE)	-0.642	-0.155	0.517	-103.271	134.766	-2.930	-12.23	53.25	-75.66	-86.833	-0.507	-4.180	-0.80746	-0.24066	-0.30490	0.44385	26.4	null	null	13113	75
2026-05-27T16:28:22.614	WT901BLE68(F3:F0:16:BF:DC:AE)	-0.760	-0.287	0.015	-72.327	75.134	4.211	-27.66	63.02	-83.52	-86.833	-0.507	-4.180	-0.80746	-0.24066	-0.30490	0.44385	26.4	null	null	13113	75
2026-05-27T16:28:22.735	WT901BLE68(F3:F0:16:BF:DC:AE)	-0.862	-0.235	-0.582	17.639	48.096	33.325	-37.44	70.78	-89.58	-86.833	-0.507	-4.180	-0.80746	-0.24066	-0.30490	0.44385	26.4	null	null	13113	75
2026-05-27T16:28:22.825	WT901BLE68(F3:F0:16:BF:DC:AE)	-1.027	0.047	-0.458	149.536	-148.804	4.822	-19.68	65.85	-74.59	-86.833	-0.507	-4.180	-0.80746	-0.24066	-0.30490	0.44385	26.4	null	null	13113	75
2026-05-27T16:28:22.943	WT901BLE68(F3:F0:16:BF:DC:AE)	-0.871	0.359	0.193	212.952	-160.461	-70.190	-3.58	49.43	-74.70	-88.520	-2.107	-17.887	-0.80746	-0.24066	-0.30490	0.44385	26.4	null	null	13113	75
2026-05-27T16:28:23.035	WT901BLE68(F3:F0:16:BF:DC:AE)	-0.631	0.578	0.765	169.617	-141.602	-116.516	10.07	36.20	-91.42	-88.520	-2.107	-17.887	-0.80746	-0.24066	-0.30490	0.44385	26.4	null	null	13113	75
2026-05-27T16:28:23.156	WT901BLE68(F3:F0:16:BF:DC:AE)	-0.515	0.642	0.934	131.104	-46.387	-116.577	16.95	31.02	-110.17	-88.520	-2.107	-17.887	-0.56659	-0.28595	-0.07452	0.76910	26.4	null	null	13113	75
2026-05-27T16:28:23.216	WT901BLE68(F3:F0:16:BF:DC:AE)	-0.447	0.928	1.001	94.238	-221.802	-83.862	21.76	21.50	-128.11	-88.520	-2.107	-17.887	-0.56659	-0.28595	-0.07452	0.76910	26.4	null	null	13113	75
2026-05-27T16:28:23.338	WT901BLE68(F3:F0:16:BF:DC:AE)	0.813	0.573	0.604	59.875	-164.673	-84.290	25.24	-3.85	-146.29	-88.520	-2.107	-17.887	-0.56659	-0.28595	-0.07452	0.76910	26.4	null	null	13113	75
2026-05-27T16:28:23.426	WT901BLE68(F3:F0:16:BF:DC:AE)	0.589	0.667	0.829	37.048	-9.033	-9.277	31.35	-9.09	-150.83	-88.520	-2.107	-17.887	-0.56659	-0.28595	-0.07452	0.76910	26.4	null	null	13113	75
2026-05-27T16:28:23.543	WT901BLE68(F3:F0:16:BF:DC:AE)	0.409	0.699	0.973	16.968	-21.667	24.963	34.32	-11.40	-148.43	-88.520	-2.107	-17.887	-0.56659	-0.28595	-0.07452	0.76910	26.4	null	null	13113	75
2026-05-27T16:28:23.639	WT901BLE68(F3:F0:16:BF:DC:AE)	0.438	0.719	0.860	-5.310	42.419	48.218	34.34	-12.95	-142.79	-88.520	-2.107	-17.887	-0.56659	-0.28595	-0.07452	0.76910	26.4	null	null	13113	75
2026-05-27T16:28:23.755	WT901BLE68(F3:F0:16:BF:DC:AE)	0.320	0.734	0.738	-32.837	106.750	74.890	30.48	-10.27	-131.86	-88.520	-2.107	-17.887	-0.56659	-0.28595	-0.07452	0.76910	26.4	null	null	13113	75
2026-05-27T16:28:23.843	WT901BLE68(F3:F0:16:BF:DC:AE)	0.167	0.624	0.876	-36.560	151.611	110.901	25.85	-3.35	-116.22	-49.653	-6.693	25.933	-0.56659	-0.28595	-0.07452	0.76910	26.4	null	null	13113	75
2026-05-27T16:28:23.964	WT901BLE68(F3:F0:16:BF:DC:AE)	-0.129	0.709	0.831	-67.627	213.501	133.118	22.30	7.39	-96.48	-49.653	-6.693	25.933	-0.56659	-0.28595	-0.07452	0.76910	26.4	null	null	13113	75
2026-05-27T16:28:24.023	WT901BLE68(F3:F0:16:BF:DC:AE)	-0.753	0.483	0.645	-150.940	198.792	93.689	16.63	24.42	-77.10	-49.653	-6.693	25.933	-0.70105	-0.22357	0.00699	0.67703	26.4	null	null	13113	75
2026-05-27T16:28:24.144	WT901BLE68(F3:F0:16:BF:DC:AE)	-0.976	0.033	0.343	-129.822	64.026	52.124	8.55	35.05	-66.04	-49.653	-6.693	25.933	-0.70105	-0.22357	0.00699	0.67703	26.4	null	null	13113	75
2026-05-27T16:28:24.237	WT901BLE68(F3:F0:16:BF:DC:AE)	-0.918	-0.199	0.490	-65.491	-13.855	28.503	3.08	36.97	-60.90	-49.653	-6.693	25.933	-0.70105	-0.22357	0.00699	0.67703	26.4	null	null	13113	75
2026-05-27T16:28:24.355	WT901BLE68(F3:F0:16:BF:DC:AE)	-0.778	-0.222	0.769	-61.768	-20.325	9.705	-2.09	36.39	-57.89	-49.653	-6.693	25.933	-0.70105	-0.22357	0.00699	0.67703	26.4	null	null	13113	75
2026-05-27T16:28:24.444	WT901BLE68(F3:F0:16:BF:DC:AE)	-0.603	-0.226	0.899	-48.035	-1.038	-1.953	-8.02	34.73	-56.69	-49.653	-6.693	25.933	-0.70105	-0.22357	0.00699	0.67703	26.4	null	null	13113	75
2026-05-27T16:28:24.565	WT901BLE68(F3:F0:16:BF:DC:AE)	-0.514	-0.429	0.893	-78.918	24.292	32.898	-13.55	35.12	-53.95	-49.653	-6.693	25.933	-0.70105	-0.22357	0.00699	0.67703	26.4	null	null	13113	75
2026-05-27T16:28:24.620	WT901BLE68(F3:F0:16:BF:DC:AE)	-0.620	-0.368	0.405	-86.060	168.274	32.715	-21.91	43.34	-52.06	-49.653	-6.693	25.933	-0.70105	-0.22357	0.00699	0.67703	26.4	null	null	13113	75
2026-05-27T16:28:24.742	WT901BLE68(F3:F0:16:BF:DC:AE)	-0.746	-0.209	-0.010	-80.688	-52.490	47.852	-31.90	53.62	-53.18	-88.080	-5.560	-5.313	-0.70105	-0.22357	0.00699	0.67703	26.4	null	null	13113	75
2026-05-27T16:28:24.832	WT901BLE68(F3:F0:16:BF:DC:AE)	-0.803	-0.047	-0.210	40.344	-45.288	46.387	-27.44	52.16	-40.18	-88.080	-5.560	-5.313	-0.70105	-0.22357	0.00699	0.67703	26.4	null	null	13113	75
2026-05-27T16:28:24.951	WT901BLE68(F3:F0:16:BF:DC:AE)	-1.014	0.078	0.215	135.986	-39.551	-27.588	-17.45	49.98	-32.81	-88.080	-5.560	-5.313	-0.86734	0.03772	-0.45969	0.18677	26.4	null	null	13113	75
2026-05-27T16:28:25.042	WT901BLE68(F3:F0:16:BF:DC:AE)	-1.136	-0.062	1.024	93.689	-28.320	-91.736	-11.45	48.04	-39.65	-88.080	-5.560	-5.313	-0.86734	0.03772	-0.45969	0.18677	26.4	null	null	13113	75
2026-05-27T16:28:25.194	WT901BLE68(F3:F0:16:BF:DC:AE)	-0.688	-0.286	1.255	1.099	4.211	-86.365	-15.62	45.20	-51.53	-88.080	-5.560	-5.313	-0.86734	0.03772	-0.45969	0.18677	26.4	null	null	13113	75
2026-05-27T16:28:25.251	WT901BLE68(F3:F0:16:BF:DC:AE)	-0.442	-0.320	0.881	-53.833	-19.714	-21.179	-23.02	42.86	-57.77	-88.080	-5.560	-5.313	-0.86734	0.03772	-0.45969	0.18677	26.4	null	null	13113	75
2026-05-27T16:28:25.375	WT901BLE68(F3:F0:16:BF:DC:AE)	-0.426	-0.287	0.554	-71.533	-31.616	49.072	-27.25	41.89	-54.43	-88.080	-5.560	-5.313	-0.86734	0.03772	-0.45969	0.18677	26.4	null	null	13113	75
2026-05-27T16:28:25.432	WT901BLE68(F3:F0:16:BF:DC:AE)	-0.626	-0.125	0.166	-30.579	32.959	79.407	-27.67	45.71	-46.27	-88.080	-5.560	-5.313	-0.86734	0.03772	-0.45969	0.18677	26.4	null	null	13113	75
2026-05-27T16:28:25.557	WT901BLE68(F3:F0:16:BF:DC:AE)	-1.058	-0.048	-0.041	55.603	0.732	16.907	-22.32	50.11	-38.33	-88.080	-5.560	-5.313	-0.86734	0.03772	-0.45969	0.18677	26.4	null	null	13113	75
2026-05-27T16:28:25.642	WT901BLE68(F3:F0:16:BF:DC:AE)	-1.013	0.003	0.491	125.427	-52.124	-61.890	-15.03	47.90	-38.35	-87.813	-2.540	-5.033	-0.86734	0.03772	-0.45969	0.18677	26.4	null	null	13113	75
2026-05-27T16:28:25.765	WT901BLE68(F3:F0:16:BF:DC:AE)	-0.679	-0.024	1.251	80.688	-53.711	-96.252	-10.37	42.02	-47.48	-87.813	-2.540	-5.033	-0.86734	0.03772	-0.45969	0.18677	26.4	null	null	13113	75
2026-05-27T16:28:25.854	WT901BLE68(F3:F0:16:BF:DC:AE)	-0.324	-0.191	1.376	-17.395	-14.587	-54.504	-12.63	37.33	-56.82	-87.813	-2.540	-5.033	-0.84909	-0.06613	-0.33212	0.40524	26.4	null	null	13113	75
2026-05-27T16:28:25.972	WT901BLE68(F3:F0:16:BF:DC:AE)	-0.238	-0.301	0.971	-65.735	3.967	28.625	-17.55	35.35	-57.53	-87.813	-2.540	-5.033	-0.84909	-0.06613	-0.33212	0.40524	26.4	null	null	13113	75
2026-05-27T16:28:26.031	WT901BLE68(F3:F0:16:BF:DC:AE)	-0.283	-0.273	0.658	-71.106	37.048	92.102	-19.96	36.79	-49.74	-87.813	-2.540	-5.033	-0.84909	-0.06613	-0.33212	0.40524	26.4	null	null	13113	75
2026-05-27T16:28:26.185	WT901BLE68(F3:F0:16:BF:DC:AE)	-0.762	-0.076	0.117	-58.350	97.595	105.164	-20.23	47.33	-40.27	-87.813	-2.540	-5.033	-0.84909	-0.06613	-0.33212	0.40524	26.4	null	null	13113	75
2026-05-27T16:28:26.241	WT901BLE68(F3:F0:16:BF:DC:AE)	-1.158	-0.066	-0.376	54.504	2.991	33.081	-15.60	54.27	-30.90	-87.813	-2.540	-5.033	-0.84909	-0.06613	-0.33212	0.40524	26.4	null	null	13113	75
2026-05-27T16:28:26.363	WT901BLE68(F3:F0:16:BF:DC:AE)	-1.243	0.207	0.087	193.848	-80.078	-58.594	-4.95	50.69	-30.61	-87.813	-2.540	-5.033	-0.84909	-0.06613	-0.33212	0.40524	26.4	null	null	13113	75
2026-05-27T16:28:26.453	WT901BLE68(F3:F0:16:BF:DC:AE)	-0.940	0.471	0.803	208.191	-135.315	-142.883	8.00	41.02	-47.63	-87.813	-2.540	-5.033	-0.84909	-0.06613	-0.33212	0.40524	26.4	null	null	13113	75
2026-05-27T16:28:26.572	WT901BLE68(F3:F0:16:BF:DC:AE)	-0.435	0.516	1.200	96.130	-153.503	-170.654	11.71	31.39	-73.44	-84.420	-0.813	-3.780	-0.84909	-0.06613	-0.33212	0.40524	26.4	null	null	13113	75
2026-05-27T16:28:26.665	WT901BLE68(F3:F0:16:BF:DC:AE)	-0.186	0.199	1.141	24.048	25.818	-127.563	8.70	28.65	-94.88	-84.420	-0.813	-3.780	-0.84909	-0.06613	-0.33212	0.40524	26.4	null	null	13113	75
2026-05-27T16:28:26.784	WT901BLE68(F3:F0:16:BF:DC:AE)	-0.333	-0.076	0.722	0.061	2.625	-55.481	4.55	30.67	-107.34	-84.420	-0.813	-3.780	-0.60654	-0.23630	-0.11847	0.74976	26.4	null	null	13113	75
2026-05-27T16:28:26.842	WT901BLE68(F3:F0:16:BF:DC:AE)	-0.508	0.023	0.547	34.851	-19.653	-26.611	3.76	30.60	-113.56	-84.420	-0.813	-3.780	-0.60654	-0.23630	-0.11847	0.74976	26.4	null	null	13113	75
2026-05-27T16:28:26.962	WT901BLE68(F3:F0:16:BF:DC:AE)	-0.349	0.159	0.623	95.581	-24.353	-12.451	8.53	27.73	-118.31	-84.420	-0.813	-3.780	-0.60654	-0.23630	-0.11847	0.74976	26.4	null	null	13113	75
2026-05-27T16:28:27.056	WT901BLE68(F3:F0:16:BF:DC:AE)	-0.304	0.577	0.606	156.677	-207.581	4.395	20.47	16.00	-122.77	-84.420	-0.813	-3.780	-0.60654	-0.23630	-0.11847	0.74976	26.4	null	null	13113	75
2026-05-27T16:28:27.174	WT901BLE68(F3:F0:16:BF:DC:AE)	0.519	0.828	1.106	62.561	-119.934	13.489	31.67	1.92	-129.26	-84.420	-0.813	-3.780	-0.60654	-0.23630	-0.11847	0.74976	26.4	null	null	13113	75
2026-05-27T16:28:27.261	WT901BLE68(F3:F0:16:BF:DC:AE)	0.097	0.754	1.162	4.395	8.484	13.000	35.23	-0.56	-128.08	-84.420	-0.813	-3.780	-0.60654	-0.23630	-0.11847	0.74976	26.4	null	null	13113	75
2026-05-27T16:28:27.385	WT901BLE68(F3:F0:16:BF:DC:AE)	0.072	0.644	0.843	-9.644	14.343	14.038	34.28	-1.03	-125.24	-84.420	-0.813	-3.780	-0.60654	-0.23630	-0.11847	0.74976	26.4	null	null	13113	75
2026-05-27T16:28:27.443	WT901BLE68(F3:F0:16:BF:DC:AE)	0.147	0.752	0.809	-18.555	20.203	13.245	33.39	-1.33	-123.00	-52.680	-5.793	24.560	-0.60654	-0.23630	-0.11847	0.74976	26.4	null	null	13113	75
2026-05-27T16:28:27.563	WT901BLE68(F3:F0:16:BF:DC:AE)	0.081	0.739	0.738	-32.227	109.253	18.677	31.14	4.06	-116.97	-52.680	-5.793	24.560	-0.60654	-0.23630	-0.11847	0.74976	26.4	null	null	13113	75
2026-05-27T16:28:27.650	WT901BLE68(F3:F0:16:BF:DC:AE)	-0.077	0.628	0.851	-40.527	112.854	57.861	29.50	11.12	-107.73	-52.680	-5.793	24.560	-0.50873	-0.18765	0.19223	0.81787	26.4	null	null	13113	75
2026-05-27T16:28:27.774	WT901BLE68(F3:F0:16:BF:DC:AE)	-0.361	0.476	0.819	-49.622	79.102	99.609	28.81	16.27	-94.30	-52.680	-5.793	24.560	-0.50873	-0.18765	0.19223	0.81787	26.4	null	null	13113	75
2026-05-27T16:28:27.862	WT901BLE68(F3:F0:16:BF:DC:AE)	-0.465	0.464	0.842	-56.580	58.350	111.450	27.46	16.29	-81.28	-52.680	-5.793	24.560	-0.50873	-0.18765	0.19223	0.81787	26.4	null	null	13113	75
2026-05-27T16:28:27.985	WT901BLE68(F3:F0:16:BF:DC:AE)	-0.502	0.425	0.851	-81.177	71.167	97.473	24.36	17.85	-68.27	-52.680	-5.793	24.560	-0.50873	-0.18765	0.19223	0.81787	26.4	null	null	13113	75
2026-05-27T16:28:28.074	WT901BLE68(F3:F0:16:BF:DC:AE)	-0.529	0.293	0.959	-100.220	79.468	75.439	19.38	22.21	-56.48	-52.680	-5.793	24.560	-0.50873	-0.18765	0.19223	0.81787	26.4	null	null	13113	75
2026-05-27T16:28:28.194	WT901BLE68(F3:F0:16:BF:DC:AE)	-0.580	0.166	1.013	-123.718	68.604	54.626	12.02	27.28	-47.31	-52.680	-5.793	24.560	-0.50873	-0.18765	0.19223	0.81787	26.4	null	null	13113	75
2026-05-27T16:28:28.252	WT901BLE68(F3:F0:16:BF:DC:AE)	-0.708	0.021	0.819	-138.245	50.842	28.687	1.81	33.21	-41.47	-52.680	-5.793	24.560	-0.50873	-0.18765	0.19223	0.81787	26.4	null	null	13113	75
2026-05-27T16:28:28.372	WT901BLE68(F3:F0:16:BF:DC:AE)	-0.814	-0.162	0.550	-115.601	29.663	0.061	-9.81	38.24	-40.03	-82.433	2.453	1.813	-0.50873	-0.18765	0.19223	0.81787	26.4	null	null	13113	75
2026-05-27T16:28:28.461	WT901BLE68(F3:F0:16:BF:DC:AE)	-0.687	-0.326	0.472	-75.867	-1.160	-13.000	-19.61	39.02	-40.83	-82.433	2.453	1.813	-0.50873	-0.18765	0.19223	0.81787	26.4	null	null	13113	75
2026-05-27T16:28:28.582	WT901BLE68(F3:F0:16:BF:DC:AE)	-0.479	-0.397	0.411	-44.861	-13.062	2.625	-26.02	38.87	-41.35	-82.433	2.453	1.813	-0.88687	0.06503	-0.37436	0.26266	26.4	null	null	13113	75
2026-05-27T16:28:28.690	WT901BLE68(F3:F0:16:BF:DC:AE)	-0.383	-0.361	0.267	-19.348	32.349	50.354	-27.71	40.59	-37.71	-82.433	2.453	1.813	-0.88687	0.06503	-0.37436	0.26266	26.4	null	null	13113	75
2026-05-27T16:28:28.794	WT901BLE68(F3:F0:16:BF:DC:AE)	-0.709	-0.118	-0.087	29.907	70.190	69.031	-25.74	50.47	-34.12	-82.433	2.453	1.813	-0.88687	0.06503	-0.37436	0.26266	26.4	null	null	13113	75
2026-05-27T16:28:28.851	WT901BLE68(F3:F0:16:BF:DC:AE)	-0.961	0.055	0.226	135.193	-57.861	28.320	-11.40	51.20	-24.80	-82.433	2.453	1.813	-0.88687	0.06503	-0.37436	0.26266	26.4	null	null	13113	75
2026-05-27T16:28:28.973	WT901BLE68(F3:F0:16:BF:DC:AE)	-0.916	0.184	1.023	108.398	-81.482	-21.301	1.91	44.88	-23.92	-82.433	2.453	1.813	-0.88687	0.06503	-0.37436	0.26266	26.4	null	null	13113	75
2026-05-27T16:28:29.064	WT901BLE68(F3:F0:16:BF:DC:AE)	-0.604	-0.064	1.444	38.025	6.592	-31.128	5.17	40.87	-27.60	-82.433	2.453	1.813	-0.88687	0.06503	-0.37436	0.26266	26.4	null	null	13113	75
2026-05-27T16:28:29.183	WT901BLE68(F3:F0:16:BF:DC:AE)	-0.616	-0.061	1.370	-41.199	-35.828	-14.832	2.35	39.17	-30.12	-82.433	2.453	1.813	-0.88687	0.06503	-0.37436	0.26266	26.4	null	null	13113	75
2026-05-27T16:28:29.275	WT901BLE68(F3:F0:16:BF:DC:AE)	-0.628	0.003	0.868	-93.323	84.778	1.770	-5.64	42.60	-30.22	-82.433	2.453	1.813	-0.88687	0.06503	-0.37436	0.26266	26.4	null	null	13113	75
2026-05-27T16:28:29.392	WT901BLE68(F3:F0:16:BF:DC:AE)	-0.594	-0.036	0.460	-102.356	69.824	15.015	-15.61	49.21	-30.01	-85.473	3.493	-1.367	-0.88687	0.06503	-0.37436	0.26266	26.4	null	null	13113	75
2026-05-27T16:28:29.483	WT901BLE68(F3:F0:16:BF:DC:AE)	-0.695	-0.087	0.066	-64.392	211.182	20.508	-29.54	64.19	-37.52	-85.473	3.493	-1.367	-0.84262	0.03696	-0.51715	0.14505	26.4	null	null	13113	75
2026-05-27T16:28:29.605	WT901BLE68(F3:F0:16:BF:DC:AE)	-0.734	-0.052	-0.359	-31.738	13.428	34.302	-44.48	74.90	-47.34	-85.473	3.493	-1.367	-0.84262	0.03696	-0.51715	0.14505	26.4	null	null	13113	75
2026-05-27T16:28:29.663	WT901BLE68(F3:F0:16:BF:DC:AE)	-0.888	-0.012	-0.382	93.079	-41.138	37.231	-31.31	75.81	-31.83	-85.473	3.493	-1.367	-0.84262	0.03696	-0.51715	0.14505	26.4	null	null	13113	75
2026-05-27T16:28:29.784	WT901BLE68(F3:F0:16:BF:DC:AE)	-1.158	0.202	0.297	155.945	-87.463	8.301	-7.67	69.81	-15.72	-85.473	3.493	-1.367	-0.84262	0.03696	-0.51715	0.14505	26.4	null	null	13113	75
2026-05-27T16:28:29.873	WT901BLE68(F3:F0:16:BF:DC:AE)	-1.039	0.116	1.008	79.285	-75.562	-41.992	1.57	60.77	-24.09	-85.473	3.493	-1.367	-0.84262	0.03696	-0.51715	0.14505	26.4	null	null	13113	75
2026-05-27T16:28:29.993	WT901BLE68(F3:F0:16:BF:DC:AE)	-0.897	-0.062	1.060	-9.033	-12.329	-20.142	-1.96	58.08	-35.26	-85.473	3.493	-1.367	-0.84262	0.03696	-0.51715	0.14505	26.4	null	null	13113	75
2026-05-27T16:28:30.087	WT901BLE68(F3:F0:16:BF:DC:AE)	-0.829	-0.073	0.738	-92.224	19.043	10.742	-7.53	56.24	-38.89	-85.473	3.493	-1.367	-0.84262	0.03696	-0.51715	0.14505	26.4	null	null	13113	75
2026-05-27T16:28:30.207	WT901BLE68(F3:F0:16:BF:DC:AE)	-0.506	-0.101	0.599	-151.489	-107.239	62.561	-14.27	51.61	-35.98	-85.473	3.493	-1.367	-0.84262	0.03696	-0.51715	0.14505	26.4	null	null	13113	75
2026-05-27T16:28:30.260	WT901BLE68(F3:F0:16:BF:DC:AE)	-0.794	0.177	-0.013	-101.074	103.149	73.120	-18.35	54.23	-28.42	-87.133	3.100	-6.740	-0.84262	0.03696	-0.51715	0.14505	26.4	null	null	13113	75
2026-05-27T16:28:30.386	WT901BLE68(F3:F0:16:BF:DC:AE)	-0.836	-0.021	-0.222	17.883	-167.908	7.080	-15.52	55.18	-23.51	-87.133	3.100	-6.740	-0.84262	0.03696	-0.51715	0.14505	26.4	null	null	13113	75
2026-05-27T16:28:30.473	WT901BLE68(F3:F0:16:BF:DC:AE)	-0.745	0.020	0.294	117.249	-92.468	-46.570	-7.97	43.54	-20.92	-87.133	3.100	-6.740	-0.89072	0.02689	-0.43945	0.11261	26.4	null	null	13113	75
2026-05-27T16:28:30.596	WT901BLE68(F3:F0:16:BF:DC:AE)	-0.567	0.139	0.942	132.568	-66.772	-67.993	0.34	35.86	-25.66	-87.133	3.100	-6.740	-0.89072	0.02689	-0.43945	0.11261	26.4	null	null	13113	75
2026-05-27T16:28:30.685	WT901BLE68(F3:F0:16:BF:DC:AE)	-0.354	0.198	1.568	58.472	-36.255	-52.368	6.58	31.71	-31.85	-87.133	3.100	-6.740	-0.89072	0.02689	-0.43945	0.11261	26.4	null	null	13113	75
2026-05-27T16:28:30.808	WT901BLE68(F3:F0:16:BF:DC:AE)	-0.350	0.147	1.440	-24.292	64.941	-23.071	6.50	32.81	-34.28	-87.133	3.100	-6.740	-0.89072	0.02689	-0.43945	0.11261	26.4	null	null	13113	75
2026-05-27T16:28:30.892	WT901BLE68(F3:F0:16:BF:DC:AE)	-0.579	-0.055	0.842	-56.519	154.663	-4.761	2.18	42.78	-32.97	-87.133	3.100	-6.740	-0.89072	0.02689	-0.43945	0.11261	26.4	null	null	13113	75
2026-05-27T16:28:31.014	WT901BLE68(F3:F0:16:BF:DC:AE)	-0.776	-0.044	0.371	-59.021	166.748	4.272	-2.82	57.41	-30.71	-87.133	3.100	-6.740	-0.89072	0.02689	-0.43945	0.11261	26.4	null	null	13113	75
2026-05-27T16:28:31.072	WT901BLE68(F3:F0:16:BF:DC:AE)	-0.939	-0.001	-0.291	-58.777	111.023	-8.240	-12.69	72.86	-33.48	-86.767	7.640	-23.067	-0.89072	0.02689	-0.43945	0.11261	26.4	null	null	13113	75
2026-05-27T16:28:31.199	WT901BLE68(F3:F0:16:BF:DC:AE)	-0.791	-0.110	-0.711	70.618	28.870	-2.991	-31.64	78.89	-47.44	-86.767	7.640	-23.067	-0.89072	0.02689	-0.43945	0.11261	26.4	null	null	13113	75
2026-05-27T16:28:31.285	WT901BLE68(F3:F0:16:BF:DC:AE)	-1.068	0.187	-0.431	188.904	-73.059	-1.099	-22.73	76.72	-45.19	-86.767	7.640	-23.067	-0.89072	0.02689	-0.43945	0.11261	26.4	null	null	13113	75
2026-05-27T16:28:31.406	WT901BLE68(F3:F0:16:BF:DC:AE)	-1.124	0.376	-0.014	211.670	-184.204	-47.729	2.85	64.73	-45.26	-86.767	7.640	-23.067	-0.76331	-0.11664	-0.59988	0.20926	26.4	null	null	13113	75
2026-05-27T16:28:31.494	WT901BLE68(F3:F0:16:BF:DC:AE)	-0.883	0.685	0.566	165.710	-109.436	-128.296	10.71	49.76	-65.01	-86.767	7.640	-23.067	-0.76331	-0.11664	-0.59988	0.20926	26.4	null	null	13113	75
2026-05-27T16:28:31.616	WT901BLE68(F3:F0:16:BF:DC:AE)	-0.196	0.625	0.597	120.544	-233.215	-104.736	11.66	38.13	-88.41	-86.767	7.640	-23.067	-0.76331	-0.11664	-0.59988	0.20926	26.4	null	null	13113	75
2026-05-27T16:28:31.675	WT901BLE68(F3:F0:16:BF:DC:AE)	0.610	0.428	0.604	159.119	-162.964	-34.668	20.72	14.64	-104.19	-86.767	7.640	-23.067	-0.76331	-0.11664	-0.59988	0.20926	26.4	null	null	13113	75
2026-05-27T16:28:31.796	WT901BLE68(F3:F0:16:BF:DC:AE)	0.430	0.755	1.053	83.435	-103.821	-13.367	33.55	1.25	-113.25	-86.767	7.640	-23.067	-0.76331	-0.11664	-0.59988	0.20926	26.4	null	null	13113	75
2026-05-27T16:28:31.913	WT901BLE68(F3:F0:16:BF:DC:AE)	0.104	0.830	1.040	51.575	61.584	-2.014	40.14	0.55	-113.36	-86.767	7.640	-23.067	-0.76331	-0.11664	-0.59988	0.20926	26.4	null	null	13113	75
2026-05-27T16:28:32.002	WT901BLE68(F3:F0:16:BF:DC:AE)	0.087	0.746	1.046	9.583	2.014	-2.869	43.17	2.85	-111.01	-58.533	-1.353	20.840	-0.76331	-0.11664	-0.59988	0.20926	26.4	null	null	13113	75
2026-05-27T16:28:32.095	WT901BLE68(F3:F0:16:BF:DC:AE)	0.057	0.786	0.917	-30.212	61.646	16.296	41.75	3.97	-108.05	-58.533	-1.353	20.840	-0.76331	-0.11664	-0.59988	0.20926	26.4	null	null	13113	75
2026-05-27T16:28:32.213	WT901BLE68(F3:F0:16:BF:DC:AE)	0.066	0.755	0.717	-55.176	52.673	36.743	37.72	6.50	-101.92	-58.533	-1.353	20.840	-0.76331	-0.11664	-0.59988	0.20926	26.4	null	null	13113	75
2026-05-27T16:28:32.305	WT901BLE68(F3:F0:16:BF:DC:AE)	0.102	0.695	0.724	-37.964	28.259	103.088	33.92	3.86	-94.75	-58.533	-1.353	20.840	-0.60696	-0.23630	0.19867	0.73224	26.4	null	null	13113	75
2026-05-27T16:28:32.427	WT901BLE68(F3:F0:16:BF:DC:AE)	-0.153	0.782	0.854	-39.063	120.789	133.240	32.06	3.38	-80.83	-58.533	-1.353	20.840	-0.60696	-0.23630	0.19867	0.73224	26.4	null	null	13113	75
2026-05-27T16:28:32.487	WT901BLE68(F3:F0:16:BF:DC:AE)	-0.365	0.737	0.844	-95.947	202.515	119.934	27.80	9.43	-62.90	-58.533	-1.353	20.840	-0.60696	-0.23630	0.19867	0.73224	26.4	null	null	13113	75
2026-05-27T16:28:32.602	WT901BLE68(F3:F0:16:BF:DC:AE)	-0.844	0.473	0.392	-137.085	245.300	58.777	23.21	28.32	-43.08	-58.533	-1.353	20.840	-0.60696	-0.23630	0.19867	0.73224	26.4	null	null	13113	75
2026-05-27T16:28:32.695	WT901BLE68(F3:F0:16:BF:DC:AE)	-1.000	0.091	0.337	-121.826	91.736	17.395	17.25	41.76	-32.43	-58.533	-1.353	20.840	-0.60696	-0.23630	0.19867	0.73224	26.4	null	null	13113	75
2026-05-27T16:28:32.816	WT901BLE68(F3:F0:16:BF:DC:AE)	-1.026	-0.112	0.439	-86.304	25.940	-8.423	9.52	48.35	-29.89	-58.533	-1.353	20.840	-0.60696	-0.23630	0.19867	0.73224	26.4	null	null	13113	75
2026-05-27T16:28:32.906	WT901BLE68(F3:F0:16:BF:DC:AE)	-0.902	-0.171	0.550	-68.726	13.245	-30.884	-0.69	49.97	-32.57	-85.387	8.100	-14.553	-0.60696	-0.23630	0.19867	0.73224	26.4	null	null	13113	75
2026-05-27T16:28:33.025	WT901BLE68(F3:F0:16:BF:DC:AE)	-0.903	-0.272	0.492	-54.382	16.113	-47.974	-12.76	53.00	-39.85	-85.387	8.100	-14.553	-0.60696	-0.23630	0.19867	0.73224	26.4	null	null	13113	75
2026-05-27T16:28:33.117	WT901BLE68(F3:F0:16:BF:DC:AE)	-0.677	-0.355	0.480	-41.809	-59.875	-20.752	-21.10	49.62	-43.78	-85.387	8.100	-14.553	-0.85333	-0.01071	-0.45056	0.26190	26.4	null	null	13113	75
2026-05-27T16:28:33.207	WT901BLE68(F3:F0:16:BF:DC:AE)	-0.533	-0.279	0.425	-34.241	-73.975	24.292	-21.83	42.25	-38.69	-85.387	8.100	-14.553	-0.85333	-0.01071	-0.45056	0.26190	26.4	null	null	13113	75
2026-05-27T16:28:33.293	WT901BLE68(F3:F0:16:BF:DC:AE)	-0.694	-0.064	0.321	-26.672	117.554	51.758	-22.79	47.42	-34.82	-85.387	8.100	-14.553	-0.85333	-0.01071	-0.45056	0.26190	26.4	null	null	13113	75
2026-05-27T16:28:33.415	WT901BLE68(F3:F0:16:BF:DC:AE)	-0.855	-0.026	-0.102	46.326	-5.981	26.001	-19.80	53.16	-30.14	-85.387	8.100	-14.553	-0.85333	-0.01071	-0.45056	0.26190	26.4	null	null	13113	75
2026-05-27T16:28:33.503	WT901BLE68(F3:F0:16:BF:DC:AE)	-0.459	0.017	0.201	104.309	-35.583	-21.301	-11.24	52.19	-27.98	-85.387	8.100	-14.553	-0.85333	-0.01071	-0.45056	0.26190	26.4	null	null	13113	75
2026-05-27T16:28:33.626	WT901BLE68(F3:F0:16:BF:DC:AE)	-0.929	-0.150	0.931	78.186	-45.959	-36.865	-5.09	49.20	-32.13	-85.387	8.100	-14.553	-0.85333	-0.01071	-0.45056	0.26190	26.4	null	null	13113	75
2026-05-27T16:28:33.714	WT901BLE68(F3:F0:16:BF:DC:AE)	-0.622	-0.205	1.288	8.606	-17.944	-31.311	-4.47	44.10	-36.35	-85.387	8.100	-14.553	-0.85333	-0.01071	-0.45056	0.26190	26.4	null	null	13113	75
2026-05-27T16:28:33.834	WT901BLE68(F3:F0:16:BF:DC:AE)	-0.660	-0.159	1.007	-48.706	30.701	-4.822	-8.87	44.91	-38.69	-86.427	0.907	-5.287	-0.85333	-0.01071	-0.45056	0.26190	26.4	null	null	13113	75
2026-05-27T16:28:33.892	WT901BLE68(F3:F0:16:BF:DC:AE)	-0.749	-0.200	0.705	-69.702	74.524	11.841	-15.70	49.95	-39.40	-86.427	0.907	-5.287	-0.85333	-0.01071	-0.45056	0.26190	26.4	null	null	13113	75
2026-05-27T16:28:34.015	WT901BLE68(F3:F0:16:BF:DC:AE)	-0.708	-0.025	0.314	-94.238	62.683	30.334	-24.40	57.59	-40.07	-86.427	0.907	-5.287	-0.85333	-0.01071	-0.45056	0.26190	26.4	null	null	13113	75
2026-05-27T16:28:34.100	WT901BLE68(F3:F0:16:BF:DC:AE)	-0.749	0.039	-0.042	-56.030	96.436	14.282	-38.09	67.71	-47.49	-86.427	0.907	-5.287	-0.82858	0.02576	-0.53036	0.17725	26.4	null	null	13113	75
2026-05-27T16:28:34.226	WT901BLE68(F3:F0:16:BF:DC:AE)	-0.829	-0.100	-0.270	47.485	-57.129	35.583	-34.64	70.33	-41.52	-86.427	0.907	-5.287	-0.82858	0.02576	-0.53036	0.17725	26.4	null	null	13113	75
2026-05-27T16:28:34.317	WT901BLE68(F3:F0:16:BF:DC:AE)	-0.907	0.019	0.155	103.760	-23.193	22.095	-18.37	67.96	-26.51	-86.427	0.907	-5.287	-0.82858	0.02576	-0.53036	0.17725	26.4	null	null	13113	75
2026-05-27T16:28:34.436	WT901BLE68(F3:F0:16:BF:DC:AE)	-1.083	-0.010	0.724	79.956	-30.640	7.996	-4.41	65.33	-19.34	-86.427	0.907	-5.287	-0.82858	0.02576	-0.53036	0.17725	26.4	null	null	13113	75
2026-05-27T16:28:34.497	WT901BLE68(F3:F0:16:BF:DC:AE)	-1.192	-0.036	1.031	12.512	-2.991	-8.240	-0.57	65.06	-18.50	-86.427	0.907	-5.287	-0.82858	0.02576	-0.53036	0.17725	26.4	null	null	13113	75
2026-05-27T16:28:34.614	WT901BLE68(F3:F0:16:BF:DC:AE)	-0.923	-0.024	0.736	-60.974	12.878	-11.292	-6.12	63.49	-19.57	-86.427	0.907	-5.287	-0.82858	0.02576	-0.53036	0.17725	26.4	null	null	13113	75
2026-05-27T16:28:34.707	WT901BLE68(F3:F0:16:BF:DC:AE)	-0.918	-0.065	0.379	-75.073	42.297	-7.080	-15.76	66.17	-21.56	-86.427	0.907	-5.287	-0.82858	0.02576	-0.53036	0.17725	26.4	null	null	13113	75
2026-05-27T16:28:34.826	WT901BLE68(F3:F0:16:BF:DC:AE)	-0.832	-0.037	0.125	-71.655	21.179	3.113	-24.87	68.76	-22.96	-87.860	5.467	-24.007	-0.82858	0.02576	-0.53036	0.17725	26.4	null	null	13113	75
2026-05-27T16:28:34.914	WT901BLE68(F3:F0:16:BF:DC:AE)	-0.713	-0.029	-0.303	-22.339	-23.682	9.949	-26.23	69.09	-18.76	-87.860	5.467	-24.007	-0.82858	0.02576	-0.53036	0.17725	26.4	null	null	13113	75
2026-05-27T16:28:35.035	WT901BLE68(F3:F0:16:BF:DC:AE)	-0.792	-0.011	-0.210	78.247	-41.199	15.686	-20.44	67.14	-9.91	-87.860	5.467	-24.007	-0.81400	0.10175	-0.57175	-0.00888	26.4	null	null	13113	75
2026-05-27T16:28:35.122	WT901BLE68(F3:F0:16:BF:DC:AE)	-0.980	-0.005	0.373	119.934	-57.800	8.667	-8.49	63.10	-2.24	-87.860	5.467	-24.007	-0.81400	0.10175	-0.57175	-0.00888	26.4	null	null	13113	75
2026-05-27T16:28:35.248	WT901BLE68(F3:F0:16:BF:DC:AE)	-1.156	0.054	1.148	48.523	-0.488	-7.568	0.31	62.18	-0.12	-87.860	5.467	-24.007	-0.81400	0.10175	-0.57175	-0.00888	26.4	null	null	13113	75
2026-05-27T16:28:35.303	WT901BLE68(F3:F0:16:BF:DC:AE)	-0.995	0.076	0.953	-48.035	17.883	-18.311	-3.18	61.66	-0.43	-87.860	5.467	-24.007	-0.81400	0.10175	-0.57175	-0.00888	26.4	null	null	13113	75
2026-05-27T16:28:35.426	WT901BLE68(F3:F0:16:BF:DC:AE)	-0.895	-0.062	0.455	-71.289	62.744	-27.222	-14.74	65.04	-4.43	-87.860	5.467	-24.007	-0.81400	0.10175	-0.57175	-0.00888	26.4	null	null	13113	75
2026-05-27T16:28:35.516	WT901BLE68(F3:F0:16:BF:DC:AE)	-0.771	-0.167	0.129	-72.327	141.907	-30.640	-41.47	73.75	-24.25	-87.860	5.467	-24.007	-0.81400	0.10175	-0.57175	-0.00888	26.4	null	null	13113	75
2026-05-27T16:28:35.633	WT901BLE68(F3:F0:16:BF:DC:AE)	-0.776	-0.173	-0.476	-57.922	111.938	-19.470	-105.34	75.79	-81.46	-87.860	5.467	-24.007	-0.81400	0.10175	-0.57175	-0.00888	26.4	null	null	13113	75
2026-05-27T16:28:35.724	WT901BLE68(F3:F0:16:BF:DC:AE)	-0.468	-0.169	-0.803	60.913	-41.870	59.082	-113.45	76.12	-84.66	-84.253	2.587	-45.993	-0.81400	0.10175	-0.57175	-0.00888	26.4	null	null	13113	75
2026-05-27T16:28:35.857	WT901BLE68(F3:F0:16:BF:DC:AE)	-0.812	0.080	-0.605	143.127	-36.255	92.224	-105.49	82.12	-81.88	-84.253	2.587	-45.993	-0.81400	0.10175	-0.57175	-0.00888	26.4	null	null	13113	75
2026-05-27T16:28:35.906	WT901BLE68(F3:F0:16:BF:DC:AE)	-1.148	0.407	-0.389	199.951	-111.511	80.261	-1.83	85.75	10.64	-84.253	2.587	-45.993	-0.70502	0.13293	-0.69077	-0.08951	26.4	null	null	13113	75
2026-05-27T16:28:36.023	WT901BLE68(F3:F0:16:BF:DC:AE)	-1.231	0.715	0.064	215.576	-198.486	0.000	22.31	72.06	19.75	-84.253	2.587	-45.993	-0.70502	0.13293	-0.69077	-0.08951	26.4	null	null	13113	75
2026-05-27T16:28:36.117	WT901BLE68(F3:F0:16:BF:DC:AE)	-0.932	0.673	0.372	172.913	-69.519	-82.520	19.43	61.13	-1.20	-84.253	2.587	-45.993	-0.70502	0.13293	-0.69077	-0.08951	26.4	null	null	13113	75
2026-05-27T16:28:36.236	WT901BLE68(F3:F0:16:BF:DC:AE)	-0.851	0.656	0.596	114.075	-287.903	-57.678	18.18	48.89	-27.17	-84.253	2.587	-45.993	-0.70502	0.13293	-0.69077	-0.08951	26.4	null	null	13113	75
2026-05-27T16:28:36.326	WT901BLE68(F3:F0:16:BF:DC:AE)	0.445	0.500	0.282	87.708	-396.362	-56.030	19.01	7.09	-53.53	-84.253	2.587	-45.993	-0.70502	0.13293	-0.69077	-0.08951	26.4	null	null	13113	75
2026-05-27T16:28:36.445	WT901BLE68(F3:F0:16:BF:DC:AE)	0.642	0.780	0.845	70.374	-100.525	-18.494	31.43	-14.96	-71.72	-84.253	2.587	-45.993	-0.70502	0.13293	-0.69077	-0.08951	26.4	null	null	13113	75
2026-05-27T16:28:36.533	WT901BLE68(F3:F0:16:BF:DC:AE)	0.245	0.825	0.974	31.677	42.542	-5.188	37.73	-14.64	-74.57	-48.947	-7.300	25.447	-0.70502	0.13293	-0.69077	-0.08951	26.4	null	null	13113	75
2026-05-27T16:28:36.651	WT901BLE68(F3:F0:16:BF:DC:AE)	0.252	0.726	0.905	9.033	16.846	5.249	39.75	-13.26	-75.55	-48.947	-7.300	25.447	-0.70502	0.13293	-0.69077	-0.08951	26.4	null	null	13113	75
2026-05-27T16:28:36.711	WT901BLE68(F3:F0:16:BF:DC:AE)	0.134	0.786	0.750	-14.832	72.266	13.916	39.12	-10.59	-74.11	-48.947	-7.300	25.447	-0.76526	-0.21106	0.27664	0.54147	26.4	null	null	13113	75
2026-05-27T16:28:36.834	WT901BLE68(F3:F0:16:BF:DC:AE)	0.000	0.834	0.702	-36.072	127.197	23.499	36.03	-4.52	-68.98	-48.947	-7.300	25.447	-0.76526	-0.21106	0.27664	0.54147	26.4	null	null	13113	75
2026-05-27T16:28:36.926	WT901BLE68(F3:F0:16:BF:DC:AE)	-0.227	0.680	0.725	-50.720	139.404	51.025	32.72	5.07	-60.26	-48.947	-7.300	25.447	-0.76526	-0.21106	0.27664	0.54147	26.4	null	null	13113	75
2026-05-27T16:28:37.048	WT901BLE68(F3:F0:16:BF:DC:AE)	-0.450	0.564	0.796	-79.163	136.963	81.482	29.49	13.49	-49.20	-48.947	-7.300	25.447	-0.76526	-0.21106	0.27664	0.54147	26.4	null	null	13113	75
2026-05-27T16:28:37.136	WT901BLE68(F3:F0:16:BF:DC:AE)	-0.650	0.517	0.721	-129.700	145.386	89.661	24.24	21.80	-36.20	-48.947	-7.300	25.447	-0.76526	-0.21106	0.27664	0.54147	26.4	null	null	13113	75
2026-05-27T16:28:37.256	WT901BLE68(F3:F0:16:BF:DC:AE)	-0.754	0.387	0.603	-160.400	76.843	83.252	16.35	29.96	-23.96	-48.947	-7.300	25.447	-0.76526	-0.21106	0.27664	0.54147	26.4	null	null	13113	75
2026-05-27T16:28:37.314	WT901BLE68(F3:F0:16:BF:DC:AE)	-0.769	0.242	0.694	-145.569	28.381	81.116	7.84	33.01	-14.74	-48.947	-7.300	25.447	-0.76526	-0.21106	0.27664	0.54147	26.4	null	null	13113	75
2026-05-27T16:28:37.436	WT901BLE68(F3:F0:16:BF:DC:AE)	-0.928	0.195	0.614	-140.320	52.856	57.800	0.17	36.77	-6.79	-48.947	-7.300	25.447	-0.76526	-0.21106	0.27664	0.54147	26.4	null	null	13113	75
2026-05-27T16:28:37.521	WT901BLE68(F3:F0:16:BF:DC:AE)	-0.868	-0.002	0.410	-121.704	33.630	17.029	-9.07	41.66	-3.52	-82.667	9.873	-7.507	-0.76526	-0.21106	0.27664	0.54147	26.4	null	null	13113	75
2026-05-27T16:28:37.646	WT901BLE68(F3:F0:16:BF:DC:AE)	-0.837	-0.248	0.268	-88.257	60.425	-6.348	-19.20	47.02	-5.27	-82.667	9.873	-7.507	-0.76526	-0.21106	0.27664	0.54147	26.4	null	null	13113	75
2026-05-27T16:28:37.732	WT901BLE68(F3:F0:16:BF:DC:AE)	-0.908	-0.421	0.276	-29.541	23.804	-23.804	-29.20	51.90	-11.34	-82.667	9.873	-7.507	-0.89218	0.15817	-0.42209	-0.02707	26.4	null	null	13113	75
2026-05-27T16:28:37.856	WT901BLE68(F3:F0:16:BF:DC:AE)	-0.845	-0.449	0.495	-11.536	-9.338	-27.161	-34.28	51.42	-15.71	-82.667	9.873	-7.507	-0.89218	0.15817	-0.42209	-0.02707	26.4	null	null	13113	75
2026-05-27T16:28:37.944	WT901BLE68(F3:F0:16:BF:DC:AE)	-0.691	-0.415	0.497	-10.559	16.174	-12.573	-37.90	50.45	-19.14	-82.667	9.873	-7.507	-0.89218	0.15817	-0.42209	-0.02707	26.4	null	null	13113	75
2026-05-27T16:28:38.068	WT901BLE68(F3:F0:16:BF:DC:AE)	-0.565	-0.221	0.342	-16.846	19.592	27.649	-38.89	51.15	-18.89	-82.667	9.873	-7.507	-0.89218	0.15817	-0.42209	-0.02707	26.4	null	null	13113	75
2026-05-27T16:28:38.122	WT901BLE68(F3:F0:16:BF:DC:AE)	-0.727	0.029	-0.062	6.042	63.782	54.016	-39.87	58.22	-19.95	-82.667	9.873	-7.507	-0.89218	0.15817	-0.42209	-0.02707	26.4	null	null	13113	75
2026-05-27T16:28:38.247	WT901BLE68(F3:F0:16:BF:DC:AE)	-0.753	0.140	-0.282	76.538	6.287	56.274	-32.09	65.06	-13.72	-82.667	9.873	-7.507	-0.89218	0.15817	-0.42209	-0.02707	26.4	null	null	13113	75
2026-05-27T16:28:38.336	WT901BLE68(F3:F0:16:BF:DC:AE)	-1.184	0.202	0.226	144.958	8.911	60.791	-11.77	69.54	1.82	-82.667	9.873	-7.507	-0.89218	0.15817	-0.42209	-0.02707	26.4	null	null	13113	75
2026-05-27T16:28:38.452	WT901BLE68(F3:F0:16:BF:DC:AE)	-1.481	0.152	0.946	83.740	-11.719	9.888	11.29	69.10	9.64	-85.680	14.667	-25.220	-0.89218	0.15817	-0.42209	-0.02707	26.4	null	null	13113	75
2026-05-27T16:28:38.542	WT901BLE68(F3:F0:16:BF:DC:AE)	-1.263	0.185	1.005	-21.118	-52.429	-55.786	6.08	65.89	-3.74	-85.680	14.667	-25.220	-0.83081	-0.06607	-0.55115	0.03928	26.4	null	null	13113	75
2026-05-27T16:28:38.669	WT901BLE68(F3:F0:16:BF:DC:AE)	-0.957	0.017	0.523	-75.806	-2.930	-68.481	-13.67	63.10	-23.81	-85.680	14.667	-25.220	-0.83081	-0.06607	-0.55115	0.03928	26.4	null	null	13113	75
2026-05-27T16:28:38.725	WT901BLE68(F3:F0:16:BF:DC:AE)	-0.743	-0.115	0.291	-76.660	-18.921	-41.199	-28.37	58.79	-36.75	-85.680	14.667	-25.220	-0.83081	-0.06607	-0.55115	0.03928	26.4	null	null	13113	75
2026-05-27T16:28:38.851	WT901BLE68(F3:F0:16:BF:DC:AE)	-0.759	-0.118	0.063	-50.964	-28.625	0.488	-34.56	56.58	-41.81	-85.680	14.667	-25.220	-0.83081	-0.06607	-0.55115	0.03928	26.4	null	null	13113	75
2026-05-27T16:28:38.934	WT901BLE68(F3:F0:16:BF:DC:AE)	-0.653	-0.013	-0.169	23.315	-50.171	24.780	-28.35	53.77	-35.70	-85.680	14.667	-25.220	-0.83081	-0.06607	-0.55115	0.03928	26.4	null	null	13113	75
2026-05-27T16:28:39.057	WT901BLE68(F3:F0:16:BF:DC:AE)	-0.798	0.021	0.150	111.145	-20.142	9.277	-18.20	52.87	-28.93	-85.680	14.667	-25.220	-0.83081	-0.06607	-0.55115	0.03928	26.4	null	null	13113	75
2026-05-27T16:28:39.144	WT901BLE68(F3:F0:16:BF:DC:AE)	-0.984	0.028	0.979	109.741	-33.630	-15.625	-5.92	51.99	-29.35	-85.680	14.667	-25.220	-0.83081	-0.06607	-0.55115	0.03928	26.4	null	null	13113	75
2026-05-27T16:28:39.263	WT901BLE68(F3:F0:16:BF:DC:AE)	-0.836	-0.012	1.386	14.221	-16.846	-31.372	-2.70	49.41	-33.50	-85.680	14.667	-25.220	-0.83081	-0.06607	-0.55115	0.03928	26.4	null	null	13113	75
2026-05-27T16:28:39.319	WT901BLE68(F3:F0:16:BF:DC:AE)	-0.762	-0.069	0.919	-57.861	30.457	-22.705	-9.06	49.80	-38.43	-86.733	4.727	-10.740	-0.83081	-0.06607	-0.55115	0.03928	26.4	null	null	13113	75
2026-05-27T16:28:39.473	WT901BLE68(F3:F0:16:BF:DC:AE)	-0.729	-0.135	0.572	-69.092	34.973	-4.883	-17.17	50.72	-41.06	-86.733	4.727	-10.740	-0.83081	-0.06607	-0.55115	0.03928	26.4	null	null	13113	75
2026-05-27T16:28:39.531	WT901BLE68(F3:F0:16:BF:DC:AE)	-0.653	-0.110	0.339	-62.439	0.671	27.161	-21.82	51.15	-39.05	-86.733	4.727	-10.740	-0.85928	0.00244	-0.45300	0.23724	26.4	null	null	13113	75
2026-05-27T16:28:39.654	WT901BLE68(F3:F0:16:BF:DC:AE)	-0.792	0.006	0.002	-2.869	1.526	33.081	-20.87	53.22	-34.21	-86.733	4.727	-10.740	-0.85928	0.00244	-0.45300	0.23724	26.4	null	null	13113	75
2026-05-27T16:28:39.743	WT901BLE68(F3:F0:16:BF:DC:AE)	-0.859	0.027	0.096	86.365	-24.292	4.822	-12.88	53.81	-30.67	-86.733	4.727	-10.740	-0.85928	0.00244	-0.45300	0.23724	26.4	null	null	13113	75
2026-05-27T16:28:39.863	WT901BLE68(F3:F0:16:BF:DC:AE)	-0.937	0.033	0.780	115.601	-33.142	-21.545	-2.25	52.20	-31.66	-86.733	4.727	-10.740	-0.85928	0.00244	-0.45300	0.23724	26.4	null	null	13113	75
2026-05-27T16:28:39.952	WT901BLE68(F3:F0:16:BF:DC:AE)	-0.847	0.011	1.420	36.682	0.366	-41.748	1.00	50.83	-37.27	-86.733	4.727	-10.740	-0.85928	0.00244	-0.45300	0.23724	26.4	null	null	13113	75
2026-05-27T16:28:40.076	WT901BLE68(F3:F0:16:BF:DC:AE)	-0.705	-0.036	1.130	-57.068	52.795	-28.931	-6.04	52.69	-43.19	-86.733	4.727	-10.740	-0.85928	0.00244	-0.45300	0.23724	26.4	null	null	13113	75
2026-05-27T16:28:40.132	WT901BLE68(F3:F0:16:BF:DC:AE)	-0.701	-0.090	0.638	-85.571	44.922	-1.587	-15.66	54.77	-45.51	-88.053	-0.800	-13.947	-0.85928	0.00244	-0.45300	0.23724	26.4	null	null	13113	75
2026-05-27T16:28:40.256	WT901BLE68(F3:F0:16:BF:DC:AE)	-0.767	-0.081	0.212	-84.045	65.369	13.550	-25.84	60.50	-48.36	-88.053	-0.800	-13.947	-0.85928	0.00244	-0.45300	0.23724	26.4	null	null	13113	75
2026-05-27T16:28:40.346	WT901BLE68(F3:F0:16:BF:DC:AE)	-0.785	-0.031	-0.167	-35.095	-45.715	27.893	-27.87	62.73	-44.37	-88.053	-0.800	-13.947	-0.85928	0.00244	-0.45300	0.23724	26.4	null	null	13113	75
2026-05-27T16:28:40.464	WT901BLE68(F3:F0:16:BF:DC:AE)	-0.667	-0.095	-0.203	90.393	-44.922	31.738	-17.56	59.78	-32.39	-88.053	-0.800	-13.947	-0.82074	0.00037	-0.53860	0.19016	26.4	null	null	13113	75
2026-05-27T16:28:40.552	WT901BLE68(F3:F0:16:BF:DC:AE)	-0.859	0.169	0.178	182.617	-75.745	33.936	0.91	54.37	-22.56	-88.053	-0.800	-13.947	-0.82074	0.00037	-0.53860	0.19016	26.4	null	null	13113	75
2026-05-27T16:28:40.678	WT901BLE68(F3:F0:16:BF:DC:AE)	-0.938	0.576	0.923	177.673	-102.539	-16.724	21.01	45.77	-26.38	-88.053	-0.800	-13.947	-0.82074	0.00037	-0.53860	0.19016	26.4	null	null	13113	75
2026-05-27T16:28:40.764	WT901BLE68(F3:F0:16:BF:DC:AE)	-0.722	0.531	1.206	93.140	-6.226	-57.556	28.11	43.96	-37.58	-88.053	-0.800	-13.947	-0.82074	0.00037	-0.53860	0.19016	26.4	null	null	13113	75
2026-05-27T16:28:40.887	WT901BLE68(F3:F0:16:BF:DC:AE)	-0.777	0.424	0.917	27.405	26.489	-53.467	28.93	48.09	-45.77	-88.053	-0.800	-13.947	-0.82074	0.00037	-0.53860	0.19016	26.4	null	null	13113	75
2026-05-27T16:28:40.940	WT901BLE68(F3:F0:16:BF:DC:AE)	-0.818	0.179	0.470	5.493	51.575	-50.903	26.11	53.78	-52.61	-88.053	-0.800	-13.947	-0.82074	0.00037	-0.53860	0.19016	26.4	null	null	13113	75
2026-05-27T16:28:41.066	WT901BLE68(F3:F0:16:BF:DC:AE)	-0.987	0.089	0.139	35.889	69.824	-46.082	25.43	61.27	-57.71	-88.053	-0.800	-13.947	-0.82074	0.00037	-0.53860	0.19016	26.4	null	null	13113	75
2026-05-27T16:28:41.153	WT901BLE68(F3:F0:16:BF:DC:AE)	-1.075	0.149	0.096	78.186	-20.752	-48.767	24.37	64.79	-68.16	-85.847	-3.773	-31.973	-0.82074	0.00037	-0.53860	0.19016	26.4	null	null	13113	75
2026-05-27T16:28:41.272	WT901BLE68(F3:F0:16:BF:DC:AE)	-0.906	0.308	0.277	93.323	-97.595	-60.059	19.69	60.44	-87.53	-85.847	-3.773	-31.973	-0.82074	0.00037	-0.53860	0.19016	26.4	null	null	13113	75
2026-05-27T16:28:41.365	WT901BLE68(F3:F0:16:BF:DC:AE)	-0.635	0.313	0.441	85.327	-189.697	-39.734	16.98	49.41	-107.44	-85.847	-3.773	-31.973	-0.52145	-0.44128	-0.20792	0.70001	26.4	null	null	13113	75
2026-05-27T16:28:41.483	WT901BLE68(F3:F0:16:BF:DC:AE)	0.008	0.266	0.523	82.275	-274.109	-4.089	18.47	26.16	-123.61	-85.847	-3.773	-31.973	-0.52145	-0.44128	-0.20792	0.70001	26.4	null	null	13113	75
2026-05-27T16:28:41.541	WT901BLE68(F3:F0:16:BF:DC:AE)	0.072	0.750	0.673	141.968	-192.444	20.203	28.25	5.60	-132.27	-85.847	-3.773	-31.973	-0.52145	-0.44128	-0.20792	0.70001	26.4	null	null	13113	75
2026-05-27T16:28:41.663	WT901BLE68(F3:F0:16:BF:DC:AE)	0.534	0.897	1.056	75.439	58.716	8.545	40.02	-5.71	-135.49	-85.847	-3.773	-31.973	-0.52145	-0.44128	-0.20792	0.70001	26.4	null	null	13113	75
2026-05-27T16:28:41.752	WT901BLE68(F3:F0:16:BF:DC:AE)	0.148	0.774	0.922	4.395	-51.270	2.197	43.95	-3.55	-130.95	-85.847	-3.773	-31.973	-0.52145	-0.44128	-0.20792	0.70001	26.4	null	null	13113	75
2026-05-27T16:28:41.872	WT901BLE68(F3:F0:16:BF:DC:AE)	0.137	0.774	0.713	-13.306	40.894	-1.709	43.28	-4.62	-130.41	-85.847	-3.773	-31.973	-0.52145	-0.44128	-0.20792	0.70001	26.4	null	null	13113	75
2026-05-27T16:28:41.960	WT901BLE68(F3:F0:16:BF:DC:AE)	0.108	0.834	0.676	-24.719	85.938	2.319	41.54	-0.54	-124.91	-53.333	1.167	21.553	-0.52145	-0.44128	-0.20792	0.70001	26.4	null	null	13113	75
2026-05-27T16:28:42.084	WT901BLE68(F3:F0:16:BF:DC:AE)	0.032	0.672	0.646	-18.738	108.337	17.944	39.96	6.34	-116.72	-53.333	1.167	21.553	-0.52145	-0.44128	-0.20792	0.70001	26.4	null	null	13113	75
2026-05-27T16:28:42.172	WT901BLE68(F3:F0:16:BF:DC:AE)	-0.116	0.678	0.804	-17.151	69.824	66.406	40.26	9.48	-107.21	-53.333	1.167	21.553	-0.51950	-0.26147	0.23444	0.77887	26.4	null	null	13113	75
2026-05-27T16:28:42.297	WT901BLE68(F3:F0:16:BF:DC:AE)	-0.269	0.754	0.842	-67.627	137.512	77.087	38.95	12.02	-94.45	-53.333	1.167	21.553	-0.51950	-0.26147	0.23444	0.77887	26.4	null	null	13113	75
2026-05-27T16:28:42.352	WT901BLE68(F3:F0:16:BF:DC:AE)	-0.426	0.754	0.810	-134.216	211.182	61.401	34.19	21.07	-77.15	-53.333	1.167	21.553	-0.51950	-0.26147	0.23444	0.77887	26.4	null	null	13113	75
2026-05-27T16:28:42.471	WT901BLE68(F3:F0:16:BF:DC:AE)	-0.627	0.593	0.655	-185.974	167.969	49.622	26.63	33.58	-60.01	-53.333	1.167	21.553	-0.51950	-0.26147	0.23444	0.77887	26.4	null	null	13113	75
2026-05-27T16:28:42.563	WT901BLE68(F3:F0:16:BF:DC:AE)	-0.903	0.303	0.272	-197.754	157.776	24.780	17.08	47.96	-45.72	-53.333	1.167	21.553	-0.51950	-0.26147	0.23444	0.77887	26.4	null	null	13113	75
2026-05-27T16:28:42.706	WT901BLE68(F3:F0:16:BF:DC:AE)	-0.992	-0.030	-0.095	-151.184	71.106	3.784	6.00	58.83	-38.23	-53.333	1.167	21.553	-0.51950	-0.26147	0.23444	0.77887	26.4	null	null	13113	75
2026-05-27T16:28:42.774	WT901BLE68(F3:F0:16:BF:DC:AE)	-0.967	-0.153	-0.024	-61.646	23.438	-21.729	-5.32	64.71	-40.19	-53.333	1.167	21.553	-0.51950	-0.26147	0.23444	0.77887	26.4	null	null	13113	75
2026-05-27T16:28:42.893	WT901BLE68(F3:F0:16:BF:DC:AE)	-0.943	-0.236	0.281	-22.949	-6.226	-19.836	-15.75	66.12	-44.53	-87.020	5.320	-25.180	-0.51950	-0.26147	0.23444	0.77887	26.4	null	null	13113	75
2026-05-27T16:28:42.950	WT901BLE68(F3:F0:16:BF:DC:AE)	-0.957	-0.324	0.426	-29.053	-11.780	-17.822	-22.53	64.99	-47.27	-87.020	5.320	-25.180	-0.51950	-0.26147	0.23444	0.77887	26.4	null	null	13113	75
2026-05-27T16:28:43.076	WT901BLE68(F3:F0:16:BF:DC:AE)	-0.900	-0.476	0.474	-34.180	-45.837	-10.254	-26.87	61.72	-47.25	-87.020	5.320	-25.180	-0.51950	-0.26147	0.23444	0.77887	26.4	null	null	13113	75
2026-05-27T16:28:43.160	WT901BLE68(F3:F0:16:BF:DC:AE)	-0.753	-0.296	0.341	-47.424	5.615	25.024	-28.91	59.17	-43.28	-87.020	5.320	-25.180	-0.82468	0.01050	-0.52435	0.21158	26.4	null	null	13113	75
2026-05-27T16:28:43.287	WT901BLE68(F3:F0:16:BF:DC:AE)	-0.837	0.053	-0.037	-39.490	26.794	41.138	-31.26	63.72	-39.40	-87.020	5.320	-25.180	-0.82468	0.01050	-0.52435	0.21158	26.4	null	null	13113	75
2026-05-27T16:28:43.373	WT901BLE68(F3:F0:16:BF:DC:AE)	-0.838	0.075	-0.242	45.837	-2.808	27.100	-27.15	66.82	-32.00	-87.020	5.320	-25.180	-0.82468	0.01050	-0.52435	0.21158	26.4	null	null	13113	75
2026-05-27T16:28:43.492	WT901BLE68(F3:F0:16:BF:DC:AE)	-0.937	-0.074	0.057	107.178	-2.197	34.180	-16.50	68.04	-22.58	-87.020	5.320	-25.180	-0.82468	0.01050	-0.52435	0.21158	26.4	null	null	13113	75
2026-05-27T16:28:43.582	WT901BLE68(F3:F0:16:BF:DC:AE)	-2.684	0.075	1.234	109.802	-37.659	18.005	2.30	67.95	-13.60	-87.020	5.320	-25.180	-0.82468	0.01050	-0.52435	0.21158	26.4	null	null	13113	75
2026-05-27T16:28:43.708	WT901BLE68(F3:F0:16:BF:DC:AE)	-1.155	0.102	0.996	29.663	-63.660	-41.260	6.11	62.37	-19.58	-87.020	5.320	-25.180	-0.82468	0.01050	-0.52435	0.21158	26.4	null	null	13113	75
2026-05-27T16:28:43.761	WT901BLE68(F3:F0:16:BF:DC:AE)	-0.834	0.034	0.817	-44.189	10.681	-53.772	-4.63	59.25	-32.46	-85.607	10.420	-21.380	-0.82468	0.01050	-0.52435	0.21158	26.4	null	null	13113	75
2026-05-27T16:28:43.885	WT901BLE68(F3:F0:16:BF:DC:AE)	-0.690	-0.082	0.520	-62.317	20.142	-21.301	-16.89	59.69	-42.92	-85.607	10.420	-21.380	-0.82468	0.01050	-0.52435	0.21158	26.4	null	null	13113	75
2026-05-27T16:28:44.004	WT901BLE68(F3:F0:16:BF:DC:AE)	-0.621	0.000	0.218	-75.439	10.803	40.894	-22.47	60.72	-43.88	-85.607	10.420	-21.380	-0.82162	-0.03821	-0.51624	0.23843	26.4	null	null	13113	75
2026-05-27T16:28:44.125	WT901BLE68(F3:F0:16:BF:DC:AE)	-0.861	0.118	-0.365	-9.399	32.410	43.152	-19.63	65.49	-37.89	-85.607	10.420	-21.380	-0.82162	-0.03821	-0.51624	0.23843	26.4	null	null	13113	75
2026-05-27T16:28:44.184	WT901BLE68(F3:F0:16:BF:DC:AE)	-0.859	0.071	-0.199	103.943	-29.968	15.381	-8.75	65.47	-31.21	-85.607	10.420	-21.380	-0.82162	-0.03821	-0.51624	0.23843	26.4	null	null	13113	75
2026-05-27T16:28:44.306	WT901BLE68(F3:F0:16:BF:DC:AE)	-1.075	0.189	0.513	149.475	-35.217	4.089	6.95	62.40	-28.91	-85.607	10.420	-21.380	-0.82162	-0.03821	-0.51624	0.23843	26.4	null	null	13113	75
2026-05-27T16:28:44.363	WT901BLE68(F3:F0:16:BF:DC:AE)	-1.041	0.239	1.167	74.829	-61.646	-11.719	16.62	57.88	-34.91	-85.607	10.420	-21.380	-0.82162	-0.03821	-0.51624	0.23843	26.4	null	null	13113	75
2026-05-27T16:28:44.486	WT901BLE68(F3:F0:16:BF:DC:AE)	-0.815	0.236	1.146	-41.626	-65.247	-8.850	12.61	51.60	-43.48	-85.607	10.420	-21.380	-0.82162	-0.03821	-0.51624	0.23843	26.4	null	null	13113	75
2026-05-27T16:28:44.572	WT901BLE68(F3:F0:16:BF:DC:AE)	-0.729	0.078	0.746	-76.782	18.127	14.893	5.45	49.30	-46.62	-85.607	10.420	-21.380	-0.82162	-0.03821	-0.51624	0.23843	26.4	null	null	13113	75
2026-05-27T16:28:44.697	WT901BLE68(F3:F0:16:BF:DC:AE)	-0.687	0.006	0.570	-83.496	-5.737	60.974	1.82	49.31	-43.35	-85.607	10.420	-21.380	-0.82162	-0.03821	-0.51624	0.23843	26.4	null	null	13113	75
2026-05-27T16:28:44.783	WT901BLE68(F3:F0:16:BF:DC:AE)	-0.861	0.333	0.123	-75.928	12.146	53.772	1.61	50.50	-35.83	-84.320	11.527	-10.807	-0.82162	-0.03821	-0.51624	0.23843	26.4	null	null	13113	75
2026-05-27T16:28:44.904	WT901BLE68(F3:F0:16:BF:DC:AE)	-0.754	0.219	-0.054	15.259	-14.648	4.883	3.52	50.59	-34.26	-84.320	11.527	-10.807	-0.86142	-0.14081	-0.40546	0.27136	26.4	null	null	13113	75
2026-05-27T16:28:44.994	WT901BLE68(F3:F0:16:BF:DC:AE)	-0.791	0.203	0.090	100.769	-38.452	-13.672	11.49	49.39	-38.79	-84.320	11.527	-10.807	-0.86142	-0.14081	-0.40546	0.27136	26.4	null	null	13113	75
2026-05-27T16:28:45.118	WT901BLE68(F3:F0:16:BF:DC:AE)	-0.861	0.360	0.553	152.954	-53.223	-24.536	23.56	45.60	-46.33	-84.320	11.527	-10.807	-0.86142	-0.14081	-0.40546	0.27136	26.4	null	null	13113	75
2026-05-27T16:28:45.174	WT901BLE68(F3:F0:16:BF:DC:AE)	-0.757	0.494	1.256	99.976	-17.090	-36.194	32.35	44.41	-56.17	-84.320	11.527	-10.807	-0.86142	-0.14081	-0.40546	0.27136	26.4	null	null	13113	75
2026-05-27T16:28:45.327	WT901BLE68(F3:F0:16:BF:DC:AE)	-0.664	0.439	1.409	-9.155	13.000	-19.897	32.90	45.81	-62.62	-84.320	11.527	-10.807	-0.86142	-0.14081	-0.40546	0.27136	26.4	null	null	13113	75
2026-05-27T16:28:45.381	WT901BLE68(F3:F0:16:BF:DC:AE)	-0.702	0.301	0.892	-79.224	65.674	-5.676	26.75	48.09	-64.91	-84.320	11.527	-10.807	-0.86142	-0.14081	-0.40546	0.27136	26.4	null	null	13113	75
2026-05-27T16:28:45.502	WT901BLE68(F3:F0:16:BF:DC:AE)	-0.835	0.133	0.488	-91.797	69.092	-10.132	19.45	53.76	-64.54	-84.320	11.527	-10.807	-0.86142	-0.14081	-0.40546	0.27136	26.4	null	null	13113	75
2026-05-27T16:28:45.593	WT901BLE68(F3:F0:16:BF:DC:AE)	-0.864	0.009	0.085	-69.946	106.995	-10.925	14.23	64.18	-63.98	-84.400	11.907	-22.940	-0.86142	-0.14081	-0.40546	0.27136	26.4	null	null	13113	75
2026-05-27T16:28:45.714	WT901BLE68(F3:F0:16:BF:DC:AE)	-0.951	0.022	-0.481	-0.854	-59.998	9.644	13.60	66.52	-64.35	-84.400	11.907	-22.940	-0.86142	-0.14081	-0.40546	0.27136	26.4	null	null	13113	75
2026-05-27T16:28:45.771	WT901BLE68(F3:F0:16:BF:DC:AE)	-1.020	0.100	-0.314	109.802	-87.891	-27.100	11.98	60.49	-68.28	-84.400	11.907	-22.940	-0.67896	-0.36276	-0.38712	0.50739	26.4	null	null	13113	75
2026-05-27T16:28:45.896	WT901BLE68(F3:F0:16:BF:DC:AE)	-0.945	0.335	0.050	167.053	-120.972	-65.369	15.82	51.51	-82.08	-84.400	11.907	-22.940	-0.67896	-0.36276	-0.38712	0.50739	26.4	null	null	13113	75
2026-05-27T16:28:45.985	WT901BLE68(F3:F0:16:BF:DC:AE)	-0.772	0.626	0.509	180.664	-143.677	-103.577	23.62	41.96	-104.11	-84.400	11.907	-22.940	-0.67896	-0.36276	-0.38712	0.50739	26.4	null	null	13113	75
2026-05-27T16:28:46.106	WT901BLE68(F3:F0:16:BF:DC:AE)	-0.444	0.832	0.798	107.727	-247.681	-121.582	26.28	29.10	-131.41	-84.400	11.907	-22.940	-0.67896	-0.36276	-0.38712	0.50739	26.4	null	null	13113	75
2026-05-27T16:28:46.197	WT901BLE68(F3:F0:16:BF:DC:AE)	0.110	0.664	0.829	41.809	-215.515	-104.980	25.82	13.90	-157.34	-84.400	11.907	-22.940	-0.67896	-0.36276	-0.38712	0.50739	26.4	null	null	13113	75
2026-05-27T16:28:46.318	WT901BLE68(F3:F0:16:BF:DC:AE)	0.248	0.560	0.787	86.487	23.743	-82.703	30.72	10.82	-166.43	-84.400	11.907	-22.940	-0.67896	-0.36276	-0.38712	0.50739	26.4	null	null	13113	75
2026-05-27T16:28:46.405	WT901BLE68(F3:F0:16:BF:DC:AE)	0.196	0.650	0.883	59.937	-56.274	-11.902	37.58	9.99	-167.82	-84.400	11.907	-22.940	-0.67896	-0.36276	-0.38712	0.50739	26.4	null	null	13113	75
2026-05-27T16:28:46.493	WT901BLE68(F3:F0:16:BF:DC:AE)	0.054	0.752	1.008	15.137	-45.227	4.395	40.93	5.00	-167.40	-59.340	-6.740	21.880	-0.67896	-0.36276	-0.38712	0.50739	26.4	null	null	13113	75
2026-05-27T16:28:46.585	WT901BLE68(F3:F0:16:BF:DC:AE)	0.175	0.653	0.884	-9.521	-21.606	11.353	40.58	0.81	-166.32	-59.340	-6.740	21.880	-0.67896	-0.36276	-0.38712	0.50739	26.4	null	null	13113	75
2026-05-27T16:28:46.706	WT901BLE68(F3:F0:16:BF:DC:AE)	0.076	0.740	0.795	-14.404	42.053	23.804	39.56	1.35	-159.85	-59.340	-6.740	21.880	-0.67896	-0.36276	-0.38712	0.50739	26.4	null	null	13113	75
2026-05-27T16:28:46.791	WT901BLE68(F3:F0:16:BF:DC:AE)	0.044	0.692	0.833	-17.944	62.927	25.452	38.52	3.86	-151.56	-59.340	-6.740	21.880	-0.18140	-0.08319	0.32529	0.92426	26.4	null	null	13113	75
2026-05-27T16:28:46.913	WT901BLE68(F3:F0:16:BF:DC:AE)	-0.020	0.650	0.860	-39.124	93.323	42.725	36.68	6.88	-142.19	-59.340	-6.740	21.880	-0.18140	-0.08319	0.32529	0.92426	26.4	null	null	13113	75
2026-05-27T16:28:47.003	WT901BLE68(F3:F0:16:BF:DC:AE)	-0.108	0.608	0.867	-74.890	161.255	66.223	33.27	12.60	-128.97	-59.340	-6.740	21.880	-0.18140	-0.08319	0.32529	0.92426	26.4	null	null	13113	75
2026-05-27T16:28:47.128	WT901BLE68(F3:F0:16:BF:DC:AE)	-0.555	0.530	0.677	-106.995	193.848	69.092	30.57	24.74	-109.69	-59.340	-6.740	21.880	-0.18140	-0.08319	0.32529	0.92426	26.4	null	null	13113	75
2026-05-27T16:28:47.183	WT901BLE68(F3:F0:16:BF:DC:AE)	-0.766	0.349	0.476	-131.836	169.800	49.744	27.67	37.42	-91.15	-59.340	-6.740	21.880	-0.18140	-0.08319	0.32529	0.92426	26.4	null	null	13113	75
2026-05-27T16:28:47.304	WT901BLE68(F3:F0:16:BF:DC:AE)	-0.985	0.211	0.252	-135.132	113.831	25.513	24.14	49.05	-75.50	-59.340	-6.740	21.880	-0.18140	-0.08319	0.32529	0.92426	26.4	null	null	13113	75
2026-05-27T16:28:47.390	WT901BLE68(F3:F0:16:BF:DC:AE)	-1.024	0.069	0.180	-105.408	50.171	1.892	17.72	56.40	-66.93	-86.387	1.020	-26.593	-0.18140	-0.08319	0.32529	0.92426	26.4	null	null	13113	75
2026-05-27T16:28:47.513	WT901BLE68(F3:F0:16:BF:DC:AE)	-1.014	-0.100	0.346	-81.543	11.292	-9.644	9.00	60.46	-64.59	-86.387	1.020	-26.593	-0.18140	-0.08319	0.32529	0.92426	26.4	null	null	13113	75
2026-05-27T16:28:47.604	WT901BLE68(F3:F0:16:BF:DC:AE)	-0.976	-0.208	0.548	-81.177	-33.081	-12.390	-1.90	60.86	-65.39	-86.387	1.020	-26.593	-0.72125	-0.28391	-0.42410	0.46820	26.4	null	null	13113	75
2026-05-27T16:28:47.725	WT901BLE68(F3:F0:16:BF:DC:AE)	-0.814	-0.250	0.526	-95.703	-31.738	8.728	-11.38	56.82	-63.30	-86.387	1.020	-26.593	-0.72125	-0.28391	-0.42410	0.46820	26.4	null	null	13113	75
2026-05-27T16:28:47.783	WT901BLE68(F3:F0:16:BF:DC:AE)	-0.767	-0.151	0.274	-82.947	11.658	36.133	-17.35	55.78	-56.63	-86.387	1.020	-26.593	-0.72125	-0.28391	-0.42410	0.46820	26.4	null	null	13113	75
2026-05-27T16:28:47.935	WT901BLE68(F3:F0:16:BF:DC:AE)	-0.683	-0.020	0.083	-53.955	-51.453	52.490	-17.33	55.37	-44.89	-86.387	1.020	-26.593	-0.72125	-0.28391	-0.42410	0.46820	26.4	null	null	13113	75
2026-05-27T16:28:47.992	WT901BLE68(F3:F0:16:BF:DC:AE)	-0.803	0.084	-0.101	17.090	-2.991	30.151	-13.75	54.93	-34.30	-86.387	1.020	-26.593	-0.72125	-0.28391	-0.42410	0.46820	26.4	null	null	13113	75
2026-05-27T16:28:48.110	WT901BLE68(F3:F0:16:BF:DC:AE)	-0.838	0.220	-0.005	105.103	-12.390	7.507	-4.21	56.55	-30.75	-86.387	1.020	-26.593	-0.72125	-0.28391	-0.42410	0.46820	26.4	null	null	13113	75
2026-05-27T16:28:48.206	WT901BLE68(F3:F0:16:BF:DC:AE)	-1.091	0.210	0.830	140.869	-61.829	-15.320	9.65	55.66	-31.68	-86.387	1.020	-26.593	-0.72125	-0.28391	-0.42410	0.46820	26.4	null	null	13113	75
2026-05-27T16:28:48.320	WT901BLE68(F3:F0:16:BF:DC:AE)	-0.854	0.026	1.587	28.503	-63.049	-25.513	14.04	49.25	-35.12	-82.787	15.547	-15.853	-0.72125	-0.28391	-0.42410	0.46820	26.4	null	null	13113	75
2026-05-27T16:28:48.414	WT901BLE68(F3:F0:16:BF:DC:AE)	-0.593	0.058	1.119	-72.937	26.489	-13.245	8.10	46.96	-36.36	-82.787	15.547	-15.853	-0.72125	-0.28391	-0.42410	0.46820	26.4	null	null	13113	75
2026-05-27T16:28:48.532	WT901BLE68(F3:F0:16:BF:DC:AE)	-0.689	0.018	0.610	-88.989	65.979	11.841	0.41	51.23	-32.98	-82.787	15.547	-15.853	-0.86380	-0.14633	-0.39270	0.27951	26.4	null	null	13113	75
2026-05-27T16:28:48.592	WT901BLE68(F3:F0:16:BF:DC:AE)	-0.802	0.085	0.247	-87.158	52.673	30.823	-4.84	58.74	-27.15	-82.787	15.547	-15.853	-0.86380	-0.14633	-0.39270	0.27951	26.4	null	null	13113	75
2026-05-27T16:28:48.713	WT901BLE68(F3:F0:16:BF:DC:AE)	-0.795	0.126	-0.070	-50.720	-34.607	29.236	-6.63	60.91	-19.61	-82.787	15.547	-15.853	-0.86380	-0.14633	-0.39270	0.27951	26.4	null	null	13113	75
2026-05-27T16:28:48.804	WT901BLE68(F3:F0:16:BF:DC:AE)	-0.797	0.123	-0.151	52.429	-16.052	8.179	-1.20	60.56	-15.26	-82.787	15.547	-15.853	-0.86380	-0.14633	-0.39270	0.27951	26.4	null	null	13113	75
2026-05-27T16:28:48.923	WT901BLE68(F3:F0:16:BF:DC:AE)	-0.818	0.219	0.158	125.427	-23.071	-7.385	11.06	58.67	-16.53	-82.787	15.547	-15.853	-0.86380	-0.14633	-0.39270	0.27951	26.4	null	null	13113	75
2026-05-27T16:28:49.013	WT901BLE68(F3:F0:16:BF:DC:AE)	-0.942	0.206	0.875	122.681	-28.320	-10.742	23.46	58.10	-19.26	-82.787	15.547	-15.853	-0.86380	-0.14633	-0.39270	0.27951	26.4	null	null	13113	75
2026-05-27T16:28:49.134	WT901BLE68(F3:F0:16:BF:DC:AE)	-1.017	0.200	1.362	28.015	-21.912	-26.367	27.36	57.39	-23.02	-82.787	15.547	-15.853	-0.86380	-0.14633	-0.39270	0.27951	26.4	null	null	13113	75
2026-05-27T16:28:49.192	WT901BLE68(F3:F0:16:BF:DC:AE)	-0.770	0.107	1.019	-67.932	3.967	-11.169	20.22	56.35	-26.86	-83.400	14.727	-21.400	-0.86380	-0.14633	-0.39270	0.27951	26.4	null	null	13113	75
2026-05-27T16:28:49.344	WT901BLE68(F3:F0:16:BF:DC:AE)	-0.794	0.063	0.576	-89.294	43.396	10.803	12.60	57.60	-24.80	-83.400	14.727	-21.400	-0.86380	-0.14633	-0.39270	0.27951	26.4	null	null	13113	75
2026-05-27T16:28:49.400	WT901BLE68(F3:F0:16:BF:DC:AE)	-0.863	0.179	0.059	-92.041	41.809	23.804	8.37	62.70	-18.31	-83.400	14.727	-21.400	-0.83636	-0.16519	-0.48264	0.20041	26.4	null	null	13113	75
2026-05-27T16:28:49.555	WT901BLE68(F3:F0:16:BF:DC:AE)	-0.778	0.150	-0.343	-0.366	-29.114	11.108	8.50	62.83	-12.92	-83.400	14.727	-21.400	-0.83636	-0.16519	-0.48264	0.20041	26.4	null	null	13113	75
2026-05-27T16:28:49.612	WT901BLE68(F3:F0:16:BF:DC:AE)	-0.754	0.173	-0.173	113.708	-41.626	-17.944	16.64	60.40	-16.91	-83.400	14.727	-21.400	-0.83636	-0.16519	-0.48264	0.20041	26.4	null	null	13113	75
2026-05-27T16:28:49.736	WT901BLE68(F3:F0:16:BF:DC:AE)	-0.952	0.337	0.346	167.480	-31.677	-26.917	29.35	58.95	-24.66	-83.400	14.727	-21.400	-0.83636	-0.16519	-0.48264	0.20041	26.4	null	null	13113	75
2026-05-27T16:28:49.823	WT901BLE68(F3:F0:16:BF:DC:AE)	-0.955	0.385	1.165	120.361	-29.968	-45.776	36.97	57.80	-34.87	-83.400	14.727	-21.400	-0.83636	-0.16519	-0.48264	0.20041	26.4	null	null	13113	75
2026-05-27T16:28:49.947	WT901BLE68(F3:F0:16:BF:DC:AE)	-0.759	0.170	1.457	-26.978	1.221	-32.166	32.88	58.36	-43.43	-83.400	14.727	-21.400	-0.83636	-0.16519	-0.48264	0.20041	26.4	null	null	13113	75
2026-05-27T16:28:50.010	WT901BLE68(F3:F0:16:BF:DC:AE)	-0.783	0.173	0.670	-91.003	108.337	-3.479	27.20	62.55	-40.67	-83.400	14.727	-21.400	-0.83636	-0.16519	-0.48264	0.20041	26.4	null	null	13113	75
2026-05-27T16:28:50.123	WT901BLE68(F3:F0:16:BF:DC:AE)	-0.870	0.094	0.017	-81.238	57.434	0.610	26.17	70.04	-31.28	-86.140	6.340	-29.060	-0.83636	-0.16519	-0.48264	0.20041	26.4	null	null	13113	75
2026-05-27T16:28:50.212	WT901BLE68(F3:F0:16:BF:DC:AE)	-1.000	-0.044	-0.413	-4.761	-11.108	3.235	25.00	71.32	-29.02	-86.140	6.340	-29.060	-0.83636	-0.16519	-0.48264	0.20041	26.4	null	null	13113	75
2026-05-27T16:28:50.332	WT901BLE68(F3:F0:16:BF:DC:AE)	-1.015	0.044	-0.302	94.910	-87.097	-23.804	26.53	66.90	-39.77	-86.140	6.340	-29.060	-0.73026	-0.33395	-0.48358	0.34821	26.4	null	null	13113	75
2026-05-27T16:28:50.422	WT901BLE68(F3:F0:16:BF:DC:AE)	-1.012	0.252	0.068	137.634	-120.239	-66.040	26.32	60.88	-60.72	-86.140	6.340	-29.060	-0.73026	-0.33395	-0.48358	0.34821	26.4	null	null	13113	75
2026-05-27T16:28:50.543	WT901BLE68(F3:F0:16:BF:DC:AE)	-0.839	0.421	0.376	138.489	-141.296	-101.440	22.21	52.75	-86.47	-86.140	6.340	-29.060	-0.73026	-0.33395	-0.48358	0.34821	26.4	null	null	13113	75
2026-05-27T16:28:50.603	WT901BLE68(F3:F0:16:BF:DC:AE)	-0.487	0.519	0.758	120.056	-146.301	-132.568	18.37	43.32	-112.37	-86.140	6.340	-29.060	-0.73026	-0.33395	-0.48358	0.34821	26.4	null	null	13113	75
2026-05-27T16:28:50.756	WT901BLE68(F3:F0:16:BF:DC:AE)	-0.101	0.552	0.748	99.854	-211.121	-121.399	17.10	29.53	-136.49	-86.140	6.340	-29.060	-0.73026	-0.33395	-0.48358	0.34821	26.4	null	null	13113	75
2026-05-27T16:28:50.810	WT901BLE68(F3:F0:16:BF:DC:AE)	0.584	0.315	0.686	53.894	-205.261	-54.688	19.45	9.44	-152.06	-86.140	6.340	-29.060	-0.73026	-0.33395	-0.48358	0.34821	26.4	null	null	13113	75
2026-05-27T16:28:50.933	WT901BLE68(F3:F0:16:BF:DC:AE)	0.540	0.764	0.835	93.262	-3.479	9.766	28.01	3.14	-153.26	-86.140	6.340	-29.060	-0.73026	-0.33395	-0.48358	0.34821	26.4	null	null	13113	75
2026-05-27T16:28:51.022	WT901BLE68(F3:F0:16:BF:DC:AE)	0.319	0.966	1.157	42.114	17.029	-15.503	36.17	4.95	-149.18	-50.313	-6.973	25.407	-0.73026	-0.33395	-0.48358	0.34821	26.4	null	null	13113	75
2026-05-27T16:28:51.140	WT901BLE68(F3:F0:16:BF:DC:AE)	0.253	0.678	1.079	-19.043	19.043	-6.409	37.18	5.87	-147.55	-50.313	-6.973	25.407	-0.73026	-0.33395	-0.48358	0.34821	26.4	null	null	13113	75
2026-05-27T16:28:51.233	WT901BLE68(F3:F0:16:BF:DC:AE)	0.146	0.732	0.815	-47.913	90.027	21.790	34.22	9.06	-140.72	-50.313	-6.973	25.407	-0.26654	-0.14517	0.27747	0.91147	26.4	null	null	13113	75
2026-05-27T16:28:51.353	WT901BLE68(F3:F0:16:BF:DC:AE)	-0.004	0.732	0.763	-51.697	112.549	37.476	31.48	15.05	-130.60	-50.313	-6.973	25.407	-0.26654	-0.14517	0.27747	0.91147	26.4	null	null	13113	75
2026-05-27T16:28:51.412	WT901BLE68(F3:F0:16:BF:DC:AE)	-0.336	0.564	0.802	-60.364	135.864	59.204	31.22	24.19	-116.55	-50.313	-6.973	25.407	-0.26654	-0.14517	0.27747	0.91147	26.4	null	null	13113	75
2026-05-27T16:28:51.534	WT901BLE68(F3:F0:16:BF:DC:AE)	-0.492	0.526	0.807	-98.450	87.769	83.435	29.51	28.96	-101.99	-50.313	-6.973	25.407	-0.26654	-0.14517	0.27747	0.91147	26.4	null	null	13113	75
2026-05-27T16:28:51.650	WT901BLE68(F3:F0:16:BF:DC:AE)	-0.611	0.421	0.662	-125.916	82.031	100.769	26.03	32.27	-86.09	-50.313	-6.973	25.407	-0.26654	-0.14517	0.27747	0.91147	26.4	null	null	13113	75
2026-05-27T16:28:51.742	WT901BLE68(F3:F0:16:BF:DC:AE)	-0.704	0.273	0.627	-138.550	91.736	102.722	21.65	35.94	-69.40	-50.313	-6.973	25.407	-0.26654	-0.14517	0.27747	0.91147	26.4	null	null	13113	75
2026-05-27T16:28:51.830	WT901BLE68(F3:F0:16:BF:DC:AE)	-0.905	0.223	0.513	-148.376	111.206	75.012	17.15	42.57	-53.20	-50.313	-6.973	25.407	-0.26654	-0.14517	0.27747	0.91147	26.4	null	null	13113	75
2026-05-27T16:28:51.954	WT901BLE68(F3:F0:16:BF:DC:AE)	-1.000	-0.033	0.188	-131.165	67.200	34.302	10.37	50.12	-42.08	-85.500	6.173	-13.020	-0.26654	-0.14517	0.27747	0.91147	26.4	null	null	13113	75
2026-05-27T16:28:52.012	WT901BLE68(F3:F0:16:BF:DC:AE)	-0.941	-0.313	0.031	-47.668	30.273	16.479	4.74	55.27	-36.24	-85.500	6.173	-13.020	-0.26654	-0.14517	0.27747	0.91147	26.4	null	null	13113	75
2026-05-27T16:28:52.165	WT901BLE68(F3:F0:16:BF:DC:AE)	-0.911	-0.233	0.436	6.470	11.597	5.554	2.79	57.09	-32.62	-85.500	6.173	-13.020	-0.83713	-0.16589	-0.44244	0.27536	26.4	null	null	13113	75
2026-05-27T16:28:52.222	WT901BLE68(F3:F0:16:BF:DC:AE)	-0.928	-0.176	0.773	-23.926	-5.859	-3.601	0.32	57.78	-31.62	-85.500	6.173	-13.020	-0.83713	-0.16589	-0.44244	0.27536	26.4	null	null	13113	75
2026-05-27T16:28:52.346	WT901BLE68(F3:F0:16:BF:DC:AE)	-0.836	-0.206	0.534	-45.288	70.923	3.845	-4.94	60.89	-31.04	-85.500	6.173	-13.020	-0.83713	-0.16589	-0.44244	0.27536	26.4	null	null	13113	75
2026-05-27T16:28:52.434	WT901BLE68(F3:F0:16:BF:DC:AE)	-0.802	0.002	0.191	-62.378	25.208	40.771	-7.00	64.93	-25.48	-85.500	6.173	-13.020	-0.83713	-0.16589	-0.44244	0.27536	26.4	null	null	13113	75
2026-05-27T16:28:52.556	WT901BLE68(F3:F0:16:BF:DC:AE)	-0.991	0.275	-0.529	-11.292	36.743	37.048	-1.89	74.35	-15.20	-85.500	6.173	-13.020	-0.83713	-0.16589	-0.44244	0.27536	26.4	null	null	13113	75
2026-05-27T16:28:52.644	WT901BLE68(F3:F0:16:BF:DC:AE)	-0.880	0.232	-0.297	99.731	-39.551	22.400	16.86	72.07	-5.35	-85.500	6.173	-13.020	-0.83713	-0.16589	-0.44244	0.27536	26.4	null	null	13113	75
2026-05-27T16:28:52.766	WT901BLE68(F3:F0:16:BF:DC:AE)	-1.020	0.295	0.240	128.540	-47.913	2.869	32.52	66.31	-7.60	-85.500	6.173	-13.020	-0.83713	-0.16589	-0.44244	0.27536	26.4	null	null	13113	75
2026-05-27T16:28:52.820	WT901BLE68(F3:F0:16:BF:DC:AE)	-1.173	0.106	0.875	67.627	-47.791	-14.587	37.84	63.10	-16.01	-82.267	17.600	-31.253	-0.83713	-0.16589	-0.44244	0.27536	26.4	null	null	13113	75
2026-05-27T16:28:52.945	WT901BLE68(F3:F0:16:BF:DC:AE)	-1.059	0.107	1.041	-26.001	-46.326	-26.733	30.95	60.38	-26.18	-82.267	17.600	-31.253	-0.83713	-0.16589	-0.44244	0.27536	26.4	null	null	13113	75
2026-05-27T16:28:53.065	WT901BLE68(F3:F0:16:BF:DC:AE)	-0.930	0.102	0.597	-79.041	12.146	-19.470	19.18	59.66	-32.79	-82.267	17.600	-31.253	-0.79297	-0.29834	-0.42001	0.32507	26.4	null	null	13113	75
2026-05-27T16:28:53.154	WT901BLE68(F3:F0:16:BF:DC:AE)	-0.825	0.008	0.273	-83.923	-19.348	7.019	8.96	60.23	-34.97	-82.267	17.600	-31.253	-0.79297	-0.29834	-0.42001	0.32507	26.4	null	null	13113	75
2026-05-27T16:28:53.244	WT901BLE68(F3:F0:16:BF:DC:AE)	-0.803	0.042	0.109	-60.913	15.381	27.893	4.43	59.41	-31.93	-82.267	17.600	-31.253	-0.79297	-0.29834	-0.42001	0.32507	26.4	null	null	13113	75
2026-05-27T16:28:53.368	WT901BLE68(F3:F0:16:BF:DC:AE)	-0.822	0.134	-0.143	-0.671	-14.771	16.724	5.30	59.73	-27.33	-82.267	17.600	-31.253	-0.79297	-0.29834	-0.42001	0.32507	26.4	null	null	13113	75
2026-05-27T16:28:53.422	WT901BLE68(F3:F0:16:BF:DC:AE)	-0.862	0.077	-0.011	115.845	-38.269	-7.507	14.10	58.58	-28.92	-82.267	17.600	-31.253	-0.79297	-0.29834	-0.42001	0.32507	26.4	null	null	13113	75
2026-05-27T16:28:53.578	WT901BLE68(F3:F0:16:BF:DC:AE)	-0.833	0.277	0.784	135.437	-132.568	-10.986	24.98	51.27	-38.52	-82.267	17.600	-31.253	-0.79297	-0.29834	-0.42001	0.32507	26.4	null	null	13113	75
2026-05-27T16:28:53.635	WT901BLE68(F3:F0:16:BF:DC:AE)	-0.669	0.278	1.359	33.264	-36.133	-21.973	28.17	44.43	-50.20	-82.267	17.600	-31.253	-0.79297	-0.29834	-0.42001	0.32507	26.4	null	null	13113	75
2026-05-27T16:28:53.755	WT901BLE68(F3:F0:16:BF:DC:AE)	-0.641	0.156	1.116	-40.405	50.049	-3.723	25.39	45.47	-55.43	-81.947	15.047	-11.047	-0.79297	-0.29834	-0.42001	0.32507	26.4	null	null	13113	75
2026-05-27T16:28:53.845	WT901BLE68(F3:F0:16:BF:DC:AE)	-0.746	0.090	0.723	-67.871	76.904	25.146	22.10	50.47	-54.09	-81.947	15.047	-11.047	-0.79297	-0.29834	-0.42001	0.32507	26.4	null	null	13113	75
2026-05-27T16:28:53.962	WT901BLE68(F3:F0:16:BF:DC:AE)	-0.780	0.211	0.258	-79.468	71.594	40.833	21.18	54.95	-47.85	-81.947	15.047	-11.047	-0.75766	-0.33850	-0.32452	0.45380	26.4	null	null	13113	75
2026-05-27T16:28:54.055	WT901BLE68(F3:F0:16:BF:DC:AE)	-0.860	0.122	-0.187	-28.870	-8.179	35.034	22.97	57.67	-41.66	-81.947	15.047	-11.047	-0.75766	-0.33850	-0.32452	0.45380	26.4	null	null	13113	75
2026-05-27T16:28:54.175	WT901BLE68(F3:F0:16:BF:DC:AE)	-0.900	0.147	-0.195	79.712	-25.269	9.644	29.38	53.87	-42.85	-81.947	15.047	-11.047	-0.75766	-0.33850	-0.32452	0.45380	26.4	null	null	13113	75
2026-05-27T16:28:54.233	WT901BLE68(F3:F0:16:BF:DC:AE)	-1.048	0.406	0.075	146.362	-61.829	-31.006	40.68	51.33	-51.21	-81.947	15.047	-11.047	-0.75766	-0.33850	-0.32452	0.45380	26.4	null	null	13113	75
2026-05-27T16:28:54.354	WT901BLE68(F3:F0:16:BF:DC:AE)	-1.102	0.676	0.477	157.471	-158.325	-73.120	46.54	47.89	-71.28	-81.947	15.047	-11.047	-0.75766	-0.33850	-0.32452	0.45380	26.4	null	null	13113	75
2026-05-27T16:28:54.446	WT901BLE68(F3:F0:16:BF:DC:AE)	-0.715	0.760	0.763	104.553	-174.683	-133.301	41.22	42.97	-103.58	-81.947	15.047	-11.047	-0.75766	-0.33850	-0.32452	0.45380	26.4	null	null	13113	75
2026-05-27T16:28:54.566	WT901BLE68(F3:F0:16:BF:DC:AE)	-0.357	0.637	0.749	28.625	-239.990	-142.273	29.06	34.13	-138.63	-81.947	15.047	-11.047	-0.75766	-0.33850	-0.32452	0.45380	26.4	null	null	13113	75
2026-05-27T16:28:54.654	WT901BLE68(F3:F0:16:BF:DC:AE)	-0.019	0.412	0.727	23.254	-9.705	-111.816	21.46	24.44	-163.69	-76.520	-0.680	5.307	-0.75766	-0.33850	-0.32452	0.45380	26.4	null	null	13113	75
2026-05-27T16:28:54.774	WT901BLE68(F3:F0:16:BF:DC:AE)	-0.207	0.411	0.585	51.819	-65.186	-74.036	21.29	25.54	-178.28	-76.520	-0.680	5.307	-0.75766	-0.33850	-0.32452	0.45380	26.4	null	null	13113	75
2026-05-27T16:28:54.831	WT901BLE68(F3:F0:16:BF:DC:AE)	0.047	0.445	0.860	80.261	-156.250	-37.537	24.54	17.76	173.23	-76.520	-0.680	5.307	0.07004	-0.18646	0.19669	0.95996	26.4	null	null	13113	75
2026-05-27T16:28:54.956	WT901BLE68(F3:F0:16:BF:DC:AE)	0.458	0.730	0.912	74.951	-52.124	-23.315	31.66	6.35	168.68	-76.520	-0.680	5.307	0.07004	-0.18646	0.19669	0.95996	26.4	null	null	13113	75
2026-05-27T16:28:55.045	WT901BLE68(F3:F0:16:BF:DC:AE)	0.161	0.750	0.961	28.564	9.338	2.441	37.25	6.25	172.61	-76.520	-0.680	5.307	0.07004	-0.18646	0.19669	0.95996	26.4	null	null	13113	75
2026-05-27T16:28:55.168	WT901BLE68(F3:F0:16:BF:DC:AE)	0.111	0.698	0.951	-3.540	8.667	11.841	39.07	5.50	177.81	-76.520	-0.680	5.307	0.07004	-0.18646	0.19669	0.95996	26.4	null	null	13113	75
2026-05-27T16:28:55.256	WT901BLE68(F3:F0:16:BF:DC:AE)	0.101	0.701	0.790	-26.123	41.138	21.790	38.22	6.25	-174.94	-76.520	-0.680	5.307	0.07004	-0.18646	0.19669	0.95996	26.4	null	null	13113	75
2026-05-27T16:28:55.381	WT901BLE68(F3:F0:16:BF:DC:AE)	0.033	0.703	0.708	-37.903	138.489	45.715	36.60	11.00	-162.49	-76.520	-0.680	5.307	0.07004	-0.18646	0.19669	0.95996	26.4	null	null	13113	75
2026-05-27T16:28:55.463	WT901BLE68(F3:F0:16:BF:DC:AE)	-0.175	0.640	0.792	-34.424	100.769	61.890	37.05	16.84	-146.76	-76.520	-0.680	5.307	0.07004	-0.18646	0.19669	0.95996	26.4	null	null	13113	75
2026-05-27T16:28:55.583	WT901BLE68(F3:F0:16:BF:DC:AE)	-0.241	0.594	0.869	-54.504	112.122	69.580	36.86	19.70	-131.81	-72.920	0.173	10.293	0.07004	-0.18646	0.19669	0.95996	26.4	null	null	13113	75
2026-05-27T16:28:55.642	WT901BLE68(F3:F0:16:BF:DC:AE)	-0.400	0.579	0.878	-95.581	187.866	69.214	35.85	27.02	-112.85	-72.920	0.173	10.293	0.07004	-0.18646	0.19669	0.95996	26.4	null	null	13113	75
2026-05-27T16:28:55.763	WT901BLE68(F3:F0:16:BF:DC:AE)	-0.617	0.534	0.451	-123.413	339.722	21.729	39.78	45.36	-84.74	-72.920	0.173	10.293	-0.50403	-0.39822	0.05862	0.76410	26.4	null	null	13113	75
2026-05-27T16:28:55.854	WT901BLE68(F3:F0:16:BF:DC:AE)	-1.158	0.324	-0.160	-141.907	162.720	-35.034	54.24	64.41	-48.61	-72.920	0.173	10.293	-0.50403	-0.39822	0.05862	0.76410	26.4	null	null	13113	75
2026-05-27T16:28:55.974	WT901BLE68(F3:F0:16:BF:DC:AE)	-0.929	0.219	-0.207	-96.008	3.540	-33.203	49.11	70.25	-41.15	-72.920	0.173	10.293	-0.50403	-0.39822	0.05862	0.76410	26.4	null	null	13113	75
2026-05-27T16:28:56.065	WT901BLE68(F3:F0:16:BF:DC:AE)	-0.893	-0.074	-0.111	-55.298	-5.493	-19.592	39.99	72.59	-45.25	-72.920	0.173	10.293	-0.50403	-0.39822	0.05862	0.76410	26.4	null	null	13113	75
2026-05-27T16:28:56.186	WT901BLE68(F3:F0:16:BF:DC:AE)	-1.026	-0.160	0.064	-36.560	-19.043	-10.559	34.39	73.50	-51.37	-72.920	0.173	10.293	-0.50403	-0.39822	0.05862	0.76410	26.4	null	null	13113	75
2026-05-27T16:28:56.240	WT901BLE68(F3:F0:16:BF:DC:AE)	-1.049	-0.131	0.288	-35.706	-20.874	-13.489	24.86	72.08	-59.65	-72.920	0.173	10.293	-0.50403	-0.39822	0.05862	0.76410	26.4	null	null	13113	75
2026-05-27T16:28:56.365	WT901BLE68(F3:F0:16:BF:DC:AE)	-0.941	-0.152	0.371	-52.734	-39.917	-2.930	12.27	69.31	-61.56	-72.920	0.173	10.293	-0.50403	-0.39822	0.05862	0.76410	26.4	null	null	13113	75
2026-05-27T16:28:56.452	WT901BLE68(F3:F0:16:BF:DC:AE)	-0.940	-0.045	0.133	-62.805	20.508	17.578	6.86	68.58	-54.81	-86.887	8.047	-30.513	-0.50403	-0.39822	0.05862	0.76410	26.4	null	null	13113	75
2026-05-27T16:28:56.573	WT901BLE68(F3:F0:16:BF:DC:AE)	-0.963	0.073	-0.027	-53.589	-100.586	33.386	4.08	65.93	-45.26	-86.887	8.047	-30.513	-0.50403	-0.39822	0.05862	0.76410	26.4	null	null	13113	75
2026-05-27T16:28:56.667	WT901BLE68(F3:F0:16:BF:DC:AE)	-0.820	0.118	-0.051	17.822	-20.020	18.005	4.86	60.10	-38.74	-86.887	8.047	-30.513	-0.80688	-0.19589	-0.46381	0.30881	26.4	null	null	13113	75
2026-05-27T16:28:56.783	WT901BLE68(F3:F0:16:BF:DC:AE)	-0.922	0.139	0.068	80.750	-56.580	4.700	12.57	58.61	-38.40	-86.887	8.047	-30.513	-0.80688	-0.19589	-0.46381	0.30881	26.4	null	null	13113	75
2026-05-27T16:28:56.871	WT901BLE68(F3:F0:16:BF:DC:AE)	-0.986	0.167	0.540	101.685	-37.170	-22.827	19.52	55.65	-42.64	-86.887	8.047	-30.513	-0.80688	-0.19589	-0.46381	0.30881	26.4	null	null	13113	75
2026-05-27T16:28:56.995	WT901BLE68(F3:F0:16:BF:DC:AE)	-0.983	0.125	0.999	60.425	-47.058	-35.828	21.18	53.17	-49.42	-86.887	8.047	-30.513	-0.80688	-0.19589	-0.46381	0.30881	26.4	null	null	13113	75
2026-05-27T16:28:57.053	WT901BLE68(F3:F0:16:BF:DC:AE)	-0.722	0.111	1.007	-17.944	-13.611	-35.156	16.02	51.22	-55.94	-86.887	8.047	-30.513	-0.80688	-0.19589	-0.46381	0.30881	26.4	null	null	13113	75
2026-05-27T16:28:57.179	WT901BLE68(F3:F0:16:BF:DC:AE)	-0.662	-0.010	0.671	-51.453	2.380	3.967	9.86	51.43	-57.02	-86.887	8.047	-30.513	-0.80688	-0.19589	-0.46381	0.30881	26.4	null	null	13113	75
2026-05-27T16:28:57.265	WT901BLE68(F3:F0:16:BF:DC:AE)	-0.768	0.005	0.531	-45.898	54.260	30.884	8.13	53.16	-51.61	-86.887	8.047	-30.513	-0.80688	-0.19589	-0.46381	0.30881	26.4	null	null	13113	75
2026-05-27T16:28:57.381	WT901BLE68(F3:F0:16:BF:DC:AE)	-0.765	0.124	0.342	-55.908	44.556	44.128	9.42	57.52	-42.73	-86.313	10.267	-15.973	-0.80688	-0.19589	-0.46381	0.30881	26.4	null	null	13113	75
2026-05-27T16:28:57.479	WT901BLE68(F3:F0:16:BF:DC:AE)	-0.859	0.200	-0.011	-18.372	34.607	33.264	13.61	60.83	-32.79	-86.313	10.267	-15.973	-0.80688	-0.19589	-0.46381	0.30881	26.4	null	null	13113	75
2026-05-27T16:28:57.597	WT901BLE68(F3:F0:16:BF:DC:AE)	-0.909	0.214	-0.004	63.965	-35.400	9.827	20.71	60.15	-29.67	-86.313	10.267	-15.973	-0.80228	-0.25681	-0.45187	0.29343	26.4	null	null	13113	75
2026-05-27T16:28:57.653	WT901BLE68(F3:F0:16:BF:DC:AE)	-1.022	0.313	0.354	106.628	-60.059	-28.381	27.18	57.74	-36.20	-86.313	10.267	-15.973	-0.80228	-0.25681	-0.45187	0.29343	26.4	null	null	13113	75
2026-05-27T16:28:57.778	WT901BLE68(F3:F0:16:BF:DC:AE)	-0.815	0.228	0.853	75.806	-74.158	-45.654	26.33	52.90	-49.67	-86.313	10.267	-15.973	-0.80228	-0.25681	-0.45187	0.29343	26.4	null	null	13113	75
2026-05-27T16:28:57.865	WT901BLE68(F3:F0:16:BF:DC:AE)	-0.545	0.211	1.277	-1.282	-43.762	-16.968	22.48	48.56	-59.05	-86.313	10.267	-15.973	-0.80228	-0.25681	-0.45187	0.29343	26.4	null	null	13113	75
2026-05-27T16:28:57.985	WT901BLE68(F3:F0:16:BF:DC:AE)	-0.525	0.255	1.003	-80.627	65.186	31.433	18.78	49.24	-56.84	-86.313	10.267	-15.973	-0.80228	-0.25681	-0.45187	0.29343	26.4	null	null	13113	75
2026-05-27T16:28:58.082	WT901BLE68(F3:F0:16:BF:DC:AE)	-0.843	0.231	0.597	-113.220	102.112	45.410	17.51	56.37	-45.85	-86.313	10.267	-15.973	-0.80228	-0.25681	-0.45187	0.29343	26.4	null	null	13113	75
2026-05-27T16:28:58.198	WT901BLE68(F3:F0:16:BF:DC:AE)	-1.016	0.191	0.101	-110.779	75.562	31.860	17.14	63.07	-33.81	-86.313	10.267	-15.973	-0.80228	-0.25681	-0.45187	0.29343	26.4	null	null	13113	75
2026-05-27T16:28:58.283	WT901BLE68(F3:F0:16:BF:DC:AE)	-0.834	0.180	-0.203	-65.063	-48.706	21.423	15.59	65.64	-27.15	-82.413	18.960	-21.713	-0.80228	-0.25681	-0.45187	0.29343	26.4	null	null	13113	75
2026-05-27T16:28:58.404	WT901BLE68(F3:F0:16:BF:DC:AE)	-0.678	0.134	-0.219	52.490	-59.143	30.396	18.79	59.29	-27.81	-82.413	18.960	-21.713	-0.80228	-0.25681	-0.45187	0.29343	26.4	null	null	13113	75
2026-05-27T16:28:58.462	WT901BLE68(F3:F0:16:BF:DC:AE)	-0.741	0.364	0.093	144.043	-78.857	29.724	32.68	51.00	-30.72	-82.413	18.960	-21.713	-0.81177	-0.30374	-0.38721	0.31421	26.4	null	null	13113	75
2026-05-27T16:28:58.586	WT901BLE68(F3:F0:16:BF:DC:AE)	-0.984	0.642	0.769	152.466	-61.584	0.427	48.81	45.29	-37.88	-82.413	18.960	-21.713	-0.81177	-0.30374	-0.38721	0.31421	26.4	null	null	13113	75
2026-05-27T16:28:58.678	WT901BLE68(F3:F0:16:BF:DC:AE)	-0.896	0.535	1.194	42.603	23.804	-22.583	56.83	45.78	-44.98	-82.413	18.960	-21.713	-0.81177	-0.30374	-0.38721	0.31421	26.4	null	null	13113	75
2026-05-27T16:28:58.794	WT901BLE68(F3:F0:16:BF:DC:AE)	-0.917	0.449	0.927	-49.805	31.433	-20.935	56.53	49.91	-46.82	-82.413	18.960	-21.713	-0.81177	-0.30374	-0.38721	0.31421	26.4	null	null	13113	75
2026-05-27T16:28:58.884	WT901BLE68(F3:F0:16:BF:DC:AE)	-0.873	0.350	0.479	-85.388	73.608	-19.104	49.76	53.71	-48.34	-82.413	18.960	-21.713	-0.81177	-0.30374	-0.38721	0.31421	26.4	null	null	13113	75
2026-05-27T16:28:59.009	WT901BLE68(F3:F0:16:BF:DC:AE)	-0.906	0.217	-0.010	-72.266	79.712	-20.752	47.93	60.80	-43.52	-82.413	18.960	-21.713	-0.81177	-0.30374	-0.38721	0.31421	26.4	null	null	13113	75
2026-05-27T16:28:59.065	WT901BLE68(F3:F0:16:BF:DC:AE)	-0.897	0.148	-0.344	-12.085	44.861	-15.259	50.92	66.62	-39.00	-82.413	18.960	-21.713	-0.81177	-0.30374	-0.38721	0.31421	26.4	null	null	13113	75
2026-05-27T16:28:59.184	WT901BLE68(F3:F0:16:BF:DC:AE)	-0.956	0.211	-0.459	81.848	-53.589	-11.719	53.62	66.65	-45.23	-82.413	18.960	-21.713	-0.81177	-0.30374	-0.38721	0.31421	26.4	null	null	13113	60
2026-05-27T16:28:59.278	WT901BLE68(F3:F0:16:BF:DC:AE)	-1.025	0.445	-0.092	149.780	-191.650	-54.565	47.41	59.96	-72.53	-82.413	18.960	-21.713	-0.81177	-0.30374	-0.38721	0.31421	26.4	null	null	13113	60
2026-05-27T16:28:59.397	WT901BLE68(F3:F0:16:BF:DC:AE)	-0.765	0.587	0.391	149.231	-188.782	-121.399	37.79	51.18	-109.38	-82.413	18.960	-21.713	-0.81177	-0.30374	-0.38721	0.31421	26.4	null	null	13113	60
2026-05-27T16:28:59.485	WT901BLE68(F3:F0:16:BF:DC:AE)	-0.452	0.687	0.731	138.794	-154.480	-144.531	30.68	43.26	-143.76	-82.413	18.960	-21.713	-0.81177	-0.30374	-0.38721	0.31421	26.5	null	null	13113	60
2026-05-27T16:28:59.603	WT901BLE68(F3:F0:16:BF:DC:AE)	-0.280	0.610	0.862	40.222	-249.878	-116.333	25.43	33.69	-172.41	-82.413	18.960	-21.713	-0.81177	-0.30374	-0.38721	0.31421	26.5	null	null	13113	60
2026-05-27T16:28:59.693	WT901BLE68(F3:F0:16:BF:DC:AE)	0.133	0.303	0.827	-19.104	-102.722	-76.050	17.39	16.69	169.80	-73.160	-7.893	11.887	-0.81177	-0.30374	-0.38721	0.31421	26.5	null	null	13113	60
2026-05-27T16:28:59.815	WT901BLE68(F3:F0:16:BF:DC:AE)	0.066	0.342	0.687	36.560	-34.424	-40.039	16.98	12.99	167.48	-73.160	-7.893	11.887	-0.81177	-0.30374	-0.38721	0.31421	26.5	null	null	13113	60
2026-05-27T16:28:59.873	WT901BLE68(F3:F0:16:BF:DC:AE)	0.302	0.428	0.674	103.577	-66.711	-36.987	24.00	8.41	166.44	-73.160	-7.893	11.887	0.12646	-0.07422	0.18301	0.97208	26.5	null	null	13113	60
2026-05-27T16:28:59.997	WT901BLE68(F3:F0:16:BF:DC:AE)	0.403	0.702	0.956	74.890	-86.853	-0.244	33.67	1.99	165.33	-73.160	-7.893	11.887	0.12646	-0.07422	0.18301	0.97208	26.5	null	null	13113	60
2026-05-27T16:29:00.086	WT901BLE68(F3:F0:16:BF:DC:AE)	0.367	0.751	1.000	27.344	3.723	19.531	39.55	-2.42	168.62	-73.160	-7.893	11.887	0.12646	-0.07422	0.18301	0.97208	26.5	null	null	13113	60
2026-05-27T16:29:00.205	WT901BLE68(F3:F0:16:BF:DC:AE)	0.169	0.720	0.928	-30.151	62.317	16.418	39.44	-1.20	177.11	-73.160	-7.893	11.887	0.12646	-0.07422	0.18301	0.97208	26.5	null	null	13113	60
2026-05-27T16:29:00.295	WT901BLE68(F3:F0:16:BF:DC:AE)	0.194	0.626	0.784	-43.396	77.820	12.878	35.90	2.64	-173.75	-73.160	-7.893	11.887	0.12646	-0.07422	0.18301	0.97208	26.5	null	null	13113	60
2026-05-27T16:29:00.413	WT901BLE68(F3:F0:16:BF:DC:AE)	0.141	0.547	0.788	-32.410	99.731	32.410	33.38	8.14	-163.32	-73.160	-7.893	11.887	0.12646	-0.07422	0.18301	0.97208	26.5	null	null	13113	60
2026-05-27T16:29:00.473	WT901BLE68(F3:F0:16:BF:DC:AE)	-0.019	0.562	0.911	-36.987	123.901	58.716	32.73	13.58	-150.23	-73.160	-7.893	11.887	0.12646	-0.07422	0.18301	0.97208	26.5	null	null	13113	60
2026-05-27T16:29:00.592	WT901BLE68(F3:F0:16:BF:DC:AE)	-0.220	0.515	0.813	-61.523	171.387	72.815	32.38	21.20	-133.15	-68.447	-3.220	14.807	0.12646	-0.07422	0.18301	0.97208	26.5	null	null	13113	60
2026-05-27T16:29:00.685	WT901BLE68(F3:F0:16:BF:DC:AE)	-0.500	0.458	0.673	-89.233	131.165	86.243	32.73	29.46	-113.37	-68.447	-3.220	14.807	0.12646	-0.07422	0.18301	0.97208	26.5	null	null	13113	60
2026-05-27T16:29:00.802	WT901BLE68(F3:F0:16:BF:DC:AE)	-0.670	0.385	0.561	-94.177	103.210	82.703	31.44	33.56	-95.49	-68.447	-3.220	14.807	-0.50812	-0.37170	0.04846	0.77539	26.5	null	null	13113	60
2026-05-27T16:29:00.896	WT901BLE68(F3:F0:16:BF:DC:AE)	-0.804	0.218	0.456	-85.571	83.008	63.049	30.30	37.97	-79.61	-68.447	-3.220	14.807	-0.50812	-0.37170	0.04846	0.77539	26.5	null	null	13113	60
2026-05-27T16:29:01.013	WT901BLE68(F3:F0:16:BF:DC:AE)	-0.947	0.155	0.508	-61.829	46.570	52.795	29.42	41.15	-67.05	-68.447	-3.220	14.807	-0.50812	-0.37170	0.04846	0.77539	26.5	null	null	13113	60
2026-05-27T16:29:01.102	WT901BLE68(F3:F0:16:BF:DC:AE)	-0.995	0.146	0.618	-47.791	15.869	19.165	27.52	42.86	-58.66	-68.447	-3.220	14.807	-0.50812	-0.37170	0.04846	0.77539	26.5	null	null	13113	60
2026-05-27T16:29:01.227	WT901BLE68(F3:F0:16:BF:DC:AE)	-0.434	0.051	0.374	-67.444	6.897	-9.827	21.44	43.95	-56.09	-68.447	-3.220	14.807	-0.50812	-0.37170	0.04846	0.77539	26.5	null	null	13113	60
2026-05-27T16:29:01.286	WT901BLE68(F3:F0:16:BF:DC:AE)	-0.796	-0.022	0.620	-70.068	5.432	-14.648	12.63	45.83	-55.57	-68.447	-3.220	14.807	-0.50812	-0.37170	0.04846	0.77539	26.5	null	null	13113	60
2026-05-27T16:29:01.409	WT901BLE68(F3:F0:16:BF:DC:AE)	-0.614	-0.099	0.552	-44.861	131.653	-16.174	5.26	49.89	-54.95	-68.447	-3.220	14.807	-0.50812	-0.37170	0.04846	0.77539	26.5	null	null	13113	60
2026-05-27T16:29:01.495	WT901BLE68(F3:F0:16:BF:DC:AE)	-0.899	-0.080	0.029	-50.781	182.312	-4.700	-0.32	69.78	-54.06	-85.887	9.633	-19.493	-0.50812	-0.37170	0.04846	0.77539	26.5	null	null	13113	60
2026-05-27T16:29:01.614	WT901BLE68(F3:F0:16:BF:DC:AE)	-0.839	0.044	-0.249	-39.001	65.125	21.118	-3.86	80.01	-50.39	-85.887	9.633	-19.493	-0.50812	-0.37170	0.04846	0.77539	26.5	null	null	13113	60
2026-05-27T16:29:01.706	WT901BLE68(F3:F0:16:BF:DC:AE)	-0.778	0.138	-0.304	23.071	-47.302	50.293	14.69	81.25	-24.74	-85.887	9.633	-19.493	-0.70081	-0.24188	-0.61273	0.27353	26.5	null	null	13113	60
2026-05-27T16:29:01.824	WT901BLE68(F3:F0:16:BF:DC:AE)	-0.886	0.250	-0.067	88.013	-16.602	55.969	33.96	76.10	-5.40	-85.887	9.633	-19.493	-0.70081	-0.24188	-0.61273	0.27353	26.5	null	null	13113	60
2026-05-27T16:29:01.887	WT901BLE68(F3:F0:16:BF:DC:AE)	-1.184	0.250	0.071	78.857	21.973	24.719	60.46	76.06	19.27	-85.887	9.633	-19.493	-0.70081	-0.24188	-0.61273	0.27353	26.5	null	null	13113	60
2026-05-27T16:29:02.004	WT901BLE68(F3:F0:16:BF:DC:AE)	-1.311	0.165	0.262	46.875	-6.226	-5.493	70.74	75.68	21.32	-85.887	9.633	-19.493	-0.70081	-0.24188	-0.61273	0.27353	26.5	null	null	13113	60
2026-05-27T16:29:02.096	WT901BLE68(F3:F0:16:BF:DC:AE)	-1.257	0.129	0.365	-18.921	-48.828	-40.588	55.24	77.07	-1.90	-85.887	9.633	-19.493	-0.70081	-0.24188	-0.61273	0.27353	26.5	null	null	13113	60
2026-05-27T16:29:02.247	WT901BLE68(F3:F0:16:BF:DC:AE)	-0.974	0.046	0.258	-57.495	-21.179	-40.161	24.38	77.10	-35.16	-85.887	9.633	-19.493	-0.70081	-0.24188	-0.61273	0.27353	26.5	null	null	13113	60
2026-05-27T16:29:02.301	WT901BLE68(F3:F0:16:BF:DC:AE)	-0.896	0.012	0.144	-71.960	-16.418	-20.569	3.64	76.00	-56.08	-85.887	9.633	-19.493	-0.70081	-0.24188	-0.61273	0.27353	26.5	null	null	13113	60
2026-05-27T16:29:02.423	WT901BLE68(F3:F0:16:BF:DC:AE)	-0.838	0.077	-0.022	-68.420	4.822	-2.075	-7.06	77.06	-66.48	-84.920	11.100	-35.800	-0.70081	-0.24188	-0.61273	0.27353	26.5	null	null	13113	60
2026-05-27T16:29:02.512	WT901BLE68(F3:F0:16:BF:DC:AE)	-0.720	0.087	-0.194	-23.499	-28.381	31.067	-5.36	76.37	-57.16	-84.920	11.100	-35.800	-0.70081	-0.24188	-0.61273	0.27353	26.5	null	null	13113	60
2026-05-27T16:29:02.633	WT901BLE68(F3:F0:16:BF:DC:AE)	-0.858	0.141	-0.097	53.772	-41.870	46.692	11.39	73.52	-39.34	-84.920	11.100	-35.800	-0.72366	-0.26379	-0.54620	0.32907	26.5	null	null	13113	60
2026-05-27T16:29:02.694	WT901BLE68(F3:F0:16:BF:DC:AE)	-1.043	0.205	0.116	90.332	-51.331	36.438	26.74	69.14	-29.03	-84.920	11.100	-35.800	-0.72366	-0.26379	-0.54620	0.32907	26.5	null	null	13113	60
2026-05-27T16:29:02.817	WT901BLE68(F3:F0:16:BF:DC:AE)	-1.207	0.272	0.497	92.346	-77.698	7.141	32.44	63.35	-29.17	-84.920	11.100	-35.800	-0.72366	-0.26379	-0.54620	0.32907	26.5	null	null	13113	60
2026-05-27T16:29:02.903	WT901BLE68(F3:F0:16:BF:DC:AE)	-1.099	0.268	0.871	36.316	-70.679	-42.358	27.72	58.30	-36.81	-84.920	11.100	-35.800	-0.72366	-0.26379	-0.54620	0.32907	26.5	null	null	13113	60
2026-05-27T16:29:03.025	WT901BLE68(F3:F0:16:BF:DC:AE)	-0.906	0.160	0.783	-22.217	-17.273	-53.894	17.54	56.85	-43.82	-84.920	11.100	-35.800	-0.72366	-0.26379	-0.54620	0.32907	26.5	null	null	13113	60
2026-05-27T16:29:03.120	WT901BLE68(F3:F0:16:BF:DC:AE)	-0.797	0.046	0.624	-46.753	-10.010	-32.349	7.42	56.60	-46.93	-84.920	11.100	-35.800	-0.72366	-0.26379	-0.54620	0.32907	26.5	null	null	13113	60
2026-05-27T16:29:03.236	WT901BLE68(F3:F0:16:BF:DC:AE)	-0.806	0.005	0.361	-47.119	94.788	-13.794	0.25	61.31	-45.59	-84.920	11.100	-35.800	-0.72366	-0.26379	-0.54620	0.32907	26.5	null	null	13113	60
2026-05-27T16:29:03.293	WT901BLE68(F3:F0:16:BF:DC:AE)	-0.705	0.041	0.074	-35.217	50.659	4.822	-4.62	67.01	-42.32	-88.000	6.433	-24.253	-0.72366	-0.26379	-0.54620	0.32907	26.5	null	null	13113	60
2026-05-27T16:29:03.416	WT901BLE68(F3:F0:16:BF:DC:AE)	-0.710	0.140	-0.097	5.737	-24.902	39.185	0.86	68.61	-32.12	-88.000	6.433	-24.253	-0.72366	-0.26379	-0.54620	0.32907	26.5	null	null	13113	60
2026-05-27T16:29:03.501	WT901BLE68(F3:F0:16:BF:DC:AE)	-0.854	0.260	0.001	95.276	-52.429	41.077	17.33	65.84	-22.07	-88.000	6.433	-24.253	-0.79712	-0.19232	-0.52451	0.22888	26.5	null	null	13113	60
2026-05-27T16:29:03.624	WT901BLE68(F3:F0:16:BF:DC:AE)	-0.891	0.396	0.466	115.234	-43.152	17.456	31.57	61.08	-20.38	-88.000	6.433	-24.253	-0.79712	-0.19232	-0.52451	0.22888	26.5	null	null	13113	60
2026-05-27T16:29:03.719	WT901BLE68(F3:F0:16:BF:DC:AE)	-0.963	0.367	1.016	53.162	-18.738	10.193	38.47	57.96	-20.99	-88.000	6.433	-24.253	-0.79712	-0.19232	-0.52451	0.22888	26.5	null	null	13113	60
2026-05-27T16:29:03.836	WT901BLE68(F3:F0:16:BF:DC:AE)	-0.950	0.446	1.096	-40.222	8.423	0.977	39.01	56.18	-19.58	-88.000	6.433	-24.253	-0.79712	-0.19232	-0.52451	0.22888	26.5	null	null	13113	60
2026-05-27T16:29:03.928	WT901BLE68(F3:F0:16:BF:DC:AE)	-0.862	0.427	0.684	-106.445	66.040	-9.766	34.05	58.61	-14.44	-88.000	6.433	-24.253	-0.79712	-0.19232	-0.52451	0.22888	26.5	null	null	13113	60
2026-05-27T16:29:04.046	WT901BLE68(F3:F0:16:BF:DC:AE)	-0.778	0.260	0.304	-113.586	80.017	-10.132	27.08	64.08	-7.95	-88.000	6.433	-24.253	-0.79712	-0.19232	-0.52451	0.22888	26.5	null	null	13113	60
2026-05-27T16:29:04.103	WT901BLE68(F3:F0:16:BF:DC:AE)	-0.731	0.083	-0.011	-93.201	88.074	14.954	26.58	71.04	3.22	-88.000	6.433	-24.253	-0.79712	-0.19232	-0.52451	0.22888	26.5	null	null	13113	60
2026-05-27T16:29:04.224	WT901BLE68(F3:F0:16:BF:DC:AE)	-0.752	0.052	-0.428	-60.303	42.419	42.542	42.52	76.26	27.78	-81.920	17.973	-32.020	-0.79712	-0.19232	-0.52451	0.22888	26.5	null	null	13113	60
2026-05-27T16:29:04.318	WT901BLE68(F3:F0:16:BF:DC:AE)	-0.920	0.144	-0.699	56.763	-41.321	54.749	60.28	72.67	42.53	-81.920	17.973	-32.020	-0.79712	-0.19232	-0.52451	0.22888	26.5	null	null	13113	60
2026-05-27T16:29:04.431	WT901BLE68(F3:F0:16:BF:DC:AE)	-1.082	0.439	-0.450	177.368	-128.723	23.621	66.23	65.08	30.59	-81.920	17.973	-32.020	-0.75818	-0.25854	-0.59625	0.05176	26.5	null	null	13113	60
2026-05-27T16:29:04.526	WT901BLE68(F3:F0:16:BF:DC:AE)	-1.085	0.845	-0.021	212.891	-231.995	-63.049	62.30	58.97	-1.80	-81.920	17.973	-32.020	-0.75818	-0.25854	-0.59625	0.05176	26.5	null	null	13113	60
2026-05-27T16:29:04.644	WT901BLE68(F3:F0:16:BF:DC:AE)	-0.683	0.882	0.437	147.034	-291.931	-138.306	43.32	51.26	-50.42	-81.920	17.973	-32.020	-0.75818	-0.25854	-0.59625	0.05176	26.5	null	null	13113	60
2026-05-27T16:29:04.704	WT901BLE68(F3:F0:16:BF:DC:AE)	-0.244	0.704	0.607	64.392	-310.730	-112.915	28.55	35.06	-89.42	-81.920	17.973	-32.020	-0.75818	-0.25854	-0.59625	0.05176	26.5	null	null	13113	60
2026-05-27T16:29:04.827	WT901BLE68(F3:F0:16:BF:DC:AE)	0.381	0.454	0.245	71.289	-139.282	-98.206	25.13	13.80	-112.63	-81.920	17.973	-32.020	-0.75818	-0.25854	-0.59625	0.05176	26.5	null	null	13113	60
2026-05-27T16:29:04.911	WT901BLE68(F3:F0:16:BF:DC:AE)	0.418	0.857	0.878	68.115	-59.387	-48.645	32.46	4.03	-125.41	-81.920	17.973	-32.020	-0.75818	-0.25854	-0.59625	0.05176	26.5	null	null	13113	60
2026-05-27T16:29:05.040	WT901BLE68(F3:F0:16:BF:DC:AE)	0.211	0.796	0.847	22.766	14.099	-24.048	37.58	3.66	-127.72	-81.920	17.973	-32.020	-0.75818	-0.25854	-0.59625	0.05176	26.5	null	null	13113	60
2026-05-27T16:29:05.128	WT901BLE68(F3:F0:16:BF:DC:AE)	0.158	0.676	0.817	14.587	7.507	-9.949	39.72	4.11	-127.64	-53.640	-1.580	23.453	-0.75818	-0.25854	-0.59625	0.05176	26.5	null	null	13113	60
2026-05-27T16:29:05.247	WT901BLE68(F3:F0:16:BF:DC:AE)	0.119	0.761	0.776	-0.183	31.067	12.573	40.75	4.48	-125.22	-53.640	-1.580	23.453	-0.75818	-0.25854	-0.59625	0.05176	26.5	null	null	13113	60
2026-05-27T16:29:05.334	WT901BLE68(F3:F0:16:BF:DC:AE)	0.074	0.792	0.741	-13.123	51.331	25.146	40.78	5.78	-119.76	-53.640	-1.580	23.453	-0.43506	-0.20306	0.28665	0.82898	26.5	null	null	13113	60
2026-05-27T16:29:05.456	WT901BLE68(F3:F0:16:BF:DC:AE)	0.070	0.748	0.689	-21.301	76.599	42.847	40.08	7.38	-112.55	-53.640	-1.580	23.453	-0.43506	-0.20306	0.28665	0.82898	26.5	null	null	13113	60
2026-05-27T16:29:05.517	WT901BLE68(F3:F0:16:BF:DC:AE)	-0.038	0.719	0.760	-28.992	95.032	75.562	39.50	9.43	-101.98	-53.640	-1.580	23.453	-0.43506	-0.20306	0.28665	0.82898	26.5	null	null	13113	60
2026-05-27T16:29:05.634	WT901BLE68(F3:F0:16:BF:DC:AE)	-0.219	0.700	0.805	-57.861	125.549	87.036	38.51	13.02	-87.63	-53.640	-1.580	23.453	-0.43506	-0.20306	0.28665	0.82898	26.5	null	null	13113	60
2026-05-27T16:29:05.725	WT901BLE68(F3:F0:16:BF:DC:AE)	-0.276	0.619	0.843	-93.262	163.391	91.370	35.18	17.51	-71.80	-53.640	-1.580	23.453	-0.43506	-0.20306	0.28665	0.82898	26.5	null	null	13113	60
2026-05-27T16:29:05.849	WT901BLE68(F3:F0:16:BF:DC:AE)	-0.566	0.454	0.875	-145.996	172.607	78.003	30.00	26.48	-53.45	-53.640	-1.580	23.453	-0.43506	-0.20306	0.28665	0.82898	26.5	null	null	13113	60
2026-05-27T16:29:05.934	WT901BLE68(F3:F0:16:BF:DC:AE)	-0.996	0.284	0.578	-152.588	84.229	33.813	22.59	37.47	-39.19	-53.640	-1.580	23.453	-0.43506	-0.20306	0.28665	0.82898	26.5	null	null	13113	60
2026-05-27T16:29:06.054	WT901BLE68(F3:F0:16:BF:DC:AE)	-0.861	0.089	0.438	-105.835	4.944	-6.348	11.99	40.41	-36.17	-82.627	10.480	-7.780	-0.43506	-0.20306	0.28665	0.82898	26.5	null	null	13113	60
2026-05-27T16:29:06.116	WT901BLE68(F3:F0:16:BF:DC:AE)	-0.688	-0.155	0.559	-65.918	2.075	-16.602	2.76	41.73	-38.03	-82.627	10.480	-7.780	-0.43506	-0.20306	0.28665	0.82898	26.5	null	null	13113	60
2026-05-27T16:29:06.238	WT901BLE68(F3:F0:16:BF:DC:AE)	-0.508	-0.265	0.544	-59.143	2.991	17.090	-3.93	42.79	-38.39	-82.627	10.480	-7.780	-0.43506	-0.20306	0.28665	0.82898	26.5	null	null	13113	60
2026-05-27T16:29:06.321	WT901BLE68(F3:F0:16:BF:DC:AE)	-0.467	-0.132	0.463	-58.411	61.707	74.768	-6.15	45.31	-32.06	-82.627	10.480	-7.780	-0.88599	-0.07715	-0.36011	0.28162	26.5	null	null	13113	60
2026-05-27T16:29:06.451	WT901BLE68(F3:F0:16:BF:DC:AE)	-0.827	0.070	0.094	-52.917	100.220	82.458	-3.57	55.71	-20.07	-82.627	10.480	-7.780	-0.88599	-0.07715	-0.36011	0.28162	26.5	null	null	13113	60
2026-05-27T16:29:06.540	WT901BLE68(F3:F0:16:BF:DC:AE)	-1.052	0.184	-0.105	36.621	11.414	56.519	7.12	62.13	-6.56	-82.627	10.480	-7.780	-0.88599	-0.07715	-0.36011	0.28162	26.5	null	null	13113	60
2026-05-27T16:29:06.652	WT901BLE68(F3:F0:16:BF:DC:AE)	-0.906	0.387	0.102	87.463	-84.961	2.747	19.18	58.11	-4.28	-82.627	10.480	-7.780	-0.88599	-0.07715	-0.36011	0.28162	26.5	null	null	13113	60
2026-05-27T16:29:06.749	WT901BLE68(F3:F0:16:BF:DC:AE)	-0.883	0.219	0.635	112.610	-57.617	-5.615	25.68	50.77	-12.18	-82.627	10.480	-7.780	-0.88599	-0.07715	-0.36011	0.28162	26.5	null	null	13113	60
2026-05-27T16:29:06.867	WT901BLE68(F3:F0:16:BF:DC:AE)	-0.917	0.298	1.278	83.435	-62.317	-16.785	32.04	46.20	-18.98	-82.627	10.480	-7.780	-0.88599	-0.07715	-0.36011	0.28162	26.5	null	null	13113	60
2026-05-27T16:29:06.922	WT901BLE68(F3:F0:16:BF:DC:AE)	-0.692	0.261	1.399	-35.889	4.028	-36.682	28.45	44.86	-26.83	-78.333	22.120	-16.060	-0.88599	-0.07715	-0.36011	0.28162	26.5	null	null	13113	60
2026-05-27T16:29:07.045	WT901BLE68(F3:F0:16:BF:DC:AE)	-0.713	0.211	0.696	-85.693	113.220	-31.128	20.53	52.68	-28.10	-78.333	22.120	-16.060	-0.88599	-0.07715	-0.36011	0.28162	26.5	null	null	13113	60
2026-05-27T16:29:07.132	WT901BLE68(F3:F0:16:BF:DC:AE)	-0.753	0.109	0.232	-83.862	108.398	-13.306	13.08	63.52	-27.70	-78.333	22.120	-16.060	-0.81723	-0.23212	-0.45145	0.27267	26.5	null	null	13113	60
2026-05-27T16:29:07.257	WT901BLE68(F3:F0:16:BF:DC:AE)	-0.855	0.138	-0.152	-56.030	8.972	22.644	10.14	68.24	-24.83	-78.333	22.120	-16.060	-0.81723	-0.23212	-0.45145	0.27267	26.5	null	null	13113	60
2026-05-27T16:29:07.348	WT901BLE68(F3:F0:16:BF:DC:AE)	-0.801	0.188	-0.215	39.246	-52.795	14.893	15.56	63.36	-22.87	-78.333	22.120	-16.060	-0.81723	-0.23212	-0.45145	0.27267	26.5	null	null	13113	60
2026-05-27T16:29:07.464	WT901BLE68(F3:F0:16:BF:DC:AE)	-0.746	0.293	0.117	100.891	-54.321	-7.751	24.19	57.35	-29.06	-78.333	22.120	-16.060	-0.81723	-0.23212	-0.45145	0.27267	26.5	null	null	13113	60
2026-05-27T16:29:07.525	WT901BLE68(F3:F0:16:BF:DC:AE)	-0.818	0.383	0.321	125.061	-18.921	-13.367	35.02	56.02	-36.23	-78.333	22.120	-16.060	-0.81723	-0.23212	-0.45145	0.27267	26.5	null	null	13113	60
2026-05-27T16:29:07.645	WT901BLE68(F3:F0:16:BF:DC:AE)	-1.157	0.415	1.121	117.065	-1.099	-2.014	48.25	57.08	-39.34	-78.333	22.120	-16.060	-0.81723	-0.23212	-0.45145	0.27267	26.5	null	null	13113	60
2026-05-27T16:29:07.736	WT901BLE68(F3:F0:16:BF:DC:AE)	-0.896	0.267	1.487	-22.278	-21.179	-11.475	46.98	55.88	-47.66	-78.333	22.120	-16.060	-0.81723	-0.23212	-0.45145	0.27267	26.5	null	null	13113	60
2026-05-27T16:29:07.851	WT901BLE68(F3:F0:16:BF:DC:AE)	-0.885	0.248	0.721	-120.178	73.975	-5.432	37.99	58.07	-48.70	-81.767	14.700	-29.587	-0.81723	-0.23212	-0.45145	0.27267	26.5	null	null	13113	60
2026-05-27T16:29:07.947	WT901BLE68(F3:F0:16:BF:DC:AE)	-0.983	0.122	0.014	-104.492	64.819	-16.113	32.34	66.18	-43.18	-81.767	14.700	-29.587	-0.81723	-0.23212	-0.45145	0.27267	26.5	null	null	13113	60
2026-05-27T16:29:08.063	WT901BLE68(F3:F0:16:BF:DC:AE)	-0.983	0.056	-0.266	-34.546	-24.780	-6.653	27.59	69.02	-45.10	-81.767	14.700	-29.587	-0.68796	-0.39713	-0.43213	0.42679	26.5	null	null	13113	60
2026-05-27T16:29:08.152	WT901BLE68(F3:F0:16:BF:DC:AE)	-0.970	0.023	-0.572	57.007	-38.696	-19.531	22.02	65.70	-53.05	-81.767	14.700	-29.587	-0.68796	-0.39713	-0.43213	0.42679	26.5	null	null	13113	60
