time	DeviceName	AccX(g)	AccY(g)	AccZ(g)	AsX(°/s)	AsY(°/s)	AsZ(°/s)	AngleX(°)	AngleY(°)	AngleZ(°)	HX(uT)	HY(uT)	HZ(uT)	Q0()	Q1()	Q2()	Q3()	Temperature(°C)	Height(m)	Pressure(kPa)	Version()	Battery level(%)
2026-05-27T16:34:30.262	WT901BLE68(F3:F0:16:BF:DC:AE)	0.785	0.077	0.861	34.851	-9.949	57.739	17.34	-40.90	-13.46	-11.413	32.740	6.707	-0.79590	-0.54352	0.26120	0.05319	26.5	null	null	13113	60
2026-05-27T16:34:30.373	WT901BLE68(F3:F0:16:BF:DC:AE)	0.615	0.152	0.943	12.512	50.537	62.012	14.07	-37.13	-4.22	-11.413	32.740	6.707	-0.79590	-0.54352	0.26120	0.05319	26.5	null	null	13113	60
2026-05-27T16:34:30.457	WT901BLE68(F3:F0:16:BF:DC:AE)	0.709	-0.079	1.147	-32.715	44.434	70.618	6.94	-35.22	3.78	-11.413	32.740	6.707	-0.94382	-0.09723	0.31512	-0.01834	26.5	null	null	13113	60
2026-05-27T16:34:30.581	WT901BLE68(F3:F0:16:BF:DC:AE)	0.692	-0.213	1.192	-78.369	99.548	88.135	-3.95	-27.87	12.45	-11.413	32.740	6.707	-0.94382	-0.09723	0.31512	-0.01834	26.5	null	null	13113	60
2026-05-27T16:34:30.673	WT901BLE68(F3:F0:16:BF:DC:AE)	0.316	-0.296	0.763	-135.498	39.490	75.134	-18.64	-18.83	16.30	-11.413	32.740	6.707	-0.94382	-0.09723	0.31512	-0.01834	26.5	null	null	13113	60
2026-05-27T16:34:30.791	WT901BLE68(F3:F0:16:BF:DC:AE)	0.079	-0.227	0.349	-43.030	41.870	-16.724	-30.04	-15.72	13.74	-11.413	32.740	6.707	-0.94382	-0.09723	0.31512	-0.01834	26.5	null	null	13113	60
2026-05-27T16:34:30.879	WT901BLE68(F3:F0:16:BF:DC:AE)	0.525	0.165	0.266	45.837	-71.594	-14.709	-29.08	-19.46	5.92	-11.413	32.740	6.707	-0.94382	-0.09723	0.31512	-0.01834	26.5	null	null	13113	60
2026-05-27T16:34:31.002	WT901BLE68(F3:F0:16:BF:DC:AE)	0.406	-0.083	0.573	76.294	-48.706	48.279	-26.21	-25.09	5.86	-11.413	32.740	6.707	-0.94382	-0.09723	0.31512	-0.01834	26.5	null	null	13113	60
2026-05-27T16:34:31.060	WT901BLE68(F3:F0:16:BF:DC:AE)	0.256	-0.559	1.455	79.407	11.475	9.033	-19.64	-27.75	4.81	4.027	-10.047	23.407	-0.94382	-0.09723	0.31512	-0.01834	26.5	null	null	13113	60
2026-05-27T16:34:31.182	WT901BLE68(F3:F0:16:BF:DC:AE)	0.230	-0.666	1.929	-41.748	55.786	8.667	-16.34	-24.27	2.22	4.027	-10.047	23.407	-0.94382	-0.09723	0.31512	-0.01834	26.5	null	null	13113	60
2026-05-27T16:34:31.272	WT901BLE68(F3:F0:16:BF:DC:AE)	0.246	-0.452	1.078	-117.981	75.562	11.292	-24.19	-16.76	-1.85	4.027	-10.047	23.407	-0.96970	0.17636	0.16663	0.02701	26.5	null	null	13113	60
2026-05-27T16:34:31.394	WT901BLE68(F3:F0:16:BF:DC:AE)	0.031	-0.423	0.380	-73.486	51.514	-15.442	-33.45	-10.74	-10.98	4.027	-10.047	23.407	-0.96970	0.17636	0.16663	0.02701	26.5	null	null	13113	60
2026-05-27T16:34:31.481	WT901BLE68(F3:F0:16:BF:DC:AE)	-0.007	-0.309	0.064	23.132	-19.775	-40.161	-35.73	-10.16	-20.10	4.027	-10.047	23.407	-0.96970	0.17636	0.16663	0.02701	26.5	null	null	13113	60
2026-05-27T16:34:31.605	WT901BLE68(F3:F0:16:BF:DC:AE)	0.372	-0.122	0.347	54.260	-27.893	-10.315	-32.53	-15.70	-22.48	4.027	-10.047	23.407	-0.96970	0.17636	0.16663	0.02701	26.5	null	null	13113	60
2026-05-27T16:34:31.660	WT901BLE68(F3:F0:16:BF:DC:AE)	0.321	-0.276	0.586	76.843	-146.606	-6.653	-28.01	-22.37	-23.01	4.027	-10.047	23.407	-0.96970	0.17636	0.16663	0.02701	26.5	null	null	13113	60
2026-05-27T16:34:31.784	WT901BLE68(F3:F0:16:BF:DC:AE)	0.803	-0.381	1.337	93.994	-58.838	-23.376	-21.65	-36.16	-21.14	4.027	-10.047	23.407	-0.96970	0.17636	0.16663	0.02701	26.5	null	null	13113	60
2026-05-27T16:34:31.871	WT901BLE68(F3:F0:16:BF:DC:AE)	0.674	-0.487	1.745	-4.211	1.160	12.878	-16.78	-37.73	-17.94	4.027	-10.047	23.407	-0.96970	0.17636	0.16663	0.02701	26.5	null	null	13113	60
2026-05-27T16:34:31.990	WT901BLE68(F3:F0:16:BF:DC:AE)	0.458	-0.482	1.201	-91.492	36.316	21.973	-22.46	-33.34	-12.22	4.027	-10.047	23.407	-0.96970	0.17636	0.16663	0.02701	26.5	null	null	13113	60
2026-05-27T16:34:32.082	WT901BLE68(F3:F0:16:BF:DC:AE)	0.386	-0.408	0.480	-91.736	41.443	10.925	-32.35	-28.75	-9.03	11.213	-6.540	17.420	-0.96970	0.17636	0.16663	0.02701	26.5	null	null	13113	60
2026-05-27T16:34:32.201	WT901BLE68(F3:F0:16:BF:DC:AE)	0.277	-0.340	0.167	-27.771	16.602	-17.212	-37.40	-25.74	-17.96	11.213	-6.540	17.420	-0.90884	0.32727	0.17816	0.18716	26.5	null	null	13113	60
2026-05-27T16:34:32.291	WT901BLE68(F3:F0:16:BF:DC:AE)	0.586	-0.142	0.050	86.670	-22.583	-0.305	-35.50	-29.17	-21.37	11.213	-6.540	17.420	-0.90884	0.32727	0.17816	0.18716	26.5	null	null	13113	60
2026-05-27T16:34:32.413	WT901BLE68(F3:F0:16:BF:DC:AE)	0.640	0.278	0.537	141.296	-68.848	30.823	-27.41	-33.11	-19.87	11.213	-6.540	17.420	-0.90884	0.32727	0.17816	0.18716	26.5	null	null	13113	60
2026-05-27T16:34:32.471	WT901BLE68(F3:F0:16:BF:DC:AE)	0.426	0.145	1.318	79.041	-77.759	-52.490	-18.28	-40.82	-20.94	11.213	-6.540	17.420	-0.90884	0.32727	0.17816	0.18716	26.5	null	null	13113	60
2026-05-27T16:34:32.624	WT901BLE68(F3:F0:16:BF:DC:AE)	0.754	0.175	1.635	-43.213	-96.924	-144.409	-7.75	-51.18	-26.94	11.213	-6.540	17.420	-0.90884	0.32727	0.17816	0.18716	26.5	null	null	13113	60
2026-05-27T16:34:32.681	WT901BLE68(F3:F0:16:BF:DC:AE)	1.055	0.243	0.889	-176.331	-6.653	-171.814	1.29	-55.37	-48.32	11.213	-6.540	17.420	-0.90884	0.32727	0.17816	0.18716	26.5	null	null	13113	60
2026-05-27T16:34:32.806	WT901BLE68(F3:F0:16:BF:DC:AE)	0.923	0.220	0.475	-154.663	168.213	-187.988	4.89	-43.11	-72.42	11.213	-6.540	17.420	-0.90884	0.32727	0.17816	0.18716	26.5	null	null	13113	60
2026-05-27T16:34:32.890	WT901BLE68(F3:F0:16:BF:DC:AE)	0.753	0.221	0.438	-97.473	20.142	-174.744	6.77	-33.81	-93.27	-13.800	17.060	19.387	-0.90884	0.32727	0.17816	0.18716	26.5	null	null	13113	60
2026-05-27T16:34:33.012	WT901BLE68(F3:F0:16:BF:DC:AE)	0.661	0.185	0.500	-49.438	-8.240	-151.672	10.82	-32.78	-111.18	-13.800	17.060	19.387	-0.90884	0.32727	0.17816	0.18716	26.5	null	null	13113	60
2026-05-27T16:34:33.071	WT901BLE68(F3:F0:16:BF:DC:AE)	0.564	0.043	0.491	-3.235	-29.175	-156.067	18.52	-32.35	-127.65	-13.800	17.060	19.387	-0.50558	0.17923	0.24280	0.80823	26.5	null	null	13113	60
2026-05-27T16:34:33.192	WT901BLE68(F3:F0:16:BF:DC:AE)	0.799	0.154	0.855	126.038	33.325	-185.303	32.87	-25.21	-142.49	-13.800	17.060	19.387	-0.50558	0.17923	0.24280	0.80823	26.5	null	null	13113	60
2026-05-27T16:34:33.280	WT901BLE68(F3:F0:16:BF:DC:AE)	0.288	0.926	0.924	96.863	18.616	-128.174	48.54	-12.06	-148.98	-13.800	17.060	19.387	-0.50558	0.17923	0.24280	0.80823	26.5	null	null	13113	60
2026-05-27T16:34:33.408	WT901BLE68(F3:F0:16:BF:DC:AE)	0.529	0.792	0.889	21.973	-19.104	-8.789	54.49	-9.39	-151.88	-13.800	17.060	19.387	-0.50558	0.17923	0.24280	0.80823	26.5	null	null	13113	60
2026-05-27T16:34:33.489	WT901BLE68(F3:F0:16:BF:DC:AE)	0.430	0.670	0.593	41.016	40.588	48.584	56.44	-11.49	-145.80	-13.800	17.060	19.387	-0.50558	0.17923	0.24280	0.80823	26.5	null	null	13113	60
2026-05-27T16:34:33.615	WT901BLE68(F3:F0:16:BF:DC:AE)	0.727	0.787	0.640	80.078	67.444	105.103	60.40	-16.28	-134.14	-13.800	17.060	19.387	-0.50558	0.17923	0.24280	0.80823	26.5	null	null	13113	60
2026-05-27T16:34:33.704	WT901BLE68(F3:F0:16:BF:DC:AE)	0.817	0.854	0.778	28.503	37.354	172.424	61.21	-26.76	-118.36	-13.800	17.060	19.387	-0.50558	0.17923	0.24280	0.80823	26.5	null	null	13113	60
2026-05-27T16:34:33.793	WT901BLE68(F3:F0:16:BF:DC:AE)	1.021	0.775	0.857	-36.743	57.739	222.229	49.33	-40.43	-96.98	-38.513	35.047	-0.060	-0.50558	0.17923	0.24280	0.80823	26.5	null	null	13113	60
2026-05-27T16:34:33.912	WT901BLE68(F3:F0:16:BF:DC:AE)	1.140	0.585	0.692	-62.866	47.363	252.380	21.04	-50.17	-63.18	-38.513	35.047	-0.060	-0.50558	0.17923	0.24280	0.80823	26.5	null	null	13113	60
2026-05-27T16:34:33.999	WT901BLE68(F3:F0:16:BF:DC:AE)	0.836	0.315	0.595	-73.730	43.945	206.848	-11.13	-46.94	-28.08	-38.513	35.047	-0.060	-0.86285	0.15747	0.38245	0.29031	26.5	null	null	13113	60
2026-05-27T16:34:34.095	WT901BLE68(F3:F0:16:BF:DC:AE)	0.491	0.134	0.272	-52.063	-31.738	117.554	-31.14	-43.26	-9.58	-38.513	35.047	-0.060	-0.86285	0.15747	0.38245	0.29031	26.5	null	null	13113	60
2026-05-27T16:34:34.213	WT901BLE68(F3:F0:16:BF:DC:AE)	0.479	0.231	0.158	5.127	-3.540	52.429	-39.95	-43.56	-4.49	-38.513	35.047	-0.060	-0.86285	0.15747	0.38245	0.29031	26.5	null	null	13113	60
2026-05-27T16:34:34.302	WT901BLE68(F3:F0:16:BF:DC:AE)	0.580	0.134	0.026	115.784	-36.438	43.518	-39.96	-45.54	-0.70	-38.513	35.047	-0.060	-0.86285	0.15747	0.38245	0.29031	26.5	null	null	13113	60
2026-05-27T16:34:34.423	WT901BLE68(F3:F0:16:BF:DC:AE)	0.466	0.037	0.835	162.354	36.011	29.114	-27.70	-45.70	-1.60	-38.513	35.047	-0.060	-0.86285	0.15747	0.38245	0.29031	26.5	null	null	13113	60
2026-05-27T16:34:34.482	WT901BLE68(F3:F0:16:BF:DC:AE)	0.620	-0.149	1.789	83.923	-63.782	13.916	-18.90	-48.49	4.90	-38.513	35.047	-0.060	-0.86285	0.15747	0.38245	0.29031	26.5	null	null	13113	60
2026-05-27T16:34:34.606	WT901BLE68(F3:F0:16:BF:DC:AE)	0.560	-0.163	1.708	-46.143	50.354	13.733	-18.26	-45.29	9.56	-38.513	35.047	-0.060	-0.86285	0.15747	0.38245	0.29031	26.5	null	null	13113	60
2026-05-27T16:34:34.689	WT901BLE68(F3:F0:16:BF:DC:AE)	0.672	-0.170	1.005	-128.174	41.565	12.817	-27.36	-39.07	11.88	15.820	5.473	9.293	-0.86285	0.15747	0.38245	0.29031	26.5	null	null	13113	60
2026-05-27T16:34:34.816	WT901BLE68(F3:F0:16:BF:DC:AE)	0.354	-0.239	0.333	-106.384	45.593	-8.972	-37.82	-34.16	13.27	15.820	5.473	9.293	-0.86285	0.15747	0.38245	0.29031	26.5	null	null	13113	60
2026-05-27T16:34:34.900	WT901BLE68(F3:F0:16:BF:DC:AE)	0.381	-0.087	0.084	-8.667	10.681	-45.715	-40.18	-35.11	1.46	15.820	5.473	9.293	-0.89993	0.31927	0.28967	0.06470	26.5	null	null	13113	60
2026-05-27T16:34:35.023	WT901BLE68(F3:F0:16:BF:DC:AE)	0.495	-0.059	0.145	87.402	-19.104	-27.283	-33.94	-38.97	-5.80	15.820	5.473	9.293	-0.89993	0.31927	0.28967	0.06470	26.5	null	null	13113	60
2026-05-27T16:34:35.083	WT901BLE68(F3:F0:16:BF:DC:AE)	0.666	-0.066	0.644	131.409	-78.613	-36.072	-22.01	-46.57	-8.65	15.820	5.473	9.293	-0.89993	0.31927	0.28967	0.06470	26.5	null	null	13113	60
2026-05-27T16:34:35.235	WT901BLE68(F3:F0:16:BF:DC:AE)	0.988	-0.057	1.551	72.510	-37.842	-29.480	-9.13	-52.83	-10.37	15.820	5.473	9.293	-0.89993	0.31927	0.28967	0.06470	26.5	null	null	13113	60
2026-05-27T16:34:35.290	WT901BLE68(F3:F0:16:BF:DC:AE)	0.896	-0.153	1.751	-36.987	42.480	21.545	-8.37	-50.65	-7.58	15.820	5.473	9.293	-0.89993	0.31927	0.28967	0.06470	26.5	null	null	13113	60
2026-05-27T16:34:35.415	WT901BLE68(F3:F0:16:BF:DC:AE)	0.843	-0.206	1.072	-117.737	23.071	47.791	-20.79	-45.03	-0.99	15.820	5.473	9.293	-0.89993	0.31927	0.28967	0.06470	26.5	null	null	13113	60
2026-05-27T16:34:35.505	WT901BLE68(F3:F0:16:BF:DC:AE)	0.729	-0.194	0.444	-116.028	23.132	73.914	-36.46	-39.62	8.11	15.820	5.473	9.293	-0.89993	0.31927	0.28967	0.06470	26.5	null	null	13113	60
2026-05-27T16:34:35.622	WT901BLE68(F3:F0:16:BF:DC:AE)	0.313	-0.199	0.087	-41.565	57.556	48.157	-46.31	-33.99	5.73	13.240	-11.373	15.880	-0.89993	0.31927	0.28967	0.06470	26.5	null	null	13113	60
2026-05-27T16:34:35.711	WT901BLE68(F3:F0:16:BF:DC:AE)	0.106	-0.163	0.060	44.250	11.169	3.601	-45.24	-30.73	-0.65	13.240	-11.373	15.880	-0.89993	0.31927	0.28967	0.06470	26.5	null	null	13113	60
2026-05-27T16:34:35.832	WT901BLE68(F3:F0:16:BF:DC:AE)	0.322	-0.231	0.443	123.474	-30.151	-41.260	-35.89	-33.70	-5.25	13.240	-11.373	15.880	-0.89926	0.33780	0.24899	0.12289	26.5	null	null	13113	60
2026-05-27T16:34:35.891	WT901BLE68(F3:F0:16:BF:DC:AE)	0.663	-0.122	1.173	99.121	-122.620	-44.067	-22.83	-42.55	-7.19	13.240	-11.373	15.880	-0.89926	0.33780	0.24899	0.12289	26.5	null	null	13113	60
2026-05-27T16:34:36.012	WT901BLE68(F3:F0:16:BF:DC:AE)	1.312	-0.340	1.751	14.709	-49.561	-11.047	-20.59	-53.53	-0.49	13.240	-11.373	15.880	-0.89926	0.33780	0.24899	0.12289	26.5	null	null	13113	60
2026-05-27T16:34:36.104	WT901BLE68(F3:F0:16:BF:DC:AE)	1.036	-0.234	1.357	-84.900	59.448	33.997	-25.08	-47.19	2.96	13.240	-11.373	15.880	-0.89926	0.33780	0.24899	0.12289	26.5	null	null	13113	60
2026-05-27T16:34:36.223	WT901BLE68(F3:F0:16:BF:DC:AE)	1.026	-0.344	0.910	-126.709	72.083	71.167	-37.68	-38.85	9.83	13.240	-11.373	15.880	-0.89926	0.33780	0.24899	0.12289	26.5	null	null	13113	60
2026-05-27T16:34:36.312	WT901BLE68(F3:F0:16:BF:DC:AE)	0.384	-0.201	0.285	-108.154	57.922	58.899	-51.52	-30.72	8.88	13.240	-11.373	15.880	-0.89926	0.33780	0.24899	0.12289	26.5	null	null	13113	60
2026-05-27T16:34:36.433	WT901BLE68(F3:F0:16:BF:DC:AE)	0.044	-0.114	-0.038	4.639	54.810	-9.644	-54.04	-26.70	-2.97	13.240	-11.373	15.880	-0.89926	0.33780	0.24899	0.12289	26.5	null	null	13113	60
2026-05-27T16:34:36.491	WT901BLE68(F3:F0:16:BF:DC:AE)	0.090	-0.167	0.017	65.369	-41.260	4.333	-50.71	-26.93	-9.25	3.053	-28.140	21.920	-0.89926	0.33780	0.24899	0.12289	26.5	null	null	13113	60
2026-05-27T16:34:36.643	WT901BLE68(F3:F0:16:BF:DC:AE)	0.423	-0.129	0.442	151.978	-75.256	-26.062	-43.54	-32.27	-7.90	3.053	-28.140	21.920	-0.89926	0.33780	0.24899	0.12289	26.5	null	null	13113	60
2026-05-27T16:34:36.703	WT901BLE68(F3:F0:16:BF:DC:AE)	0.824	0.151	0.982	104.614	-229.187	-44.678	-32.29	-44.82	-6.92	3.053	-28.140	21.920	-0.88962	0.31219	0.28760	0.16818	26.5	null	null	13113	60
2026-05-27T16:34:36.823	WT901BLE68(F3:F0:16:BF:DC:AE)	1.414	-0.047	1.344	-21.667	-89.294	-38.818	-33.28	-60.55	6.03	3.053	-28.140	21.920	-0.88962	0.31219	0.28760	0.16818	26.5	null	null	13113	60
2026-05-27T16:34:36.913	WT901BLE68(F3:F0:16:BF:DC:AE)	1.017	0.018	0.855	-116.394	9.583	-22.583	-36.66	-62.61	7.15	3.053	-28.140	21.920	-0.88962	0.31219	0.28760	0.16818	26.5	null	null	13113	60
2026-05-27T16:34:37.035	WT901BLE68(F3:F0:16:BF:DC:AE)	0.882	-0.021	0.433	-146.240	31.738	-55.542	-41.92	-62.67	3.69	3.053	-28.140	21.920	-0.88962	0.31219	0.28760	0.16818	26.5	null	null	13113	60
2026-05-27T16:34:37.122	WT901BLE68(F3:F0:16:BF:DC:AE)	0.783	-0.009	0.190	-165.466	-50.232	-76.721	-46.51	-66.48	-2.75	3.053	-28.140	21.920	-0.88962	0.31219	0.28760	0.16818	26.5	null	null	13113	60
2026-05-27T16:34:37.243	WT901BLE68(F3:F0:16:BF:DC:AE)	1.010	0.029	-0.029	-166.199	36.133	-114.258	-49.48	-74.55	-11.94	3.053	-28.140	21.920	-0.88962	0.31219	0.28760	0.16818	26.5	null	null	13113	60
2026-05-27T16:34:37.302	WT901BLE68(F3:F0:16:BF:DC:AE)	1.065	0.035	0.004	-136.292	54.932	-129.944	-10.24	-77.16	-65.11	3.053	-28.140	21.920	-0.88962	0.31219	0.28760	0.16818	26.5	null	null	13113	60
2026-05-27T16:34:37.430	WT901BLE68(F3:F0:16:BF:DC:AE)	0.829	0.121	0.227	-75.989	59.692	-151.611	20.97	-65.51	-107.01	3.053	-28.140	21.920	-0.88962	0.31219	0.28760	0.16818	26.5	null	null	13113	60
2026-05-27T16:34:37.510	WT901BLE68(F3:F0:16:BF:DC:AE)	0.739	0.164	0.504	-8.118	89.966	-175.354	36.28	-53.55	-128.34	-6.680	9.807	17.600	-0.88962	0.31219	0.28760	0.16818	26.5	null	null	13113	60
2026-05-27T16:34:37.630	WT901BLE68(F3:F0:16:BF:DC:AE)	0.280	0.392	0.752	91.431	173.279	-188.049	44.53	-29.63	-131.59	-6.680	9.807	17.600	-0.46915	0.18799	0.43698	0.74396	26.5	null	null	13113	60
2026-05-27T16:34:37.722	WT901BLE68(F3:F0:16:BF:DC:AE)	0.461	0.801	0.825	45.898	-8.972	-88.806	52.56	-14.68	-133.38	-6.680	9.807	17.600	-0.46915	0.18799	0.43698	0.74396	26.5	null	null	13113	60
2026-05-27T16:34:37.848	WT901BLE68(F3:F0:16:BF:DC:AE)	0.631	0.675	0.634	42.236	-74.158	6.592	57.95	-15.69	-138.15	-6.680	9.807	17.600	-0.46915	0.18799	0.43698	0.74396	26.5	null	null	13113	60
2026-05-27T16:34:37.899	WT901BLE68(F3:F0:16:BF:DC:AE)	0.803	0.708	0.431	75.012	3.174	52.490	64.33	-21.67	-138.25	-6.680	9.807	17.600	-0.46915	0.18799	0.43698	0.74396	26.5	null	null	13113	60
2026-05-27T16:34:38.055	WT901BLE68(F3:F0:16:BF:DC:AE)	0.826	0.782	0.601	71.899	77.759	112.732	67.52	-27.70	-125.84	-6.680	9.807	17.600	-0.46915	0.18799	0.43698	0.74396	26.5	null	null	13113	60
2026-05-27T16:34:38.114	WT901BLE68(F3:F0:16:BF:DC:AE)	0.884	0.907	0.741	32.043	95.520	167.908	63.73	-37.52	-107.28	-6.680	9.807	17.600	-0.46915	0.18799	0.43698	0.74396	26.5	null	null	13113	60
2026-05-27T16:34:38.232	WT901BLE68(F3:F0:16:BF:DC:AE)	1.111	0.778	0.709	-20.630	29.114	209.961	48.54	-49.77	-83.41	-6.680	9.807	17.600	-0.46915	0.18799	0.43698	0.74396	26.5	null	null	13113	60
2026-05-27T16:34:38.322	WT901BLE68(F3:F0:16:BF:DC:AE)	1.390	0.587	0.454	-41.504	70.435	218.628	18.14	-60.64	-49.27	-16.940	33.627	1.467	-0.46915	0.18799	0.43698	0.74396	26.5	null	null	13113	60
2026-05-27T16:34:38.444	WT901BLE68(F3:F0:16:BF:DC:AE)	0.840	0.586	0.254	-67.871	29.663	194.092	-18.26	-54.13	-11.92	-16.940	33.627	1.467	-0.46915	0.18799	0.43698	0.74396	26.5	null	null	13113	60
2026-05-27T16:34:38.531	WT901BLE68(F3:F0:16:BF:DC:AE)	0.341	0.298	0.112	-21.362	19.531	97.900	-38.20	-49.09	5.15	-16.940	33.627	1.467	-0.86710	0.26184	0.41028	0.10544	26.5	null	null	13113	60
2026-05-27T16:34:38.654	WT901BLE68(F3:F0:16:BF:DC:AE)	0.214	0.270	0.085	66.162	-15.747	42.297	-38.73	-45.51	3.91	-16.940	33.627	1.467	-0.86710	0.26184	0.41028	0.10544	26.5	null	null	13113	60
2026-05-27T16:34:38.711	WT901BLE68(F3:F0:16:BF:DC:AE)	0.650	0.163	0.367	117.310	-76.172	43.701	-37.77	-51.14	10.62	-16.940	33.627	1.467	-0.86710	0.26184	0.41028	0.10544	26.5	null	null	13113	60
2026-05-27T16:34:38.831	WT901BLE68(F3:F0:16:BF:DC:AE)	0.842	-0.105	0.825	118.225	-114.380	24.719	-36.45	-57.37	21.20	-16.940	33.627	1.467	-0.86710	0.26184	0.41028	0.10544	26.5	null	null	13113	60
2026-05-27T16:34:38.921	WT901BLE68(F3:F0:16:BF:DC:AE)	1.176	-0.205	1.577	85.693	-24.841	19.470	-33.97	-61.82	34.91	-16.940	33.627	1.467	-0.86710	0.26184	0.41028	0.10544	26.5	null	null	13113	60
2026-05-27T16:34:39.044	WT901BLE68(F3:F0:16:BF:DC:AE)	0.982	-0.269	1.316	-39.795	74.158	63.538	-33.88	-55.84	40.99	-16.940	33.627	1.467	-0.86710	0.26184	0.41028	0.10544	26.5	null	null	13113	60
2026-05-27T16:34:39.136	WT901BLE68(F3:F0:16:BF:DC:AE)	0.786	-0.583	0.729	-71.289	42.480	68.848	-41.87	-45.73	46.06	-16.940	33.627	1.467	-0.86710	0.26184	0.41028	0.10544	26.5	null	null	13113	60
2026-05-27T16:34:39.253	WT901BLE68(F3:F0:16:BF:DC:AE)	0.613	-0.295	0.347	-46.692	4.395	37.537	-48.09	-39.62	52.25	22.987	-7.233	5.360	-0.86710	0.26184	0.41028	0.10544	26.5	null	null	13113	60
2026-05-27T16:34:39.311	WT901BLE68(F3:F0:16:BF:DC:AE)	0.477	0.027	0.046	4.333	47.119	1.770	-48.47	-36.34	55.68	22.987	-7.233	5.360	-0.86710	0.26184	0.41028	0.10544	26.5	null	null	13113	60
2026-05-27T16:34:39.462	WT901BLE68(F3:F0:16:BF:DC:AE)	0.423	0.106	0.148	93.140	34.119	16.846	-42.82	-33.87	53.04	22.987	-7.233	5.360	-0.86710	0.26184	0.41028	0.10544	26.5	null	null	13113	60
2026-05-27T16:34:39.523	WT901BLE68(F3:F0:16:BF:DC:AE)	0.346	-0.097	0.418	93.018	-281.189	-2.869	-37.02	-38.73	57.23	22.987	-7.233	5.360	-0.85992	0.17035	0.37689	-0.29892	26.5	null	null	13113	60
2026-05-27T16:34:39.640	WT901BLE68(F3:F0:16:BF:DC:AE)	1.574	-0.313	0.938	78.491	-141.907	-36.255	-44.97	-61.45	83.28	22.987	-7.233	5.360	-0.85992	0.17035	0.37689	-0.29892	26.5	null	null	13113	60
2026-05-27T16:34:39.731	WT901BLE68(F3:F0:16:BF:DC:AE)	1.547	-0.200	1.415	11.047	46.692	15.442	-41.83	-63.99	87.53	22.987	-7.233	5.360	-0.85992	0.17035	0.37689	-0.29892	26.5	null	null	13113	60
2026-05-27T16:34:39.853	WT901BLE68(F3:F0:16:BF:DC:AE)	1.134	-0.198	0.813	-81.665	186.096	48.218	-38.38	-52.11	80.45	22.987	-7.233	5.360	-0.85992	0.17035	0.37689	-0.29892	26.5	null	null	13113	60
2026-05-27T16:34:39.945	WT901BLE68(F3:F0:16:BF:DC:AE)	0.478	-0.242	0.604	-91.492	274.719	-0.977	-34.08	-29.33	64.53	22.987	-7.233	5.360	-0.85992	0.17035	0.37689	-0.29892	26.5	null	null	13113	60
2026-05-27T16:34:40.065	WT901BLE68(F3:F0:16:BF:DC:AE)	0.130	-0.054	0.369	-68.420	58.899	-43.762	-37.11	-18.55	54.61	22.987	-7.233	5.360	-0.85992	0.17035	0.37689	-0.29892	26.5	null	null	13113	60
2026-05-27T16:34:40.120	WT901BLE68(F3:F0:16:BF:DC:AE)	0.235	0.075	-0.031	12.634	-60.059	-42.419	-40.04	-23.94	45.26	7.207	-17.160	22.620	-0.85992	0.17035	0.37689	-0.29892	26.5	null	null	13113	60
2026-05-27T16:34:40.243	WT901BLE68(F3:F0:16:BF:DC:AE)	0.494	-0.009	0.461	106.079	-12.329	-61.401	-34.87	-31.56	38.79	7.207	-17.160	22.620	-0.85992	0.17035	0.37689	-0.29892	26.5	null	null	13113	60
2026-05-27T16:34:40.327	WT901BLE68(F3:F0:16:BF:DC:AE)	0.779	-0.064	1.505	101.074	4.028	-52.490	-20.50	-36.45	28.20	7.207	-17.160	22.620	-0.91217	0.12439	0.34265	-0.18695	26.5	null	null	13113	60
2026-05-27T16:34:40.455	WT901BLE68(F3:F0:16:BF:DC:AE)	0.538	-0.185	1.720	-38.208	-41.504	-49.011	-13.77	-39.03	22.00	7.207	-17.160	22.620	-0.91217	0.12439	0.34265	-0.18695	26.5	null	null	13113	60
2026-05-27T16:34:40.542	WT901BLE68(F3:F0:16:BF:DC:AE)	0.664	-0.114	1.287	-134.888	3.540	-50.598	-18.68	-40.62	16.43	7.207	-17.160	22.620	-0.91217	0.12439	0.34265	-0.18695	26.5	null	null	13113	60
2026-05-27T16:34:40.663	WT901BLE68(F3:F0:16:BF:DC:AE)	0.575	0.015	0.693	-152.344	40.039	-34.546	-28.92	-39.78	9.83	7.207	-17.160	22.620	-0.91217	0.12439	0.34265	-0.18695	26.5	null	null	13113	60
2026-05-27T16:34:40.728	WT901BLE68(F3:F0:16:BF:DC:AE)	0.431	0.010	0.460	-105.286	25.024	-79.956	-34.02	-40.52	-4.75	7.207	-17.160	22.620	-0.91217	0.12439	0.34265	-0.18695	26.5	null	null	13113	60
2026-05-27T16:34:40.906	WT901BLE68(F3:F0:16:BF:DC:AE)	0.527	-0.012	0.274	-62.500	4.028	-129.700	-31.13	-46.46	-23.53	7.207	-17.160	22.620	-0.91217	0.12439	0.34265	-0.18695	26.5	null	null	13113	60
2026-05-27T16:34:40.931	WT901BLE68(F3:F0:16:BF:DC:AE)	0.791	0.029	0.283	-40.405	28.137	-170.105	-17.44	-52.46	-50.11	7.207	-17.160	22.620	-0.91217	0.12439	0.34265	-0.18695	26.5	null	null	13113	60
2026-05-27T16:34:41.053	WT901BLE68(F3:F0:16:BF:DC:AE)	0.943	0.007	0.415	-29.358	4.822	-207.520	5.59	-53.80	-83.75	7.207	-17.160	22.620	-0.91217	0.12439	0.34265	-0.18695	26.5	null	null	13113	60
2026-05-27T16:34:41.141	WT901BLE68(F3:F0:16:BF:DC:AE)	1.109	0.084	0.237	-48.401	-183.777	-211.914	34.68	-56.59	-123.62	-10.340	5.527	23.773	-0.91217	0.12439	0.34265	-0.18695	26.5	null	null	13113	60
2026-05-27T16:34:41.259	WT901BLE68(F3:F0:16:BF:DC:AE)	0.796	0.175	0.500	124.817	351.685	-268.066	49.10	-31.57	-135.12	-10.340	5.527	23.773	-0.44598	0.22852	0.47287	0.72467	26.5	null	null	13113	60
2026-05-27T16:34:41.353	WT901BLE68(F3:F0:16:BF:DC:AE)	0.417	1.151	1.077	114.197	101.563	-142.822	62.01	-7.47	-129.20	-10.340	5.527	23.773	-0.44598	0.22852	0.47287	0.72467	26.5	null	null	13113	60
2026-05-27T16:34:41.471	WT901BLE68(F3:F0:16:BF:DC:AE)	0.681	0.816	0.942	15.259	7.080	7.385	65.82	-4.35	-128.64	-10.340	5.527	23.773	-0.44598	0.22852	0.47287	0.72467	26.5	null	null	13113	60
2026-05-27T16:34:41.529	WT901BLE68(F3:F0:16:BF:DC:AE)	0.538	0.839	0.708	-5.615	69.092	97.290	64.53	-9.25	-118.23	-10.340	5.527	23.773	-0.44598	0.22852	0.47287	0.72467	26.5	null	null	13113	60
2026-05-27T16:34:41.654	WT901BLE68(F3:F0:16:BF:DC:AE)	0.787	0.896	0.689	-42.175	-17.334	177.979	58.71	-22.38	-107.79	-10.340	5.527	23.773	-0.44598	0.22852	0.47287	0.72467	26.5	null	null	13113	60
2026-05-27T16:34:41.743	WT901BLE68(F3:F0:16:BF:DC:AE)	0.835	0.767	0.741	-26.794	36.194	213.257	46.94	-37.03	-89.62	-10.340	5.527	23.773	-0.44598	0.22852	0.47287	0.72467	26.5	null	null	13113	60
2026-05-27T16:34:41.863	WT901BLE68(F3:F0:16:BF:DC:AE)	0.970	0.705	0.840	-42.603	36.011	222.595	26.02	-46.49	-62.09	-10.340	5.527	23.773	-0.44598	0.22852	0.47287	0.72467	26.5	null	null	13113	60
2026-05-27T16:34:41.949	WT901BLE68(F3:F0:16:BF:DC:AE)	0.808	0.578	0.655	-67.017	16.602	202.515	-1.61	-48.70	-31.81	-12.453	25.353	13.207	-0.44598	0.22852	0.47287	0.72467	26.5	null	null	13113	60
2026-05-27T16:34:42.074	WT901BLE68(F3:F0:16:BF:DC:AE)	0.337	0.218	0.322	-34.180	78.552	120.056	-21.31	-43.58	-12.62	-12.453	25.353	13.207	-0.44598	0.22852	0.47287	0.72467	26.5	null	null	13113	60
2026-05-27T16:34:42.128	WT901BLE68(F3:F0:16:BF:DC:AE)	0.099	0.123	0.248	21.729	23.621	49.377	-25.82	-36.86	-10.13	-12.453	25.353	13.207	-0.90942	0.23105	0.30893	0.15494	26.5	null	null	13113	60
2026-05-27T16:34:42.288	WT901BLE68(F3:F0:16:BF:DC:AE)	0.408	0.167	0.279	82.520	-89.966	12.695	-22.04	-41.74	-10.55	-12.453	25.353	13.207	-0.90942	0.23105	0.30893	0.15494	26.5	null	null	13113	60
2026-05-27T16:34:42.341	WT901BLE68(F3:F0:16:BF:DC:AE)	0.730	0.040	0.847	138.977	-45.654	28.137	-13.17	-48.78	-10.18	-12.453	25.353	13.207	-0.90942	0.23105	0.30893	0.15494	26.5	null	null	13113	60
2026-05-27T16:34:42.463	WT901BLE68(F3:F0:16:BF:DC:AE)	0.721	-0.044	1.824	70.679	81.604	44.922	-4.42	-48.51	-5.47	-12.453	25.353	13.207	-0.90942	0.23105	0.30893	0.15494	26.5	null	null	13113	60
2026-05-27T16:34:42.553	WT901BLE68(F3:F0:16:BF:DC:AE)	0.242	-0.153	1.557	-63.354	20.691	25.330	-6.61	-38.34	-0.90	-12.453	25.353	13.207	-0.90942	0.23105	0.30893	0.15494	26.5	null	null	13113	60
2026-05-27T16:34:42.676	WT901BLE68(F3:F0:16:BF:DC:AE)	0.653	-0.197	0.914	-84.412	1.282	30.396	-16.38	-38.10	2.28	-12.453	25.353	13.207	-0.90942	0.23105	0.30893	0.15494	26.5	null	null	13113	60
2026-05-27T16:34:42.761	WT901BLE68(F3:F0:16:BF:DC:AE)	0.410	-0.247	0.330	-32.043	15.747	26.611	-23.96	-35.42	3.70	-12.453	25.353	13.207	-0.90942	0.23105	0.30893	0.15494	26.5	null	null	13113	60
2026-05-27T16:34:42.884	WT901BLE68(F3:F0:16:BF:DC:AE)	0.226	-0.000	0.182	66.223	48.950	-7.019	-22.27	-31.89	-0.35	5.307	-2.880	22.780	-0.90942	0.23105	0.30893	0.15494	26.5	null	null	13113	60
2026-05-27T16:34:42.939	WT901BLE68(F3:F0:16:BF:DC:AE)	0.199	0.332	0.481	90.332	-10.498	27.283	-12.73	-29.14	-5.00	5.307	-2.880	22.780	-0.90942	0.23105	0.30893	0.15494	26.5	null	null	13113	60
2026-05-27T16:34:43.066	WT901BLE68(F3:F0:16:BF:DC:AE)	0.486	0.074	0.896	91.919	-112.793	10.864	-5.30	-37.23	-4.83	5.307	-2.880	22.780	-0.90942	0.23105	0.30893	0.15494	26.5	null	null	13113	60
2026-05-27T16:34:43.148	WT901BLE68(F3:F0:16:BF:DC:AE)	0.703	0.176	1.587	79.895	-3.418	-9.460	4.76	-43.71	-4.55	5.307	-2.880	22.780	-0.93646	0.02985	0.34671	0.04297	26.5	null	null	13113	60
2026-05-27T16:34:43.275	WT901BLE68(F3:F0:16:BF:DC:AE)	0.488	0.168	1.846	-34.729	2.502	-4.395	8.03	-41.28	-3.42	5.307	-2.880	22.780	-0.93646	0.02985	0.34671	0.04297	26.5	null	null	13113	60
2026-05-27T16:34:43.366	WT901BLE68(F3:F0:16:BF:DC:AE)	0.703	0.104	1.408	-144.226	-6.714	17.334	-1.24	-40.31	-1.55	5.307	-2.880	22.780	-0.93646	0.02985	0.34671	0.04297	26.5	null	null	13113	60
2026-05-27T16:34:43.481	WT901BLE68(F3:F0:16:BF:DC:AE)	0.464	-0.012	0.768	-158.569	31.982	14.893	-17.41	-36.45	1.98	5.307	-2.880	22.780	-0.93646	0.02985	0.34671	0.04297	26.5	null	null	13113	60
2026-05-27T16:34:43.540	WT901BLE68(F3:F0:16:BF:DC:AE)	0.382	-0.089	0.238	-97.290	18.311	-11.597	-30.32	-36.10	-0.43	5.307	-2.880	22.780	-0.93646	0.02985	0.34671	0.04297	26.5	null	null	13113	60
2026-05-27T16:34:43.665	WT901BLE68(F3:F0:16:BF:DC:AE)	0.119	-0.080	0.070	5.066	31.860	-32.837	-30.97	-35.00	-12.25	5.307	-2.880	22.780	-0.93646	0.02985	0.34671	0.04297	26.5	null	null	13113	60
2026-05-27T16:34:43.749	WT901BLE68(F3:F0:16:BF:DC:AE)	0.212	-0.045	0.366	89.478	49.255	-69.153	-21.40	-33.83	-24.74	4.247	-10.293	23.627	-0.93646	0.02985	0.34671	0.04297	26.5	null	null	13113	60
2026-05-27T16:34:43.874	WT901BLE68(F3:F0:16:BF:DC:AE)	0.457	0.310	0.785	100.830	-40.283	-78.613	-5.23	-34.83	-37.55	4.247	-10.293	23.627	-0.93646	0.02985	0.34671	0.04297	26.5	null	null	13113	60
2026-05-27T16:34:43.964	WT901BLE68(F3:F0:16:BF:DC:AE)	0.656	0.504	1.017	73.669	-77.576	-88.989	11.09	-40.42	-49.92	4.247	-10.293	23.627	-0.87415	0.08255	0.32385	0.35223	26.5	null	null	13113	60
2026-05-27T16:34:44.086	WT901BLE68(F3:F0:16:BF:DC:AE)	0.741	0.578	1.261	14.099	-85.999	-127.808	27.50	-43.10	-65.62	4.247	-10.293	23.627	-0.87415	0.08255	0.32385	0.35223	26.5	null	null	13113	60
2026-05-27T16:34:44.173	WT901BLE68(F3:F0:16:BF:DC:AE)	1.114	0.459	0.951	-73.975	-100.098	-131.104	39.66	-43.85	-86.11	4.247	-10.293	23.627	-0.87415	0.08255	0.32385	0.35223	26.5	null	null	13113	60
2026-05-27T16:34:44.295	WT901BLE68(F3:F0:16:BF:DC:AE)	0.916	0.427	0.549	-123.962	-30.029	-103.394	40.13	-41.24	-99.74	4.247	-10.293	23.627	-0.87415	0.08255	0.32385	0.35223	26.5	null	null	13113	60
2026-05-27T16:34:44.353	WT901BLE68(F3:F0:16:BF:DC:AE)	0.804	0.396	0.230	-139.404	-77.637	-102.051	36.14	-39.95	-112.06	4.247	-10.293	23.627	-0.87415	0.08255	0.32385	0.35223	26.5	null	null	13113	60
2026-05-27T16:34:44.478	WT901BLE68(F3:F0:16:BF:DC:AE)	0.883	0.297	0.255	-70.496	-54.138	-97.046	36.56	-41.07	-126.52	4.247	-10.293	23.627	-0.87415	0.08255	0.32385	0.35223	26.5	null	null	13113	60
2026-05-27T16:34:44.570	WT901BLE68(F3:F0:16:BF:DC:AE)	0.793	0.359	0.569	20.569	52.307	-82.031	40.91	-36.03	-133.10	4.247	-10.293	23.627	-0.87415	0.08255	0.32385	0.35223	26.5	null	null	13113	60
2026-05-27T16:34:44.680	WT901BLE68(F3:F0:16:BF:DC:AE)	0.727	0.404	0.906	46.082	233.765	-96.741	44.32	-25.20	-130.07	-29.487	19.127	19.867	-0.87415	0.08255	0.32385	0.35223	26.5	null	null	13113	60
2026-05-27T16:34:44.801	WT901BLE68(F3:F0:16:BF:DC:AE)	0.057	0.638	0.811	39.429	27.954	-91.614	47.35	-9.57	-124.57	-29.487	19.127	19.867	-0.87415	0.08255	0.32385	0.35223	26.5	null	null	13113	60
2026-05-27T16:34:44.894	WT901BLE68(F3:F0:16:BF:DC:AE)	0.319	0.759	0.848	29.236	-9.399	-46.265	50.57	-4.64	-126.26	-29.487	19.127	19.867	-0.43188	-0.15176	0.39288	0.79749	26.5	null	null	13113	60
2026-05-27T16:34:44.951	WT901BLE68(F3:F0:16:BF:DC:AE)	0.450	0.623	0.678	13.062	-2.747	35.583	51.74	-6.19	-124.45	-29.487	19.127	19.867	-0.43188	-0.15176	0.39288	0.79749	26.5	null	null	13113	60
2026-05-27T16:34:45.071	WT901BLE68(F3:F0:16:BF:DC:AE)	0.623	0.623	0.755	14.160	-0.549	95.703	52.08	-12.35	-117.70	-29.487	19.127	19.867	-0.43188	-0.15176	0.39288	0.79749	26.5	null	null	13113	60
2026-05-27T16:34:45.163	WT901BLE68(F3:F0:16:BF:DC:AE)	0.893	0.659	0.854	13.733	29.053	156.006	50.23	-23.14	-106.84	-29.487	19.127	19.867	-0.43188	-0.15176	0.39288	0.79749	26.5	null	null	13113	60
2026-05-27T16:34:45.285	WT901BLE68(F3:F0:16:BF:DC:AE)	1.019	0.707	1.038	-8.240	44.983	221.802	41.07	-34.54	-86.09	-29.487	19.127	19.867	-0.43188	-0.15176	0.39288	0.79749	26.5	null	null	13113	60
2026-05-27T16:34:45.377	WT901BLE68(F3:F0:16:BF:DC:AE)	1.065	0.569	1.091	-63.049	-6.165	226.379	20.28	-43.91	-58.14	-29.487	19.127	19.867	-0.43188	-0.15176	0.39288	0.79749	26.5	null	null	13113	60
2026-05-27T16:34:45.489	WT901BLE68(F3:F0:16:BF:DC:AE)	0.752	0.562	0.716	-102.905	24.597	180.664	-6.71	-43.35	-30.58	-29.487	19.127	19.867	-0.43188	-0.15176	0.39288	0.79749	26.5	null	null	13113	60
2026-05-27T16:34:45.581	WT901BLE68(F3:F0:16:BF:DC:AE)	0.346	0.283	0.335	-71.472	50.842	74.646	-24.74	-40.52	-18.30	-2.467	10.553	19.987	-0.43188	-0.15176	0.39288	0.79749	26.5	null	null	13113	60
2026-05-27T16:34:45.704	WT901BLE68(F3:F0:16:BF:DC:AE)	0.106	0.277	0.073	18.372	20.874	17.395	-24.85	-35.17	-24.14	-2.467	10.553	19.987	-0.43188	-0.15176	0.39288	0.79749	26.5	null	null	13113	60
2026-05-27T16:34:45.758	WT901BLE68(F3:F0:16:BF:DC:AE)	0.349	0.175	0.405	63.477	-49.438	44.189	-20.86	-39.64	-24.35	-2.467	10.553	19.987	-0.89407	0.24832	0.26398	0.26300	26.5	null	null	13113	60
2026-05-27T16:34:45.883	WT901BLE68(F3:F0:16:BF:DC:AE)	0.078	0.029	0.510	72.327	-123.840	-3.723	-15.22	-45.13	-24.86	-2.467	10.553	19.987	-0.89407	0.24832	0.26398	0.26300	26.5	null	null	13113	60
2026-05-27T16:34:45.976	WT901BLE68(F3:F0:16:BF:DC:AE)	1.197	-0.014	1.051	132.141	-70.557	-59.692	0.77	-60.55	-31.29	-2.467	10.553	19.987	-0.89407	0.24832	0.26398	0.26300	26.5	null	null	13113	60
2026-05-27T16:34:46.093	WT901BLE68(F3:F0:16:BF:DC:AE)	1.158	-0.100	1.822	47.974	39.917	20.935	11.63	-58.91	-30.86	-2.467	10.553	19.987	-0.89407	0.24832	0.26398	0.26300	26.5	null	null	13113	60
2026-05-27T16:34:46.182	WT901BLE68(F3:F0:16:BF:DC:AE)	0.972	-0.092	1.263	-82.703	3.967	65.063	-1.03	-56.07	-18.39	-2.467	10.553	19.987	-0.89407	0.24832	0.26398	0.26300	26.5	null	null	13113	60
2026-05-27T16:34:46.304	WT901BLE68(F3:F0:16:BF:DC:AE)	0.755	-0.182	0.580	-76.233	52.551	78.064	-18.48	-50.47	-5.33	-2.467	10.553	19.987	-0.89407	0.24832	0.26398	0.26300	26.5	null	null	13113	60
2026-05-27T16:34:46.361	WT901BLE68(F3:F0:16:BF:DC:AE)	0.337	-0.156	0.250	-52.795	49.561	41.565	-27.68	-43.13	-1.59	-2.467	10.553	19.987	-0.89407	0.24832	0.26398	0.26300	26.5	null	null	13113	60
2026-05-27T16:34:46.488	WT901BLE68(F3:F0:16:BF:DC:AE)	0.294	-0.107	0.023	13.367	-15.076	14.099	-31.01	-41.67	-3.53	-2.467	10.553	19.987	-0.89407	0.24832	0.26398	0.26300	26.5	null	null	13113	60
2026-05-27T16:34:46.602	WT901BLE68(F3:F0:16:BF:DC:AE)	0.423	-0.018	0.249	104.126	-33.508	-4.822	-26.66	-45.32	-4.05	10.007	-7.507	19.400	-0.89407	0.24832	0.26398	0.26300	26.5	null	null	13113	60
2026-05-27T16:34:46.693	WT901BLE68(F3:F0:16:BF:DC:AE)	0.573	0.014	0.732	106.812	-105.286	-34.058	-14.88	-52.32	-6.67	10.007	-7.507	19.400	-0.89407	0.18628	0.38968	0.11829	26.5	null	null	13113	60
2026-05-27T16:34:46.784	WT901BLE68(F3:F0:16:BF:DC:AE)	1.212	0.068	1.349	114.807	-2.258	-32.410	1.18	-59.19	-9.07	10.007	-7.507	19.400	-0.89407	0.18628	0.38968	0.11829	26.5	null	null	13113	60
2026-05-27T16:34:46.934	WT901BLE68(F3:F0:16:BF:DC:AE)	0.925	0.021	1.610	3.723	56.641	24.292	4.97	-52.92	-4.93	10.007	-7.507	19.400	-0.89407	0.18628	0.38968	0.11829	26.5	null	null	13113	60
2026-05-27T16:34:46.992	WT901BLE68(F3:F0:16:BF:DC:AE)	0.792	-0.074	1.059	-80.505	1.648	57.129	-6.80	-49.89	4.69	10.007	-7.507	19.400	-0.89407	0.18628	0.38968	0.11829	26.5	null	null	13113	60
2026-05-27T16:34:47.115	WT901BLE68(F3:F0:16:BF:DC:AE)	0.786	-0.146	0.772	-76.477	69.153	58.228	-19.74	-44.29	14.28	10.007	-7.507	19.400	-0.89407	0.18628	0.38968	0.11829	26.5	null	null	13113	60
2026-05-27T16:34:47.170	WT901BLE68(F3:F0:16:BF:DC:AE)	0.366	-0.071	0.514	-67.505	70.374	26.306	-26.95	-35.28	17.26	10.007	-7.507	19.400	-0.89407	0.18628	0.38968	0.11829	26.5	null	null	13113	60
2026-05-27T16:34:47.289	WT901BLE68(F3:F0:16:BF:DC:AE)	0.234	-0.016	0.322	-15.869	9.216	7.874	-31.91	-34.45	11.91	10.007	-7.507	19.400	-0.89407	0.18628	0.38968	0.11829	26.5	null	null	13113	60
2026-05-27T16:34:47.377	WT901BLE68(F3:F0:16:BF:DC:AE)	0.186	-0.055	0.288	64.148	28.198	-13.672	-27.16	-33.01	3.28	9.680	-10.853	20.980	-0.89407	0.18628	0.38968	0.11829	26.5	null	null	13113	60
2026-05-27T16:34:47.504	WT901BLE68(F3:F0:16:BF:DC:AE)	0.316	0.038	0.694	95.947	-7.080	-44.312	-15.19	-33.34	-7.27	9.680	-10.853	20.980	-0.89407	0.18628	0.38968	0.11829	26.5	null	null	13113	60
2026-05-27T16:34:47.590	WT901BLE68(F3:F0:16:BF:DC:AE)	0.518	0.276	0.759	98.145	-48.523	-50.720	-1.80	-37.26	-13.57	9.680	-10.853	20.980	-0.94455	0.10440	0.29099	0.11038	26.5	null	null	13113	60
2026-05-27T16:34:47.714	WT901BLE68(F3:F0:16:BF:DC:AE)	0.561	0.596	1.052	81.055	-13.855	-53.589	12.46	-40.33	-18.70	9.680	-10.853	20.980	-0.94455	0.10440	0.29099	0.11038	26.5	null	null	13113	60
2026-05-27T16:34:47.771	WT901BLE68(F3:F0:16:BF:DC:AE)	0.636	0.593	1.039	6.775	-145.081	-120.850	26.48	-43.09	-30.84	9.680	-10.853	20.980	-0.94455	0.10440	0.29099	0.11038	26.5	null	null	13113	60
2026-05-27T16:34:47.893	WT901BLE68(F3:F0:16:BF:DC:AE)	0.967	0.632	0.812	-86.731	-134.583	-146.362	41.74	-46.18	-55.55	9.680	-10.853	20.980	-0.94455	0.10440	0.29099	0.11038	26.5	null	null	13113	60
2026-05-27T16:34:47.979	WT901BLE68(F3:F0:16:BF:DC:AE)	1.002	0.574	0.593	-150.513	-109.131	-125.977	46.87	-43.49	-77.63	9.680	-10.853	20.980	-0.94455	0.10440	0.29099	0.11038	26.5	null	null	13113	60
2026-05-27T16:34:48.105	WT901BLE68(F3:F0:16:BF:DC:AE)	0.883	0.508	0.375	-189.758	-78.918	-70.801	42.70	-43.69	-94.06	9.680	-10.853	20.980	-0.94455	0.10440	0.29099	0.11038	26.5	null	null	13113	60
2026-05-27T16:34:48.194	WT901BLE68(F3:F0:16:BF:DC:AE)	0.750	0.348	0.232	-181.702	-38.330	-65.186	32.97	-44.45	-104.22	9.680	-10.853	20.980	-0.94455	0.10440	0.29099	0.11038	26.5	null	null	13113	60
2026-05-27T16:34:48.308	WT901BLE68(F3:F0:16:BF:DC:AE)	0.639	0.188	0.413	-84.656	13.916	-95.337	27.69	-43.31	-113.94	-18.280	20.000	17.487	-0.94455	0.10440	0.29099	0.11038	26.5	null	null	13113	60
2026-05-27T16:34:48.402	WT901BLE68(F3:F0:16:BF:DC:AE)	0.597	0.166	0.556	-9.705	18.127	-124.939	30.85	-37.60	-124.07	-18.280	20.000	17.487	-0.94455	0.10440	0.29099	0.11038	26.5	null	null	13113	60
2026-05-27T16:34:48.521	WT901BLE68(F3:F0:16:BF:DC:AE)	0.821	0.428	0.959	107.971	27.405	-165.039	41.32	-29.21	-135.16	-18.280	20.000	17.487	-0.45709	0.11536	0.38278	0.79443	26.5	null	null	13113	60
2026-05-27T16:34:48.581	WT901BLE68(F3:F0:16:BF:DC:AE)	0.303	0.876	0.347	88.806	149.536	-108.215	55.05	-13.60	-133.87	-18.280	20.000	17.487	-0.45709	0.11536	0.38278	0.79443	26.5	null	null	13113	60
2026-05-27T16:34:48.703	WT901BLE68(F3:F0:16:BF:DC:AE)	0.278	0.726	0.564	9.460	-25.146	-11.780	58.83	-7.07	-130.11	-18.280	20.000	17.487	-0.45709	0.11536	0.38278	0.79443	26.5	null	null	13113	60
2026-05-27T16:34:48.793	WT901BLE68(F3:F0:16:BF:DC:AE)	0.499	0.706	0.708	15.198	-5.615	31.128	59.85	-11.11	-129.94	-18.280	20.000	17.487	-0.45709	0.11536	0.38278	0.79443	26.5	null	null	13113	60
2026-05-27T16:34:48.911	WT901BLE68(F3:F0:16:BF:DC:AE)	0.666	0.729	0.648	29.175	36.499	69.580	60.99	-16.07	-124.42	-18.280	20.000	17.487	-0.45709	0.11536	0.38278	0.79443	26.5	null	null	13113	60
2026-05-27T16:34:49.002	WT901BLE68(F3:F0:16:BF:DC:AE)	0.676	0.742	0.838	-2.563	42.847	123.901	59.05	-22.38	-112.44	-18.280	20.000	17.487	-0.45709	0.11536	0.38278	0.79443	26.5	null	null	13113	60
2026-05-27T16:34:49.126	WT901BLE68(F3:F0:16:BF:DC:AE)	1.050	0.750	0.869	-37.476	47.119	179.932	50.27	-33.06	-97.20	-18.280	20.000	17.487	-0.45709	0.11536	0.38278	0.79443	26.5	null	null	13113	60
2026-05-27T16:34:49.181	WT901BLE68(F3:F0:16:BF:DC:AE)	1.144	0.624	0.760	-56.885	42.297	220.154	30.64	-43.00	-72.52	-32.933	31.753	7.793	-0.45709	0.11536	0.38278	0.79443	26.5	null	null	13113	60
2026-05-27T16:34:49.304	WT901BLE68(F3:F0:16:BF:DC:AE)	0.911	0.534	0.776	-54.749	92.529	209.351	4.44	-43.17	-41.45	-32.933	31.753	7.793	-0.45709	0.11536	0.38278	0.79443	26.5	null	null	13113	60
2026-05-27T16:34:49.388	WT901BLE68(F3:F0:16:BF:DC:AE)	0.445	0.299	0.580	-73.242	66.589	143.616	-14.44	-35.16	-22.00	-32.933	31.753	7.793	-0.90891	0.14291	0.30237	0.24887	26.5	null	null	13113	60
2026-05-27T16:34:49.515	WT901BLE68(F3:F0:16:BF:DC:AE)	0.049	0.078	0.358	-37.964	31.738	62.134	-23.21	-28.03	-17.52	-32.933	31.753	7.793	-0.90891	0.14291	0.30237	0.24887	26.5	null	null	13113	60
2026-05-27T16:34:49.601	WT901BLE68(F3:F0:16:BF:DC:AE)	0.269	0.085	0.176	14.526	-60.425	27.649	-25.59	-30.27	-17.22	-32.933	31.753	7.793	-0.90891	0.14291	0.30237	0.24887	26.5	null	null	13113	60
2026-05-27T16:34:49.724	WT901BLE68(F3:F0:16:BF:DC:AE)	0.354	0.104	0.317	46.570	-102.417	31.921	-24.91	-37.50	-15.11	-32.933	31.753	7.793	-0.90891	0.14291	0.30237	0.24887	26.5	null	null	13113	60
2026-05-27T16:34:49.811	WT901BLE68(F3:F0:16:BF:DC:AE)	0.720	-0.223	0.679	130.737	-136.536	-19.104	-20.23	-49.52	-12.49	-32.933	31.753	7.793	-0.90891	0.14291	0.30237	0.24887	26.5	null	null	13113	60
2026-05-27T16:34:49.933	WT901BLE68(F3:F0:16:BF:DC:AE)	1.096	0.005	1.453	135.742	2.502	6.165	-5.24	-55.61	-12.43	-32.933	31.753	7.793	-0.90891	0.14291	0.30237	0.24887	26.5	null	null	13113	60
2026-05-27T16:34:49.991	WT901BLE68(F3:F0:16:BF:DC:AE)	0.789	-0.049	1.651	18.311	112.000	70.129	-1.97	-48.57	-4.83	-32.933	31.753	7.793	-0.90891	0.14291	0.30237	0.24887	26.5	null	null	13113	60
2026-05-27T16:34:50.113	WT901BLE68(F3:F0:16:BF:DC:AE)	0.473	-0.209	1.250	-78.857	29.175	68.848	-12.51	-40.69	5.54	9.673	16.880	8.873	-0.90891	0.14291	0.30237	0.24887	26.5	null	null	13113	60
2026-05-27T16:34:50.203	WT901BLE68(F3:F0:16:BF:DC:AE)	0.458	-0.271	0.834	-73.364	40.405	40.161	-23.91	-36.00	12.44	9.673	16.880	8.873	-0.90891	0.14291	0.30237	0.24887	26.5	null	null	13113	60
2026-05-27T16:34:50.321	WT901BLE68(F3:F0:16:BF:DC:AE)	0.396	-0.216	0.453	-42.236	47.180	8.606	-29.40	-30.88	9.29	9.673	16.880	8.873	-0.93350	0.19788	0.29718	-0.03125	26.5	null	null	13113	60
2026-05-27T16:34:50.412	WT901BLE68(F3:F0:16:BF:DC:AE)	0.230	0.036	0.224	6.714	-25.757	-6.104	-30.14	-29.71	2.30	9.673	16.880	8.873	-0.93350	0.19788	0.29718	-0.03125	26.5	null	null	13113	60
2026-05-27T16:34:50.532	WT901BLE68(F3:F0:16:BF:DC:AE)	0.257	0.151	0.333	68.359	-25.146	17.822	-26.66	-33.35	-0.82	9.673	16.880	8.873	-0.93350	0.19788	0.29718	-0.03125	26.5	null	null	13113	60
2026-05-27T16:34:50.591	WT901BLE68(F3:F0:16:BF:DC:AE)	0.820	-0.087	0.562	58.411	-297.241	5.371	-26.47	-48.14	3.31	9.673	16.880	8.873	-0.93350	0.19788	0.29718	-0.03125	26.5	null	null	13113	60
2026-05-27T16:34:50.716	WT901BLE68(F3:F0:16:BF:DC:AE)	0.867	-0.197	0.975	97.046	-91.125	-28.442	-24.35	-61.07	16.42	9.673	16.880	8.873	-0.93350	0.19788	0.29718	-0.03125	26.5	null	null	13113	60
2026-05-27T16:34:50.801	WT901BLE68(F3:F0:16:BF:DC:AE)	0.901	-0.078	1.634	27.832	38.879	-44.617	-11.76	-63.14	14.03	9.673	16.880	8.873	-0.93350	0.19788	0.29718	-0.03125	26.5	null	null	13113	60
2026-05-27T16:34:50.923	WT901BLE68(F3:F0:16:BF:DC:AE)	0.932	-0.023	1.347	-99.915	57.373	-32.654	-9.56	-58.14	9.00	9.673	16.880	8.873	-0.93350	0.19788	0.29718	-0.03125	26.5	null	null	13113	60
2026-05-27T16:34:51.045	WT901BLE68(F3:F0:16:BF:DC:AE)	0.933	0.007	0.823	-128.967	42.603	-28.198	-16.61	-53.13	5.86	22.280	13.340	-3.953	-0.93350	0.19788	0.29718	-0.03125	26.5	null	null	13113	60
2026-05-27T16:34:51.132	WT901BLE68(F3:F0:16:BF:DC:AE)	0.605	0.073	0.403	-112.976	64.880	-45.898	-21.27	-48.08	-0.07	22.280	13.340	-3.953	-0.93350	0.19788	0.29718	-0.03125	26.5	null	null	13113	60
2026-05-27T16:34:51.221	WT901BLE68(F3:F0:16:BF:DC:AE)	0.454	0.034	0.103	-59.204	-49.255	-39.856	-23.87	-49.38	-8.28	22.280	13.340	-3.953	-0.89523	0.19305	0.38586	0.11093	26.5	null	null	13113	60
2026-05-27T16:34:51.376	WT901BLE68(F3:F0:16:BF:DC:AE)	0.555	-0.001	-0.018	43.274	14.893	-31.250	-21.36	-55.17	-14.63	22.280	13.340	-3.953	-0.89523	0.19305	0.38586	0.11093	26.5	null	null	13113	60
2026-05-27T16:34:51.398	WT901BLE68(F3:F0:16:BF:DC:AE)	0.669	0.092	0.428	95.337	-11.902	-46.753	-6.74	-56.07	-23.96	22.280	13.340	-3.953	-0.89523	0.19305	0.38586	0.11093	26.5	null	null	13113	60
2026-05-27T16:34:51.527	WT901BLE68(F3:F0:16:BF:DC:AE)	0.984	0.267	0.745	84.167	-44.006	-35.583	9.82	-60.05	-31.48	22.280	13.340	-3.953	-0.89523	0.19305	0.38586	0.11093	26.5	null	null	13113	60
2026-05-27T16:34:51.610	WT901BLE68(F3:F0:16:BF:DC:AE)	0.944	0.348	1.143	48.340	36.926	-31.982	21.49	-58.36	-35.30	22.280	13.340	-3.953	-0.89523	0.19305	0.38586	0.11093	26.5	null	null	13113	60
2026-05-27T16:34:51.735	WT901BLE68(F3:F0:16:BF:DC:AE)	0.621	0.298	1.251	-43.579	22.766	-38.940	23.09	-53.37	-35.42	22.280	13.340	-3.953	-0.89523	0.19305	0.38586	0.11093	26.5	null	null	13113	60
2026-05-27T16:34:51.832	WT901BLE68(F3:F0:16:BF:DC:AE)	0.721	0.265	0.712	-132.324	-125.793	-40.588	20.81	-56.56	-43.35	22.280	13.340	-3.953	-0.89523	0.19305	0.38586	0.11093	26.5	null	null	13113	60
2026-05-27T16:34:51.944	WT901BLE68(F3:F0:16:BF:DC:AE)	0.899	0.252	0.206	-158.020	-142.212	-20.081	19.23	-68.65	-56.54	4.727	25.567	-0.053	-0.89523	0.19305	0.38586	0.11093	26.5	null	null	13113	60
2026-05-27T16:34:52.002	WT901BLE68(F3:F0:16:BF:DC:AE)	0.814	0.173	0.033	-134.216	-10.254	-40.039	18.14	-71.92	-67.56	4.727	25.567	-0.053	-0.89523	0.19305	0.38586	0.11093	26.5	null	null	13113	60
2026-05-27T16:34:52.119	WT901BLE68(F3:F0:16:BF:DC:AE)	0.798	0.153	0.065	-117.737	-41.138	-66.833	25.16	-71.37	-85.41	4.727	25.567	-0.053	-0.70020	0.23373	0.54495	0.39749	26.5	null	null	13113	60
2026-05-27T16:34:52.214	WT901BLE68(F3:F0:16:BF:DC:AE)	1.058	0.130	0.148	-112.976	-37.109	-71.472	45.72	-73.38	-116.71	4.727	25.567	-0.053	-0.70020	0.23373	0.54495	0.39749	26.5	null	null	13113	60
2026-05-27T16:34:52.330	WT901BLE68(F3:F0:16:BF:DC:AE)	1.069	0.077	0.088	-93.445	155.457	-136.780	44.33	-62.97	-123.80	4.727	25.567	-0.053	-0.70020	0.23373	0.54495	0.39749	26.5	null	null	13113	60
2026-05-27T16:34:52.422	WT901BLE68(F3:F0:16:BF:DC:AE)	0.617	0.389	0.579	70.496	146.851	-204.590	41.82	-30.79	-119.14	4.727	25.567	-0.053	-0.70020	0.23373	0.54495	0.39749	26.5	null	null	13113	60
2026-05-27T16:34:52.541	WT901BLE68(F3:F0:16:BF:DC:AE)	0.724	0.759	0.930	37.842	35.950	-87.097	49.44	-15.70	-121.01	4.727	25.567	-0.053	-0.70020	0.23373	0.54495	0.39749	26.5	null	null	13113	60
2026-05-27T16:34:52.633	WT901BLE68(F3:F0:16:BF:DC:AE)	0.674	0.550	0.801	6.042	0.244	10.071	50.67	-15.62	-121.06	4.727	25.567	-0.053	-0.70020	0.23373	0.54495	0.39749	26.5	null	null	13113	60
2026-05-27T16:34:52.753	WT901BLE68(F3:F0:16:BF:DC:AE)	0.723	0.586	0.753	-1.404	-31.677	80.811	49.77	-21.82	-117.10	4.727	25.567	-0.053	-0.70020	0.23373	0.54495	0.39749	26.5	null	null	13113	60
2026-05-27T16:34:52.810	WT901BLE68(F3:F0:16:BF:DC:AE)	0.871	0.540	0.663	20.996	-1.709	148.987	46.16	-32.96	-107.57	-43.073	18.980	16.693	-0.70020	0.23373	0.54495	0.39749	26.5	null	null	13113	60
2026-05-27T16:34:52.932	WT901BLE68(F3:F0:16:BF:DC:AE)	1.060	0.413	0.574	56.152	35.767	180.969	39.51	-44.39	-89.32	-43.073	18.980	16.693	-0.70020	0.23373	0.54495	0.39749	26.5	null	null	13113	60
2026-05-27T16:34:53.019	WT901BLE68(F3:F0:16:BF:DC:AE)	1.282	0.295	0.831	46.448	73.059	192.993	24.11	-50.76	-60.95	-43.073	18.980	16.693	-0.74490	0.03519	0.47168	0.47040	26.5	null	null	13113	60
2026-05-27T16:34:53.143	WT901BLE68(F3:F0:16:BF:DC:AE)	1.197	0.435	0.930	-32.227	59.143	199.768	0.27	-47.24	-29.12	-43.073	18.980	16.693	-0.74490	0.03519	0.47168	0.47040	26.5	null	null	13113	60
2026-05-27T16:34:53.234	WT901BLE68(F3:F0:16:BF:DC:AE)	0.637	0.292	0.399	-55.847	-50.476	162.170	-23.21	-45.54	-5.07	-43.073	18.980	16.693	-0.74490	0.03519	0.47168	0.47040	26.5	null	null	13113	60
2026-05-27T16:34:53.352	WT901BLE68(F3:F0:16:BF:DC:AE)	0.115	0.141	0.229	3.540	188.599	41.016	-31.78	-37.78	-0.55	-43.073	18.980	16.693	-0.74490	0.03519	0.47168	0.47040	26.5	null	null	13113	60
2026-05-27T16:34:53.410	WT901BLE68(F3:F0:16:BF:DC:AE)	0.221	0.299	0.390	36.072	-115.112	36.621	-28.25	-32.81	-7.92	-43.073	18.980	16.693	-0.74490	0.03519	0.47168	0.47040	26.5	null	null	13113	60
2026-05-27T16:34:53.531	WT901BLE68(F3:F0:16:BF:DC:AE)	0.373	0.118	0.446	73.914	-57.617	61.523	-29.60	-42.03	-0.86	-43.073	18.980	16.693	-0.74490	0.03519	0.47168	0.47040	26.5	null	null	13113	60
2026-05-27T16:34:53.623	WT901BLE68(F3:F0:16:BF:DC:AE)	0.512	-0.087	0.817	98.633	-86.548	7.751	-25.63	-47.75	2.33	-43.073	18.980	16.693	-0.74490	0.03519	0.47168	0.47040	26.5	null	null	13113	60
2026-05-27T16:34:53.740	WT901BLE68(F3:F0:16:BF:DC:AE)	0.894	-0.235	1.013	54.138	-145.874	-33.569	-20.65	-58.30	7.04	11.760	3.373	13.607	-0.74490	0.03519	0.47168	0.47040	26.5	null	null	13113	60
2026-05-27T16:34:53.828	WT901BLE68(F3:F0:16:BF:DC:AE)	1.162	-0.289	1.204	87.158	31.372	-24.170	-13.75	-66.51	9.61	11.760	3.373	13.607	-0.74490	0.03519	0.47168	0.47040	26.5	null	null	13113	60
2026-05-27T16:34:53.950	WT901BLE68(F3:F0:16:BF:DC:AE)	0.811	-0.201	1.319	-7.385	55.054	18.921	-6.68	-57.66	9.58	11.760	3.373	13.607	-0.84265	0.03137	0.53714	-0.01782	26.5	null	null	13113	60
2026-05-27T16:34:54.045	WT901BLE68(F3:F0:16:BF:DC:AE)	0.933	-0.201	0.913	-71.838	23.865	49.805	-16.05	-53.69	17.19	11.760	3.373	13.607	-0.84265	0.03137	0.53714	-0.01782	26.5	null	null	13113	60
2026-05-27T16:34:54.167	WT901BLE68(F3:F0:16:BF:DC:AE)	0.763	-0.187	0.668	-74.951	42.542	56.946	-27.52	-47.26	24.79	11.760	3.373	13.607	-0.84265	0.03137	0.53714	-0.01782	26.5	null	null	13113	60
2026-05-27T16:34:54.222	WT901BLE68(F3:F0:16:BF:DC:AE)	0.481	-0.179	0.435	-51.636	15.564	36.560	-36.08	-41.91	31.72	11.760	3.373	13.607	-0.84265	0.03137	0.53714	-0.01782	26.5	null	null	13113	60
2026-05-27T16:34:54.341	WT901BLE68(F3:F0:16:BF:DC:AE)	0.269	-0.084	0.271	-9.888	25.757	-4.517	-38.78	-38.18	36.28	11.760	3.373	13.607	-0.84265	0.03137	0.53714	-0.01782	26.5	null	null	13113	60
2026-05-27T16:34:54.432	WT901BLE68(F3:F0:16:BF:DC:AE)	0.530	-0.027	0.187	53.284	-37.659	-23.621	-37.52	-40.88	29.09	11.760	3.373	13.607	-0.84265	0.03137	0.53714	-0.01782	26.5	null	null	13113	60
2026-05-27T16:34:54.554	WT901BLE68(F3:F0:16:BF:DC:AE)	0.545	0.004	0.463	92.712	-47.791	-39.734	-29.24	-45.62	21.33	11.760	3.373	13.607	-0.84265	0.03137	0.53714	-0.01782	26.5	null	null	13113	60
2026-05-27T16:34:54.639	WT901BLE68(F3:F0:16:BF:DC:AE)	0.922	0.010	0.813	89.417	-72.815	-52.917	-17.18	-54.28	21.38	18.107	2.127	9.200	-0.84265	0.03137	0.53714	-0.01782	26.5	null	null	13113	60
2026-05-27T16:34:54.765	WT901BLE68(F3:F0:16:BF:DC:AE)	1.136	-0.026	1.278	62.744	-20.386	-36.316	-3.84	-59.91	16.66	18.107	2.127	9.200	-0.84265	0.03137	0.53714	-0.01782	26.5	null	null	13113	60
2026-05-27T16:34:54.818	WT901BLE68(F3:F0:16:BF:DC:AE)	0.889	0.018	1.503	-31.860	46.204	-1.099	1.02	-55.25	15.23	18.107	2.127	9.200	-0.86554	-0.07050	0.48169	-0.11731	26.5	null	null	13113	60
2026-05-27T16:34:54.944	WT901BLE68(F3:F0:16:BF:DC:AE)	0.876	0.013	0.965	-108.765	0.427	20.447	-8.32	-52.91	18.44	18.107	2.127	9.200	-0.86554	-0.07050	0.48169	-0.11731	26.5	null	null	13113	60
2026-05-27T16:34:55.030	WT901BLE68(F3:F0:16:BF:DC:AE)	0.801	-0.094	0.584	-103.943	55.237	25.146	-20.51	-48.92	22.14	18.107	2.127	9.200	-0.86554	-0.07050	0.48169	-0.11731	26.5	null	null	13113	60
2026-05-27T16:34:55.154	WT901BLE68(F3:F0:16:BF:DC:AE)	0.524	-0.232	0.426	-65.125	70.313	7.751	-27.28	-42.29	21.65	18.107	2.127	9.200	-0.86554	-0.07050	0.48169	-0.11731	26.5	null	null	13113	60
2026-05-27T16:34:55.241	WT901BLE68(F3:F0:16:BF:DC:AE)	0.229	-0.174	0.310	-6.775	66.101	-36.865	-27.04	-37.25	12.68	18.107	2.127	9.200	-0.86554	-0.07050	0.48169	-0.11731	26.5	null	null	13113	60
2026-05-27T16:34:55.366	WT901BLE68(F3:F0:16:BF:DC:AE)	0.273	0.039	0.235	32.654	-46.570	-46.265	-21.75	-38.53	2.78	18.107	2.127	9.200	-0.86554	-0.07050	0.48169	-0.11731	26.5	null	null	13113	60
2026-05-27T16:34:55.452	WT901BLE68(F3:F0:16:BF:DC:AE)	0.678	0.018	0.476	83.252	-27.405	-37.476	-14.27	-45.37	-3.11	18.107	2.127	9.200	-0.86554	-0.07050	0.48169	-0.11731	26.5	null	null	13113	60
2026-05-27T16:34:55.573	WT901BLE68(F3:F0:16:BF:DC:AE)	0.909	0.114	0.920	88.013	-50.842	-30.029	-1.61	-50.33	-8.60	7.547	10.853	14.840	-0.86554	-0.07050	0.48169	-0.11731	26.5	null	null	13113	60
2026-05-27T16:34:55.630	WT901BLE68(F3:F0:16:BF:DC:AE)	0.953	0.091	1.259	48.218	-18.921	-10.864	8.44	-53.31	-11.80	7.547	10.853	14.840	-0.86554	-0.07050	0.48169	-0.11731	26.5	null	null	13113	60
2026-05-27T16:34:55.750	WT901BLE68(F3:F0:16:BF:DC:AE)	0.814	0.039	1.481	-21.240	52.979	10.498	9.15	-50.85	-9.61	7.547	10.853	14.840	-0.88986	-0.03427	0.45203	0.05029	26.5	null	null	13113	60
2026-05-27T16:34:55.844	WT901BLE68(F3:F0:16:BF:DC:AE)	0.735	0.014	1.055	-99.670	30.579	13.733	0.37	-46.16	-5.91	7.547	10.853	14.840	-0.88986	-0.03427	0.45203	0.05029	26.5	null	null	13113	60
2026-05-27T16:34:55.965	WT901BLE68(F3:F0:16:BF:DC:AE)	0.660	0.015	0.697	-99.548	34.424	15.198	-10.79	-42.64	-4.21	7.547	10.853	14.840	-0.88986	-0.03427	0.45203	0.05029	26.5	null	null	13113	60
2026-05-27T16:34:56.051	WT901BLE68(F3:F0:16:BF:DC:AE)	0.404	-0.034	0.445	-61.768	79.407	-3.479	-17.39	-36.92	-7.25	7.547	10.853	14.840	-0.88986	-0.03427	0.45203	0.05029	26.5	null	null	13113	60
2026-05-27T16:34:56.202	WT901BLE68(F3:F0:16:BF:DC:AE)	0.203	-0.003	0.283	-3.174	-9.644	-30.945	-17.49	-33.13	-14.98	7.547	10.853	14.840	-0.88986	-0.03427	0.45203	0.05029	26.5	null	null	13113	60
2026-05-27T16:34:56.227	WT901BLE68(F3:F0:16:BF:DC:AE)	0.431	0.142	0.428	68.115	-11.963	-23.438	-11.64	-37.68	-20.74	7.547	10.853	14.840	-0.88986	-0.03427	0.45203	0.05029	26.5	null	null	13113	60
2026-05-27T16:34:56.349	WT901BLE68(F3:F0:16:BF:DC:AE)	0.620	0.296	0.756	72.144	-35.889	-24.719	-1.79	-40.86	-25.84	7.547	10.853	14.840	-0.88986	-0.03427	0.45203	0.05029	26.5	null	null	13113	60
2026-05-27T16:34:56.439	WT901BLE68(F3:F0:16:BF:DC:AE)	0.618	0.314	0.969	26.917	-85.876	-63.904	8.68	-46.75	-33.56	0.027	15.220	15.827	-0.88986	-0.03427	0.45203	0.05029	26.5	null	null	13113	60
2026-05-27T16:34:56.566	WT901BLE68(F3:F0:16:BF:DC:AE)	0.554	0.223	1.194	23.743	67.017	-138.306	21.60	-42.02	-47.04	0.027	15.220	15.827	-0.88986	-0.03427	0.45203	0.05029	26.5	null	null	13113	60
2026-05-27T16:34:56.652	WT901BLE68(F3:F0:16:BF:DC:AE)	0.569	0.465	1.123	-33.142	-21.790	-169.312	30.05	-31.32	-61.67	0.027	15.220	15.827	-0.86041	-0.05200	0.37192	0.34430	26.5	null	null	13113	60
2026-05-27T16:34:56.773	WT901BLE68(F3:F0:16:BF:DC:AE)	0.757	0.525	0.770	-117.432	-84.595	-135.132	30.58	-28.80	-79.18	0.027	15.220	15.827	-0.86041	-0.05200	0.37192	0.34430	26.5	null	null	13113	60
2026-05-27T16:34:56.864	WT901BLE68(F3:F0:16:BF:DC:AE)	0.808	0.312	0.445	-129.456	-103.027	-93.994	26.23	-33.62	-95.41	0.027	15.220	15.827	-0.86041	-0.05200	0.37192	0.34430	26.5	null	null	13113	60
2026-05-27T16:34:56.983	WT901BLE68(F3:F0:16:BF:DC:AE)	0.683	0.111	0.416	-41.138	-28.870	-72.266	25.15	-36.79	-106.65	0.027	15.220	15.827	-0.86041	-0.05200	0.37192	0.34430	26.5	null	null	13113	60
2026-05-27T16:34:57.043	WT901BLE68(F3:F0:16:BF:DC:AE)	0.457	0.246	0.807	73.547	105.286	-102.295	31.01	-30.73	-111.99	0.027	15.220	15.827	-0.86041	-0.05200	0.37192	0.34430	26.5	null	null	13113	60
2026-05-27T16:34:57.166	WT901BLE68(F3:F0:16:BF:DC:AE)	-0.144	0.687	0.584	113.159	76.965	-151.672	42.25	-16.46	-115.22	0.027	15.220	15.827	-0.86041	-0.05200	0.37192	0.34430	26.5	null	null	13113	60
2026-05-27T16:34:57.253	WT901BLE68(F3:F0:16:BF:DC:AE)	0.456	1.013	0.871	49.561	-39.612	-76.416	51.59	-7.52	-120.86	0.027	15.220	15.827	-0.86041	-0.05200	0.37192	0.34430	26.5	null	null	13113	60
2026-05-27T16:34:57.373	WT901BLE68(F3:F0:16:BF:DC:AE)	0.436	0.727	0.796	13.306	4.395	17.700	53.89	-7.88	-121.01	-57.360	17.960	9.787	-0.86041	-0.05200	0.37192	0.34430	26.5	null	null	13113	60
2026-05-27T16:34:57.463	WT901BLE68(F3:F0:16:BF:DC:AE)	0.702	0.580	0.663	7.324	-37.109	74.890	54.01	-14.35	-118.08	-57.360	17.960	9.787	-0.86041	-0.05200	0.37192	0.34430	26.5	null	null	13113	60
2026-05-27T16:34:57.585	WT901BLE68(F3:F0:16:BF:DC:AE)	0.846	0.583	0.672	18.677	6.042	133.667	52.87	-24.37	-109.78	-57.360	17.960	9.787	-0.52573	-0.12192	0.45154	0.71045	26.5	null	null	13113	60
2026-05-27T16:34:57.645	WT901BLE68(F3:F0:16:BF:DC:AE)	1.004	0.580	0.690	27.954	23.376	181.702	47.82	-36.33	-94.26	-57.360	17.960	9.787	-0.52573	-0.12192	0.45154	0.71045	26.5	null	null	13113	60
2026-05-27T16:34:57.765	WT901BLE68(F3:F0:16:BF:DC:AE)	1.220	0.574	0.678	19.470	49.500	218.018	34.15	-47.14	-69.05	-57.360	17.960	9.787	-0.52573	-0.12192	0.45154	0.71045	26.5	null	null	13113	60
2026-05-27T16:34:57.851	WT901BLE68(F3:F0:16:BF:DC:AE)	1.107	0.393	0.739	-8.423	23.621	219.910	8.85	-52.08	-34.83	-57.360	17.960	9.787	-0.52573	-0.12192	0.45154	0.71045	26.5	null	null	13113	60
2026-05-27T16:34:57.974	WT901BLE68(F3:F0:16:BF:DC:AE)	0.823	0.304	0.473	-36.743	-9.460	167.480	-16.09	-51.04	-6.06	-57.360	17.960	9.787	-0.52573	-0.12192	0.45154	0.71045	26.5	null	null	13113	60
2026-05-27T16:34:58.068	WT901BLE68(F3:F0:16:BF:DC:AE)	0.501	0.190	0.248	10.254	95.764	72.876	-26.28	-44.41	3.49	-57.360	17.960	9.787	-0.52573	-0.12192	0.45154	0.71045	26.5	null	null	13113	60
2026-05-27T16:34:58.180	WT901BLE68(F3:F0:16:BF:DC:AE)	0.383	0.224	0.246	50.781	15.808	52.185	-25.24	-40.08	2.97	-57.360	17.960	9.787	-0.52573	-0.12192	0.45154	0.71045	26.5	null	null	13113	60
2026-05-27T16:34:58.242	WT901BLE68(F3:F0:16:BF:DC:AE)	0.367	0.154	0.261	71.045	-49.438	48.035	-23.51	-42.32	4.88	6.167	-0.527	19.740	-0.52573	-0.12192	0.45154	0.71045	26.5	null	null	13113	60
2026-05-27T16:34:58.393	WT901BLE68(F3:F0:16:BF:DC:AE)	0.725	0.031	0.610	135.071	-123.352	29.175	-20.89	-53.06	12.14	6.167	-0.527	19.740	-0.52573	-0.12192	0.45154	0.71045	26.5	null	null	13113	60
2026-05-27T16:34:58.450	WT901BLE68(F3:F0:16:BF:DC:AE)	0.970	0.009	1.436	100.037	-33.447	24.048	-12.74	-57.89	20.86	6.167	-0.527	19.740	-0.87000	0.04407	0.48584	-0.07080	26.5	null	null	13113	60
2026-05-27T16:34:58.573	WT901BLE68(F3:F0:16:BF:DC:AE)	0.942	-0.037	1.500	-16.663	7.629	31.372	-14.38	-57.14	28.77	6.167	-0.527	19.740	-0.87000	0.04407	0.48584	-0.07080	26.5	null	null	13113	60
2026-05-27T16:34:58.665	WT901BLE68(F3:F0:16:BF:DC:AE)	0.805	-0.197	0.933	-75.867	39.917	30.823	-22.30	-51.32	34.06	6.167	-0.527	19.740	-0.87000	0.04407	0.48584	-0.07080	26.5	null	null	13113	60
2026-05-27T16:34:58.782	WT901BLE68(F3:F0:16:BF:DC:AE)	0.763	-0.229	0.720	-65.247	70.129	38.269	-30.11	-44.79	38.78	6.167	-0.527	19.740	-0.87000	0.04407	0.48584	-0.07080	26.5	null	null	13113	60
2026-05-27T16:34:58.874	WT901BLE68(F3:F0:16:BF:DC:AE)	0.202	-0.004	0.301	-55.481	11.169	-15.625	-34.20	-39.67	40.67	6.167	-0.527	19.740	-0.87000	0.04407	0.48584	-0.07080	26.5	null	null	13113	60
2026-05-27T16:34:58.994	WT901BLE68(F3:F0:16:BF:DC:AE)	0.410	0.079	0.150	-0.122	-60.364	-31.067	-35.50	-42.03	44.14	6.167	-0.527	19.740	-0.87000	0.04407	0.48584	-0.07080	26.5	null	null	13113	60
2026-05-27T16:34:59.053	WT901BLE68(F3:F0:16:BF:DC:AE)	0.644	-0.128	0.451	55.664	-28.687	-46.326	-29.06	-46.04	46.96	6.167	-0.527	19.740	-0.87000	0.04407	0.48584	-0.07080	26.5	null	null	13113	60
2026-05-27T16:34:59.169	WT901BLE68(F3:F0:16:BF:DC:AE)	0.871	-0.154	0.735	16.541	-55.847	-48.096	-20.81	-52.16	45.90	21.367	-1.580	5.993	-0.87000	0.04407	0.48584	-0.07080	26.5	null	null	13113	60
2026-05-27T16:34:59.264	WT901BLE68(F3:F0:16:BF:DC:AE)	1.047	-0.294	0.449	18.555	-96.191	-53.528	-16.44	-60.94	43.34	21.367	-1.580	5.993	-0.87000	0.04407	0.48584	-0.07080	26.5	null	null	13113	60
2026-05-27T16:34:59.386	WT901BLE68(F3:F0:16:BF:DC:AE)	1.237	-0.236	0.901	44.434	28.137	-25.391	-5.45	-64.59	36.99	21.367	-1.580	5.993	-0.81290	-0.08368	0.52246	-0.24316	26.5	null	null	13113	60
2026-05-27T16:34:59.472	WT901BLE68(F3:F0:16:BF:DC:AE)	1.034	-0.121	1.029	-33.752	41.626	26.367	-4.27	-60.55	37.69	21.367	-1.580	5.993	-0.81290	-0.08368	0.52246	-0.24316	26.5	null	null	13113	60
2026-05-27T16:34:59.596	WT901BLE68(F3:F0:16:BF:DC:AE)	0.913	-0.222	0.885	-88.074	47.424	38.330	-16.33	-56.16	45.27	21.367	-1.580	5.993	-0.81290	-0.08368	0.52246	-0.24316	26.5	null	null	13113	60
2026-05-27T16:34:59.683	WT901BLE68(F3:F0:16:BF:DC:AE)	0.744	-0.315	0.649	-83.008	64.880	5.493	-24.75	-49.08	46.53	21.367	-1.580	5.993	-0.81290	-0.08368	0.52246	-0.24316	26.5	null	null	13113	60
2026-05-27T16:34:59.806	WT901BLE68(F3:F0:16:BF:DC:AE)	0.469	-0.067	0.326	-59.082	72.327	-39.246	-27.19	-43.09	41.31	21.367	-1.580	5.993	-0.81290	-0.08368	0.52246	-0.24316	26.5	null	null	13113	60
2026-05-27T16:34:59.863	WT901BLE68(F3:F0:16:BF:DC:AE)	0.497	0.076	0.180	2.441	11.597	-54.565	-25.19	-42.82	29.73	21.367	-1.580	5.993	-0.81290	-0.08368	0.52246	-0.24316	26.5	null	null	13113	60
2026-05-27T16:34:59.983	WT901BLE68(F3:F0:16:BF:DC:AE)	0.649	0.174	0.109	70.435	42.847	-18.188	-18.81	-45.41	19.73	21.367	-1.580	5.993	-0.81290	-0.08368	0.52246	-0.24316	26.5	null	null	13113	60
2026-05-27T16:35:00.073	WT901BLE68(F3:F0:16:BF:DC:AE)	0.726	0.251	0.523	88.501	-51.453	-12.146	-10.78	-48.76	15.14	9.307	5.833	14.733	-0.81290	-0.08368	0.52246	-0.24316	26.5	null	null	13113	60
2026-05-27T16:35:00.196	WT901BLE68(F3:F0:16:BF:DC:AE)	0.937	0.288	0.964	51.453	-81.604	-52.917	2.11	-54.46	8.72	9.307	5.833	14.733	-0.81290	-0.08368	0.52246	-0.24316	26.5	null	null	13113	60
2026-05-27T16:35:00.285	WT901BLE68(F3:F0:16:BF:DC:AE)	0.923	0.252	1.004	-45.898	-85.999	-87.463	15.93	-60.05	-6.38	9.307	5.833	14.733	-0.87363	-0.07874	0.47626	-0.06018	26.5	null	null	13113	60
2026-05-27T16:35:00.401	WT901BLE68(F3:F0:16:BF:DC:AE)	0.965	0.084	0.662	-160.217	-115.540	-120.605	30.10	-63.19	-32.61	9.307	5.833	14.733	-0.87363	-0.07874	0.47626	-0.06018	26.5	null	null	13113	60
2026-05-27T16:35:00.459	WT901BLE68(F3:F0:16:BF:DC:AE)	1.060	0.138	0.264	-221.619	-77.393	-102.295	42.55	-65.57	-68.04	9.307	5.833	14.733	-0.87363	-0.07874	0.47626	-0.06018	26.5	null	null	13113	60
2026-05-27T16:35:00.582	WT901BLE68(F3:F0:16:BF:DC:AE)	1.081	0.438	0.259	-121.582	-12.878	-71.594	43.69	-63.49	-87.53	9.307	5.833	14.733	-0.87363	-0.07874	0.47626	-0.06018	26.5	null	null	13113	60
2026-05-27T16:35:00.674	WT901BLE68(F3:F0:16:BF:DC:AE)	0.846	0.421	0.023	-101.624	-217.651	-20.325	51.72	-65.47	-106.34	9.307	5.833	14.733	-0.87363	-0.07874	0.47626	-0.06018	26.5	null	null	13113	60
2026-05-27T16:35:00.795	WT901BLE68(F3:F0:16:BF:DC:AE)	0.870	0.235	0.032	-68.176	45.044	-50.903	67.54	-67.62	-131.64	9.307	5.833	14.733	-0.87363	-0.07874	0.47626	-0.06018	26.5	null	null	13113	60
2026-05-27T16:35:00.881	WT901BLE68(F3:F0:16:BF:DC:AE)	1.268	0.154	0.353	5.310	305.725	-146.179	54.55	-55.71	-120.50	9.307	5.833	14.733	-0.87363	-0.07874	0.47626	-0.06018	26.5	null	null	13113	60
2026-05-27T16:35:01.000	WT901BLE68(F3:F0:16:BF:DC:AE)	-0.238	0.828	0.524	134.949	382.507	-147.888	47.31	-9.51	-88.45	-16.800	15.513	18.820	-0.87363	-0.07874	0.47626	-0.06018	26.5	null	null	13113	60
2026-05-27T16:35:01.093	WT901BLE68(F3:F0:16:BF:DC:AE)	0.349	0.903	0.735	64.636	-30.884	-55.847	56.95	0.10	-88.69	-16.800	15.513	18.820	-0.87363	-0.07874	0.47626	-0.06018	26.5	null	null	13113	60
2026-05-27T16:35:01.213	WT901BLE68(F3:F0:16:BF:DC:AE)	0.205	0.838	0.782	42.603	39.551	19.714	62.16	1.68	-87.03	-16.800	15.513	18.820	-0.61438	-0.35803	0.34164	0.61441	26.5	null	null	13113	60
2026-05-27T16:35:01.273	WT901BLE68(F3:F0:16:BF:DC:AE)	0.380	0.879	0.714	-2.502	-1.526	79.285	63.65	-2.83	-83.39	-16.800	15.513	18.820	-0.61438	-0.35803	0.34164	0.61441	26.5	null	null	13113	60
2026-05-27T16:35:01.396	WT901BLE68(F3:F0:16:BF:DC:AE)	0.714	0.976	0.747	-63.416	-14.404	170.593	58.88	-14.43	-77.80	-16.800	15.513	18.820	-0.61438	-0.35803	0.34164	0.61441	26.5	null	null	13113	60
2026-05-27T16:35:01.483	WT901BLE68(F3:F0:16:BF:DC:AE)	1.037	0.985	0.670	-65.918	67.566	222.778	45.82	-30.05	-62.85	-16.800	15.513	18.820	-0.61438	-0.35803	0.34164	0.61441	26.5	null	null	13113	60
2026-05-27T16:35:01.607	WT901BLE68(F3:F0:16:BF:DC:AE)	0.717	0.666	0.927	-64.636	74.280	207.764	25.15	-37.22	-37.53	-16.800	15.513	18.820	-0.61438	-0.35803	0.34164	0.61441	26.5	null	null	13113	60
2026-05-27T16:35:01.695	WT901BLE68(F3:F0:16:BF:DC:AE)	0.687	0.481	0.943	-57.739	75.317	152.100	6.19	-35.32	-15.86	-16.800	15.513	18.820	-0.61438	-0.35803	0.34164	0.61441	26.5	null	null	13113	60
2026-05-27T16:35:01.813	WT901BLE68(F3:F0:16:BF:DC:AE)	0.406	0.506	0.594	-68.542	-54.382	97.412	-6.21	-34.30	-5.04	-16.800	15.513	18.820	-0.61438	-0.35803	0.34164	0.61441	26.5	null	null	13113	60
2026-05-27T16:35:01.869	WT901BLE68(F3:F0:16:BF:DC:AE)	0.519	0.427	0.146	-24.963	-99.792	96.313	-17.36	-42.07	3.08	-6.140	11.987	21.993	-0.61438	-0.35803	0.34164	0.61441	26.5	null	null	13113	60
2026-05-27T16:35:01.994	WT901BLE68(F3:F0:16:BF:DC:AE)	0.404	0.305	0.213	32.349	-64.819	92.896	-26.19	-47.52	13.06	-6.140	11.987	21.993	-0.61438	-0.35803	0.34164	0.61441	26.5	null	null	13113	60
2026-05-27T16:35:02.079	WT901BLE68(F3:F0:16:BF:DC:AE)	0.444	-0.064	0.509	85.144	-50.842	47.180	-31.24	-52.33	21.73	-6.140	11.987	21.993	-0.88425	0.16547	0.43582	-0.02640	26.5	null	null	13113	60
2026-05-27T16:35:02.204	WT901BLE68(F3:F0:16:BF:DC:AE)	0.813	-0.314	1.088	105.408	-47.424	-1.343	-27.32	-57.28	31.73	-6.140	11.987	21.993	-0.88425	0.16547	0.43582	-0.02640	26.5	null	null	13113	60
2026-05-27T16:35:02.293	WT901BLE68(F3:F0:16:BF:DC:AE)	0.816	-0.315	1.500	55.481	61.646	-1.343	-16.89	-53.73	31.61	-6.140	11.987	21.993	-0.88425	0.16547	0.43582	-0.02640	26.5	null	null	13113	60
2026-05-27T16:35:02.412	WT901BLE68(F3:F0:16:BF:DC:AE)	0.890	-0.357	1.272	-30.518	50.659	25.146	-16.89	-48.55	33.14	-6.140	11.987	21.993	-0.88425	0.16547	0.43582	-0.02640	26.5	null	null	13113	60
2026-05-27T16:35:02.502	WT901BLE68(F3:F0:16:BF:DC:AE)	0.630	-0.171	0.792	-66.650	5.859	24.658	-22.38	-41.85	34.89	-6.140	11.987	21.993	-0.88425	0.16547	0.43582	-0.02640	26.5	null	null	13113	60
2026-05-27T16:35:02.623	WT901BLE68(F3:F0:16:BF:DC:AE)	0.438	-0.070	0.439	-55.847	28.564	-1.343	-29.08	-40.74	37.17	-6.140	11.987	21.993	-0.88425	0.16547	0.43582	-0.02640	26.5	null	null	13113	60
2026-05-27T16:35:02.684	WT901BLE68(F3:F0:16:BF:DC:AE)	0.231	0.014	0.298	-9.216	39.307	-37.476	-27.84	-37.52	27.88	-6.140	11.987	21.993	-0.88425	0.16547	0.43582	-0.02640	26.5	null	null	13113	60
2026-05-27T16:35:02.805	WT901BLE68(F3:F0:16:BF:DC:AE)	0.382	0.038	0.251	55.847	-20.020	-32.532	-23.03	-41.91	18.66	9.853	-3.640	19.053	-0.88425	0.16547	0.43582	-0.02640	26.5	null	null	13113	60
2026-05-27T16:35:02.892	WT901BLE68(F3:F0:16:BF:DC:AE)	0.608	0.144	0.656	60.120	35.400	-39.429	-12.58	-43.01	9.53	9.853	-3.640	19.053	-0.88425	0.16547	0.43582	-0.02640	26.5	null	null	13113	60
2026-05-27T16:35:03.012	WT901BLE68(F3:F0:16:BF:DC:AE)	0.921	-0.073	1.062	50.110	-100.952	-35.767	-4.14	-49.11	2.65	9.853	-3.640	19.053	-0.92691	0.05856	0.36957	-0.02661	26.5	null	null	13113	60
2026-05-27T16:35:03.103	WT901BLE68(F3:F0:16:BF:DC:AE)	0.772	-0.073	1.751	28.198	11.169	-3.906	2.58	-51.55	0.89	9.853	-3.640	19.053	-0.92691	0.05856	0.36957	-0.02661	26.5	null	null	13113	60
2026-05-27T16:35:03.227	WT901BLE68(F3:F0:16:BF:DC:AE)	0.688	-0.132	1.378	-98.572	-18.860	-9.583	-2.49	-50.19	1.11	9.853	-3.640	19.053	-0.92691	0.05856	0.36957	-0.02661	26.5	null	null	13113	60
2026-05-27T16:35:03.283	WT901BLE68(F3:F0:16:BF:DC:AE)	0.882	-0.170	0.696	-101.929	-28.625	-3.479	-13.27	-51.86	2.16	9.853	-3.640	19.053	-0.92691	0.05856	0.36957	-0.02661	26.5	null	null	13113	60
2026-05-27T16:35:03.405	WT901BLE68(F3:F0:16:BF:DC:AE)	0.607	-0.044	0.460	-35.278	110.107	-43.884	-14.75	-46.52	-3.10	9.853	-3.640	19.053	-0.92691	0.05856	0.36957	-0.02661	26.5	null	null	13113	60
2026-05-27T16:35:03.492	WT901BLE68(F3:F0:16:BF:DC:AE)	0.395	0.216	0.219	-24.475	-23.682	-52.795	-11.09	-44.04	-13.55	9.853	-3.640	19.053	-0.92691	0.05856	0.36957	-0.02661	26.5	null	null	13113	60
2026-05-27T16:35:03.614	WT901BLE68(F3:F0:16:BF:DC:AE)	0.503	0.280	0.125	39.185	-36.255	1.465	-6.80	-49.27	-19.36	9.853	-3.640	19.053	-0.92691	0.05856	0.36957	-0.02661	26.5	null	null	13113	60
2026-05-27T16:35:03.701	WT901BLE68(F3:F0:16:BF:DC:AE)	0.595	0.375	0.486	62.134	-51.208	-5.249	0.59	-53.37	-22.07	4.747	11.900	14.973	-0.92691	0.05856	0.36957	-0.02661	26.5	null	null	13113	60
2026-05-27T16:35:03.826	WT901BLE68(F3:F0:16:BF:DC:AE)	0.917	0.338	0.752	22.705	-75.439	-55.237	12.96	-61.52	-30.54	4.747	11.900	14.973	-0.92691	0.05856	0.36957	-0.02661	26.5	null	null	13113	60
2026-05-27T16:35:03.880	WT901BLE68(F3:F0:16:BF:DC:AE)	1.053	0.304	1.107	-13.062	-0.671	-108.521	30.19	-60.38	-48.21	4.747	11.900	14.973	-0.82297	0.01807	0.53513	0.18951	26.5	null	null	13113	60
2026-05-27T16:35:04.034	WT901BLE68(F3:F0:16:BF:DC:AE)	0.980	0.296	0.727	-118.347	-84.473	-110.535	39.00	-56.11	-66.06	4.747	11.900	14.973	-0.82297	0.01807	0.53513	0.18951	26.5	null	null	13113	60
2026-05-27T16:35:04.094	WT901BLE68(F3:F0:16:BF:DC:AE)	1.076	0.185	0.353	-143.555	49.866	-110.168	37.95	-51.78	-80.99	4.747	11.900	14.973	-0.82297	0.01807	0.53513	0.18951	26.5	null	null	13113	60
2026-05-27T16:35:04.213	WT901BLE68(F3:F0:16:BF:DC:AE)	0.976	0.256	0.251	-110.901	8.911	-100.464	32.35	-43.99	-89.32	4.747	11.900	14.973	-0.82297	0.01807	0.53513	0.18951	26.5	null	null	13113	60
2026-05-27T16:35:04.302	WT901BLE68(F3:F0:16:BF:DC:AE)	0.792	0.300	0.372	-57.312	-12.268	-72.693	30.90	-39.39	-97.27	4.747	11.900	14.973	-0.82297	0.01807	0.53513	0.18951	26.5	null	null	13113	60
2026-05-27T16:35:04.425	WT901BLE68(F3:F0:16:BF:DC:AE)	0.648	0.255	0.506	-3.662	25.818	-92.896	33.43	-35.58	-104.62	4.747	11.900	14.973	-0.82297	0.01807	0.53513	0.18951	26.5	null	null	13113	60
2026-05-27T16:35:04.512	WT901BLE68(F3:F0:16:BF:DC:AE)	-0.055	0.251	0.687	177.246	194.153	-119.751	42.36	-18.55	-104.82	4.747	11.900	14.973	-0.82297	0.01807	0.53513	0.18951	26.5	null	null	13113	60
2026-05-27T16:35:04.634	WT901BLE68(F3:F0:16:BF:DC:AE)	0.235	1.004	1.015	87.708	17.334	-82.275	56.28	-4.46	-104.61	-50.413	18.347	12.733	-0.82297	0.01807	0.53513	0.18951	26.5	null	null	13113	60
2026-05-27T16:35:04.689	WT901BLE68(F3:F0:16:BF:DC:AE)	0.357	0.852	0.868	5.920	7.263	15.686	60.14	-2.39	-104.78	-50.413	18.347	12.733	-0.82297	0.01807	0.53513	0.18951	26.5	null	null	13113	60
2026-05-27T16:35:04.810	WT901BLE68(F3:F0:16:BF:DC:AE)	0.390	0.783	0.826	-29.175	-5.005	61.279	58.21	-5.61	-100.57	-50.413	18.347	12.733	-0.55045	-0.28897	0.40576	0.66989	26.5	null	null	13113	60
2026-05-27T16:35:04.903	WT901BLE68(F3:F0:16:BF:DC:AE)	0.676	0.814	0.760	-53.162	-27.649	140.259	52.75	-15.89	-96.29	-50.413	18.347	12.733	-0.55045	-0.28897	0.40576	0.66989	26.5	null	null	13113	60
2026-05-27T16:35:05.019	WT901BLE68(F3:F0:16:BF:DC:AE)	0.850	0.717	0.691	-32.349	-26.794	206.604	43.43	-30.26	-84.53	-50.413	18.347	12.733	-0.55045	-0.28897	0.40576	0.66989	26.5	null	null	13113	60
2026-05-27T16:35:05.116	WT901BLE68(F3:F0:16:BF:DC:AE)	1.051	0.438	0.629	21.118	16.479	225.708	30.25	-45.27	-63.68	-50.413	18.347	12.733	-0.55045	-0.28897	0.40576	0.66989	26.5	null	null	13113	60
2026-05-27T16:35:05.235	WT901BLE68(F3:F0:16:BF:DC:AE)	1.010	0.225	0.665	20.081	1.221	195.007	9.81	-51.87	-32.85	-50.413	18.347	12.733	-0.55045	-0.28897	0.40576	0.66989	26.5	null	null	13113	60
2026-05-27T16:35:05.322	WT901BLE68(F3:F0:16:BF:DC:AE)	0.893	0.307	0.416	-18.433	-35.522	131.165	-10.16	-53.81	-7.13	-50.413	18.347	12.733	-0.55045	-0.28897	0.40576	0.66989	26.5	null	null	13113	60
2026-05-27T16:35:05.442	WT901BLE68(F3:F0:16:BF:DC:AE)	0.627	0.474	0.240	-10.925	52.002	55.481	-21.69	-51.64	4.41	-50.413	18.347	12.733	-0.55045	-0.28897	0.40576	0.66989	26.5	null	null	13113	60
2026-05-27T16:35:05.498	WT901BLE68(F3:F0:16:BF:DC:AE)	0.410	0.374	0.097	45.471	-103.394	70.984	-25.25	-51.66	7.12	9.027	4.820	14.773	-0.55045	-0.28897	0.40576	0.66989	26.5	null	null	13113	60
2026-05-27T16:35:05.621	WT901BLE68(F3:F0:16:BF:DC:AE)	0.715	0.046	0.219	120.544	-66.895	39.490	-37.05	-60.89	23.30	9.027	4.820	14.773	-0.55045	-0.28897	0.40576	0.66989	26.5	null	null	13113	60
2026-05-27T16:35:05.707	WT901BLE68(F3:F0:16:BF:DC:AE)	0.914	-0.021	0.864	146.790	-45.959	1.770	-26.25	-62.98	32.73	9.027	4.820	14.773	-0.83261	0.12619	0.53629	-0.05557	26.5	null	null	13113	60
2026-05-27T16:35:05.832	WT901BLE68(F3:F0:16:BF:DC:AE)	1.056	-0.118	1.273	48.889	-49.683	17.700	-19.91	-66.17	40.25	9.027	4.820	14.773	-0.83261	0.12619	0.53629	-0.05557	26.5	null	null	13113	60
2026-05-27T16:35:05.921	WT901BLE68(F3:F0:16:BF:DC:AE)	1.055	-0.186	1.101	-18.921	90.088	3.845	-18.56	-62.56	42.38	9.027	4.820	14.773	-0.83261	0.12619	0.53629	-0.05557	26.5	null	null	13113	60
2026-05-27T16:35:06.044	WT901BLE68(F3:F0:16:BF:DC:AE)	0.945	-0.129	0.845	-60.974	100.281	4.028	-19.06	-53.45	40.19	9.027	4.820	14.773	-0.83261	0.12619	0.53629	-0.05557	26.5	null	null	13113	60
2026-05-27T16:35:06.101	WT901BLE68(F3:F0:16:BF:DC:AE)	0.587	-0.005	0.436	-71.594	64.636	-13.367	-22.27	-46.37	37.31	9.027	4.820	14.773	-0.83261	0.12619	0.53629	-0.05557	26.5	null	null	13113	60
2026-05-27T16:35:06.226	WT901BLE68(F3:F0:16:BF:DC:AE)	0.387	0.146	0.195	-30.945	9.094	-25.940	-22.68	-43.15	32.29	9.027	4.820	14.773	-0.83261	0.12619	0.53629	-0.05557	26.5	null	null	13113	60
2026-05-27T16:35:06.308	WT901BLE68(F3:F0:16:BF:DC:AE)	0.523	0.115	0.127	41.443	-42.542	1.160	-22.13	-47.47	27.09	9.027	4.820	14.773	-0.83261	0.12619	0.53629	-0.05557	26.5	null	null	13113	60
2026-05-27T16:35:06.433	WT901BLE68(F3:F0:16:BF:DC:AE)	0.614	0.077	0.503	88.562	-34.241	-14.709	-14.11	-50.65	22.92	16.560	3.460	11.193	-0.83261	0.12619	0.53629	-0.05557	26.5	null	null	13113	60
2026-05-27T16:35:06.524	WT901BLE68(F3:F0:16:BF:DC:AE)	0.960	0.065	0.913	69.824	-60.852	-25.879	-3.02	-56.73	20.89	16.560	3.460	11.193	-0.83261	0.12619	0.53629	-0.05557	26.5	null	null	13113	60
2026-05-27T16:35:06.649	WT901BLE68(F3:F0:16:BF:DC:AE)	1.057	0.018	1.290	25.024	4.456	-25.146	6.30	-59.62	16.97	16.560	3.460	11.193	-0.86023	-0.08527	0.47949	-0.15079	26.5	null	null	13113	60
2026-05-27T16:35:06.703	WT901BLE68(F3:F0:16:BF:DC:AE)	0.845	-0.006	1.341	-46.021	45.044	-21.240	7.37	-54.37	15.54	16.560	3.460	11.193	-0.86023	-0.08527	0.47949	-0.15079	26.5	null	null	13113	60
2026-05-27T16:35:06.850	WT901BLE68(F3:F0:16:BF:DC:AE)	0.845	0.003	0.968	-102.600	27.527	-23.010	1.62	-49.15	13.42	16.560	3.460	11.193	-0.86023	-0.08527	0.47949	-0.15079	26.5	null	null	13113	60
2026-05-27T16:35:06.915	WT901BLE68(F3:F0:16:BF:DC:AE)	0.699	-0.004	0.574	-107.544	35.034	-27.832	-6.36	-45.88	9.98	16.560	3.460	11.193	-0.86023	-0.08527	0.47949	-0.15079	26.5	null	null	13113	60
2026-05-27T16:35:07.036	WT901BLE68(F3:F0:16:BF:DC:AE)	0.477	0.076	0.274	-67.322	-4.822	-42.480	-10.85	-43.92	3.12	16.560	3.460	11.193	-0.86023	-0.08527	0.47949	-0.15079	26.5	null	null	13113	60
2026-05-27T16:35:07.124	WT901BLE68(F3:F0:16:BF:DC:AE)	0.567	0.199	0.052	5.005	-19.714	-29.419	-10.16	-47.15	-4.39	16.560	3.460	11.193	-0.86023	-0.08527	0.47949	-0.15079	26.5	null	null	13113	60
2026-05-27T16:35:07.242	WT901BLE68(F3:F0:16:BF:DC:AE)	0.663	0.286	0.295	88.501	-22.827	16.052	-3.24	-48.31	-8.32	16.560	3.460	11.193	-0.86023	-0.08527	0.47949	-0.15079	26.5	null	null	13113	60
2026-05-27T16:35:07.333	WT901BLE68(F3:F0:16:BF:DC:AE)	0.803	0.354	0.722	79.346	-77.026	27.283	4.22	-54.88	-7.05	6.093	16.040	11.527	-0.86023	-0.08527	0.47949	-0.15079	26.5	null	null	13113	60
2026-05-27T16:35:07.451	WT901BLE68(F3:F0:16:BF:DC:AE)	0.766	0.334	1.027	24.536	-69.031	-27.954	12.38	-60.67	-8.95	6.093	16.040	11.527	-0.86023	-0.08527	0.47949	-0.15079	26.5	null	null	13113	60
2026-05-27T16:35:07.509	WT901BLE68(F3:F0:16:BF:DC:AE)	0.805	0.321	0.945	-66.650	-61.890	-114.624	26.94	-62.57	-26.43	6.093	16.040	11.527	-0.84695	-0.07153	0.52573	0.03241	26.5	null	null	13113	60
2026-05-27T16:35:07.634	WT901BLE68(F3:F0:16:BF:DC:AE)	1.247	0.336	0.517	-148.010	-69.275	-142.151	43.48	-61.22	-57.13	6.093	16.040	11.527	-0.84695	-0.07153	0.52573	0.03241	26.5	null	null	13113	60
2026-05-27T16:35:07.720	WT901BLE68(F3:F0:16:BF:DC:AE)	1.008	0.409	0.248	-156.372	-31.555	-116.516	43.62	-53.12	-74.12	6.093	16.040	11.527	-0.84695	-0.07153	0.52573	0.03241	26.5	null	null	13113	60
2026-05-27T16:35:07.846	WT901BLE68(F3:F0:16:BF:DC:AE)	0.900	0.378	0.172	-130.249	-18.738	-85.693	40.84	-49.08	-87.64	6.093	16.040	11.527	-0.84695	-0.07153	0.52573	0.03241	26.5	null	null	13113	60
2026-05-27T16:35:07.930	WT901BLE68(F3:F0:16:BF:DC:AE)	0.628	0.240	0.218	-54.077	28.137	-105.896	40.03	-44.42	-97.55	6.093	16.040	11.527	-0.84695	-0.07153	0.52573	0.03241	26.5	null	null	13113	60
2026-05-27T16:35:08.053	WT901BLE68(F3:F0:16:BF:DC:AE)	0.557	0.604	0.390	82.092	137.939	-170.349	46.15	-30.53	-103.27	6.093	16.040	11.527	-0.84695	-0.07153	0.52573	0.03241	26.5	null	null	13113	60
2026-05-27T16:35:08.114	WT901BLE68(F3:F0:16:BF:DC:AE)	0.296	1.031	0.614	119.019	128.418	-122.192	59.08	-10.29	-99.22	6.093	16.040	11.527	-0.84695	-0.07153	0.52573	0.03241	26.5	null	null	13113	60
2026-05-27T16:35:08.261	WT901BLE68(F3:F0:16:BF:DC:AE)	0.368	0.824	0.752	24.780	6.348	-11.353	63.94	-4.81	-98.05	-56.380	23.420	3.607	-0.84695	-0.07153	0.52573	0.03241	26.5	null	null	13113	60
2026-05-27T16:35:08.320	WT901BLE68(F3:F0:16:BF:DC:AE)	0.360	0.800	0.710	-11.841	-4.883	41.138	63.66	-7.29	-95.47	-56.380	23.420	3.607	-0.84695	-0.07153	0.52573	0.03241	26.5	null	null	13113	60
2026-05-27T16:35:08.445	WT901BLE68(F3:F0:16:BF:DC:AE)	0.667	0.809	0.724	-47.974	-75.928	109.802	59.63	-17.48	-95.33	-56.380	23.420	3.607	-0.60184	-0.30484	0.42825	0.60110	26.5	null	null	13113	60
2026-05-27T16:35:08.533	WT901BLE68(F3:F0:16:BF:DC:AE)	0.954	0.753	0.553	-11.597	-16.968	171.936	54.07	-33.34	-90.76	-56.380	23.420	3.607	-0.60184	-0.30484	0.42825	0.60110	26.5	null	null	13113	60
2026-05-27T16:35:08.659	WT901BLE68(F3:F0:16:BF:DC:AE)	1.018	0.585	0.484	26.245	31.555	186.523	43.99	-45.70	-72.51	-56.380	23.420	3.607	-0.60184	-0.30484	0.42825	0.60110	26.5	null	null	13113	60
2026-05-27T16:35:08.741	WT901BLE68(F3:F0:16:BF:DC:AE)	1.118	0.497	0.617	37.903	97.351	187.805	26.26	-50.81	-43.35	-56.380	23.420	3.607	-0.60184	-0.30484	0.42825	0.60110	26.5	null	null	13113	60
2026-05-27T16:35:08.863	WT901BLE68(F3:F0:16:BF:DC:AE)	0.920	0.461	0.640	-4.883	70.190	160.706	6.35	-47.89	-15.48	-56.380	23.420	3.607	-0.60184	-0.30484	0.42825	0.60110	26.5	null	null	13113	60
2026-05-27T16:35:08.921	WT901BLE68(F3:F0:16:BF:DC:AE)	0.497	0.341	0.538	-28.137	27.222	98.938	-6.64	-43.79	-0.47	-56.380	23.420	3.607	-0.60184	-0.30484	0.42825	0.60110	26.5	null	null	13113	60
2026-05-27T16:35:09.042	WT901BLE68(F3:F0:16:BF:DC:AE)	0.319	0.341	0.424	-10.681	13.367	31.189	-11.32	-41.61	1.99	-56.380	23.420	3.607	-0.60184	-0.30484	0.42825	0.60110	26.5	null	null	13113	60
2026-05-27T16:35:09.129	WT901BLE68(F3:F0:16:BF:DC:AE)	0.474	0.367	0.225	0.610	-92.834	26.001	-12.67	-47.11	0.94	1.640	10.027	18.887	-0.60184	-0.30484	0.42825	0.60110	26.5	null	null	13113	60
2026-05-27T16:35:09.255	WT901BLE68(F3:F0:16:BF:DC:AE)	0.613	0.177	0.419	70.435	-70.251	62.683	-15.38	-55.22	6.67	1.640	10.027	18.887	-0.60184	-0.30484	0.42825	0.60110	26.5	null	null	13113	60
2026-05-27T16:35:09.344	WT901BLE68(F3:F0:16:BF:DC:AE)	0.723	0.069	0.707	99.548	-92.529	31.067	-14.91	-61.70	17.37	1.640	10.027	18.887	-0.87064	0.07690	0.48569	-0.01007	26.5	null	null	13113	60
2026-05-27T16:35:09.462	WT901BLE68(F3:F0:16:BF:DC:AE)	1.043	-0.135	1.024	83.618	-65.430	11.597	-11.14	-67.54	26.33	1.640	10.027	18.887	-0.87064	0.07690	0.48569	-0.01007	26.5	null	null	13113	60
2026-05-27T16:35:09.522	WT901BLE68(F3:F0:16:BF:DC:AE)	1.093	-0.201	1.268	37.476	64.514	28.442	-9.29	-64.36	32.92	1.640	10.027	18.887	-0.87064	0.07690	0.48569	-0.01007	26.5	null	null	13113	60
2026-05-27T16:35:09.674	WT901BLE68(F3:F0:16:BF:DC:AE)	0.872	-0.364	0.966	-34.363	43.091	36.987	-15.30	-57.58	39.91	1.640	10.027	18.887	-0.87064	0.07690	0.48569	-0.01007	26.5	null	null	13113	60
2026-05-27T16:35:09.727	WT901BLE68(F3:F0:16:BF:DC:AE)	0.818	-0.210	0.745	-49.927	71.655	14.038	-19.80	-49.95	42.27	1.640	10.027	18.887	-0.87064	0.07690	0.48569	-0.01007	26.5	null	null	13113	60
2026-05-27T16:35:09.854	WT901BLE68(F3:F0:16:BF:DC:AE)	0.411	0.002	0.459	-58.533	92.590	-40.161	-20.51	-42.32	37.36	1.640	10.027	18.887	-0.87064	0.07690	0.48569	-0.01007	26.5	null	null	13113	60
2026-05-27T16:35:09.938	WT901BLE68(F3:F0:16:BF:DC:AE)	0.375	0.122	0.267	-35.400	-34.729	-42.969	-19.94	-42.71	28.73	1.640	10.027	18.887	-0.87064	0.07690	0.48569	-0.01007	26.5	null	null	13113	60
2026-05-27T16:35:10.062	WT901BLE68(F3:F0:16:BF:DC:AE)	0.375	0.057	0.213	45.532	-6.836	-21.423	-18.33	-47.80	20.63	14.227	1.473	15.647	-0.87064	0.07690	0.48569	-0.01007	26.5	null	null	13113	60
2026-05-27T16:35:10.151	WT901BLE68(F3:F0:16:BF:DC:AE)	0.705	0.094	0.531	81.360	-46.753	-39.673	-7.73	-51.44	13.29	14.227	1.473	15.647	-0.87064	0.07690	0.48569	-0.01007	26.5	null	null	13113	60
2026-05-27T16:35:10.267	WT901BLE68(F3:F0:16:BF:DC:AE)	1.042	0.173	0.831	64.087	-73.669	-28.381	5.73	-58.24	7.09	14.227	1.473	15.647	-0.88950	-0.02048	0.45020	-0.07501	26.5	null	null	13113	60
2026-05-27T16:35:10.329	WT901BLE68(F3:F0:16:BF:DC:AE)	1.272	0.003	1.109	8.911	-63.232	4.883	14.52	-65.32	2.83	14.227	1.473	15.647	-0.88950	-0.02048	0.45020	-0.07501	26.5	null	null	13113	60
2026-05-27T16:35:10.454	WT901BLE68(F3:F0:16:BF:DC:AE)	1.103	-0.139	1.268	-59.998	43.396	18.738	9.21	-64.57	8.04	14.227	1.473	15.647	-0.88950	-0.02048	0.45020	-0.07501	26.5	null	null	13113	60
2026-05-27T16:35:10.542	WT901BLE68(F3:F0:16:BF:DC:AE)	0.953	-0.133	0.844	-116.089	27.710	23.621	-5.39	-59.83	15.47	14.227	1.473	15.647	-0.88950	-0.02048	0.45020	-0.07501	26.5	null	null	13113	60
2026-05-27T16:35:10.696	WT901BLE68(F3:F0:16:BF:DC:AE)	0.709	-0.056	0.378	-103.882	58.411	3.784	-18.14	-55.03	18.95	14.227	1.473	15.647	-0.88950	-0.02048	0.45020	-0.07501	26.5	null	null	13113	60
2026-05-27T16:35:10.751	WT901BLE68(F3:F0:16:BF:DC:AE)	0.433	0.029	0.117	-41.077	80.383	-42.297	-19.74	-48.18	11.94	14.227	1.473	15.647	-0.88950	-0.02048	0.45020	-0.07501	26.5	null	null	13113	60
2026-05-27T16:35:10.872	WT901BLE68(F3:F0:16:BF:DC:AE)	0.488	0.113	0.047	30.273	-23.743	-25.940	-15.25	-48.58	2.18	14.227	1.473	15.647	-0.88950	-0.02048	0.45020	-0.07501	26.5	null	null	13113	60
2026-05-27T16:35:10.929	WT901BLE68(F3:F0:16:BF:DC:AE)	0.750	0.063	0.321	84.473	-30.212	-23.743	-8.64	-54.07	-2.47	9.680	7.500	13.927	-0.88950	-0.02048	0.45020	-0.07501	26.5	null	null	13113	60
2026-05-27T16:35:11.088	WT901BLE68(F3:F0:16:BF:DC:AE)	0.995	0.131	0.762	110.962	-24.353	-24.597	5.14	-58.19	-7.87	9.680	7.500	13.927	-0.88950	-0.02048	0.45020	-0.07501	26.5	null	null	13113	60
2026-05-27T16:35:11.141	WT901BLE68(F3:F0:16:BF:DC:AE)	1.050	0.031	1.514	36.560	1.282	4.456	15.81	-58.07	-9.57	9.680	7.500	13.927	-0.86847	-0.05899	0.49176	0.01843	26.5	null	null	13113	60
2026-05-27T16:35:11.267	WT901BLE68(F3:F0:16:BF:DC:AE)	0.888	-0.063	1.337	-59.875	32.532	13.794	11.32	-56.05	-5.00	9.680	7.500	13.927	-0.86847	-0.05899	0.49176	0.01843	26.5	null	null	13113	60
2026-05-27T16:35:11.350	WT901BLE68(F3:F0:16:BF:DC:AE)	0.796	-0.013	0.800	-88.928	19.409	15.747	0.24	-52.39	-0.68	9.680	7.500	13.927	-0.86847	-0.05899	0.49176	0.01843	26.5	null	null	13113	60
2026-05-27T16:35:11.476	WT901BLE68(F3:F0:16:BF:DC:AE)	0.544	0.057	0.423	-61.035	52.490	-1.587	-7.77	-47.15	0.36	9.680	7.500	13.927	-0.86847	-0.05899	0.49176	0.01843	26.5	null	null	13113	60
2026-05-27T16:35:11.560	WT901BLE68(F3:F0:16:BF:DC:AE)	0.350	0.144	0.208	-18.921	35.522	-27.466	-9.33	-43.65	-4.37	9.680	7.500	13.927	-0.86847	-0.05899	0.49176	0.01843	26.5	null	null	13113	60
2026-05-27T16:35:11.684	WT901BLE68(F3:F0:16:BF:DC:AE)	0.457	0.259	0.314	27.954	-24.780	-25.574	-5.43	-44.98	-11.20	9.680	7.500	13.927	-0.86847	-0.05899	0.49176	0.01843	26.5	null	null	13113	60
2026-05-27T16:35:11.742	WT901BLE68(F3:F0:16:BF:DC:AE)	0.478	0.366	0.688	43.518	12.207	-67.505	4.27	-46.41	-19.80	9.680	7.500	13.927	-0.86847	-0.05899	0.49176	0.01843	26.5	null	null	13113	60
2026-05-27T16:35:11.859	WT901BLE68(F3:F0:16:BF:DC:AE)	0.514	0.526	0.748	-4.456	-125.244	-141.052	19.51	-46.90	-37.37	0.580	17.507	13.613	-0.86847	-0.05899	0.49176	0.01843	26.5	null	null	13113	60
2026-05-27T16:35:11.951	WT901BLE68(F3:F0:16:BF:DC:AE)	1.201	0.548	0.606	-51.086	-105.591	-166.016	40.83	-49.91	-68.22	0.580	17.507	13.613	-0.86847	-0.05899	0.49176	0.01843	26.5	null	null	13113	60
2026-05-27T16:35:12.076	WT901BLE68(F3:F0:16:BF:DC:AE)	1.295	0.397	0.522	-100.830	-90.881	-130.493	51.89	-45.84	-92.18	0.580	17.507	13.613	-0.76321	-0.04172	0.51535	0.38739	26.5	null	null	13113	60
2026-05-27T16:35:12.163	WT901BLE68(F3:F0:16:BF:DC:AE)	1.218	0.287	0.359	-113.525	-52.612	-64.148	53.50	-44.45	-108.93	0.580	17.507	13.613	-0.76321	-0.04172	0.51535	0.38739	26.5	null	null	13113	60
2026-05-27T16:35:12.283	WT901BLE68(F3:F0:16:BF:DC:AE)	0.870	0.339	0.359	-76.416	2.136	-44.067	47.97	-42.50	-113.04	0.580	17.507	13.613	-0.76321	-0.04172	0.51535	0.38739	26.5	null	null	13113	60
2026-05-27T16:35:12.340	WT901BLE68(F3:F0:16:BF:DC:AE)	0.676	0.361	0.426	-12.756	50.720	-38.269	44.50	-39.08	-113.12	0.580	17.507	13.613	-0.76321	-0.04172	0.51535	0.38739	26.5	null	null	13113	60
2026-05-27T16:35:12.496	WT901BLE68(F3:F0:16:BF:DC:AE)	0.449	0.184	0.746	181.885	371.704	-158.997	47.40	-22.18	-104.68	0.580	17.507	13.613	-0.76321	-0.04172	0.51535	0.38739	26.5	null	null	13113	60
2026-05-27T16:35:12.584	WT901BLE68(F3:F0:16:BF:DC:AE)	0.243	0.968	0.704	59.570	-3.113	-74.463	59.52	-6.64	-102.16	0.580	17.507	13.613	-0.76321	-0.04172	0.51535	0.38739	26.5	null	null	13113	60
2026-05-27T16:35:12.673	WT901BLE68(F3:F0:16:BF:DC:AE)	0.437	0.837	0.787	30.579	28.564	17.090	63.14	-5.15	-101.14	0.580	17.507	13.613	-0.76321	-0.04172	0.51535	0.38739	26.5	null	null	13113	60
2026-05-27T16:35:12.762	WT901BLE68(F3:F0:16:BF:DC:AE)	0.496	0.834	0.678	3.418	-12.024	68.237	64.31	-9.76	-97.29	-60.533	23.873	-0.267	-0.76321	-0.04172	0.51535	0.38739	26.5	null	null	13113	60
2026-05-27T16:35:12.885	WT901BLE68(F3:F0:16:BF:DC:AE)	0.724	0.863	0.579	-15.015	9.033	127.625	61.95	-19.68	-92.57	-60.533	23.873	-0.267	-0.76321	-0.04172	0.51535	0.38739	26.5	null	null	13113	60
2026-05-27T16:35:12.971	WT901BLE68(F3:F0:16:BF:DC:AE)	0.847	0.797	0.524	-28.137	-8.850	174.377	54.84	-32.74	-81.61	-60.533	23.873	-0.267	-0.68509	-0.21655	0.47092	0.51172	26.5	null	null	13113	60
2026-05-27T16:35:13.091	WT901BLE68(F3:F0:16:BF:DC:AE)	0.965	0.604	0.521	10.071	5.371	186.096	44.14	-46.73	-65.76	-60.533	23.873	-0.267	-0.68509	-0.21655	0.47092	0.51172	26.5	null	null	13113	60
2026-05-27T16:35:13.150	WT901BLE68(F3:F0:16:BF:DC:AE)	1.044	0.421	0.646	29.541	94.360	158.020	27.33	-52.67	-39.79	-60.533	23.873	-0.267	-0.68509	-0.21655	0.47092	0.51172	26.5	null	null	13113	60
2026-05-27T16:35:13.269	WT901BLE68(F3:F0:16:BF:DC:AE)	0.853	0.368	0.558	-18.127	49.744	123.352	9.03	-50.05	-15.63	-60.533	23.873	-0.267	-0.68509	-0.21655	0.47092	0.51172	26.5	null	null	13113	60
2026-05-27T16:35:13.364	WT901BLE68(F3:F0:16:BF:DC:AE)	0.592	0.303	0.346	-31.372	-0.244	76.172	-3.75	-49.74	-2.75	-60.533	23.873	-0.267	-0.68509	-0.21655	0.47092	0.51172	26.5	null	null	13113	60
2026-05-27T16:35:13.481	WT901BLE68(F3:F0:16:BF:DC:AE)	0.576	0.306	0.096	12.512	-16.174	59.753	-10.96	-50.96	3.64	-60.533	23.873	-0.267	-0.68509	-0.21655	0.47092	0.51172	26.5	null	null	13113	60
2026-05-27T16:35:13.571	WT901BLE68(F3:F0:16:BF:DC:AE)	0.571	0.337	0.178	79.407	-30.457	58.411	-13.49	-55.43	10.43	-60.533	23.873	-0.267	-0.68509	-0.21655	0.47092	0.51172	26.5	null	null	13113	60
2026-05-27T16:35:13.692	WT901BLE68(F3:F0:16:BF:DC:AE)	0.721	0.198	0.502	137.451	-55.603	38.574	-9.57	-60.88	18.70	14.200	9.913	8.207	-0.68509	-0.21655	0.47092	0.51172	26.5	null	null	13113	60
2026-05-27T16:35:13.753	WT901BLE68(F3:F0:16:BF:DC:AE)	1.002	0.112	1.090	63.354	-184.387	40.100	-6.34	-69.65	30.17	14.200	9.913	8.207	-0.68509	-0.21655	0.47092	0.51172	26.5	null	null	13113	60
2026-05-27T16:35:13.871	WT901BLE68(F3:F0:16:BF:DC:AE)	1.277	-0.095	1.025	18.921	6.958	28.564	-21.53	-77.63	51.90	14.200	9.913	8.207	-0.78961	-0.11063	0.57333	-0.18826	26.5	null	null	13113	60
2026-05-27T16:35:13.961	WT901BLE68(F3:F0:16:BF:DC:AE)	0.991	-0.375	0.772	-26.489	96.375	2.502	-19.24	-69.51	50.53	14.200	9.913	8.207	-0.78961	-0.11063	0.57333	-0.18826	26.5	null	null	13113	60
2026-05-27T16:35:14.089	WT901BLE68(F3:F0:16:BF:DC:AE)	1.035	-0.337	0.327	-74.524	-41.809	22.278	-24.89	-66.25	53.27	14.200	9.913	8.207	-0.78961	-0.11063	0.57333	-0.18826	26.5	null	null	13113	60
2026-05-27T16:35:14.169	WT901BLE68(F3:F0:16:BF:DC:AE)	1.020	-0.201	0.144	-52.124	89.722	18.433	-36.61	-64.87	60.45	14.200	9.913	8.207	-0.78961	-0.11063	0.57333	-0.18826	26.5	null	null	13113	60
2026-05-27T16:35:14.295	WT901BLE68(F3:F0:16:BF:DC:AE)	0.473	0.065	0.154	-24.292	74.890	1.099	-30.08	-55.99	51.84	14.200	9.913	8.207	-0.78961	-0.11063	0.57333	-0.18826	26.5	null	null	13113	60
2026-05-27T16:35:14.383	WT901BLE68(F3:F0:16:BF:DC:AE)	0.429	0.099	0.065	17.456	9.705	-5.737	-26.22	-54.04	51.42	14.200	9.913	8.207	-0.78961	-0.11063	0.57333	-0.18826	26.5	null	null	13113	60
2026-05-27T16:35:14.505	WT901BLE68(F3:F0:16:BF:DC:AE)	0.580	0.072	0.322	65.491	-30.029	-25.757	-18.22	-56.89	53.01	14.200	9.913	8.207	-0.78961	-0.11063	0.57333	-0.18826	26.5	null	null	13113	60
2026-05-27T16:35:14.559	WT901BLE68(F3:F0:16:BF:DC:AE)	0.903	0.160	0.493	80.872	-37.537	-55.420	-2.25	-61.25	45.63	14.200	9.913	8.207	-0.78961	-0.11063	0.57333	-0.18826	26.5	null	null	13113	75
2026-05-27T16:35:14.685	WT901BLE68(F3:F0:16:BF:DC:AE)	1.094	0.189	0.587	9.399	-112.793	-40.894	15.05	-68.86	32.30	14.200	9.913	8.207	-0.78961	-0.11063	0.57333	-0.18826	26.5	null	null	13113	75
2026-05-27T16:35:14.769	WT901BLE68(F3:F0:16:BF:DC:AE)	1.625	-0.298	0.779	-28.687	-128.052	-33.813	50.63	-79.12	-6.63	14.200	9.913	8.207	-0.78961	-0.11063	0.57333	-0.18826	26.6	null	null	13113	75
2026-05-27T16:35:14.894	WT901BLE68(F3:F0:16:BF:DC:AE)	1.459	-0.187	0.830	-59.509	97.900	23.010	33.48	-76.66	7.77	14.200	9.913	8.207	-0.78961	-0.11063	0.57333	-0.18826	26.6	null	null	13113	75
2026-05-27T16:35:14.984	WT901BLE68(F3:F0:16:BF:DC:AE)	1.288	-0.117	0.433	-106.201	0.427	69.885	-4.49	-75.99	37.39	14.200	9.913	8.207	-0.78961	-0.11063	0.57333	-0.18826	26.6	null	null	13113	75
2026-05-27T16:35:15.104	WT901BLE68(F3:F0:16:BF:DC:AE)	0.850	0.000	0.151	-80.444	40.710	48.584	-27.76	-69.37	53.83	23.660	16.607	-16.813	-0.78961	-0.11063	0.57333	-0.18826	26.6	null	null	13113	75
2026-05-27T16:35:15.161	WT901BLE68(F3:F0:16:BF:DC:AE)	0.457	0.051	-0.028	-57.861	-26.733	7.568	-36.95	-67.79	59.31	23.660	16.607	-16.813	-0.78961	-0.11063	0.57333	-0.18826	26.6	null	null	13113	75
2026-05-27T16:35:15.281	WT901BLE68(F3:F0:16:BF:DC:AE)	0.386	0.163	-0.111	-24.841	-41.870	-28.503	-49.76	-74.33	72.05	23.660	16.607	-16.813	-0.76788	-0.03247	0.59512	-0.23450	26.6	null	null	13113	75
2026-05-27T16:35:15.372	WT901BLE68(F3:F0:16:BF:DC:AE)	0.652	0.324	-0.186	49.316	-26.855	-67.078	-28.30	-81.08	57.57	23.660	16.607	-16.813	-0.76788	-0.03247	0.59512	-0.23450	26.6	null	null	13113	75
2026-05-27T16:35:15.493	WT901BLE68(F3:F0:16:BF:DC:AE)	1.012	0.444	-0.049	53.650	-49.622	-72.327	49.34	-83.07	-12.27	23.660	16.607	-16.813	-0.76788	-0.03247	0.59512	-0.23450	26.6	null	null	13113	75
2026-05-27T16:35:15.584	WT901BLE68(F3:F0:16:BF:DC:AE)	1.348	0.369	0.195	3.296	-61.279	-96.680	102.85	-75.26	-62.59	23.660	16.607	-16.813	-0.76788	-0.03247	0.59512	-0.23450	26.6	null	null	13113	75
2026-05-27T16:35:15.703	WT901BLE68(F3:F0:16:BF:DC:AE)	1.405	0.295	0.321	-118.469	6.287	-71.045	98.19	-66.06	-62.21	23.660	16.607	-16.813	-0.76788	-0.03247	0.59512	-0.23450	26.6	null	null	13113	75
2026-05-27T16:35:15.793	WT901BLE68(F3:F0:16:BF:DC:AE)	1.310	0.178	-0.167	-221.375	-13.489	-34.058	85.68	-61.90	-67.42	23.660	16.607	-16.813	-0.76788	-0.03247	0.59512	-0.23450	26.6	null	null	13113	75
2026-05-27T16:35:15.915	WT901BLE68(F3:F0:16:BF:DC:AE)	1.015	0.268	-0.182	-184.998	-6.042	0.793	65.56	-61.02	-68.17	23.660	16.607	-16.813	-0.76788	-0.03247	0.59512	-0.23450	26.6	null	null	13113	75
2026-05-27T16:35:15.971	WT901BLE68(F3:F0:16:BF:DC:AE)	0.868	0.369	0.028	-92.163	-8.789	-14.282	52.65	-62.01	-69.63	-3.560	27.067	2.827	-0.76788	-0.03247	0.59512	-0.23450	26.6	null	null	13113	75
2026-05-27T16:35:16.090	WT901BLE68(F3:F0:16:BF:DC:AE)	0.665	0.329	0.175	-25.513	13.306	-74.707	51.70	-58.84	-74.72	-3.560	27.067	2.827	-0.76788	-0.03247	0.59512	-0.23450	26.6	null	null	13113	75
2026-05-27T16:35:16.179	WT901BLE68(F3:F0:16:BF:DC:AE)	0.723	0.503	0.311	-39.429	19.409	-95.703	55.83	-51.87	-83.04	-3.560	27.067	2.827	-0.74573	-0.04166	0.57861	0.32748	26.6	null	null	13113	75
2026-05-27T16:35:16.305	WT901BLE68(F3:F0:16:BF:DC:AE)	0.459	0.461	0.699	14.832	304.260	-136.169	51.81	-36.07	-82.08	-3.560	27.067	2.827	-0.74573	-0.04166	0.57861	0.32748	26.6	null	null	13113	75
2026-05-27T16:35:16.390	WT901BLE68(F3:F0:16:BF:DC:AE)	0.120	0.888	0.765	74.097	114.502	-106.812	52.49	-9.70	-68.80	-3.560	27.067	2.827	-0.74573	-0.04166	0.57861	0.32748	26.6	null	null	13113	75
2026-05-27T16:35:16.513	WT901BLE68(F3:F0:16:BF:DC:AE)	0.339	0.900	0.616	2.258	-39.551	-41.077	56.65	-2.76	-72.89	-3.560	27.067	2.827	-0.74573	-0.04166	0.57861	0.32748	26.6	null	null	13113	75
2026-05-27T16:35:16.572	WT901BLE68(F3:F0:16:BF:DC:AE)	0.434	0.778	0.535	-6.348	5.493	34.302	55.85	-4.16	-75.31	-3.560	27.067	2.827	-0.74573	-0.04166	0.57861	0.32748	26.6	null	null	13113	75
2026-05-27T16:35:16.694	WT901BLE68(F3:F0:16:BF:DC:AE)	0.538	0.800	0.556	0.061	-5.493	96.069	55.19	-9.77	-71.96	-3.560	27.067	2.827	-0.74573	-0.04166	0.57861	0.32748	26.6	null	null	13113	75
2026-05-27T16:35:16.781	WT901BLE68(F3:F0:16:BF:DC:AE)	0.734	0.835	0.581	-1.953	-22.644	166.199	53.08	-22.12	-66.49	-3.560	27.067	2.827	-0.74573	-0.04166	0.57861	0.32748	26.6	null	null	13113	75
2026-05-27T16:35:16.904	WT901BLE68(F3:F0:16:BF:DC:AE)	0.996	0.715	0.514	27.344	1.953	203.857	48.04	-37.88	-55.16	-48.153	26.833	6.993	-0.74573	-0.04166	0.57861	0.32748	26.6	null	null	13113	75
2026-05-27T16:35:16.990	WT901BLE68(F3:F0:16:BF:DC:AE)	1.127	0.531	0.595	37.720	77.515	211.853	34.69	-49.22	-31.44	-48.153	26.833	6.993	-0.74573	-0.04166	0.57861	0.32748	26.6	null	null	13113	75
2026-05-27T16:35:17.112	WT901BLE68(F3:F0:16:BF:DC:AE)	1.108	0.499	0.563	6.287	70.068	188.599	11.94	-51.41	-0.14	-48.153	26.833	6.993	-0.88052	-0.13745	0.44897	0.06381	26.6	null	null	13113	75
2026-05-27T16:35:17.203	WT901BLE68(F3:F0:16:BF:DC:AE)	0.695	0.367	0.535	-17.883	125.000	139.221	-6.22	-43.24	21.51	-48.153	26.833	6.993	-0.88052	-0.13745	0.44897	0.06381	26.6	null	null	13113	75
2026-05-27T16:35:17.323	WT901BLE68(F3:F0:16:BF:DC:AE)	0.265	0.230	0.465	-21.118	31.067	65.796	-14.80	-35.27	28.03	-48.153	26.833	6.993	-0.88052	-0.13745	0.44897	0.06381	26.6	null	null	13113	75
2026-05-27T16:35:17.380	WT901BLE68(F3:F0:16:BF:DC:AE)	0.438	0.366	0.247	1.526	-3.174	21.545	-17.62	-36.87	26.65	-48.153	26.833	6.993	-0.88052	-0.13745	0.44897	0.06381	26.6	null	null	13113	75
2026-05-27T16:35:17.507	WT901BLE68(F3:F0:16:BF:DC:AE)	0.380	0.275	0.375	55.420	-62.744	56.641	-17.80	-39.08	26.77	-48.153	26.833	6.993	-0.88052	-0.13745	0.44897	0.06381	26.6	null	null	13113	75
2026-05-27T16:35:17.592	WT901BLE68(F3:F0:16:BF:DC:AE)	0.530	0.048	0.671	91.492	-101.624	20.081	-15.64	-47.77	29.53	-48.153	26.833	6.993	-0.88052	-0.13745	0.44897	0.06381	26.6	null	null	13113	75
2026-05-27T16:35:17.714	WT901BLE68(F3:F0:16:BF:DC:AE)	0.895	-0.050	1.156	127.197	-34.729	-0.977	-5.12	-55.09	30.42	-48.153	26.833	6.993	-0.88052	-0.13745	0.44897	0.06381	26.6	null	null	13113	75
2026-05-27T16:35:17.801	WT901BLE68(F3:F0:16:BF:DC:AE)	0.810	-0.009	1.536	68.604	50.781	24.414	3.63	-53.42	32.66	15.527	17.687	2.000	-0.88052	-0.13745	0.44897	0.06381	26.6	null	null	13113	75
2026-05-27T16:35:17.926	WT901BLE68(F3:F0:16:BF:DC:AE)	0.535	-0.018	1.321	-36.865	64.819	17.578	1.42	-45.58	36.90	15.527	17.687	2.000	-0.88052	-0.13745	0.44897	0.06381	26.6	null	null	13113	75
2026-05-27T16:35:17.980	WT901BLE68(F3:F0:16:BF:DC:AE)	0.721	-0.290	1.103	-39.551	73.853	7.751	-4.49	-39.74	37.90	15.527	17.687	2.000	-0.88373	-0.10397	0.34705	-0.29611	26.6	null	null	13113	75
2026-05-27T16:35:18.102	WT901BLE68(F3:F0:16:BF:DC:AE)	0.427	-0.055	0.901	-56.030	68.909	-19.531	-7.40	-30.04	34.84	15.527	17.687	2.000	-0.88373	-0.10397	0.34705	-0.29611	26.6	null	null	13113	75
2026-05-27T16:35:18.194	WT901BLE68(F3:F0:16:BF:DC:AE)	0.298	0.234	0.430	-76.782	-33.020	-41.382	-12.65	-29.93	27.53	15.527	17.687	2.000	-0.88373	-0.10397	0.34705	-0.29611	26.6	null	null	13113	75
2026-05-27T16:35:18.313	WT901BLE68(F3:F0:16:BF:DC:AE)	0.355	0.237	0.135	-7.019	-80.872	-6.165	-15.87	-38.34	20.92	15.527	17.687	2.000	-0.88373	-0.10397	0.34705	-0.29611	26.6	null	null	13113	75
2026-05-27T16:35:18.402	WT901BLE68(F3:F0:16:BF:DC:AE)	0.423	0.094	0.420	62.256	15.625	5.615	-14.16	-43.84	17.71	15.527	17.687	2.000	-0.88373	-0.10397	0.34705	-0.29611	26.6	null	null	13113	75
2026-05-27T16:35:18.524	WT901BLE68(F3:F0:16:BF:DC:AE)	0.552	0.062	0.739	72.205	-80.139	-28.687	-4.50	-46.08	12.24	15.527	17.687	2.000	-0.88373	-0.10397	0.34705	-0.29611	26.6	null	null	13113	75
2026-05-27T16:35:18.613	WT901BLE68(F3:F0:16:BF:DC:AE)	0.909	0.069	1.168	52.063	-53.894	-37.659	6.82	-52.33	6.43	15.527	17.687	2.000	-0.88373	-0.10397	0.34705	-0.29611	26.6	null	null	13113	75
2026-05-27T16:35:18.736	WT901BLE68(F3:F0:16:BF:DC:AE)	1.012	-0.025	1.618	-26.245	-2.930	-11.963	11.38	-53.77	2.75	13.940	21.940	2.020	-0.88373	-0.10397	0.34705	-0.29611	26.6	null	null	13113	75
2026-05-27T16:35:18.790	WT901BLE68(F3:F0:16:BF:DC:AE)	0.956	-0.050	1.229	-116.638	29.419	17.334	1.85	-50.25	5.48	13.940	21.940	2.020	-0.88373	-0.10397	0.34705	-0.29611	26.6	null	null	13113	75
2026-05-27T16:35:18.912	WT901BLE68(F3:F0:16:BF:DC:AE)	0.853	-0.139	0.692	-117.371	73.181	42.664	-13.58	-44.56	10.42	13.940	21.940	2.020	-0.90604	-0.01917	0.41995	-0.04742	26.6	null	null	13113	75
2026-05-27T16:35:19.003	WT901BLE68(F3:F0:16:BF:DC:AE)	0.533	-0.192	0.397	-90.332	57.312	44.373	-25.21	-37.58	10.66	13.940	21.940	2.020	-0.90604	-0.01917	0.41995	-0.04742	26.6	null	null	13113	75
2026-05-27T16:35:19.125	WT901BLE68(F3:F0:16:BF:DC:AE)	0.291	-0.168	0.287	-41.199	54.810	28.015	-32.49	-32.42	6.56	13.940	21.940	2.020	-0.90604	-0.01917	0.41995	-0.04742	26.6	null	null	13113	75
2026-05-27T16:35:19.211	WT901BLE68(F3:F0:16:BF:DC:AE)	-0.009	-0.109	0.149	30.579	51.575	8.118	-31.80	-26.25	-0.90	13.940	21.940	2.020	-0.90604	-0.01917	0.41995	-0.04742	26.6	null	null	13113	75
2026-05-27T16:35:19.334	WT901BLE68(F3:F0:16:BF:DC:AE)	0.149	-0.060	0.430	110.779	-8.118	-50.110	-23.25	-26.28	-8.14	13.940	21.940	2.020	-0.90604	-0.01917	0.41995	-0.04742	26.6	null	null	13113	75
2026-05-27T16:35:19.389	WT901BLE68(F3:F0:16:BF:DC:AE)	0.469	0.259	0.976	119.019	-67.688	-89.294	-6.65	-31.40	-19.26	13.940	21.940	2.020	-0.90604	-0.01917	0.41995	-0.04742	26.6	null	null	13113	75
2026-05-27T16:35:19.513	WT901BLE68(F3:F0:16:BF:DC:AE)	0.815	0.397	1.159	54.443	-122.498	-100.037	9.72	-42.66	-33.15	13.940	21.940	2.020	-0.90604	-0.01917	0.41995	-0.04742	26.6	null	null	13113	75
2026-05-27T16:35:19.598	WT901BLE68(F3:F0:16:BF:DC:AE)	0.790	0.388	1.207	21.973	-30.579	-124.329	25.86	-45.39	-49.89	-0.353	22.960	9.600	-0.90604	-0.01917	0.41995	-0.04742	26.6	null	null	13113	75
2026-05-27T16:35:19.725	WT901BLE68(F3:F0:16:BF:DC:AE)	0.851	0.477	0.919	-68.176	-116.882	-130.249	36.25	-43.01	-67.38	-0.353	22.960	9.600	-0.90604	-0.01917	0.41995	-0.04742	26.6	null	null	13113	75
2026-05-27T16:35:19.814	WT901BLE68(F3:F0:16:BF:DC:AE)	0.966	0.398	0.573	-127.197	-35.950	-113.342	38.68	-42.56	-85.34	-0.353	22.960	9.600	-0.76669	-0.02682	0.46594	0.44073	26.6	null	null	13113	75
2026-05-27T16:35:19.934	WT901BLE68(F3:F0:16:BF:DC:AE)	0.847	0.305	0.378	-120.483	-49.683	-90.759	34.61	-40.13	-96.71	-0.353	22.960	9.600	-0.76669	-0.02682	0.46594	0.44073	26.6	null	null	13113	75
2026-05-27T16:35:20.027	WT901BLE68(F3:F0:16:BF:DC:AE)	0.734	0.241	0.424	-45.959	-20.630	-88.501	34.22	-38.87	-106.72	-0.353	22.960	9.600	-0.76669	-0.02682	0.46594	0.44073	26.6	null	null	13113	75
2026-05-27T16:35:20.147	WT901BLE68(F3:F0:16:BF:DC:AE)	0.535	0.323	0.493	47.791	103.149	-118.286	39.12	-29.72	-111.40	-0.353	22.960	9.600	-0.76669	-0.02682	0.46594	0.44073	26.6	null	null	13113	75
2026-05-27T16:35:20.199	WT901BLE68(F3:F0:16:BF:DC:AE)	0.444	0.612	0.812	63.049	42.236	-105.225	46.30	-18.34	-113.63	-0.353	22.960	9.600	-0.76669	-0.02682	0.46594	0.44073	26.6	null	null	13113	75
2026-05-27T16:35:20.327	WT901BLE68(F3:F0:16:BF:DC:AE)	0.264	0.722	0.709	83.862	9.827	-88.196	55.27	-9.53	-116.30	-0.353	22.960	9.600	-0.76669	-0.02682	0.46594	0.44073	26.6	null	null	13113	75
2026-05-27T16:35:20.412	WT901BLE68(F3:F0:16:BF:DC:AE)	0.255	0.972	0.785	26.062	-14.221	-26.672	60.80	-4.61	-115.47	-0.353	22.960	9.600	-0.76669	-0.02682	0.46594	0.44073	26.6	null	null	13113	75
2026-05-27T16:35:20.532	WT901BLE68(F3:F0:16:BF:DC:AE)	0.332	0.773	0.509	-12.451	-49.683	44.800	59.84	-10.07	-117.52	-60.233	21.960	2.200	-0.76669	-0.02682	0.46594	0.44073	26.6	null	null	13113	75
2026-05-27T16:35:20.622	WT901BLE68(F3:F0:16:BF:DC:AE)	0.355	0.750	0.586	-1.892	-103.088	96.680	59.76	-19.95	-117.61	-60.233	21.960	2.200	-0.76669	-0.02682	0.46594	0.44073	26.6	null	null	13113	75
2026-05-27T16:35:20.740	WT901BLE68(F3:F0:16:BF:DC:AE)	0.951	0.634	0.524	18.799	-51.941	130.127	61.22	-35.58	-118.25	-60.233	21.960	2.200	-0.52484	-0.08350	0.51987	0.66873	26.6	null	null	13113	75
2026-05-27T16:35:20.803	WT901BLE68(F3:F0:16:BF:DC:AE)	1.145	0.500	0.495	57.007	-2.197	150.513	58.41	-48.15	-106.38	-60.233	21.960	2.200	-0.52484	-0.08350	0.51987	0.66873	26.6	null	null	13113	75
2026-05-27T16:35:20.920	WT901BLE68(F3:F0:16:BF:DC:AE)	1.286	0.410	0.249	77.332	113.159	191.833	43.06	-57.54	-76.74	-60.233	21.960	2.200	-0.52484	-0.08350	0.51987	0.66873	26.6	null	null	13113	75
2026-05-27T16:35:21.015	WT901BLE68(F3:F0:16:BF:DC:AE)	1.202	0.328	0.529	46.814	114.807	206.909	12.86	-58.17	-32.91	-60.233	21.960	2.200	-0.52484	-0.08350	0.51987	0.66873	26.6	null	null	13113	75
2026-05-27T16:35:21.136	WT901BLE68(F3:F0:16:BF:DC:AE)	0.839	0.299	0.822	-31.250	126.709	176.880	-11.87	-46.96	-1.68	-60.233	21.960	2.200	-0.52484	-0.08350	0.51987	0.66873	26.6	null	null	13113	75
2026-05-27T16:35:21.222	WT901BLE68(F3:F0:16:BF:DC:AE)	0.272	0.164	0.431	-66.650	83.801	78.979	-23.36	-33.41	4.71	-60.233	21.960	2.200	-0.52484	-0.08350	0.51987	0.66873	26.6	null	null	13113	75
2026-05-27T16:35:21.343	WT901BLE68(F3:F0:16:BF:DC:AE)	0.541	0.093	0.229	-9.827	-113.525	21.973	-32.00	-38.92	7.27	-60.233	21.960	2.200	-0.52484	-0.08350	0.51987	0.66873	26.6	null	null	13113	75
2026-05-27T16:35:21.432	WT901BLE68(F3:F0:16:BF:DC:AE)	0.406	0.049	0.202	64.941	-19.470	48.035	-35.16	-44.01	10.40	6.647	-7.473	20.247	-0.52484	-0.08350	0.51987	0.66873	26.6	null	null	13113	75
2026-05-27T16:35:21.553	WT901BLE68(F3:F0:16:BF:DC:AE)	0.487	0.006	0.560	121.948	-80.872	14.587	-31.84	-47.61	12.80	6.647	-7.473	20.247	-0.52484	-0.08350	0.51987	0.66873	26.6	null	null	13113	75
2026-05-27T16:35:21.611	WT901BLE68(F3:F0:16:BF:DC:AE)	0.890	-0.042	1.125	127.808	-40.344	-27.771	-21.84	-54.84	17.35	6.647	-7.473	20.247	-0.87857	0.15622	0.45102	-0.01328	26.6	null	null	13113	75
2026-05-27T16:35:21.736	WT901BLE68(F3:F0:16:BF:DC:AE)	0.871	0.020	1.609	75.500	53.650	-3.235	-7.41	-53.54	15.67	6.647	-7.473	20.247	-0.87857	0.15622	0.45102	-0.01328	26.6	null	null	13113	75
2026-05-27T16:35:21.824	WT901BLE68(F3:F0:16:BF:DC:AE)	0.553	0.031	1.417	-21.484	72.388	17.334	-4.77	-45.53	17.86	6.647	-7.473	20.247	-0.87857	0.15622	0.45102	-0.01328	26.6	null	null	13113	75
2026-05-27T16:35:21.945	WT901BLE68(F3:F0:16:BF:DC:AE)	0.553	-0.050	1.092	-43.335	78.186	9.521	-8.85	-38.49	19.89	6.647	-7.473	20.247	-0.87857	0.15622	0.45102	-0.01328	26.6	null	null	13113	75
2026-05-27T16:35:22.035	WT901BLE68(F3:F0:16:BF:DC:AE)	0.482	-0.127	0.911	-72.021	78.491	-20.386	-12.52	-30.02	17.30	6.647	-7.473	20.247	-0.87857	0.15622	0.45102	-0.01328	26.6	null	null	13113	75
2026-05-27T16:35:22.153	WT901BLE68(F3:F0:16:BF:DC:AE)	0.326	-0.098	0.580	-87.830	0.000	-44.128	-18.25	-27.03	9.83	6.647	-7.473	20.247	-0.87857	0.15622	0.45102	-0.01328	26.6	null	null	13113	75
2026-05-27T16:35:22.207	WT901BLE68(F3:F0:16:BF:DC:AE)	0.213	0.023	0.293	-47.363	-29.358	-54.382	-22.14	-29.53	-0.18	6.647	-7.473	20.247	-0.87857	0.15622	0.45102	-0.01328	26.6	null	null	13113	75
2026-05-27T16:35:22.330	WT901BLE68(F3:F0:16:BF:DC:AE)	0.357	-0.018	0.216	15.198	-70.618	-0.977	-23.08	-36.72	-6.51	0.773	-3.013	25.153	-0.87857	0.15622	0.45102	-0.01328	26.6	null	null	13113	75
2026-05-27T16:35:22.425	WT901BLE68(F3:F0:16:BF:DC:AE)	0.476	-0.039	0.453	73.181	-42.542	-3.052	-20.21	-42.00	-7.85	0.773	-3.013	25.153	-0.87857	0.15622	0.45102	-0.01328	26.6	null	null	13113	75
2026-05-27T16:35:22.541	WT901BLE68(F3:F0:16:BF:DC:AE)	0.778	-0.005	0.705	78.064	-90.454	-29.541	-13.54	-51.02	-7.63	0.773	-3.013	25.153	-0.91061	0.17859	0.35065	0.12579	26.6	null	null	13113	75
2026-05-27T16:35:22.632	WT901BLE68(F3:F0:16:BF:DC:AE)	1.077	-0.118	1.205	35.217	-95.703	-45.837	-3.65	-60.58	-9.75	0.773	-3.013	25.153	-0.91061	0.17859	0.35065	0.12579	26.6	null	null	13113	75
2026-05-27T16:35:22.754	WT901BLE68(F3:F0:16:BF:DC:AE)	1.363	-0.199	1.461	-10.254	41.138	-4.639	1.27	-65.44	-11.27	0.773	-3.013	25.153	-0.91061	0.17859	0.35065	0.12579	26.6	null	null	13113	75
2026-05-27T16:35:22.844	WT901BLE68(F3:F0:16:BF:DC:AE)	0.969	-0.183	1.082	-97.900	32.104	26.184	-7.72	-57.24	-5.04	0.773	-3.013	25.153	-0.91061	0.17859	0.35065	0.12579	26.6	null	null	13113	75
2026-05-27T16:35:22.964	WT901BLE68(F3:F0:16:BF:DC:AE)	0.919	-0.227	0.584	-87.830	88.623	32.715	-21.42	-52.84	1.86	0.773	-3.013	25.153	-0.91061	0.17859	0.35065	0.12579	26.6	null	null	13113	75
2026-05-27T16:35:23.022	WT901BLE68(F3:F0:16:BF:DC:AE)	0.410	-0.106	0.419	-49.194	134.277	-8.484	-23.57	-40.34	-3.17	0.773	-3.013	25.153	-0.91061	0.17859	0.35065	0.12579	26.6	null	null	13113	75
2026-05-27T16:35:23.175	WT901BLE68(F3:F0:16:BF:DC:AE)	0.343	-0.011	0.161	-45.837	-174.133	3.906	-26.83	-41.23	-7.76	0.773	-3.013	25.153	-0.91061	0.17859	0.35065	0.12579	26.6	null	null	13113	75
2026-05-27T16:35:23.230	WT901BLE68(F3:F0:16:BF:DC:AE)	0.434	-0.085	0.045	21.790	-57.922	-6.104	-35.55	-52.36	-2.05	12.487	-4.987	15.600	-0.91061	0.17859	0.35065	0.12579	26.6	null	null	13113	75
2026-05-27T16:35:23.351	WT901BLE68(F3:F0:16:BF:DC:AE)	0.701	0.060	0.352	85.022	-64.331	-52.856	-28.92	-58.65	-5.24	12.487	-4.987	15.600	-0.91061	0.17859	0.35065	0.12579	26.6	null	null	13113	75
2026-05-27T16:35:23.442	WT901BLE68(F3:F0:16:BF:DC:AE)	1.084	0.156	0.534	104.736	-40.283	-51.575	-12.82	-65.48	-8.84	12.487	-4.987	15.600	-0.83322	0.19464	0.49652	0.14563	26.6	null	null	13113	75
2026-05-27T16:35:23.562	WT901BLE68(F3:F0:16:BF:DC:AE)	1.278	0.208	0.905	77.820	-45.044	-22.034	6.72	-69.35	-16.31	12.487	-4.987	15.600	-0.83322	0.19464	0.49652	0.14563	26.6	null	null	13113	75
2026-05-27T16:35:23.624	WT901BLE68(F3:F0:16:BF:DC:AE)	1.121	0.163	0.968	-27.100	-66.040	29.724	8.03	-73.73	-12.10	12.487	-4.987	15.600	-0.83322	0.19464	0.49652	0.14563	26.6	null	null	13113	75
2026-05-27T16:35:23.746	WT901BLE68(F3:F0:16:BF:DC:AE)	0.937	0.109	0.691	-119.751	-25.940	19.653	-10.27	-75.52	2.39	12.487	-4.987	15.600	-0.83322	0.19464	0.49652	0.14563	26.6	null	null	13113	75
2026-05-27T16:35:23.831	WT901BLE68(F3:F0:16:BF:DC:AE)	0.915	0.063	0.307	-169.861	-28.687	1.221	-33.29	-76.83	14.47	12.487	-4.987	15.600	-0.83322	0.19464	0.49652	0.14563	26.6	null	null	13113	75
2026-05-27T16:35:23.954	WT901BLE68(F3:F0:16:BF:DC:AE)	0.725	0.125	0.049	-176.819	63.232	-59.326	-32.21	-74.78	0.01	12.487	-4.987	15.600	-0.83322	0.19464	0.49652	0.14563	26.6	null	null	13113	75
2026-05-27T16:35:24.043	WT901BLE68(F3:F0:16:BF:DC:AE)	0.927	0.183	-0.059	-168.457	49.133	-93.872	-13.87	-74.48	-33.54	12.487	-4.987	15.600	-0.83322	0.19464	0.49652	0.14563	26.6	null	null	13113	75
2026-05-27T16:35:24.161	WT901BLE68(F3:F0:16:BF:DC:AE)	0.844	0.032	-0.014	-83.252	80.627	-140.381	10.97	-69.00	-72.09	11.027	9.700	5.500	-0.83322	0.19464	0.49652	0.14563	26.6	null	null	13113	75
2026-05-27T16:35:24.255	WT901BLE68(F3:F0:16:BF:DC:AE)	0.800	0.160	0.334	11.597	104.858	-186.035	32.75	-54.78	-98.61	11.027	9.700	5.500	-0.83322	0.19464	0.49652	0.14563	26.6	null	null	13113	75
2026-05-27T16:35:24.373	WT901BLE68(F3:F0:16:BF:DC:AE)	0.949	0.594	0.787	76.782	254.211	-215.271	42.41	-31.49	-105.90	11.027	9.700	5.500	-0.63922	0.12149	0.46909	0.59705	26.6	null	null	13113	75
2026-05-27T16:35:24.433	WT901BLE68(F3:F0:16:BF:DC:AE)	0.442	1.008	0.753	99.792	6.165	-163.635	55.65	-11.69	-110.79	11.027	9.700	5.500	-0.63922	0.12149	0.46909	0.59705	26.6	null	null	13113	75
2026-05-27T16:35:24.552	WT901BLE68(F3:F0:16:BF:DC:AE)	0.682	0.848	0.654	18.616	-49.011	-28.198	61.35	-6.90	-116.91	11.027	9.700	5.500	-0.63922	0.12149	0.46909	0.59705	26.6	null	null	13113	75
2026-05-27T16:35:24.643	WT901BLE68(F3:F0:16:BF:DC:AE)	0.773	0.786	0.631	-3.723	-30.640	82.458	61.39	-13.34	-116.67	11.027	9.700	5.500	-0.63922	0.12149	0.46909	0.59705	26.6	null	null	13113	75
2026-05-27T16:35:24.763	WT901BLE68(F3:F0:16:BF:DC:AE)	0.947	0.823	0.664	0.122	0.488	163.025	58.98	-25.91	-109.75	11.027	9.700	5.500	-0.63922	0.12149	0.46909	0.59705	26.6	null	null	13113	75
2026-05-27T16:35:24.852	WT901BLE68(F3:F0:16:BF:DC:AE)	1.116	0.773	0.555	20.264	55.176	226.196	50.71	-41.67	-92.31	11.027	9.700	5.500	-0.63922	0.12149	0.46909	0.59705	26.6	null	null	13113	75
2026-05-27T16:35:24.976	WT901BLE68(F3:F0:16:BF:DC:AE)	1.076	0.601	0.546	20.142	60.730	225.037	29.90	-52.21	-60.22	11.027	9.700	5.500	-0.63922	0.12149	0.46909	0.59705	26.6	null	null	13113	75
2026-05-27T16:35:25.028	WT901BLE68(F3:F0:16:BF:DC:AE)	0.922	0.487	0.493	-2.441	47.546	174.683	5.38	-52.33	-27.58	-13.660	27.527	10.540	-0.63922	0.12149	0.46909	0.59705	26.6	null	null	13113	75
2026-05-27T16:35:25.157	WT901BLE68(F3:F0:16:BF:DC:AE)	0.700	0.527	0.283	-9.888	212.952	115.356	-8.43	-41.10	-10.62	-13.660	27.527	10.540	-0.63922	0.12149	0.46909	0.59705	26.6	null	null	13113	75
2026-05-27T16:35:25.240	WT901BLE68(F3:F0:16:BF:DC:AE)	0.197	0.393	0.400	-18.555	23.254	110.657	-15.30	-31.88	-3.39	-13.660	27.527	10.540	-0.94205	0.10889	0.30154	0.09842	26.6	null	null	13113	75
2026-05-27T16:35:25.364	WT901BLE68(F3:F0:16:BF:DC:AE)	0.106	0.167	0.368	38.696	-34.180	91.125	-19.86	-33.23	3.55	-13.660	27.527	10.540	-0.94205	0.10889	0.30154	0.09842	26.6	null	null	13113	75
2026-05-27T16:35:25.452	WT901BLE68(F3:F0:16:BF:DC:AE)	0.311	0.133	0.619	144.958	-5.676	12.939	-11.07	-35.13	3.86	-13.660	27.527	10.540	-0.94205	0.10889	0.30154	0.09842	26.6	null	null	13113	75
2026-05-27T16:35:25.570	WT901BLE68(F3:F0:16:BF:DC:AE)	0.744	0.281	1.442	116.699	-14.893	40.100	3.14	-37.00	2.70	-13.660	27.527	10.540	-0.94205	0.10889	0.30154	0.09842	26.6	null	null	13113	75
2026-05-27T16:35:25.661	WT901BLE68(F3:F0:16:BF:DC:AE)	0.248	0.211	1.974	13.916	115.540	69.641	4.81	-30.56	9.90	-13.660	27.527	10.540	-0.94205	0.10889	0.30154	0.09842	26.6	null	null	13113	75
2026-05-27T16:35:25.779	WT901BLE68(F3:F0:16:BF:DC:AE)	0.097	-0.003	1.442	-119.690	4.211	38.086	-4.75	-23.74	14.36	-13.660	27.527	10.540	-0.94205	0.10889	0.30154	0.09842	26.6	null	null	13113	75
2026-05-27T16:35:25.838	WT901BLE68(F3:F0:16:BF:DC:AE)	0.286	-0.200	0.859	-123.535	31.250	25.391	-17.68	-21.78	14.77	-13.660	27.527	10.540	-0.94205	0.10889	0.30154	0.09842	26.6	null	null	13113	75
2026-05-27T16:35:25.960	WT901BLE68(F3:F0:16:BF:DC:AE)	0.165	-0.138	0.390	-83.740	42.053	8.118	-26.73	-17.91	9.16	-1.420	2.427	25.433	-0.94205	0.10889	0.30154	0.09842	26.6	null	null	13113	75
2026-05-27T16:35:26.053	WT901BLE68(F3:F0:16:BF:DC:AE)	0.011	-0.018	0.180	-6.165	-4.150	-5.920	-30.32	-17.50	2.82	-1.420	2.427	25.433	-0.94205	0.10889	0.30154	0.09842	26.6	null	null	13113	75
2026-05-27T16:35:26.170	WT901BLE68(F3:F0:16:BF:DC:AE)	0.018	0.024	0.410	83.374	1.221	-14.954	-23.90	-18.91	-4.20	-1.420	2.427	25.433	-0.95770	0.23911	0.15314	0.04547	26.6	null	null	13113	75
2026-05-27T16:35:26.260	WT901BLE68(F3:F0:16:BF:DC:AE)	0.121	0.060	0.781	75.623	-79.956	-50.415	-13.62	-22.46	-12.77	-1.420	2.427	25.433	-0.95770	0.23911	0.15314	0.04547	26.6	null	null	13113	75
2026-05-27T16:35:26.386	WT901BLE68(F3:F0:16:BF:DC:AE)	0.771	-0.029	1.116	88.318	-141.663	-77.759	-2.13	-38.84	-20.79	-1.420	2.427	25.433	-0.95770	0.23911	0.15314	0.04547	26.6	null	null	13113	75
2026-05-27T16:35:26.440	WT901BLE68(F3:F0:16:BF:DC:AE)	0.753	-0.010	1.965	45.898	24.841	-32.227	9.81	-41.25	-26.73	-1.420	2.427	25.433	-0.95770	0.23911	0.15314	0.04547	26.6	null	null	13113	75
2026-05-27T16:35:26.563	WT901BLE68(F3:F0:16:BF:DC:AE)	0.418	-0.051	1.685	-91.919	4.639	-26.001	6.21	-36.05	-27.24	-1.420	2.427	25.433	-0.95770	0.23911	0.15314	0.04547	26.6	null	null	13113	75
2026-05-27T16:35:26.655	WT901BLE68(F3:F0:16:BF:DC:AE)	0.728	-0.060	1.047	-136.719	11.536	-6.348	-5.52	-35.67	-28.31	-1.420	2.427	25.433	-0.95770	0.23911	0.15314	0.04547	26.6	null	null	13113	75
2026-05-27T16:35:26.771	WT901BLE68(F3:F0:16:BF:DC:AE)	0.553	-0.169	0.577	-112.671	8.057	11.597	-17.50	-33.65	-29.28	-1.420	2.427	25.433	-0.95770	0.23911	0.15314	0.04547	26.6	null	null	13113	75
2026-05-27T16:35:26.861	WT901BLE68(F3:F0:16:BF:DC:AE)	0.281	-0.194	0.251	-55.176	-102.661	17.517	-27.79	-38.80	-27.52	1.147	-2.447	23.953	-0.95770	0.23911	0.15314	0.04547	26.6	null	null	13113	75
2026-05-27T16:35:26.984	WT901BLE68(F3:F0:16:BF:DC:AE)	0.222	-0.021	-0.003	35.950	31.189	-31.921	-29.00	-42.60	-29.87	1.147	-2.447	23.953	-0.95770	0.23911	0.15314	0.04547	26.6	null	null	13113	75
2026-05-27T16:35:27.040	WT901BLE68(F3:F0:16:BF:DC:AE)	0.596	0.019	0.287	87.891	-36.560	-50.476	-20.68	-46.32	-36.83	1.147	-2.447	23.953	-0.84396	0.29980	0.28616	0.34039	26.6	null	null	13113	75
2026-05-27T16:35:27.190	WT901BLE68(F3:F0:16:BF:DC:AE)	0.947	0.073	0.678	99.487	-69.336	-50.903	-6.12	-53.06	-44.31	1.147	-2.447	23.953	-0.84396	0.29980	0.28616	0.34039	26.6	null	null	13113	75
2026-05-27T16:35:27.249	WT901BLE68(F3:F0:16:BF:DC:AE)	1.203	-0.081	1.362	67.810	-12.817	-42.236	10.31	-58.24	-50.82	1.147	-2.447	23.953	-0.84396	0.29980	0.28616	0.34039	26.6	null	null	13113	75
2026-05-27T16:35:27.373	WT901BLE68(F3:F0:16:BF:DC:AE)	0.822	-0.153	1.715	-29.358	60.303	-8.850	13.97	-52.92	-48.88	1.147	-2.447	23.953	-0.84396	0.29980	0.28616	0.34039	26.6	null	null	13113	75
2026-05-27T16:35:27.463	WT901BLE68(F3:F0:16:BF:DC:AE)	0.767	-0.134	0.917	-104.675	-7.690	-3.723	4.98	-50.64	-44.99	1.147	-2.447	23.953	-0.84396	0.29980	0.28616	0.34039	26.6	null	null	13113	75
2026-05-27T16:35:27.585	WT901BLE68(F3:F0:16:BF:DC:AE)	0.584	-0.163	0.519	-79.041	40.283	-13.489	-4.32	-46.88	-43.38	1.147	-2.447	23.953	-0.84396	0.29980	0.28616	0.34039	26.6	null	null	13113	75
2026-05-27T16:35:27.673	WT901BLE68(F3:F0:16:BF:DC:AE)	0.374	-0.074	0.271	-31.494	72.266	-52.979	-7.60	-42.91	-46.63	1.147	-2.447	23.953	-0.84396	0.29980	0.28616	0.34039	26.6	null	null	13113	75
2026-05-27T16:35:27.792	WT901BLE68(F3:F0:16:BF:DC:AE)	0.324	0.234	0.217	54.443	-9.583	-76.660	-1.06	-39.28	-56.06	-0.833	9.567	19.147	-0.84396	0.29980	0.28616	0.34039	26.6	null	null	13113	75
2026-05-27T16:35:27.853	WT901BLE68(F3:F0:16:BF:DC:AE)	0.767	0.634	0.304	119.507	-0.183	-30.823	14.05	-42.96	-65.24	-0.833	9.567	19.147	-0.84396	0.29980	0.28616	0.34039	26.6	null	null	13113	75
2026-05-27T16:35:27.972	WT901BLE68(F3:F0:16:BF:DC:AE)	0.670	0.863	0.757	106.506	-14.465	19.165	27.11	-42.23	-65.34	-0.833	9.567	19.147	-0.80136	0.09012	0.37363	0.45822	26.6	null	null	13113	75
2026-05-27T16:35:28.063	WT901BLE68(F3:F0:16:BF:DC:AE)	0.624	0.713	1.064	55.786	-68.909	-20.203	38.29	-45.32	-66.70	-0.833	9.567	19.147	-0.80136	0.09012	0.37363	0.45822	26.6	null	null	13113	75
2026-05-27T16:35:28.184	WT901BLE68(F3:F0:16:BF:DC:AE)	0.729	0.563	0.975	-56.885	-159.302	-92.712	49.80	-47.55	-79.24	-0.833	9.567	19.147	-0.80136	0.09012	0.37363	0.45822	26.6	null	null	13113	75
2026-05-27T16:35:28.278	WT901BLE68(F3:F0:16:BF:DC:AE)	1.027	0.391	0.599	-155.823	-94.910	-106.506	56.87	-47.36	-101.57	-0.833	9.567	19.147	-0.80136	0.09012	0.37363	0.45822	26.6	null	null	13113	75
2026-05-27T16:35:28.394	WT901BLE68(F3:F0:16:BF:DC:AE)	0.939	0.322	0.301	-160.156	-40.527	-89.111	50.65	-43.70	-113.54	-0.833	9.567	19.147	-0.80136	0.09012	0.37363	0.45822	26.6	null	null	13113	75
2026-05-27T16:35:28.510	WT901BLE68(F3:F0:16:BF:DC:AE)	0.768	0.287	0.280	-94.543	-0.610	-72.815	44.03	-40.03	-120.17	-0.833	9.567	19.147	-0.80136	0.09012	0.37363	0.45822	26.6	null	null	13113	75
2026-05-27T16:35:28.601	WT901BLE68(F3:F0:16:BF:DC:AE)	0.506	0.303	0.369	-0.122	-9.583	-83.313	44.18	-36.33	-125.41	-27.740	21.213	17.353	-0.80136	0.09012	0.37363	0.45822	26.6	null	null	13113	75
2026-05-27T16:35:28.660	WT901BLE68(F3:F0:16:BF:DC:AE)	0.639	0.689	0.499	80.566	53.284	-151.794	53.28	-28.93	-131.63	-27.740	21.213	17.353	-0.80136	0.09012	0.37363	0.45822	26.6	null	null	13113	75
2026-05-27T16:35:28.785	WT901BLE68(F3:F0:16:BF:DC:AE)	0.278	1.054	0.548	78.308	124.329	-129.578	62.13	-10.71	-127.36	-27.740	21.213	17.353	-0.80136	0.09012	0.37363	0.45822	26.6	null	null	13113	75
2026-05-27T16:35:28.869	WT901BLE68(F3:F0:16:BF:DC:AE)	0.288	0.925	0.602	10.193	-2.991	-1.160	65.69	-3.93	-123.20	-27.740	21.213	17.353	-0.41589	-0.20425	0.49106	0.73761	26.6	null	null	13113	75
2026-05-27T16:35:28.989	WT901BLE68(F3:F0:16:BF:DC:AE)	0.398	0.885	0.594	-21.851	-15.747	56.702	64.52	-7.67	-119.82	-27.740	21.213	17.353	-0.41589	-0.20425	0.49106	0.73761	26.6	null	null	13113	75
2026-05-27T16:35:29.087	WT901BLE68(F3:F0:16:BF:DC:AE)	0.660	0.825	0.635	-30.762	-2.808	97.717	61.20	-15.91	-115.78	-27.740	21.213	17.353	-0.41589	-0.20425	0.49106	0.73761	26.6	null	null	13113	75
2026-05-27T16:35:29.210	WT901BLE68(F3:F0:16:BF:DC:AE)	0.804	0.746	0.641	-28.992	11.719	157.104	55.24	-27.47	-106.78	-27.740	21.213	17.353	-0.41589	-0.20425	0.49106	0.73761	26.6	null	null	13113	75
2026-05-27T16:35:29.263	WT901BLE68(F3:F0:16:BF:DC:AE)	0.933	0.646	0.560	-8.240	19.836	193.481	44.75	-40.61	-90.43	-27.740	21.213	17.353	-0.41589	-0.20425	0.49106	0.73761	26.6	null	null	13113	75
2026-05-27T16:35:29.383	WT901BLE68(F3:F0:16:BF:DC:AE)	0.985	0.452	0.509	13.367	47.119	200.195	27.43	-50.09	-64.53	-27.740	21.213	17.353	-0.41589	-0.20425	0.49106	0.73761	26.6	null	null	13113	75
2026-05-27T16:35:29.468	WT901BLE68(F3:F0:16:BF:DC:AE)	0.888	0.252	0.609	11.963	30.457	173.584	6.22	-51.70	-34.48	-27.740	21.213	17.353	-0.41589	-0.20425	0.49106	0.73761	26.6	null	null	13113	75
2026-05-27T16:35:29.588	WT901BLE68(F3:F0:16:BF:DC:AE)	0.737	0.164	0.580	-1.709	-27.344	123.718	-9.97	-50.74	-12.74	-4.580	22.580	12.053	-0.41589	-0.20425	0.49106	0.73761	26.6	null	null	13113	75
2026-05-27T16:35:29.682	WT901BLE68(F3:F0:16:BF:DC:AE)	0.639	0.158	0.512	1.099	-23.499	65.002	-20.30	-51.77	0.00	-4.580	22.580	12.053	-0.41589	-0.20425	0.49106	0.73761	26.6	null	null	13113	75
2026-05-27T16:35:29.805	WT901BLE68(F3:F0:16:BF:DC:AE)	0.667	0.210	0.423	-0.854	-80.261	68.909	-28.18	-54.52	7.31	-4.580	22.580	12.053	-0.88290	0.16458	0.43427	0.06845	26.6	null	null	13113	75
2026-05-27T16:35:29.894	WT901BLE68(F3:F0:16:BF:DC:AE)	0.546	0.073	0.277	48.218	36.316	82.153	-39.21	-53.26	23.88	-4.580	22.580	12.053	-0.88290	0.16458	0.43427	0.06845	26.6	null	null	13113	75
2026-05-27T16:35:30.018	WT901BLE68(F3:F0:16:BF:DC:AE)	0.403	-0.030	0.370	83.740	-3.845	47.546	-36.16	-46.70	36.34	-4.580	22.580	12.053	-0.88290	0.16458	0.43427	0.06845	26.6	null	null	13113	75
2026-05-27T16:35:30.077	WT901BLE68(F3:F0:16:BF:DC:AE)	0.619	-0.208	0.674	98.083	-53.040	-14.709	-29.31	-49.03	45.77	-4.580	22.580	12.053	-0.88290	0.16458	0.43427	0.06845	26.6	null	null	13113	75
2026-05-27T16:35:30.192	WT901BLE68(F3:F0:16:BF:DC:AE)	0.863	-0.265	1.149	84.534	31.067	-38.086	-17.10	-51.18	45.18	-4.580	22.580	12.053	-0.88290	0.16458	0.43427	0.06845	26.6	null	null	13113	75
