time	DeviceName	AccX(g)	AccY(g)	AccZ(g)	AsX(°/s)	AsY(°/s)	AsZ(°/s)	AngleX(°)	AngleY(°)	AngleZ(°)	HX(uT)	HY(uT)	HZ(uT)	Q0()	Q1()	Q2()	Q3()	Temperature(°C)	Height(m)	Pressure(kPa)	Version()	Battery level(%)
2026-05-27T16:39:50.804	WT901BLE68(F3:F0:16:BF:DC:AE)	0.030	0.912	-0.405	-3.662	-2.686	0.366	113.51	-2.33	-42.78	-43.760	17.360	-69.540	-0.53030	-0.75281	0.33298	0.20261	26.4	null	null	13113	75
2026-05-27T16:39:50.888	WT901BLE68(F3:F0:16:BF:DC:AE)	0.040	0.902	-0.409	-1.221	0.000	-0.916	113.25	-2.24	-42.73	-45.587	11.207	-72.733	-0.53030	-0.75281	0.33298	0.20261	26.4	null	null	13113	75
2026-05-27T16:39:51.009	WT901BLE68(F3:F0:16:BF:DC:AE)	0.035	0.912	-0.406	1.831	1.221	-1.587	113.33	-2.14	-42.45	-45.587	11.207	-72.733	-0.51816	-0.77402	0.31320	0.18497	26.4	null	null	13113	75
2026-05-27T16:39:51.100	WT901BLE68(F3:F0:16:BF:DC:AE)	0.021	0.916	-0.418	-0.732	-1.038	-0.366	113.47	-2.05	-42.19	-45.587	11.207	-72.733	-0.51816	-0.77402	0.31320	0.18497	26.4	null	null	13113	75
2026-05-27T16:39:51.225	WT901BLE68(F3:F0:16:BF:DC:AE)	0.017	0.905	-0.417	-6.042	-5.249	0.916	113.19	-1.92	-42.36	-45.587	11.207	-72.733	-0.51816	-0.77402	0.31320	0.18497	26.4	null	null	13113	75
2026-05-27T16:39:51.310	WT901BLE68(F3:F0:16:BF:DC:AE)	0.068	0.832	-0.499	10.437	24.231	-6.042	113.14	-1.97	-41.89	-45.587	11.207	-72.733	-0.51816	-0.77402	0.31320	0.18497	26.4	null	null	13113	75
2026-05-27T16:39:51.432	WT901BLE68(F3:F0:16:BF:DC:AE)	0.047	0.971	-0.291	8.362	12.329	-7.202	114.53	-2.15	-39.19	-45.587	11.207	-72.733	-0.51816	-0.77402	0.31320	0.18497	26.4	null	null	13113	75
2026-05-27T16:39:51.492	WT901BLE68(F3:F0:16:BF:DC:AE)	-0.010	0.971	-0.333	-9.644	-15.503	-1.343	114.33	-1.76	-38.79	-45.587	11.207	-72.733	-0.51816	-0.77402	0.31320	0.18497	26.4	null	null	13113	75
2026-05-27T16:39:51.613	WT901BLE68(F3:F0:16:BF:DC:AE)	0.019	0.958	-0.338	-24.414	-34.119	-1.587	112.60	-0.62	-41.47	-45.587	11.207	-72.733	-0.51816	-0.77402	0.31320	0.18497	26.4	null	null	13113	75
2026-05-27T16:39:51.699	WT901BLE68(F3:F0:16:BF:DC:AE)	-0.097	0.975	-0.321	-34.729	-41.321	-5.615	109.32	0.97	-44.45	-48.507	11.787	-70.333	-0.51816	-0.77402	0.31320	0.18497	26.4	null	null	13113	75
2026-05-27T16:39:51.824	WT901BLE68(F3:F0:16:BF:DC:AE)	-0.082	0.979	-0.274	-35.461	-17.090	-9.583	105.70	2.64	-47.58	-48.507	11.787	-70.333	-0.51816	-0.77402	0.31320	0.18497	26.4	null	null	13113	75
2026-05-27T16:39:51.910	WT901BLE68(F3:F0:16:BF:DC:AE)	-0.152	0.975	-0.268	-20.996	-14.465	-7.996	102.66	4.15	-48.04	-48.507	11.787	-70.333	-0.55219	-0.72800	0.30344	0.27008	26.4	null	null	13113	75
2026-05-27T16:39:52.032	WT901BLE68(F3:F0:16:BF:DC:AE)	0.023	0.928	-0.197	-4.578	-6.775	0.305	101.23	4.89	-49.34	-48.507	11.787	-70.333	-0.55219	-0.72800	0.30344	0.27008	26.4	null	null	13113	75
2026-05-27T16:39:52.090	WT901BLE68(F3:F0:16:BF:DC:AE)	-0.021	0.841	-0.346	24.231	-10.071	8.606	102.43	4.60	-49.37	-48.507	11.787	-70.333	-0.55219	-0.72800	0.30344	0.27008	26.4	null	null	13113	75
2026-05-27T16:39:52.213	WT901BLE68(F3:F0:16:BF:DC:AE)	-0.368	1.000	-0.113	3.418	42.175	-13.000	104.06	4.19	-46.19	-48.507	11.787	-70.333	-0.55219	-0.72800	0.30344	0.27008	26.4	null	null	13113	75
2026-05-27T16:39:52.299	WT901BLE68(F3:F0:16:BF:DC:AE)	-0.137	0.991	-0.135	-5.310	36.560	8.972	104.99	3.56	-43.11	-48.507	11.787	-70.333	-0.55219	-0.72800	0.30344	0.27008	26.4	null	null	13113	75
2026-05-27T16:39:52.421	WT901BLE68(F3:F0:16:BF:DC:AE)	0.028	0.947	-0.299	5.493	24.414	7.996	105.18	2.29	-40.12	-48.507	11.787	-70.333	-0.55219	-0.72800	0.30344	0.27008	26.4	null	null	13113	75
2026-05-27T16:39:52.511	WT901BLE68(F3:F0:16:BF:DC:AE)	-0.061	0.988	-0.240	6.531	19.348	9.033	105.62	1.14	-37.77	-48.507	11.787	-70.333	-0.55219	-0.72800	0.30344	0.27008	26.4	null	null	13113	75
2026-05-27T16:39:52.629	WT901BLE68(F3:F0:16:BF:DC:AE)	0.017	0.966	-0.251	-3.784	-8.728	12.634	105.64	0.07	-37.09	-46.267	17.447	-69.647	-0.55219	-0.72800	0.30344	0.27008	26.4	null	null	13113	75
2026-05-27T16:39:52.722	WT901BLE68(F3:F0:16:BF:DC:AE)	0.147	0.927	-0.353	5.188	-8.240	16.174	105.63	-1.09	-38.16	-46.267	17.447	-69.647	-0.55219	-0.72800	0.30344	0.27008	26.4	null	null	13113	75
2026-05-27T16:39:52.807	WT901BLE68(F3:F0:16:BF:DC:AE)	0.049	0.982	-0.217	5.127	42.114	3.784	106.36	-2.80	-36.16	-46.267	17.447	-69.647	-0.57355	-0.75403	0.26700	0.17639	26.4	null	null	13113	75
2026-05-27T16:39:52.902	WT901BLE68(F3:F0:16:BF:DC:AE)	0.149	0.953	-0.312	5.859	20.020	6.592	106.87	-4.17	-33.95	-46.267	17.447	-69.647	-0.57355	-0.75403	0.26700	0.17639	26.4	null	null	13113	75
2026-05-27T16:39:53.022	WT901BLE68(F3:F0:16:BF:DC:AE)	0.241	0.897	-0.415	18.982	20.874	8.240	107.87	-5.47	-32.31	-46.267	17.447	-69.647	-0.57355	-0.75403	0.26700	0.17639	26.4	null	null	13113	75
2026-05-27T16:39:53.113	WT901BLE68(F3:F0:16:BF:DC:AE)	0.081	0.948	-0.257	33.020	4.211	1.282	110.74	-6.73	-31.08	-46.267	17.447	-69.647	-0.57355	-0.75403	0.26700	0.17639	26.4	null	null	13113	75
2026-05-27T16:39:53.234	WT901BLE68(F3:F0:16:BF:DC:AE)	0.080	0.950	-0.319	5.005	8.972	-7.629	112.35	-6.90	-29.92	-46.267	17.447	-69.647	-0.57355	-0.75403	0.26700	0.17639	26.4	null	null	13113	75
2026-05-27T16:39:53.323	WT901BLE68(F3:F0:16:BF:DC:AE)	0.138	0.863	-0.484	6.775	-14.526	-4.761	112.34	-6.44	-29.25	-46.267	17.447	-69.647	-0.57355	-0.75403	0.26700	0.17639	26.4	null	null	13113	75
2026-05-27T16:39:53.444	WT901BLE68(F3:F0:16:BF:DC:AE)	0.094	0.919	-0.382	8.423	-41.931	-3.723	113.62	-5.04	-31.89	-46.267	17.447	-69.647	-0.57355	-0.75403	0.26700	0.17639	26.4	null	null	13113	75
2026-05-27T16:39:53.501	WT901BLE68(F3:F0:16:BF:DC:AE)	0.056	0.944	-0.367	-21.118	-36.987	-7.568	112.69	-3.13	-35.12	-40.073	11.367	-74.553	-0.57355	-0.75403	0.26700	0.17639	26.4	null	null	13113	75
2026-05-27T16:39:53.622	WT901BLE68(F3:F0:16:BF:DC:AE)	-0.008	1.006	-0.309	-23.926	-33.936	-12.268	110.41	-1.00	-38.17	-40.073	11.367	-74.553	-0.57355	-0.75403	0.26700	0.17639	26.4	null	null	13113	75
2026-05-27T16:39:53.708	WT901BLE68(F3:F0:16:BF:DC:AE)	-0.022	0.972	-0.288	-30.823	-0.488	-10.864	107.07	0.37	-38.23	-40.073	11.367	-74.553	-0.55368	-0.76468	0.26688	0.19330	26.4	null	null	13113	75
2026-05-27T16:39:53.833	WT901BLE68(F3:F0:16:BF:DC:AE)	-0.048	0.906	-0.344	-13.306	-36.133	0.122	105.01	1.29	-40.20	-40.073	11.367	-74.553	-0.55368	-0.76468	0.26688	0.19330	26.4	null	null	13113	75
2026-05-27T16:39:53.924	WT901BLE68(F3:F0:16:BF:DC:AE)	-0.162	0.968	-0.207	-6.042	-31.006	2.197	104.39	2.08	-43.54	-40.073	11.367	-74.553	-0.55368	-0.76468	0.26688	0.19330	26.4	null	null	13113	75
2026-05-27T16:39:54.045	WT901BLE68(F3:F0:16:BF:DC:AE)	-0.150	0.977	-0.173	-10.315	-26.062	-0.244	103.61	2.90	-46.64	-40.073	11.367	-74.553	-0.55368	-0.76468	0.26688	0.19330	26.4	null	null	13113	75
2026-05-27T16:39:54.134	WT901BLE68(F3:F0:16:BF:DC:AE)	-0.189	1.000	-0.143	-26.001	-45.044	8.240	101.46	3.66	-49.50	-40.073	11.367	-74.553	-0.55368	-0.76468	0.26688	0.19330	26.4	null	null	13113	75
2026-05-27T16:39:54.252	WT901BLE68(F3:F0:16:BF:DC:AE)	-0.073	0.951	-0.200	-6.897	-41.199	14.709	99.38	3.43	-53.75	-40.073	11.367	-74.553	-0.55368	-0.76468	0.26688	0.19330	26.4	null	null	13113	75
2026-05-27T16:39:54.313	WT901BLE68(F3:F0:16:BF:DC:AE)	-0.018	0.935	-0.160	7.385	-19.409	14.587	99.62	2.44	-55.61	-40.073	11.367	-74.553	-0.55368	-0.76468	0.26688	0.19330	26.4	null	null	13113	75
2026-05-27T16:39:54.429	WT901BLE68(F3:F0:16:BF:DC:AE)	-0.048	0.987	0.040	18.311	61.707	27.771	100.51	0.91	-54.01	-58.667	22.307	-57.047	-0.55368	-0.76468	0.26688	0.19330	26.4	null	null	13113	75
2026-05-27T16:39:54.523	WT901BLE68(F3:F0:16:BF:DC:AE)	0.072	0.948	-0.238	-7.690	-13.245	17.578	100.90	-0.95	-53.04	-58.667	22.307	-57.047	-0.55368	-0.76468	0.26688	0.19330	26.4	null	null	13113	75
2026-05-27T16:39:54.638	WT901BLE68(F3:F0:16:BF:DC:AE)	0.159	0.954	-0.274	5.493	17.395	5.920	100.88	-2.23	-52.35	-58.667	22.307	-57.047	-0.57538	-0.68472	0.35278	0.27478	26.4	null	null	13113	75
2026-05-27T16:39:54.733	WT901BLE68(F3:F0:16:BF:DC:AE)	0.208	0.947	-0.278	24.414	19.287	8.667	102.63	-3.69	-50.47	-58.667	22.307	-57.047	-0.57538	-0.68472	0.35278	0.27478	26.4	null	null	13113	75
2026-05-27T16:39:54.857	WT901BLE68(F3:F0:16:BF:DC:AE)	0.023	0.971	-0.213	20.569	38.574	-1.404	104.78	-5.16	-46.60	-58.667	22.307	-57.047	-0.57538	-0.68472	0.35278	0.27478	26.4	null	null	13113	75
2026-05-27T16:39:54.912	WT901BLE68(F3:F0:16:BF:DC:AE)	0.123	0.975	-0.170	-7.446	44.739	-10.742	104.82	-5.61	-42.50	-58.667	22.307	-57.047	-0.57538	-0.68472	0.35278	0.27478	26.4	null	null	13113	75
2026-05-27T16:39:55.033	WT901BLE68(F3:F0:16:BF:DC:AE)	0.164	0.942	-0.340	-10.193	39.978	-17.883	103.08	-5.32	-37.84	-58.667	22.307	-57.047	-0.57538	-0.68472	0.35278	0.27478	26.4	null	null	13113	75
2026-05-27T16:39:55.123	WT901BLE68(F3:F0:16:BF:DC:AE)	0.188	0.941	-0.326	9.644	42.236	-13.184	103.02	-5.03	-33.98	-58.667	22.307	-57.047	-0.57538	-0.68472	0.35278	0.27478	26.4	null	null	13113	75
2026-05-27T16:39:55.244	WT901BLE68(F3:F0:16:BF:DC:AE)	0.137	0.970	-0.259	17.700	37.659	-14.832	104.42	-4.87	-30.16	-58.667	22.307	-57.047	-0.57538	-0.68472	0.35278	0.27478	26.4	null	null	13113	75
2026-05-27T16:39:55.335	WT901BLE68(F3:F0:16:BF:DC:AE)	0.042	0.945	-0.307	26.428	9.399	-17.090	106.52	-4.01	-28.18	-39.267	19.447	-69.500	-0.57538	-0.68472	0.35278	0.27478	26.4	null	null	13113	75
2026-05-27T16:39:55.454	WT901BLE68(F3:F0:16:BF:DC:AE)	-0.024	0.950	-0.309	26.062	-44.067	-13.123	109.34	-1.92	-30.03	-39.267	19.447	-69.500	-0.57538	-0.68472	0.35278	0.27478	26.4	null	null	13113	75
2026-05-27T16:39:55.511	WT901BLE68(F3:F0:16:BF:DC:AE)	-0.083	1.004	-0.264	-0.427	-43.457	-5.737	110.56	0.52	-34.34	-39.267	19.447	-69.500	-0.54932	-0.78799	0.23099	0.15439	26.4	null	null	13113	75
2026-05-27T16:39:55.664	WT901BLE68(F3:F0:16:BF:DC:AE)	-0.104	1.019	-0.278	-16.968	-38.940	-6.958	109.09	2.65	-38.62	-39.267	19.447	-69.500	-0.54932	-0.78799	0.23099	0.15439	26.4	null	null	13113	75
2026-05-27T16:39:55.722	WT901BLE68(F3:F0:16:BF:DC:AE)	-0.125	0.972	-0.331	-11.475	-12.268	-10.376	106.98	4.32	-40.69	-39.267	19.447	-69.500	-0.54932	-0.78799	0.23099	0.15439	26.4	null	null	13113	75
2026-05-27T16:39:55.842	WT901BLE68(F3:F0:16:BF:DC:AE)	-0.100	0.924	-0.276	-15.625	4.944	-5.371	105.11	5.32	-40.86	-39.267	19.447	-69.500	-0.54932	-0.78799	0.23099	0.15439	26.4	null	null	13113	75
2026-05-27T16:39:55.933	WT901BLE68(F3:F0:16:BF:DC:AE)	-0.088	0.938	-0.265	-5.615	-22.095	2.380	104.27	5.72	-42.05	-39.267	19.447	-69.500	-0.54932	-0.78799	0.23099	0.15439	26.4	null	null	13113	75
2026-05-27T16:39:56.053	WT901BLE68(F3:F0:16:BF:DC:AE)	-0.099	0.947	-0.275	1.526	-4.272	3.113	103.95	5.81	-43.27	-39.267	19.447	-69.500	-0.54932	-0.78799	0.23099	0.15439	26.4	null	null	13113	75
2026-05-27T16:39:56.145	WT901BLE68(F3:F0:16:BF:DC:AE)	-0.157	0.963	-0.220	0.977	17.700	-3.967	104.26	5.65	-42.41	-39.267	19.447	-69.500	-0.54932	-0.78799	0.23099	0.15439	26.4	null	null	13113	75
2026-05-27T16:39:56.260	WT901BLE68(F3:F0:16:BF:DC:AE)	-0.146	0.979	-0.195	-6.958	17.639	-4.517	104.30	5.69	-40.34	-54.953	17.380	-65.380	-0.54932	-0.78799	0.23099	0.15439	26.4	null	null	13113	75
2026-05-27T16:39:56.319	WT901BLE68(F3:F0:16:BF:DC:AE)	-0.132	0.921	-0.309	-2.380	26.062	-0.183	103.99	5.39	-37.62	-54.953	17.380	-65.380	-0.54932	-0.78799	0.23099	0.15439	26.4	null	null	13113	75
2026-05-27T16:39:56.444	WT901BLE68(F3:F0:16:BF:DC:AE)	-0.127	0.908	-0.288	7.751	20.264	7.019	104.59	4.74	-35.45	-54.953	17.380	-65.380	-0.57190	-0.75699	0.22067	0.22604	26.4	null	null	13113	75
2026-05-27T16:39:56.531	WT901BLE68(F3:F0:16:BF:DC:AE)	-0.121	1.060	-0.295	10.498	10.437	14.526	105.75	3.37	-34.22	-54.953	17.380	-65.380	-0.57190	-0.75699	0.22067	0.22604	26.4	null	null	13113	75
2026-05-27T16:39:56.654	WT901BLE68(F3:F0:16:BF:DC:AE)	-0.106	0.984	-0.124	-3.174	5.188	17.822	105.84	2.08	-34.30	-54.953	17.380	-65.380	-0.57190	-0.75699	0.22067	0.22604	26.4	null	null	13113	75
2026-05-27T16:39:56.739	WT901BLE68(F3:F0:16:BF:DC:AE)	0.052	0.956	-0.312	-10.803	-3.662	19.348	104.55	0.52	-34.67	-54.953	17.380	-65.380	-0.57190	-0.75699	0.22067	0.22604	26.4	null	null	13113	75
2026-05-27T16:39:56.866	WT901BLE68(F3:F0:16:BF:DC:AE)	0.103	0.939	-0.287	-4.700	28.137	13.367	103.93	-1.31	-33.76	-54.953	17.380	-65.380	-0.57190	-0.75699	0.22067	0.22604	26.4	null	null	13113	75
2026-05-27T16:39:56.920	WT901BLE68(F3:F0:16:BF:DC:AE)	0.127	0.958	-0.209	0.000	23.743	14.771	103.72	-3.46	-31.72	-54.953	17.380	-65.380	-0.57190	-0.75699	0.22067	0.22604	26.4	null	null	13113	75
2026-05-27T16:39:57.072	WT901BLE68(F3:F0:16:BF:DC:AE)	0.101	0.979	-0.122	-8.667	32.837	6.592	103.29	-5.32	-29.32	-54.953	17.380	-65.380	-0.57190	-0.75699	0.22067	0.22604	26.4	null	null	13113	75
2026-05-27T16:39:57.132	WT901BLE68(F3:F0:16:BF:DC:AE)	0.190	0.942	-0.279	-8.850	17.578	3.296	101.83	-6.48	-26.33	-34.193	21.047	-69.653	-0.57190	-0.75699	0.22067	0.22604	26.4	null	null	13113	75
2026-05-27T16:39:57.254	WT901BLE68(F3:F0:16:BF:DC:AE)	0.161	0.972	-0.195	0.610	9.460	5.859	101.37	-7.42	-25.77	-34.193	21.047	-69.653	-0.57190	-0.75699	0.22067	0.22604	26.4	null	null	13113	75
2026-05-27T16:39:57.342	WT901BLE68(F3:F0:16:BF:DC:AE)	0.160	0.969	-0.180	1.770	-17.090	6.470	101.66	-8.11	-26.64	-34.193	21.047	-69.653	-0.62692	-0.74292	0.21643	0.08984	26.4	null	null	13113	75
2026-05-27T16:39:57.467	WT901BLE68(F3:F0:16:BF:DC:AE)	0.200	0.957	-0.208	3.845	-25.391	2.808	102.27	-8.21	-29.28	-34.193	21.047	-69.653	-0.62692	-0.74292	0.21643	0.08984	26.4	null	null	13113	75
2026-05-27T16:39:57.551	WT901BLE68(F3:F0:16:BF:DC:AE)	0.163	0.976	-0.162	-5.493	-27.161	-3.967	102.48	-7.76	-31.78	-34.193	21.047	-69.653	-0.62692	-0.74292	0.21643	0.08984	26.4	null	null	13113	75
2026-05-27T16:39:57.676	WT901BLE68(F3:F0:16:BF:DC:AE)	0.126	0.976	-0.226	-10.193	-30.823	-8.057	101.90	-6.69	-34.48	-34.193	21.047	-69.653	-0.62692	-0.74292	0.21643	0.08984	26.4	null	null	13113	75
2026-05-27T16:39:57.729	WT901BLE68(F3:F0:16:BF:DC:AE)	0.084	0.958	-0.252	-6.653	-80.383	-0.122	101.55	-5.30	-39.47	-34.193	21.047	-69.653	-0.62692	-0.74292	0.21643	0.08984	26.4	null	null	13113	75
2026-05-27T16:39:57.854	WT901BLE68(F3:F0:16:BF:DC:AE)	0.067	0.970	-0.204	-6.104	-85.632	2.441	101.84	-3.83	-48.36	-34.193	21.047	-69.653	-0.62692	-0.74292	0.21643	0.08984	26.4	null	null	13113	75
2026-05-27T16:39:57.942	WT901BLE68(F3:F0:16:BF:DC:AE)	-0.003	0.983	-0.116	-7.874	-78.186	-3.296	101.63	-2.10	-55.49	-34.193	21.047	-69.653	-0.62692	-0.74292	0.21643	0.08984	26.4	null	null	13113	75
2026-05-27T16:39:58.058	WT901BLE68(F3:F0:16:BF:DC:AE)	-0.011	1.086	0.017	-19.531	-43.457	-1.831	100.15	-1.19	-61.02	-56.587	22.400	-57.660	-0.62692	-0.74292	0.21643	0.08984	26.4	null	null	13113	75
2026-05-27T16:39:58.154	WT901BLE68(F3:F0:16:BF:DC:AE)	-0.097	1.015	-0.043	-15.015	0.000	-0.366	98.20	-0.74	-62.20	-56.587	22.400	-57.660	-0.62692	-0.74292	0.21643	0.08984	26.4	null	null	13113	75
2026-05-27T16:39:58.270	WT901BLE68(F3:F0:16:BF:DC:AE)	-0.130	1.050	-0.008	-22.034	5.127	0.305	96.22	-0.58	-61.09	-56.587	22.400	-57.660	-0.57166	-0.64081	0.38638	0.33640	26.4	null	null	13113	75
2026-05-27T16:39:58.329	WT901BLE68(F3:F0:16:BF:DC:AE)	-0.028	0.890	-0.194	-15.991	10.254	4.272	93.78	-0.58	-59.43	-56.587	22.400	-57.660	-0.57166	-0.64081	0.38638	0.33640	26.4	null	null	13113	75
2026-05-27T16:39:58.484	WT901BLE68(F3:F0:16:BF:DC:AE)	0.061	0.956	-0.208	15.137	29.358	4.639	93.99	-0.87	-56.73	-56.587	22.400	-57.660	-0.57166	-0.64081	0.38638	0.33640	26.4	null	null	13113	75
2026-05-27T16:39:58.542	WT901BLE68(F3:F0:16:BF:DC:AE)	0.153	0.983	-0.126	32.837	50.171	11.353	96.71	-2.33	-53.36	-56.587	22.400	-57.660	-0.57166	-0.64081	0.38638	0.33640	26.4	null	null	13113	75
2026-05-27T16:39:58.667	WT901BLE68(F3:F0:16:BF:DC:AE)	0.051	1.013	-0.141	26.428	45.044	7.202	99.48	-4.11	-47.48	-56.587	22.400	-57.660	-0.57166	-0.64081	0.38638	0.33640	26.4	null	null	13113	75
2026-05-27T16:39:58.753	WT901BLE68(F3:F0:16:BF:DC:AE)	0.303	0.947	-0.247	24.414	43.640	4.272	101.43	-5.48	-43.99	-56.587	22.400	-57.660	-0.57166	-0.64081	0.38638	0.33640	26.4	null	null	13113	75
2026-05-27T16:39:58.871	WT901BLE68(F3:F0:16:BF:DC:AE)	0.125	0.949	-0.259	45.959	61.829	-5.371	104.32	-7.12	-38.07	-56.587	22.400	-57.660	-0.57166	-0.64081	0.38638	0.33640	26.4	null	null	13113	75
2026-05-27T16:39:58.962	WT901BLE68(F3:F0:16:BF:DC:AE)	0.115	0.978	-0.223	26.611	46.326	-15.930	107.35	-7.48	-33.02	-41.887	19.167	-68.313	-0.57166	-0.64081	0.38638	0.33640	26.4	null	null	13113	75
2026-05-27T16:39:59.085	WT901BLE68(F3:F0:16:BF:DC:AE)	0.203	0.929	-0.309	6.226	40.527	-20.020	108.09	-7.09	-28.84	-41.887	19.167	-68.313	-0.57166	-0.64081	0.38638	0.33640	26.4	null	null	13113	75
2026-05-27T16:39:59.142	WT901BLE68(F3:F0:16:BF:DC:AE)	0.168	0.901	-0.370	14.282	29.480	-20.630	108.63	-6.38	-24.88	-41.887	19.167	-68.313	-0.58020	-0.77942	0.21921	0.08774	26.4	null	null	13113	75
2026-05-27T16:39:59.266	WT901BLE68(F3:F0:16:BF:DC:AE)	0.035	0.949	-0.303	7.080	12.146	-20.508	109.60	-5.27	-22.17	-41.887	19.167	-68.313	-0.58020	-0.77942	0.21921	0.08774	26.4	null	null	13113	75
2026-05-27T16:39:59.351	WT901BLE68(F3:F0:16:BF:DC:AE)	0.016	0.961	-0.319	-13.550	-23.315	-19.958	109.00	-3.11	-22.57	-41.887	19.167	-68.313	-0.58020	-0.77942	0.21921	0.08774	26.4	null	null	13113	75
2026-05-27T16:39:59.474	WT901BLE68(F3:F0:16:BF:DC:AE)	-0.058	0.941	-0.366	-14.709	-34.546	-17.639	107.42	-0.29	-24.96	-41.887	19.167	-68.313	-0.58020	-0.77942	0.21921	0.08774	26.4	null	null	13113	75
2026-05-27T16:39:59.563	WT901BLE68(F3:F0:16:BF:DC:AE)	-0.080	0.925	-0.363	-10.986	-47.607	-6.287	106.64	1.86	-28.36	-41.887	19.167	-68.313	-0.58020	-0.77942	0.21921	0.08774	26.4	null	null	13113	75
2026-05-27T16:39:59.681	WT901BLE68(F3:F0:16:BF:DC:AE)	-0.023	0.959	-0.357	-1.648	-44.922	-5.432	106.15	3.72	-33.15	-41.887	19.167	-68.313	-0.58020	-0.77942	0.21921	0.08774	26.4	null	null	13113	75
2026-05-27T16:39:59.743	WT901BLE68(F3:F0:16:BF:DC:AE)	-0.158	0.964	-0.321	1.526	-20.508	-3.601	106.04	4.80	-36.03	-41.887	19.167	-68.313	-0.58020	-0.77942	0.21921	0.08774	26.4	null	null	13113	75
2026-05-27T16:39:59.894	WT901BLE68(F3:F0:16:BF:DC:AE)	-0.187	0.978	-0.148	-3.174	-7.080	-0.244	106.19	5.32	-37.65	-41.887	19.167	-68.313	-0.58020	-0.77942	0.21921	0.08774	26.4	null	null	13113	75
2026-05-27T16:39:59.949	WT901BLE68(F3:F0:16:BF:DC:AE)	-0.152	0.977	-0.163	-13.000	4.639	-0.671	105.04	5.61	-37.74	-53.180	15.613	-66.867	-0.58020	-0.77942	0.21921	0.08774	26.4	null	null	13113	75
2026-05-27T16:40:00.071	WT901BLE68(F3:F0:16:BF:DC:AE)	-0.073	0.916	-0.310	-1.160	2.441	0.122	104.38	5.68	-37.03	-53.180	15.613	-66.867	-0.56644	-0.75800	0.22464	0.23236	26.4	null	null	13113	75
2026-05-27T16:40:00.162	WT901BLE68(F3:F0:16:BF:DC:AE)	-0.132	0.946	-0.306	7.385	6.653	6.226	105.07	5.00	-35.62	-53.180	15.613	-66.867	-0.56644	-0.75800	0.22464	0.23236	26.4	null	null	13113	75
2026-05-27T16:40:00.283	WT901BLE68(F3:F0:16:BF:DC:AE)	-0.120	0.981	-0.276	8.972	23.010	8.850	106.46	3.78	-34.54	-53.180	15.613	-66.867	-0.56644	-0.75800	0.22464	0.23236	26.4	null	null	13113	75
2026-05-27T16:40:00.376	WT901BLE68(F3:F0:16:BF:DC:AE)	-0.148	0.962	-0.302	3.723	21.301	12.085	106.97	2.19	-32.43	-53.180	15.613	-66.867	-0.56644	-0.75800	0.22464	0.23236	26.4	null	null	13113	75
2026-05-27T16:40:00.494	WT901BLE68(F3:F0:16:BF:DC:AE)	-0.005	0.947	-0.381	8.179	-17.578	23.865	107.69	0.75	-33.65	-53.180	15.613	-66.867	-0.56644	-0.75800	0.22464	0.23236	26.4	null	null	13113	75
2026-05-27T16:40:00.550	WT901BLE68(F3:F0:16:BF:DC:AE)	0.001	0.990	-0.243	9.827	37.720	13.428	108.80	-1.43	-33.40	-53.180	15.613	-66.867	-0.56644	-0.75800	0.22464	0.23236	26.4	null	null	13113	75
2026-05-27T16:40:00.677	WT901BLE68(F3:F0:16:BF:DC:AE)	0.013	0.984	-0.321	-9.155	3.845	15.747	108.44	-3.18	-32.46	-53.180	15.613	-66.867	-0.56644	-0.75800	0.22464	0.23236	26.4	null	null	13113	75
2026-05-27T16:40:00.761	WT901BLE68(F3:F0:16:BF:DC:AE)	0.125	0.947	-0.329	-11.292	9.888	9.705	107.13	-4.32	-32.44	-40.293	16.380	-70.867	-0.56644	-0.75800	0.22464	0.23236	26.4	null	null	13113	75
2026-05-27T16:40:00.877	WT901BLE68(F3:F0:16:BF:DC:AE)	0.204	0.925	-0.301	-3.418	2.258	9.705	106.67	-5.39	-32.99	-40.293	16.380	-70.867	-0.56644	-0.75800	0.22464	0.23236	26.4	null	null	13113	75
2026-05-27T16:40:00.976	WT901BLE68(F3:F0:16:BF:DC:AE)	0.182	0.943	-0.250	-0.244	10.376	3.906	106.67	-6.43	-32.21	-40.293	16.380	-70.867	-0.58359	-0.76007	0.25516	0.12836	26.4	null	null	13113	75
2026-05-27T16:40:01.097	WT901BLE68(F3:F0:16:BF:DC:AE)	0.202	0.924	-0.302	5.066	19.165	-2.197	106.81	-7.14	-31.03	-40.293	16.380	-70.867	-0.58359	-0.76007	0.25516	0.12836	26.4	null	null	13113	75
2026-05-27T16:40:01.152	WT901BLE68(F3:F0:16:BF:DC:AE)	0.154	0.944	-0.289	7.385	24.109	-8.606	107.19	-7.44	-28.49	-40.293	16.380	-70.867	-0.58359	-0.76007	0.25516	0.12836	26.4	null	null	13113	75
2026-05-27T16:40:01.307	WT901BLE68(F3:F0:16:BF:DC:AE)	0.154	0.942	-0.295	12.512	13.611	-11.292	107.85	-7.17	-26.36	-40.293	16.380	-70.867	-0.58359	-0.76007	0.25516	0.12836	26.4	null	null	13113	75
2026-05-27T16:40:01.362	WT901BLE68(F3:F0:16:BF:DC:AE)	0.103	0.964	-0.253	-2.991	-7.141	-11.536	108.01	-6.25	-25.48	-40.293	16.380	-70.867	-0.58359	-0.76007	0.25516	0.12836	26.4	null	null	13113	75
2026-05-27T16:40:01.485	WT901BLE68(F3:F0:16:BF:DC:AE)	0.156	0.924	-0.341	-4.272	-21.545	-11.658	107.60	-4.77	-27.01	-40.293	16.380	-70.867	-0.58359	-0.76007	0.25516	0.12836	26.4	null	null	13113	75
2026-05-27T16:40:01.573	WT901BLE68(F3:F0:16:BF:DC:AE)	0.042	0.952	-0.291	-6.042	-30.090	-15.137	107.30	-2.89	-28.96	-40.293	16.380	-70.867	-0.58359	-0.76007	0.25516	0.12836	26.4	null	null	13113	75
2026-05-27T16:40:01.692	WT901BLE68(F3:F0:16:BF:DC:AE)	-0.001	0.977	-0.244	-11.719	-41.077	-12.878	106.52	-0.59	-32.17	-40.673	16.507	-71.193	-0.58359	-0.76007	0.25516	0.12836	26.4	null	null	13113	75
2026-05-27T16:40:01.781	WT901BLE68(F3:F0:16:BF:DC:AE)	-0.077	0.948	-0.334	-13.306	-41.077	-13.367	104.94	1.58	-34.92	-40.673	16.507	-71.193	-0.58359	-0.76007	0.25516	0.12836	26.4	null	null	13113	75
2026-05-27T16:40:01.902	WT901BLE68(F3:F0:16:BF:DC:AE)	-0.071	0.944	-0.273	-3.784	-45.410	-7.080	104.06	3.77	-39.75	-40.673	16.507	-71.193	-0.57318	-0.75153	0.24139	0.21976	26.4	null	null	13113	75
2026-05-27T16:40:01.963	WT901BLE68(F3:F0:16:BF:DC:AE)	-0.197	0.992	-0.164	-0.977	-8.911	-0.854	104.09	4.60	-42.04	-40.673	16.507	-71.193	-0.57318	-0.75153	0.24139	0.21976	26.4	null	null	13113	75
2026-05-27T16:40:02.083	WT901BLE68(F3:F0:16:BF:DC:AE)	-0.194	0.980	-0.135	-7.385	-19.226	1.953	103.50	5.20	-43.18	-40.673	16.507	-71.193	-0.57318	-0.75153	0.24139	0.21976	26.4	null	null	13113	75
2026-05-27T16:40:02.173	WT901BLE68(F3:F0:16:BF:DC:AE)	-0.102	1.011	-0.206	-5.432	14.832	5.371	102.63	5.24	-43.74	-40.673	16.507	-71.193	-0.57318	-0.75153	0.24139	0.21976	26.4	null	null	13113	75
2026-05-27T16:40:02.293	WT901BLE68(F3:F0:16:BF:DC:AE)	-0.137	0.910	-0.286	5.127	-4.395	9.338	102.56	4.16	-42.51	-40.673	16.507	-71.193	-0.57318	-0.75153	0.24139	0.21976	26.4	null	null	13113	75
2026-05-27T16:40:02.383	WT901BLE68(F3:F0:16:BF:DC:AE)	-0.137	1.000	-0.232	8.972	5.798	7.690	103.63	3.52	-42.41	-40.673	16.507	-71.193	-0.57318	-0.75153	0.24139	0.21976	26.4	null	null	13113	75
2026-05-27T16:40:02.501	WT901BLE68(F3:F0:16:BF:DC:AE)	-0.041	0.984	-0.234	1.831	31.067	17.700	104.37	1.88	-40.74	-40.673	16.507	-71.193	-0.57318	-0.75153	0.24139	0.21976	26.4	null	null	13113	75
2026-05-27T16:40:02.560	WT901BLE68(F3:F0:16:BF:DC:AE)	-0.079	1.037	-0.267	-1.587	10.986	16.663	103.94	-0.12	-39.37	-50.293	18.987	-66.153	-0.57318	-0.75153	0.24139	0.21976	26.4	null	null	13113	75
2026-05-27T16:40:02.686	WT901BLE68(F3:F0:16:BF:DC:AE)	-0.087	0.985	-0.206	-7.629	-22.339	21.484	103.30	-1.53	-39.91	-50.293	18.987	-66.153	-0.57318	-0.75153	0.24139	0.21976	26.4	null	null	13113	75
2026-05-27T16:40:02.772	WT901BLE68(F3:F0:16:BF:DC:AE)	0.193	0.962	-0.259	-14.282	-60.547	21.118	102.21	-2.34	-45.32	-50.293	18.987	-66.153	-0.58774	-0.72321	0.29358	0.21277	26.4	null	null	13113	75
2026-05-27T16:40:02.894	WT901BLE68(F3:F0:16:BF:DC:AE)	0.312	0.991	-0.212	-4.578	-2.319	17.761	101.56	-3.28	-48.32	-50.293	18.987	-66.153	-0.58774	-0.72321	0.29358	0.21277	26.4	null	null	13113	75
2026-05-27T16:40:02.990	WT901BLE68(F3:F0:16:BF:DC:AE)	0.023	0.992	-0.133	-1.038	-7.690	13.245	101.44	-5.31	-49.43	-50.293	18.987	-66.153	-0.58774	-0.72321	0.29358	0.21277	26.4	null	null	13113	75
2026-05-27T16:40:03.102	WT901BLE68(F3:F0:16:BF:DC:AE)	0.001	0.987	-0.211	-10.376	-18.982	4.639	100.93	-5.91	-50.18	-50.293	18.987	-66.153	-0.58774	-0.72321	0.29358	0.21277	26.4	null	null	13113	75
2026-05-27T16:40:03.193	WT901BLE68(F3:F0:16:BF:DC:AE)	0.344	0.968	-0.216	-7.813	-36.255	7.690	100.50	-5.56	-53.92	-50.293	18.987	-66.153	-0.58774	-0.72321	0.29358	0.21277	26.4	null	null	13113	75
2026-05-27T16:40:03.312	WT901BLE68(F3:F0:16:BF:DC:AE)	0.113	0.966	-0.166	-3.052	-19.653	5.798	100.24	-6.11	-55.74	-50.293	18.987	-66.153	-0.58774	-0.72321	0.29358	0.21277	26.4	null	null	13113	75
2026-05-27T16:40:03.371	WT901BLE68(F3:F0:16:BF:DC:AE)	0.227	0.965	-0.138	1.709	8.057	-0.793	100.30	-6.43	-56.26	-50.293	18.987	-66.153	-0.58774	-0.72321	0.29358	0.21277	26.4	null	null	13113	75
2026-05-27T16:40:03.494	WT901BLE68(F3:F0:16:BF:DC:AE)	0.150	0.968	-0.152	8.972	34.546	-6.653	100.53	-6.73	-53.42	-50.293	18.987	-66.153	-0.58774	-0.72321	0.29358	0.21277	26.4	null	null	13113	75
2026-05-27T16:40:03.584	WT901BLE68(F3:F0:16:BF:DC:AE)	0.150	0.958	-0.251	11.414	43.396	-10.437	100.90	-6.80	-48.93	-50.933	25.113	-57.747	-0.58774	-0.72321	0.29358	0.21277	26.4	null	null	13113	75
2026-05-27T16:40:03.699	WT901BLE68(F3:F0:16:BF:DC:AE)	0.167	0.938	-0.320	23.132	48.462	-14.771	102.02	-6.60	-43.96	-50.933	25.113	-57.747	-0.59949	-0.69562	0.33746	0.20673	26.4	null	null	13113	75
2026-05-27T16:40:03.793	WT901BLE68(F3:F0:16:BF:DC:AE)	0.109	0.883	-0.427	57.434	27.100	-15.503	105.47	-6.26	-39.54	-50.933	25.113	-57.747	-0.59949	-0.69562	0.33746	0.20673	26.4	null	null	13113	75
2026-05-27T16:40:03.917	WT901BLE68(F3:F0:16:BF:DC:AE)	0.020	0.852	-0.375	64.941	40.771	-22.095	112.74	-5.64	-37.10	-50.933	25.113	-57.747	-0.59949	-0.69562	0.33746	0.20673	26.4	null	null	13113	75
2026-05-27T16:40:03.972	WT901BLE68(F3:F0:16:BF:DC:AE)	-0.022	1.193	-0.105	-26.855	-11.475	-18.188	113.86	-4.11	-34.12	-50.933	25.113	-57.747	-0.59949	-0.69562	0.33746	0.20673	26.4	null	null	13113	75
2026-05-27T16:40:04.095	WT901BLE68(F3:F0:16:BF:DC:AE)	0.070	0.904	-0.383	-30.212	-1.221	-23.071	110.69	-2.01	-35.86	-50.933	25.113	-57.747	-0.59949	-0.69562	0.33746	0.20673	26.4	null	null	13113	75
2026-05-27T16:40:04.184	WT901BLE68(F3:F0:16:BF:DC:AE)	0.002	0.923	-0.343	-11.108	6.592	-21.484	108.89	-0.12	-33.38	-50.933	25.113	-57.747	-0.59949	-0.69562	0.33746	0.20673	26.4	null	null	13113	75
2026-05-27T16:40:04.301	WT901BLE68(F3:F0:16:BF:DC:AE)	-0.125	0.996	-0.241	-11.963	-20.020	-12.146	107.78	1.81	-34.24	-50.933	25.113	-57.747	-0.59949	-0.69562	0.33746	0.20673	26.4	null	null	13113	75
2026-05-27T16:40:04.391	WT901BLE68(F3:F0:16:BF:DC:AE)	-0.145	0.988	-0.294	-18.616	-17.273	-11.353	106.16	3.51	-35.65	-50.600	14.933	-68.920	-0.59949	-0.69562	0.33746	0.20673	26.4	null	null	13113	75
2026-05-27T16:40:04.516	WT901BLE68(F3:F0:16:BF:DC:AE)	-0.133	0.926	-0.332	-18.494	-20.569	-5.859	104.11	5.01	-37.27	-50.600	14.933	-68.920	-0.59949	-0.69562	0.33746	0.20673	26.4	null	null	13113	75
2026-05-27T16:40:04.600	WT901BLE68(F3:F0:16:BF:DC:AE)	-0.044	0.916	-0.299	-9.949	-2.441	-5.554	102.80	5.94	-38.77	-50.600	14.933	-68.920	-0.57294	-0.74985	0.22836	0.23911	26.4	null	null	13113	75
2026-05-27T16:40:04.723	WT901BLE68(F3:F0:16:BF:DC:AE)	-0.144	0.926	-0.283	0.977	-5.615	0.488	102.72	6.14	-38.89	-50.600	14.933	-68.920	-0.57294	-0.74985	0.22836	0.23911	26.4	null	null	13113	75
2026-05-27T16:40:04.785	WT901BLE68(F3:F0:16:BF:DC:AE)	-0.159	0.969	-0.182	4.578	-14.221	9.033	103.19	5.96	-40.23	-50.600	14.933	-68.920	-0.57294	-0.74985	0.22836	0.23911	26.4	null	null	13113	75
2026-05-27T16:40:04.903	WT901BLE68(F3:F0:16:BF:DC:AE)	-0.190	0.997	-0.234	9.949	-9.155	10.498	103.49	5.53	-41.52	-50.600	14.933	-68.920	-0.57294	-0.74985	0.22836	0.23911	26.4	null	null	13113	75
2026-05-27T16:40:04.993	WT901BLE68(F3:F0:16:BF:DC:AE)	-0.077	0.995	-0.243	10.010	31.067	11.963	104.06	4.42	-41.22	-50.600	14.933	-68.920	-0.57294	-0.74985	0.22836	0.23911	26.4	null	null	13113	75
2026-05-27T16:40:05.114	WT901BLE68(F3:F0:16:BF:DC:AE)	-0.085	1.000	-0.238	9.583	34.729	8.911	104.80	2.85	-38.40	-50.600	14.933	-68.920	-0.57294	-0.74985	0.22836	0.23911	26.4	null	null	13113	75
2026-05-27T16:40:05.203	WT901BLE68(F3:F0:16:BF:DC:AE)	-0.107	0.996	-0.197	1.648	45.715	8.789	105.19	1.12	-34.57	-50.600	14.933	-68.920	-0.57294	-0.74985	0.22836	0.23911	26.4	null	null	13113	75
2026-05-27T16:40:05.322	WT901BLE68(F3:F0:16:BF:DC:AE)	0.020	0.957	-0.320	3.479	-7.751	20.508	105.30	-0.44	-33.28	-46.320	17.500	-68.380	-0.57294	-0.74985	0.22836	0.23911	26.4	null	null	13113	75
2026-05-27T16:40:05.379	WT901BLE68(F3:F0:16:BF:DC:AE)	0.049	0.926	-0.305	10.864	32.104	13.184	105.92	-2.48	-32.73	-46.320	17.500	-68.380	-0.57294	-0.74985	0.22836	0.23911	26.4	null	null	13113	75
2026-05-27T16:40:05.505	WT901BLE68(F3:F0:16:BF:DC:AE)	0.134	0.980	-0.223	5.005	16.052	11.475	106.65	-4.28	-31.32	-46.320	17.500	-68.380	-0.57294	-0.74985	0.22836	0.23911	26.4	null	null	13113	75
2026-05-27T16:40:05.588	WT901BLE68(F3:F0:16:BF:DC:AE)	0.192	0.956	-0.248	1.892	19.775	5.066	106.62	-5.65	-29.77	-46.320	17.500	-68.380	-0.58359	-0.76605	0.23740	0.12692	26.4	null	null	13113	75
2026-05-27T16:40:05.715	WT901BLE68(F3:F0:16:BF:DC:AE)	0.172	0.936	-0.315	11.780	15.747	1.404	107.01	-6.63	-28.33	-46.320	17.500	-68.380	-0.58359	-0.76605	0.23740	0.12692	26.4	null	null	13113	75
2026-05-27T16:40:05.803	WT901BLE68(F3:F0:16:BF:DC:AE)	0.091	0.978	-0.238	2.258	-0.122	1.587	107.60	-7.13	-27.71	-46.320	17.500	-68.380	-0.58359	-0.76605	0.23740	0.12692	26.4	null	null	13113	75
2026-05-27T16:40:05.924	WT901BLE68(F3:F0:16:BF:DC:AE)	0.164	0.925	-0.348	-5.554	2.686	-3.601	107.00	-7.04	-27.74	-46.320	17.500	-68.380	-0.58359	-0.76605	0.23740	0.12692	26.4	null	null	13113	75
2026-05-27T16:40:06.015	WT901BLE68(F3:F0:16:BF:DC:AE)	0.183	0.931	-0.317	2.625	11.780	-9.827	106.96	-6.70	-27.13	-46.320	17.500	-68.380	-0.58359	-0.76605	0.23740	0.12692	26.4	null	null	13113	75
2026-05-27T16:40:06.132	WT901BLE68(F3:F0:16:BF:DC:AE)	0.164	0.941	-0.305	12.024	7.629	-13.062	107.75	-6.10	-25.84	-46.320	17.500	-68.380	-0.58359	-0.76605	0.23740	0.12692	26.4	null	null	13113	75
2026-05-27T16:40:06.191	WT901BLE68(F3:F0:16:BF:DC:AE)	0.067	0.952	-0.287	0.366	-15.930	-9.521	108.49	-5.04	-26.12	-34.740	15.367	-72.200	-0.58359	-0.76605	0.23740	0.12692	26.4	null	null	13113	75
2026-05-27T16:40:06.315	WT901BLE68(F3:F0:16:BF:DC:AE)	0.046	0.954	-0.292	-4.517	-38.574	-8.484	108.18	-3.35	-28.80	-34.740	15.367	-72.200	-0.58359	-0.76605	0.23740	0.12692	26.4	null	null	13113	75
2026-05-27T16:40:06.400	WT901BLE68(F3:F0:16:BF:DC:AE)	-0.008	0.988	-0.232	-11.658	-53.284	-6.775	107.40	-1.21	-33.31	-34.740	15.367	-72.200	-0.57077	-0.77444	0.22968	0.14685	26.4	null	null	13113	75
2026-05-27T16:40:06.522	WT901BLE68(F3:F0:16:BF:DC:AE)	0.001	0.957	-0.274	-10.864	-51.270	-10.681	106.15	1.04	-37.94	-34.740	15.367	-72.200	-0.57077	-0.77444	0.22968	0.14685	26.4	null	null	13113	75
2026-05-27T16:40:06.614	WT901BLE68(F3:F0:16:BF:DC:AE)	-0.092	0.991	-0.234	-13.000	-46.936	-8.911	104.65	3.37	-42.78	-34.740	15.367	-72.200	-0.57077	-0.77444	0.22968	0.14685	26.4	null	null	13113	75
2026-05-27T16:40:06.735	WT901BLE68(F3:F0:16:BF:DC:AE)	-0.147	0.941	-0.307	-9.888	-19.226	-1.709	103.45	4.31	-45.49	-34.740	15.367	-72.200	-0.57077	-0.77444	0.22968	0.14685	26.4	null	null	13113	75
2026-05-27T16:40:06.792	WT901BLE68(F3:F0:16:BF:DC:AE)	-0.107	0.946	-0.233	5.859	-11.230	-0.122	103.58	4.99	-46.43	-34.740	15.367	-72.200	-0.57077	-0.77444	0.22968	0.14685	26.4	null	null	13113	75
2026-05-27T16:40:06.914	WT901BLE68(F3:F0:16:BF:DC:AE)	-0.179	1.011	-0.144	-1.648	19.714	-3.479	104.61	4.97	-45.89	-34.740	15.367	-72.200	-0.57077	-0.77444	0.22968	0.14685	26.4	null	null	13113	75
2026-05-27T16:40:07.004	WT901BLE68(F3:F0:16:BF:DC:AE)	-0.073	0.957	-0.264	3.601	16.296	3.296	105.07	4.19	-43.07	-34.740	15.367	-72.200	-0.57077	-0.77444	0.22968	0.14685	26.4	null	null	13113	75
2026-05-27T16:40:07.123	WT901BLE68(F3:F0:16:BF:DC:AE)	-0.154	0.937	-0.297	3.174	26.245	6.470	105.47	3.25	-40.36	-54.413	16.593	-65.340	-0.57077	-0.77444	0.22968	0.14685	26.4	null	null	13113	75
2026-05-27T16:40:07.213	WT901BLE68(F3:F0:16:BF:DC:AE)	-0.125	0.998	-0.243	-0.732	9.888	10.803	105.64	2.20	-39.21	-54.413	16.593	-65.340	-0.57077	-0.77444	0.22968	0.14685	26.4	null	null	13113	75
2026-05-27T16:40:07.329	WT901BLE68(F3:F0:16:BF:DC:AE)	0.007	0.966	-0.253	-3.540	9.094	15.625	105.23	0.91	-38.19	-54.413	16.593	-65.340	-0.56866	-0.75354	0.25455	0.20953	26.4	null	null	13113	75
2026-05-27T16:40:07.422	WT901BLE68(F3:F0:16:BF:DC:AE)	0.018	0.979	-0.249	-6.104	-0.366	17.395	104.69	-0.66	-38.00	-54.413	16.593	-65.340	-0.56866	-0.75354	0.25455	0.20953	26.4	null	null	13113	75
2026-05-27T16:40:07.544	WT901BLE68(F3:F0:16:BF:DC:AE)	0.033	0.966	-0.247	-11.597	-26.428	21.240	103.87	-2.11	-39.39	-54.413	16.593	-65.340	-0.56866	-0.75354	0.25455	0.20953	26.4	null	null	13113	75
2026-05-27T16:40:07.599	WT901BLE68(F3:F0:16:BF:DC:AE)	0.137	0.954	-0.235	-8.972	-19.226	17.456	102.92	-3.39	-42.27	-54.413	16.593	-65.340	-0.56866	-0.75354	0.25455	0.20953	26.4	null	null	13113	75
2026-05-27T16:40:07.725	WT901BLE68(F3:F0:16:BF:DC:AE)	0.145	0.967	-0.228	-5.920	-20.081	13.489	102.44	-4.59	-43.99	-54.413	16.593	-65.340	-0.56866	-0.75354	0.25455	0.20953	26.4	null	null	13113	75
2026-05-27T16:40:07.812	WT901BLE68(F3:F0:16:BF:DC:AE)	0.178	0.966	-0.199	-4.822	-5.737	8.972	102.19	-5.55	-45.57	-54.413	16.593	-65.340	-0.56866	-0.75354	0.25455	0.20953	26.4	null	null	13113	75
2026-05-27T16:40:07.931	WT901BLE68(F3:F0:16:BF:DC:AE)	0.093	0.980	-0.211	-7.324	-25.146	9.460	101.72	-6.28	-46.81	-54.413	16.593	-65.340	-0.56866	-0.75354	0.25455	0.20953	26.4	null	null	13113	75
2026-05-27T16:40:08.022	WT901BLE68(F3:F0:16:BF:DC:AE)	0.121	0.991	-0.138	-10.132	-25.757	5.615	101.33	-6.56	-49.65	-48.420	23.640	-61.887	-0.56866	-0.75354	0.25455	0.20953	26.4	null	null	13113	75
2026-05-27T16:40:08.147	WT901BLE68(F3:F0:16:BF:DC:AE)	0.188	0.959	-0.195	-24.597	-3.540	-1.953	99.72	-6.49	-51.20	-48.420	23.640	-61.887	-0.56866	-0.75354	0.25455	0.20953	26.4	null	null	13113	75
2026-05-27T16:40:08.200	WT901BLE68(F3:F0:16:BF:DC:AE)	0.065	0.983	-0.182	-15.198	3.357	-1.465	97.61	-6.42	-50.09	-48.420	23.640	-61.887	-0.60715	-0.66797	0.35690	0.24011	26.4	null	null	13113	75
2026-05-27T16:40:08.325	WT901BLE68(F3:F0:16:BF:DC:AE)	0.208	0.956	-0.167	2.563	13.428	-2.197	96.92	-6.37	-49.77	-48.420	23.640	-61.887	-0.60715	-0.66797	0.35690	0.24011	26.4	null	null	13113	75
2026-05-27T16:40:08.412	WT901BLE68(F3:F0:16:BF:DC:AE)	0.165	0.977	-0.088	15.137	21.545	-3.601	97.70	-6.46	-47.44	-48.420	23.640	-61.887	-0.60715	-0.66797	0.35690	0.24011	26.4	null	null	13113	75
2026-05-27T16:40:08.534	WT901BLE68(F3:F0:16:BF:DC:AE)	0.133	0.982	-0.146	21.729	33.142	-7.813	99.18	-6.43	-44.45	-48.420	23.640	-61.887	-0.60715	-0.66797	0.35690	0.24011	26.4	null	null	13113	75
2026-05-27T16:40:08.621	WT901BLE68(F3:F0:16:BF:DC:AE)	0.130	0.984	-0.170	23.987	26.855	-10.437	101.02	-6.18	-41.24	-48.420	23.640	-61.887	-0.60715	-0.66797	0.35690	0.24011	26.4	null	null	13113	75
2026-05-27T16:40:08.746	WT901BLE68(F3:F0:16:BF:DC:AE)	0.117	0.965	-0.230	18.799	36.255	-15.015	102.69	-5.72	-37.89	-48.420	23.640	-61.887	-0.60715	-0.66797	0.35690	0.24011	26.4	null	null	13113	75
2026-05-27T16:40:08.831	WT901BLE68(F3:F0:16:BF:DC:AE)	0.158	0.935	-0.296	24.780	35.461	-19.775	104.40	-5.02	-34.28	-48.420	23.640	-61.887	-0.60715	-0.66797	0.35690	0.24011	26.4	null	null	13113	75
2026-05-27T16:40:08.951	WT901BLE68(F3:F0:16:BF:DC:AE)	0.104	1.000	-0.244	34.912	18.311	-22.156	107.39	-3.83	-31.20	-42.947	18.420	-69.153	-0.60715	-0.66797	0.35690	0.24011	26.4	null	null	13113	75
2026-05-27T16:40:09.011	WT901BLE68(F3:F0:16:BF:DC:AE)	0.020	0.968	-0.286	11.719	22.400	-24.292	109.17	-2.32	-28.42	-42.947	18.420	-69.153	-0.60715	-0.66797	0.35690	0.24011	26.4	null	null	13113	75
2026-05-27T16:40:09.134	WT901BLE68(F3:F0:16:BF:DC:AE)	-0.057	0.972	-0.310	2.258	8.728	-19.714	109.34	-0.76	-26.22	-42.947	18.420	-69.153	-0.56461	-0.79099	0.19998	0.12445	26.4	null	null	13113	75
2026-05-27T16:40:09.222	WT901BLE68(F3:F0:16:BF:DC:AE)	-0.121	0.953	-0.364	-4.028	-28.076	-10.864	109.15	0.91	-26.55	-42.947	18.420	-69.153	-0.56461	-0.79099	0.19998	0.12445	26.4	null	null	13113	75
2026-05-27T16:40:09.344	WT901BLE68(F3:F0:16:BF:DC:AE)	-0.139	1.003	-0.266	-12.451	-14.160	-5.005	108.36	3.16	-30.88	-42.947	18.420	-69.153	-0.56461	-0.79099	0.19998	0.12445	26.4	null	null	13113	75
2026-05-27T16:40:09.432	WT901BLE68(F3:F0:16:BF:DC:AE)	-0.099	0.919	-0.427	-9.644	-35.950	-1.404	106.83	4.14	-32.62	-42.947	18.420	-69.153	-0.56461	-0.79099	0.19998	0.12445	26.4	null	null	13113	75
2026-05-27T16:40:09.552	WT901BLE68(F3:F0:16:BF:DC:AE)	-0.138	0.951	-0.335	-7.202	-24.536	-0.305	106.24	5.02	-35.62	-42.947	18.420	-69.153	-0.56461	-0.79099	0.19998	0.12445	26.4	null	null	13113	75
2026-05-27T16:40:09.612	WT901BLE68(F3:F0:16:BF:DC:AE)	-0.159	0.957	-0.224	-7.690	-27.649	3.174	105.52	5.72	-38.61	-42.947	18.420	-69.153	-0.56461	-0.79099	0.19998	0.12445	26.4	null	null	13113	75
2026-05-27T16:40:09.733	WT901BLE68(F3:F0:16:BF:DC:AE)	-0.149	0.938	-0.256	-3.052	-10.010	4.700	104.88	5.81	-40.01	-42.947	18.420	-69.153	-0.56461	-0.79099	0.19998	0.12445	26.4	null	null	13113	75
2026-05-27T16:40:09.819	WT901BLE68(F3:F0:16:BF:DC:AE)	-0.114	0.925	-0.225	3.723	5.981	7.751	104.91	5.35	-40.63	-54.853	16.800	-65.680	-0.56461	-0.79099	0.19998	0.12445	26.4	null	null	13113	75
2026-05-27T16:40:09.943	WT901BLE68(F3:F0:16:BF:DC:AE)	-0.120	0.947	-0.266	8.850	14.587	11.414	105.84	4.19	-39.87	-54.853	16.800	-65.680	-0.56461	-0.79099	0.19998	0.12445	26.4	null	null	13113	75
2026-05-27T16:40:10.035	WT901BLE68(F3:F0:16:BF:DC:AE)	-0.084	1.072	-0.202	-0.610	51.453	2.136	106.52	2.78	-37.11	-54.853	16.800	-65.680	-0.55765	-0.76163	0.24756	0.21811	26.4	null	null	13113	75
2026-05-27T16:40:10.153	WT901BLE68(F3:F0:16:BF:DC:AE)	0.008	0.902	-0.430	-0.244	63.477	2.808	106.55	0.86	-31.27	-54.853	16.800	-65.680	-0.55765	-0.76163	0.24756	0.21811	26.4	null	null	13113	75
2026-05-27T16:40:10.243	WT901BLE68(F3:F0:16:BF:DC:AE)	-0.118	0.960	-0.353	3.296	36.926	11.597	107.13	-1.51	-25.33	-54.853	16.800	-65.680	-0.55765	-0.76163	0.24756	0.21811	26.4	null	null	13113	75
2026-05-27T16:40:10.365	WT901BLE68(F3:F0:16:BF:DC:AE)	0.110	0.960	-0.248	-1.587	11.658	15.686	107.12	-3.22	-25.01	-54.853	16.800	-65.680	-0.55765	-0.76163	0.24756	0.21811	26.4	null	null	13113	75
2026-05-27T16:40:10.424	WT901BLE68(F3:F0:16:BF:DC:AE)	0.102	0.958	-0.282	-0.366	7.019	11.719	106.89	-4.74	-24.28	-54.853	16.800	-65.680	-0.55765	-0.76163	0.24756	0.21811	26.4	null	null	13113	75
2026-05-27T16:40:10.542	WT901BLE68(F3:F0:16:BF:DC:AE)	0.164	0.920	-0.334	-0.122	-17.090	10.437	106.88	-5.55	-25.20	-54.853	16.800	-65.680	-0.55765	-0.76163	0.24756	0.21811	26.4	null	null	13113	75
2026-05-27T16:40:10.633	WT901BLE68(F3:F0:16:BF:DC:AE)	0.203	0.940	-0.303	3.418	-41.809	10.559	107.60	-5.72	-29.05	-54.853	16.800	-65.680	-0.55765	-0.76163	0.24756	0.21811	26.4	null	null	13113	75
2026-05-27T16:40:10.752	WT901BLE68(F3:F0:16:BF:DC:AE)	0.178	0.980	-0.223	-2.686	-45.471	5.554	108.29	-5.34	-34.06	-37.633	15.987	-71.347	-0.55765	-0.76163	0.24756	0.21811	26.4	null	null	13113	75
2026-05-27T16:40:10.844	WT901BLE68(F3:F0:16:BF:DC:AE)	0.191	0.932	-0.308	-8.362	-30.090	-5.859	107.67	-4.45	-37.39	-37.633	15.987	-71.347	-0.55765	-0.76163	0.24756	0.21811	26.4	null	null	13113	75
2026-05-27T16:40:10.961	WT901BLE68(F3:F0:16:BF:DC:AE)	0.152	0.939	-0.271	1.343	-16.357	-15.076	107.52	-3.14	-39.21	-37.633	15.987	-71.347	-0.56613	-0.75400	0.28519	0.17188	26.4	null	null	13113	75
2026-05-27T16:40:11.021	WT901BLE68(F3:F0:16:BF:DC:AE)	-0.015	0.957	-0.277	-7.996	-11.475	-23.071	107.12	-1.19	-39.54	-37.633	15.987	-71.347	-0.56613	-0.75400	0.28519	0.17188	26.4	null	null	13113	75
2026-05-27T16:40:11.143	WT901BLE68(F3:F0:16:BF:DC:AE)	-0.084	0.952	-0.288	-21.667	-21.790	-19.348	105.57	1.12	-40.43	-37.633	15.987	-71.347	-0.56613	-0.75400	0.28519	0.17188	26.4	null	null	13113	75
2026-05-27T16:40:11.233	WT901BLE68(F3:F0:16:BF:DC:AE)	-0.089	0.972	-0.264	-6.348	-18.738	-7.568	104.24	2.93	-42.13	-37.633	15.987	-71.347	-0.56613	-0.75400	0.28519	0.17188	26.4	null	null	13113	75
2026-05-27T16:40:11.353	WT901BLE68(F3:F0:16:BF:DC:AE)	-0.124	1.000	-0.191	-9.155	-21.118	-3.479	103.56	3.96	-43.83	-37.633	15.987	-71.347	-0.56613	-0.75400	0.28519	0.17188	26.4	null	null	13113	75
2026-05-27T16:40:11.444	WT901BLE68(F3:F0:16:BF:DC:AE)	-0.180	1.000	-0.181	-13.916	-12.146	-2.258	102.14	4.71	-45.18	-37.633	15.987	-71.347	-0.56613	-0.75400	0.28519	0.17188	26.4	null	null	13113	75
2026-05-27T16:40:11.562	WT901BLE68(F3:F0:16:BF:DC:AE)	-0.131	0.956	-0.256	-11.353	-8.667	2.869	100.72	4.93	-45.76	-37.633	15.987	-71.347	-0.56613	-0.75400	0.28519	0.17188	26.4	null	null	13113	75
2026-05-27T16:40:11.651	WT901BLE68(F3:F0:16:BF:DC:AE)	-0.145	0.936	-0.196	-0.793	-2.563	3.113	100.32	4.85	-46.23	-57.487	20.000	-60.760	-0.56613	-0.75400	0.28519	0.17188	26.4	null	null	13113	75
2026-05-27T16:40:11.774	WT901BLE68(F3:F0:16:BF:DC:AE)	-0.156	0.997	-0.084	3.113	-3.113	5.737	100.45	4.71	-46.16	-57.487	20.000	-60.760	-0.56613	-0.75400	0.28519	0.17188	26.4	null	null	13113	75
2026-05-27T16:40:11.829	WT901BLE68(F3:F0:16:BF:DC:AE)	-0.104	1.075	-0.053	-7.629	18.677	0.305	100.18	4.37	-44.77	-57.487	20.000	-60.760	-0.57645	-0.71841	0.27505	0.27530	26.4	null	null	13113	75
2026-05-27T16:40:11.959	WT901BLE68(F3:F0:16:BF:DC:AE)	-0.056	0.979	-0.159	-6.348	45.044	16.296	99.82	2.36	-40.53	-57.487	20.000	-60.760	-0.57645	-0.71841	0.27505	0.27530	26.4	null	null	13113	75
2026-05-27T16:40:12.040	WT901BLE68(F3:F0:16:BF:DC:AE)	-0.042	0.949	-0.275	-9.155	8.240	13.672	98.61	1.07	-37.38	-57.487	20.000	-60.760	-0.57645	-0.71841	0.27505	0.27530	26.4	null	null	13113	75
2026-05-27T16:40:12.162	WT901BLE68(F3:F0:16:BF:DC:AE)	0.148	0.969	-0.237	2.869	28.076	19.104	98.83	-0.94	-36.40	-57.487	20.000	-60.760	-0.57645	-0.71841	0.27505	0.27530	26.4	null	null	13113	75
2026-05-27T16:40:12.254	WT901BLE68(F3:F0:16:BF:DC:AE)	-0.040	1.003	-0.103	0.183	-3.723	21.057	99.22	-3.20	-35.07	-57.487	20.000	-60.760	-0.57645	-0.71841	0.27505	0.27530	26.4	null	null	13113	75
2026-05-27T16:40:12.373	WT901BLE68(F3:F0:16:BF:DC:AE)	0.226	0.980	-0.181	-6.348	-42.175	23.438	98.96	-4.86	-39.31	-57.487	20.000	-60.760	-0.57645	-0.71841	0.27505	0.27530	26.4	null	null	13113	75
2026-05-27T16:40:12.432	WT901BLE68(F3:F0:16:BF:DC:AE)	0.112	0.972	-0.169	1.465	-22.705	13.306	99.21	-6.31	-41.82	-57.487	20.000	-60.760	-0.57645	-0.71841	0.27505	0.27530	26.4	null	null	13113	75
2026-05-27T16:40:12.550	WT901BLE68(F3:F0:16:BF:DC:AE)	0.215	0.989	-0.103	-8.118	-38.147	8.057	99.23	-6.93	-45.77	-44.447	24.507	-62.240	-0.57645	-0.71841	0.27505	0.27530	26.4	null	null	13113	75
2026-05-27T16:40:12.643	WT901BLE68(F3:F0:16:BF:DC:AE)	0.216	0.992	-0.125	-9.705	-10.559	0.793	98.60	-7.13	-47.75	-44.447	24.507	-62.240	-0.57645	-0.71841	0.27505	0.27530	26.4	null	null	13113	75
2026-05-27T16:40:12.759	WT901BLE68(F3:F0:16:BF:DC:AE)	0.128	1.019	-0.080	-19.104	-13.123	3.601	97.33	-7.40	-48.71	-44.447	24.507	-62.240	-0.61682	-0.67133	0.34506	0.22287	26.4	null	null	13113	75
2026-05-27T16:40:12.854	WT901BLE68(F3:F0:16:BF:DC:AE)	0.045	0.975	-0.217	-14.038	-13.367	-0.977	95.68	-7.31	-49.63	-44.447	24.507	-62.240	-0.61682	-0.67133	0.34506	0.22287	26.4	null	null	13113	75
2026-05-27T16:40:12.975	WT901BLE68(F3:F0:16:BF:DC:AE)	0.232	0.981	-0.021	11.047	-19.104	5.127	96.27	-7.38	-51.97	-44.447	24.507	-62.240	-0.61682	-0.67133	0.34506	0.22287	26.4	null	null	13113	75
2026-05-27T16:40:13.061	WT901BLE68(F3:F0:16:BF:DC:AE)	0.187	1.000	-0.023	14.221	6.104	-1.404	97.73	-7.64	-52.42	-44.447	24.507	-62.240	-0.61682	-0.67133	0.34506	0.22287	26.4	null	null	13113	75
2026-05-27T16:40:13.182	WT901BLE68(F3:F0:16:BF:DC:AE)	0.211	0.966	-0.154	14.221	43.640	-12.085	98.43	-7.54	-49.56	-44.447	24.507	-62.240	-0.61682	-0.67133	0.34506	0.22287	26.4	null	null	13113	75
2026-05-27T16:40:13.242	WT901BLE68(F3:F0:16:BF:DC:AE)	0.153	0.974	-0.184	23.376	54.810	-16.846	99.51	-7.21	-43.95	-44.447	24.507	-62.240	-0.61682	-0.67133	0.34506	0.22287	26.4	null	null	13113	75
2026-05-27T16:40:13.366	WT901BLE68(F3:F0:16:BF:DC:AE)	0.165	0.965	-0.208	28.564	48.157	-20.447	101.45	-6.49	-38.61	-44.447	24.507	-62.240	-0.61682	-0.67133	0.34506	0.22287	26.4	null	null	13113	75
2026-05-27T16:40:13.450	WT901BLE68(F3:F0:16:BF:DC:AE)	0.088	0.982	-0.190	17.151	56.519	-27.222	103.26	-5.47	-33.21	-43.787	21.687	-65.667	-0.61682	-0.67133	0.34506	0.22287	26.4	null	null	13113	75
2026-05-27T16:40:13.571	WT901BLE68(F3:F0:16:BF:DC:AE)	0.034	0.962	-0.283	10.559	45.715	-28.809	103.84	-4.09	-27.45	-43.787	21.687	-65.667	-0.61682	-0.67133	0.34506	0.22287	26.4	null	null	13113	75
2026-05-27T16:40:13.663	WT901BLE68(F3:F0:16:BF:DC:AE)	-0.001	0.973	-0.262	9.888	-0.793	-19.775	104.73	-2.35	-24.93	-43.787	21.687	-65.667	-0.60400	-0.76483	0.19266	0.11404	26.4	null	null	13113	75
2026-05-27T16:40:13.782	WT901BLE68(F3:F0:16:BF:DC:AE)	-0.045	0.967	-0.278	7.446	-13.611	-15.198	105.62	-0.41	-25.33	-43.787	21.687	-65.667	-0.60400	-0.76483	0.19266	0.11404	26.4	null	null	13113	75
2026-05-27T16:40:13.842	WT901BLE68(F3:F0:16:BF:DC:AE)	0.017	0.992	-0.249	2.563	-24.902	-12.207	106.21	1.51	-27.34	-43.787	21.687	-65.667	-0.60400	-0.76483	0.19266	0.11404	26.4	null	null	13113	75
2026-05-27T16:40:13.968	WT901BLE68(F3:F0:16:BF:DC:AE)	-0.156	0.964	-0.336	-2.136	-20.264	-11.047	105.96	3.17	-28.42	-43.787	21.687	-65.667	-0.60400	-0.76483	0.19266	0.11404	26.4	null	null	13113	75
2026-05-27T16:40:14.052	WT901BLE68(F3:F0:16:BF:DC:AE)	-0.136	0.974	-0.226	-6.409	-1.465	-8.972	105.39	4.76	-30.26	-43.787	21.687	-65.667	-0.60400	-0.76483	0.19266	0.11404	26.4	null	null	13113	75
2026-05-27T16:40:14.174	WT901BLE68(F3:F0:16:BF:DC:AE)	-0.158	0.974	-0.304	-18.433	-23.804	-7.080	104.19	5.78	-30.66	-43.787	21.687	-65.667	-0.60400	-0.76483	0.19266	0.11404	26.4	null	null	13113	75
2026-05-27T16:40:14.263	WT901BLE68(F3:F0:16:BF:DC:AE)	-0.167	0.917	-0.331	-12.573	-22.522	-2.686	102.50	6.90	-33.16	-43.787	21.687	-65.667	-0.60400	-0.76483	0.19266	0.11404	26.4	null	null	13113	75
2026-05-27T16:40:14.379	WT901BLE68(F3:F0:16:BF:DC:AE)	-0.138	0.900	-0.253	5.432	-23.315	3.235	102.19	7.43	-35.91	-53.187	17.467	-66.633	-0.60400	-0.76483	0.19266	0.11404	26.4	null	null	13113	75
2026-05-27T16:40:14.474	WT901BLE68(F3:F0:16:BF:DC:AE)	-0.146	0.978	-0.174	10.620	-16.663	8.850	103.12	7.23	-38.28	-53.187	17.467	-66.633	-0.60400	-0.76483	0.19266	0.11404	26.4	null	null	13113	75
2026-05-27T16:40:14.594	WT901BLE68(F3:F0:16:BF:DC:AE)	-0.118	1.031	-0.210	4.028	23.926	8.057	103.91	6.54	-38.80	-53.187	17.467	-66.633	-0.56696	-0.75131	0.22507	0.25156	26.4	null	null	13113	75
2026-05-27T16:40:14.651	WT901BLE68(F3:F0:16:BF:DC:AE)	-0.219	0.967	-0.262	7.202	16.174	11.169	104.41	5.06	-37.07	-53.187	17.467	-66.633	-0.56696	-0.75131	0.22507	0.25156	26.4	null	null	13113	75
2026-05-27T16:40:14.772	WT901BLE68(F3:F0:16:BF:DC:AE)	-0.111	0.937	-0.218	5.432	16.113	16.357	105.05	3.80	-35.77	-53.187	17.467	-66.633	-0.56696	-0.75131	0.22507	0.25156	26.4	null	null	13113	75
2026-05-27T16:40:14.863	WT901BLE68(F3:F0:16:BF:DC:AE)	-0.059	1.001	-0.257	-1.282	16.663	19.043	105.73	1.61	-34.96	-53.187	17.467	-66.633	-0.56696	-0.75131	0.22507	0.25156	26.4	null	null	13113	75
2026-05-27T16:40:14.985	WT901BLE68(F3:F0:16:BF:DC:AE)	0.005	0.975	-0.200	0.610	14.954	17.517	106.18	-0.43	-34.04	-53.187	17.467	-66.633	-0.56696	-0.75131	0.22507	0.25156	26.4	null	null	13113	75
2026-05-27T16:40:15.072	WT901BLE68(F3:F0:16:BF:DC:AE)	0.052	0.908	-0.377	-1.770	-15.259	20.020	105.87	-2.21	-34.12	-53.187	17.467	-66.633	-0.56696	-0.75131	0.22507	0.25156	26.4	null	null	13113	75
2026-05-27T16:40:15.195	WT901BLE68(F3:F0:16:BF:DC:AE)	0.123	0.939	-0.319	2.075	-11.841	20.996	106.09	-3.80	-36.25	-53.187	17.467	-66.633	-0.56696	-0.75131	0.22507	0.25156	26.4	null	null	13113	75
2026-05-27T16:40:15.252	WT901BLE68(F3:F0:16:BF:DC:AE)	0.189	0.958	-0.181	2.502	10.254	13.000	106.68	-5.52	-37.25	-42.947	18.133	-68.273	-0.56696	-0.75131	0.22507	0.25156	26.4	null	null	13113	75
2026-05-27T16:40:15.374	WT901BLE68(F3:F0:16:BF:DC:AE)	0.179	0.932	-0.286	4.211	36.987	0.671	106.44	-7.09	-34.84	-42.947	18.133	-68.273	-0.56696	-0.75131	0.22507	0.25156	26.4	null	null	13113	75
2026-05-27T16:40:15.462	WT901BLE68(F3:F0:16:BF:DC:AE)	0.088	0.951	-0.292	0.000	45.044	-5.981	105.97	-8.14	-30.67	-42.947	18.133	-68.273	-0.58975	-0.75497	0.26239	0.11517	26.4	null	null	13113	75
2026-05-27T16:40:15.584	WT901BLE68(F3:F0:16:BF:DC:AE)	0.169	0.948	-0.253	-1.343	-5.188	3.357	105.81	-8.47	-29.47	-42.947	18.133	-68.273	-0.58975	-0.75497	0.26239	0.11517	26.4	null	null	13113	75
2026-05-27T16:40:15.674	WT901BLE68(F3:F0:16:BF:DC:AE)	0.182	0.944	-0.258	-5.615	-9.399	-0.244	105.57	-8.43	-30.31	-42.947	18.133	-68.273	-0.58975	-0.75497	0.26239	0.11517	26.4	null	null	13113	75
2026-05-27T16:40:15.795	WT901BLE68(F3:F0:16:BF:DC:AE)	0.201	0.960	-0.231	-9.277	-9.033	-4.944	104.98	-8.03	-31.61	-42.947	18.133	-68.273	-0.58975	-0.75497	0.26239	0.11517	26.4	null	null	13113	75
2026-05-27T16:40:15.884	WT901BLE68(F3:F0:16:BF:DC:AE)	0.153	0.963	-0.235	-12.878	-16.479	-8.423	103.95	-7.23	-32.70	-42.947	18.133	-68.273	-0.58975	-0.75497	0.26239	0.11517	26.4	null	null	13113	75
2026-05-27T16:40:16.008	WT901BLE68(F3:F0:16:BF:DC:AE)	0.125	0.956	-0.313	-15.930	-39.001	-7.446	102.67	-5.88	-35.18	-42.947	18.133	-68.273	-0.58975	-0.75497	0.26239	0.11517	26.4	null	null	13113	75
2026-05-27T16:40:16.062	WT901BLE68(F3:F0:16:BF:DC:AE)	0.128	0.957	-0.246	-13.306	-62.317	-4.395	101.98	-4.45	-40.72	-42.947	18.133	-68.273	-0.58975	-0.75497	0.26239	0.11517	26.4	null	null	13113	75
2026-05-27T16:40:16.179	WT901BLE68(F3:F0:16:BF:DC:AE)	0.020	0.991	-0.153	-15.991	-80.444	-6.348	101.07	-2.54	-47.54	-47.227	21.580	-64.120	-0.58975	-0.75497	0.26239	0.11517	26.4	null	null	13113	75
2026-05-27T16:40:16.272	WT901BLE68(F3:F0:16:BF:DC:AE)	-0.053	1.004	-0.090	-16.418	-69.946	-1.770	99.62	-0.79	-54.32	-47.227	21.580	-64.120	-0.58975	-0.75497	0.26239	0.11517	26.4	null	null	13113	75
2026-05-27T16:40:16.392	WT901BLE68(F3:F0:16:BF:DC:AE)	-0.033	1.031	-0.001	-14.160	-57.190	4.639	98.01	0.06	-60.61	-47.227	21.580	-64.120	-0.57004	-0.66330	0.36905	0.31430	26.4	null	null	13113	75
2026-05-27T16:40:16.481	WT901BLE68(F3:F0:16:BF:DC:AE)	-0.034	0.992	-0.009	-10.864	-20.691	5.615	96.60	0.03	-63.55	-47.227	21.580	-64.120	-0.57004	-0.66330	0.36905	0.31430	26.4	null	null	13113	75
2026-05-27T16:40:16.602	WT901BLE68(F3:F0:16:BF:DC:AE)	-0.041	1.013	-0.019	-0.671	13.794	0.488	95.38	-0.05	-62.81	-47.227	21.580	-64.120	-0.57004	-0.66330	0.36905	0.31430	26.4	null	null	13113	75
2026-05-27T16:40:16.666	WT901BLE68(F3:F0:16:BF:DC:AE)	-0.076	1.050	0.052	-13.550	13.977	1.709	94.80	-0.17	-60.02	-47.227	21.580	-64.120	-0.57004	-0.66330	0.36905	0.31430	26.4	null	null	13113	75
2026-05-27T16:40:16.785	WT901BLE68(F3:F0:16:BF:DC:AE)	0.139	0.953	-0.100	-4.395	41.260	-3.052	92.38	-0.03	-55.87	-47.227	21.580	-64.120	-0.57004	-0.66330	0.36905	0.31430	26.4	null	null	13113	75
2026-05-27T16:40:16.874	WT901BLE68(F3:F0:16:BF:DC:AE)	0.192	0.998	-0.183	7.202	39.490	8.057	92.42	-0.44	-50.78	-47.227	21.580	-64.120	-0.57004	-0.66330	0.36905	0.31430	26.4	null	null	13113	75
2026-05-27T16:40:16.991	WT901BLE68(F3:F0:16:BF:DC:AE)	-0.003	0.968	-0.149	11.230	44.861	8.240	93.76	-1.78	-45.66	-47.227	21.580	-64.120	-0.57004	-0.66330	0.36905	0.31430	26.4	null	null	13113	75
2026-05-27T16:40:17.088	WT901BLE68(F3:F0:16:BF:DC:AE)	0.214	0.979	-0.103	19.348	43.091	9.705	95.49	-3.41	-42.68	-51.127	26.807	-56.720	-0.57004	-0.66330	0.36905	0.31430	26.4	null	null	13113	75
2026-05-27T16:40:17.202	WT901BLE68(F3:F0:16:BF:DC:AE)	0.139	0.977	-0.129	22.095	53.711	3.479	97.11	-4.84	-37.34	-51.127	26.807	-56.720	-0.57004	-0.66330	0.36905	0.31430	26.4	null	null	13113	75
2026-05-27T16:40:17.259	WT901BLE68(F3:F0:16:BF:DC:AE)	0.072	0.979	-0.169	18.921	54.321	-4.272	98.51	-5.76	-31.81	-51.127	26.807	-56.720	-0.63690	-0.70990	0.25363	0.16101	26.4	null	null	13113	75
2026-05-27T16:40:17.417	WT901BLE68(F3:F0:16:BF:DC:AE)	0.169	0.970	-0.266	23.804	44.739	-5.432	100.16	-6.12	-27.75	-51.127	26.807	-56.720	-0.63690	-0.70990	0.25363	0.16101	26.4	null	null	13113	75
2026-05-27T16:40:17.473	WT901BLE68(F3:F0:16:BF:DC:AE)	0.213	0.940	-0.332	37.903	38.635	-6.714	102.99	-6.57	-24.22	-51.127	26.807	-56.720	-0.63690	-0.70990	0.25363	0.16101	26.4	null	null	13113	75
2026-05-27T16:40:17.595	WT901BLE68(F3:F0:16:BF:DC:AE)	0.062	0.929	-0.321	44.678	7.874	-13.550	107.05	-6.38	-21.68	-51.127	26.807	-56.720	-0.63690	-0.70990	0.25363	0.16101	26.4	null	null	13113	75
2026-05-27T16:40:17.684	WT901BLE68(F3:F0:16:BF:DC:AE)	-0.011	0.945	-0.284	40.527	-58.960	-6.104	111.51	-4.32	-24.63	-51.127	26.807	-56.720	-0.63690	-0.70990	0.25363	0.16101	26.4	null	null	13113	75
2026-05-27T16:40:17.806	WT901BLE68(F3:F0:16:BF:DC:AE)	-0.047	0.998	-0.301	-9.949	-36.804	-10.925	113.04	-1.61	-30.05	-51.127	26.807	-56.720	-0.63690	-0.70990	0.25363	0.16101	26.4	null	null	13113	75
2026-05-27T16:40:17.891	WT901BLE68(F3:F0:16:BF:DC:AE)	-0.080	0.936	-0.349	-26.428	-29.602	-10.742	110.89	0.87	-33.70	-51.127	26.807	-56.720	-0.63690	-0.70990	0.25363	0.16101	26.4	null	null	13113	75
2026-05-27T16:40:18.015	WT901BLE68(F3:F0:16:BF:DC:AE)	-0.075	0.941	-0.289	-20.813	-32.410	-12.573	108.83	3.11	-37.44	-47.147	11.867	-71.533	-0.63690	-0.70990	0.25363	0.16101	26.4	null	null	13113	75
2026-05-27T16:40:18.077	WT901BLE68(F3:F0:16:BF:DC:AE)	-0.146	0.981	-0.347	-13.855	-16.357	-10.254	106.97	4.95	-39.40	-47.147	11.867	-71.533	-0.63690	-0.70990	0.25363	0.16101	26.4	null	null	13113	75
2026-05-27T16:40:18.192	WT901BLE68(F3:F0:16:BF:DC:AE)	-0.133	0.926	-0.316	-14.709	-36.621	-1.892	105.50	6.38	-41.93	-47.147	11.867	-71.533	-0.54889	-0.76126	0.24695	0.24106	26.4	null	null	13113	75
2026-05-27T16:40:18.285	WT901BLE68(F3:F0:16:BF:DC:AE)	-0.145	0.924	-0.198	-1.770	6.897	-6.165	104.92	6.85	-42.56	-47.147	11.867	-71.533	-0.54889	-0.76126	0.24695	0.24106	26.4	null	null	13113	75
2026-05-27T16:40:18.434	WT901BLE68(F3:F0:16:BF:DC:AE)	-0.182	0.961	-0.239	1.038	-3.601	-0.610	105.05	7.30	-42.37	-47.147	11.867	-71.533	-0.54889	-0.76126	0.24695	0.24106	26.4	null	null	13113	75
2026-05-27T16:40:18.491	WT901BLE68(F3:F0:16:BF:DC:AE)	-0.137	0.951	-0.267	4.578	15.259	-1.770	105.27	7.44	-42.25	-47.147	11.867	-71.533	-0.54889	-0.76126	0.24695	0.24106	26.4	null	null	13113	75
2026-05-27T16:40:18.616	WT901BLE68(F3:F0:16:BF:DC:AE)	-0.189	0.941	-0.289	6.409	18.494	-2.808	106.20	7.19	-39.95	-47.147	11.867	-71.533	-0.54889	-0.76126	0.24695	0.24106	26.4	null	null	13113	75
2026-05-27T16:40:18.705	WT901BLE68(F3:F0:16:BF:DC:AE)	-0.194	0.921	-0.354	1.221	-0.244	7.568	106.77	6.73	-38.44	-47.147	11.867	-71.533	-0.54889	-0.76126	0.24695	0.24106	26.4	null	null	13113	75
2026-05-27T16:40:18.823	WT901BLE68(F3:F0:16:BF:DC:AE)	-0.111	0.908	-0.330	5.371	-11.292	15.930	107.35	5.86	-39.35	-47.147	11.867	-71.533	-0.54889	-0.76126	0.24695	0.24106	26.4	null	null	13113	75
2026-05-27T16:40:18.883	WT901BLE68(F3:F0:16:BF:DC:AE)	-0.082	0.983	-0.351	23.254	-5.249	19.958	108.70	4.42	-41.26	-53.793	14.140	-67.820	-0.54889	-0.76126	0.24695	0.24106	26.4	null	null	13113	75
2026-05-27T16:40:19.003	WT901BLE68(F3:F0:16:BF:DC:AE)	-0.087	0.985	-0.219	10.254	14.465	14.465	110.73	2.57	-40.30	-53.793	14.140	-67.820	-0.54889	-0.76126	0.24695	0.24106	26.4	null	null	13113	75
2026-05-27T16:40:19.092	WT901BLE68(F3:F0:16:BF:DC:AE)	-0.018	0.938	-0.385	14.282	7.690	18.799	111.45	0.81	-39.47	-53.793	14.140	-67.820	-0.52808	-0.77728	0.27213	0.20688	26.4	null	null	13113	75
2026-05-27T16:40:19.214	WT901BLE68(F3:F0:16:BF:DC:AE)	-0.005	0.934	-0.402	12.329	16.357	10.803	112.77	-0.93	-39.16	-53.793	14.140	-67.820	-0.52808	-0.77728	0.27213	0.20688	26.4	null	null	13113	75
2026-05-27T16:40:19.303	WT901BLE68(F3:F0:16:BF:DC:AE)	0.155	0.946	-0.367	-5.920	29.724	5.249	112.60	-2.48	-38.03	-53.793	14.140	-67.820	-0.52808	-0.77728	0.27213	0.20688	26.4	null	null	13113	75
2026-05-27T16:40:19.421	WT901BLE68(F3:F0:16:BF:DC:AE)	0.194	0.921	-0.392	-11.047	35.339	-2.808	111.51	-3.83	-34.62	-53.793	14.140	-67.820	-0.52808	-0.77728	0.27213	0.20688	26.4	null	null	13113	75
2026-05-27T16:40:19.482	WT901BLE68(F3:F0:16:BF:DC:AE)	0.163	0.908	-0.393	5.005	24.475	-3.479	111.15	-4.81	-31.76	-53.793	14.140	-67.820	-0.52808	-0.77728	0.27213	0.20688	26.4	null	null	13113	75
2026-05-27T16:40:19.607	WT901BLE68(F3:F0:16:BF:DC:AE)	0.142	0.909	-0.393	19.775	10.193	-4.761	112.24	-5.28	-29.76	-53.793	14.140	-67.820	-0.52808	-0.77728	0.27213	0.20688	26.4	null	null	13113	75
2026-05-27T16:40:19.696	WT901BLE68(F3:F0:16:BF:DC:AE)	0.116	0.941	-0.369	18.188	3.235	-7.751	114.26	-5.19	-28.80	-53.793	14.140	-67.820	-0.52808	-0.77728	0.27213	0.20688	26.4	null	null	13113	75
2026-05-27T16:40:19.846	WT901BLE68(F3:F0:16:BF:DC:AE)	0.121	0.874	-0.448	8.789	-13.672	-5.615	115.11	-4.52	-28.67	-37.160	9.533	-73.947	-0.52808	-0.77728	0.27213	0.20688	26.4	null	null	13113	75
2026-05-27T16:40:19.902	WT901BLE68(F3:F0:16:BF:DC:AE)	0.111	0.883	-0.429	2.563	-18.738	-4.822	116.18	-3.46	-30.12	-37.160	9.533	-73.947	-0.52808	-0.77728	0.27213	0.20688	26.4	null	null	13113	75
2026-05-27T16:40:20.019	WT901BLE68(F3:F0:16:BF:DC:AE)	0.024	0.942	-0.358	-17.761	-23.438	-10.254	115.22	-2.08	-31.30	-37.160	9.533	-73.947	-0.51764	-0.81311	0.23682	0.12137	26.4	null	null	13113	75
2026-05-27T16:40:20.114	WT901BLE68(F3:F0:16:BF:DC:AE)	-0.046	0.949	-0.332	-28.687	-40.833	-8.423	112.88	-0.01	-33.76	-37.160	9.533	-73.947	-0.51764	-0.81311	0.23682	0.12137	26.4	null	null	13113	75
2026-05-27T16:40:20.233	WT901BLE68(F3:F0:16:BF:DC:AE)	-0.059	0.933	-0.364	-24.536	-34.363	-7.507	110.03	2.14	-37.02	-37.160	9.533	-73.947	-0.51764	-0.81311	0.23682	0.12137	26.4	null	null	13113	75
2026-05-27T16:40:20.292	WT901BLE68(F3:F0:16:BF:DC:AE)	-0.090	0.940	-0.337	-13.000	-21.362	-3.784	108.12	3.51	-39.36	-37.160	9.533	-73.947	-0.51764	-0.81311	0.23682	0.12137	26.4	null	null	13113	75
2026-05-27T16:40:20.413	WT901BLE68(F3:F0:16:BF:DC:AE)	-0.126	0.925	-0.327	-8.118	-26.245	3.418	107.18	4.28	-41.47	-37.160	9.533	-73.947	-0.51764	-0.81311	0.23682	0.12137	26.4	null	null	13113	75
2026-05-27T16:40:20.501	WT901BLE68(F3:F0:16:BF:DC:AE)	-0.204	1.045	-0.281	-8.301	2.625	0.305	106.65	4.47	-43.57	-37.160	9.533	-73.947	-0.51764	-0.81311	0.23682	0.12137	26.4	null	null	13113	75
2026-05-27T16:40:20.623	WT901BLE68(F3:F0:16:BF:DC:AE)	-0.145	0.908	-0.191	-15.381	32.837	3.174	105.32	4.74	-41.23	-37.160	9.533	-73.947	-0.51764	-0.81311	0.23682	0.12137	26.4	null	null	13113	75
2026-05-27T16:40:20.712	WT901BLE68(F3:F0:16:BF:DC:AE)	-0.078	0.934	-0.191	-3.174	-4.700	10.559	104.66	4.08	-40.55	-54.100	16.373	-64.920	-0.51764	-0.81311	0.23682	0.12137	26.4	null	null	13113	75
2026-05-27T16:40:20.832	WT901BLE68(F3:F0:16:BF:DC:AE)	-0.140	1.118	-0.156	-7.935	53.162	10.681	103.39	3.43	-40.66	-54.100	16.373	-64.920	-0.51764	-0.81311	0.23682	0.12137	26.4	null	null	13113	75
2026-05-27T16:40:20.889	WT901BLE68(F3:F0:16:BF:DC:AE)	-0.051	0.930	-0.340	-15.930	11.963	10.010	101.83	1.79	-37.20	-54.100	16.373	-64.920	-0.58578	-0.74142	0.24261	0.21951	26.4	null	null	13113	75
2026-05-27T16:40:21.013	WT901BLE68(F3:F0:16:BF:DC:AE)	0.008	0.975	-0.226	-2.625	-1.465	19.775	101.32	0.38	-36.93	-54.100	16.373	-64.920	-0.58578	-0.74142	0.24261	0.21951	26.4	null	null	13113	75
2026-05-27T16:40:21.105	WT901BLE68(F3:F0:16:BF:DC:AE)	0.017	0.979	-0.173	1.038	-16.541	20.264	101.39	-1.38	-38.53	-54.100	16.373	-64.920	-0.58578	-0.74142	0.24261	0.21951	26.4	null	null	13113	75
2026-05-27T16:40:21.222	WT901BLE68(F3:F0:16:BF:DC:AE)	0.030	0.984	-0.160	-5.249	-38.635	23.254	101.23	-2.92	-41.22	-54.100	16.373	-64.920	-0.58578	-0.74142	0.24261	0.21951	26.4	null	null	13113	75
2026-05-27T16:40:21.312	WT901BLE68(F3:F0:16:BF:DC:AE)	0.125	0.989	-0.148	-10.498	-38.879	16.968	100.76	-4.11	-45.85	-54.100	16.373	-64.920	-0.58578	-0.74142	0.24261	0.21951	26.4	null	null	13113	75
2026-05-27T16:40:21.437	WT901BLE68(F3:F0:16:BF:DC:AE)	0.166	0.966	-0.214	-11.230	-29.114	12.207	99.85	-4.92	-49.47	-54.100	16.373	-64.920	-0.58578	-0.74142	0.24261	0.21951	26.4	null	null	13113	75
2026-05-27T16:40:21.521	WT901BLE68(F3:F0:16:BF:DC:AE)	0.169	0.982	-0.156	-9.705	-18.555	4.822	99.29	-5.47	-51.69	-54.100	16.373	-64.920	-0.58578	-0.74142	0.24261	0.21951	26.4	null	null	13113	75
2026-05-27T16:40:21.644	WT901BLE68(F3:F0:16:BF:DC:AE)	0.230	0.975	-0.137	-14.709	-12.634	4.639	98.39	-5.72	-52.75	-51.147	25.140	-57.447	-0.58578	-0.74142	0.24261	0.21951	26.4	null	null	13113	75
2026-05-27T16:40:21.703	WT901BLE68(F3:F0:16:BF:DC:AE)	0.028	0.972	-0.174	-8.850	-1.770	1.404	97.27	-6.30	-52.62	-51.147	25.140	-57.447	-0.58578	-0.74142	0.24261	0.21951	26.4	null	null	13113	75
2026-05-27T16:40:21.823	WT901BLE68(F3:F0:16:BF:DC:AE)	0.064	1.008	-0.026	0.000	-4.456	-0.244	97.16	-6.41	-53.10	-51.147	25.140	-57.447	-0.60989	-0.65372	0.36682	0.25693	26.4	null	null	13113	75
2026-05-27T16:40:21.911	WT901BLE68(F3:F0:16:BF:DC:AE)	0.201	0.969	-0.078	5.066	17.029	-6.714	97.12	-6.07	-52.27	-51.147	25.140	-57.447	-0.60989	-0.65372	0.36682	0.25693	26.4	null	null	13113	75
2026-05-27T16:40:22.039	WT901BLE68(F3:F0:16:BF:DC:AE)	0.174	0.983	-0.115	15.930	47.180	-10.681	97.78	-5.82	-48.26	-51.147	25.140	-57.447	-0.60989	-0.65372	0.36682	0.25693	26.4	null	null	13113	75
2026-05-27T16:40:22.124	WT901BLE68(F3:F0:16:BF:DC:AE)	0.137	0.975	-0.165	16.907	54.016	-15.381	98.81	-5.53	-42.93	-51.147	25.140	-57.447	-0.60989	-0.65372	0.36682	0.25693	26.4	null	null	13113	75
2026-05-27T16:40:22.244	WT901BLE68(F3:F0:16:BF:DC:AE)	0.145	0.953	-0.263	20.630	54.077	-18.372	100.13	-4.91	-37.41	-51.147	25.140	-57.447	-0.60989	-0.65372	0.36682	0.25693	26.4	null	null	13113	75
2026-05-27T16:40:22.302	WT901BLE68(F3:F0:16:BF:DC:AE)	0.137	0.947	-0.298	28.503	49.927	-18.433	102.40	-4.41	-32.31	-51.147	25.140	-57.447	-0.60989	-0.65372	0.36682	0.25693	26.4	null	null	13113	75
2026-05-27T16:40:22.423	WT901BLE68(F3:F0:16:BF:DC:AE)	0.049	0.958	-0.229	23.132	36.133	-24.597	105.05	-3.54	-28.22	-51.147	25.140	-57.447	-0.60989	-0.65372	0.36682	0.25693	26.4	null	null	13113	75
2026-05-27T16:40:22.511	WT901BLE68(F3:F0:16:BF:DC:AE)	-0.119	1.015	-0.167	5.859	22.949	-27.222	106.09	-1.93	-24.30	-41.207	18.187	-68.620	-0.60989	-0.65372	0.36682	0.25693	26.4	null	null	13113	75
2026-05-27T16:40:22.631	WT901BLE68(F3:F0:16:BF:DC:AE)	-0.089	0.974	-0.269	-4.883	-16.846	-15.015	105.78	0.16	-24.31	-41.207	18.187	-68.620	-0.60989	-0.65372	0.36682	0.25693	26.4	null	null	13113	75
2026-05-27T16:40:22.721	WT901BLE68(F3:F0:16:BF:DC:AE)	-0.052	0.932	-0.352	4.883	-20.508	-10.254	106.03	1.84	-26.11	-41.207	18.187	-68.620	-0.58801	-0.77921	0.16797	0.13696	26.4	null	null	13113	75
2026-05-27T16:40:22.846	WT901BLE68(F3:F0:16:BF:DC:AE)	-0.170	0.958	-0.297	-4.639	-50.110	-1.099	105.98	3.39	-29.62	-41.207	18.187	-68.620	-0.58801	-0.77921	0.16797	0.13696	26.4	null	null	13113	75
2026-05-27T16:40:22.931	WT901BLE68(F3:F0:16:BF:DC:AE)	-0.137	0.967	-0.225	-11.902	-38.818	-1.099	104.83	4.86	-35.02	-41.207	18.187	-68.620	-0.58801	-0.77921	0.16797	0.13696	26.4	null	null	13113	75
2026-05-27T16:40:23.057	WT901BLE68(F3:F0:16:BF:DC:AE)	-0.052	0.954	-0.356	-7.690	-19.287	2.014	103.93	5.69	-37.47	-41.207	18.187	-68.620	-0.58801	-0.77921	0.16797	0.13696	26.4	null	null	13113	75
2026-05-27T16:40:23.114	WT901BLE68(F3:F0:16:BF:DC:AE)	-0.162	0.951	-0.204	5.920	-11.597	7.324	103.96	5.65	-39.64	-41.207	18.187	-68.620	-0.58801	-0.77921	0.16797	0.13696	26.4	null	null	13113	75
2026-05-27T16:40:23.229	WT901BLE68(F3:F0:16:BF:DC:AE)	-0.144	1.000	-0.122	0.977	0.793	5.493	104.32	5.19	-40.06	-41.207	18.187	-68.620	-0.58801	-0.77921	0.16797	0.13696	26.4	null	null	13113	75
2026-05-27T16:40:23.317	WT901BLE68(F3:F0:16:BF:DC:AE)	-0.112	1.018	-0.076	-12.573	41.626	-1.465	103.96	4.72	-37.89	-41.207	18.187	-68.620	-0.58801	-0.77921	0.16797	0.13696	26.4	null	null	13113	75
2026-05-27T16:40:23.447	WT901BLE68(F3:F0:16:BF:DC:AE)	-0.012	0.945	-0.299	-20.752	43.335	3.662	102.55	3.59	-33.33	-50.833	17.807	-67.467	-0.58801	-0.77921	0.16797	0.13696	26.4	null	null	13113	75
2026-05-27T16:40:23.531	WT901BLE68(F3:F0:16:BF:DC:AE)	0.160	0.958	-0.405	5.859	22.034	11.169	102.23	1.93	-29.44	-50.833	17.807	-67.467	-0.58801	-0.77921	0.16797	0.13696	26.4	null	null	13113	75
2026-05-27T16:40:23.654	WT901BLE68(F3:F0:16:BF:DC:AE)	-0.161	0.944	-0.406	25.879	46.082	17.761	104.96	-1.04	-25.38	-50.833	17.807	-67.467	-0.60159	-0.76007	0.18640	0.15979	26.4	null	null	13113	75
2026-05-27T16:40:23.711	WT901BLE68(F3:F0:16:BF:DC:AE)	0.031	1.000	-0.109	28.015	-18.860	20.874	108.17	-2.66	-25.90	-50.833	17.807	-67.467	-0.60159	-0.76007	0.18640	0.15979	26.4	null	null	13113	75
2026-05-27T16:40:23.834	WT901BLE68(F3:F0:16:BF:DC:AE)	0.083	0.977	-0.228	-2.808	-21.545	16.113	108.80	-3.58	-28.92	-50.833	17.807	-67.467	-0.60159	-0.76007	0.18640	0.15979	26.4	null	null	13113	75
2026-05-27T16:40:23.921	WT901BLE68(F3:F0:16:BF:DC:AE)	0.145	0.929	-0.309	-13.550	-16.174	7.507	107.30	-4.13	-30.99	-50.833	17.807	-67.467	-0.60159	-0.76007	0.18640	0.15979	26.4	null	null	13113	75
2026-05-27T16:40:24.043	WT901BLE68(F3:F0:16:BF:DC:AE)	0.183	0.914	-0.369	-1.038	-27.893	4.578	106.66	-4.21	-33.51	-50.833	17.807	-67.467	-0.60159	-0.76007	0.18640	0.15979	26.4	null	null	13113	75
2026-05-27T16:40:24.134	WT901BLE68(F3:F0:16:BF:DC:AE)	0.146	0.948	-0.280	5.310	-29.724	-1.892	107.18	-3.74	-36.63	-50.833	17.807	-67.467	-0.60159	-0.76007	0.18640	0.15979	26.4	null	null	13113	75
2026-05-27T16:40:24.252	WT901BLE68(F3:F0:16:BF:DC:AE)	0.118	0.981	-0.222	-0.183	-21.790	-7.751	107.58	-2.80	-39.27	-50.833	17.807	-67.467	-0.60159	-0.76007	0.18640	0.15979	26.4	null	null	13113	75
2026-05-27T16:40:24.309	WT901BLE68(F3:F0:16:BF:DC:AE)	0.067	0.944	-0.287	-1.831	-16.785	-13.916	107.30	-1.51	-40.44	-45.233	15.880	-68.900	-0.60159	-0.76007	0.18640	0.15979	26.4	null	null	13113	75
2026-05-27T16:40:24.464	WT901BLE68(F3:F0:16:BF:DC:AE)	0.009	0.969	-0.270	-4.028	-12.695	-22.583	107.06	0.46	-41.43	-45.233	15.880	-68.900	-0.60159	-0.76007	0.18640	0.15979	26.4	null	null	13113	75
2026-05-27T16:40:24.521	WT901BLE68(F3:F0:16:BF:DC:AE)	-0.192	1.008	-0.225	-13.123	23.010	-16.296	106.22	2.15	-40.24	-45.233	15.880	-68.900	-0.55524	-0.75333	0.27383	0.22159	26.4	null	null	13113	75
2026-05-27T16:40:24.642	WT901BLE68(F3:F0:16:BF:DC:AE)	-0.059	0.962	-0.341	-7.874	-20.081	-5.249	105.02	3.41	-40.24	-45.233	15.880	-68.900	-0.55524	-0.75333	0.27383	0.22159	26.4	null	null	13113	75
2026-05-27T16:40:24.733	WT901BLE68(F3:F0:16:BF:DC:AE)	-0.069	0.928	-0.354	-1.648	-13.550	-5.432	104.51	4.46	-41.91	-45.233	15.880	-68.900	-0.55524	-0.75333	0.27383	0.22159	26.4	null	null	13113	75
2026-05-27T16:40:24.856	WT901BLE68(F3:F0:16:BF:DC:AE)	-0.193	0.948	-0.214	-3.113	-27.222	0.244	104.50	5.29	-43.31	-45.233	15.880	-68.900	-0.55524	-0.75333	0.27383	0.22159	26.4	null	null	13113	75
2026-05-27T16:40:24.942	WT901BLE68(F3:F0:16:BF:DC:AE)	-0.148	0.995	-0.186	-2.502	-15.747	5.981	104.22	5.61	-45.77	-45.233	15.880	-68.900	-0.55524	-0.75333	0.27383	0.22159	26.4	null	null	13113	75
2026-05-27T16:40:25.060	WT901BLE68(F3:F0:16:BF:DC:AE)	-0.137	0.935	-0.256	-0.366	-4.211	4.578	103.78	5.60	-46.43	-45.233	15.880	-68.900	-0.55524	-0.75333	0.27383	0.22159	26.4	null	null	13113	75
2026-05-27T16:40:25.123	WT901BLE68(F3:F0:16:BF:DC:AE)	-0.127	0.948	-0.247	3.906	-0.305	4.028	103.90	5.44	-46.69	-45.233	15.880	-68.900	-0.55524	-0.75333	0.27383	0.22159	26.4	null	null	13113	75
2026-05-27T16:40:25.243	WT901BLE68(F3:F0:16:BF:DC:AE)	-0.159	1.033	-0.213	11.536	17.029	7.690	104.50	4.77	-45.80	-45.233	15.880	-68.900	-0.55524	-0.75333	0.27383	0.22159	26.4	null	null	13113	75
2026-05-27T16:40:25.330	WT901BLE68(F3:F0:16:BF:DC:AE)	-0.097	0.917	-0.264	-3.601	38.330	13.306	105.07	3.10	-42.46	-45.233	15.880	-68.900	-0.55524	-0.75333	0.27383	0.22159	26.4	null	null	13113	75
2026-05-27T16:40:25.457	WT901BLE68(F3:F0:16:BF:DC:AE)	-0.020	1.002	-0.337	-5.432	17.944	12.695	104.58	1.25	-39.78	-45.233	15.880	-68.900	-0.55524	-0.75333	0.27383	0.22159	26.4	null	null	13113	75
2026-05-27T16:40:25.543	WT901BLE68(F3:F0:16:BF:DC:AE)	0.014	0.936	-0.353	-5.432	31.982	13.489	104.14	-0.61	-37.51	-45.233	15.880	-68.900	-0.55524	-0.75333	0.27383	0.22159	26.2	null	null	13113	75
2026-05-27T16:40:25.664	WT901BLE68(F3:F0:16:BF:DC:AE)	0.020	0.956	-0.237	-2.441	7.996	17.944	104.14	-2.60	-36.15	-45.233	15.880	-68.900	-0.55524	-0.75333	0.27383	0.22159	26.2	null	null	13113	75
2026-05-27T16:40:25.721	WT901BLE68(F3:F0:16:BF:DC:AE)	0.132	0.969	-0.191	-3.906	-2.808	16.846	104.04	-4.28	-37.15	-43.400	19.827	-67.367	-0.55524	-0.75333	0.27383	0.22159	26.2	null	null	13113	75
2026-05-27T16:40:25.872	WT901BLE68(F3:F0:16:BF:DC:AE)	0.100	0.973	-0.193	-4.272	-3.784	12.207	103.78	-5.65	-37.85	-43.400	19.827	-67.367	-0.55524	-0.75333	0.27383	0.22159	26.2	null	null	13113	75
2026-05-27T16:40:25.929	WT901BLE68(F3:F0:16:BF:DC:AE)	0.154	0.954	-0.214	-8.606	-24.963	13.123	103.22	-6.53	-39.69	-43.400	19.827	-67.367	-0.59723	-0.72845	0.29202	0.16516	26.2	null	null	13113	75
2026-05-27T16:40:26.055	WT901BLE68(F3:F0:16:BF:DC:AE)	0.157	0.946	-0.274	-6.470	-31.616	11.047	102.76	-7.15	-42.62	-43.400	19.827	-67.367	-0.59723	-0.72845	0.29202	0.16516	26.2	null	null	13113	75
2026-05-27T16:40:26.144	WT901BLE68(F3:F0:16:BF:DC:AE)	0.167	0.957	-0.231	-6.226	-31.128	9.766	102.69	-7.51	-45.84	-43.400	19.827	-67.367	-0.59723	-0.72845	0.29202	0.16516	26.2	null	null	13113	75
2026-05-27T16:40:26.263	WT901BLE68(F3:F0:16:BF:DC:AE)	0.182	0.976	-0.188	-4.700	-11.169	2.930	102.52	-7.80	-47.97	-43.400	19.827	-67.367	-0.59723	-0.72845	0.29202	0.16516	26.2	null	null	13113	75
2026-05-27T16:40:26.360	WT901BLE68(F3:F0:16:BF:DC:AE)	0.126	0.988	-0.182	-8.789	-27.405	6.287	102.05	-7.89	-49.15	-43.400	19.827	-67.367	-0.59723	-0.72845	0.29202	0.16516	26.2	null	null	13113	75
2026-05-27T16:40:26.472	WT901BLE68(F3:F0:16:BF:DC:AE)	0.152	0.957	-0.236	-9.216	-20.508	3.784	101.33	-7.84	-51.51	-43.400	19.827	-67.367	-0.59723	-0.72845	0.29202	0.16516	26.2	null	null	13113	75
2026-05-27T16:40:26.529	WT901BLE68(F3:F0:16:BF:DC:AE)	0.211	0.954	-0.195	1.587	-24.902	4.761	101.27	-7.73	-53.89	-43.400	19.827	-67.367	-0.59723	-0.72845	0.29202	0.16516	26.2	null	null	13113	75
2026-05-27T16:40:26.653	WT901BLE68(F3:F0:16:BF:DC:AE)	0.169	0.959	-0.161	13.611	15.198	-7.996	102.17	-7.61	-53.83	-50.167	24.753	-58.227	-0.59723	-0.72845	0.29202	0.16516	26.2	null	null	13113	75
2026-05-27T16:40:26.743	WT901BLE68(F3:F0:16:BF:DC:AE)	0.162	0.997	-0.114	7.629	43.091	-18.250	102.87	-7.14	-50.51	-50.167	24.753	-58.227	-0.59723	-0.72845	0.29202	0.16516	26.2	null	null	13113	75
2026-05-27T16:40:26.860	WT901BLE68(F3:F0:16:BF:DC:AE)	0.182	0.958	-0.217	2.747	57.251	-24.353	102.32	-6.27	-44.64	-50.167	24.753	-58.227	-0.58896	-0.69785	0.34894	0.21036	26.2	null	null	13113	75
2026-05-27T16:40:26.955	WT901BLE68(F3:F0:16:BF:DC:AE)	0.164	0.940	-0.282	10.620	58.044	-25.269	102.34	-5.30	-38.51	-50.167	24.753	-58.227	-0.58896	-0.69785	0.34894	0.21036	26.2	null	null	13113	75
2026-05-27T16:40:27.073	WT901BLE68(F3:F0:16:BF:DC:AE)	0.085	0.939	-0.320	11.841	36.621	-20.874	103.15	-4.32	-33.29	-50.167	24.753	-58.227	-0.58896	-0.69785	0.34894	0.21036	26.2	null	null	13113	75
2026-05-27T16:40:27.135	WT901BLE68(F3:F0:16:BF:DC:AE)	0.035	0.966	-0.216	11.963	30.334	-22.827	104.31	-3.21	-30.32	-50.167	24.753	-58.227	-0.58896	-0.69785	0.34894	0.21036	26.2	null	null	13113	75
2026-05-27T16:40:27.286	WT901BLE68(F3:F0:16:BF:DC:AE)	-0.077	0.989	-0.237	6.836	28.503	-24.048	105.12	-1.73	-26.85	-50.167	24.753	-58.227	-0.58896	-0.69785	0.34894	0.21036	26.2	null	null	13113	75
2026-05-27T16:40:27.343	WT901BLE68(F3:F0:16:BF:DC:AE)	-0.075	0.977	-0.259	4.944	-43.823	-11.597	105.76	0.38	-28.02	-50.167	24.753	-58.227	-0.58896	-0.69785	0.34894	0.21036	26.2	null	null	13113	75
2026-05-27T16:40:27.464	WT901BLE68(F3:F0:16:BF:DC:AE)	-0.135	0.966	-0.305	-4.395	-41.748	-9.521	105.47	2.79	-32.65	-50.167	24.753	-58.227	-0.58896	-0.69785	0.34894	0.21036	26.2	null	null	13113	75
2026-05-27T16:40:27.550	WT901BLE68(F3:F0:16:BF:DC:AE)	-0.082	0.945	-0.296	-3.235	-42.236	-0.244	104.91	4.32	-36.43	-47.947	15.953	-68.560	-0.58896	-0.69785	0.34894	0.21036	26.2	null	null	13113	75
2026-05-27T16:40:27.672	WT901BLE68(F3:F0:16:BF:DC:AE)	-0.166	0.942	-0.208	-4.333	-25.452	-1.648	104.45	5.11	-39.90	-47.947	15.953	-68.560	-0.58896	-0.69785	0.34894	0.21036	26.2	null	null	13113	75
2026-05-27T16:40:27.763	WT901BLE68(F3:F0:16:BF:DC:AE)	-0.103	0.975	-0.265	-6.714	-17.456	0.549	103.80	5.83	-41.84	-47.947	15.953	-68.560	-0.56174	-0.74857	0.24765	0.25027	26.2	null	null	13113	75
2026-05-27T16:40:27.882	WT901BLE68(F3:F0:16:BF:DC:AE)	-0.127	0.945	-0.222	-0.305	-4.395	2.441	103.36	5.97	-43.28	-47.947	15.953	-68.560	-0.56174	-0.74857	0.24765	0.25027	26.2	null	null	13113	75
2026-05-27T16:40:27.941	WT901BLE68(F3:F0:16:BF:DC:AE)	-0.101	0.955	-0.198	-2.869	21.423	8.301	103.40	5.30	-42.31	-47.947	15.953	-68.560	-0.56174	-0.74857	0.24765	0.25027	26.2	null	null	13113	75
2026-05-27T16:40:28.065	WT901BLE68(F3:F0:16:BF:DC:AE)	-0.213	1.010	-0.266	-5.798	44.495	2.502	103.24	4.11	-37.60	-47.947	15.953	-68.560	-0.56174	-0.74857	0.24765	0.25027	26.2	null	null	13113	75
2026-05-27T16:40:28.154	WT901BLE68(F3:F0:16:BF:DC:AE)	0.021	0.955	-0.289	-6.165	8.789	15.503	102.83	3.18	-36.72	-47.947	15.953	-68.560	-0.56174	-0.74857	0.24765	0.25027	26.2	null	null	13113	75
2026-05-27T16:40:28.276	WT901BLE68(F3:F0:16:BF:DC:AE)	0.049	0.958	-0.229	7.751	40.405	12.573	103.18	1.36	-34.57	-47.947	15.953	-68.560	-0.56174	-0.74857	0.24765	0.25027	26.2	null	null	13113	75
2026-05-27T16:40:28.362	WT901BLE68(F3:F0:16:BF:DC:AE)	0.076	0.953	-0.287	12.085	51.514	14.404	104.35	-1.20	-30.55	-47.947	15.953	-68.560	-0.56174	-0.74857	0.24765	0.25027	26.2	null	null	13113	75
2026-05-27T16:40:28.484	WT901BLE68(F3:F0:16:BF:DC:AE)	0.039	0.971	-0.223	19.470	27.466	11.292	105.57	-3.70	-26.40	-41.053	19.127	-69.047	-0.56174	-0.74857	0.24765	0.25027	26.2	null	null	13113	75
2026-05-27T16:40:28.542	WT901BLE68(F3:F0:16:BF:DC:AE)	0.079	0.998	-0.137	13.306	15.381	5.798	106.89	-5.11	-24.32	-41.053	19.127	-69.047	-0.56174	-0.74857	0.24765	0.25027	26.2	null	null	13113	75
2026-05-27T16:40:28.692	WT901BLE68(F3:F0:16:BF:DC:AE)	0.144	0.949	-0.293	-4.700	0.732	1.404	106.50	-5.58	-24.13	-41.053	19.127	-69.047	-0.58945	-0.77893	0.19510	0.08731	26.2	null	null	13113	75
2026-05-27T16:40:28.749	WT901BLE68(F3:F0:16:BF:DC:AE)	0.185	0.931	-0.344	-0.183	-16.296	-0.244	106.24	-5.42	-25.38	-41.053	19.127	-69.047	-0.58945	-0.77893	0.19510	0.08731	26.2	null	null	13113	75
2026-05-27T16:40:28.875	WT901BLE68(F3:F0:16:BF:DC:AE)	0.118	0.947	-0.285	6.470	-16.602	-4.578	106.86	-4.93	-27.02	-41.053	19.127	-69.047	-0.58945	-0.77893	0.19510	0.08731	26.2	null	null	13113	75
2026-05-27T16:40:28.963	WT901BLE68(F3:F0:16:BF:DC:AE)	0.126	0.951	-0.279	5.188	-23.376	-7.629	107.64	-3.91	-29.23	-41.053	19.127	-69.047	-0.58945	-0.77893	0.19510	0.08731	26.2	null	null	13113	75
2026-05-27T16:40:29.087	WT901BLE68(F3:F0:16:BF:DC:AE)	0.062	0.960	-0.277	0.427	-15.137	-12.939	107.93	-2.53	-30.80	-41.053	19.127	-69.047	-0.58945	-0.77893	0.19510	0.08731	26.2	null	null	13113	75
2026-05-27T16:40:29.172	WT901BLE68(F3:F0:16:BF:DC:AE)	-0.007	0.955	-0.274	-5.127	-15.381	-15.320	107.56	-0.84	-31.89	-41.053	19.127	-69.047	-0.58945	-0.77893	0.19510	0.08731	26.2	null	null	13113	75
2026-05-27T16:40:29.293	WT901BLE68(F3:F0:16:BF:DC:AE)	-0.064	0.947	-0.290	-2.808	-41.382	-5.676	107.12	0.91	-34.32	-41.053	19.127	-69.047	-0.58945	-0.77893	0.19510	0.08731	26.2	null	null	13113	75
2026-05-27T16:40:29.351	WT901BLE68(F3:F0:16:BF:DC:AE)	-0.102	0.968	-0.326	-7.019	-52.185	-5.188	106.47	2.76	-39.01	-47.560	15.253	-69.320	-0.58945	-0.77893	0.19510	0.08731	26.2	null	null	13113	75
2026-05-27T16:40:29.473	WT901BLE68(F3:F0:16:BF:DC:AE)	-0.062	0.956	-0.265	-3.235	-48.279	-1.038	105.69	4.48	-43.93	-47.560	15.253	-69.320	-0.58945	-0.77893	0.19510	0.08731	26.2	null	null	13113	75
2026-05-27T16:40:29.560	WT901BLE68(F3:F0:16:BF:DC:AE)	-0.146	1.017	-0.165	-5.066	-6.287	-0.244	105.12	5.19	-45.80	-47.560	15.253	-69.320	-0.54547	-0.74457	0.28101	0.26273	26.2	null	null	13113	75
2026-05-27T16:40:29.687	WT901BLE68(F3:F0:16:BF:DC:AE)	-0.141	0.927	-0.304	-8.728	-4.883	3.479	104.21	5.11	-46.04	-47.560	15.253	-69.320	-0.54547	-0.74457	0.28101	0.26273	26.2	null	null	13113	75
2026-05-27T16:40:29.772	WT901BLE68(F3:F0:16:BF:DC:AE)	-0.121	0.930	-0.247	-2.808	-5.371	1.404	103.34	5.15	-46.39	-47.560	15.253	-69.320	-0.54547	-0.74457	0.28101	0.26273	26.2	null	null	13113	75
2026-05-27T16:40:29.894	WT901BLE68(F3:F0:16:BF:DC:AE)	-0.140	0.999	-0.163	-0.854	4.883	-0.610	103.27	5.33	-45.86	-47.560	15.253	-69.320	-0.54547	-0.74457	0.28101	0.26273	26.2	null	null	13113	75
2026-05-27T16:40:29.952	WT901BLE68(F3:F0:16:BF:DC:AE)	-0.138	0.963	-0.208	0.488	15.808	3.540	103.21	5.08	-44.62	-47.560	15.253	-69.320	-0.54547	-0.74457	0.28101	0.26273	26.2	null	null	13113	75
2026-05-27T16:40:30.106	WT901BLE68(F3:F0:16:BF:DC:AE)	-0.101	0.952	-0.277	12.451	4.578	11.902	103.90	4.31	-42.96	-47.560	15.253	-69.320	-0.54547	-0.74457	0.28101	0.26273	26.2	null	null	13113	75
2026-05-27T16:40:30.170	WT901BLE68(F3:F0:16:BF:DC:AE)	-0.081	0.994	-0.193	7.935	31.433	14.771	105.19	2.64	-41.50	-47.560	15.253	-69.320	-0.54547	-0.74457	0.28101	0.26273	26.2	null	null	13113	75
2026-05-27T16:40:30.281	WT901BLE68(F3:F0:16:BF:DC:AE)	0.013	0.968	-0.297	4.883	29.358	11.108	105.74	0.75	-38.61	-50.753	16.920	-67.413	-0.54547	-0.74457	0.28101	0.26273	26.2	null	null	13113	75
2026-05-27T16:40:30.372	WT901BLE68(F3:F0:16:BF:DC:AE)	0.168	0.907	-0.373	6.409	52.551	10.376	106.06	-1.27	-35.72	-50.753	16.920	-67.413	-0.54547	-0.74457	0.28101	0.26273	26.2	null	null	13113	75
2026-05-27T16:40:30.490	WT901BLE68(F3:F0:16:BF:DC:AE)	0.011	0.968	-0.307	1.160	32.959	10.315	106.61	-3.84	-30.22	-50.753	16.920	-67.413	-0.58029	-0.76413	0.23856	0.14948	26.2	null	null	13113	75
2026-05-27T16:40:30.584	WT901BLE68(F3:F0:16:BF:DC:AE)	0.121	0.962	-0.277	-13.977	-11.047	16.052	106.02	-5.41	-29.72	-50.753	16.920	-67.413	-0.58029	-0.76413	0.23856	0.14948	26.2	null	null	13113	75
2026-05-27T16:40:30.706	WT901BLE68(F3:F0:16:BF:DC:AE)	0.154	0.965	-0.239	-16.602	-30.640	17.456	104.68	-6.49	-32.17	-50.753	16.920	-67.413	-0.58029	-0.76413	0.23856	0.14948	26.2	null	null	13113	75
2026-05-27T16:40:30.761	WT901BLE68(F3:F0:16:BF:DC:AE)	0.166	0.984	-0.163	-10.986	-33.752	14.404	103.86	-7.27	-36.00	-50.753	16.920	-67.413	-0.58029	-0.76413	0.23856	0.14948	26.2	null	null	13113	75
2026-05-27T16:40:30.885	WT901BLE68(F3:F0:16:BF:DC:AE)	0.183	0.959	-0.206	-10.803	-29.724	11.536	103.13	-7.84	-39.56	-50.753	16.920	-67.413	-0.58029	-0.76413	0.23856	0.14948	26.2	null	null	13113	75
2026-05-27T16:40:30.972	WT901BLE68(F3:F0:16:BF:DC:AE)	0.175	0.959	-0.231	-9.583	-32.593	8.850	102.58	-8.25	-42.57	-50.753	16.920	-67.413	-0.58029	-0.76413	0.23856	0.14948	26.2	null	null	13113	75
2026-05-27T16:40:31.092	WT901BLE68(F3:F0:16:BF:DC:AE)	0.129	1.001	-0.104	-10.193	-44.861	8.484	102.26	-8.35	-46.18	-50.753	16.920	-67.413	-0.58029	-0.76413	0.23856	0.14948	26.2	null	null	13113	75
2026-05-27T16:40:31.184	WT901BLE68(F3:F0:16:BF:DC:AE)	0.156	0.938	-0.302	-18.799	-42.358	5.981	101.08	-8.27	-50.39	-44.687	22.893	-62.980	-0.58029	-0.76413	0.23856	0.14948	26.2	null	null	13113	75
2026-05-27T16:40:31.303	WT901BLE68(F3:F0:16:BF:DC:AE)	0.191	0.958	-0.210	-5.371	-20.752	3.906	100.51	-8.20	-52.92	-44.687	22.893	-62.980	-0.58029	-0.76413	0.23856	0.14948	26.2	null	null	13113	75
2026-05-27T16:40:31.360	WT901BLE68(F3:F0:16:BF:DC:AE)	0.211	0.963	-0.129	-3.113	-10.010	-0.732	100.42	-8.16	-54.18	-44.687	22.893	-62.980	-0.59412	-0.66348	0.38702	0.23859	26.2	null	null	13113	75
2026-05-27T16:40:31.515	WT901BLE68(F3:F0:16:BF:DC:AE)	0.149	1.002	-0.092	-3.784	9.338	-9.827	99.96	-7.86	-53.50	-44.687	22.893	-62.980	-0.59412	-0.66348	0.38702	0.23859	26.2	null	null	13113	75
2026-05-27T16:40:31.571	WT901BLE68(F3:F0:16:BF:DC:AE)	0.179	0.952	-0.192	0.549	37.537	-19.775	99.27	-6.95	-50.55	-44.687	22.893	-62.980	-0.59412	-0.66348	0.38702	0.23859	26.2	null	null	13113	75
2026-05-27T16:40:31.692	WT901BLE68(F3:F0:16:BF:DC:AE)	0.166	0.960	-0.225	17.395	46.997	-18.311	99.70	-6.05	-45.68	-44.687	22.893	-62.980	-0.59412	-0.66348	0.38702	0.23859	26.2	null	null	13113	75
2026-05-27T16:40:31.783	WT901BLE68(F3:F0:16:BF:DC:AE)	0.157	0.965	-0.215	23.743	56.824	-22.339	101.38	-5.37	-40.14	-44.687	22.893	-62.980	-0.59412	-0.66348	0.38702	0.23859	26.2	null	null	13113	75
2026-05-27T16:40:31.903	WT901BLE68(F3:F0:16:BF:DC:AE)	0.115	0.946	-0.313	21.057	62.988	-24.597	103.24	-4.61	-33.95	-44.687	22.893	-62.980	-0.59412	-0.66348	0.38702	0.23859	26.2	null	null	13113	75
2026-05-27T16:40:31.992	WT901BLE68(F3:F0:16:BF:DC:AE)	0.021	0.949	-0.304	20.386	21.790	-21.790	105.01	-3.60	-29.24	-44.687	22.893	-62.980	-0.59412	-0.66348	0.38702	0.23859	26.2	null	null	13113	75
2026-05-27T16:40:32.114	WT901BLE68(F3:F0:16:BF:DC:AE)	-0.045	0.991	-0.214	13.062	-25.818	-18.616	106.78	-1.68	-28.91	-41.353	17.160	-69.847	-0.59412	-0.66348	0.38702	0.23859	26.2	null	null	13113	75
2026-05-27T16:40:32.176	WT901BLE68(F3:F0:16:BF:DC:AE)	-0.074	0.981	-0.246	-2.441	-34.607	-16.174	106.97	1.16	-32.15	-41.353	17.160	-69.847	-0.59412	-0.66348	0.38702	0.23859	26.2	null	null	13113	75
2026-05-27T16:40:32.290	WT901BLE68(F3:F0:16:BF:DC:AE)	-0.071	0.952	-0.313	-2.808	-17.578	-12.390	106.44	3.31	-34.97	-41.353	17.160	-69.847	-0.56650	-0.77130	0.22101	0.18771	26.2	null	null	13113	75
2026-05-27T16:40:32.383	WT901BLE68(F3:F0:16:BF:DC:AE)	-0.232	0.987	-0.236	-6.958	-3.174	-3.784	106.59	4.38	-35.79	-41.353	17.160	-69.847	-0.56650	-0.77130	0.22101	0.18771	26.2	null	null	13113	75
2026-05-27T16:40:32.503	WT901BLE68(F3:F0:16:BF:DC:AE)	-0.173	0.997	-0.229	-10.925	-18.982	2.563	105.68	4.86	-37.22	-41.353	17.160	-69.847	-0.56650	-0.77130	0.22101	0.18771	26.2	null	null	13113	75
2026-05-27T16:40:32.598	WT901BLE68(F3:F0:16:BF:DC:AE)	-0.174	0.925	-0.327	-9.766	-0.427	-2.991	103.92	5.72	-38.59	-41.353	17.160	-69.847	-0.56650	-0.77130	0.22101	0.18771	26.2	null	null	13113	75
2026-05-27T16:40:32.747	WT901BLE68(F3:F0:16:BF:DC:AE)	-0.056	0.854	-0.299	2.991	-31.372	8.545	103.91	6.12	-40.15	-41.353	17.160	-69.847	-0.56650	-0.77130	0.22101	0.18771	26.2	null	null	13113	75
2026-05-27T16:40:32.769	WT901BLE68(F3:F0:16:BF:DC:AE)	-0.171	1.058	-0.132	4.211	8.667	9.583	104.59	5.49	-41.99	-41.353	17.160	-69.847	-0.56650	-0.77130	0.22101	0.18771	26.2	null	null	13113	75
2026-05-27T16:40:32.926	WT901BLE68(F3:F0:16:BF:DC:AE)	-0.217	0.939	-0.272	-3.479	-8.484	18.677	104.55	3.93	-40.28	-41.353	17.160	-69.847	-0.56650	-0.77130	0.22101	0.18771	26.2	null	null	13113	75
2026-05-27T16:40:32.981	WT901BLE68(F3:F0:16:BF:DC:AE)	0.108	0.937	-0.227	-1.160	31.250	10.132	104.46	2.45	-40.82	-52.900	17.333	-65.327	-0.56650	-0.77130	0.22101	0.18771	26.2	null	null	13113	75
2026-05-27T16:40:33.103	WT901BLE68(F3:F0:16:BF:DC:AE)	0.071	0.912	-0.352	12.878	55.847	10.315	105.47	0.22	-35.93	-52.900	17.333	-65.327	-0.56650	-0.77130	0.22101	0.18771	26.2	null	null	13113	75
2026-05-27T16:40:33.192	WT901BLE68(F3:F0:16:BF:DC:AE)	0.022	0.947	-0.305	9.644	93.689	0.977	106.68	-2.80	-28.26	-52.900	17.333	-65.327	-0.57755	-0.76395	0.23441	0.16663	26.2	null	null	13113	75
2026-05-27T16:40:33.313	WT901BLE68(F3:F0:16:BF:DC:AE)	0.068	0.967	-0.225	2.197	36.743	5.005	107.01	-4.77	-22.61	-52.900	17.333	-65.327	-0.57755	-0.76395	0.23441	0.16663	26.2	null	null	13113	75
2026-05-27T16:40:33.401	WT901BLE68(F3:F0:16:BF:DC:AE)	0.167	0.931	-0.279	-1.526	31.921	-0.305	106.55	-5.81	-20.24	-52.900	17.333	-65.327	-0.57755	-0.76395	0.23441	0.16663	26.2	null	null	13113	75
2026-05-27T16:40:33.523	WT901BLE68(F3:F0:16:BF:DC:AE)	0.159	0.947	-0.274	1.160	5.127	-0.977	106.24	-6.31	-18.53	-52.900	17.333	-65.327	-0.57755	-0.76395	0.23441	0.16663	26.2	null	null	13113	75
2026-05-27T16:40:33.584	WT901BLE68(F3:F0:16:BF:DC:AE)	0.160	0.947	-0.287	0.916	-14.709	-2.930	106.30	-6.04	-19.27	-52.900	17.333	-65.327	-0.57755	-0.76395	0.23441	0.16663	26.2	null	null	13113	75
2026-05-27T16:40:33.703	WT901BLE68(F3:F0:16:BF:DC:AE)	0.155	0.932	-0.348	3.662	-38.696	-2.930	106.66	-5.11	-22.02	-52.900	17.333	-65.327	-0.57755	-0.76395	0.23441	0.16663	26.2	null	null	13113	75
2026-05-27T16:40:33.792	WT901BLE68(F3:F0:16:BF:DC:AE)	0.112	0.928	-0.326	10.254	-57.373	-2.014	107.84	-3.72	-26.69	-52.900	17.333	-65.327	-0.57755	-0.76395	0.23441	0.16663	26.2	null	null	13113	75
2026-05-27T16:40:33.912	WT901BLE68(F3:F0:16:BF:DC:AE)	0.022	0.950	-0.249	11.353	-79.712	-2.136	109.32	-1.60	-33.49	-37.020	15.247	-71.733	-0.57755	-0.76395	0.23441	0.16663	26.2	null	null	13113	75
2026-05-27T16:40:34.005	WT901BLE68(F3:F0:16:BF:DC:AE)	-0.077	1.012	-0.240	-22.400	-44.983	-12.085	108.29	1.12	-39.20	-37.020	15.247	-71.733	-0.57755	-0.76395	0.23441	0.16663	26.2	null	null	13113	75
2026-05-27T16:40:34.123	WT901BLE68(F3:F0:16:BF:DC:AE)	-0.061	0.943	-0.372	-18.921	-30.945	-10.681	105.66	3.29	-42.17	-37.020	15.247	-71.733	-0.55124	-0.76001	0.26816	0.21564	26.2	null	null	13113	75
2026-05-27T16:40:34.180	WT901BLE68(F3:F0:16:BF:DC:AE)	-0.088	0.912	-0.333	-3.174	-14.099	-7.751	104.63	4.71	-43.66	-37.020	15.247	-71.733	-0.55124	-0.76001	0.26816	0.21564	26.2	null	null	13113	75
2026-05-27T16:40:34.336	WT901BLE68(F3:F0:16:BF:DC:AE)	-0.169	0.994	-0.163	1.282	-9.460	-0.183	105.02	5.23	-44.82	-37.020	15.247	-71.733	-0.55124	-0.76001	0.26816	0.21564	26.2	null	null	13113	75
2026-05-27T16:40:34.393	WT901BLE68(F3:F0:16:BF:DC:AE)	-0.192	1.029	-0.210	-8.484	-10.803	0.000	104.27	5.58	-45.81	-37.020	15.247	-71.733	-0.55124	-0.76001	0.26816	0.21564	26.2	null	null	13113	75
2026-05-27T16:40:34.511	WT901BLE68(F3:F0:16:BF:DC:AE)	-0.177	0.946	-0.192	-7.141	-1.282	0.366	103.36	5.91	-45.97	-37.020	15.247	-71.733	-0.55124	-0.76001	0.26816	0.21564	26.2	null	null	13113	75
2026-05-27T16:40:34.603	WT901BLE68(F3:F0:16:BF:DC:AE)	-0.122	0.946	-0.270	3.113	-4.089	8.728	103.11	5.60	-46.15	-37.020	15.247	-71.733	-0.55124	-0.76001	0.26816	0.21564	26.2	null	null	13113	75
2026-05-27T16:40:34.725	WT901BLE68(F3:F0:16:BF:DC:AE)	-0.181	0.952	-0.274	8.667	-4.944	11.475	103.67	4.97	-46.43	-37.020	15.247	-71.733	-0.55124	-0.76001	0.26816	0.21564	26.2	null	null	13113	75
2026-05-27T16:40:34.812	WT901BLE68(F3:F0:16:BF:DC:AE)	-0.068	0.991	-0.246	13.306	-8.301	18.921	104.89	3.87	-47.59	-57.127	17.100	-62.900	-0.55124	-0.76001	0.26816	0.21564	26.2	null	null	13113	75
2026-05-27T16:40:34.932	WT901BLE68(F3:F0:16:BF:DC:AE)	-0.027	0.949	-0.260	15.076	24.780	11.292	106.40	2.17	-46.37	-57.127	17.100	-62.900	-0.55124	-0.76001	0.26816	0.21564	26.2	null	null	13113	75
2026-05-27T16:40:34.989	WT901BLE68(F3:F0:16:BF:DC:AE)	-0.031	0.972	-0.263	23.010	49.072	5.737	108.54	0.23	-42.42	-57.127	17.100	-62.900	-0.54382	-0.74890	0.29993	0.23099	26.2	null	null	13113	75
2026-05-27T16:40:35.111	WT901BLE68(F3:F0:16:BF:DC:AE)	-0.023	0.938	-0.322	21.118	26.123	10.193	110.63	-1.60	-38.94	-57.127	17.100	-62.900	-0.54382	-0.74890	0.29993	0.23099	26.2	null	null	13113	75
2026-05-27T16:40:35.204	WT901BLE68(F3:F0:16:BF:DC:AE)	0.205	0.903	-0.394	17.395	14.465	10.620	112.37	-3.05	-38.43	-57.127	17.100	-62.900	-0.54382	-0.74890	0.29993	0.23099	26.2	null	null	13113	75
2026-05-27T16:40:35.325	WT901BLE68(F3:F0:16:BF:DC:AE)	0.185	0.888	-0.424	18.555	12.695	5.676	113.96	-4.45	-37.11	-57.127	17.100	-62.900	-0.54382	-0.74890	0.29993	0.23099	26.2	null	null	13113	75
2026-05-27T16:40:35.415	WT901BLE68(F3:F0:16:BF:DC:AE)	0.154	0.900	-0.424	3.479	6.897	0.000	115.01	-5.37	-35.76	-57.127	17.100	-62.900	-0.54382	-0.74890	0.29993	0.23099	26.2	null	null	13113	75
2026-05-27T16:40:35.534	WT901BLE68(F3:F0:16:BF:DC:AE)	0.156	0.897	-0.416	-3.967	-6.714	-1.038	114.92	-5.54	-35.85	-57.127	17.100	-62.900	-0.54382	-0.74890	0.29993	0.23099	26.2	null	null	13113	75
2026-05-27T16:40:35.590	WT901BLE68(F3:F0:16:BF:DC:AE)	0.145	0.912	-0.394	-2.258	-5.249	-8.728	114.63	-5.06	-36.10	-57.127	17.100	-62.900	-0.54382	-0.74890	0.29993	0.23099	26.2	null	null	13113	75
2026-05-27T16:40:35.715	WT901BLE68(F3:F0:16:BF:DC:AE)	0.134	0.879	-0.446	-2.441	-8.667	-11.292	114.33	-4.08	-36.22	-43.713	9.687	-72.780	-0.54382	-0.74890	0.29993	0.23099	26.2	null	null	13113	75
2026-05-27T16:40:35.801	WT901BLE68(F3:F0:16:BF:DC:AE)	0.028	0.898	-0.428	-13.306	-3.540	-17.090	113.74	-2.82	-35.78	-43.713	9.687	-72.780	-0.54382	-0.74890	0.29993	0.23099	26.2	null	null	13113	75
2026-05-27T16:40:35.923	WT901BLE68(F3:F0:16:BF:DC:AE)	-0.067	0.948	-0.330	-29.846	-36.682	-6.409	111.67	-1.07	-37.05	-43.713	9.687	-72.780	-0.52747	-0.79193	0.26788	0.15073	26.2	null	null	13113	75
2026-05-27T16:40:36.014	WT901BLE68(F3:F0:16:BF:DC:AE)	-0.068	0.959	-0.318	-33.203	-37.476	-1.648	108.74	0.70	-40.59	-43.713	9.687	-72.780	-0.52747	-0.79193	0.26788	0.15073	26.2	null	null	13113	75
2026-05-27T16:40:36.130	WT901BLE68(F3:F0:16:BF:DC:AE)	-0.059	1.095	-0.270	-42.053	-3.418	-3.113	105.34	1.79	-42.99	-43.713	9.687	-72.780	-0.52747	-0.79193	0.26788	0.15073	26.2	null	null	13113	75
2026-05-27T16:40:36.225	WT901BLE68(F3:F0:16:BF:DC:AE)	-0.154	0.987	-0.225	3.845	10.559	18.494	101.99	1.69	-43.03	-43.713	9.687	-72.780	-0.52747	-0.79193	0.26788	0.15073	26.2	null	null	13113	75
2026-05-27T16:40:36.347	WT901BLE68(F3:F0:16:BF:DC:AE)	-0.011	0.952	-0.271	-5.859	-16.968	10.315	101.24	0.98	-44.45	-43.713	9.687	-72.780	-0.52747	-0.79193	0.26788	0.15073	26.2	null	null	13113	75
2026-05-27T16:40:36.401	WT901BLE68(F3:F0:16:BF:DC:AE)	-0.110	0.982	-0.165	1.709	-9.094	10.681	101.16	0.39	-45.14	-43.713	9.687	-72.780	-0.52747	-0.79193	0.26788	0.15073	26.2	null	null	13113	75
2026-05-27T16:40:36.518	WT901BLE68(F3:F0:16:BF:DC:AE)	-0.030	0.996	-0.148	1.587	-3.296	13.550	101.29	-0.36	-45.77	-43.713	9.687	-72.780	-0.52747	-0.79193	0.26788	0.15073	26.2	null	null	13113	75
2026-05-27T16:40:36.608	WT901BLE68(F3:F0:16:BF:DC:AE)	-0.031	0.996	-0.201	4.639	-32.166	19.775	101.44	-1.51	-47.52	-53.153	22.053	-61.440	-0.52747	-0.79193	0.26788	0.15073	26.2	null	null	13113	75
2026-05-27T16:40:36.735	WT901BLE68(F3:F0:16:BF:DC:AE)	0.204	1.001	-0.121	-0.549	-30.579	17.639	101.87	-2.53	-50.95	-53.153	22.053	-61.440	-0.52747	-0.79193	0.26788	0.15073	26.2	null	null	13113	75
2026-05-27T16:40:36.820	WT901BLE68(F3:F0:16:BF:DC:AE)	0.045	0.995	-0.109	-30.457	-5.798	6.287	100.33	-3.52	-51.19	-53.153	22.053	-61.440	-0.57803	-0.69061	0.35147	0.25552	26.2	null	null	13113	75
2026-05-27T16:40:36.943	WT901BLE68(F3:F0:16:BF:DC:AE)	0.171	0.957	-0.206	-21.423	3.479	0.549	97.58	-3.97	-51.81	-53.153	22.053	-61.440	-0.57803	-0.69061	0.35147	0.25552	26.2	null	null	13113	75
2026-05-27T16:40:37.006	WT901BLE68(F3:F0:16:BF:DC:AE)	0.103	0.982	-0.235	-5.554	22.156	3.540	96.38	-4.58	-50.03	-53.153	22.053	-61.440	-0.57803	-0.69061	0.35147	0.25552	26.2	null	null	13113	75
2026-05-27T16:40:37.121	WT901BLE68(F3:F0:16:BF:DC:AE)	0.224	0.965	-0.195	13.123	25.696	3.723	96.92	-5.42	-48.35	-53.153	22.053	-61.440	-0.57803	-0.69061	0.35147	0.25552	26.2	null	null	13113	75
2026-05-27T16:40:37.214	WT901BLE68(F3:F0:16:BF:DC:AE)	0.133	0.958	-0.152	27.832	37.476	-1.587	98.92	-6.31	-44.97	-53.153	22.053	-61.440	-0.57803	-0.69061	0.35147	0.25552	26.2	null	null	13113	75
2026-05-27T16:40:37.333	WT901BLE68(F3:F0:16:BF:DC:AE)	0.131	0.979	-0.163	32.654	39.429	-10.193	101.48	-6.59	-40.98	-53.153	22.053	-61.440	-0.57803	-0.69061	0.35147	0.25552	26.2	null	null	13113	75
2026-05-27T16:40:37.423	WT901BLE68(F3:F0:16:BF:DC:AE)	0.124	0.969	-0.184	32.410	42.908	-20.203	103.96	-6.16	-36.78	-53.153	22.053	-61.440	-0.57803	-0.69061	0.35147	0.25552	26.2	null	null	13113	75
2026-05-27T16:40:37.543	WT901BLE68(F3:F0:16:BF:DC:AE)	0.063	0.990	-0.166	18.005	35.461	-22.949	106.00	-5.17	-32.90	-43.880	20.473	-66.453	-0.57803	-0.69061	0.35147	0.25552	26.2	null	null	13113	75
2026-05-27T16:40:37.633	WT901BLE68(F3:F0:16:BF:DC:AE)	0.095	0.946	-0.291	5.615	-3.296	-19.836	106.58	-3.58	-30.83	-43.880	20.473	-66.453	-0.57803	-0.69061	0.35147	0.25552	26.2	null	null	13113	75
2026-05-27T16:40:37.753	WT901BLE68(F3:F0:16:BF:DC:AE)	0.070	0.932	-0.369	6.592	-6.470	-19.958	107.11	-1.61	-30.57	-43.880	20.473	-66.453	-0.58051	-0.76965	0.22687	0.13803	26.2	null	null	13113	75
2026-05-27T16:40:37.812	WT901BLE68(F3:F0:16:BF:DC:AE)	-0.081	0.961	-0.297	12.390	-37.231	-14.343	107.98	0.60	-32.33	-43.880	20.473	-66.453	-0.58051	-0.76965	0.22687	0.13803	26.2	null	null	13113	75
2026-05-27T16:40:37.934	WT901BLE68(F3:F0:16:BF:DC:AE)	-0.140	0.958	-0.298	-5.066	-6.958	-10.925	108.47	2.37	-34.42	-43.880	20.473	-66.453	-0.58051	-0.76965	0.22687	0.13803	26.2	null	null	13113	75
2026-05-27T16:40:38.021	WT901BLE68(F3:F0:16:BF:DC:AE)	-0.135	0.983	-0.260	-6.470	-4.944	-11.414	108.12	3.87	-35.45	-43.880	20.473	-66.453	-0.58051	-0.76965	0.22687	0.13803	26.2	null	null	13113	75
2026-05-27T16:40:38.143	WT901BLE68(F3:F0:16:BF:DC:AE)	-0.133	0.929	-0.325	-11.597	-19.775	-7.874	106.91	5.27	-36.47	-43.880	20.473	-66.453	-0.58051	-0.76965	0.22687	0.13803	26.2	null	null	13113	75
2026-05-27T16:40:38.238	WT901BLE68(F3:F0:16:BF:DC:AE)	-0.077	0.883	-0.339	-5.981	-11.902	-5.066	106.06	6.30	-38.09	-43.880	20.473	-66.453	-0.58051	-0.76965	0.22687	0.13803	26.2	null	null	13113	75
2026-05-27T16:40:38.357	WT901BLE68(F3:F0:16:BF:DC:AE)	-0.221	0.959	-0.331	11.414	14.648	-4.150	106.73	6.66	-37.18	-43.880	20.473	-66.453	-0.58051	-0.76965	0.22687	0.13803	26.2	null	null	13113	75
2026-05-27T16:40:38.410	WT901BLE68(F3:F0:16:BF:DC:AE)	-0.179	0.967	-0.224	1.465	-11.719	6.775	107.19	6.73	-38.30	-54.547	14.120	-66.987	-0.58051	-0.76965	0.22687	0.13803	26.2	null	null	13113	75
2026-05-27T16:40:38.533	WT901BLE68(F3:F0:16:BF:DC:AE)	-0.121	0.951	-0.221	2.014	7.141	3.235	107.12	6.63	-39.19	-54.547	14.120	-66.987	-0.58051	-0.76965	0.22687	0.13803	26.2	null	null	13113	75
2026-05-27T16:40:38.618	WT901BLE68(F3:F0:16:BF:DC:AE)	-0.196	0.989	-0.211	-4.395	39.734	6.958	106.78	6.03	-37.49	-54.547	14.120	-66.987	-0.54428	-0.76819	0.23560	0.24091	26.2	null	null	13113	75
2026-05-27T16:40:38.741	WT901BLE68(F3:F0:16:BF:DC:AE)	-0.128	0.914	-0.274	-13.367	16.296	6.897	105.84	4.88	-35.50	-54.547	14.120	-66.987	-0.54428	-0.76819	0.23560	0.24091	26.2	null	null	13113	75
2026-05-27T16:40:38.834	WT901BLE68(F3:F0:16:BF:DC:AE)	-0.021	0.842	-0.465	15.503	-5.615	19.104	105.24	4.09	-35.90	-54.547	14.120	-66.987	-0.54428	-0.76819	0.23560	0.24091	26.2	null	null	13113	75
2026-05-27T16:40:38.951	WT901BLE68(F3:F0:16:BF:DC:AE)	-0.062	1.052	-0.227	10.864	18.372	12.634	106.20	2.70	-35.98	-54.547	14.120	-66.987	-0.54428	-0.76819	0.23560	0.24091	26.2	null	null	13113	75
2026-05-27T16:40:39.044	WT901BLE68(F3:F0:16:BF:DC:AE)	-0.033	0.898	-0.331	3.967	4.517	20.996	106.87	0.87	-35.97	-54.547	14.120	-66.987	-0.54428	-0.76819	0.23560	0.24091	26.2	null	null	13113	75
2026-05-27T16:40:39.164	WT901BLE68(F3:F0:16:BF:DC:AE)	-0.009	0.941	-0.341	-2.869	9.094	16.418	106.75	-1.01	-35.60	-54.547	14.120	-66.987	-0.54428	-0.76819	0.23560	0.24091	26.2	null	null	13113	75
2026-05-27T16:40:39.223	WT901BLE68(F3:F0:16:BF:DC:AE)	0.169	0.976	-0.256	-5.554	-8.728	17.090	106.20	-2.40	-36.52	-54.547	14.120	-66.987	-0.54428	-0.76819	0.23560	0.24091	26.2	null	null	13113	75
2026-05-27T16:40:39.341	WT901BLE68(F3:F0:16:BF:DC:AE)	0.209	0.937	-0.257	5.188	22.827	8.972	106.23	-3.97	-36.18	-44.353	17.673	-68.007	-0.54428	-0.76819	0.23560	0.24091	26.2	null	null	13113	75
2026-05-27T16:40:39.431	WT901BLE68(F3:F0:16:BF:DC:AE)	0.104	0.987	-0.153	1.526	39.917	-1.282	106.52	-5.52	-33.16	-44.353	17.673	-68.007	-0.54428	-0.76819	0.23560	0.24091	26.2	null	null	13113	75
2026-05-27T16:40:39.550	WT901BLE68(F3:F0:16:BF:DC:AE)	0.142	0.956	-0.270	-6.409	9.705	-4.517	105.65	-5.90	-30.90	-44.353	17.673	-68.007	-0.58606	-0.75952	0.25131	0.12814	26.2	null	null	13113	75
2026-05-27T16:40:39.644	WT901BLE68(F3:F0:16:BF:DC:AE)	0.204	0.939	-0.294	3.235	17.090	-6.836	105.34	-5.87	-29.72	-44.353	17.673	-68.007	-0.58606	-0.75952	0.25131	0.12814	26.2	null	null	13113	75
2026-05-27T16:40:39.765	WT901BLE68(F3:F0:16:BF:DC:AE)	0.134	0.944	-0.292	11.780	6.104	-8.911	106.15	-5.66	-28.46	-44.353	17.673	-68.007	-0.58606	-0.75952	0.25131	0.12814	26.2	null	null	13113	75
2026-05-27T16:40:39.824	WT901BLE68(F3:F0:16:BF:DC:AE)	0.058	0.963	-0.257	9.094	-15.991	-11.719	107.24	-4.64	-29.06	-44.353	17.673	-68.007	-0.58606	-0.75952	0.25131	0.12814	26.2	null	null	13113	75
2026-05-27T16:40:39.946	WT901BLE68(F3:F0:16:BF:DC:AE)	0.043	0.961	-0.280	-0.122	-34.729	-13.733	107.63	-2.58	-31.95	-44.353	17.673	-68.007	-0.58606	-0.75952	0.25131	0.12814	26.2	null	null	13113	75
2026-05-27T16:40:40.036	WT901BLE68(F3:F0:16:BF:DC:AE)	0.005	0.951	-0.303	-6.104	-45.532	-17.334	107.24	0.06	-35.79	-44.353	17.673	-68.007	-0.58606	-0.75952	0.25131	0.12814	26.2	null	null	13113	75
2026-05-27T16:40:40.157	WT901BLE68(F3:F0:16:BF:DC:AE)	-0.050	0.969	-0.318	-0.977	-37.415	-15.076	106.84	2.77	-39.61	-44.353	17.673	-68.007	-0.58606	-0.75952	0.25131	0.12814	26.2	null	null	13113	75
2026-05-27T16:40:40.240	WT901BLE68(F3:F0:16:BF:DC:AE)	-0.119	0.966	-0.244	-7.141	-23.926	-7.690	106.48	4.43	-42.08	-51.087	15.487	-67.440	-0.58606	-0.75952	0.25131	0.12814	26.2	null	null	13113	75
2026-05-27T16:40:40.363	WT901BLE68(F3:F0:16:BF:DC:AE)	-0.164	0.973	-0.252	-11.047	-11.841	-4.700	105.31	5.38	-43.37	-51.087	15.487	-67.440	-0.58606	-0.75952	0.25131	0.12814	26.2	null	null	13113	75
2026-05-27T16:40:40.454	WT901BLE68(F3:F0:16:BF:DC:AE)	-0.177	0.968	-0.220	-9.827	-3.906	-7.874	104.18	6.39	-43.69	-51.087	15.487	-67.440	-0.55121	-0.74564	0.26474	0.26459	26.2	null	null	13113	75
2026-05-27T16:40:40.604	WT901BLE68(F3:F0:16:BF:DC:AE)	-0.156	0.996	-0.183	-8.484	6.531	-5.188	103.26	7.14	-43.40	-51.087	15.487	-67.440	-0.55121	-0.74564	0.26474	0.26459	26.2	null	null	13113	75
2026-05-27T16:40:40.628	WT901BLE68(F3:F0:16:BF:DC:AE)	-0.214	0.955	-0.174	-10.437	3.906	-5.554	102.17	7.74	-42.45	-51.087	15.487	-67.440	-0.55121	-0.74564	0.26474	0.26459	26.2	null	null	13113	75
2026-05-27T16:40:40.752	WT901BLE68(F3:F0:16:BF:DC:AE)	-0.197	0.930	-0.196	-10.803	4.272	-3.052	101.20	8.22	-41.71	-51.087	15.487	-67.440	-0.55121	-0.74564	0.26474	0.26459	26.2	null	null	13113	75
2026-05-27T16:40:40.843	WT901BLE68(F3:F0:16:BF:DC:AE)	-0.125	0.939	-0.250	-2.136	-10.559	12.085	100.63	7.96	-42.23	-51.087	15.487	-67.440	-0.55121	-0.74564	0.26474	0.26459	26.2	null	null	13113	75
2026-05-27T16:40:40.964	WT901BLE68(F3:F0:16:BF:DC:AE)	-0.219	0.958	-0.249	6.470	-8.850	20.325	101.48	6.44	-43.04	-51.087	15.487	-67.440	-0.55121	-0.74564	0.26474	0.26459	26.2	null	null	13113	75
2026-05-27T16:40:41.053	WT901BLE68(F3:F0:16:BF:DC:AE)	0.012	0.991	-0.188	1.343	-6.714	28.076	101.82	4.69	-43.89	-51.087	15.487	-67.440	-0.55121	-0.74564	0.26474	0.26459	26.2	null	null	13113	75
2026-05-27T16:40:41.173	WT901BLE68(F3:F0:16:BF:DC:AE)	-0.058	0.948	-0.253	18.616	37.109	19.531	102.35	2.14	-43.09	-54.173	19.200	-62.720	-0.55121	-0.74564	0.26474	0.26459	26.2	null	null	13113	75
2026-05-27T16:40:41.232	WT901BLE68(F3:F0:16:BF:DC:AE)	0.106	0.963	-0.254	25.879	49.561	18.555	104.95	-0.63	-39.80	-54.173	19.200	-62.720	-0.55121	-0.74564	0.26474	0.26459	26.2	null	null	13113	75
2026-05-27T16:40:41.352	WT901BLE68(F3:F0:16:BF:DC:AE)	0.104	1.012	-0.130	9.766	50.537	6.348	106.69	-3.21	-34.62	-54.173	19.200	-62.720	-0.57404	-0.74622	0.27225	0.19849	26.2	null	null	13113	75
2026-05-27T16:40:41.442	WT901BLE68(F3:F0:16:BF:DC:AE)	0.195	0.958	-0.251	-5.127	31.677	7.935	106.09	-5.09	-31.06	-54.173	19.200	-62.720	-0.57404	-0.74622	0.27225	0.19849	26.2	null	null	13113	75
2026-05-27T16:40:41.564	WT901BLE68(F3:F0:16:BF:DC:AE)	0.159	0.945	-0.289	-1.404	21.545	4.944	105.30	-6.57	-28.28	-54.173	19.200	-62.720	-0.57404	-0.74622	0.27225	0.19849	26.2	null	null	13113	75
2026-05-27T16:40:41.652	WT901BLE68(F3:F0:16:BF:DC:AE)	0.157	0.941	-0.298	3.113	5.066	3.479	105.42	-7.44	-27.41	-54.173	19.200	-62.720	-0.57404	-0.74622	0.27225	0.19849	26.2	null	null	13113	75
2026-05-27T16:40:41.774	WT901BLE68(F3:F0:16:BF:DC:AE)	0.167	0.947	-0.270	1.770	-12.817	2.136	105.78	-7.73	-27.88	-54.173	19.200	-62.720	-0.57404	-0.74622	0.27225	0.19849	26.2	null	null	13113	75
2026-05-27T16:40:41.863	WT901BLE68(F3:F0:16:BF:DC:AE)	0.200	0.940	-0.262	3.296	-13.855	-3.357	106.20	-7.41	-29.34	-54.173	19.200	-62.720	-0.57404	-0.74622	0.27225	0.19849	26.2	null	null	13113	75
2026-05-27T16:40:41.987	WT901BLE68(F3:F0:16:BF:DC:AE)	0.185	0.941	-0.278	6.226	-14.221	-10.071	106.75	-6.62	-30.40	-54.173	19.200	-62.720	-0.57404	-0.74622	0.27225	0.19849	26.2	null	null	13113	75
2026-05-27T16:40:42.041	WT901BLE68(F3:F0:16:BF:DC:AE)	0.114	0.949	-0.279	1.831	-8.484	-15.686	107.33	-5.36	-31.01	-37.193	16.113	-71.020	-0.57404	-0.74622	0.27225	0.19849	26.2	null	null	13113	75
2026-05-27T16:40:42.166	WT901BLE68(F3:F0:16:BF:DC:AE)	0.081	0.934	-0.349	0.732	-15.991	-15.930	107.39	-3.67	-31.93	-37.193	16.113	-71.020	-0.57404	-0.74622	0.27225	0.19849	26.2	null	null	13113	75
2026-05-27T16:40:42.250	WT901BLE68(F3:F0:16:BF:DC:AE)	0.028	0.948	-0.319	1.526	-35.278	-13.916	107.73	-1.65	-34.29	-37.193	16.113	-71.020	-0.57361	-0.76941	0.24051	0.14499	26.2	null	null	13113	75
2026-05-27T16:40:42.374	WT901BLE68(F3:F0:16:BF:DC:AE)	-0.067	0.984	-0.269	-5.676	-31.067	-12.451	107.53	0.71	-37.68	-37.193	16.113	-71.020	-0.57361	-0.76941	0.24051	0.14499	26.2	null	null	13113	75
2026-05-27T16:40:42.464	WT901BLE68(F3:F0:16:BF:DC:AE)	-0.050	0.977	-0.229	-9.216	-10.559	-8.911	106.37	2.33	-39.48	-37.193	16.113	-71.020	-0.57361	-0.76941	0.24051	0.14499	26.2	null	null	13113	75
2026-05-27T16:40:42.583	WT901BLE68(F3:F0:16:BF:DC:AE)	-0.157	0.947	-0.244	-14.954	-36.621	-4.089	105.16	3.46	-40.85	-37.193	16.113	-71.020	-0.57361	-0.76941	0.24051	0.14499	26.2	null	null	13113	75
2026-05-27T16:40:42.642	WT901BLE68(F3:F0:16:BF:DC:AE)	-0.123	0.958	-0.253	-8.789	-18.372	0.488	104.11	4.35	-42.69	-37.193	16.113	-71.020	-0.57361	-0.76941	0.24051	0.14499	26.2	null	null	13113	75
2026-05-27T16:40:42.765	WT901BLE68(F3:F0:16:BF:DC:AE)	-0.148	0.968	-0.243	-6.775	-16.663	5.676	103.47	4.48	-43.80	-37.193	16.113	-71.020	-0.57361	-0.76941	0.24051	0.14499	26.2	null	null	13113	75
2026-05-27T16:40:42.851	WT901BLE68(F3:F0:16:BF:DC:AE)	-0.140	0.943	-0.245	-3.296	-14.832	9.521	102.94	4.27	-45.20	-37.193	16.113	-71.020	-0.57361	-0.76941	0.24051	0.14499	26.2	null	null	13113	75
2026-05-27T16:40:42.974	WT901BLE68(F3:F0:16:BF:DC:AE)	-0.113	0.982	-0.218	0.427	-10.254	11.047	102.82	3.78	-46.07	-55.980	17.787	-62.640	-0.57361	-0.76941	0.24051	0.14499	26.2	null	null	13113	75
2026-05-27T16:40:43.063	WT901BLE68(F3:F0:16:BF:DC:AE)	-0.130	1.060	-0.049	-5.310	25.146	17.700	102.58	2.68	-45.18	-55.980	17.787	-62.640	-0.57361	-0.76941	0.24051	0.14499	26.2	null	null	13113	75
2026-05-27T16:40:43.183	WT901BLE68(F3:F0:16:BF:DC:AE)	0.035	0.905	-0.324	-7.935	-19.043	26.367	101.55	0.69	-45.30	-55.980	17.787	-62.640	-0.57477	-0.72498	0.28497	0.25046	26.2	null	null	13113	75
2026-05-27T16:40:43.272	WT901BLE68(F3:F0:16:BF:DC:AE)	0.023	0.947	-0.257	11.353	-7.263	24.902	102.10	-1.51	-46.33	-55.980	17.787	-62.640	-0.57477	-0.72498	0.28497	0.25046	26.2	null	null	13113	75
2026-05-27T16:40:43.394	WT901BLE68(F3:F0:16:BF:DC:AE)	0.143	0.958	-0.190	7.019	-22.522	24.292	103.40	-3.44	-48.45	-55.980	17.787	-62.640	-0.57477	-0.72498	0.28497	0.25046	26.2	null	null	13113	75
2026-05-27T16:40:43.453	WT901BLE68(F3:F0:16:BF:DC:AE)	0.157	0.970	-0.232	-1.709	-6.897	13.672	103.72	-5.10	-49.86	-55.980	17.787	-62.640	-0.57477	-0.72498	0.28497	0.25046	26.2	null	null	13113	75
2026-05-27T16:40:43.575	WT901BLE68(F3:F0:16:BF:DC:AE)	0.211	0.951	-0.235	0.366	-10.986	10.559	103.71	-6.17	-50.86	-55.980	17.787	-62.640	-0.57477	-0.72498	0.28497	0.25046	26.2	null	null	13113	75
2026-05-27T16:40:43.666	WT901BLE68(F3:F0:16:BF:DC:AE)	0.154	0.960	-0.252	2.319	2.991	5.310	103.84	-7.08	-50.64	-55.980	17.787	-62.640	-0.57477	-0.72498	0.28497	0.25046	26.2	null	null	13113	75
2026-05-27T16:40:43.787	WT901BLE68(F3:F0:16:BF:DC:AE)	0.180	0.943	-0.274	7.446	8.972	2.563	104.28	-7.74	-49.97	-55.980	17.787	-62.640	-0.57477	-0.72498	0.28497	0.25046	26.2	null	null	13113	75
2026-05-27T16:40:43.872	WT901BLE68(F3:F0:16:BF:DC:AE)	0.182	0.961	-0.243	10.132	19.531	-4.089	105.07	-8.13	-48.21	-48.473	21.447	-62.587	-0.57477	-0.72498	0.28497	0.25046	26.2	null	null	13113	75
2026-05-27T16:40:43.994	WT901BLE68(F3:F0:16:BF:DC:AE)	0.198	0.921	-0.327	9.949	35.339	-11.047	105.47	-8.29	-44.92	-48.473	21.447	-62.587	-0.57477	-0.72498	0.28497	0.25046	26.2	null	null	13113	75
2026-05-27T16:40:44.051	WT901BLE68(F3:F0:16:BF:DC:AE)	0.161	0.944	-0.280	26.123	37.048	-14.954	107.03	-8.25	-41.22	-48.473	21.447	-62.587	-0.57880	-0.72601	0.33224	0.16556	26.2	null	null	13113	75
2026-05-27T16:40:44.175	WT901BLE68(F3:F0:16:BF:DC:AE)	0.170	1.015	-0.134	3.723	54.016	-24.902	108.01	-7.77	-36.54	-48.473	21.447	-62.587	-0.57880	-0.72601	0.33224	0.16556	26.2	null	null	13113	75
2026-05-27T16:40:44.263	WT901BLE68(F3:F0:16:BF:DC:AE)	0.125	0.902	-0.347	-1.953	48.035	-26.428	106.35	-7.00	-30.51	-48.473	21.447	-62.587	-0.57880	-0.72601	0.33224	0.16556	26.2	null	null	13113	75
2026-05-27T16:40:44.382	WT901BLE68(F3:F0:16:BF:DC:AE)	0.164	0.919	-0.371	13.000	20.691	-21.118	106.79	-5.69	-26.98	-48.473	21.447	-62.587	-0.57880	-0.72601	0.33224	0.16556	26.2	null	null	13113	75
2026-05-27T16:40:44.471	WT901BLE68(F3:F0:16:BF:DC:AE)	0.062	0.939	-0.331	10.071	-7.690	-17.456	108.01	-4.32	-25.92	-48.473	21.447	-62.587	-0.57880	-0.72601	0.33224	0.16556	26.2	null	null	13113	75
2026-05-27T16:40:44.592	WT901BLE68(F3:F0:16:BF:DC:AE)	0.013	0.942	-0.310	0.244	-26.001	-16.602	108.64	-2.24	-27.05	-48.473	21.447	-62.587	-0.57880	-0.72601	0.33224	0.16556	26.2	null	null	13113	75
2026-05-27T16:40:44.682	WT901BLE68(F3:F0:16:BF:DC:AE)	-0.030	0.953	-0.292	-5.615	-28.015	-18.494	108.28	0.18	-29.15	-48.473	21.447	-62.587	-0.57880	-0.72601	0.33224	0.16556	26.2	null	null	13113	75
2026-05-27T16:40:44.801	WT901BLE68(F3:F0:16:BF:DC:AE)	-0.048	0.991	-0.290	-4.211	-37.964	-15.686	107.76	2.75	-32.16	-45.040	14.053	-69.953	-0.57880	-0.72601	0.33224	0.16556	26.2	null	null	13113	75
2026-05-27T16:40:44.864	WT901BLE68(F3:F0:16:BF:DC:AE)	-0.229	0.999	-0.294	-9.644	-13.000	-16.663	106.81	4.99	-34.22	-45.040	14.053	-69.953	-0.57880	-0.72601	0.33224	0.16556	26.2	null	null	13113	75
2026-05-27T16:40:44.983	WT901BLE68(F3:F0:16:BF:DC:AE)	-0.195	0.977	-0.288	-7.446	8.362	-15.442	105.99	6.81	-33.84	-45.040	14.053	-69.953	-0.55908	-0.77368	0.21002	0.21133	26.2	null	null	13113	75
2026-05-27T16:40:45.074	WT901BLE68(F3:F0:16:BF:DC:AE)	-0.146	0.912	-0.275	-8.484	-20.569	-1.587	104.81	7.98	-34.90	-45.040	14.053	-69.953	-0.55908	-0.77368	0.21002	0.21133	26.2	null	null	13113	75
2026-05-27T16:40:45.195	WT901BLE68(F3:F0:16:BF:DC:AE)	-0.248	0.939	-0.223	-9.583	-20.874	1.892	103.88	8.33	-36.93	-45.040	14.053	-69.953	-0.55908	-0.77368	0.21002	0.21133	26.2	null	null	13113	75
2026-05-27T16:40:45.282	WT901BLE68(F3:F0:16:BF:DC:AE)	-0.139	0.958	-0.223	-8.728	-14.893	2.319	102.80	8.81	-38.93	-45.040	14.053	-69.953	-0.55908	-0.77368	0.21002	0.21133	26.2	null	null	13113	75
2026-05-27T16:40:45.404	WT901BLE68(F3:F0:16:BF:DC:AE)	-0.162	0.932	-0.238	-4.272	4.028	0.854	102.32	8.76	-39.38	-45.040	14.053	-69.953	-0.55908	-0.77368	0.21002	0.21133	26.2	null	null	13113	75
2026-05-27T16:40:45.459	WT901BLE68(F3:F0:16:BF:DC:AE)	-0.175	0.956	-0.191	2.930	5.127	5.676	102.54	8.25	-39.41	-45.040	14.053	-69.953	-0.55908	-0.77368	0.21002	0.21133	26.2	null	null	13113	75
2026-05-27T16:40:45.587	WT901BLE68(F3:F0:16:BF:DC:AE)	-0.188	0.947	-0.228	4.944	19.348	13.062	103.23	6.67	-37.61	-45.040	14.053	-69.953	-0.55908	-0.77368	0.21002	0.21133	26.2	null	null	13113	75
2026-05-27T16:40:45.672	WT901BLE68(F3:F0:16:BF:DC:AE)	-0.148	0.890	-0.269	1.465	7.690	11.780	103.59	5.53	-36.49	-54.160	17.320	-65.533	-0.55908	-0.77368	0.21002	0.21133	26.2	null	null	13113	75
2026-05-27T16:40:45.794	WT901BLE68(F3:F0:16:BF:DC:AE)	-0.122	1.125	-0.304	28.015	5.493	29.175	105.45	3.25	-37.52	-54.160	17.320	-65.533	-0.55908	-0.77368	0.21002	0.21133	26.2	null	null	13113	75
2026-05-27T16:40:45.913	WT901BLE68(F3:F0:16:BF:DC:AE)	-0.021	0.883	-0.179	15.747	-22.583	24.963	106.61	1.74	-39.07	-54.160	17.320	-65.533	-0.56479	-0.76007	0.24286	0.21027	26.2	null	null	13113	75
2026-05-27T16:40:46.001	WT901BLE68(F3:F0:16:BF:DC:AE)	0.032	1.010	-0.271	6.592	29.419	15.686	106.97	-0.23	-38.56	-54.160	17.320	-65.533	-0.56479	-0.76007	0.24286	0.21027	26.2	null	null	13113	75
2026-05-27T16:40:46.097	WT901BLE68(F3:F0:16:BF:DC:AE)	0.127	0.937	-0.330	4.822	16.418	15.198	107.15	-2.09	-37.07	-54.160	17.320	-65.533	-0.56479	-0.76007	0.24286	0.21027	26.2	null	null	13113	75
2026-05-27T16:40:46.213	WT901BLE68(F3:F0:16:BF:DC:AE)	0.173	0.886	-0.402	19.226	23.804	10.437	108.25	-4.08	-35.73	-54.160	17.320	-65.533	-0.56479	-0.76007	0.24286	0.21027	26.2	null	null	13113	75
2026-05-27T16:40:46.273	WT901BLE68(F3:F0:16:BF:DC:AE)	0.103	1.000	-0.162	30.640	8.850	5.920	111.27	-5.44	-34.93	-54.160	17.320	-65.533	-0.56479	-0.76007	0.24286	0.21027	26.2	null	null	13113	75
2026-05-27T16:40:46.392	WT901BLE68(F3:F0:16:BF:DC:AE)	-0.022	0.962	-0.114	-56.458	65.918	-11.475	108.94	-6.32	-31.81	-54.160	17.320	-65.533	-0.56479	-0.76007	0.24286	0.21027	26.2	null	null	13113	75
2026-05-27T16:40:46.484	WT901BLE68(F3:F0:16:BF:DC:AE)	0.362	0.838	-0.572	1.221	42.358	-10.254	106.03	-6.25	-29.05	-54.160	17.320	-65.533	-0.56479	-0.76007	0.24286	0.21027	26.2	null	null	13113	75
2026-05-27T16:40:46.602	WT901BLE68(F3:F0:16:BF:DC:AE)	0.114	0.930	-0.330	18.982	45.532	-12.878	107.22	-7.07	-23.56	-36.733	16.833	-70.687	-0.56479	-0.76007	0.24286	0.21027	26.2	null	null	13113	75
2026-05-27T16:40:46.697	WT901BLE68(F3:F0:16:BF:DC:AE)	0.131	0.947	-0.294	12.756	6.409	-13.672	108.62	-6.89	-20.54	-36.733	16.833	-70.687	-0.56479	-0.76007	0.24286	0.21027	26.2	null	null	13113	75
2026-05-27T16:40:46.812	WT901BLE68(F3:F0:16:BF:DC:AE)	0.094	0.974	-0.272	1.953	-13.184	-13.977	109.38	-5.56	-19.99	-36.733	16.833	-70.687	-0.57874	-0.79449	0.17499	0.05606	26.2	null	null	13113	75
2026-05-27T16:40:46.871	WT901BLE68(F3:F0:16:BF:DC:AE)	0.122	0.903	-0.400	-0.305	-30.212	-11.841	109.28	-3.81	-21.58	-36.733	16.833	-70.687	-0.57874	-0.79449	0.17499	0.05606	26.2	null	null	13113	75
2026-05-27T16:40:46.994	WT901BLE68(F3:F0:16:BF:DC:AE)	-0.033	0.967	-0.270	-2.563	-46.753	-10.193	109.54	-1.70	-24.40	-36.733	16.833	-70.687	-0.57874	-0.79449	0.17499	0.05606	26.2	null	null	13113	75
2026-05-27T16:40:47.087	WT901BLE68(F3:F0:16:BF:DC:AE)	-0.088	0.990	-0.205	-15.503	-65.063	-4.883	108.61	0.85	-29.70	-36.733	16.833	-70.687	-0.57874	-0.79449	0.17499	0.05606	26.2	null	null	13113	75
2026-05-27T16:40:47.205	WT901BLE68(F3:F0:16:BF:DC:AE)	0.021	0.959	-0.300	-27.039	-48.950	-11.169	105.90	3.60	-35.50	-36.733	16.833	-70.687	-0.57874	-0.79449	0.17499	0.05606	26.2	null	null	13113	75
2026-05-27T16:40:47.292	WT901BLE68(F3:F0:16:BF:DC:AE)	-0.123	0.909	-0.465	-1.953	-18.250	-7.263	104.19	4.99	-38.44	-36.733	16.833	-70.687	-0.57874	-0.79449	0.17499	0.05606	26.2	null	null	13113	75
2026-05-27T16:40:47.413	WT901BLE68(F3:F0:16:BF:DC:AE)	-0.090	1.147	-0.235	-6.348	22.522	0.427	105.19	5.57	-39.61	-36.733	16.833	-70.687	-0.57874	-0.79449	0.17499	0.05606	26.2	null	null	13113	75
2026-05-27T16:40:47.474	WT901BLE68(F3:F0:16:BF:DC:AE)	-0.234	0.987	-0.083	3.052	-14.343	0.427	104.61	5.72	-38.75	-53.647	15.920	-65.593	-0.57874	-0.79449	0.17499	0.05606	26.2	null	null	13113	75
2026-05-27T16:40:47.621	WT901BLE68(F3:F0:16:BF:DC:AE)	-0.163	0.934	-0.193	-6.592	3.723	-0.793	104.00	6.16	-38.29	-53.647	15.920	-65.593	-0.57874	-0.79449	0.17499	0.05606	26.2	null	null	13113	75
2026-05-27T16:40:47.711	WT901BLE68(F3:F0:16:BF:DC:AE)	-0.126	0.936	-0.260	-4.333	5.371	1.038	103.63	6.17	-37.95	-53.647	15.920	-65.593	-0.56894	-0.75238	0.22571	0.24323	26.2	null	null	13113	75
2026-05-27T16:40:47.802	WT901BLE68(F3:F0:16:BF:DC:AE)	-0.181	0.970	-0.162	-5.737	-15.991	5.371	103.02	6.14	-38.16	-53.647	15.920	-65.593	-0.56894	-0.75238	0.22571	0.24323	26.2	null	null	13113	75
2026-05-27T16:40:47.893	WT901BLE68(F3:F0:16:BF:DC:AE)	-0.153	0.986	-0.152	-1.099	26.306	10.742	102.62	5.68	-38.36	-53.647	15.920	-65.593	-0.56894	-0.75238	0.22571	0.24323	26.2	null	null	13113	75
2026-05-27T16:40:48.014	WT901BLE68(F3:F0:16:BF:DC:AE)	-0.099	0.957	-0.319	-6.653	14.709	21.484	102.96	3.42	-35.79	-53.647	15.920	-65.593	-0.56894	-0.75238	0.22571	0.24323	26.2	null	null	13113	75
2026-05-27T16:40:48.103	WT901BLE68(F3:F0:16:BF:DC:AE)	0.090	0.967	-0.255	10.132	5.676	21.484	103.18	1.40	-35.57	-53.647	15.920	-65.593	-0.56894	-0.75238	0.22571	0.24323	26.2	null	null	13113	75
2026-05-27T16:40:48.223	WT901BLE68(F3:F0:16:BF:DC:AE)	-0.039	0.967	-0.359	3.723	78.430	12.512	103.74	-1.42	-32.06	-53.647	15.920	-65.593	-0.56894	-0.75238	0.22571	0.24323	26.2	null	null	13113	75
2026-05-27T16:40:48.281	WT901BLE68(F3:F0:16:BF:DC:AE)	0.102	0.978	-0.220	3.845	-27.893	28.320	104.36	-3.72	-30.45	-53.647	15.920	-65.593	-0.56894	-0.75238	0.22571	0.24323	26.2	null	null	13113	75
2026-05-27T16:40:48.400	WT901BLE68(F3:F0:16:BF:DC:AE)	0.133	0.970	-0.170	-1.160	-42.480	25.574	104.72	-5.45	-35.40	-39.140	18.860	-68.980	-0.56894	-0.75238	0.22571	0.24323	26.2	null	null	13113	75
2026-05-27T16:40:48.493	WT901BLE68(F3:F0:16:BF:DC:AE)	0.206	0.965	-0.210	3.357	-66.589	25.269	105.40	-6.41	-41.19	-39.140	18.860	-68.980	-0.56894	-0.75238	0.22571	0.24323	26.2	null	null	13113	75
2026-05-27T16:40:48.612	WT901BLE68(F3:F0:16:BF:DC:AE)	0.145	1.001	-0.132	-19.409	-39.001	16.602	105.15	-7.15	-45.86	-39.140	18.860	-68.980	-0.57922	-0.72861	0.32013	0.17612	26.2	null	null	13113	75
2026-05-27T16:40:48.705	WT901BLE68(F3:F0:16:BF:DC:AE)	0.232	0.936	-0.300	-17.700	-18.188	6.775	103.08	-7.77	-48.57	-39.140	18.860	-68.980	-0.57922	-0.72861	0.32013	0.17612	26.2	null	null	13113	75
2026-05-27T16:40:48.822	WT901BLE68(F3:F0:16:BF:DC:AE)	0.189	0.943	-0.244	0.061	-10.742	5.676	102.66	-8.18	-49.67	-39.140	18.860	-68.980	-0.57922	-0.72861	0.32013	0.17612	26.2	null	null	13113	75
2026-05-27T16:40:48.911	WT901BLE68(F3:F0:16:BF:DC:AE)	0.155	0.993	-0.105	-2.136	0.916	-0.610	103.10	-8.45	-50.36	-39.140	18.860	-68.980	-0.57922	-0.72861	0.32013	0.17612	26.2	null	null	13113	75
2026-05-27T16:40:49.030	WT901BLE68(F3:F0:16:BF:DC:AE)	0.151	0.966	-0.195	-15.625	4.395	-6.531	101.96	-8.17	-49.64	-39.140	18.860	-68.980	-0.57922	-0.72861	0.32013	0.17612	26.2	null	null	13113	75
2026-05-27T16:40:49.096	WT901BLE68(F3:F0:16:BF:DC:AE)	0.274	0.951	-0.260	0.732	22.217	-9.399	101.01	-7.69	-48.47	-39.140	18.860	-68.980	-0.57922	-0.72861	0.32013	0.17612	26.2	null	null	13113	75
2026-05-27T16:40:49.214	WT901BLE68(F3:F0:16:BF:DC:AE)	0.188	0.940	-0.249	19.104	34.241	-11.292	101.80	-7.53	-45.06	-39.140	18.860	-68.980	-0.57922	-0.72861	0.32013	0.17612	26.2	null	null	13113	75
2026-05-27T16:40:49.300	WT901BLE68(F3:F0:16:BF:DC:AE)	0.163	0.960	-0.203	23.376	49.561	-16.846	103.54	-7.36	-40.61	-45.293	22.540	-62.913	-0.57922	-0.72861	0.32013	0.17612	26.2	null	null	13113	75
2026-05-27T16:40:49.424	WT901BLE68(F3:F0:16:BF:DC:AE)	0.067	0.960	-0.219	5.432	54.626	-26.306	104.02	-6.67	-34.79	-45.293	22.540	-62.913	-0.57922	-0.72861	0.32013	0.17612	26.2	null	null	13113	75
2026-05-27T16:40:49.510	WT901BLE68(F3:F0:16:BF:DC:AE)	0.130	0.932	-0.306	7.568	27.527	-26.184	104.07	-5.14	-30.70	-45.293	22.540	-62.913	-0.60196	-0.74567	0.25262	0.13318	26.2	null	null	13113	75
2026-05-27T16:40:49.634	WT901BLE68(F3:F0:16:BF:DC:AE)	0.046	0.938	-0.339	11.108	-0.549	-20.630	105.03	-3.44	-28.67	-45.293	22.540	-62.913	-0.60196	-0.74567	0.25262	0.13318	26.2	null	null	13113	75
2026-05-27T16:40:49.690	WT901BLE68(F3:F0:16:BF:DC:AE)	-0.025	0.984	-0.232	4.944	-34.363	-22.339	106.03	-0.90	-30.64	-45.293	22.540	-62.913	-0.60196	-0.74567	0.25262	0.13318	26.2	null	null	13113	75
2026-05-27T16:40:49.815	WT901BLE68(F3:F0:16:BF:DC:AE)	-0.125	1.010	-0.188	-1.404	-35.217	-17.090	105.82	2.14	-33.83	-45.293	22.540	-62.913	-0.60196	-0.74567	0.25262	0.13318	26.2	null	null	13113	75
2026-05-27T16:40:49.901	WT901BLE68(F3:F0:16:BF:DC:AE)	-0.137	1.021	-0.194	-16.113	-9.705	-17.273	104.53	4.41	-35.68	-45.293	22.540	-62.913	-0.60196	-0.74567	0.25262	0.13318	26.2	null	null	13113	75
2026-05-27T16:40:50.022	WT901BLE68(F3:F0:16:BF:DC:AE)	-0.200	0.975	-0.211	-18.188	10.498	-15.747	102.75	5.98	-35.16	-45.293	22.540	-62.913	-0.60196	-0.74567	0.25262	0.13318	26.2	null	null	13113	75
2026-05-27T16:40:50.114	WT901BLE68(F3:F0:16:BF:DC:AE)	-0.148	0.928	-0.294	-11.719	8.972	-12.756	101.46	7.27	-34.15	-45.293	22.540	-62.913	-0.60196	-0.74567	0.25262	0.13318	26.2	null	null	13113	75
2026-05-27T16:40:50.233	WT901BLE68(F3:F0:16:BF:DC:AE)	-0.178	0.918	-0.268	-0.977	-14.587	-3.967	101.15	8.19	-34.67	-53.000	17.753	-66.220	-0.60196	-0.74567	0.25262	0.13318	26.2	null	null	13113	75
2026-05-27T16:40:50.327	WT901BLE68(F3:F0:16:BF:DC:AE)	-0.190	0.906	-0.208	2.502	-29.846	7.141	101.05	8.57	-37.28	-53.000	17.753	-66.220	-0.60196	-0.74567	0.25262	0.13318	26.2	null	null	13113	75
2026-05-27T16:40:50.443	WT901BLE68(F3:F0:16:BF:DC:AE)	-0.144	0.977	-0.214	4.700	-29.724	7.385	101.11	8.60	-40.90	-53.000	17.753	-66.220	-0.57874	-0.74194	0.21057	0.26483	26.2	null	null	13113	75
2026-05-27T16:40:50.501	WT901BLE68(F3:F0:16:BF:DC:AE)	-0.179	0.976	-0.163	7.324	-8.179	5.310	101.65	8.33	-42.46	-53.000	17.753	-66.220	-0.57874	-0.74194	0.21057	0.26483	26.2	null	null	13113	75
2026-05-27T16:40:50.623	WT901BLE68(F3:F0:16:BF:DC:AE)	-0.348	0.961	-0.345	60.974	86.670	18.555	103.81	7.16	-40.44	-53.000	17.753	-66.220	-0.57874	-0.74194	0.21057	0.26483	26.2	null	null	13113	75
2026-05-27T16:40:50.714	WT901BLE68(F3:F0:16:BF:DC:AE)	-0.205	0.981	-0.185	12.085	24.963	8.240	105.53	6.00	-38.53	-53.000	17.753	-66.220	-0.57874	-0.74194	0.21057	0.26483	26.2	null	null	13113	75
2026-05-27T16:40:50.834	WT901BLE68(F3:F0:16:BF:DC:AE)	-0.151	0.983	-0.252	13.489	-19.226	27.649	106.67	4.33	-38.86	-53.000	17.753	-66.220	-0.57874	-0.74194	0.21057	0.26483	26.2	null	null	13113	75
2026-05-27T16:40:50.922	WT901BLE68(F3:F0:16:BF:DC:AE)	-0.051	1.008	-0.190	-1.282	17.212	20.630	106.81	2.47	-39.55	-53.000	17.753	-66.220	-0.57874	-0.74194	0.21057	0.26483	26.2	null	null	13113	75
2026-05-27T16:40:51.040	WT901BLE68(F3:F0:16:BF:DC:AE)	0.026	0.901	-0.445	1.160	4.150	20.325	106.68	0.59	-39.65	-53.000	17.753	-66.220	-0.57874	-0.74194	0.21057	0.26483	26.2	null	null	13113	75
2026-05-27T16:40:51.099	WT901BLE68(F3:F0:16:BF:DC:AE)	0.074	0.930	-0.391	10.559	12.634	16.479	107.78	-1.54	-38.74	-46.967	16.933	-68.460	-0.57874	-0.74194	0.21057	0.26483	26.2	null	null	13113	75
2026-05-27T16:40:51.224	WT901BLE68(F3:F0:16:BF:DC:AE)	0.150	0.924	-0.306	30.334	-11.230	21.912	110.04	-3.46	-39.75	-46.967	16.933	-68.460	-0.57874	-0.74194	0.21057	0.26483	26.2	null	null	13113	75
2026-05-27T16:40:51.312	WT901BLE68(F3:F0:16:BF:DC:AE)	0.116	0.976	-0.246	18.921	23.010	7.813	112.36	-5.31	-39.07	-46.967	16.933	-68.460	-0.54156	-0.76706	0.30075	0.16669	26.2	null	null	13113	75
2026-05-27T16:40:51.438	WT901BLE68(F3:F0:16:BF:DC:AE)	0.207	0.958	-0.212	-34.607	81.177	-10.864	110.06	-6.99	-34.26	-46.967	16.933	-68.460	-0.54156	-0.76706	0.30075	0.16669	26.2	null	null	13113	75
2026-05-27T16:40:51.522	WT901BLE68(F3:F0:16:BF:DC:AE)	0.245	0.879	-0.433	-3.784	59.570	-11.169	106.78	-8.33	-26.72	-46.967	16.933	-68.460	-0.54156	-0.76706	0.30075	0.16669	26.2	null	null	13113	75
2026-05-27T16:40:51.643	WT901BLE68(F3:F0:16:BF:DC:AE)	0.150	0.932	-0.330	9.766	27.832	-3.906	107.05	-9.01	-22.54	-46.967	16.933	-68.460	-0.54156	-0.76706	0.30075	0.16669	26.2	null	null	13113	75
2026-05-27T16:40:51.737	WT901BLE68(F3:F0:16:BF:DC:AE)	0.140	0.983	-0.177	-3.357	-0.977	-5.493	107.49	-8.96	-21.77	-46.967	16.933	-68.460	-0.54156	-0.76706	0.30075	0.16669	26.2	null	null	13113	75
2026-05-27T16:40:51.853	WT901BLE68(F3:F0:16:BF:DC:AE)	0.198	0.909	-0.353	-18.494	-2.136	-9.399	105.60	-8.20	-21.16	-46.967	16.933	-68.460	-0.54156	-0.76706	0.30075	0.16669	26.2	null	null	13113	75
2026-05-27T16:40:51.910	WT901BLE68(F3:F0:16:BF:DC:AE)	0.249	0.923	-0.354	14.160	-13.000	-6.104	106.07	-7.46	-21.62	-46.967	16.933	-68.460	-0.54156	-0.76706	0.30075	0.16669	26.2	null	null	13113	75
2026-05-27T16:40:52.031	WT901BLE68(F3:F0:16:BF:DC:AE)	0.113	0.961	-0.247	14.771	-29.602	-7.324	108.09	-6.38	-23.46	-30.467	16.467	-72.320	-0.54156	-0.76706	0.30075	0.16669	26.2	null	null	13113	75
2026-05-27T16:40:52.123	WT901BLE68(F3:F0:16:BF:DC:AE)	0.122	0.949	-0.314	1.160	-40.161	-11.108	108.86	-4.45	-26.80	-30.467	16.467	-72.320	-0.54156	-0.76706	0.30075	0.16669	26.2	null	null	13113	75
2026-05-27T16:40:52.242	WT901BLE68(F3:F0:16:BF:DC:AE)	0.056	0.912	-0.390	-3.662	-49.316	-12.878	108.87	-2.19	-30.40	-30.467	16.467	-72.320	-0.57077	-0.78482	0.21365	0.11200	26.2	null	null	13113	75
2026-05-27T16:40:52.331	WT901BLE68(F3:F0:16:BF:DC:AE)	-0.029	0.942	-0.359	-0.671	-54.382	-12.695	108.83	0.57	-35.00	-30.467	16.467	-72.320	-0.57077	-0.78482	0.21365	0.11200	26.2	null	null	13113	75
2026-05-27T16:40:52.454	WT901BLE68(F3:F0:16:BF:DC:AE)	-0.094	0.970	-0.286	-7.629	-28.564	-10.864	108.62	3.00	-38.91	-30.467	16.467	-72.320	-0.57077	-0.78482	0.21365	0.11200	26.2	null	null	13113	75
2026-05-27T16:40:52.510	WT901BLE68(F3:F0:16:BF:DC:AE)	-0.134	0.997	-0.239	-14.160	-22.034	-8.179	107.52	4.66	-41.02	-30.467	16.467	-72.320	-0.57077	-0.78482	0.21365	0.11200	26.2	null	null	13113	75
2026-05-27T16:40:52.636	WT901BLE68(F3:F0:16:BF:DC:AE)	-0.166	0.972	-0.196	-16.235	-9.216	-5.920	105.81	5.79	-42.27	-30.467	16.467	-72.320	-0.57077	-0.78482	0.21365	0.11200	26.2	null	null	13113	75
2026-05-27T16:40:52.723	WT901BLE68(F3:F0:16:BF:DC:AE)	-0.106	0.948	-0.235	-14.465	6.775	-9.583	104.14	6.69	-42.29	-30.467	16.467	-72.320	-0.57077	-0.78482	0.21365	0.11200	26.2	null	null	13113	75
2026-05-27T16:40:52.845	WT901BLE68(F3:F0:16:BF:DC:AE)	-0.186	0.945	-0.253	-6.104	16.724	-11.414	103.29	7.43	-40.86	-30.467	16.467	-72.320	-0.57077	-0.78482	0.21365	0.11200	26.2	null	null	13113	75
2026-05-27T16:40:52.931	WT901BLE68(F3:F0:16:BF:DC:AE)	-0.252	0.934	-0.263	-6.409	-3.174	-1.526	103.02	7.97	-39.49	-56.733	16.660	-64.827	-0.57077	-0.78482	0.21365	0.11200	26.2	null	null	13113	75
2026-05-27T16:40:53.056	WT901BLE68(F3:F0:16:BF:DC:AE)	-0.139	0.908	-0.274	0.610	-20.752	7.080	102.48	8.23	-41.20	-56.733	16.660	-64.827	-0.57077	-0.78482	0.21365	0.11200	26.2	null	null	13113	75
2026-05-27T16:40:53.108	WT901BLE68(F3:F0:16:BF:DC:AE)	-0.160	0.956	-0.201	6.958	-10.254	7.385	102.80	8.03	-42.79	-56.733	16.660	-64.827	-0.56223	-0.74219	0.23810	0.27612	26.2	null	null	13113	75
2026-05-27T16:40:53.266	WT901BLE68(F3:F0:16:BF:DC:AE)	-0.145	0.977	-0.136	4.700	2.625	11.108	103.38	7.36	-43.45	-56.733	16.660	-64.827	-0.56223	-0.74219	0.23810	0.27612	26.2	null	null	13113	75
2026-05-27T16:40:53.321	WT901BLE68(F3:F0:16:BF:DC:AE)	-0.291	0.884	-0.260	39.795	93.201	30.457	104.36	5.71	-41.65	-56.733	16.660	-64.827	-0.56223	-0.74219	0.23810	0.27612	26.2	null	null	13113	75
2026-05-27T16:40:53.441	WT901BLE68(F3:F0:16:BF:DC:AE)	-0.215	1.034	-0.344	3.235	24.902	6.104	105.89	3.15	-37.67	-56.733	16.660	-64.827	-0.56223	-0.74219	0.23810	0.27612	26.2	null	null	13113	75
2026-05-27T16:40:53.535	WT901BLE68(F3:F0:16:BF:DC:AE)	-0.028	0.938	-0.310	11.169	22.461	24.109	106.80	1.16	-34.96	-56.733	16.660	-64.827	-0.56223	-0.74219	0.23810	0.27612	26.2	null	null	13113	75
2026-05-27T16:40:53.654	WT901BLE68(F3:F0:16:BF:DC:AE)	0.000	0.968	-0.298	15.747	12.634	21.423	107.86	-1.23	-34.60	-56.733	16.660	-64.827	-0.56223	-0.74219	0.23810	0.27612	26.2	null	null	13113	75
2026-05-27T16:40:53.742	WT901BLE68(F3:F0:16:BF:DC:AE)	0.071	0.975	-0.226	6.409	15.930	15.686	108.97	-3.31	-33.96	-56.733	16.660	-64.827	-0.56223	-0.74219	0.23810	0.27612	26.2	null	null	13113	75
2026-05-27T16:40:53.861	WT901BLE68(F3:F0:16:BF:DC:AE)	0.172	0.962	-0.227	-12.512	22.217	12.756	108.22	-5.19	-32.66	-42.207	15.047	-71.220	-0.56223	-0.74219	0.23810	0.27612	26.2	null	null	13113	75
2026-05-27T16:40:53.923	WT901BLE68(F3:F0:16:BF:DC:AE)	0.221	0.892	-0.380	-3.479	18.982	9.460	107.10	-6.93	-31.77	-42.207	15.047	-71.220	-0.56223	-0.74219	0.23810	0.27612	26.2	null	null	13113	75
2026-05-27T16:40:54.039	WT901BLE68(F3:F0:16:BF:DC:AE)	0.183	0.937	-0.289	0.854	5.737	8.972	107.12	-8.31	-30.92	-42.207	15.047	-71.220	-0.58459	-0.76221	0.25391	0.11270	26.2	null	null	13113	75
2026-05-27T16:40:54.136	WT901BLE68(F3:F0:16:BF:DC:AE)	0.203	0.945	-0.279	-2.502	10.925	3.235	107.03	-9.18	-30.40	-42.207	15.047	-71.220	-0.58459	-0.76221	0.25391	0.11270	26.2	null	null	13113	75
2026-05-27T16:40:54.254	WT901BLE68(F3:F0:16:BF:DC:AE)	0.165	0.961	-0.234	-9.094	5.249	2.563	106.40	-9.79	-29.44	-42.207	15.047	-71.220	-0.58459	-0.76221	0.25391	0.11270	26.2	null	null	13113	75
2026-05-27T16:40:54.344	WT901BLE68(F3:F0:16:BF:DC:AE)	0.235	0.938	-0.268	-7.996	-3.357	3.723	105.43	-10.12	-29.72	-42.207	15.047	-71.220	-0.58459	-0.76221	0.25391	0.11270	26.2	null	null	13113	75
2026-05-27T16:40:54.463	WT901BLE68(F3:F0:16:BF:DC:AE)	0.150	0.974	-0.204	-8.301	8.545	-0.244	104.63	-10.51	-29.51	-42.207	15.047	-71.220	-0.58459	-0.76221	0.25391	0.11270	26.2	null	null	13113	75
2026-05-27T16:40:54.551	WT901BLE68(F3:F0:16:BF:DC:AE)	0.186	0.952	-0.248	-7.568	-17.029	4.639	103.92	-10.57	-30.44	-42.207	15.047	-71.220	-0.58459	-0.76221	0.25391	0.11270	26.2	null	null	13113	75
2026-05-27T16:40:54.675	WT901BLE68(F3:F0:16:BF:DC:AE)	0.179	0.944	-0.261	-7.263	-32.471	6.531	103.73	-10.53	-32.92	-42.207	15.047	-71.220	-0.58459	-0.76221	0.25391	0.11270	26.2	null	null	13113	75
2026-05-27T16:40:54.731	WT901BLE68(F3:F0:16:BF:DC:AE)	0.254	0.935	-0.270	-1.953	-45.654	10.010	104.05	-10.42	-37.31	-35.287	19.960	-68.807	-0.58459	-0.76221	0.25391	0.11270	26.2	null	null	13113	75
2026-05-27T16:40:54.852	WT901BLE68(F3:F0:16:BF:DC:AE)	0.181	0.943	-0.270	9.460	-52.917	12.024	105.49	-10.34	-42.13	-35.287	19.960	-68.807	-0.58459	-0.76221	0.25391	0.11270	26.2	null	null	13113	75
2026-05-27T16:40:54.939	WT901BLE68(F3:F0:16:BF:DC:AE)	0.142	0.954	-0.228	21.973	-72.266	16.846	107.96	-9.99	-48.11	-35.287	19.960	-68.807	-0.58121	-0.71805	0.34857	0.15802	26.2	null	null	13113	75
