sep=,
DeviceTag:,23_Right
FirmwareVersion:,2.2.1
AppVersion:,2023.6.0
SyncStatus:,Synced
OutputRate:,30Hz
FilterProfile:,General
Measurement Mode:,Sensor fusion Mode - Complete(Quaternion)
StartTime: ,2026-05-27_15:42:06_528 AEST
© Movella Technologies B. V. 2005-2026

PacketCounter,SampleTimeFine,Quat_W,Quat_X,Quat_Y,Quat_Z,FreeAcc_X,FreeAcc_Y,FreeAcc_Z
1,1099982131,-0.699975,0.610707,0.084911,-0.360405,-0.478439,-0.711586,0.169776
2,1100015465,-0.704606,0.610660,0.086898,-0.350861,-0.008976,-0.831073,0.425960
3,1100048799,-0.710007,0.605734,0.096585,-0.345944,-0.352414,-0.618538,0.592696
4,1100082133,-0.715911,0.599249,0.107252,-0.341906,-0.466629,-0.441451,0.534663
5,1100115467,-0.724123,0.592548,0.112683,-0.334464,-0.837772,0.193132,0.618209
6,1100148801,-0.734284,0.589579,0.106747,-0.319154,0.032579,0.469803,0.295362
7,1100182135,-0.746228,0.591128,0.087853,-0.293298,-0.021445,-0.587949,0.582392
8,1100215469,-0.757224,0.592199,0.064935,-0.267818,-0.301313,-0.912155,0.403034
9,1100248803,-0.766371,0.591788,0.042030,-0.246429,0.096356,-1.371559,0.032302
10,1100282137,-0.772915,0.589887,0.024796,-0.232488,0.071849,-1.401116,0.027033
11,1100315471,-0.777645,0.585879,0.016662,-0.227524,0.252536,-1.242140,0.100820
12,1100348805,-0.781601,0.580428,0.015156,-0.228044,0.488154,-0.835661,-0.232031
13,1100382139,-0.785086,0.575384,0.015171,-0.228855,0.631981,-0.547300,-0.470613
14,1100415473,-0.788334,0.571519,0.013774,-0.227456,0.859901,-0.514454,-0.469037
15,1100448807,-0.791438,0.568832,0.010721,-0.223542,1.030762,-0.746141,-0.384330
16,1100482141,-0.794073,0.566929,0.007609,-0.219118,1.173698,-0.867387,-0.330787
17,1100515475,-0.795584,0.566259,0.005477,-0.215401,1.307610,-0.997121,-0.152285
18,1100548809,-0.795273,0.567096,0.006123,-0.214328,1.233283,-1.158453,0.000195
19,1100582143,-0.792668,0.569377,0.010693,-0.217723,0.974901,-0.893642,0.178723
20,1100615477,-0.787860,0.573095,0.016734,-0.224921,0.622600,-0.713640,0.068417
21,1100648811,-0.780942,0.578203,0.022905,-0.235197,0.243025,-0.594778,0.143353
22,1100682145,-0.772483,0.583222,0.030059,-0.249499,-0.169663,-0.524896,-0.016209
23,1100715479,-0.762679,0.587292,0.039853,-0.268053,-0.175536,-0.564801,-0.170633
24,1100748813,-0.751203,0.589860,0.054759,-0.291191,-0.230195,-0.603890,-0.024169
25,1100782147,-0.738471,0.589386,0.075192,-0.318844,-0.302555,-0.069751,0.137749
26,1100815481,-0.725433,0.586763,0.096333,-0.346707,-0.120734,0.376533,-0.006658
27,1100848815,-0.712931,0.584151,0.114060,-0.370835,-0.258500,0.677202,-0.005700
28,1100882149,-0.701582,0.582534,0.127441,-0.390161,-0.373316,0.749914,0.062762
29,1100915483,-0.691832,0.581919,0.137090,-0.404938,-0.423683,0.530782,-0.101407
30,1100948817,-0.683386,0.581476,0.145242,-0.416900,-0.534461,0.454152,-0.210956
31,1100982151,-0.675735,0.580592,0.153396,-0.427547,-0.707556,0.422587,0.003651
32,1101015485,-0.669455,0.578886,0.161090,-0.436810,-0.955123,0.529546,0.195428
33,1101048819,-0.665298,0.576823,0.166451,-0.443823,-1.029109,0.787460,0.206320
34,1101082153,-0.663591,0.575775,0.168008,-0.447140,-1.183690,0.838828,0.147605
35,1101115487,-0.664212,0.576342,0.165814,-0.446306,-1.243807,0.706152,0.156452
36,1101148821,-0.667027,0.577911,0.161161,-0.441759,-1.173331,0.567157,0.142908
37,1101182155,-0.671682,0.580280,0.154583,-0.433881,-0.895881,0.373785,0.174050
38,1101215489,-0.677007,0.582571,0.147772,-0.424814,-0.669290,0.206532,0.038080
39,1101248823,-0.682555,0.584405,0.141926,-0.415305,-0.364772,-0.040986,0.034252
40,1101282157,-0.687715,0.585175,0.138733,-0.406697,-0.205455,-0.087991,-0.066444
41,1101315491,-0.691890,0.584908,0.139026,-0.399842,-0.125368,-0.207270,-0.089678
42,1101348825,-0.695279,0.584028,0.142263,-0.394070,-0.078228,-0.285553,-0.129149
43,1101382159,-0.697757,0.582975,0.147650,-0.389238,-0.060555,-0.405314,-0.069903
44,1101415493,-0.699604,0.581881,0.153702,-0.385195,-0.028943,-0.519751,0.011910
45,1101448827,-0.700946,0.580847,0.159160,-0.382088,-0.030746,-0.603711,0.193397
46,1101482161,-0.701970,0.580077,0.162600,-0.379923,-0.080984,-0.590748,0.267199
47,1101515495,-0.702809,0.580037,0.162697,-0.378386,-0.054617,-0.608633,0.283245
48,1101548829,-0.703080,0.580228,0.160589,-0.378492,-0.122345,-0.614051,0.261346
49,1101582163,-0.702939,0.580280,0.157434,-0.379997,-0.150499,-0.538535,0.168190
50,1101615497,-0.702557,0.580163,0.153897,-0.382324,-0.187596,-0.360773,0.062295
51,1101648831,-0.702293,0.580116,0.149637,-0.384564,-0.208158,-0.190655,0.040884
52,1101682165,-0.702114,0.580119,0.145058,-0.386634,-0.165091,-0.060025,0.134726
53,1101715499,-0.701912,0.580049,0.140575,-0.388757,-0.186546,0.023066,0.191422
54,1101748833,-0.701560,0.579873,0.136568,-0.391077,-0.247844,0.177359,0.182186
55,1101782167,-0.701022,0.579692,0.132923,-0.393558,-0.323334,0.301277,0.106913
56,1101815501,-0.700501,0.579486,0.129681,-0.395863,-0.411962,0.466107,0.076628
57,1101848835,-0.700711,0.579512,0.126132,-0.396599,-0.572854,0.557797,0.018965
58,1101882169,-0.702017,0.579993,0.121737,-0.394956,-0.570301,0.553418,-0.027367
59,1101915503,-0.704534,0.580751,0.116763,-0.390843,-0.598051,0.440965,-0.041081
60,1101948837,-0.707911,0.581562,0.111904,-0.384909,-0.634545,0.297603,0.048013
61,1101982171,-0.711715,0.582251,0.107638,-0.378009,-0.531401,0.233572,0.075808
62,1102015505,-0.715795,0.582831,0.103961,-0.370363,-0.400669,0.031495,0.118531
63,1102048839,-0.719742,0.582983,0.101515,-0.363080,-0.309925,-0.056838,-0.046279
64,1102082173,-0.723405,0.582897,0.100160,-0.356251,-0.152824,-0.157783,-0.185150
65,1102115507,-0.726534,0.582751,0.100237,-0.350048,-0.121115,-0.195241,-0.165490
66,1102148841,-0.729394,0.582850,0.100939,-0.343676,-0.098718,-0.366120,-0.078123
67,1102182175,-0.732012,0.582953,0.102067,-0.337545,-0.057624,-0.388979,-0.101654
68,1102215509,-0.734440,0.583302,0.102766,-0.331401,-0.151395,-0.456103,-0.012365
69,1102248843,-0.736755,0.584082,0.102179,-0.325008,-0.200921,-0.548468,0.005755
70,1102282177,-0.738697,0.585000,0.100705,-0.319362,-0.369817,-0.803903,0.036865
71,1102315511,-0.740050,0.586029,0.098337,-0.315049,-0.506236,-1.013765,0.168236
72,1102348845,-0.740539,0.587003,0.096127,-0.312761,-0.431751,-1.065737,0.154884
73,1102382179,-0.739573,0.587043,0.097625,-0.314503,-0.332476,-0.856574,0.027169
74,1102415513,-0.737368,0.586596,0.101755,-0.319172,-0.302062,-0.713040,0.081430
75,1102448847,-0.734443,0.585967,0.106999,-0.325297,-0.232833,-0.474529,0.110241
76,1102482181,-0.731100,0.585340,0.112294,-0.332100,-0.231963,-0.406208,0.018260
77,1102515515,-0.727349,0.584824,0.117606,-0.339329,-0.250451,-0.249923,0.052590
78,1102548849,-0.723898,0.583964,0.122639,-0.346336,-0.290274,-0.481716,0.086441
79,1102582183,-0.720437,0.582003,0.128788,-0.354524,-0.505091,-0.082065,-0.008381
80,1102615517,-0.717118,0.580724,0.132969,-0.361733,-0.647299,0.142992,0.084031
81,1102648851,-0.714060,0.580828,0.134089,-0.367162,-0.653721,0.067687,0.140188
82,1102682185,-0.710902,0.581096,0.134530,-0.372664,-0.665835,-0.037578,0.140864
83,1102715519,-0.707672,0.580822,0.135778,-0.378737,-0.681631,0.112828,0.171787
84,1102748853,-0.704925,0.580481,0.136940,-0.383927,-0.597578,0.170172,0.124654
85,1102782187,-0.703007,0.580140,0.137591,-0.387709,-0.481346,0.177769,0.023612
86,1102815521,-0.701942,0.579772,0.137643,-0.390161,-0.419725,0.185081,-0.074635
87,1102848855,-0.701602,0.579690,0.136900,-0.391158,-0.381361,0.161907,-0.055959
88,1102882189,-0.701582,0.579907,0.136042,-0.391169,-0.325970,0.060422,0.039392
89,1102915523,-0.701442,0.580116,0.135958,-0.391140,-0.305446,0.023870,0.109781
90,1102948857,-0.701083,0.580216,0.136715,-0.391372,-0.297225,0.025835,0.089522
91,1102982191,-0.700502,0.580271,0.137862,-0.391927,-0.285779,-0.020216,0.030275
92,1103015525,-0.699796,0.580334,0.139155,-0.392639,-0.313714,-0.066207,0.030899
93,1103048859,-0.699112,0.580264,0.140610,-0.393441,-0.334693,-0.052892,0.001393
94,1103082193,-0.698733,0.580119,0.141777,-0.393910,-0.270576,-0.099323,0.072636
95,1103115527,-0.698803,0.579891,0.142289,-0.393935,-0.255526,-0.106562,0.006126
96,1103148861,-0.699188,0.579655,0.142035,-0.393690,-0.100666,-0.216651,-0.134339
97,1103182195,-0.699709,0.579105,0.141879,-0.393632,0.055083,-0.257282,-0.174001
98,1103215529,-0.700139,0.578022,0.142650,-0.394180,0.174896,-0.200497,-0.129077
99,1103248863,-0.700575,0.576654,0.144008,-0.394914,0.268826,-0.101143,-0.121094
100,1103282197,-0.701193,0.575628,0.145027,-0.394942,0.405197,-0.050267,-0.049640
101,1103315531,-0.701946,0.575110,0.145665,-0.394123,0.454824,-0.128781,0.016717
102,1103348865,-0.702632,0.574888,0.146466,-0.392926,0.539631,-0.216904,0.107570
103,1103382199,-0.703024,0.574740,0.147830,-0.391930,0.485110,-0.274969,0.095593
104,1103415533,-0.702908,0.574710,0.149670,-0.391482,0.427585,-0.359865,0.032947
105,1103448867,-0.702327,0.575048,0.151464,-0.391339,0.288797,-0.421429,0.101538
106,1103482201,-0.701412,0.575602,0.152929,-0.391597,0.243617,-0.480608,0.133633
107,1103515535,-0.700284,0.576197,0.154098,-0.392281,0.124886,-0.554547,0.085692
108,1103548869,-0.698861,0.576739,0.155211,-0.393581,0.094790,-0.589544,0.030974
109,1103582203,-0.696866,0.576674,0.157457,-0.396311,0.147198,-0.568256,0.126607
110,1103615537,-0.694524,0.575797,0.160912,-0.400291,0.140608,-0.378472,0.173923
111,1103648871,-0.692228,0.574944,0.164042,-0.404204,0.163200,-0.151986,0.177108
112,1103682205,-0.690167,0.574720,0.165783,-0.407324,0.175779,-0.154901,0.117115
113,1103715539,-0.688005,0.574692,0.167137,-0.410456,0.235594,-0.144736,0.086687
114,1103748873,-0.685712,0.574557,0.168691,-0.413833,0.238039,-0.073050,-0.067667
115,1103782207,-0.683404,0.574584,0.170658,-0.416796,0.227726,-0.016479,-0.037033
116,1103815541,-0.681281,0.574636,0.173444,-0.419043,0.208013,-0.083003,0.083235
117,1103848875,-0.679253,0.574212,0.177733,-0.421115,0.208398,-0.170321,0.199343
118,1103882209,-0.677074,0.573155,0.183634,-0.423526,0.156528,-0.171093,0.365798
119,1103915543,-0.674772,0.571881,0.189997,-0.426105,0.121809,-0.165839,0.353051
120,1103948877,-0.672299,0.570674,0.195686,-0.429048,0.050819,-0.255294,0.052369
121,1103982211,-0.669844,0.569689,0.200037,-0.432181,0.028550,-0.290657,-0.056032
122,1104015545,-0.667936,0.568716,0.202963,-0.435040,0.017608,-0.331703,-0.048286
123,1104048879,-0.666935,0.567488,0.204856,-0.437287,0.074649,-0.232456,0.108768
124,1104082213,-0.667207,0.566116,0.205085,-0.438542,0.116684,-0.122075,0.067148
125,1104115547,-0.668633,0.565521,0.202760,-0.438218,0.235878,-0.045349,0.184287
126,1104148881,-0.670392,0.565635,0.198714,-0.437236,0.262271,-0.127081,0.186322
127,1104182215,-0.671731,0.565961,0.194494,-0.436656,0.259049,-0.099523,0.117709
128,1104215549,-0.672721,0.566510,0.190184,-0.436320,0.147158,0.028755,-0.032856
129,1104248883,-0.673758,0.567439,0.185571,-0.435497,0.061218,0.038453,-0.166411
130,1104282217,-0.675027,0.568565,0.181319,-0.433851,0.057960,0.072001,-0.156706
131,1104315551,-0.676576,0.569550,0.178223,-0.431422,0.085826,-0.044840,-0.114623
132,1104348885,-0.678085,0.570336,0.176619,-0.428666,0.121224,-0.062553,-0.121644
133,1104382219,-0.679351,0.571099,0.176053,-0.425870,0.071540,-0.195322,-0.219728
134,1104415553,-0.680183,0.571711,0.176170,-0.423665,0.079598,-0.261822,-0.179651
135,1104448887,-0.680682,0.572228,0.176277,-0.422118,0.079303,-0.208782,-0.016881
136,1104482221,-0.681207,0.572808,0.175465,-0.420820,0.038561,-0.185461,0.085179
137,1104515555,-0.681788,0.573635,0.173329,-0.419638,-0.025926,-0.082472,0.275779
138,1104548889,-0.682594,0.574657,0.169746,-0.418391,-0.107853,-0.008878,0.345828
139,1104582223,-0.683629,0.575806,0.164985,-0.417025,-0.197071,0.042577,0.294394
140,1104615557,-0.684936,0.576875,0.159764,-0.415433,-0.343693,0.087790,0.180939
141,1104648891,-0.686824,0.577614,0.154770,-0.413173,-0.350442,0.080396,0.014359
142,1104682225,-0.689640,0.578029,0.150104,-0.409608,-0.333150,0.048547,-0.066145
143,1104715559,-0.693295,0.578156,0.145588,-0.404862,-0.170258,0.016155,-0.057270
144,1104748893,-0.697311,0.578102,0.141241,-0.399545,-0.017217,-0.028787,-0.033694
145,1104782227,-0.701111,0.578091,0.137030,-0.394345,0.166295,-0.067703,0.003069
146,1104815561,-0.704413,0.578283,0.133059,-0.389508,0.201226,-0.034057,0.011405
147,1104848895,-0.707175,0.579042,0.129193,-0.384649,0.271096,-0.102854,-0.075119
148,1104882229,-0.709284,0.580152,0.126300,-0.380025,0.303623,-0.239771,-0.050478
149,1104915563,-0.710650,0.581086,0.125296,-0.376360,0.261365,-0.408799,-0.008289
150,1104948897,-0.711411,0.581761,0.125935,-0.373657,0.207631,-0.351142,-0.046965
151,1104982231,-0.711726,0.582517,0.126934,-0.371534,0.232023,-0.362046,-0.069605
152,1105015565,-0.711576,0.583358,0.127753,-0.370221,0.211861,-0.410668,-0.069161
153,1105048899,-0.710949,0.583913,0.128678,-0.370229,0.257915,-0.330372,0.078054
154,1105082233,-0.709466,0.583961,0.130348,-0.372408,0.162627,-0.262545,0.011714
155,1105115567,-0.706626,0.583869,0.132711,-0.377088,-0.123087,-0.054018,-0.356700
156,1105148901,-0.702491,0.585159,0.134010,-0.382319,-0.176896,0.170300,-0.134524
157,1105182235,-0.698314,0.584251,0.137117,-0.390177,-1.129823,-0.576631,1.113629
158,1105215569,-0.695270,0.580245,0.142217,-0.399649,-1.516870,0.732538,0.725800
159,1105248903,-0.694709,0.580077,0.140040,-0.401635,-0.934672,0.660776,0.331638
160,1105282237,-0.695948,0.582347,0.134241,-0.398169,-0.738990,0.469237,0.037851
161,1105315571,-0.698479,0.585535,0.127047,-0.391364,-0.464062,0.178305,-0.302477
162,1105348905,-0.701074,0.588841,0.120790,-0.383670,-0.306194,-0.035098,-0.534593
163,1105382239,-0.703039,0.591531,0.117482,-0.376902,-0.170988,-0.269985,-0.523703
164,1105415573,-0.704084,0.593006,0.118550,-0.372271,-0.196889,-0.358375,-0.208648
165,1105448907,-0.704580,0.593171,0.123074,-0.369593,-0.317716,-0.469565,0.071038
166,1105482241,-0.704812,0.592397,0.129027,-0.368360,-0.518675,-0.382369,0.329208
167,1105515575,-0.705003,0.591323,0.133897,-0.367981,-0.685563,-0.432811,0.476451
168,1105548909,-0.705036,0.590068,0.136941,-0.368811,-0.763693,-0.401292,0.467203
169,1105582243,-0.704850,0.588868,0.138224,-0.370601,-0.694093,-0.106352,0.312546
170,1105615577,-0.704780,0.588521,0.137192,-0.371668,-0.505416,-0.011877,0.169437
171,1105648911,-0.704809,0.588681,0.135117,-0.372120,-0.329560,0.006128,0.053233
172,1105682245,-0.705120,0.588805,0.132873,-0.372142,-0.163513,-0.042321,0.003141
173,1105715579,-0.705646,0.588696,0.131146,-0.371930,-0.085006,-0.076500,-0.036499
174,1105748913,-0.706100,0.588327,0.130389,-0.371920,-0.059183,-0.011069,-0.069517
175,1105782247,-0.706407,0.587932,0.130377,-0.371965,-0.141617,0.043157,0.021725
176,1105815581,-0.706831,0.587648,0.130335,-0.371623,-0.220392,0.096542,0.157166
177,1105848915,-0.707614,0.587540,0.129595,-0.370561,-0.289107,0.068511,0.219954
178,1105882249,-0.708688,0.587508,0.128153,-0.369057,-0.347871,-0.012642,0.167348
179,1105915583,-0.709982,0.587227,0.126361,-0.367633,-0.271713,-0.086842,0.057631
180,1105948917,-0.711417,0.586405,0.124943,-0.366655,-0.074506,-0.045490,-0.008447
181,1105982251,-0.712977,0.585366,0.123769,-0.365681,-0.027572,0.014760,0.029647
182,1106015585,-0.714519,0.584640,0.122551,-0.364240,0.039059,0.094274,0.031632
183,1106048919,-0.715850,0.584592,0.120797,-0.362285,0.005682,0.101527,0.023524
184,1106082253,-0.716929,0.584862,0.118866,-0.360349,-0.029101,0.060357,0.002005
185,1106115587,-0.717994,0.585060,0.117122,-0.358473,-0.093813,0.125368,0.002906
186,1106148921,-0.719374,0.585549,0.114608,-0.355709,-0.226239,0.162636,-0.045913
187,1106182255,-0.721197,0.586431,0.110959,-0.351699,-0.157932,0.159624,0.025758
188,1106215589,-0.723313,0.587303,0.107035,-0.347085,-0.181440,0.054578,-0.009055
189,1106248923,-0.725352,0.588142,0.103622,-0.342413,-0.149069,-0.012617,-0.009364
190,1106282257,-0.727201,0.588998,0.100818,-0.337825,-0.174290,-0.070715,0.000521
191,1106315591,-0.728885,0.589738,0.098710,-0.333500,-0.175879,-0.145703,0.055481
192,1106348925,-0.730409,0.590313,0.097155,-0.329581,-0.171946,-0.249864,0.048004
193,1106382259,-0.731776,0.590807,0.095768,-0.326052,-0.159674,-0.260060,0.014984
194,1106415593,-0.732766,0.591318,0.094526,-0.323255,-0.176391,-0.378194,0.014030
195,1106448927,-0.733169,0.591646,0.094120,-0.321854,-0.256015,-0.292831,0.102420
196,1106482261,-0.733267,0.591949,0.093663,-0.321208,-0.350072,-0.148937,0.133879
197,1106515595,-0.733452,0.592085,0.092501,-0.320870,-0.409332,-0.126861,0.146562
198,1106548929,-0.733986,0.591824,0.090604,-0.320671,-0.513290,0.035953,0.141792
199,1106582263,-0.735340,0.591410,0.086950,-0.319343,-0.532278,0.110443,0.067089
200,1106615597,-0.737569,0.590963,0.081503,-0.316455,-0.456633,0.016666,0.048524
201,1106648931,-0.740356,0.590204,0.075560,-0.312815,-0.313003,-0.127181,0.023219
202,1106682265,-0.743239,0.588951,0.070490,-0.309507,-0.153260,-0.245715,-0.028894
203,1106715599,-0.745785,0.587345,0.066979,-0.307205,0.016206,-0.286729,-0.002047
204,1106748933,-0.747770,0.585596,0.065331,-0.306071,0.114768,-0.274976,-0.052731
205,1106782267,-0.749119,0.584036,0.065047,-0.305813,0.218027,-0.224566,-0.011375
206,1106815601,-0.749913,0.582797,0.065408,-0.306156,0.237943,-0.216926,0.024520
207,1106848935,-0.750159,0.581926,0.066012,-0.307077,0.204393,-0.198003,-0.064350
208,1106882269,-0.749983,0.581411,0.066460,-0.308384,0.199538,-0.154370,-0.026357
209,1106915603,-0.749474,0.581127,0.066598,-0.310121,0.220494,-0.081021,0.056483
210,1106948937,-0.748835,0.581118,0.066123,-0.311780,0.182337,0.007383,0.013183
211,1106982271,-0.748106,0.581442,0.065007,-0.313157,0.074453,0.100048,-0.009596
212,1107015605,-0.747487,0.582101,0.063338,-0.313753,-0.050312,0.067763,-0.024377
213,1107048939,-0.747043,0.582774,0.061862,-0.313856,-0.177372,0.036416,0.007663
214,1107082273,-0.746853,0.583189,0.060967,-0.313712,-0.267072,-0.021569,0.017840
215,1107115607,-0.746791,0.583313,0.060871,-0.313648,-0.190635,-0.064563,0.126801
216,1107148941,-0.746870,0.582978,0.062248,-0.313813,-0.100887,-0.131311,0.449582
217,1107182275,-0.747385,0.581935,0.064994,-0.313965,-0.010899,-0.120434,0.652273
218,1107215609,-0.748379,0.580171,0.067406,-0.314354,-0.022860,-0.034541,0.507025
219,1107248943,-0.749830,0.577966,0.066923,-0.315060,0.075046,0.204178,0.446897
220,1107282277,-0.751855,0.576097,0.060887,-0.314881,0.224793,0.500597,0.512660
221,1107315611,-0.754638,0.574459,0.049539,-0.313201,0.370336,0.575653,0.426673
222,1107348945,-0.757988,0.572445,0.035428,-0.310704,0.507488,0.682765,-0.135998
223,1107382279,-0.761426,0.570718,0.020015,-0.306826,0.564334,0.786406,-0.676661
224,1107415613,-0.764763,0.569687,0.005278,-0.300994,0.697056,0.794768,-0.725033
225,1107448947,-0.767996,0.569146,-0.006147,-0.293680,0.727045,0.776786,-0.822202
226,1107482281,-0.771045,0.569478,-0.013616,-0.284659,0.735867,0.754626,-0.565125
227,1107515615,-0.773917,0.570740,-0.017796,-0.273903,0.604655,0.724330,-0.422885
228,1107548949,-0.776382,0.572848,-0.019180,-0.262181,0.430314,0.549187,-0.158483
229,1107582283,-0.778513,0.575281,-0.018378,-0.250326,0.199099,0.378543,0.075769
230,1107615617,-0.780569,0.577737,-0.016983,-0.238064,-0.028512,0.302722,0.179023
231,1107648951,-0.782773,0.580243,-0.017860,-0.224267,-0.044567,-0.027659,0.298472
232,1107682285,-0.784839,0.582350,-0.020108,-0.211004,-0.155883,-0.187311,0.195121
233,1107715619,-0.786239,0.583816,-0.021162,-0.201421,-0.226439,-0.388537,-0.109859
234,1107748953,-0.787535,0.585628,-0.023459,-0.190550,-0.032383,-0.630257,0.199982
235,1107782287,-0.788243,0.587379,-0.024307,-0.181930,-0.045800,-0.611346,0.161233
236,1107815621,-0.788611,0.589084,-0.023902,-0.174734,-0.112087,-1.043839,0.199483
237,1107848955,-0.788554,0.590751,-0.020891,-0.169676,-0.255029,-0.766218,-0.008953
238,1107882289,-0.787888,0.593213,-0.019380,-0.164274,-0.443529,-0.903212,0.145369
239,1107915623,-0.786822,0.595653,-0.018358,-0.160629,-0.666557,-0.929489,0.213456
240,1107948957,-0.785655,0.597537,-0.017423,-0.159441,-0.852169,-1.052151,0.397835
241,1107982291,-0.784390,0.598284,-0.014495,-0.163124,-0.862363,-0.879707,0.350077
242,1108015625,-0.783220,0.597825,-0.010081,-0.170587,-0.641139,-0.508033,0.413523
243,1108048959,-0.782291,0.596490,-0.005960,-0.179489,-0.536611,-0.284697,0.166606
244,1108082293,-0.781477,0.594997,-0.003434,-0.187859,-0.286927,-0.113841,-0.022491
245,1108115627,-0.780710,0.593499,-0.001998,-0.195648,-0.217401,-0.080276,-0.097942
246,1108148961,-0.779857,0.592262,-0.000967,-0.202681,-0.023770,-0.005075,-0.098136
247,1108182295,-0.778717,0.591133,0.001101,-0.210218,0.060396,-0.037330,-0.074433
248,1108215629,-0.777227,0.590023,0.005130,-0.218620,0.103881,0.104566,-0.109124
249,1108248963,-0.775382,0.589186,0.010295,-0.227083,0.204084,0.319882,-0.119817
250,1108282297,-0.773197,0.589068,0.015284,-0.234439,0.236205,0.444951,-0.000010
251,1108315631,-0.770631,0.589687,0.020553,-0.240844,0.139765,0.378516,0.024473
252,1108348965,-0.767856,0.590804,0.026999,-0.246270,0.021579,0.379683,-0.011953
253,1108382299,-0.765160,0.592193,0.034253,-0.250390,-0.139922,0.226051,-0.010004
254,1108415633,-0.762558,0.593573,0.042252,-0.253814,-0.190882,-0.002654,0.017710
255,1108448967,-0.760110,0.594460,0.051489,-0.257352,-0.235000,-0.255332,0.158717
256,1108482301,-0.757874,0.594654,0.061555,-0.261256,-0.176026,-0.343741,0.128501
257,1108515635,-0.755653,0.594517,0.071313,-0.265487,-0.135647,-0.485218,0.144144
258,1108548969,-0.753170,0.594021,0.080800,-0.270879,-0.094597,-0.612983,0.167689
259,1108582303,-0.750459,0.593113,0.089752,-0.277498,0.013922,-0.620398,0.119106
260,1108615637,-0.747635,0.591967,0.097562,-0.284831,-0.033601,-0.572258,0.040611
261,1108648971,-0.744742,0.590843,0.103816,-0.292432,0.069014,-0.512831,0.212448
262,1108682305,-0.741851,0.589443,0.109181,-0.300541,0.056699,-0.441446,0.054108
263,1108715639,-0.738827,0.588014,0.113354,-0.309122,0.133416,-0.139048,-0.044543
264,1108748973,-0.736076,0.587910,0.114497,-0.315397,0.003388,0.238222,-0.112255
265,1108782307,-0.733421,0.588793,0.113557,-0.320237,0.031675,-0.206095,-0.175900
266,1108815641,-0.730889,0.589657,0.113421,-0.324457,0.080698,-0.258904,-0.105355
267,1108848975,-0.728221,0.589766,0.115662,-0.329429,0.025962,-0.057740,-0.121835
268,1108882309,-0.725804,0.589843,0.118154,-0.333713,0.018009,-0.023305,-0.065045
269,1108915643,-0.723490,0.590146,0.120458,-0.337358,0.014811,-0.015225,0.083528
270,1108948977,-0.721303,0.590406,0.122781,-0.340731,0.031102,-0.124109,0.131580
271,1108982311,-0.719083,0.590325,0.125637,-0.344503,-0.065162,-0.089276,0.098645
272,1109015645,-0.717098,0.590107,0.128260,-0.348029,-0.081583,-0.070150,0.166583
273,1109048979,-0.715467,0.589788,0.130325,-0.351144,-0.125942,-0.035470,0.218687
274,1109082313,-0.714232,0.589213,0.132032,-0.353976,-0.127314,-0.047767,0.242041
275,1109115647,-0.713452,0.588509,0.133131,-0.356300,-0.123531,-0.046827,0.127287
276,1109148981,-0.712865,0.587814,0.133839,-0.358353,-0.037663,-0.090521,0.163331
277,1109182315,-0.712317,0.586985,0.134910,-0.360395,0.010131,-0.124166,0.147798
278,1109215649,-0.711652,0.585933,0.136546,-0.362795,0.145263,-0.091199,0.091654
279,1109248983,-0.710847,0.584953,0.138130,-0.365345,0.203195,-0.077103,0.166775
280,1109282317,-0.709752,0.584076,0.139576,-0.368316,0.200110,0.016945,0.301986
281,1109315651,-0.708451,0.583459,0.140709,-0.371355,0.195295,0.080381,0.579199
282,1109348985,-0.706730,0.582714,0.142343,-0.375160,0.169065,0.211910,0.787668
283,1109382319,-0.704730,0.581935,0.144387,-0.379328,0.061656,0.405504,1.095730
284,1109415653,-0.702625,0.581035,0.146465,-0.383791,-0.128194,0.503761,0.829724
285,1109448987,-0.700540,0.580292,0.147727,-0.388217,-0.303582,0.483369,0.347413
286,1109482321,-0.698776,0.579803,0.147726,-0.392107,-0.410970,0.386617,-0.133780
287,1109515655,-0.697636,0.579426,0.146808,-0.395028,-0.470487,0.314602,-0.438099
288,1109548989,-0.697124,0.579143,0.145544,-0.396811,-0.428035,0.276009,-0.539001
289,1109582323,-0.697288,0.578984,0.144733,-0.397052,-0.256658,0.234893,-0.368701
290,1109615657,-0.697658,0.578135,0.145858,-0.397226,-0.175120,0.162630,-0.159962
291,1109648991,-0.698139,0.576623,0.148673,-0.397537,-0.080233,0.207209,-0.063579
292,1109682325,-0.698759,0.574945,0.151805,-0.397694,-0.026556,0.257462,0.082369
293,1109715659,-0.699755,0.573541,0.153864,-0.397178,0.016430,0.149566,0.061534
294,1109748993,-0.700756,0.572059,0.155560,-0.396891,0.076398,-0.075038,-0.235711
295,1109782327,-0.701297,0.570565,0.157128,-0.397467,0.154305,0.029204,-0.409282
296,1109815661,-0.701164,0.569798,0.157878,-0.398505,0.146179,-0.001623,-0.414094
297,1109848995,-0.700085,0.569400,0.158812,-0.400593,0.195606,-0.045366,-0.348594
298,1109882329,-0.698476,0.569020,0.160225,-0.403369,0.156960,0.132164,-0.315952
299,1109915663,-0.696939,0.569065,0.161245,-0.405551,0.106582,0.147796,-0.211286
300,1109948997,-0.695567,0.569446,0.162072,-0.407039,0.026280,0.056944,-0.267692
301,1109982331,-0.694051,0.569769,0.163843,-0.408464,0.172496,-0.115812,-0.396646
302,1110015665,-0.691792,0.569185,0.169208,-0.410916,0.027471,-0.458252,-0.510742
303,1110048999,-0.688499,0.567285,0.178331,-0.415194,0.114363,-0.284674,-0.332685
304,1110082333,-0.685076,0.565179,0.187860,-0.419504,0.027346,-0.119531,0.202586
305,1110115667,-0.681974,0.563259,0.195664,-0.423552,-0.012344,-0.100670,0.531248
306,1110149001,-0.679232,0.561830,0.200454,-0.427599,-0.016072,0.063631,0.609799
307,1110182335,-0.676916,0.561629,0.200965,-0.431279,-0.175586,0.107109,0.418434
308,1110215669,-0.674993,0.562456,0.197976,-0.434585,-0.172587,0.136378,0.174076
309,1110249003,-0.673379,0.563544,0.193358,-0.437747,-0.186262,0.155370,-0.154308
310,1110282337,-0.672170,0.564652,0.188342,-0.440357,-0.216747,0.222695,-0.504194
311,1110315671,-0.671571,0.565848,0.183609,-0.441732,-0.154573,0.265054,-0.575471
312,1110349005,-0.671476,0.566652,0.180472,-0.442139,-0.066561,0.289409,-0.507712
313,1110382339,-0.671553,0.566877,0.179587,-0.442094,-0.079654,0.295157,-0.441842
314,1110415673,-0.671427,0.566811,0.180527,-0.441986,0.006578,0.379738,-0.296436
315,1110449007,-0.671179,0.566622,0.182578,-0.441763,-0.100420,0.302836,-0.174280
316,1110482341,-0.670982,0.566629,0.184342,-0.441321,-0.172661,0.249627,-0.359529
317,1110515675,-0.671184,0.567250,0.185096,-0.439897,0.031900,0.287595,-0.003502
318,1110549009,-0.671880,0.567706,0.185853,-0.437923,-0.006919,0.107138,0.073455
319,1110582343,-0.672884,0.567873,0.187090,-0.435632,0.048790,0.096706,0.159781
320,1110615677,-0.673989,0.568237,0.187922,-0.433084,-0.032019,0.048085,0.073884
321,1110649011,-0.675095,0.569250,0.188357,-0.429829,-0.119116,0.036103,0.988095
322,1110682345,-0.676667,0.570805,0.188464,-0.425223,-0.345423,-0.033900,1.877710
323,1110715679,-0.679008,0.572305,0.187287,-0.419963,-0.432602,-0.198957,1.782159
324,1110749013,-0.682207,0.573515,0.183429,-0.414799,-0.238643,-0.454582,0.736662
325,1110782347,-0.684882,0.573460,0.178857,-0.412458,-0.123825,-0.656855,-0.684482
326,1110815681,-0.686830,0.572390,0.174648,-0.412508,-0.059212,-0.639112,-1.527969
327,1110849015,-0.688100,0.570789,0.172040,-0.413705,0.081017,-0.432664,-1.523602
328,1110882349,-0.689937,0.568520,0.171235,-0.414104,0.381999,-0.206257,-1.052790
329,1110915683,-0.693351,0.565636,0.172032,-0.412014,0.672329,0.214234,-0.060556
330,1110949017,-0.699224,0.563427,0.172017,-0.405064,1.082583,0.582097,1.334942
331,1110982351,-0.707136,0.562836,0.169035,-0.393232,1.421609,0.536868,2.161554
332,1111015685,-0.714445,0.564085,0.162497,-0.380791,1.187531,-0.076367,1.042712
333,1111049019,-0.717697,0.567123,0.154535,-0.373406,0.798447,-0.502811,-0.483875
334,1111082353,-0.715655,0.570884,0.148518,-0.374035,0.570885,-0.530354,-0.802840
335,1111115687,-0.710941,0.573964,0.145031,-0.379637,0.385962,-0.250506,-0.490168
336,1111149021,-0.706512,0.575767,0.143418,-0.385739,0.325564,0.370634,-0.052609
337,1111182355,-0.704633,0.577493,0.140951,-0.387502,0.234563,0.949776,0.433183
338,1111215689,-0.705115,0.580699,0.135839,-0.383640,-0.150869,0.893087,0.396628
339,1111249023,-0.704961,0.585110,0.131075,-0.378848,-0.485462,0.305157,0.372232
340,1111282357,-0.702348,0.587673,0.132220,-0.379337,-0.895495,0.122995,0.015145
341,1111315691,-0.699172,0.588504,0.137100,-0.382173,-1.167459,0.430486,-0.412768
342,1111349025,-0.698291,0.589838,0.140020,-0.380664,-1.165491,0.607530,-0.405966
343,1111382359,-0.701041,0.591842,0.139160,-0.372734,-0.960376,0.217911,-0.244853
344,1111415693,-0.706629,0.593334,0.136735,-0.360507,-0.743218,-0.150042,0.058986
345,1111449027,-0.713210,0.593687,0.134827,-0.347447,-0.499025,-0.313944,0.213780
346,1111482361,-0.719328,0.593099,0.134205,-0.335888,-0.180530,-0.559367,0.355917
347,1111515695,-0.724396,0.591531,0.135189,-0.327255,0.047642,-0.599562,0.298042
348,1111549029,-0.728641,0.589788,0.135999,-0.320573,0.252691,-0.559652,0.119947
349,1111582363,-0.732485,0.588992,0.134200,-0.313968,0.339294,-0.540113,0.024132
350,1111615697,-0.735881,0.589359,0.129628,-0.307186,0.359705,-0.759101,0.092136
351,1111649031,-0.738551,0.590480,0.123611,-0.301043,0.280183,-0.867886,-0.035719
352,1111682365,-0.739894,0.592005,0.117981,-0.296981,0.117328,-1.011800,-0.081492
353,1111715699,-0.739550,0.593201,0.114936,-0.296646,-0.130909,-1.102484,0.029599
354,1111749033,-0.737843,0.593534,0.115109,-0.300144,-0.262198,-0.802829,0.070285
355,1111782367,-0.735753,0.593275,0.116404,-0.305243,-0.252845,-0.525663,0.131329
356,1111815701,-0.733658,0.592588,0.117887,-0.310997,-0.347329,-0.268477,0.147393
357,1111849035,-0.731723,0.591825,0.118637,-0.316671,-0.344065,-0.098569,0.079478
358,1111882369,-0.729984,0.591170,0.118535,-0.321903,-0.336223,0.022253,0.012279
359,1111915703,-0.728543,0.590581,0.117853,-0.326468,-0.329635,0.106909,-0.035944
360,1111949037,-0.727480,0.590075,0.116957,-0.330054,-0.307182,0.136600,-0.063642
361,1111982371,-0.726636,0.589617,0.116561,-0.332859,-0.271195,0.108736,-0.069046
362,1112015705,-0.725942,0.589045,0.117163,-0.335168,-0.272842,0.059517,-0.125508
363,1112049039,-0.725228,0.588509,0.118602,-0.337143,-0.302213,0.051253,-0.183040
364,1112082373,-0.724524,0.588275,0.120267,-0.338473,-0.333976,-0.062907,0.099598
365,1112115707,-0.724001,0.587978,0.122132,-0.339438,-0.370427,-0.164611,0.171535
366,1112149041,-0.723356,0.587543,0.124065,-0.340865,-0.343508,-0.242350,0.140279
367,1112182375,-0.722376,0.587123,0.126070,-0.342925,-0.366773,-0.299802,0.243188
368,1112215709,-0.721186,0.586475,0.127996,-0.345812,-0.285534,-0.357960,0.200892
369,1112249043,-0.719985,0.585357,0.129688,-0.349557,-0.300734,-0.342459,0.070800
370,1112282377,-0.718615,0.584065,0.131059,-0.353999,-0.386966,-0.215165,0.133857
371,1112315711,-0.717419,0.582879,0.131449,-0.358210,-0.373060,-0.115994,0.160835
372,1112349045,-0.716408,0.581832,0.130872,-0.362124,-0.360720,-0.088210,0.099659
373,1112382379,-0.715233,0.580794,0.130317,-0.366291,-0.372374,-0.106957,0.031779
374,1112415713,-0.713675,0.579598,0.130639,-0.371078,-0.425261,0.011139,-0.023901
375,1112449047,-0.712145,0.578603,0.131060,-0.375395,-0.421657,0.158395,0.034196
376,1112482381,-0.710775,0.577933,0.131191,-0.378962,-0.444422,0.111097,0.104192
377,1112515715,-0.709334,0.577235,0.131671,-0.382543,-0.468752,0.044400,0.192767
378,1112549049,-0.707857,0.576258,0.132621,-0.386404,-0.471875,0.172343,0.198536
379,1112582383,-0.706578,0.575316,0.133346,-0.389883,-0.415701,0.187253,0.270534
380,1112615717,-0.705767,0.574395,0.133661,-0.392592,-0.344764,0.199056,0.117922
381,1112649051,-0.705370,0.573470,0.133665,-0.394651,-0.333562,0.204937,-0.011986
382,1112682385,-0.705427,0.572603,0.133297,-0.395930,-0.297643,0.087419,0.007251
383,1112715719,-0.705840,0.571632,0.132909,-0.396728,-0.263783,0.066647,0.060782
384,1112749053,-0.706707,0.570709,0.132005,-0.396814,-0.239438,0.091461,0.027384
385,1112782387,-0.707890,0.570027,0.130323,-0.396241,-0.155563,0.077565,0.045493
386,1112815721,-0.709356,0.569599,0.127987,-0.394995,-0.004751,0.033168,0.054279
387,1112849055,-0.710728,0.569085,0.126001,-0.393908,0.216781,-0.049235,-0.046805
388,1112882389,-0.711731,0.567912,0.125641,-0.393904,0.426958,0.043495,-0.190728
389,1112915723,-0.712567,0.566286,0.126670,-0.394402,0.511377,0.214550,-0.259247
390,1112949057,-0.713780,0.565378,0.127205,-0.393339,0.583790,0.280559,-0.159817
391,1112982391,-0.715492,0.565744,0.126352,-0.389963,0.594973,0.181275,0.037596
392,1113015725,-0.717410,0.567184,0.124223,-0.384999,0.473465,0.003460,0.143258
393,1113049059,-0.719077,0.569380,0.121532,-0.379468,0.241163,-0.227626,0.320150
394,1113082393,-0.720047,0.571520,0.119507,-0.375029,0.033013,-0.455063,0.417768
395,1113115727,-0.720119,0.572906,0.119102,-0.372897,0.103635,-0.501291,0.370651
396,1113149061,-0.719011,0.573191,0.121281,-0.373895,0.198365,-0.376213,0.331883
397,1113182395,-0.716985,0.573160,0.124871,-0.376641,0.170657,-0.131690,0.126262
398,1113215729,-0.713934,0.573760,0.128811,-0.380179,0.304080,-0.091566,-0.131220
399,1113249063,-0.710015,0.574885,0.133338,-0.384237,0.228817,-0.058337,-0.337288
400,1113282397,-0.705477,0.576585,0.138143,-0.388328,0.197155,0.001171,-0.407681
401,1113315731,-0.700826,0.579141,0.142627,-0.391314,0.074634,-0.020862,-0.387506
402,1113349065,-0.696011,0.582047,0.147864,-0.393646,0.010148,-0.230815,-0.343431
403,1113382399,-0.691003,0.584466,0.155164,-0.396067,-0.107442,-0.348324,-0.019129
404,1113415733,-0.686050,0.586192,0.163866,-0.398614,-0.182369,-0.396134,0.143665
405,1113449067,-0.681041,0.587508,0.172802,-0.401482,-0.305846,-0.643277,0.226190
406,1113482401,-0.675530,0.587877,0.182223,-0.406061,-0.369375,-0.763209,0.336009
407,1113515735,-0.669561,0.587254,0.191774,-0.412402,-0.403416,-0.806622,0.239008
408,1113549069,-0.663073,0.585425,0.201700,-0.420667,-0.293344,-0.909449,0.143747
409,1113582403,-0.655591,0.581650,0.213315,-0.431753,-0.284969,-0.651219,-0.076403
410,1113615737,-0.648602,0.576760,0.224617,-0.442992,-0.112172,-0.613835,0.107176
411,1113649071,-0.641672,0.570500,0.235675,-0.455275,-0.055554,-0.435621,0.098166
412,1113682405,-0.636282,0.564194,0.243794,-0.466289,-0.041365,-0.102785,0.062957
413,1113715739,-0.633043,0.559129,0.247245,-0.474902,-0.000415,0.124044,0.140008
414,1113749073,-0.632119,0.555420,0.246448,-0.480862,0.307948,0.229299,0.343063
415,1113782407,-0.632680,0.552091,0.243551,-0.485412,0.474283,0.411814,0.331103
416,1113815741,-0.634227,0.549354,0.239250,-0.488628,0.633745,0.566720,0.180245
417,1113849075,-0.636093,0.547632,0.233955,-0.490693,0.733917,0.651810,-0.100656
418,1113882409,-0.637494,0.547184,0.228572,-0.491912,0.830001,0.686037,-0.157623
419,1113915743,-0.637703,0.547375,0.224669,-0.493224,0.822036,0.622961,-0.207661
420,1113949077,-0.636513,0.547665,0.223157,-0.495122,0.729243,0.622438,-0.328228
421,1113982411,-0.634382,0.548261,0.223410,-0.497079,0.545837,0.685885,-0.292401
422,1114015745,-0.632168,0.549459,0.224337,-0.498159,0.350133,0.542867,-0.215032
423,1114049079,-0.630112,0.550946,0.225807,-0.498457,0.191225,0.421775,-0.223051
424,1114082413,-0.628592,0.552787,0.227183,-0.497712,0.036890,0.300635,-0.429602
425,1114115747,-0.627942,0.555261,0.228073,-0.495366,-0.049509,0.214979,-0.255738
426,1114149081,-0.628303,0.557781,0.228925,-0.491670,-0.162248,-0.030540,-0.020001
427,1114182415,-0.629743,0.560534,0.229524,-0.486390,-0.339599,-0.102647,-0.285792
428,1114215749,-0.632265,0.563994,0.228641,-0.479485,-0.276686,-0.256490,0.166243
429,1114249083,-0.635563,0.566478,0.227620,-0.472633,-0.416397,-0.586377,0.682160
430,1114282417,-0.639886,0.568558,0.225743,-0.465144,-0.506607,-0.701118,0.785712
431,1114315751,-0.644608,0.570339,0.222113,-0.458138,-0.432363,-0.774082,0.708961
432,1114349085,-0.649111,0.571005,0.217108,-0.453324,-0.184117,-0.810917,0.374958
433,1114382419,-0.653045,0.570627,0.211674,-0.450714,-0.010885,-0.510578,0.059193
434,1114415753,-0.656542,0.570061,0.205906,-0.449017,0.160624,-0.253717,-0.167318
435,1114449087,-0.659845,0.570035,0.199879,-0.446927,0.254262,-0.040004,-0.166469
436,1114482421,-0.663200,0.570754,0.193757,-0.443727,0.349677,0.010829,-0.223038
437,1114515755,-0.666464,0.571940,0.188413,-0.439592,0.387211,0.069019,-0.150097
438,1114549089,-0.669559,0.573581,0.184477,-0.434390,0.173943,0.027349,-0.194455
439,1114582423,-0.671962,0.575680,0.182619,-0.428649,0.024705,-0.105464,-0.019764
440,1114615757,-0.673329,0.577342,0.183249,-0.423975,-0.185097,-0.258218,0.054426
441,1114649091,-0.673804,0.577917,0.186163,-0.421157,-0.264811,-0.350922,0.328414
442,1114682425,-0.674134,0.577034,0.190308,-0.419986,-0.295300,-0.291073,0.326717
443,1114715759,-0.674790,0.575448,0.193796,-0.419514,-0.260499,-0.293131,0.155760
444,1114749093,-0.675998,0.573985,0.195372,-0.418842,-0.116780,-0.270838,0.011306
445,1114782427,-0.677512,0.572912,0.195331,-0.417883,0.121307,-0.220860,0.100387
446,1114815761,-0.679004,0.572034,0.194561,-0.417022,0.185772,-0.108835,0.126145
447,1114849095,-0.680312,0.571593,0.193366,-0.416050,0.240499,-0.104748,0.239634
448,1114882429,-0.681188,0.571424,0.192211,-0.415384,0.145368,-0.097397,0.107438
449,1114915763,-0.681319,0.571535,0.191411,-0.415384,-0.016897,-0.073228,-0.042847
450,1114949097,-0.681227,0.571718,0.190801,-0.415565,-0.273388,-0.019249,-0.080821
451,1114982431,-0.681715,0.571813,0.189830,-0.415078,-0.350827,0.056175,-0.037396
452,1115015765,-0.683098,0.571696,0.188338,-0.413642,-0.293858,0.064155,-0.013517
453,1115049099,-0.685243,0.571589,0.186207,-0.411200,-0.221849,0.142267,0.036510
454,1115082433,-0.687891,0.571728,0.183307,-0.407876,-0.114788,0.035662,0.012101
455,1115115767,-0.690565,0.571712,0.180376,-0.404674,0.093457,-0.041119,-0.139801
456,1115149101,-0.693071,0.571592,0.177628,-0.401764,0.135576,-0.058461,-0.139785
457,1115182435,-0.695647,0.571653,0.174672,-0.398508,0.166130,-0.033129,-0.060228
458,1115215769,-0.698815,0.572180,0.170329,-0.394063,-0.073472,0.224995,0.141744
459,1115249103,-0.704497,0.573352,0.160830,-0.386157,-0.828914,0.724744,0.504421
460,1115282437,-0.715602,0.576351,0.138864,-0.369432,-0.951447,1.184926,0.515723
461,1115315771,-0.730532,0.581511,0.103862,-0.342653,-1.122852,0.855732,0.223878
462,1115349105,-0.744191,0.585288,0.067179,-0.314857,-0.924851,-0.411424,0.588624
463,1115382439,-0.755545,0.583810,0.039936,-0.294540,-0.850620,-0.259831,0.630914
464,1115415773,-0.766347,0.578869,0.019448,-0.277985,-0.895605,0.177344,0.123568
465,1115449107,-0.776591,0.572833,0.002557,-0.262282,-0.734670,-0.346486,0.404262
466,1115482441,-0.786493,0.564207,-0.007034,-0.251157,-0.555892,0.079569,0.610110
467,1115515775,-0.796392,0.554543,-0.015093,-0.240925,0.247948,0.242700,0.190081
468,1115549109,-0.805363,0.545818,-0.024299,-0.230028,0.526039,-0.138671,0.431580
469,1115582443,-0.813046,0.537071,-0.030184,-0.222778,0.927927,-0.354305,0.373877
470,1115615777,-0.819320,0.528325,-0.031175,-0.220560,1.413311,-0.501239,-0.231169
471,1115649111,-0.823663,0.521091,-0.029457,-0.221824,1.748026,-0.714171,-0.620221
472,1115682445,-0.825790,0.515607,-0.023463,-0.227376,1.929315,-0.646702,-0.853701
473,1115715779,-0.825820,0.512255,-0.014848,-0.235426,2.301695,-0.381431,-1.098323
474,1115749113,-0.824098,0.511911,-0.007338,-0.242457,2.509791,-0.276537,-1.236654
475,1115782447,-0.820687,0.514641,-0.000198,-0.248292,2.580178,-0.410947,-1.271004
476,1115815781,-0.815256,0.520422,0.008812,-0.253913,2.577896,-0.481589,-1.245571
477,1115849115,-0.807284,0.529155,0.021266,-0.260509,2.443474,-0.636039,-1.009476
478,1115882449,-0.796491,0.539861,0.038299,-0.269658,2.259638,-0.660100,-0.700714
479,1115915783,-0.782759,0.551919,0.058827,-0.281503,1.932765,-0.568323,-0.278911
480,1115949117,-0.766054,0.564916,0.081092,-0.295780,1.501409,-0.457057,0.110023
481,1115982451,-0.745713,0.579025,0.104182,-0.312760,0.199574,-0.760966,0.251642
482,1116015785,-0.721330,0.592484,0.128320,-0.334980,-9.719737,-3.131619,1.533527
483,1116049119,-0.695752,0.586654,0.165251,-0.380118,-6.998019,-1.850586,4.980929
484,1116082453,-0.687551,0.567273,0.191364,-0.410956,-3.992757,4.997681,-0.364649
485,1116115787,-0.694024,0.562083,0.184813,-0.410204,0.426712,-0.086335,0.166607
486,1116149121,-0.701292,0.556964,0.177944,-0.407858,0.223963,0.479695,-0.574551
487,1116182455,-0.711444,0.555806,0.163018,-0.397973,0.485468,0.144832,-0.401734
488,1116215789,-0.720296,0.556773,0.146930,-0.386806,1.137414,-0.231425,-0.638043
489,1116249123,-0.726245,0.558924,0.133982,-0.377164,1.358058,-0.103844,-0.446301
490,1116282457,-0.729104,0.561350,0.125280,-0.370983,1.435707,-0.415471,-0.135775
491,1116315791,-0.727746,0.562848,0.123509,-0.371975,1.270463,-0.201311,-0.125827
492,1116349125,-0.722161,0.564502,0.127184,-0.379046,0.931708,-0.021028,-0.132030
493,1116382459,-0.713137,0.566685,0.134973,-0.390023,0.174588,0.021473,-0.172337
494,1116415793,-0.701875,0.568851,0.145312,-0.403355,-0.468226,-0.094810,0.145223
495,1116449127,-0.689761,0.569245,0.158116,-0.418594,-1.167291,-0.170175,0.357943
496,1116482461,-0.678808,0.566994,0.171841,-0.433865,-1.690672,-0.038692,0.600040
497,1116515795,-0.672008,0.561838,0.183524,-0.446198,-1.799346,0.217978,0.598695
498,1116549129,-0.670588,0.557083,0.188770,-0.452070,-1.401572,1.041630,-0.065046
499,1116582463,-0.674570,0.556105,0.185136,-0.448841,-0.733459,0.718626,-0.038957
500,1116615797,-0.681270,0.556855,0.177074,-0.440975,-0.073243,0.322651,0.093294
501,1116649131,-0.688199,0.557232,0.168891,-0.432875,0.168958,0.262469,0.056670
502,1116682465,-0.694297,0.557774,0.161221,-0.425298,0.327558,0.432691,-0.071590
503,1116715799,-0.699277,0.559584,0.153587,-0.417515,0.388302,0.229629,-0.102862
504,1116749133,-0.702781,0.562280,0.147144,-0.410267,0.480343,0.047964,-0.131651
505,1116782467,-0.704865,0.564794,0.143393,-0.404528,0.483802,-0.197026,-0.131760
506,1116815801,-0.705530,0.566427,0.143252,-0.401121,0.247512,-0.240343,-0.036640
507,1116849135,-0.705238,0.567522,0.145189,-0.399387,-0.018697,-0.274471,0.100357
508,1116882469,-0.704475,0.568450,0.147652,-0.398508,-0.235586,-0.359330,0.246629
509,1116915803,-0.703610,0.568741,0.149829,-0.398809,-1.140469,-0.608304,0.305857
510,1116949137,-0.703998,0.565799,0.151452,-0.401686,-1.382633,-0.976910,0.467124
511,1116982471,-0.705339,0.560147,0.153885,-0.406304,-0.636462,-0.360609,0.466987
512,1117015805,-0.708119,0.552697,0.156129,-0.410789,-0.712803,0.055577,0.482642
513,1117049139,-0.712755,0.545922,0.154782,-0.412338,-0.637552,0.492722,0.274997
514,1117082473,-0.719083,0.543053,0.146445,-0.408165,-0.324831,0.349184,0.191291
515,1117115807,-0.725726,0.542327,0.135047,-0.401244,0.202180,0.078851,0.092960
516,1117149141,-0.731336,0.541481,0.125445,-0.395273,0.661921,-0.005147,-0.010100
517,1117182475,-0.735796,0.539798,0.119103,-0.391237,0.969675,0.171058,-0.232512
518,1117215809,-0.739257,0.538483,0.114639,-0.387845,1.246260,0.408587,-0.528801
519,1117249143,-0.741645,0.538804,0.110737,-0.383953,1.397115,0.462730,-0.664463
520,1117282477,-0.742659,0.541219,0.107387,-0.379524,1.487544,0.347178,-0.654883
521,1117315811,-0.741849,0.545400,0.106000,-0.375491,1.519749,0.248541,-0.484219
522,1117349145,-0.738908,0.550666,0.107995,-0.373028,1.402738,0.102254,-0.388003
523,1117382479,-0.733689,0.556506,0.113993,-0.372878,1.229708,-0.003036,-0.291833
524,1117415813,-0.726172,0.562699,0.123783,-0.375170,0.825669,-0.118137,-0.158551
525,1117449147,-0.716291,0.570397,0.135141,-0.378605,-0.581899,-0.216486,0.597560
526,1117482481,-0.706164,0.578305,0.144650,-0.382104,-3.377237,-1.090607,0.684186
527,1117515815,-0.698256,0.582873,0.152182,-0.386742,-3.158956,-2.147196,2.458417
528,1117549149,-0.694173,0.576388,0.163609,-0.398953,-1.641542,-0.241873,0.465796
529,1117582483,-0.694491,0.569299,0.169312,-0.406134,-0.419959,0.251004,-0.090979
530,1117615817,-0.698418,0.564111,0.168559,-0.406952,-0.010403,0.231940,-0.033512
531,1117649151,-0.703520,0.560213,0.163952,-0.405428,0.355336,0.061134,0.033951
532,1117682485,-0.708367,0.557803,0.157442,-0.402883,0.566378,0.276248,-0.172501
533,1117715819,-0.711801,0.558194,0.149321,-0.399365,0.817707,0.223331,-0.260156
534,1117749153,-0.712996,0.560007,0.143145,-0.396951,1.085103,0.008540,-0.315479
535,1117782487,-0.711404,0.560989,0.143248,-0.398380,0.875559,-0.026857,-0.274043
536,1117815821,-0.707959,0.561359,0.148341,-0.402115,0.490029,0.135075,-0.231965
537,1117849155,-0.703804,0.562242,0.154882,-0.405693,0.113771,0.129510,-0.111358
538,1117882489,-0.699476,0.563463,0.161482,-0.408897,-0.161579,-0.030652,0.077814
539,1117915823,-0.695529,0.564260,0.167766,-0.411990,-0.380280,-0.179759,0.292309
540,1117949157,-0.692353,0.564178,0.173241,-0.415172,-0.531871,-0.167106,0.232563
541,1117982491,-0.690474,0.563591,0.176737,-0.417619,-0.579160,-0.072182,0.223193
542,1118015825,-0.690302,0.562840,0.177684,-0.418514,-0.459584,-0.051359,0.299439
543,1118049159,-0.691641,0.561928,0.176578,-0.417996,-0.229925,-0.096499,0.197588
544,1118082493,-0.693621,0.560913,0.174630,-0.416895,0.006085,-0.040221,0.070641
545,1118115827,-0.695491,0.560112,0.172408,-0.415779,0.154594,-0.015486,-0.067108
546,1118149161,-0.696936,0.559601,0.170347,-0.414898,0.248748,-0.003457,-0.105372
547,1118182495,-0.697968,0.559442,0.168530,-0.414117,0.270598,0.019596,-0.150802
548,1118215829,-0.698759,0.559803,0.166740,-0.413020,0.220153,-0.028854,-0.142855
549,1118249163,-0.699385,0.560515,0.164955,-0.411709,0.141425,-0.097521,-0.061255
550,1118282497,-0.699888,0.561329,0.163160,-0.410459,-0.015592,-0.165765,0.067878
551,1118315831,-0.700350,0.562077,0.161163,-0.409434,-0.117165,-0.166465,0.127849
552,1118349165,-0.700817,0.562625,0.159060,-0.408706,-0.162642,-0.195201,0.208811
553,1118382499,-0.701384,0.562609,0.157186,-0.408478,-0.120119,-0.157472,0.171062
554,1118415833,-0.702144,0.562103,0.155521,-0.408507,-0.068325,-0.052774,0.126200
555,1118449167,-0.703179,0.561410,0.153834,-0.408318,-0.096625,-0.010536,0.144077
556,1118482501,-0.704656,0.560806,0.151402,-0.407510,-0.023435,0.114130,0.133361
557,1118515835,-0.706761,0.560569,0.147481,-0.405625,-0.082927,0.055297,0.044984
558,1118549169,-0.709402,0.560740,0.142002,-0.402722,-0.137664,-0.038340,0.121713
559,1118582503,-0.712446,0.560835,0.135523,-0.399436,-0.168179,-0.072330,0.226538
560,1118615837,-0.715726,0.560540,0.128484,-0.396300,-0.143357,0.014891,0.184180
561,1118649171,-0.719126,0.559942,0.121013,-0.393330,-0.118687,0.061208,0.126911
562,1118682505,-0.722547,0.559155,0.113441,-0.390427,-0.062137,0.121712,0.007003
563,1118715839,-0.725943,0.558261,0.106222,-0.387427,0.015685,0.176880,-0.073841
564,1118749173,-0.729321,0.557328,0.099551,-0.384183,0.010009,0.185413,-0.097584
565,1118782507,-0.732561,0.556575,0.093196,-0.380690,-0.009509,0.170238,-0.111887
566,1118815841,-0.735585,0.556136,0.086786,-0.376997,-0.091014,0.186845,-0.052311
567,1118849175,-0.738502,0.556012,0.079955,-0.372966,-0.154955,0.075899,0.079144
568,1118882509,-0.741333,0.555753,0.073296,-0.369083,-0.063638,0.025761,0.092564
569,1118915843,-0.743845,0.556502,0.066243,-0.364201,0.471116,0.760477,0.076934
570,1118949177,-0.745231,0.561238,0.055569,-0.355788,0.074980,0.114695,-1.036189
571,1118982511,-0.743938,0.567550,0.051459,-0.349036,0.560127,-0.547311,0.100659
572,1119015845,-0.741774,0.568426,0.062664,-0.350381,0.517033,-0.543843,0.502882
573,1119049179,-0.740250,0.564016,0.082936,-0.356467,0.188679,-0.369421,-0.343612
574,1119082513,-0.738605,0.559276,0.102550,-0.362198,-0.069118,0.137562,-0.338469
575,1119115847,-0.737380,0.557875,0.112602,-0.363866,-0.398346,0.317854,-0.034693
576,1119149181,-0.738020,0.560414,0.109453,-0.359601,-0.151788,0.101432,0.275662
577,1119182515,-0.739685,0.564565,0.099062,-0.352632,-0.152740,-0.233129,0.386250
578,1119215849,-0.741163,0.567367,0.090185,-0.347375,-0.475344,-0.851173,0.708805
579,1119249183,-0.742029,0.567067,0.087605,-0.346675,-0.635859,-0.723249,0.811218
580,1119282517,-0.742815,0.564676,0.087912,-0.348812,-0.352981,-0.315533,0.477757
581,1119315851,-0.744097,0.561605,0.086987,-0.351260,-0.137063,-0.087392,0.168859
582,1119349185,-0.745893,0.558611,0.083580,-0.353048,-0.068301,0.097703,-0.177582
583,1119382519,-0.747745,0.556897,0.077405,-0.353246,0.168056,0.075857,-0.387818
584,1119415853,-0.748997,0.556499,0.071256,-0.352512,0.415129,0.046590,-0.178003
585,1119449187,-0.749329,0.556653,0.068116,-0.352184,0.392773,-0.197142,-0.038638
586,1119482521,-0.748440,0.556463,0.069891,-0.354022,0.379004,-0.147255,0.022515
587,1119515855,-0.746288,0.555813,0.075594,-0.358388,0.276425,0.077429,0.025707
588,1119549189,-0.743399,0.555369,0.082180,-0.363594,0.104168,0.202039,0.093551
589,1119582523,-0.740497,0.555124,0.088191,-0.368448,-0.122778,0.248039,0.142877
590,1119615857,-0.738233,0.555048,0.092876,-0.371938,-0.200317,0.298929,0.184938
591,1119649191,-0.736934,0.555131,0.095801,-0.373647,-0.372990,0.257422,0.021490
592,1119682525,-0.736551,0.555396,0.097122,-0.373666,-0.496270,0.239507,0.113933
593,1119715859,-0.737142,0.555970,0.096324,-0.371848,-0.338090,0.213433,0.155464
594,1119749193,-0.738238,0.556751,0.094054,-0.369077,-0.123663,0.130674,0.119987
595,1119782527,-0.739385,0.557551,0.091211,-0.366276,0.026619,0.141919,0.061941
596,1119815861,-0.740400,0.558563,0.088157,-0.363419,0.129331,0.182294,-0.052611
597,1119849195,-0.741061,0.559883,0.085442,-0.360679,0.171044,0.130718,-0.161962
598,1119882529,-0.741281,0.561551,0.083785,-0.358015,0.164206,0.089157,-0.120797
599,1119915863,-0.740996,0.563389,0.083913,-0.355678,0.071974,-0.031104,-0.016069
600,1119949197,-0.740251,0.564966,0.086362,-0.354138,-0.051445,-0.106655,0.033967
601,1119982531,-0.739249,0.566315,0.090337,-0.353083,-0.128321,-0.239080,0.115350
602,1120015865,-0.738050,0.567119,0.095510,-0.352940,-0.211030,-0.374553,0.211273
603,1120049199,-0.736739,0.567186,0.101285,-0.353960,-0.130759,-0.313911,0.269072
604,1120082533,-0.735398,0.567043,0.106235,-0.355523,0.000748,-0.240928,0.299746
605,1120115867,-0.733706,0.566524,0.110915,-0.358405,-0.196782,-0.284280,0.284122
606,1120149201,-0.731758,0.565245,0.116194,-0.362709,-0.204768,-0.030508,0.169295
607,1120182535,-0.730546,0.564313,0.119156,-0.365630,-0.132328,0.101068,0.081614
608,1120215869,-0.729943,0.563819,0.119988,-0.367321,-0.030607,0.077821,0.034761
609,1120249203,-0.729556,0.563470,0.120201,-0.368555,0.045645,0.097963,-0.005592
610,1120282537,-0.728981,0.563383,0.120627,-0.369684,-0.011826,0.091733,-0.119054
611,1120315871,-0.728035,0.563320,0.122263,-0.371103,0.031272,0.130187,-0.094270
612,1120349205,-0.726835,0.563173,0.125159,-0.372710,-0.073323,0.072085,-0.103341
613,1120382539,-0.725508,0.563115,0.128603,-0.374208,-0.133649,0.004347,-0.024008
614,1120415873,-0.724292,0.562949,0.132059,-0.375608,-0.180783,-0.061256,0.010666
615,1120449207,-0.723361,0.562736,0.134871,-0.376718,-0.166419,-0.053082,0.016396
616,1120482541,-0.722824,0.562552,0.136506,-0.377436,-0.213670,-0.040540,-0.015832
617,1120515875,-0.722635,0.562750,0.136411,-0.377536,-0.183664,0.025118,0.179779
618,1120549209,-0.722622,0.563274,0.134880,-0.377330,-0.144344,0.005976,0.289008
619,1120582543,-0.722761,0.563729,0.132957,-0.377068,-0.146647,0.024755,0.253276
620,1120615877,-0.722930,0.564238,0.130982,-0.376672,-0.122374,0.089066,0.151820
621,1120649211,-0.723050,0.564930,0.129081,-0.376062,-0.188394,0.032444,0.031819
622,1120682545,-0.723055,0.565645,0.127880,-0.375386,-0.169248,0.004542,-0.055515
623,1120715879,-0.722943,0.566253,0.127676,-0.374753,-0.155984,0.007974,-0.042024
624,1120749213,-0.722721,0.566811,0.128357,-0.374107,-0.122624,-0.074340,0.040580
625,1120782547,-0.722256,0.567277,0.129721,-0.373827,-0.114805,-0.127171,0.080543
626,1120815881,-0.721334,0.567405,0.132125,-0.374570,-0.138407,-0.214907,0.126650
627,1120849215,-0.720176,0.567060,0.135521,-0.376104,-0.223847,-0.149525,0.101160
628,1120882549,-0.718993,0.566519,0.139360,-0.377777,-0.201190,-0.105159,0.140873
629,1120915883,-0.718076,0.565853,0.143222,-0.379073,-0.225500,-0.078892,0.257411
630,1120949217,-0.717327,0.565143,0.146497,-0.380295,-0.180895,-0.051691,0.142870
631,1120982551,-0.716766,0.564956,0.148313,-0.380926,-0.041190,0.106989,0.096169
632,1121015885,-0.716202,0.565674,0.148644,-0.380792,-0.039652,0.002546,0.058464
633,1121049219,-0.715387,0.566518,0.149042,-0.380915,-0.046019,-0.184569,-0.122837
634,1121082553,-0.714123,0.566934,0.150976,-0.381905,-0.063736,-0.166032,-0.144768
635,1121115887,-0.712674,0.567028,0.154271,-0.383152,-0.066470,-0.168074,-0.065369
636,1121149221,-0.711154,0.566904,0.158290,-0.384519,-0.003256,-0.169744,0.025646
637,1121182555,-0.709588,0.566587,0.162463,-0.386136,0.028978,-0.160840,0.104858
638,1121215889,-0.707942,0.566254,0.166114,-0.388088,-0.013222,-0.096499,0.059280
639,1121249223,-0.706408,0.566224,0.168653,-0.389828,-0.041332,-0.083109,0.026568
640,1121282557,-0.705174,0.566315,0.170315,-0.391204,-0.004862,-0.107323,0.031403
641,1121315891,-0.704201,0.566389,0.171681,-0.392251,0.002060,-0.090782,0.026173
642,1121349225,-0.703284,0.566417,0.173040,-0.393256,0.020792,-0.096612,0.057558
643,1121382559,-0.702302,0.566410,0.174507,-0.394372,0.031904,-0.029572,0.046989
644,1121415893,-0.701300,0.566541,0.175672,-0.395449,-0.002927,-0.022511,0.038342
645,1121449227,-0.700259,0.566886,0.176577,-0.396394,-0.032950,-0.041487,0.044843
646,1121482561,-0.699353,0.567229,0.177415,-0.397128,-0.052575,-0.021099,0.175884
647,1121515895,-0.698729,0.567422,0.178142,-0.397625,-0.121025,-0.067604,0.142857
648,1121549229,-0.698413,0.567314,0.178671,-0.398098,-0.145418,-0.079854,0.137284
649,1121582563,-0.698479,0.566926,0.178738,-0.398505,-0.184524,-0.071800,0.160148
650,1121615897,-0.698969,0.566358,0.178077,-0.398747,-0.110720,-0.040291,0.176641
651,1121649231,-0.699871,0.565670,0.176696,-0.398756,-0.077706,-0.002520,0.092965
652,1121682565,-0.701123,0.564981,0.174710,-0.398409,-0.012168,0.005745,0.072830
653,1121715899,-0.702524,0.564343,0.172411,-0.397847,0.066024,0.045474,0.009165
654,1121749233,-0.703838,0.563784,0.170251,-0.397247,0.123378,0.074835,0.047703
655,1121782567,-0.705020,0.563226,0.168407,-0.396729,0.141058,0.075508,0.005610
656,1121815901,-0.706003,0.562900,0.166612,-0.396200,0.138651,0.111440,-0.043538
657,1121849235,-0.706867,0.562803,0.164793,-0.395558,0.129597,0.128313,-0.071290
658,1121882569,-0.707681,0.562848,0.163185,-0.394704,0.138803,0.158298,-0.079838
659,1121915903,-0.708308,0.562947,0.162200,-0.393844,0.190329,0.121655,-0.052110
660,1121949237,-0.708793,0.563065,0.162118,-0.392834,0.066957,0.144550,-0.061172
661,1121982571,-0.709266,0.563531,0.162253,-0.391254,0.010190,0.089073,-0.063832
662,1122015905,-0.709953,0.564374,0.162006,-0.388887,0.011662,-0.079935,-0.027278
663,1122049239,-0.710746,0.565033,0.161848,-0.386540,0.016530,-0.306073,0.019060
664,1122082573,-0.711557,0.565191,0.162077,-0.384718,0.117922,-0.353273,0.147872
665,1122115907,-0.712314,0.564915,0.162251,-0.383646,0.137270,-0.282122,0.105780
666,1122149241,-0.712993,0.564959,0.161160,-0.382781,0.192417,-0.189665,0.036387
667,1122182575,-0.713574,0.565677,0.158474,-0.381757,0.159212,-0.264038,0.017281
668,1122215909,-0.713753,0.566393,0.155864,-0.381436,0.112445,-0.297293,0.088056
669,1122249243,-0.713586,0.566736,0.154210,-0.381911,0.038824,-0.193271,0.083685
670,1122282577,-0.713172,0.566897,0.153465,-0.382744,0.024297,-0.091435,0.034811
671,1122315911,-0.712546,0.566958,0.153635,-0.383749,0.068010,-0.023266,-0.009078
672,1122349245,-0.711666,0.567007,0.154708,-0.384878,0.158001,0.048752,-0.031626
673,1122382579,-0.710585,0.567242,0.156325,-0.385874,0.228669,0.071823,-0.055893
674,1122415913,-0.709328,0.567923,0.158034,-0.386489,0.211388,0.115137,-0.094078
675,1122449247,-0.708058,0.569280,0.159073,-0.386396,0.163432,0.028662,-0.008471
676,1122482581,-0.706697,0.570947,0.159795,-0.386128,0.097863,-0.100510,0.094756
677,1122515915,-0.705151,0.572456,0.160865,-0.386276,-0.093682,-0.214827,0.171574
678,1122549249,-0.703423,0.573641,0.162454,-0.387002,-0.264493,-0.276717,0.140204
679,1122582583,-0.701516,0.574378,0.164558,-0.388480,-0.298545,-0.294838,0.181857
680,1122615917,-0.699398,0.574315,0.167434,-0.391154,-0.324663,-0.297032,0.147061
681,1122649251,-0.697042,0.573732,0.170625,-0.394819,-0.275709,-0.111492,0.012798
682,1122682585,-0.694611,0.573258,0.173267,-0.398623,-0.227152,0.009597,-0.125872
683,1122715919,-0.692328,0.573205,0.175043,-0.401882,-0.163346,0.107766,-0.022258
684,1122749253,-0.690166,0.573400,0.176257,-0.404780,-0.166176,0.087400,-0.055763
685,1122782587,-0.688007,0.573707,0.177341,-0.407539,-0.169145,0.185514,-0.003682
686,1122815921,-0.685881,0.573994,0.178627,-0.410148,-0.308744,0.157709,0.096328
687,1122849255,-0.683791,0.574017,0.180477,-0.412787,-0.414933,0.182051,0.035298
688,1122882589,-0.682248,0.574204,0.181827,-0.414484,-0.466852,0.196390,-0.001108
689,1122915923,-0.681317,0.574558,0.182388,-0.415279,-0.385649,0.014294,0.037989
690,1122949257,-0.680641,0.574277,0.183539,-0.416266,-0.212772,-0.141369,0.044063
691,1122982591,-0.679922,0.573221,0.185892,-0.417850,-0.089883,-0.090829,0.074091
692,1123015925,-0.679209,0.572098,0.188454,-0.419398,-0.001935,-0.066022,0.064930
693,1123049259,-0.678325,0.571161,0.190746,-0.421066,0.157504,-0.103310,0.021901
694,1123082593,-0.677158,0.570362,0.192963,-0.423013,0.269741,-0.051981,-0.065441
695,1123115927,-0.675762,0.569736,0.195278,-0.425022,0.338990,-0.077501,-0.032380
696,1123149261,-0.674242,0.569118,0.197829,-0.427079,0.406783,0.011904,-0.014893
697,1123182595,-0.672890,0.568881,0.199777,-0.428617,0.414591,0.045229,0.127977
698,1123215929,-0.671792,0.569149,0.200673,-0.429565,0.375650,0.028183,0.166319
699,1123249263,-0.670796,0.569813,0.200824,-0.430170,0.385015,0.015767,0.065372
700,1123282597,-0.669601,0.570551,0.201055,-0.430945,0.369216,-0.010899,0.021774
701,1123315931,-0.668243,0.570917,0.202186,-0.432039,0.306715,0.059080,0.053978
702,1123349265,-0.667379,0.571213,0.203237,-0.432488,0.193974,0.160138,0.103967
703,1123382599,-0.667603,0.572036,0.202540,-0.431380,0.161286,0.117522,0.214247
704,1123415933,-0.668924,0.573131,0.199975,-0.429072,0.214848,0.050271,0.199011
705,1123449267,-0.670893,0.574232,0.196035,-0.426334,0.181841,0.035681,0.152325
706,1123482601,-0.673216,0.575563,0.190854,-0.423218,0.185249,0.124271,0.101398
707,1123515935,-0.675828,0.577156,0.184790,-0.419560,0.110967,0.138789,-0.027012
708,1123549269,-0.678898,0.579129,0.178184,-0.414715,0.032493,0.098644,-0.135056
709,1123582603,-0.682364,0.581012,0.171979,-0.408971,0.018179,-0.127762,-0.103009
710,1123615937,-0.685897,0.582236,0.167139,-0.403290,-0.018636,-0.246274,-0.041232
711,1123649271,-0.689474,0.583053,0.163332,-0.397527,-0.063395,-0.405991,-0.034811
712,1123682605,-0.692828,0.583646,0.160530,-0.391928,0.041906,-0.648163,0.151984
713,1123715939,-0.695532,0.583135,0.159921,-0.388131,0.243306,-0.787391,0.274550
714,1123749273,-0.697367,0.581197,0.161928,-0.386910,0.407289,-0.722847,0.286490
715,1123782607,-0.698208,0.578757,0.165198,-0.387668,0.415834,-0.586902,0.182899
716,1123815941,-0.698093,0.576638,0.167890,-0.389870,0.389345,-0.447292,0.151245
717,1123849275,-0.697716,0.575206,0.168514,-0.392382,0.357317,-0.237889,0.109618
718,1123882609,-0.697670,0.574835,0.166450,-0.393886,0.249243,-0.116419,0.208855
719,1123915943,-0.698103,0.575422,0.161992,-0.394121,0.187955,-0.238890,-0.039518
720,1123949277,-0.698477,0.576153,0.157515,-0.394205,0.213861,-0.358687,-0.160563
721,1123982611,-0.698202,0.576078,0.155517,-0.395593,0.173680,-0.343086,-0.161213
722,1124015945,-0.697297,0.575107,0.156579,-0.398174,0.223633,-0.113911,0.029599
723,1124049279,-0.696202,0.573629,0.159244,-0.401154,0.138993,0.014334,0.074425
724,1124082613,-0.694946,0.572146,0.162166,-0.404268,0.130399,0.128039,0.090792
725,1124115947,-0.693854,0.570947,0.164296,-0.406969,0.046392,0.161182,0.013333
726,1124149281,-0.693222,0.570303,0.165193,-0.408582,0.041348,0.145454,-0.062532
727,1124182615,-0.693015,0.569908,0.165530,-0.409349,0.112657,0.079818,-0.023590
728,1124215949,-0.693049,0.569431,0.166027,-0.409753,0.138881,0.043174,0.018207
729,1124249283,-0.693183,0.568963,0.166482,-0.409990,0.111588,0.030636,0.007466
730,1124282617,-0.693440,0.568806,0.166163,-0.409904,0.062500,-0.010482,0.062813
731,1124315951,-0.693958,0.568795,0.164993,-0.409515,-0.005902,-0.082915,-0.001021
732,1124349285,-0.694685,0.568771,0.163260,-0.409011,0.039244,-0.146732,-0.109273
733,1124382619,-0.695551,0.568603,0.161390,-0.408513,0.115763,-0.209105,-0.133729
734,1124415953,-0.696200,0.568102,0.160246,-0.408555,0.258857,-0.187521,-0.129225
735,1124449287,-0.696466,0.567321,0.160121,-0.409237,0.362999,-0.122450,-0.156482
736,1124482621,-0.696188,0.566724,0.160530,-0.410375,0.405283,-0.019977,-0.209077
737,1124515955,-0.695324,0.566722,0.160892,-0.411698,0.379675,0.031802,-0.277855
738,1124549289,-0.694106,0.567455,0.160836,-0.412764,0.283182,0.058298,-0.268035
739,1124582623,-0.692547,0.568864,0.160543,-0.413557,0.178240,0.045260,-0.266347
740,1124615957,-0.690784,0.570841,0.160394,-0.413840,0.013240,0.030753,-0.082987
741,1124649291,-0.689614,0.573026,0.159599,-0.413077,-0.745878,0.072261,0.302225
742,1124682625,-0.690362,0.573670,0.157409,-0.411773,-1.415971,-0.407052,0.801229
743,1124715959,-0.692556,0.572116,0.156020,-0.410777,-0.998183,-0.341619,0.263240
744,1124749293,-0.694105,0.570670,0.155746,-0.410278,-0.148103,-0.298765,0.069146
745,1124782627,-0.694658,0.569086,0.157044,-0.411047,0.122975,-0.326144,0.050322
746,1124815961,-0.694344,0.567351,0.159337,-0.413088,0.160315,-0.229537,0.131900
747,1124849295,-0.693407,0.565831,0.161574,-0.415869,0.110413,-0.126971,0.164535
748,1124882629,-0.692105,0.564601,0.163289,-0.419028,-0.104402,-0.073679,0.274051
749,1124915963,-0.690578,0.563223,0.164996,-0.422717,-0.450754,0.074725,0.255299
750,1124949297,-0.689122,0.562021,0.166516,-0.426083,-0.533740,0.362340,0.096943
751,1124982631,-0.688199,0.561761,0.167114,-0.427680,-0.569465,0.333122,0.058829
752,1125015965,-0.687808,0.561990,0.167289,-0.427939,-0.337285,0.123784,0.021911
753,1125049299,-0.687502,0.561919,0.168164,-0.428181,-0.061590,-0.053309,-0.032701
754,1125082633,-0.686896,0.561147,0.170420,-0.429274,0.055858,-0.134199,0.002261
755,1125115967,-0.685931,0.559797,0.173783,-0.431226,-0.006751,-0.076302,0.055734
756,1125149301,-0.684973,0.558399,0.177195,-0.433169,-0.123738,-0.015806,0.100872
757,1125182635,-0.684296,0.557338,0.179926,-0.434478,-0.195577,-0.005871,0.166924
758,1125215969,-0.683863,0.556657,0.181866,-0.435224,-0.215641,-0.015077,0.161086
759,1125249303,-0.683557,0.556394,0.182828,-0.435638,-0.148140,-0.147641,0.090887
760,1125282637,-0.683184,0.556215,0.183387,-0.436217,-0.107671,-0.116235,0.074035
761,1125315971,-0.682851,0.556118,0.183472,-0.436825,-0.079408,-0.148311,0.002022
762,1125349305,-0.682574,0.556026,0.183339,-0.437430,-0.042036,-0.105667,0.069969
763,1125382639,-0.682314,0.555774,0.183375,-0.438141,-0.116489,-0.173633,0.020463
764,1125415973,-0.682093,0.555439,0.183545,-0.438838,-0.118299,-0.177132,0.009995
765,1125449307,-0.681847,0.554943,0.184078,-0.439624,-0.121767,-0.166831,0.001930
766,1125482641,-0.681469,0.554456,0.184823,-0.440511,-0.128362,-0.218946,0.053142
767,1125515975,-0.680975,0.553828,0.185825,-0.441641,-0.068167,-0.184413,0.098316
768,1125549309,-0.680468,0.553105,0.186910,-0.442870,-0.031930,-0.143135,0.071884
769,1125582643,-0.679946,0.552496,0.187858,-0.444029,-0.009819,-0.128844,0.030011
770,1125615977,-0.679378,0.551962,0.188733,-0.445190,0.010321,-0.106645,0.005444
771,1125649311,-0.678856,0.551433,0.189469,-0.446328,0.006737,-0.112149,-0.004421
772,1125682645,-0.678393,0.550888,0.190112,-0.447430,-0.031201,-0.071226,-0.010266
773,1125715979,-0.678089,0.550455,0.190531,-0.448245,-0.040955,-0.036633,0.024790
774,1125749313,-0.677923,0.550242,0.190556,-0.448746,-0.037039,-0.080796,0.031401
775,1125782647,-0.677737,0.550100,0.190461,-0.449241,-0.040959,-0.111400,0.040583
776,1125815981,-0.677401,0.549925,0.190591,-0.449907,-0.046561,-0.070641,0.025187
777,1125849315,-0.676936,0.549765,0.190903,-0.450669,-0.061348,-0.047653,0.011321
778,1125882649,-0.676510,0.549708,0.191020,-0.451328,-0.042446,-0.030941,0.058082
779,1125915983,-0.676138,0.549679,0.191064,-0.451903,-0.005837,-0.049511,0.051951
780,1125949317,-0.675829,0.549643,0.191056,-0.452412,0.031813,-0.018112,0.116154
781,1125982651,-0.675692,0.549634,0.190839,-0.452718,-0.019272,-0.066763,0.132129
782,1126015985,-0.675635,0.549620,0.190747,-0.452860,0.008568,0.015207,0.084694
783,1126049319,-0.675719,0.549803,0.190465,-0.452632,-0.004346,0.028906,0.039607
784,1126082653,-0.676087,0.550268,0.189550,-0.451900,-0.027369,-0.038429,0.045727
785,1126115987,-0.676536,0.550772,0.188434,-0.451080,0.007534,-0.034610,0.035501
786,1126149321,-0.676935,0.551303,0.187198,-0.450346,0.015102,-0.086103,0.061944
787,1126182655,-0.677189,0.551608,0.186190,-0.450008,-0.071899,-0.068020,0.027260
788,1126215989,-0.677412,0.551878,0.185254,-0.449728,-0.070139,0.003241,0.063781
789,1126249323,-0.677680,0.552321,0.184197,-0.449214,-0.031917,-0.022653,0.117692
790,1126282657,-0.677930,0.552636,0.183244,-0.448840,-0.009625,-0.063828,0.063852
791,1126315991,-0.678158,0.552829,0.182525,-0.448550,0.066222,-0.023407,0.011537
792,1126349325,-0.678438,0.553077,0.181855,-0.448093,0.100091,-0.027440,0.008035
793,1126382659,-0.678915,0.553272,0.181195,-0.447397,0.128909,-0.013811,0.026839
794,1126415993,-0.679613,0.553277,0.180527,-0.446599,0.093834,0.033368,0.040687
795,1126449327,-0.680431,0.553387,0.179647,-0.445571,0.127281,0.018542,0.066747
796,1126482661,-0.681204,0.553509,0.178743,-0.444602,0.061039,0.061828,0.069881
797,1126515995,-0.681930,0.553661,0.177713,-0.443712,-0.008906,0.093904,0.020578
798,1126549329,-0.682750,0.554075,0.176281,-0.442504,-0.050660,0.127456,-0.013575
799,1126582663,-0.683992,0.554968,0.173928,-0.440392,-0.012071,0.161113,0.090121
800,1126615997,-0.685595,0.556108,0.170837,-0.437663,0.069395,0.043353,0.066776
801,1126649331,-0.687214,0.557373,0.167548,-0.434776,0.125972,-0.033106,0.044842
802,1126682665,-0.688702,0.558668,0.164397,-0.431953,0.154699,-0.122531,0.001639
803,1126715999,-0.690010,0.559876,0.161631,-0.429338,0.089836,-0.177600,0.026086
804,1126749333,-0.691210,0.560990,0.159103,-0.426892,0.071006,-0.149931,0.070259
805,1126782667,-0.692351,0.561990,0.156878,-0.424545,0.003717,-0.171525,0.093328
806,1126816001,-0.693454,0.563022,0.154524,-0.422233,-0.070612,-0.251452,0.123884
807,1126849335,-0.694474,0.563929,0.152268,-0.420162,-0.129716,-0.289827,0.170504
808,1126882669,-0.695390,0.564723,0.150139,-0.418343,-0.116112,-0.330230,0.099805
809,1126916003,-0.696016,0.565250,0.148647,-0.417119,-0.057855,-0.369245,0.047511
810,1126949337,-0.696173,0.565239,0.148580,-0.416897,0.027678,-0.301165,0.034858
811,1126982671,-0.695889,0.564886,0.149656,-0.417464,0.075885,-0.295000,0.041765
812,1127016005,-0.695314,0.564110,0.151576,-0.418776,0.023544,-0.224730,0.096819
813,1127049339,-0.694653,0.563198,0.153695,-0.420326,-0.052784,-0.096877,0.076053
814,1127082673,-0.694099,0.562490,0.155382,-0.421567,-0.066914,-0.044578,0.064281
815,1127116007,-0.693765,0.562036,0.156542,-0.422293,-0.030079,-0.023826,0.070142
816,1127149341,-0.693499,0.561718,0.157545,-0.422780,-0.020370,-0.121761,0.104166
817,1127182675,-0.693129,0.561231,0.158862,-0.423540,-0.021934,-0.115415,0.092036
818,1127216009,-0.692585,0.560564,0.160692,-0.424621,-0.026616,-0.064270,0.166870
819,1127249343,-0.691880,0.559626,0.163201,-0.426048,-0.006241,-0.020441,0.086030
820,1127282677,-0.691087,0.558580,0.166059,-0.427600,-0.100942,0.018485,0.013277
821,1127316011,-0.690381,0.557695,0.168575,-0.428910,-0.058499,-0.013092,0.034598
822,1127349345,-0.689768,0.557014,0.170707,-0.429936,0.025146,0.002213,-0.013994
823,1127382679,-0.689269,0.556518,0.172402,-0.430701,0.056297,-0.010275,0.008509
824,1127416013,-0.688903,0.556123,0.173694,-0.431278,0.043173,-0.009276,0.020375
825,1127449347,-0.688733,0.555915,0.174536,-0.431478,0.044980,0.030787,0.042931
826,1127482681,-0.688634,0.555967,0.174985,-0.431386,0.012750,-0.018308,0.064087
827,1127516015,-0.688459,0.556084,0.175230,-0.431417,-0.081190,-0.051547,0.159565
828,1127549349,-0.688417,0.556201,0.175035,-0.431411,-0.160463,-0.076330,0.157430
829,1127582683,-0.688583,0.556276,0.174429,-0.431296,-0.200452,-0.018038,0.072856
830,1127616017,-0.689134,0.556538,0.173154,-0.430591,-0.010082,-0.084241,0.163025
831,1127649351,-0.689539,0.556393,0.172584,-0.430358,0.073880,0.054631,-0.027687
832,1127682685,-0.689839,0.556473,0.172074,-0.429978,0.148386,0.159114,-0.100509
833,1127716019,-0.690163,0.557490,0.170850,-0.428628,0.221778,0.240623,-0.056581
834,1127749353,-0.690243,0.559199,0.169542,-0.426787,0.278870,0.298928,-0.045405
835,1127782687,-0.689897,0.561389,0.168295,-0.424961,0.130422,0.215273,-0.174006
836,1127816021,-0.689246,0.563971,0.167229,-0.423016,0.003535,0.201105,-0.134261
837,1127849355,-0.688508,0.566738,0.166661,-0.420738,-0.180937,-0.029282,-0.227261
838,1127882689,-0.687860,0.569200,0.167311,-0.418207,-0.220258,-0.180054,-0.019619
839,1127916023,-0.687372,0.570947,0.169113,-0.415897,-0.241848,-0.191144,0.070002
840,1127949357,-0.687206,0.572017,0.171434,-0.413746,-0.199907,-0.317527,0.183110
841,1127982691,-0.687246,0.572532,0.173529,-0.412091,-0.108189,-0.282538,0.200595
842,1128016025,-0.687470,0.572865,0.174465,-0.410857,-0.047621,-0.305067,0.118996
843,1128049359,-0.687632,0.573127,0.173996,-0.410419,-0.003862,-0.170984,0.052497
844,1128082693,-0.687897,0.573695,0.171791,-0.410110,0.002870,-0.056013,0.003464
845,1128116027,-0.688366,0.574711,0.168328,-0.409336,0.018002,0.119124,0.117651
846,1128149361,-0.688886,0.575995,0.164502,-0.408212,-0.038611,0.192235,0.196990
847,1128182695,-0.689377,0.577320,0.161042,-0.406888,-0.182287,0.245541,0.154460
848,1128216029,-0.690096,0.578862,0.157717,-0.404774,-0.334089,0.246698,0.049068
849,1128249363,-0.691536,0.580906,0.153458,-0.401009,-0.384786,0.099587,0.046121
850,1128282697,-0.693617,0.582763,0.148890,-0.396415,-0.323880,-0.138480,0.055580
851,1128316031,-0.695993,0.583960,0.144763,-0.391993,-0.190983,-0.221620,0.041369
852,1128349365,-0.698308,0.584498,0.141411,-0.388281,-0.101446,-0.344742,-0.004221
853,1128382699,-0.699936,0.584196,0.139917,-0.386339,-0.001021,-0.336909,0.054625
854,1128416033,-0.701013,0.583559,0.139682,-0.385435,0.027842,-0.293532,0.161271
855,1128449367,-0.701412,0.582950,0.140037,-0.385500,0.038086,-0.271155,0.133400
856,1128482701,-0.701057,0.582265,0.140862,-0.386879,-0.026180,-0.291103,0.158691
857,1128516035,-0.700143,0.581488,0.141953,-0.389295,-0.051354,-0.169457,0.133314
858,1128549369,-0.698918,0.580756,0.142970,-0.392206,-0.108471,-0.101753,0.146108
859,1128582703,-0.697622,0.580115,0.143761,-0.395162,-0.129852,0.019832,0.165973
860,1128616037,-0.696566,0.579556,0.143984,-0.397756,-0.173288,0.097058,0.066049
861,1128649371,-0.695845,0.579204,0.143516,-0.399696,-0.207326,0.075695,0.108388
862,1128682705,-0.695380,0.578708,0.143007,-0.401403,-0.148062,0.082911,0.009944
863,1128716039,-0.695202,0.578059,0.142622,-0.402779,-0.083161,0.112680,-0.072987
864,1128749373,-0.695077,0.577253,0.142845,-0.404069,-0.034779,0.084721,-0.044815
865,1128782707,-0.694894,0.576250,0.143967,-0.405418,0.025467,0.090114,-0.015403
866,1128816041,-0.694531,0.575215,0.145662,-0.406900,0.127257,0.127199,0.047482
867,1128849375,-0.694019,0.574350,0.147352,-0.408384,0.126348,0.180652,0.098081
868,1128882709,-0.693519,0.574077,0.148057,-0.409362,0.057769,0.187646,-0.012310
869,1128916043,-0.693059,0.574467,0.147717,-0.409717,0.026766,0.152255,0.045881
870,1128949377,-0.692787,0.574793,0.147292,-0.409871,-0.011341,-0.006982,0.049703
871,1128982711,-0.692519,0.574830,0.147380,-0.410240,0.036660,0.029175,0.036015
872,1129016045,-0.692159,0.574546,0.148269,-0.410926,0.028625,0.024751,0.056541
873,1129049379,-0.691625,0.574205,0.149674,-0.411791,0.040625,0.036271,0.060226
874,1129082713,-0.690912,0.573747,0.151528,-0.412947,0.019736,0.066608,0.065270
875,1129116047,-0.690227,0.573322,0.153277,-0.414034,0.014547,0.087170,0.042053
876,1129149381,-0.689713,0.573065,0.154613,-0.414750,0.030235,0.075594,0.028649
877,1129182715,-0.689310,0.572952,0.155683,-0.415176,0.089012,0.041562,-0.000884
878,1129216049,-0.688853,0.572764,0.156994,-0.415700,0.091260,0.039357,-0.060916
879,1129249383,-0.688338,0.572603,0.158561,-0.416180,0.120625,0.000153,-0.028163
880,1129282717,-0.687709,0.572424,0.160495,-0.416726,0.170884,0.002556,-0.021747
881,1129316051,-0.686850,0.572278,0.162766,-0.417461,0.179852,-0.009479,-0.029307
882,1129349385,-0.685781,0.572272,0.165041,-0.418332,0.181422,0.025602,-0.055337
883,1129382719,-0.684515,0.572380,0.167306,-0.419357,0.161865,0.045822,-0.064116
884,1129416053,-0.683089,0.572530,0.169653,-0.420533,0.099458,0.064767,-0.041532
885,1129449387,-0.681583,0.572712,0.171980,-0.421782,0.052628,0.177999,-0.092088
886,1129482721,-0.680180,0.573115,0.173715,-0.422787,-0.060616,0.227145,-0.085892
887,1129516055,-0.679150,0.573874,0.174476,-0.423100,-0.123372,0.219642,-0.114632
888,1129549389,-0.678686,0.574705,0.174741,-0.422606,-0.158719,0.198502,-0.102893
889,1129582723,-0.678776,0.575303,0.175076,-0.421508,-0.157058,0.147687,-0.157841
890,1129616057,-0.679387,0.575728,0.175636,-0.419706,-0.122367,0.174948,-0.079487
891,1129649391,-0.680480,0.576006,0.176398,-0.417228,-0.071140,0.063180,-0.045280
892,1129682725,-0.681991,0.576180,0.177331,-0.414113,-0.019195,0.012844,0.173693
893,1129716059,-0.683916,0.576243,0.178244,-0.410442,0.021656,-0.053314,0.460700
894,1129749393,-0.686284,0.576393,0.178476,-0.406156,0.064290,-0.249412,0.625867
895,1129782727,-0.688523,0.576414,0.178282,-0.402404,0.077448,-0.444836,0.596218
896,1129816061,-0.690471,0.576235,0.177571,-0.399628,0.062118,-0.465754,0.368088
897,1129849395,-0.692300,0.576375,0.175526,-0.397157,0.078700,-0.520978,0.085362
898,1129882729,-0.693886,0.576706,0.172805,-0.395099,0.126485,-0.576007,-0.072351
899,1129916063,-0.695001,0.576828,0.170430,-0.393988,0.161927,-0.478146,-0.300004
900,1129949397,-0.695796,0.577016,0.168118,-0.393303,0.182271,-0.388210,-0.301859
901,1129982731,-0.696236,0.577274,0.166167,-0.392976,0.196994,-0.346260,-0.220379
902,1130016065,-0.696486,0.577652,0.164523,-0.392669,0.128100,-0.213279,-0.074012
903,1130049399,-0.696688,0.578233,0.162709,-0.392210,0.018262,-0.193035,0.098425
904,1130082733,-0.696879,0.578742,0.160967,-0.391838,-0.081486,-0.214283,0.250922
905,1130116067,-0.697160,0.578936,0.159471,-0.391662,-0.188782,-0.152647,0.243970
906,1130149401,-0.697797,0.578950,0.157727,-0.391215,-0.160181,-0.139284,0.224713
907,1130182735,-0.698778,0.578770,0.155696,-0.390545,-0.099462,-0.199524,0.080878
908,1130216069,-0.699835,0.578514,0.153613,-0.389853,0.031312,-0.192884,0.002761
909,1130249403,-0.700805,0.578289,0.151640,-0.389218,0.140993,-0.247259,-0.066691
910,1130282737,-0.701385,0.578043,0.150210,-0.389092,0.198429,-0.196144,-0.126635
911,1130316071,-0.701555,0.577901,0.149170,-0.389397,0.230639,-0.168980,-0.088694
912,1130349405,-0.701344,0.577884,0.148523,-0.390049,0.166404,-0.147254,0.021935
913,1130382739,-0.700790,0.577898,0.148231,-0.391135,0.087956,-0.083247,0.064940
914,1130416073,-0.700091,0.577910,0.148096,-0.392416,-0.041959,-0.076546,0.137216
915,1130449407,-0.699369,0.577803,0.148093,-0.393861,-0.156037,-0.039035,0.103785
916,1130482741,-0.698893,0.577449,0.148153,-0.395199,-0.174663,-0.026537,0.135356
917,1130516075,-0.698795,0.576919,0.148108,-0.396162,-0.147875,-0.016637,0.132394
918,1130549409,-0.698903,0.576287,0.148029,-0.396920,-0.059418,0.027874,0.064302
919,1130582743,-0.699115,0.575682,0.147854,-0.397491,-0.026700,0.019878,0.015965
920,1130616077,-0.699240,0.575155,0.147783,-0.398059,0.026193,-0.009350,-0.008307
921,1130649411,-0.699329,0.574737,0.147785,-0.398506,0.137368,0.007410,-0.008406
922,1130682745,-0.699222,0.574422,0.148025,-0.399057,0.069893,0.014673,0.039839
923,1130716079,-0.698969,0.574248,0.148320,-0.399642,0.047374,0.022131,0.022903
924,1130749413,-0.698685,0.574278,0.148431,-0.400055,0.016392,0.036538,0.033468
925,1130782747,-0.698427,0.574357,0.148459,-0.400382,-0.081294,-0.006684,0.021800
926,1130816081,-0.698164,0.574344,0.148697,-0.400769,-0.061606,0.035417,0.080367
927,1130849415,-0.698072,0.574260,0.149021,-0.400929,-0.088896,0.023890,0.122396
928,1130882749,-0.698042,0.574130,0.149448,-0.401009,-0.043685,0.009732,0.077789
929,1130916083,-0.697997,0.573931,0.149985,-0.401171,-0.071063,-0.030489,0.067739
930,1130949417,-0.697934,0.573679,0.150585,-0.401417,-0.001950,-0.030142,0.065401
931,1130982751,-0.697815,0.573379,0.151314,-0.401779,0.033472,0.001816,0.014730
932,1131016085,-0.697628,0.573269,0.151946,-0.402022,0.055262,0.006345,0.024855
933,1131049419,-0.697327,0.573292,0.152538,-0.402287,0.029591,-0.025250,-0.009609
934,1131082753,-0.696947,0.573411,0.153117,-0.402554,0.015276,-0.006993,0.063925
935,1131116087,-0.696620,0.573535,0.153589,-0.402764,-0.040067,-0.045471,0.096633
936,1131149421,-0.696278,0.573506,0.154139,-0.403187,-0.059113,-0.018662,0.067454
937,1131182755,-0.696058,0.573360,0.154584,-0.403604,-0.051749,0.033181,0.090481
938,1131216089,-0.696017,0.573245,0.154744,-0.403777,-0.010369,0.060231,0.078711
939,1131249423,-0.696153,0.573149,0.154722,-0.403686,0.005879,0.077796,0.047504
940,1131282757,-0.696505,0.573232,0.154212,-0.403157,0.000219,0.075962,0.028000
941,1131316091,-0.697052,0.573559,0.153092,-0.402171,-0.014944,0.023610,0.047307
942,1131349425,-0.697663,0.573870,0.151805,-0.401157,-0.026290,-0.026928,0.013028
943,1131382759,-0.698335,0.574101,0.150511,-0.400141,-0.013171,-0.026238,0.048018
944,1131416093,-0.699021,0.574225,0.149296,-0.399220,-0.011812,-0.054786,0.049082
945,1131449427,-0.699650,0.574206,0.148286,-0.398521,0.035382,0.037860,0.108582
946,1131482761,-0.700379,0.574231,0.147121,-0.397637,0.033580,0.013605,0.080518
947,1131516095,-0.701051,0.574276,0.146052,-0.396781,0.084874,0.024782,0.031693
948,1131549429,-0.701674,0.574275,0.145173,-0.396001,0.060212,0.054522,0.039755
949,1131582763,-0.702331,0.574346,0.144203,-0.395087,0.058979,0.065944,0.038522
950,1131616097,-0.702977,0.574485,0.143104,-0.394135,0.071814,0.085684,0.014014
951,1131649431,-0.703707,0.574805,0.141607,-0.392903,0.050309,0.148415,-0.021744
952,1131682765,-0.704635,0.575280,0.139661,-0.391240,-0.016854,0.161880,-0.040483
953,1131716099,-0.705829,0.575889,0.137314,-0.389016,-0.010721,0.156849,0.011538
954,1131749433,-0.707338,0.576721,0.134425,-0.386039,-0.065990,0.155483,0.034686
955,1131782767,-0.709022,0.577637,0.131225,-0.382667,-0.031001,0.021320,0.118566
956,1131816101,-0.710722,0.578235,0.128441,-0.379543,0.005496,-0.011794,0.097423
957,1131849435,-0.712272,0.578645,0.126224,-0.376744,0.056205,0.011592,0.111153
958,1131882769,-0.713653,0.578996,0.124448,-0.374175,0.107465,0.007066,0.084043
959,1131916103,-0.714871,0.579480,0.122746,-0.371654,0.130015,0.005334,0.047883
960,1131949437,-0.715890,0.580174,0.120895,-0.369209,0.143992,-0.015389,-0.039108
961,1131982771,-0.716697,0.580910,0.119235,-0.367019,0.130146,-0.024346,-0.032477
962,1132016105,-0.717451,0.581637,0.117716,-0.364879,0.059419,0.088455,-0.031171
963,1132049439,-0.718333,0.582555,0.115565,-0.362357,0.024150,0.079438,0.013864
964,1132082773,-0.719402,0.583500,0.112900,-0.359546,-0.054359,0.131531,0.067122
965,1132116107,-0.720828,0.584444,0.109541,-0.356180,-0.151298,0.159393,0.102299
966,1132149441,-0.722805,0.585372,0.105210,-0.351931,-0.199785,0.182125,0.219766
967,1132182775,-0.725425,0.586196,0.099944,-0.346663,-0.217699,0.103390,0.149390
968,1132216109,-0.728299,0.586820,0.094333,-0.341109,-0.137101,-0.006598,0.074528
969,1132249443,-0.731198,0.587093,0.089161,-0.335786,-0.068226,-0.055890,0.032102
970,1132282777,-0.733927,0.587140,0.084691,-0.330872,0.046878,-0.096673,-0.063237
971,1132316111,-0.736284,0.587258,0.080916,-0.326340,0.107335,-0.149278,-0.017109
972,1132349445,-0.738175,0.587523,0.077953,-0.322287,0.139053,-0.141262,-0.020282
973,1132382779,-0.739558,0.588000,0.075532,-0.318803,0.096287,-0.152507,-0.120776
974,1132416113,-0.740500,0.588683,0.073626,-0.315789,0.028204,-0.214222,0.021939
975,1132449447,-0.741151,0.589347,0.072290,-0.313320,-0.011147,-0.154420,0.014816
976,1132482781,-0.741644,0.589994,0.071129,-0.311195,-0.086611,-0.159841,0.041629
977,1132516115,-0.742051,0.590557,0.069999,-0.309409,-0.146518,-0.230147,0.109140
978,1132549449,-0.742453,0.590853,0.068989,-0.308104,-0.201744,-0.159917,0.144374
979,1132582783,-0.742989,0.590913,0.067744,-0.306971,-0.186762,-0.171312,0.146589
980,1132616117,-0.743699,0.590796,0.066106,-0.305832,-0.184278,-0.231310,0.103346
981,1132649451,-0.744339,0.590457,0.064862,-0.305193,-0.139230,-0.249620,0.139832
982,1132682785,-0.744754,0.589899,0.064387,-0.305360,-0.079265,-0.263933,0.156896
983,1132716119,-0.744778,0.589164,0.064942,-0.306601,-0.051487,-0.241432,0.127720
984,1132749453,-0.744344,0.588373,0.066477,-0.308838,-0.044058,-0.117455,0.084878
985,1132782787,-0.743649,0.587696,0.068443,-0.311362,-0.067118,-0.096357,-0.036345
986,1132816121,-0.742737,0.587088,0.070884,-0.314127,0.027092,-0.047140,-0.035436
987,1132849455,-0.741707,0.586514,0.073710,-0.316969,0.028246,-0.044151,-0.001457
988,1132882789,-0.740460,0.586070,0.076828,-0.319953,0.071026,-0.059607,0.000369
989,1132916123,-0.738997,0.585750,0.080229,-0.323070,0.059906,-0.022040,0.086514
990,1132949457,-0.737447,0.585607,0.083407,-0.326053,-0.023205,-0.081016,0.072594
991,1132982791,-0.735771,0.585581,0.086541,-0.329055,-0.099684,-0.186836,0.152308
992,1133016125,-0.733998,0.585248,0.090450,-0.332539,-0.102445,-0.270051,0.147829
993,1133049459,-0.732015,0.584590,0.095452,-0.336643,-0.033925,-0.329776,0.067406
994,1133082793,-0.729487,0.583734,0.101825,-0.341710,0.139637,-0.460929,0.035531
995,1133116127,-0.726013,0.582438,0.110549,-0.348541,0.326231,-0.413345,0.016031
996,1133149461,-0.721633,0.580928,0.120626,-0.356720,0.364419,-0.214376,-0.061404
997,1133182795,-0.716772,0.579946,0.129628,-0.364866,0.351056,-0.127835,-0.140623
998,1133216129,-0.711552,0.579496,0.137241,-0.372926,0.196562,-0.094314,-0.101308
999,1133249463,-0.706193,0.579081,0.144004,-0.381117,0.052172,0.004955,-0.000071
1000,1133282797,-0.701057,0.578610,0.149842,-0.388984,-0.134139,0.207084,0.089262
1001,1133316131,-0.696236,0.578060,0.154936,-0.396393,-0.289758,0.276139,0.131896
1002,1133349465,-0.691882,0.576971,0.160068,-0.403502,-0.356874,0.367206,0.172390
1003,1133382799,-0.688432,0.575326,0.165111,-0.409672,-0.370810,0.452619,0.079256
1004,1133416133,-0.686164,0.573474,0.169624,-0.414204,-0.301811,0.452834,0.067511
1005,1133449467,-0.685074,0.571712,0.173366,-0.416887,-0.220951,0.563180,0.056526
1006,1133482801,-0.684904,0.570857,0.175412,-0.417481,-0.066686,0.462136,0.137354
1007,1133516135,-0.685066,0.570567,0.176594,-0.417113,0.113375,0.264618,0.223495
1008,1133549469,-0.685101,0.570326,0.178089,-0.416749,0.064391,0.140168,0.053528
1009,1133582803,-0.684978,0.570408,0.179584,-0.416198,0.076084,-0.022613,-0.066958
1010,1133616137,-0.684767,0.570605,0.181277,-0.415541,0.120885,-0.184918,-0.133483
1011,1133649471,-0.684230,0.570509,0.183743,-0.415474,0.125255,-0.273020,-0.108043
1012,1133682805,-0.683275,0.570245,0.186663,-0.416105,0.123802,-0.257970,-0.117731
1013,1133716139,-0.681922,0.570061,0.189423,-0.417328,0.117200,-0.214645,0.042278
1014,1133749473,-0.680495,0.569907,0.191652,-0.418846,0.068666,-0.113825,0.225564
1015,1133782807,-0.679502,0.569965,0.192825,-0.419841,-0.017664,-0.055349,0.311376
1016,1133816141,-0.678892,0.570307,0.192779,-0.420384,-0.022724,-0.095151,0.126945
1017,1133849475,-0.678212,0.570613,0.192353,-0.421259,0.054405,-0.191462,-0.083628
1018,1133882809,-0.676957,0.570447,0.192766,-0.423310,0.167620,-0.035930,-0.253575
1019,1133916143,-0.675634,0.570346,0.193337,-0.425294,0.146278,0.065828,-0.221403
1020,1133949477,-0.674578,0.570569,0.193358,-0.426661,0.159923,0.075256,-0.109684
1021,1133982811,-0.673739,0.570800,0.192962,-0.427855,0.067579,0.243460,0.096640
1022,1134016145,-0.673753,0.572004,0.190462,-0.427344,-0.351154,0.433991,0.065508
1023,1134049479,-0.675025,0.575087,0.185103,-0.423538,-0.420546,0.047234,0.247339
1024,1134082813,-0.676248,0.577539,0.180927,-0.420039,-0.381502,-0.297513,0.264956
1025,1134116147,-0.677180,0.578104,0.179802,-0.418241,-0.297487,-0.412416,0.125013
1026,1134149481,-0.677672,0.576963,0.181623,-0.418232,-0.161339,-0.404696,0.011351
1027,1134182815,-0.677794,0.575141,0.184914,-0.419100,0.044144,-0.293296,0.004349
1028,1134216149,-0.677830,0.573517,0.187954,-0.419916,0.215687,-0.384887,0.020206
1029,1134249483,-0.677231,0.571879,0.191060,-0.421710,0.405796,-0.359297,-0.054385
1030,1134282817,-0.675722,0.570293,0.194505,-0.424693,0.420598,-0.221706,-0.032105
1031,1134316151,-0.673379,0.569145,0.197985,-0.428331,0.396427,-0.096130,0.074935
1032,1134349485,-0.670478,0.568393,0.201227,-0.432352,0.250860,0.050741,0.152996
1033,1134382819,-0.667550,0.568048,0.203490,-0.436258,0.014711,0.206312,0.182376
1034,1134416153,-0.665371,0.568426,0.203950,-0.438872,-0.337600,0.290006,0.267355
1035,1134449487,-0.664482,0.569423,0.202401,-0.439643,-0.437093,0.135760,0.081587
1036,1134482821,-0.664413,0.569885,0.200761,-0.439901,-0.388041,0.092782,-0.023983
1037,1134516155,-0.665028,0.569674,0.199976,-0.439602,-0.330014,0.182703,-0.131289
1038,1134549489,-0.666228,0.569359,0.199917,-0.438217,-0.072522,0.077253,-0.074787
1039,1134582823,-0.667486,0.568612,0.201091,-0.436734,0.146530,0.033969,-0.043275
1040,1134616157,-0.668547,0.567698,0.203003,-0.435412,0.185252,0.025910,0.080182
1041,1134649491,-0.669170,0.567193,0.204870,-0.434237,0.232571,-0.037882,0.183884
1042,1134682825,-0.669152,0.567058,0.206831,-0.433511,0.208486,-0.188121,0.266084
1043,1134716159,-0.668495,0.566908,0.209184,-0.433593,0.104715,-0.260151,0.239405
1044,1134749493,-0.667540,0.566634,0.211731,-0.434186,-0.029049,-0.257186,0.165023
1045,1134782827,-0.666848,0.566346,0.213897,-0.434563,-0.090677,-0.358991,0.125129
1046,1134816161,-0.666502,0.565838,0.215801,-0.434814,-0.095836,-0.421568,0.012021
1047,1134849495,-0.666373,0.565100,0.217386,-0.435182,-0.044365,-0.393426,-0.044419
1048,1134882829,-0.666320,0.564327,0.218664,-0.435626,0.027410,-0.458920,-0.068244
1049,1134916163,-0.666096,0.563419,0.220098,-0.436420,0.155581,-0.440694,-0.134427
1050,1134949497,-0.665805,0.562410,0.221561,-0.437424,0.229245,-0.347305,0.004059
1051,1134982831,-0.665833,0.561736,0.222185,-0.437932,0.276122,-0.299203,0.010156
1052,1135016165,-0.666014,0.561596,0.221900,-0.437980,0.358355,-0.414698,-0.125601
1053,1135049499,-0.665721,0.561334,0.222034,-0.438692,0.399456,-0.445090,-0.088281
1054,1135082833,-0.664993,0.560661,0.222769,-0.440283,0.328311,-0.312385,-0.185308
1055,1135116167,-0.664586,0.560430,0.222595,-0.441278,0.344856,-0.296601,-0.206876
1056,1135149501,-0.664229,0.560310,0.222039,-0.442247,0.360485,-0.262910,-0.020692
1057,1135182835,-0.664026,0.559914,0.221453,-0.443345,0.277724,-0.168367,0.350664
1058,1135216169,-0.664658,0.559816,0.219859,-0.443315,0.307600,0.041430,0.945447
1059,1135249503,-0.665820,0.560117,0.217126,-0.442538,0.139836,-0.010556,0.584720
1060,1135282837,-0.666756,0.560990,0.213367,-0.441849,0.202862,-0.220177,-0.056121
1061,1135316171,-0.667065,0.561535,0.209922,-0.442343,0.177325,-0.137396,-0.634875
1062,1135349505,-0.667074,0.561623,0.207813,-0.443212,0.392437,-0.076040,-0.426194
1063,1135382839,-0.667378,0.560879,0.207493,-0.443846,0.466741,0.101648,-0.089781
1064,1135416173,-0.668505,0.560117,0.207207,-0.443245,0.499910,0.344799,0.210015
1065,1135449507,-0.669843,0.559991,0.205460,-0.442195,0.375206,0.223928,0.285629
1066,1135482841,-0.670254,0.560624,0.201904,-0.442410,0.034311,0.297511,-0.079276
1067,1135516175,-0.670290,0.562598,0.195693,-0.442641,-0.320450,0.432322,-0.096377
1068,1135549509,-0.671261,0.564956,0.187832,-0.441570,-0.396616,0.331194,-0.155416
1069,1135582843,-0.673448,0.566241,0.180627,-0.439596,-0.256399,0.424662,-0.265081
1070,1135616177,-0.676472,0.566711,0.174834,-0.436678,-0.056215,0.417751,-0.437785
1071,1135649511,-0.679085,0.566483,0.171598,-0.434194,0.118722,0.436212,-0.225796
1072,1135682845,-0.680818,0.566476,0.169940,-0.432137,-0.127951,0.865455,0.061848
1073,1135716179,-0.682375,0.567981,0.166941,-0.428862,-0.122522,0.834527,0.312354
1074,1135749513,-0.684347,0.570675,0.161713,-0.424122,-0.553248,0.558756,0.598087
1075,1135782847,-0.689659,0.573537,0.150046,-0.415865,-2.654309,0.506008,1.148308
1076,1135816181,-0.698815,0.577932,0.129175,-0.401245,-0.969185,-0.808935,0.619712
1077,1135849515,-0.705527,0.578998,0.117376,-0.391468,0.288408,-0.345032,-0.141356
1078,1135882849,-0.709738,0.577506,0.115683,-0.386532,0.536165,-0.065813,-0.449845
1079,1135916183,-0.712407,0.574617,0.120355,-0.384495,0.660041,0.106185,-0.486329
1080,1135949517,-0.714451,0.572541,0.126220,-0.381910,0.373073,0.292622,-0.132786
1081,1135982851,-0.716274,0.572460,0.129473,-0.377504,-0.029026,0.044105,0.253426
1082,1136016185,-0.717894,0.574018,0.128662,-0.372301,-0.421584,-0.283818,0.561865
1083,1136049519,-0.719892,0.576406,0.122755,-0.366708,-0.772818,-0.211556,0.520513
1084,1136082853,-0.722630,0.578717,0.112729,-0.360855,-0.386789,-0.894689,0.420578
1085,1136116187,-0.724202,0.577685,0.108415,-0.360679,0.025158,-0.734751,0.046663
1086,1136149521,-0.724764,0.574543,0.109771,-0.364142,0.173870,-0.206155,-0.306576
1087,1136182855,-0.724501,0.571505,0.113442,-0.368296,0.306293,0.034975,-0.464717
1088,1136216189,-0.723317,0.568948,0.119048,-0.372786,0.426151,0.090990,-0.204720
1089,1136249523,-0.721206,0.566114,0.127753,-0.378269,0.132942,0.132372,-0.010291
1090,1136282857,-0.718453,0.563046,0.138363,-0.384305,-0.206506,0.434376,0.147012
1091,1136316191,-0.716859,0.561338,0.145017,-0.387317,-0.460677,0.733714,0.099592
1092,1136349525,-0.717456,0.562104,0.144244,-0.385383,-0.256808,0.303710,0.187267
1093,1136382859,-0.718796,0.562712,0.141591,-0.382976,0.006980,-0.097924,0.117901
1094,1136416193,-0.720068,0.561954,0.140903,-0.381952,0.005267,0.128695,-0.046028
1095,1136449527,-0.721056,0.561189,0.141253,-0.381081,0.108590,0.140207,0.017413
1096,1136482861,-0.721620,0.560286,0.143231,-0.380604,0.189414,0.167052,0.022061
1097,1136516195,-0.721820,0.559512,0.146285,-0.380203,0.030653,0.300130,-0.037282
1098,1136549529,-0.722202,0.559671,0.148427,-0.378409,-0.091795,0.268987,0.083674
1099,1136582863,-0.723397,0.560666,0.148647,-0.374548,-0.163976,0.068332,0.331731
1100,1136616197,-0.725193,0.561658,0.147795,-0.369897,-0.221101,-0.195754,0.376303
1101,1136649531,-0.726941,0.561898,0.147628,-0.366149,-0.310473,-0.343272,0.221206
1102,1136682865,-0.728367,0.561939,0.148078,-0.363057,-0.293445,-0.430784,0.253106
1103,1136716199,-0.729369,0.561429,0.149747,-0.361144,-0.072348,-0.621668,0.006519
1104,1136749533,-0.729617,0.560193,0.153207,-0.361112,0.035682,-0.676522,-0.192141
1105,1136782867,-0.728797,0.558200,0.158951,-0.363365,0.188087,-0.744844,-0.148722
1106,1136816201,-0.727016,0.555554,0.166743,-0.367471,0.073726,-0.512014,-0.098561
1107,1136849535,-0.724446,0.553073,0.174692,-0.372561,0.005871,-0.492477,-0.135712
1108,1136882869,-0.721373,0.550407,0.182539,-0.378660,0.143643,-0.422649,0.048540
1109,1136916203,-0.717946,0.547160,0.190457,-0.385910,0.012796,-0.275060,-0.034266
1110,1136949537,-0.714305,0.543883,0.197593,-0.393634,-0.033714,0.042334,-0.063531
1111,1136982871,-0.711518,0.541430,0.202043,-0.399756,-0.064744,0.146357,-0.086271
1112,1137016205,-0.709802,0.540169,0.203478,-0.403764,0.000589,0.218513,-0.040363
1113,1137049539,-0.708842,0.539999,0.202612,-0.406109,0.063014,0.033506,-0.025549
1114,1137082873,-0.707690,0.540102,0.201882,-0.408338,0.134241,0.023196,0.069644
1115,1137116207,-0.706324,0.540258,0.201752,-0.410555,0.141582,0.053608,-0.013136
1116,1137149541,-0.704919,0.540864,0.201725,-0.412181,0.059533,0.051891,-0.094879
1117,1137182875,-0.703407,0.541812,0.201837,-0.413462,0.048716,-0.111995,0.022453
1118,1137216209,-0.701800,0.542292,0.202703,-0.415137,-0.082420,-0.067446,0.009552
1119,1137249543,-0.700784,0.543032,0.202629,-0.415922,-0.159204,0.034031,0.007751
1120,1137282877,-0.700704,0.544823,0.200315,-0.414833,-0.068098,-0.223432,0.112768
1121,1137316211,-0.700635,0.546794,0.197764,-0.413579,-0.020763,-0.412911,0.176096
1122,1137349545,-0.700021,0.548214,0.196322,-0.413425,-0.053497,-0.456155,-0.009157
1123,1137382879,-0.698746,0.549211,0.196086,-0.414369,0.048320,-0.546213,-0.008705
1124,1137416213,-0.696662,0.549485,0.197833,-0.416680,0.131499,-0.570227,-0.101973
1125,1137449547,-0.693693,0.549351,0.201422,-0.420075,0.157147,-0.584848,-0.023981
1126,1137482881,-0.689889,0.549028,0.206540,-0.424257,0.294009,-0.616821,0.198591
1127,1137516215,-0.684534,0.547445,0.214593,-0.430926,0.461356,-0.654152,0.272309
1128,1137549549,-0.678061,0.543557,0.225756,-0.440278,0.116119,-0.121401,0.262345
1129,1137582883,-0.672182,0.539402,0.234942,-0.449500,-0.108529,0.333932,0.252414
1130,1137616217,-0.667965,0.536920,0.239424,-0.456340,-0.295289,0.436064,0.316076
1131,1137649551,-0.664914,0.535961,0.240267,-0.461452,-0.117387,0.386278,0.413770
1132,1137682885,-0.662203,0.534998,0.240403,-0.466370,-0.162109,0.589330,0.265513
1133,1137716219,-0.660162,0.534628,0.239748,-0.470012,-0.037072,0.510990,0.150097
1134,1137749553,-0.657847,0.532970,0.242054,-0.473943,-0.159441,0.445707,0.082658
1135,1137782887,-0.655305,0.529668,0.247928,-0.478110,-0.227189,0.555666,0.108137
1136,1137816221,-0.653033,0.526034,0.255028,-0.481486,-0.138599,0.740260,-0.025621
1137,1137849555,-0.651736,0.523313,0.261073,-0.482965,-0.112550,0.636473,0.149767
1138,1137882889,-0.651444,0.521537,0.265337,-0.482957,-0.003588,0.485675,0.238656
1139,1137916223,-0.651540,0.519788,0.268684,-0.482861,-0.009634,0.454116,0.112833
1140,1137949557,-0.652147,0.518666,0.270227,-0.482388,-0.208069,0.451239,0.096704
1141,1137982891,-0.653982,0.519228,0.268649,-0.480175,-0.203304,0.199641,0.145278
1142,1138016225,-0.656851,0.520327,0.265321,-0.476909,-0.098006,0.034153,0.086836
1143,1138049559,-0.660122,0.521277,0.261681,-0.473353,0.079677,-0.096105,0.051744
1144,1138082893,-0.663074,0.521703,0.259088,-0.470173,0.182176,-0.337054,-0.036942
1145,1138116227,-0.665223,0.521017,0.258345,-0.468303,0.133592,-0.390844,-0.190657
1146,1138149561,-0.666995,0.520176,0.257733,-0.467053,0.165025,-0.349856,-0.201265
1147,1138182895,-0.668779,0.519946,0.256089,-0.465662,0.214911,-0.365757,-0.203965
1148,1138216229,-0.670053,0.519978,0.253877,-0.465004,0.318362,-0.484018,-0.356270
1149,1138249563,-0.670019,0.519334,0.253279,-0.466098,0.102901,-0.358255,-0.517479
1150,1138282897,-0.669243,0.518980,0.253694,-0.467380,-0.025759,-0.243403,-0.156714
1151,1138316231,-0.668410,0.518558,0.254800,-0.468438,-0.004256,-0.277229,0.209263
1152,1138349565,-0.667590,0.517488,0.256605,-0.469802,0.009334,-0.042754,0.318687
1153,1138382899,-0.666910,0.516839,0.256909,-0.471315,-0.075840,-0.021523,0.227825
1154,1138416233,-0.666696,0.516997,0.254670,-0.472657,-0.245672,0.129288,0.169831
1155,1138449567,-0.667734,0.518481,0.249396,-0.472378,-0.146327,0.306102,-0.152668
1156,1138482901,-0.669463,0.521007,0.242411,-0.470786,0.003188,0.251108,-0.292317
1157,1138516235,-0.671150,0.523905,0.235617,-0.468611,0.025627,0.168644,-0.252126
1158,1138549569,-0.672391,0.526851,0.230275,-0.466178,0.012420,0.169900,-0.288344
1159,1138582903,-0.673305,0.529690,0.226378,-0.463544,0.024108,0.168987,-0.378509
1160,1138616237,-0.673911,0.532776,0.223543,-0.460492,0.072139,0.184759,-0.219044
1161,1138649571,-0.674339,0.535935,0.221456,-0.457197,0.031331,0.146752,-0.010909
1162,1138682905,-0.675030,0.539201,0.219333,-0.453344,-0.047290,0.194051,0.339188
1163,1138716239,-0.676344,0.542709,0.216063,-0.448747,-0.347439,0.200806,0.399330
1164,1138749573,-0.678812,0.547080,0.210290,-0.442411,-0.487669,0.106167,0.383712
1165,1138782907,-0.682315,0.551836,0.202543,-0.434661,-0.600503,-0.196347,0.308626
1166,1138816241,-0.686377,0.556213,0.194069,-0.426477,-0.546855,-0.346143,0.232597
1167,1138849575,-0.690938,0.560385,0.184742,-0.417701,-0.478900,-0.392442,0.289251
1168,1138882909,-0.695656,0.563977,0.175207,-0.409055,-0.162530,-0.593536,0.457573
1169,1138916243,-0.699811,0.565106,0.168486,-0.403192,-0.169799,-0.733434,0.185643
1170,1138949577,-0.702828,0.565390,0.163666,-0.399513,-0.219494,-0.343476,0.026154
1171,1138982911,-0.704844,0.567278,0.157887,-0.395592,-0.012758,-0.391885,0.141534
1172,1139016245,-0.705613,0.569272,0.153080,-0.393239,0.047970,-0.579059,0.363743
1173,1139049579,-0.705295,0.569569,0.151058,-0.394161,0.032862,-0.566581,0.291218
1174,1139082913,-0.704361,0.568758,0.150686,-0.397134,-0.123965,-0.215625,0.034363
1175,1139116247,-0.703334,0.568199,0.149653,-0.400133,-0.100589,-0.176798,-0.018734
1176,1139149581,-0.702234,0.567538,0.148535,-0.403406,0.005630,-0.045229,0.027563
1177,1139182915,-0.701087,0.566798,0.147585,-0.406775,-0.017635,0.133993,0.021949
1178,1139216249,-0.699905,0.566300,0.146814,-0.409773,-0.013808,0.210524,0.091231
1179,1139249583,-0.698530,0.565662,0.147055,-0.412901,0.009920,0.255953,0.041672
1180,1139282917,-0.696924,0.564849,0.148395,-0.416235,-0.050253,0.372486,-0.035258
1181,1139316251,-0.695333,0.564252,0.150018,-0.419114,-0.109344,0.462487,-0.130401
1182,1139349585,-0.694083,0.564218,0.151146,-0.420824,-0.160679,0.489663,-0.163348
1183,1139382919,-0.693485,0.564933,0.151184,-0.420837,-0.132862,0.384117,0.098303
1184,1139416253,-0.693311,0.565680,0.150950,-0.420203,-0.163792,0.243186,0.133365
1185,1139449587,-0.693467,0.566351,0.150571,-0.419176,-0.214647,0.140065,0.160012
1186,1139482921,-0.693752,0.566763,0.150542,-0.418158,-0.132288,-0.006850,0.153036
1187,1139516255,-0.693944,0.566587,0.151579,-0.417702,-0.027818,-0.134357,0.102683
1188,1139549589,-0.693900,0.565725,0.153964,-0.418072,0.059471,-0.081045,0.012733
1189,1139582923,-0.693706,0.564828,0.156657,-0.418605,0.165085,-0.127298,-0.070073
1190,1139616257,-0.693119,0.564007,0.159700,-0.419534,0.285160,-0.184771,-0.120299
1191,1139649591,-0.692010,0.563031,0.163408,-0.421244,0.322779,-0.182916,-0.108464
1192,1139682925,-0.690476,0.562151,0.167411,-0.423361,0.359138,-0.176708,-0.124904
1193,1139716259,-0.688368,0.561459,0.171658,-0.426002,0.403232,-0.212921,-0.071367
1194,1139749593,-0.685765,0.560811,0.176131,-0.429216,0.332450,-0.245197,-0.021979
1195,1139782927,-0.682715,0.560122,0.180431,-0.433172,0.261138,-0.172305,-0.084605
1196,1139816261,-0.679526,0.559633,0.183717,-0.437418,0.155930,-0.089958,-0.141058
1197,1139849595,-0.676698,0.559540,0.185469,-0.441166,0.121484,0.038251,-0.160222
1198,1139882929,-0.674520,0.559858,0.185631,-0.444020,0.214150,0.121094,-0.296507
1199,1139916263,-0.672907,0.560254,0.185415,-0.446053,0.367864,0.198970,-0.048841
1200,1139949597,-0.671595,0.560145,0.186230,-0.447824,0.485651,0.454496,0.451745
1201,1139982931,-0.670753,0.560041,0.187282,-0.448777,0.377751,0.672483,0.701048
1202,1140016265,-0.670608,0.561347,0.186335,-0.447756,0.100973,0.634652,0.659337
1203,1140049599,-0.671307,0.564307,0.182340,-0.444621,-0.278512,0.315941,0.287809
1204,1140082933,-0.673014,0.567656,0.176737,-0.440015,-0.367170,-0.098786,-0.027671
1205,1140116267,-0.676036,0.569907,0.171396,-0.434553,-0.341980,-0.363500,-0.397602
1206,1140149601,-0.680013,0.570659,0.167384,-0.428887,-0.024734,-0.348047,-0.375206
1207,1140182935,-0.684105,0.569973,0.165377,-0.424043,0.125295,-0.214085,-0.025830
1208,1140216269,-0.688769,0.569031,0.162866,-0.418695,0.252323,0.041976,0.120027
1209,1140249603,-0.694071,0.568636,0.157343,-0.412544,0.535580,0.184872,0.259398
1210,1140282937,-0.699633,0.569023,0.147626,-0.406157,0.503418,0.342572,0.129045
1211,1140316271,-0.705014,0.571238,0.132625,-0.398854,0.464522,0.531473,-0.064221
1212,1140349605,-0.709851,0.575125,0.113685,-0.390448,0.600007,0.461997,-0.088117
1213,1140382939,-0.713920,0.578942,0.095528,-0.382164,0.409983,0.376162,-0.294684
1214,1140416273,-0.717299,0.582575,0.081357,-0.373498,0.396301,0.224517,-0.076207
1215,1140449607,-0.720593,0.584580,0.074480,-0.365371,-0.153615,-0.077998,0.253557
1216,1140482941,-0.724632,0.584511,0.071785,-0.357956,-0.067885,0.626042,0.402326
1217,1140516275,-0.728781,0.586427,0.064499,-0.347637,-0.865449,0.476745,-0.231186
1218,1140549609,-0.730728,0.590107,0.054896,-0.338861,-0.099636,-0.280863,0.185495
1219,1140582943,-0.732077,0.590827,0.052132,-0.335111,0.646305,0.591215,0.946498
1220,1140616277,-0.734961,0.589295,0.053904,-0.331193,0.125868,0.309337,0.041351
1221,1140649611,-0.738739,0.589286,0.056105,-0.322320,0.351068,0.399781,-0.753228
1222,1140682945,-0.742038,0.592243,0.056316,-0.309010,0.245625,0.025452,-0.584015
1223,1140716279,-0.744918,0.596043,0.056468,-0.294399,0.033990,-0.521459,-0.293736
1224,1140749613,-0.747758,0.599337,0.057418,-0.279977,-0.040743,-0.585433,-0.051197
1225,1140782947,-0.750590,0.602374,0.057684,-0.265449,-0.249089,-0.620806,0.424835
1226,1140816281,-0.753215,0.605258,0.056573,-0.251317,-0.526005,-0.948592,0.906901
1227,1140849615,-0.755549,0.607230,0.055488,-0.239518,-0.720501,-1.219145,0.953736
1228,1140882949,-0.757471,0.607892,0.055170,-0.231718,-0.550695,-1.134370,0.623254
1229,1140916283,-0.758948,0.608164,0.053938,-0.226397,-0.580087,-1.050440,0.292284
1230,1140949617,-0.759724,0.608833,0.052057,-0.222401,-0.627904,-1.321196,0.069583
1231,1140982951,-0.759300,0.609265,0.053761,-0.222262,-0.577650,-1.625097,-0.021314
1232,1141016285,-0.757429,0.608266,0.062767,-0.228922,-0.514840,-1.677388,0.062541
1233,1141049619,-0.754195,0.605533,0.077518,-0.241953,-0.346179,-1.178297,0.123912
1234,1141082953,-0.750262,0.601624,0.092673,-0.258067,-0.085405,-0.760736,0.238358
1235,1141116287,-0.746323,0.597466,0.104007,-0.274316,0.062662,-0.282294,0.248617
1236,1141149621,-0.742859,0.594381,0.108858,-0.288188,0.156289,-0.098534,0.035625
1237,1141182955,-0.739824,0.592994,0.107405,-0.299189,0.290868,-0.135804,-0.108995
1238,1141216289,-0.736779,0.592344,0.103360,-0.309246,0.395076,-0.249968,-0.144941
1239,1141249623,-0.733371,0.591206,0.101120,-0.320075,0.529839,-0.178875,0.109907
1240,1141282957,-0.730106,0.588980,0.101622,-0.331288,0.514716,0.272516,-0.040276
1241,1141316291,-0.727267,0.587052,0.101453,-0.340867,0.571510,0.609196,-0.222619
1242,1141349625,-0.724518,0.586344,0.099460,-0.348444,0.535485,0.683111,-0.211933
1243,1141382959,-0.721429,0.586232,0.097318,-0.355572,0.567920,0.699043,-0.223676
1244,1141416293,-0.717600,0.586506,0.096568,-0.362995,0.476503,0.838697,-0.285871
1245,1141449627,-0.713124,0.587339,0.097509,-0.370148,0.375063,0.936019,-0.270540
1246,1141482961,-0.708399,0.588546,0.100614,-0.376420,0.195883,0.925588,-0.337883
1247,1141516295,-0.704006,0.589659,0.106412,-0.381294,0.021669,0.958031,-0.195645
1248,1141549629,-0.700525,0.590684,0.113869,-0.383956,-0.191943,0.847128,-0.091916
1249,1141582963,-0.698043,0.591640,0.121841,-0.384556,-0.307924,0.627408,0.041799
1250,1141616297,-0.696457,0.591921,0.129862,-0.384375,-0.329264,0.421650,0.144524
1251,1141649631,-0.695799,0.591445,0.137253,-0.383730,-0.313478,0.307130,0.087603
1252,1141682965,-0.695957,0.590555,0.143477,-0.382536,-0.130700,0.064806,0.025714
1253,1141716299,-0.696614,0.589116,0.149240,-0.381352,0.038950,-0.015686,-0.054421
1254,1141749633,-0.697781,0.587662,0.154105,-0.379522,0.206807,-0.119103,-0.110728
1255,1141782967,-0.699203,0.586263,0.158540,-0.377236,0.321321,-0.268089,-0.137503
1256,1141816301,-0.700555,0.584758,0.163114,-0.375107,0.464834,-0.354277,-0.089524
1257,1141849635,-0.701915,0.583527,0.167000,-0.372765,0.607876,-0.363460,0.209442
1258,1141882969,-0.702820,0.582766,0.169988,-0.370894,0.638309,-0.427043,0.340241
1259,1141916303,-0.702645,0.582662,0.171790,-0.370560,0.626126,-0.484392,0.282443
1260,1141949637,-0.701027,0.583295,0.172168,-0.372447,0.487643,-0.414415,0.181764
1261,1141982971,-0.698140,0.584505,0.170864,-0.376551,0.253590,-0.283347,0.095879
1262,1142016305,-0.694737,0.586074,0.167640,-0.381819,0.098168,-0.112671,0.070350
1263,1142049639,-0.691382,0.587583,0.163175,-0.387482,-0.135630,0.143140,0.057487
1264,1142082973,-0.688599,0.588923,0.157876,-0.392565,-0.279738,0.350536,0.192185
1265,1142116307,-0.686373,0.589766,0.153288,-0.396991,-0.423680,0.494529,0.291121
1266,1142149641,-0.684857,0.589684,0.150241,-0.400876,-0.556400,0.550386,0.095034
1267,1142182975,-0.684092,0.588717,0.148843,-0.404114,-0.525820,0.655858,0.000126
1268,1142216309,-0.684533,0.587397,0.148063,-0.405571,-0.452666,0.776913,-0.105542
1269,1142249643,-0.686312,0.586271,0.147056,-0.404558,-0.252527,0.688267,-0.129107
1270,1142282977,-0.689012,0.585227,0.146286,-0.401750,-0.014465,0.476857,-0.092590
1271,1142316311,-0.691992,0.584040,0.146531,-0.398251,0.120693,0.330394,-0.050880
1272,1142349645,-0.694819,0.582710,0.147737,-0.394816,0.205552,0.146788,-0.024940
1273,1142382979,-0.697188,0.581389,0.149516,-0.391908,0.201588,0.057199,-0.010446
1274,1142416313,-0.699024,0.580426,0.151045,-0.389470,0.139873,-0.083575,0.055919
1275,1142449647,-0.700395,0.579799,0.152014,-0.387559,0.160380,-0.177471,0.232036
1276,1142482981,-0.701525,0.579234,0.152469,-0.386179,0.109332,-0.340308,0.209135
1277,1142516315,-0.702286,0.578619,0.152542,-0.385690,0.040144,-0.400902,0.119775
1278,1142549649,-0.702403,0.577533,0.153046,-0.386901,-0.007872,-0.510911,0.100368
1279,1142582983,-0.702002,0.575816,0.154222,-0.389712,-0.031482,-0.356949,0.005870
1280,1142616317,-0.701491,0.574029,0.154900,-0.392986,0.010180,-0.148939,-0.143465
1281,1142649651,-0.701282,0.572784,0.154096,-0.395484,0.145943,-0.083740,-0.063571
1282,1142682985,-0.701194,0.571816,0.152972,-0.397471,0.250450,-0.012830,0.114559
1283,1142716319,-0.700949,0.570800,0.152611,-0.399498,0.290798,0.015927,0.101680
1284,1142749653,-0.700246,0.569815,0.153210,-0.401901,0.250132,0.031313,0.000720
1285,1142782987,-0.699140,0.568973,0.154179,-0.404639,0.203190,0.138555,-0.176054
1286,1142816321,-0.697928,0.568330,0.154738,-0.407412,0.262023,0.153050,-0.415467
1287,1142849655,-0.696518,0.567530,0.155388,-0.410679,0.377145,0.162162,-0.847289
1288,1142882989,-0.694667,0.567370,0.156098,-0.413755,0.397382,0.315495,-1.026520
1289,1142916323,-0.692339,0.568880,0.156602,-0.415390,0.360433,0.343184,-0.299720
1290,1142949657,-0.689076,0.571143,0.158807,-0.416870,0.306812,0.326001,0.560718
1291,1142982991,-0.684216,0.572069,0.164496,-0.421375,-0.071927,0.046250,1.372661
1292,1143016325,-0.677909,0.565617,0.178217,-0.434495,-1.761977,-0.021661,1.830061
1293,1143049659,-0.674346,0.560480,0.185091,-0.443724,-2.534920,1.309975,0.709077
1294,1143082993,-0.675864,0.562698,0.177816,-0.441579,-1.335488,0.666553,-0.004072
1295,1143116327,-0.680124,0.565648,0.167579,-0.435227,-0.421984,0.403216,-0.387830
1296,1143149661,-0.685883,0.567035,0.158907,-0.427570,-0.013578,0.494731,-0.548246
1297,1143182995,-0.692633,0.568492,0.150868,-0.417548,0.198135,0.391388,-0.362070
1298,1143216329,-0.698890,0.570263,0.144328,-0.406883,0.286951,0.044298,-0.202209
1299,1143249663,-0.703142,0.570979,0.141985,-0.399306,0.084514,-0.210678,0.075624
1300,1143282997,-0.705422,0.571188,0.142308,-0.394846,-0.296691,-0.035833,0.235644
1301,1143316331,-0.707116,0.573074,0.139238,-0.390149,-0.429035,-0.025229,0.343753
1302,1143349665,-0.708999,0.576170,0.132149,-0.384600,-0.378540,-0.344389,0.278169
1303,1143382999,-0.710226,0.578614,0.126018,-0.380703,-0.068256,-0.369822,-0.077590
1304,1143416333,-0.710585,0.580270,0.123132,-0.378451,0.042041,-0.219935,-0.150916
1305,1143449667,-0.710407,0.581683,0.122495,-0.376820,-0.085186,-0.093217,-0.074448
1306,1143483001,-0.709847,0.583305,0.122600,-0.375330,-0.229639,-0.177571,0.335432
1307,1143516335,-0.708877,0.583827,0.123545,-0.376040,-0.624994,-0.352579,0.527356
1308,1143549669,-0.707863,0.582786,0.124928,-0.379095,-0.824007,0.021181,0.152526
1309,1143583003,-0.707146,0.581829,0.125130,-0.381828,-0.527736,0.360701,-0.170339
1310,1143616337,-0.706945,0.581718,0.123953,-0.382752,-0.243571,0.336703,-0.040188
1311,1143649671,-0.707203,0.581949,0.122394,-0.382426,-0.155830,0.231972,0.103742
1312,1143683005,-0.707610,0.582340,0.120847,-0.381570,-0.090401,0.181726,0.324416
1313,1143716339,-0.707774,0.582788,0.119503,-0.381004,-0.286372,0.085238,0.332977
1314,1143749673,-0.707642,0.582820,0.118605,-0.381479,-0.434773,0.117022,0.224741
1315,1143783007,-0.707661,0.582476,0.117415,-0.382338,-0.428268,0.192533,0.123554
1316,1143816341,-0.708085,0.581604,0.116280,-0.383226,-0.363499,0.216483,0.046650
1317,1143849675,-0.708958,0.580238,0.115726,-0.383850,-0.229711,0.216214,-0.053250
1318,1143883009,-0.709917,0.578539,0.116257,-0.384480,-0.034816,0.282918,-0.142825
1319,1143916343,-0.710717,0.576775,0.117773,-0.385192,0.076865,0.359158,-0.171162
1320,1143949677,-0.711205,0.575210,0.120004,-0.385941,0.135615,0.432380,-0.061558
1321,1143983011,-0.711607,0.574007,0.122216,-0.386298,0.083035,0.428209,0.030674
1322,1144016345,-0.712229,0.573433,0.123353,-0.385642,-0.070139,0.433083,-0.015404
1323,1144049679,-0.713738,0.573537,0.122193,-0.383057,-0.149372,0.175883,0.022447
1324,1144083013,-0.715873,0.572741,0.121502,-0.380477,0.221688,0.004328,-0.112028
1325,1144116347,-0.718873,0.570495,0.121815,-0.378086,-0.254387,-0.196061,-0.094516
1326,1144149681,-0.722639,0.567466,0.122355,-0.375280,-0.078844,-0.398418,-0.056300
1327,1144183015,-0.726368,0.563849,0.124309,-0.372884,0.328253,-0.466612,-0.046238
1328,1144216349,-0.730025,0.559435,0.127907,-0.371170,0.086656,-0.512210,0.223767
1329,1144249683,-0.733179,0.554546,0.132291,-0.370753,0.452231,-0.492780,0.158683
1330,1144283017,-0.735507,0.550779,0.135682,-0.370532,0.761252,-0.583579,-0.188482
1331,1144316351,-0.736420,0.546635,0.140911,-0.372895,0.432784,-0.743822,-0.042113
1332,1144349685,-0.736130,0.542919,0.147128,-0.376478,0.209294,0.001125,-0.390239
1333,1144383019,-0.735400,0.543154,0.148728,-0.376938,0.927889,-0.453315,-0.306439
1334,1144416353,-0.735182,0.543774,0.149796,-0.376043,-0.079845,0.538969,-0.207228
1335,1144449687,-0.733680,0.545650,0.148770,-0.376667,0.734283,-0.238045,0.168405
1336,1144483021,-0.732389,0.550357,0.143450,-0.374388,0.557431,-0.335788,0.302322
1337,1144516355,-0.729901,0.553358,0.141209,-0.375673,0.109487,-0.344809,0.342380
1338,1144549689,-0.726708,0.555661,0.140552,-0.378697,-0.051944,-0.016181,0.155953
1339,1144583023,-0.723574,0.558752,0.138637,-0.380851,-0.024341,-0.129423,0.200917
1340,1144616357,-0.720611,0.561443,0.137072,-0.383070,0.017025,-0.034912,0.050363
1341,1144649691,-0.717790,0.563778,0.135798,-0.385384,-0.097137,0.093007,0.015672
1342,1144683025,-0.715684,0.566028,0.133974,-0.386640,0.032303,0.151003,-0.118617
1343,1144716359,-0.713892,0.568193,0.132596,-0.387252,0.012779,0.324594,-0.121491
1344,1144749693,-0.712735,0.570661,0.130535,-0.386454,0.012196,0.232030,0.022274
1345,1144783027,-0.712136,0.572789,0.128848,-0.384973,-0.012907,0.238437,0.047920
1346,1144816361,-0.712149,0.574578,0.127690,-0.382663,-0.075868,0.299333,0.172043
1347,1144849695,-0.712886,0.576043,0.126444,-0.379488,-0.255978,0.149740,0.320649
1348,1144883029,-0.714165,0.577207,0.124621,-0.375900,-0.111133,0.118879,0.253138
1349,1144916363,-0.715728,0.577918,0.122624,-0.372477,-0.095494,-0.160416,0.171618
1350,1144949697,-0.717162,0.577771,0.121640,-0.370263,0.096067,-0.144887,0.006348
1351,1144983031,-0.718258,0.577143,0.121784,-0.369069,0.238959,0.011981,-0.022083
1352,1145016365,-0.719222,0.576755,0.121591,-0.367858,0.209843,0.045777,-0.019056
1353,1145049699,-0.720158,0.577045,0.120043,-0.366077,0.173221,0.189515,-0.005219
1354,1145083033,-0.720909,0.578090,0.117220,-0.363857,0.181730,0.176099,0.020818
1355,1145116367,-0.721514,0.579568,0.113476,-0.361486,0.092805,0.267167,0.080778
1356,1145149701,-0.722491,0.581357,0.108389,-0.358209,-0.120747,0.369213,0.098269
1357,1145183035,-0.724106,0.583466,0.101765,-0.353429,-0.216349,0.294233,0.088018
1358,1145216369,-0.726290,0.585359,0.094757,-0.347721,-0.207217,0.166589,0.105143
1359,1145249703,-0.728964,0.586610,0.088184,-0.341695,-0.128934,0.069910,-0.009789
1360,1145283037,-0.731988,0.587242,0.082323,-0.335551,0.012279,0.055435,-0.036158
1361,1145316371,-0.735105,0.587545,0.077057,-0.329400,0.104776,0.043705,-0.069771
1362,1145349705,-0.738074,0.587860,0.072227,-0.323235,0.214852,0.054218,0.028634
1363,1145383039,-0.740846,0.588398,0.067297,-0.316917,0.283168,0.050641,0.020774
1364,1145416373,-0.743337,0.589226,0.062115,-0.310541,0.153055,-0.047069,0.139246
1365,1145449707,-0.745532,0.590286,0.056677,-0.304241,0.143888,0.005589,0.068717
1366,1145483041,-0.747580,0.591659,0.050611,-0.297545,-0.085193,-0.004272,0.077359
1367,1145516375,-0.749506,0.593168,0.043981,-0.290670,-0.145941,-0.102652,0.088125
1368,1145549709,-0.751427,0.594404,0.037614,-0.284000,-0.138865,-0.168490,0.152828
1369,1145583043,-0.753312,0.595179,0.032254,-0.277981,-0.254627,-0.217643,0.134827
1370,1145616377,-0.755083,0.595343,0.028660,-0.273176,-0.125937,-0.258835,0.122640
1371,1145649711,-0.756605,0.595063,0.027048,-0.269720,-0.050951,-0.273602,-0.020366
1372,1145683045,-0.757760,0.594804,0.026561,-0.267083,-0.000025,-0.279287,-0.081364
1373,1145716379,-0.758484,0.594794,0.026538,-0.265044,-0.020328,-0.245309,-0.085466
1374,1145749713,-0.758844,0.595119,0.026604,-0.263273,-0.135641,-0.335682,-0.015641
1375,1145783047,-0.758774,0.595604,0.027311,-0.262303,-0.214721,-0.450160,0.174333
1376,1145816381,-0.758401,0.595894,0.029128,-0.262527,-0.293682,-0.427580,0.168141
1377,1145849715,-0.757653,0.595559,0.032782,-0.265003,-0.303387,-0.488435,0.192122
1378,1145883049,-0.756565,0.594598,0.038316,-0.269492,-0.201952,-0.330205,0.348235
1379,1145916383,-0.755333,0.593182,0.044502,-0.275058,-0.019495,-0.153540,0.311762
1380,1145949717,-0.753787,0.591433,0.050886,-0.281876,0.219388,-0.080318,0.208988
1381,1145983051,-0.751855,0.589700,0.056742,-0.289447,0.221463,0.094201,0.088990
1382,1146016385,-0.749557,0.588357,0.061408,-0.297087,0.125806,0.207886,-0.029208
1383,1146049719,-0.747142,0.587637,0.064289,-0.303907,0.120798,0.384725,-0.135848
1384,1146083053,-0.744786,0.587489,0.065762,-0.309608,0.150373,0.406888,-0.195981
1385,1146116387,-0.742381,0.587478,0.067536,-0.314975,0.095313,0.412884,-0.125968
1386,1146149721,-0.739929,0.587204,0.071008,-0.320446,0.022341,0.538853,-0.031729
1387,1146183055,-0.737696,0.586898,0.075670,-0.325053,-0.026443,0.651735,0.027827
1388,1146216389,-0.736129,0.586891,0.080056,-0.327558,-0.118866,0.626910,0.032238
1389,1146249723,-0.735272,0.587133,0.083505,-0.328189,-0.073590,0.545596,0.123327
1390,1146283057,-0.734917,0.587278,0.086434,-0.327964,-0.049230,0.225181,0.056306
1391,1146316391,-0.734643,0.587085,0.089915,-0.327991,-0.038793,0.113319,0.008023
1392,1146349725,-0.734430,0.586708,0.093714,-0.328078,0.028820,0.021462,-0.006092
1393,1146383059,-0.734162,0.586274,0.097532,-0.328341,0.114971,-0.071059,0.021343
1394,1146416393,-0.733842,0.585866,0.100947,-0.328750,0.141484,-0.086702,0.082163
1395,1146449727,-0.733354,0.585625,0.103477,-0.329482,0.137583,-0.090752,0.120606
1396,1146483061,-0.732687,0.585692,0.104689,-0.330463,0.053411,-0.114071,0.086960
1397,1146516395,-0.731759,0.585769,0.105295,-0.332184,0.085656,-0.110857,0.074389
1398,1146549729,-0.730641,0.585648,0.106011,-0.334622,-0.019326,-0.054056,0.048946
1399,1146583063,-0.729500,0.585353,0.106928,-0.337325,-0.051493,0.065661,0.038443
1400,1146616397,-0.728501,0.584924,0.107933,-0.339899,-0.069075,0.120984,0.064278
1401,1146649731,-0.727775,0.584522,0.108699,-0.341895,-0.109782,0.165042,0.111388
1402,1146683065,-0.727246,0.584061,0.109351,-0.343599,-0.051202,0.230598,0.086626
1403,1146716399,-0.727016,0.583576,0.109837,-0.344751,-0.080607,0.228887,0.045805
1404,1146749733,-0.727026,0.583222,0.109994,-0.345278,-0.047203,0.209026,0.032947
1405,1146783067,-0.727133,0.582915,0.110256,-0.345489,0.005705,0.114166,0.034137
1406,1146816401,-0.727146,0.582525,0.111120,-0.345841,0.041796,0.067858,0.038863
1407,1146849735,-0.726914,0.582243,0.112424,-0.346382,0.082015,0.026156,0.004522
1408,1146883069,-0.726461,0.582056,0.113887,-0.347166,0.029785,0.003687,0.009066
1409,1146916403,-0.725889,0.581842,0.115267,-0.348266,-0.013342,0.021691,0.069646
1410,1146949737,-0.725337,0.581609,0.116365,-0.349439,-0.067057,0.017714,0.120461
1411,1146983071,-0.724836,0.581312,0.117214,-0.350687,-0.123305,0.022822,0.097738
1412,1147016405,-0.724464,0.580948,0.117727,-0.351885,-0.131659,0.051547,0.099152
1413,1147049739,-0.724233,0.580415,0.118319,-0.353039,-0.086316,0.076796,0.146506
1414,1147083073,-0.724118,0.579750,0.119191,-0.354073,-0.039556,0.076831,0.125520
1415,1147116407,-0.724032,0.579035,0.120479,-0.354982,0.018316,0.080972,0.048229
1416,1147149741,-0.723848,0.578408,0.121989,-0.355861,0.035935,0.018403,0.038590
1417,1147183075,-0.723518,0.577880,0.123584,-0.356840,0.062630,0.072106,0.020470
1418,1147216409,-0.723206,0.577553,0.124785,-0.357583,0.023233,0.014534,0.014456
1419,1147249743,-0.722834,0.577336,0.125776,-0.358336,0.019226,0.013690,-0.000334
1420,1147283077,-0.722463,0.577141,0.126663,-0.359086,-0.028218,-0.026577,0.043845
1421,1147316411,-0.722064,0.576852,0.127700,-0.359985,-0.069281,-0.002357,0.064978
1422,1147349745,-0.721753,0.576583,0.128569,-0.360730,-0.074129,0.037280,0.084702
1423,1147383079,-0.721544,0.576290,0.129215,-0.361385,-0.066767,0.002808,0.062754
1424,1147416413,-0.721433,0.575999,0.129639,-0.361918,-0.044596,-0.025416,0.056415
1425,1147449747,-0.721301,0.575571,0.130227,-0.362651,-0.001162,-0.026342,0.029027
1426,1147483081,-0.721105,0.575123,0.130933,-0.363494,0.011169,0.002575,-0.004736
1427,1147516415,-0.720847,0.574815,0.131467,-0.364300,0.026882,-0.016052,0.017166
1428,1147549749,-0.720486,0.574521,0.132081,-0.365254,-0.001970,0.002751,0.007847
1429,1147583083,-0.720039,0.574286,0.132664,-0.366293,0.007491,0.058841,0.020803
1430,1147616417,-0.719631,0.574145,0.133112,-0.367152,-0.043214,0.022272,0.066562
1431,1147649751,-0.719223,0.573941,0.133742,-0.368040,-0.024902,0.047691,0.025966
1432,1147683085,-0.718885,0.573664,0.134379,-0.368901,0.007000,0.084161,0.014035
1433,1147716419,-0.718651,0.573467,0.134736,-0.369532,0.014859,0.073590,0.048872
1434,1147749753,-0.718432,0.573319,0.135003,-0.370089,0.044943,0.110352,0.028962
1435,1147783087,-0.718214,0.573364,0.134989,-0.370447,0.052743,0.088912,0.051799
1436,1147816421,-0.717995,0.573481,0.134916,-0.370718,-0.029038,0.065978,0.034891
1437,1147849755,-0.717768,0.573598,0.135035,-0.370933,0.037524,0.104093,0.067559
1438,1147883089,-0.717675,0.573712,0.134988,-0.370951,-0.016964,0.137153,0.059178
1439,1147916423,-0.717803,0.573881,0.134495,-0.370623,-0.037205,0.099343,0.049435
1440,1147949757,-0.718129,0.574059,0.133622,-0.370031,-0.048467,0.073306,0.044859
1441,1147983091,-0.718626,0.574155,0.132568,-0.369296,-0.066053,0.016783,0.081161
1442,1148016425,-0.719258,0.574134,0.131390,-0.368518,-0.025950,0.046978,0.020487
1443,1148049759,-0.719995,0.574147,0.129899,-0.367585,-0.088569,-0.003578,0.028201
1444,1148083093,-0.720732,0.574206,0.128198,-0.366646,-0.092526,-0.044765,0.028607
1445,1148116427,-0.721460,0.574225,0.126616,-0.365733,-0.052155,-0.114577,0.140649
1446,1148149761,-0.722057,0.573857,0.125779,-0.365421,0.022576,-0.163005,0.169391
1447,1148183095,-0.722377,0.572894,0.126281,-0.366126,0.050778,-0.065608,0.117389
1448,1148216429,-0.722550,0.571887,0.126939,-0.367130,-0.010392,-0.060372,0.082650
1449,1148249763,-0.722523,0.570551,0.128188,-0.368824,-0.047028,-0.170592,0.138920
1450,1148283097,-0.722383,0.568764,0.130177,-0.371153,-0.152915,0.085497,0.035220
1451,1148316431,-0.722337,0.567654,0.131034,-0.372639,0.067339,-0.001727,-0.059897
1452,1148349765,-0.722067,0.566755,0.132012,-0.374182,0.091053,-0.006767,-0.028574
1453,1148383099,-0.721557,0.565903,0.133431,-0.375947,0.008563,0.057760,0.010733
1454,1148416433,-0.720775,0.565773,0.134555,-0.377239,0.211735,0.138060,-0.082766
1455,1148449767,-0.719843,0.565964,0.135746,-0.378306,0.092287,0.089465,-0.016790
1456,1148483101,-0.718903,0.566095,0.137028,-0.379433,-0.152856,0.017604,0.089235
1457,1148516435,-0.718111,0.566104,0.138248,-0.380474,-0.145815,-0.019456,0.102121
1458,1148549769,-0.717545,0.565635,0.139743,-0.381692,-0.274740,-0.121690,0.205009
1459,1148583103,-0.717076,0.564873,0.141279,-0.383133,-0.171666,-0.099650,0.172075
1460,1148616437,-0.716488,0.563686,0.143438,-0.385175,0.003358,-0.065020,0.121631
1461,1148649771,-0.715615,0.562305,0.146173,-0.387778,0.102494,-0.007033,0.085778
1462,1148683105,-0.714471,0.560993,0.149182,-0.390632,0.124749,0.020397,0.084259
1463,1148716439,-0.713051,0.559997,0.151907,-0.393595,0.142815,0.157850,0.003909
1464,1148749773,-0.711508,0.558947,0.154681,-0.396786,0.037464,0.308316,-0.135547
1465,1148783107,-0.710162,0.558941,0.155848,-0.398745,0.004022,0.130950,0.057811
1466,1148816441,-0.708880,0.559295,0.156595,-0.400234,0.107845,0.164521,0.020920
1467,1148849775,-0.707680,0.559037,0.158333,-0.402031,0.088120,0.293043,0.022142
1468,1148883109,-0.706995,0.558348,0.160420,-0.403363,-0.038606,0.502483,-0.095815
1469,1148916443,-0.707088,0.557952,0.160807,-0.403594,-0.334688,0.190262,0.263156
1470,1148949777,-0.708015,0.557797,0.159286,-0.402786,-0.230594,-0.176115,0.299181
1471,1148983111,-0.708990,0.556204,0.159513,-0.403183,0.042639,-0.130362,0.143352
1472,1149016445,-0.709781,0.552835,0.162563,-0.405202,0.075785,0.053830,0.006440
1473,1149049779,-0.710655,0.549830,0.165394,-0.406610,0.108478,0.257761,-0.060669
1474,1149083113,-0.711587,0.548383,0.166437,-0.406509,0.182657,0.163939,0.011587
1475,1149116447,-0.712277,0.547788,0.166711,-0.405991,0.266015,0.011294,0.102969
1476,1149149781,-0.712589,0.547515,0.166950,-0.405713,0.141561,0.081031,-0.036016
1477,1149183115,-0.712840,0.548281,0.166157,-0.404561,0.122539,0.091066,-0.038947
1478,1149216449,-0.713129,0.549627,0.164797,-0.402778,0.073733,-0.011714,0.003817
1479,1149249783,-0.713473,0.550957,0.163401,-0.400916,0.042314,-0.096857,0.001311
1480,1149283117,-0.713871,0.552375,0.161862,-0.398876,-0.047898,-0.043171,0.049329
1481,1149316451,-0.714410,0.554084,0.159828,-0.396352,-0.102577,-0.099584,0.131565
1482,1149349785,-0.715042,0.555736,0.157921,-0.393655,0.000149,-0.121279,0.071344
1483,1149383119,-0.715595,0.557437,0.156247,-0.390903,0.040172,-0.070775,0.021178
1484,1149416453,-0.715975,0.559572,0.154234,-0.387945,0.023337,-0.098077,0.035388
1485,1149449787,-0.716031,0.562010,0.152083,-0.385157,0.065305,-0.199677,0.095037
1486,1149483121,-0.715723,0.564210,0.150537,-0.383116,0.112751,-0.245921,0.130110
1487,1149516455,-0.714937,0.565743,0.150346,-0.382396,-0.009643,-0.360589,0.196227
1488,1149549789,-0.713690,0.566701,0.151553,-0.382831,0.125797,-0.185796,0.103595
1489,1149583123,-0.712169,0.567561,0.153360,-0.383667,0.212086,-0.109735,0.123038
1490,1149616457,-0.710500,0.568208,0.155560,-0.384917,0.101696,-0.074202,0.163624
1491,1149649791,-0.708888,0.568668,0.157763,-0.386312,-0.017894,-0.019656,0.145650
1492,1149683125,-0.707608,0.569338,0.159183,-0.387088,-0.056964,0.056501,-0.031896
1493,1149716459,-0.706857,0.570685,0.159075,-0.386520,-0.029468,-0.014694,-0.177271
1494,1149749793,-0.706524,0.572492,0.157963,-0.384910,0.099013,-0.165817,-0.205540
1495,1149783127,-0.706276,0.574240,0.156909,-0.383188,0.160297,-0.333744,-0.216578
1496,1149816461,-0.705828,0.575807,0.156325,-0.381899,0.303222,-0.424746,-0.114708
1497,1149849795,-0.704894,0.577072,0.156633,-0.381587,0.276225,-0.375978,-0.015289
1498,1149883129,-0.703270,0.578025,0.157836,-0.382646,0.202458,-0.416056,0.058242
1499,1149916463,-0.700932,0.578642,0.159691,-0.385224,0.129137,-0.350593,0.101592
1500,1149949797,-0.698094,0.578947,0.162101,-0.388894,0.017156,-0.254983,0.164246
1501,1149983131,-0.695235,0.578934,0.164711,-0.392918,-0.127941,-0.026515,0.222408
1502,1150016465,-0.692802,0.578574,0.166972,-0.396773,-0.126683,0.081473,0.233479
1503,1150049799,-0.691017,0.578017,0.168590,-0.400000,-0.164289,0.227806,0.238604
1504,1150083133,-0.689784,0.577515,0.169550,-0.402440,-0.094747,0.285753,0.193517
1505,1150116467,-0.689100,0.577023,0.170180,-0.404048,-0.068539,0.293604,0.076943
1506,1150149801,-0.688775,0.576603,0.170786,-0.404946,0.058257,0.217794,0.030230
1507,1150183135,-0.688751,0.576313,0.171634,-0.405040,-0.051540,0.247591,0.000009
1508,1150216469,-0.689220,0.576422,0.171986,-0.403937,-0.022914,0.231601,0.084482
1509,1150249803,-0.689990,0.576711,0.171966,-0.402215,-0.034152,-0.027233,0.047485
1510,1150283137,-0.690753,0.576753,0.172236,-0.400725,-0.013790,-0.113264,0.071239
1511,1150316471,-0.691530,0.576560,0.172586,-0.399511,0.010368,-0.178457,0.098901
1512,1150349805,-0.692327,0.576080,0.173020,-0.398635,0.007407,-0.265042,0.166924
1513,1150383139,-0.693014,0.575238,0.173643,-0.398388,0.031741,-0.318478,0.192473
1514,1150416473,-0.693607,0.574147,0.174273,-0.398653,0.025499,-0.239126,0.152931
1515,1150449807,-0.694126,0.572930,0.174592,-0.399360,0.061229,-0.201375,0.140676
1516,1150483141,-0.694712,0.571649,0.174366,-0.400275,0.025639,-0.172974,0.100091
1517,1150516475,-0.695465,0.570552,0.173242,-0.401021,0.030428,-0.064685,-0.075630
1518,1150549809,-0.696428,0.569986,0.170973,-0.401127,0.082994,-0.103625,-0.142318
1519,1150583143,-0.697364,0.569568,0.168531,-0.401129,0.099451,-0.107497,-0.166474
1520,1150616477,-0.698241,0.569358,0.166323,-0.400823,0.110843,-0.130369,-0.134279
1521,1150649811,-0.698697,0.569135,0.165221,-0.400801,0.118439,-0.242333,-0.032568
1522,1150683145,-0.698738,0.568842,0.165157,-0.401171,0.168688,-0.450091,0.030497
1523,1150716479,-0.698175,0.568298,0.166294,-0.402449,0.138754,-0.505541,0.069321
1524,1150749813,-0.697004,0.567310,0.168449,-0.404970,0.162607,-0.587117,0.049850
1525,1150783147,-0.695113,0.565887,0.171493,-0.408914,0.172508,-0.475480,-0.036039
1526,1150816481,-0.692631,0.564122,0.175023,-0.414037,0.287533,-0.501248,-0.097832
1527,1150849815,-0.689542,0.562394,0.178384,-0.420066,0.320584,-0.288660,-0.074079
1528,1150883149,-0.685903,0.561018,0.181177,-0.426617,0.280751,-0.163125,-0.096664
1529,1150916483,-0.681855,0.560125,0.183214,-0.433355,0.177715,-0.010898,-0.039431
1530,1150949817,-0.677685,0.559736,0.184447,-0.439828,0.115367,0.137795,0.087495
1531,1150983151,-0.673564,0.559484,0.185291,-0.446079,-0.006919,0.229297,0.138453
1532,1151016485,-0.669635,0.559210,0.185938,-0.452030,-0.185521,0.344578,0.091754
1533,1151049819,-0.666139,0.558916,0.186348,-0.457359,-0.332315,0.369770,0.059255
1534,1151083153,-0.663228,0.557946,0.187218,-0.462391,-0.304359,0.329159,-0.064728
1535,1151116487,-0.660735,0.555990,0.189388,-0.467404,-0.480776,0.504179,-0.154383
1536,1151149821,-0.659149,0.553663,0.191734,-0.471432,-0.445446,0.563391,0.001314
1537,1151183155,-0.658722,0.551867,0.192728,-0.473725,-0.441107,0.689683,0.183140
1538,1151216489,-0.659370,0.551322,0.191244,-0.474058,-0.436109,0.764696,0.246100
1539,1151249823,-0.660770,0.552670,0.186809,-0.472305,-0.284722,0.693478,0.269128
1540,1151283157,-0.662392,0.554878,0.181596,-0.469469,-0.204892,0.588847,0.218238
1541,1151316491,-0.664221,0.557976,0.176092,-0.465290,-0.132521,0.423481,0.108635
1542,1151349825,-0.666022,0.560800,0.171680,-0.460950,-0.119363,0.222678,0.007336
1543,1151383159,-0.667785,0.562279,0.169374,-0.457437,-0.137252,0.066976,0.007401
1544,1151416493,-0.669758,0.562704,0.168424,-0.454371,-0.310376,0.096848,-0.068959
1545,1151449827,-0.672074,0.563275,0.167294,-0.450646,-0.230570,0.140146,0.028412
1546,1151483161,-0.674425,0.563773,0.166383,-0.446831,-0.031552,-0.006043,0.189215
1547,1151516495,-0.676042,0.563706,0.167081,-0.444205,0.146736,0.031963,0.117247
1548,1151549829,-0.676738,0.563369,0.169129,-0.442795,0.170179,0.055756,0.107136
1549,1151583163,-0.677010,0.563024,0.171370,-0.441957,0.116200,0.008728,0.061860
1550,1151616497,-0.677416,0.562711,0.172953,-0.441115,0.032943,-0.014403,0.058186
1551,1151649831,-0.678329,0.562549,0.173431,-0.439728,-0.014865,0.135406,0.055247
1552,1151683165,-0.679704,0.562833,0.172608,-0.437559,-0.023762,0.067898,0.077324
1553,1151716499,-0.681095,0.563407,0.171178,-0.435215,-0.005680,0.062388,0.104328
1554,1151749833,-0.682336,0.564028,0.169647,-0.433060,-0.014975,0.002432,0.099779
1555,1151783167,-0.683369,0.564510,0.168306,-0.431323,-0.082078,0.033456,0.030559
1556,1151816501,-0.684390,0.564913,0.167220,-0.429596,0.006231,0.038334,0.017520
1557,1151849835,-0.685546,0.565333,0.166347,-0.427534,0.030037,0.036171,0.031713
1558,1151883169,-0.686898,0.565650,0.165609,-0.425225,0.008582,0.041445,0.047136
1559,1151916503,-0.688397,0.566109,0.164488,-0.422616,0.041779,-0.020130,0.082281
1560,1151949837,-0.689818,0.566649,0.163184,-0.420074,-0.012337,-0.017925,0.092432
1561,1151983171,-0.691242,0.567307,0.161358,-0.417543,-0.021825,-0.151934,0.128393
1562,1152016505,-0.692540,0.567724,0.159764,-0.415432,0.023251,-0.076265,0.068866
1563,1152049839,-0.693797,0.568027,0.158355,-0.413457,0.002116,-0.099587,0.030670
1564,1152083173,-0.694947,0.568184,0.157246,-0.411727,0.065915,-0.133258,0.069329
1565,1152116507,-0.695960,0.568036,0.156785,-0.410395,0.048657,-0.066083,0.027145
1566,1152149841,-0.696886,0.568104,0.156059,-0.409004,0.054034,-0.041952,0.001933
1567,1152183175,-0.697781,0.568307,0.155013,-0.407591,0.058709,-0.031440,-0.033092
1568,1152216509,-0.698538,0.568540,0.154121,-0.406305,0.046792,-0.000787,-0.076953
1569,1152249843,-0.699128,0.568874,0.153441,-0.405079,0.017904,0.033002,-0.068877
1570,1152283177,-0.699835,0.569534,0.152431,-0.403309,0.024388,0.004741,0.039512
1571,1152316511,-0.700568,0.570386,0.151223,-0.401281,-0.053662,-0.052747,0.075053
1572,1152349845,-0.701282,0.571272,0.149879,-0.399273,-0.086849,-0.071981,0.138885
1573,1152383179,-0.702197,0.572221,0.147982,-0.397007,-0.107664,-0.152733,0.108321
1574,1152416513,-0.703193,0.572889,0.145955,-0.395026,-0.131343,-0.257899,0.048161
1575,1152449847,-0.704143,0.573279,0.144218,-0.393403,-0.106888,-0.220379,0.054785
1576,1152483181,-0.704990,0.573432,0.143021,-0.392099,-0.064802,-0.212199,0.108629
1577,1152516515,-0.705676,0.573420,0.142233,-0.391167,-0.063122,-0.172979,0.105511
1578,1152549849,-0.706167,0.573327,0.141696,-0.390612,-0.065827,-0.170419,0.137661
1579,1152583183,-0.706332,0.573183,0.141509,-0.390591,-0.083040,-0.085406,0.092087
1580,1152616517,-0.706270,0.573009,0.141635,-0.390913,0.011561,-0.132598,0.083206
1581,1152649851,-0.706186,0.572768,0.142027,-0.391276,-0.021866,-0.045520,0.096474
1582,1152683185,-0.706178,0.572522,0.142439,-0.391502,-0.062086,-0.046357,0.066109
1583,1152716519,-0.706212,0.572281,0.142795,-0.391663,-0.035329,-0.070215,0.133250
1584,1152749853,-0.706133,0.571913,0.143475,-0.392094,-0.050460,-0.076960,0.083054
1585,1152783187,-0.705966,0.571482,0.144244,-0.392740,-0.008149,-0.001869,0.012630
1586,1152816521,-0.705785,0.571167,0.144921,-0.393274,0.026609,-0.006148,0.041205
1587,1152849855,-0.705514,0.570840,0.145859,-0.393889,0.053398,0.067917,0.020523
1588,1152883189,-0.705196,0.570603,0.146873,-0.394424,0.085298,0.099800,-0.009600
1589,1152916523,-0.704904,0.570538,0.147700,-0.394732,0.031266,0.106976,0.048305
1590,1152949857,-0.704656,0.570618,0.148272,-0.394843,-0.027118,0.068086,0.032985
1591,1152983191,-0.704552,0.570697,0.148575,-0.394801,-0.037133,0.032265,0.120867
1592,1153016525,-0.704662,0.570541,0.148875,-0.394718,-0.145304,0.078508,0.132792
1593,1153049859,-0.705276,0.570517,0.148311,-0.393865,-0.200472,0.032423,0.159703
1594,1153083193,-0.706193,0.570391,0.147743,-0.392618,-0.087887,-0.019412,0.151146
1595,1153116527,-0.706937,0.569898,0.148068,-0.391870,0.127962,-0.062997,0.087748
1596,1153149861,-0.707354,0.568941,0.149697,-0.391891,0.193153,-0.032735,0.017957
1597,1153183195,-0.707479,0.567753,0.152256,-0.392402,0.179267,-0.075479,0.068392
1598,1153216529,-0.707240,0.566443,0.155486,-0.393457,0.202819,-0.131082,0.059960
1599,1153249863,-0.706550,0.564985,0.159214,-0.395299,0.343521,-0.123239,0.080258
1600,1153283197,-0.705404,0.563727,0.162993,-0.397593,0.153640,0.029826,0.162947
1601,1153316531,-0.703948,0.562301,0.167210,-0.400434,-0.000107,-0.001189,0.061730
1602,1153349865,-0.702892,0.560477,0.171290,-0.403111,-0.176168,0.153706,-0.033582
1603,1153383199,-0.702512,0.559036,0.173785,-0.404704,-0.255792,0.087602,-0.051666
1604,1153416533,-0.702746,0.558576,0.174161,-0.404772,-0.189084,0.075570,-0.095215
1605,1153449867,-0.703130,0.558549,0.173821,-0.404288,-0.025856,-0.013974,-0.008131
1606,1153483201,-0.703279,0.558405,0.174026,-0.404139,0.015396,0.030398,0.057349
1607,1153516535,-0.703311,0.558016,0.174722,-0.404320,-0.013624,-0.068965,0.095101
1608,1153549869,-0.703071,0.557356,0.176387,-0.404923,0.058243,-0.132410,-0.027094
1609,1153583203,-0.702441,0.556470,0.179420,-0.405903,-0.122705,-0.153336,-0.040504
1610,1153616537,-0.701806,0.555419,0.182578,-0.407031,-0.150301,-0.263462,0.127363
1611,1153649871,-0.701246,0.554106,0.185591,-0.408419,-0.067250,-0.130446,0.049291
1612,1153683205,-0.700711,0.553129,0.187764,-0.409668,0.014491,-0.063107,0.095877
1613,1153716539,-0.700043,0.552484,0.189217,-0.411011,0.059365,-0.004352,0.136696
1614,1153749873,-0.699212,0.552212,0.190171,-0.412348,-0.010731,-0.028538,0.089276
1615,1153783207,-0.698016,0.552032,0.191611,-0.413945,-0.066951,-0.147420,0.092824
1616,1153816541,-0.696537,0.551517,0.193945,-0.416030,-0.141561,-0.248026,0.121479
1617,1153849875,-0.694820,0.550687,0.197287,-0.418422,-0.105477,-0.157489,0.005293
1618,1153883209,-0.692906,0.549833,0.201151,-0.420873,-0.029653,-0.081492,-0.034883
1619,1153916543,-0.690825,0.549168,0.204944,-0.423325,0.063557,-0.214377,0.064600
1620,1153949877,-0.688214,0.548269,0.209397,-0.426552,0.061865,-0.269714,-0.011019
1621,1153983211,-0.685123,0.547359,0.214065,-0.430362,0.092526,-0.180653,0.080504
1622,1154016545,-0.681762,0.546442,0.218629,-0.434551,0.116760,-0.234144,0.113878
1623,1154049879,-0.678171,0.545086,0.223362,-0.439437,0.032055,-0.186467,0.090955
1624,1154083213,-0.674517,0.543423,0.227806,-0.444807,-0.056044,-0.046296,0.003131
1625,1154116547,-0.671090,0.542293,0.230834,-0.449781,0.062216,0.119768,-0.042616
1626,1154149881,-0.667990,0.541615,0.232481,-0.454341,-0.045540,0.013230,0.317943
1627,1154183215,-0.664963,0.540476,0.233491,-0.459590,0.013219,0.220638,0.245415
1628,1154216549,-0.662019,0.539941,0.233274,-0.464552,0.048064,0.627933,-0.080444
1629,1154249883,-0.659914,0.540274,0.230818,-0.468372,-0.186321,0.425031,-0.148331
1630,1154283217,-0.658311,0.540565,0.227530,-0.471886,-0.267576,0.521459,-0.218175
1631,1154316551,-0.657551,0.541417,0.223312,-0.473981,-0.218874,0.889472,-0.272610
1632,1154349885,-0.658167,0.543230,0.217654,-0.473682,-0.522080,0.719734,0.030309
1633,1154383219,-0.660201,0.545248,0.211508,-0.471313,-0.558539,0.826574,0.062164
1634,1154416553,-0.663635,0.548014,0.204896,-0.466173,-0.514228,0.915859,-0.022510
1635,1154449887,-0.668449,0.550568,0.198626,-0.458944,-0.663883,0.648329,0.109866
1636,1154483221,-0.674165,0.553909,0.191882,-0.449330,-0.152420,0.653903,-0.134853
1637,1154516555,-0.679856,0.557251,0.186008,-0.438974,0.174469,0.131267,-0.116466
1638,1154549889,-0.685304,0.559409,0.182040,-0.429315,-0.133129,0.168832,-0.061658
1639,1154583223,-0.691337,0.562313,0.176438,-0.418040,-0.207653,0.039583,0.101458
1640,1154616557,-0.697712,0.566432,0.168735,-0.404861,-0.093173,-0.153985,0.371841
1641,1154649891,-0.703288,0.570262,0.161541,-0.392585,-0.373236,-0.242122,0.381192
1642,1154683225,-0.707618,0.572673,0.155578,-0.383600,-0.110562,-0.753570,0.523000
1643,1154716559,-0.711239,0.573128,0.150882,-0.378060,-0.078239,-0.658360,0.257235
1644,1154749893,-0.714487,0.572398,0.146820,-0.374624,-0.132128,-0.355461,0.152819
1645,1154783227,-0.717714,0.571901,0.141741,-0.371155,0.034667,-0.198081,0.168744
1646,1154816561,-0.720676,0.572060,0.136205,-0.367224,0.300168,-0.258641,0.113579
1647,1154849895,-0.723147,0.572025,0.131118,-0.364260,0.180548,-0.596761,0.376288
1648,1154883229,-0.725031,0.571107,0.127959,-0.363076,0.287007,-0.361867,0.042560
1649,1154916563,-0.725868,0.569801,0.126997,-0.363794,0.290422,-0.395396,-0.072674
1650,1154949897,-0.725892,0.567652,0.128531,-0.366555,0.216704,-0.261466,-0.084699
1651,1154983231,-0.726281,0.565356,0.129656,-0.368929,-0.175037,-0.102278,-0.038001
1652,1155016565,-0.726408,0.564005,0.130117,-0.370580,0.134463,0.285994,-0.340858
1653,1155049899,-0.726235,0.563591,0.130148,-0.371538,0.515568,-0.063152,-0.124243
1654,1155083233,-0.725678,0.562885,0.131137,-0.373344,0.298618,-0.115743,-0.021882
1655,1155116567,-0.725104,0.562192,0.131870,-0.375240,-0.063613,-0.032446,-0.015947
1656,1155149901,-0.724397,0.561814,0.132530,-0.376936,0.009410,-0.099333,-0.062276
1657,1155183235,-0.723419,0.561232,0.134206,-0.379081,0.099496,-0.130641,-0.086055
1658,1155216569,-0.722155,0.560238,0.137047,-0.381935,0.149290,-0.157410,-0.220832
1659,1155249903,-0.720717,0.559331,0.140042,-0.384882,0.108175,0.017448,-0.374572
1660,1155283237,-0.718967,0.559044,0.143143,-0.387422,0.396103,0.007758,-0.087501
1661,1155316571,-0.716841,0.558776,0.147114,-0.390252,0.261815,0.009610,-0.040646
1662,1155349905,-0.714470,0.558922,0.151242,-0.392805,0.144617,0.044375,-0.118953
1663,1155383239,-0.712123,0.559677,0.154607,-0.394676,-0.026790,-0.134408,-0.043318
1664,1155416573,-0.709918,0.560398,0.157965,-0.396294,0.012930,-0.244316,0.013735
1665,1155449907,-0.707794,0.560522,0.162186,-0.398208,0.114454,-0.249950,0.096756
1666,1155483241,-0.705892,0.560167,0.166840,-0.400156,0.096341,-0.192691,0.210093
1667,1155516575,-0.704393,0.559811,0.170779,-0.401631,-0.018378,-0.382873,0.410223
1668,1155549909,-0.702976,0.559288,0.174590,-0.403200,0.218504,-0.483830,0.346119
1669,1155583243,-0.700838,0.558209,0.179721,-0.406152,0.407514,-0.504019,0.195019
1670,1155616577,-0.697768,0.556668,0.186168,-0.410625,0.400521,-0.515190,0.111341
1671,1155649911,-0.693875,0.554977,0.193184,-0.416232,0.419792,-0.422846,0.096426
1672,1155683245,-0.689548,0.553230,0.200167,-0.422403,0.381681,-0.335697,0.121817
1673,1155716579,-0.684698,0.551634,0.206893,-0.429087,0.321661,-0.186194,0.126180
1674,1155749913,-0.679433,0.550247,0.213063,-0.436157,0.248727,-0.061416,0.111947
1675,1155783247,-0.673987,0.549003,0.218473,-0.443437,0.023741,0.092363,0.075350
1676,1155816581,-0.668829,0.548027,0.222813,-0.450243,-0.111364,0.108517,0.077198
1677,1155849915,-0.664039,0.547086,0.226585,-0.456552,-0.239300,0.174953,0.077212
1678,1155883249,-0.660067,0.546235,0.229708,-0.461740,-0.355701,0.282797,0.047113
1679,1155916583,-0.657318,0.545901,0.231583,-0.465108,-0.418140,0.280134,0.061355
1680,1155949917,-0.655877,0.545891,0.232560,-0.466663,-0.307025,0.177878,0.030387
1681,1155983251,-0.655207,0.545684,0.233799,-0.467229,-0.173349,0.032190,-0.031946
1682,1156016585,-0.654680,0.544936,0.236009,-0.467728,-0.035097,-0.027000,0.005396
1683,1156049919,-0.654143,0.543832,0.238976,-0.468257,0.074703,-0.042543,0.037245
1684,1156083253,-0.653408,0.542388,0.242443,-0.469176,0.147416,-0.092063,0.018712
1685,1156116587,-0.652566,0.541249,0.245263,-0.470195,0.112752,-0.168273,0.075618
1686,1156149921,-0.651759,0.540575,0.246874,-0.471247,0.163745,-0.163810,0.102429
1687,1156183255,-0.650962,0.540238,0.247435,-0.472438,0.116095,-0.105194,0.128891
1688,1156216589,-0.650351,0.540336,0.246701,-0.473550,0.134704,-0.161646,0.097862
1689,1156249923,-0.649669,0.540575,0.245304,-0.474937,-0.012003,-0.138624,0.084732
1690,1156283257,-0.649189,0.540783,0.243606,-0.476229,-0.048699,-0.072953,0.083947
1691,1156316591,-0.649020,0.540885,0.241947,-0.477189,-0.055352,-0.029227,0.059158
1692,1156349925,-0.649209,0.540942,0.240367,-0.477665,0.000407,0.074603,-0.137239
1693,1156383259,-0.649770,0.541261,0.238494,-0.477480,0.023193,0.084536,-0.193618
1694,1156416593,-0.650769,0.542134,0.236135,-0.476300,0.167579,0.086725,-0.189181
1695,1156449927,-0.652051,0.543269,0.233525,-0.474536,0.191225,0.083616,-0.115185
1696,1156483261,-0.653391,0.544588,0.230757,-0.472531,0.178159,0.062281,-0.045341
1697,1156516595,-0.654657,0.546126,0.227677,-0.470495,0.112757,0.141203,-0.024195
1698,1156549929,-0.656051,0.548461,0.223752,-0.467710,0.010441,0.161100,0.110394
1699,1156583263,-0.657740,0.551445,0.219224,-0.463959,-0.070618,0.004786,0.211346
1700,1156616597,-0.659652,0.554573,0.214727,-0.459598,-0.135463,-0.123171,0.229487
1701,1156649931,-0.661655,0.557131,0.211146,-0.455265,-0.135128,-0.270550,0.238851
1702,1156683265,-0.663514,0.558519,0.209141,-0.451771,-0.115385,-0.433498,0.177547
1703,1156716599,-0.664947,0.558555,0.209139,-0.449615,0.083251,-0.508463,0.198113
1704,1156749933,-0.665734,0.557350,0.211181,-0.448990,0.190023,-0.428771,0.048549
1705,1156783267,-0.666075,0.556012,0.213670,-0.448967,0.277744,-0.348143,-0.048770
1706,1156816601,-0.665799,0.554978,0.216068,-0.449507,0.287583,-0.326420,-0.057689
1707,1156849935,-0.664855,0.554354,0.218181,-0.450652,0.366551,-0.383150,0.000173
1708,1156883269,-0.663036,0.553782,0.220539,-0.452881,0.337742,-0.290702,0.040361
1709,1156916603,-0.660717,0.553350,0.222805,-0.455682,0.180613,-0.194091,0.084248
1710,1156949937,-0.658195,0.553014,0.224778,-0.458759,0.007049,-0.141509,0.102151
1711,1156983271,-0.655834,0.552555,0.226536,-0.461819,-0.083363,-0.083224,0.151101
1712,1157016605,-0.653819,0.551873,0.228199,-0.464664,-0.171977,0.012625,0.127782
1713,1157049939,-0.652317,0.551000,0.229753,-0.467040,-0.178392,0.091923,0.098935
1714,1157083273,-0.651510,0.550011,0.231210,-0.468611,-0.143079,0.178484,0.044477
1715,1157116607,-0.651321,0.549201,0.232407,-0.469230,-0.044750,0.174568,0.026180
1716,1157149941,-0.651376,0.548396,0.233931,-0.469339,0.055795,0.181027,0.056492
1717,1157183275,-0.651625,0.547845,0.235512,-0.468846,0.055747,0.172163,0.073462
1718,1157216609,-0.651960,0.547980,0.236585,-0.467680,0.069573,0.084722,0.130851
1719,1157249943,-0.652136,0.548404,0.237601,-0.466420,0.078058,-0.086051,0.166428
1720,1157283277,-0.652178,0.548770,0.238785,-0.465326,0.020707,-0.133319,0.088649
1721,1157316611,-0.652355,0.549309,0.239484,-0.464079,-0.006858,-0.221307,0.025756
1722,1157349945,-0.652719,0.549910,0.239727,-0.462729,0.080768,-0.371622,-0.023533
1723,1157383279,-0.652869,0.550208,0.240223,-0.461906,0.138538,-0.413334,-0.045581
1724,1157416613,-0.652569,0.550162,0.241220,-0.461865,0.169662,-0.369892,0.062940
1725,1157449947,-0.651655,0.549656,0.242881,-0.462886,0.150139,-0.317825,0.027516
1726,1157483281,-0.650286,0.549014,0.244808,-0.464555,0.051100,-0.174159,0.014588
1727,1157516615,-0.649031,0.548729,0.245969,-0.466032,-0.022251,-0.117300,0.033563
1728,1157549949,-0.648002,0.548681,0.246378,-0.467301,-0.022347,-0.083689,0.080739
1729,1157583283,-0.647240,0.548628,0.246253,-0.468485,-0.056453,-0.057858,0.027437
1730,1157616617,-0.646894,0.548879,0.245395,-0.469119,-0.029817,-0.022426,-0.002779
1731,1157649951,-0.646768,0.549200,0.244332,-0.469471,-0.059876,-0.033338,0.008965
1732,1157683285,-0.646881,0.549400,0.243450,-0.469539,-0.072257,0.009796,0.053957
1733,1157716619,-0.647337,0.549564,0.242643,-0.469138,-0.122920,0.004106,0.114565
1734,1157749953,-0.648229,0.549793,0.241608,-0.468170,-0.131801,-0.079261,0.152081
1735,1157783287,-0.649325,0.550008,0.240392,-0.467023,-0.085374,-0.135626,0.124899
1736,1157816621,-0.650418,0.550065,0.239191,-0.466051,-0.024749,-0.209905,0.105271
1737,1157849955,-0.651298,0.549863,0.238241,-0.465546,0.041096,-0.248114,0.036073
1738,1157883289,-0.651887,0.549482,0.237568,-0.465516,0.116812,-0.257826,0.019641
1739,1157916623,-0.652109,0.548989,0.237231,-0.465958,0.156730,-0.240062,-0.015249
1740,1157949957,-0.651909,0.548457,0.237314,-0.466821,0.214536,-0.213923,-0.070348
1741,1157983291,-0.651263,0.547866,0.237936,-0.468098,0.200117,-0.160595,-0.069317
1742,1158016625,-0.650367,0.547360,0.238756,-0.469516,0.167067,-0.068267,-0.051023
1743,1158049959,-0.649333,0.547041,0.239475,-0.470951,0.121292,-0.063824,-0.019826
1744,1158083293,-0.648245,0.546859,0.240054,-0.472364,0.061909,0.009399,0.081262
1745,1158116627,-0.647344,0.546791,0.240210,-0.473598,-0.024340,0.034760,0.044349
1746,1158149961,-0.646720,0.546891,0.239850,-0.474517,-0.012315,0.108927,0.035665
1747,1158183295,-0.646484,0.547048,0.239151,-0.475011,-0.084851,0.153555,0.053344
1748,1158216629,-0.646544,0.547163,0.238372,-0.475187,-0.115078,0.167263,0.058056
1749,1158249963,-0.647066,0.547349,0.237402,-0.474748,-0.076599,0.184155,0.064236
1750,1158283297,-0.648091,0.547696,0.236178,-0.473558,-0.085822,0.166349,0.044806
1751,1158316631,-0.649592,0.548271,0.234617,-0.471608,-0.040419,0.134326,0.019866
1752,1158349965,-0.651467,0.549022,0.232710,-0.469086,0.000098,0.014516,0.049552
1753,1158383299,-0.653359,0.549740,0.230830,-0.466537,0.046393,-0.050705,0.029815
1754,1158416633,-0.655180,0.550417,0.228903,-0.464128,0.053371,-0.054070,-0.033800
1755,1158449967,-0.657079,0.551382,0.226413,-0.461513,0.066494,-0.091398,-0.050760
1756,1158483301,-0.659006,0.552472,0.223597,-0.458826,0.109289,-0.121495,-0.016047
1757,1158516635,-0.660856,0.553400,0.220905,-0.456344,0.098951,-0.116907,0.043526
1758,1158549969,-0.662603,0.554241,0.218384,-0.453998,0.074699,-0.111269,0.087025
1759,1158583303,-0.664172,0.555102,0.215932,-0.451821,0.063169,-0.054149,0.087071
1760,1158616637,-0.665612,0.556005,0.213396,-0.449792,-0.002965,-0.041542,0.077358
1761,1158649971,-0.667091,0.556906,0.210766,-0.447721,-0.041270,-0.009867,0.053814
1762,1158683305,-0.668831,0.557721,0.208058,-0.445370,-0.059432,0.028439,0.079004
1763,1158716639,-0.670864,0.558532,0.205239,-0.442595,-0.038177,0.053251,0.020354
1764,1158749973,-0.673051,0.559428,0.202399,-0.439441,0.020984,0.019005,0.156378
1765,1158783307,-0.675212,0.560086,0.200045,-0.436355,0.051358,-0.029816,0.070560
1766,1158816641,-0.677172,0.560622,0.198118,-0.433498,0.058535,-0.012148,0.041707
1767,1158849975,-0.679061,0.561115,0.196423,-0.430667,0.063169,-0.054976,0.016835
1768,1158883309,-0.680873,0.561543,0.195017,-0.427879,0.120116,-0.088302,0.024082
1769,1158916643,-0.682614,0.561854,0.193901,-0.425196,0.171027,-0.105448,0.024599
1770,1158949977,-0.684393,0.562230,0.192646,-0.422400,0.178682,-0.096639,0.015251
1771,1158983311,-0.686133,0.562784,0.191076,-0.419543,0.207461,-0.146134,-0.033473
1772,1159016645,-0.687753,0.563462,0.189322,-0.416767,0.219046,-0.156858,0.049118
1773,1159049979,-0.689266,0.564227,0.187440,-0.414074,0.163980,-0.133055,0.037251
1774,1159083313,-0.690742,0.565145,0.185228,-0.411349,0.158813,-0.132198,0.041623
1775,1159116647,-0.692221,0.566121,0.182800,-0.408598,0.065335,-0.122773,0.062679
1776,1159149981,-0.693825,0.567097,0.180182,-0.405677,0.092208,-0.116631,0.048445
1777,1159183315,-0.695522,0.567999,0.177572,-0.402648,0.138123,-0.165385,0.013906
1778,1159216649,-0.697121,0.568731,0.175351,-0.399812,0.162604,-0.209882,-0.013117
1779,1159249983,-0.698470,0.569344,0.173599,-0.397342,0.198224,-0.207105,-0.025101
1780,1159283317,-0.699665,0.570049,0.171754,-0.395025,0.211794,-0.186370,-0.047977
1781,1159316651,-0.700636,0.570857,0.169861,-0.392951,0.228621,-0.195333,-0.032868
1782,1159349985,-0.701347,0.571731,0.168031,-0.391192,0.258748,-0.165234,-0.117744
1783,1159383319,-0.701741,0.572931,0.166175,-0.389521,0.271416,-0.145432,-0.089570
1784,1159416653,-0.701643,0.574378,0.164670,-0.388204,0.201195,-0.276710,-0.136608
1785,1159449987,-0.700681,0.575824,0.164654,-0.387806,0.194451,-0.261181,-0.290447
1786,1159483321,-0.698960,0.577040,0.166040,-0.388511,0.112084,-0.366386,-0.291750
1787,1159516655,-0.696490,0.577865,0.168909,-0.390480,0.158015,-0.242596,-0.257152
1788,1159549989,-0.694116,0.575893,0.174660,-0.395064,-0.840628,-0.266913,0.365494
1789,1159583323,-0.693591,0.572791,0.178082,-0.398948,-1.339135,-0.135811,0.553754
1790,1159616657,-0.694130,0.570424,0.178788,-0.401080,-0.984398,0.255862,0.530888
1791,1159649991,-0.694879,0.569658,0.177141,-0.401604,-0.390988,0.172144,0.557140
1792,1159683325,-0.695316,0.569394,0.175363,-0.402001,-0.099214,0.039687,0.386823
1793,1159716659,-0.695164,0.568784,0.174754,-0.403390,0.087682,0.073551,0.049069
1794,1159749993,-0.693961,0.567451,0.176401,-0.406610,0.123186,0.271278,-0.133394
1795,1159783327,-0.692109,0.566074,0.179503,-0.410310,0.081251,0.526591,-0.041967
1796,1159816661,-0.689986,0.564722,0.183483,-0.413973,-0.133216,0.622534,0.095900
1797,1159849995,-0.687838,0.563056,0.187937,-0.417800,-0.401244,0.686014,0.149585
1798,1159883329,-0.685886,0.561300,0.192719,-0.421181,-0.611227,0.898495,0.268138
1799,1159916663,-0.684953,0.560653,0.195682,-0.422192,-0.795339,0.976891,0.101981
1800,1159949997,-0.686345,0.563013,0.192713,-0.418138,-0.811321,0.844208,-0.123734
1801,1159983331,-0.690245,0.567455,0.184116,-0.409497,-0.568977,0.087892,0.003514
1802,1160016665,-0.694243,0.571469,0.175806,-0.400715,-0.214682,-0.022903,-0.174687
1803,1160049999,-0.697594,0.574395,0.170220,-0.393051,-0.145101,-0.127239,0.008099
1804,1160083333,-0.700289,0.576644,0.166959,-0.386306,-0.306596,-0.203852,0.023211
1805,1160116667,-0.702677,0.579210,0.164112,-0.379287,-0.287319,-0.385554,0.145817
1806,1160150001,-0.704194,0.581360,0.162757,-0.373728,-0.197106,-0.795199,0.200666
1807,1160183335,-0.704237,0.581682,0.165051,-0.372136,-0.053375,-0.915458,0.213705
1808,1160216669,-0.703236,0.580642,0.169246,-0.373765,-0.088356,-0.547973,0.225083
1809,1160250003,-0.702303,0.579659,0.171549,-0.375990,-0.061328,-0.436296,0.315864
1810,1160283337,-0.701585,0.578583,0.171905,-0.378813,-0.110956,-0.317461,0.326803
1811,1160316671,-0.701267,0.577304,0.170789,-0.381847,-0.108427,-0.199608,0.187602
1812,1160350005,-0.701278,0.575960,0.168845,-0.384710,0.003846,-0.055416,-0.018799
1813,1160383339,-0.701337,0.574543,0.167254,-0.387406,0.132548,0.095240,-0.167050
1814,1160416673,-0.701327,0.573136,0.166684,-0.389748,0.303292,0.185796,-0.210216
1815,1160450007,-0.701117,0.571851,0.167345,-0.391724,0.421711,0.268809,-0.200524
1816,1160483341,-0.700641,0.570928,0.168878,-0.393262,0.433795,0.295229,-0.208219
1817,1160516675,-0.699880,0.570461,0.170739,-0.394488,0.432197,0.259719,-0.212654
1818,1160550009,-0.699131,0.570627,0.172225,-0.394930,0.338441,0.256367,-0.183749
1819,1160583343,-0.698650,0.571481,0.172750,-0.394317,0.250908,0.109799,-0.113928
1820,1160616677,-0.698245,0.572613,0.173058,-0.393254,0.247285,-0.074675,-0.038112
1821,1160650011,-0.697719,0.573426,0.174094,-0.392547,0.096685,-0.209217,0.060612
1822,1160683345,-0.697184,0.573938,0.175446,-0.392148,0.022001,-0.246233,0.201847
1823,1160716679,-0.696834,0.574173,0.176533,-0.391936,-0.003140,-0.325956,0.175814
1824,1160750013,-0.696405,0.573863,0.177662,-0.392643,0.059473,-0.356573,0.111351
1825,1160783347,-0.695853,0.573134,0.178854,-0.394143,0.124761,-0.253900,0.076653
1826,1160816681,-0.695216,0.572399,0.179687,-0.395951,0.182826,-0.161782,0.055516
1827,1160850015,-0.694425,0.571858,0.180217,-0.397875,0.234029,-0.081741,0.041640
1828,1160883349,-0.693336,0.571532,0.180782,-0.399981,0.252693,0.003580,0.023467
1829,1160916683,-0.691936,0.571369,0.181607,-0.402259,0.197040,0.072431,-0.000711
1830,1160950017,-0.690346,0.571392,0.182655,-0.404478,0.140448,0.127704,0.038635
1831,1160983351,-0.688605,0.571415,0.184119,-0.406741,0.071607,0.192643,0.036037
1832,1161016685,-0.686843,0.571365,0.185993,-0.408933,-0.024389,0.258873,-0.008000
1833,1161050019,-0.685501,0.571571,0.187566,-0.410177,-0.128745,0.336263,0.001336
1834,1161083353,-0.684870,0.572338,0.188136,-0.409901,-0.169930,0.233872,0.045875
1835,1161116687,-0.684856,0.573113,0.188210,-0.408804,-0.140156,0.106262,0.054397
1836,1161150021,-0.685163,0.573599,0.188366,-0.407535,-0.119600,-0.007208,0.004190
1837,1161183355,-0.685544,0.573864,0.188762,-0.406336,-0.074618,-0.092736,-0.013361
1838,1161216689,-0.685757,0.573877,0.189687,-0.405526,-0.030956,-0.100815,-0.000225
1839,1161250023,-0.685914,0.573805,0.190583,-0.404943,-0.008131,-0.155323,-0.016434
1840,1161283357,-0.686029,0.573918,0.190964,-0.404408,0.094788,-0.135763,0.063393
1841,1161316691,-0.685949,0.574113,0.191100,-0.404203,0.010940,-0.225451,0.112354
1842,1161350025,-0.685614,0.574289,0.191127,-0.404509,-0.008265,-0.144358,0.216054
1843,1161383359,-0.685266,0.574255,0.190825,-0.405289,-0.157459,-0.203263,0.199475
1844,1161416693,-0.685007,0.573899,0.190171,-0.406536,-0.247675,-0.126600,0.178304
1845,1161450027,-0.684987,0.573365,0.189102,-0.407818,-0.207103,-0.028437,0.069798
1846,1161483361,-0.685281,0.572885,0.187767,-0.408616,-0.152415,0.022016,0.048431
1847,1161516695,-0.685567,0.572361,0.186742,-0.409339,-0.096543,0.053079,0.056576
1848,1161550029,-0.685727,0.571687,0.186347,-0.410193,-0.037622,0.143165,0.057220
1849,1161583363,-0.685999,0.571188,0.185852,-0.410658,-0.088045,0.157853,0.017737
1850,1161616697,-0.686363,0.571061,0.184971,-0.410622,-0.042814,0.140023,0.030015
1851,1161650031,-0.686724,0.571085,0.184070,-0.410392,-0.069920,0.087451,-0.033153
1852,1161683365,-0.687036,0.571236,0.183329,-0.409991,-0.031010,0.048304,-0.068213
1853,1161716699,-0.687247,0.571331,0.183163,-0.409578,-0.042471,-0.052687,-0.056513
1854,1161750033,-0.687230,0.571253,0.183903,-0.409385,-0.022367,-0.131564,0.006700
1855,1161783367,-0.687007,0.571014,0.185374,-0.409429,0.003916,-0.154395,0.000192
1856,1161816701,-0.686665,0.570772,0.186986,-0.409606,0.069188,-0.225718,0.020040
1857,1161850035,-0.686125,0.570539,0.188519,-0.410133,0.128812,-0.252223,0.053761
1858,1161883369,-0.685265,0.570508,0.189748,-0.411046,0.157234,-0.243920,0.037004
1859,1161916703,-0.683985,0.570808,0.190655,-0.412339,0.174809,-0.195664,0.026649
1860,1161950037,-0.682267,0.571367,0.191498,-0.414017,0.124048,-0.284100,-0.017660
1861,1161983371,-0.679959,0.571693,0.193206,-0.416564,0.070798,-0.216988,0.006536
1862,1162016705,-0.677252,0.571727,0.195795,-0.419706,-0.022566,-0.217407,-0.006111
1863,1162050039,-0.674090,0.571448,0.199370,-0.423477,-0.049981,-0.069259,-0.060163
1864,1162083373,-0.670967,0.571144,0.203079,-0.427068,-0.092568,0.027723,-0.004535
1865,1162116707,-0.668020,0.570945,0.206525,-0.430289,-0.117988,0.023338,0.056334
1866,1162150041,-0.665108,0.570625,0.210127,-0.433469,-0.115391,0.051141,0.083367
1867,1162183375,-0.662350,0.570179,0.213656,-0.436543,-0.163227,0.109431,0.094972
1868,1162216709,-0.660061,0.569870,0.216541,-0.438987,-0.187348,0.062321,0.020362
1869,1162250043,-0.658266,0.569584,0.218933,-0.440862,-0.176238,-0.004631,0.099772
1870,1162283377,-0.656799,0.569130,0.221079,-0.442562,-0.127144,-0.059820,0.044299
1871,1162316711,-0.655522,0.568339,0.223141,-0.444434,-0.123808,-0.110780,0.021517
1872,1162350045,-0.654519,0.567304,0.224852,-0.446367,-0.044187,-0.097270,0.042029
1873,1162383379,-0.653655,0.566096,0.226298,-0.448432,0.069056,-0.140738,0.058003
1874,1162416713,-0.652835,0.564623,0.227765,-0.450733,0.093864,-0.081444,0.027966
1875,1162450047,-0.652062,0.563221,0.228949,-0.453001,0.123427,-0.006670,0.049087
1876,1162483381,-0.651354,0.561917,0.229909,-0.455148,0.169060,-0.020154,0.122954
1877,1162516715,-0.650832,0.560548,0.230756,-0.457149,0.144510,0.031384,0.186896
1878,1162550049,-0.650684,0.559428,0.230985,-0.458615,0.171875,0.130420,0.248914
1879,1162583383,-0.650910,0.558658,0.230572,-0.459440,0.198639,0.086250,0.346442
1880,1162616717,-0.651113,0.557922,0.230137,-0.460263,0.191886,0.130923,0.161426
1881,1162650051,-0.651402,0.557671,0.229263,-0.460595,0.153919,0.151855,0.017278
1882,1162683385,-0.651738,0.557959,0.228009,-0.460393,0.238595,0.148395,-0.169533
1883,1162716719,-0.651990,0.558456,0.227160,-0.459854,0.252939,0.076715,-0.209422
1884,1162750053,-0.652087,0.558861,0.227393,-0.459107,0.310387,0.099982,-0.203457
1885,1162783387,-0.652211,0.559290,0.228322,-0.457947,0.272231,0.057692,-0.251090
1886,1162816721,-0.652400,0.559955,0.229662,-0.456191,0.325318,-0.087861,-0.025351
1887,1162850055,-0.652327,0.560471,0.231879,-0.454539,0.304725,-0.189983,0.028419
1888,1162883389,-0.651893,0.561109,0.234306,-0.453125,0.276422,-0.272638,0.139804
1889,1162916723,-0.651199,0.561817,0.236465,-0.452124,0.190182,-0.387265,0.102317
1890,1162950057,-0.650568,0.562717,0.237791,-0.451218,0.055926,-0.415170,-0.068432
1891,1162983391,-0.650027,0.563702,0.238296,-0.450502,0.082130,-0.621114,-0.111418
1892,1163016725,-0.649350,0.564119,0.239049,-0.450556,0.071755,-0.615159,-0.068755
1893,1163050059,-0.648505,0.563734,0.240205,-0.451639,0.123405,-0.604645,0.153935
1894,1163083393,-0.647360,0.562306,0.241854,-0.454175,0.136438,-0.389854,0.344258
1895,1163116727,-0.646480,0.560700,0.242748,-0.456929,0.056048,-0.165293,0.441180
1896,1163150061,-0.646094,0.559477,0.242274,-0.459219,0.036384,-0.066819,0.360700
1897,1163183395,-0.645958,0.558418,0.241300,-0.461208,0.047847,-0.035840,0.179685
1898,1163216729,-0.646017,0.557436,0.240437,-0.462761,0.090985,0.063185,0.032395
1899,1163250063,-0.646153,0.556381,0.240255,-0.463934,0.163742,0.043165,-0.161112
1900,1163283397,-0.646436,0.555167,0.240983,-0.464616,0.303002,0.081399,-0.015497
1901,1163316731,-0.647027,0.553843,0.242110,-0.464788,0.349489,0.038030,-0.056997
1902,1163350065,-0.647889,0.552779,0.242883,-0.464451,0.397897,0.038310,-0.016969
1903,1163383399,-0.649078,0.552294,0.242529,-0.463551,0.419535,0.016419,0.002918
1904,1163416733,-0.650529,0.552538,0.240825,-0.462113,0.463115,-0.097373,-0.087095
1905,1163450067,-0.652056,0.553025,0.238503,-0.460579,0.417654,-0.243240,-0.181933
1906,1163483401,-0.653686,0.553475,0.236145,-0.458940,0.401656,-0.240980,-0.072434
1907,1163516735,-0.655612,0.553736,0.233701,-0.457125,0.293950,-0.331957,-0.106633
1908,1163550069,-0.657568,0.554166,0.231341,-0.454990,0.338645,-0.368357,0.226682
1909,1163583403,-0.658820,0.553907,0.230689,-0.453824,0.357360,-0.466215,0.540818
1910,1163616737,-0.658712,0.552575,0.232332,-0.454766,0.256197,-0.334590,0.431299
1911,1163650071,-0.657500,0.550982,0.234681,-0.457240,0.166357,-0.125513,0.182114
1912,1163683405,-0.655996,0.550032,0.235900,-0.459909,0.166664,-0.028170,-0.183045
1913,1163716739,-0.654629,0.549951,0.235787,-0.462006,0.301503,0.065158,-0.393653
1914,1163750073,-0.653687,0.550371,0.235066,-0.463205,0.346629,0.153694,-0.284341
1915,1163783407,-0.652964,0.550847,0.234594,-0.463899,0.341759,0.193184,-0.069150
1916,1163816741,-0.651827,0.551252,0.234894,-0.464863,0.185637,0.303042,0.115687
1917,1163850075,-0.650114,0.551560,0.235571,-0.466551,-0.117591,0.459286,0.176234
1918,1163883409,-0.648408,0.552063,0.235444,-0.468392,-0.592668,0.446557,0.174956
1919,1163916743,-0.648665,0.553225,0.232283,-0.468243,-0.936559,0.634730,0.082619
1920,1163950077,-0.653048,0.555820,0.223759,-0.463201,-1.317774,0.749162,0.079951
1921,1163983411,-0.662429,0.560426,0.208096,-0.451483,-1.026407,0.976533,0.090642
1922,1164016745,-0.675254,0.566126,0.187567,-0.434031,-0.441869,0.389778,0.086969
1923,1164050079,-0.687456,0.569906,0.169823,-0.416896,-0.111555,0.152389,0.022570
1924,1164083413,-0.697786,0.571932,0.156977,-0.401719,0.147751,-0.019670,-0.024008
1925,1164116747,-0.705790,0.572495,0.149510,-0.389599,0.364639,-0.122436,-0.180937
1926,1164150081,-0.711794,0.572477,0.145918,-0.379946,0.537053,-0.205979,-0.258911
1927,1164183415,-0.716014,0.572568,0.144728,-0.372256,0.612763,-0.327841,-0.217533
1928,1164216749,-0.718341,0.573000,0.145267,-0.366857,0.513207,-0.441625,-0.030047
1929,1164250083,-0.718807,0.574000,0.146427,-0.363910,0.445884,-0.402908,0.077766
1930,1164283417,-0.717762,0.575572,0.147061,-0.363235,0.182904,-0.406078,0.121379
1931,1164316751,-0.716105,0.577562,0.146230,-0.363679,-0.133732,-0.410358,0.130098
1932,1164350085,-0.714556,0.579511,0.144023,-0.364506,-0.346785,-0.400541,0.149511
1933,1164383419,-0.713413,0.580807,0.141475,-0.365678,-0.472799,-0.382776,0.185566
1934,1164416753,-0.712592,0.581023,0.139852,-0.367557,-0.556601,-0.250251,0.211296
1935,1164450087,-0.712168,0.580315,0.139222,-0.369729,-0.453719,0.018066,0.128708
1936,1164483421,-0.712234,0.579450,0.138652,-0.371168,-0.200008,0.202946,0.013897
1937,1164516755,-0.712655,0.578906,0.137912,-0.371485,0.035638,0.273926,-0.005135
1938,1164550089,-0.713037,0.578529,0.137802,-0.371381,0.262745,0.305630,0.100152
1939,1164583423,-0.713244,0.578096,0.138840,-0.371271,0.265796,0.403137,0.011474
1940,1164616757,-0.713334,0.578033,0.139874,-0.370808,0.256605,0.495360,-0.043795
1941,1164650091,-0.713397,0.578044,0.140949,-0.370262,0.170721,0.526787,0.178432
1942,1164683425,-0.713745,0.577682,0.142077,-0.369725,0.109889,0.768181,0.324501
1943,1164716759,-0.714810,0.576806,0.142550,-0.368852,-0.152356,0.586350,0.275441
1944,1164750093,-0.717295,0.575365,0.141341,-0.366738,-0.636089,0.748413,0.125312
1945,1164783427,-0.722034,0.575602,0.134021,-0.359747,-0.827133,0.456675,0.153734
1946,1164816761,-0.728268,0.577229,0.121870,-0.348727,-0.630734,0.146294,0.041198
1947,1164850095,-0.734773,0.579234,0.108604,-0.335905,-0.180970,-0.222952,-0.244849
1948,1164883429,-0.740317,0.580918,0.098429,-0.323739,0.164429,-0.383262,-0.348573
1949,1164916763,-0.744405,0.582017,0.093349,-0.313743,0.327941,-0.615325,-0.261144
1950,1164950097,-0.746915,0.582782,0.093344,-0.306269,0.282380,-0.586643,-0.150244
1951,1164983431,-0.748319,0.583753,0.095479,-0.300275,-0.091217,-0.826209,-0.204871
1952,1165016765,-0.748629,0.585032,0.098544,-0.295993,-0.531122,-1.078553,-0.009482
1953,1165050099,-0.747966,0.586045,0.102636,-0.294270,-0.800179,-1.398435,0.341050
1954,1165083433,-0.745637,0.585540,0.110786,-0.298204,-0.508713,-1.284977,0.683068
1955,1165116767,-0.742018,0.583163,0.121644,-0.307511,-0.154610,-0.925066,0.423315
1956,1165150101,-0.737980,0.579749,0.131477,-0.319408,0.046530,-0.514254,0.078380
1957,1165183435,-0.734042,0.576243,0.138394,-0.331669,-0.082865,-0.202706,-0.125769
1958,1165216769,-0.730266,0.573643,0.142143,-0.342740,-0.173787,-0.031208,-0.010384
1959,1165250103,-0.726412,0.571879,0.144348,-0.352810,-0.276833,0.211423,0.166656
1960,1165283437,-0.722582,0.570446,0.146322,-0.362059,-0.376569,0.454819,0.193236
1961,1165316771,-0.719104,0.569729,0.146997,-0.369757,-0.373368,0.463738,0.142942
1962,1165350105,-0.715784,0.569813,0.146953,-0.376035,-0.215560,0.332204,-0.077895
1963,1165383439,-0.712295,0.569602,0.148729,-0.382231,-0.138259,0.409330,-0.145277
1964,1165416773,-0.708816,0.568815,0.152738,-0.388241,-0.191562,0.404598,-0.132469
1965,1165450107,-0.705854,0.567779,0.158003,-0.393018,-0.257452,0.518713,-0.005065
1966,1165483441,-0.703589,0.566985,0.163134,-0.396117,-0.293613,0.426029,0.114487
1967,1165516775,-0.701778,0.566078,0.168291,-0.398462,-0.277850,0.303366,0.170321
1968,1165550109,-0.700512,0.565101,0.172704,-0.400185,-0.373892,0.237156,0.195425
1969,1165583443,-0.699944,0.564699,0.175019,-0.400739,-0.307876,0.351571,0.085656
1970,1165616777,-0.700277,0.565012,0.174647,-0.399879,-0.109273,0.003403,0.028967
1971,1165650111,-0.700288,0.565201,0.174160,-0.399804,-0.332805,-0.369798,0.202068
1972,1165683445,-0.699141,0.564216,0.175302,-0.402693,-0.469100,-0.461458,0.094410
1973,1165716779,-0.696599,0.560788,0.179446,-0.409997,-1.099947,-1.439321,0.738515
1974,1165750113,-0.692721,0.552376,0.188739,-0.423589,-0.776047,-0.581691,0.863935
1975,1165783447,-0.690043,0.541549,0.197996,-0.437486,-0.728605,0.052800,0.631434
1976,1165816781,-0.690319,0.532184,0.202221,-0.446518,-0.843486,0.393220,0.365040
1977,1165850115,-0.694565,0.526425,0.198597,-0.448382,-0.524065,0.301510,0.124310
1978,1165883449,-0.700991,0.522705,0.190895,-0.446074,0.014228,0.000845,-0.010302
1979,1165916783,-0.707866,0.518964,0.183033,-0.442868,0.537801,0.149396,-0.141607
1980,1165950117,-0.714703,0.515434,0.175176,-0.439171,0.819807,0.403199,-0.280287
1981,1165983451,-0.721055,0.513296,0.166468,-0.434656,0.888792,0.254070,-0.500018
1982,1166016785,-0.725488,0.512178,0.159080,-0.431352,1.102453,0.241963,-0.246429
1983,1166050119,-0.727757,0.511525,0.153794,-0.430222,1.258219,0.223162,-0.274533
1984,1166083453,-0.727881,0.510907,0.151242,-0.431649,1.192962,0.287707,-0.357497
1985,1166116787,-0.726740,0.511232,0.149882,-0.433656,1.177766,0.846633,-0.450599
1986,1166150121,-0.725349,0.513505,0.147660,-0.434060,1.175584,0.836218,-0.605148
1987,1166183455,-0.723849,0.517531,0.145175,-0.432620,1.167130,0.825962,-0.598586
1988,1166216789,-0.722203,0.523166,0.142944,-0.429324,1.061072,0.797596,-0.646122
1989,1166250123,-0.720019,0.530495,0.141375,-0.424489,1.073237,0.667152,-0.488211
1990,1166283457,-0.716797,0.538939,0.141411,-0.419261,1.004084,0.550624,-0.217358
1991,1166316791,-0.712271,0.547803,0.143725,-0.414675,0.810511,0.391636,0.103812
1992,1166350125,-0.706096,0.557051,0.148184,-0.411333,-0.356061,-0.046855,0.117852
1993,1166383459,-0.696925,0.568071,0.153961,-0.409777,-3.246207,-1.147283,1.779404
1994,1166416793,-0.687611,0.574304,0.162575,-0.413480,-3.129789,-1.211667,1.401468
1995,1166450127,-0.682560,0.575400,0.170193,-0.417243,-0.872095,-0.683178,0.608769
1996,1166483461,-0.681500,0.571291,0.178796,-0.421008,-0.117494,0.015839,-0.257670
1997,1166516795,-0.683751,0.564970,0.186162,-0.422691,-0.063466,0.125677,-0.089097
1998,1166550129,-0.688930,0.559247,0.188189,-0.420992,-0.445632,-0.026513,0.288293
1999,1166583463,-0.696843,0.556761,0.181130,-0.414307,-0.205788,-0.121554,0.208558
2000,1166616797,-0.704566,0.557942,0.168010,-0.405082,0.666691,0.073843,-0.050790
2001,1166650131,-0.710325,0.561087,0.153947,-0.396171,1.236698,-0.045815,-0.204587
2002,1166683465,-0.713334,0.563538,0.144342,-0.390866,1.235233,-0.338610,-0.137916
2003,1166716799,-0.713740,0.563836,0.141854,-0.390606,1.088367,-0.173298,-0.275960
2004,1166750133,-0.712667,0.563881,0.142636,-0.392212,0.765931,0.212333,-0.451566
2005,1166783467,-0.711162,0.565780,0.142364,-0.392308,0.490863,0.175562,-0.304480
2006,1166816801,-0.709255,0.569048,0.141251,-0.391434,0.168424,-0.047630,0.028855
2007,1166850135,-0.706830,0.572377,0.140848,-0.391112,-0.277566,-0.246922,0.108809
2008,1166883469,-0.704232,0.575002,0.141594,-0.391678,-0.540679,-0.264649,0.445503
2009,1166916803,-0.702278,0.576183,0.143127,-0.392892,-0.537618,-0.225461,0.506609
2010,1166950137,-0.701636,0.576057,0.144305,-0.393792,-0.397971,-0.085195,0.260781
2011,1166983471,-0.702286,0.575338,0.144137,-0.393746,-0.272940,-0.032019,0.156524
2012,1167016805,-0.703776,0.574491,0.142608,-0.392878,-0.117541,-0.182104,0.057061
2013,1167050139,-0.705445,0.573644,0.140617,-0.391839,0.075841,-0.111777,-0.057048
2014,1167083473,-0.706802,0.573038,0.138671,-0.390972,0.220993,-0.056119,-0.070889
2015,1167116807,-0.707718,0.572915,0.136901,-0.390118,0.209693,-0.097091,0.004850
2016,1167150141,-0.708121,0.573195,0.135579,-0.389437,0.187818,-0.165526,0.015874
2017,1167183475,-0.707986,0.573540,0.135184,-0.389313,0.084571,-0.241038,0.115514
2018,1167216809,-0.707325,0.573497,0.135970,-0.390302,-0.073810,-0.261773,0.138385
2019,1167250143,-0.706356,0.572979,0.137455,-0.392293,-0.136139,-0.210486,0.156983
2020,1167283477,-0.705382,0.572027,0.138904,-0.394915,-0.210249,-0.115045,0.072415
2021,1167316811,-0.704605,0.571182,0.139533,-0.397296,-0.167025,-0.018918,0.006619
2022,1167350145,-0.704306,0.570821,0.138853,-0.398581,-0.093179,-0.020158,-0.044310
2023,1167383479,-0.704332,0.570784,0.137657,-0.399004,0.140466,-0.153338,-0.081285
2024,1167416813,-0.703860,0.570195,0.138300,-0.400454,0.303874,-0.141654,-0.083346
2025,1167450147,-0.702448,0.569205,0.141179,-0.403328,0.231692,-0.053472,0.020190
2026,1167483481,-0.700082,0.568301,0.145369,-0.407208,0.155144,0.134413,0.145994
2027,1167516815,-0.697276,0.567712,0.149441,-0.411348,0.031281,0.147965,0.040151
2028,1167550149,-0.694353,0.567234,0.153201,-0.415547,-0.115776,0.249754,0.048876
2029,1167583483,-0.691983,0.566938,0.156179,-0.418783,-0.256105,0.219360,0.130114
2030,1167616817,-0.690374,0.566596,0.158580,-0.420994,-0.291644,0.184243,0.152471
2031,1167650151,-0.689396,0.566021,0.160605,-0.422599,-0.231374,0.160125,0.079829
2032,1167683485,-0.688895,0.565272,0.162253,-0.423789,-0.158325,0.174266,0.007927
2033,1167716819,-0.689028,0.564652,0.163049,-0.424092,-0.002308,0.136165,-0.053985
2034,1167750153,-0.689482,0.564189,0.163273,-0.423885,0.148344,0.152040,-0.008197
2035,1167783487,-0.690055,0.564002,0.162930,-0.423332,0.211175,0.121512,0.014546
2036,1167816821,-0.690593,0.564238,0.161901,-0.422534,0.135752,0.060140,0.030131
2037,1167850155,-0.690964,0.564809,0.160310,-0.421772,0.092928,0.015391,-0.010195
2038,1167883489,-0.691310,0.565585,0.158213,-0.420956,0.003359,-0.029850,-0.010931
2039,1167916823,-0.691754,0.566420,0.155863,-0.419979,0.018113,-0.016615,0.032373
2040,1167950157,-0.692224,0.567064,0.154015,-0.419016,0.026840,-0.024939,0.110112
2041,1167983491,-0.692612,0.567521,0.152984,-0.418134,0.059706,0.052089,0.088660
2042,1168016825,-0.692921,0.568105,0.152431,-0.417029,0.030100,0.029163,0.133527
2043,1168050159,-0.693029,0.568628,0.152730,-0.416026,0.098431,-0.019702,0.176297
2044,1168083493,-0.692903,0.568781,0.154172,-0.415493,0.053515,-0.068697,0.086188
2045,1168116827,-0.692543,0.568871,0.156081,-0.415258,0.039772,-0.080084,0.088630
2046,1168150161,-0.692162,0.569014,0.157688,-0.415091,0.042905,-0.071514,0.167008
2047,1168183495,-0.691800,0.569158,0.158710,-0.415107,-0.005330,-0.099947,0.007962
2048,1168216829,-0.691449,0.569468,0.158933,-0.415182,-0.016985,-0.077886,-0.077003
2049,1168250163,-0.691171,0.569883,0.158588,-0.415207,0.009032,-0.036274,0.008446
2050,1168283497,-0.690948,0.570209,0.158287,-0.415245,0.006987,-0.049437,0.028706
2051,1168316831,-0.690681,0.570300,0.158461,-0.415498,0.004376,-0.058342,0.030312
2052,1168350165,-0.690236,0.570237,0.159128,-0.416069,-0.030457,0.015794,0.042417
2053,1168383499,-0.689753,0.570145,0.159879,-0.416707,0.020640,0.033867,0.047879
2054,1168416833,-0.689207,0.569962,0.160832,-0.417494,0.031200,0.091428,-0.004049
2055,1168450167,-0.688639,0.569919,0.161728,-0.418143,-0.007314,0.113881,0.007800
2056,1168483501,-0.688202,0.570160,0.162200,-0.418352,-0.007642,0.123166,0.066977
2057,1168516835,-0.687957,0.570517,0.162349,-0.418209,-0.045247,0.096079,0.061552
2058,1168550169,-0.687815,0.570943,0.162239,-0.417904,-0.073538,0.055564,0.036328
2059,1168583503,-0.687751,0.571296,0.162106,-0.417579,-0.064102,0.013251,0.075754
2060,1168616837,-0.687705,0.571408,0.162266,-0.417440,-0.071115,0.015807,0.060517
2061,1168650171,-0.687663,0.571407,0.162549,-0.417399,-0.020167,0.049569,0.031491
2062,1168683505,-0.687692,0.571523,0.162659,-0.417150,-0.006553,0.077347,0.023510
2063,1168716839,-0.687718,0.571701,0.162722,-0.416837,-0.004016,0.026895,-0.012345
2064,1168750173,-0.687692,0.571920,0.162813,-0.416545,0.009260,0.075555,0.019804
2065,1168783507,-0.687726,0.572197,0.162786,-0.416119,-0.040566,0.071456,0.130836
2066,1168816841,-0.687857,0.572354,0.162778,-0.415690,-0.070809,0.072080,0.067193
2067,1168850175,-0.688208,0.572497,0.162418,-0.415053,-0.099020,0.098815,0.054257
2068,1168883509,-0.688921,0.572708,0.161434,-0.413961,-0.051988,0.100765,0.066286
2069,1168916843,-0.689891,0.572845,0.160078,-0.412681,-0.024434,0.120844,0.063062
2070,1168950177,-0.691094,0.573018,0.158255,-0.411126,-0.021609,0.178296,0.058377
2071,1168983511,-0.692502,0.573481,0.155823,-0.409036,-0.015484,0.177136,0.000938
2072,1169016845,-0.694014,0.574154,0.153134,-0.406537,0.021875,0.184509,0.057254
2073,1169050179,-0.695708,0.574916,0.150289,-0.403616,-0.007905,0.146748,0.027678
2074,1169083513,-0.697418,0.575753,0.147435,-0.400512,-0.033377,0.040287,0.027452
2075,1169116847,-0.699135,0.576444,0.144788,-0.397479,-0.075571,0.039240,0.014119
2076,1169150181,-0.701017,0.577062,0.142071,-0.394235,-0.081169,-0.034634,0.042897
2077,1169183515,-0.702914,0.577499,0.139578,-0.391095,-0.020698,-0.123382,0.112128
2078,1169216849,-0.704700,0.577652,0.137592,-0.388349,-0.014448,-0.145446,0.124005
2079,1169250183,-0.706413,0.577642,0.135824,-0.385867,-0.015253,-0.111408,0.086364
2080,1169283517,-0.707913,0.577564,0.134090,-0.383837,0.014816,-0.178797,0.094417
2081,1169316851,-0.709311,0.577395,0.132464,-0.382069,0.023245,-0.156362,0.092768
2082,1169350185,-0.710421,0.577164,0.131105,-0.380823,0.018269,-0.120713,0.055738
2083,1169383519,-0.711453,0.577027,0.129694,-0.379584,-0.004946,-0.151115,0.022161
2084,1169416853,-0.712331,0.576824,0.128476,-0.378660,0.007510,-0.100745,0.102098
2085,1169450187,-0.713197,0.576512,0.127502,-0.377833,-0.012717,-0.181751,0.050776
2086,1169483521,-0.713852,0.576019,0.127063,-0.377496,0.002712,-0.119496,-0.017221
2087,1169516855,-0.714452,0.575506,0.126808,-0.377229,0.004506,-0.124076,0.012230
2088,1169550189,-0.714840,0.574940,0.127053,-0.377275,0.092278,-0.170584,0.046680
2089,1169583523,-0.714934,0.574279,0.127906,-0.377815,0.117138,-0.095649,0.038480
2090,1169616857,-0.714738,0.573786,0.128889,-0.378599,0.099303,-0.093385,0.033228
2091,1169650191,-0.714282,0.573418,0.129971,-0.379646,0.065655,-0.106890,0.020884
2092,1169683525,-0.713641,0.573085,0.131263,-0.380909,0.026977,-0.106753,0.029371
2093,1169716859,-0.712865,0.572709,0.132846,-0.382374,-0.007688,-0.103548,0.018354
2094,1169750193,-0.712005,0.572231,0.134692,-0.384043,-0.002186,-0.073937,0.053367
2095,1169783527,-0.711144,0.571742,0.136499,-0.385726,-0.039268,-0.062381,0.086665
2096,1169816861,-0.710285,0.571192,0.138272,-0.387487,-0.023006,-0.075009,0.104867
2097,1169850195,-0.709403,0.570506,0.140182,-0.389423,-0.020491,-0.066519,0.050863
2098,1169883529,-0.708491,0.569771,0.142116,-0.391453,-0.022960,-0.040684,0.023312
2099,1169916863,-0.707604,0.568944,0.143988,-0.393570,0.008733,-0.031607,0.034751
2100,1169950197,-0.706722,0.568159,0.145705,-0.395651,0.045651,0.009000,0.030476
2101,1169983531,-0.705874,0.567481,0.147223,-0.397572,0.012190,0.028911,0.074617
2102,1170016865,-0.705005,0.566888,0.148594,-0.399444,0.018696,0.038802,0.052153
2103,1170050199,-0.704241,0.566486,0.149521,-0.401014,-0.004789,0.074846,0.122621
2104,1170083533,-0.703623,0.566079,0.150250,-0.402400,0.008047,0.013944,0.067605
2105,1170116867,-0.703035,0.565520,0.151090,-0.403896,-0.027460,0.069312,-0.003572
2106,1170150201,-0.702557,0.564961,0.151796,-0.405243,0.009940,0.138363,0.008192
2107,1170183535,-0.702243,0.564598,0.152239,-0.406127,0.077734,0.108026,0.052641
2108,1170216869,-0.701914,0.564192,0.152927,-0.406999,0.069596,0.125834,0.026507
2109,1170250203,-0.701614,0.564027,0.153374,-0.407577,0.006104,0.122064,0.011620
2110,1170283537,-0.701345,0.564098,0.153481,-0.407900,0.035823,0.101751,0.008172
2111,1170316871,-0.701176,0.564176,0.153573,-0.408050,-0.027150,0.057847,0.050224
2112,1170350205,-0.701133,0.564234,0.153602,-0.408033,-0.024873,0.081132,0.020525
2113,1170383539,-0.701280,0.564376,0.153279,-0.407705,-0.020918,0.080632,0.030451
2114,1170416873,-0.701517,0.564621,0.152703,-0.407173,-0.024089,0.065734,0.058517
2115,1170450207,-0.701833,0.564874,0.152124,-0.406492,0.008396,0.068470,0.052292
2116,1170483541,-0.702185,0.565060,0.151668,-0.405798,-0.026987,0.063200,0.036507
2117,1170516875,-0.702525,0.565250,0.151234,-0.405104,-0.019419,0.054361,0.043272
2118,1170550209,-0.702923,0.565438,0.150795,-0.404315,-0.018708,0.076289,0.043257
2119,1170583543,-0.703426,0.565702,0.150147,-0.403312,-0.019994,0.064763,-0.003343
2120,1170616877,-0.703902,0.566041,0.149534,-0.402231,-0.067483,-0.043097,0.001442
2121,1170650211,-0.704255,0.566252,0.149465,-0.401341,-0.033071,-0.032482,0.057652
2122,1170683545,-0.704711,0.566387,0.149501,-0.400336,0.005537,-0.026075,0.134918
2123,1170716879,-0.705176,0.566504,0.149441,-0.399373,-0.010287,-0.077597,0.059652
2124,1170750213,-0.705505,0.566670,0.149340,-0.398594,0.008164,-0.038714,0.052162
2125,1170783547,-0.705828,0.566969,0.148984,-0.397729,-0.018215,-0.062837,0.070175
2126,1170816881,-0.706107,0.567258,0.148575,-0.396975,-0.013154,-0.083881,0.061201
2127,1170850215,-0.706359,0.567462,0.148270,-0.396347,-0.081361,-0.102556,0.073359
2128,1170883549,-0.706563,0.567606,0.148105,-0.395839,-0.053780,-0.127061,0.047824
2129,1170916883,-0.706667,0.567596,0.148165,-0.395645,-0.006089,-0.098024,0.065872
2130,1170950217,-0.706694,0.567426,0.148464,-0.395728,0.005349,-0.090822,0.066297
2131,1170983551,-0.706523,0.567168,0.149142,-0.396148,0.039055,-0.082898,0.089200
2132,1171016885,-0.706112,0.566825,0.150269,-0.396944,0.025084,-0.023098,0.076914
2133,1171050219,-0.705542,0.566598,0.151599,-0.397777,0.049642,0.028191,0.142575
2134,1171083553,-0.704944,0.566352,0.153257,-0.398550,-0.020371,0.046587,0.496510
2135,1171116887,-0.704567,0.565868,0.154625,-0.399376,-0.063405,0.394436,1.209059
2136,1171150221,-0.705249,0.565654,0.151889,-0.399524,-0.296590,0.692588,0.633563
2137,1171183555,-0.706379,0.567210,0.143060,-0.398580,-0.403127,0.772690,0.060934
2138,1171216889,-0.707243,0.570339,0.130015,-0.397049,-0.279979,0.759613,0.143036
2139,1171250223,-0.706891,0.573034,0.118508,-0.397397,-0.120089,0.638309,0.208042
2140,1171283557,-0.707080,0.573812,0.111094,-0.398078,-0.453881,1.060879,-0.327355
2141,1171316891,-0.709502,0.575313,0.103980,-0.393499,-0.419051,1.097884,-0.322294
2142,1171350225,-0.713571,0.575924,0.098856,-0.386506,-0.334465,0.506847,-0.683299
2143,1171383559,-0.717822,0.573896,0.100943,-0.381072,-0.293539,0.482747,-1.022981
2144,1171416893,-0.724851,0.572144,0.105425,-0.368995,-0.106672,0.748133,-0.290597
2145,1171450227,-0.733133,0.570552,0.110992,-0.353126,0.014702,0.542372,-0.205735
2146,1171483561,-0.741834,0.568988,0.114858,-0.335817,0.225703,-0.685668,1.603469
2147,1171516895,-0.749682,0.567142,0.110203,-0.322821,0.819645,-0.064159,0.795144
2148,1171550229,-0.754777,0.570488,0.090341,-0.311007,1.378312,-0.387182,0.319472
2149,1171583563,-0.756745,0.578337,0.059818,-0.298858,0.909773,-0.826796,-0.127255
2150,1171616897,-0.756601,0.585851,0.033582,-0.288508,0.447437,-0.974240,-0.932755
2151,1171650231,-0.757969,0.590113,0.022290,-0.277100,-0.177901,1.425361,-3.189921
2152,1171683565,-0.762938,0.592892,0.026597,-0.256375,-0.372466,-0.589893,-1.654601
2153,1171716899,-0.770542,0.590350,0.047051,-0.235731,0.297885,-0.649935,0.635337
2154,1171750233,-0.777210,0.585489,0.069647,-0.219832,0.774955,-0.499661,0.841084
2155,1171783567,-0.780649,0.585082,0.076963,-0.205846,1.269198,-0.434317,0.586897
2156,1171816901,-0.779193,0.591391,0.071288,-0.195100,0.871528,-0.933930,0.188108
2157,1171850235,-0.773708,0.601152,0.063036,-0.189865,-0.053306,-1.634223,0.528543
2158,1171883569,-0.767021,0.610261,0.058570,-0.189368,-0.454269,-1.331486,0.199546
2159,1171916903,-0.760326,0.617532,0.060360,-0.192216,-0.464805,-1.121353,-0.055076
2160,1171950237,-0.753769,0.622928,0.067252,-0.198244,-0.715261,-1.285771,0.581242
2161,1171983571,-0.747521,0.625449,0.077537,-0.209868,-0.860385,-0.927118,0.350803
2162,1172016905,-0.741691,0.625758,0.087712,-0.225075,-0.789149,-0.067289,0.254546
2163,1172050239,-0.737164,0.624994,0.093825,-0.239164,-0.820837,0.371185,0.382594
2164,1172083573,-0.734053,0.623944,0.095573,-0.250515,-0.652218,1.065197,0.112474
2165,1172116907,-0.732548,0.623109,0.093268,-0.257761,-0.585348,1.143292,0.258823
2166,1172150241,-0.732553,0.622362,0.088644,-0.261160,-0.395005,1.266706,0.028565
2167,1172183575,-0.733567,0.622167,0.082008,-0.260946,-0.162036,1.127588,0.007047
2168,1172216909,-0.734969,0.621958,0.075560,-0.259443,0.195639,0.911324,0.159592
2169,1172250243,-0.736709,0.621505,0.070477,-0.257012,0.273245,0.742036,-0.105544
2170,1172283577,-0.738421,0.621143,0.067970,-0.253628,0.121816,0.361244,-0.148643
2171,1172316911,-0.740184,0.620163,0.069521,-0.250445,0.245098,-0.036745,-0.280583
2172,1172350245,-0.741431,0.618335,0.075651,-0.249501,0.551665,-0.223116,-0.265182
2173,1172383579,-0.741170,0.616448,0.086348,-0.251463,0.587122,-0.267978,-0.329767
2174,1172416913,-0.738908,0.615046,0.102241,-0.255560,0.798269,-0.361659,-0.490168
2175,1172450247,-0.733631,0.614069,0.126615,-0.262115,0.719423,-0.756836,-0.440477
2176,1172483581,-0.724390,0.610173,0.163011,-0.276417,0.830803,-1.868288,0.268117
2177,1172516915,-0.709982,0.600975,0.208174,-0.302407,1.054204,-1.191058,0.346815
2178,1172550249,-0.693223,0.592676,0.244347,-0.329398,-0.579300,0.499193,0.441575
2179,1172583583,-0.677505,0.588113,0.266068,-0.352631,-1.120724,-0.065477,1.040792
2180,1172616917,-0.662965,0.578918,0.288264,-0.377182,-0.846049,-0.602207,0.589443
2181,1172650251,-0.646961,0.561511,0.318507,-0.405872,-0.139640,-0.320744,-0.087213
2182,1172683585,-0.629074,0.539679,0.351944,-0.434947,0.215402,0.598010,-0.371093
2183,1172716919,-0.612435,0.521490,0.378530,-0.457949,0.042843,0.871338,-0.289941
2184,1172750253,-0.599973,0.509875,0.394190,-0.474030,-0.369915,1.375081,-0.011290
2185,1172783587,-0.594915,0.504945,0.398937,-0.481650,-0.316469,1.543437,-0.166896
2186,1172816921,-0.597659,0.507386,0.394385,-0.479431,-0.441198,1.465932,-0.240429
2187,1172850255,-0.606636,0.516684,0.381651,-0.468406,-0.380598,0.772943,-0.154387
2188,1172883589,-0.616407,0.527730,0.366934,-0.454900,-0.077477,-0.564650,0.142525
2189,1172916923,-0.623406,0.534992,0.356187,-0.445321,0.164208,-0.773773,0.260973
2190,1172950257,-0.628320,0.538868,0.349077,-0.439331,0.397510,-0.691183,0.219187
2191,1172983591,-0.631391,0.541199,0.344004,-0.436052,0.351249,-0.584313,0.064122
2192,1173016925,-0.632978,0.543292,0.340009,-0.434279,0.386735,-0.100090,-0.100954
2193,1173050259,-0.633726,0.545388,0.336990,-0.432911,-0.030207,0.099533,0.062703
2194,1173083593,-0.635130,0.547636,0.333750,-0.430519,-0.315022,0.272316,0.106265
2195,1173116927,-0.638194,0.550768,0.328640,-0.425900,-0.235826,0.253856,0.021452
2196,1173150261,-0.642645,0.555266,0.320586,-0.419455,-0.003168,0.036089,0.144779
2197,1173183595,-0.648325,0.560703,0.309151,-0.412000,0.253470,0.055315,0.109026
2198,1173216929,-0.655550,0.567001,0.294794,-0.402357,0.185528,0.292411,0.323014
2199,1173250263,-0.665553,0.572284,0.278986,-0.389523,0.068554,-0.243404,0.334249
2200,1173283597,-0.676464,0.575372,0.264668,-0.375932,0.254480,-0.368144,-0.345790
2201,1173316931,-0.684216,0.577510,0.255014,-0.365142,-0.226295,-0.373534,-0.257614
2202,1173350265,-0.687511,0.578995,0.250605,-0.359612,-0.067716,-0.607851,0.076863
2203,1173383599,-0.687424,0.579530,0.249994,-0.359341,0.299706,-0.496207,0.169650
2204,1173416933,-0.685730,0.579340,0.250587,-0.362458,0.393525,-0.478095,-0.052143
2205,1173450267,-0.683282,0.578434,0.252507,-0.367167,0.229926,-0.314279,-0.141986
2206,1173483601,-0.680480,0.576979,0.255720,-0.372398,-0.087078,-0.054359,0.160255
2207,1173516935,-0.678638,0.575333,0.258236,-0.376546,-0.127385,0.236372,0.200600
2208,1173550269,-0.678427,0.574733,0.257811,-0.378132,-0.033023,0.450429,0.151922
2209,1173583603,-0.679667,0.575952,0.253823,-0.376745,0.075736,0.270256,-0.071414
2210,1173616937,-0.681500,0.578267,0.248418,-0.373476,0.073078,-0.153604,-0.107437
2211,1173650271,-0.683044,0.580109,0.244155,-0.370598,0.042383,-0.468673,-0.194120
2212,1173683605,-0.683889,0.580603,0.241816,-0.369800,-0.070916,-0.483191,-0.091806
2213,1173716939,-0.683959,0.579733,0.240758,-0.371719,-0.049126,-0.488898,0.021054
2214,1173750273,-0.684693,0.578221,0.239613,-0.373461,-0.135548,-0.504729,0.107855
2215,1173783607,-0.686513,0.576942,0.237535,-0.373424,-0.017311,-0.497893,0.202321
2216,1173816941,-0.688252,0.576050,0.234544,-0.373491,0.107392,-0.591932,0.074250
2217,1173850275,-0.688793,0.575672,0.231387,-0.375042,0.118836,-0.559247,-0.046762
2218,1173883609,-0.687843,0.575788,0.228544,-0.378336,0.084355,-0.552056,0.001933
2219,1173916943,-0.685409,0.575577,0.227579,-0.383620,0.070486,-0.526523,0.156890
2220,1173950277,-0.681742,0.574046,0.230063,-0.390897,-0.065580,-0.454201,0.041225
2221,1173983611,-0.677251,0.571534,0.235472,-0.399078,-0.234330,-0.310002,-0.032375
2222,1174016945,-0.672721,0.568607,0.242356,-0.406726,-0.253606,-0.358762,0.086344
2223,1174050279,-0.668311,0.564980,0.250277,-0.414188,-0.177396,-0.505029,0.216007
2224,1174083613,-0.664061,0.560561,0.258339,-0.422003,0.013607,-0.602364,0.235021
2225,1174116947,-0.659845,0.555677,0.265625,-0.430468,0.123611,-0.604770,0.184267
2226,1174150281,-0.655734,0.550960,0.271170,-0.439265,0.143072,-0.450885,0.238012
2227,1174183615,-0.652158,0.547150,0.273855,-0.447605,0.292055,-0.427687,0.243505
2228,1174216949,-0.648128,0.543299,0.275581,-0.456993,0.337177,-0.375553,0.095571
2229,1174250283,-0.642793,0.538010,0.278756,-0.468710,0.451651,-0.305180,0.219706
2230,1174283617,-0.638374,0.533451,0.280936,-0.478554,0.528178,-0.153724,0.674645
2231,1174316951,-0.633477,0.528016,0.283347,-0.489542,0.294031,0.024473,0.460565
2232,1174350285,-0.627653,0.521183,0.286475,-0.502376,0.481228,-0.047592,-0.169951
2233,1174383619,-0.617360,0.511992,0.295644,-0.518995,1.380482,-0.260091,-0.837163
2234,1174416953,-0.596802,0.495403,0.319017,-0.544667,0.945337,-0.560813,-0.177564
2235,1174450287,-0.570163,0.471863,0.348123,-0.575413,0.451984,0.558791,0.318695
2236,1174483621,-0.546878,0.450610,0.369553,-0.601113,-0.096065,0.926007,0.169202
2237,1174516955,-0.530695,0.435880,0.380933,-0.619106,-0.499606,0.813049,0.124381
2238,1174550289,-0.522384,0.428780,0.383379,-0.629535,-0.458644,0.635873,-0.018908
2239,1174583623,-0.519594,0.427290,0.379764,-0.635025,-0.161547,0.436473,-0.103913
2240,1174616957,-0.518632,0.427601,0.374052,-0.638979,-0.118386,0.680341,-0.206819
2241,1174650291,-0.518642,0.429014,0.367677,-0.641718,-0.165233,0.906003,-0.357080
2242,1174683625,-0.518997,0.431373,0.362200,-0.642963,-0.296507,1.014211,-0.396740
2243,1174716959,-0.520660,0.435616,0.357389,-0.641448,-0.488268,1.124428,-0.471033
2244,1174750293,-0.524965,0.443817,0.352003,-0.635266,-0.357194,1.124390,-0.563609
2245,1174783627,-0.530403,0.455029,0.347950,-0.624966,-0.019887,0.680188,-0.473260
2246,1174816961,-0.535018,0.465678,0.347418,-0.613378,0.272291,0.099576,-0.187443
2247,1174850295,-0.537886,0.472479,0.350918,-0.603597,0.319834,-0.283499,0.133013
2248,1174883629,-0.539622,0.475262,0.356414,-0.596602,0.262205,-0.420865,0.247003
2249,1174916963,-0.541444,0.476172,0.361013,-0.591439,0.038290,-0.313997,0.181148
2250,1174950297,-0.544841,0.478173,0.361703,-0.586260,0.072099,-0.209318,0.261648
2251,1174983631,-0.550060,0.482034,0.357843,-0.580566,0.235840,-0.258650,0.382299
2252,1175016965,-0.555338,0.486724,0.351462,-0.575504,0.484091,-0.358745,0.284636
2253,1175050299,-0.558932,0.490595,0.345531,-0.572320,0.411925,-0.229362,0.166485
2254,1175083633,-0.561038,0.493693,0.340510,-0.570603,0.285418,-0.164393,0.056599
2255,1175116967,-0.562801,0.496539,0.335766,-0.569207,0.042433,0.056918,0.083857
2256,1175150301,-0.565227,0.499625,0.330516,-0.567172,-0.134084,0.067853,0.082018
2257,1175183635,-0.568781,0.502999,0.324545,-0.564076,-0.261429,0.022998,0.095301
2258,1175216969,-0.573189,0.506374,0.318116,-0.560244,-0.410119,0.037338,0.279263
2259,1175250303,-0.578324,0.509382,0.311243,-0.556085,-0.469914,0.096565,0.407201
2260,1175283637,-0.584639,0.512333,0.302970,-0.551318,-0.492828,0.277459,0.209162
2261,1175316971,-0.593041,0.516672,0.291843,-0.544253,-0.398828,0.377740,0.066355
2262,1175350305,-0.603008,0.522340,0.278323,-0.534891,-0.204328,0.332415,-0.082448
2263,1175383639,-0.613936,0.528901,0.263295,-0.523501,-0.070504,0.240168,-0.198611
2264,1175416973,-0.625529,0.536197,0.247090,-0.510082,-0.105564,0.345143,-0.213916
2265,1175450307,-0.637840,0.544611,0.229084,-0.494075,-0.123500,0.263213,-0.194429
2266,1175483641,-0.650331,0.553754,0.210026,-0.475757,-0.013023,0.055548,-0.143229
2267,1175516975,-0.662140,0.562209,0.192407,-0.456621,0.173298,-0.318870,0.011084
2268,1175550309,-0.672069,0.567883,0.179853,-0.439904,0.251751,-0.605552,0.104085
2269,1175583643,-0.679771,0.570014,0.173809,-0.427571,0.315946,-0.729833,0.133991
2270,1175616977,-0.685236,0.569464,0.173336,-0.419700,0.273510,-0.497370,0.031141
2271,1175650311,-0.689296,0.568583,0.174648,-0.413659,0.329533,-0.402416,0.082634
2272,1175683645,-0.692369,0.568353,0.175596,-0.408408,0.295203,-0.342550,0.003992
2273,1175716979,-0.694795,0.569522,0.174904,-0.402919,0.248922,-0.503930,0.114680
2274,1175750313,-0.696559,0.571475,0.173122,-0.397846,0.168743,-0.628586,0.150973
2275,1175783647,-0.697896,0.573686,0.170374,-0.393483,0.031192,-0.901324,0.171195
2276,1175816981,-0.698442,0.575416,0.167806,-0.391084,-0.042375,-0.885718,0.209608
2277,1175850315,-0.698008,0.575628,0.167009,-0.391887,-0.029410,-0.876375,0.221679
2278,1175883649,-0.696885,0.574210,0.168438,-0.395339,-0.057679,-0.530770,0.120912
2279,1175916983,-0.695452,0.572219,0.170693,-0.399759,-0.007047,-0.177402,0.055498
2280,1175950317,-0.694046,0.570501,0.172478,-0.403870,0.023464,-0.008869,0.034849
2281,1175983651,-0.692622,0.569246,0.173835,-0.407488,0.038874,0.046744,0.046103
2282,1176016985,-0.691260,0.568202,0.175258,-0.410635,-0.035483,0.076025,0.005971
2283,1176050319,-0.690046,0.567554,0.176624,-0.412982,-0.079392,0.126010,-0.049398
2284,1176083653,-0.689240,0.567448,0.177587,-0.414060,-0.080931,0.042927,-0.020780
2285,1176116987,-0.688730,0.567411,0.178612,-0.414517,-0.013328,-0.109047,0.034161
2286,1176150321,-0.688276,0.566931,0.180320,-0.415188,0.092235,-0.183403,0.082523
2287,1176183655,-0.687566,0.565941,0.182916,-0.416576,0.171513,-0.120794,0.102863
2288,1176216989,-0.686480,0.564781,0.185974,-0.418584,0.169829,-0.104453,0.055120
2289,1176250323,-0.685102,0.563591,0.189091,-0.421041,0.212900,-0.016360,0.057444
2290,1176283657,-0.683503,0.562326,0.192241,-0.423895,0.097655,0.061916,0.012240