sep=,
DeviceTag:,D_Wrist
FirmwareVersion:,2.2.1
AppVersion:,2023.6.0
SyncStatus:,Synced
OutputRate:,30Hz
FilterProfile:,General
Measurement Mode:,Sensor fusion Mode - Complete(Quaternion)
StartTime: ,2026-09-07_16:57:39_799 AEST
© Movella Technologies B. V. 2005-2026

PacketCounter,SampleTimeFine,Quat_W,Quat_X,Quat_Y,Quat_Z,FreeAcc_X,FreeAcc_Y,FreeAcc_Z
1,2857395160,-0.111535,0.482446,0.004687,0.868785,0.394464,-0.264452,0.020532
2,2857428494,-0.117726,0.477010,0.005715,0.870961,0.272363,-0.113169,-0.007044
3,2857461828,-0.123513,0.472110,0.007269,0.872816,0.360509,0.107164,0.145614
4,2857495162,-0.128089,0.467955,0.007633,0.874389,0.476913,0.491484,0.084960
5,2857528496,-0.131751,0.464763,0.007052,0.875552,0.449545,-0.035293,0.058702
6,2857561830,-0.134945,0.462116,0.005761,0.876475,0.436162,0.089240,0.117732
7,2857595164,-0.138600,0.459502,0.005651,0.877279,0.117064,-0.871937,-0.159405
8,2857628498,-0.142177,0.456805,0.005849,0.878114,0.474756,-0.469938,0.128457
9,2857661832,-0.143486,0.453580,0.005438,0.879574,1.084932,-0.160934,0.253743
10,2857695166,-0.141674,0.450633,0.004403,0.881387,0.845823,0.034217,0.172412
11,2857728500,-0.137280,0.449264,0.003605,0.882783,0.692090,-0.012982,0.285783
12,2857761834,-0.132014,0.448772,0.004161,0.883834,0.854111,-0.247523,0.116276
13,2857795168,-0.128579,0.448901,0.006471,0.884261,0.790111,-0.314096,-0.061643
14,2857828502,-0.126985,0.448749,0.010754,0.884526,0.941326,-0.810695,0.402028
15,2857861836,-0.125449,0.449161,0.014199,0.884488,0.349032,0.357385,-0.060504
16,2857895170,-0.123285,0.449090,0.019594,0.884725,0.555133,-0.821531,0.049284
17,2857928504,-0.116771,0.448692,0.022209,0.885748,0.414317,-0.153868,0.243620
18,2857961838,-0.108189,0.449136,0.025660,0.886519,-0.094987,0.732544,-0.355392
19,2857995172,-0.098757,0.449872,0.032482,0.887023,0.041170,0.261302,-0.139618
20,2858028506,-0.086418,0.451937,0.037247,0.887075,-0.831977,1.094105,-0.255776
21,2858061840,-0.074310,0.456459,0.044191,0.885536,0.087536,0.384419,0.621422
22,2858095174,-0.061719,0.462812,0.050302,0.882875,0.613602,0.171663,0.840481
23,2858128508,-0.050076,0.471720,0.055524,0.878575,-0.069302,-0.013307,0.068415
24,2858161842,-0.041907,0.481163,0.063866,0.873299,0.552357,-0.239619,0.397192
25,2858195176,-0.039141,0.489346,0.077388,0.867769,-0.358376,-0.247707,-0.439529
26,2858228510,-0.037014,0.497037,0.088108,0.862453,-0.983865,0.050543,-0.292809
27,2858261844,-0.033063,0.503555,0.094413,0.858154,-1.150059,-0.217553,-0.417980
28,2858295178,-0.027434,0.508605,0.095369,0.855264,-0.465022,-0.090316,-0.450626
29,2858328512,-0.022623,0.511936,0.096082,0.853335,0.203391,-0.768603,-0.349248
30,2858361846,-0.019683,0.514030,0.097579,0.851979,0.169745,0.189501,0.515102
31,2858395180,-0.015636,0.514798,0.096761,0.851692,0.166226,0.101680,0.378717
32,2858428514,-0.010843,0.514241,0.093871,0.852426,0.946134,-0.248796,0.254196
33,2858461848,-0.006262,0.512939,0.091793,0.853482,0.196461,-0.164569,-0.181302
34,2858495182,-0.001574,0.511471,0.090097,0.854565,0.724823,0.630548,0.681500
35,2858528516,0.002488,0.510227,0.090368,0.855277,0.416472,-0.177708,0.125701
36,2858561850,0.005367,0.509070,0.092025,0.855776,0.960262,-0.188340,0.452012
37,2858595184,0.007195,0.507588,0.094893,0.856330,0.226421,-0.336427,-0.131733
38,2858628518,0.008546,0.506421,0.097161,0.856755,0.456078,-0.316354,0.377289
39,2858661852,0.010389,0.504273,0.096455,0.858080,0.054726,-0.601683,-0.492076
40,2858695186,0.010687,0.501503,0.095147,0.859844,0.594058,-0.619067,0.124552
41,2858728520,0.009685,0.498437,0.094084,0.861753,0.262644,-0.139894,-0.481720
42,2858761854,0.007777,0.494746,0.093085,0.864005,0.803552,-0.314422,0.362611
43,2858795188,0.004989,0.490458,0.091791,0.866605,0.572595,0.018994,0.014071
44,2858828522,0.001250,0.485103,0.090574,0.869754,1.297525,0.028955,0.523087
45,2858861856,-0.002162,0.478530,0.088878,0.873561,0.671801,0.070848,0.186579
46,2858895190,-0.006001,0.472019,0.085720,0.877392,0.132228,0.678919,0.050133
47,2858928524,-0.008971,0.464737,0.079978,0.881786,0.094937,-0.223652,0.256232
48,2858961858,-0.010391,0.459069,0.071890,0.885428,-0.447210,0.747643,-0.108368
49,2858995192,-0.012801,0.457676,0.066233,0.886558,-0.616514,-0.025594,1.004128
50,2859028526,-0.017934,0.458458,0.065208,0.886141,-0.690187,0.958977,0.493587
51,2859061860,-0.026475,0.459978,0.070089,0.884766,0.358300,-0.321138,0.740428
52,2859095194,-0.036113,0.460148,0.076997,0.883762,-0.319629,-0.507879,-0.608976
53,2859128528,-0.045544,0.459984,0.081170,0.883038,-1.139650,0.287516,0.140762
54,2859161862,-0.050721,0.458523,0.079302,0.883685,-1.598250,0.629519,-0.226460
55,2859195196,-0.053055,0.458007,0.075003,0.884190,-0.514431,0.196109,0.101719
56,2859228530,-0.053541,0.457779,0.072066,0.884524,0.705478,-0.345277,0.315032
57,2859261864,-0.055642,0.458066,0.070516,0.884370,0.397321,1.304482,0.026146
58,2859295198,-0.057594,0.458193,0.070048,0.884216,0.237441,0.183100,0.266917
59,2859328532,-0.058531,0.458169,0.069070,0.884244,-0.005013,0.443169,-0.113401
60,2859361866,-0.058359,0.457695,0.068567,0.884540,0.091323,0.298065,-0.057735
61,2859395200,-0.057867,0.457493,0.069307,0.884619,0.067507,0.117735,-0.091522
62,2859428534,-0.056843,0.455758,0.069655,0.885554,0.488526,-0.602135,0.422250
63,2859461868,-0.057450,0.454536,0.072509,0.885913,-0.271715,0.102347,-0.171971
64,2859495202,-0.057948,0.451694,0.074742,0.887148,0.397704,0.176409,0.415852
65,2859528536,-0.059785,0.447101,0.077142,0.889145,0.161721,-0.022928,-0.185241
66,2859561870,-0.061888,0.442439,0.077607,0.891290,0.667319,-1.563478,1.136895
67,2859595204,-0.068682,0.440050,0.085662,0.891237,-0.756485,1.261695,1.034376
68,2859628538,-0.076025,0.440156,0.095791,0.889556,-0.154912,-0.241468,1.335930
69,2859661872,-0.080888,0.441918,0.105076,0.887203,0.736199,1.006686,0.318872
70,2859695206,-0.086313,0.446354,0.118890,0.882716,0.319301,0.934267,-0.702691
71,2859728540,-0.085244,0.453791,0.128596,0.877652,0.556331,1.795442,-0.151891
72,2859761874,-0.079003,0.461844,0.134590,0.873125,-0.195351,0.529766,-0.707882
73,2859795208,-0.072306,0.468150,0.139384,0.869588,-0.393825,0.253662,0.539366
74,2859828542,-0.065310,0.471984,0.143143,0.867455,-0.895086,-0.144310,0.397491
75,2859861876,-0.060219,0.476088,0.149456,0.864512,-0.849161,0.019613,0.404847
76,2859895210,-0.054898,0.478829,0.152919,0.862744,-0.753272,0.072206,0.286006
77,2859928544,-0.050298,0.481612,0.152024,0.861633,-1.676798,-0.210828,-0.321160
78,2859961878,-0.049029,0.484117,0.148589,0.860902,-0.558891,0.914488,1.066598
79,2859995212,-0.048703,0.484063,0.141622,0.862124,0.534040,0.283668,0.827519
80,2860028546,-0.050393,0.482335,0.134351,0.864157,0.961356,-1.011018,0.099247
81,2860061880,-0.051722,0.479764,0.127718,0.866512,0.533753,-0.796603,-0.888907
82,2860095214,-0.051774,0.477664,0.121451,0.868567,1.088039,-0.749642,-0.651483
83,2860128548,-0.051818,0.475143,0.116783,0.870585,0.839527,-0.915864,-0.537883
84,2860161882,-0.054158,0.472051,0.112668,0.872665,0.739434,0.402860,-0.040201
85,2860195216,-0.059649,0.468204,0.109183,0.874820,-0.135594,-0.243064,-0.388732
86,2860228550,-0.064649,0.464079,0.103022,0.877406,3.110102,-5.435863,1.479658
87,2860261884,-0.057473,0.454802,0.081851,0.884961,1.739907,1.226256,-1.474411
88,2860295218,-0.065931,0.449431,0.079237,0.887350,-0.565665,-0.162810,-2.378218
89,2860328552,-0.071630,0.444221,0.068067,0.890453,-0.495260,-0.483088,-0.309789
90,2860361886,-0.076467,0.441224,0.053358,0.892542,-0.811635,0.666383,0.979731
91,2860395220,-0.084206,0.440694,0.041313,0.892746,-0.167928,1.797026,2.151213
92,2860428554,-0.095145,0.441302,0.034248,0.891645,0.640944,2.647455,2.197932
93,2860461888,-0.105614,0.442110,0.033160,0.890106,-0.736977,1.424493,-0.264635
94,2860495222,-0.116581,0.443155,0.039097,0.887974,-1.063841,0.123534,0.190818
95,2860528556,-0.124080,0.444742,0.039211,0.886157,-2.575304,1.198689,-0.513263
96,2860561890,-0.122081,0.445740,0.026260,0.886412,-0.733294,-0.625558,0.656221
97,2860595224,-0.115138,0.445909,0.009890,0.887589,0.340905,0.954831,0.307372
98,2860628558,-0.106890,0.445924,-0.003290,0.888661,0.792257,0.209349,-0.636168
99,2860661892,-0.103100,0.445534,-0.005081,0.889296,0.643016,-0.599781,-1.021937
100,2860695226,-0.104327,0.444668,0.002438,0.889598,-0.447607,-1.023952,-0.775463
101,2860728560,-0.106626,0.443880,0.009593,0.889670,-0.847580,-0.540068,0.162416
102,2860761894,-0.106484,0.442586,0.013266,0.890284,-0.140275,-0.218306,-0.261017
103,2860795228,-0.102034,0.440601,0.014807,0.891765,0.128227,0.781270,0.275481
104,2860828562,-0.096316,0.438543,0.016154,0.893390,-0.136249,1.168892,-0.071488
105,2860861896,-0.089365,0.436805,0.016891,0.894949,0.577879,2.000359,0.942203
106,2860895230,-0.081658,0.435042,0.020446,0.896469,-0.511079,-0.844081,0.336716
107,2860928564,-0.073087,0.434309,0.022463,0.897515,0.317029,0.954868,1.259964
108,2860961898,-0.064148,0.433032,0.025156,0.898743,0.395834,1.442496,0.449938
109,2860995232,-0.053586,0.432273,0.029234,0.899676,-0.702358,-0.516931,-0.710704
110,2861028566,-0.040321,0.434748,0.030570,0.899131,-1.144333,0.818045,1.061267
111,2861061900,-0.026943,0.440041,0.025862,0.897202,0.272040,1.897601,0.974125
112,2861095234,-0.016565,0.444162,0.024052,0.895472,1.341251,-1.095391,-0.181947
113,2861128568,-0.011353,0.446654,0.032932,0.894030,-0.054187,-1.286980,-1.155905
114,2861161902,-0.011261,0.449749,0.047932,0.891799,-1.297270,-1.298684,-0.661977
115,2861195236,-0.013116,0.452666,0.062627,0.889383,-1.606275,-0.446935,0.016553
116,2861228570,-0.014103,0.454475,0.072444,0.887699,-0.758673,-0.159735,0.047965
117,2861261904,-0.012988,0.455980,0.077259,0.886537,-0.829302,0.037998,-1.356157
118,2861295238,-0.014933,0.459190,0.081817,0.884438,0.454538,0.999477,-0.559468
119,2861328572,-0.022645,0.462606,0.094690,0.881204,0.206459,-1.017826,0.337705
120,2861361906,-0.034240,0.465967,0.107054,0.877636,0.718909,-1.945923,0.377041
121,2861395240,-0.043686,0.466891,0.114869,0.875735,0.917463,-2.473061,0.674972
122,2861428574,-0.050565,0.466834,0.116073,0.875237,-0.327447,-0.318218,-0.104800
123,2861461908,-0.054732,0.465243,0.112940,0.876243,-0.106316,-0.710117,-0.798607
124,2861495242,-0.060622,0.463260,0.111632,0.877073,0.094681,0.160993,-0.781556
125,2861528576,-0.069082,0.459996,0.115478,0.877667,0.117354,-0.843767,-0.731794
126,2861561910,-0.079176,0.456829,0.118476,0.878069,-0.061769,0.943944,0.384149
127,2861595244,-0.090126,0.452427,0.118436,0.879297,-0.043080,-0.323776,-0.743921
128,2861628578,-0.098576,0.448024,0.113640,0.881276,0.087963,0.227425,0.079486
129,2861661912,-0.106400,0.443804,0.106178,0.883429,0.191702,-0.565868,0.154031
130,2861695246,-0.112249,0.440351,0.097482,0.885433,-0.416286,0.145195,0.514038
131,2861728580,-0.116531,0.438481,0.085867,0.887009,-0.784036,0.584594,1.408394
132,2861761914,-0.118248,0.439885,0.067631,0.887664,-1.021312,1.476307,3.096027
133,2861795248,-0.118631,0.442164,0.048530,0.887731,0.793591,0.356039,1.720740
134,2861828582,-0.122863,0.442198,0.040421,0.887544,0.911745,-0.492183,-0.773686
135,2861861916,-0.131701,0.441331,0.044670,0.886504,-0.801426,-1.358493,-1.556560
136,2861895250,-0.136184,0.439608,0.047722,0.886524,-0.838574,-2.220186,-0.511065
137,2861928584,-0.133573,0.438203,0.042326,0.887890,-1.947067,0.280735,0.095850
138,2861961918,-0.126481,0.438202,0.033444,0.889307,-1.835729,0.374741,0.919967
139,2861995252,-0.118425,0.439847,0.024928,0.889884,0.103619,2.316170,0.932487
140,2862028586,-0.115412,0.441308,0.024531,0.889567,1.570181,1.962927,0.047403
141,2862061920,-0.114360,0.443014,0.026372,0.888802,1.162621,-0.087733,-0.149414
142,2862095254,-0.111566,0.444521,0.028087,0.888352,-0.168450,-1.121813,-0.411687
143,2862128588,-0.108234,0.446296,0.028893,0.887848,-0.332138,-0.300191,-0.014626
144,2862161922,-0.104782,0.448221,0.030426,0.887241,-0.186745,0.078248,-0.045317
145,2862195256,-0.101383,0.450189,0.030194,0.886647,0.209156,0.398539,-0.138718
146,2862228590,-0.097201,0.452307,0.026560,0.886154,0.883193,0.895268,0.171360
147,2862261924,-0.093456,0.454462,0.025932,0.885472,-0.082057,-1.075495,-0.266631
148,2862295258,-0.088684,0.457754,0.022681,0.884356,0.513147,-0.303703,0.755535
149,2862328592,-0.081361,0.461359,0.015819,0.883336,-0.401197,-0.088697,0.030403
150,2862361926,-0.072723,0.465508,0.007107,0.882024,0.090454,-0.142300,0.781198
151,2862395260,-0.063970,0.470066,0.001656,0.880310,0.019708,0.809072,0.864262
152,2862428594,-0.052797,0.473592,-0.003484,0.879155,-0.403634,-0.570632,0.210551
153,2862461928,-0.038708,0.477747,-0.010021,0.877589,-0.982555,-0.518162,0.422274
154,2862495262,-0.021274,0.482613,-0.021734,0.875307,-0.342064,1.678698,0.399601
155,2862528596,-0.000250,0.487904,-0.036411,0.872140,0.419564,1.397059,0.646124
156,2862561930,0.018673,0.493388,-0.047881,0.868292,1.576379,0.837850,-0.036249
157,2862595264,0.030589,0.496937,-0.047651,0.865939,1.356584,-1.706333,-0.241284
158,2862628598,0.037955,0.498773,-0.040279,0.864966,-0.298675,-2.135454,-0.578519
159,2862661932,0.041813,0.499427,-0.034531,0.864659,-0.150755,0.136346,-0.739923
160,2862695266,0.043887,0.498706,-0.028558,0.865190,0.457153,-0.821477,0.722661
161,2862728600,0.048920,0.498160,-0.024822,0.865350,-0.991270,0.355279,-0.177603
162,2862761934,0.056554,0.496976,-0.021279,0.865660,-0.202312,-0.627413,0.032217
163,2862795268,0.065396,0.496370,-0.021185,0.865387,-0.678645,0.233136,-0.920623
164,2862828602,0.071286,0.496303,-0.021707,0.864947,-0.266217,-1.211292,-0.001019
165,2862861936,0.075305,0.496137,-0.022561,0.864680,-0.694923,-1.277941,-0.318494
166,2862895270,0.080759,0.494257,-0.031640,0.864980,-1.237441,-0.895536,-0.265816
167,2862928604,0.088796,0.490266,-0.051629,0.865501,0.274691,-0.452585,-0.686127
168,2862961938,0.093254,0.486825,-0.067371,0.865893,0.762028,0.091304,0.425629
169,2862995272,0.095223,0.483251,-0.079090,0.866689,-0.060828,-0.144964,-0.170564
170,2863028606,0.095874,0.479614,-0.088699,0.867707,-0.187776,-0.302411,0.018365
171,2863061940,0.094788,0.475405,-0.098400,0.869095,0.226460,0.608095,-0.235765
172,2863095274,0.092508,0.470468,-0.105755,0.871161,0.240676,0.442603,-0.082341
173,2863128608,0.090780,0.465146,-0.113363,0.873242,-0.440690,0.513101,0.023534
174,2863161942,0.090842,0.459013,-0.122302,0.875271,0.054289,-0.359330,0.397803
175,2863195276,0.091449,0.453898,-0.131153,0.876593,0.718427,1.079759,1.231797
176,2863228610,0.093006,0.450777,-0.139725,0.876715,1.660818,0.790243,2.302279
177,2863261944,0.093741,0.449922,-0.146389,0.875989,0.830589,0.117711,0.974185
178,2863295278,0.090872,0.451797,-0.147786,0.875091,-0.206524,-0.491259,0.613217
179,2863328612,0.084553,0.453868,-0.142718,0.875494,-0.795393,-0.696325,-1.121420
180,2863361946,0.077907,0.455732,-0.133954,0.876526,-0.658110,0.375365,-0.480536
181,2863395280,0.075251,0.455512,-0.129782,0.877500,-0.613297,1.338660,-0.149253
182,2863428614,0.078067,0.453801,-0.130481,0.878036,0.409996,0.813164,-0.765125
183,2863461948,0.082915,0.452775,-0.128820,0.878367,0.598860,1.264281,1.037495
184,2863495282,0.087306,0.452689,-0.126366,0.878342,-0.135388,0.833969,0.278461
185,2863528616,0.089064,0.453514,-0.119772,0.878664,-0.035432,-1.347189,-0.082051
186,2863561950,0.091103,0.454592,-0.113414,0.878742,-1.113467,-1.136340,0.351072
187,2863595284,0.093552,0.454849,-0.109684,0.878825,-0.521468,-0.364684,0.186332
188,2863628618,0.096822,0.455030,-0.106334,0.878789,-0.096378,0.130139,0.155650
189,2863661952,0.100950,0.454430,-0.105003,0.878795,0.120539,-0.019588,-0.405087
190,2863695286,0.107072,0.453500,-0.104376,0.878625,0.065387,-0.555776,-0.116337
191,2863728620,0.113246,0.453541,-0.104830,0.877776,1.073455,0.789923,0.822937
192,2863761954,0.119427,0.453756,-0.102841,0.877080,0.802770,-0.690976,0.631724
193,2863795288,0.125295,0.454586,-0.099612,0.876204,-0.049819,-0.031741,0.077327
194,2863828622,0.131554,0.455588,-0.096061,0.875162,-1.018363,-1.065025,0.440852
195,2863861956,0.140633,0.455432,-0.098084,0.873606,-0.783878,0.384343,-0.261371
196,2863895290,0.148268,0.455820,-0.099990,0.871923,-0.061522,-0.012423,-0.116997
197,2863928624,0.157565,0.456485,-0.100124,0.869927,-0.047201,0.074931,0.554740
198,2863961958,0.168919,0.457545,-0.102958,0.866904,0.156030,1.676182,-0.067458
199,2863995292,0.178810,0.461766,-0.104432,0.862494,0.920540,1.974704,0.592851
200,2864028626,0.187116,0.468862,-0.102814,0.857082,1.093058,0.163323,1.711830
201,2864061960,0.194036,0.475428,-0.102370,0.851964,-0.728225,-0.641025,0.407514
202,2864095294,0.198797,0.481247,-0.103025,0.847508,-1.177154,-0.278498,-1.343257
203,2864128628,0.198401,0.488290,-0.097305,0.844242,-0.664338,-0.286339,-1.064141
204,2864161962,0.198311,0.493864,-0.089879,0.841841,-0.854341,-0.615245,-0.290267
205,2864195296,0.204066,0.495418,-0.089222,0.839619,-0.563839,0.746827,-0.130152
206,2864228630,0.212722,0.494429,-0.092763,0.837668,0.179062,1.297414,0.141768
207,2864261964,0.221828,0.493246,-0.097177,0.835500,-0.080391,-0.358184,-0.020809
208,2864295298,0.230403,0.493013,-0.101324,0.832820,-0.049678,-0.793222,0.398106
209,2864328632,0.235967,0.493330,-0.105114,0.830602,0.072872,-1.176972,-0.163325
210,2864361966,0.238040,0.493376,-0.108489,0.829548,0.463579,-1.030829,0.313564
211,2864395300,0.238950,0.492055,-0.111715,0.829644,-0.691713,-0.680160,-0.238385
212,2864428634,0.239686,0.489342,-0.117084,0.830295,-0.727114,-1.294657,-0.102337
213,2864461968,0.244115,0.483445,-0.126165,0.831129,-0.056101,0.048136,-0.552111
214,2864495302,0.250370,0.475662,-0.136990,0.832044,0.040477,-0.209334,-0.454097
215,2864528636,0.255627,0.467600,-0.146576,0.833381,1.193873,0.371993,-0.042524
216,2864561970,0.257994,0.459822,-0.153869,0.835662,-0.276915,-0.755120,0.301442
217,2864595304,0.258094,0.451210,-0.163029,0.838584,0.475101,-0.246437,-0.137966
218,2864628638,0.257061,0.443632,-0.170517,0.841450,0.626154,-0.327010,0.640663
219,2864661972,0.256316,0.436867,-0.178005,0.843663,0.023268,0.540410,-0.034576
220,2864695306,0.254907,0.431691,-0.184344,0.845391,0.888939,0.320525,0.723795
221,2864728640,0.253732,0.427392,-0.190431,0.846579,0.569982,0.451958,1.330483
222,2864761974,0.252204,0.424523,-0.196532,0.847084,0.261555,0.220828,0.950702
223,2864795308,0.249427,0.424026,-0.201072,0.847090,0.112679,-0.164740,-0.318718
224,2864828642,0.243843,0.425184,-0.201393,0.848059,-0.735230,0.036866,-0.100709
225,2864861976,0.236249,0.427518,-0.197042,0.850055,-0.502010,0.582618,-0.419141
226,2864895310,0.227622,0.429353,-0.191772,0.852685,-0.054604,1.234032,0.134622
227,2864928644,0.222818,0.429030,-0.189429,0.854638,-0.036281,1.631021,-0.193926
228,2864961978,0.221888,0.428722,-0.185996,0.855788,0.684165,1.563745,0.207053
229,2864995312,0.224137,0.429488,-0.180391,0.856017,0.559528,0.869205,-0.117693
230,2865028646,0.225239,0.432061,-0.172447,0.856070,0.694815,0.761560,0.289833
231,2865061980,0.223443,0.436027,-0.160995,0.856760,-0.766459,-0.784882,-0.524243
232,2865095314,0.219318,0.439211,-0.149612,0.858262,0.277871,-1.011814,0.314364
233,2865128648,0.216294,0.440238,-0.140773,0.859996,-0.644154,-0.833878,-0.160533
234,2865161982,0.214340,0.439569,-0.133876,0.861927,-0.350142,-0.994906,-0.036001
235,2865195316,0.214328,0.437844,-0.131646,0.863150,0.334363,0.031614,0.638192
236,2865228650,0.216708,0.434620,-0.133207,0.863946,1.095092,0.125978,0.664672
237,2865261984,0.221459,0.431230,-0.135645,0.864061,-0.334526,-0.288785,0.163958
238,2865295318,0.225649,0.429420,-0.139004,0.863343,0.103882,0.185577,-0.638130
239,2865328652,0.228524,0.429209,-0.140073,0.862520,0.674024,-0.432927,0.091697
240,2865361986,0.230836,0.430854,-0.138430,0.861348,0.141377,-0.276436,0.832896
241,2865395320,0.233699,0.432615,-0.139278,0.859554,1.068081,0.471259,0.432271
242,2865428654,0.237555,0.434720,-0.137676,0.857692,-0.236319,-0.389392,0.786393
243,2865461988,0.243045,0.436569,-0.138669,0.855050,-0.303554,0.164488,0.069834
244,2865495322,0.251107,0.437650,-0.141785,0.851650,0.719968,-0.284596,0.424835
245,2865528656,0.261305,0.439170,-0.147314,0.846848,1.025510,1.162987,1.164942
246,2865561990,0.270696,0.442156,-0.153019,0.841315,0.249503,0.485739,-0.210229
247,2865595324,0.276544,0.446501,-0.154165,0.836897,0.174755,-0.705069,-0.591311
248,2865628658,0.281274,0.450854,-0.154857,0.832850,-0.863172,0.114150,-0.791101
249,2865661992,0.285323,0.453505,-0.156361,0.829746,-0.729689,0.102257,-0.072145
250,2865695326,0.288700,0.454702,-0.158162,0.827578,-0.807216,0.687278,0.077476
251,2865728660,0.292198,0.455147,-0.160526,0.825649,-0.750329,0.114514,-0.287961
252,2865761994,0.296854,0.454596,-0.164274,0.823552,0.060488,0.327653,-0.025824
253,2865795328,0.300469,0.454973,-0.167370,0.821407,0.471905,-0.442266,0.091888
254,2865828662,0.301702,0.456646,-0.168554,0.819782,0.495345,-0.619505,0.311336
255,2865861996,0.300081,0.459351,-0.167786,0.819023,-0.012552,-0.589134,1.111178
256,2865895330,0.297838,0.461590,-0.167759,0.818589,-0.130615,-0.068491,0.281695
257,2865928664,0.296943,0.462278,-0.169286,0.818211,-0.214678,0.476927,0.067641
258,2865961998,0.297232,0.461746,-0.173512,0.817521,-0.952633,0.171709,0.046793
259,2865995332,0.297936,0.460351,-0.178731,0.816927,0.404399,1.097251,-0.675797
260,2866028666,0.296538,0.458894,-0.183196,0.817266,-0.214887,-0.157827,-0.405550
261,2866062000,0.292519,0.457392,-0.184910,0.819168,0.203162,-0.705242,0.628949
262,2866095334,0.287818,0.453996,-0.188517,0.821896,1.286614,0.129832,-0.235589
263,2866128668,0.282632,0.449715,-0.190649,0.825550,0.596421,-0.713991,0.368349
264,2866162002,0.278421,0.443987,-0.196287,0.828753,0.370684,-0.147562,0.428345
265,2866195336,0.275822,0.437905,-0.203823,0.831036,0.617621,-0.136865,0.217078
266,2866228670,0.273332,0.433621,-0.208924,0.832836,-0.684640,-0.460020,0.754890
267,2866262004,0.272117,0.430644,-0.214988,0.833236,-0.534254,0.380236,0.470634
268,2866295338,0.272162,0.429607,-0.219545,0.832568,0.262477,-0.416154,1.157454
269,2866328672,0.271063,0.429096,-0.222799,0.832325,-0.209059,-0.374193,0.630495
270,2866362006,0.267550,0.429229,-0.223607,0.833176,-0.301098,0.524155,-0.941839
271,2866395340,0.261528,0.430852,-0.218974,0.835478,-0.922675,0.702099,-0.485650
272,2866428674,0.256266,0.432541,-0.213203,0.837726,-0.233925,1.400181,-0.707305
273,2866462008,0.254799,0.432925,-0.209835,0.838824,0.217621,0.888254,-0.068480
274,2866495342,0.257829,0.431479,-0.209535,0.838718,0.294646,1.136250,-0.322741
275,2866528676,0.262844,0.429796,-0.209469,0.838042,0.760786,0.029809,0.033070
276,2866562010,0.266954,0.429388,-0.207942,0.837332,-0.133302,0.427930,0.230666
277,2866595344,0.268873,0.429821,-0.205928,0.836994,0.182767,-0.363989,0.993770
278,2866628678,0.270522,0.430718,-0.203661,0.836556,-1.066318,0.163224,0.048904
279,2866662012,0.271566,0.431191,-0.202264,0.836313,-0.713112,0.152732,0.012730
280,2866695346,0.272614,0.431237,-0.203271,0.835704,1.295785,0.701467,-0.685165
281,2866728680,0.273075,0.431866,-0.201168,0.835737,0.200984,-0.487814,-0.131537
282,2866762014,0.275217,0.432716,-0.199195,0.835067,-0.150851,-0.331162,0.193556
283,2866795348,0.279607,0.433116,-0.197633,0.833772,-0.326812,-1.159018,0.527633
284,2866828682,0.285886,0.431758,-0.198141,0.832225,0.899564,-0.425556,1.125633
285,2866862016,0.294328,0.429155,-0.199795,0.830230,0.414370,-0.090185,0.279657
286,2866895350,0.303548,0.426864,-0.201327,0.827718,0.758317,0.082010,0.050625
287,2866928684,0.313142,0.425952,-0.200997,0.824688,-0.693684,-0.252766,-0.029716
288,2866962018,0.321585,0.426758,-0.199862,0.821291,-0.171633,0.219063,-0.245512
289,2866995352,0.329273,0.428036,-0.198896,0.817807,0.672984,0.002871,-0.085390
290,2867028686,0.335822,0.431829,-0.195600,0.813936,0.686336,0.168299,1.712461
291,2867062020,0.346653,0.434735,-0.196395,0.807632,0.630340,0.761409,1.484632
292,2867095354,0.357401,0.438616,-0.196750,0.800733,0.373603,0.719112,-0.239355
293,2867128688,0.364341,0.446248,-0.190091,0.794977,-1.839296,0.276890,-1.113264
294,2867162022,0.367573,0.453611,-0.184146,0.790709,-1.361707,1.392179,-0.794726
295,2867195356,0.370298,0.457638,-0.180316,0.787996,-0.253044,-0.696252,0.484515
296,2867228690,0.374683,0.458865,-0.180196,0.785231,-0.185382,0.829419,-0.531148
297,2867262024,0.380268,0.458165,-0.182972,0.782308,1.088605,0.335221,-0.194272
298,2867295358,0.383999,0.458519,-0.184573,0.779898,0.073040,0.003407,0.210038
299,2867328692,0.383449,0.461668,-0.183264,0.778618,0.258868,-0.906382,0.402168
300,2867362026,0.380933,0.465668,-0.180316,0.778160,-0.818754,-0.321841,0.116612
301,2867395360,0.378726,0.468348,-0.178916,0.777952,0.380281,-0.411297,0.181545
302,2867428694,0.377395,0.469822,-0.178529,0.777798,-0.051283,-0.443400,0.263862
303,2867462028,0.377631,0.469615,-0.179806,0.777515,1.127077,0.033129,-0.185956
304,2867495362,0.376577,0.469928,-0.179234,0.777969,-0.196002,-0.353764,0.021034
305,2867528696,0.374491,0.469345,-0.179404,0.779288,0.074952,0.176662,-0.473633
306,2867562030,0.372186,0.465925,-0.181505,0.781953,-0.221051,-0.944886,0.293226
307,2867595364,0.371604,0.459523,-0.186372,0.784868,0.524910,0.629559,0.713821
308,2867628698,0.372267,0.450853,-0.192755,0.788034,-0.359673,0.567460,-0.102479
309,2867662032,0.373173,0.441713,-0.198872,0.791255,0.514326,0.262864,-0.563985
310,2867695366,0.371421,0.434795,-0.204085,0.794577,-0.124190,-0.337487,-0.141267
311,2867728700,0.368996,0.428290,-0.209335,0.797867,0.469149,-0.912951,0.182545
312,2867762034,0.365101,0.422577,-0.214301,0.801379,0.693201,0.233087,0.320771
313,2867795368,0.362320,0.416920,-0.220385,0.803950,-0.022277,-0.350037,0.461324
314,2867828702,0.360838,0.413196,-0.226093,0.804954,1.104934,0.592658,0.336534
315,2867862036,0.356795,0.412857,-0.227939,0.806408,-0.156145,0.304061,-0.009197
316,2867895370,0.348365,0.415926,-0.224202,0.809558,0.674515,0.205646,0.751712
317,2867928704,0.338174,0.419415,-0.217041,0.814019,-0.466668,-0.182542,0.107761
318,2867962038,0.331220,0.420608,-0.211306,0.817763,-0.539166,0.207209,-0.275369
319,2867995372,0.329332,0.419084,-0.208157,0.820112,0.974793,0.596579,0.696987
320,2868028706,0.331409,0.416687,-0.207533,0.820654,1.381422,1.994583,0.046534
321,2868062040,0.334752,0.416120,-0.205386,0.820125,0.092388,0.644204,-0.444993
322,2868095374,0.337146,0.416219,-0.203914,0.819462,-0.110623,1.023343,-0.394268
323,2868128708,0.338371,0.416423,-0.202002,0.819326,-0.568068,-0.087871,-0.883013
324,2868162042,0.339475,0.416472,-0.200010,0.819333,-0.462826,0.098865,-0.493800
325,2868195376,0.341182,0.415827,-0.199242,0.819139,-1.024007,-0.257140,0.192528
326,2868228710,0.344623,0.413565,-0.200801,0.818463,-0.500978,-0.149281,0.100902
327,2868262044,0.350080,0.411124,-0.203198,0.816783,-0.792436,-1.165960,0.353616
328,2868295378,0.355655,0.408938,-0.207012,0.814511,1.080369,-0.592765,1.281645
329,2868328712,0.361663,0.405567,-0.210582,0.812634,-0.046084,-0.498713,0.106607
330,2868362046,0.369083,0.402256,-0.215737,0.809586,-0.397767,0.644024,-0.395471
331,2868395380,0.376120,0.400762,-0.219924,0.805953,0.145023,0.381664,0.250743
332,2868428714,0.382362,0.401081,-0.221656,0.802375,0.362728,0.298373,0.334279
333,2868462048,0.389546,0.401025,-0.223528,0.798418,-0.084939,0.181441,-0.057346
334,2868495382,0.396931,0.401764,-0.225486,0.793846,-0.561656,0.155030,-0.155968
335,2868528716,0.403907,0.403802,-0.228105,0.788527,0.412134,0.186596,0.706848
336,2868562050,0.411361,0.405871,-0.232304,0.782361,0.802206,-0.078307,0.897649
337,2868595384,0.417751,0.409193,-0.236007,0.776112,0.746584,0.229610,-0.086874
338,2868628718,0.422705,0.413863,-0.237179,0.770576,-0.363241,0.199334,-0.267586
339,2868662052,0.428130,0.416182,-0.238803,0.765815,-1.552951,0.724779,-0.607467
340,2868695386,0.432337,0.416965,-0.242657,0.761805,-0.617617,0.983539,0.049250
341,2868728720,0.437359,0.415725,-0.248135,0.757841,-0.971510,0.289649,0.307467
342,2868762054,0.443902,0.413594,-0.254055,0.753227,-0.399924,-0.480900,-0.583338
343,2868795388,0.449947,0.412596,-0.257673,0.748946,-0.217128,-0.629768,0.267410
344,2868828722,0.453337,0.413424,-0.257725,0.746423,-0.141501,-0.703236,-0.026586
345,2868862056,0.453540,0.416663,-0.253221,0.746040,-0.272811,-1.310155,0.267272
346,2868895390,0.453935,0.418611,-0.248315,0.746358,-1.081424,-0.588684,-0.066960
347,2868928724,0.454327,0.418775,-0.244578,0.747261,-0.666759,-0.234818,0.894272
348,2868962058,0.454500,0.417498,-0.242151,0.748660,-0.145928,0.148435,-0.223884
349,2868995392,0.452584,0.417313,-0.237459,0.751422,-0.706281,-0.829569,-1.114335
350,2869028726,0.451371,0.417474,-0.232268,0.753681,-0.708294,-0.854415,0.288762
351,2869062060,0.454273,0.411418,-0.233914,0.754758,-0.812252,-0.136642,-0.208028
352,2869095394,0.460160,0.401356,-0.240517,0.754534,-0.452167,0.629390,0.297451
353,2869128728,0.465867,0.390365,-0.247865,0.754420,-0.086391,1.923589,0.087804
354,2869162062,0.469762,0.378705,-0.255721,0.755325,-1.127142,1.372096,0.352263
355,2869195396,0.473978,0.363914,-0.269286,0.755248,0.244330,0.605578,0.774957
356,2869228730,0.478255,0.347531,-0.283736,0.754978,0.940815,-0.182870,0.309568
357,2869262064,0.483201,0.333522,-0.296928,0.753072,0.095619,-0.026549,0.577265
358,2869295398,0.488327,0.323757,-0.309906,0.748785,1.283100,0.742544,0.074361
359,2869328732,0.489615,0.320384,-0.319264,0.745457,1.188214,-0.487167,1.394371
360,2869362066,0.488162,0.319906,-0.324932,0.744165,-0.149020,-0.264178,-0.322728
361,2869395400,0.485538,0.320285,-0.328440,0.744178,-1.539925,0.339943,-0.340596
362,2869428734,0.485107,0.317416,-0.332871,0.743720,-0.362550,1.395512,-0.514964
363,2869462068,0.487913,0.312016,-0.338877,0.741454,0.386373,1.568465,-0.222059
364,2869495402,0.496245,0.305652,-0.344840,0.735803,-1.067304,1.244577,-0.684903
365,2869528736,0.505856,0.300375,-0.348759,0.729558,0.559240,-0.772970,1.490837
366,2869562070,0.514451,0.296827,-0.352085,0.723377,1.541072,-0.019280,-0.766278
367,2869595404,0.520750,0.296778,-0.351670,0.719078,-1.475721,-1.237449,0.909981
368,2869628738,0.527377,0.294075,-0.354486,0.713959,-0.272084,0.382723,0.185555
369,2869662072,0.534698,0.290486,-0.358212,0.708099,1.307067,0.413404,-0.064006
370,2869695406,0.541352,0.287055,-0.360845,0.703088,-0.162442,0.662568,-0.758057
371,2869728740,0.549163,0.283062,-0.364351,0.696812,-0.250534,0.382610,0.173732
372,2869762074,0.558255,0.276471,-0.370369,0.689017,-0.027434,0.650564,0.508598
373,2869795408,0.566909,0.269732,-0.376515,0.681247,-0.645852,0.615472,0.202862
374,2869828742,0.574190,0.264307,-0.381780,0.674311,0.264012,0.052847,0.334819
375,2869862076,0.581523,0.260872,-0.384510,0.667782,-0.231501,-0.386539,1.164371
376,2869895410,0.589300,0.259229,-0.385245,0.661147,0.575224,0.239187,0.552823
377,2869928744,0.597346,0.258018,-0.385744,0.654071,-0.085973,0.456385,0.042277
378,2869962078,0.606867,0.255005,-0.388257,0.644938,-0.993949,0.507886,0.322330
379,2869995412,0.616150,0.255023,-0.387951,0.636254,1.146823,0.151005,-0.238897
380,2870028746,0.623946,0.259872,-0.384177,0.628943,-0.491288,0.101646,-0.163009
381,2870062080,0.635241,0.262367,-0.383233,0.617064,-0.290673,0.211381,1.448254
382,2870095414,0.647779,0.262686,-0.384794,0.602757,0.900993,0.051443,0.247626
383,2870128748,0.658896,0.262228,-0.389316,0.587817,0.957054,-1.522239,0.515820
384,2870162082,0.670065,0.259367,-0.393762,0.573320,-1.532598,-0.250472,-0.785096
385,2870195416,0.681261,0.256542,-0.396304,0.559479,-1.282359,0.098586,0.111177
386,2870228750,0.690176,0.253545,-0.398637,0.548146,-0.256336,1.009506,-0.011032
387,2870262084,0.697028,0.248828,-0.402683,0.538596,0.239789,0.802692,-0.479525
388,2870295418,0.703411,0.244321,-0.406993,0.529038,-0.069498,-0.097280,-0.518919
389,2870328752,0.708558,0.240868,-0.411100,0.520508,-1.005238,0.691351,-1.209963
390,2870362086,0.712388,0.237262,-0.416162,0.512857,0.673753,-1.668185,0.721203
391,2870395420,0.713981,0.237470,-0.418453,0.508665,-0.008062,0.129425,0.071900
392,2870428754,0.714663,0.235951,-0.421016,0.506293,-0.988680,0.028917,1.088723
393,2870462088,0.717835,0.228514,-0.424835,0.502008,0.641229,-0.003489,0.085487
394,2870495422,0.722443,0.218485,-0.429579,0.495788,-0.171692,-0.340947,0.095496
395,2870528756,0.728090,0.206246,-0.432839,0.489900,0.197761,-0.998922,-0.373373
396,2870562090,0.732394,0.192787,-0.435157,0.486903,-0.749869,-0.812316,0.234633
397,2870595424,0.736292,0.178662,-0.435755,0.485877,-0.740508,0.180985,-0.074491
398,2870628758,0.739104,0.165477,-0.434716,0.487204,-0.320550,-1.216567,-0.478806
399,2870662092,0.740635,0.156236,-0.431237,0.491008,-0.481362,-0.307270,-0.378938
400,2870695426,0.741169,0.149494,-0.427011,0.495969,0.462532,0.260850,0.307421
401,2870728760,0.740466,0.145428,-0.422660,0.501919,0.932243,-1.117160,-0.403921
402,2870762094,0.738396,0.150966,-0.414903,0.509745,0.565478,-0.585222,0.494187
403,2870795428,0.734766,0.164007,-0.404830,0.518977,0.945005,-0.888899,0.696920
404,2870828762,0.730218,0.175345,-0.399739,0.525593,0.619934,-0.628434,1.862727
405,2870862096,0.726632,0.181820,-0.397540,0.530013,0.033844,-0.677772,0.212478
406,2870895430,0.723477,0.188564,-0.394420,0.534286,-0.971233,2.111957,-0.992880
407,2870928764,0.720384,0.194115,-0.392634,0.537781,2.182204,1.681742,-0.595862
408,2870962098,0.718918,0.197640,-0.390258,0.540182,0.686799,2.621604,-0.377941
409,2870995432,0.721291,0.193552,-0.392335,0.536985,0.378469,1.255198,-0.782715
410,2871028766,0.724996,0.185729,-0.396659,0.531555,0.227059,-0.437819,-0.304866
411,2871062100,0.727840,0.180802,-0.399102,0.527522,-0.033366,-1.373811,-0.022905
412,2871095434,0.728560,0.181772,-0.398139,0.526923,-0.411461,-1.134536,1.534864
413,2871128768,0.729408,0.182617,-0.396714,0.526532,-0.397599,-0.223662,0.624244
414,2871162102,0.731231,0.181396,-0.397152,0.524090,-0.240307,0.291772,-0.320086
415,2871195436,0.735110,0.178594,-0.397865,0.519060,-0.730073,1.712067,0.055058
416,2871228770,0.740282,0.170366,-0.402265,0.511022,1.261222,0.141244,-0.441091
417,2871262104,0.745452,0.162455,-0.406315,0.502813,-0.417240,-0.169587,-0.009966
418,2871295438,0.751729,0.154446,-0.408444,0.494193,-0.577434,-0.430655,-0.291278
419,2871328772,0.755895,0.149799,-0.409696,0.488195,-0.225939,-0.609542,-0.428704
420,2871362106,0.760607,0.148016,-0.408649,0.482264,-0.930124,-0.356492,0.647390
421,2871395440,0.766793,0.145274,-0.407289,0.474386,0.380736,0.741800,-0.004893
422,2871428774,0.771991,0.145985,-0.405464,0.467248,0.895864,0.230258,1.021605
423,2871462108,0.777511,0.146879,-0.404449,0.458615,0.883703,-0.109837,0.487991
424,2871495442,0.782698,0.147545,-0.405688,0.448368,0.941091,0.544500,-0.298150
425,2871528776,0.786425,0.151196,-0.409652,0.436880,1.384129,-0.311955,1.011075
426,2871562110,0.787995,0.161146,-0.413200,0.427041,0.619889,-1.211631,1.455408
427,2871595444,0.788029,0.174619,-0.414172,0.420693,-0.697947,-0.583146,-0.624909
428,2871628778,0.788293,0.187796,-0.413245,0.415402,-0.396144,1.237943,-0.559206
429,2871662112,0.789433,0.196336,-0.413080,0.409408,0.665517,2.024448,-0.411471
430,2871695446,0.792385,0.196733,-0.415502,0.400980,0.951095,1.531659,-0.559170
431,2871728780,0.796296,0.191884,-0.419492,0.391310,-0.150712,1.325420,-1.049062
432,2871762114,0.800261,0.186424,-0.423995,0.380868,-0.469436,0.591062,0.074612
433,2871795448,0.803824,0.178776,-0.429703,0.370492,-0.317790,-0.791690,0.453784
434,2871828782,0.806794,0.168982,-0.435557,0.361694,-0.818873,-1.826571,0.889158
435,2871862116,0.809365,0.160876,-0.439675,0.354593,-1.489729,-0.285386,0.318898
436,2871895450,0.811067,0.151726,-0.445013,0.348019,-0.394535,0.358977,-0.547532
437,2871928784,0.812329,0.143681,-0.449587,0.342567,-0.068010,0.873677,-0.853587
438,2871962118,0.813211,0.138149,-0.452716,0.338607,0.161586,0.542977,0.215983
439,2871995452,0.814749,0.132723,-0.454414,0.334782,-0.106550,0.783865,0.031609
440,2872028786,0.816861,0.126531,-0.454904,0.331351,0.066504,0.220764,0.410975
441,2872062120,0.819363,0.117861,-0.454806,0.328495,-0.059448,0.802554,-0.261866
442,2872095454,0.821758,0.108865,-0.454882,0.325496,-0.647878,-0.134013,0.498724
443,2872128788,0.823878,0.100164,-0.454478,0.323489,0.027400,-1.105200,0.293188
444,2872162122,0.824585,0.094154,-0.454086,0.324043,-1.080101,-0.938244,-0.128567
445,2872195456,0.825243,0.089203,-0.452506,0.325973,-1.817230,0.188101,0.427454
446,2872228790,0.825752,0.084246,-0.451968,0.326747,0.506328,0.774860,0.604087
447,2872262124,0.825468,0.078788,-0.454320,0.325564,0.880333,0.821094,1.400590
448,2872295458,0.825905,0.071405,-0.459133,0.319347,1.013115,-0.780617,1.448765
449,2872328792,0.825540,0.063754,-0.465337,0.312866,1.184317,-0.121740,0.193057
450,2872362126,0.824021,0.059333,-0.470861,0.309456,1.083138,0.036344,0.007445
451,2872395460,0.822395,0.056241,-0.474638,0.308585,2.253873,0.950523,-1.264981
452,2872428794,0.821905,0.054008,-0.475606,0.308800,1.114185,1.003681,-0.343012
453,2872462128,0.823296,0.047263,-0.475682,0.306072,2.024072,-0.357253,-0.321211
454,2872495462,0.826023,0.042240,-0.474235,0.301673,0.155773,0.302023,-0.026503
455,2872528796,0.829056,0.039450,-0.472869,0.295819,-0.481012,-0.246733,1.385579
456,2872562130,0.832549,0.037369,-0.470890,0.289365,-0.657567,-0.367278,0.810941
457,2872595464,0.836093,0.034841,-0.468609,0.283096,-0.245793,0.156657,0.392717
458,2872628798,0.839505,0.030463,-0.466418,0.277056,0.052944,-0.023705,0.217416
459,2872662132,0.843181,0.024677,-0.463899,0.270625,0.130027,0.222446,-0.161966
460,2872695466,0.846602,0.018842,-0.461266,0.264854,0.264525,0.049686,-0.782470
461,2872728800,0.849304,0.016860,-0.458292,0.261475,-1.109592,-0.541341,0.345765
462,2872762134,0.851874,0.017355,-0.455056,0.258722,-0.528538,-0.528237,-0.379283
463,2872795468,0.854327,0.017892,-0.451896,0.256123,-1.188237,0.251951,-0.425970
464,2872828802,0.857085,0.018626,-0.448586,0.252653,-0.924205,-0.298903,1.558401
465,2872862136,0.859673,0.019347,-0.446529,0.247394,0.546265,0.470893,0.014356
466,2872895470,0.862165,0.022360,-0.444501,0.242062,-0.543429,-0.411337,0.170815
467,2872928804,0.864314,0.025066,-0.443108,0.236626,-0.732219,-0.683228,-0.221361
468,2872962138,0.865340,0.029886,-0.442965,0.232549,0.345161,-0.595486,-0.328552
469,2872995472,0.865799,0.037615,-0.443417,0.228826,-0.262738,-0.187948,0.430790
470,2873028806,0.866049,0.044050,-0.445123,0.223356,0.350264,0.513250,0.662690
471,2873062140,0.865986,0.048201,-0.448920,0.214988,1.663297,-0.334009,0.407832
472,2873095474,0.865031,0.050191,-0.455214,0.204905,0.755986,-0.922292,1.168617
473,2873128808,0.863166,0.051951,-0.462237,0.196433,0.349817,-0.650787,-0.063084
474,2873162142,0.861024,0.056108,-0.467896,0.191221,0.414004,0.676032,-0.706298
475,2873195476,0.858830,0.060134,-0.473056,0.187127,1.630470,0.339837,-0.569806
476,2873228810,0.857334,0.062930,-0.476737,0.183696,1.079927,0.536121,-0.411793
477,2873262144,0.858456,0.059497,-0.478027,0.176089,0.662117,0.813413,-0.804846
478,2873295478,0.861011,0.051949,-0.478121,0.165422,1.148112,0.209933,0.141087
479,2873328812,0.863428,0.046440,-0.477584,0.155729,0.386871,1.076571,-0.754999
480,2873362146,0.864913,0.044492,-0.477401,0.148452,-0.731313,-0.163309,0.843839
481,2873395480,0.865499,0.042908,-0.477540,0.145017,-1.231343,-1.335418,0.690452
482,2873428814,0.865934,0.041129,-0.477241,0.143913,-0.867826,-0.459244,0.187466
483,2873462148,0.866240,0.037269,-0.477568,0.142027,0.205818,-0.561602,-0.645511
484,2873495482,0.866599,0.033943,-0.477520,0.140826,0.162675,-0.486157,0.012811
485,2873528816,0.866958,0.032060,-0.476922,0.141082,0.571700,0.171980,-0.105195
486,2873562150,0.868308,0.030105,-0.474625,0.140960,-0.370146,1.299624,1.085052
487,2873595484,0.870178,0.025043,-0.471816,0.139840,-0.457384,0.427444,-1.036994
488,2873628818,0.871736,0.026542,-0.467718,0.143579,-0.212789,-0.332891,-0.726925
489,2873662152,0.872932,0.032511,-0.463178,0.149674,-0.085136,0.735555,0.716437
490,2873695486,0.874487,0.031934,-0.459133,0.153144,0.104460,-0.736234,0.557877
491,2873728820,0.876408,0.027518,-0.455176,0.154825,0.298277,-0.431997,1.014097
492,2873762154,0.877826,0.020073,-0.453003,0.154303,0.018846,0.406650,0.654119
493,2873795488,0.879056,0.011887,-0.451718,0.151898,0.106119,-0.792264,1.071252
494,2873828822,0.879258,0.005548,-0.452232,0.149547,0.396448,-1.245487,0.171637
495,2873862156,0.878404,0.003592,-0.453519,0.150723,0.592930,-1.498206,0.105779
496,2873895490,0.877026,0.005829,-0.454937,0.154360,1.701495,-0.849336,-0.670205
497,2873928824,0.876481,0.009544,-0.454575,0.158285,0.386868,-1.332124,-0.587742
498,2873962158,0.877388,0.013927,-0.452525,0.158810,1.233533,0.293317,-0.788775
499,2873995492,0.879137,0.018021,-0.449570,0.157112,1.052995,-0.249284,-0.058848
500,2874028826,0.879895,0.025974,-0.447235,0.158415,1.345532,-2.083263,0.368052
501,2874062160,0.878851,0.042374,-0.445128,0.166401,-0.663563,0.015010,0.714530
502,2874095494,0.877748,0.057578,-0.443049,0.173071,-1.465775,0.438722,0.795440
503,2874128828,0.876422,0.070534,-0.441965,0.177705,-0.361032,0.011191,0.146134
504,2874162162,0.875017,0.081143,-0.441677,0.180790,0.174393,-0.261642,-0.388936
505,2874195496,0.875082,0.085302,-0.440594,0.181207,-0.850405,-0.196264,0.419058
506,2874228830,0.875106,0.088430,-0.440610,0.179546,0.669949,1.213424,-0.707654
507,2874262164,0.876209,0.089941,-0.439414,0.176313,-0.632133,-0.103872,-0.192765
508,2874295498,0.877883,0.090464,-0.437583,0.172230,-0.343533,0.008000,0.211331
509,2874328832,0.880170,0.088117,-0.435516,0.166928,-0.473341,-0.656932,0.224693
510,2874362166,0.882293,0.086770,-0.433368,0.161945,-0.512055,0.176683,0.698596
511,2874395500,0.884252,0.084497,-0.431801,0.156555,-0.483105,0.145837,0.722304
512,2874428834,0.886089,0.080935,-0.431536,0.148580,0.144144,-0.180996,0.292560
513,2874462168,0.886891,0.077997,-0.433521,0.139301,0.628818,-1.237159,0.516394
514,2874495502,0.887095,0.074716,-0.436694,0.129546,0.475247,-1.906518,0.982161
515,2874528836,0.886725,0.070863,-0.441319,0.118061,-0.201731,-1.226626,1.273898
516,2874562170,0.885747,0.067942,-0.446632,0.106580,0.468193,-0.555399,0.526519
517,2874595504,0.884587,0.068088,-0.450711,0.098656,0.446677,0.186330,-0.543898
518,2874628838,0.883361,0.071644,-0.453583,0.093840,1.005614,0.045042,-1.125698
519,2874662172,0.881955,0.079392,-0.455436,0.091836,1.846562,1.088135,-1.209877
520,2874695506,0.881249,0.085101,-0.456322,0.089059,1.297269,0.358740,-0.755356
521,2874728840,0.881195,0.086862,-0.456897,0.084843,0.554663,1.403431,-0.193736
522,2874762174,0.881711,0.083361,-0.457657,0.078675,0.476776,-1.315542,-0.690473
523,2874795508,0.880812,0.084281,-0.459430,0.077429,-0.996034,0.093220,0.749090
524,2874828842,0.879371,0.085281,-0.461582,0.079874,-1.401144,-0.789807,-0.027049
525,2874862176,0.877113,0.088427,-0.464243,0.085653,-1.742295,0.254845,0.487643
526,2874895510,0.874860,0.091585,-0.466470,0.092957,-0.560067,-0.438053,-0.417923
527,2874928844,0.872892,0.092963,-0.468727,0.098574,-0.240352,-0.533042,0.028438
528,2874962178,0.871596,0.092408,-0.470280,0.103063,-0.188457,0.323514,-0.102352
529,2874995512,0.871306,0.091158,-0.470166,0.107065,0.355876,0.243829,-0.506122
530,2875028846,0.871206,0.087799,-0.469930,0.111628,-0.248424,-0.737636,0.228106
531,2875062180,0.872352,0.082563,-0.467818,0.115476,-0.070260,0.329954,-0.273955
532,2875095514,0.873333,0.077174,-0.465684,0.120310,0.018765,-0.957580,-0.294178
533,2875128848,0.874084,0.075296,-0.463013,0.126211,-0.670469,0.618114,0.971803
534,2875162182,0.874405,0.074018,-0.460619,0.133310,-0.610477,0.215024,0.621922
535,2875195516,0.874937,0.070296,-0.458398,0.139353,0.125283,-0.296099,0.295204
536,2875228850,0.875171,0.064678,-0.456760,0.145827,-0.106706,-0.612395,0.542309
537,2875262184,0.875355,0.056541,-0.456158,0.149932,1.000577,-1.207057,1.352613
538,2875295518,0.874365,0.049231,-0.458277,0.151818,0.687997,-0.694043,1.129864
539,2875328852,0.872863,0.044413,-0.460891,0.154016,-0.048460,0.052476,-0.857752
540,2875362186,0.870348,0.042361,-0.463391,0.161160,0.490175,-1.088010,-0.212825
541,2875395520,0.867902,0.043392,-0.465249,0.168552,1.077483,-0.567866,-1.292038
542,2875428854,0.866339,0.047287,-0.465199,0.175541,0.907940,0.793414,-0.716965
543,2875462188,0.866595,0.046817,-0.464446,0.176394,1.250759,-1.464883,-0.006740
544,2875495522,0.867619,0.043733,-0.463400,0.174896,-0.215722,-0.697218,0.224591
545,2875528856,0.869211,0.041379,-0.462069,0.171046,-0.273254,0.104341,0.663604
546,2875562190,0.869649,0.042761,-0.461282,0.170602,-0.590544,-1.392777,0.122158
547,2875595524,0.869444,0.049111,-0.459927,0.173568,-0.035581,-0.104516,-0.263198
548,2875628858,0.869208,0.054804,-0.458219,0.177518,-0.173480,0.074886,-0.333261
549,2875662192,0.870194,0.058567,-0.455388,0.178766,0.190771,1.107092,-0.231688
550,2875695526,0.871960,0.060171,-0.452648,0.176574,-0.052377,0.630156,0.191233
551,2875728860,0.875019,0.058214,-0.448821,0.171802,-0.067518,-0.487453,-0.046484
552,2875762194,0.878057,0.056589,-0.444934,0.166883,-0.399116,0.935938,-0.245596
553,2875795528,0.880452,0.055346,-0.441838,0.162860,-0.056690,-0.987499,0.169413
554,2875828862,0.882344,0.054586,-0.439135,0.160165,-0.139266,-1.202438,-0.265762
555,2875862196,0.883718,0.056096,-0.436886,0.158210,-0.260277,-0.671589,0.116781
556,2875895530,0.885031,0.058475,-0.434858,0.155569,0.645111,-0.074497,0.472833
557,2875928864,0.885862,0.060575,-0.434313,0.151511,0.602085,0.197443,0.083810
558,2875962198,0.885851,0.063556,-0.435641,0.146455,0.525197,-0.691902,0.443219
559,2875995532,0.885134,0.065282,-0.438619,0.141040,0.436850,-1.791311,0.435598
560,2876028866,0.883102,0.069737,-0.443450,0.136466,0.642005,-0.064505,0.610675
561,2876062200,0.879974,0.074886,-0.449743,0.133311,0.412078,0.202004,0.434272
562,2876095534,0.877438,0.080048,-0.454585,0.130578,0.158263,1.262733,-0.261684
563,2876128868,0.875514,0.083436,-0.458241,0.128575,0.902775,0.489959,-0.955244
564,2876162202,0.874118,0.085933,-0.460587,0.128048,1.376876,0.647377,-0.845181
565,2876195536,0.872845,0.086347,-0.462844,0.128316,0.916034,-0.015161,-0.834925
566,2876228870,0.871766,0.086247,-0.464966,0.128046,0.408464,-0.189794,-0.160563
567,2876262204,0.871005,0.084790,-0.466974,0.126883,0.166546,-0.979357,-0.341485
568,2876295538,0.869746,0.086378,-0.468875,0.127436,-0.553338,0.627745,0.880592
569,2876328872,0.868562,0.088391,-0.470580,0.127847,-0.308618,0.848220,0.483994
570,2876362206,0.867366,0.091401,-0.471469,0.130551,-0.482206,0.362925,0.381281
571,2876395540,0.867117,0.091239,-0.471154,0.133418,-0.358208,-0.586786,-0.108132
572,2876428874,0.867754,0.087181,-0.470356,0.134801,0.134923,-0.325794,-0.518867
573,2876462208,0.868867,0.081728,-0.468940,0.135978,-0.102870,0.232180,-0.107888
574,2876495542,0.869997,0.077944,-0.466834,0.138199,-0.600908,-0.237282,0.973610
575,2876528876,0.871221,0.075385,-0.463756,0.142213,-1.207087,-0.861686,0.509612
576,2876562210,0.872232,0.074877,-0.459593,0.149608,-0.580513,0.292041,0.009985
577,2876595544,0.873041,0.074820,-0.455075,0.158470,-1.082687,0.601390,1.061306
578,2876628878,0.874233,0.071739,-0.450710,0.165629,0.443366,-0.326580,-0.046374
579,2876662212,0.875915,0.063821,-0.446810,0.170482,0.448649,-0.348437,-0.952737
580,2876695546,0.877247,0.055265,-0.443629,0.174873,0.517189,0.298898,0.159308
581,2876728880,0.878201,0.044632,-0.441446,0.178603,1.204634,-1.540842,0.067748
582,2876762214,0.878341,0.035209,-0.440763,0.181687,0.674032,-0.794213,-0.186102
583,2876795548,0.878152,0.029633,-0.440778,0.183547,-0.174285,-0.845595,0.767781
584,2876828882,0.876754,0.028159,-0.442260,0.186867,0.297622,-0.881149,1.229733
585,2876862216,0.875105,0.030139,-0.443249,0.191877,0.896572,0.001208,0.421792
586,2876895550,0.873399,0.034608,-0.443711,0.197740,0.999424,-0.186474,-0.088187
587,2876928884,0.872316,0.041158,-0.443130,0.202507,1.190413,-0.260784,-0.091897
588,2876962218,0.872024,0.045880,-0.441915,0.205388,1.426308,-0.821436,0.007651
589,2876995552,0.872474,0.047995,-0.440492,0.206047,0.344754,-0.430961,-0.301342
590,2877028886,0.872815,0.050245,-0.439391,0.206420,0.326247,-0.869134,0.650296
591,2877062220,0.872082,0.053904,-0.439259,0.208858,-0.666198,-0.566395,0.690108
592,2877095554,0.870719,0.058371,-0.439861,0.212056,-1.231342,-0.190346,0.342042
593,2877128888,0.869495,0.061426,-0.440704,0.214452,-0.393562,0.001336,-0.145465
594,2877162222,0.868426,0.063319,-0.441928,0.215707,0.073162,-0.015502,-0.309460
595,2877195556,0.868540,0.064010,-0.442354,0.214165,-0.274638,-0.153525,-0.795268
596,2877228890,0.869358,0.065498,-0.441698,0.211739,-0.830140,0.822417,0.272980
597,2877262224,0.870516,0.064891,-0.441537,0.207459,0.251693,-0.384280,-0.232817
598,2877295558,0.871814,0.065413,-0.440896,0.203163,-0.837762,0.494001,0.130558
599,2877328892,0.873002,0.065288,-0.440766,0.198327,-0.028684,0.378898,0.477450
600,2877362226,0.873926,0.064075,-0.441328,0.193342,0.222562,-0.980234,0.629446
601,2877395560,0.875081,0.061268,-0.442510,0.186193,0.503545,0.246594,-0.425649
602,2877428894,0.876193,0.055321,-0.444957,0.176753,1.220162,-0.284224,-0.813311
603,2877462228,0.876397,0.050468,-0.448196,0.168835,0.661518,-1.196654,0.098878
604,2877495562,0.876272,0.049125,-0.450842,0.162726,0.395473,-0.032498,0.295296
605,2877528896,0.875125,0.049022,-0.455443,0.155977,0.124013,0.026599,0.613620
606,2877562230,0.872918,0.049691,-0.461945,0.148843,-0.171656,-1.906437,0.951160
607,2877595564,0.870846,0.053328,-0.467132,0.143441,-0.983735,-0.439565,0.859881
608,2877628898,0.868551,0.059418,-0.471841,0.139491,0.167210,0.033589,-0.535090
609,2877662232,0.866552,0.066880,-0.475099,0.137475,0.562142,1.504263,-0.547325
610,2877695566,0.864997,0.070823,-0.477350,0.137491,0.435389,-0.881120,0.112440
611,2877728900,0.865071,0.070303,-0.477849,0.135547,-0.063043,0.052100,-0.164207
612,2877762234,0.865907,0.068029,-0.477499,0.132569,-0.236315,-0.080125,-0.072263
613,2877795568,0.866585,0.065679,-0.477456,0.129446,-0.058035,-1.305621,0.655657
614,2877828902,0.867311,0.065022,-0.476710,0.127647,-0.637018,0.593743,0.281244
615,2877862236,0.867644,0.065475,-0.476369,0.126421,-0.193602,0.768958,-0.084957
616,2877895570,0.867468,0.067070,-0.476265,0.127187,-0.095369,0.517759,-0.176360
617,2877928904,0.867791,0.066605,-0.475249,0.129009,0.200896,-0.399021,-0.316365
618,2877962238,0.868478,0.063645,-0.473697,0.131564,0.394390,0.328841,-0.323428
619,2877995572,0.869684,0.057667,-0.472188,0.131779,0.411762,-0.071777,-0.162052
620,2878028906,0.871193,0.049641,-0.470518,0.131052,0.363656,0.956017,-0.538977
621,2878062240,0.874001,0.037854,-0.467183,0.128193,-0.079089,1.218976,-0.252393
622,2878095574,0.876438,0.021860,-0.464525,0.124895,-0.473296,-0.728947,0.243752
623,2878128908,0.878252,0.009925,-0.460644,0.128002,-1.438106,0.358006,1.062737
624,2878162242,0.880053,-0.001663,-0.456175,0.131951,-0.520227,0.657504,0.587210
625,2878195576,0.881651,-0.014106,-0.451957,0.135021,0.193863,-1.117013,0.127705
626,2878228910,0.882632,-0.025158,-0.448749,0.137677,0.250340,-1.838434,0.106181
627,2878262244,0.882401,-0.033228,-0.447938,0.140073,0.531335,-1.219031,-0.012330
628,2878295578,0.880698,-0.038217,-0.450126,0.142480,-0.822971,-0.629316,1.944996
629,2878328912,0.877750,-0.039442,-0.454453,0.146548,-1.515204,-1.660077,2.316253
630,2878362246,0.874869,-0.038115,-0.458041,0.152820,0.479565,0.250956,-1.388008
631,2878395580,0.872750,-0.031175,-0.459677,0.161358,0.974051,1.320521,-0.176350
632,2878428914,0.871776,-0.030310,-0.460254,0.165101,1.591066,-0.224884,-0.322932
633,2878462248,0.872357,-0.031983,-0.459487,0.163844,0.745939,-1.011602,-0.149718
634,2878495582,0.873859,-0.035273,-0.457865,0.159656,0.445332,-1.540062,-0.164587
635,2878528916,0.875219,-0.035976,-0.456832,0.154938,0.189803,-0.527961,-0.694231
636,2878562250,0.875029,-0.031237,-0.457838,0.154068,-0.072081,-0.045093,0.093254
637,2878595584,0.875188,-0.023698,-0.457741,0.154794,-1.167429,2.302997,1.281852
638,2878628918,0.874971,-0.024178,-0.458805,0.152784,0.082791,-0.503464,0.658718
639,2878662252,0.875132,-0.025587,-0.459135,0.150625,0.186708,-0.880699,-0.471185
640,2878695586,0.875759,-0.025964,-0.458703,0.148210,-0.597934,0.110037,-0.622447
641,2878728920,0.876628,-0.026163,-0.457982,0.145241,0.073593,-0.453492,0.383772
642,2878762254,0.877579,-0.027040,-0.457259,0.141571,0.222451,-0.179809,-0.358618
643,2878795588,0.878505,-0.026547,-0.456242,0.139178,-0.511994,0.467772,0.555328
644,2878828922,0.879857,-0.026108,-0.454664,0.135843,-0.242102,-0.340618,-0.030491
645,2878862256,0.881060,-0.024392,-0.453522,0.132136,0.361902,0.632151,0.538128
646,2878895590,0.882430,-0.024448,-0.452743,0.125483,0.114734,-0.081028,0.153444
647,2878928924,0.883918,-0.027091,-0.452122,0.116380,0.489253,-0.818254,0.089785
648,2878962258,0.884590,-0.028561,-0.452793,0.108019,-0.225036,-0.701166,0.360045
649,2878995592,0.883992,-0.027746,-0.455954,0.099486,0.211482,-0.623996,0.814185
650,2879028926,0.882094,-0.023546,-0.461259,0.092736,-0.344367,-0.848200,0.912739
651,2879062260,0.878935,-0.012680,-0.468246,0.089790,-1.090929,-0.301514,1.899261
652,2879095594,0.875535,-0.002037,-0.474878,0.089040,1.229035,0.359007,-1.227642
653,2879128928,0.872922,0.009861,-0.479516,0.089314,-0.327764,1.499490,-1.525251
654,2879162262,0.871572,0.020177,-0.481811,0.088415,0.150943,0.070199,0.250421
655,2879195596,0.870883,0.027267,-0.483041,0.086572,1.794351,-0.649920,-1.399661
656,2879228930,0.870827,0.028537,-0.483546,0.083866,0.759570,0.779333,-0.631577
657,2879262264,0.870658,0.024949,-0.484841,0.079151,-0.374987,-1.132406,0.007255
658,2879295598,0.870801,0.022577,-0.485366,0.074955,-1.224756,-0.167640,0.471669
659,2879328932,0.870285,0.025713,-0.486118,0.075064,-0.327066,0.794741,1.126298
660,2879362266,0.869986,0.027796,-0.486454,0.075618,-0.536022,1.143340,0.366260
661,2879395600,0.869750,0.025199,-0.487028,0.075544,0.163417,-0.476036,-0.658377
662,2879428934,0.870325,0.021133,-0.486329,0.074668,0.222952,0.006674,-1.118463
663,2879462268,0.870988,0.021057,-0.484863,0.076474,-0.468423,0.142718,1.146610
664,2879495602,0.872277,0.020093,-0.482200,0.078840,-0.078698,-1.322810,-0.039674
665,2879528936,0.873673,0.023705,-0.478615,0.084056,-1.216102,0.195788,0.954905
666,2879562270,0.875101,0.027105,-0.474634,0.090502,-0.083147,0.526585,-0.277817
667,2879595604,0.876529,0.035257,-0.469526,0.100015,-0.981027,0.682468,1.367698
668,2879628938,0.877491,0.043733,-0.464493,0.111115,-0.448891,-2.038759,-0.876839
669,2879662272,0.876304,0.059177,-0.461141,0.126257,-0.394780,-0.138861,0.590999
670,2879695606,0.875163,0.070874,-0.457881,0.139337,-0.486326,-0.478513,-0.475505
671,2879728940,0.873121,0.081480,-0.456355,0.150880,0.139022,-1.213053,0.642436
672,2879762274,0.871250,0.086087,-0.456400,0.158795,0.914970,-0.938534,0.403416
673,2879795608,0.867232,0.092534,-0.459806,0.167116,0.316591,-0.069431,1.249508
674,2879828942,0.862548,0.103871,-0.462080,0.178065,-0.025590,0.361753,0.239979
675,2879862276,0.857233,0.118117,-0.463769,0.190058,1.169398,-0.476747,-1.325916
676,2879895610,0.852907,0.130558,-0.464511,0.199342,1.730090,0.509264,-0.667478
677,2879928944,0.851701,0.130666,-0.466229,0.200417,2.661552,-0.135969,0.669497
678,2879962278,0.856002,0.111879,-0.467904,0.189242,0.747308,0.255486,1.795015
679,2879995612,0.861593,0.082861,-0.470351,0.171944,0.905513,-0.713923,0.336466
680,2880028946,0.864408,0.060159,-0.473182,0.159007,-0.630051,0.752390,0.038792
681,2880062280,0.866358,0.047976,-0.473471,0.151494,-0.955544,-1.336528,-0.670794
682,2880095614,0.866918,0.042027,-0.473922,0.148622,0.519264,0.758219,-0.908996
683,2880128948,0.868679,0.033781,-0.472815,0.143896,1.184148,-0.347286,-0.995556
684,2880162282,0.870198,0.029098,-0.471524,0.139920,-0.128572,0.049060,-0.002637
685,2880195616,0.871831,0.024516,-0.470339,0.134514,0.153269,-0.292457,-0.630129
686,2880228950,0.873775,0.020361,-0.468738,0.128025,-1.143365,-0.568043,0.343795
687,2880262284,0.875776,0.016767,-0.466893,0.121447,-0.541694,-1.082716,0.854842
688,2880295618,0.877470,0.014056,-0.465404,0.115114,-0.243740,-0.832397,0.696864
689,2880328952,0.879134,0.012776,-0.464019,0.107933,0.106078,0.336026,0.533108
690,2880362286,0.880249,0.009939,-0.463911,0.099262,0.638851,-1.421418,0.118895
691,2880395620,0.881630,0.003259,-0.463768,0.087407,0.152263,-1.006607,0.367243
692,2880428954,0.881995,0.000011,-0.465182,0.075451,0.181039,-0.465587,0.796882
693,2880462288,0.880252,0.001397,-0.469882,0.066097,0.202337,-0.606042,0.823181
694,2880495622,0.877822,-0.000385,-0.475813,0.055087,-0.521841,-0.260789,0.460024
695,2880528956,0.875762,-0.000887,-0.480602,0.045451,-1.042689,1.112840,-0.325525
696,2880562290,0.874546,0.002593,-0.483413,0.038458,0.401118,1.518424,-0.752436
697,2880595624,0.874294,0.003206,-0.484418,0.030701,1.028203,0.759786,-0.288385
698,2880628958,0.874621,-0.003616,-0.484376,0.020205,1.629581,0.012101,-0.241474
699,2880662292,0.875207,-0.014845,-0.483452,0.008310,0.790179,-0.823498,-0.711036
700,2880695626,0.875201,-0.022753,-0.483225,-0.001486,0.084945,0.019357,-0.316102
701,2880728960,0.875160,-0.028014,-0.482949,-0.008633,-0.471229,1.008722,0.566534
702,2880762294,0.874760,-0.028633,-0.483553,-0.012429,-0.879329,-0.284962,1.400778
703,2880795628,0.874659,-0.027504,-0.483798,-0.012573,0.089820,-1.124555,-0.093137
704,2880828962,0.874566,-0.029037,-0.483893,-0.011893,0.745473,-0.470076,-0.877173
705,2880862296,0.874663,-0.031594,-0.483572,-0.011295,0.943838,-0.044920,-0.682635
706,2880895630,0.874780,-0.031920,-0.483397,-0.008474,0.081364,0.858818,0.451994
707,2880928964,0.875354,-0.033371,-0.482304,-0.005224,0.016683,-0.189153,0.455541
708,2880962298,0.876933,-0.037471,-0.479149,-0.002146,-0.375389,-0.077520,0.190629
709,2880995632,0.878630,-0.043311,-0.475537,0.000755,-0.045556,0.582496,-0.399118
710,2881028966,0.879943,-0.047697,-0.472665,0.004115,0.042107,0.790043,0.717738
711,2881062300,0.881275,-0.052622,-0.469622,0.006634,-0.211129,0.214277,0.200838
712,2881095634,0.882183,-0.058004,-0.467250,0.008392,-0.869944,-1.728429,-0.185260
713,2881128968,0.882815,-0.063818,-0.465258,0.010170,0.194444,-1.219737,-0.053507
714,2881162302,0.882991,-0.072384,-0.463677,0.009752,-0.903019,-0.115549,0.040359
715,2881195636,0.882345,-0.082560,-0.463250,0.007383,-0.279275,-0.895004,0.422676
716,2881228970,0.880901,-0.088268,-0.464949,0.006969,0.915421,-0.606574,-0.133537
717,2881262304,0.879401,-0.084655,-0.468310,0.013314,0.897595,0.057074,-0.865903
718,2881295638,0.878358,-0.075952,-0.471367,0.023124,1.005165,-0.273934,-0.396170
719,2881328972,0.878680,-0.066696,-0.471707,0.031114,0.569350,-0.242038,0.006248
720,2881362306,0.879363,-0.061486,-0.470986,0.033400,0.197167,-1.659791,0.943905
721,2881395640,0.880628,-0.058467,-0.469098,0.032038,-0.391325,0.101941,0.860287
722,2881428974,0.881401,-0.056325,-0.467979,0.030966,-0.501489,-0.706828,0.139633
723,2881462308,0.881257,-0.051379,-0.468736,0.032191,0.271516,1.924420,0.231048
724,2881495642,0.880999,-0.051855,-0.469254,0.030928,0.248182,-0.253979,0.194757
725,2881528976,0.880397,-0.054667,-0.470202,0.028724,1.126523,0.095359,-0.295140
726,2881562310,0.880362,-0.061192,-0.469756,0.023483,0.492846,-0.681486,-0.162753
727,2881595644,0.880992,-0.068953,-0.467816,0.015824,0.735886,-0.128773,-0.456271
728,2881628978,0.881534,-0.077007,-0.465756,0.006544,0.668773,-0.190109,-0.463500
729,2881662312,0.882323,-0.084188,-0.463048,-0.002758,0.045443,1.151467,0.566566
730,2881695646,0.883012,-0.092242,-0.460011,-0.013243,-0.394504,-0.839980,0.818626
731,2881728980,0.883541,-0.096777,-0.457634,-0.023755,-0.400817,0.094451,0.787829
732,2881762314,0.883913,-0.099416,-0.455629,-0.034922,0.194215,-0.382405,0.125241
733,2881795648,0.883816,-0.101369,-0.454367,-0.046344,0.373608,0.877043,0.030286
734,2881828982,0.883049,-0.105281,-0.453383,-0.059896,0.927567,-0.672386,-0.397690
735,2881862316,0.881377,-0.109893,-0.453478,-0.073884,0.765864,-0.006404,0.245374
736,2881895650,0.878410,-0.118038,-0.454079,-0.090983,0.754265,-0.145660,0.369813
737,2881928984,0.873646,-0.128427,-0.456141,-0.110400,0.203900,-0.271833,1.183960
738,2881962318,0.868146,-0.137264,-0.459421,-0.128124,-0.958234,-0.767537,0.096416
739,2881995652,0.863218,-0.141792,-0.462968,-0.142876,1.041832,0.310849,-0.734060
740,2882028986,0.858518,-0.147259,-0.465673,-0.156251,2.032037,0.169739,-0.471731
741,2882062320,0.853506,-0.156875,-0.466481,-0.171221,1.525486,0.310671,0.084926
742,2882095654,0.848129,-0.170066,-0.465126,-0.188190,-0.201545,-0.754033,0.282534
743,2882128988,0.843573,-0.179539,-0.464347,-0.201335,0.134236,0.214314,-0.235277
744,2882162322,0.839644,-0.185021,-0.464871,-0.211339,-0.188580,0.310198,0.318016
745,2882195656,0.836202,-0.189340,-0.466079,-0.218381,-0.242926,0.615803,0.234062
746,2882228990,0.833597,-0.191831,-0.467187,-0.223735,-0.549024,0.396336,0.009325
747,2882262324,0.831956,-0.192671,-0.467392,-0.228639,0.288495,-0.303481,-0.355499
748,2882295658,0.830464,-0.194612,-0.466502,-0.234167,0.472709,-0.207981,-0.373518
749,2882328992,0.829123,-0.198399,-0.464537,-0.239584,0.525220,-0.590691,-0.581864
750,2882362326,0.828008,-0.200847,-0.463546,-0.243296,1.081820,0.135280,-0.269672
751,2882395660,0.827375,-0.201194,-0.463170,-0.245864,0.607376,1.316844,0.341154
752,2882428994,0.827187,-0.203022,-0.461398,-0.248312,-0.093771,0.643857,0.631432
753,2882462328,0.827016,-0.205883,-0.459136,-0.250708,0.165574,0.433972,0.513181
754,2882495662,0.827523,-0.208694,-0.455881,-0.252643,-0.352762,0.283892,0.601667
755,2882528996,0.827277,-0.213476,-0.452059,-0.256295,0.658233,0.074731,0.514814
756,2882562330,0.827337,-0.220677,-0.446272,-0.260114,-0.097111,0.045542,1.006651
757,2882595664,0.827127,-0.227705,-0.440517,-0.264499,0.496740,1.129930,1.086267
758,2882628998,0.826165,-0.237113,-0.433518,-0.270730,-1.328551,-0.684230,0.769526
759,2882662332,0.823212,-0.248639,-0.426757,-0.279969,-1.075464,-0.446545,1.132476
760,2882695666,0.818289,-0.261262,-0.420835,-0.291628,-0.298212,0.163799,1.339962
761,2882729000,0.812477,-0.274003,-0.415659,-0.303373,0.514773,0.270056,0.075648
762,2882762334,0.806954,-0.287704,-0.408809,-0.314531,0.042355,0.306527,-1.071245
763,2882795668,0.803471,-0.297625,-0.402312,-0.322494,-0.497156,-0.115801,-0.957396
764,2882829002,0.802119,-0.303177,-0.396172,-0.328238,-0.259709,-1.509423,-0.470542
765,2882862336,0.800252,-0.309332,-0.388454,-0.336180,0.134249,-2.861341,0.375201
766,2882895670,0.797677,-0.313060,-0.382036,-0.346059,0.049291,-1.687384,-0.162814
767,2882929004,0.794665,-0.313121,-0.378257,-0.356913,-0.458589,0.099935,0.921775
768,2882962338,0.790987,-0.314127,-0.374271,-0.368222,-0.267748,0.154505,0.769234
769,2882995672,0.786378,-0.317145,-0.370118,-0.379531,0.571471,-0.110067,0.381031
770,2883029006,0.782146,-0.320415,-0.366719,-0.388718,-0.348391,-0.778644,-0.056632
771,2883062340,0.778859,-0.322178,-0.364369,-0.396003,0.243243,-0.422482,-0.751604
772,2883095674,0.776404,-0.323050,-0.362189,-0.402066,0.220140,0.012431,-0.457622
773,2883129008,0.773606,-0.324647,-0.359321,-0.408694,-0.517813,0.049055,-0.781070
774,2883162342,0.770814,-0.325874,-0.356678,-0.415255,0.263070,0.822153,0.207272
775,2883195676,0.768444,-0.325895,-0.355384,-0.420704,-0.998794,0.202321,1.111739
776,2883229010,0.767197,-0.324161,-0.355804,-0.423952,-2.398234,-0.351754,0.473873
777,2883262344,0.766575,-0.320344,-0.359401,-0.424943,0.652895,-1.583687,0.384902
778,2883295678,0.764410,-0.318567,-0.362450,-0.427582,0.405898,-1.037694,-0.158907
779,2883329012,0.760853,-0.317086,-0.364975,-0.432846,0.413640,-0.375272,0.283477
780,2883362346,0.755802,-0.316522,-0.366047,-0.441123,-0.854162,-0.145591,-0.199860
781,2883395680,0.750025,-0.314902,-0.368598,-0.449931,-0.064340,0.019194,-0.018984
782,2883429014,0.742756,-0.315678,-0.370070,-0.460122,-0.597377,0.402383,1.183507
783,2883462348,0.733158,-0.320576,-0.368514,-0.473193,1.084222,1.111031,1.120555
784,2883495682,0.723814,-0.324231,-0.365607,-0.487138,0.616259,2.149856,1.091543
785,2883529016,0.714783,-0.328225,-0.360263,-0.501565,0.318826,0.044890,-0.016231
786,2883562350,0.708413,-0.329726,-0.357733,-0.511333,-0.815494,-1.245378,-1.168640
787,2883595684,0.705429,-0.328589,-0.358905,-0.515355,0.187937,-1.109811,-0.363366
788,2883629018,0.702283,-0.328435,-0.358005,-0.520350,-0.866859,-1.194539,-0.858408
789,2883662352,0.699015,-0.328234,-0.356964,-0.525567,1.406560,-0.658281,-0.368660
790,2883695686,0.695023,-0.328723,-0.354637,-0.532091,-0.205584,-0.247771,-0.154963
791,2883729020,0.691440,-0.329762,-0.352638,-0.537418,0.192605,0.434021,0.735869
792,2883762354,0.689237,-0.331378,-0.349158,-0.541509,0.132192,0.808358,0.557295
793,2883795688,0.688372,-0.333329,-0.345567,-0.543712,-0.095478,0.257297,-0.266807
794,2883829022,0.688802,-0.335339,-0.341836,-0.544289,-0.228838,0.292887,-0.197771
795,2883862356,0.688948,-0.336464,-0.339365,-0.544957,0.546556,-0.169263,-0.258728
796,2883895690,0.689695,-0.337508,-0.336891,-0.544901,-0.554572,0.350096,0.306430
797,2883929024,0.689889,-0.339931,-0.332841,-0.545638,-1.211053,0.917703,-0.248122
798,2883962358,0.690316,-0.343114,-0.327819,-0.546145,0.560767,1.179136,0.234625
799,2883995692,0.690701,-0.346993,-0.321171,-0.547157,0.006685,0.306502,0.402221
800,2884029026,0.691647,-0.349762,-0.314823,-0.547888,-0.013972,0.409919,0.706933
801,2884062360,0.693214,-0.352256,-0.308923,-0.547668,-0.809600,0.655146,-0.057747
802,2884095694,0.696099,-0.353325,-0.304937,-0.545549,-1.008988,0.619588,0.150628
803,2884129028,0.699331,-0.354700,-0.301156,-0.542616,-1.008116,0.301060,0.174321
804,2884162362,0.702044,-0.355832,-0.297193,-0.540553,-0.348469,0.558271,-0.465775
805,2884195696,0.705024,-0.356483,-0.295434,-0.537199,-0.104591,0.653747,0.471477
806,2884229030,0.706715,-0.357329,-0.295357,-0.534451,-0.878558,0.189983,0.607002
807,2884262364,0.707676,-0.356482,-0.297638,-0.532475,0.873551,0.386395,1.795731
808,2884295698,0.708529,-0.356115,-0.300074,-0.530215,-1.391207,-1.269955,-0.450191
809,2884329032,0.711985,-0.351537,-0.306361,-0.525019,-0.245535,-1.220120,-0.484961
810,2884362366,0.717152,-0.345032,-0.310853,-0.519634,-0.035155,-0.736945,-0.273173
811,2884395700,0.719825,-0.341828,-0.310966,-0.517985,-0.648127,-1.360850,-0.082533
812,2884429034,0.720358,-0.340870,-0.308306,-0.519463,-1.050687,-0.825769,0.150001
813,2884462368,0.719997,-0.340691,-0.306019,-0.521430,-0.434961,-0.481201,0.600777
814,2884495702,0.720665,-0.337853,-0.308383,-0.520961,0.217012,-0.044159,-0.134941
815,2884529036,0.722096,-0.332968,-0.313146,-0.519281,-0.418572,-0.012478,0.760308
816,2884562370,0.723673,-0.328787,-0.316054,-0.517986,0.597179,-0.428112,-0.062044
817,2884595704,0.724674,-0.327161,-0.316366,-0.517426,-0.510209,-0.445817,-0.091069
818,2884629038,0.724556,-0.327178,-0.314917,-0.518464,-0.533316,-0.726416,-0.159598
819,2884662372,0.724169,-0.327462,-0.312634,-0.520204,0.179894,0.587266,0.435545
820,2884695706,0.723042,-0.327931,-0.310005,-0.523041,-0.381099,0.005109,0.048946
821,2884729040,0.722763,-0.326404,-0.309575,-0.524634,-0.116965,0.629737,0.692569
822,2884762374,0.722856,-0.324263,-0.309128,-0.526095,-0.083057,0.591242,0.932434
823,2884795708,0.721859,-0.322102,-0.309273,-0.528700,-0.420438,-0.529989,0.173738
824,2884829042,0.719919,-0.319692,-0.309237,-0.532813,-0.129485,-0.365607,-0.035917
825,2884862376,0.716482,-0.319539,-0.307103,-0.538738,-0.653516,-0.584032,-0.114018
826,2884895710,0.712435,-0.320290,-0.305332,-0.544635,-0.071218,-0.463537,-0.194048
827,2884929044,0.707627,-0.321793,-0.304432,-0.550489,0.230936,-0.193319,0.180307
828,2884962378,0.702780,-0.323829,-0.306162,-0.554529,-0.787003,0.162985,1.001593
829,2884995712,0.697472,-0.325441,-0.311382,-0.557374,-0.477162,0.751298,1.447299
830,2885029046,0.692892,-0.324501,-0.320028,-0.558736,0.489637,-0.085283,-0.272086
831,2885062380,0.689898,-0.322346,-0.328498,-0.558772,1.083777,-0.912153,-0.851172
832,2885095714,0.686682,-0.322274,-0.332914,-0.560160,-0.215420,-1.375627,-0.845613
833,2885129048,0.683995,-0.323464,-0.334195,-0.561995,0.292010,-1.655250,-0.264719
834,2885162382,0.680482,-0.327052,-0.330861,-0.566141,1.642459,-0.439014,-0.180602
835,2885195716,0.675974,-0.333004,-0.326806,-0.570411,-1.128595,0.113612,0.192138
836,2885229050,0.674671,-0.335947,-0.326116,-0.570623,-0.294651,1.033985,0.752778
837,2885262384,0.674441,-0.337047,-0.327753,-0.569307,0.652929,1.138921,0.204314
838,2885295718,0.674771,-0.336459,-0.330596,-0.567617,0.601362,0.874868,-0.235488
839,2885329052,0.675799,-0.335583,-0.332150,-0.566003,0.516310,0.035958,0.077041
840,2885362386,0.676950,-0.337468,-0.330186,-0.564655,-0.749503,-0.530592,-0.476233
841,2885395720,0.678490,-0.340336,-0.327250,-0.562791,-0.074444,-0.721689,-0.489161
842,2885429054,0.679900,-0.342522,-0.324083,-0.561594,0.797618,0.233868,0.233121
843,2885462388,0.681533,-0.343691,-0.321392,-0.560446,-0.749608,0.780379,0.179542
844,2885495722,0.683976,-0.342989,-0.318676,-0.559451,0.673658,0.156290,-0.061677
845,2885529056,0.687777,-0.340875,-0.315796,-0.557713,0.250166,0.550170,-0.140025
846,2885562390,0.691630,-0.337874,-0.311343,-0.557277,0.627828,0.454313,0.897041
847,2885595724,0.694174,-0.338346,-0.302938,-0.558459,-0.513471,-0.174728,0.146673
848,2885629058,0.696188,-0.339996,-0.293863,-0.559798,-0.492398,-0.425566,0.516181
849,2885662392,0.698737,-0.341790,-0.286128,-0.559536,0.911315,-0.719325,0.207917
850,2885695726,0.699750,-0.345630,-0.278476,-0.559771,-0.840569,-0.243286,1.162053
851,2885729060,0.700524,-0.350270,-0.274240,-0.558008,-0.278455,-0.526186,1.591166
852,2885762394,0.701669,-0.353094,-0.273935,-0.554932,-0.851331,0.992962,1.832026
853,2885795728,0.704682,-0.353655,-0.277232,-0.549088,-0.608434,-0.451124,-0.230500
854,2885829062,0.709153,-0.350049,-0.283056,-0.542633,0.481992,-0.332740,0.118053
855,2885862396,0.711926,-0.347324,-0.286039,-0.539178,-0.502971,-1.152316,-0.388147
856,2885895730,0.711632,-0.348341,-0.284633,-0.539654,-0.664021,-1.627755,-0.458298
857,2885929064,0.708274,-0.351613,-0.280480,-0.544104,-1.912123,-0.793113,-0.029433
858,2885962398,0.704512,-0.351703,-0.279622,-0.549348,-0.727076,0.037560,-0.372792
859,2885995732,0.702891,-0.348431,-0.283025,-0.551761,-0.245306,0.589182,0.849195
860,2886029066,0.701842,-0.345135,-0.286424,-0.553412,-0.173030,-0.087362,0.479524
861,2886062400,0.700343,-0.343616,-0.288271,-0.555294,0.643413,-0.196754,-0.720888
862,2886095734,0.698870,-0.341500,-0.290052,-0.557523,1.219228,-0.724293,-0.004421
863,2886129068,0.697060,-0.339033,-0.292329,-0.560099,0.523695,-0.609905,0.333923
864,2886162402,0.694937,-0.336854,-0.294318,-0.563003,-1.905450,0.889442,0.825999
865,2886195736,0.692020,-0.334226,-0.295626,-0.567460,0.404035,0.249610,0.082153
866,2886229070,0.688437,-0.333064,-0.295278,-0.572659,0.409368,0.631730,0.196074
867,2886262404,0.683629,-0.332720,-0.293452,-0.579516,-0.760378,0.458861,-0.768274
868,2886295738,0.680709,-0.330603,-0.292797,-0.584474,-0.328712,0.374405,0.197948
869,2886329072,0.676565,-0.330462,-0.290570,-0.590447,-0.277911,-0.453252,-0.435812
870,2886362406,0.671927,-0.330709,-0.288992,-0.596349,0.767742,0.292884,0.368293
871,2886395740,0.665045,-0.331467,-0.288081,-0.604034,0.834631,0.123825,1.083876
872,2886429074,0.657024,-0.333768,-0.288532,-0.611287,-2.372388,0.240133,-0.096650
873,2886462408,0.650485,-0.334443,-0.291464,-0.616498,-0.782071,0.646378,0.937449
874,2886495742,0.643602,-0.335827,-0.296770,-0.620425,-2.405784,0.132105,0.798540
875,2886529076,0.637419,-0.334775,-0.305160,-0.623301,-0.666994,0.379884,0.366521
876,2886562410,0.632831,-0.331767,-0.313998,-0.625192,-0.291966,-0.501205,-0.799655
877,2886595744,0.629238,-0.329366,-0.320441,-0.626816,0.391837,-1.798758,-1.333670
878,2886629078,0.626510,-0.327570,-0.325166,-0.628055,1.345501,-1.851868,-0.404279
879,2886662412,0.622158,-0.330148,-0.322864,-0.632206,-0.326548,-1.262316,-0.790657
880,2886695746,0.616063,-0.335744,-0.317968,-0.637686,0.214658,-1.094555,-0.519073
881,2886729080,0.609920,-0.341408,-0.312522,-0.643251,0.230006,1.021040,0.715745
882,2886762414,0.607275,-0.343576,-0.312171,-0.644768,0.866251,1.820542,0.986924
883,2886795748,0.606514,-0.345073,-0.311445,-0.645036,-0.166653,1.109790,0.107495
884,2886829082,0.607655,-0.346375,-0.310974,-0.643489,1.066029,0.489640,0.088353
885,2886862416,0.608765,-0.348587,-0.308430,-0.642469,0.272220,0.311058,-0.478460
886,2886895750,0.610398,-0.351229,-0.305304,-0.640972,-0.304139,0.709616,0.406414
887,2886929084,0.612993,-0.353372,-0.302288,-0.638744,-0.848769,0.718311,-0.716452
888,2886962418,0.615917,-0.354955,-0.299002,-0.636596,1.149475,1.421512,0.097939
889,2886995752,0.619217,-0.356804,-0.294494,-0.634459,-0.075906,0.835886,0.087189
890,2887029086,0.624324,-0.357186,-0.289934,-0.631331,0.030970,1.831964,2.071242
891,2887062420,0.628388,-0.358014,-0.282763,-0.630082,-0.750261,-0.030823,0.225381
892,2887095754,0.631217,-0.359930,-0.273851,-0.630099,-0.812315,-0.807476,-0.503846
893,2887129088,0.632286,-0.363984,-0.263845,-0.630967,-0.832651,-0.828983,-0.709261
894,2887162422,0.631144,-0.369614,-0.254163,-0.632809,-1.202271,-0.363473,1.057740
895,2887195756,0.628742,-0.376092,-0.248010,-0.633824,-1.320382,0.010716,1.494084
896,2887229090,0.628706,-0.379031,-0.248863,-0.631771,-0.532762,0.602078,0.427591
897,2887262424,0.632755,-0.377520,-0.254282,-0.626454,1.252346,-0.410923,-1.988632
898,2887295758,0.639411,-0.373968,-0.261192,-0.618937,0.577385,-1.695003,-1.575679
899,2887329092,0.645076,-0.369340,-0.265850,-0.613835,-0.124087,-1.018221,-0.982503
900,2887362426,0.647517,-0.366507,-0.265455,-0.613133,-0.911003,-0.821999,0.239916
901,2887395760,0.645746,-0.366636,-0.261405,-0.616653,-2.331386,-0.964683,0.435876
902,2887429094,0.645604,-0.364255,-0.263511,-0.617315,-1.870968,0.318891,0.521453
903,2887462428,0.649437,-0.355714,-0.275066,-0.613222,0.869344,1.045706,0.571864
904,2887495762,0.653274,-0.348601,-0.285296,-0.608540,1.340463,0.859242,1.093534
905,2887529096,0.655156,-0.346119,-0.289428,-0.605976,0.330055,-0.570761,0.173368
906,2887562430,0.656228,-0.345769,-0.288916,-0.605259,-1.440752,0.183976,-0.527694
907,2887595764,0.656288,-0.343498,-0.290094,-0.605924,0.392556,-0.718587,-0.498184
908,2887629098,0.655723,-0.341405,-0.288968,-0.608252,-0.975859,0.026340,-0.587868
909,2887662432,0.654878,-0.339689,-0.287622,-0.610756,0.181298,-0.052996,0.051326
910,2887695766,0.653123,-0.338483,-0.285726,-0.614185,0.684141,0.461227,0.178362
911,2887729100,0.650007,-0.337635,-0.284227,-0.618637,0.615828,0.434883,0.437306
912,2887762434,0.645413,-0.336671,-0.283193,-0.624419,2.044953,-0.540353,1.618793
913,2887795768,0.638025,-0.340003,-0.279864,-0.631666,-1.280462,-0.260917,0.247204
914,2887829102,0.628220,-0.346654,-0.273441,-0.640628,0.434923,-0.605063,0.836710
915,2887862436,0.616160,-0.355986,-0.268177,-0.649388,-2.084524,-1.033330,0.414885
916,2887895770,0.606479,-0.362269,-0.269901,-0.654294,-1.232598,0.710485,1.527974
917,2887929104,0.598962,-0.364825,-0.273269,-0.658388,0.410493,0.167791,-1.177733
918,2887962438,0.593182,-0.364912,-0.277701,-0.661710,0.233155,-0.677716,0.074399
919,2887995772,0.586707,-0.366654,-0.278379,-0.666219,0.011038,-2.503397,-0.679703
920,2888029106,0.580900,-0.368573,-0.276837,-0.670876,0.329191,-0.931706,-0.014968
921,2888062440,0.575709,-0.371300,-0.273976,-0.675008,-0.113967,-0.622200,-0.137162
922,2888095774,0.571724,-0.373325,-0.273233,-0.677575,0.142946,0.675533,-0.358063
923,2888129108,0.569839,-0.373991,-0.276032,-0.677661,0.753820,0.775447,0.703641
924,2888162442,0.570037,-0.374231,-0.280233,-0.675634,-0.992097,0.839041,0.339531
925,2888195776,0.571075,-0.373635,-0.284067,-0.673483,0.847957,0.582932,0.329816
926,2888229110,0.571227,-0.374060,-0.286712,-0.671996,0.007236,-0.055008,-0.598996
927,2888262444,0.570485,-0.375964,-0.286944,-0.671465,0.721172,-0.285679,-0.016161
928,2888295778,0.569281,-0.378516,-0.286219,-0.671362,-0.496450,-0.195421,0.020675
929,2888329112,0.569519,-0.381018,-0.284536,-0.670460,0.342057,1.080558,0.364648
930,2888362446,0.570230,-0.382672,-0.281724,-0.670101,0.003686,1.055912,-0.458690
931,2888395780,0.572088,-0.383569,-0.278233,-0.669463,-0.297180,0.527098,-1.126571
932,2888429114,0.575038,-0.384486,-0.272952,-0.668583,-1.061781,1.112518,-0.122326
933,2888462448,0.577109,-0.385519,-0.266550,-0.668786,0.779468,-0.254819,0.182652
934,2888495782,0.578338,-0.387139,-0.259979,-0.669375,0.728888,-0.507071,0.429532
935,2888529116,0.580662,-0.389012,-0.251856,-0.669383,-0.934776,0.284509,0.033879
936,2888562450,0.583541,-0.391241,-0.244361,-0.668357,-0.813817,-0.248768,0.243898
937,2888595784,0.586858,-0.393963,-0.238451,-0.665984,-0.239833,0.049976,0.414462
938,2888629118,0.588485,-0.397857,-0.233868,-0.663855,-0.913010,-0.490348,0.360623
939,2888662452,0.589832,-0.401090,-0.233560,-0.660816,-0.997994,-0.715229,0.250910
940,2888695786,0.593515,-0.401140,-0.238643,-0.655653,-0.413849,-0.641978,0.706517
941,2888729120,0.598794,-0.399185,-0.245871,-0.649344,-1.071646,0.678339,-0.152466
942,2888762454,0.604186,-0.394827,-0.254500,-0.643665,-0.580810,-0.555122,0.118229
943,2888795788,0.606933,-0.391802,-0.258896,-0.641171,-0.057789,-0.551002,-0.145223
944,2888829122,0.606538,-0.390797,-0.259544,-0.641895,-0.482100,-0.631059,-0.113038
945,2888862456,0.605377,-0.390148,-0.259274,-0.643493,0.656831,-0.316306,0.641614
946,2888895790,0.604169,-0.390745,-0.259786,-0.644060,-0.677579,-0.156452,-0.360471
947,2888929124,0.604329,-0.388694,-0.263219,-0.643756,1.134923,0.147529,-0.689274
948,2888962458,0.603922,-0.387687,-0.264331,-0.644289,-0.766969,-0.485134,-0.030124
949,2888995792,0.603676,-0.387535,-0.264408,-0.644581,-0.349749,-0.616607,-0.640177
950,2889029126,0.602110,-0.387412,-0.262650,-0.646834,-0.115160,-0.026482,-0.656863
951,2889062460,0.600159,-0.386719,-0.261070,-0.649695,0.079922,-0.039525,0.044056
952,2889095794,0.597977,-0.386139,-0.258562,-0.653046,-0.126428,0.204407,0.336049
953,2889129128,0.594922,-0.386031,-0.255335,-0.657158,0.382116,-0.285524,0.176586
954,2889162462,0.591319,-0.385383,-0.254400,-0.661140,0.352800,-0.075351,0.501390
955,2889195796,0.587073,-0.385346,-0.252634,-0.665607,-1.327353,0.498682,-0.249661
956,2889229130,0.583699,-0.384306,-0.252357,-0.669271,0.154308,0.625819,0.540394
957,2889262464,0.580045,-0.384804,-0.250847,-0.672720,-0.060650,0.111502,0.152820
958,2889295798,0.575468,-0.384861,-0.250108,-0.676881,0.847440,0.208420,1.134392
959,2889329132,0.570111,-0.387015,-0.249689,-0.680332,-0.771774,0.066160,0.620063
960,2889362466,0.563327,-0.389371,-0.249900,-0.684548,0.036495,0.413261,1.292091
961,2889395800,0.555477,-0.393013,-0.252379,-0.687964,-0.956085,0.550550,1.162096
962,2889429134,0.548131,-0.395144,-0.257998,-0.690546,0.168151,0.677012,0.574249
963,2889462468,0.543085,-0.394613,-0.266452,-0.691626,0.389873,-0.729710,-0.530701
964,2889495802,0.539589,-0.394185,-0.272967,-0.692065,-0.496103,-1.290180,-1.156443
965,2889529136,0.536481,-0.394703,-0.275943,-0.693006,0.649619,-1.690849,-0.964498
966,2889562470,0.532462,-0.396908,-0.275990,-0.694824,0.884309,-2.187283,0.342342
967,2889595804,0.524020,-0.403116,-0.268866,-0.700439,-1.668195,-0.368248,-0.257154
968,2889629138,0.513525,-0.408706,-0.261416,-0.707754,1.076296,-0.163514,0.244813
969,2889662472,0.504570,-0.413905,-0.256118,-0.713091,-0.884558,1.207786,0.677783
970,2889695806,0.499828,-0.416398,-0.254546,-0.715538,-0.237430,1.252902,0.304301
971,2889729140,0.497911,-0.417901,-0.253643,-0.716318,0.741520,-0.431641,0.539845
972,2889762474,0.496907,-0.417895,-0.252348,-0.717476,0.166242,-0.664594,0.225556
973,2889795808,0.497224,-0.417821,-0.250556,-0.717927,-0.798773,-0.428055,-0.728595
974,2889829142,0.497885,-0.417241,-0.248612,-0.718481,0.272904,-0.782863,-0.328179
975,2889862476,0.501122,-0.414704,-0.248717,-0.717663,0.421077,0.353678,-0.044504
976,2889895810,0.508211,-0.409008,-0.252223,-0.714718,0.359757,1.057663,0.021243
977,2889929144,0.518115,-0.398750,-0.259128,-0.710922,2.295285,0.951331,0.139635
978,2889962478,0.528878,-0.385296,-0.268810,-0.706809,0.460405,0.383292,-0.088374
979,2889995812,0.542060,-0.370079,-0.281597,-0.699942,-0.532283,-1.110622,-1.228667
980,2890029146,0.554066,-0.356782,-0.296217,-0.691359,-0.501694,-1.332007,-1.297106
981,2890062480,0.563497,-0.346898,-0.308376,-0.683403,-1.050824,-0.951658,-0.681773
982,2890095814,0.568340,-0.343040,-0.314073,-0.678730,-0.591090,-0.548944,1.419249
983,2890129148,0.566918,-0.347776,-0.311387,-0.678747,-0.631918,-0.809281,2.317958
984,2890162482,0.561100,-0.358596,-0.301018,-0.682618,-0.486846,0.211855,1.712959
985,2890195816,0.555361,-0.370043,-0.290706,-0.685665,0.700675,0.293215,0.429620
986,2890229150,0.552872,-0.379222,-0.282448,-0.686112,-0.640215,-0.108107,-0.563600
987,2890262484,0.552868,-0.385339,-0.275043,-0.685715,0.309920,-0.119996,-0.040836
988,2890295818,0.551845,-0.389793,-0.266421,-0.687424,-0.106079,-0.700590,0.219124
989,2890329152,0.547982,-0.395468,-0.253447,-0.692162,-0.869721,-0.779810,0.003508
990,2890362486,0.540039,-0.400728,-0.241992,-0.699441,-0.454636,-0.661799,0.312037
991,2890395820,0.532965,-0.403635,-0.236865,-0.704929,-1.381455,0.533691,0.455827
992,2890429154,0.528289,-0.403416,-0.237736,-0.708274,-0.016434,0.747842,0.410837
993,2890462488,0.525249,-0.402320,-0.239944,-0.710410,-0.561941,0.192467,-0.199129
994,2890495822,0.522434,-0.400689,-0.241404,-0.712909,-0.185977,-0.250862,-0.264925
995,2890529156,0.519318,-0.398423,-0.240258,-0.716831,-0.681145,0.552389,0.434856
996,2890562490,0.514827,-0.397006,-0.235796,-0.722318,-0.849045,-0.175520,-0.226658
997,2890595824,0.508061,-0.397075,-0.228419,-0.729406,-0.029697,0.065082,0.180366
998,2890629158,0.499260,-0.397925,-0.220851,-0.737308,-0.505254,0.588975,0.515882
999,2890662492,0.490618,-0.398950,-0.215002,-0.744251,0.683065,0.247877,0.766098
1000,2890695826,0.483231,-0.399968,-0.213303,-0.749012,-0.381518,0.827172,0.642416
1001,2890729160,0.477258,-0.400548,-0.213447,-0.752483,0.366958,0.439912,0.026679
1002,2890762494,0.472623,-0.401181,-0.215001,-0.754626,-0.817038,0.457397,-0.248634
1003,2890795828,0.465816,-0.402841,-0.214922,-0.757989,-0.225185,-0.714378,-0.189668
1004,2890829162,0.456760,-0.405372,-0.212150,-0.762916,0.208709,-1.124884,-0.030868
1005,2890862496,0.444956,-0.409526,-0.205147,-0.769559,-0.436655,-1.192083,-0.202179
1006,2890895830,0.430210,-0.415852,-0.193685,-0.777481,0.085173,-1.074327,0.070142
1007,2890929164,0.412428,-0.423377,-0.179287,-0.786457,-0.298192,0.866141,0.928391
1008,2890962498,0.391505,-0.431772,-0.165193,-0.795620,-0.242184,1.968237,1.681049
1009,2890995832,0.374485,-0.436893,-0.161419,-0.801768,0.337312,1.962408,0.926587
1010,2891029166,0.362708,-0.439461,-0.166465,-0.804742,0.346360,0.695614,-0.017444
1011,2891062500,0.354247,-0.438664,-0.176912,-0.806715,0.981836,-1.826201,-0.213290
1012,2891095834,0.347582,-0.437221,-0.186034,-0.808344,-1.294948,-0.930547,-1.042105
1013,2891129168,0.340080,-0.436219,-0.191318,-0.810839,-0.844655,-1.711698,-0.351630
1014,2891162502,0.332697,-0.434483,-0.195628,-0.813800,-0.350454,-1.743537,-1.402853
1015,2891195836,0.326053,-0.433150,-0.200881,-0.815917,0.247772,-1.275309,-0.800287
1016,2891229170,0.320893,-0.434770,-0.201250,-0.817009,-0.771688,0.406693,-0.541737
1017,2891262504,0.319194,-0.437238,-0.199725,-0.816732,0.012627,-0.090597,0.506025
1018,2891295838,0.321411,-0.438679,-0.201241,-0.814715,-0.443031,0.019375,0.802683
1019,2891329172,0.325174,-0.440203,-0.204044,-0.811698,-0.278904,0.049869,0.545719
1020,2891362506,0.326724,-0.441868,-0.204392,-0.810081,-1.303584,-0.141313,-1.044091
1021,2891395840,0.326565,-0.444971,-0.201646,-0.809134,0.404190,-1.676150,0.633818
1022,2891429174,0.324714,-0.448275,-0.192370,-0.810314,-0.019587,0.074728,-0.051991
1023,2891462508,0.324171,-0.449599,-0.181333,-0.812339,1.387104,0.154584,0.048735
1024,2891495842,0.326440,-0.449205,-0.170833,-0.813923,0.752973,0.719917,0.365790
1025,2891529176,0.330285,-0.448543,-0.159862,-0.814965,-0.361068,0.091441,0.421469
1026,2891562510,0.334275,-0.449112,-0.148258,-0.815219,0.187661,0.335047,-0.228705
1027,2891595844,0.340148,-0.450282,-0.139262,-0.813729,0.536484,0.635724,-0.128723
1028,2891629178,0.347833,-0.450630,-0.133039,-0.811326,-0.055314,-0.131344,0.494927
1029,2891662512,0.353943,-0.451682,-0.124864,-0.809395,-0.908814,0.366054,0.745180
1030,2891695846,0.357453,-0.452566,-0.116263,-0.808640,-0.318855,0.188851,1.028804
1031,2891729180,0.357626,-0.454634,-0.107878,-0.808565,-0.775818,0.680807,0.383162
1032,2891762514,0.356737,-0.458009,-0.100477,-0.808006,-0.907864,0.547020,-0.558406
1033,2891795848,0.357272,-0.459585,-0.097601,-0.807227,0.369747,-0.447405,0.161418
1034,2891829182,0.359297,-0.459555,-0.094160,-0.806754,-1.225294,0.255388,0.120324
1035,2891862516,0.361579,-0.458457,-0.090709,-0.806755,-1.279507,0.300921,-0.507153
1036,2891895850,0.361347,-0.455920,-0.085296,-0.808884,-0.967119,-0.441368,-0.319241
1037,2891929184,0.358533,-0.453985,-0.076600,-0.812088,-0.075706,0.242080,0.615367
1038,2891962518,0.354488,-0.453132,-0.067406,-0.815150,-0.879828,0.006115,0.001643
1039,2891995852,0.353204,-0.452583,-0.063451,-0.816329,-0.260802,0.152758,0.741209
1040,2892029186,0.353551,-0.452791,-0.061606,-0.816205,0.274512,0.361651,0.805309
1041,2892062520,0.353902,-0.453584,-0.058629,-0.815832,-0.755454,-0.490646,-0.390051
1042,2892095854,0.353423,-0.454744,-0.054942,-0.815650,0.200481,-0.446569,-0.150793
1043,2892129188,0.351159,-0.456186,-0.050121,-0.816133,-0.599852,0.596412,0.073810
1044,2892162522,0.347582,-0.456369,-0.046777,-0.817759,0.133806,1.614528,0.008763
1045,2892195856,0.343794,-0.455847,-0.044368,-0.819783,0.322891,0.296460,0.105741
1046,2892229190,0.341848,-0.453270,-0.045409,-0.821966,1.181972,-0.482538,1.017884
1047,2892262524,0.338578,-0.451660,-0.045601,-0.824192,0.007253,0.462559,0.211471
1048,2892295858,0.336510,-0.449000,-0.048835,-0.826304,0.138179,0.674902,0.812118
1049,2892329192,0.336149,-0.445868,-0.054704,-0.827778,0.072493,0.959074,0.435739
1050,2892362526,0.336140,-0.442382,-0.061222,-0.829195,-0.456939,0.305587,0.573047
1051,2892395860,0.334567,-0.438799,-0.067843,-0.831217,-0.218380,-0.164131,0.433540
1052,2892429194,0.331493,-0.435695,-0.072936,-0.833646,-1.466297,-0.142376,-1.010590
1053,2892462528,0.329225,-0.432521,-0.082035,-0.835350,0.473515,-0.433806,0.595787
1054,2892495862,0.324734,-0.431288,-0.088532,-0.837081,-0.691046,1.423971,0.216214
1055,2892529196,0.319067,-0.432115,-0.094981,-0.838126,0.428089,-0.529562,1.923146
1056,2892562530,0.312871,-0.433245,-0.098497,-0.839472,0.313920,-0.160854,1.246938
1057,2892595864,0.305989,-0.433836,-0.100800,-0.841427,-0.643805,-2.050486,-1.543000
1058,2892629198,0.298338,-0.435806,-0.099516,-0.843307,-1.577925,-1.647433,-1.295642
1059,2892662532,0.287995,-0.438270,-0.092480,-0.846421,-1.405165,-1.421185,-0.454042
1060,2892695866,0.277562,-0.442216,-0.084206,-0.848715,-1.262556,-0.899179,-0.407741
1061,2892729200,0.267110,-0.446642,-0.077151,-0.850420,-0.055348,-0.798294,0.061999
1062,2892762534,0.258260,-0.451401,-0.071993,-0.851093,0.816565,0.448355,0.694420
1063,2892795868,0.249831,-0.455645,-0.068008,-0.851676,0.274011,-0.719506,0.130476
1064,2892829202,0.240335,-0.459011,-0.063944,-0.852914,0.199896,-1.272622,0.040079
1065,2892862536,0.229166,-0.462114,-0.057158,-0.854793,-0.603468,-1.014114,-0.524138
1066,2892895870,0.218794,-0.464893,-0.050519,-0.856420,-0.590625,-0.160831,-0.287586
1067,2892929204,0.212145,-0.466104,-0.046757,-0.857647,0.001968,-1.024816,-0.379771
1068,2892962538,0.206700,-0.467312,-0.041516,-0.858589,0.134449,-0.678756,0.105971
1069,2892995872,0.203095,-0.467775,-0.036370,-0.859430,-0.075826,0.504091,0.386189
1070,2893029206,0.201877,-0.467051,-0.032490,-0.860266,0.626389,-0.119489,0.071115
1071,2893062540,0.201040,-0.465993,-0.026955,-0.861226,0.424809,0.271104,-0.092220
1072,2893095874,0.201530,-0.463640,-0.017299,-0.862628,-0.068255,0.038185,0.021664
1073,2893129208,0.200786,-0.461656,-0.004638,-0.864026,-0.251423,-1.285299,0.241076
1074,2893162542,0.199043,-0.459053,0.010829,-0.865759,0.008209,-0.087217,0.488637
1075,2893195876,0.196070,-0.457021,0.029911,-0.867063,-0.278392,2.391869,-0.446978
1076,2893229210,0.195453,-0.453995,0.046127,-0.868080,-0.201996,0.186056,0.366742
1077,2893262544,0.190732,-0.452233,0.063893,-0.868924,-1.383982,0.353931,0.083127
1078,2893295878,0.183335,-0.452760,0.077043,-0.869175,-0.156240,1.148678,1.181874
1079,2893329212,0.175994,-0.453872,0.083646,-0.869501,1.159047,0.985013,1.971769
1080,2893362546,0.170016,-0.455815,0.088661,-0.869178,-0.105342,1.214420,-0.291493
1081,2893395880,0.169308,-0.456958,0.088113,-0.868771,-0.292345,-0.682996,-0.217394
1082,2893429214,0.167204,-0.456567,0.089354,-0.869258,-1.517069,-1.506268,-0.126891
1083,2893462548,0.159900,-0.455609,0.094959,-0.870539,-1.312775,-0.388163,0.378507
1084,2893495882,0.147792,-0.454043,0.104329,-0.872423,-0.751548,1.428276,0.534627
1085,2893529216,0.135102,-0.452289,0.110705,-0.874603,0.005233,1.007876,0.025170
1086,2893562550,0.123272,-0.451065,0.114280,-0.876520,0.245411,-0.422461,0.566880
1087,2893595884,0.112445,-0.449829,0.120244,-0.877812,0.104431,0.290515,-0.187538
1088,2893629218,0.103309,-0.448870,0.126137,-0.878599,-0.422150,0.807643,-0.517009
1089,2893662552,0.096758,-0.447877,0.129779,-0.879321,-0.660886,0.025810,-0.275075
1090,2893695886,0.088639,-0.446464,0.134837,-0.880134,-0.477552,0.198684,-0.453021
1091,2893729220,0.076892,-0.443982,0.142729,-0.881249,-0.706810,-0.594773,-0.155457
1092,2893762554,0.064153,-0.442204,0.150794,-0.881819,-0.200201,1.270117,-0.154712
1093,2893795888,0.050659,-0.440916,0.157543,-0.882162,0.077538,-1.340974,0.940126
1094,2893829222,0.034054,-0.439758,0.168379,-0.881536,0.675262,-0.513058,1.001375
1095,2893862556,0.014376,-0.437777,0.181599,-0.880437,1.336462,1.279324,1.053532
1096,2893895890,-0.005264,-0.434988,0.192801,-0.879539,-0.314286,-0.793613,-0.110309
1097,2893929224,-0.026584,-0.431958,0.202652,-0.878431,-0.223403,0.689601,0.020470
1098,2893962558,-0.049347,-0.430220,0.211565,-0.876196,-0.620236,1.656259,-0.080444
1099,2893995892,-0.068030,-0.431627,0.216895,-0.872944,-0.007026,1.693269,1.279502
1100,2894029226,-0.078089,-0.435430,0.215001,-0.870678,-1.143230,0.916471,1.260440
1101,2894062560,-0.078341,-0.441350,0.209847,-0.868931,-1.738899,1.974415,-1.183302
1102,2894095894,-0.072201,-0.449762,0.199928,-0.867487,-1.600581,1.689444,-1.493362
1103,2894129228,-0.067656,-0.457310,0.189310,-0.866289,-1.359807,-1.604542,-2.028272
1104,2894162562,-0.075082,-0.460651,0.188070,-0.864174,1.670541,-2.537503,0.125929
1105,2894195896,-0.087791,-0.459771,0.188500,-0.863351,3.473977,-1.587131,1.607991
1106,2894229230,-0.098800,-0.456428,0.193700,-0.862784,0.690222,-0.382182,1.116511
1107,2894262564,-0.102437,-0.454941,0.194629,-0.862936,-0.724151,-1.596474,1.156587
1108,2894295898,-0.101630,-0.454396,0.193072,-0.863668,0.055938,-1.954239,0.518516
1109,2894329232,-0.098963,-0.453304,0.190603,-0.865099,0.527137,-0.828799,0.030858
1110,2894362566,-0.095997,-0.451372,0.188252,-0.866956,0.302855,-0.190412,-0.734885
1111,2894395900,-0.094467,-0.447948,0.187703,-0.869016,-0.295537,-0.373491,-0.204958
1112,2894429234,-0.094494,-0.443611,0.190276,-0.870677,-0.075821,0.714758,-0.226521
1113,2894462568,-0.095591,-0.436470,0.192698,-0.873629,-0.689670,-0.433023,0.089270
1114,2894495902,-0.097279,-0.427899,0.196619,-0.876803,-0.147262,-0.271023,-0.062295
1115,2894529236,-0.101042,-0.418643,0.202705,-0.879456,0.063637,0.064947,0.600163
1116,2894562570,-0.104199,-0.411744,0.208819,-0.880913,-0.577988,0.734644,0.704154
1117,2894595904,-0.105432,-0.408452,0.213958,-0.881066,1.016280,0.777926,1.044822
1118,2894629238,-0.104843,-0.408205,0.215904,-0.880776,-0.198259,1.504280,0.209167
1119,2894662572,-0.101249,-0.410177,0.215142,-0.880466,0.238588,1.146025,0.224574
1120,2894695906,-0.097583,-0.412343,0.213595,-0.880245,-0.356483,0.635601,-0.291733
1121,2894729240,-0.095883,-0.413907,0.212156,-0.880046,-1.874896,0.698320,-0.643258
1122,2894762574,-0.095012,-0.415305,0.210765,-0.879816,-0.477626,0.960527,-0.584595
1123,2894795908,-0.095250,-0.415264,0.211762,-0.879570,0.409090,0.243751,0.623434
1124,2894829242,-0.095961,-0.415011,0.211891,-0.879581,0.173512,0.277249,0.147266
1125,2894862576,-0.097535,-0.416552,0.208694,-0.879444,0.197557,0.520586,0.612511
1126,2894895910,-0.098685,-0.418820,0.205761,-0.878930,0.427508,-0.038574,0.877217
1127,2894929244,-0.099770,-0.420570,0.203309,-0.878542,0.049436,-0.576804,-0.106188
1128,2894962578,-0.100075,-0.423089,0.199243,-0.878229,-0.719528,0.041265,0.030658
1129,2894995912,-0.100206,-0.425086,0.196170,-0.877942,0.058208,0.511961,-0.108950
1130,2895029246,-0.102084,-0.425839,0.193306,-0.877995,-0.199786,-0.272855,-0.627133
1131,2895062580,-0.105659,-0.425916,0.191078,-0.878023,-0.015373,-0.099138,0.444670
1132,2895095914,-0.111874,-0.424614,0.191444,-0.877804,0.684216,0.289429,0.686905
1133,2895129248,-0.119101,-0.423326,0.191706,-0.877418,-0.070766,0.165841,0.223481
1134,2895162582,-0.125178,-0.423064,0.189777,-0.877118,0.328227,-0.659691,0.657891
1135,2895195916,-0.131219,-0.423991,0.186972,-0.876389,-0.461020,-0.636183,1.195015
1136,2895229250,-0.139800,-0.425519,0.184558,-0.874832,-1.444662,-0.885836,0.487225
1137,2895262584,-0.148307,-0.427801,0.180613,-0.873140,0.146407,0.563313,0.222575
1138,2895295918,-0.156886,-0.432086,0.178388,-0.869982,-0.091982,1.917790,0.290433
1139,2895329252,-0.171038,-0.433543,0.182587,-0.865709,0.330274,1.094173,0.155159
1140,2895362586,-0.189543,-0.433681,0.190755,-0.860006,0.720726,1.051340,0.576436
1141,2895395920,-0.207401,-0.433165,0.195510,-0.855062,0.649130,-0.201485,0.988859
1142,2895429254,-0.216476,-0.434030,0.197011,-0.852025,-4.112348,2.752649,0.720116
1143,2895462588,-0.220509,-0.439399,0.196756,-0.848289,-1.411628,1.520162,-1.474253
1144,2895495922,-0.220261,-0.445447,0.190149,-0.846705,3.166164,-0.291965,0.917028
1145,2895529256,-0.218274,-0.448065,0.182727,-0.847471,-2.129154,1.400288,0.230876
1146,2895562590,-0.216206,-0.450091,0.174148,-0.848734,-0.762225,1.351476,-1.383957
1147,2895595924,-0.214000,-0.453725,0.170384,-0.848122,1.277428,1.211160,-0.436153
1148,2895629258,-0.209633,-0.458205,0.169724,-0.846935,-1.651379,-0.099196,0.264511
1149,2895662592,-0.206214,-0.462824,0.172728,-0.844653,0.095216,0.673642,-0.064267
1150,2895695926,-0.201117,-0.468121,0.175312,-0.842428,-0.031953,0.315467,-0.099423
1151,2895729260,-0.193592,-0.473645,0.174048,-0.841364,-0.051485,0.343347,0.366476
1152,2895762594,-0.188947,-0.474473,0.169844,-0.842812,3.328888,-10.457418,0.647874
1153,2895795928,-0.184862,-0.474402,0.176813,-0.842324,-2.257601,7.405734,5.200242
1154,2895829262,-0.175166,-0.478467,0.177028,-0.842052,-0.572853,1.350379,-1.294450
1155,2895862596,-0.165192,-0.482383,0.180052,-0.841191,0.749994,-0.749903,1.235471
1156,2895895930,-0.156309,-0.485187,0.185204,-0.840157,-3.068665,0.906061,-0.322746
1157,2895929264,-0.146959,-0.490440,0.190018,-0.837716,0.046487,1.388364,0.387313
1158,2895962598,-0.137670,-0.494593,0.195796,-0.835519,-1.020671,0.287113,1.240134
1159,2895995932,-0.129132,-0.499477,0.202609,-0.832346,-0.050502,0.318117,0.322556
1160,2896029266,-0.122692,-0.503827,0.209379,-0.829017,0.311048,-0.656330,1.246673
1161,2896062600,-0.119986,-0.503310,0.216860,-0.827803,0.580873,-0.673949,0.419477
1162,2896095934,-0.119075,-0.499090,0.218387,-0.830085,0.251928,-0.407448,-0.906922
1163,2896129268,-0.117622,-0.494457,0.213048,-0.834441,0.055528,-0.919111,0.136334
1164,2896162602,-0.115599,-0.491701,0.206290,-0.838042,-0.973902,2.818046,0.368692
1165,2896195936,-0.117404,-0.487988,0.207249,-0.839723,-1.047739,0.449175,-0.020963
1166,2896229270,-0.122364,-0.484674,0.211715,-0.839820,0.355970,1.023817,0.358410
1167,2896262604,-0.128911,-0.481207,0.218650,-0.839058,-0.781253,0.613365,-0.201006
1168,2896295938,-0.132835,-0.480412,0.223742,-0.837557,-1.120290,2.844317,-0.397523
1169,2896329272,-0.134303,-0.481022,0.232593,-0.834557,-0.042100,2.122861,-1.389616
1170,2896362606,-0.135778,-0.482682,0.242922,-0.830406,0.442168,0.827512,0.659979
1171,2896395940,-0.140852,-0.480255,0.253477,-0.827810,0.276151,-0.009971,-0.354137
1172,2896429274,-0.146229,-0.476716,0.264602,-0.825438,0.258518,0.408502,-0.150401
1173,2896462608,-0.150385,-0.473360,0.277287,-0.822454,0.366660,-0.965288,1.654636
1174,2896495942,-0.152855,-0.470174,0.289657,-0.819557,0.114676,-1.074459,0.650373
1175,2896529276,-0.150904,-0.469441,0.299449,-0.816815,0.109976,-1.451042,-1.424190
1176,2896562610,-0.143788,-0.471289,0.301522,-0.816272,0.349709,-0.344421,0.436161
1177,2896595944,-0.134697,-0.473039,0.301811,-0.816703,0.324865,0.344646,0.359437
1178,2896629278,-0.124579,-0.474125,0.303722,-0.816971,-0.153075,1.036184,0.578182
1179,2896662612,-0.114935,-0.475335,0.305439,-0.817042,-0.262574,-0.850031,-0.191748
1180,2896695946,-0.107862,-0.475459,0.305351,-0.817966,0.949316,-0.978439,0.583612
1181,2896729280,-0.104908,-0.473706,0.305888,-0.819166,1.033803,-0.488571,0.201474
1182,2896762614,-0.102529,-0.471075,0.305475,-0.821136,0.412301,0.121075,0.476037
1183,2896795948,-0.097292,-0.469443,0.304360,-0.823120,0.424931,1.143137,-0.312924
1184,2896829282,-0.090235,-0.469124,0.303217,-0.824526,0.503050,0.419030,0.389715
1185,2896862616,-0.084457,-0.468180,0.300386,-0.826708,0.679970,0.128554,0.992427
1186,2896895950,-0.082007,-0.465983,0.299462,-0.828529,0.221413,0.033813,0.743002
1187,2896929284,-0.081661,-0.463845,0.298687,-0.830042,0.025104,-0.293044,0.102979
1188,2896962618,-0.080376,-0.463673,0.296362,-0.831096,0.181168,0.582319,-0.211364
1189,2896995952,-0.076584,-0.464642,0.293729,-0.831847,0.802200,0.368606,0.542195
1190,2897029286,-0.072051,-0.465228,0.291450,-0.832725,0.314163,-0.161213,0.249454
1191,2897062620,-0.067091,-0.465590,0.288850,-0.833843,0.968661,0.265174,-0.306287
1192,2897095954,-0.062256,-0.465010,0.284287,-0.836107,0.877560,-0.023678,-0.008579
1193,2897129288,-0.058452,-0.463457,0.278030,-0.839341,0.709335,0.092887,0.156704
1194,2897162622,-0.056543,-0.460607,0.271816,-0.843068,1.006796,-0.110710,0.388396
1195,2897195956,-0.057128,-0.456857,0.264978,-0.847236,0.899569,0.205971,0.981371
1196,2897229290,-0.060437,-0.452141,0.259925,-0.851092,1.226761,0.799374,0.121819
1197,2897262624,-0.063288,-0.446806,0.255734,-0.854963,0.769088,-0.215318,0.185380
1198,2897295958,-0.066082,-0.441506,0.250263,-0.859114,0.811414,0.335908,-0.125701
1199,2897329292,-0.067462,-0.436291,0.244378,-0.863355,0.710000,0.634111,0.156564
1200,2897362626,-0.068531,-0.431227,0.238885,-0.867343,0.991992,0.604583,0.267570
1201,2897395960,-0.068017,-0.426341,0.232301,-0.871577,0.590763,0.295223,0.019288
1202,2897429294,-0.067138,-0.421810,0.225750,-0.875562,0.228541,0.228332,0.057407
1203,2897462628,-0.066844,-0.417446,0.219894,-0.879159,0.145818,-0.204007,0.034412
1204,2897495962,-0.067533,-0.413751,0.215039,-0.882049,0.489194,0.178923,0.431170
1205,2897529296,-0.068505,-0.410534,0.211119,-0.884421,0.321032,0.011389,0.384525
1206,2897562630,-0.069663,-0.408720,0.207331,-0.886066,-0.182625,0.307592,-0.073550
1207,2897595964,-0.069526,-0.408875,0.201736,-0.887295,0.775182,-0.043346,0.057983
1208,2897629298,-0.068696,-0.410594,0.196339,-0.887777,0.475601,-0.234052,-0.216049
1209,2897662632,-0.067310,-0.413232,0.190814,-0.887864,0.873453,-0.237829,0.244109
1210,2897695966,-0.067941,-0.415543,0.183778,-0.888221,-0.008970,-0.450792,0.496899
1211,2897729300,-0.070374,-0.417348,0.178427,-0.888277,0.912858,0.967450,0.020616
1212,2897762634,-0.072759,-0.419009,0.172345,-0.888503,0.302644,-0.072200,-0.123405
1213,2897795968,-0.073326,-0.420472,0.167384,-0.888714,-0.351258,-0.345362,-0.390950
1214,2897829302,-0.071462,-0.421171,0.163407,-0.889275,0.371972,-1.222110,0.267016
1215,2897862636,-0.067493,-0.421401,0.158435,-0.890375,-0.378982,1.201787,0.077893
1216,2897895970,-0.062927,-0.422338,0.150391,-0.891660,-0.095729,0.779692,0.099009
1217,2897929304,-0.059914,-0.425074,0.138021,-0.892567,-0.402199,1.706430,0.342357
1218,2897962638,-0.061641,-0.426687,0.125639,-0.893508,-0.180163,0.505439,1.014502
1219,2897995972,-0.068861,-0.427528,0.116210,-0.893855,-0.532466,1.461088,0.694124
1220,2898029306,-0.080287,-0.428236,0.113396,-0.892924,-0.107440,0.261929,0.247140
1221,2898062640,-0.091346,-0.428746,0.115940,-0.891288,-0.483145,0.452078,-0.268202
1222,2898095974,-0.096711,-0.428193,0.118757,-0.890617,-0.156713,-2.532957,-0.097145
1223,2898129308,-0.095414,-0.426358,0.119133,-0.891586,0.239853,-0.236440,0.294017
1224,2898162642,-0.092306,-0.423197,0.120930,-0.893176,-0.427328,0.136960,-0.676468
1225,2898195976,-0.090062,-0.419921,0.124634,-0.894441,-1.263257,-0.027046,-0.777523
1226,2898229310,-0.075552,-0.418902,0.125300,-0.896167,1.780179,6.237774,1.449406
1227,2898262644,-0.064013,-0.416815,0.131584,-0.897138,-1.430750,2.622127,-0.389980
1228,2898295978,-0.057231,-0.413773,0.141780,-0.897451,-0.443059,-1.956690,-1.046210
1229,2898329312,-0.053656,-0.410007,0.153314,-0.897504,0.753254,-0.891899,0.886007
1230,2898362646,-0.050882,-0.407325,0.164544,-0.896898,0.213335,0.601242,-0.249612
1231,2898395980,-0.044130,-0.406358,0.170526,-0.896577,0.841284,0.176407,0.539777
1232,2898429314,-0.036284,-0.406160,0.173379,-0.896471,-0.259275,1.151544,-0.509730
1233,2898462648,-0.030060,-0.406637,0.174421,-0.896283,0.154032,0.621009,0.490586
1234,2898495982,-0.027624,-0.404674,0.177767,-0.896592,-0.223446,-0.691640,0.176090
1235,2898529316,-0.029593,-0.401801,0.183846,-0.896596,-0.583363,-0.964827,0.197825
1236,2898562650,-0.033440,-0.400262,0.189277,-0.896019,0.569851,0.233553,0.824133
1237,2898595984,-0.035898,-0.399994,0.191447,-0.895582,0.381733,0.262737,0.951556
1238,2898629318,-0.038116,-0.401017,0.192524,-0.894802,0.292272,0.936300,0.820191
1239,2898662652,-0.041383,-0.401836,0.193018,-0.894183,0.483921,-0.434372,-0.071605
1240,2898695986,-0.046665,-0.403334,0.192479,-0.893364,-0.526179,-0.139273,0.310954
1241,2898729320,-0.054207,-0.404556,0.193735,-0.892114,0.107144,0.586938,0.389839
1242,2898762654,-0.062624,-0.405817,0.194947,-0.890725,-0.398290,-0.357823,-0.119325
1243,2898795988,-0.071558,-0.407898,0.194149,-0.889274,-0.337618,-0.650762,0.425570
1244,2898829322,-0.081882,-0.410464,0.191679,-0.887737,-0.638639,-0.051484,0.322159
1245,2898862656,-0.092841,-0.412895,0.186072,-0.886724,0.039664,-0.397597,0.336132
1246,2898895990,-0.106977,-0.414226,0.181140,-0.885531,0.075109,0.190080,-0.362317
1247,2898929324,-0.122866,-0.416996,0.177540,-0.882893,0.633078,1.420820,-0.132825
1248,2898962658,-0.140030,-0.420176,0.179287,-0.878467,2.315006,0.987792,2.303424
1249,2898995992,-0.158752,-0.419675,0.187868,-0.873716,1.415864,0.328982,0.234643
1250,2899029326,-0.176457,-0.418014,0.195438,-0.869445,0.538581,-0.561239,-1.975116
1251,2899062660,-0.187126,-0.418749,0.195676,-0.866803,-1.403146,-1.731800,-0.208059
1252,2899095994,-0.197669,-0.417069,0.196518,-0.865081,0.364205,-0.541531,1.006225
1253,2899129328,-0.210448,-0.412356,0.199668,-0.863603,-0.441565,-0.618650,-0.254460
1254,2899162662,-0.222385,-0.407173,0.203052,-0.862281,0.454269,0.007371,-0.069120
1255,2899195996,-0.232392,-0.403291,0.205135,-0.860972,0.986961,0.138093,0.466136
1256,2899229330,-0.238216,-0.401829,0.203880,-0.860362,0.328077,0.183839,0.035193
1257,2899262664,-0.240696,-0.401909,0.200041,-0.860536,-0.188809,-0.568879,-0.342343
1258,2899295998,-0.239916,-0.402924,0.194936,-0.861450,0.134799,-0.332486,-0.178246
1259,2899329332,-0.237354,-0.403399,0.189914,-0.863057,-1.013143,-0.848078,-0.468226
1260,2899362666,-0.233851,-0.402784,0.186956,-0.864945,1.217314,0.623603,0.114214
1261,2899396000,-0.230426,-0.400223,0.185334,-0.867399,-0.073666,-0.132392,-0.452436
1262,2899429334,-0.226617,-0.395547,0.185695,-0.870464,0.260895,-0.841053,-0.279791
1263,2899462668,-0.220959,-0.392072,0.185668,-0.873492,0.008663,0.794830,0.609836
1264,2899496002,-0.213213,-0.389380,0.184036,-0.876959,0.006016,-1.272658,0.437249
1265,2899529336,-0.204473,-0.386415,0.183368,-0.880485,-0.122465,0.629770,-0.318303
1266,2899562670,-0.194532,-0.383437,0.182786,-0.884153,0.392910,-0.913863,-0.192431
1267,2899596004,-0.185501,-0.381293,0.183471,-0.886875,-0.818573,-0.485479,-0.122674
1268,2899629338,-0.178311,-0.381045,0.184260,-0.888291,0.651434,-0.032771,1.541675
1269,2899662672,-0.172463,-0.381928,0.184361,-0.889045,0.819481,0.687557,0.512935
1270,2899696006,-0.163993,-0.384043,0.181934,-0.890236,-0.138828,0.615314,-0.161294
1271,2899729340,-0.153611,-0.385364,0.177928,-0.892325,-0.416950,0.309461,-0.105414
1272,2899762674,-0.145794,-0.384908,0.174233,-0.894559,-0.545954,0.177228,0.350801
1273,2899796008,-0.139615,-0.382568,0.172182,-0.896943,-0.496855,0.211536,0.326694
1274,2899829342,-0.138002,-0.379541,0.175730,-0.897790,-0.227557,0.727192,0.067265
1275,2899862676,-0.141369,-0.372504,0.194113,-0.896426,1.451096,1.215719,1.227776
1276,2899896010,-0.143454,-0.369104,0.206470,-0.894739,0.715159,2.111932,-0.637918
1277,2899929344,-0.142669,-0.368868,0.209792,-0.894188,-0.387294,-0.363128,-1.171638
1278,2899962678,-0.142351,-0.369032,0.214073,-0.893156,1.232425,0.764715,0.462428
1279,2899996012,-0.140998,-0.369058,0.214705,-0.893208,-0.038279,-0.431399,0.219140
1280,2900029346,-0.143977,-0.366577,0.221721,-0.892040,-0.269317,0.220146,-0.359857
1281,2900062680,-0.147557,-0.364030,0.226905,-0.891194,-0.467886,-0.038815,-0.154311
1282,2900096014,-0.151631,-0.361938,0.231859,-0.890086,-0.372236,0.775306,0.079191
1283,2900129348,-0.154621,-0.361724,0.228976,-0.890406,0.117237,-0.607033,0.536636
1284,2900162682,-0.159185,-0.361278,0.227065,-0.890272,0.706562,-0.224781,0.946351
1285,2900196016,-0.164923,-0.362116,0.226303,-0.889080,0.533549,0.820467,1.039196
1286,2900229350,-0.170482,-0.365179,0.223709,-0.887433,0.451072,1.061147,0.741871
1287,2900262684,-0.176692,-0.369733,0.229607,-0.882814,0.860402,2.067050,1.237171
1288,2900296018,-0.180419,-0.376694,0.233031,-0.878209,0.539659,1.082569,-0.199284
1289,2900329352,-0.178676,-0.387095,0.226335,-0.875790,0.190730,-0.761090,-0.313316
1290,2900362686,-0.176432,-0.394220,0.218633,-0.875023,-0.100246,-1.697088,-0.757257
1291,2900396020,-0.176062,-0.397184,0.217231,-0.874106,0.001580,-0.841545,-0.684933
1292,2900429354,-0.178625,-0.396944,0.220986,-0.872752,-0.969568,-0.669548,-0.250778
1293,2900462688,-0.183331,-0.393825,0.229223,-0.871064,0.533849,2.033085,-0.291000
1294,2900496022,-0.184223,-0.392874,0.232154,-0.870528,0.154025,1.532231,0.211864
1295,2900529356,-0.184451,-0.391187,0.234522,-0.870606,-0.482701,-0.193848,0.162801
1296,2900562690,-0.182996,-0.391072,0.236792,-0.870350,0.440660,-0.145031,-1.050915
1297,2900596024,-0.175635,-0.394124,0.231771,-0.871840,1.481051,-0.909794,0.484075
1298,2900629358,-0.163944,-0.398814,0.222935,-0.874284,1.707724,0.019214,0.222188
1299,2900662692,-0.147665,-0.403643,0.209591,-0.878261,0.175844,-1.132024,0.067638
1300,2900696026,-0.131513,-0.405989,0.195347,-0.883018,0.329511,-1.004359,0.503095
1301,2900729360,-0.118792,-0.406682,0.189976,-0.885670,-0.005068,1.497432,0.628172
1302,2900762694,-0.105878,-0.406073,0.187588,-0.888093,-0.214682,0.527930,0.340389
1303,2900796028,-0.092913,-0.405673,0.185051,-0.890256,-0.308542,0.372196,-0.311949
1304,2900829362,-0.079357,-0.405122,0.179704,-0.892910,0.706979,0.221260,-0.369324
1305,2900862696,-0.064571,-0.403832,0.173400,-0.895927,0.140820,0.134439,-0.300998
1306,2900896030,-0.049468,-0.401811,0.169160,-0.898604,-0.370306,1.260369,-0.448915
1307,2900929364,-0.033167,-0.402206,0.163422,-0.900237,-0.562205,1.121450,0.750673
1308,2900962698,-0.016790,-0.407050,0.153672,-0.900232,-0.487657,0.643040,0.754786
1309,2900996032,0.000197,-0.413101,0.141466,-0.899632,0.849933,-1.075322,1.172034
1310,2901029366,0.012914,-0.417041,0.134835,-0.898740,-0.272543,-0.183602,0.147064
1311,2901062700,0.026322,-0.420161,0.124738,-0.898452,-0.402891,0.028553,-0.728443
1312,2901096034,0.040135,-0.422552,0.113061,-0.898365,-0.479778,1.226907,0.523777
1313,2901129368,0.050191,-0.423658,0.105937,-0.898207,-0.624607,0.601116,0.216612
1314,2901162702,0.051285,-0.424554,0.107205,-0.897571,-0.570624,-0.214519,-0.308308
1315,2901196036,0.045973,-0.425335,0.114307,-0.896613,0.187115,0.984472,-0.029428
1316,2901229370,0.043701,-0.426486,0.117655,-0.895746,1.060872,0.378542,-0.018099
1317,2901262704,0.046773,-0.427874,0.114230,-0.895372,1.561585,1.181591,1.033026
1318,2901296038,0.052572,-0.428396,0.107766,-0.895602,0.361043,-0.983840,-0.363854
1319,2901329372,0.056379,-0.429131,0.102527,-0.895633,0.215537,0.184400,-0.008665
1320,2901362706,0.059402,-0.429522,0.094534,-0.896130,0.223863,0.251537,-0.052709
1321,2901396040,0.061715,-0.428927,0.083971,-0.897310,-0.153431,0.571768,-0.313241
1322,2901429374,0.062888,-0.427889,0.073973,-0.898603,-0.174263,-0.676710,0.053837
1323,2901462708,0.060538,-0.426542,0.066823,-0.899964,-0.521932,0.204390,0.047715
1324,2901496042,0.057781,-0.425407,0.057669,-0.901314,0.442420,0.272319,1.061346
1325,2901529376,0.052963,-0.424335,0.049042,-0.902626,-0.156130,1.047925,1.166540
1326,2901562710,0.048193,-0.425652,0.039015,-0.902762,-0.575210,1.333793,1.330144
1327,2901596044,0.044888,-0.430381,0.027012,-0.901128,-0.426260,2.532923,1.022937
1328,2901629378,0.044943,-0.437923,0.012867,-0.897798,-0.092772,0.268278,-0.321585
1329,2901662712,0.047968,-0.443203,-0.001902,-0.895137,0.925576,-1.468553,0.208968
1330,2901696046,0.051846,-0.445997,-0.016225,-0.893386,-0.478021,-1.505310,-1.221992
1331,2901729380,0.056371,-0.447261,-0.028382,-0.892176,-1.004823,-0.554421,-0.596765
1332,2901762714,0.059563,-0.448521,-0.037668,-0.890992,-1.536963,0.073325,-0.789678
1333,2901796048,0.059323,-0.448896,-0.043661,-0.890545,-0.762993,0.413004,0.142360
1334,2901829382,0.055028,-0.448812,-0.043882,-0.890852,-0.560056,0.100176,-0.026156
1335,2901862716,0.050792,-0.449588,-0.040817,-0.890858,-0.389020,0.294098,-0.746055
1336,2901896050,0.051961,-0.451473,-0.038581,-0.889937,0.793650,-0.316894,0.349718
1337,2901929384,0.058701,-0.453309,-0.037065,-0.888648,0.578227,-1.266681,-0.332003
1338,2901962718,0.069124,-0.455147,-0.038362,-0.886902,0.834695,-1.249155,0.456544
1339,2901996052,0.079889,-0.455451,-0.036780,-0.885908,0.228890,-0.451850,0.449592
1340,2902029386,0.089777,-0.455432,-0.030398,-0.885213,-0.178939,0.445374,0.491664
1341,2902062720,0.098434,-0.455074,-0.020941,-0.884751,0.044115,0.960196,-0.518993
1342,2902096054,0.107842,-0.454153,-0.014402,-0.884257,0.382237,0.935158,-0.612318
1343,2902129388,0.118026,-0.453020,-0.009771,-0.883601,0.560164,0.232252,-0.008945
1344,2902162722,0.129466,-0.450418,-0.007463,-0.883352,0.738500,0.150604,0.202488
1345,2902196056,0.142582,-0.446639,-0.003617,-0.883275,0.890498,1.159965,0.651039
1346,2902229390,0.155759,-0.441803,0.000202,-0.883489,0.279624,-1.126602,-0.550391
1347,2902262724,0.168783,-0.438979,0.003809,-0.882496,-0.128568,0.793266,0.684235
1348,2902296058,0.177862,-0.438228,0.006478,-0.881069,0.801343,1.913572,1.192821
1349,2902329392,0.189031,-0.439032,0.000415,-0.878363,1.327371,1.748438,1.865264
1350,2902362726,0.202104,-0.439481,-0.011434,-0.875148,0.650854,0.688314,0.779873
1351,2902396060,0.217723,-0.437000,-0.027333,-0.872287,0.545572,0.353072,0.060807
1352,2902429394,0.232963,-0.433620,-0.043768,-0.869362,-0.935451,1.126873,-0.113508
1353,2902462728,0.243618,-0.430031,-0.055537,-0.867550,-1.025072,-0.078797,0.789287
1354,2902496062,0.249446,-0.427978,-0.062170,-0.866459,-1.360435,0.627248,0.070716
1355,2902529396,0.250981,-0.426582,-0.066061,-0.866415,-0.251612,-0.400201,0.930768
1356,2902562730,0.246887,-0.425675,-0.063386,-0.868236,-1.318101,0.138572,-1.575716
1357,2902596064,0.243614,-0.423950,-0.064254,-0.869939,-0.779126,0.717627,-1.371138
1358,2902629398,0.241370,-0.421651,-0.070489,-0.871198,-0.156864,-0.106579,-0.785857
1359,2902662732,0.240578,-0.417951,-0.080558,-0.872326,0.213416,0.203023,-0.165487
1360,2902696066,0.240010,-0.415127,-0.091207,-0.872782,-0.916367,0.249378,0.695240
1361,2902729400,0.239632,-0.412988,-0.100378,-0.872895,-0.016214,0.097717,1.836178
1362,2902762734,0.237425,-0.411082,-0.105772,-0.873760,-0.028112,0.568507,1.554379
1363,2902796068,0.233777,-0.409469,-0.111658,-0.874768,-0.080625,-0.087970,0.684603
1364,2902829402,0.230586,-0.408166,-0.118973,-0.875260,-1.443354,1.228296,-0.409597
1365,2902862736,0.227882,-0.407513,-0.126842,-0.875167,-1.044858,0.317856,-0.333283
1366,2902896070,0.224955,-0.408184,-0.133837,-0.874570,-0.796946,0.523144,-0.202434
1367,2902929404,0.221337,-0.408955,-0.139891,-0.874185,-0.537106,0.170785,0.073299
1368,2902962738,0.217292,-0.411759,-0.143004,-0.873380,-0.684888,-0.307354,0.483765
1369,2902996072,0.211277,-0.417500,-0.143140,-0.872107,-0.793256,-0.312508,1.685704
1370,2903029406,0.207629,-0.424499,-0.143055,-0.869615,0.840779,0.543033,-0.010054
1371,2903062740,0.211291,-0.428543,-0.153936,-0.864878,1.135428,-0.087462,-1.259731
1372,2903096074,0.217361,-0.431073,-0.167484,-0.859583,-0.727327,-2.623274,-0.778421
1373,2903129408,0.221450,-0.434451,-0.174526,-0.855428,-1.652135,-1.376841,-0.815815
1374,2903162742,0.222125,-0.438009,-0.174367,-0.853468,-1.183741,-0.164608,-0.679523
1375,2903196076,0.219346,-0.441550,-0.168525,-0.853536,0.108308,0.680306,0.344258
1376,2903229410,0.217868,-0.443942,-0.163493,-0.853652,0.729112,0.914819,-0.138738
1377,2903262744,0.221863,-0.445204,-0.163982,-0.851871,1.063890,0.131608,0.130207
1378,2903296078,0.231031,-0.445423,-0.167407,-0.848647,1.564617,0.047178,0.061735
1379,2903329412,0.242328,-0.444160,-0.170690,-0.845498,0.994685,-0.634765,0.198925
1380,2903362746,0.254129,-0.443030,-0.172024,-0.842350,0.162611,0.158674,0.105875
1381,2903396080,0.265544,-0.441726,-0.171440,-0.839628,0.390387,0.316361,0.653782
1382,2903429414,0.277313,-0.439873,-0.169805,-0.837125,0.386819,0.459246,-0.094406
1383,2903462748,0.291686,-0.436373,-0.172140,-0.833588,0.630224,1.472073,0.152750
1384,2903496082,0.306177,-0.430070,-0.177497,-0.830539,0.917408,0.513372,-0.118512
1385,2903529416,0.320345,-0.422576,-0.184682,-0.827469,0.049728,-0.180647,-0.020411
1386,2903562750,0.332613,-0.414304,-0.188496,-0.825950,-0.056653,-0.590306,-0.428982
1387,2903596084,0.344195,-0.408507,-0.189726,-0.823808,-1.271614,0.335206,0.490987
1388,2903629418,0.351104,-0.406301,-0.186101,-0.822809,-0.387800,-0.993513,1.034158
1389,2903662752,0.353965,-0.409369,-0.178041,-0.821846,-1.164437,1.925548,0.937530
1390,2903696086,0.356222,-0.412080,-0.174895,-0.820190,0.780587,0.128530,0.628514
1391,2903729420,0.359762,-0.414196,-0.173120,-0.817952,-1.106980,0.233885,-1.183509
1392,2903762754,0.365463,-0.415174,-0.175004,-0.814521,-1.045459,-0.519656,-0.936967
1393,2903796088,0.370754,-0.414726,-0.180787,-0.811088,-0.979277,-1.189877,0.476263
1394,2903829422,0.370925,-0.417771,-0.182728,-0.809009,-2.913878,1.362779,0.338961
1395,2903862756,0.367047,-0.421488,-0.183591,-0.808654,0.368234,0.121041,1.219966
1396,2903896090,0.360683,-0.426629,-0.182527,-0.809063,-0.976064,1.720103,0.286180
1397,2903929424,0.358282,-0.430008,-0.189231,-0.806798,-0.153625,0.205662,-0.004638
1398,2903962758,0.361409,-0.432447,-0.202226,-0.800925,-0.080908,-1.237970,-0.639805
1399,2903996092,0.368538,-0.436014,-0.215494,-0.792236,0.226466,-0.581735,0.493728
1400,2904029426,0.374852,-0.441978,-0.223987,-0.783566,-1.473743,-0.292532,-0.406518
1401,2904062760,0.379725,-0.449932,-0.233927,-0.773726,0.515284,-0.345287,0.824167
1402,2904096094,0.378981,-0.459640,-0.238366,-0.767000,-0.347011,0.109786,0.001199
1403,2904129428,0.376559,-0.468579,-0.245184,-0.760608,0.198346,-0.319949,0.214133
1404,2904162762,0.373774,-0.475239,-0.254380,-0.754808,-0.068378,1.073847,0.221166
1405,2904196096,0.370291,-0.478354,-0.265323,-0.750780,0.129059,0.094942,-0.062237
1406,2904229430,0.364597,-0.479893,-0.275133,-0.749051,-0.215604,-0.356382,0.017223
1407,2904262764,0.355251,-0.482730,-0.280384,-0.749771,-0.359529,0.249104,0.802199
1408,2904296098,0.344095,-0.486327,-0.282231,-0.751953,0.148257,1.028107,1.230059
1409,2904329432,0.334665,-0.488401,-0.284375,-0.754055,0.653221,0.568443,0.588408
1410,2904362766,0.327663,-0.487655,-0.288316,-0.756113,0.503569,-0.654417,-0.540076
1411,2904396100,0.323357,-0.485705,-0.292691,-0.757540,-0.963899,-0.271864,-1.366175
1412,2904429434,0.320312,-0.484412,-0.297432,-0.757814,-0.062453,-1.024171,-0.414851
1413,2904462768,0.315173,-0.482922,-0.298636,-0.760442,-0.219850,0.137420,0.420734
1414,2904496102,0.311316,-0.480631,-0.300818,-0.762619,-1.366184,0.215816,-0.513174
1415,2904529436,0.309066,-0.477228,-0.305092,-0.763972,-0.358012,-0.001014,-0.389707
1416,2904562770,0.310199,-0.473290,-0.312818,-0.762838,0.170426,0.268533,-0.146973
1417,2904596104,0.312805,-0.470395,-0.317858,-0.761480,0.513048,-0.934275,-0.449906
1418,2904629438,0.317867,-0.468193,-0.319652,-0.759988,0.093644,-0.801537,-0.886034
1419,2904662772,0.324787,-0.466320,-0.321399,-0.757473,0.738819,-0.275387,-0.101940
1420,2904696106,0.333512,-0.463053,-0.324572,-0.754327,0.934475,-0.169176,0.070685
1421,2904729440,0.342324,-0.458753,-0.325907,-0.752428,1.928160,-0.218182,0.000874
1422,2904762774,0.346981,-0.453496,-0.324786,-0.753965,2.018235,0.840419,0.317115
1423,2904796108,0.349815,-0.447369,-0.321667,-0.757643,1.326080,0.660206,0.267514
1424,2904829442,0.352426,-0.440889,-0.315293,-0.762893,-1.632886,0.695462,-0.826381
1425,2904862776,0.359326,-0.432878,-0.310763,-0.766114,-2.044092,0.131552,1.097609
1426,2904896110,0.364214,-0.426679,-0.299223,-0.771856,-3.307133,-0.762814,1.265209
1427,2904929444,0.364569,-0.423086,-0.282476,-0.779935,-1.861897,-1.082144,1.562074
1428,2904962778,0.361793,-0.422199,-0.262774,-0.788547,-0.717987,0.198620,0.202866
1429,2904996112,0.360060,-0.421584,-0.247090,-0.794716,1.178937,0.008377,0.039875
1430,2905029446,0.360856,-0.419974,-0.237244,-0.798200,-0.238125,0.284077,-0.451404
1431,2905062780,0.363824,-0.416746,-0.232721,-0.799874,-0.926441,-0.249871,0.233498
1432,2905096114,0.366392,-0.413428,-0.228161,-0.801736,-1.329277,-0.023460,0.468693
1433,2905129448,0.367099,-0.411048,-0.220851,-0.804677,-1.348105,-0.222331,1.405879
1434,2905162782,0.364008,-0.410856,-0.208565,-0.809444,-1.819385,0.092225,0.480986
1435,2905196116,0.358770,-0.411009,-0.195387,-0.814974,-0.358006,-0.152423,0.090586
1436,2905229450,0.352951,-0.412914,-0.179827,-0.820118,-0.334598,0.697887,-0.523643
1437,2905262784,0.348703,-0.414901,-0.166210,-0.823797,1.367804,0.172125,-0.161962
1438,2905296118,0.344256,-0.417458,-0.152783,-0.826969,1.298536,0.351568,-0.582464
1439,2905329452,0.340259,-0.419002,-0.144257,-0.829370,2.120010,-0.036765,-0.085310
1440,2905362786,0.337189,-0.418834,-0.139551,-0.831511,1.146216,1.433317,-0.353712
1441,2905396120,0.337028,-0.417878,-0.139916,-0.831995,0.678446,0.175563,0.136964
1442,2905429454,0.336841,-0.417347,-0.140696,-0.832206,0.455529,0.396273,0.668414
1443,2905462788,0.335791,-0.415950,-0.142606,-0.833005,0.951856,-0.772301,0.355352
1444,2905496122,0.333041,-0.415158,-0.143912,-0.834278,-0.106899,0.487907,1.037545
1445,2905529456,0.329197,-0.415203,-0.144551,-0.835670,-0.662073,0.238041,0.548063
1446,2905562790,0.325538,-0.416469,-0.144585,-0.836467,-0.741073,-0.926448,-0.023469
1447,2905596124,0.321183,-0.419253,-0.143768,-0.836901,-0.717460,-0.780446,-0.263927
1448,2905629458,0.316678,-0.423752,-0.143579,-0.836384,-0.401624,-0.099917,-0.128210
1449,2905662792,0.311380,-0.429756,-0.144103,-0.835219,-0.193210,0.289261,0.403578
1450,2905696126,0.304793,-0.437740,-0.143358,-0.833629,-0.320411,1.086770,0.886155
1451,2905729460,0.298279,-0.444942,-0.144386,-0.831993,0.656954,0.488711,0.904794
1452,2905762794,0.293108,-0.449668,-0.147788,-0.830691,0.621010,-0.330127,-0.415454
1453,2905796128,0.289539,-0.452345,-0.152491,-0.829639,-0.499506,-0.386843,-0.953889
1454,2905829462,0.288841,-0.453390,-0.159224,-0.828045,-0.942530,-0.776938,-0.927097
1455,2905862796,0.287907,-0.454021,-0.163804,-0.827132,-0.131693,-1.494240,-1.003504
1456,2905896130,0.283724,-0.454709,-0.164514,-0.828057,0.139320,-0.759160,-0.074279
1457,2905929464,0.278826,-0.455063,-0.163356,-0.829754,-0.171823,-0.262731,-0.516202
1458,2905962798,0.276970,-0.455699,-0.164751,-0.829751,0.740167,0.297777,0.216333
1459,2905996132,0.280732,-0.454303,-0.171062,-0.827973,1.357618,0.264484,0.843914
1460,2906029466,0.289315,-0.451224,-0.181484,-0.824476,1.096031,0.231561,-0.083832
1461,2906062800,0.302136,-0.445273,-0.194858,-0.820049,1.197755,0.377415,0.063581
1462,2906096134,0.314568,-0.438194,-0.205218,-0.816653,0.584947,-0.094912,-0.502912
1463,2906129468,0.324879,-0.431198,-0.214267,-0.814012,0.662292,-0.852564,-0.058039
1464,2906162802,0.331553,-0.425941,-0.218787,-0.812885,-1.111136,0.863321,-0.476891
1465,2906196136,0.337314,-0.420102,-0.223600,-0.812244,-0.343441,-0.447121,0.341164
1466,2906229470,0.341648,-0.414783,-0.222777,-0.813392,-0.837713,-0.252161,0.653447
1467,2906262804,0.345417,-0.410980,-0.217143,-0.815251,-1.020266,-0.909288,0.486366
1468,2906296138,0.348186,-0.409185,-0.205238,-0.818055,-1.306899,-0.279968,1.431785
1469,2906329472,0.348123,-0.411279,-0.188123,-0.821141,-0.757625,-0.271847,0.529784
1470,2906362806,0.346641,-0.416845,-0.173014,-0.822283,0.003235,1.123194,1.461421
1471,2906396140,0.345688,-0.422687,-0.163482,-0.821653,-0.220541,1.533730,-0.016993
1472,2906429474,0.348020,-0.425471,-0.164480,-0.819028,-0.384964,0.062019,-0.494508
1473,2906462808,0.351379,-0.426714,-0.168895,-0.816043,-0.527264,-0.113602,0.048444
1474,2906496142,0.353740,-0.427426,-0.172381,-0.813918,-1.140325,-0.378480,-0.025695
1475,2906529476,0.354162,-0.427181,-0.174154,-0.813486,-1.078517,-0.754632,0.376036
1476,2906562810,0.352049,-0.427065,-0.171939,-0.814934,-1.561689,-0.262444,0.209833
1477,2906596144,0.352877,-0.425491,-0.172453,-0.815290,0.259430,0.017861,-0.195382
1478,2906629478,0.356347,-0.422175,-0.177411,-0.814441,1.658888,0.584029,-0.603658
1479,2906662812,0.359696,-0.418088,-0.185843,-0.813196,1.422601,-0.871505,-0.341155
1480,2906696146,0.361200,-0.416131,-0.190712,-0.812405,-0.858604,-0.634522,0.090292
1481,2906729480,0.361863,-0.416319,-0.191411,-0.811849,-0.977612,0.437059,-0.295702
1482,2906762814,0.361335,-0.416122,-0.192906,-0.811831,0.814528,-0.945126,0.071620
1483,2906796148,0.358274,-0.418317,-0.190830,-0.812550,-0.288592,-0.305382,0.073148
1484,2906829482,0.352431,-0.420940,-0.187075,-0.814622,0.123141,-0.651559,0.943133
1485,2906862816,0.344068,-0.424645,-0.180142,-0.817830,-0.569493,-0.197261,0.669389
1486,2906896150,0.334567,-0.428473,-0.172619,-0.821390,-0.724428,1.111875,0.643551
1487,2906929484,0.324140,-0.429658,-0.167880,-0.825922,-0.341773,-0.350555,1.025112
1488,2906962818,0.311675,-0.432042,-0.161438,-0.830746,-1.114887,-1.086570,-0.350531
1489,2906996152,0.297474,-0.436679,-0.152852,-0.835141,-0.876267,-0.915155,0.386500
1490,2907029486,0.285426,-0.443298,-0.145900,-0.837099,0.031083,0.001224,0.844632
1491,2907062820,0.278522,-0.446372,-0.147797,-0.837459,1.077440,-0.308237,-1.142934
1492,2907096154,0.272504,-0.448682,-0.152482,-0.837364,-0.220669,0.457478,-1.576055
1493,2907129488,0.267736,-0.448046,-0.165224,-0.836826,-1.495445,-0.498885,-1.959515
1494,2907162822,0.259610,-0.450177,-0.165935,-0.838100,-0.235507,-2.284707,1.137821
1495,2907196156,0.248515,-0.452541,-0.156392,-0.842016,-0.387024,0.857240,0.486689
1496,2907229490,0.242552,-0.453684,-0.154238,-0.843536,1.327708,-2.144999,0.403486
1497,2907262824,0.238442,-0.455085,-0.152358,-0.844294,0.679936,-0.509469,1.176459
1498,2907296158,0.236494,-0.456340,-0.149667,-0.844646,-0.009632,-0.105796,-0.367153
1499,2907329492,0.233486,-0.457284,-0.147843,-0.845294,0.021935,-0.507170,-0.491149
1500,2907362826,0.227787,-0.457517,-0.144978,-0.847217,0.119824,-0.773646,-0.150101
1501,2907396160,0.222294,-0.458669,-0.140956,-0.848730,-1.073624,0.311911,-1.280766
1502,2907429494,0.218400,-0.460405,-0.140707,-0.848843,0.017893,-0.905614,-0.458207
1503,2907462828,0.215261,-0.462829,-0.140056,-0.848434,0.016137,-0.714179,-0.234143
1504,2907496162,0.212262,-0.465983,-0.137854,-0.847823,-0.572905,-0.130435,-0.726869
1505,2907529496,0.211015,-0.468943,-0.133715,-0.847165,-0.465960,-0.718793,-0.282505
1506,2907562830,0.212283,-0.472593,-0.126181,-0.845975,-1.566531,-0.247269,1.691926
1507,2907596164,0.219083,-0.475069,-0.118297,-0.843991,-2.146916,-1.929860,1.784311
1508,2907629498,0.222608,-0.480608,-0.102507,-0.841996,-2.212096,0.334297,1.194690
1509,2907662832,0.222662,-0.488060,-0.085391,-0.839601,-0.100745,1.306413,0.777633
1510,2907696166,0.219614,-0.493969,-0.072188,-0.838187,-0.350499,1.634161,-0.064766
1511,2907729500,0.215677,-0.497172,-0.064746,-0.837923,-0.726392,0.862366,-0.016519
1512,2907762834,0.207943,-0.497335,-0.059323,-0.840179,-0.679548,-1.292368,0.627449
1513,2907796168,0.198336,-0.497191,-0.051309,-0.843110,-1.851038,0.429049,0.142832
1514,2907829502,0.188048,-0.496574,-0.044199,-0.846228,0.152345,-2.356826,0.515531
1515,2907862836,0.174821,-0.496027,-0.033541,-0.849867,-0.296434,-0.449600,0.071622
1516,2907896170,0.166428,-0.496913,-0.026920,-0.851269,0.462048,1.032931,0.001213
1517,2907929504,0.160326,-0.497601,-0.023322,-0.852143,1.233271,-0.163528,-0.302526
1518,2907962838,0.151322,-0.498995,-0.016505,-0.853133,0.053844,0.691086,-0.019594
1519,2907996172,0.138683,-0.499808,-0.009811,-0.854907,0.049461,-0.557328,0.374905
1520,2908029506,0.122667,-0.499231,-0.003694,-0.857736,-0.772193,-1.337787,-0.710696
1521,2908062840,0.106087,-0.498887,0.002191,-0.860149,-0.744549,-1.080914,-0.258410
1522,2908096174,0.089767,-0.498567,0.009049,-0.862145,-0.355550,-0.257275,0.866958
1523,2908129508,0.072959,-0.498569,0.016818,-0.863613,-0.470378,0.678435,0.544517
1524,2908162842,0.056589,-0.498715,0.022921,-0.864615,0.690250,0.089261,0.726798
1525,2908196176,0.038422,-0.498496,0.028992,-0.865557,0.241758,0.008317,-0.083612
1526,2908229510,0.017385,-0.498142,0.036872,-0.866139,-0.152843,-0.194804,-0.143746
1527,2908262844,-0.005054,-0.496903,0.045369,-0.866606,-0.126768,-0.205655,0.617997
1528,2908296178,-0.029394,-0.495206,0.054243,-0.866584,-1.442737,-0.349741,-0.484519
1529,2908329512,-0.055032,-0.495818,0.060789,-0.864549,-2.218878,-0.496885,-0.396800
1530,2908362846,-0.079975,-0.498969,0.067601,-0.860272,-1.472716,0.806823,0.094802
1531,2908396180,-0.104293,-0.500856,0.074940,-0.855952,-2.221555,-0.441140,-0.265950
1532,2908429514,-0.127770,-0.500709,0.084346,-0.851971,-2.905314,0.934710,-0.643256
1533,2908462848,-0.149037,-0.496754,0.098415,-0.849318,-0.467318,0.543421,0.677479
1534,2908496182,-0.168277,-0.488551,0.115565,-0.848321,1.775025,0.187724,1.003037
1535,2908529516,-0.189177,-0.479228,0.135195,-0.846332,-0.297867,-0.489817,1.054648
1536,2908562850,-0.212587,-0.470826,0.156491,-0.841809,0.905539,1.127288,0.145095
1537,2908596184,-0.229274,-0.468501,0.166506,-0.836791,3.171221,0.927414,-0.311089
1538,2908629518,-0.237980,-0.470098,0.167263,-0.833306,-0.097434,-1.620486,-0.515065
1539,2908662852,-0.249162,-0.468147,0.172077,-0.830150,-0.662615,-1.912313,-0.183177
1540,2908696186,-0.261878,-0.463287,0.181499,-0.826950,-1.650859,-0.983301,-0.093199
1541,2908729520,-0.278106,-0.454686,0.200756,-0.821960,-1.000182,-0.249343,-0.494822
1542,2908762854,-0.292455,-0.445394,0.222367,-0.816487,-0.464483,0.307159,-1.128788
1543,2908796188,-0.299716,-0.438457,0.240521,-0.812452,-0.199534,-0.245260,0.003819
1544,2908829522,-0.304783,-0.432668,0.257213,-0.808548,0.441958,-0.003205,0.301909
1545,2908862856,-0.306453,-0.427485,0.271105,-0.806132,0.135845,-0.088505,0.639743
1546,2908896190,-0.304514,-0.421427,0.285888,-0.804948,1.125094,-0.196867,0.780437
1547,2908929524,-0.299460,-0.414482,0.301825,-0.804633,-0.022293,-0.357755,0.138741
1548,2908962858,-0.295169,-0.405792,0.317982,-0.804425,-1.648018,-0.614602,0.802677
1549,2908996192,-0.295456,-0.397277,0.334216,-0.801985,-1.204789,-0.185308,1.581613
1550,2909029526,-0.300380,-0.391900,0.346928,-0.797390,-0.323740,-0.431959,1.919904
1551,2909062860,-0.306940,-0.390425,0.351664,-0.793532,0.886205,-1.249462,1.468822
1552,2909096194,-0.314515,-0.387869,0.355068,-0.790296,1.015859,-1.466763,0.227078
1553,2909129528,-0.325576,-0.382449,0.358591,-0.786860,0.191408,-0.447456,-1.029318
1554,2909162862,-0.339789,-0.374790,0.363066,-0.782472,-1.393006,1.327241,-0.386464
1555,2909196196,-0.355442,-0.367167,0.368145,-0.776738,0.167001,3.670903,0.349339
1556,2909229530,-0.368821,-0.362288,0.367632,-0.773025,-0.723187,1.420989,-0.537140
1557,2909262864,-0.378911,-0.360692,0.363064,-0.771049,0.192528,-0.564552,-0.349382
1558,2909296198,-0.390284,-0.358575,0.357278,-0.769063,-1.516682,-1.352796,0.230334
1559,2909329532,-0.402793,-0.353678,0.355138,-0.765866,-0.819685,-0.136005,0.650744
1560,2909362866,-0.415993,-0.346415,0.358216,-0.760678,0.366504,0.618278,0.023228
1561,2909396200,-0.428903,-0.339673,0.361849,-0.754807,0.243674,0.576314,-0.384504
1562,2909429534,-0.441782,-0.333916,0.362872,-0.749437,-0.383007,-0.094592,-0.330583
1563,2909462868,-0.453561,-0.329382,0.364770,-0.743462,2.146146,0.782973,0.159280
1564,2909496202,-0.464966,-0.326692,0.363306,-0.738303,-2.354882,-0.491582,0.236016
1565,2909529536,-0.476748,-0.322980,0.365051,-0.731531,-0.475990,0.639791,0.236160
1566,2909562870,-0.488887,-0.320106,0.366221,-0.724159,-0.751906,-0.655609,0.604120
1567,2909596204,-0.501836,-0.316628,0.367872,-0.715947,-0.562333,0.001833,-0.334692
1568,2909629538,-0.515327,-0.312948,0.369584,-0.707045,1.290143,-0.420128,0.055619
1569,2909662872,-0.528058,-0.310947,0.369494,-0.698529,0.199154,0.342596,-0.192518
1570,2909696206,-0.540330,-0.310512,0.368291,-0.689921,-1.309416,0.581487,0.220892
1571,2909729540,-0.555171,-0.309474,0.369644,-0.677774,0.928657,1.004638,0.513595
1572,2909762874,-0.568904,-0.313945,0.369284,-0.664395,1.975962,-0.363227,0.991813
1573,2909796208,-0.580954,-0.320364,0.367755,-0.651628,-0.310731,-1.260171,0.797841
1574,2909829542,-0.593113,-0.324872,0.366306,-0.639139,1.182938,1.251913,-1.280339
1575,2909862876,-0.601231,-0.330307,0.364055,-0.629988,-0.493332,1.199872,0.011597
1576,2909896210,-0.608200,-0.334136,0.362047,-0.622392,-1.490715,1.227223,0.463611
1577,2909929544,-0.618089,-0.329408,0.366244,-0.612638,-0.144365,-0.254699,0.192297
1578,2909962878,-0.628719,-0.321194,0.371244,-0.603099,-1.334484,0.203052,0.111881
1579,2909996212,-0.638929,-0.312977,0.376414,-0.593406,0.010495,1.109660,-0.551374
1580,2910029546,-0.648003,-0.306047,0.380999,-0.584183,-0.123681,0.546786,-0.969958
1581,2910062880,-0.652523,-0.305795,0.383263,-0.577769,0.712072,-0.065706,-0.185605
1582,2910096214,-0.655834,-0.307398,0.383969,-0.572677,-1.980833,0.019454,0.233826
1583,2910129548,-0.660011,-0.302614,0.388636,-0.567253,0.678248,-0.676219,-0.030553
1584,2910162882,-0.663776,-0.294908,0.394606,-0.562779,-0.023678,0.130719,-0.689678
1585,2910196216,-0.666697,-0.288269,0.398735,-0.559848,-0.699095,0.009792,0.048093
1586,2910229550,-0.670232,-0.279587,0.403073,-0.556916,-0.912058,1.182996,0.335817
1587,2910262884,-0.673915,-0.266308,0.409980,-0.553930,-0.321237,1.696665,0.448451
1588,2910296218,-0.679402,-0.246095,0.420280,-0.548833,-0.336758,2.104389,1.038184
1589,2910329552,-0.688197,-0.220844,0.432141,-0.539324,0.430137,0.336133,0.731102
1590,2910362886,-0.697265,-0.197199,0.443272,-0.527681,0.894797,-0.535921,0.412522
1591,2910396220,-0.704129,-0.182073,0.451312,-0.517081,1.909130,-0.556820,0.469894
1592,2910429554,-0.708833,-0.173703,0.455817,-0.509526,0.620535,-0.908408,0.454449
1593,2910462888,-0.713681,-0.165435,0.458950,-0.502652,0.623968,-0.122318,-0.275895
1594,2910496222,-0.718004,-0.157317,0.461082,-0.497120,0.545012,1.182024,0.433063
1595,2910529556,-0.725174,-0.144947,0.463722,-0.487932,-0.025983,2.233472,0.462660
1596,2910562890,-0.733018,-0.130052,0.467354,-0.476817,0.509902,0.283076,0.157747
1597,2910596224,-0.740898,-0.117654,0.470026,-0.465089,0.401645,-0.896922,0.151678
1598,2910629558,-0.748634,-0.108315,0.471619,-0.453204,0.493368,-0.830059,0.216345
1599,2910662892,-0.757106,-0.097734,0.473896,-0.438935,-0.597911,0.186876,0.177671
1600,2910696226,-0.764379,-0.087665,0.477265,-0.424572,0.578532,-0.645267,-0.000858
1601,2910729560,-0.770134,-0.082312,0.478497,-0.413717,-0.576348,-0.370444,0.021681
1602,2910762894,-0.776119,-0.078649,0.478939,-0.402584,-0.658045,0.138083,-0.144564
1603,2910796228,-0.782248,-0.075145,0.478627,-0.391613,1.230253,-0.828678,0.512557
1604,2910829562,-0.788734,-0.071075,0.478149,-0.379768,-0.303133,0.121707,0.314463
1605,2910862896,-0.795758,-0.066302,0.477185,-0.366974,-0.293826,0.210599,-0.083250
1606,2910896230,-0.802692,-0.063234,0.476158,-0.353502,-0.314611,-0.261659,0.238173
1607,2910929564,-0.809046,-0.060344,0.476386,-0.338915,0.595659,-0.425639,0.073474
1608,2910962898,-0.814367,-0.057836,0.478338,-0.323509,1.246617,-1.440358,0.569422
1609,2910996232,-0.818881,-0.058852,0.479561,-0.309830,0.930276,0.280334,0.505028
1610,2911029566,-0.824909,-0.061727,0.478340,-0.294805,0.301627,0.672738,-0.224895
1611,2911062900,-0.832559,-0.063139,0.476563,-0.275228,0.960027,1.007611,0.484459
1612,2911096234,-0.839911,-0.057252,0.478381,-0.249855,2.587988,-0.110004,1.216437
1613,2911129568,-0.844554,-0.043917,0.484027,-0.224771,0.308666,-0.299454,0.902463
1614,2911162902,-0.847915,-0.029916,0.489610,-0.201074,-1.116631,-0.100335,0.384941
1615,2911196236,-0.850874,-0.017704,0.493272,-0.179963,-1.109670,-0.832395,-1.011015
1616,2911229570,-0.853197,-0.015402,0.494305,-0.165782,-1.878696,-0.466275,-0.835473
1617,2911262904,-0.855734,-0.017997,0.493509,-0.154426,-1.818952,2.029757,-0.173936
1618,2911296238,-0.859181,-0.020161,0.490901,-0.142899,-0.385188,0.853729,0.141544
1619,2911329572,-0.862694,-0.020014,0.488078,-0.130929,0.691444,-0.339000,-0.430155
1620,2911362906,-0.864872,-0.021459,0.486619,-0.121409,1.366720,-0.304936,-0.721968
1621,2911396240,-0.865074,-0.026223,0.487468,-0.115486,-0.204385,0.250731,-0.061806
1622,2911429574,-0.864134,-0.037736,0.488939,-0.113095,-0.888656,-0.980931,0.367628
1623,2911462908,-0.862574,-0.054377,0.489671,-0.115048,-1.102709,0.622343,0.505826
1624,2911496242,-0.861604,-0.067252,0.489148,-0.117699,-0.541099,0.648316,-0.111222
1625,2911529576,-0.861214,-0.075585,0.487889,-0.120686,0.433420,-0.537292,-0.903869
1626,2911562910,-0.861664,-0.079775,0.485735,-0.123433,0.145752,0.583525,-0.257576
1627,2911596244,-0.862720,-0.080067,0.483219,-0.125721,0.227941,0.467194,0.282917
1628,2911629578,-0.865068,-0.074457,0.479658,-0.126671,0.293885,0.347775,0.155807
1629,2911662912,-0.868097,-0.065126,0.475298,-0.127523,-0.156269,0.794628,0.463373
1630,2911696246,-0.870993,-0.055836,0.470870,-0.128602,-0.454406,0.203638,1.184039
1631,2911729580,-0.873724,-0.046512,0.466839,-0.128481,0.319624,-0.942717,1.562653
1632,2911762914,-0.874957,-0.041644,0.464528,-0.130124,0.445851,-0.835106,1.319352
1633,2911796248,-0.875183,-0.042243,0.463778,-0.131086,0.656086,-1.365168,-0.130429
1634,2911829582,-0.873986,-0.049246,0.464075,-0.135504,0.561429,0.173964,-0.633710
1635,2911862916,-0.872984,-0.056799,0.463972,-0.139304,0.854438,-0.147802,-0.398079
1636,2911896250,-0.872777,-0.062715,0.462978,-0.141361,0.497484,-0.415481,0.744214
1637,2911929584,-0.874253,-0.063378,0.460724,-0.139292,0.461564,-0.425741,1.011940
1638,2911962918,-0.876251,-0.059346,0.458917,-0.134389,0.037548,-1.616482,1.037303
1639,2911996252,-0.877022,-0.058880,0.458279,-0.131718,0.136265,-0.854936,-0.207159
1640,2912029586,-0.877215,-0.062410,0.457430,-0.131756,-1.139953,0.711124,0.633093
1641,2912062920,-0.877523,-0.063427,0.456868,-0.131171,0.248349,0.033509,-0.180760
1642,2912096254,-0.877955,-0.060567,0.456733,-0.130098,0.284245,0.802102,-0.191731
1643,2912129588,-0.879730,-0.053244,0.455659,-0.124972,-0.027430,0.605080,-0.336572
1644,2912162922,-0.881503,-0.044726,0.455262,-0.117017,0.265522,-0.544937,-0.111217
1645,2912196256,-0.883475,-0.036937,0.454483,-0.107504,0.015721,0.241401,-0.415680
1646,2912229590,-0.884931,-0.030337,0.454552,-0.096754,-0.313617,1.109019,0.126804
1647,2912262924,-0.886294,-0.026237,0.454113,-0.087054,-0.953499,0.114839,1.048422
1648,2912296258,-0.887248,-0.025690,0.453384,-0.081106,-0.039855,-0.945370,0.038356
1649,2912329592,-0.886827,-0.032615,0.454249,-0.078327,-0.113625,-0.332876,0.407511
1650,2912362926,-0.886146,-0.042678,0.455198,-0.075647,0.421503,-1.003229,-0.014181
1651,2912396260,-0.885512,-0.048329,0.457031,-0.068257,1.151886,-1.855827,-0.911319
1652,2912429594,-0.883267,-0.049460,0.462715,-0.057379,1.541690,-2.436073,-0.178720
1653,2912462928,-0.879415,-0.050872,0.470818,-0.048741,0.416384,0.179434,0.856007
1654,2912496262,-0.876690,-0.050871,0.476657,-0.040365,-0.915528,2.753291,0.611238
1655,2912529596,-0.875161,-0.044913,0.480841,-0.029533,-0.066935,1.566949,-0.201969
1656,2912562930,-0.874169,-0.036887,0.483860,-0.018754,0.671848,0.226322,-0.409441
1657,2912596264,-0.873806,-0.031664,0.485143,-0.009991,1.243641,-0.773648,0.079795
1658,2912629598,-0.874087,-0.023675,0.485195,-0.001087,0.934958,-0.657078,-0.623487
1659,2912662932,-0.874764,-0.015453,0.484244,0.007778,0.499300,-1.058194,-1.094906
1660,2912696266,-0.875237,-0.013265,0.483357,0.012363,0.161157,0.387067,0.246013
1661,2912729600,-0.875968,-0.013627,0.481964,0.014443,0.165576,0.460249,0.735995
1662,2912762934,-0.877367,-0.013180,0.479382,0.015783,0.346370,1.493756,1.030515
1663,2912796268,-0.879375,-0.007700,0.475714,0.018420,0.658077,-0.337642,0.101293
1664,2912829602,-0.881522,-0.001647,0.471722,0.019974,-0.319358,-0.253424,0.150092
1665,2912862936,-0.883303,0.001615,0.468400,0.019438,0.479509,-0.084679,-0.101258
1666,2912896270,-0.885387,0.005596,0.464462,0.018361,0.246022,-0.548669,-0.468512
1667,2912929604,-0.887373,0.009894,0.460703,0.015094,-0.621806,-0.825179,0.241335
1668,2912962938,-0.890116,0.014602,0.455344,0.012064,0.617893,-0.579380,0.614494
1669,2912996272,-0.892680,0.020860,0.450125,0.008844,0.519031,-0.373073,0.182374
1670,2913029606,-0.895300,0.029084,0.444450,0.007749,0.434343,-0.332335,0.805187
1671,2913062940,-0.896966,0.039689,0.440257,0.007321,0.202900,-2.314849,1.474799
1672,2913096274,-0.897321,0.049826,0.438474,0.008774,-0.172258,-0.988603,0.767707
1673,2913129608,-0.896729,0.055222,0.439028,0.009243,-0.312157,0.157723,0.088890
1674,2913162942,-0.895593,0.055176,0.441411,0.005327,0.198579,-0.394147,-0.606310
1675,2913196276,-0.894603,0.050460,0.443980,-0.005036,-0.025734,-0.655907,-0.523116
1676,2913229610,-0.893746,0.042153,0.446297,-0.016252,0.617106,-0.097073,-0.400758
1677,2913262944,-0.893457,0.034460,0.447223,-0.023276,0.187759,-0.493273,0.821458
1678,2913296278,-0.893578,0.031196,0.447205,-0.023596,0.559156,-1.319201,0.811079
1679,2913329612,-0.893529,0.028647,0.447591,-0.021228,-0.197933,-1.076414,0.968907
1680,2913362946,-0.892970,0.022835,0.449057,-0.020856,0.231795,-0.351965,-0.512419
1681,2913396280,-0.892040,0.013477,0.451063,-0.025056,0.544250,2.333330,0.021467
1682,2913429614,-0.891157,0.009520,0.452709,-0.028394,-0.195708,0.414468,0.251438
1683,2913462948,-0.890951,0.007632,0.453055,-0.029886,-0.135445,-0.172149,-0.501503
1684,2913496282,-0.891065,0.003419,0.452886,-0.029828,0.387376,0.590627,-0.489810
1685,2913529616,-0.891284,0.001272,0.452640,-0.027053,-0.142333,-0.885485,-0.477276
1686,2913562950,-0.891392,0.001141,0.452667,-0.022689,-0.931923,-1.658601,0.080043
1687,2913596284,-0.892268,-0.000794,0.451235,-0.015756,0.335589,3.423375,0.712213
1688,2913629618,-0.891974,-0.001434,0.452009,-0.008433,-0.509854,-2.168285,0.730513
1689,2913662952,-0.891183,-0.002417,0.453633,-0.002823,-0.773065,0.418619,1.641884
1690,2913696286,-0.890532,0.000281,0.454895,0.005071,0.107597,0.051254,-0.030217
1691,2913729620,-0.889792,0.002922,0.456109,0.015155,0.643208,-0.743701,-0.687727
1692,2913762954,-0.888048,0.000831,0.459146,0.023641,1.025719,-2.723483,0.461639
1693,2913796288,-0.885305,-0.001601,0.463922,0.031818,0.666204,-1.516337,1.104828
1694,2913829622,-0.882909,-0.004526,0.467926,0.038723,0.547638,-0.428980,-0.246881
1695,2913862956,-0.880912,-0.010692,0.471121,0.043914,0.707679,0.410923,-0.838931
1696,2913896290,-0.879199,-0.017426,0.473861,0.046525,0.921714,0.315889,-0.658371
1697,2913929624,-0.878299,-0.021175,0.475249,0.047781,0.812379,-0.524585,-0.807337
1698,2913962958,-0.878188,-0.022340,0.475074,0.050928,1.463320,1.857072,-0.258621
1699,2913996292,-0.877926,-0.020755,0.475027,0.056292,0.817221,-0.876707,-0.656421
1700,2914029626,-0.877495,-0.022117,0.475508,0.058385,-0.892247,-0.544573,0.313977
1701,2914062960,-0.877273,-0.025827,0.475828,0.057584,-0.323570,0.640113,0.725130
1702,2914096294,-0.877478,-0.028955,0.475472,0.055881,-0.448460,0.432950,0.719054
1703,2914129628,-0.878080,-0.030536,0.474531,0.053544,0.036041,0.025075,0.549563
1704,2914162962,-0.879251,-0.029557,0.472613,0.051819,-0.012649,-0.529004,0.002456
1705,2914196296,-0.880758,-0.027426,0.470245,0.048841,0.808429,-0.065478,-1.240752
1706,2914229630,-0.882594,-0.023560,0.467361,0.045275,-0.293103,-0.664175,-0.349960
1707,2914262964,-0.884364,-0.020398,0.464565,0.040820,0.357647,0.160264,0.731059
1708,2914296298,-0.886623,-0.014404,0.460753,0.037449,0.343400,-0.150455,0.374427
1709,2914329632,-0.889397,-0.006593,0.455687,0.035825,0.667925,0.242787,-0.411430
1710,2914362966,-0.891942,0.002123,0.450896,0.033634,1.039273,-0.633762,-0.408155
1711,2914396300,-0.894202,0.010932,0.446577,0.029240,0.567203,-0.457981,-0.095796
1712,2914429634,-0.896042,0.018568,0.443003,0.022723,0.736667,0.471802,0.369159
1713,2914462968,-0.897650,0.030999,0.439257,0.017907,-0.469432,-1.484538,0.959434
1714,2914496302,-0.897681,0.042486,0.438389,0.013482,-0.775960,-0.689558,1.372231
1715,2914529636,-0.896981,0.048849,0.439285,0.008464,-1.551017,-1.108223,1.732615
1716,2914562970,-0.896039,0.047275,0.441455,0.000808,0.641550,1.957151,-0.256116
1717,2914596304,-0.895117,0.042092,0.443757,-0.008772,0.165533,-0.702437,-1.201075
1718,2914629638,-0.894932,0.035176,0.444444,-0.018242,-0.363748,0.702018,-0.375111
1719,2914662972,-0.895734,0.032659,0.442842,-0.022103,0.575174,-0.492425,-0.182168
1720,2914696306,-0.896459,0.036301,0.441148,-0.020845,0.418066,-1.943788,0.429004
1721,2914729640,-0.897309,0.038233,0.439494,-0.014958,0.339783,-1.163067,0.263131
1722,2914762974,-0.897583,0.035518,0.439278,-0.010966,-0.058584,-0.391256,0.650208
1723,2914796308,-0.897637,0.030710,0.439581,-0.008748,-0.227068,0.500705,-0.117415
1724,2914829642,-0.897336,0.023861,0.440622,-0.008688,0.086982,0.613986,0.650570
1725,2914862976,-0.897253,0.020781,0.440936,-0.009192,1.175901,-0.351442,-0.314644
1726,2914896310,-0.896883,0.019429,0.441741,-0.009604,-0.100767,-0.855738,-0.293660
1727,2914929644,-0.896651,0.017636,0.442309,-0.008493,0.046188,-0.187834,-0.525496
1728,2914962978,-0.896804,0.015597,0.442121,-0.005676,-0.145990,-0.389953,0.471298
1729,2914996312,-0.897005,0.014739,0.441776,-0.001357,0.296602,-1.475312,0.294383
1730,2915029646,-0.897070,0.011514,0.441730,0.003178,-0.755454,0.033405,1.203140
1731,2915062980,-0.897164,0.007738,0.441542,0.008952,-0.179758,-0.220159,0.613544
1732,2915096314,-0.896910,0.003934,0.441953,0.014789,0.121957,-0.894098,0.167444
1733,2915129648,-0.896319,0.001189,0.442867,0.021988,0.690533,-1.220818,-0.161335
1734,2915162982,-0.894873,0.000441,0.445285,0.030435,1.436005,-0.712735,-0.385442
1735,2915196316,-0.891988,0.003487,0.450346,0.039190,0.557715,-1.827475,0.941257
1736,2915229650,-0.888987,0.004922,0.455567,0.046261,-0.754894,-0.066755,1.392551
1737,2915262984,-0.886709,0.002160,0.459389,0.052032,0.046133,1.321997,-0.815030
1738,2915296318,-0.884636,-0.003386,0.463020,0.054988,0.572507,0.508274,-0.944728
1739,2915329652,-0.883010,-0.007975,0.466108,0.054547,1.093782,-0.248087,-1.261087
1740,2915362986,-0.882406,-0.008365,0.467233,0.054652,0.877633,0.357253,-0.857002
1741,2915396320,-0.882020,-0.004439,0.467788,0.056551,0.666638,0.196201,0.279401
1742,2915429654,-0.881594,-0.000202,0.468195,0.059906,0.247955,-0.350377,-0.492098
1743,2915462988,-0.880535,-0.001983,0.470280,0.059110,-1.255205,-0.846408,0.442851
1744,2915496322,-0.879397,-0.009213,0.472862,0.054603,-0.668125,0.256736,0.683524
1745,2915529656,-0.879080,-0.013936,0.473789,0.050522,-0.981733,0.441379,1.601373
1746,2915562990,-0.880499,-0.010395,0.471281,0.050117,-0.126908,0.295319,0.570697
1747,2915596324,-0.882399,-0.002699,0.467737,0.050883,0.476725,-0.367272,-0.180017
1748,2915629658,-0.884183,0.003693,0.464455,0.049923,0.668861,-0.001993,-1.236799
1749,2915662992,-0.885954,0.007896,0.461362,0.046607,0.082673,0.494163,0.078074
1750,2915696326,-0.888028,0.011022,0.457753,0.041835,0.835380,-0.090869,-0.027268
1751,2915729660,-0.890072,0.013765,0.454300,0.034589,0.248551,0.487457,0.521832
1752,2915762994,-0.892380,0.018874,0.450068,0.027285,0.741513,0.131614,-0.328482
1753,2915796328,-0.894543,0.024477,0.445827,0.020866,0.621107,0.521406,-0.094515
1754,2915829662,-0.896127,0.032588,0.442265,0.017287,0.722671,-1.111303,0.235243
1755,2915862996,-0.896704,0.042733,0.440287,0.015686,-0.395510,-0.968991,0.686130
1756,2915896330,-0.896563,0.049689,0.439901,0.013974,-1.006827,-0.474572,0.785325
1757,2915929664,-0.896028,0.052157,0.440833,0.009161,-0.144437,-0.743086,0.327123
1758,2915962998,-0.895661,0.050994,0.441806,0.001082,0.455796,-0.260909,-0.594904
1759,2915996332,-0.895813,0.048501,0.441736,-0.006239,0.189793,0.584225,-0.005017
1760,2916029666,-0.896343,0.049044,0.440557,-0.008760,0.519925,-1.337296,0.531061
1761,2916063000,-0.896952,0.050287,0.439199,-0.007443,0.457755,-0.746285,-0.243355
1762,2916096334,-0.897241,0.048996,0.438791,-0.004764,-0.784066,-0.511972,0.236293
1763,2916129668,-0.897361,0.044972,0.438993,-0.003016,-0.056675,-0.880028,0.014277
1764,2916163002,-0.897200,0.040630,0.439733,-0.004316,-0.504649,0.220014,0.707052
1765,2916196336,-0.897290,0.039885,0.439595,-0.006300,-0.554855,-0.575537,0.798810
1766,2916229670,-0.897005,0.041145,0.440036,-0.007826,0.381052,0.336986,-0.652712
1767,2916263004,-0.896683,0.038949,0.440886,-0.008111,0.777605,0.710329,-0.211474
1768,2916296338,-0.895963,0.035502,0.442635,-0.008183,-0.231202,0.354489,0.552682
1769,2916329672,-0.895519,0.032785,0.443770,-0.006563,0.105059,-0.350912,0.497512
1770,2916363006,-0.895446,0.028947,0.444218,-0.003686,-0.991961,0.510332,1.237195
1771,2916396340,-0.895539,0.026343,0.444207,0.000560,-0.217307,-1.302566,0.687970
1772,2916429674,-0.895600,0.024600,0.444157,0.004883,-0.545367,-1.061514,0.360684
1773,2916463008,-0.895454,0.023717,0.444409,0.010189,0.603685,-0.677844,-0.275059
1774,2916496342,-0.894837,0.021110,0.445617,0.015797,0.489818,-0.498378,-0.335266
1775,2916529676,-0.893233,0.015406,0.448915,0.019394,0.187039,-0.946115,0.694998
1776,2916563010,-0.890757,0.008597,0.453892,0.021539,0.341323,-0.848862,0.073677
1777,2916596344,-0.887378,-0.000637,0.460545,0.021493,-0.426854,0.097331,0.738182
1778,2916629678,-0.884423,-0.011314,0.466093,0.020716,-0.392352,-0.299903,0.145135
1779,2916663012,-0.882048,-0.020885,0.470242,0.020759,1.410671,0.542977,-1.025846
1780,2916696346,-0.879796,-0.030406,0.473930,0.020681,1.915640,0.663876,-0.616860
1781,2916729680,-0.878594,-0.034687,0.475858,0.020780,0.668010,0.035567,-0.615874
1782,2916763014,-0.878243,-0.033905,0.476461,0.022976,0.102942,0.023856,-0.452886
1783,2916796348,-0.877686,-0.033330,0.477475,0.024025,-0.239245,-0.662305,0.093127
1784,2916829682,-0.876854,-0.036218,0.478929,0.021113,-0.694175,-0.447520,0.628955
1785,2916863016,-0.876062,-0.040275,0.480239,0.016324,-0.333478,0.404883,0.616509
1786,2916896350,-0.876137,-0.041811,0.480099,0.011956,-0.455502,-0.241318,0.022012
1787,2916929684,-0.876605,-0.042726,0.479222,0.009409,0.473475,-1.253713,-0.549437
1788,2916963018,-0.877169,-0.042315,0.478259,0.007459,0.399866,0.568294,-0.538829
1789,2916996352,-0.879163,-0.037795,0.474985,0.006008,-0.128457,-1.177348,0.178773
1790,2917029686,-0.881055,-0.033720,0.471795,0.004269,-0.276575,-0.027499,0.313333
1791,2917063020,-0.882780,-0.029762,0.468847,0.000700,0.046754,-0.051045,0.603936
1792,2917096354,-0.884937,-0.023454,0.465077,-0.006566,-0.028079,0.060023,-0.218200
1793,2917129688,-0.887004,-0.016496,0.461201,-0.015789,1.014477,0.853412,-0.048394
1794,2917163022,-0.889112,-0.007581,0.456969,-0.024595,0.151315,-0.689013,0.286425
1795,2917196356,-0.890766,0.000992,0.453290,-0.032665,0.206834,0.954954,0.013230
1796,2917229690,-0.892184,0.010294,0.450061,-0.036739,-0.470985,-0.099005,0.089338
1797,2917263024,-0.893041,0.020816,0.447865,-0.038290,-1.115675,-0.481988,1.242487
1798,2917296358,-0.892409,0.027935,0.448449,-0.041499,-0.394987,-1.229956,1.388321
1799,2917329692,-0.892009,0.029009,0.448580,-0.047511,-1.475744,-0.002139,0.476726
1800,2917363026,-0.891415,0.027434,0.449022,-0.054865,1.053807,0.404811,-0.789787
1801,2917396360,-0.890950,0.024394,0.449308,-0.061149,1.130297,0.053123,-0.471803
1802,2917429694,-0.891036,0.025499,0.448615,-0.064444,-0.034245,-1.816437,0.021782
1803,2917463028,-0.891082,0.025077,0.448646,-0.063749,1.430211,-0.412744,0.280949
1804,2917496362,-0.890879,0.023630,0.449432,-0.061564,-0.005431,-1.964774,0.305562
1805,2917529696,-0.890178,0.015576,0.451014,-0.062688,-0.423295,0.251097,1.453776
1806,2917563030,-0.889250,0.009333,0.452606,-0.065562,0.271852,0.443392,-0.268714
1807,2917596364,-0.888209,0.005187,0.454134,-0.069457,0.741969,0.632739,-0.690845
1808,2917629698,-0.887136,0.004315,0.455694,-0.072924,0.565171,-0.438321,-0.620021
1809,2917663032,-0.886603,0.004530,0.456439,-0.074707,-0.316895,-0.502914,-0.824825
1810,2917696366,-0.886061,0.004340,0.457275,-0.076031,0.309484,-1.961784,-0.338205
1811,2917729700,-0.886096,0.001334,0.457215,-0.076085,-0.619716,1.327907,0.241211
1812,2917763034,-0.886997,-0.000380,0.455789,-0.074142,-0.691281,0.176874,0.312563
1813,2917796368,-0.887947,-0.002030,0.454753,-0.068918,0.153045,-0.567335,0.496794
1814,2917829702,-0.888410,-0.004397,0.454753,-0.062541,0.589415,-0.307758,-0.151391
1815,2917863036,-0.888341,-0.006350,0.455675,-0.056337,-0.015717,-0.848603,0.043130
1816,2917896370,-0.887510,-0.010403,0.457783,-0.051540,-0.106978,-0.082993,0.569393
1817,2917929704,-0.885730,-0.014453,0.461539,-0.047519,0.444228,-1.521446,0.714337
1818,2917963038,-0.883830,-0.020019,0.465156,-0.045579,0.005678,1.307673,0.531936
1819,2917996372,-0.882389,-0.023034,0.468053,-0.042302,0.605366,-0.448611,-0.594011
1820,2918029706,-0.881095,-0.026605,0.470535,-0.039549,1.150717,-0.062835,-1.331907
1821,2918063040,-0.880023,-0.031724,0.472362,-0.037821,0.358446,-0.217384,-0.386106
1822,2918096374,-0.879595,-0.034652,0.473173,-0.034965,0.681313,-0.578225,-0.196491
1823,2918129708,-0.879758,-0.033402,0.473210,-0.031416,-0.128266,0.312422,-0.237587
1824,2918163042,-0.879801,-0.034653,0.473139,-0.029877,-0.591683,-0.060566,-0.012900
1825,2918196376,-0.879275,-0.040897,0.473446,-0.032500,-0.397369,0.423716,0.618532
1826,2918229710,-0.879006,-0.045283,0.473244,-0.036620,-0.582318,-0.365477,0.757257
1827,2918263044,-0.878907,-0.047336,0.472990,-0.039572,-0.120860,1.100741,0.748314
1828,2918296378,-0.879146,-0.047385,0.472368,-0.041576,-0.182925,-0.877026,0.311052
1829,2918329712,-0.879318,-0.045516,0.471923,-0.044940,0.048477,0.882225,0.120071
1830,2918363046,-0.880110,-0.042421,0.470374,-0.048563,-0.142838,0.779145,-0.140904
1831,2918396380,-0.881013,-0.038127,0.468641,-0.052353,0.146631,-0.430076,0.126834
1832,2918429714,-0.882430,-0.032884,0.466043,-0.055165,0.537245,-0.726774,-0.320745
1833,2918463048,-0.884369,-0.028319,0.462255,-0.058430,0.097679,0.764764,-0.960062
1834,2918496382,-0.886129,-0.022775,0.458816,-0.061215,-0.184475,0.262109,-0.192657
1835,2918529716,-0.888014,-0.016819,0.454967,-0.064467,-0.310398,-1.665229,1.354099
1836,2918563050,-0.889291,-0.010175,0.451827,-0.070102,0.110981,0.076039,1.243250
1837,2918596384,-0.890133,-0.002649,0.449710,-0.073630,-0.810357,0.013568,1.529378
1838,2918629718,-0.890177,0.002468,0.449114,-0.076676,-0.255092,-0.292395,0.908400
1839,2918663052,-0.890036,0.004545,0.448429,-0.082033,0.752642,-0.773564,0.292883
1840,2918696386,-0.889615,0.004076,0.447845,-0.089475,0.369409,-0.554958,-0.777542
1841,2918729720,-0.889965,0.000769,0.445758,-0.096255,0.899146,-0.480947,0.413992
1842,2918763054,-0.890829,-0.000966,0.443184,-0.100070,1.622209,-0.520125,-0.124237
1843,2918796388,-0.891849,-0.000161,0.441214,-0.099697,1.201063,-1.073580,0.652844
1844,2918829722,-0.892054,-0.000897,0.441102,-0.098339,1.415660,-1.582077,0.584492
1845,2918863056,-0.891052,-0.005444,0.442410,-0.101363,-0.156316,-1.153208,0.664428
1846,2918896390,-0.889517,-0.016747,0.443381,-0.109063,0.190242,4.486648,0.480536
1847,2918929724,-0.885353,-0.028256,0.448364,-0.119690,4.640190,0.049252,-1.250304
1848,2918963058,-0.879528,-0.035092,0.457299,-0.126805,1.333237,2.364090,-0.519329
1849,2918996392,-0.875653,-0.035250,0.464037,-0.129084,-0.693307,1.519178,1.199317
1850,2919029726,-0.873888,-0.040467,0.467312,-0.127695,-1.031017,2.379290,-0.620711
1851,2919063060,-0.872422,-0.057101,0.469736,-0.122355,0.764752,-0.160612,0.632692
1852,2919096394,-0.870971,-0.078448,0.470962,-0.115990,1.431005,-2.313360,0.649961
1853,2919129728,-0.868584,-0.097025,0.473526,-0.109197,-0.623433,-2.816573,0.043801
1854,2919163062,-0.864632,-0.117523,0.477290,-0.103908,-1.408667,-0.010656,0.243557
1855,2919196396,-0.860207,-0.137269,0.480916,-0.099623,-1.024771,-2.429092,0.264823
1856,2919229730,-0.853180,-0.167331,0.483104,-0.103436,0.823264,-1.324621,-0.630942
1857,2919263064,-0.845947,-0.190113,0.486368,-0.108074,1.716196,0.127657,-0.482928
1858,2919296398,-0.840102,-0.202593,0.490568,-0.111944,0.865034,-0.550905,0.035520
1859,2919329732,-0.836649,-0.208601,0.493778,-0.112653,0.717289,-0.534787,1.058762
1860,2919363066,-0.836037,-0.206539,0.495839,-0.111946,0.478384,-0.543346,0.207907
1861,2919396400,-0.835813,-0.203941,0.497528,-0.110880,-1.137239,0.381885,-0.133950
1862,2919429734,-0.835386,-0.202875,0.499110,-0.108922,-0.085114,0.582144,-0.956800
1863,2919463068,-0.833697,-0.204126,0.501459,-0.108737,-1.448394,0.679633,-0.193768
1864,2919496402,-0.832802,-0.205210,0.502449,-0.108989,-1.423085,1.012339,-0.022513
1865,2919529736,-0.830992,-0.209074,0.503271,-0.111631,-0.896681,0.381787,-0.309203
1866,2919563070,-0.829598,-0.212542,0.503246,-0.115494,-0.491359,-0.899164,0.439389
1867,2919596404,-0.830229,-0.210296,0.502596,-0.117883,0.384284,-1.207252,-0.157823
1868,2919629738,-0.832012,-0.204249,0.501370,-0.121120,-0.548475,-0.533341,0.437489
1869,2919663072,-0.833671,-0.197193,0.500076,-0.126628,0.328737,-0.084878,-0.115380
1870,2919696406,-0.836223,-0.185819,0.498562,-0.132824,-0.169489,-0.527439,0.156737
1871,2919729740,-0.840726,-0.168351,0.496215,-0.136423,-0.437766,-0.771317,0.390982
1872,2919763074,-0.843392,-0.155232,0.494746,-0.140790,0.365424,-0.504318,0.270847
1873,2919796408,-0.844007,-0.147186,0.494126,-0.147755,0.264771,-1.128591,0.081118
1874,2919829742,-0.844391,-0.137423,0.494207,-0.154537,1.768378,0.020912,0.101307
1875,2919863076,-0.846949,-0.124936,0.491568,-0.159476,-0.247937,1.409212,-0.834640
1876,2919896410,-0.850668,-0.115244,0.486404,-0.162778,-0.040693,-0.539247,-1.172548
1877,2919929744,-0.854402,-0.110248,0.479238,-0.167860,-0.975917,-0.767811,0.113916
1878,2919963078,-0.859587,-0.106250,0.469491,-0.171473,-2.175366,-1.191243,3.103316
1879,2919996412,-0.866155,-0.099915,0.458031,-0.173217,-0.372254,-0.457462,1.713020
1880,2920029746,-0.874168,-0.090444,0.444799,-0.172650,-0.444709,-0.580445,0.057529
1881,2920063080,-0.881345,-0.083376,0.431993,-0.172236,1.222613,-1.543426,-1.373096
1882,2920096414,-0.885743,-0.082557,0.422575,-0.173429,1.440995,-1.194444,-0.670302
1883,2920129748,-0.888900,-0.083956,0.414953,-0.175004,0.688146,0.292628,-0.765497
1884,2920163082,-0.891193,-0.086522,0.409026,-0.176041,1.203421,-0.703549,-0.684913
1885,2920196416,-0.892833,-0.087886,0.404229,-0.178123,-0.181943,-0.251498,1.026626
1886,2920229750,-0.895234,-0.085215,0.398385,-0.180519,-0.623837,-0.759577,0.451111
1887,2920263084,-0.896591,-0.089865,0.391380,-0.186748,-0.554241,-0.179981,0.290749
1888,2920296418,-0.897350,-0.095390,0.384887,-0.193724,-0.496114,0.732242,-0.445638
1889,2920329752,-0.897461,-0.099310,0.380463,-0.199880,0.549547,-1.020426,-0.097583
1890,2920363086,-0.897606,-0.101047,0.376837,-0.205158,-0.018369,-0.611020,0.734490
1891,2920396420,-0.897695,-0.104743,0.373482,-0.209015,-0.261899,1.653088,0.894053
1892,2920429754,-0.895543,-0.115868,0.372062,-0.214826,0.655689,1.290852,0.368353
1893,2920463088,-0.893267,-0.126617,0.370460,-0.220918,0.244379,0.021054,1.392297
1894,2920496422,-0.891725,-0.134853,0.369773,-0.223409,1.547090,0.806874,-1.536609
1895,2920529756,-0.890105,-0.141894,0.369944,-0.225219,-1.266852,0.907409,-1.084755
1896,2920563090,-0.888213,-0.149409,0.372169,-0.224163,-0.930724,-0.579725,0.393268
1897,2920596424,-0.885781,-0.158006,0.375677,-0.222028,-0.839555,0.426099,1.162380
1898,2920629758,-0.881728,-0.169202,0.381250,-0.220403,-0.201874,-0.339632,1.834929
1899,2920663092,-0.876447,-0.186631,0.384587,-0.221598,0.800930,0.728954,-0.838763
1900,2920696426,-0.870540,-0.204808,0.386679,-0.225156,1.516156,0.417376,-0.188688
1901,2920729760,-0.866191,-0.216232,0.389431,-0.226503,1.587010,1.137968,-1.149775
1902,2920763094,-0.863091,-0.221066,0.394204,-0.225414,0.657553,0.206611,-0.465249
1903,2920796428,-0.860671,-0.223293,0.398500,-0.224916,-0.536914,-0.599058,-0.136933
1904,2920829762,-0.857658,-0.226678,0.403372,-0.224351,-0.533304,0.729663,0.003245
1905,2920863096,-0.853577,-0.232886,0.407713,-0.225709,-0.903246,0.063081,0.803573
1906,2920896430,-0.850337,-0.238367,0.410427,-0.227292,-1.125085,-0.209696,-0.286106
1907,2920929764,-0.847631,-0.243061,0.412578,-0.228529,-0.598014,-0.300531,-0.300529
1908,2920963098,-0.845149,-0.247625,0.414267,-0.229763,-0.664608,0.814054,-0.611099
1909,2920996432,-0.843242,-0.250470,0.415805,-0.230904,-0.578810,0.420720,0.010031
1910,2921029766,-0.841224,-0.254099,0.417086,-0.231989,-0.147291,1.012198,-0.133442
1911,2921063100,-0.840533,-0.256122,0.416530,-0.233263,-0.120055,-0.457027,-0.037455
1912,2921096434,-0.840345,-0.257385,0.415747,-0.233947,-0.163257,0.104380,0.230698
1913,2921129768,-0.841040,-0.257837,0.413911,-0.234207,-0.397531,0.162322,0.099293
1914,2921163102,-0.841989,-0.256635,0.411406,-0.236520,-0.150745,-2.269603,0.729922
1915,2921196436,-0.842882,-0.254171,0.408648,-0.240743,0.163614,-0.744474,1.083734
1916,2921229770,-0.844101,-0.248639,0.407340,-0.244436,1.430887,-0.890009,0.632104
1917,2921263104,-0.845422,-0.239095,0.409132,-0.246392,1.092517,-2.083052,0.580081
1918,2921296438,-0.845321,-0.231874,0.411775,-0.249221,0.202275,-1.713741,0.499385
1919,2921329772,-0.843006,-0.231022,0.413449,-0.255018,0.054302,-0.158121,-0.123090
1920,2921363106,-0.839177,-0.234106,0.414432,-0.263107,0.403079,0.520242,-1.240495
1921,2921396440,-0.836509,-0.235235,0.414794,-0.269939,0.424437,-0.361586,-0.693605
1922,2921429774,-0.834240,-0.236107,0.414656,-0.276335,0.486523,-0.748102,-0.238989
1923,2921463108,-0.832823,-0.235972,0.414858,-0.280390,1.277615,-2.266316,1.466475
1924,2921496442,-0.832954,-0.231515,0.416470,-0.281325,0.630670,-0.612169,2.100348
1925,2921529776,-0.834300,-0.224785,0.418626,-0.279589,-0.063187,-0.420860,0.864570
1926,2921563110,-0.835386,-0.222212,0.419582,-0.276960,-0.850237,0.873069,0.322990
1927,2921596444,-0.837672,-0.217030,0.421416,-0.271322,-0.444942,1.929382,-0.238878
1928,2921629778,-0.843299,-0.201696,0.425484,-0.259098,0.478468,0.870115,-1.761888
1929,2921663112,-0.847331,-0.188869,0.430440,-0.247151,0.878178,1.000633,-1.196109
1930,2921696446,-0.849605,-0.178305,0.436015,-0.237220,1.572171,-1.988157,-0.407422
1931,2921729780,-0.851310,-0.171671,0.439054,-0.230296,0.742987,-2.028884,0.810601
1932,2921763114,-0.852504,-0.170258,0.439493,-0.226050,-0.312445,-0.257614,0.542863
1933,2921796448,-0.854997,-0.169041,0.438117,-0.220139,-0.143278,-1.047132,0.796334
1934,2921829782,-0.858045,-0.169615,0.436112,-0.211660,0.738746,0.466735,0.429021
1935,2921863116,-0.862271,-0.163950,0.435774,-0.199282,0.895877,0.183644,-0.891234
1936,2921896450,-0.865924,-0.155703,0.437302,-0.186288,0.767109,-0.563726,0.240478
1937,2921929784,-0.867692,-0.150708,0.439940,-0.175652,-0.207371,0.994898,0.169119
1938,2921963118,-0.868946,-0.145303,0.443040,-0.165944,0.511976,0.210529,-0.660230
1939,2921996452,-0.867357,-0.144436,0.447904,-0.161913,0.201007,0.501599,-0.070983
1940,2922029786,-0.865242,-0.142229,0.453130,-0.160639,-1.057462,0.994614,0.856114
1941,2922063120,-0.863129,-0.141509,0.457305,-0.160805,-0.814020,0.380267,-0.613976
1942,2922096454,-0.860674,-0.142208,0.461540,-0.161250,-0.259532,0.666843,0.158000
1943,2922129788,-0.858796,-0.142505,0.464589,-0.162243,0.713417,0.784232,-0.394146
1944,2922163122,-0.857363,-0.141138,0.467770,-0.161873,-0.491577,0.849229,0.580010
1945,2922196456,-0.856833,-0.136727,0.470342,-0.161011,-0.292076,1.118748,0.730715
1946,2922229790,-0.856692,-0.130831,0.471678,-0.162740,0.266203,-0.356840,-1.015458
1947,2922263124,-0.855406,-0.126254,0.473665,-0.167288,0.263250,0.716380,-0.352339
1948,2922296458,-0.854152,-0.120751,0.475756,-0.171764,-1.054573,-0.020663,0.100132
1949,2922329792,-0.853099,-0.118246,0.476173,-0.177488,-1.332399,-0.021198,1.593699
1950,2922363126,-0.854054,-0.113484,0.474496,-0.180472,-1.077302,0.651331,0.297580
1951,2922396460,-0.855643,-0.109668,0.472099,-0.181587,0.853709,-1.204888,1.536179
1952,2922429794,-0.857613,-0.100491,0.470625,-0.181431,-1.343662,-0.945329,2.155981
1953,2922463128,-0.860676,-0.084674,0.469697,-0.177357,0.740920,-1.479126,0.542882
1954,2922496462,-0.861392,-0.073103,0.470963,-0.175661,0.127950,-1.358638,0.590140
1955,2922529796,-0.859999,-0.075153,0.472146,-0.178426,1.610837,0.058367,-1.027601
1956,2922563130,-0.857650,-0.082650,0.472384,-0.185640,0.552760,0.532976,-0.316694
1957,2922596464,-0.856643,-0.088332,0.472076,-0.188438,1.221960,-0.223699,-0.625508
1958,2922629798,-0.857803,-0.089384,0.470033,-0.187768,0.165423,-0.740873,-0.341325
1959,2922663132,-0.859949,-0.088602,0.467762,-0.183956,1.499198,-0.718530,0.611217
1960,2922696466,-0.862213,-0.088230,0.465580,-0.179007,1.597813,-0.196682,0.427764
1961,2922729800,-0.863228,-0.087840,0.464941,-0.175940,-0.332603,-0.529207,0.267323
1962,2922763134,-0.863956,-0.089156,0.464094,-0.173933,-0.442848,0.121626,0.052993
1963,2922796468,-0.864255,-0.091956,0.462648,-0.174834,-0.534207,0.188584,0.259872
1964,2922829802,-0.865195,-0.091233,0.461368,-0.173943,0.620218,1.193685,-0.030091
1965,2922863136,-0.868187,-0.084370,0.459112,-0.168384,-0.584310,0.257785,-0.173383
1966,2922896470,-0.870934,-0.079411,0.457467,-0.160923,0.504619,-0.397543,0.000374
1967,2922929804,-0.873590,-0.076879,0.455532,-0.153051,0.313903,-1.307002,-0.120270
1968,2922963138,-0.875635,-0.079080,0.453669,-0.145592,-0.001555,-0.400654,0.493673
1969,2922996472,-0.878122,-0.079225,0.451373,-0.137448,-0.048780,-1.203488,0.137728
1970,2923029806,-0.880271,-0.082374,0.449000,-0.129381,0.849445,0.220594,0.134332
1971,2923063140,-0.881907,-0.087573,0.447055,-0.121310,0.703246,0.204710,0.303700
1972,2923096474,-0.882773,-0.090041,0.447408,-0.111511,0.763792,-0.699861,-0.138992
1973,2923129808,-0.881409,-0.092854,0.451580,-0.102835,0.054074,-1.570718,0.391461
1974,2923163142,-0.878566,-0.104107,0.455425,-0.099373,-0.861410,0.932385,0.781075
1975,2923196476,-0.876047,-0.119853,0.456281,-0.099937,0.264220,0.925410,-0.148023
1976,2923229810,-0.873193,-0.135632,0.456765,-0.102504,2.210101,0.056173,-1.499279
1977,2923263144,-0.870986,-0.146586,0.457248,-0.104035,0.967359,1.956373,-0.124862
1978,2923296478,-0.871286,-0.145346,0.457887,-0.100388,0.962217,-0.345240,-1.306469
1979,2923329812,-0.872514,-0.139326,0.458892,-0.093431,-0.089453,0.258971,0.167865
1980,2923363146,-0.872592,-0.136717,0.460323,-0.089428,-0.484514,-0.537541,0.627888
1981,2923396480,-0.871871,-0.138642,0.461000,-0.090004,-1.456189,0.422478,0.424219
1982,2923429814,-0.870327,-0.143572,0.461723,-0.093450,-0.541262,0.660132,0.025319
1983,2923463148,-0.868711,-0.147037,0.462893,-0.097241,-0.573615,0.262020,-0.093236
1984,2923496482,-0.867761,-0.147485,0.464158,-0.098993,-0.716032,0.171050,0.084449
1985,2923529816,-0.868019,-0.145024,0.464150,-0.100396,-1.024414,0.140977,0.927252
1986,2923563150,-0.868870,-0.141288,0.463215,-0.102655,-0.796797,-0.841090,0.507788
1987,2923596484,-0.869657,-0.138869,0.461548,-0.106718,-0.395532,-0.759684,-0.023346
1988,2923629818,-0.870567,-0.138464,0.458844,-0.111383,0.026404,1.011920,0.135460
1989,2923663152,-0.871477,-0.135695,0.456312,-0.117888,2.237998,-0.744097,-1.125166
1990,2923696486,-0.872436,-0.127194,0.454940,-0.125338,1.068486,2.114319,-1.361288
1991,2923729820,-0.874468,-0.114258,0.453349,-0.129344,-1.623235,-1.186030,0.495573
1992,2923763154,-0.875843,-0.105491,0.452124,-0.131749,0.218673,-0.694733,1.542860
1993,2923796488,-0.877064,-0.095951,0.451464,-0.133175,-0.724706,-1.992955,1.292463
1994,2923829822,-0.877533,-0.091166,0.450839,-0.135544,-0.013678,-0.486651,0.433453
1995,2923863156,-0.877540,-0.090280,0.449078,-0.141796,-0.296264,-0.062418,-0.612823
1996,2923896490,-0.877200,-0.093845,0.446700,-0.148918,0.720992,-0.063494,-1.398093
1997,2923929824,-0.877032,-0.099916,0.443494,-0.155395,1.003151,-0.583391,-1.254100
1998,2923963158,-0.877104,-0.104722,0.440673,-0.159791,0.333393,-0.383098,0.226476
1999,2923996492,-0.879483,-0.100378,0.437939,-0.156994,0.701095,0.549406,0.336325
2000,2924029826,-0.881881,-0.091706,0.436817,-0.151892,0.408822,-0.713022,-0.381731
2001,2924063160,-0.883013,-0.087492,0.435920,-0.150368,-0.630521,-0.143202,-0.389794
2002,2924096494,-0.882640,-0.090655,0.435213,-0.152717,-0.327294,1.128168,-0.604874
2003,2924129828,-0.882340,-0.095090,0.434081,-0.154953,-0.349520,0.155437,0.046104
2004,2924163162,-0.882548,-0.096560,0.433117,-0.155557,-0.349813,-0.523110,0.407702
2005,2924196496,-0.883473,-0.095599,0.432023,-0.153931,-0.510569,-1.214270,-0.086053
2006,2924229830,-0.884157,-0.095990,0.431304,-0.151768,-0.483590,-1.387284,-0.401914
2007,2924263164,-0.884601,-0.099111,0.430389,-0.149753,-0.578735,-0.300063,-0.129433
2008,2924296498,-0.884527,-0.102942,0.429937,-0.148906,-0.569298,-0.482804,0.941199
2009,2924329832,-0.884485,-0.106912,0.429401,-0.147899,-0.646250,0.226189,0.257590
2010,2924363166,-0.885476,-0.109175,0.428109,-0.144013,-0.229124,-0.093802,0.906630
2011,2924396500,-0.886230,-0.111863,0.427664,-0.138528,0.641538,-0.130940,0.316688
2012,2924429834,-0.887651,-0.115182,0.426008,-0.131643,0.199579,-1.040067,0.591011
2013,2924463168,-0.888515,-0.119130,0.425407,-0.124024,0.552386,-0.720850,0.295509
2014,2924496502,-0.888670,-0.119866,0.427856,-0.113315,1.409724,-0.824602,-0.001182
2015,2924529836,-0.887420,-0.119023,0.433195,-0.103274,0.283129,-2.436352,0.282566
2016,2924563170,-0.884073,-0.122684,0.440684,-0.095729,-1.136722,0.213151,0.959390
2017,2924596504,-0.879512,-0.133373,0.447396,-0.092251,-0.693914,1.166250,0.922822
2018,2924629838,-0.874851,-0.145244,0.452657,-0.092980,0.797831,1.079485,-0.978864
2019,2924663172,-0.870588,-0.155849,0.456875,-0.095163,0.956802,0.647859,-1.171193
2020,2924696506,-0.867762,-0.162199,0.460134,-0.094662,0.732172,1.092724,-0.154097
2021,2924729840,-0.867462,-0.160971,0.462085,-0.089875,1.122801,0.089690,-0.014090
2022,2924763174,-0.868596,-0.154342,0.463470,-0.083183,0.437599,-0.218225,-0.028060
2023,2924796508,-0.869434,-0.149286,0.464485,-0.077817,0.255151,-1.124152,-0.502403
2024,2924829842,-0.868997,-0.148284,0.465779,-0.076878,-0.501486,1.069470,1.413621
2025,2924863176,-0.868282,-0.149454,0.466593,-0.077751,0.137839,1.629350,0.226531
2026,2924896510,-0.868270,-0.148530,0.466373,-0.080907,0.530675,0.495567,-0.540826
2027,2924929844,-0.868645,-0.145386,0.466065,-0.084293,0.439510,0.357337,-0.828460
2028,2924963178,-0.869112,-0.141594,0.465943,-0.086576,0.575723,-0.029126,-0.786881
2029,2924996512,-0.869880,-0.135824,0.465662,-0.089572,-0.364516,-0.119827,0.021962
2030,2925029846,-0.870950,-0.130082,0.464303,-0.094607,-0.464666,-0.070184,0.692673
2031,2925063180,-0.872300,-0.124423,0.461801,-0.101757,-0.109324,-0.943684,0.981780
2032,2925096514,-0.874831,-0.115170,0.457878,-0.108435,-0.493857,1.153836,0.547877
2033,2925129848,-0.878015,-0.103952,0.452925,-0.114655,-0.537004,-0.019447,-0.982393
2034,2925163182,-0.880871,-0.091888,0.448543,-0.120144,0.292289,0.653751,-0.419362
2035,2925196516,-0.882905,-0.077874,0.445851,-0.125035,-0.165092,-0.691982,0.819120
2036,2925229850,-0.883313,-0.064860,0.445893,-0.129360,0.178118,-1.366590,1.498057
2037,2925263184,-0.882632,-0.057709,0.446595,-0.134856,-1.021363,-0.067929,0.555430
2038,2925296518,-0.881686,-0.059618,0.446107,-0.141658,-0.445198,0.983311,-0.331382
2039,2925329852,-0.880300,-0.066658,0.444596,-0.151549,0.738337,-0.957416,-1.117733
2040,2925363186,-0.879236,-0.073330,0.442260,-0.161171,0.596178,-0.644686,-0.544839
2041,2925396520,-0.879813,-0.074898,0.439546,-0.164690,1.034103,0.613615,0.152333
2042,2925429854,-0.881909,-0.069425,0.437948,-0.160068,2.306040,-0.459493,-0.377114
2043,2925463188,-0.883525,-0.061264,0.438525,-0.152737,1.062098,-1.125846,0.168035
2044,2925496522,-0.884037,-0.058251,0.438981,-0.149613,-0.524633,-0.065956,-0.161256
2045,2925529856,-0.883204,-0.062094,0.439822,-0.150513,-1.323420,0.707275,1.051931
2046,2925563190,-0.882342,-0.064215,0.440762,-0.151925,-0.098937,0.117760,0.559847
2047,2925596524,-0.881463,-0.065110,0.442302,-0.152172,0.833114,0.604818,-0.480183
2048,2925629858,-0.879895,-0.067562,0.444945,-0.152469,-0.066900,-0.788963,-0.054624
2049,2925663192,-0.878487,-0.070740,0.447823,-0.150718,-0.812605,0.174198,0.405025
2050,2925696526,-0.877171,-0.074530,0.450650,-0.148101,-0.273221,-0.634995,1.275112
2051,2925729860,-0.876521,-0.076702,0.453325,-0.142573,-0.409190,0.306584,0.403049
2052,2925763194,-0.876209,-0.080266,0.455381,-0.135820,-0.576140,-0.426985,0.828234
2053,2925796528,-0.876264,-0.082954,0.456994,-0.128220,-0.527579,-0.976889,0.624723
2054,2925829862,-0.876676,-0.087510,0.457838,-0.119033,0.459181,0.211148,0.316238
2055,2925863196,-0.877032,-0.090961,0.459237,-0.107910,0.553080,-0.177281,0.149704
2056,2925896530,-0.877339,-0.091575,0.461321,-0.095274,0.977005,-1.757121,-0.227750
2057,2925929864,-0.876560,-0.089792,0.465533,-0.082839,1.009676,-1.645664,0.039470
2058,2925963198,-0.873399,-0.096257,0.471186,-0.076779,0.131436,0.098901,0.420305
2059,2925996532,-0.869409,-0.107433,0.476229,-0.076125,-0.235791,0.887710,-0.056330
2060,2926029866,-0.865713,-0.118454,0.479891,-0.078861,0.564093,0.116500,-1.032769
2061,2926063200,-0.861459,-0.129764,0.483855,-0.083289,1.228543,0.674247,-0.252141
2062,2926096534,-0.858012,-0.136398,0.487860,-0.084893,0.958597,2.023077,-0.044394
2063,2926129868,-0.856853,-0.135214,0.490938,-0.080645,0.594162,0.708386,-0.209589
2064,2926163202,-0.856238,-0.131561,0.493696,-0.076257,0.365252,0.205034,-0.638923
2065,2926196536,-0.856390,-0.127281,0.495158,-0.072233,-0.587950,0.134128,-0.129733
2066,2926229870,-0.856474,-0.125880,0.495688,-0.070018,-0.281812,0.596423,0.557197
2067,2926263204,-0.857555,-0.124066,0.494485,-0.068523,0.162759,-0.406749,0.177734
2068,2926296538,-0.858635,-0.123652,0.492583,-0.069429,0.351820,-0.931074,-0.942930
2069,2926329872,-0.859321,-0.123728,0.491100,-0.071292,-0.135285,0.855115,0.432675
2070,2926363206,-0.861130,-0.120013,0.488746,-0.071995,0.154503,0.646079,-0.311385
2071,2926396540,-0.863618,-0.114831,0.485395,-0.073299,-1.389488,-0.180866,0.667013
2072,2926429874,-0.866382,-0.109334,0.481304,-0.076018,0.033770,-0.038561,0.563381
2073,2926463208,-0.869295,-0.102622,0.477003,-0.079160,-0.291701,1.297167,0.007718
2074,2926496542,-0.872423,-0.093656,0.472439,-0.083131,-0.680968,-1.041772,-0.156077
2075,2926529876,-0.875459,-0.084790,0.467559,-0.088176,-0.251541,1.386901,0.830426
2076,2926563210,-0.878325,-0.074135,0.463148,-0.092449,-0.474541,-1.506064,1.048253
2077,2926596544,-0.880583,-0.061234,0.459801,-0.097004,-0.898320,-0.054695,1.795849
2078,2926629878,-0.882198,-0.048120,0.457909,-0.098656,-0.379257,-0.844608,1.452666
2079,2926663212,-0.881993,-0.040529,0.457927,-0.103696,-0.253840,-0.189395,1.047055
2080,2926696546,-0.880799,-0.037376,0.458739,-0.111164,0.170120,0.830230,-0.788064
2081,2926729880,-0.879469,-0.040204,0.458226,-0.122272,0.532741,-1.490066,-0.677264
2082,2926763214,-0.878429,-0.046601,0.456250,-0.134277,0.435915,1.068623,-0.143811
2083,2926796548,-0.878941,-0.050910,0.453127,-0.139826,0.961407,-1.296921,0.433844
2084,2926829882,-0.881113,-0.049077,0.449780,-0.137597,0.894306,-0.735873,0.235168
2085,2926863216,-0.883565,-0.041762,0.448014,-0.129832,0.028948,-1.114179,0.821976
2086,2926896550,-0.885227,-0.034348,0.447503,-0.122218,-0.207862,-1.099211,0.306768
2087,2926929884,-0.885320,-0.034583,0.447609,-0.121087,-0.693070,1.362287,-0.215755
2088,2926963218,-0.885118,-0.037074,0.447371,-0.122701,-0.659781,1.523844,0.505943
2089,2926996552,-0.884885,-0.040738,0.447023,-0.124473,0.180982,1.134804,-0.110233
2090,2927029886,-0.885525,-0.041612,0.445707,-0.124347,-0.371173,0.022168,-0.215664
2091,2927063220,-0.887106,-0.039698,0.443776,-0.120554,-0.688508,-0.075882,0.040533
2092,2927096554,-0.889106,-0.039788,0.441355,-0.114530,0.304502,0.136441,-0.154901
2093,2927129888,-0.891385,-0.037205,0.438997,-0.106462,-0.667922,-0.857771,0.081607
2094,2927163222,-0.893768,-0.034284,0.436463,-0.097507,-0.181924,-0.236193,0.892733
2095,2927196556,-0.895454,-0.034883,0.434837,-0.088692,0.270623,-0.000514,-0.270860
2096,2927229890,-0.896711,-0.035742,0.434071,-0.078850,-1.209938,0.584234,1.198243
2097,2927263224,-0.898010,-0.036388,0.433104,-0.068402,0.245311,0.571661,0.009335
2098,2927296558,-0.897677,-0.034941,0.435493,-0.057476,-0.497990,0.593696,0.615878
2099,2927329892,-0.896775,-0.031023,0.439311,-0.042900,0.534202,-0.275711,0.862585
2100,2927363226,-0.893926,-0.028805,0.446175,-0.031589,0.302149,-0.300987,1.518321
2101,2927396560,-0.890776,-0.032029,0.452632,-0.024907,1.331193,0.526239,-0.024410
2102,2927429894,-0.887972,-0.034821,0.458250,-0.017446,1.638069,-0.007802,-0.878388
2103,2927463228,-0.885768,-0.035147,0.462747,-0.006947,2.226132,0.357200,-1.489097
2104,2927496562,-0.884291,-0.030240,0.465934,0.004958,0.744588,-0.172022,-0.185138
2105,2927529896,-0.883034,-0.024759,0.468377,0.016274,0.307724,-0.724344,-0.334386
2106,2927563230,-0.881459,-0.022912,0.471126,0.023420,-0.796669,-0.024806,-0.265264
2107,2927596564,-0.879450,-0.027665,0.474443,0.026655,0.769114,1.958573,0.319668
2108,2927629898,-0.877636,-0.032353,0.477495,0.026637,0.501603,1.496815,0.226284
2109,2927663232,-0.877046,-0.031383,0.478560,0.028095,0.643538,2.051871,-0.037850
2110,2927696566,-0.877359,-0.024513,0.478156,0.031781,0.574674,0.732984,-0.377454
2111,2927729900,-0.877848,-0.018851,0.477321,0.034574,0.831481,-0.654039,-0.671898
2112,2927763234,-0.878210,-0.015507,0.476576,0.037224,-0.335101,-1.102190,-0.662825
2113,2927796568,-0.879390,-0.010278,0.474413,0.038772,-0.533591,0.911821,0.713300
2114,2927829902,-0.881410,-0.004273,0.470697,0.039315,-0.399749,0.465549,1.142517
2115,2927863236,-0.883987,0.001971,0.465770,0.040310,0.803874,1.222618,-0.002910
2116,2927896570,-0.887004,0.009544,0.459833,0.041099,-0.638938,-0.168913,0.295795
2117,2927929904,-0.890201,0.019317,0.453253,0.041649,0.235339,0.968536,-0.066986
2118,2927963238,-0.893329,0.031830,0.446095,0.044198,0.671739,0.390490,-0.164443
2119,2927996572,-0.895488,0.045736,0.440086,0.048345,-0.109931,-0.340833,0.613830
2120,2928029906,-0.896117,0.059893,0.436684,0.051935,0.180649,-0.021896,1.817265
2121,2928063240,-0.895960,0.072123,0.434780,0.054981,-0.821695,-0.362255,1.126901
2122,2928096574,-0.896336,0.076812,0.433475,0.052769,-0.116153,-0.238527,0.032215
2123,2928129908,-0.897647,0.076228,0.431597,0.046340,0.685307,0.094833,-0.212294
2124,2928163242,-0.899003,0.077291,0.428772,0.044472,1.806756,-0.543782,-0.393152
2125,2928196576,-0.900400,0.083150,0.424287,0.048471,1.659202,-1.147872,-0.548776
2126,2928229910,-0.900829,0.096558,0.419420,0.057216,0.863479,-0.929666,-0.097015
2127,2928263244,-0.900241,0.107730,0.416812,0.065059,-0.622897,-1.652231,0.387354
2128,2928296578,-0.899893,0.109762,0.416614,0.067688,-0.412194,0.827574,0.319559
2129,2928329912,-0.899855,0.106989,0.417480,0.067287,0.077454,0.223299,0.296023
2130,2928363246,-0.899672,0.103798,0.418892,0.065953,0.371783,-0.455242,-0.423591
2131,2928396580,-0.899338,0.101157,0.420339,0.065396,0.344887,-0.044167,-1.283920
2132,2928429914,-0.898478,0.101700,0.421541,0.068563,-0.631953,0.380110,-0.363451
2133,2928463248,-0.897336,0.100836,0.423077,0.075021,-0.508436,0.057020,0.254926
2134,2928496582,-0.896245,0.095999,0.425209,0.082038,-0.407777,-0.234837,1.068420
2135,2928529916,-0.895245,0.094641,0.425759,0.091170,-0.508146,0.955860,1.387525
2136,2928563250,-0.894309,0.095643,0.424702,0.103424,0.202583,1.006513,0.943073
2137,2928596584,-0.892909,0.095908,0.423844,0.117792,0.690978,0.031076,0.852177
2138,2928629918,-0.891708,0.097007,0.421712,0.132696,0.122769,-0.005492,-0.177536
2139,2928663252,-0.889746,0.096651,0.420596,0.148706,0.755017,-0.245331,-1.135605
2140,2928696586,-0.886867,0.095694,0.420616,0.165512,-0.417176,-0.812108,-0.044320
2141,2928729920,-0.881845,0.097127,0.423419,0.183400,-0.563166,-3.095673,0.603175
2142,2928763254,-0.875770,0.096627,0.429547,0.197945,-0.472266,-1.169214,1.623528
2143,2928796588,-0.870155,0.094635,0.436281,0.208653,1.360642,1.410108,0.095637
2144,2928829922,-0.864364,0.090046,0.445002,0.216200,0.932464,-0.018688,-0.650818
2145,2928863256,-0.858826,0.087631,0.453088,0.222380,1.370382,0.188797,0.058818
2146,2928896590,-0.853975,0.089522,0.458208,0.229697,0.568250,-0.011554,0.624964
2147,2928929924,-0.849482,0.096154,0.460034,0.239804,0.771826,0.687035,-0.605360
2148,2928963258,-0.844786,0.099029,0.463847,0.247749,-0.280386,0.338876,-1.172834
2149,2928996592,-0.840445,0.097873,0.468686,0.253792,0.281839,1.039071,0.061380
2150,2929029926,-0.837234,0.097482,0.471990,0.258392,-0.236859,0.856195,0.258599
2151,2929063260,-0.835061,0.099020,0.472405,0.264017,1.214172,0.368572,0.117059
2152,2929096594,-0.833181,0.103460,0.470607,0.271362,0.887250,-0.259218,0.085731
2153,2929129928,-0.831816,0.110176,0.466449,0.279949,-0.704429,-0.336775,0.281242
2154,2929163262,-0.831059,0.118116,0.460728,0.288311,-0.716800,-0.357471,-0.095594
2155,2929196596,-0.830564,0.124251,0.455801,0.294915,0.508146,0.427570,0.383902
2156,2929229930,-0.830945,0.130668,0.449745,0.300316,0.409810,0.600496,0.661273
2157,2929263264,-0.832227,0.135693,0.443941,0.303160,0.380091,-0.667077,0.025393
2158,2929296598,-0.833817,0.141676,0.437919,0.304809,0.258871,-0.093908,0.046915
2159,2929329932,-0.835906,0.148530,0.430437,0.306475,0.615346,0.072808,0.603373
2160,2929363266,-0.838292,0.158200,0.420759,0.308554,-0.362199,-0.531672,0.675053
2161,2929396600,-0.839851,0.169318,0.410076,0.312767,0.990958,-0.411166,0.442486
2162,2929429934,-0.840642,0.180192,0.400264,0.317243,-0.695523,-1.113559,0.677751
2163,2929463268,-0.840705,0.190837,0.391814,0.321375,-1.048815,-0.901407,0.291113
2164,2929496602,-0.839565,0.200369,0.385830,0.325762,-0.585112,-0.213382,0.818964
2165,2929529936,-0.838378,0.207738,0.382153,0.328526,-0.166423,-0.592361,0.095097
2166,2929563270,-0.837121,0.212672,0.380568,0.330409,0.146167,-0.415485,0.379057
2167,2929596604,-0.836180,0.216960,0.378551,0.332316,-0.334712,-1.142827,-0.014008
2168,2929629938,-0.835091,0.221795,0.375513,0.335295,-0.211105,-1.110606,-0.203591
2169,2929663272,-0.833026,0.227531,0.371545,0.340962,0.141019,-1.308965,-0.030293
2170,2929696606,-0.829720,0.234182,0.366990,0.349350,-0.976888,-1.050413,0.313709
2171,2929729940,-0.825646,0.240694,0.362428,0.359200,-0.685242,-1.203595,0.206525
2172,2929763274,-0.821515,0.245407,0.358633,0.369153,-0.235864,-0.693133,0.656321
2173,2929796608,-0.817136,0.248544,0.355355,0.379790,-0.241615,-0.763921,0.269402
2174,2929829942,-0.812438,0.249845,0.352956,0.391085,-0.492026,-1.015882,-0.083899
2175,2929863276,-0.806681,0.250168,0.351699,0.403725,-0.049419,-0.855719,-0.690561
2176,2929896610,-0.799634,0.249162,0.352358,0.417553,-0.481953,-1.135931,-0.226408
2177,2929929944,-0.791247,0.248702,0.353365,0.432681,-0.848174,-1.218085,0.362880
2178,2929963278,-0.781261,0.249690,0.354113,0.449325,-0.835912,-0.886501,0.247688
2179,2929996612,-0.770082,0.249840,0.356048,0.466677,0.039115,-1.118986,0.688608
2180,2930029946,-0.757003,0.250292,0.357728,0.486142,-0.541255,-1.610786,-0.371553
2181,2930063280,-0.741254,0.251352,0.360598,0.507285,-0.844471,-1.959960,0.122380
2182,2930096614,-0.722547,0.256021,0.360716,0.531287,-1.743161,-1.222168,0.479155
2183,2930129948,-0.700501,0.263922,0.359821,0.556934,-1.958751,-1.981700,-0.648712
2184,2930163282,-0.675797,0.277431,0.359362,0.580683,-1.784561,-1.045439,0.809359
2185,2930196616,-0.652722,0.291479,0.360201,0.599377,0.362693,-0.201527,1.640221
2186,2930229950,-0.630969,0.305783,0.359774,0.615581,0.409764,-0.205301,0.467929
2187,2930263284,-0.609745,0.319958,0.358419,0.630379,0.212993,-1.259119,0.075890
2188,2930296618,-0.588318,0.333624,0.355255,0.645271,-0.121946,-0.291560,0.434364
2189,2930329952,-0.566082,0.348002,0.347776,0.661439,-1.633202,-1.571194,0.694628
2190,2930363286,-0.543451,0.365023,0.334713,0.677783,-1.340685,-0.256837,0.273322
2191,2930396620,-0.521157,0.381427,0.319497,0.693422,-1.005846,0.654228,-0.593482
2192,2930429954,-0.500495,0.396697,0.304646,0.706633,0.510316,-0.692556,-0.454210
2193,2930463288,-0.481067,0.410250,0.289820,0.718524,-0.586395,0.802147,0.465092
2194,2930496622,-0.461127,0.423493,0.274379,0.729887,-0.223484,0.500938,0.529575
2195,2930529956,-0.441010,0.435821,0.259796,0.740324,0.695837,0.234491,0.153186
2196,2930563290,-0.421954,0.445370,0.246747,0.750146,0.712061,1.059008,0.134361
2197,2930596624,-0.403339,0.453745,0.235186,0.759028,-0.033318,0.003178,-0.197152
2198,2930629958,-0.383844,0.461921,0.222604,0.767947,0.576565,0.342907,0.054490
2199,2930663292,-0.363135,0.469376,0.208270,0.777461,0.020337,-0.778123,-0.502493
2200,2930696626,-0.341534,0.476532,0.194538,0.786403,-0.765433,-0.828103,-0.067266
2201,2930729960,-0.319595,0.483083,0.180051,0.795031,0.397042,-0.712871,-0.236260
2202,2930763294,-0.296873,0.488339,0.165489,0.803746,0.497107,-0.282666,-0.350080
2203,2930796628,-0.275109,0.492503,0.155655,0.810883,-0.234569,-1.478372,-0.821765
2204,2930829962,-0.255662,0.496130,0.150236,0.816042,0.802610,0.532253,0.322361
2205,2930863296,-0.237148,0.499036,0.145890,0.820637,0.973039,0.680753,1.128829
2206,2930896630,-0.220123,0.500744,0.144410,0.824591,0.760693,-0.379905,1.013515
2207,2930929964,-0.204080,0.502055,0.141674,0.828386,0.384744,0.120994,0.946314
2208,2930963298,-0.188822,0.502684,0.137080,0.832386,0.710254,0.645526,0.157575
2209,2930996632,-0.176168,0.502552,0.133263,0.835853,1.166193,0.037520,-0.060572
2210,2931029966,-0.165698,0.501818,0.131866,0.838652,0.451163,0.512129,-0.425935
2211,2931063300,-0.157864,0.500148,0.131531,0.841210,0.209384,-0.153136,-0.318470
2212,2931096634,-0.150248,0.497315,0.129785,0.844548,0.056113,0.564313,-0.469058
2213,2931129968,-0.143497,0.493436,0.126074,0.848551,0.559018,0.357812,0.026853
2214,2931163302,-0.138000,0.488764,0.121206,0.852865,1.133920,0.096698,0.441742
2215,2931196636,-0.132759,0.483915,0.116275,0.857137,0.610288,0.325874,0.463695
2216,2931229970,-0.128758,0.478099,0.109971,0.861831,1.475843,0.482969,0.703479
2217,2931263304,-0.125862,0.472396,0.104112,0.866121,0.632154,0.716076,0.577615
2218,2931296638,-0.124282,0.466583,0.098493,0.870147,0.594864,0.805721,-0.069232
2219,2931329972,-0.124750,0.460559,0.096111,0.873550,0.734903,1.121846,0.234942
2220,2931363306,-0.124712,0.455112,0.094333,0.876598,0.699054,0.877189,0.430143
2221,2931396640,-0.123710,0.450704,0.093370,0.879117,0.115195,0.804519,0.512211
2222,2931429974,-0.121391,0.446579,0.092069,0.881679,0.084788,1.315763,0.038242
2223,2931463308,-0.117567,0.443432,0.090185,0.883978,0.304300,0.833627,0.382796
2224,2931496642,-0.113217,0.440918,0.089507,0.885870,0.028971,2.075375,-0.073404
2225,2931529976,-0.109346,0.438398,0.089963,0.887559,0.780449,1.319537,0.928598
2226,2931563310,-0.104228,0.435725,0.088436,0.889642,0.328879,1.112354,-0.215188
2227,2931596644,-0.099702,0.433328,0.087679,0.891405,0.061976,1.316627,-0.072416
2228,2931629978,-0.095841,0.431319,0.087366,0.892832,0.011499,0.752357,-0.073705
2229,2931663312,-0.091213,0.429111,0.085737,0.894537,-0.224018,0.498006,-0.206718
2230,2931696646,-0.085964,0.426756,0.082375,0.896497,-0.261019,0.973700,0.090202
2231,2931729980,-0.080490,0.424270,0.077109,0.898651,-0.134574,0.766045,0.127811
2232,2931763314,-0.073832,0.420964,0.067831,0.901521,-0.078788,0.218811,0.891829
2233,2931796648,-0.065446,0.417621,0.054805,0.904605,-0.287873,0.535242,-0.133457
2234,2931829982,-0.056156,0.415098,0.043015,0.907024,0.108968,0.623759,0.406227
2235,2931863316,-0.045533,0.413404,0.031056,0.908880,-0.102259,0.407830,0.158994
2236,2931896650,-0.033948,0.412351,0.020625,0.910160,0.296130,0.532257,0.225700
2237,2931929984,-0.022407,0.410715,0.012926,0.911399,0.273361,0.452632,0.214907
2238,2931963318,-0.011071,0.409805,0.005914,0.912089,-0.322950,0.854757,0.035110
2239,2931996652,0.001725,0.409286,-0.002802,0.912402,-0.022454,-0.205706,0.273765
2240,2932029986,0.015600,0.408747,-0.006886,0.912490,0.556503,-0.214539,0.242164
2241,2932063320,0.030207,0.408739,-0.006899,0.912127,0.297341,-0.299149,0.251262
2242,2932096654,0.046229,0.409370,-0.007397,0.911168,-0.357227,-0.281635,-0.315658
2243,2932129988,0.063291,0.412093,-0.008959,0.908899,0.114764,1.534510,0.166386
2244,2932163322,0.076786,0.417398,-0.005258,0.905460,0.056063,1.200656,0.937147
2245,2932196656,0.087798,0.422828,-0.001393,0.901948,0.816107,1.583079,0.500470
2246,2932229990,0.095814,0.428202,0.008611,0.898550,-0.719404,-0.826663,-0.696426
2247,2932263324,0.102391,0.434057,0.019493,0.894837,-0.965987,-0.530331,-1.225686
2248,2932296658,0.108060,0.439363,0.028635,0.891329,-1.223024,-0.529351,-0.827804
2249,2932329992,0.115689,0.442990,0.030930,0.888495,-1.326290,-0.872617,-0.468471
2250,2932363326,0.126271,0.443638,0.023384,0.886960,-0.420322,0.381326,-0.925470
2251,2932396660,0.134256,0.445623,0.017632,0.884923,-0.413802,-0.100157,-0.821072
2252,2932429994,0.138470,0.448930,0.015169,0.882645,0.751142,0.070394,0.243945
2253,2932463328,0.139344,0.452050,0.016470,0.880889,0.403565,-0.478127,0.441088
2254,2932496662,0.139104,0.453733,0.016503,0.880061,0.657400,-0.317757,0.763150
2255,2932529996,0.138148,0.453010,0.015645,0.880600,0.183549,-0.430985,0.112253
2256,2932563330,0.135821,0.451799,0.014385,0.881604,-0.215746,-0.080161,-0.019979
2257,2932596664,0.132922,0.450126,0.010820,0.882952,-0.230958,0.331510,-0.638881
2258,2932629998,0.128561,0.448626,0.005259,0.884411,0.408735,0.006603,0.302053
2259,2932663332,0.123479,0.446581,0.000230,0.886184,0.626006,-0.478660,0.212549
2260,2932696666,0.117193,0.445193,-0.001410,0.887733,0.010832,-1.082819,0.265510
2261,2932730000,0.106930,0.442155,-0.002946,0.890539,0.851814,0.246780,-0.070564
2262,2932763334,0.094535,0.438002,-0.004808,0.893979,0.525357,0.619120,0.321080
2263,2932796668,0.083027,0.432249,-0.009664,0.897874,0.025656,-0.070990,-0.088617
2264,2932830002,0.073431,0.426565,-0.016727,0.901318,-0.487666,0.168717,-0.299967
2265,2932863336,0.064661,0.422791,-0.024185,0.903596,1.058442,0.986227,0.452034
2266,2932896670,0.055816,0.420497,-0.028441,0.905131,0.678782,0.700331,0.712884
2267,2932930004,0.045873,0.420838,-0.028384,0.905533,0.125685,0.689751,0.712880
2268,2932963338,0.034154,0.422361,-0.024901,0.905443,-0.631013,0.835179,0.315840
2269,2932996672,0.022327,0.423844,-0.020329,0.905234,0.016804,-0.035356,-0.368793
2270,2933030006,0.009444,0.425300,-0.012201,0.904923,-0.576888,0.324417,-0.197128
2271,2933063340,-0.003341,0.426230,-0.003012,0.904606,-0.257274,1.190824,0.185812
2272,2933096674,-0.014876,0.426054,0.008038,0.904542,-0.041039,0.643075,-0.487685
2273,2933130008,-0.021955,0.424982,0.016298,0.904791,0.307279,0.965198,0.558996
2274,2933163342,-0.024375,0.422647,0.020967,0.905726,-0.365358,0.117133,0.106102
2275,2933196676,-0.022662,0.422058,0.022747,0.906002,-0.340432,0.550467,-0.314374
2276,2933230010,-0.019821,0.421838,0.023751,0.906145,1.166819,0.635121,-0.108842
2277,2933263344,-0.020100,0.423252,0.032362,0.905213,0.977101,0.945606,0.545822
2278,2933296678,-0.024429,0.424439,0.044567,0.904031,0.482400,-0.488009,0.226433
2279,2933330012,-0.027949,0.423944,0.052964,0.903708,-0.177537,0.064265,0.388195
2280,2933363346,-0.030305,0.424390,0.060402,0.902956,-0.799791,0.830916,-0.573956
2281,2933396680,-0.031144,0.424318,0.065411,0.902612,-0.135840,-0.002604,0.198598
2282,2933430014,-0.029188,0.423978,0.067384,0.902692,-0.335458,0.527976,-0.616467
2283,2933463348,-0.027002,0.424767,0.071821,0.902047,-0.097150,1.190874,0.222426
2284,2933496682,-0.023329,0.425190,0.075560,0.901645,-0.214043,1.022160,0.282887
2285,2933530016,-0.017744,0.426437,0.077433,0.901024,-0.476323,1.357865,-0.083828
2286,2933563350,-0.010901,0.429132,0.075867,0.899986,-0.741702,2.048140,0.118532
2287,2933596684,-0.002618,0.434224,0.073181,0.897825,-0.693036,0.778941,0.753027
2288,2933630018,0.002633,0.440724,0.074888,0.894512,0.782305,0.403256,0.948166
2289,2933663352,0.005004,0.446588,0.085262,0.890656,-0.783547,-0.645684,-0.294351
2290,2933696686,0.004926,0.452721,0.099467,0.886075,-1.484828,-0.892130,-0.807495
2291,2933730020,0.005529,0.457807,0.111644,0.881999,-1.121136,0.262289,-0.415857
2292,2933763354,0.007568,0.460576,0.118030,0.879707,-0.554316,-0.237964,0.483685
2293,2933796688,0.011587,0.462404,0.118043,0.878702,-0.721620,0.407127,-0.506344
2294,2933830022,0.012904,0.463837,0.116788,0.878096,0.327956,1.470546,-0.405465
2295,2933863356,0.008655,0.466641,0.123814,0.875697,0.069017,-0.663377,-0.135252
2296,2933896690,0.000940,0.469548,0.134487,0.872605,0.615844,-0.993722,0.280843
2297,2933930024,-0.007396,0.470773,0.143023,0.870555,0.754569,-0.106165,0.183439
2298,2933963358,-0.015307,0.470641,0.147921,0.869705,0.173361,-0.258450,-0.433820
2299,2933996692,-0.022174,0.469366,0.149335,0.870003,0.476418,0.166874,0.029298
2300,2934030026,-0.028155,0.467029,0.148827,0.871174,0.359728,0.747013,-0.513737
2301,2934063360,-0.033330,0.463240,0.146885,0.873342,0.621178,-1.124698,0.174847
2302,2934096694,-0.038415,0.459214,0.143224,0.875864,1.137495,1.419754,0.234765
2303,2934130028,-0.045182,0.453539,0.139062,0.879162,0.635710,0.181282,0.652740
2304,2934163362,-0.054622,0.447539,0.135169,0.882303,0.209494,0.454003,0.339900
2305,2934196696,-0.064099,0.440947,0.130620,0.885663,0.044650,0.922458,-0.424154
2306,2934230030,-0.073582,0.435428,0.126869,0.888198,0.266880,0.071465,-0.226665
2307,2934263364,-0.082428,0.429337,0.120761,0.891233,-0.139330,-0.018078,-0.088598
2308,2934296698,-0.092146,0.424357,0.112128,0.893790,-0.084303,0.511140,0.286314
2309,2934330032,-0.101403,0.420438,0.101650,0.895890,-0.148221,0.998877,0.925344
2310,2934363366,-0.110966,0.418171,0.091764,0.896885,-0.353500,1.740404,0.831403
2311,2934396700,-0.122434,0.416670,0.085500,0.896710,-0.065427,0.641896,0.963151
2312,2934430034,-0.133799,0.416016,0.085456,0.895393,-1.562353,-0.298150,-0.112462
2313,2934463368,-0.146749,0.415474,0.089948,0.893173,-1.614382,0.315808,0.066577
2314,2934496702,-0.158223,0.413982,0.091913,0.891706,-0.759265,0.695526,-0.006755
2315,2934530036,-0.166576,0.412765,0.092881,0.890648,-1.965998,0.181790,-0.336443
2316,2934563370,-0.171356,0.411948,0.089094,0.890507,-0.451706,1.222662,0.517027
2317,2934596704,-0.173631,0.412150,0.087893,0.890092,-1.070212,0.630179,-0.146646
2318,2934630038,-0.177494,0.413100,0.090868,0.888589,0.254030,0.287028,0.618434
2319,2934663372,-0.181466,0.413685,0.095495,0.887028,-0.137638,1.684645,0.393619
2320,2934696706,-0.186168,0.414442,0.099798,0.885225,-0.050229,-0.008385,0.102889
2321,2934730040,-0.188880,0.414750,0.102182,0.884234,-0.661319,0.267253,-1.015107
2322,2934763374,-0.191662,0.415042,0.105596,0.883096,-0.077565,0.377858,-0.518678
2323,2934796708,-0.191972,0.415188,0.105727,0.882945,-0.575716,-0.037586,-0.361489
2324,2934830042,-0.190624,0.416318,0.101833,0.883162,-0.333215,0.918639,0.189513
2325,2934863376,-0.188756,0.416712,0.097036,0.883917,-0.300200,-0.355091,0.437302
2326,2934896710,-0.187249,0.417486,0.093895,0.884212,-0.461638,0.777219,-0.216543
2327,2934930044,-0.185436,0.418026,0.091581,0.884582,0.450894,0.642255,0.578426
2328,2934963378,-0.182003,0.417922,0.089759,0.885530,-0.088346,0.518422,0.804329
2329,2934996712,-0.176261,0.418130,0.087679,0.886800,-0.140159,0.370217,0.582593
2330,2935030046,-0.167206,0.418938,0.083820,0.888544,-0.236974,1.027617,0.326197
2331,2935063380,-0.156563,0.420774,0.081158,0.889862,-0.215708,-0.515749,0.268575
2332,2935096714,-0.145014,0.425137,0.078672,0.889968,-0.109304,-0.018301,1.368086
2333,2935130048,-0.135280,0.430365,0.075833,0.889234,0.721886,0.859240,1.377689
2334,2935163382,-0.132489,0.434195,0.085461,0.886917,-0.475147,1.484783,0.288369
2335,2935196716,-0.141330,0.434695,0.117866,0.881577,-0.622971,-0.430662,-1.073324
2336,2935230050,-0.151354,0.434867,0.149707,0.874971,-1.500722,-1.224435,-1.209478
2337,2935263384,-0.158847,0.435043,0.171631,0.869513,-0.893291,-0.097640,-0.755557
2338,2935296718,-0.161755,0.435517,0.183487,0.866312,-0.762605,-1.990589,-0.992574
2339,2935330052,-0.160024,0.438200,0.185328,0.864887,-0.640383,-1.432468,-0.364314
2340,2935363386,-0.159236,0.441053,0.185693,0.863503,0.369517,-0.160577,0.131289
2341,2935396720,-0.156852,0.443378,0.183705,0.863174,0.753021,-2.351222,0.802631
2342,2935430054,-0.153696,0.444525,0.177477,0.864454,0.282795,-1.337078,-0.160752
2343,2935463388,-0.155809,0.442864,0.176377,0.865153,-0.408584,1.056981,-0.033913
2344,2935496722,-0.160497,0.440580,0.174043,0.865934,-0.400876,-0.301557,-0.077003
2345,2935530056,-0.166449,0.437862,0.170477,0.866898,-0.022699,0.616967,0.254937
2346,2935563390,-0.173152,0.434078,0.166364,0.868286,0.457192,-0.750991,0.352636
2347,2935596724,-0.178766,0.429837,0.161938,0.870093,0.177839,0.179808,0.262256
2348,2935630058,-0.184985,0.425578,0.157443,0.871711,-0.134155,-0.224037,0.448623
2349,2935663392,-0.188993,0.421106,0.148160,0.874644,-0.426393,-0.766950,0.320623
2350,2935696726,-0.191874,0.417153,0.134051,0.878181,-0.437671,1.141044,0.229405
2351,2935730060,-0.192938,0.413572,0.114163,0.882442,0.625893,-0.455444,0.050443
2352,2935763394,-0.190970,0.411315,0.091750,0.886530,-0.051917,0.710353,0.760646
2353,2935796728,-0.189457,0.411424,0.075086,0.888370,-0.480877,-0.538870,1.280516
2354,2935830062,-0.189286,0.413524,0.061413,0.888482,0.481539,1.820826,1.409013
2355,2935863396,-0.190145,0.416076,0.051082,0.887761,-0.297009,-0.108858,-0.117064
2356,2935896730,-0.193493,0.418830,0.043512,0.886144,-0.447753,-0.114865,-0.749515
2357,2935930064,-0.198999,0.420271,0.041273,0.884348,-1.456784,-0.068829,-0.531740
2358,2935963398,-0.204819,0.420817,0.041144,0.882765,-1.302607,0.254562,0.072854
2359,2935996732,-0.207277,0.420153,0.038379,0.882631,-0.725490,1.268309,-0.140920
2360,2936030066,-0.204173,0.420469,0.035745,0.883315,-0.545806,0.872977,0.720639
2361,2936063400,-0.196527,0.421214,0.031067,0.884869,-0.836274,1.198643,0.499165
2362,2936096734,-0.187630,0.422356,0.026544,0.886402,-0.643478,-0.667496,-0.241509
2363,2936130068,-0.180445,0.424064,0.023676,0.887160,-0.450480,0.660290,-0.327156
2364,2936163402,-0.176605,0.424861,0.024661,0.887524,1.421000,-1.524915,0.348079
2365,2936196736,-0.173193,0.424920,0.027780,0.888076,0.476477,0.916417,0.284760
2366,2936230070,-0.172642,0.424422,0.035532,0.888145,0.683479,0.068178,0.852960
2367,2936263404,-0.170688,0.423104,0.039985,0.888962,0.117632,0.206349,-0.924691
2368,2936296738,-0.167436,0.421923,0.044508,0.889926,-0.221986,0.272990,-0.216127
2369,2936330072,-0.163668,0.421167,0.050068,0.890689,0.515460,-0.276960,-0.046380
2370,2936363406,-0.158731,0.420897,0.055333,0.891399,0.061264,-0.713612,-0.464111
2371,2936396740,-0.152103,0.422236,0.059930,0.891624,-0.374024,-0.502216,0.432158
2372,2936430074,-0.144931,0.423991,0.065052,0.891627,0.217172,0.541356,1.224671
2373,2936463408,-0.137650,0.425662,0.070483,0.891571,-0.289300,0.989423,-0.006981
2374,2936496742,-0.131082,0.427613,0.078917,0.890921,-0.598775,0.344603,-0.292491
2375,2936530076,-0.124308,0.431698,0.087138,0.889154,-1.202698,1.589001,-0.444049
2376,2936563410,-0.114458,0.436906,0.091355,0.887508,-0.497037,0.200732,0.260023
2377,2936596744,-0.103317,0.445023,0.092560,0.884713,-0.720904,2.172645,0.964972
2378,2936630078,-0.092226,0.453808,0.091168,0.881615,0.526413,1.030115,1.329672
2379,2936663412,-0.082951,0.460177,0.092593,0.879083,0.199512,-1.186435,-1.046443
2380,2936696746,-0.076843,0.465642,0.099474,0.876003,-0.996087,-0.711788,-1.307673
2381,2936730080,-0.073969,0.470166,0.107755,0.872849,-1.082722,-1.353496,-0.443280
2382,2936763414,-0.072196,0.472869,0.114370,0.870693,-0.436853,-0.295732,0.145433
2383,2936796748,-0.068092,0.474326,0.113938,0.870287,-0.308003,0.974289,-0.077442
2384,2936830082,-0.062019,0.475533,0.111581,0.870388,-0.386804,-0.758880,-0.085505
2385,2936863416,-0.057491,0.477628,0.110468,0.869694,0.280635,0.939005,-0.353228
2386,2936896750,-0.056243,0.479456,0.113622,0.868361,1.004505,-0.289954,0.196564
2387,2936930084,-0.059106,0.481081,0.118710,0.866590,0.047318,-0.137616,-0.036155
2388,2936963418,-0.064434,0.481392,0.121205,0.865692,0.297921,-0.121750,-0.140774
2389,2936996752,-0.070532,0.480419,0.122388,0.865591,0.507456,-0.940342,0.585366
2390,2937030086,-0.076377,0.478666,0.122924,0.865990,0.029860,0.043601,-0.487985
2391,2937063420,-0.083065,0.475632,0.122616,0.867089,0.302250,-0.072641,0.057757
2392,2937096754,-0.090232,0.471681,0.119854,0.868915,0.663746,-0.655138,0.355078
2393,2937130088,-0.097249,0.466546,0.114092,0.871702,0.600370,0.131385,0.892275
2394,2937163422,-0.104016,0.461003,0.105509,0.874945,-0.725209,-0.167375,0.475468
2395,2937196756,-0.109744,0.456258,0.092574,0.878190,-0.195609,-0.117830,-0.350039
2396,2937230090,-0.115976,0.452572,0.081002,0.880437,-0.441846,1.273810,0.334054
2397,2937263424,-0.121074,0.451282,0.068499,0.881474,-0.261851,1.685241,-0.084962
2398,2937296758,-0.126958,0.451945,0.060161,0.880915,0.719820,0.387399,1.931378
2399,2937330092,-0.132686,0.453836,0.052051,0.879614,-0.048753,1.416215,0.007957
2400,2937363426,-0.141751,0.456183,0.049973,0.877103,-0.203208,-0.432300,-0.491169
2401,2937396760,-0.154288,0.458217,0.052327,0.873783,-0.513673,0.364080,-0.934760
2402,2937430094,-0.166668,0.458290,0.058510,0.871075,-0.666154,-0.219730,0.085122
2403,2937463428,-0.177505,0.457683,0.065183,0.868777,-1.691638,0.536755,-0.730823
2404,2937496762,-0.184934,0.456205,0.071298,0.867523,-0.635853,1.131254,-0.003061
2405,2937530096,-0.187298,0.455481,0.076148,0.866984,-0.490880,1.203560,1.220106
2406,2937563430,-0.185467,0.454186,0.078276,0.867867,-0.083115,0.648348,0.755908
2407,2937596764,-0.183575,0.453186,0.081192,0.868524,-0.328303,0.313692,0.408348
2408,2937630098,-0.183042,0.452370,0.085034,0.868694,-0.129926,-1.036572,0.407166
2409,2937663432,-0.183496,0.451783,0.088320,0.868576,-0.350082,-0.985249,0.028503
2410,2937696766,-0.183892,0.451337,0.092057,0.868336,-0.205913,0.415899,0.375559
2411,2937730100,-0.184722,0.450454,0.097806,0.867990,-0.238849,0.218993,-0.005572
2412,2937763434,-0.185323,0.449331,0.102866,0.867859,-0.284537,0.372481,0.082597
2413,2937796768,-0.182559,0.448811,0.104397,0.868531,-0.407355,0.386641,0.022288
2414,2937830102,-0.177666,0.448567,0.103655,0.869759,-0.113278,0.550961,0.039533
2415,2937863436,-0.170136,0.448971,0.101024,0.871365,0.553189,-0.756963,1.215235
2416,2937896770,-0.160179,0.449643,0.097805,0.873270,0.072648,-0.240609,0.378476
2417,2937930104,-0.148909,0.450495,0.094624,0.875174,0.411520,0.368116,1.053761
2418,2937963438,-0.136265,0.451246,0.092800,0.877041,-0.593803,0.625207,0.517068
2419,2937996772,-0.122406,0.453152,0.090533,0.878338,-0.872974,0.762792,0.061300
2420,2938030106,-0.105868,0.457227,0.084806,0.878947,-1.346913,1.668450,0.222668
2421,2938063440,-0.087084,0.464373,0.075710,0.878092,-0.271527,2.377299,0.979054
2422,2938096774,-0.070848,0.470198,0.067656,0.877109,1.514870,1.039428,-0.119370
2423,2938130108,-0.060345,0.474127,0.070666,0.875541,0.111647,-1.930867,-1.165954
2424,2938163442,-0.056131,0.476951,0.078107,0.873653,-0.789137,-0.735681,-0.422612
2425,2938196776,-0.056884,0.479762,0.086166,0.871304,-1.257870,-0.341260,-0.144448
2426,2938230110,-0.056710,0.481160,0.090237,0.870132,0.654946,-0.760183,0.945782
2427,2938263444,-0.053021,0.481248,0.091452,0.870189,-1.122028,0.440717,-1.072715
2428,2938296778,-0.046798,0.480974,0.089560,0.870894,-0.245301,0.000776,-0.187803
2429,2938330112,-0.041940,0.480951,0.087638,0.871350,-0.447635,-0.579762,-0.041840
2430,2938363446,-0.039759,0.480565,0.085961,0.871832,-0.371791,-0.930468,-0.774392
2431,2938396780,-0.040210,0.480363,0.084151,0.872099,0.306505,-0.862473,-0.869236
2432,2938430114,-0.042770,0.480015,0.083763,0.872206,0.602620,0.133729,0.292040
2433,2938463448,-0.046254,0.479220,0.082779,0.872559,0.350133,-0.227204,0.727097
2434,2938496782,-0.050350,0.477571,0.080814,0.873420,0.400739,-1.120764,0.643353
2435,2938530116,-0.055604,0.474872,0.078525,0.874781,0.357581,0.587725,-0.244166
2436,2938563450,-0.062516,0.471715,0.077975,0.876071,0.220487,-1.292080,0.511370
2437,2938596784,-0.067614,0.467477,0.073395,0.878357,0.376119,0.522144,-0.598370
2438,2938630118,-0.073740,0.462885,0.067123,0.880794,0.720417,0.979419,-0.899950
2439,2938663452,-0.081152,0.457627,0.060877,0.883340,0.178777,0.308185,0.329052
2440,2938696786,-0.087960,0.452656,0.052942,0.885758,-0.541273,1.130201,0.221855
2441,2938730120,-0.092795,0.448927,0.043790,0.887660,-0.674075,-1.292763,1.630066
2442,2938763454,-0.095730,0.446700,0.032057,0.888971,0.063316,1.378787,1.318843
2443,2938796788,-0.100354,0.445583,0.024465,0.889264,0.117266,-0.289819,0.472079
2444,2938830122,-0.107815,0.445840,0.022691,0.888308,-0.256496,0.728293,-0.040944
2445,2938863456,-0.121017,0.446344,0.032116,0.886061,-0.965328,0.705470,-0.090562
2446,2938896790,-0.138054,0.446167,0.047519,0.882962,-1.227099,0.019093,-0.496374
2447,2938930124,-0.156035,0.445403,0.064391,0.879276,-1.354905,0.890166,-0.275798
2448,2938963458,-0.170410,0.443791,0.078985,0.876227,-0.521084,-0.305761,0.431075
2449,2938996792,-0.178686,0.443067,0.087557,0.874128,-1.033797,0.482482,0.379807
2450,2939030126,-0.180145,0.442869,0.086997,0.873985,-0.170034,1.139584,0.534360
2451,2939063460,-0.175585,0.443103,0.079862,0.875474,-0.217007,-0.718515,-0.461471
2452,2939096794,-0.169529,0.444797,0.070198,0.876636,-0.702157,-0.034049,-0.837662
2453,2939130128,-0.162528,0.446799,0.060940,0.877636,-0.454763,-0.034239,-0.024799
2454,2939163462,-0.155470,0.449068,0.053691,0.878230,-0.815557,-0.150301,1.098150
2455,2939196796,-0.148458,0.450857,0.046366,0.878943,-0.131497,0.099365,-0.047662
2456,2939230130,-0.140018,0.452272,0.040632,0.879885,-0.152300,0.284782,0.560177
2457,2939263464,-0.129927,0.453280,0.032394,0.881255,0.323939,0.754804,0.824065
2458,2939296798,-0.119591,0.452616,0.022816,0.883357,-0.457327,1.521625,0.266778
2459,2939330132,-0.109229,0.450844,0.011629,0.885820,0.132308,0.317434,-0.584301
2460,2939363466,-0.099494,0.449875,0.007210,0.887505,-0.024997,1.701398,-0.203694
2461,2939396800,-0.089299,0.449428,0.011264,0.888773,-0.015382,0.023475,0.814893
2462,2939430134,-0.076159,0.450159,0.015652,0.889559,-0.258737,0.154175,1.020473
2463,2939463468,-0.059144,0.452385,0.014888,0.889737,-0.388080,0.035911,1.505716
2464,2939496802,-0.039943,0.457110,0.010683,0.888450,-0.082081,1.176278,1.455770
2465,2939530136,-0.025230,0.463524,0.012555,0.885638,0.327460,-0.310215,1.220113
2466,2939563470,-0.015340,0.468812,0.018715,0.882968,0.040916,-0.403716,-1.020438
2467,2939596804,-0.012143,0.473390,0.030073,0.880258,-1.083743,-0.565077,-1.816106
2468,2939630138,-0.013193,0.478230,0.044538,0.877007,-0.993832,-0.049289,-1.138178
2469,2939663472,-0.014091,0.482318,0.058021,0.873961,-0.376868,-0.823147,-0.008700
2470,2939696806,-0.010234,0.484291,0.064232,0.872488,-0.229081,0.119097,0.543907
2471,2939730140,-0.003134,0.484142,0.063387,0.872687,-0.667701,0.059993,-0.212943
2472,2939763474,0.004617,0.483596,0.059583,0.873251,0.059322,-0.292165,-0.361012
2473,2939796808,0.006798,0.483588,0.060430,0.873183,0.223014,-1.023247,0.437571
2474,2939830142,0.003544,0.483217,0.062627,0.873253,0.201084,-0.865026,0.042996
2475,2939863476,-0.003503,0.482337,0.065981,0.873492,-0.114638,-0.799603,0.513119
2476,2939896810,-0.014052,0.480271,0.068721,0.874313,0.215020,0.516437,0.510227
2477,2939930144,-0.026403,0.475586,0.069953,0.876488,-0.152847,-0.358246,0.231912
2478,2939963478,-0.038937,0.468833,0.067200,0.879868,0.148316,0.391833,0.070359
2479,2939996812,-0.050964,0.462215,0.064576,0.882946,-0.351896,0.032690,-0.363370
2480,2940030146,-0.063499,0.454999,0.064142,0.885908,0.116546,0.430583,-0.393911
2481,2940063480,-0.075449,0.447572,0.063425,0.888801,-0.219548,-0.225602,-0.422833
2482,2940096814,-0.086002,0.439745,0.060983,0.891915,-0.380389,0.019972,-0.101141
2483,2940130148,-0.095797,0.432616,0.055296,0.894770,-0.176164,-0.504097,0.559866
2484,2940163482,-0.102980,0.426691,0.048036,0.897232,-0.352589,0.365302,0.245931
2485,2940196816,-0.107901,0.422862,0.037984,0.898947,1.116709,0.456693,1.626605
2486,2940230150,-0.110372,0.420891,0.027333,0.899958,0.508167,0.640913,0.848888
2487,2940263484,-0.115065,0.420485,0.018467,0.899786,0.578486,0.463629,0.997910
2488,2940296818,-0.121869,0.419956,0.013363,0.899227,-0.680873,-0.053391,-0.448385
2489,2940330152,-0.132236,0.419139,0.014933,0.898118,-0.069549,-0.288878,-0.033780
2490,2940363486,-0.141794,0.418538,0.021391,0.896809,-0.196555,-0.010925,0.378453
2491,2940396820,-0.146200,0.418023,0.026562,0.896203,0.470874,0.622285,1.274701
2492,2940430154,-0.144242,0.418145,0.028545,0.896403,-0.892078,1.536622,0.206395
2493,2940463488,-0.139501,0.419177,0.027929,0.896690,-0.790061,0.492650,-0.693994
2494,2940496822,-0.135280,0.419884,0.028136,0.897000,-0.338142,-0.326190,-0.303349
2495,2940530156,-0.131374,0.420600,0.028112,0.897246,-0.514987,-0.631083,0.067821
2496,2940563490,-0.128068,0.421646,0.027704,0.897246,-0.546060,-0.275579,0.041147
2497,2940596824,-0.125254,0.422505,0.027555,0.897243,-0.965527,0.405321,-0.002353
2498,2940630158,-0.122690,0.423479,0.027900,0.897128,-0.074956,0.882982,0.151643
2499,2940663492,-0.117784,0.424701,0.028411,0.897191,-0.618103,-0.381538,-0.126554
2500,2940696826,-0.109962,0.426454,0.026710,0.897405,-0.250587,0.902275,0.889664
2501,2940730160,-0.102255,0.428785,0.027992,0.897166,-0.367464,0.005295,-0.447425
2502,2940763494,-0.094937,0.432187,0.033615,0.896145,0.809601,-0.347778,1.496753
2503,2940796828,-0.085189,0.435087,0.037666,0.895559,0.107917,-0.194079,0.828866
2504,2940830162,-0.074378,0.439247,0.039228,0.894424,-0.091483,0.405752,0.039829
2505,2940863496,-0.064006,0.445799,0.040370,0.891930,-0.239145,0.637371,0.677318
2506,2940896830,-0.053723,0.454068,0.039741,0.888460,0.014619,0.270953,0.414107
2507,2940930164,-0.045949,0.463614,0.040467,0.883921,1.071367,-0.068917,0.898055
2508,2940963498,-0.039767,0.471305,0.043316,0.880010,-0.066158,0.011623,-1.038555
2509,2940996832,-0.036678,0.479245,0.050781,0.875445,-1.013298,-1.717018,-1.598606
2510,2941030166,-0.032449,0.486887,0.057988,0.870936,-1.263543,-0.141496,-1.215819
2511,2941063500,-0.026983,0.494475,0.063742,0.866434,-1.032750,0.156757,0.115282
2512,2941096834,-0.018158,0.499594,0.065030,0.863626,-0.192153,0.861720,0.358519
2513,2941130168,-0.006173,0.502859,0.063698,0.861998,0.213030,0.662688,0.080155
2514,2941163502,0.003049,0.505331,0.063489,0.860584,-0.066242,-0.862206,0.694533
2515,2941196836,0.008281,0.507740,0.063987,0.859093,0.416491,-0.926591,0.180902
2516,2941230170,0.008150,0.509767,0.066803,0.857678,-0.161241,-0.879351,-0.330610
2517,2941263504,0.004796,0.510404,0.070128,0.857059,-0.296116,-0.821226,-0.355693
2518,2941296838,-0.000599,0.510298,0.071656,0.857009,-0.933157,-0.356915,-0.602687
2519,2941330172,-0.005416,0.509198,0.069667,0.857810,-0.698645,-0.048329,-0.301014
2520,2941363506,-0.011452,0.508272,0.067325,0.858487,-0.673396,0.251999,-0.770835
2521,2941396840,-0.016827,0.506303,0.063838,0.859827,0.174994,-1.193580,0.290085
2522,2941430174,-0.021837,0.503135,0.058496,0.861951,-0.087775,-0.511265,-0.519843
2523,2941463508,-0.029371,0.499151,0.052688,0.864415,0.923314,0.347054,0.431161
2524,2941496842,-0.037586,0.493926,0.047008,0.867420,0.893949,0.249487,0.614856
2525,2941530176,-0.047134,0.487738,0.041828,0.870715,0.412290,-0.651209,0.998455
2526,2941563510,-0.054991,0.481282,0.033879,0.874185,0.852190,1.563054,0.489527
2527,2941596844,-0.060928,0.475631,0.025848,0.877154,-0.048653,-0.099460,1.053230
2528,2941630178,-0.064859,0.472114,0.016757,0.878990,-0.487030,1.449031,-0.188197
2529,2941663512,-0.071066,0.469763,0.011055,0.879860,-0.056009,1.794893,-0.303644
2530,2941696846,-0.080224,0.467891,0.012705,0.880048,-1.729935,-0.639914,-0.734959
2531,2941730180,-0.090436,0.465111,0.017192,0.880455,-1.028726,-0.328836,-0.557547
2532,2941763514,-0.098491,0.461198,0.020390,0.881580,-0.933564,0.540865,-0.451685
2533,2941796848,-0.100578,0.455372,0.021268,0.884348,-0.420707,-0.218629,0.547010
2534,2941830182,-0.097370,0.449588,0.017750,0.887737,-0.513154,1.061507,0.623334
2535,2941863516,-0.090108,0.445670,0.009435,0.890603,-0.301537,0.871120,0.700486
2536,2941896850,-0.083389,0.442779,0.001857,0.892745,0.793149,0.430020,1.239791
2537,2941930184,-0.079597,0.440833,-0.002078,0.894052,0.439021,0.174852,0.199701
2538,2941963518,-0.079709,0.440147,-0.001682,0.894381,-0.012115,0.026446,0.005401
2539,2941996852,-0.082171,0.440292,0.000568,0.894088,0.390019,0.064995,-0.014981
2540,2942030186,-0.085460,0.440404,0.004545,0.893714,-0.324229,-0.264027,-0.572210
2541,2942063520,-0.087529,0.440468,0.006908,0.893466,0.343732,-0.357265,-0.289512
2542,2942096854,-0.087390,0.440618,0.008424,0.893393,0.042602,0.158270,0.659716
2543,2942130188,-0.084858,0.440651,0.008911,0.893616,0.615287,-0.482060,0.645000
2544,2942163522,-0.081518,0.440595,0.010643,0.893936,0.720965,0.554948,0.575447
2545,2942196856,-0.080465,0.441372,0.016765,0.893554,0.319647,0.648423,0.360005
2546,2942230190,-0.080175,0.441900,0.024979,0.893127,1.515824,-0.579802,0.955822
2547,2942263524,-0.077630,0.442519,0.030770,0.892865,0.506256,0.265150,0.638037
2548,2942296858,-0.072415,0.443480,0.033126,0.892742,-0.260782,0.319185,-0.469189
2549,2942330192,-0.066389,0.445464,0.035279,0.892140,-0.646335,0.308869,-0.746685
2550,2942363526,-0.058556,0.448449,0.038311,0.891067,-0.137092,-0.618219,-0.141161
2551,2942396860,-0.049944,0.451259,0.039449,0.890122,-0.096775,0.233437,-0.264015
2552,2942430194,-0.039381,0.456411,0.040123,0.887993,-0.268960,0.937197,0.466199
2553,2942463528,-0.030053,0.463847,0.043079,0.884359,0.092712,1.286064,0.686624
2554,2942496862,-0.023577,0.471227,0.048930,0.880340,1.013467,0.451340,0.604099
2555,2942530196,-0.019103,0.477916,0.060205,0.876133,-0.788311,-0.594842,-1.406811
2556,2942563530,-0.018093,0.484074,0.076306,0.871508,-1.057493,-1.498413,-0.858021
2557,2942596864,-0.019306,0.489772,0.092466,0.866720,-1.631535,-0.359894,-0.407333
2558,2942630198,-0.020725,0.492944,0.100475,0.863994,0.165060,-0.795201,0.680237
2559,2942663532,-0.019843,0.493989,0.102143,0.863221,-0.882003,-0.241333,-0.602826
2560,2942696866,-0.018794,0.495192,0.103019,0.862451,0.285748,0.533218,-0.081897
2561,2942730200,-0.019542,0.496224,0.108032,0.861227,0.487587,-0.223992,-0.334497
2562,2942763534,-0.022124,0.496750,0.114015,0.860089,0.711689,-1.098698,0.371581
2563,2942796868,-0.024347,0.495773,0.115740,0.860363,0.489752,-0.101350,0.081007
2564,2942830202,-0.026825,0.493259,0.114872,0.861849,0.134639,-0.281148,-0.425234
2565,2942863536,-0.030852,0.489210,0.112397,0.864345,-0.282075,-0.409406,-1.163282
2566,2942896870,-0.035459,0.484386,0.109461,0.867257,0.177599,-1.126911,0.228739
2567,2942930204,-0.040682,0.478555,0.104211,0.870904,0.427736,-0.545247,-0.753132
2568,2942963538,-0.044820,0.470330,0.096745,0.876028,0.692560,-0.181715,-1.034285
2569,2942996872,-0.051808,0.462737,0.088133,0.880583,0.813351,0.307008,-0.639054
2570,2943030206,-0.058148,0.454682,0.077604,0.885361,0.419075,-0.017044,0.719436
2571,2943063540,-0.062840,0.447551,0.063879,0.889760,1.077768,1.005992,2.340126
2572,2943096874,-0.064910,0.442870,0.049878,0.892843,-0.555847,0.849787,2.014800
2573,2943130208,-0.068523,0.440767,0.040994,0.894065,0.894345,1.791505,0.707759
2574,2943163542,-0.077832,0.439056,0.045011,0.893952,-1.158135,-0.868258,-0.503860
2575,2943196876,-0.093218,0.438460,0.053952,0.892276,-1.532896,0.867294,-0.843366
2576,2943230210,-0.111654,0.436371,0.065482,0.890410,-1.326487,-1.295223,-2.117397
2577,2943263544,-0.125987,0.434626,0.074259,0.888660,-0.946614,-0.046872,-0.250916
2578,2943296878,-0.134278,0.433307,0.077332,0.887828,-0.881088,0.955472,2.216976
2579,2943330212,-0.134819,0.432858,0.072383,0.888382,-0.755957,2.229136,1.273294
2580,2943363546,-0.131669,0.432640,0.065617,0.889485,0.303921,0.797661,0.190550
2581,2943396880,-0.128501,0.433749,0.061565,0.889698,-0.144669,-0.456977,-0.345512
2582,2943430214,-0.126789,0.435011,0.060625,0.889392,0.117962,-2.195809,0.819364
2583,2943463548,-0.125277,0.436659,0.057745,0.888990,-0.897735,-0.700365,-0.292966
2584,2943496882,-0.125212,0.437445,0.053744,0.888864,0.144350,-0.346861,-0.857690
2585,2943530216,-0.123427,0.438926,0.050283,0.888586,0.160134,0.457904,-0.334291
2586,2943563550,-0.120140,0.440698,0.045989,0.888392,0.220281,0.140768,0.681310
2587,2943596884,-0.113450,0.441954,0.035720,0.889119,0.619916,0.248533,1.520905
2588,2943630218,-0.102926,0.443506,0.020531,0.890107,-0.387932,1.155660,0.466126
2589,2943663552,-0.092640,0.444872,0.005743,0.890773,-0.351649,0.243181,-0.220329
2590,2943696886,-0.083785,0.446158,-0.004081,0.891016,-0.017210,0.310798,-0.193137
2591,2943730220,-0.076010,0.447154,-0.007206,0.891194,-0.387733,-0.445020,-0.747190
2592,2943763554,-0.067077,0.449011,-0.005198,0.890992,-0.069280,0.187295,-0.207303
2593,2943796888,-0.055484,0.452072,-0.000528,0.890256,-0.664019,1.485466,0.388764
2594,2943830222,-0.040002,0.459575,0.001587,0.887238,0.289349,2.163607,2.586638
2595,2943863556,-0.026246,0.469101,0.004509,0.882745,0.828602,0.490292,1.632936
2596,2943896890,-0.012586,0.476877,0.005438,0.878865,0.428176,-1.428954,-0.037988
2597,2943930224,-0.008901,0.484569,0.015264,0.874576,-0.678408,0.142018,-1.914691
2598,2943963558,-0.018512,0.491418,0.036268,0.869974,-0.653284,-0.302490,-1.215835
2599,2943996892,-0.031131,0.496977,0.056779,0.865346,-0.314647,-2.631632,0.646540
2600,2944030226,-0.036239,0.500643,0.068791,0.862157,-0.413663,-0.912473,-0.053183
2601,2944063560,-0.033384,0.503618,0.068520,0.860560,-0.192308,0.896297,0.207099
2602,2944096894,-0.026066,0.505233,0.061166,0.860420,-0.788980,-0.241866,-0.205462
2603,2944130228,-0.017414,0.506290,0.050334,0.860719,-0.085811,-0.593804,-0.265429
2604,2944163562,-0.012692,0.506968,0.042954,0.860803,0.080124,-0.631739,-0.547650
2605,2944196896,-0.013256,0.507635,0.041023,0.860495,0.815560,-0.808867,-0.200722
2606,2944230230,-0.017994,0.507583,0.042682,0.860359,0.519486,0.089352,-0.407310
2607,2944263564,-0.024125,0.506267,0.042962,0.860970,0.393310,-0.314373,0.501369
2608,2944296898,-0.031310,0.503839,0.040836,0.862265,0.110461,0.420212,-0.298045
2609,2944330232,-0.038584,0.500757,0.037649,0.863910,0.137457,-0.547556,-0.068026
2610,2944363566,-0.045703,0.496525,0.033752,0.866163,0.206339,-0.175165,0.406386
2611,2944396900,-0.052960,0.491572,0.026997,0.868808,0.125784,-0.132239,-0.397964
2612,2944430234,-0.061382,0.485708,0.019080,0.871757,0.502613,0.144916,0.021174
2613,2944463568,-0.072680,0.479101,0.010665,0.874682,-0.344475,0.402339,-0.274992
2614,2944496902,-0.086854,0.473778,0.003621,0.876345,0.462082,-0.650311,0.375504
2615,2944530236,-0.101240,0.468856,-0.001805,0.877454,1.159427,0.626011,2.139773
2616,2944563570,-0.113247,0.466365,-0.006282,0.877293,-0.035836,-0.322654,1.276107
2617,2944596904,-0.122538,0.466250,-0.008634,0.876085,-0.011057,0.627281,0.761861
2618,2944630238,-0.131557,0.465772,-0.011331,0.875000,-0.101320,0.433639,-0.505795
2619,2944663572,-0.143523,0.464593,-0.009391,0.873768,-0.503796,0.253381,-1.211484
2620,2944696906,-0.158706,0.462778,0.002500,0.872150,-1.209082,-0.441511,-0.432146
2621,2944730240,-0.174009,0.459339,0.020301,0.870816,-0.665223,0.346409,-0.138204
2622,2944763574,-0.184138,0.454320,0.037052,0.870814,0.273255,0.837349,1.126559
2623,2944796908,-0.187778,0.449326,0.047983,0.872093,-0.628624,1.188290,1.511405
2624,2944830242,-0.184390,0.446197,0.049849,0.874315,-0.928463,0.585129,0.716708
2625,2944863576,-0.177454,0.444027,0.046744,0.877022,-0.604994,1.234230,-0.068417
2626,2944896910,-0.170556,0.442467,0.040640,0.879480,-0.770918,0.844314,-0.353481
2627,2944930244,-0.166477,0.440479,0.036580,0.881436,-1.112334,0.359053,-0.148004
2628,2944963578,-0.164674,0.437458,0.037587,0.883234,-0.527865,-0.552832,-0.583628
2629,2944996912,-0.167673,0.432848,0.046417,0.884521,-0.347694,0.949531,-0.051266
2630,2945030246,-0.172697,0.428786,0.056947,0.884917,0.119335,-0.246525,0.672359
2631,2945063580,-0.177526,0.424282,0.066748,0.885448,-0.333752,-0.341504,0.243821
2632,2945096914,-0.183159,0.419800,0.078029,0.885514,0.226740,0.459506,0.685029
2633,2945130248,-0.186511,0.416042,0.086487,0.885802,1.075452,0.677546,1.376710
2634,2945163582,-0.188209,0.413086,0.094010,0.886060,0.990980,0.294184,0.602812
2635,2945196916,-0.189005,0.410946,0.101050,0.886111,0.739063,0.460614,0.287735
2636,2945230250,-0.189265,0.409839,0.108674,0.885666,0.258307,0.014299,-0.538586
2637,2945263584,-0.187448,0.410861,0.115539,0.884709,0.474458,-0.606152,-0.178957
2638,2945296918,-0.181778,0.413604,0.117815,0.884314,0.359834,-0.406949,0.145278
2639,2945330252,-0.173051,0.418476,0.115896,0.884027,-0.338979,-0.713081,0.278664
2640,2945363586,-0.161267,0.425938,0.111081,0.883309,-0.222158,0.507929,0.857819
2641,2945396920,-0.148915,0.434600,0.103818,0.882141,0.021548,0.629236,0.700002
2642,2945430254,-0.137512,0.442237,0.096838,0.880990,-0.068212,-0.280104,-0.730474
2643,2945463588,-0.128552,0.448819,0.093867,0.879334,-0.681873,-0.443338,-0.857330
2644,2945496922,-0.121906,0.455659,0.094053,0.876739,-1.406880,-0.300804,-1.100482
2645,2945530256,-0.115210,0.462039,0.094766,0.874225,-1.010443,-0.027033,-0.240581
2646,2945563590,-0.105424,0.466807,0.092984,0.873117,-0.771650,-0.025180,-0.697733
2647,2945596924,-0.093914,0.471219,0.089629,0.872412,0.109685,0.460553,0.035732
2648,2945630258,-0.084506,0.473881,0.088810,0.872016,1.099908,0.671032,0.591354
2649,2945663592,-0.076892,0.475452,0.086963,0.872051,1.079061,0.521971,0.829008
2650,2945696926,-0.072163,0.476324,0.084782,0.872195,1.033454,-0.911873,0.513783
2651,2945730260,-0.070690,0.476461,0.085145,0.872205,0.585041,-1.356469,-0.233984
2652,2945763594,-0.072804,0.476528,0.087992,0.871712,-0.036270,-1.200753,-0.024548
2653,2945796928,-0.076752,0.476108,0.090997,0.871294,-0.214925,-0.760418,-0.578403
2654,2945830262,-0.081405,0.475384,0.094929,0.870847,0.172291,-0.099852,-0.556293
2655,2945863596,-0.087811,0.474583,0.098570,0.870257,-0.204921,1.058466,-0.225155
2656,2945896930,-0.094863,0.473316,0.100329,0.870006,0.396683,0.436784,0.377118
2657,2945930264,-0.103289,0.471501,0.102218,0.869812,-0.277883,0.486126,-0.328038
2658,2945963598,-0.112900,0.468520,0.103993,0.870018,0.713183,-0.610301,0.137954
2659,2945996932,-0.123140,0.465018,0.103808,0.870530,-0.337921,-0.311115,-0.062704
2660,2946030266,-0.135517,0.459583,0.102651,0.871714,0.708350,-0.080776,0.307579
2661,2946063600,-0.147271,0.452817,0.099714,0.873687,-0.010251,-0.551544,0.009051
2662,2946096934,-0.159840,0.446307,0.095352,0.875313,-0.238195,0.392391,-0.014674
2663,2946130268,-0.173830,0.439404,0.091828,0.876515,-0.201529,0.743765,0.243062
2664,2946163602,-0.189555,0.432805,0.090715,0.876654,0.203049,0.598716,-0.072685
2665,2946196936,-0.204992,0.427258,0.091874,0.875781,-0.215186,0.775846,1.067106
2666,2946230270,-0.219116,0.424104,0.093596,0.873709,-0.689874,1.458505,1.198807
2667,2946263604,-0.233904,0.421207,0.096537,0.870952,-0.083667,0.613065,1.232332
2668,2946296938,-0.247766,0.418605,0.093916,0.868657,0.706885,0.009094,-0.280946
2669,2946330272,-0.262943,0.415461,0.091015,0.866010,-0.538414,-0.445467,-0.196965
2670,2946363606,-0.279035,0.412762,0.088847,0.862483,-0.575018,-0.579662,-1.305896
2671,2946396940,-0.297025,0.407867,0.094353,0.858208,-1.038958,0.339447,-0.354833
2672,2946430274,-0.312483,0.402833,0.102490,0.854154,-0.512872,-0.059046,0.072563
2673,2946463608,-0.324680,0.396124,0.111982,0.851547,-0.392368,1.096540,0.563004
2674,2946496942,-0.330584,0.390485,0.116902,0.851218,-0.331522,1.238577,0.591914
2675,2946530276,-0.331551,0.385733,0.117770,0.852888,-0.676604,1.406519,0.570230
2676,2946563610,-0.331041,0.381093,0.117934,0.855146,-0.998415,1.423771,0.399159
2677,2946596944,-0.330464,0.376736,0.118019,0.857286,-0.635239,0.328144,0.364176
2678,2946630278,-0.330331,0.373817,0.117159,0.858731,-0.568874,-0.148772,-0.714046
2679,2946663612,-0.334062,0.369601,0.123130,0.858277,-0.305228,-0.168665,0.085213
2680,2946696946,-0.339581,0.365310,0.132251,0.856590,-0.013850,-1.193995,-0.022776
2681,2946730280,-0.342749,0.362394,0.139688,0.855386,0.506592,-0.966227,0.304643
2682,2946763614,-0.342411,0.360947,0.143613,0.855482,0.352272,-0.361070,0.594525
2683,2946796948,-0.339841,0.360998,0.143278,0.856541,-0.122411,0.516322,0.306087
2684,2946830282,-0.336634,0.361339,0.142727,0.857756,-0.299956,0.886221,-0.088806
2685,2946863616,-0.333290,0.361234,0.143496,0.858976,0.239612,-0.077691,-0.064923
2686,2946896950,-0.330502,0.361761,0.144049,0.859739,-0.291260,-0.038740,0.008800
2687,2946930284,-0.329404,0.361142,0.147391,0.859854,0.081616,0.102685,0.391475
2688,2946963618,-0.326492,0.361931,0.148250,0.860485,0.020888,-0.335404,-0.338078
2689,2946996952,-0.321926,0.364035,0.147452,0.861455,-0.348275,0.347450,-0.391459
2690,2947030286,-0.316329,0.367497,0.146361,0.862243,-0.500377,0.193823,-0.640265
2691,2947063620,-0.310036,0.372256,0.146888,0.862398,-0.546197,-0.018055,-0.467962
2692,2947096954,-0.304937,0.378954,0.150376,0.860696,-0.342627,0.832926,-0.050268
2693,2947130288,-0.301397,0.386136,0.157537,0.857464,0.451244,0.764805,0.622117
2694,2947163622,-0.299449,0.393162,0.166191,0.853310,0.930533,0.510349,0.962324
2695,2947196956,-0.299683,0.398426,0.175585,0.848894,1.018349,0.315283,0.820623
2696,2947230290,-0.300546,0.402975,0.186897,0.844012,0.697131,0.040100,0.304172
2697,2947263624,-0.301207,0.406986,0.201380,0.838502,0.286046,0.424691,0.578039
2698,2947296958,-0.300314,0.409445,0.214318,0.834409,0.129719,0.126780,0.239674
2699,2947330292,-0.296818,0.410541,0.221359,0.833282,-0.204468,-0.154281,0.067043
2700,2947363626,-0.289491,0.412865,0.221620,0.834641,0.046476,-1.647736,-0.992622
2701,2947396960,-0.280402,0.415671,0.220462,0.836656,-1.267525,-0.602677,-0.446596
2702,2947430294,-0.276352,0.416645,0.223794,0.836634,-1.469366,0.698331,-0.857597
2703,2947463628,-0.276815,0.416994,0.229751,0.834690,-0.652454,0.759579,0.074072
2704,2947496962,-0.277266,0.417163,0.232836,0.833600,1.017027,-0.281216,0.981969
2705,2947530296,-0.277434,0.417172,0.231743,0.833844,0.472557,-0.059153,-0.372128
2706,2947563630,-0.281063,0.415583,0.232001,0.833350,0.817157,-0.172822,0.504972
2707,2947596964,-0.287198,0.412891,0.233835,0.832084,0.612967,-0.480100,-0.252254
2708,2947630298,-0.293705,0.410234,0.236358,0.830412,1.542875,-1.329583,0.092607
2709,2947663632,-0.298624,0.408051,0.236636,0.829654,0.841029,0.260254,-0.844000
2710,2947696966,-0.302915,0.406142,0.234608,0.829611,0.134322,0.719840,0.013373
2711,2947730300,-0.309210,0.403400,0.232650,0.829177,0.031455,0.659764,0.338120
2712,2947763634,-0.317239,0.401359,0.226523,0.828831,0.181507,1.036189,0.360791
2713,2947796968,-0.327938,0.397924,0.218970,0.828353,0.066743,0.402598,0.473386
2714,2947830302,-0.341008,0.394425,0.211936,0.826577,-0.758334,0.787399,-0.530609
2715,2947863636,-0.356595,0.388771,0.210777,0.822967,-0.022160,-0.679296,0.197803
2716,2947896970,-0.371973,0.384576,0.206716,0.819152,0.092578,-0.035695,-0.372183
2717,2947930304,-0.387584,0.380237,0.200844,0.815392,-0.012879,0.519789,-0.048149
2718,2947963638,-0.404084,0.375036,0.193225,0.811623,-0.561741,1.068508,0.419626
2719,2947996972,-0.420649,0.369717,0.185430,0.807454,0.271800,-0.965962,0.284919
2720,2948030306,-0.435227,0.367885,0.174825,0.802919,-0.702930,0.541161,-0.142180
2721,2948063640,-0.447758,0.367312,0.169187,0.797479,-1.048386,0.367957,0.428705
2722,2948096974,-0.459531,0.367884,0.168019,0.790737,-0.949430,0.609671,-0.209383
2723,2948130308,-0.470880,0.368125,0.169090,0.783689,-0.710969,0.453399,0.401506
2724,2948163642,-0.484014,0.367615,0.171699,0.775315,-0.167078,-0.106364,0.618299
2725,2948196976,-0.499519,0.365678,0.174332,0.765749,-0.741187,0.650041,-0.453209
2726,2948230310,-0.517263,0.360705,0.181904,0.754484,-0.683295,-0.127608,0.041183
2727,2948263644,-0.532370,0.355045,0.191048,0.744332,-0.817462,-0.268674,1.049212
2728,2948296978,-0.542675,0.349748,0.198690,0.737364,-0.905600,0.845797,0.593266
2729,2948330312,-0.548257,0.344126,0.203331,0.734610,-1.583458,0.068857,1.240895
2730,2948363646,-0.549387,0.340363,0.204535,0.735184,-0.314087,-1.133225,0.452249
2731,2948396980,-0.548905,0.338070,0.202637,0.737126,-1.645679,0.316938,-0.982750
2732,2948430314,-0.548365,0.336309,0.201966,0.738515,-0.441583,-0.862350,-0.444757
2733,2948463648,-0.549325,0.335004,0.201789,0.738444,0.258295,-0.739061,-0.474160
2734,2948496982,-0.550814,0.334868,0.202653,0.737158,0.582249,-0.548743,-0.411153
2735,2948530316,-0.552740,0.334767,0.203498,0.735528,-0.178739,0.147963,0.260150
2736,2948563650,-0.555169,0.333610,0.205895,0.733555,0.132250,-0.169579,1.340792
2737,2948596984,-0.558361,0.331471,0.209549,0.731063,-0.198996,0.557692,0.611532
2738,2948630318,-0.560548,0.329376,0.212900,0.729365,-1.062630,0.573199,0.399797
2739,2948663652,-0.561733,0.326914,0.216038,0.728639,0.095293,-0.274460,0.099735
2740,2948696986,-0.562203,0.326032,0.218488,0.727940,-0.279333,-0.279195,-0.207861
2741,2948730320,-0.562582,0.324152,0.223133,0.727077,0.304515,-0.476384,-0.644445
2742,2948763654,-0.561289,0.324066,0.228218,0.726537,-0.141786,-0.080580,0.443895
2743,2948796988,-0.559388,0.323946,0.234035,0.726207,-1.436754,1.078078,-0.029819
2744,2948830322,-0.555987,0.323746,0.241355,0.726511,0.366773,0.037092,0.753364
2745,2948863656,-0.550283,0.325976,0.247921,0.727645,-0.226000,0.572282,-0.121214
2746,2948896990,-0.544582,0.327681,0.257796,0.727736,0.792308,0.533769,0.881867
2747,2948930324,-0.540080,0.329143,0.268498,0.726561,0.446230,0.788268,1.350313
2748,2948963658,-0.536472,0.329850,0.276252,0.726006,0.183811,1.091500,0.298245
2749,2948996992,-0.533070,0.330571,0.283310,0.725464,-0.349398,-0.056089,-0.306236
2750,2949030326,-0.530546,0.330347,0.291165,0.724305,-0.004584,-0.864449,-1.076882
2751,2949063660,-0.528189,0.329701,0.301237,0.722200,-0.131829,-1.502299,0.007361
2752,2949096994,-0.526478,0.328257,0.310163,0.720327,-1.041850,-0.626285,-0.482467
2753,2949130328,-0.526038,0.325559,0.320936,0.717147,-0.723489,-0.841664,-0.537503
2754,2949163662,-0.524155,0.324552,0.327490,0.716018,0.159889,-0.690355,0.082870
2755,2949196996,-0.521782,0.325061,0.330825,0.715987,-0.523341,-0.025643,-0.213523
2756,2949230330,-0.522012,0.322364,0.336459,0.714411,0.951705,0.166295,0.816714
2757,2949263664,-0.524654,0.319742,0.341968,0.711031,0.289326,0.923860,0.341729
2758,2949296998,-0.530645,0.314299,0.348313,0.705913,-0.128580,1.394828,0.907332
2759,2949330332,-0.539298,0.306143,0.356344,0.698896,0.487259,0.487729,0.599632
2760,2949363666,-0.548151,0.298671,0.362530,0.692027,0.093285,0.506341,0.583776
2761,2949397000,-0.558449,0.290456,0.368865,0.683894,-0.435541,0.291039,-0.142932
2762,2949430334,-0.569430,0.282647,0.372957,0.675845,0.244198,-0.120817,0.406078
2763,2949463668,-0.581404,0.276326,0.373910,0.667689,-0.914590,-0.097283,-1.578404
2764,2949497002,-0.594721,0.268007,0.377142,0.657455,0.882888,-1.044133,-0.135998
2765,2949530336,-0.606911,0.262386,0.377387,0.648379,-0.470284,-0.963330,-0.444119
2766,2949563670,-0.618749,0.257150,0.377409,0.639210,0.023711,-0.790188,0.647495
2767,2949597004,-0.630185,0.252737,0.375606,0.630805,0.646504,-0.072450,0.293941
2768,2949630338,-0.642087,0.248977,0.372387,0.622146,-0.107359,0.166032,-0.437213
2769,2949663672,-0.656456,0.243426,0.368641,0.611487,-1.212662,0.125459,0.155551
2770,2949697006,-0.672716,0.234522,0.367814,0.597636,0.899369,-0.048656,0.619782
2771,2949730340,-0.688850,0.226461,0.365016,0.583925,-0.000899,0.280560,-0.402190
2772,2949763674,-0.702946,0.219174,0.363048,0.570989,-0.024674,-0.419804,-0.161684
2773,2949797008,-0.715313,0.214770,0.361140,0.558374,-2.607020,-0.708566,-0.004402
2774,2949830342,-0.728717,0.209407,0.362412,0.542015,-3.006714,-1.064512,0.458797
2775,2949863676,-0.742437,0.200524,0.365876,0.524134,-0.003620,-0.343306,0.996850
2776,2949897010,-0.753781,0.195570,0.366627,0.509073,0.156179,-0.194791,-0.219074
2777,2949930344,-0.764057,0.192545,0.365929,0.495219,0.613344,-0.470592,-0.285746
2778,2949963678,-0.773272,0.189536,0.365186,0.482462,0.030297,-0.800340,-0.250116
2779,2949997012,-0.782533,0.184066,0.366792,0.468219,-0.597261,-0.595752,0.250562
2780,2950030346,-0.790503,0.178059,0.368278,0.455823,0.211683,0.293469,1.366662
2781,2950063680,-0.795437,0.176493,0.365956,0.449677,-1.502101,-0.231403,0.751682
2782,2950097014,-0.798613,0.174382,0.364225,0.446263,-1.515061,-0.866856,0.622915
2783,2950130348,-0.800659,0.171599,0.362500,0.445080,-1.584487,-0.723767,0.853440
2784,2950163682,-0.801458,0.170742,0.360020,0.445983,-0.305174,-0.891988,0.347404
2785,2950197016,-0.800533,0.172772,0.356445,0.449718,1.063656,-0.768725,0.184932
2786,2950230350,-0.799454,0.177594,0.352485,0.452870,-0.306078,-0.775225,-0.945109
2787,2950263684,-0.799985,0.177811,0.351795,0.452383,0.761919,-0.246063,-0.162033
2788,2950297018,-0.801149,0.178088,0.351789,0.450215,0.199049,-0.682176,-0.325766
2789,2950330352,-0.802251,0.176982,0.353225,0.447557,0.867617,-0.132532,-0.284719
2790,2950363686,-0.802200,0.177367,0.354751,0.446286,0.048111,-0.387442,-0.300500
2791,2950397020,-0.801124,0.177674,0.357195,0.446148,-0.435752,-0.430642,0.283174
2792,2950430354,-0.799455,0.178382,0.359125,0.447308,-0.237007,0.279157,0.347469
2793,2950463688,-0.797071,0.180442,0.359709,0.450258,-0.126583,0.241078,0.229442
2794,2950497022,-0.794456,0.183612,0.359451,0.453789,-0.584973,0.049448,0.686176
2795,2950530356,-0.791030,0.188189,0.358297,0.458784,-0.149800,-0.389072,1.270558
2796,2950563690,-0.786201,0.195978,0.355864,0.465666,0.116528,-0.100727,-0.509748
2797,2950597024,-0.780307,0.203243,0.355721,0.472525,-0.842926,-0.359401,0.258416
2798,2950630358,-0.773942,0.208996,0.357908,0.478791,-1.575279,-0.370147,0.450191
2799,2950663692,-0.767287,0.212644,0.363072,0.483978,-0.331735,-0.236995,0.316531
2800,2950697026,-0.759620,0.218294,0.368817,0.489186,-1.280644,-0.168510,0.774453
2801,2950730360,-0.752578,0.222698,0.374902,0.493440,-0.245504,0.276327,1.013162
2802,2950763694,-0.746311,0.225396,0.381258,0.496852,-0.018340,0.092390,0.032147
2803,2950797028,-0.741544,0.224555,0.387465,0.499561,1.613991,0.177142,-0.534539
2804,2950830362,-0.736711,0.224918,0.391729,0.503210,1.226557,-0.856007,-0.608611
2805,2950863696,-0.732246,0.224236,0.395888,0.506765,1.022249,-1.086912,0.076574
2806,2950897030,-0.727817,0.224828,0.397995,0.511212,0.130382,-0.671091,-0.590251
2807,2950930364,-0.723315,0.226347,0.398520,0.516495,-0.217139,-0.566042,-0.015612
2808,2950963698,-0.718566,0.231460,0.395580,0.523077,-0.849563,-0.422027,-0.149553
2809,2950997032,-0.714898,0.236166,0.392555,0.528253,-0.242355,0.159370,0.111845
2810,2951030366,-0.713167,0.238448,0.391269,0.530516,0.796037,0.274516,0.425766
2811,2951063700,-0.714229,0.237529,0.391882,0.529046,1.026726,0.547238,-0.255559
2812,2951097034,-0.716537,0.236291,0.392938,0.525685,0.896964,0.545272,0.404641
2813,2951130368,-0.719602,0.235441,0.393141,0.521713,0.301614,0.174920,-0.329688
2814,2951163702,-0.723199,0.235000,0.392912,0.517090,0.163773,0.005874,-0.371099
2815,2951197036,-0.726960,0.234956,0.391210,0.513112,0.308452,-0.280671,-0.107597
2816,2951230370,-0.730339,0.236927,0.387257,0.510399,0.412437,-0.602966,-0.063978
2817,2951263704,-0.734078,0.239861,0.381255,0.508177,0.275380,-0.549622,-0.365886
2818,2951297038,-0.738962,0.241811,0.374477,0.505206,0.031460,-0.671535,-0.521293
2819,2951330372,-0.744989,0.242880,0.367568,0.500898,-0.144879,-0.483222,-0.374599
2820,2951363706,-0.751751,0.245050,0.359549,0.495529,0.051724,0.101218,-0.722359
2821,2951397040,-0.758758,0.248979,0.349246,0.490232,-0.714213,0.235954,0.280107
2822,2951430374,-0.766289,0.252378,0.339616,0.483499,0.304594,-0.039946,-0.130315
2823,2951463708,-0.773472,0.257506,0.331158,0.475152,-0.883261,0.557395,1.126942
2824,2951497042,-0.781507,0.257463,0.326986,0.464805,0.428939,0.662174,1.357670
2825,2951530376,-0.789366,0.256317,0.324559,0.453728,-0.980358,1.096218,0.831254
2826,2951563710,-0.797114,0.253661,0.324061,0.441875,-0.582492,0.080381,1.430838
2827,2951597044,-0.804075,0.252647,0.323035,0.430448,-0.395416,-0.863730,1.406094
2828,2951630378,-0.810945,0.251193,0.322291,0.418811,-0.172880,-1.014831,-0.361860
2829,2951663712,-0.817430,0.250469,0.321364,0.407188,-0.260581,-0.844873,-0.549566
2830,2951697046,-0.823451,0.248445,0.321438,0.396086,1.186677,-1.028997,-0.718834
2831,2951730380,-0.828494,0.248268,0.321376,0.385593,-0.452837,-1.155555,-0.846423
2832,2951763714,-0.834237,0.240330,0.325083,0.374986,0.542720,-1.210247,0.235311
2833,2951797048,-0.838000,0.233446,0.328838,0.367599,-0.105843,-1.085982,0.480578
2834,2951830382,-0.839649,0.229749,0.331144,0.364078,-0.738573,-0.688735,0.576905
2835,2951863716,-0.839335,0.231078,0.330093,0.364913,-0.600895,-0.448485,0.955135
2836,2951897050,-0.837692,0.236020,0.327206,0.368111,-0.092257,-0.469410,0.140894
2837,2951930384,-0.836480,0.240248,0.324725,0.370323,0.437217,0.270832,0.069559
2838,2951963718,-0.836224,0.241826,0.323601,0.370859,0.294528,-0.348603,-0.176925
2839,2951997052,-0.837157,0.241375,0.323824,0.368847,0.028345,0.562445,-0.110920
2840,2952030386,-0.838342,0.239731,0.324269,0.366831,-0.712918,0.050868,-0.267302
2841,2952063720,-0.838675,0.236696,0.326144,0.366379,0.678475,-0.176149,0.015743
2842,2952097054,-0.838171,0.235159,0.328149,0.366732,-1.107011,-0.590687,-0.340599
2843,2952130388,-0.837160,0.233166,0.330023,0.368626,-0.369992,0.581196,0.928278
2844,2952163722,-0.834846,0.232235,0.331639,0.372984,0.230365,-0.357848,0.406837
2845,2952197056,-0.831594,0.232899,0.332223,0.379264,-1.139568,0.274125,0.957410
2846,2952230390,-0.828077,0.231120,0.334462,0.386018,0.317614,0.278680,0.662298
2847,2952263724,-0.824012,0.230299,0.336690,0.393204,-0.246384,0.052842,0.576045
2848,2952297058,-0.819412,0.229145,0.339572,0.400937,-0.133364,0.051557,1.016611
2849,2952330392,-0.813988,0.228775,0.343170,0.409052,-0.617787,-0.491809,0.781169
2850,2952363726,-0.808106,0.228959,0.348168,0.416324,-1.191645,-0.671271,0.912296
2851,2952397060,-0.801487,0.230388,0.353695,0.423608,-1.041678,-0.372133,0.888983
2852,2952430394,-0.794078,0.233984,0.359692,0.430485,-1.060016,-0.142338,0.329132
2853,2952463728,-0.786657,0.236763,0.366494,0.436806,0.114745,-0.227181,-0.065412
2854,2952497062,-0.779968,0.239214,0.371607,0.443100,0.650086,-0.396399,-0.310102
2855,2952530396,-0.774015,0.242207,0.374551,0.449390,1.384892,-0.502061,-1.401435
2856,2952563730,-0.768827,0.243481,0.376615,0.455837,0.732931,-0.777645,-1.016964
2857,2952597064,-0.764253,0.243512,0.378699,0.461746,0.077974,-0.994409,-0.428142
2858,2952630398,-0.760120,0.242313,0.380550,0.467640,0.026907,-0.978747,0.214365
2859,2952663732,-0.756260,0.243126,0.379526,0.474261,-0.156889,-0.385795,0.651167
2860,2952697066,-0.752169,0.246929,0.376111,0.481467,-0.136031,0.367538,0.235165
2861,2952730400,-0.749408,0.249634,0.373067,0.486719,0.707467,0.427632,-0.280946
2862,2952763734,-0.748461,0.250766,0.372102,0.488330,0.523286,0.456451,0.671372
2863,2952797068,-0.750364,0.247623,0.373792,0.485715,1.113167,-0.495269,0.429546
2864,2952830402,-0.753931,0.243303,0.375939,0.480691,0.705889,-0.464522,-0.480849
2865,2952863736,-0.758274,0.239650,0.377765,0.474222,0.548153,-0.531498,0.515500
2866,2952897070,-0.761642,0.238544,0.377054,0.469927,0.576434,-0.899000,-1.171017
2867,2952930404,-0.764521,0.239652,0.372860,0.468032,-0.367790,-0.027209,-0.145624
2868,2952963738,-0.766350,0.242989,0.367760,0.467354,-0.188583,-1.044665,-1.524949
2869,2952997072,-0.770164,0.244518,0.363987,0.463222,0.188495,-0.143971,0.016799
2870,2953030406,-0.774865,0.246499,0.360109,0.457326,0.177153,0.304805,0.269232
2871,2953063740,-0.781197,0.247372,0.356387,0.448921,-0.246659,0.606822,0.853871
2872,2953097074,-0.788313,0.248020,0.352359,0.439198,-0.003122,0.447398,0.607548
2873,2953130408,-0.796508,0.246043,0.350631,0.426732,0.071129,0.170672,0.216433
2874,2953163742,-0.804944,0.243770,0.348619,0.413654,0.570900,-0.010783,0.554135
2875,2953197076,-0.811423,0.246679,0.345616,0.401615,-1.425815,-0.706066,0.639182
2876,2953230410,-0.816031,0.249989,0.345304,0.390343,-0.767986,-0.608442,1.780044
2877,2953263744,-0.818762,0.255919,0.345061,0.380880,-0.568478,-0.340277,1.209576
2878,2953297078,-0.821020,0.262966,0.344066,0.372018,-0.116801,-0.139094,0.289419
2879,2953330412,-0.824136,0.268447,0.342813,0.362242,-0.397073,-0.784889,-0.737466
2880,2953363746,-0.829233,0.269397,0.343513,0.349001,0.389025,-0.505919,-1.461307
2881,2953397080,-0.835902,0.264445,0.346119,0.333980,0.286901,-0.553486,0.148710
2882,2953430414,-0.842614,0.256892,0.347448,0.321391,-0.250638,-0.862963,-0.008102
2883,2953463748,-0.848023,0.249747,0.347770,0.312319,0.155420,-1.033953,0.277207
2884,2953497082,-0.851952,0.244519,0.346680,0.306928,-0.439369,-0.959628,1.214622
2885,2953530416,-0.853753,0.242278,0.344671,0.305962,-0.028122,-0.575019,1.118928
2886,2953563750,-0.854109,0.243608,0.341277,0.307711,-0.529300,-0.298680,0.630927
2887,2953597084,-0.854106,0.246748,0.337211,0.309693,-0.493364,-0.264050,0.123280
2888,2953630418,-0.854027,0.248666,0.334632,0.311173,1.145951,-0.045299,-0.493749
2889,2953663752,-0.854736,0.247891,0.333819,0.310716,-0.146902,-0.060102,-0.341971
2890,2953697086,-0.856105,0.244481,0.333965,0.309490,0.088193,-0.351440,0.044667
2891,2953730420,-0.857298,0.241405,0.333370,0.309244,0.121970,-0.326477,0.102573
2892,2953763754,-0.857359,0.240407,0.332046,0.311269,-0.666094,-0.696451,-0.031370
2893,2953797088,-0.856366,0.239474,0.331913,0.314845,-0.612112,-1.085400,0.347395
2894,2953830422,-0.855810,0.235312,0.333525,0.317777,-0.198636,-0.798168,0.179335
2895,2953863756,-0.855100,0.229290,0.337172,0.320232,-0.180888,-0.233408,0.002777
2896,2953897090,-0.854106,0.222048,0.341991,0.322867,-0.856231,0.295894,0.605739
2897,2953930424,-0.852262,0.216999,0.346029,0.326845,-0.547302,0.123807,0.468124
2898,2953963758,-0.850068,0.212609,0.350109,0.331074,-0.066088,-0.160320,0.203232
2899,2953997092,-0.846985,0.208515,0.355535,0.335763,-0.065698,-0.106715,0.128787
2900,2954030426,-0.843557,0.203570,0.362333,0.340129,-0.620295,0.289782,0.532360
2901,2954063760,-0.839247,0.199677,0.369805,0.345024,-0.543379,0.085379,1.008069
2902,2954097094,-0.833978,0.197171,0.377820,0.350513,-0.587130,0.065349,1.280136
2903,2954130428,-0.828236,0.195008,0.386395,0.355949,-0.289495,-0.060672,0.497540
2904,2954163762,-0.822919,0.193451,0.393499,0.361307,-0.025491,0.559875,-0.016445
2905,2954197096,-0.818571,0.192195,0.397885,0.367006,0.093906,-0.559938,-0.825545
2906,2954230430,-0.815313,0.189772,0.402136,0.370866,1.383817,-0.737906,-1.251835
2907,2954263764,-0.811824,0.188816,0.406149,0.374614,0.865914,-1.286183,-1.045718
2908,2954297098,-0.808997,0.183737,0.412692,0.376102,1.019527,-1.594714,-1.229163
2909,2954330432,-0.806210,0.177656,0.419724,0.377226,0.421838,-1.544921,-0.338805
2910,2954363766,-0.803885,0.171243,0.427235,0.376721,-0.311293,-1.142393,-0.600783
2911,2954397100,-0.801966,0.166249,0.433548,0.375833,0.068534,0.084105,0.387829
2912,2954430434,-0.801634,0.162142,0.437587,0.373651,0.468469,0.970276,0.611709
2913,2954463768,-0.803056,0.154933,0.441068,0.369540,0.055649,0.921386,0.336050
2914,2954497102,-0.806111,0.141856,0.446104,0.362018,0.552803,0.446070,0.732652
2915,2954530436,-0.809322,0.132542,0.449174,0.354510,0.171608,0.415953,-0.104922
2916,2954563770,-0.811859,0.127420,0.449868,0.349674,-0.037090,0.071649,0.247793
2917,2954597104,-0.814979,0.124259,0.448601,0.345150,-0.115332,-0.474194,-0.011447
2918,2954630438,-0.818658,0.125211,0.445048,0.340670,0.181956,-0.137856,-0.607955
2919,2954663772,-0.822873,0.126472,0.440043,0.336526,0.379805,-0.077857,-0.172831
2920,2954697106,-0.827471,0.129214,0.434874,0.330883,0.049622,-0.881820,-0.619426
2921,2954730440,-0.833371,0.129725,0.429953,0.322193,0.339780,-0.310413,0.122095
2922,2954763774,-0.840336,0.129088,0.424452,0.311474,-0.131351,-0.324900,-0.126995
2923,2954797108,-0.847975,0.127458,0.418269,0.299580,0.363784,0.261498,0.220314
2924,2954830442,-0.855643,0.127550,0.410185,0.288718,0.301007,0.436397,-0.001972
2925,2954863776,-0.863244,0.127938,0.402430,0.276578,-0.332601,-0.368090,-0.185045
2926,2954897110,-0.871353,0.127159,0.395348,0.261299,-0.962091,-0.279422,0.437198
2927,2954930444,-0.879357,0.126661,0.388838,0.243919,-0.824794,0.096643,0.262511
2928,2954963778,-0.886134,0.125337,0.383808,0.227491,-1.611217,0.294694,0.890405
2929,2954997112,-0.892072,0.118617,0.382110,0.210076,-0.243930,-0.744664,1.541475
2930,2955030446,-0.896617,0.116774,0.380946,0.193198,-1.068501,-0.607418,1.058683
2931,2955063780,-0.900867,0.111838,0.380677,0.176123,-0.630814,-0.957324,1.082263
2932,2955097114,-0.905180,0.105311,0.380046,0.158517,0.872815,0.322392,-0.059774
2933,2955130448,-0.909479,0.096322,0.379329,0.140297,0.291335,-1.220797,-0.614668
2934,2955163782,-0.913489,0.079115,0.380655,0.119935,1.130634,-0.946632,-1.125544
2935,2955197116,-0.916323,0.058693,0.382989,0.101145,0.049937,-1.066700,-0.134759
2936,2955230450,-0.917854,0.037035,0.385517,0.086910,-0.732152,-1.365687,0.813198
2937,2955263784,-0.918693,0.020988,0.386551,0.078389,-0.201065,-1.813442,1.307697
2938,2955297118,-0.919421,0.015536,0.385632,0.075604,0.171669,-1.542930,0.419489
2939,2955330452,-0.920407,0.012981,0.383531,0.074761,0.739633,-1.104069,-0.263350
2940,2955363786,-0.921042,0.012759,0.382363,0.072941,0.778635,-0.645382,-0.857013
2941,2955397120,-0.921052,0.009694,0.383237,0.068577,0.844884,-0.044392,-0.542554
2942,2955430454,-0.920904,0.002785,0.384923,0.061363,-0.006273,0.503874,-0.192431
2943,2955463788,-0.920890,-0.005239,0.385975,0.054418,-0.382149,0.868138,0.407280
2944,2955497122,-0.921055,-0.010964,0.386074,0.049876,0.048698,-0.348740,0.398001
2945,2955530456,-0.920599,-0.011783,0.387328,0.048360,-0.152515,-1.431725,-0.515211
2946,2955563790,-0.919710,-0.009905,0.389198,0.050637,-0.612293,-0.615535,0.167030
2947,2955597124,-0.918822,-0.006583,0.390824,0.054615,-0.395070,-0.861678,0.558210
2948,2955630458,-0.918000,-0.003120,0.392097,0.059410,-0.121646,0.162972,0.130582
2949,2955663792,-0.917214,-0.001542,0.393279,0.063643,-0.266974,0.988320,0.833848
2950,2955697126,-0.916529,0.000011,0.394078,0.068419,0.459179,0.109548,-0.597047
2951,2955730460,-0.915370,0.000072,0.396315,0.070956,-0.500281,-0.483366,-0.072556
2952,2955763794,-0.914053,-0.001923,0.398942,0.073163,-0.045950,0.591924,0.677766
2953,2955797128,-0.912325,-0.003189,0.402198,0.076765,-0.086314,-0.012265,-0.142381
2954,2955830462,-0.909729,-0.005840,0.407334,0.080258,-0.026413,0.185840,0.682805
2955,2955863796,-0.906280,-0.007058,0.414243,0.083747,0.106968,-0.969690,1.033828
2956,2955897130,-0.902358,-0.003796,0.421696,0.088945,-1.350467,-0.300251,0.669393
2957,2955930464,-0.898133,-0.002793,0.429428,0.094577,0.535935,-0.991427,-0.178953
2958,2955963798,-0.893884,-0.002438,0.437180,0.099205,0.678808,-0.072081,-0.564730
2959,2955997132,-0.889714,-0.003777,0.444336,0.104709,0.936870,0.117985,-0.751173
2960,2956030466,-0.886045,-0.004194,0.450343,0.110008,0.447024,-0.448886,-0.486534
2961,2956063800,-0.882977,-0.005513,0.454997,0.115337,0.689676,-0.294724,0.356025
2962,2956097134,-0.880459,-0.003332,0.458009,0.122520,0.551746,-0.939918,-0.145991
2963,2956130468,-0.878788,0.001779,0.459566,0.128572,0.219572,-0.327624,0.003666
2964,2956163802,-0.877449,0.007885,0.460486,0.134077,0.969680,0.191677,-0.520307
2965,2956197136,-0.875654,0.012680,0.462590,0.138142,1.026876,0.963213,-0.017593
2966,2956230470,-0.874092,0.017113,0.464018,0.142692,1.048936,1.329038,-0.238606
2967,2956263804,-0.872737,0.021276,0.465171,0.146619,0.594205,-0.028998,-0.221965
2968,2956297138,-0.872154,0.023562,0.465964,0.147216,0.164798,-1.129689,-0.572239
2969,2956330472,-0.871785,0.025110,0.467316,0.144842,0.926830,-0.626115,-0.266311
2970,2956363806,-0.871436,0.029102,0.468477,0.142430,0.311934,-1.257646,-0.878659
2971,2956397140,-0.870990,0.032752,0.470005,0.139295,0.653672,-0.300910,-0.362914
2972,2956430474,-0.870764,0.038948,0.470762,0.136528,0.679217,0.547565,-0.143291
2973,2956463808,-0.871358,0.046582,0.469599,0.134337,-0.021761,0.678812,-0.028223
2974,2956497142,-0.872837,0.054412,0.466902,0.131149,-0.273115,0.766483,0.652857
2975,2956530476,-0.875600,0.061888,0.462128,0.126236,-0.227658,-0.344428,0.657899
2976,2956563810,-0.879242,0.066582,0.456748,0.117831,-0.293008,-0.909315,0.101879
2977,2956597144,-0.883365,0.073491,0.450032,0.108348,-0.002186,0.377408,0.681462
2978,2956630478,-0.887098,0.083908,0.442730,0.100049,0.139547,-0.193076,0.031195
2979,2956663812,-0.889676,0.094310,0.437164,0.092050,-0.780710,-0.492314,0.698274
2980,2956697146,-0.891320,0.102365,0.433679,0.083644,-0.769984,-0.438574,1.241346
2981,2956730480,-0.891869,0.107854,0.432954,0.074108,0.000714,-0.233768,0.760112
2982,2956763814,-0.891955,0.112650,0.433103,0.064429,-0.763762,0.602615,0.940221
2983,2956797148,-0.892403,0.114436,0.433158,0.053841,-0.337633,-0.285000,0.666194
2984,2956830482,-0.893413,0.113479,0.432680,0.041571,-0.133783,0.007422,0.167789
2985,2956863816,-0.894951,0.106717,0.432317,0.027918,0.694321,0.121274,-0.506549
2986,2956897150,-0.896988,0.097252,0.431016,0.013517,-0.131486,-1.473107,0.383485
2987,2956930484,-0.898743,0.086199,0.429920,0.001671,1.169558,-0.283008,0.150980
2988,2956963818,-0.900480,0.077598,0.427898,-0.004615,0.012014,-0.774432,0.352367
2989,2956997152,-0.902222,0.070523,0.425424,-0.006333,0.274085,-0.903367,0.163563
2990,2957030486,-0.903564,0.065156,0.423444,-0.004979,0.539867,-1.086203,0.063230
2991,2957063820,-0.904557,0.061962,0.421825,-0.002291,-0.020755,-1.632519,0.489796
2992,2957097154,-0.905415,0.057710,0.420590,-0.000582,0.246459,-0.686000,0.260119
2993,2957130488,-0.906000,0.052521,0.420008,-0.001667,0.067957,-0.541187,-0.279109
2994,2957163822,-0.906904,0.042904,0.419113,-0.005580,-0.223386,0.554500,-0.476185
2995,2957197156,-0.907619,0.028270,0.418645,-0.012976,-0.418045,-0.590809,-0.307262
2996,2957230490,-0.907917,0.014654,0.418404,-0.020331,0.258724,-0.778587,0.365863
2997,2957263824,-0.907955,0.003734,0.418254,-0.025906,0.927548,-0.806355,-0.146342
2998,2957297158,-0.907915,-0.003697,0.418177,-0.028424,-0.019523,0.180230,0.181607
2999,2957330492,-0.907999,-0.009174,0.417930,-0.028145,0.360331,-0.616599,0.167361
3000,2957363826,-0.908065,-0.008536,0.417986,-0.025236,0.285327,-1.037729,-0.017378
3001,2957397160,-0.908216,-0.002654,0.418002,-0.020357,-0.422215,-1.065865,0.435364
3002,2957430494,-0.908160,0.003611,0.418337,-0.015179,-0.018662,-0.579757,0.157865
3003,2957463828,-0.907740,0.007651,0.419310,-0.011502,0.011454,-0.155315,0.681589
3004,2957497162,-0.907148,0.010130,0.420599,-0.008956,0.421936,-0.538779,0.342254
3005,2957530496,-0.906513,0.010504,0.422006,-0.006187,0.235656,-0.544425,0.309397
3006,2957563830,-0.905640,0.006915,0.423987,-0.002691,0.815354,-0.730249,-0.261046
3007,2957597164,-0.904077,0.004256,0.427345,0.002362,0.509772,-0.968832,0.111226
3008,2957630498,-0.901478,0.000300,0.432735,0.008980,0.626724,-2.068637,0.181186
3009,2957663832,-0.897841,-0.003503,0.440061,0.014821,-0.742595,-1.108868,1.315691
3010,2957697166,-0.893837,-0.011317,0.447861,0.018758,-0.762676,-0.166753,0.481331
3011,2957730500,-0.889593,-0.024965,0.455673,0.019130,0.601201,1.433346,-0.931730
3012,2957763834,-0.884483,-0.043131,0.464312,0.015721,1.177821,2.059791,-1.167878
3013,2957797168,-0.879435,-0.060665,0.472032,0.010115,0.743450,1.193991,-0.353025
3014,2957830502,-0.875125,-0.074156,0.478151,0.005706,-0.341631,-0.066805,0.610785
3015,2957863836,-0.872865,-0.079608,0.481392,0.005857,-0.327820,-1.078699,0.731806
3016,2957897170,-0.872394,-0.078634,0.482331,0.010255,0.317024,-1.057977,0.327989
3017,2957930504,-0.872883,-0.073944,0.482025,0.016199,0.691838,-0.160149,-0.204771
3018,2957963838,-0.873743,-0.065789,0.481362,0.023221,0.249442,0.102821,-0.608690
3019,2957997172,-0.874267,-0.062042,0.480690,0.027360,0.465306,0.334171,-0.405854
3020,2958030506,-0.873863,-0.063755,0.481246,0.026541,0.660211,0.274923,-0.651776
3021,2958063840,-0.872753,-0.067653,0.482932,0.022499,0.459699,0.302580,0.053719
3022,2958097174,-0.871705,-0.072598,0.484343,0.016594,-0.067288,0.051304,0.098525
3023,2958130508,-0.870917,-0.077482,0.485180,0.010234,0.006191,0.532510,0.427156
3024,2958163842,-0.870538,-0.081119,0.485356,0.004127,0.047031,-0.174268,0.298276
3025,2958197176,-0.870533,-0.084189,0.484845,-0.003658,-0.049418,-1.951418,0.219666
3026,2958230510,-0.870390,-0.089033,0.484024,-0.014748,0.981738,-0.125414,-0.026038
3027,2958263844,-0.870829,-0.090320,0.482565,-0.025181,0.379886,0.010078,0.119808
3028,2958297178,-0.871854,-0.088859,0.480385,-0.034773,0.294189,0.230584,-0.326614
3029,2958330512,-0.872931,-0.086703,0.477986,-0.044806,0.570461,0.481327,-0.205830
3030,2958363846,-0.873787,-0.085583,0.475296,-0.057178,-0.064291,-0.167752,-0.037309
3031,2958397180,-0.874562,-0.083920,0.472328,-0.070775,-0.426486,0.178946,0.056981
3032,2958430514,-0.875175,-0.084145,0.468523,-0.086477,-0.495557,0.213139,-0.467213
3033,2958463848,-0.875170,-0.087350,0.463880,-0.106139,-0.914036,-0.554979,-0.343920
3034,2958497182,-0.874641,-0.092767,0.458463,-0.127325,0.069398,0.384993,0.075316
3035,2958530516,-0.873448,-0.098905,0.452615,-0.149830,-0.209369,0.132259,0.138983
3036,2958563850,-0.872053,-0.103765,0.446321,-0.171924,-0.904373,-0.763243,0.344942
3037,2958597184,-0.870462,-0.104549,0.441271,-0.191439,-0.466341,-1.175370,0.963187
3038,2958630518,-0.868273,-0.103236,0.437821,-0.209191,-0.387690,-1.474804,1.050718
3039,2958663852,-0.865553,-0.103393,0.434369,-0.226836,-0.150257,-1.092075,1.081305
3040,2958697186,-0.862169,-0.107633,0.429675,-0.245893,0.762631,-0.584939,0.211583
3041,2958730520,-0.858043,-0.115291,0.424052,-0.265807,0.587843,0.244923,-0.042093
3042,2958763854,-0.854275,-0.124287,0.416790,-0.284706,0.731077,0.486005,-0.208668
3043,2958797188,-0.851454,-0.132764,0.408915,-0.300321,0.759654,-0.170796,0.280183
3044,2958830522,-0.850021,-0.138143,0.401870,-0.311265,0.585269,-0.729567,0.487481
3045,2958863856,-0.849872,-0.140001,0.396279,-0.317937,0.578387,-0.978129,0.563587
3046,2958897190,-0.850836,-0.138421,0.392245,-0.321038,0.223329,-0.760293,0.228117
3047,2958930524,-0.852250,-0.134431,0.390022,-0.321689,0.570511,-0.122475,-0.299869
3048,2958963858,-0.853515,-0.129410,0.388734,-0.321955,0.760942,-0.905630,-0.043648
3049,2958997192,-0.853566,-0.127273,0.388120,-0.323408,1.316239,-0.122554,-0.676105
3050,2959030526,-0.852532,-0.129888,0.386633,-0.326858,0.756600,0.421639,-0.596983
3051,2959063860,-0.850731,-0.136304,0.383399,-0.332695,0.624652,-0.025383,0.012031
3052,2959097194,-0.848785,-0.143597,0.380499,-0.337888,0.470951,-0.562252,0.613137
3053,2959130528,-0.847617,-0.151062,0.377458,-0.340962,0.094335,-0.527980,0.321544
3054,2959163862,-0.847224,-0.155200,0.375223,-0.342543,0.788166,-1.108980,0.147414
3055,2959197196,-0.847729,-0.156923,0.374358,-0.341454,-0.118965,0.162812,0.053226
3056,2959230530,-0.848525,-0.158892,0.374100,-0.338839,-0.118793,-0.132781,-0.102459
3057,2959263864,-0.849168,-0.161385,0.373765,-0.336411,-0.331486,-0.703395,0.711731
3058,2959297198,-0.849839,-0.164385,0.373519,-0.333525,-0.500666,0.448754,0.550678
3059,2959330532,-0.850888,-0.167216,0.373764,-0.329140,-0.575658,-0.475287,0.846972
3060,2959363866,-0.852557,-0.167677,0.375023,-0.323098,0.080679,-0.526608,0.974713
3061,2959397200,-0.854825,-0.162731,0.379057,-0.314820,0.415013,-0.093774,0.473230
3062,2959430534,-0.856610,-0.155486,0.386579,-0.304309,0.960029,-0.857657,0.936316
3063,2959463868,-0.856980,-0.150110,0.395579,-0.294234,1.133938,-1.549096,0.699499
3064,2959497202,-0.855154,-0.151669,0.403356,-0.288125,0.202088,-1.025309,-0.181118
3065,2959530536,-0.851119,-0.161735,0.409467,-0.285971,0.642568,0.945264,-1.165671
3066,2959563870,-0.846237,-0.175101,0.413814,-0.286330,0.938865,0.878553,-1.726462
3067,2959597204,-0.840754,-0.189003,0.417360,-0.288486,0.962989,0.501903,-0.769057
3068,2959630538,-0.836640,-0.200172,0.419403,-0.289945,-0.071707,0.677179,0.365739
3069,2959663872,-0.835618,-0.204882,0.420716,-0.287692,-0.066502,-0.604153,0.907443
3070,2959697206,-0.836818,-0.203258,0.422257,-0.283063,0.333530,-1.436331,0.755694
3071,2959730540,-0.838306,-0.201003,0.423234,-0.278778,0.006815,-0.186877,0.237267
3072,2959763874,-0.838710,-0.199358,0.424255,-0.277189,0.231695,-0.103295,-0.234838
3073,2959797208,-0.837081,-0.201837,0.424608,-0.279766,-0.051750,0.864604,-0.689779
3074,2959830542,-0.833596,-0.206956,0.424915,-0.285899,0.213144,0.590874,-0.292005
3075,2959863876,-0.829004,-0.212935,0.425075,-0.294492,0.409310,0.219320,-0.395370
3076,2959897210,-0.824346,-0.218387,0.424978,-0.303575,-0.052735,0.582677,0.072302
3077,2959930544,-0.820412,-0.221843,0.424854,-0.311788,0.761324,-0.660209,0.563233
3078,2959963878,-0.816786,-0.223887,0.424434,-0.320302,0.724612,0.268933,-0.450486
3079,2959997212,-0.813063,-0.225645,0.423631,-0.329474,0.627179,0.318923,-0.576942
3080,2960030546,-0.809331,-0.226132,0.422381,-0.339773,0.444728,-0.186977,0.221296
3081,2960063880,-0.805688,-0.223754,0.420580,-0.352018,-0.185249,-0.123414,0.468733
3082,2960097214,-0.802316,-0.221682,0.416837,-0.365234,0.049067,0.020705,0.364968
3083,2960130548,-0.798320,-0.223084,0.409813,-0.380756,0.560458,-0.064597,-0.082545
3084,2960163882,-0.793628,-0.225224,0.401683,-0.397597,0.135367,0.485864,0.004617
3085,2960197216,-0.789226,-0.226185,0.393501,-0.413671,0.044832,-0.219508,0.626416
3086,2960230550,-0.784262,-0.228976,0.384850,-0.429415,0.668478,-0.382271,0.771434
3087,2960263884,-0.778374,-0.233251,0.376125,-0.445265,0.260910,-0.295071,1.342044
3088,2960297218,-0.772018,-0.236247,0.369465,-0.460082,-0.143606,-0.758430,2.148296
3089,2960330552,-0.766199,-0.238785,0.363742,-0.472881,-0.290017,-0.693846,1.297291
3090,2960363886,-0.757945,-0.245556,0.356988,-0.487632,0.533454,-0.137040,-0.384496
3091,2960397220,-0.747772,-0.255794,0.348397,-0.504013,0.890298,0.745760,-1.415258
3092,2960430554,-0.737192,-0.266058,0.338893,-0.520496,0.023847,0.337568,-0.911745
3093,2960463888,-0.728856,-0.274490,0.328748,-0.534183,0.480359,0.472582,-0.679282
3094,2960497222,-0.723058,-0.279408,0.320526,-0.544412,1.900252,-0.710500,-0.244838
3095,2960530556,-0.718782,-0.283000,0.312542,-0.552797,1.437464,-1.090814,0.755766
3096,2960563890,-0.716880,-0.283702,0.307155,-0.557904,1.096740,-0.231164,0.512529
3097,2960597224,-0.715738,-0.284473,0.303596,-0.560916,1.112905,-0.397230,1.102250
3098,2960630558,-0.714737,-0.283958,0.302199,-0.563204,0.767940,-0.324772,0.647756
3099,2960663892,-0.713213,-0.283658,0.301703,-0.565547,-0.010680,0.327573,0.182892
3100,2960697226,-0.711022,-0.285505,0.301391,-0.567539,0.387048,0.518252,-0.445730
3101,2960730560,-0.707471,-0.290113,0.300317,-0.570204,0.298090,-0.002498,-0.354777
3102,2960763894,-0.703534,-0.295677,0.298228,-0.573305,0.431882,0.132694,-0.692472
3103,2960797228,-0.700424,-0.300300,0.296752,-0.575472,-0.001210,-0.304657,0.017179
3104,2960830562,-0.699146,-0.303771,0.295805,-0.575691,0.548870,0.442989,-0.400089
3105,2960863896,-0.699133,-0.306773,0.296762,-0.573619,0.541947,0.214437,-0.192443
3106,2960897230,-0.700880,-0.308925,0.299082,-0.569109,0.436914,-0.251234,0.372865
3107,2960930564,-0.703505,-0.310715,0.301715,-0.563478,0.010449,-0.433691,0.240216
3108,2960963898,-0.707115,-0.312439,0.303652,-0.556928,0.014714,-0.020317,-0.127071
3109,2960997232,-0.710647,-0.314929,0.305760,-0.549832,0.003538,-0.234269,0.465599
3110,2961030566,-0.714912,-0.316545,0.307845,-0.542157,0.562723,-1.059927,0.967596
3111,2961063900,-0.720534,-0.317451,0.310012,-0.532871,1.448553,0.719192,0.360758
3112,2961097234,-0.726420,-0.317060,0.314435,-0.522419,-0.585844,0.217158,0.132397
3113,2961130568,-0.733262,-0.314748,0.321526,-0.509790,1.657522,-0.839209,1.564384
3114,2961163902,-0.740698,-0.308626,0.332223,-0.495730,1.103306,-0.136320,1.703975
3115,2961197236,-0.748269,-0.299552,0.345484,-0.480632,0.535682,-0.805439,1.329011
3116,2961230570,-0.753584,-0.293823,0.354556,-0.469118,0.090878,-0.587291,0.146731
3117,2961263904,-0.757484,-0.290857,0.360646,-0.459954,-0.684937,1.146856,-1.167864
3118,2961297238,-0.759956,-0.291888,0.363477,-0.452941,-0.153376,1.753436,-1.374134
3119,2961330572,-0.761379,-0.293553,0.366534,-0.446974,0.305186,1.321661,-1.019904
3120,2961363906,-0.763150,-0.291804,0.372179,-0.440385,0.530556,0.886126,-0.800486
3121,2961397240,-0.765919,-0.284418,0.382068,-0.431858,1.675744,-0.207061,-0.376665
3122,2961430574,-0.767074,-0.281076,0.389032,-0.425736,1.049294,0.045283,-0.315396
3123,2961463908,-0.766459,-0.281930,0.393127,-0.422507,0.137649,0.869169,-0.499949
3124,2961497242,-0.764446,-0.285154,0.396721,-0.420626,-0.418677,1.180653,-0.734295
3125,2961530576,-0.761313,-0.289336,0.400127,-0.420224,-0.223774,0.041630,0.345803
3126,2961563910,-0.757684,-0.293540,0.401714,-0.422349,-0.360043,-0.021016,0.389460
3127,2961597244,-0.755049,-0.295436,0.402725,-0.424777,-0.242408,-0.236467,0.665892
3128,2961630578,-0.753377,-0.295385,0.403433,-0.427103,-0.199213,0.200726,0.410135
3129,2961663912,-0.752011,-0.293076,0.404801,-0.429796,0.085692,0.529334,-0.104317
3130,2961697246,-0.749455,-0.290320,0.405630,-0.435315,0.506674,0.249069,-0.677337
3131,2961730580,-0.746035,-0.287259,0.406478,-0.442373,-0.114904,0.891009,-0.629941
3132,2961763914,-0.742338,-0.284381,0.406398,-0.450450,0.288939,0.324884,-0.973012
3133,2961797248,-0.738420,-0.280273,0.406304,-0.459459,0.104157,-0.448455,0.316075
3134,2961830582,-0.735524,-0.273754,0.405309,-0.468819,-0.412239,0.415759,-0.144798
3135,2961863916,-0.732838,-0.264471,0.404597,-0.478862,0.257891,-0.803159,-0.296536
3136,2961897250,-0.728849,-0.256468,0.403177,-0.490362,-0.207184,-0.818173,0.689478
3137,2961930584,-0.724976,-0.247391,0.401849,-0.501725,-0.397309,-1.506999,1.498296
3138,2961963918,-0.721243,-0.240117,0.401007,-0.511224,-0.037885,0.301805,1.699402
3139,2961997252,-0.718403,-0.230651,0.401944,-0.518789,-0.128859,-1.360063,2.441311
3140,2962030586,-0.716242,-0.220527,0.403871,-0.524648,0.088996,0.342532,0.528173
3141,2962063920,-0.713153,-0.211499,0.406181,-0.530756,0.282806,0.288639,-0.546247
3142,2962097254,-0.708748,-0.207034,0.406126,-0.538403,0.601817,0.170112,0.027374
3143,2962130588,-0.703505,-0.206298,0.403243,-0.547650,0.158265,0.682608,-0.216471
3144,2962163922,-0.699244,-0.206285,0.399132,-0.556058,0.157109,0.478717,0.147221
3145,2962197256,-0.696102,-0.207695,0.393907,-0.563157,1.104888,0.573161,0.041359
3146,2962230590,-0.694590,-0.208444,0.388851,-0.568238,1.378231,-0.266970,0.625438
3147,2962263924,-0.695476,-0.208406,0.383857,-0.570558,1.112371,0.291658,0.287351
3148,2962297258,-0.699086,-0.204884,0.381667,-0.568889,0.921074,0.084101,0.408643
3149,2962330592,-0.704962,-0.198838,0.381166,-0.564099,0.858164,0.838079,-0.364712
3150,2962363926,-0.710300,-0.190487,0.383955,-0.558365,1.003735,0.461601,-0.467222
3151,2962397260,-0.713746,-0.184720,0.385731,-0.554671,0.441131,0.039103,-0.308158
3152,2962430594,-0.715304,-0.183109,0.385304,-0.553494,-0.313025,-0.106735,-0.158788
3153,2962463928,-0.715258,-0.185823,0.382463,-0.554618,-0.031421,-0.075881,-0.059073
3154,2962497262,-0.714739,-0.189958,0.378305,-0.556734,0.122195,-0.660263,0.269022
3155,2962530596,-0.714863,-0.194098,0.374344,-0.557824,-0.099152,-0.406139,0.435806
3156,2962563930,-0.716213,-0.197700,0.370442,-0.557432,0.621307,0.065816,0.130419
3157,2962597264,-0.719162,-0.200680,0.367978,-0.554192,-0.132781,-0.544007,0.072422
3158,2962630598,-0.723795,-0.203577,0.365413,-0.548775,-0.402843,-0.549327,0.317940
3159,2962663932,-0.728969,-0.205637,0.363742,-0.542230,0.200900,-0.767401,0.174196
3160,2962697266,-0.733664,-0.209189,0.361443,-0.536041,0.285171,-0.763980,0.805385
3161,2962730600,-0.738240,-0.212861,0.359286,-0.529726,-0.156614,0.059323,0.613896
3162,2962763934,-0.743157,-0.215697,0.357528,-0.522848,0.264253,-0.313776,0.731894
3163,2962797268,-0.748109,-0.216716,0.357828,-0.515102,1.382558,-0.241240,0.451169
3164,2962830602,-0.752570,-0.215183,0.360709,-0.507176,1.922643,-1.010187,0.908943
3165,2962863936,-0.756321,-0.213845,0.365752,-0.498476,1.743386,-0.715002,0.746993
3166,2962897270,-0.758277,-0.216476,0.371337,-0.490170,0.862498,-0.541106,0.761730
3167,2962930604,-0.758555,-0.223510,0.375220,-0.483581,-0.002033,-0.740577,-0.456193
3168,2962963938,-0.757439,-0.235956,0.374819,-0.479713,-0.580663,0.272253,-0.514753
3169,2962997272,-0.755721,-0.252063,0.371102,-0.477113,-1.030755,2.242783,-1.017587
3170,2963030606,-0.754907,-0.265368,0.368455,-0.473224,-0.264968,2.540926,-0.740203
3171,2963063940,-0.753518,-0.277250,0.366300,-0.470288,1.707892,0.668426,-0.298994
3172,2963097274,-0.752542,-0.286547,0.364329,-0.467803,0.834038,0.025099,0.203584
3173,2963130608,-0.754044,-0.289645,0.364989,-0.462937,0.349553,0.536052,0.070230
3174,2963163942,-0.756846,-0.287567,0.368634,-0.456730,0.659170,-0.308428,-0.137131
3175,2963197276,-0.757487,-0.288311,0.371592,-0.452785,-0.491015,0.223106,-0.398068
3176,2963230610,-0.755478,-0.292890,0.373419,-0.451696,-1.201034,0.606917,-0.019447
3177,2963263944,-0.751441,-0.299336,0.373208,-0.454372,-0.456266,0.594508,0.371721
3178,2963297278,-0.746097,-0.306952,0.371256,-0.459666,-1.016807,0.827633,-0.144683
3179,2963330612,-0.740546,-0.314167,0.368893,-0.465631,-0.093156,0.207475,-0.192936
3180,2963363946,-0.735492,-0.318476,0.366894,-0.472247,0.243183,-0.131626,-0.183468
3181,2963397280,-0.731030,-0.320773,0.365014,-0.479028,0.681816,-0.304497,-0.156348
3182,2963430614,-0.727120,-0.320897,0.363030,-0.486347,0.058016,-0.091808,0.616139
3183,2963463948,-0.723522,-0.320365,0.360297,-0.494037,0.309252,0.044802,-0.591410
3184,2963497282,-0.719681,-0.317502,0.358222,-0.502925,-0.132810,-0.389678,-0.037391
3185,2963530616,-0.716400,-0.311835,0.355954,-0.512671,-0.147120,-0.286405,0.272629
3186,2963563950,-0.712941,-0.304841,0.352974,-0.523641,-0.000650,-0.592052,0.539601
3187,2963597284,-0.708830,-0.296470,0.349061,-0.536493,-0.239278,-0.292388,-0.175270
3188,2963630618,-0.702827,-0.288277,0.345542,-0.550940,0.377615,0.089012,0.071523
3189,2963663952,-0.695540,-0.279978,0.342792,-0.565980,0.395477,-0.783849,0.516087
3190,2963697286,-0.686993,-0.276218,0.339547,-0.580048,-0.333705,0.530336,-0.314745
3191,2963730620,-0.677132,-0.277264,0.335464,-0.593367,1.129379,-0.009622,0.765753
3192,2963763954,-0.666777,-0.278781,0.332344,-0.606003,1.047565,-0.970889,1.245562
3193,2963797288,-0.654565,-0.284708,0.325675,-0.620021,1.116559,0.243592,0.151701
3194,2963830622,-0.641466,-0.292172,0.317675,-0.634226,0.556444,0.314035,-0.014018
3195,2963863956,-0.627619,-0.302067,0.306827,-0.648622,0.303883,1.299018,-1.050370
3196,2963897290,-0.615282,-0.309697,0.297171,-0.661218,-0.527680,0.908673,-0.274020
3197,2963930624,-0.607249,-0.312589,0.289706,-0.670531,0.657476,0.872280,-0.463387
3198,2963963958,-0.601790,-0.312393,0.285244,-0.677421,1.477829,0.105993,0.179898
3199,2963997292,-0.598543,-0.312083,0.280532,-0.682389,1.590366,0.168976,0.464865
3200,2964030626,-0.597053,-0.310590,0.278701,-0.685121,1.152465,-0.087170,0.923623
3201,2964063960,-0.599179,-0.307776,0.278731,-0.684523,-0.542740,0.285456,1.239353
3202,2964097294,-0.600561,-0.304826,0.279844,-0.684178,1.318225,0.423495,-0.159582
3203,2964130628,-0.600756,-0.303205,0.281239,-0.684154,-0.479395,-0.155248,0.192179
3204,2964163962,-0.601034,-0.302376,0.282556,-0.683734,-0.675561,-0.126320,0.340808
3205,2964197296,-0.601471,-0.301347,0.283868,-0.683261,-0.241568,0.338242,-0.181468
3206,2964230630,-0.602204,-0.299783,0.286322,-0.682278,1.202092,-0.184880,-0.168514
3207,2964263964,-0.604184,-0.297389,0.290049,-0.679998,-0.131976,0.107435,-0.227344
3208,2964297298,-0.608313,-0.294299,0.294398,-0.675778,-0.116991,-0.072814,0.081633
3209,2964330632,-0.612414,-0.292210,0.298152,-0.671320,1.450625,0.082557,-0.190052
3210,2964363966,-0.616088,-0.292096,0.300637,-0.666886,-0.659633,-0.581774,0.553928
3211,2964397300,-0.619785,-0.293916,0.301035,-0.662466,-0.052019,-0.149633,0.110910
3212,2964430634,-0.621690,-0.297845,0.299399,-0.659662,0.066651,-0.762455,0.390755
3213,2964463968,-0.623486,-0.303476,0.295397,-0.657200,0.469079,-0.416785,0.463934
3214,2964497302,-0.625281,-0.309968,0.291194,-0.654334,-0.251044,0.059928,0.096210
3215,2964530636,-0.630063,-0.314933,0.288202,-0.648676,-0.568854,0.154397,0.534187
3216,2964563970,-0.638970,-0.315134,0.288894,-0.639493,-0.640354,0.417333,0.368022
3217,2964597304,-0.651066,-0.309144,0.295798,-0.626937,0.608238,-0.257478,1.085129
3218,2964630638,-0.664115,-0.301234,0.307091,-0.611479,1.553069,0.595898,1.000307
3219,2964663972,-0.674807,-0.293833,0.320537,-0.596286,2.123537,-1.256169,1.068335
3220,2964697306,-0.681519,-0.293877,0.328230,-0.584326,0.402533,-0.705987,-0.103318
3221,2964730640,-0.684689,-0.301041,0.330808,-0.575452,-0.370937,0.157077,-0.779109
3222,2964763974,-0.685566,-0.310911,0.331156,-0.568923,-0.203754,0.762196,-0.969575
3223,2964797308,-0.686672,-0.318454,0.331912,-0.562944,-0.273899,0.727723,-0.373340
3224,2964830642,-0.688715,-0.324639,0.332874,-0.556308,0.765535,1.149085,-0.283110
3225,2964863976,-0.691798,-0.328293,0.334095,-0.549566,1.333458,1.030692,-0.236355
3226,2964897310,-0.695040,-0.330041,0.336285,-0.543055,1.212994,1.147841,-0.613042
3227,2964930644,-0.696865,-0.332190,0.339124,-0.537612,0.612692,0.822565,-0.063917
3228,2964963978,-0.696287,-0.334849,0.341860,-0.534973,-0.393759,0.125477,-0.154800
3229,2964997312,-0.693902,-0.339423,0.342919,-0.534511,-0.628205,0.062417,-0.131013
3230,2965030646,-0.689352,-0.344956,0.344167,-0.536051,-0.016455,0.039809,0.675607
3231,2965063980,-0.683124,-0.351598,0.343236,-0.540290,-0.342892,0.198892,0.415998
3232,2965097314,-0.675784,-0.357507,0.342730,-0.545935,-0.065853,0.166995,-0.074079
3233,2965130648,-0.668223,-0.363198,0.341339,-0.552319,0.097683,0.262546,0.024246
3234,2965163982,-0.661137,-0.368368,0.339319,-0.558631,0.102810,0.544305,-0.415689
3235,2965197316,-0.655127,-0.371170,0.338497,-0.564326,-0.344121,0.821485,-0.131365
3236,2965230650,-0.650613,-0.370660,0.339202,-0.569438,0.183890,0.956669,-0.587292
3237,2965263984,-0.647273,-0.366826,0.342219,-0.573904,-0.757983,1.135668,0.090596
3238,2965297318,-0.645601,-0.358203,0.347603,-0.577985,-0.321139,0.209571,-0.095219
3239,2965330652,-0.644379,-0.348129,0.352377,-0.582594,-0.000613,-0.160872,-0.129310
3240,2965363986,-0.642503,-0.337952,0.356042,-0.588402,0.218390,-0.206057,0.072222
3241,2965397320,-0.638785,-0.328464,0.358406,-0.596334,0.246734,-0.341761,0.039783
3242,2965430654,-0.633406,-0.321446,0.357636,-0.606275,-0.340305,-0.803199,-0.201911
3243,2965463988,-0.625041,-0.318657,0.353265,-0.618861,0.635605,-0.295748,0.223032
3244,2965497322,-0.615009,-0.318667,0.346301,-0.632688,0.370556,-0.647326,0.487082
3245,2965530656,-0.603885,-0.323568,0.336589,-0.646018,1.374243,0.329661,-0.275416
3246,2965563990,-0.590998,-0.332268,0.325317,-0.659159,1.471826,-0.588621,0.374663
3247,2965597324,-0.578088,-0.342416,0.312949,-0.671291,-1.259022,0.093847,1.133254
3248,2965630658,-0.567767,-0.347417,0.304415,-0.681378,-0.032244,0.492164,0.236011
3249,2965663992,-0.559842,-0.347014,0.300313,-0.689909,0.357686,0.068001,0.870297
3250,2965697326,-0.551763,-0.345034,0.297792,-0.698450,0.723766,0.193134,0.811847
3251,2965730660,-0.545216,-0.341724,0.294910,-0.706396,-0.585383,-0.345880,0.068657
3252,2965763994,-0.541640,-0.337187,0.291883,-0.712558,0.261572,0.418384,-0.292627
3253,2965797328,-0.539322,-0.333484,0.289058,-0.717195,0.360939,0.846379,-0.497967
3254,2965830662,-0.539951,-0.328658,0.287407,-0.719609,0.197482,-0.195163,1.073574
3255,2965863996,-0.542555,-0.323376,0.286938,-0.720231,1.013937,0.751533,-0.053696
3256,2965897330,-0.546513,-0.318675,0.288412,-0.718743,0.996458,-0.238628,1.257668
3257,2965930664,-0.551154,-0.313921,0.289948,-0.716670,0.705462,0.060565,0.553442
3258,2965963998,-0.554321,-0.311059,0.290928,-0.715077,-0.415364,0.523841,-0.317766
3259,2965997332,-0.556240,-0.311299,0.290672,-0.713585,-0.434093,0.246309,-0.584956
3260,2966030666,-0.556368,-0.312861,0.289018,-0.713473,0.557589,-0.873436,0.439260
3261,2966064000,-0.557028,-0.315317,0.284505,-0.713691,0.090799,0.454060,-0.531421
3262,2966097334,-0.557141,-0.318571,0.280819,-0.713618,0.213073,0.754469,-0.377447
3263,2966130668,-0.559017,-0.320106,0.279802,-0.711861,-0.236684,-0.025759,-0.101340
3264,2966164002,-0.563486,-0.320321,0.280076,-0.708124,0.326782,0.315494,0.135549
3265,2966197336,-0.567654,-0.321829,0.280677,-0.703860,0.174332,0.186147,0.446366
3266,2966230670,-0.572174,-0.324471,0.280817,-0.698913,-0.232700,-0.582396,0.888745
3267,2966264004,-0.575480,-0.329966,0.278677,-0.694469,-0.226292,-0.120364,0.709862
3268,2966297338,-0.577378,-0.337656,0.274185,-0.690977,1.089763,0.579674,1.312354
3269,2966330672,-0.582104,-0.343153,0.272603,-0.684903,-0.055723,0.025069,-0.334112
3270,2966364006,-0.588528,-0.347478,0.272261,-0.677327,-0.447894,0.143094,0.208220
3271,2966397340,-0.598235,-0.349395,0.275342,-0.666505,0.572534,0.918366,-0.071283
3272,2966430674,-0.609142,-0.350758,0.282496,-0.652775,0.890840,0.614684,0.632059
3273,2966464008,-0.621516,-0.350217,0.292651,-0.636730,1.093858,-0.621562,0.967484
3274,2966497342,-0.630753,-0.354165,0.298520,-0.622581,1.540981,0.495042,1.246240
3275,2966530676,-0.637720,-0.360537,0.301625,-0.610206,-0.351100,0.472001,-0.227470
3276,2966564010,-0.644704,-0.365900,0.304622,-0.598066,-0.731640,0.339033,-0.243414
3277,2966597344,-0.651940,-0.369197,0.307510,-0.586608,-0.269189,0.917037,-0.345568
3278,2966630678,-0.659743,-0.371344,0.309996,-0.575108,-0.208284,1.651241,-0.801412
3279,2966664012,-0.665945,-0.372052,0.313668,-0.565430,0.787350,0.415543,-0.426885
3280,2966697346,-0.670055,-0.373621,0.315776,-0.558321,-0.039312,0.133659,0.109009
3281,2966730680,-0.671987,-0.376030,0.317151,-0.553582,-0.572997,-0.494275,0.183061
3282,2966764014,-0.671126,-0.381282,0.316480,-0.551414,-0.373025,-0.611493,0.467668
3283,2966797348,-0.667694,-0.389177,0.312818,-0.552155,-0.550115,-0.364815,0.212908
3284,2966830682,-0.660929,-0.399214,0.306069,-0.556891,-0.365373,0.015530,-0.087949
3285,2966864016,-0.652628,-0.407237,0.298939,-0.564689,-1.148173,0.073827,0.015405
3286,2966897350,-0.645105,-0.413138,0.292380,-0.572429,-1.085958,0.536969,-0.827073
3287,2966930684,-0.639222,-0.417902,0.287893,-0.577819,-0.452963,0.615304,0.025378
3288,2966964018,-0.633849,-0.421125,0.284545,-0.583032,0.981877,0.547496,-0.145248
3289,2966997352,-0.630074,-0.421219,0.281796,-0.588367,0.031791,0.900042,0.514350
3290,2967030686,-0.628625,-0.416329,0.282158,-0.593204,-0.473080,1.634919,-0.396630
3291,2967064020,-0.627648,-0.407839,0.285147,-0.598681,0.161380,1.008905,-0.144475
3292,2967097354,-0.626242,-0.398364,0.286795,-0.605706,-0.092464,0.357778,-0.499152
3293,2967130688,-0.624120,-0.388237,0.287701,-0.613985,-0.360018,-0.097897,-0.217183
3294,2967164022,-0.620135,-0.378441,0.286287,-0.624706,-0.428207,-0.186227,0.331666
3295,2967197356,-0.613761,-0.367696,0.283876,-0.638369,-0.017629,0.172879,0.479833
3296,2967230690,-0.604453,-0.358750,0.279355,-0.654140,-0.112742,0.318749,-0.031268
3297,2967264024,-0.593355,-0.351406,0.275546,-0.669717,0.421928,0.234694,-0.808821
3298,2967297358,-0.580556,-0.347722,0.274200,-0.683272,1.081174,-0.178148,1.243311
3299,2967330692,-0.569905,-0.344677,0.272728,-0.694283,0.596005,-1.319711,0.498554
3300,2967364026,-0.562124,-0.342566,0.270172,-0.702621,0.037948,0.078322,0.369750
3301,2967397360,-0.555344,-0.339930,0.267585,-0.710241,0.019315,1.572505,-0.096251
3302,2967430694,-0.549615,-0.336324,0.265296,-0.717239,-0.572361,1.924368,-0.447274
3303,2967464028,-0.547172,-0.332224,0.264178,-0.721417,-0.011506,1.363445,-1.555053
3304,2967497362,-0.549368,-0.326719,0.267632,-0.720989,-0.091530,1.500112,0.542212
3305,2967530696,-0.557496,-0.317503,0.274982,-0.716086,1.596552,0.738211,0.746137
3306,2967564030,-0.570227,-0.306805,0.281817,-0.708021,0.864529,1.192523,0.292552
3307,2967597364,-0.585656,-0.295041,0.289811,-0.697116,0.492826,1.582255,-0.547718
3308,2967630698,-0.600307,-0.283568,0.298342,-0.685723,0.032408,0.776391,0.883741
3309,2967664032,-0.615045,-0.270613,0.307198,-0.673885,-0.982877,-0.117397,0.449109
3310,2967697366,-0.629230,-0.257851,0.315181,-0.662003,-1.264119,-0.690893,0.802550
3311,2967730700,-0.641286,-0.247258,0.321302,-0.651448,-0.500416,-0.736498,0.508603
3312,2967764034,-0.650353,-0.240920,0.324225,-0.643336,-0.337698,-0.415389,0.193347
3313,2967797368,-0.658310,-0.237128,0.325986,-0.635716,-0.195208,-0.577955,0.211407
3314,2967830702,-0.666574,-0.234424,0.327419,-0.627316,-0.040112,0.222580,-0.321160
3315,2967864036,-0.675539,-0.231479,0.330498,-0.617121,-0.319521,0.501829,-0.101087
3316,2967897370,-0.685556,-0.228292,0.333869,-0.605335,0.087508,0.198553,0.112614
3317,2967930704,-0.696195,-0.225086,0.337142,-0.592442,0.040079,0.517230,0.535196
3318,2967964038,-0.707053,-0.221565,0.341592,-0.578190,0.323549,0.126602,0.522032
3319,2967997372,-0.717066,-0.219195,0.346904,-0.563410,0.683403,-0.049465,0.063564
3320,2968030706,-0.726366,-0.218357,0.351748,-0.548626,-0.730096,-0.320161,0.073418
3321,2968064040,-0.735260,-0.220367,0.356174,-0.532892,-0.296122,0.699386,0.411839
3322,2968097374,-0.743654,-0.221713,0.362620,-0.516074,0.299923,-0.472749,0.909245
3323,2968130708,-0.752916,-0.223104,0.369565,-0.496757,0.329841,0.022259,0.094069
3324,2968164042,-0.762561,-0.225224,0.377705,-0.474466,0.942696,0.032678,0.416925
3325,2968197376,-0.773516,-0.225166,0.387963,-0.447729,0.552018,-0.306105,1.328751
3326,2968230710,-0.785823,-0.219193,0.401708,-0.416018,1.643104,-0.424561,0.085080
3327,2968264044,-0.798300,-0.209284,0.415701,-0.382247,-0.428268,0.476939,0.012991
3328,2968297378,-0.808149,-0.202937,0.426086,-0.352371,0.165518,-0.075317,-1.428977
3329,2968330712,-0.814530,-0.204896,0.431579,-0.329093,-0.467544,0.911791,-0.787663
3330,2968364046,-0.818068,-0.210799,0.434437,-0.312405,-0.022868,0.108422,-0.339033
3331,2968397380,-0.820356,-0.219018,0.435075,-0.299600,0.232798,1.008464,0.459965
3332,2968430714,-0.823049,-0.223040,0.435926,-0.287775,0.892975,-1.124363,1.608071
3333,2968464048,-0.827175,-0.221988,0.435700,-0.276896,0.887646,1.425788,1.407872
3334,2968497382,-0.833789,-0.209335,0.437414,-0.263909,0.228621,0.768167,-2.262480
3335,2968530716,-0.837377,-0.204486,0.438494,-0.254384,-0.513321,1.547641,-1.304640
3336,2968564050,-0.838747,-0.204840,0.439043,-0.248574,-0.127062,1.354799,-1.496326
3337,2968597384,-0.840207,-0.201774,0.440174,-0.244109,0.045409,0.391994,0.573976
3338,2968630718,-0.843183,-0.192281,0.440228,-0.241399,0.107748,-0.380622,-0.080946
3339,2968664052,-0.845262,-0.184496,0.439137,-0.242190,-0.502275,-0.107152,-0.234893
3340,2968697386,-0.846282,-0.181218,0.436735,-0.245424,-0.186836,0.167361,0.035231
3341,2968730720,-0.848287,-0.174555,0.434057,-0.248069,-0.692221,0.269517,0.809751
3342,2968764054,-0.852033,-0.163676,0.430163,-0.249425,-0.261047,0.253892,-0.601226
3343,2968797388,-0.856239,-0.150836,0.425872,-0.250480,-0.075877,0.216272,-0.276051
3344,2968830722,-0.860968,-0.135968,0.420990,-0.251032,-0.641427,0.277164,-0.165533
3345,2968864056,-0.866347,-0.117881,0.415548,-0.250739,-0.086614,-0.203910,0.804305
3346,2968897390,-0.871921,-0.095686,0.410237,-0.249613,-0.446785,-0.378815,-0.318459
3347,2968930724,-0.875935,-0.076338,0.406074,-0.249034,-0.970469,-0.274686,-0.079645
3348,2968964058,-0.878029,-0.062320,0.404179,-0.248643,-0.929559,-0.575786,0.404296
3349,2968997392,-0.878718,-0.054602,0.403243,-0.249543,-0.676213,-0.807690,1.095364
3350,2969030726,-0.878656,-0.049793,0.402110,-0.252578,-1.001841,0.087463,1.381402
3351,2969064060,-0.878708,-0.046949,0.400844,-0.254940,0.763207,0.661362,0.174585
3352,2969097394,-0.878092,-0.046462,0.400092,-0.258312,1.304898,1.210869,-0.943852
3353,2969130728,-0.877806,-0.047298,0.398861,-0.261021,1.022661,-0.258384,-0.447987
3354,2969164062,-0.878147,-0.051199,0.395976,-0.263519,0.919729,0.067606,-0.117172
3355,2969197396,-0.878630,-0.057244,0.393352,-0.264595,1.323640,-0.957904,0.192183
3356,2969230730,-0.879529,-0.064414,0.390479,-0.264214,0.679853,-0.985979,0.618278
3357,2969264064,-0.880625,-0.067870,0.389549,-0.261054,0.881093,-0.893183,0.191117
3358,2969297398,-0.881585,-0.066507,0.390633,-0.256503,0.443186,-0.494498,0.221025
3359,2969330732,-0.882019,-0.066124,0.392062,-0.252903,0.132770,-0.212566,0.200288
3360,2969364066,-0.882069,-0.066298,0.393392,-0.250611,-0.795099,0.151095,0.562256
3361,2969397400,-0.881540,-0.070597,0.394031,-0.250292,0.078661,0.365337,-0.594542
3362,2969430734,-0.881354,-0.074419,0.394510,-0.249083,-0.987158,0.286113,0.463428
3363,2969464068,-0.881918,-0.075941,0.394664,-0.246369,-0.047359,-0.385827,-0.009578
3364,2969497402,-0.882976,-0.074605,0.395428,-0.241718,-0.018929,-0.034914,-0.014649
3365,2969530736,-0.884028,-0.072539,0.396876,-0.236061,-0.017360,-0.050009,-0.059120
3366,2969564070,-0.885285,-0.069202,0.398952,-0.228741,-0.475368,-0.068932,0.549774
3367,2969597404,-0.886732,-0.066078,0.400519,-0.221199,-0.656100,0.027332,0.376209
3368,2969630738,-0.888005,-0.062089,0.402473,-0.213566,-0.623695,-0.185311,0.564159
3369,2969664072,-0.889075,-0.057158,0.404746,-0.206066,-0.494768,-0.010952,0.348417
3370,2969697406,-0.889640,-0.051546,0.407850,-0.198863,-0.626619,0.087451,0.589283
3371,2969730740,-0.890119,-0.047956,0.410190,-0.192704,-0.466125,-0.327756,0.113125
3372,2969764074,-0.890083,-0.050036,0.411897,-0.188660,-0.523836,-0.357735,-0.117721
3373,2969797408,-0.889752,-0.054748,0.413562,-0.185241,-0.768786,-0.502021,0.443714
3374,2969830742,-0.889151,-0.061429,0.415978,-0.180562,0.301764,-1.271920,-0.120324
3375,2969864076,-0.887918,-0.065151,0.420711,-0.174248,0.186521,-1.433777,0.791381
3376,2969897410,-0.886200,-0.068436,0.427550,-0.164835,0.702484,-0.862268,0.548800
3377,2969930744,-0.883791,-0.074991,0.434942,-0.155299,-0.063800,-1.914141,0.409222
3378,2969964078,-0.881072,-0.088329,0.439986,-0.149418,-0.287639,-0.048613,-0.488930
3379,2969997412,-0.877592,-0.106998,0.444097,-0.145481,1.123922,1.404279,-1.387796
3380,2970030746,-0.874009,-0.123166,0.448076,-0.142022,1.203989,2.116671,-0.362644
3381,2970064080,-0.872063,-0.132542,0.450999,-0.136168,0.649121,0.261779,0.665542
3382,2970097414,-0.871782,-0.138584,0.451882,-0.128832,0.684136,-0.343974,0.334545
3383,2970130748,-0.872531,-0.140516,0.452114,-0.120586,0.377206,0.216563,-0.104391
3384,2970164082,-0.873008,-0.140464,0.452987,-0.113720,-0.503515,-0.653520,-0.164447
3385,2970197416,-0.872644,-0.144193,0.453071,-0.111499,-1.918746,1.630002,0.657668
3386,2970230750,-0.871507,-0.150055,0.452720,-0.114049,-0.650181,0.490427,-0.093271
3387,2970264084,-0.869433,-0.158053,0.451955,-0.121843,-0.187102,0.708200,-0.064639
3388,2970297418,-0.867712,-0.164012,0.450688,-0.130614,0.415264,-0.123818,-0.834317
3389,2970330752,-0.866488,-0.166860,0.449563,-0.138758,0.277075,0.125923,-0.259144
3390,2970364086,-0.866175,-0.165812,0.448571,-0.145035,0.154804,0.230263,-0.417758
3391,2970397420,-0.867286,-0.161202,0.446486,-0.149945,-0.535764,1.118552,0.918603
3392,2970430754,-0.869558,-0.153142,0.443333,-0.154515,-0.309534,1.091197,0.433865
3393,2970464088,-0.872641,-0.140513,0.439422,-0.160207,-0.480202,-0.616661,-0.136536
3394,2970497422,-0.874949,-0.128982,0.434960,-0.169237,-0.139709,0.146380,-0.224041
3395,2970530756,-0.875888,-0.119267,0.431111,-0.180948,-0.070354,0.156624,-0.783840
3396,2970564090,-0.876426,-0.110815,0.427334,-0.192320,-0.635778,-0.115432,-0.057247
3397,2970597424,-0.876603,-0.102957,0.423471,-0.204065,0.186997,-1.655603,0.800542
3398,2970630758,-0.876204,-0.096018,0.420467,-0.215078,-0.272347,0.081818,0.248853
3399,2970664092,-0.874987,-0.089916,0.419517,-0.224327,0.374673,-1.207139,1.273412
3400,2970697426,-0.872631,-0.088416,0.419299,-0.234284,0.231109,-0.760197,0.897199
3401,2970730760,-0.868732,-0.091194,0.420229,-0.245763,0.283512,-0.556930,0.142606
3402,2970764094,-0.863785,-0.100320,0.419452,-0.260529,-0.190117,0.607178,-0.333957
3403,2970797428,-0.858179,-0.110091,0.418504,-0.276164,0.506091,1.357014,-0.730139
3404,2970830762,-0.852484,-0.118134,0.417857,-0.291058,0.661635,-0.060732,-0.491925
3405,2970864096,-0.846209,-0.132634,0.414819,-0.307029,0.901515,-0.807757,0.493991
3406,2970897430,-0.841337,-0.146564,0.410649,-0.319441,0.401684,-1.080879,1.180902
3407,2970930764,-0.839630,-0.156583,0.406250,-0.324757,0.833964,-0.844861,1.070765
3408,2970964098,-0.840032,-0.161528,0.403577,-0.324628,1.114987,-0.758578,0.321406
3409,2970997432,-0.842016,-0.160920,0.403301,-0.320103,0.535899,0.180038,0.198174
3410,2971030766,-0.845231,-0.154020,0.404713,-0.313165,0.229949,0.064967,0.103774
3411,2971064100,-0.848695,-0.142386,0.407449,-0.305667,-0.706026,0.282016,0.281173
3412,2971097434,-0.851716,-0.132356,0.409048,-0.299573,-0.254543,0.035910,-0.046239
3413,2971130768,-0.852766,-0.125674,0.411039,-0.296727,0.597534,-0.953417,-0.201020
3414,2971164102,-0.851938,-0.125221,0.412695,-0.296997,0.343335,-0.490657,-0.131042
3415,2971197436,-0.851435,-0.124094,0.414432,-0.296493,-0.243748,-0.635407,0.229943
3416,2971230770,-0.851970,-0.120898,0.416294,-0.293653,0.379787,-0.805225,-0.108872
3417,2971264104,-0.852852,-0.116903,0.418691,-0.289271,0.336260,-0.004121,0.186180
3418,2971297438,-0.854591,-0.111127,0.420927,-0.283105,-0.194943,-0.347012,0.698867
3419,2971330772,-0.857997,-0.102935,0.422601,-0.273236,0.014581,0.905833,0.380708
3420,2971364106,-0.862139,-0.091690,0.425762,-0.258919,1.161879,-0.581516,0.296656
3421,2971397440,-0.865936,-0.082613,0.429751,-0.242173,1.261732,0.070557,-0.060408
3422,2971430774,-0.869126,-0.067389,0.436959,-0.221696,1.334123,-0.649530,1.025309
3423,2971464108,-0.870878,-0.052790,0.445314,-0.201206,0.641939,-1.718573,1.616813
3424,2971497442,-0.870564,-0.051221,0.451365,-0.189125,-0.706782,-2.772185,0.430817
3425,2971530776,-0.869067,-0.064095,0.452877,-0.188470,-1.836731,-0.346256,-1.248192
3426,2971564110,-0.867566,-0.077369,0.453132,-0.189786,-1.509216,1.344491,-2.201013
3427,2971597444,-0.866388,-0.090837,0.453406,-0.188538,-1.140883,1.128431,-0.837985
3428,2971630778,-0.865789,-0.109807,0.450310,-0.188617,0.466421,0.813630,1.278052
3429,2971664112,-0.866292,-0.120886,0.447604,-0.185952,0.778010,2.020343,0.301543
3430,2971697446,-0.867247,-0.121520,0.448201,-0.179540,1.036983,0.593002,-0.133945
3431,2971730780,-0.867150,-0.119871,0.450711,-0.174775,0.326725,0.354701,-1.149296
3432,2971764114,-0.865020,-0.124277,0.453925,-0.173928,0.066024,0.342858,-1.003517
3433,2971797448,-0.861871,-0.133500,0.456671,-0.175532,-0.821313,2.524004,-0.418797
3434,2971830782,-0.861644,-0.126516,0.461257,-0.169731,-0.978762,2.705334,0.676670
3435,2971864116,-0.864508,-0.107173,0.464139,-0.160370,0.191292,-1.274488,0.426688
3436,2971897450,-0.866773,-0.089398,0.464920,-0.156733,0.575078,-0.107805,-0.024307
3437,2971930784,-0.868736,-0.073718,0.463863,-0.157156,0.349604,0.588412,0.333197
3438,2971964118,-0.869258,-0.062432,0.463019,-0.161585,0.562970,-1.020041,0.350577
3439,2971997452,-0.869816,-0.055439,0.460553,-0.168051,-0.134083,0.756847,0.453844
3440,2972030786,-0.870806,-0.049202,0.456887,-0.174738,0.103079,0.830083,-0.305211
3441,2972064120,-0.871903,-0.037875,0.453689,-0.180335,0.493041,0.021190,-0.343078
3442,2972097454,-0.872490,-0.029094,0.450217,-0.187677,0.796365,0.551235,-0.600844
3443,2972130788,-0.872429,-0.024510,0.446965,-0.196196,0.474111,0.053012,0.281657
3444,2972164122,-0.872136,-0.022332,0.444732,-0.202723,-0.138227,-0.882045,1.103870
3445,2972197456,-0.871400,-0.018293,0.444705,-0.206320,-0.640510,-0.881928,0.810014
3446,2972230790,-0.870771,-0.016523,0.444661,-0.209200,-0.560716,-0.347697,1.445625
3447,2972264124,-0.869173,-0.015133,0.445784,-0.213516,0.541551,-0.761198,0.463723
3448,2972297458,-0.866860,-0.016804,0.446476,-0.221210,0.272199,-0.275491,-0.163855
3449,2972330792,-0.864784,-0.020625,0.445904,-0.229994,0.051642,1.015415,-0.413781
3450,2972364126,-0.863271,-0.023368,0.444345,-0.238284,0.134940,-0.772329,0.484891
3451,2972397460,-0.863481,-0.025926,0.440672,-0.244007,-0.256860,-0.927088,0.960005
3452,2972430794,-0.865258,-0.027209,0.436367,-0.245305,0.713366,-0.512484,0.665982
3453,2972464128,-0.867762,-0.026061,0.432585,-0.243275,0.613643,-1.672698,0.776149
3454,2972497462,-0.870357,-0.023287,0.429886,-0.239034,1.109402,-0.806738,0.109600
3455,2972530796,-0.872363,-0.017800,0.429387,-0.233017,1.277499,-0.476901,0.020442
3456,2972564130,-0.873545,-0.011281,0.430183,-0.227460,0.506432,0.040091,-1.128380
3457,2972597464,-0.873930,-0.003323,0.432899,-0.220993,0.317856,0.451855,-0.553393
3458,2972630798,-0.873762,0.004197,0.436226,-0.215017,0.374374,-0.236799,-0.860737
3459,2972664132,-0.873600,0.003565,0.438581,-0.210858,-0.281932,-0.468637,-0.572693
3460,2972697466,-0.873900,0.006712,0.441669,-0.202941,-0.646467,0.222164,0.104284
3461,2972730800,-0.874745,0.015393,0.444893,-0.191465,0.150213,-1.736050,1.113864
3462,2972764134,-0.875633,0.021825,0.447316,-0.180836,1.286029,-1.361207,0.409271
3463,2972797468,-0.876469,0.036062,0.450079,-0.167134,0.109343,-0.656626,0.622274
3464,2972830802,-0.878032,0.053041,0.450279,-0.153290,0.013148,-1.153435,-0.123091
3465,2972864136,-0.879530,0.064951,0.449290,-0.142655,-0.531736,0.175384,-0.580709
3466,2972897470,-0.878587,0.088939,0.451826,-0.126618,-0.710014,1.169951,0.382667
3467,2972930804,-0.875772,0.116016,0.456409,-0.106106,-1.864900,2.048140,0.969574
3468,2972964138,-0.872516,0.127017,0.462857,-0.091373,-2.063587,0.332978,2.812997
3469,2972997472,-0.871982,0.118432,0.467424,-0.084497,-1.975655,0.748239,2.257281
3470,2973030806,-0.872654,0.104644,0.470335,-0.079455,-1.717303,-0.328357,1.643325
3471,2973064140,-0.874153,0.084709,0.472050,-0.076504,-1.330389,-0.830743,-1.159944
3472,2973097474,-0.873604,0.048868,0.477041,-0.082847,3.438097,-4.524338,-2.736108
3473,2973130808,-0.871685,0.016281,0.480584,-0.094565,3.168410,-0.927371,-0.545154
3474,2973164142,-0.870223,0.001274,0.482749,-0.098322,0.724148,-0.522291,-1.343679
3475,2973197476,-0.869451,-0.007450,0.483993,-0.098762,-0.507225,-0.404832,0.697549
3476,2973230810,-0.868964,-0.015207,0.484159,-0.101311,-1.079265,0.712832,1.462869
3477,2973264144,-0.868634,-0.018930,0.483997,-0.104240,-2.152075,0.866290,1.369050
3478,2973297478,-0.869255,-0.019900,0.482120,-0.107536,-1.796074,0.360436,0.264904
3479,2973330812,-0.870746,-0.019824,0.478943,-0.109659,-0.897043,0.392416,-0.537316
3480,2973364146,-0.871680,-0.024046,0.476083,-0.113773,0.530624,-1.708970,-0.553246
3481,2973397480,-0.871327,-0.033398,0.473985,-0.122536,2.471959,0.244147,-1.443983
3482,2973430814,-0.870387,-0.041487,0.472320,-0.132750,1.175024,-0.532335,-1.266284
3483,2973464148,-0.869035,-0.050464,0.470140,-0.145615,0.406335,-0.002450,-0.567259
3484,2973497482,-0.867014,-0.058073,0.467745,-0.161656,-0.332301,0.732139,0.708797
3485,2973530816,-0.864699,-0.062013,0.465665,-0.177794,-1.427453,-0.896150,0.478883
3486,2973564150,-0.862260,-0.063730,0.462792,-0.195637,-0.090892,-1.956514,1.179126
3487,2973597484,-0.858506,-0.067533,0.459527,-0.217362,-0.991575,0.324594,0.084342
3488,2973630818,-0.854261,-0.070030,0.455771,-0.240022,-0.455000,-1.454320,0.196767
3489,2973664152,-0.849444,-0.072544,0.450954,-0.264247,-0.341493,-0.789155,0.142400
3490,2973697486,-0.843259,-0.077438,0.445016,-0.291344,-0.237640,-1.167119,-0.244176
3491,2973730820,-0.835979,-0.083065,0.438992,-0.318635,-0.463000,-0.202004,0.425680
3492,2973764154,-0.827999,-0.089687,0.431994,-0.346062,0.511303,-0.123067,0.305815
3493,2973797488,-0.819919,-0.095531,0.426486,-0.369757,1.647939,-1.365231,0.418156
3494,2973830822,-0.811443,-0.102052,0.422499,-0.390698,1.984650,-1.032937,0.623984
3495,2973864156,-0.801545,-0.111350,0.418880,-0.411910,1.351516,-0.605061,0.246693
3496,2973897490,-0.790915,-0.120178,0.415507,-0.432860,2.768419,0.390363,0.191329
3497,2973930824,-0.778740,-0.129011,0.412097,-0.455083,0.697304,0.289741,-0.042060
3498,2973964158,-0.767237,-0.135001,0.407882,-0.476190,0.777197,0.428456,-0.046923
3499,2973997492,-0.755820,-0.138921,0.403978,-0.496228,1.781114,0.179078,-0.180135
3500,2974030826,-0.745050,-0.143227,0.399382,-0.514669,1.079994,0.058646,-0.417150
3501,2974064160,-0.734712,-0.149092,0.393542,-0.532069,1.416252,0.011656,0.366529
3502,2974097494,-0.725630,-0.155408,0.387526,-0.546934,2.031761,-0.403150,0.686424
3503,2974130828,-0.718082,-0.162033,0.381464,-0.559100,0.238585,0.115724,0.828262
3504,2974164162,-0.711277,-0.166675,0.376497,-0.569700,0.070921,0.213905,0.370839
3505,2974197496,-0.704642,-0.169684,0.373526,-0.578937,0.493941,-0.020030,-0.058022
3506,2974230830,-0.697204,-0.175010,0.369033,-0.589148,0.220937,0.079596,0.044450
3507,2974264164,-0.690247,-0.181328,0.363701,-0.598669,-0.407732,0.339119,-0.131885
3508,2974297498,-0.683356,-0.189294,0.357709,-0.607652,0.036764,0.789688,-0.094131
3509,2974330832,-0.676850,-0.198544,0.351669,-0.615456,-0.195023,0.090719,0.305188
3510,2974364166,-0.671870,-0.206363,0.346199,-0.621414,0.506318,0.007743,0.141073
3511,2974397500,-0.667618,-0.214319,0.341874,-0.625683,1.359207,0.622721,0.044659
3512,2974430834,-0.663056,-0.225423,0.337180,-0.629170,0.443831,0.569141,0.627450
3513,2974464168,-0.658355,-0.237433,0.333021,-0.631898,0.391796,0.533769,0.479403
3514,2974497502,-0.653060,-0.246439,0.332583,-0.634171,0.747818,0.230350,-0.142297
3515,2974530836,-0.645378,-0.258127,0.329475,-0.638989,0.320992,0.185158,0.310599
3516,2974564170,-0.636533,-0.269874,0.325164,-0.645187,-0.754143,0.359426,0.206693
3517,2974597504,-0.629085,-0.276886,0.323958,-0.650109,-0.602323,0.187392,-0.637181
3518,2974630838,-0.622415,-0.283508,0.322731,-0.654271,0.198048,-0.100287,0.009253
3519,2974664172,-0.615662,-0.289834,0.320455,-0.658991,0.460345,-0.154900,0.145776
3520,2974697506,-0.609295,-0.294415,0.318430,-0.663841,0.876810,-0.493139,0.151058
3521,2974730840,-0.601310,-0.300477,0.314191,-0.670393,0.713032,-0.226895,0.505145
3522,2974764174,-0.591740,-0.306228,0.309832,-0.678289,0.374137,-0.001482,-0.244155
3523,2974797508,-0.578366,-0.315923,0.302853,-0.688454,0.663042,0.706038,-0.550446
3524,2974830842,-0.560998,-0.328786,0.293232,-0.700856,0.795036,1.116026,-0.728534
3525,2974864176,-0.541001,-0.343257,0.280315,-0.714786,-0.817946,0.194898,-0.410430
3526,2974897510,-0.519688,-0.358419,0.264075,-0.729197,-0.301796,-0.140147,-0.746552
3527,2974930844,-0.498664,-0.369317,0.248820,-0.743661,0.475849,-0.392065,0.216362
3528,2974964178,-0.478410,-0.374529,0.236484,-0.758242,0.393992,-0.285576,0.872223
3529,2974997512,-0.457276,-0.374899,0.226620,-0.773949,0.790512,-0.159582,1.156836
3530,2975030846,-0.435282,-0.371084,0.218907,-0.790512,0.481339,-0.071498,0.361625
3531,2975064180,-0.412596,-0.366263,0.211643,-0.806738,1.115680,0.109889,-0.246506
3532,2975097514,-0.390005,-0.360982,0.203703,-0.822251,1.839856,0.387405,-0.613839
3533,2975130848,-0.367363,-0.356077,0.194100,-0.837008,0.570599,1.280713,-0.567177
3534,2975164182,-0.341606,-0.353739,0.181045,-0.851704,-1.191463,-0.201494,0.348332
3535,2975197516,-0.313667,-0.352032,0.166381,-0.866030,1.017240,1.224684,-0.271863
3536,2975230850,-0.284158,-0.353662,0.146446,-0.879053,0.641128,1.093697,0.305902
3537,2975264184,-0.251994,-0.358430,0.121049,-0.890717,0.567833,1.662660,0.782782
3538,2975297518,-0.218361,-0.363605,0.092728,-0.900841,0.865245,1.370062,0.118783
3539,2975330852,-0.183986,-0.369425,0.060623,-0.908847,0.155736,0.550420,0.303318
3540,2975364186,-0.150617,-0.373816,0.027252,-0.914788,0.406126,1.097586,0.367109
3541,2975397520,-0.120102,-0.376496,-0.005141,-0.918588,-0.137987,0.433314,0.164648
3542,2975430854,-0.095198,-0.377970,-0.031612,-0.920369,-0.488464,1.518633,0.613880
3543,2975464188,-0.075387,-0.377888,-0.050522,-0.921395,-0.865995,0.833372,0.135720
3544,2975497522,-0.060440,-0.376532,-0.062680,-0.922304,-0.489821,0.946891,-0.421154
3545,2975530856,-0.048104,-0.376369,-0.075065,-0.922172,-0.589237,1.020715,-0.629927
3546,2975564190,-0.034995,-0.377544,-0.091835,-0.920764,-0.558633,0.908153,-0.375618
3547,2975597524,-0.019748,-0.379085,-0.113647,-0.918146,-0.398641,0.298478,-0.015879
3548,2975630858,-0.004274,-0.381722,-0.136168,-0.914184,-0.206074,-0.110921,-0.597965
3549,2975664192,0.010605,-0.385315,-0.157734,-0.909144,-0.080488,0.807906,0.630837
3550,2975697526,0.026660,-0.387608,-0.178547,-0.903977,-0.081196,0.709809,0.893128
3551,2975730860,0.042626,-0.389255,-0.195367,-0.899165,0.631555,1.007082,1.122143
3552,2975764194,0.056089,-0.390021,-0.207218,-0.895434,0.386009,0.672501,0.356631
3553,2975797528,0.064546,-0.391482,-0.214137,-0.892595,0.063172,0.425875,-0.286016
3554,2975830862,0.067191,-0.394126,-0.215311,-0.890951,-0.400982,-0.520012,-0.475449
3555,2975864196,0.062960,-0.398220,-0.209073,-0.890926,-0.599146,-0.661561,-0.549330
3556,2975897530,0.052685,-0.404199,-0.194726,-0.892151,-0.275853,0.037110,0.558044
3557,2975930864,0.038654,-0.410556,-0.171930,-0.894647,0.143831,0.492759,0.887863
3558,2975964198,0.026135,-0.417385,-0.148809,-0.896084,0.816025,1.001032,0.936727
3559,2975997532,0.021000,-0.422991,-0.140610,-0.894913,1.032185,0.189947,1.030320
3560,2976030866,0.023737,-0.426883,-0.148296,-0.891751,0.103182,-0.121049,0.164139
3561,2976064200,0.031704,-0.430125,-0.164630,-0.887067,-0.592166,-0.414334,0.011404
3562,2976097534,0.040080,-0.431993,-0.179827,-0.882860,-0.506477,0.435263,0.412391
3563,2976130868,0.044508,-0.432292,-0.188984,-0.880586,-0.715713,0.806978,-0.242880
3564,2976164202,0.044151,-0.431932,-0.191645,-0.880205,-1.194599,1.172356,-1.289804
3565,2976197536,0.043276,-0.432580,-0.193364,-0.879554,-1.445674,1.318332,-1.532849
3566,2976230870,0.045435,-0.434641,-0.198272,-0.877334,-0.802337,0.334085,-0.743420
3567,2976264204,0.051506,-0.436912,-0.207140,-0.873815,-0.122412,-1.473729,0.255855
3568,2976297538,0.058732,-0.438372,-0.214538,-0.870837,0.570526,-0.968866,1.084831
3569,2976330872,0.067311,-0.438171,-0.220268,-0.868885,0.513341,-0.243303,0.721025
3570,2976364206,0.075966,-0.437418,-0.221731,-0.868178,0.508974,-0.296580,0.367415
3571,2976397540,0.082965,-0.435952,-0.220797,-0.868513,-0.046051,-0.644227,-0.461963
3572,2976430874,0.085374,-0.436325,-0.212885,-0.870066,-0.988059,-1.207728,-1.055586
3573,2976464208,0.086473,-0.437406,-0.203376,-0.871688,-1.100403,1.148800,-1.129338
3574,2976497542,0.091038,-0.437895,-0.197419,-0.872347,-0.633509,0.729028,-0.175014
3575,2976530876,0.096650,-0.437126,-0.192391,-0.873252,-0.163316,-0.486178,0.220157
3576,2976564210,0.102352,-0.435845,-0.184000,-0.875049,0.442265,0.536831,0.593860
3577,2976597544,0.109775,-0.432604,-0.176690,-0.877261,0.389131,-0.135872,0.173688
3578,2976630878,0.118854,-0.428379,-0.169973,-0.879476,0.352376,0.162416,0.186630
3579,2976664212,0.129534,-0.423138,-0.164194,-0.881600,0.513556,-0.195173,0.090954
3580,2976697546,0.141905,-0.416768,-0.157438,-0.883960,0.592117,-0.126518,-0.125159
3581,2976730880,0.154695,-0.409978,-0.147979,-0.886619,0.617907,0.780374,0.562039
3582,2976764214,0.167830,-0.403187,-0.137284,-0.889061,-0.058333,0.937905,0.272572
3583,2976797548,0.181785,-0.397245,-0.128306,-0.890332,-0.173894,1.667586,0.669317
3584,2976830882,0.196909,-0.391088,-0.124601,-0.890368,0.856062,1.529809,1.265226
3585,2976864216,0.211729,-0.385678,-0.125512,-0.889198,-0.120500,-0.005919,0.614136
3586,2976897550,0.227676,-0.380493,-0.129526,-0.886913,-0.521375,0.791049,0.590843
3587,2976930884,0.244121,-0.374670,-0.137840,-0.883759,-1.053207,0.050478,-0.258402
3588,2976964218,0.260846,-0.368931,-0.149264,-0.879530,-1.368599,-0.505226,-0.689701
3589,2976997552,0.275899,-0.363322,-0.159630,-0.875442,-0.901929,-0.184003,-0.097796
3590,2977030886,0.287911,-0.358900,-0.167565,-0.871908,-1.209317,0.984996,0.220641
3591,2977064220,0.297447,-0.356465,-0.173314,-0.868576,-1.558758,0.896704,0.012207
3592,2977097554,0.304567,-0.355466,-0.178146,-0.865535,-0.998862,0.895219,0.077834
3593,2977130888,0.309229,-0.356140,-0.181029,-0.863003,-0.853574,0.510893,0.534806
3594,2977164222,0.312316,-0.358015,-0.181187,-0.861080,-0.534174,0.194843,0.238194
3595,2977197556,0.315724,-0.360388,-0.180958,-0.858893,0.061429,-0.088176,-0.087836
3596,2977230890,0.319110,-0.362107,-0.181830,-0.856732,0.756534,-0.777925,0.173613
3597,2977264224,0.322213,-0.363284,-0.182716,-0.854881,0.628944,0.282933,-0.215455
3598,2977297558,0.324847,-0.363391,-0.185680,-0.853198,0.914450,0.345037,0.029684
3599,2977330892,0.324803,-0.363830,-0.188940,-0.852312,-0.143859,0.767164,0.188033
3600,2977364226,0.323648,-0.364119,-0.193397,-0.851628,0.143185,0.917752,0.278613
3601,2977397560,0.322135,-0.363922,-0.199019,-0.850990,-0.191360,0.758531,0.513268
3602,2977430894,0.320069,-0.363433,-0.206342,-0.850235,0.248080,0.195968,0.400472
3603,2977464228,0.315737,-0.363310,-0.215688,-0.849587,-0.338733,0.128189,0.321381
3604,2977497562,0.310348,-0.363083,-0.225154,-0.849214,-0.349552,0.817508,0.705981
3605,2977530896,0.303077,-0.363553,-0.233803,-0.849302,-0.816721,0.598960,-0.278337
3606,2977564230,0.293244,-0.368579,-0.239037,-0.849130,-0.787084,0.086093,0.081676
3607,2977597564,0.284001,-0.378115,-0.240360,-0.847705,-1.044173,0.922820,0.964931
3608,2977630898,0.278989,-0.387066,-0.244802,-0.844050,1.107888,0.346114,0.849395
3609,2977664232,0.277651,-0.392523,-0.258290,-0.837929,0.463831,-0.706660,-0.862144
3610,2977697566,0.278063,-0.395678,-0.276179,-0.830571,-1.028443,-1.182932,-0.439595
3611,2977730900,0.275497,-0.399302,-0.286876,-0.826054,-2.054801,0.036767,-0.516158
3612,2977764234,0.268457,-0.403947,-0.288480,-0.825555,-1.120750,-0.113130,-0.250942
3613,2977797568,0.259497,-0.408890,-0.283964,-0.827550,-0.080445,0.461228,-0.060544
3614,2977830902,0.253355,-0.413148,-0.280854,-0.828399,0.662742,-0.498701,-0.005785
3615,2977864236,0.249970,-0.416265,-0.281065,-0.827795,0.521030,-0.869265,0.362434
3616,2977897570,0.249728,-0.419096,-0.284073,-0.825409,0.574094,-0.487112,0.022548
3617,2977930904,0.250986,-0.421812,-0.289650,-0.821698,0.387152,-1.008972,0.044908
3618,2977964238,0.251513,-0.424980,-0.291359,-0.819296,-0.436824,0.261505,-0.033956
3619,2977997572,0.251309,-0.428086,-0.288922,-0.818605,-0.579455,-0.509185,0.146464
3620,2978030906,0.250145,-0.430806,-0.280466,-0.820473,-0.958740,-0.365701,-0.512112
3621,2978064240,0.246632,-0.434561,-0.265271,-0.824599,-0.245409,-1.577918,-0.472370
3622,2978097574,0.240703,-0.439544,-0.244433,-0.830132,-0.664827,-1.207736,-0.518291
3623,2978130908,0.236286,-0.444179,-0.223134,-0.834918,-0.080203,0.526153,0.108430
3624,2978164242,0.237259,-0.445182,-0.208638,-0.837852,-0.290107,0.549719,0.046622
3625,2978197576,0.241716,-0.443954,-0.199766,-0.839390,-0.162452,-0.246524,0.181658
3626,2978230910,0.247486,-0.441617,-0.191909,-0.840773,-0.145088,0.769884,0.885731
3627,2978264244,0.253400,-0.437378,-0.183915,-0.843011,-0.768328,1.711395,1.627176
3628,2978297578,0.258665,-0.433112,-0.177032,-0.845086,-0.467855,0.991016,0.948653
3629,2978330912,0.262499,-0.431999,-0.167430,-0.846429,0.428113,0.733840,1.420397
3630,2978364246,0.266632,-0.432802,-0.158736,-0.846402,-0.139209,1.064752,0.499975
3631,2978397580,0.274304,-0.433312,-0.157242,-0.843964,-0.748883,0.156921,-0.507656
3632,2978430914,0.285281,-0.432836,-0.160804,-0.839889,-0.454594,-0.761522,-0.590725
3633,2978464248,0.296407,-0.430319,-0.166493,-0.836213,-0.044427,-0.866989,-0.942934
3634,2978497582,0.303778,-0.427856,-0.171171,-0.833884,-1.240605,-0.311847,-0.591812
3635,2978530916,0.306688,-0.426518,-0.172420,-0.833247,-1.332037,0.897585,0.154825
3636,2978564250,0.304682,-0.426631,-0.168218,-0.834782,0.027965,0.021146,-0.333164
3637,2978597584,0.301207,-0.428716,-0.164936,-0.835629,-0.526272,0.376673,-0.293750
3638,2978630918,0.299261,-0.430630,-0.165439,-0.835245,0.220395,0.013945,0.517928
3639,2978664252,0.299549,-0.432151,-0.168706,-0.833701,0.504039,-0.466066,0.768528