time	DeviceName	AccX(g)	AccY(g)	AccZ(g)	AsX(°/s)	AsY(°/s)	AsZ(°/s)	AngleX(°)	AngleY(°)	AngleZ(°)	HX(uT)	HY(uT)	HZ(uT)	Q0()	Q1()	Q2()	Q3()	Temperature(°C)	Height(m)	Pressure(kPa)	Version()	Battery level(%)
2026-05-27T17:19:30.402	WT901BLE68(F3:F0:16:BF:DC:AE)	0.049	0.984	-0.210	-0.549	-0.977	0.305	102.77	-2.78	-53.03	-57.973	21.840	-53.013	0.56635	0.69238	-0.36258	-0.26132	25.4	null	null	13113	60
2026-05-27T17:19:30.493	WT901BLE68(F3:F0:16:BF:DC:AE)	0.042	0.974	-0.230	-0.793	-2.319	0.549	102.74	-2.76	-53.21	-57.973	21.840	-53.013	0.56635	0.69238	-0.36258	-0.26132	25.4	null	null	13113	60
2026-05-27T17:19:30.614	WT901BLE68(F3:F0:16:BF:DC:AE)	0.043	0.980	-0.209	-2.380	-4.700	2.380	102.60	-2.81	-53.44	-57.973	21.840	-53.013	0.56635	0.69238	-0.36258	-0.26132	25.4	null	null	13113	60
2026-05-27T17:19:30.672	WT901BLE68(F3:F0:16:BF:DC:AE)	0.060	0.981	-0.192	-1.526	2.563	0.671	102.44	-2.94	-53.59	-57.973	21.840	-53.013	0.56635	0.69238	-0.36258	-0.26132	25.4	null	null	13113	60
2026-05-27T17:19:30.791	WT901BLE68(F3:F0:16:BF:DC:AE)	0.052	0.979	-0.208	0.000	-0.061	1.099	102.35	-3.05	-53.31	-57.973	21.840	-53.013	0.56635	0.69238	-0.36258	-0.26132	25.4	null	null	13113	60
2026-05-27T17:19:30.881	WT901BLE68(F3:F0:16:BF:DC:AE)	0.040	0.978	-0.203	-0.671	-2.808	1.038	102.24	-3.14	-53.25	-57.973	21.840	-53.013	0.56635	0.69238	-0.36258	-0.26132	25.4	null	null	13113	60
2026-05-27T17:19:31.004	WT901BLE68(F3:F0:16:BF:DC:AE)	0.178	1.016	-0.130	1.892	6.348	-7.935	102.21	-2.78	-53.20	-57.973	21.840	-53.013	0.56635	0.69238	-0.36258	-0.26132	25.4	null	null	13113	60
2026-05-27T17:19:31.090	WT901BLE68(F3:F0:16:BF:DC:AE)	0.056	0.970	-0.191	-3.967	19.104	-8.606	101.87	-2.36	-51.71	-58.580	22.973	-50.793	0.56635	0.69238	-0.36258	-0.26132	25.4	null	null	13113	60
2026-05-27T17:19:31.211	WT901BLE68(F3:F0:16:BF:DC:AE)	0.039	0.967	-0.284	0.061	19.653	-9.766	101.62	-2.06	-49.65	-58.580	22.973	-50.793	0.57782	0.69583	-0.34128	-0.25562	25.4	null	null	13113	60
2026-05-27T17:19:31.270	WT901BLE68(F3:F0:16:BF:DC:AE)	0.016	0.976	-0.188	-3.418	6.897	-3.540	101.41	-1.72	-48.45	-58.580	22.973	-50.793	0.57782	0.69583	-0.34128	-0.25562	25.4	null	null	13113	60
2026-05-27T17:19:31.426	WT901BLE68(F3:F0:16:BF:DC:AE)	0.075	0.972	-0.226	-4.150	12.756	-8.301	101.10	-1.35	-48.00	-58.580	22.973	-50.793	0.57782	0.69583	-0.34128	-0.25562	25.4	null	null	13113	60
2026-05-27T17:19:31.480	WT901BLE68(F3:F0:16:BF:DC:AE)	0.066	0.984	-0.213	-6.836	14.038	-13.428	100.64	-0.70	-46.42	-58.580	22.973	-50.793	0.57782	0.69583	-0.34128	-0.25562	25.4	null	null	13113	60
2026-05-27T17:19:31.603	WT901BLE68(F3:F0:16:BF:DC:AE)	0.061	0.970	-0.244	-9.277	13.611	-19.470	99.91	0.47	-45.12	-58.580	22.973	-50.793	0.57782	0.69583	-0.34128	-0.25562	25.4	null	null	13113	60
2026-05-27T17:19:31.695	WT901BLE68(F3:F0:16:BF:DC:AE)	0.064	0.988	-0.237	-15.320	11.169	-19.592	99.09	2.03	-44.19	-58.580	22.973	-50.793	0.57782	0.69583	-0.34128	-0.25562	25.4	null	null	13113	60
2026-05-27T17:19:31.812	WT901BLE68(F3:F0:16:BF:DC:AE)	-0.349	1.253	0.209	-147.827	11.169	-10.376	93.86	3.33	-43.87	-58.580	22.973	-50.793	0.57782	0.69583	-0.34128	-0.25562	25.4	null	null	13113	60
2026-05-27T17:19:31.903	WT901BLE68(F3:F0:16:BF:DC:AE)	-0.026	0.962	-0.177	0.183	-58.533	4.761	83.78	2.75	-50.35	-63.393	28.147	-44.400	0.57782	0.69583	-0.34128	-0.25562	25.4	null	null	13113	60
2026-05-27T17:19:32.022	WT901BLE68(F3:F0:16:BF:DC:AE)	0.085	0.937	0.226	-57.007	-13.367	4.028	82.64	3.31	-51.73	-63.393	28.147	-44.400	0.57782	0.69583	-0.34128	-0.25562	25.4	null	null	13113	60
2026-05-27T17:19:32.082	WT901BLE68(F3:F0:16:BF:DC:AE)	-0.344	0.827	0.103	-17.395	40.283	0.305	80.57	3.30	-47.75	-63.393	28.147	-44.400	0.68076	0.59521	-0.25769	-0.34024	25.4	null	null	13113	60
2026-05-27T17:19:32.202	WT901BLE68(F3:F0:16:BF:DC:AE)	-0.186	0.988	0.177	10.193	-49.133	-4.883	81.11	3.85	-50.70	-63.393	28.147	-44.400	0.68076	0.59521	-0.25769	-0.34024	25.4	null	null	13113	60
2026-05-27T17:19:32.294	WT901BLE68(F3:F0:16:BF:DC:AE)	-0.022	0.991	0.223	15.503	-27.283	-7.751	82.11	4.04	-55.28	-63.393	28.147	-44.400	0.68076	0.59521	-0.25769	-0.34024	25.4	null	null	13113	60
2026-05-27T17:19:32.413	WT901BLE68(F3:F0:16:BF:DC:AE)	-0.147	0.983	0.203	12.085	-10.925	-9.216	82.94	4.82	-56.26	-63.393	28.147	-44.400	0.68076	0.59521	-0.25769	-0.34024	25.4	null	null	13113	60
2026-05-27T17:19:32.503	WT901BLE68(F3:F0:16:BF:DC:AE)	-0.110	0.981	0.193	7.629	-19.470	-14.465	83.50	6.03	-58.26	-63.393	28.147	-44.400	0.68076	0.59521	-0.25769	-0.34024	25.4	null	null	13113	60
2026-05-27T17:19:32.625	WT901BLE68(F3:F0:16:BF:DC:AE)	-0.130	0.963	0.147	4.578	-11.902	-9.949	83.41	7.12	-59.47	-63.393	28.147	-44.400	0.68076	0.59521	-0.25769	-0.34024	25.4	null	null	13113	60
2026-05-27T17:19:32.684	WT901BLE68(F3:F0:16:BF:DC:AE)	-0.076	0.907	0.156	37.292	1.343	2.136	84.92	7.32	-60.45	-63.393	28.147	-44.400	0.68076	0.59521	-0.25769	-0.34024	25.4	null	null	13113	60
2026-05-27T17:19:32.807	WT901BLE68(F3:F0:16:BF:DC:AE)	-0.111	1.020	0.055	51.575	-21.606	16.907	90.40	6.72	-60.89	-63.393	28.147	-44.400	0.68076	0.59521	-0.25769	-0.34024	25.4	null	null	13113	60
2026-05-27T17:19:32.894	WT901BLE68(F3:F0:16:BF:DC:AE)	-0.076	1.063	-0.001	35.095	3.479	15.076	94.33	5.09	-62.17	-68.613	23.800	-40.020	0.68076	0.59521	-0.25769	-0.34024	25.4	null	null	13113	60
2026-05-27T17:19:33.011	WT901BLE68(F3:F0:16:BF:DC:AE)	-0.036	0.999	-0.155	33.020	39.307	5.188	98.62	3.80	-58.95	-68.613	23.800	-40.020	0.68076	0.59521	-0.25769	-0.34024	25.4	null	null	13113	60
2026-05-27T17:19:33.101	WT901BLE68(F3:F0:16:BF:DC:AE)	0.063	1.038	-0.138	21.118	36.255	5.981	101.64	2.57	-55.28	-68.613	23.800	-40.020	0.55374	0.68039	-0.35052	-0.32776	25.4	null	null	13113	60
2026-05-27T17:19:33.223	WT901BLE68(F3:F0:16:BF:DC:AE)	0.021	0.983	-0.255	5.615	10.254	11.353	102.13	0.97	-53.11	-68.613	23.800	-40.020	0.55374	0.68039	-0.35052	-0.32776	25.4	null	null	13113	60
2026-05-27T17:19:33.311	WT901BLE68(F3:F0:16:BF:DC:AE)	0.065	0.966	-0.246	1.465	16.174	5.371	102.33	-0.11	-52.53	-68.613	23.800	-40.020	0.55374	0.68039	-0.35052	-0.32776	25.4	null	null	13113	60
2026-05-27T17:19:33.434	WT901BLE68(F3:F0:16:BF:DC:AE)	0.040	0.976	-0.224	4.333	27.161	-2.075	102.74	-0.82	-50.23	-68.613	23.800	-40.020	0.55374	0.68039	-0.35052	-0.32776	25.4	null	null	13113	60
2026-05-27T17:19:33.494	WT901BLE68(F3:F0:16:BF:DC:AE)	0.063	0.987	-0.233	3.418	29.724	-6.470	103.12	-1.16	-47.47	-68.613	23.800	-40.020	0.55374	0.68039	-0.35052	-0.32776	25.4	null	null	13113	60
2026-05-27T17:19:33.617	WT901BLE68(F3:F0:16:BF:DC:AE)	0.041	0.974	-0.243	0.061	23.865	-6.531	103.16	-1.22	-44.72	-68.613	23.800	-40.020	0.55374	0.68039	-0.35052	-0.32776	25.4	null	null	13113	60
2026-05-27T17:19:33.701	WT901BLE68(F3:F0:16:BF:DC:AE)	0.017	0.973	-0.271	-2.441	9.033	-6.104	103.15	-0.99	-43.48	-55.827	19.693	-57.947	0.55374	0.68039	-0.35052	-0.32776	25.4	null	null	13113	60
2026-05-27T17:19:33.823	WT901BLE68(F3:F0:16:BF:DC:AE)	0.050	0.981	-0.203	-5.493	-5.371	-5.554	102.80	-0.58	-43.46	-55.827	19.693	-57.947	0.55374	0.68039	-0.35052	-0.32776	25.4	null	null	13113	60
2026-05-27T17:19:33.914	WT901BLE68(F3:F0:16:BF:DC:AE)	0.074	0.970	-0.220	-3.845	2.075	-13.000	102.38	0.14	-43.90	-55.827	19.693	-57.947	0.58087	0.72308	-0.29202	-0.23312	25.4	null	null	13113	60
2026-05-27T17:19:34.034	WT901BLE68(F3:F0:16:BF:DC:AE)	0.016	0.973	-0.256	-7.141	9.583	-15.747	101.87	1.24	-43.15	-55.827	19.693	-57.947	0.58087	0.72308	-0.29202	-0.23312	25.4	null	null	13113	60
2026-05-27T17:19:34.095	WT901BLE68(F3:F0:16:BF:DC:AE)	-0.080	0.991	-0.148	-18.311	-22.461	-11.658	100.81	2.42	-43.54	-55.827	19.693	-57.947	0.58087	0.72308	-0.29202	-0.23312	25.4	null	null	13113	60
2026-05-27T17:19:34.214	WT901BLE68(F3:F0:16:BF:DC:AE)	-0.050	1.020	-0.048	-40.344	-31.006	-4.944	98.02	3.66	-46.47	-55.827	19.693	-57.947	0.58087	0.72308	-0.29202	-0.23312	25.4	null	null	13113	60
2026-05-27T17:19:34.303	WT901BLE68(F3:F0:16:BF:DC:AE)	-0.162	1.056	0.000	-62.683	-20.569	-7.141	92.53	4.53	-49.39	-55.827	19.693	-57.947	0.58087	0.72308	-0.29202	-0.23312	25.4	null	null	13113	60
2026-05-27T17:19:34.425	WT901BLE68(F3:F0:16:BF:DC:AE)	-0.180	1.007	-0.048	-32.349	-9.949	6.531	87.91	4.66	-51.12	-55.827	19.693	-57.947	0.58087	0.72308	-0.29202	-0.23312	25.4	null	null	13113	60
2026-05-27T17:19:34.513	WT901BLE68(F3:F0:16:BF:DC:AE)	-0.177	0.896	-0.033	-5.615	2.197	3.113	86.09	4.28	-51.81	-55.827	19.693	-57.947	0.58087	0.72308	-0.29202	-0.23312	25.4	null	null	13113	60
2026-05-27T17:19:34.631	WT901BLE68(F3:F0:16:BF:DC:AE)	-0.174	0.963	0.021	13.977	-37.231	0.610	86.77	4.36	-53.33	-64.493	27.127	-43.900	0.58087	0.72308	-0.29202	-0.23312	25.4	null	null	13113	60
2026-05-27T17:19:34.721	WT901BLE68(F3:F0:16:BF:DC:AE)	-0.108	0.989	0.101	15.503	-38.818	1.892	88.15	4.40	-57.28	-64.493	27.127	-43.900	0.58087	0.72308	-0.29202	-0.23312	25.4	null	null	13113	60
2026-05-27T17:19:34.845	WT901BLE68(F3:F0:16:BF:DC:AE)	-0.078	1.099	0.183	-1.770	-1.160	4.272	88.95	4.26	-59.71	-64.493	27.127	-43.900	0.60736	0.62134	-0.32220	-0.37561	25.4	null	null	13113	60
2026-05-27T17:19:34.904	WT901BLE68(F3:F0:16:BF:DC:AE)	-0.203	1.050	0.177	-20.935	-17.700	-8.850	87.50	4.56	-60.00	-64.493	27.127	-43.900	0.60736	0.62134	-0.32220	-0.37561	25.4	null	null	13113	60
2026-05-27T17:19:35.027	WT901BLE68(F3:F0:16:BF:DC:AE)	0.114	0.826	0.205	-85.205	-27.893	2.625	80.02	5.21	-62.33	-64.493	27.127	-43.900	0.60736	0.62134	-0.32220	-0.37561	25.4	null	null	13113	60
2026-05-27T17:19:35.113	WT901BLE68(F3:F0:16:BF:DC:AE)	-0.122	0.870	-0.018	23.132	-22.461	-13.794	77.33	5.54	-64.08	-64.493	27.127	-43.900	0.60736	0.62134	-0.32220	-0.37561	25.4	null	null	13113	60
2026-05-27T17:19:35.234	WT901BLE68(F3:F0:16:BF:DC:AE)	-0.159	0.902	-0.009	109.924	27.222	7.935	84.39	5.47	-63.12	-64.493	27.127	-43.900	0.60736	0.62134	-0.32220	-0.37561	25.4	null	null	13113	60
2026-05-27T17:19:35.325	WT901BLE68(F3:F0:16:BF:DC:AE)	0.001	0.940	0.269	60.669	-11.902	-2.686	92.55	5.99	-61.44	-64.493	27.127	-43.900	0.60736	0.62134	-0.32220	-0.37561	25.4	null	null	13113	60
2026-05-27T17:19:35.441	WT901BLE68(F3:F0:16:BF:DC:AE)	-0.161	1.050	-0.099	11.292	21.973	3.479	97.76	4.78	-58.64	-64.493	27.127	-43.900	0.60736	0.62134	-0.32220	-0.37561	25.4	null	null	13113	60
2026-05-27T17:19:35.504	WT901BLE68(F3:F0:16:BF:DC:AE)	-0.059	1.000	-0.223	19.409	67.810	5.432	100.12	3.65	-53.01	-62.613	21.960	-49.400	0.60736	0.62134	-0.32220	-0.37561	25.4	null	null	13113	60
2026-05-27T17:19:35.625	WT901BLE68(F3:F0:16:BF:DC:AE)	0.013	0.998	-0.168	9.644	31.677	9.460	101.04	2.16	-48.75	-62.613	21.960	-49.400	0.60736	0.62134	-0.32220	-0.37561	25.4	null	null	13113	60
2026-05-27T17:19:35.712	WT901BLE68(F3:F0:16:BF:DC:AE)	0.068	0.962	-0.279	7.141	20.203	3.906	101.58	0.97	-46.84	-62.613	21.960	-49.400	0.57635	0.71121	-0.30447	-0.26309	25.4	null	null	13113	60
2026-05-27T17:19:35.833	WT901BLE68(F3:F0:16:BF:DC:AE)	0.047	0.992	-0.197	6.287	28.992	-1.526	102.54	0.22	-44.23	-62.613	21.960	-49.400	0.57635	0.71121	-0.30447	-0.26309	25.4	null	null	13113	60
2026-05-27T17:19:35.924	WT901BLE68(F3:F0:16:BF:DC:AE)	0.020	0.954	-0.286	-0.671	21.118	-1.587	102.67	-0.41	-42.07	-62.613	21.960	-49.400	0.57635	0.71121	-0.30447	-0.26309	25.4	null	null	13113	60
2026-05-27T17:19:36.047	WT901BLE68(F3:F0:16:BF:DC:AE)	0.042	0.988	-0.264	3.723	26.855	-10.132	103.05	-0.56	-39.64	-62.613	21.960	-49.400	0.57635	0.71121	-0.30447	-0.26309	25.4	null	null	13113	60
2026-05-27T17:19:36.133	WT901BLE68(F3:F0:16:BF:DC:AE)	0.041	0.982	-0.224	-1.282	9.399	-7.324	103.27	-0.16	-38.06	-62.613	21.960	-49.400	0.57635	0.71121	-0.30447	-0.26309	25.4	null	null	13113	60
2026-05-27T17:19:36.257	WT901BLE68(F3:F0:16:BF:DC:AE)	0.041	0.976	-0.246	1.221	2.991	-12.390	103.37	0.63	-38.19	-62.613	21.960	-49.400	0.57635	0.71121	-0.30447	-0.26309	25.4	null	null	13113	60
2026-05-27T17:19:36.313	WT901BLE68(F3:F0:16:BF:DC:AE)	-0.031	0.997	-0.183	-2.747	-7.813	-10.986	103.48	1.65	-37.80	-62.613	21.960	-49.400	0.57635	0.71121	-0.30447	-0.26309	25.4	null	null	13113	60
2026-05-27T17:19:36.437	WT901BLE68(F3:F0:16:BF:DC:AE)	-0.016	0.951	-0.289	-7.935	-26.123	-12.268	102.86	2.76	-39.57	-62.613	21.960	-49.400	0.57635	0.71121	-0.30447	-0.26309	25.4	null	null	13113	60
2026-05-27T17:19:36.521	WT901BLE68(F3:F0:16:BF:DC:AE)	-0.138	0.982	-0.163	-6.592	-21.912	-12.573	101.99	4.28	-41.40	-54.860	18.673	-61.453	0.57635	0.71121	-0.30447	-0.26309	25.4	null	null	13113	60
2026-05-27T17:19:36.642	WT901BLE68(F3:F0:16:BF:DC:AE)	-0.120	1.017	-0.104	-24.475	-27.405	-7.263	100.33	5.87	-44.42	-54.860	18.673	-61.453	0.57571	0.72937	-0.25677	-0.26553	25.4	null	null	13113	60
2026-05-27T17:19:36.735	WT901BLE68(F3:F0:16:BF:DC:AE)	-0.173	1.052	0.019	-46.143	-25.513	-1.465	96.19	6.75	-47.16	-54.860	18.673	-61.453	0.57571	0.72937	-0.25677	-0.26553	25.4	null	null	13113	60
2026-05-27T17:19:36.854	WT901BLE68(F3:F0:16:BF:DC:AE)	-0.143	1.040	0.181	-95.276	-2.747	17.578	88.81	5.88	-48.83	-54.860	18.673	-61.453	0.57571	0.72937	-0.25677	-0.26553	25.4	null	null	13113	60
2026-05-27T17:19:36.914	WT901BLE68(F3:F0:16:BF:DC:AE)	-0.092	0.976	-0.106	-40.649	13.428	17.151	82.86	4.39	-49.31	-54.860	18.673	-61.453	0.57571	0.72937	-0.25677	-0.26553	25.4	null	null	13113	60
2026-05-27T17:19:37.034	WT901BLE68(F3:F0:16:BF:DC:AE)	-0.009	0.931	-0.022	-18.066	30.762	18.494	80.79	2.75	-47.18	-54.860	18.673	-61.453	0.57571	0.72937	-0.25677	-0.26553	25.4	null	null	13113	60
2026-05-27T17:19:37.124	WT901BLE68(F3:F0:16:BF:DC:AE)	-0.095	0.907	0.155	15.625	33.875	4.578	80.91	2.80	-43.29	-54.860	18.673	-61.453	0.57571	0.72937	-0.25677	-0.26553	25.4	null	null	13113	60
2026-05-27T17:19:37.247	WT901BLE68(F3:F0:16:BF:DC:AE)	-0.067	0.960	0.186	24.841	-0.244	3.540	84.48	3.12	-41.69	-54.860	18.673	-61.453	0.57571	0.72937	-0.25677	-0.26553	25.4	null	null	13113	60
2026-05-27T17:19:37.332	WT901BLE68(F3:F0:16:BF:DC:AE)	0.001	0.978	0.150	0.000	32.104	27.466	84.83	1.54	-39.70	-55.153	32.873	-51.553	0.57571	0.72937	-0.25677	-0.26553	25.4	null	null	13113	60
2026-05-27T17:19:37.455	WT901BLE68(F3:F0:16:BF:DC:AE)	0.095	0.902	-0.011	27.771	72.449	26.001	86.03	-0.54	-34.80	-55.153	32.873	-51.553	0.57571	0.72937	-0.25677	-0.26553	25.4	null	null	13113	60
2026-05-27T17:19:37.541	WT901BLE68(F3:F0:16:BF:DC:AE)	-0.053	0.922	0.095	33.508	28.687	-11.353	88.84	0.50	-28.79	-55.153	32.873	-51.553	0.69379	0.67371	-0.17691	-0.18274	25.4	null	null	13113	60
2026-05-27T17:19:37.667	WT901BLE68(F3:F0:16:BF:DC:AE)	-0.116	0.979	-0.073	34.851	33.630	-0.732	93.19	0.53	-24.29	-55.153	32.873	-51.553	0.69379	0.67371	-0.17691	-0.18274	25.4	null	null	13113	60
2026-05-27T17:19:37.723	WT901BLE68(F3:F0:16:BF:DC:AE)	0.065	1.026	-0.174	37.781	51.331	-0.732	96.80	0.73	-23.05	-55.153	32.873	-51.553	0.69379	0.67371	-0.17691	-0.18274	25.4	null	null	13113	60
2026-05-27T17:19:37.846	WT901BLE68(F3:F0:16:BF:DC:AE)	0.042	0.971	-0.280	23.682	39.368	-5.066	99.23	0.26	-18.65	-55.153	32.873	-51.553	0.69379	0.67371	-0.17691	-0.18274	25.4	null	null	13113	60
2026-05-27T17:19:37.934	WT901BLE68(F3:F0:16:BF:DC:AE)	0.047	0.986	-0.241	21.729	35.828	-5.859	101.59	0.15	-15.92	-55.153	32.873	-51.553	0.69379	0.67371	-0.17691	-0.18274	25.4	null	null	13113	60
2026-05-27T17:19:38.054	WT901BLE68(F3:F0:16:BF:DC:AE)	0.027	0.990	-0.226	9.155	20.569	-3.784	102.79	-0.15	-13.55	-55.153	32.873	-51.553	0.69379	0.67371	-0.17691	-0.18274	25.4	null	null	13113	60
2026-05-27T17:19:38.144	WT901BLE68(F3:F0:16:BF:DC:AE)	0.042	0.965	-0.275	0.610	-2.808	-0.366	103.07	-0.29	-13.78	-55.153	32.873	-51.553	0.69379	0.67371	-0.17691	-0.18274	25.4	null	null	13113	60
2026-05-27T17:19:38.263	WT901BLE68(F3:F0:16:BF:DC:AE)	0.010	0.973	-0.248	1.282	-9.277	-2.808	103.31	-0.11	-14.93	-34.087	21.433	-73.740	0.69379	0.67371	-0.17691	-0.18274	25.4	null	null	13113	60
2026-05-27T17:19:38.326	WT901BLE68(F3:F0:16:BF:DC:AE)	0.048	0.992	-0.188	-0.854	-22.827	-4.150	103.28	0.46	-17.23	-34.087	21.433	-73.740	0.69379	0.67371	-0.17691	-0.18274	25.4	null	null	13113	60
2026-05-27T17:19:38.441	WT901BLE68(F3:F0:16:BF:DC:AE)	0.025	0.987	-0.215	-5.859	-36.499	-2.869	102.80	1.33	-20.58	-34.087	21.433	-73.740	0.69379	0.67371	-0.17691	-0.18274	25.4	null	null	13113	60
2026-05-27T17:19:38.533	WT901BLE68(F3:F0:16:BF:DC:AE)	-0.036	0.976	-0.210	-17.456	-56.519	-3.723	101.28	2.42	-25.73	-34.087	21.433	-73.740	0.61264	0.76703	-0.13962	-0.12939	25.4	null	null	13113	60
2026-05-27T17:19:38.654	WT901BLE68(F3:F0:16:BF:DC:AE)	-0.187	1.001	-0.156	-36.316	-73.364	0.610	98.37	3.72	-32.75	-34.087	21.433	-73.740	0.61264	0.76703	-0.13962	-0.12939	25.4	null	null	13113	60
2026-05-27T17:19:38.744	WT901BLE68(F3:F0:16:BF:DC:AE)	-0.120	0.938	0.064	-169.067	-120.728	2.563	87.75	4.44	-41.90	-34.087	21.433	-73.740	0.61264	0.76703	-0.13962	-0.12939	25.4	null	null	13113	60
2026-05-27T17:19:38.868	WT901BLE68(F3:F0:16:BF:DC:AE)	-0.057	0.933	-0.172	-23.621	-64.697	0.061	84.27	4.16	-51.38	-34.087	21.433	-73.740	0.61264	0.76703	-0.13962	-0.12939	25.4	null	null	13113	60
2026-05-27T17:19:38.953	WT901BLE68(F3:F0:16:BF:DC:AE)	-0.219	0.964	0.013	-10.315	-85.693	0.122	83.18	3.75	-57.25	-34.087	21.433	-73.740	0.61264	0.76703	-0.13962	-0.12939	25.4	null	null	13113	60
2026-05-27T17:19:39.075	WT901BLE68(F3:F0:16:BF:DC:AE)	-0.138	0.949	0.342	9.766	-154.663	-26.184	83.10	3.32	-69.00	-34.087	21.433	-73.740	0.61264	0.76703	-0.13962	-0.12939	25.4	null	null	13113	60
2026-05-27T17:19:39.132	WT901BLE68(F3:F0:16:BF:DC:AE)	0.054	0.833	-0.116	12.268	-160.278	-9.583	81.13	2.93	-83.58	-67.820	31.907	-32.453	0.61264	0.76703	-0.13962	-0.12939	25.4	null	null	13113	60
2026-05-27T17:19:39.254	WT901BLE68(F3:F0:16:BF:DC:AE)	0.047	1.021	0.145	-8.606	-37.292	-32.654	81.91	3.72	-90.15	-67.820	31.907	-32.453	0.61264	0.76703	-0.13962	-0.12939	25.4	null	null	13113	60
2026-05-27T17:19:39.342	WT901BLE68(F3:F0:16:BF:DC:AE)	-0.222	0.955	0.134	31.006	-20.935	-33.081	82.46	6.76	-89.07	-67.820	31.907	-32.453	0.51389	0.49170	-0.43274	-0.55386	25.4	null	null	13113	60
2026-05-27T17:19:39.465	WT901BLE68(F3:F0:16:BF:DC:AE)	-0.099	0.928	0.040	43.823	-87.524	-20.691	84.63	8.98	-94.13	-67.820	31.907	-32.453	0.51389	0.49170	-0.43274	-0.55386	25.4	null	null	13113	60
2026-05-27T17:19:39.555	WT901BLE68(F3:F0:16:BF:DC:AE)	0.039	1.042	0.176	39.978	1.099	4.944	88.03	9.01	-100.02	-67.820	31.907	-32.453	0.51389	0.49170	-0.43274	-0.55386	25.4	null	null	13113	60
2026-05-27T17:19:39.674	WT901BLE68(F3:F0:16:BF:DC:AE)	-0.530	1.043	0.271	17.700	25.513	-3.174	90.39	7.42	-97.37	-67.820	31.907	-32.453	0.51389	0.49170	-0.43274	-0.55386	25.4	null	null	13113	60
2026-05-27T17:19:39.732	WT901BLE68(F3:F0:16:BF:DC:AE)	-0.102	1.027	-0.019	12.512	5.127	21.790	92.72	6.71	-97.11	-67.820	31.907	-32.453	0.51389	0.49170	-0.43274	-0.55386	25.4	null	null	13113	60
2026-05-27T17:19:39.853	WT901BLE68(F3:F0:16:BF:DC:AE)	-0.065	0.969	-0.182	34.424	45.898	15.991	93.89	4.90	-94.41	-67.820	31.907	-32.453	0.51389	0.49170	-0.43274	-0.55386	25.4	null	null	13113	60
2026-05-27T17:19:39.945	WT901BLE68(F3:F0:16:BF:DC:AE)	-0.070	0.989	-0.156	57.800	41.870	12.512	98.87	2.91	-88.99	-67.820	31.907	-32.453	0.51389	0.49170	-0.43274	-0.55386	25.4	null	null	13113	60
2026-05-27T17:19:40.063	WT901BLE68(F3:F0:16:BF:DC:AE)	0.001	1.026	-0.136	17.273	20.752	13.550	102.26	1.38	-85.41	-70.033	26.793	-31.527	0.51389	0.49170	-0.43274	-0.55386	25.4	null	null	13113	60
2026-05-27T17:19:40.153	WT901BLE68(F3:F0:16:BF:DC:AE)	0.051	0.985	-0.244	5.554	0.427	12.939	103.35	0.04	-83.90	-70.033	26.793	-31.527	0.51389	0.49170	-0.43274	-0.55386	25.4	null	null	13113	60
2026-05-27T17:19:40.270	WT901BLE68(F3:F0:16:BF:DC:AE)	0.061	0.983	-0.229	-0.061	-13.611	14.893	103.55	-1.13	-83.86	-70.033	26.793	-31.527	0.46426	0.58246	-0.52658	-0.40958	25.4	null	null	13113	60
2026-05-27T17:19:40.362	WT901BLE68(F3:F0:16:BF:DC:AE)	0.030	0.976	-0.223	-7.202	-19.104	13.733	103.13	-2.24	-84.79	-70.033	26.793	-31.527	0.46426	0.58246	-0.52658	-0.40958	25.4	null	null	13113	60
2026-05-27T17:19:40.483	WT901BLE68(F3:F0:16:BF:DC:AE)	0.162	1.012	-0.340	-15.869	-31.921	13.733	102.37	-3.11	-86.09	-70.033	26.793	-31.527	0.46426	0.58246	-0.52658	-0.40958	25.4	null	null	13113	60
2026-05-27T17:19:40.541	WT901BLE68(F3:F0:16:BF:DC:AE)	0.035	0.958	-0.316	10.681	-16.174	5.920	101.34	-3.63	-88.49	-70.033	26.793	-31.527	0.46426	0.58246	-0.52658	-0.40958	25.4	null	null	13113	60
2026-05-27T17:19:40.665	WT901BLE68(F3:F0:16:BF:DC:AE)	0.056	0.994	-0.192	5.493	-12.085	0.244	103.16	-3.51	-88.69	-70.033	26.793	-31.527	0.46426	0.58246	-0.52658	-0.40958	25.4	null	null	13113	60
2026-05-27T17:19:40.752	WT901BLE68(F3:F0:16:BF:DC:AE)	0.071	0.978	-0.229	5.493	-30.518	-2.014	103.43	-3.02	-89.95	-70.033	26.793	-31.527	0.46426	0.58246	-0.52658	-0.40958	25.4	null	null	13113	60
2026-05-27T17:19:40.874	WT901BLE68(F3:F0:16:BF:DC:AE)	0.021	0.948	-0.214	7.568	-28.687	-5.737	103.93	-2.21	-91.25	-70.033	26.793	-31.527	0.46426	0.58246	-0.52658	-0.40958	25.4	null	null	13113	60
2026-05-27T17:19:40.964	WT901BLE68(F3:F0:16:BF:DC:AE)	0.101	1.021	-0.183	-3.967	-46.814	-4.639	104.68	-0.86	-93.54	-65.047	29.400	-26.513	0.46426	0.58246	-0.52658	-0.40958	25.4	null	null	13113	60
2026-05-27T17:19:41.083	WT901BLE68(F3:F0:16:BF:DC:AE)	0.050	0.968	-0.283	-13.977	-58.960	-4.395	103.40	0.48	-97.63	-65.047	29.400	-26.513	0.46426	0.58246	-0.52658	-0.40958	25.4	null	null	13113	60
2026-05-27T17:19:41.141	WT901BLE68(F3:F0:16:BF:DC:AE)	-0.147	0.967	-0.244	-14.221	-59.998	-12.024	101.86	2.64	-102.09	-65.047	29.400	-26.513	0.39337	0.50742	-0.59238	-0.48657	25.4	null	null	13113	60
2026-05-27T17:19:41.264	WT901BLE68(F3:F0:16:BF:DC:AE)	-0.124	1.041	-0.145	-51.575	-56.641	-8.301	99.08	4.75	-106.13	-65.047	29.400	-26.513	0.39337	0.50742	-0.59238	-0.48657	25.4	null	null	13113	60
2026-05-27T17:19:41.354	WT901BLE68(F3:F0:16:BF:DC:AE)	-0.224	0.960	-0.120	-41.992	-97.961	-4.150	92.98	6.38	-112.47	-65.047	29.400	-26.513	0.39337	0.50742	-0.59238	-0.48657	25.4	null	null	13113	60
2026-05-27T17:19:41.473	WT901BLE68(F3:F0:16:BF:DC:AE)	-0.160	0.982	-0.057	-19.592	-58.960	-5.554	89.69	7.38	-119.81	-65.047	29.400	-26.513	0.39337	0.50742	-0.59238	-0.48657	25.4	null	null	13113	60
2026-05-27T17:19:41.563	WT901BLE68(F3:F0:16:BF:DC:AE)	-0.170	0.976	-0.037	-6.226	-112.793	9.338	87.66	7.26	-126.18	-65.047	29.400	-26.513	0.39337	0.50742	-0.59238	-0.48657	25.4	null	null	13113	60
2026-05-27T17:19:41.692	WT901BLE68(F3:F0:16:BF:DC:AE)	-0.221	0.958	0.259	-13.611	-34.363	-16.235	86.06	6.72	-132.63	-65.047	29.400	-26.513	0.39337	0.50742	-0.59238	-0.48657	25.4	null	null	13113	60
2026-05-27T17:19:41.773	WT901BLE68(F3:F0:16:BF:DC:AE)	-0.146	0.959	-0.001	10.803	-149.353	-6.165	84.29	7.60	-140.63	-65.047	29.400	-26.513	0.39337	0.50742	-0.59238	-0.48657	25.4	null	null	13113	60
2026-05-27T17:19:41.895	WT901BLE68(F3:F0:16:BF:DC:AE)	0.025	0.940	0.257	5.615	-97.717	-13.428	83.70	7.31	-152.12	-39.333	22.640	20.347	0.39337	0.50742	-0.59238	-0.48657	25.4	null	null	13113	60
2026-05-27T17:19:41.953	WT901BLE68(F3:F0:16:BF:DC:AE)	-0.006	0.971	0.161	7.751	-10.010	-2.197	83.47	7.11	-154.94	-39.333	22.640	20.347	0.39337	0.50742	-0.59238	-0.48657	25.4	null	null	13113	60
2026-05-27T17:19:42.075	WT901BLE68(F3:F0:16:BF:DC:AE)	-0.145	1.062	0.430	-6.531	55.298	5.676	84.49	6.54	-151.72	-39.333	22.640	20.347	0.39337	0.50742	-0.59238	-0.48657	25.4	null	null	13113	60
2026-05-27T17:19:42.161	WT901BLE68(F3:F0:16:BF:DC:AE)	-0.083	0.971	0.075	20.508	15.564	7.690	85.20	6.22	-147.71	-39.333	22.640	20.347	0.15759	0.21646	-0.63742	-0.72241	25.4	null	null	13113	60
2026-05-27T17:19:42.286	WT901BLE68(F3:F0:16:BF:DC:AE)	-0.118	0.989	0.036	22.766	34.485	13.489	87.65	5.10	-143.42	-39.333	22.640	20.347	0.15759	0.21646	-0.63742	-0.72241	25.4	null	null	13113	60
2026-05-27T17:19:42.376	WT901BLE68(F3:F0:16:BF:DC:AE)	-0.099	1.005	-0.083	37.537	50.903	16.235	91.09	3.77	-137.26	-39.333	22.640	20.347	0.15759	0.21646	-0.63742	-0.72241	25.4	null	null	13113	60
2026-05-27T17:19:42.496	WT901BLE68(F3:F0:16:BF:DC:AE)	-0.001	1.020	-0.090	45.959	24.902	16.724	95.20	2.31	-133.12	-39.333	22.640	20.347	0.15759	0.21646	-0.63742	-0.72241	25.4	null	null	13113	60
2026-05-27T17:19:42.560	WT901BLE68(F3:F0:16:BF:DC:AE)	0.025	0.994	-0.175	14.160	14.465	14.465	97.68	0.76	-130.00	-39.333	22.640	20.347	0.15759	0.21646	-0.63742	-0.72241	25.4	null	null	13113	60
2026-05-27T17:19:42.673	WT901BLE68(F3:F0:16:BF:DC:AE)	0.032	0.971	-0.219	7.751	-4.272	9.155	98.82	-0.40	-128.34	-39.333	22.640	20.347	0.15759	0.21646	-0.63742	-0.72241	25.4	null	null	13113	60
2026-05-27T17:19:42.762	WT901BLE68(F3:F0:16:BF:DC:AE)	-0.010	0.943	-0.295	29.602	6.042	2.625	100.61	-1.08	-126.94	-36.387	35.707	7.553	0.15759	0.21646	-0.63742	-0.72241	25.4	null	null	13113	60
2026-05-27T17:19:42.886	WT901BLE68(F3:F0:16:BF:DC:AE)	0.051	1.066	-0.081	12.939	16.785	0.854	103.39	-1.35	-125.03	-36.387	35.707	7.553	0.15759	0.21646	-0.63742	-0.72241	25.4	null	null	13113	60
2026-05-27T17:19:42.973	WT901BLE68(F3:F0:16:BF:DC:AE)	0.070	1.001	-0.221	-4.089	-47.241	11.108	103.02	-1.85	-125.83	-36.387	35.707	7.553	0.29855	0.35394	-0.69876	-0.54517	25.4	null	null	13113	60
2026-05-27T17:19:43.125	WT901BLE68(F3:F0:16:BF:DC:AE)	0.049	0.978	-0.256	-5.188	-22.095	7.751	102.13	-2.12	-128.35	-36.387	35.707	7.553	0.29855	0.35394	-0.69876	-0.54517	25.4	null	null	13113	60
2026-05-27T17:19:43.185	WT901BLE68(F3:F0:16:BF:DC:AE)	0.031	0.971	-0.219	14.465	-33.691	6.226	102.39	-2.37	-129.78	-36.387	35.707	7.553	0.29855	0.35394	-0.69876	-0.54517	25.4	null	null	13113	60
2026-05-27T17:19:43.302	WT901BLE68(F3:F0:16:BF:DC:AE)	0.079	0.983	-0.188	1.892	-13.672	5.493	103.00	-2.48	-131.51	-36.387	35.707	7.553	0.29855	0.35394	-0.69876	-0.54517	25.4	null	null	13113	60
2026-05-27T17:19:43.365	WT901BLE68(F3:F0:16:BF:DC:AE)	0.057	0.968	-0.220	0.000	-16.663	3.296	103.15	-2.75	-131.86	-36.387	35.707	7.553	0.29855	0.35394	-0.69876	-0.54517	25.4	null	null	13113	60
2026-05-27T17:19:43.486	WT901BLE68(F3:F0:16:BF:DC:AE)	0.071	0.969	-0.212	0.732	-10.437	2.258	103.27	-2.71	-132.57	-36.387	35.707	7.553	0.29855	0.35394	-0.69876	-0.54517	25.4	null	null	13113	60
2026-05-27T17:19:43.574	WT901BLE68(F3:F0:16:BF:DC:AE)	0.086	0.970	-0.224	6.775	-5.737	-2.686	103.59	-2.50	-132.50	-36.387	35.707	7.553	0.29855	0.35394	-0.69876	-0.54517	25.4	null	null	13113	60
2026-05-27T17:19:43.691	WT901BLE68(F3:F0:16:BF:DC:AE)	0.103	0.969	-0.218	1.221	0.061	-5.859	103.90	-2.11	-131.65	-26.047	38.980	6.080	0.29855	0.35394	-0.69876	-0.54517	25.4	null	null	13113	60
2026-05-27T17:19:43.788	WT901BLE68(F3:F0:16:BF:DC:AE)	0.030	0.976	-0.296	-1.587	-4.578	-9.827	104.02	-1.42	-130.76	-26.047	38.980	6.080	0.29855	0.35394	-0.69876	-0.54517	25.4	null	null	13113	60
2026-05-27T17:19:43.905	WT901BLE68(F3:F0:16:BF:DC:AE)	0.014	0.965	-0.224	-1.465	2.197	-14.038	104.03	-0.42	-129.76	-26.047	38.980	6.080	0.26431	0.32803	-0.71674	-0.55563	25.4	null	null	13113	60
2026-05-27T17:19:43.961	WT901BLE68(F3:F0:16:BF:DC:AE)	-0.035	1.005	-0.202	-2.625	-3.601	-12.512	104.32	0.77	-128.81	-26.047	38.980	6.080	0.26431	0.32803	-0.71674	-0.55563	25.4	null	null	13113	60
2026-05-27T17:19:44.086	WT901BLE68(F3:F0:16:BF:DC:AE)	-0.031	1.017	-0.154	-20.630	-5.737	-7.324	102.82	1.73	-128.04	-26.047	38.980	6.080	0.26431	0.32803	-0.71674	-0.55563	25.4	null	null	13113	60
2026-05-27T17:19:44.175	WT901BLE68(F3:F0:16:BF:DC:AE)	-0.112	0.982	0.011	-77.698	9.399	-4.272	96.71	2.27	-127.36	-26.047	38.980	6.080	0.26431	0.32803	-0.71674	-0.55563	25.4	null	null	13113	60
2026-05-27T17:19:44.294	WT901BLE68(F3:F0:16:BF:DC:AE)	-0.021	1.060	-0.077	-47.119	21.118	6.409	91.53	2.03	-125.77	-26.047	38.980	6.080	0.26431	0.32803	-0.71674	-0.55563	25.4	null	null	13113	60
2026-05-27T17:19:44.385	WT901BLE68(F3:F0:16:BF:DC:AE)	-0.026	0.971	-0.161	-20.020	44.128	2.869	88.58	1.69	-122.01	-26.047	38.980	6.080	0.26431	0.32803	-0.71674	-0.55563	25.4	null	null	13113	60
2026-05-27T17:19:44.502	WT901BLE68(F3:F0:16:BF:DC:AE)	0.088	0.978	-0.021	-8.240	81.543	8.667	88.22	1.46	-115.80	-26.047	38.980	6.080	0.26431	0.32803	-0.71674	-0.55563	25.4	null	null	13113	60
2026-05-27T17:19:44.597	WT901BLE68(F3:F0:16:BF:DC:AE)	-0.138	1.003	0.080	-14.709	56.213	7.507	87.39	0.99	-108.20	-40.313	25.393	12.553	0.26431	0.32803	-0.71674	-0.55563	25.4	null	null	13113	60
2026-05-27T17:19:44.712	WT901BLE68(F3:F0:16:BF:DC:AE)	0.051	0.998	0.132	-7.813	31.006	14.160	86.64	0.28	-104.92	-40.313	25.393	12.553	0.26431	0.32803	-0.71674	-0.55563	25.4	null	null	13113	60
2026-05-27T17:19:44.775	WT901BLE68(F3:F0:16:BF:DC:AE)	0.069	1.000	0.100	-26.489	92.285	3.113	84.96	0.03	-97.88	-40.313	25.393	12.553	0.46265	0.43091	-0.52881	-0.56616	25.4	null	null	13113	60
2026-05-27T17:19:44.896	WT901BLE68(F3:F0:16:BF:DC:AE)	-0.198	0.878	-0.253	18.921	7.263	-0.610	81.55	0.18	-91.84	-40.313	25.393	12.553	0.46265	0.43091	-0.52881	-0.56616	25.4	null	null	13113	60
2026-05-27T17:19:44.984	WT901BLE68(F3:F0:16:BF:DC:AE)	-0.271	1.181	-0.063	38.574	-104.370	-5.005	82.94	0.42	-91.81	-40.313	25.393	12.553	0.46265	0.43091	-0.52881	-0.56616	25.4	null	null	13113	60
2026-05-27T17:19:45.104	WT901BLE68(F3:F0:16:BF:DC:AE)	-0.012	0.954	0.003	44.678	-4.883	1.526	86.87	0.60	-93.51	-40.313	25.393	12.553	0.46265	0.43091	-0.52881	-0.56616	25.4	null	null	13113	60
2026-05-27T17:19:45.194	WT901BLE68(F3:F0:16:BF:DC:AE)	0.042	1.022	-0.020	38.940	3.662	0.366	90.33	0.54	-92.64	-40.313	25.393	12.553	0.46265	0.43091	-0.52881	-0.56616	25.4	null	null	13113	60
2026-05-27T17:19:45.346	WT901BLE68(F3:F0:16:BF:DC:AE)	0.007	0.990	-0.054	25.024	12.939	6.531	93.50	0.02	-91.97	-40.313	25.393	12.553	0.46265	0.43091	-0.52881	-0.56616	25.4	null	null	13113	60
2026-05-27T17:19:45.372	WT901BLE68(F3:F0:16:BF:DC:AE)	-0.005	0.973	-0.136	35.828	20.691	7.751	95.91	-0.92	-90.28	-40.313	25.393	12.553	0.46265	0.43091	-0.52881	-0.56616	25.4	null	null	13113	60
2026-05-27T17:19:45.527	WT901BLE68(F3:F0:16:BF:DC:AE)	0.039	0.969	-0.262	29.175	18.250	2.380	99.46	-1.64	-88.42	-40.313	25.393	12.553	0.46265	0.43091	-0.52881	-0.56616	25.4	null	null	13113	60
2026-05-27T17:19:45.613	WT901BLE68(F3:F0:16:BF:DC:AE)	0.110	1.025	-0.138	14.404	29.297	-2.502	101.89	-1.86	-86.73	-51.373	31.107	-4.400	0.46265	0.43091	-0.52881	-0.56616	25.4	null	null	13113	60
2026-05-27T17:19:45.701	WT901BLE68(F3:F0:16:BF:DC:AE)	0.104	0.987	-0.234	3.601	6.836	0.854	102.33	-2.31	-84.56	-51.373	31.107	-4.400	0.47101	0.56454	-0.53607	-0.41464	25.4	null	null	13113	60
2026-05-27T17:19:45.797	WT901BLE68(F3:F0:16:BF:DC:AE)	0.074	0.985	-0.231	0.916	18.066	-5.127	102.42	-2.48	-83.70	-51.373	31.107	-4.400	0.47101	0.56454	-0.53607	-0.41464	25.4	null	null	13113	60
2026-05-27T17:19:45.916	WT901BLE68(F3:F0:16:BF:DC:AE)	0.063	0.981	-0.192	2.930	10.803	-2.991	102.66	-2.44	-82.34	-51.373	31.107	-4.400	0.47101	0.56454	-0.53607	-0.41464	25.4	null	null	13113	60
2026-05-27T17:19:46.009	WT901BLE68(F3:F0:16:BF:DC:AE)	0.098	0.959	-0.215	2.380	33.875	-3.784	102.96	-2.62	-80.57	-51.373	31.107	-4.400	0.47101	0.56454	-0.53607	-0.41464	25.4	null	null	13113	60
2026-05-27T17:19:46.128	WT901BLE68(F3:F0:16:BF:DC:AE)	0.026	0.978	-0.210	2.441	36.194	-6.409	102.96	-3.07	-76.86	-51.373	31.107	-4.400	0.47101	0.56454	-0.53607	-0.41464	25.4	null	null	13113	60
2026-05-27T17:19:46.184	WT901BLE68(F3:F0:16:BF:DC:AE)	0.091	0.991	-0.228	-4.822	34.668	-7.141	102.81	-3.27	-73.52	-51.373	31.107	-4.400	0.47101	0.56454	-0.53607	-0.41464	25.4	null	null	13113	60
2026-05-27T17:19:46.307	WT901BLE68(F3:F0:16:BF:DC:AE)	0.084	0.972	-0.240	-1.221	19.043	-6.042	102.47	-3.21	-71.47	-51.373	31.107	-4.400	0.47101	0.56454	-0.53607	-0.41464	25.4	null	null	13113	60
2026-05-27T17:19:46.393	WT901BLE68(F3:F0:16:BF:DC:AE)	0.046	0.953	-0.288	1.770	27.710	-8.179	102.49	-3.05	-69.86	-58.960	29.833	-17.413	0.47101	0.56454	-0.53607	-0.41464	25.4	null	null	13113	60
2026-05-27T17:19:46.515	WT901BLE68(F3:F0:16:BF:DC:AE)	0.036	0.975	-0.233	2.502	20.386	-9.399	102.81	-2.70	-68.09	-58.960	29.833	-17.413	0.47101	0.56454	-0.53607	-0.41464	25.4	null	null	13113	60
2026-05-27T17:19:46.601	WT901BLE68(F3:F0:16:BF:DC:AE)	0.053	0.988	-0.214	-4.028	9.705	-7.385	102.81	-2.27	-67.19	-58.960	29.833	-17.413	0.52747	0.64355	-0.44415	-0.33200	25.4	null	null	13113	60
2026-05-27T17:19:46.725	WT901BLE68(F3:F0:16:BF:DC:AE)	0.018	0.967	-0.248	-7.446	1.404	-5.859	102.24	-1.80	-67.18	-58.960	29.833	-17.413	0.52747	0.64355	-0.44415	-0.33200	25.4	null	null	13113	60
2026-05-27T17:19:46.782	WT901BLE68(F3:F0:16:BF:DC:AE)	0.033	0.978	-0.210	-7.019	-8.972	-6.287	101.62	-1.16	-68.18	-58.960	29.833	-17.413	0.52747	0.64355	-0.44415	-0.33200	25.4	null	null	13113	60
2026-05-27T17:19:46.904	WT901BLE68(F3:F0:16:BF:DC:AE)	0.026	0.985	-0.196	-10.437	-9.949	-6.897	100.93	-0.37	-69.40	-58.960	29.833	-17.413	0.52747	0.64355	-0.44415	-0.33200	25.4	null	null	13113	60
2026-05-27T17:19:46.997	WT901BLE68(F3:F0:16:BF:DC:AE)	0.005	1.009	-0.191	-20.386	-16.602	-7.446	99.67	0.46	-70.93	-58.960	29.833	-17.413	0.52747	0.64355	-0.44415	-0.33200	25.4	null	null	13113	60
2026-05-27T17:19:47.115	WT901BLE68(F3:F0:16:BF:DC:AE)	-0.025	1.020	-0.018	-65.186	-21.973	-6.470	95.82	1.39	-73.27	-58.960	29.833	-17.413	0.52747	0.64355	-0.44415	-0.33200	25.4	null	null	13113	60
2026-05-27T17:19:47.207	WT901BLE68(F3:F0:16:BF:DC:AE)	-0.064	0.991	-0.072	-35.400	-21.545	-7.019	91.14	2.29	-75.76	-58.960	29.833	-17.413	0.52747	0.64355	-0.44415	-0.33200	25.4	null	null	13113	60
2026-05-27T17:19:47.323	WT901BLE68(F3:F0:16:BF:DC:AE)	-0.123	1.000	0.008	-37.781	-31.494	-5.249	87.45	2.85	-78.54	-63.853	23.560	-8.307	0.52747	0.64355	-0.44415	-0.33200	25.4	null	null	13113	60
2026-05-27T17:19:47.415	WT901BLE68(F3:F0:16:BF:DC:AE)	-0.051	1.004	0.017	-25.757	-39.551	-5.493	84.36	3.10	-83.45	-63.853	23.560	-8.307	0.52747	0.64355	-0.44415	-0.33200	25.4	null	null	13113	60
2026-05-27T17:19:47.536	WT901BLE68(F3:F0:16:BF:DC:AE)	-0.045	1.001	0.213	-17.700	2.502	-2.991	82.35	3.43	-85.62	-63.853	23.560	-8.307	0.53732	0.50070	-0.43280	-0.52261	25.4	null	null	13113	60
2026-05-27T17:19:47.592	WT901BLE68(F3:F0:16:BF:DC:AE)	-0.112	0.964	0.229	-5.432	-16.602	-1.160	81.06	3.50	-86.27	-63.853	23.560	-8.307	0.53732	0.50070	-0.43280	-0.52261	25.4	null	null	13113	60
2026-05-27T17:19:47.717	WT901BLE68(F3:F0:16:BF:DC:AE)	-0.050	0.956	0.263	-7.874	1.648	-2.319	80.22	3.58	-87.67	-63.853	23.560	-8.307	0.53732	0.50070	-0.43280	-0.52261	25.4	null	null	13113	60
2026-05-27T17:19:47.802	WT901BLE68(F3:F0:16:BF:DC:AE)	-0.060	0.949	0.237	-3.967	5.615	0.122	79.33	3.75	-87.45	-63.853	23.560	-8.307	0.53732	0.50070	-0.43280	-0.52261	25.4	null	null	13113	60
2026-05-27T17:19:47.928	WT901BLE68(F3:F0:16:BF:DC:AE)	-0.042	0.962	0.273	-2.869	19.592	2.869	78.95	3.84	-86.36	-63.853	23.560	-8.307	0.53732	0.50070	-0.43280	-0.52261	25.4	null	null	13113	60
2026-05-27T17:19:48.015	WT901BLE68(F3:F0:16:BF:DC:AE)	-0.026	0.972	0.256	0.183	30.884	7.019	78.82	3.82	-83.96	-63.853	23.560	-8.307	0.53732	0.50070	-0.43280	-0.52261	25.4	null	null	13113	60
2026-05-27T17:19:48.133	WT901BLE68(F3:F0:16:BF:DC:AE)	-0.055	0.949	0.206	4.822	37.231	11.230	78.99	3.58	-80.62	-63.853	23.560	-8.307	0.53732	0.50070	-0.43280	-0.52261	25.4	null	null	13113	60
2026-05-27T17:19:48.191	WT901BLE68(F3:F0:16:BF:DC:AE)	-0.104	0.987	0.221	3.662	70.496	14.587	79.85	3.27	-75.35	-64.780	19.860	-0.740	0.53732	0.50070	-0.43280	-0.52261	25.4	null	null	13113	60
2026-05-27T17:19:48.315	WT901BLE68(F3:F0:16:BF:DC:AE)	-0.184	0.981	0.198	5.432	19.043	12.756	80.47	2.79	-71.61	-64.780	19.860	-0.740	0.53732	0.50070	-0.43280	-0.52261	25.4	null	null	13113	60
2026-05-27T17:19:48.402	WT901BLE68(F3:F0:16:BF:DC:AE)	-0.114	0.967	0.115	8.057	10.498	7.202	81.04	2.40	-71.31	-64.780	19.860	-0.740	0.60995	0.53546	-0.36469	-0.45618	25.4	null	null	13113	60
2026-05-27T17:19:48.525	WT901BLE68(F3:F0:16:BF:DC:AE)	-0.138	1.053	0.270	0.061	6.104	3.540	81.60	2.38	-70.11	-64.780	19.860	-0.740	0.60995	0.53546	-0.36469	-0.45618	25.4	null	null	13113	60
2026-05-27T17:19:48.614	WT901BLE68(F3:F0:16:BF:DC:AE)	0.027	0.972	0.030	23.621	-3.723	13.062	82.99	1.47	-71.24	-64.780	19.860	-0.740	0.60995	0.53546	-0.36469	-0.45618	25.4	null	null	13113	60
2026-05-27T17:19:48.736	WT901BLE68(F3:F0:16:BF:DC:AE)	-0.178	1.000	0.124	34.912	44.373	-0.854	86.49	1.14	-67.21	-64.780	19.860	-0.740	0.60995	0.53546	-0.36469	-0.45618	25.4	null	null	13113	60
2026-05-27T17:19:48.826	WT901BLE68(F3:F0:16:BF:DC:AE)	0.106	0.979	-0.029	34.058	5.188	5.432	90.12	0.88	-67.04	-64.780	19.860	-0.740	0.60995	0.53546	-0.36469	-0.45618	25.4	null	null	13113	60
2026-05-27T17:19:48.941	WT901BLE68(F3:F0:16:BF:DC:AE)	0.037	0.977	-0.153	31.128	29.724	4.944	92.97	0.21	-64.67	-64.780	19.860	-0.740	0.60995	0.53546	-0.36469	-0.45618	25.4	null	null	13113	60
2026-05-27T17:19:49.007	WT901BLE68(F3:F0:16:BF:DC:AE)	0.016	0.987	-0.191	38.269	58.655	-3.235	96.76	-0.58	-60.76	-64.780	19.860	-0.740	0.60995	0.53546	-0.36469	-0.45618	25.4	null	null	13113	60
2026-05-27T17:19:49.122	WT901BLE68(F3:F0:16:BF:DC:AE)	0.111	0.997	-0.160	30.151	44.861	-8.179	100.43	-0.85	-56.33	-63.233	26.707	-29.360	0.60995	0.53546	-0.36469	-0.45618	25.4	null	null	13113	60
2026-05-27T17:19:49.214	WT901BLE68(F3:F0:16:BF:DC:AE)	0.053	0.976	-0.163	3.723	57.007	-15.564	101.17	-0.85	-51.70	-63.233	26.707	-29.360	0.60995	0.53546	-0.36469	-0.45618	25.4	null	null	13113	60
2026-05-27T17:19:49.334	WT901BLE68(F3:F0:16:BF:DC:AE)	0.034	0.994	-0.280	5.615	62.134	-17.334	101.72	-0.68	-46.27	-63.233	26.707	-29.360	0.57898	0.70313	-0.32318	-0.25656	25.4	null	null	13113	60
2026-05-27T17:19:49.427	WT901BLE68(F3:F0:16:BF:DC:AE)	0.021	1.017	-0.201	-8.118	36.804	-16.174	101.38	-0.12	-42.35	-63.233	26.707	-29.360	0.57898	0.70313	-0.32318	-0.25656	25.4	null	null	13113	60
2026-05-27T17:19:49.543	WT901BLE68(F3:F0:16:BF:DC:AE)	0.046	0.970	-0.287	5.310	26.855	-16.113	101.00	0.67	-40.19	-63.233	26.707	-29.360	0.57898	0.70313	-0.32318	-0.25656	25.4	null	null	13113	60
2026-05-27T17:19:49.603	WT901BLE68(F3:F0:16:BF:DC:AE)	-0.004	0.983	-0.197	-4.456	13.062	-20.325	100.95	1.92	-38.85	-63.233	26.707	-29.360	0.57898	0.70313	-0.32318	-0.25656	25.4	null	null	13113	60
2026-05-27T17:19:49.728	WT901BLE68(F3:F0:16:BF:DC:AE)	0.021	0.986	-0.197	-18.921	2.808	-19.470	99.89	3.58	-39.02	-63.233	26.707	-29.360	0.57898	0.70313	-0.32318	-0.25656	25.4	null	null	13113	60
2026-05-27T17:19:49.813	WT901BLE68(F3:F0:16:BF:DC:AE)	-0.147	0.999	-0.094	-50.781	-38.330	-19.043	96.09	5.39	-41.69	-63.233	26.707	-29.360	0.57898	0.70313	-0.32318	-0.25656	25.4	null	null	13113	60
2026-05-27T17:19:49.945	WT901BLE68(F3:F0:16:BF:DC:AE)	-0.111	1.021	0.025	-45.837	-35.583	-15.869	91.32	7.29	-46.94	-63.233	26.707	-29.360	0.57898	0.70313	-0.32318	-0.25656	25.4	null	null	13113	60
2026-05-27T17:19:50.023	WT901BLE68(F3:F0:16:BF:DC:AE)	-0.125	1.042	0.067	-26.428	-25.818	-6.226	87.21	8.17	-50.42	-71.960	20.220	-35.627	0.57898	0.70313	-0.32318	-0.25656	25.4	null	null	13113	60
2026-05-27T17:19:50.144	WT901BLE68(F3:F0:16:BF:DC:AE)	-0.154	1.010	0.160	-15.320	65.308	3.357	86.23	8.04	-47.93	-71.960	20.220	-35.627	0.57898	0.70313	-0.32318	-0.25656	25.4	null	null	13113	60
2026-05-27T17:19:50.234	WT901BLE68(F3:F0:16:BF:DC:AE)	0.220	0.905	-0.099	10.742	72.083	15.320	86.24	8.00	-42.48	-71.960	20.220	-35.627	0.65942	0.64981	-0.20432	-0.31793	25.4	null	null	13113	60
2026-05-27T17:19:50.356	WT901BLE68(F3:F0:16:BF:DC:AE)	-0.734	0.906	0.141	-44.617	89.844	3.906	85.16	6.31	-29.61	-71.960	20.220	-35.627	0.65942	0.64981	-0.20432	-0.31793	25.4	null	null	13113	60
2026-05-27T17:19:50.414	WT901BLE68(F3:F0:16:BF:DC:AE)	-0.178	1.028	-0.063	7.141	-15.869	26.489	84.37	5.12	-29.08	-71.960	20.220	-35.627	0.65942	0.64981	-0.20432	-0.31793	25.4	null	null	13113	60
2026-05-27T17:19:50.536	WT901BLE68(F3:F0:16:BF:DC:AE)	-0.103	0.950	0.132	-39.429	55.786	2.991	83.40	4.53	-28.03	-71.960	20.220	-35.627	0.65942	0.64981	-0.20432	-0.31793	25.4	null	null	13113	60
2026-05-27T17:19:50.623	WT901BLE68(F3:F0:16:BF:DC:AE)	-0.190	0.941	0.202	-31.921	70.313	1.770	81.77	5.33	-21.49	-71.960	20.220	-35.627	0.65942	0.64981	-0.20432	-0.31793	25.4	null	null	13113	60
2026-05-27T17:19:50.745	WT901BLE68(F3:F0:16:BF:DC:AE)	-0.191	0.915	0.176	-11.475	-16.846	4.333	79.96	5.75	-19.08	-71.960	20.220	-35.627	0.65942	0.64981	-0.20432	-0.31793	25.4	null	null	13113	60
2026-05-27T17:19:50.838	WT901BLE68(F3:F0:16:BF:DC:AE)	-0.102	0.811	0.043	34.607	-32.043	8.667	80.97	5.05	-22.65	-71.960	20.220	-35.627	0.65942	0.64981	-0.20432	-0.31793	25.4	null	null	13113	60
2026-05-27T17:19:50.956	WT901BLE68(F3:F0:16:BF:DC:AE)	-0.011	1.153	0.106	30.273	13.489	15.747	84.44	3.42	-24.81	-55.433	32.653	-51.873	0.65942	0.64981	-0.20432	-0.31793	25.4	null	null	13113	60
2026-05-27T17:19:51.013	WT901BLE68(F3:F0:16:BF:DC:AE)	-0.129	1.009	0.129	35.522	81.177	-1.038	88.03	2.85	-22.71	-55.433	32.653	-51.873	0.65942	0.64981	-0.20432	-0.31793	25.4	null	null	13113	60
2026-05-27T17:19:51.135	WT901BLE68(F3:F0:16:BF:DC:AE)	-0.093	1.003	-0.170	85.571	9.521	3.662	94.67	3.41	-19.69	-55.433	32.653	-51.873	0.68970	0.70187	-0.10516	-0.14331	25.4	null	null	13113	60
2026-05-27T17:19:51.225	WT901BLE68(F3:F0:16:BF:DC:AE)	0.124	1.106	0.015	22.644	64.270	-1.526	100.13	3.58	-19.72	-55.433	32.653	-51.873	0.68970	0.70187	-0.10516	-0.14331	25.4	null	null	13113	60
2026-05-27T17:19:51.348	WT901BLE68(F3:F0:16:BF:DC:AE)	-0.053	0.945	-0.360	11.841	2.136	6.226	101.27	2.38	-16.84	-55.433	32.653	-51.873	0.68970	0.70187	-0.10516	-0.14331	25.4	null	null	13113	60
2026-05-27T17:19:51.435	WT901BLE68(F3:F0:16:BF:DC:AE)	0.071	0.957	-0.320	15.869	38.696	-2.991	102.23	1.76	-16.81	-55.433	32.653	-51.873	0.68970	0.70187	-0.10516	-0.14331	25.4	null	null	13113	60
2026-05-27T17:19:51.552	WT901BLE68(F3:F0:16:BF:DC:AE)	-0.014	1.006	-0.141	6.897	23.621	-0.549	103.67	0.81	-13.43	-55.433	32.653	-51.873	0.68970	0.70187	-0.10516	-0.14331	25.4	null	null	13113	60
2026-05-27T17:19:51.648	WT901BLE68(F3:F0:16:BF:DC:AE)	0.040	0.952	-0.316	3.479	13.611	1.709	104.05	0.27	-13.47	-55.433	32.653	-51.873	0.68970	0.70187	-0.10516	-0.14331	25.4	null	null	13113	60
2026-05-27T17:19:51.765	WT901BLE68(F3:F0:16:BF:DC:AE)	-0.010	0.971	-0.280	4.211	14.404	-0.366	104.47	-0.21	-12.83	-55.433	32.653	-51.873	0.68970	0.70187	-0.10516	-0.14331	25.4	null	null	13113	60
2026-05-27T17:19:51.821	WT901BLE68(F3:F0:16:BF:DC:AE)	0.017	0.970	-0.247	-0.610	-18.616	2.563	104.75	-0.26	-14.17	-39.420	19.393	-73.307	0.68970	0.70187	-0.10516	-0.14331	25.4	null	null	13113	60
2026-05-27T17:19:51.944	WT901BLE68(F3:F0:16:BF:DC:AE)	0.025	0.959	-0.267	1.099	-22.522	-0.244	104.83	0.11	-17.14	-39.420	19.393	-73.307	0.68970	0.70187	-0.10516	-0.14331	25.4	null	null	13113	60
2026-05-27T17:19:52.032	WT901BLE68(F3:F0:16:BF:DC:AE)	0.074	0.985	-0.190	-1.282	-22.095	-5.005	104.92	0.82	-20.21	-39.420	19.393	-73.307	0.59991	0.78238	-0.12946	-0.10538	25.4	null	null	13113	60
2026-05-27T17:19:52.159	WT901BLE68(F3:F0:16:BF:DC:AE)	0.041	0.973	-0.213	-6.165	-21.851	-9.766	104.33	1.81	-22.79	-39.420	19.393	-73.307	0.59991	0.78238	-0.12946	-0.10538	25.4	null	null	13113	60
2026-05-27T17:19:52.245	WT901BLE68(F3:F0:16:BF:DC:AE)	0.059	0.982	-0.210	-17.273	-20.020	-10.803	103.01	3.05	-25.11	-39.420	19.393	-73.307	0.59991	0.78238	-0.12946	-0.10538	25.4	null	null	13113	60
2026-05-27T17:19:52.364	WT901BLE68(F3:F0:16:BF:DC:AE)	-0.176	1.021	-0.167	-35.339	-41.931	-11.475	100.32	4.47	-28.47	-39.420	19.393	-73.307	0.59991	0.78238	-0.12946	-0.10538	25.4	null	null	13113	60
2026-05-27T17:19:52.423	WT901BLE68(F3:F0:16:BF:DC:AE)	-0.260	1.027	-0.146	-66.284	-27.649	-11.841	92.77	5.80	-33.10	-39.420	19.393	-73.307	0.59991	0.78238	-0.12946	-0.10538	25.4	null	null	13113	60
2026-05-27T17:19:52.547	WT901BLE68(F3:F0:16:BF:DC:AE)	-0.091	0.938	-0.049	-43.457	-45.227	-7.141	87.47	7.33	-38.27	-39.420	19.393	-73.307	0.59991	0.78238	-0.12946	-0.10538	25.4	null	null	13113	60
2026-05-27T17:19:52.633	WT901BLE68(F3:F0:16:BF:DC:AE)	-0.210	0.970	-0.039	-9.338	-28.931	0.488	85.17	7.44	-42.21	-39.420	19.393	-73.307	0.59991	0.78238	-0.12946	-0.10538	25.4	null	null	13113	60
2026-05-27T17:19:52.751	WT901BLE68(F3:F0:16:BF:DC:AE)	-0.297	0.945	0.024	4.150	-52.368	4.089	85.02	7.17	-45.71	-64.500	30.647	-50.987	0.59991	0.78238	-0.12946	-0.10538	25.4	null	null	13113	60
2026-05-27T17:19:52.847	WT901BLE68(F3:F0:16:BF:DC:AE)	-0.305	0.995	0.052	-1.160	-95.276	7.690	85.01	6.51	-53.87	-64.500	30.647	-50.987	0.59991	0.78238	-0.12946	-0.10538	25.4	null	null	13113	60
2026-05-27T17:19:52.965	WT901BLE68(F3:F0:16:BF:DC:AE)	0.016	0.986	0.039	12.634	-126.831	12.817	84.34	4.82	-67.35	-64.500	30.647	-50.987	0.61987	0.59534	-0.31033	-0.40607	25.4	null	null	13113	60
2026-05-27T17:19:53.052	WT901BLE68(F3:F0:16:BF:DC:AE)	0.223	1.032	0.204	-7.629	-34.058	3.235	83.85	4.21	-75.17	-64.500	30.647	-50.987	0.61987	0.59534	-0.31033	-0.40607	25.4	null	null	13113	60
2026-05-27T17:19:53.177	WT901BLE68(F3:F0:16:BF:DC:AE)	-0.254	0.938	0.094	12.268	-70.862	-25.146	83.66	4.84	-79.06	-64.500	30.647	-50.987	0.61987	0.59534	-0.31033	-0.40607	25.4	null	null	13113	60
2026-05-27T17:19:53.232	WT901BLE68(F3:F0:16:BF:DC:AE)	-0.077	1.005	0.120	-26.672	-94.116	-35.583	83.47	7.06	-89.99	-64.500	30.647	-50.987	0.61987	0.59534	-0.31033	-0.40607	25.4	null	null	13113	60
2026-05-27T17:19:53.362	WT901BLE68(F3:F0:16:BF:DC:AE)	-0.098	0.948	-0.034	44.678	-39.978	-36.011	83.92	10.07	-97.38	-64.500	30.647	-50.987	0.61987	0.59534	-0.31033	-0.40607	25.4	null	null	13113	60
2026-05-27T17:19:53.440	WT901BLE68(F3:F0:16:BF:DC:AE)	-0.027	0.958	0.147	30.579	-79.163	-3.967	87.24	11.13	-103.30	-64.500	30.647	-50.987	0.61987	0.59534	-0.31033	-0.40607	25.4	null	null	13113	60
2026-05-27T17:19:53.567	WT901BLE68(F3:F0:16:BF:DC:AE)	0.190	1.121	0.531	11.475	-98.633	15.869	89.06	9.59	-113.07	-64.500	30.647	-50.987	0.61987	0.59534	-0.31033	-0.40607	25.4	null	null	13113	60
2026-05-27T17:19:53.668	WT901BLE68(F3:F0:16:BF:DC:AE)	0.154	1.081	-0.022	75.562	54.626	28.748	93.27	7.89	-112.83	-73.233	21.860	-6.407	0.61987	0.59534	-0.31033	-0.40607	25.4	null	null	13113	60
2026-05-27T17:19:53.774	WT901BLE68(F3:F0:16:BF:DC:AE)	-0.135	0.958	-0.192	38.879	46.265	23.682	96.45	4.89	-108.29	-73.233	21.860	-6.407	0.61987	0.59534	-0.31033	-0.40607	25.4	null	null	13113	60
2026-05-27T17:19:53.833	WT901BLE68(F3:F0:16:BF:DC:AE)	0.066	0.989	-0.202	33.447	6.714	21.545	100.26	2.42	-106.19	-73.233	21.860	-6.407	0.37057	0.46771	-0.59671	-0.53644	25.4	null	null	13113	60
2026-05-27T17:19:53.958	WT901BLE68(F3:F0:16:BF:DC:AE)	0.024	0.956	-0.217	16.357	-7.507	18.127	101.55	0.43	-104.96	-73.233	21.860	-6.407	0.37057	0.46771	-0.59671	-0.53644	25.4	null	null	13113	60
2026-05-27T17:19:54.045	WT901BLE68(F3:F0:16:BF:DC:AE)	0.082	0.955	-0.294	9.033	-5.798	8.728	102.52	-0.88	-104.46	-73.233	21.860	-6.407	0.37057	0.46771	-0.59671	-0.53644	25.4	null	null	13113	60
2026-05-27T17:19:54.169	WT901BLE68(F3:F0:16:BF:DC:AE)	0.032	0.963	-0.283	18.982	-4.211	2.808	104.14	-1.29	-103.56	-73.233	21.860	-6.407	0.37057	0.46771	-0.59671	-0.53644	25.4	null	null	13113	60
2026-05-27T17:19:54.262	WT901BLE68(F3:F0:16:BF:DC:AE)	0.096	1.022	-0.129	1.099	-15.686	5.981	105.06	-1.61	-102.77	-73.233	21.860	-6.407	0.37057	0.46771	-0.59671	-0.53644	25.4	null	null	13113	60
2026-05-27T17:19:54.375	WT901BLE68(F3:F0:16:BF:DC:AE)	0.042	0.956	-0.302	0.671	-22.278	6.409	105.17	-1.86	-103.58	-73.233	21.860	-6.407	0.37057	0.46771	-0.59671	-0.53644	25.4	null	null	13113	60
2026-05-27T17:19:54.463	WT901BLE68(F3:F0:16:BF:DC:AE)	0.053	0.973	-0.222	7.568	-33.447	2.991	105.63	-1.62	-104.91	-73.233	21.860	-6.407	0.37057	0.46771	-0.59671	-0.53644	25.4	null	null	13113	60
2026-05-27T17:19:54.550	WT901BLE68(F3:F0:16:BF:DC:AE)	0.077	0.988	-0.162	3.479	-29.785	1.343	106.20	-1.13	-106.31	-62.873	31.727	-18.913	0.37057	0.46771	-0.59671	-0.53644	25.4	null	null	13113	60
2026-05-27T17:19:54.644	WT901BLE68(F3:F0:16:BF:DC:AE)	0.050	0.991	-0.278	-5.798	-36.438	0.793	105.93	-0.74	-107.78	-62.873	31.727	-18.913	0.37057	0.46771	-0.59671	-0.53644	25.4	null	null	13113	60
2026-05-27T17:19:54.764	WT901BLE68(F3:F0:16:BF:DC:AE)	-0.151	0.998	-0.218	-16.418	-51.636	1.709	104.38	0.34	-111.01	-62.873	31.727	-18.913	0.35229	0.45920	-0.64899	-0.49368	25.4	null	null	13113	60
2026-05-27T17:19:54.863	WT901BLE68(F3:F0:16:BF:DC:AE)	-0.031	1.045	0.002	-75.317	-33.875	-1.831	100.06	1.64	-114.04	-62.873	31.727	-18.913	0.35229	0.45920	-0.64899	-0.49368	25.4	null	null	13113	60
2026-05-27T17:19:54.974	WT901BLE68(F3:F0:16:BF:DC:AE)	-0.132	1.039	0.025	-97.046	-54.199	2.747	90.72	2.07	-115.62	-62.873	31.727	-18.913	0.35229	0.45920	-0.64899	-0.49368	25.4	null	null	13113	60
2026-05-27T17:19:55.064	WT901BLE68(F3:F0:16:BF:DC:AE)	-0.223	1.057	-0.260	-39.673	-63.721	4.456	85.03	1.43	-120.22	-62.873	31.727	-18.913	0.35229	0.45920	-0.64899	-0.49368	25.4	null	null	13113	60
2026-05-27T17:19:55.185	WT901BLE68(F3:F0:16:BF:DC:AE)	-0.099	0.937	-0.140	-25.818	-42.419	-9.766	82.22	2.08	-123.51	-62.873	31.727	-18.913	0.35229	0.45920	-0.64899	-0.49368	25.4	null	null	13113	60
2026-05-27T17:19:55.243	WT901BLE68(F3:F0:16:BF:DC:AE)	0.034	0.865	-0.008	20.386	5.493	-17.273	82.57	3.93	-123.78	-62.873	31.727	-18.913	0.35229	0.45920	-0.64899	-0.49368	25.4	null	null	13113	60
2026-05-27T17:19:55.365	WT901BLE68(F3:F0:16:BF:DC:AE)	-0.061	0.954	0.138	34.851	-10.986	-8.057	85.78	5.16	-121.87	-62.873	31.727	-18.913	0.35229	0.45920	-0.64899	-0.49368	25.4	null	null	13113	60
2026-05-27T17:19:55.459	WT901BLE68(F3:F0:16:BF:DC:AE)	-0.009	1.076	0.360	12.695	5.249	5.554	87.90	5.04	-120.44	-54.373	20.120	8.380	0.35229	0.45920	-0.64899	-0.49368	25.4	null	null	13113	60
2026-05-27T17:19:55.573	WT901BLE68(F3:F0:16:BF:DC:AE)	-0.030	0.907	0.059	1.343	-80.872	28.137	87.09	2.48	-123.11	-54.373	20.120	8.380	0.35229	0.45920	-0.64899	-0.49368	25.4	null	null	13113	60
2026-05-27T17:19:55.667	WT901BLE68(F3:F0:16:BF:DC:AE)	-0.007	0.931	-0.139	35.278	64.392	-18.127	88.95	2.98	-122.09	-54.373	20.120	8.380	0.32513	0.34024	-0.60574	-0.64145	25.4	null	null	13113	60
2026-05-27T17:19:55.786	WT901BLE68(F3:F0:16:BF:DC:AE)	-0.170	1.033	-0.050	46.326	107.361	4.211	93.75	3.10	-112.73	-54.373	20.120	8.380	0.32513	0.34024	-0.60574	-0.64145	25.4	null	null	13113	60
2026-05-27T17:19:55.874	WT901BLE68(F3:F0:16:BF:DC:AE)	-0.078	1.052	-0.137	50.354	14.282	12.390	98.12	2.63	-110.31	-54.373	20.120	8.380	0.32513	0.34024	-0.60574	-0.64145	25.4	null	null	13113	60
2026-05-27T17:19:55.996	WT901BLE68(F3:F0:16:BF:DC:AE)	0.064	0.991	-0.254	23.987	-12.268	14.282	99.98	1.57	-109.61	-54.373	20.120	8.380	0.32513	0.34024	-0.60574	-0.64145	25.4	null	null	13113	60
2026-05-27T17:19:56.058	WT901BLE68(F3:F0:16:BF:DC:AE)	-0.042	0.989	-0.210	9.827	-15.198	16.541	101.05	0.01	-108.43	-54.373	20.120	8.380	0.32513	0.34024	-0.60574	-0.64145	25.4	null	null	13113	60
2026-05-27T17:19:56.179	WT901BLE68(F3:F0:16:BF:DC:AE)	0.078	0.967	-0.261	4.822	-28.870	15.686	101.79	-1.14	-110.19	-54.373	20.120	8.380	0.32513	0.34024	-0.60574	-0.64145	25.4	null	null	13113	60
2026-05-27T17:19:56.262	WT901BLE68(F3:F0:16:BF:DC:AE)	0.002	0.979	-0.248	-4.150	-66.772	21.423	102.33	-2.02	-113.90	-54.373	20.120	8.380	0.32513	0.34024	-0.60574	-0.64145	25.4	null	null	13113	60
2026-05-27T17:19:56.380	WT901BLE68(F3:F0:16:BF:DC:AE)	0.095	0.962	-0.245	-1.831	-68.298	16.418	102.60	-2.31	-120.16	-45.033	31.867	-1.727	0.32513	0.34024	-0.60574	-0.64145	25.4	null	null	13113	60
2026-05-27T17:19:56.472	WT901BLE68(F3:F0:16:BF:DC:AE)	0.069	0.979	-0.246	-6.958	-85.876	15.259	102.83	-2.16	-126.35	-45.033	31.867	-1.727	0.32513	0.34024	-0.60574	-0.64145	25.4	null	null	13113	60
2026-05-27T17:19:56.597	WT901BLE68(F3:F0:16:BF:DC:AE)	0.119	1.022	-0.240	-20.813	-76.477	9.766	102.32	-1.53	-133.57	-45.033	31.867	-1.727	0.26953	0.31403	-0.71432	-0.56424	25.4	null	null	13113	60
2026-05-27T17:19:56.683	WT901BLE68(F3:F0:16:BF:DC:AE)	0.075	0.965	-0.171	-10.437	-97.412	0.366	100.26	-0.58	-140.49	-45.033	31.867	-1.727	0.26953	0.31403	-0.71432	-0.56424	25.4	null	null	13113	60
2026-05-27T17:19:56.807	WT901BLE68(F3:F0:16:BF:DC:AE)	0.225	1.012	-0.098	-6.042	-76.233	-6.348	99.98	1.10	-147.49	-45.033	31.867	-1.727	0.26953	0.31403	-0.71432	-0.56424	25.4	null	null	13113	60
2026-05-27T17:19:56.863	WT901BLE68(F3:F0:16:BF:DC:AE)	0.090	1.044	-0.150	-27.039	-64.026	-1.587	98.53	2.13	-152.11	-45.033	31.867	-1.727	0.26953	0.31403	-0.71432	-0.56424	25.4	null	null	13113	60
2026-05-27T17:19:56.985	WT901BLE68(F3:F0:16:BF:DC:AE)	-0.241	0.998	-0.329	-48.828	-122.681	-10.437	93.36	3.16	-156.88	-45.033	31.867	-1.727	0.26953	0.31403	-0.71432	-0.56424	25.4	null	null	13113	60
2026-05-27T17:19:57.077	WT901BLE68(F3:F0:16:BF:DC:AE)	-0.286	0.966	-0.070	-42.175	-99.365	-12.512	88.57	5.00	-165.78	-45.033	31.867	-1.727	0.26953	0.31403	-0.71432	-0.56424	25.4	null	null	13113	60
2026-05-27T17:19:57.192	WT901BLE68(F3:F0:16:BF:DC:AE)	-0.085	0.967	-0.096	0.000	-221.680	10.254	84.92	4.70	-179.76	-45.033	31.867	-1.727	0.26953	0.31403	-0.71432	-0.56424	25.4	null	null	13113	60
2026-05-27T17:19:57.285	WT901BLE68(F3:F0:16:BF:DC:AE)	-0.264	0.998	0.200	-49.683	-125.977	-44.739	81.89	5.10	162.52	0.320	23.467	2.420	0.26953	0.31403	-0.71432	-0.56424	25.4	null	null	13113	60
2026-05-27T17:19:57.405	WT901BLE68(F3:F0:16:BF:DC:AE)	0.104	0.891	0.003	16.113	-145.020	-29.785	79.48	5.89	139.41	0.320	23.467	2.420	0.26953	0.31403	-0.71432	-0.56424	25.4	null	null	13113	60
2026-05-27T17:19:57.465	WT901BLE68(F3:F0:16:BF:DC:AE)	-0.010	0.950	0.252	4.333	-69.641	-22.583	79.23	6.10	123.65	0.320	23.467	2.420	-0.36243	-0.24005	-0.59265	-0.67801	25.4	null	null	13113	60
2026-05-27T17:19:57.584	WT901BLE68(F3:F0:16:BF:DC:AE)	-0.206	1.002	0.308	31.555	-145.264	-7.263	79.83	5.41	108.94	0.320	23.467	2.420	-0.36243	-0.24005	-0.59265	-0.67801	25.4	null	null	13113	60
2026-05-27T17:19:57.676	WT901BLE68(F3:F0:16:BF:DC:AE)	0.340	1.063	0.479	15.076	-46.631	-3.357	81.18	4.00	91.31	0.320	23.467	2.420	-0.36243	-0.24005	-0.59265	-0.67801	25.4	null	null	13113	60
2026-05-27T17:19:57.795	WT901BLE68(F3:F0:16:BF:DC:AE)	-0.055	1.058	0.301	-12.329	81.543	9.216	80.55	3.52	89.41	0.320	23.467	2.420	-0.36243	-0.24005	-0.59265	-0.67801	25.4	null	null	13113	60
2026-05-27T17:19:57.884	WT901BLE68(F3:F0:16:BF:DC:AE)	-0.153	0.943	0.061	38.574	52.185	-2.808	82.64	4.22	90.15	0.320	23.467	2.420	-0.36243	-0.24005	-0.59265	-0.67801	25.4	null	null	13113	60
2026-05-27T17:19:58.005	WT901BLE68(F3:F0:16:BF:DC:AE)	-0.110	1.010	0.019	62.866	68.726	-1.770	88.48	4.50	91.56	0.320	23.467	2.420	-0.36243	-0.24005	-0.59265	-0.67801	25.4	null	null	13113	60
2026-05-27T17:19:58.065	WT901BLE68(F3:F0:16:BF:DC:AE)	-0.137	0.978	-0.103	37.109	-8.484	11.414	93.75	4.06	90.76	0.320	23.467	2.420	-0.36243	-0.24005	-0.59265	-0.67801	25.4	null	null	13113	60
2026-05-27T17:19:58.185	WT901BLE68(F3:F0:16:BF:DC:AE)	0.029	1.014	-0.180	20.691	2.747	15.320	96.98	2.91	85.64	0.320	23.467	2.420	-0.36243	-0.24005	-0.59265	-0.67801	25.4	null	null	13113	60
2026-05-27T17:19:58.274	WT901BLE68(F3:F0:16:BF:DC:AE)	-0.021	0.996	-0.196	20.569	-16.663	18.066	98.49	1.43	81.34	12.313	27.473	-36.080	-0.36243	-0.24005	-0.59265	-0.67801	25.4	null	null	13113	60
2026-05-27T17:19:58.395	WT901BLE68(F3:F0:16:BF:DC:AE)	0.081	0.970	-0.287	6.226	-35.156	16.663	99.87	0.16	75.12	12.313	27.473	-36.080	-0.50464	-0.58755	-0.48508	-0.40582	25.4	null	null	13113	60
2026-05-27T17:19:58.482	WT901BLE68(F3:F0:16:BF:DC:AE)	0.066	0.958	-0.298	4.150	-39.307	12.085	100.82	-0.79	68.35	12.313	27.473	-36.080	-0.50464	-0.58755	-0.48508	-0.40582	25.4	null	null	13113	60
2026-05-27T17:19:58.607	WT901BLE68(F3:F0:16:BF:DC:AE)	0.046	0.983	-0.202	-0.183	-42.297	12.207	101.37	-1.36	61.64	12.313	27.473	-36.080	-0.50464	-0.58755	-0.48508	-0.40582	25.4	null	null	13113	60
2026-05-27T17:19:58.671	WT901BLE68(F3:F0:16:BF:DC:AE)	0.126	0.978	-0.215	-0.488	-39.917	11.658	101.70	-1.69	54.22	12.313	27.473	-36.080	-0.50464	-0.58755	-0.48508	-0.40582	25.4	null	null	13113	60
2026-05-27T17:19:58.815	WT901BLE68(F3:F0:16:BF:DC:AE)	0.084	0.989	-0.219	-0.122	-41.138	8.118	101.81	-1.89	47.63	12.313	27.473	-36.080	-0.50464	-0.58755	-0.48508	-0.40582	25.4	null	null	13113	60
2026-05-27T17:19:58.906	WT901BLE68(F3:F0:16:BF:DC:AE)	0.064	0.966	-0.232	8.423	-56.091	1.160	102.37	-1.48	40.84	12.313	27.473	-36.080	-0.50464	-0.58755	-0.48508	-0.40582	25.4	null	null	13113	60
2026-05-27T17:19:58.996	WT901BLE68(F3:F0:16:BF:DC:AE)	0.088	0.978	-0.164	10.986	-47.302	0.000	103.33	-0.73	34.27	12.313	27.473	-36.080	-0.50464	-0.58755	-0.48508	-0.40582	25.4	null	null	13113	60
2026-05-27T17:19:59.083	WT901BLE68(F3:F0:16:BF:DC:AE)	0.119	0.987	-0.178	10.925	-41.016	-4.395	104.38	0.43	28.34	5.833	20.300	-59.593	-0.50464	-0.58755	-0.48508	-0.40582	25.4	null	null	13113	60
2026-05-27T17:19:59.204	WT901BLE68(F3:F0:16:BF:DC:AE)	0.029	1.004	-0.179	-10.559	-39.185	3.296	104.19	1.18	23.12	5.833	20.300	-59.593	-0.50464	-0.58755	-0.48508	-0.40582	25.4	null	null	13113	60
2026-05-27T17:19:59.293	WT901BLE68(F3:F0:16:BF:DC:AE)	-0.134	0.978	-0.275	-19.897	-64.026	-1.587	101.98	2.35	16.20	5.833	20.300	-59.593	-0.61993	-0.76862	-0.13275	-0.08472	25.4	null	null	13113	60
2026-05-27T17:19:59.415	WT901BLE68(F3:F0:16:BF:DC:AE)	-0.114	1.060	-0.099	-49.744	-48.462	-6.592	98.95	3.83	9.61	5.833	20.300	-59.593	-0.61993	-0.76862	-0.13275	-0.08472	25.4	null	null	13113	60
2026-05-27T17:19:59.474	WT901BLE68(F3:F0:16:BF:DC:AE)	-0.134	0.979	0.009	-79.956	-52.795	1.282	91.01	4.53	4.78	5.833	20.300	-59.593	-0.61993	-0.76862	-0.13275	-0.08472	25.4	null	null	13113	60
2026-05-27T17:19:59.594	WT901BLE68(F3:F0:16:BF:DC:AE)	-0.271	0.961	-0.110	-33.264	-33.752	1.282	86.22	4.15	0.10	5.833	20.300	-59.593	-0.61993	-0.76862	-0.13275	-0.08472	25.4	null	null	13113	60
2026-05-27T17:19:59.687	WT901BLE68(F3:F0:16:BF:DC:AE)	-0.051	0.945	-0.253	-8.606	-98.022	-16.113	83.62	5.67	-6.34	5.833	20.300	-59.593	-0.61993	-0.76862	-0.13275	-0.08472	25.4	null	null	13113	60
2026-05-27T17:19:59.808	WT901BLE68(F3:F0:16:BF:DC:AE)	-0.050	0.967	0.051	14.648	-21.362	-11.353	84.58	6.31	-11.58	5.833	20.300	-59.593	-0.61993	-0.76862	-0.13275	-0.08472	25.4	null	null	13113	60
2026-05-27T17:19:59.896	WT901BLE68(F3:F0:16:BF:DC:AE)	-0.139	0.965	0.170	15.381	-2.380	-6.104	86.24	7.18	-12.52	5.833	20.300	-59.593	-0.61993	-0.76862	-0.13275	-0.08472	25.4	null	null	13113	60
2026-05-27T17:20:00.013	WT901BLE68(F3:F0:16:BF:DC:AE)	-0.164	1.032	0.227	3.052	-46.936	11.230	87.04	6.41	-14.32	-22.827	32.667	-63.333	-0.61993	-0.76862	-0.13275	-0.08472	25.4	null	null	13113	60
2026-05-27T17:20:00.073	WT901BLE68(F3:F0:16:BF:DC:AE)	0.001	0.943	0.053	-13.550	-21.912	11.536	84.77	5.04	-17.79	-22.827	32.667	-63.333	-0.61993	-0.76862	-0.13275	-0.08472	25.4	null	null	13113	60
2026-05-27T17:20:00.229	WT901BLE68(F3:F0:16:BF:DC:AE)	-0.163	1.003	0.147	-11.292	41.138	16.235	84.73	3.69	-16.86	-22.827	32.667	-63.333	-0.61993	-0.76862	-0.13275	-0.08472	25.4	null	null	13113	60
2026-05-27T17:20:00.282	WT901BLE68(F3:F0:16:BF:DC:AE)	-0.320	0.975	0.120	-3.357	11.597	-9.216	84.51	4.20	-15.14	-22.827	32.667	-63.333	-0.72977	-0.66931	0.06772	0.12158	25.4	null	null	13113	60
2026-05-27T17:20:00.403	WT901BLE68(F3:F0:16:BF:DC:AE)	-0.024	1.030	0.007	1.282	-35.278	-0.549	84.83	5.11	-17.82	-22.827	32.667	-63.333	-0.72977	-0.66931	0.06772	0.12158	25.4	null	null	13113	60
2026-05-27T17:20:00.496	WT901BLE68(F3:F0:16:BF:DC:AE)	-0.118	1.059	0.203	5.188	43.213	3.174	85.23	4.67	-17.68	-22.827	32.667	-63.333	-0.72977	-0.66931	0.06772	0.12158	25.4	null	null	13113	60
2026-05-27T17:20:00.612	WT901BLE68(F3:F0:16:BF:DC:AE)	-0.141	0.984	0.015	40.405	11.536	16.785	88.85	3.72	-16.03	-22.827	32.667	-63.333	-0.72977	-0.66931	0.06772	0.12158	25.4	null	null	13113	60
2026-05-27T17:20:00.706	WT901BLE68(F3:F0:16:BF:DC:AE)	-0.117	1.011	-0.083	32.593	-5.188	13.916	92.22	2.36	-15.87	-22.827	32.667	-63.333	-0.72977	-0.66931	0.06772	0.12158	25.4	null	null	13113	60
2026-05-27T17:20:00.825	WT901BLE68(F3:F0:16:BF:DC:AE)	-0.026	0.985	-0.138	36.011	-20.142	16.785	95.91	1.14	-18.25	-22.827	32.667	-63.333	-0.72977	-0.66931	0.06772	0.12158	25.4	null	null	13113	60
2026-05-27T17:20:00.882	WT901BLE68(F3:F0:16:BF:DC:AE)	0.028	1.003	-0.147	35.400	-30.640	20.203	99.44	-0.28	-21.42	-21.980	25.027	-71.507	-0.72977	-0.66931	0.06772	0.12158	25.4	null	null	13113	60
2026-05-27T17:20:01.007	WT901BLE68(F3:F0:16:BF:DC:AE)	0.076	0.997	-0.227	10.498	-44.800	17.639	100.96	-1.44	-25.75	-21.980	25.027	-71.507	-0.72977	-0.66931	0.06772	0.12158	25.4	null	null	13113	60
2026-05-27T17:20:01.092	WT901BLE68(F3:F0:16:BF:DC:AE)	0.091	0.986	-0.214	7.751	-38.452	14.648	102.37	-2.21	-29.93	-21.980	25.027	-71.507	-0.61340	-0.75018	0.20175	0.14197	25.4	null	null	13113	60
2026-05-27T17:20:01.213	WT901BLE68(F3:F0:16:BF:DC:AE)	0.058	0.962	-0.221	-1.770	-52.551	14.526	102.72	-2.65	-35.10	-21.980	25.027	-71.507	-0.61340	-0.75018	0.20175	0.14197	25.4	null	null	13113	60
2026-05-27T17:20:01.307	WT901BLE68(F3:F0:16:BF:DC:AE)	0.054	0.950	-0.292	1.221	-41.504	8.606	103.02	-2.84	-39.85	-21.980	25.027	-71.507	-0.61340	-0.75018	0.20175	0.14197	25.4	null	null	13113	60
2026-05-27T17:20:01.423	WT901BLE68(F3:F0:16:BF:DC:AE)	0.106	0.953	-0.262	3.479	-44.312	5.615	103.71	-2.57	-44.35	-21.980	25.027	-71.507	-0.61340	-0.75018	0.20175	0.14197	25.4	null	null	13113	60
2026-05-27T17:20:01.485	WT901BLE68(F3:F0:16:BF:DC:AE)	0.092	0.970	-0.239	0.977	-45.105	2.930	103.87	-2.09	-48.47	-21.980	25.027	-71.507	-0.61340	-0.75018	0.20175	0.14197	25.4	null	null	13113	60
2026-05-27T17:20:01.635	WT901BLE68(F3:F0:16:BF:DC:AE)	0.077	0.969	-0.194	4.456	-39.368	-2.625	103.93	-1.29	-51.65	-21.980	25.027	-71.507	-0.61340	-0.75018	0.20175	0.14197	25.4	null	null	13113	60
2026-05-27T17:20:01.694	WT901BLE68(F3:F0:16:BF:DC:AE)	0.093	0.996	-0.194	10.925	-27.527	-9.949	104.65	-0.11	-53.99	-21.980	25.027	-71.507	-0.61340	-0.75018	0.20175	0.14197	25.4	null	null	13113	60
2026-05-27T17:20:01.813	WT901BLE68(F3:F0:16:BF:DC:AE)	0.089	1.012	-0.250	-5.981	-28.259	-5.005	104.84	1.13	-55.69	-48.807	18.227	-68.033	-0.61340	-0.75018	0.20175	0.14197	25.4	null	null	13113	60
2026-05-27T17:20:01.904	WT901BLE68(F3:F0:16:BF:DC:AE)	-0.100	0.962	-0.216	-13.794	-34.058	-7.690	103.53	2.42	-57.83	-48.807	18.227	-68.033	-0.61340	-0.75018	0.20175	0.14197	25.4	null	null	13113	60
2026-05-27T17:20:02.021	WT901BLE68(F3:F0:16:BF:DC:AE)	-0.080	0.997	-0.171	-19.714	-19.836	-9.888	101.89	3.88	-59.80	-48.807	18.227	-68.033	-0.53241	-0.68777	0.36963	0.32672	25.4	null	null	13113	60
2026-05-27T17:20:02.116	WT901BLE68(F3:F0:16:BF:DC:AE)	-0.174	1.027	-0.001	-46.143	-22.461	-0.549	98.88	4.81	-60.57	-48.807	18.227	-68.033	-0.53241	-0.68777	0.36963	0.32672	25.4	null	null	13113	60
2026-05-27T17:20:02.237	WT901BLE68(F3:F0:16:BF:DC:AE)	-0.188	1.048	0.047	-83.801	-57.495	9.277	90.96	4.89	-63.18	-48.807	18.227	-68.033	-0.53241	-0.68777	0.36963	0.32672	25.4	null	null	13113	60
2026-05-27T17:20:02.296	WT901BLE68(F3:F0:16:BF:DC:AE)	-0.111	0.962	-0.155	-29.053	-41.138	18.677	84.87	3.53	-67.21	-48.807	18.227	-68.033	-0.53241	-0.68777	0.36963	0.32672	25.4	null	null	13113	60
2026-05-27T17:20:02.414	WT901BLE68(F3:F0:16:BF:DC:AE)	-0.044	0.864	-0.154	10.071	-23.132	7.813	84.07	2.03	-69.51	-48.807	18.227	-68.033	-0.53241	-0.68777	0.36963	0.32672	25.4	null	null	13113	60
2026-05-27T17:20:02.504	WT901BLE68(F3:F0:16:BF:DC:AE)	-0.146	1.001	0.021	34.302	7.751	11.108	87.41	1.47	-69.41	-48.807	18.227	-68.033	-0.53241	-0.68777	0.36963	0.32672	25.4	null	null	13113	60
2026-05-27T17:20:02.622	WT901BLE68(F3:F0:16:BF:DC:AE)	-0.393	1.186	0.552	-31.311	-29.785	-7.751	88.35	1.39	-68.20	-48.807	18.227	-68.033	-0.53241	-0.68777	0.36963	0.32672	25.4	null	null	13113	60
2026-05-27T17:20:02.713	WT901BLE68(F3:F0:16:BF:DC:AE)	-0.136	0.944	0.065	-52.185	-87.585	-30.762	83.39	3.27	-74.23	-64.320	31.173	-42.233	-0.53241	-0.68777	0.36963	0.32672	25.4	null	null	13113	60
2026-05-27T17:20:02.835	WT901BLE68(F3:F0:16:BF:DC:AE)	0.124	0.868	-0.136	-5.859	-4.822	-26.062	80.08	5.32	-78.07	-64.320	31.173	-42.233	-0.53241	-0.68777	0.36963	0.32672	25.4	null	null	13113	60
2026-05-27T17:20:02.894	WT901BLE68(F3:F0:16:BF:DC:AE)	-0.123	0.938	0.142	56.885	11.230	-20.813	83.48	7.88	-75.19	-64.320	31.173	-42.233	-0.57071	-0.53433	0.36914	0.50238	25.4	null	null	13113	60
2026-05-27T17:20:03.044	WT901BLE68(F3:F0:16:BF:DC:AE)	-0.047	1.040	0.234	40.344	-50.964	20.935	88.68	7.96	-75.93	-64.320	31.173	-42.233	-0.57071	-0.53433	0.36914	0.50238	25.4	null	null	13113	60
2026-05-27T17:20:03.106	WT901BLE68(F3:F0:16:BF:DC:AE)	-0.079	1.191	0.193	22.156	40.588	22.034	90.68	4.72	-76.38	-64.320	31.173	-42.233	-0.57071	-0.53433	0.36914	0.50238	25.4	null	null	13113	60
2026-05-27T17:20:03.224	WT901BLE68(F3:F0:16:BF:DC:AE)	-0.001	0.987	-0.150	37.292	112.183	2.197	92.63	4.28	-69.98	-64.320	31.173	-42.233	-0.57071	-0.53433	0.36914	0.50238	25.4	null	null	13113	60
2026-05-27T17:20:03.314	WT901BLE68(F3:F0:16:BF:DC:AE)	-0.091	0.987	-0.081	29.297	-8.972	5.676	96.04	3.57	-64.51	-64.320	31.173	-42.233	-0.57071	-0.53433	0.36914	0.50238	25.4	null	null	13113	60
2026-05-27T17:20:03.436	WT901BLE68(F3:F0:16:BF:DC:AE)	0.017	0.921	-0.282	34.180	11.597	5.554	99.00	2.69	-63.81	-64.320	31.173	-42.233	-0.57071	-0.53433	0.36914	0.50238	25.4	null	null	13113	60
2026-05-27T17:20:03.526	WT901BLE68(F3:F0:16:BF:DC:AE)	-0.009	0.994	-0.136	14.832	39.429	1.526	102.05	1.83	-60.08	-64.320	31.173	-42.233	-0.57071	-0.53433	0.36914	0.50238	25.4	null	null	13113	60
2026-05-27T17:20:03.646	WT901BLE68(F3:F0:16:BF:DC:AE)	-0.015	0.986	-0.210	3.662	-15.869	10.986	102.93	0.68	-58.00	-60.273	21.980	-55.673	-0.57071	-0.53433	0.36914	0.50238	25.4	null	null	13113	60
2026-05-27T17:20:03.703	WT901BLE68(F3:F0:16:BF:DC:AE)	0.071	0.942	-0.284	7.507	9.399	4.761	103.32	-0.05	-58.54	-60.273	21.980	-55.673	-0.57071	-0.53433	0.36914	0.50238	25.4	null	null	13113	60
2026-05-27T17:20:03.826	WT901BLE68(F3:F0:16:BF:DC:AE)	0.093	0.978	-0.250	3.967	0.244	3.601	104.09	-0.75	-57.14	-60.273	21.980	-55.673	-0.57071	-0.53433	0.36914	0.50238	25.4	null	null	13113	60
2026-05-27T17:20:03.912	WT901BLE68(F3:F0:16:BF:DC:AE)	0.029	0.956	-0.282	2.808	-8.606	-0.793	104.52	-0.85	-57.68	-60.273	21.980	-55.673	-0.54190	-0.69080	0.38187	0.28842	25.4	null	null	13113	60
2026-05-27T17:20:04.035	WT901BLE68(F3:F0:16:BF:DC:AE)	0.030	0.980	-0.238	4.761	2.319	-3.906	104.97	-0.74	-57.24	-60.273	21.980	-55.673	-0.54190	-0.69080	0.38187	0.28842	25.4	null	null	13113	60
2026-05-27T17:20:04.125	WT901BLE68(F3:F0:16:BF:DC:AE)	0.001	0.979	-0.204	2.991	-7.935	-4.150	105.39	-0.31	-57.01	-60.273	21.980	-55.673	-0.54190	-0.69080	0.38187	0.28842	25.4	null	null	13113	60
2026-05-27T17:20:04.247	WT901BLE68(F3:F0:16:BF:DC:AE)	0.033	0.982	-0.244	7.507	-9.705	-4.395	105.86	0.27	-57.50	-60.273	21.980	-55.673	-0.54190	-0.69080	0.38187	0.28842	25.4	null	null	13113	60
2026-05-27T17:20:04.302	WT901BLE68(F3:F0:16:BF:DC:AE)	0.101	0.999	-0.185	2.991	-19.897	-0.671	106.29	0.94	-58.40	-60.273	21.980	-55.673	-0.54190	-0.69080	0.38187	0.28842	25.4	null	null	13113	60
2026-05-27T17:20:04.461	WT901BLE68(F3:F0:16:BF:DC:AE)	-0.089	0.969	-0.306	-5.859	-30.273	-9.521	105.66	1.62	-59.78	-60.273	21.980	-55.673	-0.54190	-0.69080	0.38187	0.28842	25.4	null	null	13113	60
2026-05-27T17:20:04.513	WT901BLE68(F3:F0:16:BF:DC:AE)	-0.084	0.999	-0.108	-36.377	-22.217	-12.024	103.63	2.78	-60.81	-64.833	20.280	-52.840	-0.54190	-0.69080	0.38187	0.28842	25.4	null	null	13113	60
2026-05-27T17:20:04.635	WT901BLE68(F3:F0:16:BF:DC:AE)	-0.152	0.965	-0.182	-37.842	-5.615	-2.625	97.33	3.67	-61.28	-64.833	20.280	-52.840	-0.54190	-0.69080	0.38187	0.28842	25.4	null	null	13113	60
2026-05-27T17:20:04.725	WT901BLE68(F3:F0:16:BF:DC:AE)	-0.030	1.022	-0.128	-13.855	17.212	1.465	95.75	3.90	-61.63	-64.833	20.280	-52.840	-0.55948	-0.64850	0.36319	0.36661	25.4	null	null	13113	60
2026-05-27T17:20:04.845	WT901BLE68(F3:F0:16:BF:DC:AE)	-0.178	0.990	-0.109	-20.386	28.809	0.793	94.22	3.36	-57.85	-64.833	20.280	-52.840	-0.55948	-0.64850	0.36319	0.36661	25.4	null	null	13113	60
2026-05-27T17:20:04.934	WT901BLE68(F3:F0:16:BF:DC:AE)	-0.228	0.975	-0.185	-13.611	-18.311	-6.226	92.67	3.99	-57.15	-64.833	20.280	-52.840	-0.55948	-0.64850	0.36319	0.36661	25.4	null	null	13113	60
2026-05-27T17:20:05.051	WT901BLE68(F3:F0:16:BF:DC:AE)	-0.105	0.983	-0.151	-3.174	9.521	-7.751	92.59	5.01	-58.18	-64.833	20.280	-52.840	-0.55948	-0.64850	0.36319	0.36661	25.4	null	null	13113	60
2026-05-27T17:20:05.111	WT901BLE68(F3:F0:16:BF:DC:AE)	-0.126	1.005	-0.021	-4.089	14.099	-2.075	92.87	5.63	-56.85	-64.833	20.280	-52.840	-0.55948	-0.64850	0.36319	0.36661	25.4	null	null	13113	60
2026-05-27T17:20:05.234	WT901BLE68(F3:F0:16:BF:DC:AE)	-0.016	0.977	-0.019	-4.150	1.770	11.841	92.33	5.18	-56.40	-64.833	20.280	-52.840	-0.55948	-0.64850	0.36319	0.36661	25.4	null	null	13113	60
2026-05-27T17:20:05.322	WT901BLE68(F3:F0:16:BF:DC:AE)	-0.030	0.919	-0.020	-6.287	28.076	14.587	91.38	3.80	-53.62	-64.833	20.280	-52.840	-0.55948	-0.64850	0.36319	0.36661	25.4	null	null	13113	60
2026-05-27T17:20:05.442	WT901BLE68(F3:F0:16:BF:DC:AE)	-0.194	0.989	-0.164	21.851	30.884	15.625	92.50	1.91	-51.23	-62.220	26.907	-49.853	-0.55948	-0.64850	0.36319	0.36661	25.4	null	null	13113	60
2026-05-27T17:20:05.530	WT901BLE68(F3:F0:16:BF:DC:AE)	0.002	0.995	-0.098	30.579	26.123	-1.038	94.89	2.33	-48.74	-62.220	26.907	-49.853	-0.55948	-0.64850	0.36319	0.36661	25.4	null	null	13113	60
2026-05-27T17:20:05.652	WT901BLE68(F3:F0:16:BF:DC:AE)	-0.043	1.024	-0.061	23.743	-6.775	3.357	97.49	1.64	-47.92	-62.220	26.907	-49.853	-0.60349	-0.68701	0.29248	0.27957	25.4	null	null	13113	60
2026-05-27T17:20:05.713	WT901BLE68(F3:F0:16:BF:DC:AE)	-0.042	0.977	-0.126	16.479	22.522	2.930	99.70	1.14	-45.81	-62.220	26.907	-49.853	-0.60349	-0.68701	0.29248	0.27957	25.4	null	null	13113	60
2026-05-27T17:20:05.833	WT901BLE68(F3:F0:16:BF:DC:AE)	0.098	0.972	-0.216	12.512	19.836	6.958	100.91	0.44	-44.81	-62.220	26.907	-49.853	-0.60349	-0.68701	0.29248	0.27957	25.4	null	null	13113	60
2026-05-27T17:20:05.922	WT901BLE68(F3:F0:16:BF:DC:AE)	-0.004	0.971	-0.227	5.493	30.823	3.845	101.52	-0.60	-41.98	-62.220	26.907	-49.853	-0.60349	-0.68701	0.29248	0.27957	25.4	null	null	13113	60
2026-05-27T17:20:06.043	WT901BLE68(F3:F0:16:BF:DC:AE)	0.059	0.981	-0.249	4.822	13.794	3.479	102.10	-1.43	-40.76	-62.220	26.907	-49.853	-0.60349	-0.68701	0.29248	0.27957	25.4	null	null	13113	60
2026-05-27T17:20:06.133	WT901BLE68(F3:F0:16:BF:DC:AE)	0.032	0.987	-0.252	4.761	22.522	-1.282	102.40	-2.11	-38.61	-62.220	26.907	-49.853	-0.60349	-0.68701	0.29248	0.27957	25.4	null	null	13113	60
2026-05-27T17:20:06.255	WT901BLE68(F3:F0:16:BF:DC:AE)	0.021	0.987	-0.222	-1.587	4.517	1.709	102.33	-2.44	-37.57	-62.220	26.907	-49.853	-0.60349	-0.68701	0.29248	0.27957	25.4	null	null	13113	60
2026-05-27T17:20:06.341	WT901BLE68(F3:F0:16:BF:DC:AE)	0.080	0.977	-0.211	0.000	-1.404	0.854	102.17	-2.53	-37.88	-49.207	21.753	-64.533	-0.60349	-0.68701	0.29248	0.27957	25.4	null	null	13113	60
2026-05-27T17:20:06.462	WT901BLE68(F3:F0:16:BF:DC:AE)	0.061	0.985	-0.200	-2.014	5.188	-1.770	102.06	-2.64	-37.48	-49.207	21.753	-64.533	-0.60349	-0.68701	0.29248	0.27957	25.4	null	null	13113	60
2026-05-27T17:20:06.520	WT901BLE68(F3:F0:16:BF:DC:AE)	0.070	0.962	-0.255	-1.465	2.991	-3.052	101.91	-2.63	-37.33	-49.207	21.753	-64.533	-0.60196	-0.73114	0.26273	0.18420	25.4	null	null	13113	60
2026-05-27T17:20:06.645	WT901BLE68(F3:F0:16:BF:DC:AE)	0.042	0.992	-0.193	0.122	11.108	-7.751	102.01	-2.26	-36.45	-49.207	21.753	-64.533	-0.60196	-0.73114	0.26273	0.18420	25.4	null	null	13113	60
2026-05-27T17:20:06.736	WT901BLE68(F3:F0:16:BF:DC:AE)	0.040	0.987	-0.211	-1.709	3.540	-6.409	101.88	-1.75	-35.80	-49.207	21.753	-64.533	-0.60196	-0.73114	0.26273	0.18420	25.4	null	null	13113	60
2026-05-27T17:20:06.855	WT901BLE68(F3:F0:16:BF:DC:AE)	0.037	0.978	-0.214	-3.357	5.188	-8.728	101.52	-1.13	-35.60	-49.207	21.753	-64.533	-0.60196	-0.73114	0.26273	0.18420	25.4	null	null	13113	60
2026-05-27T17:20:06.941	WT901BLE68(F3:F0:16:BF:DC:AE)	0.051	0.989	-0.199	-3.845	-11.414	-9.033	101.20	-0.24	-36.23	-49.207	21.753	-64.533	-0.60196	-0.73114	0.26273	0.18420	25.4	null	null	13113	60
2026-05-27T17:20:07.062	WT901BLE68(F3:F0:16:BF:DC:AE)	0.031	0.996	-0.151	-14.465	-20.325	-7.751	100.18	0.66	-37.98	-49.207	21.753	-64.533	-0.60196	-0.73114	0.26273	0.18420	25.4	null	null	13113	60
2026-05-27T17:20:07.121	WT901BLE68(F3:F0:16:BF:DC:AE)	-0.057	0.993	-0.137	-20.447	-29.114	-5.859	98.30	1.56	-40.62	-49.207	21.753	-64.533	-0.60196	-0.73114	0.26273	0.18420	25.4	null	null	13113	60
2026-05-27T17:20:07.242	WT901BLE68(F3:F0:16:BF:DC:AE)	-0.077	0.992	-0.155	-20.447	-24.963	-3.906	96.21	2.39	-43.60	-54.460	23.380	-60.693	-0.60196	-0.73114	0.26273	0.18420	25.4	null	null	13113	60
2026-05-27T17:20:07.334	WT901BLE68(F3:F0:16:BF:DC:AE)	-0.132	1.010	-0.049	-20.996	-29.114	-2.991	94.23	2.99	-46.30	-54.460	23.380	-60.693	-0.60196	-0.73114	0.26273	0.18420	25.4	null	null	13113	60
2026-05-27T17:20:07.450	WT901BLE68(F3:F0:16:BF:DC:AE)	-0.131	1.015	0.052	-26.123	-50.354	-2.441	91.73	3.67	-49.73	-54.460	23.380	-60.693	-0.61981	-0.67154	0.27588	0.29770	25.4	null	null	13113	60
2026-05-27T17:20:07.542	WT901BLE68(F3:F0:16:BF:DC:AE)	-0.225	0.977	0.038	-20.569	-42.603	-5.737	89.26	3.80	-53.65	-54.460	23.380	-60.693	-0.61981	-0.67154	0.27588	0.29770	25.4	null	null	13113	60
2026-05-27T17:20:07.662	WT901BLE68(F3:F0:16:BF:DC:AE)	0.016	0.965	0.030	-10.864	-26.672	-1.831	87.18	4.44	-58.35	-54.460	23.380	-60.693	-0.61981	-0.67154	0.27588	0.29770	25.4	null	null	13113	60
2026-05-27T17:20:07.755	WT901BLE68(F3:F0:16:BF:DC:AE)	-0.165	1.008	0.043	10.986	23.071	-9.460	87.58	4.42	-58.32	-54.460	23.380	-60.693	-0.61981	-0.67154	0.27588	0.29770	25.4	null	null	13113	60
2026-05-27T17:20:07.872	WT901BLE68(F3:F0:16:BF:DC:AE)	-0.041	0.995	0.135	4.761	19.592	-3.601	88.30	5.54	-56.02	-54.460	23.380	-60.693	-0.61981	-0.67154	0.27588	0.29770	25.4	null	null	13113	60
2026-05-27T17:20:07.933	WT901BLE68(F3:F0:16:BF:DC:AE)	-0.123	0.986	-0.016	16.724	-16.052	4.761	89.20	5.61	-54.60	-54.460	23.380	-60.693	-0.61981	-0.67154	0.27588	0.29770	25.4	null	null	13113	60
2026-05-27T17:20:08.050	WT901BLE68(F3:F0:16:BF:DC:AE)	-0.178	0.990	0.061	14.282	22.522	-1.587	90.61	5.07	-54.47	-54.460	23.380	-60.693	-0.61981	-0.67154	0.27588	0.29770	25.4	null	null	13113	60
2026-05-27T17:20:08.140	WT901BLE68(F3:F0:16:BF:DC:AE)	-0.112	1.002	-0.024	19.897	6.348	10.559	92.44	4.86	-52.91	-64.060	25.800	-48.747	-0.61981	-0.67154	0.27588	0.29770	25.4	null	null	13113	60
2026-05-27T17:20:08.264	WT901BLE68(F3:F0:16:BF:DC:AE)	-0.024	1.008	-0.037	20.447	18.860	4.944	94.12	4.25	-52.33	-64.060	25.800	-48.747	-0.61981	-0.67154	0.27588	0.29770	25.4	null	null	13113	60
2026-05-27T17:20:08.353	WT901BLE68(F3:F0:16:BF:DC:AE)	-0.089	0.995	-0.091	16.479	7.690	6.409	95.81	3.41	-50.26	-64.060	25.800	-48.747	-0.59811	-0.67404	0.29794	0.31470	25.4	null	null	13113	60
2026-05-27T17:20:08.471	WT901BLE68(F3:F0:16:BF:DC:AE)	-0.041	1.001	-0.116	14.404	12.024	8.423	97.43	2.59	-49.13	-64.060	25.800	-48.747	-0.59811	-0.67404	0.29794	0.31470	25.4	null	null	13113	60
2026-05-27T17:20:08.530	WT901BLE68(F3:F0:16:BF:DC:AE)	0.010	0.983	-0.183	10.681	8.362	6.531	98.46	1.72	-48.22	-64.060	25.800	-48.747	-0.59811	-0.67404	0.29794	0.31470	25.4	null	null	13113	60
2026-05-27T17:20:08.653	WT901BLE68(F3:F0:16:BF:DC:AE)	-0.017	0.985	-0.179	5.676	3.967	2.258	99.55	1.03	-47.13	-64.060	25.800	-48.747	-0.59811	-0.67404	0.29794	0.31470	25.4	null	null	13113	60
2026-05-27T17:20:08.756	WT901BLE68(F3:F0:16:BF:DC:AE)	0.043	0.975	-0.218	4.883	-5.493	3.174	100.29	0.65	-47.21	-64.060	25.800	-48.747	-0.59811	-0.67404	0.29794	0.31470	25.4	null	null	13113	60
2026-05-27T17:20:08.864	WT901BLE68(F3:F0:16:BF:DC:AE)	0.036	0.984	-0.188	1.587	3.357	0.366	100.65	0.31	-46.89	-64.060	25.800	-48.747	-0.59811	-0.67404	0.29794	0.31470	25.4	null	null	13113	60
2026-05-27T17:20:08.953	WT901BLE68(F3:F0:16:BF:DC:AE)	0.017	0.990	-0.190	1.343	2.136	-1.709	100.94	0.16	-46.59	-64.060	25.800	-48.747	-0.59811	-0.67404	0.29794	0.31470	25.4	null	null	13113	60
2026-05-27T17:20:09.070	WT901BLE68(F3:F0:16:BF:DC:AE)	0.009	0.974	-0.229	1.953	5.249	-3.540	101.17	0.24	-46.24	-55.767	22.020	-59.540	-0.59811	-0.67404	0.29794	0.31470	25.4	null	null	13113	60
2026-05-27T17:20:09.165	WT901BLE68(F3:F0:16:BF:DC:AE)	0.017	0.984	-0.188	-1.221	0.305	-4.883	101.35	0.52	-45.76	-55.767	22.020	-59.540	-0.59811	-0.67404	0.29794	0.31470	25.4	null	null	13113	60
2026-05-27T17:20:09.282	WT901BLE68(F3:F0:16:BF:DC:AE)	0.019	0.980	-0.208	-4.578	-8.240	-4.456	101.10	0.99	-46.13	-55.767	22.020	-59.540	-0.58206	-0.71356	0.29715	0.25223	25.4	null	null	13113	60
2026-05-27T17:20:09.340	WT901BLE68(F3:F0:16:BF:DC:AE)	0.007	0.976	-0.215	-6.287	-9.155	-6.042	100.60	1.59	-46.84	-55.767	22.020	-59.540	-0.58206	-0.71356	0.29715	0.25223	25.4	null	null	13113	60
2026-05-27T17:20:09.461	WT901BLE68(F3:F0:16:BF:DC:AE)	-0.005	0.980	-0.169	-8.789	-5.615	-8.850	99.93	2.33	-47.42	-55.767	22.020	-59.540	-0.58206	-0.71356	0.29715	0.25223	25.4	null	null	13113	60
2026-05-27T17:20:09.552	WT901BLE68(F3:F0:16:BF:DC:AE)	-0.063	1.013	-0.108	-15.808	1.526	-10.498	98.88	3.23	-47.57	-55.767	22.020	-59.540	-0.58206	-0.71356	0.29715	0.25223	25.4	null	null	13113	60
2026-05-27T17:20:09.676	WT901BLE68(F3:F0:16:BF:DC:AE)	-0.108	1.003	-0.123	-15.442	-12.756	-9.460	97.16	4.24	-47.99	-55.767	22.020	-59.540	-0.58206	-0.71356	0.29715	0.25223	25.4	null	null	13113	60
2026-05-27T17:20:09.761	WT901BLE68(F3:F0:16:BF:DC:AE)	-0.117	0.992	-0.067	-11.169	-5.066	-9.338	95.85	5.25	-48.60	-55.767	22.020	-59.540	-0.58206	-0.71356	0.29715	0.25223	25.4	null	null	13113	60
2026-05-27T17:20:09.883	WT901BLE68(F3:F0:16:BF:DC:AE)	-0.161	0.981	-0.059	-8.301	-3.174	-6.287	94.92	6.10	-48.65	-55.767	22.020	-59.540	-0.58206	-0.71356	0.29715	0.25223	25.4	null	null	13113	60
2026-05-27T17:20:09.942	WT901BLE68(F3:F0:16:BF:DC:AE)	-0.152	0.969	-0.078	-6.409	-8.789	-2.258	94.06	6.65	-49.16	-63.513	23.160	-53.693	-0.58206	-0.71356	0.29715	0.25223	25.4	null	null	13113	60
2026-05-27T17:20:10.060	WT901BLE68(F3:F0:16:BF:DC:AE)	-0.141	0.965	-0.075	-2.991	-7.996	0.610	93.53	6.86	-49.87	-63.513	23.160	-53.693	-0.58206	-0.71356	0.29715	0.25223	25.4	null	null	13113	60
2026-05-27T17:20:10.150	WT901BLE68(F3:F0:16:BF:DC:AE)	-0.155	0.986	-0.047	1.709	-1.770	1.648	93.48	6.90	-50.28	-63.513	23.160	-53.693	-0.60114	-0.67563	0.27072	0.32977	25.4	null	null	13113	60
2026-05-27T17:20:10.271	WT901BLE68(F3:F0:16:BF:DC:AE)	-0.139	0.985	-0.038	3.967	-3.479	3.296	93.74	6.78	-50.72	-63.513	23.160	-53.693	-0.60114	-0.67563	0.27072	0.32977	25.4	null	null	13113	60
2026-05-27T17:20:10.367	WT901BLE68(F3:F0:16:BF:DC:AE)	-0.136	0.988	-0.073	7.690	3.174	5.920	94.21	6.42	-50.74	-63.513	23.160	-53.693	-0.60114	-0.67563	0.27072	0.32977	25.4	null	null	13113	60
2026-05-27T17:20:10.482	WT901BLE68(F3:F0:16:BF:DC:AE)	-0.127	0.995	-0.062	12.451	11.536	7.813	95.30	5.75	-49.94	-63.513	23.160	-53.693	-0.60114	-0.67563	0.27072	0.32977	25.4	null	null	13113	60
2026-05-27T17:20:10.572	WT901BLE68(F3:F0:16:BF:DC:AE)	-0.095	1.003	-0.040	11.475	12.329	9.277	96.59	4.94	-48.80	-63.513	23.160	-53.693	-0.60114	-0.67563	0.27072	0.32977	25.4	null	null	13113	60
2026-05-27T17:20:10.690	WT901BLE68(F3:F0:16:BF:DC:AE)	-0.080	0.966	-0.153	17.639	12.817	8.911	97.87	3.99	-47.72	-63.513	23.160	-53.693	-0.60114	-0.67563	0.27072	0.32977	25.4	null	null	13113	60
2026-05-27T17:20:10.753	WT901BLE68(F3:F0:16:BF:DC:AE)	-0.056	0.977	-0.166	17.944	9.277	5.920	99.60	3.20	-46.74	-63.513	23.160	-53.693	-0.60114	-0.67563	0.27072	0.32977	25.4	null	null	13113	60
2026-05-27T17:20:10.872	WT901BLE68(F3:F0:16:BF:DC:AE)	-0.014	0.981	-0.176	9.827	6.653	6.409	101.05	2.49	-45.89	-58.307	22.440	-58.193	-0.60114	-0.67563	0.27072	0.32977	25.4	null	null	13113	60
2026-05-27T17:20:10.962	WT901BLE68(F3:F0:16:BF:DC:AE)	0.008	0.968	-0.227	6.653	6.714	7.874	101.78	1.51	-44.85	-58.307	22.440	-58.193	-0.60114	-0.67563	0.27072	0.32977	25.4	null	null	13113	60
2026-05-27T17:20:11.082	WT901BLE68(F3:F0:16:BF:DC:AE)	0.021	0.989	-0.224	3.601	0.183	6.653	102.33	0.63	-44.39	-58.307	22.440	-58.193	-0.57925	-0.72192	0.28912	0.24411	25.4	null	null	13113	60
2026-05-27T17:20:11.170	WT901BLE68(F3:F0:16:BF:DC:AE)	0.023	0.981	-0.220	0.244	-6.531	5.127	102.68	0.01	-44.79	-58.307	22.440	-58.193	-0.57925	-0.72192	0.28912	0.24411	25.4	null	null	13113	60
2026-05-27T17:20:11.293	WT901BLE68(F3:F0:16:BF:DC:AE)	0.042	0.979	-0.234	0.000	-6.836	4.578	102.83	-0.41	-45.54	-58.307	22.440	-58.193	-0.57925	-0.72192	0.28912	0.24411	25.4	null	null	13113	60
2026-05-27T17:20:11.350	WT901BLE68(F3:F0:16:BF:DC:AE)	0.048	0.974	-0.245	-0.305	-4.028	2.991	102.79	-0.66	-46.17	-58.307	22.440	-58.193	-0.57925	-0.72192	0.28912	0.24411	25.4	null	null	13113	60
2026-05-27T17:20:11.474	WT901BLE68(F3:F0:16:BF:DC:AE)	0.049	0.976	-0.240	-1.770	-4.883	0.305	102.68	-0.76	-46.57	-58.307	22.440	-58.193	-0.57925	-0.72192	0.28912	0.24411	25.4	null	null	13113	60
2026-05-27T17:20:11.561	WT901BLE68(F3:F0:16:BF:DC:AE)	0.046	0.972	-0.227	-3.540	0.549	-2.869	102.49	-0.67	-46.60	-58.307	22.440	-58.193	-0.57925	-0.72192	0.28912	0.24411	25.4	null	null	13113	60
2026-05-27T17:20:11.683	WT901BLE68(F3:F0:16:BF:DC:AE)	0.042	0.982	-0.217	-3.784	2.258	-5.676	102.24	-0.35	-46.30	-58.307	22.440	-58.193	-0.57925	-0.72192	0.28912	0.24411	25.4	null	null	13113	60
2026-05-27T17:20:11.770	WT901BLE68(F3:F0:16:BF:DC:AE)	0.025	0.975	-0.229	-3.723	1.099	-8.484	101.92	0.23	-46.05	-54.993	21.347	-60.027	-0.57925	-0.72192	0.28912	0.24411	25.4	null	null	13113	60
2026-05-27T17:20:11.890	WT901BLE68(F3:F0:16:BF:DC:AE)	-0.005	0.981	-0.198	-6.714	-2.869	-9.949	101.46	0.99	-45.82	-54.993	21.347	-60.027	-0.57925	-0.72192	0.28912	0.24411	25.4	null	null	13113	60
2026-05-27T17:20:11.983	WT901BLE68(F3:F0:16:BF:DC:AE)	-0.026	0.984	-0.185	-7.935	-7.324	-9.644	100.76	1.92	-46.26	-54.993	21.347	-60.027	-0.58093	-0.71396	0.29413	0.25714	25.4	null	null	13113	60
2026-05-27T17:20:12.105	WT901BLE68(F3:F0:16:BF:DC:AE)	-0.056	1.000	-0.133	-13.062	-10.071	-8.118	99.57	2.81	-46.81	-54.993	21.347	-60.027	-0.58093	-0.71396	0.29413	0.25714	25.4	null	null	13113	60
2026-05-27T17:20:12.160	WT901BLE68(F3:F0:16:BF:DC:AE)	-0.100	0.999	-0.125	-15.503	-12.024	-6.836	97.98	3.69	-47.87	-54.993	21.347	-60.027	-0.58093	-0.71396	0.29413	0.25714	25.4	null	null	13113	60
2026-05-27T17:20:12.283	WT901BLE68(F3:F0:16:BF:DC:AE)	-0.116	0.983	-0.132	-12.573	-7.202	-7.324	96.53	4.57	-48.76	-54.993	21.347	-60.027	-0.58093	-0.71396	0.29413	0.25714	25.4	null	null	13113	60
2026-05-27T17:20:12.371	WT901BLE68(F3:F0:16:BF:DC:AE)	-0.137	0.984	-0.113	-5.310	-3.357	-7.263	95.72	5.44	-49.27	-54.993	21.347	-60.027	-0.58093	-0.71396	0.29413	0.25714	25.4	null	null	13113	60
2026-05-27T17:20:12.494	WT901BLE68(F3:F0:16:BF:DC:AE)	-0.133	0.988	-0.063	-4.272	1.038	-5.127	95.34	6.09	-49.25	-54.993	21.347	-60.027	-0.58093	-0.71396	0.29413	0.25714	25.4	null	null	13113	60
2026-05-27T17:20:12.580	WT901BLE68(F3:F0:16:BF:DC:AE)	-0.145	0.975	-0.068	-3.845	-0.732	-2.625	94.94	6.51	-49.21	-54.993	21.347	-60.027	-0.58093	-0.71396	0.29413	0.25714	25.4	null	null	13113	60
2026-05-27T17:20:12.701	WT901BLE68(F3:F0:16:BF:DC:AE)	-0.162	0.983	-0.093	-0.305	0.244	-0.488	94.66	6.70	-49.21	-64.167	22.713	-52.800	-0.58093	-0.71396	0.29413	0.25714	25.4	null	null	13113	60
2026-05-27T17:20:12.762	WT901BLE68(F3:F0:16:BF:DC:AE)	-0.144	0.980	-0.096	5.798	-2.808	3.052	94.92	6.69	-49.33	-64.167	22.713	-52.800	-0.58093	-0.71396	0.29413	0.25714	25.4	null	null	13113	60
2026-05-27T17:20:12.882	WT901BLE68(F3:F0:16:BF:DC:AE)	-0.142	0.989	-0.083	8.850	1.343	4.639	95.65	6.45	-49.48	-64.167	22.713	-52.800	-0.59381	-0.68573	0.27286	0.32031	25.4	null	null	13113	60
2026-05-27T17:20:12.973	WT901BLE68(F3:F0:16:BF:DC:AE)	-0.127	0.994	-0.073	9.460	0.854	7.263	96.48	6.00	-49.36	-64.167	22.713	-52.800	-0.59381	-0.68573	0.27286	0.32031	25.4	null	null	13113	60
2026-05-27T17:20:13.091	WT901BLE68(F3:F0:16:BF:DC:AE)	-0.100	0.989	-0.113	9.033	0.610	9.766	97.27	5.22	-49.46	-64.167	22.713	-52.800	-0.59381	-0.68573	0.27286	0.32031	25.4	null	null	13113	60
2026-05-27T17:20:13.184	WT901BLE68(F3:F0:16:BF:DC:AE)	-0.093	1.003	-0.102	10.193	4.211	11.230	98.12	4.21	-49.17	-64.167	22.713	-52.800	-0.59381	-0.68573	0.27286	0.32031	25.4	null	null	13113	60
2026-05-27T17:20:13.300	WT901BLE68(F3:F0:16:BF:DC:AE)	-0.060	0.996	-0.160	9.644	1.709	12.939	98.69	3.04	-48.82	-64.167	22.713	-52.800	-0.59381	-0.68573	0.27286	0.32031	25.4	null	null	13113	60
2026-05-27T17:20:13.393	WT901BLE68(F3:F0:16:BF:DC:AE)	-0.041	1.001	-0.137	5.737	23.071	8.362	99.64	1.86	-47.91	-64.167	22.713	-52.800	-0.59381	-0.68573	0.27286	0.32031	25.4	null	null	13113	60
2026-05-27T17:20:13.512	WT901BLE68(F3:F0:16:BF:DC:AE)	0.008	0.976	-0.215	8.118	7.813	10.803	100.31	0.75	-46.15	-64.167	22.713	-52.800	-0.59381	-0.68573	0.27286	0.32031	25.4	null	null	13113	60
2026-05-27T17:20:13.570	WT901BLE68(F3:F0:16:BF:DC:AE)	0.018	0.970	-0.258	8.545	14.893	4.395	101.20	-0.14	-45.71	-55.633	23.460	-58.953	-0.59381	-0.68573	0.27286	0.32031	25.4	null	null	13113	60
2026-05-27T17:20:13.694	WT901BLE68(F3:F0:16:BF:DC:AE)	0.063	0.961	-0.260	12.878	18.372	1.099	102.54	-0.69	-45.14	-55.633	23.460	-58.953	-0.59381	-0.68573	0.27286	0.32031	25.4	null	null	13113	60
2026-05-27T17:20:13.782	WT901BLE68(F3:F0:16:BF:DC:AE)	0.037	0.987	-0.211	-2.258	1.221	3.601	103.28	-1.25	-43.80	-55.633	23.460	-58.953	-0.57849	-0.72250	0.30069	0.22980	25.4	null	null	13113	60
2026-05-27T17:20:13.904	WT901BLE68(F3:F0:16:BF:DC:AE)	0.136	0.964	-0.240	-2.563	8.850	-0.244	102.91	-1.80	-43.84	-55.633	23.460	-58.953	-0.57849	-0.72250	0.30069	0.22980	25.4	null	null	13113	60
2026-05-27T17:20:13.990	WT901BLE68(F3:F0:16:BF:DC:AE)	0.054	0.982	-0.227	-0.916	11.841	-6.775	102.68	-1.93	-42.22	-55.633	23.460	-58.953	-0.57849	-0.72250	0.30069	0.22980	25.4	null	null	13113	60
2026-05-27T17:20:14.114	WT901BLE68(F3:F0:16:BF:DC:AE)	0.041	0.988	-0.186	-5.310	2.625	-4.089	102.43	-1.70	-41.43	-55.633	23.460	-58.953	-0.57849	-0.72250	0.30069	0.22980	25.4	null	null	13113	60
2026-05-27T17:20:14.172	WT901BLE68(F3:F0:16:BF:DC:AE)	0.063	0.995	-0.208	-5.737	11.292	-6.592	101.83	-1.40	-40.83	-55.633	23.460	-58.953	-0.57849	-0.72250	0.30069	0.22980	25.4	null	null	13113	60
2026-05-27T17:20:14.294	WT901BLE68(F3:F0:16:BF:DC:AE)	0.030	0.978	-0.209	-8.484	-7.629	-5.127	101.05	-1.03	-40.72	-55.633	23.460	-58.953	-0.57849	-0.72250	0.30069	0.22980	25.4	null	null	13113	60
2026-05-27T17:20:14.384	WT901BLE68(F3:F0:16:BF:DC:AE)	0.021	0.975	-0.227	-13.611	-11.292	-9.705	100.07	-0.25	-41.92	-55.633	23.460	-58.953	-0.57849	-0.72250	0.30069	0.22980	25.4	null	null	13113	60
2026-05-27T17:20:14.504	WT901BLE68(F3:F0:16:BF:DC:AE)	0.007	0.963	-0.240	-13.306	0.061	-13.794	99.00	0.79	-42.19	-53.220	23.167	-60.513	-0.57849	-0.72250	0.30069	0.22980	25.4	null	null	13113	60
2026-05-27T17:20:14.592	WT901BLE68(F3:F0:16:BF:DC:AE)	-0.077	0.962	-0.152	-19.165	-13.611	-14.526	97.55	2.18	-42.74	-53.220	23.167	-60.513	-0.57849	-0.72250	0.30069	0.22980	25.4	null	null	13113	60
2026-05-27T17:20:14.714	WT901BLE68(F3:F0:16:BF:DC:AE)	-0.079	0.992	-0.128	-28.137	-20.142	-10.132	95.41	3.58	-44.74	-53.220	23.167	-60.513	-0.60931	-0.70184	0.26169	0.25998	25.4	null	null	13113	60
2026-05-27T17:20:14.805	WT901BLE68(F3:F0:16:BF:DC:AE)	-0.174	1.111	0.077	-62.866	-4.517	-0.305	91.45	4.26	-46.11	-53.220	23.167	-60.513	-0.60931	-0.70184	0.26169	0.25998	25.4	null	null	13113	60
2026-05-27T17:20:14.924	WT901BLE68(F3:F0:16:BF:DC:AE)	-0.209	1.140	0.151	-22.644	-39.001	4.578	86.12	3.38	-47.98	-53.220	23.167	-60.513	-0.60931	-0.70184	0.26169	0.25998	25.4	null	null	13113	60
2026-05-27T17:20:14.984	WT901BLE68(F3:F0:16:BF:DC:AE)	-0.145	0.944	0.178	-17.944	-19.897	-10.376	84.40	3.76	-49.91	-53.220	23.167	-60.513	-0.60931	-0.70184	0.26169	0.25998	25.4	null	null	13113	60
2026-05-27T17:20:15.105	WT901BLE68(F3:F0:16:BF:DC:AE)	-0.165	0.905	0.046	-17.151	22.278	-10.254	83.40	4.53	-49.71	-53.220	23.167	-60.513	-0.60931	-0.70184	0.26169	0.25998	25.4	null	null	13113	60
2026-05-27T17:20:15.195	WT901BLE68(F3:F0:16:BF:DC:AE)	-0.159	0.937	0.086	8.728	4.333	-8.362	82.72	5.73	-49.30	-53.220	23.167	-60.513	-0.60931	-0.70184	0.26169	0.25998	25.4	null	null	13113	60
2026-05-27T17:20:15.313	WT901BLE68(F3:F0:16:BF:DC:AE)	-0.213	0.982	0.136	25.146	-9.399	-11.658	84.76	6.88	-49.67	-53.220	23.167	-60.513	-0.60931	-0.70184	0.26169	0.25998	25.4	null	null	13113	60
2026-05-27T17:20:15.405	WT901BLE68(F3:F0:16:BF:DC:AE)	-0.085	1.000	0.134	14.282	-25.085	-0.671	86.98	7.60	-51.19	-62.527	26.527	-46.700	-0.60931	-0.70184	0.26169	0.25998	25.4	null	null	13113	60
2026-05-27T17:20:15.523	WT901BLE68(F3:F0:16:BF:DC:AE)	-0.112	0.953	-0.033	7.813	-27.893	8.423	87.78	7.22	-52.82	-62.527	26.527	-46.700	-0.60931	-0.70184	0.26169	0.25998	25.4	null	null	13113	60
2026-05-27T17:20:15.582	WT901BLE68(F3:F0:16:BF:DC:AE)	-0.174	0.983	0.160	3.052	-24.048	17.029	89.11	5.60	-55.48	-62.527	26.527	-46.700	-0.61633	-0.63919	0.28500	0.36084	25.4	null	null	13113	60
2026-05-27T17:20:15.705	WT901BLE68(F3:F0:16:BF:DC:AE)	-0.037	0.988	-0.006	35.339	-35.706	3.723	91.56	5.45	-59.66	-62.527	26.527	-46.700	-0.61633	-0.63919	0.28500	0.36084	25.4	null	null	13113	60
2026-05-27T17:20:15.796	WT901BLE68(F3:F0:16:BF:DC:AE)	-0.266	0.981	0.002	22.339	57.373	9.338	95.05	3.84	-58.10	-62.527	26.527	-46.700	-0.61633	-0.63919	0.28500	0.36084	25.4	null	null	13113	60
2026-05-27T17:20:15.913	WT901BLE68(F3:F0:16:BF:DC:AE)	0.051	1.048	-0.081	46.570	19.409	10.010	98.93	2.73	-55.92	-62.527	26.527	-46.700	-0.61633	-0.63919	0.28500	0.36084	25.4	null	null	13113	60
2026-05-27T17:20:16.006	WT901BLE68(F3:F0:16:BF:DC:AE)	0.110	1.005	-0.180	9.460	25.513	7.324	101.01	1.33	-53.18	-62.527	26.527	-46.700	-0.61633	-0.63919	0.28500	0.36084	25.4	null	null	13113	60
2026-05-27T17:20:16.124	WT901BLE68(F3:F0:16:BF:DC:AE)	0.088	0.985	-0.245	7.690	27.893	0.732	101.60	0.10	-50.27	-62.527	26.527	-46.700	-0.61633	-0.63919	0.28500	0.36084	25.4	null	null	13113	60
2026-05-27T17:20:16.212	WT901BLE68(F3:F0:16:BF:DC:AE)	0.063	0.992	-0.205	5.859	41.260	-4.700	102.21	-0.64	-46.46	-62.527	26.527	-46.700	-0.61633	-0.63919	0.28500	0.36084	25.4	null	null	13113	60
2026-05-27T17:20:16.336	WT901BLE68(F3:F0:16:BF:DC:AE)	0.023	0.989	-0.202	2.747	30.029	-4.089	102.56	-1.07	-42.79	-52.933	19.680	-59.953	-0.61633	-0.63919	0.28500	0.36084	25.4	null	null	13113	60
2026-05-27T17:20:16.393	WT901BLE68(F3:F0:16:BF:DC:AE)	0.065	0.975	-0.236	0.000	12.390	-2.441	102.55	-1.21	-41.05	-52.933	19.680	-59.953	-0.61633	-0.63919	0.28500	0.36084	25.4	null	null	13113	60
2026-05-27T17:20:16.515	WT901BLE68(F3:F0:16:BF:DC:AE)	0.036	0.973	-0.247	0.427	17.334	-5.432	102.63	-1.19	-39.77	-52.933	19.680	-59.953	-0.58929	-0.72980	0.27661	0.20862	25.4	null	null	13113	60
2026-05-27T17:20:16.605	WT901BLE68(F3:F0:16:BF:DC:AE)	0.035	0.987	-0.228	-6.592	5.676	-6.165	102.44	-0.94	-38.59	-52.933	19.680	-59.953	-0.58929	-0.72980	0.27661	0.20862	25.4	null	null	13113	60
2026-05-27T17:20:16.724	WT901BLE68(F3:F0:16:BF:DC:AE)	0.085	0.991	-0.237	-13.733	6.531	-9.766	101.71	-0.41	-38.39	-52.933	19.680	-59.953	-0.58929	-0.72980	0.27661	0.20862	25.4	null	null	13113	60
2026-05-27T17:20:16.815	WT901BLE68(F3:F0:16:BF:DC:AE)	0.003	0.959	-0.265	-3.662	8.423	-15.259	100.91	0.49	-37.60	-52.933	19.680	-59.953	-0.58929	-0.72980	0.27661	0.20862	25.4	null	null	13113	60
2026-05-27T17:20:16.937	WT901BLE68(F3:F0:16:BF:DC:AE)	-0.034	0.974	-0.207	-2.563	-2.380	-18.188	100.74	1.99	-37.44	-52.933	19.680	-59.953	-0.58929	-0.72980	0.27661	0.20862	25.4	null	null	13113	60
2026-05-27T17:20:16.993	WT901BLE68(F3:F0:16:BF:DC:AE)	-0.014	0.986	-0.171	-4.578	-1.160	-20.996	100.57	3.77	-37.64	-52.933	19.680	-59.953	-0.58929	-0.72980	0.27661	0.20862	25.4	null	null	13113	60
2026-05-27T17:20:17.111	WT901BLE68(F3:F0:16:BF:DC:AE)	-0.185	1.001	-0.126	-19.226	-9.766	-15.930	99.23	5.55	-38.13	-52.933	19.680	-59.953	-0.58929	-0.72980	0.27661	0.20862	25.4	null	null	13113	60
2026-05-27T17:20:17.200	WT901BLE68(F3:F0:16:BF:DC:AE)	-0.197	1.039	-0.051	-51.086	-26.306	-7.446	95.22	6.88	-40.13	-56.447	18.820	-61.753	-0.58929	-0.72980	0.27661	0.20862	25.4	null	null	13113	60
2026-05-27T17:20:17.325	WT901BLE68(F3:F0:16:BF:DC:AE)	-0.261	1.014	-0.035	-55.664	-29.419	0.244	89.53	7.36	-43.19	-56.447	18.820	-61.753	-0.58929	-0.72980	0.27661	0.20862	25.4	null	null	13113	60
2026-05-27T17:20:17.414	WT901BLE68(F3:F0:16:BF:DC:AE)	-0.198	0.934	-0.033	-20.569	-49.988	13.123	86.20	6.53	-47.58	-56.447	18.820	-61.753	-0.64838	-0.65662	0.22189	0.31485	25.4	null	null	13113	60
2026-05-27T17:20:17.532	WT901BLE68(F3:F0:16:BF:DC:AE)	-0.193	0.916	-0.029	8.606	-59.998	17.639	85.52	4.65	-53.05	-56.447	18.820	-61.753	-0.64838	-0.65662	0.22189	0.31485	25.4	null	null	13113	60
2026-05-27T17:20:17.625	WT901BLE68(F3:F0:16:BF:DC:AE)	-0.063	1.063	0.165	16.785	-40.344	12.817	87.13	3.14	-57.93	-56.447	18.820	-61.753	-0.64838	-0.65662	0.22189	0.31485	25.4	null	null	13113	60
2026-05-27T17:20:17.742	WT901BLE68(F3:F0:16:BF:DC:AE)	-0.171	1.029	0.146	0.977	-35.278	-13.794	86.48	4.19	-58.66	-56.447	18.820	-61.753	-0.64838	-0.65662	0.22189	0.31485	25.4	null	null	13113	60
2026-05-27T17:20:17.802	WT901BLE68(F3:F0:16:BF:DC:AE)	0.028	0.914	0.166	-61.340	-16.174	-9.521	82.83	5.71	-60.29	-56.447	18.820	-61.753	-0.64838	-0.65662	0.22189	0.31485	25.4	null	null	13113	60
2026-05-27T17:20:17.926	WT901BLE68(F3:F0:16:BF:DC:AE)	-0.045	0.686	0.141	-93.018	-17.578	-14.771	76.81	6.86	-61.09	-56.447	18.820	-61.753	-0.64838	-0.65662	0.22189	0.31485	25.4	null	null	13113	60
2026-05-27T17:20:18.015	WT901BLE68(F3:F0:16:BF:DC:AE)	-0.110	0.906	0.105	38.147	-25.085	-7.996	79.51	7.12	-63.75	-56.447	18.820	-61.753	-0.64838	-0.65662	0.22189	0.31485	25.4	null	null	13113	60
2026-05-27T17:20:18.133	WT901BLE68(F3:F0:16:BF:DC:AE)	-0.063	0.954	0.173	99.854	4.089	5.920	86.23	7.14	-63.74	-67.453	24.867	-36.167	-0.64838	-0.65662	0.22189	0.31485	25.4	null	null	13113	60
2026-05-27T17:20:18.225	WT901BLE68(F3:F0:16:BF:DC:AE)	-0.497	1.179	0.248	49.255	0.000	-6.958	93.53	6.60	-62.64	-67.453	24.867	-36.167	-0.64838	-0.65662	0.22189	0.31485	25.4	null	null	13113	60
2026-05-27T17:20:18.345	WT901BLE68(F3:F0:16:BF:DC:AE)	-0.138	1.017	-0.080	11.169	16.663	16.541	95.81	5.43	-62.16	-67.453	24.867	-36.167	-0.55539	-0.64343	0.35004	0.39359	25.4	null	null	13113	60
2026-05-27T17:20:18.403	WT901BLE68(F3:F0:16:BF:DC:AE)	-0.087	0.983	-0.217	24.597	49.866	11.963	97.21	3.81	-58.57	-67.453	24.867	-36.167	-0.55539	-0.64343	0.35004	0.39359	25.4	null	null	13113	60
2026-05-27T17:20:18.525	WT901BLE68(F3:F0:16:BF:DC:AE)	0.022	0.938	-0.284	20.874	12.024	9.766	99.76	2.35	-55.17	-67.453	24.867	-36.167	-0.55539	-0.64343	0.35004	0.39359	25.4	null	null	13113	60
2026-05-27T17:20:18.617	WT901BLE68(F3:F0:16:BF:DC:AE)	0.052	0.979	-0.230	15.198	29.236	6.287	102.00	1.27	-53.10	-67.453	24.867	-36.167	-0.55539	-0.64343	0.35004	0.39359	25.4	null	null	13113	60
2026-05-27T17:20:18.733	WT901BLE68(F3:F0:16:BF:DC:AE)	0.013	0.994	-0.209	4.395	2.747	9.216	102.97	-0.01	-51.15	-67.453	24.867	-36.167	-0.55539	-0.64343	0.35004	0.39359	25.4	null	null	13113	60
2026-05-27T17:20:18.826	WT901BLE68(F3:F0:16:BF:DC:AE)	0.063	0.952	-0.260	1.709	-5.676	9.521	103.16	-1.02	-51.39	-67.453	24.867	-36.167	-0.55539	-0.64343	0.35004	0.39359	25.4	null	null	13113	60
2026-05-27T17:20:18.943	WT901BLE68(F3:F0:16:BF:DC:AE)	0.046	0.993	-0.210	1.160	-5.188	6.531	103.57	-1.77	-51.66	-67.453	24.867	-36.167	-0.55539	-0.64343	0.35004	0.39359	25.4	null	null	13113	60
2026-05-27T17:20:19.000	WT901BLE68(F3:F0:16:BF:DC:AE)	0.044	0.974	-0.254	-1.465	-18.066	7.935	103.65	-2.27	-52.87	-55.313	19.773	-56.273	-0.55539	-0.64343	0.35004	0.39359	25.4	null	null	13113	60
2026-05-27T17:20:19.159	WT901BLE68(F3:F0:16:BF:DC:AE)	0.060	0.963	-0.257	-1.831	-11.719	5.005	103.51	-2.63	-54.22	-55.313	19.773	-56.273	-0.55539	-0.64343	0.35004	0.39359	25.4	null	null	13113	60
2026-05-27T17:20:19.212	WT901BLE68(F3:F0:16:BF:DC:AE)	0.096	0.957	-0.278	-1.709	-5.066	2.136	103.39	-2.83	-54.96	-55.313	19.773	-56.273	-0.55859	-0.69016	0.37396	0.26770	25.4	null	null	13113	60
2026-05-27T17:20:19.336	WT901BLE68(F3:F0:16:BF:DC:AE)	0.063	0.962	-0.277	1.709	3.601	-3.906	103.44	-2.82	-54.83	-55.313	19.773	-56.273	-0.55859	-0.69016	0.37396	0.26770	25.4	null	null	13113	60
2026-05-27T17:20:19.425	WT901BLE68(F3:F0:16:BF:DC:AE)	0.094	0.986	-0.207	-1.953	-1.648	-3.601	103.54	-2.52	-54.38	-55.313	19.773	-56.273	-0.55859	-0.69016	0.37396	0.26770	25.4	null	null	13113	60
2026-05-27T17:20:19.543	WT901BLE68(F3:F0:16:BF:DC:AE)	0.063	0.963	-0.244	-2.563	4.089	-8.972	103.31	-2.10	-54.04	-55.313	19.773	-56.273	-0.55859	-0.69016	0.37396	0.26770	25.4	null	null	13113	60
2026-05-27T17:20:19.635	WT901BLE68(F3:F0:16:BF:DC:AE)	0.022	0.982	-0.225	-2.258	-0.061	-11.292	103.21	-1.34	-53.14	-55.313	19.773	-56.273	-0.55859	-0.69016	0.37396	0.26770	25.4	null	null	13113	60
2026-05-27T17:20:19.758	WT901BLE68(F3:F0:16:BF:DC:AE)	0.056	0.972	-0.219	-6.042	-8.118	-10.193	102.82	-0.35	-53.22	-55.313	19.773	-56.273	-0.55859	-0.69016	0.37396	0.26770	25.4	null	null	13113	60
2026-05-27T17:20:19.814	WT901BLE68(F3:F0:16:BF:DC:AE)	0.047	0.979	-0.242	-8.301	-10.986	-14.099	102.16	0.93	-53.95	-55.313	19.773	-56.273	-0.55859	-0.69016	0.37396	0.26770	25.4	null	null	13113	60
2026-05-27T17:20:19.933	WT901BLE68(F3:F0:16:BF:DC:AE)	-0.070	0.994	-0.173	-17.822	-18.188	-10.437	100.90	2.32	-54.87	-59.987	19.393	-51.927	-0.55859	-0.69016	0.37396	0.26770	25.4	null	null	13113	60
2026-05-27T17:20:20.021	WT901BLE68(F3:F0:16:BF:DC:AE)	-0.078	1.012	-0.078	-35.156	-29.602	-8.362	98.17	3.72	-57.26	-59.987	19.393	-51.927	-0.55859	-0.69016	0.37396	0.26770	25.4	null	null	13113	60
2026-05-27T17:20:20.142	WT901BLE68(F3:F0:16:BF:DC:AE)	-0.120	1.056	-0.026	-63.843	-10.742	-5.127	92.90	4.58	-59.28	-59.987	19.393	-51.927	-0.57040	-0.65976	0.34094	0.35074	25.4	null	null	13113	60
2026-05-27T17:20:20.233	WT901BLE68(F3:F0:16:BF:DC:AE)	-0.121	1.006	-0.026	-42.664	1.526	0.183	87.21	5.17	-59.40	-59.987	19.393	-51.927	-0.57040	-0.65976	0.34094	0.35074	25.4	null	null	13113	60
2026-05-27T17:20:20.360	WT901BLE68(F3:F0:16:BF:DC:AE)	-0.089	0.919	0.010	-10.193	10.376	4.028	85.08	5.13	-58.88	-59.987	19.393	-51.927	-0.57040	-0.65976	0.34094	0.35074	25.4	null	null	13113	60
2026-05-27T17:20:20.441	WT901BLE68(F3:F0:16:BF:DC:AE)	-0.189	0.967	0.095	0.000	3.662	2.014	85.09	5.09	-57.66	-59.987	19.393	-51.927	-0.57040	-0.65976	0.34094	0.35074	25.4	null	null	13113	60
2026-05-27T17:20:20.563	WT901BLE68(F3:F0:16:BF:DC:AE)	-0.156	0.986	0.138	0.854	-12.878	0.610	85.12	5.15	-58.26	-59.987	19.393	-51.927	-0.57040	-0.65976	0.34094	0.35074	25.4	null	null	13113	60
2026-05-27T17:20:20.623	WT901BLE68(F3:F0:16:BF:DC:AE)	-0.109	0.979	0.130	1.343	-9.094	-0.671	85.03	5.30	-59.36	-59.987	19.393	-51.927	-0.57040	-0.65976	0.34094	0.35074	25.4	null	null	13113	60
2026-05-27T17:20:20.743	WT901BLE68(F3:F0:16:BF:DC:AE)	-0.121	0.967	0.108	3.601	-11.414	-1.770	85.00	5.50	-60.30	-59.987	19.393	-51.927	-0.57040	-0.65976	0.34094	0.35074	25.4	null	null	13113	60
2026-05-27T17:20:20.835	WT901BLE68(F3:F0:16:BF:DC:AE)	-0.103	0.996	0.085	-5.005	-4.639	0.610	85.12	5.63	-61.12	-67.020	24.027	-37.447	-0.57040	-0.65976	0.34094	0.35074	25.4	null	null	13113	60
2026-05-27T17:20:20.956	WT901BLE68(F3:F0:16:BF:DC:AE)	-0.163	0.912	0.140	-21.362	-7.935	1.099	82.52	5.37	-61.83	-67.020	24.027	-37.447	-0.57040	-0.65976	0.34094	0.35074	25.4	null	null	13113	60
2026-05-27T17:20:21.042	WT901BLE68(F3:F0:16:BF:DC:AE)	-0.208	1.026	0.136	20.508	-35.156	-1.709	82.91	5.26	-64.36	-67.020	24.027	-37.447	-0.62775	-0.57892	0.31100	0.41705	25.4	null	null	13113	60
2026-05-27T17:20:21.166	WT901BLE68(F3:F0:16:BF:DC:AE)	0.155	1.000	0.175	30.884	-11.841	6.897	84.72	5.19	-66.73	-67.020	24.027	-37.447	-0.62775	-0.57892	0.31100	0.41705	25.4	null	null	13113	60
2026-05-27T17:20:21.225	WT901BLE68(F3:F0:16:BF:DC:AE)	-0.167	0.986	0.039	25.574	22.095	10.193	87.19	3.97	-63.52	-67.020	24.027	-37.447	-0.62775	-0.57892	0.31100	0.41705	25.4	null	null	13113	60
2026-05-27T17:20:21.345	WT901BLE68(F3:F0:16:BF:DC:AE)	-0.062	0.982	-0.008	33.691	13.916	13.123	90.26	2.79	-61.46	-67.020	24.027	-37.447	-0.62775	-0.57892	0.31100	0.41705	25.4	null	null	13113	60
2026-05-27T17:20:21.435	WT901BLE68(F3:F0:16:BF:DC:AE)	0.011	1.000	-0.089	28.625	17.639	10.803	93.33	1.64	-59.43	-67.020	24.027	-37.447	-0.62775	-0.57892	0.31100	0.41705	25.4	null	null	13113	60
2026-05-27T17:20:21.552	WT901BLE68(F3:F0:16:BF:DC:AE)	0.112	0.966	-0.199	45.471	21.240	7.019	96.80	0.65	-57.60	-67.020	24.027	-37.447	-0.62775	-0.57892	0.31100	0.41705	25.4	null	null	13113	60
2026-05-27T17:20:21.646	WT901BLE68(F3:F0:16:BF:DC:AE)	0.138	1.020	-0.324	23.682	35.645	0.977	101.44	-0.39	-54.05	-67.020	24.027	-37.447	-0.62775	-0.57892	0.31100	0.41705	25.4	null	null	13113	60
2026-05-27T17:20:21.762	WT901BLE68(F3:F0:16:BF:DC:AE)	0.083	0.993	-0.187	10.010	32.288	-5.432	102.47	-0.81	-50.87	-58.580	22.040	-51.507	-0.62775	-0.57892	0.31100	0.41705	25.4	null	null	13113	60
2026-05-27T17:20:21.858	WT901BLE68(F3:F0:16:BF:DC:AE)	-0.029	0.995	-0.200	0.427	26.245	-7.080	102.62	-0.87	-48.02	-58.580	22.040	-51.507	-0.62775	-0.57892	0.31100	0.41705	25.4	null	null	13113	60
2026-05-27T17:20:21.973	WT901BLE68(F3:F0:16:BF:DC:AE)	0.030	1.003	-0.194	2.319	18.372	-4.700	102.89	-0.83	-45.97	-58.580	22.040	-51.507	-0.57462	-0.71381	0.31653	0.24493	25.4	null	null	13113	60
2026-05-27T17:20:22.035	WT901BLE68(F3:F0:16:BF:DC:AE)	0.022	0.977	-0.227	-1.099	8.545	-2.502	102.80	-0.94	-44.73	-58.580	22.040	-51.507	-0.57462	-0.71381	0.31653	0.24493	25.4	null	null	13113	60
2026-05-27T17:20:22.154	WT901BLE68(F3:F0:16:BF:DC:AE)	0.030	0.972	-0.257	-1.038	2.441	-1.953	102.69	-0.92	-44.33	-58.580	22.040	-51.507	-0.57462	-0.71381	0.31653	0.24493	25.4	null	null	13113	60
2026-05-27T17:20:22.244	WT901BLE68(F3:F0:16:BF:DC:AE)	0.035	0.979	-0.233	-3.418	-4.883	-4.150	102.53	-0.63	-44.60	-58.580	22.040	-51.507	-0.57462	-0.71381	0.31653	0.24493	25.4	null	null	13113	60
2026-05-27T17:20:22.365	WT901BLE68(F3:F0:16:BF:DC:AE)	0.044	0.984	-0.231	-5.005	1.831	-7.080	102.15	-0.07	-44.92	-58.580	22.040	-51.507	-0.57462	-0.71381	0.31653	0.24493	25.4	null	null	13113	60
2026-05-27T17:20:22.455	WT901BLE68(F3:F0:16:BF:DC:AE)	0.002	0.968	-0.245	-6.348	-1.343	-7.263	101.60	0.48	-44.76	-58.580	22.040	-51.507	-0.57462	-0.71381	0.31653	0.24493	25.4	null	null	13113	60
2026-05-27T17:20:22.576	WT901BLE68(F3:F0:16:BF:DC:AE)	0.012	0.965	-0.252	-6.165	-1.709	-11.047	101.15	1.38	-45.35	-58.580	22.040	-51.507	-0.57462	-0.71381	0.31653	0.24493	25.4	null	null	13113	60
2026-05-27T17:20:22.633	WT901BLE68(F3:F0:16:BF:DC:AE)	-0.043	0.990	-0.187	-7.019	3.174	-13.489	100.71	2.52	-45.25	-57.853	19.580	-54.933	-0.57462	-0.71381	0.31653	0.24493	25.4	null	null	13113	60
2026-05-27T17:20:22.754	WT901BLE68(F3:F0:16:BF:DC:AE)	-0.069	0.976	-0.142	-17.822	-9.094	-9.705	99.51	3.53	-45.46	-57.853	19.580	-54.933	-0.57462	-0.71381	0.31653	0.24493	25.4	null	null	13113	60
2026-05-27T17:20:22.843	WT901BLE68(F3:F0:16:BF:DC:AE)	-0.114	0.992	-0.133	-19.897	-15.076	-8.179	97.68	4.54	-47.12	-57.853	19.580	-54.933	-0.58798	-0.70755	0.27646	0.27771	25.4	null	null	13113	60
2026-05-27T17:20:22.965	WT901BLE68(F3:F0:16:BF:DC:AE)	-0.081	0.998	-0.072	-24.231	-5.798	-8.240	95.38	5.39	-48.14	-57.853	19.580	-54.933	-0.58798	-0.70755	0.27646	0.27771	25.4	null	null	13113	60
2026-05-27T17:20:23.056	WT901BLE68(F3:F0:16:BF:DC:AE)	-0.094	1.042	0.081	-34.241	1.221	-5.493	92.53	6.10	-48.67	-57.853	19.580	-54.933	-0.58798	-0.70755	0.27646	0.27771	25.4	null	null	13113	60
2026-05-27T17:20:23.175	WT901BLE68(F3:F0:16:BF:DC:AE)	-0.077	1.081	0.130	-44.678	27.100	3.784	88.48	6.05	-47.59	-57.853	19.580	-54.933	-0.58798	-0.70755	0.27646	0.27771	25.4	null	null	13113	60
2026-05-27T17:20:23.264	WT901BLE68(F3:F0:16:BF:DC:AE)	-0.096	0.925	0.125	-93.750	15.442	10.925	81.24	5.54	-45.75	-57.853	19.580	-54.933	-0.58798	-0.70755	0.27646	0.27771	25.4	null	null	13113	60
2026-05-27T17:20:23.385	WT901BLE68(F3:F0:16:BF:DC:AE)	-0.042	0.942	-0.032	-18.127	83.374	32.043	78.67	4.38	-39.07	-57.853	19.580	-54.933	-0.58798	-0.70755	0.27646	0.27771	25.4	null	null	13113	60
2026-05-27T17:20:23.443	WT901BLE68(F3:F0:16:BF:DC:AE)	-0.263	0.923	0.077	-5.066	-9.827	13.672	77.85	3.44	-35.82	-57.853	19.580	-54.933	-0.58798	-0.70755	0.27646	0.27771	25.4	null	null	13113	60
2026-05-27T17:20:23.572	WT901BLE68(F3:F0:16:BF:DC:AE)	-0.051	0.956	0.359	15.686	3.235	7.202	79.23	2.66	-37.51	-56.047	31.673	-46.880	-0.58798	-0.70755	0.27646	0.27771	25.4	null	null	13113	60
2026-05-27T17:20:23.653	WT901BLE68(F3:F0:16:BF:DC:AE)	0.035	0.959	0.205	50.110	-10.193	-2.258	82.43	3.14	-38.67	-56.047	31.673	-46.880	-0.58798	-0.70755	0.27646	0.27771	25.4	null	null	13113	60
2026-05-27T17:20:23.775	WT901BLE68(F3:F0:16:BF:DC:AE)	-0.295	1.032	-0.005	41.504	-34.485	-7.080	86.04	3.27	-40.68	-56.047	31.673	-46.880	-0.69781	-0.63394	0.20190	0.26511	25.4	null	null	13113	60
2026-05-27T17:20:23.863	WT901BLE68(F3:F0:16:BF:DC:AE)	0.106	1.007	0.114	25.391	58.105	6.836	88.17	3.47	-41.52	-56.047	31.673	-46.880	-0.69781	-0.63394	0.20190	0.26511	25.4	null	null	13113	60
2026-05-27T17:20:23.987	WT901BLE68(F3:F0:16:BF:DC:AE)	-0.025	1.028	0.016	26.184	1.099	9.338	90.08	3.10	-39.61	-56.047	31.673	-46.880	-0.69781	-0.63394	0.20190	0.26511	25.4	null	null	13113	60
2026-05-27T17:20:24.044	WT901BLE68(F3:F0:16:BF:DC:AE)	-0.037	0.985	-0.093	32.410	9.766	7.690	92.66	2.27	-39.34	-56.047	31.673	-46.880	-0.69781	-0.63394	0.20190	0.26511	25.4	null	null	13113	60
2026-05-27T17:20:24.163	WT901BLE68(F3:F0:16:BF:DC:AE)	-0.043	0.985	-0.114	33.691	-6.653	6.836	95.95	1.57	-39.35	-56.047	31.673	-46.880	-0.69781	-0.63394	0.20190	0.26511	25.4	null	null	13113	60
2026-05-27T17:20:24.257	WT901BLE68(F3:F0:16:BF:DC:AE)	0.023	1.018	-0.084	15.442	-8.301	9.827	98.36	0.94	-39.85	-56.047	31.673	-46.880	-0.69781	-0.63394	0.20190	0.26511	25.4	null	null	13113	60
2026-05-27T17:20:24.374	WT901BLE68(F3:F0:16:BF:DC:AE)	0.011	0.986	-0.197	7.019	-7.202	11.475	99.31	0.00	-40.94	-56.047	31.673	-46.880	-0.69781	-0.63394	0.20190	0.26511	25.4	null	null	13113	60
2026-05-27T17:20:24.469	WT901BLE68(F3:F0:16:BF:DC:AE)	0.035	0.982	-0.239	6.836	-11.719	10.376	99.97	-0.84	-42.61	-51.513	22.307	-61.160	-0.69781	-0.63394	0.20190	0.26511	25.4	null	null	13113	60
2026-05-27T17:20:24.585	WT901BLE68(F3:F0:16:BF:DC:AE)	0.048	0.994	-0.221	7.446	-8.667	7.019	100.60	-1.57	-43.52	-51.513	22.307	-61.160	-0.69781	-0.63394	0.20190	0.26511	25.4	null	null	13113	60
2026-05-27T17:20:24.642	WT901BLE68(F3:F0:16:BF:DC:AE)	0.053	0.984	-0.243	11.475	-10.620	5.798	101.55	-2.13	-44.82	-51.513	22.307	-61.160	-0.59412	-0.71121	0.29916	0.22711	25.4	null	null	13113	60
2026-05-27T17:20:24.796	WT901BLE68(F3:F0:16:BF:DC:AE)	0.079	0.969	-0.229	3.845	-15.625	5.554	102.22	-2.53	-46.35	-51.513	22.307	-61.160	-0.59412	-0.71121	0.29916	0.22711	25.4	null	null	13113	60
2026-05-27T17:20:24.855	WT901BLE68(F3:F0:16:BF:DC:AE)	0.061	0.951	-0.315	3.235	-15.564	2.380	102.65	-2.74	-47.55	-51.513	22.307	-61.160	-0.59412	-0.71121	0.29916	0.22711	25.4	null	null	13113	60
2026-05-27T17:20:24.974	WT901BLE68(F3:F0:16:BF:DC:AE)	0.068	0.973	-0.255	2.136	-27.466	0.977	103.22	-2.43	-49.66	-51.513	22.307	-61.160	-0.59412	-0.71121	0.29916	0.22711	25.4	null	null	13113	60
2026-05-27T17:20:25.068	WT901BLE68(F3:F0:16:BF:DC:AE)	0.076	0.969	-0.234	-0.488	-28.931	-2.197	103.49	-1.79	-52.39	-51.513	22.307	-61.160	-0.59412	-0.71121	0.29916	0.22711	25.4	null	null	13113	60
2026-05-27T17:20:25.183	WT901BLE68(F3:F0:16:BF:DC:AE)	0.096	1.027	-0.045	-10.376	-30.579	-6.165	103.46	-0.75	-54.93	-51.513	22.307	-61.160	-0.59412	-0.71121	0.29916	0.22711	25.4	null	null	13113	60
2026-05-27T17:20:25.274	WT901BLE68(F3:F0:16:BF:DC:AE)	-0.002	1.003	-0.166	-17.273	-63.782	-1.587	102.33	0.42	-59.06	-51.513	22.307	-61.160	-0.59412	-0.71121	0.29916	0.22711	25.4	null	null	13113	60
2026-05-27T17:20:25.395	WT901BLE68(F3:F0:16:BF:DC:AE)	-0.125	1.037	-0.221	-65.186	-66.833	-8.728	98.88	1.79	-65.33	-63.213	22.280	-50.687	-0.59412	-0.71121	0.29916	0.22711	25.4	null	null	13113	60
2026-05-27T17:20:25.456	WT901BLE68(F3:F0:16:BF:DC:AE)	-0.146	1.011	-0.088	-61.584	-63.110	-6.531	91.46	3.38	-71.92	-63.213	22.280	-50.687	-0.59412	-0.71121	0.29916	0.22711	25.4	null	null	13113	60
2026-05-27T17:20:25.572	WT901BLE68(F3:F0:16:BF:DC:AE)	-0.068	1.000	-0.124	-5.432	-37.231	-7.996	88.88	4.41	-78.06	-63.213	22.280	-50.687	-0.55240	-0.58475	0.40463	0.43481	25.4	null	null	13113	60
2026-05-27T17:20:25.672	WT901BLE68(F3:F0:16:BF:DC:AE)	-0.227	0.950	-0.001	-18.738	-45.654	-4.822	88.06	5.08	-80.76	-63.213	22.280	-50.687	-0.55240	-0.58475	0.40463	0.43481	25.4	null	null	13113	60
2026-05-27T17:20:25.788	WT901BLE68(F3:F0:16:BF:DC:AE)	-0.075	0.943	-0.131	10.254	-157.715	2.441	86.50	5.21	-90.20	-63.213	22.280	-50.687	-0.55240	-0.58475	0.40463	0.43481	25.4	null	null	13113	60
2026-05-27T17:20:25.872	WT901BLE68(F3:F0:16:BF:DC:AE)	-0.298	0.961	0.177	-28.687	-35.583	-24.292	84.74	5.80	-96.23	-63.213	22.280	-50.687	-0.55240	-0.58475	0.40463	0.43481	25.4	null	null	13113	60
2026-05-27T17:20:25.995	WT901BLE68(F3:F0:16:BF:DC:AE)	-0.055	0.954	0.073	43.823	-162.415	-21.729	83.66	7.13	-108.28	-63.213	22.280	-50.687	-0.55240	-0.58475	0.40463	0.43481	25.4	null	null	13113	60
2026-05-27T17:20:26.081	WT901BLE68(F3:F0:16:BF:DC:AE)	0.125	0.957	0.080	-4.456	-41.321	-13.123	83.75	7.44	-119.27	-63.213	22.280	-50.687	-0.55240	-0.58475	0.40463	0.43481	25.4	null	null	13113	60
2026-05-27T17:20:26.205	WT901BLE68(F3:F0:16:BF:DC:AE)	-0.102	0.968	-0.059	37.903	34.973	-1.038	85.34	7.62	-116.41	-63.213	22.280	-50.687	-0.55240	-0.58475	0.40463	0.43481	25.4	null	null	13113	60
2026-05-27T17:20:26.262	WT901BLE68(F3:F0:16:BF:DC:AE)	-0.391	0.948	0.230	5.859	-5.676	-10.010	87.70	7.14	-111.81	-68.167	21.253	0.673	-0.55240	-0.58475	0.40463	0.43481	25.4	null	null	13113	60
2026-05-27T17:20:26.383	WT901BLE68(F3:F0:16:BF:DC:AE)	0.012	1.004	0.009	19.226	-1.343	8.301	88.13	7.52	-111.30	-68.167	21.253	0.673	-0.55240	-0.58475	0.40463	0.43481	25.4	null	null	13113	60
2026-05-27T17:20:26.472	WT901BLE68(F3:F0:16:BF:DC:AE)	-0.148	0.990	0.018	42.297	20.691	4.761	90.98	6.65	-108.64	-68.167	21.253	0.673	-0.37057	-0.43463	0.54855	0.61050	25.4	null	null	13113	60
2026-05-27T17:20:26.595	WT901BLE68(F3:F0:16:BF:DC:AE)	-0.194	1.047	-0.096	35.522	14.221	11.292	95.78	5.62	-104.37	-68.167	21.253	0.673	-0.37057	-0.43463	0.54855	0.61050	25.4	null	null	13113	60
2026-05-27T17:20:26.685	WT901BLE68(F3:F0:16:BF:DC:AE)	-0.058	0.997	-0.091	31.433	10.071	15.686	98.89	4.39	-103.00	-68.167	21.253	0.673	-0.37057	-0.43463	0.54855	0.61050	25.4	null	null	13113	60
2026-05-27T17:20:26.804	WT901BLE68(F3:F0:16:BF:DC:AE)	-0.090	0.969	-0.223	14.160	23.010	13.977	100.62	2.55	-99.57	-68.167	21.253	0.673	-0.37057	-0.43463	0.54855	0.61050	25.4	null	null	13113	60
2026-05-27T17:20:26.869	WT901BLE68(F3:F0:16:BF:DC:AE)	0.022	0.941	-0.345	21.240	-6.287	15.381	102.05	1.20	-98.36	-68.167	21.253	0.673	-0.37057	-0.43463	0.54855	0.61050	25.4	null	null	13113	60
2026-05-27T17:20:26.986	WT901BLE68(F3:F0:16:BF:DC:AE)	0.062	0.999	-0.210	7.019	2.075	12.512	103.24	0.02	-97.68	-68.167	21.253	0.673	-0.37057	-0.43463	0.54855	0.61050	25.4	null	null	13113	60
2026-05-27T17:20:27.073	WT901BLE68(F3:F0:16:BF:DC:AE)	0.041	0.980	-0.230	-1.587	-21.790	15.747	103.31	-1.14	-98.18	-68.167	21.253	0.673	-0.37057	-0.43463	0.54855	0.61050	25.4	null	null	13113	60
2026-05-27T17:20:27.194	WT901BLE68(F3:F0:16:BF:DC:AE)	0.079	0.963	-0.279	1.709	-14.526	9.277	103.39	-1.96	-99.43	-62.573	31.287	-15.727	-0.37057	-0.43463	0.54855	0.61050	25.4	null	null	13113	60
2026-05-27T17:20:27.282	WT901BLE68(F3:F0:16:BF:DC:AE)	0.116	0.980	-0.242	0.916	-13.672	8.301	103.66	-2.64	-99.74	-62.573	31.287	-15.727	-0.37057	-0.43463	0.54855	0.61050	25.4	null	null	13113	60
2026-05-27T17:20:27.405	WT901BLE68(F3:F0:16:BF:DC:AE)	0.082	0.976	-0.223	-2.930	-14.343	6.470	103.52	-3.04	-100.37	-62.573	31.287	-15.727	-0.41211	-0.49405	0.61139	0.46060	25.4	null	null	13113	60
2026-05-27T17:20:27.495	WT901BLE68(F3:F0:16:BF:DC:AE)	0.080	0.964	-0.258	-0.305	-6.409	2.686	103.50	-3.27	-100.65	-62.573	31.287	-15.727	-0.41211	-0.49405	0.61139	0.46060	25.4	null	null	13113	60
2026-05-27T17:20:27.614	WT901BLE68(F3:F0:16:BF:DC:AE)	0.046	0.980	-0.210	-0.305	-7.996	1.526	103.55	-3.33	-100.49	-62.573	31.287	-15.727	-0.41211	-0.49405	0.61139	0.46060	25.4	null	null	13113	60
2026-05-27T17:20:27.677	WT901BLE68(F3:F0:16:BF:DC:AE)	0.071	0.971	-0.223	-1.831	-8.972	0.244	103.39	-3.28	-100.56	-62.573	31.287	-15.727	-0.41211	-0.49405	0.61139	0.46060	25.4	null	null	13113	60
2026-05-27T17:20:27.796	WT901BLE68(F3:F0:16:BF:DC:AE)	0.042	0.965	-0.229	1.831	-1.404	-2.502	103.49	-3.10	-100.16	-62.573	31.287	-15.727	-0.41211	-0.49405	0.61139	0.46060	25.4	null	null	13113	60
2026-05-27T17:20:27.884	WT901BLE68(F3:F0:16:BF:DC:AE)	0.066	0.988	-0.199	2.136	-3.479	-4.456	103.74	-2.70	-99.62	-62.573	31.287	-15.727	-0.41211	-0.49405	0.61139	0.46060	25.4	null	null	13113	60
2026-05-27T17:20:28.007	WT901BLE68(F3:F0:16:BF:DC:AE)	0.111	0.985	-0.209	2.380	-5.066	-4.822	103.89	-2.24	-99.14	-62.573	31.287	-15.727	-0.41211	-0.49405	0.61139	0.46060	25.4	null	null	13113	60
2026-05-27T17:20:28.092	WT901BLE68(F3:F0:16:BF:DC:AE)	0.067	0.960	-0.224	-2.808	-9.460	-6.775	103.66	-1.66	-99.01	-58.467	32.853	-11.333	-0.41211	-0.49405	0.61139	0.46060	25.4	null	null	13113	60
2026-05-27T17:20:28.213	WT901BLE68(F3:F0:16:BF:DC:AE)	-0.005	0.976	-0.223	-3.601	-6.165	-6.958	103.49	-1.03	-98.83	-58.467	32.853	-11.333	-0.41211	-0.49405	0.61139	0.46060	25.4	null	null	13113	60
2026-05-27T17:20:28.272	WT901BLE68(F3:F0:16:BF:DC:AE)	0.008	0.993	-0.186	-5.676	-8.057	-6.470	103.12	-0.21	-98.70	-58.467	32.853	-11.333	-0.40680	-0.50851	0.59717	0.46817	25.4	null	null	13113	60
2026-05-27T17:20:28.396	WT901BLE68(F3:F0:16:BF:DC:AE)	-0.029	1.066	-0.080	-22.400	-4.150	-2.319	101.58	0.29	-98.38	-58.467	32.853	-11.333	-0.40680	-0.50851	0.59717	0.46817	25.4	null	null	13113	60
2026-05-27T17:20:28.486	WT901BLE68(F3:F0:16:BF:DC:AE)	-0.039	1.104	0.083	-76.538	-11.414	-0.793	94.83	0.77	-98.70	-58.467	32.853	-11.333	-0.40680	-0.50851	0.59717	0.46817	25.4	null	null	13113	60
2026-05-27T17:20:28.604	WT901BLE68(F3:F0:16:BF:DC:AE)	-0.083	1.009	-0.209	-43.579	-5.554	-3.357	88.42	0.93	-98.98	-58.467	32.853	-11.333	-0.40680	-0.50851	0.59717	0.46817	25.4	null	null	13113	60
2026-05-27T17:20:28.692	WT901BLE68(F3:F0:16:BF:DC:AE)	0.033	0.952	-0.187	-12.268	64.392	-6.470	86.96	1.86	-95.65	-58.467	32.853	-11.333	-0.40680	-0.50851	0.59717	0.46817	25.4	null	null	13113	60
2026-05-27T17:20:28.815	WT901BLE68(F3:F0:16:BF:DC:AE)	-0.230	0.982	0.083	11.353	71.594	-12.085	88.31	2.98	-88.13	-58.467	32.853	-11.333	-0.40680	-0.50851	0.59717	0.46817	25.4	null	null	13113	60
2026-05-27T17:20:28.904	WT901BLE68(F3:F0:16:BF:DC:AE)	-0.004	1.021	0.120	-3.357	11.902	2.319	88.75	3.82	-85.49	-58.467	32.853	-11.333	-0.40680	-0.50851	0.59717	0.46817	25.4	null	null	13113	60
2026-05-27T17:20:29.027	WT901BLE68(F3:F0:16:BF:DC:AE)	0.040	0.954	0.064	-14.771	49.927	7.324	87.29	3.18	-81.92	-58.467	32.853	-11.333	-0.40680	-0.50851	0.59717	0.46817	25.4	null	null	13113	60
2026-05-27T17:20:29.084	WT901BLE68(F3:F0:16:BF:DC:AE)	-0.084	0.975	0.032	-47.974	85.510	9.338	84.98	2.85	-74.37	-58.467	32.853	-11.333	-0.40680	-0.50851	0.59717	0.46817	25.4	null	null	13113	60
2026-05-27T17:20:29.204	WT901BLE68(F3:F0:16:BF:DC:AE)	-0.203	0.989	-0.069	12.756	1.160	9.949	83.03	2.47	-70.82	-58.467	32.853	-11.333	-0.40680	-0.50851	0.59717	0.46817	25.4	null	null	13113	60
2026-05-27T17:20:29.293	WT901BLE68(F3:F0:16:BF:DC:AE)	-0.069	1.008	0.037	43.396	12.390	-13.245	86.50	3.09	-69.74	-58.467	32.853	-11.333	-0.40680	-0.50851	0.59717	0.46817	25.4	null	null	13113	60
2026-05-27T17:20:29.414	WT901BLE68(F3:F0:16:BF:DC:AE)	-0.041	0.976	-0.013	54.932	78.369	1.587	92.01	3.01	-65.59	-58.467	32.853	-11.333	-0.40680	-0.50851	0.59717	0.46817	25.4	null	null	13113	60
2026-05-27T17:20:29.505	WT901BLE68(F3:F0:16:BF:DC:AE)	-0.120	0.964	-0.244	34.790	99.731	-1.221	96.96	2.21	-56.40	-68.613	22.047	-25.120	-0.40680	-0.50851	0.59717	0.46817	25.4	null	null	13113	60
2026-05-27T17:20:29.626	WT901BLE68(F3:F0:16:BF:DC:AE)	0.048	1.071	-0.265	26.367	42.786	-3.418	101.22	1.54	-50.51	-68.613	22.047	-25.120	-0.40680	-0.50851	0.59717	0.46817	25.4	null	null	13113	60
2026-05-27T17:20:29.682	WT901BLE68(F3:F0:16:BF:DC:AE)	0.042	0.967	-0.264	17.212	47.974	-6.958	102.96	1.15	-47.11	-68.613	22.047	-25.120	-0.56863	-0.71167	0.31445	0.26675	25.4	null	null	13113	60
2026-05-27T17:20:29.805	WT901BLE68(F3:F0:16:BF:DC:AE)	-0.034	0.976	-0.293	4.700	23.621	-6.531	104.55	0.77	-44.30	-68.613	22.047	-25.120	-0.56863	-0.71167	0.31445	0.26675	25.4	null	null	13113	60
2026-05-27T17:20:29.895	WT901BLE68(F3:F0:16:BF:DC:AE)	-0.014	0.982	-0.212	-0.916	1.221	-5.188	104.73	0.92	-43.56	-68.613	22.047	-25.120	-0.56863	-0.71167	0.31445	0.26675	25.4	null	null	13113	60
2026-05-27T17:20:30.016	WT901BLE68(F3:F0:16:BF:DC:AE)	0.008	0.969	-0.232	-0.488	-13.733	-7.813	104.74	1.61	-44.97	-68.613	22.047	-25.120	-0.56863	-0.71167	0.31445	0.26675	25.4	null	null	13113	60
2026-05-27T17:20:30.105	WT901BLE68(F3:F0:16:BF:DC:AE)	-0.014	0.953	-0.290	-0.610	-9.766	-11.414	104.69	2.52	-46.47	-68.613	22.047	-25.120	-0.56863	-0.71167	0.31445	0.26675	25.4	null	null	13113	60
2026-05-27T17:20:30.225	WT901BLE68(F3:F0:16:BF:DC:AE)	-0.059	0.988	-0.185	-4.700	-27.771	-11.963	104.34	3.89	-48.57	-68.613	22.047	-25.120	-0.56863	-0.71167	0.31445	0.26675	25.4	null	null	13113	60
2026-05-27T17:20:30.287	WT901BLE68(F3:F0:16:BF:DC:AE)	-0.112	0.985	-0.201	-21.301	-34.546	-9.949	102.77	5.59	-52.25	-68.613	22.047	-25.120	-0.56863	-0.71167	0.31445	0.26675	25.4	null	null	13113	60
2026-05-27T17:20:30.434	WT901BLE68(F3:F0:16:BF:DC:AE)	-0.289	1.392	0.139	-154.602	-12.878	-3.479	97.95	6.88	-55.78	-70.133	17.233	-41.327	-0.56863	-0.71167	0.31445	0.26675	25.4	null	null	13113	60
2026-05-27T17:20:30.492	WT901BLE68(F3:F0:16:BF:DC:AE)	-0.134	0.971	-0.171	-0.977	0.183	-2.258	93.03	7.84	-60.10	-70.133	17.233	-41.327	-0.56863	-0.71167	0.31445	0.26675	25.4	null	null	13113	60
2026-05-27T17:20:30.615	WT901BLE68(F3:F0:16:BF:DC:AE)	0.097	0.983	0.207	-15.259	-2.258	10.010	92.50	8.35	-59.40	-70.133	17.233	-41.327	-0.56906	-0.65036	0.32144	0.38696	25.4	null	null	13113	60
2026-05-27T17:20:30.705	WT901BLE68(F3:F0:16:BF:DC:AE)	-0.138	0.982	-0.093	-3.479	7.019	11.902	91.40	6.62	-60.18	-70.133	17.233	-41.327	-0.56906	-0.65036	0.32144	0.38696	25.4	null	null	13113	60
2026-05-27T17:20:30.827	WT901BLE68(F3:F0:16:BF:DC:AE)	-0.175	0.959	-0.216	-2.319	28.564	14.893	91.21	5.22	-57.85	-70.133	17.233	-41.327	-0.56906	-0.65036	0.32144	0.38696	25.4	null	null	13113	60
2026-05-27T17:20:30.913	WT901BLE68(F3:F0:16:BF:DC:AE)	-0.280	0.979	-0.115	-0.061	24.414	-1.160	91.78	4.58	-54.87	-70.133	17.233	-41.327	-0.56906	-0.65036	0.32144	0.38696	25.4	null	null	13113	60
2026-05-27T17:20:31.035	WT901BLE68(F3:F0:16:BF:DC:AE)	-0.160	0.995	-0.011	8.118	31.006	0.061	92.92	4.62	-52.94	-70.133	17.233	-41.327	-0.56906	-0.65036	0.32144	0.38696	25.4	null	null	13113	60
2026-05-27T17:20:31.094	WT901BLE68(F3:F0:16:BF:DC:AE)	-0.157	1.055	0.146	-16.113	-5.310	-1.709	93.09	4.99	-51.72	-70.133	17.233	-41.327	-0.56906	-0.65036	0.32144	0.38696	25.4	null	null	13113	60
2026-05-27T17:20:31.214	WT901BLE68(F3:F0:16:BF:DC:AE)	-0.119	1.004	0.083	-31.067	-19.958	4.211	90.16	4.87	-53.06	-70.133	17.233	-41.327	-0.56906	-0.65036	0.32144	0.38696	25.4	null	null	13113	60
2026-05-27T17:20:31.303	WT901BLE68(F3:F0:16:BF:DC:AE)	-0.019	0.966	-0.012	-22.339	-2.991	7.385	87.03	4.44	-55.54	-68.613	24.193	-36.280	-0.56906	-0.65036	0.32144	0.38696	25.4	null	null	13113	60
2026-05-27T17:20:31.424	WT901BLE68(F3:F0:16:BF:DC:AE)	-0.035	0.936	-0.042	-5.615	13.000	1.831	85.61	4.14	-55.09	-68.613	24.193	-36.280	-0.56906	-0.65036	0.32144	0.38696	25.4	null	null	13113	60
2026-05-27T17:20:31.513	WT901BLE68(F3:F0:16:BF:DC:AE)	-0.151	0.938	-0.030	12.451	18.616	4.456	86.56	3.67	-53.64	-68.613	24.193	-36.280	-0.63983	-0.61563	0.28949	0.35736	25.4	null	null	13113	60
