time	DeviceName	AccX(g)	AccY(g)	AccZ(g)	AsX(°/s)	AsY(°/s)	AsZ(°/s)	AngleX(°)	AngleY(°)	AngleZ(°)	HX(uT)	HY(uT)	HZ(uT)	Q0()	Q1()	Q2()	Q3()	Temperature(°C)	Height(m)	Pressure(kPa)	Version()	Battery level(%)
2026-05-27T16:22:45.803	WT901BLE68(F3:F0:16:BF:DC:AE)	-0.035	0.976	-0.198	0.366	-1.038	-0.366	101.93	2.13	-38.47	-39.347	23.447	-73.907	-0.59000	-0.73624	0.24567	0.22217	25.8	null	null	13113	75
2026-05-27T16:22:45.863	WT901BLE68(F3:F0:16:BF:DC:AE)	-0.057	0.983	-0.202	0.549	-2.075	0.305	101.98	2.15	-38.58	-39.220	22.680	-72.380	-0.59000	-0.73624	0.24567	0.22217	25.8	null	null	13113	75
2026-05-27T16:22:46.011	WT901BLE68(F3:F0:16:BF:DC:AE)	-0.039	0.978	-0.216	-0.427	-0.854	0.000	101.95	2.20	-38.72	-39.220	22.680	-72.380	-0.59000	-0.73624	0.24567	0.22217	25.8	null	null	13113	75
2026-05-27T16:22:46.102	WT901BLE68(F3:F0:16:BF:DC:AE)	-0.035	0.976	-0.216	-0.488	1.953	-0.549	101.91	2.23	-38.64	-39.220	22.680	-72.380	-0.58905	-0.73669	0.24591	0.22299	25.8	null	null	13113	75
2026-05-27T16:22:46.194	WT901BLE68(F3:F0:16:BF:DC:AE)	-0.046	0.979	-0.204	0.000	0.732	0.122	101.93	2.21	-38.49	-39.220	22.680	-72.380	-0.58905	-0.73669	0.24591	0.22299	25.8	null	null	13113	75
2026-05-27T16:22:46.283	WT901BLE68(F3:F0:16:BF:DC:AE)	-0.046	0.979	-0.203	-0.488	-1.404	0.427	101.90	2.21	-38.53	-39.220	22.680	-72.380	-0.58905	-0.73669	0.24591	0.22299	25.8	null	null	13113	75
2026-05-27T16:22:46.406	WT901BLE68(F3:F0:16:BF:DC:AE)	-0.038	0.979	-0.207	-0.671	-0.610	0.366	101.84	2.20	-38.63	-39.220	22.680	-72.380	-0.58905	-0.73669	0.24591	0.22299	25.8	null	null	13113	75
2026-05-27T16:22:46.492	WT901BLE68(F3:F0:16:BF:DC:AE)	-0.040	0.978	-0.209	-0.122	-0.977	0.793	101.79	2.18	-38.68	-39.220	22.680	-72.380	-0.58905	-0.73669	0.24591	0.22299	25.8	null	null	13113	75
2026-05-27T16:22:46.614	WT901BLE68(F3:F0:16:BF:DC:AE)	-0.031	0.982	-0.198	-0.610	0.305	0.000	101.77	2.16	-38.80	-39.220	22.680	-72.380	-0.58905	-0.73669	0.24591	0.22299	25.8	null	null	13113	75
2026-05-27T16:22:46.672	WT901BLE68(F3:F0:16:BF:DC:AE)	-0.039	0.980	-0.199	-0.305	0.366	0.122	101.72	2.14	-38.70	-39.220	22.680	-72.380	-0.58905	-0.73669	0.24591	0.22299	25.8	null	null	13113	75
2026-05-27T16:22:46.790	WT901BLE68(F3:F0:16:BF:DC:AE)	-0.039	0.981	-0.204	-0.183	0.366	0.061	101.69	2.13	-38.65	-39.220	22.680	-72.380	-0.58905	-0.73669	0.24591	0.22299	25.8	null	null	13113	75
2026-05-27T16:22:46.880	WT901BLE68(F3:F0:16:BF:DC:AE)	-0.026	0.977	-0.206	-0.488	1.526	-0.610	101.64	2.15	-38.59	-39.220	22.680	-72.380	-0.58905	-0.73669	0.24591	0.22299	25.8	null	null	13113	75
2026-05-27T16:22:47.004	WT901BLE68(F3:F0:16:BF:DC:AE)	-0.035	0.979	-0.204	0.000	0.610	-0.549	101.63	2.16	-38.50	-39.220	22.680	-72.380	-0.58905	-0.73669	0.24591	0.22299	25.8	null	null	13113	75
2026-05-27T16:22:47.096	WT901BLE68(F3:F0:16:BF:DC:AE)	-0.044	0.982	-0.205	0.000	2.319	-0.977	101.66	2.18	-38.35	-39.220	22.680	-72.380	-0.58905	-0.73669	0.24591	0.22299	25.8	null	null	13113	75
2026-05-27T16:22:47.216	WT901BLE68(F3:F0:16:BF:DC:AE)	-0.058	0.979	-0.203	0.305	0.916	-0.061	101.68	2.22	-38.14	-39.220	22.680	-72.380	-0.58905	-0.73669	0.24591	0.22299	25.8	null	null	13113	75
2026-05-27T16:22:47.270	WT901BLE68(F3:F0:16:BF:DC:AE)	-0.044	0.982	-0.200	0.000	-1.404	0.427	101.70	2.24	-38.28	-39.293	23.313	-73.260	-0.58905	-0.73669	0.24591	0.22299	25.8	null	null	13113	75
2026-05-27T16:22:47.424	WT901BLE68(F3:F0:16:BF:DC:AE)	-0.049	0.984	-0.199	-0.793	0.366	-0.183	101.65	2.25	-38.24	-39.293	23.313	-73.260	-0.58905	-0.73669	0.24591	0.22299	25.8	null	null	13113	75
2026-05-27T16:22:47.481	WT901BLE68(F3:F0:16:BF:DC:AE)	-0.045	0.970	-0.221	-1.709	-7.202	-2.014	101.45	2.51	-38.64	-39.293	23.313	-73.260	-0.59183	-0.73587	0.24210	0.22247	25.8	null	null	13113	75
2026-05-27T16:22:47.605	WT901BLE68(F3:F0:16:BF:DC:AE)	-0.046	0.990	-0.176	5.371	-8.850	-0.427	101.69	2.73	-39.33	-39.293	23.313	-73.260	-0.59183	-0.73587	0.24210	0.22247	25.8	null	null	13113	75
2026-05-27T16:22:47.696	WT901BLE68(F3:F0:16:BF:DC:AE)	-0.044	0.972	-0.195	3.113	-0.427	0.183	102.00	2.81	-39.62	-39.293	23.313	-73.260	-0.59183	-0.73587	0.24210	0.22247	25.8	null	null	13113	75
2026-05-27T16:22:47.815	WT901BLE68(F3:F0:16:BF:DC:AE)	-0.048	0.977	-0.219	0.366	3.357	1.343	102.04	2.61	-39.34	-39.293	23.313	-73.260	-0.59183	-0.73587	0.24210	0.22247	25.8	null	null	13113	75
2026-05-27T16:22:47.901	WT901BLE68(F3:F0:16:BF:DC:AE)	-0.041	0.981	-0.200	-1.160	6.714	2.014	102.05	2.42	-39.09	-39.293	23.313	-73.260	-0.59183	-0.73587	0.24210	0.22247	25.8	null	null	13113	75
2026-05-27T16:22:48.024	WT901BLE68(F3:F0:16:BF:DC:AE)	-0.038	0.978	-0.202	-2.869	0.183	0.488	101.68	2.26	-38.81	-39.293	23.313	-73.260	-0.59183	-0.73587	0.24210	0.22247	25.8	null	null	13113	75
2026-05-27T16:22:48.083	WT901BLE68(F3:F0:16:BF:DC:AE)	-0.039	0.981	-0.197	-1.099	0.854	-0.305	101.54	2.25	-38.77	-39.707	23.267	-73.267	-0.59183	-0.73587	0.24210	0.22247	25.8	null	null	13113	75
2026-05-27T16:22:48.206	WT901BLE68(F3:F0:16:BF:DC:AE)	-0.043	0.982	-0.196	-0.671	0.061	-0.610	101.48	2.30	-38.73	-39.707	23.267	-73.267	-0.59183	-0.73587	0.24210	0.22247	25.8	null	null	13113	75
2026-05-27T16:22:48.294	WT901BLE68(F3:F0:16:BF:DC:AE)	-0.048	0.983	-0.199	0.305	-2.258	-0.671	101.46	2.38	-38.78	-39.707	23.267	-73.267	-0.59183	-0.73587	0.24210	0.22247	25.8	null	null	13113	75
2026-05-27T16:22:48.412	WT901BLE68(F3:F0:16:BF:DC:AE)	-0.042	0.973	-0.214	1.892	-3.601	-1.587	101.51	2.65	-39.24	-39.707	23.267	-73.267	-0.59143	-0.73431	0.24472	0.22586	25.8	null	null	13113	75
2026-05-27T16:22:48.506	WT901BLE68(F3:F0:16:BF:DC:AE)	-0.057	0.970	-0.212	7.629	-9.766	-4.395	102.28	3.09	-39.92	-39.707	23.267	-73.267	-0.59143	-0.73431	0.24472	0.22586	25.8	null	null	13113	75
2026-05-27T16:22:48.626	WT901BLE68(F3:F0:16:BF:DC:AE)	-0.062	0.974	-0.221	3.662	-3.967	-1.709	102.68	3.43	-40.29	-39.707	23.267	-73.267	-0.59143	-0.73431	0.24472	0.22586	25.8	null	null	13113	75
2026-05-27T16:22:48.714	WT901BLE68(F3:F0:16:BF:DC:AE)	-0.064	0.979	-0.218	0.488	0.549	-0.244	102.80	3.46	-40.39	-39.707	23.267	-73.267	-0.59143	-0.73431	0.24472	0.22586	25.8	null	null	13113	75
2026-05-27T16:22:48.838	WT901BLE68(F3:F0:16:BF:DC:AE)	-0.060	0.980	-0.215	-0.122	-0.610	0.488	102.76	3.43	-40.39	-39.707	23.267	-73.267	-0.59143	-0.73431	0.24472	0.22586	25.8	null	null	13113	75
2026-05-27T16:22:48.897	WT901BLE68(F3:F0:16:BF:DC:AE)	-0.059	0.976	-0.221	-0.244	-1.099	-0.305	102.69	3.41	-40.44	-39.707	23.267	-73.267	-0.59143	-0.73431	0.24472	0.22586	25.8	null	null	13113	75
2026-05-27T16:22:49.017	WT901BLE68(F3:F0:16:BF:DC:AE)	-0.069	0.974	-0.223	-0.427	1.343	0.549	102.65	3.41	-40.41	-39.707	23.267	-73.267	-0.59143	-0.73431	0.24472	0.22586	25.8	null	null	13113	75
2026-05-27T16:22:49.101	WT901BLE68(F3:F0:16:BF:DC:AE)	-0.058	0.975	-0.223	-0.854	0.854	0.122	102.60	3.42	-40.46	-41.800	22.233	-73.767	-0.59143	-0.73431	0.24472	0.22586	25.8	null	null	13113	75
2026-05-27T16:22:49.224	WT901BLE68(F3:F0:16:BF:DC:AE)	-0.061	0.976	-0.206	-0.183	-0.366	0.000	102.56	3.42	-40.47	-41.800	22.233	-73.767	-0.59143	-0.73431	0.24472	0.22586	25.8	null	null	13113	75
2026-05-27T16:22:49.314	WT901BLE68(F3:F0:16:BF:DC:AE)	-0.062	0.975	-0.219	-0.610	-0.488	-0.183	102.50	3.43	-40.44	-41.800	22.233	-73.767	-0.57867	-0.73807	0.25211	0.23816	25.8	null	null	13113	75
2026-05-27T16:22:49.434	WT901BLE68(F3:F0:16:BF:DC:AE)	-0.066	0.976	-0.230	0.610	-0.061	-0.366	102.50	3.48	-40.49	-41.800	22.233	-73.767	-0.57867	-0.73807	0.25211	0.23816	25.8	null	null	13113	75
2026-05-27T16:22:49.493	WT901BLE68(F3:F0:16:BF:DC:AE)	-0.064	0.973	-0.211	-0.366	-3.296	-2.014	102.51	3.64	-40.62	-41.800	22.233	-73.767	-0.57867	-0.73807	0.25211	0.23816	25.8	null	null	13113	75
2026-05-27T16:22:49.614	WT901BLE68(F3:F0:16:BF:DC:AE)	-0.066	0.979	-0.201	-0.427	-1.526	0.488	102.49	3.74	-40.83	-41.800	22.233	-73.767	-0.57867	-0.73807	0.25211	0.23816	25.8	null	null	13113	75
2026-05-27T16:22:49.704	WT901BLE68(F3:F0:16:BF:DC:AE)	-0.064	0.975	-0.215	-0.183	-0.305	0.122	102.41	3.70	-40.85	-41.800	22.233	-73.767	-0.57867	-0.73807	0.25211	0.23816	25.8	null	null	13113	75
2026-05-27T16:22:49.824	WT901BLE68(F3:F0:16:BF:DC:AE)	-0.080	0.977	-0.207	-0.061	-1.709	0.488	102.40	3.66	-40.86	-41.800	22.233	-73.767	-0.57867	-0.73807	0.25211	0.23816	25.8	null	null	13113	75
2026-05-27T16:22:49.915	WT901BLE68(F3:F0:16:BF:DC:AE)	-0.063	0.978	-0.213	0.488	0.183	0.488	102.39	3.64	-40.91	-41.800	22.233	-73.767	-0.57867	-0.73807	0.25211	0.23816	25.8	null	null	13113	75
2026-05-27T16:22:50.034	WT901BLE68(F3:F0:16:BF:DC:AE)	-0.075	0.978	-0.207	0.671	0.977	0.488	102.43	3.63	-40.90	-42.820	22.253	-72.907	-0.57867	-0.73807	0.25211	0.23816	25.8	null	null	13113	75
2026-05-27T16:22:50.123	WT901BLE68(F3:F0:16:BF:DC:AE)	-0.054	0.972	-0.224	-0.122	-0.488	0.732	102.43	3.59	-40.93	-42.820	22.253	-72.907	-0.57794	-0.73685	0.25388	0.24179	25.8	null	null	13113	75
2026-05-27T16:22:50.245	WT901BLE68(F3:F0:16:BF:DC:AE)	-0.052	0.976	-0.205	0.122	3.113	0.183	102.47	3.49	-40.78	-42.820	22.253	-72.907	-0.57794	-0.73685	0.25388	0.24179	25.8	null	null	13113	75
2026-05-27T16:22:50.306	WT901BLE68(F3:F0:16:BF:DC:AE)	-0.072	0.979	-0.208	0.549	3.906	-0.183	102.52	3.39	-40.34	-42.820	22.253	-72.907	-0.57794	-0.73685	0.25388	0.24179	25.8	null	null	13113	75
2026-05-27T16:22:50.426	WT901BLE68(F3:F0:16:BF:DC:AE)	-0.055	0.973	-0.217	0.488	1.099	0.732	102.56	3.33	-40.07	-42.820	22.253	-72.907	-0.57794	-0.73685	0.25388	0.24179	25.8	null	null	13113	75
2026-05-27T16:22:50.513	WT901BLE68(F3:F0:16:BF:DC:AE)	-0.043	0.974	-0.218	-0.671	5.920	3.052	102.58	3.11	-39.87	-42.820	22.253	-72.907	-0.57794	-0.73685	0.25388	0.24179	25.8	null	null	13113	75
2026-05-27T16:22:50.636	WT901BLE68(F3:F0:16:BF:DC:AE)	-0.055	0.973	-0.225	-9.888	10.010	2.808	102.03	2.54	-38.91	-42.820	22.253	-72.907	-0.57794	-0.73685	0.25388	0.24179	25.8	null	null	13113	75
2026-05-27T16:22:50.721	WT901BLE68(F3:F0:16:BF:DC:AE)	-0.039	0.980	-0.201	-2.808	-1.160	0.732	101.49	2.37	-38.67	-42.820	22.253	-72.907	-0.57794	-0.73685	0.25388	0.24179	25.8	null	null	13113	75
2026-05-27T16:22:50.848	WT901BLE68(F3:F0:16:BF:DC:AE)	-0.038	0.980	-0.204	-1.160	0.061	-0.061	101.35	2.36	-38.73	-42.820	22.253	-72.907	-0.57794	-0.73685	0.25388	0.24179	25.8	null	null	13113	75
2026-05-27T16:22:50.903	WT901BLE68(F3:F0:16:BF:DC:AE)	-0.043	0.983	-0.196	0.000	0.488	0.244	101.34	2.33	-38.65	-39.367	23.700	-72.740	-0.57794	-0.73685	0.25388	0.24179	25.8	null	null	13113	75
2026-05-27T16:22:51.024	WT901BLE68(F3:F0:16:BF:DC:AE)	-0.029	0.977	-0.208	-0.244	0.305	0.183	101.32	2.31	-38.66	-39.367	23.700	-72.740	-0.57794	-0.73685	0.25388	0.24179	25.8	null	null	13113	75
2026-05-27T16:22:51.110	WT901BLE68(F3:F0:16:BF:DC:AE)	-0.042	0.980	-0.201	0.366	0.122	0.305	101.35	2.27	-38.65	-39.367	23.700	-72.740	-0.59286	-0.73389	0.24387	0.22437	25.8	null	null	13113	75
2026-05-27T16:22:51.236	WT901BLE68(F3:F0:16:BF:DC:AE)	-0.040	0.982	-0.193	0.000	2.502	-0.183	101.38	2.24	-38.55	-39.367	23.700	-72.740	-0.59286	-0.73389	0.24387	0.22437	25.8	null	null	13113	75
2026-05-27T16:22:51.353	WT901BLE68(F3:F0:16:BF:DC:AE)	-0.047	0.981	-0.189	0.000	-0.732	0.061	101.37	2.23	-38.44	-39.367	23.700	-72.740	-0.59286	-0.73389	0.24387	0.22437	25.8	null	null	13113	75
2026-05-27T16:22:51.443	WT901BLE68(F3:F0:16:BF:DC:AE)	-0.038	0.981	-0.196	0.122	-2.930	0.427	101.35	2.25	-38.66	-39.367	23.700	-72.740	-0.59286	-0.73389	0.24387	0.22437	25.8	null	null	13113	75
2026-05-27T16:22:51.531	WT901BLE68(F3:F0:16:BF:DC:AE)	-0.044	0.983	-0.191	0.183	-0.549	0.305	101.37	2.25	-38.79	-39.367	23.700	-72.740	-0.59286	-0.73389	0.24387	0.22437	25.8	null	null	13113	75
2026-05-27T16:22:51.655	WT901BLE68(F3:F0:16:BF:DC:AE)	-0.037	0.981	-0.193	0.000	0.488	0.000	101.36	2.25	-38.81	-39.367	23.700	-72.740	-0.59286	-0.73389	0.24387	0.22437	25.8	null	null	13113	75
2026-05-27T16:22:51.710	WT901BLE68(F3:F0:16:BF:DC:AE)	-0.037	0.981	-0.198	-0.610	0.977	-0.549	101.33	2.25	-38.75	-39.493	23.733	-73.427	-0.59286	-0.73389	0.24387	0.22437	25.8	null	null	13113	75
2026-05-27T16:22:51.836	WT901BLE68(F3:F0:16:BF:DC:AE)	-0.045	0.979	-0.206	-0.549	-0.366	-0.061	101.23	2.30	-38.69	-39.493	23.733	-73.427	-0.59286	-0.73389	0.24387	0.22437	25.8	null	null	13113	75
2026-05-27T16:22:51.924	WT901BLE68(F3:F0:16:BF:DC:AE)	-0.026	0.981	-0.187	-1.038	1.343	-0.671	101.20	2.32	-38.75	-39.493	23.733	-73.427	-0.59286	-0.73389	0.24387	0.22437	25.8	null	null	13113	75
2026-05-27T16:22:52.043	WT901BLE68(F3:F0:16:BF:DC:AE)	-0.053	0.981	-0.190	-0.671	-0.793	-0.427	101.12	2.35	-38.59	-39.493	23.733	-73.427	-0.59369	-0.73303	0.24374	0.22513	25.8	null	null	13113	75
2026-05-27T16:22:52.134	WT901BLE68(F3:F0:16:BF:DC:AE)	-0.047	0.986	-0.184	-0.488	-1.160	0.061	101.08	2.37	-38.73	-39.493	23.733	-73.427	-0.59369	-0.73303	0.24374	0.22513	25.8	null	null	13113	75
2026-05-27T16:22:52.253	WT901BLE68(F3:F0:16:BF:DC:AE)	-0.041	0.980	-0.192	-0.732	0.610	-0.488	101.01	2.41	-38.74	-39.493	23.733	-73.427	-0.59369	-0.73303	0.24374	0.22513	25.8	null	null	13113	75
2026-05-27T16:22:52.312	WT901BLE68(F3:F0:16:BF:DC:AE)	-0.040	0.985	-0.199	0.244	-3.662	-0.732	101.00	2.44	-38.83	-39.493	23.733	-73.427	-0.59369	-0.73303	0.24374	0.22513	25.8	null	null	13113	75
2026-05-27T16:22:52.435	WT901BLE68(F3:F0:16:BF:DC:AE)	-0.034	0.984	-0.192	2.563	-5.859	-1.465	101.05	2.63	-39.16	-39.493	23.733	-73.427	-0.59369	-0.73303	0.24374	0.22513	25.8	null	null	13113	75
2026-05-27T16:22:52.524	WT901BLE68(F3:F0:16:BF:DC:AE)	-0.061	0.978	-0.185	5.310	-2.991	-1.343	101.45	2.79	-39.40	-39.493	23.733	-73.427	-0.59369	-0.73303	0.24374	0.22513	25.8	null	null	13113	75
2026-05-27T16:22:52.642	WT901BLE68(F3:F0:16:BF:DC:AE)	-0.051	0.986	-0.181	5.920	-5.615	-2.319	101.99	3.11	-39.91	-39.493	23.733	-73.427	-0.59369	-0.73303	0.24374	0.22513	25.8	null	null	13113	75
2026-05-27T16:22:52.732	WT901BLE68(F3:F0:16:BF:DC:AE)	-0.056	0.971	-0.206	3.357	-1.465	-0.610	102.26	3.22	-40.03	-41.553	22.793	-72.720	-0.59369	-0.73303	0.24374	0.22513	25.8	null	null	13113	75
2026-05-27T16:22:52.854	WT901BLE68(F3:F0:16:BF:DC:AE)	-0.051	0.973	-0.219	1.526	-0.671	-1.038	102.40	3.29	-40.01	-41.553	22.793	-72.720	-0.59369	-0.73303	0.24374	0.22513	25.8	null	null	13113	75
2026-05-27T16:22:52.911	WT901BLE68(F3:F0:16:BF:DC:AE)	-0.056	0.977	-0.205	0.183	-2.319	-0.732	102.47	3.37	-40.17	-41.553	22.793	-72.720	-0.58023	-0.73843	0.24991	0.23550	25.8	null	null	13113	75
2026-05-27T16:22:53.062	WT901BLE68(F3:F0:16:BF:DC:AE)	-0.059	0.974	-0.222	-0.366	0.305	-0.427	102.46	3.39	-40.15	-41.553	22.793	-72.720	-0.58023	-0.73843	0.24991	0.23550	25.8	null	null	13113	75
2026-05-27T16:22:53.123	WT901BLE68(F3:F0:16:BF:DC:AE)	-0.059	0.974	-0.208	-0.427	-0.061	0.305	102.45	3.37	-40.14	-41.553	22.793	-72.720	-0.58023	-0.73843	0.24991	0.23550	25.8	null	null	13113	75
2026-05-27T16:22:53.243	WT901BLE68(F3:F0:16:BF:DC:AE)	-0.056	0.972	-0.215	0.244	1.526	0.549	102.40	3.28	-40.05	-41.553	22.793	-72.720	-0.58023	-0.73843	0.24991	0.23550	25.8	null	null	13113	75
2026-05-27T16:22:53.333	WT901BLE68(F3:F0:16:BF:DC:AE)	-0.071	0.979	-0.214	-0.427	0.854	0.732	102.43	3.20	-39.94	-41.553	22.793	-72.720	-0.58023	-0.73843	0.24991	0.23550	25.8	null	null	13113	75
2026-05-27T16:22:53.457	WT901BLE68(F3:F0:16:BF:DC:AE)	-0.063	0.976	-0.220	0.061	1.160	0.671	102.43	3.13	-39.86	-41.553	22.793	-72.720	-0.58023	-0.73843	0.24991	0.23550	25.8	null	null	13113	75
2026-05-27T16:22:53.541	WT901BLE68(F3:F0:16:BF:DC:AE)	-0.051	0.979	-0.218	0.122	1.038	0.793	102.45	3.05	-39.80	-41.180	22.933	-72.180	-0.58023	-0.73843	0.24991	0.23550	25.8	null	null	13113	75
2026-05-27T16:22:53.665	WT901BLE68(F3:F0:16:BF:DC:AE)	-0.039	0.962	-0.236	1.404	2.563	0.671	102.54	2.99	-39.57	-41.180	22.933	-72.180	-0.58023	-0.73843	0.24991	0.23550	25.8	null	null	13113	75
2026-05-27T16:22:53.722	WT901BLE68(F3:F0:16:BF:DC:AE)	-0.045	0.977	-0.201	-9.705	12.329	4.517	102.21	2.53	-39.05	-41.180	22.933	-72.180	-0.58435	-0.73853	0.24777	0.22717	25.8	null	null	13113	75
2026-05-27T16:22:53.844	WT901BLE68(F3:F0:16:BF:DC:AE)	-0.054	0.986	-0.197	-2.869	0.854	0.488	101.66	2.27	-38.61	-41.180	22.933	-72.180	-0.58435	-0.73853	0.24777	0.22717	25.8	null	null	13113	75
2026-05-27T16:22:53.931	WT901BLE68(F3:F0:16:BF:DC:AE)	-0.034	0.979	-0.205	-0.732	3.052	-0.549	101.54	2.28	-38.40	-41.180	22.933	-72.180	-0.58435	-0.73853	0.24777	0.22717	25.8	null	null	13113	75
2026-05-27T16:22:54.055	WT901BLE68(F3:F0:16:BF:DC:AE)	-0.050	0.984	-0.189	-0.122	0.366	-0.183	101.54	2.29	-38.27	-41.180	22.933	-72.180	-0.58435	-0.73853	0.24777	0.22717	25.8	null	null	13113	75
2026-05-27T16:22:54.140	WT901BLE68(F3:F0:16:BF:DC:AE)	-0.050	0.982	-0.193	-0.122	-2.075	0.305	101.51	2.31	-38.33	-41.180	22.933	-72.180	-0.58435	-0.73853	0.24777	0.22717	25.8	null	null	13113	75
2026-05-27T16:22:54.266	WT901BLE68(F3:F0:16:BF:DC:AE)	-0.038	0.980	-0.199	0.000	-1.465	0.488	101.50	2.31	-38.49	-41.180	22.933	-72.180	-0.58435	-0.73853	0.24777	0.22717	25.8	null	null	13113	75
2026-05-27T16:22:54.353	WT901BLE68(F3:F0:16:BF:DC:AE)	-0.034	0.978	-0.204	-1.099	-0.916	-0.366	101.41	2.36	-38.66	-41.180	22.933	-72.180	-0.58435	-0.73853	0.24777	0.22717	25.8	null	null	13113	75
2026-05-27T16:22:54.441	WT901BLE68(F3:F0:16:BF:DC:AE)	-0.037	0.982	-0.195	-0.488	0.305	0.000	101.35	2.36	-38.72	-40.447	23.807	-73.127	-0.58435	-0.73853	0.24777	0.22717	25.8	null	null	13113	75
2026-05-27T16:22:54.565	WT901BLE68(F3:F0:16:BF:DC:AE)	-0.025	0.975	-0.197	-0.732	2.991	-1.038	101.28	2.38	-38.52	-40.447	23.807	-73.127	-0.58435	-0.73853	0.24777	0.22717	25.8	null	null	13113	75
2026-05-27T16:22:54.650	WT901BLE68(F3:F0:16:BF:DC:AE)	-0.049	0.981	-0.185	0.610	-0.122	0.122	101.30	2.35	-38.38	-40.447	23.807	-73.127	-0.59341	-0.73441	0.24182	0.22339	25.8	null	null	13113	75
2026-05-27T16:22:54.744	WT901BLE68(F3:F0:16:BF:DC:AE)	-0.041	0.982	-0.192	0.488	-1.770	0.488	101.35	2.33	-38.47	-40.447	23.807	-73.127	-0.59341	-0.73441	0.24182	0.22339	25.8	null	null	13113	75
2026-05-27T16:22:54.864	WT901BLE68(F3:F0:16:BF:DC:AE)	-0.054	0.982	-0.199	0.488	-0.366	0.488	101.40	2.29	-38.51	-40.447	23.807	-73.127	-0.59341	-0.73441	0.24182	0.22339	25.8	null	null	13113	75
2026-05-27T16:22:54.953	WT901BLE68(F3:F0:16:BF:DC:AE)	-0.037	0.985	-0.186	0.000	0.610	0.610	101.44	2.26	-38.59	-40.447	23.807	-73.127	-0.59341	-0.73441	0.24182	0.22339	25.8	null	null	13113	75
2026-05-27T16:22:55.073	WT901BLE68(F3:F0:16:BF:DC:AE)	-0.033	0.980	-0.205	0.000	0.488	0.854	101.41	2.19	-38.45	-40.447	23.807	-73.127	-0.59341	-0.73441	0.24182	0.22339	25.8	null	null	13113	75
2026-05-27T16:22:55.134	WT901BLE68(F3:F0:16:BF:DC:AE)	-0.038	0.982	-0.199	0.366	1.770	0.366	101.43	2.11	-38.35	-40.447	23.807	-73.127	-0.59341	-0.73441	0.24182	0.22339	25.8	null	null	13113	75
2026-05-27T16:22:55.258	WT901BLE68(F3:F0:16:BF:DC:AE)	-0.041	0.978	-0.198	0.793	-2.075	1.404	101.46	2.04	-38.43	-40.447	23.807	-73.127	-0.59341	-0.73441	0.24182	0.22339	25.8	null	null	13113	75
2026-05-27T16:22:55.341	WT901BLE68(F3:F0:16:BF:DC:AE)	-0.024	0.979	-0.203	-0.244	-0.977	0.427	101.49	1.99	-38.66	-40.447	23.807	-73.127	-0.59341	-0.73441	0.24182	0.22339	25.8	null	null	13113	75
2026-05-27T16:22:55.467	WT901BLE68(F3:F0:16:BF:DC:AE)	-0.045	0.984	-0.188	0.732	0.427	1.038	101.51	1.92	-38.62	-39.793	23.867	-73.220	-0.59341	-0.73441	0.24182	0.22339	25.8	null	null	13113	75
2026-05-27T16:22:55.549	WT901BLE68(F3:F0:16:BF:DC:AE)	-0.025	0.980	-0.187	0.610	-1.038	1.099	101.55	1.85	-38.69	-39.793	23.867	-73.220	-0.59247	-0.73425	0.24664	0.22119	25.8	null	null	13113	75
2026-05-27T16:22:55.671	WT901BLE68(F3:F0:16:BF:DC:AE)	-0.017	0.979	-0.197	0.488	-0.977	-0.183	101.58	1.80	-38.83	-39.793	23.867	-73.220	-0.59247	-0.73425	0.24664	0.22119	25.8	null	null	13113	75
2026-05-27T16:22:55.730	WT901BLE68(F3:F0:16:BF:DC:AE)	-0.035	0.981	-0.201	0.549	1.648	-0.793	101.63	1.80	-38.74	-39.793	23.867	-73.220	-0.59247	-0.73425	0.24664	0.22119	25.8	null	null	13113	75
2026-05-27T16:22:55.884	WT901BLE68(F3:F0:16:BF:DC:AE)	-0.027	0.979	-0.209	1.404	1.282	-0.427	101.77	1.79	-38.51	-39.793	23.867	-73.220	-0.59247	-0.73425	0.24664	0.22119	25.8	null	null	13113	75
2026-05-27T16:22:55.941	WT901BLE68(F3:F0:16:BF:DC:AE)	-0.034	0.982	-0.204	0.183	1.587	-1.038	101.87	1.82	-38.34	-39.793	23.867	-73.220	-0.59247	-0.73425	0.24664	0.22119	25.8	null	null	13113	75
2026-05-27T16:22:56.063	WT901BLE68(F3:F0:16:BF:DC:AE)	-0.039	0.979	-0.208	0.427	0.854	-0.793	101.89	1.90	-38.19	-39.793	23.867	-73.220	-0.59247	-0.73425	0.24664	0.22119	25.8	null	null	13113	75
2026-05-27T16:22:56.151	WT901BLE68(F3:F0:16:BF:DC:AE)	-0.034	0.979	-0.206	0.427	0.244	-0.549	101.94	1.96	-38.14	-39.793	23.867	-73.220	-0.59247	-0.73425	0.24664	0.22119	25.8	null	null	13113	75
2026-05-27T16:22:56.269	WT901BLE68(F3:F0:16:BF:DC:AE)	-0.047	0.979	-0.206	0.244	0.183	-0.549	101.96	2.02	-38.07	-39.793	23.867	-73.220	-0.59247	-0.73425	0.24664	0.22119	25.8	null	null	13113	75
2026-05-27T16:22:56.361	WT901BLE68(F3:F0:16:BF:DC:AE)	-0.033	0.978	-0.211	0.549	-4.944	0.671	101.97	2.08	-38.27	-39.300	23.200	-73.820	-0.59247	-0.73425	0.24664	0.22119	25.8	null	null	13113	75
2026-05-27T16:22:56.483	WT901BLE68(F3:F0:16:BF:DC:AE)	-0.034	0.980	-0.207	-0.244	1.892	-0.610	102.01	2.10	-38.46	-39.300	23.200	-73.820	-0.58923	-0.73740	0.24527	0.22083	25.8	null	null	13113	75
2026-05-27T16:22:56.543	WT901BLE68(F3:F0:16:BF:DC:AE)	-0.039	0.978	-0.207	0.061	2.441	-0.488	102.01	2.14	-38.26	-39.300	23.200	-73.820	-0.58923	-0.73740	0.24527	0.22083	25.8	null	null	13113	75
2026-05-27T16:22:56.663	WT901BLE68(F3:F0:16:BF:DC:AE)	-0.043	0.979	-0.208	-0.122	-0.854	-0.183	102.01	2.15	-38.16	-39.300	23.200	-73.820	-0.58923	-0.73740	0.24527	0.22083	25.8	null	null	13113	75
2026-05-27T16:22:56.753	WT901BLE68(F3:F0:16:BF:DC:AE)	-0.038	0.978	-0.215	-0.244	-0.671	-0.183	101.99	2.19	-38.21	-39.300	23.200	-73.820	-0.58923	-0.73740	0.24527	0.22083	25.8	null	null	13113	75
2026-05-27T16:22:56.873	WT901BLE68(F3:F0:16:BF:DC:AE)	-0.041	0.979	-0.211	-0.244	0.854	-0.366	101.98	2.21	-38.19	-39.300	23.200	-73.820	-0.58923	-0.73740	0.24527	0.22083	25.8	null	null	13113	75
2026-05-27T16:22:56.961	WT901BLE68(F3:F0:16:BF:DC:AE)	-0.041	0.978	-0.209	-0.183	-0.183	0.061	101.95	2.23	-38.17	-39.300	23.200	-73.820	-0.58923	-0.73740	0.24527	0.22083	25.8	null	null	13113	75
2026-05-27T16:22:57.086	WT901BLE68(F3:F0:16:BF:DC:AE)	-0.037	0.982	-0.199	-0.732	-1.404	0.000	101.93	2.25	-38.28	-39.300	23.200	-73.820	-0.58923	-0.73740	0.24527	0.22083	25.8	null	null	13113	75
2026-05-27T16:22:57.141	WT901BLE68(F3:F0:16:BF:DC:AE)	-0.041	0.978	-0.207	-0.183	-0.305	0.000	101.88	2.26	-38.30	-39.907	23.560	-73.800	-0.58923	-0.73740	0.24527	0.22083	25.8	null	null	13113	75
2026-05-27T16:22:57.289	WT901BLE68(F3:F0:16:BF:DC:AE)	-0.048	0.980	-0.205	0.000	0.000	0.061	101.87	2.26	-38.34	-39.907	23.560	-73.800	-0.58923	-0.73740	0.24527	0.22083	25.8	null	null	13113	75
2026-05-27T16:22:57.352	WT901BLE68(F3:F0:16:BF:DC:AE)	-0.044	0.979	-0.204	-0.305	-0.305	0.122	101.84	2.27	-38.37	-39.907	23.560	-73.800	-0.59009	-0.73721	0.24316	0.22150	25.8	null	null	13113	75
2026-05-27T16:22:57.470	WT901BLE68(F3:F0:16:BF:DC:AE)	-0.040	0.979	-0.202	0.000	0.732	0.000	101.82	2.27	-38.34	-39.907	23.560	-73.800	-0.59009	-0.73721	0.24316	0.22150	25.8	null	null	13113	75
2026-05-27T16:22:57.563	WT901BLE68(F3:F0:16:BF:DC:AE)	-0.041	0.979	-0.201	-0.061	0.671	0.000	101.82	2.26	-38.25	-39.907	23.560	-73.800	-0.59009	-0.73721	0.24316	0.22150	25.8	null	null	13113	75
2026-05-27T16:22:57.689	WT901BLE68(F3:F0:16:BF:DC:AE)	-0.039	0.979	-0.203	0.000	0.061	0.000	101.81	2.26	-38.24	-39.907	23.560	-73.800	-0.59009	-0.73721	0.24316	0.22150	25.8	null	null	13113	75
2026-05-27T16:22:57.774	WT901BLE68(F3:F0:16:BF:DC:AE)	-0.040	0.980	-0.203	0.122	0.244	0.000	101.82	2.27	-38.24	-39.907	23.560	-73.800	-0.59009	-0.73721	0.24316	0.22150	25.8	null	null	13113	75
2026-05-27T16:22:57.891	WT901BLE68(F3:F0:16:BF:DC:AE)	-0.041	0.978	-0.204	0.061	-0.671	0.000	101.81	2.27	-38.24	-39.907	23.560	-73.800	-0.59009	-0.73721	0.24316	0.22150	25.8	null	null	13113	75
2026-05-27T16:22:57.953	WT901BLE68(F3:F0:16:BF:DC:AE)	-0.038	0.979	-0.203	-0.061	-0.549	0.000	101.81	2.30	-38.31	-39.907	23.560	-73.800	-0.59009	-0.73721	0.24316	0.22150	25.8	null	null	13113	75
2026-05-27T16:22:58.071	WT901BLE68(F3:F0:16:BF:DC:AE)	-0.041	0.980	-0.203	0.366	-0.793	0.366	101.83	2.30	-38.35	-39.907	23.560	-73.800	-0.59009	-0.73721	0.24316	0.22150	25.8	null	null	13113	75
2026-05-27T16:22:58.160	WT901BLE68(F3:F0:16:BF:DC:AE)	-0.039	0.980	-0.205	0.122	0.183	0.000	101.83	2.31	-38.44	-39.987	23.693	-73.213	-0.59009	-0.73721	0.24316	0.22150	25.8	null	null	13113	75
2026-05-27T16:22:58.285	WT901BLE68(F3:F0:16:BF:DC:AE)	-0.041	0.978	-0.205	-0.061	0.305	-0.061	101.82	2.31	-38.39	-39.987	23.693	-73.213	-0.59009	-0.73721	0.24316	0.22150	25.8	null	null	13113	75
2026-05-27T16:22:58.373	WT901BLE68(F3:F0:16:BF:DC:AE)	-0.041	0.980	-0.203	-0.122	0.000	0.000	101.81	2.31	-38.36	-39.987	23.693	-73.213	-0.59021	-0.73700	0.24301	0.22198	25.8	null	null	13113	75
2026-05-27T16:22:58.494	WT901BLE68(F3:F0:16:BF:DC:AE)	-0.039	0.979	-0.207	-0.122	0.427	-0.244	101.80	2.32	-38.35	-39.987	23.693	-73.213	-0.59021	-0.73700	0.24301	0.22198	25.8	null	null	13113	75
2026-05-27T16:22:58.552	WT901BLE68(F3:F0:16:BF:DC:AE)	-0.028	0.972	-0.197	0.122	2.136	0.000	101.79	2.32	-38.29	-39.987	23.693	-73.213	-0.59021	-0.73700	0.24301	0.22198	25.8	null	null	13113	75
2026-05-27T16:22:58.705	WT901BLE68(F3:F0:16:BF:DC:AE)	-0.058	0.975	-0.227	2.014	2.014	3.052	101.95	2.11	-38.00	-39.987	23.693	-73.213	-0.59021	-0.73700	0.24301	0.22198	25.8	null	null	13113	75
2026-05-27T16:22:58.763	WT901BLE68(F3:F0:16:BF:DC:AE)	-0.006	0.978	-0.238	-3.418	1.587	4.211	101.95	1.79	-37.97	-39.987	23.693	-73.213	-0.59021	-0.73700	0.24301	0.22198	25.8	null	null	13113	75
2026-05-27T16:22:58.884	WT901BLE68(F3:F0:16:BF:DC:AE)	0.051	0.961	-0.210	-1.770	-11.719	7.935	101.78	1.19	-38.42	-39.987	23.693	-73.213	-0.59021	-0.73700	0.24301	0.22198	25.8	null	null	13113	75
2026-05-27T16:22:58.973	WT901BLE68(F3:F0:16:BF:DC:AE)	-0.064	1.011	-0.150	-3.296	-7.202	6.104	101.45	0.51	-39.55	-38.773	24.220	-72.767	-0.59021	-0.73700	0.24301	0.22198	25.8	null	null	13113	75
2026-05-27T16:22:59.094	WT901BLE68(F3:F0:16:BF:DC:AE)	0.016	0.972	-0.191	-1.831	4.395	3.113	100.95	0.16	-39.74	-38.773	24.220	-72.767	-0.59021	-0.73700	0.24301	0.22198	25.8	null	null	13113	75
2026-05-27T16:22:59.182	WT901BLE68(F3:F0:16:BF:DC:AE)	-0.073	0.995	-0.193	-1.038	-6.470	7.019	100.84	-0.26	-39.92	-38.773	24.220	-72.767	-0.59933	-0.72464	0.26285	0.21561	25.8	null	null	13113	75
2026-05-27T16:22:59.303	WT901BLE68(F3:F0:16:BF:DC:AE)	-0.001	0.984	-0.235	-5.737	-13.123	7.935	100.43	-0.65	-41.31	-38.773	24.220	-72.767	-0.59933	-0.72464	0.26285	0.21561	25.8	null	null	13113	75
2026-05-27T16:22:59.362	WT901BLE68(F3:F0:16:BF:DC:AE)	0.014	0.995	-0.195	-9.155	-3.113	10.254	99.77	-1.35	-42.03	-38.773	24.220	-72.767	-0.59933	-0.72464	0.26285	0.21561	25.8	null	null	13113	75
2026-05-27T16:22:59.483	WT901BLE68(F3:F0:16:BF:DC:AE)	0.083	0.973	-0.192	-14.587	5.554	5.066	98.70	-1.88	-41.47	-38.773	24.220	-72.767	-0.59933	-0.72464	0.26285	0.21561	25.8	null	null	13113	75
2026-05-27T16:22:59.571	WT901BLE68(F3:F0:16:BF:DC:AE)	0.081	0.974	-0.142	-14.893	9.338	5.249	97.31	-2.61	-40.00	-38.773	24.220	-72.767	-0.59933	-0.72464	0.26285	0.21561	25.8	null	null	13113	75
2026-05-27T16:22:59.695	WT901BLE68(F3:F0:16:BF:DC:AE)	0.041	0.994	-0.111	-12.512	23.499	6.226	96.15	-3.46	-37.57	-38.773	24.220	-72.767	-0.59933	-0.72464	0.26285	0.21561	25.8	null	null	13113	75
2026-05-27T16:22:59.785	WT901BLE68(F3:F0:16:BF:DC:AE)	0.046	1.011	-0.022	-20.020	3.113	5.615	94.39	-4.08	-36.13	-38.773	24.220	-72.767	-0.59933	-0.72464	0.26285	0.21561	25.8	null	null	13113	75
2026-05-27T16:22:59.902	WT901BLE68(F3:F0:16:BF:DC:AE)	0.055	1.021	0.020	-38.391	6.653	-8.240	91.20	-3.77	-35.79	-32.393	29.893	-65.560	-0.59933	-0.72464	0.26285	0.21561	25.8	null	null	13113	75
2026-05-27T16:22:59.965	WT901BLE68(F3:F0:16:BF:DC:AE)	0.061	0.999	0.135	-38.940	9.277	-11.169	87.71	-2.80	-34.22	-32.393	29.893	-65.560	-0.59933	-0.72464	0.26285	0.21561	25.8	null	null	13113	75
2026-05-27T16:23:00.118	WT901BLE68(F3:F0:16:BF:DC:AE)	0.070	0.969	0.092	-20.996	9.216	0.488	84.53	-2.35	-32.81	-32.393	29.893	-65.560	-0.59933	-0.72464	0.26285	0.21561	25.8	null	null	13113	75
2026-05-27T16:23:00.177	WT901BLE68(F3:F0:16:BF:DC:AE)	0.091	0.997	0.107	-10.071	13.123	4.761	83.30	-2.92	-31.46	-32.393	29.893	-65.560	-0.71948	-0.63654	0.20181	0.19058	25.8	null	null	13113	75
2026-05-27T16:23:00.295	WT901BLE68(F3:F0:16:BF:DC:AE)	0.027	1.012	0.201	-11.108	-24.231	0.000	82.47	-3.50	-32.56	-32.393	29.893	-65.560	-0.71948	-0.63654	0.20181	0.19058	25.8	null	null	13113	75
2026-05-27T16:23:00.384	WT901BLE68(F3:F0:16:BF:DC:AE)	0.070	0.943	0.178	-15.442	0.732	-20.935	80.94	-2.86	-34.90	-32.393	29.893	-65.560	-0.71948	-0.63654	0.20181	0.19058	25.8	null	null	13113	75
2026-05-27T16:23:00.507	WT901BLE68(F3:F0:16:BF:DC:AE)	0.013	0.929	0.083	16.296	18.677	-21.973	80.93	-0.17	-32.59	-32.393	29.893	-65.560	-0.71948	-0.63654	0.20181	0.19058	25.8	null	null	13113	75
2026-05-27T16:23:00.593	WT901BLE68(F3:F0:16:BF:DC:AE)	0.079	0.999	0.152	18.555	-3.296	-5.493	82.86	1.32	-32.08	-32.393	29.893	-65.560	-0.71948	-0.63654	0.20181	0.19058	25.8	null	null	13113	75
2026-05-27T16:23:00.716	WT901BLE68(F3:F0:16:BF:DC:AE)	-0.004	1.061	0.361	-6.836	-3.174	0.427	84.13	1.22	-31.25	-32.393	29.893	-65.560	-0.71948	-0.63654	0.20181	0.19058	25.8	null	null	13113	75
2026-05-27T16:23:00.771	WT901BLE68(F3:F0:16:BF:DC:AE)	0.179	1.048	0.223	-32.043	41.687	-2.808	82.30	0.73	-27.72	-31.893	35.440	-57.060	-0.71948	-0.63654	0.20181	0.19058	25.8	null	null	13113	75
2026-05-27T16:23:00.897	WT901BLE68(F3:F0:16:BF:DC:AE)	-0.187	0.941	0.031	-15.259	46.997	10.254	79.74	1.44	-21.02	-31.893	35.440	-57.060	-0.71948	-0.63654	0.20181	0.19058	25.8	null	null	13113	75
2026-05-27T16:23:00.984	WT901BLE68(F3:F0:16:BF:DC:AE)	0.079	0.898	0.170	-3.113	-16.296	36.804	79.24	-0.36	-20.06	-31.893	35.440	-57.060	-0.75784	-0.62988	0.10373	0.13434	25.8	null	null	13113	75
2026-05-27T16:23:01.107	WT901BLE68(F3:F0:16:BF:DC:AE)	0.134	0.991	0.078	23.926	-7.019	38.086	80.47	-4.76	-20.39	-31.893	35.440	-57.060	-0.75784	-0.62988	0.10373	0.13434	25.8	null	null	13113	75
2026-05-27T16:23:01.193	WT901BLE68(F3:F0:16:BF:DC:AE)	0.116	0.955	0.103	41.199	-4.517	23.254	83.67	-7.55	-19.41	-31.893	35.440	-57.060	-0.75784	-0.62988	0.10373	0.13434	25.8	null	null	13113	75
2026-05-27T16:23:01.316	WT901BLE68(F3:F0:16:BF:DC:AE)	0.130	1.108	0.080	45.959	35.400	-5.432	87.14	-8.23	-19.31	-31.893	35.440	-57.060	-0.75784	-0.62988	0.10373	0.13434	25.8	null	null	13113	75
2026-05-27T16:23:01.372	WT901BLE68(F3:F0:16:BF:DC:AE)	-0.090	1.001	-0.011	30.823	-8.667	-1.099	89.78	-7.81	-16.88	-31.893	35.440	-57.060	-0.75784	-0.62988	0.10373	0.13434	25.8	null	null	13113	75
2026-05-27T16:23:01.493	WT901BLE68(F3:F0:16:BF:DC:AE)	0.217	0.998	-0.018	25.024	-32.959	3.906	92.89	-7.36	-21.53	-31.893	35.440	-57.060	-0.75784	-0.62988	0.10373	0.13434	25.8	null	null	13113	75
2026-05-27T16:23:01.587	WT901BLE68(F3:F0:16:BF:DC:AE)	0.142	1.020	-0.047	15.808	-8.606	-3.723	95.19	-7.17	-23.18	-31.893	35.440	-57.060	-0.75784	-0.62988	0.10373	0.13434	25.8	null	null	13113	75
2026-05-27T16:23:01.708	WT901BLE68(F3:F0:16:BF:DC:AE)	0.109	0.978	-0.132	9.766	-6.958	-9.521	95.92	-6.31	-23.87	-31.893	35.440	-57.060	-0.75784	-0.62988	0.10373	0.13434	25.8	null	null	13113	75
2026-05-27T16:23:01.793	WT901BLE68(F3:F0:16:BF:DC:AE)	0.116	0.972	-0.138	10.437	-3.174	-10.193	97.01	-5.29	-24.13	-24.233	26.340	-70.013	-0.75784	-0.62988	0.10373	0.13434	25.8	null	null	13113	75
2026-05-27T16:23:01.942	WT901BLE68(F3:F0:16:BF:DC:AE)	0.076	0.966	-0.170	9.888	-13.550	-9.583	98.03	-4.32	-24.47	-24.233	26.340	-70.013	-0.65024	-0.72903	0.18448	0.10754	25.8	null	null	13113	75
2026-05-27T16:23:02.002	WT901BLE68(F3:F0:16:BF:DC:AE)	0.060	0.967	-0.210	14.282	-16.602	-7.385	99.36	-3.31	-25.91	-24.233	26.340	-70.013	-0.65024	-0.72903	0.18448	0.10754	25.8	null	null	13113	75
2026-05-27T16:23:02.125	WT901BLE68(F3:F0:16:BF:DC:AE)	-0.009	0.984	-0.188	7.019	-6.775	-10.803	100.52	-2.27	-27.18	-24.233	26.340	-70.013	-0.65024	-0.72903	0.18448	0.10754	25.8	null	null	13113	75
2026-05-27T16:23:02.183	WT901BLE68(F3:F0:16:BF:DC:AE)	-0.079	0.999	-0.225	5.432	-3.235	-7.507	101.20	-1.31	-27.10	-24.233	26.340	-70.013	-0.65024	-0.72903	0.18448	0.10754	25.8	null	null	13113	75
2026-05-27T16:23:02.306	WT901BLE68(F3:F0:16:BF:DC:AE)	-0.002	0.970	-0.249	2.808	-2.563	-5.554	101.58	-0.40	-27.21	-24.233	26.340	-70.013	-0.65024	-0.72903	0.18448	0.10754	25.8	null	null	13113	75
2026-05-27T16:23:02.395	WT901BLE68(F3:F0:16:BF:DC:AE)	-0.053	0.985	-0.221	1.343	-4.578	-3.052	101.90	0.14	-27.32	-24.233	26.340	-70.013	-0.65024	-0.72903	0.18448	0.10754	25.8	null	null	13113	75
2026-05-27T16:23:02.514	WT901BLE68(F3:F0:16:BF:DC:AE)	-0.047	0.979	-0.245	-0.183	-6.958	-1.160	101.98	0.56	-27.77	-24.233	26.340	-70.013	-0.65024	-0.72903	0.18448	0.10754	25.8	null	null	13113	75
2026-05-27T16:23:02.604	WT901BLE68(F3:F0:16:BF:DC:AE)	-0.042	0.978	-0.217	-1.404	-7.202	1.282	101.95	0.82	-28.41	-34.420	21.533	-74.613	-0.65024	-0.72903	0.18448	0.10754	25.8	null	null	13113	75
2026-05-27T16:23:02.725	WT901BLE68(F3:F0:16:BF:DC:AE)	-0.070	0.982	-0.240	-0.916	-14.709	2.441	101.96	0.99	-29.62	-34.420	21.533	-74.613	-0.65024	-0.72903	0.18448	0.10754	25.8	null	null	13113	75
2026-05-27T16:23:02.781	WT901BLE68(F3:F0:16:BF:DC:AE)	-0.026	0.974	-0.243	0.000	-6.897	3.784	102.06	1.05	-30.83	-34.420	21.533	-74.613	-0.60449	-0.75125	0.19995	0.17352	25.8	null	null	13113	75
2026-05-27T16:23:02.908	WT901BLE68(F3:F0:16:BF:DC:AE)	-0.031	0.978	-0.222	-0.671	-11.475	5.371	102.01	0.75	-31.38	-34.420	21.533	-74.613	-0.60449	-0.75125	0.19995	0.17352	25.8	null	null	13113	75
2026-05-27T16:23:02.992	WT901BLE68(F3:F0:16:BF:DC:AE)	-0.021	0.980	-0.215	-2.563	10.803	10.498	101.89	0.00	-31.38	-34.420	21.533	-74.613	-0.60449	-0.75125	0.19995	0.17352	25.8	null	null	13113	75
2026-05-27T16:23:03.117	WT901BLE68(F3:F0:16:BF:DC:AE)	-0.018	0.983	-0.206	-5.981	4.150	11.597	101.35	-1.07	-30.92	-34.420	21.533	-74.613	-0.60449	-0.75125	0.19995	0.17352	25.8	null	null	13113	75
2026-05-27T16:23:03.205	WT901BLE68(F3:F0:16:BF:DC:AE)	-0.010	0.986	-0.202	-7.629	0.977	13.672	100.75	-2.19	-30.98	-34.420	21.533	-74.613	-0.60449	-0.75125	0.19995	0.17352	25.8	null	null	13113	75
2026-05-27T16:23:03.327	WT901BLE68(F3:F0:16:BF:DC:AE)	0.047	0.997	-0.198	-13.489	12.268	10.376	99.73	-3.36	-30.34	-34.420	21.533	-74.613	-0.60449	-0.75125	0.19995	0.17352	25.8	null	null	13113	75
2026-05-27T16:23:03.412	WT901BLE68(F3:F0:16:BF:DC:AE)	-0.003	1.000	-0.129	-9.888	9.766	-0.610	98.28	-3.78	-29.77	-34.420	21.533	-74.613	-0.60449	-0.75125	0.19995	0.17352	25.8	null	null	13113	75
2026-05-27T16:23:03.533	WT901BLE68(F3:F0:16:BF:DC:AE)	0.160	0.963	-0.119	-24.780	30.884	2.991	95.79	-3.67	-28.35	-30.773	26.140	-69.927	-0.60449	-0.75125	0.19995	0.17352	25.8	null	null	13113	75
2026-05-27T16:23:03.594	WT901BLE68(F3:F0:16:BF:DC:AE)	0.062	0.966	-0.083	-12.085	17.761	14.526	93.81	-4.95	-25.22	-30.773	26.140	-69.927	-0.60449	-0.75125	0.19995	0.17352	25.8	null	null	13113	75
2026-05-27T16:23:03.713	WT901BLE68(F3:F0:16:BF:DC:AE)	0.171	0.975	-0.047	-14.954	-6.348	14.526	92.61	-6.50	-25.11	-30.773	26.140	-69.927	-0.60449	-0.75125	0.19995	0.17352	25.8	null	null	13113	75
2026-05-27T16:23:03.801	WT901BLE68(F3:F0:16:BF:DC:AE)	0.192	0.991	0.019	-12.695	7.202	9.094	91.25	-7.70	-25.35	-30.773	26.140	-69.927	-0.68512	-0.69220	0.19876	0.10898	25.8	null	null	13113	75
2026-05-27T16:23:03.925	WT901BLE68(F3:F0:16:BF:DC:AE)	0.160	0.990	0.047	-8.484	10.132	2.991	89.99	-8.26	-24.30	-30.773	26.140	-69.927	-0.68512	-0.69220	0.19876	0.10898	25.8	null	null	13113	75
2026-05-27T16:23:04.014	WT901BLE68(F3:F0:16:BF:DC:AE)	0.158	0.959	0.040	-10.132	5.371	3.723	88.47	-8.43	-23.62	-30.773	26.140	-69.927	-0.68512	-0.69220	0.19876	0.10898	25.8	null	null	13113	75
2026-05-27T16:23:04.137	WT901BLE68(F3:F0:16:BF:DC:AE)	0.124	0.966	0.115	-19.226	-0.244	-6.226	86.97	-8.41	-23.32	-30.773	26.140	-69.927	-0.68512	-0.69220	0.19876	0.10898	25.8	null	null	13113	75
2026-05-27T16:23:04.194	WT901BLE68(F3:F0:16:BF:DC:AE)	0.125	0.981	0.089	-21.179	-8.240	-10.010	84.85	-7.53	-23.73	-30.773	26.140	-69.927	-0.68512	-0.69220	0.19876	0.10898	25.8	null	null	13113	75
2026-05-27T16:23:04.314	WT901BLE68(F3:F0:16:BF:DC:AE)	0.117	1.000	0.082	-8.362	-8.179	-8.972	83.59	-6.73	-24.47	-30.773	26.140	-69.927	-0.68512	-0.69220	0.19876	0.10898	25.8	null	null	13113	75
2026-05-27T16:23:04.405	WT901BLE68(F3:F0:16:BF:DC:AE)	0.134	1.007	0.109	0.854	-21.912	-7.202	83.62	-6.08	-25.94	-24.860	35.047	-58.960	-0.68512	-0.69220	0.19876	0.10898	25.8	null	null	13113	75
2026-05-27T16:23:04.524	WT901BLE68(F3:F0:16:BF:DC:AE)	0.167	0.969	0.135	0.183	-15.869	-4.150	83.90	-5.89	-28.05	-24.860	35.047	-58.960	-0.68512	-0.69220	0.19876	0.10898	25.8	null	null	13113	75
2026-05-27T16:23:04.612	WT901BLE68(F3:F0:16:BF:DC:AE)	0.132	0.995	0.103	1.099	-4.883	-3.479	84.02	-5.79	-28.66	-24.860	35.047	-58.960	-0.72769	-0.63821	0.20132	0.14996	25.8	null	null	13113	75
2026-05-27T16:23:04.736	WT901BLE68(F3:F0:16:BF:DC:AE)	0.090	0.977	0.103	3.296	-19.043	-5.432	84.31	-5.52	-29.77	-24.860	35.047	-58.960	-0.72769	-0.63821	0.20132	0.14996	25.8	null	null	13113	75
2026-05-27T16:23:04.826	WT901BLE68(F3:F0:16:BF:DC:AE)	0.086	0.991	0.124	3.174	-17.212	-8.667	84.71	-5.05	-31.46	-24.860	35.047	-58.960	-0.72769	-0.63821	0.20132	0.14996	25.8	null	null	13113	75
2026-05-27T16:23:04.945	WT901BLE68(F3:F0:16:BF:DC:AE)	0.079	0.992	0.064	4.211	-31.189	-12.085	85.24	-4.06	-33.88	-24.860	35.047	-58.960	-0.72769	-0.63821	0.20132	0.14996	25.8	null	null	13113	75
2026-05-27T16:23:05.001	WT901BLE68(F3:F0:16:BF:DC:AE)	0.151	1.007	0.095	9.338	-16.541	-3.540	86.11	-3.71	-36.12	-24.860	35.047	-58.960	-0.72769	-0.63821	0.20132	0.14996	25.8	null	null	13113	75
2026-05-27T16:23:05.129	WT901BLE68(F3:F0:16:BF:DC:AE)	0.110	0.998	0.069	2.808	19.226	4.089	86.37	-4.21	-35.82	-24.860	35.047	-58.960	-0.72769	-0.63821	0.20132	0.14996	25.8	null	null	13113	75
2026-05-27T16:23:05.215	WT901BLE68(F3:F0:16:BF:DC:AE)	0.060	0.980	0.002	10.925	9.888	5.737	86.92	-4.69	-34.40	-24.860	35.047	-58.960	-0.72769	-0.63821	0.20132	0.14996	25.8	null	null	13113	75
2026-05-27T16:23:05.331	WT901BLE68(F3:F0:16:BF:DC:AE)	0.120	1.019	0.068	13.000	1.404	5.798	88.15	-5.34	-34.20	-35.060	33.400	-60.520	-0.72769	-0.63821	0.20132	0.14996	25.8	null	null	13113	75
2026-05-27T16:23:05.425	WT901BLE68(F3:F0:16:BF:DC:AE)	0.108	0.994	0.050	10.803	20.081	0.732	89.06	-5.61	-32.72	-35.060	33.400	-60.520	-0.72769	-0.63821	0.20132	0.14996	25.8	null	null	13113	75
2026-05-27T16:23:05.540	WT901BLE68(F3:F0:16:BF:DC:AE)	0.010	1.031	0.041	9.399	12.024	-3.479	89.75	-5.55	-30.87	-35.060	33.400	-60.520	-0.69229	-0.66708	0.22427	0.15903	25.8	null	null	13113	75
2026-05-27T16:23:05.602	WT901BLE68(F3:F0:16:BF:DC:AE)	0.066	0.996	-0.001	7.996	7.996	-5.920	90.41	-4.80	-29.75	-35.060	33.400	-60.520	-0.69229	-0.66708	0.22427	0.15903	25.8	null	null	13113	75
2026-05-27T16:23:05.725	WT901BLE68(F3:F0:16:BF:DC:AE)	0.063	1.004	-0.013	8.850	-0.183	-4.517	91.22	-4.34	-29.53	-35.060	33.400	-60.520	-0.69229	-0.66708	0.22427	0.15903	25.8	null	null	13113	75
2026-05-27T16:23:05.813	WT901BLE68(F3:F0:16:BF:DC:AE)	0.063	0.999	-0.064	11.658	8.179	-7.813	92.04	-3.78	-29.06	-35.060	33.400	-60.520	-0.69229	-0.66708	0.22427	0.15903	25.8	null	null	13113	75
2026-05-27T16:23:05.935	WT901BLE68(F3:F0:16:BF:DC:AE)	0.034	0.987	-0.140	22.705	7.080	-13.062	93.48	-2.81	-27.89	-35.060	33.400	-60.520	-0.69229	-0.66708	0.22427	0.15903	25.8	null	null	13113	75
2026-05-27T16:23:06.021	WT901BLE68(F3:F0:16:BF:DC:AE)	0.051	0.964	-0.161	32.776	8.179	0.488	96.23	-2.30	-28.23	-35.060	33.400	-60.520	-0.69229	-0.66708	0.22427	0.15903	25.8	null	null	13113	75
2026-05-27T16:23:06.140	WT901BLE68(F3:F0:16:BF:DC:AE)	0.021	0.968	-0.175	26.367	27.527	2.563	99.14	-2.73	-27.14	-35.060	33.400	-60.520	-0.69229	-0.66708	0.22427	0.15903	25.8	null	null	13113	75
2026-05-27T16:23:06.236	WT901BLE68(F3:F0:16:BF:DC:AE)	-0.050	0.981	-0.193	14.771	-0.549	-2.380	100.93	-2.76	-26.22	-33.607	24.393	-72.060	-0.69229	-0.66708	0.22427	0.15903	25.8	null	null	13113	75
2026-05-27T16:23:06.353	WT901BLE68(F3:F0:16:BF:DC:AE)	-0.063	1.019	-0.173	8.240	5.432	-4.700	102.16	-2.25	-26.13	-33.607	24.393	-72.060	-0.69229	-0.66708	0.22427	0.15903	25.8	null	null	13113	75
2026-05-27T16:23:06.411	WT901BLE68(F3:F0:16:BF:DC:AE)	-0.061	0.950	-0.290	4.211	-3.662	-3.784	102.45	-1.40	-25.86	-33.607	24.393	-72.060	-0.61359	-0.75702	0.18411	0.12823	25.8	null	null	13113	75
2026-05-27T16:23:06.531	WT901BLE68(F3:F0:16:BF:DC:AE)	0.028	0.993	-0.235	0.000	-24.109	2.014	103.00	-0.79	-27.25	-33.607	24.393	-72.060	-0.61359	-0.75702	0.18411	0.12823	25.8	null	null	13113	75
2026-05-27T16:23:06.622	WT901BLE68(F3:F0:16:BF:DC:AE)	0.028	0.963	-0.210	-0.793	6.775	1.221	102.93	-0.53	-28.65	-33.607	24.393	-72.060	-0.61359	-0.75702	0.18411	0.12823	25.8	null	null	13113	75
2026-05-27T16:23:06.749	WT901BLE68(F3:F0:16:BF:DC:AE)	-0.061	0.981	-0.250	-0.732	-11.902	3.113	102.93	-0.68	-28.76	-33.607	24.393	-72.060	-0.61359	-0.75702	0.18411	0.12823	25.8	null	null	13113	75
2026-05-27T16:23:06.832	WT901BLE68(F3:F0:16:BF:DC:AE)	0.006	0.973	-0.236	-0.916	-4.089	5.127	102.88	-0.77	-29.93	-33.607	24.393	-72.060	-0.61359	-0.75702	0.18411	0.12823	25.8	null	null	13113	75
2026-05-27T16:23:06.951	WT901BLE68(F3:F0:16:BF:DC:AE)	0.002	0.974	-0.228	-2.625	-10.193	7.874	102.80	-1.17	-30.77	-33.607	24.393	-72.060	-0.61359	-0.75702	0.18411	0.12823	25.8	null	null	13113	75
2026-05-27T16:23:07.013	WT901BLE68(F3:F0:16:BF:DC:AE)	0.013	0.976	-0.230	-3.357	-2.441	9.277	102.58	-1.77	-31.59	-33.607	24.393	-72.060	-0.61359	-0.75702	0.18411	0.12823	25.8	null	null	13113	75
2026-05-27T16:23:07.130	WT901BLE68(F3:F0:16:BF:DC:AE)	0.012	0.976	-0.210	-3.601	-2.441	12.085	102.33	-2.63	-32.12	-33.607	24.393	-72.060	-0.61359	-0.75702	0.18411	0.12823	25.8	null	null	13113	75
2026-05-27T16:23:07.222	WT901BLE68(F3:F0:16:BF:DC:AE)	0.037	0.979	-0.224	-7.202	-0.366	13.855	101.90	-3.78	-32.46	-36.333	22.593	-73.400	-0.61359	-0.75702	0.18411	0.12823	25.8	null	null	13113	75
2026-05-27T16:23:07.340	WT901BLE68(F3:F0:16:BF:DC:AE)	0.113	0.984	-0.145	-15.625	14.343	8.606	100.84	-4.80	-32.23	-36.333	22.593	-73.400	-0.61496	-0.73618	0.23987	0.14911	25.8	null	null	13113	75
2026-05-27T16:23:07.432	WT901BLE68(F3:F0:16:BF:DC:AE)	0.085	0.983	-0.144	-20.142	15.686	5.310	98.95	-5.72	-30.59	-36.333	22.593	-73.400	-0.61496	-0.73618	0.23987	0.14911	25.8	null	null	13113	75
2026-05-27T16:23:07.550	WT901BLE68(F3:F0:16:BF:DC:AE)	0.106	0.981	-0.109	-24.841	7.996	4.822	96.64	-6.33	-29.43	-36.333	22.593	-73.400	-0.61496	-0.73618	0.23987	0.14911	25.8	null	null	13113	75
2026-05-27T16:23:07.640	WT901BLE68(F3:F0:16:BF:DC:AE)	0.120	0.990	-0.079	-26.428	5.005	2.563	94.12	-6.72	-28.77	-36.333	22.593	-73.400	-0.61496	-0.73618	0.23987	0.14911	25.8	null	null	13113	75
2026-05-27T16:23:07.767	WT901BLE68(F3:F0:16:BF:DC:AE)	0.172	1.005	-0.021	-23.987	7.996	1.099	91.67	-6.91	-28.14	-36.333	22.593	-73.400	-0.61496	-0.73618	0.23987	0.14911	25.8	null	null	13113	75
2026-05-27T16:23:07.823	WT901BLE68(F3:F0:16:BF:DC:AE)	0.149	0.998	-0.008	-15.381	6.958	2.014	89.71	-7.22	-26.99	-36.333	22.593	-73.400	-0.61496	-0.73618	0.23987	0.14911	25.8	null	null	13113	75
2026-05-27T16:23:07.946	WT901BLE68(F3:F0:16:BF:DC:AE)	0.169	0.969	0.051	-12.634	3.845	5.127	88.36	-7.66	-26.68	-36.333	22.593	-73.400	-0.61496	-0.73618	0.23987	0.14911	25.8	null	null	13113	75
2026-05-27T16:23:08.031	WT901BLE68(F3:F0:16:BF:DC:AE)	0.194	0.982	0.067	-19.897	6.958	-7.935	86.92	-7.71	-26.11	-26.173	33.247	-61.300	-0.61496	-0.73618	0.23987	0.14911	25.8	null	null	13113	75
2026-05-27T16:23:08.152	WT901BLE68(F3:F0:16:BF:DC:AE)	0.063	1.097	0.085	-8.423	9.827	-9.521	85.46	-7.25	-24.87	-26.173	33.247	-61.300	-0.61496	-0.73618	0.23987	0.14911	25.8	null	null	13113	75
2026-05-27T16:23:08.245	WT901BLE68(F3:F0:16:BF:DC:AE)	0.209	0.981	0.081	0.000	-5.188	1.465	85.15	-7.13	-25.98	-26.173	33.247	-61.300	-0.72568	-0.64807	0.19482	0.12378	25.8	null	null	13113	75
2026-05-27T16:23:08.366	WT901BLE68(F3:F0:16:BF:DC:AE)	0.166	0.979	0.104	-0.427	7.141	-3.113	84.98	-7.15	-26.31	-26.173	33.247	-61.300	-0.72568	-0.64807	0.19482	0.12378	25.8	null	null	13113	75
2026-05-27T16:23:08.426	WT901BLE68(F3:F0:16:BF:DC:AE)	0.122	0.993	0.122	-0.854	2.258	0.122	84.81	-7.12	-25.56	-26.173	33.247	-61.300	-0.72568	-0.64807	0.19482	0.12378	25.8	null	null	13113	75
2026-05-27T16:23:08.545	WT901BLE68(F3:F0:16:BF:DC:AE)	0.131	0.979	0.122	1.587	1.770	1.038	84.74	-7.27	-25.53	-26.173	33.247	-61.300	-0.72568	-0.64807	0.19482	0.12378	25.8	null	null	13113	75
2026-05-27T16:23:08.635	WT901BLE68(F3:F0:16:BF:DC:AE)	0.125	0.971	0.113	-0.916	-1.953	-3.540	84.55	-7.04	-25.64	-26.173	33.247	-61.300	-0.72568	-0.64807	0.19482	0.12378	25.8	null	null	13113	75
2026-05-27T16:23:08.754	WT901BLE68(F3:F0:16:BF:DC:AE)	0.086	0.987	0.094	0.061	-6.104	-9.155	84.46	-6.51	-25.98	-26.173	33.247	-61.300	-0.72568	-0.64807	0.19482	0.12378	25.8	null	null	13113	75
2026-05-27T16:23:08.844	WT901BLE68(F3:F0:16:BF:DC:AE)	0.102	0.997	0.095	4.761	-24.597	-10.010	84.84	-5.60	-27.68	-26.173	33.247	-61.300	-0.72568	-0.64807	0.19482	0.12378	25.8	null	null	13113	75
2026-05-27T16:23:08.961	WT901BLE68(F3:F0:16:BF:DC:AE)	0.181	0.983	0.108	4.517	-13.550	-4.272	85.57	-5.23	-29.98	-30.200	34.633	-60.080	-0.72568	-0.64807	0.19482	0.12378	25.8	null	null	13113	75
2026-05-27T16:23:09.056	WT901BLE68(F3:F0:16:BF:DC:AE)	0.130	0.997	0.095	5.493	1.404	-3.174	86.17	-5.10	-30.41	-30.200	34.633	-60.080	-0.72568	-0.64807	0.19482	0.12378	25.8	null	null	13113	75
2026-05-27T16:23:09.173	WT901BLE68(F3:F0:16:BF:DC:AE)	0.101	1.009	0.086	4.944	2.563	-4.089	86.59	-4.86	-30.12	-30.200	34.633	-60.080	-0.71048	-0.65240	0.20877	0.16095	25.8	null	null	13113	75
2026-05-27T16:23:09.235	WT901BLE68(F3:F0:16:BF:DC:AE)	0.088	1.008	0.076	5.493	7.141	-5.676	87.03	-4.44	-29.71	-30.200	34.633	-60.080	-0.71048	-0.65240	0.20877	0.16095	25.8	null	null	13113	75
2026-05-27T16:23:09.356	WT901BLE68(F3:F0:16:BF:DC:AE)	0.062	0.996	0.031	7.080	8.606	-8.240	87.40	-3.67	-28.85	-30.200	34.633	-60.080	-0.71048	-0.65240	0.20877	0.16095	25.8	null	null	13113	75
2026-05-27T16:23:09.447	WT901BLE68(F3:F0:16:BF:DC:AE)	0.051	0.999	0.019	9.094	3.479	-7.629	88.14	-2.89	-28.33	-30.200	34.633	-60.080	-0.71048	-0.65240	0.20877	0.16095	25.8	null	null	13113	75
2026-05-27T16:23:09.568	WT901BLE68(F3:F0:16:BF:DC:AE)	0.059	1.001	0.017	9.033	0.793	-5.859	88.97	-2.32	-28.43	-30.200	34.633	-60.080	-0.71048	-0.65240	0.20877	0.16095	25.8	null	null	13113	75
2026-05-27T16:23:09.653	WT901BLE68(F3:F0:16:BF:DC:AE)	0.013	1.000	-0.060	23.254	14.221	-3.906	90.52	-1.92	-27.52	-30.200	34.633	-60.080	-0.71048	-0.65240	0.20877	0.16095	25.8	null	null	13113	75
2026-05-27T16:23:09.778	WT901BLE68(F3:F0:16:BF:DC:AE)	0.020	0.985	-0.081	30.273	-8.301	-5.371	93.26	-1.19	-27.25	-30.200	34.633	-60.080	-0.71048	-0.65240	0.20877	0.16095	25.8	null	null	13113	75
2026-05-27T16:23:09.834	WT901BLE68(F3:F0:16:BF:DC:AE)	0.058	1.011	-0.082	25.208	-4.333	-6.226	96.31	-0.54	-27.38	-35.347	29.107	-68.207	-0.71048	-0.65240	0.20877	0.16095	25.8	null	null	13113	75
2026-05-27T16:23:09.960	WT901BLE68(F3:F0:16:BF:DC:AE)	-0.014	0.958	-0.208	26.794	11.047	-1.099	98.49	-0.24	-26.64	-35.347	29.107	-68.207	-0.71048	-0.65240	0.20877	0.16095	25.8	null	null	13113	75
2026-05-27T16:23:10.044	WT901BLE68(F3:F0:16:BF:DC:AE)	-0.024	0.989	-0.153	22.217	-8.179	11.047	101.06	-0.85	-26.80	-35.347	29.107	-68.207	-0.62585	-0.74554	0.17828	0.14349	25.8	null	null	13113	75
2026-05-27T16:23:10.169	WT901BLE68(F3:F0:16:BF:DC:AE)	-0.042	1.023	-0.293	9.094	7.996	0.366	102.23	-1.60	-25.88	-35.347	29.107	-68.207	-0.62585	-0.74554	0.17828	0.14349	25.8	null	null	13113	75
2026-05-27T16:23:10.254	WT901BLE68(F3:F0:16:BF:DC:AE)	-0.040	0.965	-0.278	-2.197	16.296	-8.057	102.24	-0.97	-24.43	-35.347	29.107	-68.207	-0.62585	-0.74554	0.17828	0.14349	25.8	null	null	13113	75
2026-05-27T16:23:10.437	WT901BLE68(F3:F0:16:BF:DC:AE)	-0.019	0.987	-0.209	0.305	0.854	-2.258	102.21	-0.52	-23.88	-35.347	29.107	-68.207	-0.62585	-0.74554	0.17828	0.14349	25.8	null	null	13113	75
2026-05-27T16:23:10.461	WT901BLE68(F3:F0:16:BF:DC:AE)	-0.053	0.979	-0.249	-1.221	0.427	0.488	102.19	-0.36	-24.05	-35.347	29.107	-68.207	-0.62585	-0.74554	0.17828	0.14349	25.8	null	null	13113	75
2026-05-27T16:23:10.613	WT901BLE68(F3:F0:16:BF:DC:AE)	-0.006	0.974	-0.239	-2.258	-2.136	2.563	102.12	-0.40	-24.37	-35.347	29.107	-68.207	-0.62585	-0.74554	0.17828	0.14349	25.8	null	null	13113	75
2026-05-27T16:23:10.673	WT901BLE68(F3:F0:16:BF:DC:AE)	-0.031	0.982	-0.221	-3.967	0.427	5.859	101.90	-0.77	-24.40	-35.347	29.107	-68.207	-0.62585	-0.74554	0.17828	0.14349	25.8	null	null	13113	75
2026-05-27T16:23:10.768	WT901BLE68(F3:F0:16:BF:DC:AE)	-0.006	0.981	-0.223	-5.432	-6.592	8.545	101.51	-1.29	-24.98	-33.067	22.693	-74.333	-0.62585	-0.74554	0.17828	0.14349	25.8	null	null	13113	75
2026-05-27T16:23:10.853	WT901BLE68(F3:F0:16:BF:DC:AE)	0.023	0.987	-0.188	-8.057	-5.005	8.484	100.91	-1.94	-25.72	-33.067	22.693	-74.333	-0.62585	-0.74554	0.17828	0.14349	25.8	null	null	13113	75
2026-05-27T16:23:10.969	WT901BLE68(F3:F0:16:BF:DC:AE)	0.040	0.975	-0.192	-10.925	2.136	9.277	99.93	-2.77	-25.78	-33.067	22.693	-74.333	-0.62738	-0.74567	0.18454	0.12735	25.8	null	null	13113	75
2026-05-27T16:23:11.062	WT901BLE68(F3:F0:16:BF:DC:AE)	0.090	0.969	-0.184	-11.353	2.319	10.986	98.85	-3.77	-25.70	-33.067	22.693	-74.333	-0.62738	-0.74567	0.18454	0.12735	25.8	null	null	13113	75
2026-05-27T16:23:11.179	WT901BLE68(F3:F0:16:BF:DC:AE)	0.087	0.990	-0.119	-12.512	0.977	10.376	97.85	-4.86	-25.82	-33.067	22.693	-74.333	-0.62738	-0.74567	0.18454	0.12735	25.8	null	null	13113	75
2026-05-27T16:23:11.240	WT901BLE68(F3:F0:16:BF:DC:AE)	0.094	1.003	-0.050	-19.409	6.775	5.432	96.24	-5.70	-25.42	-33.067	22.693	-74.333	-0.62738	-0.74567	0.18454	0.12735	25.8	null	null	13113	75
2026-05-27T16:23:11.363	WT901BLE68(F3:F0:16:BF:DC:AE)	0.088	1.003	-0.032	-23.804	13.794	0.671	93.92	-6.01	-24.36	-33.067	22.693	-74.333	-0.62738	-0.74567	0.18454	0.12735	25.8	null	null	13113	75
2026-05-27T16:23:11.453	WT901BLE68(F3:F0:16:BF:DC:AE)	0.062	1.013	0.024	-38.330	3.052	-14.160	90.66	-5.41	-23.43	-33.067	22.693	-74.333	-0.62738	-0.74567	0.18454	0.12735	25.8	null	null	13113	75
2026-05-27T16:23:11.625	WT901BLE68(F3:F0:16:BF:DC:AE)	0.076	1.040	0.007	-28.992	-2.502	-10.254	87.33	-4.31	-23.40	-33.067	22.693	-74.333	-0.62738	-0.74567	0.18454	0.12735	25.8	null	null	13113	75
2026-05-27T16:23:11.662	WT901BLE68(F3:F0:16:BF:DC:AE)	0.088	0.988	0.071	-21.240	-14.587	-8.667	84.94	-3.50	-24.45	-33.067	22.693	-74.333	-0.62738	-0.74567	0.18454	0.12735	25.8	null	null	13113	75
2026-05-27T16:23:11.781	WT901BLE68(F3:F0:16:BF:DC:AE)	0.182	0.968	0.090	-9.644	-5.188	-6.653	83.58	-2.97	-26.16	-28.153	35.687	-59.873	-0.62738	-0.74567	0.18454	0.12735	25.8	null	null	13113	75
2026-05-27T16:23:11.871	WT901BLE68(F3:F0:16:BF:DC:AE)	0.132	0.987	0.132	-2.991	3.906	1.465	83.12	-2.83	-25.93	-28.153	35.687	-59.873	-0.73126	-0.64285	0.16843	0.15335	25.8	null	null	13113	75
2026-05-27T16:23:11.993	WT901BLE68(F3:F0:16:BF:DC:AE)	0.120	0.977	0.127	1.221	8.911	7.629	82.94	-3.53	-25.49	-28.153	35.687	-59.873	-0.73126	-0.64285	0.16843	0.15335	25.8	null	null	13113	75
2026-05-27T16:23:12.052	WT901BLE68(F3:F0:16:BF:DC:AE)	0.087	0.965	0.124	5.188	7.385	8.972	83.12	-4.44	-24.60	-28.153	35.687	-59.873	-0.73126	-0.64285	0.16843	0.15335	25.8	null	null	13113	75
2026-05-27T16:23:12.174	WT901BLE68(F3:F0:16:BF:DC:AE)	0.129	0.992	0.151	5.798	8.789	8.240	83.59	-5.31	-24.02	-28.153	35.687	-59.873	-0.73126	-0.64285	0.16843	0.15335	25.8	null	null	13113	75
2026-05-27T16:23:12.261	WT901BLE68(F3:F0:16:BF:DC:AE)	0.088	0.977	0.119	4.700	20.691	6.042	83.89	-5.93	-22.29	-28.153	35.687	-59.873	-0.73126	-0.64285	0.16843	0.15335	25.8	null	null	13113	75
2026-05-27T16:23:12.381	WT901BLE68(F3:F0:16:BF:DC:AE)	0.079	1.002	0.101	6.104	13.977	1.770	84.09	-6.10	-20.70	-28.153	35.687	-59.873	-0.73126	-0.64285	0.16843	0.15335	25.8	null	null	13113	75
2026-05-27T16:23:12.469	WT901BLE68(F3:F0:16:BF:DC:AE)	0.099	1.010	0.161	-0.793	0.427	0.427	84.38	-6.04	-19.90	-28.153	35.687	-59.873	-0.73126	-0.64285	0.16843	0.15335	25.8	null	null	13113	75
2026-05-27T16:23:12.594	WT901BLE68(F3:F0:16:BF:DC:AE)	0.159	0.905	-0.022	13.672	12.207	6.042	83.57	-5.82	-19.60	-22.820	35.227	-59.173	-0.73126	-0.64285	0.16843	0.15335	25.8	null	null	13113	75
2026-05-27T16:23:12.653	WT901BLE68(F3:F0:16:BF:DC:AE)	0.131	1.013	0.107	12.390	-11.841	8.484	84.83	-6.72	-19.95	-22.820	35.227	-59.173	-0.73126	-0.64285	0.16843	0.15335	25.8	null	null	13113	75
2026-05-27T16:23:12.773	WT901BLE68(F3:F0:16:BF:DC:AE)	0.159	1.016	0.144	13.062	42.908	-6.348	86.13	-6.87	-19.54	-22.820	35.227	-59.173	-0.72910	-0.65851	0.16376	0.08865	25.8	null	null	13113	75
2026-05-27T16:23:12.860	WT901BLE68(F3:F0:16:BF:DC:AE)	-0.012	0.993	0.052	12.695	-1.038	-4.089	87.02	-6.19	-16.23	-22.820	35.227	-59.173	-0.72910	-0.65851	0.16376	0.08865	25.8	null	null	13113	75
2026-05-27T16:23:12.981	WT901BLE68(F3:F0:16:BF:DC:AE)	0.148	1.013	0.076	16.174	-9.888	-3.113	88.54	-5.83	-18.05	-22.820	35.227	-59.173	-0.72910	-0.65851	0.16376	0.08865	25.8	null	null	13113	75
2026-05-27T16:23:13.073	WT901BLE68(F3:F0:16:BF:DC:AE)	0.043	1.000	0.026	11.658	1.404	-6.104	89.71	-5.32	-17.87	-22.820	35.227	-59.173	-0.72910	-0.65851	0.16376	0.08865	25.8	null	null	13113	75
2026-05-27T16:23:13.191	WT901BLE68(F3:F0:16:BF:DC:AE)	0.078	1.005	-0.002	11.108	-10.864	-3.906	90.77	-4.76	-18.69	-22.820	35.227	-59.173	-0.72910	-0.65851	0.16376	0.08865	25.8	null	null	13113	75
2026-05-27T16:23:13.285	WT901BLE68(F3:F0:16:BF:DC:AE)	0.056	1.005	-0.028	9.949	-7.385	-4.272	91.89	-4.31	-19.53	-22.820	35.227	-59.173	-0.72910	-0.65851	0.16376	0.08865	25.8	null	null	13113	75
2026-05-27T16:23:13.403	WT901BLE68(F3:F0:16:BF:DC:AE)	0.073	0.995	-0.059	10.681	-8.484	-3.174	92.97	-3.87	-20.47	-22.820	35.227	-59.173	-0.72910	-0.65851	0.16376	0.08865	25.8	null	null	13113	75
2026-05-27T16:23:13.491	WT901BLE68(F3:F0:16:BF:DC:AE)	0.030	1.004	-0.088	14.221	-9.888	-1.770	94.30	-3.58	-21.32	-24.627	29.107	-68.653	-0.72910	-0.65851	0.16376	0.08865	25.8	null	null	13113	75
2026-05-27T16:23:13.582	WT901BLE68(F3:F0:16:BF:DC:AE)	0.074	0.988	-0.117	9.827	-8.728	-3.113	95.43	-3.24	-22.43	-24.627	29.107	-68.653	-0.72910	-0.65851	0.16376	0.08865	25.8	null	null	13113	75
2026-05-27T16:23:13.670	WT901BLE68(F3:F0:16:BF:DC:AE)	0.062	0.981	-0.148	11.292	-5.859	-0.305	96.50	-3.03	-23.01	-24.627	29.107	-68.653	-0.66104	-0.72354	0.16397	0.11206	25.8	null	null	13113	75
2026-05-27T16:23:13.794	WT901BLE68(F3:F0:16:BF:DC:AE)	0.053	0.982	-0.139	10.193	-8.118	-0.854	97.64	-2.93	-23.88	-24.627	29.107	-68.653	-0.66104	-0.72354	0.16397	0.11206	25.8	null	null	13113	75
2026-05-27T16:23:13.880	WT901BLE68(F3:F0:16:BF:DC:AE)	0.037	0.988	-0.154	9.644	-2.502	-2.380	98.57	-2.65	-24.54	-24.627	29.107	-68.653	-0.66104	-0.72354	0.16397	0.11206	25.8	null	null	13113	75
2026-05-27T16:23:14.010	WT901BLE68(F3:F0:16:BF:DC:AE)	0.041	0.985	-0.194	6.226	-5.249	-3.235	99.23	-2.41	-24.81	-24.627	29.107	-68.653	-0.66104	-0.72354	0.16397	0.11206	25.8	null	null	13113	75
2026-05-27T16:23:14.066	WT901BLE68(F3:F0:16:BF:DC:AE)	0.025	0.974	-0.196	4.028	-2.991	-1.160	99.81	-2.18	-25.07	-24.627	29.107	-68.653	-0.66104	-0.72354	0.16397	0.11206	25.8	null	null	13113	75
2026-05-27T16:23:14.180	WT901BLE68(F3:F0:16:BF:DC:AE)	0.014	0.988	-0.186	7.019	-8.423	-1.709	100.44	-1.90	-25.77	-24.627	29.107	-68.653	-0.66104	-0.72354	0.16397	0.11206	25.8	null	null	13113	75
2026-05-27T16:23:14.269	WT901BLE68(F3:F0:16:BF:DC:AE)	0.001	0.986	-0.190	4.639	-6.470	-3.601	101.04	-1.43	-26.55	-24.627	29.107	-68.653	-0.66104	-0.72354	0.16397	0.11206	25.8	null	null	13113	75
2026-05-27T16:23:14.389	WT901BLE68(F3:F0:16:BF:DC:AE)	-0.011	0.981	-0.214	3.540	-5.737	-3.296	101.43	-0.92	-27.08	-31.707	22.787	-73.773	-0.66104	-0.72354	0.16397	0.11206	25.8	null	null	13113	75
2026-05-27T16:23:14.481	WT901BLE68(F3:F0:16:BF:DC:AE)	-0.015	0.980	-0.221	2.197	-4.211	-2.136	101.74	-0.53	-27.51	-31.707	22.787	-73.773	-0.66104	-0.72354	0.16397	0.11206	25.8	null	null	13113	75
2026-05-27T16:23:14.601	WT901BLE68(F3:F0:16:BF:DC:AE)	-0.019	0.980	-0.232	1.343	-2.380	-1.343	101.95	-0.23	-27.71	-31.707	22.787	-73.773	-0.61243	-0.75351	0.18719	0.14835	25.8	null	null	13113	75
2026-05-27T16:23:14.691	WT901BLE68(F3:F0:16:BF:DC:AE)	-0.005	0.976	-0.222	-0.366	0.061	-0.549	102.02	-0.04	-27.81	-31.707	22.787	-73.773	-0.61243	-0.75351	0.18719	0.14835	25.8	null	null	13113	75
2026-05-27T16:23:14.813	WT901BLE68(F3:F0:16:BF:DC:AE)	-0.015	0.978	-0.221	-0.916	-1.038	0.549	102.01	0.01	-27.91	-31.707	22.787	-73.773	-0.61243	-0.75351	0.18719	0.14835	25.8	null	null	13113	75
2026-05-27T16:23:14.873	WT901BLE68(F3:F0:16:BF:DC:AE)	-0.017	0.981	-0.217	-0.854	0.793	1.404	101.96	-0.04	-27.93	-31.707	22.787	-73.773	-0.61243	-0.75351	0.18719	0.14835	25.8	null	null	13113	75
2026-05-27T16:23:14.996	WT901BLE68(F3:F0:16:BF:DC:AE)	-0.018	0.978	-0.217	-1.770	1.404	2.869	101.86	-0.21	-27.89	-31.707	22.787	-73.773	-0.61243	-0.75351	0.18719	0.14835	25.8	null	null	13113	75
2026-05-27T16:23:15.085	WT901BLE68(F3:F0:16:BF:DC:AE)	-0.009	0.979	-0.212	-2.441	0.427	4.822	101.71	-0.53	-27.96	-31.707	22.787	-73.773	-0.61243	-0.75351	0.18719	0.14835	25.8	null	null	13113	75
2026-05-27T16:23:15.202	WT901BLE68(F3:F0:16:BF:DC:AE)	-0.010	0.982	-0.217	-3.174	0.671	6.836	101.48	-1.03	-28.04	-31.707	22.787	-73.773	-0.61243	-0.75351	0.18719	0.14835	25.8	null	null	13113	75
2026-05-27T16:23:15.290	WT901BLE68(F3:F0:16:BF:DC:AE)	0.006	0.982	-0.206	-4.150	1.770	8.301	101.17	-1.70	-28.06	-32.707	22.893	-73.240	-0.61243	-0.75351	0.18719	0.14835	25.8	null	null	13113	75
2026-05-27T16:23:15.412	WT901BLE68(F3:F0:16:BF:DC:AE)	0.043	0.978	-0.196	-5.676	3.601	8.789	100.70	-2.47	-28.05	-32.707	22.893	-73.240	-0.61243	-0.75351	0.18719	0.14835	25.8	null	null	13113	75
2026-05-27T16:23:15.469	WT901BLE68(F3:F0:16:BF:DC:AE)	0.050	0.987	-0.169	-6.287	4.028	9.277	100.16	-3.38	-27.82	-32.707	22.893	-73.240	-0.62567	-0.74136	0.20142	0.13510	25.8	null	null	13113	75
2026-05-27T16:23:15.593	WT901BLE68(F3:F0:16:BF:DC:AE)	0.082	0.991	-0.143	-8.362	4.822	7.751	99.43	-4.24	-27.57	-32.707	22.893	-73.240	-0.62567	-0.74136	0.20142	0.13510	25.8	null	null	13113	75
2026-05-27T16:23:15.683	WT901BLE68(F3:F0:16:BF:DC:AE)	0.089	0.988	-0.133	-10.071	8.972	6.287	98.43	-4.99	-26.90	-32.707	22.893	-73.240	-0.62567	-0.74136	0.20142	0.13510	25.8	null	null	13113	75
2026-05-27T16:23:15.802	WT901BLE68(F3:F0:16:BF:DC:AE)	0.104	0.983	-0.129	-10.925	6.165	5.676	97.30	-5.64	-26.19	-32.707	22.893	-73.240	-0.62567	-0.74136	0.20142	0.13510	25.8	null	null	13113	75
2026-05-27T16:23:15.890	WT901BLE68(F3:F0:16:BF:DC:AE)	0.105	0.989	-0.102	-11.169	2.319	6.165	96.25	-6.30	-25.87	-32.707	22.893	-73.240	-0.62567	-0.74136	0.20142	0.13510	25.8	null	null	13113	75
2026-05-27T16:23:16.013	WT901BLE68(F3:F0:16:BF:DC:AE)	0.125	1.001	-0.087	-10.986	4.456	6.226	95.21	-6.98	-25.49	-32.707	22.893	-73.240	-0.62567	-0.74136	0.20142	0.13510	25.8	null	null	13113	75
2026-05-27T16:23:16.105	WT901BLE68(F3:F0:16:BF:DC:AE)	0.144	1.029	-0.077	-25.513	-2.930	-5.371	93.69	-7.18	-25.11	-32.707	22.893	-73.240	-0.62567	-0.74136	0.20142	0.13510	25.8	null	null	13113	75
2026-05-27T16:23:16.221	WT901BLE68(F3:F0:16:BF:DC:AE)	0.236	0.979	-0.086	-16.724	4.639	-1.831	91.48	-6.58	-24.22	-24.260	29.513	-67.107	-0.62567	-0.74136	0.20142	0.13510	25.8	null	null	13113	75
2026-05-27T16:23:16.283	WT901BLE68(F3:F0:16:BF:DC:AE)	0.143	0.992	-0.056	-10.254	-2.686	1.892	90.32	-6.86	-23.71	-24.260	29.513	-67.107	-0.62567	-0.74136	0.20142	0.13510	25.8	null	null	13113	75
2026-05-27T16:23:16.403	WT901BLE68(F3:F0:16:BF:DC:AE)	0.172	1.011	0.047	-2.930	8.545	7.263	89.92	-7.50	-23.62	-24.260	29.513	-67.107	-0.69904	-0.68198	0.18842	0.10333	25.8	null	null	13113	75
2026-05-27T16:23:16.493	WT901BLE68(F3:F0:16:BF:DC:AE)	0.137	0.996	0.029	-3.845	8.179	3.845	89.40	-8.00	-22.85	-24.260	29.513	-67.107	-0.69904	-0.68198	0.18842	0.10333	25.8	null	null	13113	75
2026-05-27T16:23:16.610	WT901BLE68(F3:F0:16:BF:DC:AE)	0.099	1.028	0.054	-4.456	-3.052	-6.104	89.05	-7.93	-22.66	-24.260	29.513	-67.107	-0.69904	-0.68198	0.18842	0.10333	25.8	null	null	13113	75
2026-05-27T16:23:16.703	WT901BLE68(F3:F0:16:BF:DC:AE)	0.115	1.013	0.016	-2.808	-8.606	-8.850	88.60	-7.11	-23.17	-24.260	29.513	-67.107	-0.69904	-0.68198	0.18842	0.10333	25.8	null	null	13113	75
2026-05-27T16:23:16.821	WT901BLE68(F3:F0:16:BF:DC:AE)	0.150	1.017	0.087	-2.625	-10.864	-9.399	88.57	-6.25	-24.59	-24.260	29.513	-67.107	-0.69904	-0.68198	0.18842	0.10333	25.8	null	null	13113	75
2026-05-27T16:23:16.887	WT901BLE68(F3:F0:16:BF:DC:AE)	0.115	0.969	0.055	-1.892	-1.221	-7.141	88.24	-5.59	-24.88	-24.260	29.513	-67.107	-0.69904	-0.68198	0.18842	0.10333	25.8	null	null	13113	75
2026-05-27T16:23:17.004	WT901BLE68(F3:F0:16:BF:DC:AE)	0.109	0.995	0.058	0.244	0.305	-3.357	88.09	-5.19	-25.00	-24.260	29.513	-67.107	-0.69904	-0.68198	0.18842	0.10333	25.8	null	null	13113	75
2026-05-27T16:23:17.094	WT901BLE68(F3:F0:16:BF:DC:AE)	0.086	0.996	0.051	1.770	4.272	-2.319	88.09	-4.99	-24.64	-25.413	31.807	-61.547	-0.69904	-0.68198	0.18842	0.10333	25.8	null	null	13113	75
2026-05-27T16:23:17.214	WT901BLE68(F3:F0:16:BF:DC:AE)	0.070	0.999	0.063	2.319	2.075	1.831	88.23	-4.94	-24.38	-25.413	31.807	-61.547	-0.69904	-0.68198	0.18842	0.10333	25.8	null	null	13113	75
2026-05-27T16:23:17.302	WT901BLE68(F3:F0:16:BF:DC:AE)	0.093	1.000	0.037	1.526	0.488	-1.587	88.30	-4.94	-24.42	-25.413	31.807	-61.547	-0.70721	-0.67352	0.17722	0.12131	25.8	null	null	13113	75
2026-05-27T16:23:17.423	WT901BLE68(F3:F0:16:BF:DC:AE)	0.094	1.006	0.049	1.282	1.038	-1.465	88.41	-4.81	-24.32	-25.413	31.807	-61.547	-0.70721	-0.67352	0.17722	0.12131	25.8	null	null	13113	75
2026-05-27T16:23:17.513	WT901BLE68(F3:F0:16:BF:DC:AE)	0.079	1.001	0.032	2.808	-0.488	-1.404	88.57	-4.65	-24.13	-25.413	31.807	-61.547	-0.70721	-0.67352	0.17722	0.12131	25.8	null	null	13113	75
2026-05-27T16:23:17.635	WT901BLE68(F3:F0:16:BF:DC:AE)	0.090	0.993	0.032	3.052	-2.625	-0.610	88.84	-4.54	-24.29	-25.413	31.807	-61.547	-0.70721	-0.67352	0.17722	0.12131	25.8	null	null	13113	75
2026-05-27T16:23:17.691	WT901BLE68(F3:F0:16:BF:DC:AE)	0.092	0.998	0.021	2.625	-2.014	-0.793	89.08	-4.50	-24.41	-25.413	31.807	-61.547	-0.70721	-0.67352	0.17722	0.12131	25.8	null	null	13113	75
2026-05-27T16:23:17.817	WT901BLE68(F3:F0:16:BF:DC:AE)	0.072	0.984	0.002	-0.061	13.306	1.831	88.86	-4.55	-24.35	-25.413	31.807	-61.547	-0.70721	-0.67352	0.17722	0.12131	25.8	null	null	13113	75
2026-05-27T16:23:17.903	WT901BLE68(F3:F0:16:BF:DC:AE)	0.079	0.988	0.017	2.991	-2.563	-7.080	88.87	-4.26	-24.03	-25.413	31.807	-61.547	-0.70721	-0.67352	0.17722	0.12131	25.8	null	null	13113	75
2026-05-27T16:23:18.024	WT901BLE68(F3:F0:16:BF:DC:AE)	0.045	1.014	0.021	3.784	-15.137	-1.648	89.27	-4.11	-24.49	-26.660	31.800	-63.227	-0.70721	-0.67352	0.17722	0.12131	25.8	null	null	13113	75
2026-05-27T16:23:18.110	WT901BLE68(F3:F0:16:BF:DC:AE)	0.062	0.997	-0.022	7.751	7.568	-3.540	89.74	-3.82	-24.83	-26.660	31.800	-63.227	-0.70721	-0.67352	0.17722	0.12131	25.8	null	null	13113	75
2026-05-27T16:23:18.236	WT901BLE68(F3:F0:16:BF:DC:AE)	0.014	0.996	-0.036	13.123	-5.554	-2.991	90.71	-3.53	-24.83	-26.660	31.800	-63.227	-0.69510	-0.68570	0.17325	0.12851	25.8	null	null	13113	75
2026-05-27T16:23:18.292	WT901BLE68(F3:F0:16:BF:DC:AE)	0.049	1.003	-0.019	15.137	-3.784	-2.014	92.12	-3.11	-25.46	-26.660	31.800	-63.227	-0.69510	-0.68570	0.17325	0.12851	25.8	null	null	13113	75
2026-05-27T16:23:18.417	WT901BLE68(F3:F0:16:BF:DC:AE)	0.060	0.999	-0.062	13.000	1.953	-4.883	93.53	-2.70	-25.80	-26.660	31.800	-63.227	-0.69510	-0.68570	0.17325	0.12851	25.8	null	null	13113	75
2026-05-27T16:23:18.506	WT901BLE68(F3:F0:16:BF:DC:AE)	0.012	1.000	-0.098	17.395	0.610	-0.366	94.98	-2.41	-25.15	-26.660	31.800	-63.227	-0.69510	-0.68570	0.17325	0.12851	25.8	null	null	13113	75
2026-05-27T16:23:18.621	WT901BLE68(F3:F0:16:BF:DC:AE)	0.047	0.989	-0.113	17.822	-0.183	1.770	96.68	-2.36	-25.40	-26.660	31.800	-63.227	-0.69510	-0.68570	0.17325	0.12851	25.8	null	null	13113	75
2026-05-27T16:23:18.714	WT901BLE68(F3:F0:16:BF:DC:AE)	0.029	0.989	-0.158	15.381	2.380	2.625	98.30	-2.59	-24.98	-26.660	31.800	-63.227	-0.69510	-0.68570	0.17325	0.12851	25.8	null	null	13113	75
2026-05-27T16:23:18.830	WT901BLE68(F3:F0:16:BF:DC:AE)	0.042	0.978	-0.187	9.094	-1.282	1.648	99.49	-2.71	-25.25	-26.660	31.800	-63.227	-0.69510	-0.68570	0.17325	0.12851	25.8	null	null	13113	75
2026-05-27T16:23:18.981	WT901BLE68(F3:F0:16:BF:DC:AE)	0.025	0.991	-0.166	8.606	-2.136	-3.540	100.37	-2.49	-25.78	-30.487	23.633	-73.107	-0.69510	-0.68570	0.17325	0.12851	25.8	null	null	13113	75
2026-05-27T16:23:19.012	WT901BLE68(F3:F0:16:BF:DC:AE)	-0.006	0.980	-0.212	6.287	-4.456	-3.967	101.05	-1.96	-25.98	-30.487	23.633	-73.107	-0.69510	-0.68570	0.17325	0.12851	25.8	null	null	13113	75
2026-05-27T16:23:19.100	WT901BLE68(F3:F0:16:BF:DC:AE)	-0.004	0.988	-0.205	4.517	-5.920	-4.089	101.65	-1.37	-26.56	-30.487	23.633	-73.107	-0.62067	-0.75058	0.18433	0.13159	25.8	null	null	13113	75
2026-05-27T16:23:19.225	WT901BLE68(F3:F0:16:BF:DC:AE)	-0.012	0.977	-0.224	3.174	-1.587	-3.723	102.05	-0.85	-26.70	-30.487	23.633	-73.107	-0.62067	-0.75058	0.18433	0.13159	25.8	null	null	13113	75
2026-05-27T16:23:19.314	WT901BLE68(F3:F0:16:BF:DC:AE)	-0.004	0.973	-0.231	2.258	-0.122	-2.747	102.39	-0.44	-26.83	-30.487	23.633	-73.107	-0.62067	-0.75058	0.18433	0.13159	25.8	null	null	13113	75
2026-05-27T16:23:19.434	WT901BLE68(F3:F0:16:BF:DC:AE)	-0.015	0.973	-0.240	1.343	1.282	-1.343	102.61	-0.20	-26.68	-30.487	23.633	-73.107	-0.62067	-0.75058	0.18433	0.13159	25.8	null	null	13113	75
2026-05-27T16:23:19.524	WT901BLE68(F3:F0:16:BF:DC:AE)	-0.027	0.979	-0.238	0.000	0.793	-0.061	102.75	-0.10	-26.57	-30.487	23.633	-73.107	-0.62067	-0.75058	0.18433	0.13159	25.8	null	null	13113	75
2026-05-27T16:23:19.644	WT901BLE68(F3:F0:16:BF:DC:AE)	-0.001	0.963	-0.247	-2.747	1.343	0.977	102.65	-0.11	-26.55	-30.487	23.633	-73.107	-0.62067	-0.75058	0.18433	0.13159	25.8	null	null	13113	75
2026-05-27T16:23:19.701	WT901BLE68(F3:F0:16:BF:DC:AE)	-0.020	0.982	-0.221	-1.526	-1.526	4.517	102.62	-0.37	-26.52	-30.487	23.633	-73.107	-0.62067	-0.75058	0.18433	0.13159	25.8	null	null	13113	75
2026-05-27T16:23:19.822	WT901BLE68(F3:F0:16:BF:DC:AE)	-0.006	0.981	-0.226	-3.967	1.892	5.127	102.39	-0.74	-26.63	-32.713	22.147	-74.853	-0.62067	-0.75058	0.18433	0.13159	25.8	null	null	13113	75
2026-05-27T16:23:19.913	WT901BLE68(F3:F0:16:BF:DC:AE)	-0.007	0.978	-0.212	-7.935	0.916	4.700	101.84	-1.16	-26.71	-32.713	22.147	-74.853	-0.62067	-0.75058	0.18433	0.13159	25.8	null	null	13113	75
2026-05-27T16:23:20.034	WT901BLE68(F3:F0:16:BF:DC:AE)	0.020	0.975	-0.202	-8.362	4.944	6.226	101.06	-1.66	-26.38	-32.713	22.147	-74.853	-0.61621	-0.75290	0.18558	0.13751	25.8	null	null	13113	75
2026-05-27T16:23:20.126	WT901BLE68(F3:F0:16:BF:DC:AE)	0.056	0.979	-0.202	-6.042	1.526	9.033	100.43	-2.42	-26.21	-32.713	22.147	-74.853	-0.61621	-0.75290	0.18558	0.13751	25.8	null	null	13113	75
2026-05-27T16:23:20.247	WT901BLE68(F3:F0:16:BF:DC:AE)	0.065	0.990	-0.152	-8.667	4.150	6.653	99.78	-3.23	-26.09	-32.713	22.147	-74.853	-0.61621	-0.75290	0.18558	0.13751	25.8	null	null	13113	75
2026-05-27T16:23:20.332	WT901BLE68(F3:F0:16:BF:DC:AE)	0.078	0.993	-0.136	-11.353	7.751	4.150	98.73	-3.83	-25.53	-32.713	22.147	-74.853	-0.61621	-0.75290	0.18558	0.13751	25.8	null	null	13113	75
2026-05-27T16:23:20.455	WT901BLE68(F3:F0:16:BF:DC:AE)	0.080	0.991	-0.132	-11.902	6.958	3.723	97.54	-4.33	-24.76	-32.713	22.147	-74.853	-0.61621	-0.75290	0.18558	0.13751	25.8	null	null	13113	75
2026-05-27T16:23:20.510	WT901BLE68(F3:F0:16:BF:DC:AE)	0.088	0.992	-0.113	-13.611	10.254	2.808	96.24	-4.76	-23.92	-32.713	22.147	-74.853	-0.61621	-0.75290	0.18558	0.13751	25.8	null	null	13113	75
2026-05-27T16:23:20.633	WT901BLE68(F3:F0:16:BF:DC:AE)	0.092	0.990	-0.127	-8.118	9.277	4.822	95.11	-5.20	-23.08	-32.713	22.147	-74.853	-0.61621	-0.75290	0.18558	0.13751	25.8	null	null	13113	75
2026-05-27T16:23:20.722	WT901BLE68(F3:F0:16:BF:DC:AE)	0.092	1.019	-0.060	-8.911	6.714	3.540	94.25	-5.64	-22.75	-25.227	28.420	-68.487	-0.61621	-0.75290	0.18558	0.13751	25.8	null	null	13113	75
2026-05-27T16:23:20.843	WT901BLE68(F3:F0:16:BF:DC:AE)	0.117	0.984	-0.033	-14.771	16.846	0.732	92.99	-5.87	-21.84	-25.227	28.420	-68.487	-0.61621	-0.75290	0.18558	0.13751	25.8	null	null	13113	75
2026-05-27T16:23:20.932	WT901BLE68(F3:F0:16:BF:DC:AE)	0.088	0.999	-0.032	-13.672	10.681	3.601	91.43	-6.05	-20.39	-25.227	28.420	-68.487	-0.69055	-0.69879	0.16428	0.08786	25.8	null	null	13113	75
2026-05-27T16:23:21.053	WT901BLE68(F3:F0:16:BF:DC:AE)	0.125	0.988	-0.008	-11.597	-2.014	5.310	90.29	-6.53	-20.20	-25.227	28.420	-68.487	-0.69055	-0.69879	0.16428	0.08786	25.8	null	null	13113	75
2026-05-27T16:23:21.113	WT901BLE68(F3:F0:16:BF:DC:AE)	0.171	1.031	0.052	-1.282	11.414	7.629	89.68	-7.25	-19.70	-25.227	28.420	-68.487	-0.69055	-0.69879	0.16428	0.08786	25.8	null	null	13113	75
2026-05-27T16:23:21.232	WT901BLE68(F3:F0:16:BF:DC:AE)	0.181	1.024	0.063	-11.963	12.329	-0.977	88.49	-7.53	-18.60	-25.227	28.420	-68.487	-0.69055	-0.69879	0.16428	0.08786	25.8	null	null	13113	75
2026-05-27T16:23:21.324	WT901BLE68(F3:F0:16:BF:DC:AE)	0.111	0.985	0.031	-4.333	24.414	-5.859	87.41	-7.23	-16.75	-25.227	28.420	-68.487	-0.69055	-0.69879	0.16428	0.08786	25.8	null	null	13113	75
2026-05-27T16:23:21.444	WT901BLE68(F3:F0:16:BF:DC:AE)	0.134	1.010	0.099	-2.258	-7.996	-0.793	87.11	-6.84	-16.49	-25.227	28.420	-68.487	-0.69055	-0.69879	0.16428	0.08786	25.8	null	null	13113	75
2026-05-27T16:23:21.531	WT901BLE68(F3:F0:16:BF:DC:AE)	0.153	0.982	0.082	-1.465	-2.808	-2.991	86.89	-6.70	-17.32	-25.227	28.420	-68.487	-0.69055	-0.69879	0.16428	0.08786	25.8	null	null	13113	75
2026-05-27T16:23:21.653	WT901BLE68(F3:F0:16:BF:DC:AE)	0.091	0.990	0.084	1.709	-4.944	-0.183	86.82	-6.60	-17.52	-18.733	32.560	-61.413	-0.69055	-0.69879	0.16428	0.08786	25.8	null	null	13113	75
2026-05-27T16:23:21.742	WT901BLE68(F3:F0:16:BF:DC:AE)	0.218	1.037	0.126	-9.705	-13.977	-1.465	86.41	-6.53	-19.25	-18.733	32.560	-61.413	-0.69055	-0.69879	0.16428	0.08786	25.8	null	null	13113	75
2026-05-27T16:23:21.864	WT901BLE68(F3:F0:16:BF:DC:AE)	0.151	0.943	0.003	0.061	-4.639	4.578	85.64	-6.80	-19.43	-18.733	32.560	-61.413	-0.72610	-0.66422	0.15616	0.08429	25.8	null	null	13113	75
2026-05-27T16:23:21.923	WT901BLE68(F3:F0:16:BF:DC:AE)	0.177	0.977	0.073	5.188	-17.822	5.676	86.20	-7.78	-21.54	-18.733	32.560	-61.413	-0.72610	-0.66422	0.15616	0.08429	25.8	null	null	13113	75
2026-05-27T16:23:22.047	WT901BLE68(F3:F0:16:BF:DC:AE)	0.129	1.020	0.018	16.357	29.663	-9.949	87.37	-7.40	-19.82	-18.733	32.560	-61.413	-0.72610	-0.66422	0.15616	0.08429	25.8	null	null	13113	75
2026-05-27T16:23:22.138	WT901BLE68(F3:F0:16:BF:DC:AE)	0.120	1.000	0.127	8.362	-2.502	1.221	88.29	-6.75	-18.51	-18.733	32.560	-61.413	-0.72610	-0.66422	0.15616	0.08429	25.8	null	null	13113	75
2026-05-27T16:23:22.258	WT901BLE68(F3:F0:16:BF:DC:AE)	0.137	0.994	-0.010	12.207	-18.066	-7.751	89.38	-6.26	-20.25	-18.733	32.560	-61.413	-0.72610	-0.66422	0.15616	0.08429	25.8	null	null	13113	75
2026-05-27T16:23:22.377	WT901BLE68(F3:F0:16:BF:DC:AE)	0.082	1.009	0.006	9.521	-11.353	-8.728	90.53	-5.61	-20.76	-18.733	32.560	-61.413	-0.72610	-0.66422	0.15616	0.08429	25.8	null	null	13113	75
2026-05-27T16:23:22.464	WT901BLE68(F3:F0:16:BF:DC:AE)	0.091	1.010	-0.062	10.132	-4.517	-7.507	91.50	-4.69	-21.70	-18.733	32.560	-61.413	-0.72610	-0.66422	0.15616	0.08429	25.8	null	null	13113	75
2026-05-27T16:23:22.522	WT901BLE68(F3:F0:16:BF:DC:AE)	0.061	1.009	-0.054	13.672	-13.672	-2.808	92.79	-4.22	-22.62	-24.220	29.593	-66.793	-0.72610	-0.66422	0.15616	0.08429	25.8	null	null	13113	75
2026-05-27T16:23:22.648	WT901BLE68(F3:F0:16:BF:DC:AE)	0.077	0.990	-0.070	12.817	-1.221	-4.639	94.11	-3.75	-23.33	-24.220	29.593	-66.793	-0.72610	-0.66422	0.15616	0.08429	25.8	null	null	13113	75
2026-05-27T16:23:22.734	WT901BLE68(F3:F0:16:BF:DC:AE)	0.057	0.984	-0.117	16.235	0.427	-2.686	95.48	-3.35	-23.13	-24.220	29.593	-66.793	-0.66864	-0.71490	0.16928	0.11429	25.8	null	null	13113	75
2026-05-27T16:23:22.857	WT901BLE68(F3:F0:16:BF:DC:AE)	0.071	0.983	-0.124	14.893	-0.122	1.831	97.10	-3.35	-23.13	-24.220	29.593	-66.793	-0.66864	-0.71490	0.16928	0.11429	25.8	null	null	13113	75
2026-05-27T16:23:22.945	WT901BLE68(F3:F0:16:BF:DC:AE)	-0.003	0.991	-0.119	13.794	-12.817	0.122	98.41	-3.37	-23.56	-24.220	29.593	-66.793	-0.66864	-0.71490	0.16928	0.11429	25.8	null	null	13113	75
2026-05-27T16:23:23.065	WT901BLE68(F3:F0:16:BF:DC:AE)	0.044	0.992	-0.171	8.667	-2.502	-4.700	99.57	-2.94	-24.67	-24.220	29.593	-66.793	-0.66864	-0.71490	0.16928	0.11429	25.8	null	null	13113	75
2026-05-27T16:23:23.155	WT901BLE68(F3:F0:16:BF:DC:AE)	0.006	0.976	-0.190	5.371	-9.644	-5.615	100.17	-2.28	-24.93	-24.220	29.593	-66.793	-0.66864	-0.71490	0.16928	0.11429	25.8	null	null	13113	75
2026-05-27T16:23:23.276	WT901BLE68(F3:F0:16:BF:DC:AE)	0.005	0.991	-0.184	5.554	-6.897	-5.188	100.79	-1.57	-26.00	-24.220	29.593	-66.793	-0.66864	-0.71490	0.16928	0.11429	25.8	null	null	13113	75
2026-05-27T16:23:23.334	WT901BLE68(F3:F0:16:BF:DC:AE)	-0.022	0.981	-0.232	2.930	-1.892	-4.028	101.19	-0.96	-26.22	-24.220	29.593	-66.793	-0.66864	-0.71490	0.16928	0.11429	25.8	null	null	13113	75
2026-05-27T16:23:23.456	WT901BLE68(F3:F0:16:BF:DC:AE)	-0.015	0.977	-0.224	1.343	-0.549	-1.953	101.42	-0.51	-26.28	-31.367	22.987	-74.667	-0.66864	-0.71490	0.16928	0.11429	25.8	null	null	13113	75
2026-05-27T16:23:23.545	WT901BLE68(F3:F0:16:BF:DC:AE)	-0.029	0.983	-0.211	-0.183	-1.831	0.183	101.59	-0.31	-26.31	-31.367	22.987	-74.667	-0.66864	-0.71490	0.16928	0.11429	25.8	null	null	13113	75
2026-05-27T16:23:23.664	WT901BLE68(F3:F0:16:BF:DC:AE)	-0.012	0.978	-0.268	-0.732	-6.409	2.625	101.63	-0.31	-26.53	-31.367	22.987	-74.667	-0.61578	-0.75415	0.17816	0.14209	25.8	null	null	13113	75
2026-05-27T16:23:23.755	WT901BLE68(F3:F0:16:BF:DC:AE)	-0.017	0.975	-0.229	-1.343	4.272	4.456	101.69	-0.52	-26.81	-31.367	22.987	-74.667	-0.61578	-0.75415	0.17816	0.14209	25.8	null	null	13113	75
2026-05-27T16:23:23.875	WT901BLE68(F3:F0:16:BF:DC:AE)	-0.011	0.978	-0.219	-3.113	0.427	7.141	101.57	-1.03	-26.66	-31.367	22.987	-74.667	-0.61578	-0.75415	0.17816	0.14209	25.8	null	null	13113	75
2026-05-27T16:23:23.933	WT901BLE68(F3:F0:16:BF:DC:AE)	0.002	0.980	-0.193	-5.188	3.113	8.362	101.27	-1.69	-26.71	-31.367	22.987	-74.667	-0.61578	-0.75415	0.17816	0.14209	25.8	null	null	13113	75
2026-05-27T16:23:24.057	WT901BLE68(F3:F0:16:BF:DC:AE)	0.050	0.981	-0.178	-5.188	0.061	9.949	100.84	-2.54	-26.61	-31.367	22.987	-74.667	-0.61578	-0.75415	0.17816	0.14209	25.8	null	null	13113	75
2026-05-27T16:23:24.144	WT901BLE68(F3:F0:16:BF:DC:AE)	0.076	0.979	-0.179	-6.775	1.343	9.460	100.27	-3.43	-26.82	-31.367	22.987	-74.667	-0.61578	-0.75415	0.17816	0.14209	25.8	null	null	13113	75
2026-05-27T16:23:24.265	WT901BLE68(F3:F0:16:BF:DC:AE)	0.066	0.988	-0.146	-8.240	4.028	8.911	99.55	-4.38	-26.55	-31.367	22.987	-74.667	-0.61578	-0.75415	0.17816	0.14209	25.8	null	null	13113	75
2026-05-27T16:23:24.384	WT901BLE68(F3:F0:16:BF:DC:AE)	0.097	0.990	-0.128	-10.864	3.967	7.019	98.55	-5.14	-26.35	-27.693	24.820	-72.287	-0.61578	-0.75415	0.17816	0.14209	25.8	null	null	13113	75
2026-05-27T16:23:24.472	WT901BLE68(F3:F0:16:BF:DC:AE)	0.125	0.984	-0.124	-11.841	7.996	4.944	97.33	-5.76	-25.87	-27.693	24.820	-72.287	-0.61578	-0.75415	0.17816	0.14209	25.8	null	null	13113	75
2026-05-27T16:23:24.530	WT901BLE68(F3:F0:16:BF:DC:AE)	0.120	0.983	-0.099	-12.451	8.545	4.272	96.09	-6.36	-25.02	-27.693	24.820	-72.287	-0.65598	-0.72012	0.19861	0.10757	25.8	null	null	13113	75
2026-05-27T16:23:24.685	WT901BLE68(F3:F0:16:BF:DC:AE)	0.110	0.994	-0.075	-13.733	8.362	4.089	94.78	-6.87	-24.13	-27.693	24.820	-72.287	-0.65598	-0.72012	0.19861	0.10757	25.8	null	null	13113	75
2026-05-27T16:23:24.743	WT901BLE68(F3:F0:16:BF:DC:AE)	0.124	0.997	-0.048	-17.944	9.460	2.441	93.08	-7.21	-23.34	-27.693	24.820	-72.287	-0.65598	-0.72012	0.19861	0.10757	25.8	null	null	13113	75
2026-05-27T16:23:24.862	WT901BLE68(F3:F0:16:BF:DC:AE)	0.138	0.966	-0.079	-13.306	17.578	-2.563	90.93	-7.10	-22.47	-27.693	24.820	-72.287	-0.65598	-0.72012	0.19861	0.10757	25.8	null	null	13113	75
2026-05-27T16:23:24.954	WT901BLE68(F3:F0:16:BF:DC:AE)	0.218	0.928	-0.092	3.052	3.845	15.198	90.53	-7.93	-21.97	-27.693	24.820	-72.287	-0.65598	-0.72012	0.19861	0.10757	25.8	null	null	13113	75
2026-05-27T16:23:25.074	WT901BLE68(F3:F0:16:BF:DC:AE)	0.207	0.988	0.054	-1.770	-3.418	8.362	91.02	-9.38	-22.31	-27.693	24.820	-72.287	-0.65598	-0.72012	0.19861	0.10757	25.8	null	null	13113	75
2026-05-27T16:23:25.164	WT901BLE68(F3:F0:16:BF:DC:AE)	0.133	0.984	0.069	-2.808	16.052	1.160	90.57	-9.85	-21.31	-27.693	24.820	-72.287	-0.65598	-0.72012	0.19861	0.10757	25.8	null	null	13113	75
2026-05-27T16:23:25.280	WT901BLE68(F3:F0:16:BF:DC:AE)	0.129	0.977	0.040	-4.456	-7.202	0.183	89.84	-9.87	-20.63	-18.840	30.600	-64.760	-0.65598	-0.72012	0.19861	0.10757	25.8	null	null	13113	75
2026-05-27T16:23:25.344	WT901BLE68(F3:F0:16:BF:DC:AE)	0.160	0.985	-0.003	-0.549	-12.146	-0.305	89.60	-9.86	-21.74	-18.840	30.600	-64.760	-0.65598	-0.72012	0.19861	0.10757	25.8	null	null	13113	75
2026-05-27T16:23:25.461	WT901BLE68(F3:F0:16:BF:DC:AE)	0.186	0.965	-0.011	4.761	-12.146	-0.488	90.02	-9.78	-23.21	-18.840	30.600	-64.760	-0.70529	-0.67780	0.19342	0.07510	25.8	null	null	13113	75
2026-05-27T16:23:25.554	WT901BLE68(F3:F0:16:BF:DC:AE)	0.225	0.991	0.054	1.831	-9.033	0.854	90.70	-9.95	-24.69	-18.840	30.600	-64.760	-0.70529	-0.67780	0.19342	0.07510	25.8	null	null	13113	75
2026-05-27T16:23:25.676	WT901BLE68(F3:F0:16:BF:DC:AE)	0.187	0.987	-0.016	-1.709	10.132	-2.808	90.48	-9.92	-24.21	-18.840	30.600	-64.760	-0.70529	-0.67780	0.19342	0.07510	25.8	null	null	13113	75
2026-05-27T16:23:25.764	WT901BLE68(F3:F0:16:BF:DC:AE)	0.197	0.987	0.004	-0.427	9.888	-0.916	90.17	-9.88	-23.43	-18.840	30.600	-64.760	-0.70529	-0.67780	0.19342	0.07510	25.8	null	null	13113	75
2026-05-27T16:23:25.881	WT901BLE68(F3:F0:16:BF:DC:AE)	0.148	1.001	-0.000	2.319	3.113	-1.282	90.14	-9.82	-22.71	-18.840	30.600	-64.760	-0.70529	-0.67780	0.19342	0.07510	25.8	null	null	13113	75
2026-05-27T16:23:25.972	WT901BLE68(F3:F0:16:BF:DC:AE)	0.211	1.000	0.041	1.282	1.587	-3.418	90.40	-9.64	-22.90	-18.840	30.600	-64.760	-0.70529	-0.67780	0.19342	0.07510	25.8	null	null	13113	75
2026-05-27T16:23:26.092	WT901BLE68(F3:F0:16:BF:DC:AE)	0.167	0.989	-0.008	1.465	7.019	-5.432	90.32	-9.20	-21.96	-18.840	30.600	-64.760	-0.70529	-0.67780	0.19342	0.07510	25.8	null	null	13113	75
2026-05-27T16:23:26.154	WT901BLE68(F3:F0:16:BF:DC:AE)	0.157	0.999	0.016	2.625	8.423	-5.188	90.37	-8.78	-21.21	-20.533	29.807	-64.613	-0.70529	-0.67780	0.19342	0.07510	25.8	null	null	13113	75
2026-05-27T16:23:26.272	WT901BLE68(F3:F0:16:BF:DC:AE)	0.129	0.992	-0.005	4.089	4.333	-6.958	90.57	-8.21	-20.56	-20.533	29.807	-64.613	-0.70529	-0.67780	0.19342	0.07510	25.8	null	null	13113	75
2026-05-27T16:23:26.360	WT901BLE68(F3:F0:16:BF:DC:AE)	0.124	0.989	-0.021	6.287	-0.977	-5.798	91.04	-7.61	-20.45	-20.533	29.807	-64.613	-0.69772	-0.69086	0.17307	0.07639	25.8	null	null	13113	75
2026-05-27T16:23:26.489	WT901BLE68(F3:F0:16:BF:DC:AE)	0.116	0.990	-0.026	6.714	-3.906	-6.287	91.70	-6.99	-20.80	-20.533	29.807	-64.613	-0.69772	-0.69086	0.17307	0.07639	25.8	null	null	13113	75
2026-05-27T16:23:26.603	WT901BLE68(F3:F0:16:BF:DC:AE)	0.089	0.992	-0.042	9.888	-3.357	-4.333	92.48	-6.47	-21.09	-20.533	29.807	-64.613	-0.69772	-0.69086	0.17307	0.07639	25.8	null	null	13113	75
2026-05-27T16:23:26.692	WT901BLE68(F3:F0:16:BF:DC:AE)	0.087	0.996	-0.057	10.742	-7.324	-1.831	93.48	-6.10	-21.70	-20.533	29.807	-64.613	-0.69772	-0.69086	0.17307	0.07639	25.8	null	null	13113	75
2026-05-27T16:23:26.754	WT901BLE68(F3:F0:16:BF:DC:AE)	0.093	1.000	-0.084	8.057	-5.554	-3.662	94.38	-5.75	-22.37	-20.533	29.807	-64.613	-0.69772	-0.69086	0.17307	0.07639	25.8	null	null	13113	75
2026-05-27T16:23:26.872	WT901BLE68(F3:F0:16:BF:DC:AE)	0.081	0.995	-0.110	12.024	-3.052	-1.038	95.42	-5.49	-22.66	-20.533	29.807	-64.613	-0.69772	-0.69086	0.17307	0.07639	25.8	null	null	13113	75
2026-05-27T16:23:26.962	WT901BLE68(F3:F0:16:BF:DC:AE)	0.085	0.987	-0.120	9.888	-2.258	-0.244	96.45	-5.37	-23.05	-20.533	29.807	-64.613	-0.69772	-0.69086	0.17307	0.07639	25.8	null	null	13113	75
2026-05-27T16:23:27.083	WT901BLE68(F3:F0:16:BF:DC:AE)	0.086	0.986	-0.126	8.606	1.160	0.916	97.41	-5.37	-22.97	-25.480	26.373	-69.593	-0.69772	-0.69086	0.17307	0.07639	25.8	null	null	13113	75
2026-05-27T16:23:27.175	WT901BLE68(F3:F0:16:BF:DC:AE)	0.085	1.009	-0.138	-0.671	-0.366	-0.244	97.71	-5.57	-22.76	-25.480	26.373	-69.593	-0.69772	-0.69086	0.17307	0.07639	25.8	null	null	13113	75
2026-05-27T16:23:27.294	WT901BLE68(F3:F0:16:BF:DC:AE)	0.086	0.985	-0.152	1.953	-1.038	-3.723	97.70	-5.20	-22.79	-25.480	26.373	-69.593	-0.65167	-0.73080	0.17947	0.09467	25.8	null	null	13113	75
2026-05-27T16:23:27.351	WT901BLE68(F3:F0:16:BF:DC:AE)	0.082	0.982	-0.153	3.601	-0.427	-4.333	97.97	-4.77	-22.81	-25.480	26.373	-69.593	-0.65167	-0.73080	0.17947	0.09467	25.8	null	null	13113	75
2026-05-27T16:23:27.505	WT901BLE68(F3:F0:16:BF:DC:AE)	0.059	0.988	-0.150	4.700	-0.244	-3.052	98.43	-4.42	-22.72	-25.480	26.373	-69.593	-0.65167	-0.73080	0.17947	0.09467	25.8	null	null	13113	75
2026-05-27T16:23:27.564	WT901BLE68(F3:F0:16:BF:DC:AE)	0.057	0.989	-0.148	3.784	-1.465	-3.052	98.89	-4.09	-22.75	-25.480	26.373	-69.593	-0.65167	-0.73080	0.17947	0.09467	25.8	null	null	13113	75
2026-05-27T16:23:27.686	WT901BLE68(F3:F0:16:BF:DC:AE)	0.068	0.985	-0.172	3.723	-2.075	-3.113	99.26	-3.72	-22.84	-25.480	26.373	-69.593	-0.65167	-0.73080	0.17947	0.09467	25.8	null	null	13113	75
2026-05-27T16:23:27.776	WT901BLE68(F3:F0:16:BF:DC:AE)	0.062	0.982	-0.177	3.845	-3.296	-2.869	99.67	-3.39	-23.05	-25.480	26.373	-69.593	-0.65167	-0.73080	0.17947	0.09467	25.8	null	null	13113	75
2026-05-27T16:23:27.895	WT901BLE68(F3:F0:16:BF:DC:AE)	0.040	0.983	-0.178	3.174	-3.662	-2.869	100.06	-3.05	-23.32	-25.480	26.373	-69.593	-0.65167	-0.73080	0.17947	0.09467	25.8	null	null	13113	75
2026-05-27T16:23:27.981	WT901BLE68(F3:F0:16:BF:DC:AE)	0.027	0.970	-0.191	3.479	-10.071	-2.930	100.39	-2.62	-23.90	-28.200	24.213	-73.680	-0.65167	-0.73080	0.17947	0.09467	25.8	null	null	13113	75
2026-05-27T16:23:28.105	WT901BLE68(F3:F0:16:BF:DC:AE)	0.047	0.988	-0.176	3.906	-6.958	-2.014	100.87	-2.26	-24.89	-28.200	24.213	-73.680	-0.65167	-0.73080	0.17947	0.09467	25.8	null	null	13113	75
2026-05-27T16:23:28.160	WT901BLE68(F3:F0:16:BF:DC:AE)	0.033	0.977	-0.204	2.991	-3.723	-3.357	101.11	-1.91	-24.97	-28.200	24.213	-73.680	-0.62405	-0.75070	0.17776	0.12357	25.8	null	null	13113	75
2026-05-27T16:23:28.283	WT901BLE68(F3:F0:16:BF:DC:AE)	0.016	0.982	-0.190	2.319	1.282	-4.456	101.39	-1.52	-25.08	-28.200	24.213	-73.680	-0.62405	-0.75070	0.17776	0.12357	25.8	null	null	13113	75
2026-05-27T16:23:28.372	WT901BLE68(F3:F0:16:BF:DC:AE)	-0.005	0.991	-0.198	3.784	-3.540	-2.258	101.66	-1.16	-24.83	-28.200	24.213	-73.680	-0.62405	-0.75070	0.17776	0.12357	25.8	null	null	13113	75
2026-05-27T16:23:28.495	WT901BLE68(F3:F0:16:BF:DC:AE)	0.009	0.979	-0.215	2.502	-0.061	-4.272	101.91	-0.70	-25.13	-28.200	24.213	-73.680	-0.62405	-0.75070	0.17776	0.12357	25.8	null	null	13113	75
2026-05-27T16:23:28.585	WT901BLE68(F3:F0:16:BF:DC:AE)	0.038	0.982	-0.215	2.563	1.038	-4.089	102.17	-0.30	-25.05	-28.200	24.213	-73.680	-0.62405	-0.75070	0.17776	0.12357	25.8	null	null	13113	75
2026-05-27T16:23:28.703	WT901BLE68(F3:F0:16:BF:DC:AE)	-0.066	0.978	-0.230	2.258	4.395	-2.441	102.42	-0.10	-24.26	-28.200	24.213	-73.680	-0.62405	-0.75070	0.17776	0.12357	25.8	null	null	13113	75
2026-05-27T16:23:28.762	WT901BLE68(F3:F0:16:BF:DC:AE)	-0.021	0.972	-0.221	2.136	-4.456	-0.244	102.68	0.16	-24.49	-28.200	24.213	-73.680	-0.62405	-0.75070	0.17776	0.12357	25.8	null	null	13113	75
2026-05-27T16:23:28.910	WT901BLE68(F3:F0:16:BF:DC:AE)	-0.027	0.979	-0.240	1.770	-8.179	0.305	102.90	0.32	-24.97	-32.753	22.220	-75.620	-0.62405	-0.75070	0.17776	0.12357	25.8	null	null	13113	75
2026-05-27T16:23:28.974	WT901BLE68(F3:F0:16:BF:DC:AE)	-0.000	0.967	-0.244	1.404	-1.831	-0.244	103.08	0.47	-25.50	-32.753	22.220	-75.620	-0.62405	-0.75070	0.17776	0.12357	25.8	null	null	13113	75
2026-05-27T16:23:29.097	WT901BLE68(F3:F0:16:BF:DC:AE)	-0.034	0.979	-0.230	1.648	-0.488	0.244	103.30	0.48	-25.63	-32.753	22.220	-75.620	-0.60556	-0.76440	0.17056	0.14066	25.8	null	null	13113	75
2026-05-27T16:23:29.180	WT901BLE68(F3:F0:16:BF:DC:AE)	-0.029	0.974	-0.235	0.977	-5.798	0.854	103.47	0.51	-25.81	-32.753	22.220	-75.620	-0.60556	-0.76440	0.17056	0.14066	25.8	null	null	13113	75
2026-05-27T16:23:29.303	WT901BLE68(F3:F0:16:BF:DC:AE)	-0.017	0.980	-0.227	0.366	-2.625	0.244	103.57	0.58	-26.28	-32.753	22.220	-75.620	-0.60556	-0.76440	0.17056	0.14066	25.8	null	null	13113	75
2026-05-27T16:23:29.393	WT901BLE68(F3:F0:16:BF:DC:AE)	-0.017	0.971	-0.247	0.854	-0.488	0.427	103.61	0.63	-26.45	-32.753	22.220	-75.620	-0.60556	-0.76440	0.17056	0.14066	25.8	null	null	13113	75
2026-05-27T16:23:29.510	WT901BLE68(F3:F0:16:BF:DC:AE)	-0.011	0.972	-0.247	0.671	1.770	0.000	103.69	0.62	-26.44	-32.753	22.220	-75.620	-0.60556	-0.76440	0.17056	0.14066	25.8	null	null	13113	75
2026-05-27T16:23:29.577	WT901BLE68(F3:F0:16:BF:DC:AE)	-0.018	0.974	-0.237	0.000	1.831	-0.183	103.76	0.58	-26.21	-32.753	22.220	-75.620	-0.60556	-0.76440	0.17056	0.14066	25.8	null	null	13113	75
2026-05-27T16:23:29.697	WT901BLE68(F3:F0:16:BF:DC:AE)	-0.015	0.971	-0.247	-0.549	3.479	-0.061	103.75	0.53	-25.89	-32.753	22.220	-75.620	-0.60556	-0.76440	0.17056	0.14066	25.8	null	null	13113	75
2026-05-27T16:23:29.782	WT901BLE68(F3:F0:16:BF:DC:AE)	-0.027	0.975	-0.241	-0.671	2.625	0.732	103.75	0.44	-25.60	-33.480	21.447	-75.527	-0.60556	-0.76440	0.17056	0.14066	25.8	null	null	13113	75
2026-05-27T16:23:29.904	WT901BLE68(F3:F0:16:BF:DC:AE)	-0.027	0.970	-0.247	-1.343	-0.427	2.319	103.68	0.32	-25.49	-33.480	21.447	-75.527	-0.60556	-0.76440	0.17056	0.14066	25.8	null	null	13113	75
2026-05-27T16:23:29.993	WT901BLE68(F3:F0:16:BF:DC:AE)	-0.010	0.974	-0.238	-1.831	-1.587	3.418	103.54	0.14	-25.76	-33.480	21.447	-75.527	-0.60242	-0.76675	0.17267	0.13867	25.8	null	null	13113	75
2026-05-27T16:23:30.116	WT901BLE68(F3:F0:16:BF:DC:AE)	0.002	0.973	-0.235	-1.770	-0.732	3.723	103.38	-0.12	-25.97	-33.480	21.447	-75.527	-0.60242	-0.76675	0.17267	0.13867	25.8	null	null	13113	75
2026-05-27T16:23:30.176	WT901BLE68(F3:F0:16:BF:DC:AE)	-0.004	0.973	-0.232	-2.991	0.000	4.211	103.19	-0.47	-26.12	-33.480	21.447	-75.527	-0.60242	-0.76675	0.17267	0.13867	25.8	null	null	13113	75
2026-05-27T16:23:30.329	WT901BLE68(F3:F0:16:BF:DC:AE)	-0.014	0.975	-0.242	-3.296	-4.211	6.531	102.91	-0.89	-26.36	-33.480	21.447	-75.527	-0.60242	-0.76675	0.17267	0.13867	25.8	null	null	13113	75
2026-05-27T16:23:30.383	WT901BLE68(F3:F0:16:BF:DC:AE)	0.021	0.982	-0.237	-4.333	4.883	6.653	102.57	-1.42	-26.65	-33.480	21.447	-75.527	-0.60242	-0.76675	0.17267	0.13867	25.8	null	null	13113	75
2026-05-27T16:23:30.500	WT901BLE68(F3:F0:16:BF:DC:AE)	0.026	0.959	-0.238	-5.432	2.686	6.897	102.06	-2.04	-26.38	-33.480	21.447	-75.527	-0.60242	-0.76675	0.17267	0.13867	25.8	null	null	13113	75
2026-05-27T16:23:30.594	WT901BLE68(F3:F0:16:BF:DC:AE)	0.034	0.994	-0.181	-5.127	-5.981	9.399	101.75	-2.81	-26.70	-33.480	21.447	-75.527	-0.60242	-0.76675	0.17267	0.13867	25.8	null	null	13113	75
2026-05-27T16:23:30.715	WT901BLE68(F3:F0:16:BF:DC:AE)	0.066	0.982	-0.179	-6.714	2.441	8.301	101.16	-3.57	-27.06	-31.053	23.293	-73.327	-0.60242	-0.76675	0.17267	0.13867	25.8	null	null	13113	75
2026-05-27T16:23:30.804	WT901BLE68(F3:F0:16:BF:DC:AE)	0.068	0.983	-0.159	-5.981	-1.404	9.033	100.52	-4.44	-27.00	-31.053	23.293	-73.327	-0.60242	-0.76675	0.17267	0.13867	25.8	null	null	13113	75
2026-05-27T16:23:30.924	WT901BLE68(F3:F0:16:BF:DC:AE)	0.104	0.987	-0.145	-7.202	-1.099	7.874	99.92	-5.20	-27.41	-31.053	23.293	-73.327	-0.62958	-0.73953	0.20569	0.11945	25.8	null	null	13113	75
2026-05-27T16:23:30.983	WT901BLE68(F3:F0:16:BF:DC:AE)	0.127	0.981	-0.148	-7.813	7.019	5.371	99.09	-5.86	-27.16	-31.053	23.293	-73.327	-0.62958	-0.73953	0.20569	0.11945	25.8	null	null	13113	75
2026-05-27T16:23:31.106	WT901BLE68(F3:F0:16:BF:DC:AE)	0.122	0.983	-0.132	-8.789	6.165	3.723	98.18	-6.41	-26.59	-31.053	23.293	-73.327	-0.62958	-0.73953	0.20569	0.11945	25.8	null	null	13113	75
2026-05-27T16:23:31.190	WT901BLE68(F3:F0:16:BF:DC:AE)	0.145	0.977	-0.119	-8.240	12.329	1.770	97.22	-6.79	-25.85	-31.053	23.293	-73.327	-0.62958	-0.73953	0.20569	0.11945	25.8	null	null	13113	75
2026-05-27T16:23:31.310	WT901BLE68(F3:F0:16:BF:DC:AE)	0.122	0.983	-0.118	-4.272	2.869	4.456	96.58	-7.27	-24.91	-31.053	23.293	-73.327	-0.62958	-0.73953	0.20569	0.11945	25.8	null	null	13113	75
2026-05-27T16:23:31.400	WT901BLE68(F3:F0:16:BF:DC:AE)	0.158	0.987	-0.107	-0.366	1.038	6.348	96.40	-7.79	-24.89	-31.053	23.293	-73.327	-0.62958	-0.73953	0.20569	0.11945	25.8	null	null	13113	75
2026-05-27T16:23:31.526	WT901BLE68(F3:F0:16:BF:DC:AE)	0.141	0.991	-0.103	-2.197	0.122	7.019	96.43	-8.58	-24.81	-31.053	23.293	-73.327	-0.62958	-0.73953	0.20569	0.11945	25.8	null	null	13113	75
2026-05-27T16:23:31.582	WT901BLE68(F3:F0:16:BF:DC:AE)	0.165	0.997	-0.112	-5.188	3.967	5.676	95.99	-9.15	-24.74	-24.107	26.873	-69.020	-0.62958	-0.73953	0.20569	0.11945	25.8	null	null	13113	75
2026-05-27T16:23:31.733	WT901BLE68(F3:F0:16:BF:DC:AE)	0.139	0.998	-0.078	-9.216	9.155	3.906	95.00	-9.64	-24.16	-24.107	26.873	-69.020	-0.62958	-0.73953	0.20569	0.11945	25.8	null	null	13113	75
2026-05-27T16:23:31.790	WT901BLE68(F3:F0:16:BF:DC:AE)	0.184	1.010	-0.012	-22.766	1.526	-4.150	93.47	-9.63	-23.76	-24.107	26.873	-69.020	-0.67612	-0.70236	0.20764	0.07938	25.8	null	null	13113	75
2026-05-27T16:23:31.914	WT901BLE68(F3:F0:16:BF:DC:AE)	0.163	0.940	0.018	-32.104	7.263	-14.221	90.08	-8.68	-23.42	-24.107	26.873	-69.020	-0.67612	-0.70236	0.20764	0.07938	25.8	null	null	13113	75
2026-05-27T16:23:32.002	WT901BLE68(F3:F0:16:BF:DC:AE)	0.200	0.964	-0.019	-15.625	9.155	-6.958	88.06	-7.93	-22.93	-24.107	26.873	-69.020	-0.67612	-0.70236	0.20764	0.07938	25.8	null	null	13113	75
2026-05-27T16:23:32.126	WT901BLE68(F3:F0:16:BF:DC:AE)	0.171	0.963	0.023	-2.930	6.470	6.042	87.37	-8.14	-22.08	-24.107	26.873	-69.020	-0.67612	-0.70236	0.20764	0.07938	25.8	null	null	13113	75
2026-05-27T16:23:32.213	WT901BLE68(F3:F0:16:BF:DC:AE)	0.171	1.021	0.081	-2.747	-1.831	2.991	87.18	-8.72	-22.27	-24.107	26.873	-69.020	-0.67612	-0.70236	0.20764	0.07938	25.8	null	null	13113	75
2026-05-27T16:23:32.332	WT901BLE68(F3:F0:16:BF:DC:AE)	0.146	1.006	0.110	0.793	8.728	2.563	87.04	-9.15	-21.72	-24.107	26.873	-69.020	-0.67612	-0.70236	0.20764	0.07938	25.8	null	null	13113	75
2026-05-27T16:23:32.394	WT901BLE68(F3:F0:16:BF:DC:AE)	0.149	0.986	0.097	-3.235	7.568	-1.953	86.46	-8.93	-21.03	-24.107	26.873	-69.020	-0.67612	-0.70236	0.20764	0.07938	25.8	null	null	13113	75
2026-05-27T16:23:32.512	WT901BLE68(F3:F0:16:BF:DC:AE)	0.135	0.998	0.088	-4.089	-2.930	-2.258	86.05	-8.76	-20.91	-20.547	32.853	-60.733	-0.67612	-0.70236	0.20764	0.07938	25.8	null	null	13113	75
2026-05-27T16:23:32.604	WT901BLE68(F3:F0:16:BF:DC:AE)	0.167	0.986	0.086	-0.183	-0.488	-0.793	85.91	-8.64	-21.12	-20.547	32.853	-60.733	-0.67612	-0.70236	0.20764	0.07938	25.8	null	null	13113	75
2026-05-27T16:23:32.722	WT901BLE68(F3:F0:16:BF:DC:AE)	0.150	0.982	0.073	-0.427	-0.610	-0.183	85.77	-8.60	-21.06	-20.547	32.853	-60.733	-0.72705	-0.65762	0.17847	0.08328	25.8	null	null	13113	75
2026-05-27T16:23:32.814	WT901BLE68(F3:F0:16:BF:DC:AE)	0.165	0.999	0.098	0.244	3.357	-0.916	85.74	-8.55	-21.03	-20.547	32.853	-60.733	-0.72705	-0.65762	0.17847	0.08328	25.8	null	null	13113	75
2026-05-27T16:23:32.932	WT901BLE68(F3:F0:16:BF:DC:AE)	0.140	0.986	0.080	-0.916	9.827	0.000	85.51	-8.50	-20.40	-20.547	32.853	-60.733	-0.72705	-0.65762	0.17847	0.08328	25.8	null	null	13113	75
2026-05-27T16:23:32.994	WT901BLE68(F3:F0:16:BF:DC:AE)	0.137	0.990	0.086	1.282	3.357	-0.916	85.45	-8.38	-20.03	-20.547	32.853	-60.733	-0.72705	-0.65762	0.17847	0.08328	25.8	null	null	13113	75
2026-05-27T16:23:33.147	WT901BLE68(F3:F0:16:BF:DC:AE)	0.127	0.991	0.100	0.732	3.113	-1.892	85.45	-8.20	-19.81	-20.547	32.853	-60.733	-0.72705	-0.65762	0.17847	0.08328	25.8	null	null	13113	75
2026-05-27T16:23:33.205	WT901BLE68(F3:F0:16:BF:DC:AE)	0.149	0.988	0.087	0.977	0.244	-2.258	85.46	-7.95	-19.75	-20.547	32.853	-60.733	-0.72705	-0.65762	0.17847	0.08328	25.8	null	null	13113	75
2026-05-27T16:23:33.323	WT901BLE68(F3:F0:16:BF:DC:AE)	0.137	0.988	0.085	1.404	-0.122	-1.343	85.51	-7.82	-19.77	-20.547	32.853	-60.733	-0.72705	-0.65762	0.17847	0.08328	25.8	null	null	13113	75
2026-05-27T16:23:33.440	WT901BLE68(F3:F0:16:BF:DC:AE)	0.136	0.992	0.090	1.465	-0.610	-2.197	85.60	-7.63	-19.86	-20.240	32.867	-59.707	-0.72705	-0.65762	0.17847	0.08328	25.8	null	null	13113	75
2026-05-27T16:23:33.530	WT901BLE68(F3:F0:16:BF:DC:AE)	0.130	0.992	0.088	1.648	1.343	-3.052	85.71	-7.37	-19.92	-20.240	32.867	-59.707	-0.72815	-0.66016	0.16412	0.08328	25.8	null	null	13113	75
2026-05-27T16:23:33.624	WT901BLE68(F3:F0:16:BF:DC:AE)	0.135	0.988	0.080	2.502	0.122	-4.028	85.87	-7.03	-20.01	-20.240	32.867	-59.707	-0.72815	-0.66016	0.16412	0.08328	25.8	null	null	13113	75
2026-05-27T16:23:33.745	WT901BLE68(F3:F0:16:BF:DC:AE)	0.114	0.999	0.078	4.883	-0.671	-4.761	86.13	-6.64	-20.01	-20.240	32.867	-59.707	-0.72815	-0.66016	0.16412	0.08328	25.8	null	null	13113	75
2026-05-27T16:23:33.800	WT901BLE68(F3:F0:16:BF:DC:AE)	0.120	0.997	0.073	5.676	-1.953	-3.967	86.56	-6.27	-20.23	-20.240	32.867	-59.707	-0.72815	-0.66016	0.16412	0.08328	25.8	null	null	13113	75
2026-05-27T16:23:33.923	WT901BLE68(F3:F0:16:BF:DC:AE)	0.142	0.984	0.063	10.620	-1.953	-5.981	87.06	-5.83	-20.56	-20.240	32.867	-59.707	-0.72815	-0.66016	0.16412	0.08328	25.8	null	null	13113	75
2026-05-27T16:23:34.012	WT901BLE68(F3:F0:16:BF:DC:AE)	0.068	0.998	0.050	7.813	7.080	-5.127	87.84	-5.32	-20.13	-20.240	32.867	-59.707	-0.72815	-0.66016	0.16412	0.08328	25.8	null	null	13113	75
2026-05-27T16:23:34.134	WT901BLE68(F3:F0:16:BF:DC:AE)	0.048	0.997	0.040	8.240	-6.104	-5.066	88.57	-4.83	-20.12	-20.240	32.867	-59.707	-0.72815	-0.66016	0.16412	0.08328	25.8	null	null	13113	75
2026-05-27T16:23:34.225	WT901BLE68(F3:F0:16:BF:DC:AE)	0.069	1.000	0.026	6.592	-7.385	-5.859	89.34	-4.26	-20.92	-20.240	32.867	-59.707	-0.72815	-0.66016	0.16412	0.08328	25.8	null	null	13113	75
2026-05-27T16:23:34.345	WT901BLE68(F3:F0:16:BF:DC:AE)	0.044	0.996	-0.039	9.949	-2.869	-6.653	89.98	-3.64	-21.36	-24.287	31.353	-64.027	-0.72815	-0.66016	0.16412	0.08328	25.8	null	null	13113	75
2026-05-27T16:23:34.404	WT901BLE68(F3:F0:16:BF:DC:AE)	0.052	1.006	-0.023	13.550	-6.775	-3.296	91.19	-3.07	-22.33	-24.287	31.353	-64.027	-0.72815	-0.66016	0.16412	0.08328	25.8	null	null	13113	75
2026-05-27T16:23:34.524	WT901BLE68(F3:F0:16:BF:DC:AE)	0.040	0.997	-0.045	14.221	0.916	-3.479	92.66	-2.74	-22.68	-24.287	31.353	-64.027	-0.68893	-0.69775	0.15707	0.11710	25.8	null	null	13113	75
2026-05-27T16:23:34.614	WT901BLE68(F3:F0:16:BF:DC:AE)	0.040	0.987	-0.094	12.329	-8.179	-2.136	93.88	-2.39	-23.02	-24.287	31.353	-64.027	-0.68893	-0.69775	0.15707	0.11710	25.8	null	null	13113	75
2026-05-27T16:23:34.737	WT901BLE68(F3:F0:16:BF:DC:AE)	0.049	0.994	-0.108	12.695	-3.845	-1.099	95.14	-2.14	-23.65	-24.287	31.353	-64.027	-0.68893	-0.69775	0.15707	0.11710	25.8	null	null	13113	75
2026-05-27T16:23:34.825	WT901BLE68(F3:F0:16:BF:DC:AE)	0.028	0.981	-0.147	16.846	-8.362	2.136	96.64	-2.09	-24.24	-24.287	31.353	-64.027	-0.68893	-0.69775	0.15707	0.11710	25.8	null	null	13113	75
2026-05-27T16:23:34.945	WT901BLE68(F3:F0:16:BF:DC:AE)	0.024	0.981	-0.159	20.508	-23.926	1.160	98.73	-2.15	-25.74	-24.287	31.353	-64.027	-0.68893	-0.69775	0.15707	0.11710	25.8	null	null	13113	75
2026-05-27T16:23:35.070	WT901BLE68(F3:F0:16:BF:DC:AE)	0.022	0.997	-0.144	16.541	-9.033	-1.526	100.72	-1.86	-27.78	-24.287	31.353	-64.027	-0.68893	-0.69775	0.15707	0.11710	25.8	null	null	13113	75
2026-05-27T16:23:35.154	WT901BLE68(F3:F0:16:BF:DC:AE)	0.008	0.983	-0.191	4.333	-12.085	-4.456	101.54	-1.29	-28.91	-32.653	22.727	-72.873	-0.68893	-0.69775	0.15707	0.11710	25.8	null	null	13113	75
2026-05-27T16:23:35.212	WT901BLE68(F3:F0:16:BF:DC:AE)	-0.011	0.973	-0.225	5.981	-7.629	-3.235	102.01	-0.74	-29.50	-32.653	22.727	-72.873	-0.68893	-0.69775	0.15707	0.11710	25.8	null	null	13113	75
2026-05-27T16:23:35.334	WT901BLE68(F3:F0:16:BF:DC:AE)	-0.003	0.979	-0.226	3.418	-5.859	-4.456	102.49	-0.14	-30.28	-32.653	22.727	-72.873	-0.68893	-0.69775	0.15707	0.11710	25.8	null	null	13113	75
2026-05-27T16:23:35.423	WT901BLE68(F3:F0:16:BF:DC:AE)	-0.021	0.971	-0.229	4.211	-0.610	-4.456	102.86	0.38	-30.51	-32.653	22.727	-72.873	-0.60327	-0.75320	0.20428	0.16400	25.8	null	null	13113	75
2026-05-27T16:23:35.548	WT901BLE68(F3:F0:16:BF:DC:AE)	-0.035	0.968	-0.252	3.052	-2.197	-2.258	103.23	0.80	-30.57	-32.653	22.727	-72.873	-0.60327	-0.75320	0.20428	0.16400	25.8	null	null	13113	75
2026-05-27T16:23:35.633	WT901BLE68(F3:F0:16:BF:DC:AE)	-0.031	0.971	-0.249	1.648	1.587	-0.122	103.52	1.01	-30.67	-32.653	22.727	-72.873	-0.60327	-0.75320	0.20428	0.16400	25.8	null	null	13113	75
2026-05-27T16:23:35.758	WT901BLE68(F3:F0:16:BF:DC:AE)	-0.015	0.977	-0.224	-12.817	13.062	2.197	103.17	0.79	-30.03	-32.653	22.727	-72.873	-0.60327	-0.75320	0.20428	0.16400	25.8	null	null	13113	75
2026-05-27T16:23:35.814	WT901BLE68(F3:F0:16:BF:DC:AE)	-0.025	0.980	-0.243	-3.296	-1.038	0.000	102.27	0.57	-29.43	-32.653	22.727	-72.873	-0.60327	-0.75320	0.20428	0.16400	25.8	null	null	13113	75
2026-05-27T16:23:35.935	WT901BLE68(F3:F0:16:BF:DC:AE)	-0.014	0.973	-0.229	-0.671	3.357	-1.038	102.19	0.69	-29.39	-32.653	22.727	-72.873	-0.60327	-0.75320	0.20428	0.16400	25.8	null	null	13113	75
2026-05-27T16:23:36.024	WT901BLE68(F3:F0:16:BF:DC:AE)	-0.024	0.973	-0.222	-0.183	0.671	-0.244	102.22	0.77	-29.21	-32.653	22.727	-72.873	-0.60327	-0.75320	0.20428	0.16400	25.8	null	null	13113	75
2026-05-27T16:23:36.145	WT901BLE68(F3:F0:16:BF:DC:AE)	-0.016	0.978	-0.217	-0.122	0.732	0.000	102.26	0.81	-29.22	-35.340	21.840	-74.240	-0.60327	-0.75320	0.20428	0.16400	25.8	null	null	13113	75
2026-05-27T16:23:36.237	WT901BLE68(F3:F0:16:BF:DC:AE)	-0.031	0.981	-0.219	0.000	0.488	0.061	102.29	0.80	-29.17	-35.340	21.840	-74.240	-0.60327	-0.75320	0.20428	0.16400	25.8	null	null	13113	75
2026-05-27T16:23:36.354	WT901BLE68(F3:F0:16:BF:DC:AE)	-0.018	0.976	-0.216	-0.305	4.089	0.366	102.30	0.77	-28.96	-35.340	21.840	-74.240	-0.60565	-0.75479	0.19165	0.16318	25.8	null	null	13113	75
2026-05-27T16:23:36.446	WT901BLE68(F3:F0:16:BF:DC:AE)	-0.038	0.981	-0.232	-1.343	-0.671	1.526	102.25	0.71	-28.97	-35.340	21.840	-74.240	-0.60565	-0.75479	0.19165	0.16318	25.8	null	null	13113	75
2026-05-27T16:23:36.568	WT901BLE68(F3:F0:16:BF:DC:AE)	-0.025	0.983	-0.242	-2.319	4.211	1.770	102.12	0.58	-28.69	-35.340	21.840	-74.240	-0.60565	-0.75479	0.19165	0.16318	25.8	null	null	13113	75
2026-05-27T16:23:36.623	WT901BLE68(F3:F0:16:BF:DC:AE)	0.010	0.979	-0.201	-3.662	6.653	3.418	101.85	0.22	-27.98	-35.340	21.840	-74.240	-0.60565	-0.75479	0.19165	0.16318	25.8	null	null	13113	75
2026-05-27T16:23:36.749	WT901BLE68(F3:F0:16:BF:DC:AE)	-0.023	0.981	-0.193	-3.113	-5.859	5.615	101.58	-0.17	-28.30	-35.340	21.840	-74.240	-0.60565	-0.75479	0.19165	0.16318	25.8	null	null	13113	75
2026-05-27T16:23:36.835	WT901BLE68(F3:F0:16:BF:DC:AE)	0.024	0.976	-0.199	-4.395	0.000	5.188	101.22	-0.55	-28.75	-35.340	21.840	-74.240	-0.60565	-0.75479	0.19165	0.16318	25.8	null	null	13113	75
2026-05-27T16:23:36.955	WT901BLE68(F3:F0:16:BF:DC:AE)	0.015	0.976	-0.209	-3.418	3.235	6.897	100.85	-1.15	-28.59	-35.340	21.840	-74.240	-0.60565	-0.75479	0.19165	0.16318	25.8	null	null	13113	75
2026-05-27T16:23:37.048	WT901BLE68(F3:F0:16:BF:DC:AE)	0.015	0.984	-0.172	-4.272	4.761	7.813	100.55	-1.91	-28.33	-32.687	23.587	-72.433	-0.60565	-0.75479	0.19165	0.16318	25.8	null	null	13113	75
2026-05-27T16:23:37.161	WT901BLE68(F3:F0:16:BF:DC:AE)	0.044	0.988	-0.166	-5.737	6.409	7.141	100.04	-2.69	-27.88	-32.687	23.587	-72.433	-0.60565	-0.75479	0.19165	0.16318	25.8	null	null	13113	75
2026-05-27T16:23:37.222	WT901BLE68(F3:F0:16:BF:DC:AE)	0.070	0.985	-0.155	-6.592	10.925	5.981	99.37	-3.43	-27.13	-32.687	23.587	-72.433	-0.63068	-0.73804	0.19885	0.13376	25.8	null	null	13113	75
2026-05-27T16:23:37.345	WT901BLE68(F3:F0:16:BF:DC:AE)	0.075	0.992	-0.135	-7.446	10.071	5.188	98.60	-4.13	-26.15	-32.687	23.587	-72.433	-0.63068	-0.73804	0.19885	0.13376	25.8	null	null	13113	75
2026-05-27T16:23:37.438	WT901BLE68(F3:F0:16:BF:DC:AE)	0.105	0.988	-0.123	-8.362	12.268	3.662	97.70	-4.69	-25.11	-32.687	23.587	-72.433	-0.63068	-0.73804	0.19885	0.13376	25.8	null	null	13113	75
2026-05-27T16:23:37.555	WT901BLE68(F3:F0:16:BF:DC:AE)	0.112	0.981	-0.115	-8.484	16.235	1.648	96.69	-5.09	-23.76	-32.687	23.587	-72.433	-0.63068	-0.73804	0.19885	0.13376	25.8	null	null	13113	75
2026-05-27T16:23:37.644	WT901BLE68(F3:F0:16:BF:DC:AE)	0.104	0.969	-0.083	-10.925	5.371	0.610	95.65	-5.28	-22.81	-32.687	23.587	-72.433	-0.63068	-0.73804	0.19885	0.13376	25.8	null	null	13113	75
2026-05-27T16:23:37.765	WT901BLE68(F3:F0:16:BF:DC:AE)	0.105	0.997	-0.096	-11.719	-0.488	-0.183	94.85	-5.48	-22.21	-32.687	23.587	-72.433	-0.63068	-0.73804	0.19885	0.13376	25.8	null	null	13113	75
2026-05-27T16:23:37.856	WT901BLE68(F3:F0:16:BF:DC:AE)	0.094	0.989	-0.068	-5.310	5.066	-1.587	94.19	-5.53	-21.64	-32.687	23.587	-72.433	-0.63068	-0.73804	0.19885	0.13376	25.8	null	null	13113	75
2026-05-27T16:23:37.973	WT901BLE68(F3:F0:16:BF:DC:AE)	0.107	0.986	-0.061	-8.972	2.380	2.136	93.34	-5.60	-21.12	-22.747	28.480	-67.373	-0.63068	-0.73804	0.19885	0.13376	25.8	null	null	13113	75
2026-05-27T16:23:38.032	WT901BLE68(F3:F0:16:BF:DC:AE)	0.119	0.993	-0.038	-11.658	6.775	2.014	92.35	-5.90	-20.73	-22.747	28.480	-67.373	-0.68567	-0.70331	0.16519	0.08838	25.8	null	null	13113	75
2026-05-27T16:23:38.156	WT901BLE68(F3:F0:16:BF:DC:AE)	0.125	0.994	-0.013	-11.230	12.634	2.075	91.08	-6.21	-19.66	-22.747	28.480	-67.373	-0.68567	-0.70331	0.16519	0.08838	25.8	null	null	13113	75
2026-05-27T16:23:38.243	WT901BLE68(F3:F0:16:BF:DC:AE)	0.119	0.996	0.015	-11.658	8.789	1.404	89.84	-6.46	-18.59	-22.747	28.480	-67.373	-0.68567	-0.70331	0.16519	0.08838	25.8	null	null	13113	75
2026-05-27T16:23:38.367	WT901BLE68(F3:F0:16:BF:DC:AE)	0.115	0.988	0.032	-9.338	3.845	1.770	88.79	-6.65	-18.00	-22.747	28.480	-67.373	-0.68567	-0.70331	0.16519	0.08838	25.8	null	null	13113	75
2026-05-27T16:23:38.456	WT901BLE68(F3:F0:16:BF:DC:AE)	0.151	0.982	0.032	-4.517	-9.460	1.770	88.24	-6.88	-18.29	-22.747	28.480	-67.373	-0.68567	-0.70331	0.16519	0.08838	25.8	null	null	13113	75
2026-05-27T16:23:38.573	WT901BLE68(F3:F0:16:BF:DC:AE)	0.147	1.002	0.061	-1.709	-0.183	0.305	88.03	-7.11	-18.57	-22.747	28.480	-67.373	-0.68567	-0.70331	0.16519	0.08838	25.8	null	null	13113	75
2026-05-27T16:23:38.635	WT901BLE68(F3:F0:16:BF:DC:AE)	0.125	0.993	0.059	-1.465	0.122	0.671	87.78	-7.23	-18.34	-22.747	28.480	-67.373	-0.68567	-0.70331	0.16519	0.08838	25.8	null	null	13113	75
2026-05-27T16:23:38.757	WT901BLE68(F3:F0:16:BF:DC:AE)	0.126	0.990	0.070	-1.831	1.953	0.000	87.49	-7.28	-18.30	-22.747	28.480	-67.373	-0.68567	-0.70331	0.16519	0.08838	25.8	null	null	13113	75
2026-05-27T16:23:38.843	WT901BLE68(F3:F0:16:BF:DC:AE)	0.132	0.988	0.069	-2.441	4.639	-1.160	87.20	-7.21	-18.06	-18.687	32.160	-61.693	-0.68567	-0.70331	0.16519	0.08838	25.8	null	null	13113	75
2026-05-27T16:23:38.970	WT901BLE68(F3:F0:16:BF:DC:AE)	0.122	0.995	0.061	-3.052	5.615	-1.038	86.74	-7.15	-17.53	-18.687	32.160	-61.693	-0.68567	-0.70331	0.16519	0.08838	25.8	null	null	13113	75
2026-05-27T16:23:39.055	WT901BLE68(F3:F0:16:BF:DC:AE)	0.127	0.989	0.073	-0.977	2.380	-0.977	86.48	-7.05	-17.27	-18.687	32.160	-61.693	-0.72455	-0.66968	0.14786	0.06778	25.8	null	null	13113	75
2026-05-27T16:23:39.176	WT901BLE68(F3:F0:16:BF:DC:AE)	0.127	0.984	0.081	0.061	4.211	-1.465	86.33	-6.89	-17.06	-18.687	32.160	-61.693	-0.72455	-0.66968	0.14786	0.06778	25.8	null	null	13113	75
2026-05-27T16:23:39.265	WT901BLE68(F3:F0:16:BF:DC:AE)	0.121	0.981	0.063	0.854	1.404	-0.610	86.32	-6.79	-16.87	-18.687	32.160	-61.693	-0.72455	-0.66968	0.14786	0.06778	25.8	null	null	13113	75
2026-05-27T16:23:39.384	WT901BLE68(F3:F0:16:BF:DC:AE)	0.111	1.003	0.084	2.441	-1.465	-1.404	86.53	-6.73	-16.90	-18.687	32.160	-61.693	-0.72455	-0.66968	0.14786	0.06778	25.8	null	null	13113	75
2026-05-27T16:23:39.442	WT901BLE68(F3:F0:16:BF:DC:AE)	0.112	0.988	0.063	2.441	-1.709	-1.404	86.68	-6.60	-17.04	-18.687	32.160	-61.693	-0.72455	-0.66968	0.14786	0.06778	25.8	null	null	13113	75
2026-05-27T16:23:39.567	WT901BLE68(F3:F0:16:BF:DC:AE)	0.102	1.006	0.045	4.944	-9.338	-1.770	86.97	-6.46	-17.45	-18.687	32.160	-61.693	-0.72455	-0.66968	0.14786	0.06778	25.8	null	null	13113	75
2026-05-27T16:23:39.656	WT901BLE68(F3:F0:16:BF:DC:AE)	0.137	0.992	0.064	5.249	-7.629	-1.709	87.54	-6.31	-18.57	-18.687	32.160	-61.693	-0.72455	-0.66968	0.14786	0.06778	25.8	null	null	13113	75
2026-05-27T16:23:39.772	WT901BLE68(F3:F0:16:BF:DC:AE)	0.130	0.994	0.053	4.395	-2.930	-1.892	88.03	-6.20	-19.14	-19.067	31.927	-62.573	-0.72455	-0.66968	0.14786	0.06778	25.8	null	null	13113	75
2026-05-27T16:23:39.867	WT901BLE68(F3:F0:16:BF:DC:AE)	0.105	0.996	0.047	4.700	-2.258	-2.991	88.40	-6.06	-19.40	-19.067	31.927	-62.573	-0.72455	-0.66968	0.14786	0.06778	25.8	null	null	13113	75
2026-05-27T16:23:39.986	WT901BLE68(F3:F0:16:BF:DC:AE)	0.092	0.994	0.048	0.122	-5.310	-5.737	88.52	-5.71	-19.82	-19.067	31.927	-62.573	-0.71100	-0.68057	0.15488	0.08514	25.8	null	null	13113	75
2026-05-27T16:23:40.044	WT901BLE68(F3:F0:16:BF:DC:AE)	0.101	0.998	0.007	5.066	-5.737	-4.822	88.65	-5.12	-20.34	-19.067	31.927	-62.573	-0.71100	-0.68057	0.15488	0.08514	25.8	null	null	13113	75
2026-05-27T16:23:40.196	WT901BLE68(F3:F0:16:BF:DC:AE)	0.107	1.004	0.002	6.287	-4.944	-5.371	89.31	-4.71	-21.01	-19.067	31.927	-62.573	-0.71100	-0.68057	0.15488	0.08514	25.8	null	null	13113	75
2026-05-27T16:23:40.255	WT901BLE68(F3:F0:16:BF:DC:AE)	0.073	0.997	0.004	7.202	-2.808	-5.798	89.99	-4.22	-21.34	-19.067	31.927	-62.573	-0.71100	-0.68057	0.15488	0.08514	25.8	null	null	13113	75
2026-05-27T16:23:40.374	WT901BLE68(F3:F0:16:BF:DC:AE)	0.030	0.989	-0.037	7.080	0.671	-4.822	90.57	-3.81	-21.66	-19.067	31.927	-62.573	-0.71100	-0.68057	0.15488	0.08514	25.8	null	null	13113	75
2026-05-27T16:23:40.464	WT901BLE68(F3:F0:16:BF:DC:AE)	0.065	0.992	-0.028	11.414	-5.676	-2.075	91.53	-3.22	-22.25	-19.067	31.927	-62.573	-0.71100	-0.68057	0.15488	0.08514	25.8	null	null	13113	75
2026-05-27T16:23:40.589	WT901BLE68(F3:F0:16:BF:DC:AE)	0.050	0.997	-0.052	11.414	-4.883	-3.479	92.77	-2.89	-22.92	-19.067	31.927	-62.573	-0.71100	-0.68057	0.15488	0.08514	25.8	null	null	13113	75
2026-05-27T16:23:40.675	WT901BLE68(F3:F0:16:BF:DC:AE)	0.036	0.985	-0.090	12.451	-3.113	-3.174	93.97	-2.54	-23.04	-25.367	29.027	-67.613	-0.71100	-0.68057	0.15488	0.08514	25.8	null	null	13113	75
2026-05-27T16:23:40.797	WT901BLE68(F3:F0:16:BF:DC:AE)	0.037	0.990	-0.103	13.123	-5.615	-1.709	95.24	-2.28	-23.42	-25.367	29.027	-67.613	-0.71100	-0.68057	0.15488	0.08514	25.8	null	null	13113	75
2026-05-27T16:23:40.854	WT901BLE68(F3:F0:16:BF:DC:AE)	0.046	0.983	-0.132	14.343	-2.136	-0.366	96.48	-2.09	-23.76	-25.367	29.027	-67.613	-0.65820	-0.72409	0.16452	0.12347	25.8	null	null	13113	75
2026-05-27T16:23:40.978	WT901BLE68(F3:F0:16:BF:DC:AE)	0.031	0.982	-0.138	15.320	-5.127	2.197	97.94	-2.18	-24.02	-25.367	29.027	-67.613	-0.65820	-0.72409	0.16452	0.12347	25.8	null	null	13113	75
2026-05-27T16:23:41.066	WT901BLE68(F3:F0:16:BF:DC:AE)	0.047	0.984	-0.154	13.184	-13.062	-0.671	99.34	-2.16	-24.86	-25.367	29.027	-67.613	-0.65820	-0.72409	0.16452	0.12347	25.8	null	null	13113	75
2026-05-27T16:23:41.186	WT901BLE68(F3:F0:16:BF:DC:AE)	0.029	0.981	-0.161	10.132	-7.813	-1.526	100.49	-1.97	-25.45	-25.367	29.027	-67.613	-0.65820	-0.72409	0.16452	0.12347	25.8	null	null	13113	75
2026-05-27T16:23:41.279	WT901BLE68(F3:F0:16:BF:DC:AE)	0.008	0.989	-0.162	-3.296	2.625	0.977	101.05	-1.86	-25.69	-25.367	29.027	-67.613	-0.65820	-0.72409	0.16452	0.12347	25.8	null	null	13113	75
2026-05-27T16:23:41.424	WT901BLE68(F3:F0:16:BF:DC:AE)	-0.009	0.978	-0.215	2.136	-2.869	-3.784	100.65	-1.43	-25.85	-25.367	29.027	-67.613	-0.65820	-0.72409	0.16452	0.12347	25.8	null	null	13113	75
2026-05-27T16:23:41.455	WT901BLE68(F3:F0:16:BF:DC:AE)	-0.012	0.981	-0.207	4.272	-2.625	-3.662	101.00	-0.88	-26.27	-30.433	22.800	-74.413	-0.65820	-0.72409	0.16452	0.12347	25.8	null	null	13113	75
2026-05-27T16:23:41.576	WT901BLE68(F3:F0:16:BF:DC:AE)	-0.010	0.979	-0.221	3.418	-3.052	-2.808	101.43	-0.44	-26.41	-30.433	22.800	-74.413	-0.65820	-0.72409	0.16452	0.12347	25.8	null	null	13113	75
2026-05-27T16:23:41.665	WT901BLE68(F3:F0:16:BF:DC:AE)	-0.001	0.979	-0.227	2.380	-2.075	-2.502	101.77	-0.08	-26.66	-30.433	22.800	-74.413	-0.65820	-0.72409	0.16452	0.12347	25.8	null	null	13113	75
2026-05-27T16:23:41.784	WT901BLE68(F3:F0:16:BF:DC:AE)	-0.024	0.979	-0.224	1.526	-0.244	-2.075	102.02	0.18	-26.63	-30.433	22.800	-74.413	-0.61349	-0.75519	0.17911	0.14526	25.8	null	null	13113	75
2026-05-27T16:23:41.874	WT901BLE68(F3:F0:16:BF:DC:AE)	-0.028	0.979	-0.222	0.916	-0.793	-1.221	102.21	0.37	-26.59	-30.433	22.800	-74.413	-0.61349	-0.75519	0.17911	0.14526	25.8	null	null	13113	75
2026-05-27T16:23:41.997	WT901BLE68(F3:F0:16:BF:DC:AE)	-0.015	0.978	-0.226	0.122	-0.854	-0.671	102.30	0.52	-26.66	-30.433	22.800	-74.413	-0.61349	-0.75519	0.17911	0.14526	25.8	null	null	13113	75
2026-05-27T16:23:42.086	WT901BLE68(F3:F0:16:BF:DC:AE)	-0.010	0.976	-0.227	-0.061	-2.319	0.244	102.33	0.62	-26.77	-30.433	22.800	-74.413	-0.61349	-0.75519	0.17911	0.14526	25.8	null	null	13113	75
2026-05-27T16:23:42.205	WT901BLE68(F3:F0:16:BF:DC:AE)	-0.020	0.974	-0.236	-0.305	-1.648	0.854	102.35	0.63	-26.94	-30.433	22.800	-74.413	-0.61349	-0.75519	0.17911	0.14526	25.8	null	null	13113	75
2026-05-27T16:23:42.264	WT901BLE68(F3:F0:16:BF:DC:AE)	-0.022	0.982	-0.213	-1.709	-0.427	0.549	102.32	0.58	-27.05	-30.433	22.800	-74.413	-0.61349	-0.75519	0.17911	0.14526	25.8	null	null	13113	75
2026-05-27T16:23:42.386	WT901BLE68(F3:F0:16:BF:DC:AE)	-0.015	0.977	-0.220	-1.648	-0.610	1.526	102.18	0.51	-27.08	-30.433	22.800	-74.413	-0.61349	-0.75519	0.17911	0.14526	25.8	null	null	13113	75
2026-05-27T16:23:42.470	WT901BLE68(F3:F0:16:BF:DC:AE)	-0.020	0.979	-0.216	-2.136	1.221	1.709	102.04	0.38	-27.05	-33.373	22.007	-74.500	-0.61349	-0.75519	0.17911	0.14526	25.8	null	null	13113	75
2026-05-27T16:23:42.600	WT901BLE68(F3:F0:16:BF:DC:AE)	-0.013	0.981	-0.210	-2.258	-0.122	2.502	101.85	0.19	-27.05	-33.373	22.007	-74.500	-0.61349	-0.75519	0.17911	0.14526	25.8	null	null	13113	75
2026-05-27T16:23:42.685	WT901BLE68(F3:F0:16:BF:DC:AE)	-0.008	0.980	-0.207	-2.747	0.488	3.052	101.63	-0.05	-27.01	-33.373	22.007	-74.500	-0.61328	-0.75443	0.18088	0.14810	25.8	null	null	13113	75
2026-05-27T16:23:42.809	WT901BLE68(F3:F0:16:BF:DC:AE)	0.003	0.980	-0.199	-2.930	3.662	3.479	101.37	-0.36	-26.88	-33.373	22.007	-74.500	-0.61328	-0.75443	0.18088	0.14810	25.8	null	null	13113	75
2026-05-27T16:23:42.864	WT901BLE68(F3:F0:16:BF:DC:AE)	-0.002	0.982	-0.193	-3.296	3.052	4.211	101.09	-0.75	-26.59	-33.373	22.007	-74.500	-0.61328	-0.75443	0.18088	0.14810	25.8	null	null	13113	75
2026-05-27T16:23:42.984	WT901BLE68(F3:F0:16:BF:DC:AE)	0.023	0.980	-0.185	-4.150	3.967	4.578	100.72	-1.20	-26.34	-33.373	22.007	-74.500	-0.61328	-0.75443	0.18088	0.14810	25.8	null	null	13113	75
2026-05-27T16:23:43.076	WT901BLE68(F3:F0:16:BF:DC:AE)	0.022	0.985	-0.167	-4.517	4.578	4.517	100.33	-1.71	-25.95	-33.373	22.007	-74.500	-0.61328	-0.75443	0.18088	0.14810	25.8	null	null	13113	75
2026-05-27T16:23:43.195	WT901BLE68(F3:F0:16:BF:DC:AE)	0.038	0.982	-0.173	-3.784	5.005	5.310	99.92	-2.24	-25.49	-33.373	22.007	-74.500	-0.61328	-0.75443	0.18088	0.14810	25.8	null	null	13113	75
2026-05-27T16:23:43.284	WT901BLE68(F3:F0:16:BF:DC:AE)	0.049	0.988	-0.157	-4.395	3.601	5.005	99.51	-2.78	-25.16	-33.373	22.007	-74.500	-0.61328	-0.75443	0.18088	0.14810	25.8	null	null	13113	75
2026-05-27T16:23:43.406	WT901BLE68(F3:F0:16:BF:DC:AE)	0.062	0.990	-0.151	-4.944	4.272	4.395	99.03	-3.27	-24.82	-28.233	24.353	-72.360	-0.61328	-0.75443	0.18088	0.14810	25.8	null	null	13113	75
2026-05-27T16:23:43.497	WT901BLE68(F3:F0:16:BF:DC:AE)	0.076	0.989	-0.141	-5.371	5.310	3.357	98.48	-3.72	-24.37	-28.233	24.353	-72.360	-0.64206	-0.73608	0.18082	0.11462	25.8	null	null	13113	75
2026-05-27T16:23:43.614	WT901BLE68(F3:F0:16:BF:DC:AE)	0.073	0.989	-0.138	-5.554	4.333	3.296	97.91	-4.14	-23.83	-28.233	24.353	-72.360	-0.64206	-0.73608	0.18082	0.11462	25.8	null	null	13113	75
2026-05-27T16:23:43.674	WT901BLE68(F3:F0:16:BF:DC:AE)	0.092	0.991	-0.125	-5.371	5.798	2.502	97.37	-4.50	-23.38	-28.233	24.353	-72.360	-0.64206	-0.73608	0.18082	0.11462	25.8	null	null	13113	75
2026-05-27T16:23:43.793	WT901BLE68(F3:F0:16:BF:DC:AE)	0.093	0.992	-0.109	-4.700	8.301	2.197	96.84	-4.86	-22.65	-28.233	24.353	-72.360	-0.64206	-0.73608	0.18082	0.11462	25.8	null	null	13113	75
2026-05-27T16:23:43.884	WT901BLE68(F3:F0:16:BF:DC:AE)	0.092	0.991	-0.108	-4.456	4.883	2.747	96.35	-5.19	-22.04	-28.233	24.353	-72.360	-0.64206	-0.73608	0.18082	0.11462	25.8	null	null	13113	75
2026-05-27T16:23:44.004	WT901BLE68(F3:F0:16:BF:DC:AE)	0.099	0.996	-0.100	-5.066	4.578	2.014	95.86	-5.47	-21.61	-28.233	24.353	-72.360	-0.64206	-0.73608	0.18082	0.11462	25.8	null	null	13113	75
2026-05-27T16:23:44.094	WT901BLE68(F3:F0:16:BF:DC:AE)	0.091	0.997	-0.086	-6.409	4.028	1.709	95.26	-5.70	-21.10	-28.233	24.353	-72.360	-0.64206	-0.73608	0.18082	0.11462	25.8	null	null	13113	75
2026-05-27T16:23:44.217	WT901BLE68(F3:F0:16:BF:DC:AE)	0.092	1.005	-0.066	-8.606	0.488	0.000	94.44	-5.77	-20.96	-28.233	24.353	-72.360	-0.64206	-0.73608	0.18082	0.11462	25.8	null	null	13113	75
2026-05-27T16:23:44.272	WT901BLE68(F3:F0:16:BF:DC:AE)	0.077	0.998	-0.023	-10.132	6.897	-3.784	93.26	-5.49	-20.78	-21.827	28.573	-68.140	-0.64206	-0.73608	0.18082	0.11462	25.8	null	null	13113	75
2026-05-27T16:23:44.390	WT901BLE68(F3:F0:16:BF:DC:AE)	0.127	1.000	-0.059	-13.123	8.972	-1.282	92.08	-5.07	-19.82	-21.827	28.573	-68.140	-0.64206	-0.73608	0.18082	0.11462	25.8	null	null	13113	75
2026-05-27T16:23:44.483	WT901BLE68(F3:F0:16:BF:DC:AE)	0.116	0.993	-0.033	-10.010	11.230	1.953	91.01	-5.23	-18.78	-21.827	28.573	-68.140	-0.69095	-0.70135	0.15207	0.08633	25.8	null	null	13113	75
2026-05-27T16:23:44.605	WT901BLE68(F3:F0:16:BF:DC:AE)	0.111	1.001	0.005	-7.629	9.033	4.150	90.14	-5.65	-17.85	-21.827	28.573	-68.140	-0.69095	-0.70135	0.15207	0.08633	25.8	null	null	13113	75
2026-05-27T16:23:44.694	WT901BLE68(F3:F0:16:BF:DC:AE)	0.112	0.990	0.009	-6.165	5.920	4.395	89.37	-6.09	-17.08	-21.827	28.573	-68.140	-0.69095	-0.70135	0.15207	0.08633	25.8	null	null	13113	75
2026-05-27T16:23:44.816	WT901BLE68(F3:F0:16:BF:DC:AE)	0.084	0.975	0.010	-2.380	-1.526	1.892	88.94	-6.38	-17.14	-21.827	28.573	-68.140	-0.69095	-0.70135	0.15207	0.08633	25.8	null	null	13113	75
2026-05-27T16:23:44.905	WT901BLE68(F3:F0:16:BF:DC:AE)	0.145	1.017	0.067	-3.601	2.808	-0.671	88.80	-6.25	-18.47	-21.827	28.573	-68.140	-0.69095	-0.70135	0.15207	0.08633	25.8	null	null	13113	75
2026-05-27T16:23:45.025	WT901BLE68(F3:F0:16:BF:DC:AE)	0.096	0.981	0.004	-0.732	0.610	0.305	88.32	-6.15	-18.28	-21.827	28.573	-68.140	-0.69095	-0.70135	0.15207	0.08633	25.8	null	null	13113	75
2026-05-27T16:23:45.085	WT901BLE68(F3:F0:16:BF:DC:AE)	0.124	1.007	0.060	-0.366	-5.615	-1.526	88.38	-6.22	-19.00	-19.427	31.560	-62.807	-0.69095	-0.70135	0.15207	0.08633	25.8	null	null	13113	75
2026-05-27T16:23:45.203	WT901BLE68(F3:F0:16:BF:DC:AE)	0.070	1.016	0.062	-3.784	2.136	-9.216	88.15	-5.89	-18.91	-19.427	31.560	-62.807	-0.69095	-0.70135	0.15207	0.08633	25.8	null	null	13113	75
2026-05-27T16:23:45.295	WT901BLE68(F3:F0:16:BF:DC:AE)	0.122	0.989	0.059	-4.761	-0.916	-10.437	87.71	-4.81	-19.04	-19.427	31.560	-62.807	-0.69095	-0.70135	0.15207	0.08633	25.8	null	null	13113	75
2026-05-27T16:23:45.412	WT901BLE68(F3:F0:16:BF:DC:AE)	0.102	0.966	-0.053	4.150	0.122	-2.686	87.35	-4.16	-19.11	-19.427	31.560	-62.807	-0.71591	-0.67703	0.14313	0.09225	25.8	null	null	13113	75
