time	DeviceName	AccX(g)	AccY(g)	AccZ(g)	AsX(°/s)	AsY(°/s)	AsZ(°/s)	AngleX(°)	AngleY(°)	AngleZ(°)	HX(uT)	HY(uT)	HZ(uT)	Q0()	Q1()	Q2()	Q3()	Temperature(°C)	Height(m)	Pressure(kPa)	Version()	Battery level(%)
2026-05-27T16:01:26.995	WT901BLE68(F3:F0:16:BF:DC:AE)	-0.247	0.923	0.303	-7.019	14.709	11.108	70.80	13.35	-13.92	-14.380	40.153	-41.080	0.78131	0.59659	-0.01291	-0.18268	25.4	null	null	13113	75
2026-05-27T16:01:27.081	WT901BLE68(F3:F0:16:BF:DC:AE)	-0.277	0.926	0.266	1.648	-10.254	7.568	70.70	12.57	-12.98	-17.033	42.053	-36.727	0.78131	0.59659	-0.01291	-0.18268	25.4	null	null	13113	75
2026-05-27T16:01:27.173	WT901BLE68(F3:F0:16:BF:DC:AE)	-0.218	0.914	0.255	9.399	-21.484	0.610	71.02	11.62	-14.94	-17.033	42.053	-36.727	0.78131	0.59659	-0.01291	-0.18268	25.4	null	null	13113	75
2026-05-27T16:01:27.292	WT901BLE68(F3:F0:16:BF:DC:AE)	-0.229	0.920	0.278	9.094	9.338	2.930	72.00	11.39	-15.19	-17.033	42.053	-36.727	0.78131	0.59659	-0.01291	-0.18268	25.4	null	null	13113	75
2026-05-27T16:01:27.381	WT901BLE68(F3:F0:16:BF:DC:AE)	-0.262	0.937	0.281	12.512	0.061	-6.653	73.20	11.82	-14.13	-17.033	42.053	-36.727	0.78860	0.59323	0.00439	-0.16147	25.4	null	null	13113	75
2026-05-27T16:01:27.505	WT901BLE68(F3:F0:16:BF:DC:AE)	-0.161	0.949	0.391	9.644	-20.508	-17.395	73.99	12.61	-16.36	-17.033	42.053	-36.727	0.78860	0.59323	0.00439	-0.16147	25.4	null	null	13113	75
2026-05-27T16:01:27.592	WT901BLE68(F3:F0:16:BF:DC:AE)	-0.198	0.925	0.369	-9.521	18.127	-4.639	73.38	13.66	-16.17	-17.033	42.053	-36.727	0.78860	0.59323	0.00439	-0.16147	25.4	null	null	13113	75
2026-05-27T16:01:27.713	WT901BLE68(F3:F0:16:BF:DC:AE)	-0.213	0.936	0.274	-5.981	-6.897	-3.296	72.34	14.00	-15.55	-17.033	42.053	-36.727	0.78860	0.59323	0.00439	-0.16147	25.4	null	null	13113	75
2026-05-27T16:01:27.771	WT901BLE68(F3:F0:16:BF:DC:AE)	-0.209	0.959	0.284	2.258	-14.893	4.822	71.94	13.51	-16.59	-17.033	42.053	-36.727	0.78860	0.59323	0.00439	-0.16147	25.4	null	null	13113	75
2026-05-27T16:01:27.894	WT901BLE68(F3:F0:16:BF:DC:AE)	-0.226	0.947	0.312	3.601	-15.320	3.784	72.08	12.49	-17.66	-17.033	42.053	-36.727	0.78860	0.59323	0.00439	-0.16147	25.4	null	null	13113	75
2026-05-27T16:01:27.981	WT901BLE68(F3:F0:16:BF:DC:AE)	-0.173	0.953	0.309	-0.305	-47.241	0.977	71.76	11.41	-20.00	-17.033	42.053	-36.727	0.78860	0.59323	0.00439	-0.16147	25.4	null	null	13113	75
2026-05-27T16:01:28.101	WT901BLE68(F3:F0:16:BF:DC:AE)	-0.209	0.969	0.323	2.991	0.427	-6.836	71.70	11.56	-20.71	-19.613	41.113	-40.193	0.78860	0.59323	0.00439	-0.16147	25.4	null	null	13113	75
2026-05-27T16:01:28.192	WT901BLE68(F3:F0:16:BF:DC:AE)	-0.122	0.955	0.333	-0.610	-10.559	-0.610	71.44	11.21	-22.35	-19.613	41.113	-40.193	0.78156	0.58630	-0.03201	-0.21051	25.4	null	null	13113	75
2026-05-27T16:01:28.314	WT901BLE68(F3:F0:16:BF:DC:AE)	-0.179	0.891	0.274	-0.916	14.954	4.150	71.39	11.23	-21.05	-19.613	41.113	-40.193	0.78156	0.58630	-0.03201	-0.21051	25.4	null	null	13113	75
2026-05-27T16:01:28.401	WT901BLE68(F3:F0:16:BF:DC:AE)	-0.197	0.955	0.299	8.423	1.404	9.338	71.93	10.63	-20.14	-19.613	41.113	-40.193	0.78156	0.58630	-0.03201	-0.21051	25.4	null	null	13113	75
2026-05-27T16:01:28.524	WT901BLE68(F3:F0:16:BF:DC:AE)	-0.185	0.922	0.343	5.249	-9.338	-0.427	72.68	9.93	-20.30	-19.613	41.113	-40.193	0.78156	0.58630	-0.03201	-0.21051	25.4	null	null	13113	75
2026-05-27T16:01:28.583	WT901BLE68(F3:F0:16:BF:DC:AE)	-0.233	0.958	0.298	-2.136	18.066	4.150	72.49	10.16	-19.22	-19.613	41.113	-40.193	0.78156	0.58630	-0.03201	-0.21051	25.4	null	null	13113	75
2026-05-27T16:01:28.705	WT901BLE68(F3:F0:16:BF:DC:AE)	-0.179	0.893	0.289	2.319	1.282	2.197	72.55	9.67	-18.74	-19.613	41.113	-40.193	0.78156	0.58630	-0.03201	-0.21051	25.4	null	null	13113	75
2026-05-27T16:01:28.793	WT901BLE68(F3:F0:16:BF:DC:AE)	-0.203	0.925	0.285	-6.714	3.357	-5.371	72.29	10.28	-18.27	-19.613	41.113	-40.193	0.78156	0.58630	-0.03201	-0.21051	25.4	null	null	13113	75
2026-05-27T16:01:28.915	WT901BLE68(F3:F0:16:BF:DC:AE)	-0.170	0.994	0.257	-1.343	14.221	-6.714	72.03	10.97	-17.47	-19.613	41.113	-40.193	0.78156	0.58630	-0.03201	-0.21051	25.4	null	null	13113	75
2026-05-27T16:01:29.001	WT901BLE68(F3:F0:16:BF:DC:AE)	-0.143	0.921	0.311	5.249	4.883	-13.184	72.50	12.27	-17.03	-19.080	40.813	-41.527	0.78156	0.58630	-0.03201	-0.21051	25.4	null	null	13113	75
2026-05-27T16:01:29.122	WT901BLE68(F3:F0:16:BF:DC:AE)	-0.195	0.911	0.298	8.789	0.732	5.249	73.37	12.60	-16.45	-19.080	40.813	-41.527	0.78070	0.59814	0.00284	-0.18060	25.4	null	null	13113	75
2026-05-27T16:01:29.182	WT901BLE68(F3:F0:16:BF:DC:AE)	-0.186	0.958	0.305	4.822	6.226	14.648	74.08	11.45	-16.03	-19.080	40.813	-41.527	0.78070	0.59814	0.00284	-0.18060	25.4	null	null	13113	75
2026-05-27T16:01:29.305	WT901BLE68(F3:F0:16:BF:DC:AE)	-0.213	0.969	0.309	-6.592	15.747	8.545	74.14	10.61	-14.39	-19.080	40.813	-41.527	0.78070	0.59814	0.00284	-0.18060	25.4	null	null	13113	75
2026-05-27T16:01:29.393	WT901BLE68(F3:F0:16:BF:DC:AE)	-0.205	0.991	0.273	-11.841	20.935	1.221	73.38	10.79	-12.49	-19.080	40.813	-41.527	0.78070	0.59814	0.00284	-0.18060	25.4	null	null	13113	75
2026-05-27T16:01:29.513	WT901BLE68(F3:F0:16:BF:DC:AE)	-0.181	0.980	0.250	-18.555	28.381	0.977	72.23	11.43	-10.34	-19.080	40.813	-41.527	0.78070	0.59814	0.00284	-0.18060	25.4	null	null	13113	75
2026-05-27T16:01:29.603	WT901BLE68(F3:F0:16:BF:DC:AE)	-0.223	0.908	0.218	-13.550	44.861	14.526	71.59	11.70	-6.50	-19.080	40.813	-41.527	0.78070	0.59814	0.00284	-0.18060	25.4	null	null	13113	75
2026-05-27T16:01:29.723	WT901BLE68(F3:F0:16:BF:DC:AE)	-0.248	0.851	0.197	-1.770	27.283	18.738	71.98	11.25	-2.74	-19.080	40.813	-41.527	0.78070	0.59814	0.00284	-0.18060	25.4	null	null	13113	75
2026-05-27T16:01:29.811	WT901BLE68(F3:F0:16:BF:DC:AE)	-0.267	0.988	0.192	12.024	27.954	36.987	73.52	9.55	0.54	-10.893	40.847	-36.220	0.78070	0.59814	0.00284	-0.18060	25.4	null	null	13113	75
2026-05-27T16:01:29.934	WT901BLE68(F3:F0:16:BF:DC:AE)	-0.317	0.986	0.260	23.865	-13.428	10.254	76.10	7.86	2.31	-10.893	40.847	-36.220	0.78070	0.59814	0.00284	-0.18060	25.4	null	null	13113	75
2026-05-27T16:01:29.990	WT901BLE68(F3:F0:16:BF:DC:AE)	-0.226	1.011	0.292	12.756	-59.692	-22.949	77.24	8.69	-2.33	-10.893	40.847	-36.220	0.78024	0.62134	0.05606	-0.04367	25.4	null	null	13113	75
2026-05-27T16:01:30.114	WT901BLE68(F3:F0:16:BF:DC:AE)	-0.185	0.931	0.312	-2.258	-22.827	-14.343	76.94	10.01	-6.20	-10.893	40.847	-36.220	0.78024	0.62134	0.05606	-0.04367	25.4	null	null	13113	75
2026-05-27T16:01:30.203	WT901BLE68(F3:F0:16:BF:DC:AE)	-0.209	0.953	0.255	-18.127	15.625	-8.423	75.38	11.13	-6.28	-10.893	40.847	-36.220	0.78024	0.62134	0.05606	-0.04367	25.4	null	null	13113	75
2026-05-27T16:01:30.325	WT901BLE68(F3:F0:16:BF:DC:AE)	-0.302	0.995	0.275	-15.015	22.278	2.686	74.23	11.76	-4.13	-10.893	40.847	-36.220	0.78024	0.62134	0.05606	-0.04367	25.4	null	null	13113	75
2026-05-27T16:01:30.412	WT901BLE68(F3:F0:16:BF:DC:AE)	-0.228	0.972	0.228	-16.846	-26.978	-45.227	72.21	14.07	-6.08	-10.893	40.847	-36.220	0.78024	0.62134	0.05606	-0.04367	25.4	null	null	13113	75
2026-05-27T16:01:30.533	WT901BLE68(F3:F0:16:BF:DC:AE)	-0.246	0.869	0.223	-5.127	-5.066	-46.143	70.74	18.15	-8.67	-10.893	40.847	-36.220	0.78024	0.62134	0.05606	-0.04367	25.4	null	null	13113	75
2026-05-27T16:01:30.592	WT901BLE68(F3:F0:16:BF:DC:AE)	-0.183	0.957	0.248	10.803	-5.554	-11.902	70.59	19.93	-11.40	-10.893	40.847	-36.220	0.78024	0.62134	0.05606	-0.04367	25.4	null	null	13113	75
2026-05-27T16:01:30.715	WT901BLE68(F3:F0:16:BF:DC:AE)	-0.258	0.907	0.350	26.001	-47.607	-6.836	72.26	19.61	-13.68	-10.893	40.847	-36.220	0.78024	0.62134	0.05606	-0.04367	25.4	null	null	13113	75
2026-05-27T16:01:30.801	WT901BLE68(F3:F0:16:BF:DC:AE)	-0.148	0.934	0.325	17.273	-67.322	12.756	72.26	16.97	-20.26	-23.553	42.373	-39.253	0.78024	0.62134	0.05606	-0.04367	25.4	null	null	13113	75
2026-05-27T16:01:30.921	WT901BLE68(F3:F0:16:BF:DC:AE)	-0.217	0.935	0.363	2.502	18.066	22.888	72.83	14.28	-21.18	-23.553	42.373	-39.253	0.78024	0.62134	0.05606	-0.04367	25.4	null	null	13113	75
2026-05-27T16:01:31.013	WT901BLE68(F3:F0:16:BF:DC:AE)	-0.233	0.938	0.354	-7.874	21.240	20.630	72.94	12.60	-18.50	-23.553	42.373	-39.253	0.77356	0.59827	-0.00977	-0.20844	25.4	null	null	13113	75
2026-05-27T16:01:31.131	WT901BLE68(F3:F0:16:BF:DC:AE)	-0.250	0.935	0.305	-9.949	11.963	13.977	72.30	11.44	-15.99	-23.553	42.373	-39.253	0.77356	0.59827	-0.00977	-0.20844	25.4	null	null	13113	75
2026-05-27T16:01:31.193	WT901BLE68(F3:F0:16:BF:DC:AE)	-0.206	0.956	0.294	-8.423	-5.432	5.615	71.48	10.69	-15.21	-23.553	42.373	-39.253	0.77356	0.59827	-0.00977	-0.20844	25.4	null	null	13113	75
2026-05-27T16:01:31.344	WT901BLE68(F3:F0:16:BF:DC:AE)	-0.233	0.909	0.294	-5.859	16.052	-6.042	70.93	11.12	-14.21	-23.553	42.373	-39.253	0.77356	0.59827	-0.00977	-0.20844	25.4	null	null	13113	75
2026-05-27T16:01:31.400	WT901BLE68(F3:F0:16:BF:DC:AE)	-0.213	0.906	0.294	1.587	-5.737	-7.751	70.81	12.06	-13.96	-23.553	42.373	-39.253	0.77356	0.59827	-0.00977	-0.20844	25.4	null	null	13113	75
2026-05-27T16:01:31.520	WT901BLE68(F3:F0:16:BF:DC:AE)	-0.295	1.032	0.475	15.564	89.966	-44.983	71.60	13.76	-13.41	-23.553	42.373	-39.253	0.77356	0.59827	-0.00977	-0.20844	25.4	null	null	13113	75
2026-05-27T16:01:31.611	WT901BLE68(F3:F0:16:BF:DC:AE)	-0.591	0.888	0.217	-1.648	48.218	-90.637	74.20	23.45	-5.92	-20.847	42.627	-39.040	0.77356	0.59827	-0.00977	-0.20844	25.4	null	null	13113	75
2026-05-27T16:01:31.734	WT901BLE68(F3:F0:16:BF:DC:AE)	-0.675	0.751	0.224	-1.038	4.211	-84.351	73.71	32.45	-6.31	-20.847	42.627	-39.040	0.77356	0.59827	-0.00977	-0.20844	25.4	null	null	13113	75
2026-05-27T16:01:31.821	WT901BLE68(F3:F0:16:BF:DC:AE)	-0.811	0.724	0.158	13.184	-111.694	-99.731	69.27	39.72	-15.39	-20.847	42.627	-39.040	0.74493	0.57434	0.20999	-0.26645	25.4	null	null	13113	75
2026-05-27T16:01:31.945	WT901BLE68(F3:F0:16:BF:DC:AE)	-0.707	0.625	0.264	24.475	-82.947	-83.313	59.98	44.08	-32.23	-20.847	42.627	-39.040	0.74493	0.57434	0.20999	-0.26645	25.4	null	null	13113	75
2026-05-27T16:01:32.003	WT901BLE68(F3:F0:16:BF:DC:AE)	-0.451	0.593	0.289	31.921	-10.437	-71.899	52.50	46.51	-46.68	-20.847	42.627	-39.040	0.74493	0.57434	0.20999	-0.26645	25.4	null	null	13113	75
2026-05-27T16:01:32.122	WT901BLE68(F3:F0:16:BF:DC:AE)	-0.394	0.559	0.444	72.876	-89.172	-37.292	49.34	46.88	-58.49	-20.847	42.627	-39.040	0.74493	0.57434	0.20999	-0.26645	25.4	null	null	13113	75
2026-05-27T16:01:32.215	WT901BLE68(F3:F0:16:BF:DC:AE)	-0.715	0.472	0.198	11.658	62.073	60.425	55.79	45.42	-55.62	-20.847	42.627	-39.040	0.74493	0.57434	0.20999	-0.26645	25.4	null	null	13113	75
2026-05-27T16:01:32.336	WT901BLE68(F3:F0:16:BF:DC:AE)	-0.970	0.643	0.478	-15.808	-31.860	-7.813	60.19	44.90	-47.66	-20.847	42.627	-39.040	0.74493	0.57434	0.20999	-0.26645	25.4	null	null	13113	75
2026-05-27T16:01:32.421	WT901BLE68(F3:F0:16:BF:DC:AE)	-0.762	0.541	0.383	-3.540	-18.311	-7.507	56.56	44.31	-50.95	-20.847	42.627	-39.040	0.74493	0.57434	0.20999	-0.26645	25.4	null	null	13113	75
2026-05-27T16:01:32.544	WT901BLE68(F3:F0:16:BF:DC:AE)	-0.703	0.561	0.455	-10.742	0.488	-3.052	54.53	44.36	-51.84	-64.367	30.340	-35.453	0.74493	0.57434	0.20999	-0.26645	25.4	null	null	13113	75
2026-05-27T16:01:32.603	WT901BLE68(F3:F0:16:BF:DC:AE)	-0.800	0.599	0.523	-11.292	-26.550	-3.174	52.50	43.97	-52.85	-64.367	30.340	-35.453	0.74493	0.57434	0.20999	-0.26645	25.4	null	null	13113	75
2026-05-27T16:01:32.756	WT901BLE68(F3:F0:16:BF:DC:AE)	-0.587	0.470	0.445	-34.485	-27.527	-9.460	46.59	42.41	-56.64	-64.367	30.340	-35.453	0.74493	0.57434	0.20999	-0.26645	25.4	null	null	13113	75
2026-05-27T16:01:32.812	WT901BLE68(F3:F0:16:BF:DC:AE)	-0.591	0.480	0.479	-10.864	-9.155	-6.470	42.59	41.74	-58.97	-64.367	30.340	-35.453	0.69202	0.46588	0.12097	-0.53790	25.4	null	null	13113	75
2026-05-27T16:01:32.934	WT901BLE68(F3:F0:16:BF:DC:AE)	-0.742	0.459	0.515	4.517	33.752	3.845	43.75	42.98	-56.70	-64.367	30.340	-35.453	0.69202	0.46588	0.12097	-0.53790	25.4	null	null	13113	75
2026-05-27T16:01:33.022	WT901BLE68(F3:F0:16:BF:DC:AE)	-0.743	0.500	0.544	-10.010	-28.259	-12.085	43.36	43.66	-56.57	-64.367	30.340	-35.453	0.69202	0.46588	0.12097	-0.53790	25.4	null	null	13113	75
2026-05-27T16:01:33.145	WT901BLE68(F3:F0:16:BF:DC:AE)	-0.534	0.500	0.516	3.174	4.456	7.813	41.71	42.75	-58.11	-64.367	30.340	-35.453	0.69202	0.46588	0.12097	-0.53790	25.4	null	null	13113	75
2026-05-27T16:01:33.234	WT901BLE68(F3:F0:16:BF:DC:AE)	-0.780	0.479	0.512	10.742	31.677	15.930	44.86	43.24	-54.11	-64.367	30.340	-35.453	0.69202	0.46588	0.12097	-0.53790	25.4	null	null	13113	75
2026-05-27T16:01:33.353	WT901BLE68(F3:F0:16:BF:DC:AE)	-0.661	0.468	0.499	1.160	-6.409	4.211	46.17	43.29	-52.20	-64.367	30.340	-35.453	0.69202	0.46588	0.12097	-0.53790	25.4	null	null	13113	75
2026-05-27T16:01:33.414	WT901BLE68(F3:F0:16:BF:DC:AE)	-0.690	0.499	0.509	15.076	12.695	8.484	47.65	43.20	-50.76	-66.187	31.287	-28.433	0.69202	0.46588	0.12097	-0.53790	25.4	null	null	13113	75
2026-05-27T16:01:33.532	WT901BLE68(F3:F0:16:BF:DC:AE)	-0.777	0.527	0.509	5.310	5.859	3.113	49.76	43.49	-48.87	-66.187	31.287	-28.433	0.69202	0.46588	0.12097	-0.53790	25.4	null	null	13113	75
2026-05-27T16:01:33.620	WT901BLE68(F3:F0:16:BF:DC:AE)	-0.619	0.519	0.505	8.484	-13.123	-5.676	49.02	43.26	-50.14	-66.187	31.287	-28.433	0.70218	0.49307	0.14291	-0.49326	25.4	null	null	13113	75
2026-05-27T16:01:33.744	WT901BLE68(F3:F0:16:BF:DC:AE)	-0.690	0.527	0.488	3.906	5.981	-0.244	49.26	43.40	-50.23	-66.187	31.287	-28.433	0.70218	0.49307	0.14291	-0.49326	25.4	null	null	13113	75
2026-05-27T16:01:33.830	WT901BLE68(F3:F0:16:BF:DC:AE)	-0.685	0.534	0.475	4.211	7.080	1.831	49.99	43.75	-49.27	-66.187	31.287	-28.433	0.70218	0.49307	0.14291	-0.49326	25.4	null	null	13113	75
2026-05-27T16:01:33.955	WT901BLE68(F3:F0:16:BF:DC:AE)	-0.707	0.560	0.491	1.587	13.306	3.235	51.30	44.19	-47.59	-66.187	31.287	-28.433	0.70218	0.49307	0.14291	-0.49326	25.4	null	null	13113	75
2026-05-27T16:01:34.011	WT901BLE68(F3:F0:16:BF:DC:AE)	-0.646	0.556	0.403	1.892	16.907	9.827	52.34	44.47	-45.67	-66.187	31.287	-28.433	0.70218	0.49307	0.14291	-0.49326	25.4	null	null	13113	75
2026-05-27T16:01:34.169	WT901BLE68(F3:F0:16:BF:DC:AE)	-0.760	0.532	0.481	-1.709	-0.427	4.089	54.17	44.71	-43.34	-66.187	31.287	-28.433	0.70218	0.49307	0.14291	-0.49326	25.4	null	null	13113	75
2026-05-27T16:01:34.222	WT901BLE68(F3:F0:16:BF:DC:AE)	-0.723	0.572	0.417	-5.981	8.057	18.250	53.45	43.11	-43.13	-66.187	31.287	-28.433	0.70218	0.49307	0.14291	-0.49326	25.4	null	null	13113	75
2026-05-27T16:01:34.346	WT901BLE68(F3:F0:16:BF:DC:AE)	-0.550	0.573	0.477	-12.939	-3.967	23.376	52.78	41.51	-42.46	-66.187	31.287	-28.433	0.70218	0.49307	0.14291	-0.49326	25.4	null	null	13113	75
2026-05-27T16:01:34.434	WT901BLE68(F3:F0:16:BF:DC:AE)	-0.684	0.621	0.467	-6.714	0.488	29.663	53.08	38.90	-40.43	-60.787	34.580	-32.893	0.70218	0.49307	0.14291	-0.49326	25.4	null	null	13113	75
2026-05-27T16:01:34.551	WT901BLE68(F3:F0:16:BF:DC:AE)	-0.708	0.670	0.488	3.967	-7.385	25.085	54.05	36.43	-38.55	-60.787	34.580	-32.893	0.74719	0.49860	0.12793	-0.42026	25.4	null	null	13113	75
2026-05-27T16:01:34.644	WT901BLE68(F3:F0:16:BF:DC:AE)	-0.440	0.683	0.542	4.639	-17.883	30.762	53.71	32.81	-39.50	-60.787	34.580	-32.893	0.74719	0.49860	0.12793	-0.42026	25.4	null	null	13113	75
2026-05-27T16:01:34.764	WT901BLE68(F3:F0:16:BF:DC:AE)	-0.447	0.750	0.443	-3.845	25.696	40.283	54.93	30.35	-36.44	-60.787	34.580	-32.893	0.74719	0.49860	0.12793	-0.42026	25.4	null	null	13113	75
2026-05-27T16:01:34.825	WT901BLE68(F3:F0:16:BF:DC:AE)	-0.296	0.815	0.435	12.817	78.979	78.613	60.03	27.81	-27.80	-60.787	34.580	-32.893	0.74719	0.49860	0.12793	-0.42026	25.4	null	null	13113	75
2026-05-27T16:01:34.942	WT901BLE68(F3:F0:16:BF:DC:AE)	-0.187	0.958	0.297	21.545	28.198	130.981	65.53	19.69	-18.50	-60.787	34.580	-32.893	0.74719	0.49860	0.12793	-0.42026	25.4	null	null	13113	75
2026-05-27T16:01:35.035	WT901BLE68(F3:F0:16:BF:DC:AE)	-0.300	1.132	0.312	19.409	66.040	111.694	70.52	9.93	-8.75	-60.787	34.580	-32.893	0.74719	0.49860	0.12793	-0.42026	25.4	null	null	13113	75
2026-05-27T16:01:35.157	WT901BLE68(F3:F0:16:BF:DC:AE)	-0.302	1.020	0.249	12.207	27.283	43.579	72.78	4.94	-2.61	-60.787	34.580	-32.893	0.74719	0.49860	0.12793	-0.42026	25.4	null	null	13113	75
2026-05-27T16:01:35.241	WT901BLE68(F3:F0:16:BF:DC:AE)	-0.265	0.938	0.260	8.728	21.484	3.723	74.16	4.54	-0.32	-9.373	39.127	-40.580	0.74719	0.49860	0.12793	-0.42026	25.4	null	null	13113	75
2026-05-27T16:01:35.366	WT901BLE68(F3:F0:16:BF:DC:AE)	-0.259	0.918	0.295	-2.563	35.034	-16.785	74.69	6.81	2.19	-9.373	39.127	-40.580	0.74719	0.49860	0.12793	-0.42026	25.4	null	null	13113	75
2026-05-27T16:01:35.423	WT901BLE68(F3:F0:16:BF:DC:AE)	-0.253	0.974	0.308	-5.127	22.583	-37.231	74.53	10.91	4.24	-9.373	39.127	-40.580	0.79382	0.60248	0.07925	-0.02158	25.4	null	null	13113	75
2026-05-27T16:01:35.576	WT901BLE68(F3:F0:16:BF:DC:AE)	-0.225	0.950	0.300	-0.549	-20.142	-47.791	73.80	15.23	2.02	-9.373	39.127	-40.580	0.79382	0.60248	0.07925	-0.02158	25.4	null	null	13113	75
2026-05-27T16:01:35.632	WT901BLE68(F3:F0:16:BF:DC:AE)	-0.175	0.906	0.293	0.488	-29.785	-33.203	72.52	18.01	-2.77	-9.373	39.127	-40.580	0.79382	0.60248	0.07925	-0.02158	25.4	null	null	13113	75
2026-05-27T16:01:35.754	WT901BLE68(F3:F0:16:BF:DC:AE)	-0.161	0.935	0.270	-1.465	-11.108	-7.935	71.56	18.52	-6.17	-9.373	39.127	-40.580	0.79382	0.60248	0.07925	-0.02158	25.4	null	null	13113	75
2026-05-27T16:01:35.844	WT901BLE68(F3:F0:16:BF:DC:AE)	-0.230	0.916	0.258	-0.183	-5.615	0.549	71.43	18.17	-7.20	-9.373	39.127	-40.580	0.79382	0.60248	0.07925	-0.02158	25.4	null	null	13113	75
2026-05-27T16:01:35.965	WT901BLE68(F3:F0:16:BF:DC:AE)	-0.255	0.924	0.254	6.104	2.625	15.137	71.94	17.09	-7.29	-9.373	39.127	-40.580	0.79382	0.60248	0.07925	-0.02158	25.4	null	null	13113	75
2026-05-27T16:01:36.052	WT901BLE68(F3:F0:16:BF:DC:AE)	-0.265	0.953	0.281	13.184	-8.972	22.278	73.21	14.84	-7.37	-9.373	39.127	-40.580	0.79382	0.60248	0.07925	-0.02158	25.4	null	null	13113	75
2026-05-27T16:01:36.174	WT901BLE68(F3:F0:16:BF:DC:AE)	-0.250	0.966	0.303	10.925	-8.606	10.864	74.32	13.08	-8.03	-17.393	42.300	-41.347	0.79382	0.60248	0.07925	-0.02158	25.4	null	null	13113	75
2026-05-27T16:01:36.233	WT901BLE68(F3:F0:16:BF:DC:AE)	-0.247	0.944	0.319	4.395	-9.644	4.456	74.80	12.35	-8.79	-17.393	42.300	-41.347	0.79382	0.60248	0.07925	-0.02158	25.4	null	null	13113	75
2026-05-27T16:01:36.357	WT901BLE68(F3:F0:16:BF:DC:AE)	-0.248	0.955	0.319	-2.136	-14.038	3.540	74.49	11.83	-9.83	-17.393	42.300	-41.347	0.79382	0.60248	0.07925	-0.02158	25.4	null	null	13113	75
2026-05-27T16:01:36.443	WT901BLE68(F3:F0:16:BF:DC:AE)	-0.241	0.947	0.300	-9.399	-12.939	-3.235	73.47	11.62	-11.02	-17.393	42.300	-41.347	0.78476	0.60486	0.02713	-0.13214	25.4	null	null	13113	75
2026-05-27T16:01:36.563	WT901BLE68(F3:F0:16:BF:DC:AE)	-0.230	0.944	0.275	-10.010	-12.268	-5.859	72.13	11.78	-12.46	-17.393	42.300	-41.347	0.78476	0.60486	0.02713	-0.13214	25.4	null	null	13113	75
2026-05-27T16:01:36.651	WT901BLE68(F3:F0:16:BF:DC:AE)	-0.234	0.929	0.272	-5.066	-21.973	-7.690	71.08	12.06	-14.06	-17.393	42.300	-41.347	0.78476	0.60486	0.02713	-0.13214	25.4	null	null	13113	75
2026-05-27T16:01:36.772	WT901BLE68(F3:F0:16:BF:DC:AE)	-0.218	0.922	0.267	-1.221	-21.179	-8.301	70.42	12.17	-16.33	-17.393	42.300	-41.347	0.78476	0.60486	0.02713	-0.13214	25.4	null	null	13113	75
2026-05-27T16:01:36.832	WT901BLE68(F3:F0:16:BF:DC:AE)	-0.221	0.928	0.273	4.517	-22.888	-6.714	70.30	12.23	-18.41	-17.393	42.300	-41.347	0.78476	0.60486	0.02713	-0.13214	25.4	null	null	13113	75
2026-05-27T16:01:36.956	WT901BLE68(F3:F0:16:BF:DC:AE)	-0.220	0.933	0.290	7.629	-20.691	-8.118	70.63	12.26	-20.46	-17.393	42.300	-41.347	0.78476	0.60486	0.02713	-0.13214	25.4	null	null	13113	75
2026-05-27T16:01:37.041	WT901BLE68(F3:F0:16:BF:DC:AE)	-0.201	0.939	0.299	7.629	-16.418	-9.094	71.07	12.45	-22.43	-23.700	42.880	-42.860	0.78476	0.60486	0.02713	-0.13214	25.4	null	null	13113	75
2026-05-27T16:01:37.166	WT901BLE68(F3:F0:16:BF:DC:AE)	-0.201	0.932	0.304	5.920	-11.108	-6.897	71.49	12.77	-23.72	-23.700	42.880	-42.860	0.78476	0.60486	0.02713	-0.13214	25.4	null	null	13113	75
2026-05-27T16:01:37.252	WT901BLE68(F3:F0:16:BF:DC:AE)	-0.215	0.934	0.305	3.723	-3.357	-2.563	71.86	12.99	-24.29	-23.700	42.880	-42.860	0.77332	0.58841	-0.03293	-0.23358	25.4	null	null	13113	75
2026-05-27T16:01:37.377	WT901BLE68(F3:F0:16:BF:DC:AE)	-0.232	0.896	0.271	3.540	12.329	-5.249	72.22	13.44	-23.70	-23.700	42.880	-42.860	0.77332	0.58841	-0.03293	-0.23358	25.4	null	null	13113	75
2026-05-27T16:01:37.463	WT901BLE68(F3:F0:16:BF:DC:AE)	-0.230	0.951	0.266	4.272	11.719	-5.920	72.89	14.11	-22.72	-23.700	42.880	-42.860	0.77332	0.58841	-0.03293	-0.23358	25.4	null	null	13113	75
2026-05-27T16:01:37.583	WT901BLE68(F3:F0:16:BF:DC:AE)	-0.209	1.010	0.280	-7.690	33.875	-14.771	73.31	15.47	-20.72	-23.700	42.880	-42.860	0.77332	0.58841	-0.03293	-0.23358	25.4	null	null	13113	75
2026-05-27T16:01:37.642	WT901BLE68(F3:F0:16:BF:DC:AE)	-0.257	0.896	0.325	-13.550	37.537	-12.939	73.41	17.91	-16.96	-23.700	42.880	-42.860	0.77332	0.58841	-0.03293	-0.23358	25.4	null	null	13113	75
2026-05-27T16:01:37.767	WT901BLE68(F3:F0:16:BF:DC:AE)	-0.249	0.915	0.258	11.475	-12.878	28.259	73.58	17.14	-16.02	-23.700	42.880	-42.860	0.77332	0.58841	-0.03293	-0.23358	25.4	null	null	13113	75
2026-05-27T16:01:37.852	WT901BLE68(F3:F0:16:BF:DC:AE)	-0.365	0.944	0.275	-4.150	54.199	15.869	74.67	15.37	-12.71	-23.700	42.880	-42.860	0.77332	0.58841	-0.03293	-0.23358	25.4	null	null	13113	75
2026-05-27T16:01:37.973	WT901BLE68(F3:F0:16:BF:DC:AE)	-0.369	0.912	0.266	14.893	-43.152	9.399	75.60	14.62	-11.49	-21.000	41.187	-43.493	0.77332	0.58841	-0.03293	-0.23358	25.4	null	null	13113	75
2026-05-27T16:01:38.062	WT901BLE68(F3:F0:16:BF:DC:AE)	-0.224	0.974	0.326	-2.319	-39.917	1.221	75.07	13.05	-16.73	-21.000	41.187	-43.493	0.77332	0.58841	-0.03293	-0.23358	25.4	null	null	13113	75
2026-05-27T16:01:38.182	WT901BLE68(F3:F0:16:BF:DC:AE)	-0.228	0.934	0.227	-11.536	-0.061	-9.583	73.74	13.12	-18.12	-21.000	41.187	-43.493	0.77200	0.60626	-0.00565	-0.19058	25.4	null	null	13113	75
2026-05-27T16:01:38.245	WT901BLE68(F3:F0:16:BF:DC:AE)	-0.217	0.952	0.229	-10.010	4.944	-15.747	72.66	14.46	-18.31	-21.000	41.187	-43.493	0.77200	0.60626	-0.00565	-0.19058	25.4	null	null	13113	75
2026-05-27T16:01:38.364	WT901BLE68(F3:F0:16:BF:DC:AE)	-0.249	0.924	0.289	-13.672	9.766	-18.372	71.93	16.20	-17.95	-21.000	41.187	-43.493	0.77200	0.60626	-0.00565	-0.19058	25.4	null	null	13113	75
2026-05-27T16:01:38.456	WT901BLE68(F3:F0:16:BF:DC:AE)	-0.105	0.985	0.487	-10.254	-6.775	-7.751	70.99	16.99	-19.35	-21.000	41.187	-43.493	0.77200	0.60626	-0.00565	-0.19058	25.4	null	null	13113	75
2026-05-27T16:01:38.573	WT901BLE68(F3:F0:16:BF:DC:AE)	-0.255	0.905	0.337	-7.629	51.392	2.502	70.59	17.98	-15.71	-21.000	41.187	-43.493	0.77200	0.60626	-0.00565	-0.19058	25.4	null	null	13113	75
2026-05-27T16:01:38.664	WT901BLE68(F3:F0:16:BF:DC:AE)	-0.369	0.876	0.266	4.700	-2.869	3.296	71.21	18.21	-13.51	-21.000	41.187	-43.493	0.77200	0.60626	-0.00565	-0.19058	25.4	null	null	13113	75
2026-05-27T16:01:38.784	WT901BLE68(F3:F0:16:BF:DC:AE)	-0.323	0.894	0.271	13.062	-11.902	6.348	71.77	17.39	-14.75	-21.000	41.187	-43.493	0.77200	0.60626	-0.00565	-0.19058	25.4	null	null	13113	75
2026-05-27T16:01:38.872	WT901BLE68(F3:F0:16:BF:DC:AE)	-0.303	0.878	0.341	14.771	-18.250	0.732	72.81	16.45	-16.42	-24.340	41.507	-40.687	0.77200	0.60626	-0.00565	-0.19058	25.4	null	null	13113	75
2026-05-27T16:01:38.993	WT901BLE68(F3:F0:16:BF:DC:AE)	-0.251	0.927	0.367	6.531	-22.644	8.423	73.14	15.41	-19.04	-24.340	41.507	-40.687	0.77200	0.60626	-0.00565	-0.19058	25.4	null	null	13113	75
2026-05-27T16:01:39.050	WT901BLE68(F3:F0:16:BF:DC:AE)	-0.275	0.918	0.250	0.244	-23.315	7.141	72.80	14.05	-20.45	-24.340	41.507	-40.687	0.77237	0.59879	-0.00027	-0.21164	25.4	null	null	13113	75
2026-05-27T16:01:39.175	WT901BLE68(F3:F0:16:BF:DC:AE)	-0.213	0.981	0.241	1.465	-20.325	0.244	72.38	13.26	-22.40	-24.340	41.507	-40.687	0.77237	0.59879	-0.00027	-0.21164	25.4	null	null	13113	75
2026-05-27T16:01:39.265	WT901BLE68(F3:F0:16:BF:DC:AE)	-0.198	0.960	0.274	2.869	-6.165	-8.118	72.54	13.38	-23.43	-24.340	41.507	-40.687	0.77237	0.59879	-0.00027	-0.21164	25.4	null	null	13113	75
2026-05-27T16:01:39.384	WT901BLE68(F3:F0:16:BF:DC:AE)	-0.141	0.946	0.316	-2.747	9.766	-2.319	72.48	13.72	-23.60	-24.340	41.507	-40.687	0.77237	0.59879	-0.00027	-0.21164	25.4	null	null	13113	75
2026-05-27T16:01:39.473	WT901BLE68(F3:F0:16:BF:DC:AE)	-0.238	0.933	0.290	-7.385	28.137	-3.357	72.43	14.40	-21.44	-24.340	41.507	-40.687	0.77237	0.59879	-0.00027	-0.21164	25.4	null	null	13113	75
2026-05-27T16:01:39.595	WT901BLE68(F3:F0:16:BF:DC:AE)	-0.282	0.900	0.279	-6.592	29.663	0.549	72.48	15.21	-18.76	-24.340	41.507	-40.687	0.77237	0.59879	-0.00027	-0.21164	25.4	null	null	13113	75
2026-05-27T16:01:39.653	WT901BLE68(F3:F0:16:BF:DC:AE)	-0.325	0.884	0.308	1.404	31.006	9.399	73.07	15.44	-15.84	-24.340	41.507	-40.687	0.77237	0.59879	-0.00027	-0.21164	25.4	null	null	13113	75
2026-05-27T16:01:39.774	WT901BLE68(F3:F0:16:BF:DC:AE)	-0.277	0.942	0.323	-0.305	2.563	12.695	73.43	14.49	-14.56	-23.987	40.693	-42.140	0.77237	0.59879	-0.00027	-0.21164	25.4	null	null	13113	75
2026-05-27T16:01:39.864	WT901BLE68(F3:F0:16:BF:DC:AE)	-0.250	0.926	0.257	1.648	-9.888	4.333	73.30	13.87	-14.77	-23.987	40.693	-42.140	0.77237	0.59879	-0.00027	-0.21164	25.4	null	null	13113	75
2026-05-27T16:01:39.982	WT901BLE68(F3:F0:16:BF:DC:AE)	-0.230	0.939	0.247	7.629	-16.357	5.371	73.55	13.13	-15.88	-23.987	40.693	-42.140	0.77994	0.60046	0.01505	-0.17554	25.4	null	null	13113	75
2026-05-27T16:01:40.073	WT901BLE68(F3:F0:16:BF:DC:AE)	-0.218	0.986	0.312	14.160	-28.870	2.319	74.38	12.45	-17.62	-23.987	40.693	-42.140	0.77994	0.60046	0.01505	-0.17554	25.4	null	null	13113	75
2026-05-27T16:01:40.196	WT901BLE68(F3:F0:16:BF:DC:AE)	-0.210	0.946	0.305	2.014	-5.432	-3.601	74.61	12.00	-19.11	-23.987	40.693	-42.140	0.77994	0.60046	0.01505	-0.17554	25.4	null	null	13113	75
2026-05-27T16:01:40.285	WT901BLE68(F3:F0:16:BF:DC:AE)	-0.198	0.938	0.231	-0.549	-2.197	0.671	74.23	11.96	-19.95	-23.987	40.693	-42.140	0.77994	0.60046	0.01505	-0.17554	25.4	null	null	13113	75
2026-05-27T16:01:40.405	WT901BLE68(F3:F0:16:BF:DC:AE)	-0.257	0.958	0.258	1.160	-2.319	-1.587	74.33	11.82	-19.86	-23.987	40.693	-42.140	0.77994	0.60046	0.01505	-0.17554	25.4	null	null	13113	75
2026-05-27T16:01:40.463	WT901BLE68(F3:F0:16:BF:DC:AE)	-0.534	1.158	0.414	-27.161	66.040	-85.327	73.54	16.18	-18.67	-23.987	40.693	-42.140	0.77994	0.60046	0.01505	-0.17554	25.4	null	null	13113	75
2026-05-27T16:01:40.582	WT901BLE68(F3:F0:16:BF:DC:AE)	-0.890	1.226	0.502	-73.303	28.259	-214.844	67.93	32.82	-19.85	-23.987	40.693	-42.140	0.77994	0.60046	0.01505	-0.17554	25.4	null	null	13113	75
2026-05-27T16:01:40.671	WT901BLE68(F3:F0:16:BF:DC:AE)	-0.878	0.588	0.465	-141.235	-197.205	-222.046	41.46	47.54	-43.08	-51.087	37.867	-34.140	0.77994	0.60046	0.01505	-0.17554	25.4	null	null	13113	75
2026-05-27T16:01:40.795	WT901BLE68(F3:F0:16:BF:DC:AE)	-1.030	0.211	0.539	-83.984	35.522	-259.521	3.06	54.13	-79.77	-51.087	37.867	-34.140	0.77994	0.60046	0.01505	-0.17554	25.4	null	null	13113	75
2026-05-27T16:01:40.881	WT901BLE68(F3:F0:16:BF:DC:AE)	-0.735	-0.171	0.407	-27.161	72.998	-273.193	-35.58	49.48	-123.58	-51.087	37.867	-34.140	0.61609	0.25986	0.37918	-0.63956	25.4	null	null	13113	75
2026-05-27T16:01:41.003	WT901BLE68(F3:F0:16:BF:DC:AE)	0.150	-0.555	0.336	-13.794	-31.860	-173.645	-50.99	36.08	-146.25	-51.087	37.867	-34.140	0.61609	0.25986	0.37918	-0.63956	25.4	null	null	13113	75
2026-05-27T16:01:41.060	WT901BLE68(F3:F0:16:BF:DC:AE)	-0.333	-0.558	0.363	36.133	55.298	-103.821	-55.97	29.72	-160.37	-51.087	37.867	-34.140	0.61609	0.25986	0.37918	-0.63956	25.4	null	null	13113	75
2026-05-27T16:01:41.180	WT901BLE68(F3:F0:16:BF:DC:AE)	-0.083	-0.740	0.459	21.606	49.622	-45.471	-57.05	25.68	-168.00	-51.087	37.867	-34.140	0.61609	0.25986	0.37918	-0.63956	25.4	null	null	13113	75
2026-05-27T16:01:41.270	WT901BLE68(F3:F0:16:BF:DC:AE)	-0.313	-0.801	0.534	-0.671	-6.287	-6.897	-57.07	24.81	-170.27	-51.087	37.867	-34.140	0.61609	0.25986	0.37918	-0.63956	25.4	null	null	13113	75
2026-05-27T16:01:41.390	WT901BLE68(F3:F0:16:BF:DC:AE)	-0.349	-0.791	0.430	-4.211	47.485	2.502	-58.24	25.09	-171.38	-51.087	37.867	-34.140	0.61609	0.25986	0.37918	-0.63956	25.4	null	null	13113	75
2026-05-27T16:01:41.482	WT901BLE68(F3:F0:16:BF:DC:AE)	-0.246	-0.846	0.386	13.245	27.039	-18.555	-59.55	25.11	-174.40	-51.087	37.867	-34.140	0.61609	0.25986	0.37918	-0.63956	25.4	null	null	13113	75
2026-05-27T16:01:41.600	WT901BLE68(F3:F0:16:BF:DC:AE)	-0.278	-0.690	0.557	14.099	13.062	9.705	-58.61	25.94	-175.94	-69.153	-56.693	-23.180	0.61609	0.25986	0.37918	-0.63956	25.4	null	null	13113	75
2026-05-27T16:01:41.702	WT901BLE68(F3:F0:16:BF:DC:AE)	-0.338	-0.854	0.495	-11.169	-6.836	12.207	-58.73	26.71	-174.83	-69.153	-56.693	-23.180	0.61609	0.25986	0.37918	-0.63956	25.4	null	null	13113	75
2026-05-27T16:01:41.812	WT901BLE68(F3:F0:16:BF:DC:AE)	-0.397	-0.822	0.453	-4.700	8.728	9.766	-59.49	27.25	-174.17	-69.153	-56.693	-23.180	0.15454	0.17886	0.48831	-0.84000	25.4	null	null	13113	75
2026-05-27T16:01:41.870	WT901BLE68(F3:F0:16:BF:DC:AE)	-0.392	-0.759	0.480	-6.897	32.043	5.859	-60.70	28.72	-175.55	-69.153	-56.693	-23.180	0.15454	0.17886	0.48831	-0.84000	25.4	null	null	13113	75
2026-05-27T16:01:41.990	WT901BLE68(F3:F0:16:BF:DC:AE)	-0.418	-0.711	0.473	-30.701	46.448	7.324	-64.39	30.74	-179.03	-69.153	-56.693	-23.180	0.15454	0.17886	0.48831	-0.84000	25.4	null	null	13113	75
2026-05-27T16:01:42.080	WT901BLE68(F3:F0:16:BF:DC:AE)	-0.414	-0.686	0.307	-57.800	3.174	22.034	-68.51	32.09	-178.33	-69.153	-56.693	-23.180	0.15454	0.17886	0.48831	-0.84000	25.4	null	null	13113	75
2026-05-27T16:01:42.202	WT901BLE68(F3:F0:16:BF:DC:AE)	-0.357	-0.469	0.148	-101.563	-21.545	61.218	-73.70	34.61	-174.73	-69.153	-56.693	-23.180	0.15454	0.17886	0.48831	-0.84000	25.4	null	null	13113	75
2026-05-27T16:01:42.290	WT901BLE68(F3:F0:16:BF:DC:AE)	-0.152	-0.536	0.029	-141.724	-149.719	255.676	-76.28	45.31	-159.13	-69.153	-56.693	-23.180	0.15454	0.17886	0.48831	-0.84000	25.4	null	null	13113	75
2026-05-27T16:01:42.410	WT901BLE68(F3:F0:16:BF:DC:AE)	-0.939	0.226	0.120	-15.320	-83.069	379.456	-43.34	68.97	-109.42	-69.153	-56.693	-23.180	0.15454	0.17886	0.48831	-0.84000	25.4	null	null	13113	75
2026-05-27T16:01:42.473	WT901BLE68(F3:F0:16:BF:DC:AE)	-1.094	0.778	0.341	98.206	-123.169	308.411	33.15	54.49	-28.58	-80.133	13.780	-25.493	0.15454	0.17886	0.48831	-0.84000	25.4	null	null	13113	75
2026-05-27T16:01:42.595	WT901BLE68(F3:F0:16:BF:DC:AE)	-0.726	1.558	0.429	189.575	-14.526	251.160	60.17	27.92	-11.28	-80.133	13.780	-25.493	0.15454	0.17886	0.48831	-0.84000	25.4	null	null	13113	75
2026-05-27T16:01:42.681	WT901BLE68(F3:F0:16:BF:DC:AE)	1.092	1.296	1.138	58.105	-11.047	40.955	71.50	6.19	-22.19	-80.133	13.780	-25.493	0.80356	0.57257	0.03342	-0.15891	25.4	null	null	13113	75
2026-05-27T16:01:42.806	WT901BLE68(F3:F0:16:BF:DC:AE)	-0.789	0.911	0.259	-10.376	61.157	-58.838	74.92	13.84	-4.94	-80.133	13.780	-25.493	0.80356	0.57257	0.03342	-0.15891	25.4	null	null	13113	75
2026-05-27T16:01:42.892	WT901BLE68(F3:F0:16:BF:DC:AE)	-0.162	0.880	0.332	-18.799	2.747	-18.066	71.49	17.01	-9.42	-80.133	13.780	-25.493	0.80356	0.57257	0.03342	-0.15891	25.4	null	null	13113	75
2026-05-27T16:01:43.015	WT901BLE68(F3:F0:16:BF:DC:AE)	-0.285	0.944	0.241	-22.522	33.325	-19.165	70.16	19.62	-7.45	-80.133	13.780	-25.493	0.80356	0.57257	0.03342	-0.15891	25.4	null	null	13113	75
2026-05-27T16:01:43.104	WT901BLE68(F3:F0:16:BF:DC:AE)	-0.305	0.871	0.204	-8.118	12.024	-17.578	69.25	22.12	-5.98	-80.133	13.780	-25.493	0.80356	0.57257	0.03342	-0.15891	25.4	null	null	13113	75
2026-05-27T16:01:43.227	WT901BLE68(F3:F0:16:BF:DC:AE)	-0.356	0.878	0.257	9.155	-7.813	-2.075	69.37	22.65	-7.05	-80.133	13.780	-25.493	0.80356	0.57257	0.03342	-0.15891	25.4	null	null	13113	75
2026-05-27T16:01:43.282	WT901BLE68(F3:F0:16:BF:DC:AE)	-0.443	0.877	0.152	25.269	-25.330	-4.517	71.87	23.31	-6.43	-80.133	13.780	-25.493	0.80356	0.57257	0.03342	-0.15891	25.4	null	null	13113	75
2026-05-27T16:01:43.407	WT901BLE68(F3:F0:16:BF:DC:AE)	-0.301	0.873	0.210	18.433	-41.748	4.395	72.44	22.13	-11.69	-24.260	42.913	-42.167	0.80356	0.57257	0.03342	-0.15891	25.4	null	null	13113	75
2026-05-27T16:01:43.494	WT901BLE68(F3:F0:16:BF:DC:AE)	-0.292	0.977	0.294	6.897	13.062	25.208	73.55	19.90	-12.85	-24.260	42.913	-42.167	0.80356	0.57257	0.03342	-0.15891	25.4	null	null	13113	75
2026-05-27T16:01:43.610	WT901BLE68(F3:F0:16:BF:DC:AE)	-0.381	0.978	0.308	-0.122	21.851	-0.305	74.97	19.31	-9.68	-24.260	42.913	-42.167	0.77179	0.60635	0.07510	-0.17587	25.4	null	null	13113	75
2026-05-27T16:01:43.704	WT901BLE68(F3:F0:16:BF:DC:AE)	-0.293	0.902	0.251	-4.272	-16.052	-5.249	74.29	19.58	-10.74	-24.260	42.913	-42.167	0.77179	0.60635	0.07510	-0.17587	25.4	null	null	13113	75
2026-05-27T16:01:43.825	WT901BLE68(F3:F0:16:BF:DC:AE)	-0.299	0.923	0.225	-8.179	2.319	8.118	73.49	19.19	-11.52	-24.260	42.913	-42.167	0.77179	0.60635	0.07510	-0.17587	25.4	null	null	13113	75
2026-05-27T16:01:43.883	WT901BLE68(F3:F0:16:BF:DC:AE)	-0.353	0.927	0.197	-2.075	3.967	7.080	73.36	18.51	-10.63	-24.260	42.913	-42.167	0.77179	0.60635	0.07510	-0.17587	25.4	null	null	13113	75
2026-05-27T16:01:44.005	WT901BLE68(F3:F0:16:BF:DC:AE)	-0.321	0.906	0.211	1.953	-3.113	-0.061	73.61	18.20	-10.74	-24.260	42.913	-42.167	0.77179	0.60635	0.07510	-0.17587	25.4	null	null	13113	75
2026-05-27T16:01:44.092	WT901BLE68(F3:F0:16:BF:DC:AE)	-0.314	0.908	0.197	2.869	9.583	-2.136	74.04	18.43	-10.59	-24.260	42.913	-42.167	0.77179	0.60635	0.07510	-0.17587	25.4	null	null	13113	75
2026-05-27T16:01:44.216	WT901BLE68(F3:F0:16:BF:DC:AE)	-0.292	0.928	0.223	2.502	3.357	-1.404	74.72	18.67	-10.31	-24.260	42.913	-42.167	0.77179	0.60635	0.07510	-0.17587	25.4	null	null	13113	75
2026-05-27T16:01:44.304	WT901BLE68(F3:F0:16:BF:DC:AE)	-0.322	0.930	0.212	2.380	11.902	-0.793	75.44	19.11	-9.32	-21.633	41.500	-45.240	0.77179	0.60635	0.07510	-0.17587	25.4	null	null	13113	75
2026-05-27T16:01:44.425	WT901BLE68(F3:F0:16:BF:DC:AE)	-0.316	0.925	0.247	5.066	3.906	3.906	76.20	19.18	-8.76	-21.633	41.500	-45.240	0.77179	0.60635	0.07510	-0.17587	25.4	null	null	13113	75
2026-05-27T16:01:44.515	WT901BLE68(F3:F0:16:BF:DC:AE)	-0.311	0.942	0.232	-1.526	4.150	7.019	76.54	18.62	-8.57	-21.633	41.500	-45.240	0.76480	0.61844	0.08270	-0.16022	25.4	null	null	13113	75
2026-05-27T16:01:44.637	WT901BLE68(F3:F0:16:BF:DC:AE)	-0.330	0.921	0.187	0.427	5.798	5.859	76.50	18.13	-8.11	-21.633	41.500	-45.240	0.76480	0.61844	0.08270	-0.16022	25.4	null	null	13113	75
2026-05-27T16:01:44.698	WT901BLE68(F3:F0:16:BF:DC:AE)	-0.368	0.939	0.242	8.179	-35.767	0.000	76.95	17.59	-9.19	-21.633	41.500	-45.240	0.76480	0.61844	0.08270	-0.16022	25.4	null	null	13113	75
2026-05-27T16:01:44.813	WT901BLE68(F3:F0:16:BF:DC:AE)	-0.252	0.969	0.230	-7.874	-22.156	-9.277	75.79	17.43	-13.23	-21.633	41.500	-45.240	0.76480	0.61844	0.08270	-0.16022	25.4	null	null	13113	75
2026-05-27T16:01:44.905	WT901BLE68(F3:F0:16:BF:DC:AE)	-0.296	0.930	0.188	-12.207	24.231	-9.277	74.87	18.39	-12.43	-21.633	41.500	-45.240	0.76480	0.61844	0.08270	-0.16022	25.4	null	null	13113	75
2026-05-27T16:01:45.028	WT901BLE68(F3:F0:16:BF:DC:AE)	-0.282	0.913	0.197	-4.211	-2.319	-7.996	74.44	19.35	-12.00	-21.633	41.500	-45.240	0.76480	0.61844	0.08270	-0.16022	25.4	null	null	13113	75
2026-05-27T16:01:45.114	WT901BLE68(F3:F0:16:BF:DC:AE)	-0.275	0.905	0.202	0.854	-1.709	3.357	74.44	19.39	-12.47	-21.633	41.500	-45.240	0.76480	0.61844	0.08270	-0.16022	25.4	null	null	13113	75
2026-05-27T16:01:45.238	WT901BLE68(F3:F0:16:BF:DC:AE)	-0.324	0.917	0.205	10.315	-3.967	11.536	75.26	18.45	-12.23	-23.307	41.873	-44.740	0.76480	0.61844	0.08270	-0.16022	25.4	null	null	13113	75
2026-05-27T16:01:45.295	WT901BLE68(F3:F0:16:BF:DC:AE)	-0.304	0.950	0.242	11.230	-20.569	6.531	76.15	17.11	-13.66	-23.307	41.873	-44.740	0.76480	0.61844	0.08270	-0.16022	25.4	null	null	13113	75
2026-05-27T16:01:45.418	WT901BLE68(F3:F0:16:BF:DC:AE)	-0.298	0.941	0.265	2.441	6.714	0.488	76.60	16.71	-14.21	-23.307	41.873	-44.740	0.76050	0.62088	0.03815	-0.18594	25.4	null	null	13113	75
2026-05-27T16:01:45.504	WT901BLE68(F3:F0:16:BF:DC:AE)	-0.310	0.935	0.266	-6.226	12.817	-0.183	76.54	17.17	-12.76	-23.307	41.873	-44.740	0.76050	0.62088	0.03815	-0.18594	25.4	null	null	13113	75
2026-05-27T16:01:45.625	WT901BLE68(F3:F0:16:BF:DC:AE)	-0.322	0.938	0.236	-5.493	-6.226	0.854	75.93	17.12	-12.47	-23.307	41.873	-44.740	0.76050	0.62088	0.03815	-0.18594	25.4	null	null	13113	75
2026-05-27T16:01:45.717	WT901BLE68(F3:F0:16:BF:DC:AE)	-0.296	0.933	0.208	-5.066	-5.798	-2.502	75.15	17.07	-13.29	-23.307	41.873	-44.740	0.76050	0.62088	0.03815	-0.18594	25.4	null	null	13113	75
2026-05-27T16:01:45.838	WT901BLE68(F3:F0:16:BF:DC:AE)	-0.302	0.927	0.178	2.747	-3.418	-1.831	74.95	17.20	-13.71	-23.307	41.873	-44.740	0.76050	0.62088	0.03815	-0.18594	25.4	null	null	13113	75
2026-05-27T16:01:45.926	WT901BLE68(F3:F0:16:BF:DC:AE)	-0.311	0.894	0.192	16.357	-17.578	-2.869	75.88	17.22	-14.65	-23.307	41.873	-44.740	0.76050	0.62088	0.03815	-0.18594	25.4	null	null	13113	75
2026-05-27T16:01:46.047	WT901BLE68(F3:F0:16:BF:DC:AE)	-0.286	0.876	0.221	16.724	-27.222	-0.732	77.03	16.95	-17.05	-23.307	41.873	-44.740	0.76050	0.62088	0.03815	-0.18594	25.4	null	null	13113	75
2026-05-27T16:01:46.102	WT901BLE68(F3:F0:16:BF:DC:AE)	-0.289	1.003	0.204	5.920	-2.380	11.597	77.56	16.03	-18.57	-24.787	40.160	-48.920	0.76050	0.62088	0.03815	-0.18594	25.4	null	null	13113	75
2026-05-27T16:01:46.227	WT901BLE68(F3:F0:16:BF:DC:AE)	-0.384	0.946	0.209	8.972	-26.062	0.549	78.29	15.44	-18.64	-24.787	40.160	-48.920	0.76050	0.62088	0.03815	-0.18594	25.4	null	null	13113	75
2026-05-27T16:01:46.310	WT901BLE68(F3:F0:16:BF:DC:AE)	-0.294	0.974	0.220	-2.258	-24.231	-3.296	77.64	15.34	-21.90	-24.787	40.160	-48.920	0.74307	0.63321	-0.00607	-0.21622	25.4	null	null	13113	75
2026-05-27T16:01:46.436	WT901BLE68(F3:F0:16:BF:DC:AE)	-0.331	0.927	0.166	-4.211	16.541	-8.850	77.10	15.73	-21.33	-24.787	40.160	-48.920	0.74307	0.63321	-0.00607	-0.21622	25.4	null	null	13113	75
2026-05-27T16:01:46.524	WT901BLE68(F3:F0:16:BF:DC:AE)	-0.292	0.921	0.182	6.531	-50.842	-22.827	76.65	17.30	-24.05	-24.787	40.160	-48.920	0.74307	0.63321	-0.00607	-0.21622	25.4	null	null	13113	75
2026-05-27T16:01:46.645	WT901BLE68(F3:F0:16:BF:DC:AE)	-0.292	0.901	0.206	11.475	-32.349	-7.507	76.45	17.82	-27.97	-24.787	40.160	-48.920	0.74307	0.63321	-0.00607	-0.21622	25.4	null	null	13113	75
2026-05-27T16:01:46.705	WT901BLE68(F3:F0:16:BF:DC:AE)	-0.281	0.945	0.223	11.963	-38.940	-6.836	76.50	17.43	-31.58	-24.787	40.160	-48.920	0.74307	0.63321	-0.00607	-0.21622	25.4	null	null	13113	75
2026-05-27T16:01:46.824	WT901BLE68(F3:F0:16:BF:DC:AE)	-0.223	1.013	0.222	6.775	-20.874	-13.062	76.48	17.63	-34.53	-24.787	40.160	-48.920	0.74307	0.63321	-0.00607	-0.21622	25.4	null	null	13113	75
2026-05-27T16:01:46.916	WT901BLE68(F3:F0:16:BF:DC:AE)	-0.342	0.910	0.206	9.277	-16.296	-17.334	77.18	19.28	-34.35	-24.787	40.160	-48.920	0.74307	0.63321	-0.00607	-0.21622	25.4	null	null	13113	75
2026-05-27T16:01:47.031	WT901BLE68(F3:F0:16:BF:DC:AE)	-0.252	0.891	0.198	12.146	-33.386	3.418	76.87	18.62	-38.29	-40.093	36.660	-51.320	0.74307	0.63321	-0.00607	-0.21622	25.4	null	null	13113	75
2026-05-27T16:01:47.126	WT901BLE68(F3:F0:16:BF:DC:AE)	-0.312	0.960	0.202	12.695	-34.424	9.949	77.17	16.95	-40.71	-40.093	36.660	-51.320	0.74307	0.63321	-0.00607	-0.21622	25.4	null	null	13113	75
2026-05-27T16:01:47.245	WT901BLE68(F3:F0:16:BF:DC:AE)	-0.287	0.957	0.212	6.836	-32.349	-4.272	77.19	15.94	-43.60	-40.093	36.660	-51.320	0.69107	0.61719	-0.11453	-0.35812	25.4	null	null	13113	75
2026-05-27T16:01:47.335	WT901BLE68(F3:F0:16:BF:DC:AE)	-0.300	0.928	0.202	2.563	-22.583	-12.634	76.83	16.50	-45.49	-40.093	36.660	-51.320	0.69107	0.61719	-0.11453	-0.35812	25.4	null	null	13113	75
2026-05-27T16:01:47.460	WT901BLE68(F3:F0:16:BF:DC:AE)	-0.272	0.934	0.190	7.568	-27.466	-12.573	76.53	17.08	-47.86	-40.093	36.660	-51.320	0.69107	0.61719	-0.11453	-0.35812	25.4	null	null	13113	75
2026-05-27T16:01:47.512	WT901BLE68(F3:F0:16:BF:DC:AE)	-0.263	0.921	0.209	9.827	-32.776	-9.277	76.60	17.47	-50.48	-40.093	36.660	-51.320	0.69107	0.61719	-0.11453	-0.35812	25.4	null	null	13113	75
2026-05-27T16:01:47.637	WT901BLE68(F3:F0:16:BF:DC:AE)	-0.301	0.951	0.221	4.578	-16.724	-2.197	76.71	17.37	-51.81	-40.093	36.660	-51.320	0.69107	0.61719	-0.11453	-0.35812	25.4	null	null	13113	75
2026-05-27T16:01:47.727	WT901BLE68(F3:F0:16:BF:DC:AE)	-0.292	0.958	0.222	2.563	-15.320	-9.338	76.56	17.46	-52.78	-40.093	36.660	-51.320	0.69107	0.61719	-0.11453	-0.35812	25.4	null	null	13113	75
2026-05-27T16:01:47.845	WT901BLE68(F3:F0:16:BF:DC:AE)	-0.261	0.945	0.232	-2.625	-16.418	-5.249	76.10	17.81	-53.96	-40.093	36.660	-51.320	0.69107	0.61719	-0.11453	-0.35812	25.4	null	null	13113	75
2026-05-27T16:01:47.934	WT901BLE68(F3:F0:16:BF:DC:AE)	-0.274	0.917	0.198	-5.188	10.620	-3.784	75.55	18.02	-53.55	-54.007	30.780	-47.467	0.69107	0.61719	-0.11453	-0.35812	25.4	null	null	13113	75
2026-05-27T16:01:48.053	WT901BLE68(F3:F0:16:BF:DC:AE)	-0.280	0.914	0.202	-0.488	-1.587	0.977	75.53	18.09	-52.48	-54.007	30.780	-47.467	0.69107	0.61719	-0.11453	-0.35812	25.4	null	null	13113	75
2026-05-27T16:01:48.113	WT901BLE68(F3:F0:16:BF:DC:AE)	-0.286	0.934	0.225	-0.305	6.531	6.226	75.70	17.85	-51.49	-54.007	30.780	-47.467	0.65909	0.59793	-0.15475	-0.42899	25.4	null	null	13113	75
2026-05-27T16:01:48.234	WT901BLE68(F3:F0:16:BF:DC:AE)	-0.264	0.959	0.228	-7.629	13.428	6.104	75.81	17.41	-49.92	-54.007	30.780	-47.467	0.65909	0.59793	-0.15475	-0.42899	25.4	null	null	13113	75
2026-05-27T16:01:48.324	WT901BLE68(F3:F0:16:BF:DC:AE)	-0.332	0.942	0.197	-4.578	35.889	6.348	76.16	17.58	-45.96	-54.007	30.780	-47.467	0.65909	0.59793	-0.15475	-0.42899	25.4	null	null	13113	75
2026-05-27T16:01:48.449	WT901BLE68(F3:F0:16:BF:DC:AE)	-0.286	0.983	0.225	0.549	4.883	0.916	76.70	17.62	-43.65	-54.007	30.780	-47.467	0.65909	0.59793	-0.15475	-0.42899	25.4	null	null	13113	75
2026-05-27T16:01:48.532	WT901BLE68(F3:F0:16:BF:DC:AE)	-0.238	0.985	0.242	-8.545	14.099	4.333	76.66	17.48	-42.68	-54.007	30.780	-47.467	0.65909	0.59793	-0.15475	-0.42899	25.4	null	null	13113	75
2026-05-27T16:01:48.657	WT901BLE68(F3:F0:16:BF:DC:AE)	-0.225	0.939	0.227	-19.836	43.457	1.770	76.11	17.64	-39.56	-54.007	30.780	-47.467	0.65909	0.59793	-0.15475	-0.42899	25.4	null	null	13113	75
2026-05-27T16:01:48.743	WT901BLE68(F3:F0:16:BF:DC:AE)	-0.244	0.897	0.195	-18.494	46.753	18.066	75.61	17.81	-34.68	-54.007	30.780	-47.467	0.65909	0.59793	-0.15475	-0.42899	25.4	null	null	13113	75
2026-05-27T16:01:48.864	WT901BLE68(F3:F0:16:BF:DC:AE)	-0.271	0.913	0.202	-12.390	39.490	37.720	75.68	15.96	-29.64	-45.107	34.847	-48.887	0.65909	0.59793	-0.15475	-0.42899	25.4	null	null	13113	75
2026-05-27T16:01:48.923	WT901BLE68(F3:F0:16:BF:DC:AE)	-0.297	0.921	0.217	-10.681	36.560	42.969	75.99	13.12	-24.72	-45.107	34.847	-48.887	0.65909	0.59793	-0.15475	-0.42899	25.4	null	null	13113	75
2026-05-27T16:01:49.044	WT901BLE68(F3:F0:16:BF:DC:AE)	-0.299	0.982	0.204	-17.578	67.810	26.306	75.83	11.06	-18.98	-45.107	34.847	-48.887	0.75644	0.61624	-0.03949	-0.21533	25.4	null	null	13113	75
2026-05-27T16:01:49.138	WT901BLE68(F3:F0:16:BF:DC:AE)	-0.350	1.029	0.242	-12.817	43.213	4.578	75.68	11.68	-12.68	-45.107	34.847	-48.887	0.75644	0.61624	-0.03949	-0.21533	25.4	null	null	13113	75
2026-05-27T16:01:49.257	WT901BLE68(F3:F0:16:BF:DC:AE)	-0.261	0.876	0.231	-9.705	56.152	-11.902	75.39	13.35	-9.00	-45.107	34.847	-48.887	0.75644	0.61624	-0.03949	-0.21533	25.4	null	null	13113	75
2026-05-27T16:01:49.347	WT901BLE68(F3:F0:16:BF:DC:AE)	-0.236	0.908	0.256	-6.470	36.255	7.385	75.59	14.72	-5.63	-45.107	34.847	-48.887	0.75644	0.61624	-0.03949	-0.21533	25.4	null	null	13113	75
2026-05-27T16:01:49.469	WT901BLE68(F3:F0:16:BF:DC:AE)	-0.283	0.955	0.310	-4.211	46.143	8.606	76.33	15.02	-1.46	-45.107	34.847	-48.887	0.75644	0.61624	-0.03949	-0.21533	25.4	null	null	13113	75
2026-05-27T16:01:49.524	WT901BLE68(F3:F0:16:BF:DC:AE)	-0.312	0.940	0.265	-15.747	-0.610	7.446	76.01	14.95	0.88	-45.107	34.847	-48.887	0.75644	0.61624	-0.03949	-0.21533	25.4	null	null	13113	75
2026-05-27T16:01:49.645	WT901BLE68(F3:F0:16:BF:DC:AE)	-0.292	0.924	0.218	-9.033	18.127	2.075	74.77	14.83	0.99	-45.107	34.847	-48.887	0.75644	0.61624	-0.03949	-0.21533	25.4	null	null	13113	75
2026-05-27T16:01:49.733	WT901BLE68(F3:F0:16:BF:DC:AE)	-0.296	0.924	0.259	1.587	2.930	0.488	74.77	15.14	1.48	-18.160	40.927	-41.560	0.75644	0.61624	-0.03949	-0.21533	25.4	null	null	13113	75
2026-05-27T16:01:49.856	WT901BLE68(F3:F0:16:BF:DC:AE)	-0.280	0.961	0.310	-2.563	-18.738	0.305	74.68	15.01	0.21	-18.160	40.927	-41.560	0.75644	0.61624	-0.03949	-0.21533	25.4	null	null	13113	75
2026-05-27T16:01:49.944	WT901BLE68(F3:F0:16:BF:DC:AE)	-0.219	0.921	0.275	-4.761	-12.390	-4.395	73.71	14.78	-2.50	-18.160	40.927	-41.560	0.78964	0.59967	0.09827	-0.08429	25.4	null	null	13113	75
2026-05-27T16:01:50.065	WT901BLE68(F3:F0:16:BF:DC:AE)	-0.247	0.921	0.249	-1.770	-8.423	-0.916	73.14	14.79	-3.76	-18.160	40.927	-41.560	0.78964	0.59967	0.09827	-0.08429	25.4	null	null	13113	75
2026-05-27T16:01:50.159	WT901BLE68(F3:F0:16:BF:DC:AE)	-0.232	0.931	0.281	2.563	-9.583	0.366	73.02	14.50	-5.30	-18.160	40.927	-41.560	0.78964	0.59967	0.09827	-0.08429	25.4	null	null	13113	75
2026-05-27T16:01:50.272	WT901BLE68(F3:F0:16:BF:DC:AE)	-0.240	0.938	0.309	3.418	-14.587	1.465	73.08	14.05	-6.84	-18.160	40.927	-41.560	0.78964	0.59967	0.09827	-0.08429	25.4	null	null	13113	75
2026-05-27T16:01:50.334	WT901BLE68(F3:F0:16:BF:DC:AE)	-0.248	0.928	0.303	1.160	-17.761	-3.235	72.91	13.57	-8.94	-18.160	40.927	-41.560	0.78964	0.59967	0.09827	-0.08429	25.4	null	null	13113	75
2026-05-27T16:01:50.458	WT901BLE68(F3:F0:16:BF:DC:AE)	-0.267	0.915	0.282	-2.380	-6.653	-5.981	72.45	13.73	-10.50	-18.160	40.927	-41.560	0.78964	0.59967	0.09827	-0.08429	25.4	null	null	13113	75
2026-05-27T16:01:50.544	WT901BLE68(F3:F0:16:BF:DC:AE)	-0.263	0.936	0.278	0.244	-16.113	-8.606	72.05	14.13	-12.13	-18.160	40.927	-41.560	0.78964	0.59967	0.09827	-0.08429	25.4	null	null	13113	75
2026-05-27T16:01:50.665	WT901BLE68(F3:F0:16:BF:DC:AE)	-0.229	0.933	0.284	0.366	-13.794	-9.155	71.73	14.60	-14.10	-23.140	41.827	-43.507	0.78964	0.59967	0.09827	-0.08429	25.4	null	null	13113	75
2026-05-27T16:01:50.753	WT901BLE68(F3:F0:16:BF:DC:AE)	-0.230	0.878	0.260	1.892	-5.676	-5.737	71.59	14.92	-15.41	-23.140	41.827	-43.507	0.78964	0.59967	0.09827	-0.08429	25.4	null	null	13113	75
2026-05-27T16:01:50.876	WT901BLE68(F3:F0:16:BF:DC:AE)	-0.268	0.955	0.267	5.615	-4.272	-0.549	72.03	14.98	-16.08	-23.140	41.827	-43.507	0.78568	0.58951	0.02542	-0.18561	25.4	null	null	13113	75
2026-05-27T16:01:50.930	WT901BLE68(F3:F0:16:BF:DC:AE)	-0.261	0.918	0.271	5.188	8.484	-9.644	72.71	15.63	-15.92	-23.140	41.827	-43.507	0.78568	0.58951	0.02542	-0.18561	25.4	null	null	13113	75
2026-05-27T16:01:51.057	WT901BLE68(F3:F0:16:BF:DC:AE)	-0.253	0.912	0.283	4.272	11.658	-0.610	73.43	16.35	-15.33	-23.140	41.827	-43.507	0.78568	0.58951	0.02542	-0.18561	25.4	null	null	13113	75
2026-05-27T16:01:51.147	WT901BLE68(F3:F0:16:BF:DC:AE)	-0.287	0.930	0.264	1.343	10.498	5.066	73.98	16.30	-14.32	-23.140	41.827	-43.507	0.78568	0.58951	0.02542	-0.18561	25.4	null	null	13113	75
2026-05-27T16:01:51.264	WT901BLE68(F3:F0:16:BF:DC:AE)	-0.303	0.953	0.246	3.174	11.902	4.639	74.53	16.05	-13.27	-23.140	41.827	-43.507	0.78568	0.58951	0.02542	-0.18561	25.4	null	null	13113	75
2026-05-27T16:01:51.357	WT901BLE68(F3:F0:16:BF:DC:AE)	-0.294	0.932	0.271	2.014	10.010	-2.930	75.17	16.34	-12.31	-23.140	41.827	-43.507	0.78568	0.58951	0.02542	-0.18561	25.4	null	null	13113	75
2026-05-27T16:01:51.480	WT901BLE68(F3:F0:16:BF:DC:AE)	-0.293	0.923	0.275	-3.784	14.526	-2.258	75.36	17.03	-11.17	-23.140	41.827	-43.507	0.78568	0.58951	0.02542	-0.18561	25.4	null	null	13113	75
2026-05-27T16:01:51.531	WT901BLE68(F3:F0:16:BF:DC:AE)	-0.302	0.934	0.246	-4.700	7.019	0.488	75.09	17.31	-10.37	-23.447	41.827	-45.440	0.78568	0.58951	0.02542	-0.18561	25.4	null	null	13113	75
2026-05-27T16:01:51.687	WT901BLE68(F3:F0:16:BF:DC:AE)	-0.300	0.918	0.228	0.122	0.732	0.000	74.98	17.41	-10.24	-23.447	41.827	-45.440	0.78568	0.58951	0.02542	-0.18561	25.4	null	null	13113	75
2026-05-27T16:01:51.745	WT901BLE68(F3:F0:16:BF:DC:AE)	-0.300	0.937	0.249	3.235	2.136	1.953	75.29	17.31	-10.26	-23.447	41.827	-45.440	0.77216	0.61093	0.06525	-0.16187	25.4	null	null	13113	75
2026-05-27T16:01:51.866	WT901BLE68(F3:F0:16:BF:DC:AE)	-0.302	0.932	0.270	-0.916	1.526	0.183	75.46	17.28	-10.20	-23.447	41.827	-45.440	0.77216	0.61093	0.06525	-0.16187	25.4	null	null	13113	75
2026-05-27T16:01:51.953	WT901BLE68(F3:F0:16:BF:DC:AE)	-0.303	0.927	0.237	-2.380	-3.357	-0.305	75.15	17.29	-10.49	-23.447	41.827	-45.440	0.77216	0.61093	0.06525	-0.16187	25.4	null	null	13113	75
2026-05-27T16:01:52.076	WT901BLE68(F3:F0:16:BF:DC:AE)	-0.335	0.914	0.221	7.507	-30.762	-0.610	74.96	16.95	-12.19	-23.447	41.827	-45.440	0.77216	0.61093	0.06525	-0.16187	25.4	null	null	13113	75
2026-05-27T16:01:52.165	WT901BLE68(F3:F0:16:BF:DC:AE)	-0.245	0.942	0.288	3.662	-21.423	-1.892	74.69	16.19	-16.01	-23.447	41.827	-45.440	0.77216	0.61093	0.06525	-0.16187	25.4	null	null	13113	75
2026-05-27T16:01:52.286	WT901BLE68(F3:F0:16:BF:DC:AE)	-0.226	0.926	0.280	-8.545	18.494	1.709	74.25	16.19	-15.81	-23.447	41.827	-45.440	0.77216	0.61093	0.06525	-0.16187	25.4	null	null	13113	75
2026-05-27T16:01:52.345	WT901BLE68(F3:F0:16:BF:DC:AE)	-0.317	0.920	0.239	-5.554	22.278	4.883	74.22	16.45	-13.13	-23.447	41.827	-45.440	0.77216	0.61093	0.06525	-0.16187	25.4	null	null	13113	75
2026-05-27T16:01:52.465	WT901BLE68(F3:F0:16:BF:DC:AE)	-0.317	0.930	0.235	3.113	0.854	2.441	74.43	16.25	-12.57	-23.407	41.207	-45.213	0.77216	0.61093	0.06525	-0.16187	25.4	null	null	13113	75
2026-05-27T16:01:52.554	WT901BLE68(F3:F0:16:BF:DC:AE)	-0.295	0.931	0.268	2.380	-2.930	-2.808	74.73	16.35	-12.84	-23.407	41.207	-45.213	0.77216	0.61093	0.06525	-0.16187	25.4	null	null	13113	75
2026-05-27T16:01:52.679	WT901BLE68(F3:F0:16:BF:DC:AE)	-0.284	0.929	0.249	5.920	-22.644	-3.967	74.75	16.35	-14.44	-23.407	41.207	-45.213	0.77167	0.60980	0.04483	-0.17471	25.4	null	null	13113	75
2026-05-27T16:01:52.762	WT901BLE68(F3:F0:16:BF:DC:AE)	-0.249	0.927	0.259	0.671	-0.122	-1.831	74.69	16.39	-15.59	-23.407	41.207	-45.213	0.77167	0.60980	0.04483	-0.17471	25.4	null	null	13113	75
2026-05-27T16:01:52.881	WT901BLE68(F3:F0:16:BF:DC:AE)	-0.244	0.910	0.265	-3.601	16.968	0.305	74.88	16.63	-14.54	-23.407	41.207	-45.213	0.77167	0.60980	0.04483	-0.17471	25.4	null	null	13113	75
2026-05-27T16:01:52.979	WT901BLE68(F3:F0:16:BF:DC:AE)	-0.314	0.920	0.233	-4.211	11.780	1.526	74.71	16.97	-13.30	-23.407	41.207	-45.213	0.77167	0.60980	0.04483	-0.17471	25.4	null	null	13113	75
2026-05-27T16:01:53.096	WT901BLE68(F3:F0:16:BF:DC:AE)	-0.322	0.977	0.246	3.784	9.521	-2.380	75.29	17.32	-11.94	-23.407	41.207	-45.213	0.77167	0.60980	0.04483	-0.17471	25.4	null	null	13113	75
2026-05-27T16:01:53.153	WT901BLE68(F3:F0:16:BF:DC:AE)	-0.307	0.939	0.268	-3.540	-11.230	-4.822	75.29	17.93	-12.24	-23.407	41.207	-45.213	0.77167	0.60980	0.04483	-0.17471	25.4	null	null	13113	75
2026-05-27T16:01:53.274	WT901BLE68(F3:F0:16:BF:DC:AE)	-0.265	0.921	0.240	-1.770	0.610	-1.709	74.66	18.04	-13.51	-23.407	41.207	-45.213	0.77167	0.60980	0.04483	-0.17471	25.4	null	null	13113	75
2026-05-27T16:01:53.360	WT901BLE68(F3:F0:16:BF:DC:AE)	-0.293	0.931	0.239	-1.648	18.066	1.770	74.92	18.13	-12.77	-24.660	41.173	-44.533	0.77167	0.60980	0.04483	-0.17471	25.4	null	null	13113	75
2026-05-27T16:01:53.486	WT901BLE68(F3:F0:16:BF:DC:AE)	-0.316	0.904	0.237	-2.319	20.142	2.869	75.30	18.33	-10.90	-24.660	41.173	-44.533	0.77167	0.60980	0.04483	-0.17471	25.4	null	null	13113	75
2026-05-27T16:01:53.578	WT901BLE68(F3:F0:16:BF:DC:AE)	-0.353	0.929	0.248	-2.197	3.479	4.333	75.59	18.24	-9.64	-24.660	41.173	-44.533	0.76883	0.61313	0.07254	-0.16614	25.4	null	null	13113	75
2026-05-27T16:01:53.694	WT901BLE68(F3:F0:16:BF:DC:AE)	-0.370	0.897	0.248	2.319	-52.917	18.738	75.31	17.06	-10.68	-24.660	41.173	-44.533	0.76883	0.61313	0.07254	-0.16614	25.4	null	null	13113	75
2026-05-27T16:01:53.753	WT901BLE68(F3:F0:16:BF:DC:AE)	-0.196	0.925	0.251	-2.075	-34.790	-7.202	73.90	15.03	-16.08	-24.660	41.173	-44.533	0.76883	0.61313	0.07254	-0.16614	25.4	null	null	13113	75
2026-05-27T16:01:53.876	WT901BLE68(F3:F0:16:BF:DC:AE)	-0.231	0.922	0.270	-1.648	28.809	-2.441	73.69	15.84	-16.19	-24.660	41.173	-44.533	0.76883	0.61313	0.07254	-0.16614	25.4	null	null	13113	75
2026-05-27T16:01:53.964	WT901BLE68(F3:F0:16:BF:DC:AE)	-0.349	0.928	0.276	4.456	23.071	6.653	74.82	16.29	-13.03	-24.660	41.173	-44.533	0.76883	0.61313	0.07254	-0.16614	25.4	null	null	13113	75
2026-05-27T16:01:54.086	WT901BLE68(F3:F0:16:BF:DC:AE)	-0.360	0.921	0.240	4.700	-9.949	-2.930	75.13	16.05	-13.06	-24.660	41.173	-44.533	0.76883	0.61313	0.07254	-0.16614	25.4	null	null	13113	75
2026-05-27T16:01:54.176	WT901BLE68(F3:F0:16:BF:DC:AE)	-0.242	0.938	0.262	4.395	-32.532	-4.944	74.87	16.02	-15.82	-24.660	41.173	-44.533	0.76883	0.61313	0.07254	-0.16614	25.4	null	null	13113	75
2026-05-27T16:01:54.295	WT901BLE68(F3:F0:16:BF:DC:AE)	-0.252	0.938	0.249	-0.916	0.122	-0.183	74.54	15.79	-17.58	-23.747	40.840	-45.213	0.76883	0.61313	0.07254	-0.16614	25.4	null	null	13113	75
2026-05-27T16:01:54.387	WT901BLE68(F3:F0:16:BF:DC:AE)	-0.292	0.935	0.248	1.404	-0.916	-1.099	74.58	15.90	-17.27	-23.747	40.840	-45.213	0.76883	0.61313	0.07254	-0.16614	25.4	null	null	13113	75
2026-05-27T16:01:54.505	WT901BLE68(F3:F0:16:BF:DC:AE)	-0.264	0.932	0.264	1.953	-12.634	-0.183	74.54	15.76	-18.12	-23.747	40.840	-45.213	0.76596	0.60992	0.01776	-0.20218	25.4	null	null	13113	75
2026-05-27T16:01:54.563	WT901BLE68(F3:F0:16:BF:DC:AE)	-0.245	0.939	0.260	-1.099	3.723	1.953	74.43	15.50	-18.77	-23.747	40.840	-45.213	0.76596	0.60992	0.01776	-0.20218	25.4	null	null	13113	75
2026-05-27T16:01:54.689	WT901BLE68(F3:F0:16:BF:DC:AE)	-0.279	0.928	0.263	-1.526	9.644	1.892	74.52	15.47	-17.79	-23.747	40.840	-45.213	0.76596	0.60992	0.01776	-0.20218	25.4	null	null	13113	75
2026-05-27T16:01:54.777	WT901BLE68(F3:F0:16:BF:DC:AE)	-0.237	0.945	0.243	-7.019	14.893	-1.160	74.41	15.68	-16.66	-23.747	40.840	-45.213	0.76596	0.60992	0.01776	-0.20218	25.4	null	null	13113	75
2026-05-27T16:01:54.900	WT901BLE68(F3:F0:16:BF:DC:AE)	-0.281	0.923	0.206	-3.296	35.583	-3.418	74.64	16.78	-13.94	-23.747	40.840	-45.213	0.76596	0.60992	0.01776	-0.20218	25.4	null	null	13113	75
2026-05-27T16:01:54.986	WT901BLE68(F3:F0:16:BF:DC:AE)	-0.320	0.927	0.205	7.263	19.958	10.742	75.75	17.08	-11.27	-23.747	40.840	-45.213	0.76596	0.60992	0.01776	-0.20218	25.4	null	null	13113	75
2026-05-27T16:01:55.107	WT901BLE68(F3:F0:16:BF:DC:AE)	-0.337	0.921	0.206	11.230	-12.451	12.695	76.85	15.87	-10.92	-23.747	40.840	-45.213	0.76596	0.60992	0.01776	-0.20218	25.4	null	null	13113	75
2026-05-27T16:01:55.161	WT901BLE68(F3:F0:16:BF:DC:AE)	-0.319	0.937	0.221	10.193	-11.108	5.005	77.69	14.95	-12.12	-21.207	40.040	-46.107	0.76596	0.60992	0.01776	-0.20218	25.4	null	null	13113	75
2026-05-27T16:01:55.286	WT901BLE68(F3:F0:16:BF:DC:AE)	-0.308	0.965	0.229	4.578	-24.048	1.221	77.98	14.58	-13.59	-21.207	40.040	-46.107	0.76596	0.60992	0.01776	-0.20218	25.4	null	null	13113	75
2026-05-27T16:01:55.374	WT901BLE68(F3:F0:16:BF:DC:AE)	-0.278	0.966	0.229	1.160	-19.165	-2.991	77.62	14.36	-15.74	-21.207	40.040	-46.107	0.75558	0.63086	0.01901	-0.17514	25.4	null	null	13113	75
2026-05-27T16:01:55.494	WT901BLE68(F3:F0:16:BF:DC:AE)	-0.254	0.945	0.206	0.305	-34.058	-4.333	76.96	14.31	-18.33	-21.207	40.040	-46.107	0.75558	0.63086	0.01901	-0.17514	25.4	null	null	13113	75
2026-05-27T16:01:55.586	WT901BLE68(F3:F0:16:BF:DC:AE)	-0.252	0.932	0.222	-3.845	-24.536	-11.047	75.95	14.38	-21.45	-21.207	40.040	-46.107	0.75558	0.63086	0.01901	-0.17514	25.4	null	null	13113	75
2026-05-27T16:01:55.705	WT901BLE68(F3:F0:16:BF:DC:AE)	-0.252	0.928	0.216	-0.183	-21.606	-10.071	75.11	15.01	-23.75	-21.207	40.040	-46.107	0.75558	0.63086	0.01901	-0.17514	25.4	null	null	13113	75
2026-05-27T16:01:55.794	WT901BLE68(F3:F0:16:BF:DC:AE)	-0.241	0.919	0.226	4.456	-35.583	-5.493	74.69	14.97	-26.55	-21.207	40.040	-46.107	0.75558	0.63086	0.01901	-0.17514	25.4	null	null	13113	75
2026-05-27T16:01:55.916	WT901BLE68(F3:F0:16:BF:DC:AE)	-0.222	0.928	0.247	2.747	-25.757	-4.395	74.35	14.53	-29.49	-21.207	40.040	-46.107	0.75558	0.63086	0.01901	-0.17514	25.4	null	null	13113	75
2026-05-27T16:01:55.972	WT901BLE68(F3:F0:16:BF:DC:AE)	-0.195	0.921	0.267	-3.357	-2.686	-6.042	73.94	14.52	-30.74	-21.207	40.040	-46.107	0.75558	0.63086	0.01901	-0.17514	25.4	null	null	13113	75
2026-05-27T16:01:56.093	WT901BLE68(F3:F0:16:BF:DC:AE)	-0.188	0.946	0.279	-7.202	9.827	-2.319	73.42	14.81	-30.32	-32.447	38.887	-46.340	0.75558	0.63086	0.01901	-0.17514	25.4	null	null	13113	75
2026-05-27T16:01:56.186	WT901BLE68(F3:F0:16:BF:DC:AE)	-0.189	0.993	0.341	-8.484	11.169	-2.502	72.99	15.08	-29.11	-32.447	38.887	-46.340	0.75558	0.63086	0.01901	-0.17514	25.4	null	null	13113	75
2026-05-27T16:01:56.301	WT901BLE68(F3:F0:16:BF:DC:AE)	-0.259	0.917	0.305	-7.935	18.005	-3.601	72.42	15.70	-27.10	-32.447	38.887	-46.340	0.75336	0.59634	-0.04282	-0.27368	25.4	null	null	13113	75
2026-05-27T16:01:56.396	WT901BLE68(F3:F0:16:BF:DC:AE)	-0.266	0.896	0.314	0.000	7.019	-4.761	72.27	16.13	-26.41	-32.447	38.887	-46.340	0.75336	0.59634	-0.04282	-0.27368	25.4	null	null	13113	75
2026-05-27T16:01:56.518	WT901BLE68(F3:F0:16:BF:DC:AE)	-0.272	0.868	0.318	2.136	-3.174	-11.597	72.39	17.19	-26.25	-32.447	38.887	-46.340	0.75336	0.59634	-0.04282	-0.27368	25.4	null	null	13113	75
2026-05-27T16:01:56.573	WT901BLE68(F3:F0:16:BF:DC:AE)	-0.247	0.934	0.303	5.066	-11.963	11.841	72.29	16.56	-27.17	-32.447	38.887	-46.340	0.75336	0.59634	-0.04282	-0.27368	25.4	null	null	13113	75
2026-05-27T16:01:56.696	WT901BLE68(F3:F0:16:BF:DC:AE)	-0.240	0.973	0.279	-0.977	-16.846	1.953	72.12	15.18	-28.48	-32.447	38.887	-46.340	0.75336	0.59634	-0.04282	-0.27368	25.4	null	null	13113	75
2026-05-27T16:01:56.783	WT901BLE68(F3:F0:16:BF:DC:AE)	-0.210	0.947	0.288	-16.541	33.508	-8.728	71.47	15.94	-27.28	-32.447	38.887	-46.340	0.75336	0.59634	-0.04282	-0.27368	25.4	null	null	13113	75
2026-05-27T16:01:56.903	WT901BLE68(F3:F0:16:BF:DC:AE)	-0.127	0.912	0.268	-14.404	41.992	1.038	70.57	17.08	-24.57	-32.447	38.887	-46.340	0.75336	0.59634	-0.04282	-0.27368	25.4	null	null	13113	75
2026-05-27T16:01:57.028	WT901BLE68(F3:F0:16:BF:DC:AE)	-0.293	0.867	0.298	12.390	-1.404	6.287	72.14	17.48	-21.18	-31.920	40.927	-43.107	0.75336	0.59634	-0.04282	-0.27368	25.4	null	null	13113	75
2026-05-27T16:01:57.115	WT901BLE68(F3:F0:16:BF:DC:AE)	-0.479	0.935	0.403	-10.193	63.965	5.188	73.58	17.42	-18.07	-31.920	40.927	-43.107	0.75336	0.59634	-0.04282	-0.27368	25.4	null	null	13113	75
2026-05-27T16:01:57.173	WT901BLE68(F3:F0:16:BF:DC:AE)	-0.227	0.921	0.263	-9.644	-21.790	10.559	72.36	16.71	-18.50	-31.920	40.927	-43.107	0.77097	0.60074	0.03171	-0.20880	25.4	null	null	13113	75
2026-05-27T16:01:57.328	WT901BLE68(F3:F0:16:BF:DC:AE)	-0.257	0.902	0.230	1.526	-3.723	7.751	71.67	15.12	-20.02	-31.920	40.927	-43.107	0.77097	0.60074	0.03171	-0.20880	25.4	null	null	13113	75
2026-05-27T16:01:57.384	WT901BLE68(F3:F0:16:BF:DC:AE)	-0.289	0.865	0.260	8.667	3.601	6.531	72.61	14.67	-19.32	-31.920	40.927	-43.107	0.77097	0.60074	0.03171	-0.20880	25.4	null	null	13113	75
2026-05-27T16:01:57.506	WT901BLE68(F3:F0:16:BF:DC:AE)	-0.268	0.915	0.279	7.019	18.372	5.432	73.66	14.26	-18.48	-31.920	40.927	-43.107	0.77097	0.60074	0.03171	-0.20880	25.4	null	null	13113	75
2026-05-27T16:01:57.596	WT901BLE68(F3:F0:16:BF:DC:AE)	-0.329	0.932	0.279	4.333	3.296	-2.686	74.64	15.00	-16.61	-31.920	40.927	-43.107	0.77097	0.60074	0.03171	-0.20880	25.4	null	null	13113	75
2026-05-27T16:01:57.715	WT901BLE68(F3:F0:16:BF:DC:AE)	-0.283	0.953	0.281	-1.648	-10.559	0.000	74.37	15.00	-17.60	-31.920	40.927	-43.107	0.77097	0.60074	0.03171	-0.20880	25.4	null	null	13113	75
2026-05-27T16:01:57.805	WT901BLE68(F3:F0:16:BF:DC:AE)	-0.248	0.927	0.284	-5.005	-6.714	0.244	73.65	14.75	-18.63	-31.920	40.927	-43.107	0.77097	0.60074	0.03171	-0.20880	25.4	null	null	13113	75
2026-05-27T16:01:57.925	WT901BLE68(F3:F0:16:BF:DC:AE)	-0.250	0.940	0.266	-4.639	0.977	3.052	73.18	14.65	-18.66	-26.953	41.167	-45.727	0.77097	0.60074	0.03171	-0.20880	25.4	null	null	13113	75
2026-05-27T16:01:57.981	WT901BLE68(F3:F0:16:BF:DC:AE)	-0.280	0.937	0.249	-2.014	4.272	3.418	72.97	14.50	-18.24	-26.953	41.167	-45.727	0.77097	0.60074	0.03171	-0.20880	25.4	null	null	13113	75
2026-05-27T16:01:58.103	WT901BLE68(F3:F0:16:BF:DC:AE)	-0.257	0.944	0.259	-3.235	1.953	3.540	72.89	14.10	-18.22	-26.953	41.167	-45.727	0.77570	0.59842	0.00632	-0.20010	25.4	null	null	13113	75
2026-05-27T16:01:58.195	WT901BLE68(F3:F0:16:BF:DC:AE)	-0.276	0.925	0.245	-4.822	4.456	7.141	72.60	13.71	-17.61	-26.953	41.167	-45.727	0.77570	0.59842	0.00632	-0.20010	25.4	null	null	13113	75
2026-05-27T16:01:58.310	WT901BLE68(F3:F0:16:BF:DC:AE)	-0.285	0.933	0.266	2.869	-8.301	-1.160	72.63	13.29	-18.18	-26.953	41.167	-45.727	0.77570	0.59842	0.00632	-0.20010	25.4	null	null	13113	75
2026-05-27T16:01:58.401	WT901BLE68(F3:F0:16:BF:DC:AE)	-0.259	0.940	0.283	2.258	-6.592	-0.061	72.71	13.26	-19.09	-26.953	41.167	-45.727	0.77570	0.59842	0.00632	-0.20010	25.4	null	null	13113	75
2026-05-27T16:01:58.526	WT901BLE68(F3:F0:16:BF:DC:AE)	-0.259	0.951	0.292	0.000	-2.991	-4.150	72.75	13.36	-19.41	-26.953	41.167	-45.727	0.77570	0.59842	0.00632	-0.20010	25.4	null	null	13113	75
2026-05-27T16:01:58.615	WT901BLE68(F3:F0:16:BF:DC:AE)	-0.226	0.898	0.268	-1.770	-5.615	-8.606	72.41	14.17	-20.17	-26.953	41.167	-45.727	0.77570	0.59842	0.00632	-0.20010	25.4	null	null	13113	75
2026-05-27T16:01:58.734	WT901BLE68(F3:F0:16:BF:DC:AE)	-0.251	0.920	0.263	1.221	-7.202	2.319	72.39	14.13	-20.56	-26.953	41.167	-45.727	0.77570	0.59842	0.00632	-0.20010	25.4	null	null	13113	75
2026-05-27T16:01:58.793	WT901BLE68(F3:F0:16:BF:DC:AE)	-0.270	0.929	0.260	3.479	-3.235	-0.488	72.59	14.03	-20.75	-27.533	42.500	-45.173	0.77570	0.59842	0.00632	-0.20010	25.4	null	null	13113	75
2026-05-27T16:01:58.913	WT901BLE68(F3:F0:16:BF:DC:AE)	-0.281	0.930	0.273	5.127	-7.813	0.061	72.98	14.02	-21.17	-27.533	42.500	-45.173	0.77570	0.59842	0.00632	-0.20010	25.4	null	null	13113	75
2026-05-27T16:01:59.002	WT901BLE68(F3:F0:16:BF:DC:AE)	-0.271	1.029	0.335	-3.113	-13.672	4.578	73.21	13.77	-21.90	-27.533	42.500	-45.173	0.77002	0.59894	-0.01376	-0.21918	25.4	null	null	13113	75
2026-05-27T16:01:59.121	WT901BLE68(F3:F0:16:BF:DC:AE)	-0.257	0.891	0.276	-4.089	16.846	-10.315	72.63	14.09	-21.56	-27.533	42.500	-45.173	0.77002	0.59894	-0.01376	-0.21918	25.4	null	null	13113	75
2026-05-27T16:01:59.214	WT901BLE68(F3:F0:16:BF:DC:AE)	-0.232	0.921	0.271	3.235	-18.250	2.563	72.48	14.42	-22.16	-27.533	42.500	-45.173	0.77002	0.59894	-0.01376	-0.21918	25.4	null	null	13113	75
2026-05-27T16:01:59.336	WT901BLE68(F3:F0:16:BF:DC:AE)	-0.246	0.912	0.287	5.005	-12.817	-3.662	72.58	13.83	-23.36	-27.533	42.500	-45.173	0.77002	0.59894	-0.01376	-0.21918	25.4	null	null	13113	75
2026-05-27T16:01:59.394	WT901BLE68(F3:F0:16:BF:DC:AE)	-0.198	0.904	0.291	1.831	0.732	-4.089	72.66	14.04	-24.63	-27.533	42.500	-45.173	0.77002	0.59894	-0.01376	-0.21918	25.4	null	null	13113	75
2026-05-27T16:01:59.512	WT901BLE68(F3:F0:16:BF:DC:AE)	-0.245	0.929	0.263	2.686	11.414	-3.601	73.06	14.57	-23.60	-27.533	42.500	-45.173	0.77002	0.59894	-0.01376	-0.21918	25.4	null	null	13113	75
2026-05-27T16:01:59.604	WT901BLE68(F3:F0:16:BF:DC:AE)	-0.208	0.918	0.290	8.484	17.822	0.122	74.03	15.10	-22.43	-27.533	42.500	-45.173	0.77002	0.59894	-0.01376	-0.21918	25.4	null	null	13113	75
2026-05-27T16:01:59.726	WT901BLE68(F3:F0:16:BF:DC:AE)	-0.273	0.944	0.310	-3.113	13.855	3.174	74.86	15.17	-20.59	-28.767	40.487	-46.013	0.77002	0.59894	-0.01376	-0.21918	25.4	null	null	13113	75
2026-05-27T16:01:59.814	WT901BLE68(F3:F0:16:BF:DC:AE)	-0.233	0.939	0.300	-12.024	10.864	-4.272	74.21	15.57	-19.49	-28.767	40.487	-46.013	0.77002	0.59894	-0.01376	-0.21918	25.4	null	null	13113	75
2026-05-27T16:01:59.935	WT901BLE68(F3:F0:16:BF:DC:AE)	-0.241	0.972	0.308	-13.184	21.606	-6.897	73.37	16.45	-18.11	-28.767	40.487	-46.013	0.76657	0.60547	0.00851	-0.21350	25.4	null	null	13113	75
2026-05-27T16:02:00.022	WT901BLE68(F3:F0:16:BF:DC:AE)	-0.203	0.911	0.290	-3.662	7.324	0.122	72.60	17.02	-17.41	-28.767	40.487	-46.013	0.76657	0.60547	0.00851	-0.21350	25.4	null	null	13113	75
2026-05-27T16:02:00.144	WT901BLE68(F3:F0:16:BF:DC:AE)	-0.338	0.909	0.317	-0.244	25.024	5.798	72.92	16.84	-15.73	-28.767	40.487	-46.013	0.76657	0.60547	0.00851	-0.21350	25.4	null	null	13113	75
2026-05-27T16:02:00.205	WT901BLE68(F3:F0:16:BF:DC:AE)	-0.158	0.928	0.288	-5.371	-7.751	8.057	72.55	16.02	-16.03	-28.767	40.487	-46.013	0.76657	0.60547	0.00851	-0.21350	25.4	null	null	13113	75
2026-05-27T16:02:00.326	WT901BLE68(F3:F0:16:BF:DC:AE)	-0.200	0.930	0.281	-2.441	17.761	7.935	72.62	15.45	-14.80	-28.767	40.487	-46.013	0.76657	0.60547	0.00851	-0.21350	25.4	null	null	13113	75
2026-05-27T16:02:00.416	WT901BLE68(F3:F0:16:BF:DC:AE)	-0.248	0.961	0.302	-5.188	33.630	7.019	72.97	15.42	-12.18	-28.767	40.487	-46.013	0.76657	0.60547	0.00851	-0.21350	25.4	null	null	13113	75
2026-05-27T16:02:00.533	WT901BLE68(F3:F0:16:BF:DC:AE)	-0.297	0.936	0.299	-1.892	19.592	8.240	73.50	15.47	-9.28	-28.767	40.487	-46.013	0.76657	0.60547	0.00851	-0.21350	25.4	null	null	13113	75
2026-05-27T16:02:00.625	WT901BLE68(F3:F0:16:BF:DC:AE)	-0.228	0.915	0.278	-2.441	13.977	8.057	73.62	15.18	-7.81	-20.940	40.567	-41.860	0.76657	0.60547	0.00851	-0.21350	25.4	null	null	13113	75
2026-05-27T16:02:00.747	WT901BLE68(F3:F0:16:BF:DC:AE)	-0.230	0.917	0.310	-1.648	14.099	15.991	73.84	14.28	-6.48	-20.940	40.567	-41.860	0.76657	0.60547	0.00851	-0.21350	25.4	null	null	13113	75
2026-05-27T16:02:00.801	WT901BLE68(F3:F0:16:BF:DC:AE)	-0.252	0.915	0.247	1.953	25.146	15.015	74.21	13.26	-4.67	-20.940	40.567	-41.860	0.78857	0.60135	0.06589	-0.11005	25.4	null	null	13113	75
2026-05-27T16:02:00.924	WT901BLE68(F3:F0:16:BF:DC:AE)	-0.305	0.921	0.262	8.667	-0.488	11.963	75.27	12.49	-2.96	-20.940	40.567	-41.860	0.78857	0.60135	0.06589	-0.11005	25.4	null	null	13113	75
2026-05-27T16:02:01.016	WT901BLE68(F3:F0:16:BF:DC:AE)	-0.220	0.957	0.260	-0.671	-33.020	0.305	75.37	11.61	-4.95	-20.940	40.567	-41.860	0.78857	0.60135	0.06589	-0.11005	25.4	null	null	13113	75
2026-05-27T16:02:01.134	WT901BLE68(F3:F0:16:BF:DC:AE)	-0.216	0.940	0.244	-4.395	17.517	-9.766	75.05	12.31	-5.52	-20.940	40.567	-41.860	0.78857	0.60135	0.06589	-0.11005	25.4	null	null	13113	75
2026-05-27T16:02:01.225	WT901BLE68(F3:F0:16:BF:DC:AE)	-0.201	0.933	0.202	-2.991	20.996	-10.559	74.86	13.72	-4.60	-20.940	40.567	-41.860	0.78857	0.60135	0.06589	-0.11005	25.4	null	null	13113	75
2026-05-27T16:02:01.346	WT901BLE68(F3:F0:16:BF:DC:AE)	-0.223	0.961	0.267	-6.409	-3.052	4.395	74.88	14.07	-4.35	-20.940	40.567	-41.860	0.78857	0.60135	0.06589	-0.11005	25.4	null	null	13113	75
2026-05-27T16:02:01.433	WT901BLE68(F3:F0:16:BF:DC:AE)	-0.192	0.972	0.206	-15.381	76.477	-5.981	74.17	14.85	-1.98	-20.940	40.567	-41.860	0.78857	0.60135	0.06589	-0.11005	25.4	null	null	13113	75
2026-05-27T16:02:01.553	WT901BLE68(F3:F0:16:BF:DC:AE)	-0.269	0.903	0.224	-13.245	7.568	15.076	74.33	15.41	2.42	-15.240	40.913	-38.693	0.78857	0.60135	0.06589	-0.11005	25.4	null	null	13113	75
2026-05-27T16:02:01.613	WT901BLE68(F3:F0:16:BF:DC:AE)	-0.257	0.958	0.179	-9.766	52.307	13.733	74.05	14.82	5.03	-15.240	40.913	-38.693	0.78857	0.60135	0.06589	-0.11005	25.4	null	null	13113	75
2026-05-27T16:02:01.733	WT901BLE68(F3:F0:16:BF:DC:AE)	-0.331	0.923	0.168	5.127	15.869	23.804	75.20	13.87	8.65	-15.240	40.913	-38.693	0.79373	0.59216	0.13382	-0.03610	25.4	null	null	13113	75
2026-05-27T16:02:01.823	WT901BLE68(F3:F0:16:BF:DC:AE)	-0.311	0.937	0.174	14.160	2.075	18.005	76.71	12.17	9.07	-15.240	40.913	-38.693	0.79373	0.59216	0.13382	-0.03610	25.4	null	null	13113	75
2026-05-27T16:02:01.943	WT901BLE68(F3:F0:16:BF:DC:AE)	-0.308	0.962	0.197	9.521	4.761	4.089	78.21	11.50	9.17	-15.240	40.913	-38.693	0.79373	0.59216	0.13382	-0.03610	25.4	null	null	13113	75
2026-05-27T16:02:02.035	WT901BLE68(F3:F0:16:BF:DC:AE)	-0.323	0.979	0.197	10.681	19.653	-17.090	79.46	12.78	10.56	-15.240	40.913	-38.693	0.79373	0.59216	0.13382	-0.03610	25.4	null	null	13113	75
2026-05-27T16:02:02.153	WT901BLE68(F3:F0:16:BF:DC:AE)	-0.154	0.984	0.280	0.061	-0.732	-13.428	80.01	14.77	9.89	-15.240	40.913	-38.693	0.79373	0.59216	0.13382	-0.03610	25.4	null	null	13113	75
2026-05-27T16:02:02.210	WT901BLE68(F3:F0:16:BF:DC:AE)	-0.299	0.953	0.180	-4.761	-33.630	-1.160	78.92	15.11	7.40	-15.240	40.913	-38.693	0.79373	0.59216	0.13382	-0.03610	25.4	null	null	13113	75
2026-05-27T16:02:02.331	WT901BLE68(F3:F0:16:BF:DC:AE)	-0.325	0.918	0.143	-0.916	-12.512	6.104	78.05	14.25	5.10	-15.240	40.913	-38.693	0.79373	0.59216	0.13382	-0.03610	25.4	null	null	13113	75
2026-05-27T16:02:02.425	WT901BLE68(F3:F0:16:BF:DC:AE)	-0.322	0.935	0.154	5.127	-43.579	-0.061	77.74	13.42	1.90	-9.567	39.073	-37.440	0.79373	0.59216	0.13382	-0.03610	25.4	null	null	13113	75
2026-05-27T16:02:02.540	WT901BLE68(F3:F0:16:BF:DC:AE)	-0.290	0.968	0.152	8.057	-47.607	-4.883	77.46	13.26	-2.93	-9.567	39.073	-37.440	0.79373	0.59216	0.13382	-0.03610	25.4	null	null	13113	75
2026-05-27T16:02:02.632	WT901BLE68(F3:F0:16:BF:DC:AE)	-0.302	0.994	0.171	17.761	-57.983	-21.790	77.83	13.77	-7.65	-9.567	39.073	-37.440	0.77081	0.62512	0.06485	-0.10370	25.4	null	null	13113	75
2026-05-27T16:02:02.751	WT901BLE68(F3:F0:16:BF:DC:AE)	-0.178	0.936	0.214	21.240	-104.248	-28.625	77.82	14.90	-16.43	-9.567	39.073	-37.440	0.77081	0.62512	0.06485	-0.10370	25.4	null	null	13113	75
2026-05-27T16:02:02.811	WT901BLE68(F3:F0:16:BF:DC:AE)	-0.211	0.930	0.208	7.629	-61.707	-12.024	77.22	15.11	-24.37	-9.567	39.073	-37.440	0.77081	0.62512	0.06485	-0.10370	25.4	null	null	13113	75
2026-05-27T16:02:02.963	WT901BLE68(F3:F0:16:BF:DC:AE)	-0.268	0.946	0.174	-0.122	-19.043	-1.160	76.58	14.68	-27.28	-9.567	39.073	-37.440	0.77081	0.62512	0.06485	-0.10370	25.4	null	null	13113	75
2026-05-27T16:02:03.022	WT901BLE68(F3:F0:16:BF:DC:AE)	-0.276	0.972	0.160	3.845	-42.236	-4.822	76.08	14.18	-30.13	-9.567	39.073	-37.440	0.77081	0.62512	0.06485	-0.10370	25.4	null	null	13113	75
2026-05-27T16:02:03.147	WT901BLE68(F3:F0:16:BF:DC:AE)	-0.267	0.956	0.173	7.202	-36.377	-11.780	75.92	14.24	-33.51	-9.567	39.073	-37.440	0.77081	0.62512	0.06485	-0.10370	25.4	null	null	13113	75
2026-05-27T16:02:03.233	WT901BLE68(F3:F0:16:BF:DC:AE)	-0.255	0.939	0.201	8.606	-36.438	-14.526	75.98	14.73	-36.65	-9.567	39.073	-37.440	0.77081	0.62512	0.06485	-0.10370	25.4	null	null	13113	75
2026-05-27T16:02:03.356	WT901BLE68(F3:F0:16:BF:DC:AE)	-0.214	0.990	0.221	2.441	-27.283	-14.343	75.70	15.33	-39.62	-33.440	38.893	-49.200	0.77081	0.62512	0.06485	-0.10370	25.4	null	null	13113	75
2026-05-27T16:02:03.442	WT901BLE68(F3:F0:16:BF:DC:AE)	-0.226	0.928	0.229	0.916	-4.883	-24.963	75.55	16.90	-40.28	-33.440	38.893	-49.200	0.77081	0.62512	0.06485	-0.10370	25.4	null	null	13113	75
2026-05-27T16:02:03.569	WT901BLE68(F3:F0:16:BF:DC:AE)	-0.215	0.914	0.380	-7.874	-15.320	-18.555	74.88	18.38	-41.65	-33.440	38.893	-49.200	0.70044	0.60886	-0.09698	-0.35938	25.4	null	null	13113	75
2026-05-27T16:02:03.621	WT901BLE68(F3:F0:16:BF:DC:AE)	-0.353	0.881	0.076	2.869	-6.348	-1.099	72.83	17.98	-43.21	-33.440	38.893	-49.200	0.70044	0.60886	-0.09698	-0.35938	25.4	null	null	13113	75
2026-05-27T16:02:03.745	WT901BLE68(F3:F0:16:BF:DC:AE)	-0.079	1.016	0.397	5.615	-39.001	11.414	72.46	15.55	-47.14	-33.440	38.893	-49.200	0.70044	0.60886	-0.09698	-0.35938	25.4	null	null	13113	75
2026-05-27T16:02:03.833	WT901BLE68(F3:F0:16:BF:DC:AE)	-0.276	0.887	0.365	-19.348	35.278	-25.085	71.69	17.95	-42.86	-33.440	38.893	-49.200	0.70044	0.60886	-0.09698	-0.35938	25.4	null	null	13113	75
2026-05-27T16:02:03.951	WT901BLE68(F3:F0:16:BF:DC:AE)	-0.185	0.877	0.299	-7.385	22.949	4.578	70.77	18.90	-41.14	-33.440	38.893	-49.200	0.70044	0.60886	-0.09698	-0.35938	25.4	null	null	13113	75
2026-05-27T16:02:04.046	WT901BLE68(F3:F0:16:BF:DC:AE)	-0.218	0.929	0.261	-6.348	21.240	26.733	71.00	17.44	-37.95	-33.440	38.893	-49.200	0.70044	0.60886	-0.09698	-0.35938	25.4	null	null	13113	75
2026-05-27T16:02:04.170	WT901BLE68(F3:F0:16:BF:DC:AE)	-0.217	0.907	0.211	-2.930	17.395	34.607	71.46	14.75	-35.16	-33.440	38.893	-49.200	0.70044	0.60886	-0.09698	-0.35938	25.4	null	null	13113	75
2026-05-27T16:02:04.223	WT901BLE68(F3:F0:16:BF:DC:AE)	-0.308	1.011	0.335	-3.601	118.347	21.240	73.12	13.89	-27.65	-35.393	39.220	-44.273	0.70044	0.60886	-0.09698	-0.35938	25.4	null	null	13113	75
2026-05-27T16:02:04.379	WT901BLE68(F3:F0:16:BF:DC:AE)	-0.224	0.902	0.262	0.549	-2.380	5.798	74.12	14.17	-21.97	-35.393	39.220	-44.273	0.70044	0.60886	-0.09698	-0.35938	25.4	null	null	13113	75
2026-05-27T16:02:04.433	WT901BLE68(F3:F0:16:BF:DC:AE)	-0.161	0.989	0.319	7.263	-6.592	13.855	74.39	13.07	-22.62	-35.393	39.220	-44.273	0.76294	0.60617	-0.02286	-0.22333	25.4	null	null	13113	75
2026-05-27T16:02:04.555	WT901BLE68(F3:F0:16:BF:DC:AE)	-0.199	0.951	0.300	5.798	72.937	15.442	75.26	11.42	-20.30	-35.393	39.220	-44.273	0.76294	0.60617	-0.02286	-0.22333	25.4	null	null	13113	75
2026-05-27T16:02:04.646	WT901BLE68(F3:F0:16:BF:DC:AE)	-0.221	0.979	0.290	5.615	-10.681	2.686	76.17	11.77	-16.71	-35.393	39.220	-44.273	0.76294	0.60617	-0.02286	-0.22333	25.4	null	null	13113	75
2026-05-27T16:02:04.767	WT901BLE68(F3:F0:16:BF:DC:AE)	-0.159	0.899	0.262	-8.972	36.194	0.671	76.07	11.37	-15.74	-35.393	39.220	-44.273	0.76294	0.60617	-0.02286	-0.22333	25.4	null	null	13113	75
2026-05-27T16:02:04.854	WT901BLE68(F3:F0:16:BF:DC:AE)	-0.344	0.958	0.279	-21.912	37.354	-6.409	75.81	13.50	-10.37	-35.393	39.220	-44.273	0.76294	0.60617	-0.02286	-0.22333	25.4	null	null	13113	75
2026-05-27T16:02:04.978	WT901BLE68(F3:F0:16:BF:DC:AE)	-0.178	0.933	0.273	-35.400	34.607	-0.244	73.32	14.26	-8.11	-35.393	39.220	-44.273	0.76294	0.60617	-0.02286	-0.22333	25.4	null	null	13113	75
2026-05-27T16:02:05.033	WT901BLE68(F3:F0:16:BF:DC:AE)	-0.252	0.942	0.198	-27.222	44.617	13.123	71.22	15.20	-4.38	-35.393	39.220	-44.273	0.76294	0.60617	-0.02286	-0.22333	25.4	null	null	13113	75
2026-05-27T16:02:05.154	WT901BLE68(F3:F0:16:BF:DC:AE)	-0.328	0.901	0.141	0.061	26.184	34.607	71.19	14.04	-0.14	-35.393	39.220	-44.273	0.76294	0.60617	-0.02286	-0.22333	25.4	null	null	13113	60
2026-05-27T16:02:05.243	WT901BLE68(F3:F0:16:BF:DC:AE)	-0.261	0.925	0.172	10.376	-38.025	30.579	72.30	10.60	-0.95	-35.393	39.220	-44.273	0.76294	0.60617	-0.02286	-0.22333	25.4	null	null	13113	60
2026-05-27T16:02:05.366	WT901BLE68(F3:F0:16:BF:DC:AE)	-0.293	0.890	0.170	8.972	38.330	17.151	73.73	8.59	-0.46	-35.393	39.220	-44.273	0.76294	0.60617	-0.02286	-0.22333	25.4	null	null	13113	60
2026-05-27T16:02:05.455	WT901BLE68(F3:F0:16:BF:DC:AE)	-0.330	1.010	0.153	12.878	33.020	8.545	75.57	8.90	3.31	-35.393	39.220	-44.273	0.76294	0.60617	-0.02286	-0.22333	25.5	null	null	13113	60
2026-05-27T16:02:05.577	WT901BLE68(F3:F0:16:BF:DC:AE)	-0.370	1.046	0.344	22.522	-4.578	-27.649	78.32	10.17	5.43	-35.393	39.220	-44.273	0.76294	0.60617	-0.02286	-0.22333	25.5	null	null	13113	60
2026-05-27T16:02:05.633	WT901BLE68(F3:F0:16:BF:DC:AE)	-0.274	0.985	0.302	-20.874	-78.369	-16.907	77.85	12.71	2.50	-9.893	39.927	-40.300	0.76294	0.60617	-0.02286	-0.22333	25.5	null	null	13113	60
2026-05-27T16:02:05.787	WT901BLE68(F3:F0:16:BF:DC:AE)	-0.176	0.907	0.185	-19.714	16.968	8.362	75.18	12.67	-0.19	-9.893	39.927	-40.300	0.76294	0.60617	-0.02286	-0.22333	25.5	null	null	13113	60
2026-05-27T16:02:05.843	WT901BLE68(F3:F0:16:BF:DC:AE)	-0.346	1.018	0.145	-12.817	-0.183	15.076	74.12	11.98	1.49	-9.893	39.927	-40.300	0.79178	0.60101	0.09204	-0.05713	25.5	null	null	13113	60
2026-05-27T16:02:05.969	WT901BLE68(F3:F0:16:BF:DC:AE)	-0.311	0.912	0.130	-1.404	-12.390	-15.625	73.57	11.68	0.76	-9.893	39.927	-40.300	0.79178	0.60101	0.09204	-0.05713	25.5	null	null	13113	60
2026-05-27T16:02:06.054	WT901BLE68(F3:F0:16:BF:DC:AE)	-0.302	0.969	0.120	3.113	-110.718	-29.907	72.68	13.19	-4.92	-9.893	39.927	-40.300	0.79178	0.60101	0.09204	-0.05713	25.5	null	null	13113	60
2026-05-27T16:02:06.178	WT901BLE68(F3:F0:16:BF:DC:AE)	-0.206	0.918	0.259	12.207	-27.893	-48.767	72.18	14.96	-13.36	-9.893	39.927	-40.300	0.79178	0.60101	0.09204	-0.05713	25.5	null	null	13113	60
2026-05-27T16:02:06.264	WT901BLE68(F3:F0:16:BF:DC:AE)	-0.226	0.979	0.498	15.076	-62.988	-37.476	72.99	18.31	-17.25	-9.893	39.927	-40.300	0.79178	0.60101	0.09204	-0.05713	25.5	null	null	13113	60
2026-05-27T16:02:06.387	WT901BLE68(F3:F0:16:BF:DC:AE)	-0.189	0.858	0.261	-1.282	-19.287	-17.944	71.40	18.56	-22.60	-9.893	39.927	-40.300	0.79178	0.60101	0.09204	-0.05713	25.5	null	null	13113	60
2026-05-27T16:02:06.443	WT901BLE68(F3:F0:16:BF:DC:AE)	-0.152	0.991	0.519	-16.846	43.823	2.380	71.35	18.57	-23.44	-9.893	39.927	-40.300	0.79178	0.60101	0.09204	-0.05713	25.5	null	null	13113	60
2026-05-27T16:02:06.564	WT901BLE68(F3:F0:16:BF:DC:AE)	-0.384	0.881	0.405	-6.409	33.447	3.174	71.14	19.23	-17.87	-29.440	42.187	-41.753	0.79178	0.60101	0.09204	-0.05713	25.5	null	null	13113	60
2026-05-27T16:02:06.653	WT901BLE68(F3:F0:16:BF:DC:AE)	-0.288	0.874	0.350	6.287	-68.237	-8.362	70.31	18.86	-20.39	-29.440	42.187	-41.753	0.79178	0.60101	0.09204	-0.05713	25.5	null	null	13113	60
2026-05-27T16:02:06.776	WT901BLE68(F3:F0:16:BF:DC:AE)	-0.300	0.891	0.315	3.540	31.372	-7.141	69.65	18.43	-23.27	-29.440	42.187	-41.753	0.77655	0.57993	0.02094	-0.24515	25.5	null	null	13113	60
2026-05-27T16:02:06.863	WT901BLE68(F3:F0:16:BF:DC:AE)	-0.239	0.938	0.286	8.301	-28.015	-3.540	70.36	18.89	-22.80	-29.440	42.187	-41.753	0.77655	0.57993	0.02094	-0.24515	25.5	null	null	13113	60
2026-05-27T16:02:06.986	WT901BLE68(F3:F0:16:BF:DC:AE)	-0.203	0.801	0.372	-16.907	-41.565	3.479	69.77	17.97	-25.10	-29.440	42.187	-41.753	0.77655	0.57993	0.02094	-0.24515	25.5	null	null	13113	60
2026-05-27T16:02:07.041	WT901BLE68(F3:F0:16:BF:DC:AE)	-0.130	0.917	0.214	-2.991	65.674	34.912	69.18	16.32	-23.73	-29.440	42.187	-41.753	0.77655	0.57993	0.02094	-0.24515	25.5	null	null	13113	60
2026-05-27T16:02:07.198	WT901BLE68(F3:F0:16:BF:DC:AE)	-0.321	0.931	0.240	8.789	87.769	31.982	72.66	15.79	-12.51	-29.440	42.187	-41.753	0.77655	0.57993	0.02094	-0.24515	25.5	null	null	13113	60
2026-05-27T16:02:07.254	WT901BLE68(F3:F0:16:BF:DC:AE)	-0.364	1.000	0.380	21.973	-12.451	8.118	75.41	15.25	-9.03	-29.440	42.187	-41.753	0.77655	0.57993	0.02094	-0.24515	25.5	null	null	13113	60
2026-05-27T16:02:07.374	WT901BLE68(F3:F0:16:BF:DC:AE)	-0.251	0.931	0.267	7.874	-46.509	9.033	75.94	13.28	-12.53	-29.440	42.187	-41.753	0.77655	0.57993	0.02094	-0.24515	25.5	null	null	13113	60
2026-05-27T16:02:07.467	WT901BLE68(F3:F0:16:BF:DC:AE)	-0.138	0.968	0.329	-5.188	37.659	-0.061	75.31	12.92	-13.65	-20.320	40.760	-43.207	0.77655	0.57993	0.02094	-0.24515	25.5	null	null	13113	60
2026-05-27T16:02:07.585	WT901BLE68(F3:F0:16:BF:DC:AE)	-0.362	0.930	0.255	-24.292	52.979	5.371	75.00	13.88	-7.26	-20.320	40.760	-43.207	0.77655	0.57993	0.02094	-0.24515	25.5	null	null	13113	60
2026-05-27T16:02:07.671	WT901BLE68(F3:F0:16:BF:DC:AE)	-0.250	0.891	0.263	-16.235	-9.216	8.423	73.48	13.94	-6.12	-20.320	40.760	-43.207	0.78564	0.60397	0.06522	-0.11682	25.5	null	null	13113	60
2026-05-27T16:02:07.797	WT901BLE68(F3:F0:16:BF:DC:AE)	-0.250	0.934	0.218	-13.794	24.902	19.653	72.36	12.65	-4.81	-20.320	40.760	-43.207	0.78564	0.60397	0.06522	-0.11682	25.5	null	null	13113	60
2026-05-27T16:02:07.853	WT901BLE68(F3:F0:16:BF:DC:AE)	-0.326	0.980	0.300	-11.536	13.794	7.507	71.98	12.29	-2.29	-20.320	40.760	-43.207	0.78564	0.60397	0.06522	-0.11682	25.5	null	null	13113	60
2026-05-27T16:02:07.977	WT901BLE68(F3:F0:16:BF:DC:AE)	-0.268	0.929	0.196	-5.981	-28.503	7.080	71.10	11.56	-3.35	-20.320	40.760	-43.207	0.78564	0.60397	0.06522	-0.11682	25.5	null	null	13113	60
2026-05-27T16:02:08.065	WT901BLE68(F3:F0:16:BF:DC:AE)	-0.293	0.925	0.209	7.263	-6.592	3.540	71.44	10.86	-4.69	-20.320	40.760	-43.207	0.78564	0.60397	0.06522	-0.11682	25.5	null	null	13113	60
2026-05-27T16:02:08.189	WT901BLE68(F3:F0:16:BF:DC:AE)	-0.305	0.905	0.254	9.155	5.432	-4.395	72.60	11.26	-4.58	-20.320	40.760	-43.207	0.78564	0.60397	0.06522	-0.11682	25.5	null	null	13113	60
2026-05-27T16:02:08.275	WT901BLE68(F3:F0:16:BF:DC:AE)	-0.257	0.932	0.323	3.723	5.127	-6.226	73.34	12.35	-4.32	-20.320	40.760	-43.207	0.78564	0.60397	0.06522	-0.11682	25.5	null	null	13113	60
2026-05-27T16:02:08.393	WT901BLE68(F3:F0:16:BF:DC:AE)	-0.255	0.961	0.316	-1.709	4.272	-4.089	73.38	13.02	-4.09	-13.387	41.193	-38.940	0.78564	0.60397	0.06522	-0.11682	25.5	null	null	13113	60
2026-05-27T16:02:08.454	WT901BLE68(F3:F0:16:BF:DC:AE)	-0.276	0.937	0.294	-1.099	-6.836	-4.272	73.09	13.47	-4.61	-13.387	41.193	-38.940	0.78564	0.60397	0.06522	-0.11682	25.5	null	null	13113	60
2026-05-27T16:02:08.574	WT901BLE68(F3:F0:16:BF:DC:AE)	-0.261	0.922	0.273	-5.127	-25.940	-5.981	72.30	13.59	-6.44	-13.387	41.193	-38.940	0.79443	0.59442	0.07025	-0.10251	25.5	null	null	13113	60
2026-05-27T16:02:08.664	WT901BLE68(F3:F0:16:BF:DC:AE)	-0.207	0.918	0.252	-7.751	-12.878	-6.897	71.24	13.71	-8.63	-13.387	41.193	-38.940	0.79443	0.59442	0.07025	-0.10251	25.5	null	null	13113	60
2026-05-27T16:02:08.785	WT901BLE68(F3:F0:16:BF:DC:AE)	-0.274	0.924	0.271	6.714	-9.338	5.371	71.44	13.69	-9.04	-13.387	41.193	-38.940	0.79443	0.59442	0.07025	-0.10251	25.5	null	null	13113	60
2026-05-27T16:02:08.873	WT901BLE68(F3:F0:16:BF:DC:AE)	-0.263	0.971	0.243	4.028	3.906	7.568	72.03	12.83	-9.26	-13.387	41.193	-38.940	0.79443	0.59442	0.07025	-0.10251	25.5	null	null	13113	60
2026-05-27T16:02:08.993	WT901BLE68(F3:F0:16:BF:DC:AE)	-0.261	0.965	0.211	9.277	18.494	-10.803	73.26	13.60	-7.90	-13.387	41.193	-38.940	0.79443	0.59442	0.07025	-0.10251	25.5	null	null	13113	60
2026-05-27T16:02:09.083	WT901BLE68(F3:F0:16:BF:DC:AE)	-0.250	0.939	0.348	3.296	4.150	-22.461	74.09	15.66	-7.44	-13.387	41.193	-38.940	0.79443	0.59442	0.07025	-0.10251	25.5	null	null	13113	60
2026-05-27T16:02:09.202	WT901BLE68(F3:F0:16:BF:DC:AE)	-0.205	0.951	0.340	3.906	-82.275	-26.428	73.23	16.83	-12.83	-13.387	41.193	-38.940	0.79443	0.59442	0.07025	-0.10251	25.5	null	null	13113	60
2026-05-27T16:02:09.260	WT901BLE68(F3:F0:16:BF:DC:AE)	-0.132	0.914	0.280	-17.273	66.467	13.184	71.44	16.56	-13.74	-20.773	42.320	-40.187	0.79443	0.59442	0.07025	-0.10251	25.5	null	null	13113	60
2026-05-27T16:02:09.384	WT901BLE68(F3:F0:16:BF:DC:AE)	-0.262	0.876	0.177	-16.113	70.129	21.362	71.54	16.44	-6.47	-20.773	42.320	-40.187	0.79443	0.59442	0.07025	-0.10251	25.5	null	null	13113	60
2026-05-27T16:02:09.470	WT901BLE68(F3:F0:16:BF:DC:AE)	-0.226	0.913	0.396	-0.916	81.787	11.353	73.10	16.09	-1.08	-20.773	42.320	-40.187	0.79715	0.58566	0.09128	-0.11438	25.5	null	null	13113	60
2026-05-27T16:02:09.598	WT901BLE68(F3:F0:16:BF:DC:AE)	-0.522	0.898	0.378	-3.296	83.923	-6.470	75.85	18.87	9.23	-20.773	42.320	-40.187	0.79715	0.58566	0.09128	-0.11438	25.5	null	null	13113	60
2026-05-27T16:02:09.688	WT901BLE68(F3:F0:16:BF:DC:AE)	-0.399	0.901	0.316	15.503	-42.114	-7.141	76.35	20.10	9.05	-20.773	42.320	-40.187	0.79715	0.58566	0.09128	-0.11438	25.5	null	null	13113	60
2026-05-27T16:02:09.801	WT901BLE68(F3:F0:16:BF:DC:AE)	-0.274	0.900	0.201	16.968	-84.290	-11.658	75.16	19.25	0.46	-20.773	42.320	-40.187	0.79715	0.58566	0.09128	-0.11438	25.5	null	null	13113	60
2026-05-27T16:02:09.864	WT901BLE68(F3:F0:16:BF:DC:AE)	-0.212	0.958	0.260	15.869	-31.616	-4.578	74.58	18.62	-6.19	-20.773	42.320	-40.187	0.79715	0.58566	0.09128	-0.11438	25.5	null	null	13113	60
2026-05-27T16:02:09.986	WT901BLE68(F3:F0:16:BF:DC:AE)	-0.199	1.011	0.304	5.920	-31.860	4.944	74.88	17.53	-9.72	-20.773	42.320	-40.187	0.79715	0.58566	0.09128	-0.11438	25.5	null	null	13113	60
2026-05-27T16:02:10.074	WT901BLE68(F3:F0:16:BF:DC:AE)	-0.122	0.957	0.245	-14.648	9.155	-1.343	73.75	16.34	-11.90	-20.773	42.320	-40.187	0.79715	0.58566	0.09128	-0.11438	25.5	null	null	13113	60
2026-05-27T16:02:10.195	WT901BLE68(F3:F0:16:BF:DC:AE)	-0.157	0.928	0.288	-14.648	52.063	9.460	73.11	16.53	-9.42	-18.740	41.227	-38.800	0.79715	0.58566	0.09128	-0.11438	25.5	null	null	13113	60
2026-05-27T16:02:10.281	WT901BLE68(F3:F0:16:BF:DC:AE)	-0.362	0.894	0.264	-5.371	54.688	13.245	74.01	16.77	-2.92	-18.740	41.227	-38.800	0.79715	0.58566	0.09128	-0.11438	25.5	null	null	13113	60
2026-05-27T16:02:10.404	WT901BLE68(F3:F0:16:BF:DC:AE)	-0.364	0.910	0.328	4.333	37.231	4.578	75.00	16.98	0.67	-18.740	41.227	-38.800	0.78726	0.59891	0.10809	-0.09863	25.5	null	null	13113	60
2026-05-27T16:02:10.496	WT901BLE68(F3:F0:16:BF:DC:AE)	-0.379	0.885	0.298	-6.958	-26.489	1.587	75.55	16.90	1.92	-18.740	41.227	-38.800	0.78726	0.59891	0.10809	-0.09863	25.5	null	null	13113	60
2026-05-27T16:02:10.617	WT901BLE68(F3:F0:16:BF:DC:AE)	-0.220	0.917	0.278	7.324	-4.761	-2.502	74.42	16.87	-0.98	-18.740	41.227	-38.800	0.78726	0.59891	0.10809	-0.09863	25.5	null	null	13113	60
2026-05-27T16:02:10.671	WT901BLE68(F3:F0:16:BF:DC:AE)	-0.275	0.929	0.249	-3.357	-29.297	1.282	74.22	16.33	-2.73	-18.740	41.227	-38.800	0.78726	0.59891	0.10809	-0.09863	25.5	null	null	13113	60
2026-05-27T16:02:10.798	WT901BLE68(F3:F0:16:BF:DC:AE)	-0.274	0.977	0.223	-7.080	-2.563	2.136	73.25	15.68	-4.69	-18.740	41.227	-38.800	0.78726	0.59891	0.10809	-0.09863	25.5	null	null	13113	60
2026-05-27T16:02:10.883	WT901BLE68(F3:F0:16:BF:DC:AE)	-0.275	0.923	0.262	-7.202	21.973	-6.042	72.81	16.11	-4.04	-18.740	41.227	-38.800	0.78726	0.59891	0.10809	-0.09863	25.5	null	null	13113	60
2026-05-27T16:02:11.006	WT901BLE68(F3:F0:16:BF:DC:AE)	-0.332	0.867	0.245	5.249	-2.869	8.545	73.07	16.63	-2.80	-18.740	41.227	-38.800	0.78726	0.59891	0.10809	-0.09863	25.5	null	null	13113	60
2026-05-27T16:02:11.095	WT901BLE68(F3:F0:16:BF:DC:AE)	-0.335	0.905	0.273	8.789	-61.707	23.621	73.27	14.00	-5.57	-14.067	42.340	-34.607	0.78726	0.59891	0.10809	-0.09863	25.5	null	null	13113	60
2026-05-27T16:02:11.214	WT901BLE68(F3:F0:16:BF:DC:AE)	-0.322	0.964	0.241	12.573	-35.767	7.019	73.33	11.47	-9.79	-14.067	42.340	-34.607	0.78726	0.59891	0.10809	-0.09863	25.5	null	null	13113	60
2026-05-27T16:02:11.273	WT901BLE68(F3:F0:16:BF:DC:AE)	-0.252	0.926	0.272	10.986	-34.302	-7.568	73.94	10.77	-12.99	-14.067	42.340	-34.607	0.78711	0.60150	0.01715	-0.13516	25.5	null	null	13113	60
2026-05-27T16:02:11.394	WT901BLE68(F3:F0:16:BF:DC:AE)	-0.331	1.019	0.249	2.930	-45.044	-20.142	74.00	11.77	-15.75	-14.067	42.340	-34.607	0.78711	0.60150	0.01715	-0.13516	25.5	null	null	13113	60
2026-05-27T16:02:11.485	WT901BLE68(F3:F0:16:BF:DC:AE)	-0.114	0.955	0.209	-8.179	23.010	-31.372	72.75	13.55	-18.84	-14.067	42.340	-34.607	0.78711	0.60150	0.01715	-0.13516	25.5	null	null	13113	60
2026-05-27T16:02:11.605	WT901BLE68(F3:F0:16:BF:DC:AE)	-0.286	0.874	0.158	5.737	12.573	-8.179	73.41	16.61	-15.99	-14.067	42.340	-34.607	0.78711	0.60150	0.01715	-0.13516	25.5	null	null	13113	60
2026-05-27T16:02:11.695	WT901BLE68(F3:F0:16:BF:DC:AE)	-0.283	0.875	0.203	36.499	-22.400	24.292	75.65	15.28	-16.23	-14.067	42.340	-34.607	0.78711	0.60150	0.01715	-0.13516	25.5	null	null	13113	60
2026-05-27T16:02:11.815	WT901BLE68(F3:F0:16:BF:DC:AE)	-0.449	0.990	0.410	10.620	-26.917	12.756	78.06	12.18	-18.85	-14.067	42.340	-34.607	0.78711	0.60150	0.01715	-0.13516	25.5	null	null	13113	60
2026-05-27T16:02:11.904	WT901BLE68(F3:F0:16:BF:DC:AE)	-0.167	1.008	0.216	-14.404	-23.010	1.953	76.14	10.83	-23.25	-14.067	42.340	-34.607	0.78711	0.60150	0.01715	-0.13516	25.5	null	null	13113	60
2026-05-27T16:02:12.023	WT901BLE68(F3:F0:16:BF:DC:AE)	-0.267	0.956	0.188	-18.982	38.330	-17.090	74.71	12.15	-20.82	-20.020	40.360	-47.373	0.78711	0.60150	0.01715	-0.13516	25.5	null	null	13113	60
2026-05-27T16:02:12.084	WT901BLE68(F3:F0:16:BF:DC:AE)	-0.275	0.948	0.169	-13.489	14.038	-15.808	73.66	14.71	-18.52	-20.020	40.360	-47.373	0.78711	0.60150	0.01715	-0.13516	25.5	null	null	13113	60
2026-05-27T16:02:12.209	WT901BLE68(F3:F0:16:BF:DC:AE)	-0.250	0.890	0.163	0.793	9.705	-10.986	73.43	15.88	-17.72	-20.020	40.360	-47.373	0.77155	0.60254	0.00839	-0.20367	25.5	null	null	13113	60
2026-05-27T16:02:12.295	WT901BLE68(F3:F0:16:BF:DC:AE)	-0.241	0.958	0.349	2.258	-12.329	-15.259	74.10	17.19	-18.03	-20.020	40.360	-47.373	0.77155	0.60254	0.00839	-0.20367	25.5	null	null	13113	60
2026-05-27T16:02:12.417	WT901BLE68(F3:F0:16:BF:DC:AE)	-0.417	0.922	0.139	11.292	-56.458	-19.043	73.52	17.45	-21.14	-20.020	40.360	-47.373	0.77155	0.60254	0.00839	-0.20367	25.5	null	null	13113	60
2026-05-27T16:02:12.503	WT901BLE68(F3:F0:16:BF:DC:AE)	0.014	0.889	0.392	-12.146	24.475	4.456	71.59	16.44	-26.81	-20.020	40.360	-47.373	0.77155	0.60254	0.00839	-0.20367	25.5	null	null	13113	60
2026-05-27T16:02:12.625	WT901BLE68(F3:F0:16:BF:DC:AE)	-0.237	0.936	0.315	-17.761	24.170	9.705	71.66	16.66	-22.01	-20.020	40.360	-47.373	0.77155	0.60254	0.00839	-0.20367	25.5	null	null	13113	60
2026-05-27T16:02:12.714	WT901BLE68(F3:F0:16:BF:DC:AE)	-0.312	0.838	0.293	-12.939	8.606	-8.911	69.65	16.50	-21.70	-20.020	40.360	-47.373	0.77155	0.60254	0.00839	-0.20367	25.5	null	null	13113	60
2026-05-27T16:02:12.804	WT901BLE68(F3:F0:16:BF:DC:AE)	-0.413	0.922	0.384	-9.399	50.903	-4.211	69.49	19.13	-17.14	-20.020	40.360	-47.373	0.77155	0.60254	0.00839	-0.20367	25.5	null	null	13113	60
2026-05-27T16:02:12.891	WT901BLE68(F3:F0:16:BF:DC:AE)	-0.195	0.837	0.335	11.475	-54.626	-14.709	68.71	19.23	-19.51	-25.360	42.867	-37.173	0.77155	0.60254	0.00839	-0.20367	25.5	null	null	13113	60
2026-05-27T16:02:13.013	WT901BLE68(F3:F0:16:BF:DC:AE)	-0.334	0.917	0.297	24.963	-52.551	0.000	69.10	17.94	-24.88	-25.360	42.867	-37.173	0.77155	0.60254	0.00839	-0.20367	25.5	null	null	13113	60
2026-05-27T16:02:13.103	WT901BLE68(F3:F0:16:BF:DC:AE)	-0.167	0.908	0.353	14.648	-35.583	-1.526	69.49	15.95	-30.17	-25.360	42.867	-37.173	0.77087	0.57492	-0.01486	-0.27362	25.5	null	null	13113	60
2026-05-27T16:02:13.225	WT901BLE68(F3:F0:16:BF:DC:AE)	-0.166	0.906	0.255	10.254	1.953	13.550	70.43	14.88	-30.45	-25.360	42.867	-37.173	0.77087	0.57492	-0.01486	-0.27362	25.5	null	null	13113	60
2026-05-27T16:02:13.312	WT901BLE68(F3:F0:16:BF:DC:AE)	-0.228	0.968	0.241	19.348	25.024	17.212	72.71	13.88	-27.43	-25.360	42.867	-37.173	0.77087	0.57492	-0.01486	-0.27362	25.5	null	null	13113	60
2026-05-27T16:02:13.438	WT901BLE68(F3:F0:16:BF:DC:AE)	-0.177	1.011	0.292	4.883	-0.732	13.000	74.37	12.14	-26.09	-25.360	42.867	-37.173	0.77087	0.57492	-0.01486	-0.27362	25.5	null	null	13113	60
2026-05-27T16:02:13.493	WT901BLE68(F3:F0:16:BF:DC:AE)	-0.156	1.000	0.291	-9.460	34.973	-1.038	74.41	12.40	-23.91	-25.360	42.867	-37.173	0.77087	0.57492	-0.01486	-0.27362	25.5	null	null	13113	60
2026-05-27T16:02:13.618	WT901BLE68(F3:F0:16:BF:DC:AE)	-0.156	0.930	0.284	-20.874	37.048	8.911	73.61	12.70	-20.01	-25.360	42.867	-37.173	0.77087	0.57492	-0.01486	-0.27362	25.5	null	null	13113	60
2026-05-27T16:02:13.704	WT901BLE68(F3:F0:16:BF:DC:AE)	-0.153	0.963	0.260	-30.273	48.950	22.461	72.01	12.29	-15.57	-25.360	42.867	-37.173	0.77087	0.57492	-0.01486	-0.27362	25.5	null	null	13113	60
2026-05-27T16:02:13.824	WT901BLE68(F3:F0:16:BF:DC:AE)	-0.193	0.960	0.229	-33.936	66.833	26.855	70.38	11.55	-8.95	-19.727	40.507	-38.713	0.77087	0.57492	-0.01486	-0.27362	25.5	null	null	13113	60
2026-05-27T16:02:13.916	WT901BLE68(F3:F0:16:BF:DC:AE)	-0.209	0.952	0.210	-29.053	71.167	18.311	69.07	11.91	-1.88	-19.727	40.507	-38.713	0.77087	0.57492	-0.01486	-0.27362	25.5	null	null	13113	60
2026-05-27T16:02:14.035	WT901BLE68(F3:F0:16:BF:DC:AE)	-0.218	0.909	0.196	-19.897	72.144	21.851	68.71	12.39	4.88	-19.727	40.507	-38.713	0.82031	0.56204	0.08762	-0.05853	25.5	null	null	13113	60
2026-05-27T16:02:14.092	WT901BLE68(F3:F0:16:BF:DC:AE)	-0.248	0.879	0.192	-5.737	75.317	23.071	69.79	12.87	11.93	-19.727	40.507	-38.713	0.82031	0.56204	0.08762	-0.05853	25.5	null	null	13113	60
2026-05-27T16:02:14.215	WT901BLE68(F3:F0:16:BF:DC:AE)	-0.376	0.973	0.206	11.047	61.035	28.381	72.31	12.96	18.77	-19.727	40.507	-38.713	0.82031	0.56204	0.08762	-0.05853	25.5	null	null	13113	60
2026-05-27T16:02:14.305	WT901BLE68(F3:F0:16:BF:DC:AE)	-0.467	0.873	0.164	33.997	-9.399	12.451	75.63	11.74	20.90	-19.727	40.507	-38.713	0.82031	0.56204	0.08762	-0.05853	25.5	null	null	13113	60
2026-05-27T16:02:14.426	WT901BLE68(F3:F0:16:BF:DC:AE)	-0.189	0.958	0.777	-12.695	183.105	15.198	78.56	12.45	26.04	-19.727	40.507	-38.713	0.82031	0.56204	0.08762	-0.05853	25.5	null	null	13113	60
2026-05-27T16:02:14.516	WT901BLE68(F3:F0:16:BF:DC:AE)	-0.449	0.876	0.295	-15.808	-3.540	0.244	77.56	13.92	32.29	-19.727	40.507	-38.713	0.82031	0.56204	0.08762	-0.05853	25.5	null	null	13113	60
2026-05-27T16:02:14.636	WT901BLE68(F3:F0:16:BF:DC:AE)	-0.387	0.879	0.262	-10.376	-19.897	1.587	75.72	14.18	29.91	-19.727	40.507	-38.713	0.82031	0.56204	0.08762	-0.05853	25.5	null	null	13113	60
2026-05-27T16:02:14.724	WT901BLE68(F3:F0:16:BF:DC:AE)	-0.347	0.894	0.281	-4.395	-11.719	-3.418	74.62	14.40	27.44	-7.047	31.753	-14.520	0.82031	0.56204	0.08762	-0.05853	25.5	null	null	13113	60
2026-05-27T16:02:14.848	WT901BLE68(F3:F0:16:BF:DC:AE)	-0.254	0.913	0.373	5.798	-20.691	-2.014	74.12	14.49	24.15	-7.047	31.753	-14.520	0.82031	0.56204	0.08762	-0.05853	25.5	null	null	13113	60
2026-05-27T16:02:14.903	WT901BLE68(F3:F0:16:BF:DC:AE)	-0.387	0.966	0.265	13.916	-46.326	-23.315	74.48	15.49	20.57	-7.047	31.753	-14.520	0.78967	0.56717	0.21979	0.07941	25.5	null	null	13113	60
2026-05-27T16:02:15.027	WT901BLE68(F3:F0:16:BF:DC:AE)	-0.240	0.876	0.227	34.058	-60.181	-26.855	75.25	16.68	13.30	-7.047	31.753	-14.520	0.78967	0.56717	0.21979	0.07941	25.5	null	null	13113	60
2026-05-27T16:02:15.114	WT901BLE68(F3:F0:16:BF:DC:AE)	-0.212	0.904	0.340	25.940	-12.512	7.080	77.08	16.47	8.51	-7.047	31.753	-14.520	0.78967	0.56717	0.21979	0.07941	25.5	null	null	13113	60
2026-05-27T16:02:15.237	WT901BLE68(F3:F0:16:BF:DC:AE)	-0.329	1.024	0.210	4.089	-43.213	5.981	77.29	14.79	5.24	-7.047	31.753	-14.520	0.78967	0.56717	0.21979	0.07941	25.5	null	null	13113	60
2026-05-27T16:02:15.325	WT901BLE68(F3:F0:16:BF:DC:AE)	-0.238	0.977	0.175	-6.226	-54.138	-11.230	75.75	14.25	0.00	-7.047	31.753	-14.520	0.78967	0.56717	0.21979	0.07941	25.5	null	null	13113	60
2026-05-27T16:02:15.442	WT901BLE68(F3:F0:16:BF:DC:AE)	-0.185	0.951	0.233	-6.714	-28.320	-4.944	74.09	14.35	-4.36	-7.047	31.753	-14.520	0.78967	0.56717	0.21979	0.07941	25.5	null	null	13113	60
2026-05-27T16:02:15.507	WT901BLE68(F3:F0:16:BF:DC:AE)	-0.293	0.968	0.188	-4.700	-19.409	-9.155	73.10	14.02	-6.23	-7.047	31.753	-14.520	0.78967	0.56717	0.21979	0.07941	25.5	null	null	13113	60
2026-05-27T16:02:15.624	WT901BLE68(F3:F0:16:BF:DC:AE)	-0.187	0.939	0.271	-7.141	-16.602	-18.127	72.23	14.58	-9.22	-10.313	38.167	-32.227	0.78967	0.56717	0.21979	0.07941	25.5	null	null	13113	60
2026-05-27T16:02:15.716	WT901BLE68(F3:F0:16:BF:DC:AE)	-0.275	0.932	0.272	-8.972	21.790	-20.813	71.49	16.07	-9.37	-10.313	38.167	-32.227	0.78967	0.56717	0.21979	0.07941	25.5	null	null	13113	60
2026-05-27T16:02:15.834	WT901BLE68(F3:F0:16:BF:DC:AE)	-0.267	0.897	0.287	0.610	-16.174	-30.334	70.99	18.46	-9.94	-10.313	38.167	-32.227	0.79422	0.58505	0.07074	-0.14758	25.5	null	null	13113	60
2026-05-27T16:02:15.920	WT901BLE68(F3:F0:16:BF:DC:AE)	-0.301	0.881	0.357	8.118	-16.785	-18.311	70.85	20.25	-11.93	-10.313	38.167	-32.227	0.79422	0.58505	0.07074	-0.14758	25.5	null	null	13113	60
2026-05-27T16:02:16.045	WT901BLE68(F3:F0:16:BF:DC:AE)	-0.241	0.826	0.250	29.541	-56.763	-0.977	71.15	19.95	-15.73	-10.313	38.167	-32.227	0.79422	0.58505	0.07074	-0.14758	25.5	null	null	13113	60
2026-05-27T16:02:16.137	WT901BLE68(F3:F0:16:BF:DC:AE)	-0.235	0.998	0.314	22.827	-56.458	7.690	72.23	17.90	-20.66	-10.313	38.167	-32.227	0.79422	0.58505	0.07074	-0.14758	25.5	null	null	13113	60
2026-05-27T16:02:16.255	WT901BLE68(F3:F0:16:BF:DC:AE)	-0.204	0.921	0.250	18.616	-94.971	8.057	72.73	14.36	-27.47	-10.313	38.167	-32.227	0.79422	0.58505	0.07074	-0.14758	25.5	null	null	13113	60
2026-05-27T16:02:16.313	WT901BLE68(F3:F0:16:BF:DC:AE)	-0.185	0.947	0.253	-1.526	-1.160	15.625	72.52	11.75	-32.06	-10.313	38.167	-32.227	0.79422	0.58505	0.07074	-0.14758	25.5	null	null	13113	60
2026-05-27T16:02:16.434	WT901BLE68(F3:F0:16:BF:DC:AE)	-0.293	0.946	0.230	-10.315	37.537	20.020	72.56	10.62	-28.22	-10.313	38.167	-32.227	0.79422	0.58505	0.07074	-0.14758	25.5	null	null	13113	60
2026-05-27T16:02:16.521	WT901BLE68(F3:F0:16:BF:DC:AE)	-0.304	0.971	0.174	3.601	-18.860	3.235	72.61	10.04	-25.63	-19.520	41.847	-43.200	0.79422	0.58505	0.07074	-0.14758	25.5	null	null	13113	60
2026-05-27T16:02:16.647	WT901BLE68(F3:F0:16:BF:DC:AE)	-0.255	0.967	0.209	12.451	-11.780	-20.081	73.44	10.73	-26.25	-19.520	41.847	-43.200	0.79422	0.58505	0.07074	-0.14758	25.5	null	null	13113	60
2026-05-27T16:02:16.735	WT901BLE68(F3:F0:16:BF:DC:AE)	-0.200	0.933	0.279	15.503	-3.723	-31.982	74.72	13.31	-27.21	-19.520	41.847	-43.200	0.75882	0.60132	-0.05862	-0.24304	25.5	null	null	13113	60
2026-05-27T16:02:16.855	WT901BLE68(F3:F0:16:BF:DC:AE)	-0.007	0.978	0.480	1.587	-37.354	-14.343	75.09	15.29	-29.16	-19.520	41.847	-43.200	0.75882	0.60132	-0.05862	-0.24304	25.5	null	null	13113	60
2026-05-27T16:02:16.915	WT901BLE68(F3:F0:16:BF:DC:AE)	-0.207	0.922	0.263	-11.902	30.273	15.991	74.21	14.60	-28.56	-19.520	41.847	-43.200	0.75882	0.60132	-0.05862	-0.24304	25.5	null	null	13113	60
2026-05-27T16:02:17.037	WT901BLE68(F3:F0:16:BF:DC:AE)	-0.265	0.925	0.230	-7.080	36.743	20.081	73.98	13.27	-24.51	-19.520	41.847	-43.200	0.75882	0.60132	-0.05862	-0.24304	25.5	null	null	13113	60
2026-05-27T16:02:17.126	WT901BLE68(F3:F0:16:BF:DC:AE)	-0.309	0.953	0.242	6.226	14.099	8.667	74.68	12.67	-20.76	-19.520	41.847	-43.200	0.75882	0.60132	-0.05862	-0.24304	25.5	null	null	13113	60
2026-05-27T16:02:17.248	WT901BLE68(F3:F0:16:BF:DC:AE)	-0.230	0.939	0.257	6.592	-14.038	-5.188	75.18	12.51	-21.07	-19.520	41.847	-43.200	0.75882	0.60132	-0.05862	-0.24304	25.5	null	null	13113	60
2026-05-27T16:02:17.337	WT901BLE68(F3:F0:16:BF:DC:AE)	-0.227	0.956	0.311	1.221	-2.625	-7.629	75.42	13.22	-21.06	-19.520	41.847	-43.200	0.75882	0.60132	-0.05862	-0.24304	25.5	null	null	13113	60
2026-05-27T16:02:17.456	WT901BLE68(F3:F0:16:BF:DC:AE)	-0.214	0.963	0.293	-3.296	-4.211	-0.061	74.98	13.52	-21.32	-20.940	41.547	-44.500	0.75882	0.60132	-0.05862	-0.24304	25.5	null	null	13113	60
2026-05-27T16:02:17.544	WT901BLE68(F3:F0:16:BF:DC:AE)	-0.219	0.927	0.253	-3.479	-2.441	0.366	74.46	13.29	-21.53	-20.940	41.547	-44.500	0.75882	0.60132	-0.05862	-0.24304	25.5	null	null	13113	60
2026-05-27T16:02:17.666	WT901BLE68(F3:F0:16:BF:DC:AE)	-0.246	0.923	0.228	-0.854	2.869	2.686	74.22	13.16	-21.04	-20.940	41.547	-44.500	0.76477	0.60663	-0.02133	-0.21570	25.5	null	null	13113	60
2026-05-27T16:02:17.726	WT901BLE68(F3:F0:16:BF:DC:AE)	-0.249	0.975	0.267	2.502	-2.686	-0.549	74.44	13.04	-20.59	-20.940	41.547	-44.500	0.76477	0.60663	-0.02133	-0.21570	25.5	null	null	13113	60
2026-05-27T16:02:17.846	WT901BLE68(F3:F0:16:BF:DC:AE)	-0.201	0.938	0.294	-0.977	-0.366	-5.066	74.44	13.30	-20.62	-20.940	41.547	-44.500	0.76477	0.60663	-0.02133	-0.21570	25.5	null	null	13113	60
2026-05-27T16:02:17.932	WT901BLE68(F3:F0:16:BF:DC:AE)	-0.199	0.929	0.284	-2.075	-7.202	4.211	74.16	13.21	-20.81	-20.940	41.547	-44.500	0.76477	0.60663	-0.02133	-0.21570	25.5	null	null	13113	60
2026-05-27T16:02:18.055	WT901BLE68(F3:F0:16:BF:DC:AE)	-0.229	0.934	0.253	-2.930	8.301	5.005	73.88	12.71	-20.34	-20.940	41.547	-44.500	0.76477	0.60663	-0.02133	-0.21570	25.5	null	null	13113	60
2026-05-27T16:02:18.145	WT901BLE68(F3:F0:16:BF:DC:AE)	-0.245	0.949	0.247	1.160	3.540	0.427	73.93	12.55	-19.38	-20.940	41.547	-44.500	0.76477	0.60663	-0.02133	-0.21570	25.5	null	null	13113	60
2026-05-27T16:02:18.268	WT901BLE68(F3:F0:16:BF:DC:AE)	-0.271	0.938	0.286	10.254	-19.348	-1.770	74.50	12.65	-19.65	-20.940	41.547	-44.500	0.76477	0.60663	-0.02133	-0.21570	25.5	null	null	13113	60
2026-05-27T16:02:18.321	WT901BLE68(F3:F0:16:BF:DC:AE)	-0.230	0.943	0.277	7.385	-5.554	-3.601	74.85	12.46	-21.21	-21.480	41.560	-45.193	0.76477	0.60663	-0.02133	-0.21570	25.5	null	null	13113	60
2026-05-27T16:02:18.448	WT901BLE68(F3:F0:16:BF:DC:AE)	-0.237	0.953	0.265	8.362	-31.738	-5.127	75.10	12.45	-23.02	-21.480	41.560	-45.193	0.76477	0.60663	-0.02133	-0.21570	25.5	null	null	13113	60
2026-05-27T16:02:18.530	WT901BLE68(F3:F0:16:BF:DC:AE)	-0.206	0.957	0.257	1.465	-17.639	-9.766	74.92	12.57	-25.36	-21.480	41.560	-45.193	0.75751	0.61053	-0.04126	-0.22720	25.5	null	null	13113	60
2026-05-27T16:02:18.658	WT901BLE68(F3:F0:16:BF:DC:AE)	-0.196	0.970	0.236	0.183	-19.714	-7.385	74.55	12.89	-26.97	-21.480	41.560	-45.193	0.75751	0.61053	-0.04126	-0.22720	25.5	null	null	13113	60
2026-05-27T16:02:18.742	WT901BLE68(F3:F0:16:BF:DC:AE)	-0.157	0.935	0.187	-3.540	17.761	-12.451	74.14	13.79	-27.31	-21.480	41.560	-45.193	0.75751	0.61053	-0.04126	-0.22720	25.5	null	null	13113	60
2026-05-27T16:02:18.865	WT901BLE68(F3:F0:16:BF:DC:AE)	-0.249	1.035	0.211	-7.324	25.208	5.737	74.64	14.43	-24.05	-21.480	41.560	-45.193	0.75751	0.61053	-0.04126	-0.22720	25.5	null	null	13113	60
2026-05-27T16:02:18.950	WT901BLE68(F3:F0:16:BF:DC:AE)	-0.308	0.930	0.275	9.216	33.081	-6.775	75.63	15.49	-20.34	-21.480	41.560	-45.193	0.75751	0.61053	-0.04126	-0.22720	25.5	null	null	13113	60
2026-05-27T16:02:19.077	WT901BLE68(F3:F0:16:BF:DC:AE)	-0.177	1.006	0.192	7.874	-24.231	13.611	75.49	14.21	-22.99	-21.480	41.560	-45.193	0.75751	0.61053	-0.04126	-0.22720	25.5	null	null	13113	60
2026-05-27T16:02:19.133	WT901BLE68(F3:F0:16:BF:DC:AE)	-0.386	1.020	0.311	-3.784	46.448	25.208	76.77	12.82	-18.47	-24.187	40.567	-48.313	0.75751	0.61053	-0.04126	-0.22720	25.5	null	null	13113	60
2026-05-27T16:02:19.258	WT901BLE68(F3:F0:16:BF:DC:AE)	-0.302	0.836	0.239	2.258	4.944	-24.902	77.32	13.77	-15.89	-24.187	40.567	-48.313	0.75751	0.61053	-0.04126	-0.22720	25.5	null	null	13113	60
2026-05-27T16:02:19.344	WT901BLE68(F3:F0:16:BF:DC:AE)	-0.220	1.022	0.237	0.183	15.198	22.034	77.12	13.92	-17.07	-24.187	40.567	-48.313	0.75751	0.61053	-0.04126	-0.22720	25.5	null	null	13113	60
2026-05-27T16:02:19.464	WT901BLE68(F3:F0:16:BF:DC:AE)	-0.111	0.936	0.184	-3.357	-21.851	22.705	76.64	11.93	-16.66	-24.187	40.567	-48.313	0.75729	0.62701	0.00323	-0.18225	25.5	null	null	13113	60
2026-05-27T16:02:19.557	WT901BLE68(F3:F0:16:BF:DC:AE)	-0.164	1.024	0.222	-7.629	37.476	4.517	76.64	10.49	-14.88	-24.187	40.567	-48.313	0.75729	0.62701	0.00323	-0.18225	25.5	null	null	13113	60
2026-05-27T16:02:19.675	WT901BLE68(F3:F0:16:BF:DC:AE)	-0.220	0.958	0.163	0.427	67.871	-14.465	77.20	12.89	-9.65	-24.187	40.567	-48.313	0.75729	0.62701	0.00323	-0.18225	25.5	null	null	13113	60
2026-05-27T16:02:19.734	WT901BLE68(F3:F0:16:BF:DC:AE)	-0.304	0.950	0.173	7.324	-0.183	-0.122	78.56	14.01	-6.54	-24.187	40.567	-48.313	0.75729	0.62701	0.00323	-0.18225	25.5	null	null	13113	60
2026-05-27T16:02:19.854	WT901BLE68(F3:F0:16:BF:DC:AE)	-0.271	0.949	0.251	5.127	12.451	0.305	79.36	14.05	-6.30	-24.187	40.567	-48.313	0.75729	0.62701	0.00323	-0.18225	25.5	null	null	13113	60
2026-05-27T16:02:19.946	WT901BLE68(F3:F0:16:BF:DC:AE)	-0.254	0.958	0.218	-9.094	-8.179	-3.174	78.82	14.31	-6.51	-24.187	40.567	-48.313	0.75729	0.62701	0.00323	-0.18225	25.5	null	null	13113	60
2026-05-27T16:02:20.067	WT901BLE68(F3:F0:16:BF:DC:AE)	-0.277	0.953	0.169	-4.150	10.925	-1.282	78.02	14.66	-6.38	-24.187	40.567	-48.313	0.75729	0.62701	0.00323	-0.18225	25.5	null	null	13113	60
2026-05-27T16:02:20.157	WT901BLE68(F3:F0:16:BF:DC:AE)	-0.287	0.946	0.178	5.493	-11.719	6.470	78.15	14.20	-6.92	-17.100	40.820	-44.893	0.75729	0.62701	0.00323	-0.18225	25.5	null	null	13113	60
2026-05-27T16:02:20.275	WT901BLE68(F3:F0:16:BF:DC:AE)	-0.292	0.949	0.216	4.089	-32.898	0.732	78.22	13.44	-9.34	-17.100	40.820	-44.893	0.75729	0.62701	0.00323	-0.18225	25.5	null	null	13113	60
2026-05-27T16:02:20.331	WT901BLE68(F3:F0:16:BF:DC:AE)	-0.251	0.958	0.218	-2.075	-17.212	-13.245	77.60	13.91	-11.91	-17.100	40.820	-44.893	0.76169	0.63025	0.03168	-0.14667	25.5	null	null	13113	60
2026-05-27T16:02:20.489	WT901BLE68(F3:F0:16:BF:DC:AE)	-0.200	0.984	0.222	-6.409	-15.381	-14.587	76.61	14.92	-14.04	-17.100	40.820	-44.893	0.76169	0.63025	0.03168	-0.14667	25.5	null	null	13113	60
2026-05-27T16:02:20.543	WT901BLE68(F3:F0:16:BF:DC:AE)	-0.209	0.932	0.200	-9.277	11.902	-9.888	75.76	16.01	-14.30	-17.100	40.820	-44.893	0.76169	0.63025	0.03168	-0.14667	25.5	null	null	13113	60
2026-05-27T16:02:20.668	WT901BLE68(F3:F0:16:BF:DC:AE)	-0.268	0.906	0.185	-2.319	9.216	6.470	75.68	16.17	-13.08	-17.100	40.820	-44.893	0.76169	0.63025	0.03168	-0.14667	25.5	null	null	13113	60
2026-05-27T16:02:20.753	WT901BLE68(F3:F0:16:BF:DC:AE)	-0.273	0.949	0.218	3.601	3.540	10.803	76.20	15.15	-12.45	-17.100	40.820	-44.893	0.76169	0.63025	0.03168	-0.14667	25.5	null	null	13113	60
2026-05-27T16:02:20.876	WT901BLE68(F3:F0:16:BF:DC:AE)	-0.287	0.954	0.244	1.343	5.249	1.526	76.67	14.82	-11.79	-17.100	40.820	-44.893	0.76169	0.63025	0.03168	-0.14667	25.5	null	null	13113	60
2026-05-27T16:02:20.964	WT901BLE68(F3:F0:16:BF:DC:AE)	-0.268	0.928	0.244	0.183	5.920	-0.122	76.82	15.02	-11.14	-17.100	40.820	-44.893	0.76169	0.63025	0.03168	-0.14667	25.5	null	null	13113	60
2026-05-27T16:02:21.084	WT901BLE68(F3:F0:16:BF:DC:AE)	-0.268	0.948	0.242	-1.160	-5.127	1.221	76.75	14.89	-11.28	-19.747	41.580	-45.700	0.76169	0.63025	0.03168	-0.14667	25.5	null	null	13113	60
2026-05-27T16:02:21.147	WT901BLE68(F3:F0:16:BF:DC:AE)	-0.257	0.935	0.220	-3.296	-1.648	-2.563	76.37	14.97	-11.65	-19.747	41.580	-45.700	0.76169	0.63025	0.03168	-0.14667	25.5	null	null	13113	60
2026-05-27T16:02:21.264	WT901BLE68(F3:F0:16:BF:DC:AE)	-0.249	0.942	0.218	-0.610	0.671	-0.977	76.14	15.18	-11.72	-19.747	41.580	-45.700	0.76724	0.61984	0.03976	-0.15952	25.5	null	null	13113	60
2026-05-27T16:02:21.354	WT901BLE68(F3:F0:16:BF:DC:AE)	-0.274	0.920	0.254	2.075	-1.282	2.197	76.31	15.21	-11.55	-19.747	41.580	-45.700	0.76724	0.61984	0.03976	-0.15952	25.5	null	null	13113	60
2026-05-27T16:02:21.477	WT901BLE68(F3:F0:16:BF:DC:AE)	-0.261	0.930	0.234	-3.723	1.099	1.648	76.09	14.82	-11.94	-19.747	41.580	-45.700	0.76724	0.61984	0.03976	-0.15952	25.5	null	null	13113	60
2026-05-27T16:02:21.563	WT901BLE68(F3:F0:16:BF:DC:AE)	-0.283	0.973	0.218	-1.648	6.042	-4.456	75.85	15.08	-11.48	-19.747	41.580	-45.700	0.76724	0.61984	0.03976	-0.15952	25.5	null	null	13113	60
2026-05-27T16:02:21.685	WT901BLE68(F3:F0:16:BF:DC:AE)	-0.236	0.941	0.235	0.732	-2.380	-2.136	75.88	15.51	-11.61	-19.747	41.580	-45.700	0.76724	0.61984	0.03976	-0.15952	25.5	null	null	13113	60
2026-05-27T16:02:21.773	WT901BLE68(F3:F0:16:BF:DC:AE)	-0.292	0.920	0.236	-0.977	11.353	2.441	76.08	15.64	-11.01	-19.747	41.580	-45.700	0.76724	0.61984	0.03976	-0.15952	25.5	null	null	13113	60
2026-05-27T16:02:21.898	WT901BLE68(F3:F0:16:BF:DC:AE)	-0.299	0.946	0.244	1.343	3.296	3.235	76.23	15.45	-10.38	-19.747	41.580	-45.700	0.76724	0.61984	0.03976	-0.15952	25.5	null	null	13113	60
2026-05-27T16:02:21.951	WT901BLE68(F3:F0:16:BF:DC:AE)	-0.269	0.940	0.240	0.427	-11.658	-2.380	76.22	15.37	-10.80	-19.553	42.100	-44.640	0.76724	0.61984	0.03976	-0.15952	25.5	null	null	13113	60
2026-05-27T16:02:22.077	WT901BLE68(F3:F0:16:BF:DC:AE)	-0.258	0.937	0.225	0.488	-4.700	-1.099	76.00	15.42	-11.73	-19.553	42.100	-44.640	0.76724	0.61984	0.03976	-0.15952	25.5	null	null	13113	60
2026-05-27T16:02:22.162	WT901BLE68(F3:F0:16:BF:DC:AE)	-0.269	0.940	0.238	0.793	1.038	0.793	76.05	15.39	-11.89	-19.553	42.100	-44.640	0.76819	0.61758	0.04181	-0.16306	25.5	null	null	13113	60
2026-05-27T16:02:22.288	WT901BLE68(F3:F0:16:BF:DC:AE)	-0.280	0.944	0.237	-0.732	-4.761	-0.977	76.03	15.33	-12.04	-19.553	42.100	-44.640	0.76819	0.61758	0.04181	-0.16306	25.5	null	null	13113	60
2026-05-27T16:02:22.375	WT901BLE68(F3:F0:16:BF:DC:AE)	-0.253	0.938	0.222	-0.488	-1.465	-2.075	75.82	15.41	-12.48	-19.553	42.100	-44.640	0.76819	0.61758	0.04181	-0.16306	25.5	null	null	13113	60
2026-05-27T16:02:22.498	WT901BLE68(F3:F0:16:BF:DC:AE)	-0.256	0.941	0.231	0.244	3.540	0.610	75.86	15.46	-12.44	-19.553	42.100	-44.640	0.76819	0.61758	0.04181	-0.16306	25.5	null	null	13113	60
2026-05-27T16:02:22.553	WT901BLE68(F3:F0:16:BF:DC:AE)	-0.270	0.937	0.238	0.061	0.488	0.610	75.95	15.42	-12.20	-19.553	42.100	-44.640	0.76819	0.61758	0.04181	-0.16306	25.5	null	null	13113	60
2026-05-27T16:02:22.680	WT901BLE68(F3:F0:16:BF:DC:AE)	-0.272	0.940	0.237	-0.732	0.000	0.000	75.95	15.42	-12.13	-19.553	42.100	-44.640	0.76819	0.61758	0.04181	-0.16306	25.5	null	null	13113	60
2026-05-27T16:02:22.762	WT901BLE68(F3:F0:16:BF:DC:AE)	-0.269	0.938	0.235	-0.305	-0.854	0.000	75.87	15.45	-12.20	-19.553	42.100	-44.640	0.76819	0.61758	0.04181	-0.16306	25.5	null	null	13113	60
2026-05-27T16:02:22.885	WT901BLE68(F3:F0:16:BF:DC:AE)	-0.272	0.939	0.236	0.366	-2.136	0.061	75.84	15.41	-12.35	-20.507	41.713	-44.527	0.76819	0.61758	0.04181	-0.16306	25.5	null	null	13113	60
2026-05-27T16:02:22.981	WT901BLE68(F3:F0:16:BF:DC:AE)	-0.272	0.935	0.243	0.549	-2.502	-0.305	75.83	15.37	-12.59	-20.507	41.713	-44.527	0.76819	0.61758	0.04181	-0.16306	25.5	null	null	13113	60
2026-05-27T16:02:23.094	WT901BLE68(F3:F0:16:BF:DC:AE)	-0.280	0.941	0.244	0.366	-6.104	-1.282	75.76	15.34	-13.04	-20.507	41.713	-44.527	0.76794	0.61685	0.03757	-0.16797	25.5	null	null	13113	60
2026-05-27T16:02:23.185	WT901BLE68(F3:F0:16:BF:DC:AE)	-0.260	0.936	0.235	0.305	-4.761	-1.953	75.57	15.36	-13.68	-20.507	41.713	-44.527	0.76794	0.61685	0.03757	-0.16797	25.5	null	null	13113	60
2026-05-27T16:02:23.304	WT901BLE68(F3:F0:16:BF:DC:AE)	-0.256	0.938	0.240	1.465	-3.845	-0.488	75.54	15.37	-14.08	-20.507	41.713	-44.527	0.76794	0.61685	0.03757	-0.16797	25.5	null	null	13113	60
2026-05-27T16:02:23.364	WT901BLE68(F3:F0:16:BF:DC:AE)	-0.258	0.934	0.250	0.916	-2.625	-0.305	75.59	15.28	-14.40	-20.507	41.713	-44.527	0.76794	0.61685	0.03757	-0.16797	25.5	null	null	13113	60
2026-05-27T16:02:23.485	WT901BLE68(F3:F0:16:BF:DC:AE)	-0.264	0.934	0.241	0.000	-1.953	-0.732	75.55	15.28	-14.60	-20.507	41.713	-44.527	0.76794	0.61685	0.03757	-0.16797	25.5	null	null	13113	60
2026-05-27T16:02:23.574	WT901BLE68(F3:F0:16:BF:DC:AE)	-0.258	0.938	0.236	0.061	0.122	-0.793	75.51	15.34	-14.68	-20.507	41.713	-44.527	0.76794	0.61685	0.03757	-0.16797	25.5	null	null	13113	60
2026-05-27T16:02:23.697	WT901BLE68(F3:F0:16:BF:DC:AE)	-0.268	0.939	0.236	0.061	4.150	0.427	75.59	15.39	-14.44	-20.507	41.713	-44.527	0.76794	0.61685	0.03757	-0.16797	25.5	null	null	13113	60
2026-05-27T16:02:23.784	WT901BLE68(F3:F0:16:BF:DC:AE)	-0.278	0.940	0.241	-0.549	4.211	-0.183	75.67	15.47	-14.05	-21.653	41.113	-44.707	0.76794	0.61685	0.03757	-0.16797	25.5	null	null	13113	60
2026-05-27T16:02:23.906	WT901BLE68(F3:F0:16:BF:DC:AE)	-0.271	0.939	0.239	-0.732	0.671	-0.488	75.65	15.56	-13.80	-21.653	41.113	-44.707	0.76794	0.61685	0.03757	-0.16797	25.5	null	null	13113	60
2026-05-27T16:02:23.962	WT901BLE68(F3:F0:16:BF:DC:AE)	-0.264	0.933	0.233	0.793	-3.113	0.366	75.62	15.56	-13.86	-21.653	41.113	-44.707	0.76706	0.61584	0.03357	-0.17636	25.5	null	null	13113	60
2026-05-27T16:02:24.086	WT901BLE68(F3:F0:16:BF:DC:AE)	-0.273	0.936	0.243	0.244	0.366	2.319	75.70	15.41	-13.76	-21.653	41.113	-44.707	0.76706	0.61584	0.03357	-0.17636	25.5	null	null	13113	60
2026-05-27T16:02:24.179	WT901BLE68(F3:F0:16:BF:DC:AE)	-0.276	0.939	0.243	-0.427	0.061	1.099	75.74	15.29	-13.61	-21.653	41.113	-44.707	0.76706	0.61584	0.03357	-0.17636	25.5	null	null	13113	60
2026-05-27T16:02:24.293	WT901BLE68(F3:F0:16:BF:DC:AE)	-0.274	0.936	0.237	0.000	-2.319	0.000	75.68	15.25	-13.64	-21.653	41.113	-44.707	0.76706	0.61584	0.03357	-0.17636	25.5	null	null	13113	60
2026-05-27T16:02:24.386	WT901BLE68(F3:F0:16:BF:DC:AE)	-0.255	0.940	0.232	-0.061	-1.160	-0.244	75.62	15.27	-13.84	-21.653	41.113	-44.707	0.76706	0.61584	0.03357	-0.17636	25.5	null	null	13113	60
2026-05-27T16:02:24.507	WT901BLE68(F3:F0:16:BF:DC:AE)	-0.266	0.937	0.236	0.183	2.991	0.366	75.68	15.29	-13.67	-21.653	41.113	-44.707	0.76706	0.61584	0.03357	-0.17636	25.5	null	null	13113	60
2026-05-27T16:02:24.594	WT901BLE68(F3:F0:16:BF:DC:AE)	-0.276	0.940	0.240	0.610	1.465	1.160	75.81	15.28	-13.41	-21.040	41.227	-45.087	0.76706	0.61584	0.03357	-0.17636	25.5	null	null	13113	60
2026-05-27T16:02:24.718	WT901BLE68(F3:F0:16:BF:DC:AE)	-0.265	0.936	0.235	2.747	-4.028	-1.160	75.93	15.29	-13.63	-21.040	41.227	-45.087	0.76706	0.61584	0.03357	-0.17636	25.5	null	null	13113	60
2026-05-27T16:02:24.772	WT901BLE68(F3:F0:16:BF:DC:AE)	-0.250	0.944	0.240	1.343	-1.099	0.366	76.05	15.24	-13.93	-21.040	41.227	-45.087	0.76514	0.61859	0.02982	-0.17578	25.5	null	null	13113	60
2026-05-27T16:02:24.897	WT901BLE68(F3:F0:16:BF:DC:AE)	-0.265	0.938	0.233	0.427	-1.465	0.977	76.09	15.16	-13.94	-21.040	41.227	-45.087	0.76514	0.61859	0.02982	-0.17578	25.5	null	null	13113	60
2026-05-27T16:02:24.983	WT901BLE68(F3:F0:16:BF:DC:AE)	-0.260	0.942	0.236	-0.305	-2.930	-0.244	76.04	15.10	-14.14	-21.040	41.227	-45.087	0.76514	0.61859	0.02982	-0.17578	25.5	null	null	13113	60
2026-05-27T16:02:25.108	WT901BLE68(F3:F0:16:BF:DC:AE)	-0.260	0.942	0.227	-0.793	-1.770	0.366	75.89	15.01	-14.39	-21.040	41.227	-45.087	0.76514	0.61859	0.02982	-0.17578	25.5	null	null	13113	60
2026-05-27T16:02:25.197	WT901BLE68(F3:F0:16:BF:DC:AE)	-0.259	0.940	0.229	-0.549	0.732	0.000	75.83	14.99	-14.42	-21.040	41.227	-45.087	0.76514	0.61859	0.02982	-0.17578	25.5	null	null	13113	60
2026-05-27T16:02:25.312	WT901BLE68(F3:F0:16:BF:DC:AE)	-0.265	0.945	0.241	-0.488	1.831	0.061	75.86	15.00	-14.25	-21.040	41.227	-45.087	0.76514	0.61859	0.02982	-0.17578	25.5	null	null	13113	60
2026-05-27T16:02:25.377	WT901BLE68(F3:F0:16:BF:DC:AE)	-0.256	0.933	0.229	-1.709	0.061	-1.038	75.72	15.03	-14.27	-21.040	41.227	-45.087	0.76514	0.61859	0.02982	-0.17578	25.5	null	null	13113	60
2026-05-27T16:02:25.494	WT901BLE68(F3:F0:16:BF:DC:AE)	-0.257	0.934	0.225	1.282	-1.160	-0.671	75.73	15.15	-14.17	-21.040	41.227	-45.087	0.76514	0.61859	0.02982	-0.17578	25.5	null	null	13113	60
2026-05-27T16:02:25.582	WT901BLE68(F3:F0:16:BF:DC:AE)	-0.274	0.941	0.249	1.404	-1.892	0.671	75.93	15.10	-14.22	-21.540	41.080	-45.947	0.76514	0.61859	0.02982	-0.17578	25.5	null	null	13113	60
2026-05-27T16:02:25.708	WT901BLE68(F3:F0:16:BF:DC:AE)	-0.265	0.940	0.240	0.061	-9.399	-0.671	75.74	14.97	-14.87	-21.540	41.080	-45.947	0.76514	0.61859	0.02982	-0.17578	25.5	null	null	13113	60
2026-05-27T16:02:25.793	WT901BLE68(F3:F0:16:BF:DC:AE)	-0.249	0.942	0.225	0.549	-3.967	-0.366	75.59	14.89	-15.50	-21.540	41.080	-45.947	0.76569	0.61627	0.02130	-0.18262	25.5	null	null	13113	60
2026-05-27T16:02:25.916	WT901BLE68(F3:F0:16:BF:DC:AE)	-0.250	0.941	0.238	1.404	-0.793	0.244	75.68	14.79	-15.70	-21.540	41.080	-45.947	0.76569	0.61627	0.02130	-0.18262	25.5	null	null	13113	60
2026-05-27T16:02:26.003	WT901BLE68(F3:F0:16:BF:DC:AE)	-0.250	0.943	0.242	-0.671	3.235	0.122	75.75	14.79	-15.47	-21.540	41.080	-45.947	0.76569	0.61627	0.02130	-0.18262	25.5	null	null	13113	60
2026-05-27T16:02:26.126	WT901BLE68(F3:F0:16:BF:DC:AE)	-0.253	0.935	0.235	-0.671	5.371	0.610	75.78	14.84	-15.00	-21.540	41.080	-45.947	0.76569	0.61627	0.02130	-0.18262	25.5	null	null	13113	60
2026-05-27T16:02:26.184	WT901BLE68(F3:F0:16:BF:DC:AE)	-0.264	0.948	0.237	-1.404	6.653	-0.183	75.84	14.95	-14.32	-21.540	41.080	-45.947	0.76569	0.61627	0.02130	-0.18262	25.5	null	null	13113	60
2026-05-27T16:02:26.307	WT901BLE68(F3:F0:16:BF:DC:AE)	-0.278	0.935	0.235	0.916	4.211	0.061	75.93	15.12	-13.76	-21.540	41.080	-45.947	0.76569	0.61627	0.02130	-0.18262	25.5	null	null	13113	60
2026-05-27T16:02:26.395	WT901BLE68(F3:F0:16:BF:DC:AE)	-0.254	0.939	0.245	-1.160	-2.686	-0.549	75.86	15.03	-13.98	-21.540	41.080	-45.947	0.76569	0.61627	0.02130	-0.18262	25.5	null	null	13113	60
2026-05-27T16:02:26.515	WT901BLE68(F3:F0:16:BF:DC:AE)	-0.274	0.940	0.242	0.000	-0.061	1.465	75.82	14.97	-13.93	-21.860	41.167	-45.507	0.76569	0.61627	0.02130	-0.18262	25.5	null	null	13113	60
2026-05-27T16:02:26.605	WT901BLE68(F3:F0:16:BF:DC:AE)	-0.265	0.932	0.233	-1.099	-1.282	-1.343	75.70	14.97	-14.04	-21.860	41.167	-45.507	0.76569	0.61627	0.02130	-0.18262	25.5	null	null	13113	60
2026-05-27T16:02:26.725	WT901BLE68(F3:F0:16:BF:DC:AE)	-0.258	0.945	0.233	0.488	-0.793	-0.916	75.68	15.10	-14.14	-21.860	41.167	-45.507	0.76724	0.61615	0.02792	-0.17557	25.5	null	null	13113	60
2026-05-27T16:02:26.784	WT901BLE68(F3:F0:16:BF:DC:AE)	-0.257	0.938	0.238	0.488	1.892	0.244	75.75	15.18	-14.08	-21.860	41.167	-45.507	0.76724	0.61615	0.02792	-0.17557	25.5	null	null	13113	60
2026-05-27T16:02:26.906	WT901BLE68(F3:F0:16:BF:DC:AE)	-0.270	0.940	0.238	-0.305	2.258	0.305	75.84	15.17	-13.83	-21.860	41.167	-45.507	0.76724	0.61615	0.02792	-0.17557	25.5	null	null	13113	60
2026-05-27T16:02:26.994	WT901BLE68(F3:F0:16:BF:DC:AE)	-0.263	0.937	0.232	-0.366	1.465	0.183	75.83	15.20	-13.64	-21.860	41.167	-45.507	0.76724	0.61615	0.02792	-0.17557	25.5	null	null	13113	60
2026-05-27T16:02:27.115	WT901BLE68(F3:F0:16:BF:DC:AE)	-0.260	0.940	0.234	-0.671	3.723	0.061	75.88	15.25	-13.38	-21.860	41.167	-45.507	0.76724	0.61615	0.02792	-0.17557	25.5	null	null	13113	60
2026-05-27T16:02:27.203	WT901BLE68(F3:F0:16:BF:DC:AE)	-0.269	0.937	0.233	-1.099	6.470	0.122	75.94	15.33	-12.96	-21.860	41.167	-45.507	0.76724	0.61615	0.02792	-0.17557	25.5	null	null	13113	60
2026-05-27T16:02:27.325	WT901BLE68(F3:F0:16:BF:DC:AE)	-0.278	0.940	0.229	-0.854	2.747	-0.549	75.94	15.42	-12.53	-21.860	41.167	-45.507	0.76724	0.61615	0.02792	-0.17557	25.5	null	null	13113	60
2026-05-27T16:02:27.382	WT901BLE68(F3:F0:16:BF:DC:AE)	-0.267	0.936	0.235	0.183	2.625	0.183	75.96	15.53	-12.33	-20.840	41.207	-45.593	0.76724	0.61615	0.02792	-0.17557	25.5	null	null	13113	60
2026-05-27T16:02:27.535	WT901BLE68(F3:F0:16:BF:DC:AE)	-0.283	0.938	0.235	0.549	-0.488	0.488	76.04	15.53	-12.18	-20.840	41.207	-45.593	0.76724	0.61615	0.02792	-0.17557	25.5	null	null	13113	60
2026-05-27T16:02:27.592	WT901BLE68(F3:F0:16:BF:DC:AE)	-0.264	0.937	0.231	0.916	-5.798	-0.732	76.00	15.47	-12.61	-20.840	41.207	-45.593	0.76709	0.61819	0.03998	-0.16650	25.5	null	null	13113	60
2026-05-27T16:02:27.718	WT901BLE68(F3:F0:16:BF:DC:AE)	-0.288	0.933	0.220	3.052	-5.554	-0.244	76.03	15.39	-13.06	-20.840	41.207	-45.593	0.76709	0.61819	0.03998	-0.16650	25.5	null	null	13113	60
2026-05-27T16:02:27.800	WT901BLE68(F3:F0:16:BF:DC:AE)	-0.291	0.950	0.199	8.972	-9.949	-0.610	76.39	15.28	-13.94	-20.840	41.207	-45.593	0.76709	0.61819	0.03998	-0.16650	25.5	null	null	13113	60
2026-05-27T16:02:27.924	WT901BLE68(F3:F0:16:BF:DC:AE)	-0.276	0.910	0.207	10.925	-9.155	-1.709	77.23	15.40	-14.89	-20.840	41.207	-45.593	0.76709	0.61819	0.03998	-0.16650	25.5	null	null	13113	60
2026-05-27T16:02:28.013	WT901BLE68(F3:F0:16:BF:DC:AE)	-0.301	0.965	0.208	4.456	0.305	1.099	77.87	15.31	-15.29	-20.840	41.207	-45.593	0.76709	0.61819	0.03998	-0.16650	25.5	null	null	13113	60
2026-05-27T16:02:28.132	WT901BLE68(F3:F0:16:BF:DC:AE)	-0.292	0.943	0.201	2.441	-6.348	-1.709	78.12	15.50	-15.36	-20.840	41.207	-45.593	0.76709	0.61819	0.03998	-0.16650	25.5	null	null	13113	60
2026-05-27T16:02:28.190	WT901BLE68(F3:F0:16:BF:DC:AE)	-0.292	0.950	0.197	-0.305	-7.690	2.319	78.03	15.36	-16.03	-23.313	39.940	-47.833	0.76709	0.61819	0.03998	-0.16650	25.5	null	null	13113	60
2026-05-27T16:02:28.315	WT901BLE68(F3:F0:16:BF:DC:AE)	-0.314	0.994	0.189	-2.441	-4.028	3.296	77.67	14.99	-16.53	-23.313	39.940	-47.833	0.76709	0.61819	0.03998	-0.16650	25.5	null	null	13113	60
2026-05-27T16:02:28.403	WT901BLE68(F3:F0:16:BF:DC:AE)	-0.271	0.924	0.221	0.000	-18.616	-7.996	77.39	15.25	-17.39	-23.313	39.940	-47.833	0.76709	0.61819	0.03998	-0.16650	25.5	null	null	13113	60
2026-05-27T16:02:28.524	WT901BLE68(F3:F0:16:BF:DC:AE)	-0.287	0.949	0.272	-7.935	-15.259	-1.709	76.59	15.34	-18.95	-23.313	39.940	-47.833	0.75189	0.62753	0.00748	-0.20172	25.5	null	null	13113	60
2026-05-27T16:02:28.616	WT901BLE68(F3:F0:16:BF:DC:AE)	-0.276	0.920	0.228	-12.268	-31.433	-3.967	74.87	15.14	-21.26	-23.313	39.940	-47.833	0.75189	0.62753	0.00748	-0.20172	25.5	null	null	13113	60
2026-05-27T16:02:28.732	WT901BLE68(F3:F0:16:BF:DC:AE)	-0.171	0.927	0.271	-11.780	-34.363	-0.854	73.09	14.49	-24.26	-23.313	39.940	-47.833	0.75189	0.62753	0.00748	-0.20172	25.5	null	null	13113	60
2026-05-27T16:02:28.824	WT901BLE68(F3:F0:16:BF:DC:AE)	-0.226	0.924	0.265	0.244	-25.146	1.038	72.14	13.92	-26.14	-23.313	39.940	-47.833	0.75189	0.62753	0.00748	-0.20172	25.5	null	null	13113	60
2026-05-27T16:02:28.943	WT901BLE68(F3:F0:16:BF:DC:AE)	-0.207	0.935	0.318	0.488	-43.518	-2.747	71.75	12.96	-29.32	-23.313	39.940	-47.833	0.75189	0.62753	0.00748	-0.20172	25.5	null	null	13113	60
2026-05-27T16:02:29.003	WT901BLE68(F3:F0:16:BF:DC:AE)	-0.192	0.950	0.311	-22.339	-11.047	-1.343	70.31	12.19	-31.60	-23.313	39.940	-47.833	0.75189	0.62753	0.00748	-0.20172	25.5	null	null	13113	60
2026-05-27T16:02:29.122	WT901BLE68(F3:F0:16:BF:DC:AE)	-0.159	0.940	0.260	-24.170	44.128	-14.465	68.31	13.44	-29.95	-23.313	39.940	-47.833	0.75189	0.62753	0.00748	-0.20172	25.5	null	null	13113	60
2026-05-27T16:02:29.213	WT901BLE68(F3:F0:16:BF:DC:AE)	-0.034	0.908	0.480	-15.381	37.598	-12.146	67.51	16.19	-26.66	-30.773	41.540	-41.460	0.75189	0.62753	0.00748	-0.20172	25.5	null	null	13113	60
2026-05-27T16:02:29.336	WT901BLE68(F3:F0:16:BF:DC:AE)	-0.333	0.864	0.340	0.427	65.430	14.709	68.40	18.18	-19.97	-30.773	41.540	-41.460	0.75189	0.62753	0.00748	-0.20172	25.5	null	null	13113	60
2026-05-27T16:02:29.424	WT901BLE68(F3:F0:16:BF:DC:AE)	-0.323	0.897	0.328	11.536	3.052	20.813	69.72	16.74	-17.36	-30.773	41.540	-41.460	0.78992	0.57309	0.03781	-0.21460	25.5	null	null	13113	60
