sep=,
DeviceTag:,D_Leg
FirmwareVersion:,2.2.1
AppVersion:,2023.6.0
SyncStatus:,Synced
OutputRate:,30Hz
FilterProfile:,General
Measurement Mode:,Sensor fusion Mode - Complete(Quaternion)
StartTime: ,2026-09-07_17:32:30_927 AEST
© Movella Technologies B. V. 2005-2026

PacketCounter,SampleTimeFine,Quat_W,Quat_X,Quat_Y,Quat_Z,FreeAcc_X,FreeAcc_Y,FreeAcc_Z
1,653569686,-0.593785,-0.230616,0.744755,-0.199058,-0.251644,-0.300737,0.052597
2,653603020,-0.594149,-0.230186,0.745138,-0.197027,0.196949,-0.468168,0.078251
3,653636354,-0.594369,-0.230087,0.745784,-0.194009,0.020139,-0.595803,0.197531
4,653669688,-0.594913,-0.229178,0.746765,-0.189593,-0.117561,-0.431503,0.139296
5,653703022,-0.596116,-0.227998,0.747311,-0.185032,-0.177036,-0.449462,0.235712
6,653736356,-0.597804,-0.226193,0.747866,-0.179475,-0.137572,-0.177798,0.184475
7,653769690,-0.599962,-0.223929,0.748300,-0.173196,-0.142271,-0.223774,0.213406
8,653803024,-0.602607,-0.221503,0.748362,-0.166743,-0.220199,-0.401710,0.075034
9,653836358,-0.605413,-0.219597,0.748039,-0.160432,0.017927,-0.179761,0.072808
10,653869692,-0.608148,-0.217786,0.747827,-0.153389,-0.145605,-0.298082,0.158780
11,653903026,-0.611050,-0.216405,0.747210,-0.146671,-0.096466,-0.246661,0.282176
12,653936360,-0.614210,-0.215994,0.745749,-0.141415,-0.213102,-0.106573,0.176660
13,653969694,-0.617442,-0.216010,0.744050,-0.136170,0.093187,0.301726,0.201494
14,654003028,-0.620991,-0.215486,0.742344,-0.130032,0.185915,0.302366,0.158424
15,654036362,-0.624752,-0.213906,0.740842,-0.123002,0.411753,0.157316,0.136920
16,654069696,-0.628815,-0.211166,0.739476,-0.114997,0.445371,-0.135995,0.084359
17,654103030,-0.632464,-0.208680,0.738199,-0.107481,0.320784,-0.313409,0.176032
18,654136364,-0.635125,-0.207435,0.737114,-0.101483,0.309561,-0.171553,0.149009
19,654169698,-0.637426,-0.206646,0.736112,-0.095772,0.219200,-0.085328,0.056766
20,654203032,-0.639423,-0.206010,0.735248,-0.090310,0.203654,0.067524,0.146379
21,654236366,-0.641273,-0.205116,0.734506,-0.085120,0.208864,0.271247,0.114361
22,654269700,-0.643236,-0.203801,0.733728,-0.080018,0.060976,0.227343,0.064738
23,654303034,-0.645199,-0.202194,0.732973,-0.075060,0.158008,0.387436,0.131846
24,654336368,-0.647423,-0.200151,0.732105,-0.069657,0.111493,0.214967,0.050257
25,654369702,-0.649761,-0.198106,0.731076,-0.064343,-0.063749,-0.116371,0.112569
26,654403036,-0.651580,-0.197176,0.730015,-0.060758,-0.071110,0.009042,0.099950
27,654436370,-0.653287,-0.196595,0.728891,-0.057721,-0.055941,0.243824,0.159295
28,654469704,-0.655076,-0.196008,0.727670,-0.054767,0.006304,0.336489,0.148172
29,654503038,-0.656892,-0.195394,0.726399,-0.052018,0.021421,0.328202,0.141685
30,654536372,-0.658340,-0.195164,0.725299,-0.049892,0.191087,0.291855,0.187248
31,654569706,-0.659828,-0.194801,0.724167,-0.048059,0.170050,0.262179,0.034588
32,654603040,-0.661349,-0.193801,0.723186,-0.045907,0.123102,0.060833,0.122640
33,654636374,-0.662814,-0.192497,0.722315,-0.043951,0.121958,0.092842,0.154326
34,654669708,-0.664192,-0.191206,0.721488,-0.042345,0.014716,0.128603,0.086165
35,654703042,-0.665243,-0.190280,0.720826,-0.041267,0.043522,0.229829,0.072000
36,654736376,-0.666184,-0.189429,0.720236,-0.040292,0.011065,0.251137,0.025667
37,654769710,-0.666875,-0.188461,0.719903,-0.039337,0.105426,0.165841,0.197523
38,654803044,-0.667510,-0.187517,0.719600,-0.038612,0.034782,0.126109,0.070458
39,654836378,-0.667923,-0.186795,0.719424,-0.038251,-0.048106,0.107205,0.006819
40,654869712,-0.668006,-0.186341,0.719460,-0.038345,-0.006288,0.182306,0.055174
41,654903046,-0.668017,-0.185624,0.719636,-0.038318,0.036193,0.200459,0.110086
42,654936380,-0.667975,-0.184670,0.719925,-0.038241,0.052890,0.101152,0.122992
43,654969714,-0.667863,-0.183724,0.720264,-0.038388,0.006259,0.227881,0.008806
44,655003048,-0.667603,-0.182607,0.720777,-0.038579,-0.004464,0.248625,0.041833
45,655036382,-0.667125,-0.181352,0.721531,-0.038687,0.090932,0.144277,0.059228
46,655069716,-0.666510,-0.179954,0.722454,-0.038586,0.223256,0.165342,0.059590
47,655103050,-0.665721,-0.178452,0.723558,-0.038505,0.164230,0.035874,0.045620
48,655136384,-0.664562,-0.177308,0.724861,-0.039289,0.324258,-0.018384,0.096348
49,655169718,-0.663245,-0.176008,0.726339,-0.040088,0.335754,0.197885,0.171355
50,655203052,-0.661937,-0.174484,0.727868,-0.040623,0.107647,0.177927,0.006721
51,655236386,-0.660116,-0.173818,0.729552,-0.042851,0.053295,0.032189,0.242524
52,655269720,-0.658075,-0.173136,0.731408,-0.045290,0.158505,0.242402,0.244746
53,655303054,-0.656086,-0.172520,0.733185,-0.047715,-0.049767,0.275885,0.134849
54,655336388,-0.654038,-0.172265,0.734867,-0.050778,-0.126362,0.293809,0.094461
55,655369722,-0.651644,-0.172302,0.736736,-0.054223,0.027474,0.278115,0.186977
56,655403056,-0.649161,-0.172493,0.738603,-0.057874,-0.091300,0.152312,0.175552
57,655436390,-0.646872,-0.172756,0.740232,-0.061773,-0.161065,0.164883,0.093204
58,655469724,-0.644116,-0.173176,0.742147,-0.066259,-0.015552,-0.115296,0.309627
59,655503058,-0.640970,-0.173921,0.744186,-0.071723,0.009154,-0.228579,0.175676
60,655536392,-0.638330,-0.174903,0.745653,-0.077417,-0.272628,0.000873,0.106069
61,655569726,-0.635733,-0.176215,0.746937,-0.083208,-0.181299,0.262028,0.189428
62,655603060,-0.632921,-0.177521,0.748373,-0.088783,-0.049613,0.223583,0.160515
63,655636394,-0.630395,-0.178398,0.749659,-0.093994,-0.086922,0.141695,0.087187
64,655669728,-0.628457,-0.178656,0.750605,-0.098812,-0.172256,0.069899,0.236579
65,655703062,-0.626886,-0.178433,0.751430,-0.102841,-0.000076,0.124689,0.164015
66,655736396,-0.625476,-0.177577,0.752458,-0.105361,-0.204578,-0.410459,0.030888
67,655769730,-0.624067,-0.177336,0.753160,-0.109045,-0.367511,-0.734917,0.242023
68,655803064,-0.622902,-0.177948,0.753365,-0.113212,-0.261914,-0.250226,0.322897
69,655836398,-0.621615,-0.179333,0.753525,-0.116970,-0.248864,-0.156643,0.022740
70,655869732,-0.620221,-0.180598,0.753787,-0.120675,0.005593,-0.087901,0.160508
71,655903066,-0.619463,-0.180471,0.754033,-0.123200,0.016289,-0.234276,0.109845
72,655936400,-0.618856,-0.180004,0.754363,-0.124906,0.104441,-0.479575,0.079666
73,655969734,-0.618020,-0.180022,0.754729,-0.126787,0.149045,-0.368249,0.092901
74,656003068,-0.617545,-0.180442,0.754705,-0.128633,-0.077360,-0.419829,0.162690
75,656036402,-0.617189,-0.181512,0.754368,-0.130801,-0.140536,-0.197012,0.342973
76,656069736,-0.617343,-0.181916,0.753967,-0.131818,-0.158915,0.076944,0.041414
77,656103070,-0.617746,-0.181811,0.753643,-0.131927,-0.135996,-0.245806,0.198598
78,656136404,-0.618666,-0.181434,0.752994,-0.131839,-0.155346,-0.343604,0.249199
79,656169738,-0.620423,-0.180969,0.751866,-0.130655,-0.295262,-0.223343,0.210479
80,656203072,-0.622578,-0.180716,0.750417,-0.129075,-0.198488,-0.296594,0.189060
81,656236406,-0.624834,-0.181126,0.748639,-0.127922,0.034780,-0.558770,0.248038
82,656269740,-0.627545,-0.181344,0.746633,-0.126053,0.092955,-0.647508,0.263046
83,656303074,-0.631410,-0.180161,0.744266,-0.122392,0.111442,-0.646709,0.364006
84,656336408,-0.638264,-0.178224,0.739784,-0.116716,0.106710,-0.353465,0.584711
85,656369742,-0.646136,-0.175208,0.735035,-0.107623,0.056910,-0.037642,-0.431416
86,656403076,-0.651970,-0.172624,0.731708,-0.098928,0.721024,-0.507031,-0.349787
87,656436410,-0.656157,-0.169641,0.729812,-0.090011,0.611949,-1.276105,0.062701
88,656469744,-0.663397,-0.166067,0.725287,-0.079571,-0.144892,-0.339143,1.067856
89,656503078,-0.673924,-0.166221,0.716180,-0.073016,-1.483445,0.867489,0.028214
90,656536412,-0.678697,-0.169492,0.711431,-0.067511,0.321270,-0.199797,-0.419902
91,656569746,-0.681271,-0.167709,0.710037,-0.060326,1.055502,-0.957763,-0.119585
92,656603080,-0.683409,-0.165307,0.709202,-0.052026,0.990265,-1.066413,-0.072496
93,656636414,-0.684610,-0.163059,0.709092,-0.044238,0.512429,-0.341740,0.096939
94,656669748,-0.685809,-0.160212,0.709071,-0.035572,-0.398858,0.308025,-0.036704
95,656703082,-0.686885,-0.158615,0.708734,-0.027803,-0.960305,0.354634,0.246587
96,656736416,-0.688132,-0.159036,0.707607,-0.022837,-1.141016,0.641976,0.156361
97,656769750,-0.689532,-0.161615,0.705736,-0.020285,-0.707904,0.812705,0.168496
98,656803084,-0.690878,-0.164248,0.703888,-0.017322,-0.859054,0.314930,0.060422
99,656836418,-0.692268,-0.167264,0.701850,-0.015531,-0.862801,0.058946,0.399037
100,656869752,-0.693598,-0.171599,0.699472,-0.016211,-0.536170,0.267991,0.386302
101,656903086,-0.693959,-0.176322,0.697917,-0.017071,0.381115,0.032809,0.293732
102,656936420,-0.694070,-0.180852,0.696600,-0.018877,0.699203,-0.146904,0.236267
103,656969754,-0.693672,-0.185089,0.695834,-0.020599,0.428833,-0.247684,0.057838
104,657003088,-0.693572,-0.190610,0.694324,-0.024227,-0.684279,-0.333429,0.242608
105,657036422,-0.693152,-0.199647,0.691837,-0.033023,-0.822964,0.149750,0.153171
106,657069756,-0.692431,-0.208135,0.689574,-0.041878,-0.333984,0.418776,0.058362
107,657103090,-0.692184,-0.215608,0.686970,-0.050136,-0.022146,1.008027,-0.027133
108,657136424,-0.692636,-0.219953,0.684817,-0.054310,0.775847,0.688594,0.045689
109,657169758,-0.694559,-0.223395,0.681528,-0.057011,1.748220,2.780250,0.619346
110,657203092,-0.700456,-0.210743,0.680280,-0.047077,-0.392707,-2.366933,-0.470333
111,657236426,-0.702266,-0.208534,0.679336,-0.043436,0.225650,-0.435162,0.283536
112,657269760,-0.704336,-0.212874,0.675636,-0.046467,-0.226455,0.732398,0.832652
113,657303094,-0.706851,-0.219194,0.670597,-0.051616,-0.985993,0.020534,-0.256660
114,657336428,-0.707935,-0.225526,0.666918,-0.056871,-0.745878,-0.163818,0.067873
115,657369762,-0.708024,-0.230845,0.664571,-0.061689,0.340422,-0.455275,0.192255
116,657403096,-0.708494,-0.232051,0.663543,-0.062831,1.605297,-0.359234,0.238265
117,657436430,-0.710124,-0.229378,0.662927,-0.060702,1.774019,-0.354766,0.070456
118,657469764,-0.712203,-0.225506,0.662329,-0.057295,1.786540,0.222073,0.285522
119,657503098,-0.714634,-0.221134,0.661508,-0.053402,1.433164,0.113738,-0.016012
120,657536432,-0.716932,-0.217001,0.660643,-0.050185,0.986256,-0.500984,-0.167425
121,657569766,-0.719356,-0.213304,0.659371,-0.048005,0.521619,-0.024993,0.010594
122,657603100,-0.722337,-0.207231,0.658266,-0.044920,-0.166241,0.376381,-0.293182
123,657636434,-0.724686,-0.195514,0.659714,-0.037821,-0.716651,-0.653463,-0.340896
124,657669768,-0.724219,-0.186135,0.663120,-0.034368,-0.720262,-1.442015,-0.560315
125,657703102,-0.721125,-0.183908,0.666935,-0.037449,0.264385,0.142650,0.106296
126,657736436,-0.716517,-0.179997,0.672941,-0.037458,0.833039,-0.326282,-0.387661
127,657769770,-0.711094,-0.174717,0.680194,-0.034690,1.471568,-0.694159,-0.383638
128,657803104,-0.705548,-0.168540,0.687651,-0.031308,1.043715,-0.415520,0.099854
129,657836438,-0.699609,-0.161983,0.695398,-0.027893,0.943804,-0.030949,0.379762
130,657869772,-0.694308,-0.153883,0.702680,-0.023343,0.606504,0.350558,0.514814
131,657903106,-0.688874,-0.143004,0.710458,-0.017311,-0.001020,-0.168631,0.356091
132,657936440,-0.682388,-0.132758,0.718758,-0.012550,-0.063843,-0.868747,0.588771
133,657969774,-0.676400,-0.124492,0.725901,-0.010019,0.088433,-0.621162,0.144762
134,658003108,-0.670420,-0.117098,0.732668,-0.008397,0.138379,-0.700759,0.051709
135,658036442,-0.664260,-0.110921,0.739210,-0.008482,-0.433910,-1.563996,-0.215379
136,658069776,-0.656041,-0.106534,0.747091,-0.012797,-0.135001,-2.512258,0.001660
137,658103110,-0.647417,-0.105269,0.754523,-0.022670,-0.279201,-1.741488,0.140079
138,658136444,-0.640613,-0.103213,0.760267,-0.031688,-0.078480,0.063441,0.300484
139,658169778,-0.635392,-0.098631,0.764904,-0.038967,0.288433,0.297731,0.183818
140,658203112,-0.631212,-0.091051,0.769003,-0.044312,1.218998,-0.413961,-0.251632
141,658236446,-0.627244,-0.079331,0.773600,-0.043149,2.191800,-1.927466,-0.578571
142,658269780,-0.625079,-0.066707,0.776649,-0.041114,-0.053883,-3.079277,-0.520819
143,658303114,-0.625165,-0.064859,0.776207,-0.050122,-0.421663,5.611931,2.291052
144,658336448,-0.624845,-0.079047,0.774395,-0.060667,-0.781144,8.175778,3.337602
145,658369782,-0.622205,-0.095926,0.773510,-0.073409,-1.527674,-2.090051,0.098046
146,658403116,-0.623734,-0.107946,0.769412,-0.085774,-0.391301,-0.924587,-0.499150
147,658436450,-0.627845,-0.114934,0.764142,-0.093468,-0.073797,2.512882,-0.466984
148,658469784,-0.632256,-0.115922,0.760104,-0.095411,-2.096855,1.917277,0.426647
149,658503118,-0.636724,-0.116232,0.756253,-0.095925,-2.524508,-0.298925,-0.044211
150,658536452,-0.640687,-0.117980,0.752412,-0.097595,-0.658554,-0.718486,0.304790
151,658569786,-0.644175,-0.119237,0.749036,-0.099066,-0.078912,0.148278,-0.216897
152,658603120,-0.647626,-0.118736,0.746118,-0.099189,-0.479677,1.035309,0.088479
153,658636454,-0.651173,-0.117559,0.743388,-0.097855,-0.583441,0.704534,-0.033619
154,658669788,-0.654758,-0.117283,0.740331,-0.097444,-0.861884,0.298814,-0.068141
155,658703122,-0.657951,-0.117839,0.737434,-0.097228,-0.649580,-0.016319,0.151186
156,658736456,-0.659852,-0.119248,0.735490,-0.097347,-0.244666,-0.458013,0.008724
157,658769790,-0.660710,-0.121853,0.734163,-0.098321,-0.136486,0.495891,0.153021
158,658803124,-0.660858,-0.123048,0.733939,-0.097505,-0.181278,0.710643,-0.043138
159,658836458,-0.660435,-0.124380,0.734253,-0.096311,-0.912836,-0.603750,0.164125
160,658869792,-0.659717,-0.128281,0.734080,-0.097426,-2.209625,-2.515077,0.816922
161,658903126,-0.659393,-0.135727,0.732326,-0.102595,-0.144258,0.654745,0.245443
162,658936460,-0.660287,-0.141674,0.729975,-0.105516,1.238378,1.305087,-0.216782
163,658969794,-0.660671,-0.146763,0.728394,-0.107073,0.729806,0.202897,-0.046122
164,659003128,-0.660009,-0.149886,0.728215,-0.108044,0.315617,0.767630,0.033636
165,659036462,-0.660519,-0.149020,0.728398,-0.104839,-0.673515,-0.073557,0.235306
166,659069796,-0.662068,-0.148951,0.727506,-0.101304,-0.774649,-0.441506,0.042117
167,659103130,-0.662852,-0.150184,0.726792,-0.099465,0.000560,0.341960,0.302296
168,659136464,-0.662945,-0.151349,0.726735,-0.097475,-0.012258,0.232058,0.083644
169,659169798,-0.663125,-0.152896,0.726443,-0.096003,-0.297079,-0.247701,-0.015947
170,659203132,-0.663324,-0.154695,0.726055,-0.094674,-0.096683,-0.090412,0.161040
171,659236466,-0.663778,-0.155554,0.725698,-0.092805,0.025559,0.124442,0.207928
172,659269800,-0.664054,-0.156490,0.725512,-0.090687,0.142027,0.054927,0.100998
173,659303134,-0.664026,-0.158266,0.725304,-0.089458,0.149915,0.090662,0.141582
174,659336468,-0.664052,-0.159337,0.725251,-0.087774,0.196818,0.150492,0.081332
175,659369802,-0.664412,-0.158658,0.725476,-0.084361,0.198728,0.234492,0.153766
176,659403136,-0.665057,-0.157099,0.725710,-0.080080,-0.040978,0.298637,0.161081
177,659436470,-0.665620,-0.155529,0.725993,-0.075787,-0.044163,0.039275,0.233328
178,659469804,-0.665822,-0.154809,0.726287,-0.072597,-0.265353,-0.361665,-0.028310
179,659503138,-0.665734,-0.155382,0.726411,-0.070919,-0.074158,0.163697,0.225688
180,659536472,-0.665810,-0.155515,0.726521,-0.068752,0.090684,0.368429,0.226621
181,659569806,-0.665837,-0.154994,0.726862,-0.066004,0.308431,0.529814,0.178467
182,659603140,-0.666210,-0.152787,0.727373,-0.061614,0.114429,0.174339,0.164567
183,659636474,-0.666579,-0.149984,0.728028,-0.056573,0.213922,0.059291,0.134340
184,659669808,-0.667045,-0.146974,0.728612,-0.051199,0.498224,0.118737,0.144581
185,659703142,-0.667410,-0.143406,0.729383,-0.045255,0.446688,0.039713,0.408915
186,659736476,-0.667759,-0.140093,0.730009,-0.040088,0.106515,-0.195413,0.343417
187,659769810,-0.667617,-0.137606,0.730829,-0.035913,0.127700,0.088289,0.322744
188,659803144,-0.667795,-0.135086,0.731315,-0.032050,-0.677943,-0.018361,0.169566
189,659836478,-0.667777,-0.135513,0.731249,-0.032130,-0.793114,-0.415317,0.210065
190,659869812,-0.667611,-0.138556,0.730678,-0.035419,-0.788881,-0.324886,0.047287
191,659903146,-0.667444,-0.143506,0.729585,-0.040974,-0.336924,0.544711,0.088191
192,659936480,-0.668502,-0.147046,0.727633,-0.045614,-0.551954,0.672758,0.243579
193,659969814,-0.670832,-0.147461,0.725207,-0.048598,-0.474790,0.684482,0.313709
194,660003148,-0.674346,-0.145131,0.722342,-0.049636,-0.447709,0.507877,0.099028
195,660036482,-0.678550,-0.141673,0.719039,-0.050289,-0.534360,0.076069,-0.011442
196,660069816,-0.682935,-0.139122,0.715251,-0.052048,-0.436224,-0.022656,0.021192
197,660103150,-0.687017,-0.139487,0.710934,-0.056320,-0.488019,-0.333302,-0.052589
198,660136484,-0.690515,-0.143433,0.706158,-0.063286,-0.158391,0.087284,-0.112758
199,660169818,-0.693464,-0.148960,0.701416,-0.070581,0.379605,0.230192,0.079619
200,660203152,-0.695806,-0.154028,0.697338,-0.076796,0.782169,0.184222,-0.205729
201,660236486,-0.697827,-0.157092,0.694147,-0.081034,0.605453,0.251211,-0.207176
202,660269820,-0.699231,-0.158801,0.691999,-0.083920,0.542825,-0.098295,-0.225440
203,660303154,-0.699373,-0.159806,0.691400,-0.085753,0.549480,-0.450339,-0.486836
204,660336488,-0.697736,-0.162254,0.692082,-0.088933,1.099577,-0.944537,-0.232576
205,660369822,-0.695203,-0.166613,0.692932,-0.093945,0.561718,0.123147,0.457273
206,660403156,-0.693143,-0.171111,0.693126,-0.099493,-0.424495,0.805387,0.373780
207,660436490,-0.691579,-0.174720,0.693101,-0.104165,-0.302541,0.885765,0.438725
208,660469824,-0.690224,-0.177238,0.693231,-0.107961,-0.390720,0.441483,0.093388
209,660503158,-0.689091,-0.179108,0.693310,-0.111541,-0.139008,0.260245,0.022171
210,660536492,-0.688010,-0.180805,0.693346,-0.115193,0.062795,0.129445,0.042413
211,660569826,-0.686531,-0.182836,0.693618,-0.119113,0.246971,0.210007,0.207270
212,660603160,-0.684396,-0.184765,0.694553,-0.122912,0.209944,0.362456,0.101693
213,660636494,-0.682211,-0.186006,0.695760,-0.126320,0.052467,0.089809,0.222026
214,660669828,-0.679903,-0.187086,0.697017,-0.130178,-0.196456,-0.138660,0.167350
215,660703162,-0.677029,-0.189088,0.698281,-0.135382,0.358683,0.456246,-0.055281
216,660736496,-0.674158,-0.189429,0.700317,-0.138679,0.744325,0.495749,-0.228041
217,660769830,-0.671419,-0.187667,0.703076,-0.140391,0.504307,-0.108276,0.001828
218,660803164,-0.668563,-0.185708,0.706016,-0.141867,0.334845,-0.119749,0.239912
219,660836498,-0.665161,-0.184908,0.709039,-0.143809,-0.192422,-0.307794,0.395263
220,660869832,-0.661561,-0.184465,0.712041,-0.146136,-0.215440,0.391925,-0.084235
221,660903166,-0.659301,-0.182097,0.714705,-0.146315,-0.538520,-0.602023,0.425102
222,660936500,-0.656747,-0.180634,0.717268,-0.147071,-0.148767,-0.552491,0.306724
223,660969834,-0.654631,-0.180307,0.718886,-0.148990,-0.745863,-0.245772,0.333627
224,661003168,-0.652834,-0.179663,0.720367,-0.150492,-0.491213,0.020971,0.375726
225,661036502,-0.651758,-0.177535,0.721919,-0.150248,-0.411385,-0.767835,0.282404
226,661069836,-0.651072,-0.175887,0.722909,-0.150398,-0.007520,-0.399811,0.159529
227,661103170,-0.650600,-0.174185,0.723736,-0.150447,-0.223740,-0.088055,0.180880
228,661136504,-0.650090,-0.173918,0.723985,-0.151754,-0.291615,-0.120628,0.282240
229,661169838,-0.649270,-0.175054,0.723852,-0.154567,-0.123165,0.434561,0.007477
230,661203172,-0.648218,-0.175473,0.724352,-0.156154,0.097745,0.335245,0.099099
231,661236506,-0.647120,-0.175362,0.725072,-0.157490,-0.114968,-0.051578,0.257648
232,661269840,-0.646209,-0.175188,0.725639,-0.158803,-0.235792,-0.155488,0.197648
233,661303174,-0.645409,-0.175019,0.726201,-0.159674,0.175665,-0.180492,0.215587
234,661336508,-0.644523,-0.174634,0.727020,-0.159943,-0.051121,-0.472457,0.188370
235,661369842,-0.643736,-0.174765,0.727463,-0.160952,-0.116956,-0.114221,-0.002275
236,661403176,-0.643382,-0.174815,0.727750,-0.161016,0.048858,-0.232552,0.094605
237,661436510,-0.642602,-0.175167,0.728216,-0.161640,0.024155,-0.839699,0.260662
238,661469844,-0.641452,-0.177088,0.728331,-0.163587,0.313561,-0.052291,0.094117
239,661503178,-0.640468,-0.178349,0.728719,-0.164343,0.535563,0.078438,0.086748
240,661536512,-0.639441,-0.179062,0.729438,-0.164377,0.031893,-0.325484,0.271738
241,661569846,-0.638484,-0.180616,0.729678,-0.165329,-0.255868,0.073258,0.007410
242,661603180,-0.637813,-0.182514,0.729600,-0.166175,-0.450720,-0.007082,0.180293
243,661636514,-0.637543,-0.183946,0.729369,-0.166647,-0.360084,-0.142874,0.202217
244,661669848,-0.637393,-0.184662,0.729465,-0.166008,0.308500,-0.140264,0.125604
245,661703182,-0.637289,-0.184782,0.729916,-0.164284,0.296047,-0.538329,0.137695
246,661736516,-0.637107,-0.185842,0.729976,-0.163521,0.049208,-0.279874,0.130116
247,661769850,-0.636935,-0.187145,0.730034,-0.162446,-0.131245,-0.418481,0.168267
248,661803184,-0.636583,-0.189082,0.729996,-0.161750,0.081840,-0.162368,0.035467
249,661836518,-0.636053,-0.191124,0.730244,-0.160313,0.240258,-0.237310,0.177628
250,661869852,-0.635403,-0.192392,0.730966,-0.158067,0.003209,-0.364497,0.198154
251,661903186,-0.635188,-0.193559,0.731367,-0.155631,-0.045708,0.026259,0.037230
252,661936520,-0.635217,-0.195260,0.731423,-0.153106,-0.468538,-0.371819,0.138153
253,661969854,-0.635118,-0.197185,0.731508,-0.150619,-0.471658,-0.765326,0.295348
254,662003188,-0.635216,-0.199468,0.731401,-0.147693,-0.099010,-0.042715,0.224379
255,662036522,-0.636102,-0.200377,0.731355,-0.142798,-0.319748,0.451298,0.356034
256,662069856,-0.638054,-0.199093,0.731212,-0.136476,-1.245950,-0.642537,0.430432
257,662103190,-0.639618,-0.199360,0.730527,-0.132372,-0.804353,-0.420656,0.350114
258,662136524,-0.640508,-0.202406,0.729254,-0.130449,-0.040363,-0.068574,0.234893
259,662169858,-0.640800,-0.206523,0.728087,-0.129081,0.450834,0.504742,-0.021364
260,662203192,-0.641270,-0.209958,0.727039,-0.127092,0.545023,0.224074,0.432992
261,662236526,-0.642080,-0.212039,0.726259,-0.123964,0.638992,0.606848,0.063052
262,662269860,-0.643461,-0.211630,0.726017,-0.118817,0.503730,0.222974,-0.148174
263,662303194,-0.644632,-0.210823,0.725997,-0.113929,0.169185,-0.181764,0.001653
264,662336528,-0.645394,-0.210896,0.725783,-0.110794,0.191759,-0.015593,0.220647
265,662369862,-0.645943,-0.211950,0.725171,-0.109589,0.044944,0.272344,0.283549
266,662403196,-0.646221,-0.213009,0.724790,-0.108414,0.255564,0.396762,0.206786
267,662436530,-0.646558,-0.213260,0.724675,-0.106664,0.473400,0.475681,0.104041
268,662469864,-0.647125,-0.212882,0.724546,-0.104837,0.101169,0.297316,-0.020316
269,662503198,-0.647858,-0.212868,0.724018,-0.103987,-0.315415,-0.074850,-0.114107
270,662536532,-0.648385,-0.214121,0.723102,-0.104501,0.005233,0.404117,0.119464
271,662569866,-0.649165,-0.215086,0.722017,-0.105178,-0.195624,0.238323,-0.067775
272,662603200,-0.650242,-0.215838,0.720767,-0.105555,0.084894,0.646219,0.096754
273,662636534,-0.652115,-0.215497,0.719273,-0.104887,-0.067305,0.308995,0.092261
274,662669868,-0.654157,-0.214769,0.717757,-0.104046,0.008726,0.126205,0.159604
275,662703202,-0.655797,-0.214645,0.716311,-0.103940,-0.009607,-0.014600,0.040623
276,662736536,-0.657025,-0.215502,0.714801,-0.104812,-0.282748,0.073685,0.048904
277,662769870,-0.658012,-0.217096,0.713134,-0.106661,-0.429085,0.153911,0.146091
278,662803204,-0.658847,-0.218787,0.711500,-0.108947,-0.118647,0.217870,-0.079465
279,662836538,-0.659976,-0.220412,0.709585,-0.111293,0.067279,0.045541,0.074216
280,662869872,-0.661088,-0.222543,0.707406,-0.114288,-0.078305,0.033025,-0.001621
281,662903206,-0.661949,-0.225169,0.705169,-0.117928,-0.077119,0.409950,0.246256
282,662936540,-0.662865,-0.226585,0.703355,-0.120864,-0.225783,0.320992,0.165480
283,662969874,-0.663733,-0.227034,0.701944,-0.123438,-0.127863,0.276167,0.010117
284,663003208,-0.664696,-0.226781,0.700719,-0.125658,-0.105455,0.202382,0.012668
285,663036542,-0.665289,-0.227004,0.699528,-0.128717,-0.102052,0.020377,-0.139935
286,663069876,-0.665432,-0.228429,0.698138,-0.132934,-0.049706,0.027782,-0.116965
287,663103210,-0.665118,-0.230863,0.696556,-0.138484,-0.147857,0.086337,-0.065589
288,663136544,-0.664265,-0.233533,0.695189,-0.144827,-0.059839,0.411427,-0.085454
289,663169878,-0.663024,-0.235138,0.694673,-0.150289,0.433047,0.277502,0.170344
290,663203212,-0.661212,-0.236437,0.695267,-0.153454,1.052709,1.704238,0.398483
291,663236546,-0.659844,-0.236078,0.696255,-0.155400,-0.143059,-0.380162,0.097261
292,663269880,-0.656812,-0.238347,0.697247,-0.160259,0.217850,-0.081358,0.074718
293,663303214,-0.653606,-0.240422,0.698294,-0.165620,0.080226,0.162464,-0.153998
294,663336548,-0.650141,-0.242086,0.699695,-0.170839,0.277710,0.653788,-0.132850
295,663369882,-0.646494,-0.243454,0.701550,-0.175077,0.358622,0.560232,0.207706
296,663403216,-0.642215,-0.243855,0.704481,-0.178466,0.343870,-0.771078,0.131706
297,663436550,-0.637448,-0.243843,0.707846,-0.182213,-0.092193,-0.704186,0.084502
298,663469884,-0.633231,-0.243247,0.711080,-0.185103,0.426608,0.827221,0.416472
299,663503218,-0.630057,-0.240664,0.714722,-0.185283,0.338629,0.892284,0.429350
300,663536552,-0.627154,-0.237937,0.717986,-0.186029,-0.587925,-0.084013,0.042871
301,663569886,-0.624500,-0.236556,0.720153,-0.188330,-0.693179,-0.491185,0.389498
302,663603220,-0.621794,-0.235632,0.722216,-0.190532,-0.338520,-0.833051,0.140381
303,663636554,-0.619257,-0.236547,0.723156,-0.194060,0.148782,-0.097782,0.261412
304,663669888,-0.617110,-0.236878,0.724135,-0.196827,-0.049745,-0.366229,0.254319
305,663703222,-0.615058,-0.236729,0.725388,-0.198804,-0.409464,-0.687543,0.285111
306,663736556,-0.613352,-0.237562,0.725750,-0.201736,-0.555849,-0.344048,0.189474
307,663769890,-0.611993,-0.238552,0.725889,-0.204181,-0.309349,-0.304185,0.323997
308,663803224,-0.610916,-0.239208,0.725955,-0.206392,-0.050138,-0.258238,0.194501
309,663836558,-0.609993,-0.239815,0.725998,-0.208260,0.071533,-0.276650,0.149954
310,663869892,-0.608624,-0.241361,0.726056,-0.210265,0.329454,-0.384617,0.170980
311,663903226,-0.606900,-0.244043,0.725737,-0.213236,0.343896,-0.263969,-0.044734
312,663936560,-0.605446,-0.246584,0.725291,-0.215945,0.021665,-0.095666,0.132869
313,663969894,-0.604124,-0.248623,0.725101,-0.217938,-0.034998,-0.258228,0.171847
314,664003228,-0.602825,-0.250300,0.725244,-0.219139,-0.258536,-0.226502,0.210802
315,664036562,-0.601874,-0.251878,0.725182,-0.220145,-0.249985,-0.286925,0.178591
316,664069896,-0.601287,-0.253955,0.724641,-0.221144,-0.150869,-0.335701,0.246585
317,664103230,-0.600659,-0.256496,0.723885,-0.222389,0.038537,-0.481997,0.151238
318,664136564,-0.600129,-0.259000,0.723209,-0.223114,0.276644,-0.289000,0.196301
319,664169898,-0.599938,-0.261134,0.722581,-0.223175,0.202247,-0.336986,0.049071
320,664203232,-0.599847,-0.263721,0.721701,-0.223228,0.188247,-0.130212,0.104327
321,664236566,-0.599732,-0.266212,0.720994,-0.222863,0.103773,-0.271200,0.091975
322,664269900,-0.599668,-0.268579,0.720499,-0.221792,0.048404,-0.255180,0.090220
323,664303234,-0.599476,-0.271366,0.719965,-0.220650,0.041617,-0.176728,0.046615
324,664336568,-0.599251,-0.274090,0.719619,-0.219021,-0.037621,-0.437601,0.203643
325,664369902,-0.599124,-0.276967,0.719199,-0.217119,-0.108466,-0.331146,0.230394
326,664403236,-0.599464,-0.279885,0.718525,-0.214657,-0.016933,-0.444493,0.274334
327,664436570,-0.600580,-0.282184,0.717582,-0.211658,-0.234622,-0.941036,0.354406
328,664469904,-0.602451,-0.284241,0.716211,-0.208205,-0.232522,-0.288222,0.237092
329,664503238,-0.605162,-0.285570,0.714658,-0.203816,-0.494568,-0.086361,0.301764
330,664536572,-0.608353,-0.287562,0.712016,-0.200736,-0.699428,0.226594,0.431816
331,664569906,-0.611652,-0.290423,0.708743,-0.198162,-0.255804,0.710597,0.387005
332,664603240,-0.614936,-0.292331,0.706163,-0.194364,0.485374,0.077570,0.150507
333,664636574,-0.618411,-0.293170,0.703970,-0.189983,0.241669,0.037472,0.162164
334,664669908,-0.621583,-0.294254,0.701615,-0.186636,-0.074459,-0.053533,-0.112441
335,664703242,-0.623543,-0.295851,0.699776,-0.184466,0.211883,-0.240339,0.408682
336,664736576,-0.623934,-0.298788,0.698245,-0.184209,0.138424,-0.472461,0.179331
337,664769910,-0.622508,-0.304689,0.696348,-0.186538,-0.030354,0.292170,0.173543
338,664803244,-0.620746,-0.311000,0.694228,-0.189863,-0.041473,0.525655,0.182199
339,664836578,-0.619028,-0.316624,0.692337,-0.193056,0.209796,1.144835,-0.108715
340,664869912,-0.618192,-0.320342,0.691014,-0.194339,0.385955,0.734206,-0.140067
341,664903246,-0.617817,-0.324007,0.689063,-0.196370,-0.179121,-0.446187,0.051237
342,664936580,-0.616206,-0.330631,0.685627,-0.202327,-0.422494,0.335031,-0.081412
343,664969914,-0.615161,-0.336175,0.682396,-0.207238,0.037363,1.142656,0.045088
344,665003248,-0.615948,-0.338413,0.680029,-0.209032,0.310599,0.647687,0.250451
345,665036582,-0.617168,-0.339925,0.677764,-0.210329,-0.213593,0.306163,0.027855
346,665069916,-0.618196,-0.341932,0.675255,-0.212120,-0.142723,0.198335,0.139230
347,665103250,-0.619600,-0.343630,0.672578,-0.213777,0.313433,0.594953,-0.033729
348,665136584,-0.621770,-0.343892,0.670348,-0.214061,0.156650,0.453519,0.051555
349,665169918,-0.624514,-0.342824,0.668550,-0.213409,-0.038445,0.227653,-0.009634
350,665203252,-0.627216,-0.341922,0.666515,-0.213296,-0.213912,-0.095227,0.031312
351,665236586,-0.629418,-0.341516,0.664435,-0.213946,0.117630,0.094980,0.024381
352,665269920,-0.631609,-0.340917,0.662349,-0.214912,0.133826,-0.049401,0.099116
353,665303254,-0.633312,-0.340466,0.660428,-0.216521,0.012014,0.121243,0.099138
354,665336588,-0.635079,-0.339291,0.658860,-0.217961,-0.053587,0.157088,0.013032
355,665369922,-0.636851,-0.337490,0.657584,-0.219438,-0.052623,0.036392,0.022635
356,665403256,-0.638101,-0.335298,0.656950,-0.221061,0.086892,0.310086,-0.063606
357,665436590,-0.639638,-0.331374,0.657338,-0.221382,0.096770,0.473578,-0.196963
358,665469924,-0.641176,-0.326369,0.658464,-0.221020,0.042163,0.191994,-0.265632
359,665503258,-0.642041,-0.321584,0.660091,-0.220668,-0.100630,0.130025,-0.215184
360,665536592,-0.641956,-0.318213,0.661923,-0.220313,0.451296,1.024201,0.318817
361,665569926,-0.641549,-0.316263,0.663828,-0.218570,0.329355,2.499852,0.033652
362,665603260,-0.642244,-0.312860,0.666093,-0.214498,0.114866,0.979447,0.390354
363,665636594,-0.641971,-0.308785,0.669115,-0.211795,-0.174738,-2.231431,0.402969
364,665669928,-0.639176,-0.306628,0.672127,-0.213838,-0.567529,-0.718719,0.134996
365,665703262,-0.636808,-0.305172,0.674031,-0.216969,-0.311349,0.930250,0.038479
366,665736596,-0.633814,-0.305729,0.675256,-0.221103,0.268477,1.684426,0.243607
367,665769930,-0.630525,-0.305531,0.677385,-0.224246,0.280423,0.109373,0.146518
368,665803264,-0.627309,-0.303331,0.680610,-0.226478,-0.114526,-0.676587,-0.018336
369,665836598,-0.625017,-0.300193,0.683642,-0.227857,-0.559992,-0.368322,0.409816
370,665869932,-0.622093,-0.299166,0.685840,-0.230591,-0.300125,0.279542,-0.033253
371,665903266,-0.618499,-0.299058,0.688004,-0.233928,0.250319,-0.397085,0.111433
372,665936600,-0.615260,-0.298123,0.690458,-0.236415,0.441627,-0.511484,0.364637
373,665969934,-0.613058,-0.295785,0.693329,-0.236671,0.220332,-0.530466,0.252054
374,666003268,-0.610593,-0.293963,0.696067,-0.237277,0.000047,-0.591604,0.104179
375,666036602,-0.607776,-0.293132,0.698337,-0.238864,-0.529057,-0.667899,0.519459
376,666069936,-0.605171,-0.292875,0.700132,-0.240533,-0.594296,-0.581653,0.298285
377,666103270,-0.603292,-0.292567,0.701360,-0.242045,-0.254543,-0.567847,0.072016
378,666136604,-0.601615,-0.292933,0.701938,-0.244090,0.124158,-0.201311,0.174031
379,666169938,-0.599558,-0.294183,0.702237,-0.246775,0.495150,-0.484123,0.029627
380,666203272,-0.597680,-0.295795,0.702180,-0.249549,0.115365,-0.401565,0.217698
381,666236606,-0.595966,-0.297318,0.702180,-0.251830,-0.190617,-0.248562,0.115418
382,666269940,-0.594311,-0.299052,0.701973,-0.254252,-0.414864,-0.140279,0.195745
383,666303274,-0.592844,-0.300884,0.701823,-0.255926,-0.188598,0.142528,0.243629
384,666336608,-0.592036,-0.302037,0.701557,-0.257162,-0.302284,-0.281189,0.280512
385,666369942,-0.591787,-0.302551,0.701398,-0.257564,0.236110,-0.302961,0.042871
386,666403276,-0.591768,-0.303088,0.701275,-0.257311,0.416394,-0.124250,0.225101
387,666436610,-0.591286,-0.304326,0.701255,-0.257012,0.349879,-0.621645,0.178578
388,666469944,-0.590555,-0.306497,0.700718,-0.257576,0.287698,-0.374083,0.100095
389,666503278,-0.590347,-0.309078,0.699749,-0.257604,0.289166,0.350417,0.061982
390,666536612,-0.591114,-0.310133,0.699048,-0.256478,0.160028,-0.372496,0.220608
391,666569946,-0.591776,-0.310529,0.699149,-0.254186,0.120330,-0.401047,0.170437
392,666603280,-0.592599,-0.311095,0.699305,-0.251131,-0.046713,-0.421855,0.048820
393,666636614,-0.593322,-0.312602,0.698952,-0.248520,-0.034343,-0.349352,0.168509
394,666669948,-0.593831,-0.314473,0.698638,-0.245815,0.220538,-0.191542,0.046577
395,666703282,-0.594394,-0.315839,0.698930,-0.241840,0.196832,-0.200226,-0.000400
396,666736616,-0.595384,-0.316543,0.699488,-0.236820,-0.074292,-0.607975,0.195300
397,666769950,-0.596268,-0.318152,0.699535,-0.232256,-0.136625,-1.185960,0.421192
398,666803284,-0.597292,-0.320450,0.698889,-0.228378,-0.275041,-0.804235,0.773709
399,666836618,-0.599366,-0.322190,0.697655,-0.224229,-0.348821,0.097981,0.261083
400,666869952,-0.602977,-0.323523,0.695061,-0.220655,-0.741734,1.256852,0.278715
401,666903286,-0.607873,-0.323608,0.692259,-0.215855,-0.485937,1.127568,0.380088
402,666936620,-0.613832,-0.320743,0.690721,-0.208052,0.019465,0.611472,0.044549
403,666969954,-0.620387,-0.316377,0.689387,-0.199547,0.479894,-1.152743,0.032400
404,667003288,-0.623836,-0.316585,0.687190,-0.196010,0.450546,-0.387227,0.387061
405,667036622,-0.625461,-0.318715,0.685044,-0.194888,0.439695,0.107438,0.494697
406,667069956,-0.626019,-0.320880,0.683399,-0.195320,0.210262,-0.329503,0.207982
407,667103290,-0.624989,-0.324271,0.682039,-0.197757,0.426723,0.339857,0.170257
408,667136624,-0.623858,-0.326679,0.681358,-0.199702,0.177373,0.878464,-0.017323
409,667169958,-0.623450,-0.327710,0.680705,-0.201505,-0.566284,-0.439676,-0.453548
410,667203292,-0.621708,-0.331423,0.678516,-0.208091,-1.126462,-0.664520,-0.237465
411,667236626,-0.619438,-0.337101,0.674933,-0.217193,-1.138835,0.771714,-0.141501
412,667269960,-0.618836,-0.340329,0.671642,-0.223971,-0.683932,1.059967,0.224345
413,667303294,-0.620092,-0.340153,0.669239,-0.227923,-0.366080,0.831607,0.492523
414,667336628,-0.622964,-0.337770,0.667064,-0.230000,-0.247769,0.516276,-0.029359
415,667369962,-0.626640,-0.334992,0.664289,-0.232100,-0.574330,0.697773,0.259621
416,667403296,-0.631241,-0.331196,0.661206,-0.233879,-0.501835,0.644447,0.153634
417,667436630,-0.635720,-0.327068,0.657985,-0.236622,-0.125190,-0.012674,-0.088325
418,667469964,-0.639054,-0.324781,0.654474,-0.240497,0.224553,-0.160204,0.039322
419,667503298,-0.641780,-0.323358,0.650894,-0.244831,-0.115775,0.310999,-0.325726
420,667536632,-0.644083,-0.321032,0.648543,-0.248063,0.024821,0.917728,-0.099615
421,667569966,-0.646578,-0.316047,0.648251,-0.248735,0.388576,0.433967,-0.549417
422,667603300,-0.647854,-0.311213,0.649297,-0.248784,0.593057,-0.391082,-0.732017
423,667636634,-0.646431,-0.310317,0.650227,-0.251165,0.819046,0.081682,-0.786777
424,667669968,-0.643098,-0.312416,0.650928,-0.255269,1.024709,-0.625677,-0.025473
425,667703302,-0.638180,-0.318386,0.651186,-0.259541,0.230554,3.432450,1.044632
426,667736636,-0.635004,-0.319441,0.653227,-0.260901,-0.587730,-0.979174,0.767268
427,667769970,-0.629999,-0.322029,0.655305,-0.264614,-0.432217,0.454271,0.122411
428,667803304,-0.626470,-0.321869,0.658096,-0.266255,0.091576,0.076781,-0.192107
429,667836638,-0.623721,-0.321495,0.660231,-0.267872,0.415693,0.160783,0.302315
430,667869972,-0.619308,-0.323212,0.662132,-0.271331,0.466712,-0.419235,-0.116923
431,667903306,-0.614723,-0.325760,0.663412,-0.275552,0.430462,-0.319834,0.656432
432,667936640,-0.611593,-0.326582,0.664818,-0.278145,0.016558,-0.424045,0.496424
433,667969974,-0.609640,-0.326102,0.666390,-0.279227,0.508024,-0.153247,0.268382
434,668003308,-0.608227,-0.324801,0.667866,-0.280299,0.165813,0.333666,0.139666
435,668036642,-0.607282,-0.322342,0.670267,-0.279452,0.154523,-0.528695,0.333809
436,668069976,-0.606602,-0.320139,0.672231,-0.278744,-0.121966,-0.672058,0.268506
437,668103310,-0.606392,-0.318406,0.673519,-0.278076,-0.137659,-0.197576,0.175635
438,668136644,-0.606383,-0.316445,0.674780,-0.277276,-0.035840,0.205836,0.090313
439,668169978,-0.606426,-0.314306,0.676233,-0.276072,-0.046984,-0.318979,0.260763
440,668203312,-0.606231,-0.313018,0.677144,-0.275730,0.051601,-0.523481,0.036361
441,668236646,-0.605779,-0.312794,0.677778,-0.275420,0.191089,0.251023,0.189951
442,668269980,-0.605200,-0.312111,0.678929,-0.274633,-0.057495,-0.216845,0.194707
443,668303314,-0.604798,-0.311177,0.680015,-0.273891,-0.457856,-0.296883,0.164870
444,668336648,-0.604719,-0.310392,0.681020,-0.272456,-0.361802,-0.406210,0.197233
445,668369982,-0.604386,-0.310743,0.681411,-0.271816,-0.057656,-0.304916,0.087658
446,668403316,-0.604251,-0.311069,0.681667,-0.271100,0.023661,-0.280269,0.147158
447,668436650,-0.604140,-0.311516,0.681945,-0.270133,0.263044,-0.282920,0.185304
448,668469984,-0.604336,-0.311874,0.682137,-0.268794,0.022277,-0.038043,0.088270
449,668503318,-0.604725,-0.311751,0.682791,-0.266391,-0.045041,-0.204225,0.186995
450,668536652,-0.604903,-0.311951,0.683420,-0.264127,-0.023457,-0.412621,0.140608
451,668569986,-0.604686,-0.312775,0.683911,-0.262373,0.004614,-0.259417,0.184074
452,668603320,-0.604686,-0.313916,0.684155,-0.260367,0.009407,-0.093353,0.086305
453,668636654,-0.604849,-0.314816,0.684584,-0.257764,-0.053821,-0.214542,0.151014
454,668669988,-0.605105,-0.315418,0.685255,-0.254623,-0.206419,-0.409835,0.106952
455,668703322,-0.605421,-0.316190,0.685760,-0.251535,-0.323410,-0.863649,0.230723
456,668736656,-0.605554,-0.318132,0.685369,-0.249828,-0.122317,-0.291680,0.206938
457,668769990,-0.606563,-0.319971,0.684565,-0.247223,-0.016892,-0.220517,0.432449
458,668803324,-0.608140,-0.320478,0.684367,-0.243205,-0.074157,-0.420140,0.301381
459,668836658,-0.611233,-0.319205,0.684124,-0.237747,-0.580233,0.144085,0.243096
460,668869992,-0.616217,-0.316988,0.682748,-0.231730,-0.969027,0.574340,0.151968
461,668903326,-0.620975,-0.316387,0.680329,-0.226914,-0.255499,0.042200,0.349099
462,668936660,-0.623781,-0.317584,0.678071,-0.224288,0.646595,-0.041969,0.268091
463,668969994,-0.626830,-0.317556,0.676354,-0.220990,0.501987,0.050166,-0.099725
464,669003328,-0.629656,-0.317165,0.675072,-0.217406,0.702405,0.513766,0.219349
465,669036662,-0.631625,-0.317014,0.674399,-0.213975,0.678415,0.389017,0.531517
466,669069996,-0.632399,-0.317491,0.674210,-0.211565,0.100051,0.133165,0.371635
467,669103330,-0.632239,-0.318753,0.674059,-0.210626,-0.081139,-0.199653,0.176178
468,669136664,-0.631376,-0.320146,0.673935,-0.211496,-0.086874,-0.213303,0.028579
469,669169998,-0.630576,-0.320631,0.674135,-0.212507,-0.128632,0.611455,0.044600
470,669203332,-0.631193,-0.319571,0.673569,-0.214059,-0.830662,-0.366098,-0.020425
471,669236666,-0.631781,-0.320199,0.670911,-0.219662,-1.382830,-1.210294,0.130321
472,669270000,-0.631258,-0.324464,0.665926,-0.229841,-1.094876,0.192243,0.102289
473,669303334,-0.631794,-0.327916,0.660300,-0.239498,-0.560061,0.983409,0.160269
474,669336668,-0.634294,-0.327977,0.655213,-0.246671,-0.337121,0.786405,0.314669
475,669370002,-0.637714,-0.325668,0.651074,-0.251816,-0.056037,0.955306,0.098310
476,669403336,-0.642355,-0.320713,0.647969,-0.254377,-0.015840,0.894921,0.004862
477,669436670,-0.647267,-0.313827,0.645938,-0.255675,0.318777,-0.041677,-0.481787
478,669470004,-0.650727,-0.307520,0.645028,-0.256854,0.723924,0.040991,-0.522530
479,669503338,-0.652611,-0.303828,0.644001,-0.259034,0.787904,-0.164988,-0.960176
480,669536672,-0.651737,-0.304885,0.642665,-0.263273,0.140545,0.237942,-0.652379
481,669570006,-0.648880,-0.309406,0.641325,-0.268278,0.141850,0.757065,-0.365721
482,669603340,-0.645033,-0.313346,0.642122,-0.271060,0.910596,1.214802,-0.175747
483,669636674,-0.641775,-0.313862,0.644909,-0.271581,0.044558,0.066234,1.116083
484,669670008,-0.639503,-0.312792,0.647350,-0.272366,-1.390168,0.957217,0.292617
485,669703342,-0.635895,-0.314288,0.649647,-0.273618,-0.249235,0.547707,0.321712
486,669736676,-0.631049,-0.318914,0.650659,-0.277060,0.045013,0.413629,-0.024593
487,669770010,-0.625938,-0.321913,0.652977,-0.279719,0.270619,0.006310,0.254319
488,669803344,-0.622820,-0.321192,0.656365,-0.279576,0.118516,0.067769,0.078156
489,669836678,-0.620453,-0.319057,0.660326,-0.277954,0.305072,-0.194664,0.583127
490,669870012,-0.617912,-0.317734,0.663556,-0.277436,0.370604,-0.499356,0.339069
491,669903346,-0.615112,-0.318353,0.665198,-0.279015,0.243610,0.067125,0.103583
492,669936680,-0.612901,-0.318219,0.666979,-0.279779,0.079534,-0.225508,0.346231
493,669970014,-0.611284,-0.316900,0.669090,-0.279772,-0.147249,-0.159503,0.285485
494,670003348,-0.610412,-0.314958,0.671136,-0.278967,-0.216181,-0.416570,0.298483
495,670036682,-0.609331,-0.313504,0.673116,-0.278197,-0.090590,-0.467976,0.362916
496,670070016,-0.608290,-0.312385,0.674875,-0.277471,0.253921,-0.255497,0.201614
497,670103350,-0.607697,-0.310933,0.676422,-0.276634,0.282361,-0.214787,0.129390
498,670136684,-0.607412,-0.309427,0.677874,-0.275391,0.210071,-0.180107,0.168602
499,670170018,-0.607078,-0.308078,0.679367,-0.273957,0.063937,-0.208279,0.088662
500,670203352,-0.606327,-0.307281,0.680769,-0.273034,-0.273425,-0.221892,0.061129
501,670236686,-0.605624,-0.306464,0.682366,-0.271520,-0.167292,0.137177,0.217362
502,670270020,-0.604889,-0.305340,0.684403,-0.269291,-0.098405,-0.419776,0.246560
503,670303354,-0.604024,-0.304984,0.685979,-0.267620,0.263178,-0.288581,0.132445
504,670336688,-0.603399,-0.305451,0.686735,-0.266559,0.249917,0.000750,0.041964
505,670370022,-0.602612,-0.305890,0.687674,-0.265408,-0.171721,-0.433743,0.173243
506,670403356,-0.601928,-0.306469,0.688424,-0.264346,-0.304409,0.044517,0.142779
507,670436690,-0.602131,-0.305995,0.689312,-0.262109,-0.609639,-0.240578,0.243705
508,670470024,-0.602975,-0.305220,0.689794,-0.259796,-0.583467,-0.259341,0.139471
509,670503358,-0.603798,-0.305101,0.689930,-0.257654,-0.262177,0.001536,0.169564
510,670536692,-0.604561,-0.305041,0.690355,-0.254782,0.226904,-0.331921,0.080803
511,670570026,-0.605169,-0.305036,0.691002,-0.251568,0.475702,-0.300474,-0.036759
512,670603360,-0.605388,-0.305518,0.691876,-0.248032,0.469936,-0.449120,0.121019
513,670636694,-0.605329,-0.306355,0.692851,-0.244392,0.166683,-0.384216,0.086833
514,670670028,-0.605190,-0.307708,0.693661,-0.240714,-0.174766,-0.377543,0.206078
515,670703362,-0.605215,-0.308800,0.694563,-0.236618,-0.121833,-0.439100,0.137898
516,670736696,-0.605652,-0.309872,0.695273,-0.231966,-0.271894,-0.661961,0.275834
517,670770030,-0.606507,-0.310760,0.695801,-0.226905,-0.366361,-1.193145,0.458055
518,670803364,-0.607712,-0.312145,0.695499,-0.222664,-0.389643,-0.478387,0.278524
519,670836698,-0.609477,-0.313793,0.694513,-0.218566,-0.226741,0.997657,0.259966
520,670870032,-0.612818,-0.313239,0.693694,-0.212536,0.060205,1.319858,0.217890
521,670903366,-0.617872,-0.310294,0.692910,-0.204637,-0.230623,0.703537,0.229381
522,670936700,-0.624306,-0.306763,0.690871,-0.197188,-0.813230,0.110446,0.319855
523,670970034,-0.630581,-0.304148,0.687919,-0.191512,-0.656112,0.077129,0.041770
524,671003368,-0.635490,-0.302638,0.685309,-0.186978,0.200159,0.158984,0.077106
525,671036702,-0.637850,-0.302932,0.683844,-0.183806,1.258104,-0.013008,0.489971
526,671070036,-0.639188,-0.303203,0.683071,-0.181573,0.916704,-0.592027,0.150874
527,671103370,-0.639016,-0.304997,0.682276,-0.182159,0.473162,-0.751726,0.060247
528,671136704,-0.638201,-0.307434,0.681285,-0.184615,0.326935,-0.259071,0.106917
529,671170038,-0.637551,-0.309883,0.679774,-0.188300,-0.114279,0.424655,0.204653
530,671203372,-0.637727,-0.310949,0.677928,-0.192554,-0.830874,-0.039497,0.197278
531,671236706,-0.637831,-0.312260,0.675233,-0.199431,-1.145236,-0.243311,0.185438
532,671270040,-0.637954,-0.314092,0.671830,-0.207493,-1.001641,0.199722,0.150793
533,671303374,-0.639148,-0.315221,0.667671,-0.215378,-0.602278,0.850987,0.251893
534,671336708,-0.641962,-0.313647,0.663936,-0.220788,-0.417997,0.692921,0.194591
535,671370042,-0.645827,-0.310275,0.660438,-0.224736,-0.150062,0.437864,0.323377
536,671403376,-0.650621,-0.305344,0.656955,-0.227851,0.171607,0.617613,0.030783
537,671436710,-0.656439,-0.298172,0.654094,-0.228890,0.215978,0.631007,-0.161129
538,671470044,-0.662655,-0.289442,0.651860,-0.228556,0.321846,0.546451,-0.225322
539,671503378,-0.668391,-0.280619,0.649999,-0.228159,0.240396,0.491757,-0.357162
540,671536712,-0.673598,-0.271005,0.649317,-0.226400,0.322862,-0.022373,-0.680425
541,671570046,-0.676557,-0.264803,0.648921,-0.226051,0.614584,-0.775302,-0.577123
542,671603380,-0.677089,-0.264330,0.647591,-0.228809,0.427728,0.287324,-0.451296
543,671636714,-0.675956,-0.265987,0.647305,-0.231039,0.520253,0.688928,-0.532241
544,671670048,-0.673334,-0.268342,0.648378,-0.232955,0.916799,0.172052,0.072454
545,671703382,-0.670119,-0.270777,0.650033,-0.234785,0.212751,0.587152,1.275190
546,671736716,-0.667171,-0.272731,0.651652,-0.236427,-0.667022,0.661646,0.354623
547,671770050,-0.662112,-0.276817,0.654237,-0.238751,-0.055860,1.253699,0.390875
548,671803384,-0.658355,-0.278588,0.656779,-0.240097,-0.249871,0.703263,-0.190205
549,671836718,-0.654312,-0.278623,0.660427,-0.241100,-0.081212,-0.247953,-0.137889
550,671870052,-0.650048,-0.278796,0.664000,-0.242617,0.056673,-0.023100,0.110531
551,671903386,-0.646315,-0.278896,0.667254,-0.243544,-0.054983,0.498200,0.344139
552,671936720,-0.642851,-0.278974,0.670424,-0.243919,0.093440,-0.359029,0.324767
553,671970054,-0.639061,-0.279576,0.673127,-0.245737,0.588547,-0.067703,0.220971
554,672003388,-0.636894,-0.278786,0.675346,-0.246170,0.332864,-0.000634,0.227667
555,672036722,-0.635043,-0.277260,0.677790,-0.245957,0.221860,0.047666,0.254657
556,672070056,-0.633245,-0.275868,0.680007,-0.246039,0.019841,-0.355281,0.244910
557,672103390,-0.631761,-0.273954,0.682142,-0.246085,-0.287096,-0.499099,0.356241
558,672136724,-0.630281,-0.272151,0.684633,-0.244961,0.025604,-0.718925,0.300518
559,672170058,-0.629481,-0.270259,0.686675,-0.243391,0.034006,-0.296067,0.286889
560,672203392,-0.628878,-0.267865,0.688774,-0.241659,-0.042684,-0.449663,0.174497
561,672236726,-0.629049,-0.265537,0.690024,-0.240212,-0.177311,-0.220601,0.151993
562,672270060,-0.629678,-0.263678,0.690553,-0.239089,-0.047868,-0.305890,0.137840
563,672303394,-0.630211,-0.262375,0.691009,-0.237798,0.155253,-0.213192,0.242720
564,672336728,-0.630404,-0.260774,0.692047,-0.236020,0.747182,-0.338859,0.036941
565,672370062,-0.630558,-0.258720,0.693474,-0.233671,0.731097,0.326790,0.017714
566,672403396,-0.630229,-0.256045,0.695854,-0.230406,0.351935,-0.303839,0.072341
567,672436730,-0.629010,-0.254564,0.698193,-0.228294,0.254373,-0.218658,0.099218
568,672470064,-0.628050,-0.253215,0.700322,-0.225903,-0.247991,-0.023561,0.104170
569,672503398,-0.627789,-0.251174,0.702161,-0.223183,-0.987109,0.039281,0.250088
570,672536732,-0.627687,-0.249389,0.703726,-0.220526,-1.076898,-0.218536,0.472619
571,672570066,-0.627657,-0.247599,0.705469,-0.217034,-0.545902,0.266189,0.043209
572,672603400,-0.627962,-0.246020,0.706763,-0.213711,-0.443529,0.043838,0.226017
573,672636734,-0.628180,-0.244727,0.707950,-0.210602,-0.119240,-0.142085,0.191210
574,672670068,-0.628255,-0.243887,0.709133,-0.207345,0.325084,0.124186,-0.067471
575,672703402,-0.627672,-0.243275,0.710802,-0.204092,0.157747,-0.536611,0.100477
576,672736736,-0.626714,-0.242759,0.712826,-0.200562,0.289930,-0.231853,0.280272
577,672770070,-0.626957,-0.240743,0.714583,-0.195926,-0.298512,-0.456461,0.224014
578,672803404,-0.627728,-0.238312,0.716227,-0.190346,-0.293056,-0.504424,0.217136
579,672836738,-0.628916,-0.236090,0.717549,-0.184115,-0.018365,-0.222090,0.140464
580,672870072,-0.630559,-0.233832,0.718400,-0.177954,-0.033615,0.101862,0.089332
581,672903406,-0.632298,-0.231632,0.719091,-0.171764,-0.493157,-0.128230,0.147617
582,672936740,-0.633726,-0.230302,0.719561,-0.166228,-0.756444,-0.349185,0.153229
583,672970074,-0.635010,-0.230408,0.719332,-0.162126,-0.691693,-0.659908,0.251437
584,673003408,-0.636420,-0.232216,0.717931,-0.160214,-0.605966,0.066154,0.289541
585,673036742,-0.638360,-0.234302,0.716033,-0.157934,-0.208150,0.705565,0.139358
586,673070076,-0.641479,-0.235683,0.713262,-0.155769,-0.162641,0.886202,0.211188
587,673103410,-0.646134,-0.235337,0.709897,-0.152387,-0.266837,0.792457,0.060734
588,673136744,-0.651525,-0.233589,0.706472,-0.147974,-0.066447,0.473199,0.212068
589,673170078,-0.657646,-0.229746,0.703200,-0.142392,-0.012046,0.139450,0.159133
590,673203412,-0.664320,-0.226100,0.699033,-0.137690,-0.386696,0.442354,0.535334
591,673236746,-0.672195,-0.222809,0.693092,-0.134841,-0.785813,0.823257,0.503289
592,673270080,-0.680834,-0.220991,0.685540,-0.133085,0.006773,1.680575,0.463577
593,673303414,-0.687397,-0.217845,0.680732,-0.129153,0.820030,0.372302,0.475868
594,673336748,-0.692495,-0.210735,0.679142,-0.121881,1.475937,-0.995522,-0.042990
595,673370082,-0.696968,-0.199499,0.679417,-0.113472,1.824520,-1.795550,-0.189638
596,673403416,-0.701069,-0.186147,0.680181,-0.106074,0.802212,-2.158808,-0.267970
597,673436750,-0.704793,-0.176396,0.679244,-0.104051,0.289833,-1.287911,-0.224153
598,673470084,-0.707442,-0.168467,0.678610,-0.103349,0.263159,-0.770549,-0.515276
599,673503418,-0.709426,-0.160056,0.678581,-0.103311,-0.598561,-0.641859,-0.303099
600,673536752,-0.709412,-0.154895,0.679163,-0.107365,0.498642,0.163913,-0.394280
601,673570086,-0.709840,-0.147963,0.680458,-0.106106,0.193442,0.354132,0.136815
602,673603420,-0.708522,-0.146598,0.682186,-0.105712,0.972153,0.906161,0.507439
603,673636754,-0.705210,-0.155925,0.682996,-0.109226,0.667182,2.116615,0.157631
604,673670088,-0.700649,-0.160220,0.686107,-0.112812,0.505486,0.334763,0.632001
605,673703422,-0.696050,-0.158417,0.690870,-0.114736,-0.318498,-1.589792,-0.304744
606,673736756,-0.690630,-0.158271,0.696054,-0.116346,1.005453,0.099738,-0.222910
607,673770090,-0.687078,-0.155103,0.701227,-0.110435,0.132036,0.862567,-0.333703
608,673803424,-0.681406,-0.153112,0.707515,-0.108222,-0.586470,-0.078790,0.283456
609,673836758,-0.675843,-0.156094,0.711330,-0.113701,-0.413888,-0.190141,0.428789
610,673870092,-0.672223,-0.158374,0.713757,-0.116756,-0.354695,0.589033,0.257576
611,673903426,-0.669254,-0.157467,0.716963,-0.115390,-0.257765,1.054521,0.446381
612,673936760,-0.667402,-0.155130,0.719483,-0.113579,-0.387963,0.724226,0.360248
613,673970094,-0.666622,-0.153514,0.720603,-0.113257,-0.470764,0.505796,0.065849
614,674003428,-0.666160,-0.152429,0.721191,-0.113699,-0.183842,0.126010,0.099167
615,674036762,-0.665620,-0.151454,0.721864,-0.113899,-0.071549,-0.548063,0.155133
616,674070096,-0.664572,-0.151290,0.722778,-0.114434,0.100584,-0.588248,0.168388
617,674103430,-0.663497,-0.151660,0.723614,-0.114898,0.157664,-0.063072,0.128303
618,674136764,-0.662459,-0.152334,0.724280,-0.115798,0.072150,0.046347,0.150827
619,674170098,-0.661789,-0.152693,0.724641,-0.116896,-0.128620,0.031313,0.069402
620,674203432,-0.661120,-0.152739,0.725152,-0.117451,-0.150797,0.006659,0.234281
621,674236766,-0.660445,-0.153048,0.725573,-0.118241,-0.216186,-0.090802,0.116429
622,674270100,-0.659643,-0.153942,0.725896,-0.119570,-0.094384,-0.070356,0.008952
623,674303434,-0.658680,-0.155124,0.726315,-0.120794,-0.118629,0.028161,0.155359
624,674336768,-0.657527,-0.156167,0.727013,-0.121536,-0.092479,0.117443,0.183154
625,674370102,-0.656441,-0.156815,0.727839,-0.121622,-0.246714,0.140729,0.238737
626,674403436,-0.655463,-0.157611,0.728484,-0.122011,-0.259330,0.020602,0.162230
627,674436770,-0.654621,-0.158539,0.728950,-0.122547,-0.235025,0.061393,0.144259
628,674470104,-0.653650,-0.159700,0.729441,-0.123293,-0.214061,-0.178733,0.079144
629,674503438,-0.652462,-0.161688,0.729787,-0.124938,-0.082198,-0.251066,0.183673
630,674536772,-0.651158,-0.164490,0.729926,-0.127251,-0.036990,-0.074534,0.134716
631,674570106,-0.649628,-0.167499,0.730214,-0.129475,-0.008222,0.159449,0.109961
632,674603440,-0.648244,-0.169979,0.730519,-0.131438,-0.207680,0.124637,0.244098
633,674636774,-0.647155,-0.171912,0.730735,-0.133082,-0.087365,0.068680,0.169415
634,674670108,-0.646244,-0.173681,0.730848,-0.134581,0.092777,-0.048484,0.149088
635,674703442,-0.645344,-0.175520,0.730890,-0.136278,0.195466,-0.067857,0.078943
636,674736776,-0.644548,-0.177071,0.730942,-0.137753,0.052678,-0.264906,0.136106
637,674770110,-0.643541,-0.178913,0.731082,-0.139328,0.200066,-0.080073,0.150427
638,674803444,-0.642600,-0.180716,0.731138,-0.141040,0.039912,-0.084568,0.156143
639,674836778,-0.641881,-0.182421,0.731015,-0.142746,-0.065274,0.124307,0.196634
640,674870112,-0.641250,-0.183773,0.730989,-0.143976,-0.112311,0.054945,0.153384
641,674903446,-0.640806,-0.184862,0.730900,-0.145006,0.041832,0.055539,0.142972
642,674936780,-0.640503,-0.185785,0.730736,-0.145984,0.093829,-0.029780,0.153734
643,674970114,-0.640151,-0.187038,0.730405,-0.147581,-0.045340,-0.237448,0.175540
644,675003448,-0.639788,-0.188497,0.730042,-0.149086,0.038729,0.175833,0.190660
645,675036782,-0.639424,-0.189460,0.729936,-0.149941,0.023876,0.110788,0.164369
646,675070116,-0.639264,-0.189777,0.729919,-0.150303,0.149909,0.103158,0.070233
647,675103450,-0.639340,-0.189585,0.729957,-0.150041,0.123769,-0.065024,0.116315
648,675136784,-0.639516,-0.189730,0.729707,-0.150326,0.035541,-0.152668,0.089542
649,675170118,-0.639575,-0.190057,0.729544,-0.150453,0.033523,0.021003,0.113618
650,675203452,-0.639474,-0.190240,0.729591,-0.150420,0.011340,0.012421,0.177936
651,675236786,-0.639427,-0.190322,0.729611,-0.150420,-0.066339,0.077235,0.150293
652,675270120,-0.639461,-0.190447,0.729491,-0.150702,-0.164012,0.033445,0.187025
653,675303454,-0.639350,-0.190645,0.729488,-0.150931,-0.223256,0.012628,0.155155
654,675336788,-0.639108,-0.190768,0.729704,-0.150758,-0.192286,0.076088,0.157450
655,675370122,-0.639013,-0.190696,0.729917,-0.150223,-0.075326,0.118945,0.127759
656,675403456,-0.639025,-0.190361,0.730129,-0.149563,0.083824,0.044142,0.189042
657,675436790,-0.639132,-0.189765,0.730322,-0.148920,0.270103,-0.072035,0.117298
658,675470124,-0.639392,-0.188899,0.730456,-0.148246,0.299151,-0.263717,0.091179
659,675503458,-0.639691,-0.188312,0.730435,-0.147806,0.200788,-0.252191,0.152698
660,675536792,-0.639964,-0.188115,0.730334,-0.147373,0.044202,-0.065440,0.080299
661,675570126,-0.640078,-0.188101,0.730289,-0.147119,0.038687,0.024946,0.113295
662,675603460,-0.640163,-0.187968,0.730281,-0.146958,-0.007478,0.084964,0.123387
663,675636794,-0.640374,-0.187725,0.730224,-0.146631,-0.062637,0.013955,0.145499
664,675670128,-0.640591,-0.187543,0.730170,-0.146186,0.022215,-0.041734,0.175752
665,675703462,-0.640830,-0.187325,0.730102,-0.145756,0.035193,-0.069964,0.159860
666,675736796,-0.641171,-0.186985,0.729996,-0.145221,0.007204,0.014364,0.127997
667,675770130,-0.641654,-0.186616,0.729768,-0.144708,-0.095689,0.101790,0.148318
668,675803464,-0.642057,-0.186276,0.729569,-0.144365,-0.073227,0.032843,0.143936
669,675836798,-0.642568,-0.185917,0.729258,-0.144124,-0.012425,-0.045606,0.141241
670,675870132,-0.643076,-0.185558,0.728967,-0.143793,0.007522,-0.055606,0.102462
671,675903466,-0.643468,-0.185372,0.728726,-0.143498,0.016183,-0.099843,0.115017
672,675936800,-0.643803,-0.185412,0.728473,-0.143229,-0.032219,-0.054814,0.146435
673,675970134,-0.644109,-0.185476,0.728243,-0.142941,-0.157044,0.032963,0.135119
674,676003468,-0.644418,-0.185633,0.727959,-0.142789,-0.112854,0.099647,0.128839
675,676036802,-0.644719,-0.185643,0.727752,-0.142472,-0.074403,0.046783,0.171908
676,676070136,-0.645082,-0.185479,0.727555,-0.142050,0.056807,0.016594,0.105956
677,676103470,-0.645666,-0.185161,0.727190,-0.141680,0.097917,-0.035523,0.166585
678,676136804,-0.646477,-0.184743,0.726646,-0.141320,0.000846,-0.039276,0.095834
679,676170138,-0.647149,-0.184413,0.726207,-0.140930,0.049409,-0.015698,0.144371
680,676203472,-0.647525,-0.184243,0.725965,-0.140672,0.055102,0.005569,0.119925
681,676236806,-0.647924,-0.184061,0.725699,-0.140446,-0.077828,0.094218,0.125587
682,676270140,-0.648373,-0.183773,0.725420,-0.140192,-0.168870,0.137842,0.170052
683,676303474,-0.648796,-0.183467,0.725174,-0.139908,-0.086264,0.087065,0.163126
684,676336808,-0.649198,-0.183017,0.724990,-0.139582,-0.091005,0.105143,0.126518
685,676370142,-0.649672,-0.182351,0.724826,-0.139102,-0.065842,0.098482,0.130802
686,676403476,-0.650338,-0.181600,0.724495,-0.138691,-0.021296,0.036487,0.141949
687,676436810,-0.650991,-0.180781,0.724208,-0.138203,-0.008544,0.078848,0.139772
688,676470144,-0.651600,-0.179871,0.723955,-0.137840,0.025508,0.031957,0.075829
689,676503478,-0.652380,-0.178742,0.723597,-0.137499,0.097898,-0.007227,0.121765
690,676536812,-0.653082,-0.177636,0.723312,-0.137104,0.106740,-0.073583,0.142809
691,676570146,-0.653497,-0.176743,0.723233,-0.136692,0.095810,0.035471,0.112915
692,676603480,-0.653993,-0.175616,0.723178,-0.136061,-0.150645,0.005893,0.136449
693,676636814,-0.654501,-0.174454,0.723095,-0.135556,-0.037351,0.062729,0.181479
694,676670148,-0.654861,-0.173359,0.723145,-0.134954,-0.057892,-0.031155,0.121616
695,676703482,-0.655038,-0.172685,0.723167,-0.134844,0.039251,0.017117,0.073456
696,676736816,-0.655411,-0.171749,0.723079,-0.134697,-0.042381,-0.120731,0.120891
697,676770150,-0.655583,-0.170982,0.723140,-0.134510,-0.083802,-0.104896,0.072494
698,676803484,-0.655289,-0.170571,0.723532,-0.134353,-0.204170,-0.042069,0.061589
699,676836818,-0.654729,-0.170893,0.723869,-0.134856,-0.181289,0.057343,0.206983
700,676870152,-0.654368,-0.171311,0.723977,-0.135499,-0.295681,0.239455,0.131425
701,676903486,-0.653800,-0.171802,0.724208,-0.136381,-0.182733,0.266702,0.205201
702,676936820,-0.653176,-0.172154,0.724481,-0.137477,-0.144452,0.184286,0.092480
703,676970154,-0.652589,-0.172515,0.724740,-0.138437,-0.101981,0.115391,0.171778
704,677003488,-0.652059,-0.172919,0.724912,-0.139530,-0.070402,0.103205,0.160851
705,677036822,-0.651292,-0.173192,0.725335,-0.140574,0.062384,0.077905,0.112791
706,677070156,-0.650382,-0.173152,0.726011,-0.141339,0.060121,0.039089,0.071498
707,677103490,-0.649673,-0.172922,0.726530,-0.142213,0.024178,0.080329,0.114317
708,677136824,-0.649284,-0.172385,0.726852,-0.142998,-0.072952,0.121156,0.151242
709,677170158,-0.648908,-0.171646,0.727255,-0.143541,-0.060169,0.079373,0.110254
710,677203492,-0.648122,-0.171316,0.727877,-0.144335,0.005869,-0.061375,0.082253
711,677236826,-0.647200,-0.171646,0.728309,-0.145889,-0.010204,-0.043779,0.135444
712,677270160,-0.646629,-0.171821,0.728437,-0.147566,-0.079964,0.107108,0.071062
713,677303494,-0.645636,-0.171628,0.729082,-0.148944,0.205024,0.044835,0.133965
714,677336828,-0.644100,-0.171461,0.730142,-0.150589,0.334465,-0.200064,0.010702
715,677370162,-0.642352,-0.171743,0.731182,-0.152675,0.167766,-0.144056,0.074112
716,677403496,-0.640907,-0.171928,0.731989,-0.154659,-0.139968,0.005988,0.233224
717,677436830,-0.639557,-0.171885,0.732837,-0.156269,-0.220900,0.251764,-0.027855
718,677470164,-0.637986,-0.172091,0.733761,-0.158119,-0.156185,0.055094,0.191285
719,677503498,-0.635951,-0.173103,0.734648,-0.161066,-0.017710,-0.127026,0.229255
720,677536832,-0.634306,-0.173636,0.735539,-0.162902,0.106164,0.188551,0.135724
721,677570166,-0.633962,-0.172852,0.735937,-0.163275,-0.329592,0.044192,0.190462
722,677603500,-0.633747,-0.171716,0.736250,-0.163896,-0.059680,0.087732,0.259667
723,677636834,-0.633435,-0.170214,0.736872,-0.163873,0.049313,0.044184,0.126039
724,677670168,-0.633590,-0.168492,0.737168,-0.163722,-0.046920,0.023611,0.072406
725,677703502,-0.633807,-0.167222,0.737253,-0.163803,0.133340,0.105850,0.219517
726,677736836,-0.634358,-0.165808,0.737160,-0.163524,-0.099922,-0.043936,0.030503
727,677770170,-0.634600,-0.164739,0.737138,-0.163763,0.033607,-0.304067,0.091335
728,677803504,-0.634803,-0.163827,0.737169,-0.163756,0.187860,-0.528523,0.202710
729,677836838,-0.635419,-0.163118,0.736840,-0.163551,-0.005703,-0.609459,0.238517
730,677870172,-0.635276,-0.162746,0.737171,-0.162987,0.197720,-0.331677,0.103431
731,677903506,-0.634343,-0.162829,0.738000,-0.162786,0.212490,-0.352952,0.204694
732,677936840,-0.633592,-0.163210,0.738534,-0.162910,-0.097655,-0.296653,0.255015
733,677970174,-0.633708,-0.162993,0.738663,-0.162089,-0.404063,0.141695,0.290648
734,678003508,-0.634333,-0.161246,0.739054,-0.159588,-0.187374,0.397627,0.134263
735,678036842,-0.635756,-0.158727,0.739056,-0.156411,-0.247661,-0.047339,0.240750
736,678070176,-0.637419,-0.156082,0.738671,-0.154105,-0.110622,-0.403405,0.187464
737,678103510,-0.638248,-0.153460,0.739371,-0.149892,0.486695,-0.171279,0.016351
738,678136844,-0.638531,-0.151371,0.740307,-0.146149,0.184758,-0.766055,0.156706
739,678170178,-0.638177,-0.149834,0.741521,-0.143091,0.204623,-0.462725,-0.050842
740,678203512,-0.637379,-0.148808,0.743228,-0.138793,-0.362273,-0.244138,0.324648
741,678236846,-0.637397,-0.147446,0.744265,-0.134545,-1.198182,0.287217,0.262907
742,678270180,-0.637707,-0.145631,0.745360,-0.128871,-1.326137,0.709975,0.333299
743,678303514,-0.637901,-0.143231,0.746639,-0.123065,-0.812158,0.541687,0.112719
744,678336848,-0.638783,-0.140545,0.747386,-0.116903,-0.207283,0.391610,0.232425
745,678370182,-0.640691,-0.138179,0.747101,-0.110944,-0.331523,-0.263310,0.326622
746,678403516,-0.643205,-0.136636,0.745900,-0.106297,-0.320634,-0.585001,0.294025
747,678436850,-0.645942,-0.135762,0.744369,-0.101442,0.249648,-0.544794,0.189341
748,678470184,-0.649662,-0.135446,0.741953,-0.095637,0.685099,-0.265220,0.334812
749,678503518,-0.654177,-0.135827,0.738562,-0.090431,0.368947,0.009288,0.069673
750,678536852,-0.658198,-0.135094,0.735883,-0.083958,0.404560,0.135897,0.071234
751,678570186,-0.662480,-0.134385,0.732904,-0.077202,0.150136,0.190521,-0.028124
752,678603520,-0.666106,-0.133871,0.730320,-0.071142,0.182332,-0.058432,0.044723
753,678636854,-0.668977,-0.133059,0.728321,-0.066047,0.180053,-0.003093,-0.024241
754,678670188,-0.671402,-0.132901,0.726531,-0.061293,0.377398,-0.003788,0.205641
755,678703522,-0.673767,-0.132096,0.724919,-0.055929,0.545112,0.088112,-0.045195
756,678736856,-0.676125,-0.130602,0.723370,-0.050811,0.008340,0.206679,0.054757
757,678770190,-0.677888,-0.130316,0.721995,-0.047499,0.149479,0.003796,0.132200
758,678803524,-0.679902,-0.130281,0.720297,-0.044495,0.267064,0.026624,0.234852
759,678836858,-0.682239,-0.129791,0.718354,-0.041460,0.391221,0.088063,0.238877
760,678870192,-0.684693,-0.129108,0.716276,-0.039025,0.383267,0.375965,0.276345
761,678903526,-0.687189,-0.127386,0.714339,-0.036209,0.358780,0.418940,0.463899
762,678936860,-0.690731,-0.124727,0.711519,-0.033524,-0.013183,0.712749,0.280640
763,678970194,-0.695406,-0.120218,0.707924,-0.029147,-0.014224,1.174909,0.254405
764,679003528,-0.700966,-0.112405,0.703998,-0.021160,-0.513666,1.849024,0.051748
765,679036862,-0.706241,-0.103797,0.700245,-0.012462,-0.817421,2.235895,0.461587
766,679070196,-0.710491,-0.097241,0.696981,-0.003398,-0.228411,2.211620,0.848758
767,679103530,-0.704324,-0.081300,0.705135,0.012247,3.038252,-4.485433,-2.693882
768,679136864,-0.696270,-0.050727,0.715086,0.036520,1.647183,-9.085571,-1.196300
769,679170198,-0.692481,-0.035767,0.719303,0.042925,0.880143,-5.201496,-0.325797
770,679203532,-0.693366,-0.030708,0.718805,0.040830,-2.035803,1.590417,1.466971
771,679236866,-0.686314,-0.037106,0.725551,0.034923,1.087560,2.705606,0.045411
772,679270200,-0.678434,-0.050241,0.732620,0.022793,-0.371490,3.129333,0.950465
773,679303534,-0.672442,-0.050460,0.738289,0.015900,-2.073204,2.376857,-0.121538
774,679336868,-0.667021,-0.043800,0.743566,0.017968,0.294886,2.178029,0.607587
775,679370202,-0.666390,-0.031600,0.744317,0.031085,0.054625,1.322995,0.002559
776,679403536,-0.665079,-0.025194,0.745501,0.036203,-1.784888,-0.336308,-0.066733
777,679436870,-0.662550,-0.028727,0.747938,0.028967,-0.737327,-1.338167,0.417694
778,679470204,-0.661184,-0.033829,0.749176,0.021795,0.412528,-0.854221,0.304861
779,679503538,-0.660117,-0.034443,0.750119,0.020707,0.913311,0.224704,0.101637
780,679536872,-0.657876,-0.030839,0.752159,0.023533,0.653257,0.619623,-0.022413
781,679570206,-0.655740,-0.028403,0.754129,0.023129,-0.023526,0.271910,0.364797
782,679603540,-0.655148,-0.027996,0.754732,0.020593,-0.532061,0.242457,0.327423
783,679636874,-0.655325,-0.027573,0.754628,0.019327,-0.702507,0.148719,0.152038
784,679670208,-0.655620,-0.026640,0.754399,0.019550,-0.652412,0.114596,0.111891
785,679703542,-0.655633,-0.026539,0.754397,0.019347,-0.079542,0.033583,0.264029
786,679736876,-0.655862,-0.027331,0.754201,0.018089,0.288218,-0.132301,0.125731
787,679770210,-0.656170,-0.028069,0.753941,0.016543,0.257354,-0.268357,0.032651
788,679803544,-0.656266,-0.028096,0.753867,0.016087,0.070990,-0.405944,0.079795
789,679836878,-0.655750,-0.028360,0.754320,0.015423,0.076970,-0.379574,0.128571
790,679870212,-0.654779,-0.029084,0.755162,0.013988,0.030761,-0.230265,0.097881
791,679903546,-0.653867,-0.030211,0.755942,0.012043,-0.057632,-0.000219,0.136570
792,679936880,-0.653239,-0.031117,0.756469,0.010637,0.001295,0.212712,0.197080
793,679970214,-0.652730,-0.031588,0.756902,0.009653,-0.102421,0.114051,0.138301
794,680003548,-0.652183,-0.031802,0.757373,0.008979,-0.088581,0.018371,0.146626
795,680036882,-0.651656,-0.031831,0.757830,0.008575,-0.052995,-0.067110,0.148522
796,680070216,-0.651091,-0.032203,0.758307,0.007872,-0.000292,-0.158990,0.123697
797,680103550,-0.650442,-0.032844,0.758846,0.006861,0.086449,-0.150295,0.107336
798,680136884,-0.649663,-0.033221,0.759503,0.006166,0.180091,-0.117523,0.119407
799,680170218,-0.648794,-0.033374,0.760242,0.005659,0.117697,-0.144018,0.123952
800,680203552,-0.647728,-0.033656,0.761145,0.004695,0.134229,-0.122442,0.126392
801,680236886,-0.646638,-0.033742,0.762071,0.003943,0.065475,-0.091244,0.145534
802,680270220,-0.645601,-0.033844,0.762949,0.003320,0.030149,-0.068128,0.158232
803,680303554,-0.644662,-0.033837,0.763745,0.002785,0.014646,-0.009379,0.138600
804,680336888,-0.643912,-0.033749,0.764383,0.002275,-0.050683,0.051934,0.125295
805,680370222,-0.643423,-0.033541,0.764804,0.002019,-0.023191,0.069002,0.176362
806,680403556,-0.643046,-0.033174,0.765137,0.001951,-0.049492,0.024438,0.166892
807,680436890,-0.642695,-0.032834,0.765447,0.001855,-0.054752,-0.009831,0.113739
808,680470224,-0.642378,-0.032594,0.765724,0.001682,-0.025971,-0.018011,0.156205
809,680503558,-0.642157,-0.032423,0.765917,0.001501,-0.029884,-0.027658,0.160154
810,680536892,-0.641913,-0.032265,0.766129,0.001295,0.000082,0.006778,0.119086
811,680570226,-0.641663,-0.032061,0.766347,0.001163,0.016843,-0.048230,0.141008
812,680603560,-0.641497,-0.031847,0.766494,0.001006,-0.010060,-0.042399,0.112992
813,680636894,-0.641326,-0.031720,0.766643,0.000813,-0.027354,-0.052314,0.143329
814,680670228,-0.641046,-0.031647,0.766881,0.000546,-0.026853,-0.045967,0.148166
815,680703562,-0.640714,-0.031528,0.767163,0.000368,-0.013982,-0.061221,0.131632
816,680736896,-0.640406,-0.031512,0.767421,0.000136,-0.027832,-0.000329,0.150337
817,680770230,-0.640166,-0.031627,0.767617,-0.000237,-0.072772,0.047503,0.114942
818,680803564,-0.639990,-0.031679,0.767761,-0.000534,-0.072858,0.064540,0.154751
819,680836898,-0.639830,-0.031670,0.767894,-0.000705,-0.068607,0.066199,0.135226
820,680870232,-0.639616,-0.031640,0.768073,-0.000883,-0.024125,-0.009537,0.122521
821,680903566,-0.639401,-0.031744,0.768248,-0.001219,-0.010687,-0.082386,0.142126
822,680936900,-0.639236,-0.031881,0.768379,-0.001546,-0.000010,-0.069436,0.124779
823,680970234,-0.639044,-0.031989,0.768534,-0.001737,-0.001733,-0.031942,0.110447
824,681003568,-0.638705,-0.032124,0.768809,-0.002039,0.025908,-0.058994,0.101675
825,681036902,-0.638359,-0.032112,0.769097,-0.002190,0.053602,-0.033517,0.099882
826,681070236,-0.638111,-0.032021,0.769306,-0.002265,-0.035938,-0.022339,0.127605
827,681103570,-0.637685,-0.032058,0.769657,-0.002524,-0.058754,-0.006540,0.140349
828,681136904,-0.637134,-0.032222,0.770104,-0.002874,-0.073353,0.011266,0.111491
829,681170238,-0.636654,-0.032306,0.770497,-0.003114,-0.030364,0.076288,0.156317
830,681203572,-0.636326,-0.032246,0.770770,-0.003227,-0.040551,0.096110,0.164210
831,681236906,-0.635961,-0.032109,0.771077,-0.003299,-0.036432,0.105406,0.137603
832,681270240,-0.635698,-0.031962,0.771300,-0.003263,-0.112806,0.089271,0.196242
833,681303574,-0.635641,-0.031943,0.771347,-0.003279,-0.153606,0.118632,0.155373
834,681336908,-0.635654,-0.031932,0.771337,-0.003355,-0.134798,0.105361,0.158292
835,681370242,-0.635731,-0.031816,0.771279,-0.003208,-0.064800,0.067906,0.120279
836,681403576,-0.635844,-0.031596,0.771196,-0.002971,0.013448,-0.008030,0.117378
837,681436910,-0.635896,-0.031222,0.771169,-0.002625,0.014945,-0.074896,0.081435
838,681470244,-0.635674,-0.030789,0.771371,-0.002230,0.058536,-0.139696,0.115575
839,681503578,-0.635239,-0.030365,0.771747,-0.001901,0.066472,-0.154107,0.074533
840,681536912,-0.634694,-0.029978,0.772212,-0.001643,0.072483,-0.122661,0.130571
841,681570246,-0.633978,-0.029633,0.772812,-0.001510,0.000219,-0.080680,0.080040
842,681603580,-0.633177,-0.029265,0.773483,-0.001336,-0.085354,-0.015517,0.111081
843,681636914,-0.632332,-0.028903,0.774188,-0.001155,-0.083278,0.078078,0.184665
844,681670248,-0.631401,-0.028678,0.774956,-0.001252,-0.223276,0.047379,0.090075
845,681703582,-0.630515,-0.028688,0.775676,-0.001460,-0.214460,0.155264,0.135065
846,681736916,-0.629834,-0.028425,0.776240,-0.001204,-0.159238,0.258887,0.176210
847,681770250,-0.629309,-0.027785,0.776689,-0.000506,-0.004252,0.236210,0.247252
848,681803584,-0.629185,-0.026869,0.776822,0.000513,-0.163712,0.225164,0.301211
849,681836918,-0.629710,-0.026092,0.776422,0.001432,-0.419075,0.170713,0.257112
850,681870252,-0.630620,-0.025750,0.775693,0.001830,-0.093837,0.239952,0.151079
851,681903586,-0.631365,-0.024949,0.775108,0.003448,0.182614,0.157032,0.177219
852,681936920,-0.632264,-0.023879,0.774398,0.005208,0.214555,0.029138,0.099268
853,681970254,-0.633133,-0.022637,0.773711,0.006978,0.147132,-0.195687,0.108019
854,682003588,-0.633767,-0.021221,0.773212,0.008956,0.105230,-0.322975,0.006661
855,682036922,-0.633941,-0.020195,0.773081,0.010237,-0.075254,-0.601123,0.030344
856,682070256,-0.633882,-0.019727,0.773135,0.010717,0.169149,-0.426232,-0.007250
857,682103590,-0.633644,-0.019329,0.773332,0.011327,0.289848,-0.207327,0.159779
858,682136924,-0.633328,-0.018734,0.773593,0.012112,0.278342,-0.091142,0.192385
859,682170258,-0.632993,-0.017950,0.773877,0.012630,0.003026,-0.228914,0.161872
860,682203592,-0.632905,-0.016894,0.773962,0.013306,0.091227,-0.009223,0.245666
861,682236926,-0.633395,-0.015604,0.773559,0.014904,-0.063926,0.133236,0.266192
862,682270260,-0.634291,-0.014840,0.772812,0.016271,0.060989,0.213917,0.241066
863,682303594,-0.635418,-0.014264,0.771875,0.017253,-0.145984,-0.022411,0.116347
864,682336928,-0.636713,-0.013507,0.770796,0.018329,-0.034932,0.000175,0.025419
865,682370262,-0.638228,-0.012475,0.769517,0.020032,0.063608,-0.123074,0.108341
866,682403596,-0.639647,-0.012096,0.768319,0.020949,-0.022856,-0.251075,0.116915
867,682436930,-0.640873,-0.012410,0.767285,0.021190,0.079011,-0.238355,0.184223
868,682470264,-0.641811,-0.012901,0.766496,0.021064,0.115296,-0.246928,0.124742
869,682503598,-0.642121,-0.012809,0.766235,0.021174,0.303539,-0.403189,0.133220
870,682536932,-0.641923,-0.012104,0.766403,0.021511,0.439773,-0.544109,0.162531
871,682570266,-0.641486,-0.011336,0.766776,0.021698,0.315242,-0.583553,-0.015957
872,682603600,-0.640507,-0.011026,0.767616,0.021048,0.293585,-0.595051,-0.070518
873,682636934,-0.639129,-0.010742,0.768800,0.019807,0.199953,-0.665081,-0.092484
874,682670268,-0.637167,-0.010323,0.770466,0.018486,0.351185,-0.568463,0.047900
875,682703602,-0.634485,-0.009770,0.772714,0.017151,0.491411,-0.503567,0.157043
876,682736936,-0.631173,-0.009323,0.775460,0.015596,0.371217,-0.530239,0.119566
877,682770270,-0.627998,-0.009334,0.778069,0.013703,0.153698,-0.187932,0.196887
878,682803604,-0.625507,-0.009214,0.780094,0.012528,-0.163353,0.419401,0.095980
879,682836938,-0.623922,-0.009124,0.781379,0.011542,-0.638465,0.938029,0.245391
880,682870272,-0.623875,-0.009260,0.781425,0.010764,-0.970912,1.340468,0.297974
881,682903606,-0.624779,-0.009580,0.780704,0.010479,-0.950546,1.191401,0.253895
882,682936940,-0.626226,-0.010131,0.779540,0.010222,-0.578384,0.764550,0.278344
883,682970274,-0.628189,-0.010820,0.777950,0.010153,-0.224957,0.197630,0.211066
884,683003608,-0.630133,-0.011832,0.776367,0.009787,0.082795,-0.348576,0.095057
885,683036942,-0.631304,-0.013318,0.775404,0.008681,0.341606,-0.785262,-0.011365
886,683070276,-0.631457,-0.014996,0.775266,0.006953,0.528491,-0.861134,0.062507
887,683103610,-0.631151,-0.016337,0.775501,0.005167,0.421051,-0.760055,-0.035081
888,683136944,-0.630035,-0.017378,0.776395,0.003577,0.504544,-0.471922,-0.049340
889,683170278,-0.628595,-0.018165,0.777548,0.002097,0.084463,-0.123622,0.014167
890,683203612,-0.628089,-0.018899,0.777942,0.001017,-0.345437,0.742497,0.361080
891,683236946,-0.628871,-0.019264,0.777301,0.001156,-0.862870,1.242965,0.277284
892,683270280,-0.630022,-0.019421,0.776364,0.001564,-0.692641,1.072729,0.143923
893,683303614,-0.631718,-0.019451,0.774982,0.002201,-0.475875,0.442742,0.276044
894,683336948,-0.633496,-0.019548,0.773526,0.002576,-0.019683,-0.307453,0.207172
895,683370282,-0.634887,-0.020062,0.772372,0.002449,0.235125,-0.784141,0.000307
896,683403616,-0.635358,-0.021427,0.771951,0.001278,0.539586,-0.884854,0.037384
897,683436950,-0.635108,-0.022799,0.772118,-0.000346,0.419571,-0.723988,0.046144
898,683470284,-0.634134,-0.023526,0.772895,-0.001474,0.338974,-0.282035,0.057826
899,683503618,-0.633520,-0.023695,0.773391,-0.002060,-0.092512,0.416370,0.181454
900,683536952,-0.633936,-0.023187,0.773067,-0.001437,-0.615037,1.073780,0.248532
901,683570286,-0.634827,-0.022430,0.772359,-0.000441,-0.751302,0.916286,0.182294
902,683603620,-0.635953,-0.021659,0.771454,0.000861,-0.495614,0.632874,0.228666
903,683636954,-0.637506,-0.020820,0.770191,0.002557,-0.104808,0.178603,0.182561
904,683670288,-0.639099,-0.020251,0.768879,0.003964,0.112107,-0.356662,0.072455
905,683703622,-0.640155,-0.020565,0.767991,0.004069,0.419972,-0.698491,0.024217
906,683736956,-0.640219,-0.020955,0.767929,0.003772,0.559535,-0.871391,0.018182
907,683770290,-0.639637,-0.020848,0.768415,0.003846,0.508131,-0.775177,0.021873
908,683803624,-0.638526,-0.020399,0.769350,0.004050,0.379990,-0.486025,0.038073
909,683836958,-0.636962,-0.020050,0.770656,0.003805,0.118444,-0.183014,0.036179
910,683870292,-0.636114,-0.019946,0.771360,0.003507,-0.440183,0.491283,0.369174
911,683903626,-0.637520,-0.019991,0.770194,0.004154,-1.052271,1.544981,0.424587
912,683936960,-0.640105,-0.020062,0.768039,0.005159,-1.070202,1.498377,0.238022
913,683970294,-0.643530,-0.019569,0.765170,0.006959,-0.588557,1.173057,0.322041
914,684003628,-0.647421,-0.018296,0.761880,0.009899,-0.092716,0.251195,0.244269
915,684036962,-0.651816,-0.017424,0.758105,0.012504,0.264906,-0.522633,0.215220
916,684070296,-0.657201,-0.017755,0.753394,0.014710,0.317808,-0.842843,0.238085
917,684103630,-0.661206,-0.018245,0.749809,0.017550,0.201865,-0.932754,-0.316329
918,684136964,-0.661500,-0.018735,0.749478,0.019949,1.137934,-1.728983,-0.262197
919,684170298,-0.659647,-0.018295,0.751100,0.020695,1.399680,-1.809538,-0.123796
920,684203632,-0.656603,-0.017324,0.753806,0.019927,0.713637,-1.322455,-0.322620
921,684236966,-0.651066,-0.017601,0.758649,0.017386,0.541528,-1.008938,-0.194304
922,684270300,-0.644546,-0.018712,0.764246,0.013640,0.171851,-0.514484,0.225002
923,684303634,-0.639913,-0.020092,0.768151,0.009928,-0.684040,0.954266,0.402495
924,684336968,-0.638808,-0.021031,0.769065,0.008304,-1.522388,2.674373,0.582441
925,684370302,-0.639887,-0.021570,0.768156,0.008002,-1.759232,2.924387,0.451889
926,684403636,-0.641424,-0.020920,0.766881,0.008952,-0.892038,1.724546,0.445972
927,684436970,-0.643568,-0.018505,0.765097,0.012377,-0.105631,0.500134,0.342308
928,684470304,-0.646501,-0.015504,0.762601,0.016830,0.371897,-0.400049,0.083564
929,684503638,-0.649750,-0.013687,0.759791,0.020090,0.289843,-0.950885,-0.062008
930,684536972,-0.651851,-0.013678,0.757964,0.020985,0.433383,-1.178670,-0.094717
931,684570306,-0.652201,-0.014616,0.757665,0.020278,0.683223,-1.166107,-0.035958
932,684603640,-0.651361,-0.015139,0.758396,0.019573,0.616005,-0.877464,0.066310
933,684636974,-0.649917,-0.014784,0.759640,0.019612,0.466946,-0.474392,0.002418
934,684670308,-0.648667,-0.014394,0.760718,0.019514,0.041184,-0.096347,0.162153
935,684703642,-0.648337,-0.014642,0.761007,0.019008,-0.596115,0.738706,0.306161
936,684736976,-0.649008,-0.015154,0.760433,0.018690,-0.922865,1.197698,0.171523
937,684770310,-0.650269,-0.015226,0.759342,0.019152,-0.778571,1.242044,0.271738
938,684803644,-0.652544,-0.014758,0.757357,0.020663,-0.470202,1.006652,0.375202
939,684836978,-0.655787,-0.013729,0.754504,0.022947,-0.124324,0.532273,0.164841
940,684870312,-0.659421,-0.012556,0.751271,0.025407,0.036976,0.032715,0.115232
941,684903646,-0.662980,-0.011878,0.748091,0.026896,0.156143,-0.404488,0.078076
942,684936980,-0.665818,-0.011267,0.745522,0.028376,0.302199,-0.570609,0.129566
943,684970314,-0.667776,-0.010889,0.743742,0.029212,0.408882,-0.645332,0.016306
944,685003648,-0.668652,-0.010460,0.742949,0.029508,0.504577,-0.703461,-0.025182
945,685036982,-0.668418,-0.009749,0.743159,0.029735,0.546515,-0.756310,0.014829
946,685070316,-0.667236,-0.008802,0.744222,0.030019,0.333640,-0.834528,0.040347
947,685103650,-0.664683,-0.008067,0.746515,0.029918,0.298710,-0.904041,0.036327
948,685136984,-0.660873,-0.007864,0.749920,0.029190,0.347980,-0.801928,-0.057114
949,685170318,-0.655972,-0.008333,0.754276,0.027337,0.314690,-0.658765,0.004737
950,685203652,-0.651285,-0.009519,0.758410,0.024480,0.017933,0.012732,0.207665
951,685236986,-0.648525,-0.010916,0.760833,0.021840,-0.671682,1.219247,0.294297
952,685270320,-0.647717,-0.011846,0.761548,0.020342,-1.158313,1.989377,0.376231
953,685303654,-0.648276,-0.012067,0.761076,0.020076,-1.125254,2.034233,0.423624
954,685336988,-0.649968,-0.011267,0.759608,0.021386,-0.851597,1.342983,0.395161
955,685370322,-0.652536,-0.009916,0.757356,0.023634,-0.383780,0.450043,0.244262
956,685403656,-0.655655,-0.009333,0.754623,0.024909,-0.149185,-0.359582,0.056429
957,685436990,-0.658795,-0.009697,0.751849,0.025819,0.413378,-0.665347,-0.009016
958,685470324,-0.661122,-0.010470,0.749774,0.026354,0.598956,-1.029725,0.094737
959,685503658,-0.661959,-0.011350,0.749031,0.026116,0.711393,-1.209969,-0.085705
960,685536992,-0.661057,-0.011907,0.749848,0.025238,0.841161,-1.281185,-0.026939
961,685570326,-0.658705,-0.011790,0.751938,0.024637,0.924502,-1.166621,-0.049791
962,685603660,-0.654479,-0.011347,0.755648,0.023936,0.683847,-1.310869,-0.103172
963,685636994,-0.648820,-0.011953,0.760580,0.021330,0.526841,-1.081001,-0.032136
964,685670328,-0.643349,-0.013517,0.765286,0.017446,0.047165,-0.100092,0.262460
965,685703662,-0.640364,-0.015229,0.767808,0.014837,-0.811837,1.425609,0.280729
966,685736996,-0.639272,-0.016733,0.768719,0.013081,-1.350573,2.112307,0.390143
967,685770330,-0.639948,-0.017395,0.768149,0.012623,-1.204202,2.326190,0.425333
968,685803664,-0.642736,-0.016479,0.765798,0.014827,-1.018921,1.925421,0.627471
969,685836998,-0.647553,-0.014493,0.761667,0.019421,-0.333063,0.747442,0.288690
970,685870332,-0.652360,-0.012245,0.757449,0.024405,0.062191,-0.341624,0.077552
971,685903666,-0.657046,-0.011997,0.753297,0.027157,0.156110,-0.902740,-0.056999
972,685937000,-0.660921,-0.013607,0.749859,0.027531,0.415495,-1.232962,-0.017245
973,685970334,-0.663474,-0.016368,0.747607,0.025808,0.796453,-1.275178,-0.224743
974,686003668,-0.663608,-0.017458,0.747504,0.024588,1.144815,-1.342592,-0.091672
975,686037002,-0.662188,-0.016521,0.748780,0.024718,0.970799,-1.153795,0.005869
976,686070336,-0.658763,-0.015052,0.751830,0.024589,0.919768,-1.080269,-0.064993
977,686103670,-0.653606,-0.014223,0.756384,0.022983,0.428927,-1.042509,-0.065043
978,686137004,-0.648115,-0.014924,0.761179,0.019446,0.108583,-0.527551,0.173991
979,686170338,-0.643571,-0.015881,0.765074,0.016522,-0.309687,0.361330,0.127526
980,686203672,-0.640514,-0.016994,0.767660,0.014117,-0.766493,1.398965,0.355531
981,686237006,-0.639777,-0.017681,0.768283,0.012743,-1.073754,2.249737,0.516178
982,686270340,-0.640970,-0.017413,0.767294,0.012775,-1.214452,2.103305,0.370977
983,686303674,-0.643115,-0.016192,0.765503,0.013923,-0.847045,1.334841,0.276391
984,686337008,-0.645985,-0.014002,0.763065,0.016937,-0.373668,0.622154,0.231564
985,686370342,-0.649168,-0.012175,0.760320,0.019832,-0.140093,-0.175747,0.103745
986,686403676,-0.652318,-0.011853,0.757592,0.021063,0.041161,-0.625596,0.047413
987,686437010,-0.654668,-0.012610,0.755551,0.021020,0.345960,-0.733293,0.013702
988,686470344,-0.655914,-0.013541,0.754468,0.020471,0.567460,-0.878819,0.014215
989,686503678,-0.656025,-0.013794,0.754371,0.020321,0.786932,-0.900019,0.043743
990,686537012,-0.655175,-0.013329,0.755116,0.020373,0.676002,-0.864232,0.040119
991,686570346,-0.653322,-0.012631,0.756744,0.019940,0.619201,-0.924627,-0.046783
992,686603680,-0.649995,-0.011991,0.759637,0.019028,0.390977,-0.957431,-0.041430
993,686637014,-0.646409,-0.012479,0.762736,0.016801,0.079344,-0.390276,0.256693
994,686670348,-0.644473,-0.013736,0.764398,0.014441,-0.609358,0.847776,0.240370
995,686703682,-0.643897,-0.015010,0.764892,0.012631,-0.945728,1.594597,0.229888
996,686737016,-0.644387,-0.015542,0.764480,0.011936,-0.869536,1.745855,0.308196
997,686770350,-0.645986,-0.015100,0.763129,0.012498,-0.651487,1.223289,0.368251
998,686803684,-0.648413,-0.014016,0.761062,0.014039,-0.263433,0.472036,0.238685
999,686837018,-0.651146,-0.012857,0.758709,0.015833,-0.111033,-0.269975,0.107294
1000,686870352,-0.653992,-0.012610,0.756241,0.016813,0.163447,-0.554003,0.030289
1001,686903686,-0.656310,-0.013139,0.754215,0.017081,0.261246,-0.720578,0.034909
1002,686937020,-0.657728,-0.014184,0.752975,0.016438,0.467773,-0.754694,0.037894
1003,686970354,-0.658181,-0.014748,0.752580,0.015880,0.566365,-0.678278,0.060361
1004,687003688,-0.657707,-0.014526,0.753002,0.015697,0.532030,-0.635687,0.071465
1005,687037022,-0.656596,-0.013899,0.753980,0.015799,0.411672,-0.510046,0.060184
1006,687070356,-0.654539,-0.013336,0.755782,0.015598,0.186018,-0.540081,0.076330
1007,687103690,-0.651662,-0.013443,0.758287,0.014330,0.103761,-0.466773,0.075200
1008,687137024,-0.648576,-0.014066,0.760950,0.012407,0.015601,-0.102136,0.120020
1009,687170358,-0.646348,-0.014910,0.762854,0.010668,-0.248972,0.475352,0.241404
1010,687203692,-0.644527,-0.015557,0.764400,0.009184,-0.430570,0.672797,0.133772
1011,687237026,-0.642889,-0.015804,0.765785,0.008062,-0.402206,0.706772,0.215258
1012,687270360,-0.641967,-0.015765,0.766565,0.007460,-0.330027,0.614879,0.200563
1013,687303694,-0.641715,-0.015485,0.766782,0.007510,-0.201233,0.365943,0.179984
1014,687337028,-0.641851,-0.015155,0.766669,0.008035,-0.119899,0.268185,0.192456
1015,687370362,-0.642323,-0.014828,0.766274,0.008572,-0.188068,0.065092,0.145710
1016,687403696,-0.642680,-0.014676,0.765974,0.008852,0.018153,-0.101385,0.131570
1017,687437030,-0.642829,-0.014471,0.765849,0.009224,0.156921,-0.196097,0.091091
1018,687470364,-0.642904,-0.014382,0.765787,0.009265,0.050121,-0.267679,0.099463
1019,687503698,-0.642796,-0.014406,0.765880,0.008970,0.052956,-0.277120,0.159800
1020,687537032,-0.642568,-0.014509,0.766072,0.008819,0.001225,-0.119564,0.135200
1021,687570366,-0.642131,-0.014697,0.766437,0.008570,-0.001199,0.036480,0.111456
1022,687603700,-0.641694,-0.014861,0.766803,0.008276,-0.036915,0.072156,0.134171
1023,687637034,-0.641443,-0.015043,0.767014,0.007897,-0.118483,0.037189,0.130987
1024,687670368,-0.641157,-0.015145,0.767253,0.007670,-0.091970,0.012740,0.131706
1025,687703702,-0.640817,-0.015298,0.767535,0.007531,-0.051280,0.051541,0.198045
1026,687737036,-0.640655,-0.015610,0.767667,0.007205,-0.031494,0.075182,0.157632
1027,687770370,-0.640555,-0.015792,0.767749,0.006974,-0.040394,0.080356,0.165392
1028,687803704,-0.640704,-0.015814,0.767625,0.006960,-0.108229,0.141095,0.183344
1029,687837038,-0.640943,-0.015763,0.767425,0.007081,-0.164275,0.162684,0.177327
1030,687870372,-0.641238,-0.015531,0.767179,0.007499,-0.052870,0.179433,0.138137
1031,687903706,-0.641617,-0.015171,0.766863,0.008089,-0.028416,0.097258,0.170449
1032,687937040,-0.642141,-0.014722,0.766427,0.008721,0.013466,0.109765,0.145513
1033,687970374,-0.642685,-0.014042,0.765971,0.009759,-0.063855,0.038464,0.125629
1034,688003708,-0.643198,-0.013308,0.765539,0.010826,-0.035054,-0.051270,0.120352
1035,688037042,-0.643715,-0.012651,0.765101,0.011746,-0.071744,-0.117446,0.090518
1036,688070376,-0.644120,-0.012103,0.764757,0.012551,0.063005,-0.015087,0.131410
1037,688103710,-0.644491,-0.011499,0.764437,0.013496,0.154785,-0.061758,0.126141
1038,688137044,-0.644896,-0.010846,0.764086,0.014526,0.084585,-0.067358,0.105938
1039,688170378,-0.645326,-0.010210,0.763716,0.015393,-0.017695,-0.110702,0.108424
1040,688203712,-0.645552,-0.009608,0.763519,0.016044,0.029269,-0.209385,0.135753
1041,688237046,-0.645532,-0.009183,0.763530,0.016556,0.184632,-0.212163,0.126141
1042,688270380,-0.645502,-0.008730,0.763548,0.017127,0.147526,-0.152465,0.115077
1043,688303714,-0.645474,-0.008177,0.763564,0.017721,0.069750,-0.112550,0.143477
1044,688337048,-0.645407,-0.007476,0.763612,0.018369,-0.038238,-0.134273,0.137686
1045,688370382,-0.645165,-0.006968,0.763813,0.018712,-0.021454,-0.137666,0.164663
1046,688403716,-0.645108,-0.006757,0.763859,0.018903,-0.027904,0.003919,0.171996
1047,688437050,-0.645160,-0.006612,0.763809,0.019196,0.056749,0.082584,0.144423
1048,688470384,-0.645243,-0.006313,0.763733,0.019542,0.027654,0.127967,0.128978
1049,688503718,-0.645294,-0.005718,0.763677,0.020192,-0.023875,0.059617,0.115513
1050,688537052,-0.645496,-0.005115,0.763492,0.020915,-0.071004,-0.045806,0.117553
1051,688570386,-0.645663,-0.004665,0.763334,0.021603,-0.084947,-0.039867,0.139702
1052,688603720,-0.645718,-0.004517,0.763280,0.021889,-0.021450,-0.062391,0.114759
1053,688637054,-0.645777,-0.004436,0.763223,0.022144,0.011239,-0.002782,0.164250
1054,688670388,-0.645959,-0.004217,0.763056,0.022632,-0.013355,0.027920,0.145901
1055,688703722,-0.646203,-0.003990,0.762838,0.023045,-0.006383,0.030844,0.117063
1056,688737056,-0.646350,-0.003694,0.762701,0.023510,-0.004529,-0.076561,0.093426
1057,688770390,-0.646344,-0.003552,0.762699,0.023769,0.006170,-0.116447,0.088404
1058,688803724,-0.646356,-0.003541,0.762681,0.023998,0.042049,-0.071194,0.141798
1059,688837058,-0.646462,-0.003545,0.762586,0.024186,0.042853,-0.053944,0.148843
1060,688870392,-0.646446,-0.003483,0.762597,0.024280,0.024055,-0.123438,0.142574
1061,688903726,-0.646346,-0.003360,0.762677,0.024426,0.020677,-0.041565,0.121179
1062,688937060,-0.646331,-0.003246,0.762685,0.024598,-0.055213,-0.007056,0.117488
1063,688970394,-0.646301,-0.003339,0.762710,0.024585,-0.050631,-0.005766,0.115274
1064,689003728,-0.646219,-0.003596,0.762785,0.024408,-0.044783,0.028427,0.168180
1065,689037062,-0.646062,-0.003854,0.762922,0.024247,-0.046709,0.022373,0.151370
1066,689070396,-0.645917,-0.003983,0.763046,0.024161,0.001268,0.009376,0.144078
1067,689103730,-0.645861,-0.003988,0.763090,0.024274,0.015284,0.030818,0.138088
1068,689137064,-0.646080,-0.004022,0.762899,0.024449,-0.031296,0.069875,0.124126
1069,689170398,-0.646626,-0.004195,0.762433,0.024521,-0.103634,0.157393,0.119529
1070,689203732,-0.647304,-0.004232,0.761849,0.024763,-0.181601,0.159261,-0.026457
1071,689237066,-0.648067,-0.004400,0.761193,0.024975,-0.066956,0.125303,0.566427
1072,689270400,-0.648782,-0.004384,0.760570,0.025368,0.012710,0.133325,0.373442
1073,689303734,-0.649733,-0.004503,0.759741,0.025841,0.003446,-0.055999,0.083011
1074,689337068,-0.651110,-0.004428,0.758541,0.026433,0.220801,-0.114136,-0.128127
1075,689370402,-0.652385,-0.004023,0.757424,0.027075,0.303160,-0.351523,-0.171651
1076,689403736,-0.653027,-0.003227,0.756848,0.027826,0.108923,-0.550932,0.027240
1077,689437070,-0.652550,-0.002550,0.757255,0.028009,0.043734,-0.707071,0.323295
1078,689470404,-0.650892,-0.002319,0.758700,0.027487,0.222783,-0.626423,0.307934
1079,689503738,-0.648461,-0.002558,0.760820,0.026323,0.484703,-0.493430,-0.077296
1080,689537072,-0.646233,-0.002864,0.762758,0.024955,0.350030,-0.224152,0.094845
1081,689570406,-0.644430,-0.002946,0.764315,0.023919,0.241993,0.019107,0.058208
1082,689603740,-0.642468,-0.002534,0.765987,0.023240,0.075486,0.023615,0.135077
1083,689637074,-0.640664,-0.001762,0.767513,0.022768,-0.074430,0.128245,0.076849
1084,689670408,-0.639990,-0.000999,0.768065,0.023135,-0.439145,0.584692,0.297257
1085,689703742,-0.640075,-0.000627,0.767990,0.023290,-0.673245,0.817663,0.132588
1086,689737076,-0.640602,-0.000681,0.767554,0.023170,-0.708579,0.911497,0.297338
1087,689770410,-0.641730,-0.000500,0.766600,0.023540,-0.488247,0.929447,0.251690
1088,689803744,-0.643528,-0.000273,0.765061,0.024524,-0.271523,0.521379,0.127745
1089,689837078,-0.645747,-0.000075,0.763153,0.025626,-0.129218,0.180008,0.221284
1090,689870412,-0.647936,0.000211,0.761260,0.026643,0.111383,-0.151869,0.102885
1091,689903746,-0.649581,0.000709,0.759810,0.027935,0.265194,-0.487841,0.094338
1092,689937080,-0.650182,0.001354,0.759254,0.029045,0.357032,-0.763365,0.065126
1093,689970414,-0.649306,0.001962,0.759982,0.029530,0.496224,-1.029052,-0.065184
1094,690003748,-0.647382,0.002285,0.761633,0.029227,0.486081,-1.149229,0.067669
1095,690037082,-0.643834,0.002214,0.764699,0.027482,0.676805,-1.123472,-0.104760
1096,690070416,-0.638879,0.002312,0.768913,0.025484,0.520494,-1.018360,-0.248836
1097,690103750,-0.634759,0.002082,0.772394,0.023062,0.094785,-0.172315,0.244833
1098,690137084,-0.632449,0.001541,0.774345,0.021085,-0.542792,1.115972,0.293748
1099,690170418,-0.631190,0.000999,0.775409,0.019660,-1.157792,1.716056,0.446154
1100,690203752,-0.631280,0.000655,0.775352,0.019007,-1.012511,1.829661,0.358743
1101,690237086,-0.632766,0.000602,0.774127,0.019540,-0.381177,1.198761,0.357752
1102,690270420,-0.634767,0.000945,0.772458,0.020631,0.200841,0.405413,0.178962
1103,690303754,-0.636640,0.001946,0.770860,0.022557,0.175437,-0.421854,-0.019972
1104,690337088,-0.637896,0.002320,0.769792,0.023473,0.137231,-1.138421,0.057581
1105,690370422,-0.638122,0.001490,0.769634,0.022558,0.172427,-1.205501,0.173208
1106,690403756,-0.637642,0.000146,0.770077,0.021013,0.369487,-0.745067,-0.059026
1107,690437090,-0.636834,-0.000996,0.770775,0.019882,0.446376,-0.353096,-0.088908
1108,690470424,-0.636185,-0.001852,0.771346,0.018405,0.093936,-0.099207,0.191571
1109,690503758,-0.635349,-0.002723,0.772070,0.016705,-0.277783,0.184993,0.302567
1110,690537092,-0.634731,-0.003158,0.772597,0.015749,-0.401560,0.511923,0.112549
1111,690570426,-0.634646,-0.003365,0.772664,0.015863,-0.014900,0.594429,0.157304
1112,690603760,-0.635143,-0.003401,0.772247,0.016245,-0.088427,0.453860,0.215736
1113,690637094,-0.635840,-0.003371,0.771670,0.016436,-0.241624,0.099789,0.228699
1114,690670428,-0.636478,-0.003384,0.771140,0.016568,-0.209895,-0.076374,0.108203
1115,690703762,-0.637223,-0.003691,0.770516,0.016905,-0.055655,-0.219238,0.037780
1116,690737096,-0.637762,-0.004823,0.770077,0.016303,0.200776,-0.271885,0.148943
1117,690770430,-0.637997,-0.006194,0.769897,0.015106,0.071267,-0.162993,0.207519
1118,690803764,-0.638266,-0.007015,0.769682,0.014302,0.048494,0.036943,0.124421
1119,690837098,-0.638627,-0.007124,0.769379,0.014455,0.126372,-0.008593,-0.037311
1120,690870432,-0.638978,-0.007169,0.769080,0.014803,-0.052939,-0.017732,0.226168
1121,690903766,-0.639158,-0.007513,0.768935,0.014418,-0.099265,0.018581,0.227309
1122,690937100,-0.639576,-0.007800,0.768589,0.014155,-0.077709,0.042952,0.096043
1123,690970434,-0.640132,-0.007989,0.768123,0.014221,-0.058246,-0.090387,0.081901
1124,691003768,-0.640469,-0.008356,0.767840,0.014133,0.047229,0.041023,0.158654
1125,691037102,-0.640628,-0.008820,0.767707,0.013825,-0.024215,0.122165,0.223659
1126,691070436,-0.640976,-0.009084,0.767416,0.013681,-0.071314,0.211464,0.111446
1127,691103770,-0.641519,-0.008985,0.766955,0.014134,-0.082138,0.043547,0.111110
1128,691137104,-0.642028,-0.008881,0.766524,0.014480,0.074914,0.095557,0.026332
1129,691170438,-0.642255,-0.008922,0.766332,0.014548,-0.109197,-0.006894,0.243758
1130,691203772,-0.642370,-0.009257,0.766238,0.014244,-0.138551,0.098019,0.293670
1131,691237106,-0.642704,-0.009252,0.765951,0.014580,0.005694,0.128169,0.050729
1132,691270440,-0.643272,-0.009135,0.765466,0.015114,0.121243,0.002990,0.064669
1133,691303774,-0.643686,-0.009066,0.765116,0.015212,0.072205,-0.102538,0.166868
1134,691337108,-0.644039,-0.008762,0.764814,0.015608,-0.079048,-0.076304,0.151944
1135,691370442,-0.644438,-0.008696,0.764471,0.015994,0.028253,-0.154172,0.045481
1136,691403776,-0.644873,-0.008780,0.764098,0.016257,0.125893,-0.178155,0.135232
1137,691437110,-0.645295,-0.008788,0.763740,0.016347,0.137123,-0.021029,0.065431
1138,691470444,-0.645648,-0.008398,0.763434,0.016852,-0.037283,0.066410,0.127527
1139,691503778,-0.645925,-0.008204,0.763197,0.017089,-0.075599,-0.048595,0.194525
1140,691537112,-0.646182,-0.008333,0.762980,0.017019,-0.147806,0.047129,0.156309
1141,691570446,-0.646391,-0.008596,0.762801,0.016962,-0.035351,0.029539,0.105985
1142,691603780,-0.646756,-0.008814,0.762488,0.017016,0.054517,0.002615,0.092997
1143,691637114,-0.647011,-0.008591,0.762265,0.017389,0.090650,-0.014907,0.117210
1144,691670448,-0.647110,-0.008113,0.762174,0.017917,-0.025437,-0.032646,0.087935
1145,691703782,-0.647069,-0.007825,0.762205,0.018249,-0.093595,0.000640,0.135468
1146,691737116,-0.646885,-0.007709,0.762355,0.018527,-0.115324,0.015312,0.165341
1147,691770450,-0.646669,-0.007850,0.762536,0.018540,-0.025160,0.117286,0.188394
1148,691803784,-0.646640,-0.008013,0.762562,0.018421,-0.182982,0.235154,0.108861
1149,691837118,-0.646616,-0.008503,0.762589,0.017921,-0.250339,0.266548,0.235633
1150,691870452,-0.646545,-0.009006,0.762652,0.017541,-0.079581,0.246240,0.166090
1151,691903786,-0.646520,-0.009216,0.762669,0.017631,0.113094,-0.023991,0.102841
1152,691937120,-0.646752,-0.009233,0.762468,0.017808,0.065271,-0.109302,0.102990
1153,691970454,-0.646783,-0.009306,0.762442,0.017758,0.019238,-0.074642,0.109534
1154,692003788,-0.646630,-0.009586,0.762573,0.017546,-0.134351,0.012202,0.155973
1155,692037122,-0.646432,-0.010011,0.762743,0.017243,-0.131504,0.107191,0.134895
1156,692070456,-0.646299,-0.010396,0.762854,0.017056,0.004941,0.095715,0.118799
1157,692103790,-0.646222,-0.010679,0.762921,0.016799,-0.001339,0.124234,0.109511
1158,692137124,-0.645941,-0.011058,0.763165,0.016285,-0.029611,0.022302,0.168249
1159,692170458,-0.645632,-0.011536,0.763431,0.015707,-0.052425,-0.028872,0.129705
1160,692203792,-0.645206,-0.012033,0.763792,0.015298,0.000146,0.000207,0.123401
1161,692237126,-0.644764,-0.012549,0.764165,0.014848,-0.015622,0.074115,0.168001
1162,692270460,-0.644404,-0.012973,0.764470,0.014456,-0.003030,0.130546,0.107064
1163,692303794,-0.644118,-0.013268,0.764712,0.014127,0.007603,0.071716,0.187416
1164,692337128,-0.643972,-0.013432,0.764835,0.013955,-0.090765,0.017528,0.132676
1165,692370462,-0.643820,-0.013610,0.764962,0.013832,-0.008042,0.003480,0.107950
1166,692403796,-0.643605,-0.013914,0.765142,0.013610,0.067107,-0.032972,0.130272
1167,692437130,-0.643426,-0.014176,0.765292,0.013348,0.089068,-0.058320,0.127029
1168,692470464,-0.643325,-0.014286,0.765378,0.013131,0.026432,-0.042475,0.058144
1169,692503798,-0.643030,-0.014428,0.765628,0.012901,0.037446,-0.027548,0.120769
1170,692537132,-0.642748,-0.014673,0.765865,0.012592,-0.014248,0.017412,0.225843
1171,692570466,-0.642668,-0.015148,0.765932,0.012007,-0.041009,0.044984,0.187708
1172,692603800,-0.642653,-0.015676,0.765942,0.011455,-0.079778,0.114065,0.144140
1173,692637134,-0.642602,-0.016116,0.765982,0.011089,-0.063994,0.050270,-0.000957
1174,692670468,-0.642634,-0.016502,0.765949,0.010895,0.008147,0.022693,0.232625
1175,692703802,-0.642670,-0.016599,0.765918,0.010802,0.161373,-0.005974,0.038994
1176,692737136,-0.642290,-0.016479,0.766241,0.010727,-0.013341,-0.053643,0.727242
1177,692770470,-0.641764,-0.016752,0.766688,0.009784,-0.500213,0.074412,0.431720
1178,692803804,-0.642276,-0.016915,0.766254,0.009930,-0.230994,0.489516,-0.299754
1179,692837138,-0.644215,-0.016415,0.764610,0.011718,0.786563,0.340062,0.111886
1180,692870472,-0.647455,-0.015504,0.761874,0.012509,0.536654,-0.450767,0.154301
1181,692903806,-0.649098,-0.014880,0.760485,0.012654,0.346961,-1.118124,-0.013831
1182,692937140,-0.649150,-0.014719,0.760443,0.012694,-0.230965,-0.818751,-0.081780
1183,692970474,-0.648525,-0.015232,0.760972,0.012352,0.132357,-0.251335,-0.016088
1184,693003808,-0.648031,-0.015690,0.761386,0.012167,0.289882,0.015481,-0.015197
1185,693037142,-0.647633,-0.015873,0.761731,0.011518,0.135795,0.194412,0.294465
1186,693070476,-0.647269,-0.015327,0.762054,0.011344,-0.413241,0.118061,0.143720
1187,693103810,-0.647149,-0.014728,0.762161,0.011788,-0.494454,0.331296,0.158735
1188,693137144,-0.647164,-0.014860,0.762144,0.011917,-0.180595,0.409025,0.054377
1189,693170478,-0.647323,-0.015926,0.762003,0.010918,-0.171745,0.130680,0.346748
1190,693203812,-0.647426,-0.016603,0.761910,0.010252,-0.190609,0.210419,0.232333
1191,693237146,-0.647719,-0.016442,0.761657,0.010803,0.129907,0.111156,-0.017983
1192,693270480,-0.648140,-0.016073,0.761299,0.011283,0.221198,-0.068884,0.107471
1193,693303814,-0.648092,-0.016547,0.761342,0.010419,-0.218609,-0.198974,0.343357
1194,693337148,-0.647895,-0.017043,0.761506,0.009901,-0.220116,0.156546,0.261384
1195,693370482,-0.648007,-0.016736,0.761410,0.010450,0.276272,0.288357,-0.054233
1196,693403816,-0.648486,-0.016061,0.761009,0.011015,0.318264,-0.194210,0.090704
1197,693437150,-0.648657,-0.015358,0.760877,0.011025,0.096726,-0.108058,-0.103732
1198,693470484,-0.648282,-0.015438,0.761201,0.010611,-0.450803,-0.140212,0.392882
1199,693503818,-0.647568,-0.016213,0.761803,0.009841,-0.409850,0.061414,0.289117
1200,693537152,-0.647297,-0.016629,0.762024,0.009874,0.210133,0.417530,0.081660
1201,693570486,-0.647563,-0.016558,0.761798,0.010000,0.370735,0.047070,-0.155478
1202,693603820,-0.647600,-0.016180,0.761777,0.009844,0.085193,-0.168543,0.049642
1203,693637154,-0.647230,-0.016192,0.762094,0.009591,-0.374434,-0.272575,0.437663
1204,693670488,-0.646733,-0.016818,0.762507,0.009198,-0.216889,-0.120103,0.240868
1205,693703822,-0.646694,-0.017029,0.762532,0.009474,0.404458,0.186224,-0.040074
1206,693737156,-0.646962,-0.016537,0.762310,0.009949,0.319546,-0.164035,-0.102959
1207,693770490,-0.646796,-0.015977,0.762462,0.009892,0.029202,-0.098257,0.041800
1208,693803824,-0.646013,-0.016168,0.763126,0.009592,-0.600423,-0.146561,0.509524
1209,693837158,-0.645608,-0.017225,0.763455,0.008843,-0.269399,0.188387,0.387856
1210,693870492,-0.645937,-0.017513,0.763169,0.008972,0.316844,0.467406,-0.085284
1211,693903826,-0.646417,-0.016985,0.762766,0.009647,0.334418,0.030171,-0.041770
1212,693937160,-0.646814,-0.016399,0.762442,0.009618,0.102532,-0.213470,0.015991
1213,693970494,-0.646822,-0.015973,0.762443,0.009696,-0.092425,-0.257962,0.279943
1214,694003828,-0.646320,-0.016620,0.762865,0.008911,-0.433980,-0.266130,0.279701
1215,694037162,-0.645423,-0.017687,0.763608,0.008174,-0.034569,0.397908,0.442824
1216,694070496,-0.645441,-0.017863,0.763587,0.008333,0.033450,0.577112,-0.097290
1217,694103830,-0.645903,-0.017255,0.763203,0.008982,0.338722,0.090030,-0.137738
1218,694137164,-0.646242,-0.016399,0.762928,0.009581,0.112180,-0.454227,0.112749
1219,694170498,-0.646419,-0.015968,0.762785,0.009711,-0.011690,-0.426769,0.060499
1220,694203832,-0.646096,-0.016251,0.763059,0.009200,-0.057644,-0.307589,0.183915
1221,694237166,-0.645315,-0.016841,0.763713,0.008644,-0.171056,-0.003726,0.180230
1222,694270500,-0.644344,-0.017506,0.764523,0.008171,-0.181933,0.442814,0.133183
1223,694303834,-0.643849,-0.018203,0.764929,0.007678,-0.228181,0.648097,0.644637
1224,694337168,-0.644270,-0.018189,0.764576,0.007591,-0.029162,0.576666,-0.017112
1225,694370502,-0.645329,-0.017680,0.763686,0.008307,0.258634,-0.150573,0.043294
1226,694403836,-0.646300,-0.016831,0.762876,0.009042,0.199500,-0.503927,-0.088169
1227,694437170,-0.646328,-0.016487,0.762857,0.009291,0.138252,-0.507555,0.082826
1228,694470504,-0.646030,-0.016928,0.763108,0.008550,-0.137236,-0.179298,0.194363
1229,694503838,-0.645274,-0.017668,0.763738,0.007914,-0.225225,0.100745,0.447287
1230,694537172,-0.645105,-0.018156,0.763871,0.007727,-0.091844,0.543487,0.166260
1231,694570506,-0.645657,-0.017617,0.763408,0.008549,0.239629,0.488249,-0.100490
1232,694603840,-0.646572,-0.016608,0.762645,0.009448,0.280258,-0.369839,-0.051197
1233,694637174,-0.646932,-0.016128,0.762347,0.009693,-0.166772,-0.706012,0.270771
1234,694670508,-0.646791,-0.016941,0.762457,0.009021,-0.359518,-0.152192,0.334911
1235,694703842,-0.646896,-0.017998,0.762348,0.008594,0.085135,0.316260,0.171647
1236,694737176,-0.647837,-0.018091,0.761542,0.008970,0.563779,0.195428,-0.212447
1237,694770510,-0.648878,-0.017138,0.760668,0.009774,0.420579,-0.155151,-0.021925
1238,694803844,-0.649298,-0.015992,0.760331,0.010066,-0.118175,-0.204023,-0.036193
1239,694837178,-0.648984,-0.016142,0.760603,0.009496,-0.853077,-0.209536,0.511707
1240,694870512,-0.648154,-0.017316,0.761293,0.008821,-0.604649,0.483303,0.505004
1241,694903846,-0.648130,-0.017708,0.761296,0.009464,0.047497,0.862942,0.007154
1242,694937180,-0.649137,-0.017350,0.760437,0.010154,0.444759,0.408541,-0.264460
1243,694970514,-0.649947,-0.016223,0.759759,0.010991,0.058254,-0.295931,0.064342
1244,695003848,-0.650025,-0.015377,0.759702,0.011442,-0.191848,-0.374251,0.090434
1245,695037182,-0.649625,-0.015962,0.760038,0.011075,-0.424811,-0.245990,0.369803
1246,695070516,-0.648776,-0.017383,0.760741,0.010435,-0.209134,0.262603,0.385366
1247,695103850,-0.648637,-0.018219,0.760840,0.010408,0.242077,0.608534,0.118494
1248,695137184,-0.649621,-0.017824,0.760004,0.010782,0.254385,0.270367,-0.175322
1249,695170518,-0.650292,-0.016502,0.759444,0.011829,0.149852,-0.270229,-0.021876
1250,695203852,-0.650153,-0.015543,0.759573,0.012533,-0.259338,-0.535269,0.164217
1251,695237186,-0.649602,-0.016103,0.760038,0.012144,-0.567601,-0.063449,0.273274
1252,695270520,-0.648545,-0.017383,0.760923,0.011482,-0.260823,0.531370,0.246695
1253,695303854,-0.647572,-0.017972,0.761732,0.011796,0.069233,0.766086,0.352337
1254,695337188,-0.647418,-0.017569,0.761866,0.012203,0.128132,0.571246,-0.097913
1255,695370522,-0.647399,-0.016247,0.761892,0.013377,0.136931,0.011161,-0.067559
1256,695403856,-0.647318,-0.015178,0.761963,0.014465,-0.046142,-0.329369,0.069492
1257,695437190,-0.646621,-0.015015,0.762555,0.014637,-0.092644,-0.413818,0.179595
1258,695470524,-0.645271,-0.015584,0.763707,0.013490,-0.038256,-0.505586,0.171766
1259,695503858,-0.644076,-0.016275,0.764715,0.012650,0.362462,0.078659,0.134654
1260,695537192,-0.642900,-0.016044,0.765711,0.012492,0.260943,0.063020,0.084515
1261,695570526,-0.641812,-0.015974,0.766636,0.011811,0.084498,0.072550,0.114667
1262,695603860,-0.640721,-0.015468,0.767561,0.011654,-0.109918,0.211132,0.139932
1263,695637194,-0.639784,-0.015265,0.768347,0.011581,-0.244595,0.235583,0.182711
1264,695670528,-0.638815,-0.015588,0.769156,0.010884,-0.213719,-0.109589,0.219306
1265,695703862,-0.637883,-0.016757,0.769931,0.008819,-0.096637,-0.171781,0.282581
1266,695737196,-0.637299,-0.018280,0.770403,0.006511,0.075752,0.126550,0.064180
1267,695770530,-0.636772,-0.019278,0.770823,0.005503,0.238172,0.252666,0.007611
1268,695803864,-0.636326,-0.019612,0.771187,0.004799,0.195686,0.074155,0.040837
1269,695837198,-0.635987,-0.019081,0.771480,0.004792,0.104549,0.093729,0.141803
1270,695870532,-0.635607,-0.017852,0.771816,0.005778,-0.024618,0.043511,0.152822
1271,695903866,-0.635200,-0.016909,0.772168,0.006299,-0.223488,0.040175,0.307205
1272,695937200,-0.635116,-0.016277,0.772246,0.006797,-0.202165,0.493778,0.260280
1273,695970534,-0.635166,-0.015764,0.772211,0.007253,-0.286668,0.522176,0.339374
1274,696003868,-0.635262,-0.014588,0.772144,0.008441,0.035456,0.400715,0.232081
1275,696037202,-0.635601,-0.012583,0.771873,0.010650,-0.043747,0.139001,0.214941
1276,696070536,-0.635958,-0.010811,0.771578,0.012501,-0.119362,0.052591,0.229487
1277,696103870,-0.636024,-0.009835,0.771518,0.013590,-0.197141,-0.289801,0.334545
1278,696137204,-0.636280,-0.009641,0.771297,0.014267,0.010152,-0.093663,0.093425
1279,696170538,-0.636698,-0.009798,0.770937,0.014985,0.244001,-0.227871,0.166797
1280,696203872,-0.637134,-0.009936,0.770570,0.015226,0.478994,-0.542855,0.195199
1281,696237206,-0.637447,-0.009473,0.770298,0.016175,0.548091,-0.512170,0.097177
1282,696270540,-0.637904,-0.008784,0.769901,0.017386,0.330225,-0.506834,-0.230007
1283,696303874,-0.638292,-0.008287,0.769570,0.017980,0.400685,-0.604217,-0.590381
1284,696337208,-0.639093,-0.007542,0.768907,0.018247,0.199842,-0.529576,-1.078144
1285,696370542,-0.639838,-0.006018,0.768287,0.018817,0.617421,-0.467703,-1.145817
1286,696403876,-0.638921,-0.003293,0.768999,0.021379,0.755987,-1.030777,0.101385
1287,696437210,-0.636624,-0.003436,0.770981,0.018294,0.002472,-1.525982,1.447559
1288,696470544,-0.634330,-0.006200,0.772962,0.012844,-0.101673,-0.283418,0.618627
1289,696503878,-0.631661,-0.009853,0.775175,0.007651,0.133916,0.247202,0.483515
1290,696537212,-0.629556,-0.011747,0.776879,0.005330,0.044855,1.073107,0.083099
1291,696570546,-0.629313,-0.011755,0.777076,0.005363,-0.754230,1.888683,0.190090
1292,696603880,-0.630725,-0.010584,0.775947,0.005282,-0.710215,1.302806,0.348717
1293,696637214,-0.631620,-0.008577,0.775228,0.007258,-0.210997,-0.099667,0.202340
1294,696670548,-0.632205,-0.008572,0.774743,0.008005,-0.326936,-0.901531,0.103885
1295,696703882,-0.633251,-0.010777,0.773877,0.006258,0.163439,-0.679748,0.082134
1296,696737216,-0.634424,-0.012668,0.772892,0.005544,-0.105336,-0.337932,-0.087168
1297,696770550,-0.635653,-0.014669,0.771851,0.004943,-0.206020,0.179654,0.057857
1298,696803884,-0.635787,-0.017394,0.771693,0.003209,0.397747,0.015494,0.333286
1299,696837218,-0.635240,-0.021058,0.772059,0.000427,0.022074,-0.608434,-0.034220
1300,696870552,-0.635030,-0.025957,0.772075,-0.003504,-0.415074,-0.362652,0.197649
1301,696903886,-0.635975,-0.030873,0.771089,-0.007253,-0.773643,0.576508,0.259158
1302,696937220,-0.636465,-0.033625,0.770566,-0.007604,-0.380588,0.702829,0.516206
1303,696970554,-0.636199,-0.035157,0.770721,-0.007189,-0.080819,0.362447,0.053511
1304,697003888,-0.637254,-0.036268,0.769800,-0.006881,-0.370557,0.187033,0.217906
1305,697037222,-0.639169,-0.037776,0.768140,-0.006723,-0.256456,-0.129728,0.139001
1306,697070556,-0.640874,-0.040452,0.766581,-0.006795,-0.164513,-0.183487,0.109506
1307,697103890,-0.642365,-0.043244,0.765177,-0.006943,0.019558,0.108453,0.279802
1308,697137224,-0.647374,-0.046446,0.760775,-0.004437,0.399520,-0.049732,1.191093
1309,697170558,-0.653238,-0.048528,0.755627,-0.000071,-0.824194,0.421843,-0.167925
1310,697203892,-0.658329,-0.053481,0.750859,0.001463,-1.048143,0.716049,0.468390
1311,697237226,-0.662350,-0.059770,0.746839,0.000567,0.657806,0.027732,-0.651919
1312,697270560,-0.664320,-0.064279,0.744712,0.000550,0.805660,-0.248569,0.157519
1313,697303894,-0.666369,-0.065972,0.742728,0.001926,0.714123,-0.179617,0.005260
1314,697337228,-0.668840,-0.066075,0.740484,0.004320,0.168531,0.343608,0.209284
1315,697370562,-0.671769,-0.064724,0.737918,0.007861,-0.198176,0.708048,0.132540
1316,697403896,-0.674959,-0.063184,0.735085,0.011615,-0.217838,0.451353,0.317048
1317,697437230,-0.678015,-0.061665,0.732331,0.015249,0.224450,0.114472,0.126963
1318,697470564,-0.680948,-0.058837,0.729734,0.019594,0.263637,-0.346220,0.053842
1319,697503898,-0.683707,-0.055980,0.727248,0.023870,0.357230,-0.324231,0.255515
1320,697537232,-0.686160,-0.053882,0.724977,0.027170,0.677002,-0.454068,0.318917
1321,697570566,-0.688143,-0.051420,0.723131,0.030746,0.873123,-0.460377,0.159134
1322,697603900,-0.689450,-0.047977,0.721933,0.034880,0.723194,-0.552135,0.378801
1323,697637234,-0.690301,-0.045005,0.721178,0.037532,0.416960,-0.077581,0.328748
1324,697670568,-0.691402,-0.041319,0.720194,0.040302,0.197905,0.459615,0.158346
1325,697703902,-0.692247,-0.036964,0.719425,0.043612,-0.320298,0.162490,0.094455
1326,697737236,-0.693177,-0.035600,0.718569,0.044108,-0.208174,0.358214,0.235161
1327,697770570,-0.694247,-0.035212,0.717615,0.043106,-0.330238,0.853490,-0.087225
1328,697803904,-0.693197,-0.034178,0.718676,0.043160,-0.243810,0.045638,-0.532413
1329,697837238,-0.691122,-0.033640,0.720600,0.044749,0.358570,-0.054225,-0.202727
1330,697870572,-0.688696,-0.034999,0.722846,0.044877,0.076664,-0.062077,-0.139067
1331,697903906,-0.684985,-0.037985,0.726297,0.043519,0.384801,-0.457661,-0.193573
1332,697937240,-0.681475,-0.041471,0.729538,0.041170,0.417518,-0.542171,-0.160239
1333,697970574,-0.677710,-0.043497,0.733015,0.039420,0.072263,0.168128,-0.197893
1334,698003908,-0.673758,-0.042887,0.736630,0.040418,0.553768,0.278236,-0.058980
1335,698037242,-0.670671,-0.040303,0.739501,0.041979,0.043329,-0.011390,-0.136005
1336,698070576,-0.667922,-0.036876,0.742051,0.043921,-0.323937,0.062173,-0.197912
1337,698103910,-0.665658,-0.034305,0.744191,0.044166,-0.168229,0.352312,0.309226
1338,698137244,-0.665136,-0.031137,0.744746,0.045010,-0.350218,1.714716,1.115069
1339,698170578,-0.664403,-0.028800,0.745495,0.044988,-0.622584,0.617352,0.391355
1340,698203912,-0.662696,-0.028564,0.747173,0.042407,-0.222382,0.337216,0.577772
1341,698237246,-0.661623,-0.028947,0.748346,0.037988,-0.101775,-0.352254,-0.027372
1342,698270580,-0.661174,-0.030235,0.748976,0.031903,0.387765,0.106983,-0.033189
1343,698303914,-0.660301,-0.031243,0.749930,0.026050,0.650789,0.010167,-0.272659
1344,698337248,-0.659961,-0.031546,0.750372,0.021131,0.656289,0.489033,-0.292216
1345,698370582,-0.660036,-0.030443,0.750444,0.017519,-0.552564,0.069936,0.406412
1346,698403916,-0.659685,-0.029627,0.750878,0.012963,-0.457026,-0.068225,0.527061
1347,698437250,-0.659434,-0.028554,0.751188,0.009834,-0.301543,-0.111311,0.129980
1348,698470584,-0.659128,-0.028729,0.751491,0.005899,-0.232112,0.115237,0.348112
1349,698503918,-0.658512,-0.030061,0.752001,0.000439,-0.129798,-0.157274,-0.019856
1350,698537252,-0.657719,-0.032463,0.752570,-0.006147,-0.340649,-0.047985,0.584375
1351,698570586,-0.656031,-0.035032,0.753842,-0.012896,-0.155322,-0.193738,0.385158
1352,698603920,-0.655905,-0.036191,0.753814,-0.017050,0.467267,0.304790,-0.289191
1353,698637254,-0.656153,-0.035561,0.753589,-0.018705,0.544244,-0.317347,-0.105657
1354,698670588,-0.656021,-0.034997,0.753668,-0.021077,0.214939,-0.019064,0.173321
1355,698703922,-0.655131,-0.034119,0.754426,-0.023000,-0.722245,0.317454,0.177167
1356,698737256,-0.653681,-0.033033,0.755693,-0.024208,-1.099243,0.385344,0.403917
1357,698770590,-0.653245,-0.032743,0.756049,-0.025233,-0.667547,0.384356,0.112726
1358,698803924,-0.653945,-0.031913,0.755440,-0.026378,-0.723597,0.311756,0.184145
1359,698837258,-0.654659,-0.032048,0.754757,-0.027987,-0.840141,0.184328,0.454826
1360,698870592,-0.655626,-0.033841,0.753708,-0.031318,-0.590840,0.294935,0.130056
1361,698903926,-0.656296,-0.035721,0.752924,-0.033951,-0.260224,-0.109199,0.035764
1362,698937260,-0.657042,-0.037185,0.752093,-0.036277,-0.062180,-0.502312,0.209450
1363,698970594,-0.657772,-0.038393,0.751289,-0.038384,0.429055,-0.158633,-0.075354
1364,699003928,-0.658219,-0.039402,0.750772,-0.039805,0.260204,-0.230771,0.072461
1365,699037262,-0.658175,-0.040020,0.750732,-0.040664,-0.039327,-0.376215,0.258670
1366,699070596,-0.658510,-0.040971,0.750330,-0.041687,-0.036400,0.106573,0.122039
1367,699103930,-0.659031,-0.041548,0.749864,-0.041267,0.194841,-0.296531,0.096397
1368,699137264,-0.659833,-0.041701,0.749184,-0.040662,0.528913,-0.431682,-0.020210
1369,699170598,-0.659882,-0.041576,0.749216,-0.039368,0.108057,-0.619401,0.178941
1370,699203932,-0.659661,-0.041740,0.749455,-0.038348,-0.211853,-0.393969,0.254808
1371,699237266,-0.659518,-0.041636,0.749678,-0.036507,-0.078930,-0.076910,0.079596
1372,699270600,-0.659437,-0.041144,0.749906,-0.033763,-0.498242,0.152715,0.179327
1373,699303934,-0.659555,-0.040958,0.749933,-0.030942,-0.952038,0.351329,0.269011
1374,699337268,-0.660031,-0.041104,0.749633,-0.027711,-0.736187,0.288024,0.131650
1375,699370602,-0.661037,-0.041504,0.748857,-0.023853,-0.219590,-0.499572,0.102482
1376,699403936,-0.661758,-0.041990,0.748310,-0.019838,0.237614,-0.891445,-0.020014
1377,699437270,-0.661932,-0.042719,0.748204,-0.016114,-0.298579,-0.684985,0.382772
1378,699470604,-0.661576,-0.044411,0.748478,-0.013153,-0.938629,-0.214599,0.286276
1379,699503938,-0.661753,-0.045740,0.748304,-0.008958,-0.344261,0.359828,0.197811
1380,699537272,-0.662898,-0.045736,0.747339,-0.002728,0.180592,0.041631,-0.098523
1381,699570606,-0.664180,-0.045739,0.746197,0.003327,0.007150,-0.001186,-0.002749
1382,699603940,-0.665347,-0.046944,0.745042,0.008408,-0.622415,-0.014770,0.357693
1383,699637274,-0.666137,-0.049303,0.744124,0.012561,-0.647449,-0.319667,0.406004
1384,699670608,-0.667556,-0.052186,0.742597,0.015640,0.254201,0.524155,0.283478
1385,699703942,-0.669736,-0.053643,0.740403,0.020698,1.230502,1.051075,0.328931
1386,699737276,-0.672146,-0.052819,0.738047,0.027666,0.924020,0.102636,-0.189866
1387,699770610,-0.674005,-0.052197,0.736145,0.033637,0.736897,-0.637778,-0.070543
1388,699803944,-0.675996,-0.050753,0.734080,0.040343,0.994564,-0.524625,0.326137
1389,699837278,-0.677736,-0.048862,0.732238,0.046489,0.254572,-0.598940,0.058712
1390,699870612,-0.678582,-0.050145,0.731238,0.048480,0.163534,0.350843,0.419355
1391,699903946,-0.678834,-0.051433,0.730765,0.050687,0.314038,0.725314,0.565720
1392,699937280,-0.678936,-0.051194,0.730413,0.054489,0.553086,0.476055,0.220375
1393,699970614,-0.678997,-0.048801,0.730142,0.059342,-0.017521,0.053087,-0.213350
1394,700003948,-0.678504,-0.047582,0.730434,0.062305,-0.639809,0.155141,-0.034121
1395,700037282,-0.678193,-0.048595,0.730609,0.062856,-0.143731,0.847302,0.169345
1396,700070616,-0.677599,-0.049228,0.731002,0.064196,-0.182866,0.410431,-0.160502
1397,700103950,-0.676702,-0.050087,0.731697,0.065060,0.187491,0.440459,0.131940
1398,700137284,-0.675972,-0.050835,0.732236,0.066001,0.111026,0.331556,0.033354
1399,700170618,-0.675716,-0.051681,0.732355,0.066643,-0.238437,0.367356,-0.071145
1400,700203952,-0.675511,-0.052400,0.732434,0.067291,-0.182096,0.428852,0.186579
1401,700237286,-0.675482,-0.051514,0.732370,0.068936,0.209252,0.545262,-0.052571
1402,700270620,-0.675672,-0.047632,0.732076,0.072872,0.173553,0.255013,0.083331
1403,700303954,-0.676118,-0.042806,0.731562,0.076789,-0.398541,-0.289893,-0.072795
1404,700337288,-0.677049,-0.040509,0.730762,0.077448,-0.094082,0.203588,0.014572
1405,700370622,-0.678031,-0.038282,0.729953,0.077619,-0.246725,0.179359,-0.181019
1406,700403956,-0.678515,-0.035642,0.729614,0.077834,0.105317,0.166741,-0.110007
1407,700437290,-0.678877,-0.032111,0.729413,0.078105,0.099508,0.262444,-0.120978
1408,700470624,-0.679054,-0.027871,0.729406,0.078251,-0.378356,0.211929,0.039789
1409,700503958,-0.678835,-0.026467,0.729881,0.076190,0.429476,0.439568,0.301075
1410,700537292,-0.678662,-0.029364,0.730309,0.072475,1.057494,1.383221,0.172450
1411,700570626,-0.678316,-0.030436,0.730844,0.069822,0.000543,0.374069,0.380543
1412,700603960,-0.678151,-0.029335,0.731310,0.066960,-0.708273,-0.161309,0.229089
1413,700637294,-0.678159,-0.028290,0.731678,0.063207,0.157703,0.190709,0.163553
1414,700670628,-0.677982,-0.028579,0.732233,0.058370,0.624356,0.495718,0.234700
1415,700703962,-0.677568,-0.030324,0.733038,0.051826,0.429143,0.375809,0.030084
1416,700737296,-0.676547,-0.031799,0.734371,0.044946,0.350883,-0.053318,0.080542
1417,700770630,-0.675797,-0.031440,0.735393,0.039431,0.325037,-0.063525,-0.030115
1418,700803964,-0.674918,-0.030121,0.736495,0.034665,0.743549,0.541992,0.100260
1419,700837298,-0.673861,-0.027546,0.737727,0.030976,-0.054811,-0.065165,0.075341
1420,700870632,-0.672701,-0.026900,0.739031,0.025104,-0.169838,-0.282390,0.180382
1421,700903966,-0.671398,-0.026312,0.740406,0.019474,-0.059523,-0.105411,0.194250
1422,700937300,-0.670119,-0.025443,0.741716,0.014122,-0.343811,-0.156587,0.083331
1423,700970634,-0.669080,-0.024939,0.742756,0.008476,-0.410407,0.274013,0.126583
1424,701003968,-0.667811,-0.024967,0.743939,0.002937,-0.785959,-0.228804,0.292736
1425,701037302,-0.666660,-0.026268,0.744922,-0.003690,-0.272034,-0.429325,0.193370
1426,701070636,-0.665690,-0.028165,0.745653,-0.010611,-0.196879,-0.151218,0.151690
1427,701103970,-0.664455,-0.029175,0.746622,-0.015875,-0.079899,-0.434234,0.283876
1428,701137304,-0.663028,-0.030113,0.747728,-0.020919,0.109864,-0.381231,0.042237
1429,701170638,-0.661509,-0.029974,0.748964,-0.024639,0.012752,-0.183621,0.088175
1430,701203972,-0.659783,-0.028834,0.750431,-0.027494,-0.310874,-0.260915,0.234092
1431,701237306,-0.657876,-0.027618,0.752041,-0.030311,-0.358122,-0.337204,0.217067
1432,701270640,-0.656035,-0.026888,0.753566,-0.032881,-0.244573,0.101179,0.236753
1433,701303974,-0.654699,-0.026437,0.754647,-0.035014,-0.237977,0.305131,0.087048
1434,701337308,-0.653599,-0.026196,0.755508,-0.037124,-0.122918,0.416318,0.133847
1435,701370642,-0.652731,-0.025400,0.756213,-0.038557,-0.471488,0.302823,0.173409
1436,701403976,-0.652248,-0.024490,0.756605,-0.039614,-0.568216,0.096643,0.383436
1437,701437310,-0.651964,-0.024331,0.756806,-0.040533,-0.064070,0.028000,0.072990
1438,701470644,-0.651897,-0.023650,0.756859,-0.041025,-0.150436,0.077018,0.186352
1439,701503978,-0.651930,-0.022746,0.756841,-0.041338,-0.283862,-0.099295,0.254557
1440,701537312,-0.651818,-0.022234,0.756941,-0.041557,0.075385,-0.126188,0.082668
1441,701570646,-0.651595,-0.021535,0.757170,-0.041257,0.127184,-0.287395,0.211606
1442,701603980,-0.651475,-0.021035,0.757293,-0.041151,0.271015,-0.274890,0.066697
1443,701637314,-0.651358,-0.020360,0.757442,-0.040589,0.015827,-0.202323,0.145722
1444,701670648,-0.651259,-0.019622,0.757597,-0.039645,-0.170746,0.002634,0.203316
1445,701703982,-0.651035,-0.019081,0.757854,-0.038657,-0.097224,0.015413,0.136198
1446,701737316,-0.650822,-0.018576,0.758112,-0.037412,-0.173152,0.028258,0.164917
1447,701770650,-0.650856,-0.018127,0.758159,-0.036075,-0.256123,0.057349,0.205112
1448,701803984,-0.650782,-0.017837,0.758295,-0.034664,-0.082571,-0.123586,0.149355
1449,701837318,-0.650456,-0.017520,0.758663,-0.032848,0.008721,-0.159417,0.150298
1450,701870652,-0.650302,-0.017054,0.758898,-0.030633,-0.162079,-0.144668,0.114346
1451,701903986,-0.649890,-0.016946,0.759327,-0.028766,-0.090858,-0.165785,0.136935
1452,701937320,-0.649592,-0.016530,0.759679,-0.026319,-0.252519,-0.026792,0.229150
1453,701970654,-0.649501,-0.015935,0.759872,-0.023150,-0.514180,0.178859,0.218491
1454,702003988,-0.649799,-0.015708,0.759711,-0.020034,-0.496947,0.194328,0.130489
1455,702037322,-0.649738,-0.015799,0.759844,-0.016649,-0.533732,-0.216634,0.140350
1456,702070656,-0.650004,-0.016178,0.759682,-0.012792,-0.619316,-0.553667,0.262453
1457,702103990,-0.650791,-0.016906,0.759050,-0.008694,-0.189160,-0.122828,0.191268
1458,702137324,-0.651974,-0.017417,0.758065,-0.003459,-0.024744,0.100797,0.195086
1459,702170658,-0.653557,-0.017523,0.756703,0.002143,-0.194796,-0.095113,0.065085
1460,702203992,-0.655160,-0.017631,0.755273,0.008088,-0.322495,-0.106900,0.177180
1461,702237326,-0.656639,-0.017461,0.753878,0.015361,-0.217920,-0.192201,0.104074
1462,702270660,-0.658609,-0.018155,0.751972,0.022155,-0.126979,-0.123589,0.230123
1463,702303994,-0.660437,-0.019879,0.750112,0.028417,0.105026,-0.211395,0.150986
1464,702337328,-0.661929,-0.021932,0.748517,0.033753,0.490879,-0.126486,0.335571
1465,702370662,-0.663289,-0.023917,0.746993,0.039051,0.411038,-0.046164,0.429701
1466,702403996,-0.664335,-0.025355,0.745697,0.044719,0.571579,-0.109423,0.435335
1467,702437330,-0.665268,-0.025851,0.744471,0.050608,0.409497,0.032364,0.141224
1468,702470664,-0.666137,-0.025907,0.743277,0.056367,0.312603,-0.001148,-0.020851
1469,702503998,-0.667526,-0.026824,0.741633,0.060965,0.192837,0.072753,-0.122081
1470,702537332,-0.669271,-0.028208,0.739700,0.064594,0.133091,0.220396,-0.247030
1471,702570666,-0.671094,-0.028976,0.737707,0.068031,0.372036,0.013133,0.155531
1472,702604000,-0.672561,-0.029341,0.736083,0.070930,0.370683,0.196384,0.453247
1473,702637334,-0.673549,-0.030442,0.734963,0.072681,0.457821,0.505637,0.401124
1474,702670668,-0.674649,-0.031268,0.733723,0.074629,0.154362,0.555933,0.198494
1475,702704002,-0.676103,-0.032849,0.732231,0.075448,0.048255,0.417935,0.053975
1476,702737336,-0.677586,-0.034206,0.730717,0.076215,0.102686,0.448146,-0.040444
1477,702770670,-0.678894,-0.034566,0.729363,0.077359,0.225238,0.383979,-0.281334
1478,702804004,-0.679551,-0.033817,0.728557,0.079498,0.459003,0.081842,-0.153120
1479,702837338,-0.680079,-0.031725,0.727785,0.082837,0.220708,-0.184990,-0.075026
1480,702870672,-0.680941,-0.030171,0.726819,0.084806,0.275649,0.145317,0.157187
1481,702904006,-0.681320,-0.026510,0.726197,0.088238,0.383208,0.504806,0.183859
1482,702937340,-0.681376,-0.018744,0.725592,0.094545,0.250738,0.284609,-0.218143
1483,702970674,-0.680813,-0.009195,0.725324,0.101792,-0.274045,0.050730,-0.333539
1484,703004008,-0.679846,-0.000806,0.725542,0.106979,-0.969165,0.170977,-0.251572
1485,703037342,-0.678702,0.003333,0.726392,0.108417,-0.102032,0.298706,0.095754
1486,703070676,-0.678884,0.000856,0.726599,0.105912,0.355828,1.781079,0.718254
1487,703104010,-0.678647,-0.001350,0.727413,0.101761,-0.093940,0.337705,0.303598
1488,703137344,-0.677987,-0.001830,0.728546,0.097973,-0.002982,0.018467,0.362032
1489,703170678,-0.677595,-0.001270,0.729387,0.094370,0.523213,-0.022532,0.035864
1490,703204012,-0.676543,-0.000684,0.730860,0.090452,0.692077,0.082940,-0.022300
1491,703237346,-0.675296,-0.000863,0.732598,0.085573,0.747519,0.126003,-0.019362
1492,703270680,-0.674318,-0.001702,0.734166,0.079623,0.252960,-0.043971,0.059984
1493,703304014,-0.673114,-0.002437,0.735930,0.073251,-0.016843,-0.132601,0.166195
1494,703337348,-0.672138,-0.002914,0.737450,0.066617,0.188222,-0.024372,0.293283
1495,703370682,-0.670893,-0.002914,0.739145,0.060048,0.286049,-0.003743,-0.007747
1496,703404016,-0.669470,-0.004409,0.741020,0.052228,0.176826,-0.030938,-0.058714
1497,703437350,-0.668173,-0.007246,0.742756,0.043044,-0.229340,-0.125636,0.260021
1498,703470684,-0.667041,-0.010130,0.744228,0.033563,-0.201540,0.028376,0.271637
1499,703504018,-0.665845,-0.011721,0.745594,0.025502,0.051380,0.271479,0.182749
1500,703537352,-0.665112,-0.011643,0.746435,0.019319,-0.159987,0.430462,0.100821
1501,703570686,-0.664581,-0.011650,0.747029,0.013853,-0.588380,-0.108720,0.219759
1502,703604020,-0.664287,-0.012174,0.747368,0.007997,-0.432135,-0.273194,0.008974
1503,703637354,-0.663810,-0.013544,0.747808,0.002048,0.133965,-0.320194,0.203726
1504,703670688,-0.662965,-0.014371,0.748538,-0.003116,0.504009,-0.186960,0.050175
1505,703704022,-0.661870,-0.013568,0.749498,-0.006586,-0.222260,-0.239870,0.129130
1506,703737356,-0.660326,-0.012868,0.750830,-0.010288,-0.385890,-0.372130,0.185176
1507,703770690,-0.658776,-0.013732,0.752105,-0.014548,-0.492450,-0.388778,0.242947
1508,703804024,-0.657320,-0.015668,0.753231,-0.019390,-0.260827,0.023512,0.131782
1509,703837358,-0.655432,-0.017147,0.754722,-0.023620,-0.378744,-0.170767,0.265385
1510,703870692,-0.654093,-0.018358,0.755731,-0.027275,-0.403521,0.156024,0.228149
1511,703904026,-0.653250,-0.018547,0.756371,-0.029512,-0.481509,0.324674,0.282179
1512,703937360,-0.653182,-0.017215,0.756440,-0.030065,-0.145910,0.531800,0.096695
1513,703970694,-0.652998,-0.015756,0.756616,-0.030428,-0.105525,-0.016544,0.247521
1514,704004028,-0.653047,-0.015030,0.756543,-0.031524,-0.207451,-0.147894,0.112710
1515,704037362,-0.653093,-0.014842,0.756453,-0.032796,-0.314601,0.032547,0.201891
1516,704070696,-0.653174,-0.015098,0.756328,-0.033923,-0.183626,-0.031959,0.216520
1517,704104030,-0.653092,-0.015791,0.756305,-0.035657,0.106583,-0.034053,0.058290
1518,704137364,-0.652744,-0.016124,0.756544,-0.036792,0.008126,-0.186396,0.136752
1519,704170698,-0.652587,-0.016588,0.756617,-0.037856,0.210564,-0.305525,0.129782
1520,704204032,-0.652211,-0.016163,0.756962,-0.037627,0.237558,-0.309003,0.133895
1521,704237366,-0.651924,-0.015089,0.757274,-0.036759,0.042488,-0.230816,0.090653
1522,704270700,-0.651667,-0.014403,0.757538,-0.036145,-0.060246,0.059155,0.160378
1523,704304034,-0.651552,-0.013970,0.757691,-0.035155,-0.177903,0.194790,0.070230
1524,704337368,-0.651515,-0.013718,0.757769,-0.034271,-0.169507,0.086610,0.214175
1525,704370702,-0.651418,-0.013754,0.757892,-0.033361,-0.019673,0.016545,0.109436
1526,704404036,-0.651184,-0.013632,0.758137,-0.032405,-0.205472,-0.089402,0.235343
1527,704437370,-0.651353,-0.013517,0.758034,-0.031453,-0.012820,-0.062947,0.163382
1528,704470704,-0.651425,-0.012967,0.758045,-0.029893,-0.290363,-0.299646,0.131328
1529,704504038,-0.651350,-0.012402,0.758202,-0.027676,-0.414460,-0.277575,0.159149
1530,704537372,-0.651209,-0.012041,0.758422,-0.025043,-0.159645,0.147724,0.099975
1531,704570706,-0.651145,-0.011593,0.758578,-0.021969,-0.046636,-0.002468,0.249957
1532,704604040,-0.651383,-0.011724,0.758439,-0.019518,-0.146481,-0.375950,0.198718
1533,704637374,-0.651367,-0.012222,0.758504,-0.017041,-0.249140,-0.370591,0.067474
1534,704670708,-0.651262,-0.012763,0.758650,-0.013856,-0.354329,-0.081757,0.133766
1535,704704042,-0.651349,-0.013090,0.758629,-0.010163,-0.440357,0.032632,0.204511
1536,704737376,-0.651257,-0.013264,0.758751,-0.005861,-0.347621,-0.038046,0.127796
1537,704770710,-0.651326,-0.013692,0.758704,-0.001687,-0.713975,-0.263667,0.313058
1538,704804044,-0.651742,-0.014758,0.758325,0.002514,-0.501284,-0.069616,0.164197
1539,704837378,-0.652323,-0.015637,0.757771,0.007843,-0.010043,0.060788,0.073658
1540,704870712,-0.653148,-0.015928,0.756964,0.014076,-0.080619,0.109827,0.104241
1541,704904046,-0.654185,-0.016173,0.755921,0.020274,-0.150780,0.001395,0.149564
1542,704937380,-0.655249,-0.016657,0.754797,0.026480,-0.278135,-0.080685,0.232263
1543,704970714,-0.656162,-0.017695,0.753747,0.032412,-0.184783,0.029062,0.236170
1544,705004048,-0.656971,-0.019209,0.752743,0.038025,0.070356,0.284457,0.241455
1545,705037382,-0.658315,-0.020845,0.751249,0.043122,0.322111,0.603238,0.273666
1546,705070716,-0.659426,-0.021553,0.749891,0.049035,0.232229,0.371615,0.146563
1547,705104050,-0.660641,-0.020937,0.748323,0.056353,0.445180,0.012505,0.190142
1548,705137384,-0.661872,-0.019671,0.746660,0.063909,0.344374,-0.319611,0.023575
1549,705170718,-0.662433,-0.019330,0.745629,0.069964,0.463298,-0.271408,0.017249
1550,705204052,-0.662632,-0.019882,0.745002,0.074456,0.354149,-0.118612,0.259398
1551,705237386,-0.662780,-0.020607,0.744443,0.078419,0.404818,0.322802,0.161136
1552,705270720,-0.663255,-0.020222,0.743534,0.082999,0.170934,0.468248,0.153325
1553,705304054,-0.663913,-0.019182,0.742429,0.087739,0.054740,0.325526,0.054195
1554,705337388,-0.664290,-0.019413,0.741711,0.090859,0.350931,0.302708,0.227021
1555,705370722,-0.664784,-0.019363,0.740857,0.094156,0.366282,0.152593,0.162601
1556,705404056,-0.665586,-0.019317,0.739821,0.096613,0.105246,-0.096832,-0.042119
1557,705437390,-0.666122,-0.019951,0.739103,0.098274,0.210849,0.044997,0.011657
1558,705470724,-0.666467,-0.020431,0.738567,0.099853,0.178729,0.194386,0.043867
1559,705504058,-0.666846,-0.020385,0.738025,0.101329,0.182578,0.287315,-0.051441
1560,705537392,-0.667297,-0.019475,0.737393,0.103122,0.082393,0.377851,0.114526
1561,705570726,-0.667747,-0.018137,0.736745,0.105066,-0.087138,0.364136,0.012043
1562,705604060,-0.668397,-0.016779,0.735966,0.106606,0.101783,0.345588,0.110713
1563,705637394,-0.669074,-0.015030,0.735155,0.108205,0.188463,0.194684,0.136115
1564,705670728,-0.669551,-0.013583,0.734569,0.109424,0.111466,0.077789,0.144565
1565,705704062,-0.669822,-0.013296,0.734337,0.109355,0.213872,0.116848,0.042220
1566,705737396,-0.670411,-0.013314,0.733908,0.108620,0.042728,0.143590,-0.099752
1567,705770730,-0.670664,-0.013248,0.733833,0.107565,0.166344,0.060824,0.016937
1568,705804064,-0.670832,-0.012501,0.733787,0.106923,0.355563,0.031404,0.026454
1569,705837398,-0.670997,-0.011352,0.733765,0.106162,0.285749,0.290111,0.087258
1570,705870732,-0.670972,-0.009669,0.733845,0.105934,0.165717,0.405315,0.112729
1571,705904066,-0.671214,-0.008041,0.733739,0.105274,-0.005827,0.398527,0.144969
1572,705937400,-0.671352,-0.006991,0.733867,0.103561,0.057777,0.343622,0.264158
1573,705970734,-0.671259,-0.006181,0.734262,0.101389,0.215009,0.374078,0.185167
1574,706004068,-0.671265,-0.005160,0.734612,0.098841,0.140648,0.204685,0.107416
1575,706037402,-0.671228,-0.004457,0.735084,0.095564,0.092865,0.219503,0.190103
1576,706070736,-0.670983,-0.004197,0.735855,0.091258,0.009768,0.076703,0.071951
1577,706104070,-0.670752,-0.004968,0.736752,0.085510,0.066248,0.110067,0.089425
1578,706137404,-0.670425,-0.006050,0.737747,0.079186,0.301697,0.363915,0.152390
1579,706170738,-0.670220,-0.006009,0.738505,0.073671,0.139068,0.438670,0.111094
1580,706204072,-0.670069,-0.005351,0.739146,0.068483,0.327763,0.547773,0.191194
1581,706237406,-0.669665,-0.002783,0.739829,0.065126,0.333398,-0.018103,0.212192
1582,706270740,-0.668212,-0.000165,0.741452,0.061563,0.342851,-0.505642,0.069231
1583,706304074,-0.666972,0.002125,0.742919,0.057126,0.072500,-0.282372,-0.040302
1584,706337408,-0.665985,0.003985,0.744157,0.052211,-0.232847,0.095917,0.147492
1585,706370742,-0.664878,0.004231,0.745549,0.046073,-0.548205,0.075951,0.180345
1586,706404076,-0.663747,0.004048,0.746925,0.039680,-0.150901,0.338534,0.069883
1587,706437410,-0.662785,0.005562,0.748009,0.034861,-0.407558,0.009350,0.185218
1588,706470744,-0.661891,0.007476,0.748958,0.030898,-0.248387,-0.076131,0.215496
1589,706504078,-0.660726,0.008960,0.750112,0.027226,-0.402619,-0.568026,0.212731
1590,706537412,-0.659142,0.009792,0.751630,0.023146,0.073313,-0.708037,0.083763
1591,706570746,-0.657521,0.010906,0.753128,0.019792,0.246479,-0.423926,0.062878
1592,706604080,-0.656040,0.012551,0.754466,0.016825,-0.211803,-0.208779,0.233837
1593,706637414,-0.654297,0.014045,0.756011,0.013889,-0.470949,-0.111119,0.217751
1594,706670748,-0.652698,0.015152,0.757411,0.011477,-0.334243,0.100569,0.181603
1595,706704082,-0.651979,0.016656,0.758019,0.010070,-0.591343,0.354427,0.240122
1596,706737416,-0.651596,0.017961,0.758329,0.009183,-0.511311,0.089287,0.272324
1597,706770750,-0.651193,0.018626,0.758673,0.007974,-0.340832,-0.111175,0.102212
1598,706804084,-0.650656,0.018953,0.759139,0.006628,-0.179786,-0.184755,0.192632
1599,706837418,-0.650522,0.019044,0.759260,0.005532,-0.093230,-0.118250,0.129529
1600,706870752,-0.650213,0.018911,0.759534,0.004585,-0.006049,-0.128166,0.088716
1601,706904086,-0.649585,0.018957,0.760076,0.003609,-0.229235,-0.176470,0.240070
1602,706937420,-0.649193,0.018630,0.760422,0.002861,-0.175163,-0.077207,0.175799
1603,706970754,-0.648804,0.018145,0.760768,0.002092,-0.156344,0.029493,0.065825
1604,707004088,-0.648344,0.017866,0.761168,0.001801,-0.143841,-0.087192,0.174982
1605,707037422,-0.647972,0.017631,0.761490,0.001716,-0.073153,-0.133719,0.101647
1606,707070756,-0.647395,0.017392,0.761985,0.001999,-0.103150,-0.244123,0.199407
1607,707104090,-0.647021,0.016870,0.762313,0.002301,-0.162433,-0.085077,0.169188
1608,707137424,-0.646789,0.016146,0.762524,0.002872,-0.109157,0.024063,0.142413
1609,707170758,-0.646611,0.015671,0.762680,0.003907,-0.154576,-0.055196,0.113600
1610,707204092,-0.646299,0.015312,0.762944,0.005170,-0.293660,-0.175204,0.195105
1611,707237426,-0.646095,0.014442,0.763123,0.006529,-0.270225,-0.208671,0.177085
1612,707270760,-0.645791,0.013438,0.763387,0.007875,-0.189097,-0.160768,0.135421
1613,707304094,-0.645595,0.012482,0.763550,0.009508,-0.290743,-0.172985,0.178161
1614,707337428,-0.645588,0.011280,0.763549,0.011358,-0.201215,-0.119625,0.106793
1615,707370762,-0.645507,0.010301,0.763594,0.013683,-0.223939,-0.013446,0.168366
1616,707404096,-0.645688,0.009735,0.763382,0.016946,-0.268060,-0.068194,0.179539
1617,707437430,-0.646285,0.009330,0.762795,0.020502,-0.280143,0.100505,0.117719
1618,707470764,-0.647060,0.009211,0.762008,0.024909,-0.255997,0.077942,0.168251
1619,707504098,-0.647378,0.008927,0.761575,0.029546,-0.112634,-0.250470,0.109368
1620,707537432,-0.647150,0.008219,0.761597,0.033865,0.033368,-0.355366,0.093215
1621,707570766,-0.647072,0.007795,0.761459,0.038272,-0.055022,-0.246116,0.093830
1622,707604100,-0.647139,0.007605,0.761143,0.043172,-0.091003,-0.057964,0.116480
1623,707637434,-0.647096,0.007420,0.760852,0.048614,-0.000163,0.165189,0.134802
1624,707670768,-0.647017,0.007603,0.760505,0.054688,0.042091,0.301616,0.210549
1625,707704102,-0.647241,0.008501,0.759772,0.061659,-0.068604,0.436207,0.076976
1626,707737436,-0.648010,0.009640,0.758458,0.069130,-0.305358,0.575303,-0.037847
1627,707770770,-0.648896,0.011631,0.756854,0.077578,-0.403123,0.583720,0.031055
1628,707804104,-0.649854,0.013875,0.755034,0.086428,-0.485273,0.558896,0.296983
1629,707837438,-0.651841,0.014200,0.752395,0.094078,-0.432122,0.549014,0.474098
1630,707870772,-0.655630,0.012105,0.748405,0.099701,-0.540786,0.424630,0.585125
1631,707904106,-0.661013,0.006461,0.743447,0.101755,-0.510291,0.471582,0.232183
1632,707937440,-0.665469,-0.001777,0.739543,0.101353,0.130404,0.254703,-0.135700
1633,707970774,-0.668630,-0.010073,0.736817,0.099904,0.159422,-0.061612,-0.128584
1634,708004108,-0.671582,-0.017934,0.734164,0.098525,0.196197,0.370179,0.097522
1635,708037442,-0.673531,-0.024488,0.732407,0.096866,0.535259,-0.020780,-0.281697
1636,708070776,-0.673914,-0.027550,0.731811,0.097882,0.559746,-0.863304,0.073956
1637,708104110,-0.674211,-0.029966,0.731315,0.098830,0.382478,-0.809780,0.131131
1638,708137444,-0.673980,-0.033419,0.731494,0.097974,0.514331,-0.519112,0.057819
1639,708170778,-0.673094,-0.036898,0.732395,0.096059,0.881976,-0.546252,0.356910
1640,708204112,-0.671713,-0.040015,0.733738,0.094217,0.902467,-0.136591,0.381431
1641,708237446,-0.670636,-0.042856,0.734798,0.092366,0.903725,0.530544,0.133327
1642,708270780,-0.669515,-0.044196,0.735832,0.091625,0.671467,0.813913,0.040066
1643,708304114,-0.668908,-0.043878,0.736312,0.092350,0.308050,0.745014,-0.024613
1644,708337448,-0.668666,-0.042664,0.736404,0.093923,0.138240,0.570551,0.026191
1645,708370782,-0.668445,-0.040676,0.736374,0.096584,0.593700,0.446232,0.211113
1646,708404116,-0.668445,-0.037297,0.736070,0.100197,0.370643,0.025956,0.127514
1647,708437450,-0.668561,-0.033819,0.735733,0.103085,0.095505,-0.471209,0.074342
1648,708470784,-0.668719,-0.031607,0.735543,0.104118,0.102255,-0.346551,0.237765
1649,708504118,-0.668234,-0.029888,0.735982,0.104636,0.498378,0.010303,0.296499
1650,708537452,-0.667454,-0.026761,0.736570,0.106307,0.501709,0.112872,0.096814
1651,708570786,-0.666920,-0.022575,0.736904,0.108300,0.257815,0.364641,-0.012589
1652,708604120,-0.666499,-0.017320,0.736976,0.111325,0.131731,0.439800,0.018469
1653,708637454,-0.666095,-0.011973,0.736973,0.114426,0.056709,0.293144,0.097643
1654,708670788,-0.665896,-0.006827,0.736785,0.117183,-0.226392,0.313010,0.100050
1655,708704122,-0.665618,-0.002764,0.736903,0.118182,-0.373128,0.136978,0.018070
1656,708737456,-0.665471,0.000272,0.737087,0.117899,-0.173842,0.277444,0.383006
1657,708770790,-0.664997,0.001940,0.737801,0.116070,-0.019313,-0.013659,0.084622
1658,708804124,-0.664592,0.002804,0.738641,0.112988,0.168682,-0.107721,0.060878
1659,708837458,-0.664474,0.004090,0.739204,0.109924,0.143486,0.045233,0.051957
1660,708870792,-0.664087,0.006083,0.739827,0.107953,0.190744,0.217283,0.171686
1661,708904126,-0.663532,0.008646,0.740571,0.106080,-0.078922,0.145589,0.092270
1662,708937460,-0.662845,0.011158,0.741452,0.103962,-0.222605,0.265048,0.158757
1663,708970794,-0.662133,0.013474,0.742374,0.101621,-0.151863,0.369837,0.231968
1664,709004128,-0.661413,0.015455,0.743344,0.098908,-0.230479,0.214500,0.200635
1665,709037462,-0.660489,0.016724,0.744605,0.095318,-0.328965,0.126756,0.019868
1666,709070796,-0.659317,0.017329,0.746168,0.091005,-0.009972,-0.073885,0.126987
1667,709104130,-0.658125,0.017877,0.747739,0.086527,0.141210,-0.250737,0.138947
1668,709137464,-0.656985,0.017187,0.749302,0.081667,0.481064,-0.198953,0.193280
1669,709170798,-0.656158,0.017846,0.750358,0.078415,0.047237,-0.426748,0.120190
1670,709204132,-0.655494,0.019001,0.751264,0.074946,-0.064989,-0.241683,0.112451
1671,709237466,-0.655029,0.019564,0.751976,0.071654,0.266317,0.124056,0.186389
1672,709270800,-0.654590,0.021357,0.752433,0.070350,-0.324053,-0.099381,0.072147
1673,709304134,-0.654110,0.023156,0.752979,0.068367,-0.669529,-0.144871,0.144232
1674,709337468,-0.653967,0.023333,0.753361,0.065405,-0.133309,0.100330,0.207692
1675,709370802,-0.653719,0.023681,0.753758,0.063137,0.179751,-0.190073,0.107848
1676,709404136,-0.653217,0.024752,0.754272,0.061779,0.046456,-0.285735,0.112583
1677,709437470,-0.652640,0.025706,0.754857,0.060322,-0.191956,-0.506650,0.123072
1678,709470804,-0.651784,0.026246,0.755713,0.058604,0.196673,-0.558170,0.061674
1679,709504138,-0.650443,0.027323,0.756891,0.057801,0.053731,-0.570610,-0.015203
1680,709537472,-0.647959,0.029066,0.759036,0.056710,-0.288035,-0.853753,0.058053
1681,709570806,-0.644991,0.030441,0.761640,0.054874,-0.184045,-0.280261,0.210784
1682,709604140,-0.642113,0.030679,0.764259,0.052014,-0.685231,0.215821,0.012754
1683,709637474,-0.638989,0.028969,0.767224,0.047637,-0.608321,-0.040411,0.110696
1684,709670808,-0.636452,0.025903,0.769727,0.042745,-0.748853,0.159863,0.375180
1685,709704142,-0.635213,0.020332,0.771257,0.036082,-0.753234,0.381719,0.183158
1686,709737476,-0.634397,0.013500,0.772351,0.029661,-0.386264,0.791401,0.028693
1687,709770810,-0.633597,0.007057,0.773309,0.023369,-0.685104,0.521995,0.260585
1688,709804144,-0.634191,0.000399,0.773004,0.017743,-0.359089,0.112190,0.257491
1689,709837478,-0.634775,-0.006107,0.772603,0.012476,0.333690,-0.089337,-0.132133
1690,709870812,-0.634904,-0.012028,0.772488,0.007880,-0.139065,-0.440559,0.138169
1691,709904146,-0.634482,-0.018355,0.772746,0.002642,0.151057,-0.680772,0.190681
1692,709937480,-0.633703,-0.025071,0.773194,-0.003160,0.162852,-0.434547,0.087985
1693,709970814,-0.632047,-0.032243,0.774235,-0.009231,0.686972,-0.337560,0.127387
1694,710004148,-0.629762,-0.038109,0.775743,-0.014781,0.546906,-0.219777,0.134586
1695,710037482,-0.627353,-0.042638,0.777363,-0.019104,0.455184,0.255579,0.152082
1696,710070816,-0.625342,-0.045625,0.778754,-0.021331,0.299264,0.143006,0.164882
1697,710104150,-0.623791,-0.046791,0.779922,-0.021568,0.060619,0.326382,0.013453
1698,710137484,-0.622124,-0.046744,0.781274,-0.020871,-0.023951,0.282466,0.288816
1699,710170818,-0.621438,-0.045833,0.781929,-0.018673,0.023100,0.286341,0.254858
1700,710204152,-0.621208,-0.043924,0.782292,-0.015458,0.060456,0.239707,0.132229
1701,710237486,-0.621576,-0.041230,0.782219,-0.011196,0.129655,0.119279,0.250941
1702,710270820,-0.622260,-0.037629,0.781914,-0.005921,0.309007,0.133600,0.110516
1703,710304154,-0.622902,-0.033493,0.781613,-0.000362,0.132390,-0.089994,0.145556
1704,710337488,-0.623668,-0.028827,0.781167,0.005820,0.303420,-0.222089,0.053056
1705,710370822,-0.624180,-0.023735,0.780858,0.012028,0.164997,-0.230985,0.141881
1706,710404156,-0.624584,-0.018515,0.780550,0.018458,0.173603,-0.202993,0.095169
1707,710437490,-0.624820,-0.013376,0.780293,0.024743,-0.024696,0.049089,0.108299
1708,710470824,-0.625412,-0.008874,0.779669,0.030737,-0.218623,0.267747,0.340950
1709,710504158,-0.626535,-0.004818,0.778536,0.036895,-0.293573,0.269392,0.126496
1710,710537492,-0.627555,-0.001129,0.777460,0.042155,-0.142843,0.100757,0.086061
1711,710570826,-0.628426,0.002477,0.776438,0.047614,-0.009315,0.078264,0.126220
1712,710604160,-0.629341,0.005412,0.775369,0.052451,-0.163084,-0.207947,0.145339
1713,710637494,-0.630124,0.007669,0.774417,0.056667,0.029240,-0.218517,0.000701
1714,710670828,-0.630530,0.009522,0.773777,0.060485,0.081476,-0.091402,0.121083
1715,710704162,-0.630828,0.011145,0.773247,0.063780,-0.218190,-0.180451,0.064516
1716,710737496,-0.631024,0.012202,0.772865,0.066232,-0.262929,-0.047437,0.088583
1717,710770830,-0.631142,0.012331,0.772595,0.068209,-0.159981,0.038521,0.165583
1718,710804164,-0.631349,0.011499,0.772333,0.069393,-0.056388,0.232311,0.127631
1719,710837498,-0.631752,0.010447,0.771928,0.070391,-0.077991,0.240543,0.085389
1720,710870832,-0.632253,0.009572,0.771416,0.071620,-0.118822,0.269448,0.089949
1721,710904166,-0.632420,0.008862,0.771132,0.073274,0.011164,0.150082,0.139919
1722,710937500,-0.632358,0.007890,0.771054,0.074730,0.026939,-0.095473,0.174336
1723,710970834,-0.632480,0.006743,0.770862,0.075778,0.109808,-0.096598,0.044835
1724,711004168,-0.632640,0.005806,0.770639,0.076785,-0.021201,-0.096540,0.085949
1725,711037502,-0.632648,0.004552,0.770536,0.077831,0.121424,0.006933,0.300703
1726,711070836,-0.632659,0.003261,0.770445,0.078703,-0.079081,0.199108,0.109196
1727,711104170,-0.632828,0.001668,0.770261,0.079198,-0.075663,0.463041,0.169121
1728,711137504,-0.633587,0.000315,0.769521,0.080326,0.105080,0.612682,0.357825
1729,711170838,-0.634754,-0.000202,0.768347,0.082329,0.051123,0.363706,0.083091
1730,711204172,-0.635766,-0.000135,0.767290,0.084351,-0.025815,0.177742,0.278528
1731,711237506,-0.637065,-0.000099,0.765949,0.086712,0.317958,0.116682,0.153205
1732,711270840,-0.638876,-0.000649,0.764289,0.088023,0.081881,-0.092577,-0.058052
1733,711304174,-0.640463,-0.002173,0.763041,0.087281,0.299661,-0.139155,0.029457
1734,711337508,-0.641621,-0.003621,0.762160,0.086423,0.603168,-0.321364,0.179465
1735,711370842,-0.642865,-0.003927,0.761133,0.086217,0.345993,-0.589171,-0.056693
1736,711404176,-0.643690,-0.004054,0.760515,0.085507,0.305529,-0.264400,-0.012988
1737,711437510,-0.643322,-0.004079,0.760959,0.084322,0.182756,-0.139422,0.079530
1738,711470844,-0.642188,-0.004417,0.762128,0.082363,0.124688,-0.021489,0.077714
1739,711504178,-0.640774,-0.004799,0.763563,0.080025,0.277316,0.301645,0.121160
1740,711537512,-0.639453,-0.003833,0.764786,0.078973,0.084944,0.502665,0.081512
1741,711570846,-0.638240,-0.002067,0.765814,0.078881,0.011440,0.552124,0.191804
1742,711604180,-0.637171,-0.000344,0.766735,0.078603,-0.079611,0.451153,0.166819
1743,711637514,-0.636063,0.001041,0.767731,0.077844,-0.126973,0.325035,0.091367
1744,711670848,-0.635054,0.002178,0.768637,0.077121,-0.067350,0.264412,0.249448
1745,711704182,-0.634355,0.003312,0.769260,0.076614,-0.053670,0.320520,0.156334
1746,711737516,-0.633571,0.004247,0.770002,0.075596,-0.079297,0.145377,0.071696
1747,711770850,-0.632648,0.005462,0.770826,0.074844,0.130897,0.062124,0.121681
1748,711804184,-0.631801,0.006837,0.771564,0.074278,0.046133,-0.069201,0.132857
1749,711837518,-0.630891,0.007923,0.772370,0.073530,-0.020630,-0.171544,0.110828
1750,711870852,-0.630115,0.008553,0.773107,0.072356,-0.064304,-0.157056,0.110497
1751,711904186,-0.629507,0.009084,0.773709,0.071142,-0.040494,-0.008067,0.140114
1752,711937520,-0.628711,0.009611,0.774448,0.070062,0.035028,0.053298,0.121939
1753,711970854,-0.627760,0.009914,0.775348,0.068576,0.004522,-0.009024,0.113959
1754,712004188,-0.626884,0.010124,0.776188,0.067046,-0.039745,0.070643,0.149493
1755,712037522,-0.626081,0.010289,0.776953,0.065637,-0.125198,0.090213,0.083528
1756,712070856,-0.625134,0.010338,0.777841,0.064119,-0.115520,0.090580,0.107544
1757,712104190,-0.624156,0.010152,0.778769,0.062396,-0.075805,0.132997,0.181213
1758,712137524,-0.623378,0.009932,0.779521,0.060801,-0.098691,0.149229,0.164343
1759,712170858,-0.622703,0.009763,0.780173,0.059359,-0.076103,0.120271,0.154263
1760,712204192,-0.622009,0.009681,0.780835,0.057927,-0.099554,0.075950,0.190009
1761,712237526,-0.621566,0.009323,0.781323,0.056129,-0.131527,0.142288,0.236177
1762,712270860,-0.621508,0.008964,0.781474,0.054710,-0.075590,0.245909,0.211387
1763,712304194,-0.621628,0.008761,0.781460,0.053574,0.002137,0.208343,0.144333
1764,712337528,-0.621688,0.008645,0.781513,0.052105,0.074059,-0.023580,0.103662
1765,712370862,-0.621648,0.008847,0.781605,0.051151,0.108416,-0.080967,0.171373
1766,712404196,-0.622124,0.008605,0.781335,0.049514,0.114118,-0.157943,-0.003377
1767,712437530,-0.622126,0.008506,0.781407,0.048350,0.196818,-0.236488,0.120646
1768,712470864,-0.622123,0.008420,0.781482,0.047179,0.284303,0.010980,0.215123
1769,712504198,-0.622419,0.008789,0.781269,0.046741,0.218383,0.085775,-0.005239
1770,712537532,-0.622571,0.009326,0.781171,0.046253,0.046923,-0.151104,0.191102
1771,712570866,-0.622483,0.010209,0.781242,0.046033,-0.146792,-0.132835,0.153551
1772,712604200,-0.622275,0.010906,0.781420,0.045667,-0.220577,-0.167593,0.180057
1773,712637534,-0.622513,0.010819,0.781294,0.044593,-0.154599,0.025442,0.125301
1774,712670868,-0.623043,0.010459,0.780939,0.043479,-0.047214,0.129501,0.063949
1775,712704202,-0.623785,0.010453,0.780381,0.042858,-0.015053,0.028895,0.195173
1776,712737536,-0.624813,0.010699,0.779579,0.042404,0.130616,0.011571,0.230452
1777,712770870,-0.625771,0.011026,0.778805,0.042429,0.082307,-0.141463,0.217610
1778,712804204,-0.626760,0.010603,0.778067,0.041461,-0.068167,-0.377659,0.172191
1779,712837538,-0.627148,0.010386,0.777791,0.040816,0.286158,-0.377304,0.229170
1780,712870872,-0.627968,0.010761,0.777080,0.041657,0.251482,-0.037652,0.347526
1781,712904206,-0.629423,0.010834,0.775891,0.041836,-0.273506,-0.182061,0.158931
1782,712937540,-0.630526,0.010712,0.775029,0.041227,0.145425,-0.178523,0.134676
1783,712970874,-0.631442,0.011619,0.774178,0.042920,0.116339,0.041051,0.035647
1784,713004208,-0.632653,0.012594,0.773082,0.044536,-0.012170,-0.004010,-0.032728
1785,713037542,-0.633947,0.013712,0.771893,0.046387,-0.106789,-0.105953,-0.176275
1786,713070876,-0.635180,0.014311,0.770812,0.047313,-0.144857,-0.134661,0.028198
1787,713104210,-0.635956,0.014915,0.770099,0.048295,0.091153,-0.243556,0.112582
1788,713137544,-0.635673,0.015156,0.770295,0.048828,0.410182,-0.398818,0.155718
1789,713170878,-0.635531,0.015105,0.770396,0.049099,0.224012,-0.136933,0.170600
1790,713204212,-0.635400,0.015539,0.770461,0.049635,0.102759,0.049264,0.105679
1791,713237546,-0.635022,0.016356,0.770695,0.050570,0.117755,-0.001760,0.200106
1792,713270880,-0.634821,0.017311,0.770769,0.051624,0.046396,0.122764,0.058102
1793,713304214,-0.635096,0.018378,0.770405,0.053284,0.089975,0.387522,-0.033035
1794,713337548,-0.635297,0.020119,0.769979,0.056325,-0.156736,-0.006479,0.090535
1795,713370882,-0.634705,0.020688,0.770457,0.056261,-0.319785,-0.636650,0.169534
1796,713404216,-0.633576,0.020984,0.771384,0.056180,-0.064605,-0.372200,0.185251
1797,713437550,-0.632607,0.020608,0.772196,0.056075,0.031576,0.031794,0.284366
1798,713470884,-0.631815,0.019842,0.772906,0.055506,-0.079619,-0.027357,0.185502
1799,713504218,-0.630793,0.019215,0.773818,0.054629,0.068843,0.185477,-0.120031
1800,713537552,-0.630299,0.018782,0.774301,0.053625,-0.322999,0.420349,0.549162
1801,713570886,-0.631140,0.018355,0.773641,0.053408,-0.263843,0.793928,0.460678
1802,713604220,-0.632932,0.018384,0.772075,0.054842,0.179083,0.643981,0.030999
1803,713637554,-0.636046,0.018619,0.769347,0.057032,0.261146,0.159691,0.123914
1804,713670888,-0.640113,0.018466,0.765865,0.058412,0.063704,-0.481295,-0.097508
1805,713704222,-0.643279,0.017960,0.763117,0.059742,-0.039929,-0.812196,0.089867
1806,713737556,-0.644839,0.017096,0.761765,0.060439,0.206452,-0.664311,0.121946
1807,713770890,-0.645160,0.016755,0.761465,0.060887,0.153938,-0.570145,0.423615
1808,713804224,-0.645555,0.015831,0.761190,0.060388,0.406754,-0.159217,0.596462
1809,713837558,-0.646008,0.014385,0.760764,0.061258,0.486300,-0.405349,0.287417
1810,713870892,-0.645205,0.013437,0.761323,0.062969,0.825428,-1.187571,-0.374861
1811,713904226,-0.642872,0.014206,0.763266,0.063148,1.020961,-1.343313,-0.762099
1812,713937560,-0.640735,0.017498,0.764812,0.065285,-0.195322,-0.959509,-1.478908
1813,713970894,-0.639521,0.019607,0.765914,0.063649,-0.693840,-0.926736,-2.599740
1814,714004228,-0.634198,0.022784,0.770260,0.063419,2.053177,0.811929,3.954370
1815,714037562,-0.626763,0.023655,0.776211,0.064439,0.167578,0.077918,0.948495
1816,714070896,-0.622878,0.019730,0.780127,0.055535,-2.220518,0.302460,0.101538
1817,714104230,-0.622343,0.019926,0.780789,0.052039,-0.054139,2.157905,0.330556
1818,714137564,-0.624133,0.022546,0.778937,0.057042,-1.171627,1.998892,-0.322505
1819,714170898,-0.625467,0.021392,0.777924,0.056708,-0.801096,1.161526,-0.338290
1820,714204232,-0.624948,0.019658,0.778564,0.054221,0.518659,-0.148441,0.431202
1821,714237566,-0.624795,0.018783,0.778830,0.052447,0.363872,-1.392798,0.219083
1822,714270900,-0.625641,0.016790,0.778337,0.050308,-0.141921,-0.894406,0.126378
1823,714304234,-0.625509,0.014003,0.778691,0.047219,0.004539,-0.013159,0.397345
1824,714337568,-0.624928,0.011433,0.779377,0.044199,-0.024398,0.395716,0.320296
1825,714370902,-0.624841,0.009934,0.779557,0.042589,0.083482,1.129116,-0.023792
1826,714404236,-0.625150,0.010091,0.779318,0.042386,-0.105478,1.013347,-0.009620
1827,714437570,-0.625081,0.011135,0.779345,0.042639,-0.358491,0.113176,0.243468
1828,714470904,-0.624595,0.011351,0.779755,0.042215,-0.251637,-0.141781,0.139605
1829,714504238,-0.623966,0.010315,0.780353,0.040708,-0.076110,-0.138001,0.113925
1830,714537572,-0.623663,0.008529,0.780718,0.038713,0.052221,-0.047433,0.120406
1831,714570906,-0.623433,0.006893,0.780995,0.037139,0.223326,0.107770,0.160728
1832,714604240,-0.623240,0.005843,0.781219,0.035819,0.152863,0.214567,0.121654
1833,714637574,-0.623234,0.005438,0.781265,0.034960,0.093759,0.221378,0.144883
1834,714670908,-0.623624,0.005431,0.780968,0.034635,-0.120921,0.146965,0.243947
1835,714704242,-0.624075,0.005251,0.780620,0.034377,-0.235368,0.119140,0.088690
1836,714737576,-0.624110,0.004609,0.780641,0.033367,-0.181977,0.071711,0.288810
1837,714770910,-0.624519,0.004015,0.780361,0.032306,-0.138882,0.265523,0.187392
1838,714804244,-0.625295,0.004014,0.779738,0.032366,0.135652,0.315900,0.060955
1839,714837578,-0.626166,0.004668,0.779000,0.033172,0.298987,0.168370,0.016483
1840,714870912,-0.626690,0.005553,0.778552,0.033661,0.200816,-0.192773,0.059609
1841,714904246,-0.626945,0.006552,0.778329,0.033888,0.075518,-0.312157,0.183202
1842,714937580,-0.627064,0.007713,0.778198,0.034449,0.021929,-0.122037,0.099705
1843,714970914,-0.626920,0.008805,0.778260,0.035403,0.053816,-0.020624,0.101092
1844,715004248,-0.626717,0.009719,0.778396,0.035776,-0.005316,0.138836,0.198725
1845,715037582,-0.626742,0.010894,0.778331,0.036404,-0.052332,0.242598,0.154188
1846,715070916,-0.627053,0.012398,0.777984,0.037927,0.020835,0.339495,0.107066
1847,715104250,-0.627410,0.014007,0.777596,0.039394,-0.096719,0.123456,0.199427
1848,715137584,-0.627808,0.015685,0.777165,0.040919,-0.015696,0.077926,0.148927
1849,715170918,-0.628372,0.017286,0.776570,0.042848,-0.062272,0.183825,0.251283
1850,715204252,-0.629358,0.018667,0.775634,0.044718,-0.382828,0.154444,0.245193
1851,715237586,-0.630102,0.019670,0.774927,0.046041,-0.167696,-0.143891,0.217319
1852,715270920,-0.631197,0.020289,0.773953,0.047157,-0.045321,0.090265,0.217129
1853,715304254,-0.632710,0.021232,0.772577,0.048989,0.052219,0.154574,0.163867
1854,715337588,-0.634520,0.022543,0.770890,0.051504,0.196233,0.043624,0.213566
1855,715370922,-0.636353,0.023881,0.769169,0.053960,-0.091659,-0.168629,0.193670
1856,715404256,-0.638693,0.024827,0.767042,0.056118,0.115835,-0.106396,0.057878
1857,715437590,-0.641570,0.025338,0.764428,0.058685,0.235826,-0.427506,0.249720
1858,715470924,-0.643347,0.025347,0.762782,0.060608,0.581241,-0.710118,0.128654
1859,715504258,-0.644389,0.025712,0.761740,0.062472,0.316377,-0.796912,0.084313
1860,715537592,-0.644794,0.026370,0.761277,0.063650,0.375554,-1.105331,-0.102761
1861,715570926,-0.644094,0.027312,0.761775,0.064376,0.594583,-1.136849,-0.246044
1862,715604260,-0.643417,0.028389,0.762228,0.065302,0.570669,-0.689506,-0.588123
1863,715637594,-0.642075,0.031025,0.763152,0.066517,0.016979,-0.917412,-0.774883
1864,715670928,-0.638910,0.033373,0.765751,0.065981,0.313362,-0.719916,0.554964
1865,715704262,-0.634340,0.034318,0.769575,0.065088,0.456675,-0.178334,1.044259
1866,715737596,-0.630268,0.032741,0.773307,0.061110,-0.600918,0.328408,0.436778
1867,715770930,-0.627735,0.030349,0.775806,0.056566,-0.574503,1.041807,-0.047404
1868,715804264,-0.626722,0.028783,0.776801,0.054944,-0.076986,1.182059,0.144386
1869,715837598,-0.626639,0.027348,0.777006,0.053719,-0.383183,0.982573,0.142374
1870,715870932,-0.627067,0.025823,0.776818,0.052163,-0.418453,0.506343,0.139277
1871,715904266,-0.627886,0.024227,0.776283,0.051040,-0.345499,-0.206843,0.255136
1872,715937600,-0.628712,0.022197,0.775752,0.049861,-0.196034,-0.601765,0.137675
1873,715970934,-0.629051,0.019508,0.775653,0.048209,0.088699,-0.559210,0.074139
1874,716004268,-0.629115,0.016749,0.775792,0.046143,0.194335,-0.499282,0.150863
1875,716037602,-0.629063,0.014138,0.775992,0.044319,0.181429,-0.331141,0.022790
1876,716070936,-0.628433,0.012012,0.776605,0.043126,0.218498,-0.211835,0.045145
1877,716104270,-0.627499,0.010049,0.777457,0.041870,-0.065834,-0.204250,0.158580
1878,716137604,-0.626619,0.008003,0.778254,0.040663,-0.036031,-0.096286,0.106536
1879,716170938,-0.625672,0.006065,0.779076,0.039826,-0.103795,-0.158130,0.198473
1880,716204272,-0.624864,0.004537,0.779735,0.039805,-0.048787,0.034963,0.220035
1881,716237606,-0.624977,0.003114,0.779620,0.040427,-0.132226,0.376729,0.167874
1882,716270940,-0.625801,0.001763,0.778911,0.041411,-0.223094,0.535995,0.187675
1883,716304274,-0.626638,0.000694,0.778159,0.042892,-0.219002,0.361611,0.256187
1884,716337608,-0.627229,0.000066,0.777577,0.044791,-0.097602,0.099617,0.179047
1885,716370942,-0.628233,-0.000293,0.776614,0.047345,-0.167621,0.040114,0.198882
1886,716404276,-0.629921,-0.000366,0.775065,0.050212,-0.094541,0.033618,0.100451
1887,716437610,-0.631911,-0.000311,0.773200,0.053839,-0.126646,-0.012393,0.181662
1888,716470944,-0.634380,-0.000785,0.770908,0.057528,-0.087013,0.096736,0.421462
1889,716504278,-0.640253,-0.002729,0.765535,0.063812,0.109044,0.021786,1.443270
1890,716537612,-0.648155,-0.005202,0.758034,0.072798,-0.965745,1.095114,0.336756
1891,716570946,-0.655735,-0.014782,0.751459,0.071758,-1.216170,1.492512,-1.762956
1892,716604280,-0.657359,-0.020223,0.749848,0.072434,1.186163,-0.664605,0.029772
1893,716637614,-0.660401,-0.019366,0.746715,0.077194,0.122601,-1.435456,-0.251226
1894,716670948,-0.661896,-0.019326,0.744977,0.081104,0.005671,-1.188852,-0.019541
1895,716704282,-0.663124,-0.021330,0.743699,0.082293,0.574640,0.101402,0.219296
1896,716737616,-0.664234,-0.022317,0.742410,0.084678,0.139587,0.400408,0.095955
1897,716770950,-0.665430,-0.022697,0.740955,0.087867,0.040524,0.356925,0.172891
1898,716804284,-0.666576,-0.022186,0.739463,0.091800,0.045238,0.102112,0.112329
1899,716837618,-0.667115,-0.020721,0.738425,0.096464,0.247188,0.008096,0.162735
1900,716870952,-0.667385,-0.018104,0.737475,0.102214,0.079115,0.031175,0.188599
1901,716904286,-0.667907,-0.015614,0.736327,0.107363,0.022720,0.095803,0.065116
1902,716937620,-0.668297,-0.013524,0.735305,0.112122,0.020289,0.118489,0.084380
1903,716970954,-0.668606,-0.011844,0.734370,0.116509,0.019360,0.059605,0.115853
1904,717004288,-0.668981,-0.010984,0.733512,0.119799,0.017704,0.077920,0.135829
1905,717037622,-0.669190,-0.010025,0.732819,0.122916,0.079253,0.034168,0.222657
1906,717070956,-0.669487,-0.009104,0.732201,0.125033,0.129681,-0.158693,0.220287
1907,717104290,-0.670009,-0.008255,0.731504,0.126370,0.229019,-0.379624,0.302961
1908,717137624,-0.670433,-0.007275,0.731045,0.126837,0.118393,-0.662029,0.191646
1909,717170958,-0.670158,-0.006368,0.731362,0.126507,0.084837,-0.167368,0.109631
1910,717204292,-0.669228,-0.006296,0.732365,0.125635,0.280182,0.609836,0.030544
1911,717237626,-0.668132,-0.005941,0.733388,0.125513,0.524183,1.228171,0.205604
1912,717270960,-0.667385,-0.003344,0.733727,0.127588,0.130162,0.818836,0.026644
1913,717304294,-0.667284,0.000091,0.733290,0.130630,-0.343605,0.221446,-0.063166
1914,717337628,-0.667353,0.002232,0.732920,0.132326,-0.171204,0.357807,-0.017878
1915,717370962,-0.667598,0.003541,0.732529,0.133225,-0.038628,0.359293,0.090300
1916,717404296,-0.667741,0.004125,0.732392,0.133246,0.076687,0.246404,0.117028
1917,717437630,-0.668001,0.004490,0.732235,0.132797,0.109014,0.229628,0.085941
1918,717470964,-0.668097,0.005073,0.732181,0.132587,0.162972,0.289091,0.011779
1919,717504298,-0.668137,0.005914,0.732167,0.132431,0.089478,0.221670,0.067398
1920,717537632,-0.668069,0.006389,0.732336,0.131816,0.107986,0.204574,0.111185
1921,717570966,-0.668085,0.006509,0.732554,0.130509,-0.088107,0.140005,0.154178
1922,717604300,-0.667755,0.006203,0.733224,0.128436,-0.067018,0.230535,0.112164
1923,717637634,-0.667530,0.005534,0.733921,0.125617,0.101550,0.311592,0.045455
1924,717670968,-0.667284,0.004698,0.734656,0.122633,0.211713,0.449550,0.249443
1925,717704302,-0.667100,0.003894,0.735362,0.119386,0.063012,0.281719,0.079578
1926,717737636,-0.666822,0.003022,0.736216,0.115637,0.011903,0.215160,0.090073
1927,717770970,-0.666525,0.002036,0.737113,0.111589,0.045243,0.046218,0.142117
1928,717804304,-0.665953,0.000573,0.738301,0.107077,0.148601,0.104544,0.233460
1929,717837638,-0.664932,-0.000734,0.739883,0.102405,0.289940,-0.098398,0.003705
1930,717870972,-0.663603,-0.001699,0.741658,0.098078,0.226017,-0.219995,0.093325
1931,717904306,-0.662337,-0.002510,0.743335,0.093831,0.117331,-0.175890,0.148103
1932,717937640,-0.660971,-0.002940,0.745079,0.089523,-0.030637,-0.077101,0.070640
1933,717970974,-0.659175,-0.003695,0.747221,0.084750,-0.098119,0.146557,0.122926
1934,718004308,-0.657019,-0.003856,0.749604,0.080325,0.178336,0.239397,0.051489
1935,718037642,-0.655022,-0.002523,0.751675,0.077286,0.072072,0.271831,0.092740
1936,718070976,-0.652555,-0.000238,0.754049,0.075040,-0.139089,0.255125,0.140814
1937,718104310,-0.650110,0.002520,0.756346,0.073074,-0.247400,0.224432,0.197601
1938,718137644,-0.648335,0.005121,0.758033,0.071198,-0.365130,0.330847,0.209706
1939,718170978,-0.646886,0.006836,0.759486,0.068708,-0.440715,-0.115566,0.182675
1940,718204312,-0.645230,0.006955,0.761240,0.064741,-0.304671,-0.252637,0.223271
1941,718237646,-0.644163,0.005864,0.762543,0.059959,-0.014430,-0.064301,0.124124
1942,718270980,-0.643579,0.005551,0.763321,0.056252,0.008569,0.094428,0.072802
1943,718304314,-0.642674,0.005451,0.764336,0.052715,-0.424906,-0.262899,0.109137
1944,718337648,-0.641687,0.003382,0.765538,0.047164,-0.344294,-0.196229,0.188076
1945,718370982,-0.640835,0.000015,0.766608,0.041104,0.181887,0.080265,0.244949
1946,718404316,-0.640467,-0.002725,0.767154,0.036293,0.061064,-0.040123,0.156243
1947,718437650,-0.640269,-0.004634,0.767488,0.032317,0.147810,-0.357274,0.142703
1948,718470984,-0.640063,-0.005244,0.767768,0.029527,0.190681,-0.131329,0.045401
1949,718504318,-0.639864,-0.004887,0.767984,0.028253,-0.196764,-0.149972,0.152319
1950,718537652,-0.639426,-0.004582,0.768397,0.026976,-0.142215,-0.297492,0.215592
1951,718570986,-0.638895,-0.004167,0.768862,0.026335,0.061670,-0.224140,0.109398
1952,718604320,-0.638394,-0.003985,0.769290,0.026051,-0.020051,-0.225349,0.181558
1953,718637654,-0.638014,-0.003686,0.769614,0.025838,-0.017485,-0.158986,0.188416
1954,718670988,-0.637902,-0.002452,0.769673,0.026946,0.051443,-0.017691,0.168813
1955,718704322,-0.638082,-0.000549,0.769456,0.028935,-0.171757,0.024912,0.151390
1956,718737656,-0.638152,0.002089,0.769297,0.031442,-0.321880,-0.014254,0.164743
1957,718770990,-0.638409,0.004385,0.768940,0.034565,-0.282911,-0.069143,0.199624
1958,718804324,-0.638692,0.006119,0.768588,0.036826,-0.294743,0.008178,0.122352
1959,718837658,-0.638744,0.007539,0.768405,0.039385,-0.369662,-0.302602,0.012822
1960,718870992,-0.638587,0.007104,0.768514,0.039878,-0.649500,-0.376759,0.097634
1961,718904326,-0.638723,0.003267,0.768579,0.036832,-0.922834,-0.349291,0.024781
1962,718937660,-0.639855,-0.002889,0.767826,0.032677,-0.570763,0.229555,0.132421
1963,718970994,-0.641613,-0.008974,0.766469,0.028731,-0.263084,-0.022115,0.130405
1964,719004328,-0.642283,-0.015049,0.765954,0.024658,0.286500,-0.554888,0.114746
1965,719037662,-0.642284,-0.021928,0.765945,0.019152,0.365596,-0.487570,0.031191
1966,719070996,-0.642231,-0.028983,0.765871,0.013722,0.397400,0.211448,0.086650
1967,719104330,-0.642486,-0.035419,0.765447,0.009796,-0.490102,0.611760,0.029837
1968,719137664,-0.641954,-0.043378,0.765533,0.004465,-1.309564,1.103393,0.085970
1969,719170998,-0.641504,-0.055514,0.765125,-0.004652,-0.730391,0.763434,0.357944
1970,719204332,-0.642317,-0.069571,0.763133,-0.016271,-0.153827,0.116261,0.136733
1971,719237666,-0.643152,-0.084435,0.760556,-0.028774,-0.154717,-0.420817,-0.030383
1972,719271000,-0.642218,-0.099776,0.758863,-0.042143,0.437582,-1.274240,0.094655
1973,719304334,-0.640657,-0.114977,0.757070,-0.056841,0.398552,-1.541643,0.040951
1974,719337668,-0.637807,-0.130471,0.755621,-0.072559,0.994481,-0.845294,0.173893
1975,719371002,-0.635389,-0.143734,0.753804,-0.086305,0.385096,-0.337530,0.231244
1976,719404336,-0.632718,-0.157202,0.751644,-0.100173,0.759316,0.619572,0.261069
1977,719437670,-0.630413,-0.168310,0.749506,-0.111978,0.502748,0.866316,0.176783
1978,719471004,-0.628257,-0.177187,0.747830,-0.121226,0.307681,0.712732,0.192359
1979,719504338,-0.626613,-0.184487,0.746145,-0.128978,0.498387,0.472666,0.138876
1980,719537672,-0.625993,-0.189865,0.744356,-0.134410,0.292386,0.432612,0.130696
1981,719571006,-0.624776,-0.194439,0.743414,-0.138679,0.519419,0.123461,0.203664
1982,719604340,-0.623478,-0.197978,0.742951,-0.141958,0.588320,0.252205,0.222834
1983,719637674,-0.622733,-0.199291,0.743070,-0.142768,0.838853,-0.050119,0.227832
1984,719671008,-0.622255,-0.198586,0.744006,-0.140945,1.015894,0.031413,0.246876
1985,719704342,-0.622169,-0.195268,0.745856,-0.136099,0.918737,0.176038,0.216194
1986,719737676,-0.622797,-0.189298,0.748153,-0.128862,0.569186,-0.069245,0.189546
1987,719771010,-0.623782,-0.182339,0.750403,-0.120796,0.432643,-0.028635,0.347944
1988,719804344,-0.624555,-0.174701,0.752876,-0.112407,0.598153,-0.065282,0.147667
1989,719837678,-0.625171,-0.166879,0.755371,-0.103801,0.744338,0.055837,0.163892
1990,719871012,-0.625671,-0.157520,0.758305,-0.093510,1.026338,-0.108261,0.070188
1991,719904346,-0.625893,-0.145760,0.761885,-0.081194,0.849629,-0.271649,0.101343
1992,719937680,-0.626317,-0.130861,0.765669,-0.066337,0.451822,-0.263876,0.165658
1993,719971014,-0.627257,-0.114043,0.768784,-0.050615,-0.141744,0.048250,0.087070
1994,720004348,-0.628321,-0.096698,0.771192,-0.034246,-0.445886,0.296665,0.037594
1995,720037682,-0.629614,-0.079937,0.772598,-0.018355,-0.719453,0.396416,0.348271
1996,720071016,-0.632047,-0.064625,0.772256,-0.003106,-0.579256,0.410990,0.394274
1997,720104350,-0.635669,-0.050508,0.770250,0.011716,-0.776507,0.628116,0.339646
1998,720137684,-0.639427,-0.038013,0.767498,0.026120,-0.094102,0.298199,0.201022
1999,720171018,-0.643108,-0.024207,0.764341,0.040702,-0.193132,0.261773,0.067106
2000,720204352,-0.646078,-0.009433,0.761224,0.055499,-0.893745,-0.796486,0.203143
2001,720237686,-0.648752,0.001828,0.758145,0.066192,-0.525899,-0.910487,-0.240454
2002,720271020,-0.650933,0.008880,0.755618,0.072776,-0.309167,-0.505257,-0.115318
2003,720304354,-0.651791,0.012331,0.754505,0.076073,0.000059,0.238779,0.043285
2004,720337688,-0.652572,0.014985,0.753538,0.078444,0.370403,0.059724,0.100173
2005,720371022,-0.653498,0.020171,0.752155,0.082729,0.339858,0.087671,0.077388
2006,720404356,-0.653509,0.029001,0.751169,0.088759,0.287243,0.035571,-0.158237
2007,720437690,-0.652018,0.039710,0.751377,0.093677,-0.455057,0.798877,-0.447280
2008,720471024,-0.649525,0.047373,0.752887,0.095302,-1.130127,0.541727,0.372854
2009,720504358,-0.648340,0.050382,0.753527,0.096757,-0.203175,0.050246,0.948179
2010,720537692,-0.648875,0.052814,0.752726,0.098098,-0.532768,0.578848,-0.189252
2011,720571026,-0.648313,0.054780,0.753019,0.098483,-0.756953,0.373588,-0.022087
2012,720604360,-0.647024,0.056308,0.754032,0.098348,-0.008077,0.136216,0.224277
2013,720637694,-0.646089,0.057024,0.754823,0.098021,0.081723,-0.138182,0.248383
2014,720671028,-0.645458,0.057000,0.755461,0.097268,-0.134490,-0.152222,-0.001140
2015,720704362,-0.645425,0.056654,0.755565,0.096883,-0.110496,0.184477,0.051431
2016,720737696,-0.645721,0.056054,0.755357,0.096883,-0.044902,0.317913,0.266270
2017,720771030,-0.645864,0.055786,0.755196,0.097333,-0.396496,0.114229,0.027758
2018,720804364,-0.645625,0.054637,0.755570,0.096668,-0.349478,-0.066037,0.046286
2019,720837698,-0.645523,0.052297,0.756053,0.094854,-0.398457,-0.138179,0.033914
2020,720871032,-0.645085,0.048199,0.757146,0.091218,-0.296881,-0.372823,0.035444
2021,720904366,-0.643950,0.042877,0.758974,0.086583,-0.089228,-0.377796,0.141503
2022,720937700,-0.642841,0.037351,0.760725,0.081884,-0.104677,0.121376,0.285587
2023,720971034,-0.642013,0.032154,0.762078,0.077908,0.176984,0.434343,0.262284
2024,721004368,-0.641778,0.027061,0.762861,0.074024,0.226578,0.301147,0.265293
2025,721037702,-0.641744,0.022272,0.763452,0.069693,0.109695,0.182565,0.121982
2026,721071036,-0.641495,0.017850,0.764166,0.065300,-0.096948,-0.070712,0.062531
2027,721104370,-0.641509,0.012319,0.764740,0.059458,-0.086757,-0.498828,0.063195
2028,721137704,-0.641500,0.006140,0.765298,0.052981,0.205137,-0.650051,0.122625
2029,721171038,-0.640527,0.000702,0.766519,0.047118,0.579188,-0.621814,0.020183
2030,721204372,-0.638713,-0.003732,0.768309,0.042187,0.823555,-0.378374,0.193677
2031,721237706,-0.636880,-0.006903,0.770030,0.037908,0.820962,-0.279647,0.102874
2032,721271040,-0.634857,-0.008119,0.771815,0.035212,0.784778,-0.267486,0.005719
2033,721304374,-0.632219,-0.007748,0.774046,0.033763,0.649014,-0.438195,0.019651
2034,721337708,-0.628991,-0.006324,0.776721,0.032910,0.566465,-0.451053,0.233153
2035,721371042,-0.626104,-0.004238,0.779079,0.032562,0.159156,-0.099560,0.326541
2036,721404376,-0.624943,-0.001714,0.779967,0.033786,-0.306893,0.709932,0.301673
2037,721437710,-0.625000,0.000847,0.779855,0.035327,-0.513998,0.967255,0.202579
2038,721471044,-0.625341,0.003490,0.779500,0.036944,-0.019079,1.022401,0.253294
2039,721504378,-0.626034,0.007635,0.778748,0.040273,-0.089883,0.386424,0.217092
2040,721537712,-0.627386,0.012572,0.777362,0.044559,0.133037,-0.138413,0.117077
2041,721571046,-0.628890,0.017886,0.775740,0.049518,0.180791,-0.476117,0.165559
2042,721604380,-0.630243,0.022836,0.774214,0.053970,-0.000226,-0.571440,0.035582
2043,721637714,-0.631373,0.026965,0.772895,0.057642,0.122307,-0.324742,0.115049
2044,721671048,-0.632658,0.031055,0.771417,0.061186,0.077957,-0.136721,0.294665
2045,721704382,-0.634014,0.035499,0.769749,0.065581,-0.153489,0.144702,0.294739
2046,721737716,-0.635694,0.040431,0.767660,0.070749,-0.055704,0.324416,0.118896
2047,721771050,-0.637564,0.046442,0.765189,0.076734,-0.198323,0.110452,0.227610
2048,721804384,-0.640530,0.052986,0.761596,0.083260,-0.300304,0.266667,0.382528
2049,721837718,-0.643779,0.058427,0.757753,0.089403,-0.440443,0.265714,0.159681
2050,721871052,-0.648127,0.061444,0.753169,0.094559,-0.386148,0.350028,1.043787
2051,721904386,-0.654002,0.064494,0.746530,0.104220,-0.116984,0.995237,0.843426
2052,721937720,-0.660274,0.068582,0.738751,0.116745,-0.606311,2.041356,0.270636
2053,721971054,-0.663654,0.075159,0.733014,0.129045,1.355167,-0.574040,-1.049847
2054,722004388,-0.663479,0.086921,0.729000,0.144381,1.172528,-1.762054,-0.091526
2055,722037722,-0.664328,0.099490,0.723538,0.159093,0.005891,-2.040359,0.025937
2056,722071056,-0.664333,0.111240,0.718603,0.173047,-0.237194,-1.715407,-0.111168
2057,722104390,-0.664181,0.120606,0.714533,0.183868,-0.166535,-1.290658,0.165538
2058,722137724,-0.663831,0.128903,0.710783,0.193773,-0.073602,-0.426294,0.009415
2059,722171058,-0.662888,0.136959,0.707453,0.203419,0.061399,0.277143,0.254752
2060,722204392,-0.661030,0.145898,0.704163,0.214370,0.757179,0.539161,0.255435
2061,722237726,-0.658740,0.157195,0.699612,0.227906,0.157103,0.630957,-0.038435
2062,722271060,-0.655940,0.168422,0.695227,0.241007,-0.463354,0.398484,0.058953
2063,722304394,-0.653912,0.176824,0.691312,0.251529,-0.785145,0.258073,0.217464
2064,722337728,-0.652259,0.182805,0.688267,0.259764,-0.486981,0.273731,-0.034473
2065,722371062,-0.651027,0.187162,0.685749,0.266328,-0.401894,0.099559,0.225920
2066,722404396,-0.650268,0.190984,0.683172,0.272031,-0.101729,0.194683,0.299541
2067,722437730,-0.649123,0.195865,0.680275,0.278478,-0.222563,0.181020,0.216467
2068,722471064,-0.648052,0.200973,0.677110,0.284973,-0.295831,0.116557,0.081536
2069,722504398,-0.647558,0.204634,0.674352,0.289985,-0.167863,0.300190,0.117657
2070,722537732,-0.647282,0.206763,0.672353,0.293707,-0.057898,0.122833,0.101003
2071,722571066,-0.647180,0.207967,0.670848,0.296510,-0.186277,-0.087457,0.010277
2072,722604400,-0.647376,0.208571,0.669602,0.298468,-0.290699,0.016624,0.110795
2073,722637734,-0.647253,0.209089,0.669161,0.299360,-0.218907,-0.019507,0.092031
2074,722671068,-0.647607,0.208673,0.668788,0.299719,0.236397,0.433179,0.152521
2075,722704402,-0.648480,0.207709,0.668226,0.299753,-0.110218,0.944061,0.630407
2076,722737736,-0.650689,0.205085,0.667457,0.298484,0.175761,1.315933,0.548717
2077,722771070,-0.653214,0.201364,0.666504,0.297633,0.973242,0.898161,0.670307
2078,722804404,-0.653836,0.199481,0.665656,0.299425,0.364287,-0.406467,0.143431
2079,722837738,-0.653581,0.199147,0.664897,0.301880,0.069879,-0.833839,-0.131393
2080,722871072,-0.653200,0.199848,0.664029,0.304145,-0.193486,-0.906283,-0.116829
2081,722904406,-0.652766,0.200424,0.663643,0.305536,-0.076198,-0.538678,-0.250556
2082,722937740,-0.652982,0.199961,0.663415,0.305873,-0.467994,-0.170305,-0.179296
2083,722971074,-0.653631,0.199194,0.663239,0.305368,-0.331005,0.125414,0.142747
2084,723004408,-0.654046,0.198496,0.663212,0.304992,0.096615,0.087276,0.009535
2085,723037742,-0.654521,0.197745,0.662867,0.305211,0.457470,-0.105922,0.286950
2086,723071076,-0.654604,0.197503,0.662341,0.306332,-0.041403,-0.347108,0.044101
2087,723104410,-0.654801,0.197250,0.661803,0.307234,-0.279764,-0.215580,0.323550
2088,723137744,-0.654653,0.197596,0.661384,0.308227,-0.369918,0.002761,0.069534
2089,723171078,-0.654815,0.197823,0.660784,0.309023,0.003955,0.197400,0.334836
2090,723204412,-0.655147,0.198041,0.659815,0.310248,-0.283474,0.271956,0.317032
2091,723237746,-0.656018,0.197022,0.659067,0.310646,0.097492,0.138308,0.608676
2092,723271080,-0.656511,0.196220,0.658216,0.311914,0.590516,-0.574020,-0.141200
2093,723304414,-0.656621,0.196714,0.656717,0.314520,-0.051774,-0.706396,-0.066646
2094,723337748,-0.656985,0.197453,0.655063,0.316738,0.115249,-0.272318,0.073118
2095,723371082,-0.656594,0.199715,0.653042,0.320284,0.404813,-0.552901,-0.576423
2096,723404416,-0.655814,0.202567,0.650942,0.324340,-0.630992,-0.249450,-0.119583
2097,723437750,-0.655085,0.205031,0.649724,0.326698,-0.525778,0.124695,-0.278095
2098,723471084,-0.655017,0.207559,0.648101,0.328457,-0.029379,0.197785,-0.121321
2099,723504418,-0.654752,0.208808,0.647268,0.329835,0.433102,0.049327,-0.135357
2100,723537752,-0.653966,0.209137,0.647511,0.330708,-0.902685,0.115693,-0.127263
2101,723571086,-0.653892,0.207459,0.649534,0.327932,-0.659366,0.394943,-0.055403
2102,723604420,-0.653425,0.205655,0.652566,0.323956,-0.437049,0.173001,-0.660556
2103,723637754,-0.652673,0.202921,0.657021,0.318139,-0.995523,0.012643,-0.313941
2104,723671088,-0.652319,0.198279,0.663372,0.308466,-1.614126,0.322984,-0.441098
2105,723704422,-0.652664,0.192559,0.670770,0.295070,-1.672623,0.093610,-0.036120
2106,723737756,-0.654711,0.182143,0.678585,0.278832,1.066277,0.558229,2.529980
2107,723771090,-0.657302,0.165058,0.687266,0.261579,2.049441,1.156176,0.598747
2108,723804424,-0.658378,0.151978,0.694841,0.246343,0.677216,0.722642,0.131064
2109,723837758,-0.658944,0.143146,0.700522,0.233705,-0.381034,0.559761,0.282300
2110,723871092,-0.660685,0.133904,0.704770,0.221161,-0.395473,0.210643,0.081193
2111,723904426,-0.662396,0.122963,0.709126,0.208085,-0.538719,0.237512,0.125697
2112,723937760,-0.662760,0.111973,0.714229,0.195284,-0.477805,0.413753,0.319865
2113,723971094,-0.663113,0.100246,0.719137,0.181997,-0.858644,0.195106,0.272193
2114,724004428,-0.664734,0.082385,0.724254,0.163846,-0.459616,-0.507367,0.527910
2115,724037762,-0.666392,0.063016,0.728776,0.144510,0.474118,-0.733500,-0.076577
2116,724071096,-0.665287,0.047344,0.733868,0.128984,0.819703,-1.459034,0.081139
2117,724104430,-0.663758,0.036407,0.737863,0.117071,1.654765,-1.584952,0.014436
2118,724137764,-0.662032,0.030064,0.741018,0.108400,1.370141,-1.187141,-0.242652
2119,724171098,-0.658039,0.027393,0.745342,0.103667,0.701430,-1.174896,0.141367
2120,724204432,-0.653598,0.025782,0.749754,0.100314,0.223370,-0.819697,0.112432
2121,724237766,-0.649731,0.023763,0.753682,0.096416,0.029028,-0.148467,0.165537
2122,724271100,-0.645618,0.022080,0.757776,0.092270,0.251719,0.243791,-0.119613
2123,724304434,-0.640674,0.020320,0.762526,0.087898,0.414611,0.259861,0.224348
2124,724337768,-0.636073,0.019019,0.766877,0.083645,0.043935,0.322374,0.373109
2125,724371102,-0.633353,0.018630,0.769397,0.081194,0.022992,0.720784,0.276931
2126,724404436,-0.631579,0.020384,0.770716,0.082073,0.349906,0.625867,0.163065
2127,724437770,-0.629904,0.022042,0.772049,0.082000,-0.074354,0.583746,0.431828
2128,724471104,-0.628577,0.022985,0.773323,0.079888,-0.274170,0.686787,0.343040
2129,724504438,-0.629200,0.024062,0.772827,0.079469,-0.114497,0.305925,0.630138
2130,724537772,-0.631204,0.026223,0.770934,0.081255,-0.102250,0.252296,0.004633
2131,724571106,-0.632805,0.028357,0.769359,0.083000,0.492417,0.010964,-0.120748
2132,724604440,-0.633698,0.030156,0.768409,0.084340,0.347630,-0.289881,-0.058520
2133,724637774,-0.633964,0.030364,0.768308,0.083175,0.243655,-0.714396,0.057770
2134,724671108,-0.634407,0.030233,0.768003,0.082655,-0.036554,-0.580938,0.081409
2135,724704442,-0.634595,0.030044,0.767903,0.082217,-0.303957,-0.348877,0.210298
2136,724737776,-0.634669,0.029422,0.767965,0.081285,-0.120679,0.119012,0.087037
2137,724771110,-0.634447,0.028581,0.768292,0.080220,-0.030257,0.355303,0.106016
2138,724804444,-0.634475,0.027717,0.768450,0.078776,-0.056279,0.327718,0.261064
2139,724837778,-0.635252,0.027383,0.767842,0.078554,-0.190507,0.337410,0.225149
2140,724871112,-0.635915,0.027361,0.767250,0.078984,-0.169582,0.093155,0.078856
2141,724904446,-0.636401,0.027243,0.766775,0.079721,0.005839,-0.047310,0.091574
2142,724937780,-0.636731,0.026803,0.766509,0.079798,0.151425,-0.385376,0.064936
2143,724971114,-0.636721,0.026720,0.766500,0.079987,0.165264,-0.499684,0.110432
2144,725004448,-0.636436,0.026860,0.766692,0.080370,-0.067383,-0.369192,0.080042
2145,725037782,-0.636167,0.026482,0.766959,0.080081,-0.132424,-0.156470,0.209974
2146,725071116,-0.636332,0.025948,0.766833,0.080147,-0.064267,0.378021,0.139117
2147,725104450,-0.636755,0.025624,0.766436,0.080685,-0.279996,0.432147,0.185705
2148,725137784,-0.636884,0.025540,0.766314,0.080859,0.020360,0.242116,0.303945
2149,725171118,-0.637100,0.026712,0.765874,0.082909,-0.039647,0.132797,0.102945
2150,725204452,-0.637558,0.028208,0.765153,0.085515,-0.197005,-0.009921,0.137904
2151,725237786,-0.638150,0.029243,0.764368,0.087745,-0.113510,-0.057963,0.110844
2152,725271120,-0.638396,0.029766,0.763939,0.089495,-0.159055,-0.236841,0.076342
2153,725304454,-0.638503,0.030301,0.763635,0.091136,-0.042829,-0.207719,0.168550
2154,725337788,-0.638633,0.031118,0.763189,0.093647,-0.093616,0.071506,0.209080
2155,725371122,-0.638958,0.031861,0.762590,0.096033,-0.207667,0.177805,0.161160
2156,725404456,-0.639466,0.032564,0.761810,0.098572,-0.102043,0.427386,0.145302
2157,725437790,-0.639849,0.033513,0.761037,0.101692,-0.216568,0.270633,0.125890
2158,725471124,-0.639969,0.034504,0.760475,0.104764,-0.157926,-0.073990,0.167495
2159,725504458,-0.640196,0.035393,0.759796,0.107959,-0.107281,-0.216403,0.168873
2160,725537792,-0.640703,0.035951,0.758886,0.111120,-0.118617,-0.131723,0.134509
2161,725571126,-0.641256,0.036212,0.757960,0.114124,-0.071682,-0.078977,0.144119
2162,725604460,-0.641875,0.035981,0.757064,0.116641,-0.030947,-0.098278,0.127442
2163,725637794,-0.642306,0.035801,0.756316,0.119146,0.132247,-0.040368,0.108030
2164,725671128,-0.642773,0.036227,0.755342,0.122627,0.195984,0.054841,0.158750
2165,725704462,-0.643358,0.037406,0.754067,0.126971,0.130094,0.032606,0.138371
2166,725737796,-0.643928,0.039205,0.752670,0.131742,0.085002,-0.074617,0.184544
2167,725771130,-0.644511,0.041350,0.751144,0.136846,0.063555,-0.074822,0.256725
2168,725804464,-0.645266,0.043523,0.749408,0.142028,0.020953,-0.013215,0.093184
2169,725837798,-0.646057,0.045649,0.747602,0.147189,0.051770,0.066877,0.116754
2170,725871132,-0.646835,0.047866,0.745761,0.152320,0.056799,0.072615,0.072238
2171,725904466,-0.647623,0.050147,0.743858,0.157459,0.030964,0.089123,0.174414
2172,725937800,-0.648471,0.052414,0.741850,0.162619,-0.024534,0.158145,0.080187
2173,725971134,-0.649238,0.054487,0.739979,0.167332,0.024986,0.152925,0.178632
2174,726004468,-0.649678,0.056636,0.738389,0.171871,0.086422,0.069089,0.173066
2175,726037802,-0.649829,0.058975,0.737037,0.176262,0.051073,-0.077946,0.069960
2176,726071136,-0.649760,0.061289,0.735926,0.180324,0.098267,-0.084284,0.150365
2177,726104470,-0.649768,0.063389,0.734809,0.184085,0.085238,0.103240,0.083689
2178,726137804,-0.649820,0.065184,0.733728,0.187553,-0.011628,0.169036,0.091188
2179,726171138,-0.649775,0.066623,0.732847,0.190621,-0.067887,0.190513,0.130953
2180,726204472,-0.649697,0.067953,0.732046,0.193475,-0.068889,0.146668,0.120731
2181,726237806,-0.649576,0.069207,0.731345,0.196068,-0.056446,0.132746,0.249711
2182,726271140,-0.649594,0.070251,0.730567,0.198527,-0.029576,0.227536,0.161948
2183,726304474,-0.649761,0.070940,0.729773,0.200644,-0.102896,0.270821,0.145177
2184,726337808,-0.650192,0.071300,0.728875,0.202373,-0.032581,0.242684,0.111196
2185,726371142,-0.650535,0.071678,0.728067,0.204041,0.001168,0.120906,0.177351
2186,726404476,-0.650717,0.072014,0.727398,0.205722,0.023444,0.123772,0.115522
2187,726437810,-0.650970,0.072284,0.726730,0.207181,-0.137173,0.080671,0.124261
2188,726471144,-0.651608,0.072144,0.725858,0.208278,-0.071150,0.160784,0.203495
2189,726504478,-0.653616,0.070891,0.723978,0.208962,-0.143928,0.358928,0.563825
2190,726537812,-0.659592,0.065849,0.718431,0.210965,0.214374,0.334669,1.074329
2191,726571146,-0.665407,0.061217,0.712197,0.215198,0.228847,0.742420,0.223615
2192,726604480,-0.670873,0.053553,0.707966,0.214228,-0.323889,1.236801,-0.930114
2193,726637814,-0.669857,0.050268,0.710012,0.211414,0.229834,-1.293031,-0.458948
2194,726671148,-0.669937,0.050396,0.710207,0.210471,0.458981,-1.133884,0.143692
2195,726704482,-0.669815,0.049860,0.710778,0.209056,0.434511,-1.264067,0.216345
2196,726737816,-0.669752,0.049461,0.711251,0.207741,0.849867,-0.554695,0.351065
2197,726771150,-0.670139,0.050502,0.711145,0.206602,0.970519,0.316302,0.215261
2198,726804484,-0.669600,0.054852,0.710490,0.209473,2.472196,0.889923,0.707553
2199,726837818,-0.669107,0.066705,0.706375,0.221196,2.135725,1.398802,0.381679
2200,726871152,-0.666014,0.084389,0.701635,0.238871,0.391897,-0.140449,-0.254560
2201,726904486,-0.662722,0.100513,0.696621,0.255857,0.110859,-0.240923,-0.366014
2202,726937820,-0.660012,0.115497,0.690758,0.271928,-0.908153,-0.482165,-0.289257
2203,726971154,-0.658829,0.126567,0.685082,0.283963,-1.471546,0.527939,0.290510
2204,727004488,-0.657742,0.133778,0.681807,0.290972,-0.779154,-0.861451,-0.261709
2205,727037822,-0.656705,0.142107,0.678319,0.297447,-0.661447,-1.109162,0.024054
2206,727071156,-0.656191,0.146467,0.675865,0.302019,-0.293833,-0.839309,-0.123974
2207,727104490,-0.656194,0.144857,0.676266,0.301890,0.954748,0.554028,0.527700
2208,727137824,-0.655519,0.144171,0.676998,0.302044,0.869482,0.367169,0.012892
2209,727171158,-0.654851,0.144808,0.677433,0.302213,-1.361881,-0.200271,-0.132491
2210,727204492,-0.654703,0.145178,0.679592,0.297470,-1.026459,-1.273281,-0.148974
2211,727237826,-0.654352,0.149617,0.680761,0.293342,-0.437262,-0.450055,-0.039598
2212,727271160,-0.652836,0.158515,0.680987,0.291519,-0.765848,0.339680,-0.387817
2213,727304494,-0.649562,0.167181,0.683695,0.287626,-0.105467,0.468488,-0.092830
2214,727337828,-0.645218,0.170716,0.688758,0.283214,2.135085,0.876978,0.799173
2215,727371162,-0.642592,0.172226,0.692115,0.280070,1.567352,1.792190,0.316781
2216,727404496,-0.640603,0.175136,0.694919,0.275844,-0.379417,1.373853,0.247463
2217,727437830,-0.639369,0.178996,0.696995,0.270949,-0.812804,0.943263,0.538152
2218,727471164,-0.638630,0.183076,0.698043,0.267244,-0.072478,0.760639,0.417731
2219,727504498,-0.637238,0.185550,0.699983,0.263762,0.049288,0.770050,0.040800
2220,727537832,-0.635992,0.184368,0.704134,0.256448,-0.230143,0.502850,-0.076824
2221,727571166,-0.636309,0.180275,0.709308,0.244012,-0.661943,-0.010936,0.109691
2222,727604500,-0.636509,0.177092,0.714109,0.231498,0.527234,-0.294149,0.312847
2223,727637834,-0.634194,0.178874,0.717784,0.225024,0.955759,-0.101272,0.147714
2224,727671168,-0.630792,0.182696,0.721580,0.219301,0.102468,-0.303986,0.052043
2225,727704502,-0.629347,0.184746,0.724841,0.210819,-0.052153,-0.230345,0.336151
2226,727737836,-0.629913,0.185223,0.726777,0.201853,-0.151222,0.113803,0.264224
2227,727771170,-0.629892,0.186014,0.728629,0.194377,-0.053301,0.047103,0.003222
2228,727804504,-0.629040,0.186862,0.731087,0.186951,0.047809,-0.443805,0.139844
2229,727837838,-0.628540,0.188566,0.732712,0.180447,0.393788,-0.454916,0.235314
2230,727871172,-0.628298,0.191691,0.733070,0.176502,0.073923,-0.409634,0.158728
2231,727904506,-0.627775,0.196228,0.732928,0.173949,-0.330106,-0.603591,-0.020866
2232,727937840,-0.626434,0.201273,0.733051,0.172494,-0.318687,-0.740735,0.152300
2233,727971174,-0.625534,0.205693,0.733024,0.170649,-0.557788,-0.492167,0.233072
2234,728004508,-0.625088,0.209695,0.732602,0.169219,-0.315035,-0.168986,0.101854
2235,728037842,-0.624302,0.214256,0.731961,0.169182,-0.356477,-0.031400,0.139444
2236,728071176,-0.623711,0.219136,0.730809,0.170086,-0.089826,0.119450,0.222420
2237,728104510,-0.623285,0.224205,0.729187,0.171994,-0.253843,0.154764,0.147923
2238,728137844,-0.623270,0.228434,0.727578,0.173291,-0.308781,0.077308,0.163922
2239,728171178,-0.623185,0.232185,0.726161,0.174553,-0.386010,-0.040849,0.093510
2240,728204512,-0.623130,0.235305,0.724893,0.175837,-0.160921,-0.036449,0.153860
2241,728237846,-0.623207,0.237798,0.723813,0.176655,-0.372908,-0.172863,0.102032
2242,728271180,-0.623395,0.239307,0.723159,0.176635,-0.300088,-0.215653,0.091583
2243,728304514,-0.623542,0.240041,0.722957,0.175945,-0.213193,-0.276640,0.088474
2244,728337848,-0.623698,0.240303,0.722923,0.175173,-0.127896,-0.212222,0.113083
2245,728371182,-0.624059,0.239920,0.722951,0.174296,-0.216164,0.066234,0.206160
2246,728404516,-0.624923,0.238520,0.723056,0.172676,-0.206708,0.195930,0.160686
2247,728437850,-0.625422,0.237057,0.723393,0.171467,-0.152150,0.116527,0.223710
2248,728471184,-0.625964,0.235587,0.723687,0.170271,-0.312348,0.068837,0.142387
2249,728504518,-0.626552,0.234024,0.723926,0.169248,-0.362441,-0.022180,0.110740
2250,728537852,-0.626259,0.232992,0.724538,0.169133,-0.148937,-0.234105,0.129754
2251,728571186,-0.625815,0.232009,0.725190,0.169339,-0.398558,-0.285520,0.176618
2252,728604520,-0.625585,0.230701,0.725784,0.169428,-0.449705,-0.148106,0.284300
2253,728637854,-0.625268,0.229305,0.726440,0.169679,-0.462292,-0.036877,0.120467
2254,728671188,-0.624937,0.227313,0.727290,0.169941,-0.846792,0.067426,0.088561
2255,728704522,-0.624609,0.224161,0.728679,0.169382,-0.658506,-0.102589,0.143061
2256,728737856,-0.624077,0.220273,0.730339,0.169298,-0.584269,-0.072715,0.335952
2257,728771190,-0.623701,0.216501,0.731730,0.169540,-0.275686,-0.043371,0.177924
2258,728804524,-0.623409,0.213408,0.732592,0.170808,0.093810,-0.277980,0.079792
2259,728837858,-0.622842,0.210968,0.733295,0.172876,-0.076602,-0.200691,0.012407
2260,728871192,-0.622153,0.208743,0.733896,0.175489,-0.319032,-0.211092,0.103334
2261,728904526,-0.621893,0.205399,0.734440,0.178061,-0.534577,-0.273508,0.051452
2262,728937860,-0.621503,0.200924,0.735581,0.179811,-0.511134,-0.504373,0.107966
2263,728971194,-0.620917,0.196383,0.736801,0.181843,-0.217040,-0.349188,0.169728
2264,729004528,-0.620512,0.192496,0.737291,0.185366,0.020269,-0.018529,0.266363
2265,729037862,-0.620176,0.189484,0.737195,0.189922,0.446866,0.297667,0.164798
2266,729071196,-0.619745,0.187294,0.736681,0.195416,0.523909,0.206711,0.089501
2267,729104530,-0.619520,0.185357,0.735942,0.200683,0.258696,0.033413,0.149265
2268,729137864,-0.619188,0.184317,0.734828,0.206662,-0.010960,-0.000795,0.214266
2269,729171198,-0.618618,0.184905,0.732715,0.215173,0.155149,0.087840,0.105416
2270,729204532,-0.617681,0.186259,0.730163,0.225137,0.092231,-0.010060,0.069018
2271,729237866,-0.617318,0.186352,0.727956,0.233064,0.052621,0.011778,0.204092
2272,729271200,-0.618013,0.184938,0.725883,0.238746,-0.192009,0.253449,0.310852
2273,729304534,-0.619113,0.183119,0.723603,0.244159,0.112057,0.403081,0.161686
2274,729337868,-0.619862,0.181926,0.721087,0.250511,0.175159,0.310002,0.248706
2275,729371202,-0.620469,0.181199,0.718543,0.256765,0.267184,0.141741,0.055464
2276,729404536,-0.620893,0.180602,0.716214,0.262603,0.338093,0.124356,0.289999
2277,729437870,-0.621835,0.179623,0.713786,0.267608,0.395491,0.102599,0.230752
2278,729471204,-0.623122,0.178375,0.711295,0.272044,0.031694,0.009343,0.237409
2279,729504538,-0.624820,0.176811,0.708789,0.275688,0.155550,-0.099250,0.076011
2280,729537872,-0.625892,0.176252,0.706316,0.279929,0.235055,-0.152132,0.087659
2281,729571206,-0.626479,0.176076,0.704179,0.284079,0.369307,-0.062204,0.182783
2282,729604540,-0.627151,0.176153,0.701958,0.288018,0.335920,0.087618,0.161668
2283,729637874,-0.627926,0.176216,0.699896,0.291291,0.252159,-0.007235,0.136095
2284,729671208,-0.628650,0.176148,0.698133,0.293988,0.249781,-0.056682,0.156363
2285,729704542,-0.629237,0.176064,0.696548,0.296530,0.215762,0.011574,0.096510
2286,729737876,-0.629575,0.175665,0.695363,0.298824,0.341928,0.077899,0.080110
2287,729771210,-0.629774,0.175512,0.694221,0.301140,0.183031,0.103849,0.074422
2288,729804544,-0.630265,0.175345,0.693175,0.302617,0.034674,0.199857,-0.040154
2289,729837878,-0.630671,0.175692,0.692029,0.304188,0.265228,0.127857,-0.020112
2290,729871212,-0.630832,0.177262,0.690270,0.306927,0.319217,0.195338,0.009307
2291,729904546,-0.630940,0.179387,0.688233,0.310029,0.130368,0.078330,-0.009305
2292,729937880,-0.630980,0.181263,0.686601,0.312465,-0.039520,-0.139383,0.131775
2293,729971214,-0.631411,0.182281,0.685709,0.312961,-0.065827,-0.149883,0.016161
2294,730004548,-0.631424,0.183664,0.685342,0.312930,-0.021684,-0.165291,-0.003145
2295,730037882,-0.630924,0.185253,0.685418,0.312835,0.111570,-0.072683,-0.070622
2296,730071216,-0.629937,0.187245,0.685988,0.312390,0.289566,-0.067623,-0.048748
2297,730104550,-0.628689,0.189739,0.686665,0.311910,0.405330,0.099754,0.108987
2298,730137884,-0.627284,0.192119,0.687362,0.311747,0.490483,0.352806,0.206882
2299,730171218,-0.626188,0.193724,0.688267,0.310960,0.338191,0.435738,0.229507
2300,730204552,-0.625464,0.195032,0.689282,0.309347,0.134038,0.437584,0.282743
2301,730237886,-0.625244,0.196195,0.690197,0.307007,-0.062901,0.389497,0.262992
2302,730271220,-0.624995,0.197066,0.691320,0.304419,0.370630,0.266197,0.316789
2303,730304554,-0.624546,0.198204,0.692416,0.302101,0.420200,0.198778,0.196377
2304,730337888,-0.624337,0.199068,0.693740,0.298910,0.246170,0.091966,0.030525
2305,730371222,-0.624254,0.199643,0.695438,0.294727,0.141214,-0.086704,0.137130
2306,730404556,-0.623971,0.200193,0.697477,0.290098,0.191687,-0.108768,0.138440
2307,730437890,-0.623685,0.200903,0.699537,0.285219,0.064666,-0.054846,0.036707
2308,730471224,-0.623169,0.201741,0.701838,0.280057,0.043951,-0.022636,0.090077
2309,730504558,-0.622385,0.202563,0.704604,0.274201,0.113403,-0.015983,0.127542
2310,730537892,-0.621834,0.203131,0.707517,0.267448,0.050911,0.178644,0.137383
2311,730571226,-0.621785,0.203446,0.710112,0.260351,-0.007077,0.474524,0.084535
2312,730604560,-0.621358,0.203708,0.713089,0.252921,0.212777,0.161911,0.271790
2313,730637894,-0.620229,0.204381,0.716582,0.245159,0.176387,-0.098920,0.056271
2314,730671228,-0.618888,0.205890,0.719826,0.237666,0.024286,0.015710,0.128524
2315,730704562,-0.618289,0.207651,0.722012,0.230968,0.391487,0.282682,0.216743
2316,730737896,-0.617690,0.210895,0.722808,0.227110,0.627219,0.211261,0.193423
2317,730771230,-0.616485,0.215612,0.723443,0.223910,-0.490905,-0.242716,0.132225
2318,730804564,-0.615568,0.219713,0.724354,0.219456,-0.621093,-0.355632,0.204759
2319,730837898,-0.615309,0.222975,0.724532,0.216281,-0.196348,0.134952,0.139457
2320,730871232,-0.614539,0.226933,0.724460,0.214589,-0.530654,-0.046124,0.274062
2321,730904566,-0.614078,0.230330,0.724410,0.212447,-0.568087,-0.277164,0.137469
2322,730937900,-0.613981,0.233217,0.724047,0.210809,-0.063081,-0.079912,0.189303
2323,730971234,-0.613712,0.236967,0.723168,0.210430,-0.119336,-0.025641,0.124576
2324,731004568,-0.613739,0.241021,0.721659,0.210924,-0.220243,-0.073853,0.187233
2325,731037902,-0.613778,0.244767,0.720221,0.211413,-0.159824,-0.238242,0.087461
2326,731071236,-0.613321,0.248763,0.718998,0.212234,-0.216436,-0.226261,0.149950
2327,731104570,-0.613409,0.251851,0.717721,0.212660,-0.352791,-0.083944,0.129041
2328,731137904,-0.613812,0.253968,0.716736,0.212303,-0.376767,-0.007174,0.134103
2329,731171238,-0.613919,0.255753,0.716188,0.211701,-0.225025,-0.057220,0.140047
2330,731204572,-0.613711,0.257740,0.715686,0.211589,-0.093118,-0.057812,0.153980
2331,731237906,-0.613604,0.259903,0.714912,0.211871,-0.181246,0.006313,0.143170
2332,731271240,-0.613762,0.261344,0.714384,0.211421,-0.314219,-0.176776,0.109925
2333,731304574,-0.613653,0.262440,0.714280,0.210730,-0.226647,-0.203937,0.120893
2334,731337908,-0.613699,0.263250,0.714104,0.210179,-0.264807,-0.106996,0.162833
2335,731371242,-0.613839,0.263698,0.713993,0.209587,-0.072904,-0.017037,0.120443
2336,731404576,-0.613539,0.264344,0.714142,0.209145,-0.117598,-0.104608,0.136015
2337,731437910,-0.613369,0.265137,0.714053,0.208943,-0.227247,0.017873,0.176470
2338,731471244,-0.613624,0.265267,0.713915,0.208502,-0.199523,0.156692,0.178986
2339,731504578,-0.613732,0.265102,0.714055,0.207911,-0.095437,0.004714,0.100724
2340,731537912,-0.613726,0.264883,0.714282,0.207431,-0.164645,-0.085354,0.120178
2341,731571246,-0.613887,0.264523,0.714444,0.206852,-0.114248,-0.111810,0.153203
2342,731604580,-0.613883,0.264070,0.714751,0.206381,-0.188981,-0.196081,0.098791
2343,731637914,-0.613840,0.263317,0.715267,0.205685,-0.130034,-0.124207,0.190333
2344,731671248,-0.613871,0.262567,0.715702,0.205034,-0.105877,-0.052115,0.126992
2345,731704582,-0.613962,0.261668,0.716059,0.204664,-0.099329,0.010311,0.162821
2346,731737916,-0.614015,0.260905,0.716386,0.204338,-0.073085,0.036419,0.153914
2347,731771250,-0.613906,0.260284,0.716662,0.204488,-0.156174,-0.026234,0.151623
2348,731804584,-0.614009,0.259111,0.717075,0.204222,-0.180774,-0.113024,0.106413
2349,731837918,-0.613998,0.257954,0.717564,0.203999,-0.125146,-0.115582,0.127941
2350,731871252,-0.613966,0.256894,0.717914,0.204202,-0.104298,-0.102026,0.130919
2351,731904586,-0.613992,0.255745,0.718177,0.204641,-0.054625,-0.050528,0.159841
2352,731937920,-0.614007,0.254431,0.718596,0.204764,-0.305860,-0.069582,0.154817
2353,731971254,-0.613847,0.252955,0.719217,0.204889,-0.155441,-0.123901,0.128682
2354,732004588,-0.613815,0.251465,0.719561,0.205614,-0.211301,0.042016,0.173266
2355,732037922,-0.613925,0.249760,0.719829,0.206420,-0.212446,-0.033593,0.142081
2356,732071256,-0.613707,0.248123,0.720305,0.207383,-0.040398,-0.194730,0.125528
2357,732104590,-0.613585,0.246598,0.720592,0.208561,-0.281662,-0.118327,0.133728
2358,732137924,-0.613541,0.244783,0.720877,0.209839,-0.279741,-0.112036,0.112239
2359,732171258,-0.613281,0.242774,0.721342,0.211332,-0.362761,-0.184912,0.119453
2360,732204592,-0.612914,0.240336,0.722080,0.212655,-0.387683,-0.252200,0.052952
2361,732237926,-0.612368,0.237816,0.722958,0.214074,-0.286906,-0.284048,0.113816
2362,732271260,-0.612010,0.235382,0.723465,0.216067,-0.442599,-0.090615,0.245522
2363,732304594,-0.611971,0.232726,0.723598,0.218594,-0.363593,0.017812,0.192756
2364,732337928,-0.611822,0.230087,0.723600,0.221778,-0.404683,-0.006477,0.179885
2365,732371262,-0.611321,0.227826,0.723540,0.225654,-0.276701,0.051458,0.158646
2366,732404596,-0.610853,0.225691,0.723208,0.230086,-0.365667,0.049861,0.175139
2367,732437930,-0.610651,0.223418,0.722449,0.235169,-0.274976,0.130427,0.167372
2368,732471264,-0.610556,0.221153,0.721324,0.240937,-0.189246,0.207459,0.166261
2369,732504598,-0.610624,0.218571,0.720115,0.246673,-0.071265,0.212699,0.162867
2370,732537932,-0.611209,0.215364,0.718730,0.252024,-0.046848,0.254206,0.105404
2371,732571266,-0.612342,0.211899,0.716832,0.257560,-0.032639,0.323320,0.116493
2372,732604600,-0.613497,0.208850,0.714334,0.264154,0.096729,0.313239,0.164497
2373,732637934,-0.614104,0.206916,0.711392,0.272085,0.105311,0.133345,0.092589
2374,732671268,-0.614383,0.205505,0.708393,0.280229,0.026653,-0.162551,0.281185
2375,732704602,-0.615138,0.203453,0.705376,0.287584,0.126636,-0.230242,0.504472
2376,732737936,-0.617090,0.200124,0.701815,0.294372,0.140954,-0.017580,0.187221
2377,732771270,-0.619919,0.195518,0.698339,0.299740,0.132072,0.211318,0.328577
2378,732804604,-0.623450,0.189870,0.694738,0.304378,0.553379,0.322419,0.477922
2379,732837938,-0.626780,0.184900,0.690862,0.309381,0.694723,0.213716,-0.034217
2380,732871272,-0.629513,0.180648,0.687329,0.314176,0.437725,0.099655,0.129725
2381,732904606,-0.631482,0.177314,0.684657,0.317936,0.297381,-0.130124,0.094353
2382,732937940,-0.633472,0.174384,0.682332,0.320583,0.083878,-0.201775,0.286061
2383,732971274,-0.635617,0.171468,0.680093,0.322664,0.207085,-0.256765,-0.046000
2384,733004608,-0.637505,0.168687,0.678300,0.324174,0.270719,-0.241915,-0.010384
2385,733037942,-0.638721,0.166597,0.677240,0.325076,0.250055,-0.290686,0.003343
2386,733071276,-0.639838,0.164560,0.676320,0.325831,0.380821,-0.164568,0.115010
2387,733104610,-0.640850,0.163310,0.675253,0.326684,0.324932,-0.048894,-0.202974
2388,733137944,-0.641115,0.163318,0.674446,0.327825,0.382538,-0.087030,-0.036929
2389,733171278,-0.641228,0.163783,0.673462,0.329391,0.360712,0.061310,0.147828
2390,733204612,-0.641596,0.163782,0.672471,0.330697,0.118383,0.073002,0.036222
2391,733237946,-0.642208,0.163079,0.671733,0.331357,0.028205,0.096488,0.051003
2392,733271280,-0.642954,0.162111,0.670963,0.331945,0.143882,0.211801,0.191371
2393,733304614,-0.643626,0.161312,0.669605,0.333768,0.371771,0.330390,0.302952
2394,733337948,-0.643898,0.160724,0.668616,0.335504,0.224008,0.187662,-0.000538
2395,733371282,-0.644172,0.159978,0.668588,0.335391,0.004172,-0.266497,-0.179438
2396,733404616,-0.643907,0.160255,0.668729,0.335487,0.035534,-0.311041,-0.015991
2397,733437950,-0.643470,0.160550,0.669073,0.335499,0.187397,-0.241385,-0.058812
2398,733471284,-0.642980,0.160357,0.670110,0.334459,0.200533,-0.254944,0.079556
2399,733504618,-0.642713,0.159590,0.671611,0.332323,0.388505,-0.252575,-0.006859
2400,733537952,-0.642159,0.160073,0.672901,0.330547,0.272834,-0.034504,-0.005164
2401,733571286,-0.641074,0.162241,0.673883,0.329593,0.246974,0.045261,0.036000
2402,733604620,-0.640110,0.166221,0.673780,0.329694,0.360587,0.107989,0.150511
2403,733637954,-0.639683,0.170964,0.672755,0.330189,0.192235,0.220227,0.258061
2404,733671288,-0.640265,0.175221,0.671224,0.329946,-0.034020,0.252860,0.199595
2405,733704622,-0.641375,0.178081,0.670563,0.327594,0.169887,0.243466,0.397370
2406,733737956,-0.642503,0.179047,0.671787,0.322306,0.294780,0.225113,0.157001
2407,733771290,-0.642128,0.180504,0.674626,0.316256,0.347514,-0.080742,-0.170630
2408,733804624,-0.640982,0.183512,0.677332,0.311021,0.126707,-0.069518,-0.287980
2409,733837958,-0.640103,0.186563,0.680063,0.305000,-0.066023,0.333875,0.063013
2410,733871292,-0.638813,0.189540,0.683111,0.298997,0.171869,0.138511,0.418418
2411,733904626,-0.637144,0.193708,0.685778,0.293736,-0.155409,0.349952,0.197207
2412,733937960,-0.635141,0.196952,0.689612,0.286860,-0.223527,0.374242,0.156080
2413,733971294,-0.633514,0.198572,0.693989,0.278668,0.261466,0.400044,0.462850
2414,734004628,-0.631648,0.201000,0.697886,0.271334,0.143779,0.401328,0.127411
2415,734037962,-0.628256,0.204429,0.702914,0.263557,0.035724,0.083643,0.072855
2416,734071296,-0.624400,0.208150,0.708462,0.254811,-0.056636,0.188850,0.232729
2417,734104630,-0.621312,0.211311,0.713331,0.246021,0.261867,0.478964,0.538384
2418,734137964,-0.619531,0.213869,0.716666,0.238493,-0.281420,0.217024,-0.000822
2419,734171298,-0.618541,0.215959,0.719132,0.231658,-0.806490,-0.070519,0.151243
2420,734204632,-0.617729,0.217319,0.721469,0.225196,-0.655937,-0.328469,0.216432
2421,734237966,-0.616752,0.218320,0.723812,0.219309,-0.510275,-0.516384,0.225842
2422,734271300,-0.615976,0.219221,0.725793,0.213981,-0.014457,-0.271477,0.081285
2423,734304634,-0.615268,0.220817,0.727105,0.209884,0.226480,-0.017181,0.177557
2424,734337968,-0.614903,0.222961,0.727581,0.207020,0.140332,0.050623,0.111526
2425,734371302,-0.614414,0.225622,0.727640,0.205374,-0.141622,0.013432,0.158372
2426,734404636,-0.614021,0.228413,0.727433,0.204193,-0.255756,0.043306,0.100710
2427,734437970,-0.613484,0.231175,0.727085,0.203939,-0.470127,0.003234,0.197190
2428,734471304,-0.613297,0.233041,0.726981,0.202745,-0.512937,-0.207746,0.170810
2429,734504638,-0.613092,0.234210,0.727152,0.201399,-0.192086,-0.218711,0.156836
2430,734537972,-0.613058,0.235061,0.727310,0.199936,-0.559413,-0.246849,0.134452
2431,734571306,-0.612981,0.235187,0.727885,0.197921,-0.228886,-0.330172,0.083124
2432,734604640,-0.612742,0.235151,0.728533,0.196312,-0.249027,-0.100554,0.198975
2433,734637974,-0.612807,0.234708,0.729167,0.194277,-0.195187,-0.108521,0.180928
2434,734671308,-0.612483,0.234278,0.729955,0.192854,-0.259280,-0.106466,0.090559
2435,734704642,-0.612479,0.233485,0.730639,0.191229,-0.457502,0.000757,0.204445
2436,734737976,-0.612501,0.232424,0.731262,0.190067,-0.233854,-0.062744,0.139952
2437,734771310,-0.612650,0.231077,0.731857,0.188933,-0.223320,-0.247410,0.133346
2438,734804644,-0.613186,0.229342,0.732304,0.187572,-0.370131,-0.256366,0.156967
2439,734837978,-0.613819,0.227059,0.732925,0.185846,0.005511,-0.231103,0.031037
2440,734871312,-0.613840,0.225017,0.733795,0.184825,-0.153518,-0.305557,0.095567
2441,734904646,-0.613949,0.222866,0.734664,0.183614,-0.153910,-0.264793,0.156343
2442,734937980,-0.614003,0.220827,0.735407,0.182921,-0.235225,-0.075942,0.132365
2443,734971314,-0.614005,0.218595,0.736254,0.182185,-0.226457,-0.122138,0.128916
2444,735004648,-0.613710,0.216493,0.737090,0.182312,-0.116302,-0.088392,0.205158
2445,735037982,-0.613896,0.214138,0.737627,0.182291,-0.258355,-0.066209,0.125442
2446,735071316,-0.613703,0.212186,0.738145,0.183128,0.049652,-0.213971,0.095755
2447,735104650,-0.613418,0.210397,0.738544,0.184531,-0.278394,-0.316006,0.147510
2448,735137984,-0.613555,0.208232,0.738795,0.185528,-0.403012,-0.225051,0.128000
2449,735171318,-0.613588,0.205675,0.739236,0.186510,-0.228592,-0.261212,0.029305
2450,735204652,-0.613327,0.203010,0.739866,0.187783,-0.278418,-0.394232,0.063204
2451,735237986,-0.612556,0.200590,0.740877,0.188909,-0.289930,-0.656766,0.110279
2452,735271320,-0.611178,0.198830,0.741912,0.191159,-0.051945,-0.680512,0.028815
2453,735304654,-0.609726,0.197312,0.742738,0.194137,0.053525,-0.648703,-0.011800
2454,735337988,-0.608573,0.195684,0.743283,0.197297,-0.133531,-0.300723,0.133825
2455,735371322,-0.607924,0.193786,0.743383,0.200759,-0.299178,0.010743,0.162021
2456,735404656,-0.607249,0.191986,0.743250,0.204982,-0.533020,0.098713,0.257489
2457,735437990,-0.606295,0.190511,0.742929,0.210278,-0.266114,0.206057,0.163873
2458,735471324,-0.605189,0.189707,0.741988,0.217390,-0.095755,0.375510,0.147549
2459,735504658,-0.604546,0.188657,0.740622,0.224632,0.133234,0.471476,0.270928
2460,735537992,-0.604712,0.187329,0.738667,0.231625,0.055730,0.496660,0.316971
2461,735571326,-0.605332,0.186204,0.736120,0.238905,-0.102085,0.393708,0.174715
2462,735604660,-0.605931,0.185456,0.733072,0.247199,-0.046586,0.389765,0.230324
2463,735637994,-0.606745,0.184622,0.729540,0.256114,0.108295,0.399329,0.223845
2464,735671328,-0.608405,0.183614,0.725203,0.265060,-0.036433,0.530414,0.497443
2465,735704662,-0.612157,0.180963,0.719570,0.273467,0.196570,0.620915,0.616549
2466,735737996,-0.617000,0.176759,0.713301,0.281634,0.528896,0.435656,0.334616
2467,735771330,-0.621749,0.172730,0.706961,0.289563,0.147531,0.253213,0.193201
2468,735804664,-0.626239,0.168848,0.701033,0.296506,0.248670,0.118728,0.171808
2469,735837998,-0.630363,0.166287,0.694768,0.303870,0.360545,0.063914,0.231835
2470,735871332,-0.634994,0.163820,0.688406,0.309986,0.176006,0.148625,0.070612
2471,735904666,-0.639286,0.160278,0.683312,0.314257,0.302771,-0.028285,0.208453
2472,735938000,-0.642578,0.156005,0.679917,0.317045,0.528858,-0.365562,-0.156439
2473,735971334,-0.644338,0.153567,0.677420,0.319993,0.364088,-0.568313,-0.055375
2474,736004668,-0.645420,0.152600,0.675404,0.322526,0.060765,-0.608687,0.163261
2475,736038002,-0.646440,0.151681,0.673957,0.323941,0.180534,-0.510532,0.085304
2476,736071336,-0.647502,0.150421,0.673010,0.324377,0.289722,-0.285761,-0.058914
2477,736104670,-0.647997,0.150104,0.672183,0.325249,0.027251,-0.091230,-0.003618
2478,736138004,-0.648663,0.149428,0.671755,0.325117,-0.351975,0.070194,-0.150503
2479,736171338,-0.649564,0.147966,0.671862,0.323763,-0.005896,0.098950,-0.089192
2480,736204672,-0.649761,0.147961,0.671627,0.323857,0.190298,0.203359,0.000948
2481,736238006,-0.649597,0.148699,0.671349,0.324424,0.203275,0.320978,0.049601
2482,736271340,-0.649752,0.149257,0.670914,0.324758,0.133157,0.300375,0.210543
2483,736304674,-0.650155,0.149349,0.670470,0.324824,-0.072472,0.133357,0.109706
2484,736338008,-0.650478,0.148922,0.670359,0.324602,-0.015187,0.089092,0.073560
2485,736371342,-0.650649,0.147808,0.670790,0.323879,0.039936,0.140521,0.080580
2486,736404676,-0.651008,0.145546,0.671793,0.322097,0.063688,0.093442,0.101960
2487,736438010,-0.651660,0.142527,0.672960,0.319686,0.079333,0.106021,0.034270
2488,736471344,-0.652236,0.139600,0.674117,0.317356,0.133754,0.160956,0.081424
2489,736504678,-0.652686,0.136824,0.675359,0.314990,0.241269,0.131373,0.101794
2490,736538012,-0.652986,0.134389,0.676646,0.312645,0.254709,0.036205,-0.010518
2491,736571346,-0.653074,0.132655,0.677760,0.310782,0.057186,0.000910,0.097107
2492,736604680,-0.653306,0.130826,0.678870,0.308641,0.106574,0.007008,0.452116
2493,736638014,-0.653660,0.128743,0.680135,0.305970,0.266301,0.080088,0.240583
2494,736671348,-0.654073,0.127162,0.680903,0.304034,0.290571,0.147881,0.298207
2495,736704682,-0.654803,0.125682,0.681354,0.302063,0.422826,0.111846,0.192183
2496,736738016,-0.655483,0.124331,0.681905,0.299895,0.385407,0.017467,-0.187792
2497,736771350,-0.656276,0.122947,0.682486,0.297399,0.109332,-0.170606,-0.105638
2498,736804684,-0.657048,0.120399,0.683836,0.293612,0.271200,-0.352695,-0.260040
2499,736838018,-0.657113,0.118249,0.685711,0.289945,0.355535,-0.404964,0.051988
2500,736871352,-0.656824,0.116901,0.687678,0.286467,0.329778,-0.204896,0.055155
2501,736904686,-0.656113,0.116757,0.689820,0.282985,0.308546,-0.150373,0.033754
2502,736938020,-0.655027,0.118568,0.691718,0.280100,0.145104,-0.249023,0.101771
2503,736971354,-0.654246,0.122682,0.693090,0.276740,-0.197042,-0.479269,-0.067909
2504,737004688,-0.654335,0.127889,0.693918,0.272058,-0.788852,-0.797358,-0.164163
2505,737038022,-0.654337,0.132162,0.695978,0.264647,-0.264677,-0.533735,0.168497
2506,737071356,-0.652371,0.132343,0.701745,0.253965,1.508247,0.210266,0.313560
2507,737104690,-0.647818,0.131089,0.710094,0.242821,2.121759,0.980470,0.225524
2508,737138024,-0.642876,0.131299,0.717980,0.232429,0.555212,1.161031,0.469864
2509,737171358,-0.639204,0.135193,0.723526,0.222933,-0.289738,1.124938,0.363100
2510,737204692,-0.635943,0.141095,0.727895,0.214210,-0.224082,1.178129,0.087515
2511,737238026,-0.632507,0.145725,0.732001,0.207177,0.044887,1.005519,0.170418
2512,737271360,-0.628811,0.147851,0.737337,0.197785,-0.681627,0.623035,0.259022
2513,737304694,-0.626849,0.146895,0.742825,0.183688,-0.148444,-0.258359,0.233953
2514,737338028,-0.626754,0.146329,0.745838,0.171873,0.370911,0.239836,0.243360
2515,737371362,-0.625998,0.147383,0.748303,0.162771,0.075644,-0.015384,0.342447
2516,737404696,-0.624736,0.149564,0.750769,0.154041,-0.563705,-0.667803,0.081960
2517,737438030,-0.623809,0.152067,0.752516,0.146648,-0.313254,-0.319815,0.018955
2518,737471364,-0.623144,0.154210,0.753902,0.139966,-0.766342,-0.039968,0.328109
2519,737504698,-0.622160,0.156247,0.755440,0.133645,-0.428126,-0.140901,0.255577
2520,737538032,-0.622279,0.158847,0.755518,0.129526,-0.138934,0.145234,0.084846
2521,737571366,-0.623101,0.161597,0.754696,0.126939,-0.241478,0.137983,-0.120171
2522,737604700,-0.623719,0.163907,0.754115,0.124371,-0.412171,-0.085227,0.266873
2523,737638034,-0.624503,0.166494,0.753166,0.122737,-0.341702,-0.036206,0.469614
2524,737671368,-0.625774,0.169149,0.751505,0.122816,-0.561468,-0.147120,-0.035253
2525,737704702,-0.626663,0.171567,0.750215,0.122818,-0.253483,-0.415221,0.049462
2526,737738036,-0.627371,0.173545,0.749198,0.122632,-0.300783,-0.271909,0.152021
2527,737771370,-0.628542,0.174719,0.748008,0.122229,0.070238,-0.070873,0.198022
2528,737804704,-0.630011,0.176386,0.746149,0.123623,-0.441787,-0.322028,0.104626
2529,737838038,-0.630717,0.177912,0.744955,0.125036,-0.192772,-0.875011,-0.095483
2530,737871372,-0.631092,0.178298,0.744568,0.124900,-0.234087,-1.049620,0.192257
2531,737904706,-0.631381,0.177554,0.744806,0.123062,-0.493592,-0.758222,0.159523
2532,737938040,-0.631988,0.175899,0.745016,0.121034,-0.227939,0.066419,0.216660
2533,737971374,-0.631992,0.174109,0.745620,0.119874,0.212749,0.241681,0.161640
2534,738004708,-0.631995,0.172617,0.746195,0.118434,-0.185252,0.101259,0.123293
2535,738038042,-0.631639,0.171394,0.746934,0.117448,-0.324511,0.058883,0.052386
2536,738071376,-0.631229,0.169147,0.748064,0.115703,-0.242157,0.305096,0.081020
2537,738104710,-0.631121,0.166462,0.748996,0.114149,-0.250996,0.476925,0.126046
2538,738138044,-0.631300,0.163674,0.749688,0.112640,-0.155918,-0.152689,0.267235
2539,738171378,-0.631296,0.160691,0.750588,0.110951,0.077409,-0.552554,0.169575
2540,738204712,-0.631449,0.158187,0.751132,0.109987,0.056696,-0.259688,0.303585
2541,738238046,-0.631347,0.156672,0.751429,0.110710,0.220845,-0.268412,0.107344
2542,738271380,-0.631207,0.155701,0.751516,0.112277,-0.177644,-0.390037,0.312494
2543,738304714,-0.630913,0.154658,0.751666,0.114350,-0.203386,-0.225953,0.013255
2544,738338048,-0.629736,0.153522,0.752554,0.116511,0.101366,-0.184806,0.037559
2545,738371382,-0.628256,0.152899,0.753578,0.118680,-0.178221,-0.202562,-0.002344
2546,738404716,-0.627020,0.152758,0.754076,0.122179,-0.202659,-0.148074,0.159096
2547,738438050,-0.626141,0.152394,0.754174,0.126462,-0.404174,-0.299280,0.236567
2548,738471384,-0.625180,0.151858,0.754306,0.130996,-0.559521,-0.376249,0.130534
2549,738504718,-0.623833,0.151798,0.754542,0.136030,-0.758820,-0.502054,0.170233
2550,738538052,-0.622147,0.152314,0.754701,0.142150,-0.580698,-0.441970,0.149946
2551,738571386,-0.620298,0.153161,0.754580,0.149762,-0.087787,-0.284477,-0.013639
2552,738604720,-0.618326,0.154363,0.754249,0.158119,-0.126880,-0.297289,-0.011843
2553,738638054,-0.616787,0.154559,0.753716,0.166270,-0.479115,-0.300214,-0.041020
2554,738671388,-0.615508,0.153638,0.753154,0.174222,-0.800197,-0.394954,0.098252
2555,738704722,-0.614689,0.152175,0.752199,0.182329,-0.604744,-0.158159,0.384947
2556,738738056,-0.614100,0.151118,0.750341,0.192564,0.008869,0.392575,0.451537
2557,738771390,-0.614358,0.150542,0.746739,0.205741,0.572822,0.804433,0.483764
2558,738804724,-0.616252,0.149576,0.741703,0.218597,0.702054,0.990042,0.539405
2559,738838058,-0.619820,0.147782,0.735682,0.229790,0.725619,1.091586,0.525954
2560,738871392,-0.623785,0.146419,0.728778,0.241628,0.106931,1.058015,0.502121
2561,738904726,-0.628233,0.143353,0.721715,0.252882,0.015446,0.798721,0.302292
2562,738938060,-0.632157,0.137090,0.716699,0.260721,0.398872,0.202158,0.544277
2563,738971394,-0.636783,0.130596,0.712326,0.264748,0.603259,0.069356,0.237872
2564,739004728,-0.641293,0.125974,0.708073,0.267498,0.393911,-0.116593,-0.082216
2565,739038062,-0.644386,0.121989,0.705244,0.269378,-0.112372,-0.397596,0.030463
2566,739071396,-0.647449,0.116750,0.703535,0.268824,-0.024993,-0.419702,0.320744
2567,739104730,-0.650150,0.112821,0.701981,0.268042,0.776821,-0.212307,-0.042456
2568,739138064,-0.652499,0.112474,0.699180,0.269795,0.569060,0.074533,-0.572637
2569,739171398,-0.654346,0.112974,0.696793,0.271285,-0.072851,-0.053394,-0.408394
2570,739204732,-0.656773,0.111470,0.695185,0.270166,0.163625,0.424590,0.131634
2571,739238066,-0.658508,0.111214,0.693690,0.269891,0.576069,0.843231,0.275975
2572,739271400,-0.660416,0.112833,0.691071,0.271272,0.222383,1.137184,-0.081945
2573,739304734,-0.662758,0.114021,0.688584,0.271388,-0.227351,0.845795,-0.164954
2574,739338068,-0.664927,0.113627,0.687117,0.269960,-0.239098,0.971499,0.552594
2575,739371402,-0.666924,0.110872,0.686868,0.266795,-0.064011,1.068404,0.727501
2576,739404736,-0.669912,0.105497,0.686657,0.261989,0.469860,0.906768,-0.082465
2577,739438070,-0.673353,0.099899,0.685553,0.258224,0.446340,0.450802,-0.304481
2578,739471404,-0.676211,0.093174,0.685273,0.253981,0.046479,-0.243808,-0.361661
2579,739504738,-0.677656,0.086610,0.686763,0.248366,-0.383886,-1.023483,-0.245352
2580,739538072,-0.678561,0.078505,0.689711,0.240287,0.341538,-0.553366,0.050415
2581,739571406,-0.678726,0.073066,0.692321,0.233948,0.999406,-0.465696,-0.977403
2582,739604740,-0.678659,0.071259,0.693815,0.230243,0.485905,-1.018850,-0.478806
2583,739638074,-0.677715,0.069670,0.696510,0.225322,0.208632,-0.896872,-0.126322
2584,739671408,-0.675797,0.067751,0.700900,0.217936,0.032060,-0.703642,0.513692
2585,739704742,-0.673491,0.065973,0.705788,0.209687,0.440855,-0.378886,0.368328
2586,739738076,-0.671851,0.067831,0.708681,0.204532,1.104510,0.189916,-0.409269
2587,739771410,-0.671074,0.072169,0.709536,0.202628,0.589476,-0.258422,-0.402920
2588,739804744,-0.669054,0.076270,0.711870,0.199596,0.826024,-0.261323,-0.055384
2589,739838078,-0.666415,0.080550,0.714572,0.197072,1.275977,-0.166628,0.338976
2590,739871412,-0.663527,0.085846,0.716571,0.197321,1.256671,0.505563,1.089843
2591,739904746,-0.659823,0.089949,0.719780,0.196234,-0.049765,0.427439,1.327990
2592,739938080,-0.655478,0.095949,0.723273,0.195108,-0.674257,-0.037267,0.192401
2593,739971414,-0.653731,0.103395,0.724309,0.193313,-1.352408,-0.887093,-0.322073
2594,740004748,-0.653621,0.103642,0.726771,0.184090,-0.186427,-0.054653,0.422330
2595,740038082,-0.653852,0.100923,0.729941,0.171831,1.016417,0.596017,0.453086
2596,740071416,-0.653823,0.100495,0.732247,0.162106,0.390767,0.664755,0.382785
2597,740104750,-0.654269,0.101592,0.733247,0.154944,0.263081,0.470939,0.131015
2598,740138084,-0.654995,0.104371,0.733093,0.150701,-0.250100,-0.486593,-0.192080
2599,740171418,-0.655654,0.106280,0.733290,0.145450,-0.231531,-0.556641,0.111991
2600,740204752,-0.655567,0.107747,0.734159,0.140291,-0.719090,-0.351342,-0.027560
2601,740238086,-0.655411,0.107649,0.735480,0.134034,-0.107648,0.151610,0.351343
2602,740271420,-0.654495,0.109656,0.736653,0.130392,-0.389939,-0.315220,0.271067
2603,740304754,-0.652952,0.112033,0.738214,0.127241,-0.933925,-0.350553,0.248469
2604,740338088,-0.651521,0.113394,0.739949,0.123230,-0.346990,0.380841,0.045703
2605,740371422,-0.650906,0.114512,0.740810,0.120239,-0.826986,0.454030,0.146579
2606,740404756,-0.651145,0.114585,0.741202,0.116398,-0.665510,1.056080,0.105185
2607,740438090,-0.651638,0.115297,0.741021,0.114063,-0.335388,1.249456,0.204997
2608,740471424,-0.652122,0.116542,0.740574,0.112924,-0.583629,0.640566,0.358316
2609,740504758,-0.651969,0.117789,0.740582,0.112460,-0.489193,-0.651976,0.026148
2610,740538092,-0.652033,0.117950,0.740765,0.110710,-0.003886,-0.782875,0.106679
2611,740571426,-0.651933,0.117625,0.741201,0.108704,-0.012597,-0.996317,0.113662
2612,740604760,-0.651171,0.116919,0.742371,0.106017,0.313501,-0.344996,0.011006
2613,740638094,-0.650352,0.116367,0.743455,0.104038,-0.497484,0.547286,0.263906
2614,740671428,-0.650238,0.115514,0.743899,0.102518,-0.710055,0.583552,0.232910
2615,740704762,-0.650904,0.113955,0.743751,0.101097,-0.531802,0.110732,0.079688
2616,740738096,-0.651789,0.111848,0.743499,0.099590,-0.052334,-0.453911,0.108956
2617,740771430,-0.651924,0.109119,0.744050,0.097605,-0.304041,-0.607572,0.078581
2618,740804764,-0.651819,0.105319,0.745086,0.094523,-0.349237,0.530701,0.249648
2619,740838098,-0.652007,0.101262,0.745802,0.091979,-0.669483,0.367407,0.284259
2620,740871432,-0.652642,0.096677,0.746184,0.089272,-0.363858,0.123576,0.112577
2621,740904766,-0.653203,0.092311,0.746507,0.087061,-0.162708,-0.324211,0.091706
2622,740938100,-0.653582,0.087408,0.747049,0.084593,0.080479,-0.271972,0.170274
2623,740971434,-0.653504,0.082758,0.747867,0.082619,-0.328375,-0.479510,0.092623
2624,741004768,-0.653194,0.077623,0.748941,0.080293,-0.261018,-0.109251,0.068473
2625,741038102,-0.653393,0.072255,0.749494,0.078510,-0.224735,-0.197924,0.130254
2626,741071436,-0.653918,0.067062,0.749632,0.077422,0.110047,-0.528066,0.120636
2627,741104770,-0.654219,0.062392,0.749794,0.077209,0.086653,-0.854390,0.115099
2628,741138104,-0.653835,0.057895,0.750491,0.077193,-0.053944,-0.533003,0.064731
2629,741171438,-0.653139,0.053812,0.751351,0.077667,-0.306008,0.015162,0.157466
2630,741204772,-0.652567,0.050082,0.751975,0.078922,-0.743666,0.369342,0.152292
2631,741238106,-0.651764,0.047046,0.752595,0.081477,-0.573203,0.245415,0.194616
2632,741271440,-0.651049,0.045112,0.752860,0.085725,0.009542,-0.063237,0.168822
2633,741304774,-0.650320,0.044605,0.752793,0.091897,0.331213,-0.129810,-0.035580
2634,741338108,-0.649859,0.045448,0.752133,0.099802,0.188189,-0.075706,0.224305
2635,741371442,-0.649352,0.047123,0.751246,0.108624,0.014718,0.273777,0.127998
2636,741404776,-0.649015,0.049274,0.749890,0.118594,-0.237999,0.586342,0.318583
2637,741438110,-0.648871,0.051863,0.748105,0.129088,-0.018803,0.820528,0.461342
2638,741471444,-0.649338,0.055624,0.745287,0.140932,0.086247,0.814135,0.315387
2639,741504778,-0.649652,0.060201,0.742074,0.153959,0.468872,0.336806,0.350943
2640,741538112,-0.649580,0.065036,0.739058,0.166307,0.718357,-0.177492,0.107409
2641,741571446,-0.649239,0.070060,0.736228,0.177754,0.716488,-0.674384,0.100606
2642,741604780,-0.648696,0.074928,0.733574,0.188405,0.233893,-0.859864,0.155182
2643,741638114,-0.648345,0.077000,0.731841,0.195386,0.228450,-0.449795,0.287580
2644,741671448,-0.648315,0.076682,0.730751,0.199645,0.639793,0.165795,0.388973
2645,741704782,-0.648543,0.077105,0.729009,0.205036,0.865661,0.729630,0.170696
2646,741738116,-0.648167,0.081554,0.726178,0.214341,-0.059882,0.352443,0.207204
2647,741771450,-0.647953,0.087336,0.722743,0.224098,-0.182864,0.501044,0.497123
2648,741804784,-0.647944,0.092880,0.719366,0.232599,0.020413,0.538246,0.071476
2649,741838118,-0.647994,0.098032,0.716057,0.240426,0.105290,0.298025,-0.040873
2650,741871452,-0.648194,0.102030,0.713083,0.246972,-0.003566,-0.078318,-0.143291
2651,741904786,-0.648790,0.104271,0.710529,0.251785,0.058343,-0.036648,-0.385096
2652,741938120,-0.648999,0.106320,0.708301,0.256619,0.151908,-0.014985,-0.213799
2653,741971454,-0.648968,0.108560,0.706386,0.261002,0.092738,0.134988,-0.013700
2654,742004788,-0.648929,0.110921,0.704736,0.264544,0.094562,0.169523,-0.005851
2655,742038122,-0.648821,0.114002,0.702987,0.268126,0.184622,0.176291,0.103288
2656,742071456,-0.648394,0.117800,0.701503,0.271383,-0.288205,0.085778,-0.099174
2657,742104790,-0.648300,0.119779,0.700863,0.272394,-0.109133,0.129994,-0.115423
2658,742138124,-0.648364,0.119866,0.700944,0.271997,0.303368,0.095858,0.001969
2659,742171458,-0.648562,0.118912,0.701355,0.270880,0.082054,-0.020654,0.005170
2660,742204792,-0.648779,0.116665,0.702535,0.268266,0.344577,0.095687,0.089164
2661,742238126,-0.648741,0.115180,0.703807,0.265653,0.136663,0.123428,0.119313
2662,742271460,-0.648769,0.114159,0.705073,0.262651,-0.136967,0.268291,-0.018600
2663,742304794,-0.648859,0.112799,0.706822,0.258280,0.132027,0.266157,0.181143
2664,742338128,-0.649213,0.111619,0.708452,0.253389,0.458453,0.444860,-0.037301
2665,742371462,-0.649489,0.110862,0.709871,0.249007,1.068868,0.360824,0.049971
2666,742404796,-0.649099,0.111335,0.711176,0.246071,1.144007,0.277764,0.413185
2667,742438130,-0.648583,0.113427,0.712052,0.243936,0.655042,0.242443,0.536119
2668,742471464,-0.647775,0.117469,0.712610,0.242535,0.122680,0.223188,0.329148
2669,742504798,-0.647080,0.121106,0.713527,0.239890,-0.534222,0.117236,-0.120577
2670,742538132,-0.647172,0.119753,0.716284,0.231975,0.237354,0.314661,0.346708
2671,742571466,-0.647596,0.117410,0.719295,0.222478,0.516668,0.362063,0.074933
2672,742604800,-0.647805,0.116057,0.722068,0.213414,0.313840,0.118980,0.171247
2673,742638134,-0.647261,0.116364,0.724942,0.204987,-0.009304,0.059129,0.135305
2674,742671468,-0.646332,0.117292,0.727869,0.196857,0.044302,-0.035529,0.240993
2675,742704802,-0.645385,0.118596,0.730505,0.189273,0.512873,0.479100,0.129555
2676,742738136,-0.644555,0.121817,0.732008,0.184178,-0.030696,0.276103,0.169498
2677,742771470,-0.644365,0.124523,0.733080,0.178690,0.121495,-0.332317,0.103235
2678,742804804,-0.643289,0.127840,0.734497,0.174349,-0.462919,-0.827304,0.100716
2679,742838138,-0.641657,0.130203,0.736880,0.168462,-0.485323,-0.729941,0.021039
2680,742871472,-0.639964,0.132518,0.739270,0.162521,-0.620917,-0.038200,0.113606
2681,742904806,-0.638618,0.134396,0.741338,0.156750,-0.727983,0.432733,0.193229
2682,742938140,-0.637476,0.136145,0.743086,0.151525,-0.796881,0.879696,0.253586
2683,742971474,-0.636784,0.136661,0.744515,0.146883,-0.250775,0.133953,0.347623
2684,743004808,-0.637376,0.137159,0.744643,0.143159,-0.311496,0.141348,0.155874
2685,743038142,-0.637695,0.137499,0.744801,0.140566,-0.821014,-0.313123,0.272319
2686,743071476,-0.639233,0.136091,0.744361,0.137241,-0.553766,-0.365746,0.049010
2687,743104810,-0.640532,0.134304,0.744145,0.134078,-0.316468,-0.175516,0.095062
2688,743138144,-0.641479,0.132608,0.744092,0.131510,-0.311150,-0.593838,0.241618
2689,743171478,-0.642116,0.130817,0.744358,0.128656,0.095973,-0.731896,-0.047446
2690,743204812,-0.642081,0.129442,0.745019,0.126378,-0.205090,-0.336878,0.152233
2691,743238146,-0.642222,0.127227,0.745730,0.123691,-0.331735,-0.265199,0.091484
2692,743271480,-0.642151,0.124277,0.746836,0.120336,-0.056452,-0.185425,0.129134
2693,743304814,-0.641420,0.121838,0.748262,0.117843,-0.391827,-0.245221,0.199821
2694,743338148,-0.640962,0.119300,0.749431,0.115481,-0.253351,0.093934,0.175398
2695,743371482,-0.640313,0.116501,0.750647,0.114031,-0.238531,-0.146496,0.081943
2696,743404816,-0.639702,0.113844,0.751737,0.112956,-0.212169,-0.170007,0.168251
2697,743438150,-0.639121,0.111465,0.752607,0.112827,-0.386118,-0.119117,0.307229
2698,743471484,-0.638816,0.109013,0.753160,0.113260,-0.187954,-0.192820,0.074443
2699,743504818,-0.638441,0.107218,0.753505,0.114786,-0.213169,-0.169606,0.178556
2700,743538152,-0.638096,0.105403,0.753710,0.117016,-0.303464,-0.294663,0.277066
2701,743571486,-0.637865,0.103896,0.753673,0.119828,0.127589,-0.228729,0.078236
2702,743604820,-0.637379,0.103707,0.753368,0.124411,-0.125969,-0.242547,0.126683
2703,743638154,-0.636894,0.104336,0.752738,0.130052,-0.088229,-0.325742,0.195004
2704,743671488,-0.636574,0.105787,0.751585,0.136934,0.014926,-0.054456,0.137283
2705,743704822,-0.636116,0.107194,0.750341,0.144575,-0.174538,-0.072439,0.122339
2706,743738156,-0.635471,0.108752,0.749101,0.152461,0.004625,-0.165254,0.121305
2707,743771490,-0.634743,0.111080,0.747549,0.161188,-0.043921,-0.002483,0.071904
2708,743804824,-0.634088,0.113560,0.745755,0.170099,-0.164006,0.121436,0.213868
2709,743838158,-0.633542,0.115376,0.743906,0.178787,-0.043669,0.026289,0.240365
2710,743871492,-0.633023,0.117025,0.742025,0.187173,0.020632,0.296342,0.157961
2711,743904826,-0.632757,0.117881,0.740165,0.194747,0.002692,0.693797,0.294604
2712,743938160,-0.632806,0.117961,0.738148,0.202056,0.241755,0.449103,0.280494
2713,743971494,-0.632685,0.119509,0.735685,0.210340,0.356903,0.153898,0.147200
2714,744004828,-0.632708,0.121494,0.732890,0.218722,-0.002630,0.165942,0.233099
2715,744038162,-0.632840,0.122274,0.730425,0.226030,0.228497,0.231775,0.317632
2716,744071496,-0.632956,0.123363,0.727947,0.233002,-0.126484,-0.355713,0.051982
2717,744104830,-0.633779,0.123386,0.725685,0.237758,-0.036437,-0.234268,-0.034181
2718,744138164,-0.633628,0.122087,0.724810,0.241473,1.074906,-0.234745,0.367780
2719,744171498,-0.632854,0.123278,0.723296,0.247363,0.463312,-0.209048,0.195741
2720,744204832,-0.632853,0.124322,0.721356,0.252455,0.260421,0.456218,0.295004
2721,744238166,-0.632834,0.125571,0.719342,0.257580,0.359486,0.542499,0.159906
2722,744271500,-0.632920,0.126063,0.717503,0.262217,0.125590,0.601967,0.068426
2723,744304834,-0.633468,0.125361,0.715810,0.265833,0.226638,0.452010,0.108184
2724,744338168,-0.634554,0.124694,0.713741,0.269100,0.216730,0.368340,-0.079393
2725,744371502,-0.635333,0.125020,0.711709,0.272471,0.110695,0.187361,-0.084633
2726,744404836,-0.635464,0.126779,0.709565,0.276906,0.165050,-0.210270,-0.161841
2727,744438170,-0.635485,0.129165,0.707483,0.281053,0.100879,-0.194063,-0.124696
2728,744471504,-0.634779,0.131954,0.706219,0.284510,0.014775,-0.370499,-0.056187
2729,744504838,-0.634072,0.134933,0.705053,0.287566,0.055662,-0.132601,-0.065413
2730,744538172,-0.633318,0.137720,0.704346,0.289630,0.128343,0.100283,-0.052744
2731,744571506,-0.632594,0.140500,0.703856,0.291064,0.294017,0.310544,0.020240
2732,744604840,-0.631535,0.144701,0.703098,0.293132,0.347762,0.286977,0.048735
2733,744638174,-0.630265,0.150098,0.702104,0.295522,0.041757,0.372893,0.032560
2734,744671508,-0.629186,0.154304,0.701958,0.296002,0.285381,0.311018,0.131254
2735,744704842,-0.628219,0.157874,0.701903,0.296303,0.596358,0.359092,0.272234
2736,744738176,-0.627713,0.160213,0.701808,0.296348,0.517888,0.279925,0.231550
2737,744771510,-0.627204,0.161117,0.702929,0.294269,0.035844,0.214386,0.130494
2738,744804844,-0.626555,0.161500,0.705057,0.290324,-0.107118,0.280393,0.074627
2739,744838178,-0.626201,0.162006,0.707024,0.285991,0.137988,0.230030,-0.002417
2740,744871512,-0.625699,0.162945,0.708751,0.282257,0.362398,0.309847,0.247267
2741,744904846,-0.624765,0.163229,0.711495,0.277216,0.358409,0.152838,0.101182
2742,744938180,-0.624183,0.163543,0.714066,0.271674,0.128287,0.357346,0.036546
2743,744971514,-0.623782,0.164300,0.716401,0.265932,-0.032770,0.241889,0.277095
2744,745004848,-0.622909,0.165500,0.719172,0.259678,-0.069303,0.103036,0.201484
2745,745038182,-0.621901,0.166186,0.722615,0.251987,-0.274575,0.180258,0.082215
2746,745071516,-0.621344,0.165493,0.726254,0.243201,0.009945,0.399875,0.074250
2747,745104850,-0.620368,0.165153,0.730108,0.234217,0.125978,0.080073,0.170978
2748,745138184,-0.618350,0.163974,0.735773,0.222352,0.015630,-0.169074,0.076606
2749,745171518,-0.617146,0.161592,0.741081,0.209441,0.237189,-0.129770,0.429317
2750,745204852,-0.616559,0.160956,0.744096,0.200789,0.696445,0.291400,0.234734
2751,745238186,-0.615429,0.162746,0.745932,0.195943,-0.171439,0.462995,-0.036480
2752,745271520,-0.614241,0.163826,0.748610,0.188412,-0.929723,-0.025684,0.107375
2753,745304854,-0.612946,0.164053,0.751525,0.180670,-0.306369,-0.157198,0.325689
2754,745338188,-0.612178,0.163777,0.753737,0.174194,-0.511106,-0.317318,0.133034
2755,745371522,-0.613057,0.161689,0.755203,0.166536,-0.499681,-0.261041,0.234496
2756,745404856,-0.614303,0.159104,0.756380,0.158916,-0.218539,-0.258600,0.168404
2757,745438190,-0.615434,0.156182,0.757484,0.152034,0.108263,-0.346613,0.115759
2758,745471524,-0.617334,0.152845,0.758076,0.144590,0.010094,-0.286707,0.147259
2759,745504858,-0.619596,0.150026,0.757953,0.138372,-0.204382,-0.171145,0.071808
2760,745538192,-0.621482,0.146985,0.758024,0.132677,0.031207,-0.357810,0.141770
2761,745571526,-0.622945,0.143829,0.758415,0.126912,-0.080358,-0.513522,0.174612
2762,745604860,-0.624485,0.140229,0.758901,0.120295,-0.219604,-0.611453,0.072729
2763,745638194,-0.625540,0.136389,0.759782,0.113479,0.070557,-0.689813,0.045218
2764,745671528,-0.625455,0.132970,0.761355,0.107291,0.172234,-0.745214,0.124994
2765,745704862,-0.625093,0.129894,0.763014,0.101207,-0.106841,-0.421571,0.103539
2766,745738196,-0.624517,0.126762,0.764798,0.095087,-0.044742,-0.079530,0.220286
2767,745771530,-0.623862,0.123915,0.766498,0.089273,-0.266461,0.051089,0.232236
2768,745804864,-0.623276,0.121585,0.767860,0.084750,0.162094,0.443628,0.266798
2769,745838198,-0.623076,0.119891,0.768667,0.081253,-0.018809,0.398525,0.149812
2770,745871532,-0.623088,0.118926,0.769045,0.078966,-0.316839,0.261861,0.256473
2771,745904866,-0.623340,0.117829,0.769220,0.076890,-0.098754,0.131735,0.114536
2772,745938200,-0.623246,0.117132,0.769512,0.075786,-0.112798,-0.007025,0.165512
2773,745971534,-0.623234,0.117055,0.769531,0.075806,-0.158348,0.043970,0.135020
2774,746004868,-0.623203,0.116895,0.769594,0.075675,-0.163593,-0.136733,0.159865
2775,746038202,-0.622945,0.117134,0.769702,0.076320,-0.041685,-0.085567,0.205532
2776,746071536,-0.622783,0.117669,0.769615,0.077689,0.043503,-0.062135,0.154117
2777,746104870,-0.622559,0.118669,0.769388,0.080168,-0.087312,-0.067465,0.149346
2778,746138204,-0.622418,0.119854,0.769028,0.082912,-0.291000,-0.038566,0.143870
2779,746171538,-0.622407,0.120864,0.768547,0.085938,-0.282086,-0.038227,0.138068
2780,746204872,-0.621963,0.121985,0.768307,0.089628,-0.163947,-0.189892,0.198627
2781,746238206,-0.621799,0.122765,0.767867,0.093396,-0.251224,-0.253918,0.157211
2782,746271540,-0.621836,0.123466,0.767173,0.097821,-0.205472,-0.180248,0.107336
2783,746304874,-0.621987,0.124096,0.766303,0.102766,-0.190356,-0.163020,0.102382
2784,746338208,-0.622062,0.124320,0.765564,0.107436,-0.348923,-0.306036,0.078298
2785,746371542,-0.621880,0.124228,0.765073,0.111996,-0.148034,-0.478418,0.101532
2786,746404876,-0.621569,0.123839,0.764643,0.116984,-0.271617,-0.531490,0.122798
2787,746438210,-0.621491,0.122409,0.764285,0.121167,-0.564352,-0.653428,0.088220
2788,746471544,-0.621297,0.120685,0.763993,0.125650,-0.348274,-0.323362,0.275877
2789,746504878,-0.621099,0.119364,0.763384,0.131459,-0.173310,-0.002877,0.137362
2790,746538212,-0.620905,0.118326,0.762451,0.138536,-0.228644,0.144830,0.110831
2791,746571546,-0.620870,0.117395,0.761381,0.145211,-0.476650,-0.198949,0.175609
2792,746604880,-0.620937,0.116486,0.760083,0.152285,-0.113977,-0.254349,0.146083
2793,746638214,-0.621251,0.115197,0.758426,0.160046,0.222160,-0.017495,0.143971
2794,746671548,-0.622682,0.114066,0.755407,0.169306,0.220885,-0.021529,0.684809
2795,746704882,-0.624664,0.114796,0.750800,0.181560,0.282258,0.168916,0.256984
2796,746738216,-0.626221,0.116946,0.745711,0.195278,0.074514,0.198376,0.288900
2797,746771550,-0.628335,0.118428,0.740205,0.208122,0.225984,0.800366,0.265416
2798,746804884,-0.630938,0.118648,0.734587,0.219705,0.254454,0.974494,0.415113
2799,746838218,-0.634576,0.117677,0.728163,0.230852,0.445360,0.914064,0.832438
2800,746871552,-0.639256,0.115565,0.721156,0.240786,0.497522,0.598601,0.236942
2801,746904886,-0.644077,0.113581,0.714060,0.249861,0.257817,0.279632,0.036611
2802,746938220,-0.648365,0.110354,0.708335,0.256427,0.145820,0.057736,0.043273
2803,746971554,-0.651737,0.107126,0.703938,0.261309,-0.061683,-0.045902,0.055988
2804,747004888,-0.655191,0.103503,0.700036,0.264593,0.037185,-0.353965,-0.129925
2805,747038222,-0.657425,0.100618,0.697370,0.267190,-0.051856,-0.818056,0.002481
2806,747071556,-0.658939,0.098683,0.695258,0.269674,0.155905,-0.765839,0.015832
2807,747104890,-0.659984,0.098053,0.693365,0.272213,0.285701,-0.213602,-0.111794
2808,747138224,-0.659856,0.099456,0.692018,0.275421,0.370683,0.057266,-0.140583
2809,747171558,-0.659833,0.101986,0.690176,0.279147,0.671872,0.311223,-0.078282
2810,747204892,-0.659791,0.105600,0.687832,0.283655,0.382907,0.370784,-0.046293
2811,747238226,-0.659406,0.109296,0.685720,0.288226,-0.022052,0.316679,-0.098402
2812,747271560,-0.658877,0.111368,0.684753,0.290929,-0.022082,0.359212,0.054844
2813,747304894,-0.658262,0.112319,0.684328,0.292950,0.175210,0.273902,0.134040
2814,747338228,-0.658218,0.111967,0.684063,0.293798,0.158101,0.286059,0.130421
2815,747371562,-0.658274,0.110727,0.684322,0.293541,0.037282,0.139634,0.147676
2816,747404896,-0.658334,0.109373,0.684798,0.292803,0.185460,0.081431,0.135151
2817,747438230,-0.658486,0.108538,0.685071,0.292133,0.057960,0.125898,0.014929
2818,747471564,-0.658526,0.107477,0.685963,0.290336,-0.113523,0.016573,-0.119347
2819,747504898,-0.658469,0.105677,0.687336,0.287869,0.147923,-0.128586,-0.026752
2820,747538232,-0.658579,0.103639,0.688602,0.285321,0.291633,-0.093638,-0.014480
2821,747571566,-0.658766,0.101112,0.690256,0.281774,0.161215,-0.148346,-0.006151
2822,747604900,-0.659040,0.097907,0.692302,0.277211,0.417331,-0.038751,0.022050
2823,747638234,-0.658701,0.095843,0.694390,0.273490,0.618449,-0.074727,0.205998
2824,747671568,-0.658197,0.095505,0.695859,0.271079,0.536747,0.041514,0.122046
2825,747704902,-0.657293,0.096848,0.697172,0.269418,0.216263,0.020310,0.020173
2826,747738236,-0.656134,0.098564,0.698932,0.267049,0.147881,0.011435,-0.125674
2827,747771570,-0.654413,0.101269,0.701094,0.264582,0.307953,0.044118,-0.083669
2828,747804904,-0.652463,0.105034,0.703184,0.262375,0.368882,-0.255179,-0.036273
2829,747838238,-0.651436,0.108635,0.704791,0.259128,-0.284596,-0.145892,0.010013
2830,747871572,-0.650768,0.109469,0.707110,0.254087,1.328541,0.477182,0.737523
2831,747904906,-0.649392,0.110991,0.709635,0.249875,1.186244,0.622393,0.656225
2832,747938240,-0.647480,0.114457,0.711980,0.246579,0.399894,0.427757,0.508716
2833,747971574,-0.645769,0.118955,0.713861,0.243478,0.011956,0.308081,0.209002
2834,748004908,-0.644401,0.122987,0.715727,0.239592,-0.580671,-0.028308,-0.063428
2835,748038242,-0.643870,0.123801,0.718549,0.232034,-0.152854,-0.030816,0.002788
2836,748071576,-0.643780,0.123698,0.721409,0.223300,0.268283,0.133219,0.151637
2837,748104910,-0.643553,0.124563,0.723911,0.215230,0.236924,0.173667,0.182893
2838,748138244,-0.643327,0.125498,0.726323,0.207082,-0.026455,0.261518,0.221849
2839,748171578,-0.643321,0.126762,0.728299,0.199243,-0.076332,0.394014,0.083495
2840,748204912,-0.642970,0.128236,0.730299,0.191979,-0.208585,0.586301,0.149257
2841,748238246,-0.642696,0.129766,0.732137,0.184731,0.059430,0.257689,0.088709
2842,748271580,-0.642115,0.132109,0.733834,0.178244,-0.234095,-0.038576,-0.047566
2843,748304914,-0.640987,0.133700,0.736356,0.170553,-0.922902,-0.514105,0.168929
2844,748338248,-0.639515,0.133979,0.739551,0.161811,-0.140913,-0.539438,0.176301
2845,748371582,-0.638523,0.134580,0.741792,0.154819,-0.472671,-0.295037,0.145200
2846,748404916,-0.637637,0.133985,0.744271,0.146887,-0.577032,-0.488440,0.199120
2847,748438250,-0.636191,0.133759,0.746959,0.139530,-0.466521,-0.292459,0.160295
2848,748471584,-0.634962,0.133122,0.749296,0.133064,-0.535905,0.113853,0.230203
2849,748504918,-0.634447,0.132435,0.750772,0.127779,-0.194032,0.497489,0.099528
2850,748538252,-0.633836,0.132730,0.751865,0.124020,-0.374494,0.077037,0.258237
2851,748571586,-0.633338,0.132535,0.752878,0.120581,-0.468103,-0.270898,0.281295
2852,748604920,-0.633096,0.131652,0.753767,0.117222,-0.241842,-0.058022,0.077856
2853,748638254,-0.633017,0.130683,0.754493,0.114017,-0.516608,0.062808,0.161675
2854,748671588,-0.632656,0.129208,0.755548,0.110664,-0.216952,-0.029665,0.159460
2855,748704922,-0.631904,0.127871,0.756906,0.107178,-0.179220,-0.078256,0.193938
2856,748738256,-0.631231,0.126435,0.758077,0.104543,-0.006028,-0.112281,0.107003
2857,748771590,-0.630700,0.125275,0.758999,0.102430,-0.299523,-0.176241,0.220342
2858,748804924,-0.630151,0.124023,0.759887,0.100732,-0.302485,-0.062081,0.250815
2859,748838258,-0.629517,0.122751,0.760768,0.099598,-0.250735,-0.030957,0.077239
2860,748871592,-0.629091,0.121075,0.761545,0.098401,-0.291653,-0.012419,0.150085
2861,748904926,-0.628713,0.119421,0.762217,0.097628,-0.236606,-0.063428,0.143690
2862,748938260,-0.628350,0.117641,0.762817,0.097443,-0.299029,-0.138105,0.312879
2863,748971594,-0.628151,0.115538,0.763300,0.097459,-0.106486,-0.090317,0.063342
2864,749004928,-0.627670,0.114135,0.763805,0.098246,-0.286068,-0.061836,0.158463
2865,749038262,-0.627534,0.112843,0.763916,0.099733,-0.278699,-0.014507,0.131358
2866,749071596,-0.626964,0.111582,0.764319,0.101633,-0.168758,-0.018894,0.004534
2867,749104930,-0.626107,0.110623,0.764840,0.104025,-0.492963,-0.087776,0.335405
2868,749138264,-0.625621,0.108877,0.765159,0.106412,-0.237158,-0.077419,0.064534
2869,749171598,-0.624720,0.106462,0.765986,0.108184,-0.030721,-0.055324,0.077059
2870,749204932,-0.623829,0.104463,0.766641,0.110609,-0.472669,-0.192882,0.308048
2871,749238266,-0.623658,0.102387,0.766582,0.113872,-0.117948,0.169971,0.130999
2872,749271600,-0.623262,0.101491,0.766372,0.118178,-0.279743,0.232761,0.277296
2873,749304934,-0.623272,0.101488,0.765404,0.124241,-0.181982,0.162200,0.161323
2874,749338268,-0.623763,0.101469,0.763861,0.131105,-0.107038,0.045444,0.070251
2875,749371602,-0.624201,0.101406,0.762292,0.138017,-0.118531,-0.114426,0.105556
2876,749404936,-0.624810,0.101406,0.760346,0.145778,-0.053248,-0.277655,0.152485
2877,749438270,-0.625726,0.100652,0.758309,0.152814,-0.036090,-0.379159,0.104952
2878,749471604,-0.626069,0.099791,0.756770,0.159455,0.098185,-0.305570,0.144139
2879,749504938,-0.626319,0.098462,0.755269,0.166272,0.250835,0.056887,0.486835
2880,749538272,-0.626641,0.097091,0.753524,0.173618,0.565512,-0.065005,0.219685
2881,749571606,-0.627123,0.096500,0.751664,0.180148,-0.055849,-0.258865,-0.064712
2882,749604940,-0.627302,0.096738,0.749990,0.186271,0.549623,-0.495193,0.024613
2883,749638274,-0.626061,0.099120,0.748420,0.195289,0.666568,-0.465826,0.209985
2884,749671608,-0.625866,0.099785,0.746420,0.203077,0.673992,-0.329346,0.047562
2885,749704942,-0.626065,0.100994,0.744075,0.210340,0.602845,0.081059,0.302944
2886,749738276,-0.626277,0.103617,0.741331,0.217984,0.461389,0.271870,0.129091
2887,749771610,-0.626280,0.107177,0.738345,0.226233,0.234360,0.278040,0.439166
2888,749804944,-0.627055,0.109891,0.734962,0.233678,0.437060,0.669961,0.345348
2889,749838278,-0.628171,0.112414,0.731299,0.240859,0.562949,0.709947,0.100184
2890,749871612,-0.629582,0.115180,0.727139,0.248350,0.549615,0.482989,0.220345
2891,749904946,-0.630877,0.117927,0.723069,0.255553,0.550322,0.292721,0.173475
2892,749938280,-0.631953,0.121757,0.718722,0.263245,0.525409,0.161397,0.135571
2893,749971614,-0.632729,0.127227,0.714025,0.271445,0.211085,-0.055779,-0.261271
2894,750004948,-0.632446,0.134499,0.709402,0.280569,0.195178,-0.200819,-0.231432
2895,750038282,-0.630996,0.142558,0.705625,0.289244,-0.132867,-0.712874,-0.216473
2896,750071616,-0.629885,0.148486,0.703042,0.294918,-0.181505,-0.478233,-0.041959
2897,750104950,-0.628940,0.153073,0.701489,0.298270,-0.010535,-0.206695,-0.103284
2898,750138284,-0.627605,0.157372,0.700581,0.300966,-0.087079,0.090915,-0.026988
2899,750171618,-0.626327,0.160834,0.700554,0.301858,-0.085506,0.429058,0.101742
2900,750204952,-0.625297,0.162387,0.701539,0.300875,0.392687,0.687517,0.194899
2901,750238286,-0.624259,0.163915,0.702438,0.300102,0.418197,0.910815,0.125014
2902,750271620,-0.623147,0.165252,0.703654,0.298830,-0.094154,0.757307,0.327493
2903,750304954,-0.622779,0.165302,0.705283,0.295713,-0.043819,0.354120,0.194459
2904,750338288,-0.623075,0.164709,0.706691,0.292034,-0.121540,0.387299,-0.031936
2905,750371622,-0.622729,0.163062,0.709591,0.286613,0.222533,0.084443,0.139911
2906,750404956,-0.622256,0.161567,0.712579,0.281019,0.211027,-0.120145,0.039952
2907,750438290,-0.622180,0.159786,0.715557,0.274564,-0.019620,-0.143263,0.084973
2908,750471624,-0.621682,0.158227,0.719030,0.267431,0.057393,-0.332893,0.051537
2909,750504958,-0.620419,0.157212,0.723101,0.259879,-0.060942,-0.370977,-0.091145
2910,750538292,-0.618668,0.154767,0.728405,0.250542,0.306267,-0.471031,0.288282
2911,750571626,-0.616357,0.153176,0.733728,0.241520,0.251722,-0.374626,0.096549
2912,750604960,-0.613581,0.152253,0.739392,0.231697,-0.083816,-0.344408,0.012038
2913,750638294,-0.611196,0.150830,0.744905,0.221032,0.206672,-0.161409,0.203317
2914,750671628,-0.609806,0.149309,0.749135,0.211393,0.270251,0.364141,0.292859
2915,750704962,-0.608564,0.147991,0.752860,0.202478,0.201287,0.480800,0.288425
2916,750738296,-0.607401,0.146525,0.756574,0.192970,0.084462,0.397165,0.283025
2917,750771630,-0.606947,0.145308,0.759398,0.184020,0.084902,0.565949,0.211742
2918,750804964,-0.606916,0.144526,0.761315,0.176671,0.305569,0.589458,0.400239
2919,750838298,-0.607112,0.145048,0.762204,0.171664,-0.173223,0.207493,0.198564
2920,750871632,-0.607349,0.146302,0.762594,0.167991,-0.229289,0.088264,0.118616
2921,750904966,-0.607584,0.148092,0.762831,0.164460,-0.244232,-0.261063,0.166086
2922,750938300,-0.608086,0.149844,0.762690,0.161645,-0.116473,-0.412226,0.124445
2923,750971634,-0.608475,0.151543,0.762591,0.159047,-0.094303,-0.484023,0.114100
2924,751004968,-0.608835,0.153781,0.762180,0.157481,-0.187242,-0.202536,0.179813
2925,751038302,-0.609337,0.155808,0.761606,0.156320,-0.241219,-0.063957,0.106467
2926,751071636,-0.609620,0.157548,0.761197,0.155464,-0.116687,-0.141597,0.127230
2927,751104970,-0.609758,0.159254,0.760911,0.154585,-0.404570,-0.228318,0.127511
2928,751138304,-0.609974,0.160466,0.760670,0.153663,-0.192248,-0.160951,0.138284
2929,751171638,-0.610205,0.161551,0.760341,0.153233,-0.234881,-0.193060,0.079104
2930,751204972,-0.610309,0.162425,0.760122,0.152983,-0.296687,-0.192763,0.178741
2931,751238306,-0.610441,0.162898,0.760020,0.152456,-0.227172,-0.181255,0.109729
2932,751271640,-0.610548,0.163024,0.759977,0.152110,-0.210935,-0.009922,0.225092
2933,751304974,-0.610787,0.163026,0.759785,0.152108,-0.267670,0.043535,0.127871
2934,751338308,-0.610909,0.162825,0.759661,0.152449,-0.199126,-0.112126,0.175799
2935,751371642,-0.611167,0.162701,0.759385,0.152924,-0.172222,-0.165109,0.131865
2936,751404976,-0.611472,0.162622,0.758892,0.154229,-0.154118,-0.172061,0.149244
2937,751438310,-0.611734,0.162722,0.758338,0.155805,-0.258138,-0.200609,0.105761
2938,751471644,-0.611972,0.162594,0.757766,0.157768,-0.365609,-0.196670,0.103723
2939,751504978,-0.612077,0.162057,0.757408,0.159625,-0.171085,-0.228538,0.075876
2940,751538312,-0.611925,0.161561,0.757171,0.161823,-0.391407,-0.347711,0.057252
2941,751571646,-0.611744,0.160875,0.757013,0.163914,-0.394406,-0.352958,0.119596
2942,751604980,-0.611612,0.160187,0.756651,0.166725,-0.375000,-0.184732,0.182759
2943,751638314,-0.611486,0.159448,0.756089,0.170405,-0.317804,-0.062893,0.135698
2944,751671648,-0.611335,0.158588,0.755492,0.174353,-0.334091,-0.089717,0.099886
2945,751704982,-0.611156,0.157581,0.754843,0.178653,-0.264887,-0.063011,0.144834
2946,751738316,-0.610972,0.156506,0.754008,0.183681,-0.349563,-0.084816,0.167506
2947,751771650,-0.611035,0.155308,0.752943,0.188789,-0.377639,-0.092957,0.290092
2948,751804984,-0.611457,0.154099,0.751312,0.194813,-0.237701,0.114276,0.294977
2949,751838318,-0.612011,0.153052,0.749224,0.201814,-0.136686,0.290645,0.140005
2950,751871652,-0.612716,0.152163,0.746733,0.209436,0.055003,0.354455,0.195381
2951,751904986,-0.613678,0.151683,0.743696,0.217614,0.144117,0.301241,0.169248
2952,751938320,-0.615086,0.151749,0.739851,0.226518,0.102438,0.229154,0.196039
2953,751971654,-0.616933,0.151539,0.735437,0.235818,0.080352,0.266291,0.393506
2954,752004988,-0.620085,0.149762,0.730243,0.244661,0.216097,0.298872,0.524226
2955,752038322,-0.625250,0.146028,0.723675,0.253142,0.489459,0.192348,0.734396
2956,752071656,-0.630486,0.142475,0.716714,0.261835,0.126113,0.486190,0.001581
2957,752104990,-0.635706,0.137968,0.710288,0.269037,0.264979,0.492578,0.826922
2958,752138324,-0.640767,0.131569,0.705499,0.272813,0.565607,0.254672,0.075771
2959,752171658,-0.643252,0.127996,0.702861,0.275460,-0.371592,-0.817963,-0.127471
2960,752204992,-0.645661,0.123884,0.700826,0.276884,0.405044,-0.814193,0.251226
2961,752238326,-0.649349,0.118665,0.698442,0.276572,0.172523,-0.481527,-0.456252
2962,752271660,-0.652086,0.113243,0.697684,0.274308,0.103439,-0.434678,-0.546587
2963,752304994,-0.652572,0.108746,0.698653,0.272500,0.426910,-0.030511,-0.250453
2964,752338328,-0.651920,0.106361,0.699767,0.272142,0.763246,0.030361,0.244909
2965,752371662,-0.652525,0.106511,0.698443,0.274031,0.422932,0.311885,0.318939
2966,752404996,-0.653176,0.108029,0.696400,0.277067,0.245815,0.373959,0.159293
2967,752438330,-0.652906,0.110384,0.695044,0.280161,0.256881,0.391970,0.190368
2968,752471664,-0.652951,0.111705,0.694210,0.281599,-0.022423,0.299088,0.131463
2969,752504998,-0.653412,0.110619,0.694045,0.281364,-0.125469,-0.098699,0.006337
2970,752538332,-0.653945,0.108899,0.694059,0.280763,0.280304,-0.170045,-0.029201
2971,752571666,-0.654566,0.107442,0.693928,0.280197,0.312166,0.055562,-0.117659
2972,752605000,-0.654803,0.106828,0.693941,0.279849,0.225232,-0.069631,-0.084379
2973,752638334,-0.654897,0.106928,0.693941,0.279590,0.027002,0.118368,0.048504
2974,752671668,-0.654657,0.107546,0.694301,0.279019,-0.304909,0.362291,0.137163
2975,752705002,-0.654891,0.107566,0.695054,0.276578,-0.114948,0.201514,-0.189564
2976,752738336,-0.655581,0.107856,0.695251,0.274324,0.238404,0.347497,-0.125376
2977,752771670,-0.655838,0.108476,0.695559,0.272679,0.829697,0.139983,0.166790
2978,752805004,-0.655383,0.110458,0.695778,0.272420,0.663476,-0.015271,0.054632
2979,752838338,-0.654846,0.112177,0.696107,0.272169,0.728631,0.147092,0.028613
2980,752871672,-0.653903,0.114213,0.696504,0.272574,0.619318,0.124683,-0.027259
2981,752905006,-0.652913,0.116896,0.696753,0.273173,-0.123278,0.065138,-0.105347
2982,752938340,-0.651703,0.119000,0.698027,0.271897,-0.299997,0.082016,-0.092147
2983,752971674,-0.650456,0.121099,0.699886,0.269163,-0.015811,0.067059,0.107035
2984,753005008,-0.649383,0.124658,0.701161,0.266801,0.197220,0.064818,0.323914
2985,753038342,-0.648313,0.129342,0.701761,0.265592,0.707645,0.167886,0.389465
2986,753071676,-0.647023,0.133989,0.702401,0.264743,0.975434,0.445355,0.411830
2987,753105010,-0.646107,0.135683,0.704353,0.260904,0.482073,0.801554,0.398725
2988,753138344,-0.645091,0.137168,0.706961,0.255533,-0.157506,0.265018,0.247199
2989,753171678,-0.644761,0.140105,0.708409,0.250716,-0.350489,0.199100,0.148742
2990,753205012,-0.644382,0.142316,0.710540,0.244335,-0.509639,-0.084844,-0.119686
2991,753238346,-0.644157,0.141699,0.714026,0.234941,-0.084743,-0.137816,0.064830
2992,753271680,-0.644476,0.140426,0.717366,0.224422,0.364680,0.013462,0.374445
2993,753305014,-0.644651,0.140014,0.720253,0.214720,0.263195,0.120732,0.186177
2994,753338348,-0.644760,0.139738,0.722870,0.205584,-0.134384,-0.077519,0.071126
2995,753371682,-0.644519,0.140553,0.725092,0.197810,0.102692,-0.516867,0.194906
2996,753405016,-0.643336,0.142563,0.727449,0.191471,-0.028960,-0.551309,-0.010116
2997,753438350,-0.641914,0.144244,0.730335,0.183844,-0.727614,-0.237460,0.292933
2998,753471684,-0.640830,0.145066,0.733177,0.175477,-0.382230,0.190033,0.157698
2999,753505018,-0.639736,0.144945,0.736045,0.167376,-0.722252,0.259328,0.236914
3000,753538352,-0.639144,0.144076,0.738364,0.160013,-0.335436,-0.179912,0.218352
3001,753571686,-0.639266,0.143162,0.739793,0.153616,-0.405170,-0.112463,0.080478
3002,753605020,-0.639233,0.142658,0.741040,0.148113,-0.086292,-0.166364,-0.024912
3003,753638354,-0.639784,0.141989,0.741464,0.144203,0.095254,-0.273619,0.180981
3004,753671688,-0.639811,0.141421,0.742466,0.139406,-0.041679,-0.824784,0.105032
3005,753705022,-0.637546,0.141312,0.745456,0.133821,-0.317023,-1.255158,0.077483
3006,753738356,-0.634870,0.140535,0.748954,0.127697,0.091335,-0.939610,0.019411
3007,753771690,-0.633402,0.139426,0.751260,0.122550,-0.201794,0.022807,0.180101
3008,753805024,-0.632314,0.137592,0.753298,0.117633,-0.523249,0.661941,0.213367
3009,753838358,-0.631392,0.135837,0.755075,0.113140,-0.339135,1.129142,0.317609
3010,753871692,-0.630888,0.134777,0.756029,0.110828,-0.414658,0.935171,0.454188
3011,753905026,-0.630579,0.134383,0.756491,0.109909,-0.358195,0.413717,0.134777
3012,753938360,-0.630099,0.134402,0.756928,0.109628,-0.468668,-0.166694,0.214649
3013,753971694,-0.629886,0.133459,0.757357,0.109047,-0.287755,-0.413734,0.166545
3014,754005028,-0.629728,0.132051,0.757881,0.108028,-0.031470,-0.296508,0.069004
3015,754038362,-0.629732,0.130914,0.758049,0.108206,0.032567,-0.323530,0.237111
3016,754071696,-0.629926,0.130102,0.757910,0.109030,-0.035661,-0.010533,0.045992
3017,754105030,-0.629900,0.129992,0.757667,0.110982,-0.230612,0.078574,0.113418
3018,754138364,-0.629687,0.129854,0.757545,0.113163,-0.410911,-0.115715,0.155377
3019,754171698,-0.629149,0.129691,0.757631,0.115739,-0.345849,-0.103744,0.208083
3020,754205032,-0.628706,0.129616,0.757502,0.119027,-0.444062,-0.041814,0.174283
3021,754238366,-0.628378,0.129889,0.757108,0.122904,-0.244297,0.033547,0.146746
3022,754271700,-0.628027,0.130508,0.756438,0.128060,-0.176704,-0.178853,0.097501
3023,754305034,-0.627560,0.131257,0.755694,0.133844,-0.204501,-0.399865,0.077095
3024,754338368,-0.626997,0.132447,0.754830,0.140041,-0.131721,-0.398199,0.164877
3025,754371702,-0.626445,0.134279,0.753538,0.147525,-0.161697,-0.231271,0.177739
3026,754405036,-0.625804,0.135915,0.752150,0.155610,-0.078369,-0.142389,0.012177
3027,754438370,-0.624937,0.137524,0.750908,0.163479,-0.203037,-0.044607,0.139832
3028,754471704,-0.624522,0.138666,0.749306,0.171269,-0.227977,0.187812,0.212719
3029,754505038,-0.624262,0.139635,0.747500,0.179136,-0.105004,0.224468,0.072252
3030,754538372,-0.623608,0.140741,0.745903,0.187033,-0.064673,0.192351,0.134546
3031,754571706,-0.622986,0.141855,0.744162,0.195030,-0.104578,0.190194,0.278685
3032,754605040,-0.623171,0.141971,0.742112,0.202040,0.048098,0.149378,0.172297
3033,754638374,-0.623408,0.141980,0.739914,0.209237,0.033731,0.225618,0.684592
3034,754671708,-0.624352,0.141930,0.737114,0.216222,-0.001214,0.390178,0.672262
3035,754705042,-0.626215,0.142125,0.733121,0.224136,0.280899,0.639420,0.070163
3036,754738376,-0.628828,0.142098,0.727882,0.233707,0.630518,0.457108,0.177969
3037,754771710,-0.631669,0.141447,0.722643,0.242534,0.504378,-0.344627,-0.166560
3038,754805044,-0.634255,0.140184,0.718305,0.249309,0.187154,-0.844742,0.295162
3039,754838378,-0.636964,0.138565,0.714259,0.254869,0.177222,-0.664988,0.152869
3040,754871712,-0.639145,0.136900,0.710664,0.260301,0.215040,-0.363093,0.039533
3041,754905046,-0.641005,0.134756,0.707543,0.265300,0.242483,-0.121676,0.076926
3042,754938380,-0.642659,0.132397,0.705146,0.268845,0.040510,-0.028835,0.302247
3043,754971714,-0.644567,0.129815,0.702925,0.271339,0.059018,0.014405,0.168253
3044,755005048,-0.646008,0.128027,0.700977,0.273793,0.114515,0.328375,-0.066800
3045,755038382,-0.647091,0.126991,0.699259,0.276100,0.279825,0.570946,-0.053164
3046,755071716,-0.647796,0.126785,0.697482,0.279022,0.260956,0.395955,0.149563
3047,755105050,-0.649147,0.125994,0.695359,0.281526,0.128921,0.328224,0.161073
3048,755138384,-0.650497,0.124675,0.693671,0.283159,0.002924,0.155359,0.030540
3049,755171718,-0.651615,0.123120,0.692536,0.284044,0.092426,0.089434,0.133705
3050,755205052,-0.652748,0.121628,0.691249,0.285219,0.190787,0.124522,0.010905
3051,755238386,-0.653885,0.120594,0.689921,0.286265,0.158249,0.067511,0.027349
3052,755271720,-0.654873,0.119992,0.688759,0.287059,0.159434,-0.137501,-0.097387
3053,755305054,-0.655442,0.119805,0.687894,0.287909,0.037995,-0.170344,0.117820
3054,755338388,-0.655707,0.119420,0.687509,0.288385,0.118845,-0.153794,0.015142
3055,755371722,-0.655629,0.118904,0.687711,0.288294,0.201923,-0.171892,-0.013386
3056,755405056,-0.655699,0.118425,0.687732,0.288284,0.242521,0.035065,0.043312
3057,755438390,-0.655812,0.117919,0.687930,0.287762,0.156119,0.042862,0.062644
3058,755471724,-0.655770,0.117563,0.688334,0.287034,0.200505,0.033032,0.105978
3059,755505058,-0.655967,0.117106,0.688512,0.286343,0.179247,0.230884,0.038681
3060,755538392,-0.655871,0.117089,0.688775,0.285937,0.298763,0.053652,0.105650
3061,755571726,-0.655807,0.117465,0.688889,0.285655,0.132317,0.021026,0.173051
3062,755605060,-0.655964,0.117670,0.689062,0.284790,0.141668,0.025310,0.070503
3063,755638394,-0.656097,0.118112,0.689159,0.284066,0.278876,0.063042,0.063420
3064,755671728,-0.656073,0.118972,0.689158,0.283765,0.303200,0.001184,0.044017
3065,755705062,-0.655684,0.120339,0.689375,0.283563,0.073132,-0.122593,-0.076447
3066,755738396,-0.655512,0.121516,0.689681,0.282713,0.218255,-0.033444,0.130837
3067,755771730,-0.655038,0.123160,0.690157,0.281937,0.316757,-0.028796,0.049044
3068,755805064,-0.654198,0.125628,0.690783,0.281262,0.102427,-0.063924,-0.049903
3069,755838398,-0.653427,0.128145,0.691581,0.279958,0.159114,-0.130373,0.060575
3070,755871732,-0.652460,0.131254,0.692523,0.278438,0.445162,-0.202628,0.096065
3071,755905066,-0.651403,0.135028,0.693327,0.277103,0.221293,-0.163478,0.117764
3072,755938400,-0.650155,0.138521,0.694943,0.274248,-0.051933,-0.401367,-0.017048
3073,755971734,-0.648791,0.141140,0.697604,0.269343,-0.034225,-0.221614,0.081641
3074,756005068,-0.646751,0.142953,0.701558,0.262947,0.131812,0.112361,0.153305
3075,756038402,-0.644218,0.144250,0.706109,0.256188,0.368408,0.402588,0.316700
3076,756071736,-0.641798,0.145887,0.710196,0.249963,0.395248,0.821911,0.424335
3077,756105070,-0.639863,0.147976,0.713476,0.244290,0.271698,0.751342,0.320920
3078,756138404,-0.638553,0.149979,0.716207,0.238437,-0.147179,0.531004,0.266241
3079,756171738,-0.637790,0.151063,0.718898,0.231598,-0.189153,0.260870,0.227878
3080,756205072,-0.636602,0.151944,0.721923,0.224781,-0.176993,-0.025493,0.109082
3081,756238406,-0.635043,0.152236,0.725628,0.216928,-0.236922,-0.217993,-0.000949
3082,756271740,-0.633895,0.152057,0.729073,0.208701,0.011893,0.052051,0.035550
3083,756305074,-0.632298,0.152211,0.732633,0.200818,0.168241,-0.126025,0.167411
3084,756338408,-0.629429,0.152446,0.737284,0.192456,0.506048,-0.477345,0.103374
3085,756371742,-0.626331,0.153575,0.741620,0.184859,-0.020997,-0.364814,0.112322
3086,756405076,-0.624514,0.154733,0.744542,0.178173,-0.523526,-0.201897,0.337507
3087,756438410,-0.623150,0.155365,0.747092,0.171604,-0.511628,-0.587623,0.384965
3088,756471744,-0.621800,0.155383,0.749472,0.166014,-0.296137,-0.118171,-0.018843
3089,756505078,-0.621430,0.154478,0.751224,0.160225,-0.508079,0.702136,0.201721
3090,756538412,-0.621644,0.153644,0.752252,0.155299,0.007801,0.820579,0.197675
3091,756571746,-0.621698,0.154006,0.752715,0.152454,-0.292279,0.550272,0.111328
3092,756605080,-0.621822,0.155023,0.752781,0.150582,-0.187463,0.344346,0.006829
3093,756638414,-0.620627,0.156655,0.753857,0.148426,-0.321048,-0.722882,0.267529
3094,756671748,-0.620020,0.157142,0.754801,0.145620,-0.423164,-0.794419,0.162842
3095,756705082,-0.620294,0.156264,0.755285,0.142860,-0.214249,-0.206724,0.077686
3096,756738416,-0.620547,0.155492,0.755697,0.140403,-0.039641,0.027613,0.173623
3097,756771750,-0.620512,0.155428,0.756013,0.138918,0.090166,0.156959,0.243658
3098,756805084,-0.620557,0.156547,0.755742,0.138937,-0.131897,0.326349,0.186160
3099,756838418,-0.620773,0.158004,0.755090,0.139863,-0.400076,0.145949,0.171038
3100,756871752,-0.620638,0.158966,0.754862,0.140602,-0.276309,-0.188300,0.165772
3101,756905086,-0.620480,0.159146,0.754904,0.140873,-0.188760,-0.359604,0.074748
3102,756938420,-0.620541,0.158588,0.754976,0.140849,0.011968,-0.292419,0.075834
3103,756971754,-0.620610,0.158198,0.754998,0.140861,-0.170208,-0.267732,0.134151
3104,757005088,-0.620350,0.158435,0.754986,0.141805,-0.003938,-0.183210,0.115903
3105,757038422,-0.619994,0.158900,0.754823,0.143694,-0.209447,-0.028645,0.195410
3106,757071756,-0.620056,0.158747,0.754579,0.144874,-0.274735,-0.000744,0.134073
3107,757105090,-0.620061,0.158520,0.754261,0.146745,-0.328016,0.008225,0.133963
3108,757138424,-0.619899,0.157943,0.754171,0.148502,-0.204208,-0.262114,0.106526
3109,757171758,-0.619469,0.157454,0.754231,0.150500,-0.223806,-0.371848,0.129402
3110,757205092,-0.619447,0.156769,0.753934,0.152773,-0.164001,-0.242789,0.181221
3111,757238426,-0.619598,0.155983,0.753298,0.156071,-0.223457,-0.084871,0.070345
3112,757271760,-0.619585,0.154787,0.752933,0.159043,-0.280990,-0.166326,0.134155
3113,757305094,-0.619373,0.153621,0.752699,0.162079,-0.351609,-0.136364,0.183819
3114,757338428,-0.619447,0.152727,0.751917,0.166218,-0.335640,-0.006157,0.177642
3115,757371762,-0.619719,0.152044,0.750670,0.171387,-0.370055,0.067127,0.188610
3116,757405096,-0.619806,0.151559,0.749361,0.177137,-0.261573,0.019722,0.146733
3117,757438430,-0.619633,0.151183,0.748071,0.183402,-0.211981,0.025605,0.206999
3118,757471764,-0.619731,0.150633,0.746513,0.189760,-0.213499,0.169742,0.131647
3119,757505098,-0.619998,0.150106,0.744625,0.196600,-0.115362,0.188973,0.193777
3120,757538432,-0.620393,0.149762,0.742386,0.203945,-0.120096,0.181409,0.281304
3121,757571766,-0.621057,0.149462,0.739689,0.211794,0.023373,0.297915,0.265073
3122,757605100,-0.621997,0.149110,0.736574,0.219983,0.123553,0.313788,0.286188
3123,757638434,-0.623512,0.148285,0.733130,0.227625,0.210991,0.249742,0.321317
3124,757671768,-0.625266,0.147550,0.729381,0.235208,0.359949,0.197842,0.343118
3125,757705102,-0.627360,0.146934,0.725124,0.243050,0.394953,0.180497,0.362674
3126,757738436,-0.629634,0.146561,0.720431,0.251212,0.440781,0.053665,0.151376
3127,757771770,-0.631608,0.146649,0.715847,0.259184,0.434827,-0.113459,0.236031
3128,757805104,-0.633476,0.147181,0.711217,0.266953,0.339920,-0.160591,0.150545
3129,757838438,-0.635506,0.147031,0.706941,0.273490,0.087100,-0.152888,0.105965
3130,757871772,-0.637652,0.145811,0.703305,0.278475,0.287880,-0.048462,0.110441
3131,757905106,-0.639308,0.145152,0.700023,0.283251,0.125231,0.099356,0.032259
3132,757938440,-0.640468,0.144280,0.697847,0.286428,-0.066993,0.028340,-0.130422
3133,757971774,-0.641078,0.143210,0.696564,0.288715,0.075233,0.092503,0.247178
3134,758005108,-0.641528,0.142603,0.695356,0.290919,0.139178,0.198605,0.550871
3135,758038442,-0.642531,0.141972,0.693778,0.292775,0.155588,0.355877,0.314091
3136,758071776,-0.644225,0.141000,0.691720,0.294388,0.439267,0.291014,-0.085349
3137,758105110,-0.646141,0.139905,0.689550,0.295799,0.376768,0.137494,-0.171455
3138,758138444,-0.647917,0.138380,0.688010,0.296218,0.086180,-0.276811,-0.077115
3139,758171778,-0.649473,0.136018,0.687294,0.295565,0.132898,-0.185654,-0.207682
3140,758205112,-0.650366,0.134128,0.686997,0.295156,0.126764,-0.099551,-0.109494
3141,758238446,-0.650833,0.133042,0.686817,0.295036,0.191354,-0.187603,0.050105
3142,758271780,-0.651389,0.132424,0.686459,0.294920,0.153491,-0.158009,0.066998
3143,758305114,-0.651690,0.132013,0.686474,0.294404,0.054762,0.005275,-0.120815
3144,758338448,-0.651687,0.131476,0.686924,0.293601,0.226539,0.045107,0.319286
3145,758371782,-0.651999,0.130765,0.687179,0.292627,0.236405,0.222353,0.259081
3146,758405116,-0.652312,0.130480,0.687076,0.292299,0.297663,0.236721,-0.123563
3147,758438450,-0.653037,0.130074,0.686647,0.291868,0.260604,0.109185,-0.045172
3148,758471784,-0.654247,0.129218,0.686197,0.290594,0.211386,0.030039,-0.139755
3149,758505118,-0.655263,0.128698,0.685943,0.289132,0.006409,0.049175,-0.338264
3150,758538452,-0.655872,0.128794,0.686068,0.287407,-0.057209,-0.030970,-0.280476
3151,758571786,-0.655909,0.129760,0.686553,0.285724,0.307077,-0.196198,0.112242
3152,758605120,-0.655965,0.131827,0.686249,0.285379,0.211928,-0.049386,0.401826
3153,758638454,-0.656469,0.133283,0.685884,0.284420,0.030879,0.120716,0.151052
3154,758671788,-0.657425,0.133080,0.686089,0.281800,0.059269,0.103391,0.436574
3155,758705122,-0.660589,0.128735,0.685836,0.276996,0.238192,0.707562,0.413299
3156,758738456,-0.661647,0.122595,0.689295,0.268540,0.384080,0.454803,-0.364248
3157,758771790,-0.660051,0.118456,0.695400,0.258392,0.341815,-0.135004,-0.042938
3158,758805124,-0.656663,0.118604,0.701166,0.251278,1.297485,-0.689801,0.107213
3159,758838458,-0.653921,0.121839,0.704713,0.246920,0.861785,-0.306218,0.112534
3160,758871792,-0.650292,0.126767,0.708302,0.243733,0.071029,-0.545603,0.437659
3161,758905126,-0.645916,0.133011,0.712267,0.240465,-0.479933,-0.455637,0.273042
3162,758938460,-0.641594,0.137451,0.717145,0.234981,-0.128157,-0.424077,0.302564
3163,758971794,-0.637129,0.140750,0.722747,0.227906,0.105390,-0.230959,-0.017543
3164,759005128,-0.633319,0.143474,0.728034,0.219856,0.498685,0.426007,0.137992
3165,759038462,-0.630164,0.147716,0.731702,0.213853,0.394555,1.009756,0.020051
3166,759071796,-0.626143,0.153969,0.735297,0.208864,-0.688078,1.005898,0.166789
3167,759105130,-0.621809,0.158225,0.740198,0.201180,-1.072584,0.231857,0.678245
3168,759138464,-0.619392,0.160201,0.743972,0.192983,-0.370641,0.466955,0.095096
3169,759171798,-0.617791,0.161586,0.746757,0.186079,-0.908523,0.393116,0.338097
3170,759205132,-0.616654,0.162498,0.749169,0.179238,-0.340646,-0.085939,0.077658
3171,759238466,-0.615947,0.163525,0.750846,0.173628,-0.337001,0.020308,0.295217
3172,759271800,-0.616185,0.163737,0.751629,0.169139,-0.261452,-0.050995,0.205516
3173,759305134,-0.616561,0.164210,0.752066,0.165326,-0.403042,-0.259781,0.105455
3174,759338468,-0.616980,0.164139,0.752414,0.162219,-0.594815,-0.493662,0.137054
3175,759371802,-0.617144,0.163403,0.753183,0.158733,-0.361967,-0.497716,-0.010438
3176,759405136,-0.617150,0.162407,0.754048,0.155593,-0.375782,-0.359150,0.199571
3177,759438470,-0.617399,0.161285,0.754629,0.152935,-0.250515,-0.091417,0.114388
3178,759471804,-0.617608,0.160296,0.754863,0.151972,-0.386576,-0.198537,0.239218
3179,759505138,-0.617883,0.158866,0.755147,0.150940,-0.187089,-0.302460,0.137088
3180,759538472,-0.618023,0.157522,0.755409,0.150464,-0.339788,-0.168929,0.077948
3181,759571806,-0.618070,0.156115,0.755751,0.150018,-0.386165,-0.254779,0.179331
3182,759605140,-0.617923,0.154608,0.756080,0.150529,-0.142816,-0.335693,0.111805
3183,759638474,-0.617882,0.152836,0.756341,0.151192,-0.343903,-0.391059,0.077791
3184,759671808,-0.617675,0.151374,0.756592,0.152248,-0.355582,-0.433627,0.084329
3185,759705142,-0.617397,0.150081,0.756615,0.154523,-0.310217,-0.614680,0.109491
3186,759738476,-0.616863,0.149079,0.756695,0.157213,-0.437577,-0.724566,-0.190701
3187,759771810,-0.615836,0.148053,0.757143,0.160028,-0.344410,-0.632324,0.309447
3188,759805144,-0.615013,0.146596,0.757333,0.163592,0.018274,-0.214805,0.152923
3189,759838478,-0.614421,0.145286,0.757136,0.167845,-0.071772,0.132685,0.098567
3190,759871812,-0.614113,0.144016,0.756595,0.172441,-0.000187,0.388386,0.178918
3191,759905146,-0.614065,0.142644,0.755665,0.177748,-0.268824,0.251947,0.231288
3192,759938480,-0.614411,0.141566,0.754141,0.183787,-0.486481,0.258217,0.239315
3193,759971814,-0.615052,0.140913,0.751756,0.191746,-0.334417,0.196074,0.355453
3194,760005148,-0.616261,0.139984,0.748398,0.201431,-0.011338,0.433844,0.378907
3195,760038482,-0.618688,0.138134,0.743969,0.211429,0.268239,0.614578,0.340552
3196,760071816,-0.622128,0.135561,0.739048,0.220084,0.137141,0.691616,0.277965
3197,760105150,-0.626198,0.132072,0.733944,0.227611,0.119296,0.678474,0.638425
3198,760138484,-0.631762,0.127454,0.727634,0.235007,0.213336,0.751097,0.409323
3199,760171818,-0.637129,0.123380,0.721186,0.242451,-0.047120,0.296981,-0.109316
3200,760205152,-0.641817,0.117294,0.716519,0.246902,0.441077,-0.007900,0.555961
3201,760238486,-0.644475,0.113121,0.713473,0.250718,0.692239,-0.885596,0.085114
3202,760271820,-0.646919,0.111913,0.709336,0.256633,0.294721,-0.658374,-0.190818
3203,760305154,-0.648500,0.110972,0.706258,0.261496,0.373810,-0.806645,-0.203164
3204,760338488,-0.648380,0.111307,0.704534,0.266257,0.470245,-0.474436,0.040211
3205,760371822,-0.647132,0.113810,0.703008,0.272204,0.096639,0.007269,-0.056224
3206,760405156,-0.646231,0.115894,0.701646,0.276937,0.166767,0.408836,0.235804
3207,760438490,-0.646486,0.117568,0.699561,0.280884,0.299719,0.542202,0.270098
3208,760471824,-0.646990,0.119140,0.697353,0.284528,0.313243,0.351052,0.387171
3209,760505158,-0.647039,0.121156,0.695385,0.288357,0.316879,0.159736,-0.010468
3210,760538492,-0.646821,0.123040,0.693813,0.291813,0.167490,-0.053878,-0.038647
3211,760571826,-0.646772,0.124025,0.692525,0.294552,0.081602,-0.158511,-0.099808
3212,760605160,-0.646824,0.124691,0.691271,0.297092,-0.036882,-0.221896,-0.160649
3213,760638494,-0.646945,0.124621,0.690395,0.298890,0.032714,-0.015649,-0.010294
3214,760671828,-0.646882,0.124562,0.689925,0.300132,0.183791,0.234212,-0.026797
3215,760705162,-0.646615,0.125193,0.689543,0.301320,0.083333,0.131796,-0.009625
3216,760738496,-0.646450,0.126175,0.688992,0.302523,0.215685,0.253627,0.103927
3217,760771830,-0.646019,0.127321,0.688682,0.303668,0.200115,0.314614,0.152902
3218,760805164,-0.645461,0.128588,0.688531,0.304660,0.049863,0.297231,0.146145
3219,760838498,-0.645274,0.128775,0.688812,0.304344,0.004632,0.311019,0.154523
3220,760871832,-0.645325,0.127695,0.689789,0.302470,0.166683,0.249006,0.117205
3221,760905166,-0.645462,0.126385,0.690833,0.300340,0.171463,0.080280,0.044094
3222,760938500,-0.645859,0.125061,0.691759,0.297898,0.130834,0.085662,0.040190
3223,760971834,-0.645963,0.124208,0.692942,0.295268,0.356052,-0.038813,0.016275
3224,761005168,-0.645585,0.124133,0.694331,0.292853,0.180910,-0.209382,0.044630
3225,761038502,-0.645173,0.124459,0.695636,0.290518,0.095346,-0.150131,-0.022302
3226,761071836,-0.644868,0.124405,0.697242,0.287350,0.222295,-0.114644,-0.124251
3227,761105170,-0.644180,0.125254,0.698943,0.284377,0.252513,-0.109109,-0.158103
3228,761138504,-0.642582,0.127584,0.700797,0.282386,0.322515,-0.244841,0.150828
3229,761171838,-0.640831,0.130343,0.702481,0.280916,0.586059,0.027449,0.445337
3230,761205172,-0.639359,0.132626,0.704240,0.278789,0.364905,0.275104,0.353079
3231,761238506,-0.637642,0.134757,0.706569,0.275791,-0.001286,0.251361,0.344683
3232,761271840,-0.636022,0.136438,0.709373,0.271474,-0.223163,0.079978,0.154262
3233,761305174,-0.635306,0.137318,0.711959,0.265880,0.216088,0.125352,0.206899
3234,761338508,-0.635001,0.138372,0.714068,0.260348,-0.020120,0.293789,-0.070390
3235,761371842,-0.634171,0.139316,0.716756,0.254415,0.022990,0.136903,0.206269
3236,761405176,-0.633673,0.140575,0.719095,0.248289,0.064322,0.205648,0.262832
3237,761438510,-0.632863,0.142476,0.721401,0.242515,0.133970,0.221509,0.253814
3238,761471844,-0.631426,0.145314,0.723717,0.237627,0.212470,0.136823,0.114777
3239,761505178,-0.630439,0.148464,0.725423,0.233056,-0.073207,0.305665,0.154544
3240,761538512,-0.629957,0.151237,0.726683,0.228607,-0.349348,0.366828,0.241085
3241,761571846,-0.629631,0.153005,0.728298,0.223124,-0.534783,0.030233,0.137223
3242,761605180,-0.629693,0.153123,0.730184,0.216607,0.356909,0.291067,0.118707
3243,761638514,-0.629012,0.154596,0.731831,0.211934,-0.440216,-0.121232,0.081338
3244,761671848,-0.628389,0.155491,0.733748,0.206425,-0.330149,-0.564595,0.222308
3245,761705182,-0.627939,0.156147,0.735439,0.201214,-0.218457,-0.462720,0.053399
3246,761738516,-0.627558,0.156303,0.737033,0.196393,-0.259160,-0.529392,0.135726
3247,761771850,-0.627050,0.156155,0.738981,0.190730,-0.134663,-0.518876,0.035426
3248,761805184,-0.626130,0.155697,0.741265,0.185183,-0.065915,-0.217165,0.110986
3249,761838518,-0.625163,0.154947,0.743544,0.179869,-0.318807,-0.422103,0.130735
3250,761871852,-0.624869,0.153613,0.745257,0.174875,-0.106536,-0.294715,0.111555
3251,761905186,-0.624524,0.152087,0.746942,0.170193,0.066738,-0.121803,-0.043953
3252,761938520,-0.623657,0.150909,0.748957,0.165500,-0.355055,-0.006059,0.248074
3253,761971854,-0.623336,0.149177,0.750503,0.161223,-0.021583,-0.073331,0.167542
3254,762005188,-0.623485,0.147604,0.751450,0.157641,-0.018122,0.278758,0.128989
3255,762038522,-0.623218,0.146774,0.752497,0.154441,-0.206412,0.183543,0.211987
3256,762071856,-0.623106,0.145590,0.753392,0.151630,-0.276060,0.053461,0.237758
3257,762105190,-0.623439,0.143589,0.754059,0.148826,-0.201462,0.012699,0.081519
3258,762138524,-0.623756,0.141499,0.754684,0.146313,-0.143210,0.040612,0.138968
3259,762171858,-0.623947,0.139606,0.755293,0.144154,-0.228006,-0.017178,0.174948
3260,762205192,-0.624063,0.137634,0.755900,0.142358,-0.136189,-0.140108,0.202006
3261,762238526,-0.624264,0.136039,0.756188,0.141474,-0.166595,-0.012970,0.149500
3262,762271860,-0.624717,0.134576,0.756176,0.140938,-0.141581,-0.104273,0.167585
3263,762305194,-0.625175,0.133486,0.755935,0.141238,-0.148423,-0.136747,0.111551
3264,762338528,-0.625449,0.132779,0.755653,0.142195,-0.149438,-0.110724,0.201065
3265,762371862,-0.625872,0.132335,0.755031,0.144039,-0.187309,-0.022377,0.040213
3266,762405196,-0.626191,0.132074,0.754411,0.146125,-0.331686,-0.072152,0.152534
3267,762438530,-0.626307,0.131729,0.753969,0.148210,-0.285572,-0.207306,0.213748
3268,762471864,-0.626506,0.131361,0.753315,0.150991,0.184858,-0.204502,0.097994
3269,762505198,-0.626753,0.131751,0.752295,0.154671,-0.333470,-0.101437,0.140115
3270,762538532,-0.626903,0.132369,0.751148,0.159046,-0.241888,-0.136258,0.189678
3271,762571866,-0.627297,0.132746,0.749660,0.164118,-0.203303,-0.014344,0.139001
3272,762605200,-0.627479,0.133268,0.748212,0.169515,-0.260625,-0.014736,0.007292
3273,762638534,-0.627436,0.133758,0.746768,0.175553,-0.104749,-0.199428,0.191233
3274,762671868,-0.627646,0.134260,0.744998,0.181826,-0.348018,-0.248086,0.135557
3275,762705202,-0.628006,0.134540,0.743076,0.188132,-0.120311,-0.041797,0.224054
3276,762738536,-0.628648,0.134393,0.740758,0.195101,-0.218092,0.102732,0.189192
3277,762771870,-0.629656,0.133458,0.738408,0.201305,-0.140978,0.179810,0.109261
3278,762805204,-0.630664,0.132705,0.735867,0.207846,0.463706,0.378086,0.263835
3279,762838538,-0.631489,0.133354,0.732464,0.216756,0.370461,0.370073,0.533687
3280,762871872,-0.633000,0.134792,0.727898,0.226614,0.188539,0.259671,0.209544
3281,762905206,-0.634724,0.136091,0.723384,0.235303,-0.170046,0.232724,0.166001
3282,762938540,-0.636594,0.135660,0.719607,0.241988,0.242182,0.259716,0.352320
3283,762971874,-0.638302,0.135257,0.715792,0.248929,0.044273,0.188432,0.106024
3284,763005208,-0.640041,0.134138,0.712457,0.254573,0.292911,-0.124564,0.328727
3285,763038542,-0.642099,0.132138,0.709156,0.259603,0.781657,-0.044465,0.294287
3286,763071876,-0.643585,0.132179,0.705350,0.266188,0.492195,-0.073650,0.025285
3287,763105210,-0.644317,0.133696,0.701678,0.273271,0.011390,-0.167753,-0.095236
3288,763138544,-0.644630,0.135095,0.698912,0.278875,-0.288789,-0.166053,-0.012671
3289,763171878,-0.645000,0.134791,0.697199,0.282431,-0.255030,-0.083199,0.072262
3290,763205212,-0.645680,0.133179,0.695890,0.284862,0.165211,0.087939,0.092471
3291,763238546,-0.646200,0.131991,0.694691,0.287151,0.081992,0.292560,0.100187
3292,763271880,-0.646697,0.131091,0.693745,0.288726,0.083798,0.401411,-0.045639
3293,763305214,-0.646965,0.130144,0.693418,0.289342,0.287044,0.405980,0.097153
3294,763338548,-0.646757,0.130366,0.692995,0.290715,0.394319,0.212379,0.004951
3295,763371882,-0.646623,0.131342,0.692021,0.292886,0.182064,0.026007,0.016237
3296,763405216,-0.646836,0.131797,0.691123,0.294328,-0.096247,0.045623,0.065592
3297,763438550,-0.646996,0.130965,0.691093,0.294417,0.245054,-0.026389,0.132638
3298,763471884,-0.646926,0.130690,0.691082,0.294722,0.134435,0.046802,0.034446
3299,763505218,-0.646901,0.130698,0.691111,0.294704,0.044364,0.089153,0.018421
3300,763538552,-0.647033,0.130411,0.691361,0.293955,0.173695,0.246877,-0.032326
3301,763571886,-0.646963,0.130508,0.691781,0.293075,0.217559,0.306646,-0.072847
3302,763605220,-0.646960,0.130148,0.692490,0.291564,0.128357,0.301880,-0.024766
3303,763638554,-0.647069,0.129324,0.693484,0.289318,0.143413,0.001507,-0.027176
3304,763671888,-0.647014,0.129345,0.694270,0.287540,0.317509,0.039025,0.107991
3305,763705222,-0.646889,0.129690,0.695089,0.285684,0.286384,0.201356,0.131109
3306,763738556,-0.646434,0.130315,0.696270,0.283546,0.390066,0.080483,0.164727
3307,763771890,-0.645732,0.131986,0.697219,0.282034,0.290929,0.010726,0.077864
3308,763805224,-0.644782,0.134144,0.698350,0.280386,-0.260464,-0.029619,0.149539
3309,763838558,-0.644454,0.134343,0.700261,0.276250,0.321922,0.171319,0.218978
3310,763871892,-0.643951,0.134651,0.702388,0.271834,0.344162,0.354675,0.207680
3311,763905226,-0.642939,0.135489,0.704965,0.267104,0.041429,-0.121114,0.046512
3312,763938560,-0.642283,0.135924,0.707500,0.261703,0.109995,-0.052690,0.241288
3313,763971894,-0.641378,0.136810,0.710217,0.256042,-0.190542,-0.078924,-0.039474
3314,764005228,-0.640390,0.137601,0.713098,0.250013,0.141020,0.077697,0.174177
3315,764038562,-0.639400,0.138407,0.715951,0.243871,0.158456,0.240117,0.233085
3316,764071896,-0.637650,0.139491,0.719504,0.237292,0.011410,-0.165059,0.086969
3317,764105230,-0.635576,0.140603,0.723495,0.229950,0.008460,-0.123875,0.086904
3318,764138564,-0.633231,0.141707,0.727674,0.222431,0.278544,0.052926,0.268167
3319,764171898,-0.630356,0.143054,0.732033,0.215321,0.064417,-0.262920,0.056096
3320,764205232,-0.628013,0.144017,0.736112,0.207474,-0.275720,-0.086832,0.049654
3321,764238566,-0.626341,0.144222,0.739657,0.199631,-0.085736,0.337757,0.406343
3322,764271900,-0.624412,0.144762,0.742852,0.193320,0.083028,0.374263,0.158503
3323,764305234,-0.622798,0.145786,0.745309,0.188230,-0.042916,0.602379,0.306363
3324,764338568,-0.622078,0.147862,0.746421,0.184553,-0.344280,0.597107,0.391632
3325,764371902,-0.621486,0.150205,0.747068,0.182019,-0.262410,0.283608,0.198657
3326,764405236,-0.620859,0.152428,0.747666,0.179843,-0.383077,-0.093775,0.166614
3327,764438570,-0.620609,0.154260,0.747972,0.177862,-0.278555,-0.237721,0.229726
3328,764471904,-0.620596,0.155723,0.748014,0.176449,0.040648,-0.423764,0.046542
3329,764505238,-0.620558,0.157278,0.747917,0.175615,-0.062271,-0.373752,0.070835
3330,764538572,-0.620635,0.159217,0.747485,0.175432,-0.148697,-0.356752,0.199468
3331,764571906,-0.620145,0.161240,0.747452,0.175458,0.003817,-0.436182,0.033774
3332,764605240,-0.619645,0.163306,0.747371,0.175656,-0.323274,-0.178885,0.190159
3333,764638574,-0.619475,0.164971,0.747066,0.176001,-0.266644,-0.142443,0.154613
3334,764671908,-0.619223,0.165932,0.746956,0.176447,-0.195556,-0.163612,0.122415
3335,764705242,-0.619081,0.166784,0.746874,0.176493,-0.059377,-0.067753,0.148247
3336,764738576,-0.618944,0.168182,0.746346,0.177874,-0.107187,-0.163443,0.105658
3337,764771910,-0.618631,0.169550,0.745886,0.179583,-0.132505,-0.284055,0.112114
3338,764805244,-0.618583,0.170512,0.745294,0.181288,-0.410073,-0.290507,0.244628
3339,764838578,-0.618649,0.171017,0.744765,0.182757,-0.180493,-0.313658,0.030071
3340,764871912,-0.618639,0.171269,0.744244,0.184664,-0.269025,-0.214998,0.059813
3341,764905246,-0.618640,0.170829,0.743893,0.186478,-0.394569,-0.168493,-0.000919
3342,764938580,-0.618255,0.169273,0.744348,0.187356,-0.656169,-0.334547,0.032391
3343,764971914,-0.617547,0.167888,0.744934,0.188603,-0.842951,-0.199964,0.393179
3344,765005248,-0.617007,0.167187,0.744816,0.191435,-0.438323,0.195466,0.215339
3345,765038582,-0.616594,0.166307,0.744390,0.195155,-0.129466,0.346485,0.081996
3346,765071916,-0.616269,0.165162,0.743996,0.198622,-0.240997,0.045828,0.202683
3347,765105250,-0.616619,0.163208,0.743133,0.202348,-0.125229,-0.209532,0.228037
3348,765138584,-0.617398,0.160935,0.741888,0.206324,-0.043873,-0.288069,0.253329
3349,765171918,-0.617955,0.159653,0.740198,0.211653,0.052554,-0.037664,0.134693
3350,765205252,-0.618050,0.158858,0.738492,0.217846,0.018435,0.146577,0.269362
3351,765238586,-0.618849,0.157846,0.736119,0.224249,0.074584,0.339683,0.232708
3352,765271920,-0.620007,0.157159,0.733079,0.231378,0.011165,0.341311,0.379656
3353,765305254,-0.621928,0.155760,0.729454,0.238513,0.205179,0.292707,0.264104
3354,765338588,-0.624413,0.153797,0.725409,0.245527,-0.030510,0.221432,0.191714
3355,765371922,-0.626937,0.151831,0.721375,0.252120,0.204775,0.129175,0.414897
3356,765405256,-0.629313,0.150323,0.717016,0.259430,0.333474,0.133887,0.221050
3357,765438590,-0.631484,0.149507,0.712445,0.267104,0.297768,0.000071,0.247255
3358,765471924,-0.633844,0.148567,0.707658,0.274658,0.197522,0.008817,0.214344
3359,765505258,-0.636158,0.147068,0.703483,0.280774,0.167796,-0.043844,0.153611
3360,765538592,-0.638908,0.144795,0.699358,0.285967,0.090550,0.125264,0.224624
3361,765571926,-0.642417,0.141439,0.695174,0.289960,-0.105132,0.348122,0.002997
3362,765605260,-0.645382,0.137429,0.692105,0.292631,0.153388,0.179025,-0.087998
3363,765638594,-0.647024,0.134837,0.689940,0.295311,0.160514,-0.135328,0.039104
3364,765671928,-0.648443,0.132357,0.688261,0.297233,-0.000859,-0.104475,0.198175
3365,765705262,-0.650332,0.128216,0.687447,0.296805,0.265210,-0.235292,-0.056704
3366,765738596,-0.651683,0.125380,0.686727,0.296720,0.044187,-0.132072,-0.221178
3367,765771930,-0.652515,0.123149,0.686511,0.296326,0.052374,-0.033177,-0.106200
3368,765805264,-0.653511,0.120683,0.686349,0.295519,0.463385,0.042093,0.129464
3369,765838598,-0.654455,0.119118,0.685782,0.295382,0.264185,0.031117,-0.028554
3370,765871932,-0.654929,0.117842,0.685659,0.295128,0.296601,0.035374,-0.023426
3371,765905266,-0.655412,0.116773,0.685613,0.294587,0.243100,0.114394,0.091172
3372,765938600,-0.656181,0.115661,0.685487,0.293604,0.099661,0.002170,-0.015984
3373,765971934,-0.656866,0.114622,0.685491,0.292470,0.149577,-0.132519,0.055096
3374,766005268,-0.657437,0.114013,0.685492,0.291422,0.259115,-0.055685,0.031377
3375,766038602,-0.657682,0.113731,0.685741,0.290389,0.336056,-0.001344,0.105955
3376,766071936,-0.657882,0.113499,0.686146,0.289068,0.306167,0.046274,0.107440
3377,766105270,-0.658104,0.113258,0.686671,0.287406,0.285307,0.120859,0.053236
3378,766138604,-0.658190,0.112701,0.687531,0.285367,0.144563,0.278488,0.093465
3379,766171938,-0.658219,0.111462,0.688786,0.282746,0.386585,0.103763,0.002157
3380,766205272,-0.658211,0.110840,0.689808,0.280509,0.379785,0.101219,-0.042020
3381,766238606,-0.658024,0.110007,0.691298,0.277591,0.221458,-0.021590,-0.015276
3382,766271940,-0.657431,0.109977,0.693083,0.274540,0.232543,-0.441868,-0.126222
3383,766305274,-0.656590,0.111021,0.694863,0.271622,0.287191,0.001577,-0.011357
3384,766338608,-0.654506,0.113835,0.697513,0.268678,0.276909,-0.628581,-0.117229
3385,766371942,-0.653014,0.118019,0.699196,0.266115,-0.132907,-0.352215,-0.024814
3386,766405276,-0.651698,0.120898,0.701224,0.262689,0.574023,0.191448,0.506743
3387,766438610,-0.650847,0.120926,0.704106,0.257016,1.043781,0.842383,0.771935
3388,766471944,-0.649152,0.121973,0.707524,0.251360,0.601401,0.790180,0.443930
3389,766505278,-0.647260,0.124728,0.710526,0.246369,-0.329201,0.351113,0.293779
3390,766538612,-0.645630,0.127127,0.713474,0.240838,-0.108300,0.115063,0.219804
3391,766571946,-0.645010,0.128822,0.715818,0.234563,-0.017944,0.167225,0.089403
3392,766605280,-0.644627,0.129529,0.718485,0.226949,0.152840,0.194114,0.131248
3393,766638614,-0.644062,0.129988,0.721493,0.218592,0.001515,0.146317,0.060717
3394,766671948,-0.643500,0.129504,0.724900,0.209052,-0.132381,0.143989,0.219861
3395,766705282,-0.643081,0.128115,0.728485,0.198470,0.178695,0.196046,0.144254
3396,766738616,-0.642560,0.127066,0.731714,0.188713,0.250198,0.297271,0.041485
3397,766771950,-0.641891,0.126930,0.734448,0.180272,0.246231,0.362819,0.090740
3398,766805284,-0.641345,0.128217,0.736328,0.173509,-0.457744,0.295500,0.147318
3399,766838618,-0.640964,0.129351,0.737862,0.167456,-0.612580,0.026842,0.264685
3400,766871952,-0.641206,0.129956,0.738854,0.161584,-0.668946,-0.178962,0.130980
3401,766905286,-0.641541,0.130141,0.739710,0.156095,-0.707720,-0.369822,0.176747
3402,766938620,-0.641844,0.129580,0.740747,0.150292,-0.346534,-0.359376,0.118549
3403,766971954,-0.641515,0.129344,0.742069,0.145293,-0.678439,-0.525869,0.127855
3404,767005288,-0.640929,0.128978,0.743621,0.140182,-0.738793,-0.579403,0.165211
3405,767038622,-0.640115,0.128158,0.745325,0.135523,-0.331794,-0.574325,0.026571
3406,767071956,-0.639303,0.126942,0.747024,0.131076,-0.364549,-0.430220,0.219151
3407,767105290,-0.638742,0.125341,0.748527,0.126703,-0.068240,0.153161,0.164419
3408,767138624,-0.638427,0.124017,0.749596,0.123226,-0.289099,0.596542,0.179568
3409,767171958,-0.638126,0.123096,0.750394,0.120828,-0.630999,0.434302,0.329413
3410,767205292,-0.638075,0.121371,0.751009,0.119004,-0.476483,-0.089189,0.168211
3411,767238626,-0.638524,0.119022,0.751284,0.117221,-0.308044,-0.123820,0.164326
3412,767271960,-0.639129,0.116496,0.751361,0.115964,-0.052605,-0.081151,0.263103
3413,767305294,-0.639778,0.113974,0.751346,0.114983,0.142345,-0.223199,0.066124
3414,767338628,-0.640285,0.111758,0.751381,0.114101,-0.145148,-0.049700,0.119469
3415,767371962,-0.640680,0.109373,0.751466,0.113635,-0.166293,0.037543,0.201466
3416,767405296,-0.640505,0.107689,0.751822,0.113878,-0.017799,-0.345608,0.153154
3417,767438630,-0.639635,0.106336,0.752670,0.114436,-0.298123,-0.578185,0.189556
3418,767471964,-0.639178,0.104146,0.753354,0.114502,-0.195275,-0.431048,0.115935
3419,767505298,-0.639184,0.101231,0.753730,0.114608,-0.200702,-0.010086,0.066569
3420,767538632,-0.639166,0.098700,0.753950,0.115468,-0.348745,0.235409,0.297606
3421,767571966,-0.639300,0.097057,0.753693,0.117776,-0.293660,0.208756,0.130853
3422,767605300,-0.639659,0.096341,0.752844,0.121774,-0.275585,0.211029,0.231299
3423,767638634,-0.640331,0.095803,0.751514,0.126774,-0.255181,0.137937,0.148318
3424,767671968,-0.641363,0.095365,0.749719,0.132396,-0.052908,-0.051443,0.134910
3425,767705302,-0.642157,0.095402,0.747851,0.138920,-0.039789,-0.306450,0.083186
3426,767738636,-0.642644,0.095915,0.746067,0.145745,0.187467,-0.324843,0.082840
3427,767771970,-0.642888,0.097341,0.744142,0.153360,0.084771,-0.193699,0.098078
3428,767805304,-0.642429,0.099381,0.742569,0.161391,-0.245030,-0.504290,0.185058
3429,767838638,-0.641787,0.100375,0.741551,0.167885,0.033116,-0.347745,0.038191
3430,767871972,-0.641360,0.100367,0.740611,0.173571,-0.114967,-0.118434,0.163496
3431,767905306,-0.641268,0.099537,0.739625,0.178521,0.115389,0.110919,0.129445
3432,767938640,-0.640681,0.099418,0.738815,0.183970,0.144260,0.157050,0.401159
3433,767971974,-0.639928,0.099905,0.737982,0.189584,0.186016,0.206959,0.137111
3434,768005308,-0.639469,0.100652,0.736762,0.195394,-0.089063,0.748935,0.296535
3435,768038642,-0.638909,0.101445,0.735574,0.201203,0.405235,0.794978,0.260067
3436,768071976,-0.638037,0.102696,0.734378,0.207602,0.212661,0.434913,0.364963
3437,768105310,-0.637644,0.103595,0.732982,0.213220,0.160006,-0.001894,0.235224
3438,768138644,-0.637851,0.103957,0.731327,0.218054,0.190979,0.087704,0.020589
3439,768171978,-0.637904,0.103932,0.729844,0.222828,0.470802,0.007499,0.142843
3440,768205312,-0.637858,0.104319,0.728331,0.227679,0.391701,-0.141448,0.141713
3441,768238646,-0.637754,0.104875,0.726970,0.232021,0.170825,0.230328,0.124236
3442,768271980,-0.637684,0.105770,0.725553,0.236205,0.077020,0.222956,-0.009863
3443,768305314,-0.637756,0.106183,0.724277,0.239714,0.079435,0.223620,0.040831
3444,768338648,-0.637972,0.105990,0.723250,0.242312,0.063098,0.261618,0.024619
3445,768371982,-0.638313,0.105615,0.722397,0.244116,-0.020592,0.064536,-0.097505
3446,768405316,-0.638757,0.104949,0.721686,0.245339,0.242573,-0.120305,-0.123235
3447,768438650,-0.638998,0.105058,0.721037,0.246573,0.095842,-0.352465,-0.017326
3448,768471984,-0.638903,0.105595,0.720749,0.247429,0.195557,-0.257256,0.198200
3449,768505318,-0.639041,0.106277,0.720246,0.248244,0.359876,0.359957,0.132830
3450,768538652,-0.639183,0.107022,0.719766,0.248949,0.278175,0.540108,0.050055
3451,768571986,-0.639481,0.107019,0.719698,0.248382,0.291347,0.501368,0.125777
3452,768605320,-0.640049,0.106937,0.719516,0.247479,0.249077,0.444843,0.048865
3453,768638654,-0.640381,0.107367,0.719356,0.246900,0.265952,0.104977,0.031673
3454,768671988,-0.641071,0.107971,0.718843,0.246340,0.043708,0.042255,0.173580
3455,768705322,-0.642070,0.107677,0.718591,0.244593,0.360111,0.146893,0.176803
3456,768738656,-0.642748,0.108118,0.718505,0.242866,0.392201,0.045453,0.132954
3457,768771990,-0.643100,0.109494,0.718428,0.241543,0.223217,-0.021717,0.016372
3458,768805324,-0.643258,0.110987,0.718628,0.239839,0.256059,-0.064795,-0.063703
3459,768838658,-0.643260,0.112090,0.719273,0.237374,0.387801,0.221016,0.021603
3460,768871992,-0.642801,0.113251,0.720420,0.234571,0.349450,0.272181,0.215092
3461,768905326,-0.642622,0.114308,0.721418,0.231461,0.232025,0.463203,0.397704
3462,768938660,-0.642515,0.115264,0.722530,0.227785,-0.079629,0.428253,0.226573
3463,768971994,-0.642396,0.115749,0.724047,0.223008,-0.075919,0.218282,0.163566
3464,769005328,-0.642275,0.115901,0.725790,0.217549,0.048903,0.034351,0.169480
3465,769038662,-0.642108,0.116204,0.727546,0.211939,-0.101479,-0.223918,-0.075739
3466,769071996,-0.641363,0.116148,0.729980,0.205767,0.310312,-0.486694,0.098432
3467,769105330,-0.639749,0.117762,0.732493,0.200886,0.457576,-0.530387,0.024104
3468,769138664,-0.637415,0.121529,0.734722,0.197899,-0.019659,-0.138829,-0.094671
3469,769171998,-0.634966,0.125147,0.737241,0.194112,-0.383397,0.396338,0.025068
3470,769205332,-0.632821,0.126171,0.740436,0.188204,-0.534120,-0.006468,0.447618
3471,769238666,-0.631331,0.125432,0.743610,0.181050,-0.286072,0.089851,0.163655
3472,769272000,-0.630012,0.124499,0.746521,0.174179,-0.255206,0.245257,0.045158
3473,769305334,-0.628888,0.123735,0.748972,0.168159,-0.424094,0.221111,0.422437
3474,769338668,-0.627790,0.123102,0.751188,0.162759,-0.214585,-0.094811,0.164724
3475,769372002,-0.627073,0.122547,0.752791,0.158474,-0.457048,0.163455,0.161747
3476,769405336,-0.626373,0.122009,0.754242,0.154715,-0.422277,-0.010071,0.133797
3477,769438670,-0.625525,0.121832,0.755597,0.151645,-0.337492,-0.152943,0.216552
3478,769472004,-0.625262,0.121673,0.756277,0.149452,-0.289351,0.092637,0.304056
3479,769505338,-0.625268,0.122079,0.756392,0.148511,-0.021979,0.041164,0.166224
3480,769538672,-0.625118,0.123439,0.756239,0.148797,0.005233,-0.081783,0.177877
3481,769572006,-0.624935,0.125141,0.755944,0.149638,-0.059018,-0.270999,0.164687
3482,769605340,-0.624782,0.127059,0.755456,0.151118,-0.028545,-0.187779,0.085047
3483,769638674,-0.624715,0.128608,0.754934,0.152688,-0.159809,-0.134658,0.171458
3484,769672008,-0.624507,0.129893,0.754549,0.154346,-0.091592,-0.245140,0.051158
3485,769705342,-0.624233,0.130572,0.754423,0.155489,0.006523,-0.253780,0.113341
3486,769738676,-0.624066,0.131169,0.754194,0.156762,-0.098623,-0.256999,0.097193
3487,769772010,-0.623854,0.131949,0.753851,0.158596,-0.120918,-0.237132,0.189413
3488,769805344,-0.623681,0.132506,0.753450,0.160699,-0.289466,-0.212221,0.135519
3489,769838678,-0.623600,0.132551,0.753102,0.162601,-0.276642,-0.169030,0.078374
3490,769872012,-0.623460,0.132581,0.752693,0.164991,-0.283559,-0.304222,0.139744
3491,769905346,-0.623634,0.132578,0.751915,0.167855,-0.374813,-0.237276,0.209807
3492,769938680,-0.623873,0.132434,0.750970,0.171277,-0.378224,-0.207790,0.103230
3493,769972014,-0.624112,0.131828,0.750071,0.174779,-0.276127,-0.074601,0.141639
3494,770005348,-0.624558,0.131221,0.748881,0.178699,-0.416373,0.106891,0.242751
3495,770038682,-0.625348,0.130686,0.747269,0.183022,-0.256900,0.126632,0.261201
3496,770072016,-0.626352,0.130278,0.745301,0.187841,-0.309228,0.209593,0.126764
3497,770105350,-0.627365,0.129355,0.743587,0.191850,-0.225036,0.387936,0.076989
3498,770138684,-0.628501,0.127721,0.742003,0.195331,-0.067328,0.661518,0.296050
3499,770172018,-0.630120,0.126236,0.739590,0.200167,0.056720,0.715376,0.390507
3500,770205352,-0.632231,0.124809,0.736536,0.205594,0.083127,0.456024,0.399220
3501,770238686,-0.634389,0.123950,0.732875,0.212436,0.405812,0.074863,0.357995
3502,770272020,-0.636468,0.124034,0.728563,0.220834,0.395808,-0.125922,0.371500
3503,770305354,-0.638576,0.124522,0.724111,0.228968,0.373959,-0.344852,0.211780
3504,770338688,-0.640317,0.124887,0.720136,0.236324,0.316121,-0.662314,0.189666
3505,770372022,-0.641412,0.125538,0.716646,0.243511,0.211918,-0.724302,-0.023250
3506,770405356,-0.641855,0.126287,0.713960,0.249765,-0.029446,-0.629444,-0.088847
3507,770438690,-0.641858,0.126766,0.712054,0.254902,0.056074,-0.301005,-0.002195
3508,770472024,-0.641661,0.127408,0.710284,0.259968,0.197703,-0.002194,0.068997
3509,770505358,-0.641479,0.128147,0.708510,0.264849,0.232282,0.137378,0.180534
3510,770538692,-0.641159,0.129244,0.706940,0.269249,0.084914,0.067859,0.048726
3511,770572026,-0.641064,0.130295,0.705407,0.272963,0.015939,0.123056,0.113250
3512,770605360,-0.641122,0.131442,0.703859,0.276253,0.005683,0.277638,0.127708
3513,770638694,-0.641740,0.131713,0.702449,0.278270,-0.086457,0.349952,0.090265
3514,770672028,-0.642585,0.131084,0.701370,0.279337,0.133570,0.252593,0.126828
3515,770705362,-0.643237,0.130599,0.700294,0.280758,0.193798,0.217485,0.125062
3516,770738696,-0.643818,0.130111,0.699302,0.282122,0.183590,0.246933,0.105795
3517,770772030,-0.644637,0.129413,0.698280,0.283105,0.159951,0.235699,0.086731
3518,770805364,-0.645545,0.128982,0.697069,0.284216,0.256988,0.287271,0.081050
3519,770838698,-0.646171,0.129056,0.695872,0.285688,0.113872,0.216536,-0.048225
3520,770872032,-0.646777,0.128934,0.694866,0.286820,0.068215,0.104963,0.041112
3521,770905366,-0.647562,0.128568,0.693811,0.287763,-0.007405,0.110052,-0.029987
3522,770938700,-0.648360,0.127649,0.693129,0.288018,0.075110,0.043286,0.049950
3523,770972034,-0.649021,0.126361,0.692880,0.287697,0.273523,0.011635,0.079280
3524,771005368,-0.649373,0.125340,0.692942,0.287201,0.173451,-0.036883,0.114787
3525,771038702,-0.649895,0.124211,0.693110,0.286101,0.216238,-0.030724,0.114355
3526,771072036,-0.650285,0.123611,0.693271,0.285084,0.244904,-0.030168,0.042006
3527,771105370,-0.650544,0.123748,0.693478,0.283928,-0.039631,-0.037368,-0.055953
3528,771138704,-0.650547,0.123923,0.694228,0.282006,0.199887,-0.152801,0.016409
3529,771172038,-0.650654,0.124240,0.694645,0.280590,0.463411,0.020349,0.116939
3530,771205372,-0.650842,0.124583,0.694880,0.279416,0.375917,0.115218,0.030132
3531,771238706,-0.651179,0.124813,0.695240,0.277628,0.259495,-0.004459,0.008259
3532,771272040,-0.651326,0.125951,0.695684,0.275648,0.196178,-0.233934,-0.017806
3533,771305374,-0.651313,0.128244,0.695837,0.274234,0.239695,-0.268735,0.031573
3534,771338708,-0.651298,0.131170,0.695828,0.272903,-0.015923,-0.217571,-0.086837
3535,771372042,-0.651155,0.133022,0.697023,0.269275,0.123600,-0.402542,-0.086361
3536,771405376,-0.650147,0.134483,0.699329,0.264971,0.717277,-0.276748,0.326481
3537,771438710,-0.648147,0.136377,0.702365,0.260842,0.384878,-0.397272,0.117485
3538,771472044,-0.645542,0.137778,0.706711,0.254756,0.177745,-0.076570,0.133103
3539,771505378,-0.642803,0.139968,0.710953,0.248609,0.466261,0.371331,0.392480
3540,771538712,-0.639823,0.144031,0.714362,0.244164,0.201774,0.619773,0.388750
3541,771572046,-0.637033,0.147093,0.718057,0.238737,-0.079810,0.675660,0.175969
3542,771605380,-0.635071,0.148250,0.721969,0.231332,-0.120158,0.716556,0.258256
3543,771638714,-0.633493,0.148926,0.725724,0.223341,0.154464,0.677359,0.432051
3544,771672048,-0.631568,0.150166,0.729301,0.216194,0.146136,0.350754,0.253850
3545,771705382,-0.629773,0.151453,0.732666,0.209035,-0.031935,0.085577,0.104936
3546,771738716,-0.628231,0.152847,0.735704,0.201867,0.117803,0.114187,0.084954
3547,771772050,-0.626652,0.154228,0.738586,0.195091,0.226344,0.088667,0.084992
3548,771805384,-0.625041,0.155091,0.741556,0.188185,0.101346,-0.139467,0.149767
3549,771838718,-0.623940,0.155677,0.744064,0.181330,-0.237103,-0.101293,0.264748
3550,771872052,-0.624272,0.155351,0.745429,0.174737,-0.585034,0.167898,0.291058
3551,771905386,-0.625274,0.154272,0.746311,0.168227,-0.426312,0.179354,0.151169
3552,771938720,-0.625780,0.153562,0.747356,0.162248,-0.480643,-0.168213,0.063528
3553,771972054,-0.626266,0.152116,0.748649,0.155641,-0.395623,-0.517429,0.099880
3554,772005388,-0.626457,0.150704,0.750122,0.149012,-0.010121,-0.682845,0.129239
3555,772038722,-0.626597,0.150004,0.751097,0.144142,-0.222265,-0.378470,0.200151
3556,772072056,-0.627047,0.149029,0.751748,0.139734,-0.314050,-0.148415,0.123569
3557,772105390,-0.627062,0.148132,0.752730,0.135260,-0.201743,-0.135592,0.114897
3558,772138724,-0.626862,0.147743,0.753635,0.131525,-0.287039,-0.051396,0.156786
3559,772172058,-0.626939,0.147520,0.754071,0.128882,-0.245425,0.114887,0.230695
3560,772205392,-0.627075,0.147358,0.754365,0.126665,-0.177794,0.029176,0.099837
3561,772238726,-0.626832,0.147676,0.754716,0.125399,-0.071982,-0.067480,0.187319
3562,772272060,-0.626859,0.148262,0.754679,0.124794,-0.351582,0.118511,0.453313
3563,772305394,-0.627258,0.148920,0.754302,0.124281,-0.400377,-0.010452,0.048253
3564,772338728,-0.627518,0.150283,0.753565,0.125792,-0.083205,-0.121135,0.214907
3565,772372062,-0.627910,0.152109,0.752380,0.128702,-0.244504,-0.346719,0.048491
3566,772405396,-0.628354,0.153513,0.751335,0.130950,-0.122180,-0.461138,0.061786
3567,772438730,-0.628356,0.154593,0.750764,0.132931,-0.292195,-0.349612,0.105666
3568,772472064,-0.628035,0.155471,0.750442,0.135222,-0.517955,-0.054637,0.104909
3569,772505398,-0.627656,0.155639,0.750301,0.137551,-0.371733,0.232036,0.204548
3570,772538732,-0.627280,0.155176,0.750380,0.139348,-0.149759,0.044311,0.162592
3571,772572066,-0.627077,0.154881,0.750144,0.141843,-0.120575,-0.157348,0.107203
3572,772605400,-0.627198,0.154619,0.749511,0.144905,-0.190322,-0.226067,0.137479
3573,772638734,-0.627071,0.154556,0.748901,0.148625,-0.306386,-0.410391,0.085256
3574,772672068,-0.626675,0.154095,0.748647,0.152018,-0.383578,-0.495946,0.093656
3575,772705402,-0.626234,0.153214,0.748498,0.155416,-0.348083,-0.330351,0.177420
3576,772738736,-0.625882,0.151717,0.748417,0.158660,-0.436665,-0.217521,0.012798
3577,772772070,-0.625276,0.149641,0.748697,0.161673,-0.163467,-0.127021,0.086923
3578,772805404,-0.624294,0.147595,0.749138,0.165267,-0.138837,0.172342,0.200365
3579,772838738,-0.623326,0.145814,0.749475,0.168932,-0.413020,0.462144,0.119339
3580,772872072,-0.622526,0.144166,0.749492,0.173166,-0.546356,0.813017,0.292978
3581,772905406,-0.621793,0.142817,0.749245,0.177923,-0.319424,0.787472,0.226218
3582,772938740,-0.621332,0.141632,0.748398,0.183945,-0.216724,0.490973,0.275470
3583,772972074,-0.621692,0.140007,0.746749,0.190553,0.005839,0.349784,0.226612
3584,773005408,-0.622717,0.138363,0.744402,0.197465,0.030345,0.324217,0.288261
3585,773038742,-0.624176,0.136981,0.741513,0.204566,0.181626,0.243825,0.331571
3586,773072076,-0.625945,0.135768,0.738068,0.212280,0.261417,0.277774,0.217947
3587,773105410,-0.628358,0.134304,0.733835,0.220597,0.606488,0.405472,0.263239
3588,773138744,-0.631488,0.133539,0.728342,0.230124,0.647616,0.438976,0.361564
3589,773172078,-0.635678,0.133162,0.721590,0.239869,0.321755,0.219665,0.331011
3590,773205412,-0.640033,0.131989,0.715164,0.248040,0.383506,-0.199945,0.326035
3591,773238746,-0.643540,0.130354,0.709792,0.255160,0.611476,-0.179455,0.247383
3592,773272080,-0.646396,0.128833,0.705227,0.261298,0.121508,-0.179941,0.085481
3593,773305414,-0.648810,0.126589,0.701960,0.265180,0.253560,-0.429316,0.367080
3594,773338748,-0.651129,0.124758,0.698840,0.268583,0.340091,-0.475017,0.091882
3595,773372082,-0.653403,0.123794,0.695602,0.271892,-0.046992,-0.527474,-0.283902
3596,773405416,-0.654778,0.123221,0.693305,0.274698,0.404566,-0.559676,-0.232942
3597,773438750,-0.654825,0.124465,0.691367,0.278876,0.735485,-0.516663,-0.285460
3598,773472084,-0.654274,0.127630,0.689499,0.283329,0.092617,-0.529679,-0.424328
3599,773505418,-0.653108,0.130730,0.688769,0.286365,-0.000782,-0.488469,-0.294803
3600,773538752,-0.651371,0.133948,0.688650,0.289105,0.194792,-0.211367,-0.123598
3601,773572086,-0.648936,0.137962,0.689001,0.291846,-0.111762,0.114136,-0.098627
3602,773605420,-0.646687,0.141031,0.689956,0.293113,0.059811,0.293843,0.133046
3603,773638754,-0.644847,0.143838,0.690707,0.294031,0.130420,0.556397,0.254642
3604,773672088,-0.643584,0.146368,0.691093,0.294643,0.283560,0.698509,0.226667
3605,773705422,-0.642053,0.149332,0.691428,0.295707,0.540484,0.560737,0.342113
3606,773738756,-0.640719,0.152473,0.691257,0.297394,0.411450,0.546633,0.204325
3607,773772090,-0.639887,0.155038,0.690997,0.298461,0.061892,0.522243,0.108883
3608,773805424,-0.639570,0.156230,0.691293,0.297833,0.036931,0.330946,0.049763
3609,773838758,-0.639042,0.157097,0.692150,0.296517,0.224626,-0.050680,0.069567
3610,773872092,-0.638273,0.157859,0.693398,0.294849,0.047824,0.001442,0.164227
3611,773905426,-0.637828,0.157727,0.695194,0.291635,0.050270,0.010471,-0.074246
3612,773938760,-0.637359,0.157515,0.697348,0.287604,0.237677,-0.054726,0.030381
