time	DeviceName	AccX(g)	AccY(g)	AccZ(g)	AsX(°/s)	AsY(°/s)	AsZ(°/s)	AngleX(°)	AngleY(°)	AngleZ(°)	HX(uT)	HY(uT)	HZ(uT)	Q0()	Q1()	Q2()	Q3()	Temperature(°C)	Height(m)	Pressure(kPa)	Version()	Battery level(%)
2026-05-27T16:26:23.603	WT901BLE68(F3:F0:16:BF:DC:AE)	-0.331	0.877	0.550	9.399	-273.499	-17.456	60.08	6.42	-126.36	-79.760	7.693	10.213	-0.41141	-0.33380	0.38150	0.75739	26.0	null	null	13113	60
2026-05-27T16:26:23.724	WT901BLE68(F3:F0:16:BF:DC:AE)	0.112	0.670	0.533	-11.292	-23.560	-13.794	58.42	3.86	-134.58	-79.760	7.693	10.213	-0.41141	-0.33380	0.38150	0.75739	26.0	null	null	13113	60
2026-05-27T16:26:23.782	WT901BLE68(F3:F0:16:BF:DC:AE)	-0.253	1.179	0.595	14.099	0.244	-18.066	59.79	4.11	-133.31	-79.760	7.693	10.213	-0.41141	-0.33380	0.38150	0.75739	26.0	null	null	13113	60
2026-05-27T16:26:23.902	WT901BLE68(F3:F0:16:BF:DC:AE)	-0.110	0.849	0.638	-5.066	16.541	-22.827	59.96	6.22	-132.42	-79.760	7.693	10.213	-0.41141	-0.33380	0.38150	0.75739	26.0	null	null	13113	60
2026-05-27T16:26:23.993	WT901BLE68(F3:F0:16:BF:DC:AE)	-0.090	0.818	0.525	-15.137	32.471	-24.963	58.90	9.12	-130.87	-79.760	7.693	10.213	-0.41141	-0.33380	0.38150	0.75739	26.0	null	null	13113	60
2026-05-27T16:26:24.119	WT901BLE68(F3:F0:16:BF:DC:AE)	-0.253	0.828	0.580	-10.864	-1.831	-30.151	57.32	12.12	-130.37	-79.760	7.693	10.213	-0.41141	-0.33380	0.38150	0.75739	26.0	null	null	13113	60
2026-05-27T16:26:24.202	WT901BLE68(F3:F0:16:BF:DC:AE)	-0.296	0.790	0.524	1.038	21.423	-13.672	56.84	14.40	-129.81	-79.760	7.693	10.213	-0.41141	-0.33380	0.38150	0.75739	26.0	null	null	13113	60
2026-05-27T16:26:24.323	WT901BLE68(F3:F0:16:BF:DC:AE)	-0.180	0.764	0.616	-17.212	24.902	10.437	56.32	15.12	-127.42	-56.253	-0.307	30.520	-0.41141	-0.33380	0.38150	0.75739	26.0	null	null	13113	60
2026-05-27T16:26:24.413	WT901BLE68(F3:F0:16:BF:DC:AE)	-0.167	0.713	0.685	-10.132	26.794	21.423	55.38	15.42	-123.27	-56.253	-0.307	30.520	-0.41141	-0.33380	0.38150	0.75739	26.0	null	null	13113	60
2026-05-27T16:26:24.535	WT901BLE68(F3:F0:16:BF:DC:AE)	-0.183	0.757	0.723	-6.104	16.113	31.067	55.33	14.39	-118.77	-56.253	-0.307	30.520	-0.37415	-0.32663	0.34460	0.79651	26.0	null	null	13113	60
2026-05-27T16:26:24.593	WT901BLE68(F3:F0:16:BF:DC:AE)	-0.449	0.889	0.479	-11.963	58.228	58.167	55.52	13.97	-111.27	-56.253	-0.307	30.520	-0.37415	-0.32663	0.34460	0.79651	26.0	null	null	13113	60
2026-05-27T16:26:24.714	WT901BLE68(F3:F0:16:BF:DC:AE)	-0.301	0.847	0.477	-10.132	41.504	25.696	56.05	12.53	-105.29	-56.253	-0.307	30.520	-0.37415	-0.32663	0.34460	0.79651	26.0	null	null	13113	60
2026-05-27T16:26:24.802	WT901BLE68(F3:F0:16:BF:DC:AE)	-0.042	0.593	0.302	8.118	-3.052	18.005	56.15	12.23	-103.72	-56.253	-0.307	30.520	-0.37415	-0.32663	0.34460	0.79651	26.0	null	null	13113	60
2026-05-27T16:26:24.923	WT901BLE68(F3:F0:16:BF:DC:AE)	-2.095	5.761	2.087	31.677	-4.761	51.575	60.68	9.42	-97.72	-56.253	-0.307	30.520	-0.37415	-0.32663	0.34460	0.79651	26.0	null	null	13113	60
2026-05-27T16:26:25.012	WT901BLE68(F3:F0:16:BF:DC:AE)	0.005	0.854	0.630	18.066	-30.518	38.879	62.36	4.30	-98.62	-56.253	-0.307	30.520	-0.37415	-0.32663	0.34460	0.79651	26.0	null	null	13113	60
2026-05-27T16:26:25.136	WT901BLE68(F3:F0:16:BF:DC:AE)	0.079	0.869	0.495	2.136	-39.978	28.259	63.25	-0.10	-100.13	-56.253	-0.307	30.520	-0.37415	-0.32663	0.34460	0.79651	26.0	null	null	13113	60
2026-05-27T16:26:25.192	WT901BLE68(F3:F0:16:BF:DC:AE)	0.021	0.870	0.442	-14.282	-18.982	13.672	62.31	-2.79	-101.05	-58.740	15.307	16.667	-0.37415	-0.32663	0.34460	0.79651	26.0	null	null	13113	60
2026-05-27T16:26:25.313	WT901BLE68(F3:F0:16:BF:DC:AE)	0.150	0.889	0.483	-15.076	-2.197	4.822	60.77	-3.87	-101.40	-58.740	15.307	16.667	-0.37415	-0.32663	0.34460	0.79651	26.0	null	null	13113	60
2026-05-27T16:26:25.401	WT901BLE68(F3:F0:16:BF:DC:AE)	0.062	0.888	0.483	-15.991	-5.920	-3.601	59.29	-4.10	-101.52	-58.740	15.307	16.667	-0.56128	-0.29486	0.40750	0.65717	26.0	null	null	13113	60
2026-05-27T16:26:25.523	WT901BLE68(F3:F0:16:BF:DC:AE)	0.013	0.855	0.450	-12.695	-4.761	-26.001	58.06	-3.08	-102.52	-58.740	15.307	16.667	-0.56128	-0.29486	0.40750	0.65717	26.0	null	null	13113	60
2026-05-27T16:26:25.616	WT901BLE68(F3:F0:16:BF:DC:AE)	-0.027	0.877	0.537	-2.502	10.376	-35.461	57.39	-0.07	-103.91	-58.740	15.307	16.667	-0.56128	-0.29486	0.40750	0.65717	26.0	null	null	13113	60
2026-05-27T16:26:25.733	WT901BLE68(F3:F0:16:BF:DC:AE)	-0.040	0.837	0.542	1.404	-6.287	-23.499	57.62	2.20	-105.29	-58.740	15.307	16.667	-0.56128	-0.29486	0.40750	0.65717	26.0	null	null	13113	60
2026-05-27T16:26:25.822	WT901BLE68(F3:F0:16:BF:DC:AE)	-0.038	0.844	0.551	-7.935	7.629	-9.644	57.02	3.38	-105.72	-58.740	15.307	16.667	-0.56128	-0.29486	0.40750	0.65717	26.0	null	null	13113	60
2026-05-27T16:26:25.943	WT901BLE68(F3:F0:16:BF:DC:AE)	-0.063	0.804	0.549	3.113	-14.771	-10.437	56.76	3.94	-106.33	-58.740	15.307	16.667	-0.56128	-0.29486	0.40750	0.65717	26.0	null	null	13113	60
2026-05-27T16:26:26.006	WT901BLE68(F3:F0:16:BF:DC:AE)	-0.040	0.789	0.571	2.136	-7.202	-4.883	57.04	4.02	-107.23	-58.740	15.307	16.667	-0.56128	-0.29486	0.40750	0.65717	26.0	null	null	13113	60
2026-05-27T16:26:26.120	WT901BLE68(F3:F0:16:BF:DC:AE)	-0.009	0.850	0.670	15.564	-26.672	2.258	57.78	3.20	-108.18	-58.613	6.393	18.453	-0.56128	-0.29486	0.40750	0.65717	26.0	null	null	13113	60
2026-05-27T16:26:26.212	WT901BLE68(F3:F0:16:BF:DC:AE)	0.042	0.871	0.557	15.320	-14.282	5.798	59.17	1.94	-109.32	-58.613	6.393	18.453	-0.56128	-0.29486	0.40750	0.65717	26.0	null	null	13113	60
2026-05-27T16:26:26.335	WT901BLE68(F3:F0:16:BF:DC:AE)	-0.066	0.919	0.564	1.892	6.226	19.897	59.83	0.44	-108.00	-58.613	6.393	18.453	-0.49741	-0.29715	0.39682	0.71185	26.0	null	null	13113	60
2026-05-27T16:26:26.425	WT901BLE68(F3:F0:16:BF:DC:AE)	-0.004	0.862	0.418	7.935	18.860	19.836	59.99	-0.66	-105.55	-58.613	6.393	18.453	-0.49741	-0.29715	0.39682	0.71185	26.0	null	null	13113	60
2026-05-27T16:26:26.544	WT901BLE68(F3:F0:16:BF:DC:AE)	0.026	0.876	0.358	25.635	-3.296	10.132	62.06	-1.30	-103.72	-58.613	6.393	18.453	-0.49741	-0.29715	0.39682	0.71185	26.0	null	null	13113	60
2026-05-27T16:26:26.604	WT901BLE68(F3:F0:16:BF:DC:AE)	0.069	0.883	0.407	14.465	13.672	6.653	64.33	-1.92	-102.99	-58.613	6.393	18.453	-0.49741	-0.29715	0.39682	0.71185	26.0	null	null	13113	60
2026-05-27T16:26:26.728	WT901BLE68(F3:F0:16:BF:DC:AE)	0.082	0.900	0.502	-4.700	22.095	5.859	64.24	-1.48	-100.72	-58.613	6.393	18.453	-0.49741	-0.29715	0.39682	0.71185	26.0	null	null	13113	60
2026-05-27T16:26:26.811	WT901BLE68(F3:F0:16:BF:DC:AE)	0.055	0.890	0.525	12.695	-9.827	7.263	64.78	-2.10	-99.53	-58.613	6.393	18.453	-0.49741	-0.29715	0.39682	0.71185	26.0	null	null	13113	60
2026-05-27T16:26:26.934	WT901BLE68(F3:F0:16:BF:DC:AE)	0.086	0.904	0.406	4.272	-11.963	-0.488	65.56	-3.21	-100.81	-58.613	6.393	18.453	-0.49741	-0.29715	0.39682	0.71185	26.0	null	null	13113	60
2026-05-27T16:26:27.025	WT901BLE68(F3:F0:16:BF:DC:AE)	0.069	0.905	0.462	-3.784	-8.118	-6.470	65.50	-3.20	-101.34	-54.747	16.667	11.307	-0.49741	-0.29715	0.39682	0.71185	26.0	null	null	13113	60
2026-05-27T16:26:27.150	WT901BLE68(F3:F0:16:BF:DC:AE)	-0.026	0.917	0.360	-13.367	1.404	-9.949	64.69	-2.72	-101.71	-54.747	16.667	11.307	-0.49741	-0.29715	0.39682	0.71185	26.0	null	null	13113	60
2026-05-27T16:26:27.203	WT901BLE68(F3:F0:16:BF:DC:AE)	0.051	0.906	0.453	-12.329	2.869	-9.827	63.39	-1.87	-101.46	-54.747	16.667	11.307	-0.54340	-0.32114	0.42184	0.65079	26.0	null	null	13113	60
2026-05-27T16:26:27.356	WT901BLE68(F3:F0:16:BF:DC:AE)	0.008	0.880	0.538	-16.174	3.357	-27.283	62.08	-0.30	-101.70	-54.747	16.667	11.307	-0.54340	-0.32114	0.42184	0.65079	26.0	null	null	13113	60
2026-05-27T16:26:27.412	WT901BLE68(F3:F0:16:BF:DC:AE)	0.046	0.867	0.465	-10.864	12.390	-34.241	60.43	2.71	-102.16	-54.747	16.667	11.307	-0.54340	-0.32114	0.42184	0.65079	26.0	null	null	13113	60
2026-05-27T16:26:27.535	WT901BLE68(F3:F0:16:BF:DC:AE)	-0.068	0.887	0.629	-8.057	9.460	-22.949	59.82	5.35	-103.16	-54.747	16.667	11.307	-0.54340	-0.32114	0.42184	0.65079	26.0	null	null	13113	60
2026-05-27T16:26:27.622	WT901BLE68(F3:F0:16:BF:DC:AE)	0.012	0.867	0.419	-7.690	-2.625	-6.897	58.97	6.78	-103.68	-54.747	16.667	11.307	-0.54340	-0.32114	0.42184	0.65079	26.0	null	null	13113	60
2026-05-27T16:26:27.749	WT901BLE68(F3:F0:16:BF:DC:AE)	-0.163	0.880	0.649	-5.554	0.916	-0.671	58.46	6.90	-103.71	-54.747	16.667	11.307	-0.54340	-0.32114	0.42184	0.65079	26.0	null	null	13113	60
2026-05-27T16:26:27.830	WT901BLE68(F3:F0:16:BF:DC:AE)	-0.090	0.814	0.478	0.305	-2.808	4.456	58.19	6.92	-103.15	-54.747	16.667	11.307	-0.54340	-0.32114	0.42184	0.65079	26.0	null	null	13113	60
2026-05-27T16:26:27.950	WT901BLE68(F3:F0:16:BF:DC:AE)	-0.141	0.830	0.559	-4.333	3.601	3.357	58.00	6.75	-102.56	-60.053	5.993	12.573	-0.54340	-0.32114	0.42184	0.65079	26.0	null	null	13113	60
2026-05-27T16:26:28.014	WT901BLE68(F3:F0:16:BF:DC:AE)	-0.139	0.825	0.721	2.258	-7.080	16.052	57.63	6.10	-101.79	-60.053	5.993	12.573	-0.54340	-0.32114	0.42184	0.65079	26.0	null	null	13113	60
2026-05-27T16:26:28.133	WT901BLE68(F3:F0:16:BF:DC:AE)	-0.009	0.864	0.468	1.892	-6.348	25.024	57.82	3.62	-101.43	-60.053	5.993	12.573	-0.53287	-0.33902	0.34476	0.69437	26.0	null	null	13113	60
2026-05-27T16:26:28.225	WT901BLE68(F3:F0:16:BF:DC:AE)	0.004	0.804	0.538	5.981	12.512	17.944	57.96	1.39	-100.20	-60.053	5.993	12.573	-0.53287	-0.33902	0.34476	0.69437	26.0	null	null	13113	60
2026-05-27T16:26:28.349	WT901BLE68(F3:F0:16:BF:DC:AE)	0.017	0.861	0.452	6.836	-9.094	14.282	58.68	0.61	-98.28	-60.053	5.993	12.573	-0.53287	-0.33902	0.34476	0.69437	26.0	null	null	13113	60
2026-05-27T16:26:28.438	WT901BLE68(F3:F0:16:BF:DC:AE)	0.245	0.922	0.681	12.329	5.310	18.005	59.80	-1.23	-98.11	-60.053	5.993	12.573	-0.53287	-0.33902	0.34476	0.69437	26.0	null	null	13113	60
2026-05-27T16:26:28.551	WT901BLE68(F3:F0:16:BF:DC:AE)	0.122	0.890	0.450	10.071	-12.024	15.625	61.27	-2.86	-97.62	-60.053	5.993	12.573	-0.53287	-0.33902	0.34476	0.69437	26.0	null	null	13113	60
2026-05-27T16:26:28.644	WT901BLE68(F3:F0:16:BF:DC:AE)	0.071	0.873	0.468	1.160	9.033	19.836	61.73	-4.37	-96.09	-60.053	5.993	12.573	-0.53287	-0.33902	0.34476	0.69437	26.0	null	null	13113	60
2026-05-27T16:26:28.767	WT901BLE68(F3:F0:16:BF:DC:AE)	0.275	0.773	0.146	-0.854	-0.549	6.958	61.29	-4.95	-94.54	-60.053	5.993	12.573	-0.53287	-0.33902	0.34476	0.69437	26.0	null	null	13113	60
2026-05-27T16:26:28.821	WT901BLE68(F3:F0:16:BF:DC:AE)	0.137	0.863	0.489	-9.888	-7.813	-7.568	61.12	-4.92	-94.93	-53.787	15.627	7.847	-0.53287	-0.33902	0.34476	0.69437	26.0	null	null	13113	60
2026-05-27T16:26:28.947	WT901BLE68(F3:F0:16:BF:DC:AE)	0.542	0.914	0.686	-8.484	18.799	-14.709	60.56	-3.74	-93.92	-53.787	15.627	7.847	-0.53287	-0.33902	0.34476	0.69437	26.0	null	null	13113	60
2026-05-27T16:26:29.031	WT901BLE68(F3:F0:16:BF:DC:AE)	0.109	0.813	0.476	-12.939	-2.930	-9.583	59.20	-2.21	-92.88	-53.787	15.627	7.847	-0.60373	-0.32745	0.37946	0.61981	26.0	null	null	13113	60
2026-05-27T16:26:29.159	WT901BLE68(F3:F0:16:BF:DC:AE)	-0.058	0.850	0.522	-18.494	20.874	-24.414	57.64	-0.57	-93.41	-53.787	15.627	7.847	-0.60373	-0.32745	0.37946	0.61981	26.0	null	null	13113	60
2026-05-27T16:26:29.245	WT901BLE68(F3:F0:16:BF:DC:AE)	0.005	0.854	0.607	-9.216	24.658	-26.917	56.50	2.04	-93.75	-53.787	15.627	7.847	-0.60373	-0.32745	0.37946	0.61981	26.0	null	null	13113	60
2026-05-27T16:26:29.365	WT901BLE68(F3:F0:16:BF:DC:AE)	-0.098	0.833	0.594	9.949	-13.367	-24.719	56.65	4.76	-94.36	-53.787	15.627	7.847	-0.60373	-0.32745	0.37946	0.61981	26.0	null	null	13113	60
2026-05-27T16:26:29.426	WT901BLE68(F3:F0:16:BF:DC:AE)	0.336	0.916	0.697	9.705	-24.353	-20.447	57.53	5.60	-97.16	-53.787	15.627	7.847	-0.60373	-0.32745	0.37946	0.61981	26.0	null	null	13113	60
2026-05-27T16:26:29.542	WT901BLE68(F3:F0:16:BF:DC:AE)	-0.100	0.842	0.584	6.104	3.845	-11.597	58.35	6.11	-98.92	-53.787	15.627	7.847	-0.60373	-0.32745	0.37946	0.61981	26.0	null	null	13113	60
2026-05-27T16:26:29.634	WT901BLE68(F3:F0:16:BF:DC:AE)	-0.077	0.860	0.497	-2.747	10.254	-0.305	58.66	6.88	-98.29	-53.787	15.627	7.847	-0.60373	-0.32745	0.37946	0.61981	26.0	null	null	13113	60
2026-05-27T16:26:29.756	WT901BLE68(F3:F0:16:BF:DC:AE)	-0.116	0.883	0.601	3.174	-9.460	2.075	58.92	6.80	-98.01	-61.233	8.733	6.540	-0.60373	-0.32745	0.37946	0.61981	26.0	null	null	13113	60
2026-05-27T16:26:29.848	WT901BLE68(F3:F0:16:BF:DC:AE)	-0.056	0.851	0.527	3.479	-0.854	10.498	59.28	6.24	-97.39	-61.233	8.733	6.540	-0.60373	-0.32745	0.37946	0.61981	26.0	null	null	13113	60
2026-05-27T16:26:29.965	WT901BLE68(F3:F0:16:BF:DC:AE)	-0.092	0.871	0.536	3.906	2.014	15.137	59.67	5.23	-96.30	-61.233	8.733	6.540	-0.55469	-0.36136	0.34106	0.66733	26.0	null	null	13113	60
2026-05-27T16:26:30.058	WT901BLE68(F3:F0:16:BF:DC:AE)	-0.070	0.878	0.527	3.662	-1.282	21.606	60.11	3.63	-95.03	-61.233	8.733	6.540	-0.55469	-0.36136	0.34106	0.66733	26.0	null	null	13113	60
2026-05-27T16:26:30.177	WT901BLE68(F3:F0:16:BF:DC:AE)	-0.079	0.874	0.490	12.817	4.395	21.729	60.88	1.83	-93.44	-61.233	8.733	6.540	-0.55469	-0.36136	0.34106	0.66733	26.0	null	null	13113	60
2026-05-27T16:26:30.235	WT901BLE68(F3:F0:16:BF:DC:AE)	-0.039	0.899	0.381	21.423	-6.104	18.433	62.64	0.05	-92.22	-61.233	8.733	6.540	-0.55469	-0.36136	0.34106	0.66733	26.0	null	null	13113	60
2026-05-27T16:26:30.358	WT901BLE68(F3:F0:16:BF:DC:AE)	0.032	0.913	0.405	12.695	-6.958	16.785	64.38	-1.81	-91.86	-61.233	8.733	6.540	-0.55469	-0.36136	0.34106	0.66733	26.0	null	null	13113	60
2026-05-27T16:26:30.446	WT901BLE68(F3:F0:16:BF:DC:AE)	0.115	0.892	0.431	1.831	4.578	7.202	64.97	-2.80	-90.91	-61.233	8.733	6.540	-0.55469	-0.36136	0.34106	0.66733	26.0	null	null	13113	60
2026-05-27T16:26:30.566	WT901BLE68(F3:F0:16:BF:DC:AE)	0.016	0.912	0.417	-0.977	5.493	-5.737	64.90	-2.59	-89.96	-61.233	8.733	6.540	-0.55469	-0.36136	0.34106	0.66733	26.0	null	null	13113	60
2026-05-27T16:26:30.653	WT901BLE68(F3:F0:16:BF:DC:AE)	0.036	0.904	0.472	-0.793	0.061	-1.892	64.80	-2.22	-89.59	-56.313	18.240	1.353	-0.55469	-0.36136	0.34106	0.66733	26.0	null	null	13113	60
2026-05-27T16:26:30.775	WT901BLE68(F3:F0:16:BF:DC:AE)	0.037	0.903	0.455	-1.343	-2.563	-5.798	64.58	-2.04	-89.44	-56.313	18.240	1.353	-0.55469	-0.36136	0.34106	0.66733	26.0	null	null	13113	60
2026-05-27T16:26:30.832	WT901BLE68(F3:F0:16:BF:DC:AE)	-0.032	0.899	0.412	-4.028	-3.418	-13.123	64.26	-1.38	-89.71	-56.313	18.240	1.353	-0.60608	-0.36911	0.38504	0.58997	26.0	null	null	13113	60
2026-05-27T16:26:30.953	WT901BLE68(F3:F0:16:BF:DC:AE)	0.029	0.957	0.396	-3.601	3.967	-18.738	63.73	-0.04	-89.95	-56.313	18.240	1.353	-0.60608	-0.36911	0.38504	0.58997	26.0	null	null	13113	60
2026-05-27T16:26:31.046	WT901BLE68(F3:F0:16:BF:DC:AE)	-0.073	0.910	0.375	5.493	-0.366	-36.926	64.06	2.49	-90.32	-56.313	18.240	1.353	-0.60608	-0.36911	0.38504	0.58997	26.0	null	null	13113	60
2026-05-27T16:26:31.167	WT901BLE68(F3:F0:16:BF:DC:AE)	-0.116	0.924	0.407	8.179	-8.728	-36.743	64.76	5.68	-92.08	-56.313	18.240	1.353	-0.60608	-0.36911	0.38504	0.58997	26.0	null	null	13113	60
2026-05-27T16:26:31.252	WT901BLE68(F3:F0:16:BF:DC:AE)	-0.174	0.893	0.473	0.000	-6.836	-23.987	65.00	7.95	-93.46	-56.313	18.240	1.353	-0.60608	-0.36911	0.38504	0.58997	26.0	null	null	13113	60
2026-05-27T16:26:31.380	WT901BLE68(F3:F0:16:BF:DC:AE)	-0.196	0.893	0.460	-1.526	-2.136	-11.414	64.70	9.18	-93.80	-56.313	18.240	1.353	-0.60608	-0.36911	0.38504	0.58997	26.0	null	null	13113	60
2026-05-27T16:26:31.466	WT901BLE68(F3:F0:16:BF:DC:AE)	-0.182	0.896	0.417	-4.456	-0.183	0.427	64.28	9.51	-93.84	-56.313	18.240	1.353	-0.60608	-0.36911	0.38504	0.58997	26.0	null	null	13113	60
2026-05-27T16:26:31.585	WT901BLE68(F3:F0:16:BF:DC:AE)	-0.170	0.884	0.443	-8.789	-1.709	2.808	63.68	9.25	-93.31	-63.080	11.073	0.827	-0.60608	-0.36911	0.38504	0.58997	26.0	null	null	13113	60
2026-05-27T16:26:31.644	WT901BLE68(F3:F0:16:BF:DC:AE)	-0.177	0.907	0.519	-9.094	-4.700	6.531	62.69	8.66	-93.19	-63.080	11.073	0.827	-0.55536	-0.40445	0.33289	0.64581	26.0	null	null	13113	60
2026-05-27T16:26:31.769	WT901BLE68(F3:F0:16:BF:DC:AE)	-0.136	0.855	0.451	-3.723	-4.272	16.846	62.08	7.32	-92.49	-63.080	11.073	0.827	-0.55536	-0.40445	0.33289	0.64581	26.0	null	null	13113	60
2026-05-27T16:26:31.857	WT901BLE68(F3:F0:16:BF:DC:AE)	-0.105	0.895	0.483	-1.099	-2.441	20.569	61.87	5.63	-91.57	-63.080	11.073	0.827	-0.55536	-0.40445	0.33289	0.64581	26.0	null	null	13113	60
2026-05-27T16:26:31.974	WT901BLE68(F3:F0:16:BF:DC:AE)	-0.091	0.878	0.459	4.578	2.258	25.879	62.04	3.72	-90.12	-63.080	11.073	0.827	-0.55536	-0.40445	0.33289	0.64581	26.0	null	null	13113	60
2026-05-27T16:26:32.069	WT901BLE68(F3:F0:16:BF:DC:AE)	-0.057	0.922	0.398	16.235	-0.305	31.738	63.11	1.30	-87.80	-63.080	11.073	0.827	-0.55536	-0.40445	0.33289	0.64581	26.0	null	null	13113	60
2026-05-27T16:26:32.185	WT901BLE68(F3:F0:16:BF:DC:AE)	0.028	0.910	0.389	11.902	-8.911	22.949	64.68	-1.11	-86.69	-63.080	11.073	0.827	-0.55536	-0.40445	0.33289	0.64581	26.0	null	null	13113	60
2026-05-27T16:26:32.242	WT901BLE68(F3:F0:16:BF:DC:AE)	0.045	0.912	0.411	5.127	4.517	18.677	65.41	-2.84	-85.76	-63.080	11.073	0.827	-0.55536	-0.40445	0.33289	0.64581	26.0	null	null	13113	60
2026-05-27T16:26:32.366	WT901BLE68(F3:F0:16:BF:DC:AE)	0.066	0.907	0.403	10.254	-5.310	5.981	66.04	-3.88	-84.90	-63.080	11.073	0.827	-0.55536	-0.40445	0.33289	0.64581	26.0	null	null	13113	60
2026-05-27T16:26:32.454	WT901BLE68(F3:F0:16:BF:DC:AE)	0.176	0.887	0.481	0.488	-7.385	-8.667	66.76	-3.84	-85.52	-54.067	20.440	-1.253	-0.55536	-0.40445	0.33289	0.64581	26.0	null	null	13113	60
2026-05-27T16:26:32.574	WT901BLE68(F3:F0:16:BF:DC:AE)	0.209	0.891	0.456	-9.155	-6.470	-8.545	66.31	-3.06	-86.03	-54.067	20.440	-1.253	-0.55536	-0.40445	0.33289	0.64581	26.0	null	null	13113	60
2026-05-27T16:26:32.666	WT901BLE68(F3:F0:16:BF:DC:AE)	0.113	0.909	0.401	-12.695	-5.615	-3.601	65.32	-2.70	-86.45	-54.067	20.440	-1.253	-0.62183	-0.38290	0.38696	0.56290	26.0	null	null	13113	60
2026-05-27T16:26:32.786	WT901BLE68(F3:F0:16:BF:DC:AE)	0.050	0.916	0.420	-9.766	-5.859	-11.658	64.28	-2.48	-86.75	-54.067	20.440	-1.253	-0.62183	-0.38290	0.38696	0.56290	26.0	null	null	13113	60
2026-05-27T16:26:32.879	WT901BLE68(F3:F0:16:BF:DC:AE)	-0.039	0.925	0.395	0.793	-2.136	-16.785	63.78	-1.42	-87.54	-54.067	20.440	-1.253	-0.62183	-0.38290	0.38696	0.56290	26.0	null	null	13113	60
2026-05-27T16:26:32.996	WT901BLE68(F3:F0:16:BF:DC:AE)	-0.040	0.920	0.374	9.216	-6.958	-22.034	64.37	0.19	-88.40	-54.067	20.440	-1.253	-0.62183	-0.38290	0.38696	0.56290	26.0	null	null	13113	60
2026-05-27T16:26:33.053	WT901BLE68(F3:F0:16:BF:DC:AE)	-0.057	0.919	0.381	0.000	-8.362	-22.095	64.98	1.88	-89.76	-54.067	20.440	-1.253	-0.62183	-0.38290	0.38696	0.56290	26.0	null	null	13113	60
2026-05-27T16:26:33.178	WT901BLE68(F3:F0:16:BF:DC:AE)	-0.119	0.911	0.383	-7.507	1.587	-18.921	64.45	3.63	-90.47	-54.067	20.440	-1.253	-0.62183	-0.38290	0.38696	0.56290	26.0	null	null	13113	60
2026-05-27T16:26:33.264	WT901BLE68(F3:F0:16:BF:DC:AE)	-0.141	0.906	0.378	-7.568	8.118	-1.099	63.77	4.56	-90.19	-54.067	20.440	-1.253	-0.62183	-0.38290	0.38696	0.56290	26.0	null	null	13113	60
2026-05-27T16:26:33.383	WT901BLE68(F3:F0:16:BF:DC:AE)	-0.083	0.898	0.456	-8.728	3.601	0.610	63.10	4.80	-89.25	-58.593	14.993	0.533	-0.62183	-0.38290	0.38696	0.56290	26.0	null	null	13113	60
2026-05-27T16:26:33.479	WT901BLE68(F3:F0:16:BF:DC:AE)	-0.062	0.858	0.502	-10.803	10.376	6.592	62.19	4.98	-88.12	-58.593	14.993	0.533	-0.62183	-0.38290	0.38696	0.56290	26.0	null	null	13113	60
2026-05-27T16:26:33.596	WT901BLE68(F3:F0:16:BF:DC:AE)	-0.087	0.866	0.501	-7.813	2.991	10.132	61.23	4.55	-86.93	-58.593	14.993	0.533	-0.60339	-0.39590	0.32886	0.60904	26.0	null	null	13113	60
2026-05-27T16:26:33.651	WT901BLE68(F3:F0:16:BF:DC:AE)	-0.066	0.878	0.531	3.906	-6.226	24.109	60.82	3.25	-85.99	-58.593	14.993	0.533	-0.60339	-0.39590	0.32886	0.60904	26.0	null	null	13113	60
2026-05-27T16:26:33.770	WT901BLE68(F3:F0:16:BF:DC:AE)	0.052	0.864	0.453	4.028	-11.963	19.775	61.07	1.21	-85.39	-58.593	14.993	0.533	-0.60339	-0.39590	0.32886	0.60904	26.0	null	null	13113	60
2026-05-27T16:26:33.867	WT901BLE68(F3:F0:16:BF:DC:AE)	-0.019	0.888	0.507	8.911	-5.310	14.465	61.73	-0.42	-84.86	-58.593	14.993	0.533	-0.60339	-0.39590	0.32886	0.60904	26.0	null	null	13113	60
2026-05-27T16:26:33.982	WT901BLE68(F3:F0:16:BF:DC:AE)	-0.005	0.905	0.434	13.611	-11.292	16.541	62.89	-2.16	-84.39	-58.593	14.993	0.533	-0.60339	-0.39590	0.32886	0.60904	26.0	null	null	13113	60
2026-05-27T16:26:34.077	WT901BLE68(F3:F0:16:BF:DC:AE)	0.075	0.913	0.414	8.423	-6.958	15.442	64.08	-3.97	-84.31	-58.593	14.993	0.533	-0.60339	-0.39590	0.32886	0.60904	26.0	null	null	13113	60
2026-05-27T16:26:34.194	WT901BLE68(F3:F0:16:BF:DC:AE)	0.098	0.892	0.391	-2.136	3.052	7.629	64.53	-5.05	-83.58	-58.593	14.993	0.533	-0.60339	-0.39590	0.32886	0.60904	26.0	null	null	13113	60
2026-05-27T16:26:34.252	WT901BLE68(F3:F0:16:BF:DC:AE)	0.071	0.915	0.454	-3.906	4.211	4.089	64.08	-5.39	-82.90	-51.673	21.107	-0.633	-0.60339	-0.39590	0.32886	0.60904	26.0	null	null	13113	60
2026-05-27T16:26:34.408	WT901BLE68(F3:F0:16:BF:DC:AE)	0.109	0.880	0.429	-2.380	-2.808	-0.061	63.75	-5.64	-82.71	-51.673	21.107	-0.633	-0.60339	-0.39590	0.32886	0.60904	26.0	null	null	13113	60
2026-05-27T16:26:34.461	WT901BLE68(F3:F0:16:BF:DC:AE)	0.127	0.875	0.480	-2.136	-4.639	-5.066	63.67	-5.67	-83.11	-51.673	21.107	-0.633	-0.65311	-0.36719	0.38052	0.54196	26.0	null	null	13113	60
2026-05-27T16:26:34.586	WT901BLE68(F3:F0:16:BF:DC:AE)	0.140	0.882	0.526	-12.634	-1.282	-14.099	62.94	-4.97	-83.70	-51.673	21.107	-0.633	-0.65311	-0.36719	0.38052	0.54196	26.0	null	null	13113	60
2026-05-27T16:26:34.678	WT901BLE68(F3:F0:16:BF:DC:AE)	0.034	0.875	0.458	-10.193	5.310	-17.395	61.72	-3.74	-83.84	-51.673	21.107	-0.633	-0.65311	-0.36719	0.38052	0.54196	26.0	null	null	13113	60
2026-05-27T16:26:34.796	WT901BLE68(F3:F0:16:BF:DC:AE)	0.032	0.871	0.449	-0.854	-1.465	-28.931	61.13	-1.59	-84.51	-51.673	21.107	-0.633	-0.65311	-0.36719	0.38052	0.54196	26.0	null	null	13113	60
2026-05-27T16:26:34.885	WT901BLE68(F3:F0:16:BF:DC:AE)	-0.065	0.871	0.488	9.155	-1.465	-30.640	61.62	0.92	-85.85	-51.673	21.107	-0.633	-0.65311	-0.36719	0.38052	0.54196	26.0	null	null	13113	60
2026-05-27T16:26:35.006	WT901BLE68(F3:F0:16:BF:DC:AE)	-0.033	0.874	0.493	4.578	-8.484	-28.564	62.42	3.05	-87.80	-51.673	21.107	-0.633	-0.65311	-0.36719	0.38052	0.54196	26.0	null	null	13113	60
2026-05-27T16:26:35.093	WT901BLE68(F3:F0:16:BF:DC:AE)	-0.140	0.885	0.523	-10.254	7.507	-22.522	62.01	5.30	-88.49	-56.820	14.473	0.247	-0.65311	-0.36719	0.38052	0.54196	26.0	null	null	13113	60
2026-05-27T16:26:35.185	WT901BLE68(F3:F0:16:BF:DC:AE)	-0.108	0.896	0.480	-11.292	5.737	-1.038	60.80	6.78	-88.26	-56.820	14.473	0.247	-0.65311	-0.36719	0.38052	0.54196	26.0	null	null	13113	60
2026-05-27T16:26:35.276	WT901BLE68(F3:F0:16:BF:DC:AE)	-0.047	0.848	0.479	-5.798	0.366	5.310	60.10	6.83	-87.43	-56.820	14.473	0.247	-0.65311	-0.36719	0.38052	0.54196	26.0	null	null	13113	60
2026-05-27T16:26:35.394	WT901BLE68(F3:F0:16:BF:DC:AE)	-0.155	0.813	0.522	-6.104	-1.953	-2.197	59.60	6.97	-87.47	-56.820	14.473	0.247	-0.60461	-0.39661	0.30759	0.61841	26.0	null	null	13113	60
2026-05-27T16:26:35.484	WT901BLE68(F3:F0:16:BF:DC:AE)	-0.125	0.824	0.582	-4.639	-2.625	5.493	58.94	6.63	-87.34	-56.820	14.473	0.247	-0.60461	-0.39661	0.30759	0.61841	26.0	null	null	13113	60
2026-05-27T16:26:35.605	WT901BLE68(F3:F0:16:BF:DC:AE)	-0.049	0.840	0.504	0.732	-4.578	16.724	58.63	5.44	-87.16	-56.820	14.473	0.247	-0.60461	-0.39661	0.30759	0.61841	26.0	null	null	13113	60
2026-05-27T16:26:35.698	WT901BLE68(F3:F0:16:BF:DC:AE)	-0.046	0.884	0.473	-5.981	6.409	22.339	58.28	3.97	-85.54	-56.820	14.473	0.247	-0.60461	-0.39661	0.30759	0.61841	26.0	null	null	13113	60
2026-05-27T16:26:35.819	WT901BLE68(F3:F0:16:BF:DC:AE)	-0.022	0.863	0.540	1.465	3.479	18.616	58.01	2.67	-83.61	-56.820	14.473	0.247	-0.60461	-0.39661	0.30759	0.61841	26.0	null	null	13113	60
2026-05-27T16:26:35.873	WT901BLE68(F3:F0:16:BF:DC:AE)	-0.008	0.887	0.507	16.602	-18.921	12.878	59.31	1.19	-83.45	-56.820	14.473	0.247	-0.60461	-0.39661	0.30759	0.61841	26.0	null	null	13113	60
2026-05-27T16:26:36.026	WT901BLE68(F3:F0:16:BF:DC:AE)	0.008	0.895	0.417	10.681	-15.625	14.038	60.84	-0.66	-84.19	-56.820	14.473	0.247	-0.60461	-0.39661	0.30759	0.61841	26.0	null	null	13113	60
2026-05-27T16:26:36.085	WT901BLE68(F3:F0:16:BF:DC:AE)	0.038	0.909	0.412	5.920	-6.836	6.836	61.56	-1.91	-84.17	-53.513	18.227	0.520	-0.60461	-0.39661	0.30759	0.61841	26.0	null	null	13113	60
2026-05-27T16:26:36.206	WT901BLE68(F3:F0:16:BF:DC:AE)	0.057	0.902	0.465	0.000	-10.437	-3.662	61.89	-2.10	-84.67	-53.513	18.227	0.520	-0.60461	-0.39661	0.30759	0.61841	26.0	null	null	13113	60
2026-05-27T16:26:36.296	WT901BLE68(F3:F0:16:BF:DC:AE)	0.018	0.876	0.465	3.357	-1.587	-2.075	62.08	-2.08	-84.82	-53.513	18.227	0.520	-0.63953	-0.36920	0.35849	0.57101	26.0	null	null	13113	60
2026-05-27T16:26:36.417	WT901BLE68(F3:F0:16:BF:DC:AE)	0.048	0.871	0.484	2.197	-20.508	-21.057	62.34	-1.48	-86.12	-53.513	18.227	0.520	-0.63953	-0.36920	0.35849	0.57101	26.0	null	null	13113	60
2026-05-27T16:26:36.505	WT901BLE68(F3:F0:16:BF:DC:AE)	0.017	0.869	0.535	-7.080	-16.968	-19.531	62.14	-0.64	-88.37	-53.513	18.227	0.520	-0.63953	-0.36920	0.35849	0.57101	26.0	null	null	13113	60
2026-05-27T16:26:36.594	WT901BLE68(F3:F0:16:BF:DC:AE)	0.027	0.820	0.543	-18.982	-13.245	-19.531	60.56	0.28	-90.15	-53.513	18.227	0.520	-0.63953	-0.36920	0.35849	0.57101	26.0	null	null	13113	60
2026-05-27T16:26:36.687	WT901BLE68(F3:F0:16:BF:DC:AE)	-0.087	0.870	0.515	-10.864	-18.921	-27.100	58.79	1.62	-92.13	-53.513	18.227	0.520	-0.63953	-0.36920	0.35849	0.57101	26.0	null	null	13113	60
2026-05-27T16:26:36.805	WT901BLE68(F3:F0:16:BF:DC:AE)	-0.106	0.903	0.441	4.395	-31.799	-25.146	58.63	2.49	-95.05	-53.513	18.227	0.520	-0.63953	-0.36920	0.35849	0.57101	26.0	null	null	13113	60
2026-05-27T16:26:36.897	WT901BLE68(F3:F0:16:BF:DC:AE)	-0.014	0.866	0.516	-3.418	-14.648	-21.606	58.56	3.54	-97.68	-53.513	18.227	0.520	-0.63953	-0.36920	0.35849	0.57101	26.0	null	null	13113	60
2026-05-27T16:26:37.016	WT901BLE68(F3:F0:16:BF:DC:AE)	-0.118	0.840	0.570	-3.479	-22.034	-14.709	57.97	4.32	-99.01	-53.293	12.660	6.247	-0.63953	-0.36920	0.35849	0.57101	26.0	null	null	13113	60
2026-05-27T16:26:37.108	WT901BLE68(F3:F0:16:BF:DC:AE)	-0.125	0.865	0.550	2.136	-21.301	-5.371	57.99	3.89	-100.78	-53.293	12.660	6.247	-0.63953	-0.36920	0.35849	0.57101	26.0	null	null	13113	60
2026-05-27T16:26:37.224	WT901BLE68(F3:F0:16:BF:DC:AE)	-0.058	0.839	0.490	-2.502	-17.090	-7.751	57.84	3.59	-102.18	-53.293	12.660	6.247	-0.54156	-0.32898	0.35684	0.68631	26.0	null	null	13113	60
2026-05-27T16:26:37.281	WT901BLE68(F3:F0:16:BF:DC:AE)	-0.094	0.847	0.541	-0.183	-15.991	-0.854	57.66	3.11	-102.89	-53.293	12.660	6.247	-0.54156	-0.32898	0.35684	0.68631	26.0	null	null	13113	60
2026-05-27T16:26:37.405	WT901BLE68(F3:F0:16:BF:DC:AE)	-0.025	0.841	0.554	0.488	-16.357	5.798	57.65	1.95	-103.44	-53.293	12.660	6.247	-0.54156	-0.32898	0.35684	0.68631	26.0	null	null	13113	60
2026-05-27T16:26:37.494	WT901BLE68(F3:F0:16:BF:DC:AE)	-0.002	0.833	0.562	-1.892	-10.315	8.179	57.41	0.74	-103.43	-53.293	12.660	6.247	-0.54156	-0.32898	0.35684	0.68631	26.0	null	null	13113	60
2026-05-27T16:26:37.621	WT901BLE68(F3:F0:16:BF:DC:AE)	0.002	0.848	0.550	3.357	-15.808	6.653	57.43	-0.58	-103.57	-53.293	12.660	6.247	-0.54156	-0.32898	0.35684	0.68631	26.0	null	null	13113	60
2026-05-27T16:26:37.704	WT901BLE68(F3:F0:16:BF:DC:AE)	-0.013	0.873	0.513	14.648	-21.362	7.385	58.41	-1.97	-104.18	-53.293	12.660	6.247	-0.54156	-0.32898	0.35684	0.68631	26.0	null	null	13113	60
2026-05-27T16:26:37.823	WT901BLE68(F3:F0:16:BF:DC:AE)	0.044	0.871	0.430	18.921	-18.738	11.108	60.18	-3.96	-104.51	-53.293	12.660	6.247	-0.54156	-0.32898	0.35684	0.68631	26.0	null	null	13113	60
2026-05-27T16:26:37.883	WT901BLE68(F3:F0:16:BF:DC:AE)	0.068	0.887	0.412	16.418	-13.367	0.732	61.93	-5.00	-104.76	-43.927	16.187	9.987	-0.54156	-0.32898	0.35684	0.68631	26.0	null	null	13113	60
2026-05-27T16:26:38.007	WT901BLE68(F3:F0:16:BF:DC:AE)	0.117	0.903	0.446	13.000	-17.456	-0.427	63.57	-5.75	-105.33	-43.927	16.187	9.987	-0.54156	-0.32898	0.35684	0.68631	26.0	null	null	13113	60
2026-05-27T16:26:38.092	WT901BLE68(F3:F0:16:BF:DC:AE)	0.105	0.899	0.444	0.000	-2.747	0.793	64.11	-6.15	-105.06	-43.927	16.187	9.987	-0.53552	-0.28555	0.44675	0.65723	26.0	null	null	13113	60
2026-05-27T16:26:38.219	WT901BLE68(F3:F0:16:BF:DC:AE)	0.132	0.897	0.431	2.930	-10.193	-4.883	64.30	-6.30	-104.77	-43.927	16.187	9.987	-0.53552	-0.28555	0.44675	0.65723	26.0	null	null	13113	60
2026-05-27T16:26:38.334	WT901BLE68(F3:F0:16:BF:DC:AE)	0.126	0.899	0.466	-4.578	-0.061	-16.052	64.45	-5.76	-105.03	-43.927	16.187	9.987	-0.53552	-0.28555	0.44675	0.65723	26.0	null	null	13113	60
2026-05-27T16:26:38.426	WT901BLE68(F3:F0:16:BF:DC:AE)	0.076	0.885	0.472	-5.066	-10.376	-15.381	63.96	-4.67	-105.18	-43.927	16.187	9.987	-0.53552	-0.28555	0.44675	0.65723	26.0	null	null	13113	60
2026-05-27T16:26:38.519	WT901BLE68(F3:F0:16:BF:DC:AE)	-0.024	0.943	0.379	-14.099	-11.780	-24.109	63.04	-3.76	-106.06	-43.927	16.187	9.987	-0.53552	-0.28555	0.44675	0.65723	26.0	null	null	13113	60
2026-05-27T16:26:38.635	WT901BLE68(F3:F0:16:BF:DC:AE)	0.084	0.910	0.304	0.854	-8.118	-38.147	62.69	-1.45	-107.50	-43.927	16.187	9.987	-0.53552	-0.28555	0.44675	0.65723	26.0	null	null	13113	60
2026-05-27T16:26:38.696	WT901BLE68(F3:F0:16:BF:DC:AE)	0.011	0.909	0.537	8.362	-12.939	-29.907	63.80	1.39	-109.29	-43.673	15.293	10.720	-0.53552	-0.28555	0.44675	0.65723	26.0	null	null	13113	60
2026-05-27T16:26:38.819	WT901BLE68(F3:F0:16:BF:DC:AE)	0.042	0.869	0.687	-8.606	-10.437	-22.705	64.09	2.82	-110.69	-43.673	15.293	10.720	-0.53552	-0.28555	0.44675	0.65723	26.0	null	null	13113	60
2026-05-27T16:26:38.905	WT901BLE68(F3:F0:16:BF:DC:AE)	-0.038	0.866	0.632	-14.648	-10.864	-14.893	62.59	4.04	-111.28	-43.673	15.293	10.720	-0.53552	-0.28555	0.44675	0.65723	26.0	null	null	13113	60
2026-05-27T16:26:39.025	WT901BLE68(F3:F0:16:BF:DC:AE)	-0.131	0.912	0.519	-17.151	-17.029	-11.841	60.89	4.30	-112.45	-43.673	15.293	10.720	-0.46634	-0.31604	0.40857	0.71805	26.0	null	null	13113	60
2026-05-27T16:26:39.114	WT901BLE68(F3:F0:16:BF:DC:AE)	-0.170	0.881	0.469	-11.047	-20.752	-4.028	59.23	4.20	-113.34	-43.673	15.293	10.720	-0.46634	-0.31604	0.40857	0.71805	26.0	null	null	13113	60
2026-05-27T16:26:39.237	WT901BLE68(F3:F0:16:BF:DC:AE)	-0.039	0.858	0.503	-3.479	-17.517	2.502	58.23	3.45	-114.33	-43.673	15.293	10.720	-0.46634	-0.31604	0.40857	0.71805	26.0	null	null	13113	60
2026-05-27T16:26:39.296	WT901BLE68(F3:F0:16:BF:DC:AE)	-0.089	0.871	0.563	1.831	-18.677	-2.502	58.29	2.49	-115.01	-43.673	15.293	10.720	-0.46634	-0.31604	0.40857	0.71805	26.0	null	null	13113	60
2026-05-27T16:26:39.419	WT901BLE68(F3:F0:16:BF:DC:AE)	-0.031	0.838	0.572	-4.517	-9.460	4.211	58.14	1.72	-115.53	-43.673	15.293	10.720	-0.46634	-0.31604	0.40857	0.71805	26.0	null	null	13113	60
2026-05-27T16:26:39.508	WT901BLE68(F3:F0:16:BF:DC:AE)	-0.044	0.856	0.616	-6.897	-9.216	9.827	57.52	0.52	-115.15	-43.673	15.293	10.720	-0.46634	-0.31604	0.40857	0.71805	26.0	null	null	13113	60
2026-05-27T16:26:39.629	WT901BLE68(F3:F0:16:BF:DC:AE)	0.003	0.854	0.584	-9.155	-5.981	19.348	56.57	-1.15	-114.13	-43.673	15.293	10.720	-0.46634	-0.31604	0.40857	0.71805	26.0	null	null	13113	60
2026-05-27T16:26:39.717	WT901BLE68(F3:F0:16:BF:DC:AE)	0.028	0.802	0.431	-4.028	0.488	19.043	55.45	-2.83	-112.79	-36.807	11.547	17.607	-0.46634	-0.31604	0.40857	0.71805	26.0	null	null	13113	60
2026-05-27T16:26:39.836	WT901BLE68(F3:F0:16:BF:DC:AE)	0.043	0.799	0.604	8.118	-16.357	6.165	55.79	-4.28	-112.24	-36.807	11.547	17.607	-0.46634	-0.31604	0.40857	0.71805	26.0	null	null	13113	60
2026-05-27T16:26:39.893	WT901BLE68(F3:F0:16:BF:DC:AE)	0.002	0.887	0.543	21.118	-19.104	11.780	57.46	-5.94	-112.66	-36.807	11.547	17.607	-0.50638	-0.23071	0.41412	0.72025	26.0	null	null	13113	60
2026-05-27T16:26:40.046	WT901BLE68(F3:F0:16:BF:DC:AE)	0.179	0.857	0.469	19.592	-15.686	4.211	59.60	-7.40	-113.24	-36.807	11.547	17.607	-0.50638	-0.23071	0.41412	0.72025	26.0	null	null	13113	60
2026-05-27T16:26:40.108	WT901BLE68(F3:F0:16:BF:DC:AE)	0.152	0.889	0.502	17.029	-20.996	-5.554	61.59	-8.15	-113.86	-36.807	11.547	17.607	-0.50638	-0.23071	0.41412	0.72025	26.0	null	null	13113	60
2026-05-27T16:26:40.225	WT901BLE68(F3:F0:16:BF:DC:AE)	0.170	0.902	0.460	5.798	-19.409	-4.456	63.03	-8.70	-115.72	-36.807	11.547	17.607	-0.50638	-0.23071	0.41412	0.72025	26.0	null	null	13113	60
2026-05-27T16:26:40.317	WT901BLE68(F3:F0:16:BF:DC:AE)	0.147	0.890	0.440	4.700	-17.883	-4.333	63.85	-9.25	-116.36	-36.807	11.547	17.607	-0.50638	-0.23071	0.41412	0.72025	26.0	null	null	13113	60
2026-05-27T16:26:40.436	WT901BLE68(F3:F0:16:BF:DC:AE)	0.157	0.893	0.436	-2.991	-22.278	-15.625	64.26	-9.22	-117.66	-36.807	11.547	17.607	-0.50638	-0.23071	0.41412	0.72025	26.0	null	null	13113	60
2026-05-27T16:26:40.523	WT901BLE68(F3:F0:16:BF:DC:AE)	0.156	0.876	0.437	-4.578	-21.240	-20.081	64.14	-8.28	-119.23	-26.147	17.540	14.720	-0.50638	-0.23071	0.41412	0.72025	26.0	null	null	13113	60
2026-05-27T16:26:40.648	WT901BLE68(F3:F0:16:BF:DC:AE)	0.129	0.902	0.508	-11.536	-18.066	-23.987	63.83	-7.42	-121.04	-26.147	17.540	14.720	-0.50638	-0.23071	0.41412	0.72025	26.0	null	null	13113	60
2026-05-27T16:26:40.703	WT901BLE68(F3:F0:16:BF:DC:AE)	0.125	0.876	0.490	-15.259	-20.752	-25.269	62.68	-6.05	-122.51	-26.147	17.540	14.720	-0.43610	-0.21063	0.47842	0.73242	26.0	null	null	13113	60
2026-05-27T16:26:40.826	WT901BLE68(F3:F0:16:BF:DC:AE)	0.065	0.892	0.558	-12.756	-23.865	-23.926	61.62	-5.03	-124.57	-26.147	17.540	14.720	-0.43610	-0.21063	0.47842	0.73242	26.0	null	null	13113	60
2026-05-27T16:26:40.917	WT901BLE68(F3:F0:16:BF:DC:AE)	0.008	0.887	0.426	-4.883	-34.668	-22.766	61.05	-4.45	-126.86	-26.147	17.540	14.720	-0.43610	-0.21063	0.47842	0.73242	26.0	null	null	13113	60
2026-05-27T16:26:41.034	WT901BLE68(F3:F0:16:BF:DC:AE)	0.078	0.868	0.469	-11.169	-27.344	-23.132	60.57	-3.89	-129.36	-26.147	17.540	14.720	-0.43610	-0.21063	0.47842	0.73242	26.0	null	null	13113	60
2026-05-27T16:26:41.128	WT901BLE68(F3:F0:16:BF:DC:AE)	0.042	0.877	0.509	-9.460	-32.410	-17.456	59.78	-3.35	-131.63	-26.147	17.540	14.720	-0.43610	-0.21063	0.47842	0.73242	26.0	null	null	13113	60
2026-05-27T16:26:41.275	WT901BLE68(F3:F0:16:BF:DC:AE)	0.084	0.897	0.499	-7.568	-24.170	-2.747	59.10	-3.86	-132.95	-26.147	17.540	14.720	-0.43610	-0.21063	0.47842	0.73242	26.0	null	null	13113	60
2026-05-27T16:26:41.304	WT901BLE68(F3:F0:16:BF:DC:AE)	0.062	0.862	0.488	-3.906	-24.780	-9.705	58.94	-4.54	-133.69	-26.147	17.540	14.720	-0.43610	-0.21063	0.47842	0.73242	26.0	null	null	13113	60
2026-05-27T16:26:41.456	WT901BLE68(F3:F0:16:BF:DC:AE)	0.097	0.831	0.544	-3.296	-13.428	-5.737	58.72	-4.66	-134.13	-26.147	17.540	14.720	-0.43610	-0.21063	0.47842	0.73242	26.0	null	null	13113	60
2026-05-27T16:26:41.513	WT901BLE68(F3:F0:16:BF:DC:AE)	0.085	0.848	0.546	-3.479	-23.010	-1.160	58.45	-5.37	-134.12	-18.667	13.693	14.327	-0.43610	-0.21063	0.47842	0.73242	26.0	null	null	13113	60
2026-05-27T16:26:41.634	WT901BLE68(F3:F0:16:BF:DC:AE)	0.109	0.857	0.517	-6.104	-19.104	1.221	58.07	-6.51	-134.21	-18.667	13.693	14.327	-0.43610	-0.21063	0.47842	0.73242	26.0	null	null	13113	60
2026-05-27T16:26:41.721	WT901BLE68(F3:F0:16:BF:DC:AE)	0.097	0.847	0.557	-2.075	-10.559	-5.127	57.84	-7.19	-133.45	-18.667	13.693	14.327	-0.36777	-0.14087	0.46542	0.79257	26.0	null	null	13113	60
2026-05-27T16:26:41.842	WT901BLE68(F3:F0:16:BF:DC:AE)	0.142	0.825	0.568	6.042	-21.179	-9.827	58.29	-7.16	-133.76	-18.667	13.693	14.327	-0.36777	-0.14087	0.46542	0.79257	26.0	null	null	13113	60
2026-05-27T16:26:41.933	WT901BLE68(F3:F0:16:BF:DC:AE)	0.136	0.845	0.524	9.888	-18.372	-9.583	59.35	-7.33	-133.92	-18.667	13.693	14.327	-0.36777	-0.14087	0.46542	0.79257	26.0	null	null	13113	60
2026-05-27T16:26:42.056	WT901BLE68(F3:F0:16:BF:DC:AE)	0.122	0.878	0.521	14.465	-20.569	-9.949	60.76	-7.37	-133.92	-18.667	13.693	14.327	-0.36777	-0.14087	0.46542	0.79257	26.0	null	null	13113	60
2026-05-27T16:26:42.110	WT901BLE68(F3:F0:16:BF:DC:AE)	0.131	0.899	0.418	15.503	-22.034	-0.610	62.54	-7.89	-133.42	-18.667	13.693	14.327	-0.36777	-0.14087	0.46542	0.79257	26.0	null	null	13113	60
2026-05-27T16:26:42.236	WT901BLE68(F3:F0:16:BF:DC:AE)	0.163	0.896	0.406	2.563	-19.714	-4.089	63.79	-8.61	-132.95	-18.667	13.693	14.327	-0.36777	-0.14087	0.46542	0.79257	26.0	null	null	13113	60
2026-05-27T16:26:42.329	WT901BLE68(F3:F0:16:BF:DC:AE)	0.147	0.903	0.443	-0.671	-13.428	-5.981	63.95	-8.76	-131.69	-18.667	13.693	14.327	-0.36777	-0.14087	0.46542	0.79257	26.0	null	null	13113	60
2026-05-27T16:26:42.444	WT901BLE68(F3:F0:16:BF:DC:AE)	0.161	0.869	0.405	8.484	-33.630	-16.846	64.81	-8.83	-131.73	-14.013	17.807	7.147	-0.36777	-0.14087	0.46542	0.79257	26.0	null	null	13113	60
2026-05-27T16:26:42.532	WT901BLE68(F3:F0:16:BF:DC:AE)	0.146	0.916	0.413	8.667	-28.931	-23.254	66.29	-8.10	-132.78	-14.013	17.807	7.147	-0.37265	-0.16190	0.52115	0.75049	26.0	null	null	13113	60
2026-05-27T16:26:42.654	WT901BLE68(F3:F0:16:BF:DC:AE)	0.124	0.916	0.398	-1.099	-16.663	-17.456	66.92	-7.36	-132.01	-14.013	17.807	7.147	-0.37265	-0.16190	0.52115	0.75049	26.0	null	null	13113	60
2026-05-27T16:26:42.714	WT901BLE68(F3:F0:16:BF:DC:AE)	0.250	0.811	0.619	-20.996	-10.376	-14.404	65.95	-6.95	-130.80	-14.013	17.807	7.147	-0.37265	-0.16190	0.52115	0.75049	26.0	null	null	13113	60
2026-05-27T16:26:42.862	WT901BLE68(F3:F0:16:BF:DC:AE)	0.026	0.929	0.320	-14.343	-12.817	-39.795	64.89	-4.75	-131.24	-14.013	17.807	7.147	-0.37265	-0.16190	0.52115	0.75049	26.0	null	null	13113	60
2026-05-27T16:26:42.925	WT901BLE68(F3:F0:16:BF:DC:AE)	0.175	0.840	0.467	-6.470	-11.597	-30.518	64.54	-1.97	-130.90	-14.013	17.807	7.147	-0.37265	-0.16190	0.52115	0.75049	26.0	null	null	13113	60
2026-05-27T16:26:43.076	WT901BLE68(F3:F0:16:BF:DC:AE)	0.074	0.833	0.512	-16.174	-17.151	-23.621	63.42	-0.01	-129.73	-14.013	17.807	7.147	-0.37265	-0.16190	0.52115	0.75049	26.0	null	null	13113	60
2026-05-27T16:26:43.134	WT901BLE68(F3:F0:16:BF:DC:AE)	-0.131	0.876	0.580	-25.391	-20.264	-23.682	60.96	1.07	-129.28	-14.013	17.807	7.147	-0.37265	-0.16190	0.52115	0.75049	26.0	null	null	13113	60
2026-05-27T16:26:43.254	WT901BLE68(F3:F0:16:BF:DC:AE)	-0.061	0.892	0.457	-4.272	-28.687	-1.587	59.57	0.49	-128.59	-14.013	17.807	7.147	-0.37265	-0.16190	0.52115	0.75049	26.0	null	null	13113	60
2026-05-27T16:26:43.344	WT901BLE68(F3:F0:16:BF:DC:AE)	-0.009	0.867	0.461	-2.869	-25.391	-10.437	59.30	0.01	-128.45	-17.800	18.673	5.520	-0.37265	-0.16190	0.52115	0.75049	26.0	null	null	13113	60
2026-05-27T16:26:43.464	WT901BLE68(F3:F0:16:BF:DC:AE)	-0.075	0.884	0.524	-1.160	-16.479	-5.615	59.10	-0.05	-127.49	-17.800	18.673	5.520	-0.38162	-0.21667	0.44318	0.78159	26.0	null	null	13113	60
2026-05-27T16:26:43.522	WT901BLE68(F3:F0:16:BF:DC:AE)	0.038	0.864	0.564	2.441	-22.583	-1.648	59.37	-0.66	-126.24	-17.800	18.673	5.520	-0.38162	-0.21667	0.44318	0.78159	26.0	null	null	13113	60
2026-05-27T16:26:43.644	WT901BLE68(F3:F0:16:BF:DC:AE)	0.058	0.851	0.550	-2.014	-18.555	7.751	59.45	-1.85	-124.70	-17.800	18.673	5.520	-0.38162	-0.21667	0.44318	0.78159	26.0	null	null	13113	60
2026-05-27T16:26:43.734	WT901BLE68(F3:F0:16:BF:DC:AE)	0.027	0.854	0.515	1.648	-14.160	7.080	59.35	-3.44	-122.45	-17.800	18.673	5.520	-0.38162	-0.21667	0.44318	0.78159	26.0	null	null	13113	60
2026-05-27T16:26:43.852	WT901BLE68(F3:F0:16:BF:DC:AE)	0.042	0.867	0.511	8.789	-16.663	0.305	59.69	-4.56	-120.53	-17.800	18.673	5.520	-0.38162	-0.21667	0.44318	0.78159	26.0	null	null	13113	60
2026-05-27T16:26:43.944	WT901BLE68(F3:F0:16:BF:DC:AE)	0.063	0.896	0.478	16.418	-30.945	3.296	61.00	-5.85	-119.40	-17.800	18.673	5.520	-0.38162	-0.21667	0.44318	0.78159	26.0	null	null	13113	60
2026-05-27T16:26:44.064	WT901BLE68(F3:F0:16:BF:DC:AE)	0.123	0.900	0.364	14.099	-28.198	4.578	62.75	-7.49	-118.77	-17.800	18.673	5.520	-0.38162	-0.21667	0.44318	0.78159	26.0	null	null	13113	60
2026-05-27T16:26:44.182	WT901BLE68(F3:F0:16:BF:DC:AE)	0.169	0.909	0.378	2.686	-18.127	2.930	63.81	-8.83	-117.33	-11.647	18.660	-0.093	-0.38162	-0.21667	0.44318	0.78159	26.0	null	null	13113	60
2026-05-27T16:26:44.240	WT901BLE68(F3:F0:16:BF:DC:AE)	0.181	0.910	0.343	1.831	-19.958	-1.587	64.22	-9.42	-115.41	-11.647	18.660	-0.093	-0.38162	-0.21667	0.44318	0.78159	26.0	null	null	13113	60
2026-05-27T16:26:44.362	WT901BLE68(F3:F0:16:BF:DC:AE)	0.195	0.923	0.369	-0.244	-13.245	-9.705	64.75	-9.67	-113.62	-11.647	18.660	-0.093	-0.49750	-0.23135	0.48575	0.68036	26.0	null	null	13113	60
2026-05-27T16:26:44.453	WT901BLE68(F3:F0:16:BF:DC:AE)	0.110	0.915	0.406	-4.456	-9.644	-16.663	64.92	-8.90	-111.74	-11.647	18.660	-0.093	-0.49750	-0.23135	0.48575	0.68036	26.0	null	null	13113	60
2026-05-27T16:26:44.542	WT901BLE68(F3:F0:16:BF:DC:AE)	0.158	0.897	0.395	-8.362	-10.010	-14.526	64.51	-7.87	-109.88	-11.647	18.660	-0.093	-0.49750	-0.23135	0.48575	0.68036	26.0	null	null	13113	60
2026-05-27T16:26:44.664	WT901BLE68(F3:F0:16:BF:DC:AE)	0.126	0.902	0.458	-15.198	-5.859	-20.508	63.51	-6.73	-108.07	-11.647	18.660	-0.093	-0.49750	-0.23135	0.48575	0.68036	26.0	null	null	13113	60
2026-05-27T16:26:44.754	WT901BLE68(F3:F0:16:BF:DC:AE)	0.072	0.884	0.380	-13.123	-3.479	-30.701	62.28	-4.82	-106.52	-11.647	18.660	-0.093	-0.49750	-0.23135	0.48575	0.68036	26.0	null	null	13113	60
2026-05-27T16:26:44.879	WT901BLE68(F3:F0:16:BF:DC:AE)	0.015	0.919	0.443	-5.310	1.465	-39.124	61.50	-1.87	-105.52	-11.647	18.660	-0.093	-0.49750	-0.23135	0.48575	0.68036	26.0	null	null	13113	60
2026-05-27T16:26:44.934	WT901BLE68(F3:F0:16:BF:DC:AE)	-0.056	0.880	0.446	7.019	-21.790	-30.029	61.81	0.83	-105.29	-11.647	18.660	-0.093	-0.49750	-0.23135	0.48575	0.68036	26.0	null	null	13113	60
2026-05-27T16:26:45.057	WT901BLE68(F3:F0:16:BF:DC:AE)	-0.056	0.899	0.469	1.099	-8.545	-17.395	62.20	2.09	-105.20	-11.647	18.660	-0.093	-0.49750	-0.23135	0.48575	0.68036	26.0	null	null	13113	60
2026-05-27T16:26:45.140	WT901BLE68(F3:F0:16:BF:DC:AE)	-0.064	0.882	0.471	3.967	-14.343	-8.667	62.44	2.60	-103.80	-16.020	20.167	-1.340	-0.49750	-0.23135	0.48575	0.68036	26.0	null	null	13113	60
2026-05-27T16:26:45.267	WT901BLE68(F3:F0:16:BF:DC:AE)	-0.026	0.854	0.483	0.305	-12.085	-5.615	62.65	2.78	-102.66	-16.020	20.167	-1.340	-0.49750	-0.23135	0.48575	0.68036	26.0	null	null	13113	60
2026-05-27T16:26:45.352	WT901BLE68(F3:F0:16:BF:DC:AE)	-0.025	0.867	0.553	-3.601	-10.559	1.648	62.37	2.50	-100.71	-16.020	20.167	-1.340	-0.52832	-0.34259	0.39078	0.67133	26.0	null	null	13113	60
2026-05-27T16:26:45.473	WT901BLE68(F3:F0:16:BF:DC:AE)	-0.018	0.853	0.489	-3.601	-12.207	4.333	61.91	1.86	-98.67	-16.020	20.167	-1.340	-0.52832	-0.34259	0.39078	0.67133	26.0	null	null	13113	60
2026-05-27T16:26:45.533	WT901BLE68(F3:F0:16:BF:DC:AE)	-0.057	0.875	0.481	-5.737	-3.906	8.850	61.38	0.75	-96.40	-16.020	20.167	-1.340	-0.52832	-0.34259	0.39078	0.67133	26.0	null	null	13113	60
2026-05-27T16:26:45.685	WT901BLE68(F3:F0:16:BF:DC:AE)	0.002	0.886	0.547	0.244	-6.348	12.878	60.96	-0.46	-93.75	-16.020	20.167	-1.340	-0.52832	-0.34259	0.39078	0.67133	26.0	null	null	13113	60
2026-05-27T16:26:45.741	WT901BLE68(F3:F0:16:BF:DC:AE)	0.095	0.866	0.487	6.531	-16.541	10.620	61.27	-1.93	-91.63	-16.020	20.167	-1.340	-0.52832	-0.34259	0.39078	0.67133	26.0	null	null	13113	60
2026-05-27T16:26:45.867	WT901BLE68(F3:F0:16:BF:DC:AE)	0.103	0.896	0.459	10.925	-8.423	11.597	62.16	-3.35	-89.35	-16.020	20.167	-1.340	-0.52832	-0.34259	0.39078	0.67133	26.0	null	null	13113	60
2026-05-27T16:26:45.953	WT901BLE68(F3:F0:16:BF:DC:AE)	0.064	0.898	0.362	12.207	-10.071	7.385	63.45	-4.47	-87.07	-11.067	18.553	-5.280	-0.52832	-0.34259	0.39078	0.67133	26.0	null	null	13113	60
2026-05-27T16:26:46.074	WT901BLE68(F3:F0:16:BF:DC:AE)	0.120	0.924	0.422	2.625	-5.127	5.493	64.31	-5.42	-84.80	-11.067	18.553	-5.280	-0.52832	-0.34259	0.39078	0.67133	26.0	null	null	13113	60
2026-05-27T16:26:46.166	WT901BLE68(F3:F0:16:BF:DC:AE)	0.068	0.910	0.431	-4.944	-2.502	4.456	64.13	-5.84	-82.21	-11.067	18.553	-5.280	-0.65170	-0.37003	0.38324	0.53979	26.0	null	null	13113	60
2026-05-27T16:26:46.286	WT901BLE68(F3:F0:16:BF:DC:AE)	0.129	0.889	0.441	-2.686	-7.080	2.686	63.72	-6.48	-79.74	-11.067	18.553	-5.280	-0.65170	-0.37003	0.38324	0.53979	26.0	null	null	13113	60
2026-05-27T16:26:46.342	WT901BLE68(F3:F0:16:BF:DC:AE)	0.160	0.872	0.450	-4.517	-9.827	-7.751	63.46	-6.37	-78.23	-11.067	18.553	-5.280	-0.65170	-0.37003	0.38324	0.53979	26.0	null	null	13113	60
2026-05-27T16:26:46.464	WT901BLE68(F3:F0:16:BF:DC:AE)	0.105	0.894	0.491	-8.911	-4.944	-10.742	62.94	-5.80	-76.70	-11.067	18.553	-5.280	-0.65170	-0.37003	0.38324	0.53979	26.0	null	null	13113	60
2026-05-27T16:26:46.554	WT901BLE68(F3:F0:16:BF:DC:AE)	-0.007	0.910	0.501	-11.169	-3.296	-15.320	62.11	-5.08	-75.23	-11.067	18.553	-5.280	-0.65170	-0.37003	0.38324	0.53979	26.0	null	null	13113	60
2026-05-27T16:26:46.675	WT901BLE68(F3:F0:16:BF:DC:AE)	0.016	0.904	0.504	-8.972	14.160	-20.264	61.08	-3.23	-73.14	-11.067	18.553	-5.280	-0.65170	-0.37003	0.38324	0.53979	26.0	null	null	13113	60
2026-05-27T16:26:46.762	WT901BLE68(F3:F0:16:BF:DC:AE)	0.059	0.893	0.512	-8.362	2.014	-20.874	60.31	-1.15	-71.72	-11.067	18.553	-5.280	-0.65170	-0.37003	0.38324	0.53979	26.0	null	null	13113	60
2026-05-27T16:26:46.884	WT901BLE68(F3:F0:16:BF:DC:AE)	-0.059	0.879	0.406	6.592	-5.249	-20.630	60.36	0.67	-70.81	-11.400	17.927	-6.740	-0.65170	-0.37003	0.38324	0.53979	26.0	null	null	13113	60
2026-05-27T16:26:46.941	WT901BLE68(F3:F0:16:BF:DC:AE)	-0.011	0.885	0.429	3.784	-11.169	-22.705	61.09	1.98	-71.09	-11.400	17.927	-6.740	-0.65170	-0.37003	0.38324	0.53979	26.0	null	null	13113	60
2026-05-27T16:26:47.067	WT901BLE68(F3:F0:16:BF:DC:AE)	-0.069	0.872	0.457	0.366	-11.597	-4.883	61.38	2.74	-70.72	-11.400	17.927	-6.740	-0.65170	-0.37003	0.38324	0.53979	26.0	null	null	13113	60
2026-05-27T16:26:47.153	WT901BLE68(F3:F0:16:BF:DC:AE)	-0.056	0.874	0.486	1.709	-6.714	2.869	61.45	2.07	-69.58	-11.400	17.927	-6.740	-0.69547	-0.42841	0.27805	0.50534	26.0	null	null	13113	60
2026-05-27T16:26:47.275	WT901BLE68(F3:F0:16:BF:DC:AE)	-0.021	0.848	0.451	1.038	-0.061	-4.272	61.58	2.26	-67.90	-11.400	17.927	-6.740	-0.69547	-0.42841	0.27805	0.50534	26.0	null	null	13113	60
2026-05-27T16:26:47.362	WT901BLE68(F3:F0:16:BF:DC:AE)	0.007	0.893	0.633	2.136	-29.053	5.066	61.59	1.37	-66.77	-11.400	17.927	-6.740	-0.69547	-0.42841	0.27805	0.50534	26.0	null	null	13113	60
2026-05-27T16:26:47.484	WT901BLE68(F3:F0:16:BF:DC:AE)	0.046	0.861	0.414	-7.385	1.282	11.780	61.26	0.24	-65.48	-11.400	17.927	-6.740	-0.69547	-0.42841	0.27805	0.50534	26.0	null	null	13113	60
2026-05-27T16:26:47.576	WT901BLE68(F3:F0:16:BF:DC:AE)	0.013	0.896	0.562	1.404	4.395	15.442	60.88	-0.74	-62.34	-11.400	17.927	-6.740	-0.69547	-0.42841	0.27805	0.50534	26.0	null	null	13113	60
2026-05-27T16:26:47.693	WT901BLE68(F3:F0:16:BF:DC:AE)	-0.012	0.886	0.486	15.808	-9.949	8.484	61.78	-1.70	-60.17	-11.400	17.927	-6.740	-0.69547	-0.42841	0.27805	0.50534	26.0	null	null	13113	60
2026-05-27T16:26:47.751	WT901BLE68(F3:F0:16:BF:DC:AE)	0.107	0.899	0.428	12.573	-11.841	13.733	63.15	-3.00	-58.63	-9.920	19.047	-13.200	-0.69547	-0.42841	0.27805	0.50534	26.0	null	null	13113	60
2026-05-27T16:26:47.875	WT901BLE68(F3:F0:16:BF:DC:AE)	0.078	0.902	0.407	1.099	-4.883	18.311	63.51	-4.54	-56.41	-9.920	19.047	-13.200	-0.69547	-0.42841	0.27805	0.50534	26.0	null	null	13113	60
2026-05-27T16:26:47.962	WT901BLE68(F3:F0:16:BF:DC:AE)	0.121	0.907	0.438	-3.174	-1.465	10.193	63.40	-5.89	-54.02	-9.920	19.047	-13.200	-0.76575	-0.44778	0.27805	0.36838	26.0	null	null	13113	60
2026-05-27T16:26:48.087	WT901BLE68(F3:F0:16:BF:DC:AE)	0.157	0.899	0.466	-7.935	0.916	4.028	62.88	-6.15	-51.85	-9.920	19.047	-13.200	-0.76575	-0.44778	0.27805	0.36838	26.0	null	null	13113	60
2026-05-27T16:26:48.174	WT901BLE68(F3:F0:16:BF:DC:AE)	0.128	0.879	0.432	-5.615	0.793	-1.587	62.16	-6.17	-49.87	-9.920	19.047	-13.200	-0.76575	-0.44778	0.27805	0.36838	26.0	null	null	13113	60
2026-05-27T16:26:48.293	WT901BLE68(F3:F0:16:BF:DC:AE)	0.088	0.882	0.514	-7.019	1.587	-8.667	61.52	-5.55	-48.24	-9.920	19.047	-13.200	-0.76575	-0.44778	0.27805	0.36838	26.0	null	null	13113	60
2026-05-27T16:26:48.351	WT901BLE68(F3:F0:16:BF:DC:AE)	0.132	0.841	0.560	-8.240	0.122	-12.390	60.89	-4.66	-47.36	-9.920	19.047	-13.200	-0.76575	-0.44778	0.27805	0.36838	26.0	null	null	13113	60
2026-05-27T16:26:48.475	WT901BLE68(F3:F0:16:BF:DC:AE)	0.121	0.842	0.588	-11.597	2.075	-18.738	59.79	-3.11	-46.63	-9.920	19.047	-13.200	-0.76575	-0.44778	0.27805	0.36838	26.0	null	null	13113	60
2026-05-27T16:26:48.562	WT901BLE68(F3:F0:16:BF:DC:AE)	0.033	0.867	0.594	-6.653	0.916	-28.320	58.93	-1.04	-46.41	-9.920	19.047	-13.200	-0.76575	-0.44778	0.27805	0.36838	26.0	null	null	13113	60
2026-05-27T16:26:48.687	WT901BLE68(F3:F0:16:BF:DC:AE)	0.028	0.822	0.613	-4.456	-0.977	-24.231	58.24	1.21	-46.96	-9.920	19.047	-13.200	-0.76575	-0.44778	0.27805	0.36838	26.0	null	null	13113	60
2026-05-27T16:26:48.774	WT901BLE68(F3:F0:16:BF:DC:AE)	-0.150	0.871	0.539	-3.418	1.160	-11.108	57.88	2.32	-46.94	-11.860	21.020	-13.673	-0.76575	-0.44778	0.27805	0.36838	26.0	null	null	13113	60
2026-05-27T16:26:48.890	WT901BLE68(F3:F0:16:BF:DC:AE)	0.009	0.863	0.480	-1.282	-6.226	-3.784	57.59	2.66	-46.32	-11.860	21.020	-13.673	-0.80023	-0.45044	0.17239	0.35623	26.0	null	null	13113	60
2026-05-27T16:26:48.983	WT901BLE68(F3:F0:16:BF:DC:AE)	-0.032	0.863	0.556	-7.019	0.122	-1.709	57.26	2.96	-45.68	-11.860	21.020	-13.673	-0.80023	-0.45044	0.17239	0.35623	26.0	null	null	13113	60
2026-05-27T16:26:49.106	WT901BLE68(F3:F0:16:BF:DC:AE)	-0.041	0.848	0.574	-1.343	-13.184	2.686	57.00	2.55	-45.21	-11.860	21.020	-13.673	-0.80023	-0.45044	0.17239	0.35623	26.0	null	null	13113	60
2026-05-27T16:26:49.164	WT901BLE68(F3:F0:16:BF:DC:AE)	-0.040	0.851	0.526	0.488	-4.150	7.751	57.04	1.92	-44.21	-11.860	21.020	-13.673	-0.80023	-0.45044	0.17239	0.35623	26.0	null	null	13113	60
2026-05-27T16:26:49.285	WT901BLE68(F3:F0:16:BF:DC:AE)	-0.087	0.886	0.526	6.287	0.671	12.634	57.34	0.88	-42.70	-11.860	21.020	-13.673	-0.80023	-0.45044	0.17239	0.35623	26.0	null	null	13113	60
2026-05-27T16:26:49.373	WT901BLE68(F3:F0:16:BF:DC:AE)	0.175	0.904	0.651	22.217	-6.592	11.169	58.75	-0.43	-41.50	-11.860	21.020	-13.673	-0.80023	-0.45044	0.17239	0.35623	26.0	null	null	13113	60
2026-05-27T16:26:49.492	WT901BLE68(F3:F0:16:BF:DC:AE)	0.067	0.868	0.520	18.494	9.766	6.592	61.16	-1.25	-40.68	-11.860	21.020	-13.673	-0.80023	-0.45044	0.17239	0.35623	26.0	null	null	13113	60
2026-05-27T16:26:49.582	WT901BLE68(F3:F0:16:BF:DC:AE)	0.069	0.870	0.515	13.428	2.563	10.376	62.78	-1.86	-38.78	-9.913	22.413	-18.647	-0.80023	-0.45044	0.17239	0.35623	26.0	null	null	13113	60
2026-05-27T16:26:49.709	WT901BLE68(F3:F0:16:BF:DC:AE)	0.059	0.876	0.511	5.676	3.052	9.399	63.62	-2.71	-36.84	-9.913	22.413	-18.647	-0.80023	-0.45044	0.17239	0.35623	26.0	null	null	13113	60
2026-05-27T16:26:49.760	WT901BLE68(F3:F0:16:BF:DC:AE)	0.116	0.891	0.485	-5.554	5.554	10.803	63.45	-3.49	-35.01	-9.913	22.413	-18.647	-0.81415	-0.49396	0.18350	0.24374	26.0	null	null	13113	60
2026-05-27T16:26:49.882	WT901BLE68(F3:F0:16:BF:DC:AE)	0.096	0.894	0.483	-6.958	2.075	5.310	62.69	-4.08	-33.22	-9.913	22.413	-18.647	-0.81415	-0.49396	0.18350	0.24374	26.0	null	null	13113	60
2026-05-27T16:26:49.973	WT901BLE68(F3:F0:16:BF:DC:AE)	0.185	0.884	0.459	-13.306	5.493	-0.244	61.70	-4.03	-31.93	-9.913	22.413	-18.647	-0.81415	-0.49396	0.18350	0.24374	26.0	null	null	13113	60
2026-05-27T16:26:50.095	WT901BLE68(F3:F0:16:BF:DC:AE)	0.067	0.875	0.486	-9.338	4.944	-4.761	60.53	-3.50	-30.50	-9.913	22.413	-18.647	-0.81415	-0.49396	0.18350	0.24374	26.0	null	null	13113	60
2026-05-27T16:26:50.185	WT901BLE68(F3:F0:16:BF:DC:AE)	0.098	0.869	0.437	-8.057	-2.686	-5.920	59.83	-3.11	-30.08	-9.913	22.413	-18.647	-0.81415	-0.49396	0.18350	0.24374	26.0	null	null	13113	60
2026-05-27T16:26:50.302	WT901BLE68(F3:F0:16:BF:DC:AE)	0.014	0.880	0.545	-9.338	9.155	-19.043	59.01	-1.89	-29.62	-9.913	22.413	-18.647	-0.81415	-0.49396	0.18350	0.24374	26.0	null	null	13113	60
2026-05-27T16:26:50.393	WT901BLE68(F3:F0:16:BF:DC:AE)	0.171	0.914	0.636	5.127	4.578	-31.677	58.91	0.65	-30.04	-9.913	22.413	-18.647	-0.81415	-0.49396	0.18350	0.24374	26.0	null	null	13113	60
2026-05-27T16:26:50.511	WT901BLE68(F3:F0:16:BF:DC:AE)	-0.173	0.860	0.581	13.306	-2.686	-31.250	60.05	3.55	-30.90	-11.147	24.880	-18.367	-0.81415	-0.49396	0.18350	0.24374	26.0	null	null	13113	60
2026-05-27T16:26:50.571	WT901BLE68(F3:F0:16:BF:DC:AE)	-0.050	0.878	0.370	10.986	-3.723	-24.048	60.93	5.99	-32.40	-11.147	24.880	-18.367	-0.81415	-0.49396	0.18350	0.24374	26.0	null	null	13113	60
2026-05-27T16:26:50.696	WT901BLE68(F3:F0:16:BF:DC:AE)	-0.118	0.893	0.470	2.258	-1.709	3.479	61.54	6.68	-32.33	-11.147	24.880	-18.367	-0.81415	-0.49396	0.18350	0.24374	26.0	null	null	13113	60
2026-05-27T16:26:50.780	WT901BLE68(F3:F0:16:BF:DC:AE)	-0.094	0.873	0.513	1.709	-3.296	9.277	61.81	5.96	-31.94	-11.147	24.880	-18.367	-0.81580	-0.50473	0.09534	0.26553	26.0	null	null	13113	60
2026-05-27T16:26:50.902	WT901BLE68(F3:F0:16:BF:DC:AE)	-0.067	0.870	0.514	-3.174	2.502	3.723	61.89	5.39	-31.16	-11.147	24.880	-18.367	-0.81580	-0.50473	0.09534	0.26553	26.0	null	null	13113	60
2026-05-27T16:26:50.993	WT901BLE68(F3:F0:16:BF:DC:AE)	-0.074	0.875	0.500	-5.981	5.005	9.094	61.39	5.12	-30.11	-11.147	24.880	-18.367	-0.81580	-0.50473	0.09534	0.26553	26.0	null	null	13113	60
2026-05-27T16:26:51.114	WT901BLE68(F3:F0:16:BF:DC:AE)	-0.129	0.875	0.493	-6.348	11.658	20.813	60.86	4.18	-28.33	-11.147	24.880	-18.367	-0.81580	-0.50473	0.09534	0.26553	26.0	null	null	13113	60
2026-05-27T16:26:51.173	WT901BLE68(F3:F0:16:BF:DC:AE)	-0.095	0.868	0.472	-2.991	10.376	25.940	60.28	2.55	-26.00	-11.147	24.880	-18.367	-0.81580	-0.50473	0.09534	0.26553	26.0	null	null	13113	60
2026-05-27T16:26:51.293	WT901BLE68(F3:F0:16:BF:DC:AE)	-0.057	0.895	0.498	12.756	-1.709	23.132	60.61	0.70	-23.99	-11.147	24.880	-18.367	-0.81580	-0.50473	0.09534	0.26553	26.0	null	null	13113	60
2026-05-27T16:26:51.379	WT901BLE68(F3:F0:16:BF:DC:AE)	0.050	0.905	0.449	15.137	-10.010	26.550	62.11	-1.72	-23.34	-10.667	25.513	-21.020	-0.81580	-0.50473	0.09534	0.26553	26.0	null	null	13113	60
2026-05-27T16:26:51.504	WT901BLE68(F3:F0:16:BF:DC:AE)	0.132	0.862	0.422	3.418	-0.793	23.499	63.07	-4.10	-22.25	-10.667	25.513	-21.020	-0.81580	-0.50473	0.09534	0.26553	26.0	null	null	13113	60
2026-05-27T16:26:51.593	WT901BLE68(F3:F0:16:BF:DC:AE)	0.090	0.895	0.507	-1.953	3.357	5.127	62.87	-5.17	-20.73	-10.667	25.513	-21.020	-0.84180	-0.50595	0.13248	0.13321	26.0	null	null	13113	60
2026-05-27T16:26:51.713	WT901BLE68(F3:F0:16:BF:DC:AE)	0.065	0.899	0.415	0.244	-0.854	3.662	62.79	-5.49	-20.06	-10.667	25.513	-21.020	-0.84180	-0.50595	0.13248	0.13321	26.0	null	null	13113	60
2026-05-27T16:26:51.801	WT901BLE68(F3:F0:16:BF:DC:AE)	0.101	0.901	0.451	-8.362	8.118	-2.747	62.25	-5.47	-19.30	-10.667	25.513	-21.020	-0.84180	-0.50595	0.13248	0.13321	26.0	null	null	13113	60
2026-05-27T16:26:51.924	WT901BLE68(F3:F0:16:BF:DC:AE)	0.089	0.880	0.470	-10.864	7.080	-8.606	61.20	-4.55	-18.70	-10.667	25.513	-21.020	-0.84180	-0.50595	0.13248	0.13321	26.0	null	null	13113	60
2026-05-27T16:26:51.983	WT901BLE68(F3:F0:16:BF:DC:AE)	0.067	0.850	0.556	-14.160	16.052	-19.714	60.12	-2.74	-18.17	-10.667	25.513	-21.020	-0.84180	-0.50595	0.13248	0.13321	26.0	null	null	13113	60
2026-05-27T16:26:52.104	WT901BLE68(F3:F0:16:BF:DC:AE)	-0.006	0.868	0.528	-9.705	10.010	-23.132	59.04	-0.38	-18.11	-10.667	25.513	-21.020	-0.84180	-0.50595	0.13248	0.13321	26.0	null	null	13113	60
2026-05-27T16:26:52.193	WT901BLE68(F3:F0:16:BF:DC:AE)	-0.088	0.873	0.466	0.793	11.475	-36.865	58.73	2.58	-18.80	-10.667	25.513	-21.020	-0.84180	-0.50595	0.13248	0.13321	26.0	null	null	13113	60
2026-05-27T16:26:52.311	WT901BLE68(F3:F0:16:BF:DC:AE)	-0.121	0.853	0.500	8.240	10.254	-41.504	59.34	6.56	-20.04	-12.813	26.633	-20.207	-0.84180	-0.50595	0.13248	0.13321	26.0	null	null	13113	60
2026-05-27T16:26:52.403	WT901BLE68(F3:F0:16:BF:DC:AE)	-0.169	0.895	0.503	8.972	-0.977	-27.466	60.11	9.51	-21.79	-12.813	26.633	-20.207	-0.84180	-0.50595	0.13248	0.13321	26.0	null	null	13113	60
2026-05-27T16:26:52.551	WT901BLE68(F3:F0:16:BF:DC:AE)	-0.207	0.855	0.480	6.287	6.226	-10.132	60.78	11.12	-22.45	-12.813	26.633	-20.207	-0.83475	-0.50760	0.01874	0.21234	26.0	null	null	13113	60
2026-05-27T16:26:52.581	WT901BLE68(F3:F0:16:BF:DC:AE)	-0.213	0.845	0.502	4.150	5.798	-10.193	61.26	12.33	-22.36	-12.813	26.633	-20.207	-0.83475	-0.50760	0.01874	0.21234	26.0	null	null	13113	60
2026-05-27T16:26:52.703	WT901BLE68(F3:F0:16:BF:DC:AE)	-0.228	0.848	0.526	1.465	-13.428	-6.653	61.31	12.79	-23.46	-12.813	26.633	-20.207	-0.83475	-0.50760	0.01874	0.21234	26.0	null	null	13113	60
2026-05-27T16:26:52.791	WT901BLE68(F3:F0:16:BF:DC:AE)	-0.220	0.849	0.502	-0.244	6.470	4.456	61.15	12.78	-23.60	-12.813	26.633	-20.207	-0.83475	-0.50760	0.01874	0.21234	26.0	null	null	13113	60
2026-05-27T16:26:52.913	WT901BLE68(F3:F0:16:BF:DC:AE)	-0.202	0.853	0.487	2.380	5.493	10.498	61.35	12.41	-22.61	-12.813	26.633	-20.207	-0.83475	-0.50760	0.01874	0.21234	26.0	null	null	13113	60
2026-05-27T16:26:53.001	WT901BLE68(F3:F0:16:BF:DC:AE)	-0.184	0.844	0.490	-0.854	6.653	10.681	61.56	11.68	-21.62	-12.813	26.633	-20.207	-0.83475	-0.50760	0.01874	0.21234	26.0	null	null	13113	60
2026-05-27T16:26:53.126	WT901BLE68(F3:F0:16:BF:DC:AE)	-0.147	0.850	0.505	-3.479	7.507	18.555	61.51	10.76	-20.66	-12.813	26.633	-20.207	-0.83475	-0.50760	0.01874	0.21234	26.0	null	null	13113	60
2026-05-27T16:26:53.214	WT901BLE68(F3:F0:16:BF:DC:AE)	-0.153	0.864	0.497	5.859	9.766	25.513	61.76	9.13	-19.24	-17.193	29.807	-23.300	-0.83475	-0.50760	0.01874	0.21234	26.0	null	null	13113	60
2026-05-27T16:26:53.334	WT901BLE68(F3:F0:16:BF:DC:AE)	-0.107	0.895	0.497	7.935	8.667	32.837	62.79	7.05	-17.05	-17.193	29.807	-23.300	-0.83475	-0.50760	0.01874	0.21234	26.0	null	null	13113	60
2026-05-27T16:26:53.392	WT901BLE68(F3:F0:16:BF:DC:AE)	-0.040	0.890	0.465	4.639	-0.671	36.316	63.73	4.27	-15.33	-17.193	29.807	-23.300	-0.83807	-0.52686	0.03638	0.13644	26.0	null	null	13113	60
2026-05-27T16:26:53.516	WT901BLE68(F3:F0:16:BF:DC:AE)	0.041	0.888	0.501	-7.202	0.549	30.212	63.51	1.42	-13.72	-17.193	29.807	-23.300	-0.83807	-0.52686	0.03638	0.13644	26.0	null	null	13113	60
2026-05-27T16:26:53.604	WT901BLE68(F3:F0:16:BF:DC:AE)	0.100	0.885	0.477	-13.123	-0.122	24.475	62.32	-0.45	-12.80	-17.193	29.807	-23.300	-0.83807	-0.52686	0.03638	0.13644	26.0	null	null	13113	60
2026-05-27T16:26:53.725	WT901BLE68(F3:F0:16:BF:DC:AE)	0.041	0.870	0.466	-1.221	-11.414	10.559	61.95	-2.18	-12.52	-17.193	29.807	-23.300	-0.83807	-0.52686	0.03638	0.13644	26.0	null	null	13113	60
2026-05-27T16:26:53.811	WT901BLE68(F3:F0:16:BF:DC:AE)	0.069	0.885	0.440	-1.465	-2.502	2.502	62.05	-2.75	-13.04	-17.193	29.807	-23.300	-0.83807	-0.52686	0.03638	0.13644	26.0	null	null	13113	60
2026-05-27T16:26:53.937	WT901BLE68(F3:F0:16:BF:DC:AE)	0.053	0.901	0.478	-7.813	13.733	-5.005	61.50	-2.31	-11.90	-17.193	29.807	-23.300	-0.83807	-0.52686	0.03638	0.13644	26.0	null	null	13113	60
2026-05-27T16:26:53.992	WT901BLE68(F3:F0:16:BF:DC:AE)	0.005	0.894	0.481	-1.587	4.944	-20.813	61.11	-0.79	-12.16	-17.193	29.807	-23.300	-0.83807	-0.52686	0.03638	0.13644	26.0	null	null	13113	60
2026-05-27T16:26:54.118	WT901BLE68(F3:F0:16:BF:DC:AE)	-0.072	0.893	0.437	3.540	1.587	-32.715	61.20	1.63	-13.48	-17.193	29.807	-23.300	-0.83807	-0.52686	0.03638	0.13644	26.0	null	null	13113	60
2026-05-27T16:26:54.203	WT901BLE68(F3:F0:16:BF:DC:AE)	-0.111	0.905	0.422	16.357	-5.554	-30.945	62.20	4.36	-15.13	-10.373	28.933	-25.213	-0.83807	-0.52686	0.03638	0.13644	26.0	null	null	13113	60
2026-05-27T16:26:54.323	WT901BLE68(F3:F0:16:BF:DC:AE)	-0.112	0.898	0.427	16.602	-15.991	-28.870	63.80	6.42	-17.87	-10.373	28.933	-25.213	-0.83920	-0.52255	0.03421	0.14630	26.0	null	null	13113	60
2026-05-27T16:26:54.415	WT901BLE68(F3:F0:16:BF:DC:AE)	-0.143	0.916	0.423	9.766	-2.686	-16.724	64.90	7.89	-19.52	-10.373	28.933	-25.213	-0.83920	-0.52255	0.03421	0.14630	26.0	null	null	13113	60
2026-05-27T16:26:54.535	WT901BLE68(F3:F0:16:BF:DC:AE)	-0.186	0.906	0.405	4.089	-4.150	-8.728	65.38	8.68	-20.59	-10.373	28.933	-25.213	-0.83920	-0.52255	0.03421	0.14630	26.0	null	null	13113	60
2026-05-27T16:26:54.655	WT901BLE68(F3:F0:16:BF:DC:AE)	-0.140	0.890	0.427	1.099	-8.972	-6.592	65.48	9.00	-21.27	-10.373	28.933	-25.213	-0.83920	-0.52255	0.03421	0.14630	26.0	null	null	13113	60
2026-05-27T16:26:54.743	WT901BLE68(F3:F0:16:BF:DC:AE)	-0.150	0.900	0.407	-2.930	-1.831	4.150	65.11	8.99	-21.88	-10.373	28.933	-25.213	-0.83920	-0.52255	0.03421	0.14630	26.0	null	null	13113	60
2026-05-27T16:26:54.806	WT901BLE68(F3:F0:16:BF:DC:AE)	-0.118	0.893	0.442	0.366	-3.662	2.991	64.81	8.34	-21.43	-10.373	28.933	-25.213	-0.83920	-0.52255	0.03421	0.14630	26.0	null	null	13113	60
2026-05-27T16:26:54.927	WT901BLE68(F3:F0:16:BF:DC:AE)	-0.118	0.883	0.436	3.601	-13.794	7.141	64.78	7.76	-22.02	-10.373	28.933	-25.213	-0.83920	-0.52255	0.03421	0.14630	26.0	null	null	13113	60
2026-05-27T16:26:55.013	WT901BLE68(F3:F0:16:BF:DC:AE)	-0.069	0.914	0.406	5.615	-16.174	17.029	65.07	6.00	-22.78	-10.373	28.933	-25.213	-0.83920	-0.52255	0.03421	0.14630	26.0	null	null	13113	60
2026-05-27T16:26:55.139	WT901BLE68(F3:F0:16:BF:DC:AE)	-0.030	0.898	0.382	17.578	-21.118	15.869	65.85	3.82	-23.52	-10.373	28.933	-25.213	-0.83920	-0.52255	0.03421	0.14630	26.0	null	null	13113	60
2026-05-27T16:26:55.223	WT901BLE68(F3:F0:16:BF:DC:AE)	-0.039	0.940	0.390	22.888	-30.273	19.165	67.57	1.64	-24.51	-10.373	28.933	-25.213	-0.83920	-0.52255	0.03421	0.14630	26.0	null	null	13113	60
2026-05-27T16:26:55.344	WT901BLE68(F3:F0:16:BF:DC:AE)	-0.014	0.941	0.301	9.521	-31.006	24.292	69.16	-1.60	-26.13	-10.373	28.933	-25.213	-0.83920	-0.52255	0.03421	0.14630	26.3	null	null	13113	60
2026-05-27T16:26:55.404	WT901BLE68(F3:F0:16:BF:DC:AE)	0.015	0.956	0.282	3.418	-35.828	0.244	69.54	-3.85	-27.87	-10.373	28.933	-25.213	-0.83920	-0.52255	0.03421	0.14630	26.3	null	null	13113	60
2026-05-27T16:26:55.524	WT901BLE68(F3:F0:16:BF:DC:AE)	0.050	0.946	0.255	9.216	-22.217	-5.310	70.54	-4.27	-30.19	-14.360	31.967	-38.347	-0.83920	-0.52255	0.03421	0.14630	26.3	null	null	13113	60
2026-05-27T16:26:55.614	WT901BLE68(F3:F0:16:BF:DC:AE)	0.103	0.968	0.334	6.958	-0.916	-11.353	71.67	-3.76	-30.55	-14.360	31.967	-38.347	-0.83920	-0.52255	0.03421	0.14630	26.3	null	null	13113	60
2026-05-27T16:26:55.732	WT901BLE68(F3:F0:16:BF:DC:AE)	0.083	0.952	0.314	-4.028	-24.475	-9.094	71.95	-3.15	-31.38	-14.360	31.967	-38.347	-0.78448	-0.56006	0.17822	0.19766	26.3	null	null	13113	60
2026-05-27T16:26:55.828	WT901BLE68(F3:F0:16:BF:DC:AE)	0.028	0.956	0.329	-11.597	-28.992	-3.967	71.31	-3.67	-33.44	-14.360	31.967	-38.347	-0.78448	-0.56006	0.17822	0.19766	26.3	null	null	13113	60
2026-05-27T16:26:55.946	WT901BLE68(F3:F0:16:BF:DC:AE)	0.050	0.935	0.352	-16.663	-20.203	-12.878	70.12	-3.81	-35.32	-14.360	31.967	-38.347	-0.78448	-0.56006	0.17822	0.19766	26.3	null	null	13113	60
2026-05-27T16:26:56.034	WT901BLE68(F3:F0:16:BF:DC:AE)	0.063	0.925	0.383	-18.860	-23.438	-33.142	68.60	-2.45	-37.14	-14.360	31.967	-38.347	-0.78448	-0.56006	0.17822	0.19766	26.3	null	null	13113	60
2026-05-27T16:26:56.155	WT901BLE68(F3:F0:16:BF:DC:AE)	0.036	0.898	0.456	-15.625	-15.625	-45.654	66.84	0.33	-39.75	-14.360	31.967	-38.347	-0.78448	-0.56006	0.17822	0.19766	26.3	null	null	13113	60
2026-05-27T16:26:56.214	WT901BLE68(F3:F0:16:BF:DC:AE)	-0.107	0.907	0.440	-12.451	-18.127	-33.752	65.08	3.40	-42.54	-14.360	31.967	-38.347	-0.78448	-0.56006	0.17822	0.19766	26.3	null	null	13113	60
2026-05-27T16:26:56.335	WT901BLE68(F3:F0:16:BF:DC:AE)	-0.140	0.893	0.408	-0.488	-37.842	-32.776	64.32	4.88	-45.40	-14.360	31.967	-38.347	-0.78448	-0.56006	0.17822	0.19766	26.3	null	null	13113	60
2026-05-27T16:26:56.422	WT901BLE68(F3:F0:16:BF:DC:AE)	-0.125	0.905	0.454	-11.108	-25.208	-18.860	63.46	6.33	-49.05	-36.273	36.373	-37.000	-0.78448	-0.56006	0.17822	0.19766	26.3	null	null	13113	60
2026-05-27T16:26:56.542	WT901BLE68(F3:F0:16:BF:DC:AE)	-0.127	0.855	0.494	-17.090	-9.460	13.245	61.68	5.52	-49.49	-36.273	36.373	-37.000	-0.78448	-0.56006	0.17822	0.19766	26.3	null	null	13113	60
2026-05-27T16:26:56.631	WT901BLE68(F3:F0:16:BF:DC:AE)	-0.071	0.891	0.475	-2.563	-28.809	-2.747	60.49	4.15	-50.10	-36.273	36.373	-37.000	-0.77325	-0.47583	0.17831	0.37915	26.3	null	null	13113	60
2026-05-27T16:26:56.757	WT901BLE68(F3:F0:16:BF:DC:AE)	-0.094	0.856	0.482	2.808	-30.273	-7.935	60.42	3.38	-52.32	-36.273	36.373	-37.000	-0.77325	-0.47583	0.17831	0.37915	26.3	null	null	13113	60
2026-05-27T16:26:56.812	WT901BLE68(F3:F0:16:BF:DC:AE)	-0.038	0.897	0.557	-4.333	-21.118	3.967	60.19	2.33	-53.75	-36.273	36.373	-37.000	-0.77325	-0.47583	0.17831	0.37915	26.3	null	null	13113	60
2026-05-27T16:26:56.936	WT901BLE68(F3:F0:16:BF:DC:AE)	-0.021	0.864	0.455	2.563	-2.258	6.836	59.84	1.35	-53.76	-36.273	36.373	-37.000	-0.77325	-0.47583	0.17831	0.37915	26.3	null	null	13113	60
2026-05-27T16:26:57.024	WT901BLE68(F3:F0:16:BF:DC:AE)	-0.070	0.897	0.444	23.743	-25.208	-9.644	61.32	1.02	-53.86	-36.273	36.373	-37.000	-0.77325	-0.47583	0.17831	0.37915	26.3	null	null	13113	60
2026-05-27T16:26:57.147	WT901BLE68(F3:F0:16:BF:DC:AE)	-0.044	0.881	0.415	14.526	-27.100	-18.860	63.30	1.21	-56.21	-36.273	36.373	-37.000	-0.77325	-0.47583	0.17831	0.37915	26.3	null	null	13113	60
2026-05-27T16:26:57.236	WT901BLE68(F3:F0:16:BF:DC:AE)	-0.015	0.912	0.474	16.541	-14.160	-3.296	64.61	1.28	-57.57	-36.273	36.373	-37.000	-0.77325	-0.47583	0.17831	0.37915	26.3	null	null	13113	60
2026-05-27T16:26:57.350	WT901BLE68(F3:F0:16:BF:DC:AE)	-0.011	0.903	0.324	24.475	-25.696	-13.611	66.64	1.12	-58.62	-45.127	37.900	-37.953	-0.77325	-0.47583	0.17831	0.37915	26.3	null	null	13113	60
2026-05-27T16:26:57.439	WT901BLE68(F3:F0:16:BF:DC:AE)	-0.011	0.947	0.408	14.526	-29.419	-18.494	68.40	1.53	-60.64	-45.127	37.900	-37.953	-0.77325	-0.47583	0.17831	0.37915	26.3	null	null	13113	60
2026-05-27T16:26:57.563	WT901BLE68(F3:F0:16:BF:DC:AE)	-0.021	0.941	0.371	4.883	-32.288	-19.409	69.17	2.15	-63.24	-45.127	37.900	-37.953	-0.70386	-0.49164	0.27844	0.43039	26.3	null	null	13113	60
2026-05-27T16:26:57.623	WT901BLE68(F3:F0:16:BF:DC:AE)	-0.029	0.943	0.380	0.366	-24.231	-22.522	69.25	3.04	-65.68	-45.127	37.900	-37.953	-0.70386	-0.49164	0.27844	0.43039	26.3	null	null	13113	60
2026-05-27T16:26:57.743	WT901BLE68(F3:F0:16:BF:DC:AE)	-0.100	0.917	0.381	-11.292	-40.283	-36.987	68.31	4.61	-68.82	-45.127	37.900	-37.953	-0.70386	-0.49164	0.27844	0.43039	26.3	null	null	13113	60
2026-05-27T16:26:57.837	WT901BLE68(F3:F0:16:BF:DC:AE)	-0.146	0.893	0.470	-19.531	-35.950	-38.452	66.20	6.46	-72.80	-45.127	37.900	-37.953	-0.70386	-0.49164	0.27844	0.43039	26.3	null	null	13113	60
2026-05-27T16:26:57.957	WT901BLE68(F3:F0:16:BF:DC:AE)	-0.225	0.876	0.485	-18.188	-38.330	-39.185	63.42	8.73	-76.92	-45.127	37.900	-37.953	-0.70386	-0.49164	0.27844	0.43039	26.3	null	null	13113	60
2026-05-27T16:26:58.045	WT901BLE68(F3:F0:16:BF:DC:AE)	-0.197	0.859	0.373	-0.793	-37.170	-19.348	61.96	9.33	-80.41	-45.127	37.900	-37.953	-0.70386	-0.49164	0.27844	0.43039	26.3	null	null	13113	60
2026-05-27T16:26:58.161	WT901BLE68(F3:F0:16:BF:DC:AE)	-0.267	0.888	0.469	-6.165	-33.325	-30.090	61.15	10.40	-83.86	-45.127	37.900	-37.953	-0.70386	-0.49164	0.27844	0.43039	26.3	null	null	13113	60
2026-05-27T16:26:58.224	WT901BLE68(F3:F0:16:BF:DC:AE)	-0.189	0.848	0.522	-7.507	-18.799	-3.967	60.04	10.67	-85.69	-73.900	26.600	-22.373	-0.70386	-0.49164	0.27844	0.43039	26.3	null	null	13113	60
2026-05-27T16:26:58.345	WT901BLE68(F3:F0:16:BF:DC:AE)	-0.158	0.807	0.556	-8.057	-23.499	-4.333	58.88	10.03	-86.77	-73.900	26.600	-22.373	-0.70386	-0.49164	0.27844	0.43039	26.3	null	null	13113	60
2026-05-27T16:26:58.434	WT901BLE68(F3:F0:16:BF:DC:AE)	-0.173	0.823	0.579	0.977	-34.119	4.456	58.03	8.51	-88.55	-73.900	26.600	-22.373	-0.60010	-0.39865	0.28531	0.63202	26.3	null	null	13113	60
2026-05-27T16:26:58.556	WT901BLE68(F3:F0:16:BF:DC:AE)	-0.097	0.837	0.521	9.155	-35.461	8.728	58.06	6.32	-90.08	-73.900	26.600	-22.373	-0.60010	-0.39865	0.28531	0.63202	26.3	null	null	13113	60
2026-05-27T16:26:58.647	WT901BLE68(F3:F0:16:BF:DC:AE)	-0.072	0.875	0.504	10.254	-36.621	13.123	58.64	3.70	-92.21	-73.900	26.600	-22.373	-0.60010	-0.39865	0.28531	0.63202	26.3	null	null	13113	60
2026-05-27T16:26:58.766	WT901BLE68(F3:F0:16:BF:DC:AE)	-0.026	0.856	0.429	24.536	-29.663	10.620	60.29	1.32	-92.97	-73.900	26.600	-22.373	-0.60010	-0.39865	0.28531	0.63202	26.3	null	null	13113	60
2026-05-27T16:26:58.854	WT901BLE68(F3:F0:16:BF:DC:AE)	0.029	0.897	0.463	13.672	-34.485	-6.226	62.39	-0.18	-95.74	-73.900	26.600	-22.373	-0.60010	-0.39865	0.28531	0.63202	26.3	null	null	13113	60
2026-05-27T16:26:58.975	WT901BLE68(F3:F0:16:BF:DC:AE)	-0.047	0.925	0.475	4.456	-21.606	-0.061	63.09	-0.97	-97.40	-73.900	26.600	-22.373	-0.60010	-0.39865	0.28531	0.63202	26.3	null	null	13113	60
2026-05-27T16:26:59.034	WT901BLE68(F3:F0:16:BF:DC:AE)	0.088	0.874	0.451	7.141	-28.198	-8.179	63.73	-1.66	-99.05	-73.900	26.600	-22.373	-0.60010	-0.39865	0.28531	0.63202	26.3	null	null	13113	60
2026-05-27T16:26:59.154	WT901BLE68(F3:F0:16:BF:DC:AE)	0.077	0.882	0.455	1.282	-32.227	-19.592	64.18	-1.58	-101.15	-68.473	28.893	-5.367	-0.60010	-0.39865	0.28531	0.63202	26.3	null	null	13113	60
2026-05-27T16:26:59.246	WT901BLE68(F3:F0:16:BF:DC:AE)	0.027	0.887	0.472	-6.775	-32.227	-22.095	63.81	-1.14	-103.76	-68.473	28.893	-5.367	-0.60010	-0.39865	0.28531	0.63202	26.3	null	null	13113	60
2026-05-27T16:26:59.362	WT901BLE68(F3:F0:16:BF:DC:AE)	-0.054	0.858	0.673	-23.743	-24.475	-20.752	62.30	-0.93	-106.31	-68.473	28.893	-5.367	-0.51962	-0.31387	0.42053	0.67416	26.3	null	null	13113	60
2026-05-27T16:26:59.486	WT901BLE68(F3:F0:16:BF:DC:AE)	-0.119	0.950	0.436	-7.996	-26.611	-41.199	61.30	0.71	-110.12	-68.473	28.893	-5.367	-0.51962	-0.31387	0.42053	0.67416	26.3	null	null	13113	60
2026-05-27T16:26:59.573	WT901BLE68(F3:F0:16:BF:DC:AE)	-0.062	0.873	0.523	-5.188	-28.503	-36.804	60.95	2.77	-112.98	-68.473	28.893	-5.367	-0.51962	-0.31387	0.42053	0.67416	26.3	null	null	13113	60
2026-05-27T16:26:59.636	WT901BLE68(F3:F0:16:BF:DC:AE)	-0.085	0.872	0.548	-13.184	-30.396	-18.799	59.74	3.53	-116.10	-68.473	28.893	-5.367	-0.51962	-0.31387	0.42053	0.67416	26.3	null	null	13113	60
2026-05-27T16:26:59.758	WT901BLE68(F3:F0:16:BF:DC:AE)	-0.094	0.861	0.509	0.000	-32.532	-10.864	58.81	3.24	-118.27	-68.473	28.893	-5.367	-0.51962	-0.31387	0.42053	0.67416	26.3	null	null	13113	60
2026-05-27T16:26:59.846	WT901BLE68(F3:F0:16:BF:DC:AE)	-0.045	0.849	0.481	0.244	-25.452	-4.822	58.80	2.34	-119.83	-68.473	28.893	-5.367	-0.51962	-0.31387	0.42053	0.67416	26.3	null	null	13113	60
2026-05-27T16:26:59.965	WT901BLE68(F3:F0:16:BF:DC:AE)	-0.021	0.841	0.565	-0.427	-23.682	0.000	58.56	1.46	-120.38	-68.473	28.893	-5.367	-0.51962	-0.31387	0.42053	0.67416	26.3	null	null	13113	60
2026-05-27T16:27:00.056	WT901BLE68(F3:F0:16:BF:DC:AE)	-0.053	0.871	0.544	5.066	-27.832	1.587	58.80	-0.04	-121.11	-64.580	14.507	15.180	-0.51962	-0.31387	0.42053	0.67416	26.3	null	null	13113	60
2026-05-27T16:27:00.178	WT901BLE68(F3:F0:16:BF:DC:AE)	-0.008	0.888	0.521	4.944	-24.902	6.531	59.33	-1.57	-121.76	-64.580	14.507	15.180	-0.51962	-0.31387	0.42053	0.67416	26.3	null	null	13113	60
2026-05-27T16:27:00.233	WT901BLE68(F3:F0:16:BF:DC:AE)	0.008	0.883	0.479	13.184	-14.160	7.874	60.22	-3.15	-121.35	-64.580	14.507	15.180	-0.43225	-0.22635	0.44296	0.75208	26.3	null	null	13113	60
2026-05-27T16:27:00.385	WT901BLE68(F3:F0:16:BF:DC:AE)	0.096	0.891	0.495	24.292	-17.944	-2.075	62.36	-3.82	-121.45	-64.580	14.507	15.180	-0.43225	-0.22635	0.44296	0.75208	26.3	null	null	13113	60
2026-05-27T16:27:00.443	WT901BLE68(F3:F0:16:BF:DC:AE)	0.118	0.872	0.483	12.268	-17.700	10.559	64.18	-5.05	-121.83	-64.580	14.507	15.180	-0.43225	-0.22635	0.44296	0.75208	26.3	null	null	13113	60
2026-05-27T16:27:00.566	WT901BLE68(F3:F0:16:BF:DC:AE)	0.159	0.888	0.458	7.813	-18.921	18.250	65.12	-7.22	-121.28	-64.580	14.507	15.180	-0.43225	-0.22635	0.44296	0.75208	26.3	null	null	13113	60
2026-05-27T16:27:00.654	WT901BLE68(F3:F0:16:BF:DC:AE)	0.134	0.905	0.397	-2.625	-8.667	8.972	65.39	-9.15	-120.43	-64.580	14.507	15.180	-0.43225	-0.22635	0.44296	0.75208	26.3	null	null	13113	60
2026-05-27T16:27:00.775	WT901BLE68(F3:F0:16:BF:DC:AE)	0.136	0.905	0.372	-0.244	-3.357	3.662	65.09	-9.99	-119.31	-64.580	14.507	15.180	-0.43225	-0.22635	0.44296	0.75208	26.3	null	null	13113	60
2026-05-27T16:27:00.865	WT901BLE68(F3:F0:16:BF:DC:AE)	0.184	0.889	0.369	2.991	-20.569	0.244	65.29	-10.49	-118.70	-64.580	14.507	15.180	-0.43225	-0.22635	0.44296	0.75208	26.3	null	null	13113	60
2026-05-27T16:27:00.984	WT901BLE68(F3:F0:16:BF:DC:AE)	0.169	0.939	0.398	-0.427	-15.015	-4.456	65.82	-11.18	-118.96	-49.707	21.240	16.080	-0.43225	-0.22635	0.44296	0.75208	26.3	null	null	13113	60
2026-05-27T16:27:01.045	WT901BLE68(F3:F0:16:BF:DC:AE)	0.207	0.912	0.346	-6.470	-1.526	-10.071	65.80	-11.02	-118.76	-49.707	21.240	16.080	-0.43225	-0.22635	0.44296	0.75208	26.3	null	null	13113	60
2026-05-27T16:27:01.163	WT901BLE68(F3:F0:16:BF:DC:AE)	0.196	0.880	0.378	-11.353	3.784	-24.109	65.09	-9.53	-117.97	-49.707	21.240	16.080	-0.47153	-0.20953	0.50275	0.69345	26.3	null	null	13113	60
2026-05-27T16:27:01.257	WT901BLE68(F3:F0:16:BF:DC:AE)	0.092	0.923	0.433	-8.911	3.174	-29.602	64.14	-6.98	-117.71	-49.707	21.240	16.080	-0.47153	-0.20953	0.50275	0.69345	26.3	null	null	13113	60
2026-05-27T16:27:01.375	WT901BLE68(F3:F0:16:BF:DC:AE)	0.007	0.896	0.405	-7.813	3.540	-25.024	63.56	-4.53	-117.63	-49.707	21.240	16.080	-0.47153	-0.20953	0.50275	0.69345	26.3	null	null	13113	60
2026-05-27T16:27:01.462	WT901BLE68(F3:F0:16:BF:DC:AE)	-0.021	0.881	0.532	-14.587	12.268	-25.330	62.69	-1.98	-117.06	-49.707	21.240	16.080	-0.47153	-0.20953	0.50275	0.69345	26.3	null	null	13113	60
2026-05-27T16:27:01.585	WT901BLE68(F3:F0:16:BF:DC:AE)	-0.015	0.909	0.596	-3.052	3.418	-2.258	61.59	0.09	-115.85	-49.707	21.240	16.080	-0.47153	-0.20953	0.50275	0.69345	26.3	null	null	13113	60
2026-05-27T16:27:01.672	WT901BLE68(F3:F0:16:BF:DC:AE)	0.096	0.890	0.431	-7.385	3.357	0.793	61.22	0.01	-114.49	-49.707	21.240	16.080	-0.47153	-0.20953	0.50275	0.69345	26.3	null	null	13113	60
2026-05-27T16:27:01.794	WT901BLE68(F3:F0:16:BF:DC:AE)	-0.063	0.875	0.479	-4.822	1.099	-9.705	60.79	0.64	-113.54	-49.707	21.240	16.080	-0.47153	-0.20953	0.50275	0.69345	26.3	null	null	13113	60
2026-05-27T16:27:01.855	WT901BLE68(F3:F0:16:BF:DC:AE)	-0.037	0.884	0.537	-3.662	7.629	2.319	60.44	1.19	-112.39	-57.360	11.767	15.233	-0.47153	-0.20953	0.50275	0.69345	26.3	null	null	13113	60
2026-05-27T16:27:01.976	WT901BLE68(F3:F0:16:BF:DC:AE)	-0.064	0.852	0.552	0.183	8.545	7.813	60.19	1.07	-110.43	-57.360	11.767	15.233	-0.47153	-0.20953	0.50275	0.69345	26.3	null	null	13113	60
2026-05-27T16:27:02.064	WT901BLE68(F3:F0:16:BF:DC:AE)	0.095	0.855	0.521	1.892	6.226	15.259	60.18	0.33	-108.63	-57.360	11.767	15.233	-0.49411	-0.29346	0.40640	0.71027	26.3	null	null	13113	60
2026-05-27T16:27:02.187	WT901BLE68(F3:F0:16:BF:DC:AE)	0.008	0.871	0.489	16.541	5.188	11.597	61.05	-0.49	-106.60	-57.360	11.767	15.233	-0.49411	-0.29346	0.40640	0.71027	26.3	null	null	13113	60
2026-05-27T16:27:02.272	WT901BLE68(F3:F0:16:BF:DC:AE)	0.032	0.899	0.470	18.188	-6.287	10.010	62.75	-1.38	-105.74	-57.360	11.767	15.233	-0.49411	-0.29346	0.40640	0.71027	26.3	null	null	13113	60
2026-05-27T16:27:02.393	WT901BLE68(F3:F0:16:BF:DC:AE)	0.038	0.906	0.427	1.709	-4.211	13.794	63.77	-2.87	-105.03	-57.360	11.767	15.233	-0.49411	-0.29346	0.40640	0.71027	26.3	null	null	13113	60
2026-05-27T16:27:02.451	WT901BLE68(F3:F0:16:BF:DC:AE)	0.064	0.897	0.404	1.709	-0.305	10.681	63.60	-4.06	-103.94	-57.360	11.767	15.233	-0.49411	-0.29346	0.40640	0.71027	26.3	null	null	13113	60
2026-05-27T16:27:02.573	WT901BLE68(F3:F0:16:BF:DC:AE)	0.076	0.890	0.403	7.751	-14.038	0.183	64.14	-4.82	-103.91	-57.360	11.767	15.233	-0.49411	-0.29346	0.40640	0.71027	26.3	null	null	13113	60
2026-05-27T16:27:02.662	WT901BLE68(F3:F0:16:BF:DC:AE)	0.046	0.915	0.439	1.526	-13.733	-5.981	64.42	-5.06	-104.45	-57.360	11.767	15.233	-0.49411	-0.29346	0.40640	0.71027	26.3	null	null	13113	60
2026-05-27T16:27:02.781	WT901BLE68(F3:F0:16:BF:DC:AE)	0.075	0.923	0.387	-0.732	-20.935	-15.259	64.64	-4.81	-105.97	-53.720	17.047	10.593	-0.49411	-0.29346	0.40640	0.71027	26.3	null	null	13113	60
2026-05-27T16:27:02.873	WT901BLE68(F3:F0:16:BF:DC:AE)	0.048	0.917	0.421	-13.123	-2.747	-10.193	64.02	-4.19	-106.55	-53.720	17.047	10.593	-0.49411	-0.29346	0.40640	0.71027	26.3	null	null	13113	60
2026-05-27T16:27:02.993	WT901BLE68(F3:F0:16:BF:DC:AE)	0.093	0.889	0.441	-5.859	-5.371	-14.404	63.00	-3.15	-106.32	-53.720	17.047	10.593	-0.52243	-0.29239	0.44003	0.66922	26.3	null	null	13113	60
2026-05-27T16:27:03.084	WT901BLE68(F3:F0:16:BF:DC:AE)	-0.002	0.882	0.449	3.601	-8.301	-24.414	62.99	-1.77	-107.15	-53.720	17.047	10.593	-0.52243	-0.29239	0.44003	0.66922	26.3	null	null	13113	60
2026-05-27T16:27:03.206	WT901BLE68(F3:F0:16:BF:DC:AE)	-0.002	0.916	0.411	4.150	-11.047	-18.250	63.45	-0.34	-108.40	-53.720	17.047	10.593	-0.52243	-0.29239	0.44003	0.66922	26.3	null	null	13113	60
2026-05-27T16:27:03.263	WT901BLE68(F3:F0:16:BF:DC:AE)	-0.000	0.906	0.449	-3.296	-8.179	-14.343	63.62	0.57	-109.24	-53.720	17.047	10.593	-0.52243	-0.29239	0.44003	0.66922	26.3	null	null	13113	60
2026-05-27T16:27:03.386	WT901BLE68(F3:F0:16:BF:DC:AE)	-0.002	0.901	0.465	-2.319	-5.615	-1.892	63.38	1.11	-109.35	-53.720	17.047	10.593	-0.52243	-0.29239	0.44003	0.66922	26.3	null	null	13113	60
2026-05-27T16:27:03.477	WT901BLE68(F3:F0:16:BF:DC:AE)	-0.035	0.896	0.459	-1.587	-7.874	-1.709	63.35	0.99	-109.05	-53.720	17.047	10.593	-0.52243	-0.29239	0.44003	0.66922	26.3	null	null	13113	60
2026-05-27T16:27:03.597	WT901BLE68(F3:F0:16:BF:DC:AE)	0.001	0.887	0.454	-6.470	-1.770	-0.061	63.01	0.76	-108.89	-53.720	17.047	10.593	-0.52243	-0.29239	0.44003	0.66922	26.3	null	null	13113	60
2026-05-27T16:27:03.687	WT901BLE68(F3:F0:16:BF:DC:AE)	0.019	0.880	0.465	-3.418	0.488	2.380	62.52	0.73	-107.92	-55.407	11.847	11.360	-0.52243	-0.29239	0.44003	0.66922	26.3	null	null	13113	60
2026-05-27T16:27:03.805	WT901BLE68(F3:F0:16:BF:DC:AE)	-0.025	0.881	0.505	0.122	-3.418	7.690	62.51	0.07	-107.35	-55.407	11.847	11.360	-0.52243	-0.29239	0.44003	0.66922	26.3	null	null	13113	60
2026-05-27T16:27:03.860	WT901BLE68(F3:F0:16:BF:DC:AE)	0.044	0.893	0.478	-0.793	0.854	12.329	62.24	-0.80	-106.19	-55.407	11.847	11.360	-0.51184	-0.30652	0.41681	0.68573	26.3	null	null	13113	60
2026-05-27T16:27:03.985	WT901BLE68(F3:F0:16:BF:DC:AE)	0.052	0.889	0.464	8.484	-7.202	6.287	62.69	-1.72	-105.39	-55.407	11.847	11.360	-0.51184	-0.30652	0.41681	0.68573	26.3	null	null	13113	60
2026-05-27T16:27:04.073	WT901BLE68(F3:F0:16:BF:DC:AE)	0.098	0.914	0.409	10.498	-3.784	10.010	63.61	-2.50	-104.90	-55.407	11.847	11.360	-0.51184	-0.30652	0.41681	0.68573	26.3	null	null	13113	60
2026-05-27T16:27:04.193	WT901BLE68(F3:F0:16:BF:DC:AE)	0.031	0.930	0.403	14.954	-8.423	12.573	65.00	-3.66	-103.95	-55.407	11.847	11.360	-0.51184	-0.30652	0.41681	0.68573	26.3	null	null	13113	60
2026-05-27T16:27:04.281	WT901BLE68(F3:F0:16:BF:DC:AE)	0.094	0.910	0.369	8.179	-6.653	11.841	66.25	-5.01	-103.45	-55.407	11.847	11.360	-0.51184	-0.30652	0.41681	0.68573	26.3	null	null	13113	60
2026-05-27T16:27:04.408	WT901BLE68(F3:F0:16:BF:DC:AE)	0.086	0.928	0.395	0.916	-4.333	7.690	66.64	-6.12	-102.94	-55.407	11.847	11.360	-0.51184	-0.30652	0.41681	0.68573	26.3	null	null	13113	60
2026-05-27T16:27:04.494	WT901BLE68(F3:F0:16:BF:DC:AE)	0.092	0.911	0.358	1.099	-4.822	-0.854	66.54	-6.49	-102.28	-55.407	11.847	11.360	-0.51184	-0.30652	0.41681	0.68573	26.3	null	null	13113	60
2026-05-27T16:27:04.613	WT901BLE68(F3:F0:16:BF:DC:AE)	0.123	0.916	0.385	-0.793	0.000	-7.629	66.64	-6.27	-102.11	-50.533	17.480	8.640	-0.51184	-0.30652	0.41681	0.68573	26.3	null	null	13113	60
2026-05-27T16:27:04.672	WT901BLE68(F3:F0:16:BF:DC:AE)	0.107	0.892	0.432	-10.071	7.751	-11.414	66.01	-5.39	-101.33	-50.533	17.480	8.640	-0.51184	-0.30652	0.41681	0.68573	26.3	null	null	13113	60
2026-05-27T16:27:04.792	WT901BLE68(F3:F0:16:BF:DC:AE)	0.105	0.892	0.433	-12.878	4.639	-7.690	64.73	-4.33	-100.60	-50.533	17.480	8.640	-0.55231	-0.31616	0.43945	0.63385	26.3	null	null	13113	60
2026-05-27T16:27:04.885	WT901BLE68(F3:F0:16:BF:DC:AE)	0.088	0.900	0.472	-17.578	11.841	-14.099	63.20	-3.16	-99.82	-50.533	17.480	8.640	-0.55231	-0.31616	0.43945	0.63385	26.3	null	null	13113	60
2026-05-27T16:27:05.002	WT901BLE68(F3:F0:16:BF:DC:AE)	0.029	0.890	0.468	-7.019	7.629	-21.240	62.05	-1.20	-99.31	-50.533	17.480	8.640	-0.55231	-0.31616	0.43945	0.63385	26.3	null	null	13113	60
2026-05-27T16:27:05.094	WT901BLE68(F3:F0:16:BF:DC:AE)	-0.046	0.899	0.427	1.221	-1.099	-20.142	61.94	0.60	-99.80	-50.533	17.480	8.640	-0.55231	-0.31616	0.43945	0.63385	26.3	null	null	13113	60
2026-05-27T16:27:05.217	WT901BLE68(F3:F0:16:BF:DC:AE)	-0.030	0.887	0.486	-2.136	-2.991	-11.047	61.89	1.91	-100.24	-50.533	17.480	8.640	-0.55231	-0.31616	0.43945	0.63385	26.3	null	null	13113	60
2026-05-27T16:27:05.270	WT901BLE68(F3:F0:16:BF:DC:AE)	-0.057	0.899	0.479	-1.099	1.953	-2.747	61.89	2.33	-100.10	-50.533	17.480	8.640	-0.55231	-0.31616	0.43945	0.63385	26.3	null	null	13113	60
2026-05-27T16:27:05.397	WT901BLE68(F3:F0:16:BF:DC:AE)	-0.033	0.873	0.470	-2.869	2.502	-2.869	61.68	2.66	-99.39	-50.533	17.480	8.640	-0.55231	-0.31616	0.43945	0.63385	26.3	null	null	13113	60
2026-05-27T16:27:05.485	WT901BLE68(F3:F0:16:BF:DC:AE)	-0.004	0.857	0.514	-5.859	1.221	4.395	61.21	2.70	-98.68	-56.780	10.920	7.393	-0.55231	-0.31616	0.43945	0.63385	26.3	null	null	13113	60
2026-05-27T16:27:05.608	WT901BLE68(F3:F0:16:BF:DC:AE)	-0.037	0.876	0.550	-8.850	2.686	10.620	60.40	2.10	-97.47	-56.780	10.920	7.393	-0.55231	-0.31616	0.43945	0.63385	26.3	null	null	13113	60
2026-05-27T16:27:05.695	WT901BLE68(F3:F0:16:BF:DC:AE)	-0.063	0.892	0.575	-6.287	4.028	24.109	59.72	0.63	-95.68	-56.780	10.920	7.393	-0.56934	-0.34174	0.36572	0.65207	26.3	null	null	13113	60
2026-05-27T16:27:05.817	WT901BLE68(F3:F0:16:BF:DC:AE)	0.054	0.889	0.408	1.465	3.235	17.212	59.40	-0.77	-93.87	-56.780	10.920	7.393	-0.56934	-0.34174	0.36572	0.65207	26.3	null	null	13113	60
2026-05-27T16:27:05.905	WT901BLE68(F3:F0:16:BF:DC:AE)	0.012	0.887	0.489	8.362	5.554	14.221	59.80	-1.66	-92.33	-56.780	10.920	7.393	-0.56934	-0.34174	0.36572	0.65207	26.3	null	null	13113	60
2026-05-27T16:27:06.023	WT901BLE68(F3:F0:16:BF:DC:AE)	0.056	0.890	0.464	18.311	-3.418	16.663	61.28	-2.94	-91.26	-56.780	10.920	7.393	-0.56934	-0.34174	0.36572	0.65207	26.3	null	null	13113	60
2026-05-27T16:27:06.084	WT901BLE68(F3:F0:16:BF:DC:AE)	0.060	0.918	0.417	14.648	-2.747	11.230	63.04	-4.25	-90.79	-56.780	10.920	7.393	-0.56934	-0.34174	0.36572	0.65207	26.3	null	null	13113	60
2026-05-27T16:27:06.205	WT901BLE68(F3:F0:16:BF:DC:AE)	0.112	0.902	0.452	7.690	0.427	6.836	64.24	-4.98	-90.26	-56.780	10.920	7.393	-0.56934	-0.34174	0.36572	0.65207	26.3	null	null	13113	60
2026-05-27T16:27:06.293	WT901BLE68(F3:F0:16:BF:DC:AE)	0.055	0.907	0.428	4.944	1.282	4.517	64.95	-5.67	-89.73	-56.780	10.920	7.393	-0.56934	-0.34174	0.36572	0.65207	26.3	null	null	13113	60
2026-05-27T16:27:06.412	WT901BLE68(F3:F0:16:BF:DC:AE)	0.123	0.898	0.404	3.540	0.122	3.052	65.25	-6.03	-89.07	-53.047	19.187	2.600	-0.56934	-0.34174	0.36572	0.65207	26.3	null	null	13113	60
2026-05-27T16:27:06.503	WT901BLE68(F3:F0:16:BF:DC:AE)	0.171	0.901	0.445	-3.357	-3.845	-4.028	65.30	-6.02	-88.82	-53.047	19.187	2.600	-0.56934	-0.34174	0.36572	0.65207	26.3	null	null	13113	60
2026-05-27T16:27:06.623	WT901BLE68(F3:F0:16:BF:DC:AE)	0.115	0.902	0.439	-6.104	1.038	-5.127	64.90	-5.81	-88.80	-53.047	19.187	2.600	-0.62039	-0.35321	0.40817	0.56891	26.3	null	null	13113	60
2026-05-27T16:27:06.684	WT901BLE68(F3:F0:16:BF:DC:AE)	-0.014	0.958	0.282	-2.747	-0.732	-8.118	63.98	-5.41	-88.54	-53.047	19.187	2.600	-0.62039	-0.35321	0.40817	0.56891	26.3	null	null	13113	60
2026-05-27T16:27:06.805	WT901BLE68(F3:F0:16:BF:DC:AE)	0.081	0.897	0.438	-3.723	1.099	-11.169	63.73	-4.82	-88.48	-53.047	19.187	2.600	-0.62039	-0.35321	0.40817	0.56891	26.3	null	null	13113	60
2026-05-27T16:27:06.892	WT901BLE68(F3:F0:16:BF:DC:AE)	0.050	0.911	0.408	-1.221	3.418	-23.315	63.36	-3.14	-88.65	-53.047	19.187	2.600	-0.62039	-0.35321	0.40817	0.56891	26.3	null	null	13113	60
2026-05-27T16:27:07.044	WT901BLE68(F3:F0:16:BF:DC:AE)	0.027	0.909	0.434	4.150	-0.122	-21.484	63.69	-1.04	-89.01	-53.047	19.187	2.600	-0.62039	-0.35321	0.40817	0.56891	26.3	null	null	13113	60
2026-05-27T16:27:07.105	WT901BLE68(F3:F0:16:BF:DC:AE)	-0.017	0.908	0.470	0.427	-5.554	-25.330	64.20	0.82	-90.11	-53.047	19.187	2.600	-0.62039	-0.35321	0.40817	0.56891	26.3	null	null	13113	60
2026-05-27T16:27:07.225	WT901BLE68(F3:F0:16:BF:DC:AE)	-0.068	0.902	0.420	-3.296	0.671	-11.902	63.83	2.62	-90.74	-53.047	19.187	2.600	-0.62039	-0.35321	0.40817	0.56891	26.3	null	null	13113	60
2026-05-27T16:27:07.284	WT901BLE68(F3:F0:16:BF:DC:AE)	-0.093	0.905	0.410	-0.183	-0.427	-0.977	63.67	3.20	-90.57	-57.700	14.673	1.853	-0.62039	-0.35321	0.40817	0.56891	26.3	null	null	13113	60
2026-05-27T16:27:07.437	WT901BLE68(F3:F0:16:BF:DC:AE)	-0.087	0.876	0.442	-3.967	0.854	0.977	63.64	3.18	-90.10	-57.700	14.673	1.853	-0.62039	-0.35321	0.40817	0.56891	26.3	null	null	13113	60
2026-05-27T16:27:07.492	WT901BLE68(F3:F0:16:BF:DC:AE)	-0.064	0.886	0.533	-5.371	0.732	1.465	63.14	3.12	-89.66	-57.700	14.673	1.853	-0.59216	-0.38788	0.35413	0.61102	26.3	null	null	13113	60
2026-05-27T16:27:07.615	WT901BLE68(F3:F0:16:BF:DC:AE)	-0.064	0.880	0.519	-4.822	0.122	12.512	62.58	2.54	-89.14	-57.700	14.673	1.853	-0.59216	-0.38788	0.35413	0.61102	26.3	null	null	13113	60
2026-05-27T16:27:07.706	WT901BLE68(F3:F0:16:BF:DC:AE)	-0.022	0.872	0.470	-5.249	0.732	19.592	62.00	1.09	-88.10	-57.700	14.673	1.853	-0.59216	-0.38788	0.35413	0.61102	26.3	null	null	13113	60
2026-05-27T16:27:07.822	WT901BLE68(F3:F0:16:BF:DC:AE)	0.052	0.875	0.521	-6.348	-0.854	21.790	61.36	-0.55	-86.87	-57.700	14.673	1.853	-0.59216	-0.38788	0.35413	0.61102	26.3	null	null	13113	60
2026-05-27T16:27:07.913	WT901BLE68(F3:F0:16:BF:DC:AE)	0.055	0.861	0.478	2.319	3.052	27.222	61.29	-2.63	-85.50	-57.700	14.673	1.853	-0.59216	-0.38788	0.35413	0.61102	26.3	null	null	13113	60
2026-05-27T16:27:08.032	WT901BLE68(F3:F0:16:BF:DC:AE)	0.011	0.901	0.472	9.094	1.587	12.207	61.84	-4.20	-84.01	-57.700	14.673	1.853	-0.59216	-0.38788	0.35413	0.61102	26.3	null	null	13113	60
2026-05-27T16:27:08.095	WT901BLE68(F3:F0:16:BF:DC:AE)	0.086	0.905	0.377	15.137	-4.822	21.667	63.08	-5.75	-83.52	-57.700	14.673	1.853	-0.59216	-0.38788	0.35413	0.61102	26.3	null	null	13113	60
2026-05-27T16:27:08.212	WT901BLE68(F3:F0:16:BF:DC:AE)	0.119	0.911	0.399	6.958	-4.333	17.334	64.15	-7.72	-82.96	-52.047	20.187	0.573	-0.59216	-0.38788	0.35413	0.61102	26.3	null	null	13113	60
2026-05-27T16:27:08.305	WT901BLE68(F3:F0:16:BF:DC:AE)	0.164	0.914	0.438	-0.122	5.493	0.977	64.32	-8.26	-82.23	-52.047	20.187	0.573	-0.59216	-0.38788	0.35413	0.61102	26.3	null	null	13113	60
2026-05-27T16:27:08.424	WT901BLE68(F3:F0:16:BF:DC:AE)	0.176	0.886	0.415	5.859	-7.019	2.991	64.65	-8.48	-82.07	-52.047	20.187	0.573	-0.66183	-0.36047	0.39453	0.52560	26.3	null	null	13113	60
2026-05-27T16:27:08.515	WT901BLE68(F3:F0:16:BF:DC:AE)	0.178	0.894	0.442	0.183	-8.362	-2.686	65.15	-8.87	-82.58	-52.047	20.187	0.573	-0.66183	-0.36047	0.39453	0.52560	26.3	null	null	13113	60
2026-05-27T16:27:08.635	WT901BLE68(F3:F0:16:BF:DC:AE)	0.160	0.901	0.442	-8.850	-0.061	2.991	64.57	-9.03	-82.72	-52.047	20.187	0.573	-0.66183	-0.36047	0.39453	0.52560	26.3	null	null	13113	60
2026-05-27T16:27:08.727	WT901BLE68(F3:F0:16:BF:DC:AE)	0.144	0.893	0.438	-12.146	4.883	-2.319	63.44	-9.13	-82.16	-52.047	20.187	0.573	-0.66183	-0.36047	0.39453	0.52560	26.3	null	null	13113	60
2026-05-27T16:27:08.846	WT901BLE68(F3:F0:16:BF:DC:AE)	0.171	0.884	0.443	-8.545	0.122	-12.817	62.46	-8.31	-82.17	-52.047	20.187	0.573	-0.66183	-0.36047	0.39453	0.52560	26.3	null	null	13113	60
2026-05-27T16:27:08.903	WT901BLE68(F3:F0:16:BF:DC:AE)	0.142	0.851	0.490	-7.751	3.540	-16.724	61.80	-6.90	-82.56	-52.047	20.187	0.573	-0.66183	-0.36047	0.39453	0.52560	26.3	null	null	13113	60
2026-05-27T16:27:09.026	WT901BLE68(F3:F0:16:BF:DC:AE)	0.084	0.869	0.537	-7.507	5.920	-23.132	61.10	-5.02	-83.03	-52.047	20.187	0.573	-0.66183	-0.36047	0.39453	0.52560	26.3	null	null	13113	60
2026-05-27T16:27:09.144	WT901BLE68(F3:F0:16:BF:DC:AE)	0.040	0.870	0.506	-1.099	1.404	-16.907	60.71	-3.17	-83.66	-52.360	18.653	1.440	-0.66183	-0.36047	0.39453	0.52560	26.3	null	null	13113	60
2026-05-27T16:27:09.235	WT901BLE68(F3:F0:16:BF:DC:AE)	-0.004	0.886	0.488	-6.470	2.869	-14.832	60.45	-1.97	-84.16	-52.360	18.653	1.440	-0.66183	-0.36047	0.39453	0.52560	26.3	null	null	13113	60
2026-05-27T16:27:09.325	WT901BLE68(F3:F0:16:BF:DC:AE)	-0.004	0.891	0.429	-6.897	-3.235	-6.104	59.64	-1.04	-84.53	-52.360	18.653	1.440	-0.64526	-0.36423	0.34427	0.57648	26.3	null	null	13113	60
2026-05-27T16:27:09.446	WT901BLE68(F3:F0:16:BF:DC:AE)	0.021	0.865	0.482	-7.263	-2.502	2.258	58.99	-1.05	-84.51	-52.360	18.653	1.440	-0.64526	-0.36423	0.34427	0.57648	26.3	null	null	13113	60
2026-05-27T16:27:09.506	WT901BLE68(F3:F0:16:BF:DC:AE)	0.030	0.844	0.520	-3.662	0.427	3.784	58.51	-1.18	-84.01	-52.360	18.653	1.440	-0.64526	-0.36423	0.34427	0.57648	26.3	null	null	13113	60
2026-05-27T16:27:09.625	WT901BLE68(F3:F0:16:BF:DC:AE)	0.042	0.837	0.604	-9.521	7.996	3.906	58.06	-1.49	-83.68	-52.360	18.653	1.440	-0.64526	-0.36423	0.34427	0.57648	26.3	null	null	13113	60
2026-05-27T16:27:09.715	WT901BLE68(F3:F0:16:BF:DC:AE)	-0.035	0.856	0.603	-6.104	5.981	10.071	57.31	-1.74	-82.62	-52.360	18.653	1.440	-0.64526	-0.36423	0.34427	0.57648	26.3	null	null	13113	60
2026-05-27T16:27:09.836	WT901BLE68(F3:F0:16:BF:DC:AE)	0.044	0.850	0.563	0.488	-4.089	15.808	56.73	-2.50	-81.60	-52.360	18.653	1.440	-0.64526	-0.36423	0.34427	0.57648	26.3	null	null	13113	60
2026-05-27T16:27:09.924	WT901BLE68(F3:F0:16:BF:DC:AE)	0.056	0.855	0.542	1.892	2.014	13.428	56.74	-3.64	-80.83	-52.360	18.653	1.440	-0.64526	-0.36423	0.34427	0.57648	26.3	null	null	13113	60
2026-05-27T16:27:10.045	WT901BLE68(F3:F0:16:BF:DC:AE)	0.095	0.834	0.589	8.118	2.502	9.888	57.18	-4.36	-79.88	-53.500	17.240	0.993	-0.64526	-0.36423	0.34427	0.57648	26.3	null	null	13113	60
2026-05-27T16:27:10.136	WT901BLE68(F3:F0:16:BF:DC:AE)	0.134	0.822	0.573	10.742	3.174	8.301	58.12	-4.89	-79.42	-53.500	17.240	0.993	-0.64526	-0.36423	0.34427	0.57648	26.3	null	null	13113	60
2026-05-27T16:27:10.256	WT901BLE68(F3:F0:16:BF:DC:AE)	0.112	0.872	0.540	7.446	-1.343	11.536	58.99	-5.60	-78.99	-53.500	17.240	0.993	-0.68536	-0.35117	0.34125	0.53888	26.3	null	null	13113	60
2026-05-27T16:27:10.313	WT901BLE68(F3:F0:16:BF:DC:AE)	0.117	0.884	0.504	2.258	1.343	15.137	59.63	-7.03	-78.55	-53.500	17.240	0.993	-0.68536	-0.35117	0.34125	0.53888	26.3	null	null	13113	60
2026-05-27T16:27:10.434	WT901BLE68(F3:F0:16:BF:DC:AE)	0.113	0.873	0.451	-2.014	5.249	3.357	59.52	-7.55	-77.84	-53.500	17.240	0.993	-0.68536	-0.35117	0.34125	0.53888	26.3	null	null	13113	60
2026-05-27T16:27:10.525	WT901BLE68(F3:F0:16:BF:DC:AE)	0.124	0.861	0.483	1.465	-0.427	-5.676	59.61	-7.28	-77.93	-53.500	17.240	0.993	-0.68536	-0.35117	0.34125	0.53888	26.3	null	null	13113	60
2026-05-27T16:27:10.647	WT901BLE68(F3:F0:16:BF:DC:AE)	0.147	0.850	0.525	-1.770	-1.465	-11.414	59.76	-6.52	-78.65	-53.500	17.240	0.993	-0.68536	-0.35117	0.34125	0.53888	26.3	null	null	13113	60
2026-05-27T16:27:10.736	WT901BLE68(F3:F0:16:BF:DC:AE)	0.168	0.835	0.541	-4.761	-3.784	-7.507	59.49	-5.84	-79.29	-53.500	17.240	0.993	-0.68536	-0.35117	0.34125	0.53888	26.3	null	null	13113	60
2026-05-27T16:27:10.860	WT901BLE68(F3:F0:16:BF:DC:AE)	0.023	0.865	0.513	-7.996	1.343	-10.742	58.82	-5.33	-79.66	-53.500	17.240	0.993	-0.68536	-0.35117	0.34125	0.53888	26.3	null	null	13113	60
2026-05-27T16:27:10.914	WT901BLE68(F3:F0:16:BF:DC:AE)	0.074	0.875	0.521	-4.333	-0.366	-20.569	58.08	-3.86	-80.41	-52.513	19.573	-0.180	-0.68536	-0.35117	0.34125	0.53888	26.3	null	null	13113	60
2026-05-27T16:27:11.038	WT901BLE68(F3:F0:16:BF:DC:AE)	-0.005	0.860	0.537	3.723	-5.127	-21.179	58.33	-2.33	-81.73	-52.513	19.573	-0.180	-0.68536	-0.35117	0.34125	0.53888	26.3	null	null	13113	60
2026-05-27T16:27:11.121	WT901BLE68(F3:F0:16:BF:DC:AE)	0.012	0.859	0.504	0.610	-4.395	-16.968	58.67	-1.23	-83.14	-52.513	19.573	-0.180	-0.66241	-0.35825	0.33212	0.56781	26.3	null	null	13113	60
2026-05-27T16:27:11.249	WT901BLE68(F3:F0:16:BF:DC:AE)	-0.043	0.881	0.539	-2.319	-5.798	-7.568	58.47	-0.53	-84.04	-52.513	19.573	-0.180	-0.66241	-0.35825	0.33212	0.56781	26.3	null	null	13113	60
2026-05-27T16:27:11.334	WT901BLE68(F3:F0:16:BF:DC:AE)	0.031	0.841	0.513	-0.122	-2.991	8.301	58.51	-1.10	-84.26	-52.513	19.573	-0.180	-0.66241	-0.35825	0.33212	0.56781	26.3	null	null	13113	60
2026-05-27T16:27:11.457	WT901BLE68(F3:F0:16:BF:DC:AE)	0.087	0.837	0.576	-1.099	-13.733	-0.061	58.47	-1.68	-84.55	-52.513	19.573	-0.180	-0.66241	-0.35825	0.33212	0.56781	26.3	null	null	13113	60
2026-05-27T16:27:11.543	WT901BLE68(F3:F0:16:BF:DC:AE)	0.064	0.852	0.585	-9.521	-7.874	4.517	57.99	-2.46	-85.36	-52.513	19.573	-0.180	-0.66241	-0.35825	0.33212	0.56781	26.3	null	null	13113	60
2026-05-27T16:27:11.668	WT901BLE68(F3:F0:16:BF:DC:AE)	-0.010	0.829	0.505	-2.441	4.944	13.855	57.10	-3.32	-84.71	-52.513	19.573	-0.180	-0.66241	-0.35825	0.33212	0.56781	26.3	null	null	13113	60
2026-05-27T16:27:11.724	WT901BLE68(F3:F0:16:BF:DC:AE)	0.067	0.855	0.544	2.319	-0.793	17.029	56.94	-4.52	-83.74	-52.513	19.573	-0.180	-0.66241	-0.35825	0.33212	0.56781	26.3	null	null	13113	60
2026-05-27T16:27:11.845	WT901BLE68(F3:F0:16:BF:DC:AE)	0.125	0.837	0.499	8.179	1.648	16.479	57.11	-5.77	-82.70	-51.587	18.413	2.093	-0.66241	-0.35825	0.33212	0.56781	26.3	null	null	13113	60
2026-05-27T16:27:11.934	WT901BLE68(F3:F0:16:BF:DC:AE)	0.062	0.874	0.477	19.470	-9.521	6.653	58.39	-6.86	-82.11	-51.587	18.413	2.093	-0.66241	-0.35825	0.33212	0.56781	26.3	null	null	13113	60
2026-05-27T16:27:12.055	WT901BLE68(F3:F0:16:BF:DC:AE)	0.149	0.883	0.461	23.315	-7.874	7.324	60.72	-7.89	-82.57	-51.587	18.413	2.093	-0.67471	-0.33429	0.36340	0.54846	26.3	null	null	13113	60
2026-05-27T16:27:12.144	WT901BLE68(F3:F0:16:BF:DC:AE)	0.168	0.883	0.436	17.212	-7.751	2.930	62.97	-8.72	-82.70	-51.587	18.413	2.093	-0.67471	-0.33429	0.36340	0.54846	26.3	null	null	13113	60
2026-05-27T16:27:12.265	WT901BLE68(F3:F0:16:BF:DC:AE)	0.166	0.896	0.444	8.484	-8.484	-4.333	64.27	-8.99	-83.12	-51.587	18.413	2.093	-0.67471	-0.33429	0.36340	0.54846	26.3	null	null	13113	60
2026-05-27T16:27:12.323	WT901BLE68(F3:F0:16:BF:DC:AE)	0.139	0.900	0.432	4.272	-8.057	-4.456	64.88	-8.95	-83.57	-51.587	18.413	2.093	-0.67471	-0.33429	0.36340	0.54846	26.3	null	null	13113	60
2026-05-27T16:27:12.445	WT901BLE68(F3:F0:16:BF:DC:AE)	0.178	0.886	0.447	0.427	-7.874	-7.263	65.29	-8.91	-84.19	-51.587	18.413	2.093	-0.67471	-0.33429	0.36340	0.54846	26.3	null	null	13113	60
2026-05-27T16:27:12.534	WT901BLE68(F3:F0:16:BF:DC:AE)	0.188	0.894	0.455	-3.967	-15.320	-11.230	65.29	-8.62	-85.19	-51.587	18.413	2.093	-0.67471	-0.33429	0.36340	0.54846	26.3	null	null	13113	60
2026-05-27T16:27:12.654	WT901BLE68(F3:F0:16:BF:DC:AE)	0.172	0.869	0.443	-12.939	-13.306	-8.423	64.51	-8.44	-86.41	-51.587	18.413	2.093	-0.67471	-0.33429	0.36340	0.54846	26.3	null	null	13113	60
2026-05-27T16:27:12.745	WT901BLE68(F3:F0:16:BF:DC:AE)	0.145	0.894	0.511	-16.968	-13.428	-10.193	63.14	-8.40	-87.58	-47.640	21.447	0.387	-0.67471	-0.33429	0.36340	0.54846	26.3	null	null	13113	60
2026-05-27T16:27:12.866	WT901BLE68(F3:F0:16:BF:DC:AE)	0.112	0.880	0.495	-15.564	-17.273	-20.020	61.75	-7.94	-89.30	-47.640	21.447	0.387	-0.67471	-0.33429	0.36340	0.54846	26.3	null	null	13113	60
2026-05-27T16:27:12.921	WT901BLE68(F3:F0:16:BF:DC:AE)	0.083	0.871	0.516	-10.315	-20.325	-21.240	60.80	-6.88	-91.54	-47.640	21.447	0.387	-0.62848	-0.31839	0.39914	0.58667	26.3	null	null	13113	60
2026-05-27T16:27:13.077	WT901BLE68(F3:F0:16:BF:DC:AE)	0.066	0.877	0.511	-10.437	-24.597	-17.944	60.25	-6.33	-94.14	-47.640	21.447	0.387	-0.62848	-0.31839	0.39914	0.58667	26.3	null	null	13113	60
2026-05-27T16:27:13.133	WT901BLE68(F3:F0:16:BF:DC:AE)	0.105	0.851	0.521	-10.315	-24.658	-1.770	59.44	-6.56	-96.19	-47.640	21.447	0.387	-0.62848	-0.31839	0.39914	0.58667	26.3	null	null	13113	60
2026-05-27T16:27:13.254	WT901BLE68(F3:F0:16:BF:DC:AE)	0.170	0.850	0.480	-12.207	-3.418	7.324	58.45	-7.47	-96.71	-47.640	21.447	0.387	-0.62848	-0.31839	0.39914	0.58667	26.3	null	null	13113	60
2026-05-27T16:27:13.346	WT901BLE68(F3:F0:16:BF:DC:AE)	0.120	0.851	0.493	-10.864	-13.977	-1.465	57.62	-8.21	-96.68	-47.640	21.447	0.387	-0.62848	-0.31839	0.39914	0.58667	26.3	null	null	13113	60
2026-05-27T16:27:13.464	WT901BLE68(F3:F0:16:BF:DC:AE)	0.161	0.829	0.529	-6.653	-13.000	0.000	56.96	-8.61	-97.77	-47.640	21.447	0.387	-0.62848	-0.31839	0.39914	0.58667	26.3	null	null	13113	60
2026-05-27T16:27:13.557	WT901BLE68(F3:F0:16:BF:DC:AE)	0.190	0.827	0.575	-8.240	-16.602	-5.005	56.60	-9.06	-98.85	-47.640	21.447	0.387	-0.62848	-0.31839	0.39914	0.58667	26.3	null	null	13113	60
2026-05-27T16:27:13.677	WT901BLE68(F3:F0:16:BF:DC:AE)	0.184	0.813	0.589	-7.019	-13.733	-0.549	56.05	-9.68	-99.68	-42.853	14.933	10.253	-0.62848	-0.31839	0.39914	0.58667	26.3	null	null	13113	60
2026-05-27T16:27:13.731	WT901BLE68(F3:F0:16:BF:DC:AE)	0.166	0.809	0.564	-3.479	-9.338	7.507	55.60	-10.78	-99.87	-42.853	14.933	10.253	-0.62848	-0.31839	0.39914	0.58667	26.3	null	null	13113	60
2026-05-27T16:27:13.853	WT901BLE68(F3:F0:16:BF:DC:AE)	0.184	0.819	0.532	0.244	-3.296	-9.399	55.47	-11.09	-99.56	-42.853	14.933	10.253	-0.60248	-0.23306	0.40948	0.64413	26.3	null	null	13113	60
2026-05-27T16:27:13.943	WT901BLE68(F3:F0:16:BF:DC:AE)	0.073	0.839	0.549	-1.221	39.795	-8.850	55.34	-9.31	-98.49	-42.853	14.933	10.253	-0.60248	-0.23306	0.40948	0.64413	26.3	null	null	13113	60
2026-05-27T16:27:14.066	WT901BLE68(F3:F0:16:BF:DC:AE)	0.167	0.814	0.488	6.287	27.161	1.648	55.45	-7.37	-96.36	-42.853	14.933	10.253	-0.60248	-0.23306	0.40948	0.64413	26.3	null	null	13113	60
2026-05-27T16:27:14.156	WT901BLE68(F3:F0:16:BF:DC:AE)	0.108	0.861	0.562	6.531	-4.517	2.930	56.45	-7.59	-95.44	-42.853	14.933	10.253	-0.60248	-0.23306	0.40948	0.64413	26.3	null	null	13113	60
2026-05-27T16:27:14.275	WT901BLE68(F3:F0:16:BF:DC:AE)	0.182	0.873	0.478	9.033	-6.592	-5.981	57.28	-8.01	-95.70	-42.853	14.933	10.253	-0.60248	-0.23306	0.40948	0.64413	26.3	null	null	13113	60
2026-05-27T16:27:14.334	WT901BLE68(F3:F0:16:BF:DC:AE)	0.186	0.844	0.509	8.118	-8.850	-14.954	58.50	-7.72	-96.68	-42.853	14.933	10.253	-0.60248	-0.23306	0.40948	0.64413	26.3	null	null	13113	60
2026-05-27T16:27:14.489	WT901BLE68(F3:F0:16:BF:DC:AE)	0.149	0.846	0.562	2.014	-11.841	-26.184	59.31	-6.33	-98.14	-42.853	14.933	10.253	-0.60248	-0.23306	0.40948	0.64413	26.3	null	null	13113	60
2026-05-27T16:27:14.542	WT901BLE68(F3:F0:16:BF:DC:AE)	0.088	0.835	0.594	-6.531	-16.418	-31.860	59.28	-4.80	-100.24	-43.833	16.420	10.073	-0.60248	-0.23306	0.40948	0.64413	26.3	null	null	13113	60
2026-05-27T16:27:14.667	WT901BLE68(F3:F0:16:BF:DC:AE)	0.030	0.815	0.537	-11.597	-24.780	-37.354	58.38	-3.05	-103.27	-43.833	16.420	10.073	-0.60248	-0.23306	0.40948	0.64413	26.3	null	null	13113	60
2026-05-27T16:27:14.756	WT901BLE68(F3:F0:16:BF:DC:AE)	-0.006	0.859	0.598	-10.132	-16.296	-46.936	57.26	-0.62	-106.44	-43.833	16.420	10.073	-0.54297	-0.28305	0.39301	0.68591	26.3	null	null	13113	60
2026-05-27T16:27:14.879	WT901BLE68(F3:F0:16:BF:DC:AE)	-0.160	0.874	0.494	0.122	-36.255	-39.490	56.88	1.44	-110.23	-43.833	16.420	10.073	-0.54297	-0.28305	0.39301	0.68591	26.3	null	null	13113	60
2026-05-27T16:27:14.965	WT901BLE68(F3:F0:16:BF:DC:AE)	-0.037	0.818	0.553	-10.559	-22.888	-15.869	56.20	1.92	-113.12	-43.833	16.420	10.073	-0.54297	-0.28305	0.39301	0.68591	26.3	null	null	13113	60
2026-05-27T16:27:15.089	WT901BLE68(F3:F0:16:BF:DC:AE)	-0.071	0.821	0.596	-3.967	-29.541	-13.855	55.36	1.70	-114.88	-43.833	16.420	10.073	-0.54297	-0.28305	0.39301	0.68591	26.3	null	null	13113	60
2026-05-27T16:27:15.142	WT901BLE68(F3:F0:16:BF:DC:AE)	-0.045	0.834	0.590	1.587	-21.790	-1.465	55.25	0.93	-116.82	-43.833	16.420	10.073	-0.54297	-0.28305	0.39301	0.68591	26.3	null	null	13113	60
2026-05-27T16:27:15.266	WT901BLE68(F3:F0:16:BF:DC:AE)	0.016	0.797	0.579	3.052	-31.860	6.836	55.38	-0.60	-117.48	-43.833	16.420	10.073	-0.54297	-0.28305	0.39301	0.68591	26.3	null	null	13113	60
2026-05-27T16:27:15.389	WT901BLE68(F3:F0:16:BF:DC:AE)	0.007	0.816	0.611	-4.089	-22.522	-0.305	55.27	-2.27	-118.76	-43.833	16.420	10.073	-0.54297	-0.28305	0.39301	0.68591	26.3	null	null	13113	60
2026-05-27T16:27:15.472	WT901BLE68(F3:F0:16:BF:DC:AE)	0.030	0.827	0.598	-0.122	-23.315	3.784	55.07	-3.65	-119.62	-36.493	10.180	18.033	-0.54297	-0.28305	0.39301	0.68591	26.3	null	null	13113	60
2026-05-27T16:27:15.596	WT901BLE68(F3:F0:16:BF:DC:AE)	0.082	0.832	0.594	2.808	-20.874	-0.977	55.25	-4.91	-120.39	-36.493	10.180	18.033	-0.54297	-0.28305	0.39301	0.68591	26.3	null	null	13113	60
2026-05-27T16:27:15.688	WT901BLE68(F3:F0:16:BF:DC:AE)	0.082	0.866	0.517	9.766	-15.930	-10.010	55.90	-5.26	-121.18	-36.493	10.180	18.033	-0.45453	-0.19415	0.42493	0.75830	26.3	null	null	13113	60
2026-05-27T16:27:15.743	WT901BLE68(F3:F0:16:BF:DC:AE)	0.074	0.884	0.520	18.066	-22.461	-11.230	57.82	-5.44	-122.63	-36.493	10.180	18.033	-0.45453	-0.19415	0.42493	0.75830	26.3	null	null	13113	60
2026-05-27T16:27:15.893	WT901BLE68(F3:F0:16:BF:DC:AE)	0.125	0.854	0.502	14.343	-15.564	-6.653	59.60	-5.55	-123.35	-36.493	10.180	18.033	-0.45453	-0.19415	0.42493	0.75830	26.3	null	null	13113	60
2026-05-27T16:27:15.954	WT901BLE68(F3:F0:16:BF:DC:AE)	0.114	0.852	0.511	2.869	-19.592	-0.610	60.50	-6.22	-124.02	-36.493	10.180	18.033	-0.45453	-0.19415	0.42493	0.75830	26.3	null	null	13113	60
2026-05-27T16:27:16.081	WT901BLE68(F3:F0:16:BF:DC:AE)	0.129	0.888	0.428	6.836	-22.217	-11.292	61.11	-6.70	-124.69	-36.493	10.180	18.033	-0.45453	-0.19415	0.42493	0.75830	26.3	null	null	13113	60
2026-05-27T16:27:16.163	WT901BLE68(F3:F0:16:BF:DC:AE)	0.134	0.868	0.468	2.930	-20.630	-21.301	62.04	-6.11	-126.30	-36.493	10.180	18.033	-0.45453	-0.19415	0.42493	0.75830	26.3	null	null	13113	60
2026-05-27T16:27:16.288	WT901BLE68(F3:F0:16:BF:DC:AE)	0.098	0.870	0.514	-7.385	-17.578	-23.987	61.90	-5.04	-127.54	-36.493	10.180	18.033	-0.45453	-0.19415	0.42493	0.75830	26.3	null	null	13113	60
2026-05-27T16:27:16.375	WT901BLE68(F3:F0:16:BF:DC:AE)	0.046	0.862	0.500	-15.137	-19.714	-31.006	60.91	-3.66	-129.14	-26.613	15.787	15.773	-0.45453	-0.19415	0.42493	0.75830	26.3	null	null	13113	60
2026-05-27T16:27:16.498	WT901BLE68(F3:F0:16:BF:DC:AE)	0.011	0.869	0.545	-25.757	-15.747	-36.072	58.77	-1.75	-130.85	-26.613	15.787	15.773	-0.45453	-0.19415	0.42493	0.75830	26.3	null	null	13113	60
2026-05-27T16:27:16.554	WT901BLE68(F3:F0:16:BF:DC:AE)	-0.122	0.882	0.544	-18.372	-19.104	-37.415	56.57	0.33	-133.07	-26.613	15.787	15.773	-0.35852	-0.19098	0.44113	0.80017	26.3	null	null	13113	60
2026-05-27T16:27:16.679	WT901BLE68(F3:F0:16:BF:DC:AE)	-0.117	0.874	0.483	-8.240	-44.800	-19.775	55.47	0.60	-136.07	-26.613	15.787	15.773	-0.35852	-0.19098	0.44113	0.80017	26.3	null	null	13113	60
2026-05-27T16:27:16.765	WT901BLE68(F3:F0:16:BF:DC:AE)	-0.013	0.848	0.527	-14.771	-17.212	-18.127	54.39	0.57	-138.27	-26.613	15.787	15.773	-0.35852	-0.19098	0.44113	0.80017	26.3	null	null	13113	60
2026-05-27T16:27:16.888	WT901BLE68(F3:F0:16:BF:DC:AE)	-0.065	0.804	0.616	-6.409	-11.719	-9.460	53.46	0.91	-138.60	-26.613	15.787	15.773	-0.35852	-0.19098	0.44113	0.80017	26.3	null	null	13113	60
2026-05-27T16:27:16.973	WT901BLE68(F3:F0:16:BF:DC:AE)	0.001	0.777	0.607	0.000	-14.282	-6.287	53.21	0.95	-138.49	-26.613	15.787	15.773	-0.35852	-0.19098	0.44113	0.80017	26.3	null	null	13113	60
2026-05-27T16:27:17.096	WT901BLE68(F3:F0:16:BF:DC:AE)	-0.021	0.789	0.664	-3.418	-10.559	0.183	53.03	0.38	-138.28	-26.613	15.787	15.773	-0.35852	-0.19098	0.44113	0.80017	26.3	null	null	13113	60
2026-05-27T16:27:17.152	WT901BLE68(F3:F0:16:BF:DC:AE)	0.057	0.780	0.639	0.793	-19.958	8.179	52.78	-1.10	-137.49	-26.613	15.787	15.773	-0.35852	-0.19098	0.44113	0.80017	26.3	null	null	13113	60
2026-05-27T16:27:17.303	WT901BLE68(F3:F0:16:BF:DC:AE)	-0.004	0.796	0.621	6.714	-16.296	3.601	53.09	-2.73	-137.21	-20.660	9.473	18.340	-0.35852	-0.19098	0.44113	0.80017	26.3	null	null	13113	60
2026-05-27T16:27:17.364	WT901BLE68(F3:F0:16:BF:DC:AE)	0.041	0.828	0.615	16.357	-24.780	8.240	54.16	-4.33	-136.77	-20.660	9.473	18.340	-0.35852	-0.19098	0.44113	0.80017	26.3	null	null	13113	60
2026-05-27T16:27:17.486	WT901BLE68(F3:F0:16:BF:DC:AE)	0.106	0.847	0.551	15.320	-26.306	9.338	55.84	-6.63	-136.91	-20.660	9.473	18.340	-0.34488	-0.13400	0.43878	0.81882	26.3	null	null	13113	60
2026-05-27T16:27:17.605	WT901BLE68(F3:F0:16:BF:DC:AE)	0.145	0.848	0.493	7.141	-18.372	5.005	57.08	-8.16	-136.39	-20.660	9.473	18.340	-0.34488	-0.13400	0.43878	0.81882	26.3	null	null	13113	60
2026-05-27T16:27:17.695	WT901BLE68(F3:F0:16:BF:DC:AE)	0.178	0.856	0.500	1.526	-8.301	3.174	57.60	-9.10	-135.53	-20.660	9.473	18.340	-0.34488	-0.13400	0.43878	0.81882	26.3	null	null	13113	60
2026-05-27T16:27:17.783	WT901BLE68(F3:F0:16:BF:DC:AE)	0.149	0.865	0.487	5.371	-15.991	-15.320	58.27	-9.15	-135.04	-20.660	9.473	18.340	-0.34488	-0.13400	0.43878	0.81882	26.3	null	null	13113	60
2026-05-27T16:27:17.908	WT901BLE68(F3:F0:16:BF:DC:AE)	0.157	0.850	0.514	-0.183	-9.521	-13.733	58.86	-8.42	-135.09	-20.660	9.473	18.340	-0.34488	-0.13400	0.43878	0.81882	26.3	null	null	13113	60
2026-05-27T16:27:17.963	WT901BLE68(F3:F0:16:BF:DC:AE)	0.095	0.851	0.559	-7.141	-13.184	-22.583	58.69	-7.52	-134.72	-20.660	9.473	18.340	-0.34488	-0.13400	0.43878	0.81882	26.3	null	null	13113	60
2026-05-27T16:27:18.086	WT901BLE68(F3:F0:16:BF:DC:AE)	0.133	0.830	0.552	-14.404	-14.282	-36.011	57.94	-6.03	-135.32	-20.660	9.473	18.340	-0.34488	-0.13400	0.43878	0.81882	26.3	null	null	13113	60
2026-05-27T16:27:18.175	WT901BLE68(F3:F0:16:BF:DC:AE)	0.003	0.821	0.578	-11.230	-13.611	-47.852	56.67	-3.17	-136.60	-15.480	14.340	12.933	-0.34488	-0.13400	0.43878	0.81882	26.3	null	null	13113	60
2026-05-27T16:27:18.295	WT901BLE68(F3:F0:16:BF:DC:AE)	-0.066	0.861	0.486	2.136	-26.306	-35.706	56.32	-0.73	-138.02	-15.480	14.340	12.933	-0.34488	-0.13400	0.43878	0.81882	26.3	null	null	13113	60
2026-05-27T16:27:18.388	WT901BLE68(F3:F0:16:BF:DC:AE)	-0.021	0.849	0.480	-5.188	-15.930	-27.954	56.27	0.63	-139.13	-15.480	14.340	12.933	-0.31137	-0.16611	0.44250	0.82434	26.3	null	null	13113	60
2026-05-27T16:27:18.509	WT901BLE68(F3:F0:16:BF:DC:AE)	-0.096	0.836	0.577	-3.052	-16.846	-17.883	55.84	1.74	-138.91	-15.480	14.340	12.933	-0.31137	-0.16611	0.44250	0.82434	26.3	null	null	13113	60
2026-05-27T16:27:18.566	WT901BLE68(F3:F0:16:BF:DC:AE)	0.030	0.805	0.582	-5.493	-15.625	-11.353	55.39	2.18	-138.57	-15.480	14.340	12.933	-0.31137	-0.16611	0.44250	0.82434	26.3	null	null	13113	60
2026-05-27T16:27:18.686	WT901BLE68(F3:F0:16:BF:DC:AE)	-0.046	0.806	0.632	-5.554	-19.592	2.380	54.85	1.55	-137.30	-15.480	14.340	12.933	-0.31137	-0.16611	0.44250	0.82434	26.3	null	null	13113	60
2026-05-27T16:27:18.776	WT901BLE68(F3:F0:16:BF:DC:AE)	-0.031	0.826	0.596	1.160	-14.648	-2.380	54.43	0.79	-135.53	-15.480	14.340	12.933	-0.31137	-0.16611	0.44250	0.82434	26.3	null	null	13113	60
2026-05-27T16:27:18.894	WT901BLE68(F3:F0:16:BF:DC:AE)	-0.053	0.833	0.603	-1.099	-9.888	-3.235	54.52	0.34	-134.38	-15.480	14.340	12.933	-0.31137	-0.16611	0.44250	0.82434	26.3	null	null	13113	60
2026-05-27T16:27:18.985	WT901BLE68(F3:F0:16:BF:DC:AE)	-0.041	0.812	0.595	2.136	-18.250	3.113	54.47	-0.41	-132.58	-15.480	14.340	12.933	-0.31137	-0.16611	0.44250	0.82434	26.3	null	null	13113	60
2026-05-27T16:27:19.107	WT901BLE68(F3:F0:16:BF:DC:AE)	0.022	0.840	0.551	17.334	-13.794	-1.953	55.15	-1.34	-131.17	-17.273	14.840	9.900	-0.31137	-0.16611	0.44250	0.82434	26.3	null	null	13113	60
2026-05-27T16:27:19.193	WT901BLE68(F3:F0:16:BF:DC:AE)	0.077	0.839	0.501	20.752	-35.400	-1.221	57.32	-2.44	-131.03	-17.273	14.840	9.900	-0.31137	-0.16611	0.44250	0.82434	26.3	null	null	13113	60
2026-05-27T16:27:19.316	WT901BLE68(F3:F0:16:BF:DC:AE)	0.015	0.867	0.495	0.610	-12.695	-3.052	58.19	-3.42	-129.84	-17.273	14.840	9.900	-0.37845	-0.18073	0.45145	0.78754	26.3	null	null	13113	60
2026-05-27T16:27:19.372	WT901BLE68(F3:F0:16:BF:DC:AE)	0.040	0.884	0.506	6.348	-30.151	-6.531	58.65	-4.10	-129.09	-17.273	14.840	9.900	-0.37845	-0.18073	0.45145	0.78754	26.3	null	null	13113	60
2026-05-27T16:27:19.494	WT901BLE68(F3:F0:16:BF:DC:AE)	0.063	0.875	0.514	-1.343	-14.526	-14.954	59.17	-4.35	-128.52	-17.273	14.840	9.900	-0.37845	-0.18073	0.45145	0.78754	26.3	null	null	13113	60
2026-05-27T16:27:19.586	WT901BLE68(F3:F0:16:BF:DC:AE)	0.063	0.861	0.520	-3.601	-15.930	-21.057	59.11	-3.48	-127.56	-17.273	14.840	9.900	-0.37845	-0.18073	0.45145	0.78754	26.3	null	null	13113	60
2026-05-27T16:27:19.707	WT901BLE68(F3:F0:16:BF:DC:AE)	0.021	0.879	0.501	-9.460	-13.000	-29.907	58.66	-2.14	-127.03	-17.273	14.840	9.900	-0.37845	-0.18073	0.45145	0.78754	26.3	null	null	13113	60
2026-05-27T16:27:19.794	WT901BLE68(F3:F0:16:BF:DC:AE)	-0.007	0.849	0.501	-15.076	-14.160	-33.447	57.52	-0.21	-126.62	-17.273	14.840	9.900	-0.37845	-0.18073	0.45145	0.78754	26.3	null	null	13113	60
2026-05-27T16:27:19.919	WT901BLE68(F3:F0:16:BF:DC:AE)	-0.051	0.853	0.572	-7.874	-9.338	-42.847	56.38	2.32	-126.45	-17.273	14.840	9.900	-0.37845	-0.18073	0.45145	0.78754	26.3	null	null	13113	60
2026-05-27T16:27:19.975	WT901BLE68(F3:F0:16:BF:DC:AE)	-0.146	0.839	0.568	4.028	-26.306	-22.095	56.18	3.86	-126.89	-17.427	17.620	6.200	-0.37845	-0.18073	0.45145	0.78754	26.3	null	null	13113	60
2026-05-27T16:27:20.096	WT901BLE68(F3:F0:16:BF:DC:AE)	-0.039	0.840	0.533	-3.601	-14.404	-9.460	55.95	3.70	-126.63	-17.427	17.620	6.200	-0.37845	-0.18073	0.45145	0.78754	26.3	null	null	13113	60
2026-05-27T16:27:20.188	WT901BLE68(F3:F0:16:BF:DC:AE)	-0.049	0.805	0.556	3.357	-18.494	-13.977	55.73	3.97	-125.38	-17.427	17.620	6.200	-0.38617	-0.23764	0.40411	0.79434	26.3	null	null	13113	60
2026-05-27T16:27:20.304	WT901BLE68(F3:F0:16:BF:DC:AE)	-0.028	0.826	0.609	-0.732	-8.789	-4.211	55.79	4.18	-123.90	-17.427	17.620	6.200	-0.38617	-0.23764	0.40411	0.79434	26.3	null	null	13113	60
2026-05-27T16:27:20.397	WT901BLE68(F3:F0:16:BF:DC:AE)	-0.068	0.820	0.652	-6.287	-15.869	12.695	55.18	2.87	-121.44	-17.427	17.620	6.200	-0.38617	-0.23764	0.40411	0.79434	26.3	null	null	13113	60
2026-05-27T16:27:20.518	WT901BLE68(F3:F0:16:BF:DC:AE)	-0.049	0.801	0.630	-5.127	-17.639	15.442	54.51	0.40	-118.93	-17.427	17.620	6.200	-0.38617	-0.23764	0.40411	0.79434	26.3	null	null	13113	60
2026-05-27T16:27:20.604	WT901BLE68(F3:F0:16:BF:DC:AE)	-0.096	0.804	0.595	-1.648	-16.418	14.160	54.00	-1.53	-116.17	-17.427	17.620	6.200	-0.38617	-0.23764	0.40411	0.79434	26.3	null	null	13113	60
2026-05-27T16:27:20.726	WT901BLE68(F3:F0:16:BF:DC:AE)	0.039	0.831	0.563	10.803	-17.456	8.728	54.53	-3.30	-114.04	-17.427	17.620	6.200	-0.38617	-0.23764	0.40411	0.79434	26.3	null	null	13113	60
2026-05-27T16:27:20.784	WT901BLE68(F3:F0:16:BF:DC:AE)	0.160	0.858	0.513	10.254	-13.000	16.113	55.46	-5.17	-111.86	-17.427	17.620	6.200	-0.38617	-0.23764	0.40411	0.79434	26.3	null	null	13113	60
2026-05-27T16:27:20.903	WT901BLE68(F3:F0:16:BF:DC:AE)	0.120	0.859	0.558	5.249	-10.498	12.634	56.15	-6.99	-109.09	-11.227	15.980	2.107	-0.38617	-0.23764	0.40411	0.79434	26.3	null	null	13113	60
2026-05-27T16:27:20.994	WT901BLE68(F3:F0:16:BF:DC:AE)	0.188	0.796	0.538	-5.920	-4.578	5.859	56.20	-7.89	-106.56	-11.227	15.980	2.107	-0.38617	-0.23764	0.40411	0.79434	26.3	null	null	13113	60
2026-05-27T16:27:21.116	WT901BLE68(F3:F0:16:BF:DC:AE)	0.152	0.844	0.522	-2.991	-11.230	6.042	55.83	-8.72	-103.79	-11.227	15.980	2.107	-0.55734	-0.23343	0.41129	0.68234	26.3	null	null	13113	60
2026-05-27T16:27:21.238	WT901BLE68(F3:F0:16:BF:DC:AE)	0.189	0.815	0.517	-2.930	-6.287	-5.310	55.88	-9.14	-101.92	-11.227	15.980	2.107	-0.55734	-0.23343	0.41129	0.68234	26.3	null	null	13113	60
2026-05-27T16:27:21.324	WT901BLE68(F3:F0:16:BF:DC:AE)	0.167	0.812	0.586	-7.202	-5.920	-9.033	55.55	-8.71	-100.25	-11.227	15.980	2.107	-0.55734	-0.23343	0.41129	0.68234	26.3	null	null	13113	60
2026-05-27T16:27:21.386	WT901BLE68(F3:F0:16:BF:DC:AE)	0.124	0.824	0.565	-9.705	-4.456	-19.470	54.97	-7.93	-99.03	-11.227	15.980	2.107	-0.55734	-0.23343	0.41129	0.68234	26.3	null	null	13113	60
2026-05-27T16:27:21.507	WT901BLE68(F3:F0:16:BF:DC:AE)	0.111	0.813	0.573	-11.597	7.263	-31.433	53.85	-5.83	-98.02	-11.227	15.980	2.107	-0.55734	-0.23343	0.41129	0.68234	26.3	null	null	13113	60
2026-05-27T16:27:21.594	WT901BLE68(F3:F0:16:BF:DC:AE)	0.022	0.829	0.536	1.892	4.150	-33.447	53.66	-2.82	-97.50	-11.227	15.980	2.107	-0.55734	-0.23343	0.41129	0.68234	26.3	null	null	13113	60
2026-05-27T16:27:21.716	WT901BLE68(F3:F0:16:BF:DC:AE)	-0.000	0.824	0.559	3.784	-7.507	-15.381	54.23	-1.40	-96.97	-11.227	15.980	2.107	-0.55734	-0.23343	0.41129	0.68234	26.3	null	null	13113	60
2026-05-27T16:27:21.805	WT901BLE68(F3:F0:16:BF:DC:AE)	-0.050	0.829	0.577	1.282	0.122	-17.944	54.45	-0.02	-95.84	-12.987	15.527	1.707	-0.55734	-0.23343	0.41129	0.68234	26.3	null	null	13113	60
2026-05-27T16:27:21.925	WT901BLE68(F3:F0:16:BF:DC:AE)	-0.056	0.812	0.585	3.967	6.287	-11.597	54.88	1.45	-94.07	-12.987	15.527	1.707	-0.55734	-0.23343	0.41129	0.68234	26.3	null	null	13113	60
2026-05-27T16:27:22.015	WT901BLE68(F3:F0:16:BF:DC:AE)	-0.013	0.795	0.617	-0.793	-1.587	-1.587	54.83	2.31	-92.15	-12.987	15.527	1.707	-0.60635	-0.33118	0.32077	0.64780	26.3	null	null	13113	60
2026-05-27T16:27:22.134	WT901BLE68(F3:F0:16:BF:DC:AE)	-0.043	0.809	0.568	-0.793	-6.897	5.615	54.55	1.64	-90.20	-12.987	15.527	1.707	-0.60635	-0.33118	0.32077	0.64780	26.3	null	null	13113	60
2026-05-27T16:27:22.193	WT901BLE68(F3:F0:16:BF:DC:AE)	-0.074	0.833	0.638	1.221	-4.822	10.376	54.53	0.60	-88.14	-12.987	15.527	1.707	-0.60635	-0.33118	0.32077	0.64780	26.3	null	null	13113	60
2026-05-27T16:27:22.315	WT901BLE68(F3:F0:16:BF:DC:AE)	0.027	0.819	0.607	-0.549	-4.517	14.832	54.52	-0.49	-85.80	-12.987	15.527	1.707	-0.60635	-0.33118	0.32077	0.64780	26.3	null	null	13113	60
2026-05-27T16:27:22.404	WT901BLE68(F3:F0:16:BF:DC:AE)	-0.053	0.891	0.500	7.080	-4.761	20.447	54.71	-2.02	-83.32	-12.987	15.527	1.707	-0.60635	-0.33118	0.32077	0.64780	26.3	null	null	13113	60
2026-05-27T16:27:22.523	WT901BLE68(F3:F0:16:BF:DC:AE)	0.050	0.851	0.521	23.621	-10.498	16.235	56.59	-3.92	-81.13	-12.987	15.527	1.707	-0.60635	-0.33118	0.32077	0.64780	26.3	null	null	13113	60
2026-05-27T16:27:22.613	WT901BLE68(F3:F0:16:BF:DC:AE)	0.166	0.840	0.554	7.568	7.996	6.226	58.10	-4.75	-78.63	-12.987	15.527	1.707	-0.60635	-0.33118	0.32077	0.64780	26.3	null	null	13113	60
2026-05-27T16:27:22.734	WT901BLE68(F3:F0:16:BF:DC:AE)	0.059	0.846	0.584	3.906	3.052	5.798	58.41	-4.86	-75.93	-9.840	15.153	-2.440	-0.60635	-0.33118	0.32077	0.64780	26.3	null	null	13113	60
2026-05-27T16:27:22.793	WT901BLE68(F3:F0:16:BF:DC:AE)	0.148	0.849	0.481	2.075	0.061	3.052	58.78	-5.49	-73.77	-9.840	15.153	-2.440	-0.60635	-0.33118	0.32077	0.64780	26.3	null	null	13113	60
2026-05-27T16:27:22.915	WT901BLE68(F3:F0:16:BF:DC:AE)	0.108	0.851	0.468	-2.380	5.127	-4.211	58.69	-5.32	-71.89	-9.840	15.153	-2.440	-0.71359	-0.36887	0.32562	0.49857	26.3	null	null	13113	60
2026-05-27T16:27:23.038	WT901BLE68(F3:F0:16:BF:DC:AE)	0.049	0.870	0.501	-2.563	3.662	-18.005	58.35	-4.05	-70.27	-9.840	15.153	-2.440	-0.71359	-0.36887	0.32562	0.49857	26.3	null	null	13113	60
2026-05-27T16:27:23.157	WT901BLE68(F3:F0:16:BF:DC:AE)	0.084	0.865	0.562	-6.226	4.395	-21.545	58.08	-2.30	-69.36	-9.840	15.153	-2.440	-0.71359	-0.36887	0.32562	0.49857	26.3	null	null	13113	60
2026-05-27T16:27:23.215	WT901BLE68(F3:F0:16:BF:DC:AE)	-0.034	0.877	0.574	-0.244	9.644	-31.250	57.83	0.08	-68.66	-9.840	15.153	-2.440	-0.71359	-0.36887	0.32562	0.49857	26.3	null	null	13113	60
2026-05-27T16:27:23.336	WT901BLE68(F3:F0:16:BF:DC:AE)	-0.077	0.854	0.473	19.409	-4.028	-32.898	58.64	2.86	-68.96	-9.840	15.153	-2.440	-0.71359	-0.36887	0.32562	0.49857	26.3	null	null	13113	60
2026-05-27T16:27:23.427	WT901BLE68(F3:F0:16:BF:DC:AE)	-0.038	0.889	0.411	16.846	-9.827	-24.475	60.53	4.99	-69.94	-9.840	15.153	-2.440	-0.71359	-0.36887	0.32562	0.49857	26.3	null	null	13113	60
2026-05-27T16:27:23.544	WT901BLE68(F3:F0:16:BF:DC:AE)	-0.091	0.876	0.458	3.479	10.864	-8.911	61.55	6.73	-68.98	-9.840	15.153	-2.440	-0.71359	-0.36887	0.32562	0.49857	26.3	null	null	13113	60
2026-05-27T16:27:23.602	WT901BLE68(F3:F0:16:BF:DC:AE)	-0.142	0.862	0.452	4.761	4.517	-1.953	61.94	7.27	-67.04	-15.753	19.480	-5.740	-0.71359	-0.36887	0.32562	0.49857	26.3	null	null	13113	60
2026-05-27T16:27:23.758	WT901BLE68(F3:F0:16:BF:DC:AE)	-0.097	0.871	0.491	0.488	-2.380	-0.488	62.25	7.68	-65.31	-15.753	19.480	-5.740	-0.71359	-0.36887	0.32562	0.49857	26.3	null	null	13113	60
2026-05-27T16:27:23.810	WT901BLE68(F3:F0:16:BF:DC:AE)	-0.094	0.890	0.443	-8.423	2.625	10.742	61.70	7.56	-63.24	-15.753	19.480	-5.740	-0.70670	-0.46597	0.22409	0.48282	26.3	null	null	13113	60
2026-05-27T16:27:23.939	WT901BLE68(F3:F0:16:BF:DC:AE)	-0.152	0.864	0.462	-5.432	5.066	6.592	61.06	6.86	-61.22	-15.753	19.480	-5.740	-0.70670	-0.46597	0.22409	0.48282	26.3	null	null	13113	60
2026-05-27T16:27:24.023	WT901BLE68(F3:F0:16:BF:DC:AE)	-0.049	0.862	0.417	-4.883	3.235	13.367	60.35	6.51	-59.32	-15.753	19.480	-5.740	-0.70670	-0.46597	0.22409	0.48282	26.3	null	null	13113	60
