time	DeviceName	AccX(g)	AccY(g)	AccZ(g)	AsX(°/s)	AsY(°/s)	AsZ(°/s)	AngleX(°)	AngleY(°)	AngleZ(°)	HX(uT)	HY(uT)	HZ(uT)	Q0()	Q1()	Q2()	Q3()	Temperature(°C)	Height(m)	Pressure(kPa)	Version()	Battery level(%)
2026-05-27T16:33:16.357	WT901BLE68(F3:F0:16:BF:DC:AE)	0.246	0.824	0.517	11.047	-6.287	-2.625	60.18	-18.38	-89.45	null	null	null	null	null	null	null	null	null	null	13113	null
2026-05-27T16:33:16.477	WT901BLE68(F3:F0:16:BF:DC:AE)	0.276	0.857	0.488	8.240	-17.029	-1.038	61.46	-18.60	-89.71	null	null	null	null	null	null	null	null	null	null	13113	75
2026-05-27T16:33:16.538	WT901BLE68(F3:F0:16:BF:DC:AE)	0.285	0.873	0.474	-2.075	-20.508	7.141	62.07	-19.61	-90.25	null	null	null	null	null	null	null	null	null	null	13113	75
2026-05-27T16:33:16.658	WT901BLE68(F3:F0:16:BF:DC:AE)	0.014	0.843	0.508	-15.381	29.297	2.014	60.45	-19.22	-86.26	null	null	null	null	null	null	null	null	null	null	13113	75
2026-05-27T16:33:16.749	WT901BLE68(F3:F0:16:BF:DC:AE)	0.248	0.775	0.457	-4.089	-11.841	-39.429	59.35	-16.52	-86.80	null	null	null	null	null	null	null	26.4	null	null	13113	75
2026-05-27T16:33:16.868	WT901BLE68(F3:F0:16:BF:DC:AE)	0.163	0.774	0.568	7.996	12.817	-1.709	59.62	-15.73	-87.65	null	null	null	null	null	null	null	26.4	null	null	13113	75
2026-05-27T16:33:16.958	WT901BLE68(F3:F0:16:BF:DC:AE)	0.317	0.845	0.448	7.751	2.319	-4.150	60.42	-15.97	-87.87	null	null	null	null	null	null	null	26.4	null	null	13113	75
2026-05-27T16:33:17.079	WT901BLE68(F3:F0:16:BF:DC:AE)	0.275	0.820	0.540	0.183	-13.367	-11.475	60.86	-15.54	-88.56	null	null	null	null	null	null	null	26.4	null	null	13113	75
2026-05-27T16:33:17.138	WT901BLE68(F3:F0:16:BF:DC:AE)	0.206	0.807	0.542	6.531	4.456	-7.690	61.09	-14.82	-88.23	null	null	null	null	null	null	null	26.4	null	null	13113	75
2026-05-27T16:33:17.263	WT901BLE68(F3:F0:16:BF:DC:AE)	0.204	0.851	0.524	8.301	-1.831	-11.963	61.71	-13.91	-88.34	-59.633	31.660	1.227	null	null	null	null	26.4	null	null	13113	75
2026-05-27T16:33:17.347	WT901BLE68(F3:F0:16:BF:DC:AE)	0.202	0.874	0.503	-4.272	-3.723	-12.939	61.87	-12.73	-88.15	-59.633	31.660	1.227	null	null	null	null	26.4	null	null	13113	75
2026-05-27T16:33:17.467	WT901BLE68(F3:F0:16:BF:DC:AE)	0.150	0.887	0.520	-5.981	-8.423	-1.709	61.14	-12.50	-88.58	-59.633	31.660	1.227	-0.65164	-0.30096	0.42230	0.55347	26.4	null	null	13113	75
2026-05-27T16:33:17.559	WT901BLE68(F3:F0:16:BF:DC:AE)	0.085	0.901	0.463	9.521	-0.549	3.418	61.79	-12.67	-88.63	-59.633	31.660	1.227	-0.65164	-0.30096	0.42230	0.55347	26.4	null	null	13113	75
2026-05-27T16:33:17.678	WT901BLE68(F3:F0:16:BF:DC:AE)	0.037	0.766	1.104	-1.648	20.752	-5.432	62.24	-12.32	-87.25	-59.633	31.660	1.227	-0.65164	-0.30096	0.42230	0.55347	26.4	null	null	13113	75
2026-05-27T16:33:17.768	WT901BLE68(F3:F0:16:BF:DC:AE)	0.205	0.917	0.498	-2.380	10.132	2.869	60.69	-11.63	-86.44	-59.633	31.660	1.227	-0.65164	-0.30096	0.42230	0.55347	26.4	null	null	13113	75
2026-05-27T16:33:17.888	WT901BLE68(F3:F0:16:BF:DC:AE)	0.042	0.831	0.570	-12.329	13.977	-4.456	59.62	-10.68	-84.51	-59.633	31.660	1.227	-0.65164	-0.30096	0.42230	0.55347	26.4	null	null	13113	75
2026-05-27T16:33:17.950	WT901BLE68(F3:F0:16:BF:DC:AE)	0.103	0.875	0.573	-7.568	24.414	4.578	58.45	-9.67	-82.58	-59.633	31.660	1.227	-0.65164	-0.30096	0.42230	0.55347	26.4	null	null	13113	75
2026-05-27T16:33:18.067	WT901BLE68(F3:F0:16:BF:DC:AE)	0.134	0.801	0.543	-7.568	17.212	9.399	57.48	-9.51	-80.62	-59.633	31.660	1.227	-0.65164	-0.30096	0.42230	0.55347	26.4	null	null	13113	75
2026-05-27T16:33:18.158	WT901BLE68(F3:F0:16:BF:DC:AE)	0.193	0.822	0.526	-3.235	13.489	5.310	56.43	-9.49	-78.55	-60.173	28.067	-0.347	-0.65164	-0.30096	0.42230	0.55347	26.4	null	null	13113	75
2026-05-27T16:33:18.277	WT901BLE68(F3:F0:16:BF:DC:AE)	0.229	0.803	0.581	-8.179	11.353	2.014	55.52	-9.20	-77.33	-60.173	28.067	-0.347	-0.65164	-0.30096	0.42230	0.55347	26.4	null	null	13113	75
2026-05-27T16:33:18.370	WT901BLE68(F3:F0:16:BF:DC:AE)	0.175	0.783	0.596	-6.775	4.456	1.343	54.37	-8.93	-76.91	-60.173	28.067	-0.347	-0.71478	-0.31686	0.34073	0.52200	26.4	null	null	13113	75
2026-05-27T16:33:18.490	WT901BLE68(F3:F0:16:BF:DC:AE)	0.147	0.805	0.613	-9.705	9.705	2.197	53.32	-8.87	-76.20	-60.173	28.067	-0.347	-0.71478	-0.31686	0.34073	0.52200	26.4	null	null	13113	75
2026-05-27T16:33:18.552	WT901BLE68(F3:F0:16:BF:DC:AE)	0.221	0.801	0.650	-9.216	-8.057	-9.766	52.32	-8.68	-76.60	-60.173	28.067	-0.347	-0.71478	-0.31686	0.34073	0.52200	26.4	null	null	13113	75
2026-05-27T16:33:18.668	WT901BLE68(F3:F0:16:BF:DC:AE)	0.184	0.843	0.714	0.305	-19.897	-10.986	52.21	-8.88	-78.80	-60.173	28.067	-0.347	-0.71478	-0.31686	0.34073	0.52200	26.4	null	null	13113	75
2026-05-27T16:33:18.762	WT901BLE68(F3:F0:16:BF:DC:AE)	0.141	0.829	0.584	15.198	-11.047	-9.277	53.20	-8.71	-80.12	-60.173	28.067	-0.347	-0.71478	-0.31686	0.34073	0.52200	26.4	null	null	13113	75
2026-05-27T16:33:18.884	WT901BLE68(F3:F0:16:BF:DC:AE)	0.091	0.818	0.549	37.354	5.493	-5.493	56.03	-8.39	-80.65	-60.173	28.067	-0.347	-0.71478	-0.31686	0.34073	0.52200	26.4	null	null	13113	75
2026-05-27T16:33:18.977	WT901BLE68(F3:F0:16:BF:DC:AE)	0.155	0.849	0.500	-0.549	-15.991	-12.634	58.05	-7.64	-80.15	-60.173	28.067	-0.347	-0.71478	-0.31686	0.34073	0.52200	26.4	null	null	13113	75
2026-05-27T16:33:19.094	WT901BLE68(F3:F0:16:BF:DC:AE)	0.042	0.871	0.577	0.916	4.517	-1.343	57.73	-7.51	-81.06	-59.900	25.927	-3.133	-0.71478	-0.31686	0.34073	0.52200	26.4	null	null	13113	75
2026-05-27T16:33:19.186	WT901BLE68(F3:F0:16:BF:DC:AE)	0.202	0.841	0.451	4.150	1.953	-3.235	58.30	-6.94	-80.60	-59.900	25.927	-3.133	-0.71478	-0.31686	0.34073	0.52200	26.4	null	null	13113	75
2026-05-27T16:33:19.306	WT901BLE68(F3:F0:16:BF:DC:AE)	0.097	0.864	0.537	-1.404	-2.930	11.292	58.45	-7.30	-80.07	-59.900	25.927	-3.133	-0.68460	-0.33826	0.35434	0.53967	26.4	null	null	13113	75
2026-05-27T16:33:19.360	WT901BLE68(F3:F0:16:BF:DC:AE)	0.162	0.846	0.529	-8.423	-16.968	15.320	58.13	-8.84	-79.90	-59.900	25.927	-3.133	-0.68460	-0.33826	0.35434	0.53967	26.4	null	null	13113	75
2026-05-27T16:33:19.484	WT901BLE68(F3:F0:16:BF:DC:AE)	0.168	0.829	0.581	-21.729	-54.565	20.508	56.94	-11.62	-81.17	-59.900	25.927	-3.133	-0.68460	-0.33826	0.35434	0.53967	26.4	null	null	13113	75
2026-05-27T16:33:19.571	WT901BLE68(F3:F0:16:BF:DC:AE)	0.297	0.804	0.533	-2.319	-37.781	25.696	56.54	-16.01	-83.72	-59.900	25.927	-3.133	-0.68460	-0.33826	0.35434	0.53967	26.4	null	null	13113	75
2026-05-27T16:33:19.690	WT901BLE68(F3:F0:16:BF:DC:AE)	0.345	0.812	0.529	20.813	-0.488	22.278	57.74	-18.88	-82.79	-59.900	25.927	-3.133	-0.68460	-0.33826	0.35434	0.53967	26.4	null	null	13113	75
2026-05-27T16:33:19.785	WT901BLE68(F3:F0:16:BF:DC:AE)	0.343	0.814	0.415	10.925	-6.714	5.920	59.35	-20.10	-81.78	-59.900	25.927	-3.133	-0.68460	-0.33826	0.35434	0.53967	26.4	null	null	13113	75
2026-05-27T16:33:19.906	WT901BLE68(F3:F0:16:BF:DC:AE)	0.360	0.819	0.451	-6.409	-28.870	2.563	59.88	-21.12	-82.20	-59.900	25.927	-3.133	-0.68460	-0.33826	0.35434	0.53967	26.4	null	null	13113	75
2026-05-27T16:33:19.960	WT901BLE68(F3:F0:16:BF:DC:AE)	0.390	0.794	0.507	-2.441	-17.639	2.075	60.01	-22.62	-83.95	-45.653	29.267	-1.400	-0.68460	-0.33826	0.35434	0.53967	26.4	null	null	13113	75
2026-05-27T16:33:20.083	WT901BLE68(F3:F0:16:BF:DC:AE)	0.391	0.806	0.429	-12.268	-15.625	-9.949	59.85	-23.07	-84.98	-45.653	29.267	-1.400	-0.68460	-0.33826	0.35434	0.53967	26.4	null	null	13113	75
2026-05-27T16:33:20.169	WT901BLE68(F3:F0:16:BF:DC:AE)	0.400	0.798	0.471	-7.690	2.747	-13.916	59.04	-22.35	-85.50	-45.653	29.267	-1.400	-0.69226	-0.24130	0.45728	0.50330	26.4	null	null	13113	75
2026-05-27T16:33:20.297	WT901BLE68(F3:F0:16:BF:DC:AE)	0.402	0.828	0.500	-5.432	0.732	-22.766	58.72	-20.51	-84.96	-45.653	29.267	-1.400	-0.69226	-0.24130	0.45728	0.50330	26.4	null	null	13113	75
2026-05-27T16:33:20.384	WT901BLE68(F3:F0:16:BF:DC:AE)	0.271	0.854	0.443	7.568	-1.587	-31.677	59.23	-18.14	-85.73	-45.653	29.267	-1.400	-0.69226	-0.24130	0.45728	0.50330	26.4	null	null	13113	75
2026-05-27T16:33:20.506	WT901BLE68(F3:F0:16:BF:DC:AE)	0.320	0.851	0.396	18.677	2.014	-27.588	61.00	-15.70	-86.95	-45.653	29.267	-1.400	-0.69226	-0.24130	0.45728	0.50330	26.4	null	null	13113	75
2026-05-27T16:33:20.591	WT901BLE68(F3:F0:16:BF:DC:AE)	0.263	0.889	0.387	10.315	11.414	-17.944	62.87	-13.32	-86.61	-45.653	29.267	-1.400	-0.69226	-0.24130	0.45728	0.50330	26.4	null	null	13113	75
2026-05-27T16:33:20.711	WT901BLE68(F3:F0:16:BF:DC:AE)	0.155	0.882	0.510	0.488	0.305	-14.160	63.12	-11.95	-86.14	-45.653	29.267	-1.400	-0.69226	-0.24130	0.45728	0.50330	26.4	null	null	13113	75
2026-05-27T16:33:20.775	WT901BLE68(F3:F0:16:BF:DC:AE)	0.171	0.893	0.454	8.240	7.446	-4.089	63.73	-10.95	-85.62	-45.653	29.267	-1.400	-0.69226	-0.24130	0.45728	0.50330	26.4	null	null	13113	75
2026-05-27T16:33:20.888	WT901BLE68(F3:F0:16:BF:DC:AE)	0.147	0.900	0.483	-4.089	3.601	3.723	63.76	-10.59	-84.23	-53.273	24.460	-4.253	-0.69226	-0.24130	0.45728	0.50330	26.4	null	null	13113	75
2026-05-27T16:33:20.982	WT901BLE68(F3:F0:16:BF:DC:AE)	0.172	0.837	0.499	-22.156	-9.827	-0.427	62.41	-10.96	-84.63	-53.273	24.460	-4.253	-0.69226	-0.24130	0.45728	0.50330	26.4	null	null	13113	75
2026-05-27T16:33:21.108	WT901BLE68(F3:F0:16:BF:DC:AE)	0.139	0.860	0.535	-15.869	9.827	12.512	60.42	-11.25	-83.35	-53.273	24.460	-4.253	-0.66498	-0.32355	0.40512	0.53751	26.4	null	null	13113	75
2026-05-27T16:33:21.193	WT901BLE68(F3:F0:16:BF:DC:AE)	0.188	0.813	0.584	-8.118	13.367	17.273	58.95	-11.85	-81.21	-53.273	24.460	-4.253	-0.66498	-0.32355	0.40512	0.53751	26.4	null	null	13113	75
2026-05-27T16:33:21.309	WT901BLE68(F3:F0:16:BF:DC:AE)	0.206	0.810	0.504	0.732	8.362	25.635	58.03	-13.04	-78.67	-53.273	24.460	-4.253	-0.66498	-0.32355	0.40512	0.53751	26.4	null	null	13113	75
2026-05-27T16:33:21.373	WT901BLE68(F3:F0:16:BF:DC:AE)	0.244	0.839	0.537	-4.517	-3.174	27.283	57.41	-15.43	-76.85	-53.273	24.460	-4.253	-0.66498	-0.32355	0.40512	0.53751	26.4	null	null	13113	75
2026-05-27T16:33:21.520	WT901BLE68(F3:F0:16:BF:DC:AE)	0.347	0.786	0.504	1.526	-3.052	24.231	56.92	-17.94	-75.76	-53.273	24.460	-4.253	-0.66498	-0.32355	0.40512	0.53751	26.4	null	null	13113	75
2026-05-27T16:33:21.579	WT901BLE68(F3:F0:16:BF:DC:AE)	0.359	0.792	0.507	-3.967	8.606	13.306	56.33	-19.22	-73.89	-53.273	24.460	-4.253	-0.66498	-0.32355	0.40512	0.53751	26.4	null	null	13113	75
2026-05-27T16:33:21.701	WT901BLE68(F3:F0:16:BF:DC:AE)	0.417	0.754	0.490	-1.892	1.770	-0.122	55.81	-19.50	-73.50	-53.273	24.460	-4.253	-0.66498	-0.32355	0.40512	0.53751	26.4	null	null	13113	75
2026-05-27T16:33:21.787	WT901BLE68(F3:F0:16:BF:DC:AE)	0.348	0.813	0.516	-2.930	3.479	-4.089	55.49	-19.06	-72.58	-44.573	26.600	-6.107	-0.66498	-0.32355	0.40512	0.53751	26.4	null	null	13113	75
2026-05-27T16:33:21.943	WT901BLE68(F3:F0:16:BF:DC:AE)	0.295	0.775	0.567	-9.277	-2.502	-18.677	54.86	-18.30	-73.14	-44.573	26.600	-6.107	-0.66498	-0.32355	0.40512	0.53751	26.4	null	null	13113	75
2026-05-27T16:33:22.000	WT901BLE68(F3:F0:16:BF:DC:AE)	0.304	0.763	0.509	-7.141	-1.648	-19.653	54.64	-16.91	-74.49	-44.573	26.600	-6.107	-0.74146	-0.28189	0.38007	0.47562	26.4	null	null	13113	75
2026-05-27T16:33:22.152	WT901BLE68(F3:F0:16:BF:DC:AE)	0.368	0.756	0.579	16.296	-6.165	-32.349	55.40	-15.13	-76.23	-44.573	26.600	-6.107	-0.74146	-0.28189	0.38007	0.47562	26.4	null	null	13113	75
2026-05-27T16:33:22.179	WT901BLE68(F3:F0:16:BF:DC:AE)	0.177	0.872	0.455	31.555	16.418	-23.193	58.31	-12.34	-75.95	-44.573	26.600	-6.107	-0.74146	-0.28189	0.38007	0.47562	26.4	null	null	13113	75
2026-05-27T16:33:22.302	WT901BLE68(F3:F0:16:BF:DC:AE)	0.224	0.860	0.483	11.902	3.357	-17.944	60.37	-10.26	-76.24	-44.573	26.600	-6.107	-0.74146	-0.28189	0.38007	0.47562	26.4	null	null	13113	75
2026-05-27T16:33:22.393	WT901BLE68(F3:F0:16:BF:DC:AE)	0.068	0.852	0.506	4.517	6.897	-3.967	60.96	-9.31	-75.36	-44.573	26.600	-6.107	-0.74146	-0.28189	0.38007	0.47562	26.4	null	null	13113	75
2026-05-27T16:33:22.513	WT901BLE68(F3:F0:16:BF:DC:AE)	0.103	0.862	0.494	6.287	16.235	3.479	61.38	-8.88	-73.95	-44.573	26.600	-6.107	-0.74146	-0.28189	0.38007	0.47562	26.4	null	null	13113	75
2026-05-27T16:33:22.598	WT901BLE68(F3:F0:16:BF:DC:AE)	0.165	0.863	0.491	-9.766	4.150	5.432	60.74	-8.84	-72.73	-44.573	26.600	-6.107	-0.74146	-0.28189	0.38007	0.47562	26.4	null	null	13113	75
2026-05-27T16:33:22.723	WT901BLE68(F3:F0:16:BF:DC:AE)	0.196	0.848	0.488	-13.733	-3.662	10.010	59.44	-9.45	-72.11	-51.867	26.153	-10.867	-0.74146	-0.28189	0.38007	0.47562	26.4	null	null	13113	75
2026-05-27T16:33:22.780	WT901BLE68(F3:F0:16:BF:DC:AE)	0.204	0.857	0.561	-12.085	0.305	15.015	58.03	-10.52	-71.31	-51.867	26.153	-10.867	-0.74146	-0.28189	0.38007	0.47562	26.4	null	null	13113	75
2026-05-27T16:33:22.898	WT901BLE68(F3:F0:16:BF:DC:AE)	0.106	0.813	0.557	-13.062	-4.578	24.353	56.55	-12.34	-70.28	-51.867	26.153	-10.867	-0.73862	-0.33929	0.34650	0.46814	26.4	null	null	13113	75
2026-05-27T16:33:22.993	WT901BLE68(F3:F0:16:BF:DC:AE)	0.366	0.804	0.518	0.793	-16.296	30.640	55.99	-15.02	-69.08	-51.867	26.153	-10.867	-0.73862	-0.33929	0.34650	0.46814	26.4	null	null	13113	75
2026-05-27T16:33:23.111	WT901BLE68(F3:F0:16:BF:DC:AE)	0.327	0.826	0.470	13.611	0.488	22.400	56.69	-17.17	-67.49	-51.867	26.153	-10.867	-0.73862	-0.33929	0.34650	0.46814	26.4	null	null	13113	75
2026-05-27T16:33:23.200	WT901BLE68(F3:F0:16:BF:DC:AE)	0.297	0.810	0.471	6.226	0.793	21.851	57.43	-18.95	-65.84	-51.867	26.153	-10.867	-0.73862	-0.33929	0.34650	0.46814	26.4	null	null	13113	75
2026-05-27T16:33:23.323	WT901BLE68(F3:F0:16:BF:DC:AE)	0.408	0.775	0.461	5.066	-0.427	10.925	57.72	-20.14	-64.73	-51.867	26.153	-10.867	-0.73862	-0.33929	0.34650	0.46814	26.4	null	null	13113	75
2026-05-27T16:33:23.409	WT901BLE68(F3:F0:16:BF:DC:AE)	0.380	0.796	0.506	15.991	7.996	7.935	58.48	-20.53	-63.37	-51.867	26.153	-10.867	-0.73862	-0.33929	0.34650	0.46814	26.4	null	null	13113	75
2026-05-27T16:33:23.533	WT901BLE68(F3:F0:16:BF:DC:AE)	0.338	0.791	0.548	1.953	2.686	-8.728	59.24	-20.32	-62.59	-51.867	26.153	-10.867	-0.73862	-0.33929	0.34650	0.46814	26.4	null	null	13113	75
2026-05-27T16:33:23.587	WT901BLE68(F3:F0:16:BF:DC:AE)	0.307	0.838	0.549	-4.333	0.000	-20.203	59.22	-19.08	-62.83	-39.660	31.000	-13.940	-0.73862	-0.33929	0.34650	0.46814	26.4	null	null	13113	75
2026-05-27T16:33:23.713	WT901BLE68(F3:F0:16:BF:DC:AE)	0.325	0.833	0.450	-2.197	-2.380	-37.292	59.49	-16.88	-64.28	-39.660	31.000	-13.940	-0.73862	-0.33929	0.34650	0.46814	26.4	null	null	13113	75
2026-05-27T16:33:23.798	WT901BLE68(F3:F0:16:BF:DC:AE)	0.253	0.864	0.482	20.752	9.827	-37.720	60.48	-13.67	-65.88	-39.660	31.000	-13.940	-0.76144	-0.35110	0.36581	0.40372	26.4	null	null	13113	75
2026-05-27T16:33:23.926	WT901BLE68(F3:F0:16:BF:DC:AE)	0.128	0.906	0.397	25.696	14.709	-14.587	63.33	-10.90	-65.26	-39.660	31.000	-13.940	-0.76144	-0.35110	0.36581	0.40372	26.4	null	null	13113	75
2026-05-27T16:33:24.008	WT901BLE68(F3:F0:16:BF:DC:AE)	0.216	0.887	0.453	4.089	0.488	-13.794	64.81	-9.09	-64.67	-39.660	31.000	-13.940	-0.76144	-0.35110	0.36581	0.40372	26.4	null	null	13113	75
2026-05-27T16:33:24.134	WT901BLE68(F3:F0:16:BF:DC:AE)	0.107	0.899	0.400	10.986	12.024	1.404	65.41	-8.25	-63.98	-39.660	31.000	-13.940	-0.76144	-0.35110	0.36581	0.40372	26.4	null	null	13113	75
2026-05-27T16:33:24.188	WT901BLE68(F3:F0:16:BF:DC:AE)	0.126	0.936	0.459	7.629	14.771	10.620	66.06	-8.43	-62.39	-39.660	31.000	-13.940	-0.76144	-0.35110	0.36581	0.40372	26.4	null	null	13113	75
2026-05-27T16:33:24.313	WT901BLE68(F3:F0:16:BF:DC:AE)	0.127	0.917	0.423	-6.348	1.831	6.104	65.93	-8.77	-61.14	-39.660	31.000	-13.940	-0.76144	-0.35110	0.36581	0.40372	26.4	null	null	13113	75
2026-05-27T16:33:24.430	WT901BLE68(F3:F0:16:BF:DC:AE)	0.210	0.892	0.415	-19.470	-10.193	4.089	64.73	-9.22	-60.97	-39.660	31.000	-13.940	-0.76144	-0.35110	0.36581	0.40372	26.4	null	null	13113	75
2026-05-27T16:33:24.523	WT901BLE68(F3:F0:16:BF:DC:AE)	0.125	0.929	0.485	-20.691	-16.113	27.893	62.85	-10.58	-61.12	-47.160	29.953	-20.433	-0.76144	-0.35110	0.36581	0.40372	26.4	null	null	13113	75
2026-05-27T16:33:24.609	WT901BLE68(F3:F0:16:BF:DC:AE)	0.332	0.840	0.419	-7.080	-19.897	43.823	61.44	-14.65	-60.56	-47.160	29.953	-20.433	-0.76144	-0.35110	0.36581	0.40372	26.4	null	null	13113	75
2026-05-27T16:33:24.763	WT901BLE68(F3:F0:16:BF:DC:AE)	0.292	0.829	0.429	2.808	-8.728	38.574	61.09	-18.68	-59.38	-47.160	29.953	-20.433	-0.77216	-0.37628	0.35690	0.36700	26.4	null	null	13113	75
2026-05-27T16:33:24.789	WT901BLE68(F3:F0:16:BF:DC:AE)	0.393	0.816	0.413	0.244	-26.306	14.282	61.33	-21.53	-59.21	-47.160	29.953	-20.433	-0.77216	-0.37628	0.35690	0.36700	26.4	null	null	13113	75
2026-05-27T16:33:24.944	WT901BLE68(F3:F0:16:BF:DC:AE)	0.418	0.828	0.382	3.296	-13.184	16.296	61.94	-23.74	-59.55	-47.160	29.953	-20.433	-0.77216	-0.37628	0.35690	0.36700	26.4	null	null	13113	75
2026-05-27T16:33:24.998	WT901BLE68(F3:F0:16:BF:DC:AE)	0.438	0.794	0.484	0.977	-10.498	9.094	62.35	-25.32	-59.84	-47.160	29.953	-20.433	-0.77216	-0.37628	0.35690	0.36700	26.4	null	null	13113	75
2026-05-27T16:33:25.122	WT901BLE68(F3:F0:16:BF:DC:AE)	0.443	0.775	0.463	2.258	-1.709	3.479	62.75	-26.21	-59.52	-47.160	29.953	-20.433	-0.77216	-0.37628	0.35690	0.36700	26.4	null	null	13113	75
2026-05-27T16:33:25.212	WT901BLE68(F3:F0:16:BF:DC:AE)	0.410	0.776	0.431	-5.615	-9.094	-0.977	62.52	-26.55	-59.34	-47.160	29.953	-20.433	-0.77216	-0.37628	0.35690	0.36700	26.4	null	null	13113	75
2026-05-27T16:33:25.331	WT901BLE68(F3:F0:16:BF:DC:AE)	0.453	0.777	0.438	-8.911	-5.127	-12.085	61.86	-26.27	-59.52	-47.160	29.953	-20.433	-0.77216	-0.37628	0.35690	0.36700	26.4	null	null	13113	75
2026-05-27T16:33:25.419	WT901BLE68(F3:F0:16:BF:DC:AE)	0.457	0.778	0.427	-10.559	-2.380	-22.461	61.05	-24.88	-60.22	-32.680	32.673	-17.207	-0.77216	-0.37628	0.35690	0.36700	26.4	null	null	13113	75
2026-05-27T16:33:25.541	WT901BLE68(F3:F0:16:BF:DC:AE)	0.439	0.794	0.407	3.174	-4.761	-29.114	61.24	-22.98	-61.79	-32.680	32.673	-17.207	-0.77216	-0.37628	0.35690	0.36700	26.4	null	null	13113	75
2026-05-27T16:33:25.599	WT901BLE68(F3:F0:16:BF:DC:AE)	0.353	0.875	0.354	9.888	0.610	-28.015	62.75	-20.60	-62.55	-32.680	32.673	-17.207	-0.77063	-0.35001	0.39954	0.35196	26.4	null	null	13113	75
2026-05-27T16:33:25.721	WT901BLE68(F3:F0:16:BF:DC:AE)	0.338	0.850	0.368	-0.793	-2.563	-21.118	63.43	-18.79	-63.80	-32.680	32.673	-17.207	-0.77063	-0.35001	0.39954	0.35196	26.4	null	null	13113	75
2026-05-27T16:33:25.812	WT901BLE68(F3:F0:16:BF:DC:AE)	0.296	0.846	0.424	21.851	36.743	-0.793	64.09	-17.01	-62.24	-32.680	32.673	-17.207	-0.77063	-0.35001	0.39954	0.35196	26.4	null	null	13113	75
2026-05-27T16:33:25.933	WT901BLE68(F3:F0:16:BF:DC:AE)	0.264	0.882	0.440	7.751	22.278	3.235	64.86	-15.58	-58.59	-32.680	32.673	-17.207	-0.77063	-0.35001	0.39954	0.35196	26.4	null	null	13113	75
2026-05-27T16:33:26.018	WT901BLE68(F3:F0:16:BF:DC:AE)	0.285	0.863	0.425	-2.502	-7.935	8.301	64.76	-15.91	-57.27	-32.680	32.673	-17.207	-0.77063	-0.35001	0.39954	0.35196	26.4	null	null	13113	75
2026-05-27T16:33:26.177	WT901BLE68(F3:F0:16:BF:DC:AE)	0.241	0.877	0.392	-11.719	-28.625	20.447	64.14	-17.62	-57.92	-32.680	32.673	-17.207	-0.77063	-0.35001	0.39954	0.35196	26.4	null	null	13113	75
2026-05-27T16:33:26.230	WT901BLE68(F3:F0:16:BF:DC:AE)	0.387	0.862	0.384	6.165	-16.602	30.334	64.06	-21.15	-59.02	-32.680	32.673	-17.207	-0.77063	-0.35001	0.39954	0.35196	26.4	null	null	13113	75
2026-05-27T16:33:26.353	WT901BLE68(F3:F0:16:BF:DC:AE)	0.475	0.814	0.294	22.461	-28.320	29.907	66.04	-24.63	-59.59	-36.387	32.940	-19.253	-0.77063	-0.35001	0.39954	0.35196	26.4	null	null	13113	75
2026-05-27T16:33:26.407	WT901BLE68(F3:F0:16:BF:DC:AE)	0.458	0.841	0.309	25.513	-13.916	30.884	68.94	-28.38	-60.11	-36.387	32.940	-19.253	-0.77063	-0.35001	0.39954	0.35196	26.4	null	null	13113	75
2026-05-27T16:33:26.532	WT901BLE68(F3:F0:16:BF:DC:AE)	0.586	0.800	0.269	11.658	-16.235	15.137	71.22	-30.84	-60.76	-36.387	32.940	-19.253	-0.76010	-0.37421	0.45432	0.27518	26.4	null	null	13113	75
2026-05-27T16:33:26.624	WT901BLE68(F3:F0:16:BF:DC:AE)	0.536	0.814	0.254	10.864	-2.014	5.249	72.54	-31.95	-60.38	-36.387	32.940	-19.253	-0.76010	-0.37421	0.45432	0.27518	26.4	null	null	13113	75
2026-05-27T16:33:26.745	WT901BLE68(F3:F0:16:BF:DC:AE)	0.511	0.789	0.278	-5.798	10.803	-3.235	72.43	-31.97	-59.14	-36.387	32.940	-19.253	-0.76010	-0.37421	0.45432	0.27518	26.4	null	null	13113	75
2026-05-27T16:33:26.862	WT901BLE68(F3:F0:16:BF:DC:AE)	0.478	0.812	0.335	-16.174	0.671	-13.611	70.93	-31.07	-58.34	-36.387	32.940	-19.253	-0.76010	-0.37421	0.45432	0.27518	26.4	null	null	13113	75
2026-05-27T16:33:26.954	WT901BLE68(F3:F0:16:BF:DC:AE)	0.586	0.781	0.315	-9.216	0.366	-16.968	69.85	-29.44	-58.14	-36.387	32.940	-19.253	-0.76010	-0.37421	0.45432	0.27518	26.4	null	null	13113	75
2026-05-27T16:33:27.014	WT901BLE68(F3:F0:16:BF:DC:AE)	0.497	0.855	0.370	-19.348	19.409	-27.710	68.42	-27.06	-57.71	-36.387	32.940	-19.253	-0.76010	-0.37421	0.45432	0.27518	26.4	null	null	13113	75
2026-05-27T16:33:27.132	WT901BLE68(F3:F0:16:BF:DC:AE)	0.443	0.780	0.312	-17.334	0.427	-49.622	66.35	-23.15	-57.96	-36.387	32.940	-19.253	-0.76010	-0.37421	0.45432	0.27518	26.4	null	null	13113	75
2026-05-27T16:33:27.250	WT901BLE68(F3:F0:16:BF:DC:AE)	0.367	0.854	0.214	17.761	14.648	-30.273	67.15	-19.20	-58.45	-34.427	32.553	-19.287	-0.76010	-0.37421	0.45432	0.27518	26.4	null	null	13113	75
2026-05-27T16:33:27.345	WT901BLE68(F3:F0:16:BF:DC:AE)	0.346	0.940	0.318	-12.207	1.404	-23.743	67.63	-16.67	-58.54	-34.427	32.553	-19.287	-0.76010	-0.37421	0.45432	0.27518	26.4	null	null	13113	75
2026-05-27T16:33:27.430	WT901BLE68(F3:F0:16:BF:DC:AE)	0.261	0.875	0.353	-13.184	-12.756	-17.151	66.64	-14.98	-59.66	-34.427	32.553	-19.287	-0.75635	-0.42056	0.36908	0.33871	26.4	null	null	13113	75
2026-05-27T16:33:27.553	WT901BLE68(F3:F0:16:BF:DC:AE)	0.172	0.889	0.417	8.301	17.334	-5.432	66.84	-13.93	-59.44	-34.427	32.553	-19.287	-0.75635	-0.42056	0.36908	0.33871	26.4	null	null	13113	75
2026-05-27T16:33:27.644	WT901BLE68(F3:F0:16:BF:DC:AE)	0.143	0.895	0.410	-7.141	19.592	-4.761	66.67	-12.46	-57.47	-34.427	32.553	-19.287	-0.75635	-0.42056	0.36908	0.33871	26.4	null	null	13113	75
2026-05-27T16:33:27.761	WT901BLE68(F3:F0:16:BF:DC:AE)	0.234	0.872	0.430	-13.611	16.174	11.108	65.05	-11.99	-55.41	-34.427	32.553	-19.287	-0.75635	-0.42056	0.36908	0.33871	26.4	null	null	13113	75
2026-05-27T16:33:27.822	WT901BLE68(F3:F0:16:BF:DC:AE)	0.318	0.847	0.444	-25.574	-9.155	17.578	62.70	-13.40	-54.53	-34.427	32.553	-19.287	-0.75635	-0.42056	0.36908	0.33871	26.4	null	null	13113	75
2026-05-27T16:33:27.941	WT901BLE68(F3:F0:16:BF:DC:AE)	0.348	0.861	0.518	-13.306	-16.296	21.057	61.08	-15.70	-54.89	-34.427	32.553	-19.287	-0.75635	-0.42056	0.36908	0.33871	26.4	null	null	13113	75
2026-05-27T16:33:28.031	WT901BLE68(F3:F0:16:BF:DC:AE)	0.335	0.848	0.445	0.549	-8.850	20.813	60.89	-17.96	-54.73	-34.427	32.553	-19.287	-0.75635	-0.42056	0.36908	0.33871	26.4	null	null	13113	75
2026-05-27T16:33:28.156	WT901BLE68(F3:F0:16:BF:DC:AE)	0.334	0.840	0.469	1.648	5.432	21.423	60.90	-19.82	-53.43	-36.533	32.033	-16.580	-0.75635	-0.42056	0.36908	0.33871	26.4	null	null	13113	75
2026-05-27T16:33:28.245	WT901BLE68(F3:F0:16:BF:DC:AE)	0.394	0.785	0.456	-9.827	1.465	5.310	60.21	-20.80	-52.40	-36.533	32.033	-16.580	-0.75635	-0.42056	0.36908	0.33871	26.4	null	null	13113	75
2026-05-27T16:33:28.364	WT901BLE68(F3:F0:16:BF:DC:AE)	0.383	0.769	0.520	-13.000	-5.920	-6.348	58.87	-20.73	-53.12	-36.533	32.033	-16.580	-0.80460	-0.36990	0.35721	0.29681	26.4	null	null	13113	75
2026-05-27T16:33:28.425	WT901BLE68(F3:F0:16:BF:DC:AE)	0.306	0.775	0.561	-9.094	2.014	-2.991	58.02	-20.57	-53.35	-36.533	32.033	-16.580	-0.80460	-0.36990	0.35721	0.29681	26.4	null	null	13113	75
2026-05-27T16:33:28.543	WT901BLE68(F3:F0:16:BF:DC:AE)	0.583	0.688	0.292	12.146	1.038	12.817	57.91	-22.08	-54.38	-36.533	32.033	-16.580	-0.80460	-0.36990	0.35721	0.29681	26.4	null	null	13113	75
2026-05-27T16:33:28.636	WT901BLE68(F3:F0:16:BF:DC:AE)	0.287	0.843	0.627	-14.099	-22.217	-16.785	57.72	-22.24	-55.96	-36.533	32.033	-16.580	-0.80460	-0.36990	0.35721	0.29681	26.4	null	null	13113	75
2026-05-27T16:33:28.753	WT901BLE68(F3:F0:16:BF:DC:AE)	0.380	0.768	0.632	-17.456	-24.658	-22.766	57.17	-21.65	-59.32	-36.533	32.033	-16.580	-0.80460	-0.36990	0.35721	0.29681	26.4	null	null	13113	75
2026-05-27T16:33:28.845	WT901BLE68(F3:F0:16:BF:DC:AE)	0.313	0.812	0.532	5.005	-14.648	-22.217	57.78	-20.94	-62.13	-36.533	32.033	-16.580	-0.80460	-0.36990	0.35721	0.29681	26.4	null	null	13113	75
2026-05-27T16:33:28.964	WT901BLE68(F3:F0:16:BF:DC:AE)	0.340	0.842	0.466	-2.747	-15.442	-28.503	58.97	-19.37	-64.68	-36.533	32.033	-16.580	-0.80460	-0.36990	0.35721	0.29681	26.4	null	null	13113	75
2026-05-27T16:33:29.019	WT901BLE68(F3:F0:16:BF:DC:AE)	0.272	0.820	0.561	-8.728	-15.381	-12.695	58.89	-18.53	-66.98	-38.100	30.753	-9.833	-0.80460	-0.36990	0.35721	0.29681	26.4	null	null	13113	75
2026-05-27T16:33:29.209	WT901BLE68(F3:F0:16:BF:DC:AE)	0.212	0.843	0.475	-0.549	-7.751	-10.864	59.17	-18.13	-68.52	-38.100	30.753	-9.833	-0.80460	-0.36990	0.35721	0.29681	26.4	null	null	13113	75
2026-05-27T16:33:29.228	WT901BLE68(F3:F0:16:BF:DC:AE)	0.255	0.830	0.440	-6.470	-5.615	-0.244	59.13	-17.72	-68.88	-38.100	30.753	-9.833	-0.75137	-0.32678	0.38736	0.42245	26.4	null	null	13113	75
2026-05-27T16:33:29.353	WT901BLE68(F3:F0:16:BF:DC:AE)	0.264	0.800	0.519	-7.629	0.183	8.789	58.35	-18.01	-68.44	-38.100	30.753	-9.833	-0.75137	-0.32678	0.38736	0.42245	26.4	null	null	13113	75
2026-05-27T16:33:29.440	WT901BLE68(F3:F0:16:BF:DC:AE)	0.260	0.834	0.528	-7.385	-2.197	16.235	57.52	-19.10	-67.55	-38.100	30.753	-9.833	-0.75137	-0.32678	0.38736	0.42245	26.4	null	null	13113	75
2026-05-27T16:33:29.566	WT901BLE68(F3:F0:16:BF:DC:AE)	0.296	0.809	0.492	-3.052	-5.554	12.573	56.80	-20.68	-66.98	-38.100	30.753	-9.833	-0.75137	-0.32678	0.38736	0.42245	26.4	null	null	13113	75
2026-05-27T16:33:29.652	WT901BLE68(F3:F0:16:BF:DC:AE)	0.435	0.780	0.440	10.254	-6.714	8.667	57.22	-21.86	-66.70	-38.100	30.753	-9.833	-0.75137	-0.32678	0.38736	0.42245	26.4	null	null	13113	75
2026-05-27T16:33:29.772	WT901BLE68(F3:F0:16:BF:DC:AE)	0.434	0.778	0.431	2.869	-10.498	12.207	58.16	-23.30	-66.71	-38.100	30.753	-9.833	-0.75137	-0.32678	0.38736	0.42245	26.4	null	null	13113	75
2026-05-27T16:33:29.830	WT901BLE68(F3:F0:16:BF:DC:AE)	0.426	0.771	0.443	-5.249	-21.301	-5.676	58.41	-24.58	-67.66	-32.153	30.940	-6.880	-0.75137	-0.32678	0.38736	0.42245	26.4	null	null	13113	75
2026-05-27T16:33:29.951	WT901BLE68(F3:F0:16:BF:DC:AE)	0.398	0.780	0.487	-0.732	-4.639	-5.371	58.67	-24.86	-68.52	-32.153	30.940	-6.880	-0.75137	-0.32678	0.38736	0.42245	26.4	null	null	13113	75
2026-05-27T16:33:30.044	WT901BLE68(F3:F0:16:BF:DC:AE)	0.482	0.754	0.504	-8.545	-15.259	-16.968	58.75	-24.47	-69.46	-32.153	30.940	-6.880	-0.75137	-0.32678	0.38736	0.42245	26.4	null	null	13113	75
2026-05-27T16:33:30.164	WT901BLE68(F3:F0:16:BF:DC:AE)	0.353	0.778	0.499	-6.409	-11.963	-27.283	58.89	-23.08	-71.03	-32.153	30.940	-6.880	-0.75769	-0.28830	0.42496	0.40262	26.4	null	null	13113	75
2026-05-27T16:33:30.253	WT901BLE68(F3:F0:16:BF:DC:AE)	0.396	0.803	0.477	-17.700	-26.550	-40.100	59.16	-21.23	-73.85	-32.153	30.940	-6.880	-0.75769	-0.28830	0.42496	0.40262	26.4	null	null	13113	75
2026-05-27T16:33:30.378	WT901BLE68(F3:F0:16:BF:DC:AE)	0.396	0.833	0.464	-15.137	-21.790	-54.016	58.77	-18.70	-77.96	-32.153	30.940	-6.880	-0.75769	-0.28830	0.42496	0.40262	26.4	null	null	13113	75
2026-05-27T16:33:30.434	WT901BLE68(F3:F0:16:BF:DC:AE)	0.243	0.885	0.376	10.498	7.019	-39.368	59.73	-15.14	-80.94	-32.153	30.940	-6.880	-0.75769	-0.28830	0.42496	0.40262	26.4	null	null	13113	75
2026-05-27T16:33:30.581	WT901BLE68(F3:F0:16:BF:DC:AE)	0.138	0.878	0.430	-6.592	-9.216	-26.611	60.69	-12.34	-82.06	-32.153	30.940	-6.880	-0.75769	-0.28830	0.42496	0.40262	26.4	null	null	13113	75
2026-05-27T16:33:30.672	WT901BLE68(F3:F0:16:BF:DC:AE)	0.168	0.850	0.502	2.136	-4.639	-8.850	60.94	-11.50	-83.36	-32.153	30.940	-6.880	-0.75769	-0.28830	0.42496	0.40262	26.4	null	null	13113	75
2026-05-27T16:33:30.763	WT901BLE68(F3:F0:16:BF:DC:AE)	0.163	0.848	0.536	-9.644	-7.813	-4.883	61.02	-11.02	-83.40	-32.153	30.940	-6.880	-0.75769	-0.28830	0.42496	0.40262	26.4	null	null	13113	75
2026-05-27T16:33:30.849	WT901BLE68(F3:F0:16:BF:DC:AE)	0.207	0.840	0.517	-15.320	-14.343	-1.282	59.77	-11.28	-84.01	-44.780	26.360	-1.567	-0.75769	-0.28830	0.42496	0.40262	26.4	null	null	13113	75
2026-05-27T16:33:30.978	WT901BLE68(F3:F0:16:BF:DC:AE)	0.250	0.823	0.456	-15.503	-44.312	8.301	58.84	-12.75	-85.48	-44.780	26.360	-1.567	-0.75769	-0.28830	0.42496	0.40262	26.4	null	null	13113	75
2026-05-27T16:33:31.059	WT901BLE68(F3:F0:16:BF:DC:AE)	0.253	0.849	0.556	-5.371	-35.034	32.043	58.19	-16.72	-87.50	-44.780	26.360	-1.567	-0.67175	-0.27759	0.41129	0.54993	26.4	null	null	13113	75
2026-05-27T16:33:31.185	WT901BLE68(F3:F0:16:BF:DC:AE)	0.342	0.795	0.482	12.146	-21.606	28.015	59.11	-20.71	-87.71	-44.780	26.360	-1.567	-0.67175	-0.27759	0.41129	0.54993	26.4	null	null	13113	75
2026-05-27T16:33:31.243	WT901BLE68(F3:F0:16:BF:DC:AE)	0.461	0.797	0.402	15.015	-17.578	16.846	60.70	-23.34	-87.22	-44.780	26.360	-1.567	-0.67175	-0.27759	0.41129	0.54993	26.4	null	null	13113	75
2026-05-27T16:33:31.361	WT901BLE68(F3:F0:16:BF:DC:AE)	0.395	0.810	0.392	14.343	-10.559	16.235	62.40	-25.25	-86.80	-44.780	26.360	-1.567	-0.67175	-0.27759	0.41129	0.54993	26.4	null	null	13113	75
2026-05-27T16:33:31.454	WT901BLE68(F3:F0:16:BF:DC:AE)	0.528	0.785	0.351	-6.836	-17.090	1.648	63.21	-26.72	-86.68	-44.780	26.360	-1.567	-0.67175	-0.27759	0.41129	0.54993	26.4	null	null	13113	75
2026-05-27T16:33:31.575	WT901BLE68(F3:F0:16:BF:DC:AE)	0.502	0.764	0.435	-5.066	-14.587	-2.808	63.16	-27.16	-87.37	-44.780	26.360	-1.567	-0.67175	-0.27759	0.41129	0.54993	26.4	null	null	13113	75
2026-05-27T16:33:31.661	WT901BLE68(F3:F0:16:BF:DC:AE)	0.438	0.800	0.383	-18.127	-38.147	-6.165	63.40	-27.95	-89.20	-44.780	26.360	-1.567	-0.67175	-0.27759	0.41129	0.54993	26.4	null	null	13113	75
2026-05-27T16:33:31.781	WT901BLE68(F3:F0:16:BF:DC:AE)	0.519	0.781	0.395	-19.043	-31.311	-9.705	63.32	-28.83	-92.09	-27.920	27.867	2.440	-0.67175	-0.27759	0.41129	0.54993	26.4	null	null	13113	75
2026-05-27T16:33:31.843	WT901BLE68(F3:F0:16:BF:DC:AE)	0.468	0.818	0.391	-24.475	-28.870	-33.203	63.20	-28.25	-95.04	-27.920	27.867	2.440	-0.65573	-0.19147	0.51529	0.51743	26.4	null	null	13113	75
2026-05-27T16:33:31.993	WT901BLE68(F3:F0:16:BF:DC:AE)	0.459	0.797	0.475	-12.695	-19.531	-54.871	63.22	-25.37	-99.02	-27.920	27.867	2.440	-0.65573	-0.19147	0.51529	0.51743	26.4	null	null	13113	75
2026-05-27T16:33:32.050	WT901BLE68(F3:F0:16:BF:DC:AE)	0.298	0.886	0.436	-2.991	-9.216	-42.297	64.42	-21.70	-101.38	-27.920	27.867	2.440	-0.65573	-0.19147	0.51529	0.51743	26.4	null	null	13113	75
2026-05-27T16:33:32.174	WT901BLE68(F3:F0:16:BF:DC:AE)	0.349	0.816	0.533	-18.372	-15.076	-32.959	64.09	-19.22	-103.28	-27.920	27.867	2.440	-0.65573	-0.19147	0.51529	0.51743	26.4	null	null	13113	75
2026-05-27T16:33:32.263	WT901BLE68(F3:F0:16:BF:DC:AE)	0.189	0.870	0.417	-10.742	-15.869	-23.560	63.26	-17.40	-104.02	-27.920	27.867	2.440	-0.65573	-0.19147	0.51529	0.51743	26.4	null	null	13113	75
2026-05-27T16:33:32.415	WT901BLE68(F3:F0:16:BF:DC:AE)	0.208	0.856	0.443	-9.521	-20.508	-17.456	62.97	-16.29	-105.38	-27.920	27.867	2.440	-0.65573	-0.19147	0.51529	0.51743	26.4	null	null	13113	75
2026-05-27T16:33:32.469	WT901BLE68(F3:F0:16:BF:DC:AE)	0.231	0.881	0.455	-11.230	-19.287	-6.165	62.49	-16.20	-106.58	-27.920	27.867	2.440	-0.65573	-0.19147	0.51529	0.51743	26.4	null	null	13113	75
2026-05-27T16:33:32.595	WT901BLE68(F3:F0:16:BF:DC:AE)	0.256	0.859	0.442	-3.845	-20.569	12.451	62.26	-17.27	-107.50	-27.920	27.867	2.440	-0.65573	-0.19147	0.51529	0.51743	26.4	null	null	13113	75
2026-05-27T16:33:32.650	WT901BLE68(F3:F0:16:BF:DC:AE)	0.314	0.837	0.373	2.197	-35.156	19.897	62.59	-19.82	-107.97	-30.473	21.247	10.760	-0.65573	-0.19147	0.51529	0.51743	26.4	null	null	13113	75
2026-05-27T16:33:32.772	WT901BLE68(F3:F0:16:BF:DC:AE)	0.287	0.901	0.364	-0.854	-32.288	15.625	63.50	-23.07	-109.36	-30.473	21.247	10.760	-0.65573	-0.19147	0.51529	0.51743	26.4	null	null	13113	75
2026-05-27T16:33:32.858	WT901BLE68(F3:F0:16:BF:DC:AE)	0.415	0.806	0.428	-1.038	-28.809	5.127	64.67	-25.12	-110.76	-30.473	21.247	10.760	-0.56644	-0.15323	0.52496	0.61642	26.4	null	null	13113	75
2026-05-27T16:33:32.983	WT901BLE68(F3:F0:16:BF:DC:AE)	0.404	0.838	0.340	4.456	-24.658	11.292	66.01	-26.94	-111.94	-30.473	21.247	10.760	-0.56644	-0.15323	0.52496	0.61642	26.4	null	null	13113	75
2026-05-27T16:33:33.079	WT901BLE68(F3:F0:16:BF:DC:AE)	0.458	0.849	0.367	-14.526	-25.146	-3.906	66.76	-28.52	-112.87	-30.473	21.247	10.760	-0.56644	-0.15323	0.52496	0.61642	26.4	null	null	13113	75
2026-05-27T16:33:33.193	WT901BLE68(F3:F0:16:BF:DC:AE)	0.519	0.806	0.368	-11.108	-22.766	-12.756	66.71	-28.25	-114.48	-30.473	21.247	10.760	-0.56644	-0.15323	0.52496	0.61642	26.4	null	null	13113	75
2026-05-27T16:33:33.250	WT901BLE68(F3:F0:16:BF:DC:AE)	0.489	0.819	0.328	-16.357	-23.804	-16.357	67.05	-27.79	-116.08	-30.473	21.247	10.760	-0.56644	-0.15323	0.52496	0.61642	26.4	null	null	13113	75
2026-05-27T16:33:33.405	WT901BLE68(F3:F0:16:BF:DC:AE)	0.410	0.830	0.376	-22.278	-19.836	-25.879	66.57	-26.73	-117.97	-30.473	21.247	10.760	-0.56644	-0.15323	0.52496	0.61642	26.4	null	null	13113	75
2026-05-27T16:33:33.463	WT901BLE68(F3:F0:16:BF:DC:AE)	0.435	0.865	0.328	-29.480	-19.836	-44.739	65.36	-24.09	-120.10	-18.407	18.820	11.053	-0.56644	-0.15323	0.52496	0.61642	26.4	null	null	13113	75
2026-05-27T16:33:33.582	WT901BLE68(F3:F0:16:BF:DC:AE)	0.333	0.834	0.404	-28.992	-36.743	-61.401	63.93	-20.29	-123.65	-18.407	18.820	11.053	-0.56644	-0.15323	0.52496	0.61642	26.4	null	null	13113	75
2026-05-27T16:33:33.674	WT901BLE68(F3:F0:16:BF:DC:AE)	0.212	0.926	0.342	-9.827	-6.409	-41.077	64.00	-16.74	-126.12	-18.407	18.820	11.053	-0.56644	-0.15323	0.52496	0.61642	26.4	null	null	13113	75
2026-05-27T16:33:33.789	WT901BLE68(F3:F0:16:BF:DC:AE)	0.279	0.862	0.400	-28.503	-31.494	-29.297	63.18	-14.88	-128.40	-18.407	18.820	11.053	-0.44394	-0.12955	0.52173	0.71683	26.4	null	null	13113	75
2026-05-27T16:33:33.884	WT901BLE68(F3:F0:16:BF:DC:AE)	0.249	0.862	0.515	-8.911	-12.207	-12.451	62.19	-14.34	-129.48	-18.407	18.820	11.053	-0.44394	-0.12955	0.52173	0.71683	26.4	null	null	13113	75
2026-05-27T16:33:34.008	WT901BLE68(F3:F0:16:BF:DC:AE)	0.227	0.843	0.528	-13.550	-23.132	-7.324	61.83	-14.29	-130.07	-18.407	18.820	11.053	-0.44394	-0.12955	0.52173	0.71683	26.4	null	null	13113	75
2026-05-27T16:33:34.062	WT901BLE68(F3:F0:16:BF:DC:AE)	0.277	0.847	0.514	-13.794	-23.560	4.883	60.79	-15.34	-130.50	-18.407	18.820	11.053	-0.44394	-0.12955	0.52173	0.71683	26.4	null	null	13113	75
2026-05-27T16:33:34.186	WT901BLE68(F3:F0:16:BF:DC:AE)	0.198	0.840	0.538	-3.845	-14.038	8.728	60.35	-16.86	-130.22	-18.407	18.820	11.053	-0.44394	-0.12955	0.52173	0.71683	26.4	null	null	13113	75
2026-05-27T16:33:34.270	WT901BLE68(F3:F0:16:BF:DC:AE)	0.236	0.854	0.479	-0.977	-18.799	12.878	60.61	-18.76	-129.84	-18.407	18.820	11.053	-0.44394	-0.12955	0.52173	0.71683	26.4	null	null	13113	75
2026-05-27T16:33:34.395	WT901BLE68(F3:F0:16:BF:DC:AE)	0.394	0.817	0.414	3.662	-21.790	10.437	61.29	-20.74	-129.79	-18.407	18.820	11.053	-0.44394	-0.12955	0.52173	0.71683	26.4	null	null	13113	75
2026-05-27T16:33:34.481	WT901BLE68(F3:F0:16:BF:DC:AE)	0.414	0.819	0.403	6.836	-17.029	11.475	62.34	-22.46	-129.73	-14.360	12.513	12.447	-0.44394	-0.12955	0.52173	0.71683	26.4	null	null	13113	75
2026-05-27T16:33:34.601	WT901BLE68(F3:F0:16:BF:DC:AE)	0.382	0.845	0.418	-4.578	-18.616	3.601	62.94	-23.98	-129.22	-14.360	12.513	12.447	-0.44394	-0.12955	0.52173	0.71683	26.4	null	null	13113	75
2026-05-27T16:33:34.661	WT901BLE68(F3:F0:16:BF:DC:AE)	0.457	0.797	0.447	-12.817	-19.531	-12.085	62.69	-24.07	-129.99	-14.360	12.513	12.447	-0.45459	-0.05600	0.53699	0.70834	26.4	null	null	13113	75
2026-05-27T16:33:34.813	WT901BLE68(F3:F0:16:BF:DC:AE)	0.403	0.804	0.450	-11.536	-16.907	-18.066	62.69	-23.63	-130.54	-14.360	12.513	12.447	-0.45459	-0.05600	0.53699	0.70834	26.4	null	null	13113	75
2026-05-27T16:33:34.873	WT901BLE68(F3:F0:16:BF:DC:AE)	0.380	0.854	0.477	-25.574	-20.996	-33.020	61.84	-22.29	-132.01	-14.360	12.513	12.447	-0.45459	-0.05600	0.53699	0.70834	26.4	null	null	13113	75
2026-05-27T16:33:34.993	WT901BLE68(F3:F0:16:BF:DC:AE)	0.342	0.840	0.460	-29.175	-15.381	-48.035	60.80	-19.95	-134.20	-14.360	12.513	12.447	-0.45459	-0.05600	0.53699	0.70834	26.4	null	null	13113	75
2026-05-27T16:33:35.082	WT901BLE68(F3:F0:16:BF:DC:AE)	0.463	0.786	0.395	-13.977	-15.930	-73.486	60.00	-16.10	-137.91	-14.360	12.513	12.447	-0.45459	-0.05600	0.53699	0.70834	26.4	null	null	13113	75
2026-05-27T16:33:35.207	WT901BLE68(F3:F0:16:BF:DC:AE)	0.115	0.896	0.460	-3.784	14.893	-36.255	60.12	-10.55	-137.07	-14.360	12.513	12.447	-0.45459	-0.05600	0.53699	0.70834	26.4	null	null	13113	75
2026-05-27T16:33:35.291	WT901BLE68(F3:F0:16:BF:DC:AE)	0.080	0.813	0.420	-6.165	-41.321	-36.926	60.33	-7.77	-137.75	-14.360	12.513	12.447	-0.45459	-0.05600	0.53699	0.70834	26.4	null	null	13113	75
2026-05-27T16:33:35.410	WT901BLE68(F3:F0:16:BF:DC:AE)	0.021	0.815	0.595	-6.531	-16.968	-4.578	60.08	-8.26	-141.03	-16.660	13.580	11.940	-0.45459	-0.05600	0.53699	0.70834	26.4	null	null	13113	75
2026-05-27T16:33:35.471	WT901BLE68(F3:F0:16:BF:DC:AE)	0.156	0.865	0.488	0.427	-12.634	8.301	60.18	-9.42	-139.69	-16.660	13.580	11.940	-0.33313	-0.10556	0.49319	0.79657	26.4	null	null	13113	75
2026-05-27T16:33:35.590	WT901BLE68(F3:F0:16:BF:DC:AE)	0.157	0.822	0.538	-6.958	-16.724	13.855	59.97	-11.06	-138.09	-16.660	13.580	11.940	-0.33313	-0.10556	0.49319	0.79657	26.4	null	null	13113	75
2026-05-27T16:33:35.689	WT901BLE68(F3:F0:16:BF:DC:AE)	0.182	0.844	0.522	-2.319	-15.991	21.362	59.49	-13.18	-136.12	-16.660	13.580	11.940	-0.33313	-0.10556	0.49319	0.79657	26.4	null	null	13113	75
2026-05-27T16:33:35.804	WT901BLE68(F3:F0:16:BF:DC:AE)	0.288	0.854	0.485	12.024	-15.564	14.465	59.86	-15.68	-134.73	-16.660	13.580	11.940	-0.33313	-0.10556	0.49319	0.79657	26.4	null	null	13113	75
2026-05-27T16:33:35.892	WT901BLE68(F3:F0:16:BF:DC:AE)	0.293	0.833	0.378	11.047	-1.770	17.456	61.34	-17.16	-132.61	-16.660	13.580	11.940	-0.33313	-0.10556	0.49319	0.79657	26.4	null	null	13113	75
2026-05-27T16:33:36.015	WT901BLE68(F3:F0:16:BF:DC:AE)	0.354	0.854	0.441	-9.399	-10.254	10.559	61.47	-19.18	-130.48	-16.660	13.580	11.940	-0.33313	-0.10556	0.49319	0.79657	26.4	null	null	13113	75
2026-05-27T16:33:36.072	WT901BLE68(F3:F0:16:BF:DC:AE)	0.329	0.827	0.484	-16.602	-15.503	-8.240	60.72	-19.85	-129.79	-16.660	13.580	11.940	-0.33313	-0.10556	0.49319	0.79657	26.4	null	null	13113	75
2026-05-27T16:33:36.223	WT901BLE68(F3:F0:16:BF:DC:AE)	0.375	0.782	0.483	-6.653	-11.658	-8.301	60.17	-19.72	-129.61	-16.660	13.580	11.940	-0.33313	-0.10556	0.49319	0.79657	26.4	null	null	13113	75
2026-05-27T16:33:36.287	WT901BLE68(F3:F0:16:BF:DC:AE)	0.286	0.816	0.525	-15.930	-9.216	-23.438	59.51	-19.04	-129.51	-7.680	9.673	7.307	-0.33313	-0.10556	0.49319	0.79657	26.4	null	null	13113	75
2026-05-27T16:33:36.402	WT901BLE68(F3:F0:16:BF:DC:AE)	0.266	0.844	0.471	-12.085	-14.221	-34.119	58.84	-17.30	-130.16	-7.680	9.673	7.307	-0.33313	-0.10556	0.49319	0.79657	26.4	null	null	13113	75
2026-05-27T16:33:36.491	WT901BLE68(F3:F0:16:BF:DC:AE)	0.327	0.890	0.486	-17.090	-29.602	-49.255	58.51	-14.96	-132.19	-7.680	9.673	7.307	-0.42300	-0.08871	0.49289	0.75510	26.4	null	null	13113	75
2026-05-27T16:33:36.614	WT901BLE68(F3:F0:16:BF:DC:AE)	0.204	0.850	0.486	14.771	0.732	-31.250	59.76	-12.35	-134.38	-7.680	9.673	7.307	-0.42300	-0.08871	0.49289	0.75510	26.4	null	null	13113	75
2026-05-27T16:33:36.736	WT901BLE68(F3:F0:16:BF:DC:AE)	0.070	0.894	0.462	-1.282	-16.479	-19.165	61.19	-10.89	-132.53	-7.680	9.673	7.307	-0.42300	-0.08871	0.49289	0.75510	26.4	null	null	13113	75
2026-05-27T16:33:36.822	WT901BLE68(F3:F0:16:BF:DC:AE)	0.241	0.830	0.585	-8.545	-16.846	-15.076	61.06	-9.86	-132.53	-7.680	9.673	7.307	-0.42300	-0.08871	0.49289	0.75510	26.4	null	null	13113	75
2026-05-27T16:33:36.883	WT901BLE68(F3:F0:16:BF:DC:AE)	0.087	0.828	0.521	1.282	-7.202	1.038	61.00	-9.76	-130.53	-7.680	9.673	7.307	-0.42300	-0.08871	0.49289	0.75510	26.4	null	null	13113	75
2026-05-27T16:33:37.003	WT901BLE68(F3:F0:16:BF:DC:AE)	0.147	0.848	0.515	-5.493	-12.268	10.559	60.83	-10.60	-127.69	-7.680	9.673	7.307	-0.42300	-0.08871	0.49289	0.75510	26.4	null	null	13113	75
2026-05-27T16:33:37.095	WT901BLE68(F3:F0:16:BF:DC:AE)	0.285	0.845	0.513	-11.047	-9.827	21.606	59.88	-12.27	-125.11	-7.680	9.673	7.307	-0.42300	-0.08871	0.49289	0.75510	26.4	null	null	13113	75
2026-05-27T16:33:37.215	WT901BLE68(F3:F0:16:BF:DC:AE)	0.291	0.867	0.438	-0.366	-10.132	20.691	59.07	-14.56	-122.53	-7.933	11.480	5.380	-0.42300	-0.08871	0.49289	0.75510	26.4	null	null	13113	75
2026-05-27T16:33:37.336	WT901BLE68(F3:F0:16:BF:DC:AE)	0.296	0.864	0.463	11.108	-5.920	18.738	59.67	-16.62	-120.16	-7.933	11.480	5.380	-0.42300	-0.08871	0.49289	0.75510	26.4	null	null	13113	75
2026-05-27T16:33:37.420	WT901BLE68(F3:F0:16:BF:DC:AE)	0.321	0.821	0.498	1.648	-7.813	14.282	60.44	-18.34	-117.88	-7.933	11.480	5.380	-0.49609	-0.13742	0.49203	0.70200	26.4	null	null	13113	75
2026-05-27T16:33:37.489	WT901BLE68(F3:F0:16:BF:DC:AE)	0.339	0.817	0.466	-6.165	-13.977	-1.038	60.39	-19.41	-116.06	-7.933	11.480	5.380	-0.49609	-0.13742	0.49203	0.70200	26.4	null	null	13113	75
2026-05-27T16:33:37.605	WT901BLE68(F3:F0:16:BF:DC:AE)	0.348	0.808	0.507	-5.127	-10.864	-4.517	60.18	-19.65	-115.01	-7.933	11.480	5.380	-0.49609	-0.13742	0.49203	0.70200	26.4	null	null	13113	75
2026-05-27T16:33:37.693	WT901BLE68(F3:F0:16:BF:DC:AE)	0.348	0.782	0.508	-12.634	-13.062	-16.296	59.71	-19.34	-114.38	-7.933	11.480	5.380	-0.49609	-0.13742	0.49203	0.70200	26.4	null	null	13113	75
2026-05-27T16:33:37.814	WT901BLE68(F3:F0:16:BF:DC:AE)	0.310	0.837	0.518	-10.132	-8.179	-26.428	59.03	-17.92	-113.97	-7.933	11.480	5.380	-0.49609	-0.13742	0.49203	0.70200	26.4	null	null	13113	75
2026-05-27T16:33:37.903	WT901BLE68(F3:F0:16:BF:DC:AE)	0.262	0.861	0.496	-8.850	-5.188	-40.588	58.87	-15.68	-113.83	-7.933	11.480	5.380	-0.49609	-0.13742	0.49203	0.70200	26.4	null	null	13113	75
2026-05-27T16:33:38.023	WT901BLE68(F3:F0:16:BF:DC:AE)	0.319	0.859	0.492	-3.479	-22.827	-51.941	59.05	-12.39	-115.57	-7.933	11.480	5.380	-0.49609	-0.13742	0.49203	0.70200	26.4	null	null	13113	75
2026-05-27T16:33:38.115	WT901BLE68(F3:F0:16:BF:DC:AE)	0.186	0.891	0.402	6.104	-4.211	-18.677	60.35	-10.06	-114.59	-4.500	11.247	1.593	-0.49609	-0.13742	0.49203	0.70200	26.4	null	null	13113	75
2026-05-27T16:33:38.234	WT901BLE68(F3:F0:16:BF:DC:AE)	0.140	0.870	0.507	-8.667	-11.719	-13.123	60.54	-9.37	-113.32	-4.500	11.247	1.593	-0.49609	-0.13742	0.49203	0.70200	26.4	null	null	13113	75
2026-05-27T16:33:38.288	WT901BLE68(F3:F0:16:BF:DC:AE)	0.089	0.842	0.563	0.549	2.014	1.038	60.34	-9.03	-110.34	-4.500	11.247	1.593	-0.51508	-0.22357	0.45389	0.69180	26.4	null	null	13113	75
2026-05-27T16:33:38.413	WT901BLE68(F3:F0:16:BF:DC:AE)	0.131	0.833	0.539	-4.883	5.249	5.615	60.06	-9.00	-106.14	-4.500	11.247	1.593	-0.51508	-0.22357	0.45389	0.69180	26.4	null	null	13113	75
2026-05-27T16:33:38.506	WT901BLE68(F3:F0:16:BF:DC:AE)	0.201	0.833	0.491	-8.179	1.770	19.165	59.12	-9.65	-101.95	-4.500	11.247	1.593	-0.51508	-0.22357	0.45389	0.69180	26.4	null	null	13113	75
2026-05-27T16:33:38.621	WT901BLE68(F3:F0:16:BF:DC:AE)	0.280	0.851	0.512	-0.244	3.845	27.161	58.17	-11.87	-97.64	-4.500	11.247	1.593	-0.51508	-0.22357	0.45389	0.69180	26.4	null	null	13113	75
2026-05-27T16:33:38.714	WT901BLE68(F3:F0:16:BF:DC:AE)	0.268	0.834	0.461	10.559	2.991	24.597	58.67	-13.77	-93.48	-4.500	11.247	1.593	-0.51508	-0.22357	0.45389	0.69180	26.4	null	null	13113	75
2026-05-27T16:33:38.833	WT901BLE68(F3:F0:16:BF:DC:AE)	0.255	0.840	0.544	0.977	-2.258	15.808	58.93	-15.67	-89.92	-4.500	11.247	1.593	-0.51508	-0.22357	0.45389	0.69180	26.4	null	null	13113	75
2026-05-27T16:33:38.890	WT901BLE68(F3:F0:16:BF:DC:AE)	0.315	0.794	0.506	-5.981	-6.409	5.615	58.62	-16.70	-87.01	-0.647	7.847	0.687	-0.51508	-0.22357	0.45389	0.69180	26.4	null	null	13113	75
2026-05-27T16:33:39.017	WT901BLE68(F3:F0:16:BF:DC:AE)	0.341	0.795	0.525	-8.911	-9.155	-4.333	57.96	-16.96	-84.64	-0.647	7.847	0.687	-0.51508	-0.22357	0.45389	0.69180	26.4	null	null	13113	75
2026-05-27T16:33:39.105	WT901BLE68(F3:F0:16:BF:DC:AE)	0.308	0.812	0.520	0.366	-0.610	-13.550	57.93	-16.45	-82.11	-0.647	7.847	0.687	-0.51508	-0.22357	0.45389	0.69180	26.4	null	null	13113	75
2026-05-27T16:33:39.224	WT901BLE68(F3:F0:16:BF:DC:AE)	0.234	0.814	0.534	1.099	-1.282	-22.522	58.29	-15.05	-79.82	-0.647	7.847	0.687	-0.69998	-0.28275	0.40695	0.51416	26.4	null	null	13113	75
2026-05-27T16:33:39.314	WT901BLE68(F3:F0:16:BF:DC:AE)	0.237	0.852	0.497	0.610	-10.925	-41.626	58.69	-12.57	-79.03	-0.647	7.847	0.687	-0.69998	-0.28275	0.40695	0.51416	26.4	null	null	13113	75
2026-05-27T16:33:39.433	WT901BLE68(F3:F0:16:BF:DC:AE)	0.178	0.859	0.469	23.376	10.132	-24.536	60.46	-9.95	-78.28	-0.647	7.847	0.687	-0.69998	-0.28275	0.40695	0.51416	26.4	null	null	13113	75
2026-05-27T16:33:39.524	WT901BLE68(F3:F0:16:BF:DC:AE)	0.119	0.896	0.454	3.845	-0.671	-13.611	62.05	-8.43	-75.76	-0.647	7.847	0.687	-0.69998	-0.28275	0.40695	0.51416	26.4	null	null	13113	75
2026-05-27T16:33:39.641	WT901BLE68(F3:F0:16:BF:DC:AE)	0.115	0.891	0.556	-1.465	2.441	-9.338	61.97	-7.44	-73.83	-0.647	7.847	0.687	-0.69998	-0.28275	0.40695	0.51416	26.4	null	null	13113	75
2026-05-27T16:33:39.705	WT901BLE68(F3:F0:16:BF:DC:AE)	0.047	0.873	0.477	6.165	11.719	-0.366	62.48	-6.55	-70.61	-0.647	7.847	0.687	-0.69998	-0.28275	0.40695	0.51416	26.4	null	null	13113	75
2026-05-27T16:33:39.826	WT901BLE68(F3:F0:16:BF:DC:AE)	0.069	0.876	0.493	-1.770	21.484	7.568	62.50	-6.04	-66.13	-0.647	7.847	0.687	-0.69998	-0.28275	0.40695	0.51416	26.4	null	null	13113	75
2026-05-27T16:33:39.912	WT901BLE68(F3:F0:16:BF:DC:AE)	0.100	0.889	0.458	-9.277	16.479	5.127	61.74	-5.53	-62.16	-3.647	14.527	-0.773	-0.69998	-0.28275	0.40695	0.51416	26.4	null	null	13113	75
2026-05-27T16:33:40.036	WT901BLE68(F3:F0:16:BF:DC:AE)	0.204	0.895	0.470	-21.912	-3.662	27.466	60.01	-6.94	-59.49	-3.647	14.527	-0.773	-0.69998	-0.28275	0.40695	0.51416	26.4	null	null	13113	75
2026-05-27T16:33:40.123	WT901BLE68(F3:F0:16:BF:DC:AE)	0.245	0.867	0.515	-3.052	1.038	28.625	58.70	-9.76	-56.77	-3.647	14.527	-0.773	-0.77438	-0.39926	0.29523	0.39194	26.4	null	null	13113	75
2026-05-27T16:33:40.245	WT901BLE68(F3:F0:16:BF:DC:AE)	0.227	0.855	0.454	18.127	5.310	26.367	59.66	-11.82	-53.70	-3.647	14.527	-0.773	-0.77438	-0.39926	0.29523	0.39194	26.4	null	null	13113	75
2026-05-27T16:33:40.303	WT901BLE68(F3:F0:16:BF:DC:AE)	0.164	0.846	0.508	-1.343	20.203	17.883	59.94	-13.16	-49.22	-3.647	14.527	-0.773	-0.77438	-0.39926	0.29523	0.39194	26.4	null	null	13113	75
2026-05-27T16:33:40.426	WT901BLE68(F3:F0:16:BF:DC:AE)	0.368	0.793	0.516	-5.005	15.686	1.404	58.83	-12.73	-45.49	-3.647	14.527	-0.773	-0.77438	-0.39926	0.29523	0.39194	26.4	null	null	13113	75
2026-05-27T16:33:40.512	WT901BLE68(F3:F0:16:BF:DC:AE)	0.243	0.824	0.485	-4.944	4.089	1.465	58.07	-12.68	-44.41	-3.647	14.527	-0.773	-0.77438	-0.39926	0.29523	0.39194	26.4	null	null	13113	75
2026-05-27T16:33:40.634	WT901BLE68(F3:F0:16:BF:DC:AE)	0.199	0.816	0.568	-8.911	-1.465	-12.573	57.41	-12.27	-44.90	-3.647	14.527	-0.773	-0.77438	-0.39926	0.29523	0.39194	26.4	null	null	13113	75
2026-05-27T16:33:40.724	WT901BLE68(F3:F0:16:BF:DC:AE)	0.250	0.746	0.566	3.113	18.005	-14.832	57.02	-10.97	-46.63	-3.647	14.527	-0.773	-0.77438	-0.39926	0.29523	0.39194	26.4	null	null	13113	75
2026-05-27T16:33:40.845	WT901BLE68(F3:F0:16:BF:DC:AE)	0.149	0.885	0.503	16.296	19.409	-21.973	58.05	-8.73	-46.08	-0.940	7.160	2.673	-0.77438	-0.39926	0.29523	0.39194	26.4	null	null	13113	75
2026-05-27T16:33:40.933	WT901BLE68(F3:F0:16:BF:DC:AE)	0.091	0.854	0.482	23.193	3.296	-25.085	60.00	-5.99	-48.26	-0.940	7.160	2.673	-0.80450	-0.43253	0.24564	0.32440	26.4	null	null	13113	75
2026-05-27T16:33:41.055	WT901BLE68(F3:F0:16:BF:DC:AE)	0.079	0.891	0.494	10.803	4.211	-0.977	62.02	-4.78	-48.00	-0.940	7.160	2.673	-0.80450	-0.43253	0.24564	0.32440	26.4	null	null	13113	75
2026-05-27T16:33:41.114	WT901BLE68(F3:F0:16:BF:DC:AE)	0.023	0.894	0.413	7.141	-2.747	-15.625	62.62	-4.05	-48.31	-0.940	7.160	2.673	-0.80450	-0.43253	0.24564	0.32440	26.4	null	null	13113	75
2026-05-27T16:33:41.238	WT901BLE68(F3:F0:16:BF:DC:AE)	-0.035	0.901	0.488	10.864	4.395	12.939	63.36	-3.91	-48.44	-0.940	7.160	2.673	-0.80450	-0.43253	0.24564	0.32440	26.4	null	null	13113	75
2026-05-27T16:33:41.323	WT901BLE68(F3:F0:16:BF:DC:AE)	0.104	0.879	0.502	-6.653	4.822	19.958	63.67	-5.10	-46.61	-0.940	7.160	2.673	-0.80450	-0.43253	0.24564	0.32440	26.4	null	null	13113	75
2026-05-27T16:33:41.446	WT901BLE68(F3:F0:16:BF:DC:AE)	0.079	0.865	0.583	-20.874	1.953	14.160	61.97	-6.41	-44.95	-0.940	7.160	2.673	-0.80450	-0.43253	0.24564	0.32440	26.4	null	null	13113	75
2026-05-27T16:33:41.534	WT901BLE68(F3:F0:16:BF:DC:AE)	0.196	0.875	0.513	-20.203	3.906	22.644	59.74	-7.53	-43.29	-0.940	7.160	2.673	-0.80450	-0.43253	0.24564	0.32440	26.4	null	null	13113	75
2026-05-27T16:33:41.655	WT901BLE68(F3:F0:16:BF:DC:AE)	0.164	0.897	0.431	-4.822	3.906	17.212	58.14	-9.10	-41.73	-0.940	7.160	2.673	-0.80450	-0.43253	0.24564	0.32440	26.4	null	null	13113	75
2026-05-27T16:33:41.713	WT901BLE68(F3:F0:16:BF:DC:AE)	0.167	0.868	0.485	11.047	20.142	31.799	58.52	-10.52	-40.97	-1.500	8.033	2.500	-0.80450	-0.43253	0.24564	0.32440	26.4	null	null	13113	75
2026-05-27T16:33:41.834	WT901BLE68(F3:F0:16:BF:DC:AE)	0.218	0.855	0.573	-8.606	-1.465	17.029	58.35	-12.35	-39.93	-1.500	8.033	2.500	-0.80450	-0.43253	0.24564	0.32440	26.4	null	null	13113	75
2026-05-27T16:33:41.919	WT901BLE68(F3:F0:16:BF:DC:AE)	0.260	0.823	0.521	-4.822	-3.296	2.563	57.66	-12.94	-41.52	-1.500	8.033	2.500	-0.83432	-0.41974	0.25647	0.24863	26.4	null	null	13113	75
2026-05-27T16:33:42.046	WT901BLE68(F3:F0:16:BF:DC:AE)	0.220	0.810	0.507	2.014	7.690	1.770	57.61	-13.06	-42.90	-1.500	8.033	2.500	-0.83432	-0.41974	0.25647	0.24863	26.4	null	null	13113	75
2026-05-27T16:33:42.136	WT901BLE68(F3:F0:16:BF:DC:AE)	0.212	0.787	0.596	-10.010	-4.028	-13.794	57.17	-12.32	-45.47	-1.500	8.033	2.500	-0.83432	-0.41974	0.25647	0.24863	26.4	null	null	13113	75
2026-05-27T16:33:42.253	WT901BLE68(F3:F0:16:BF:DC:AE)	0.255	0.827	0.573	4.211	12.207	-25.635	57.08	-10.39	-47.22	-1.500	8.033	2.500	-0.83432	-0.41974	0.25647	0.24863	26.4	null	null	13113	75
2026-05-27T16:33:42.343	WT901BLE68(F3:F0:16:BF:DC:AE)	0.196	0.876	0.522	8.972	6.470	-52.917	57.86	-6.67	-49.52	-1.500	8.033	2.500	-0.83432	-0.41974	0.25647	0.24863	26.4	null	null	13113	75
2026-05-27T16:33:42.463	WT901BLE68(F3:F0:16:BF:DC:AE)	0.013	0.858	0.461	22.888	15.381	-37.048	59.68	-2.65	-52.56	-1.500	8.033	2.500	-0.83432	-0.41974	0.25647	0.24863	26.4	null	null	13113	75
2026-05-27T16:33:42.526	WT901BLE68(F3:F0:16:BF:DC:AE)	-0.004	0.903	0.391	9.216	1.282	-11.292	61.66	-0.23	-52.51	-5.853	12.707	1.440	-0.83432	-0.41974	0.25647	0.24863	26.4	null	null	13113	75
2026-05-27T16:33:42.643	WT901BLE68(F3:F0:16:BF:DC:AE)	-0.051	0.904	0.479	8.667	9.399	5.005	62.42	0.04	-52.45	-5.853	12.707	1.440	-0.83432	-0.41974	0.25647	0.24863	26.4	null	null	13113	75
2026-05-27T16:33:42.734	WT901BLE68(F3:F0:16:BF:DC:AE)	-0.056	0.892	0.551	-5.554	1.038	5.554	62.57	-0.23	-51.75	-5.853	12.707	1.440	-0.83432	-0.41974	0.25647	0.24863	26.4	null	null	13113	75
2026-05-27T16:33:42.852	WT901BLE68(F3:F0:16:BF:DC:AE)	-0.011	0.857	0.535	-17.029	-3.357	9.155	61.50	-0.60	-51.09	-5.853	12.707	1.440	-0.77084	-0.46533	0.22733	0.37079	26.4	null	null	13113	75
2026-05-27T16:33:42.942	WT901BLE68(F3:F0:16:BF:DC:AE)	0.010	0.853	0.526	-14.038	6.531	19.165	59.98	-1.47	-50.07	-5.853	12.707	1.440	-0.77084	-0.46533	0.22733	0.37079	26.4	null	null	13113	75
2026-05-27T16:33:43.064	WT901BLE68(F3:F0:16:BF:DC:AE)	0.082	0.837	0.499	-18.127	7.080	25.635	58.21	-3.10	-48.55	-5.853	12.707	1.440	-0.77084	-0.46533	0.22733	0.37079	26.4	null	null	13113	75
2026-05-27T16:33:43.122	WT901BLE68(F3:F0:16:BF:DC:AE)	0.156	0.857	0.487	-17.517	-9.033	27.100	56.48	-5.16	-48.18	-5.853	12.707	1.440	-0.77084	-0.46533	0.22733	0.37079	26.4	null	null	13113	75
2026-05-27T16:33:43.248	WT901BLE68(F3:F0:16:BF:DC:AE)	0.158	0.825	0.553	-0.610	5.066	29.114	55.72	-7.43	-47.82	-5.853	12.707	1.440	-0.77084	-0.46533	0.22733	0.37079	26.4	null	null	13113	75
2026-05-27T16:33:43.334	WT901BLE68(F3:F0:16:BF:DC:AE)	0.190	0.836	0.534	-10.254	-2.563	25.757	55.42	-9.22	-47.25	-5.853	12.707	1.440	-0.77084	-0.46533	0.22733	0.37079	26.4	null	null	13113	75
2026-05-27T16:33:43.456	WT901BLE68(F3:F0:16:BF:DC:AE)	0.257	0.785	0.588	-13.489	-14.282	4.089	54.21	-10.70	-49.13	-5.853	12.707	1.440	-0.77084	-0.46533	0.22733	0.37079	26.4	null	null	13113	75
2026-05-27T16:33:43.540	WT901BLE68(F3:F0:16:BF:DC:AE)	0.142	0.794	0.601	0.854	4.944	0.488	53.86	-10.90	-50.84	-0.487	4.147	3.167	-0.77084	-0.46533	0.22733	0.37079	26.4	null	null	13113	75
2026-05-27T16:33:43.666	WT901BLE68(F3:F0:16:BF:DC:AE)	0.235	0.786	0.558	0.122	35.461	-0.977	53.61	-10.09	-51.65	-0.487	4.147	3.167	-0.77084	-0.46533	0.22733	0.37079	26.4	null	null	13113	75
2026-05-27T16:33:43.752	WT901BLE68(F3:F0:16:BF:DC:AE)	-0.265	0.858	0.710	-3.540	-24.780	-24.292	53.70	-7.53	-52.58	-0.487	4.147	3.167	-0.81662	-0.37204	0.26074	0.35580	26.4	null	null	13113	75
2026-05-27T16:33:43.877	WT901BLE68(F3:F0:16:BF:DC:AE)	0.059	0.812	0.548	19.348	-1.343	-30.579	55.12	-5.34	-55.24	-0.487	4.147	3.167	-0.81662	-0.37204	0.26074	0.35580	26.4	null	null	13113	75
2026-05-27T16:33:43.933	WT901BLE68(F3:F0:16:BF:DC:AE)	-0.001	0.811	0.466	31.067	-6.165	-7.385	58.02	-4.34	-57.26	-0.487	4.147	3.167	-0.81662	-0.37204	0.26074	0.35580	26.4	null	null	13113	75
2026-05-27T16:33:44.052	WT901BLE68(F3:F0:16:BF:DC:AE)	0.071	0.904	0.459	11.719	-5.249	-9.644	60.08	-3.84	-56.94	-0.487	4.147	3.167	-0.81662	-0.37204	0.26074	0.35580	26.4	null	null	13113	75
2026-05-27T16:33:44.142	WT901BLE68(F3:F0:16:BF:DC:AE)	0.065	0.862	0.529	2.869	-2.502	-8.728	60.35	-3.37	-57.13	-0.487	4.147	3.167	-0.81662	-0.37204	0.26074	0.35580	26.4	null	null	13113	75
2026-05-27T16:33:44.266	WT901BLE68(F3:F0:16:BF:DC:AE)	0.038	0.860	0.555	-5.371	-3.235	0.671	60.15	-3.27	-56.09	-0.487	4.147	3.167	-0.81662	-0.37204	0.26074	0.35580	26.4	null	null	13113	75
2026-05-27T16:33:44.352	WT901BLE68(F3:F0:16:BF:DC:AE)	-0.027	0.865	0.506	-14.038	-6.531	-7.996	59.32	-2.98	-54.84	-0.487	4.147	3.167	-0.81662	-0.37204	0.26074	0.35580	26.4	null	null	13113	75
2026-05-27T16:33:44.476	WT901BLE68(F3:F0:16:BF:DC:AE)	0.050	0.832	0.555	-17.273	-12.512	10.559	57.67	-3.47	-54.66	-4.167	12.547	-0.893	-0.81662	-0.37204	0.26074	0.35580	26.4	null	null	13113	75
2026-05-27T16:33:44.532	WT901BLE68(F3:F0:16:BF:DC:AE)	0.123	0.846	0.603	-16.296	-24.292	21.057	56.15	-5.83	-53.39	-4.167	12.547	-0.893	-0.79514	-0.40350	0.24924	0.37778	26.4	null	null	13113	75
2026-05-27T16:33:44.655	WT901BLE68(F3:F0:16:BF:DC:AE)	0.167	0.816	0.563	-15.808	-74.707	27.283	55.09	-10.29	-53.07	-4.167	12.547	-0.893	-0.79514	-0.40350	0.24924	0.37778	26.4	null	null	13113	75
2026-05-27T16:33:44.743	WT901BLE68(F3:F0:16:BF:DC:AE)	0.354	0.802	0.510	12.573	-30.579	24.963	55.62	-15.31	-52.09	-4.167	12.547	-0.893	-0.79514	-0.40350	0.24924	0.37778	26.4	null	null	13113	75
2026-05-27T16:33:44.865	WT901BLE68(F3:F0:16:BF:DC:AE)	0.266	0.841	0.438	9.949	-5.249	28.381	56.77	-17.94	-47.41	-4.167	12.547	-0.893	-0.79514	-0.40350	0.24924	0.37778	26.4	null	null	13113	75
2026-05-27T16:33:44.950	WT901BLE68(F3:F0:16:BF:DC:AE)	0.376	0.778	0.528	-6.226	-7.751	11.353	56.59	-19.95	-42.88	-4.167	12.547	-0.893	-0.79514	-0.40350	0.24924	0.37778	26.4	null	null	13113	75
2026-05-27T16:33:45.074	WT901BLE68(F3:F0:16:BF:DC:AE)	0.422	0.764	0.569	-0.732	-0.610	2.869	56.15	-20.49	-38.98	-4.167	12.547	-0.893	-0.79514	-0.40350	0.24924	0.37778	26.4	null	null	13113	75
2026-05-27T16:33:45.164	WT901BLE68(F3:F0:16:BF:DC:AE)	0.343	0.759	0.514	-4.822	2.075	-3.845	55.98	-20.36	-34.63	-4.167	12.547	-0.893	-0.79514	-0.40350	0.24924	0.37778	26.4	null	null	13113	75
2026-05-27T16:33:45.314	WT901BLE68(F3:F0:16:BF:DC:AE)	0.329	0.775	0.587	0.183	2.258	-10.620	55.78	-19.70	-30.97	-4.167	12.547	-0.893	-0.79514	-0.40350	0.24924	0.37778	26.4	null	null	13113	75
2026-05-27T16:33:45.341	WT901BLE68(F3:F0:16:BF:DC:AE)	0.294	0.782	0.553	0.732	2.869	-22.156	56.29	-18.25	-28.23	6.913	5.693	-9.327	-0.79514	-0.40350	0.24924	0.37778	26.4	null	null	13113	75
2026-05-27T16:33:45.465	WT901BLE68(F3:F0:16:BF:DC:AE)	0.263	0.807	0.545	-4.395	-6.714	-33.813	56.71	-16.14	-27.36	6.913	5.693	-9.327	-0.79514	-0.40350	0.24924	0.37778	26.4	null	null	13113	75
2026-05-27T16:33:45.549	WT901BLE68(F3:F0:16:BF:DC:AE)	0.260	0.851	0.509	10.742	20.996	-42.297	57.34	-12.12	-25.29	6.913	5.693	-9.327	-0.86252	-0.43185	0.22174	0.14252	26.4	null	null	13113	75
2026-05-27T16:33:45.674	WT901BLE68(F3:F0:16:BF:DC:AE)	0.094	0.869	0.469	19.775	14.282	-31.738	59.46	-8.05	-23.79	6.913	5.693	-9.327	-0.86252	-0.43185	0.22174	0.14252	26.4	null	null	13113	75
2026-05-27T16:33:45.766	WT901BLE68(F3:F0:16:BF:DC:AE)	0.081	0.883	0.513	5.249	-5.188	-15.259	60.72	-6.14	-23.52	6.913	5.693	-9.327	-0.86252	-0.43185	0.22174	0.14252	26.4	null	null	13113	75
2026-05-27T16:33:45.914	WT901BLE68(F3:F0:16:BF:DC:AE)	0.039	0.865	0.498	9.277	1.648	-7.568	61.59	-5.32	-22.83	6.913	5.693	-9.327	-0.86252	-0.43185	0.22174	0.14252	26.4	null	null	13113	75
2026-05-27T16:33:45.940	WT901BLE68(F3:F0:16:BF:DC:AE)	0.060	0.860	0.544	-4.517	-6.775	2.686	61.78	-5.33	-21.86	6.913	5.693	-9.327	-0.86252	-0.43185	0.22174	0.14252	26.4	null	null	13113	75
2026-05-27T16:33:46.066	WT901BLE68(F3:F0:16:BF:DC:AE)	0.051	0.853	0.514	-8.118	-6.714	10.498	60.90	-6.16	-20.87	6.913	5.693	-9.327	-0.86252	-0.43185	0.22174	0.14252	26.4	null	null	13113	75
2026-05-27T16:33:46.154	WT901BLE68(F3:F0:16:BF:DC:AE)	0.146	0.875	0.477	-11.353	-15.808	20.691	59.73	-7.78	-19.61	6.913	5.693	-9.327	-0.86252	-0.43185	0.22174	0.14252	26.4	null	null	13113	75
2026-05-27T16:33:46.303	WT901BLE68(F3:F0:16:BF:DC:AE)	0.165	0.849	0.470	1.648	-21.912	27.588	59.11	-10.83	-18.92	2.520	15.880	-11.493	-0.86252	-0.43185	0.22174	0.14252	26.4	null	null	13113	75
2026-05-27T16:33:46.361	WT901BLE68(F3:F0:16:BF:DC:AE)	0.315	0.829	0.490	11.902	-10.986	32.166	59.78	-13.97	-17.07	2.520	15.880	-11.493	-0.86252	-0.43185	0.22174	0.14252	26.4	null	null	13113	75
2026-05-27T16:33:46.483	WT901BLE68(F3:F0:16:BF:DC:AE)	0.299	0.819	0.450	10.193	-6.531	21.912	60.73	-16.59	-14.27	2.520	15.880	-11.493	-0.85995	-0.47351	0.17773	0.06772	26.4	null	null	13113	75
2026-05-27T16:33:46.574	WT901BLE68(F3:F0:16:BF:DC:AE)	0.286	0.846	0.481	-0.916	-6.531	11.841	61.20	-18.46	-12.04	2.520	15.880	-11.493	-0.85995	-0.47351	0.17773	0.06772	26.4	null	null	13113	75
2026-05-27T16:33:46.696	WT901BLE68(F3:F0:16:BF:DC:AE)	0.351	0.853	0.494	-10.498	-24.414	-4.089	61.08	-19.32	-11.42	2.520	15.880	-11.493	-0.85995	-0.47351	0.17773	0.06772	26.4	null	null	13113	75
2026-05-27T16:33:46.753	WT901BLE68(F3:F0:16:BF:DC:AE)	0.330	0.835	0.453	-11.536	-21.240	-1.648	60.96	-20.04	-11.41	2.520	15.880	-11.493	-0.85995	-0.47351	0.17773	0.06772	26.4	null	null	13113	75
2026-05-27T16:33:46.874	WT901BLE68(F3:F0:16:BF:DC:AE)	0.365	0.796	0.435	-23.438	-34.546	-13.977	60.02	-20.82	-12.40	2.520	15.880	-11.493	-0.85995	-0.47351	0.17773	0.06772	26.4	null	null	13113	75
2026-05-27T16:33:46.996	WT901BLE68(F3:F0:16:BF:DC:AE)	0.343	0.811	0.437	-13.184	-15.198	-22.095	59.29	-20.60	-13.88	2.520	15.880	-11.493	-0.85995	-0.47351	0.17773	0.06772	26.4	null	null	13113	75
2026-05-27T16:33:47.082	WT901BLE68(F3:F0:16:BF:DC:AE)	0.329	0.822	0.450	-5.493	-3.052	-31.738	59.35	-18.99	-14.33	8.833	14.113	-21.153	-0.85995	-0.47351	0.17773	0.06772	26.4	null	null	13113	75
2026-05-27T16:33:47.173	WT901BLE68(F3:F0:16:BF:DC:AE)	0.277	0.836	0.506	15.015	21.790	-32.410	60.18	-15.27	-12.91	8.833	14.113	-21.153	-0.85995	-0.47351	0.17773	0.06772	26.4	null	null	13113	75
2026-05-27T16:33:47.292	WT901BLE68(F3:F0:16:BF:DC:AE)	0.208	0.885	0.429	7.690	0.122	-24.658	61.66	-12.60	-11.93	8.833	14.113	-21.153	-0.85995	-0.47351	0.17773	0.06772	26.4	null	null	13113	75
2026-05-27T16:33:47.353	WT901BLE68(F3:F0:16:BF:DC:AE)	0.143	0.855	0.557	3.235	-13.428	-19.348	62.41	-11.02	-12.96	8.833	14.113	-21.153	-0.85312	-0.50052	0.14157	0.03894	26.4	null	null	13113	75
2026-05-27T16:33:47.472	WT901BLE68(F3:F0:16:BF:DC:AE)	0.095	0.867	0.502	12.695	-5.859	-6.958	63.40	-10.47	-13.48	8.833	14.113	-21.153	-0.85312	-0.50052	0.14157	0.03894	26.4	null	null	13113	75
2026-05-27T16:33:47.562	WT901BLE68(F3:F0:16:BF:DC:AE)	0.108	0.887	0.458	-10.864	-16.785	-2.747	63.69	-10.43	-13.74	8.833	14.113	-21.153	-0.85312	-0.50052	0.14157	0.03894	26.4	null	null	13113	75
2026-05-27T16:33:47.686	WT901BLE68(F3:F0:16:BF:DC:AE)	0.118	0.884	0.454	-10.742	-20.508	12.817	62.70	-11.50	-14.43	8.833	14.113	-21.153	-0.85312	-0.50052	0.14157	0.03894	26.4	null	null	13113	75
2026-05-27T16:33:47.772	WT901BLE68(F3:F0:16:BF:DC:AE)	0.301	0.849	0.465	-14.160	-33.081	29.907	61.84	-14.47	-14.69	8.833	14.113	-21.153	-0.85312	-0.50052	0.14157	0.03894	26.4	null	null	13113	75
2026-05-27T16:33:47.895	WT901BLE68(F3:F0:16:BF:DC:AE)	0.366	0.878	0.369	2.686	-57.251	24.597	61.77	-18.50	-15.53	8.833	14.113	-21.153	-0.85312	-0.50052	0.14157	0.03894	26.4	null	null	13113	75
2026-05-27T16:33:47.987	WT901BLE68(F3:F0:16:BF:DC:AE)	0.420	0.809	0.328	20.996	-31.311	21.667	64.35	-22.34	-17.46	6.993	19.380	-29.160	-0.85312	-0.50052	0.14157	0.03894	26.4	null	null	13113	75
2026-05-27T16:33:48.106	WT901BLE68(F3:F0:16:BF:DC:AE)	0.430	0.845	0.269	5.554	-30.579	24.536	66.63	-25.66	-17.48	6.993	19.380	-29.160	-0.85312	-0.50052	0.14157	0.03894	26.4	null	null	13113	75
2026-05-27T16:33:48.162	WT901BLE68(F3:F0:16:BF:DC:AE)	0.533	0.812	0.376	-8.667	-23.560	2.319	67.29	-27.70	-18.32	6.993	19.380	-29.160	-0.81937	-0.49976	0.28070	-0.00201	26.4	null	null	13113	75
2026-05-27T16:33:48.280	WT901BLE68(F3:F0:16:BF:DC:AE)	0.508	0.789	0.358	2.563	-21.484	-0.793	68.16	-28.60	-19.02	6.993	19.380	-29.160	-0.81937	-0.49976	0.28070	-0.00201	26.4	null	null	13113	75
2026-05-27T16:33:48.369	WT901BLE68(F3:F0:16:BF:DC:AE)	0.501	0.801	0.341	-16.235	-25.391	-10.803	68.77	-29.10	-19.86	6.993	19.380	-29.160	-0.81937	-0.49976	0.28070	-0.00201	26.4	null	null	13113	75
2026-05-27T16:33:48.489	WT901BLE68(F3:F0:16:BF:DC:AE)	0.493	0.814	0.329	-30.029	-19.104	-22.583	67.45	-28.36	-21.32	6.993	19.380	-29.160	-0.81937	-0.49976	0.28070	-0.00201	26.4	null	null	13113	75
2026-05-27T16:33:48.584	WT901BLE68(F3:F0:16:BF:DC:AE)	0.425	0.856	0.391	-39.612	-25.574	-38.635	65.70	-26.60	-23.47	6.993	19.380	-29.160	-0.81937	-0.49976	0.28070	-0.00201	26.4	null	null	13113	75
2026-05-27T16:33:48.704	WT901BLE68(F3:F0:16:BF:DC:AE)	0.408	0.845	0.435	-22.705	-20.325	-64.209	64.64	-23.19	-27.60	6.993	19.380	-29.160	-0.81937	-0.49976	0.28070	-0.00201	26.4	null	null	13113	75
2026-05-27T16:33:48.761	WT901BLE68(F3:F0:16:BF:DC:AE)	0.258	0.906	0.326	-6.714	-2.930	-42.542	64.98	-18.81	-29.21	6.993	19.380	-29.160	-0.81937	-0.49976	0.28070	-0.00201	26.4	null	null	13113	75
2026-05-27T16:33:48.879	WT901BLE68(F3:F0:16:BF:DC:AE)	0.262	0.874	0.412	-7.629	-11.047	-21.484	64.97	-16.38	-30.12	6.993	19.380	-29.160	-0.81937	-0.49976	0.28070	-0.00201	26.4	null	null	13113	75
2026-05-27T16:33:48.970	WT901BLE68(F3:F0:16:BF:DC:AE)	0.279	0.878	0.403	5.249	-32.471	-5.798	65.57	-16.11	-31.12	-5.673	30.847	-38.833	-0.81937	-0.49976	0.28070	-0.00201	26.4	null	null	13113	75
2026-05-27T16:33:49.096	WT901BLE68(F3:F0:16:BF:DC:AE)	0.265	0.880	0.385	-0.671	-23.499	5.127	66.59	-17.16	-32.38	-5.673	30.847	-38.833	-0.81937	-0.49976	0.28070	-0.00201	26.4	null	null	13113	75
2026-05-27T16:33:49.184	WT901BLE68(F3:F0:16:BF:DC:AE)	0.316	0.878	0.420	-3.845	-22.583	18.066	66.82	-18.85	-32.89	-5.673	30.847	-38.833	-0.81558	-0.48535	0.27634	0.15094	26.4	null	null	13113	75
2026-05-27T16:33:49.303	WT901BLE68(F3:F0:16:BF:DC:AE)	0.400	0.864	0.424	3.540	-28.687	24.292	67.24	-21.84	-33.01	-5.673	30.847	-38.833	-0.81558	-0.48535	0.27634	0.15094	26.4	null	null	13113	75
2026-05-27T16:33:49.391	WT901BLE68(F3:F0:16:BF:DC:AE)	0.398	0.846	0.327	12.146	-27.283	15.625	68.82	-24.46	-33.82	-5.673	30.847	-38.833	-0.81558	-0.48535	0.27634	0.15094	26.4	null	null	13113	75
2026-05-27T16:33:49.515	WT901BLE68(F3:F0:16:BF:DC:AE)	0.484	0.843	0.266	3.784	-29.480	11.292	70.57	-26.52	-34.81	-5.673	30.847	-38.833	-0.81558	-0.48535	0.27634	0.15094	26.4	null	null	13113	75
2026-05-27T16:33:49.571	WT901BLE68(F3:F0:16:BF:DC:AE)	0.463	0.856	0.256	-6.348	-25.818	4.028	71.64	-28.03	-35.89	-5.673	30.847	-38.833	-0.81558	-0.48535	0.27634	0.15094	26.4	null	null	13113	75
2026-05-27T16:33:49.692	WT901BLE68(F3:F0:16:BF:DC:AE)	0.537	0.823	0.255	-15.625	-36.743	-7.629	72.12	-28.70	-38.17	-5.673	30.847	-38.833	-0.81558	-0.48535	0.27634	0.15094	26.4	null	null	13113	75
2026-05-27T16:33:49.789	WT901BLE68(F3:F0:16:BF:DC:AE)	0.521	0.821	0.294	-18.311	-31.311	-12.512	72.31	-28.67	-40.49	-5.673	30.847	-38.833	-0.81558	-0.48535	0.27634	0.15094	26.4	null	null	13113	75
2026-05-27T16:33:49.906	WT901BLE68(F3:F0:16:BF:DC:AE)	0.525	0.832	0.285	-35.522	-36.621	-20.813	71.46	-28.11	-43.07	-9.400	31.840	-48.713	-0.81558	-0.48535	0.27634	0.15094	26.4	null	null	13113	75
2026-05-27T16:33:49.993	WT901BLE68(F3:F0:16:BF:DC:AE)	0.405	0.908	0.203	-56.946	-41.077	-48.035	69.16	-26.16	-46.71	-9.400	31.840	-48.713	-0.81558	-0.48535	0.27634	0.15094	26.4	null	null	13113	75
2026-05-27T16:33:50.145	WT901BLE68(F3:F0:16:BF:DC:AE)	0.245	0.851	0.259	-15.686	-21.179	-51.270	68.15	-22.08	-51.33	-9.400	31.840	-48.713	-0.78540	-0.42761	0.38812	0.22260	26.4	null	null	13113	75
2026-05-27T16:33:50.171	WT901BLE68(F3:F0:16:BF:DC:AE)	0.294	0.930	0.303	-19.043	1.221	-28.809	67.73	-18.86	-52.17	-9.400	31.840	-48.713	-0.78540	-0.42761	0.38812	0.22260	26.4	null	null	13113	75
2026-05-27T16:33:50.294	WT901BLE68(F3:F0:16:BF:DC:AE)	0.257	0.891	0.454	-13.855	7.813	-11.658	66.05	-16.70	-50.92	-9.400	31.840	-48.713	-0.78540	-0.42761	0.38812	0.22260	26.4	null	null	13113	75
2026-05-27T16:33:50.384	WT901BLE68(F3:F0:16:BF:DC:AE)	0.261	0.892	0.386	-1.770	-13.306	0.183	65.98	-16.56	-50.48	-9.400	31.840	-48.713	-0.78540	-0.42761	0.38812	0.22260	26.4	null	null	13113	75
2026-05-27T16:33:50.502	WT901BLE68(F3:F0:16:BF:DC:AE)	0.263	0.873	0.393	-8.728	-30.884	10.437	66.01	-17.97	-51.15	-9.400	31.840	-48.713	-0.78540	-0.42761	0.38812	0.22260	26.4	null	null	13113	75
2026-05-27T16:33:50.590	WT901BLE68(F3:F0:16:BF:DC:AE)	0.322	0.861	0.450	-10.559	-32.349	17.578	65.56	-20.37	-52.40	-9.400	31.840	-48.713	-0.78540	-0.42761	0.38812	0.22260	26.4	null	null	13113	75
2026-05-27T16:33:50.717	WT901BLE68(F3:F0:16:BF:DC:AE)	0.409	0.854	0.328	2.625	-44.739	16.724	66.40	-23.48	-54.38	-9.400	31.840	-48.713	-0.78540	-0.42761	0.38812	0.22260	26.4	null	null	13113	75
2026-05-27T16:33:50.773	WT901BLE68(F3:F0:16:BF:DC:AE)	0.451	0.822	0.250	5.249	-34.119	15.747	68.45	-26.40	-56.56	-27.013	43.747	-39.007	-0.78540	-0.42761	0.38812	0.22260	26.4	null	null	13113	75
2026-05-27T16:33:50.924	WT901BLE68(F3:F0:16:BF:DC:AE)	0.495	0.834	0.313	-6.287	-26.611	4.150	69.22	-28.18	-58.04	-27.013	43.747	-39.007	-0.78540	-0.42761	0.38812	0.22260	26.4	null	null	13113	75
2026-05-27T16:33:50.984	WT901BLE68(F3:F0:16:BF:DC:AE)	0.507	0.813	0.302	-0.244	-23.987	-3.174	70.20	-28.88	-59.19	-27.013	43.747	-39.007	-0.76251	-0.38318	0.44803	0.26630	26.4	null	null	13113	75
2026-05-27T16:33:51.106	WT901BLE68(F3:F0:16:BF:DC:AE)	0.518	0.790	0.333	-14.404	-29.419	-6.775	70.87	-29.30	-60.94	-27.013	43.747	-39.007	-0.76251	-0.38318	0.44803	0.26630	26.4	null	null	13113	75
2026-05-27T16:33:51.193	WT901BLE68(F3:F0:16:BF:DC:AE)	0.491	0.850	0.406	-37.292	-41.260	-14.038	70.28	-29.67	-64.06	-27.013	43.747	-39.007	-0.76251	-0.38318	0.44803	0.26630	26.4	null	null	13113	75
2026-05-27T16:33:51.317	WT901BLE68(F3:F0:16:BF:DC:AE)	0.381	0.822	0.340	-44.312	-43.213	-23.254	68.90	-29.72	-68.29	-27.013	43.747	-39.007	-0.76251	-0.38318	0.44803	0.26630	26.4	null	null	13113	75
2026-05-27T16:33:51.401	WT901BLE68(F3:F0:16:BF:DC:AE)	0.451	0.864	0.279	-59.143	-45.837	-49.316	66.54	-27.86	-73.16	-27.013	43.747	-39.007	-0.76251	-0.38318	0.44803	0.26630	26.4	null	null	13113	75
2026-05-27T16:33:51.524	WT901BLE68(F3:F0:16:BF:DC:AE)	0.278	0.887	0.307	-18.616	-11.353	-51.880	65.45	-23.63	-77.11	-27.013	43.747	-39.007	-0.76251	-0.38318	0.44803	0.26630	26.4	null	null	13113	75
2026-05-27T16:33:51.583	WT901BLE68(F3:F0:16:BF:DC:AE)	0.354	0.853	0.378	-22.583	-9.277	-28.931	65.10	-20.51	-79.16	-46.567	44.073	-17.200	-0.76251	-0.38318	0.44803	0.26630	26.4	null	null	13113	75
2026-05-27T16:33:51.701	WT901BLE68(F3:F0:16:BF:DC:AE)	0.264	0.908	0.435	0.061	4.456	-3.784	64.23	-19.03	-79.24	-46.567	44.073	-17.200	-0.76251	-0.38318	0.44803	0.26630	26.4	null	null	13113	75
2026-05-27T16:33:51.795	WT901BLE68(F3:F0:16:BF:DC:AE)	0.322	0.847	0.387	14.282	2.197	-0.244	65.26	-18.70	-78.30	-46.567	44.073	-17.200	-0.76251	-0.38318	0.44803	0.26630	26.4	null	null	13113	75
2026-05-27T16:33:51.916	WT901BLE68(F3:F0:16:BF:DC:AE)	0.297	0.871	0.409	-4.822	-23.499	6.836	65.95	-19.19	-77.89	-46.567	44.073	-17.200	-0.69992	-0.32870	0.44220	0.45432	26.4	null	null	13113	75
2026-05-27T16:33:52.002	WT901BLE68(F3:F0:16:BF:DC:AE)	0.361	0.836	0.428	-2.502	-26.245	18.921	66.14	-21.15	-78.85	-46.567	44.073	-17.200	-0.69992	-0.32870	0.44220	0.45432	26.4	null	null	13113	75
2026-05-27T16:33:52.124	WT901BLE68(F3:F0:16:BF:DC:AE)	0.404	0.842	0.329	7.813	-41.199	22.949	67.12	-24.31	-79.92	-46.567	44.073	-17.200	-0.69992	-0.32870	0.44220	0.45432	26.4	null	null	13113	75
2026-05-27T16:33:52.215	WT901BLE68(F3:F0:16:BF:DC:AE)	0.466	0.849	0.333	4.395	-19.409	13.794	68.84	-26.95	-81.27	-46.567	44.073	-17.200	-0.69992	-0.32870	0.44220	0.45432	26.4	null	null	13113	75
2026-05-27T16:33:52.330	WT901BLE68(F3:F0:16:BF:DC:AE)	0.443	0.854	0.298	-20.386	-33.325	5.371	69.10	-28.73	-82.30	-46.567	44.073	-17.200	-0.69992	-0.32870	0.44220	0.45432	26.4	null	null	13113	75
2026-05-27T16:33:52.395	WT901BLE68(F3:F0:16:BF:DC:AE)	0.493	0.837	0.330	-10.681	-25.330	-2.869	68.65	-29.84	-84.42	-46.567	44.073	-17.200	-0.69992	-0.32870	0.44220	0.45432	26.4	null	null	13113	75
2026-05-27T16:33:52.515	WT901BLE68(F3:F0:16:BF:DC:AE)	0.526	0.787	0.235	-16.846	-40.771	0.916	69.64	-30.99	-86.93	-46.567	44.073	-17.200	-0.69992	-0.32870	0.44220	0.45432	26.4	null	null	13113	75
2026-05-27T16:33:52.598	WT901BLE68(F3:F0:16:BF:DC:AE)	0.538	0.805	0.330	-33.936	-28.870	-11.230	69.10	-31.79	-89.73	-39.313	43.413	-6.980	-0.69992	-0.32870	0.44220	0.45432	26.4	null	null	13113	75
2026-05-27T16:33:52.724	WT901BLE68(F3:F0:16:BF:DC:AE)	0.580	0.768	0.360	-31.982	-18.066	-18.127	67.54	-31.35	-91.72	-39.313	43.413	-6.980	-0.69992	-0.32870	0.44220	0.45432	26.4	null	null	13113	75
2026-05-27T16:33:52.810	WT901BLE68(F3:F0:16:BF:DC:AE)	0.463	0.825	0.409	-44.373	-33.386	-41.809	65.63	-29.83	-94.37	-39.313	43.413	-6.980	-0.66202	-0.20544	0.53644	0.48126	26.4	null	null	13113	75
2026-05-27T16:33:52.937	WT901BLE68(F3:F0:16:BF:DC:AE)	0.374	0.808	0.344	-10.498	1.648	-38.574	65.06	-27.08	-98.25	-39.313	43.413	-6.980	-0.66202	-0.20544	0.53644	0.48126	26.4	null	null	13113	75
2026-05-27T16:33:52.989	WT901BLE68(F3:F0:16:BF:DC:AE)	0.378	0.853	0.404	-24.292	-19.470	-24.353	64.53	-24.46	-98.72	-39.313	43.413	-6.980	-0.66202	-0.20544	0.53644	0.48126	26.4	null	null	13113	75
2026-05-27T16:33:53.117	WT901BLE68(F3:F0:16:BF:DC:AE)	0.306	0.852	0.523	-13.245	0.183	-21.179	63.29	-23.03	-100.57	-39.313	43.413	-6.980	-0.66202	-0.20544	0.53644	0.48126	26.4	null	null	13113	75
2026-05-27T16:33:53.202	WT901BLE68(F3:F0:16:BF:DC:AE)	0.312	0.844	0.419	1.587	10.681	-9.766	63.10	-21.15	-99.16	-39.313	43.413	-6.980	-0.66202	-0.20544	0.53644	0.48126	26.4	null	null	13113	75
2026-05-27T16:33:53.323	WT901BLE68(F3:F0:16:BF:DC:AE)	0.337	0.829	0.481	-13.916	-3.845	0.183	62.25	-20.34	-98.14	-39.313	43.413	-6.980	-0.66202	-0.20544	0.53644	0.48126	26.4	null	null	13113	75
2026-05-27T16:33:53.414	WT901BLE68(F3:F0:16:BF:DC:AE)	0.280	0.848	0.495	-9.888	-2.075	12.817	61.09	-21.06	-97.00	-39.313	43.413	-6.980	-0.66202	-0.20544	0.53644	0.48126	26.4	null	null	13113	75
2026-05-27T16:33:53.532	WT901BLE68(F3:F0:16:BF:DC:AE)	0.277	0.814	0.487	0.610	-7.019	12.573	60.57	-22.57	-96.18	-47.947	30.400	9.180	-0.66202	-0.20544	0.53644	0.48126	26.4	null	null	13113	75
2026-05-27T16:33:53.623	WT901BLE68(F3:F0:16:BF:DC:AE)	0.416	0.772	0.487	0.000	14.526	1.465	60.25	-22.56	-94.53	-47.947	30.400	9.180	-0.64566	-0.20761	0.47818	0.55789	26.4	null	null	13113	75
2026-05-27T16:33:53.775	WT901BLE68(F3:F0:16:BF:DC:AE)	0.490	0.799	0.502	-4.028	9.399	6.958	59.41	-22.15	-92.33	-47.947	30.400	9.180	-0.64566	-0.20761	0.47818	0.55789	26.4	null	null	13113	75
2026-05-27T16:33:53.799	WT901BLE68(F3:F0:16:BF:DC:AE)	0.414	0.825	0.445	-16.052	-30.762	3.784	58.67	-22.93	-91.54	-47.947	30.400	9.180	-0.64566	-0.20761	0.47818	0.55789	26.4	null	null	13113	75
2026-05-27T16:33:53.923	WT901BLE68(F3:F0:16:BF:DC:AE)	0.439	0.768	0.456	-18.005	-30.518	-2.991	58.25	-24.67	-94.16	-47.947	30.400	9.180	-0.64566	-0.20761	0.47818	0.55789	26.4	null	null	13113	75
2026-05-27T16:33:54.012	WT901BLE68(F3:F0:16:BF:DC:AE)	0.441	0.767	0.469	-6.226	-6.775	-9.094	57.97	-25.28	-95.35	-47.947	30.400	9.180	-0.64566	-0.20761	0.47818	0.55789	26.4	null	null	13113	75
2026-05-27T16:33:54.133	WT901BLE68(F3:F0:16:BF:DC:AE)	0.375	0.798	0.538	-14.709	-0.793	-25.208	57.60	-23.85	-95.80	-47.947	30.400	9.180	-0.64566	-0.20761	0.47818	0.55789	26.4	null	null	13113	75
2026-05-27T16:33:54.224	WT901BLE68(F3:F0:16:BF:DC:AE)	0.359	0.787	0.444	-14.465	-12.268	-30.823	57.16	-21.98	-97.39	-47.947	30.400	9.180	-0.64566	-0.20761	0.47818	0.55789	26.4	null	null	13113	75
2026-05-27T16:33:54.339	WT901BLE68(F3:F0:16:BF:DC:AE)	0.471	0.771	0.513	1.221	-2.380	-23.804	57.35	-20.52	-99.92	-47.947	30.400	9.180	-0.64566	-0.20761	0.47818	0.55789	26.4	null	null	13113	75
2026-05-27T16:33:54.399	WT901BLE68(F3:F0:16:BF:DC:AE)	0.235	0.862	0.492	2.380	7.813	-18.738	58.27	-18.52	-99.24	-47.160	23.167	11.673	-0.64566	-0.20761	0.47818	0.55789	26.4	null	null	13113	75
2026-05-27T16:33:54.525	WT901BLE68(F3:F0:16:BF:DC:AE)	0.375	0.802	0.637	-17.334	-15.076	-12.146	57.53	-17.76	-100.79	-47.160	23.167	11.673	-0.64566	-0.20761	0.47818	0.55789	26.4	null	null	13113	75
2026-05-27T16:33:54.610	WT901BLE68(F3:F0:16:BF:DC:AE)	0.164	0.816	0.475	8.545	3.967	1.831	57.74	-17.61	-100.60	-47.160	23.167	11.673	-0.60815	-0.19702	0.45190	0.62210	26.4	null	null	13113	75
2026-05-27T16:33:54.733	WT901BLE68(F3:F0:16:BF:DC:AE)	0.352	0.781	0.578	-4.395	-1.465	10.193	57.77	-17.92	-99.35	-47.160	23.167	11.673	-0.60815	-0.19702	0.45190	0.62210	26.4	null	null	13113	75
2026-05-27T16:33:54.825	WT901BLE68(F3:F0:16:BF:DC:AE)	0.354	0.770	0.547	-4.578	10.559	20.264	56.51	-18.75	-97.29	-47.160	23.167	11.673	-0.60815	-0.19702	0.45190	0.62210	26.4	null	null	13113	75
2026-05-27T16:33:54.977	WT901BLE68(F3:F0:16:BF:DC:AE)	0.351	0.782	0.509	11.963	5.554	22.034	56.09	-20.22	-94.63	-47.160	23.167	11.673	-0.60815	-0.19702	0.45190	0.62210	26.4	null	null	13113	75
2026-05-27T16:33:54.999	WT901BLE68(F3:F0:16:BF:DC:AE)	0.394	0.762	0.466	14.282	24.231	12.756	56.66	-20.46	-91.38	-47.160	23.167	11.673	-0.60815	-0.19702	0.45190	0.62210	26.4	null	null	13113	75
2026-05-27T16:33:55.154	WT901BLE68(F3:F0:16:BF:DC:AE)	0.293	0.797	0.626	-6.165	0.427	7.263	56.28	-20.70	-89.13	-47.160	23.167	11.673	-0.60815	-0.19702	0.45190	0.62210	26.4	null	null	13113	75
2026-05-27T16:33:55.211	WT901BLE68(F3:F0:16:BF:DC:AE)	0.399	0.798	0.569	3.357	4.578	-5.371	56.30	-20.65	-88.48	-46.740	24.893	5.820	-0.60815	-0.19702	0.45190	0.62210	26.4	null	null	13113	75
2026-05-27T16:33:55.336	WT901BLE68(F3:F0:16:BF:DC:AE)	0.360	0.767	0.570	2.197	9.766	-10.010	56.78	-19.42	-87.67	-46.740	24.893	5.820	-0.60815	-0.19702	0.45190	0.62210	26.4	null	null	13113	75
2026-05-27T16:33:55.427	WT901BLE68(F3:F0:16:BF:DC:AE)	0.320	0.792	0.499	-9.583	-2.502	-17.029	56.47	-18.17	-87.46	-46.740	24.893	5.820	-0.60815	-0.19702	0.45190	0.62210	26.4	null	null	13113	75
2026-05-27T16:33:55.541	WT901BLE68(F3:F0:16:BF:DC:AE)	0.297	0.870	0.579	-9.644	-1.221	-41.443	56.16	-15.59	-88.32	-46.740	24.893	5.820	-0.67929	-0.24274	0.42093	0.54984	26.4	null	null	13113	75
2026-05-27T16:33:55.631	WT901BLE68(F3:F0:16:BF:DC:AE)	0.135	0.834	0.639	21.179	27.588	-36.255	57.45	-11.62	-88.96	-46.740	24.893	5.820	-0.67929	-0.24274	0.42093	0.54984	26.4	null	null	13113	75
2026-05-27T16:33:55.757	WT901BLE68(F3:F0:16:BF:DC:AE)	0.062	0.853	0.493	11.230	11.963	-10.254	59.62	-8.54	-87.32	-46.740	24.893	5.820	-0.67929	-0.24274	0.42093	0.54984	26.4	null	null	13113	75
2026-05-27T16:33:55.811	WT901BLE68(F3:F0:16:BF:DC:AE)	0.208	0.827	0.566	-14.893	-20.630	-20.142	59.05	-7.56	-88.51	-46.740	24.893	5.820	-0.67929	-0.24274	0.42093	0.54984	26.4	null	null	13113	75
2026-05-27T16:33:55.933	WT901BLE68(F3:F0:16:BF:DC:AE)	0.056	0.835	0.520	1.282	2.014	-14.465	58.49	-6.34	-89.08	-46.740	24.893	5.820	-0.67929	-0.24274	0.42093	0.54984	26.4	null	null	13113	75
2026-05-27T16:33:56.024	WT901BLE68(F3:F0:16:BF:DC:AE)	0.061	0.810	0.518	-4.211	3.662	9.521	58.30	-6.04	-88.26	-46.740	24.893	5.820	-0.67929	-0.24274	0.42093	0.54984	26.4	null	null	13113	75
2026-05-27T16:33:56.142	WT901BLE68(F3:F0:16:BF:DC:AE)	0.101	0.831	0.581	-13.245	-2.747	10.803	57.01	-6.95	-87.29	-46.740	24.893	5.820	-0.67929	-0.24274	0.42093	0.54984	26.4	null	null	13113	75
2026-05-27T16:33:56.233	WT901BLE68(F3:F0:16:BF:DC:AE)	0.135	0.815	0.508	-8.484	4.761	17.944	55.78	-7.90	-85.61	-57.133	20.600	0.367	-0.67929	-0.24274	0.42093	0.54984	26.4	null	null	13113	75
2026-05-27T16:33:56.357	WT901BLE68(F3:F0:16:BF:DC:AE)	0.044	0.857	0.500	0.671	-7.385	23.987	55.24	-9.96	-83.99	-57.133	20.600	0.367	-0.67929	-0.24274	0.42093	0.54984	26.4	null	null	13113	75
2026-05-27T16:33:56.408	WT901BLE68(F3:F0:16:BF:DC:AE)	0.234	0.813	0.501	13.794	12.878	30.334	56.06	-12.01	-82.29	-57.133	20.600	0.367	-0.68671	-0.29037	0.37204	0.55280	26.4	null	null	13113	75
2026-05-27T16:33:56.564	WT901BLE68(F3:F0:16:BF:DC:AE)	0.269	0.823	0.534	-3.418	-5.493	13.855	56.22	-13.73	-80.96	-57.133	20.600	0.367	-0.68671	-0.29037	0.37204	0.55280	26.4	null	null	13113	75
2026-05-27T16:33:56.624	WT901BLE68(F3:F0:16:BF:DC:AE)	0.234	0.799	0.589	0.366	-3.906	5.676	56.27	-14.74	-80.73	-57.133	20.600	0.367	-0.68671	-0.29037	0.37204	0.55280	26.4	null	null	13113	75
2026-05-27T16:33:56.741	WT901BLE68(F3:F0:16:BF:DC:AE)	0.206	0.770	0.566	-8.240	-6.226	-1.770	55.90	-15.35	-80.66	-57.133	20.600	0.367	-0.68671	-0.29037	0.37204	0.55280	26.4	null	null	13113	75
2026-05-27T16:33:56.833	WT901BLE68(F3:F0:16:BF:DC:AE)	0.214	0.783	0.515	-14.221	-4.028	-18.616	54.71	-14.88	-81.81	-57.133	20.600	0.367	-0.68671	-0.29037	0.37204	0.55280	26.4	null	null	13113	75
2026-05-27T16:33:56.955	WT901BLE68(F3:F0:16:BF:DC:AE)	0.179	0.851	0.500	-1.404	7.385	-25.146	54.42	-13.20	-82.46	-57.133	20.600	0.367	-0.68671	-0.29037	0.37204	0.55280	26.4	null	null	13113	75
2026-05-27T16:33:57.042	WT901BLE68(F3:F0:16:BF:DC:AE)	0.177	0.809	0.608	6.653	0.488	-33.264	54.62	-10.66	-84.65	-51.833	22.847	-0.013	-0.68671	-0.29037	0.37204	0.55280	26.4	null	null	13113	75
2026-05-27T16:33:57.166	WT901BLE68(F3:F0:16:BF:DC:AE)	0.070	0.886	0.495	10.071	4.761	-1.404	56.60	-9.23	-84.03	-51.833	22.847	-0.013	-0.68671	-0.29037	0.37204	0.55280	26.4	null	null	13113	75
2026-05-27T16:33:57.221	WT901BLE68(F3:F0:16:BF:DC:AE)	0.281	0.797	0.599	-3.052	-11.353	-5.554	56.91	-9.23	-85.09	-51.833	22.847	-0.013	-0.67249	-0.30301	0.37256	0.56305	26.4	null	null	13113	75
2026-05-27T16:33:57.344	WT901BLE68(F3:F0:16:BF:DC:AE)	0.142	0.802	0.521	-6.531	-24.963	-0.671	56.84	-9.54	-85.69	-51.833	22.847	-0.013	-0.67249	-0.30301	0.37256	0.56305	26.4	null	null	13113	75
2026-05-27T16:33:57.432	WT901BLE68(F3:F0:16:BF:DC:AE)	0.152	0.800	0.602	-5.798	-3.906	14.038	56.23	-10.74	-85.69	-51.833	22.847	-0.013	-0.67249	-0.30301	0.37256	0.56305	26.4	null	null	13113	75
2026-05-27T16:33:57.554	WT901BLE68(F3:F0:16:BF:DC:AE)	0.190	0.786	0.627	-0.549	4.822	20.142	55.68	-12.13	-84.30	-51.833	22.847	-0.013	-0.67249	-0.30301	0.37256	0.56305	26.4	null	null	13113	75
2026-05-27T16:33:57.644	WT901BLE68(F3:F0:16:BF:DC:AE)	0.171	0.791	0.546	-7.874	-7.507	28.809	54.88	-13.94	-82.60	-51.833	22.847	-0.013	-0.67249	-0.30301	0.37256	0.56305	26.4	null	null	13113	75
2026-05-27T16:33:57.767	WT901BLE68(F3:F0:16:BF:DC:AE)	0.311	0.799	0.508	1.892	-28.870	27.466	54.07	-17.67	-82.35	-51.833	22.847	-0.013	-0.67249	-0.30301	0.37256	0.56305	26.4	null	null	13113	75
2026-05-27T16:33:57.854	WT901BLE68(F3:F0:16:BF:DC:AE)	0.351	0.796	0.497	14.343	-8.118	23.804	55.24	-20.62	-82.02	-51.833	22.847	-0.013	-0.67249	-0.30301	0.37256	0.56305	26.4	null	null	13113	75
2026-05-27T16:33:57.973	WT901BLE68(F3:F0:16:BF:DC:AE)	0.397	0.785	0.519	2.808	-13.245	10.620	56.07	-22.82	-81.80	-51.833	22.847	-0.013	-0.67249	-0.30301	0.37256	0.56305	26.4	null	null	13113	75
2026-05-27T16:33:58.028	WT901BLE68(F3:F0:16:BF:DC:AE)	0.437	0.782	0.471	12.512	-2.930	2.808	57.02	-23.70	-81.56	-41.333	26.560	-0.573	-0.67249	-0.30301	0.37256	0.56305	26.4	null	null	13113	75
2026-05-27T16:33:58.155	WT901BLE68(F3:F0:16:BF:DC:AE)	0.408	0.748	0.494	3.784	-4.272	-0.366	58.11	-24.05	-81.34	-41.333	26.560	-0.573	-0.67249	-0.30301	0.37256	0.56305	26.4	null	null	13113	75
2026-05-27T16:33:58.245	WT901BLE68(F3:F0:16:BF:DC:AE)	0.489	0.734	0.536	-7.629	-10.925	-5.493	57.92	-24.16	-81.44	-41.333	26.560	-0.573	-0.71460	-0.24194	0.44800	0.47958	26.4	null	null	13113	75
2026-05-27T16:33:58.365	WT901BLE68(F3:F0:16:BF:DC:AE)	0.427	0.784	0.534	-18.555	-12.085	-14.771	57.47	-24.13	-82.28	-41.333	26.560	-0.573	-0.71460	-0.24194	0.44800	0.47958	26.4	null	null	13113	75
2026-05-27T16:33:58.455	WT901BLE68(F3:F0:16:BF:DC:AE)	0.491	0.764	0.546	-4.944	-6.226	-27.954	57.32	-22.80	-83.52	-41.333	26.560	-0.573	-0.71460	-0.24194	0.44800	0.47958	26.4	null	null	13113	75
2026-05-27T16:33:58.574	WT901BLE68(F3:F0:16:BF:DC:AE)	0.274	0.813	0.484	6.714	17.639	-19.775	58.12	-20.26	-83.51	-41.333	26.560	-0.573	-0.71460	-0.24194	0.44800	0.47958	26.4	null	null	13113	75
2026-05-27T16:33:58.632	WT901BLE68(F3:F0:16:BF:DC:AE)	0.324	0.792	0.541	-23.193	-10.925	-16.174	57.51	-18.55	-83.57	-41.333	26.560	-0.573	-0.71460	-0.24194	0.44800	0.47958	26.4	null	null	13113	75
2026-05-27T16:33:58.755	WT901BLE68(F3:F0:16:BF:DC:AE)	0.338	0.798	0.556	-7.263	2.869	-10.315	56.37	-17.41	-83.89	-41.333	26.560	-0.573	-0.71460	-0.24194	0.44800	0.47958	26.4	null	null	13113	75
2026-05-27T16:33:58.846	WT901BLE68(F3:F0:16:BF:DC:AE)	0.295	0.783	0.493	-4.211	-3.784	1.099	55.91	-16.96	-83.56	-41.333	26.560	-0.573	-0.71460	-0.24194	0.44800	0.47958	26.4	null	null	13113	75
2026-05-27T16:33:58.964	WT901BLE68(F3:F0:16:BF:DC:AE)	0.285	0.789	0.560	-5.066	1.526	7.385	55.37	-17.22	-82.67	-45.540	23.880	-0.647	-0.71460	-0.24194	0.44800	0.47958	26.4	null	null	13113	75
2026-05-27T16:33:59.054	WT901BLE68(F3:F0:16:BF:DC:AE)	0.300	0.772	0.570	-3.662	-1.892	18.799	54.85	-18.25	-81.26	-45.540	23.880	-0.647	-0.70932	-0.25504	0.40280	0.51907	26.4	null	null	13113	75
2026-05-27T16:33:59.178	WT901BLE68(F3:F0:16:BF:DC:AE)	0.375	0.819	0.502	-0.488	-6.470	25.635	54.53	-19.96	-79.78	-45.540	23.880	-0.647	-0.70932	-0.25504	0.40280	0.51907	26.4	null	null	13113	75
2026-05-27T16:33:59.261	WT901BLE68(F3:F0:16:BF:DC:AE)	0.475	0.795	0.475	16.724	-11.841	17.273	55.29	-22.36	-79.29	-45.540	23.880	-0.647	-0.70932	-0.25504	0.40280	0.51907	26.4	null	null	13113	75
2026-05-27T16:33:59.385	WT901BLE68(F3:F0:16:BF:DC:AE)	0.367	0.800	0.489	10.864	-1.587	18.066	57.07	-24.01	-78.06	-45.540	23.880	-0.647	-0.70932	-0.25504	0.40280	0.51907	26.4	null	null	13113	75
2026-05-27T16:33:59.442	WT901BLE68(F3:F0:16:BF:DC:AE)	0.547	0.743	0.508	2.441	-12.939	0.916	57.72	-25.30	-78.36	-45.540	23.880	-0.647	-0.70932	-0.25504	0.40280	0.51907	26.4	null	null	13113	75
2026-05-27T16:33:59.564	WT901BLE68(F3:F0:16:BF:DC:AE)	0.404	0.778	0.480	11.108	1.526	-0.427	58.85	-25.47	-78.09	-45.540	23.880	-0.647	-0.70932	-0.25504	0.40280	0.51907	26.4	null	null	13113	75
2026-05-27T16:33:59.653	WT901BLE68(F3:F0:16:BF:DC:AE)	0.461	0.754	0.522	-11.475	-7.751	-8.789	59.19	-25.37	-78.09	-45.540	23.880	-0.647	-0.70932	-0.25504	0.40280	0.51907	26.4	null	null	13113	75
2026-05-27T16:33:59.770	WT901BLE68(F3:F0:16:BF:DC:AE)	0.462	0.763	0.519	-13.428	-7.202	-22.339	58.31	-24.42	-79.22	-45.540	23.880	-0.647	-0.70932	-0.25504	0.40280	0.51907	26.4	null	null	13113	75
2026-05-27T16:33:59.861	WT901BLE68(F3:F0:16:BF:DC:AE)	0.382	0.816	0.470	-10.803	3.479	-32.043	57.79	-22.30	-80.13	-38.400	27.347	-2.987	-0.70932	-0.25504	0.40280	0.51907	26.4	null	null	13113	75
2026-05-27T16:33:59.986	WT901BLE68(F3:F0:16:BF:DC:AE)	0.373	0.822	0.533	-3.235	-0.610	-43.030	57.57	-19.21	-81.70	-38.400	27.347	-2.987	-0.70932	-0.25504	0.40280	0.51907	26.4	null	null	13113	75
2026-05-27T16:34:00.040	WT901BLE68(F3:F0:16:BF:DC:AE)	0.197	0.860	0.367	7.629	15.503	-34.485	58.95	-15.59	-82.24	-38.400	27.347	-2.987	-0.69827	-0.27689	0.41565	0.51270	26.4	null	null	13113	75
2026-05-27T16:34:00.168	WT901BLE68(F3:F0:16:BF:DC:AE)	0.233	0.809	0.480	-14.832	-7.813	-25.330	58.75	-13.07	-83.12	-38.400	27.347	-2.987	-0.69827	-0.27689	0.41565	0.51270	26.4	null	null	13113	75
2026-05-27T16:34:00.252	WT901BLE68(F3:F0:16:BF:DC:AE)	0.145	0.836	0.516	14.038	16.357	-11.597	58.66	-11.38	-83.22	-38.400	27.347	-2.987	-0.69827	-0.27689	0.41565	0.51270	26.4	null	null	13113	75
2026-05-27T16:34:00.371	WT901BLE68(F3:F0:16:BF:DC:AE)	0.174	0.820	0.529	-0.427	1.160	5.127	59.19	-10.74	-81.94	-38.400	27.347	-2.987	-0.69827	-0.27689	0.41565	0.51270	26.4	null	null	13113	75
2026-05-27T16:34:00.467	WT901BLE68(F3:F0:16:BF:DC:AE)	0.136	0.833	0.599	-3.601	8.972	11.780	58.52	-11.16	-80.60	-38.400	27.347	-2.987	-0.69827	-0.27689	0.41565	0.51270	26.4	null	null	13113	75
2026-05-27T16:34:00.586	WT901BLE68(F3:F0:16:BF:DC:AE)	0.166	0.813	0.594	-9.705	13.306	19.775	57.35	-11.66	-78.11	-38.400	27.347	-2.987	-0.69827	-0.27689	0.41565	0.51270	26.4	null	null	13113	75
2026-05-27T16:34:00.669	WT901BLE68(F3:F0:16:BF:DC:AE)	0.325	0.840	0.523	-0.488	6.348	18.982	56.30	-12.48	-75.80	-47.760	24.667	-3.047	-0.69827	-0.27689	0.41565	0.51270	26.4	null	null	13113	75
2026-05-27T16:34:00.796	WT901BLE68(F3:F0:16:BF:DC:AE)	0.272	0.826	0.462	16.663	17.212	18.738	57.08	-13.12	-73.53	-47.760	24.667	-3.047	-0.69827	-0.27689	0.41565	0.51270	26.4	null	null	13113	75
2026-05-27T16:34:00.849	WT901BLE68(F3:F0:16:BF:DC:AE)	0.214	0.802	0.626	1.160	8.606	24.597	57.24	-14.69	-70.82	-47.760	24.667	-3.047	-0.74374	-0.32242	0.36661	0.45645	26.4	null	null	13113	75
2026-05-27T16:34:00.976	WT901BLE68(F3:F0:16:BF:DC:AE)	0.283	0.813	0.558	-19.043	-15.381	1.953	56.02	-15.36	-69.41	-47.760	24.667	-3.047	-0.74374	-0.32242	0.36661	0.45645	26.4	null	null	13113	75
2026-05-27T16:34:01.063	WT901BLE68(F3:F0:16:BF:DC:AE)	0.354	0.763	0.511	-12.878	-5.371	-1.831	54.71	-15.80	-70.05	-47.760	24.667	-3.047	-0.74374	-0.32242	0.36661	0.45645	26.4	null	null	13113	75
2026-05-27T16:34:01.184	WT901BLE68(F3:F0:16:BF:DC:AE)	0.291	0.767	0.625	-15.381	-0.488	-6.592	53.30	-15.69	-70.40	-47.760	24.667	-3.047	-0.74374	-0.32242	0.36661	0.45645	26.4	null	null	13113	75
2026-05-27T16:34:01.272	WT901BLE68(F3:F0:16:BF:DC:AE)	0.275	0.785	0.583	-4.822	22.034	-2.930	52.33	-14.75	-69.51	-47.760	24.667	-3.047	-0.74374	-0.32242	0.36661	0.45645	26.4	null	null	13113	75
2026-05-27T16:34:01.395	WT901BLE68(F3:F0:16:BF:DC:AE)	0.215	0.805	0.592	-10.681	-5.798	-27.222	51.65	-13.09	-69.93	-47.760	24.667	-3.047	-0.74374	-0.32242	0.36661	0.45645	26.4	null	null	13113	75
2026-05-27T16:34:01.451	WT901BLE68(F3:F0:16:BF:DC:AE)	0.201	0.824	0.554	29.968	20.142	-13.611	53.21	-11.41	-70.88	-47.760	24.667	-3.047	-0.74374	-0.32242	0.36661	0.45645	26.4	null	null	13113	75
2026-05-27T16:34:01.574	WT901BLE68(F3:F0:16:BF:DC:AE)	0.198	0.852	0.454	12.024	8.118	-10.925	55.49	-9.62	-69.99	-47.760	24.667	-3.047	-0.74374	-0.32242	0.36661	0.45645	26.4	null	null	13113	75
2026-05-27T16:34:01.661	WT901BLE68(F3:F0:16:BF:DC:AE)	0.149	0.834	0.567	20.020	17.883	-10.254	56.80	-7.94	-70.01	-48.440	25.413	-5.513	-0.74374	-0.32242	0.36661	0.45645	26.4	null	null	13113	75
2026-05-27T16:34:01.781	WT901BLE68(F3:F0:16:BF:DC:AE)	0.008	0.832	0.491	15.198	11.780	-2.625	58.61	-6.46	-68.99	-48.440	25.413	-5.513	-0.74374	-0.32242	0.36661	0.45645	26.4	null	null	13113	75
2026-05-27T16:34:01.873	WT901BLE68(F3:F0:16:BF:DC:AE)	0.068	0.825	0.581	1.343	5.066	13.489	58.76	-6.61	-67.86	-48.440	25.413	-5.513	-0.73386	-0.37817	0.31583	0.46750	26.4	null	null	13113	75
2026-05-27T16:34:01.993	WT901BLE68(F3:F0:16:BF:DC:AE)	0.113	0.871	0.559	-6.897	-3.723	21.729	58.11	-7.99	-66.97	-48.440	25.413	-5.513	-0.73386	-0.37817	0.31583	0.46750	26.4	null	null	13113	75
2026-05-27T16:34:02.083	WT901BLE68(F3:F0:16:BF:DC:AE)	0.166	0.843	0.558	-10.437	-10.193	30.273	56.91	-10.33	-66.01	-48.440	25.413	-5.513	-0.73386	-0.37817	0.31583	0.46750	26.4	null	null	13113	75
2026-05-27T16:34:02.204	WT901BLE68(F3:F0:16:BF:DC:AE)	0.342	0.839	0.412	-0.793	-30.457	28.931	56.38	-14.05	-66.02	-48.440	25.413	-5.513	-0.73386	-0.37817	0.31583	0.46750	26.4	null	null	13113	75
2026-05-27T16:34:02.263	WT901BLE68(F3:F0:16:BF:DC:AE)	0.240	0.819	0.504	18.799	-0.793	24.902	57.63	-16.89	-65.68	-48.440	25.413	-5.513	-0.73386	-0.37817	0.31583	0.46750	26.4	null	null	13113	75
2026-05-27T16:34:02.416	WT901BLE68(F3:F0:16:BF:DC:AE)	0.338	0.844	0.489	-5.615	-16.235	26.489	58.11	-19.54	-64.79	-48.440	25.413	-5.513	-0.73386	-0.37817	0.31583	0.46750	26.4	null	null	13113	75
2026-05-27T16:34:02.469	WT901BLE68(F3:F0:16:BF:DC:AE)	0.412	0.789	0.496	-4.150	-11.108	7.874	57.69	-21.53	-65.28	-37.000	30.147	-8.060	-0.73386	-0.37817	0.31583	0.46750	26.4	null	null	13113	75
2026-05-27T16:34:02.596	WT901BLE68(F3:F0:16:BF:DC:AE)	0.423	0.789	0.452	4.456	-13.794	8.301	58.12	-22.55	-65.48	-37.000	30.147	-8.060	-0.73386	-0.37817	0.31583	0.46750	26.4	null	null	13113	75
2026-05-27T16:34:02.684	WT901BLE68(F3:F0:16:BF:DC:AE)	0.405	0.768	0.420	-0.732	-17.639	-5.127	58.88	-23.36	-66.38	-37.000	30.147	-8.060	-0.76987	-0.30710	0.40860	0.38202	26.4	null	null	13113	75
2026-05-27T16:34:02.801	WT901BLE68(F3:F0:16:BF:DC:AE)	0.381	0.792	0.496	-3.540	-18.860	-14.465	59.54	-23.20	-68.08	-37.000	30.147	-8.060	-0.76987	-0.30710	0.40860	0.38202	26.4	null	null	13113	75
2026-05-27T16:34:02.865	WT901BLE68(F3:F0:16:BF:DC:AE)	0.358	0.775	0.525	-18.677	-20.935	-33.081	59.72	-22.35	-70.93	-37.000	30.147	-8.060	-0.76987	-0.30710	0.40860	0.38202	26.4	null	null	13113	75
2026-05-27T16:34:02.986	WT901BLE68(F3:F0:16:BF:DC:AE)	0.347	0.811	0.510	0.305	-12.939	-45.532	59.75	-20.16	-74.35	-37.000	30.147	-8.060	-0.76987	-0.30710	0.40860	0.38202	26.4	null	null	13113	75
2026-05-27T16:34:03.074	WT901BLE68(F3:F0:16:BF:DC:AE)	0.212	0.815	0.467	9.827	3.845	-34.058	61.36	-16.92	-76.46	-37.000	30.147	-8.060	-0.76987	-0.30710	0.40860	0.38202	26.4	null	null	13113	75
2026-05-27T16:34:03.192	WT901BLE68(F3:F0:16:BF:DC:AE)	0.206	0.857	0.526	-0.244	2.014	-27.527	62.11	-14.28	-77.26	-37.000	30.147	-8.060	-0.76987	-0.30710	0.40860	0.38202	26.4	null	null	13113	75
2026-05-27T16:34:03.284	WT901BLE68(F3:F0:16:BF:DC:AE)	0.111	0.879	0.473	7.751	3.784	-17.578	62.66	-12.22	-77.76	-37.000	30.147	-8.060	-0.76987	-0.30710	0.40860	0.38202	26.4	null	null	13113	75
2026-05-27T16:34:03.404	WT901BLE68(F3:F0:16:BF:DC:AE)	0.181	0.896	0.523	3.296	-6.470	-3.052	63.50	-11.25	-77.60	-37.000	30.147	-8.060	-0.76987	-0.30710	0.40860	0.38202	26.4	null	null	13113	75
2026-05-27T16:34:03.461	WT901BLE68(F3:F0:16:BF:DC:AE)	0.238	0.869	0.461	-15.198	-20.996	9.766	62.79	-11.79	-77.94	-45.767	27.780	-7.100	-0.76987	-0.30710	0.40860	0.38202	26.4	null	null	13113	75
2026-05-27T16:34:03.614	WT901BLE68(F3:F0:16:BF:DC:AE)	0.243	0.886	0.473	-8.911	-21.057	27.283	61.67	-14.32	-78.50	-45.767	27.780	-7.100	-0.76987	-0.30710	0.40860	0.38202	26.4	null	null	13113	75
2026-05-27T16:34:03.673	WT901BLE68(F3:F0:16:BF:DC:AE)	0.372	0.859	0.459	-0.122	-34.790	16.174	61.68	-17.81	-79.27	-45.767	27.780	-7.100	-0.70419	-0.31339	0.41556	0.48282	26.4	null	null	13113	75
2026-05-27T16:34:03.791	WT901BLE68(F3:F0:16:BF:DC:AE)	0.339	0.833	0.358	21.851	-15.503	-1.892	63.33	-19.14	-80.93	-45.767	27.780	-7.100	-0.70419	-0.31339	0.41556	0.48282	26.4	null	null	13113	75
2026-05-27T16:34:03.882	WT901BLE68(F3:F0:16:BF:DC:AE)	0.277	0.909	0.368	0.000	-32.776	15.564	65.18	-20.88	-81.77	-45.767	27.780	-7.100	-0.70419	-0.31339	0.41556	0.48282	26.4	null	null	13113	75
2026-05-27T16:34:04.002	WT901BLE68(F3:F0:16:BF:DC:AE)	0.486	0.852	0.452	-16.846	-31.250	-7.019	65.43	-22.37	-84.05	-45.767	27.780	-7.100	-0.70419	-0.31339	0.41556	0.48282	26.4	null	null	13113	75
2026-05-27T16:34:04.093	WT901BLE68(F3:F0:16:BF:DC:AE)	0.394	0.811	0.432	-8.728	-32.776	-5.249	65.45	-22.91	-86.42	-45.767	27.780	-7.100	-0.70419	-0.31339	0.41556	0.48282	26.4	null	null	13113	75
2026-05-27T16:34:04.213	WT901BLE68(F3:F0:16:BF:DC:AE)	0.405	0.819	0.385	-22.339	-38.452	-12.634	65.47	-23.69	-89.34	-45.767	27.780	-7.100	-0.70419	-0.31339	0.41556	0.48282	26.4	null	null	13113	75
2026-05-27T16:34:04.268	WT901BLE68(F3:F0:16:BF:DC:AE)	0.378	0.843	0.329	-23.193	-28.748	-36.743	64.65	-22.88	-92.79	-32.407	27.653	0.593	-0.70419	-0.31339	0.41556	0.48282	26.4	null	null	13113	75
2026-05-27T16:34:04.393	WT901BLE68(F3:F0:16:BF:DC:AE)	0.332	0.896	0.371	-36.194	-26.001	-62.012	63.51	-19.73	-97.05	-32.407	27.653	0.593	-0.70419	-0.31339	0.41556	0.48282	26.4	null	null	13113	75
2026-05-27T16:34:04.513	WT901BLE68(F3:F0:16:BF:DC:AE)	0.210	0.892	0.292	-7.324	-3.662	-35.095	63.12	-15.92	-99.62	-32.407	27.653	0.593	-0.70419	-0.31339	0.41556	0.48282	26.4	null	null	13113	75
2026-05-27T16:34:04.606	WT901BLE68(F3:F0:16:BF:DC:AE)	0.220	0.905	0.391	-22.278	-24.597	-35.156	62.50	-13.52	-101.07	-32.407	27.653	0.593	-0.59698	-0.24734	0.46967	0.60141	26.4	null	null	13113	75
2026-05-27T16:34:04.723	WT901BLE68(F3:F0:16:BF:DC:AE)	0.199	0.840	0.462	-13.916	-18.188	-17.395	61.45	-12.26	-104.16	-32.407	27.653	0.593	-0.59698	-0.24734	0.46967	0.60141	26.4	null	null	13113	75
2026-05-27T16:34:04.813	WT901BLE68(F3:F0:16:BF:DC:AE)	0.184	0.849	0.512	-8.484	-26.611	9.033	61.08	-13.04	-105.12	-32.407	27.653	0.593	-0.59698	-0.24734	0.46967	0.60141	26.4	null	null	13113	75
2026-05-27T16:34:04.873	WT901BLE68(F3:F0:16:BF:DC:AE)	0.227	0.844	0.508	-11.902	-30.640	21.179	60.58	-15.58	-106.08	-32.407	27.653	0.593	-0.59698	-0.24734	0.46967	0.60141	26.4	null	null	13113	75
2026-05-27T16:34:05.026	WT901BLE68(F3:F0:16:BF:DC:AE)	0.338	0.821	0.514	-11.230	-34.790	19.348	59.97	-18.92	-107.06	-32.407	27.653	0.593	-0.59698	-0.24734	0.46967	0.60141	26.4	null	null	13113	75
2026-05-27T16:34:05.083	WT901BLE68(F3:F0:16:BF:DC:AE)	0.367	0.805	0.485	0.916	-33.325	5.920	60.33	-21.47	-108.84	-32.407	27.653	0.593	-0.59698	-0.24734	0.46967	0.60141	26.4	null	null	13113	75
2026-05-27T16:34:05.211	WT901BLE68(F3:F0:16:BF:DC:AE)	0.372	0.825	0.434	9.094	-29.053	9.766	61.86	-23.48	-110.00	-32.407	27.653	0.593	-0.59698	-0.24734	0.46967	0.60141	26.4	null	null	13113	75
2026-05-27T16:34:05.289	WT901BLE68(F3:F0:16:BF:DC:AE)	0.460	0.807	0.429	-5.493	-23.071	1.099	62.96	-25.29	-111.33	-25.640	20.660	11.693	-0.59698	-0.24734	0.46967	0.60141	26.4	null	null	13113	75
2026-05-27T16:34:05.417	WT901BLE68(F3:F0:16:BF:DC:AE)	0.479	0.761	0.440	-10.803	-26.367	-6.836	63.26	-25.96	-112.91	-25.640	20.660	11.693	-0.59698	-0.24734	0.46967	0.60141	26.4	null	null	13113	75
2026-05-27T16:34:05.503	WT901BLE68(F3:F0:16:BF:DC:AE)	0.467	0.767	0.458	-17.700	-27.954	-11.169	63.08	-26.25	-114.55	-25.640	20.660	11.693	-0.55319	-0.11826	0.53278	0.62930	26.4	null	null	13113	75
2026-05-27T16:34:05.623	WT901BLE68(F3:F0:16:BF:DC:AE)	0.395	0.811	0.457	-30.762	-30.396	-23.071	62.16	-26.03	-116.77	-25.640	20.660	11.693	-0.55319	-0.11826	0.53278	0.62930	26.4	null	null	13113	75
2026-05-27T16:34:05.681	WT901BLE68(F3:F0:16:BF:DC:AE)	0.415	0.807	0.430	-36.743	-37.598	-35.645	60.94	-25.01	-120.20	-25.640	20.660	11.693	-0.55319	-0.11826	0.53278	0.62930	26.4	null	null	13113	75
2026-05-27T16:34:05.805	WT901BLE68(F3:F0:16:BF:DC:AE)	0.499	0.797	0.413	-42.236	-39.001	-59.998	59.49	-22.89	-125.02	-25.640	20.660	11.693	-0.55319	-0.11826	0.53278	0.62930	26.4	null	null	13113	75
2026-05-27T16:34:05.891	WT901BLE68(F3:F0:16:BF:DC:AE)	0.318	0.853	0.437	2.319	10.132	-35.217	59.50	-19.02	-127.50	-25.640	20.660	11.693	-0.55319	-0.11826	0.53278	0.62930	26.4	null	null	13113	75
2026-05-27T16:34:06.012	WT901BLE68(F3:F0:16:BF:DC:AE)	0.354	0.854	0.403	-10.681	-19.287	-27.954	59.68	-16.75	-127.78	-25.640	20.660	11.693	-0.55319	-0.11826	0.53278	0.62930	26.4	null	null	13113	75
2026-05-27T16:34:06.101	WT901BLE68(F3:F0:16:BF:DC:AE)	0.227	0.839	0.518	-6.653	-10.193	-11.719	59.25	-15.76	-128.98	-22.307	13.593	16.620	-0.55319	-0.11826	0.53278	0.62930	26.4	null	null	13113	75
2026-05-27T16:34:06.224	WT901BLE68(F3:F0:16:BF:DC:AE)	0.283	0.808	0.516	-5.493	-25.757	1.465	59.53	-16.39	-129.42	-22.307	13.593	16.620	-0.55319	-0.11826	0.53278	0.62930	26.4	null	null	13113	75
2026-05-27T16:34:06.279	WT901BLE68(F3:F0:16:BF:DC:AE)	0.252	0.804	0.511	-11.353	-37.109	13.184	59.26	-18.43	-130.29	-22.307	13.593	16.620	-0.43198	-0.08395	0.50034	0.74557	26.4	null	null	13113	75
2026-05-27T16:34:06.435	WT901BLE68(F3:F0:16:BF:DC:AE)	0.394	0.862	0.489	-8.667	-51.147	18.372	59.27	-22.11	-131.88	-22.307	13.593	16.620	-0.43198	-0.08395	0.50034	0.74557	26.4	null	null	13113	75
2026-05-27T16:34:06.492	WT901BLE68(F3:F0:16:BF:DC:AE)	0.382	0.823	0.403	15.381	-16.968	8.667	60.68	-24.58	-133.07	-22.307	13.593	16.620	-0.43198	-0.08395	0.50034	0.74557	26.4	null	null	13113	75
2026-05-27T16:34:06.611	WT901BLE68(F3:F0:16:BF:DC:AE)	0.423	0.827	0.331	7.935	-20.142	3.174	62.65	-25.80	-132.99	-22.307	13.593	16.620	-0.43198	-0.08395	0.50034	0.74557	26.4	null	null	13113	75
2026-05-27T16:34:06.709	WT901BLE68(F3:F0:16:BF:DC:AE)	0.482	0.796	0.430	8.118	-10.254	2.747	64.12	-26.60	-132.94	-22.307	13.593	16.620	-0.43198	-0.08395	0.50034	0.74557	26.4	null	null	13113	75
2026-05-27T16:34:06.825	WT901BLE68(F3:F0:16:BF:DC:AE)	0.470	0.784	0.404	-4.333	-16.846	-5.859	65.20	-27.13	-133.08	-22.307	13.593	16.620	-0.43198	-0.08395	0.50034	0.74557	26.4	null	null	13113	75
2026-05-27T16:34:06.911	WT901BLE68(F3:F0:16:BF:DC:AE)	0.445	0.793	0.438	-15.198	-17.639	-14.343	65.12	-26.93	-133.42	-22.307	13.593	16.620	-0.43198	-0.08395	0.50034	0.74557	26.4	null	null	13113	75
2026-05-27T16:34:07.042	WT901BLE68(F3:F0:16:BF:DC:AE)	0.417	0.822	0.457	-23.193	-20.691	-22.644	64.28	-26.14	-134.40	-22.307	13.593	16.620	-0.43198	-0.08395	0.50034	0.74557	26.4	null	null	13113	75
2026-05-27T16:34:07.091	WT901BLE68(F3:F0:16:BF:DC:AE)	0.402	0.794	0.389	-33.264	-25.269	-36.621	63.06	-24.60	-136.42	-9.640	13.127	11.227	-0.43198	-0.08395	0.50034	0.74557	26.4	null	null	13113	75
2026-05-27T16:34:07.211	WT901BLE68(F3:F0:16:BF:DC:AE)	0.355	0.845	0.429	-34.424	-23.865	-57.129	61.67	-21.48	-139.36	-9.640	13.127	11.227	-0.43198	-0.08395	0.50034	0.74557	26.4	null	null	13113	75
2026-05-27T16:34:07.299	WT901BLE68(F3:F0:16:BF:DC:AE)	0.247	0.832	0.392	-14.587	-12.756	-44.739	61.40	-18.09	-142.28	-9.640	13.127	11.227	-0.36926	-0.02692	0.52448	0.76663	26.4	null	null	13113	75
2026-05-27T16:34:07.427	WT901BLE68(F3:F0:16:BF:DC:AE)	0.228	0.848	0.336	-30.823	-28.259	-32.471	60.31	-15.68	-143.65	-9.640	13.127	11.227	-0.36926	-0.02692	0.52448	0.76663	26.4	null	null	13113	75
2026-05-27T16:34:07.515	WT901BLE68(F3:F0:16:BF:DC:AE)	0.242	0.846	0.525	-10.193	-9.827	-13.428	58.76	-15.11	-144.91	-9.640	13.127	11.227	-0.36926	-0.02692	0.52448	0.76663	26.4	null	null	13113	75
2026-05-27T16:34:07.633	WT901BLE68(F3:F0:16:BF:DC:AE)	0.268	0.806	0.503	8.972	-7.080	-5.371	59.68	-14.49	-143.72	-9.640	13.127	11.227	-0.36926	-0.02692	0.52448	0.76663	26.4	null	null	13113	75
2026-05-27T16:34:07.691	WT901BLE68(F3:F0:16:BF:DC:AE)	0.239	0.796	0.561	-9.155	-18.311	5.371	59.46	-15.42	-142.62	-9.640	13.127	11.227	-0.36926	-0.02692	0.52448	0.76663	26.4	null	null	13113	75
2026-05-27T16:34:07.842	WT901BLE68(F3:F0:16:BF:DC:AE)	0.257	0.753	0.527	-11.230	-24.841	8.301	58.35	-17.09	-141.97	-9.640	13.127	11.227	-0.36926	-0.02692	0.52448	0.76663	26.4	null	null	13113	75
2026-05-27T16:34:07.898	WT901BLE68(F3:F0:16:BF:DC:AE)	0.429	0.841	0.421	-1.221	-35.461	17.273	58.04	-19.71	-141.49	-7.613	10.013	10.607	-0.36926	-0.02692	0.52448	0.76663	26.4	null	null	13113	75
2026-05-27T16:34:08.026	WT901BLE68(F3:F0:16:BF:DC:AE)	0.388	0.855	0.372	15.381	-29.114	9.888	59.83	-22.26	-141.77	-7.613	10.013	10.607	-0.36926	-0.02692	0.52448	0.76663	26.4	null	null	13113	75
2026-05-27T16:34:08.111	WT901BLE68(F3:F0:16:BF:DC:AE)	0.413	0.845	0.363	-3.723	-20.874	13.977	61.05	-24.36	-140.97	-7.613	10.013	10.607	-0.37805	0.00266	0.52695	0.76111	26.4	null	null	13113	75
2026-05-27T16:34:08.235	WT901BLE68(F3:F0:16:BF:DC:AE)	0.429	0.809	0.378	-7.446	-16.052	-4.517	61.06	-25.14	-140.90	-7.613	10.013	10.607	-0.37805	0.00266	0.52695	0.76111	26.4	null	null	13113	75
2026-05-27T16:34:08.322	WT901BLE68(F3:F0:16:BF:DC:AE)	0.470	0.775	0.433	0.061	-6.653	-3.784	61.31	-25.08	-139.75	-7.613	10.013	10.607	-0.37805	0.00266	0.52695	0.76111	26.4	null	null	13113	75
2026-05-27T16:34:08.446	WT901BLE68(F3:F0:16:BF:DC:AE)	0.472	0.748	0.542	-23.682	-23.926	-14.343	60.63	-25.33	-139.81	-7.613	10.013	10.607	-0.37805	0.00266	0.52695	0.76111	26.4	null	null	13113	75
2026-05-27T16:34:08.500	WT901BLE68(F3:F0:16:BF:DC:AE)	0.362	0.808	0.396	-23.926	-22.827	-26.550	59.58	-24.87	-140.50	-7.613	10.013	10.607	-0.37805	0.00266	0.52695	0.76111	26.4	null	null	13113	75
2026-05-27T16:34:08.623	WT901BLE68(F3:F0:16:BF:DC:AE)	0.311	0.859	0.444	-39.368	-18.555	-45.288	58.05	-22.97	-141.46	-7.613	10.013	10.607	-0.37805	0.00266	0.52695	0.76111	26.4	null	null	13113	75
2026-05-27T16:34:08.713	WT901BLE68(F3:F0:16:BF:DC:AE)	0.365	0.827	0.470	-10.437	-6.348	-42.480	57.26	-20.13	-143.15	-7.613	10.013	10.607	-0.37805	0.00266	0.52695	0.76111	26.4	null	null	13113	75
2026-05-27T16:34:08.832	WT901BLE68(F3:F0:16:BF:DC:AE)	0.304	0.851	0.426	-12.329	-20.264	-35.645	57.51	-17.31	-143.43	-7.613	10.013	10.607	-0.37805	0.00266	0.52695	0.76111	26.4	null	null	13113	75
2026-05-27T16:34:08.922	WT901BLE68(F3:F0:16:BF:DC:AE)	0.317	0.832	0.542	-4.639	-9.033	-4.822	57.34	-16.42	-143.28	-3.747	10.087	5.547	-0.37805	0.00266	0.52695	0.76111	26.4	null	null	13113	75
2026-05-27T16:34:09.047	WT901BLE68(F3:F0:16:BF:DC:AE)	0.263	0.825	0.570	4.883	-7.507	2.686	58.28	-16.87	-140.66	-3.747	10.087	5.547	-0.37805	0.00266	0.52695	0.76111	26.4	null	null	13113	75
2026-05-27T16:34:09.101	WT901BLE68(F3:F0:16:BF:DC:AE)	0.201	0.821	0.558	-8.179	-5.920	0.671	58.04	-17.35	-137.53	-3.747	10.087	5.547	-0.36954	-0.04611	0.49716	0.78360	26.4	null	null	13113	75
2026-05-27T16:34:09.218	WT901BLE68(F3:F0:16:BF:DC:AE)	0.348	0.843	0.545	-11.353	2.747	3.418	56.90	-17.27	-133.60	-3.747	10.087	5.547	-0.36954	-0.04611	0.49716	0.78360	26.4	null	null	13113	75
2026-05-27T16:34:09.311	WT901BLE68(F3:F0:16:BF:DC:AE)	0.386	0.792	0.523	2.502	-10.986	3.967	56.28	-17.57	-130.28	-3.747	10.087	5.547	-0.36954	-0.04611	0.49716	0.78360	26.4	null	null	13113	75
2026-05-27T16:34:09.438	WT901BLE68(F3:F0:16:BF:DC:AE)	0.385	0.782	0.438	4.639	-20.386	16.113	57.43	-18.87	-128.59	-3.747	10.087	5.547	-0.36954	-0.04611	0.49716	0.78360	26.4	null	null	13113	75
2026-05-27T16:34:09.521	WT901BLE68(F3:F0:16:BF:DC:AE)	0.303	0.789	0.570	-12.390	-23.682	8.362	57.45	-21.34	-126.11	-3.747	10.087	5.547	-0.36954	-0.04611	0.49716	0.78360	26.4	null	null	13113	75
2026-05-27T16:34:09.642	WT901BLE68(F3:F0:16:BF:DC:AE)	0.345	0.789	0.578	-14.099	-0.305	-14.404	56.27	-21.75	-123.08	-3.747	10.087	5.547	-0.36954	-0.04611	0.49716	0.78360	26.4	null	null	13113	75
2026-05-27T16:34:09.734	WT901BLE68(F3:F0:16:BF:DC:AE)	0.469	0.773	0.485	-8.240	11.597	-18.127	55.09	-19.85	-120.10	0.040	6.253	2.747	-0.36954	-0.04611	0.49716	0.78360	26.4	null	null	13113	75
2026-05-27T16:34:09.857	WT901BLE68(F3:F0:16:BF:DC:AE)	0.354	0.789	0.513	-2.380	0.427	-18.372	55.04	-18.13	-117.48	0.040	6.253	2.747	-0.36954	-0.04611	0.49716	0.78360	26.4	null	null	13113	75
2026-05-27T16:34:09.910	WT901BLE68(F3:F0:16:BF:DC:AE)	0.291	0.823	0.566	-9.277	0.671	-25.330	55.15	-16.33	-116.02	0.040	6.253	2.747	-0.52020	-0.13330	0.45685	0.70908	26.4	null	null	13113	75
2026-05-27T16:34:10.037	WT901BLE68(F3:F0:16:BF:DC:AE)	0.297	0.802	0.449	-13.245	-11.902	-30.457	54.61	-14.16	-115.30	0.040	6.253	2.747	-0.52020	-0.13330	0.45685	0.70908	26.4	null	null	13113	75
2026-05-27T16:34:10.122	WT901BLE68(F3:F0:16:BF:DC:AE)	0.178	0.800	0.581	9.277	-6.714	-9.888	54.83	-13.27	-114.81	0.040	6.253	2.747	-0.52020	-0.13330	0.45685	0.70908	26.4	null	null	13113	75
2026-05-27T16:34:10.245	WT901BLE68(F3:F0:16:BF:DC:AE)	0.227	0.817	0.611	-16.968	-19.714	-18.311	54.93	-13.15	-113.37	0.040	6.253	2.747	-0.52020	-0.13330	0.45685	0.70908	26.4	null	null	13113	75
2026-05-27T16:34:10.336	WT901BLE68(F3:F0:16:BF:DC:AE)	0.180	0.806	0.608	-5.676	-0.916	-2.258	53.96	-12.94	-112.02	0.040	6.253	2.747	-0.52020	-0.13330	0.45685	0.70908	26.4	null	null	13113	75
2026-05-27T16:34:10.455	WT901BLE68(F3:F0:16:BF:DC:AE)	0.178	0.750	0.623	-4.822	-7.874	14.587	53.62	-13.87	-108.57	0.040	6.253	2.747	-0.52020	-0.13330	0.45685	0.70908	26.4	null	null	13113	75
2026-05-27T16:34:10.508	WT901BLE68(F3:F0:16:BF:DC:AE)	0.214	0.725	0.718	-4.822	-0.793	11.414	52.55	-15.31	-104.80	0.040	6.253	2.747	-0.52020	-0.13330	0.45685	0.70908	26.4	null	null	13113	75
2026-05-27T16:34:10.637	WT901BLE68(F3:F0:16:BF:DC:AE)	0.257	0.731	0.702	-4.883	-6.287	14.343	51.71	-16.18	-100.73	0.040	6.253	2.747	-0.52020	-0.13330	0.45685	0.70908	26.4	null	null	13113	75
2026-05-27T16:34:10.721	WT901BLE68(F3:F0:16:BF:DC:AE)	0.392	0.740	0.577	9.399	-5.981	13.306	51.98	-17.70	-96.69	-0.227	6.087	2.007	-0.52020	-0.13330	0.45685	0.70908	26.4	null	null	13113	75
2026-05-27T16:34:10.844	WT901BLE68(F3:F0:16:BF:DC:AE)	0.381	0.805	0.529	-2.075	-3.784	13.794	52.39	-19.18	-92.19	-0.227	6.087	2.007	-0.52020	-0.13330	0.45685	0.70908	26.4	null	null	13113	75
2026-05-27T16:34:10.934	WT901BLE68(F3:F0:16:BF:DC:AE)	0.324	0.771	0.516	-1.526	-7.141	0.000	52.22	-20.21	-87.28	-0.227	6.087	2.007	-0.67667	-0.19739	0.41656	0.57404	26.4	null	null	13113	75
2026-05-27T16:34:11.081	WT901BLE68(F3:F0:16:BF:DC:AE)	0.343	0.750	0.571	-1.282	-4.028	-1.770	52.37	-20.07	-82.28	-0.227	6.087	2.007	-0.67667	-0.19739	0.41656	0.57404	26.4	null	null	13113	75
2026-05-27T16:34:11.141	WT901BLE68(F3:F0:16:BF:DC:AE)	0.363	0.736	0.600	-10.132	-0.244	-1.892	52.09	-19.98	-76.98	-0.227	6.087	2.007	-0.67667	-0.19739	0.41656	0.57404	26.4	null	null	13113	75
2026-05-27T16:34:11.265	WT901BLE68(F3:F0:16:BF:DC:AE)	0.319	0.749	0.602	-4.272	-1.343	-20.508	51.65	-19.05	-73.17	-0.227	6.087	2.007	-0.67667	-0.19739	0.41656	0.57404	26.4	null	null	13113	75
2026-05-27T16:34:11.322	WT901BLE68(F3:F0:16:BF:DC:AE)	0.221	0.794	0.519	-5.432	-3.296	-32.471	51.90	-17.11	-70.64	-0.227	6.087	2.007	-0.67667	-0.19739	0.41656	0.57404	26.4	null	null	13113	75
2026-05-27T16:34:11.441	WT901BLE68(F3:F0:16:BF:DC:AE)	0.294	0.741	0.661	22.827	5.188	-40.222	53.32	-15.20	-70.92	-0.227	6.087	2.007	-0.67667	-0.19739	0.41656	0.57404	26.4	null	null	13113	75
2026-05-27T16:34:11.534	WT901BLE68(F3:F0:16:BF:DC:AE)	0.190	0.828	0.527	29.785	32.227	-7.996	56.42	-12.00	-66.36	-0.227	6.087	2.007	-0.67667	-0.19739	0.41656	0.57404	26.4	null	null	13113	75
2026-05-27T16:34:11.653	WT901BLE68(F3:F0:16:BF:DC:AE)	0.275	0.805	0.681	0.000	1.770	-11.841	57.10	-10.87	-64.14	-0.567	9.840	-1.100	-0.67667	-0.19739	0.41656	0.57404	26.4	null	null	13113	75
2026-05-27T16:34:11.741	WT901BLE68(F3:F0:16:BF:DC:AE)	0.208	0.839	0.484	1.099	-1.343	1.282	57.46	-10.11	-61.53	-0.567	9.840	-1.100	-0.76990	-0.36917	0.31378	0.41519	26.4	null	null	13113	75
2026-05-27T16:34:11.865	WT901BLE68(F3:F0:16:BF:DC:AE)	0.167	0.796	0.559	-6.897	-2.197	6.042	57.14	-10.51	-59.33	-0.567	9.840	-1.100	-0.76990	-0.36917	0.31378	0.41519	26.4	null	null	13113	75
2026-05-27T16:34:11.923	WT901BLE68(F3:F0:16:BF:DC:AE)	0.144	0.839	0.631	-13.184	1.038	15.198	55.98	-11.32	-56.73	-0.567	9.840	-1.100	-0.76990	-0.36917	0.31378	0.41519	26.4	null	null	13113	75
2026-05-27T16:34:12.040	WT901BLE68(F3:F0:16:BF:DC:AE)	0.225	0.814	0.585	-6.409	4.883	22.766	54.87	-12.57	-53.22	-0.567	9.840	-1.100	-0.76990	-0.36917	0.31378	0.41519	26.4	null	null	13113	75
2026-05-27T16:34:12.139	WT901BLE68(F3:F0:16:BF:DC:AE)	0.275	0.817	0.455	7.751	-0.488	24.353	54.64	-14.35	-48.72	-0.567	9.840	-1.100	-0.76990	-0.36917	0.31378	0.41519	26.4	null	null	13113	75
2026-05-27T16:34:12.251	WT901BLE68(F3:F0:16:BF:DC:AE)	0.315	0.781	0.443	25.391	11.719	22.095	56.04	-15.66	-44.62	-0.567	9.840	-1.100	-0.76990	-0.36917	0.31378	0.41519	26.4	null	null	13113	75
2026-05-27T16:34:12.342	WT901BLE68(F3:F0:16:BF:DC:AE)	0.223	0.814	0.505	-11.108	-10.925	6.958	56.12	-17.03	-40.57	-0.567	9.840	-1.100	-0.76990	-0.36917	0.31378	0.41519	26.4	null	null	13113	75
2026-05-27T16:34:12.467	WT901BLE68(F3:F0:16:BF:DC:AE)	0.384	0.779	0.510	-1.221	0.732	-0.488	55.26	-17.27	-38.38	-0.567	9.840	-1.100	-0.76990	-0.36917	0.31378	0.41519	26.4	null	null	13113	75
2026-05-27T16:34:12.552	WT901BLE68(F3:F0:16:BF:DC:AE)	0.248	0.798	0.492	5.188	2.197	-3.906	55.63	-16.98	-35.23	-0.567	9.840	-1.100	-0.76990	-0.36917	0.31378	0.41519	26.4	null	null	13113	60
2026-05-27T16:34:12.669	WT901BLE68(F3:F0:16:BF:DC:AE)	0.320	0.816	0.564	-0.122	4.639	-13.184	55.74	-16.38	-32.68	-0.567	9.840	-1.100	-0.76990	-0.36917	0.31378	0.41519	26.4	null	null	13113	60
2026-05-27T16:34:12.729	WT901BLE68(F3:F0:16:BF:DC:AE)	0.279	0.841	0.510	-7.446	-5.859	-27.161	55.92	-14.50	-32.07	-0.567	9.840	-1.100	-0.76990	-0.36917	0.31378	0.41519	26.5	null	null	13113	60
2026-05-27T16:34:12.854	WT901BLE68(F3:F0:16:BF:DC:AE)	0.319	0.846	0.532	1.587	-18.982	-27.405	56.52	-13.11	-33.65	-0.567	9.840	-1.100	-0.76990	-0.36917	0.31378	0.41519	26.5	null	null	13113	60
2026-05-27T16:34:12.943	WT901BLE68(F3:F0:16:BF:DC:AE)	0.112	0.856	0.435	21.790	10.681	-7.568	58.74	-11.78	-32.26	-0.567	9.840	-1.100	-0.76990	-0.36917	0.31378	0.41519	26.5	null	null	13113	60
2026-05-27T16:34:13.066	WT901BLE68(F3:F0:16:BF:DC:AE)	0.180	0.810	0.551	-11.169	-5.066	-15.564	59.02	-10.47	-31.42	0.487	10.747	-4.213	-0.76990	-0.36917	0.31378	0.41519	26.5	null	null	13113	60
2026-05-27T16:34:13.154	WT901BLE68(F3:F0:16:BF:DC:AE)	0.154	0.794	0.589	2.136	15.808	-1.892	58.24	-9.50	-29.81	0.487	10.747	-4.213	-0.85056	-0.44873	0.19894	0.18848	26.5	null	null	13113	60
2026-05-27T16:34:13.271	WT901BLE68(F3:F0:16:BF:DC:AE)	0.155	0.808	0.580	-3.052	19.775	6.592	57.92	-8.81	-26.66	0.487	10.747	-4.213	-0.85056	-0.44873	0.19894	0.18848	26.5	null	null	13113	60
2026-05-27T16:34:13.336	WT901BLE68(F3:F0:16:BF:DC:AE)	0.170	0.822	0.608	-22.217	3.296	12.024	56.11	-9.11	-24.41	0.487	10.747	-4.213	-0.85056	-0.44873	0.19894	0.18848	26.5	null	null	13113	60
2026-05-27T16:34:13.452	WT901BLE68(F3:F0:16:BF:DC:AE)	0.178	0.793	0.552	-16.113	5.981	19.714	53.89	-10.17	-22.34	0.487	10.747	-4.213	-0.85056	-0.44873	0.19894	0.18848	26.5	null	null	13113	60
2026-05-27T16:34:13.544	WT901BLE68(F3:F0:16:BF:DC:AE)	0.260	0.836	0.514	-5.493	-3.540	20.996	52.66	-11.87	-20.25	0.487	10.747	-4.213	-0.85056	-0.44873	0.19894	0.18848	26.5	null	null	13113	60
2026-05-27T16:34:13.661	WT901BLE68(F3:F0:16:BF:DC:AE)	0.294	0.830	0.488	2.808	3.967	16.663	52.60	-13.11	-17.73	0.487	10.747	-4.213	-0.85056	-0.44873	0.19894	0.18848	26.5	null	null	13113	60
2026-05-27T16:34:13.753	WT901BLE68(F3:F0:16:BF:DC:AE)	0.204	0.804	0.553	-9.216	-11.414	15.320	52.12	-14.72	-15.32	0.487	10.747	-4.213	-0.85056	-0.44873	0.19894	0.18848	26.5	null	null	13113	60
2026-05-27T16:34:13.874	WT901BLE68(F3:F0:16:BF:DC:AE)	0.261	0.747	0.563	-1.343	-0.244	4.639	51.97	-15.52	-12.97	0.487	10.747	-4.213	-0.85056	-0.44873	0.19894	0.18848	26.5	null	null	13113	60
2026-05-27T16:34:13.962	WT901BLE68(F3:F0:16:BF:DC:AE)	0.271	0.708	0.683	2.258	4.028	5.432	51.98	-15.64	-10.34	3.447	5.393	-2.547	-0.85056	-0.44873	0.19894	0.18848	26.5	null	null	13113	60
2026-05-27T16:34:14.087	WT901BLE68(F3:F0:16:BF:DC:AE)	0.286	0.751	0.671	-2.563	-3.052	-13.062	51.44	-15.33	-8.05	3.447	5.393	-2.547	-0.85056	-0.44873	0.19894	0.18848	26.5	null	null	13113	60
2026-05-27T16:34:14.140	WT901BLE68(F3:F0:16:BF:DC:AE)	0.274	0.805	0.620	0.000	-4.272	-24.414	51.61	-14.22	-7.53	3.447	5.393	-2.547	-0.89511	-0.42160	0.14459	0.00339	26.5	null	null	13113	60
2026-05-27T16:34:14.262	WT901BLE68(F3:F0:16:BF:DC:AE)	0.236	0.826	0.525	6.104	-8.057	-35.217	52.16	-12.48	-8.27	3.447	5.393	-2.547	-0.89511	-0.42160	0.14459	0.00339	26.5	null	null	13113	60
2026-05-27T16:34:14.353	WT901BLE68(F3:F0:16:BF:DC:AE)	0.094	0.824	0.521	33.813	20.813	-10.376	54.77	-10.12	-8.31	3.447	5.393	-2.547	-0.89511	-0.42160	0.14459	0.00339	26.5	null	null	13113	60
2026-05-27T16:34:14.471	WT901BLE68(F3:F0:16:BF:DC:AE)	0.143	0.820	0.480	-2.991	-11.475	-5.615	56.59	-8.82	-6.94	3.447	5.393	-2.547	-0.89511	-0.42160	0.14459	0.00339	26.5	null	null	13113	60
2026-05-27T16:34:14.565	WT901BLE68(F3:F0:16:BF:DC:AE)	0.152	0.808	0.623	1.282	-7.507	-0.671	56.24	-9.28	-7.80	3.447	5.393	-2.547	-0.89511	-0.42160	0.14459	0.00339	26.5	null	null	13113	60
2026-05-27T16:34:14.679	WT901BLE68(F3:F0:16:BF:DC:AE)	0.132	0.787	0.568	-0.671	1.587	5.432	56.56	-9.24	-7.26	3.447	5.393	-2.547	-0.89511	-0.42160	0.14459	0.00339	26.5	null	null	13113	60
2026-05-27T16:34:14.742	WT901BLE68(F3:F0:16:BF:DC:AE)	0.159	0.811	0.628	-14.343	0.427	6.409	55.45	-9.73	-6.29	1.487	11.813	-5.873	-0.89511	-0.42160	0.14459	0.00339	26.5	null	null	13113	60
2026-05-27T16:34:14.867	WT901BLE68(F3:F0:16:BF:DC:AE)	0.172	0.824	0.604	-11.780	5.127	12.634	53.91	-10.10	-4.93	1.487	11.813	-5.873	-0.89511	-0.42160	0.14459	0.00339	26.5	null	null	13113	60
2026-05-27T16:34:14.952	WT901BLE68(F3:F0:16:BF:DC:AE)	0.197	0.791	0.592	-4.883	-2.197	23.804	52.88	-11.28	-2.88	1.487	11.813	-5.873	-0.89511	-0.42160	0.14459	0.00339	26.5	null	null	13113	60
2026-05-27T16:34:15.074	WT901BLE68(F3:F0:16:BF:DC:AE)	0.292	0.736	0.606	8.911	4.761	26.672	52.98	-13.45	-0.49	1.487	11.813	-5.873	-0.89188	-0.44003	0.10065	-0.02600	26.5	null	null	13113	60
2026-05-27T16:34:15.163	WT901BLE68(F3:F0:16:BF:DC:AE)	0.348	0.818	0.584	-5.615	-7.629	12.207	53.22	-14.63	2.21	1.487	11.813	-5.873	-0.89188	-0.44003	0.10065	-0.02600	26.5	null	null	13113	60
2026-05-27T16:34:15.284	WT901BLE68(F3:F0:16:BF:DC:AE)	0.329	0.794	0.562	2.808	0.488	3.296	52.90	-15.24	3.58	1.487	11.813	-5.873	-0.89188	-0.44003	0.10065	-0.02600	26.5	null	null	13113	60
2026-05-27T16:34:15.371	WT901BLE68(F3:F0:16:BF:DC:AE)	0.195	0.770	0.580	4.761	2.563	-4.028	53.25	-15.23	4.70	1.487	11.813	-5.873	-0.89188	-0.44003	0.10065	-0.02600	26.5	null	null	13113	60
2026-05-27T16:34:15.492	WT901BLE68(F3:F0:16:BF:DC:AE)	0.285	0.770	0.582	-4.089	-5.432	-9.460	53.32	-14.67	5.36	1.487	11.813	-5.873	-0.89188	-0.44003	0.10065	-0.02600	26.5	null	null	13113	60
2026-05-27T16:34:15.585	WT901BLE68(F3:F0:16:BF:DC:AE)	0.178	0.787	0.645	0.122	5.676	-17.456	53.09	-13.88	5.05	1.487	11.813	-5.873	-0.89188	-0.44003	0.10065	-0.02600	26.5	null	null	13113	60
2026-05-27T16:34:15.669	WT901BLE68(F3:F0:16:BF:DC:AE)	0.160	0.792	0.555	-1.221	-1.404	-26.123	53.30	-12.37	4.36	3.560	9.827	-7.507	-0.89188	-0.44003	0.10065	-0.02600	26.5	null	null	13113	60
2026-05-27T16:34:15.764	WT901BLE68(F3:F0:16:BF:DC:AE)	0.163	0.802	0.594	22.095	14.038	-17.273	54.59	-10.19	3.31	3.560	9.827	-7.507	-0.89188	-0.44003	0.10065	-0.02600	26.5	null	null	13113	60
2026-05-27T16:34:15.883	WT901BLE68(F3:F0:16:BF:DC:AE)	0.161	0.824	0.492	1.465	-0.244	-14.221	55.88	-8.34	3.84	3.560	9.827	-7.507	-0.89188	-0.44003	0.10065	-0.02600	26.5	null	null	13113	60
2026-05-27T16:34:15.972	WT901BLE68(F3:F0:16:BF:DC:AE)	0.092	0.797	0.630	0.916	0.732	-0.916	55.62	-7.84	2.94	3.560	9.827	-7.507	-0.88031	-0.46826	0.04770	-0.05811	26.5	null	null	13113	60
2026-05-27T16:34:16.095	WT901BLE68(F3:F0:16:BF:DC:AE)	0.082	0.794	0.577	1.465	1.526	4.639	55.89	-7.75	3.59	3.560	9.827	-7.507	-0.88031	-0.46826	0.04770	-0.05811	26.5	null	null	13113	60
2026-05-27T16:34:16.153	WT901BLE68(F3:F0:16:BF:DC:AE)	0.115	0.849	0.627	-13.428	-5.005	5.798	55.00	-8.22	3.64	3.560	9.827	-7.507	-0.88031	-0.46826	0.04770	-0.05811	26.5	null	null	13113	60
2026-05-27T16:34:16.271	WT901BLE68(F3:F0:16:BF:DC:AE)	0.169	0.832	0.533	-4.700	0.427	10.681	53.81	-8.76	3.89	3.560	9.827	-7.507	-0.88031	-0.46826	0.04770	-0.05811	26.5	null	null	13113	60
2026-05-27T16:34:16.365	WT901BLE68(F3:F0:16:BF:DC:AE)	0.296	0.833	0.536	-3.906	-12.634	24.170	53.27	-10.16	4.76	3.560	9.827	-7.507	-0.88031	-0.46826	0.04770	-0.05811	26.5	null	null	13113	60
2026-05-27T16:34:16.479	WT901BLE68(F3:F0:16:BF:DC:AE)	0.247	0.807	0.562	9.216	-2.319	23.804	53.75	-12.55	5.84	3.560	9.827	-7.507	-0.88031	-0.46826	0.04770	-0.05811	26.5	null	null	13113	60
2026-05-27T16:34:16.574	WT901BLE68(F3:F0:16:BF:DC:AE)	0.224	0.827	0.599	2.075	-2.747	15.015	54.34	-14.13	7.58	3.560	9.827	-7.507	-0.88031	-0.46826	0.04770	-0.05811	26.5	null	null	13113	60
2026-05-27T16:34:16.689	WT901BLE68(F3:F0:16:BF:DC:AE)	0.267	0.785	0.548	3.845	-9.216	0.366	54.61	-15.01	8.10	5.400	11.800	-10.900	-0.88031	-0.46826	0.04770	-0.05811	26.5	null	null	13113	60
2026-05-27T16:34:16.780	WT901BLE68(F3:F0:16:BF:DC:AE)	0.306	0.755	0.577	7.263	-2.625	-1.831	55.27	-15.21	8.27	5.400	11.800	-10.900	-0.87213	-0.46570	0.08401	-0.12390	26.5	null	null	13113	60
2026-05-27T16:34:16.901	WT901BLE68(F3:F0:16:BF:DC:AE)	0.255	0.783	0.609	-4.150	-6.104	-6.165	55.46	-15.14	8.32	5.400	11.800	-10.900	-0.87213	-0.46570	0.08401	-0.12390	26.5	null	null	13113	60
2026-05-27T16:34:16.960	WT901BLE68(F3:F0:16:BF:DC:AE)	0.241	0.801	0.604	-10.132	-8.606	-26.611	54.92	-14.41	7.21	5.400	11.800	-10.900	-0.87213	-0.46570	0.08401	-0.12390	26.5	null	null	13113	60
2026-05-27T16:34:17.084	WT901BLE68(F3:F0:16:BF:DC:AE)	0.249	0.817	0.530	2.136	-6.165	-39.246	54.94	-11.85	4.65	5.400	11.800	-10.900	-0.87213	-0.46570	0.08401	-0.12390	26.5	null	null	13113	60
2026-05-27T16:34:17.172	WT901BLE68(F3:F0:16:BF:DC:AE)	0.203	0.840	0.478	2.258	-4.883	-8.423	55.96	-10.23	3.49	5.400	11.800	-10.900	-0.87213	-0.46570	0.08401	-0.12390	26.5	null	null	13113	60
2026-05-27T16:34:17.289	WT901BLE68(F3:F0:16:BF:DC:AE)	0.159	0.839	0.561	-5.310	-12.939	-15.503	55.97	-9.97	1.89	5.400	11.800	-10.900	-0.87213	-0.46570	0.08401	-0.12390	26.5	null	null	13113	60
2026-05-27T16:34:17.379	WT901BLE68(F3:F0:16:BF:DC:AE)	0.164	0.845	0.533	5.493	-14.343	-3.967	56.58	-9.81	0.79	5.400	11.800	-10.900	-0.87213	-0.46570	0.08401	-0.12390	26.5	null	null	13113	60
2026-05-27T16:34:17.503	WT901BLE68(F3:F0:16:BF:DC:AE)	0.218	0.841	0.567	-3.418	-22.156	6.287	56.96	-10.83	-0.35	5.400	11.800	-10.900	-0.87213	-0.46570	0.08401	-0.12390	26.5	null	null	13113	60
2026-05-27T16:34:17.557	WT901BLE68(F3:F0:16:BF:DC:AE)	0.173	0.830	0.566	-4.944	-18.738	16.052	56.71	-12.67	-0.76	4.533	20.247	-18.500	-0.87213	-0.46570	0.08401	-0.12390	26.5	null	null	13113	60
2026-05-27T16:34:17.680	WT901BLE68(F3:F0:16:BF:DC:AE)	0.318	0.806	0.454	-11.719	-54.932	34.607	56.26	-16.25	-1.44	4.533	20.247	-18.500	-0.87213	-0.46570	0.08401	-0.12390	26.5	null	null	13113	60
2026-05-27T16:34:17.768	WT901BLE68(F3:F0:16:BF:DC:AE)	0.473	0.766	0.489	-7.751	-45.593	17.212	56.23	-21.53	-3.99	4.533	20.247	-18.500	-0.87259	-0.46225	0.14645	-0.05811	26.5	null	null	13113	60
2026-05-27T16:34:17.892	WT901BLE68(F3:F0:16:BF:DC:AE)	0.506	0.726	0.398	9.827	-27.954	28.992	57.67	-24.83	-4.13	4.533	20.247	-18.500	-0.87259	-0.46225	0.14645	-0.05811	26.5	null	null	13113	60
2026-05-27T16:34:17.979	WT901BLE68(F3:F0:16:BF:DC:AE)	0.510	0.768	0.570	-3.235	-42.664	6.958	58.87	-28.53	-5.47	4.533	20.247	-18.500	-0.87259	-0.46225	0.14645	-0.05811	26.5	null	null	13113	60
2026-05-27T16:34:18.102	WT901BLE68(F3:F0:16:BF:DC:AE)	0.513	0.774	0.479	2.563	-23.132	-5.981	60.34	-29.59	-6.98	4.533	20.247	-18.500	-0.87259	-0.46225	0.14645	-0.05811	26.5	null	null	13113	60
2026-05-27T16:34:18.190	WT901BLE68(F3:F0:16:BF:DC:AE)	0.557	0.744	0.419	-8.179	-22.949	-7.080	61.34	-30.10	-7.88	4.533	20.247	-18.500	-0.87259	-0.46225	0.14645	-0.05811	26.5	null	null	13113	60
2026-05-27T16:34:18.311	WT901BLE68(F3:F0:16:BF:DC:AE)	0.558	0.750	0.360	-15.503	-14.832	-11.169	61.03	-30.40	-9.06	4.533	20.247	-18.500	-0.87259	-0.46225	0.14645	-0.05811	26.5	null	null	13113	60
2026-05-27T16:34:18.369	WT901BLE68(F3:F0:16:BF:DC:AE)	0.511	0.762	0.461	-31.494	-23.315	-25.269	59.83	-29.68	-10.33	8.707	17.640	-34.147	-0.87259	-0.46225	0.14645	-0.05811	26.5	null	null	13113	60
2026-05-27T16:34:18.489	WT901BLE68(F3:F0:16:BF:DC:AE)	0.500	0.727	0.430	-36.865	-36.804	-44.556	58.56	-28.33	-14.06	8.707	17.640	-34.147	-0.87259	-0.46225	0.14645	-0.05811	26.5	null	null	13113	60
2026-05-27T16:34:18.584	WT901BLE68(F3:F0:16:BF:DC:AE)	0.357	0.835	0.380	0.366	-18.616	-29.846	59.67	-26.28	-17.61	8.707	17.640	-34.147	-0.87259	-0.46225	0.14645	-0.05811	26.5	null	null	13113	60
2026-05-27T16:34:18.705	WT901BLE68(F3:F0:16:BF:DC:AE)	0.399	0.824	0.340	-28.625	-36.377	-23.193	60.12	-25.50	-20.12	8.707	17.640	-34.147	-0.85077	-0.45068	0.26926	0.02167	26.5	null	null	13113	60
2026-05-27T16:34:18.793	WT901BLE68(F3:F0:16:BF:DC:AE)	0.382	0.829	0.515	-10.315	-9.644	-14.465	59.47	-24.68	-21.80	8.707	17.640	-34.147	-0.85077	-0.45068	0.26926	0.02167	26.5	null	null	13113	60
2026-05-27T16:34:18.914	WT901BLE68(F3:F0:16:BF:DC:AE)	0.442	0.767	0.458	-0.366	-12.939	-3.601	60.07	-24.49	-22.28	8.707	17.640	-34.147	-0.85077	-0.45068	0.26926	0.02167	26.5	null	null	13113	60
2026-05-27T16:34:18.972	WT901BLE68(F3:F0:16:BF:DC:AE)	0.461	0.747	0.523	-4.578	-15.259	-0.305	60.12	-25.00	-22.27	8.707	17.640	-34.147	-0.85077	-0.45068	0.26926	0.02167	26.5	null	null	13113	60
2026-05-27T16:34:19.094	WT901BLE68(F3:F0:16:BF:DC:AE)	0.345	0.801	0.341	-7.263	-31.006	-2.625	60.36	-26.22	-23.37	8.707	17.640	-34.147	-0.85077	-0.45068	0.26926	0.02167	26.5	null	null	13113	60
2026-05-27T16:34:19.184	WT901BLE68(F3:F0:16:BF:DC:AE)	0.445	0.791	0.250	10.254	-32.532	17.517	61.59	-28.23	-24.93	8.707	17.640	-34.147	-0.85077	-0.45068	0.26926	0.02167	26.5	null	null	13113	60
2026-05-27T16:34:19.300	WT901BLE68(F3:F0:16:BF:DC:AE)	0.496	0.826	0.334	11.902	-16.846	-1.526	64.02	-29.83	-26.25	8.707	17.640	-34.147	-0.85077	-0.45068	0.26926	0.02167	26.5	null	null	13113	60
2026-05-27T16:34:19.389	WT901BLE68(F3:F0:16:BF:DC:AE)	0.597	0.769	0.312	13.184	-11.292	2.197	66.43	-30.34	-25.86	-2.293	28.767	-42.753	-0.85077	-0.45068	0.26926	0.02167	26.5	null	null	13113	60
2026-05-27T16:34:19.511	WT901BLE68(F3:F0:16:BF:DC:AE)	0.528	0.799	0.387	-8.484	-25.208	-8.118	67.30	-30.71	-27.27	-2.293	28.767	-42.753	-0.85077	-0.45068	0.26926	0.02167	26.5	null	null	13113	60
2026-05-27T16:34:19.597	WT901BLE68(F3:F0:16:BF:DC:AE)	0.516	0.788	0.246	-13.000	-24.414	-8.179	68.02	-30.76	-28.89	-2.293	28.767	-42.753	-0.81250	-0.46802	0.34363	0.05087	26.5	null	null	13113	60
2026-05-27T16:34:19.723	WT901BLE68(F3:F0:16:BF:DC:AE)	0.595	0.745	0.314	-35.950	-11.414	-7.263	66.88	-30.77	-30.32	-2.293	28.767	-42.753	-0.81250	-0.46802	0.34363	0.05087	26.5	null	null	13113	60
2026-05-27T16:34:19.778	WT901BLE68(F3:F0:16:BF:DC:AE)	0.546	0.787	0.467	-29.541	-21.179	-19.287	64.51	-30.13	-31.25	-2.293	28.767	-42.753	-0.81250	-0.46802	0.34363	0.05087	26.5	null	null	13113	60
2026-05-27T16:34:19.902	WT901BLE68(F3:F0:16:BF:DC:AE)	0.433	0.792	0.264	-35.217	-24.902	-36.987	63.28	-29.14	-33.74	-2.293	28.767	-42.753	-0.81250	-0.46802	0.34363	0.05087	26.5	null	null	13113	60
2026-05-27T16:34:19.991	WT901BLE68(F3:F0:16:BF:DC:AE)	0.383	0.847	0.367	-15.015	-25.269	-39.673	63.12	-26.22	-37.78	-2.293	28.767	-42.753	-0.81250	-0.46802	0.34363	0.05087	26.5	null	null	13113	60
2026-05-27T16:34:20.114	WT901BLE68(F3:F0:16:BF:DC:AE)	0.386	0.849	0.437	-25.146	-26.428	-26.672	63.43	-24.48	-41.04	-2.293	28.767	-42.753	-0.81250	-0.46802	0.34363	0.05087	26.5	null	null	13113	60
2026-05-27T16:34:20.201	WT901BLE68(F3:F0:16:BF:DC:AE)	0.417	0.821	0.437	-8.545	-11.536	-9.583	62.75	-23.59	-43.02	-18.853	41.713	-39.353	-0.81250	-0.46802	0.34363	0.05087	26.5	null	null	13113	60
2026-05-27T16:34:20.323	WT901BLE68(F3:F0:16:BF:DC:AE)	0.370	0.819	0.451	6.287	-15.137	-3.662	63.49	-23.63	-43.55	-18.853	41.713	-39.353	-0.81250	-0.46802	0.34363	0.05087	26.5	null	null	13113	60
2026-05-27T16:34:20.377	WT901BLE68(F3:F0:16:BF:DC:AE)	0.407	0.765	0.375	-2.808	-23.254	-1.465	64.11	-24.16	-44.43	-18.853	41.713	-39.353	-0.80966	-0.41443	0.35858	0.20975	26.5	null	null	13113	60
2026-05-27T16:34:20.500	WT901BLE68(F3:F0:16:BF:DC:AE)	0.435	0.850	0.402	-6.836	-29.175	4.578	64.33	-25.32	-45.82	-18.853	41.713	-39.353	-0.80966	-0.41443	0.35858	0.20975	26.5	null	null	13113	60
2026-05-27T16:34:20.591	WT901BLE68(F3:F0:16:BF:DC:AE)	0.467	0.847	0.359	-2.014	-41.992	3.906	65.14	-27.33	-47.63	-18.853	41.713	-39.353	-0.80966	-0.41443	0.35858	0.20975	26.5	null	null	13113	60
2026-05-27T16:34:20.713	WT901BLE68(F3:F0:16:BF:DC:AE)	0.400	0.830	0.264	5.981	-42.114	-2.991	67.35	-28.84	-50.97	-18.853	41.713	-39.353	-0.80966	-0.41443	0.35858	0.20975	26.5	null	null	13113	60
2026-05-27T16:34:20.799	WT901BLE68(F3:F0:16:BF:DC:AE)	0.529	0.783	0.318	-6.165	-50.293	5.066	70.05	-30.43	-54.41	-18.853	41.713	-39.353	-0.80966	-0.41443	0.35858	0.20975	26.5	null	null	13113	60
2026-05-27T16:34:20.921	WT901BLE68(F3:F0:16:BF:DC:AE)	0.547	0.827	0.269	-23.743	-46.143	-2.991	70.91	-32.30	-58.33	-18.853	41.713	-39.353	-0.80966	-0.41443	0.35858	0.20975	26.5	null	null	13113	60
