SampleTimeFine,D_Leg_Acc_X,D_Leg_Acc_Y,D_Leg_Acc_Z,D_Wrist_Acc_X,D_Wrist_Acc_Y,D_Wrist_Acc_Z,Activity
2922160758,0.135616,0.023574,0.118871,0.121434,-0.499528,-0.126184,0
2922194092,0.241907,0.090295,0.110071,0.133394,-0.376917,-0.152413,0
2922227426,0.239189,0.076734,0.158808,0.58507,-0.460138,0.396502,0
2922260760,0.237536,0.020908,0.182576,-0.008137,-0.296909,0.549498,0
2922294094,0.20887,-0.058566,0.128869,0.004142,-0.379137,-0.166887,0
2922327428,0.167971,0.024422,0.038616,-0.047847,-0.269094,-0.080751,0
2922360762,0.053169,0.04206,0.116424,-0.252778,-0.53017,-0.41674,0
2922394096,0.092064,0.191455,0.164344,0.06307,-0.924289,-0.702019,0
2922427430,0.114234,0.247182,0.136494,0.364988,-1.348728,-0.473187,0
2922460764,0.195218,0.207262,0.137198,0.218511,-1.513056,-1.666273,0
2922494098,0.162776,0.14419,0.159506,-0.159993,-1.124801,-1.402403,0
2922527432,0.340524,-0.186973,-0.12026,-0.149495,0.135202,-0.800677,0
2922560766,0.561398,-0.22381,-0.311618,0.575718,1.787657,-0.027366,0
2922594100,0.239337,-0.231572,-0.022013,0.561354,3.272202,1.461144,0
2922627434,0.049175,-0.211257,0.180366,0.666437,4.167276,2.446597,0
2922660768,0.0144,-0.149276,0.368831,0.528081,3.850772,2.251157,0
2922694102,0.001283,-0.26913,0.398873,0.361468,2.830056,1.761523,0
2922727436,-0.250696,-0.27269,-0.20172,0.126618,1.085129,1.979923,0
2922760770,-0.453887,-0.316302,-0.628384,-0.756563,-0.630916,1.044498,0
2922794104,-0.664465,-0.093779,-0.285261,-0.644858,-0.58159,-0.104201,0
2922827438,-0.194822,0.104236,0.18081,-0.722574,-0.518544,-1.009317,0
2922860772,0.77083,0.542597,-0.225571,-1.164544,-0.805711,-2.169306,0
2922894106,0.895235,0.58289,0.278677,-0.656045,-1.454728,-2.341932,0
2922927440,-0.140673,-0.176836,0.580845,-0.366904,-2.204216,-2.163295,0
2922960774,-0.318067,-0.806316,-0.081046,-0.35217,-3.709482,-1.628574,0
2922994108,-0.574131,-1.09039,-1.045835,0.061228,-4.716819,-2.685744,0
2923027442,-1.144243,-0.259816,-1.512922,0.473276,-3.422548,-2.34084,0
2923060776,-1.599199,-0.076217,-0.910939,-0.059721,-2.590844,-1.64508,0
2923094110,-0.481203,0.521595,0.400089,-0.15964,-1.328491,-1.960654,0
2923127444,1.399914,1.308648,2.060849,-0.460793,1.515145,0.3473,0
2923160778,1.844822,-1.0267,0.06237,0.304779,3.864036,0.640575,0
2923194112,1.398475,0.275235,-1.618336,0.139004,5.927186,2.165633,0
2923227446,-0.991057,-0.214634,-0.436789,0.251317,5.786761,3.064783,0
2923260780,-1.176749,0.282853,0.062037,0.012464,4.118383,2.264388,0
2923294114,-0.835959,1.002092,0.093052,-0.001622,1.793689,1.147853,0
2923327448,-0.801029,0.523757,-0.242358,-0.243524,-0.365082,-0.628302,0
2923360782,-0.259698,-0.339903,-0.31021,-0.302966,-2.396733,-1.263915,0
2923394116,0.211668,-0.277708,-0.193894,-0.056162,-3.153482,-2.375243,0
2923427450,0.627989,0.04623,-0.09347,-0.876593,-4.729631,-1.971672,0
2923460784,0.215943,-0.517381,0.148518,-0.715607,-5.429475,-2.731575,0
2923494118,0.875714,-0.574687,-0.379667,-0.052299,-4.518772,-2.819745,0
2923527452,0.411333,-0.259246,-0.065132,0.085355,-4.660654,-2.128042,0
2923560786,-0.112007,-0.214631,0.217855,-0.755549,-2.234582,-1.315974,0
2923594120,-0.181191,-0.469967,0.669953,-0.039314,1.757204,0.360251,0
2923627454,-0.23844,-0.522419,-0.117891,-0.205135,4.373573,1.421478,0
2923660788,-0.29655,-0.11182,0.030569,0.271237,6.085221,5.244782,0
2923694122,0.322022,-0.708114,0.072519,0.78045,7.179412,4.623713,0
2923727456,1.04693,-0.642937,-0.075234,0.208898,5.168262,2.988814,0
2923760790,0.245313,0.185272,-0.158101,0.14024,3.189867,0.662954,0
2923794124,-1.573751,0.593897,-0.398561,0.749394,1.425947,-1.723161,0
2923827458,-0.224007,1.001359,-0.486029,0.837382,-1.30012,-2.845155,0
2923860792,-1.373709,0.691808,0.023227,0.378546,-3.652977,-2.749392,0
2923894126,0.169944,0.184051,-0.065261,0.328866,-5.748803,-2.165861,0
2923927460,-0.889957,0.632602,-0.295451,-0.567263,-6.177667,-0.684361,0
2923960794,-1.182131,1.234326,-0.276656,-1.607328,-7.200755,-0.549954,0
2923994128,0.283576,-0.189863,0.73727,-0.855825,-5.056753,0.182529,0
2924027462,-1.065801,0.817989,0.208008,-1.260902,-3.240448,-0.793995,0
2924060796,-0.549365,-0.097957,0.499868,1.85475,-0.83291,1.596439,0
2924094130,0.133033,-0.011044,0.226024,1.019001,3.102658,2.156698,0
2924127464,0.118151,-0.229385,0.95024,1.265577,6.063128,2.611482,0
2924160798,1.251914,-0.70746,1.413984,0.58577,7.497239,2.2271,0
2924194132,0.161858,-0.785559,0.627304,0.039321,8.442447,1.099432,0
2924227466,-0.115422,-0.81567,0.542093,-0.350441,7.981599,0.147022,0
2924260800,0.872729,-0.289694,0.276203,-0.481741,5.820438,-0.80911,0
2924294134,1.12815,0.00889,0.763347,0.728301,0.761339,-1.6649,0
2924327468,0.510911,0.490797,0.277544,0.302559,-2.500438,-0.121313,0
2924360802,-0.99041,0.412311,0.353213,0.128356,-5.692469,0.491612,0
2924394136,0.327523,0.304608,0.700534,-0.724485,-8.118276,1.823029,0
2924427470,-1.032543,0.663422,0.363355,-0.404966,-6.313792,4.011247,0
2924460804,-0.040089,0.890359,0.120109,-0.727001,-5.366861,2.320148,0
2924494138,0.266741,0.568659,0.151439,0.124792,-3.826662,3.561848,0
2924527472,0.230956,0.450011,0.011009,-0.041088,-2.29302,3.013534,0
2924560806,-0.044921,0.403463,-0.686794,1.163854,-1.022278,3.086641,0
2924594140,-0.07942,0.023612,-0.442968,0.290281,0.283047,1.980972,0
2924627474,0.137412,-0.101179,0.457022,0.270487,2.275529,2.909473,0
2924660808,-0.106217,0.273777,0.434407,-0.51483,6.570451,2.854832,0
2924694142,-0.149362,0.198975,0.263682,-1.525905,7.119572,1.456556,0
2924727476,0.258304,-0.202453,1.21845,-1.092731,6.708124,2.593161,0
2924760810,-0.251806,-0.051166,1.480703,-1.161878,4.990643,3.605446,0
2924794144,0.144446,0.00215,1.633251,-0.171121,1.558147,2.772625,0
2924827478,-0.730338,0.626051,1.953219,0.976328,-1.048994,1.562108,0
2924860812,-0.902914,0.874901,1.048649,1.279878,-2.783304,-0.423795,0
2924894146,-0.208189,0.502379,0.559906,0.845778,-3.79248,-0.215392,0
2924927480,-0.363649,0.229593,0.672713,0.174203,-4.978076,-0.347602,0
2924960814,0.337184,0.373882,0.000878,-0.506385,-4.622674,-1.06158,0
2924994148,0.48585,-0.129567,-0.072297,0.158818,-3.896604,-0.488627,0
2925027482,-0.019133,-0.091055,0.162595,0.302748,-1.800044,1.093106,0
2925060816,-0.295844,0.033871,-0.432296,0.414307,0.479516,2.126729,0
2925094150,0.128536,-0.19038,-0.003232,-0.148196,3.346411,1.112873,0
2925127484,0.289313,-0.179541,-0.218951,-1.283726,4.686512,2.020968,0
2925160818,0.524941,-0.078642,0.019592,-1.557252,4.69151,2.140792,0
2925194152,0.055667,-0.22464,0.16638,-0.186825,4.435846,1.90099,0
2925227486,-0.325995,-0.050521,-0.05899,-0.125957,2.636583,1.511254,0
2925260820,0.241541,-0.004733,0.132672,0.649562,0.241588,0.576275,0
2925294154,-0.255211,0.106843,0.453018,1.22061,-1.193932,-0.572012,0
2925327488,-0.711899,0.031682,0.1496,0.895894,-3.238181,-1.305813,0
2925360822,0.07183,0.022146,-0.413343,0.546967,-4.20135,-2.271043,0
2925394156,-0.336906,0.168626,0.112817,0.144073,-4.262256,-2.137844,0
2925427490,-0.320705,-0.401334,-0.010013,-0.346698,-3.271313,-1.839231,0
2925460824,-0.138512,-0.255147,-0.182557,0.280638,-4.023258,-0.485419,0
2925494158,0.176396,-0.298803,-0.174167,1.063269,-0.279723,1.355223,0
2925527492,0.32622,-0.332671,-0.019069,-0.301734,-0.177099,0.531158,0
2925560826,0.342545,-0.216316,-0.434375,-0.1613,4.569356,2.765706,0
2925594160,0.049508,-0.22915,-0.439088,-0.877987,6.168451,2.49889,0
2925627494,-0.667906,-0.131679,0.127254,-0.865329,5.864611,2.55186,0
2925660828,-1.146374,-0.09294,0.071837,-0.224524,4.482983,1.580212,0
2925694162,-0.579859,0.038308,-0.60269,-0.145059,2.308083,-0.369177,0
2925727496,-0.277448,0.211458,-1.209056,0.558477,0.363408,-1.750051,0
2925760830,-0.209474,0.21735,-0.743606,0.854572,-1.296957,-2.785938,0
2925794164,0.302708,0.112444,-0.390686,0.922921,-2.787192,-3.32183,0
2925827498,0.326507,0.331851,-0.686016,0.641335,-4.636852,-3.969429,0
2925860832,0.052576,0.263843,-1.084373,0.130885,-4.086986,-3.663719,0
2925894166,-0.955635,0.985823,0.040021,-1.05014,-3.285972,-3.610339,0
2925927500,-1.091545,0.04181,0.650027,-0.790489,-2.517702,-2.183602,0
2925960834,0.723731,0.191029,-0.851186,-1.133805,-0.453537,-0.672212,0
2925994168,1.041055,0.040296,-0.944849,-0.239731,2.681776,2.417151,0
2926027502,1.403732,-0.213241,0.100903,0.425532,3.872303,4.497885,0
2926060836,1.069647,-0.04479,0.250901,-0.637904,3.756575,2.267575,0
2926094170,0.673633,0.229785,0.848101,0.091188,3.210908,2.021438,0
2926127504,-0.271173,-0.044107,-0.100029,-0.016237,1.551149,-0.000854,0
2926160838,-1.048895,-0.051683,0.005244,0.233107,-0.159911,-0.953793,0
2926194172,-0.187454,-0.256654,0.062943,0.841845,-2.258492,-1.801903,0
2926227506,0.289825,-0.241696,-0.208326,0.673771,-3.129668,-2.621537,0
2926260840,0.317448,0.28261,0.112798,-0.204948,-3.706409,-3.611075,0
2926294174,0.543735,0.127677,0.033861,0.33153,-3.389904,-3.005369,0
2926327508,0.175715,0.062339,0.423781,-0.644752,-1.993146,-2.054591,0
2926360842,0.54574,0.060839,0.276114,-0.75604,-0.002711,-0.310507,0
2926394176,0.72466,-0.14637,0.203455,-0.561745,1.328079,1.957629,0
2926427510,0.149307,-0.434233,0.246957,-0.201075,1.846307,2.686211,0
2926460844,0.163568,-0.560005,-0.021548,0.12362,2.007438,2.013703,0
3313368582,-1.081571,0.560394,0.371175,-1.215223,-2.378496,-2.334802,0
3313401916,-0.047936,0.410063,0.295921,-1.670536,-2.543415,-1.97893,0
3313435250,-0.769693,0.131988,0.288035,-2.182101,-2.236912,-2.563497,0
3313468584,-0.529052,0.031278,0.165041,-1.986632,-2.28005,-1.834771,0
3313501918,-0.09036,-0.28243,-0.214699,-1.844431,-2.774348,-1.818126,0
3313535252,0.152591,-0.893411,0.236824,-0.850908,-2.111341,-0.764753,0
3313568586,0.165947,-0.386498,0.251965,0.286469,0.080324,0.790334,0
3313601920,0.172611,-0.112265,0.382435,1.023769,1.204458,1.737608,0
3313635254,-0.453998,0.62603,0.732222,1.921635,3.121763,3.916931,0
3313668588,-0.689228,0.20176,0.540315,2.217598,4.00437,4.56945,0
3313701922,-0.329148,-0.345638,0.406356,1.897639,3.143289,3.51484,0
3313735256,0.083675,-0.183291,0.26745,1.121184,1.382983,1.11329,0
3313768590,-0.486383,-0.399851,0.126162,0.670217,-0.003572,-0.279949,0
3313801924,-0.156076,0.024078,-0.116628,-0.274721,-1.51883,-2.335742,0
3313835258,-0.427059,0.027864,0.621583,-1.296766,-2.144035,-3.065829,0
3313868592,-0.641797,-0.312735,-0.09393,-1.854918,-2.6115,-2.208459,0
3313901926,-0.197144,-0.041909,-0.324679,-2.591004,-3.500952,-2.822088,0
3313935260,-0.020755,-0.555341,0.076704,-1.693491,-2.595104,-1.985293,0
3313968594,-0.181807,-0.680332,-0.976596,-1.839408,-2.478878,-2.116113,0
3314001928,0.672867,-0.34229,-0.594544,-0.51687,-2.251385,-0.81572,0
3314035262,-0.837913,0.505248,0.043499,0.250459,-0.496257,-0.392276,0
3314068596,-0.476355,1.08745,-0.058867,1.219017,2.009957,1.301745,0
3314101930,-0.021307,0.608188,0.681827,1.348128,3.087209,3.37008,0
3314135264,-0.38724,0.406271,-0.116025,1.776704,4.701793,4.436333,0
3314168598,0.633741,0.286686,-0.532562,1.347474,3.065807,4.177459,0
3314201932,0.360718,0.246375,0.430924,0.710079,0.912013,3.112104,0
3314235266,0.037166,-0.013267,-0.138584,0.411373,0.130134,1.762679,0
3314268600,0.417573,-0.206839,-0.110401,-0.145913,-1.246671,-0.175913,0
3314301934,0.191803,-0.276884,0.207697,-1.2393,-2.048848,-1.677742,0
3314335268,-0.395144,0.689026,0.404153,-1.153004,-1.977063,-1.955667,0
3314368602,-0.807607,0.956571,0.349289,-1.931915,-3.035478,-2.400946,0
3314401936,-0.013084,0.134193,-0.05893,-1.70523,-2.705554,-1.945363,0
3314435270,0.097307,-0.292173,0.508662,-1.449081,-2.656901,-1.276368,0
3314468604,0.297933,-0.354703,0.038137,-0.837786,-1.729859,0.173489,0
3314501938,0.287414,-0.509044,0.006469,-0.064815,-0.284739,0.609974,0
3314535272,-0.031992,-0.697952,0.350943,1.92183,1.940035,2.214462,0
3314568606,-0.247822,-0.036219,0.330915,3.085225,3.868242,3.605378,0
3314601940,-0.28821,0.249105,0.086436,3.397385,4.268965,3.063638,0
3314635274,-0.396701,0.375295,0.505219,2.297938,3.08333,1.295394,0
3314668608,0.143477,0.197537,-0.353686,1.288767,1.20298,-0.247604,0
3314701942,0.109683,0.289637,-0.256007,0.067424,-0.627563,-1.44184,0
3314735276,0.244022,-0.035889,0.285103,-1.801975,-2.700637,-1.966133,0
3314768610,0.082783,0.665085,-0.071399,-2.197855,-3.720887,-1.149806,0
3314801944,-0.292377,1.152987,0.192234,-3.05977,-3.765085,-1.097947,0
3314835278,0.321539,0.557257,0.286759,-2.659087,-2.752079,-0.708594,0
3314868612,0.359102,0.042326,-0.093436,-2.033437,-2.059474,-0.569758,0
3314901946,0.524224,-0.259392,0.217935,-1.244836,-1.15336,0.089027,0
3314935280,0.281374,-0.052881,-0.325691,-0.226555,-0.169672,0.827968,0
3314968614,-0.242414,0.355566,0.44806,0.998465,0.805181,1.590934,0
3315001948,-0.620228,0.756156,0.569014,1.134767,2.083006,1.345291,0
3315035282,-0.145597,0.006441,-0.086132,2.126526,3.613638,2.097997,0
3315068616,-0.032343,0.25274,0.077426,2.418691,4.249106,2.516576,0
3315101950,0.248594,-0.815486,-0.088647,1.885862,3.81415,2.392202,0
3315135284,-0.183941,-0.176264,0.37416,1.426026,2.753536,1.940214,0
3315168618,-0.653587,0.100521,0.821211,0.943793,1.803854,1.354468,0
3315201952,-1.385223,0.908315,0.486921,-0.102327,0.006274,0.342864,0
3315235286,-0.632856,0.497349,0.249759,-0.968033,-1.474359,-0.740271,0
3315268620,0.442723,-0.137787,0.014617,-0.919209,-1.970409,-1.820179,0
3315301954,0.592836,0.013898,0.036191,-1.391559,-2.752981,-2.136406,0
3315335288,0.808664,-0.042588,-0.155895,-1.999967,-3.145083,-2.118477,0
3315368622,0.718814,-0.042702,-0.258609,-1.925709,-3.406448,-1.241553,0
3315401956,0.7437,-0.313135,-0.089152,-2.0876,-3.248361,-0.506318,0
3315435290,0.178894,0.146493,0.161123,-1.182176,-1.947716,-0.466916,0
3315468624,-0.221881,0.256947,0.275278,-1.61337,-2.157862,-0.799397,0
3315501958,-0.352904,0.146543,0.270207,-0.487257,-1.172906,0.255493,0
3315535292,-0.06907,-0.205709,0.237987,-0.047386,0.056828,1.156608,0
3315568626,-0.140416,-0.220984,-0.134483,0.43918,1.915295,3.165291,0
3315601960,0.197282,0.123189,0.176091,1.506929,4.463346,4.388891,0
3315635294,0.254151,0.67298,0.515126,2.210167,4.467148,3.648964,0
3315668628,0.134737,0.21521,0.426291,2.090403,3.47182,2.35357,0
3315701962,-0.134983,0.19813,-0.058397,1.773051,3.144973,2.399573,0
3315735296,0.295219,0.77093,0.124121,1.528774,2.515755,2.062986,0
3315768630,0.711229,0.167622,-0.303969,1.205132,0.839936,1.041475,0
3315801964,0.302931,0.024657,-0.241777,0.313615,-0.385442,0.714935,0
3315835298,-0.032187,0.349352,0.259061,-0.409366,-0.761659,0.15426,0
3315868632,-0.12314,0.200332,0.402413,-1.380166,-1.704956,-0.935229,0
3315901966,-1.295988,1.571744,0.758393,-2.515485,-2.447801,-1.677475,0
3315935300,-0.548378,1.982476,0.992459,-3.461716,-4.067672,-2.168144,0
3315968634,0.62902,0.660944,0.998412,-3.989306,-5.060801,-2.221668,0
3316001968,0.82789,-0.66303,1.732637,-1.850822,-3.800312,0.61734,0
3316035302,1.08989,-0.756297,0.614559,-0.283307,-1.155078,1.821826,0
3316068636,0.787955,-0.822339,0.161459,1.946507,2.267553,3.155393,0
3316101970,0.308922,-0.879791,0.58207,2.921684,4.754647,4.50016,0
3316135304,-0.284966,-0.473157,0.472118,2.567772,4.714135,3.797502,0
3316168638,-0.016887,-0.064329,0.046621,2.009536,3.365821,2.284966,0
3316201972,-0.114771,-0.159343,0.224763,0.671883,1.242388,1.107889,0
3316235306,-0.112603,-0.073819,0.115062,0.111943,-0.262046,0.38799,0
3316268640,0.732163,-0.800229,-0.898585,-0.34253,-1.289565,-0.300376,0
3316301974,0.661245,-0.676876,-0.549946,-0.345718,-1.170705,-0.537982,0
3316335308,-0.008655,-0.329282,-0.164773,-0.175098,-1.251375,-0.974321,0
3316368642,0.18661,-0.155333,-0.75025,-0.652229,-1.808695,-0.847801,0
3316401976,0.201542,0.087422,-0.53881,-0.872814,-2.107408,-1.189707,0
3316435310,-0.695357,1.038424,0.676935,-1.029193,-1.861954,-1.535777,0
3316468644,-0.83807,0.742468,0.385957,-1.308118,-1.912468,-1.199996,0
3316501978,-0.731684,0.493154,-0.433011,-1.485409,-2.14235,-0.754813,0
3316535312,-0.323094,0.480515,-0.317238,-1.623733,-2.292133,-0.443432,0
3316568646,0.053568,0.243379,0.013566,-0.228996,-0.790564,0.831772,0
3316601980,0.529187,-0.27267,0.08073,0.318775,0.936504,1.550858,0
3316635314,-0.000449,0.16994,-0.580224,1.51703,2.622139,3.109683,0
3316668648,-0.009329,0.277054,-0.071066,2.09494,3.643641,3.546133,0
3316701982,-0.156347,-0.136427,0.083579,2.131825,3.942421,3.192701,0
3316735316,-0.260301,0.024902,0.559754,1.641546,2.877291,2.387293,0
3316768650,-0.82967,0.044925,0.427327,0.651056,1.112421,1.249964,0
3316801984,-0.810148,-0.257997,0.263329,0.035157,-0.520479,0.052998,0
3316835318,-0.210619,-0.017569,0.216082,-0.813792,-1.22831,-1.399141,0
3316868652,-0.489797,0.372486,-0.271576,-1.530295,-2.112705,-2.270216,0
3316901986,-0.642427,0.19538,-0.306562,-1.942801,-2.736663,-3.157803,0
3316935320,-0.093413,0.000201,0.498822,-1.87528,-2.615284,-3.298728,0
3316968654,0.123442,-0.28081,0.200156,-1.743301,-2.600662,-2.6335,0
3317001988,-0.421635,-0.192913,-0.005479,-0.951425,-1.57389,-1.576648,0
3317035322,-0.213498,-0.444027,-0.280749,-0.328431,-0.541989,-0.470919,0
3317068656,0.508833,-0.250624,-0.588623,0.940995,1.24441,1.14393,0
3317101990,-0.453839,-0.568053,-0.899757,2.009059,3.161747,2.80438,0
3317135324,-0.623845,-0.574781,-1.104131,1.885572,2.779082,3.24162,0
3317168658,0.116636,0.365401,-0.194871,1.92356,1.598029,2.427082,0
3317201992,0.304728,0.855502,0.682924,0.922334,0.358225,0.424117,0
3317235326,-0.297229,0.913576,-0.119983,-0.241007,-0.727002,-0.730154,0
3317268660,-0.64051,1.132223,-0.850902,-0.69356,-1.406643,-2.083871,0
3317301994,-0.517296,0.990306,-0.334047,-0.847223,-1.219275,-3.359661,0
3317335328,-0.050327,-0.262438,-0.019277,-0.730611,-1.141342,-3.251119,0
3317368662,0.888685,-0.99413,-0.44156,-1.322097,-1.984026,-2.899738,0
3317401996,1.193915,-0.40847,0.073484,-2.179513,-2.207301,-2.818086,0
3317435330,0.777475,-1.078434,0.131146,-0.785966,-1.676333,-1.530298,0
3317468664,0.590975,-1.078232,0.020017,-0.292029,-0.508069,-0.629426,0
3317501998,-0.271795,-0.061717,0.432039,0.253968,0.604009,1.288123,0
3317535332,-0.237374,-0.737316,0.277758,2.339059,2.097103,3.273443,0
3317568666,0.61934,-1.160157,-0.54205,2.399803,2.731559,3.211515,0
3317602000,0.752278,-0.606956,-0.409095,1.863359,1.720169,2.181578,0
3317635334,-0.071537,0.149403,0.070989,1.285058,0.918994,0.63448,0
3317668668,-0.018092,0.208785,-0.031452,0.584298,-0.121891,-0.623813,0
3317702002,0.540963,0.019228,-0.5584,0.327468,-0.317376,-2.177399,0
3317735336,-0.055041,0.253251,-0.200977,-0.010273,-0.987271,-3.016162,0
3317768670,-0.611354,-0.180632,-0.844421,-0.839913,-2.678039,-3.534314,0
3317802004,-0.633663,-0.012363,-1.408025,-1.23636,-2.718161,-3.772889,0
3317835338,-1.141617,1.396588,0.713052,-1.080593,-3.103578,-3.245126,0
3317868672,1.454514,-0.685344,4.268014,-2.782564,-2.930129,-3.39502,0
3317902006,1.816007,-1.02446,-0.186155,-1.943448,-1.004299,-2.639086,0
3317935340,-0.826951,0.493582,-0.614943,1.033266,-0.05225,-0.087725,0
3317968674,-1.239537,0.090988,0.122149,0.813835,0.764378,1.681556,0
3318002008,1.057129,-0.164047,0.14605,1.208258,1.984468,3.210028,0
3318035342,2.578919,-0.821075,0.381782,2.165572,1.960365,2.831123,0
3327902206,0.100197,0.348898,0.069366,0.237413,-0.531851,0.231722,0
3327935540,-0.262343,0.599776,0.320718,0.071771,-0.487365,-0.083681,0
3327968874,-0.079228,0.646302,0.163607,0.33262,-0.219901,-0.218127,0
3328002208,-0.168187,0.676832,0.156462,0.414105,0.083379,0.201093,0
3328035542,-0.241813,0.797494,0.312096,0.104587,-0.257949,0.132831,0
3328068876,-0.14806,0.769758,0.230977,-0.214106,-0.123605,0.19987,0
3328102210,-0.288786,0.559085,0.052075,-0.200012,-0.253373,0.359332,0
3328135544,-0.32464,0.34215,0.156035,-0.363794,-0.242198,0.495412,0
3328168878,-0.048512,0.272983,0.235464,-0.256629,-0.074793,0.52905,0
3328202212,0.253324,0.000638,0.06945,-0.344748,-0.088613,0.18582,0
3328235546,-0.186833,-0.020124,0.335171,-0.341813,0.072043,0.131568,0
3328268880,0.154855,-0.213743,0.166394,-0.293922,0.311789,-0.132772,0
3328302214,0.924596,-0.065129,0.069152,-0.263427,0.14377,-0.318467,0
3328335548,1.032564,0.545525,0.030021,-0.056603,-0.36762,-0.15927,0
3328368882,0.074272,0.975447,0.168969,0.070488,-0.830469,-0.267922,0
3328402216,0.050114,0.778066,0.15693,0.001815,-1.28402,-0.649027,0
3328435550,0.696615,0.683829,-0.280951,-0.094038,-1.652343,-1.230237,0
3328468884,1.295693,0.855252,-0.593165,0.223337,-0.816286,-0.81162,0
3328502218,1.02904,0.920812,0.118581,-0.033035,-0.606096,-1.338138,0
3328535552,-0.255068,-0.83491,-0.243696,-0.398853,-1.511783,-1.160466,0
3328568886,-1.403951,-0.797733,0.218812,-0.143996,-1.929703,-0.113917,0
3328602220,-0.705747,-0.921628,0.392616,-0.502998,-1.966467,-0.432486,0
3328635554,-0.274459,-1.18915,-0.567391,0.020186,-2.234714,-1.860974,0
3328668888,0.050471,-0.343635,-0.417556,0.351568,-0.168588,-0.432447,0
3328702222,0.31461,-0.099768,-0.19756,0.602993,1.046121,-0.147239,0
3328735556,0.000377,0.161183,-0.196052,0.665294,2.886955,0.492014,0
3328768890,0.266365,-0.507494,-0.70332,0.662825,4.636171,2.614667,0
3328802224,0.331029,-0.163939,-0.000916,0.356617,4.803307,3.162749,0
3328835558,-0.542889,-0.002598,0.364624,0.152821,3.453489,2.353955,0
3328868892,-0.387092,0.259561,0.271279,0.245351,1.504327,1.782153,0
3328902226,-0.459769,-0.323821,-0.284681,0.029064,-0.521152,0.909176,0
3328935560,-0.154654,-0.194019,-0.181192,-0.154984,-1.967668,-0.970601,0
3328968894,0.14277,-0.041281,0.25824,-0.323396,-2.196589,-1.516728,0
3329002228,0.654789,-0.3918,0.417352,-0.749797,-3.039433,-2.187631,0
3329035562,0.285474,-0.330118,0.044671,-0.930832,-2.853539,-3.373727,0
3329068896,-0.1806,-0.305421,-0.044585,-0.606278,-3.030667,-3.320067,0
3329102230,0.080476,-0.471294,-0.270652,-0.503028,-3.135473,-2.406235,0
3329135564,-0.184614,-0.029051,0.254252,0.408073,-2.41936,-1.170835,0
3329168898,-0.223049,-0.315357,-0.16626,-0.175127,-2.2589,-1.177001,0
3329202232,-0.059075,0.053886,-0.067966,0.837349,0.739907,1.276658,0
3329235566,0.098224,-0.025752,0.039104,0.393863,3.334491,2.973217,0
3329268900,0.234729,-0.284591,-0.358624,0.609274,5.797022,5.19459,0
3329302234,0.071185,-0.275542,0.34707,0.818985,5.748934,4.830102,0
3329335568,0.07865,-0.067743,-0.018941,0.557034,4.113785,2.364068,0
3329368902,-0.018119,-0.229112,-0.279486,0.913979,2.042798,-0.346425,0
3329402236,-0.244625,-0.033007,0.312665,0.800674,-0.618813,-1.481153,0
3329435570,-0.388384,0.209133,0.627182,-0.658745,-3.485854,-2.930112,0
3329468904,-0.581539,0.395975,0.307469,-0.528649,-4.542426,-3.91466,0
3329502238,-0.507387,0.487748,0.336232,-0.835653,-5.687984,-2.295711,0
3329535572,0.102035,0.28231,-0.177672,-0.451822,-4.336393,-2.305685,0
3329568906,0.359116,0.317406,-0.075546,-0.236126,-2.365513,-1.533456,0
3329602240,-0.064017,-0.47393,-0.222943,0.315949,-1.0931,-0.962309,0
3329635574,0.131686,-0.154849,-0.235092,0.265127,1.57993,0.8321,0
3329668908,0.137637,-0.034639,0.302658,0.705099,3.877311,2.926597,0
3329702242,0.106837,-0.54963,0.375327,0.503371,4.974982,4.109375,0
3329735576,0.293084,0.183872,-0.04898,-0.076737,4.494962,3.507755,0
3329768910,0.238451,-0.629057,0.134246,0.207122,2.735542,2.592911,0
3329802244,0.09578,-0.431914,-0.052338,0.343423,1.901687,0.950133,0
3329835578,-0.780165,0.232101,-0.175495,0.186735,-0.47654,-0.666386,0
3329868912,-0.300683,0.353174,-0.080294,0.15386,-2.597404,-2.165493,0
3329902246,-1.37049,1.166244,-0.342955,-0.190886,-3.009693,-1.663075,0
3329935580,-0.835058,0.914233,-0.275312,-0.935339,-4.694332,-2.893536,0
3329968914,-1.138643,0.616854,0.217897,-0.66808,-4.047465,-2.228011,0
3330002248,0.192428,-0.047325,-0.2127,-0.439055,-3.505391,-1.729698,0
3330035582,0.711979,-0.152773,-0.050823,-0.26692,-2.640851,-1.146676,0
3330068916,0.479288,-0.448693,-0.09555,0.922291,0.845981,1.118105,0
3330102250,0.188322,-0.345772,0.091068,0.979152,3.691248,2.513152,0
3330135584,-0.271593,-0.340517,0.31228,-0.455355,5.332969,3.949876,0
3330168918,-0.082147,-0.236248,0.419746,-0.586086,6.02131,4.320522,0
3330202252,0.236713,-0.584225,0.191522,-0.638593,3.68855,2.975569,0
3330235586,0.345505,-0.242271,0.001029,-0.325146,1.631732,1.55794,0
3330268920,-0.10971,-0.426019,0.341067,-0.313444,-1.232535,-0.611093,0
3330302254,0.295566,-0.324848,-0.35539,-0.478602,-2.914067,-3.017559,0
3330335588,-0.432607,0.324384,-0.065776,-0.26895,-4.079018,-3.604267,0
3330368922,-0.509406,0.45714,0.098958,0.301785,-6.400974,-3.715563,0
3330402256,0.139582,0.246955,-0.443163,0.220604,-6.197278,-3.530926,0
3330435590,0.196082,-0.049579,0.004551,0.892618,-4.857435,-2.971364,0
3330468924,0.2598,-0.108279,-0.031225,0.88453,-3.031247,-2.258905,0
3330502258,-0.094799,0.219165,-0.798245,1.249175,1.186935,0.322847,0
3330535592,0.07469,-0.323817,0.396303,0.589163,3.508888,2.728457,0
3330568926,0.723619,-0.503102,1.008813,-0.403017,6.352757,5.787749,0
3330602260,-0.303474,-0.108953,0.190346,-0.622168,6.307022,5.955884,0
3330635594,-0.505631,-0.185228,0.380441,-0.496259,4.302484,5.015018,0
3330668928,0.218519,-0.198946,0.436916,-0.008558,2.151791,3.210505,0
3330702262,-0.547895,0.334509,-0.484813,0.207156,-0.231671,0.784344,0
3330735596,0.25085,0.065601,0.237593,0.579929,-1.59839,-1.109821,0
3330768930,0.030012,0.278458,0.289055,0.36267,-2.876961,-2.257194,0
3330802264,-0.329724,0.478131,-0.06517,0.315092,-3.443154,-2.632379,0
3330835598,-0.525463,0.647978,-0.078899,-0.118968,-3.683497,-2.522342,0
3330868932,-0.141825,0.247062,0.739488,-0.433106,-4.081297,-2.424678,0
3330902266,0.065186,0.283854,0.588247,-0.574565,-3.636624,-1.67181,0
3330935600,0.684618,-0.281666,0.69483,-0.418531,-2.84897,-0.806557,0
3330968934,-0.271923,-0.185344,1.030792,-0.157865,-2.122031,0.157113,0
3331002268,-0.568644,-0.114507,1.128999,0.021695,-0.71647,2.02282,0
3331035602,-0.3266,-0.179886,0.62723,-0.089567,2.130929,3.618274,0
3331068936,-0.410015,-0.212363,0.230113,-0.090255,3.933489,4.302285,0
3331102270,-0.462598,-0.110501,0.167429,-0.198384,5.131216,4.416727,0
3331135604,-0.452429,0.095938,0.156976,-0.013624,5.812882,3.872666,0
3331168938,-0.439765,0.380725,-0.284459,0.239453,4.704595,2.70293,0
3331202272,0.179925,0.35474,-0.681942,0.467236,2.954298,1.446268,0
3331235606,0.22516,0.550926,-0.63479,0.246724,0.864284,0.400401,0
3331268940,-0.052221,0.61238,-0.163234,0.041277,-0.442633,-0.110197,0
3331302274,-0.281647,0.612112,0.123842,-0.45371,-2.15954,-0.570208,0
3331335608,0.052948,0.247137,0.109679,-0.649243,-2.72911,-0.894169,0
3331368942,-0.124072,0.286878,0.035222,-0.763735,-3.01313,-1.590226,0
3331402276,0.236392,0.117788,0.08429,-1.304955,-3.419623,-2.478565,0
3331435610,0.452516,0.014069,-0.032181,-1.336139,-3.164942,-2.736369,0
3331468944,0.37797,0.044281,-0.13994,-1.004499,-3.116666,-1.926881,0
3331502278,0.344149,0.088113,-0.220388,-0.508552,-2.368194,-1.221643,0
3331535612,0.330334,0.057429,-0.204966,0.400014,-0.20983,0.511,0
3331568946,0.289586,-0.031028,-0.101446,0.834679,2.143568,1.65207,0
3331602280,-0.102021,0.124766,0.08135,0.423972,3.747726,2.720464,0
3331635614,-0.475329,0.199055,0.20267,0.002614,4.956116,3.422192,0
3331668948,-0.387708,0.354944,0.292877,0.027319,4.545014,4.120763,0
3331702282,-1.246265,0.352093,1.058943,0.016642,3.182837,3.756016,0
3331735616,-0.48772,0.43674,1.862393,-0.022028,1.137513,2.636149,0
3331768950,0.965583,-0.083339,2.248996,-0.376168,-0.701924,1.528632,0
3331802284,0.17136,0.468836,0.799525,-0.588105,-2.403559,0.959906,0
3331835618,-0.140507,0.374061,0.954008,-0.383136,-3.553378,0.546303,0
3331868952,-1.958146,1.561548,0.861755,0.062728,-3.134649,-0.23363,0
3331902286,-0.802133,0.887578,1.015239,0.368841,-2.982408,-1.187911,0
3331935620,1.527107,-0.329404,0.428176,0.36316,-2.387691,-0.729824,0
3331968954,0.848377,-0.423017,-0.589153,0.087098,-2.210522,-0.494807,0
3332002288,0.574679,-0.217928,-0.630614,0.115792,-1.313868,-0.508159,0
3332035622,0.183374,-0.370599,-0.361944,0.468933,0.387458,0.609987,0
3332068956,0.005965,-0.354909,-0.102292,0.939561,1.998927,1.458538,0
3332102290,0.07415,-0.398762,-0.109005,0.677987,3.392244,1.339233,0
3332135624,0.404679,-0.128233,-0.303852,0.200492,2.914285,1.171973,0
3332168958,0.139492,-0.15981,-0.226513,-0.020866,1.659559,0.913514,0
3332202292,-0.341863,-0.101513,-0.255745,0.367053,0.630094,0.360819,0
3332235626,-0.04155,0.038258,-0.284647,0.072494,-0.751528,-0.069362,0
3332268960,-0.239865,0.061682,-0.303615,0.320886,-1.160213,-0.709237,0
3332302294,-0.321504,-0.043106,-0.435749,0.310454,-1.344432,-0.775672,0
3332335628,-0.417056,0.079106,-0.151757,-0.27645,-2.173643,-1.820591,0
3332368962,-0.37945,-0.298574,0.029901,-0.48266,-2.23117,-1.878487,0
3332402296,0.441335,-0.337694,-0.16347,-0.77188,-2.512651,-1.779192,0
3332435630,0.483254,-0.238947,-0.37749,-0.646775,-1.780056,-1.520414,0
3332468964,0.394176,-0.296063,-0.242616,0.520393,-0.09178,0.240768,0
3332502298,-0.267391,-0.18882,-0.199591,-0.679658,1.685516,0.84194,0
3332535632,-0.01041,-0.347297,-0.129165,-0.039143,5.241568,3.283349,0
3332568966,-0.429928,0.187072,0.200975,-0.307198,4.433805,3.997533,0
3332602300,0.316628,-0.689318,0.101014,-0.166337,2.812762,3.682675,0
3332635634,0.346356,-0.229788,0.283768,0.658989,1.375703,2.671511,0
3332668968,-0.31151,0.482992,0.172833,0.826898,-0.776228,1.257549,0
3332702302,-0.433432,0.074946,-0.093399,0.739098,-1.91232,-1.258848,0
3332735636,-0.206903,0.103378,0.095575,0.519371,-2.464259,-2.546752,0
3332768970,-0.106423,0.447955,-0.060978,-0.146616,-3.680875,-3.238199,0
3332802304,-0.154552,0.351264,-0.179783,-0.328098,-3.214465,-3.585312,0
3332835638,-0.212829,0.137093,-0.117867,-0.518537,-3.298484,-2.844509,0
3332868972,-0.10022,0.185896,-0.205692,-0.595944,-2.607846,-2.052446,0
3332902306,-0.263545,0.358451,-0.183374,-0.338278,-1.096048,-0.606789,0
3332935640,-0.320038,-0.004863,0.127395,0.183981,1.670179,1.450966,0
3332968974,-0.466563,0.025379,0.103651,0.82373,4.415893,4.244052,0
3333002308,-0.446004,-0.240203,-0.056075,0.509322,4.567876,4.992596,0
3333035642,-0.175802,-0.174207,0.067177,0.17074,3.626068,3.613262,0
3333068976,-0.605181,0.392125,0.037586,0.538755,2.254229,2.411659,0
3333102310,-1.435897,0.202859,0.010849,0.339703,0.447518,0.383287,0
3333135644,-0.485664,0.011692,-0.302645,0.132719,-0.692159,-1.181937,0
3333168978,-0.592381,0.050226,-0.277276,-0.197407,-2.257848,-2.401854,0
3333202312,-1.016278,-0.316713,-0.450922,-0.469031,-3.404648,-3.327219,0
3333235646,-0.882341,-0.39208,-0.646706,-0.653068,-3.567492,-3.995763,0
3333268980,-0.070598,-0.164639,-0.802657,-0.956479,-3.706894,-4.627492,0
3333302314,1.148701,-0.006889,-0.921304,-1.32704,-3.497161,-4.937151,0
3333335648,1.782271,0.014524,-1.16974,0.229865,-1.459944,-2.757087,0
3333368982,0.6582,0.04645,0.139166,0.865613,1.450477,0.661635,0
3333402316,0.265947,-0.298969,0.237857,0.892808,4.441402,5.027934,0
3333435650,-0.193131,-0.266627,-0.567933,1.193599,4.256094,4.988669,0
3333468984,-1.008168,-2.32894,0.211324,0.893906,3.41172,2.700742,0
3333502318,2.02923,3.275607,1.827594,0.163659,2.077316,0.56204,0
3333535652,2.945669,3.308317,2.182137,-0.262428,0.15972,-1.544832,0
3333568986,2.381228,-1.236578,-0.880872,0.014132,-0.9749,-3.13888,0
3333602320,-0.197323,0.118999,-1.066683,0.115171,-1.732395,-3.25042,0
3333635654,-0.832925,0.664675,0.125513,-0.358536,-3.51381,-3.422464,0
3333668988,-0.614844,0.14409,1.056851,0.112894,-3.842424,-3.259788,0
3333702322,0.26488,-0.215384,-0.099008,-0.297228,-2.520937,-2.581908,0
3333735656,0.447061,0.207537,-0.072834,-0.851329,-1.728606,-2.175042,0
3333768990,0.089015,0.069334,0.549572,-1.348328,-0.390576,-1.018602,0
3333802324,0.315352,-0.366116,-0.027538,-0.186414,1.096197,1.181354,0
3333835658,-0.134206,-0.561947,-0.001347,0.858701,2.266614,3.032521,0
3333868992,-0.094891,-0.249679,0.196343,0.810013,2.239314,3.145948,0
3333902326,0.177265,-0.075278,0.128597,0.904442,1.947038,2.448678,0
3333935660,-0.057977,-0.084559,0.164363,0.650385,1.361529,1.658103,0
3333968994,-0.328997,0.122767,0.156844,0.548408,0.27332,1.000968,0
3334002328,-0.228051,0.093019,0.113761,0.014491,-0.4817,-0.236612,0
3334035662,-0.070786,-0.002209,0.031434,-0.292978,-0.561607,-0.679148,0
3334068996,-0.131645,-0.245332,0.123199,-0.059771,-0.131671,-0.870421,0
3334102330,-0.189693,-0.319723,0.161438,-0.026269,-0.018654,-0.997341,0
3384636674,-2.92646,-2.106785,0.060257,-0.358128,-1.166443,1.797741,0
3384670008,1.087606,2.809945,4.053161,-0.168213,-1.653508,0.054634,0
3384703342,2.868507,-0.346003,1.750065,0.497894,-2.213641,0.17483,0
3384736676,3.778395,0.55405,0.077383,-0.22499,-3.832534,-1.443545,0
3384770010,2.013758,0.314915,-1.334763,0.006623,-3.279114,-2.313766,0
3384803344,-0.558887,0.373655,-0.579353,0.49392,-2.463532,-2.70639,0
3384836678,-1.72804,0.919641,0.670901,0.314347,-2.332643,-2.967633,0
3384870012,-0.605685,0.460013,0.025779,0.669587,-1.578577,-2.887958,0
3384903346,0.74539,0.060148,0.032687,1.097334,-1.336808,-2.604393,0
3384936680,1.149105,-0.072233,0.330426,0.855664,-1.08994,-2.260647,0
3384970014,-0.223566,0.420828,0.322705,0.705709,-0.733948,-1.925481,0
3385003348,-0.381894,0.113973,0.017585,0.512085,-0.045766,-1.57071,0
3385036682,-0.286135,-0.166207,-0.094959,-0.146011,0.033399,-0.587854,0
3385070016,0.434064,-0.43733,-0.077932,-0.653524,0.379284,-0.554705,0
3385103350,1.03273,-0.63035,-0.312445,-0.486562,0.420816,-0.259206,0
3385136684,0.685136,-0.102802,-0.503311,-0.688721,-0.281531,0.103637,0
3385170018,-0.169257,0.037963,0.774441,-0.933296,-0.809506,-0.887491,0
3385203352,-0.054909,-0.17204,0.007833,-0.641755,-1.080498,-2.145135,0
3385236686,0.424829,0.819837,-0.862287,-0.65813,-1.168575,-2.214294,0
3385270020,0.579976,1.746632,-0.207654,-0.131668,-2.455786,-2.500055,0
3385303354,-0.548205,0.849266,-0.808158,-0.510861,-3.078328,-2.252222,0
3385336688,-0.850812,1.82358,-0.107885,-0.216855,-2.043751,-2.470625,0
3385370022,-0.958832,-0.1158,0.047926,-0.601176,-3.141076,-2.333427,0
3385403356,0.565182,-0.543143,-0.316123,-0.514528,-1.594866,-2.329912,0
3385436690,0.559774,0.733369,-0.246367,0.788131,-1.067927,-1.379418,0
3385470024,-0.394849,-0.576764,-0.199657,0.761422,2.210279,1.11952,0
3385503358,-0.155189,-0.135466,-0.082699,1.619301,4.008224,3.127551,0
3385536692,-0.381101,-0.286593,0.204124,1.061808,5.353428,4.816838,0
3385570026,-0.62172,-0.196118,0.435022,0.872914,5.888579,4.261961,0
3385603360,-0.551143,-0.294966,0.094087,0.942154,4.666451,2.440183,0
3385636694,-0.357518,-0.051077,-0.025496,0.455385,2.513902,0.612085,0
3385670028,0.079666,-0.739065,0.651164,-0.003761,1.267883,0.561092,0
3385703362,0.493774,-1.162006,0.515414,-0.70462,-1.627871,-0.67304,0
3385736696,0.233686,-0.988079,0.157973,-0.807096,-2.556815,-1.180541,0
3385770030,-0.030041,-0.637116,0.200338,-0.508709,-3.534613,-1.372559,0
3385803364,-0.170612,-0.24873,-0.158468,-0.733421,-4.709255,-1.63103,0
3385836698,-0.084331,0.216156,-0.009137,-0.227146,-4.870196,-1.805435,0
3385870032,0.166157,0.345298,0.652161,-0.184513,-4.980306,-2.814455,0
3385903366,0.299789,0.236161,-0.320947,0.639601,-4.976841,-2.544689,0
3385936700,-0.644481,0.837361,-0.020595,0.706599,-2.671412,-2.092202,0
3385970034,-1.030493,0.13345,0.455501,0.687655,0.4162,-1.675417,0
3386003368,0.395068,-0.040327,0.069527,1.098765,4.351799,0.504135,0
3386036702,0.019775,-0.583196,0.449958,0.961108,6.985864,4.144196,0
3386070036,-0.029085,-0.941012,0.407981,0.989727,8.320992,5.731054,0
3386103370,0.068548,-0.912982,0.35483,0.367651,5.598443,3.36432,0
3386136704,0.460094,-0.539959,-0.211505,-0.243377,2.814221,1.998506,0
3386170038,0.25753,-0.349729,-0.347834,-0.180784,0.353946,-0.051887,0
3386203372,-0.251061,0.335743,-0.115793,-1.076741,-2.563721,-2.403832,0
3386236706,-0.0502,-0.149487,0.033171,-0.349002,-4.173369,-0.076104,0
3386270040,0.170133,0.234529,-0.128675,-0.392517,-4.397753,-0.630503,0
3386303374,-0.639745,0.208641,-0.443575,-0.381614,-4.916264,-1.962885,0
3386336708,-0.181505,0.630474,-0.185583,0.300497,-3.75164,-1.600408,0
3386370042,-0.366898,0.36184,0.39399,-0.006846,-3.047387,-2.430698,0
3386403376,0.628541,0.139178,0.160983,0.288958,-2.932091,-1.338362,0
3386436710,-0.783416,0.620027,0.086004,0.714479,-1.445759,-0.053652,0
3386470044,-1.044712,0.408325,-0.293281,0.26555,1.407622,0.372258,0
3386503378,0.197141,-0.081985,-0.057527,0.528274,4.298008,1.681986,0
3386536712,0.552164,-0.638713,0.564997,0.005109,6.455774,4.497907,0
3386570046,0.296183,-0.741724,-0.045453,-0.246828,6.821645,4.121712,0
3386603380,0.152399,-0.332903,-0.329203,0.198983,4.691316,2.331496,0
3386636714,-0.244435,0.23805,0.389581,0.377317,2.889639,0.282123,0
3386670048,-0.31158,0.168163,-0.093521,0.233888,-0.566991,-2.918534,0
3386703382,-0.35587,0.114004,-0.282335,0.525808,-2.509538,-2.453027,0
3386736716,-0.115746,0.065898,-0.048083,-0.606778,-5.011273,-2.575863,0
3386770050,-0.253618,-0.027811,-0.044391,-0.299382,-5.940403,-2.011444,0
3386803384,-0.055044,-0.102166,-0.188415,-0.573538,-6.133088,-1.478508,0
3386836718,0.860316,-0.202469,-0.11276,-0.030471,-4.899168,-1.011045,0
3386870052,0.120039,0.015249,0.052312,0.168859,-3.91376,-0.726441,0
3386903386,-0.666197,0.133366,0.460488,0.583732,-1.22729,0.146853,0
3386936720,0.185965,-0.330098,0.3669,0.726364,0.82112,0.8267,0
3386970054,-0.067172,0.011861,0.365257,0.702336,4.271475,2.804727,0
3387003388,-0.471613,0.030316,0.604011,0.158805,7.622666,4.592605,0
3387036722,-0.088129,-0.184844,0.454308,-0.071442,7.547798,4.089166,0
3387070056,-0.056151,-0.233803,0.147799,0.079599,5.034343,2.941811,0
3387103390,0.209346,-0.467319,0.4764,0.370785,1.954811,1.626854,0
3387136724,0.160846,-0.343581,0.331673,0.177552,-0.86168,-1.132506,0
3387170058,-0.107142,-0.002189,-0.020353,0.061831,-2.631789,-1.441508,0
3387203392,-0.021923,0.396016,-0.426617,-0.027494,-3.714389,-1.320957,0
3387236726,0.538064,0.429122,0.085723,-0.043484,-5.030692,-1.325602,0
3387270060,-0.020768,0.927891,0.577236,0.097965,-4.183767,-0.651692,0
3387303394,-0.138281,1.085565,-0.120176,-0.188676,-3.679091,-1.341187,0
3387336728,0.251696,0.528731,-0.396685,-0.264884,-3.065206,-0.971092,0
3387370062,0.021424,0.247848,-0.131895,-0.121949,-2.142562,-0.154174,0
3387403396,0.294499,0.00899,0.131969,-0.04338,-1.147027,0.028361,0
3387436730,0.039762,-0.02011,0.354378,0.228374,0.61203,0.802319,0
3387470064,-0.234429,-0.282734,0.736735,0.24875,1.498257,1.048916,0
3387503398,-0.699156,0.200787,1.214511,-0.026229,3.56442,1.981535,0
3387536732,-0.781672,0.065334,1.257068,-0.228033,4.897855,3.66257,0
3387570066,-0.570494,-0.02971,0.530087,-0.544749,5.075629,3.627296,0
3387603400,-0.349557,0.358544,-0.365866,-0.629954,5.35447,3.682123,0
3387636734,-0.570537,0.605562,-0.643213,-0.119715,4.390744,2.266875,0
3387670068,0.143932,0.039016,0.089992,-0.034687,2.533254,0.782743,0
3387703402,0.34583,0.114309,-0.084511,0.110659,0.920331,-0.355492,0
3387736736,0.071954,0.443462,-0.515006,-0.386035,-1.657385,-1.678622,0
3387770070,-0.099505,0.669845,-0.671468,-0.658601,-3.513606,-1.158815,0
3387803404,-0.127694,0.66888,-0.230998,-0.516422,-4.237618,-0.742034,0
3387836738,0.028779,0.516162,0.368828,-0.882657,-4.58508,-0.919924,0
3387870072,0.502445,0.019234,0.311212,-0.243597,-3.515347,-0.994305,0
3387903406,0.496989,0.046945,-0.16621,-0.184259,-3.173112,-0.901983,0
3387936740,0.446266,-0.486228,0.077859,0.44936,-1.779727,0.454658,0
3387970074,0.489737,-0.481819,0.29188,-0.390129,-1.711453,1.157397,0
3388003408,-0.361115,-0.290699,0.451533,-0.535213,-1.910973,0.243967,0
3388036742,-0.058397,-0.061183,0.450305,0.362991,0.476049,0.750862,0
3388070076,0.519268,0.082407,0.090794,0.637478,1.326883,1.806973,0
3388103410,0.098988,0.038705,1.034071,1.202611,3.795944,2.630401,0
3388136744,0.514651,-0.42269,0.603661,0.745681,4.042358,2.232137,0
3388170078,-0.282965,0.090753,-0.669469,-0.011598,3.807867,2.218402,0
3388203412,-0.708817,0.383357,0.352519,0.257779,3.443803,2.002733,0
3388236746,-0.526822,0.612195,0.698576,-0.144802,1.689611,1.073294,0
3388270080,-0.321919,0.578141,0.875469,0.154283,0.518378,1.658025,0
3388303414,-0.457401,0.657697,0.883335,0.236561,-1.965078,1.291047,0
3388336748,0.554817,0.395666,0.139582,0.348297,-1.477865,0.956662,0
3388370082,0.850394,-0.287435,1.002845,0.275396,-2.561997,0.475665,0
3388403416,-0.202138,0.315845,0.703621,0.270746,-2.597332,0.358048,0
3388436750,-0.600883,0.845248,-0.003697,0.396705,-1.082961,-0.790942,0
3388470084,-0.229602,0.178803,0.240986,-0.28285,-2.494741,-1.200503,0
3388503418,-0.372662,0.51673,-0.358855,-0.022195,-1.633661,-0.993568,0
3388536752,0.28004,0.147957,-0.600584,-0.381089,-2.557183,-0.45573,0
3388570086,0.330035,-0.217295,-0.033687,-0.368636,-2.63849,-0.367094,0
3388603420,-0.054296,0.028703,-0.010653,-0.303631,-1.324854,-0.20512,0
3388636754,0.092259,0.110617,-0.348692,0.070812,0.16499,0.076267,0
3388670088,-0.127344,-0.042944,0.068831,0.200394,1.264101,0.879708,0
3388703422,0.026008,0.081665,-0.051087,0.041717,3.145016,1.326854,0
3388736756,0.007321,0.098407,0.022521,-0.050723,4.581872,2.406689,0
3388770090,-0.970695,0.267247,0.377722,0.015171,4.136014,2.984299,0
3388803424,-0.024891,-0.143984,0.222342,0.181047,3.53871,1.648511,0
3388836758,0.208713,-0.153654,0.014091,0.087135,2.431793,0.976944,0
3388870092,-0.253596,0.252909,0.087739,-0.077985,-0.200926,0.19754,0
3388903426,-0.119351,-0.105366,0.040545,0.025446,-1.187066,-1.002155,0
3388936760,-0.195445,0.145387,0.022178,0.227729,-1.297729,-1.436067,0
3388970094,-0.646315,0.160235,-0.10304,-0.118763,-2.962028,-2.122687,0
3389003428,-0.307959,0.229718,0.319148,-0.109834,-3.166083,-2.229419,0
3389036762,-0.90888,0.601833,0.388355,-0.188938,-2.967457,-1.870848,0
3389070096,-0.134987,0.003356,-0.250345,0.04659,-3.352582,-1.226442,0
3389103430,0.232252,0.054908,-0.592395,-0.095179,-2.448855,-1.511454,0
3389136764,0.428601,-0.188916,-0.474656,1.139798,-0.816871,-0.052148,0
3389170098,0.137833,-0.227496,0.053426,0.550403,0.14923,0.014394,0
3389203432,0.001774,-0.660827,0.068769,0.409433,0.973536,0.665059,0
3389236766,0.42063,-0.594105,-0.100366,0.145372,2.505649,1.230592,0
3389270100,0.279139,-0.376542,0.244227,0.270858,3.906456,2.527045,0
3389303434,0.038516,-0.754256,0.166367,0.182464,3.767199,2.61405,0
3389336768,-0.219115,-0.366539,-0.422096,0.096063,2.787355,2.013525,0
3389370102,-0.208555,-0.19364,0.257749,0.34377,1.441773,1.043797,0
3389403436,0.076339,-0.405723,0.559407,0.485506,-0.199345,0.287207,0
3389436770,0.121793,-0.32768,-0.116653,0.332754,-0.872644,-1.215563,0
3389470104,-0.149693,-0.113047,0.014345,0.033593,-1.913391,-2.178303,0
3389503438,0.174368,-0.58885,0.033756,0.020193,-3.21477,-2.327634,0
3389536772,0.587954,-0.255948,-0.483776,0.037186,-3.121067,-1.911898,0
3389570106,-0.341051,0.142259,0.153484,-0.528943,-3.412135,-1.937115,0
3389603440,-0.910329,-0.617512,0.458684,-0.673168,-2.476565,-2.005298,0
3389636774,-0.474392,-0.518614,-0.414044,-0.600428,-2.653148,-0.901431,0
3389670108,-0.023638,-0.291829,-0.623603,-0.356886,0.079468,0.551769,0
3389703442,-0.267294,-0.248072,0.416139,-0.440657,2.456735,1.567407,0
3389736776,-0.681122,-0.306599,0.434309,-0.319747,4.19499,3.318225,0
3389770110,-0.386092,-0.205987,-0.211713,-0.30702,4.09154,2.955004,0
3389803444,-0.180523,0.051236,0.304628,-0.00691,3.500754,1.980174,0
3389836778,0.521483,-0.259317,-0.953498,0.480831,2.337967,0.85742,0
3389870112,0.819009,0.088624,-0.924443,0.11431,0.028371,-0.354581,0
3389903446,0.075802,0.484335,-0.156871,-0.004692,-0.960657,-0.987503,0
3389936780,0.871596,0.546712,-0.012162,-0.072572,-1.720837,-2.036621,0
3389970114,1.243681,1.116036,-0.24135,0.065369,-1.925019,-2.852467,0
3390003448,0.601385,0.256785,-0.144397,0.51616,-2.295274,-2.631049,0
3390036782,0.051773,0.149205,0.153805,0.389782,-3.023725,-2.60383,0
3390070116,0.05006,-0.360035,-0.166568,0.405846,-2.825526,-2.688017,0
3390103450,-0.262497,-0.251286,0.249625,0.304143,-3.432743,-2.103198,0
3390136784,-0.138472,-0.198697,0.347454,0.242995,-3.499672,-2.225358,0
3393103510,0.167366,0.575943,0.027257,-0.377399,-1.158298,-2.838986,0
3393136844,0.062347,0.647611,0.005478,0.059267,-0.523583,-2.111399,0
3393170178,-0.41301,0.80215,0.439983,0.202133,-0.102346,-1.074086,0
3393203512,0.606459,0.429769,0.386101,-0.645087,-0.438359,-1.159154,0
3393236846,0.967539,0.607649,0.286571,0.329785,-0.765309,0.247726,0
3393270180,0.276302,0.241877,0.206388,0.506019,-0.108008,-0.087579,0
3393303514,-0.106401,0.13156,0.094203,0.25902,0.129974,0.252041,0
3393336848,-0.329992,-0.42792,0.190928,0.736758,0.585069,0.125161,0
3393370182,-0.030321,-0.538254,0.382526,-0.483366,0.629709,-1.109584,0
3393403516,0.273609,-0.302304,0.239904,-0.057451,-0.448039,-1.311005,0
3393436850,0.185728,0.019343,0.022606,0.277355,-1.058437,-1.28257,0
3393470184,0.259129,0.420115,0.02363,-0.735312,-2.27991,-3.050179,0
3393503518,0.552661,1.25726,0.178593,-0.253152,-3.512295,-4.096016,0
3393536852,0.745348,1.692885,0.272491,-0.100025,-5.088864,-5.338826,0
3393570186,0.795932,0.530259,-0.689503,0.447788,-3.637887,-4.78228,0
3393603520,-0.007099,0.153289,-0.561504,0.025872,-1.799593,-3.64751,0
3393636854,-0.382632,-0.782627,-0.49654,1.386394,1.028877,-0.173748,0
3393670188,0.405526,-0.453936,-0.275883,1.195473,3.28341,2.271959,0
3393703522,0.678712,-0.500504,0.524448,0.99353,5.373672,5.382412,0
3393736856,0.700423,-0.39738,-0.235212,1.472206,6.206014,6.160303,0
3393770190,-0.060363,0.299537,-0.246407,0.838183,5.477009,4.351177,0
3393803524,-1.055653,-0.216994,0.035001,0.958484,3.792427,2.202089,0
3393836858,-1.149003,0.647178,0.573371,-0.048575,1.977922,0.272654,0
3393870192,0.528158,-0.257246,-0.227708,-0.426336,-0.8354,-1.549369,0
3393903526,1.301675,-0.200422,-0.626084,-0.638688,-2.794401,-0.769916,0
3393936860,-0.451261,-0.289241,0.225558,-1.534224,-4.188591,-2.195791,0
3393970194,-0.16184,-0.216997,-0.387802,-1.248401,-4.896102,-2.409824,0
3394003528,-0.098232,0.676895,-0.020904,-0.749736,-5.426466,-3.078043,0
3394036862,-0.109597,-0.640661,0.028172,-0.20962,-6.057663,-3.406089,0
3394070196,0.422721,-0.130293,0.072649,0.35282,-4.121676,-3.258726,0
3394103530,0.869083,-0.35104,0.104106,0.565288,-3.129155,-2.232209,0
3394136864,0.169048,-0.792465,-0.514896,1.021672,1.371481,0.275233,0
3394170198,-0.226268,-0.872098,0.363026,0.60295,5.727108,3.347329,0
3394203532,-0.607454,-0.789283,-0.153501,-0.080869,8.280592,6.260235,0
3394236866,0.073947,-0.576643,0.553414,-0.014115,8.751912,5.267874,0
3394270200,-0.337805,-0.564164,0.558679,-0.039934,5.574631,2.897233,0
3394303534,-0.575637,-0.064699,-0.204306,0.231352,2.963729,1.350093,0
3394336868,-0.681299,0.763971,0.181783,-0.118535,-0.215758,-1.536465,0
3394370202,-0.66832,0.273254,0.281333,-0.102139,-3.347646,-1.615878,0
3394403536,-0.863777,0.436408,0.044469,-0.441388,-4.231639,-3.199352,0
3394436870,-0.01054,0.294282,-0.297225,-0.073916,-5.632441,-1.376855,0
3394470204,0.312813,-0.204743,-0.576369,-0.193102,-5.502129,-1.53089,0
3394503538,0.233042,0.121017,0.077812,-0.186034,-4.557862,-2.294447,0
3394536872,0.075428,0.22786,0.252216,-0.430645,-4.727972,-2.620929,0
3394570206,-1.120278,0.626751,-0.30219,0.599151,-3.622301,-1.880959,0
3394603540,-1.177319,0.891777,0.138056,1.084736,-1.186864,-1.372688,0
3394636874,-1.821745,0.850388,0.345276,1.099989,3.071167,1.041619,0
3394670208,-0.91288,0.499935,-0.325191,1.095911,6.486178,3.66658,0
3394703542,0.522496,-0.275584,0.227632,0.09295,8.835514,4.358297,0
3394736876,1.124567,-1.140183,-0.219946,-0.211851,7.764353,3.100182,0
3394770210,0.930834,-0.684523,-0.222751,0.470487,5.137708,1.997055,0
3394803544,0.695947,-0.88882,-0.19195,0.380354,2.19646,0.318753,0
3394836878,0.497744,-0.096447,-0.479777,0.136747,-0.762102,-0.752548,0
3394870212,-0.98911,0.666466,0.49431,-1.029435,-3.341325,-2.522299,0
3394903546,-0.986347,0.167206,0.209552,-0.653015,-5.225024,-1.01414,0
3394936880,0.446956,0.140791,-0.00429,-1.23274,-6.708618,-0.895543,0
3394970214,0.067177,0.233267,0.745726,-0.49903,-5.563811,-1.949553,0
3395003548,0.042205,-0.383803,-0.21555,0.002253,-4.049238,-2.926518,0
3395036882,0.549642,-0.022114,-0.259733,0.541458,-4.170845,-2.417619,0
3395070216,0.145857,0.167217,0.377077,0.842757,-0.877785,-0.771193,0
3395103550,-0.402218,0.135298,0.599507,0.941754,0.599644,-0.105124,0
3395136884,-0.322873,-0.018281,0.429835,0.845674,4.250149,3.291029,0
3395170218,-0.472909,0.095381,0.496068,-0.342575,5.748888,4.700462,0
3395203552,-0.589072,0.08938,0.789147,-0.71632,5.974382,4.90407,0
3395236886,-0.135134,-0.411922,0.443406,-0.712503,4.220201,4.069815,0
3395270220,0.291419,-0.572119,0.370482,-0.034472,3.162667,2.467194,0
3395303554,0.193766,-0.834517,0.3838,0.345266,1.823348,-0.074386,0
3395336888,0.20611,-0.482405,-0.476698,0.484777,-0.259252,-2.299941,0
3395370222,0.435605,0.063417,-0.357554,0.122612,-2.187911,-2.163483,0
3395403556,0.227126,0.127968,0.293177,-0.296924,-3.740914,-2.066376,0
3395436890,0.094361,0.144327,-0.090872,-0.276239,-5.18048,-1.969593,0
3395470224,-0.217748,0.705017,-0.485149,-1.071376,-6.716022,-0.586931,0
3395503558,-0.416159,0.681179,-0.366861,-0.307948,-5.736862,-0.781806,0
3395536892,0.730711,-0.0766,0.158724,0.110939,-5.043893,-0.57024,0
3395570226,0.459102,0.219355,-0.300087,0.775485,-2.604747,-0.866543,0
3395603560,-0.968118,0.626334,-0.03009,1.561237,0.820693,0.614,0
3395636894,0.534424,-0.233393,0.734798,0.947216,4.299984,2.520267,0
3395670228,-0.515469,0.088262,0.165101,-0.264866,7.87521,3.534656,0
3395703562,-0.363746,-0.309424,0.443694,-0.567945,7.918688,3.747492,0
3395736896,0.427663,-0.628389,0.578531,-0.685478,6.098704,3.299821,0
3395770230,0.338423,-0.315641,-0.307235,-0.517291,3.236884,2.787896,0
3395803564,-0.028555,-0.083183,-0.214942,-0.317794,1.041498,1.373863,0
3395836898,0.244023,0.098184,0.054364,-0.137755,-0.469473,-0.571784,0
3395870232,0.296203,0.220818,0.170813,0.090612,-1.913517,-1.376677,0
3395903566,0.616613,0.076423,-0.172941,-0.030437,-3.784227,-1.635445,0
3395936900,0.891303,-0.164549,-0.25327,0.160628,-4.217006,-1.64114,0
3395970234,0.109646,0.458081,-0.558357,0.226344,-4.355227,-1.528149,0
3396003568,-0.403655,0.875274,-0.352822,0.112008,-4.424708,-2.137905,0
3396036902,-0.613976,0.640616,0.621414,0.340142,-3.664073,-1.632338,0
3396070236,-0.218653,0.281285,0.999569,0.491338,-3.54876,-1.002159,0
3396103570,-0.67425,0.583542,0.347132,0.598962,-1.548197,-0.02067,0
3396136904,-0.567612,0.290935,0.556904,0.500345,-0.260146,0.242263,0
3396170238,-0.374393,0.044718,0.62451,0.923013,2.389103,1.788809,0
3396203572,-0.134677,-0.202138,0.679859,-0.418576,4.323413,3.613122,0
3396236906,-0.486371,0.059162,0.265017,-0.091414,5.175369,2.595647,0
3396270240,-0.140227,0.043784,-0.062688,-0.592797,5.572292,2.426053,0
3396303574,0.250198,-0.12788,-0.205923,-0.645494,4.95989,2.05274,0
3396336908,0.405752,-0.032598,-0.136264,-0.133223,3.523571,0.866695,0
3396370242,0.120554,-0.050286,-0.021637,-0.66972,1.622405,0.71377,0
3396403576,-0.138627,0.163473,-0.05477,-0.767968,0.246338,0.451142,0
3396436910,0.122764,0.06627,-0.059807,-0.478792,-0.406935,-0.412128,0
3396470244,0.00395,0.047784,0.120512,-0.338187,-1.42746,-0.948458,0
3396503578,-0.094214,0.195871,0.412898,-0.122857,-2.31468,-1.185412,0
3396536912,0.037199,0.286908,0.168364,-0.149219,-2.993767,-0.364866,0
3396570246,0.048737,0.583042,-0.147073,-0.253261,-3.482043,0.280101,0
3396603580,0.155852,0.67229,-0.366287,-0.155159,-3.747591,-0.696293,0
3396636914,1.067359,0.362645,-0.693042,-0.011333,-3.450902,-1.012786,0
3396670248,-0.671044,1.270383,-0.295138,0.128619,-1.836222,-0.15907,0
3396703582,-0.196078,0.709093,0.767803,0.515782,-2.87078,-0.336915,0
3396736916,0.297398,0.087433,0.270033,0.835548,-0.113232,0.891674,0
3396770250,0.324838,-0.106266,-0.387646,0.645373,2.060503,1.031418,0
3396803584,0.128971,-0.165089,-0.553352,0.210932,3.798487,2.109824,0
3396836918,0.341354,-0.491215,-0.134848,-0.402362,5.07437,2.168036,0
3396870252,0.079431,-0.340454,0.377591,-0.500864,4.767933,1.958568,0
3396903586,-0.190358,0.29408,-0.210558,-0.051076,4.616735,2.309781,0
3396936920,-0.151676,0.824666,-0.875271,0.00768,3.490968,2.418915,0
3396970254,-0.422615,0.280771,0.639576,0.433059,0.399156,1.844268,0
3397003588,-0.350768,0.043319,1.101086,0.36324,-2.012315,1.675079,0
3397036922,-0.654523,0.26204,0.74387,0.098411,-2.741139,-0.214084,0
3397070256,-0.064237,-0.120597,0.891576,-0.63141,-3.514375,-1.144448,0
3397103590,0.366253,-0.310603,1.330624,-0.968465,-4.278812,-1.656382,0
3397136924,0.39459,-0.040392,0.638064,-0.870658,-4.292872,-2.018235,0
3397170258,-0.275038,0.611949,0.851639,-0.319756,-5.109317,-1.821852,0
3397203592,-0.681793,0.7716,1.541044,0.446053,-4.04893,-1.02623,0
3397236926,0.743612,-0.041325,1.085691,0.153412,-2.084917,-0.120886,0
3397270260,0.241202,0.075155,0.291994,0.73152,0.464739,2.089809,0
3397303594,-0.308687,0.13081,-0.149426,-0.058181,2.290249,1.944238,0
3397336928,-0.197691,-0.095845,-0.085485,-0.049006,4.296321,3.152848,0
3397370262,-0.089461,-0.233578,0.17491,-0.149204,5.878465,3.76702,0
3397403596,-0.331494,-0.027305,-0.254301,-0.267363,6.335268,2.834209,0
3397436930,0.08437,-0.049162,-0.566364,-0.134462,4.699699,2.198136,0
3397470264,0.292773,-0.062771,-0.388333,0.105805,2.697064,0.673597,0
3397503598,-0.484714,0.568728,-0.163092,0.089959,0.339225,-0.430225,0
3397536932,0.157154,0.508922,-0.297762,0.674845,-0.834679,-0.751203,0
3397570266,-0.248746,0.259718,-0.068782,0.450069,-2.328132,-1.844495,0
3397603600,-0.635125,0.186379,0.188026,0.039121,-2.796295,-2.618316,0
3397636934,-0.435124,-0.153683,0.108268,0.120539,-3.823127,-2.072006,0
3397670268,-0.201223,-0.12809,0.271645,-0.412817,-4.410305,-2.779621,0
3397703602,0.4547,-0.125401,-0.124761,-0.404384,-4.523127,-1.308859,0
3397736936,-0.146132,0.129444,-0.645499,0.063477,-2.627796,-0.885604,0
3397770270,0.715115,0.476662,0.086501,0.294846,-2.11311,-0.546335,0
3397803604,0.484103,-0.016984,0.041362,0.718703,-0.53612,0.363861,0
3397836938,0.465675,-0.305842,-0.25274,0.675693,1.389778,0.615706,0
3397870272,0.733201,-0.357994,0.165311,0.208624,2.470622,1.822933,0
3397903606,0.072523,-0.440418,0.405123,-0.14912,4.431344,2.861136,0
3397936940,-0.225547,-0.660106,-0.359409,-0.48972,5.14188,3.045829,0
3397970274,0.217778,-0.334563,-0.01882,-0.483592,4.387482,3.073786,0
3398003608,-0.023755,-0.179729,0.56752,-0.230058,2.668177,1.547588,0
3398036942,-0.051281,-0.244209,0.187212,0.287149,1.039236,0.434665,0
3398070276,-0.204987,0.362931,-0.220907,0.908753,-0.298563,-0.46364,0
3398103610,-0.34129,0.077079,0.179132,1.11985,-1.589347,-1.005167,0
3398136944,0.055816,-0.03939,0.060452,1.036151,-2.139989,-1.433814,0
3398170278,-0.543641,0.311823,0.035337,0.504415,-3.106525,-2.344618,0
3398203612,-0.354976,0.029702,-0.00831,0.022757,-3.461807,-2.883639,0
3398236946,0.167719,-0.152444,-0.729031,-0.254153,-3.248451,-3.027078,0
3398270280,-0.080371,-0.039465,0.174845,-0.559769,-3.938784,-2.917459,0
3398303614,-0.216658,-0.520829,0.674513,0.228594,-2.915422,-1.596673,0
3398336948,0.374823,-0.360785,-0.263825,-0.030476,-1.932147,-0.854461,0
3398370282,0.298933,-0.05393,-0.212654,-0.262973,-0.320857,0.130306,0
3398403616,0.02698,-0.324421,0.092783,-0.354645,3.824781,2.087873,0
3398436950,0.036722,-0.335934,0.136797,-0.60514,5.649673,4.01082,0
3398470284,0.676002,-0.472162,-0.108717,-0.503414,5.9593,3.696523,0
3398503618,1.125141,-0.470936,-0.32908,-0.934749,4.654253,3.157302,0
3398536952,0.414356,-0.50919,-0.242137,-0.283584,2.938413,2.303222,0
3398570286,-0.598365,-0.389645,0.020996,-0.32739,0.658574,0.965023,0
3398603620,-0.367119,-0.185795,0.16578,-0.444962,-0.808659,-0.14775,0
3398636954,-0.662038,0.358176,-0.070278,-0.350894,-1.732479,-0.897341,0
3398670288,-0.698155,0.475074,0.175557,-0.289042,-2.280961,-1.748727,0
3398703622,-0.313126,0.036023,0.305563,-0.145455,-2.784837,-1.716115,0
3398736956,-0.053471,0.05233,-0.311648,0.094136,-2.955884,-2.252048,0
3398770290,-0.006756,-0.092344,-0.490491,0.169703,-3.012611,-3.043875,0
3398803624,0.256907,-0.358975,-0.399996,0.067994,-3.13251,-2.687196,0
3398836958,-0.02467,-0.120534,0.034919,0.140161,-2.835999,-2.375246,0
3398870292,0.32189,-0.142906,0.066639,0.323322,-2.181921,-1.604346,0
3398903626,0.077585,-0.326099,0.398589,0.348572,-0.790991,-0.394209,0
3398936960,0.239296,-0.486437,0.225198,0.246132,0.860482,0.122083,0
3398970294,0.526169,-0.729558,-0.249874,0.449878,2.871798,2.030922,0
3399003628,0.54998,-0.342644,-0.152558,0.55114,5.08366,3.310045,0
3399036962,0.085876,-0.24531,0.007192,0.450257,4.336611,2.748047,0
3399070296,0.213774,-0.372958,-0.022873,0.555175,3.027372,2.058963,0
3399103630,-0.527884,0.185836,0.413545,0.386986,1.936731,1.531648,0
3399136964,-0.436798,-0.070777,0.27377,0.158583,1.016777,1.091822,0
3399170298,-0.392832,-0.296426,0.249805,-0.037156,-0.375016,0.432667,0
3399203632,-0.655211,-0.195902,-0.400352,-0.24251,-1.057786,-0.203421,0
3399236966,-0.133039,-0.209179,-0.415136,-0.64692,-0.940377,-1.333361,0
3399270300,0.325689,-0.175244,-0.099361,-0.584236,-1.414537,-2.337298,0
3399303634,0.548115,-0.186356,-0.600067,-0.736346,-1.78706,-3.322906,0
3399336968,-0.015441,-0.023001,-0.286811,-0.356395,-2.242847,-3.262676,0
3399370302,-0.65015,0.132496,-0.352865,0.317806,-3.065658,-1.876987,0
3399403636,-1.952706,-0.583559,-0.483831,0.09087,-3.572352,-1.813087,0
3399436970,-0.693854,-0.844721,-0.359416,0.468176,-1.897907,-1.515186,0
3399470304,-1.357738,1.853219,-1.005697,0.441008,-2.431241,-1.078138,0
3399503638,0.076329,-0.164058,4.87019,0.324791,-1.01979,-1.430483,0
3402903706,-0.154016,-0.819803,-0.12792,0.555429,4.370544,2.51567,0
3402937040,0.271124,-0.256249,0.113048,0.154792,2.443198,1.537048,0
3402970374,0.704493,-0.306762,0.115931,-0.024904,0.660619,0.657823,0
3403003708,-0.121782,-0.161263,0.284152,-0.860449,-0.999794,-0.933721,0
3403037042,0.126015,0.315419,-0.028152,-0.365553,-1.486314,-1.357411,0
3403070376,-0.715165,0.143962,-0.087185,-1.630822,-2.824674,-2.430722,0
3403103710,-1.379136,-0.682643,0.154348,-0.535936,-3.595326,-1.4744,0
3403137044,-0.807249,-0.362895,-0.045369,-0.773885,-3.786791,-1.647294,0
3403170378,-0.526781,-0.248681,-0.30856,-0.879485,-3.979239,-3.03147,0
3403203712,0.516066,-0.331791,0.006462,0.059426,-2.820356,-3.513393,0
3403237046,0.91372,-0.249802,0.27079,0.283404,-2.086716,-3.112205,0
3403270380,0.683283,-0.607515,0.055194,0.635111,-1.374214,-1.737455,0
3403303714,0.373228,-0.404203,0.531511,1.422516,1.487947,0.501482,0
3403337048,0.188619,-0.562957,-0.18396,1.479306,3.231334,2.888314,0
3403370382,0.271209,-0.453562,-0.005898,1.398827,5.56432,4.221804,0
3403403716,0.333352,-0.494492,0.062257,0.809568,5.859417,4.577832,0
3403437050,-0.47333,-0.05775,-0.14663,0.439892,4.507115,3.20818,0
3403470384,-0.294366,-0.251659,0.154853,0.139058,2.719791,2.581532,0
3403503718,0.294526,-0.285092,-0.385681,0.268619,1.41515,1.227793,0
3403537052,0.219475,0.459042,-0.027129,0.033812,0.913822,-0.369906,0
3403570386,0.031782,0.015508,-0.08102,-0.331894,-0.692173,-1.197195,0
3403603720,0.004394,0.334994,0.10797,-0.721834,-1.668171,-1.564245,0
3403637054,-0.380177,-0.229044,0.123652,-0.980849,-3.107582,-1.336108,0
3403670388,0.275338,-0.399816,-0.06057,-0.715421,-3.994388,-0.703961,0
3403703722,0.235113,0.017126,0.25269,-0.814284,-3.835685,-1.398925,0
3403737056,0.134606,0.054875,0.363267,-0.955739,-4.087884,-2.670889,0
3403770390,0.105266,0.082623,0.07094,-0.575069,-3.423789,-2.190524,0
3403803724,-0.437099,0.373037,0.122098,0.050706,-2.235105,-1.880074,0
3403837058,-0.382908,-0.009319,0.067559,0.598241,-0.151249,-0.384207,0
3403870392,-0.401913,-0.017859,0.521414,1.61963,3.758846,2.128799,0
3403903726,0.25496,-0.6239,0.238318,1.394865,5.684307,3.94479,0
3403937060,0.579423,-0.917618,-0.349759,0.970781,6.84044,4.13899,0
3403970394,0.34981,-0.405363,0.147422,0.24923,5.530414,1.926673,0
3404003728,0.100328,-0.085021,0.102928,-0.243484,2.818563,0.34797,0
3404037062,-0.573014,0.313258,-0.317737,-0.321601,1.464397,-1.42315,0
3404070396,-0.220388,0.290689,0.215507,-0.271122,-0.719532,-2.435483,0
3404103730,-0.452123,0.074101,-0.009269,-0.826091,-3.943604,-2.891948,0
3404137064,0.095128,0.352671,-0.712183,-0.163887,-3.275287,-0.652846,0
3404170398,0.325379,0.357804,-0.701046,-0.533913,-6.803383,-1.380423,0
3404203732,0.225804,0.335991,-0.401115,-0.032068,-5.355029,-2.198058,0
3404237066,-0.467672,0.294911,0.43689,0.285055,-2.974358,-1.891836,0
3404270400,0.006807,-0.755657,-0.22889,1.048995,-1.517651,-1.349852,0
3404303734,0.405713,-0.359062,-0.014807,0.320285,1.13943,-2.039183,0
3404337068,0.127003,-0.645451,0.365527,0.146516,4.220047,0.931753,0
3404370402,0.162626,-0.770432,0.195829,-0.466621,4.955425,3.031589,0
3404403736,-0.410614,0.070236,0.551735,-0.51605,6.201009,4.6814,0
3404437070,-0.245338,0.208104,0.455887,-0.250008,4.726962,4.895895,0
3404470404,-0.305087,0.749928,-0.068257,0.363352,2.004319,2.634325,0
3404503738,-0.327646,0.600392,0.566046,0.306027,-1.322741,0.607988,0
3404537072,-0.224752,0.121184,-0.177497,0.235815,-2.976809,-0.182813,0
3404570406,0.054612,0.077912,-0.189002,-0.771114,-3.876354,-2.127026,0
3404603740,0.000401,-0.048421,0.1343,-1.116389,-5.385436,-2.794252,0
3404637074,-0.00775,0.394237,0.037251,-0.407034,-5.23004,-2.934581,0
3404670408,-0.155238,0.407637,-0.073878,0.036461,-4.565315,-2.839243,0
3404703742,0.083223,-0.251148,0.289859,0.709573,-2.888431,-1.336023,0
3404737076,0.466281,-0.646433,-0.109406,1.018992,-0.308547,0.378076,0
3404770410,-0.244741,-0.413407,-0.169392,-0.059599,3.605202,3.159806,0
3404803744,-0.379056,-0.499802,0.669826,-0.357392,7.15981,5.292524,0
3404837078,0.261997,-1.025932,0.303895,-0.747029,6.971228,5.253991,0
3404870412,-0.203989,-0.499011,0.476533,-0.10137,5.512127,3.362509,0
3404903746,-0.608921,-0.291454,1.04721,0.741016,2.79009,0.550246,0
3404937080,-0.336383,0.2167,-0.709432,0.64166,0.169093,-1.831562,0
3404970414,-0.210342,0.684172,-1.628635,0.164702,-2.608777,-2.543817,0
3405003748,0.068336,0.420905,0.484101,-0.254265,-4.600732,-3.060646,0
3405037082,-0.358283,0.735226,0.328051,-0.57614,-5.021585,-3.304358,0
3405070416,-0.580658,1.330199,-0.221756,-0.566618,-6.517976,-3.481799,0
3405103750,-0.861696,0.972575,0.221153,-0.269951,-4.982254,-2.554639,0
3405137084,0.570058,0.065523,0.409513,0.35423,-3.162279,-1.453591,0
3405170418,0.568569,-0.094653,0.12154,0.547189,-1.297129,0.41809,0
3405203752,0.514686,0.084757,-0.942272,-0.11328,1.674085,3.067768,0
3405237086,0.471452,-0.196071,-0.139198,-0.004483,5.411632,5.541872,0
3405270420,-0.026938,-0.292584,0.790291,-0.171184,6.28305,5.28674,0
3405303754,-0.663507,0.143503,0.684557,-0.277228,6.012423,4.253341,0
3405337088,-0.034724,-0.005663,0.258255,0.112423,4.156809,2.888772,0
3405370422,-0.081154,-0.377222,0.930655,0.422684,1.60155,0.829144,0
3405403756,-0.427069,-0.987865,1.779644,0.155657,-0.811575,-0.002336,0
3405437090,-0.341521,-1.17509,0.873341,0.092001,-2.082903,-1.183284,0
3405470424,0.247559,-0.724923,-0.770162,0.126883,-2.721208,-2.232208,0
3405503758,0.937473,-0.581835,-0.128376,-0.013672,-3.67456,-3.383096,0
3405537092,0.597891,0.440123,0.633304,-0.018275,-4.534561,-3.097054,0
3405570426,0.274689,1.198776,-0.429804,-0.129609,-4.231466,-2.494931,0
3405603760,0.190775,1.404795,-0.839383,-0.616314,-4.426506,-1.471149,0
3405637094,0.007107,0.846794,-0.801493,-0.424969,-2.909457,0.508535,0
3405670428,-0.591504,-0.719397,-0.944669,-0.615569,0.858674,2.505585,0
3405703762,-0.28803,-0.445011,-1.082013,-1.016042,4.636143,3.491037,0
3405737096,1.307294,1.790574,0.864159,-0.574499,6.466581,6.087909,0
3405770430,0.740005,-0.177158,0.592598,0.783383,4.869506,1.744565,0
3405803764,-0.419694,0.650079,0.179132,1.144583,3.716256,1.743314,0
3405837098,-0.371141,0.435991,-0.334139,0.734486,1.686798,1.174806,0
3405870432,-0.184715,0.623955,0.059588,0.166387,1.310094,0.783021,0
3405903766,-0.03891,0.531407,0.087935,-0.287917,1.101111,1.605156,0
3405937100,-0.165155,0.508267,-0.028728,-0.547002,-0.099918,0.979842,0
3405970434,0.308278,0.290907,-0.06484,-0.769919,-0.655379,-0.491956,0
3406003768,0.468601,0.13183,-0.1278,-0.593209,-1.105781,-1.093469,0
3406037102,0.422646,-0.019879,-0.090676,-0.525894,-2.028444,-1.860414,0
3406070436,0.236338,0.213777,-0.024594,-0.33687,-2.532185,-2.292033,0
3406103770,0.042082,0.135672,0.219719,-0.110742,-2.891489,-2.589057,0
3406137104,-0.293978,0.288106,0.179427,-0.159338,-2.813673,-2.512511,0
3406170438,0.103261,0.299671,-0.00755,0.257978,-2.357349,-0.697113,0
3406203772,-0.434487,0.106472,-0.246382,-0.381742,-1.918313,0.222208,0
3406237106,0.218614,0.170118,0.422828,0.217643,-0.573514,2.473267,0
3406270440,0.440119,0.25684,0.634094,-0.187072,1.463942,3.53165,0
3406303774,-0.614333,0.806604,0.591508,0.485949,3.668149,3.119111,0
3406337108,-0.718389,0.608031,0.602933,0.410075,5.089103,3.46508,0
3406370442,-0.295865,0.524648,1.031274,-0.169563,4.362336,3.622023,0
3406403776,-0.103113,0.694557,0.8404,-0.15829,2.648807,2.155562,0
3406437110,0.509332,0.077614,1.486678,-0.336251,0.859151,1.887607,0
3406470444,-0.062474,0.272121,1.837998,-0.094678,-2.296013,3.336111,0
3406503778,0.133554,0.146965,1.077973,0.982039,-1.245276,0.350619,0
3406537112,-0.429922,-0.094473,0.647567,-0.016349,-3.236641,-1.804569,0
3406570446,-0.241652,-0.145003,0.18646,0.466008,-3.812191,-1.843756,0
3406603780,0.273564,-0.181264,-0.638551,0.094632,-2.853722,-3.355087,0
3406637114,0.033711,0.035026,-0.277158,-0.577208,-3.912663,-2.854511,0
3406670448,0.155746,-0.193373,-0.619877,-0.249719,-1.279412,-1.669488,0
3406703782,0.249015,-0.323215,-0.299353,0.508623,1.314933,-0.341343,0
3406737116,0.177006,-0.525279,0.331714,-0.034513,1.962107,0.990311,0
3406770450,0.318731,-0.655293,-0.283747,0.218991,4.935849,2.877525,0
3406803784,0.364135,-0.307812,-0.09939,-0.231385,4.407425,4.334988,0
3406837118,-0.021181,-0.225001,-0.044759,-0.163569,2.813549,3.711903,0
3406870452,0.505326,-0.511663,-0.057427,0.450397,1.767889,1.974317,0
3406903786,-0.06445,-0.450736,0.098801,0.268348,-0.084762,0.733899,0
3406937120,-0.417971,-0.061431,0.217722,0.117813,-1.39975,-1.382309,0
3406970454,-0.317151,-0.004044,0.52056,0.119328,-1.590098,-2.386476,0
3407003788,-0.064479,-0.041287,-0.222001,-0.389037,-3.356563,-2.411297,0
3407037122,0.145,0.022123,-0.818588,-0.679404,-4.076252,-3.269405,0
3407070456,-0.040086,0.302257,0.092695,-0.28919,-3.250894,-3.121682,0
3407103790,-0.768811,0.392978,0.598641,0.373549,-2.029817,-1.375847,0
3407137124,-0.33098,0.069186,-0.153626,0.249726,-0.311261,-0.816297,0
3407170458,-0.273033,0.403127,-0.157675,0.752307,1.719238,1.023574,0
3407203792,0.197088,0.087079,0.297077,-0.594779,2.555062,3.324199,0
3407237126,0.346347,-0.180672,-0.145293,-0.454881,3.68251,3.455764,0
3407270460,0.279653,-0.093781,-0.637263,-0.15887,4.013698,3.75918,0
3407303794,0.375644,0.161447,-0.225792,-0.146165,2.934846,2.256294,0
3407337128,-0.114626,-0.101949,-0.203845,-0.234834,1.470945,0.98085,0
3407370462,-0.039895,-0.305867,-0.200162,-0.011049,0.154492,-0.161261,0
3407403796,-0.141798,0.070364,0.31694,0.178592,-1.064771,-1.037636,0
3407437130,0.046704,0.195787,0.39459,0.22311,-1.544553,-1.780625,0
3407470464,-0.111906,-0.186229,-0.180237,0.474314,-2.739911,-2.499076,0
3407503798,-0.532146,0.411968,0.051463,0.045591,-3.200316,-2.507584,0
3407537132,-1.110457,0.212119,0.225679,-0.071315,-3.416036,-2.242401,0
3407570466,-0.83314,-0.099338,-0.647918,-0.479805,-3.242475,-1.852644,0
3407603800,-0.242972,0.109076,-0.550279,-0.043154,-1.016165,-0.710196,0
3407637134,0.006955,-0.108533,0.143775,0.486929,0.852121,0.665193,0
3407670468,-0.325749,-0.441986,0.444988,0.395986,3.830542,1.941755,0
3407703802,-0.299263,-1.069655,-0.155506,0.314188,5.153604,2.799315,0
3407737136,0.140082,-0.442028,-0.289173,0.075756,4.725817,3.010391,0
3407770470,-0.281262,-0.374377,-0.126609,-0.019108,4.422925,2.286145,0
3407803804,0.52148,-0.699063,-0.378652,0.164282,2.367726,0.987263,0
3407837138,1.181735,-0.112883,0.06415,-0.502803,-0.907371,-0.129317,0
3407870472,0.674888,-0.204237,0.546268,-0.562231,-2.533255,-1.540056,0
3407903806,0.260778,-0.506247,-0.012337,0.262704,-1.064904,-2.392667,0
3407937140,-0.302612,-0.385738,-0.381132,-0.105911,-4.297768,-1.674365,0
3407970474,-0.594704,0.252294,-0.362248,-0.392254,-4.62434,-2.666627,0
3408003808,-0.038588,0.209028,-0.187286,-0.029167,-3.650031,-2.894329,0
3408037142,0.712018,-0.322059,-0.783156,0.30982,-3.829079,-2.225483,0
3408070476,1.137161,0.149183,-0.978849,0.358946,-2.421412,-1.974009,0
3408103810,0.25331,0.781635,0.311318,0.750871,0.03209,-0.430978,0
3408137144,-0.407761,-0.078524,0.909533,0.429743,2.148226,1.292768,0
3408170478,0.173346,-0.248144,0.399212,-0.43822,4.138279,3.490947,0
3408203812,0.791363,-0.189649,0.145309,-0.409131,5.032559,4.140135,0
3408237146,1.346661,-0.236581,0.209149,-0.314019,3.566856,2.58804,0
3408270480,0.595392,-0.344375,-0.087567,0.358422,2.451831,1.635633,0
3408303814,-0.700316,0.055015,0.158674,0.253252,1.217232,0.200282,0
3408337148,-0.511348,0.015635,0.125888,-0.351611,-1.061695,-0.735849,0
3408370482,-0.140168,-0.171942,-0.070595,0.168554,-1.959608,-1.139927,0
3408403816,0.22709,-0.377832,-0.285124,0.178096,-1.491554,-2.097839,0
3408437150,-0.30237,-0.189988,0.08205,0.258554,-3.096358,-2.228898,0
3408470484,-0.190037,-0.648113,-0.100623,-0.12736,-3.331603,-2.761119,0
3408503818,-0.556502,-0.16446,-0.240111,-0.207315,-3.265422,-2.766711,0
3408537152,-0.296352,-0.30893,-0.370941,0.126246,-2.237981,-2.586561,0
3408570486,-0.100322,-0.621212,-1.131123,0.151179,-1.309638,-2.249369,0
3408603820,-0.911177,-1.255188,-0.353927,0.36461,-0.519022,-1.356349,0
3408637154,0.016463,-1.935133,-0.296243,1.325693,1.9904,0.813893,0
3408670488,-0.207838,-0.629434,-0.479279,0.921826,2.548114,1.23019,0
3408703822,-0.305221,-0.422662,3.844842,0.335035,2.834318,2.401729,0
3408737156,2.174201,0.456131,0.558565,0.298477,2.689128,2.028589,0
3408770490,2.160191,2.338672,-0.1422,0.779012,2.104712,2.724573,0
3408803824,0.454267,0.475767,0.507843,0.688718,1.164452,2.583213,0
3408837158,-0.620083,-0.072858,-0.019002,0.552757,0.027111,1.328363,0
3408870492,-0.28232,-0.327781,0.253675,0.401577,0.371519,-0.213295,0
3408903826,0.219873,0.152231,0.100992,0.322649,-0.391556,-1.112518,0
3408937160,0.794665,0.196391,-0.128759,-0.465483,-1.636186,-1.794983,0
3408970494,0.597227,0.496341,-0.041488,-0.211567,-1.431276,-1.134473,0
3409003828,-0.043997,0.464928,0.161695,-0.255103,-1.725399,-1.179091,0
3409037162,-0.272251,0.407945,0.180925,-0.463567,-1.464864,-1.192276,0
3409070496,0.196162,0.239559,0.008535,0.054328,-0.626097,-0.386192,0
3409103830,0.465594,0.0918,0.115332,0.564828,-0.54239,0.417278,0
3409137164,0.237294,0.039376,0.103741,0.676251,-0.327173,0.030939,0
3409170498,-0.028386,-0.283323,0.047977,0.072896,-1.803188,-0.248276,0
3409203832,-0.22757,-0.282853,0.159936,-1.303941,-0.551914,-1.598045,0
3409237166,0.254733,-0.745704,-0.250312,-0.388491,0.92243,-0.858205,0
3409270500,0.476709,-1.117879,-0.2964,0.406563,2.268951,0.151537,0
3428704222,-1.424308,-1.476007,-1.403818,0.274515,1.383265,0.669725,0
3428737556,-0.221287,-1.617568,-1.2943,0.221076,1.116641,-0.071467,0
3428770890,0.452136,-0.792726,-0.792135,-0.058922,-0.63486,-0.313041,0
3428804224,1.113438,-0.386553,-0.184841,0.37151,-1.109919,-0.618052,0
3428837558,1.693306,1.682127,1.015956,0.668015,-2.325402,-1.512074,0
3428870892,1.385743,1.268218,0.762655,0.45381,-4.199234,-1.934646,0
3428904226,1.351699,0.542914,-0.486252,-0.216926,-4.395324,-4.056341,0
3428937560,0.00311,0.883047,-0.863442,-0.406432,-4.801953,-5.181428,0
3428970894,-0.639296,0.495062,-0.98643,0.34185,-5.115331,-4.27593,0
3429004228,0.025602,0.082009,-0.020325,0.918562,-1.382337,-2.938478,0
3429037562,-0.356772,0.460037,0.429408,0.42908,0.537637,-0.92236,0
3429070896,-1.268796,-0.719692,-0.027446,0.192539,6.75805,5.116585,0
3429104230,0.123698,-0.790694,0.528188,-0.212687,9.216018,7.38473,0
3429137564,-0.157667,-0.682101,0.382279,-0.799205,7.242092,6.317645,0
3429170898,-0.259568,-0.82495,-0.768031,0.272481,5.068424,4.573936,0
3429204232,0.71366,-0.159322,0.055443,0.61573,2.335103,1.745074,0
3429237566,-0.370549,-0.215837,0.029517,0.20905,-0.340661,-1.394169,0
3429270900,-0.642872,0.17422,-0.236787,0.180174,-1.974499,-3.552795,0
3429304234,-0.280672,0.502804,-0.365502,-0.654557,-5.093517,-4.047014,0
3429337568,-0.618252,0.462117,-0.310261,-0.840148,-6.327025,-3.581291,0
3429370902,-0.449241,0.078197,-0.251982,-1.29813,-6.252603,-3.665849,0
3429404236,0.091321,0.454333,-0.308478,-0.800332,-4.699636,-3.974214,0
3429437570,1.335014,-0.496053,-0.54499,-0.78464,-3.419155,-3.576311,0
3429470904,0.811462,-0.333489,-0.283723,-0.47193,-1.863992,-2.501531,0
3429504238,-0.435918,-0.126892,-0.156962,-0.428227,-0.280515,-1.681711,0
3429537572,0.205166,0.098781,-0.263814,0.639346,2.021582,0.278107,0
3429570906,-0.037705,-0.13962,-0.143662,0.718854,4.755039,2.994711,0
3429604240,-0.406353,-0.414916,0.796552,0.499758,7.838896,5.071379,0
3429637574,-1.081029,-0.289225,0.140718,0.515666,7.13583,4.623906,0
3429670908,-0.961292,0.425322,0.101458,0.661644,5.28278,3.03613,0
3429704242,-0.701013,-0.130036,0.282147,0.736169,1.56655,1.47334,0
3429737576,-0.395566,-0.743852,-0.126775,-0.119136,-1.828269,-0.459161,0
3429770910,0.208782,-0.128362,-0.353396,-0.280478,-3.810581,-1.794958,0
3429804244,-0.663973,0.277149,0.521927,-0.810046,-5.932155,-3.236049,0
3429837578,-0.134993,-0.231333,-0.595052,0.132597,-5.531767,-1.594018,0
3429870912,-1.059073,0.423295,-0.444974,-0.313232,-5.522578,-3.15362,0
3429904246,-0.759303,0.667913,0.23966,-0.301067,-3.918347,-3.562543,0
3429937580,-0.559768,0.533138,0.332627,0.172426,-2.915967,-2.615322,0
3429970914,-0.379039,0.255027,0.337078,0.935847,-0.494112,-0.667753,0
3430004248,0.486694,-0.11494,0.193441,0.262326,0.733439,1.490874,0
3430037582,-0.126553,-0.026276,-0.357947,0.439181,3.8822,4.607304,0
3430070916,1.036543,-0.370876,0.261133,-0.106139,6.205466,6.135362,0
3430104250,-0.202072,-0.127056,0.758307,-0.11309,6.351141,6.81186,0
3430137584,-0.675888,0.136128,0.307647,0.090092,4.723928,5.563613,0
3430170918,0.382673,0.103261,-0.128224,0.420097,2.994377,2.422536,0
3430204252,-0.345485,0.37179,1.406433,0.833409,0.432035,0.409972,0
3430237586,0.593553,0.786734,0.347563,1.124066,-2.756134,-0.690675,0
3430270920,0.089111,1.424073,-0.74045,0.935184,-3.520941,-2.471553,0
3430304254,-0.330348,0.738813,0.742102,0.2944,-4.099845,-3.343979,0
3430337588,0.85605,0.250793,0.654348,0.1163,-5.287336,-3.037152,0
3430370922,0.256893,0.573334,0.541246,0.300219,-3.504716,-2.512739,0
3430404256,-0.550758,0.082527,0.421596,-0.434293,-3.976623,-2.944064,0
3430437590,-0.375822,-0.495561,0.57554,-0.045029,-3.950045,-2.582132,0
3430470924,-0.265414,-0.368804,0.423552,0.288655,-2.113754,-0.513101,0
3430504258,-0.532004,0.207734,0.109073,-0.164962,-0.772731,0.891162,0
3430537592,0.605994,-1.0864,0.798536,0.094426,4.213506,3.617346,0
3430570926,1.029219,-0.15679,-0.09726,-1.19332,5.522919,5.883668,0
3430604260,0.941513,-0.14168,-0.229285,-1.290179,7.095571,6.131765,0
3430637594,-0.017094,-0.003537,-0.433783,-1.130273,6.44601,4.516299,0
3430670928,-0.69795,0.767855,-0.35906,-0.906286,4.98009,3.419859,0
3430704262,-0.287974,0.063365,0.484174,-0.5003,2.9649,1.98256,0
3430737596,-0.137249,0.214193,0.117147,-0.386315,1.362234,1.716928,0
3430770930,-0.20615,0.535813,-0.223274,-0.287929,-0.194476,1.052189,0
3430804264,-0.15814,0.161983,-0.005341,-0.292615,-1.507392,-0.357479,0
3430837598,-0.131322,0.306646,0.137903,0.090521,-2.641938,-1.482289,0
3430870932,-0.285557,0.536465,0.100559,0.032008,-2.752376,-2.861651,0
3430904266,-0.490766,0.370866,0.137332,-0.292647,-4.192343,-3.375957,0
3430937600,-0.666634,0.268312,0.531826,-0.221394,-4.949362,-2.634617,0
3430970934,0.450674,-0.30096,0.725632,-0.126811,-4.180195,-1.640441,0
3431004268,-0.57642,1.028447,0.563542,-0.211002,-2.714976,0.971849,0
3431037602,-0.007283,-0.094687,2.849678,0.04696,-0.314384,4.427985,0
3431070936,-0.186158,-0.5803,2.451423,0.275794,2.547219,5.405205,0
3431104270,-0.990773,-0.169298,1.635009,0.081237,4.567444,6.949288,0
3431137604,-0.053578,-0.592644,1.951135,-0.471449,4.734033,5.560856,0
3431170938,0.420711,-0.716531,1.565301,-0.512897,4.127416,2.598771,0
3431204272,0.188275,-0.352029,0.616259,-0.549462,3.095657,2.123975,0
3431237606,0.180408,0.04791,-0.419584,0.040245,0.648307,1.378004,0
3431270940,0.64605,-0.075793,-0.529878,1.238681,-2.15013,-1.043169,0
3431304274,0.378769,0.110015,-1.519067,1.619532,-3.76374,-2.501087,0
3431337608,0.431331,-0.208312,-0.937912,0.893567,-5.085166,-3.260711,0
3431370942,0.230374,-0.02415,-0.914653,-0.193843,-5.05428,-4.563408,0
3431404276,0.230843,0.378339,-0.557501,-0.021509,-3.951354,-2.806206,0
3431437610,0.776333,0.338461,-0.342533,-0.104612,-4.690265,-1.744391,0
3431470944,0.244076,0.82645,-0.062161,-0.090301,-3.702026,-0.67385,0
3431504278,0.153803,0.598944,-0.245541,0.911366,0.196009,1.688069,0
3431537612,-0.022263,0.419497,-0.095344,-0.161856,0.293147,1.648616,0
3431570946,0.217713,-0.243708,0.027638,0.765774,6.230956,3.414342,0
3431604280,-0.458237,-0.44529,-0.050923,-0.313809,5.789283,3.812201,0
3431637614,-0.531809,-0.071596,-0.083875,-0.835769,5.144016,3.194695,0
3431670948,0.09619,-0.05258,-0.158753,-0.88849,3.375164,3.162597,0
3431704282,0.395488,-0.062131,-0.049954,-0.353749,1.937796,2.192783,0
3431737616,-0.282529,0.348105,0.16339,0.042288,1.03012,0.74583,0
3431770950,-0.915359,0.207194,0.177321,0.513098,1.163283,-0.870453,0
3431804284,-0.190802,-0.436227,1.080384,0.081995,-1.772563,-3.832099,0
3431837618,-0.912316,-0.042792,1.128222,0.388895,-1.482102,-2.990034,0
3431870952,-0.291421,-0.263842,-0.885453,0.591382,-4.32153,-2.611005,0
3431904286,0.550528,0.033765,-1.674183,0.482099,-4.767747,-2.40013,0
3431937620,0.388684,-0.294104,-1.096828,0.003684,-4.568679,-2.93634,0
3431970954,0.240287,-0.337006,-0.133889,-0.06705,-4.16447,-3.383742,0
3432004288,0.001425,-0.19111,0.470087,0.432926,-1.831293,-1.927821,0
3432037622,0.120046,0.310911,0.988168,0.992479,0.971971,0.413691,0
3432070956,-0.382311,-0.410405,1.479943,0.491396,3.417127,2.726124,0
3432104290,-0.459531,-1.163196,0.069262,-0.586663,6.011741,4.620429,0
3432137624,-0.640851,-1.06317,-1.165201,-0.941759,5.892269,4.996496,0
3432170958,-1.488534,-0.148812,-1.030195,-1.076833,3.540254,4.194195,0
3432204292,-1.569992,-0.956944,-0.381921,-0.444297,2.473554,2.584564,0
3432237626,-1.109279,-0.338649,-0.453056,0.04498,0.93702,0.864879,0
3432270960,-0.488582,-0.177948,-0.28933,0.033986,-1.454442,-0.665093,0
3432304294,0.468179,-0.57759,-0.236806,0.84628,-1.425817,-1.063133,0
3432337628,0.83159,0.50097,-0.952968,0.807742,-2.797081,-2.302944,0
3432370962,0.658637,0.643776,0.189095,0.135087,-4.736828,-3.28173,0
3432404296,1.663321,-0.413018,-0.638263,-0.01697,-4.738425,-3.514716,0
3432437630,0.751789,0.571898,0.127424,-0.690006,-5.755901,-4.341615,0
3432470964,0.424615,-0.008126,-0.182977,0.160298,-4.326954,-2.52951,0
3432504298,1.88501,-0.250238,-1.468521,0.446151,-0.391645,-1.664086,0
3432537632,1.08678,0.489954,-1.631236,0.620872,1.012355,0.131477,0
3432570966,-1.121742,1.303145,-0.712801,0.72491,4.431286,2.520956,0
3432604300,-0.330407,-0.146471,0.220909,0.813813,4.763184,2.679481,0
3432637634,0.828444,-0.487196,-0.074742,0.434893,2.386761,1.541075,0
3432670968,-1.028922,0.401719,-0.837228,-0.406609,1.713123,0.550425,0
3432704302,-2.142769,0.227226,1.649076,0.495993,1.220709,0.44184,0
3432737636,0.622725,-0.066884,3.340399,-0.213057,-0.552257,-0.304429,0
3432770970,4.438775,-0.076811,0.851337,0.081504,-1.030667,-1.494529,0
3432804304,-0.561867,0.836097,-0.652078,0.437724,-0.571368,-1.457303,0
3432837638,-2.805319,-0.822733,-0.129898,-0.007079,-1.649299,-2.163074,0
3432870972,-0.777676,-0.197819,0.128829,-0.949843,-2.788142,-3.524754,0
3432904306,0.959939,0.102302,0.142187,-0.860288,-2.154697,-3.521734,0
3432937640,0.973509,0.260895,0.254816,-0.409796,-2.420051,-3.193749,0
3432970974,0.045542,0.156104,0.386401,-0.576378,-1.547491,-3.200446,0
3433004308,-0.223469,-0.522068,-0.400537,-0.095941,-0.79236,-1.897834,0
3433037642,0.505815,-0.090088,0.036993,0.691355,1.259558,2.241322,0
3433070976,0.413351,-0.017619,0.500503,1.407692,4.970493,5.10508,0
3433104310,-0.563583,0.035854,0.532263,1.596167,3.821279,4.506238,0
3433137644,0.304773,-0.136519,-0.066843,1.571938,1.487082,2.853917,0
3433170978,0.703976,-0.19157,0.018128,1.330363,-0.746206,0.940419,0
3433204312,0.093005,0.584483,-0.028441,0.72045,-2.590507,-0.822603,0
3433237646,-0.809747,0.729781,0.170817,0.064725,-3.67295,-1.973027,0
3433270980,-0.84029,0.691225,0.126068,-0.121256,-3.056684,-2.001907,0
3027996208,-0.628844,-0.008278,0.214677,-0.247232,0.713493,1.456377,0
3028029542,-0.349148,-0.165326,0.049601,0.148535,1.579153,0.621146,0
3028062876,0.044138,-0.134569,0.053103,-0.212382,1.452523,0.296142,0
3028096210,0.135598,-0.127155,-0.053148,0.460085,2.012414,0.662199,0
3028129544,0.399309,0.041436,-0.052097,-0.232686,0.371907,-0.045745,0
3028162878,0.514972,0.021487,-0.278295,-0.432516,-0.287249,-0.413123,0
3028196212,0.348329,0.627,-0.076955,-0.849729,-1.3528,-1.83889,0
3028229546,-0.16566,0.951951,-0.114121,-1.111435,-2.033492,-2.818662,0
3028262880,0.165056,0.790739,-1.313645,-0.711789,-3.283482,-2.404146,0
3028296214,0.187012,1.522098,-1.293405,-0.212722,-4.215148,-2.438912,0
3028329548,-0.629118,0.090423,-0.510623,-0.615701,-5.224126,-2.736238,0
3028362882,-0.383146,0.18545,-0.509663,-0.401172,-5.807744,-2.968049,0
3028396216,-0.509601,0.637735,0.290015,-0.071205,-3.486953,-3.506722,0
3028429550,-0.605686,-0.679281,0.797454,1.114396,-0.910839,-1.521105,0
3028462884,-0.070407,-0.684559,-0.241004,0.954125,2.801861,0.449575,0
3028496218,0.357177,-0.311669,-0.832994,0.94476,6.667367,2.456188,0
3028529552,0.461762,-0.729224,-0.063312,0.889828,7.555381,3.129945,0
3028562886,1.390838,-0.819002,0.182658,0.097808,7.609093,2.333811,0
3028596220,1.129456,-0.493752,0.179086,-0.228289,5.827049,1.891487,0
3028629554,0.547502,-0.711873,0.345121,-0.487795,3.299763,1.001353,0
3028662888,-0.374065,-0.32322,0.383826,-0.458615,0.263713,0.835733,0
3028696222,-1.623802,-0.297,0.521757,-0.295722,-3.019666,0.649626,0
3028729556,-1.143745,0.032161,-0.162754,-0.259584,-3.883291,-1.385503,0
3028762890,-0.338106,-0.212375,-0.435975,-0.464282,-5.134328,-1.786132,0
3028796224,1.057552,-0.443686,-1.327091,-0.216055,-5.74581,-1.768417,0
3028829558,1.096029,0.546305,-0.009307,-0.934578,-5.873908,-3.535491,0
3028862892,0.151742,-0.250544,0.079742,-0.782128,-4.896602,-4.172923,0
3028896226,-1.073778,0.569354,-0.663541,-0.254172,-2.913884,-2.994267,0
3028929560,-1.478372,0.359649,0.186344,0.348067,0.079423,-1.300449,0
3028962894,0.136375,-0.185462,0.083819,0.464859,2.682266,-0.394622,0
3028996228,0.136227,-0.491066,0.25418,0.353632,6.711439,2.338639,0
3029029562,-0.01601,-0.308466,0.605285,-0.030102,8.582717,4.003187,0
3029062896,0.068486,-0.881813,0.256954,-0.625,7.793113,2.130489,0
3029096230,0.97527,-0.9602,0.087035,0.399017,5.643632,0.533257,0
3029129564,0.143468,-0.416153,-0.465096,1.147656,-1.158214,0.409281,0
3029162898,-1.400101,0.116552,-0.264267,-0.045288,-3.712448,6.350989,0
3029196232,-0.453123,-0.031604,0.247012,-0.733348,-5.002388,2.591124,0
3029229566,-1.784831,0.837542,-0.03244,-0.338212,-4.828455,-1.645177,0
3029262900,-0.474473,0.91904,0.108004,-0.583516,-5.247973,-3.577493,0
3029296234,-0.572732,0.034085,0.084254,-0.378808,-6.007484,-2.84186,0
3029329568,-0.104105,0.726651,-0.785012,-0.743313,-5.724348,-2.326257,0
3029362902,-0.023012,0.33906,0.318263,-0.345597,-4.451674,-2.036794,0
3029396236,-0.298761,0.426699,0.224314,-0.14493,-0.697575,-1.386751,0
3029429570,0.11085,0.432529,0.22261,0.401202,2.460245,0.657113,0
3029462904,0.918876,-0.29012,0.580446,0.887583,4.702488,2.479805,0
3029496238,0.111982,-0.032343,0.610881,0.150758,7.332453,3.771656,0
3029529572,-0.500556,-0.191679,1.07305,0.313929,8.054656,3.475474,0
3029562906,-0.594579,-0.068007,1.319534,-0.486218,6.674368,3.343617,0
3029596240,-0.736655,0.308392,0.979095,0.194553,5.503139,2.734933,0
3029629574,-0.931198,0.013485,1.010312,-0.135122,0.869306,2.024131,0
3029662908,-0.900627,0.606066,1.043466,-0.262673,-0.93578,1.843318,0
3029696242,-0.311723,1.062596,0.595525,-0.714944,-2.98947,-0.197098,0
3029729576,-0.160331,1.100935,-0.000422,-0.154824,-4.914861,-3.293011,0
3029762910,-0.422758,0.909691,-0.18239,-0.773127,-5.145096,-0.629187,0
3029796244,-0.157889,0.816136,-0.375428,-0.897259,-5.496368,1.210271,0
3029829578,0.059598,0.567423,-0.555416,-0.235682,-4.778331,1.022403,0
3029862912,0.498704,0.756977,-0.76555,-0.682637,-3.021643,3.269212,0
3029896246,1.083425,0.422081,-0.154702,0.4164,-2.543083,4.233208,0
3029929580,1.39499,0.139297,-0.328914,1.386901,-0.083916,2.97717,0
3029962914,0.666671,-0.251042,-0.337083,0.781724,2.366945,1.49069,0
3029996248,-0.18358,-0.304998,0.06711,0.862788,4.746404,0.102314,0
3030029582,0.393938,-0.924111,0.369655,-1.013204,7.222806,1.313638,0
3030062916,-1.71012,-0.253215,1.649709,-2.285928,6.836969,3.170918,0
3030096250,-1.528194,-0.094118,3.124738,-1.496423,5.140535,3.483961,0
3030129584,-0.593218,0.207213,3.405153,-0.830671,3.063651,3.226602,0
3030162918,-0.939368,1.278706,0.525631,0.140609,0.064872,1.961847,0
3030196252,-0.545725,0.792674,0.008415,0.991022,-1.571102,1.008979,0
3030229586,1.461534,0.033119,1.382763,0.507335,-3.96749,-0.613049,0
3030262920,1.752196,0.021374,0.394439,0.416283,-3.921149,0.398019,0
3030296254,-0.070599,-0.12379,-0.683807,-0.33151,-3.904365,-0.52801,0
3030329588,-0.892136,0.043054,-0.932567,-0.915535,-5.049896,-2.708306,0
3030362922,0.015879,-0.004493,-0.152131,0.146411,-4.887216,-1.945945,0
3030396256,0.068314,-0.203699,0.381922,0.355379,-3.232965,-1.970038,0
3030429590,-0.273531,-0.252581,-0.511109,0.257711,-1.486092,-0.034045,0
3030462924,0.987274,-0.824252,-0.278881,0.532365,3.202945,1.454868,0
3030496258,0.444527,-0.619818,-0.084903,0.130774,5.209752,1.017208,0
3030529592,0.698629,-0.32287,-0.274742,-1.63101,4.182314,3.754625,0
3030562926,0.165254,-0.16751,-0.183958,-0.588316,6.648685,3.233121,0
3030596260,0.114011,0.051924,0.058875,0.027278,4.721021,2.211691,0
3030629594,-0.414625,0.13388,0.130819,1.01174,1.943578,2.087867,0
3030662928,-0.662703,0.373932,-0.067552,1.416543,-0.175152,1.474741,0
3030696262,-1.12574,0.46568,0.112358,1.05397,-1.752099,0.166743,0
3030729596,-0.511772,0.422574,-0.073662,1.194942,-2.981708,-1.965906,0
3030762930,-0.758987,0.416,0.363086,1.303837,-3.996382,-1.728487,0
3030796264,-0.53819,-0.059538,0.251075,0.742908,-5.277544,-1.195678,0
3030829598,0.046034,0.094561,0.341746,0.12205,-5.452044,-1.580619,0
3030862932,0.002108,0.196644,0.042171,-0.636304,-3.978938,-2.079559,0
3030896266,-0.040434,0.249784,-0.042064,-0.296032,-2.166188,-1.272734,0
3030929600,0.449133,-0.352282,-0.324637,-0.22485,0.315796,-1.380824,0
3030962934,0.942739,-0.401918,-0.176842,-1.271069,3.212245,0.402065,0
3030996268,0.775421,-0.666626,0.297702,-0.273053,6.836596,3.748593,0
3031029602,0.480365,-0.676275,0.032572,-1.3474,6.874882,3.653829,0
3031062936,-0.060297,-0.304508,-0.310337,-0.709382,4.39244,3.321242,0
3031096270,-0.054361,-0.020774,-0.169808,-0.202326,3.353589,0.796151,0
3031129604,-0.599536,0.073285,-0.251113,0.460738,1.017597,-0.458652,0
3031162938,-1.350021,0.274118,0.012234,0.513802,-0.678741,-2.516022,0
3031196272,-1.502916,0.023379,-0.061211,0.805102,-2.436561,-2.502787,0
3031229606,-0.600955,-0.332003,-0.239623,1.232828,-3.532521,-2.571775,0
3031262940,-1.126073,-0.360989,-0.521037,0.04893,-3.795749,-3.682375,0
3031296274,-1.315649,-0.361066,-0.755042,-0.499015,-4.078436,-3.805527,0
3031329608,-1.517111,-0.66948,-0.538413,-0.972426,-4.649429,-3.599826,0
3031362942,-0.157034,-1.098339,0.043547,-0.025018,-4.015134,-2.248521,0
3031396276,2.599008,-0.281814,-1.481916,0.446733,-0.616768,-1.698084,0
3031429610,3.57647,1.2225,-2.206736,-0.199818,0.788723,-0.750618,0
3031462944,2.848381,1.026725,-1.76893,0.731872,4.184788,1.133827,0
3031496278,1.203335,2.063232,0.246807,0.062139,4.563841,1.033993,0
3031529612,-0.491981,1.984081,0.991878,0.283874,4.878991,1.326889,0
3031562946,-0.800348,0.176155,1.046819,-0.019787,3.728208,0.962411,0
3031596280,-0.117271,0.446532,0.826716,0.155181,1.418005,1.176412,0
3031629614,-0.186472,0.997587,0.468062,0.170029,0.062716,0.931112,0
3031662948,0.270452,1.155864,-0.080258,0.186362,-0.373466,0.469481,0
3031696282,0.043253,0.408497,0.055961,0.570493,-2.983159,-0.086579,0
3031729616,0.025565,-0.513648,-0.164385,0.094873,-2.194683,-1.14193,0
3031762950,-0.317523,-0.068285,0.144338,0.007617,-1.478294,-1.57583,0
3031796284,-0.342842,0.229073,0.58244,-0.578512,-0.895975,-1.799615,0
3031829618,0.015932,-0.097481,0.194824,-0.821227,-0.512538,-1.622172,0
3031862952,0.003939,-0.420655,0.331981,-1.039134,-0.072074,-1.177755,0
3031896286,0.230517,-0.344932,0.158256,-0.940139,-0.044365,-0.517036,0
3031929620,-0.433961,-0.394581,-0.030313,-0.461706,-0.41176,0.042068,0
3031962954,-0.224779,-0.562286,0.130605,-0.321632,-0.175118,-0.3439,0
3031996288,0.570245,-0.212588,0.105507,-0.353289,0.05638,-0.608504,0
3053330048,0.086756,0.073388,0.178858,0.153175,0.052757,0.242641,0
3053363382,0.08789,0.086784,0.078435,0.115569,0.121069,0.097221,0
3053396716,0.031929,0.06794,0.085782,0.132335,0.191089,0.241805,0
3053430050,-0.024915,0.061006,0.131632,0.071635,0.245961,0.196181,0
3053463384,0.007482,0.017417,0.104809,0.05995,0.452785,0.296249,0
3053496718,0.022548,0.079226,0.122112,-0.072391,0.676058,0.335937,0
3053530052,0.090995,0.034773,0.194548,-0.0755,0.955139,0.388802,0
3053563386,-0.007084,-0.420822,0.26018,-0.047668,0.576101,0.689544,0
3053596720,0.377699,-0.303745,0.14798,-0.018128,0.414783,1.175336,0
3053630054,0.154797,-0.148011,0.274977,0.062695,0.34291,1.083104,0
3053663388,-0.402478,0.122973,0.071604,0.041867,0.216817,1.125588,0
3053696722,-0.291866,0.28214,0.062368,0.288578,0.272582,1.110705,0
3053730056,-0.046419,0.461163,0.109008,0.265909,0.136146,0.872294,0
3053763390,-0.005673,0.391507,0.112405,0.377949,-0.451526,0.81135,0
3053796724,-0.361024,0.311046,0.224318,-0.017716,-0.512542,0.244271,0
3053830058,-0.238897,0.083674,0.17423,0.258046,-0.89429,0.214195,0
3053863392,-0.69731,0.004666,0.222684,0.159089,-1.090458,-0.05486,0
3053896726,-0.243078,-0.317464,-0.02331,0.073005,-1.069505,-0.632613,0
3053930060,0.513766,-0.212279,-0.045051,-0.085564,-0.969251,-1.114276,0
3053963394,0.096625,-0.096863,0.122591,-0.110879,-0.597006,-1.20197,0
3053996728,0.068785,-0.088578,0.133533,-0.140614,-0.188274,-0.974399,0
3054030062,0.193494,-0.013591,0.148559,-0.242902,-0.245522,-0.865463,0
3054063396,0.317991,0.006986,0.066955,-0.121137,-0.319449,-0.347305,0
3054096730,0.373007,-0.055558,0.259222,0.005519,-0.377404,0.130899,0
3054130064,0.214237,-0.090553,0.178246,-0.067668,-0.527235,0.018305,0
3054163398,0.039898,-0.066536,0.015865,-0.071611,-0.452082,0.139041,0
3054196732,0.156026,-0.047205,0.217349,-0.235895,-0.899467,-0.268347,0
3054230066,0.51912,0.530181,0.204267,-0.099174,-1.23431,-0.394102,0
3054263400,0.529885,1.06826,0.132832,-0.269258,-1.842041,-0.599931,0
3054296734,1.173314,1.745654,-1.031788,0.699845,-2.087827,-0.558642,0
3054330068,1.166387,2.140562,-1.415673,0.24034,-2.230979,-1.558699,0
3054363402,1.462457,2.051578,-0.107691,-0.266163,-2.868413,-3.405445,0
3054396736,1.376012,0.694446,-1.9015,-0.780387,-2.356199,-3.375659,0
3054430070,-0.605252,-1.099327,-0.887995,0.388089,0.392068,-2.050584,0
3054463404,-0.788589,-1.153357,-1.221519,0.715209,1.969217,-1.508453,0
3054496738,-1.54428,-0.47754,-0.571851,1.486784,4.958025,1.248515,0
3054530072,-2.011002,0.037201,0.724746,1.450848,6.143597,2.504438,0
3054563406,-1.286525,-0.543556,0.781012,0.649529,5.634769,2.089938,0
3054596740,-0.119133,-0.989124,0.300805,-0.08345,3.995472,1.785877,0
3054630074,0.906426,-0.228875,-0.275825,-0.168309,3.010919,2.075035,0
3054663408,0.936255,-0.467506,0.489806,-0.863511,0.304166,1.830368,0
3054696742,0.86793,-0.482065,0.753803,-0.367675,-0.407075,1.800229,0
3054730076,0.413323,-0.639746,0.780716,-0.124898,-1.713106,0.35212,0
3054763410,-0.155373,-0.554317,0.694561,-0.592963,-2.264836,-1.366001,0
3054796744,-0.474089,-0.831964,0.262674,-0.073913,-2.636342,-0.998223,0
3054830078,-0.002354,-0.600346,-0.251806,-0.256719,-3.572325,-1.405687,0
3054863412,0.105172,-0.37356,-1.070362,-0.429228,-4.108922,-2.599967,0
3054896746,0.347062,-0.545059,-0.182426,-0.485881,-4.63907,-3.032939,0
3054930080,0.099991,-0.498279,0.292665,-0.138782,-3.804527,-2.34615,0
3054963414,-0.062054,-0.295005,0.012406,0.06606,-2.359661,-1.844842,0
3054996748,0.215578,0.565079,1.337875,0.730093,-0.536188,-1.019264,0
3055030082,-0.092648,0.088936,0.943303,0.766721,2.34765,-0.130545,0
3055063416,-0.584962,-0.418364,-0.348753,1.550552,5.129,1.413241,0
3055096750,-0.573815,0.167474,-0.734474,0.831469,5.929243,2.15897,0
3055130084,-0.551109,0.088168,0.581033,0.092892,6.339099,2.389857,0
3055163418,0.81769,-0.808422,0.226921,-0.518712,4.846428,1.123089,0
3055196752,1.940559,-0.442063,-0.385444,-0.791614,2.465423,1.212491,0
3055230086,2.014733,0.051482,0.323597,-0.444914,0.208596,2.136487,0
3055263420,0.611178,-0.321527,-0.213841,0.081055,-1.679613,1.370135,0
3055296754,-1.271791,0.328478,-0.462219,0.112047,-2.563515,0.045156,0
3055330088,-1.940428,0.331477,0.098483,0.05633,-3.188666,0.677098,0
3055363422,-1.342556,1.066412,-0.208442,0.411047,-3.407237,-0.283082,0
3055396756,-1.281527,0.577323,-0.008803,-0.265963,-4.481527,-2.57461,0
3055430090,-0.526183,0.731196,-0.218035,-0.112225,-4.113277,-2.198055,0
3055463424,-0.520673,0.666255,-0.455014,-0.21563,-3.984363,-2.484339,0
3055496758,-0.435224,0.915439,-0.786296,-0.021731,-2.845579,-2.232563,0
3055530092,0.120419,0.223047,-0.20304,-0.092129,-0.4713,-0.940488,0
3055563426,0.726633,-0.379476,0.188378,0.390856,1.938647,-0.205642,0
3055596760,0.00943,-0.933727,-0.03635,-0.1478,3.302453,0.655333,0
3055630094,0.596135,-0.764965,-0.818411,0.256258,5.985027,1.90865,0
3055663428,-1.138823,0.14919,-0.598009,0.392978,6.383715,1.330542,0
3055696762,-1.206274,0.443838,0.542948,0.229823,5.603385,0.241536,0
3055730096,0.096337,0.334824,0.21294,0.363621,4.160488,-1.133565,0
3055763430,-0.149384,-0.087637,0.42301,0.053129,1.629909,-0.327755,0
3055796764,-0.643141,0.188924,0.397433,0.179638,-2.059129,-0.505932,0
3055830098,0.230518,-0.203203,0.44067,0.33443,-4.761662,1.855398,0
3055863432,-0.167467,0.07199,0.528366,-1.126784,-5.536423,2.125639,0
3055896766,-0.95974,0.192172,1.194353,-0.868534,-5.150735,1.415256,0
3055930100,0.150883,0.776211,-0.369562,-0.733211,-4.903152,-0.32555,0
3055963434,0.532018,0.612353,-0.560175,0.074496,-5.079459,-0.715365,0
3055996768,0.061413,0.920445,0.783691,0.93467,-3.610823,-0.19133,0
3056030102,0.696064,-0.024176,0.694565,1.156909,-3.301395,0.105352,0
3056063436,0.448354,-0.440507,0.30905,1.073764,-0.035249,0.668317,0
3056096770,-0.269455,-0.08754,-0.26549,0.390199,1.556218,0.439786,0
3056130104,1.604594,-1.082071,1.178959,0.289071,5.091873,2.658167,0
3056163438,0.417991,-0.864491,2.51241,0.211563,8.190779,3.718155,0
3056196772,-2.125216,0.3322,0.8938,-0.71525,7.853367,3.330115,0
3056230106,-0.889612,-0.087395,0.029232,-0.800589,6.872456,2.724225,0
3056263440,0.222934,-0.061524,-0.072551,-0.726439,4.487356,1.938513,0
3056296774,0.430494,0.544341,-0.372633,-0.431168,1.249975,1.685935,0
3056330108,0.160319,0.814792,-0.610884,-0.495424,-1.665117,1.137721,0
3056363442,-0.086604,0.924404,-0.785803,-0.471043,-3.154256,0.086541,0
3056396776,-0.328013,0.798434,-0.221729,-0.627013,-5.490465,-0.479329,0
3056430110,-0.455526,0.492407,0.487357,-0.305725,-5.764487,-0.709916,0
3056463444,-0.429185,0.402974,0.371958,-0.358732,-4.980189,-0.421158,0
3056496778,0.328085,-0.018776,0.409951,-0.248629,-4.775974,-0.543714,0
3056530112,0.640396,-0.195138,0.822602,0.298991,-2.712761,1.199771,0
3056563446,0.240219,-0.069278,1.056538,0.230686,-1.298135,1.110032,0
3056596780,0.487092,-0.190662,0.611929,0.185371,2.277797,3.200158,0
3056630114,0.235681,-0.248642,0.815019,0.059076,4.636222,3.74543,0
3056663448,-0.39639,0.037186,1.145157,-0.719467,5.628136,3.504003,0
3056696782,-0.40234,0.574891,0.284939,-0.978454,5.327776,3.363287,0
3056730116,-1.408202,0.743656,1.290237,-0.253928,4.5225,2.128056,0
3056763450,-0.690217,0.697977,1.465481,-0.047962,1.587612,1.496345,0
3056796784,-0.411801,0.228361,0.324264,0.371859,-0.511577,0.922789,0
3056830118,-0.228034,0.047123,0.129201,0.106937,-2.146907,1.057348,0
3056863452,0.151703,0.065856,-0.366067,0.367805,-2.885842,-0.403338,0
3056896786,0.185601,0.057103,-0.390443,0.184508,-3.103251,-1.394234,0
3056930120,0.535477,-0.095669,-0.18185,0.054677,-2.898914,-1.82961,0
3056963454,0.010427,0.046926,-0.311544,0.050295,-3.33497,-2.327453,0
3056996788,-0.322921,-0.257767,0.037708,0.488973,-2.64044,-1.91083,0
3057030122,-0.149915,-0.187077,-0.074951,0.807953,-1.553916,-1.098799,0
3057063456,0.128138,-0.181791,-0.023237,0.488691,-1.701908,-1.17138,0
3057096790,0.933362,-0.170683,-0.064372,0.991746,0.786381,-0.636466,0
3057130124,-0.020172,0.071409,-0.033148,0.810032,2.492006,0.087608,0
3057163458,-0.229614,0.086708,-0.027493,0.67223,4.020656,1.722662,0
3057196792,0.382461,-0.24404,-0.002333,0.114542,4.570205,2.899319,0
3057230126,-0.052399,0.025923,0.548473,-0.16391,4.208661,2.819544,0
3057263460,0.195466,-0.379479,-0.158678,-0.710249,2.954182,2.576125,0
3057296794,0.135686,-0.131815,-0.501399,-0.667787,1.367723,2.800761,0
3057330128,0.447988,-0.192801,-0.017591,-0.29222,-0.714529,1.698088,0
3057363462,0.162855,-0.096995,-0.190558,-0.039646,-0.741329,0.355284,0
3057396796,-0.249343,-0.036262,0.151939,-0.040378,-1.510718,-1.422356,0
3057430130,0.460309,-0.157342,-0.149516,-0.184563,-2.494687,-2.766637,0
3057463464,0.017549,0.103553,-0.360718,-0.19753,-2.624171,-3.16664,0
3057496798,-0.060708,-0.135403,-0.027238,-0.159951,-2.836097,-2.61661,0
3057530132,0.240832,-0.047203,-0.388078,-0.151685,-3.368574,-2.108405,0
3057563466,0.039688,0.210048,-0.272489,0.268537,-3.056875,-1.727657,0
3057596800,0.148516,-0.054717,0.203308,0.437915,-2.223542,-1.176087,0
3057630134,0.173286,-0.036341,-0.222429,0.757752,-1.160025,-0.086444,0
3057663468,-0.010769,-0.042303,-0.145891,0.894948,0.671824,0.263537,0
3057696802,-0.315054,-0.317733,0.380406,0.545346,3.63683,1.671745,0
3057730136,-0.318427,-0.222038,0.337334,-0.033124,5.573717,3.78704,0
3057763470,0.222739,-0.279135,0.432463,-0.478828,5.018384,3.126428,0
3057796804,0.061484,-0.365516,-0.01305,-0.325888,3.89375,2.216558,0
3057830138,-0.274994,-0.120771,-0.379117,-0.132687,2.326301,1.59534,0
3057863472,-0.622799,-0.049063,0.052096,-0.173817,-0.019726,0.953625,0
3057896806,-0.772475,-0.089253,0.252962,0.08071,-0.678692,-0.330871,0
3057930140,-0.602583,-0.272019,-0.358742,-0.042751,-1.530885,-1.800248,0
3057963474,-0.188706,-0.302755,-0.358245,-0.081403,-2.315473,-2.689348,0
3057996808,0.007329,-0.250614,-0.15127,0.139421,-3.182959,-2.448227,0
3058030142,-0.160259,-0.241237,-0.244953,-0.182657,-3.268956,-2.188282,0
3058063476,-0.086803,-0.122731,-0.258233,-0.581626,-3.208538,-2.522962,0
3058096810,-0.199997,-0.277603,-0.179018,-0.44903,-2.997317,-1.484594,0
3058130144,0.228671,-0.005567,-0.060014,-0.224514,-1.704834,-0.510063,0
3058163478,0.261702,0.117911,0.093127,-0.183896,-1.362677,-0.592413,0
3058196812,0.051486,-0.091643,0.173833,0.168013,-0.102518,0.024706,0
3058230146,-0.166078,-0.50148,0.004893,0.503735,2.349574,1.482181,0
3058263480,-0.282516,-0.301225,0.01061,0.403561,3.561546,2.200425,0
3058296814,0.416438,-0.5097,-0.303716,0.179896,4.666342,3.762456,0
3058330148,1.355265,-0.411774,-0.303182,-0.048131,4.017591,3.592988,0
3058363482,0.837943,0.090748,0.101342,0.063714,2.911041,2.584355,0
3058396816,0.536641,0.048171,-0.306223,-0.001759,0.058138,1.592876,0
3058430150,-0.414695,0.40923,-0.086317,-0.056328,-0.604998,0.703089,0
3058463484,-1.143292,0.665347,0.105071,0.039811,-1.53317,-1.30207,0
3058496818,-1.005327,0.13191,-0.20308,-0.098687,-2.204893,-2.753547,0
3058530152,-0.234027,0.149427,-0.004104,-0.095572,-3.060584,-3.459666,0
3058563486,0.612413,0.509721,-0.149969,-0.139069,-3.000749,-3.784863,0
3058596820,0.639757,0.435893,-0.082688,-0.332144,-2.227157,-4.06707,0
3058630154,-0.088041,0.573698,0.212216,-0.541415,-2.14844,-3.603956,0
3058663488,-0.325141,0.216904,0.294158,-0.507464,-1.047843,-2.549516,0
3058696822,0.257071,0.277062,0.479643,-0.157998,-0.683098,-1.843133,0
3058730156,0.632875,0.23271,0.187952,0.737842,0.354827,0.052372,0
3058763490,0.429399,-0.263071,0.127814,1.083463,2.016657,1.31742,0
3058796824,0.30633,-0.450938,0.100669,0.833921,2.251175,2.440073,0
3058830158,0.045038,-0.621693,0.175351,1.388164,2.800921,2.764823,0
3058863492,-0.033219,-0.439117,-0.254405,0.840403,2.459356,1.738237,0
3058896826,-0.23574,-0.225115,-0.900284,0.378356,1.556814,1.137488,0
3058930160,0.255282,-0.89419,-0.995071,0.030323,0.707373,0.307133,0
3058963494,-0.006464,-0.249763,0.048244,0.12063,-0.006781,0.323543,0
3058996828,0.662905,-0.560323,1.988613,0.57764,-1.336295,0.108455,0
3059030162,0.919528,0.652269,0.446794,0.497124,-1.889825,-0.309193,0
3062763570,0.141783,0.00297,0.163923,0.388096,0.388445,0.270864,0
3062796904,0.14488,0.0116,0.168161,0.347482,0.351569,0.523168,0
3062830238,0.11994,-0.026604,0.151352,0.231705,0.453738,0.748175,0
3062863572,0.049235,-0.038945,0.105417,0.352849,0.451317,1.539648,0
3062896906,0.083868,-0.148647,0.147437,0.027529,1.118927,1.4911,0
3062930240,0.210503,-0.211849,0.121155,0.214717,1.471047,2.029143,0
3062963574,0.278575,-0.118466,0.17892,-0.167103,1.352527,1.491614,0
3062996908,0.514401,0.127833,0.292419,-0.010867,1.276007,1.318002,0
3063030242,0.257464,0.336314,0.231871,-0.007712,0.484697,0.798098,0
3063063576,0.279163,0.387468,0.239638,-0.325299,0.173587,0.248219,0
3063096910,0.032631,0.509879,0.264072,-0.237378,-0.63692,-0.437321,0
3063130244,-0.21688,0.383154,0.262856,-0.213331,-1.275849,-0.767407,0
3063163578,0.07451,0.4993,0.201325,-0.055659,-0.872181,-1.28737,0
3063196912,0.179328,0.405003,0.119967,-0.027989,-1.033542,-1.915782,0
3063230246,0.290414,0.289602,0.089782,0.157872,-1.638278,-1.65747,0
3063263580,0.818328,-0.186025,-0.139421,0.359361,-2.124519,-1.827403,0
3063296914,0.140286,-0.136799,-0.240194,0.579389,-3.057896,-2.155647,0
3063330248,0.089574,0.206524,-0.102325,0.33388,-2.737076,-2.376753,0
3063363582,0.890521,1.175792,0.047616,0.353052,-2.252536,-1.78405,0
3063396916,0.842983,0.698309,-0.214766,0.606063,-1.257556,-1.267622,0
3063430250,-0.130501,0.254755,-1.144184,-0.139964,-0.119,-1.155178,0
3063463584,-0.462002,-1.001494,-0.298332,0.030981,0.955477,-0.146998,0
3063496918,-0.936573,-0.66252,-0.252736,-0.311092,1.479797,0.16738,0
3063530252,-0.378501,0.390153,-0.927979,-0.055978,3.116063,1.267721,0
3063563586,0.439612,-0.198147,0.467294,0.547272,3.9892,2.265936,0
3063596920,-0.030034,-0.590321,0.316637,0.347925,3.235357,2.103367,0
3063630254,0.332749,-0.55838,-0.345571,0.423444,1.948331,1.784505,0
3063663588,0.272981,-0.088694,0.162806,-0.104945,1.287737,1.127734,0
3063696922,0.428373,-0.388997,0.047003,-0.188544,0.622562,-0.238825,0
3063730256,0.343563,-0.139212,0.235101,-0.333495,-0.156033,-1.246233,0
3063763590,0.462991,-0.013027,0.092793,-0.32098,-1.406359,-1.829808,0
3063796924,-0.575053,-0.474408,-0.138488,-0.327404,-2.509055,-2.295298,0
3063830258,-1.43758,-0.759604,-0.449638,0.183117,-2.792698,-2.714397,0
3063863592,-0.928853,-0.246358,-0.022418,-0.490114,-3.716775,-3.265299,0
3063896926,-0.077277,0.009978,0.387624,-0.770168,-3.043887,-2.745234,0
3063930260,0.138172,-0.208311,-0.216527,-0.638356,-2.421041,-1.851997,0
3063963594,-0.207524,-0.230092,-0.155643,0.534716,-1.383088,-0.290562,0
3063996928,0.245439,0.159086,0.109963,0.69735,0.501409,1.764064,0
3064030262,0.399071,-0.485672,-0.357627,1.078384,2.587516,3.634682,0
3064063596,0.911621,-0.360164,0.01502,0.993142,5.199042,4.140887,0
3064096930,0.286235,-0.575813,-0.612004,0.319669,6.193805,4.10894,0
3064130264,0.677787,0.679007,0.412887,-0.208925,4.711679,2.675834,0
3064163598,-0.772606,0.226029,0.834358,-0.439719,2.916421,0.482223,0
3064196932,-0.630327,0.734913,0.07203,-0.162131,0.732304,-1.151155,0
3064230266,-0.918537,0.633453,0.366563,-0.31487,-3.210825,-1.923752,0
3064263600,-0.392466,0.389593,0.345157,-0.072854,-3.644737,-1.642168,0
3064296934,-0.327232,-0.004715,-0.056242,-0.024864,-4.49464,-1.802944,0
3064330268,0.693327,-0.12924,-0.37814,0.263277,-4.412582,-1.839594,0
3064363602,0.533395,-0.428043,-0.258368,0.17458,-3.142742,-2.041802,0
3064396936,-0.09327,-0.203235,-0.075309,-0.151983,-2.347997,-1.453105,0
3064430270,-0.353047,0.188111,0.02453,0.266112,-0.935076,-0.860131,0
3064463604,-0.804339,0.075865,0.188532,0.886907,-0.110134,-0.53132,0
3064496938,-0.419424,-0.152144,0.103229,1.230888,1.62621,0.903586,0
3064530272,-0.107805,-0.404813,0.346498,1.007148,4.072661,1.198917,0
3064563606,0.345885,-0.659668,0.067395,0.014256,5.61549,2.173067,0
3064596940,0.437472,-0.459444,0.070448,-0.535551,5.408389,2.756318,0
3064630274,0.6919,-0.652436,0.45709,-0.810265,3.675161,2.11307,0
3064663608,0.677982,-0.632479,0.337693,-0.495676,2.209523,1.839479,0
3064696942,-0.499143,0.050837,0.058116,-0.378293,-1.198433,1.656577,0
3064730276,-0.447211,0.130872,0.06736,-0.479304,-2.855281,0.255331,0
3064763610,-0.657019,0.398188,-0.522961,-0.020368,-2.794923,-0.652855,0
3064796944,-0.420952,0.769109,-0.189168,-0.147306,-4.527465,-1.190171,0
3064830278,-0.069609,0.447245,0.325938,-0.444513,-5.38194,-1.989514,0
3064863612,0.131761,0.553289,0.082295,-0.695316,-3.362937,-2.592639,0
3064896946,0.392832,0.082952,-0.724682,-0.13508,-2.70968,-2.401637,0
3064930280,-0.255634,-0.018955,-0.844696,0.147462,-0.534867,-2.131525,0
3064963614,0.005742,0.424772,-0.487676,0.118368,1.45894,-1.026144,0
3064996948,-0.505071,0.03358,0.329037,0.546712,3.102908,1.208879,0
3065030282,-0.031679,0.15998,-0.052506,-0.07061,5.399594,2.298446,0
3065063616,-0.552789,0.445638,-0.056088,-0.272275,5.141596,2.931871,0
3065096950,-0.898296,0.741197,0.77118,0.131376,2.692569,3.335787,0
3065130284,-0.015342,0.566354,0.351652,0.642994,1.163494,2.363627,0
3065163618,-0.516956,0.483088,0.608938,0.134891,-1.320116,0.833738,0
3065196952,-0.61302,0.136024,0.790867,-0.346762,-2.539377,-0.412155,0
3065230286,-0.361481,-0.310391,0.906361,-0.291539,-2.273242,-1.082179,0
3065263620,-0.03849,-0.109062,0.466127,-0.727059,-3.685683,-1.557917,0
3065296954,-0.031265,-0.341716,0.168495,-0.468349,-3.027767,-1.605004,0
3065330288,0.467282,-0.010835,-0.42415,-0.047575,-3.003789,-1.160442,0
3065363622,0.297895,-0.407792,-0.178792,0.416446,-2.02667,-1.073542,0
3065396956,0.223947,-0.283848,0.370131,0.497767,-1.722664,-0.860316,0
3065430290,0.285623,0.073914,-0.392513,0.539529,-0.686647,-0.328534,0
3065463624,-0.412297,-0.097869,-0.674678,0.079498,-0.179624,-0.013021,0
3065496958,1.095933,-0.499849,0.210619,0.211627,2.535295,1.00951,0
3065530292,0.903944,-0.261587,-0.077177,-0.109539,2.075886,0.695216,0
3065563626,0.616255,-0.536176,0.623531,-0.120681,3.299414,1.781024,0
3065596960,1.613152,-1.218057,1.312845,0.122861,4.924103,2.146657,0
3065630294,-0.03274,-0.767364,0.483044,-0.094449,4.273036,1.141624,0
3065663628,-1.079216,0.210147,0.979279,0.006678,3.050087,1.974389,0
3065696962,-1.444454,0.265132,1.693341,0.106076,2.719453,1.182398,0
3065730296,-1.057084,0.109925,1.128145,-0.190498,0.356466,1.61841,0
3065763630,-0.304777,0.205871,0.063217,0.023525,-1.092378,1.846339,0
3065796964,0.334893,0.123632,-0.378732,-0.283882,-1.921423,0.772272,0
3065830298,0.437364,0.465559,-0.637683,-0.460991,-2.988066,1.126835,0
3065863632,0.393085,0.658602,-0.803164,-0.225517,-3.301889,0.786439,0
3065896966,0.264108,0.758297,-0.658009,-0.018529,-3.985913,-0.352031,0
3065930300,-0.499803,1.133092,-0.420313,-0.472498,-4.506732,-0.672254,0
3065963634,-0.100941,0.687691,-0.053671,-0.479951,-5.149033,-1.044809,0
3065996968,-0.171228,0.680104,-0.040138,0.068452,-4.050607,-0.709794,0
3066030302,0.256911,0.338913,0.228581,0.169347,-2.262386,-0.478215,0
3066063636,0.138344,0.396424,0.442443,0.116044,2.142656,0.807286,0
3066096970,0.560858,0.021365,0.143451,-0.38919,4.900252,2.300557,0
3066130304,-0.074686,-0.125195,-0.243276,-0.990271,7.319047,4.20322,0
3066163638,-0.159499,-0.221967,0.087251,-0.659609,8.552492,4.6229,0
3066196972,-1.394693,-0.048849,0.514585,-0.607009,6.116929,3.403629,0
3066230306,-1.236863,0.346283,0.760595,-0.339402,3.095495,1.405255,0
3066263640,-0.352241,-0.290725,1.308136,-0.149241,0.326628,0.197492,0
3066296974,0.279839,-0.261059,1.396891,-0.320446,-1.512294,-0.646831,0
3066330308,1.325481,-0.180652,0.13697,-0.259208,-3.154308,-0.505726,0
3066363642,0.886572,0.053929,-0.405924,-0.176419,-3.851967,-0.958704,0
3066396976,0.447681,0.068385,0.092216,0.402747,-3.716768,-0.835018,0
3066430310,0.192789,0.411502,0.262567,0.24542,-3.84775,-1.439096,0
3066463644,-1.086607,0.803692,-0.167905,-0.096189,-4.129076,-2.482759,0
3066496978,-0.603949,0.872888,-0.06701,0.198803,-3.082272,-1.409516,0
3066530312,0.381465,0.110113,0.685331,-1.309956,-2.058817,1.342634,0
3066563646,0.071316,0.055542,0.564087,-1.044169,1.114469,2.300053,0
3066596980,-0.018761,0.077749,-0.092986,-0.834918,3.61271,3.259758,0
3066630314,0.033226,-0.298493,0.087696,0.265458,5.510812,4.512236,0
3066663648,0.045502,-0.277031,0.191441,1.277967,5.443964,2.364875,0
3066696982,-0.338661,-0.007161,-0.026175,1.302459,4.306738,1.712436,0
3066730316,0.235696,0.269334,0.106582,0.737716,2.717251,0.250776,0
3066763650,0.065194,0.670815,0.121953,0.559606,0.416926,-0.218756,0
3066796984,0.006673,0.530014,0.233557,0.820558,-1.100475,-1.182734,0
3066830318,-0.217526,0.224935,-0.118063,0.57292,-2.444384,-1.608085,0
3066863652,0.393093,-0.285149,-0.218942,0.646354,-3.655993,-1.534225,0
3066896986,0.394904,-0.419996,0.248092,0.399399,-4.425182,-2.161917,0
3066930320,-0.105866,-0.246239,0.076517,-0.198941,-4.491257,-2.41911,0
3066963654,0.026487,-0.271081,-0.168563,-1.060913,-4.501328,-2.429222,0
3066996988,0.148632,0.198767,0.10092,-0.398364,-3.537722,-1.922965,0
3067030322,-0.174911,0.083854,0.226693,-0.254341,-0.860796,-0.801805,0
3067063656,-0.448154,-0.002224,-0.269846,0.849303,0.172209,0.815163,0
3067096990,-0.952177,0.238811,-0.321315,-0.641686,3.417274,2.234356,0
3067130324,0.526891,-0.213692,0.052164,-1.004413,7.222862,5.014632,0
3067163658,0.687735,-0.737583,-0.03243,-0.633087,4.924485,4.748037,0
3067196992,-0.146336,-0.316367,0.027765,-0.465304,3.698181,3.147362,0
3067230326,-0.207224,-0.56026,0.073381,0.14875,1.99618,2.195435,0
3067263660,0.92734,-0.807014,0.630211,0.024163,0.028777,0.464693,0
3067296994,0.081846,-0.309182,0.546975,0.35868,-1.383263,-1.316911,0
3067330328,-0.06935,-0.031479,0.799607,0.650509,-2.045781,-2.474646,0
3067363662,0.138639,0.326487,-0.535737,-0.178402,-3.668139,-2.85758,0
3067396996,0.072807,0.379351,-0.734221,-0.265078,-3.886789,-3.173035,0
3067430330,-0.179624,0.285872,-0.130368,0.000812,-3.775388,-2.400255,0
3067463664,0.108905,0.179148,-0.187221,0.066298,-2.789866,-1.730569,0
3067496998,0.351042,0.215735,0.042253,0.909277,-1.068533,-0.035185,0
3067530332,-0.098152,0.028823,-0.423342,-0.418901,0.297075,0.4152,0
3067563666,-0.199572,0.549955,-0.058939,-0.166691,2.398379,2.170584,0
3067597000,-1.310872,0.229629,0.349279,0.146076,4.513228,4.114239,0
3067630334,-1.166824,-0.062641,0.173467,0.024454,4.686515,3.700516,0
3067663668,-0.419503,0.155088,-0.217795,0.147238,3.606122,4.000973,0
3067697002,-0.115781,-0.239814,-0.407101,0.054689,2.486575,2.567039,0
3067730336,0.192825,-0.19475,-0.272121,-0.009204,0.905133,1.004924,0
3067763670,-0.350946,-0.071593,0.117154,-0.109387,-0.815887,-0.58536,0
3067797004,-0.250909,-0.263015,0.040066,-0.113513,-1.120581,-2.297741,0
3067830338,-0.032923,-0.083384,0.044513,-0.197989,-1.66025,-2.958176,0
3067863672,-0.293721,0.161447,0.139009,-0.88336,-3.361276,-3.208027,0
3067897006,0.197266,-0.272798,-0.470608,-0.947435,-3.56835,-3.436914,0
3067930340,0.311007,-0.487003,-0.579618,-1.011676,-3.281789,-3.022302,0
3067963674,-0.08705,0.074353,0.22113,-0.426301,-2.50834,-1.874778,0
3067997008,0.428152,-0.13539,0.245777,-0.165814,-0.4055,-0.6999,0
3068030342,0.804801,-0.539354,-0.441616,0.567358,1.636549,0.66152,0
3068063676,0.240366,-0.503098,-0.433871,0.62356,3.351544,1.281758,0
3068097010,0.216357,-0.430815,-0.169535,0.40961,3.811342,2.699565,0
3068130344,0.702367,-0.115048,-0.641935,0.614954,3.227447,2.602039,0
3068163678,0.489632,0.26103,-0.453757,0.28659,2.426085,1.676788,0
3068197012,-0.006614,0.318346,-0.006962,0.632482,1.309942,0.96761,0
3068230346,0.355201,0.396349,0.054438,-0.069323,-0.082273,-0.559644,0
3068263680,0.155246,0.295676,-0.151876,-0.055455,-0.426452,-1.829918,0
3068297014,1.065139,-0.05065,-0.111354,-0.100369,-2.008732,-2.784387,0
3068330348,0.330175,0.156147,0.017652,0.559633,-3.501878,-2.23796,0
3068363682,-0.759901,0.43598,-0.023381,0.496584,-3.432056,-1.982134,0
3068397016,-0.700188,0.53182,-0.143943,-0.528307,-3.300062,-3.010628,0
3068430350,-0.679666,0.658427,0.257888,0.268035,-2.243484,-2.165523,0
3068463684,-0.800032,0.624776,0.45005,-0.832156,-2.507921,-1.988944,0
3068497018,-0.211199,-0.252559,0.329334,0.271496,-0.406742,0.186053,0
3068530352,0.959679,0.269649,0.299737,1.064036,1.762731,0.957881,0
3068563686,-0.242904,-0.143321,-0.590656,0.299916,2.243684,1.255013,0
3068597020,-0.64243,-0.899566,-0.25997,0.776319,2.546611,1.814484,0
3068630354,-0.612025,-0.617363,-0.047769,0.517744,2.16616,0.900664,0
3068663688,-1.90016,0.811427,-0.144185,0.525864,1.615968,-0.05454,0
3068697022,1.63473,-0.833301,2.240727,0.602688,0.598421,-0.247551,0
3068730356,4.220694,0.775479,-0.278954,0.716706,-0.081495,0.119183,0
3068763690,0.02286,1.001389,0.194025,0.691155,-0.201959,0.114809,0
3068797024,-1.292426,0.048901,0.281424,-0.301806,-1.138666,-0.60139,0
3068830358,-0.043717,-0.233157,0.213083,-1.011421,-1.128354,-1.662753,0
3068863692,1.203718,0.200329,-0.023294,-1.356781,-0.766682,-2.177875,0
3068897026,0.518059,-0.034555,0.009922,-1.461792,-0.638832,-1.585528,0
3068930360,-0.523366,-0.335005,0.371614,-0.847286,-0.355696,-0.482344,0
3068963694,-0.3886,-0.321004,-0.016438,-1.029068,-0.281132,0.094131,0
3068997028,0.292274,-0.565138,-0.013751,-0.405108,0.004028,1.070435,0
3072530432,1.3688,-2.27223,0.397996,-0.670019,3.135465,3.27126,0
3072563766,3.238487,-1.048736,0.038792,-0.604919,3.020551,4.384845,0
3072597100,0.692666,0.010377,0.45517,-0.431191,2.363491,4.688331,0
3072630434,-0.501613,0.397546,0.31804,-0.952963,1.991796,5.310997,0
3072663768,0.311284,0.315334,0.051057,-0.695105,1.342903,4.017816,0
3072697102,1.06089,0.498289,0.388898,-1.276963,-0.177198,3.422719,0
3072730436,1.514954,0.671633,0.831169,-0.911226,-1.90513,2.521874,0
3072763770,0.806263,0.20221,0.409766,-0.387325,-2.81701,1.872336,0
3072797104,0.979035,-0.71523,-0.262933,0.384966,-2.672722,1.057754,0
3072830438,-0.027789,-0.679911,-0.346278,0.57684,-1.668244,0.900189,0
3072863772,-1.588941,-1.104927,0.255847,0.861001,-1.98007,-0.330865,0
3072897106,-1.344545,-0.995133,0.018303,0.8682,-1.340399,-1.389242,0
3072930440,-0.178417,-0.326298,-0.325321,1.180273,-1.178826,-3.051527,0
3072963774,0.345585,0.619715,0.282007,0.675637,-0.325293,-3.966806,0
3072997108,0.630929,0.821609,0.171985,0.600369,-0.112135,-4.203486,0
3073030442,0.183356,1.054264,0.287625,0.322023,-0.376465,-4.233846,0
3073063776,-0.41729,0.607714,0.39804,0.810333,-1.218412,-4.494196,0
3073097110,-0.708911,0.372043,0.236374,0.254516,-2.334601,-4.319792,0
3073130444,-1.199418,-0.394932,0.103642,0.214116,-1.957405,-3.991567,0
3073163778,-0.943263,-0.603762,-0.237175,0.18264,-1.936762,-4.110614,0
3073197112,0.319799,-0.696448,-0.627627,-0.545538,-3.235553,-3.957833,0
3073230446,0.848749,-0.267498,-0.396747,0.593157,-2.863697,-2.62667,0
3073263780,0.944088,0.374581,0.624828,-0.532712,-0.981972,-2.16972,0
3073297114,0.871381,0.608095,0.629169,-0.035116,1.630211,0.429333,0
3073330448,1.166994,0.549039,-0.087147,0.169095,2.976983,1.395186,0
3073363782,0.991324,-0.94216,0.667588,0.35022,3.994723,3.603169,0
3073397116,1.20057,-0.824927,-0.316678,1.321894,4.509562,4.222084,0
3073430450,-0.368355,-0.36741,-0.266844,0.848002,3.33835,3.044052,0
3073463784,-0.336339,0.106082,-0.269147,0.773028,2.708696,1.60077,0
3073497118,-0.222618,0.157732,-0.316592,0.434899,1.128323,0.589292,0
3073530452,-0.184695,0.239482,-0.334384,0.116218,-0.914254,-1.112906,0
3073563786,-0.420235,0.3649,-0.165732,-0.346343,-2.616565,-1.112914,0
3073597120,-0.700193,0.178583,-0.10994,-0.847959,-3.200931,-1.938023,0
3073630454,-0.371366,0.223177,-0.835699,-1.386991,-3.972913,-1.957965,0
3073663788,-0.776244,-0.071085,-0.425804,-1.774588,-3.521187,-2.457386,0
3073697122,0.073879,0.223937,0.065168,-1.430857,-2.914016,-3.06136,0
3073730456,0.998295,0.724841,0.21851,-0.77437,-3.110337,-3.180403,0
3073763790,1.041758,-0.576003,0.610922,0.191353,-2.070873,-2.419396,0
3073797124,0.458494,-0.274581,0.484275,1.005024,0.0703,-1.310814,0
3073830458,-0.18807,-0.170393,0.223422,0.658249,1.425667,0.132763,0
3073863792,0.390823,-0.645861,-0.357458,0.460982,4.281928,2.526004,0
3073897126,-0.44988,0.043106,-0.108873,0.744867,5.879628,4.347018,0
3073930460,-0.687949,-0.013985,0.213725,0.450794,4.824286,3.980911,0
3073963794,0.304893,-0.34991,0.060878,0.754144,4.769876,3.8707,0
3073997128,-0.057344,0.065879,-0.113923,0.439849,2.303074,2.702158,0
3074030462,0.022245,0.173994,0.299899,-0.2787,0.042184,0.861436,0
3074063796,0.183968,-0.325938,0.155502,-0.573439,-0.998438,0.65468,0
3074097130,0.509244,-0.376901,-0.111224,-0.492325,-1.64426,-0.352151,0
3074130464,-0.188524,-0.159466,-0.318297,-0.805139,-2.871302,-0.937379,0
3074163798,-0.630048,-0.065683,0.308489,-0.695407,-3.321384,-1.102476,0
3074197132,-0.183759,0.144151,-0.248818,-0.731161,-3.33953,-1.976871,0
3074230466,-0.154607,0.372256,0.113079,-0.927105,-3.514133,-2.101239,0
3074263800,0.120341,-0.386728,-0.455936,-0.331896,-3.417436,-2.031187,0
3074297134,-0.206826,0.100281,0.119293,-0.268492,-2.814066,-2.067467,0
3074330468,0.184205,-0.306548,0.485621,0.382347,-0.696348,-0.835663,0
3074363802,0.5218,-0.103717,0.195875,0.757447,1.244893,-0.825902,0
3074397136,0.027935,0.089103,0.09129,0.779037,2.790281,0.167819,0
3074430470,-0.148698,-0.381073,-0.089252,1.313375,5.329069,0.987352,0
3074463804,-0.070914,-0.314707,0.118949,0.822398,4.895743,0.753104,0
3074497138,0.229891,-0.846464,0.031467,0.119351,3.766066,2.124515,0
3074530472,-0.068765,-0.689178,-0.187891,0.315105,3.694571,1.539492,0
3074563806,-0.090869,-0.646563,0.065291,0.045534,1.206692,1.029809,0
3074597140,0.691336,-0.898027,0.345738,-0.779401,-1.92144,0.715879,0
3074630474,-0.440552,-0.684707,0.618546,-1.043491,-3.112254,-0.656034,0
3074663808,-1.301552,0.103511,0.23639,-1.544251,-4.01159,-2.610108,0
3074697142,-0.270528,0.105782,-0.337107,-1.840952,-4.971226,-2.810367,0
3074730476,0.011164,0.298969,-0.226537,-0.703532,-4.123995,-2.56495,0
3074763810,0.127892,0.565645,-0.213728,-0.052283,-4.010397,-1.820616,0
3074797144,0.127401,0.272289,-0.047933,1.116762,-1.519025,0.349916,0
3074830478,-0.492046,-0.050148,0.094654,1.157819,1.326895,1.29373,0
3074863812,-0.316395,0.318054,-0.496032,0.290806,2.907028,3.526415,0
3074897146,0.468419,-0.04345,-0.515533,0.345896,5.229315,3.96669,0
3074930480,0.484209,-0.106533,-0.246632,-0.057377,4.893431,3.801753,0
3074963814,0.227246,0.009366,0.138855,0.515689,4.015225,2.29323,0
3074997148,-0.692509,-0.16077,0.196137,0.353186,1.70185,0.120576,0
3075030482,-0.76537,0.326271,-0.659871,0.027385,-0.619532,-1.802759,0
3075063816,-0.369777,0.768825,-0.330552,-0.173613,-1.755484,-2.929188,0
3075097150,0.075208,-0.126518,0.077436,-0.57176,-3.711792,-2.485304,0
3075130484,-0.806141,0.946067,0.235327,-0.865186,-4.042649,-2.135685,0
3075163818,-0.370362,-0.109599,0.461778,-0.024107,-3.38637,-0.662397,0
3075197152,-0.182643,0.132563,-0.812762,-0.950624,-3.375881,-0.018085,0
3075230486,0.514313,0.174525,-1.090841,-0.62109,-1.785281,0.49067,0
3075263820,-0.195261,0.116355,0.810497,-0.459817,-0.583372,1.036652,0
3075297154,0.783782,0.217328,0.533037,-0.406479,0.596443,0.922302,0
3075330488,0.395028,0.339656,0.424891,-0.016599,1.119872,1.295228,0
3075363822,-0.232691,0.277407,0.522859,-0.186054,1.927001,1.986853,0
3075397156,-0.609445,0.694225,0.372898,-0.519039,1.82678,1.776082,0
3075430490,0.311137,0.814613,0.758239,-0.084706,2.316902,2.318491,0
3075463824,0.824381,0.435131,0.104582,-0.210194,2.328983,2.890461,0
3075497158,0.977439,-0.011281,0.279326,-0.1474,1.645459,3.309195,0
3075530492,0.579759,-0.025338,0.522514,0.171392,1.905526,1.989249,0
3075563826,0.075757,-0.078379,0.626341,0.175378,1.373413,0.72111,0
3075597160,-0.250677,-0.222978,0.748341,0.444098,0.886178,-0.825449,0
3075630494,0.161863,-0.685159,0.763214,0.231265,-0.603812,-2.179053,0
3075663828,-0.178087,-0.442852,0.628352,0.157877,-2.319688,-1.863589,0
3075697162,-0.943232,0.574731,0.08095,0.270808,-2.690374,-1.293,0
3075730496,-0.458799,0.311189,-0.028936,-0.034496,-3.860996,-1.513048,0
3075763830,-0.356087,0.520098,-0.296123,0.767231,-2.978722,-1.186647,0
3075797164,-0.749054,0.826623,-0.431221,0.029785,-3.573299,-1.505656,0
3075830498,-0.176336,0.737738,-0.824528,0.72197,-2.851945,-1.410452,0
3075863832,0.444563,0.29296,-0.63545,0.56241,-1.856409,-0.588824,0
3075897166,0.587088,-0.213599,0.103396,-0.283351,-0.3086,0.869368,0
3075930500,-0.445768,-0.289732,1.022533,0.024714,3.924181,2.253496,0
3075963834,-0.146532,-0.531494,1.319353,-1.716828,5.694333,5.100098,0
3075997168,-0.352056,-0.697665,0.673046,-2.427335,7.08815,6.543499,0
3076030502,0.052097,-0.780287,0.817157,-2.228975,5.717386,5.891809,0
3076063836,-0.910141,0.596778,0.628362,-1.178691,3.834042,5.421318,0
3076097170,-1.039572,0.858353,0.573473,-0.134271,1.148264,3.287307,0
3076130504,-0.656357,1.048799,0.175314,0.649315,-0.182924,1.689213,0
3076163838,-1.273957,0.951422,0.824889,1.023192,-2.597511,0.416166,0
3076197172,-0.045773,0.117692,2.321063,1.218003,-2.919803,-1.424683,0
3076230506,1.046516,0.182732,0.941571,-0.314994,-4.400169,-2.048094,0
3076263840,0.435869,0.229073,-0.086598,-0.611988,-4.223229,-2.562598,0
3076297174,-1.152013,0.469895,0.318585,-0.782095,-3.9296,-2.795508,0
3076330508,0.133477,0.213825,0.989059,-0.789072,-3.796704,-2.106077,0
3076363842,0.058445,-0.088868,-0.223763,0.137569,-1.915602,-0.634925,0
3076397176,0.994975,-0.359157,-1.043352,0.340084,-0.477477,0.094818,0
3076430510,2.008602,-0.369668,-0.276809,1.696612,2.216971,2.028066,0
3076463844,1.453614,-0.56793,-0.428818,0.936897,2.807796,2.196631,0
3076497178,0.411586,-0.467737,0.041812,0.041128,3.966966,3.0802,0
3076530512,0.328214,-0.436041,-0.198937,0.06546,4.316765,2.395678,0
3076563846,0.20149,-0.796296,-0.515851,-0.221939,2.737499,1.627197,0
3076597180,0.473971,-0.724045,-0.723457,-0.027857,2.38644,1.303587,0
3076630514,-0.5844,0.136286,0.249424,0.160272,1.124147,0.759651,0
3076663848,-0.216348,0.159905,0.493147,-0.711732,-1.28188,-0.757032,0
3076697182,0.377435,-0.18877,-0.152611,-0.089736,-1.440929,-1.293952,0
3076730516,-0.508334,0.1446,-0.308666,-0.069159,-2.6696,-2.333314,0
3076763850,0.205539,-0.099978,0.369821,-0.622657,-3.800545,-3.142875,0
3076797184,0.417856,0.098916,0.066754,-0.021261,-4.125362,-2.440253,0
3076830518,-0.017496,0.009997,0.218291,0.214032,-3.577854,-2.840604,0
3076863852,-0.742566,0.311204,0.147396,0.712322,-2.349575,-1.842805,0
3076897186,-0.102643,-0.133811,0.099131,0.963794,-1.362775,-1.084807,0
3076930520,0.688809,-0.002682,-0.092107,0.476535,0.315739,-0.025586,0
3076963854,0.118303,0.093815,0.095215,0.186739,2.106959,1.818413,0
3076997188,0.305129,-0.01054,0.038189,-0.860836,3.044358,3.307979,0
3077030522,0.210601,-0.150984,-0.299513,-0.813537,4.680106,5.172495,0
3077063856,-0.050734,-0.265553,0.098844,-1.776551,4.420732,5.310745,0
3077097190,0.020629,-0.210541,0.653181,-1.794171,3.346905,4.895406,0
3077130524,-0.220635,0.061122,0.515363,-0.461612,2.398756,1.810003,0
3077163858,-0.035689,-0.175983,-0.21575,-0.044406,-0.137793,0.336118,0
3077197192,0.011743,0.031733,-0.532745,0.253139,-1.487313,-1.512702,0
3077230526,-0.444243,-0.115651,-0.385608,0.533247,-1.949167,-3.021151,0
3077263860,-0.364411,-0.156821,-0.308522,0.720125,-2.523076,-3.566169,0
3077297194,-0.030485,0.363473,0.227021,0.218322,-3.896476,-4.042252,0
3077330528,-0.623269,0.244859,0.578156,1.060676,-2.96222,-2.941543,0
3077363862,-0.655065,0.157552,0.327623,0.82213,-2.226393,-1.979746,0
3077397196,-0.952031,0.356842,-0.682791,0.217398,-2.838845,-0.85117,0
3077430530,-0.892537,0.173503,-0.473422,0.033806,-1.490658,-0.596161,0
3077463864,-0.363323,-0.153383,0.274621,0.483433,-0.075485,0.582477,0
3077497198,0.128357,-0.234723,-0.115428,0.396777,1.095447,1.941233,0
3077530532,0.441535,-0.123559,-0.044846,0.059157,3.937827,4.010683,0
3077563866,0.080778,-0.636402,-0.278188,-0.265789,4.70776,3.453244,0
3077597200,0.071094,-0.288175,-0.212868,-0.46137,3.704852,3.416178,0
3077630534,0.033515,-0.106897,0.272298,-0.290263,2.333929,1.810686,0
3077663868,-0.278288,-0.403896,0.105191,-0.337173,0.862727,0.406757,0
3077697202,-0.178861,-0.046527,0.050644,-0.355065,-0.301399,-0.290931,0
3077730536,-0.124351,-0.049109,0.150083,-0.274465,-0.98378,-1.480366,0
3077763870,-0.199512,-0.27902,-0.12611,0.106094,-0.944007,-2.344919,0
3077797204,-0.337527,-0.320529,0.239431,0.307416,-2.232965,-2.115175,0
3077830538,-0.434356,-0.544556,0.429546,0.49704,-2.656794,-2.910587,0
3077863872,0.184463,-0.123299,-0.294041,0.208885,-3.061447,-2.643794,0
3077897206,0.262709,-0.068492,-0.48985,-0.297505,-3.042628,-2.093343,0
3077930540,0.361706,-0.169018,-0.441526,-0.30683,-2.039557,-1.417336,0
3077963874,0.498713,-0.2909,-0.876303,-0.14265,-1.782518,-1.640537,0
3077997208,0.449011,0.19156,-0.359529,0.45215,0.008471,0.31745,0
3078030542,1.021796,0.077293,0.092796,-0.153073,1.313902,0.603455,0
3078063876,1.593157,0.079224,0.008361,0.147957,2.632009,1.323318,0
3078097210,0.701378,0.058803,-0.017284,0.883038,3.600284,2.59233,0
3078130544,0.202676,0.204401,0.080965,1.107109,2.911902,2.440515,0
3078163878,-0.263426,-0.056741,0.101191,0.908944,1.901572,0.910931,0
3078197212,-0.799952,-0.092763,0.031404,0.377632,0.266045,0.152184,0
3078230546,-0.142794,-0.036372,0.135184,0.0985,-0.224598,-0.581215,0
3078263880,0.104127,0.251083,-0.138467,-0.510497,0.157281,-1.626797,0
3078297214,-0.047129,0.217654,-0.212287,-0.604357,-0.522539,-2.774178,0
3078330548,-0.224586,0.763263,0.20715,-0.350338,-1.723738,-2.601835,0
3078363882,0.298654,0.459296,-0.714008,-0.653012,-2.832044,-2.840494,0
3078397216,-1.08454,-0.075832,-1.53442,-0.701004,-3.461204,-2.516224,0
3078430550,-2.813173,-0.125025,0.239467,-0.918416,-2.635508,-1.690024,0
3078463884,-2.062828,0.808392,1.096583,-0.937598,-1.671776,-0.703501,0
3078497218,3.657116,0.18455,2.654117,-0.466299,-0.559123,0.447581,0
3078530552,4.659626,0.680262,0.39789,-0.176499,1.067068,1.270123,0
3078563886,0.048988,-0.039543,-0.615561,-0.007086,2.032122,1.616275,0
3078597220,-0.990749,-0.45177,0.081355,-0.06135,2.350729,2.087201,0
3078630554,0.653188,-0.123997,-0.029869,0.427038,2.347567,1.726771,0
3078663888,0.914691,0.160148,0.149743,0.55752,1.690837,0.894593,0
3078697222,-0.565852,-0.146586,0.386068,0.578205,0.765991,0.271157,0
3078730556,-0.838818,-0.410206,0.105199,0.567728,0.174033,0.104886,0
3078763890,0.002729,-0.013417,-0.126777,0.595053,-0.250774,0.077603,0
3078797224,0.652549,0.228458,0.039386,0.275031,-0.067638,-0.39841,0
3078830558,0.230372,0.193531,0.322798,0.037313,0.024472,-0.528475,0
3078863892,-0.19336,0.167034,0.314319,-0.166589,-0.164612,-0.621513,0
3078897226,0.019385,-0.156584,-0.101054,-0.195031,-0.019777,-0.613174,0
3078930560,0.400245,-0.283049,0.133207,-0.124297,0.272187,-0.251402,0
3078963894,0.074631,-0.505465,0.16959,-0.116434,0.155025,0.381947,0
3078997228,-0.093457,-0.557967,-0.02355,-0.034705,0.277273,0.82976,0
3079030562,-0.028387,-0.451157,-0.030877,0.020883,0.079412,1.060303,0
3082063956,0.331005,-0.007133,0.116764,0.205794,1.533267,2.834174,0
3082097290,0.252956,0.177569,0.242393,-1.266711,0.744417,0.499202,0
3082130624,0.401992,0.06328,0.133558,-0.839567,0.734749,0.749359,0
3082163958,0.144142,0.213671,0.144712,-0.144127,1.177222,0.395823,0
3082197292,0.026541,0.220689,0.223888,-0.239214,0.640435,-0.662221,0
3082230626,0.46858,0.301991,-0.179759,-0.062259,-0.352702,-1.418738,0
3082263960,0.385104,0.455676,-0.082049,-0.047318,-1.051246,-1.895096,0
3082297294,0.507283,0.841436,0.294101,0.403387,-2.044615,-1.698401,0
3082330628,1.373468,0.912441,-0.02284,0.338383,-3.15449,-1.511596,0
3082363962,2.948032,1.28125,-0.141621,0.092896,-3.54849,-1.770249,0
3082397296,2.116491,0.68927,0.04501,0.258292,-3.521102,-1.8735,0
3082430630,-0.978475,-0.751074,-0.506201,-0.088515,-2.665251,-2.309321,0
3082463964,-3.037107,-1.605307,-0.527463,-0.104427,-1.532588,-2.418714,0
3082497298,-3.015863,-1.35284,-0.005846,-0.031114,-1.059738,-2.107019,0
3082530632,-0.815597,-0.697079,0.82412,-0.1197,-0.909912,-0.834601,0
3082563966,0.748043,-0.296189,0.431161,0.153461,-0.654311,0.229221,0
3082597300,0.932691,-0.291695,0.13588,0.485903,-0.061403,0.543927,0
3082630634,0.666348,-0.420362,-0.187708,-0.096804,0.609257,0.771694,0
3082663968,-0.20846,-0.322002,-0.148027,0.094662,1.270395,0.987794,0
3082697302,-0.053922,0.095992,0.044127,0.769707,1.842046,1.210166,0
3082730636,0.803408,0.089221,0.09383,0.896677,2.77908,2.014559,0
3082763970,0.897276,-0.36541,-0.40304,1.16947,3.287092,1.896822,0
3082797304,-0.299688,-0.207208,-0.309979,0.866416,2.515235,1.187956,0
3082830638,-0.692404,-0.116923,0.02776,0.064224,2.19247,1.054291,0
3082863972,-0.60996,0.251025,-0.340046,-0.607411,0.034648,0.370214,0
3082897306,-0.197041,0.723209,-0.630877,-1.569089,0.01682,-0.71661,0
3082930640,-0.282132,0.496488,-0.284112,-1.120812,-0.350408,-1.427207,0
3082963974,-0.319806,-0.284212,-0.024367,-1.254145,-1.976407,-1.79057,0
3082997308,-0.141409,-0.07685,0.288957,-0.836745,-2.948147,-1.330113,0
3083030642,-0.288118,-0.345607,-0.354155,-0.540187,-3.299383,-1.332752,0
3083063976,0.114999,-0.360409,-0.241763,-0.522847,-3.45515,-2.087063,0
3083097310,0.272529,0.086159,0.048713,-0.52946,-2.570452,-2.20649,0
3083130644,0.551289,-0.758203,0.069633,0.113406,-1.49793,-1.417441,0
3083163978,0.272435,0.104741,-0.428043,-0.10013,-1.27012,-1.31988,0
3083197312,-0.478825,0.172188,0.539162,0.360832,0.211767,0.198078,0
3083230646,-0.384018,-0.925423,0.220273,1.22724,2.163944,1.582125,0
3083263980,0.081227,-0.131314,0.478972,1.126089,3.809039,2.555888,0
3083297314,0.230492,-0.886406,0.793936,1.431639,4.735532,3.853205,0
3083330648,0.87267,-0.653993,0.151606,0.766186,3.327132,3.400147,0
3083363982,0.588579,-0.435487,0.191292,0.111939,2.406975,2.333613,0
3083397316,0.403372,0.049822,0.030466,-0.297442,0.793251,1.309361,0
3083430650,-0.569821,0.330377,0.279045,-0.145519,-0.232193,-0.643779,0
3083463984,-0.863519,0.415946,0.054886,-0.173849,-1.17361,-1.981052,0
3083497318,-0.643838,0.936731,-0.050163,-0.064083,-2.626917,-1.859194,0
3083530652,-1.298264,0.545279,0.274833,-0.664124,-3.221727,-2.382278,0
3083563986,-0.582045,0.030647,0.01429,-0.778808,-3.254819,-2.143183,0
3083597320,0.574469,-0.038971,0.259814,-0.778543,-2.821864,-1.636229,0
3083630654,-0.255621,-0.167185,0.193182,-0.28546,-2.301373,-1.61439,0
3083663988,0.119547,-0.199264,-0.452796,0.311862,-1.478622,-0.600572,0
3083697322,-0.273308,0.714974,0.024135,0.829852,-0.810853,0.054838,0
3083730656,-0.440827,0.086561,0.039549,0.263806,0.273575,-0.010821,0
3083763990,0.316889,0.017994,-0.070705,0.809484,3.17578,1.087971,0
3083797324,0.040835,-0.235651,0.453758,0.247621,3.681975,1.861052,0
3083830658,0.776315,-0.491129,-0.108829,0.804041,5.386486,1.753855,0
3083863992,-0.030866,0.210585,-0.351065,0.875462,4.44911,1.287521,0
3083897326,-1.343087,0.494565,0.065699,0.784283,3.963953,0.495353,0
3083930660,-0.557779,0.085218,-0.353973,0.564139,1.862877,-0.012742,0
3083963994,0.436705,0.052648,-0.874451,-0.727447,-0.38258,1.577678,0
3083997328,0.396264,0.266461,-0.203147,-1.416863,-1.422738,1.337846,0
3084030662,-0.107152,0.044531,-0.002788,-1.66218,-1.908713,-0.272151,0
3084063996,0.220485,-0.053731,-0.793336,-1.216006,-2.112859,-1.542166,0
3084097330,0.214892,-0.135259,0.038269,-0.894191,-2.442229,-2.398465,0
3084130664,-0.223866,0.220474,0.058163,-0.39948,-3.990495,-2.307343,0
3084163998,-1.368813,0.731611,-0.45004,0.179687,-5.316838,-2.817359,0
3084197332,-1.639739,1.239332,-0.886537,0.134459,-5.604393,-3.113362,0
3084230666,-0.792279,0.921713,-0.512695,0.722728,-3.768494,-2.453326,0
3084264000,0.755564,0.224779,0.450075,0.489011,-3.036434,-1.802244,0
3084297334,0.58979,-0.530103,0.670004,0.557112,0.096975,1.024128,0
3084330668,-0.362708,-0.625357,0.009706,0.195557,2.356058,2.19855,0
3084364002,0.435259,-0.685612,0.637729,-0.404591,3.844807,3.14495,0
3084397336,0.66017,-1.2803,1.695842,-0.42864,5.626739,3.816612,0
3084430670,1.196045,-1.288105,1.620951,-1.127031,5.691076,4.325686,0
3084464004,0.145983,-0.703221,0.820804,-0.97886,4.977883,3.709605,0
3084497338,-0.414033,-0.14207,0.041956,-0.196129,4.004557,1.68765,0
3084530672,0.890395,-0.079911,-0.313515,-0.417691,0.42686,1.493554,0
3084564006,0.712903,0.149842,0.678884,0.036858,-0.893625,1.139493,0
3084597340,0.245566,0.348941,0.01995,0.157525,-1.956825,0.213454,0
3084630674,-0.058613,0.073713,-0.519751,-0.047157,-3.60204,-0.826255,0
3084664008,0.766535,-0.004753,0.291915,-0.08795,-3.291312,0.436714,0
3084697342,0.382031,-0.431007,0.494171,0.160496,-4.253072,-0.466262,0
3084730676,-0.790619,-0.04412,0.048625,0.047401,-4.436201,-0.980972,0
3084764010,-0.187817,0.215977,0.185818,0.300829,-4.394529,-1.381444,0
3084797344,0.352541,0.142393,0.751191,0.595817,-3.807663,-1.739815,0
3084830678,-0.015482,0.446664,0.259455,0.694617,-3.378197,-1.594399,0
3084864012,0.339538,0.53729,-0.86126,0.755859,-1.800118,-0.56704,0
3084897346,1.393738,-0.247388,-0.752761,0.432033,-0.421966,-0.259534,0
3084930680,1.625541,-0.834268,0.249692,0.242798,2.73281,2.120524,0
3084964014,0.570663,-0.307972,0.773566,-0.375095,4.809526,2.980736,0
3084997348,-0.197648,0.040491,0.473129,-0.747556,5.355232,4.143736,0
3085030682,-1.353672,0.111673,0.478085,-0.859658,6.568417,4.788007,0
3085064016,-2.500394,-0.007629,1.226836,-1.043974,5.964786,5.013165,0
3085097350,-1.271953,-0.228453,1.221125,-0.740084,4.960244,3.551044,0
3085130684,-0.645781,0.196468,0.112414,-0.23463,3.178289,2.187722,0
3085164018,-0.951194,0.726101,-0.160443,0.017391,0.733168,0.874235,0
3085197352,-0.108849,0.73916,-0.19482,0.082175,-1.335295,-0.184058,0
3085230686,-0.156991,0.679508,-0.331863,0.337418,-2.776898,-1.46554,0
3085264020,0.178101,0.211145,0.13449,0.041556,-4.332502,-1.834356,0
3085297354,0.535266,0.317776,0.351568,-0.178288,-5.677228,-1.718755,0
3085330688,-0.848003,0.35714,0.85876,-0.340015,-5.993685,-0.139766,0
3085364022,0.205529,0.024549,0.992549,-0.038729,-4.720305,-0.379749,0
3085397356,0.848301,-0.001549,0.130977,0.251485,-3.159714,-0.774139,0
3085430690,0.485275,-0.235759,0.406406,0.491372,-0.601847,-0.23836,0
3085464024,0.040579,-0.419547,0.579491,0.669804,2.031097,-0.23502,0
3085497358,-0.291259,-0.071994,0.502827,0.153553,3.611135,-0.092568,0
3085530692,-0.872031,-0.227135,0.781793,-0.514671,4.771567,1.796831,0
3085564026,-1.274678,-0.233133,1.620641,-0.944013,4.905039,2.867645,0
3085597360,-0.34988,0.319327,0.290913,-0.873774,3.440854,2.305417,0
3085630694,-0.500721,0.505575,-0.414988,0.344699,3.097584,1.465387,0
3085664028,-1.083271,0.44969,0.110899,0.367626,-0.011565,1.280069,0
3085697362,-1.217081,0.788824,-0.578974,0.456408,-1.226537,-0.307465,0
3085730696,-0.769639,1.108809,-0.753455,0.364814,-2.177693,-1.771897,0
3085764030,0.538468,0.942093,-0.546044,0.218107,-4.20752,-0.42885,0
3085797364,1.784745,1.178409,-0.635153,-0.106071,-4.274725,-0.739376,0
3085830698,1.542988,1.050362,0.382012,-0.584775,-4.124599,-0.426888,0
3085864032,0.14437,-0.229262,0.813683,-0.435998,-2.412631,0.080515,0
3085897366,0.425584,-0.342123,-0.037302,-0.392719,-2.264796,0.082256,0
3085930700,0.571192,-0.707815,0.333321,0.457779,0.00449,0.397485,0
3085964034,0.962055,-0.761693,-0.09108,0.105947,-0.00592,0.64043,0
3085997368,0.723739,-0.570827,0.055155,0.11117,0.528154,1.047876,0
3086030702,0.468248,-0.204908,0.166014,0.538617,2.049632,1.548888,0
3086064036,-0.2871,-0.389158,0.198069,0.149135,2.180622,0.760176,0
3086097370,-0.454265,0.036632,0.00957,-0.127146,3.464269,1.230721,0
3086130704,-0.410524,-0.17091,0.255365,-0.223563,5.259129,2.101068,0
3086164038,0.327002,-0.6157,0.436093,-0.857325,4.115958,1.836651,0
3086197372,0.068635,-0.60009,0.01453,-0.611659,2.434726,2.336848,0
3086230706,0.267755,-0.304914,-0.34794,0.026799,1.04514,2.076233,0
3086264040,0.850582,-0.0698,-0.684476,0.575493,-0.790988,1.265547,0
3086297374,0.434084,-0.095674,0.415265,0.389126,-3.703691,-1.064797,0
3086330708,-0.059239,-0.672093,0.790528,0.171859,-3.452824,-2.285952,0
3086364042,-0.194054,-0.497788,-0.226602,-0.329992,-4.239702,-2.766634,0
3086397376,0.121834,-0.130568,-0.680636,-0.965944,-4.769273,-3.210754,0
3086430710,0.298604,0.103025,-0.628576,-0.60736,-4.281015,-2.818233,0
3086464044,0.341138,0.137558,-1.597888,-0.329422,-5.372382,-2.604994,0
3086497378,0.0136,0.11144,-1.442587,1.455333,-1.887743,-0.662351,0
3086530712,-0.078999,-0.198062,-0.468556,1.186049,0.668793,0.260833,0
3086564046,0.140969,-0.203505,-0.095928,0.61615,1.412736,0.015191,0
3086597380,-0.079192,0.064398,-0.277063,0.161952,4.884488,2.120074,0
3086630714,-0.289557,0.179508,-0.18183,-0.610811,5.443565,1.807616,0
3086664048,-0.373281,-0.639179,0.756737,-0.721425,6.483803,3.689605,0
3086697382,-0.765799,-0.564941,-1.009208,-0.932935,6.534735,5.205823,0
3086730716,0.179241,-0.180095,0.064659,-0.837721,3.515393,4.838939,0
3086764050,0.216443,-0.065265,0.011353,-0.687191,-0.467129,3.189188,0
3086797384,-0.328097,0.197542,0.1346,-0.264545,-1.82536,-0.116955,0
3086830718,-0.242068,0.822846,0.156081,-0.208833,-3.064753,-2.240862,0
3086864052,0.202337,0.796893,-0.486989,-0.278677,-2.984583,-4.129244,0
3086897386,0.305237,0.208499,-0.95242,-0.093348,-2.732639,-5.475169,0
3086930720,0.151017,0.069185,-0.129302,0.700462,-3.499175,-4.653575,0
3086964054,0.351908,0.131864,0.639419,0.993413,-3.816783,-3.886942,0
3086997388,1.174076,0.38683,0.660093,1.313003,-3.264712,-2.787793,0
3087030722,1.333943,-0.008615,0.234032,0.249926,-3.288846,-2.021311,0
3087064056,0.152202,-0.185897,0.311729,0.334496,-1.13211,-0.60285,0
3087097390,-0.695836,-0.444632,0.018228,-0.330774,0.352216,-0.320475,0
3087130724,-0.870443,-0.69245,-0.346493,0.147218,2.650679,2.545205,0
3087164058,0.069262,-0.170886,0.049567,0.053901,3.700881,3.531213,0
3087197392,0.560601,0.218133,0.032406,0.234204,3.729172,3.460018,0
3087230726,0.405525,0.345536,0.104792,0.189271,2.859795,2.594586,0
3087264060,0.224424,0.320876,0.286875,0.097429,1.299402,0.812112,0
3087297394,-0.033111,0.471859,0.117663,0.249239,-0.186089,-0.07892,0
3087330728,0.026171,0.060516,0.112671,0.826742,-0.10335,-0.746595,0
3087364062,0.122944,0.213023,0.137677,0.664554,-1.290387,-2.20157,0
3087397396,0.157626,0.28587,0.203015,0.824607,-1.901587,-3.005324,0
3087430730,0.10881,0.181978,0.094006,0.604216,-2.427851,-3.301821,0
3087464064,-0.101295,0.041195,0.116095,0.428641,-2.665004,-3.00971,0
3087497398,0.100184,-0.215762,-0.02306,-0.24775,-2.53468,-2.554929,0
3087530732,0.386281,-0.646097,-0.200503,0.186371,-2.567238,-1.389169,0
3087564066,0.104805,-0.567582,-0.074393,-0.341811,-1.881288,-0.959775,0
3087597400,0.318004,-0.569106,0.162804,0.060329,-0.722055,-0.079211,0
3087630734,0.357838,-0.425877,-0.074362,0.018965,2.030068,1.836975,0
3090930800,0.058696,0.023189,0.110329,-1.305175,2.968729,4.725441,0
3090964134,0.113749,-0.099575,0.090316,-1.988659,1.778455,5.094784,0
3090997468,0.148252,0.06022,0.166252,-1.229622,0.289926,4.616101,0
3091030802,0.074456,0.127731,0.214093,-0.762571,-0.126588,4.163844,0
3091064136,0.130398,0.524521,0.3732,-0.876937,-1.502968,3.311126,0
3091097470,-0.025079,0.338481,0.183893,-0.629659,-1.518356,1.581313,0
3091130804,0.265254,0.227853,0.270415,-0.205375,-1.104014,-0.36225,0
3091164138,0.295861,0.203101,0.27218,0.236496,-1.493806,-1.304565,0
3091197472,0.388674,0.385658,0.248416,0.854216,-2.006763,-3.621257,0
3091230806,0.778993,1.049743,0.336623,0.387769,-1.351676,-6.097944,0
3091264140,1.648864,2.536361,0.18378,0.897706,-1.630357,-6.521019,0
3091297474,0.904343,2.717748,-0.51371,0.813532,-1.849265,-7.202232,0
3091330808,0.404622,0.501086,-1.43333,0.746262,-2.700227,-6.744076,0
3091364142,-0.716357,-1.25994,-1.738506,0.284272,-3.785975,-6.411067,0
3091397476,-1.073092,0.18854,-0.609017,0.414105,-3.899493,-5.760402,0
3091430810,-1.057837,0.504874,-0.097927,0.102848,-1.894785,-4.039206,0
3091464144,-1.66504,-0.248479,-0.407436,-0.225243,0.107877,-2.740441,0
3091497478,-0.481662,-0.715756,-0.726979,0.232626,1.735738,-0.050297,0
3091530812,0.314519,-0.942616,-0.168839,0.331847,1.788296,0.842412,0
3091564146,0.912019,-0.973914,0.841689,0.908401,3.571126,2.308504,0
3091597480,1.746166,-1.01241,0.379128,1.045831,3.807245,3.488372,0
3091630814,1.172597,-0.554652,-0.157962,0.684324,2.296455,3.62041,0
3091664148,-0.1249,-0.736652,0.078808,0.238926,2.972638,3.017046,0
3091697482,-0.136965,-0.80773,0.444115,0.14547,2.004122,1.716704,0
3091730816,-0.679115,-0.244651,0.284392,0.272082,-0.38108,-0.223262,0
3091764150,-1.508294,-0.307621,-0.187202,-0.216263,-1.765702,-1.589565,0
3091797484,-1.995825,-0.883098,-0.566438,-0.016244,-1.82197,-1.461616,0
3091830818,-1.433367,-0.638476,0.132268,-0.438284,-4.213357,-2.203577,0
3091864152,0.797399,-0.301704,0.805816,-0.14742,-4.534137,-3.309616,0
3091897486,2.397307,0.037689,0.160767,-0.251767,-4.496233,-3.955489,0
3091930820,2.2863,0.022558,-0.263118,-0.089572,-3.014728,-2.889673,0
3091964154,1.686664,-0.098789,-0.508187,0.567817,-0.319838,-0.376893,0
3091997488,0.573721,-0.106606,-0.080193,0.212566,1.655234,1.677694,0
3092030822,-0.031285,-0.472839,0.202099,-0.417232,4.593994,5.237134,0
3092064156,0.218079,-0.354146,0.22461,-0.352203,5.25528,4.558208,0
3092097490,0.155459,0.073539,0.227364,-0.016187,4.261452,3.251018,0
3092130824,-0.504956,-0.149261,0.127065,0.424495,2.362778,1.556474,0
3092164158,0.029567,0.099331,-0.674743,0.621831,0.64118,-0.540469,0
3092197492,-0.873028,0.297293,0.346203,0.377348,-0.59793,-2.137594,0
3092230826,-0.635672,0.109029,-0.109958,-0.065334,-2.179045,-2.592391,0
3092264160,-0.591617,0.798152,-0.129061,0.05924,-3.602273,-2.029329,0
3092297494,-0.097196,-0.182306,0.454993,-0.808618,-5.46846,-2.476928,0
3092330828,-0.477082,0.01005,-0.017079,0.091713,-4.391028,-1.237105,0
3092364162,-0.865086,-0.044119,0.17833,0.526821,-3.011546,-0.902359,0
3092397496,-0.108579,-0.482806,-0.143522,0.150794,-0.738379,0.831548,0
3092430830,0.751689,-0.067845,-0.011115,0.188512,1.695262,0.650585,0
3092464164,-0.66154,0.208557,0.465761,-0.106897,3.292821,1.866666,0
3092497498,-0.791261,-0.132232,-0.307621,-0.23124,4.358846,3.026124,0
3092530832,0.526967,0.191021,-0.390355,-0.98079,3.552694,3.840297,0
3092564166,1.3987,-0.229874,0.178725,-0.670221,2.736364,3.125662,0
3092597500,0.507069,-0.017495,-0.281827,0.053618,1.61643,2.459584,0
3092630834,-0.372784,0.42772,-0.001361,0.457459,0.434388,0.695007,0
3092664168,-0.691072,-0.087313,0.180857,0.478085,-0.304695,-1.381386,0
3092697502,-0.983968,0.351843,-0.401308,0.543442,-1.414408,-2.690505,0
3092730836,0.022074,0.002135,0.352998,0.020605,-3.19277,-2.086828,0
3092764170,-0.459029,-0.018442,0.383598,0.117266,-3.482973,-1.805918,0
3092797504,-0.123347,0.179647,-0.096402,-0.317454,-4.933743,-2.500316,0
3092830838,-0.373261,0.558401,0.039437,-0.437904,-4.942791,-1.244764,0
3092864172,0.529832,0.038714,0.629193,-0.496308,-3.422796,-1.731898,0
3092897506,0.034786,0.193185,0.322946,0.28832,-4.221992,-1.234672,0
3092930840,0.073587,0.161671,0.390514,0.625869,-1.2512,0.425581,0
3092964174,-0.248575,0.054417,0.295563,0.633033,-0.127344,0.578588,0
3092997508,0.244669,-0.487593,0.428257,-0.312795,2.795598,3.602457,0
3093030842,0.821898,-0.475621,0.096407,-0.584898,5.25682,4.19576,0
3093064176,0.619189,-0.077265,-0.599317,-0.965139,6.117083,4.926136,0
3093097510,0.468656,-0.249122,0.303102,-0.551346,6.054144,4.722664,0
3093130844,0.436605,0.319284,-0.292016,0.042916,4.073404,2.580203,0
3093164178,-0.248178,1.131774,-0.867945,0.453891,2.157037,1.085882,0
3093197512,-0.478206,0.794779,-0.27324,0.817349,0.668762,-0.478351,0
3093230846,-0.744114,0.69456,0.91143,-0.016469,-0.876059,-2.518824,0
3093264180,-0.754727,0.78212,0.687988,-0.088188,-1.764484,-2.912812,0
3093297514,-1.398058,0.990508,0.493827,-0.440992,-4.921443,-2.521431,0
3093330848,-1.076771,0.354717,0.973143,-0.394268,-5.5345,-1.272277,0
3093364182,-0.949507,-0.525806,1.720354,-1.097617,-6.36736,-1.381778,0
3093397516,0.55533,-0.868982,1.164572,-0.295119,-4.519425,-0.478893,0
3093430850,1.376112,-0.768144,0.373612,0.24363,-2.232434,0.437424,0
3093464184,1.347491,-0.23553,-0.216484,0.629635,0.886552,2.447233,0
3093497518,0.719166,-0.42717,-0.075048,0.250429,4.320561,3.918001,0
3093530852,0.630348,-0.211763,0.071251,-0.52216,6.319963,4.057917,0
3093564186,-0.096376,-0.297336,0.236718,-0.844718,6.999463,3.711103,0
3093597520,-0.038011,-0.511457,0.386572,-0.620702,6.324473,3.22584,0
3093630854,-0.205757,-0.164351,0.265023,-0.275941,4.006814,2.148824,0
3093664188,-0.080462,-0.212169,0.237918,-0.0469,1.289657,1.144842,0
3093697522,0.343217,-0.349354,1.048671,-0.028992,-1.642123,0.954967,0
3093730856,-0.272038,0.072525,0.511515,0.126077,-3.404928,-0.504273,0
3093764190,-0.863347,-0.467632,1.077214,-0.068353,-4.625187,-0.902632,0
3093797524,-0.257564,0.153597,0.3515,-0.580789,-5.53489,-1.845204,0
3093830858,-0.453781,1.18392,-0.324182,0.043663,-4.991446,-1.501449,0
3093864192,0.063922,1.014233,-0.630856,0.49181,-5.63925,-2.162149,0
3093897526,1.384599,0.604701,-1.185887,0.666261,-2.80755,-0.587248,0
3093930860,1.223227,0.188479,0.973147,0.059624,-0.972572,-0.112651,0
3093964194,-0.303963,0.632668,0.481158,-0.0865,0.22538,0.524203,0
3093997528,0.314233,0.573361,-0.604417,0.13631,2.528574,2.176047,0
3094030862,-0.489593,0.166256,0.699914,0.422613,3.427781,2.233505,0
3094064196,0.067861,0.417666,0.225487,0.577066,6.727966,2.902869,0
3094097530,-0.117206,0.320965,0.245957,-0.969682,5.482736,3.187936,0
3094130864,-0.425297,0.176238,0.508942,-0.942065,4.413252,4.678603,0
3094164198,-0.460291,0.321559,-0.065258,-0.832318,2.025519,3.191738,0
3094197532,-0.896724,0.212157,-0.124938,-0.757057,-0.570261,0.63664,0
3094230866,1.147088,0.656537,-1.773794,-0.416258,-1.796408,-1.992926,0
3094264200,1.829438,1.141044,0.023953,-0.119821,-3.681387,-1.467124,0
3094297534,-0.856223,0.652744,0.754463,-0.272373,-5.035109,-2.5192,0
3094330868,-1.752336,-0.075421,-0.147056,-0.285841,-3.697297,-3.358279,0
3094364202,-0.069147,-0.490229,-0.293223,-0.0406,-4.330236,-2.740242,0
3094397536,0.334195,-0.769841,0.856472,0.337676,-3.233582,-1.764756,0
3094430870,0.401433,-0.78604,-0.260914,0.636657,-2.015032,0.836208,0
3094464204,0.151536,-0.479316,0.171031,0.450036,-0.924669,0.39373,0
3094497538,0.479244,-0.477461,0.228158,1.487471,2.501413,2.107233,0
3094530872,0.670081,-0.205573,0.281117,1.011578,3.614384,2.498094,0
3094564206,0.073571,-0.271516,-0.176088,0.092345,5.320894,3.318195,0
3094597540,0.323205,-0.269169,0.303476,-0.719534,4.201517,2.577705,0
3094630874,0.218034,-0.332321,-0.10297,-0.756396,2.758188,1.773274,0
3094664208,-0.11857,0.028871,-0.389278,-0.747486,1.254815,1.157213,0
3094697542,-0.137305,-0.042997,0.031995,-0.701571,-0.423317,0.026367,0
3094730876,0.075638,-0.097691,0.284554,-0.493786,-1.36273,-1.131647,0
3094764210,-0.03101,0.235214,0.481114,0.10061,-1.989697,-1.048166,0
3094797544,-0.940853,0.244117,0.059814,-0.107682,-3.490827,-1.742286,0
3094830878,-0.172118,-0.079516,-0.528708,0.234893,-3.435315,-1.813593,0
3094864212,0.017218,0.280469,-0.557757,0.234959,-3.565807,-2.279386,0
3094897546,0.022076,0.336752,0.271389,-0.462774,-2.799816,-2.619047,0
3094930880,-0.071717,0.064959,0.189766,0.670126,-1.823715,-1.829577,0
3094964214,0.218876,0.284337,-0.377627,-0.170024,-2.019445,-1.290091,0
3094997548,0.240915,0.0611,-0.345879,0.524158,0.816924,-0.287152,0
3095030882,0.046475,0.048626,-0.144549,-0.126836,1.542176,0.412651,0
3095064216,0.196848,-0.14181,-0.012156,-0.466587,4.673632,2.771279,0
3095097550,-0.039831,-0.121417,0.67303,-0.444622,4.923819,4.002465,0
3095130884,-0.026251,-0.504499,0.233304,0.184359,4.154699,3.658231,0
3095164218,-0.429737,-0.158616,-0.434294,0.032988,2.923331,2.756633,0
3095197552,-0.101381,0.015384,0.363975,0.033994,1.453192,1.301219,0
3095230886,-0.017019,-0.200319,0.101254,-0.016361,0.245364,-0.108543,0
3095264220,-0.276709,0.320787,-0.119907,-0.281692,-0.583357,-1.091483,0
3095297554,-0.328638,-0.028912,0.223763,-0.425898,-1.731094,-1.479129,0
3095330888,-0.234974,-0.320634,0.110453,-0.16368,-2.457719,-1.702693,0
3095364222,-0.065577,-0.051629,0.315558,-0.055252,-2.284339,-2.305186,0
3095397556,-0.149985,-0.462301,0.192173,-0.203041,-2.658167,-2.772944,0
3095430890,-0.309108,-0.431516,0.013015,0.032578,-3.214834,-1.980659,0
3095464224,-0.120214,-0.474837,0.05228,0.572945,-2.79652,-0.721859,0
3095497558,0.032332,-0.682352,0.032563,0.143133,-3.198506,-0.606653,0
3095530892,-0.382613,-0.724083,-0.240426,0.39094,-2.430136,0.216801,0
3095564226,-0.478802,-0.626335,-0.04384,0.927912,-0.794058,0.54855,0
3095597560,0.028599,-0.948158,0.020348,0.71181,0.217145,-0.544069,0
3095630894,-0.127259,-0.880502,-0.239714,1.155466,2.295115,1.467249,0
3095664228,-0.848239,-0.464183,-0.037086,-0.209037,1.447119,1.994438,0
3095697562,-0.508291,-0.850492,0.134453,-0.470738,4.512716,2.145166,0
3095730896,1.297986,-0.821687,-0.41175,-0.115666,3.929107,2.630767,0
3095764230,0.627067,-0.529925,-1.286331,-0.008874,3.005464,1.974218,0
3095797564,0.486321,-0.478058,-0.82091,0.090704,1.702851,0.874211,0
3095830898,1.23482,-0.293778,-0.438789,0.14309,1.373896,-0.248998,0
3095864232,0.625479,0.284707,-0.670313,-0.009837,-0.337695,-1.0872,0
3095897566,0.629397,-0.282329,-0.349097,0.279756,-1.455648,-2.403891,0
3095930900,-0.017629,1.360674,0.056088,-0.226417,-1.56861,-1.833579,0
3095964234,1.172642,5.396475,1.712509,-0.179144,-1.956609,-2.112277,0
3095997568,1.282561,3.356202,1.419213,-0.366868,-2.308113,-2.730839,0
3096030902,0.118725,-0.975483,-0.656484,-0.07966,-2.419784,-2.584959,0
3096064236,-0.722836,-1.024465,-0.200992,-0.333361,-3.026381,-2.017334,0
3096097570,-0.312211,0.646201,0.344855,0.031258,-2.187487,-1.625189,0
3096130904,1.076851,0.875876,0.105917,-0.015387,-1.07362,-0.802985,0
3096164238,0.877125,0.105618,0.095064,0.538926,-0.069019,0.765205,0
3096197572,-0.295968,-0.596691,0.228455,0.674442,1.418893,0.745657,0
3096230906,-0.078052,-0.855365,0.22698,0.30059,2.126603,1.228018,0
3096264240,0.606954,-0.753711,-0.127476,0.446293,1.971249,1.725082,0
3096297574,-0.030235,-0.115172,0.192146,0.622232,1.35542,1.117986,0
3096330908,0.029433,0.221955,0.281547,0.469219,0.97764,0.457749,0
3096364242,0.139267,0.122497,0.137634,0.240087,0.196016,0.355727,0
3096397576,0.022988,-0.105944,0.050239,0.345464,0.109784,-0.045677,0
3096430910,-0.048954,-0.072105,0.154056,0.160968,0.587526,0.05058,0
3096464244,0.106279,-0.036875,0.094906,0.529375,1.17209,0.964689,0
3096497578,0.093951,-0.080483,0.135525,0.448146,0.673346,1.345393,0
3096530912,0.055267,-0.208306,0.169373,0.06077,0.452298,1.17085,0
3096564246,0.058459,0.031419,0.079293,0.004883,0.47455,0.707442,0
3096597580,0.062546,0.034552,0.078767,-0.238228,-0.166144,-0.122497,0
3096630914,0.035748,0.117387,0.10055,-0.499788,-0.802574,-0.825716,0
3096664248,-0.062241,0.190707,0.115225,-0.895115,-1.02242,-1.172954,0
3096697582,-0.249792,0.205627,0.160911,-1.227697,-1.302249,-1.449241,0
3096730916,-0.072089,0.133133,0.056638,-1.212045,-1.113524,-1.290099,0
3096764250,-0.0446,0.057956,0.144216,-1.087962,-0.466879,-0.927198,0
3096797584,-0.052263,0.097385,0.216888,-0.629878,-0.19704,-0.438537,0
3096830918,0.241729,0.016357,0.157572,-0.389205,-0.102313,-0.242911,0
3096864252,0.168343,-0.104377,0.056962,-0.296347,0.043053,-0.038743,0
3096897586,-0.000318,-0.166587,0.062119,-0.278998,-0.129938,0.141254,0
3096930920,-0.126946,-0.146052,0.142765,-0.213507,-0.105574,0.292215,0
3096964254,-0.090302,-0.107854,0.06282,0.291976,0.039694,0.659392,0
3101764350,0.347344,0.458053,0.38567,-0.2228,0.339767,0.463362,0
3101797684,1.058971,0.563922,0.368116,-0.068166,0.62458,0.049116,0
3101831018,0.915889,1.229285,0.307616,-0.259168,0.032186,-0.680419,0
3101864352,0.359263,0.623097,-0.103343,0.065639,-0.845198,-0.441567,0
3101897686,-0.529245,0.02657,-0.121352,0.028591,-1.742556,-0.459355,0
3101931020,-0.210595,0.007647,-0.01967,-0.170029,-2.141566,-1.404682,0
3101964354,0.566644,0.386813,-0.960797,-0.252752,-1.886978,-1.817285,0
3101997688,0.495988,0.385625,-0.348868,-0.010632,-1.8579,-1.578097,0
3102031022,0.763549,-0.394283,-0.441186,0.057625,-1.362653,-1.600833,0
3102064356,0.313762,0.651019,-0.608528,-0.329132,-0.787547,-1.974193,0
3102097690,-0.117355,0.220459,-0.186221,0.27434,0.818683,-1.084504,0
3102131024,0.014244,-0.587071,0.281885,-0.411449,1.480756,-0.245759,0
3102164358,-0.030765,0.504139,-0.087914,0.02236,2.789597,1.379076,0
3102197692,-0.216051,-0.907667,-0.600626,-0.028974,3.757944,1.88747,0
3102231026,-0.608935,-0.409926,0.024539,-0.266286,3.064962,2.058604,0
3102264360,-0.151827,-0.080051,0.402242,0.044064,1.393749,1.664018,0
3102297694,0.371705,-0.427324,-0.723388,0.269157,1.389257,1.04765,0
3102331028,-0.148235,-0.015891,-0.389951,0.226198,0.537285,-0.011173,0
3102364362,-0.151978,-0.388583,-0.254302,0.047118,-0.167285,-1.673773,0
3102397696,-0.33968,-0.649001,-0.184075,-0.373078,-0.699964,-2.429812,0
3102431030,-0.876984,-0.950711,-0.304207,0.021202,-2.112771,-1.691031,0
3102464364,-0.321224,-0.335007,-1.393452,0.248599,-3.422219,-1.302999,0
3102497698,-0.271242,-0.084894,-0.48894,-0.127682,-2.830092,-1.654669,0
3102531032,0.778225,-0.045217,1.019535,-0.223781,-3.315086,-2.024906,0
3102564366,0.938972,-0.242973,0.609889,0.153962,-2.399734,-1.131846,0
3102597700,1.214531,0.33832,0.592926,0.528131,-0.725204,-0.301383,0
3102631034,-0.636701,0.513614,0.318643,0.299857,-0.691966,0.989345,0
3102664368,-1.535495,0.806374,0.105631,0.354989,1.09418,1.506543,0
3102697702,-0.652038,0.071998,0.012352,0.673103,2.160544,1.581164,0
3102731036,-0.045305,0.069206,0.903597,-0.016286,3.130989,2.268097,0
3102764370,0.600465,-0.942425,0.114567,0.228943,3.726533,2.667231,0
3102797704,0.895151,-0.05755,-0.190558,-0.032384,2.618706,2.742284,0
3102831038,-0.22918,-0.027025,0.074698,0.13497,2.222028,2.041332,0
3102864372,0.703728,-0.291682,-0.301615,0.17689,2.228565,1.178268,0
3102897706,1.311452,-0.510152,0.401405,0.124117,0.912866,-0.181674,0
3102931040,-1.571937,-0.284267,0.330198,-0.141889,-1.078856,-1.097922,0
3102964374,-1.379127,0.054662,-0.138616,-0.14536,-2.025035,-0.57773,0
3102997708,-0.999065,-0.106758,0.100895,-0.35415,-2.955637,-1.810706,0
3103031042,-0.719157,0.041268,0.118217,0.072339,-3.096371,-2.392928,0
3103064376,-0.180418,0.285617,0.040278,-0.097528,-3.612484,-3.201671,0
3103097710,0.313267,0.257523,0.243057,0.036458,-3.133883,-3.136399,0
3103131044,0.052347,-0.10189,0.113373,-0.509549,-1.122343,-1.868307,0
3103164378,-0.76771,-0.999297,0.404113,-0.359444,-0.148822,-0.036389,0
3103197712,0.548271,-1.093916,0.084606,-0.113081,0.811503,0.847191,0
3103231046,-0.035449,-0.31475,0.061125,-0.603733,2.437181,2.436717,0
3103264380,0.142702,-0.040933,0.087608,0.528012,2.823593,3.439018,0
3103297714,0.704839,0.10366,-0.060239,0.84642,2.702837,3.097906,0
3103331048,1.376323,-0.197508,-0.646653,1.385175,2.178056,2.136513,0
3103364382,0.159869,0.496538,-0.577114,1.77406,1.885256,0.79848,0
3103397716,-2.335414,1.852786,-0.433096,1.32079,0.622107,-1.24093,0
3103431050,-1.274684,1.050787,-0.11247,0.443649,-1.479062,-2.940845,0
3103464384,-0.260615,1.107108,0.065911,0.676566,-3.906893,-2.273056,0
3103497718,-0.425186,0.974735,0.018653,0.097192,-4.462405,-2.14501,0
3103531052,-0.594146,0.42427,0.318502,-1.393727,-4.018266,-2.349072,0
3103564386,0.140878,-0.462257,0.701108,-1.115792,-2.44991,-1.178542,0
3103597720,-0.888369,-0.217148,1.187939,-1.092979,-2.875851,-1.248526,0
3103631054,0.795697,0.192855,-0.657154,-0.111334,-4.545521,-0.872533,0
3103664388,1.939932,-0.715985,-0.230494,-0.665254,-0.875919,0.292048,0
3103697722,1.023281,-0.418077,0.819191,0.729622,1.707299,-0.578325,0
3103731056,-0.035917,0.272169,0.381576,0.355115,2.143018,3.271679,0
3103764390,-0.513891,0.360292,0.055308,0.180395,5.591307,6.088719,0
3103797724,0.508328,-0.070593,1.031034,-0.166066,5.255692,5.532057,0
3103831058,-0.450611,0.128848,0.770221,0.03299,4.334681,5.523753,0
3103864392,0.020554,0.263979,0.284831,0.472294,2.92896,4.34867,0
3103897726,0.597104,0.508401,-0.105852,0.374188,2.316974,2.506012,0
3103931060,1.044526,0.128,-0.050862,0.158384,1.405415,0.942746,0
3103964394,0.39924,0.152377,-0.109965,-0.330491,1.521171,-0.483298,0
3103997728,0.519354,-0.301975,0.061544,-0.489517,-0.163826,-1.217171,0
3104031062,-0.359438,0.071748,0.056644,-0.375857,-1.112894,-1.659594,0
3104064396,-1.616414,0.528467,0.278845,-0.134828,-2.029265,-2.551775,0
3104097730,-0.813185,0.157981,0.332977,-0.284341,-4.000022,-3.016115,0
3104131064,-0.480823,0.308888,-0.027812,-0.2717,-4.821638,-1.65852,0
3104164398,-0.329601,-0.151455,0.474163,-0.815069,-5.873339,-2.372165,0
3104197732,0.021011,-0.125037,0.823969,-0.239818,-4.001274,0.08015,0
3104231066,-0.293155,0.219006,0.28754,0.080436,-2.899351,0.69569,0
3104264400,-0.393761,0.010665,-0.302316,0.886524,0.514557,1.907527,0
3104297734,0.022635,-0.112253,-0.210441,0.194546,3.009982,3.009956,0
3104331068,-0.453001,-0.569774,0.19613,0.189167,5.170732,3.426917,0
3104364402,0.162691,-0.229572,0.88734,-1.082127,5.755972,4.647128,0
3104397736,0.43665,0.229996,-0.127171,-0.891108,3.934933,3.834815,0
3104431070,2.151898,-0.707983,1.901889,-0.436451,2.169835,2.810582,0
3104464404,1.792835,-0.852457,1.28148,-0.07946,-0.092867,2.185939,0
3104497738,0.47597,-0.300205,0.465658,0.167344,-0.889884,1.124936,0
3104531072,-0.601074,-0.290285,0.13084,-0.049381,-1.223965,-0.079637,0
3104564406,-1.13626,0.206317,0.266252,-0.202439,-1.572594,-1.999673,0
3104597740,-0.271843,0.197189,0.756921,-0.629729,-2.225718,-2.266335,0
3104631074,-0.404889,0.723049,-0.239382,-0.564939,-2.628139,-2.021012,0
3104664408,0.20524,0.928906,-0.743845,-1.940337,-2.681821,-2.052913,0
3104697742,-0.221577,1.004647,0.136273,-1.870288,-3.62704,-0.584112,0
3104731076,-0.422871,1.10185,0.078074,-1.074587,-1.832118,0.540014,0
3104764410,0.145923,0.812969,-0.241592,0.023546,-1.197066,0.684084,0
3104797744,-0.263827,0.589059,-0.226753,1.166809,-0.434932,1.684818,0
3104831078,-0.109939,0.350677,-0.294518,1.712419,2.965022,2.426173,0
3104864412,-1.450991,0.168403,0.216436,-0.850512,3.286538,2.195919,0
3104897746,-0.473085,-0.420936,-0.367128,-1.456075,4.517717,2.808976,0
3104931080,1.618106,-0.395732,0.295664,-0.1334,5.179395,3.703824,0
3104964414,-0.568885,0.158549,-0.575082,0.048541,3.57026,2.058774,0
3104997748,-0.720555,0.013821,-0.380913,0.699522,2.194381,0.404743,0
3105031082,-0.446916,0.174447,0.084798,0.858845,0.286224,-0.811477,0
3105064416,0.454422,0.074493,-0.537806,0.853924,-0.513511,-0.804203,0
3105097750,0.742212,0.107362,0.562328,0.937841,-1.665867,-2.321935,0
3105131084,-0.336335,0.131343,-0.122298,0.494882,-1.953784,-2.662568,0
3105164418,0.188931,-0.196913,-0.583106,1.358056,-2.919746,-2.06645,0
3105197752,0.051796,0.18026,0.414488,0.759333,-4.453168,-1.651329,0
3105231086,-0.147105,0.410125,-0.077521,0.116428,-3.908762,-2.120109,0
3105264420,0.549193,0.201753,0.336683,-0.627351,-4.4543,-1.934931,0
3105297754,0.306395,0.094805,0.052779,1.220404,-2.36685,-0.850451,0
3105331088,0.209857,-0.05477,-0.121881,1.029431,-1.604141,-1.772288,0
3105364422,0.731816,-0.318356,0.557605,1.334477,-0.889804,-1.437991,0
3105397756,-0.641686,-0.378951,0.169295,1.876352,1.879136,-0.687522,0
3105431090,0.67428,-0.755287,-0.048328,-0.320637,1.721319,-0.02975,0
3105464424,0.74641,-0.719454,0.479687,0.397931,3.169489,2.642988,0
3105497758,-0.286191,-0.401839,0.566028,-0.173948,3.798705,2.737198,0
3105531092,-0.153875,-0.676455,0.051249,-1.300438,3.196269,4.07124,0
3105564426,0.294263,-0.590841,0.100193,-0.924907,3.045219,4.336906,0
3105597760,0.293785,0.050141,0.061336,-1.043382,2.146305,3.597294,0
3105631094,-0.278388,0.290636,0.513788,-0.003465,1.558383,2.903999,0
3105664428,-0.3607,0.146782,-0.028038,0.556238,0.519986,1.559019,0
3105697762,-0.445971,0.966103,-0.638922,0.3786,-1.402181,-0.298601,0
3105731096,-0.011175,0.61445,-0.155536,0.156257,-1.510048,-0.81041,0
3105764430,-0.09166,0.103952,0.208672,-0.072224,-1.931754,-1.426807,0
3105797764,-0.174298,-0.024618,-0.410543,-0.879069,-2.646758,-2.361077,0
3105831098,-0.120045,-0.091228,-0.189817,-1.19968,-3.413384,-2.261355,0
3105864432,-0.418368,-0.55621,-0.023769,-0.720765,-3.288499,-2.31528,0
3105897766,-0.338221,-0.469759,0.12465,-0.546139,-3.968545,-2.503298,0
3105931100,-0.062965,-0.109543,0.34071,-0.01428,-3.547997,-2.708627,0
3105964434,0.207336,-0.18215,-0.074782,0.483316,-2.432022,-1.758556,0
3105997768,0.024626,-0.258062,0.029558,0.613848,0.396279,0.799187,0
3106031102,-0.043811,-0.649731,0.242487,0.276466,3.267785,3.749627,0
3106064436,-0.163259,-0.802954,0.027819,-0.339436,5.996639,5.831525,0
3106097770,0.134346,-0.834277,0.124289,-0.390096,6.187776,6.042226,0
3106131104,0.679081,-0.805398,0.358341,-0.065383,4.017776,4.603155,0
3106164438,0.378039,-0.540307,0.023684,0.107199,1.701235,1.951988,0
3106197772,-0.275404,-0.223934,-0.051142,0.306635,0.092978,0.308387,0
3106231106,-0.933824,-0.51159,0.608159,-0.159611,-1.104907,-0.820367,0
3106264440,-1.090017,-0.167435,0.14849,0.013899,-1.830183,-1.439873,0
3106297774,-0.037658,0.019084,0.043675,-0.131866,-0.842364,-2.076845,0
3106331108,-0.481098,0.134724,0.11377,0.068863,-0.601597,-2.516311,0
3106364442,-0.407316,-0.331846,-0.901033,0.290763,-1.790177,-3.115632,0
3106397776,0.649318,-0.332321,-1.180734,0.258253,-3.023159,-3.105787,0
3106431110,-0.084654,0.163446,-0.834422,0.459595,-2.386201,-3.444597,0
3106464444,-0.505908,-0.052887,-2.270593,0.281979,-2.540528,-3.8828,0
3106497778,-0.282638,0.773432,-1.100124,-0.116731,-2.486526,-4.56378,0
3106531112,-0.078341,0.969364,-0.480908,0.234908,-1.777409,-4.151593,0
3106564446,0.714357,0.141567,-0.836184,0.430741,-1.009716,-3.306349,0
3106597780,-0.678971,0.104643,0.235202,1.165122,0.475149,-0.969086,0
3106631114,-1.729037,0.644669,0.500889,0.57925,0.759397,0.026115,0
3106664448,-1.964006,1.394089,1.174001,-0.19464,2.088135,0.636104,0
3106697782,5.352831,0.144038,2.251013,-0.640318,2.091914,0.863855,0
3106731116,5.012769,1.190556,0.170137,0.011064,1.81831,1.597711,0
3106764450,0.320322,0.313398,-0.878083,0.008742,1.446275,2.247918,0
3106797784,-1.118875,-0.568535,-0.362118,0.394421,-0.300881,2.606877,0
3106831118,-1.204615,-0.572217,0.707655,0.415076,0.172638,1.862655,0
3106864452,0.213141,-0.312839,0.178029,0.825453,1.146456,1.277804,0
3106897786,0.2275,-0.098008,0.049597,0.70135,0.373466,0.67522,0
3106931120,0.721885,-0.081966,-0.066766,0.090167,0.510502,0.170798,0
3106964454,0.643472,0.073954,0.201582,0.051447,0.349088,0.114011,0
3106997788,0.179924,-0.081764,0.138933,-0.282433,-0.017614,0.02384,0
3107031122,-0.478053,-0.213655,0.112172,-0.683837,-0.298455,0.072329,0
3264700942,-0.900804,0.207247,0.309161,-0.758447,-2.539115,-0.707933,0
3264734276,0.458502,0.883346,-0.605082,-1.729175,0.221141,0.605117,0
3264767610,0.4727,0.099661,-0.405418,-0.8683,2.746436,0.58342,0
3264800944,0.264519,0.664361,0.456889,0.34806,0.574222,0.314529,0
3264834278,-0.007846,0.106196,0.403752,1.547164,0.335384,0.289906,0
3264867612,0.403785,0.348667,0.145535,2.228895,0.755032,0.751761,0
3264900946,1.159878,0.236903,0.241125,1.177465,1.896641,1.906514,0
3264934280,1.195665,0.698684,0.265657,-0.077759,2.24558,1.466246,0
3264967614,-0.035269,0.878008,0.05903,-1.535834,5.077241,1.57612,0
3265000948,-0.577278,0.109335,0.018308,-1.871896,9.911275,4.836515,0
3265034282,-0.012375,-0.163743,-0.174416,1.310345,6.585428,7.084557,0
3265067616,0.366428,-0.196626,-0.037114,2.923722,1.926148,5.322458,0
3265100950,-0.421399,0.088554,0.212016,0.510831,-0.673547,2.793396,0
3265134284,-0.811677,0.156035,-0.013836,-0.901512,-2.268625,1.125907,0
3265167618,-0.881197,0.279563,0.030898,-2.632515,-3.802766,2.765352,0
3265200952,-0.530777,0.190611,-0.067735,-2.111759,-4.456964,2.295217,0
3265234286,0.511778,0.372479,-0.014787,-0.620121,-4.406576,-0.988003,0
3265267620,0.108982,0.407137,0.357767,-0.903136,-3.836105,-1.858194,0
3265300954,-0.015159,0.202846,-0.183435,-0.21082,-0.84394,0.291992,0
3265334288,-0.034103,0.269788,-0.141616,0.078688,-1.422776,-0.664559,0
3265367622,-0.617573,0.248004,0.44147,-0.470475,-0.704397,0.2488,0
3265400956,0.521058,0.871098,0.402637,0.013374,-0.05149,-0.413846,0
3265434290,0.704517,1.360854,0.052387,-0.792393,-1.025825,-2.030967,0
3265467624,0.200975,1.303965,-0.048151,-0.436413,-1.50824,-2.921063,0
3265500958,0.089531,1.234957,-0.248531,0.322487,-1.207213,-4.019158,0
3265534292,0.399729,0.565276,-0.62814,0.722708,-1.227027,-5.357007,0
3265567626,0.721299,0.780207,-0.369575,-0.090262,-1.582374,-5.777592,0
3265600960,-0.418003,-0.015621,-0.483842,-0.450946,-3.07053,-5.282758,0
3265634294,0.126092,-0.238809,-0.431856,-0.482371,-3.345133,-5.934062,0
3265667628,1.132707,-0.611169,-0.531692,0.056079,-3.202001,-5.692448,0
3265700962,1.405889,-1.465683,-0.662201,0.233695,-1.583804,-2.863673,0
3265734296,0.0915,-1.084124,0.562828,0.284367,-0.018726,-2.415373,0
3265767630,-0.547322,-1.016521,0.721466,0.524222,3.702123,0.410342,0
3265800964,0.083468,-0.784855,0.186241,0.127625,4.791686,1.783064,0
3265834298,-0.759442,-1.153608,0.483679,1.23777,5.762835,4.615886,0
3265867632,-0.838962,-1.762819,-0.102536,1.412924,5.931849,3.721359,0
3265900966,-0.597697,0.049733,-0.407399,0.638689,2.895941,2.617531,0
3265934300,0.017469,-0.177113,-0.244475,0.371038,0.933214,0.454094,0
3265967634,-0.138984,-0.361496,-1.410226,-0.263359,-0.448016,-0.080495,0
3266000968,0.765486,0.372867,-1.073252,-0.748734,-2.930252,-1.388441,0
3266034302,0.917863,0.244874,2.064547,0.131671,-2.566767,-1.667423,0
3266067636,-1.730031,0.304152,1.275377,0.106776,-3.407111,-2.140285,0
3266100970,-1.26621,0.115211,-1.005272,-0.137449,-6.069737,-3.459344,0
3266134304,-0.016526,-0.049989,-1.291235,0.601767,-5.419984,-3.542224,0
3266167638,0.041977,-0.254801,-0.430912,0.449323,-3.050871,-3.076258,0
3266200972,0.968956,-0.610241,-0.304228,0.104227,-2.531822,-3.155351,0
3266234306,1.523662,0.015787,1.369317,1.106704,1.302909,-0.245736,0
3266267640,1.446763,-0.290568,0.444402,0.745142,2.717251,0.120501,0
3266300974,-1.48125,0.843422,0.044762,1.245851,6.762482,5.213553,0
3266334308,-1.390866,-0.122141,0.835541,0.303018,6.917173,6.958072,0
3266367642,-0.806403,-0.619405,0.887984,-0.311936,5.04077,6.858353,0
3266400976,-0.102382,-0.275222,0.542056,-0.178484,3.281623,5.077008,0
3266434310,-0.790701,0.336938,0.332625,-0.048853,-0.139305,1.909919,0
3266467644,0.269082,0.522308,-0.121573,0.512154,-2.140777,0.589798,0
3266500978,0.533196,0.033429,-0.038836,0.466337,-2.460443,-0.716837,0
3266534312,-0.950056,0.119007,0.368905,0.402527,-3.59277,-2.673526,0
3266567646,0.105851,0.027258,-0.022773,-0.063905,-4.044024,-2.917942,0
3266600980,-0.076067,0.364143,-0.055927,0.403326,-2.88572,-2.816443,0
3266634314,0.492811,-0.210113,-0.275713,-0.679404,-3.856697,-4.028845,0
3266667648,-0.412138,0.56104,-0.452657,0.886506,-2.956537,-2.234059,0
3266700982,-0.266809,0.457946,0.00627,0.797246,-1.685697,-1.914091,0
3266734316,-0.053013,0.583492,-0.057879,0.93201,1.08573,0.836474,0
3266767650,-0.645204,0.671907,-0.452748,0.285623,4.376091,2.016932,0
3266800984,-0.823643,0.344756,0.334355,0.021197,6.806652,3.803436,0
3266834318,0.371535,-0.674814,-0.04542,-0.306478,6.888071,4.046639,0
3266867652,1.25055,-0.627626,-0.139304,-0.660467,5.073876,3.572422,0
3266900986,0.047065,-0.032071,0.066181,0.097783,3.160967,2.23842,0
3266934320,-0.670274,0.289724,-0.042388,0.159606,0.314073,-0.100636,0
3266967654,-0.684835,0.291751,0.590491,-0.07961,-2.764781,-1.202935,0
3267000988,-0.429912,0.378287,0.586513,-0.044463,-3.627248,-0.965924,0
3267034322,-0.343619,0.303455,-0.488683,-0.121339,-5.245224,-1.542131,0
3267067656,0.454108,-0.164097,-0.216041,-0.478978,-5.435835,-1.991726,0
3267100990,0.367305,-0.027535,0.099951,-0.238276,-3.798703,-2.441693,0
3267134324,-0.224467,-0.137608,0.128546,-0.033323,-3.265466,-2.558007,0
3267167658,-0.247249,0.119243,-0.084143,0.113034,-2.351837,-2.048615,0
3267200992,-0.319029,0.067825,0.129314,0.32529,-0.7311,-1.432019,0
3267234326,0.947968,-0.883926,-0.228719,0.580208,0.57844,-0.075968,0
3267267660,0.787308,-0.158558,-0.540528,0.993693,3.978121,2.089673,0
3267300994,-0.862452,0.268048,0.027045,0.56013,5.674357,3.874804,0
3267334328,-0.824908,0.156703,0.494041,-0.04045,7.041083,3.95332,0
3267367662,-0.098459,-0.090236,0.485101,0.05898,5.683346,3.214014,0
3267400996,0.557259,-0.644831,0.326696,0.224344,4.098192,3.302074,0
3267434330,0.474896,-0.422154,0.199272,0.2077,1.715169,2.213818,0
3267467664,0.687467,-0.088111,0.004112,-0.189974,-0.722112,0.211462,0
3267500998,-0.648686,0.138873,0.309937,0.080918,-2.11881,-1.213612,0
3267534332,-0.133917,0.291924,0.348932,-0.412079,-3.756229,-1.286337,0
3267567666,0.419702,0.309587,-0.467185,-0.081364,-4.13169,-1.549238,0
3267601000,0.210253,0.046048,0.215671,-0.196797,-5.163148,-1.86139,0
3267634334,0.128576,0.222665,0.457366,-0.309981,-4.404841,-1.917197,0
3267667668,-0.186524,0.502118,-0.045514,-0.397633,-3.648694,-1.904531,0
3267701002,0.101369,-0.239406,0.564491,0.240604,-2.921309,-0.960204,0
3267734336,-0.238535,0.280245,-0.037972,0.06423,-2.583455,-1.246551,0
3267767670,0.233576,0.039465,-0.249163,0.504906,0.593029,0.47717,0
3267801004,0.031552,0.353959,0.204289,0.280122,3.630494,2.126067,0
3267834338,0.102862,0.320006,0.230883,-0.203971,6.433162,3.825817,0
3267867672,-0.496467,0.419818,0.060362,-0.140474,7.817396,4.28856,0
3267901006,-0.460277,0.52933,0.367647,-0.2416,7.046349,4.491792,0
3267934340,0.362972,-0.045963,0.248004,-0.431368,5.003901,4.399986,0
3267967674,-0.368526,0.747062,0.318265,0.050489,2.581298,4.054352,0
3268001008,-0.707133,0.705623,0.324789,0.063829,0.020626,3.844887,0
3268034342,-0.872033,0.743069,0.676363,0.2429,-2.251207,2.428885,0
3268067676,-0.080846,0.057659,0.653812,0.292184,-3.344243,0.149563,0
3268101010,0.169152,-0.4794,0.515764,-0.244981,-3.349323,-1.852933,0
3268134344,-0.375127,-0.561362,0.46817,-0.000928,-2.891677,-2.466975,0
3268167678,-0.601792,-0.36921,0.530094,-0.105786,-3.360225,-3.650722,0
3268201012,-0.05947,0.098515,-0.118125,-0.335692,-3.983114,-3.744172,0
3268234346,0.12249,0.275897,-0.308463,-0.267362,-4.042976,-2.99478,0
3268267680,0.848831,0.306732,0.087204,0.039624,-4.037508,-2.198852,0
3268301014,-0.132023,0.439395,0.846353,1.121143,-0.990885,0.019609,0
3268334348,-0.31651,1.118514,1.322344,0.785348,1.051694,1.295451,0
3268367682,-0.410394,0.300042,2.02529,0.418165,4.345953,5.701326,0
3268401016,1.179237,-0.570716,2.1495,0.547427,7.039428,7.001055,0
3268434350,0.580343,-0.648188,0.770578,-0.093411,6.212996,7.090649,0
3268467684,0.287486,-0.432129,0.177673,0.553892,4.718078,4.772391,0
3268501018,0.099521,-0.005994,0.179887,0.381859,1.871119,2.565336,0
3268534352,0.332343,0.085203,0.265819,0.221345,-0.824739,0.424655,0
3268567686,0.025702,0.285825,-0.148156,0.483759,-2.501822,-1.300704,0
3268601020,-0.321135,0.235603,-0.557664,0.383557,-2.729859,-1.903614,0
3268634354,0.290774,-0.149139,-0.466695,-0.162481,-3.511234,-2.809239,0
3268667688,-0.062001,-0.149972,-0.242768,-0.019105,-3.377723,-3.730292,0
3268701022,0.20887,-0.126492,0.205233,-0.385399,-2.992007,-3.869577,0
3268734356,0.502385,-0.071265,-0.445473,-0.699336,-3.720656,-2.71558,0
3268767690,0.313064,0.591083,-0.597724,0.227996,-2.172853,-0.659875,0
3268801024,0.178563,0.592225,-0.372962,0.227056,-0.497189,0.725008,0
3268834358,-0.265864,0.487083,-0.340714,0.500658,1.660047,2.562742,0
3268867692,0.036152,0.53859,-0.413515,0.102964,4.363715,3.770665,0
3268901026,0.221272,0.221919,-0.388128,-0.376364,5.234224,4.124857,0
3268934360,-0.021768,0.193047,-0.289223,-0.623894,4.759851,3.53898,0
3268967694,-0.268979,0.150568,0.148795,-0.102786,3.181845,2.441719,0
3269001028,-0.329305,-0.082503,0.170139,0.074508,1.127096,0.767822,0
3269034362,-0.180574,0.099972,0.539427,0.128486,-0.385469,-0.829876,0
3269067696,-0.005958,0.03597,-0.242514,0.25311,-1.403088,-2.041093,0
3269101030,0.329583,0.243933,-0.280677,0.063472,-2.671389,-2.368763,0
3269134364,0.179623,0.140591,-0.259658,-0.158211,-3.696475,-2.614312,0
3269167698,-0.044301,-0.029312,-0.199657,-0.136724,-3.383852,-2.637657,0
3269201032,-0.26162,0.351091,0.021235,-0.164059,-3.465642,-1.985132,0
3269234366,-0.540613,0.366349,0.104342,-0.391771,-2.82882,-1.605829,0
3269267700,-0.218773,0.420434,-0.175985,0.559031,0.119595,0.735274,0
3269301034,-0.158878,-0.069051,-0.054794,0.867505,3.056583,2.6108,0
3269334368,0.049111,-0.513271,0.37349,1.121623,5.134086,3.703701,0
3269367702,0.22535,-0.384928,0.581598,0.763145,5.171628,3.017822,0
3269401036,-0.48317,-0.400294,-0.009502,0.915993,4.128178,2.423357,0
3269434370,-0.833048,-0.254302,-0.093688,0.674387,1.940356,0.758165,0
3269467704,-0.712607,-0.109022,0.202537,0.095433,-0.496625,-1.032315,0
3269501038,-0.066053,-0.191062,-0.11283,-0.201167,-2.103404,-2.203542,0
3269534372,0.125865,-0.045495,-0.579312,-0.378302,-2.966003,-2.805011,0
3269567706,-0.206897,0.051794,-0.598321,-0.564173,-3.429231,-2.980299,0
3269601040,-0.238375,-0.076485,-0.160058,-0.738278,-3.657519,-2.243934,0
3269634374,0.211373,-0.45761,-0.356401,-0.421907,-3.297069,-1.903569,0
3269667708,0.145255,-0.545542,-0.407868,0.483866,-1.596846,-1.470013,0
3269701042,-0.162891,-0.302843,0.063053,0.844685,0.429694,-0.649428,0
3269734376,-0.009801,-0.556937,0.177639,0.863955,2.490155,0.922449,0
3269767710,0.474844,-0.585478,-0.215787,0.871996,4.340024,2.281965,0
3269801044,0.191364,-0.512048,-0.306561,0.422949,4.204141,2.514005,0
3269834378,0.071541,-0.393834,-0.140104,0.126108,2.667381,1.395766,0
3269867712,-0.000705,-0.495625,-0.398996,0.084142,1.580068,0.025637,0
3269901046,-0.169629,-0.038389,-0.166864,0.124813,0.024744,-0.882001,0
3269934380,0.223541,-0.101668,-0.67744,-0.278165,-1.247883,-2.116438,0
3269967714,0.348906,0.121895,-0.440833,-0.34541,-2.882479,-2.611082,0
3270001048,0.239035,0.353878,-0.279385,0.016107,-3.284708,-2.65639,0
3270034382,-0.751454,-0.386501,-0.340474,-0.176764,-2.753162,-3.143467,0
3270067716,0.281487,1.570681,1.042172,-0.633452,-2.682427,-2.937474,0
3270101050,2.182918,3.624964,2.138018,-0.745113,-1.722873,-2.639621,0
3270134384,3.134265,1.236821,0.530585,-0.923165,-0.557011,-1.396429,0
3270167718,1.466853,-1.088514,-1.158628,0.004844,1.374741,1.118052,0
3270201052,-1.067198,-1.180843,-0.469132,0.772461,1.820322,1.4829,0
3270234386,-2.124537,-0.203341,0.730899,1.040361,2.719902,2.651328,0
3270267720,-0.338376,0.201134,0.283417,1.338964,2.859201,2.112228,0
3270301054,0.959123,0.393024,0.066273,0.970985,2.139755,0.913159,0
3270334388,0.763767,0.162392,0.11655,0.406234,0.719108,0.292342,0
3270367722,-0.242394,0.133954,0.027452,0.24038,0.099833,0.112122,0
3270401056,-0.548535,0.218084,0.132968,0.633709,0.032231,-0.130946,0
3270434390,-0.060592,0.224309,0.152576,0.466235,-0.196156,-0.069822,0
3270467724,0.436082,-0.13434,0.121279,0.090486,0.001925,0.06726,0
3270501058,0.374957,-0.099986,0.176506,-0.275285,0.08976,0.12175,0
3270534392,-0.001723,-0.114612,0.143128,-0.471618,0.280876,0.008397,0
3270567726,-0.016029,-0.049521,0.104621,-0.490584,0.441485,-0.084568,0
3270601060,0.038338,-0.014032,0.07892,-0.446885,0.295878,0.001624,0
3270634394,0.116223,0.010386,0.089945,-0.527096,0.00664,-0.170087,0
3270667728,0.072613,0.164645,0.198939,-0.402479,-0.118744,-0.176956,0
3270701062,0.1418,0.11648,0.098459,-0.37226,-0.145131,-0.174403,0
3270734396,0.10083,-0.041609,0.117952,-0.255895,-0.177505,-0.104333,0
3270767730,0.054109,-0.053139,0.152742,-0.270382,-0.039964,-0.214766,0
3270801064,0.182821,0.03488,0.090561,-0.262216,-0.008364,-0.242524,0
3270834398,0.076857,0.038585,0.189694,0.054629,-0.104155,-0.11172,0
883705258,-0.174382,-0.042282,0.174535,-0.303064,0.115355,0.134507,2
883738592,-0.146718,0.048812,0.164243,-0.178747,-0.011727,0.079274,2
883771926,-0.142256,0.186387,0.153916,0.491323,0.242738,0.390487,2
883805260,-0.152196,0.16385,0.094489,0.220786,-0.113876,0.181591,2
883838594,-0.102316,0.110427,0.190685,0.437495,-0.128525,0.149553,2
883871928,-0.107792,0.076607,0.223066,0.223232,-0.313006,0.457961,2
883905262,-0.092941,0.075042,0.147729,0.133402,-0.351414,0.156405,2
883938596,-0.01011,0.061221,0.155367,0.232274,-0.042108,0.142885,2
883971930,0.035464,-0.039641,0.093248,1.089846,-0.219982,0.057958,2
884005264,-0.041128,-0.147475,-0.017203,0.852309,0.090289,-0.831508,2
884038598,-0.055473,-0.151796,-0.011303,0.326248,0.326295,-0.854483,2
884071932,0.018555,-0.023977,0.083673,0.191315,-0.062557,-0.272406,2
884105266,0.133094,0.022124,0.247879,0.338681,-0.087643,-0.098393,2
884138600,0.213026,0.040996,0.224145,0.676592,-0.003616,-0.030195,2
884171934,0.224883,-0.068173,0.097814,0.284148,-0.11152,0.074947,2
884205268,0.109017,-0.185731,0.052821,0.097769,0.03521,-0.011741,2
884238602,0.07142,-0.252332,0.07473,-0.457684,-0.361588,0.303341,2
884271936,0.081398,-0.276402,0.086795,-0.025871,0.370996,0.367547,2
884305270,0.088077,-0.292741,0.082562,-0.188789,0.288199,0.331059,2
884338604,0.094824,-0.242979,0.048147,0.384735,0.589262,0.297549,2
884371938,0.02032,-0.253236,0.005395,0.34823,0.4017,-0.270044,2
884405272,-0.031955,-0.201307,0.044598,0.160812,0.443908,-0.235018,2
884438606,-0.011964,-0.079204,0.105738,0.369044,0.400734,-0.262371,2
884471940,-0.041295,-0.033486,0.139522,0.736085,0.514588,0.113447,2
884505274,-0.067066,-0.012467,0.193867,0.391599,0.451171,0.094014,2
884538608,0.058646,0.049581,0.135824,1.618139,0.522848,0.155899,2
884571942,-0.136464,0.050967,0.184689,2.091338,1.52761,-0.219891,2
884605276,-0.382065,-0.025419,0.202777,1.834955,1.558674,0.198155,2
884638610,-0.34122,0.076862,0.251909,2.107808,0.438871,-0.74677,2
884671944,-0.444748,0.235405,0.413014,0.864485,0.846218,0.058144,2
884705278,-0.36356,0.646269,0.867594,-0.98959,-0.315482,-0.22076,2
884738612,0.120177,0.825982,0.904537,-2.853776,-0.368071,0.61337,2
884771946,0.38106,1.028,0.664487,-3.487502,-0.964381,1.90037,2
884805280,0.846928,0.51271,0.178576,-3.530257,-0.824405,2.425522,2
884838614,1.397064,-0.453902,-0.376532,-2.495219,-0.526844,1.749563,2
884871948,0.50261,-0.822242,-0.39941,-1.521115,0.327158,0.727667,2
884905282,0.04839,-0.662828,-0.345595,-0.911834,1.016808,0.292862,2
884938616,0.075409,-0.357479,-0.560523,0.238933,0.479023,-0.59691,2
884971950,-0.131258,0.182593,-0.493273,0.829324,0.21193,-1.888871,2
885005284,0.215015,0.201564,-0.369904,2.390534,0.139354,-1.15308,2
885038618,0.094585,-0.009009,-0.076075,3.328176,-0.242602,-1.516976,2
885071952,-0.060725,-0.181268,0.109441,3.403053,0.203209,-1.131233,2
885105286,-0.04576,-0.197077,0.200237,3.179031,-0.018088,-0.513836,2
885138620,0.142501,-0.13366,0.025679,1.852899,0.621265,-0.073764,2
885171954,0.148074,-0.06225,-0.050993,0.626167,1.195891,0.496736,2
885205288,0.366654,-0.212972,-0.184987,-0.447918,1.17084,0.376322,2
885238622,0.206029,-0.198164,-0.190989,-1.442368,1.379187,0.88337,2
885271956,0.098244,-0.034464,-0.1491,-1.815993,2.084816,1.625533,2
885305290,-0.06317,-0.093651,0.229636,-1.373173,2.420825,1.785583,2
885338624,-0.985502,0.544991,1.008089,-0.632495,2.22177,1.670546,2
885371958,-0.806248,0.775638,0.70733,-0.020048,1.934458,0.798496,2
885405292,-0.388945,0.890025,0.091272,0.404377,1.417409,-0.002114,2
885438626,-0.315669,0.302459,-0.51834,0.548077,1.107214,-0.783096,2
885471960,-0.089376,-0.157872,-0.289779,0.473127,0.351708,-1.752943,2
885505294,-0.488013,-0.182502,0.287623,0.530218,-0.397778,-2.363991,2
885538628,-0.282962,-0.313534,0.389029,-0.461996,-0.424649,-3.128985,2
885571962,0.065872,-0.137062,0.276453,-2.39712,-2.284697,-4.499949,2
885605296,0.509877,-0.150541,0.039772,-1.901881,0.327635,-2.819421,2
885638630,0.354728,-0.163543,-0.030779,-1.673908,-1.104079,-0.902638,2
885671964,0.220273,-0.131825,0.165784,0.418663,-3.990583,1.81045,2
885705298,-0.142618,0.069767,0.107192,-0.327896,-5.904508,2.924217,2
885738632,-0.129887,0.339533,0.029933,-1.057292,-4.111694,2.846725,2
885771966,0.114366,0.737954,0.158391,-0.740074,-2.078418,1.279729,2
885805300,0.199114,1.244994,0.116874,-0.757752,-1.535928,1.01017,2
885838634,0.052042,1.206852,0.312121,-0.512656,-0.789311,1.671723,2
885871968,-0.590889,0.534156,0.129132,-0.280895,-0.368477,1.763939,2
885905302,-0.633405,-0.119396,0.22471,-0.458028,-0.322281,1.8983,2
885938636,-0.580725,-0.299775,0.022882,-0.655262,-0.989066,1.47528,2
885971970,-0.053841,-0.291785,-0.124398,-0.065414,-0.642423,1.452195,2
886005304,-0.051297,-0.314964,0.064535,-0.278316,-0.669468,0.813995,2
886038638,0.188872,-0.045432,0.098465,-0.210154,-0.694589,0.44484,2
886071972,0.369618,0.143077,0.058948,-0.270451,-0.133364,0.066689,2
886105306,0.49371,0.186196,0.123347,-0.5335,-0.273635,-0.51148,2
886138640,0.010547,-0.08576,0.169069,-0.476884,-0.396509,-0.621759,2
886171974,-0.209165,-0.402881,0.071433,-0.250804,-0.705839,-0.530152,2
886205308,-0.259015,0.190177,0.05049,-0.631103,-1.445584,-0.236474,2
886238642,-1.054344,-0.68804,0.082019,-0.688661,-2.384104,-0.245583,2
886271976,-1.034188,-1.01166,0.028934,-0.84823,-3.179616,0.03482,2
886305310,-0.602123,-0.545543,0.037466,-1.243563,-3.189461,0.826185,2
886338644,-0.337466,-0.423842,0.141189,-1.491027,-2.56878,0.395247,2
886371978,-0.292885,-0.44397,0.070928,-1.811514,-2.967064,1.137159,2
886405312,-0.121288,-0.401085,0.137683,-2.224278,-1.840411,1.00333,2
886438646,-0.136423,-0.498815,0.183534,-2.203802,-2.086447,1.683852,2
886471980,0.084976,-0.461505,0.09815,-1.438177,-2.879118,0.963155,2
886505314,0.162185,-0.225595,0.090908,-1.306951,-1.132571,0.225224,2
886538648,-0.046344,-0.275892,0.219125,-0.918755,-0.228854,-1.03033,2
886571982,-0.462888,-0.038759,0.390476,0.417768,-0.190904,-1.84253,2
886605316,-0.589762,0.325009,0.479128,2.451798,0.85,-1.69813,2
886638650,-0.197909,0.444868,0.096869,3.490731,2.763301,-1.566871,2
886671984,0.037305,0.18758,-0.022815,4.770194,2.960473,-1.90268,2
886705318,-0.291212,0.000543,0.114686,4.844321,4.253694,-0.550963,2
886738652,-0.510894,-0.100795,0.095758,6.49079,3.918661,1.15308,2
886771986,-0.300375,0.09701,0.069533,5.617533,3.933474,1.362913,2
886805320,-0.304609,0.061535,0.250615,3.295178,3.157585,0.562479,2
886838654,0.216675,0.112488,0.180744,1.217868,2.140261,0.499111,2
886871988,0.678834,0.132603,0.119428,-1.206877,1.279601,-0.314184,2
886905322,0.929282,0.141191,0.237805,-2.546266,0.241346,-0.088713,2
886938656,0.962199,0.16469,0.243738,-3.645108,-0.082626,0.652045,2
886971990,1.047255,0.122308,0.173152,-4.407677,0.012194,1.379443,2
887005324,0.973164,0.129641,0.067703,-3.701202,-0.048467,0.972979,2
887038658,0.5697,0.134263,0.073546,-1.34082,-0.016583,-0.298197,2
887071992,0.196073,0.216839,0.116531,-0.706132,0.114949,-1.095641,2
887105326,-0.148715,0.148676,0.104238,0.878608,0.331897,-1.785959,2
887138660,0.036207,0.482623,0.15092,2.697437,0.593449,-1.444481,2
887171994,0.110737,0.478927,0.083221,3.802977,0.760217,-0.122495,2
887205328,0.465925,0.365603,-0.059842,4.294599,1.151641,0.873564,2
887238662,0.326842,0.25584,0.108503,2.256199,1.911411,0.534624,2
887271996,0.190069,0.403025,0.103242,1.47725,1.872934,0.81966,2
887305330,0.319912,0.629572,0.205955,0.641178,2.395815,1.662122,2
887338664,0.292876,0.669228,0.120034,-0.248365,3.310882,1.452941,2
887371998,0.206577,0.222434,-0.024926,-0.296051,3.699003,0.727141,2
887405332,0.100205,0.252442,0.060773,-0.459277,2.487078,0.110008,2
887438666,0.058899,0.034832,0.060602,-0.361191,2.248799,-0.123982,2
887472000,0.067918,0.122028,-0.048185,0.057503,1.562773,-1.057052,2
887505334,-0.070544,0.089545,0.060892,0.178165,0.210255,-1.888309,2
887538668,0.224749,0.481847,0.18553,0.210177,-0.623427,-1.504941,2
887572002,0.14351,0.152416,0.062343,0.202947,-1.139038,-2.483459,2
887605336,0.100424,-0.166373,0.157933,-0.919958,-1.335039,-3.631549,2
887638670,0.075442,-0.16275,0.27138,-0.904954,-1.855955,-3.188602,2
887672004,-1.1e-05,-0.204505,0.126072,-0.388753,-2.036247,-1.856311,2
887705338,-0.043969,-0.187075,0.060541,-0.160961,-2.03979,0.937442,2
887738672,-0.265151,-0.326464,0.100839,-0.024851,-3.684057,1.649836,2
887772006,-0.182068,-0.10995,0.204155,-0.363147,-3.406239,1.643268,2
887805340,-0.224854,-0.019335,0.128978,-0.367328,-2.848388,1.659417,2
887838674,-0.246094,-0.087952,-0.009293,-0.188994,-2.391538,2.954534,2
887872008,-0.66739,-0.338278,0.145046,-0.408936,-2.192818,2.598415,2
887905342,-0.559879,-0.075358,0.120617,-0.160745,-1.515525,3.07803,2
887938676,-0.25005,0.213643,0.178807,-0.216354,-1.510704,2.832871,2
887972010,-0.193746,0.185414,0.131114,-0.486632,-1.255962,1.505374,2
888005344,-0.217835,0.113254,0.094748,-0.236366,-0.92963,1.326137,2
888038678,-0.181188,0.019941,0.089348,-0.413065,-1.078884,0.366586,2
888072012,-0.007517,0.132144,0.036021,-0.661695,-0.239272,0.016245,2
888105346,-0.145998,0.107652,0.169781,-0.413306,-0.046558,-0.3564,2
888138680,-0.321651,0.167444,0.11426,-0.631413,-0.064845,-0.612794,2
888172014,-0.32774,0.177493,0.142728,-0.977803,-0.313709,-0.843284,2
888205348,-0.310069,0.272325,0.058618,-0.761654,-0.700921,-0.364443,2
888238682,-0.497631,0.210686,0.118489,-1.001467,-1.279602,0.023934,2
888272016,-0.412488,0.377958,0.113391,-1.43448,-1.246093,0.072697,2
888305350,-0.369362,0.24472,0.071839,-1.456757,-1.648527,0.325627,2
888338684,-0.424316,0.259369,0.128984,-2.064304,-2.243083,0.234495,2
888372018,-0.523702,0.202254,0.124115,-2.369736,-2.319777,-0.579978,2
888405352,-0.62477,0.112465,0.116273,-2.225939,-2.555869,-0.213995,2
888438686,-0.613541,-0.011383,0.085276,-1.796806,-2.524698,0.059342,2
888472020,-0.408144,-0.075469,0.093781,-1.467719,-1.991775,0.111558,2
888505354,-0.63284,-0.123921,0.063849,-0.860944,-1.534371,0.186606,2
888538688,-0.559555,-0.187945,0.188438,-0.092717,-1.461231,0.327142,2
888572022,-0.301996,-0.094188,0.123748,0.57104,-1.18869,0.642273,2
888605356,-0.423179,-0.384411,0.151999,0.944082,-0.389883,0.704951,2
888638690,-0.332688,-0.373847,0.138282,1.212414,-0.236671,0.322167,2
888672024,-0.204708,-0.213456,0.125792,1.492472,-0.204797,0.109128,2
888705358,0.048521,-0.1524,0.12962,1.548801,-0.110198,-0.273243,2
888738692,0.276478,-0.164547,0.077253,1.676855,0.255856,0.120315,2
888772026,0.216806,-0.113726,0.125425,1.758889,0.246358,0.105862,2
888805360,0.234843,0.015432,0.112429,1.536992,0.3558,-0.126401,2
888838694,0.142309,-0.097144,0.091608,1.409441,0.947521,0.015718,2
888872028,0.362717,-0.121367,0.150816,1.135245,0.720771,-0.211322,2
888905362,0.312857,-0.0722,0.070553,0.914317,0.968042,-0.33144,2
888938696,0.134323,-0.129072,0.133617,0.259421,1.065396,-0.335398,2
888972030,0.163175,0.081393,0.096192,-0.183046,1.064425,-0.267032,2
889005364,0.223009,0.150268,0.110854,-0.283574,1.03554,-0.601432,2
889038698,0.223336,-0.015915,0.20361,0.210602,1.389209,-0.006824,2
889072032,0.410444,0.065929,0.079129,0.066538,1.803635,0.363524,2
889105366,0.308835,0.05644,0.040349,-0.127716,1.297896,-0.347177,2
889138700,0.046943,-0.102751,0.08154,0.415475,1.590366,-0.595872,2
889172034,-0.096167,0.025838,0.122139,0.795394,1.473663,-0.997325,2
889205368,-0.091912,0.062284,0.099736,1.662126,2.490937,0.221005,2
889238702,-0.243041,-0.051333,0.110774,1.4166,2.388164,0.356453,2
889272036,-0.178964,-0.01202,0.159867,1.057364,1.799348,0.386538,2
889305370,-0.035278,0.046526,0.123633,0.864396,1.579378,0.960138,2
889338704,-0.000117,0.064497,0.12167,0.371322,1.069187,0.32705,2
889372038,0.084094,0.240233,0.109731,-0.199255,0.336839,0.650983,2
889405372,0.10812,0.163199,0.110753,-1.835932,0.23076,0.944506,2
889438706,0.354691,0.20333,0.132686,-2.258919,-1.01785,0.199451,2
889472040,0.308233,0.216838,0.139696,-2.759698,-1.634552,0.1279,2
889505374,0.440851,0.15451,0.223918,-2.047508,-0.851117,0.315153,2
889538708,0.46957,0.163755,0.094773,-1.429071,-0.223813,-0.674539,2
889572042,0.335819,0.057832,0.079055,-0.6365,0.290173,-0.791617,2
889605376,0.06369,0.001319,0.115009,1.064169,0.827948,-0.227494,2
889638710,-0.015814,0.148477,0.132915,1.509583,0.871074,-0.678747,2
889672044,-0.00889,0.322309,0.12313,2.343064,1.068701,-0.080468,2
889705378,-0.119082,0.456029,0.232884,2.561681,1.28128,0.140411,2
889738712,0.093737,0.551657,0.305355,1.949178,0.929692,-0.238628,2
889772046,0.273249,0.574515,0.21696,1.137621,1.05878,0.174061,2
889805380,0.460403,0.555281,0.141112,1.309674,1.476335,0.288504,2
889838714,0.526614,0.37735,-0.040705,0.46822,1.732086,0.252261,2
889872048,0.267067,0.207261,-0.088101,-0.117634,1.921301,0.51026,2
889905382,0.10073,0.006173,0.027189,-0.444521,2.110238,0.340354,2
889938716,-0.031864,0.140587,0.168304,-0.950486,2.601463,0.702422,2
889972050,-0.12853,0.30293,0.185266,-0.947605,2.79302,0.404642,2
890005384,-0.134498,0.254982,0.255062,-0.952076,2.631856,0.394054,2
890038718,-0.07725,0.315063,0.157165,-0.812445,2.626884,0.26195,2
890072052,0.156466,0.413936,0.019773,-0.19924,2.128934,-0.20606,2
890105386,0.138208,0.345967,0.074216,0.049907,1.368288,-0.773719,2
890138720,0.207784,0.236973,0.074202,-0.038709,1.333389,-0.821892,2
890172054,0.249377,0.146837,0.144349,0.897126,0.215855,-0.44925,2
890205388,0.268193,0.274642,0.112607,1.340022,-0.485665,-0.232751,2
890238722,0.364778,0.388395,0.066655,0.282389,-0.650251,-0.973185,2
890272056,0.549028,0.425783,0.055831,-0.75052,-0.884378,-2.102582,2
890305390,0.417118,0.068138,-6.2e-05,-1.353913,-1.700746,-2.367198,2
890338724,0.15334,-0.206112,0.188737,-1.000696,-0.953457,-1.506074,2
890372058,0.360241,0.373364,0.174305,-0.746718,-2.199897,-0.2046,2
890405392,0.479257,0.144999,-0.313372,-0.374686,-1.389613,-0.453143,2
890438726,0.229196,-0.251335,0.018811,0.269945,-1.488124,-0.558012,2
890472060,-0.097618,-0.047859,-0.007168,0.043996,-2.557458,0.710459,2
890505394,-0.252297,-0.296002,0.058258,0.654468,-2.287171,1.176048,2
890538728,-0.426616,0.084708,0.322331,0.801679,-2.652065,1.960759,2
890572062,-0.126669,0.594377,0.134638,0.340626,-2.998698,2.535638,2
890605396,-0.394579,-0.01151,0.141916,0.450827,-2.345133,2.187351,2
890638730,-0.357171,-0.478994,0.157393,0.564063,-1.998179,1.565885,2
890672064,-0.118276,-0.33818,0.076355,0.300894,-1.266653,1.557113,2
890705398,-0.140417,-0.143838,0.149094,0.124677,-0.79513,1.155349,2
890738732,-0.231611,0.0603,0.1553,0.03922,-1.49771,1.1863,2
890772066,-0.646892,-0.160923,0.123643,-0.417488,-1.269368,1.177556,2
890805400,-0.599621,-0.118961,0.197185,-0.84616,-0.702237,1.013629,2
890838734,-0.169512,0.192968,0.179883,-0.676588,-0.425047,0.877005,2
890872068,-0.328837,0.169537,0.214906,-1.545492,-0.749545,0.148633,2
890905402,-0.360871,0.02341,0.152711,-1.561363,-0.338194,0.629802,2
890938736,-0.214224,-0.012351,0.071654,-1.400899,-0.11621,0.381575,2
890972070,-0.214001,0.034679,0.101609,-1.889191,-0.682372,-0.026783,2
891005404,-0.448868,0.003541,0.113083,-1.625108,-0.847558,0.079475,2
891038738,-0.444331,0.056739,0.15856,-0.938679,-1.251764,0.425605,2
891072072,-0.336567,0.083688,0.119924,-1.077983,-1.335048,-0.501944,2
891105406,-0.47751,0.057778,0.135957,-0.542133,-1.994322,-0.117671,2
891138740,-0.619061,-0.090734,0.099119,-0.702046,-1.720392,-0.568181,2
891172074,-0.565949,-0.149348,0.047126,-0.182736,-2.147385,0.534658,2
891205408,-0.590651,-0.246224,0.055916,-0.358858,-1.930837,-0.445643,2
891238742,-0.451106,-0.277896,0.128658,-0.297087,-2.104084,-0.35088,2
891272076,-0.622647,-0.289137,0.185441,-0.145112,-1.927119,0.022302,2
891305410,-0.482738,-0.33104,0.105163,0.209467,-1.637484,0.237568,2
891338744,-0.127547,-0.272513,0.089762,0.740548,-1.568865,0.459989,2
891372078,-0.05967,-0.231654,0.128017,0.938564,-1.047126,0.639612,2
891405412,0.030701,-0.229451,0.204933,1.195739,-0.955355,0.896677,2
891438746,0.232478,-0.102666,0.178983,0.991409,-0.684019,0.065864,2
891472080,0.161809,-0.121753,0.185527,0.980148,-0.207721,0.197768,2
891505414,0.168946,-0.145627,0.189851,0.900825,0.063348,0.455175,2
891538748,-0.034911,-0.239557,0.220726,0.453169,0.385322,0.017833,2
891572082,0.130312,-0.202422,0.087739,0.710032,0.837423,0.204461,2
891605416,0.288291,-0.108823,0.053424,1.118125,1.516625,-0.026858,2
891638750,0.06345,-0.251421,0.117655,0.153977,1.588176,-0.813506,2
891672084,0.24385,-0.19406,0.134762,0.208922,1.759603,-1.00137,2
891705418,0.184334,0.017356,0.081363,0.585333,1.572381,-0.651644,2
891738752,0.009642,0.05839,0.129932,0.029402,1.196044,-0.82504,2
891772086,0.071569,0.081274,0.14818,0.777918,0.986434,-0.227652,2
891805420,0.162884,0.102133,0.063404,0.380202,0.83818,-0.247433,2
891838754,0.089607,0.003319,0.143045,-0.237308,0.697627,-0.627893,2
891872088,0.19557,0.11898,0.12798,0.058847,0.47876,-0.813038,2
891905422,0.246929,0.141178,0.067039,0.371964,0.97807,0.062531,2
891938756,0.047525,0.016015,0.13575,0.602462,1.6383,-0.004766,2
891972090,-0.044602,0.128635,0.124533,1.109086,2.17144,0.056829,2
892005424,-0.013621,0.209864,0.004085,1.480617,2.372626,0.296363,2
892038758,-0.055928,0.283581,0.135119,1.184119,2.302529,0.306733,2
892072092,-0.041433,0.324973,0.202771,1.075961,1.942411,0.29975,2
892105426,0.144826,0.40152,0.008378,0.941419,1.559084,0.05703,2
892138760,0.158021,0.20109,0.186162,0.091729,1.053439,0.560726,2
892172094,0.281094,0.25875,0.145206,-0.749407,0.072583,0.383146,2
892205428,0.385426,0.316456,0.099953,-1.280323,-0.934983,0.992505,2
892238762,0.547889,0.245565,0.221972,-3.385218,-1.131743,0.840527,2
892272096,0.611601,0.22348,0.17489,-2.847772,-0.509761,0.617322,2
892305430,0.51857,0.104419,-0.043281,-1.251973,-0.10378,0.176306,2
892338764,0.193239,-0.110121,0.007251,-0.767451,0.46309,-0.12492,2
892372098,-0.093621,-0.073697,0.112553,0.008119,0.616019,-0.532363,2
892405432,-0.187976,0.318204,0.158752,0.972011,0.857665,-0.785254,2
892438766,-0.146141,0.56353,0.197558,1.877379,1.408513,-0.443774,2
892472100,-0.140065,0.577816,0.197315,1.864716,2.011972,-0.360577,2
892505434,0.001041,0.435485,0.086166,1.563904,2.001755,-0.133513,2
892538768,0.12812,0.212798,0.165106,1.204964,1.964069,0.276187,2
892572102,0.280314,0.323536,0.116152,1.207362,2.828899,0.22958,2
892605436,0.444934,0.427128,-0.019877,1.095139,2.462449,-0.268739,2
892638770,0.231722,0.103116,0.055993,0.719844,2.181872,-0.844171,2
892672104,0.059321,0.081414,0.112171,0.021766,1.923112,-0.993955,2
892705438,0.071063,0.232903,0.086327,-0.204112,1.76401,-0.142793,2
892738772,0.098481,0.24005,0.120623,-0.71574,1.77302,-0.351413,2
892772106,0.170317,0.206232,0.111551,-0.799346,1.156453,-0.472407,2
892805440,0.210504,0.265221,0.063211,-0.613278,0.805903,0.259039,2
892838774,0.117838,0.227754,0.082338,-0.375106,0.451399,0.121016,2
892872108,0.15747,0.258587,0.091352,-0.800621,0.038778,-0.600147,2
892905442,0.216478,0.244786,0.102695,-0.330304,-0.31575,-0.426429,2
892938776,0.185765,0.238001,0.073527,0.014284,-1.295152,-0.700616,2
892972110,0.205144,0.200013,0.079473,-0.929694,-1.022227,-1.619411,2
893005444,0.273477,0.281691,0.062845,-0.780829,-1.704946,-1.465839,2
893038778,0.128803,0.216055,0.148064,0.014648,-2.33,-0.412123,2
893072112,0.058105,0.306153,0.163999,-0.753205,-0.733992,-0.546562,2
893105446,0.016142,0.037016,0.13028,-0.036233,-1.44571,0.99333,2
893138780,-0.234881,-0.345162,-0.038039,0.420541,-2.204377,1.862817,2
893172114,-0.163241,-0.321188,-0.064025,0.476753,-2.19886,1.733116,2
893205448,-0.210735,-0.13959,0.130476,0.605982,-2.543456,2.650954,2
893238782,-0.287985,0.106284,0.136496,0.429085,-2.479911,2.478555,2
893272116,-0.269985,0.219844,0.157793,0.225601,-1.68293,1.816774,2
893305450,-0.379282,-0.180835,0.20088,0.095231,-1.021562,0.836989,2
893338784,-0.130767,-0.139698,0.0897,-0.051649,-0.890006,0.681105,2
893372118,-0.22674,-0.180417,0.130982,-0.181334,-0.826815,0.449553,2
893405452,-0.197222,-0.194022,0.153604,-0.029198,-0.825405,0.49561,2
893438786,-0.118836,0.026008,0.076724,-0.036068,-1.189437,0.671866,2
893472120,-0.449533,-0.091893,0.241053,-0.306287,-0.976764,0.506252,2
893505454,-0.28173,0.003244,0.135839,-0.409649,-0.898937,0.249004,2
893538788,-0.338819,0.004385,0.12965,-0.611059,-1.418426,0.276947,2
893572122,-0.328367,-0.065765,0.069684,-0.743447,-1.040536,0.168815,2
893605456,-0.230906,0.044806,0.127975,-0.82483,-0.523276,0.312866,2
893638790,-0.123314,0.13656,0.101046,-0.841371,-1.107612,0.303284,2
893672124,-0.122386,-0.004745,0.104679,-0.950587,-1.298162,0.034219,2
893705458,-0.298402,0.00295,0.117874,-0.965102,-1.403289,-0.004573,2
893738792,-0.362644,0.123111,0.082939,-0.875621,-1.843213,0.196438,2
893772126,-0.429266,-0.083907,0.031788,-1.12933,-1.8242,0.204913,2
893805460,-0.526003,-0.02931,0.168388,-0.913808,-1.46486,0.384722,2
893838794,-0.512462,0.04309,0.151275,-0.005852,-1.788098,0.497426,2
893872128,-0.267201,-0.128933,0.101203,0.544682,-1.715966,0.297303,2
893905462,-0.357581,-0.153864,0.046377,0.761965,-1.15865,0.261048,2
893938796,-0.423664,-0.340021,0.171941,0.372962,-0.630219,0.189001,2
893972130,-0.398373,-0.541632,0.176665,0.050629,-0.260619,-0.107508,2
894005464,-0.139696,-0.324526,0.104261,-0.283927,-0.429007,0.303949,2
894038798,0.032497,-0.021272,0.095838,-0.519655,-0.296313,0.406634,2
894072132,0.080283,-0.05391,0.149455,-0.587899,-0.292516,-0.47088,2
894105466,0.207899,-0.161533,0.135178,-0.867455,0.27422,-0.63642,2
894138800,0.096388,-0.123643,0.226583,-0.961056,0.3689,-0.815536,2
894172134,0.184003,-0.036576,0.20329,0.176597,1.197787,-1.32677,2
894205468,0.355852,-0.166198,-0.005301,1.411242,2.270569,-1.4075,2
894238802,0.023565,-0.214562,0.095911,2.401525,2.896742,-0.879676,2
894272136,-0.277505,-0.23295,0.144937,3.368289,2.892296,-1.115816,2
894305470,-0.19715,-0.119372,0.092939,3.99754,3.033452,-0.253184,2
894338804,0.009298,-0.063239,0.08051,3.23155,2.604758,0.117828,2
894372138,0.067398,-0.174288,0.103667,2.864638,1.923051,0.671968,2
894405472,0.268166,-0.123438,0.133955,1.391715,0.895753,0.644134,2
894438806,0.428596,0.038967,0.182038,0.021129,0.745303,0.305912,2
894472140,0.46742,0.392562,0.225725,-2.207359,-0.449924,0.329659,2
894505474,0.560109,0.272358,0.235835,-3.267721,-0.800955,1.222274,2
894538808,0.404439,0.095785,0.128971,-3.81416,-0.884733,1.67536,2
894572142,0.638557,-0.299536,0.248314,-3.377819,-0.469508,1.004893,2
894605476,0.797573,-0.169087,-0.051487,-1.971194,0.35101,0.8121,2
894638810,0.333179,-0.11225,0.03134,-1.232203,0.544485,0.000743,2
894672144,0.074073,0.308705,0.100174,0.398173,0.517949,-0.948119,2
894705478,-0.037614,0.5529,0.107796,1.871034,1.002527,-0.817368,2
894738812,-0.272443,0.377062,0.254436,2.779529,1.150823,-0.388564,2
894772146,-0.384153,0.386251,0.145477,3.413403,1.265228,-0.201718,2
894805480,0.274804,0.46482,-0.218068,2.989793,1.012836,-0.250862,2
894838814,0.185619,0.186345,0.186857,1.617121,1.394783,-0.020702,2
894872148,0.256105,0.408816,0.179499,1.111572,1.324268,0.210158,2
894905482,0.580484,0.592123,-0.057765,0.357127,1.533842,0.275732,2
894938816,0.252937,0.364285,0.171317,-0.550829,1.720795,0.344591,2
894972150,0.027165,0.35785,0.098862,-0.994492,1.745401,0.197337,2
895005484,0.074234,0.334284,0.031396,-1.250265,2.062617,0.228172,2
895038818,0.089866,0.18038,0.139153,-0.944833,1.753166,0.377056,2
895072152,0.07925,0.352671,-0.007442,-1.358436,1.625166,-0.408327,2
895105486,0.115054,0.320037,0.076376,-1.315741,1.376042,-0.694065,2
895138820,0.198526,0.300746,0.088424,-0.618761,0.371767,-0.611428,2
895172154,0.118936,0.260477,0.087387,-0.402923,0.427325,-0.93922,2
895205488,0.151128,0.178375,0.067125,-0.355152,0.026473,-1.385657,2
895238822,0.232479,0.337011,0.169282,-0.577105,-0.656565,-1.393664,2
895272156,0.073131,0.245128,0.112215,-0.063987,-0.727112,-1.511732,2
895305490,0.042614,0.151929,0.133467,0.043592,-1.634674,-1.224367,2
895338824,0.06346,0.057326,0.101207,-0.161233,-1.994846,-0.850707,2
895372158,0.040398,-0.152167,0.065702,0.78155,-1.218827,1.512406,2
895405492,-0.087288,-0.275278,-0.00823,0.201437,-2.473449,2.285977,2
895438826,-0.013792,-0.290035,0.124044,0.140325,-1.979668,1.463203,2
895472160,0.071377,-0.045837,0.222676,0.258857,-1.529923,1.260041,2
895505494,0.033399,0.194761,0.075247,-0.11299,-1.796406,0.958263,2
895538828,0.161628,0.213149,0.05721,0.368906,-1.13324,1.267078,2
895572162,-0.141033,-0.215162,0.038221,0.478298,-1.549625,1.512982,2
895605496,-0.060279,-0.191051,0.090917,0.297175,-1.823944,1.364079,2
895638830,0.103596,-0.002574,0.117922,0.496091,-1.661245,1.810146,2
895672164,-0.150024,0.269411,0.157002,0.303051,-1.281219,0.955044,2
895705498,-0.298744,0.284444,0.323876,-0.304247,-1.21358,0.55954,2
895738832,-0.235982,0.169237,0.141958,-0.324866,-1.354979,0.453468,2
895772166,-0.450204,0.08323,0.1773,-0.668206,-0.822428,0.278094,2
895805500,-0.586163,0.099978,0.129298,-0.872092,-1.065559,0.189732,2
895838834,-0.43151,0.077214,0.013704,-0.657339,-0.352374,-0.065084,2
895872168,-0.612863,-0.071124,0.048998,-0.643191,-0.198571,-0.196265,2
895905502,-0.702201,-0.155134,0.118096,-0.756247,-0.854087,-0.068015,2
895938836,-0.607715,-0.033147,0.223835,-0.941249,-1.018636,-0.243901,2
895972170,-0.316137,-0.064743,-0.001902,-0.866433,-1.127566,0.132655,2
896005504,-0.439489,-0.238902,0.074538,-0.886965,-1.244248,0.310462,2
896038838,-0.339319,-0.002691,0.161855,-1.455102,-1.120077,-0.275954,2
896072172,-0.201679,-0.06886,0.072399,-1.474648,-0.869799,0.144557,2
896105506,-0.210146,-0.147826,0.12491,-1.120668,-1.556217,0.14281,2
896138840,-0.318505,-0.243641,0.147972,-0.980619,-1.627972,0.446534,2
896172174,-0.244288,-0.334452,0.070534,-0.564376,-0.851198,-0.349371,2
896205508,-0.024516,0.059437,0.094285,0.074711,-1.07437,-0.147046,2
896238842,-0.25193,-0.264345,-0.159084,0.254074,-0.986359,0.481253,2
896272176,-0.377572,-0.557504,0.004228,0.854854,-1.283704,0.903242,2
896305510,-0.24629,0.103106,0.120137,1.553756,-1.540765,1.243943,2
896338844,-0.074784,0.07802,0.203819,1.519983,-1.442991,0.654782,2
896372178,-0.29446,-0.188689,0.277706,2.156636,-1.17832,-0.729322,2
896405512,-0.325924,-0.139555,0.316893,2.443995,-0.283314,-1.060917,2
896438846,-0.157271,-0.127015,0.217436,2.989396,-0.259498,-1.258349,2
896472180,-0.003008,-0.121971,0.069693,2.329162,0.136688,-1.701576,2
896505514,0.081949,-0.231635,0.068526,0.939606,1.040253,-0.076104,2
896538848,0.065644,-0.48079,0.305768,0.826326,0.832984,0.207221,2
896572182,0.271591,-0.248301,0.192484,-0.174576,0.525932,0.330843,2
896605516,0.108126,-0.070937,0.180924,-1.392947,0.550381,0.960519,2
896638850,0.212718,-0.389261,0.286006,-1.949226,0.218273,1.448509,2
896672184,0.472586,-0.293278,0.011573,-2.04016,0.325317,-0.062943,2
896705518,0.343071,-0.43339,0.059954,-1.952262,0.929884,-0.325263,2
896738852,0.222316,-0.296189,0.10793,-0.747075,2.165845,-0.519469,2
896772186,0.205661,-0.038964,0.009931,0.273248,2.710394,-0.158471,2
896805520,0.005634,-0.018085,-0.006811,0.858123,3.233618,-0.360482,2
896838854,-0.1666,-0.063992,-0.028685,1.438894,3.153306,-0.820166,2
896872188,-0.187581,0.012526,-0.066848,2.556833,3.482496,-0.740446,2
896905522,-0.238262,0.075399,0.113102,1.508432,2.631832,-0.666594,2
896938856,0.000282,0.208608,0.165137,1.543518,1.838498,0.031428,2
896972190,0.149941,0.353316,0.201986,0.2508,0.50534,0.500778,2
897005524,0.486515,0.485337,0.213504,-1.739715,-0.457777,0.704359,2
897038858,0.670605,0.415913,0.209959,-2.026176,-1.993621,1.321064,2
897072192,0.792427,0.149513,0.196859,-2.625973,-1.536653,1.553555,2
897105526,0.847851,0.01942,0.116018,-1.895369,-0.261363,0.920046,2
897138860,0.676708,-0.010361,-0.026529,-0.651568,0.468461,-0.382957,2
897172194,0.205969,-0.039996,0.081182,0.710204,1.126984,-1.004164,2
897205528,-0.153297,0.182897,0.278359,2.058995,1.867034,-0.977682,2
897238862,-0.190306,0.646637,0.182096,2.792922,2.148315,-0.108459,2
897272196,0.067823,1.035224,0.367212,2.26846,2.001994,-0.286659,2
897305530,0.090809,1.537009,0.450687,1.596605,2.155792,0.072924,2
897338864,0.426087,0.406462,-0.117426,1.149225,2.33321,0.233421,2
897372198,0.502088,-0.527737,-0.238588,0.408042,2.57406,0.454919,2
897405532,0.270812,-0.765077,0.067148,0.090433,2.764588,0.027613,2
897438866,0.484854,-0.055753,-0.038646,-0.350891,2.371597,0.242777,2
897472200,0.457097,0.659415,0.023322,-0.687653,2.341989,0.197288,2
897505534,0.282434,0.663475,0.228549,-1.372763,2.494928,-0.043072,2
897538868,0.389205,0.519738,0.159884,-1.317314,2.227902,-0.099068,2
897572202,0.097179,0.200768,0.103312,-0.905389,1.56605,-0.559478,2
897605536,0.232027,0.090199,0.15636,-0.26384,0.366022,-0.20713,2
897638870,0.180341,0.201476,0.15505,0.337952,-0.437964,0.23527,2
897672204,0.340721,0.408329,0.022673,-0.515997,-1.2659,-0.926168,2
897705538,0.448694,0.446258,0.05148,-0.782344,-1.572412,-1.583106,2
897738872,0.187042,0.186201,0.102774,-0.034105,-2.167603,-0.990891,2
897772206,0.333385,0.08148,-0.153933,-0.485178,-2.29379,-1.222709,2
897805540,0.023744,-0.160827,-0.0605,-0.256256,-1.947548,-0.147765,2
897838874,-0.146054,-0.104702,0.146498,-0.303479,-2.115028,0.610578,2
897872208,-0.112722,0.362375,0.100751,-0.189589,-1.833523,0.546495,2
897905542,-0.243205,0.335165,0.081135,0.475579,-1.964135,1.021364,2
897938876,-0.259169,0.211419,0.121579,0.354927,-2.534405,1.795609,2
897972210,-0.320588,0.482449,0.183687,0.433102,-1.841675,1.180741,2
898005544,-0.541585,-0.246868,0.06214,0.090217,-1.369965,0.903837,2
898038878,-0.783982,-0.868248,0.240061,-0.218962,-1.158946,1.403743,2
898072212,-0.57804,-0.529243,0.29701,-0.416718,-1.013386,0.686043,2
898105546,-0.0321,-0.405603,0.110581,-0.359683,-0.846877,0.335245,2
898138880,-0.012786,-0.405729,-0.056994,-0.238368,-1.014488,0.510014,2
898172214,-0.356258,-0.230343,0.133465,-0.195669,-1.173507,0.288446,2
898205548,-0.341575,0.00444,0.284793,-0.266589,-1.021785,-0.259191,2
898238882,-0.25433,-0.101028,0.063998,-0.057839,-0.664183,0.401029,2
898272216,-0.208186,0.018498,0.162419,-0.027697,-0.642831,-0.022501,2
898305550,-0.426986,-0.126909,0.244227,-0.011597,-0.569104,0.01168,2
898338884,-0.268267,-0.176907,0.080911,-0.127734,-0.493036,0.668618,2
898372218,-0.104612,-0.105615,0.099263,-0.409771,-0.151816,0.007235,2
898405552,-0.043637,0.053594,0.185059,-0.606537,-0.47995,-0.112898,2
898438886,-0.376767,-0.166411,0.072957,-0.526442,-0.816039,0.08756,2
898472220,-0.394933,-0.213059,0.199067,-0.352436,-1.024241,-0.137479,2
898505554,-0.197031,-0.146972,0.147484,-0.213177,-1.185776,0.597018,2
898538888,-0.11111,-0.022691,0.05359,0.118362,-1.892105,0.296319,2
898572222,-0.304466,-0.164535,0.217855,-0.09446,-0.389933,0.773048,2
898605556,-0.144614,-0.117796,0.083074,-0.106086,-0.581122,0.458402,2
898638890,-0.151963,-0.189508,0.113023,-0.009221,-0.666981,0.387433,2
898672224,-0.176011,-0.108922,0.183254,0.118222,-0.790565,0.152683,2
898705558,-0.108459,-0.062615,0.155526,0.355087,-1.218072,0.366782,2
898738892,-0.09922,-0.018527,0.104181,0.270113,-0.889078,0.611633,2
898772226,-0.074136,-0.25874,0.109912,0.121774,-0.961559,0.295036,2
898805560,-0.076788,-0.126384,0.047085,0.108237,-1.039371,0.209607,2
898838894,-0.164658,-0.187562,0.078317,0.135568,-1.032781,0.441806,2
898872228,-0.197915,-0.166269,0.170189,0.111022,-1.006824,-0.020117,2
898905562,-0.284888,-0.20421,0.081965,0.021779,-1.049078,0.060379,2
898938896,-0.3514,-0.454811,0.097389,0.282418,-0.896861,0.472959,2
898972230,-0.237661,-0.289688,0.053684,0.414522,-1.052674,0.111072,2
899005564,-0.225513,-0.143485,0.093277,0.648409,-0.876761,0.51646,2
899038898,-0.199498,-0.064912,0.18248,1.042392,-0.625072,0.475891,2
899072232,-0.031219,0.069325,0.031213,0.724237,-0.351875,0.110887,2
899105566,-0.020153,0.029703,0.073016,0.955562,-0.307419,-0.004036,2
899138900,-0.060113,-0.097573,0.052629,0.662055,-0.082642,0.082397,2
899172234,-0.034391,-0.067797,0.178808,0.099525,-0.19963,-0.092749,2
899205568,-0.016817,-0.018202,0.142182,-0.341357,-0.406324,-0.306387,2
899238902,0.015455,-0.041126,-0.005173,-0.584943,-0.013057,0.065343,2
899272236,0.027905,0.042017,0.063773,-1.70406,0.40205,0.086008,2
899305570,0.200012,0.249719,0.217237,-2.896156,0.623349,1.050905,2
899338904,0.391961,0.392205,0.283505,-2.412013,1.330482,1.411285,2
899372238,0.289331,0.245188,0.125361,-1.05709,1.933316,0.855053,2
899405572,0.186299,-0.065577,0.048711,0.284295,2.533741,-1.048732,2
899438906,0.019628,-0.387843,-0.080724,1.529531,3.203133,-1.175451,2
899472240,0.128444,-0.30671,-0.105818,2.73872,3.43332,-1.912823,2
899505574,0.117622,0.082714,-0.144782,4.075821,3.885085,-1.930961,2
899538908,0.187485,0.333297,0.138217,4.040246,2.64146,-1.826488,2
899572242,0.203024,0.681391,0.504172,2.465733,2.356049,-1.213538,2
899605576,0.191181,0.697829,0.442337,1.168016,1.761208,-0.472378,2
899638910,0.365897,0.289953,0.445363,-0.865923,0.064462,0.387136,2
899672244,0.651034,0.19104,0.402891,-3.031749,-0.834317,1.340388,2
899705578,0.925245,0.233803,0.183503,-4.392951,-1.179682,2.463248,2
899738912,1.096505,0.430862,0.091888,-3.673771,-1.046612,1.943885,2
899772246,1.059541,0.344309,0.012918,-2.542533,-0.081432,0.950465,2
899805580,0.651741,0.100978,0.027243,-1.573492,0.006711,-0.193774,2
899838914,0.359764,0.064616,-0.015383,-0.565041,0.449284,-0.7644,2
899872248,0.208606,0.16175,0.127086,1.19304,0.871918,-0.977219,2
899905582,0.084881,0.056068,0.386701,2.694328,1.229335,-0.607091,2
899938916,-0.095709,0.090716,0.170066,3.560669,1.66638,-0.307772,2
899972250,-0.092197,0.068591,0.060694,2.476782,1.860031,-0.924208,2
900005584,0.189998,0.084958,-0.122221,1.606038,1.692621,-0.275612,2
900038918,0.260255,0.362164,-0.178372,1.446035,1.595181,-0.320026,2
900072252,0.389897,0.410117,-0.123506,-0.285227,1.619994,-0.154114,2
900105586,0.223393,0.158214,-0.011595,-1.370568,1.684493,-0.193069,2
900138920,-0.051823,0.007888,0.207369,-2.172103,1.413079,0.271858,2
900172254,-0.347115,0.098785,0.641801,-3.017561,1.944796,0.903894,2
900205588,-0.239594,0.223536,0.213133,-2.232943,1.994964,1.337442,2
900238922,0.035214,0.078857,-0.07849,-1.530082,1.850353,0.879703,2
900272256,0.203769,0.230545,0.136363,-0.433088,1.60951,0.711438,2
900305590,0.403265,0.351291,-0.023258,1.089522,0.923806,0.821432,2
900338924,0.408424,0.083382,0.012955,1.314473,0.767603,-0.435423,2
900372258,0.123826,-0.280754,0.106516,1.409027,0.429194,-1.679951,2
900405592,-0.138407,-0.06822,0.144433,0.929792,0.401074,-2.09967,2
900438926,-0.009824,0.363641,0.111993,0.583135,0.371966,-2.364645,2
900472260,0.255137,0.636718,0.284497,0.390534,-0.571212,-2.532795,2
900505594,0.36292,0.513225,0.037522,0.152362,-0.58446,-1.545155,2
900538928,0.287214,-0.132235,-0.106535,-0.608757,-0.472967,-1.383287,2
900572262,0.164679,-0.49394,-0.024288,-0.287789,-1.279052,-0.212328,2
900605596,0.240488,-0.408188,0.158702,-0.409088,-2.16247,1.439787,2
900638930,0.269792,-0.031515,0.030283,-0.468027,-1.871306,0.747411,2
900672264,-0.187097,-0.063725,0.082495,0.00648,-2.019402,0.922207,2
900705598,-0.373613,-0.022492,0.254064,-0.325903,-2.177409,2.410794,2
900738932,-0.507692,-0.115577,0.357608,0.058033,-1.711353,1.103973,2
900772266,-0.274175,-0.398313,-0.086371,0.712495,-1.904956,1.337155,2
900805600,-0.309095,-0.642442,-0.006291,0.713385,-2.10613,2.135076,2
900838934,-0.469934,-0.367926,0.205226,0.719599,-1.730312,1.940723,2
900872268,-0.518338,0.070084,0.227892,0.503047,-1.481947,1.259213,2
900905602,-0.403685,0.061506,0.129933,0.194021,-1.230164,1.1595,2
900938936,-0.336535,-0.163181,0.186474,-0.048835,-1.101938,1.064988,2
900972270,-0.305284,-0.086124,0.185034,-0.137281,-1.168548,0.366497,2
901005604,-0.191506,-0.038403,0.091021,-0.498938,-1.367523,0.39106,2
901038938,-0.151107,0.067914,0.183279,-0.288674,-1.221188,0.27831,2
901072272,-0.151221,0.005447,0.135823,-0.900483,-0.459044,-0.239062,2
901105606,-0.231211,-0.104613,0.101048,-0.613698,-0.27469,0.084081,2
901138940,-0.408843,-0.067976,0.124267,-0.22165,-0.846216,0.205166,2
901172274,-0.6701,0.062682,0.192289,-0.345003,-1.059909,0.270473,2
901205608,-0.398089,0.13866,0.039115,-0.575864,-1.092017,0.311781,2
901238942,-0.376619,-0.119723,0.090262,-0.780448,-1.226077,-0.176849,2
901272276,-0.397114,-0.095067,0.090611,-1.076866,-1.616384,0.395824,2
901305610,-0.372703,-0.115096,0.121229,-1.251895,-1.650685,0.339366,2
901338944,-0.178715,-0.189756,0.110365,-0.742097,-2.413363,1.737197,2
901372278,-0.141265,-0.229808,0.076193,-0.511719,-2.055347,1.087807,2
901405612,-0.17792,-0.19249,0.119901,-0.392895,-1.812612,1.776313,2
901438946,-0.129701,-0.156803,0.106677,-0.249929,-1.163355,0.24509,2
901472280,-0.119301,-0.073537,0.119493,0.608376,-1.192506,0.46292,2
901505614,-0.096024,-0.314466,0.053819,0.702119,-0.867609,0.344844,2
901538948,-0.225053,-0.344329,0.115042,0.861862,-0.608251,0.244487,2
901572282,-0.297636,-0.177104,0.128511,0.967234,-0.508742,-0.065178,2
901605616,-0.045789,-0.170286,0.116945,1.218196,-0.558276,-0.140031,2
901638950,-0.175676,-0.195826,0.052578,0.731844,-0.274947,-0.246114,2
901672284,-0.098556,-0.32093,0.111424,0.629804,-0.955436,-0.552565,2
901705618,-0.04571,-0.310073,0.157395,1.268585,-0.54107,-0.31093,2
901738952,-0.283167,-0.181668,0.20808,0.661949,-0.605616,-0.831207,2
901772286,-0.51626,-0.330876,0.20113,0.245594,-0.106198,-0.860549,2
901805620,-0.184896,-0.40757,0.055198,0.247949,-0.018681,-0.798464,2
901838954,-0.010454,-0.477899,0.039587,0.123623,-0.115361,-0.613414,2
901872288,-0.16177,-0.475538,0.132166,-0.130694,0.57852,-0.523953,2
901905622,-0.146035,-0.23386,0.125512,-0.821465,0.520677,-0.246947,2
901938956,0.223714,-0.022745,0.031152,-0.579797,1.081007,-0.309357,2
901972290,0.258438,-0.03899,0.06395,0.253148,1.427994,-0.607978,2
902005624,-0.062602,-0.294018,0.175709,-0.531398,2.504097,-0.159217,2
902038958,0.324119,0.032525,0.036916,-0.341602,2.129448,-0.232441,2
902072292,0.332181,0.368188,0.015429,-0.351093,1.940771,0.520763,2
902105626,0.041388,0.367983,0.222309,-0.512299,1.228601,0.419504,2
902138960,0.002952,0.242132,0.258294,-0.184116,1.076687,-0.117976,2
902172294,0.352943,0.31303,0.071363,0.529997,1.346884,0.524641,2
902205628,0.468606,0.183274,0.030673,0.573637,1.218075,0.242632,2
902238962,0.360384,-0.070729,0.007663,0.406395,1.417787,0.179786,2
902272296,0.38364,0.025976,0.089182,0.736774,1.013542,0.151577,2
902305630,0.311929,0.167216,0.102785,0.422094,0.983549,-0.225912,2
902338964,0.26257,0.357251,0.035792,0.250032,0.896387,-0.012424,2
902372298,0.302976,0.408213,0.170541,0.306497,0.769568,0.170053,2
902405632,0.231913,0.291228,0.267512,0.113457,0.916074,-0.085024,2
902438966,0.171407,0.191858,0.128803,0.104297,0.507338,-0.199355,2
902472300,0.232823,0.147733,0.187421,0.115902,0.707769,-0.042918,2
902505634,0.296311,0.111086,0.141665,-0.061407,0.583543,-0.129314,2
902538968,0.287149,0.209482,0.065754,-0.033175,0.631556,-0.060127,2
902572302,0.264089,0.176374,0.039219,-0.146266,0.292938,0.051256,2
902605636,0.257172,0.024877,0.180463,-0.179042,0.229655,0.185205,2
902638970,0.123894,0.01278,0.148094,0.097165,0.197981,0.210741,2
902672304,0.173731,0.224532,0.198448,0.145912,0.224396,0.15832,2
902705638,0.020706,0.221623,0.091319,0.299697,0.453958,0.222731,2
902738972,-0.057664,0.15214,0.14611,0.439951,0.244313,0.04552,2
902772306,-0.152517,0.146597,0.182591,0.231569,0.450041,-0.231089,2
902805640,-0.139817,-0.036595,0.222344,0.41477,0.592689,0.011929,2
902838974,0.000304,-0.304893,0.131578,0.736033,0.663509,0.215189,2
902872308,0.066631,-0.199932,0.071067,0.413452,0.335442,0.160429,2
902905642,0.136255,-0.006774,0.000839,-0.200254,-0.262844,0.211646,2
902938976,0.177795,0.028805,0.109138,-1.012179,-1.031366,0.69282,2
902972310,0.182434,0.096076,0.227659,-1.644638,-1.130451,0.730398,2
903005644,0.157499,0.164062,0.240347,-1.564231,-0.720043,0.744612,2
903038978,0.117332,0.026038,0.158093,-1.140545,-0.185963,0.686009,2
903072312,0.045674,-0.131217,0.057652,-0.814888,0.008963,0.452986,2
903105646,-0.144585,-0.246373,0.084416,-0.672961,-0.098518,0.349553,2
903138980,-0.192799,-0.130793,0.19629,-0.235613,0.007742,-0.363722,2
903172314,-0.157855,0.057759,0.269295,0.555945,0.690145,-0.683445,2
903205648,-0.039847,0.212113,0.288314,1.638496,1.020933,-0.058231,2
903238982,-0.03271,0.112377,0.157618,2.652658,1.482287,0.311585,2
903272316,0.101479,0.075171,0.041179,2.297427,1.291083,-0.916136,2
903305650,0.288854,0.152552,0.006047,0.16467,0.746843,-0.004022,2
903338984,0.513658,0.248718,0.23299,-1.802051,-0.028607,0.862862,2
903372318,0.714492,0.272477,0.234326,-1.976483,-1.623425,0.623139,2
903405652,0.709743,0.224666,0.335375,-1.107732,-1.98457,0.361527,2
903438986,0.596661,0.10369,0.254056,-1.06356,-0.662425,0.711416,2
903472320,0.458823,-0.149456,0.029701,-1.343163,0.004604,-0.040645,2
903505654,0.268853,-0.410689,-0.053901,-1.022051,0.984106,-0.577343,2
903538988,0.057883,-0.306697,-0.040659,0.117499,1.93441,-0.988596,2
903572322,-0.221572,-0.117601,0.038659,1.343755,2.65916,-0.523401,2
903605656,-0.324618,0.191016,0.170769,2.233916,2.857315,-0.081258,2
903638990,-0.399723,0.188544,0.333274,2.125326,2.728944,-1.020538,2
903672324,-0.083996,0.745605,0.173453,2.156713,2.174872,-0.318614,2
903705658,0.174235,0.268385,0.153775,2.0801,2.247432,-0.213708,2
903738992,0.462988,0.428588,-0.039868,1.495305,1.452174,0.095544,2
903772326,0.299547,0.176698,-0.102867,0.541033,2.291497,-0.000248,2
903805660,0.477727,0.200835,0.123714,-0.430445,1.812261,-1.035204,2
903838994,0.308784,0.069152,0.049869,-1.181626,0.943709,-0.542335,2
903872328,0.159041,0.115543,0.001855,-1.801049,1.545416,-0.826551,2
903905662,-0.007292,0.041734,0.189411,-1.808345,1.537445,-1.27841,2
903938996,0.000448,0.188858,0.12235,-1.456377,1.114091,-1.169543,2
903972330,0.196032,0.168636,-0.109387,-1.089901,1.539569,-1.060006,2
904005664,0.198359,0.225012,-0.11594,-0.318616,-0.497119,0.102467,2
904038998,0.263672,0.125229,-0.051195,-0.581529,-1.168916,0.24606,2
904072332,0.14335,0.038517,0.01197,-0.767813,-0.966446,-0.171474,2
904105666,-0.03462,-0.261859,0.119506,-1.101068,-2.438956,0.148935,2
904139000,-0.282607,0.12068,0.179526,-0.286554,-2.568779,0.630216,2
904172334,-0.149086,0.479625,0.118521,0.443791,-1.883456,0.996023,2
904205668,-0.323194,0.250558,0.302761,-0.028063,-2.097692,1.492593,2
904239002,-0.605959,-0.27436,0.181187,0.328099,-1.876415,1.710623,2
904272336,-0.277078,-0.223662,0.080938,0.679177,-1.806644,1.476532,2
904305670,-0.200698,-0.226399,0.119531,0.524452,-1.781612,1.903053,2
904339004,-0.167376,0.074314,0.029883,0.606102,-1.751796,1.70426,2
904372338,-0.418077,-0.321695,0.110716,0.23537,-1.683991,1.137362,2
904405672,-0.521855,-0.681159,0.139592,-0.124395,-1.388993,1.118199,2
904439006,-0.357526,-0.490061,0.168704,-0.262685,-1.187624,0.704196,2
904472340,-0.296001,-0.084971,0.21803,-0.311685,-1.141412,0.377935,2
904505674,-0.20515,-0.048718,0.225713,-0.264441,-1.401474,0.415323,2
904539008,-0.176682,-0.072137,0.086997,-0.146414,-1.440548,0.295961,2
904572342,-0.06692,-0.241426,0.168642,-0.1661,-1.553452,0.298408,2
904605676,-0.222126,-0.241337,0.116388,0.044071,-1.946135,0.389597,2
904639010,-0.164415,-0.150217,0.139335,-0.242458,-1.885909,0.123167,2
904672344,-0.197573,-0.043223,0.112304,-0.26853,-2.39891,0.00843,2
904705678,-0.238621,-0.137658,0.145277,-1.069977,-1.969384,0.382816,2
904739012,-0.219002,-0.308519,0.084987,-1.557111,-0.874509,0.639023,2
904772346,0.005165,-0.203343,0.084313,-1.44348,-1.413478,0.230051,2
904805680,-0.231641,-0.24814,0.097374,-1.223541,-1.423001,1.082406,2
904839014,-0.303271,-0.409114,0.095409,-0.396261,-1.143531,1.472659,2
904872348,-0.241785,-0.1285,0.210228,0.132986,-1.640754,1.136419,2
904905682,-0.390571,-0.10822,0.237213,0.455508,-1.354189,1.093326,2
904939016,-0.371929,-0.266696,0.165466,0.750436,-0.799272,0.566698,2
904972350,-0.301071,-0.14741,0.159697,0.618383,-0.754188,-0.593796,2
905005684,-0.234129,-0.200875,0.126575,0.865681,-0.147158,-0.597319,2
905039018,-0.124526,-0.290191,0.034276,0.884002,0.35161,-0.905705,2
905072352,-0.110976,-0.244561,0.120036,0.410293,0.477741,-1.347543,2
905105686,-0.208896,-0.131293,0.16834,0.202635,0.737909,-1.199904,2
905139020,-0.314728,-0.147198,0.182179,0.289014,0.989246,-0.58107,2
905172354,-0.300706,-0.214569,0.136917,0.207086,1.189582,-1.056433,2
905205688,-0.297403,-0.166159,0.145474,0.375742,1.423078,-0.712444,2
905239022,-0.398537,-0.327142,0.065647,0.798268,1.446687,-0.080882,2
905272356,-0.410762,-0.313239,0.27002,0.667166,1.219429,0.078702,2
905305690,-0.17665,-0.019546,0.079809,0.072089,0.83756,0.032524,2
905339024,-0.144943,-0.053369,0.213717,0.078406,0.441752,0.48767,2
905372358,-0.248128,-0.302619,0.124659,0.793218,0.677458,0.73789,2
905405692,-0.161903,-0.341075,0.188628,0.642919,0.421469,0.242522,2
905439026,-0.079848,-0.100969,0.127204,0.297157,-0.173757,-0.207077,2
905472360,0.338199,0.26604,-0.100122,0.246721,-0.345682,0.048282,2
905505694,0.849237,0.037042,-0.158089,0.397153,-0.319627,0.315515,2
905539028,0.907973,-0.346632,-0.085935,0.374385,-0.152011,0.089202,2
905572362,0.774206,-0.202012,0.103585,0.281791,0.19945,0.169401,2
905605696,0.700087,0.163331,0.038017,0.143048,0.783475,0.139633,2
905639030,0.627343,0.233191,0.190182,-0.004795,1.046873,-0.224749,2
905672364,0.669576,0.366861,0.222637,-0.693015,1.204323,-0.293034,2
905705698,0.488983,0.169099,0.173119,-0.918706,1.186524,-0.78862,2
905739032,0.45685,-0.167964,0.097268,-0.992771,0.890851,-1.480327,2
905772366,0.356194,-0.176602,0.059702,-0.706767,0.687776,-0.932555,2
905805700,0.088949,0.011621,0.118171,0.690141,0.994268,0.099254,2
905839034,0.187698,0.32382,0.256558,0.83035,0.608402,0.22473,2
905872368,0.208129,0.333804,0.185414,0.924045,0.531905,0.731562,2
905905702,0.065705,0.191561,0.187533,1.212198,0.462867,0.613871,2
905939036,0.06518,0.162186,0.164054,1.327235,0.575925,0.679889,2
905972370,0.031465,0.158321,0.227092,1.159274,0.875241,0.87871,2
906005704,0.097662,0.24048,0.022283,1.434434,0.792176,0.511791,2
906039038,-0.00311,0.294188,0.06302,1.846144,1.046505,0.109211,2
906072372,0.038333,0.262815,0.244784,0.347213,0.503279,-0.005651,2
906105706,-0.030586,0.160039,0.284375,-1.392736,0.303472,-0.269549,2
906139040,0.112126,0.072054,0.064708,-3.264281,-0.337779,0.192948,2
906172374,0.191691,-0.105056,0.296077,-4.379925,-0.70906,1.629753,2
906205708,0.350929,0.086838,0.232468,-4.060897,-0.743621,1.340124,2
906239042,0.330805,0.048503,0.032039,-2.876397,-0.388572,0.934979,2
906272376,0.194799,-0.003902,-0.079666,-1.651803,-0.211871,-0.166873,2
906305710,-0.09551,0.030265,-0.01161,-0.411538,-0.031018,-0.150581,2
906339044,-0.269593,0.119024,0.150865,0.62973,-0.037838,-0.50974,2
906372378,-0.364259,0.269998,0.345321,1.539214,0.159604,-0.981979,2
906405712,-0.149442,0.345367,0.319479,2.418367,0.30977,-0.656659,2
906439046,0.006259,0.261803,0.255921,2.947448,0.784583,-0.708297,2
906472380,0.42574,0.218855,-0.01535,2.830083,0.959794,-0.927175,2
906505714,0.408981,-0.07527,-0.039455,1.834562,1.217173,-0.468969,2
906539048,0.547503,-0.043251,0.115419,1.888609,1.111811,-0.179632,2
906572382,0.623173,0.105805,0.100657,0.92147,1.49846,-0.255897,2
906605716,0.487508,0.22333,0.13938,0.406067,0.942185,-0.39162,2
906639050,0.388292,0.163985,0.056699,-0.250004,0.98,0.177182,2
906672384,0.200518,0.208558,0.144712,-1.674613,1.516016,0.128572,2
906705718,0.235333,0.084797,0.261271,-2.131677,1.678114,0.484508,2
906739052,0.112206,0.079099,-0.002721,-2.521143,1.946915,0.873202,2
906772386,0.128941,-0.031434,-0.046944,-2.934561,1.887578,0.545382,2
906805720,0.169519,0.00598,0.061926,-2.422537,1.542543,0.346035,2
906839054,0.171606,0.080124,-0.018859,-1.292842,1.052445,0.384599,2
906872388,0.012875,0.174396,-0.012815,-0.169256,0.580028,0.491679,2
906905722,-0.087158,0.260063,0.225488,0.653934,0.224734,0.020108,2
906939056,-0.033494,0.270793,0.121563,1.467672,-0.431995,-0.341007,2
906972390,0.054684,0.382632,0.06351,1.977143,-0.730413,-0.615691,2
907005724,0.026106,0.161683,0.100377,1.359339,-0.732953,-1.001783,2
907039058,-0.268971,-0.11955,0.044652,0.749943,-0.676542,-1.960573,2
907072392,-0.134748,0.301081,0.156445,0.207931,-0.294916,-2.150408,2
907105726,0.375309,0.480292,-0.107266,0.141379,-0.624422,-1.208717,2
907139060,0.330698,-0.10427,-0.037695,-0.196938,-0.328864,-1.104849,2
907172394,0.50428,0.216067,-0.051204,-0.164425,-0.513686,-0.475131,2
907205728,0.006194,-0.20758,0.155199,-0.255816,-1.201524,0.083557,2
907239062,-0.699727,-0.813728,0.434245,-0.623947,-1.60052,1.730386,2
907272396,-0.760708,-0.256126,0.342914,-0.495947,-1.805063,2.776083,2
907305730,-0.504059,0.078704,0.28505,-0.520971,-2.063522,2.340624,2
907339064,-0.051615,-0.121632,0.030189,-0.47331,-1.876528,1.676882,2
907372398,-0.480952,-0.516639,0.21154,-0.25671,-1.684253,1.637941,2
907405732,-0.648138,-0.365552,0.176256,-0.057218,-1.590282,1.109923,2
907439066,-0.434005,-0.376507,0.216308,0.222898,-1.955111,1.239413,2
907472400,0.12214,0.155979,0.064456,-0.452673,-0.783969,0.512024,2
907505734,0.126058,-0.063993,-0.022467,-0.479138,-1.376533,0.273827,2
907539068,-0.21032,-0.468961,0.139017,-0.990532,-0.192101,0.253054,2
907572402,-0.180382,-0.299554,0.089319,-0.716214,-1.547046,0.70752,2
907605736,-0.000254,-0.046268,0.081429,-0.78309,-0.704121,0.644171,2
907639070,-0.194199,-0.15724,0.151723,-0.917481,-1.312924,0.422178,2
907672404,-0.43986,-0.251275,0.146737,-0.570047,-1.329782,0.536788,2
907705738,-0.314877,-0.038345,0.028094,-0.540555,-1.446144,0.682191,2
907739072,-0.04716,-0.153805,0.123782,-0.312331,-3.094847,0.474215,2
907772406,-0.058718,-0.098497,0.056818,-0.110763,-1.643783,0.791341,2
907805740,-0.281182,-0.276981,0.070557,0.174675,-1.491136,0.497693,2
907839074,-0.33596,-0.317579,0.141768,0.245498,-1.573476,0.352984,2
907872408,-0.342819,-0.229814,0.115821,0.605661,-2.129717,0.721375,2
907905742,-0.326201,-0.157436,0.196608,0.847635,-1.947779,0.382722,2
907939076,-0.346588,-0.314459,0.034675,0.459702,-1.10364,0.677989,2
907972410,-0.43085,-0.480512,0.231318,0.297965,-0.776947,0.575095,2
908005744,-0.453008,-0.22176,0.194867,-0.122585,-0.845142,0.172997,2
908039078,-0.214835,-0.363076,0.074804,0.117382,-0.862239,0.221384,2
908072412,-0.390637,-0.3367,0.1691,0.006376,-0.500629,0.003331,2
908105746,-0.245732,-0.412947,0.237194,-0.457577,-0.371413,-0.378369,2
908139080,0.154122,-0.230916,0.073567,-0.168601,-0.367123,0.009723,2
908172414,0.135907,-0.217822,0.140923,0.056483,-0.441456,0.13608,2
908205748,-0.083377,0.170221,0.177923,-0.471627,-0.240493,-0.497496,2
908239082,0.053774,0.111095,0.130677,0.256663,-0.003304,0.255489,2
908272416,0.221966,-0.061105,0.109418,0.519215,0.421704,-0.510032,2
908305750,0.049233,-0.239162,0.051532,0.128222,0.667144,-0.72819,2
908339084,0.079449,-0.219533,0.0739,0.143913,1.126097,-0.800615,2
908372418,0.1876,0.015205,0.012505,-0.186669,1.742569,-0.761978,2
908405752,0.367136,0.203274,-0.061794,-0.013856,1.577218,-0.330781,2
908439086,0.058966,0.066435,0.048142,-0.117312,1.737411,-0.587685,2
908472420,0.079041,0.053327,0.175572,0.193132,1.975874,-1.288518,2
908505754,0.030858,0.126724,0.064293,0.900377,1.940058,-0.59477,2
908539088,0.126788,-0.018143,0.163875,1.524756,2.427622,-0.664966,2
908572422,0.0957,0.1971,0.09072,2.489649,2.784526,-0.473293,2
908605756,0.240261,0.297459,0.169786,2.340247,2.095181,-0.013584,2
908639090,0.265472,0.323174,0.137099,1.976912,1.492445,0.142056,2
908672424,0.270027,0.170394,0.193266,1.354182,1.320028,-0.127145,2
908705758,0.363112,0.208556,0.005936,0.774068,0.402131,0.120399,2
908739092,0.248061,-0.082913,-0.008986,-0.183066,0.141498,0.359883,2
908772426,0.324773,-0.098722,0.033339,-1.084282,-0.153832,0.18362,2
908805760,0.153079,-0.01888,0.192921,-2.231596,-0.947895,0.76994,2
908839094,0.188272,0.074874,0.25597,-3.272724,-0.514978,1.170982,2
908872428,0.214347,0.09425,0.26124,-3.418465,-1.016586,0.784176,2
908905762,0.199458,0.044242,0.247397,-2.261804,-0.095631,0.803441,2
908939096,0.131785,0.174737,0.103235,-1.446442,0.184233,0.203469,2
908972430,-0.121653,0.057047,0.27198,-0.581165,0.231448,-0.056827,2
909005764,-0.07258,0.121881,0.23107,0.309802,0.3882,-0.123854,2
909039098,-0.021822,0.186431,0.174479,0.758242,0.970218,-0.580783,2
909072432,0.08518,0.309779,0.164984,1.663764,0.735567,-0.623735,2
909105766,0.223998,0.366331,0.130316,2.41145,0.877904,-0.756688,2
909139100,0.307322,0.413778,0.136597,3.08603,1.027358,-0.767581,2
909172434,0.33565,0.277189,0.197538,2.542337,1.169456,-0.155272,2
909205768,0.338667,0.280948,0.260976,1.70454,0.979973,-0.102404,2
909239102,0.34646,0.282112,0.212935,1.488593,1.300502,0.566984,2
909272436,0.452873,0.227896,0.1132,-0.050906,1.758662,0.733708,2
909305770,0.302885,-0.226173,-0.085254,-0.752587,1.959328,0.675221,2
909339104,0.330265,-0.061211,0.046981,-1.369468,1.81299,0.246053,2
909372438,0.505737,0.101057,0.027905,-1.611538,2.044177,0.274754,2
909405772,0.411329,0.047626,0.02492,-1.75291,2.325686,0.079724,2
909439106,0.250432,-0.088219,-0.011928,-1.483498,1.987253,-0.126575,2
909472440,-0.004512,-0.104383,0.195993,-1.139069,1.711633,-0.491995,2
909505774,-0.083562,-0.035386,0.270572,-1.085354,1.235481,-0.981869,2
909539108,0.096391,0.152998,0.186909,-0.173586,0.884311,-0.275706,2
909572442,0.184788,0.181035,0.106995,0.059121,0.369355,-0.543036,2
909605776,0.251959,0.058403,0.185687,-0.610123,0.245202,-1.495565,2
909639110,0.306592,0.045641,-0.01316,-0.176332,0.055383,-1.516517,2
909672444,0.130503,-0.009557,0.094479,0.130654,-0.53289,-1.334645,2
909705778,0.18699,-0.039297,0.11885,0.010611,-0.951816,-0.870376,2
909739112,0.022107,-0.041193,0.058047,1.077042,-1.884454,1.138215,2
909772446,0.262313,-0.057417,-0.06857,-0.174821,-1.890656,1.214928,2
909805780,0.149286,-0.02057,0.09632,-0.461868,-2.368068,0.358224,2
909839114,0.154222,-0.064032,0.031245,-0.694252,-0.379423,1.502919,2
909872448,0.108577,0.11931,0.045022,-0.484755,-1.503953,0.138568,2
909905782,-0.035958,0.380571,0.119144,-0.027913,-1.511372,0.561775,2
909939116,-0.194063,0.597511,0.247033,0.076834,-1.509898,0.757037,2
909972450,-0.179278,0.53699,0.279202,0.489255,-2.060312,0.743962,2
910005784,-0.083125,0.404469,0.098076,0.703555,-1.870966,1.461236,2
910039118,-0.005786,0.178128,-0.025432,0.366808,-1.673383,1.39719,2
910072452,-0.13551,-0.014243,0.020805,-0.050539,-0.752964,1.083813,2
910105786,-0.1105,-0.214828,-0.028503,-0.105535,-0.599027,0.631329,2
910139120,-0.201201,-0.459311,0.066747,0.039014,-0.478491,0.444528,2
910172454,-0.171098,-0.011486,0.176512,-0.411467,-0.801631,0.219468,2
910205788,0.201236,0.250101,0.128911,-0.334228,-0.545747,0.368637,2
910239122,0.028643,-0.006029,0.130682,-0.049312,-0.572086,0.08698,2
910272456,-0.122325,-0.45081,0.09895,-0.322502,-0.669349,0.197889,2
910305790,-0.348231,-0.52892,0.166556,-0.158795,-0.685927,0.22899,2
910339124,-0.180067,-0.267566,0.101661,-0.032237,-0.383778,0.364952,2
910372458,-0.131148,-0.211483,0.075522,-0.352158,-0.269941,0.338166,2
910405792,-0.163063,-0.204837,0.125997,-0.144125,-0.968749,0.796094,2
910439126,-0.217508,-0.254346,0.144009,-0.10498,-0.335211,0.525299,2
910472460,-0.32088,-0.152096,0.200347,-0.276295,-0.208688,0.283711,2
910505794,-0.169486,-0.119421,0.113627,-0.193816,-0.585315,0.351814,2
910539128,-0.178423,-0.110309,0.177993,-0.514748,-0.153171,-0.046204,2
910572462,-0.191932,-0.102329,0.138943,-0.669643,-0.020627,-0.308736,2
910605796,-0.144352,-0.019039,0.115407,-0.671207,-0.337723,-0.226801,2
910639130,-0.345814,-0.157023,0.119212,-0.703404,-0.499258,-0.253654,2
910672464,-0.301049,-0.177211,0.153807,-0.609624,-0.538429,-0.076653,2
910705798,-0.31189,-0.050045,0.12825,-0.597138,-0.729064,0.272817,2
910739132,-0.186325,0.023803,0.1162,-0.301596,-1.001652,0.445655,2
910772466,-0.315082,-0.101635,0.13547,-0.65931,-0.965435,0.075544,2
910805800,-0.285028,-0.097291,0.160402,-0.554475,-1.549635,0.269756,2
910839134,-0.252541,-0.049825,0.080253,-0.628898,-1.507677,0.120831,2
910872468,-0.365638,-0.214553,0.192432,-0.819468,-1.514064,-0.298962,2
910905802,-0.490801,-0.312823,0.127136,-1.111145,-1.948054,-0.4413,2
910939136,-0.417952,-0.485111,0.203957,-0.640028,-2.007514,-0.071673,2
910972470,-0.369973,-0.425245,0.101012,-0.17597,-1.956638,0.417278,2
911005804,-0.211508,-0.564782,0.124222,0.180289,-1.687804,0.805477,2
911039138,-0.088446,-0.237177,0.171433,0.878681,-1.452843,1.139866,2
911072472,0.105908,0.040626,0.080752,1.011038,-0.910733,0.70756,2
911105806,0.188583,0.106275,0.075502,0.758342,0.06945,0.38356,2
911139140,0.065736,-0.142046,0.157634,0.799613,0.422147,0.268632,2
911172474,0.14109,0.007023,0.178082,1.024023,0.325755,0.951045,2
911205808,0.157928,-0.012089,0.111395,0.84814,0.707246,1.247905,2
911239142,0.293898,-0.102229,0.084803,0.499645,0.697778,0.538799,2
911272476,0.15031,-0.008292,0.068048,0.105257,0.702046,0.230407,2
911305810,0.143332,-0.070122,0.104603,0.017661,0.53363,-0.15143,2
911339144,0.048631,-0.039843,0.09259,0.110946,0.615019,-0.275525,2
911372478,0.021605,-0.215271,0.090951,-0.146258,0.763175,-0.314382,2
911405812,0.076266,-0.17458,0.099607,-0.393835,0.657667,-0.651712,2
911439146,0.01973,-0.058217,0.140703,-0.177432,0.531994,-0.772374,2
911472480,0.065585,0.069117,0.126219,-0.766543,0.637265,-0.93515,2
911505814,0.104009,0.128136,0.068863,-0.686597,0.584823,-0.793712,2
911539148,0.154756,-0.018915,0.083964,-0.109137,0.597485,-0.88625,2
911572482,0.027738,-0.148404,0.156928,0.310378,0.883999,-0.54934,2
911605816,0.14856,-0.091005,0.155784,1.505975,1.240706,-0.215034,2
911639150,0.158703,0.11122,-0.024459,1.969087,1.723156,-0.05221,2
911672484,0.092682,0.018735,0.121977,2.651075,1.870547,-0.054358,2
911705818,0.11168,0.206134,0.059487,2.454347,1.790433,-0.048803,2
911739152,0.140881,0.172865,0.081802,2.249855,1.370533,0.068831,2
911772486,0.049351,0.033465,0.193409,1.827099,1.152405,-0.359802,2
911805820,-0.013923,-0.042937,0.047444,0.956847,0.83702,-0.167473,2
911839154,-0.037208,-0.2333,0.022135,-1.510001,-0.509819,0.416587,2
911872488,0.005982,-0.144655,0.240477,-3.516545,-1.15192,0.65371,2
911905822,0.268638,0.259984,0.304856,-4.322429,-2.154742,1.130511,2
911939156,0.579691,0.418337,0.311184,-3.61661,-1.231317,1.575182,2
911972490,0.582918,0.34835,0.22083,-2.355278,-0.027931,0.748165,2
912005824,0.411591,0.070167,-0.063667,-1.122466,0.264602,0.378992,2
912039158,0.057906,-0.179473,-0.001727,0.124415,0.413526,-0.538058,2
912072492,-0.109226,-0.125961,0.180066,1.501378,1.041515,-1.033898,2
912105826,-0.046181,0.234314,0.085883,2.469938,1.45753,-0.584067,2
912139160,-0.003495,0.379793,0.182092,3.469835,1.576859,-0.33145,2
912172494,0.145438,0.475587,0.290656,3.329155,1.832012,-0.628124,2
912205828,0.094646,0.349255,0.208746,2.425277,1.541846,-0.377775,2
912239162,0.205748,0.250352,0.153756,1.827382,1.819818,-0.263064,2
912272496,0.288073,0.262207,0.068788,0.458258,2.224707,-0.258679,2
912305830,0.215964,0.223542,0.105193,-0.99051,1.396043,0.260697,2
912339164,0.20412,0.244319,0.173367,-1.84168,1.585895,0.505017,2
912372498,0.298299,0.238187,0.167567,-2.191334,1.896133,0.5824,2
912405832,0.28458,0.230512,0.122357,-2.263238,1.847634,0.518214,2
912439166,0.262912,0.150149,0.104917,-1.540483,2.184944,0.461373,2
912472500,0.302245,0.008231,0.018207,-0.738071,2.083914,-0.227915,2
912505834,0.188763,-0.071282,-0.020008,-0.387168,1.414417,-0.518635,2
912539168,0.118608,-0.095301,0.068852,-0.284283,1.262994,-0.959317,2
912572502,0.204542,0.054503,0.173948,0.423788,0.590044,-1.217435,2
912605836,0.311699,0.220317,0.177412,0.123764,0.345564,-1.456123,2
912639170,0.357483,0.245965,0.142711,-0.070985,0.05687,-1.363137,2
912672504,0.364974,0.184633,-0.00599,0.131549,-1.067195,-1.303659,2
912705838,0.31087,-0.067989,0.017958,-0.049147,-1.176128,-0.720376,2
912739172,0.277779,-0.052034,-0.031043,0.616513,-1.897185,0.085284,2
912772506,0.280616,0.089395,0.125642,-0.099791,-1.94117,1.580875,2
912805840,0.094516,0.082701,0.21781,-0.18994,-2.236269,0.798325,2
912839174,0.1605,0.238297,0.099373,-0.151618,-1.618321,1.318097,2
912872508,-0.011792,0.212596,0.171746,-0.425205,-1.564319,0.958557,2
912905842,-0.154939,0.327619,0.12686,0.100294,-1.939978,1.1147,2
912939176,-0.129544,0.071889,-0.016472,0.171702,-2.03883,1.542178,2
912972510,0.047632,-0.002211,0.034733,0.142339,-1.653616,1.614831,2
913005844,-0.118076,-0.207712,0.164995,0.080693,-1.572367,1.267816,2
913039178,-0.161562,-0.038568,0.160397,0.128802,-1.468247,0.982783,2
913072512,0.045621,0.061149,0.032252,-0.07482,-1.221391,0.775512,2
913105846,-0.006628,0.016015,0.211988,0.247372,-1.550648,0.502081,2
913139180,-0.038559,0.013769,-0.012038,0.107665,-0.923992,0.320154,2
913172514,-0.306349,-0.391272,0.173645,-0.472332,-1.241914,0.109744,2
913205848,-0.317033,-0.533158,0.164598,-0.345467,-1.015262,0.538924,2
913239182,-0.007984,-0.284034,0.02251,-0.517584,-0.503873,0.535659,2
913272516,-0.101913,-0.192222,0.091033,-0.679469,-0.424206,0.323226,2
913305850,-0.277423,-0.162815,0.145709,-0.491244,-0.348682,0.618426,2
913339184,-0.353837,-0.444017,0.197735,-0.393916,-0.134549,0.234055,2
913372518,-0.320272,-0.481245,0.076201,-0.465302,-0.015836,-0.039773,2
913405852,-0.401538,-0.231162,0.105808,-0.326658,-0.575551,-0.291484,2
913439186,-0.446305,-0.178038,0.166042,-0.526794,-1.143623,0.006783,2
913472520,-0.531188,-0.237189,0.161017,-0.648249,-1.392881,-0.018954,2
913505854,-0.526564,-0.290795,0.173801,-0.297382,-1.728688,0.111843,2
913539188,-0.316754,-0.240964,0.114007,0.08913,-1.876445,0.55539,2
913572522,-0.177891,-0.096141,0.085347,-0.003689,-1.999724,0.312171,2
913605856,-0.234055,-0.155105,0.227552,-0.049321,-1.729776,0.019683,2
913639190,-0.309786,-0.187868,0.145774,0.001455,-1.581354,0.112105,2
913672524,-0.196566,-0.366583,0.098167,-0.136617,-1.256224,-0.064845,2
913705858,-0.26525,-0.231016,0.176648,-0.145193,-0.928158,0.10362,2
913739192,-0.324054,-0.184649,0.150605,0.266286,-0.889514,0.272377,2
913772526,-0.186447,-0.220469,0.161326,0.04953,-0.363595,-0.099084,2
913805860,-0.24305,-0.28489,0.116072,-0.144209,0.106927,-0.204506,2
913839194,-0.132423,-0.325036,0.132591,-0.518799,0.213435,0.012344,2
913872528,0.054603,-0.237276,0.069188,-0.618364,0.279123,-0.238528,2
913905862,0.156622,-0.149864,0.011376,-0.972021,0.627509,-0.157405,2
913939196,0.12593,-0.023277,0.113307,-1.259595,0.837705,-0.685636,2
913972530,0.112682,0.077428,0.077948,-0.676446,1.145131,-0.81298,2
914005864,0.129415,-0.096108,0.045925,0.750915,1.509544,-0.215545,2
914039198,-0.051246,-0.055208,0.058743,2.038804,1.918731,-0.218286,2
914072532,-0.124407,-0.013126,0.020942,3.355991,1.973023,-0.062851,2
914105866,-0.135925,0.010991,-0.008138,4.780022,1.576773,-0.164163,2
914139200,-0.183967,0.070863,0.11488,4.274873,1.090434,-0.777995,2
914172534,-0.162375,0.169885,0.223439,2.984782,0.495358,-0.6857,2
914205868,0.159725,0.385436,0.201979,1.179861,0.880414,-0.811754,2
914239202,0.387889,0.261499,0.264033,-2.082061,0.144358,-0.510063,2
914272536,0.419086,0.045038,0.339079,-4.259311,-0.334605,0.967165,2
914305870,0.631337,-0.108401,0.152471,-4.626918,-0.422527,2.125403,2
914339204,0.817688,-0.188286,-0.009374,-3.765532,-0.105594,2.252559,2
914372538,0.682921,-0.243175,-0.089836,-2.136791,0.530503,1.211523,2
914405872,0.402376,-0.159136,-0.126106,-1.573458,0.738325,0.502914,2
914439206,0.090305,-0.01691,-0.085492,-0.776548,0.613681,-0.438655,2
914472540,-0.11121,0.164275,0.267195,0.280625,0.448037,-0.928811,2
914505874,-0.04944,0.388189,0.462679,1.59642,0.870083,-0.323443,2
914539208,-0.037156,0.446113,0.181947,2.118893,0.466299,-0.632895,2
914572542,-0.154025,0.307858,0.232845,2.687555,0.39541,-0.713039,2
914605876,-0.11323,0.213525,0.171525,3.161416,0.203166,-0.515484,2
914639210,-0.041157,0.083673,0.159332,2.522322,0.174841,-0.252459,2
914672544,-0.028536,0.036535,0.198942,1.947067,0.257759,0.169131,2
914705878,0.173321,0.135347,0.124709,1.000452,0.186255,0.122901,2
914739212,0.42248,0.17183,0.147748,-0.105377,0.105703,0.414886,2
914772546,0.526833,0.177043,0.115519,-2.097987,0.393045,0.704372,2
914805880,0.639211,0.18979,0.12637,-4.123215,-0.056531,1.290208,2
914839214,0.762378,0.170725,0.292155,-4.643629,-0.124294,1.277084,2
914872548,0.746994,0.044427,0.111656,-3.407936,-0.429884,1.030334,2
914905882,0.610951,-0.073341,-0.053682,-1.938236,0.019261,0.079054,2
914939216,0.175238,-0.247582,-0.085041,-0.522573,0.097626,-0.05591,2
914972550,-0.305747,-0.251891,-0.0577,1.340356,0.208328,-0.228058,2
915005884,-0.430739,-0.049568,0.153767,2.410397,0.873615,-0.61568,2
915039218,-0.498364,0.225277,0.307372,3.44767,0.838351,-0.519241,2
915072552,-0.452854,0.561122,0.630968,3.834137,1.119142,-0.564836,2
915105886,-0.241255,0.561719,0.428359,2.98895,1.378232,-0.357509,2
915139220,-0.078541,0.193664,-0.038138,1.998934,1.450332,-0.09187,2
915172554,0.548959,-0.199761,-0.270178,1.4594,1.460021,-0.188416,2
915205888,0.882424,-0.13907,-0.04822,-0.016545,2.018626,0.135064,2
915239222,0.958437,0.109931,0.090484,-0.94115,2.114522,-0.091856,2
915272556,0.736176,0.138861,0.234645,-1.894118,2.196962,-0.163053,2
915305890,0.426722,0.045509,0.244427,-2.26421,2.355946,-0.088021,2
915339224,0.322462,0.030529,0.062799,-1.998695,1.983975,0.06794,2
915372558,0.194634,-0.00882,-0.176153,-1.615997,1.383726,-0.588238,2
915405892,-0.264825,-0.174565,0.056556,-0.887881,0.648636,-0.185566,2
915439226,-0.295637,0.041906,0.128861,-0.693149,0.20321,-0.356989,2
915472560,-0.12755,0.236922,0.051101,-0.904462,0.104333,-1.818704,2
915505894,0.030759,0.298829,0.129454,-0.32997,-0.738061,-1.482642,2
915539228,0.023248,0.150735,0.270181,-0.176386,-1.103889,-1.029983,2
915572562,0.080405,0.07661,0.079893,-0.253574,-1.646822,-0.435356,2
915605896,0.120555,0.042996,0.080272,0.362303,-1.575068,0.270301,2
915639230,0.068834,0.257942,0.111448,-0.191898,-1.54351,0.851763,2
915672564,0.188248,0.168832,-0.046331,0.147626,-1.690143,0.642801,2
915705898,0.073831,0.032394,0.055286,0.246107,-2.274168,1.288014,2
915739232,-0.174877,-0.286872,0.156825,0.209318,-2.132875,1.284413,2
915772566,0.049665,0.159159,0.071338,0.385738,-2.174021,1.129234,2
915805900,-0.086865,-0.051365,0.197178,0.385265,-1.352323,1.363623,2
915839234,-0.127629,-0.086436,0.136438,0.159223,-1.511864,1.385319,2
915872568,-0.068527,-0.094887,0.056003,-0.101741,-1.151281,1.225826,2
915905902,-0.160366,-0.300466,0.079976,-0.162908,-1.001119,0.904839,2
915939236,-0.250314,-0.382201,0.102033,-0.215919,-1.277468,0.816348,2
915972570,-0.308427,-0.268557,0.209121,-0.493474,-0.791974,0.827758,2
916005904,-0.261678,-0.191693,0.223307,-0.298463,-1.171547,0.815532,2
916039238,-0.284209,-0.28706,0.138386,-0.090253,-0.824836,0.586192,2
916072572,-0.41354,-0.395349,0.175536,-0.408838,-0.269067,0.151885,2
916105906,-0.265023,-0.263308,0.078621,-0.21569,-0.733004,-0.300584,2
916139240,-0.375914,-0.165533,0.132033,-0.448731,-0.748046,-0.212496,2
916172574,-0.430556,-0.27845,0.182586,-0.53496,-1.145246,-0.045406,2
916205908,-0.377591,-0.208183,0.067394,-0.56248,-1.61692,0.046267,2
916239242,-0.21725,-0.222853,0.088183,-0.710935,-1.826874,-0.034069,2
916272576,-0.288417,-0.160509,0.191001,-0.428,-1.642664,0.762938,2
916305910,-0.126002,-0.124722,0.125171,-0.255244,-1.462499,1.10691,2
916339244,-0.18938,-0.101555,0.196539,-0.27961,-1.584922,0.81837,2
916372578,-0.271289,-0.168956,0.094896,0.112402,-2.117074,0.927176,2
916405912,-0.272512,-0.165896,0.138498,0.530204,-1.749996,0.917743,2
916439246,-0.286016,-0.05811,0.172873,0.351876,-1.082429,0.480083,2
916472580,-0.268807,-0.156995,0.11684,0.634341,-1.281387,0.819101,2
916505914,-0.239277,-0.057145,0.130192,0.607268,-0.654449,0.833402,2
916539248,-0.434097,-0.187513,0.151696,0.163561,-0.091556,0.053729,2
916572582,-0.390305,-0.230378,0.22649,0.18597,-0.213599,-0.062083,2
916605916,-0.166632,-0.098705,0.027369,0.007012,-0.022009,0.160133,2
916639250,-0.047159,-0.239007,0.063536,-0.153092,-0.076193,0.127469,2
916672584,-0.09139,-0.185623,0.083932,-0.3226,0.000877,0.875817,2
916705918,-0.108465,-0.23699,0.084703,-0.553964,0.280178,1.386103,2
916739252,-0.178535,-0.24624,0.164066,-1.173448,-0.290566,1.176043,2
916772586,-0.028432,-0.14158,0.072931,-1.438254,0.463908,1.297477,2
916805920,0.106384,-0.038281,0.105056,-1.105202,0.453529,1.515352,2
916839254,0.078956,-0.091619,0.10212,-1.125183,1.201398,1.453816,2
916872588,-0.035686,-0.06438,0.057638,-0.854993,1.321617,1.269896,2
916905922,-0.146759,-0.143693,0.143417,-0.715599,1.849837,1.357797,2
916939256,-0.076383,-0.089449,0.232265,0.765671,2.050051,1.718002,2
916972590,-0.049488,0.064385,0.059085,2.852149,2.894944,1.303067,2
917005924,-0.01299,0.043133,0.063875,2.003054,2.300137,-0.446408,2
917039258,0.025236,0.108775,0.122217,1.320801,2.116553,-1.310176,2
917072592,0.144957,0.271679,0.178577,0.43387,1.050423,-1.830074,2
917105926,0.377501,0.344722,0.187765,-0.24236,0.551737,-1.930508,2
917139260,0.380363,0.184221,0.091297,-0.00185,0.588176,-2.795675,2
917172594,0.224805,0.030764,0.01298,-0.042574,-0.30647,-3.640134,2
917205928,0.258753,0.092511,0.145596,1.827997,-0.134421,-4.180798,2
917239262,0.37589,0.054071,0.213377,5.092699,1.322639,-2.215834,2
917272596,0.518798,0.044391,0.077607,5.280941,1.755618,-2.985679,2
917305930,0.765475,0.11907,0.109626,1.961646,1.223289,-2.538357,2
917339264,0.928336,0.189123,0.083011,-0.689992,-0.404261,-0.607431,2
917372598,1.030624,0.254045,0.385969,-2.488472,1.189157,3.326613,2
917405932,0.886034,0.226433,0.33976,-3.426649,0.353693,3.735419,2
917439266,0.615708,-0.002757,0.379037,-3.758036,1.021183,3.193074,2
917472600,0.36729,-0.18133,0.176522,-2.644255,0.874382,1.333346,2
917505934,0.041639,-0.251012,-0.129764,-1.806148,0.503157,-0.805825,2
917539268,-0.656214,-0.124088,-0.028098,-0.747543,0.814025,-2.904234,2
917572602,-0.951969,-0.31359,0.697145,1.79832,0.29558,-3.206466,2
917605936,0.710307,0.504827,0.466098,3.872485,0.232508,-2.695338,2
917639270,0.922655,0.916123,-0.258704,3.81947,1.143283,-2.453256,2
917672604,1.458532,0.417887,-0.355232,2.350676,0.991368,-1.203776,2
917705938,1.443456,0.342388,-0.321274,1.653817,1.616021,-0.327451,2
917739272,0.838895,0.198907,-0.297442,1.281686,1.817916,0.345405,2
917772606,0.40238,0.065123,-0.134922,0.176549,2.206379,-0.300621,2
917805940,0.129894,0.418231,0.469339,-0.40827,2.279621,-0.499314,2
917839274,-0.140119,0.442162,0.613546,-1.030637,2.089888,-0.740301,2
917872608,-0.256397,0.123646,-0.045067,-1.027808,2.590654,-1.735151,2
917905942,-0.65488,-0.250136,-0.434163,-0.306773,1.444977,-3.055748,2
917939276,-0.917801,-0.314654,-0.033072,-0.568141,0.71115,-2.046484,2
917972610,-0.423994,0.057102,0.317362,0.479557,1.019916,-1.699097,2
918005944,0.214141,0.644216,0.300075,0.760429,-0.433192,-0.680537,2
918039278,0.357408,0.246764,-0.007603,0.354138,0.649796,0.234115,2
918072612,0.138993,-0.322167,-0.110357,0.344046,0.055023,-0.440986,2
918105946,0.072753,-0.535535,-0.030443,-0.34565,-1.109781,-0.284123,2
918139280,-0.055611,-0.490565,-0.129454,0.275782,-1.174719,0.853359,2
918172614,-0.209247,-0.545237,0.151233,-0.258065,-2.409939,0.769033,2
918205948,-0.294274,0.254284,0.433119,-0.145972,-2.233891,2.233113,2
918239282,-0.028352,1.188892,0.506924,-0.714705,-2.60122,2.320813,2
918272616,-0.111696,0.237952,0.240173,-0.341168,-3.014757,2.714381,2
918305950,0.008783,-0.549611,-0.129036,-1.063566,-2.397026,3.012649,2
918339284,-0.010631,-0.563066,0.080817,-1.025972,-2.363708,2.625737,2
918372618,-0.112323,-0.194365,0.191091,-1.13194,-2.061543,2.549639,2
918405952,0.012581,0.157833,0.097376,-1.053262,-1.368942,2.029914,2
918439286,-0.106484,-0.149584,0.146596,-0.927379,-1.385873,1.744543,2
918472620,0.109275,-0.140425,0.099278,-0.93003,-1.327707,1.594525,2
918505954,0.049759,-0.100285,0.149369,-0.679243,-1.072196,1.224615,2
918539288,-0.131791,-0.095707,0.135663,-0.608249,-1.335055,0.803461,2
918572622,-0.167805,0.060064,0.151056,-0.333856,-0.867747,0.689338,2
918605956,-0.268134,0.075544,0.179038,-0.399259,-1.00914,0.041447,2
918639290,-0.406743,-0.04098,0.195285,-0.485027,-0.191933,-0.015075,2
918672624,-0.525988,-0.170135,0.049082,-0.830996,0.02254,-0.390363,2
918705958,-0.601205,0.007292,0.132462,-0.943743,-0.711477,-0.010969,2
918739292,-0.573005,0.049253,0.133418,-1.461053,-0.664708,0.098582,2
918772626,-0.41189,0.067737,0.097972,-1.310871,-0.916658,0.364697,2
918805960,-0.646414,-0.153573,0.141184,-1.080722,-0.858908,0.412967,2
918839294,-0.482904,-0.220076,0.10986,-1.027832,-1.43318,0.55978,2
918872628,-0.296753,-0.227906,0.049103,-0.625597,-0.735987,0.394891,2
918905962,-0.30239,-0.132402,0.173238,-0.651391,-1.132904,0.400404,2
918939296,-0.131956,-0.041417,0.125803,-0.338271,-1.004525,0.204813,2
918972630,-0.062034,-0.082896,0.114617,-0.263642,-1.134177,0.275574,2
919005964,-0.167208,-0.207902,0.156514,-0.008282,-1.170937,0.070827,2
919039298,-0.097125,-0.25047,0.197681,0.089518,-1.293723,0.366163,2
919072632,-0.075477,-0.058636,0.129865,0.382987,-1.951928,0.550605,2
919105966,0.067446,-0.257673,0.119807,0.519484,-0.960444,0.353107,2
919139300,0.026284,-0.213066,0.08959,0.651942,-1.122756,0.328452,2
919172634,-0.113637,-0.228191,0.200089,0.755653,-1.096748,0.332871,2
919205968,-0.232943,-0.150306,0.180116,1.005897,-0.77275,0.458255,2
919239302,-0.073194,-0.153864,0.114031,0.53087,-0.915653,-0.065681,2
919272636,-0.28435,-0.394998,0.174325,0.721636,-0.748725,-0.073012,2
919305970,-0.172693,-0.328372,0.058464,0.693357,-0.848982,-0.051198,2
919339304,-0.20206,-0.205521,0.152347,0.820342,-0.898238,-0.124767,2
919372638,-0.292683,-0.209466,0.126838,0.794519,-1.039803,-0.123109,2
919405972,-0.244883,-0.265983,0.077587,1.026839,-0.658933,0.066594,2
919439306,-0.231573,-0.38555,0.077965,0.766501,-0.565213,0.105314,2
919472640,0.058483,-0.18146,-0.0271,1.008315,-0.342137,0.462143,2
919505974,-0.114452,-0.129875,0.076206,0.858957,0.280692,0.650075,2
919539308,-0.241594,-0.066471,0.171177,0.707701,0.949269,0.937857,2
919572642,-0.319447,0.053272,0.095546,0.812764,1.159482,0.958353,2
919605976,0.009674,0.02241,0.060946,0.790012,1.159099,1.054985,2
919639310,-0.068048,0.116917,0.10674,-0.181829,1.648084,1.581901,2
919672644,-0.128831,0.250685,0.312457,-1.110923,0.931521,1.134031,2
919705978,-0.038891,0.46177,0.196231,-0.740264,0.70429,0.831346,2
919739312,0.077616,0.418887,0.127378,-0.689948,0.289514,0.449835,2
919772646,0.658833,0.23146,-0.049749,-0.277804,0.435649,0.05484,2
919805980,1.134174,-0.025898,-0.093017,-0.781561,0.843815,0.260222,2
919839314,1.062045,-0.718028,0.10137,-1.443822,0.623277,-0.447029,2
919872648,0.558387,-0.878409,0.095815,-1.542629,0.417841,-1.37832,2
919905982,0.599274,-0.595335,0.063079,-0.978228,0.877409,-1.531414,2
919939316,0.596899,0.127517,0.10051,0.198284,2.300392,-1.988337,2
919972650,0.401806,0.60848,0.148808,1.1364,2.528105,-2.505269,2
920005984,0.219971,0.578345,0.160383,1.64321,2.900713,-2.230326,2
920039318,-0.068653,0.230021,0.221286,2.758677,2.71467,-2.356179,2
920072652,-0.177529,0.198081,0.013612,2.793384,2.048059,-2.60179,2
920105986,-0.099116,0.245056,0.121252,1.45749,1.249939,-2.004802,2
920139320,0.025709,0.320787,0.255526,0.789722,0.97359,-0.908564,2
920172654,0.362547,0.386672,0.292027,-0.718273,-0.346997,0.393542,2
920205988,0.521046,0.359079,0.282056,-2.435784,-0.284006,2.357774,2
920239322,0.578028,0.164673,0.273951,-3.120733,-1.053678,3.460164,2
920272656,0.472028,0.068891,0.23753,-2.781059,-1.340116,3.699751,2
920305990,0.404327,0.018252,0.130388,-1.625567,-0.632347,2.624273,2
920339324,0.133456,-0.107408,-0.001251,-0.918212,-0.718389,1.220576,2
920372658,-0.067772,-0.167535,-0.008304,-0.413052,-0.226929,0.239667,2
920405992,-0.193263,-0.153448,0.021707,0.166277,0.024085,-1.029229,2
920439326,-0.267169,0.079013,0.121976,0.494508,0.616349,-1.30982,2
920472660,-0.13888,0.350191,0.24714,0.872171,1.034057,-1.530128,2
920505994,0.093304,0.411513,0.342267,1.298493,1.04013,-1.904269,2
920539328,0.25205,0.349065,0.258574,2.345312,1.4871,-1.43292,2
920572662,0.350804,0.119968,0.165985,2.480767,1.428414,-1.589237,2
920605996,0.447317,-0.248947,0.056025,1.47078,1.574555,-1.181356,2
920639330,0.542325,-0.109001,0.01569,0.985583,1.323916,-0.611236,2
920672664,0.440947,0.158337,0.01376,0.532616,1.607468,-0.068295,2
920705998,0.24245,0.273138,0.122657,-0.443624,1.718722,0.260237,2
920739332,0.062532,0.288765,0.093893,-0.211296,2.341041,-0.084654,2
920772666,-0.213598,0.155646,0.029437,-0.516813,2.572506,0.043868,2
920806000,-0.303564,0.014565,0.247081,-0.638272,2.437753,-0.71526,2
920839334,-0.126039,0.242101,0.306733,-0.730076,2.284449,-0.888496,2
920872668,-0.125096,0.24128,0.205433,-0.518965,2.591452,-0.378016,2
920906002,0.251514,-0.022418,0.203738,-0.437476,2.231096,-1.241869,2
920939336,0.472743,-0.025711,0.110698,-0.029554,1.231043,-1.664025,2
920972670,0.694144,-0.016706,0.01671,0.545453,1.222386,-1.23558,2
921006004,0.665974,0.023345,0.039948,1.18335,0.822022,-0.995106,2
921039338,0.532709,0.00536,0.178999,2.409241,-0.611043,-0.276331,2
921072672,0.274943,-0.008648,0.072284,1.328779,-0.838991,0.098386,2
921106006,0.132001,-0.060877,0.001815,-0.132263,-0.569265,-0.416209,2
921139340,0.055096,0.00911,0.158145,0.319125,-1.733457,0.241043,2
921172674,0.206661,0.113996,0.160893,0.16305,-1.982013,0.749203,2
921206008,0.399971,-0.041077,0.020415,-0.738898,-1.161377,-0.169389,2
921239342,0.114115,-0.249103,-0.046551,-0.125797,-1.882174,0.295131,2
921272676,-0.087833,-0.430976,-0.082867,-0.117358,-1.957425,0.557899,2
921306010,-0.145487,-0.338994,-0.190627,-0.332894,-1.224614,0.532703,2
921339344,-0.037952,-0.542231,-0.125927,0.210433,-2.234894,1.584296,2
921372678,0.148451,-0.104842,0.002796,-0.166449,-2.287851,1.414095,2
921406012,-0.3068,0.256007,0.134809,-0.641415,-1.021409,1.627358,2
921439346,-0.863768,0.477454,0.47691,-0.584005,-1.47109,1.695956,2
921472680,-1.02546,0.777901,0.539507,-0.497828,-1.685912,1.118433,2
921506014,-0.634867,0.088524,0.323742,-0.66976,-1.501463,1.235787,2
921539348,-0.370749,-0.741654,-0.145583,-0.478977,-1.453651,1.25983,2
921572682,-0.299985,-0.839395,-0.015889,-0.658606,-1.055317,1.056241,2
921606016,-0.497617,-0.296132,0.218776,-0.902906,-0.978104,0.810867,2
921639350,-0.4339,-0.04267,0.158938,-0.839414,-1.105523,0.730281,2
921672684,-0.24152,-0.257052,0.132768,-0.651903,-0.756118,0.896397,2
921706018,-0.087398,-0.293866,0.07695,-0.643196,-0.935807,0.79941,2
921739352,-0.05099,-0.139117,0.103491,-0.555999,-1.187467,0.333471,2
921772686,-0.13254,0.015768,0.2065,-0.496446,-0.522349,0.308989,2
921806020,-0.231694,-0.034302,0.177568,-0.50276,-0.794719,0.258425,2
921839354,-0.262525,-0.004971,0.192842,-0.337807,-0.934964,0.42779,2
921872688,-0.086601,-0.023434,0.20645,-0.10212,-0.799144,0.764293,2
921906022,-0.199936,-0.150385,0.132395,0.12423,-0.707763,0.202498,2
921939356,-0.184389,-0.283232,0.098141,0.21521,-0.70182,0.369123,2
921972690,0.081049,-0.325082,-0.076932,0.137471,0.09153,-0.231828,2
922006024,0.046508,-0.181734,0.156978,0.092732,-0.152253,-0.188737,2
922039358,0.074662,0.08105,0.115957,0.19693,-0.193353,-0.364638,2
922072692,0.00222,0.182963,0.129061,0.069622,0.074837,-0.226688,2
922106026,0.09581,0.196468,0.036753,0.212895,-0.469238,-0.273025,2
922139360,0.107434,0.103309,0.142925,0.377287,0.229369,-0.209006,2
922172694,0.105331,0.033225,0.074083,0.067586,0.115703,-0.280119,2
922206028,0.198289,0.042688,-0.003694,-0.051103,0.314203,-0.174434,2
922239362,0.221595,0.119924,0.151727,0.107223,-0.038388,0.044082,2
922272696,0.242716,0.306852,0.102304,0.244993,0.188642,0.179735,2
922306030,0.065873,0.147096,0.167939,0.209497,-0.181042,0.332743,2
922339364,-0.120956,0.135137,0.197144,0.077646,-0.112971,0.505224,2
922372698,-0.091562,0.188885,0.147133,-0.063223,-0.081867,0.377678,2
922406032,-0.161365,-0.098925,0.075596,-0.169113,-0.250096,0.23451,2
922439366,-0.073327,-0.137901,0.086854,-0.66882,-0.1382,0.231168,2
922472700,-0.16483,0.032015,0.11515,-0.711453,-0.477374,0.390875,2
922506034,-0.293233,0.155149,0.147886,-0.329807,-0.452195,0.633318,2
922539368,-0.155591,0.247857,0.170913,-0.037442,-0.807298,0.420845,2
922572702,-0.088693,-0.070169,0.096831,-0.235894,-0.85225,0.348897,2
922606036,-0.003739,-0.165416,0.171166,-0.275845,-1.336001,0.279647,2
922639370,-0.000302,-0.130937,0.109521,-0.117652,-0.953409,0.605509,2
922672704,0.006179,-0.104594,0.124697,-0.192309,-0.950252,0.675493,2
922706038,-0.025577,-0.19043,0.075024,-0.209391,-1.058487,0.610823,2
922739372,-0.029217,-0.107058,0.073505,-0.168253,-0.903802,0.519804,2
922772706,-0.198199,-0.208743,0.126798,-0.186647,-0.831582,0.616304,2
922806040,-0.205071,-0.198519,0.179298,-0.001159,-1.022274,0.708191,2
922839374,-0.208585,-0.02019,0.061041,-0.084518,-0.953082,0.620415,2
922872708,-0.119513,-0.054799,0.11953,0.078252,-1.289003,0.557954,2
922906042,-0.159582,0.040224,0.027267,-0.051237,-1.117704,0.434907,2
922939376,-0.21241,-0.203178,0.088198,-0.02529,-1.217238,0.439143,2
922972710,-0.234724,-0.127037,0.172992,0.195696,-1.260593,0.491887,2
923006044,-0.308708,-0.086538,0.012836,0.435945,-1.303112,0.516786,2
923039378,-0.213038,-0.103175,0.094157,0.720177,-1.016046,0.693511,2
923072712,-0.259207,-0.106412,0.155659,0.986969,-0.780442,0.305681,2
923106046,-0.0837,-0.056194,0.182714,0.998414,-0.330514,0.179922,2
923139380,-0.006237,0.117153,0.062291,1.086807,-0.216707,-0.152976,2
923172714,0.425212,-0.453986,-0.200144,0.77602,0.007533,-0.076,2
923206048,0.044378,-0.572075,-0.026475,0.748986,0.127693,0.179496,2
923239382,-0.013484,-0.506953,0.066298,0.535782,0.247089,-0.183922,2
923272716,-0.08417,-0.002248,0.134496,-0.095886,1.063414,0.199704,2
923306050,-0.189972,0.274559,0.258875,-0.071526,1.121634,0.499954,2
923339384,-0.01134,0.316696,0.169515,-0.11292,1.151949,0.225022,2
923372718,-0.10348,0.222592,0.169974,-1.134568,1.425435,-0.107168,2
923406052,0.077743,-0.046993,0.213875,-1.241283,1.315057,-0.168471,2
923439386,0.422506,-0.550542,0.164297,-0.946654,1.750279,0.374706,2
923472720,0.283931,-0.421839,0.050749,-0.726864,1.580596,0.342409,2
923506054,0.4707,-0.033001,0.159153,-0.653686,1.424289,-0.062227,2
923539388,0.587022,0.303697,0.177147,-0.257754,1.385087,-1.056424,2
923572722,0.48022,0.270628,0.275272,0.077359,1.41006,-2.269475,2
923606056,0.265108,0.280784,0.220812,1.080612,1.694119,-2.4524,2
923639390,0.139937,0.210304,0.256151,2.17636,2.180048,-2.095144,2
923672724,0.161887,0.327079,0.236226,3.331822,1.854676,-2.595032,2
923706058,0.129834,0.354211,0.169771,3.161463,1.492253,-2.448275,2
923739392,0.058492,0.348437,0.080045,2.019792,1.370533,-1.85163,2
923772726,0.115405,0.34846,0.080182,1.199572,0.838347,-1.163251,2
923806060,0.250967,0.174575,0.092472,-0.620914,-0.273562,0.823066,2
923839394,0.543889,0.083888,0.171438,-2.480518,-0.309197,2.90485,2
923872728,0.709851,0.218797,0.159078,-3.649236,-1.029597,4.002644,2
923906062,0.767829,0.324224,0.248607,-3.457608,-0.740164,3.937071,2
923939396,0.742976,0.282475,0.262297,-2.247215,-0.228885,2.793011,2
923972730,0.499278,0.104525,0.076284,-1.384201,-0.30508,0.883831,2
924006064,0.189476,0.037901,0.017034,-0.598163,0.254473,-0.143487,2
924039398,-0.005305,0.059745,0.008864,0.201915,0.498457,-1.634541,2
924072732,-0.25743,0.198162,0.058291,1.197963,1.038434,-2.499873,2
924106066,-0.347337,0.07226,0.271194,2.919228,1.206954,-2.509125,2
924139400,-0.126533,0.036345,0.310803,3.859991,1.65479,-2.508958,2
924172734,0.046164,-0.031702,0.159679,3.012891,2.359861,-2.217351,2
924206068,-0.105921,-0.146595,0.171397,2.065736,2.403824,-1.624234,2
924239402,0.247195,-0.047163,0.232196,1.002277,3.278501,-1.121779,2
924272736,0.576713,0.30822,0.258662,0.203688,3.140272,-0.748291,2
924306070,0.397449,0.407061,-0.005857,-0.46752,2.730098,-0.404432,2
924339404,0.243018,0.120973,-0.14658,-1.342005,2.502144,-0.264789,2
924372738,0.425297,-0.103125,-0.214671,-1.04816,1.788188,-0.331786,2
924406072,0.475297,-0.224892,-0.087267,-0.70632,1.662466,-0.271736,2
924439406,0.261299,-0.200569,0.034252,-0.169879,1.543928,-0.284696,2
924472740,0.059123,0.102007,0.252107,0.706799,0.46471,-0.031835,2
924506074,0.211234,0.282014,0.298231,0.202865,-0.128538,-1.185865,2
924539408,0.272334,0.278508,0.116261,-0.56364,0.292729,-1.954435,2
924572742,-0.025781,0.164949,0.087222,-0.933569,-0.476686,-2.312008,2
924606076,-0.485216,-0.216983,-0.002479,0.883032,-1.387528,-0.042327,2
924639410,-0.638117,-0.379833,0.138121,1.088334,-1.758581,0.722157,2
924672744,-0.620073,-0.106724,0.25598,1.64089,-2.71098,2.410252,2
924706078,0.053026,0.310863,0.057636,0.388118,-3.00614,2.485789,2
924739412,0.47398,0.227377,0.009678,-0.967929,-2.759151,2.337898,2
924772746,0.414749,0.284725,0.113408,-1.238202,-2.085293,2.132954,2
924806080,0.342632,0.148544,-0.08706,-1.926232,-1.831865,2.550727,2
924839414,0.079951,-0.098012,0.018118,-1.675931,-2.888295,2.563892,2
924872748,0.186767,0.374603,0.020156,-2.195652,-3.310585,3.591982,2
924906082,-0.208579,-0.028739,0.085382,-2.797715,-3.239962,3.480952,2
924939416,-0.317699,0.31657,0.123102,-3.042813,-3.066005,4.009256,2
924972750,-0.779274,0.244343,0.28016,-3.137332,-2.114741,3.621641,2
925006084,-0.769622,0.05847,0.222114,-3.556084,-1.68397,3.880094,2
925039418,-0.290788,-0.351287,0.067582,-3.106884,-2.134653,3.416822,2
925072752,-0.251323,-0.608717,0.008629,-3.028658,-1.235613,2.445302,2
925106086,-0.049844,-0.626729,-0.008165,-2.573934,-0.405286,1.235354,2
925139420,0.147842,-0.297107,0.213657,-2.005999,-0.692953,1.236974,2
925172754,0.216453,0.081307,0.061061,-0.715373,0.136873,1.001563,2
925206088,0.165381,0.00861,0.19756,0.596408,1.027085,-0.529285,2
925239422,-0.302828,-0.062876,0.101581,1.707534,0.87498,-2.306792,2
925272756,-0.765241,-0.25185,0.148355,2.461241,2.018224,-3.370008,2
925306090,-0.863402,0.150021,0.20985,2.607796,1.548104,-5.051576,2
925339424,-0.256504,0.30693,0.067206,2.132888,1.000845,-4.049113,2
925372758,-0.229653,0.123615,0.05244,4.084311,0.551414,-2.404406,2
925406092,-0.353569,-0.249048,0.149484,4.71634,-0.844084,-3.090937,2
925439426,-0.329969,-0.079849,0.021094,6.105727,-1.749257,-2.464544,2
925472760,-0.155149,0.028444,0.039853,5.679122,-1.097941,-3.707979,2
925506094,-0.035691,0.030672,0.220459,2.721619,-0.882778,-3.111679,2
925539428,0.386334,-0.135373,-0.023548,1.115852,-0.730648,-0.948493,2
925572762,0.855726,-0.339296,0.274882,-1.503129,0.243064,2.714833,2
925606096,0.771133,-0.48433,0.24595,-4.43082,0.975427,4.671414,2
925639430,0.723589,-0.139566,0.129884,-4.722919,1.283882,5.526492,2
925672764,0.094624,-0.127126,0.110427,-3.682432,1.759296,4.12535,2
925706098,-0.259126,-0.419299,0.218925,-2.372389,1.309113,0.976827,2
925739432,-0.256617,0.033466,0.182856,-0.525555,1.23752,-1.407802,2
925772766,-0.310876,-0.016206,0.164211,1.856664,-0.123608,-2.470912,2
925806100,-0.126699,-0.094145,0.125712,3.2631,-0.687448,-3.459943,2
925839434,0.089787,-0.16969,0.258902,4.739518,-1.070183,-3.228932,2
925872768,0.376462,-0.002207,0.062077,5.110094,0.42082,-2.977823,2
925906102,0.511762,0.020657,-0.01503,4.640402,1.665015,-1.765341,2
925939436,0.211348,-0.28341,0.13724,3.266826,1.451148,-0.220439,2
925972770,0.188478,-0.419914,0.057011,2.304779,2.771151,0.178126,2
926006104,-0.150932,-0.304398,0.043467,0.867538,2.078661,0.437178,2
926039438,-0.06504,-0.161432,0.039544,0.197029,1.837901,0.06099,2
926072772,-0.269784,-0.132348,0.152991,0.137174,1.936968,-1.279293,2
926106106,-0.262206,0.028689,0.122021,-0.195769,1.138981,-1.238801,2
926139440,-0.111623,0.03903,-0.050403,-0.227866,1.301151,-2.536869,2
926172774,-0.263893,0.088528,0.172097,0.336019,0.521554,-3.472976,2
926206108,0.08645,0.099155,0.232624,-0.23196,-0.276988,-2.96284,2
926239442,0.261867,0.149929,0.056291,0.559577,-0.389495,-3.868526,2
926272776,0.140663,-0.131295,0.268757,0.30018,-2.663999,-1.895898,2
926306110,0.500877,-0.342418,-0.032832,0.739927,-2.225021,1.284986,2
926339444,0.187733,-0.269022,0.12193,-1.728755,-2.997495,0.810194,2
926372778,-0.083943,-0.241288,0.206621,-2.477447,-2.533202,3.188172,2
926406112,-0.090605,-0.352534,0.096335,-1.881192,-3.488591,3.681531,2
926439446,-0.15527,-0.270484,0.124779,-3.211611,-1.634894,5.087733,2
926472780,-0.021555,0.026819,0.134076,-2.365539,-0.33582,3.559363,2
926506114,-0.17194,0.230262,0.022163,-2.046501,-1.548639,2.601916,2
926539448,-0.257953,0.13722,-0.015917,-1.834845,-1.651782,3.822425,2
926572782,-0.413326,0.034755,-0.005693,-1.391951,-2.59605,3.950312,2
926606116,-0.536254,0.17808,0.123184,-1.532083,-2.481199,2.909114,2
926639450,-0.490945,0.63954,0.205154,-1.687856,-2.335488,1.960356,2
926672784,-0.481805,0.141464,0.123387,-1.708539,-2.367826,1.331413,2
926706118,-0.382153,-0.036043,0.054109,-1.553099,-2.022248,1.689469,2
926739452,-0.332588,-0.036549,0.204908,-1.608287,-1.396867,2.537102,2
926772786,-0.359444,0.150428,0.165227,-1.945242,-1.100049,1.153487,2
926806120,-0.34606,-0.171738,-0.00601,-1.780148,-2.913707,1.343859,2
926839454,-0.674969,-0.342662,0.077254,-0.765625,-3.369766,1.049213,2
926872788,-0.54814,0.086761,0.177878,-0.126972,-3.552425,0.835549,2
926906122,-0.327236,0.144072,0.123688,1.089576,-2.908118,0.144054,2
926939456,-0.345459,-0.058234,0.029154,1.844157,-1.67724,-0.655803,2
926972790,-0.297707,-0.009129,0.157515,3.199474,-0.633166,-0.029804,2
927006124,-0.472699,0.114434,0.280316,3.744181,0.486744,-1.248624,2
927039458,-0.504271,0.083526,0.075976,3.256896,0.885595,-3.641651,2
927072792,-0.370149,-0.382221,0.069728,1.468305,0.89382,-2.966287,2
927106126,-0.244103,-0.438587,0.140685,-0.259753,1.662647,-0.841978,2
927139460,-0.083552,-0.316169,0.018514,-1.015138,1.361588,0.016413,2
927172794,0.017497,-0.435997,0.099027,-2.431361,0.620262,0.819712,2
927206128,0.077753,-0.518332,0.201961,-2.495716,0.462953,1.842044,2
927239462,0.030609,-0.464152,0.128248,-1.801351,-0.073393,-0.266495,2
927272796,0.232524,-0.053035,0.046891,-0.154635,0.761048,-1.301346,2
927306130,0.154825,-0.100397,0.053943,2.15172,2.876194,-0.070161,2
927339464,-0.228023,-0.418144,0.016048,4.915252,3.983805,-0.300016,2
927372798,-0.218335,-0.192608,0.067643,5.751087,3.469983,-2.965207,2
927406132,-0.053141,0.193865,0.120627,4.967457,2.916878,-3.352731,2
927439466,0.19951,0.203782,0.258492,2.930261,2.784131,-2.97655,2
927472800,0.392429,0.495564,0.061126,0.375953,1.131108,-2.053285,2
927506134,0.610688,0.39132,0.199272,-2.27743,-0.389696,0.799762,2
927539468,1.066469,0.506673,0.017522,-3.953128,-1.381572,3.527382,2
927572802,1.196305,0.104259,0.156305,-4.874363,-1.255097,4.005891,2
927606136,1.154996,-0.289669,0.103287,-3.626359,-0.830404,2.76535,2
927639470,0.769564,-0.68097,-0.005401,-1.793949,-0.111668,0.858709,2
927672804,0.183859,-0.692081,-0.042853,-0.996941,0.915519,-0.429989,2
927706138,-0.212358,-0.29776,0.090482,0.971298,1.523753,-1.302141,2
927739472,-0.246369,0.317875,0.225746,2.876734,2.016791,-1.429321,2
927772806,-0.007727,0.807594,0.39741,3.380178,2.172553,-1.431996,2
927806140,0.28529,0.909034,0.281945,2.431105,2.001404,-1.959922,2
927839474,0.502164,0.736291,0.298898,1.475817,1.508932,-1.432014,2
927872808,0.53477,0.576025,0.33799,0.633329,1.479842,-0.789035,2
927906142,0.647526,0.294122,0.197545,-0.377383,1.904741,0.134823,2
927939476,0.583158,0.099472,0.162823,-1.158848,2.1038,0.431453,2
927972810,0.396302,-0.22251,-0.15776,-1.333784,1.792277,0.598014,2
928006144,0.266535,-0.3631,-0.201036,-1.647272,1.970654,0.166094,2
928039478,0.015163,-0.067745,-0.013309,-2.052259,1.996021,-0.156404,2
928072812,-0.064447,0.137407,0.194229,-1.743416,1.905192,-0.590591,2
928106146,0.217638,0.683906,0.450752,-0.214425,1.941955,-0.084954,2
928139480,0.294332,0.858802,0.40147,0.604191,1.755117,0.362592,2
928172814,0.524191,0.551131,0.153883,0.548138,1.631617,-0.59271,2
928206148,0.791474,0.09161,-0.059312,1.462035,1.39971,-0.255916,2
928239482,0.612781,0.014348,-0.122032,2.010229,1.021896,-0.20853,2
928272816,0.395698,-0.068096,0.052007,1.75287,0.789885,-0.769123,2
928306150,0.235721,0.356593,0.180032,1.933015,0.51312,-1.333392,2
928339484,0.023062,0.55347,0.12307,2.368708,0.122152,-1.37911,2
928372818,-0.088314,0.443869,0.162451,1.7957,-0.135485,-1.198078,2
928406152,-0.180455,0.079821,0.23534,1.059864,-0.281027,-1.141468,2
928439486,0.059463,0.102299,0.120298,0.932559,-1.07602,-0.708167,2
928472820,-0.005447,0.125378,0.154061,0.358872,-1.223228,-0.322323,2
928506154,0.519385,0.065965,-0.064826,0.152005,-2.241917,0.225274,2
928539488,0.225117,0.308514,-0.192904,0.073282,-2.71357,0.86675,2
928572822,0.220153,-0.461967,-0.344765,-1.485466,-0.975954,1.357769,2
928606156,-0.145717,-1.021457,-0.239684,-1.396798,-2.010113,1.514529,2
928639490,-0.641118,-1.026388,0.060195,-1.756068,-2.036669,0.994744,2
928672824,-0.297075,-0.127093,0.554542,-1.661994,-1.979961,1.919511,2
928706158,-0.153165,1.357733,0.408271,-1.17534,-2.265112,2.044337,2
928739492,-0.22474,1.082825,0.318916,-1.044547,-2.145324,1.500096,2
928772826,-0.269025,-0.259899,0.144498,-0.854447,-1.552567,1.33958,2
928806160,-0.783246,-1.135627,0.074694,-0.825513,-0.947446,1.048308,2
928839494,-0.72004,-0.640207,0.023078,-1.08095,-1.373898,0.949896,2
928872828,-0.683438,0.029399,0.038689,-1.278544,-1.048499,0.579673,2
928906162,-0.648285,0.091826,0.163363,-1.567411,-0.666182,0.610063,2
928939496,-0.617655,-0.373125,0.020197,-1.921833,-0.833908,0.795175,2
928972830,-0.42105,-0.232335,0.170395,-1.763456,-1.260407,0.871235,2
929006164,-0.351881,0.031862,0.16096,-2.151946,-1.493207,1.054735,2
929039498,-0.3704,-0.073636,0.181548,-1.626886,-1.830175,1.290899,2
929072832,-0.194528,0.065119,0.042533,-1.875975,-2.34405,1.90638,2
929106166,-0.268866,-0.14053,0.147621,-1.566243,-2.369373,2.135671,2
929139500,-0.20901,-0.070671,0.133715,-1.419184,-2.251621,1.78659,2
929172834,-0.085675,-0.036825,0.080474,-0.90158,-2.310427,2.185086,2
929206168,-0.076423,-0.014009,0.154416,-0.634613,-2.20222,2.574685,2
929239502,-0.207298,0.05874,0.110644,-0.422811,-1.825436,1.694691,2
929272836,-0.215878,-0.097582,0.154152,0.006802,-1.784723,1.561777,2
929306170,-0.326789,-0.083368,0.117263,0.256553,-1.493637,1.842612,2
929339504,-0.229954,-0.198516,0.091147,0.49879,-0.900075,1.095346,2
929372838,-0.212601,-0.042625,0.18866,0.957741,-0.931029,0.943817,2
929406172,-0.06581,-0.014591,0.146468,1.946707,-0.958088,0.869314,2
929439506,0.008525,0.086055,0.086076,1.591322,0.020573,0.109577,2
929472840,-0.102616,-0.244774,0.143933,-0.089046,1.490706,-0.147632,2
929506174,0.158284,-0.46327,0.174748,-1.006883,0.756043,-0.573028,2
929539508,0.233596,-0.339684,0.067814,-0.61749,1.685339,-0.820999,2
929572842,0.194582,-0.271807,0.140309,-0.404428,1.757424,-2.457054,2
929606176,-0.013981,-0.003848,0.032664,1.496823,2.285738,-2.281867,2
929639510,-0.021946,-0.075163,0.029027,3.287424,2.962808,-2.935474,2
929672844,-0.34749,0.020079,0.071304,4.168542,2.123504,-4.034322,2
929706178,-0.242924,0.045692,0.082174,5.432093,2.166636,-3.782404,2
929739512,-0.015242,0.251903,-0.02546,5.527,0.698845,-5.02406,2
929772846,0.125084,0.072734,0.135612,2.286128,0.021895,-2.736828,2
929806180,0.422277,0.134594,0.179855,-0.12056,-0.419876,-0.748097,2
929839514,0.655855,0.153324,0.3056,-2.403553,-0.680924,2.247154,2
929872848,0.664786,-0.235985,0.23589,-3.739057,0.492702,5.139542,2
929906182,0.590831,-0.371764,0.075514,-4.045085,0.738135,4.543313,2
929939516,0.17486,-0.842514,0.074982,-2.825132,1.128534,2.434507,2
929972850,-0.163683,-0.341561,0.003588,-1.698969,1.51669,0.242421,2
930006184,-0.287843,0.034702,0.10529,-0.284651,0.676825,-1.915161,2
930039518,-0.187758,0.401769,0.169762,1.479861,0.460102,-3.224156,2
930072852,0.093569,0.578792,0.133597,2.987687,-0.305502,-3.131772,2
930106186,0.507644,0.287041,0.223245,3.468887,-0.340693,-2.925529,2
930139520,0.590399,0.38227,0.053426,2.015698,0.739569,-1.294321,2
930172854,1.045566,0.261867,0.050262,-0.96102,-0.31408,1.305426,2
930206188,1.123154,0.005701,0.195257,-1.963445,0.459144,3.104497,2
930239522,0.574256,-0.356062,0.141108,-1.950449,0.630851,2.875522,2
930272856,0.28108,-0.130023,0.011833,-1.196057,1.057872,1.199853,2
930306190,-0.183271,0.102045,0.033957,0.232184,1.445577,0.005554,2
930339524,-0.615041,0.444266,0.11732,1.921535,1.230893,-0.983218,2
930372858,-0.489216,0.63967,0.17437,2.206222,1.068418,-2.411068,2
930406192,-0.072534,0.454383,0.076306,2.522422,1.794405,-2.682923,2
930439526,0.278731,0.325632,0.115034,2.856302,1.487668,-1.612834,2
930472860,0.498374,0.095535,0.113824,2.709817,1.99242,-1.37979,2
930506194,0.726341,-0.010599,0.110945,2.439975,2.722543,-2.1198,2
930539528,0.374585,0.209643,0.036668,2.081215,1.534932,-1.616774,2
930572862,0.177998,0.281736,0.10923,2.042353,2.242987,-1.809813,2
930606196,-0.026759,0.461383,0.221803,1.150082,1.893207,-2.307819,2
930639530,0.047776,0.431008,0.093455,0.660324,0.863172,-2.337209,2
930672864,0.289359,0.305683,-0.064198,0.851043,0.960063,-2.661556,2
930706198,0.004961,0.014637,0.177225,0.145309,-0.003957,-2.25377,2
930739532,-0.015875,0.295094,0.083666,0.815395,-1.16165,-1.978478,2
930772866,-0.021626,0.258695,0.075733,0.938741,-1.139372,0.135693,2
930806200,0.136992,-0.14609,0.1217,0.054457,-2.980834,2.530337,2
930839534,-0.044418,-0.360146,0.0065,-0.622361,-2.023062,1.445824,2
930872868,-0.170011,-0.800161,0.251097,-1.625714,-2.169707,1.750049,2
930906202,-0.195456,-0.454038,0.064656,-2.385365,-2.139496,2.154874,2
930939536,-0.226059,-0.030714,0.109666,-2.727815,-1.857452,2.27776,2
930972870,-0.002703,0.008953,0.130792,-2.291291,-2.001112,2.279422,2
931006204,-0.04798,-0.320531,0.078012,-2.249086,-0.660354,1.043462,2
931039538,-0.260637,-0.236464,0.194981,-1.797681,-0.968254,1.104547,2
931072872,-0.356272,0.107322,0.07845,-1.581019,-0.954561,1.407094,2
931106206,-0.441754,0.058884,0.100211,-1.78212,-0.292122,0.881414,2
931139540,-0.427752,0.20807,0.108586,-1.356603,-0.453585,1.08291,2
931172874,-0.46131,0.263181,0.186722,-1.443243,-0.597396,1.022381,2
931206208,-0.196702,0.301401,0.111945,-1.657691,-0.306556,1.417415,2
931239542,-0.336353,0.121188,0.147274,-1.011489,-0.867467,1.447824,2
931272876,-0.156943,-0.103852,0.089717,-0.928638,-0.709167,1.658288,2
931306210,-0.087408,-0.125355,0.128874,-1.195344,-1.423707,1.978642,2
931339544,-0.12713,0.113532,0.10158,-0.912039,-1.418922,1.668999,2
931372878,-0.318307,0.029895,0.156923,-0.893117,-1.413681,0.875155,2
931406212,-0.353036,-0.050948,0.05496,-0.89559,-1.410601,0.206584,2
931439546,-0.438704,-0.29698,0.126648,-1.138156,-1.465243,0.27001,2
931472880,-0.38906,-0.071068,0.146048,-1.003859,-1.881188,0.320991,2
931506214,-0.338381,-0.07358,0.09889,-0.755771,-1.362177,0.031674,2
931539548,-0.347509,-0.126728,0.147256,-0.95019,-1.592701,0.749495,2
931572882,-0.310489,-0.190289,0.061842,-0.567956,-1.520029,0.088819,2
931606216,-0.227452,-0.302506,0.145562,-0.612577,-1.446712,0.681316,2
931639550,-0.207437,-0.267253,0.122235,-0.138922,-1.706105,0.463545,2
931672884,-0.253561,-0.2403,0.134466,0.023309,-1.285221,0.837481,2
931706218,-0.257284,-0.215679,0.042974,0.404166,-1.319446,0.779278,2
931739552,-0.226255,-0.394537,0.203978,0.72107,-1.405321,0.603939,2
931772886,-0.122978,-0.380926,0.199586,1.121766,-1.903444,0.576057,2
931806220,-0.191106,-0.222673,0.108854,1.091827,-1.298448,0.602145,2
931839554,-0.066017,-0.144091,0.139019,1.331695,-1.039192,0.729969,2
931872888,-0.022247,-0.294966,0.067617,1.349668,-0.809178,0.684417,2
931906222,0.058495,-0.505425,0.182489,1.316412,-0.480788,0.730876,2
931939556,0.064414,-0.308475,0.09057,1.458932,-0.114965,0.837614,2
931972890,0.105769,-0.241004,0.09582,1.52922,-0.031322,0.640145,2
932006224,-0.054084,-0.281419,0.180922,1.392903,0.087531,0.598096,2
932039558,-0.046051,-0.023765,0.091744,0.791586,0.471672,0.331025,2
932072892,0.036265,-0.00057,0.141151,0.438417,0.60335,0.193384,2
932106226,-0.22799,-0.141322,0.091117,0.609291,0.451977,0.178791,2
932139560,-0.111414,0.025425,0.010819,0.2184,0.454361,0.092552,2
932172894,-0.298995,-0.013131,0.032866,0.166964,0.167858,-0.122471,2
932206228,-0.336493,0.155463,0.057262,0.13526,0.373492,-0.661848,2
932239562,-0.402035,0.376675,0.064816,-0.094136,0.355022,-0.26001,2
932272896,-0.290367,0.35347,-0.07829,-0.206884,0.514565,0.041968,2
932306230,-0.156998,0.082934,-0.051903,-0.795979,0.439974,-0.538961,2
932339564,0.024643,-0.19486,0.139241,-0.464496,0.249841,-0.222794,2
932372898,0.381837,-0.303447,0.01314,-0.01367,0.866073,0.68971,2
932406232,0.383918,-0.106816,-0.015018,0.091034,1.342428,0.448449,2
932439566,0.257026,0.275739,0.136611,0.320872,0.951826,-0.523991,2
932472900,0.380123,0.408694,0.501644,-0.137156,1.091619,-1.135755,2
932506234,0.446221,0.472269,0.286308,-0.170508,1.428085,-1.350071,2
932539568,0.44154,0.402378,0.079129,-0.129246,2.282945,-0.953978,2
932572902,0.370485,0.315731,0.241477,0.227763,2.111713,-1.413374,2
932606236,0.377033,0.354764,0.279131,0.048909,2.069394,-1.643481,2
932639570,0.528493,0.263048,0.288523,0.753884,2.05839,-1.721915,2
932672904,0.524671,0.221896,0.237781,1.239873,1.917285,-1.34973,2
932706238,0.487967,0.091991,-0.001942,1.11225,1.793131,-1.051994,2
932739572,0.464229,0.071857,-0.057936,2.202023,0.947891,-1.559704,2
932772906,0.267169,-0.072801,0.023436,1.225855,1.458804,-1.608594,2
932806240,0.049568,-0.202269,0.214621,0.642566,0.863833,-0.54798,2
932839574,0.129031,-0.045918,0.10285,-0.675672,-0.071027,0.427001,2
932872908,0.13357,-0.01043,0.174085,-2.313425,-1.274386,1.733317,2
932906242,0.180802,0.076713,0.214158,-3.052868,-2.059587,3.265023,2
932939576,0.173695,0.258009,0.199025,-3.207659,-2.265388,3.759341,2
932972910,0.21926,0.159231,0.217678,-2.06885,-1.554287,3.554163,2
933006244,0.194506,-0.14351,0.047382,-1.150529,-1.248541,2.662814,2
933039578,0.182967,-0.221132,0.077694,-0.620932,-0.773709,1.532888,2
933072912,0.089694,-0.255239,0.064213,-0.346896,-0.160305,-0.177488,2
933106246,0.013405,-0.185256,0.054201,0.637541,0.228721,-1.33058,2
933139580,-0.055979,0.017434,0.080059,1.563193,0.863375,-1.902429,2
933172914,-0.102007,0.07381,0.052675,1.851059,1.171132,-2.421868,2
933206248,-0.03968,0.1477,0.168776,3.19127,1.578946,-2.227021,2
933239582,-0.029381,0.374058,0.381481,2.6679,1.611997,-2.201617,2
933272916,-0.003408,-0.005118,0.209556,2.384947,1.614388,-1.934289,2
933306250,0.118645,-0.004434,0.230597,1.575847,1.679638,-1.016156,2
933339584,0.222025,0.187039,0.183459,-0.838149,0.338951,0.609449,2
933372918,0.490728,0.259855,0.204109,-2.549351,-1.239505,2.016632,2
933406252,0.715645,0.351543,0.305709,-3.026713,-2.196362,3.899863,2
933439586,0.730073,0.278427,0.325816,-2.659028,-0.8817,3.172767,2
933472920,0.48935,-0.011426,0.137515,-0.957585,0.263195,1.675931,2
933506254,0.006131,-0.518181,0.010124,-0.10846,1.468662,-0.277332,2
933539588,-0.282469,-0.666409,-0.141753,1.164251,2.02929,-1.564151,2
933572922,-0.461886,-0.389595,-0.293139,2.480297,2.294879,-2.579705,2
933606256,-0.213656,0.139585,0.076325,2.873908,2.700581,-2.652149,2
933639590,-0.100258,0.474035,0.380085,2.540134,3.248701,-1.836167,2
933672924,0.408695,0.296671,0.261622,1.697283,3.141898,-1.355716,2
933706258,0.456419,-0.30988,-0.073359,1.12457,3.230877,-1.211942,2
933739592,0.132911,-0.575306,-0.227842,0.706203,2.623857,-1.113993,2
933772926,0.308191,-0.191599,-0.111353,0.272887,1.61315,-0.724567,2
933806260,0.576988,0.121668,0.375868,0.428209,1.284051,-0.216372,2
933839594,0.592625,0.255249,0.562923,-0.147654,1.007008,-0.54112,2
933872928,0.768833,0.439799,0.475879,0.138417,0.275631,-1.331717,2
933906262,0.832003,0.120598,-0.236061,0.482083,0.241884,-1.375562,2
933939596,0.741741,0.059818,-0.185344,0.51846,-0.408401,-0.357501,2
933972930,0.51297,0.095372,-0.026437,0.77473,-1.058211,-0.746012,2
934006264,0.058447,0.34322,0.362656,0.52787,-0.790199,-1.129769,2
934039598,-0.529395,-0.370994,0.308618,0.631897,-2.209212,1.663449,2
934072932,-0.576428,-0.443104,-0.00671,0.041549,-2.302539,2.29638,2
934106266,-0.214469,-0.152683,-0.194081,-0.680165,-2.030438,1.037053,2
934139600,-0.021046,0.264892,-0.088952,0.176311,-2.552572,0.92209,2
934172934,-0.088693,0.424918,0.099567,-1.127465,-1.416865,1.122462,2
934206268,-0.484754,0.47223,0.088886,-1.219771,-1.715751,1.250532,2
934239602,-0.749543,0.342375,0.229203,-0.804411,-1.490349,0.679356,2
934272936,-0.535537,0.016232,0.258807,-1.002667,-0.925113,0.031771,2
934306270,-0.364624,-0.43157,-0.02133,-0.841178,-1.047526,0.26349,2
934339604,0.016332,-0.103614,-0.20659,-0.856206,-0.866715,0.770596,2
934372938,-0.270022,-0.179938,0.204833,-1.207558,-1.642213,1.439486,2
934406272,-0.588814,0.041508,0.198375,-0.753072,-1.952459,2.364681,2
934439606,-0.634635,-0.112896,0.144841,-1.506068,-1.945232,2.578993,2
934472940,-0.366611,-0.173351,0.049102,-1.567856,-2.389828,2.028781,2
934506274,-0.785199,-0.38972,0.193735,-1.796571,-1.953025,1.801104,2
934539608,-0.760204,-0.155229,0.216355,-1.715503,-2.259415,1.412356,2
934572942,-0.533621,-0.114319,0.19943,-1.886796,-2.099682,1.245431,2
934606276,-0.463772,-0.203032,0.089216,-1.90475,-2.192255,1.221776,2
934639610,-0.59334,-0.43204,0.112404,-1.921112,-2.158657,1.170747,2
934672944,-0.525496,-0.363346,0.145523,-1.643863,-2.677545,1.28728,2
934706278,-0.423439,-0.355083,0.086813,-1.630453,-2.594511,1.326844,2
934739612,-0.59109,-0.351081,0.185989,-1.435995,-2.692749,0.676824,2
934772946,-0.500637,-0.397142,0.027934,-0.608744,-2.991268,0.896921,2
934806280,-0.546403,-0.434913,0.162108,-0.46988,-2.290843,0.895563,2
934839614,-0.7421,-0.361705,0.213245,-0.559989,-1.902792,1.202322,2
934872948,-0.450642,-0.426107,0.037781,0.608736,-2.50433,1.715786,2
934906282,-0.312648,-0.366556,0.137658,-0.234802,-1.772277,1.738784,2
934939616,-0.310623,-0.269176,0.155528,0.229545,-1.54393,1.042623,2
934972950,-0.120066,-0.263517,0.189713,0.134473,-1.20934,0.66493,2
935006284,-0.048395,-0.136891,0.036618,0.568479,-0.632763,0.632381,2
935039618,-0.0893,-0.189502,0.040155,0.322072,0.303107,-0.605603,2
935072952,-0.489605,-0.216163,0.041601,0.254164,1.199237,-1.23108,2
935106286,-0.466047,-0.430391,0.197478,1.064618,2.517835,-2.838154,2
935139620,-0.33007,-0.205708,0.227906,4.393462,3.349348,-3.125395,2
935172954,-0.228279,0.141248,0.05856,5.835886,4.923231,-3.294691,2
935206288,-0.12712,0.310052,-0.069877,5.564791,5.012205,-3.886685,2
935239622,0.27305,0.63861,-0.217907,5.861495,3.547204,-4.248793,2
935272956,0.508536,0.442019,0.17308,3.065404,1.745303,-2.731242,2
935306290,0.647713,0.297737,0.250464,-0.744813,1.812971,-1.451485,2
935339624,0.890689,-0.050509,0.307185,-2.718025,0.009912,1.882852,2
935372958,1.194265,-0.34784,0.604968,-4.672606,0.312433,4.97635,2
935406292,1.707745,0.027068,0.339018,-4.940814,-0.105948,3.730309,2
935439626,1.915882,0.208892,0.180355,-2.60404,1.184079,2.21294,2
935472960,1.258414,-0.042134,0.165595,-0.231133,1.26037,0.180099,2
935506294,0.65783,-0.096963,0.006041,1.65608,0.789042,-2.224788,2
935539628,0.226367,-0.029235,0.061345,4.06613,0.295418,-3.518111,2
935572962,0.233837,0.535998,0.199048,5.587272,0.77263,-2.997133,2
935606296,0.176491,0.874978,0.162451,3.681081,2.454152,-2.870886,2
935639630,0.541065,0.584234,-0.058432,2.28322,2.382928,-1.673535,2
935672964,0.565225,0.439494,-0.012615,1.341649,3.216515,0.167845,2
935706298,0.25466,0.187787,0.159267,-0.420273,3.873255,-0.06451,2
935739632,0.006516,-0.000808,0.18425,-0.282961,3.357356,-0.352032,2
935772966,-0.011457,0.145411,0.018244,-0.334534,2.887681,-0.651199,2
935806300,-0.107262,0.276076,-0.035037,0.355496,2.074235,-1.70632,2
935839634,-0.008037,0.425313,-0.104228,0.71496,1.271202,-2.016164,2
935872968,0.054534,0.539243,0.206801,0.593693,0.265487,-2.579311,2
935906302,0.245186,0.621022,0.435932,1.64696,0.141853,-2.467979,2
935939636,0.579989,0.453953,0.170747,1.786473,-0.961033,-1.091529,2
935972970,0.213137,0.084083,0.127682,1.073523,-0.814923,-0.878649,2
936006304,0.435759,-0.19525,0.210492,0.051205,-1.310643,-1.311819,2
936039638,0.508412,-0.265161,-0.130609,-1.214559,-2.098072,0.216422,2
936072972,0.208543,-0.280937,0.024693,-1.596814,-2.226631,0.590419,2
936106306,0.231887,-0.255452,-0.015108,-0.853821,-4.488718,3.209255,2
936139640,0.019843,0.002122,0.2752,-2.972218,-5.743285,7.765172,2
936172974,0.288223,-0.094079,-0.084,-4.260178,-1.3807,3.801592,2
936206308,0.333554,-0.252467,-0.26958,-4.11469,-0.880498,0.829203,2
936239642,-0.136116,-0.251973,0.043682,-3.903757,-1.249835,2.029742,2
936272976,-0.441051,-0.213838,-0.038423,-2.806366,-1.33334,3.432665,2
936306310,-0.690136,-0.210463,0.13714,-2.925988,-1.153924,3.367862,2
936339644,-0.919129,0.107783,0.314353,-3.147243,-0.835654,3.293679,2
936372978,-0.850211,0.30923,0.478509,-3.786088,-0.61462,1.681111,2
936406312,-0.73271,-0.010753,0.290457,-3.867469,0.344252,1.508939,2
936439646,-0.343856,-0.428539,0.083566,-3.612481,-0.413664,1.041119,2
936472980,-0.033312,-0.728845,0.084981,-2.785439,-0.982786,1.221469,2
936506314,0.27148,-0.537604,-0.036895,-1.275873,-0.706857,0.928849,2
936539648,0.260628,-0.441015,0.01137,-0.682562,0.076161,0.176736,2
936572982,0.056446,-0.177517,0.147557,0.028041,-0.119299,-0.89716,2
936606316,-0.082056,0.106172,0.056948,1.296266,-0.458453,-1.431953,2
936639650,-0.221949,0.138766,0.225217,3.591158,-1.128998,-2.020526,2
936672984,-0.347504,0.19696,-0.169515,5.405477,-0.630278,-2.799077,2
936706318,-0.841348,0.386115,0.333073,6.118248,-0.652532,-2.922056,2
936739652,-0.885069,0.684905,0.235489,6.016376,-1.100541,-2.321532,2
936772986,-0.761874,0.533439,0.113719,6.185972,-1.524533,-2.714543,2
936806320,-0.093152,0.042549,0.105502,4.113729,-0.578053,-2.086733,2
936839654,0.654476,-0.236202,0.042707,0.261861,-0.001438,0.545585,2
936872988,1.148732,-0.456389,0.069106,-2.729965,0.332419,2.862157,2
936906322,1.183778,-0.793344,0.147627,-4.393287,0.578191,3.290884,2
936939656,0.756436,-0.364102,0.086604,-3.566285,1.03924,2.841115,2
936972990,-0.114492,-0.28296,0.247896,-2.193799,0.927099,1.03919,2
937006324,-0.524796,0.147564,0.298415,-0.144605,0.287714,-0.631228,2
937039658,-0.229299,0.564041,0.19823,1.731134,0.198945,-1.437781,2
937072992,-0.248195,0.426514,0.136542,2.860529,-0.606101,-1.531956,2
937106326,-0.167494,0.356621,0.247668,3.660275,-0.859148,-1.13001,2
937139660,0.251313,0.056552,0.033121,4.172347,-0.404962,-0.38825,2
937172994,0.264363,-0.205087,0.084672,3.51538,-0.137504,0.093674,2
937206328,0.375851,-0.275745,0.119734,2.370525,0.274072,0.789415,2
937239662,0.436992,-0.415711,-0.028646,2.69426,0.582029,-0.173819,2
937272996,0.005165,-0.108657,0.12368,2.498325,0.323194,-0.164427,2
937306330,-0.399848,-0.100728,0.082822,2.46007,0.08576,-1.22626,2
937339664,-0.473447,-0.041267,0.060913,2.558437,0.271613,-1.938921,2
937372998,-0.224758,0.206195,0.152749,1.45889,0.858034,-2.424297,2
937406332,-0.024899,0.292453,0.140309,0.935529,0.839404,-2.89729,2
937439666,-0.001862,0.210562,0.107942,-0.638166,-0.220135,-3.333764,2
937473000,-0.386239,-0.450589,-0.060858,-1.426518,-0.163683,-2.288806,2
937506334,-0.77328,-0.487952,0.124686,-2.118708,-2.130148,-1.076973,2
937539668,-0.453452,-0.230627,0.371847,-3.351902,-1.73234,1.169994,2
937573002,0.01819,-0.171623,-0.0982,-2.613688,-2.314697,2.600992,2
937606336,-0.256405,-0.439913,-0.047096,-3.777182,-3.29334,4.434707,2
937639670,-0.253253,-0.250694,0.307563,-4.682125,-0.947583,3.675157,2
937673004,-0.045208,0.138347,0.045945,-3.698149,-2.220047,3.392715,2
937706338,0.117402,-0.009397,0.077011,-3.787454,-2.544794,3.416734,2
937739672,0.063605,0.167982,0.142343,-3.078101,-2.210355,3.399405,2
937773006,-0.310543,0.130923,0.242256,-2.203821,-2.35054,1.963314,2
937806340,-0.461429,0.081739,0.03848,-1.617888,-2.969234,2.086946,2
937839674,-0.409891,-0.110632,0.025296,-1.025743,-3.44077,2.349224,2
937873008,-0.785057,0.076989,0.141062,-0.541676,-3.942884,1.985414,2
937906342,-0.529954,-0.08485,0.280454,0.475243,-4.408851,2.577341,2
937939676,-0.372436,-0.347734,-0.062593,1.73761,-3.844911,2.861865,2
937973010,-0.472056,-0.393231,0.315215,2.076693,-2.463232,1.915438,2
938006344,-0.529928,-0.125985,0.224653,1.695645,-1.287828,0.464759,2
938039678,-0.522683,-0.304365,0.14476,1.199042,-0.279829,0.712538,2
938073012,-0.372484,-0.691461,0.172371,1.249809,0.701393,1.364352,2
938106346,-0.095654,-0.898718,0.102404,-0.42145,1.085744,0.047046,2
938139680,0.292807,-0.947279,-0.015747,-0.235212,1.539939,-1.273044,2
938173014,0.274441,-0.462367,0.120955,-0.295331,2.125243,-1.352417,2
938206348,-0.140148,-0.138315,0.1359,-0.004617,2.401013,-2.575631,2
938239682,-0.147567,0.102774,0.125042,0.337638,2.853116,-2.486844,2
938273016,0.014845,0.225759,-0.032599,0.83898,4.202433,-3.461329,2
938306350,-0.128582,-0.020608,-0.033833,2.566865,4.806561,-3.691383,2
938339684,-0.240094,-0.212407,-0.053702,3.559908,5.583171,-3.153539,2
938373018,-0.199288,-0.031081,-0.018572,3.587666,4.783028,-4.694063,2
938406352,0.053665,0.228979,0.1659,2.472754,2.551602,-2.896144,2
938439686,0.658945,0.654742,0.147777,0.319913,0.721929,-1.001151,2
938473020,1.27754,0.796158,0.341804,-1.692625,-1.394173,2.364866,2
938506354,1.817706,0.689568,0.435873,-3.013298,-2.06678,4.174933,2
938539688,1.899813,0.43097,0.399016,-3.10702,-1.311981,3.917217,2
938573022,1.652535,0.063885,-0.031404,-2.123153,-0.039798,1.542286,2
938606356,0.769957,-0.298064,-0.157679,-0.73549,1.177881,-0.586361,2
938639690,-0.072356,-0.074159,0.092774,1.137435,1.923074,-1.842269,2
938673024,-0.479706,0.769433,0.244089,2.564185,2.403013,-2.739696,2
938706358,-0.529902,1.100619,0.37799,2.643855,3.038686,-2.637825,2
938739692,0.080584,1.236088,0.356596,1.966245,3.353027,-2.257974,2
938773026,0.513044,0.640515,0.288288,1.41623,3.079567,-1.287656,2
938806360,1.098445,0.251733,-0.070361,1.368163,3.661816,-0.855795,2
938839694,1.113106,-0.098758,-0.127023,0.995246,3.611341,-0.84485,2
938873028,0.792259,-0.213427,-0.113272,0.940378,2.746083,-1.5021,2
938906362,0.403705,0.010611,-0.035002,1.064308,2.546213,-1.937541,2
938939696,0.07953,0.406991,0.112441,0.658015,2.22513,-2.243314,2
938973030,0.007355,0.564396,0.156714,1.257282,1.122066,-3.186035,2
939006364,0.046136,0.373411,0.114405,2.017375,0.07818,-2.429365,2
939039698,0.12642,0.177734,0.10173,1.430542,-0.152233,-1.832056,2
939073032,0.360574,0.018848,0.146807,2.432579,-1.362389,-0.247331,2
939106366,0.425342,-0.110692,0.087553,0.617902,-1.975838,1.955049,2
939139700,0.59566,0.005176,-0.030923,-1.145734,-1.316979,-0.050076,2
939173034,0.564966,-0.007369,0.21331,-0.793407,-4.213694,1.55639,2
939206368,0.138421,0.133893,0.128938,-2.293485,-2.590369,3.336153,2
939239702,-0.166076,0.191059,-0.024203,-2.775222,-3.155903,2.622538,2
939273036,-0.40631,-0.261833,0.192276,-2.34829,-2.41912,3.089617,2
939306370,-0.475348,-0.251927,-0.052713,-2.876655,-2.781855,4.409265,2
939339704,-0.566349,-0.456774,0.039688,-3.069843,-3.210284,5.189172,2
939373038,-0.515853,-0.114113,0.138528,-3.912721,-2.478727,5.290084,2
939406372,-0.695528,0.13164,0.12916,-4.348469,-1.161353,3.63285,2
939439706,-0.673439,-0.007889,0.242235,-4.704145,-1.524329,3.391429,2
939473040,-0.728727,-0.112582,0.165027,-4.310502,-1.761447,3.554327,2
939506374,-0.434212,-0.201679,0.082336,-3.969893,-2.566805,3.057271,2
939539708,-0.350797,-0.18996,0.133214,-3.231858,-2.171431,2.638152,2
939573042,-0.170611,-0.279234,0.037619,-2.101698,-2.101848,1.719235,2
939606376,0.17732,-0.111051,0.16061,-1.445417,-1.724072,1.52724,2
939639710,0.053974,-0.136097,0.068662,-0.021711,-1.068844,0.48803,2
939673044,-0.139249,-0.249354,0.109503,0.661377,-0.38009,-0.786208,2
939706378,-0.238205,0.15917,0.19654,1.143538,0.652374,-1.854608,2
939739712,-0.266082,0.514535,0.166138,3.142497,0.608367,-2.368987,2
939773046,-0.481152,0.000915,0.009662,4.097335,1.073409,-2.918613,2
939806380,-0.604711,-0.025672,0.099331,5.101242,1.442656,-3.418835,2
939839714,-0.447525,0.432802,0.10217,5.082569,1.120289,-3.493033,2
939873048,-0.45554,0.331788,0.164956,4.301595,0.972167,-4.880044,2
939906382,-0.46069,-0.028354,-0.022597,4.773513,0.083644,-5.351421,2
939939716,-0.199928,-0.001366,0.123674,3.886655,-0.568301,-3.324204,2
939973050,0.342036,-0.211883,0.07748,0.779542,-0.001504,-1.07034,2
940006384,0.776457,-0.511625,0.102872,-1.841237,-0.114352,1.776112,2
940039718,0.731357,-0.734992,0.186996,-3.358551,-0.268737,3.818204,2
940073052,0.640635,-0.3344,0.298648,-3.753575,-0.290872,3.863842,2
940106386,0.453547,-0.203925,0.150204,-2.997109,0.050613,3.109366,2
940139720,-0.033651,-0.227015,0.201487,-1.466319,0.842139,1.24363,2
940173054,-0.394828,-0.164732,0.157425,0.280994,1.065685,-0.485306,2
940206388,-0.179412,-0.089269,0.133789,2.49662,0.950301,-2.184514,2
940239722,0.05497,0.050683,0.162886,4.731881,0.534039,-1.370487,2
940273056,0.231575,0.119174,0.103687,5.510012,0.075423,-2.883584,2
940306390,0.552864,0.374416,0.016217,5.722851,1.452085,-2.448543,2
940339724,0.470123,0.161557,0.161022,5.563747,2.404858,-2.042565,2
940373058,0.517377,-0.060911,0.093142,4.324677,2.878998,-1.47254,2
940406392,0.007422,-0.23162,0.056423,3.154986,2.23895,-2.168533,2
940439726,-0.238004,-0.593693,0.054963,1.69927,1.943558,-1.448707,2
940473060,0.020458,-0.198633,0.089073,0.470394,1.305455,-2.277131,2
940506394,-0.372647,0.069212,-0.040836,0.48381,-0.420248,-3.185374,2
940539728,-0.360365,-0.394688,0.187642,-1.360221,-1.999293,-1.759491,2
940573062,0.149626,-0.054989,0.033142,-0.399093,-1.102432,-0.585094,2
940606396,-0.033495,-0.138963,0.171006,-0.88184,-2.477024,0.286831,2
940639730,0.482702,0.102037,0.321982,-1.606997,-2.876331,1.386252,2
940673064,0.227446,-0.226849,0.169251,-2.139494,-2.204545,1.359478,2
940706398,0.328529,-0.210961,0.159543,-3.571134,-2.332122,2.066557,2
940739732,0.471879,-0.295033,-0.02324,-4.64323,-1.280393,3.636537,2
940773066,0.127161,-0.282602,-0.082592,-3.719706,-3.624324,5.41288,2
940806400,-0.318321,0.077638,0.113347,-4.337421,-3.132056,5.38551,2
940839734,-0.17789,-0.065428,0.288123,-3.964776,-2.513913,4.043361,2
940873068,-0.417575,0.20079,0.161685,-3.654147,-1.520602,1.849955,2
940906402,-0.515704,0.299177,0.216632,-2.933654,-2.107374,1.566518,2
940939736,-0.169068,0.424029,0.043624,-2.481377,-2.676606,0.719052,2
940973070,-0.531817,0.143107,0.008377,-1.678254,-2.352148,1.299044,2
941006404,-0.97819,-0.228636,0.055345,-0.490369,-2.391118,1.198254,2
941039738,-0.901689,-0.30618,0.122395,0.120787,-2.293299,0.851452,2
941073072,-0.459583,-0.106489,0.162233,0.543382,-0.954554,0.250656,2
941106406,-0.446673,-0.30165,0.154787,1.301126,-1.225881,-0.312704,2
941139740,-0.51476,-0.559728,0.145215,0.7715,-0.576903,-0.57377,2
941173074,-0.259458,-0.453887,0.194367,0.718788,0.534651,-0.897652,2
941206408,-0.224918,-0.458362,0.217517,1.835797,0.628941,-0.578569,2
941239742,-0.162449,-0.691804,0.257009,1.200345,1.024601,-0.982096,2
941273076,-0.120898,-0.611936,0.165195,1.076714,2.820765,-1.892201,2
941306410,-0.10553,-0.529041,0.139097,1.67006,3.016563,-2.410404,2
941339744,0.342547,0.028498,-0.171665,3.352437,3.171305,-1.094802,2
941373078,-0.065458,-0.149045,0.043768,4.535443,3.064438,-0.185932,2
941406412,-0.494649,0.157209,0.381795,3.665227,2.620926,-1.754269,2
941439746,-0.36365,0.577997,0.48944,2.795221,2.678711,-1.343237,2
941473080,-0.259746,0.964747,0.536081,-0.188701,2.1673,-0.511853,2
941506414,0.086816,1.032331,0.190302,-1.562064,2.087897,-0.197351,2
941539748,0.898129,0.452348,-0.009827,-1.798015,1.441604,0.03143,2
941573082,1.761736,-0.103762,-0.120972,-1.473567,0.918544,0.027412,2
941606416,2.192352,-0.436312,-0.105544,-0.346714,0.650405,0.393425,2
941639750,1.72023,-0.569514,-0.207811,0.197587,1.563249,-0.263926,2
941673084,0.968871,-0.638421,-0.082637,1.665972,1.920787,0.134433,2
941706418,0.306801,-0.379315,-0.186745,2.566463,0.97458,-1.347899,2
941739752,0.017741,0.620514,0.143044,2.428924,1.120107,-1.46466,2
941773086,0.180759,1.10239,0.020847,2.431429,0.776947,0.09371,2
941806420,0.100561,1.135428,0.008521,1.97096,0.244567,-0.242517,2
941839754,-0.026313,0.810558,0.265215,0.932858,-0.079032,-0.484148,2
941873088,0.179503,0.44841,0.316223,0.349514,0.00607,-0.087873,2
941906422,0.376443,0.147481,0.176109,-0.433719,-0.382865,0.381002,2
941939756,0.480624,0.113058,-0.028556,-1.516843,-0.737639,1.690961,2
941973090,0.375549,-0.002628,0.125014,-1.838264,-0.220257,0.452793,2
942006424,0.237456,-0.190067,0.152824,-2.264492,-0.51029,-1.052716,2
942039758,-0.466068,-0.138684,0.135566,-2.583793,-1.144334,0.956647,2
942073092,-0.379803,0.016989,-0.001208,-1.687225,-1.037725,1.230476,2
942106426,-0.414455,0.37801,-0.150032,-1.635145,-1.230611,0.792442,2
942139760,-0.289287,0.517706,0.122266,-1.650593,-2.372449,2.0826,2
942173094,-0.09334,0.374987,-0.028382,-1.645721,-2.241127,2.203928,2
942206428,-0.273445,0.127592,0.041597,-2.415534,-1.811894,1.4823,2
942239762,0.089998,-0.069735,0.152473,-2.644706,-1.328217,0.930164,2
942273096,0.014485,0.017688,0.172088,-2.602144,-1.117269,0.371855,2
942306430,0.13319,-0.332565,0.038254,-2.794299,-1.02235,0.449305,2
942339764,0.210334,-0.46112,-0.152251,-2.639079,-0.98616,0.866973,2
942373098,0.178334,-0.373109,0.258666,-2.407818,-1.276945,0.771046,2
942406432,0.086973,-0.516977,0.022798,-2.062192,-0.726409,0.802695,2
942439766,-0.25017,-0.655616,0.041355,-1.471691,-0.790024,0.902102,2
942473100,0.002488,-0.279285,0.189547,-1.084342,-0.879914,0.265525,2
942506434,0.262731,0.316063,0.091879,-1.194739,-0.529055,1.050109,2
942539768,-0.081004,0.116755,0.131542,-0.392284,-0.629341,0.833448,2
942573102,-0.259417,-0.01495,0.266336,-0.629145,-0.146726,0.282529,2
942606436,-0.041372,0.265181,0.343958,-0.737459,0.041662,0.288028,2
942639770,0.0695,0.28759,0.196564,-0.476497,0.187218,-0.302545,2
942673104,0.008164,-0.114571,0.07279,0.719358,0.649931,-0.457894,2
942706438,-0.090766,-0.231616,0.108189,1.474386,0.282002,0.050567,2
942739772,-0.226264,-0.285221,0.05724,2.731165,1.209547,-0.847611,2
942773106,-0.242215,-0.094056,-0.049853,3.338545,1.328215,-1.008275,2
942806440,-0.471603,0.298726,0.281932,4.241451,0.129093,-0.675287,2
942839774,-0.38684,0.610165,0.243509,4.137374,-0.025106,-1.573499,2
942873108,-0.23805,0.291409,0.12234,4.860013,-0.948577,-1.353735,2
942906442,0.036037,-0.078761,0.02128,4.356892,-0.816638,-1.474689,2
942939776,-0.042194,-0.472137,0.19446,2.82201,-0.587407,-0.506263,2
942973110,0.475063,-0.362049,-0.008813,1.387717,-0.327846,0.142103,2
943006444,0.665218,0.114072,0.165315,0.306134,-0.013353,0.483668,2
943039778,0.298846,-0.039685,0.298242,-2.245735,0.575765,0.27932,2
943073112,0.409499,-0.08013,0.051933,-3.37134,1.707221,0.504185,2
943106446,0.562337,-0.215861,0.217616,-5.273665,1.168034,1.500089,2
943139780,0.452439,-0.399725,0.133052,-3.986084,1.965199,1.973552,2
943173114,0.291093,-0.10343,0.091545,-1.872843,1.95258,0.876748,2
943206448,-0.036585,0.01614,0.170157,0.67507,1.625747,0.535476,2
943239782,-0.459359,0.052413,0.228213,2.84629,0.968893,-0.180837,2
943273116,-0.290224,0.243794,0.0118,4.527689,-0.014993,-0.205415,2
943306450,-0.068376,0.33374,0.104433,5.752862,-0.889077,-0.940283,2
943339784,-0.032922,0.230979,0.051266,5.521507,-1.316528,-1.320933,2
943373118,-0.076787,-0.092169,0.083691,4.450485,-1.687747,-1.077906,2
943406452,-0.388475,-0.279221,0.078465,3.0921,-0.898774,-1.228004,2
943439786,0.06566,-0.47284,0.051551,1.989185,-0.865023,-2.156196,2
943473120,-0.270355,-0.523675,0.104071,0.292073,-0.67299,-2.333977,2
943506454,0.031993,-0.058757,0.291443,-1.120569,-0.414857,-0.914958,2
943539788,0.287898,0.154587,0.082283,-1.578329,-0.266563,-0.832685,2
943573122,0.211058,0.106125,0.19876,-3.52126,-0.168599,0.293359,2
943606456,0.074876,0.019669,0.076785,-3.413523,-1.31171,1.460837,2
943639790,-0.149252,0.007408,0.1917,-3.546442,0.375475,0.527155,2
943673124,-0.179026,0.099675,0.125899,-3.312903,0.134971,1.235106,2
943706458,-0.224127,-0.045604,-0.018794,-2.708601,-1.254514,2.184506,2
943739792,-0.362655,0.040257,0.162517,-2.807221,-0.98751,2.657764,2
943773126,-0.243024,0.141275,0.028542,-2.764647,-2.198969,3.225353,2
943806460,-0.143585,0.310284,0.070807,-2.753406,-2.236008,3.163059,2
943839794,-0.348836,0.102163,0.079375,-2.805872,-1.771633,2.391119,2
943873128,0.032911,0.206872,0.18928,-3.021122,-1.840793,1.632103,2
943906462,-0.18958,0.179042,0.061009,-3.293514,-1.453786,1.697391,2
943939796,-0.187207,0.197417,0.120189,-2.931606,-1.849446,1.613061,2
943973130,-0.224759,0.199458,0.107188,-2.536279,-1.68112,1.570344,2
944006464,-0.405398,0.098361,0.138557,-1.596754,-1.064899,1.567203,2
944039798,-0.441415,0.128716,0.096281,-1.075646,-1.078013,0.424733,2
944073132,-0.452212,0.040466,0.221186,-0.693874,-0.629835,0.728762,2
944106466,-0.293594,-0.009956,0.073011,0.428151,-0.51318,0.764057,2
944139800,-0.12031,-0.124458,0.12592,0.443637,-0.370847,-0.005331,2
1070275656,-0.33652,-0.033348,0.068896,0.666047,-0.175143,-0.476304,3
1070308990,0.627591,0.117703,0.215951,1.539798,-0.70122,-1.62014,3
1070342324,-0.072695,0.086429,0.322646,1.858204,0.248125,-0.607389,3
1070375658,-0.286916,-0.181927,0.256833,2.46027,0.271111,-0.906141,3
1070408992,-0.167634,-0.211977,0.141429,2.747645,0.757058,-0.279497,3
1070442326,-0.11725,-0.265626,-0.098369,2.097214,1.125148,0.129837,3
1070475660,0.116446,-0.098772,0.050235,1.535151,1.11858,-0.265449,3
1070508994,0.314195,0.153135,0.246294,0.483673,1.646049,-0.252353,3
1070542328,0.379048,0.361217,-0.025498,0.010607,1.469545,-0.113018,3
1070575662,-0.001827,0.230692,-0.196608,-0.087564,1.4142,-0.247593,3
1070608996,-0.578153,-0.147955,0.186468,-0.780971,1.829682,0.058645,3
1070642330,-0.311354,-0.052981,0.367686,-0.537431,2.081651,0.714185,3
1070675664,-0.35167,0.521912,0.190312,-0.8032,2.579593,0.361237,3
1070708998,-0.342959,0.652966,0.283858,-0.744869,2.809226,-0.673247,3
1070742332,-0.15764,0.472564,0.187779,-0.455911,2.670825,-1.603294,3
1070775666,0.074908,0.102656,0.060121,-0.09209,2.095448,-1.944171,3
1070809000,0.150016,-0.061734,0.042268,0.364375,1.28456,-2.125774,3
1070842334,0.125838,-0.174241,0.074216,0.935258,-0.041136,-1.477034,3
1070875668,0.099669,-0.006047,-0.030647,0.857395,-0.795614,-0.648229,3
1070909002,-0.024433,0.052316,0.0977,0.352371,-2.056116,0.287497,3
1070942336,0.166643,0.294786,0.115552,0.363493,-3.302485,0.762082,3
1070975670,0.031786,0.14388,-0.034,-0.864738,-3.303101,0.211362,3
1071009004,-0.186728,-0.147543,0.282107,-1.139758,-2.649061,2.55253,3
1071042338,0.059567,-0.188613,0.014189,-1.176107,-2.720285,1.107611,3
1071075672,0.027921,-0.162601,0.143796,-1.176693,-1.911892,-0.032588,3
1071109006,0.227569,0.221183,-0.007024,-0.840356,-1.740331,0.003609,3
1071142340,0.06457,0.090326,0.003845,-0.72699,-1.364865,0.103721,3
1071175674,-0.097748,0.144512,0.130495,-0.479583,-1.385091,1.45242,3
1071209008,-0.248157,0.194244,0.085958,-0.0992,-1.713394,1.023036,3
1071242342,-0.40293,0.0954,0.199449,-0.329295,-0.970917,1.143945,3
1071275676,-0.24235,-0.012307,0.106557,-0.370735,-0.78763,0.996006,3
1071309010,-0.06688,-0.109689,0.084171,-0.421923,-0.725293,0.576887,3
1071342344,-0.263903,-0.075552,0.133068,-0.21537,-0.327211,0.744726,3
1071375678,-0.457531,-0.364921,0.103653,-0.158824,-0.55709,0.636922,3
1071409012,-0.175913,-0.111087,0.136122,-0.195751,-0.810222,0.500674,3
1071442346,-0.095815,-0.010175,0.057563,0.012165,-0.824971,0.285838,3
1071475680,-0.261527,-0.099119,0.118346,-0.179116,-0.273509,0.477981,3
1071509014,-0.473014,-0.083045,0.190109,-0.334721,-0.221072,0.321322,3
1071542348,-0.431517,-0.057458,0.118923,-0.274004,-0.930952,0.01459,3
1071575682,-0.347801,-0.152546,0.106357,-0.350105,-0.390814,0.3329,3
1071609016,-0.493861,-0.133542,0.145092,-0.432659,-0.106447,0.345912,3
1071642350,-0.284749,-0.010706,0.04898,-0.529862,-0.409774,0.548389,3
1071675684,-0.501498,-0.044262,0.185875,-0.720657,-0.516135,0.735835,3
1071709018,-0.542356,-0.103238,0.137226,-0.601962,-0.751182,0.292719,3
1071742352,-0.364092,-0.047592,0.149312,-0.842634,-0.726154,0.34386,3
1071775686,-0.163174,-0.120629,0.097049,-0.859141,-0.111747,1.070517,3
1071809020,-0.029517,-0.23595,0.104271,-0.44274,-0.859691,0.699293,3
1071842354,0.123069,-0.11932,0.076356,-0.350427,-1.172129,0.371354,3
1071875688,0.345194,0.079619,0.113478,-0.388978,-0.680145,0.657497,3
1071909022,0.334858,0.14464,0.118804,-0.305761,-0.785476,0.573405,3
1071942356,0.241657,0.215092,0.107939,-1.289203,-0.997837,-0.201083,3
1071975690,0.062365,0.143908,0.197689,-1.13942,0.442146,-0.000325,3
1072009024,-0.078257,0.005831,0.115362,-1.570976,-0.624537,0.144345,3
1072042358,-0.139187,-0.010248,0.060808,-0.811246,-1.550324,0.095915,3
1072075692,-0.356854,0.125213,0.039583,-1.023429,-0.674122,0.801872,3
1072109026,-0.552468,-0.065839,0.133778,-1.089655,-1.213436,0.383926,3
1072142360,-0.705543,-0.012552,0.064677,-0.96929,-1.932915,1.224506,3
1072175694,-0.74041,-0.034951,0.134552,-1.554213,-0.954546,1.294019,3
1072209028,-0.601581,-0.046795,0.145809,-1.031483,-1.98317,1.322132,3
1072242362,-0.514219,-0.238986,0.019577,-1.442886,-0.575577,2.59392,3
1072275696,-0.461498,-0.229885,0.066949,-1.314168,-0.116386,1.522888,3
1072309030,-0.251981,-0.086793,0.110423,-0.69982,-0.40635,1.047166,3
1072342364,-0.127056,-0.094109,0.105702,-0.829003,0.684659,1.006938,3
1072375698,0.025303,-0.051005,0.174809,-1.049045,0.575955,0.373807,3
1072409032,0.05036,-0.07641,0.078978,-1.585891,1.300454,0.540402,3
1072442366,0.223308,-0.261122,0.054064,-1.66632,0.410628,0.925901,3
1072475700,0.472389,-0.252626,0.166231,-1.196053,0.865057,0.773348,3
1072509034,0.265538,-0.041688,0.178793,-1.432357,1.678903,-0.299215,3
1072542368,0.249109,0.277287,0.067945,-0.379006,1.566817,-0.950365,3
1072575702,0.085078,0.18796,0.057073,1.222205,1.960749,-0.746722,3
1072609036,-0.138262,0.026482,0.002455,2.018074,1.76418,-2.067637,3
1072642370,-0.203282,0.102828,0.126711,3.081121,0.548658,-0.5532,3
1072675704,-0.280402,0.171699,0.076385,3.043212,0.604021,-1.604655,3
1072709038,-0.316159,0.190846,0.102904,3.353301,0.565281,-2.512899,3
1072742372,-0.025794,0.392266,0.163356,3.284944,-0.010372,-1.418122,3
1072775706,0.219202,0.490719,0.074384,3.306682,0.296777,-1.936498,3
1072809040,0.336501,0.280627,0.048165,3.034395,-0.233253,-2.730556,3
1072842374,0.500488,0.184966,0.076933,3.430304,-0.086402,-1.96673,3
1072875708,0.344521,-0.001516,0.174644,2.985181,1.115452,-1.858841,3
1072909042,0.266933,0.069742,0.199702,0.876229,-0.014859,-0.997465,3
1072942376,0.358492,0.063301,0.147141,1.251659,0.849878,0.082645,3
1072975710,0.550317,-0.051708,0.282715,-0.609318,-0.058661,0.568297,3
1073009044,0.674218,0.039945,0.157057,-0.999932,1.055053,1.140926,3
1073042378,0.847181,0.069551,0.136315,-1.538114,0.627888,1.05876,3
1073075712,0.808941,0.102177,0.08704,-1.539706,0.460215,1.740933,3
1073109046,0.547805,-0.126386,0.148446,-0.909388,1.377871,0.885289,3
1073142380,0.309023,0.024192,0.218708,-0.099861,0.680143,0.965958,3
1073175714,0.109673,0.211438,0.151681,0.115939,1.796238,0.957557,3
1073209048,-0.006835,0.31209,0.101261,0.58825,1.289463,0.586324,3
1073242382,0.117451,0.301824,0.08901,0.742379,1.645683,-0.095532,3
1073275716,0.168061,0.131776,0.060267,0.491902,1.788019,0.379363,3
1073309050,0.104169,0.016842,0.084472,0.151412,1.586613,-0.558865,3
1073342384,0.146688,0.067589,0.103622,0.231134,1.425045,-1.295556,3
1073375718,0.019082,0.176736,0.097507,0.343119,1.313935,-1.299108,3
1073409052,0.03119,0.308632,0.05045,0.201932,1.371322,-1.582793,3
1073442386,0.109615,0.29853,0.046703,0.417719,0.636299,-2.048084,3
1073475720,-0.026568,0.29948,-0.026917,0.571806,0.776473,-1.929827,3
1073509054,-0.07731,0.134681,0.022811,0.288597,0.902145,-1.914548,3
1073542388,-0.353477,0.283584,0.146264,0.10538,0.542151,-2.015311,3
1073575722,-0.401766,0.28391,0.116954,0.473968,0.345835,-1.956073,3
1073609056,-0.397906,0.248585,0.16878,0.000309,0.613056,-0.823629,3
1073642390,-0.09975,0.157572,0.002102,0.240752,-0.455585,-2.126638,3
1073675724,-0.055313,0.083309,0.058289,-0.124511,0.209243,-0.609237,3
1073709058,-0.156471,-0.094368,0.06934,0.205469,-0.528285,1.465624,3
1073742392,-0.071776,0.021189,0.128527,-0.816884,-2.171604,0.950076,3
1073775726,0.211314,0.123743,0.038309,-0.69297,-2.402276,0.932435,3
1073809060,0.1378,0.124155,0.103797,-1.824195,-1.940988,1.259003,3
1073842394,0.02749,0.082404,0.150209,-1.880599,-2.730971,0.549814,3
1073875728,0.00583,-0.040784,0.117991,-1.707187,-2.093419,0.798174,3
1073909062,-0.041316,-0.106658,0.069167,-1.663002,-1.583386,-0.323576,3
1073942396,-0.21151,-0.139705,0.156332,-0.61002,-0.828316,1.110749,3
1073975730,-0.24377,-0.016519,0.127038,-0.809656,-0.716719,1.24633,3
1074009064,-0.151726,-0.128663,0.066203,-0.459998,-0.786125,1.392769,3
1074042398,-0.250435,-0.030507,0.118965,-1.02566,-1.365225,2.421658,3
1074075732,-0.350017,0.013407,0.187171,-1.443347,-1.295217,2.050952,3
1074109066,-0.192871,0.018195,0.130782,-1.41382,-1.658618,1.766207,3
1074142400,-0.16474,0.029744,0.157562,-1.572336,-1.566082,1.498196,3
1074175734,-0.100628,0.033826,0.149756,-1.10387,-0.953476,1.294101,3
1074209068,-0.017319,0.079402,0.121505,-0.539375,-0.768663,0.979353,3
1074242402,0.042996,0.188461,0.130078,-0.603175,-0.43229,0.538317,3
1074275736,0.051171,-0.017232,0.073344,-0.220041,0.023495,0.816887,3
1074309070,0.097676,-0.154058,0.097795,0.032044,0.037297,0.984757,3
1074342404,-0.094262,-0.134841,0.126234,0.073699,-0.064293,1.104057,3
1074375738,-0.107006,-0.258266,0.094104,0.597752,0.025835,0.991099,3
1074409072,-0.114917,-0.032855,0.098132,0.783082,0.273998,0.461974,3
1074442406,-0.039646,0.052805,0.138639,0.586092,-0.26962,0.35765,3
1074475740,-0.038761,-0.173484,0.107798,0.664309,-0.23444,-0.319982,3
1074509074,-0.005127,-0.103517,0.132973,0.687527,-0.05301,-0.156662,3
1074542408,-0.038294,-0.175584,0.125182,0.583748,-0.453392,0.399026,3
1074575742,0.111565,-0.023704,0.133529,0.386852,-0.344485,-0.121213,3
1074609076,0.238355,-0.007929,0.05362,0.227539,-0.696548,-0.19766,3
1074642410,0.46594,0.086255,-0.022286,0.586021,-0.66655,-0.368781,3
1074675744,-0.215503,0.170958,0.231566,-0.013546,-0.515186,0.072663,3
1074709078,-0.504683,0.09596,0.206822,-0.096485,-0.566538,-0.139774,3
1074742412,-0.351463,-0.080504,0.15015,-0.173855,-1.084362,0.000949,3
1074775746,-0.199463,0.067969,0.062704,-0.601672,-0.306101,-0.123881,3
1074809080,-0.081597,0.047281,0.086723,-0.743179,-0.095029,-0.288478,3
1074842414,-0.176486,0.079722,0.089596,-0.676898,-0.130048,-0.350184,3
1074875748,-0.183074,0.105132,0.106747,-1.05319,0.347205,-0.000153,3
1074909082,-0.181164,0.198595,0.109551,-1.086972,-0.18991,-0.121367,3
1074942416,-0.574156,-0.004258,0.156373,-1.117161,0.124849,0.294415,3
1074975750,-0.40336,-0.119339,0.052195,-1.171728,-0.348425,0.255988,3
1075009084,-0.316453,-0.26373,0.011912,-1.024151,-0.35188,0.225863,3
1075042418,-0.377629,-0.011507,0.051881,-1.33285,-0.525346,-0.157426,3
1075075752,-0.421429,0.159349,0.160245,-1.335063,-1.018842,-0.209791,3
1075109086,-0.331824,0.322354,0.116018,-1.302228,-1.442967,0.185641,3
1075142420,-0.464596,0.183618,0.130594,-1.128565,-1.845201,0.375108,3
1075175754,-0.398807,0.04095,0.121597,-0.430887,-2.33461,0.467753,3
1075209088,-0.386905,0.032798,0.085813,-0.390901,-1.944603,0.137318,3
1075242422,-0.355067,0.04074,0.066218,0.007343,-1.761306,0.322856,3
1075275756,-0.351364,0.090108,0.033942,-0.050485,-1.290753,0.822938,3
1075309090,-0.455886,-0.077568,0.143435,-0.497552,-1.073769,1.375041,3
1075342424,-0.26271,-0.13104,0.193028,-0.484951,-0.442537,1.902408,3
1075375758,-0.062485,-0.017206,0.118578,-0.406322,-0.072395,1.535999,3
1075409092,0.094397,-0.114411,0.035885,-0.09111,0.965362,1.917039,3
1075442426,-0.02304,-0.22962,0.113413,-0.16208,0.963927,1.237498,3
1075475760,-0.073047,-0.1415,0.253554,-0.441224,0.48683,0.848212,3
1075509094,0.058403,-0.154264,0.158796,-0.21492,0.048229,1.434731,3
1075542428,0.399387,-0.01251,0.040106,0.095293,-0.679949,1.648955,3
1075575762,0.378602,-0.064654,0.119984,0.752885,-0.752568,1.948177,3
1075609096,0.253775,-0.043841,0.276979,0.504681,-0.73684,1.460929,3
1075642430,0.478891,0.02927,0.072992,0.228308,0.284607,0.567945,3
1075675764,0.560224,-0.051535,0.105136,-0.099964,0.038383,-1.311678,3
1075709098,0.51636,0.214967,0.098973,0.382455,1.50078,-1.362103,3
1075742432,0.321635,0.136416,-0.068115,1.114227,1.965148,-2.093905,3
1075775766,0.008966,-0.121617,-0.030468,2.362906,3.720678,-2.32086,3
1075809100,-0.232136,-0.177279,0.179366,2.514895,2.810679,-1.726617,3
1075842434,-0.311145,-0.141552,0.242987,1.314367,2.789877,-2.646591,3
1075875768,-0.221769,-0.008869,0.133096,1.754198,2.121653,-2.65526,3
1075909102,0.091865,0.223295,0.139344,1.473183,1.224692,-3.265645,3
1075942436,0.389713,0.303003,0.152289,1.250446,1.154042,-2.297914,3
1075975770,0.659656,0.157322,0.102976,1.137311,1.303064,-1.732234,3
1076009104,0.680656,-0.022944,0.108968,1.780925,1.181818,-0.46767,3
1076042438,0.599389,-0.054958,0.110531,1.873643,2.009543,0.007325,3
1076075772,0.37926,-0.079534,0.104388,1.847605,1.715884,-0.189668,3
1076109106,0.318354,-0.056681,0.20659,0.716383,1.15089,0.454102,3
1076142440,0.304627,0.199659,0.093116,0.284844,1.979132,0.12142,3
1076175774,0.41629,0.267903,0.068835,0.236067,1.201142,0.042871,3
1076209108,0.242798,0.191227,0.085046,-0.731569,1.887216,0.829179,3
1076242442,0.045661,0.036274,0.096656,-0.105515,1.182211,-0.867921,3
1076275776,-0.200949,0.053134,0.181956,-0.114589,1.24188,0.154524,3
1076309110,-0.165135,-0.014833,0.05195,0.174629,2.079149,0.390209,3
1076342444,-0.322361,-0.136086,0.104466,0.703108,1.962772,-0.643573,3
1076375778,-0.401179,-0.038989,0.167621,0.694433,1.560238,-1.280564,3
1076409112,-0.288457,0.103052,0.100513,0.241603,1.484617,-1.989119,3
1076442446,-0.116066,0.352978,-0.006145,-0.006139,1.00405,-2.051641,3
1076475780,-0.148048,0.242705,0.111245,0.355094,0.545118,-2.314921,3
1076509114,-0.055782,0.104315,0.116642,0.813114,-0.344326,-1.651369,3
1076542448,0.001275,-0.028194,0.119316,0.582945,-0.190834,-0.67007,3
1076575782,-0.000189,0.064689,0.0706,0.287953,0.104097,-2.586345,3
1076609116,0.160861,-0.133002,0.05592,0.606822,-1.855691,-2.738731,3
1076642450,0.060271,-0.221281,0.137678,1.177597,-1.514776,1.610065,3
1076675784,0.091147,0.044934,0.229802,0.129955,-1.081977,2.010088,3
1076709118,0.208803,0.120395,0.007047,0.094301,-2.710013,0.829129,3
1076742452,-0.108285,-0.233106,0.101398,-1.053914,-0.728019,1.060513,3
1076775786,-0.027613,-0.110966,0.151011,-0.806772,-2.677358,2.048717,3
1076809120,-0.022159,0.033423,0.096237,-1.411919,-1.543124,2.162958,3
1076842454,-0.080823,-0.012487,0.103658,-1.017829,-1.756307,1.940035,3
1076875788,-0.122878,-0.041743,0.107354,-0.630517,-2.637623,2.681551,3
1076909122,-0.097077,-0.088027,0.106541,-1.609644,-2.468044,3.062193,3
1076942456,-0.187704,-0.048785,0.126157,-2.069033,-2.228359,1.948722,3
1076975790,-0.111389,-0.083789,0.132754,-2.112139,-1.464004,1.229375,3
1077009124,-0.023196,-0.060027,0.138824,-1.866119,-1.207743,0.819419,3
1077042458,-0.018348,-0.009529,0.108195,-1.299816,-0.6214,0.35663,3
1077075792,0.059119,-0.014028,0.109712,-1.341652,-1.027783,0.24325,3
1077109126,0.144132,-0.046017,0.087937,-0.949915,-0.526685,0.852714,3
1077142460,0.054488,-0.044207,0.131058,-0.453256,-0.368962,0.391713,3
1077175794,0.032391,0.036648,0.165866,-0.137935,-0.832365,0.207592,3
1077209128,-0.096672,0.085113,0.096457,-0.148385,-0.828432,0.214451,3
1077242462,-0.00948,-0.057358,0.121147,0.065042,-0.52773,-0.148167,3
1077275796,0.214818,-0.100153,0.111445,0.220983,-0.45949,0.090229,3
1077309130,0.017798,0.052356,0.147372,0.260867,-0.285494,0.481417,3
1077342464,-0.152981,0.012668,0.164935,0.118018,0.181975,0.524764,3
1077375798,0.077883,0.121281,0.060018,0.071388,0.193282,0.919581,3
1077409132,-0.005628,0.039229,0.128984,0.130456,0.091698,0.78465,3
1077442466,0.150712,0.042626,0.08083,0.234166,0.425888,0.260131,3
1077475800,0.053149,0.180374,0.11356,0.16535,0.194577,0.480687,3
1077509134,-0.216916,0.18989,0.24121,0.303941,-0.202321,0.683484,3
1077542468,0.005812,0.007831,0.139728,0.199455,0.149637,0.431273,3
1077575802,0.085976,-0.069841,0.12729,-0.192471,-0.703883,-1.016204,3
1077609136,0.015412,-0.097774,0.160038,-0.66981,-0.812154,-0.607118,3
1077642470,0.175159,-0.134805,0.041252,-0.393021,-0.609366,0.138085,3
1077675804,0.043643,-0.293561,-0.021063,-0.196389,-0.469782,0.103797,3
1077709138,-0.267113,-0.232281,0.067892,-0.18202,-0.106849,0.399053,3
1077742472,-0.482347,0.076836,0.128485,-0.404972,0.10492,0.518693,3
1077775806,-0.446495,0.1684,0.063865,-0.7244,0.187721,0.637187,3
1077809140,-0.557928,0.102931,0.050193,-0.857395,0.156246,0.765962,3
1077842474,-0.625471,-0.017844,0.130112,-0.790536,-0.133337,0.644392,3
1077875808,-0.396773,-0.078548,0.107822,-0.835756,-0.450048,0.884973,3
1077909142,-0.277694,-0.135595,0.038247,-0.876023,-0.85083,0.592957,3
1077942476,-0.376781,-0.164024,0.096901,-1.294019,-1.235205,0.239792,3
1077975810,-0.349896,-0.119317,0.106901,-0.998887,-1.64312,0.581989,3
1078009144,-0.35678,-0.047998,0.026743,-1.323911,-1.584379,0.833263,3
1078042478,-0.507929,-0.333566,0.05191,-1.27178,-2.176374,1.250485,3
1078075812,-0.498681,-0.281444,0.102479,-0.838399,-2.32673,-0.047737,3
1078109146,-0.535736,-0.09251,0.210032,-0.769039,-2.461935,0.009175,3
1078142480,-0.605344,0.06877,0.174952,0.122587,-2.823678,0.606259,3
1078175814,-0.565545,-0.258315,0.027741,0.265988,-2.321708,0.513702,3
1078209148,-0.490445,-0.731891,0.044905,0.535821,-1.967984,0.25284,3
1078242482,-0.25749,-0.536251,0.216014,0.631394,-1.799641,0.215732,3
1078275816,-0.258888,-0.014177,0.101298,0.819089,-1.458202,-0.206222,3
1078309150,-0.163616,0.010318,-0.039715,1.36035,-1.123736,-0.203909,3
1078342484,-0.189829,-0.025667,0.027539,1.777617,-0.569013,0.345099,3
1078375818,-0.395546,-0.331238,0.127783,1.745201,-0.033592,-0.079319,3
1078409152,-0.538336,-0.565911,0.111787,1.861462,0.560451,-0.204418,3
1078442486,-0.458065,-0.238137,0.054697,2.082254,1.232258,-0.485501,3
1078475820,-0.318929,0.440873,-0.066935,1.552041,1.734333,-0.396165,3
1078509154,-0.07272,0.705068,-0.068366,1.15948,2.06042,-0.757905,3
1078542488,-0.134625,0.213139,0.013778,0.716174,2.169352,-1.03585,3
1078575822,0.007698,-0.021576,0.069214,0.038533,2.20111,-1.09945,3
1078609156,0.178942,-0.258016,0.085814,0.148328,2.140236,-0.996562,3
1078642490,0.373634,-0.094537,0.012905,-0.195543,2.000467,-0.672076,3
1078675824,0.185815,-0.297151,0.04495,-0.565257,1.556691,-0.092074,3
1078709158,0.690155,-0.151983,0.096439,-0.566311,1.395578,0.155109,3
1078742492,0.64092,0.247692,0.074838,-0.831301,1.119977,0.309768,3
1078775826,0.282168,0.05085,0.230603,-0.764566,1.038705,0.492415,3
1078809160,0.407192,0.115572,0.212477,-0.435877,1.121109,0.540952,3
1078842494,0.344477,0.206929,0.166891,-0.469362,0.881532,0.47917,3
1078875828,0.184555,0.126146,0.155988,-0.510558,0.814937,0.504231,3
1078909162,0.59726,0.288254,0.357948,-0.196414,0.667392,0.402138,3
1078942496,0.750454,0.648643,0.308699,-0.18389,0.410255,0.115898,3
1078975830,0.68312,0.749037,0.141135,0.012912,0.060921,-0.064724,3
1079009164,0.764025,0.594137,0.235013,-0.058079,-0.011309,0.142012,3
1079042498,0.729448,0.324258,0.244521,-0.185795,0.230513,-0.181172,3
1079075832,0.635586,0.179127,0.218268,-0.090542,-0.049965,0.030155,3
1079109166,0.638354,0.371437,0.179478,-0.048624,0.329232,0.065806,3
1079142500,0.776076,0.95927,0.11438,0.058261,0.490616,-0.182662,3
1079175834,0.959022,1.170053,0.073153,-0.268667,0.876343,-0.151983,3
1079209168,0.527245,0.284235,0.083673,-0.238577,1.481427,-0.040752,3
1079242502,0.974371,0.407448,0.365263,-0.232191,1.872117,-0.246232,3
1079275836,0.196946,-0.075669,0.311464,0.301334,2.235611,-0.293999,3
1079309170,0.129037,-0.338385,0.021985,0.2275,2.561512,-0.131175,3
1079342504,0.113863,0.550688,0.041099,0.390696,2.43394,-0.335306,3
1079375838,0.24441,0.511081,-0.106073,0.217405,2.275949,-0.647973,3
1079409172,0.389508,0.106776,0.002482,-0.125301,2.123081,-0.628987,3
1079442506,0.878865,0.448541,0.535156,0.012947,1.850821,-0.686486,3
1079475840,1.026525,0.761831,0.423792,-0.132548,1.4486,-0.632499,3
1079509174,1.137204,0.53043,0.265319,-0.508071,1.385461,-0.307748,3
1079542508,0.94479,0.284374,0.21621,-0.099069,1.380398,-0.03939,3
1079575842,0.623068,0.169029,0.465426,-0.078563,1.432503,0.410198,3
1079609176,0.228466,-0.184132,0.377766,-0.107302,1.335517,0.711571,3
1079642510,-0.26237,-0.413193,0.122778,0.21392,1.202455,0.579145,3
1079675844,-0.039059,-0.33538,-0.052585,0.477655,0.906833,0.542589,3
1079709178,0.155325,-0.060837,0.021627,0.421798,0.628438,0.680121,3
1079742512,-0.179548,-0.143671,-0.010588,0.550229,0.429194,0.64753,3
1079775846,-0.297373,-0.344801,0.093667,0.608645,0.209633,0.432694,3
1079809180,-0.246825,-0.076767,-0.270181,0.710094,0.218052,0.326989,3
1079842514,-0.026042,0.337736,0.027993,0.842994,0.025062,0.122246,3
1079875848,-0.046179,0.079912,-0.04912,0.765497,-0.294532,0.026994,3
1079909182,-0.066309,-0.261373,-0.141633,0.905962,-0.39781,0.00843,3
1079942516,-0.121196,-0.21677,-0.157764,0.473737,-0.865258,-0.10803,3
1079975850,-0.099086,-0.559212,-0.051649,0.305243,-1.003178,-0.153722,3
1080009184,-0.080239,-0.078345,0.029017,0.269707,-1.123782,-0.026411,3
1080042518,-0.427177,0.430957,0.131181,-0.08679,-1.290713,0.122578,3
1080075852,-0.918226,0.216587,0.246222,-0.458463,-1.261682,0.145931,3
1080109186,-0.962849,0.010839,0.169436,-0.729496,-1.394078,-0.015587,3
1080142520,-0.58667,-0.352824,0.04866,-0.793668,-1.33972,-0.001631,3
1080175854,-0.536255,-0.300043,0.164035,-0.969419,-1.244608,0.191368,3
1080209188,-0.470893,-0.113956,0.080127,-0.798572,-1.221251,0.411217,3
1080242522,-0.229563,0.098667,0.009566,-1.527712,-1.270774,0.687082,3
1080275856,-0.364275,-0.167284,0.047461,-2.049074,-1.079768,0.522451,3
1080309190,-0.358344,-0.242064,0.101285,-2.421548,-1.398595,0.565458,3
1080342524,-0.286934,-0.161835,0.091507,-2.293289,-1.27578,0.681901,3
1080375858,-0.435587,-0.129991,0.081297,-2.25198,-1.318285,0.757103,3
1080409192,-0.536682,-0.085418,0.162712,-1.772891,-1.548461,1.10208,3
1080442526,-0.461229,-0.070122,0.112623,-1.286084,-0.31923,1.063993,3
1080475860,-0.333033,-0.17136,0.033798,-0.754103,-1.062883,1.357893,3
1080509194,-0.401831,-0.137977,0.07293,0.115603,-0.479804,1.175417,3
1080542528,-0.42142,-0.206915,0.129992,0.889925,-0.879901,0.099509,3
1080575862,-0.202302,-0.176171,0.041488,1.4675,-0.189871,0.999461,3
1080609196,0.022663,-0.050229,0.131749,0.922524,-0.607084,-0.083658,3
1080642530,0.219236,0.19043,0.111183,1.153472,-0.146327,-1.628289,3
1080675864,0.160733,0.085401,0.116551,1.10908,-0.561294,-1.503662,3
1080709198,0.07749,0.062733,0.127328,2.649258,-0.186388,-1.498595,3
1080742532,-0.004018,0.087204,0.127259,2.111926,0.298117,-0.994864,3
1080775866,0.012196,-0.008415,0.147522,1.933234,0.549454,-0.210178,3
1080809200,0.074019,-0.021549,0.122973,1.506505,0.699364,-1.029283,3
1080842534,0.053816,0.005583,0.102696,1.882563,0.451249,-1.303925,3
1080875868,0.096501,0.104903,0.169062,1.741157,0.248242,-0.958896,3
1080909202,0.25873,0.138124,0.118938,1.800097,0.364803,-0.748657,3
1080942536,0.209592,-0.08816,0.086262,2.135606,0.631916,-0.292675,3
1080975870,0.196509,-0.083938,0.121048,2.138674,0.610707,0.120243,3
1081009204,0.261098,-0.103575,0.092617,2.674371,1.152888,-0.446475,3
1081042538,0.022282,0.0279,0.179218,1.619735,0.39304,-0.186518,3
1081075872,0.145808,0.045821,0.079194,1.842802,1.400397,-0.005424,3
1081109206,0.238848,0.132513,0.084332,1.923363,1.323631,-0.984827,3
1081142540,0.041983,0.199508,0.215692,0.71638,0.63237,-1.319793,3
1081175874,0.129345,0.217278,-0.002319,0.782768,1.40188,-1.396943,3
1081209208,-0.027803,0.037981,0.14828,0.15931,1.065621,-1.895507,3
1081242542,-0.025798,0.039396,0.122683,-0.141656,-0.501006,-1.778841,3
1081275876,0.028352,-0.053732,0.088711,-0.498223,0.72324,-1.083325,3
1081309210,-0.085404,-0.09843,0.136854,-0.716684,-0.164672,-1.544772,3
1081342544,-0.048854,-0.153928,0.094811,-0.549838,-0.618528,-1.899517,3
1081375878,-0.094655,-0.024062,0.166994,-0.65881,-1.790793,-0.126116,3
1081409212,-0.015525,0.106256,0.058831,-0.298556,-1.800349,0.700502,3
1081442546,0.012556,-0.10058,0.093879,-2.218558,0.211628,0.437351,3
1081475880,-0.131415,-0.07035,0.160579,-1.678423,-0.655132,1.035199,3
1081509214,-0.269627,-0.091396,0.183448,-1.508588,-1.164835,0.106147,3
1081542548,-0.269547,-0.135725,0.166526,-1.870483,-1.078735,1.400882,3
1081575882,-0.249777,-0.097237,0.114743,-1.179721,-1.866764,1.561659,3
1081609216,-0.089556,-0.163578,0.051871,-1.703777,-2.8417,4.631561,3
1081642550,-0.217268,-0.097062,0.033243,-1.648763,-1.624099,4.834294,3
1081675884,-0.415822,-0.101867,0.128358,-1.212859,-1.53425,2.949841,3
1081709218,-0.473899,0.058516,0.143771,-1.500522,-1.786584,1.549343,3
1081742552,-0.526331,0.1084,0.157681,-1.436719,-1.626265,0.451816,3
1081775886,-0.516329,0.011523,0.144319,-0.914864,-1.892297,-0.177258,3
1081809220,-0.268933,-0.073873,0.046879,-0.525821,-1.393219,-0.521118,3
1081842554,-0.241107,-0.051304,0.091278,0.131951,-1.408515,-0.380293,3
1081875888,-0.380948,-0.040378,0.164376,0.556389,-0.739963,-0.231012,3
1081909222,-0.248565,-0.118134,0.133776,0.622287,-0.416394,0.419612,3
1081942556,-0.026791,-0.073013,0.029139,0.448164,-0.034805,0.566608,3
1081975890,-0.029712,-0.157577,0.022893,0.432459,0.132972,0.610413,3
1082009224,-0.038505,-0.241185,0.124996,0.409711,0.276898,0.713731,3
1082042558,-0.127002,-0.051649,0.115721,0.18795,0.274669,0.95064,3
1082075892,-0.214285,-0.075273,0.117182,0.112203,0.149694,1.377901,3
1082109226,-0.041979,-0.058132,0.065463,0.145654,-0.230213,1.088712,3
1082142560,0.048149,-0.334861,0.105039,0.338291,-0.613471,1.119695,3
1082175894,-0.026898,-0.21659,0.108234,0.367879,-0.412213,0.330546,3
1082209228,0.005885,0.003506,0.132524,0.457039,-0.388718,0.296659,3
1082242562,0.184597,0.140704,0.115735,0.585104,-0.193004,0.131664,3
1082275896,0.178245,-0.056673,0.061779,0.627221,-0.00999,-0.430446,3
1082309230,0.224225,-0.189721,0.113414,0.660496,0.240211,-0.340659,3
1082342564,0.12803,-0.086877,0.087621,0.484922,0.446613,-0.81298,3
1082375898,0.007785,-0.00984,0.095511,0.61905,0.645245,-1.068378,3
1082409232,-0.05907,0.127238,0.05479,0.636693,0.823774,-1.162338,3
1082442566,-0.104996,0.03457,0.100402,0.603123,1.065099,-1.141809,3
1082475900,-0.1147,-0.088546,0.122265,0.249509,1.113686,-0.792995,3
1082509234,-0.053458,-0.005957,0.166222,-0.066953,1.173648,0.286263,3
1082542568,0.136625,0.068876,0.174641,-0.650563,1.041315,0.822485,3
1082575902,0.337209,0.045291,0.08417,-0.365329,0.374645,0.797518,3
1082609236,0.47683,-0.135904,0.074407,-0.19136,-0.085158,0.60012,3
1082642570,0.494479,-0.037754,0.112944,-0.58794,-0.12349,0.353957,3
1082675904,0.513907,0.114838,0.151567,-0.34986,-0.082634,0.38749,3
1082709238,0.227973,0.156146,0.201527,0.212151,-0.174359,0.514887,3
1082742572,0.249388,0.277547,0.219418,0.612587,0.105639,0.66175,3
1082775906,0.285929,0.471972,0.152286,0.596964,0.075795,0.008003,3
1082809240,0.370983,0.266453,0.127987,0.505101,0.206689,-0.128428,3
1082842574,0.480725,0.223668,0.207856,0.551274,0.449013,0.246521,3
1082875908,0.491292,0.293709,0.129632,0.510921,0.662767,0.311221,3
1082909242,0.415882,0.272866,0.231323,0.450908,0.794645,-0.400641,3
1082942576,0.319538,0.444184,0.256869,0.555317,1.016912,-0.505525,3
1082975910,0.556932,0.561908,0.20933,0.551438,1.132756,-0.339711,3
1083009244,0.745415,0.342277,0.171211,0.345745,1.231728,-0.444602,3
1083042578,0.762094,0.065607,0.102147,0.277538,1.281125,-0.53373,3
1083075912,0.650591,0.300986,0.041412,0.218648,1.331418,-0.219506,3
1083109246,0.579975,0.284966,-0.010292,0.223156,1.316212,-0.187217,3
1083142580,0.469704,0.279618,0.137991,0.246098,1.302939,-0.291832,3
1083175914,0.345454,0.376908,0.121136,0.202076,1.094948,-0.168932,3
1083209248,0.231037,0.265475,0.070414,0.011849,0.880889,0.250228,3
1083242582,0.386013,0.226132,0.125242,-0.07764,0.760729,0.589187,3
1083275916,0.400898,0.236069,-0.044032,0.05685,0.665604,0.647314,3
1083309250,0.481109,0.190363,0.219195,0.179805,1.043737,1.36834,3
1083342584,0.198908,0.196361,0.037566,0.078517,1.38265,0.841143,3
1083375918,0.144869,0.193959,0.251003,0.297572,1.61341,0.714019,3
1083409252,0.488365,0.062645,0.152237,0.557018,1.657113,0.221555,3
1083442586,0.453744,-0.016906,-0.079083,1.207757,0.930862,-0.399073,3
1083475920,0.398237,-0.183932,-0.087909,1.408232,-0.180851,-0.709338,3
1083509254,0.013002,-0.173385,0.038763,1.249185,-0.818087,-0.605115,3
1083542588,-0.426627,-0.001079,0.181263,1.056694,-1.653461,-0.497768,3
1083575922,-0.939148,0.03615,0.145813,0.94449,-2.15159,0.027751,3
1083609256,-1.021343,-0.206238,0.200774,0.267833,-1.782771,-0.332882,3
1083642590,-0.749849,-0.631487,0.035547,0.004337,-1.887286,-0.208136,3
1083675924,-0.637022,-0.640902,0.063451,-0.414321,-1.885399,-0.149794,3
1083709258,-0.52065,-0.174827,0.080343,-0.625571,-1.687593,0.006397,3
1083742592,-0.574351,-0.045973,0.146128,-0.917387,-1.593803,-0.070442,3
1083775926,-0.311892,-0.077861,0.060363,-1.105032,-1.296476,-0.141251,3
1083809260,-0.202166,-0.025067,0.142603,-0.997121,-1.089637,0.007642,3
1083842594,-0.478627,0.054951,0.061848,-0.75264,-0.983713,0.137095,3
1083875928,-1.033175,-0.15642,0.18302,-0.90622,-0.609347,-0.144355,3
1083909262,-0.841883,-0.054289,0.150143,-1.178877,-0.663657,-0.02158,3
1083942596,-0.639334,0.126772,0.078893,-1.305208,-0.94505,0.310837,3
1083975930,-0.593853,0.219634,0.056647,-1.251154,-1.327124,1.018115,3
1084009264,-0.490869,0.226968,0.096041,-1.239184,-1.43522,1.316039,3
1084042598,-0.147834,0.345167,0.120866,-1.039822,-1.347438,1.514596,3
1084075932,0.142877,0.35076,0.053763,-0.848598,-1.122446,1.23949,3
1084109266,0.09074,0.205759,0.055407,-0.542311,-0.824257,0.794249,3
1084142600,-0.322317,-0.150541,0.151698,-0.20801,-0.718175,0.412011,3
1084175934,-0.275189,-0.19967,0.115372,0.036934,-0.662471,0.363708,3
1084209268,-0.159,-0.159945,0.145343,-0.076496,-0.416089,0.286738,3
1084242602,-0.074419,-0.046582,0.142145,-0.241751,-0.305042,0.67555,3
1084275936,-0.003012,-0.030876,0.169452,-0.558818,-0.447181,1.310329,3
1084309270,0.13301,-0.027218,0.126247,-0.538863,-0.64862,1.755413,3
1084342604,0.473226,-0.094845,0.052975,-0.836409,-0.555674,2.107038,3
1084375938,0.60696,-0.243375,0.035818,-0.486889,0.034724,2.85687,3
1084409272,0.485574,-0.240647,0.119448,-0.135066,0.23582,2.587276,3
1084442606,0.334943,-0.163546,0.158362,0.21952,0.389785,1.317974,3
1084475940,0.271881,0.041139,0.104244,0.087773,0.436738,0.35571,3
1084509274,0.1748,0.050311,0.11991,0.198917,0.558716,-0.562079,3
1084542608,-0.083268,0.063417,0.165877,0.108662,0.443502,-1.121728,3
1084575942,-0.116558,-0.053032,0.115398,0.727529,0.153406,-1.635654,3
1084609276,0.095769,-0.067549,0.120003,0.585464,0.323183,-1.755087,3
1084642610,0.141105,0.038383,0.087685,2.134218,0.596834,-1.64047,3
1084675944,0.011983,0.0328,0.148742,1.996139,0.379938,-1.87525,3
1084709278,0.128776,0.076335,0.105136,1.464504,0.666768,-1.789186,3
1084742612,0.213805,0.164761,0.065498,2.134624,0.446761,-1.475205,3
1084775946,0.243719,0.086945,0.119138,1.615378,0.395145,-1.134161,3
1084809280,0.173253,-0.010248,0.140688,0.794123,0.598519,-0.816709,3
1084842614,0.156231,-0.033747,0.154762,0.409758,0.27236,-0.769121,3
1084875948,0.317844,-0.033606,0.098217,0.132973,0.244135,-0.282099,3
1084909282,0.148215,-0.089802,0.133905,0.09298,0.213212,-0.252795,3
1084942616,-0.001308,0.031756,0.189607,-0.239277,-0.062397,0.109795,3
1084975950,0.04135,0.100221,0.112387,-0.084431,0.444158,0.247196,3
1085009284,0.091449,-0.007757,0.081569,-0.15475,0.138048,0.324812,3
1085042618,0.103015,-0.073264,0.144534,0.005607,-0.055459,0.433364,3
1085075952,0.10081,-0.078468,0.140902,0.193425,-0.125205,0.524328,3
1085109286,0.117151,0.035357,0.037502,-0.144732,-0.35152,0.224149,3
1085142620,0.043804,-0.023886,0.101086,0.080064,-0.293587,0.327362,3
1085175954,0.004453,-0.022617,0.115493,-0.111904,-0.389716,0.316216,3
1085209288,-0.026671,-0.000129,0.082199,0.869781,-0.54785,-0.015718,3
1085242622,-0.104226,0.065786,0.107479,0.915434,-0.308633,-0.201415,3
1085275956,-0.136857,0.068584,0.112723,0.658585,-0.317229,-0.668924,3
1085309290,-0.201245,-0.010958,0.121303,0.813589,-0.001989,-0.969262,3
1085342624,-0.113286,0.033779,0.102316,1.064784,0.026545,-1.000578,3
1085375958,0.01859,0.008998,0.129053,0.713554,0.295586,-0.929309,3
1085409292,0.136216,0.107218,0.067911,0.620825,0.163747,-0.832191,3
1085442626,0.128908,0.036714,0.129395,1.402879,0.450994,-0.263182,3
1085475960,0.0703,-0.049086,0.123169,2.594071,0.420806,-0.467589,3
1085509294,-0.003977,0.035558,0.119911,4.844631,-0.120208,-1.257897,3
1085542628,-0.083716,-0.04948,0.095428,3.215536,0.198347,-1.253954,3
1085575962,-0.035548,0.014037,0.100055,2.392636,1.150862,-1.901307,3
1085609296,-0.022126,0.167685,0.121126,1.34461,0.253155,-1.637026,3
1085642630,0.095387,0.070663,0.104798,0.390399,0.359568,-1.119017,3
1085675964,0.171043,0.023778,0.082495,-0.263155,1.973536,-0.763565,3
1085709298,0.262927,-0.019319,0.164924,-1.974777,0.917102,-1.239135,3
1085742632,0.252347,0.00141,0.077106,-0.903492,-0.070114,-2.432271,3
1085775966,0.074075,-0.038376,0.211618,-1.582437,0.499027,-1.093208,3
1085809300,0.105228,0.237844,0.159849,-1.724372,0.364088,-1.612729,3
1085842634,0.290905,0.119236,-0.001585,-0.111922,0.954421,-0.464922,3
1085875968,0.126245,-0.194701,0.200507,-0.81136,0.951618,0.947576,3
1085909302,-0.076396,-0.030703,0.160635,-0.578631,-0.225781,-0.478111,3
1085942636,0.081901,-0.051686,-0.048967,-0.341764,0.210574,0.61315,3
1085975970,-0.103537,-0.254634,0.167842,-0.54881,-0.045495,2.84672,3
1086009304,-0.332297,-0.178907,0.199992,-0.965538,-0.269697,0.90134,3
1086042638,-0.298752,-0.06894,0.205039,-0.548162,-0.455348,2.542635,3
1086075972,-0.168779,-0.086816,0.112392,-1.141986,-0.48322,2.129827,3
1086109306,-0.000157,-0.188566,0.062537,-1.051801,-0.926623,1.370352,3
1086142640,0.07343,-0.20883,0.055198,-0.794797,-1.155626,1.793386,3
1086175974,-0.181195,-0.205783,0.09733,-0.780681,-0.89142,0.198071,3
1086209308,-0.349975,-0.035684,0.101655,-0.439465,-1.690487,1.402045,3
1086242642,-0.390673,0.083502,0.084474,-0.359318,-1.64635,1.9583,3
1086275976,-0.40579,-0.0756,0.077113,-0.426802,-1.265026,0.716697,3
1086309310,-0.24303,-0.229014,0.051103,-0.4581,-1.485953,0.551673,3
1086342644,-0.312698,-0.218075,0.052938,-0.456714,-1.174266,0.330384,3
1086375978,-0.297641,-0.110957,0.049407,-0.456501,-0.90907,-0.314214,3
1086409312,-0.318879,-0.109844,0.046325,-0.701172,-0.978509,0.153501,3
1086442646,-0.297711,-0.208643,0.104248,-0.580489,-0.816582,0.075193,3
1086475980,-0.327607,-0.207385,0.158741,-0.317593,-0.904361,-0.000635,3
1086509314,-0.256644,-0.092891,0.190949,-0.432569,-1.261352,1.103295,3
1086542648,-0.117399,0.084366,0.035238,-0.405904,-1.321705,0.672194,3
1086575982,0.04202,0.082928,0.016315,-0.096007,-1.395651,0.147059,3
1086609316,0.072309,0.01156,0.109976,-0.139183,-1.471487,-0.026551,3
1086642650,0.086976,0.325427,0.180516,-0.200546,-1.483463,-0.085638,3
1086675984,0.019146,0.385982,0.089159,-0.219659,-1.334924,0.399683,3
1086709318,0.032819,0.135621,0.091487,-0.212186,-0.992747,0.770142,3
1086742652,0.135986,0.049248,0.059308,-0.176765,-0.596681,1.004182,3
1086775986,0.087306,-0.020119,0.051346,0.010597,-0.097149,1.038132,3
1086809320,0.014826,-0.166664,0.066872,0.293306,0.367935,0.684433,3
1086842654,0.107205,-0.183671,0.077722,0.515208,0.831726,0.323791,3
1086875988,0.031168,-0.011457,0.052844,0.456065,0.992562,0.23158,3
1086909322,-0.06473,0.14343,0.111815,0.469176,0.974719,-0.002027,3
1086942656,-0.017936,0.112483,0.104775,0.448704,0.871223,-0.15604,3
1086975990,-0.010384,0.13427,0.091762,0.524523,0.908627,-0.117677,3
1087009324,-0.024975,0.098421,0.087242,0.32883,0.96043,-0.125735,3
1087042658,0.184666,0.009919,0.116613,0.205938,0.937486,-0.07769,3
1087075992,0.11278,0.031078,0.067717,0.084933,0.610537,0.083141,3
1087109326,0.046209,0.053507,0.026418,0.015464,0.201198,0.278403,3
1087142660,0.110247,0.047644,0.169391,-0.074833,-0.020379,0.416479,3
1087175994,0.042874,0.073506,0.119066,-0.102174,-0.152039,0.294855,3
1087209328,0.103475,-0.040183,0.190568,-0.170362,-0.265921,0.209269,3
1087242662,0.125153,-0.130869,0.073894,-0.279228,-0.469394,0.117253,3
1087275996,0.125161,-0.029888,0.147165,-0.17275,-0.568767,0.155536,3
1087309330,0.17385,0.151545,0.12289,-0.270706,-0.608577,0.138779,3
1087342664,0.051311,0.230116,0.027948,-0.252556,-0.496598,-0.03942,3
1087375998,0.122149,0.117615,0.143002,0.08196,-0.338264,0.087262,3
1087409332,0.123936,0.074668,0.167335,0.045653,-0.293692,0.430472,3
1087442666,0.130564,0.182242,0.132186,0.229914,-0.143313,0.101624,3
1087476000,0.087997,0.125035,0.189804,0.073725,-0.158716,0.05401,3
1087509334,0.139313,0.060704,0.266506,0.110287,-0.069394,0.049966,3
1087542668,0.045263,0.071855,0.153219,0.079196,0.031873,-0.058734,3
1087576002,0.0643,0.02407,0.088582,0.1597,0.233202,0.059422,3
1087609336,0.043664,0.062892,0.082157,0.321397,0.499992,0.171347,3
1087642670,0.150101,0.150759,0.213221,0.160073,0.560917,0.100252,3
1087676004,0.208122,0.136851,0.297662,0.206257,0.726255,0.169798,3
1087709338,0.186595,0.186153,0.208561,0.145234,0.684058,-0.041627,3
1087742672,0.119131,0.222119,0.156546,0.220457,0.740202,-0.225684,3
1087776006,0.209166,0.152136,0.164426,0.246071,0.580496,-0.096881,3
1087809340,0.260278,0.121979,-0.052994,0.305228,0.452088,0.01681,3
1087842674,0.460043,-0.021226,0.091536,0.129573,0.346413,0.100606,3
1087876008,0.659099,-0.208175,0.042021,0.00405,0.236607,0.17078,3
1087909342,0.690639,-0.049153,0.135369,0.015995,0.119477,0.139326,3
1087942676,0.618059,0.153851,0.241071,-0.032286,-0.054461,0.235874,3
1087976010,0.561686,0.180427,0.126197,0.009814,-0.126043,0.263715,3
1088009344,0.464482,0.120545,0.185969,-0.188505,-0.200872,0.486365,3
1088042678,0.317604,0.07337,0.193208,-0.054653,-0.278529,0.355191,3
1088076012,0.160835,0.096275,0.092551,-0.671021,-0.086835,0.752939,3
1088109346,0.178997,0.130207,0.073574,-0.102556,-0.030588,0.606813,3
1088142680,0.184968,0.14014,0.107695,-0.05887,-0.170812,0.712777,3
1088176014,0.246311,0.063276,0.213375,-0.317305,0.051376,0.756291,3
1088209348,0.190098,0.148158,0.200196,0.056487,0.044917,0.506065,3
1088242682,0.108658,0.371958,0.095695,0.135229,0.126981,0.403265,3
1088276016,0.180086,0.212416,0.161811,0.195292,0.147218,0.323221,3
1088309350,0.143329,0.035372,0.253715,0.406847,0.236984,0.211705,3
1088342684,0.125839,0.167585,0.197079,0.568183,0.324949,0.163795,3
1088376018,0.224096,0.215838,0.24724,0.578296,0.327822,-0.08248,3
1088409352,0.190819,0.07886,0.253053,0.478313,0.314845,-0.157825,3
1088442686,0.194543,0.282685,0.247389,0.527754,0.244737,-0.055841,3
1088476020,0.305475,0.34148,0.098361,0.238507,0.278232,-0.063198,3
1088509354,0.27505,0.147377,0.03328,0.228178,0.181396,-0.174791,3
1088542688,0.118523,0.008666,0.135507,0.23621,0.2008,0.051042,3
1088576022,0.206596,0.010663,0.198848,0.29455,0.221322,0.361873,3
1088609356,0.271146,0.10612,0.015201,0.026078,0.120335,0.824261,3
1088642690,0.298297,-0.127322,0.100442,0.477555,0.249753,0.839356,3
1088676024,0.245017,-0.09061,0.096666,0.23565,0.516042,2.782319,3
1088709358,0.247323,0.231488,0.064885,-0.929487,0.256347,2.007698,3
1088742692,0.401946,0.367857,0.12182,-0.054844,0.487159,1.203849,3
1088776026,0.327861,0.173455,0.278439,-0.097898,0.396841,0.216183,3
1088809360,0.378261,0.105632,0.045904,0.067573,0.280954,0.102462,3
1088842694,0.545595,-0.097843,-0.078733,0.339291,0.481829,0.080822,3
1088876028,0.281793,-0.637867,0.149838,0.526162,0.584786,-0.32625,3
1088909362,0.340238,-0.178586,0.209173,0.550084,0.541227,-0.077911,3
1088942696,0.112812,0.466676,0.345279,0.663796,0.656628,-0.401835,3
1088976030,0.061019,0.250632,0.012688,0.750111,0.371548,-0.989642,3
1089009364,-0.000117,0.191304,-0.005618,0.623555,0.427028,-0.470531,3
1089042698,0.038955,-0.124221,0.02149,0.48984,0.585534,-0.98445,3
1089076032,-0.027512,-0.150629,0.036037,0.839299,0.235993,-1.040112,3
1089109366,-0.110178,-0.28721,0.10682,0.690355,0.292504,-0.771591,3
1089142700,-0.271889,-0.270562,0.008712,0.397671,0.403079,-0.555797,3
1089176034,-0.465229,-0.214954,0.198498,0.257629,0.159341,-0.771433,3
1089209368,-0.249757,-0.138867,0.146697,0.153882,-0.131761,-0.603333,3
1089242702,-0.078245,-0.388234,-0.051266,0.035972,-0.126666,0.146938,3
1089276036,0.03516,-0.279066,-0.070621,0.11568,-0.38403,0.180859,3
1089309370,-0.365903,-0.052678,-0.01806,0.099436,-0.743734,-0.364801,3
1089342704,-0.619434,0.008981,0.234856,-0.058642,-0.788781,-0.384991,3
1089376038,-0.346673,-0.002659,0.131454,-0.074073,-0.867948,-0.404305,3
1089409372,-0.295994,-0.095699,0.073513,-0.090444,-1.044815,-0.456033,3
1089442706,-0.39206,0.077958,0.195502,-0.298832,-1.021711,-0.462172,3
1089476040,-0.356151,0.005512,0.136336,-0.3633,-0.94768,0.045233,3
1089509374,-0.253255,-0.139498,0.134446,-0.550467,-0.971048,-0.019307,3
1089542708,-0.102236,0.070496,0.080944,-0.761047,-0.947192,-0.02632,3
1089576042,-0.323404,0.050503,0.083915,-0.786568,-0.892917,0.205394,3
1089609376,-0.331326,-0.143481,0.059876,-0.862028,-0.737564,0.126798,3
1089642710,-0.088606,0.15438,0.106557,-0.696768,-0.622948,0.177272,3
1089676044,-0.10225,0.200403,0.157304,-0.48356,-0.456567,0.296087,3
1089709378,-0.144531,0.029932,0.098306,-0.402045,-0.35935,0.219046,3
1089742712,-0.020715,0.076389,0.127456,-0.324364,-0.308808,0.157326,3
1089776046,-0.115579,0.088047,0.094401,-0.089349,-0.278151,0.28852,3
1089809380,-0.122481,0.07253,0.104709,-0.019562,0.112375,0.418278,3
1089842714,-0.216151,-0.019689,0.107168,-0.092307,-0.04108,0.138014,3
1089876048,-0.121603,0.177259,0.095932,-0.066078,-0.01305,0.208949,3
1089909382,-0.127562,0.196385,0.193017,-0.139485,0.102411,0.271637,3
1089942716,-0.066683,-0.007795,-0.007918,-0.211926,-0.156244,0.17174,3
1089976050,-0.259716,-0.022928,0.118591,-0.206607,-0.352408,0.409518,3
1090009384,-0.39245,-0.061917,0.089695,-0.23186,-0.236769,0.395397,3
1090042718,-0.339528,-0.104495,0.05593,-0.241025,-0.205708,0.333089,3
1090076052,-0.39328,-0.243163,0.00672,-0.376968,-0.065837,0.110808,3
1090109386,0.11686,0.22285,0.140438,-0.373627,-0.103388,0.066214,3
1090142720,-0.074372,-0.005635,0.052477,-0.354704,-0.054527,0.156051,3
1090176054,-0.21791,-0.109116,0.093666,-0.278253,-0.082349,0.028684,3
1090209388,-0.04927,0.186092,0.197158,-0.069958,-0.253467,-0.042732,3
1090242722,-0.094434,0.124356,0.089393,-0.086565,-0.251141,-0.041817,3
1090276056,-0.333178,0.063916,0.141155,-0.325258,-0.329248,-0.056338,3
1090309390,-0.195312,0.012341,0.108828,-0.468911,-0.434744,0.080768,3
1090342724,-0.250346,0.06746,0.103149,-0.53609,-0.514348,0.429687,3
1090376058,-0.330046,0.05661,0.133636,-0.581908,-0.563707,0.509194,3
1090409392,-0.159945,0.087617,0.110763,-0.495461,-0.492626,0.499991,3
1090442726,-0.261871,-0.118749,0.044495,-0.562201,-0.429242,0.420628,3
1090476060,-0.29453,-0.233717,0.022353,-0.862767,-0.173673,0.217571,3
1090509394,0.060573,0.028809,0.079685,-1.02233,-0.414918,0.247744,3
1090542728,-0.139715,-0.000461,0.055809,-1.002656,-0.337908,0.746454,3
1090576062,-0.299427,0.03577,0.112469,-0.888232,-0.290474,0.84477,3
1090609396,-0.302585,0.039459,0.130446,-0.529932,-0.630354,0.925015,3
1090642730,-0.313297,-0.031743,0.10079,-0.416489,-0.441285,0.7912,3
1090676064,-0.405636,-0.113721,0.076342,-0.619691,-0.383857,0.536973,3
1090709398,-0.370545,-0.168846,0.135424,-0.635363,-0.305653,0.70151,3
1090742732,-0.331127,-0.290864,0.163528,-0.669439,-0.306178,1.064908,3
1090776066,-0.022083,-0.143753,0.191925,-0.596995,-0.065214,1.168206,3
1090809400,0.172359,-0.103207,0.094299,-0.400023,-0.089954,0.976332,3
1090842734,0.338077,0.027431,0.152488,-0.329226,-0.11681,0.831302,3
1090876068,0.350877,0.105192,0.140973,-0.141231,-0.195216,0.667749,3
1090909402,0.218605,-0.003195,0.000738,0.302197,-0.423158,0.223082,3
1090942736,-0.011762,-0.225688,0.167369,0.152018,-0.169619,-0.567885,3
1090976070,-0.226273,-0.128305,0.110428,-0.074171,0.478433,-0.430516,3
1091009404,-0.296228,-0.146266,0.178765,0.432292,0.297622,-0.2693,3
1091042738,-0.008844,-0.152053,0.165667,-0.039097,0.305699,-0.024499,3
1091076072,0.306614,-0.038974,0.062455,0.248978,0.798184,0.226329,3
1091109406,0.397789,-0.100676,0.017965,0.746331,0.071293,-0.515603,3
1091142740,0.480787,-0.339089,0.08901,1.158115,0.489832,-0.422271,3
1091176074,0.292264,-0.10712,0.124504,2.232322,0.40898,-1.602466,3
1091209408,-0.048988,0.083389,0.112961,1.860473,-0.033697,-2.113871,3
1091242742,-0.061167,0.331273,0.132562,1.483664,0.155799,-1.546199,3
1091276076,-0.017272,0.278507,0.017782,0.784088,-0.323904,-0.904149,3
1091309410,0.063297,-0.137807,0.202799,0.188156,0.291781,0.397378,3
1091342744,0.209334,-0.134259,0.19116,0.053084,0.238182,0.36531,3
1091376078,0.100326,-0.158152,0.129066,0.041683,0.274583,0.257659,3
1091409412,0.121839,-0.136396,0.045393,-0.084606,-0.046323,-0.112259,3
1091442746,0.007011,-0.153822,0.153693,0.399732,0.092777,-0.153629,3
1091476080,-0.110711,-0.049148,0.131019,0.642817,0.531007,0.277795,3
1091509414,-0.150345,0.037707,0.153429,0.437555,0.541753,0.247161,3
1091542748,-0.088746,0.087313,0.085079,0.04534,0.019822,0.040272,3
1091576082,0.010179,-0.161871,0.186843,0.212456,0.522504,0.428274,3
1091609416,0.094144,-0.288065,0.068115,0.177937,0.412242,0.295705,3
1091642750,0.125143,-0.288184,0.14665,0.590071,0.773758,-0.059778,3
1091676084,0.225769,0.134007,0.176253,0.711065,0.345973,-0.460996,3
1091709418,0.43294,0.419574,0.058735,1.5136,0.523851,-0.963009,3
1091742752,0.323128,0.309013,0.013461,1.448327,0.45692,-1.351138,3
1091776086,0.08283,0.223596,0.080594,1.349802,0.352338,-1.31587,3
1091809420,0.112366,0.257057,0.178664,1.827025,0.626203,-0.940203,3
1091842754,0.393159,0.353385,0.147678,1.865905,0.574435,-1.167399,3
1091876088,0.314475,0.316287,0.077902,1.572927,1.142994,-0.871171,3
1091909422,0.354214,0.158804,0.132799,1.535768,0.74043,-1.146845,3
1091942756,0.384737,0.166005,0.158006,0.998099,0.404746,-0.765654,3
1091976090,0.417138,0.277412,0.098523,1.307147,1.450278,-0.912881,3
1092009424,0.289785,0.274159,0.11555,1.740598,0.923655,-1.216072,3
1092042758,0.288126,0.322895,0.10268,2.181038,1.020354,-1.998519,3
1092076092,0.151579,0.178365,0.044015,1.256199,1.997715,-1.580369,3
1092109426,0.095619,0.039292,0.131475,-0.278388,0.898219,-0.847985,3
1092142760,0.340463,0.368382,0.122627,0.414575,-0.012736,-1.580858,3
1092176094,0.147589,0.28612,0.130708,-0.499516,1.369888,-0.975502,3
1092209428,0.221308,0.149549,0.159433,-1.3404,0.948713,-1.918336,3
1092242762,0.342559,0.079756,0.075931,-1.026084,0.263812,-2.937278,3
1092276096,-0.017598,-0.135937,0.191263,-1.656958,1.165022,-2.186266,3
1092309430,0.233491,0.089247,0.225522,-1.290256,0.303871,0.462379,3
1092342764,0.528864,0.190008,0.045404,-1.000965,-1.626507,4.445393,3
1092376098,0.432708,-0.150023,-0.01395,-1.742183,-0.064839,2.831613,3
1092409432,0.193502,-0.431397,0.188993,-1.470619,-1.242173,2.179964,3
1092442766,0.009149,-0.116587,0.065984,-0.798644,-1.37364,2.928433,3
1092476100,-0.211575,-0.029213,0.034204,-1.454563,-0.928984,1.714337,3
1092509434,-0.392769,-0.328543,0.072872,-1.130116,-2.284394,5.048854,3
1092542768,-0.770732,-0.048296,0.214875,-1.383085,-1.322675,2.568193,3
1092576102,-0.702511,0.107802,0.186571,-1.740871,-0.86739,0.857053,3
1092609436,-0.238519,-0.195661,0.130837,-1.99942,-0.491179,0.113134,3
1092642770,-0.072017,-0.359059,0.074988,-1.555571,-0.404766,0.743985,3
1092676104,-0.041009,-0.285532,0.069819,-1.066704,-0.634941,0.414024,3
1092709438,-0.050283,-0.069061,0.0854,-0.98751,-0.820331,0.687874,3
1092742772,-0.192069,-0.025082,0.123284,-0.607377,-1.157271,1.059863,3
1092776106,-0.220913,-0.044851,0.145761,-0.32704,-1.430259,0.984227,3
1092809440,-0.181442,-0.080137,0.086469,-0.093308,-1.391131,0.964335,3
1092842774,-0.136136,-0.075813,0.088248,-0.082567,-1.380422,0.605202,3
1092876108,-0.162393,-0.095529,0.134958,-0.180211,-1.345415,0.248013,3
1092909442,-0.091499,-0.026001,0.120123,-0.090221,-1.182868,0.140944,3
1092942776,-0.025577,-0.082804,0.108441,-0.03373,-0.944577,0.334485,3
1092976110,-0.095529,-0.107484,0.089307,-0.106844,-0.794672,0.333641,3
1093009444,-0.142695,-0.202874,0.116204,-0.230859,-0.878174,0.708774,3
1093042778,-0.054162,-0.261877,0.074153,-0.080415,-0.696666,0.650658,3
1093076112,-0.232372,-0.169181,0.115456,-0.144055,-0.6225,0.581904,3
1093109446,-0.296138,-0.170953,0.145483,-0.18489,-0.473776,0.616833,3
1093142780,-0.116382,-0.200223,0.100566,-0.058536,-0.511153,0.46756,3
1093176114,0.016264,-0.12702,0.072392,0.082025,-0.625411,0.319772,3
1093209448,-0.162626,-0.119663,0.146674,0.196067,-0.205335,-0.3527,3
1093242782,-0.187553,-0.048837,0.144341,0.421979,-0.499826,0.329824,3
1093276116,-0.023508,0.021844,0.080885,0.404128,0.085458,-0.241039,3
1093309450,-0.044359,-0.032883,0.065895,0.461221,-0.04556,-0.479853,3
1093342784,-0.03077,-0.097471,0.064465,0.393396,0.274102,-0.610361,3
1093376118,-0.026878,-0.078696,0.06504,0.116326,0.685393,-1.152907,3
1093409452,0.086709,-0.020663,0.072948,0.206661,0.592441,-0.855453,3
1093442786,0.100858,0.031266,0.055844,0.225473,0.690091,-0.383209,3
1093476120,0.071923,0.084551,0.065194,0.171141,0.809477,-0.461502,3
1093509454,0.121137,0.147658,0.092789,0.127016,0.668177,-0.119279,3
1093542788,0.064392,0.215722,0.131029,0.072095,0.480359,0.310972,3
1093576122,-0.142224,0.27195,0.120954,0.026702,0.367933,0.313403,3
1093609456,0.051642,0.295768,0.13842,0.007,0.411075,0.468262,3
1093642790,0.165894,0.300527,0.044293,-0.002282,0.445678,0.431928,3
1093676124,0.175802,0.119317,0.108815,-0.058818,0.350601,0.159735,3
1093709458,0.15858,0.146993,0.164565,-0.012919,0.22661,0.71281,3
1093742792,0.17479,0.2441,0.160131,-0.090025,0.381618,0.911245,3
1093776126,0.279312,0.335645,0.112671,-0.097882,0.24693,0.87573,3
1093809460,0.333165,0.327803,0.121852,-0.258203,0.24977,1.021327,3
1093842794,0.322943,0.159794,0.157758,-0.211244,0.174558,0.562653,3
1093876128,0.304791,0.105855,0.197102,-0.215023,0.336511,0.165685,3
1093909462,0.385427,0.086645,0.095901,-0.083366,0.431316,0.020234,3
1093942796,0.424027,0.055172,0.103982,-0.004548,0.477772,-0.288841,3
1093976130,0.332874,0.177634,0.147294,0.076688,0.52884,-0.525866,3
1094009464,0.255083,0.205253,0.12639,0.064955,0.576195,-0.603194,3
1094042798,0.24004,0.265802,0.20046,0.169434,0.441698,-0.609661,3
1094076132,0.166039,0.238566,0.152592,0.256521,0.484714,-0.50446,3
1094109466,0.244894,0.073508,0.133484,0.409735,0.459108,-0.28411,3
1094142800,0.165671,0.126906,0.065289,0.371192,0.401324,-0.117097,3
1094176134,0.108948,0.07881,0.112375,0.22522,0.397103,-0.07764,3
1094209468,0.136887,0.167387,0.194474,-0.277984,0.399934,-0.046317,3
1094242802,0.041138,0.162734,0.213817,-0.439737,0.46309,0.223657,3
1094276136,0.369,0.12095,0.189295,-0.173532,0.454202,0.348677,3
1094309470,0.555621,0.080956,0.100195,0.046525,0.51817,0.543701,3
1094342804,0.487127,-0.05041,0.065733,0.279051,0.600429,0.651389,3
1094376138,0.405483,0.135858,0.137277,0.505285,0.398562,0.507854,3
1094409472,0.28218,0.191605,0.101551,0.360096,0.427327,0.147256,3
1094442806,0.219914,0.160205,0.201003,0.500798,0.445938,0.177036,3
1094476140,0.298537,0.3193,0.116401,0.464038,0.448153,0.384727,3
1094509474,0.472537,0.335084,-0.00676,0.552187,0.509753,0.254046,3
1094542808,0.608274,0.091182,0.16219,0.559417,0.592082,0.085291,3
1094576142,0.662195,-0.126354,-0.007504,0.609125,0.554945,-0.054767,3
1094609476,0.44461,-0.144595,0.120587,0.529225,0.543664,0.002343,3
1094642810,0.267246,0.10664,0.020897,0.442371,0.408955,-0.316339,3
1094676144,0.011849,0.145501,0.086988,0.479139,0.213286,-0.336709,3
1094709478,-0.135963,-0.042078,0.098176,0.602102,0.092929,-0.008616,3
1094742812,-0.113238,-0.492228,0.097833,0.500337,0.020426,-0.152074,3
1094776146,-0.21633,-0.394104,0.112332,0.394036,-0.113934,-0.124926,3
1094809480,-0.301789,-0.069236,0.133393,0.416432,-0.238956,0.032824,3
1094842814,-0.351114,0.188191,0.059599,0.234711,-0.236503,-0.174243,3
1094876148,-0.19893,-0.019117,0.043664,0.243,-0.37073,-0.142213,3
1094909482,-0.239514,-0.31445,0.087972,0.286417,-0.480316,-0.161903,3
1094942816,-0.239489,-0.336764,0.098863,0.067265,-0.582046,-0.279723,3
1094976150,-0.204336,-0.046496,0.108074,-0.117234,-0.784899,-0.262771,3
1095009484,-0.329581,0.087604,0.106287,-0.279806,-0.949695,0.039903,3
1095042818,-0.577906,0.134767,0.311586,-0.522787,-0.998209,0.121369,3
1095076152,-0.338329,-0.019173,0.111156,-0.786402,-1.090909,0.211724,3
1095109486,-0.349107,-0.038831,0.136411,-1.005868,-1.056703,0.344835,3
1095142820,-0.405013,-0.018856,0.094001,-1.153899,-0.851944,0.182364,3
1095176154,-0.35106,-0.060476,0.036566,-1.278777,-0.819804,0.312672,3
1095209488,-0.415081,-0.010515,0.057626,-1.248627,-0.550334,0.49001,3
1095242822,-0.208283,0.170171,0.062408,-1.194149,-0.451047,0.228064,3
1095276156,-0.271998,0.055169,0.061487,-1.025728,-0.395062,0.349573,3
1095309490,-0.219453,-0.040022,0.063096,-0.854607,-0.331645,0.254767,3
1095342824,-0.138126,-0.026234,0.076806,-0.719201,-0.353261,0.239333,3
1095376158,-0.268993,-0.018854,0.118274,-0.532211,-0.358719,0.29798,3
1095409492,-0.200561,0.083844,0.115306,-0.427255,-0.247423,0.223117,3
1095442826,-0.006461,0.042362,0.065116,-0.336252,-0.155336,0.022842,3
1095476160,0.047446,0.015908,0.107274,-0.284416,-0.123661,-0.042152,3
1095509494,-0.062802,-0.058304,0.129096,-0.220906,-0.150064,0.040604,3
1095542828,-0.013176,-0.016782,0.09009,-0.127656,-0.16023,0.160302,3
1095576162,0.011911,0.029151,0.085657,-0.102243,-0.110365,0.125763,3
1095609496,-0.23925,0.048413,0.166903,-0.063101,-0.063766,0.128679,3
1095642830,-0.194642,0.036884,0.138385,-0.018381,-0.036261,0.31085,3
1095676164,-0.044303,-0.057692,0.047812,-0.039287,0.091762,0.219407,3
1095709498,0.00966,-0.007791,0.110414,-0.06827,0.089043,0.121497,3
1095742832,-0.062197,-0.04593,0.119338,-0.104753,0.014741,0.097943,3
1095776166,-0.06516,-0.02634,0.083109,-0.141969,-0.036973,0.084851,3
1095809500,0.071968,0.034085,0.062838,-0.215888,-0.187301,0.037178,3
1095842834,-0.080497,-0.116692,0.074698,-0.266277,-0.273034,-0.012711,3
1095876168,-0.20984,0.005885,0.112091,-0.319173,-0.390686,0.087901,3
1095909502,-0.414062,-0.225047,0.105584,-0.345064,-0.472733,0.193055,3
1095942836,-0.332697,0.116739,0.115123,-0.530076,-0.475137,0.278564,3
1095976170,-0.57525,-0.309806,0.109853,-0.660567,-0.33996,0.363333,3
1096009504,-0.362,-0.12793,0.044855,-0.712379,-0.320961,0.437809,3
1096042838,-0.378626,-0.179482,0.11585,-0.801625,-0.381494,0.490988,3
1096076172,-0.334114,-0.064329,0.268106,-0.964244,-0.362701,0.707043,3
1096109506,-0.285399,-0.273686,-0.045671,-1.050024,-0.577526,1.443804,3
1096142840,-0.022342,-0.709673,0.077341,-1.317231,-0.705978,1.442334,3
1096176174,-0.178505,-0.423127,0.462631,-1.272615,-0.731783,1.812485,3
1096209508,-0.167556,0.218623,0.217372,-0.897713,-0.550123,1.760194,3
1096242842,0.160853,0.003989,0.092406,-0.67522,-0.809646,1.230201,3
1096276176,-0.043014,0.067312,0.11608,-0.274772,-0.824625,0.872109,3
1096309510,-0.045688,0.0811,0.06587,0.285873,-0.739391,0.634831,3
1096342844,0.094936,-0.167731,-0.100431,0.785027,-0.890442,0.079778,3
1096376178,0.245667,-0.403253,-0.034508,1.106733,-0.306731,0.041049,3
1096409512,0.160028,-0.280601,0.230623,0.917326,-0.216741,-0.124367,3
1096442846,-0.01857,0.005676,0.246104,0.855508,-0.496573,-0.803178,3
1096476180,-0.163904,0.114215,0.152142,0.450376,0.214729,-0.440975,3
1096509514,-0.31952,-0.029578,0.050388,0.44402,0.559085,0.184446,3
1096542848,-0.23568,-0.212591,0.145633,1.152795,0.31241,-0.300531,3
1096576182,-0.243261,-0.424894,0.093312,1.344416,0.778609,0.055341,3
1096609516,-0.277568,-0.471702,0.056894,1.079481,0.507971,-0.565019,3
1096642850,-0.299051,-0.411338,0.080084,0.790535,0.534159,-1.058405,3
1096676184,-0.293161,0.186656,0.035257,0.980861,0.616104,-1.01589,3
1096709518,-0.411201,0.202181,-0.088183,0.955339,0.608047,-0.851548,3
1096742852,-0.172797,-0.252284,0.073691,0.812023,0.551315,-0.730527,3
1096776186,-0.060538,0.100947,0.162698,0.67731,0.6041,-0.450989,3
1096809520,0.069158,-0.059947,0.043462,0.31928,0.784363,0.137135,3
1096842854,0.469199,-0.068558,-0.047237,-0.113003,0.769476,0.011024,3
1096876188,0.592393,-0.142526,0.07479,0.008444,0.645094,0.270336,3
1096909522,0.748035,-0.242538,0.114732,0.113009,0.465795,0.274639,3
1096942856,0.189435,-0.000388,0.089614,0.090528,0.290643,0.359514,3
1096976190,0.145004,0.451703,0.053439,-0.234232,0.504894,0.283381,3
1097009524,0.143665,0.308136,0.090479,0.051164,0.172699,0.066422,3
1097042858,0.188219,0.281423,-0.030263,1.067999,0.007008,0.014202,3
1097076192,0.07691,-0.213124,0.156162,1.369918,-0.108388,-0.167237,3
1097109526,0.114843,-0.27819,0.074877,0.854542,-0.008206,-0.308685,3
1097142860,-0.054811,-0.051294,0.032251,0.210858,-0.079331,-0.438022,3
1097176194,-0.24712,0.165794,0.10995,-0.600993,-0.349587,-0.416764,3
1097209528,-0.367452,0.283253,0.126852,-0.727179,-0.455599,-0.218222,3
1097242862,-0.790659,0.435065,0.220391,-0.461502,-0.390858,-0.158158,3
1097276196,-0.61408,0.621251,0.047949,-0.26956,-0.029589,-0.155944,3
1097309530,-1.248044,1.484547,-0.137058,-0.501743,0.210065,-0.199031,3
1097342864,-0.620722,1.442436,-0.171772,-0.624193,0.277877,-0.050631,3
1097376198,1.18465,-1.527563,0.563157,-0.602194,0.097218,0.060507,3
1097409532,1.466187,-1.030493,-0.000326,-0.483021,0.223286,0.133786,3
1097442866,1.802314,-0.112211,-0.226483,-0.245383,0.179036,-0.073764,3
1097476200,1.299858,0.095825,0.123605,-0.050787,-0.058191,-0.063605,3
1097509534,0.747848,0.166217,0.480929,-0.057221,0.286638,0.26555,3
1097542868,0.743086,0.093582,0.390565,-0.035111,0.085242,0.184351,3
1097576202,1.660789,1.441582,0.039715,0.093332,0.177197,0.246117,3
1097609536,0.819691,1.820411,0.482059,0.17177,0.620322,0.013635,3
1097642870,-0.203424,0.987482,1.12844,0.503207,0.475103,-0.138311,3
1097676204,-0.231763,0.081153,0.368286,0.598212,0.838642,-0.083794,3
1097709538,-0.386345,-0.166156,-0.279206,0.377695,1.26452,0.09745,3
1097742872,-0.83899,-0.316501,-0.037883,0.147812,1.315757,-0.224796,3
1097776206,-1.118208,-0.00148,-0.028461,-0.050961,1.43362,-0.426269,3
1097809540,-0.400944,0.509884,-0.212312,-0.09666,1.216633,-0.372219,3
1097842874,0.124979,-0.123677,0.162192,-0.055954,0.895039,-0.079931,3
1097876208,0.952158,0.030401,0.430229,-0.00766,0.522902,0.340071,3
1097909542,1.014328,0.495951,0.367375,-0.262234,-0.376722,0.931415,3
1097942876,1.229524,0.495545,0.532401,0.107012,-0.905028,0.568156,3
1097976210,0.740855,0.368677,0.331062,0.572822,-0.729991,0.294769,3
1098009544,0.359613,0.022626,0.030112,-0.023325,0.106166,-0.398071,3
1098042878,0.153736,0.022663,0.058401,-0.185289,0.089075,-1.10239,3
1098076212,0.119937,0.054886,0.208715,-0.002469,0.230093,-0.695707,3
1098109546,0.160359,-0.156934,0.038181,1.010411,0.802956,-0.176019,3
1098142880,0.082277,-0.548972,0.07947,1.555038,0.767845,0.216271,3
1098176214,-0.03069,-0.439198,-0.004839,1.04547,1.049151,0.485752,3
1098209548,0.024043,-0.43378,0.026168,0.428082,0.486671,0.470946,3
1098242882,-0.202154,-0.621691,0.166862,-0.390698,0.200719,0.94692,3
1098276216,-0.228594,-0.139958,0.010082,-0.88115,0.310144,1.540721,3
1098309550,-0.216672,-0.059871,-0.007994,-0.661914,-0.372496,1.303146,3
1098342884,-0.147944,0.063079,0.101314,-0.914163,-0.329502,0.648431,3
1098376218,-0.167663,-0.069118,-0.006517,-0.696461,0.034201,0.012165,3
1098409552,-0.222927,-0.415476,0.064037,-0.017477,0.211961,-0.360165,3
1098442886,-0.178861,-0.342815,0.051413,0.940962,0.423285,-0.72391,3
1098476220,-0.122258,-0.149546,0.024993,1.35292,0.670527,-0.753985,3
1098509554,0.132785,-0.280716,-0.12111,1.482602,0.923823,-1.103132,3
1098542888,-0.1361,-0.601885,-0.00695,0.810717,1.33377,-0.814977,3
1098576222,-0.192785,-0.426407,0.147349,0.972966,0.984787,-0.733827,3
1098609556,-0.275262,0.22357,0.036534,1.002916,0.804893,-0.604872,3
1098642890,-0.353099,0.260116,0.131565,0.806689,0.906294,-0.417,3
1098676224,-0.400394,0.4919,0.14258,1.324679,0.700265,-0.825003,3
1098709558,-0.420249,0.39998,0.182056,0.920383,1.020209,-0.57885,3
1098742892,-0.366881,-0.033656,0.238982,0.806182,0.652507,-0.931358,3
1098776226,-0.123029,0.108295,0.156617,1.543262,0.850525,-0.959224,3
1098809560,0.353162,-0.012905,0.025376,0.547149,1.342497,-0.261212,3
1098842894,0.213998,0.242845,0.275953,0.85373,0.263698,-1.123834,3
1098876228,0.499044,0.565865,0.036684,0.988552,-0.491555,-1.009174,3
1098909562,0.778882,0.473694,0.223242,0.916823,-0.451616,-0.314471,3
1098942896,0.727394,0.005671,0.204883,0.627854,-0.687684,0.292574,3
1098976230,0.258211,-0.454322,0.23569,-0.354344,-1.047855,0.292621,3
1099009564,-0.052367,-0.574246,0.311848,-0.838853,-0.843719,0.684053,3
1099042898,0.046989,-0.537782,0.162452,-0.523624,-0.474133,1.308769,3
1099076232,0.126715,-0.549469,-0.035878,-0.240462,-0.936303,1.296502,3
1099109566,0.097756,0.024622,0.048861,-0.535933,-0.82079,1.201283,3
1099142900,-0.190238,-0.479209,-0.104636,-0.37471,-0.71408,1.399945,3
1099176234,-0.51415,-0.159094,0.052288,-0.56526,-0.958172,0.833045,3
1099209568,-0.164934,0.344965,0.150992,-0.469475,-1.069459,0.264956,3
1099242902,-0.534405,0.138524,0.087881,-0.573465,-0.672482,0.148514,3
1099276236,-0.616123,0.319302,0.25595,-0.267243,-0.794438,-0.676144,3
1099309570,-0.040761,0.35534,0.213452,-0.01217,-0.671616,-0.838973,3
1099342904,-0.00525,-0.106191,-0.088288,0.282431,0.037334,-0.863433,3
1099376238,0.311312,-0.31875,-0.248006,-0.069159,-0.569045,-0.984809,3
1099409572,0.157561,-0.101923,0.003432,-0.202139,-0.962473,0.52709,3
1099442906,-0.254212,0.064354,-0.102354,-0.432445,-0.38646,1.151008,3
1099476240,-0.470441,0.382393,0.309924,-1.038035,-0.436932,0.681241,3
1099509574,0.025348,0.347473,0.271693,-1.013481,-0.088908,1.062335,3
1099542908,0.096791,-0.047623,-0.311356,-1.031693,-0.243692,0.843555,3
1099576242,-0.275287,0.103375,0.009833,-1.307268,-0.768036,0.664518,3
1099609576,-0.521591,0.170503,0.215004,-1.466516,0.071552,1.247851,3
1099642910,-0.440536,0.740962,0.38553,-1.606068,-0.21739,1.414237,3
1099676244,-0.159509,0.437884,0.200746,-1.955527,-0.057178,1.226816,3
1099709578,-0.291324,0.161512,0.172133,-1.655924,0.179896,1.143487,3
1099742912,-0.406691,-0.012747,0.083663,-1.592609,-0.033273,0.580789,3
1099776246,-0.401189,-0.207588,0.124565,-1.252362,-0.049863,0.315615,3
1099809580,0.006679,-0.05074,0.036979,-0.853802,-0.32566,0.149898,3
1099842914,-0.062634,-0.215103,0.002095,-0.837493,-0.46796,0.190637,3
1099876248,-0.113468,-0.326916,0.126108,-0.520862,-0.459868,0.145741,3
1099909582,0.090555,-0.256898,0.115774,-0.391204,-0.626041,-0.290051,3
1099942916,-0.233395,-0.224771,0.050155,-0.030124,-0.480839,-0.583616,3
1099976250,0.055612,-0.008135,0.060541,0.167468,-0.535671,-0.87531,3
1100009584,0.228297,0.120734,0.139197,0.378427,-0.515541,-0.950038,3
1100042918,-0.15957,0.063986,0.197897,0.348926,-0.187107,-0.890934,3
1100076252,0.001827,-0.179158,0.013964,0.171813,-0.039078,-0.795699,3
1100109586,-0.040249,-0.164947,0.090822,-0.010008,-0.158405,-0.37532,3
1100142920,0.055432,-0.121547,0.161305,-0.06266,0.068023,-0.002782,3
1100176254,-0.314537,-0.301803,0.080758,-0.115431,-0.189199,0.758802,3
1100209588,0.240507,-0.112221,0.119335,0.022625,0.13662,0.494309,3
1100242922,0.558,0.056489,0.091478,-0.044893,0.341993,0.581063,3
1100276256,0.373419,-0.021238,-0.012022,0.016052,0.226143,0.857832,3
1100309590,0.15279,0.160222,0.151962,0.042763,0.662839,0.322108,3
1100342924,0.337406,0.11148,0.107131,-0.069603,0.449567,0.282423,3
1100376258,0.084765,0.097526,0.163159,0.065161,0.336535,0.401474,3
1100409592,0.003295,0.334167,0.36187,0.140459,0.284055,0.326353,3
1100442926,0.333197,0.124795,-0.035964,0.198976,0.18206,0.353338,3
1100476260,0.170152,0.094602,0.025539,0.30791,0.342927,0.179637,3
1100509594,0.14816,0.218816,0.275292,0.645854,0.472298,0.406062,3
1100542928,-0.103744,0.475602,0.180442,1.423866,0.526736,0.9721,3
1100576262,0.070878,0.575706,0.144832,1.866789,1.243836,0.776823,3
1100609596,0.526345,0.314166,0.037841,1.910583,1.254822,0.42029,3
1100642930,0.392731,-0.366762,-0.034982,2.344028,1.086419,0.658619,3
1100676264,0.118471,-0.357187,-0.157306,2.470069,0.724696,0.4784,3
1100709598,-0.162269,0.162201,0.171461,3.867391,-0.255443,1.338602,3
1100742932,-0.148157,0.434619,0.482206,4.562262,-0.734467,0.705342,3
1100776266,-0.436959,0.459646,0.217984,4.357429,-0.93889,-0.136014,3
1100809600,-0.189064,0.217213,0.298396,3.763832,-1.243632,-0.847079,3
1100842934,-0.071098,-0.323646,0.055899,2.910289,-2.235274,-1.5685,3
1100876268,-0.403594,-0.735546,-0.07997,1.281361,-2.768907,-2.100991,3
1100909602,-0.249996,-0.371248,0.179345,0.11553,-2.097956,-2.748632,3
1100942936,0.14946,0.242548,0.095369,-1.565614,-0.890181,-2.501788,3
1100976270,0.238812,0.034326,0.145535,-0.298705,0.778248,-2.28291,3
1101009604,-0.08427,-0.100614,0.026165,-2.221114,0.963799,-0.965959,3
1101042938,-0.195621,-0.022347,0.152262,-2.979407,-0.020397,-0.841888,3
1101076272,-0.155762,0.085118,0.107858,-3.357138,-1.227028,1.674404,3
1101109606,0.207514,0.088902,0.137849,-5.015953,-2.151701,3.343819,3
1101142940,0.162584,0.011946,0.11925,-4.58774,0.005874,0.556816,3
1101176274,-0.064478,-0.094056,0.140589,-5.632032,0.176858,0.302916,3
1101209608,-0.248767,-0.03765,0.241114,-3.903572,-0.555335,1.623639,3
1101242942,0.182527,0.106639,0.157839,-3.53643,-0.30168,2.40051,3
1101276276,0.074675,-0.119593,0.037979,-3.332577,-0.317616,1.032261,3
1101309610,-0.09996,-0.180782,0.139557,-3.41361,0.984563,0.960529,3
1101342944,-0.148878,-0.157594,0.120189,-3.220738,1.973281,0.743527,3
1101376278,-0.164659,-0.095632,0.199723,-0.604054,0.739846,0.716118,3
1101409612,-0.2108,0.06654,0.267469,-0.651011,1.992064,-0.952033,3
1101442946,-0.05801,-0.313516,0.118592,-0.707098,1.55638,-0.388264,3
1101476280,-0.305343,-0.374896,0.248804,0.792238,1.527668,0.942095,3
1101509614,-0.040027,-0.274076,-0.018522,-0.651282,0.842812,1.209199,3
1101542948,0.007902,-0.468223,-0.030947,0.59074,0.18258,1.236282,3
1101576282,-0.24858,-0.331792,-0.030463,0.3805,0.130488,-0.004445,3
1101609616,-0.363109,-0.525305,-0.016863,-0.357222,0.234721,-0.997557,3
1101642950,0.412602,-0.192832,-0.330246,-0.537097,-0.3315,-1.243307,3
1101676284,0.270488,0.299356,0.012115,-1.027844,-1.259271,-0.712314,3
1101709618,0.231864,0.840384,0.49125,-0.310839,-1.8046,-0.357079,3
1101742952,-0.109703,0.92113,0.23985,-0.418187,-1.223567,-0.983829,3
1101776286,0.045666,0.8339,0.201813,-0.233933,-0.594808,-0.607085,3
1101809620,-0.034515,0.28959,0.076663,-0.278071,-0.109889,-0.613421,3
1101842954,0.43063,-0.014228,0.007463,0.168011,0.677163,-0.319103,3
1101876288,0.362634,-0.165358,0.027682,0.014512,0.637474,0.515674,3
1101909622,0.13961,-0.206506,0.173307,0.278142,0.459935,1.138475,3
1101942956,0.107103,0.078352,0.172722,0.600209,0.781964,1.069877,3
1101976290,0.014281,0.038223,0.109475,0.709111,-0.016034,1.260557,3
1102009624,-0.126709,0.025862,0.184818,0.659491,-0.039252,0.719746,3
1102042958,0.107873,0.074495,0.139133,0.902402,-0.03846,0.275063,3
1102076292,0.147252,0.123153,0.051366,0.660894,-0.199546,0.045949,3
1102109626,-0.044743,-0.06672,0.068615,0.368854,-0.23421,0.151236,3
1102142960,-0.055967,-0.04027,0.005734,0.495006,-0.324606,-0.230814,3
1102176294,-0.012421,-0.015843,0.119822,0.685719,-0.494973,-0.474525,3
1102209628,0.139526,0.02949,0.030367,0.811583,-0.628171,-0.373733,3
1102242962,-0.012906,-0.036811,0.135656,0.863692,-0.549003,-0.557631,3
1102276296,-0.057606,0.305158,0.179617,0.313143,-0.473363,-0.339866,3
1102309630,-0.02586,0.180218,0.194798,0.408408,-0.239698,-0.124518,3
1102342964,0.16286,0.15907,0.050232,0.079545,-0.126303,-0.006487,3
1102376298,-0.158801,0.055516,0.1714,0.039619,-0.082335,0.4301,3
1102409632,-0.235455,-0.082048,0.083084,0.215281,-0.056454,0.481996,3
1102442966,-0.182261,-0.178122,0.083923,0.100404,-0.125433,0.448223,3
1102476300,-0.124411,0.077718,0.141959,0.193508,-0.188763,0.288612,3
1102509634,-0.025446,0.081538,0.133753,0.298907,-0.295246,-0.039314,3
1102542968,-0.194162,-0.123407,0.104049,0.339058,-0.446035,-0.008772,3
1102576302,-0.168272,-0.31934,0.098753,0.526474,-0.444833,-0.073244,3
1102609636,0.034567,-0.121344,0.130962,0.588524,-0.328415,-0.186972,3
1102642970,0.033107,0.007404,0.119459,0.391525,-0.202768,-0.124489,3
1102676304,0.030864,-0.17785,0.007081,0.220775,-0.086146,-0.079755,3
1102709638,-0.002973,-0.061166,0.143537,-0.036319,-0.169748,0.101689,3
1102742972,-0.076322,0.012575,0.136478,-0.225839,-0.005936,0.191208,3
1102776306,-0.100657,-0.078534,0.064994,-0.446707,0.100043,-0.048244,3
1102809640,0.198098,-0.137033,-0.012794,-0.762249,0.072717,-0.273894,3
1102842974,0.198584,0.199071,0.153928,-1.019854,0.075462,0.408376,3
1102876308,0.105998,0.42704,0.127444,-0.929096,-0.273196,1.274954,3
1102909642,0.215424,0.539137,0.109695,-0.262318,-0.111943,1.537139,3
1102942976,-0.057604,0.225716,0.051712,-0.334058,0.112641,0.943424,3
1102976310,-0.007352,0.189126,0.001068,-0.771782,0.141538,0.382191,3
1103009644,-0.07145,0.220147,0.037098,-0.812383,0.093373,0.286338,3
1103042978,-0.012953,0.436425,0.158933,-1.075761,-0.15487,0.713846,3
1103076312,-0.363425,0.396898,0.062795,-1.037108,-0.379032,0.959637,3
1103109646,-0.488204,-0.06641,0.127044,-1.183694,-0.324779,0.852573,3
1103142980,-0.271877,0.110273,0.077975,-1.069934,-0.473432,0.29243,3
1103176314,-0.296347,0.141293,0.033264,-1.008546,-0.735729,-0.358232,3
1103209648,-0.646191,-0.154433,0.142367,-0.941225,-0.816955,-0.438129,3
1103242982,-0.64111,-0.162146,0.121501,-0.691134,-0.945724,-0.324642,3
1103276316,-0.347715,-0.130055,0.104007,-0.509065,-1.262455,-0.128921,3
1103309650,-0.305069,-0.195621,0.059529,0.022926,-1.017341,0.073391,3
1103342984,-0.056862,-0.349115,0.028098,0.437547,-0.827071,0.238382,3
1103376318,-0.044366,-0.396728,0.087634,0.253973,-0.787368,0.206983,3
1103409652,0.182042,-0.178605,0.17621,0.228529,-0.923164,0.181226,3
1103442986,0.25356,-0.26919,0.096798,-0.079077,-1.497441,0.045643,3
1103476320,0.636493,0.083019,0.114529,0.589375,-0.998814,0.118952,3
1103509654,0.262862,-0.044818,0.100978,0.401383,-0.750004,-0.263067,3
1103542988,0.275454,-0.050583,0.135254,0.296296,0.075919,-0.119569,3
1103576322,0.012678,-0.452668,0.281638,0.186351,0.53498,-0.366735,3
1103609656,0.13489,-0.226211,0.117584,0.616468,0.956887,-0.080667,3
1103642990,0.268517,-0.068754,0.146502,0.381021,1.271763,0.572933,3
1103676324,0.289711,-0.21239,-0.055528,0.486972,1.16985,0.631186,3
1103709658,0.216127,-0.133723,0.152972,0.809635,0.60199,0.925769,3
1103742992,0.214569,-0.04784,0.199519,1.350681,0.790285,0.726774,3
1103776326,0.048875,0.245355,0.095985,0.841454,0.499344,-0.167318,3
1103809660,-0.121708,-0.015772,0.102534,0.790922,0.511621,0.082915,3
1103842994,-0.223128,-0.28468,0.142397,0.982177,0.229646,-0.331393,3
1103876328,-0.109912,-0.29076,0.178184,0.928172,0.156174,-0.58426,3
1103909662,-0.232455,-0.094274,0.142216,0.992322,0.262973,-0.65834,3
1103942996,0.017579,-0.013269,0.087897,1.050549,-0.071791,-0.886748,3
1103976330,0.010033,0.092208,0.109755,0.910527,0.226606,-0.852293,3
1104009664,0.079951,-0.269172,0.140335,0.620937,0.127427,-0.982006,3
1104042998,0.206274,-0.092354,0.200311,0.218578,-0.155499,-0.771204,3
1104076332,0.39773,0.02583,0.115348,0.318413,0.237319,-0.429963,3
1104109666,0.482383,0.032249,0.132493,0.308387,0.438398,-0.073474,3
1104143000,0.464333,-0.008899,0.106213,0.300907,0.478786,-0.022756,3
1104176334,0.386752,0.07038,0.118753,0.300209,0.58254,0.055267,3
1104209668,0.262913,-0.089121,0.140957,0.286483,0.668548,-0.038796,3
1104243002,0.172533,-0.03592,0.103096,0.565073,0.577065,-0.323743,3
1104276336,-0.077848,-0.004504,0.095691,1.044146,0.720623,-0.292569,3
1104309670,-0.040547,0.068639,0.054944,1.286272,0.811893,-0.330468,3
1104343004,-0.096839,0.058549,0.099238,1.430463,0.850844,-0.123971,3
1104376338,-0.130984,0.129883,0.203315,1.250688,0.823502,0.004086,3
1104409672,-0.004182,-0.002787,0.162401,1.157994,1.16024,-0.18386,3
1104443006,-0.004604,-0.054847,0.113305,0.911429,1.184785,-0.344759,3
1104476340,0.070521,-0.082389,0.166205,0.385152,0.852081,0.148005,3
1104509674,0.154734,0.094658,0.173904,0.741564,0.577128,-0.311659,3
1104543008,0.22671,0.148948,0.09759,0.269476,0.435023,-0.030335,3
1104576342,0.228476,0.113965,0.059105,0.773549,0.75802,-0.047853,3
1104609676,0.241245,-0.012177,0.121679,0.723204,0.082705,-0.47423,3
1104643010,0.131209,-0.050362,0.130322,0.725092,0.0995,-0.476267,3
1104676344,-0.039993,-0.05864,0.089939,0.697976,0.614121,-0.597062,3
1104709678,0.106605,-0.050012,0.143512,0.166658,-0.294633,-0.431823,3
1104743012,0.019322,0.06429,0.043374,0.879992,-0.250187,-1.031253,3
1104776346,0.118519,-0.07243,0.156175,0.003122,0.621944,-0.426908,3
1104809680,0.198792,0.103293,0.14419,0.126652,0.447004,-0.707225,3
1104843014,0.192246,0.169709,-0.007339,0.66759,0.45002,-1.342831,3
1104876348,0.113143,-0.051519,0.185642,-0.831577,0.834219,-0.972634,3
1104909682,0.086675,-0.031367,0.119426,-0.532351,0.719163,-1.380496,3
1104943016,0.094457,-0.118215,0.147912,-0.495304,0.886956,-0.056403,3
1104976350,0.119449,-0.005422,0.158669,-0.863564,1.006662,1.910974,3
1105009684,0.126462,0.011992,0.065156,-0.76344,0.532258,1.145069,3
1105043018,0.009174,-0.148443,0.171047,-0.265501,-0.304484,0.025489,3
1105076352,0.095728,-0.259684,0.188129,-0.461038,-0.25257,0.968435,3
1105109686,0.135772,-0.252031,0.079836,-1.101812,0.311294,0.157349,3
1105143020,0.044455,-0.162836,0.098186,-0.944827,0.432549,-0.520303,3
1105176354,0.00348,-0.071743,0.048395,0.023517,-0.411956,0.218753,3
1105209688,-0.060768,0.033935,0.059501,-0.489373,-0.036769,0.119121,3
1105243022,-0.232341,-0.191484,0.173297,-0.327858,-0.590478,1.127854,3
1105276356,0.073892,0.035911,0.028218,0.287434,-0.994497,2.269624,3
1105309690,-0.076036,-0.046465,0.092049,-0.598251,-0.818096,1.286584,3
1105343024,-0.400795,-0.11037,0.154695,-0.252588,-1.101436,1.10922,3
1105376358,-0.490762,-0.018732,0.158313,-0.700414,-0.881786,1.219569,3
1105409692,-0.227777,-0.053452,0.102757,-0.791023,-1.307585,1.544874,3
1105443026,-0.086398,0.032815,0.061084,-0.389737,-1.332236,1.41607,3
1105476360,-0.229497,-0.083897,0.122397,-0.312664,-1.061762,0.869772,3
1105509694,-0.084258,0.063399,0.062034,-0.489083,-0.752019,0.679771,3
1105543028,0.016164,0.100453,0.088535,-0.45085,-0.768524,0.424475,3
1105576362,0.045543,0.162258,0.080206,-0.36337,-0.596533,0.037972,3
1105609696,0.044844,-0.051131,0.13966,-0.283234,-0.436941,-0.025378,3
1105643030,0.063707,-0.04519,0.060675,-0.19452,-0.392558,-0.13507,3
1105676364,0.040161,-0.086464,0.084218,-0.120837,-0.300649,0.002001,3
1105709698,-0.121884,0.044857,0.120186,-0.154827,-0.190478,0.083953,3
1105743032,-0.175171,0.003633,0.1492,-0.057173,-0.034836,0.252156,3
1105776366,-0.097449,0.108075,0.062578,-0.006204,-0.108094,0.264135,3
1105809700,-0.16407,-0.147957,0.195581,-0.013266,-0.117317,-0.019231,3
1105843034,-0.21932,-0.00763,0.10531,0.011916,0.068007,-0.013043,3
1105876368,0.065166,-0.032765,0.039687,-0.021561,-0.040243,-0.079641,3
1105909702,0.010256,-0.033072,0.04744,-0.013499,-0.191632,-0.062397,3
1105943036,-0.089165,-0.088138,0.158653,-0.05237,-0.196794,-0.094319,3
1105976370,-0.043756,0.008907,0.085426,-0.140263,-0.263846,-0.047165,3
1106009704,-0.063652,-0.035987,0.102304,-0.097416,-0.474686,0.103848,3
1106043038,-0.224117,-0.013078,0.14063,-0.208647,-0.340787,0.111638,3
1106076372,-0.071139,-0.080312,0.111436,-0.395424,-0.354027,0.119272,3
1106109706,-0.07536,-0.080128,0.083684,-0.432217,-0.452728,0.249685,3
1106143040,-0.033565,-0.195766,0.11716,-0.566534,-0.236248,0.315269,3
1106176374,-0.147598,-0.147418,0.15098,-0.491262,-0.262787,0.439359,3
1106209708,-0.008219,-0.086903,0.114807,-0.285022,-0.260127,0.43974,3
1106243042,-0.015735,-0.02762,0.106723,-0.123294,-0.250883,0.316713,3
1106276376,0.028194,-0.112549,0.096558,-0.002382,-0.283187,0.159554,3
1106309710,0.124751,-0.164909,0.073704,0.103657,-0.284709,0.076768,3
1106343044,0.031493,-0.124522,0.12328,0.24574,-0.266239,0.091197,3
1106376378,-0.025337,-0.031986,0.172213,0.325828,-0.251647,-0.022883,3
1106409712,-0.101475,0.029137,0.061943,0.209266,-0.219512,0.008484,3
1106443046,0.006848,-0.104446,0.15419,0.206278,-0.263984,0.088699,3
1106476380,0.017426,-0.01574,0.116752,0.197034,-0.175766,0.264426,3
1106509714,0.010418,-0.074431,0.045812,0.187551,-0.211188,0.333637,3
1106543048,0.078866,-0.35671,0.090402,0.148313,-0.166768,0.403519,3
1106576382,0.052584,-0.069531,0.11035,0.137034,-0.153166,0.490007,3
1106609716,-0.194208,0.083751,0.131977,-0.007781,-0.133394,0.382853,3
1106643050,-0.223831,-0.002454,0.111867,0.016846,-0.272398,0.609924,3
1106676384,-0.157118,-0.094879,0.066293,-0.201878,-0.367673,0.385045,3
1106709718,-0.220919,-0.163488,0.117887,-0.165374,-0.510265,0.655188,3
1106743052,-0.196359,0.005695,0.165648,-0.072795,-0.616889,0.552189,3
1106776386,-0.121197,-0.07492,0.116605,0.273376,-0.674106,0.803277,3
1106809720,-0.287847,-0.13686,0.053432,0.125475,-0.621017,0.826981,3
1106843054,-0.201952,-0.095662,0.143647,-0.182515,-0.836268,0.351661,3
1106876388,-0.330298,-0.260305,0.092823,-0.000942,-0.825949,0.353906,3
1106909722,-0.090062,-0.195749,0.068934,0.141784,-0.7442,0.364436,3
1106943056,-0.015632,-0.03697,0.074278,0.329908,-0.647796,0.355976,3
1106976390,-0.053631,0.12505,0.052934,0.433339,-0.372525,0.434173,3
1107009724,-0.216284,-0.282665,0.166701,0.240852,-0.497084,0.301762,3
1107043058,-0.110968,0.001181,0.088479,0.202089,-0.432867,0.556503,3
1107076392,-0.013863,0.143596,0.096496,-0.355684,-0.539593,0.57173,3
1107109726,0.191362,0.071757,0.049508,-0.602697,-0.855119,0.648437,3
1107143060,0.282592,-0.148796,0.077624,-0.399453,-0.444858,0.715926,3
1107176394,0.43495,-0.163146,0.071045,-0.239368,-0.552092,0.867919,3
1107209728,0.187092,-0.189307,0.039088,-0.60909,-0.788557,0.66468,3
1107243062,-0.191644,-0.047799,0.046745,-0.237935,-0.510772,0.785233,3
1107276396,-0.43994,0.049043,0.126763,-0.088189,-0.788164,1.040331,3
1107309730,-0.461263,0.378328,0.050645,-0.46182,0.056165,0.815394,3
1107343064,-0.47459,0.244424,0.086079,0.262941,0.379185,-0.068358,3
1107376398,-0.249438,-0.120504,0.084742,1.060185,1.077736,-0.172398,3
1107409732,-0.178277,-0.246333,-0.017634,1.226057,1.856743,-1.186678,3
1107443066,-0.242107,-0.456092,-0.035887,1.365894,2.057857,-2.235681,3
1107476400,-0.288845,-0.201009,0.007351,1.124064,2.107698,-2.93328,3
1107509734,-0.251799,0.246089,0.070079,0.871629,1.815484,-3.109995,3
1107543068,-0.175945,0.440666,0.0307,0.195492,1.456355,-2.690702,3
1107576402,0.011399,0.485184,0.115751,-0.077189,1.393384,-1.77223,3
1107609736,0.191163,0.211869,0.26734,-0.269353,0.818324,-0.607194,3
1107643070,0.432539,-0.022975,0.261322,-0.278668,0.512894,0.403577,3
1107676404,0.302233,-0.058136,0.246096,-0.155843,0.329452,0.634975,3
1107709738,0.392068,0.15966,0.248319,-0.255902,0.091041,0.898675,3
1107743072,0.549855,0.159112,0.302785,-0.376192,0.72769,0.857944,3
1107776406,0.537847,0.241028,0.219316,-0.030028,1.117051,0.542426,3
1107809740,0.600203,0.367593,0.103183,-0.213255,1.413469,0.175758,3
1107843074,0.527184,0.478463,0.072087,-0.292075,1.434705,-0.314353,3
1107876408,0.260376,-0.219981,0.265427,-0.277532,0.964806,-0.338224,3
1107909742,0.302674,-0.289123,0.18584,-0.256057,1.191375,-0.242037,3
1107943076,0.438854,0.218899,0.191093,-0.332597,0.922395,-0.491692,3
1107976410,0.498186,0.326902,0.201876,-0.213063,0.901084,-0.171005,3
1108009744,0.609342,0.455015,0.167904,0.2737,1.54972,-0.047339,3
1108043078,0.478583,0.332661,0.297952,0.15998,1.382798,-0.366766,3
1108076412,0.34438,0.259372,0.253433,0.619948,1.232382,-0.140643,3
1108109746,-0.164419,0.093829,0.343756,0.642582,1.591075,-0.096613,3
1108143080,0.205871,0.243207,0.515103,0.489738,1.41557,-0.418633,3
1108176414,0.980478,0.551514,0.110679,0.905708,1.162817,-0.337765,3
1108209748,1.310407,0.157638,-0.123809,0.864564,1.141076,-0.523686,3
1108243082,1.015876,-0.318562,-0.119228,0.453932,0.724311,-0.405543,3
1108276416,0.78262,-0.630947,-0.035245,0.305481,0.357969,0.230719,3
1108309750,0.854828,0.144929,-0.153032,0.318224,0.377295,0.561611,3
1108343084,0.698158,0.323057,0.100925,-0.006843,0.37185,0.720985,3
1108376418,0.079087,-0.228142,0.261498,-0.168108,0.204147,0.958142,3
1108409752,-0.387176,-0.313356,0.198448,-0.325767,-0.087136,0.958276,3
1108443086,-0.215419,0.054297,0.068803,-0.697067,-0.188267,0.851874,3
1108476420,-0.263108,0.219212,0.102981,-0.439448,-0.522029,0.750222,3
1108509754,-0.224471,0.377062,0.123752,-0.173771,-0.558813,0.662664,3
1108543088,-0.538778,0.510613,0.164631,-0.151047,-0.499714,0.453283,3
1108576422,-0.578524,0.362952,0.281691,0.045356,-0.7358,0.412869,3
1108609756,-0.019645,0.106629,0.105036,0.083717,-0.482907,0.529446,3
1108643090,0.210025,0.147177,-0.132526,0.043278,-0.373349,0.620294,3
1108676424,-0.35031,0.001495,0.146931,-0.190144,-0.150268,0.579343,3
1108709758,-0.398051,-0.0098,0.019853,-0.328826,-0.063482,0.492057,3
1108743092,-0.30227,0.024219,-0.031052,-0.821327,-0.012263,0.797317,3
1108776426,-0.355594,-0.250164,0.164191,-0.900387,0.175464,0.732254,3
1108809760,-0.411098,-0.438406,0.041066,-0.963739,-0.439152,0.636164,3
1108843094,-0.305929,-0.523815,0.033417,-1.169211,-0.726692,0.587017,3
1108876428,-0.31414,-0.196819,0.012582,-1.206217,-0.792847,0.680592,3
1108909762,-0.348628,0.102699,0.012572,-1.149876,-1.270889,0.757609,3
1108943096,-0.460321,-0.13288,0.165464,-1.131397,-1.354387,0.769853,3
1108976430,-0.176595,-0.269795,0.017869,-1.39468,-0.82459,0.580397,3
1109009764,-0.146389,-0.365023,0.106423,-1.241463,-0.993978,0.685494,3
1109043098,-0.078499,0.053369,0.073642,-1.390022,-1.039671,0.768003,3
1109076432,-0.07622,0.004636,0.146519,-1.431972,-0.675548,0.744878,3
1109109766,-0.181358,0.077222,0.174019,-0.990253,-0.721358,0.831848,3
1109143100,-0.22153,-0.204421,0.093009,-0.495278,-0.983795,0.946508,3
1109176434,-0.203902,-0.234813,0.073819,-0.068609,-0.651539,0.78668,3
1109209768,-0.187644,-0.103266,0.098528,0.310979,-0.813226,0.242902,3
1109243102,-0.320109,-0.016224,0.069303,1.117113,-0.583664,0.069986,3
1109276436,-0.331017,-0.040351,0.104654,0.713568,-0.443563,-0.668481,3
1109309770,-0.313023,-0.012134,0.213954,1.094569,-0.447748,-1.259007,3
1109343104,-0.147969,0.068083,0.036138,1.802771,0.083226,-0.69792,3
1109376438,-0.150416,-0.195125,0.117785,1.346945,0.342265,-1.060294,3
1109409772,-0.024425,-0.140525,0.177921,0.66398,0.330912,-1.455113,3
1109443106,0.121714,-0.009767,0.115675,0.245811,0.068103,-0.782657,3
1109476440,0.098853,-0.082173,0.076391,0.175784,0.216444,-0.834881,3
1109509774,0.130701,-0.383296,0.125974,0.432931,0.222118,-0.310753,3
1109543108,0.173201,-0.103068,0.213097,0.665848,0.743085,-0.086821,3
1109576442,0.134126,-0.035742,0.0756,0.479442,0.603136,-0.350042,3
1109609776,0.298744,-0.065167,0.116506,0.121449,0.163788,-0.301491,3
1109643110,0.294949,-0.15361,0.088569,0.301461,-0.191001,0.1658,3
1109676444,0.170751,-0.182848,0.101744,0.536735,0.261703,-0.149595,3
1109709778,0.183513,-0.143336,0.093965,0.91077,0.0588,-0.720231,3
1109743112,-0.122392,-0.101094,0.13973,1.740927,-0.318598,-0.723186,3
1109776446,-0.205651,0.046529,0.133301,2.037683,-0.054645,-0.947547,3
1109809780,-0.102759,0.057439,0.113044,2.167562,0.331863,-1.224861,3
1109843114,0.069406,0.044156,0.111471,1.817062,0.088922,-1.062002,3
1109876448,0.163682,-0.115202,0.133866,1.734225,0.587899,-0.709198,3
1109909782,0.158731,-0.150781,0.15631,1.729291,0.493553,-1.212184,3
1109943116,0.109409,0.040211,0.110521,1.428816,0.195607,-0.122244,3
1109976450,0.043896,-0.031158,0.088017,2.591868,1.015625,-1.028942,3
1110009784,0.109288,-0.212766,0.140943,2.444824,0.34783,-1.532091,3
1110043118,-0.120027,0.004722,0.092501,2.042658,0.318589,-0.992317,3
1110076452,-0.086409,0.049962,0.0897,1.017897,2.0762,-2.062071,3
1110109786,0.110363,0.121676,0.093954,0.806964,-0.086855,-2.429438,3
1110143120,0.075873,-0.041557,0.084563,0.624444,0.634185,-1.730493,3
1110176454,-0.026721,-0.052798,0.153,-1.19831,1.280464,-0.08931,3
1110209788,0.084576,-0.001111,0.078827,0.303338,0.080208,-1.099814,3
1110243122,0.10096,-0.046087,0.214266,-0.212949,-0.765377,-0.727641,3
1110276456,0.161132,0.075892,0.099416,-1.514238,0.127553,-0.599649,3
1110309790,0.157412,0.070468,0.095679,0.032149,0.234237,-0.404655,3
1110343124,-0.008418,-0.109424,0.173106,-0.124526,0.255276,1.705088,3
1110376458,-0.077467,-0.093354,0.154129,-1.073786,0.563348,0.629636,3
1110409792,0.094913,-0.08546,0.065762,-0.101637,0.910406,1.279081,3
1110443126,0.025064,-0.092592,0.167193,-1.177373,0.033902,2.414681,3
1110476460,0.065879,0.020939,0.157088,-1.400551,1.348099,0.23679,3
1110509794,0.01051,-0.019159,0.046397,-0.417046,-0.124001,1.523708,3
1110543128,0.095677,-0.099572,0.061911,-0.276058,-0.709129,1.409538,3
1110576462,-0.024079,-0.159889,0.112726,-0.898198,-0.879218,1.552762,3
1110609796,-0.11036,-0.019975,0.11332,-0.441495,-1.933985,2.859869,3
1110643130,-0.05177,0.038046,0.107657,-0.881092,-1.239199,0.201967,3
1110676464,-0.077151,0.020459,0.115521,-0.716446,-0.60028,-0.319991,3
1110709798,-0.129536,-0.06951,0.102872,-0.517321,-0.284164,-0.226428,3
1110743132,-0.091364,0.010418,0.081467,-0.367452,-0.354524,-0.178867,3
1110776466,-0.053788,0.003717,0.034085,-0.292788,-0.624966,1.085833,3
1110809800,-0.14285,0.003591,0.098973,-0.104918,-0.206832,0.77914,3
1110843134,-0.295671,-0.029332,0.148109,-0.092994,-0.362496,0.681383,3
1110876468,-0.249284,-0.011711,0.116624,-0.034407,-0.170405,0.883419,3
1110909802,-0.195335,-0.004208,0.06801,-0.113333,-0.329496,1.234483,3
1110943136,-0.192831,-0.04854,0.054355,-0.360004,-1.15885,1.513154,3
1110976470,-0.261268,-0.067936,0.124788,-0.568817,-1.207835,0.90174,3
1111009804,-0.294792,-0.025512,0.124093,-0.908373,-0.862085,0.600838,3
1111043138,-0.179978,0.037535,0.086862,-0.994242,-0.813989,0.324142,3
1111076472,-0.17989,0.013777,0.099503,-1.130896,-0.8189,0.140933,3
1111109806,0.00634,0.106347,0.081679,-1.357523,-0.824901,0.161594,3
1111143140,-0.026249,0.067013,0.045488,-1.379636,-0.937707,0.201082,3
1111176474,-0.245059,-0.045755,0.138086,-1.766301,-1.110936,0.535215,3
1111209808,-0.37974,0.00865,0.204669,-1.954904,-1.094628,0.803018,3
1111243142,-0.301394,0.036128,0.103437,-1.99537,-1.157188,0.956939,3
1111276476,-0.438117,-0.18715,0.185176,-2.00818,-1.050704,0.773745,3
1111309810,-0.298798,-0.141521,0.110589,-1.858202,-0.972544,1.064425,3
1111343144,-0.043512,-0.154303,0.048288,-1.506242,-0.635552,1.214408,3
1111376478,-0.010673,-0.195938,0.08223,-1.202789,-0.38145,1.100403,3
1111409812,-0.133596,-0.32202,0.109287,-0.952465,-0.82567,0.560524,3
1111443146,-0.23364,-0.338943,0.086343,-0.586231,-0.772881,0.632281,3
1111476480,-0.193032,-0.286193,0.119179,-0.279387,-0.772381,0.576418,3
1111509814,-0.11188,-0.132217,0.056266,-0.072406,-1.201718,0.970306,3
1111543148,-0.224052,-0.10705,0.097751,0.551015,-1.106687,0.723163,3
1111576482,-0.20955,-0.000265,0.13782,0.748132,-0.795396,0.417553,3
1111609816,-0.095838,-0.041411,0.045257,0.838258,-0.913811,0.831692,3
1111643150,-0.121433,-0.265472,0.138339,1.140157,-0.799205,0.715365,3
1111676484,-0.119122,-0.196591,0.105234,1.197606,-0.635571,0.560622,3
1111709818,-0.092736,-0.05763,0.055006,1.293272,-0.326187,0.205585,3
1111743152,0.012669,-0.061335,0.044245,1.18066,-0.091885,-0.345979,3
1111776486,0.022389,-0.11665,0.062431,1.178743,0.237696,-0.699403,3
1111809820,-0.007641,-0.070689,0.059296,1.180833,0.283216,-0.629058,3
1111843154,-0.061848,-0.068338,0.102802,0.886786,0.44827,-1.481868,3
1111876488,-0.05974,-0.036846,0.043394,0.97578,0.705926,-1.124311,3
1111909822,-0.046419,-0.02562,0.088725,0.687905,0.769681,-1.280589,3
1111943156,-0.1489,-0.000818,0.068486,0.8548,0.766808,-0.909987,3
1111976490,-0.027643,0.006346,0.078012,0.763739,1.043176,-0.675103,3
1112009824,0.08731,-0.003814,0.109409,0.353808,1.366962,-0.88382,3
1112043158,0.217258,-0.124173,0.135407,0.241532,1.271115,-0.776438,3
1112076492,0.322101,0.068742,0.068192,0.115067,1.099469,-0.652696,3
1112109826,0.404959,0.048843,0.043344,0.167475,0.773532,-0.376385,3
1112143160,0.311213,0.059141,0.076062,0.168483,0.519583,-0.069564,3
1112176494,0.163968,0.093876,0.193661,0.239037,0.478901,0.308348,3
1112209828,0.14651,0.134294,0.274847,0.147647,0.260498,0.391244,3
1112243162,0.201265,0.235517,0.305163,0.036986,0.234153,0.147855,3
1112276496,0.417135,0.431563,0.341892,0.090696,0.131466,0.176221,3
1112309830,0.333962,0.418983,0.113509,0.008153,0.329832,0.387737,3
1112343164,0.359565,0.262036,0.229364,0.029457,0.420417,0.308914,3
1112376498,0.378712,0.161901,0.335352,-0.067664,0.535928,0.240586,3
1112409832,0.40972,0.128311,0.13154,0.112608,0.608201,0.444795,3
1112443166,0.494226,0.155901,0.044537,0.065376,0.790267,0.424193,3
1112476500,0.494195,0.128511,0.043666,0.01475,0.912357,0.551223,3
1112509834,0.438375,0.059041,0.008645,0.114496,1.117202,0.836657,3
1112543168,0.547379,0.26777,0.137123,0.173956,1.190878,0.902493,3
1112576502,0.460653,0.141954,0.123171,0.159734,0.942605,0.378282,3
1112609836,0.396583,0.094733,0.18807,0.088763,0.808582,0.33069,3
1112643170,0.346879,0.132433,0.070969,0.256474,0.640738,0.502302,3
1112676504,0.395499,0.225135,0.155147,0.221078,0.501599,0.034228,3
1112709838,0.329656,0.279222,0.246293,0.36761,0.362663,0.153532,3
1112743172,0.364804,0.228759,0.186945,0.27247,0.216997,-0.043672,3
1112776506,0.307063,0.108385,0.232531,0.364095,0.139277,-0.002806,3
1112809840,0.314634,-0.030061,0.171156,0.15134,0.129297,-0.254493,3
1112843174,0.359086,-0.056051,0.117221,0.059651,0.098964,-0.258364,3
1112876508,0.291868,-0.02798,0.138229,-0.039596,0.128278,-0.088269,3
1112909842,0.285489,-0.047586,0.085845,-0.040813,0.190455,-0.02817,3
1112943176,0.317049,-0.045544,0.132064,0.056805,0.185178,0.010695,3
1112976510,0.261064,0.005231,0.088257,0.058326,0.164416,-0.111861,3
1113009844,0.012141,0.009506,0.066113,0.085525,0.045824,-0.19958,3
1113043178,0.039966,0.085766,0.104063,0.052801,-0.076737,-0.213386,3
1113076512,-0.081165,0.047174,0.130476,-0.014869,-0.101468,-0.236618,3
1113109846,-0.268492,0.030399,0.123721,0.045155,-0.208915,-0.168785,3
1113143180,-0.193009,0.066166,0.132632,0.009319,-0.279861,-0.027964,3
1113176514,-0.054285,-0.094642,0.146248,0.002558,-0.33161,0.117186,3
1113209848,0.088431,0.014644,0.068079,-0.056855,-0.319235,0.162956,3
1113243182,-0.065854,0.212692,-0.020701,-0.079939,-0.338947,0.255442,3
1113276516,-0.143545,0.217901,0.071891,-0.13769,-0.265622,0.233942,3
1113309850,-0.128831,0.034955,0.098782,-0.107149,-0.17288,0.113472,3
1113343184,-0.118474,-0.094564,-0.04882,-0.079525,-0.224297,-0.056506,3
1113376518,-0.333823,-0.241164,0.060469,-0.050631,-0.326672,-0.030736,3
1113409852,-0.386547,-0.015204,0.251655,-0.016516,-0.406436,0.102976,3
1113443186,-0.097906,-0.18075,-0.017793,-0.00414,-0.437569,0.261984,3
1113476520,-0.292215,-0.238582,0.013982,-0.134315,-0.423231,0.175551,3
1113509854,-0.276076,0.030997,0.130703,-0.175377,-0.409224,0.121887,3
1113543188,-0.355144,-0.108897,0.128078,-0.182009,-0.457077,0.162107,3
1113576522,-0.345486,-0.222234,0.110082,-0.273098,-0.490137,0.025995,3
1113609856,-0.211695,-0.206399,0.092085,-0.260889,-0.565633,0.030785,3
1113643190,-0.290162,-0.135416,0.127888,-0.217707,-0.562179,-0.105957,3
1113676524,-0.2932,0.013738,0.101351,-0.312456,-0.494958,-0.132832,3
1113709858,-0.200671,-0.155402,0.097069,-0.41421,-0.439795,-0.070809,3
1113743192,-0.096243,-0.285786,0.032576,-0.489263,-0.282926,0.26997,3
1113776526,-0.033376,-0.29044,0.031764,-0.588766,-0.293965,0.32289,3
1113809860,-0.256364,-0.223542,0.129567,-0.878197,-0.40076,0.291158,3
1113843194,-0.133813,-0.036481,0.069649,-0.80809,-0.387455,0.61223,3
1113876528,-0.169718,-0.028305,0.124551,-0.820266,-0.412032,0.662979,3
1113909862,-0.200329,0.064338,0.172745,-1.105704,-0.240201,0.640779,3
1113943196,-0.199885,-0.297025,0.186786,-1.409611,0.012083,0.474029,3
1113976530,0.154321,-0.155888,0.061007,-1.249721,-0.19214,0.318872,3
1114009864,0.137067,-0.080839,0.098263,-1.084405,-0.613281,0.819544,3
1114043198,-0.10749,-0.050745,0.132764,-1.042713,-0.826387,0.961255,3
1114076532,-0.088967,0.055081,0.073545,-1.005009,-0.769738,0.888405,3
1114109866,-0.045427,0.112831,0.105387,-1.268214,-0.845541,1.103303,3
1114143200,0.085816,0.058138,0.104336,-1.592211,-0.344796,1.448389,3
1114176534,0.045424,0.158983,0.0846,-1.802794,-0.744966,1.088748,3
1114209868,-0.02508,0.362287,0.101521,-1.85491,-0.344913,1.431935,3
1114243202,-0.107511,0.23169,0.098449,-2.091217,0.044624,1.919161,3
1114276536,-0.082707,0.016431,0.124439,-2.437147,-0.838691,0.870075,3
1114309870,-0.016215,0.090062,0.107864,-2.079993,-0.061935,0.936521,3
1114343204,-0.089175,0.075455,0.079032,-0.807252,-0.448475,0.346622,3
1114376538,-0.233467,0.242652,0.140517,1.168656,-0.1265,-0.79284,3
1114409872,-0.397984,0.215611,0.073131,2.143663,-0.053792,-2.48995,3
1114443206,-0.300221,-0.009068,0.110645,3.002764,0.404554,-1.862803,3
1114476540,-0.118112,0.063936,0.044791,4.123937,0.616693,-2.024173,3
1114509874,-0.038819,0.048008,0.081932,3.173921,-0.284127,-3.132614,3
1114543208,-0.010862,0.038589,0.03871,3.174658,0.538342,-0.486442,3
1114576542,-0.056057,0.096242,0.139569,2.305186,0.863411,-0.774712,3
1114609876,0.187197,-0.108115,0.109722,1.674983,0.568099,-1.477917,3
1114643210,0.183932,-0.099101,0.170508,1.67151,0.327416,0.05658,3
1114676544,0.136703,-0.016031,0.135052,1.300981,0.274379,-0.315837,3
1114709878,0.270314,-0.066087,0.103737,0.806819,0.131845,-0.05573,3
1114743212,0.419879,0.0365,0.114624,1.113788,0.356009,0.203308,3
1114776546,0.250812,-0.167925,0.185568,0.610204,-0.028357,0.014667,3
1114809880,0.303681,-0.14262,0.154838,0.819643,0.486699,0.328345,3
1114843214,0.292415,-0.09366,0.121418,0.699176,0.219541,0.109512,3
1114876548,0.279299,-0.070154,0.123651,0.814838,0.346305,0.059435,3
1114909882,0.206939,-0.094278,0.158777,1.065416,0.337354,-0.152846,3
1114943216,0.201647,-0.114335,0.13107,0.562936,0.279375,0.09132,3
1114976550,0.1947,-0.052213,0.123168,1.066106,0.408991,-0.110291,3
1115009884,0.125944,-0.094602,0.100427,0.830222,0.018821,-0.35557,3
1115043218,0.115358,-0.099663,0.12288,0.827835,0.370211,0.214351,3
1115076552,0.089957,-0.055927,0.112103,1.415903,0.168929,-0.629692,3
1115109886,-0.047858,0.03772,0.160047,0.487774,-0.443995,-0.219062,3
1115143220,0.029205,-0.00119,0.089066,0.721877,0.490979,0.091159,3
1115176554,0.095377,0.000422,0.080172,0.771003,-0.188633,-1.311027,3
1115209888,0.008153,0.06582,0.156137,1.069309,-0.357694,-0.516629,3
1115243222,-0.054419,0.127409,0.06783,1.4583,0.385331,0.281556,3
1115276556,-0.197282,-0.038902,0.055882,1.187805,0.599625,0.018988,3
1115309890,-0.008333,-0.086946,0.20734,-0.547105,-0.763906,-1.431221,3
1115343224,0.194567,-0.047008,0.051652,-0.528365,0.912787,0.135437,3
1115376558,0.022523,-0.070593,0.071255,-0.028324,0.393793,-0.88059,3
1115409892,-0.165533,-0.04035,0.13111,0.174567,-0.364418,-0.548499,3
1115443226,-0.047026,-0.018701,0.08531,0.049389,0.709916,-1.270233,3
1115476560,-0.067292,0.094574,0.109634,0.187337,-0.368359,-1.84539,3
1115509894,-0.045551,0.262663,0.119474,-0.370154,-0.316534,-2.378812,3
1115543228,0.047714,0.176166,0.152257,-0.757833,0.438465,-2.691556,3
1115576562,0.172787,0.131265,0.093434,-0.303233,-0.468738,-1.140283,3
1115609896,0.144652,-0.03844,0.11666,0.209392,-0.674299,0.249889,3
1115643230,0.09981,-0.084511,0.111605,-0.465311,-0.623287,2.14512,3
1115676564,0.121549,-0.035465,0.095513,-0.374566,-0.27517,2.710832,3
1115709898,0.106064,-0.092383,0.08472,-1.804086,0.284256,2.704881,3
1115743232,-0.037258,-0.012784,0.077765,-1.761422,1.201267,2.573653,3
1115776566,-0.085581,0.046361,0.096631,-0.629704,-1.022776,0.835207,3
1115809900,-0.124966,0.131323,0.115054,0.242461,-1.60081,1.085115,3
1115843234,-0.075941,0.189714,0.070704,-0.352583,0.32472,1.588255,3
1115876568,-0.119379,0.071317,0.085653,-0.2959,0.4439,0.557883,3
1115909902,-0.223113,0.022177,0.168556,0.075439,-0.0633,-0.27187,3
1115943236,-0.149004,0.02086,0.127058,-0.953955,0.230921,0.770015,3
1115976570,-0.002216,-0.011144,0.083771,-1.085794,0.149975,1.318036,3
1116009904,-0.018559,-0.008239,0.056849,-0.498508,-0.331199,1.410979,3
1116043238,-0.13577,-0.002957,0.138609,-0.686508,-0.405112,0.991892,3
1116076572,-0.0996,0.082231,0.127193,-0.432655,-0.484536,1.065044,3
1116109906,-0.061211,-0.044901,0.127216,-0.394291,-0.428241,0.868519,3
1116143240,-0.008927,-0.129626,0.102398,-0.286078,-0.470608,0.008669,3
1116176574,0.012888,-0.220636,0.048828,-0.411492,-0.649787,-0.569835,3
1116209908,-0.030551,-0.085421,0.084183,-0.38651,-0.723325,-0.150007,3
1116243242,-0.027417,0.080722,0.105474,-0.221437,-0.716623,0.359926,3
1116276576,-0.177908,0.139955,0.163429,0.043582,-0.674408,0.264297,3
1116309910,-0.104754,0.048761,0.147531,0.108056,-0.449134,0.059093,3
1116343244,-0.138237,-0.062114,0.132214,0.137052,-0.126339,0.159588,3
1116376578,0.024219,0.049119,0.067019,0.12133,0.329384,0.182434,3
1116409912,-0.011366,0.006796,0.103615,0.225424,0.230665,0.435864,3
1116443246,-0.010514,-0.045745,0.089401,0.313962,0.482528,0.685577,3
1116476580,0.040678,-0.051362,0.103391,0.278011,0.683833,0.435067,3
1116509914,0.099504,0.085764,0.192602,0.368947,0.503044,0.220634,3
1116543248,0.01334,-0.0335,0.109148,0.513305,0.346502,0.096284,3
1116576582,0.232363,-0.063806,0.121061,0.522979,0.351153,-0.211215,3
1116609916,0.396231,-0.060202,0.039731,0.447115,0.185146,-0.421239,3
1116643250,-0.019172,-0.117152,0.191646,0.423328,-0.076253,-0.139518,3
1116676584,0.000675,-0.122082,0.18008,0.326151,-0.074992,-0.2394,3
1116709918,0.216509,-0.050066,0.010653,0.308122,-0.145565,-0.103601,3
1116743252,-0.003886,-0.11291,0.077846,0.087656,-0.337569,-0.049172,3
1116776586,-0.167037,-0.018894,0.151034,-0.0388,-0.339473,-0.100985,3
1116809920,-0.16231,-0.040824,0.099019,-0.201139,-0.353904,-0.035498,3
1116843254,-0.126509,-0.017911,0.048654,-0.349696,-0.3954,0.279806,3
1116876588,-0.125144,0.03485,0.088635,-0.262023,-0.311149,0.34365,3
1116909922,-0.103252,0.06561,0.076217,-0.186991,-0.240967,0.321174,3
1116943256,-0.023876,0.078756,0.09641,-0.17476,-0.127586,0.110334,3
1116976590,-0.170235,0.040086,0.08199,-0.185089,-0.077913,0.090395,3
1117009924,-0.151494,0.161021,0.102574,-0.272686,-0.032005,0.058122,3
1117043258,-0.138827,0.147311,0.094073,-0.362092,-0.072364,0.107998,3
1117076592,-0.130885,0.055444,0.084814,-0.517035,-0.103718,0.279038,3
1117109926,0.067002,0.123048,0.029082,-0.642671,-0.101794,0.397713,3
1117143260,-0.133047,0.124593,0.165082,-0.594257,-0.11945,0.356611,3
1117176594,-0.263161,-0.011958,0.200875,-0.430586,-0.204652,0.38815,3
1117209928,-0.021995,0.015625,0.091702,-0.228461,-0.166373,0.194092,3
1117243262,0.062229,0.065567,0.087627,-0.075019,-0.08764,0.026707,3
1117276596,0.069734,0.056091,0.121278,-0.024072,-0.051664,0.027955,3
1117309930,-0.028497,0.05179,0.137849,0.012627,0.077477,-0.139418,3
1117343264,0.077507,0.109216,0.092957,0.002988,-0.011745,-0.005126,3
1117376598,0.134376,0.049432,0.112251,-0.083627,0.000939,0.348583,3
1117409932,0.072175,0.024238,0.13292,-0.137875,0.131625,0.396313,3
1117443266,0.042615,-0.001483,0.118116,0.024542,0.12304,0.275039,3
1117476600,0.063416,-0.028847,0.08401,0.280951,0.354168,0.280509,3
1117509934,0.072122,-0.031123,0.062903,0.409148,0.250819,0.28577,3
1117543268,0.059506,-0.040384,0.135144,0.501824,0.394858,0.392582,3
1117576602,0.19264,-0.080328,0.078465,0.495508,0.515573,0.529889,3
1117609936,0.302448,-0.174282,0.094914,0.624414,0.351046,0.573004,3
1117643270,0.301097,-0.08821,0.108513,0.652705,0.356316,0.463185,3
1117676604,0.294671,-0.097528,0.137165,0.622073,0.164365,0.215902,3
1117709938,0.154576,-0.074907,0.089176,0.404866,0.090888,-0.173683,3
1117743272,0.152274,-0.059479,0.143709,0.292394,-0.071556,-0.093857,3
1117776606,0.251946,0.013914,0.090328,0.26564,-0.248426,-0.115592,3
1117809940,0.005757,0.061786,0.151755,0.10739,-0.292758,-0.048898,3
1117843274,0.078277,0.093426,0.091309,-0.059518,-0.296799,-0.061222,3
1117876608,-0.00818,0.082162,0.107092,-0.230177,-0.279592,-0.057673,3
1117909942,-0.095165,0.031102,0.144728,-0.229766,-0.212019,0.026928,3
1117943276,0.077262,0.008558,0.038836,-0.276241,-0.258375,0.162879,3
1117976610,0.04848,0.170419,0.127473,-0.341153,-0.251547,0.242475,3
1118009944,0.094642,0.06256,0.096191,-0.380487,-0.121923,0.095464,3
1118043278,0.054935,-0.086087,0.086926,-0.499345,-0.153346,-0.008984,3
1118076612,-0.106636,-0.033249,0.107745,-0.530909,-0.187684,-0.055938,3
1118109946,0.015207,0.081407,0.088442,-0.480643,-0.138601,-0.099483,3
1118143280,0.004445,0.089721,0.074549,-0.356425,-0.152161,-0.026825,3
1118176614,-0.078054,0.000191,0.128428,-0.227217,-0.049176,0.04531,3
1118209948,-0.169368,-0.017959,0.132466,-0.163462,-0.043777,0.053845,3
1118243282,-0.305734,-0.045813,0.092005,-0.162502,0.094663,0.043114,3
1118276616,-0.413346,0.080621,0.077421,-0.220775,0.175326,0.21921,3
1118309950,-0.458926,0.132695,0.111571,-0.225221,0.090788,0.287512,3
1118343284,-0.301789,0.05896,0.126886,-0.113631,-0.058395,0.331341,3
1118376618,-0.213041,-0.059759,0.108405,-0.144874,-0.274153,0.456409,3
1118409952,-0.165579,-0.20306,0.117528,-0.143388,-0.277017,0.234573,3
1118443286,-0.041668,-0.086926,0.114514,-0.223616,-0.243208,0.05437,3
1118476620,-0.009566,-0.004042,0.129607,-0.286372,-0.226806,-0.046884,3
1118509954,0.101,-0.057591,0.078691,-0.298515,-0.168571,-0.252111,3
1118543288,0.018729,-0.05645,0.122603,-0.391591,-0.232464,-0.28581,3
1118576622,-0.195354,-0.112032,0.159277,-0.531959,-0.121566,-0.226843,3
1118609956,-0.446081,-0.251957,0.110401,-0.52414,-0.088577,-0.200307,3
1118643290,0.206524,0.028523,0.087804,-0.3049,-0.181326,-0.040239,3
1118676624,0.165984,0.047658,0.126583,-0.212463,-0.255415,0.088003,3
1118709958,0.09132,-0.124256,0.081592,-0.139722,-0.161566,0.099028,3
1118743292,0.064353,-0.111663,0.144897,-0.083063,-0.057168,0.117354,3
1118776626,0.358952,0.021006,0.095025,0.044997,0.043878,-0.011821,3
1118809960,0.187186,-0.079686,0.062137,0.157025,0.061554,-0.026109,3
1118843294,0.063222,-0.035674,0.158512,0.160972,0.031179,-0.023114,3
1118876628,0.15425,0.086525,0.110678,0.1096,0.170774,0.090948,3
1118909962,0.192047,0.095951,0.078383,-0.070483,0.161639,0.325111,3
1118943296,0.058249,0.041704,0.130095,-0.225604,0.109941,0.535207,3
1118976630,0.120519,-0.080399,0.110033,-0.248151,0.02816,0.505447,3
1119009964,0.072802,-0.040102,0.123672,-0.216544,-0.00842,0.459626,3
1119043298,-0.061707,-0.039828,0.130106,-0.183126,0.020405,0.300925,3
1119076632,-7.2e-05,-0.050126,0.092995,-0.187113,0.032898,0.0748,3
1119109966,-0.001734,-0.004747,0.10192,-0.142547,0.03455,0.051075,3
1119143300,-0.022856,0.013125,0.106103,-0.070876,0.038316,0.000452,3
1119176634,-0.034588,-0.015064,0.101464,-0.08658,0.074173,-0.023499,3
1119209968,-0.016314,0.013179,0.068798,-0.097281,0.11308,0.024525,3
1119243302,0.111497,0.030528,0.16016,-0.213311,0.097542,-0.007811,3
1119276636,-0.082182,0.003891,0.103626,-0.376577,0.032873,0.05232,3
1119309970,-0.173576,0.009111,0.120045,-0.53882,-0.053743,-0.033945,3
1119343304,-0.155664,0.069349,0.120324,-0.676328,-0.085034,-0.032464,3
1119376638,-0.135533,0.020861,0.100266,-0.710923,-0.206649,0.120835,3
1119409972,-0.186871,0.017944,0.10041,-0.590966,-0.222639,0.272954,3
1119443306,-0.171621,0.092338,0.080092,-0.372681,-0.171952,0.307645,3
1119476640,-0.107542,0.028982,0.078821,-0.081774,-0.110532,0.251292,3
1119509974,-0.050036,0.075789,0.115273,0.065498,0.014732,0.094181,3
1119543308,-0.006044,0.105337,0.11021,0.125961,0.107053,0.0558,3
1119576642,0.042176,0.068439,0.122768,0.090845,0.191377,0.055606,3
1119609976,0.021067,-0.071896,0.079867,0.0419,0.173296,0.028406,3
1119643310,0.024325,-0.075635,0.107116,0.023912,0.131468,0.12987,3
1119676644,0.12609,-0.007193,0.064779,0.032114,0.093691,0.030559,3
1119709978,0.129858,0.034608,0.09566,-0.07681,-0.01525,-0.005756,3
1119743312,-0.028205,-0.000278,0.142187,-0.221578,-0.064533,0.144179,3
1119776646,-0.071464,0.06906,0.152067,-0.276818,-0.01326,0.129504,3
1119809980,-0.014647,0.095017,0.114275,-0.138526,-0.024343,0.253183,3
1119843314,-0.006731,0.053282,0.124426,0.070319,-0.03733,0.245811,3
1119876648,-0.153461,-0.060461,0.103694,-0.212151,-0.036575,0.328001,3
1119909982,-0.079905,-0.038709,0.100238,-0.1635,-0.097458,0.500675,3
1119943316,-0.156618,-0.080015,0.086849,-0.128415,-0.037798,0.596,3
1119976650,0.024533,-0.170335,0.079165,-0.307892,0.005639,0.521141,3
1120009984,-0.051791,-0.108718,0.053535,-0.458068,0.047612,0.604186,3
1120043318,-0.333027,-0.186826,0.124146,-0.462096,0.043656,0.739407,3
1120076652,-0.222769,-0.098604,0.097285,-0.715839,-0.035835,0.644032,3
1120109986,0.024396,-0.037744,0.104428,-0.808367,-0.138876,0.716341,3
1120143320,0.04664,0.15557,0.090304,-0.8774,-0.199726,0.778262,3
1120176654,-0.080064,0.124,0.145412,-0.939189,-0.195299,0.935208,3
1120209988,0.027722,0.047906,0.143818,-0.64832,-0.172752,0.749576,3
1120243322,0.115121,0.040212,0.095078,-0.444525,0.189948,0.372212,3
1120276656,-0.011507,-0.012864,0.110771,-0.421362,0.224755,0.332714,3
1120309990,0.01163,0.001381,0.084733,-0.297763,0.063552,0.334079,3
1120343324,0.082003,0.032658,0.128387,-0.708192,-0.283801,0.189816,3
1120376658,0.056777,-0.046959,0.107559,-0.612421,0.028336,0.462816,3
1120409992,0.060728,-0.032657,0.107801,-0.585761,-0.466636,0.67257,3
1120443326,-0.03977,-0.122683,0.121829,-0.858212,-0.469798,0.681988,3
1120476660,-0.046141,-0.245421,0.110012,-0.360041,-0.02883,-0.249459,3
1120509994,0.100266,-0.033094,0.117375,-0.486798,0.237895,-0.890311,3
1120543328,0.003857,-0.001909,0.070534,-0.56656,0.463943,-0.888482,3
1120576662,-0.242782,-0.004802,0.126752,-0.330437,-0.176676,-0.767696,3
1120609996,-0.196768,0.194016,0.124735,-0.648551,-0.132669,-0.73013,3
1120643330,-0.096579,0.100572,0.075271,-0.82811,-0.294983,-0.563683,3
1120676664,0.006923,0.007469,0.111137,-0.06655,-0.703308,0.286819,3
1120709998,0.050633,0.003329,0.087223,-0.165731,-0.687525,0.244794,3
1120743332,0.0998,-0.033663,0.085899,0.174321,-0.638118,0.191443,3
1120776666,0.064863,0.055493,0.078009,1.239041,-0.722149,-0.021021,3
1120810000,-0.108656,-0.043064,0.167601,1.177536,-0.225899,0.040032,3
1120843334,-0.03721,-0.00246,0.107967,0.840731,0.108585,-0.335568,3
1120876668,0.029812,0.002612,0.105803,0.824765,0.261548,-1.341326,3
1120910002,0.195263,0.017939,0.124417,1.221593,0.477475,-2.091451,3
1120943336,0.332196,0.007715,0.088467,1.595358,0.852034,-1.282146,3
1120976670,0.267696,0.093592,0.21921,1.79581,0.61032,-1.147965,3
1121010004,0.196276,0.062601,0.036345,2.667877,0.801082,-0.317428,3
1121043338,0.020943,-0.032868,0.144984,2.576749,0.738323,0.216138,3
1121076672,0.020669,-0.045254,0.118332,2.312192,0.773328,-0.016375,3
1121110006,0.008642,-0.060254,0.102909,1.82583,0.770332,0.411386,3
1121143340,0.18704,-0.094201,0.150694,1.821102,0.511664,0.924413,3
1121176674,0.171686,-0.12483,0.147365,1.351243,0.295107,0.578157,3
1121210008,0.163211,-0.12597,0.13097,1.272352,0.515216,0.372273,3
1121243342,0.195073,-0.037828,0.132742,0.854112,0.708348,0.415256,3
1121276676,0.187027,0.002471,0.092345,0.973881,0.574908,0.243162,3
1121310010,-0.010978,-0.075389,0.18631,0.476243,0.237047,0.297785,3
1121343344,-0.04843,0.024896,0.106765,0.65377,0.561691,0.113327,3
1121376678,-0.126492,0.047008,0.10537,1.113459,0.355279,-0.051188,3
1121410012,-0.079596,-0.224791,0.105081,1.118415,0.365056,-0.133964,3
1121443346,-0.115943,-0.201657,0.056514,1.187747,0.325812,-0.250605,3
1121476680,-0.132814,0.013292,0.107484,1.2725,0.505365,-0.36601,3
1121510014,-0.132895,0.186734,0.128728,-0.147102,0.054109,-0.591975,3
1121543348,0.021088,-0.023503,0.094724,0.664158,-0.085107,-0.937443,3
1121576682,-0.056436,-0.137049,0.104616,-0.059658,-0.330796,-1.085785,3
1121610016,0.06118,-0.028772,0.106398,-0.377605,-0.195951,-1.207883,3
1121643350,-0.033417,0.01637,0.09181,0.387012,0.04553,-0.316353,3
1121676684,-0.159664,0.064219,0.125103,-0.267858,-0.362354,-0.380199,3
1121710018,-0.063976,-0.019461,0.048741,-0.309947,-0.373181,-0.305957,3
1121743352,-0.082318,-0.021727,0.115629,-0.437051,-0.346684,0.775673,3
1121776686,-0.030181,0.036594,0.090276,-0.834732,-0.182667,0.371091,3
1121810020,-0.017986,-0.007979,0.070251,-0.617319,-0.306045,1.066846,3
1121843354,0.009314,0.054316,0.091179,-1.074265,-0.340081,1.415805,3
1121876688,-0.046864,0.130792,0.105996,-0.934636,-0.199629,1.097924,3
1121910022,-0.034163,0.101222,0.111747,-1.050045,-0.454854,0.922844,3
1121943356,0.000963,0.103278,0.069057,-1.079144,-0.551581,0.692876,3
1121976690,-0.044749,0.058859,0.09612,-0.967037,-0.280959,0.485554,3
1122010024,0.056922,0.067942,0.078668,-0.923871,-0.216532,0.182138,3
1122043358,-0.050805,0.049848,0.108127,-0.903044,-0.318669,-0.096098,3
1122076692,-0.0764,0.066953,0.12241,-0.846319,-0.099272,0.000403,3
1122110026,-0.015583,0.053969,0.114212,-0.708828,0.11856,-0.060687,3
1122143360,-0.117734,0.021244,0.128868,-0.605354,-0.000446,-0.490478,3
1122176694,-0.095462,0.036811,0.085716,-0.39331,-0.188936,-0.742385,3
1122210028,-0.108396,0.103139,0.106234,-0.485128,-0.236057,-0.3532,3
1122243362,-0.08754,0.105851,0.101303,-0.409004,-0.449252,0.263191,3
1122276696,-0.071213,0.050826,0.094009,-0.300029,0.065555,0.552943,3
1122310030,0.011301,-0.006162,0.07886,-0.444901,0.195776,0.205625,3
1122343364,0.016289,-0.00286,0.085863,-0.630918,0.159171,-0.004794,3
1122376698,0.032115,-0.002859,0.086508,-0.731901,0.479575,0.374644,3
1122410032,-0.010199,0.008608,0.068723,-0.638675,0.605466,0.347919,3
1122443366,-0.066219,-0.022829,0.136593,-0.615097,-0.014869,-0.130005,3
1122476700,-0.074045,0.06116,0.127901,-0.625074,-1.143409,1.433088,3
1122510034,-0.174623,-0.029668,0.101158,-0.361164,0.321327,1.952745,3
1122543368,-0.176076,-0.078922,0.126715,-0.226874,1.004632,0.946693,3
1122576702,-0.106399,-0.056184,0.059926,-0.29998,0.448334,-0.065559,3
1122610036,-0.05002,-0.081024,0.050209,-0.199363,0.196494,-0.532303,3
1122643370,-0.089286,-0.055098,0.078429,-0.117806,0.329755,-0.604807,3
1122676704,-0.162163,-0.134637,0.101279,-0.072895,0.06786,-0.371476,3
1122710038,-0.143733,0.061455,0.172833,-0.08363,-0.565623,0.19206,3
1122743372,-0.143049,0.173421,0.091455,-0.16773,-0.570326,0.935775,3
1122776706,-0.20313,-0.036114,0.074425,-0.412204,-0.386413,0.446919,3
1122810040,-0.243375,-0.285287,0.13105,-0.537634,-0.139181,-0.085437,3
1122843374,-0.19528,-0.13526,0.135019,-0.42975,-0.094844,-0.187228,3
1122876708,-0.031842,-0.029971,0.115183,-0.238315,0.309894,-0.136896,3
1122910042,0.091658,-0.040496,0.065231,-0.115155,0.520823,-0.377889,3
1122943376,-0.024066,-0.1538,0.084471,0.111857,0.454104,-0.946439,3
1122976710,-0.061822,-0.154341,0.142322,-0.074855,0.767674,-0.858264,3
1123010044,-0.046729,-0.099952,0.158793,0.004505,0.677341,-1.214981,3
1123043378,0.200775,0.01201,0.092172,0.032178,0.606561,-0.989039,3
1123076712,0.179142,-0.056869,0.12405,0.601032,-0.891189,0.64479,3
1123110046,0.171664,-0.099629,0.128311,1.236978,-1.457257,1.91705,3
1123143380,0.215778,-0.04675,0.096884,0.332524,-0.23148,2.220158,3
1123176714,-0.037444,0.007271,0.112354,-0.540036,-0.351961,1.59542,3
1123210048,-0.105752,-0.008265,0.181576,-0.918143,-0.630151,0.481548,3
1123243382,0.159384,0.125389,0.043931,-0.889347,-0.04823,0.053928,3
1123276716,0.063271,0.151613,0.09993,-0.55124,0.001637,-0.137898,3
1123310050,-0.075469,-0.002715,0.173834,-0.022859,-0.072107,0.149845,3
1123343384,0.16292,-0.025174,0.105454,0.237287,0.169475,0.457419,3
1123376718,0.240211,0.023464,0.072299,0.407441,0.317057,0.499051,3
1123410052,0.179342,0.101623,0.114576,0.48476,0.361151,0.304219,3
1123443386,0.161317,0.082332,0.121567,0.477094,0.48678,-0.046361,3
1123476720,0.13601,0.026406,0.110141,0.432295,0.578941,-0.2948,3
1123510054,0.110645,0.067755,0.092633,0.476998,0.49062,-0.390699,3
1123543388,0.174683,0.048335,0.113763,0.523071,0.554555,-0.190751,3
1123576722,0.202722,0.016012,0.140224,0.507014,0.453675,-0.066749,3
1123610056,0.198711,0.007576,0.105259,0.358116,0.406373,0.038823,3
1123643390,0.285128,0.131336,0.073113,0.258981,0.340912,0.186231,3
1123676724,0.165164,0.046491,0.130016,0.13771,0.391447,0.128975,3
1123710058,0.231156,0.062043,0.085256,0.030666,0.292941,0.044559,3
1123743392,0.181047,0.049581,0.109133,-0.018485,0.23712,0.080219,3
1123776726,0.106374,0.067157,0.137319,-0.056849,0.210443,0.140273,3
1123810060,0.166071,0.155677,0.109593,-0.058917,0.133672,0.142629,3
1123843394,0.137556,0.079687,0.113536,-0.060192,0.224214,0.136564,3
1123876728,0.078672,-0.016424,0.109859,0.019014,0.280138,0.144298,3
1123910062,0.104686,0.01867,0.113457,-0.007774,0.288405,0.122636,3
1123943396,0.162194,0.07032,0.122223,0.063011,0.284916,0.130607,3
1123976730,0.137124,0.072102,0.086514,0.068789,0.300414,0.136017,3
1124010064,0.053566,-0.044418,0.161752,-0.012065,0.284581,0.196048,3
1124043398,0.17891,0.069396,0.099057,0.036287,0.301793,0.202662,3
1124076732,0.287122,0.12032,0.068286,0.019787,0.229334,0.242827,3
1124110066,0.153049,0.13669,0.098186,0.092387,0.239107,0.347169,3
1124143400,0.03256,0.039259,0.181171,0.102136,0.286063,0.345857,3
1124176734,0.262088,0.130678,0.10299,0.134614,0.286844,0.168325,3
1124210068,0.255328,0.019498,0.084808,0.157525,0.213282,0.077578,3
1124243402,0.196713,0.014433,0.124867,0.117327,0.122804,-0.015239,3
1124276736,0.329094,0.202707,0.062669,-0.009266,0.11331,0.081793,3
1124310070,0.129871,0.068717,0.093003,-0.050638,0.111601,0.156193,3
1124343404,0.05162,0.015634,0.116236,-0.092304,0.036523,0.209053,3
1124376738,0.14278,0.035146,0.096749,-0.237524,-0.010546,0.181137,3
1124410072,0.005423,0.046513,0.078842,-0.247428,-0.066418,0.117714,3
1124443406,-0.154877,0.059559,0.179131,-0.276597,-0.154427,0.076879,3
1124476740,-0.154189,0.074985,0.147337,-0.257958,-0.188268,0.098142,3
1124510074,-0.183591,-0.154181,0.137612,-0.228661,-0.153142,0.168897,3
1124543408,-0.088998,-0.257324,0.138958,-0.193737,-0.132882,0.146778,3
1124576742,-0.099162,-0.323576,0.052492,-0.132723,-0.131857,0.058477,3
1124610076,-0.193528,-0.262679,0.130964,-0.028464,-0.165907,0.053964,3
1124643410,-0.025637,-0.078142,0.055747,0.113818,-0.11301,0.078084,3
1124676744,-0.130013,-0.219559,0.122853,0.162265,-0.088821,-0.159312,3
1124710078,-0.16489,-0.478065,0.092633,0.219068,-0.149488,-0.290353,3
1124743412,-0.232905,-0.395378,0.111148,0.270778,-0.241371,-0.417396,3
1124776746,-0.307561,-0.211716,0.05611,0.349691,-0.382873,-0.22543,3
1124810080,-0.429807,-0.185212,0.097177,0.246342,-0.285818,0.114336,3
1124843414,-0.551298,-0.122679,0.148907,-0.652822,-0.719898,0.430716,3
1124876748,-0.29126,0.019348,0.274016,-1.551747,-0.744912,1.458383,3
1124910082,0.144904,-0.005265,-0.025995,-1.303261,0.23683,1.742573,3
1124943416,0.124563,-0.146003,-0.063597,-0.500588,0.195698,0.97764,3
1124976750,0.004181,-0.030402,0.128728,0.383763,0.454639,0.302522,3
1125010084,-0.047421,0.168598,0.178353,0.936084,0.574892,-0.69405,3
1125043418,-0.016606,0.216486,-0.000555,0.719344,0.007622,-1.233551,3
1125076752,-0.137803,0.017181,0.052418,-0.014542,-0.280253,-1.436943,3
1125110086,-0.226775,0.250975,0.325626,-0.315381,-0.172099,-1.155996,3
1125143420,0.115427,0.487622,0.124907,-0.29284,-0.475905,-0.763541,3
1125176754,0.048343,0.414753,0.024561,-0.309117,-0.352306,0.06906,3
1125210088,-0.064391,0.063191,0.116256,-0.371942,-0.070254,0.82954,3
1125243422,-0.190048,-0.080585,0.156178,-0.532038,0.36321,1.025556,3
1125276756,-0.348725,-0.035457,0.081386,-0.699183,0.448464,0.999784,3
1125310090,-0.352106,0.100525,0.130562,-0.5734,0.364438,0.538004,3
1125343424,-0.399647,0.081831,0.066425,-0.489974,0.290901,0.243993,3
1125376758,-0.339074,-0.063452,0.100756,-0.689589,0.037104,-0.125802,3
1125410092,-0.216437,-0.106815,0.197532,-0.881363,-0.089858,-0.028516,3
1125443426,-0.033233,-0.015798,0.073752,-1.281696,0.00841,0.304639,3
1125476760,-0.053155,-0.04135,0.091723,-1.590935,0.079196,0.577078,3
1125510094,-0.139465,0.009248,0.106055,-1.428319,0.10121,1.231653,3
1125543428,-0.026903,0.158733,0.143486,-1.265334,-0.014076,1.207822,3
1125576762,0.114808,0.290379,0.017151,-1.089687,-0.12138,0.960136,3
1125610096,0.004295,0.219208,-0.058523,-0.713144,-0.383667,0.772512,3
1125643430,-0.301515,0.105558,0.173955,-0.489277,-0.495222,0.445151,3
1125676764,-0.174128,0.217529,0.097734,-0.214688,-0.644647,0.145192,3
1125710098,0.127144,0.179854,0.041328,-0.073998,-0.528649,0.104546,3
1125743432,0.356386,0.100813,0.000584,-0.160038,-0.276695,-0.004792,3
1125776766,0.414973,0.124892,0.104083,-0.254389,-0.369989,-0.072304,3
1125810100,0.309683,0.124641,0.146884,-0.417323,-0.130025,0.392844,3
1125843434,0.288948,0.212662,0.115081,-0.518324,-0.186685,0.407825,3
1125876768,0.247335,0.181581,0.071614,-0.563472,-0.485619,0.487211,3
1125910102,0.086769,-0.049688,0.087994,-0.331324,-0.122994,0.891837,3
1125943436,-0.014797,-0.078705,0.099363,0.322182,-0.837201,0.099143,3
1125976770,0.017073,0.081557,0.146459,0.915876,-0.333787,0.569478,3
1126010104,-0.017244,0.090583,0.099042,1.258468,0.459693,0.534975,3
1126043438,-0.085095,0.01204,0.068398,1.113921,0.698305,-0.41236,3
1126076772,-0.2116,-0.167399,0.09925,1.104372,0.944301,-0.759596,3
1126110106,-0.423846,-0.18292,0.108866,1.176363,0.568373,-1.162459,3
1126143440,-0.439631,-0.163109,0.202436,0.681633,1.124522,-0.685559,3
1126176774,-0.315074,-0.121452,0.165406,0.148732,1.514475,-0.001543,3
1126210108,-0.078443,-0.125841,0.136092,-0.632926,0.639801,0.943503,3
1126243442,0.097241,-0.262001,0.210882,-1.348527,0.992524,1.194477,3
1126276776,0.261199,-0.337871,0.052176,-1.248103,0.378841,0.986793,3
1126310110,0.204582,-0.510685,-0.066533,-0.872886,0.462314,0.428336,3
1126343444,-0.098541,-0.765085,0.152021,-0.585529,-0.061644,-0.627379,3
1126376778,-0.143947,-0.229712,0.127552,-0.080021,0.059129,-0.840315,3
1126410112,-0.173848,0.430108,0.113421,0.354477,0.40252,-0.818748,3
1126443446,-0.504494,0.60367,0.170772,0.948661,0.014733,-0.965624,3
1126476780,-0.53231,0.351791,0.182258,1.079423,-0.131495,-0.814306,3
1126510114,-0.254273,0.176361,0.186669,1.106725,-0.064525,-0.776898,3
1126543448,-0.10281,0.083498,0.171701,1.09056,0.499601,-0.61444,3
1126576782,-0.055364,0.185696,0.148416,0.723655,0.198264,-0.055904,3
1126610116,-0.038499,0.130867,0.060074,0.330035,-0.036503,-0.343935,3
1126643450,-0.056103,-0.014293,0.087018,0.534467,0.316069,-0.298132,3
1126676784,-0.013978,-0.161069,0.108315,0.372962,0.228188,0.553986,3
1126710118,0.08091,-0.184527,0.050615,0.665297,0.135457,-0.114551,3
1126743452,0.091148,-0.121274,0.104348,1.041795,-0.185443,0.139301,3
1126776786,0.185902,-0.147208,0.06062,0.820778,0.040141,0.497279,3
1126810120,0.260122,-0.148698,0.060424,0.478336,0.013827,0.057596,3
1126843454,0.316549,0.006128,0.086086,0.723449,-0.091063,-0.243754,3
1126876788,0.084462,0.039452,0.160829,0.253067,-0.119802,0.18808,3
1126910122,0.051905,0.139021,0.152993,0.111148,0.435882,-0.013637,3
1126943456,0.023171,0.191315,0.114921,0.603446,0.424387,-0.708287,3
1126976790,-0.149046,0.145574,0.189265,1.341235,0.121305,-0.406169,3
1127010124,-0.027269,0.028101,0.047793,0.692004,-0.033252,-0.462406,3
1127043458,-0.015053,-0.007119,0.096252,-0.090024,0.134387,-0.117888,3
1127076792,0.070425,0.089181,0.182021,-0.59675,0.176263,0.404471,3
1127110126,0.193,0.004496,0.164653,-1.04301,0.181594,0.623533,3
1127143460,0.311809,-0.156316,0.144565,-1.050878,-0.084724,0.744639,3
1127176794,0.331242,-0.214515,0.097201,-0.735134,-0.240933,0.776622,3
1127210128,0.283137,-0.082912,0.03676,-0.30208,-0.106653,0.439121,3
1127243462,0.076259,-0.076267,0.061949,0.11286,-0.051648,0.071888,3
1127276796,-0.013346,0.04433,0.090426,0.234941,-0.014814,-0.295145,3
1127310130,-0.172263,0.034823,0.12933,0.532746,0.312473,-0.420106,3
1127343464,-0.182753,0.032515,0.191812,0.942498,0.1609,-0.013376,3
1127376798,-0.013686,0.044978,0.091208,0.77745,0.216107,-0.038828,3
1127410132,-0.026966,-0.085634,0.134324,0.509561,0.216436,-0.048018,3
1127443466,0.040709,-0.137419,0.107252,0.459488,0.164888,0.186399,3
1127476800,0.084041,-0.02313,0.098802,0.534976,0.147047,0.159025,3
1127510134,0.15237,0.027388,0.142877,0.484807,0.265922,0.19117,3
1127543468,0.162322,-0.093915,0.13677,1.077918,0.138579,-0.009689,3
1127576802,0.174924,-0.105434,0.085899,0.986543,0.372951,-0.128614,3
1127610136,0.148265,-0.035047,0.109121,1.161419,0.356421,-0.875254,3
1127643470,0.158276,-0.003549,0.091127,0.866483,0.263765,-0.639632,3
1127676804,0.091,0.014588,0.076557,0.733775,0.354783,-0.432586,3
1127710138,0.066641,0.073247,0.138366,0.610825,0.432408,-0.33104,3
1127743472,0.204237,0.01134,0.116992,0.312304,0.278309,-0.062052,3
1127776806,0.041439,-0.042638,0.098165,0.424457,0.500625,-0.056214,3
1127810140,0.145376,-0.023457,0.138174,0.094,0.423479,0.078679,3
1127843474,0.128303,0.059267,0.099644,0.379833,0.261205,-0.220414,3
1127876808,0.093051,0.005662,0.077545,0.317049,0.588456,-0.26678,3
1127910142,0.12773,-0.078238,0.119385,0.401019,0.339621,-0.280804,3
1127943476,0.191154,-0.033636,0.101374,0.69897,0.423236,-0.199814,3
1127976810,0.240383,-0.019335,0.087604,-0.376057,0.195068,-0.15392,3
1128010144,0.197406,-0.04259,0.128026,0.019761,0.133233,-0.552935,3
1128043478,0.179259,-0.088638,0.114282,0.251901,0.45262,-0.336082,3
1128076812,0.363599,-9.2e-05,0.003347,-0.093724,0.729497,-0.515333,3
1128110146,-0.035658,0.088395,0.18083,0.368721,0.870335,-0.605131,3
1128143480,-0.247549,0.077878,0.177746,0.163858,0.765278,-0.356776,3
1128176814,-0.110139,0.092342,0.118592,0.077448,0.645779,-0.486103,3
1128210148,0.051808,0.102255,0.054445,-0.026668,0.643974,-0.418991,3
1128243482,0.189835,-0.091438,0.150756,-0.170242,0.682407,-0.093638,3
1128276816,0.140499,-0.10426,0.106452,0.042791,0.440335,0.212663,3
1128310150,0.062676,0.057855,0.102082,-0.420227,0.426183,-0.216478,3
1128343484,-0.182569,0.181767,0.133939,-0.428022,0.500408,-0.723023,3
1128376818,-0.325556,0.162615,0.212569,0.379772,-0.093914,0.004062,3
1128410152,-0.117757,0.051114,0.173901,-0.084819,0.079388,0.274752,3
1128443486,0.123287,-0.059006,0.08635,0.236131,-0.512366,0.812997,3
1128476820,0.290797,-0.02832,-0.002324,0.122668,-0.667724,1.336683,3
1128510154,0.504066,0.074699,-0.055254,-0.29993,-0.375828,1.348117,3
1128543488,0.321455,0.048352,0.09654,-0.388704,-0.878308,1.250034,3
1128576822,0.028403,0.254673,0.15173,-0.71758,-0.576499,1.0674,3
1128610156,-0.20025,0.275199,0.129061,-1.076929,-0.216251,0.630956,3
1128643490,-0.197877,0.203226,0.150511,-0.819566,-0.455398,0.620637,3
1128676824,0.023807,0.096158,0.064264,-0.753229,-0.300562,0.634928,3
1128710158,-0.046983,-0.092138,0.080409,-0.585808,-0.333706,0.857906,3
1128743492,-0.228709,-0.050647,0.174558,-0.388417,-0.411548,0.790405,3
1128776826,0.013124,-0.061214,0.07418,-0.499082,-0.102396,0.664687,3
1128810160,0.025339,-0.064602,0.053489,-0.515771,-0.070254,0.500053,3
1128843494,-0.026443,-0.040552,0.07734,-0.552349,0.01624,0.257959,3
1128876828,-0.08112,-0.100914,0.114731,-0.484673,0.145576,0.104827,3
1128910162,0.010406,-0.057918,0.071415,-0.494504,0.136677,0.025753,3
1128943496,-0.060235,-0.067414,0.104669,-0.327869,0.067732,0.042167,3
1128976830,-0.177285,-0.030397,0.164427,-0.19534,0.014645,0.260824,3
1129010164,-0.114058,0.032496,0.139534,-0.151843,-0.205851,0.55121,3
1129043498,-0.133361,0.024637,0.163506,0.107824,-0.33187,0.650489,3
1129076832,-0.000898,-0.067395,0.039986,-0.006307,-0.191875,0.397001,3
1129110166,-0.170449,-0.092508,0.141389,-0.095279,-0.287749,0.151355,3
1129143500,-0.453662,0.009211,0.236559,-0.023477,-0.182773,0.100614,3
1129176834,-0.192727,0.127608,0.141445,-0.051703,-0.246629,0.021636,3
1129210168,-0.171938,-0.114345,0.064515,-0.004819,-0.186393,-0.087987,3
1129243502,-0.261542,-0.04169,0.153769,0.021368,-0.276299,-0.146078,3
1129276836,-0.204465,0.075047,0.114042,0.018762,-0.350293,0.088733,3
1129310170,0.010615,0.074056,0.062116,0.042272,-0.225493,0.368469,3
1129343504,0.231192,-0.000346,0.047604,0.000282,-0.266333,0.572855,3
1129376838,0.148798,-0.094895,0.096679,-0.06841,-0.156582,0.420249,3
1129410172,0.304233,-0.105134,0.05309,-0.187117,0.044378,0.305803,3
1129443506,0.264103,-0.012771,0.053289,-0.163255,0.115641,0.09624,3
1129476840,-0.033639,-0.054699,0.123582,-0.169913,-0.131181,-0.106329,3
1129510174,-0.278135,0.051522,0.209158,-0.036005,-0.418647,-0.279683,3
1129543508,-0.441591,0.130445,0.254918,0.220299,-0.550128,-0.406638,3
1129576842,-0.081726,0.202018,0.078655,0.439686,-0.252968,-0.305616,3
1129610176,0.263808,0.038495,-0.028595,0.405104,-0.335298,-0.222328,3
1129643510,0.120106,-0.158238,0.145597,0.402075,0.078878,-0.173217,3
1129676844,0.225583,-0.155114,0.090106,0.281985,0.426664,0.246612,3
1129710178,0.315805,-0.030466,0.056404,0.046208,0.543159,0.427197,3
1129743512,0.304333,0.008555,0.042188,0.063903,0.844599,0.319429,3
1129776846,-0.010995,-0.00161,0.130108,0.104924,0.947562,0.340236,3
1129810180,-0.218769,-0.017605,0.161599,-0.025217,0.568337,0.504025,3
1129843514,-0.343481,0.017259,0.178343,-0.049722,0.325166,0.232367,3
1129876848,-0.23926,0.091904,0.190258,-0.223524,-0.051378,0.009558,3
1129910182,-0.142551,0.050245,0.069163,-0.336559,-0.241776,0.030485,3
1129943516,-0.04057,-0.087863,0.068584,-0.408507,-0.277052,-0.058592,3
1129976850,-0.093186,-0.038921,0.104764,-0.550509,-0.221649,0.036439,3
1130010184,-0.172986,-0.03811,0.0545,-0.676429,-0.262971,0.326337,3
1130043518,-0.260527,-0.126477,0.129291,-0.658106,-0.118975,0.316685,3
1130076852,-0.119665,-0.051398,0.111088,-0.562676,-0.013075,0.263898,3
1130110186,-0.145265,-0.067678,0.127118,-0.414854,-0.00878,0.325521,3
1130143520,-0.132012,-0.098762,0.082219,-0.253967,-0.012478,0.208284,3
1130176854,-0.199778,-0.063416,0.079835,-0.199695,-0.088819,0.030961,3
1130210188,-0.264048,-0.053947,0.126543,-0.119422,-0.098408,-0.053893,3
1130243522,-0.203647,-0.227874,0.029436,-0.035113,0.061804,0.04106,3
1130276856,-0.285905,-0.090532,0.148333,-0.029488,0.153352,0.129404,3
1130310190,0.02637,0.106675,0.131859,-0.100071,0.267397,0.148273,3
1130343524,0.113027,-0.036249,0.033104,-0.143242,0.282483,0.108985,3
1130376858,-0.164504,-0.160035,0.10755,-0.17227,0.208542,0.03112,3
1130410192,0.015806,0.075732,0.163535,-0.199565,0.054981,-0.002148,3
1130443526,0.085261,0.083674,0.068292,-0.167596,-0.092409,-0.076291,3
1130476860,-0.106524,-0.04395,0.100569,-0.144333,-0.127654,0.002092,3
1130510194,-0.206668,0.101067,0.190466,-0.103559,-0.107567,0.04196,3
1130543528,-0.099372,0.057124,0.15165,-0.127445,-0.075816,0.033626,3
1130576862,-0.021701,0.041984,0.082861,-0.158231,0.050433,0.052567,3
