sep=,
DeviceTag:,R_Wrist_n
FirmwareVersion:,2.2.1
AppVersion:,2023.6.0
SyncStatus:,Synced
OutputRate:,30Hz
FilterProfile:,General
Measurement Mode:,Sensor fusion Mode - Complete(Quaternion)
StartTime: ,2026-08-21_21:29:30_736 AEST
© Movella Technologies B. V. 2005-2026

PacketCounter,SampleTimeFine,Quat_W,Quat_X,Quat_Y,Quat_Z,FreeAcc_X,FreeAcc_Y,FreeAcc_Z
1,1868503499,-0.740256,0.095069,0.656642,0.108667,-0.711115,-2.501205,0.246509
2,1868536833,-0.753698,0.048677,0.651871,0.068107,-0.431445,-3.067970,1.008821
3,1868570167,-0.765956,-0.001653,0.642334,0.026838,0.485834,-3.745593,1.588392
4,1868603501,-0.777029,-0.055092,0.626904,-0.013646,1.924909,-3.807876,1.687333
5,1868636835,-0.787159,-0.106796,0.605311,-0.050769,3.375857,-3.532680,1.724950
6,1868670169,-0.797347,-0.150468,0.578653,-0.082230,4.556011,-3.086108,1.414079
7,1868703503,-0.808721,-0.181050,0.549330,-0.106917,5.410283,-2.517288,0.772506
8,1868736837,-0.822211,-0.195003,0.520023,-0.124593,5.984440,-1.777323,-0.668037
9,1868770171,-0.837154,-0.188587,0.494911,-0.136659,6.100066,-1.506367,-1.957692
10,1868803505,-0.850760,-0.166321,0.475957,-0.148368,6.071174,-1.845540,-2.417218
11,1868836839,-0.860249,-0.138696,0.462214,-0.164615,6.500244,-1.689859,-2.366383
12,1868870173,-0.864195,-0.112808,0.452843,-0.188092,7.180003,-1.042320,-2.096574
13,1868903507,-0.862105,-0.090916,0.447612,-0.219446,7.517172,0.172157,-1.830597
14,1868936841,-0.853712,-0.067541,0.447935,-0.256852,7.855076,2.240518,-1.297791
15,1868970175,-0.837816,-0.036663,0.456989,-0.296455,8.047146,4.012351,-0.335918
16,1869003509,-0.812537,-0.000825,0.476684,-0.335498,7.315969,4.736086,0.473812
17,1869036843,-0.776937,0.026416,0.504130,-0.376203,4.600940,3.418309,-0.153077
18,1869070177,-0.731958,0.032675,0.533713,-0.422285,2.699963,3.195990,0.085950
19,1869103511,-0.679609,0.009763,0.554411,-0.480281,1.435697,3.595673,0.770153
20,1869136845,-0.621329,-0.039777,0.553795,-0.552887,0.252302,5.117435,2.389956
21,1869170179,-0.555331,-0.106786,0.522870,-0.637821,-1.344050,6.820102,2.633042
22,1869203513,-0.481805,-0.174559,0.467303,-0.720434,-3.937902,6.523015,0.853858
23,1869236847,-0.406710,-0.231349,0.402934,-0.786583,-6.364564,3.575774,-1.045624
24,1869270181,-0.338722,-0.272658,0.351914,-0.828906,-7.149269,0.187944,-2.566941
25,1869303515,-0.285230,-0.302179,0.331062,-0.847192,-5.990456,-1.397905,-3.313678
26,1869336849,-0.247339,-0.330074,0.333944,-0.847561,-4.012389,-1.661036,-3.241884
27,1869370183,-0.220474,-0.366219,0.340127,-0.837611,-2.354247,-1.464940,-2.562291
28,1869403517,-0.199890,-0.414884,0.333195,-0.822740,-1.225592,-1.141941,-1.695543
29,1869436851,-0.182725,-0.474397,0.306600,-0.804711,-0.364400,-0.373471,-1.076349
30,1869470185,-0.166619,-0.540965,0.258391,-0.782837,0.347813,0.530549,0.176528
31,1869503519,-0.146465,-0.607618,0.185875,-0.758158,1.955335,1.492949,3.044709
32,1869536853,-0.122279,-0.662006,0.095772,-0.733231,1.252026,2.117505,3.876876
33,1869570187,-0.111022,-0.696249,0.018203,-0.708932,-0.720671,1.771069,3.001804
34,1869603521,-0.124848,-0.709533,-0.021753,-0.693186,0.409943,0.937619,2.858963
35,1869636855,-0.155884,-0.705564,-0.016400,-0.691097,1.559831,1.107793,1.926903
36,1869670189,-0.187534,-0.689141,0.026243,-0.699451,2.419311,1.212286,0.291408
37,1869703523,-0.204887,-0.666695,0.089051,-0.711065,3.280354,1.615421,-0.635672
38,1869736857,-0.199038,-0.644601,0.151287,-0.722489,4.146980,2.781777,-0.460429
39,1869770191,-0.165125,-0.628935,0.187229,-0.736291,3.643359,3.899394,0.910915
40,1869803525,-0.110399,-0.618563,0.190229,-0.754327,1.156314,3.435422,1.448150
41,1869836859,-0.048411,-0.608122,0.168083,-0.774336,-0.635653,1.267044,1.378582
42,1869870193,0.006534,-0.592970,0.137711,-0.793337,-1.624673,-0.516651,0.611670
43,1869903527,0.043748,-0.573878,0.118432,-0.809153,-2.580753,-1.612084,0.185656
44,1869936861,0.058638,-0.553589,0.121864,-0.821739,-3.923284,-1.909879,0.312943
45,1869970195,0.053943,-0.533682,0.146657,-0.831125,-4.673254,-1.135427,0.243150
46,1870003529,0.037691,-0.515453,0.184480,-0.835978,-4.643114,-0.518249,-0.192429
47,1870036863,0.019055,-0.500713,0.226833,-0.835149,-3.843579,0.154304,-1.257493
48,1870070197,0.006411,-0.492466,0.263727,-0.829390,-2.388025,0.147368,-1.691010
49,1870103531,0.004280,-0.491538,0.285495,-0.822721,-1.227917,-0.163149,-1.852603
50,1870136865,0.013157,-0.497047,0.286196,-0.819065,-1.520254,-0.081496,-2.048616
51,1870170199,0.029192,-0.508207,0.266262,-0.818525,-2.304822,-0.043143,-2.081190
52,1870203533,0.043793,-0.524962,0.232908,-0.817469,-2.766858,-0.174957,-1.415544
53,1870236867,0.048632,-0.547854,0.193587,-0.812416,-2.879389,-0.233145,-0.780535
54,1870270201,0.039469,-0.576344,0.154491,-0.801503,-2.215622,0.192296,0.105905
55,1870303535,0.019928,-0.607540,0.116707,-0.785418,-1.063363,0.605366,0.988443
56,1870336869,-0.001332,-0.637757,0.079110,-0.766165,0.283807,1.398275,1.928559
57,1870370203,-0.013478,-0.663176,0.039485,-0.747302,2.597726,1.950079,2.711032
58,1870403537,-0.012763,-0.680703,0.003504,-0.732443,3.811126,0.888891,2.474236
59,1870436871,-0.009654,-0.688795,-0.013514,-0.724769,2.982636,-0.358937,1.607236
60,1870470205,-0.010304,-0.689110,-0.009928,-0.724518,0.835268,0.486043,0.533504
61,1870503539,-0.013695,-0.682974,0.004550,-0.730303,0.056817,1.566214,-0.018367
62,1870536873,-0.019137,-0.672415,0.024158,-0.739535,0.523878,1.687784,-0.366980
63,1870570207,-0.028876,-0.658981,0.051659,-0.749831,1.370972,1.531046,-0.138725
64,1870603541,-0.039882,-0.644060,0.083688,-0.759340,1.549706,1.678585,-0.255891
65,1870636875,-0.051361,-0.629666,0.116807,-0.766318,0.794439,1.558646,-0.690756
66,1870670209,-0.061105,-0.618935,0.146404,-0.769257,0.070180,1.711023,-0.719163
67,1870703543,-0.064259,-0.614765,0.163083,-0.768988,0.168261,2.059451,0.386008
68,1870736877,-0.058401,-0.616692,0.161965,-0.768148,0.500270,1.893740,0.999116
69,1870770211,-0.044139,-0.621486,0.147200,-0.768207,0.373034,1.349954,0.557646
70,1870803545,-0.023055,-0.626067,0.127134,-0.768992,-0.000698,0.653285,0.012139
71,1870836879,0.002719,-0.629102,0.108211,-0.769752,-0.357544,0.100144,0.001063
72,1870870213,0.031272,-0.630197,0.092757,-0.770243,-0.475298,-0.328233,0.534047
73,1870903547,0.058792,-0.628820,0.082029,-0.770976,-0.625234,-0.715121,0.895083
74,1870936881,0.082201,-0.625526,0.077591,-0.771975,-0.714674,-1.163976,0.840963
75,1870970215,0.100165,-0.621643,0.078934,-0.772852,-0.665629,-1.531779,0.668835
76,1871003549,0.112812,-0.618142,0.084440,-0.773335,-0.391650,-1.422960,-0.049413
77,1871036883,0.121384,-0.615906,0.089876,-0.773209,-0.126214,-1.206555,-0.592010
78,1871070217,0.125889,-0.615311,0.092743,-0.772624,-0.106087,-0.947278,-0.797614
79,1871103551,0.126132,-0.616544,0.090624,-0.771852,-0.134624,-0.606124,-0.619345
80,1871136885,0.123382,-0.619197,0.081322,-0.771209,-0.120294,-0.409290,-0.240338
81,1871170219,0.118110,-0.622462,0.066118,-0.770859,-0.178132,-0.452164,0.027408
82,1871203553,0.109209,-0.625632,0.050230,-0.770804,-0.306623,-0.413880,0.286696
83,1871236887,0.096510,-0.628283,0.038441,-0.771021,-0.477772,-0.240999,0.463511
84,1871270221,0.081635,-0.630016,0.031894,-0.771624,-0.432815,0.117254,0.416516
85,1871303555,0.065622,-0.630717,0.030792,-0.772622,-0.343489,0.378515,0.304006
86,1871336889,0.048708,-0.630342,0.035260,-0.773988,-0.343966,0.720867,0.139560
87,1871370223,0.031681,-0.628908,0.043783,-0.775602,-0.307827,1.101141,-0.150640
88,1871403557,0.016152,-0.626904,0.053216,-0.777112,-0.224572,1.390967,-0.165540
89,1871436891,0.003120,-0.624687,0.061349,-0.778458,-0.207255,1.531393,-0.115583
90,1871470225,-0.006997,-0.622571,0.067712,-0.779599,-0.282589,1.556225,-0.090156
91,1871503559,-0.014630,-0.620796,0.073738,-0.780362,-0.420114,1.429740,0.085400
92,1871536893,-0.020116,-0.619463,0.081107,-0.780568,-0.400631,1.336272,0.283231
93,1871570227,-0.022893,-0.618832,0.089482,-0.780077,-0.279745,1.232474,0.534180
94,1871603561,-0.022135,-0.618989,0.097464,-0.779017,0.029248,1.153039,0.496025
95,1871636895,-0.014840,-0.619518,0.097182,-0.778805,0.914988,-0.681559,0.851495
96,1871670229,-0.004643,-0.618628,0.091640,-0.780311,3.118126,-0.293254,1.339301
97,1871703563,0.009361,-0.616960,0.077135,-0.783152,2.530451,-2.297734,0.489628
98,1871736897,0.018801,-0.614863,0.064984,-0.785730,0.843075,-1.367590,-0.468915
99,1871770231,0.022094,-0.613135,0.057204,-0.787597,-0.013340,-0.077077,-0.243443
100,1871803565,0.022058,-0.611319,0.050435,-0.789470,-0.623075,0.182341,0.084621
101,1871836899,0.016979,-0.608334,0.048692,-0.792007,-1.017960,0.599877,0.265825
102,1871870233,0.006947,-0.603471,0.056447,-0.795357,-1.340352,0.685739,0.050857
103,1871903567,-0.004850,-0.597151,0.073329,-0.798758,-1.419436,0.714960,-0.101877
104,1871936901,-0.014349,-0.590588,0.095002,-0.801236,-1.228953,0.970204,-0.225205
105,1871970235,-0.015602,-0.585645,0.110544,-0.802845,-0.731278,1.326137,-0.065782
106,1872003569,-0.006881,-0.584127,0.114442,-0.803527,-0.781646,0.320842,-0.085406
107,1872036903,0.005639,-0.585650,0.112280,-0.802733,-0.256178,0.035471,0.034687
108,1872070237,0.020370,-0.589336,0.101059,-0.801286,0.251474,-0.238718,0.308482
109,1872103571,0.033620,-0.592434,0.085974,-0.800315,0.550328,-1.861321,0.124629
110,1872136905,0.032501,-0.592432,0.089638,-0.799961,1.434768,-1.322192,0.602139
111,1872170239,0.020897,-0.589959,0.106784,-0.800071,0.905613,-0.398472,0.236401
112,1872203573,0.006627,-0.587122,0.124889,-0.799782,0.209178,0.330703,-0.260019
113,1872236907,-0.003393,-0.586073,0.133391,-0.799199,0.131751,0.763592,-0.277706
114,1872270241,-0.006823,-0.588049,0.129161,-0.798420,-0.102442,0.724720,-0.715796
115,1872303575,-0.007294,-0.593301,0.118713,-0.796148,-0.360680,0.658587,-1.107928
116,1872336909,-0.006903,-0.601431,0.105079,-0.791957,-0.214555,1.175020,-0.829265
117,1872370243,-0.004504,-0.610994,0.087039,-0.786825,0.358252,1.340085,-0.215699
118,1872403577,0.003977,-0.618629,0.061830,-0.783239,1.528264,1.388260,1.200840
119,1872436911,0.019071,-0.620524,0.036748,-0.783097,0.953195,0.586175,1.778838
120,1872470245,0.036403,-0.613341,0.026644,-0.788532,2.321415,0.652157,2.936985
121,1872503579,0.056106,-0.596340,0.036744,-0.799928,1.591164,-0.258047,3.371397
122,1872536913,0.074265,-0.567808,0.067908,-0.816989,2.144467,-0.944160,4.528978
123,1872570247,0.088560,-0.528456,0.111577,-0.836926,2.220660,-0.605444,4.990576
124,1872603581,0.103424,-0.479013,0.148845,-0.858894,2.606964,-0.537628,5.335416
125,1872636915,0.123505,-0.418838,0.167034,-0.883983,1.395267,-0.616202,5.039635
126,1872670249,0.145348,-0.347235,0.170177,-0.910684,-0.422076,-0.641667,4.852358
127,1872703583,0.163256,-0.262002,0.164189,-0.936882,-3.065606,-1.195764,4.943045
128,1872736917,0.169703,-0.165758,0.181989,-0.954259,-5.802956,-3.263607,2.548098
129,1872770251,0.173753,-0.060363,0.248490,-0.951012,-6.197525,-0.126981,-0.102002
130,1872803585,0.192012,0.049915,0.322127,-0.925677,-5.288102,2.668126,-0.585086
131,1872836919,0.226223,0.155890,0.369734,-0.887594,-4.634788,2.456056,-1.133342
132,1872870253,0.269067,0.252583,0.381428,-0.847539,-3.625852,3.125071,-2.544764
133,1872903587,0.310558,0.340453,0.355905,-0.813008,-2.347218,2.290284,-3.655141
134,1872936921,0.349586,0.414791,0.313217,-0.779511,2.190949,2.217952,-4.441391
135,1872970255,0.401156,0.466548,0.283302,-0.735630,-0.298640,1.429551,-3.719221
136,1873003589,0.461313,0.495374,0.264261,-0.686997,0.683238,1.891942,-3.204865
137,1873036923,0.520753,0.508020,0.245280,-0.640760,1.320922,1.975779,-4.105674
138,1873070257,0.581361,0.505422,0.231105,-0.594275,1.930450,1.048822,-3.326656
139,1873103591,0.643715,0.486039,0.225393,-0.546443,0.897207,0.172291,-3.380311
140,1873136925,0.695251,0.464234,0.219032,-0.503132,0.397843,-1.248642,-3.265343
141,1873170259,0.730522,0.451408,0.209138,-0.467796,1.285868,-1.822546,-1.819159
142,1873203593,0.752939,0.447861,0.198384,-0.439491,1.268617,-1.623989,-1.181172
143,1873236927,0.766008,0.451155,0.187915,-0.417591,1.409922,-0.765705,-0.764162
144,1873270261,0.773145,0.456693,0.177762,-0.402596,0.991856,-0.556858,-0.739219
145,1873303595,0.767484,0.474430,0.163117,-0.399101,1.249439,-0.733233,-0.107248
146,1873336929,0.759822,0.492216,0.149827,-0.397428,1.670899,0.218013,0.710770
147,1873370263,0.760014,0.499088,0.140782,-0.391758,-0.744508,0.429429,-1.163655
148,1873403597,0.757947,0.509264,0.128284,-0.386928,-0.316474,-0.009682,-1.020926
149,1873436931,0.747309,0.529819,0.109703,-0.385734,0.599290,0.265953,-0.489281
150,1873470265,0.727328,0.560045,0.085179,-0.387417,-1.214807,0.037302,-2.628603
151,1873503599,0.689836,0.604839,0.054512,-0.394118,2.028498,0.087242,0.358005
152,1873536933,0.664120,0.632189,0.035174,-0.397553,2.300340,0.564662,0.875944
153,1873570267,0.662006,0.634155,0.032433,-0.398181,2.090096,0.225580,0.782889
154,1873603601,0.673754,0.622036,0.040210,-0.396880,0.711471,0.416830,-0.274572
155,1873636935,0.682471,0.611883,0.045470,-0.397202,-0.457898,0.573950,-1.027612
156,1873670269,0.683180,0.609265,0.044085,-0.400152,0.072125,0.621900,-0.462981
157,1873703603,0.681530,0.608702,0.041321,-0.404099,0.872889,0.212948,0.397724
158,1873736937,0.680718,0.606608,0.041050,-0.408617,0.975894,0.044777,0.349964
159,1873770271,0.681989,0.601805,0.044083,-0.413258,0.908167,0.349088,0.202612
160,1873803605,0.685360,0.594800,0.049170,-0.417229,0.413342,0.131152,-0.398896
161,1873836939,0.686048,0.590432,0.053130,-0.421793,0.185503,-0.286918,-0.765709
162,1873870273,0.682547,0.589975,0.055919,-0.427710,0.470986,-0.477926,-0.925054
163,1873903607,0.676699,0.590395,0.059110,-0.435915,0.691062,0.502856,-0.406375
164,1873936941,0.672612,0.587294,0.063141,-0.445754,1.399324,1.677413,-0.696264
165,1873970275,0.675813,0.574941,0.075955,-0.454923,2.787853,1.032005,-0.657569
166,1874003609,0.682264,0.556620,0.105887,-0.462041,2.637240,-0.882229,-1.565627
167,1874036943,0.687962,0.530352,0.152630,-0.471320,1.158806,-1.333732,-1.791459
168,1874070277,0.682409,0.500661,0.200392,-0.493461,1.205667,-0.991845,-1.962964
169,1874103611,0.662885,0.469208,0.240789,-0.531463,1.442878,0.531326,-3.159406
170,1874136945,0.633414,0.431834,0.273686,-0.580866,0.973814,0.943649,-4.034406
171,1874170279,0.596971,0.385912,0.303710,-0.634399,1.210297,1.116929,-3.697720
172,1874203613,0.554484,0.328400,0.329877,-0.689845,-0.328224,-0.229899,-3.390074
173,1874236947,0.506744,0.256796,0.349556,-0.745038,-1.416283,-0.282204,-2.598706
174,1874270281,0.461076,0.173177,0.367867,-0.788731,-0.927047,0.909741,-3.646715
175,1874303615,0.416264,0.080435,0.400308,-0.812411,-1.818127,1.149062,-4.311697
176,1874336949,0.368385,-0.009917,0.413614,-0.832539,-4.406438,0.364408,-0.073612
177,1874370283,0.326211,-0.092837,0.400728,-0.851111,-4.362223,0.042453,1.973702
178,1874403617,0.293666,-0.169737,0.370316,-0.864766,-3.301809,-0.293518,4.323259
179,1874436951,0.270781,-0.240089,0.339648,-0.868147,-2.144807,-0.058849,3.365256
180,1874470285,0.254141,-0.306708,0.316296,-0.860990,-1.741082,-0.242293,0.931267
181,1874503619,0.238735,-0.368089,0.301587,-0.846502,-0.890778,0.425136,4.883964
182,1874536953,0.227439,-0.417358,0.280830,-0.833800,0.105439,0.466448,6.846174
183,1874570287,0.221327,-0.455371,0.254764,-0.823864,0.890024,-0.917205,3.456038
184,1874603621,0.214615,-0.484804,0.238957,-0.813517,0.328774,-0.428623,3.165923
185,1874636955,0.208776,-0.508725,0.231680,-0.802459,-0.021861,-0.414411,1.626963
186,1874670289,0.204632,-0.529602,0.228917,-0.790727,0.148909,-0.481572,1.378589
187,1874703623,0.203535,-0.546756,0.224614,-0.780503,0.513635,-1.034489,0.754855
188,1874736957,0.189625,-0.558068,0.243527,-0.770261,3.902631,-0.936820,1.105352
189,1874770291,0.174693,-0.562398,0.261587,-0.764701,3.279915,1.037578,2.185332
190,1874803625,0.163512,-0.564551,0.270748,-0.762394,-0.146046,1.100252,0.394096
191,1874836959,0.157980,-0.568326,0.275098,-0.759192,-0.279916,0.997187,1.154207
192,1874870293,0.161366,-0.572711,0.272234,-0.756212,-0.353103,0.037902,0.502545
193,1874903627,0.165187,-0.576417,0.269825,-0.753429,0.246864,-0.276008,0.032017
194,1874936961,0.168196,-0.577951,0.266284,-0.752848,0.243170,0.053938,-0.385099
195,1874970295,0.171987,-0.577807,0.258678,-0.754752,-0.249974,0.543838,-0.557250
196,1875003629,0.177643,-0.577033,0.246285,-0.758172,-0.360543,0.547149,-0.300226
197,1875036963,0.185586,-0.575886,0.231377,-0.761828,-0.289950,0.306519,-0.151441
198,1875070297,0.193654,-0.574235,0.218390,-0.764894,-0.100044,0.058131,0.372827
199,1875103631,0.199319,-0.572093,0.210225,-0.767327,0.106709,0.087653,0.326511
200,1875136965,0.203328,-0.570006,0.206571,-0.768819,-0.097909,0.230330,0.177032
201,1875170299,0.205555,-0.567973,0.207440,-0.769498,0.126641,0.439930,0.217238
202,1875203633,0.210094,-0.565414,0.208399,-0.769897,-0.112777,0.920347,0.940339
203,1875236967,0.220798,-0.562089,0.205221,-0.770190,-0.184655,0.830279,0.711478
204,1875270301,0.232809,-0.558737,0.202963,-0.769690,-0.100970,0.150881,0.435939
205,1875303635,0.238967,-0.555729,0.207494,-0.768772,0.518065,-1.183410,-0.695380
206,1875336969,0.238938,-0.553120,0.219700,-0.767270,0.252838,-0.476580,-0.238910
207,1875370303,0.238456,-0.549972,0.234020,-0.765447,0.183341,1.770409,1.260632
208,1875403637,0.244490,-0.545790,0.239107,-0.764964,-0.405741,0.681136,-0.019338
209,1875436971,0.246326,-0.542946,0.249988,-0.762918,-0.237522,-0.419855,-0.310474
210,1875470305,0.245410,-0.540458,0.263561,-0.760408,0.162919,0.256345,0.697761
211,1875503639,0.246956,-0.537004,0.271357,-0.759611,-0.147954,-0.639614,-0.272476
212,1875536973,0.244910,-0.534563,0.283409,-0.757591,-0.134258,-0.239919,-0.016408
213,1875570307,0.242357,-0.532969,0.293390,-0.755734,0.306323,-0.030990,0.194092
214,1875603641,0.240577,-0.532218,0.298914,-0.754667,-0.134626,-0.603115,-0.424694
215,1875636975,0.237205,-0.532307,0.305449,-0.753053,0.164001,-0.200585,0.231156
216,1875670309,0.234701,-0.531752,0.309958,-0.752387,0.271273,-0.013437,0.327048
217,1875703643,0.231063,-0.530749,0.316728,-0.751401,0.068863,0.005201,0.441637
218,1875736977,0.228817,-0.528914,0.322855,-0.750774,0.236013,-0.138987,0.078483
219,1875770311,0.230655,-0.526328,0.324939,-0.751130,-0.409292,-0.473230,-1.277958
220,1875803645,0.230288,-0.524749,0.330304,-0.750007,0.091354,0.692243,-0.793451
221,1875836979,0.231919,-0.523672,0.332292,-0.749378,0.391578,1.205604,-0.494087
222,1875870313,0.234277,-0.522963,0.332196,-0.749182,0.174921,0.476329,-0.526856
223,1875903647,0.233445,-0.522465,0.335617,-0.748264,-0.097503,-0.047187,-0.383709
224,1875936981,0.228921,-0.521708,0.345357,-0.745754,-0.206950,-0.987862,0.277758
225,1875970315,0.221812,-0.520042,0.357648,-0.743269,-0.214727,-0.814256,0.983420
226,1876003649,0.217260,-0.517034,0.363791,-0.743730,-0.175467,-0.233385,0.662193
227,1876036983,0.212757,-0.514362,0.369263,-0.744188,-0.233991,-0.531313,0.269696
228,1876070317,0.207555,-0.511988,0.373898,-0.744979,0.078114,0.033540,0.172291
229,1876103651,0.208835,-0.509981,0.365196,-0.750295,0.548771,1.028808,0.875375
230,1876136985,0.207449,-0.509483,0.359572,-0.753727,-0.063761,0.287418,-0.219547
231,1876170319,0.205308,-0.509340,0.359198,-0.754588,0.296068,1.506646,1.040800
232,1876203653,0.209203,-0.506884,0.355643,-0.756852,0.459103,1.856899,1.220431
233,1876236987,0.216156,-0.502830,0.354376,-0.758196,0.166759,1.274190,0.432578
234,1876270321,0.227003,-0.498100,0.353244,-0.758676,0.001030,1.344521,0.958920
235,1876303655,0.241017,-0.493305,0.349426,-0.759254,-0.291162,-0.347211,-0.160239
236,1876336989,0.252193,-0.489823,0.347540,-0.758744,-0.219399,-0.956800,-0.519800
237,1876370323,0.261684,-0.486812,0.342999,-0.759534,0.115185,-1.530377,-0.325746
238,1876403657,0.266707,-0.485250,0.339078,-0.760546,-0.049262,-0.932456,-0.442642
239,1876436991,0.270107,-0.484929,0.332469,-0.762466,0.006198,0.056831,0.199411
240,1876470325,0.274827,-0.485348,0.321650,-0.765150,-0.153639,0.227199,-0.365675
241,1876503659,0.277675,-0.487685,0.314828,-0.765472,-0.099104,0.554487,-0.778839
242,1876536993,0.279482,-0.491000,0.312280,-0.763737,0.174033,1.311271,0.182140
243,1876570327,0.285326,-0.492129,0.306991,-0.762993,0.059439,1.312361,0.920740
244,1876603661,0.296351,-0.491148,0.293993,-0.764540,-0.780786,1.286348,-0.199189
245,1876636995,0.312433,-0.490092,0.268536,-0.768172,-1.187040,0.546682,-1.463634
246,1876670329,0.321500,-0.493275,0.257853,-0.766051,0.226538,-2.291332,-0.788617
247,1876703663,0.324539,-0.496776,0.259400,-0.761974,0.280090,0.018775,1.233447
248,1876736997,0.330434,-0.497287,0.255410,-0.760453,-0.165398,0.752049,0.464472
249,1876770331,0.339167,-0.496161,0.247167,-0.760068,0.177186,0.613519,0.349340
250,1876803665,0.350824,-0.492842,0.234088,-0.761076,0.457587,0.634116,0.490943
251,1876836999,0.365132,-0.486936,0.216184,-0.763440,0.820278,-0.301389,0.300930
252,1876870333,0.378314,-0.480109,0.198252,-0.766208,0.473376,-0.754266,0.128450
253,1876903667,0.390389,-0.472579,0.179784,-0.769381,0.059659,-0.407841,0.037039
254,1876937001,0.400646,-0.466265,0.163273,-0.771638,0.086823,-0.798227,-0.297336
255,1876970335,0.408554,-0.461864,0.151239,-0.772591,-0.523993,0.150998,0.395737
256,1877003669,0.416658,-0.458182,0.138430,-0.772856,-0.568657,-0.919782,-0.367665
257,1877037003,0.421885,-0.457580,0.130521,-0.771753,-0.375417,-0.838490,0.075392
258,1877070337,0.426497,-0.457267,0.122027,-0.770792,-0.325511,-0.493493,0.138988
259,1877103671,0.428518,-0.458888,0.117922,-0.769346,-0.471992,-0.213298,0.010394
260,1877137005,0.429842,-0.461502,0.115908,-0.767347,-0.377210,0.003555,0.043333
261,1877170339,0.431211,-0.463910,0.114170,-0.765385,-0.043110,0.055400,0.260610
262,1877203673,0.432922,-0.464894,0.111718,-0.764183,0.114330,0.106723,0.262402
263,1877237007,0.434190,-0.465003,0.110023,-0.763643,0.014965,-0.004148,0.172328
264,1877270341,0.434911,-0.464469,0.109328,-0.763657,-0.349305,-0.096628,0.145239
265,1877303675,0.435630,-0.462870,0.107958,-0.764413,-0.204248,-0.256810,-0.063985
266,1877337009,0.435036,-0.461696,0.108220,-0.765424,-0.238879,-0.227182,-0.135378
267,1877370343,0.432813,-0.461737,0.111420,-0.766200,-0.193959,-0.025668,0.099359
268,1877403677,0.430900,-0.461683,0.114251,-0.766893,-0.265464,-0.231158,-0.003725
269,1877437011,0.428315,-0.462941,0.119171,-0.766834,-0.173151,-0.343079,-0.010467
270,1877470345,0.424613,-0.466561,0.126889,-0.765460,-0.296989,-0.234405,0.255345
271,1877503679,0.420287,-0.471133,0.135695,-0.763534,-0.264956,-0.269835,0.038842
272,1877537013,0.415085,-0.476110,0.146196,-0.761351,0.019133,-0.246902,-0.348472
273,1877570347,0.409442,-0.480575,0.157070,-0.759433,0.164419,0.079007,-0.069714
274,1877603681,0.405117,-0.483074,0.165165,-0.758449,0.227847,0.238473,0.083863
275,1877637015,0.401957,-0.484108,0.171262,-0.758119,0.136866,0.143993,0.041853
276,1877670349,0.399204,-0.484581,0.176696,-0.758023,0.014883,-0.080568,0.124893
277,1877703683,0.397007,-0.484542,0.180843,-0.758225,-0.121791,-0.244830,0.392489
278,1877737017,0.394923,-0.484290,0.184616,-0.758564,-0.148911,-0.217602,0.124852
279,1877770351,0.393798,-0.483361,0.185407,-0.759548,-0.070432,-0.214801,0.133489
280,1877803685,0.392823,-0.481796,0.184062,-0.761372,0.130445,-0.084560,0.081592
281,1877837019,0.392546,-0.479215,0.180418,-0.764012,0.193282,0.113849,0.230618
282,1877870353,0.393757,-0.475555,0.174153,-0.767123,0.131770,0.348738,0.403797
283,1877903687,0.397635,-0.470010,0.163202,-0.770939,0.092048,0.233364,0.388922
284,1877937021,0.401962,-0.464495,0.152285,-0.774264,0.000798,0.004494,0.085448
285,1877970355,0.405649,-0.460326,0.143795,-0.776451,-0.035028,-0.090544,-0.132395
286,1878003689,0.408482,-0.457401,0.137522,-0.777829,0.016532,-0.053431,-0.176040
287,1878037023,0.410652,-0.455322,0.133171,-0.778664,0.109539,-0.045045,-0.153688
288,1878070357,0.411653,-0.454562,0.131531,-0.778857,-0.011649,-0.023444,-0.222397
289,1878103691,0.412109,-0.454588,0.131356,-0.778631,0.056839,0.020591,-0.196664
290,1878137025,0.412016,-0.455552,0.133083,-0.777823,0.012695,-0.001310,0.014360
291,1878170359,0.412273,-0.456567,0.135233,-0.776720,-0.025561,0.049241,0.067187
292,1878203693,0.413046,-0.457349,0.136687,-0.775594,0.152390,-0.219052,-0.212274
293,1878237027,0.413082,-0.459038,0.140218,-0.773945,0.030355,0.050172,0.015596
294,1878270361,0.413640,-0.460671,0.143421,-0.772087,0.177834,0.060599,-0.104344
295,1878303695,0.414780,-0.462010,0.145748,-0.770237,0.168012,0.184032,0.094500
296,1878337029,0.417094,-0.462012,0.145151,-0.769099,0.217734,-0.035736,0.140184
297,1878370363,0.419402,-0.460834,0.143229,-0.768911,0.034478,0.004099,0.230949
298,1878403697,0.421771,-0.458467,0.140477,-0.769537,-0.235339,-0.021260,0.120716
299,1878437031,0.423810,-0.455955,0.138162,-0.770328,-0.278626,-0.325986,-0.201396
300,1878470365,0.424497,-0.454760,0.137839,-0.770714,-0.327821,-0.615588,-0.493488
301,1878503699,0.422172,-0.456234,0.141060,-0.770537,-0.247186,-0.818510,-0.947736
302,1878537033,0.415439,-0.462657,0.150770,-0.768526,-0.513071,-0.894755,-1.190740
303,1878570367,0.407104,-0.471529,0.163429,-0.764998,-0.657366,0.304190,1.230849
304,1878603701,0.402584,-0.477894,0.170472,-0.761897,-0.280862,0.308559,1.757906
305,1878637035,0.401303,-0.480461,0.172773,-0.760438,0.134960,0.077176,1.412337
306,1878670369,0.401441,-0.480205,0.171690,-0.760773,0.136071,-0.126449,0.311387
307,1878703703,0.401628,-0.479611,0.170371,-0.761346,-0.139310,-0.091955,-0.349222
308,1878737037,0.401406,-0.479782,0.170441,-0.761338,-0.193314,-0.075346,-0.396259
309,1878770371,0.400690,-0.480305,0.171734,-0.761096,-0.122771,-0.090837,0.020415
310,1878803705,0.399567,-0.480408,0.173238,-0.761280,-0.156847,-0.130876,0.350398
311,1878837039,0.398238,-0.479940,0.174518,-0.761979,-0.168976,-0.292659,0.089653
312,1878870373,0.396211,-0.479784,0.176470,-0.762684,-0.221791,-0.229946,0.042866
313,1878903707,0.393912,-0.480041,0.178678,-0.763198,-0.054120,-0.134792,0.050485
314,1878937041,0.391664,-0.480460,0.180884,-0.763573,0.089029,-0.076676,0.004001
315,1878970375,0.389801,-0.480851,0.182798,-0.763824,0.083492,-0.036200,0.068241
316,1879003709,0.388640,-0.481075,0.183870,-0.764017,0.048366,-0.100450,0.096931
317,1879037043,0.387691,-0.481406,0.184521,-0.764134,-0.053965,-0.189714,0.088928
318,1879070377,0.386487,-0.482148,0.185148,-0.764124,-0.100277,-0.151796,0.119594
319,1879103711,0.385079,-0.483180,0.185710,-0.764046,-0.063785,-0.117058,0.211932
320,1879137045,0.383550,-0.484208,0.186225,-0.764040,0.008586,-0.082157,0.094393
321,1879170379,0.381741,-0.485259,0.187003,-0.764089,0.065788,-0.011361,0.018041
322,1879203713,0.379954,-0.486077,0.187933,-0.764232,0.087682,0.147186,0.241872
323,1879237047,0.378920,-0.485959,0.188078,-0.764784,0.122224,0.085638,0.231131
324,1879270381,0.378240,-0.485183,0.187880,-0.765661,0.022499,-0.045022,0.059291
325,1879303715,0.377471,-0.484301,0.187799,-0.766618,-0.070050,-0.115699,0.009565
326,1879337049,0.376082,-0.483779,0.188607,-0.767432,-0.106200,-0.097431,0.040639
327,1879370383,0.374248,-0.483603,0.190016,-0.768091,-0.054784,-0.079031,0.082249
328,1879403717,0.372096,-0.483808,0.191783,-0.768569,0.060886,-0.106203,0.096247
329,1879437051,0.370023,-0.484198,0.193364,-0.768928,0.130141,-0.060022,0.117034
330,1879470385,0.368152,-0.484783,0.194604,-0.769145,0.192223,0.021253,0.112499
331,1879503719,0.366968,-0.485466,0.195208,-0.769127,0.223988,0.048991,0.146869
332,1879537053,0.366658,-0.485921,0.194901,-0.769065,0.250299,0.071370,0.161348
333,1879570387,0.367007,-0.486115,0.193653,-0.769091,0.173520,0.050931,0.057008
334,1879603721,0.367691,-0.486175,0.192212,-0.769088,0.060441,0.009490,-0.004468
335,1879637055,0.368632,-0.486104,0.190652,-0.769071,-0.068325,-0.073517,0.189509
336,1879670389,0.369554,-0.485946,0.189110,-0.769108,-0.096421,-0.276803,0.093477
337,1879703723,0.369838,-0.485972,0.188219,-0.769174,-0.132467,-0.207025,0.029963
338,1879737057,0.369699,-0.486135,0.187918,-0.769212,-0.073227,-0.080239,0.079593
339,1879770391,0.369506,-0.486108,0.187734,-0.769366,-0.006480,-0.070384,0.130893
340,1879803725,0.369078,-0.485921,0.187732,-0.769690,-0.009360,-0.022259,0.095687
341,1879837059,0.368617,-0.485613,0.187880,-0.770069,-0.007213,-0.001990,0.098063
342,1879870393,0.368187,-0.485231,0.188105,-0.770461,0.026403,-0.007864,0.108507
343,1879903727,0.367602,-0.485090,0.188946,-0.770623,-0.011356,-0.000314,0.036828
344,1879937061,0.366880,-0.485301,0.190452,-0.770463,0.052933,0.028580,0.130363
345,1879970395,0.366819,-0.485381,0.190948,-0.770319,0.073017,-0.000670,0.150511
346,1880003729,0.367446,-0.485189,0.190390,-0.770280,0.104523,-0.075763,0.051750
347,1880037063,0.368338,-0.485014,0.189430,-0.770201,-0.009274,-0.031284,0.011517
348,1880070397,0.369295,-0.485123,0.188337,-0.769942,-0.091625,-0.099994,0.006989
349,1880103731,0.370109,-0.485544,0.187489,-0.769492,-0.053603,-0.130271,0.070178
350,1880137065,0.370714,-0.486037,0.186678,-0.769087,-0.042810,-0.094301,0.020129
351,1880170399,0.370940,-0.486703,0.186026,-0.768715,-0.108702,-0.091528,-0.025879
352,1880203733,0.370768,-0.487660,0.185775,-0.768252,-0.166084,-0.152496,0.023710
353,1880237067,0.370035,-0.488878,0.186109,-0.767750,-0.165616,-0.163819,0.085702
354,1880270401,0.369031,-0.490081,0.186678,-0.767328,-0.134457,-0.093411,0.287162
355,1880303735,0.368151,-0.490950,0.187116,-0.767088,-0.023672,-0.128794,0.124928
356,1880337069,0.367149,-0.491674,0.187761,-0.766947,0.010006,-0.045908,0.001058
357,1880370403,0.366424,-0.492144,0.188280,-0.766866,-0.007853,0.055145,0.092031
358,1880403737,0.365943,-0.492229,0.188921,-0.766883,0.055734,0.032719,0.133801
359,1880437071,0.365184,-0.492005,0.190022,-0.767117,-0.061769,-0.052935,-0.060539
360,1880470405,0.363795,-0.492061,0.192393,-0.767150,-0.059944,0.006278,-0.089349
361,1880503739,0.362116,-0.492486,0.195767,-0.766817,0.009071,0.035645,-0.063342
362,1880537073,0.360236,-0.493421,0.199852,-0.766047,0.122944,0.022471,-0.005060
363,1880570407,0.358154,-0.495143,0.204055,-0.764804,0.106876,0.023424,0.317235
364,1880603741,0.356844,-0.497208,0.207123,-0.763250,0.230896,0.072274,0.462902
365,1880637075,0.356994,-0.499281,0.208402,-0.761476,0.289395,-0.081798,0.350233
366,1880670409,0.358303,-0.501298,0.208073,-0.759624,0.214901,-0.135714,0.281507
367,1880703743,0.360042,-0.503345,0.206802,-0.757793,-0.092020,-0.356148,0.256602
368,1880737077,0.360868,-0.506091,0.206246,-0.755720,-0.264874,-0.450293,0.179521
369,1880770411,0.361335,-0.509642,0.206348,-0.753078,0.023075,-0.410695,0.244816
370,1880803745,0.362360,-0.513192,0.205567,-0.750384,0.349753,-0.228042,0.381991
371,1880837079,0.364358,-0.515534,0.202628,-0.748608,0.533894,0.123730,0.378644
372,1880870413,0.367867,-0.516084,0.196862,-0.748051,0.562129,0.201042,0.191683
373,1880903747,0.371772,-0.515299,0.190520,-0.748304,0.337974,-0.122950,0.130644
374,1880937081,0.374694,-0.514349,0.185499,-0.748761,-0.069520,-0.268060,0.336561
375,1880970415,0.378700,-0.512820,0.178494,-0.749498,0.021832,-0.513799,0.255620
376,1881003749,0.382535,-0.511424,0.170728,-0.750312,-0.184624,-0.777611,-0.047839
377,1881037083,0.384840,-0.511005,0.163793,-0.750964,-0.460385,-0.631348,-0.335888
378,1881070417,0.385826,-0.511705,0.157440,-0.751341,-0.647884,-0.308342,-0.426938
379,1881103751,0.386278,-0.513161,0.151271,-0.751383,-0.582294,-0.850886,-0.996845
380,1881137085,0.380194,-0.517996,0.153009,-0.750816,-0.555626,-1.282413,-1.215062
381,1881170419,0.369466,-0.525512,0.156996,-0.750126,-0.715970,-0.599472,-0.719062
382,1881203753,0.356481,-0.534008,0.159833,-0.749809,-0.550039,-0.842346,-1.251195
383,1881237087,0.332577,-0.547078,0.177224,-0.747458,-0.952307,-1.198569,-1.782420
384,1881270421,0.299538,-0.562100,0.202847,-0.743759,-0.844689,0.532608,-0.358600
385,1881303755,0.262785,-0.574105,0.227188,-0.741443,0.060190,-0.231905,0.257530
386,1881337089,0.231241,-0.579355,0.232450,-0.746222,0.933504,2.761041,2.908072
387,1881370423,0.227734,-0.577498,0.190834,-0.760407,-1.142088,2.933065,1.232718
388,1881403757,0.235927,-0.577444,0.137736,-0.769370,-2.676329,0.641225,0.031471
389,1881437091,0.233230,-0.586066,0.118066,-0.766939,-3.200584,-3.162079,-1.167642
390,1881470425,0.193782,-0.603425,0.172125,-0.754125,-1.869483,0.673913,1.225784
391,1881503759,0.147463,-0.617402,0.237311,-0.735362,-0.875433,1.032652,0.339209
392,1881537093,0.099758,-0.624227,0.299290,-0.714715,0.579897,-0.340561,0.058204
393,1881570427,0.050987,-0.624389,0.360404,-0.691123,-0.525812,0.363130,0.232134
394,1881603761,-0.001586,-0.619327,0.422152,-0.661984,-0.666764,1.032227,0.250928
395,1881637095,-0.058829,-0.609571,0.481077,-0.627321,0.550553,0.607496,0.650570
396,1881670429,-0.114982,-0.597767,0.531222,-0.589289,1.501417,-0.506120,-0.029234
397,1881703763,-0.154402,-0.590448,0.559524,-0.560774,3.291265,0.195745,0.940797
398,1881737097,-0.174841,-0.591947,0.565018,-0.547529,0.972774,0.022960,0.271205
399,1881770431,-0.192530,-0.596127,0.568745,-0.533008,-0.017156,0.822481,0.303596
400,1881803765,-0.213416,-0.596673,0.578580,-0.513502,1.487872,0.307161,0.691027
401,1881837099,-0.236008,-0.593261,0.591515,-0.492398,1.679577,-0.408610,0.456717
402,1881870433,-0.253081,-0.590575,0.601242,-0.475061,1.732411,-0.526387,0.158137
403,1881903767,-0.263884,-0.590910,0.605062,-0.463782,0.724310,-0.238867,0.361991
404,1881937101,-0.271920,-0.595836,0.604589,-0.453338,-0.850577,-1.610959,0.165635
405,1881970435,-0.279020,-0.602252,0.603803,-0.441437,1.189251,-0.594809,1.361449
406,1882003769,-0.287269,-0.608948,0.602563,-0.428463,-0.289031,0.887219,0.922719
407,1882037103,-0.292354,-0.616134,0.600733,-0.417172,0.561470,0.904286,0.303606
408,1882070437,-0.294130,-0.622256,0.598841,-0.409487,0.587286,0.462099,0.034252
409,1882103771,-0.294599,-0.625166,0.598444,-0.405275,1.161612,-0.184902,-0.196463
410,1882137105,-0.294443,-0.625542,0.599625,-0.403057,1.261840,0.500717,-0.108512
411,1882170439,-0.290240,-0.626108,0.599667,-0.405157,0.950010,-0.120856,-0.350871
412,1882203773,-0.285596,-0.626264,0.599411,-0.408581,0.046440,0.019620,-0.026307
413,1882237107,-0.282663,-0.625984,0.600430,-0.409553,0.262994,0.411004,0.311819
414,1882270441,-0.276468,-0.627359,0.600749,-0.411206,0.168445,0.120688,0.840527
415,1882303775,-0.269377,-0.629373,0.601009,-0.412454,0.117636,-0.280415,0.992133
416,1882337109,-0.261627,-0.631836,0.600289,-0.414720,0.452203,-0.860893,0.356544
417,1882370443,-0.254989,-0.633027,0.599477,-0.418198,0.450527,-0.064947,0.283215
418,1882403777,-0.249110,-0.633219,0.599872,-0.420875,0.430080,0.426110,0.158319
419,1882437111,-0.242902,-0.633702,0.599638,-0.424097,0.265743,-0.218973,0.134878
420,1882470445,-0.238546,-0.633238,0.600298,-0.426325,0.291518,0.218190,0.225098
421,1882503779,-0.235134,-0.632851,0.600803,-0.428079,0.223400,-0.050030,0.106079
422,1882537113,-0.232622,-0.632270,0.600880,-0.430198,1.074197,-0.290913,-0.309631
423,1882570447,-0.231434,-0.630803,0.601158,-0.432596,0.180373,0.407365,-0.253363
424,1882603781,-0.229386,-0.631336,0.599241,-0.435559,0.247791,-0.885295,-0.065424
425,1882637115,-0.228397,-0.631598,0.597640,-0.437892,0.259993,0.242631,0.235781
426,1882670449,-0.228171,-0.631238,0.598060,-0.437955,0.793927,0.232629,0.104654
427,1882703783,-0.226301,-0.631366,0.598191,-0.438561,-0.701716,0.155631,-0.058953
428,1882737117,-0.227744,-0.629325,0.602516,-0.434813,-0.249376,0.954828,0.437201
429,1882770451,-0.227258,-0.627242,0.607311,-0.431392,0.846468,-0.160163,-0.474148
430,1882803785,-0.223085,-0.625450,0.609511,-0.433065,0.227029,0.359336,-0.093473
431,1882837119,-0.227396,-0.618295,0.619052,-0.427529,-2.310102,1.390248,1.207264
432,1882870453,-0.248038,-0.603512,0.639973,-0.405818,-0.181904,-0.708669,1.428460
433,1882903787,-0.270348,-0.585564,0.661238,-0.383139,-0.023735,0.372925,1.117268
434,1882937121,-0.286769,-0.570631,0.679859,-0.360471,-0.704144,1.138769,0.175875
435,1882970455,-0.302061,-0.557293,0.696862,-0.335516,-0.211410,0.915651,-0.557663
436,1883003789,-0.318181,-0.542659,0.713058,-0.309570,0.739334,0.487153,-1.036860
437,1883037123,-0.332515,-0.528508,0.726987,-0.285670,0.642561,-0.378110,-1.068866
438,1883070457,-0.344978,-0.515331,0.738600,-0.264384,1.090414,-0.484816,-0.232821
439,1883103791,-0.355985,-0.504280,0.748303,-0.242947,-0.056757,0.516451,0.901507
440,1883137125,-0.365857,-0.494500,0.757134,-0.219932,1.466508,-0.923437,-0.038673
441,1883170459,-0.371708,-0.488292,0.762437,-0.205177,0.169398,-0.567861,-0.383851
442,1883203793,-0.377779,-0.482369,0.766823,-0.191282,0.337454,1.065966,-1.349894
443,1883237127,-0.380484,-0.478679,0.769590,-0.183940,-0.081985,-0.321119,-1.220856
444,1883270461,-0.376919,-0.481897,0.767971,-0.189558,1.355364,0.115638,-2.768744
445,1883303795,-0.371786,-0.481569,0.767412,-0.202358,1.387371,0.966854,0.148192
446,1883337129,-0.371919,-0.468881,0.775579,-0.200768,1.288988,0.935733,1.661597
447,1883370463,-0.369486,-0.458214,0.783470,-0.199245,-0.151473,-0.373226,1.135340
448,1883403797,-0.366660,-0.452734,0.787260,-0.202034,-0.456978,-2.510579,0.683736
449,1883437131,-0.362702,-0.451179,0.788385,-0.208180,-0.175885,-1.032282,1.387297
450,1883470465,-0.359150,-0.451541,0.788692,-0.212349,-0.281897,-0.243866,0.739151
451,1883503799,-0.355359,-0.455109,0.787046,-0.217161,0.510117,-0.134411,0.115088
452,1883537133,-0.352624,-0.458775,0.785134,-0.220796,0.439053,0.554369,0.183259
453,1883570467,-0.350458,-0.461186,0.784125,-0.222798,0.721548,0.457458,0.054134
454,1883603801,-0.349060,-0.461938,0.784066,-0.223639,0.654045,0.002055,0.030407
455,1883637135,-0.348182,-0.461479,0.784453,-0.224598,0.170354,0.286198,0.385251
456,1883670469,-0.346338,-0.461482,0.784633,-0.226804,0.008317,-0.143014,0.276047
457,1883703803,-0.342759,-0.462804,0.783882,-0.232082,0.482186,-0.422901,0.380121
458,1883737137,-0.338724,-0.465086,0.782147,-0.239191,0.145718,-0.279534,0.387703
459,1883770471,-0.335747,-0.466790,0.780916,-0.244039,-0.060168,-0.109788,0.346536
460,1883803805,-0.333114,-0.468721,0.779460,-0.248560,0.810782,-0.275179,0.393873
461,1883837139,-0.329473,-0.472186,0.776777,-0.255168,0.585796,-0.040078,0.299963
462,1883870473,-0.324783,-0.477750,0.772254,-0.264385,0.334500,0.138123,0.128815
463,1883903807,-0.321043,-0.483592,0.767388,-0.272379,-0.051724,0.258013,0.180927
464,1883937141,-0.318845,-0.488660,0.763639,-0.276423,-0.246060,-0.062578,0.102051
465,1883970475,-0.318025,-0.493732,0.759459,-0.279847,-0.032078,-0.383957,-0.366143
466,1884003809,-0.316484,-0.499649,0.754674,-0.284008,0.063633,0.117263,-0.213140
467,1884037143,-0.315368,-0.504583,0.750614,-0.287265,0.361426,0.435779,0.094986
468,1884070477,-0.314319,-0.508496,0.747452,-0.289751,0.181385,0.175967,0.196425
469,1884103811,-0.313315,-0.511471,0.744930,-0.292088,0.214019,-0.288302,0.423877
470,1884137145,-0.312361,-0.513636,0.742976,-0.294279,0.241316,-0.086506,0.595510
471,1884170479,-0.310851,-0.515681,0.741127,-0.296950,0.112256,-0.166235,0.341919
472,1884203813,-0.308912,-0.517261,0.739641,-0.299917,0.298732,-0.106564,0.303151
473,1884237147,-0.306641,-0.518119,0.738635,-0.303227,0.319628,0.046559,0.099086
474,1884270481,-0.304569,-0.518120,0.738132,-0.306520,0.295690,0.072456,0.064407
475,1884303815,-0.303252,-0.517171,0.738187,-0.309283,0.367719,-0.075528,0.107934
476,1884337149,-0.302182,-0.515853,0.738505,-0.311764,0.312613,-0.042858,0.219032
477,1884370483,-0.301266,-0.514499,0.738926,-0.313881,0.327855,-0.050452,0.255892
478,1884403817,-0.300153,-0.513779,0.739050,-0.315830,0.386504,-0.056320,0.271730
479,1884437151,-0.298820,-0.513892,0.738847,-0.317383,0.485075,0.020322,0.189659
480,1884470485,-0.297176,-0.514810,0.738193,-0.318955,0.575492,0.054911,0.086206
481,1884503819,-0.294926,-0.516759,0.736894,-0.320891,0.523232,0.064348,0.135800
482,1884537153,-0.292325,-0.519941,0.734745,-0.323049,0.388757,-0.017445,0.093211
483,1884570487,-0.289836,-0.524454,0.731698,-0.324907,0.088105,0.007848,0.073337
484,1884603821,-0.287469,-0.530512,0.727580,-0.326421,0.082553,-0.015973,0.268275
485,1884637155,-0.285076,-0.537604,0.722661,-0.327840,0.251280,0.015741,0.277865
486,1884670489,-0.282365,-0.545191,0.717383,-0.329245,0.405226,0.150245,0.252746
487,1884703823,-0.279608,-0.552266,0.712651,-0.330082,0.525260,0.174921,0.187860
488,1884737157,-0.277488,-0.558270,0.708617,-0.330456,0.145263,0.259441,0.026316
489,1884770491,-0.276380,-0.563289,0.705288,-0.329988,0.203554,0.176660,0.089979
490,1884803825,-0.275734,-0.567901,0.702208,-0.329192,0.219690,-0.014091,0.277125
491,1884837159,-0.275127,-0.572723,0.698794,-0.328610,-0.108263,-0.188722,0.656207
492,1884870493,-0.274607,-0.578415,0.694373,-0.328447,-0.813587,-0.259379,0.716073
493,1884903827,-0.275357,-0.584447,0.689721,-0.326940,-0.488461,-0.628315,0.132904
494,1884937161,-0.274900,-0.589904,0.684207,-0.329102,0.133745,-0.080747,0.053707
495,1884970495,-0.274691,-0.591915,0.681585,-0.331099,0.599374,0.457465,0.409148
496,1885003829,-0.275878,-0.590693,0.681564,-0.332337,-0.258790,0.018252,0.250104
497,1885037163,-0.277895,-0.588308,0.682529,-0.332906,-0.706814,-0.171947,-0.082086
498,1885070497,-0.280544,-0.586403,0.683062,-0.332952,-0.680375,0.048869,-0.006187
499,1885103831,-0.284068,-0.585170,0.683060,-0.332136,-0.414344,0.047907,0.092793
500,1885137165,-0.287745,-0.584284,0.683177,-0.330285,0.038528,-0.049459,0.287863
501,1885170499,-0.290940,-0.583298,0.683706,-0.328128,0.264379,-0.088041,0.202155
502,1885203833,-0.293501,-0.581478,0.685079,-0.326209,0.670273,0.142246,0.017574
503,1885237167,-0.296071,-0.577729,0.688168,-0.324037,0.781473,0.328435,-0.020178
504,1885270501,-0.299297,-0.572860,0.692207,-0.321102,-0.402095,0.321086,0.385706
505,1885303835,-0.302270,-0.569050,0.695683,-0.317560,-0.322544,-0.179241,0.116399
506,1885337169,-0.304222,-0.566372,0.698325,-0.314673,0.343906,-0.042332,-0.014468
507,1885370503,-0.306070,-0.563721,0.700922,-0.311854,0.360545,0.283715,0.411601
508,1885403837,-0.307887,-0.561344,0.703279,-0.309034,-0.121428,-0.381266,0.460113
509,1885437171,-0.310124,-0.559322,0.705092,-0.306318,-0.472071,-0.343246,0.288207
510,1885470505,-0.312307,-0.557115,0.706861,-0.304038,0.217319,0.039110,0.031598
511,1885503839,-0.314555,-0.553095,0.709848,-0.302096,0.603248,0.349109,-0.166487
512,1885537173,-0.317068,-0.546709,0.714543,-0.300015,0.662427,0.430460,0.037271
513,1885570507,-0.319690,-0.538970,0.720249,-0.297583,0.407610,0.117210,0.224072
514,1885603841,-0.322336,-0.531218,0.725934,-0.294841,0.264249,0.046236,0.448825
515,1885637175,-0.324879,-0.525138,0.730309,-0.292124,0.274590,-0.103744,0.423398
516,1885670509,-0.327302,-0.520969,0.733131,-0.289806,0.482752,-0.178566,0.314783
517,1885703843,-0.329471,-0.518218,0.734908,-0.287775,0.708523,-0.026497,0.197315
518,1885737177,-0.331202,-0.516407,0.736066,-0.286077,0.609769,-0.066295,0.091418
519,1885770511,-0.332774,-0.514993,0.736893,-0.284670,0.502144,-0.077179,0.336405
520,1885803845,-0.333865,-0.514193,0.737212,-0.284010,0.261216,-0.056282,0.703345
521,1885837179,-0.334690,-0.513739,0.737159,-0.284000,0.099791,-0.245278,0.570012
522,1885870513,-0.335889,-0.513097,0.736818,-0.284628,0.110887,-0.040489,0.376633
523,1885903847,-0.337912,-0.511856,0.736453,-0.285413,0.099959,0.091619,0.279501
524,1885937181,-0.340461,-0.510270,0.736044,-0.286275,-0.076561,-0.040404,0.037895
525,1885970515,-0.343588,-0.508306,0.735694,-0.286934,0.104176,0.029189,0.018554
526,1886003849,-0.347143,-0.506355,0.735220,-0.287320,0.100818,0.126900,0.254855
527,1886037183,-0.350613,-0.505018,0.734391,-0.287578,-0.057812,-0.093113,0.116897
528,1886070517,-0.353763,-0.504372,0.733284,-0.287679,0.038214,0.128496,0.173407
529,1886103851,-0.356423,-0.504188,0.732191,-0.287502,0.011628,0.111818,0.129171
530,1886137185,-0.358594,-0.504222,0.731226,-0.287199,0.072688,0.030153,0.246359
531,1886170519,-0.360152,-0.504299,0.730391,-0.287239,0.205483,-0.034411,-0.056799
532,1886203853,-0.361565,-0.503899,0.729972,-0.287232,-0.011023,0.151596,-0.083937
533,1886237187,-0.362764,-0.503280,0.729905,-0.286975,-0.103379,0.104058,0.050705
534,1886270521,-0.363570,-0.502557,0.730057,-0.286835,0.177546,-0.022381,0.066730
535,1886303855,-0.363711,-0.501384,0.730765,-0.286906,0.570044,0.102576,0.055088
536,1886337189,-0.363298,-0.499728,0.732057,-0.287025,0.408738,-0.002340,0.050263
537,1886370523,-0.362521,-0.498311,0.733373,-0.287113,0.086904,-0.007409,0.238210
538,1886403857,-0.361385,-0.497742,0.734299,-0.287165,0.059332,-0.063534,0.142756
539,1886437191,-0.360064,-0.498001,0.734702,-0.287341,0.241825,-0.071219,0.100609
540,1886470525,-0.358655,-0.498825,0.734740,-0.287578,0.256246,-0.071448,0.210052
541,1886503859,-0.356904,-0.500192,0.734513,-0.287963,0.160516,-0.090096,0.234575
542,1886537193,-0.354880,-0.502026,0.734027,-0.288512,0.229851,-0.085524,0.238945
543,1886570527,-0.352773,-0.503983,0.733416,-0.289237,0.241420,-0.037341,0.192712
544,1886603861,-0.350730,-0.505837,0.732809,-0.290023,0.091316,0.030613,0.235062
545,1886637195,-0.348755,-0.507669,0.732204,-0.290731,0.096237,-0.001165,0.212318
546,1886670529,-0.347060,-0.509104,0.731777,-0.291324,0.190615,0.063097,0.163413
547,1886703863,-0.345786,-0.509992,0.731611,-0.291703,0.227902,0.111920,0.215950
548,1886737197,-0.344635,-0.510889,0.731466,-0.291858,0.068766,-0.073695,0.219752
549,1886770531,-0.343217,-0.512173,0.731118,-0.292149,0.156405,-0.091970,0.128517
550,1886803865,-0.341522,-0.513781,0.730532,-0.292779,0.169898,0.071485,0.252719
551,1886837199,-0.340062,-0.515116,0.730203,-0.292952,0.145129,-0.040064,0.216141
552,1886870533,-0.338509,-0.516165,0.730020,-0.293360,0.287725,-0.034091,0.118235
553,1886903867,-0.337001,-0.516800,0.730047,-0.293911,0.214872,0.063797,0.277847
554,1886937201,-0.335416,-0.517399,0.730007,-0.294768,0.101005,-0.058116,0.275601
555,1886970535,-0.334157,-0.517970,0.729945,-0.295349,0.098186,-0.064591,0.294984
556,1887003869,-0.333083,-0.518516,0.729891,-0.295737,0.119941,0.005927,0.229351
557,1887037203,-0.332174,-0.519200,0.729711,-0.296003,0.016351,0.023503,0.243379
558,1887070537,-0.331474,-0.519867,0.729479,-0.296188,0.029352,-0.065651,0.126195
559,1887103871,-0.330960,-0.520452,0.729192,-0.296444,0.039402,0.017068,0.274025
560,1887137205,-0.330625,-0.520775,0.729060,-0.296574,0.039516,0.029267,0.273398
561,1887170539,-0.330346,-0.520844,0.729080,-0.296713,0.108475,-0.024811,0.196031
562,1887203873,-0.330296,-0.520616,0.729220,-0.296827,0.071427,0.011175,0.204272
563,1887237207,-0.330375,-0.520267,0.729343,-0.297047,0.075617,-0.016852,0.241191
564,1887270541,-0.330494,-0.519837,0.729520,-0.297235,0.058245,-0.034741,0.142971
565,1887303875,-0.330523,-0.519451,0.729671,-0.297506,0.113041,0.025038,0.209251
566,1887337209,-0.330629,-0.519016,0.729825,-0.297769,0.083414,-0.044692,0.122113
567,1887370543,-0.330792,-0.518653,0.729926,-0.297973,0.106540,0.075331,0.238925
568,1887403877,-0.330913,-0.518525,0.729964,-0.297967,0.087719,-0.036612,0.179450
569,1887437211,-0.330862,-0.518651,0.729907,-0.297945,0.115826,-0.080008,0.141812
570,1887470545,-0.330720,-0.518811,0.729828,-0.298018,0.183780,0.044570,0.159874
571,1887503879,-0.330520,-0.518925,0.729816,-0.298071,0.171344,0.006020,0.210721
572,1887537213,-0.330250,-0.518941,0.729899,-0.298139,0.141778,-0.043741,0.227608
573,1887570547,-0.329924,-0.518918,0.730026,-0.298228,0.106381,0.009186,0.187281
574,1887603881,-0.329578,-0.518957,0.730115,-0.298327,0.068012,-0.001457,0.215164
575,1887637215,-0.329269,-0.519024,0.730150,-0.298463,0.050325,-0.059935,0.227638
576,1887670549,-0.328949,-0.519066,0.730158,-0.298726,0.082276,-0.013984,0.210427
577,1887703883,-0.328728,-0.519088,0.730135,-0.298985,0.165244,-0.006833,0.228001
578,1887737217,-0.328577,-0.519010,0.730184,-0.299167,0.088491,0.040828,0.209776
579,1887770551,-0.328519,-0.518991,0.730208,-0.299206,0.055285,0.019679,0.156855
580,1887803885,-0.328555,-0.519142,0.730124,-0.299107,0.116629,-0.042068,0.160477
581,1887837219,-0.328601,-0.519411,0.729967,-0.298975,0.148665,-0.000488,0.204561
582,1887870553,-0.328550,-0.519820,0.729781,-0.298773,0.202366,0.054327,0.247256
583,1887903887,-0.328292,-0.520387,0.729552,-0.298627,0.121321,-0.018053,0.191645
584,1887937221,-0.327895,-0.520923,0.729371,-0.298574,0.174402,-0.017829,0.195807
585,1887970555,-0.327357,-0.521394,0.729242,-0.298657,0.179598,0.016535,0.241504
586,1888003889,-0.326822,-0.521686,0.729230,-0.298762,0.126871,-0.046940,0.221948
587,1888037223,-0.326267,-0.521883,0.729250,-0.298975,0.174001,0.010564,0.232669
588,1888070557,-0.325712,-0.522123,0.729218,-0.299240,0.180812,-0.039290,0.206985
589,1888103891,-0.325131,-0.522569,0.729026,-0.299560,0.112286,-0.068081,0.188927
590,1888137225,-0.324483,-0.523271,0.728679,-0.299880,0.105500,-0.009199,0.244545
591,1888170559,-0.323849,-0.524131,0.728227,-0.300164,0.080224,-0.023228,0.209521
592,1888203893,-0.323231,-0.525066,0.727708,-0.300453,0.097973,-0.049824,0.192098
593,1888237227,-0.322685,-0.525843,0.727256,-0.300776,0.087615,-0.012347,0.210222
594,1888270561,-0.322286,-0.526330,0.726950,-0.301090,0.076932,-0.028542,0.218051
595,1888303895,-0.321924,-0.526583,0.726769,-0.301474,0.079876,-0.011621,0.230251
596,1888337229,-0.321583,-0.526551,0.726786,-0.301852,0.078739,-0.017681,0.193170
597,1888370563,-0.321155,-0.526442,0.726902,-0.302218,0.049477,-0.055696,0.183242
598,1888403897,-0.320630,-0.526373,0.727010,-0.302635,0.057333,-0.080484,0.155147
599,1888437231,-0.320042,-0.526249,0.727154,-0.303128,0.121258,-0.009195,0.142418
600,1888470565,-0.319427,-0.526090,0.727353,-0.303575,0.081705,-0.023908,0.200137
601,1888503899,-0.318754,-0.526064,0.727497,-0.303981,-0.005210,-0.138108,0.196531
602,1888537233,-0.318106,-0.526231,0.727426,-0.304539,0.042238,-0.061157,0.230314
603,1888570567,-0.317510,-0.526415,0.727374,-0.304967,0.052815,-0.008962,0.217064
604,1888603901,-0.316878,-0.526660,0.727342,-0.305281,0.007220,-0.072569,0.160133
605,1888637235,-0.316242,-0.526876,0.727332,-0.305588,0.011396,-0.079030,0.200553
606,1888670569,-0.315741,-0.526891,0.727467,-0.305760,0.022350,-0.038340,0.127553
607,1888703903,-0.315325,-0.526775,0.727704,-0.305825,0.057862,-0.040972,0.192903
608,1888737237,-0.314944,-0.526685,0.727922,-0.305856,-0.021513,-0.056334,0.259396
609,1888770571,-0.314567,-0.526684,0.728124,-0.305763,-0.032144,-0.098381,0.194028
610,1888803905,-0.314213,-0.526819,0.728207,-0.305697,0.087355,-0.040764,0.186315
611,1888837239,-0.313864,-0.526852,0.728404,-0.305528,0.119336,-0.059397,0.088767
612,1888870573,-0.313305,-0.526837,0.728737,-0.305334,0.183653,-0.068672,0.077600
613,1888903907,-0.312560,-0.526625,0.729313,-0.305088,0.128554,-0.052515,0.104652
614,1888937241,-0.311592,-0.526443,0.729955,-0.304857,0.075891,0.018750,0.165828
615,1888970575,-0.310734,-0.526292,0.730572,-0.304516,0.081407,0.137087,0.315138
616,1889003909,-0.310220,-0.526149,0.731090,-0.304044,0.057403,0.021723,0.353774
617,1889037243,-0.310123,-0.526049,0.731544,-0.303223,0.013270,-0.198877,0.367925
618,1889070577,-0.309725,-0.526290,0.731695,-0.302846,0.038288,-0.195757,0.229943
619,1889103911,-0.308982,-0.526812,0.731607,-0.302910,0.090434,-0.036922,0.102079
620,1889137245,-0.308109,-0.527298,0.731558,-0.303074,0.077197,0.080372,0.048827
621,1889170579,-0.307405,-0.527356,0.731856,-0.302968,0.106943,-0.006360,0.123140
622,1889203913,-0.306942,-0.526914,0.732464,-0.302736,0.075987,-0.030303,0.272514
623,1889237247,-0.306458,-0.526403,0.732998,-0.302824,-0.055704,0.010558,0.307258
624,1889270581,-0.306203,-0.525843,0.733445,-0.302971,-0.077495,-0.032387,0.270395
625,1889303915,-0.306579,-0.525131,0.733739,-0.303114,0.207185,-0.195771,-0.022840
626,1889337249,-0.308045,-0.524000,0.734329,-0.302157,0.224934,0.016222,-0.026276
627,1889370583,-0.309707,-0.523148,0.734784,-0.300824,-0.061963,0.116948,0.307646
628,1889403917,-0.310458,-0.523289,0.734688,-0.300037,-0.096722,-0.167107,0.351111
629,1889437251,-0.310665,-0.523790,0.734329,-0.299828,0.019902,-0.050371,0.236034
630,1889470585,-0.310965,-0.524166,0.734048,-0.299548,0.033830,0.135291,0.220649
631,1889503919,-0.311526,-0.524269,0.733941,-0.299046,-0.012246,-0.007813,0.211607
632,1889537253,-0.312164,-0.524189,0.733906,-0.298607,-0.002487,-0.110347,0.227592
633,1889570587,-0.312698,-0.524148,0.733809,-0.298356,0.046310,-0.042789,0.219526
634,1889603921,-0.313276,-0.524067,0.733747,-0.298047,0.043875,-0.138825,0.156806
635,1889637255,-0.313744,-0.524162,0.733555,-0.297858,0.024030,-0.071924,0.149202
636,1889670589,-0.314045,-0.524499,0.733217,-0.297781,0.105360,0.023137,0.146146
637,1889703923,-0.314237,-0.524960,0.732819,-0.297746,0.024911,-0.019357,0.160497
638,1889737257,-0.314779,-0.525320,0.732433,-0.297488,-0.044791,-0.114957,0.164860
639,1889770591,-0.314799,-0.526181,0.731717,-0.297708,-0.042196,0.003222,0.151567
640,1889803925,-0.314896,-0.527174,0.730860,-0.297953,-0.003521,0.081777,0.238915
641,1889837259,-0.315066,-0.528272,0.729959,-0.298036,-0.047778,0.057208,0.195708
642,1889870593,-0.315168,-0.529487,0.728959,-0.298221,-0.070621,-0.021450,0.246846
643,1889903927,-0.316970,-0.529117,0.729080,-0.296668,0.592686,-0.363786,-0.490820
644,1889937261,-0.319668,-0.528022,0.729500,-0.294685,0.226026,0.341656,0.292830
645,1889970595,-0.320865,-0.528110,0.729258,-0.293824,-0.461470,0.183547,0.573982
646,1890003929,-0.321079,-0.528765,0.728892,-0.293319,-0.155214,-0.408487,0.257714
647,1890037263,-0.320908,-0.529264,0.728544,-0.293472,-0.040458,0.203827,0.227007
648,1890070597,-0.320929,-0.529331,0.728511,-0.293409,-0.024153,0.187482,0.080623
649,1890103931,-0.321086,-0.529052,0.728726,-0.293208,-0.135016,-0.086331,0.095853
650,1890137265,-0.321061,-0.528770,0.728960,-0.293162,-0.075407,-0.053287,0.188530
651,1890170599,-0.320972,-0.528579,0.729141,-0.293153,-0.067203,0.050989,0.225032
652,1890203933,-0.321119,-0.528438,0.729268,-0.292931,-0.113398,0.038971,0.252180
653,1890237267,-0.321437,-0.528403,0.729320,-0.292516,-0.085289,-0.031859,0.187748
654,1890270601,-0.321780,-0.528538,0.729191,-0.292216,-0.070364,-0.080775,0.161430
655,1890303935,-0.321993,-0.528693,0.729014,-0.292142,-0.023467,0.041913,0.239091
656,1890337269,-0.322120,-0.528506,0.729113,-0.292095,0.066272,0.052657,0.227134
657,1890370603,-0.322240,-0.527751,0.729667,-0.291943,-0.018687,0.056215,0.195275
658,1890403937,-0.322341,-0.526432,0.730628,-0.291809,0.059559,0.050014,0.212280
659,1890437271,-0.322302,-0.524925,0.731747,-0.291762,0.094118,0.051841,0.207670
660,1890470605,-0.322275,-0.523125,0.733116,-0.291589,0.094221,0.026530,0.224113
661,1890503939,-0.322226,-0.521403,0.734466,-0.291330,0.159368,0.005258,0.215014
662,1890537273,-0.322179,-0.519847,0.735689,-0.291078,0.198075,-0.011697,0.213586
663,1890570607,-0.321743,-0.518923,0.736557,-0.291013,0.176187,-0.086960,0.197581
664,1890603941,-0.321035,-0.518572,0.737056,-0.291157,0.251002,-0.129664,0.249109
665,1890637275,-0.319943,-0.518930,0.737040,-0.291761,0.178377,-0.154109,0.174136
666,1890670609,-0.318509,-0.519994,0.736564,-0.292637,0.158256,-0.103285,0.166405
667,1890703943,-0.316977,-0.521475,0.735861,-0.293431,0.160392,-0.082117,0.231453
668,1890737277,-0.315491,-0.523244,0.735004,-0.294033,0.250751,-0.211879,0.173077
669,1890770611,-0.314140,-0.525334,0.733798,-0.294764,-0.030360,-0.019744,0.300326
670,1890803945,-0.313123,-0.527569,0.732474,-0.295146,0.020403,-0.085164,0.305508
671,1890837279,-0.312444,-0.529496,0.731313,-0.295292,0.027964,-0.222670,0.177511
672,1890870613,-0.312041,-0.531264,0.730112,-0.295517,-0.130722,-0.146561,0.183178
673,1890903947,-0.311642,-0.533289,0.728621,-0.295970,-0.213837,-0.049643,0.172035
674,1890937281,-0.311245,-0.535182,0.727130,-0.296639,-0.163835,-0.098859,0.147928
675,1890970615,-0.310943,-0.536932,0.725692,-0.297310,-0.030274,-0.105730,0.137143
676,1891003949,-0.310653,-0.538348,0.724503,-0.297953,-0.139769,-0.094295,0.139620
677,1891037283,-0.310407,-0.539614,0.723453,-0.298469,-0.312728,0.061372,0.211203
678,1891070617,-0.310525,-0.540587,0.722723,-0.298354,-0.233891,0.053522,0.276352
679,1891103951,-0.310854,-0.541335,0.722207,-0.297907,-0.251115,-0.037904,0.166941
680,1891137285,-0.311259,-0.541837,0.721851,-0.297433,-0.286388,0.032441,0.127078
681,1891170619,-0.311972,-0.541669,0.722020,-0.296580,-0.242865,0.059276,0.118089
682,1891203953,-0.312532,-0.541355,0.722325,-0.295821,-0.112591,0.069345,0.167389
683,1891237287,-0.313050,-0.540024,0.723468,-0.294909,-0.094586,0.024884,0.150408
684,1891270621,-0.313174,-0.538319,0.724896,-0.294389,-0.030719,0.062226,0.184800
685,1891303955,-0.313439,-0.535624,0.727028,-0.293765,0.021190,0.064189,0.207313
686,1891337289,-0.313630,-0.532784,0.729262,-0.293187,0.045635,-0.010181,0.199702
687,1891370623,-0.313812,-0.529800,0.731618,-0.292530,0.036233,0.009804,0.186361
688,1891403957,-0.313978,-0.526896,0.733996,-0.291638,0.066898,-0.013203,0.199813
689,1891437291,-0.313725,-0.525156,0.735685,-0.290793,0.083098,-0.054009,0.158534
690,1891470625,-0.313354,-0.523804,0.737181,-0.289840,0.097860,-0.018414,0.152554
691,1891503959,-0.313089,-0.522747,0.738428,-0.288859,0.140959,0.001790,0.231508
692,1891537293,-0.312720,-0.521922,0.739530,-0.287931,0.126339,-0.022207,0.259639
693,1891570627,-0.312096,-0.521301,0.740491,-0.287262,0.170887,-0.090494,0.247216
694,1891603961,-0.311372,-0.520733,0.741343,-0.286879,0.104861,-0.064682,0.221278
695,1891637295,-0.310602,-0.520275,0.742025,-0.286782,0.087043,-0.046094,0.212426
696,1891670629,-0.309817,-0.519906,0.742523,-0.287011,0.051499,-0.061389,0.240774
697,1891703963,-0.309025,-0.519734,0.742780,-0.287510,0.140305,-0.102889,0.158620
698,1891737297,-0.308319,-0.519860,0.742727,-0.288177,0.038290,-0.027978,0.261750
699,1891770631,-0.307966,-0.520137,0.742546,-0.288520,0.024299,-0.078611,0.280603
700,1891803965,-0.307652,-0.520665,0.742201,-0.288791,-0.038309,-0.055985,0.216954
701,1891837299,-0.307298,-0.521269,0.741833,-0.289022,-0.058968,0.003817,0.184603
702,1891870633,-0.307153,-0.521695,0.741638,-0.288908,0.063545,0.086446,0.251018
703,1891903967,-0.307275,-0.522078,0.741434,-0.288613,0.116214,-0.055814,0.224890
704,1891937301,-0.307497,-0.522701,0.740977,-0.288421,0.163939,-0.096818,0.271719
705,1891970635,-0.307650,-0.523938,0.739987,-0.288554,0.223656,-0.045722,0.296277
706,1892003969,-0.307776,-0.525878,0.738441,-0.288851,0.257093,-0.110265,0.209313
707,1892037303,-0.307688,-0.528533,0.736308,-0.289543,0.262628,-0.125355,0.223116
708,1892070637,-0.307292,-0.531944,0.733570,-0.290664,0.172535,-0.044235,0.227632
709,1892103971,-0.306756,-0.535700,0.730487,-0.292096,0.138595,-0.005906,0.255040
710,1892137305,-0.306201,-0.539676,0.727158,-0.293660,0.090568,-0.007241,0.237440
711,1892170639,-0.305797,-0.543315,0.724011,-0.295142,0.061696,-0.052407,0.221075
712,1892203973,-0.305425,-0.547110,0.720630,-0.296788,0.025602,0.027078,0.278359
713,1892237307,-0.305211,-0.550717,0.717342,-0.298299,-0.020018,-0.041376,0.204655
714,1892270641,-0.304795,-0.554559,0.713846,-0.299990,-0.046719,-0.006146,0.156362
715,1892303975,-0.304316,-0.558421,0.710344,-0.301616,-0.005933,0.001949,0.184456
716,1892337309,-0.303619,-0.562238,0.707000,-0.303082,0.003856,0.008353,0.232422
717,1892370643,-0.302489,-0.566170,0.703752,-0.304451,-0.108345,-0.015077,0.121288
718,1892403977,-0.301280,-0.570057,0.700620,-0.305617,-0.190125,-0.014363,0.076154
719,1892437311,-0.300169,-0.573761,0.697600,-0.306684,-0.357863,-0.004028,0.111050
720,1892470645,-0.299381,-0.577036,0.694887,-0.307468,-0.360300,-0.016728,0.216204
721,1892503979,-0.298713,-0.579773,0.692564,-0.308210,-0.246712,-0.114480,0.201804
722,1892537313,-0.298145,-0.581742,0.690799,-0.309009,-0.153520,-0.122794,0.199964
723,1892570647,-0.297613,-0.582973,0.689570,-0.309945,-0.159415,-0.120335,0.216792
724,1892603981,-0.297110,-0.583675,0.688752,-0.310923,-0.251438,-0.135455,0.194085
725,1892637315,-0.296777,-0.584111,0.688119,-0.311825,-0.295552,-0.128757,0.189787
726,1892670649,-0.296676,-0.584565,0.687415,-0.312622,-0.356055,-0.160399,0.170959
727,1892703983,-0.296796,-0.585123,0.686575,-0.313309,-0.298476,-0.147849,0.132705
728,1892737317,-0.297048,-0.585799,0.685676,-0.313774,-0.270593,-0.125988,0.132936
729,1892770651,-0.297360,-0.586580,0.684784,-0.313969,-0.296803,-0.147170,0.110209
730,1892803985,-0.297721,-0.587385,0.683949,-0.313941,-0.283527,-0.157916,0.136633
731,1892837319,-0.298137,-0.588072,0.683247,-0.313789,-0.194326,-0.180200,0.107744
732,1892870653,-0.298700,-0.588396,0.682928,-0.313341,-0.241590,0.001664,0.170031
733,1892903987,-0.299383,-0.588347,0.683010,-0.312602,-0.193782,-0.084182,0.164782
734,1892937321,-0.300371,-0.587919,0.683316,-0.311788,-0.429575,-0.053204,0.201540
735,1892970655,-0.301569,-0.587444,0.683679,-0.310730,-0.218947,-0.035117,0.306484
736,1893003989,-0.302885,-0.586653,0.684329,-0.309512,-0.267615,0.007983,0.158019
737,1893037323,-0.304337,-0.585079,0.685621,-0.308205,-0.051708,0.042598,0.147365
738,1893070657,-0.305813,-0.582677,0.687549,-0.306996,-0.053128,0.034578,0.204130
739,1893103991,-0.307092,-0.579657,0.689971,-0.306000,-0.054236,-0.051576,0.246943
740,1893137325,-0.308172,-0.576333,0.692612,-0.305227,0.010124,-0.023158,0.276400
741,1893170659,-0.308824,-0.572959,0.695359,-0.304674,0.041423,-0.020074,0.229655
742,1893203993,-0.309223,-0.569490,0.698223,-0.304222,0.085840,0.072014,0.187011
743,1893237327,-0.309420,-0.565951,0.701194,-0.303792,0.129620,0.048062,0.260058
744,1893270661,-0.309477,-0.562541,0.704066,-0.303427,0.012063,-0.048348,0.272404
745,1893303995,-0.309499,-0.559561,0.706566,-0.303102,0.013052,-0.117359,0.262011
746,1893337329,-0.309698,-0.556895,0.708767,-0.302669,0.041237,-0.096673,0.224476
747,1893370663,-0.309973,-0.554819,0.710435,-0.302290,0.074038,-0.098317,0.147771
748,1893403997,-0.310224,-0.553135,0.711735,-0.302060,0.130349,-0.062508,0.114080
749,1893437331,-0.310343,-0.551382,0.713083,-0.301962,0.166212,-0.031195,0.216485
750,1893470665,-0.310427,-0.549707,0.714386,-0.301851,0.107784,-0.052542,0.185915
751,1893503999,-0.310464,-0.548180,0.715593,-0.301730,0.106372,-0.080546,0.125167
752,1893537333,-0.310428,-0.546988,0.716630,-0.301472,0.056198,0.005932,0.183474
753,1893570667,-0.310356,-0.546111,0.717545,-0.300957,0.094458,0.044706,0.220267
754,1893604001,-0.310330,-0.545373,0.718465,-0.300126,0.169893,0.018616,0.174455
755,1893637335,-0.310158,-0.545123,0.719037,-0.299386,0.099918,-0.013502,0.254247
756,1893670669,-0.309792,-0.545110,0.719451,-0.298794,-0.002068,-0.114908,0.356628
757,1893704003,-0.309251,-0.545159,0.719840,-0.298330,0.034215,-0.120799,0.266633
758,1893737337,-0.308459,-0.545611,0.719897,-0.298185,0.044060,-0.002543,0.179752
759,1893770671,-0.307790,-0.545769,0.720124,-0.298040,0.004641,-0.002538,0.145187
760,1893804005,-0.307131,-0.545610,0.720514,-0.298066,-0.013830,-0.003477,0.271576
761,1893837339,-0.306517,-0.544734,0.721348,-0.298285,-0.090163,-0.034386,0.248585
762,1893870673,-0.305882,-0.543648,0.722244,-0.298748,-0.118350,-0.014770,0.206616
763,1893904007,-0.305417,-0.542259,0.723184,-0.299476,-0.043168,-0.014088,0.244752
764,1893937341,-0.305186,-0.540891,0.723881,-0.300499,0.002939,-0.143476,0.152223
765,1893970675,-0.305753,-0.539037,0.724778,-0.301090,-0.198182,0.060434,0.187401
766,1894004009,-0.306199,-0.537999,0.725190,-0.301501,0.057164,-0.094192,0.256731
767,1894037343,-0.306909,-0.537324,0.725465,-0.301321,-0.210924,-0.088923,0.257483
768,1894070677,-0.307130,-0.537647,0.725045,-0.301532,-0.261265,-0.140096,0.192055
769,1894104011,-0.307338,-0.538384,0.724316,-0.301755,-0.228296,-0.001240,0.171199
770,1894137345,-0.307568,-0.539287,0.723486,-0.301900,-0.164545,0.017959,0.164380
771,1894170679,-0.307806,-0.540008,0.722816,-0.301974,-0.148975,-0.093021,0.170267
772,1894204013,-0.307998,-0.540553,0.722255,-0.302146,-0.133306,-0.073664,0.229896
773,1894237347,-0.308112,-0.541336,0.721486,-0.302465,-0.194681,-0.067085,0.168267
774,1894270681,-0.308071,-0.542739,0.720257,-0.302920,-0.235291,-0.118374,0.101130
775,1894304015,-0.308070,-0.544573,0.718730,-0.303255,-0.190863,-0.106626,0.101189
776,1894337349,-0.308083,-0.546984,0.716808,-0.303453,-0.192883,-0.043061,0.149013
777,1894370683,-0.307956,-0.549790,0.714686,-0.303518,-0.161285,-0.099356,0.149547
778,1894404017,-0.307599,-0.552713,0.712551,-0.303588,-0.121225,-0.060453,0.178531
779,1894437351,-0.307019,-0.555280,0.710746,-0.303723,-0.108503,-0.017240,0.137640
780,1894470685,-0.306427,-0.557074,0.709588,-0.303743,-0.214601,-0.003233,0.170886
781,1894504019,-0.305730,-0.558515,0.708731,-0.303800,-0.072374,0.003847,0.241478
782,1894537353,-0.305107,-0.559600,0.708079,-0.303950,-0.028609,-0.010530,0.270117
783,1894570687,-0.304681,-0.560438,0.707555,-0.304055,-0.061163,-0.150001,0.208142
784,1894604021,-0.304352,-0.561218,0.706998,-0.304241,0.035553,-0.109016,0.243364
785,1894637355,-0.303705,-0.562669,0.705826,-0.304927,-0.013051,-0.082673,0.195630
786,1894670689,-0.303246,-0.564041,0.704756,-0.305324,0.079940,-0.087855,0.218028
787,1894704023,-0.302537,-0.566198,0.702985,-0.306115,0.002161,-0.028758,0.270116
788,1894737357,-0.302039,-0.568162,0.701332,-0.306760,-0.030734,-0.044844,0.262421
789,1894770691,-0.301479,-0.570320,0.699464,-0.307571,-0.056488,-0.043307,0.184097
790,1894804025,-0.300814,-0.572800,0.697336,-0.308443,-0.025323,-0.013949,0.190907
791,1894837359,-0.300229,-0.574796,0.695603,-0.309213,-0.015371,-0.026918,0.211444
792,1894870693,-0.299568,-0.576519,0.694126,-0.309963,-0.038740,-0.030450,0.228263
793,1894904027,-0.298835,-0.578043,0.692841,-0.310707,-0.001868,-0.043684,0.192064
794,1894937361,-0.297998,-0.579460,0.691675,-0.311469,-0.046401,-0.032908,0.193151
795,1894970695,-0.297163,-0.580653,0.690691,-0.312229,-0.031652,-0.062771,0.218014
796,1895004029,-0.296267,-0.581777,0.689813,-0.312928,-0.074387,-0.137558,0.144436
797,1895037363,-0.295350,-0.582964,0.688878,-0.313645,-0.078320,-0.059663,0.235006
798,1895070697,-0.294537,-0.584205,0.687887,-0.314274,-0.110857,-0.087479,0.244535
799,1895104031,-0.293858,-0.585494,0.686847,-0.314785,-0.196727,-0.120213,0.183372
800,1895137365,-0.293378,-0.586754,0.685847,-0.315066,-0.212205,-0.123058,0.151978
801,1895170699,-0.293064,-0.588051,0.684822,-0.315171,-0.152365,-0.096001,0.168890
802,1895204033,-0.292836,-0.589257,0.683864,-0.315210,-0.168294,-0.039210,0.198348
803,1895237367,-0.292710,-0.590317,0.682991,-0.315236,-0.244797,-0.129955,0.228508
804,1895270701,-0.292560,-0.591004,0.682446,-0.315269,-0.204128,-0.084812,0.241587
805,1895304035,-0.292570,-0.591259,0.682232,-0.315246,-0.212038,-0.067365,0.224713
806,1895337369,-0.292752,-0.590943,0.682455,-0.315187,-0.252788,-0.093937,0.175374
807,1895370703,-0.292895,-0.590281,0.682962,-0.315196,-0.222947,-0.066095,0.170264
808,1895404037,-0.293095,-0.589225,0.683791,-0.315188,-0.165452,-0.024746,0.171140
809,1895437371,-0.293304,-0.587945,0.684841,-0.315103,-0.109680,-0.011365,0.192051
810,1895470705,-0.293415,-0.586738,0.685956,-0.314825,-0.162389,-0.094377,0.194217
811,1895504039,-0.293426,-0.585756,0.686985,-0.314400,-0.133540,-0.043170,0.190445
812,1895537373,-0.293369,-0.584982,0.687934,-0.313819,-0.031222,-0.015736,0.152098
813,1895570707,-0.293130,-0.584347,0.688903,-0.313100,0.040484,-0.000346,0.193751
814,1895604041,-0.292490,-0.584032,0.689823,-0.312258,0.016100,-0.028593,0.217015
815,1895637375,-0.290863,-0.584216,0.690813,-0.311243,0.017092,0.177298,0.324363
816,1895670709,-0.287917,-0.585171,0.691849,-0.309885,0.014715,-0.011181,-0.026608
817,1895704043,-0.284282,-0.586634,0.692795,-0.308357,-0.035857,-0.009266,-0.235094
818,1895737377,-0.280476,-0.588267,0.693786,-0.306496,0.025247,0.070279,-0.114129
819,1895770711,-0.276644,-0.590187,0.694630,-0.304370,-0.045455,-0.016747,0.132978
820,1895804045,-0.272788,-0.592048,0.695730,-0.301710,-0.129182,-0.078722,0.057084
821,1895837379,-0.270390,-0.592970,0.697272,-0.298483,-0.062171,-0.290385,0.196101
822,1895870713,-0.268242,-0.593602,0.699079,-0.294915,-0.464834,0.238567,0.358514
823,1895904047,-0.265478,-0.594500,0.700727,-0.291681,-0.675278,0.012477,0.449566
824,1895937381,-0.261974,-0.595309,0.703002,-0.287698,-0.166056,-0.298521,0.117017
825,1895970715,-0.258712,-0.595719,0.705183,-0.284444,-0.115989,0.038816,-0.006086
826,1896004049,-0.255265,-0.596212,0.707289,-0.281277,-0.062692,0.104201,0.101266
827,1896037383,-0.251691,-0.596890,0.709382,-0.277768,0.043839,-0.116073,0.167845
828,1896070717,-0.248461,-0.597647,0.711264,-0.274213,0.225509,-0.345759,0.398492
829,1896104051,-0.245936,-0.598526,0.712394,-0.271627,0.126598,-0.367777,0.410750
830,1896137385,-0.243185,-0.599976,0.712866,-0.269660,-0.079203,-0.326486,0.428341
831,1896170719,-0.240970,-0.601821,0.712383,-0.268810,-0.200105,-0.264088,0.177011
832,1896204053,-0.239079,-0.603954,0.711251,-0.268711,-0.269427,-0.203301,0.143607
833,1896237387,-0.237733,-0.606113,0.709734,-0.269057,-0.306206,-0.022120,0.213638
834,1896270721,-0.237016,-0.607918,0.708355,-0.269252,-0.252337,-0.069860,0.217052
835,1896304055,-0.236675,-0.609394,0.707117,-0.269471,-0.135220,-0.168509,0.243720
836,1896337389,-0.236552,-0.610638,0.705863,-0.270047,-0.145923,-0.181808,0.242688
837,1896370723,-0.236822,-0.611290,0.704814,-0.271074,-0.215825,-0.131993,0.274929
838,1896404057,-0.237428,-0.611194,0.704185,-0.272391,-0.185596,-0.110154,0.251451
839,1896437391,-0.238351,-0.610445,0.703952,-0.273867,-0.139430,-0.061969,0.258627
840,1896470725,-0.239705,-0.609142,0.704069,-0.275279,-0.061909,-0.102993,0.184284
841,1896504059,-0.241168,-0.607691,0.704209,-0.276846,-0.071173,-0.128056,0.162754
842,1896537393,-0.242628,-0.606486,0.704127,-0.278416,-0.038220,-0.191664,0.163595
843,1896570727,-0.243958,-0.605689,0.703705,-0.280053,-0.084871,-0.167407,0.133524
844,1896604061,-0.245226,-0.605199,0.703050,-0.281643,-0.036741,-0.098204,0.109884
845,1896637395,-0.246467,-0.605034,0.702183,-0.283075,-0.055008,-0.009923,0.220092
846,1896670729,-0.247900,-0.604961,0.701364,-0.284006,0.012176,-0.084587,0.236218
847,1896704063,-0.249321,-0.604925,0.700554,-0.284839,-0.022904,-0.107663,0.132807
848,1896737397,-0.250695,-0.604917,0.699773,-0.285568,-0.012565,-0.094171,0.157950
849,1896770731,-0.252017,-0.605051,0.698920,-0.286209,-0.078666,-0.070755,0.186816
850,1896804065,-0.253450,-0.605303,0.698046,-0.286544,-0.158063,-0.048813,0.166477
851,1896837399,-0.254898,-0.605748,0.697129,-0.286551,-0.196418,-0.116012,0.162734
852,1896870733,-0.256423,-0.606263,0.696183,-0.286402,-0.109760,-0.070372,0.259378
853,1896904067,-0.258311,-0.606340,0.695613,-0.285925,-0.147070,-0.024709,0.291831
854,1896937401,-0.260195,-0.606109,0.695322,-0.285415,-0.146243,-0.061555,0.235404
855,1896970735,-0.262119,-0.605158,0.695611,-0.284969,-0.045317,-0.115445,0.153448
856,1897004069,-0.263830,-0.603906,0.696118,-0.284807,-0.041803,-0.094982,0.115773
857,1897037403,-0.265351,-0.602467,0.696787,-0.284807,-0.129508,-0.056332,0.158036
858,1897070737,-0.266830,-0.600964,0.697514,-0.284820,-0.161645,-0.122533,0.146974
859,1897104071,-0.268033,-0.599791,0.697976,-0.285031,-0.172745,-0.182037,0.125978
860,1897137405,-0.269137,-0.598904,0.698250,-0.285185,-0.153350,-0.068501,0.137630
861,1897170739,-0.270283,-0.598287,0.698376,-0.285086,-0.177575,-0.067520,0.158863
862,1897204073,-0.271660,-0.597456,0.698705,-0.284716,-0.154334,-0.162816,0.169804
863,1897237407,-0.272752,-0.597027,0.698704,-0.284574,-0.189312,-0.187726,0.154300
864,1897270741,-0.273849,-0.596290,0.698956,-0.284446,-0.203351,-0.054070,0.219718
865,1897304075,-0.274926,-0.595372,0.699396,-0.284249,-0.215721,-0.078568,0.129417
866,1897337409,-0.275950,-0.594123,0.700114,-0.284104,-0.146075,-0.041793,0.147161
867,1897370743,-0.276889,-0.592595,0.701121,-0.283896,-0.244892,-0.062463,0.147369
868,1897404077,-0.277775,-0.591069,0.702157,-0.283653,-0.173685,-0.098147,0.178134
869,1897437411,-0.278695,-0.589293,0.703394,-0.283379,-0.248784,-0.018659,0.227083
870,1897470745,-0.279621,-0.587516,0.704646,-0.283047,-0.195626,0.017469,0.237498
871,1897504079,-0.280597,-0.585707,0.705960,-0.282555,-0.157997,-0.064095,0.137026
872,1897537413,-0.281600,-0.583973,0.707187,-0.282079,-0.139668,-0.023013,0.182406
873,1897570747,-0.282659,-0.582245,0.708447,-0.281429,-0.132075,-0.017021,0.167114
874,1897604081,-0.283674,-0.580767,0.709546,-0.280692,-0.094673,-0.025350,0.184318
875,1897637415,-0.284591,-0.579597,0.710470,-0.279842,-0.063249,-0.080125,0.206513
876,1897670749,-0.285076,-0.578976,0.711092,-0.279053,0.080597,-0.110311,0.180143
877,1897704083,-0.284979,-0.578776,0.711517,-0.278482,0.086926,-0.113359,0.076058
878,1897737417,-0.284408,-0.578803,0.711917,-0.277988,0.003840,-0.111651,0.103244
879,1897770751,-0.283252,-0.578952,0.712372,-0.277691,-0.054692,-0.104760,0.149657
880,1897804085,-0.281700,-0.579106,0.712920,-0.277543,-0.106069,-0.068491,0.235051
881,1897837419,-0.280144,-0.578956,0.713603,-0.277676,-0.104004,-0.157635,0.172730
882,1897870753,-0.278796,-0.578426,0.714429,-0.278013,-0.165704,-0.045067,0.272160
883,1897904087,-0.277920,-0.577827,0.715141,-0.278305,-0.240309,-0.131094,0.204714
884,1897937421,-0.277436,-0.577582,0.715346,-0.278772,-0.210950,-0.228462,0.211610
885,1897970755,-0.277246,-0.577742,0.715125,-0.279195,-0.144938,-0.245006,0.193732
886,1898004089,-0.277432,-0.578121,0.714716,-0.279272,-0.002496,-0.191722,0.315439
887,1898037423,-0.277569,-0.578778,0.714112,-0.279321,0.048845,-0.280164,0.328896
888,1898070757,-0.277561,-0.579373,0.713521,-0.279607,-0.034734,-0.310596,0.418938
889,1898104091,-0.277038,-0.580216,0.712553,-0.280843,-0.250967,-0.189614,0.527519
890,1898137425,-0.276664,-0.581099,0.711241,-0.282704,-0.596140,-0.142276,0.441272
891,1898170759,-0.276790,-0.582634,0.709210,-0.284517,-0.453293,-0.268198,-0.110341
892,1898204093,-0.277091,-0.584326,0.706840,-0.286645,0.055065,-0.163439,-0.444472
893,1898237427,-0.277406,-0.584948,0.705355,-0.288722,0.616791,0.076696,-0.057865
894,1898270761,-0.278232,-0.583824,0.705784,-0.289153,1.081720,-0.142516,0.138203
895,1898304095,-0.278693,-0.581923,0.707310,-0.288811,1.075642,-0.690869,0.258229
896,1898337429,-0.278106,-0.580494,0.708796,-0.288612,0.917132,-0.731755,0.384546
897,1898370763,-0.277195,-0.579674,0.710139,-0.287835,0.806081,-0.557706,0.148754
898,1898404097,-0.276574,-0.579205,0.711462,-0.286101,0.940938,-0.355091,-0.054893
899,1898437431,-0.276688,-0.578710,0.712953,-0.283269,0.875344,-0.190548,-0.030444
900,1898470765,-0.278273,-0.577353,0.715284,-0.278568,0.472393,-0.412753,0.381892
901,1898504099,-0.280352,-0.576405,0.717356,-0.273065,-0.560518,-0.957071,1.958515
902,1898537433,-0.281326,-0.579897,0.716229,-0.267574,-2.774294,-1.369077,2.904053
903,1898570767,-0.277518,-0.590677,0.710201,-0.264014,-0.284616,-1.461766,-1.358350
904,1898604101,-0.270604,-0.600562,0.703941,-0.265649,1.803110,0.231290,-1.997351
905,1898637435,-0.267676,-0.602542,0.702286,-0.268497,0.332969,2.069825,0.450366
906,1898670769,-0.270764,-0.599511,0.704595,-0.266127,-1.181123,0.506968,0.857416
907,1898704103,-0.273547,-0.597134,0.706877,-0.262550,-1.113885,-1.128858,0.276726
908,1898737437,-0.271835,-0.597817,0.706305,-0.264307,-0.201747,-0.491082,-0.612997
909,1898770771,-0.269982,-0.600235,0.703767,-0.267476,-0.596171,1.015759,0.158536
910,1898804105,-0.270492,-0.603891,0.700137,-0.268259,-1.080262,0.802652,0.223076
911,1898837439,-0.272393,-0.608945,0.695232,-0.267664,-0.724687,-0.197739,0.008595
912,1898870773,-0.274260,-0.615412,0.688838,-0.267499,-0.424900,0.241203,0.245504
913,1898904107,-0.275729,-0.622780,0.681751,-0.267092,-0.166304,0.533262,0.285748
914,1898937441,-0.276809,-0.630119,0.674863,-0.266252,-0.135550,0.405056,0.277837
915,1898970775,-0.276993,-0.637113,0.668385,-0.265758,-0.151202,0.412331,0.260287
916,1899004109,-0.276332,-0.643449,0.662563,-0.265762,-0.377110,0.310852,-0.013141
917,1899037443,-0.275404,-0.648949,0.657496,-0.265934,-0.469462,0.194387,-0.247736
918,1899070777,-0.274612,-0.653749,0.652903,-0.266314,-0.371544,0.135647,-0.194097
919,1899104111,-0.274002,-0.657870,0.648795,-0.266830,-0.415558,0.019269,-0.082886
920,1899137445,-0.273588,-0.661222,0.645293,-0.267461,-0.371172,0.051576,0.140431
921,1899170779,-0.272732,-0.663817,0.642542,-0.268530,-0.402357,0.272154,0.359884
922,1899204113,-0.271924,-0.665459,0.640820,-0.269398,-0.538755,0.505337,0.410447
923,1899237447,-0.272000,-0.666148,0.639998,-0.269574,-0.532490,0.109765,-0.048420
924,1899270781,-0.272816,-0.666118,0.639660,-0.269626,-0.181643,-0.067973,-0.291497
925,1899304115,-0.273629,-0.665772,0.639401,-0.270267,-0.048556,0.304357,0.447537
926,1899337449,-0.274207,-0.665888,0.638825,-0.270758,-0.395044,-0.109414,0.659376
927,1899370783,-0.274992,-0.667012,0.637323,-0.270735,-0.342584,-0.615667,0.194481
928,1899404117,-0.275480,-0.669495,0.634349,-0.271096,-0.418069,-0.118587,0.152057
929,1899437451,-0.276049,-0.672512,0.630800,-0.271332,-0.414143,-0.038674,-0.105044
930,1899470785,-0.276280,-0.675084,0.627813,-0.271636,-0.241724,0.099244,-0.010659
931,1899504119,-0.276327,-0.676503,0.626163,-0.271867,-0.394837,0.184945,0.247858
932,1899537453,-0.276244,-0.676755,0.626092,-0.271486,-0.435918,-0.002846,0.209802
933,1899570787,-0.275723,-0.676084,0.627324,-0.270843,-0.432338,0.000800,0.213685
934,1899604121,-0.275185,-0.674237,0.629766,-0.270329,-0.585315,0.093827,0.397222
935,1899637455,-0.275832,-0.671146,0.633235,-0.269254,-0.418913,-0.094510,0.261245
936,1899670789,-0.276918,-0.667324,0.637174,-0.268345,-0.173244,-0.190323,-0.008447
937,1899704123,-0.277990,-0.663311,0.641180,-0.267642,-0.198712,-0.117186,0.084405
938,1899737457,-0.278956,-0.659574,0.644919,-0.266888,-0.331306,-0.147607,0.313025
939,1899770791,-0.280016,-0.656659,0.647929,-0.265674,-0.499885,-0.250842,0.218745
940,1899804125,-0.281033,-0.654700,0.650115,-0.264088,-0.512579,-0.116710,0.024377
941,1899837459,-0.281948,-0.653166,0.652022,-0.262206,-0.376926,0.059923,-0.044291
942,1899870793,-0.282796,-0.651268,0.654360,-0.260179,-0.267343,0.111301,0.210815
943,1899904127,-0.283724,-0.648472,0.657478,-0.258288,-0.103181,0.072125,0.291186
944,1899937461,-0.284670,-0.644762,0.661340,-0.256671,0.098865,0.020179,0.287171
945,1899970795,-0.285626,-0.640543,0.665541,-0.255309,0.098790,-0.029285,0.258745
946,1900004129,-0.286624,-0.636499,0.669430,-0.254133,0.110634,-0.165792,0.258811
947,1900037463,-0.287404,-0.633395,0.672303,-0.253421,-0.007944,-0.272281,0.244262
948,1900070797,-0.288145,-0.631513,0.673926,-0.252965,0.053789,-0.250624,0.114754
949,1900104131,-0.288771,-0.630818,0.674373,-0.252795,0.065582,-0.122960,0.179588
950,1900137465,-0.289207,-0.631084,0.673944,-0.252776,0.041936,-0.185727,0.167521
951,1900170799,-0.289246,-0.632120,0.672847,-0.253066,-0.019353,-0.191940,0.154505
952,1900204133,-0.288945,-0.633653,0.671326,-0.253613,-0.101351,0.040594,0.364857
953,1900237467,-0.289166,-0.635167,0.669831,-0.253530,-0.077290,0.036776,0.196137
954,1900270801,-0.289662,-0.636537,0.668407,-0.253284,-0.085842,-0.009843,0.184463
955,1900304135,-0.290211,-0.637904,0.666941,-0.253081,-0.024856,0.014927,0.197029
956,1900337469,-0.290656,-0.639402,0.665394,-0.252862,-0.011422,-0.069729,0.136832
957,1900370803,-0.290675,-0.641198,0.663648,-0.252880,-0.105338,-0.108748,0.164070
958,1900404137,-0.290347,-0.643330,0.661633,-0.253125,0.007283,-0.011665,0.131596
959,1900437471,-0.289761,-0.645574,0.659527,-0.253579,-0.078327,-0.054809,0.152844
960,1900470805,-0.288990,-0.647706,0.657487,-0.254315,-0.157368,-0.067520,0.142167
961,1900504139,-0.288071,-0.649657,0.655583,-0.255296,-0.160868,0.012754,0.109397
962,1900537473,-0.287129,-0.651269,0.653987,-0.256341,-0.120193,-0.033866,0.135443
963,1900570807,-0.286062,-0.652663,0.652585,-0.257558,-0.161685,-0.069862,0.142481
964,1900604141,-0.284890,-0.653939,0.651252,-0.258990,-0.186796,-0.063480,0.178487
965,1900637475,-0.284000,-0.655046,0.649937,-0.260471,-0.266404,0.005220,0.228801
966,1900670809,-0.283458,-0.656035,0.648640,-0.261800,-0.295205,-0.102738,0.162742
967,1900704143,-0.282957,-0.657196,0.647182,-0.263037,-0.326894,-0.120986,0.191852
968,1900737477,-0.282590,-0.658499,0.645569,-0.264133,-0.209021,-0.108676,0.260473
969,1900770811,-0.282288,-0.660005,0.643763,-0.265104,-0.147526,-0.104180,0.287704
970,1900804145,-0.281795,-0.661634,0.641946,-0.265972,-0.208792,-0.187058,0.240750
971,1900837479,-0.281304,-0.663130,0.640253,-0.266847,-0.236364,-0.094716,0.285887
972,1900870813,-0.281001,-0.664610,0.638467,-0.267761,-0.247760,-0.131784,0.254596
973,1900904147,-0.280748,-0.666301,0.636470,-0.268578,-0.303364,-0.238232,0.097368
974,1900937481,-0.280435,-0.668232,0.634236,-0.269390,-0.178570,-0.077506,0.144091
975,1900970815,-0.280097,-0.670164,0.632059,-0.270060,-0.254268,-0.098188,0.129477
976,1901004149,-0.279507,-0.671920,0.630207,-0.270635,-0.310784,-0.149478,0.116350
977,1901037483,-0.278662,-0.673381,0.628802,-0.271141,-0.298867,-0.064827,0.198242
978,1901070817,-0.277729,-0.674373,0.627979,-0.271540,-0.291391,-0.111288,0.157332
979,1901104151,-0.276978,-0.674751,0.627734,-0.271936,-0.301484,-0.072108,0.208404
980,1901137485,-0.276499,-0.674679,0.627888,-0.272244,-0.268411,-0.059995,0.220110
981,1901170819,-0.276196,-0.674411,0.628264,-0.272351,-0.305716,-0.143738,0.197757
982,1901204153,-0.275899,-0.674151,0.628697,-0.272295,-0.289864,-0.121891,0.150076
983,1901237487,-0.275481,-0.673979,0.629172,-0.272046,-0.223864,-0.097501,0.152575
984,1901270821,-0.275176,-0.673703,0.629773,-0.271648,-0.324810,-0.085962,0.241348
985,1901304155,-0.274988,-0.673301,0.630433,-0.271302,-0.217893,-0.115033,0.236787
986,1901337489,-0.275009,-0.672813,0.631020,-0.271129,-0.197208,-0.116403,0.213671
987,1901370823,-0.275186,-0.672257,0.631615,-0.270942,-0.155043,-0.106149,0.190763
988,1901404157,-0.275181,-0.671696,0.632251,-0.270855,-0.190331,-0.165543,0.127675
989,1901437491,-0.274935,-0.671046,0.633022,-0.270916,-0.243957,-0.073678,0.209373
990,1901470825,-0.274646,-0.670335,0.633898,-0.270921,-0.281184,-0.096940,0.150097
991,1901504159,-0.274369,-0.669562,0.634874,-0.270826,-0.270041,-0.089624,0.172072
992,1901537493,-0.274091,-0.668769,0.635956,-0.270530,-0.239548,-0.110038,0.137980
993,1901570827,-0.273658,-0.667953,0.637188,-0.270086,-0.241353,-0.112209,0.169284
994,1901604161,-0.273155,-0.667048,0.638504,-0.269723,-0.204533,-0.080123,0.231103
995,1901637495,-0.272890,-0.665975,0.639902,-0.269330,-0.224511,-0.066422,0.221223
996,1901670829,-0.272513,-0.665021,0.641122,-0.269167,-0.194363,-0.134261,0.146929
997,1901704163,-0.272095,-0.664359,0.641895,-0.269381,-0.060898,-0.153141,0.258146
998,1901737497,-0.271629,-0.663995,0.642263,-0.269872,-0.249935,-0.245778,0.201834
999,1901770831,-0.271115,-0.663815,0.642322,-0.270690,-0.316654,-0.173794,0.140350
1000,1901804165,-0.270871,-0.663711,0.642132,-0.271639,-0.263324,-0.058963,0.202638
1001,1901837499,-0.271117,-0.663708,0.641558,-0.272754,-0.309253,-0.164619,0.234695
1002,1901870833,-0.271979,-0.663794,0.640594,-0.273951,-0.244841,-0.097173,0.286035
1003,1901904167,-0.273280,-0.664206,0.639078,-0.275196,-0.136798,-0.092927,0.411398
1004,1901937501,-0.275376,-0.664847,0.637061,-0.276231,-0.080736,-0.157589,0.408126
1005,1901970835,-0.278036,-0.665922,0.634319,-0.277287,0.060417,-0.112939,0.452352
1006,1902004169,-0.281335,-0.667366,0.630943,-0.278189,0.347945,0.095560,0.332043
1007,1902037503,-0.284873,-0.669327,0.626953,-0.278896,0.535991,0.069873,0.113465
1008,1902070837,-0.288354,-0.672238,0.621899,-0.279631,0.563716,-0.010596,0.134163
1009,1902104171,-0.291317,-0.676597,0.615429,-0.280362,0.550604,-0.080928,0.168130
1010,1902137505,-0.292562,-0.682909,0.607400,-0.281268,0.585978,-0.172881,-0.035975
1011,1902170839,-0.291921,-0.690656,0.598349,-0.282416,0.459812,0.041353,-0.115912
1012,1902204173,-0.289631,-0.699420,0.588622,-0.283644,0.178826,0.094083,-0.116352
1013,1902237507,-0.286435,-0.708242,0.578757,-0.285296,0.009918,0.146872,-0.000252
1014,1902270841,-0.282803,-0.716212,0.569583,-0.287475,-0.079067,0.212176,0.105226
1015,1902304175,-0.278545,-0.723203,0.561458,-0.290101,-0.047659,0.079660,0.134656
1016,1902337509,-0.273716,-0.729382,0.554230,-0.293111,-0.197147,0.016671,0.184394
1017,1902370843,-0.268870,-0.734913,0.547604,-0.296219,-0.309277,-0.050116,0.181816
1018,1902404177,-0.264068,-0.740188,0.541064,-0.299404,-0.241501,-0.127769,0.195280
1019,1902437511,-0.259462,-0.745191,0.534638,-0.302549,-0.351191,-0.167495,0.204541
1020,1902470845,-0.255444,-0.749798,0.528589,-0.305205,-0.626334,-0.279391,0.226317
1021,1902504179,-0.251879,-0.753935,0.523135,-0.307364,-0.705232,-0.263954,0.214529
1022,1902537513,-0.249120,-0.757131,0.518751,-0.309182,-0.787028,-0.223454,0.215489
1023,1902570847,-0.247440,-0.758962,0.515999,-0.310644,-0.780712,-0.272295,0.289400
1024,1902604181,-0.246433,-0.759542,0.514778,-0.312047,-0.707736,-0.362365,0.312616
1025,1902637515,-0.246364,-0.758781,0.515138,-0.313358,-0.816590,-0.463288,0.265435
1026,1902670849,-0.246867,-0.757062,0.516567,-0.314765,-0.820992,-0.426043,0.280273
1027,1902704183,-0.247929,-0.754747,0.518746,-0.315904,-0.876950,-0.394129,0.219893
1028,1902737517,-0.249516,-0.752097,0.521452,-0.316519,-0.769735,-0.493226,0.084466
1029,1902770851,-0.251015,-0.749389,0.524444,-0.316814,-0.745774,-0.334677,0.250530
1030,1902804185,-0.252192,-0.746594,0.527916,-0.316711,-0.709942,-0.299684,0.197582
1031,1902837519,-0.253594,-0.743198,0.532332,-0.316187,-0.493482,-0.078419,0.038597
1032,1902870853,-0.254911,-0.739139,0.537595,-0.315737,-0.519180,0.076020,-0.046021
1033,1902904187,-0.256436,-0.734244,0.543876,-0.315167,-0.389004,0.063814,0.068658
1034,1902937521,-0.257645,-0.728993,0.550657,-0.314595,-0.168736,-0.188137,0.159369
1035,1902970855,-0.258108,-0.724066,0.557170,-0.314124,-0.196313,-0.164831,0.192524
1036,1903004189,-0.258229,-0.719554,0.563226,-0.313591,-0.107659,-0.112401,0.067240
1037,1903037523,-0.258233,-0.715464,0.568665,-0.313130,-0.078839,-0.073260,0.228942
1038,1903070857,-0.258380,-0.711624,0.573678,-0.312615,-0.099196,-0.130753,0.345443
1039,1903104191,-0.258486,-0.708300,0.578060,-0.312005,-0.002470,-0.398096,0.372328
1040,1903137525,-0.257935,-0.705979,0.581326,-0.311654,0.138725,-0.415784,0.333011
1041,1903170859,-0.256977,-0.704529,0.583623,-0.311432,-0.036744,-0.207674,0.249460
1042,1903204193,-0.255572,-0.703918,0.584983,-0.311419,0.142266,-0.528052,0.340957
1043,1903237527,-0.253509,-0.704327,0.585321,-0.311545,0.438284,-0.799482,0.219959
1044,1903270861,-0.248928,-0.706826,0.583529,-0.312937,1.224960,-1.291122,0.075155
1045,1903304195,-0.242485,-0.710605,0.580098,-0.315803,2.349784,-2.405305,0.038884
1046,1903337529,-0.238328,-0.712419,0.576337,-0.321712,3.120771,-2.892384,-0.306252
1047,1903370863,-0.237444,-0.712825,0.569006,-0.334271,1.539694,-1.362031,-0.195335
1048,1903404197,-0.233024,-0.716966,0.553349,-0.354216,0.615508,1.440724,0.262139
1049,1903437531,-0.210976,-0.729265,0.523561,-0.386716,0.218238,3.470585,0.630625
1050,1903470865,-0.168990,-0.745338,0.481995,-0.428485,-0.112548,3.316644,0.428194
1051,1903504199,-0.111972,-0.756320,0.433624,-0.476882,1.357323,2.522174,0.872058
1052,1903537533,-0.052328,-0.756047,0.386772,-0.525420,-0.576695,0.227730,0.560969
1053,1903570867,-0.004751,-0.745054,0.350301,-0.567596,-0.174874,0.031114,-0.519258
1054,1903604201,0.026907,-0.727487,0.329112,-0.601439,-0.301567,1.568601,-0.231771
1055,1903637535,0.050860,-0.705674,0.316067,-0.632095,0.172548,0.960825,-0.934585
1056,1903670869,0.068462,-0.679787,0.312538,-0.659944,-1.055698,0.855861,-1.330703
1057,1903704203,0.079107,-0.656985,0.319490,-0.678265,-2.596874,1.723244,-1.306673
1058,1903737537,0.087780,-0.639567,0.329740,-0.688858,-1.162515,1.063326,-1.399402
1059,1903770871,0.093771,-0.622975,0.342862,-0.696821,-0.756959,1.434763,-2.272738
1060,1903804205,0.097872,-0.606242,0.353845,-0.705472,-1.332801,1.840631,-1.779979
1061,1903837539,0.103320,-0.588890,0.357098,-0.717648,-0.898201,2.205936,-1.243724
1062,1903870873,0.110358,-0.571018,0.347946,-0.735321,-1.229631,1.278143,-1.353797
1063,1903904207,0.114109,-0.556283,0.330828,-0.753714,-2.121946,0.133360,0.486545
1064,1903937541,0.114550,-0.544799,0.308669,-0.771233,-1.555636,-0.191291,0.490697
1065,1903970875,0.110588,-0.539999,0.285447,-0.784025,-1.707908,-1.429788,1.023177
1066,1904004209,0.102249,-0.542984,0.265417,-0.790108,-1.661451,-1.796012,1.970227
1067,1904037543,0.091683,-0.552271,0.249177,-0.790257,-1.791157,-2.115348,3.096774
1068,1904070877,0.083481,-0.564168,0.238508,-0.786043,-1.439532,-1.433715,1.922448
1069,1904104211,0.084429,-0.577162,0.226532,-0.780028,-1.077747,-1.112629,0.855974
1070,1904137545,0.097100,-0.590350,0.207080,-0.774068,-0.991252,-1.312576,0.891893
1071,1904170879,0.116554,-0.601883,0.181569,-0.768888,-0.833453,-1.151094,0.802681
1072,1904204213,0.136298,-0.611193,0.154282,-0.764243,-0.766212,-1.274783,0.306395
1073,1904237547,0.150452,-0.619233,0.129499,-0.759703,-0.369040,-1.137630,-0.182410
1074,1904270881,0.158644,-0.626433,0.107791,-0.755512,0.171860,-0.478570,0.214305
1075,1904304215,0.164720,-0.631812,0.088068,-0.752283,1.015049,-0.144116,0.622053
1076,1904337549,0.172998,-0.633286,0.070040,-0.751079,2.064680,0.427832,1.805784
1077,1904370883,0.185158,-0.628873,0.055872,-0.753073,2.177589,0.597353,2.707415
1078,1904404217,0.199109,-0.618051,0.050434,-0.758834,1.978024,0.205303,2.583839
1079,1904437551,0.213912,-0.600258,0.053430,-0.768818,2.396570,0.275828,2.998489
1080,1904470885,0.232313,-0.573859,0.061203,-0.782927,1.595547,0.145549,2.772967
1081,1904504219,0.251344,-0.539631,0.072824,-0.800203,0.956388,-0.284779,2.177388
1082,1904537553,0.267327,-0.499099,0.089883,-0.819366,0.590575,-0.438930,2.998285
1083,1904570887,0.280223,-0.451893,0.110574,-0.839670,-0.268812,-0.947576,2.463388
1084,1904604221,0.290639,-0.399808,0.133676,-0.858963,-0.731764,-1.619529,0.929186
1085,1904637555,0.296059,-0.347898,0.162775,-0.874543,-0.898760,-2.214159,-1.722042
1086,1904670889,0.294818,-0.301743,0.201207,-0.884055,-1.132074,-1.939077,-3.351612
1087,1904704223,0.288587,-0.262742,0.243320,-0.887966,-0.874743,-1.057605,-3.022168
1088,1904737557,0.279372,-0.230498,0.277865,-0.889729,-0.659825,-0.953609,-2.832336
1089,1904770891,0.267202,-0.205929,0.305390,-0.890470,-0.309303,-0.838122,-2.596352
1090,1904804225,0.253833,-0.188840,0.324324,-0.891474,-2.541398,-0.565640,-0.931826
1091,1904837559,0.243783,-0.176840,0.331704,-0.894022,-4.180317,0.097864,-0.580135
1092,1904870893,0.240508,-0.170456,0.332671,-0.895787,-3.964643,-0.127020,-2.489295
1093,1904904227,0.242449,-0.171559,0.333488,-0.894749,-3.272767,-0.016309,-3.083157
1094,1904937561,0.245570,-0.179452,0.330857,-0.893325,-2.378011,-0.759407,-2.801270
1095,1904970895,0.245381,-0.191502,0.322713,-0.893854,-1.223388,-1.165503,-2.301796
1096,1905004229,0.240171,-0.206661,0.307481,-0.897256,-0.436848,-0.768483,-2.609854
1097,1905037563,0.229583,-0.226542,0.287228,-0.901928,-0.241759,0.457957,-2.302789
1098,1905070897,0.214657,-0.252052,0.258692,-0.907455,0.397560,0.256021,-2.470003
1099,1905104231,0.199804,-0.278394,0.213424,-0.914893,-0.603059,0.685492,1.696322
1100,1905137565,0.190114,-0.299672,0.152249,-0.922430,-0.829550,0.075813,3.325925
1101,1905170899,0.188211,-0.313233,0.095373,-0.925943,-0.573147,-1.036514,3.600187
1102,1905204233,0.188496,-0.321465,0.068981,-0.925405,0.714783,-2.895116,2.022904
1103,1905237567,0.183805,-0.326525,0.080433,-0.923651,1.856492,-0.816704,1.893860
1104,1905270901,0.176257,-0.327899,0.107017,-0.921937,2.117830,1.246030,2.123012
1105,1905304235,0.171370,-0.323123,0.125668,-0.922191,2.390040,2.467696,2.220694
1106,1905337569,0.172351,-0.311464,0.123299,-0.926330,1.964919,2.100043,1.257084
1107,1905370903,0.176012,-0.295513,0.111811,-0.932306,1.617227,0.995435,0.625023
1108,1905404237,0.179480,-0.278713,0.109446,-0.937087,1.104147,-0.249252,0.114151
1109,1905437571,0.182502,-0.263288,0.124510,-0.939081,0.511560,0.014905,-0.237273
1110,1905470905,0.185894,-0.249494,0.151627,-0.938195,-0.099891,0.266497,0.142151
1111,1905504239,0.191498,-0.235569,0.178702,-0.935898,-0.908612,0.429053,0.739931
1112,1905537573,0.200026,-0.222228,0.203623,-0.932280,-0.443230,-1.104915,-0.624901
1113,1905570907,0.207821,-0.215684,0.252945,-0.919953,0.033875,-3.269637,-2.529236
1114,1905604241,0.214251,-0.215727,0.320559,-0.897109,-1.115771,0.977611,-1.898983
1115,1905637575,0.220622,-0.218756,0.364741,-0.877747,-0.908193,2.031590,0.627299
1116,1905670909,0.228593,-0.219099,0.359312,-0.877861,-0.238595,0.009738,0.852094
1117,1905704243,0.233695,-0.216190,0.315212,-0.894033,-0.375835,0.176420,-0.319882
1118,1905737577,0.231848,-0.213386,0.248539,-0.915940,-0.211761,-0.983470,-3.363367
1119,1905770911,0.220267,-0.219747,0.198295,-0.929450,0.422385,-3.554757,-5.308241
1120,1905804245,0.198732,-0.240841,0.192937,-0.930205,-1.199676,-2.501367,-4.140299
1121,1905837579,0.166256,-0.272816,0.216659,-0.922493,-2.750800,-1.515406,-2.738053
1122,1905870913,0.122722,-0.311756,0.252145,-0.907841,-4.146789,-0.684409,-2.280132
1123,1905904247,0.069942,-0.355760,0.289874,-0.885731,-5.487719,0.167480,-2.004186
1124,1905937581,0.014604,-0.403216,0.315484,-0.858882,-5.853113,1.623926,0.118320
1125,1905970915,-0.020043,-0.454037,0.288681,-0.842684,-3.364626,4.629433,3.364912
1126,1906004249,-0.011807,-0.507572,0.197961,-0.838479,-3.637971,4.473992,2.353719
1127,1906037583,0.028125,-0.555681,0.093087,-0.825692,-5.034940,1.494132,1.507387
1128,1906070917,0.071237,-0.594236,0.024469,-0.800759,-4.328107,-1.564192,2.231949
1129,1906104251,0.106824,-0.627105,-0.000766,-0.771577,-1.330617,-1.056191,3.482619
1130,1906137585,0.107453,-0.648688,0.026895,-0.752953,17.042583,-6.468548,7.927706
1131,1906170919,0.066463,-0.658219,0.111352,-0.741576,6.972366,-4.078056,10.400188
1132,1906204253,0.055878,-0.644948,0.132807,-0.750524,4.406165,6.024447,0.706542
1133,1906237587,0.081771,-0.634179,0.093402,-0.763158,-1.005615,2.751351,0.473099
1134,1906270921,0.114602,-0.621724,0.038255,-0.773864,-0.815288,-0.047976,-1.299880
1135,1906304255,0.132922,-0.610155,0.000479,-0.781055,-2.322902,-1.755521,-0.278234
1136,1906337589,0.131290,-0.601361,-0.007498,-0.788084,-2.309242,-0.592367,-0.450751
1137,1906370923,0.118346,-0.595351,0.005674,-0.794684,-2.135647,-0.318291,-0.466783
1138,1906404257,0.098566,-0.590654,0.035310,-0.800106,-2.278855,0.099701,-0.768472
1139,1906437591,0.077012,-0.586184,0.073996,-0.803110,-2.568873,0.702079,-1.019614
1140,1906470925,0.058874,-0.582512,0.112597,-0.802832,-2.459420,0.906395,-1.022268
1141,1906504259,0.046163,-0.581236,0.145192,-0.799348,-2.190791,0.985790,-0.566639
1142,1906537593,0.040742,-0.583538,0.166038,-0.793889,-1.547564,0.999472,-0.237715
1143,1906570927,0.042730,-0.589813,0.173027,-0.787630,-1.229728,0.800573,-0.179449
1144,1906604261,0.051902,-0.599246,0.165548,-0.781542,-1.066782,0.057272,0.015852
1145,1906637595,0.064536,-0.610509,0.150121,-0.774973,-0.812919,-0.568994,-0.011170
1146,1906670929,0.077371,-0.622658,0.132779,-0.767258,-0.157581,-1.001617,0.420458
1147,1906704263,0.085631,-0.634712,0.121161,-0.758375,1.546554,-2.032019,1.323705
1148,1906737597,0.078677,-0.640168,0.129291,-0.753182,4.296011,-1.707423,3.048168
1149,1906770931,0.067892,-0.637686,0.144664,-0.753541,1.930158,-0.025397,1.137788
1150,1906804265,0.063576,-0.633124,0.145813,-0.757532,0.096752,0.123669,0.258125
1151,1906837599,0.063344,-0.628383,0.140413,-0.762503,-1.096321,-0.442542,-0.416582
1152,1906870933,0.058739,-0.625062,0.138885,-0.765873,-1.505877,-0.477394,-0.285303
1153,1906904267,0.050243,-0.623606,0.141959,-0.767101,-1.654545,-0.019928,-0.186197
1154,1906937601,0.041290,-0.624400,0.145894,-0.766250,-1.309567,0.097607,0.174901
1155,1906970935,0.037649,-0.628338,0.144344,-0.763507,-1.442499,0.846827,0.058526
1156,1907004269,0.047073,-0.634758,0.130009,-0.760243,-0.546040,2.085531,0.146134
1157,1907037603,0.069188,-0.639184,0.102148,-0.759096,0.798653,0.727953,0.802602
1158,1907070937,0.090365,-0.640056,0.077223,-0.759080,0.918109,-0.612828,0.204876
1159,1907104271,0.096220,-0.638791,0.072125,-0.759928,1.475175,-1.803125,-0.279623
1160,1907137605,0.090744,-0.637238,0.077333,-0.761392,1.180645,-0.253889,-0.579083
1161,1907170939,0.082852,-0.635850,0.080991,-0.763069,0.732369,0.125003,-0.458300
1162,1907204273,0.073123,-0.634202,0.084113,-0.765095,0.179423,0.208055,0.179545
1163,1907237607,0.063854,-0.632263,0.086756,-0.767231,-0.582076,0.600762,-0.002500
1164,1907270941,0.059453,-0.632890,0.085943,-0.767159,-0.916840,1.049792,0.600501
1165,1907304275,0.067516,-0.636363,0.074551,-0.764808,-1.007803,1.270012,0.625370
1166,1907337609,0.088171,-0.641352,0.051756,-0.760407,-0.857611,0.568956,-0.010378
1167,1907370943,0.113421,-0.645929,0.025943,-0.754481,-0.584056,-1.112679,-0.050394
1168,1907404277,0.125419,-0.649334,0.016747,-0.749906,0.782438,-1.863377,0.148405
1169,1907437611,0.127493,-0.652024,0.016023,-0.747234,0.955100,-1.404465,0.091937
1170,1907470945,0.126637,-0.653748,0.014412,-0.745904,0.415439,-1.289746,0.192776
1171,1907504279,0.122016,-0.655152,0.016841,-0.745391,0.062845,-0.845025,0.051995
1172,1907537613,0.115549,-0.656738,0.023104,-0.744859,-0.313554,-0.191524,0.098150
1173,1907570947,0.110017,-0.658142,0.029435,-0.744233,-0.393153,0.295996,0.068714
1174,1907604281,0.106884,-0.659254,0.034604,-0.743483,-0.013281,0.213374,-0.165015
1175,1907637615,0.104861,-0.660737,0.039866,-0.742190,0.064358,0.103479,-0.272962
1176,1907670949,0.103106,-0.663198,0.044969,-0.739946,0.380225,0.206977,-0.118402
1177,1907704283,0.104008,-0.666180,0.046081,-0.737067,0.424522,0.333028,0.349221
1178,1907737617,0.107053,-0.668498,0.042907,-0.734720,0.172760,0.214435,0.477564
1179,1907770951,0.109753,-0.670001,0.038937,-0.733172,-0.017198,0.052535,-0.053074
1180,1907804285,0.111634,-0.671304,0.034763,-0.731905,-0.305594,-0.135504,-0.313236
1181,1907837619,0.111255,-0.672827,0.031528,-0.730709,-0.563478,-0.272207,-0.553467
1182,1907870953,0.107872,-0.675173,0.029984,-0.729116,-0.477999,-0.092080,0.070256
1183,1907904287,0.104088,-0.677888,0.028835,-0.727190,-0.483098,-0.080974,0.635321
1184,1907937621,0.100293,-0.680692,0.029820,-0.725062,-0.020630,-0.304571,0.324985
1185,1907970955,0.095882,-0.683306,0.033474,-0.723038,0.529327,0.164826,0.543207
1186,1908004289,0.093479,-0.684832,0.035703,-0.721801,0.558388,0.234424,0.695983
1187,1908037623,0.093447,-0.684861,0.036087,-0.721758,0.231882,0.411695,0.409451
1188,1908070957,0.095491,-0.683725,0.034361,-0.722652,-0.195438,0.330185,0.302639
1189,1908104291,0.097661,-0.681920,0.032513,-0.724151,-0.404261,0.189873,0.219015
1190,1908137625,0.098983,-0.680051,0.032769,-0.725716,-0.434677,0.207497,0.096900
1191,1908170959,0.100544,-0.678251,0.035445,-0.727059,-0.116992,0.735135,0.224485
1192,1908204293,0.105130,-0.676251,0.037238,-0.728183,0.171234,1.202808,0.530519
1193,1908237627,0.114733,-0.673981,0.033782,-0.729005,0.391043,0.765106,0.475916
1194,1908270961,0.127900,-0.671916,0.025793,-0.729047,0.225005,0.267672,0.500074
1195,1908304295,0.142480,-0.670387,0.015334,-0.728045,0.021646,0.175770,0.429147
1196,1908337629,0.158671,-0.668779,0.000801,-0.726334,-0.092564,0.072278,0.195776
1197,1908370963,0.176014,-0.666343,-0.019110,-0.724324,0.028694,-0.292458,0.129823
1198,1908404297,0.192052,-0.663169,-0.042044,-0.722191,-0.019259,-0.596985,-0.046515
1199,1908437631,0.204920,-0.660074,-0.064136,-0.719862,-0.635996,-0.522197,0.020088
1200,1908470965,0.216077,-0.656905,-0.084318,-0.717413,-0.733716,-0.315291,0.358807
1201,1908504299,0.228374,-0.653267,-0.103550,-0.714402,-0.860592,-0.622594,0.136955
1202,1908537633,0.240575,-0.649871,-0.120432,-0.710839,-0.808843,-0.829908,0.025701
1203,1908570967,0.250358,-0.647679,-0.131898,-0.707417,-0.936250,-1.194453,0.095798
1204,1908604301,0.257612,-0.646577,-0.137702,-0.704710,-0.980716,-0.868315,-0.228277
1205,1908637635,0.264420,-0.645911,-0.142125,-0.701916,-0.847253,-0.870760,-0.155026
1206,1908670969,0.269604,-0.645826,-0.144964,-0.699437,-0.366224,-0.681541,0.033090
1207,1908704303,0.273401,-0.646371,-0.146335,-0.697170,-0.000043,-0.790700,-0.002817
1208,1908737637,0.275216,-0.646846,-0.147112,-0.695851,0.388885,-0.453306,0.607996
1209,1908770971,0.275108,-0.647103,-0.146706,-0.695741,0.373600,-0.405201,0.403709
1210,1908804305,0.272984,-0.648006,-0.144100,-0.696281,-0.031462,-0.420376,0.213913
1211,1908837639,0.271090,-0.648831,-0.141817,-0.696721,-0.600251,-0.179476,0.268464
1212,1908870973,0.271884,-0.648254,-0.143466,-0.696611,-0.772661,-0.112198,0.200442
1213,1908904307,0.273250,-0.647515,-0.146119,-0.696213,-0.437781,-0.925212,-0.299835
1214,1908937641,0.272133,-0.648541,-0.144710,-0.695990,-0.410366,-0.785244,-0.203084
1215,1908970975,0.269602,-0.650288,-0.140425,-0.696222,-0.560774,-0.421237,-0.202949
1216,1909004309,0.268374,-0.651116,-0.137664,-0.696474,-0.433084,-0.015022,0.028190
1217,1909037643,0.267403,-0.651423,-0.134891,-0.697104,-0.065919,-0.396608,0.168156
1218,1909070977,0.264177,-0.652439,-0.129131,-0.698472,-0.146033,-0.511094,0.214792
1219,1909104311,0.258897,-0.654263,-0.120584,-0.700269,-0.133364,-0.642631,0.188183
1220,1909137645,0.252045,-0.656540,-0.110883,-0.702238,-0.092649,-0.828698,0.193027
1221,1909170979,0.242726,-0.658994,-0.100548,-0.704773,-0.128863,-0.864993,0.113219
1222,1909204313,0.230421,-0.661908,-0.088564,-0.707775,-0.422470,-0.415148,0.172575
1223,1909237647,0.217531,-0.664336,-0.077819,-0.710835,-0.450819,0.040331,0.233552
1224,1909270981,0.205797,-0.666402,-0.070542,-0.713151,-0.537654,-0.247073,0.182471
1225,1909304315,0.194972,-0.668495,-0.064961,-0.714762,-0.390171,0.324363,0.365169
1226,1909337649,0.185279,-0.670220,-0.060102,-0.716149,-0.193526,0.342982,0.185246
1227,1909370983,0.175477,-0.671672,-0.053557,-0.717775,-0.002864,0.235484,-0.005427
1228,1909404317,0.167369,-0.672189,-0.046959,-0.719687,-0.017116,0.914019,0.353624
1229,1909437651,0.163496,-0.671543,-0.043659,-0.721385,-0.026280,0.414142,0.339423
1230,1909470985,0.160623,-0.671360,-0.040408,-0.722390,-0.168589,0.096889,0.273563
1231,1909504319,0.158345,-0.671449,-0.037732,-0.722955,-0.169710,-0.093158,0.375254
1232,1909537653,0.156778,-0.671490,-0.036339,-0.723330,-0.273919,-0.311333,0.184067
1233,1909570987,0.153453,-0.672040,-0.033777,-0.723656,-0.044078,-0.701157,0.086403
1234,1909604321,0.147246,-0.672909,-0.028809,-0.724352,-0.265220,-0.302660,0.124423
1235,1909637655,0.139389,-0.673706,-0.022504,-0.725389,-0.385700,-0.170327,0.033474
1236,1909670989,0.131005,-0.674727,-0.015504,-0.726185,-0.495985,-0.089656,0.009885
1237,1909704323,0.122849,-0.676072,-0.008279,-0.726478,-0.539774,0.106527,-0.022683
1238,1909737657,0.116047,-0.677555,-0.002747,-0.726257,-0.369687,0.122754,0.165277
1239,1909770991,0.109731,-0.679067,0.002159,-0.725828,-0.342168,0.140168,0.273347
1240,1909804325,0.103239,-0.680413,0.007328,-0.725487,-0.253312,0.043651,0.248509
1241,1909837659,0.095878,-0.681476,0.013484,-0.725411,-0.443831,-0.151228,0.245762
1242,1909870993,0.087514,-0.682510,0.020922,-0.725319,-0.576499,-0.197487,0.299729
1243,1909904327,0.078665,-0.683701,0.029083,-0.724930,-0.623435,-0.117361,0.217396
1244,1909937661,0.071459,-0.684974,0.035710,-0.724177,-0.705972,0.022017,0.199552
1245,1909970995,0.068750,-0.686318,0.037245,-0.723089,-0.352616,-0.064579,0.214866
1246,1910004329,0.073614,-0.687554,0.030274,-0.721760,0.340465,-0.113474,0.567995
1247,1910037663,0.082305,-0.687703,0.017908,-0.721092,0.585686,-1.836122,0.471083
1248,1910070997,0.080380,-0.687724,0.016690,-0.721318,0.003551,-1.941845,0.041940
1249,1910104331,0.065903,-0.688612,0.031891,-0.721428,-0.546806,-0.450294,0.066267
1250,1910137665,0.047406,-0.688910,0.053296,-0.721331,-0.021753,0.626591,0.124662
1251,1910170999,0.031356,-0.687681,0.072599,-0.721696,0.475834,0.683601,0.325647
1252,1910204333,0.015760,-0.685398,0.091784,-0.722192,0.625307,0.742754,0.249254
1253,1910237667,-0.000526,-0.682691,0.111086,-0.722216,0.864026,0.640685,0.071182
1254,1910271001,-0.013455,-0.680107,0.125699,-0.722134,1.154431,1.099202,0.104195
1255,1910304335,-0.019196,-0.678241,0.131012,-0.722814,0.974295,1.085640,0.065537
1256,1910337669,-0.019207,-0.677154,0.128387,-0.724303,0.657810,0.475043,0.003402
1257,1910371003,-0.018127,-0.675895,0.124688,-0.726150,0.627323,0.055757,0.081541
1258,1910404337,-0.017845,-0.674472,0.122116,-0.727916,0.268151,0.077042,0.027206
1259,1910437671,-0.017761,-0.673466,0.121229,-0.728996,0.282764,0.445623,0.359444
1260,1910471005,-0.014714,-0.672622,0.119323,-0.730157,0.294345,0.359210,0.284250
1261,1910504339,-0.009370,-0.671751,0.116137,-0.731559,0.126770,-0.074534,0.041004
1262,1910537673,-0.005113,-0.671074,0.115456,-0.732330,0.111280,-0.095516,0.041286
1263,1910571007,-0.000711,-0.671125,0.114074,-0.732517,0.294570,-0.154425,-0.203526
1264,1910604341,0.004745,-0.671870,0.110242,-0.732406,0.283692,-0.245021,-0.183767
1265,1910637675,0.010730,-0.673090,0.105511,-0.731920,0.072141,-0.117678,0.183360
1266,1910671009,0.016393,-0.673996,0.101547,-0.731542,-0.151693,-0.174597,0.339874
1267,1910704343,0.022188,-0.674818,0.097533,-0.731177,-0.000922,-0.302699,0.181772
1268,1910737677,0.026726,-0.675601,0.094377,-0.730716,0.144105,-0.288591,-0.078889
1269,1910771011,0.028412,-0.676083,0.093696,-0.730294,0.203798,0.246505,-0.056272
1270,1910804345,0.030077,-0.676455,0.092429,-0.730045,0.163128,0.788190,0.297358
1271,1910837679,0.034722,-0.677022,0.087249,-0.729950,-0.002840,0.791374,0.536183
1272,1910871013,0.042513,-0.677333,0.079413,-0.730144,-0.121817,0.563471,0.450035
1273,1910904347,0.051909,-0.676993,0.072437,-0.730577,-0.166605,-0.098051,0.315805
1274,1910937681,0.061685,-0.676119,0.068953,-0.730964,-0.302318,-0.383242,0.411454
1275,1910971015,0.073082,-0.674919,0.067124,-0.731192,-0.259692,-0.451901,0.437067
1276,1911004349,0.087800,-0.673403,0.062361,-0.731392,-0.244991,-0.882984,0.421493
1277,1911037683,0.103451,-0.671453,0.055295,-0.731707,-0.025100,-0.905631,0.231549
1278,1911071017,0.118018,-0.669068,0.045506,-0.732362,-0.034257,-1.465272,0.108471
1279,1911104351,0.126656,-0.666475,0.038217,-0.733698,-0.027604,-1.766046,-0.019734
1280,1911137685,0.125528,-0.664292,0.039615,-0.735794,-0.106104,-1.693285,0.015570
1281,1911171019,0.117007,-0.662535,0.048588,-0.738241,-0.134367,-0.852742,0.294246
1282,1911204353,0.107354,-0.660442,0.058546,-0.740856,-0.180438,-0.335588,0.174393
1283,1911237687,0.098070,-0.658108,0.068109,-0.743398,-0.146230,-0.315219,0.006044
1284,1911271021,0.087431,-0.655662,0.079487,-0.745754,-0.071089,-0.170697,-0.087871
1285,1911304355,0.075148,-0.653486,0.091998,-0.747563,0.050816,0.071880,-0.237910
1286,1911337689,0.061863,-0.652232,0.104517,-0.748230,0.094237,0.323356,-0.300734
1287,1911371023,0.048001,-0.651961,0.117281,-0.747591,0.409308,0.642612,0.322562
1288,1911404357,0.036390,-0.651804,0.128721,-0.746500,0.602265,0.682485,0.314246
1289,1911437691,0.028927,-0.651974,0.137141,-0.745178,0.548595,0.522473,0.471575
1290,1911471025,0.025469,-0.652258,0.142414,-0.744065,0.655730,0.698497,0.317904
1291,1911504359,0.024545,-0.651942,0.145722,-0.743733,0.404172,0.606895,0.051470
1292,1911537693,0.026588,-0.650981,0.146739,-0.744304,0.153264,0.572668,-0.070790
1293,1911571027,0.030627,-0.649707,0.146019,-0.745403,0.174185,0.238027,-0.207905
1294,1911604361,0.034777,-0.648474,0.145840,-0.746329,0.300882,0.087270,-0.092521
1295,1911637695,0.040084,-0.647714,0.143737,-0.747130,0.293236,0.133654,-0.064803
1296,1911671029,0.046990,-0.647632,0.138773,-0.747738,0.189313,0.082627,0.205830
1297,1911704363,0.054752,-0.647684,0.131788,-0.748428,0.201216,-0.014055,0.665904
1298,1911737697,0.063448,-0.646901,0.123936,-0.749758,0.057187,-0.378776,1.216109
1299,1911771031,0.072560,-0.644858,0.118392,-0.751585,-0.294709,-0.712152,0.475304
1300,1911804365,0.080979,-0.643110,0.117241,-0.752403,-0.424086,-0.847839,-0.076678
1301,1911837699,0.090382,-0.642114,0.116594,-0.752284,-0.412368,-0.633273,-0.066173
1302,1911871033,0.100714,-0.641909,0.113914,-0.751557,-0.385342,-0.959117,-0.242995
1303,1911904367,0.109516,-0.642464,0.110663,-0.750336,-0.175423,-1.014558,-0.220659
1304,1911937701,0.115964,-0.643496,0.107323,-0.748967,-0.263124,-1.271197,0.356050
1305,1911971035,0.120107,-0.644426,0.104641,-0.747893,-0.233219,-1.368295,0.707346
1306,1912004369,0.121782,-0.644593,0.103397,-0.747651,-0.296743,-1.577108,1.117700
1307,1912037703,0.120124,-0.643105,0.105862,-0.748855,-0.382952,-1.682787,0.479290
1308,1912071037,0.114355,-0.640269,0.114128,-0.750971,-0.418637,-1.766939,-0.302169
1309,1912104371,0.102331,-0.636865,0.129213,-0.753153,-0.557316,-1.589203,-0.418106
1310,1912137705,0.084240,-0.633305,0.148216,-0.754894,-0.504589,-0.962660,-0.401047
1311,1912171039,0.063577,-0.630003,0.164917,-0.756215,-0.514623,-0.426891,-0.354218
1312,1912204373,0.042367,-0.627473,0.176028,-0.757299,-0.464058,0.047608,-0.263920
1313,1912237707,0.021553,-0.626207,0.180767,-0.758108,-0.411870,0.295821,-0.369740
1314,1912271041,0.002278,-0.626489,0.179658,-0.758441,-0.302924,0.721717,-0.469412
1315,1912304375,-0.014329,-0.628462,0.173260,-0.758166,-0.161009,1.038908,-0.447989
1316,1912337709,-0.027543,-0.632117,0.162537,-0.757136,-0.040508,1.336906,0.001029
1317,1912371043,-0.037073,-0.636698,0.148612,-0.755751,0.115848,1.589150,0.230031
1318,1912404377,-0.042357,-0.641505,0.133151,-0.754289,0.531255,1.791956,0.305012
1319,1912437711,-0.042522,-0.645462,0.117354,-0.753527,0.543559,1.852144,0.782582
1320,1912471045,-0.038722,-0.647115,0.104687,-0.754180,0.152958,1.637007,0.746077
1321,1912504379,-0.033556,-0.646065,0.099884,-0.755977,-0.205279,1.242018,0.672589
1322,1912537713,-0.029204,-0.642736,0.105527,-0.758225,-0.308052,0.997682,0.805640
1323,1912571047,-0.026030,-0.637965,0.120259,-0.760175,-0.135960,1.024431,0.720486
1324,1912604381,-0.021907,-0.632836,0.138486,-0.761489,0.092860,0.940556,0.305992
1325,1912637715,-0.015177,-0.628358,0.155069,-0.762164,0.132446,0.791513,-0.055471
1326,1912671049,-0.005563,-0.625128,0.166770,-0.762480,0.139569,0.579269,-0.299174
1327,1912704383,0.006173,-0.623386,0.172485,-0.762631,0.203076,0.334259,-0.464734
1328,1912737717,0.019245,-0.623205,0.171876,-0.762698,-0.084158,-0.026551,-0.354904
1329,1912771051,0.032901,-0.624368,0.165153,-0.762765,-0.177030,-0.289989,0.053800
1330,1912804385,0.045920,-0.626444,0.154751,-0.762572,-0.131355,-0.555216,0.427553
1331,1912837719,0.059843,-0.628736,0.139808,-0.762606,-0.316833,-1.231619,0.629408
1332,1912871053,0.071836,-0.630573,0.125282,-0.762578,-0.398393,-1.477972,0.505260
1333,1912904387,0.078282,-0.632341,0.115560,-0.762015,-0.554025,-1.610930,0.366018
1334,1912937721,0.077460,-0.634007,0.112783,-0.761130,-0.372250,-1.115970,0.223887
1335,1912971055,0.070850,-0.635388,0.114757,-0.760327,-0.239942,-0.682033,-0.140326
1336,1913004389,0.060741,-0.636709,0.118645,-0.759500,-0.143108,-0.338962,-0.267011
1337,1913037723,0.049320,-0.638070,0.122821,-0.758521,-0.069517,0.052159,-0.218054
1338,1913071057,0.038351,-0.639619,0.126051,-0.757319,-0.067609,0.347805,-0.057934
1339,1913104391,0.030437,-0.641163,0.125916,-0.756395,-0.145183,0.581825,0.122226
1340,1913137725,0.026274,-0.642202,0.123356,-0.756091,-0.154182,0.609792,0.508291
1341,1913171059,0.023705,-0.642471,0.122044,-0.756161,-0.251987,0.401755,0.502911
1342,1913204393,0.022020,-0.642194,0.123175,-0.756263,0.025141,0.238251,0.533839
1343,1913237727,0.020207,-0.641483,0.127598,-0.756184,0.117868,-0.034684,0.642035
1344,1913271061,0.017494,-0.640294,0.134855,-0.756000,0.152761,0.231916,0.701413
1345,1913304395,0.014784,-0.639040,0.141103,-0.755979,0.203142,0.127547,0.807939
1346,1913337729,0.013142,-0.637995,0.145100,-0.756135,0.203330,0.391463,0.220184
1347,1913371063,0.014278,-0.637725,0.145565,-0.756253,0.174917,0.367711,0.120173
1348,1913404397,0.018277,-0.638396,0.142554,-0.756175,0.139424,0.337315,-0.302104
1349,1913437731,0.025402,-0.639675,0.136096,-0.756077,0.038818,0.440322,-0.234780
1350,1913471065,0.034560,-0.640811,0.126620,-0.756398,0.020330,0.410474,-0.025933
1351,1913504399,0.043887,-0.641355,0.114483,-0.757388,0.320226,0.255458,0.187335
1352,1913537733,0.055023,-0.641197,0.098577,-0.759029,-0.195258,0.323406,0.104337
1353,1913571067,0.064854,-0.640884,0.082548,-0.760429,-0.391677,0.124052,-0.090797
1354,1913604401,0.071652,-0.640836,0.069994,-0.761118,-0.296705,-0.366262,-0.206397
1355,1913637735,0.073010,-0.640907,0.064936,-0.761377,-0.038938,-0.335610,-0.105959
1356,1913671069,0.070399,-0.640633,0.065410,-0.761813,0.168484,0.064113,-0.002310
1357,1913704403,0.066956,-0.639853,0.066706,-0.762666,0.007603,0.319615,0.132063
1358,1913737737,0.062809,-0.638808,0.068540,-0.763731,-0.560585,0.429258,0.229761
1359,1913771071,0.056345,-0.637386,0.073196,-0.764991,-0.180374,0.193090,0.608286
1360,1913804405,0.047396,-0.635788,0.082425,-0.765988,-0.228255,0.258227,0.510106
1361,1913837739,0.038581,-0.634676,0.093793,-0.766097,-0.244577,0.719158,0.133340
1362,1913871073,0.033945,-0.634164,0.101174,-0.765801,0.167258,0.812676,-0.044613
1363,1913904407,0.035682,-0.634509,0.101132,-0.765442,-0.069243,0.666881,0.018502
1364,1913937741,0.041461,-0.635131,0.095941,-0.765304,-0.424730,0.398545,0.134251
1365,1913971075,0.046839,-0.635305,0.091475,-0.765396,-0.672757,-0.284801,1.020920
1366,1914004409,0.049282,-0.633280,0.093426,-0.766684,-0.591454,-1.158808,0.447228
1367,1914037743,0.046570,-0.629282,0.104132,-0.768763,-0.590954,-1.135171,-0.296798
1368,1914071077,0.037500,-0.623498,0.118796,-0.771840,-0.104124,-1.231322,-0.604653
1369,1914104411,0.023850,-0.616771,0.131980,-0.775635,-0.226099,-1.010127,-0.654379
1370,1914137745,0.007654,-0.610506,0.141949,-0.779152,-0.484811,-0.692684,-0.735093
1371,1914171079,-0.009067,-0.605892,0.147549,-0.781695,-0.325709,-0.664558,-0.092688
1372,1914204413,-0.023869,-0.604214,0.148794,-0.782445,-0.697386,-0.819920,0.873466
1373,1914237747,-0.036553,-0.604145,0.149342,-0.781904,-0.930684,-0.180001,0.888297
1374,1914271081,-0.043526,-0.604246,0.144589,-0.782362,0.264938,0.024883,0.942613
1375,1914304415,-0.047187,-0.605554,0.140811,-0.781827,0.323563,-0.310725,0.159059
1376,1914337749,-0.049836,-0.607896,0.139731,-0.780037,0.449397,-0.261951,-0.081971
1377,1914371083,-0.050290,-0.611319,0.136825,-0.777845,0.377539,0.580935,-0.134097
1378,1914404417,-0.049261,-0.614618,0.128231,-0.776775,0.219917,0.300086,-0.483061
1379,1914437751,-0.048682,-0.617315,0.118365,-0.776239,0.178213,0.343111,-0.159269
1380,1914471085,-0.051843,-0.619163,0.114965,-0.775072,0.033600,0.122293,0.363761
1381,1914504419,-0.057709,-0.619221,0.120593,-0.773755,-0.184518,0.190450,0.274006
1382,1914537753,-0.063567,-0.617540,0.131820,-0.772808,-0.030982,0.212632,-0.086143
1383,1914571087,-0.067456,-0.615869,0.144106,-0.771617,0.153879,0.169038,-0.389840
1384,1914604421,-0.069082,-0.615846,0.153427,-0.769692,0.330349,0.118433,-0.411355
1385,1914637755,-0.069063,-0.617632,0.157448,-0.767447,0.265714,0.225354,-0.306697
1386,1914671089,-0.068826,-0.620193,0.157703,-0.765348,0.209801,0.152075,-0.102224
1387,1914704423,-0.069900,-0.622313,0.157615,-0.763546,0.467344,0.132302,0.140523
1388,1914737757,-0.071974,-0.623468,0.159097,-0.762102,0.491325,-0.057008,0.241965
1389,1914771091,-0.074769,-0.622867,0.163356,-0.761423,0.525323,-0.044692,0.473244
1390,1914804425,-0.078457,-0.619914,0.171032,-0.761776,0.366583,-0.137115,0.459276
1391,1914837759,-0.083242,-0.614876,0.182209,-0.762760,0.313896,-0.165204,0.685019
1392,1914871093,-0.087845,-0.609233,0.194626,-0.763704,0.366396,-0.072511,0.528937
1393,1914904427,-0.090371,-0.604764,0.204505,-0.764379,0.529326,-0.000591,0.507718
1394,1914937761,-0.088978,-0.602937,0.208419,-0.764928,0.685707,0.098648,0.399271
1395,1914971095,-0.082145,-0.604211,0.203854,-0.765917,0.637265,0.124927,0.452602
1396,1915004429,-0.071043,-0.606958,0.193016,-0.767662,0.460750,-0.079236,0.138430
1397,1915037763,-0.059432,-0.608671,0.181347,-0.770133,0.102695,0.013361,0.102532
1398,1915071097,-0.049864,-0.608268,0.171309,-0.773422,-0.213300,-0.290338,0.134963
1399,1915104431,-0.045293,-0.605979,0.167254,-0.776381,-0.547857,-0.415599,-0.152239
1400,1915137765,-0.046626,-0.602976,0.171466,-0.777721,-0.515913,0.071822,-0.142689
1401,1915171099,-0.049511,-0.600828,0.177888,-0.777762,-0.200506,0.611691,-0.044484
1402,1915204433,-0.049189,-0.600584,0.179649,-0.777567,-0.105835,0.646861,-0.054567
1403,1915237767,-0.044640,-0.602165,0.176452,-0.777350,-0.199592,0.440288,-0.031168
1404,1915271101,-0.037965,-0.604732,0.172367,-0.776628,-0.378807,0.155406,0.074077
1405,1915304435,-0.030628,-0.607578,0.169476,-0.775366,-0.307761,0.075464,0.162374
1406,1915337769,-0.022327,-0.610239,0.164161,-0.774704,-0.017377,-0.384710,0.503164
1407,1915371103,-0.015137,-0.611772,0.156933,-0.775166,0.006276,-1.268880,0.174722
1408,1915404437,-0.012011,-0.612654,0.152558,-0.775397,-0.214919,-1.037140,-0.081512
1409,1915437771,-0.012266,-0.613852,0.151394,-0.774674,-0.448102,-0.351466,-0.003213
1410,1915471105,-0.013281,-0.615447,0.150764,-0.773513,-0.284037,0.118808,0.102180
1411,1915504439,-0.013341,-0.617061,0.149137,-0.772542,-0.348445,0.362309,0.291342
1412,1915537773,-0.012093,-0.618093,0.146869,-0.772171,-0.393790,0.203752,0.134552
1413,1915571107,-0.010802,-0.618607,0.146155,-0.771914,-0.213010,-0.048728,0.080083
1414,1915604441,-0.009439,-0.618941,0.145923,-0.771708,-0.159248,-0.246718,0.155098
1415,1915637775,-0.008542,-0.619115,0.146043,-0.771556,-0.189506,-0.403180,0.074843
1416,1915671109,-0.008596,-0.619214,0.146891,-0.771316,-0.135549,-0.261923,0.102363
1417,1915704443,-0.008986,-0.619324,0.147420,-0.771122,-0.096480,-0.286190,0.222006
1418,1915737777,-0.009222,-0.618978,0.148005,-0.771285,0.395318,-0.313456,0.662252
1419,1915771111,-0.008179,-0.615541,0.149271,-0.773799,1.088865,-0.118752,1.630867
1420,1915804445,-0.008610,-0.604905,0.158854,-0.780247,1.200754,-0.733816,1.809050
1421,1915837779,-0.016072,-0.583970,0.189625,-0.789156,1.947800,-0.143630,2.464022
1422,1915871113,-0.024003,-0.551661,0.237631,-0.799143,2.049564,-0.201454,2.895617
1423,1915904447,-0.027192,-0.509279,0.289084,-0.810142,2.418642,0.447148,3.371765
1424,1915937781,-0.021823,-0.459520,0.334319,-0.822557,2.390091,0.291278,3.937949
1425,1915971115,-0.008427,-0.404553,0.373240,-0.834843,1.166952,0.244668,3.157820
1426,1916004449,0.012847,-0.345026,0.408101,-0.845133,0.573057,0.462434,3.504862
1427,1916037783,0.043676,-0.282025,0.431882,-0.855591,-0.740052,0.909447,3.626552
1428,1916071117,0.080862,-0.216802,0.447064,-0.864058,-1.702890,0.726347,2.661343
1429,1916104451,0.122636,-0.149673,0.454310,-0.869577,-2.240292,0.772747,2.703350
1430,1916137785,0.168367,-0.080700,0.452354,-0.872078,-2.408699,0.719938,1.397645
1431,1916171119,0.217401,-0.011321,0.449551,-0.866324,-2.324761,0.430648,0.925261
1432,1916204453,0.270458,0.057007,0.449767,-0.849303,-2.276701,0.463276,0.048797
1433,1916237787,0.328402,0.122189,0.452851,-0.819849,-1.848790,0.392743,0.820563
1434,1916271121,0.388392,0.183653,0.449586,-0.783135,-2.320687,0.234962,0.365203
1435,1916304455,0.447596,0.240891,0.437389,-0.741838,-1.839942,0.758177,-0.100602
1436,1916337789,0.505093,0.291040,0.418492,-0.696452,-1.849110,0.917039,-1.451177
1437,1916371123,0.559769,0.331700,0.395670,-0.648138,-1.284694,1.210440,-2.092735
1438,1916404457,0.612292,0.360200,0.370342,-0.598503,-1.359853,0.779949,-3.104399
1439,1916437791,0.662274,0.376678,0.344919,-0.548217,-1.329563,0.975089,-4.235214
1440,1916471125,0.707339,0.383917,0.317661,-0.501373,-0.954133,0.503950,-5.079007
1441,1916504459,0.743809,0.389183,0.286315,-0.461858,-0.631785,-1.097282,-6.607043
1442,1916537793,0.774122,0.392837,0.255876,-0.425377,0.853716,-1.266693,-5.702257
1443,1916571127,0.801287,0.390867,0.230442,-0.389951,1.316262,-2.305965,-5.311316
1444,1916604461,0.822727,0.390212,0.206507,-0.358069,1.435347,-1.492011,-4.159188
1445,1916637795,0.840191,0.388560,0.188716,-0.327858,2.671191,-2.764555,-1.565886
1446,1916671129,0.843181,0.402504,0.174827,-0.310607,3.141736,-4.944504,1.041527
1447,1916704463,0.831541,0.436155,0.159668,-0.304661,1.937132,0.341310,0.485688
1448,1916737797,0.824896,0.456634,0.148636,-0.298235,0.450283,1.268400,-0.387455
1449,1916771131,0.818978,0.472531,0.137602,-0.295060,0.509045,0.070852,-0.709950
1450,1916804465,0.807983,0.493832,0.124112,-0.296468,0.973145,1.522445,-0.095980
1451,1916837799,0.793915,0.515414,0.111293,-0.302763,2.071172,1.093474,0.707392
1452,1916871133,0.791470,0.515600,0.106190,-0.310580,2.648646,2.618896,1.849254
1453,1916904467,0.798068,0.501991,0.109289,-0.314885,-0.856599,-2.488037,0.437551
1454,1916937801,0.802275,0.494871,0.111041,-0.314853,-1.456763,-1.128906,-0.568674
1455,1916971135,0.803528,0.493480,0.108226,-0.314820,0.953372,0.653720,0.414544
1456,1917004469,0.805121,0.490879,0.107580,-0.315038,0.963802,-0.534774,0.237440
1457,1917037803,0.808869,0.483810,0.110355,-0.315411,0.914866,-0.130451,-0.500082
1458,1917071137,0.812449,0.476112,0.112908,-0.317018,0.328976,-0.153228,-0.567206
1459,1917104471,0.815095,0.470122,0.113802,-0.318840,0.384593,-0.200583,-0.361127
1460,1917137805,0.817467,0.465122,0.114064,-0.320005,0.287830,-0.145267,-0.070951
1461,1917171139,0.819990,0.460397,0.114234,-0.320323,0.712907,-0.271141,0.108981
1462,1917204473,0.822928,0.455278,0.115114,-0.319789,0.566761,0.261163,-0.118871
1463,1917237807,0.825983,0.450394,0.115725,-0.318605,0.282394,-0.290003,-0.113183
1464,1917271141,0.829195,0.445293,0.116857,-0.317014,0.546385,0.301364,-0.305435
1465,1917304475,0.833002,0.439042,0.118318,-0.315207,0.452657,-0.344792,-0.021195
1466,1917337809,0.837290,0.431882,0.120608,-0.312860,0.755477,0.278625,0.059292
1467,1917371143,0.843700,0.420475,0.123831,-0.309905,0.207584,-0.313961,-0.220466
1468,1917404477,0.848399,0.412592,0.125747,-0.306887,0.794339,-1.614718,0.337469
1469,1917437811,0.854641,0.402330,0.132198,-0.300411,1.017457,0.273174,-0.000300
1470,1917471145,0.861594,0.389998,0.141122,-0.292655,0.350731,-0.613171,-0.557796
1471,1917504479,0.863233,0.388551,0.147040,-0.286777,0.949592,-0.263082,-0.541306
1472,1917537813,0.866436,0.383727,0.157877,-0.277707,0.464607,-0.662801,-1.282907
1473,1917571147,0.867899,0.382365,0.170038,-0.267657,-0.546864,-1.825670,-1.918987
1474,1917604481,0.858052,0.402257,0.179252,-0.264213,0.475730,-1.918363,-0.978391
1475,1917637815,0.841416,0.431389,0.187319,-0.266157,1.233602,0.705491,0.150088
1476,1917671149,0.830157,0.447014,0.194698,-0.270396,0.665458,2.588632,0.232367
1477,1917704483,0.823793,0.451768,0.198336,-0.279174,0.222290,1.759289,0.207016
1478,1917737817,0.819113,0.452342,0.196489,-0.292980,0.787788,2.242012,0.753573
1479,1917771151,0.821916,0.440713,0.195870,-0.303094,0.836670,1.120011,0.968117
1480,1917804485,0.829065,0.422771,0.196816,-0.308518,0.036744,0.630954,0.460231
1481,1917837819,0.838309,0.403117,0.197154,-0.309627,-0.351507,0.013704,0.373390
1482,1917871153,0.847221,0.386372,0.195325,-0.307872,-0.346069,-0.477315,0.120313
1483,1917904487,0.854820,0.373976,0.191824,-0.304354,-0.016559,-0.971775,-0.026932
1484,1917937821,0.862312,0.362089,0.189261,-0.299155,0.115249,-0.768585,-0.203093
1485,1917971155,0.866026,0.357125,0.185049,-0.297023,0.683595,-2.421196,0.178854
1486,1918004489,0.868266,0.354229,0.180658,-0.296652,1.127893,0.328336,0.101346
1487,1918037823,0.876809,0.335519,0.180372,-0.293434,1.196352,0.088227,0.154837
1488,1918071157,0.883783,0.317305,0.180582,-0.292643,0.628270,-1.221519,-0.121114
1489,1918104491,0.889563,0.301313,0.182246,-0.290997,0.141310,0.490921,-0.768743
1490,1918137825,0.894423,0.287211,0.184863,-0.288700,0.781720,-1.087707,-0.633912
1491,1918171159,0.895818,0.281704,0.187639,-0.288009,1.178816,-0.760411,-0.137026
1492,1918204493,0.895829,0.279180,0.192424,-0.287274,0.744384,-1.894418,0.188293
1493,1918237827,0.893345,0.284297,0.197738,-0.286380,0.426304,-0.973682,-0.317953
1494,1918271161,0.891431,0.288678,0.203856,-0.283659,-0.494998,-0.731929,-1.358897
1495,1918304495,0.886420,0.301146,0.205762,-0.285023,-0.412216,-1.218355,-1.657371
1496,1918337829,0.875075,0.326291,0.205049,-0.292807,0.805018,-1.118949,-0.542350
1497,1918371163,0.862864,0.347711,0.209924,-0.300829,1.967359,-0.493101,-0.265493
1498,1918404497,0.850923,0.362544,0.219639,-0.310250,0.799372,-0.685526,-0.615120
1499,1918437831,0.835198,0.378679,0.228480,-0.326876,1.270049,-0.551164,-1.043717
1500,1918471165,0.817035,0.393719,0.234225,-0.350117,-0.000599,0.544341,-0.892396
1501,1918504499,0.794140,0.412155,0.232246,-0.381492,-0.965958,-0.268066,-0.696845
1502,1918537833,0.770013,0.430021,0.222264,-0.415649,-0.438721,0.844809,-0.149230
1503,1918571167,0.752061,0.438258,0.211040,-0.444749,-1.132218,1.481182,1.250598
1504,1918604501,0.737173,0.443586,0.198281,-0.469569,-0.893909,0.994478,0.908650
1505,1918637835,0.722930,0.453309,0.180033,-0.489362,-1.318755,2.396734,1.510311
1506,1918671169,0.712965,0.463222,0.158292,-0.502050,-1.378135,3.668853,1.302099
1507,1918704503,0.710146,0.470732,0.132698,-0.506458,-1.280612,2.451878,0.921979
1508,1918737837,0.714635,0.475713,0.104037,-0.502170,-1.137188,1.041436,0.309834
1509,1918771171,0.721219,0.482428,0.073785,-0.491596,-0.612332,-0.489660,0.576462
1510,1918804505,0.728679,0.490742,0.046940,-0.475395,0.154737,-1.748224,0.997069
1511,1918837839,0.737665,0.498336,0.027156,-0.454729,0.076548,-2.221883,0.987401
1512,1918871173,0.746050,0.506289,0.011991,-0.432367,-0.100959,-1.374092,0.863185
1513,1918904507,0.752325,0.515567,-0.003839,-0.410106,-0.275861,-0.471191,0.152079
1514,1918937841,0.753746,0.529459,-0.025078,-0.388478,-1.209745,-0.442198,-0.142770
1515,1918971175,0.745438,0.553546,-0.053506,-0.367493,-0.865343,-0.405365,-0.095389
1516,1919004509,0.729923,0.583769,-0.085973,-0.345021,0.016363,0.322697,-0.416760
1517,1919037843,0.713173,0.612023,-0.117421,-0.320980,0.497867,0.120672,-0.988274
1518,1919071177,0.701265,0.631725,-0.145025,-0.296856,1.098361,0.591994,-0.403048
1519,1919104511,0.696462,0.640830,-0.169236,-0.275030,1.481930,0.606649,-0.857167
1520,1919137845,0.693339,0.645469,-0.191043,-0.257212,1.283943,0.374318,-0.607340
1521,1919171179,0.685733,0.653129,-0.210772,-0.242430,1.044582,-0.516652,0.151259
1522,1919204513,0.676682,0.662368,-0.224765,-0.229904,1.324107,-0.620093,0.361300
1523,1919237847,0.669920,0.670357,-0.232224,-0.218872,1.014776,-0.532656,-0.351512
1524,1919271181,0.663140,0.678303,-0.236831,-0.209919,1.469900,0.221719,-0.887093
1525,1919304515,0.652881,0.689269,-0.240415,-0.202137,1.427025,0.001034,-1.059196
1526,1919337849,0.640122,0.701699,-0.244096,-0.195663,1.291356,-0.445793,0.014427
1527,1919371183,0.634492,0.706903,-0.246116,-0.192715,1.101794,-0.167054,0.299122
1528,1919404517,0.639616,0.702542,-0.244798,-0.193401,0.734531,-0.856735,0.502869
1529,1919437851,0.647970,0.695577,-0.240285,-0.196406,0.193588,-0.812822,0.356355
1530,1919471185,0.652020,0.692269,-0.235127,-0.200878,0.615113,-0.588448,0.411613
1531,1919504519,0.654025,0.690377,-0.230378,-0.206304,0.550365,0.133095,-0.165811
1532,1919537853,0.660195,0.684492,-0.224274,-0.212885,0.825228,-0.582770,-0.557891
1533,1919571187,0.663307,0.681864,-0.216887,-0.219202,0.642158,-0.841695,-0.488959
1534,1919604521,0.659955,0.686122,-0.206753,-0.225729,0.998250,-0.387071,-1.139429
1535,1919637855,0.654145,0.693384,-0.192504,-0.232936,0.961486,-0.446555,-0.416740
1536,1919671189,0.652799,0.696698,-0.174267,-0.241040,0.903816,-0.429784,-0.132826
1537,1919704523,0.656527,0.695052,-0.153278,-0.249771,0.261517,-0.028621,-1.175805
1538,1919737857,0.658276,0.694190,-0.132252,-0.259397,0.633355,0.024086,0.266639
1539,1919771191,0.657469,0.694490,-0.111122,-0.270324,0.604261,0.372409,0.281145
1540,1919804525,0.657039,0.692945,-0.090597,-0.282708,0.516659,0.518159,0.445830
1541,1919837859,0.657148,0.689565,-0.069774,-0.296297,0.680405,-0.128931,0.176023
1542,1919871193,0.657761,0.684621,-0.049883,-0.310098,-0.005850,0.483791,-0.019080
1543,1919904527,0.662266,0.675324,-0.029562,-0.323220,0.628068,-0.324350,-0.058655
1544,1919937861,0.666026,0.665379,-0.009176,-0.337046,-0.287967,0.274157,-0.522145
1545,1919971195,0.669454,0.654516,0.009489,-0.351220,0.348506,-0.357010,0.046166
1546,1920004529,0.674139,0.640798,0.030288,-0.366063,0.718967,-0.262932,0.102588
1547,1920037863,0.681064,0.623266,0.054192,-0.380471,0.506091,0.211534,-0.563400
1548,1920071197,0.687531,0.603302,0.082917,-0.395547,1.347218,-0.629580,-0.950502
1549,1920104531,0.689074,0.584447,0.113560,-0.413166,-0.011589,0.188306,-1.560491
1550,1920137865,0.690597,0.563073,0.145540,-0.429939,-0.268046,0.336449,-0.426339
1551,1920171199,0.691613,0.541859,0.177620,-0.443301,-1.126400,-0.772720,0.383367
1552,1920204533,0.688969,0.528068,0.203541,-0.452814,-1.541407,0.234799,1.083434
1553,1920237867,0.685914,0.518452,0.224443,-0.458650,-1.061526,0.589938,1.226170
1554,1920271201,0.683294,0.514592,0.236847,-0.460664,-0.704875,0.291823,1.744869
1555,1920304535,0.679595,0.516363,0.242572,-0.461176,0.018318,0.144633,0.827130
1556,1920337869,0.678420,0.517659,0.245979,-0.459645,0.502129,0.621092,0.314537
1557,1920371203,0.680429,0.515689,0.249234,-0.457130,0.478902,-0.287173,-0.210958
1558,1920404537,0.681938,0.512285,0.253031,-0.456623,0.690640,-0.286911,-1.095381
1559,1920437871,0.683689,0.505298,0.259999,-0.457873,0.403781,0.394852,-0.900865
1560,1920471205,0.683771,0.494495,0.272126,-0.462474,0.817418,-0.198814,-1.022167
1561,1920504539,0.683820,0.478081,0.291261,-0.467975,1.098075,0.369414,-1.247179
1562,1920537873,0.685589,0.454696,0.316933,-0.471992,0.441189,0.582158,-0.680623
1563,1920571207,0.684360,0.429645,0.344845,-0.477643,-0.298977,-0.025803,-1.352968
1564,1920604541,0.673976,0.412638,0.367555,-0.490300,-0.732248,-0.592487,-1.054324
1565,1920637875,0.655526,0.402033,0.386995,-0.508816,-0.098360,0.508523,-0.937363
1566,1920671209,0.636220,0.387167,0.409545,-0.526881,0.435361,1.422641,-0.499315
1567,1920704543,0.620916,0.361632,0.438571,-0.539764,0.293570,0.549633,-0.115914
1568,1920737877,0.606241,0.331808,0.467235,-0.551427,-0.993491,-1.040239,0.259216
1569,1920771211,0.590017,0.305591,0.490352,-0.563962,-0.396243,-0.563596,0.373569
1570,1920804545,0.572973,0.284977,0.508071,-0.576506,-0.435242,-0.397258,0.497301
1571,1920837879,0.556138,0.269858,0.521053,-0.588553,-0.344962,0.349589,0.443570
1572,1920871213,0.541197,0.255387,0.534614,-0.596720,0.102813,0.580696,0.318498
1573,1920904547,0.528808,0.239994,0.547809,-0.602225,0.128871,-0.063053,0.328656
1574,1920937881,0.517331,0.226155,0.557598,-0.608532,-0.128255,-0.064197,-0.002294
1575,1920971215,0.505586,0.213219,0.565135,-0.616074,0.244156,0.062483,-0.457272
1576,1921004549,0.493844,0.198854,0.573883,-0.622285,0.223535,0.318743,-0.662154
1577,1921037883,0.480617,0.182928,0.583192,-0.628837,0.090520,0.106086,-0.436341
1578,1921071217,0.464044,0.167318,0.588751,-0.640348,0.052986,0.105113,0.056086
1579,1921104551,0.447232,0.149096,0.594707,-0.651215,0.014543,0.215273,0.117710
1580,1921137885,0.430041,0.129343,0.598944,-0.663027,-0.813160,-0.586006,-0.225120
1581,1921171219,0.411424,0.111624,0.597493,-0.679174,-1.765926,-1.012489,-0.027895
1582,1921204553,0.389165,0.096062,0.588660,-0.702001,-0.741331,-0.608050,-0.913687
1583,1921237887,0.365591,0.076666,0.584289,-0.720469,-0.402871,0.345871,-1.112704
1584,1921271221,0.342222,0.052014,0.591433,-0.728279,-0.408306,0.222585,-0.257118
1585,1921304555,0.319748,0.026407,0.602798,-0.730550,-0.831129,0.012809,1.330224
1586,1921337889,0.299749,0.003884,0.608180,-0.735022,0.093155,-0.137367,1.063663
1587,1921371223,0.281895,-0.016429,0.606099,-0.743582,0.580902,0.104041,-0.118382
1588,1921404557,0.265198,-0.037672,0.604353,-0.750342,0.217766,0.573360,-0.166138
1589,1921437891,0.248908,-0.060228,0.602978,-0.755539,0.567862,0.530369,-1.303246
1590,1921471225,0.231899,-0.084560,0.601798,-0.759550,0.473731,0.179020,-1.751570
1591,1921504559,0.211892,-0.111591,0.599927,-0.763375,0.482904,-0.354474,-2.553825
1592,1921537893,0.187671,-0.141392,0.594854,-0.768727,-0.138738,-0.221416,-1.629019
1593,1921571227,0.160933,-0.173348,0.590549,-0.771561,-1.267237,-0.376075,0.680476
1594,1921604561,0.135240,-0.205731,0.580503,-0.776147,-0.579465,-0.047408,0.058176
1595,1921637895,0.112425,-0.237344,0.565800,-0.781603,-1.083895,0.208717,1.832024
1596,1921671229,0.092154,-0.266705,0.552891,-0.784023,-0.681220,0.168710,1.281100
1597,1921704563,0.075016,-0.292163,0.540927,-0.785121,-0.281597,0.070259,0.104713
1598,1921737897,0.057244,-0.313420,0.536172,-0.781674,-0.651692,-0.060459,1.593442
1599,1921771231,0.038733,-0.329923,0.535144,-0.776709,-0.062582,-0.344418,0.747411
1600,1921804565,0.021020,-0.342654,0.535222,-0.771808,-0.089961,0.187777,1.433292
1601,1921837899,0.004251,-0.351308,0.538557,-0.765849,-0.003185,-0.035346,1.422022
1602,1921871233,-0.010707,-0.357006,0.542056,-0.760665,0.195237,0.077017,0.735379
1603,1921904567,-0.025266,-0.361604,0.544856,-0.756135,0.121819,0.008174,0.172399
1604,1921937901,-0.039231,-0.365801,0.545481,-0.753064,0.248802,0.178080,0.038620
1605,1921971235,-0.051795,-0.370387,0.542145,-0.752471,0.440389,0.204516,-0.272429
1606,1922004569,-0.063685,-0.376573,0.534793,-0.753750,-0.229669,0.037153,0.041863
1607,1922037903,-0.075886,-0.384621,0.524684,-0.755658,-0.206004,0.105925,-0.084124
1608,1922071237,-0.088320,-0.394529,0.513364,-0.756973,-0.820365,-0.206842,0.647245
1609,1922104571,-0.100331,-0.405382,0.501485,-0.757704,-0.862883,-0.073817,0.540023
1610,1922137905,-0.112241,-0.416469,0.491314,-0.756684,-0.678148,-0.208281,0.510888
1611,1922171239,-0.122840,-0.427719,0.480988,-0.755395,-0.408283,0.093601,1.160737
1612,1922204573,-0.131032,-0.438482,0.469188,-0.755269,-0.293507,0.069006,0.689334
1613,1922237907,-0.137615,-0.448382,0.457609,-0.755390,-0.029535,0.072789,0.335782
1614,1922271241,-0.144195,-0.457765,0.446366,-0.755262,0.191594,0.249053,-0.002217
1615,1922304575,-0.151846,-0.467381,0.434782,-0.754630,0.349385,0.282718,-0.372569
1616,1922337909,-0.160800,-0.477957,0.422309,-0.753233,0.543944,0.356240,-0.388014
1617,1922371243,-0.170303,-0.490096,0.407450,-0.751526,0.505603,0.615044,0.016207
1618,1922404577,-0.179258,-0.503700,0.390081,-0.749663,0.480364,0.596116,0.663599
1619,1922437911,-0.186542,-0.516420,0.372915,-0.747965,0.222432,0.663815,1.292210
1620,1922471245,-0.190801,-0.525531,0.359232,-0.747241,0.095615,0.692618,1.053923
1621,1922504579,-0.191495,-0.530124,0.352538,-0.747007,0.116136,0.444959,0.891215
1622,1922537913,-0.188235,-0.531224,0.351846,-0.747380,0.213197,0.203535,0.523993
1623,1922571247,-0.182040,-0.530555,0.354247,-0.748255,0.247665,0.238578,0.268049
1624,1922604581,-0.175173,-0.528918,0.357076,-0.749707,0.000420,0.167410,0.149365
1625,1922637915,-0.169882,-0.526611,0.359966,-0.751165,-0.250574,0.008311,-0.077185
1626,1922671249,-0.167818,-0.523645,0.364420,-0.751556,-0.314814,-0.026574,-0.183399
1627,1922704583,-0.167658,-0.521069,0.368822,-0.751234,-0.349699,0.036686,0.063495
1628,1922737917,-0.167431,-0.519662,0.371262,-0.751058,-0.367622,0.006902,0.113297
1629,1922771251,-0.166245,-0.519530,0.371505,-0.751292,-0.478988,-0.076921,0.169540
1630,1922804585,-0.164013,-0.520519,0.369575,-0.752049,-0.434508,-0.100894,0.122817
1631,1922837919,-0.161364,-0.522412,0.366228,-0.752947,-0.488539,-0.211638,-0.024115
1632,1922871253,-0.159447,-0.524886,0.362615,-0.753383,-0.447493,-0.173724,0.056135
1633,1922904587,-0.158856,-0.528029,0.358818,-0.753129,-0.374214,-0.271988,-0.032597
1634,1922937921,-0.159971,-0.531739,0.355180,-0.752007,-0.106698,-0.060725,0.177404
1635,1922971255,-0.161619,-0.536410,0.349640,-0.750933,0.061038,0.022292,0.293732
1636,1923004589,-0.162722,-0.541848,0.341263,-0.750644,0.198987,0.152675,0.345184
1637,1923037923,-0.162868,-0.547243,0.331326,-0.751150,0.162791,0.187629,0.205669
1638,1923071257,-0.162237,-0.551753,0.322360,-0.751889,0.065958,0.280756,0.280688
1639,1923104591,-0.160860,-0.555051,0.315456,-0.752685,0.022077,0.390833,0.250672
1640,1923137925,-0.158854,-0.557367,0.311015,-0.753248,0.084952,0.444778,0.249735
1641,1923171259,-0.155559,-0.559320,0.307430,-0.753959,0.143598,0.499968,0.309422
1642,1923204593,-0.150550,-0.561454,0.303361,-0.755037,0.151068,0.501825,0.267471
1643,1923237927,-0.143867,-0.563935,0.298283,-0.756513,0.133600,0.457361,0.131243
1644,1923271261,-0.135710,-0.566406,0.292338,-0.758491,-0.049729,0.366825,0.048715
1645,1923304595,-0.126924,-0.568412,0.286590,-0.760703,-0.255569,0.324104,0.089688
1646,1923337929,-0.118562,-0.569707,0.281972,-0.762806,-0.359052,0.172193,0.029312
1647,1923371263,-0.111240,-0.570607,0.279079,-0.764299,-0.320260,0.094787,-0.080561
1648,1923404597,-0.104376,-0.571977,0.276801,-0.765071,-0.222618,0.127460,-0.021585
1649,1923437931,-0.096966,-0.574547,0.273154,-0.765431,-0.115323,0.122732,-0.000462
1650,1923471265,-0.088245,-0.578604,0.266711,-0.765702,-0.086774,0.083688,-0.023585
1651,1923504599,-0.078334,-0.583890,0.257514,-0.765915,-0.119855,0.064823,0.193828
1652,1923537933,-0.068008,-0.589618,0.246515,-0.766133,-0.140096,0.044922,0.205714
1653,1923571267,-0.058158,-0.594927,0.235104,-0.766427,-0.218941,0.029938,0.316297
1654,1923604601,-0.050533,-0.598499,0.226085,-0.766900,-0.303547,-0.551438,0.126152
1655,1923637935,-0.047122,-0.599867,0.222585,-0.767072,-0.084167,-0.276899,0.193400
1656,1923671269,-0.045605,-0.600069,0.220843,-0.767508,-0.048620,0.040264,0.230015
1657,1923704603,-0.043638,-0.600285,0.218351,-0.768167,-0.278238,0.168526,0.232591
1658,1923737937,-0.040855,-0.600621,0.215752,-0.768791,-0.340971,0.205291,0.236005
1659,1923771271,-0.037137,-0.600976,0.212951,-0.769484,-0.329932,0.219079,0.265249
1660,1923804605,-0.032323,-0.601321,0.209309,-0.770430,-0.328402,0.095471,0.151048
1661,1923837939,-0.027215,-0.601388,0.205680,-0.771552,-0.393338,0.010211,0.090548
1662,1923871273,-0.022510,-0.600961,0.202936,-0.772761,-0.400234,-0.022262,-0.004070
1663,1923904607,-0.018172,-0.600128,0.200896,-0.774055,-0.456269,0.026530,-0.198302
1664,1923937941,-0.013927,-0.599241,0.199204,-0.775266,-0.386059,0.088724,-0.459929
1665,1923971275,-0.009369,-0.599119,0.196805,-0.776042,-0.402100,0.136989,-0.401175
1666,1924004609,-0.003338,-0.600282,0.190679,-0.776721,-0.282888,0.289702,-0.065632
1667,1924037943,0.004750,-0.602339,0.179450,-0.777797,-0.466168,-0.218784,0.218906
1668,1924071277,0.012014,-0.603922,0.168919,-0.778848,-0.463228,-0.316148,0.387369
1669,1924104611,0.017293,-0.604619,0.161699,-0.779740,-0.412121,-0.402973,0.323773
1670,1924137945,0.021208,-0.604691,0.157341,-0.780479,-0.434788,-0.675852,0.078648
1671,1924171279,0.023193,-0.604311,0.157082,-0.780768,-0.301079,-0.444520,-0.206330
1672,1924204613,0.023840,-0.603842,0.159073,-0.780709,-0.271053,-0.311627,-0.399116
1673,1924237947,0.023300,-0.603962,0.161299,-0.780175,-0.377404,0.692774,-0.192007
1674,1924271281,0.023065,-0.605610,0.157821,-0.779616,-0.519569,-0.335398,-0.256570
1675,1924304615,0.020003,-0.608103,0.157303,-0.777863,-0.451243,0.114474,0.372452
1676,1924337949,0.014947,-0.610724,0.157787,-0.775822,-0.217718,0.053460,0.607894
1677,1924371283,0.008639,-0.613708,0.160840,-0.772931,-0.053523,0.560789,0.848931
1678,1924404617,0.004812,-0.616252,0.161929,-0.770710,0.138007,0.211483,0.964010
1679,1924437951,0.004339,-0.618132,0.161484,-0.769299,0.344313,0.465545,0.689169
1680,1924471285,0.006803,-0.619612,0.159353,-0.768534,0.375437,0.413359,0.339205
1681,1924504619,0.011345,-0.620918,0.154988,-0.768320,0.247880,0.563829,0.231457
1682,1924537953,0.018420,-0.622699,0.145206,-0.768652,0.116628,0.605254,0.167700
1683,1924571287,0.029744,-0.625136,0.127782,-0.769413,-0.445673,0.258059,0.052066
1684,1924604621,0.038895,-0.627798,0.114792,-0.768885,-0.758155,-0.015027,-0.188360
1685,1924637955,0.043778,-0.630099,0.110518,-0.767365,-0.173860,0.363986,0.240664
1686,1924671289,0.048710,-0.631819,0.108559,-0.765932,0.029718,0.268745,0.354467
1687,1924704623,0.056205,-0.632721,0.103226,-0.765411,0.354311,0.148058,0.544907
1688,1924737957,0.066101,-0.632995,0.094238,-0.765553,0.054168,-0.708624,0.107108
1689,1924771291,0.074557,-0.633114,0.086337,-0.765609,-0.046416,-0.720219,0.084665
1690,1924804625,0.081104,-0.633289,0.080150,-0.765472,-0.238734,-0.297432,0.066655
1691,1924837959,0.086376,-0.633565,0.075017,-0.765187,-0.330213,-0.117953,-0.057321
1692,1924871293,0.090913,-0.634025,0.070544,-0.764706,-0.393142,-0.011972,0.033933
1693,1924904627,0.095867,-0.634490,0.065302,-0.764181,-0.365284,0.036085,0.048201
1694,1924937961,0.101184,-0.634871,0.059617,-0.763643,-0.345091,-0.107261,0.064648
1695,1924971295,0.106647,-0.635119,0.053911,-0.763117,-0.298801,-0.260025,0.085640
1696,1925004629,0.112322,-0.635199,0.048118,-0.762624,-0.265510,-0.207885,0.126628
1697,1925037963,0.117926,-0.635099,0.042192,-0.762211,-0.245022,-0.477724,0.064623
1698,1925071297,0.122542,-0.634858,0.037823,-0.761914,-0.273326,-0.368998,0.187244
1699,1925104631,0.126031,-0.634488,0.035480,-0.761766,-0.364870,-0.240192,0.153738
1700,1925137965,0.128902,-0.634069,0.034335,-0.761687,-0.405996,-0.244136,0.184585
1701,1925171299,0.131635,-0.633612,0.033575,-0.761633,-0.386296,-0.236087,0.165324
1702,1925204633,0.134065,-0.633150,0.032923,-0.761622,-0.357363,-0.401908,0.067032
1703,1925237967,0.135391,-0.632843,0.032884,-0.761644,-0.354144,-0.629684,0.076883
1704,1925271301,0.134232,-0.632921,0.035096,-0.761686,-0.280986,-0.565212,0.069105
1705,1925304635,0.130916,-0.633213,0.039420,-0.761809,-0.149214,-0.379419,0.191822
1706,1925337969,0.126438,-0.633501,0.045048,-0.762014,-0.064362,-0.109780,0.193536
1707,1925371303,0.122211,-0.633695,0.050250,-0.762217,-0.050705,0.045381,0.128525
1708,1925404637,0.118643,-0.633740,0.054630,-0.762442,-0.115551,0.082934,0.067259
1709,1925437971,0.115232,-0.633482,0.058737,-0.762874,-0.087521,0.200595,0.131625
1710,1925471305,0.112117,-0.632980,0.062737,-0.763436,-0.094620,0.121757,0.039680
1711,1925504639,0.109479,-0.632344,0.066511,-0.764026,-0.106697,0.093843,0.016894
1712,1925537973,0.107430,-0.631578,0.069696,-0.764666,-0.031312,0.077432,0.021819
1713,1925571307,0.105680,-0.630683,0.072530,-0.765385,-0.024959,0.032921,-0.051039
1714,1925604641,0.104042,-0.629872,0.074770,-0.766061,-0.103649,-0.030933,0.048359
1715,1925637975,0.102563,-0.629370,0.075903,-0.766562,-0.115794,0.046920,0.147570
1716,1925671309,0.100840,-0.629180,0.076387,-0.766899,-0.093347,0.008600,0.231982
1717,1925704643,0.098901,-0.629005,0.077021,-0.767231,-0.129286,0.033701,0.327101
1718,1925737977,0.097719,-0.628712,0.076996,-0.767625,-0.202609,0.008437,0.323750
1719,1925771311,0.097220,-0.628259,0.077004,-0.768059,-0.198545,-0.103810,0.337396
1720,1925804645,0.096995,-0.627603,0.077577,-0.768565,-0.060073,-0.147145,0.390862
1721,1925837979,0.097567,-0.626773,0.078156,-0.769111,-0.150558,-0.562439,0.040177
1722,1925871313,0.096042,-0.625955,0.081766,-0.769594,-0.187298,-0.193727,0.128831
1723,1925904647,0.093084,-0.625167,0.086103,-0.770124,-0.307656,-0.138695,-0.035308
1724,1925937981,0.089452,-0.624611,0.090033,-0.770557,-0.374767,-0.067711,0.065627
1725,1925971315,0.085318,-0.624253,0.094343,-0.770800,-0.164869,0.141482,0.152257
1726,1926004649,0.082031,-0.623811,0.098464,-0.770999,-0.003546,0.284594,0.183020
1727,1926037983,0.080338,-0.623064,0.101647,-0.771369,0.034376,0.279998,0.120219
1728,1926071317,0.079868,-0.622254,0.103844,-0.771779,0.199747,0.426796,0.137586
1729,1926104651,0.081279,-0.621520,0.103014,-0.772334,0.153966,0.391577,0.170965
1730,1926137985,0.083672,-0.620549,0.099763,-0.773285,0.251853,0.156775,0.173621
1731,1926171319,0.085636,-0.619137,0.095765,-0.774706,-0.062457,0.048922,0.140988
1732,1926204653,0.086680,-0.617388,0.091644,-0.776482,-0.006176,0.061909,0.142364
1733,1926237987,0.087792,-0.615656,0.087051,-0.778258,-0.012060,0.102308,0.239457
1734,1926271321,0.089691,-0.613845,0.081053,-0.780118,-0.017963,0.080830,0.471898
1735,1926304655,0.092084,-0.611505,0.074512,-0.782326,0.109125,-0.093822,0.445013
1736,1926337989,0.093773,-0.608462,0.069892,-0.784920,-0.110819,-0.116359,0.346543
1737,1926371323,0.093651,-0.605085,0.068026,-0.787705,-0.199483,0.057047,0.401958
1738,1926404657,0.093824,-0.601436,0.065506,-0.790686,-0.328800,-0.170284,0.267538
1739,1926437991,0.092989,-0.597962,0.064781,-0.793475,-0.516626,-0.037814,0.265572
1740,1926471325,0.092001,-0.594731,0.064327,-0.796051,-0.584089,0.121708,0.256455
1741,1926504659,0.091483,-0.591753,0.063520,-0.798392,-0.782262,0.056895,0.058686
1742,1926537993,0.090998,-0.589186,0.063845,-0.800317,-1.032899,0.028478,-0.084130
1743,1926571327,0.090307,-0.587224,0.066072,-0.801656,-1.199782,0.099130,-0.114126
1744,1926604661,0.089725,-0.585893,0.069900,-0.802370,-1.250989,0.115987,-0.307884
1745,1926637995,0.090026,-0.585396,0.074378,-0.802296,-1.062423,0.128956,-0.416744
1746,1926671329,0.091896,-0.585771,0.077691,-0.801496,-0.919623,-0.031813,-0.204772
1747,1926704663,0.095655,-0.586791,0.078388,-0.800242,-0.567232,-0.139917,0.058909
1748,1926737997,0.100643,-0.587757,0.075810,-0.799168,-0.303338,-0.293019,0.259501
1749,1926771331,0.105696,-0.588203,0.070654,-0.798660,-0.448048,-0.619351,-0.109690
1750,1926804665,0.107837,-0.588560,0.067289,-0.798402,-0.524307,-0.779594,-0.186457
1751,1926837999,0.105914,-0.589524,0.067615,-0.797920,-0.504079,-0.735982,-0.104650
1752,1926871333,0.101144,-0.591337,0.069819,-0.797007,-0.498991,-0.293993,0.019093
1753,1926904667,0.096030,-0.593765,0.070370,-0.795785,-0.507247,-0.124125,0.084097
1754,1926938001,0.091559,-0.596416,0.068788,-0.794467,-0.550745,-0.100075,0.145117
1755,1926971335,0.087379,-0.598968,0.067272,-0.793146,-0.520570,-0.159199,0.165454
1756,1927004669,0.083561,-0.601240,0.067049,-0.791856,-0.320119,-0.072329,0.167740
1757,1927038003,0.081035,-0.603204,0.066947,-0.790633,-0.093854,-0.005975,0.245256
1758,1927071337,0.079482,-0.604776,0.066115,-0.789659,0.056306,-0.113834,0.282059
1759,1927104671,0.077619,-0.606038,0.065423,-0.788934,0.369548,-0.122107,0.148192
1760,1927138005,0.075696,-0.607426,0.064158,-0.788157,0.632680,0.005525,0.211687
1761,1927171339,0.074607,-0.608861,0.060649,-0.787431,0.869483,0.100238,0.163937
1762,1927204673,0.074466,-0.610138,0.054551,-0.786903,1.013467,0.214725,0.150898
1763,1927238007,0.075095,-0.610949,0.046313,-0.786741,1.039879,0.283375,0.164254
1764,1927271341,0.076354,-0.610936,0.036854,-0.787130,1.061669,0.384387,0.166765
1765,1927304675,0.078013,-0.609905,0.027403,-0.788152,0.916729,0.362870,0.257451
1766,1927338009,0.079301,-0.607764,0.019821,-0.789902,0.637766,0.411072,0.439851
1767,1927371343,0.079654,-0.604469,0.015474,-0.792488,0.280212,0.466731,0.635798
1768,1927404677,0.079218,-0.600118,0.014901,-0.795842,-0.154558,0.563419,0.774007
1769,1927438011,0.078879,-0.594692,0.018655,-0.799860,-0.438859,0.481253,0.491408
1770,1927471345,0.079603,-0.588739,0.026508,-0.803960,-0.519600,0.712928,-0.055717
1771,1927504679,0.083375,-0.582939,0.033981,-0.807514,-0.644206,0.542831,-0.321534
1772,1927538013,0.088107,-0.577628,0.041775,-0.810458,-1.098633,0.059530,-0.698965
1773,1927571347,0.092306,-0.573208,0.050291,-0.812642,-0.955129,0.172290,-0.389667
1774,1927604681,0.096319,-0.570092,0.057515,-0.813888,-0.876976,-0.128099,-0.261432
1775,1927638015,0.099631,-0.568992,0.064322,-0.813750,-0.754264,-0.268367,-0.273565
1776,1927671349,0.102503,-0.570262,0.069195,-0.812103,-0.727807,-0.189875,-0.297519
1777,1927704683,0.106160,-0.573137,0.069220,-0.809603,-0.657075,-0.409815,-0.071018
1778,1927738017,0.109350,-0.576908,0.066584,-0.806716,-0.580116,-0.636688,0.025223
1779,1927771351,0.110780,-0.581186,0.063875,-0.803664,-0.392492,-0.832621,0.056622
1780,1927804685,0.110230,-0.585721,0.062302,-0.800564,-0.322635,-0.803768,0.127480
1781,1927838019,0.107809,-0.590289,0.061671,-0.797582,-0.249019,-0.624763,0.358944
1782,1927871353,0.104877,-0.594523,0.061258,-0.794855,-0.071651,-0.604155,0.222711
1783,1927904687,0.101736,-0.598030,0.061099,-0.792642,-0.069668,-0.772088,0.005342
1784,1927938021,0.095390,-0.600014,0.067701,-0.791394,0.582492,-0.471748,0.438354
1785,1927971355,0.087105,-0.600773,0.077843,-0.790840,0.790160,-0.226983,0.521188
1786,1928004689,0.079985,-0.601273,0.085994,-0.790368,0.674738,-0.085290,0.291585
1787,1928038023,0.074848,-0.602348,0.089718,-0.789639,0.294496,-0.039756,-0.004068
1788,1928071357,0.070730,-0.604302,0.090958,-0.788383,-0.044236,-0.030718,-0.086658
1789,1928104691,0.067659,-0.606677,0.090164,-0.786918,-0.142349,-0.005685,-0.132624
1790,1928138025,0.064661,-0.609058,0.089387,-0.785418,-0.103421,-0.146826,-0.011399
1791,1928171359,0.060932,-0.611212,0.090825,-0.783876,-0.058764,-0.045886,0.116199
1792,1928204693,0.056893,-0.613089,0.094248,-0.782308,-0.062494,0.027720,0.264760
1793,1928238027,0.054053,-0.614720,0.097807,-0.780792,-0.085596,0.049479,0.564724
1794,1928271361,0.052776,-0.616021,0.100550,-0.779504,-0.224126,-0.014069,0.652296
1795,1928304695,0.052041,-0.616668,0.104119,-0.778573,-0.067656,-0.147743,0.177842
1796,1928338029,0.051770,-0.616687,0.108521,-0.777974,-0.038938,-0.221911,-0.024461
1797,1928371363,0.051727,-0.616473,0.112893,-0.777525,-0.114952,-0.231589,0.020123
1798,1928404697,0.051505,-0.616893,0.116285,-0.776706,-0.049870,-0.268376,0.089166
1799,1928438031,0.050871,-0.618597,0.117938,-0.775142,0.224275,-0.213588,0.192125
1800,1928471365,0.050822,-0.621573,0.116227,-0.773020,0.523850,-0.155266,0.126365
1801,1928504699,0.052151,-0.624977,0.110746,-0.770989,0.805699,-0.068477,0.132749
1802,1928538033,0.055862,-0.628035,0.101054,-0.769574,0.614858,0.126996,0.276466
1803,1928571367,0.060751,-0.630061,0.089138,-0.769019,0.354230,0.210776,0.364552
1804,1928604701,0.064489,-0.630382,0.079468,-0.769512,0.069396,-0.172221,0.408815
1805,1928638035,0.065306,-0.629058,0.075575,-0.770917,0.081599,-0.079398,0.395693
1806,1928671369,0.064667,-0.626586,0.076197,-0.772921,-0.031535,0.306556,0.335756
1807,1928704703,0.064742,-0.623453,0.078309,-0.775233,-0.200054,0.342972,0.273771
1808,1928738037,0.066009,-0.620127,0.080772,-0.777538,-0.362891,0.283042,0.162620
1809,1928771371,0.067774,-0.616955,0.083980,-0.779567,-0.595976,0.213164,0.182512
1810,1928804705,0.069879,-0.614331,0.087672,-0.781046,-0.686511,0.236210,-0.007228
1811,1928838039,0.072392,-0.612517,0.091371,-0.781817,-0.731465,0.237219,-0.278334
1812,1928871373,0.075700,-0.611695,0.094191,-0.781813,-0.804593,0.170447,-0.413259
1813,1928904707,0.079746,-0.611909,0.095251,-0.781114,-0.851384,0.143361,-0.409253
1814,1928938041,0.084152,-0.613035,0.094010,-0.779919,-0.876795,0.102421,-0.314938
1815,1928971375,0.088255,-0.614768,0.091185,-0.778435,-0.749684,-0.086228,-0.094432
1816,1929004709,0.091677,-0.617183,0.087794,-0.776516,-0.542424,-0.169133,0.075306
1817,1929038043,0.094250,-0.620204,0.084494,-0.774163,-0.374760,-0.099784,0.298511
1818,1929071377,0.097317,-0.623343,0.080020,-0.771734,-0.147630,-0.152267,0.437168
1819,1929104711,0.100480,-0.626104,0.075105,-0.769585,-0.007428,-0.333222,0.523814
1820,1929138045,0.102542,-0.628259,0.071635,-0.767886,0.072722,-0.384676,0.517528
1821,1929171379,0.102782,-0.629631,0.070525,-0.766832,0.073708,-0.335295,0.383930
1822,1929204713,0.101176,-0.630204,0.071669,-0.766469,0.051850,-0.232388,0.307863
1823,1929238047,0.098712,-0.630206,0.073579,-0.766608,0.001517,-0.075727,0.062908
1824,1929271381,0.095848,-0.630142,0.075317,-0.766854,-0.100488,0.019640,0.012975
1825,1929304715,0.092555,-0.630297,0.076810,-0.766984,-0.256451,0.117166,-0.027508
1826,1929338049,0.088985,-0.630670,0.077582,-0.767022,-0.264195,0.244878,0.007043
1827,1929371383,0.085717,-0.631375,0.077493,-0.766823,-0.396443,0.200550,-0.032631
1828,1929404717,0.082350,-0.632608,0.077727,-0.766152,-0.346014,0.312932,-0.029360
1829,1929438051,0.080032,-0.634414,0.077280,-0.764949,-0.279989,0.487593,0.106851
1830,1929471385,0.079445,-0.636717,0.075524,-0.763269,-0.270076,0.467110,0.162242
1831,1929504719,0.079897,-0.639108,0.073654,-0.761405,-0.133595,0.379658,0.166596
1832,1929538053,0.080654,-0.641312,0.072708,-0.759560,0.038363,0.300805,0.280173
1833,1929571387,0.081715,-0.643286,0.072791,-0.757767,0.090334,0.207025,0.212809
1834,1929604721,0.082640,-0.644950,0.074390,-0.756096,0.255105,0.109878,0.167912
1835,1929638055,0.083774,-0.646125,0.076696,-0.754736,0.384112,0.044412,0.193913
1836,1929671389,0.084745,-0.646596,0.079393,-0.753945,0.465915,-0.106318,0.222066
1837,1929704723,0.085091,-0.646334,0.082220,-0.753827,0.468769,-0.214866,0.387247
1838,1929738057,0.084619,-0.645276,0.084966,-0.754482,0.425152,-0.261603,0.426201
1839,1929771391,0.083205,-0.643496,0.087719,-0.755843,0.269586,-0.324885,0.398020
1840,1929804725,0.080714,-0.641240,0.091015,-0.757639,0.105347,-0.328038,0.341726
1841,1929838059,0.077402,-0.638947,0.094547,-0.759487,-0.038878,-0.218207,0.324934
1842,1929871393,0.073632,-0.636936,0.097747,-0.761144,-0.178362,-0.140144,0.251140
1843,1929904727,0.069688,-0.635358,0.100667,-0.762452,-0.221522,-0.056520,-0.026525
1844,1929938061,0.065711,-0.634382,0.103586,-0.763227,-0.197787,0.084189,-0.206226
1845,1929971395,0.062765,-0.634035,0.105070,-0.763560,-0.149146,0.328384,-0.159125
1846,1930004729,0.061401,-0.634309,0.104159,-0.763569,-0.263376,0.272145,-0.226336
1847,1930038063,0.060688,-0.635105,0.102611,-0.763173,-0.305093,0.225848,-0.196172
1848,1930071397,0.060372,-0.636302,0.101045,-0.762410,-0.272218,0.302029,-0.063756
1849,1930104731,0.060952,-0.637819,0.098914,-0.761375,-0.281482,0.378103,0.006763
1850,1930138065,0.062537,-0.639593,0.096176,-0.760108,-0.273285,0.304387,0.158367
1851,1930171399,0.064605,-0.641557,0.093735,-0.758583,-0.155733,0.244413,0.196926
1852,1930204733,0.067277,-0.643674,0.091890,-0.756781,0.003612,0.213445,0.128757
1853,1930238067,0.070755,-0.645903,0.090372,-0.754745,0.283013,0.173958,0.131968
1854,1930271401,0.075332,-0.648004,0.088249,-0.752750,0.498725,0.126647,0.153461
1855,1930304735,0.080538,-0.649702,0.085251,-0.751091,0.518458,0.049079,0.232384
1856,1930338069,0.085950,-0.650833,0.081265,-0.749953,0.486201,0.093845,0.348965
1857,1930371403,0.091703,-0.651366,0.076211,-0.749339,0.374770,0.052574,0.498734
1858,1930404737,0.097312,-0.651190,0.071514,-0.749247,0.123683,-0.082739,0.641576
1859,1930438071,0.102371,-0.650167,0.069020,-0.749695,0.125848,-0.088275,0.247113
1860,1930471405,0.107222,-0.648554,0.068681,-0.750446,0.082427,-0.035350,0.067400
1861,1930504739,0.112134,-0.646518,0.068945,-0.751459,-0.077468,-0.054091,-0.049398
1862,1930538073,0.116859,-0.644544,0.068816,-0.752446,-0.201984,-0.085245,-0.194810
1863,1930571407,0.121302,-0.643037,0.067562,-0.753146,-0.268284,0.021932,-0.118593
1864,1930604741,0.126065,-0.641963,0.064605,-0.753539,-0.497768,-0.053059,0.105826
1865,1930638075,0.131160,-0.641145,0.060515,-0.753705,-0.596641,-0.271118,0.427529
1866,1930671409,0.136126,-0.640266,0.057200,-0.753831,-0.673990,-0.423106,0.567875
1867,1930704743,0.140135,-0.639093,0.056999,-0.754107,-0.717543,-0.668236,0.423854
1868,1930738077,0.142569,-0.637826,0.061137,-0.754400,-0.667312,-0.713099,0.320216
1869,1930771411,0.144651,-0.636618,0.067388,-0.754491,-0.528452,-0.744410,0.140849
1870,1930804745,0.146449,-0.635637,0.073966,-0.754355,-0.373680,-0.821767,-0.092798
1871,1930838079,0.147331,-0.635154,0.079956,-0.753979,-0.340237,-0.945950,-0.151933
1872,1930871413,0.145898,-0.635361,0.084880,-0.753545,-0.209627,-0.886724,-0.203573
1873,1930904747,0.142164,-0.636276,0.087730,-0.753160,-0.123024,-0.845437,-0.212564
1874,1930938081,0.136138,-0.637835,0.088637,-0.752848,-0.000149,-0.812679,-0.086963
1875,1930971415,0.128287,-0.639923,0.088010,-0.752528,0.080605,-0.666216,0.124887
1876,1931004749,0.119502,-0.642156,0.085880,-0.752319,0.113383,-0.462794,0.370674
1877,1931038083,0.110421,-0.644178,0.083354,-0.752262,0.011889,-0.369226,0.352610
1878,1931071417,0.101740,-0.645635,0.080567,-0.752541,-0.028798,-0.229384,0.298642
1879,1931104751,0.092665,-0.646783,0.080030,-0.752784,-0.163169,-0.012239,0.293244
1880,1931138085,0.083772,-0.647975,0.081097,-0.752688,-0.132134,0.358906,0.233314
1881,1931171419,0.076460,-0.649544,0.081482,-0.752072,-0.031485,0.588371,0.081869
1882,1931204753,0.071315,-0.651464,0.080096,-0.751064,0.054819,0.668616,0.035572
1883,1931238087,0.067368,-0.653390,0.078056,-0.749970,0.104404,0.667533,0.152857
1884,1931271421,0.063548,-0.654841,0.076691,-0.749178,0.186249,0.560593,0.326696
1885,1931304755,0.059181,-0.655582,0.077667,-0.748787,0.150962,0.578676,0.336830
1886,1931338089,0.055349,-0.655597,0.081027,-0.748711,0.188305,0.491805,0.363180
1887,1931371423,0.053626,-0.654895,0.085862,-0.748912,0.291079,0.396379,0.360606
1888,1931404757,0.054537,-0.653553,0.091273,-0.749378,0.223080,0.124661,0.220294
1889,1931438091,0.057145,-0.651660,0.096382,-0.750193,0.137545,0.188338,0.321952
1890,1931471425,0.058691,-0.649168,0.102786,-0.751382,0.342104,-0.175685,0.237339
1891,1931504759,0.059010,-0.646379,0.108946,-0.752892,0.136696,-0.384573,-0.027390
1892,1931538093,0.057527,-0.643584,0.114897,-0.754515,0.068884,-0.401947,-0.173668
1893,1931571427,0.054806,-0.641206,0.119628,-0.756005,0.056717,-0.372735,-0.040402
1894,1931604761,0.051765,-0.639684,0.121989,-0.757131,-0.073665,-0.177712,0.003039
1895,1931638095,0.048570,-0.638941,0.122551,-0.757879,0.069103,-0.001942,-0.014388
1896,1931671429,0.045398,-0.639049,0.121633,-0.758133,-0.116577,-0.005407,-0.141927
1897,1931704763,0.042308,-0.639824,0.120161,-0.757892,-0.122271,0.124637,-0.021975
1898,1931738097,0.039402,-0.641176,0.118408,-0.757182,-0.114863,0.256532,0.059617
1899,1931771431,0.036844,-0.643060,0.116776,-0.755966,0.099098,0.345010,0.132104
1900,1931804765,0.035755,-0.645340,0.114353,-0.754444,0.275942,0.508267,0.096645
1901,1931838099,0.036936,-0.647970,0.110555,-0.752697,0.323648,0.599573,0.180378
1902,1931871433,0.040572,-0.650702,0.105347,-0.750898,0.466575,0.531501,0.244570
1903,1931904767,0.045754,-0.652988,0.099887,-0.749360,0.387787,0.384939,0.259184
1904,1931938101,0.051316,-0.654338,0.095932,-0.748338,0.361431,0.298631,0.330062
1905,1931971435,0.057272,-0.654814,0.093257,-0.747828,0.383072,0.161103,0.512518
1906,1932004769,0.063632,-0.654576,0.091269,-0.747767,0.245977,0.018273,0.494061
1907,1932038103,0.069896,-0.653720,0.090171,-0.748089,0.061856,-0.086614,0.356161
1908,1932071437,0.075373,-0.652509,0.090324,-0.748597,-0.029021,-0.153274,0.152881
1909,1932104771,0.080385,-0.651399,0.090865,-0.748976,-0.198475,-0.108600,0.036222
1910,1932138105,0.085304,-0.650715,0.090674,-0.749050,-0.202284,-0.096819,-0.165408
1911,1932171439,0.090102,-0.650734,0.089370,-0.748628,-0.144217,-0.168183,-0.193941
1912,1932204773,0.094453,-0.651657,0.086881,-0.747581,-0.174067,-0.132048,0.049285
1913,1932238107,0.099294,-0.653311,0.082177,-0.746040,-0.192221,-0.085937,0.221696
1914,1932271441,0.104651,-0.655366,0.075892,-0.744169,-0.197302,-0.258466,0.310421
1915,1932304775,0.109903,-0.657463,0.069976,-0.742139,-0.130926,-0.338584,0.435918
1916,1932338109,0.114430,-0.659275,0.065556,-0.740249,-0.023516,-0.354340,0.308055
1917,1932371443,0.118269,-0.660550,0.062629,-0.738761,0.040913,-0.305164,0.197452
1918,1932404777,0.121033,-0.661104,0.061172,-0.737940,0.055506,-0.412715,0.227850
1919,1932438111,0.122031,-0.660908,0.061932,-0.737887,0.025045,-0.420088,0.249127
1920,1932471445,0.121369,-0.659943,0.064872,-0.738607,-0.041103,-0.487877,0.342288
1921,1932504779,0.118865,-0.658110,0.070461,-0.740137,-0.154942,-0.605633,0.290090
1922,1932538113,0.114618,-0.655509,0.078978,-0.742252,-0.169299,-0.495537,0.234420
1923,1932571447,0.109637,-0.652137,0.088761,-0.744864,-0.307530,-0.585745,0.270657
1924,1932604781,0.103530,-0.648049,0.099580,-0.747932,-0.440414,-0.649624,0.155489
1925,1932638115,0.096252,-0.643249,0.110863,-0.751452,-0.506737,-0.605614,0.189304
1926,1932671449,0.088779,-0.637730,0.120550,-0.755573,-0.547758,-0.565721,0.117129
1927,1932704783,0.080325,-0.632039,0.129810,-0.759755,-0.717305,-0.927557,-0.065942
1928,1932738117,0.070529,-0.626442,0.138807,-0.763762,-0.823771,-0.689489,-0.101151
1929,1932771451,0.059750,-0.621787,0.146181,-0.767102,-0.790543,-0.569934,-0.225064
1930,1932804785,0.047529,-0.618521,0.152254,-0.769412,-0.838447,-0.556763,-0.250919
1931,1932838119,0.033135,-0.616655,0.157650,-0.770577,-0.812283,-0.335047,-0.101307
1932,1932871453,0.017198,-0.616325,0.161437,-0.770578,-0.732035,-0.248342,0.086646
1933,1932904787,-0.000060,-0.617317,0.164251,-0.769380,-0.489216,-0.168975,-0.133150
1934,1932938121,-0.018574,-0.619519,0.167383,-0.766706,-0.329412,0.107121,-0.110711
1935,1932971455,-0.037421,-0.622698,0.170144,-0.762825,-0.084976,0.462900,0.020187
1936,1933004789,-0.055360,-0.626612,0.171480,-0.758216,0.113992,0.700398,0.287064
1937,1933038123,-0.071979,-0.630931,0.171708,-0.753170,0.401729,0.879575,0.488658
1938,1933071457,-0.087052,-0.635087,0.172003,-0.748002,0.586101,0.998296,0.506094
1939,1933104791,-0.100511,-0.638529,0.173390,-0.743046,0.902336,1.018977,0.420590
1940,1933138125,-0.111921,-0.640805,0.177244,-0.738534,1.190212,0.975084,0.447999
1941,1933171459,-0.120607,-0.641741,0.183063,-0.734925,1.307621,0.943331,0.313485
1942,1933204793,-0.126273,-0.641460,0.190333,-0.732367,1.297268,0.785151,0.084171
1943,1933238127,-0.128960,-0.640479,0.198279,-0.730648,1.358532,0.693435,0.006812
1944,1933271461,-0.129062,-0.639277,0.206580,-0.729381,1.437127,0.648421,0.001724
1945,1933304795,-0.126343,-0.638888,0.213244,-0.728280,1.468633,0.460227,-0.060380
1946,1933338129,-0.120312,-0.639986,0.216743,-0.727303,1.519926,0.324200,-0.127379
1947,1933371463,-0.110414,-0.642959,0.215312,-0.726676,1.652766,0.201778,-0.029177
1948,1933404797,-0.096739,-0.647720,0.207600,-0.726641,1.643815,0.348939,0.095099
1949,1933438131,-0.078206,-0.654049,0.191609,-0.727594,1.535403,0.543215,0.248392
1950,1933471465,-0.054943,-0.660906,0.167946,-0.729372,1.081137,0.473711,0.189368
1951,1933504799,-0.029624,-0.666887,0.141053,-0.731090,0.979035,0.687477,0.227863
1952,1933538133,-0.003786,-0.671001,0.113523,-0.732707,0.775100,0.691024,0.303986
1953,1933571467,0.020066,-0.672564,0.089138,-0.734380,0.607745,0.531272,0.317081
1954,1933604801,0.039576,-0.671243,0.071531,-0.736718,0.415696,0.654309,0.363316
1955,1933638135,0.057599,-0.667488,0.058668,-0.740071,0.213141,0.845865,0.620309
1956,1933671469,0.074903,-0.661529,0.049128,-0.744553,-0.166773,0.581559,0.639304
1957,1933704803,0.090799,-0.654056,0.044918,-0.749635,-0.498642,0.285630,0.979370
1958,1933738137,0.105434,-0.645118,0.046712,-0.755334,-0.998257,-0.155389,0.654552
1959,1933771471,0.119503,-0.635539,0.053599,-0.760881,-1.243799,-0.216910,0.436811
1960,1933804805,0.133470,-0.626002,0.063289,-0.765706,-1.402883,-0.506687,0.234871
1961,1933838139,0.147055,-0.617219,0.073746,-0.769403,-1.558736,-0.807535,0.107553
1962,1933871473,0.159404,-0.609929,0.083688,-0.771737,-1.736337,-1.063726,-0.117847
1963,1933904807,0.170021,-0.604575,0.092148,-0.772719,-1.791381,-1.316361,-0.365716
1964,1933938141,0.178907,-0.601311,0.098390,-0.772490,-1.741157,-1.477663,-0.653547
1965,1933971475,0.186129,-0.600204,0.102465,-0.771113,-1.738990,-1.641051,-0.675031
1966,1934004809,0.191315,-0.601138,0.104629,-0.768823,-1.541195,-1.834315,-0.721678
1967,1934038143,0.194126,-0.604162,0.105510,-0.765621,-1.273189,-1.907623,-0.689582
1968,1934071477,0.194992,-0.609164,0.104199,-0.761606,-1.109909,-1.819546,-0.652549
1969,1934104811,0.194234,-0.616018,0.099698,-0.756875,-0.876606,-1.758599,-0.385780
1970,1934138145,0.191522,-0.624530,0.091755,-0.751577,-0.300414,-1.612333,-0.164144
1971,1934171479,0.187246,-0.634248,0.080007,-0.745836,-0.027356,-1.358744,-0.065482
1972,1934204813,0.180972,-0.644172,0.064869,-0.740330,0.434704,-1.239351,0.187895
1973,1934238147,0.172300,-0.653073,0.047966,-0.735875,0.737245,-0.939006,0.634324
1974,1934271481,0.158666,-0.660953,0.034371,-0.732659,0.348461,-0.787559,0.782072
1975,1934304815,0.139267,-0.666603,0.026131,-0.731824,1.111182,-0.349685,1.220511
1976,1934338149,0.114765,-0.670122,0.026524,-0.732848,1.254673,-0.060965,1.224247
1977,1934371483,0.087979,-0.671639,0.034528,-0.734828,0.546137,0.892598,0.678794
1978,1934404817,0.064125,-0.671761,0.044347,-0.736656,0.506729,1.545423,0.301450
1979,1934438151,0.046214,-0.671370,0.051927,-0.737858,0.887655,1.852539,-0.011531
1980,1934471485,0.035296,-0.670985,0.055024,-0.738587,0.903565,2.038986,-0.053961
1981,1934504819,0.030931,-0.670823,0.053145,-0.739066,0.705370,2.095307,-0.012564
1982,1934538153,0.030988,-0.670625,0.048243,-0.739580,0.544989,1.906755,-0.002105
1983,1934571487,0.032915,-0.670246,0.044223,-0.740091,0.422550,1.775745,0.096960
1984,1934604821,0.036176,-0.669647,0.042439,-0.740586,0.235043,1.754862,0.358761
1985,1934638155,0.041349,-0.668736,0.042508,-0.741134,0.157490,1.722490,0.267375
1986,1934671489,0.048968,-0.667806,0.044919,-0.741367,-0.017226,1.805196,0.047100
1987,1934704823,0.061216,-0.666381,0.045582,-0.741698,0.358019,1.208619,0.338967
1988,1934738157,0.075894,-0.664153,0.047361,-0.742228,0.134058,0.782810,0.216022
1989,1934771491,0.091796,-0.661419,0.050536,-0.742664,-0.061867,0.584529,0.229754
1990,1934804825,0.108548,-0.658197,0.053746,-0.743041,-0.230294,0.310670,0.523955
1991,1934838159,0.125568,-0.654356,0.056011,-0.743585,-0.354733,-0.292206,0.690762
1992,1934871493,0.141168,-0.650053,0.059253,-0.744309,-0.423102,-0.709825,0.704163
1993,1934904827,0.154691,-0.645711,0.063627,-0.745040,-0.527165,-0.965870,0.592136
1994,1934938161,0.166763,-0.641610,0.068115,-0.745581,-0.520392,-1.278195,0.259416
1995,1934971495,0.177679,-0.638438,0.071612,-0.745455,-0.472290,-1.386075,-0.074238
1996,1935004829,0.187554,-0.636614,0.071906,-0.744567,-0.411308,-1.306240,-0.361059
1997,1935038163,0.195768,-0.636421,0.067503,-0.743028,-0.350240,-1.177301,-0.488721
1998,1935071497,0.201725,-0.637760,0.058702,-0.741031,-0.221324,-1.111494,-0.564838
1999,1935104831,0.204681,-0.640446,0.047083,-0.738730,-0.235948,-0.906042,-0.480324
2000,1935138165,0.204829,-0.644059,0.033412,-0.736289,-0.255912,-0.601476,-0.383978
2001,1935171499,0.203241,-0.647982,0.018200,-0.733816,-0.160359,-0.467397,-0.309852
2002,1935204833,0.200400,-0.652085,0.003268,-0.731176,-0.123076,-0.267201,0.032965
2003,1935238167,0.197101,-0.655968,-0.010719,-0.728524,-0.039390,-0.055950,0.192946
2004,1935271501,0.188608,-0.659959,-0.013236,-0.727124,0.572507,-0.863188,0.359004
2005,1935304835,0.173347,-0.663430,-0.000883,-0.727884,0.611111,0.850857,0.462381
2006,1935338169,0.159595,-0.664401,0.014561,-0.729995,0.976237,1.335333,0.530847
2007,1935371503,0.154165,-0.662729,0.022670,-0.732471,0.807200,1.385907,0.449958
2008,1935404837,0.155498,-0.660442,0.023404,-0.734230,0.348903,0.562834,0.219604
2009,1935438171,0.159172,-0.658788,0.022011,-0.734971,0.245435,0.201912,0.173590
2010,1935471505,0.164653,-0.657434,0.018090,-0.735083,0.216405,0.199963,0.370956
2011,1935504839,0.171993,-0.655924,0.010734,-0.734896,0.044738,-0.066954,0.536672
2012,1935538173,0.179258,-0.654217,0.003093,-0.734753,-0.022065,-0.243954,0.268143
2013,1935571507,0.185490,-0.652363,-0.003294,-0.734853,0.037967,-0.417906,0.153248
2014,1935604841,0.190976,-0.650296,-0.008623,-0.735236,-0.012179,-0.518068,0.115222
2015,1935638175,0.195592,-0.648374,-0.012828,-0.735659,-0.072512,-0.543452,0.136651
2016,1935671509,0.200336,-0.646783,-0.016776,-0.735704,0.017120,-0.550798,0.221595
2017,1935704843,0.206353,-0.645243,-0.021733,-0.735263,0.149098,-0.672686,0.176383
2018,1935738177,0.212700,-0.643798,-0.026754,-0.734555,0.210153,-0.883924,0.258726
2019,1935771511,0.217731,-0.642577,-0.029895,-0.734029,0.172871,-0.967034,0.239626
2020,1935804845,0.220381,-0.641759,-0.030189,-0.733942,0.036385,-0.840326,0.137702
2021,1935838179,0.220743,-0.641301,-0.028469,-0.734302,-0.085483,-0.701452,0.053492
2022,1935871513,0.219571,-0.641148,-0.026136,-0.734874,-0.176578,-0.606555,-0.035554
2023,1935904847,0.217568,-0.641410,-0.024106,-0.735310,-0.247162,-0.521909,0.080589
2024,1935938181,0.215472,-0.641960,-0.023279,-0.735474,-0.209830,-0.450062,0.199270
2025,1935971515,0.213745,-0.642659,-0.023980,-0.735345,-0.186089,-0.483576,0.320949
2026,1936004849,0.212123,-0.643474,-0.025100,-0.735064,-0.116118,-0.524058,0.342369
2027,1936038183,0.210279,-0.644358,-0.025621,-0.734802,-0.041522,-0.579967,0.337689
2028,1936071517,0.207923,-0.645315,-0.024990,-0.734654,-0.009655,-0.414934,0.205292
2029,1936104851,0.205641,-0.646336,-0.024622,-0.734411,0.037182,-0.361088,0.194433
2030,1936138185,0.203729,-0.647447,-0.025955,-0.733919,0.161991,-0.166749,0.169314
2031,1936171519,0.201764,-0.648633,-0.029423,-0.733284,0.224012,-0.039892,0.281012
2032,1936204853,0.199597,-0.649630,-0.034409,-0.732777,0.216968,0.086580,0.369711
2033,1936238187,0.197767,-0.650224,-0.039630,-0.732482,0.284858,-0.030508,0.113932
2034,1936271521,0.196116,-0.650652,-0.043401,-0.732332,0.054427,-0.142075,-0.010334
2035,1936304855,0.194637,-0.651006,-0.046399,-0.732229,0.050678,-0.174658,-0.265642
2036,1936338189,0.192157,-0.651419,-0.049470,-0.732315,0.260140,-0.144130,-0.595715
2037,1936371523,0.188465,-0.651580,-0.053434,-0.732853,0.139651,-0.211555,-0.447609
2038,1936404857,0.183038,-0.651164,-0.056483,-0.734368,-0.077791,-0.426363,-0.344875
2039,1936438191,0.175107,-0.650652,-0.056014,-0.736788,-0.075306,-0.350369,0.014844
2040,1936471525,0.165652,-0.650598,-0.052677,-0.739263,-0.327474,-0.271772,0.304272
2041,1936504859,0.156116,-0.651187,-0.048152,-0.741127,0.179362,-0.182731,0.280017
2042,1936538193,0.150100,-0.652054,-0.045450,-0.741778,0.097906,0.525411,-0.464568
2043,1936571527,0.149808,-0.652621,-0.049421,-0.741084,-0.715790,0.346629,-0.658201
2044,1936604861,0.150214,-0.652092,-0.053682,-0.741171,-0.339340,-0.299910,-0.303352
2045,1936638195,0.142564,-0.650587,-0.044660,-0.744595,0.324841,-0.172701,0.133015
2046,1936671529,0.130712,-0.648512,-0.028965,-0.749341,-0.055961,0.338129,-0.012875
2047,1936704863,0.121027,-0.646425,-0.015503,-0.753161,0.207967,0.829899,0.271070
2048,1936738197,0.115764,-0.644832,-0.006207,-0.755484,0.018707,0.420330,0.268439
2049,1936771531,0.113554,-0.643842,0.000034,-0.756689,0.248893,0.438897,0.518370
2050,1936804865,0.115340,-0.643033,0.001275,-0.757105,0.653414,0.353793,0.773226
2051,1936838199,0.118337,-0.642360,-0.000249,-0.757214,0.796917,-0.261588,0.618735
2052,1936871533,0.122291,-0.641806,-0.005421,-0.757037,0.394009,-0.230471,0.497255
2053,1936904867,0.127191,-0.640946,-0.013693,-0.756853,0.008343,-0.757645,0.271558
2054,1936938201,0.129186,-0.640519,-0.018798,-0.756768,-0.217565,-0.867136,0.223423
2055,1936971535,0.127759,-0.640989,-0.019621,-0.756591,-0.412692,-0.829269,0.053525
2056,1937004869,0.124564,-0.642637,-0.016913,-0.755791,-0.657613,-0.386885,-0.177538
2057,1937038203,0.123248,-0.644368,-0.015264,-0.754567,-0.605181,-0.097028,-0.228592
2058,1937071537,0.123165,-0.645686,-0.014735,-0.753463,-0.482634,-0.076565,-0.045639
2059,1937104871,0.123993,-0.646848,-0.014679,-0.752331,-0.403623,-0.320681,-0.032274
2060,1937138205,0.125017,-0.648302,-0.014393,-0.750915,-0.156727,-0.364136,0.114179
2061,1937171539,0.123830,-0.650038,-0.010422,-0.749675,0.326347,-0.382733,0.483423
2062,1937204873,0.121908,-0.651311,-0.006107,-0.748932,0.665702,-0.057599,0.670836
2063,1937238207,0.120448,-0.652100,-0.003580,-0.748498,0.646808,-0.047009,0.497093
2064,1937271541,0.118705,-0.652670,-0.002059,-0.748285,0.440141,0.100290,0.127837
2065,1937304875,0.117109,-0.653022,-0.000985,-0.748232,0.206604,0.223389,0.099852
2066,1937338209,0.116113,-0.653132,-0.000003,-0.748291,0.071729,0.207220,0.185263
2067,1937371543,0.115922,-0.653181,0.000762,-0.748278,-0.058615,-0.004733,0.203417
2068,1937404877,0.116077,-0.653391,0.001416,-0.748070,-0.042226,0.046506,0.233404
2069,1937438211,0.116593,-0.653651,0.001435,-0.747762,0.078176,-0.141190,0.153081
2070,1937471545,0.116750,-0.653918,0.001933,-0.747504,0.163529,-0.126659,0.227050
2071,1937504879,0.117082,-0.653933,0.002647,-0.747436,0.246975,0.045147,0.286032
2072,1937538213,0.118380,-0.653465,0.002871,-0.747640,0.246461,0.077619,0.217556
2073,1937571547,0.119969,-0.652723,0.003213,-0.748033,0.066219,-0.144271,0.032470
2074,1937604881,0.120932,-0.652060,0.003966,-0.748453,-0.009769,0.038615,0.063213
2075,1937638215,0.121882,-0.651356,0.004050,-0.748911,-0.063573,-0.036956,0.043111
2076,1937671549,0.122397,-0.650824,0.003828,-0.749291,-0.071833,0.014282,-0.021987
2077,1937704883,0.123155,-0.650626,0.003032,-0.749342,-0.073301,-0.027934,0.113173
2078,1937738217,0.124383,-0.650555,0.002150,-0.749204,-0.016294,-0.017314,0.141267
2079,1937771551,0.125873,-0.650501,0.001426,-0.749004,0.056434,-0.081791,0.060405
2080,1937804885,0.127171,-0.650415,0.000751,-0.748860,0.099853,-0.079019,0.064547
2081,1937838219,0.128306,-0.650220,-0.000125,-0.748836,0.163546,-0.034743,0.045268
2082,1937871553,0.129167,-0.650010,-0.001014,-0.748870,0.080450,-0.052381,0.208209
2083,1937904887,0.130074,-0.649692,-0.002030,-0.748986,0.118199,-0.074352,0.272039
2084,1937938221,0.131122,-0.649210,-0.003327,-0.749217,0.171784,0.042026,0.229729
2085,1937971555,0.133262,-0.648314,-0.005842,-0.749600,0.162052,-0.067327,0.177460
2086,1938004889,0.135336,-0.647333,-0.008481,-0.750051,0.053544,-0.128491,0.177245
2087,1938038223,0.136472,-0.646477,-0.009687,-0.750568,0.013370,-0.170131,0.127556
2088,1938071557,0.136935,-0.645820,-0.009674,-0.751050,-0.065802,-0.012740,0.183492
2089,1938104891,0.137581,-0.645297,-0.009692,-0.751381,-0.076595,-0.039865,0.083177
2090,1938138225,0.138632,-0.644988,-0.010183,-0.751447,-0.053079,-0.073050,0.128290
2091,1938171559,0.139914,-0.644819,-0.010899,-0.751344,-0.068633,-0.065252,0.128386
2092,1938204893,0.140976,-0.644829,-0.011484,-0.751128,-0.030982,-0.143518,0.121491
2093,1938238227,0.141954,-0.644843,-0.012281,-0.750919,0.039128,-0.205256,0.198596
2094,1938271561,0.142156,-0.644945,-0.012229,-0.750795,0.056965,-0.156561,0.188011
2095,1938304895,0.142028,-0.645164,-0.011979,-0.750634,0.089471,-0.122080,0.186537
2096,1938338229,0.141839,-0.645474,-0.011873,-0.750405,0.123851,-0.187606,0.174208
2097,1938371563,0.140903,-0.645871,-0.010903,-0.750255,0.093371,-0.126107,0.176287
2098,1938404897,0.139750,-0.646204,-0.009800,-0.750199,0.089724,0.003186,0.163679
2099,1938438231,0.139245,-0.646393,-0.009716,-0.750131,0.056552,0.033610,0.117632
2100,1938471565,0.139123,-0.646465,-0.010225,-0.750085,0.006789,0.020397,0.034464
2101,1938504899,0.139136,-0.646490,-0.010727,-0.750054,-0.041028,0.068785,0.151776
2102,1938538233,0.139261,-0.646548,-0.011296,-0.749972,-0.114148,-0.051005,0.311845
2103,1938571567,0.139258,-0.646616,-0.011389,-0.749913,-0.062084,-0.122087,0.186646
2104,1938604901,0.139028,-0.646746,-0.010971,-0.749850,0.061808,-0.128786,0.093238
2105,1938638235,0.139054,-0.646901,-0.010886,-0.749713,0.115590,-0.166659,0.147475
2106,1938671569,0.138895,-0.646954,-0.010653,-0.749699,0.148173,-0.141715,0.105708
2107,1938704903,0.138242,-0.646945,-0.010083,-0.749836,0.138037,-0.026840,0.080757
2108,1938738237,0.137529,-0.646878,-0.009819,-0.750028,0.093480,0.058645,0.149775
2109,1938771571,0.137050,-0.646732,-0.009643,-0.750244,0.018812,0.085829,0.134656
2110,1938804905,0.136993,-0.646609,-0.009720,-0.750359,0.015781,0.084189,0.167516
2111,1938838239,0.137366,-0.646502,-0.010033,-0.750380,0.028126,0.031012,0.117018
2112,1938871573,0.137996,-0.646345,-0.010245,-0.750396,0.064268,-0.018062,0.029355
2113,1938904907,0.138702,-0.646227,-0.010623,-0.750363,0.094912,-0.040964,0.136005
2114,1938938241,0.139380,-0.646045,-0.010858,-0.750390,0.100700,-0.080003,0.195010
2115,1938971575,0.139878,-0.645778,-0.010548,-0.750532,0.121765,-0.086614,0.138974
2116,1939004909,0.140423,-0.645511,-0.010261,-0.750664,0.077808,-0.097884,0.125543
2117,1939038243,0.141082,-0.645259,-0.010140,-0.750758,0.062467,-0.077150,0.118286
2118,1939071577,0.141932,-0.645111,-0.010450,-0.750721,0.006098,-0.100035,0.133223
2119,1939104911,0.142857,-0.645036,-0.011141,-0.750600,0.017580,-0.139461,0.110427
2120,1939138245,0.143907,-0.644965,-0.012195,-0.750444,0.042048,-0.193832,0.064148
2121,1939171579,0.144637,-0.644912,-0.012661,-0.750342,0.031485,-0.192652,0.115654
2122,1939204913,0.144814,-0.644818,-0.012454,-0.750392,0.042120,-0.199717,0.128953
2123,1939238247,0.144868,-0.644731,-0.012059,-0.750462,0.051025,-0.168655,0.120554
2124,1939271581,0.144944,-0.644680,-0.011691,-0.750497,0.057641,-0.184718,0.168443
2125,1939304915,0.145093,-0.644677,-0.011470,-0.750475,0.085907,-0.161777,0.202569
2126,1939338249,0.145241,-0.644650,-0.011292,-0.750472,0.108977,-0.144105,0.183002
2127,1939371583,0.145257,-0.644657,-0.011063,-0.750466,0.123676,-0.079795,0.204769
2128,1939404917,0.145402,-0.644669,-0.011055,-0.750428,0.102444,-0.104071,0.153303
2129,1939438251,0.145681,-0.644699,-0.011296,-0.750344,0.071158,-0.116489,0.157914
2130,1939471585,0.145885,-0.644761,-0.011591,-0.750247,0.027367,-0.146420,0.139021
2131,1939504919,0.146017,-0.644897,-0.011883,-0.750100,0.026087,-0.127203,0.121769
2132,1939538253,0.146269,-0.645033,-0.012260,-0.749928,0.058043,-0.103366,0.168315
2133,1939571587,0.146562,-0.645124,-0.012588,-0.749786,0.071933,-0.173488,0.186659
2134,1939604921,0.146547,-0.645218,-0.012614,-0.749708,0.069527,-0.167330,0.166750
2135,1939638255,0.146255,-0.645281,-0.012354,-0.749716,0.082767,-0.130655,0.161126
2136,1939671589,0.146088,-0.645335,-0.012126,-0.749705,0.072749,-0.088813,0.166732
2137,1939704923,0.146026,-0.645437,-0.011938,-0.749633,0.073077,-0.072356,0.147495
2138,1939738257,0.145931,-0.645551,-0.011857,-0.749555,0.084617,-0.025366,0.113976
2139,1939771591,0.145951,-0.645592,-0.011913,-0.749515,0.115466,-0.005104,0.137990
2140,1939804925,0.145986,-0.645644,-0.011919,-0.749463,0.094822,0.011171,0.102651
2141,1939838259,0.146332,-0.645684,-0.012303,-0.749355,0.067510,-0.011323,0.188302
2142,1939871593,0.146696,-0.645678,-0.012561,-0.749284,0.049436,-0.030445,0.176224
2143,1939904927,0.147333,-0.645667,-0.012946,-0.749162,0.072413,-0.052409,0.116480
2144,1939938261,0.147865,-0.645667,-0.013234,-0.749052,0.087850,-0.137408,0.100529
2145,1939971595,0.148049,-0.645686,-0.013260,-0.748999,0.056338,-0.131652,0.113317
2146,1940004929,0.148084,-0.645670,-0.013066,-0.749009,0.025859,-0.077476,0.133090
2147,1940038263,0.148309,-0.645680,-0.012974,-0.748958,0.014847,-0.093998,0.197873
2148,1940071597,0.148652,-0.645681,-0.012973,-0.748889,0.077865,-0.071488,0.152781
2149,1940104931,0.148806,-0.645630,-0.012877,-0.748904,0.081547,-0.053849,0.153571
2150,1940138265,0.148905,-0.645570,-0.012844,-0.748937,0.099266,-0.030780,0.160216
2151,1940171599,0.149302,-0.645499,-0.013105,-0.748914,0.063912,-0.032206,0.129343
2152,1940204933,0.149735,-0.645457,-0.013485,-0.748857,0.072483,-0.090889,0.163881
2153,1940238267,0.150067,-0.645419,-0.013826,-0.748817,0.087454,-0.125111,0.170079
2154,1940271601,0.150210,-0.645420,-0.014005,-0.748784,0.052440,-0.082642,0.153968
2155,1940304935,0.150496,-0.645391,-0.014331,-0.748746,0.044683,-0.083338,0.170982
2156,1940338269,0.150690,-0.645376,-0.014526,-0.748716,0.044907,-0.068570,0.132312
2157,1940371603,0.151106,-0.645412,-0.014963,-0.748592,0.103656,-0.061042,0.134519
2158,1940404937,0.151478,-0.645435,-0.015529,-0.748486,0.107730,-0.121045,0.170302
2159,1940438271,0.151689,-0.645420,-0.015934,-0.748448,0.067883,-0.041942,0.181694
2160,1940471605,0.152083,-0.645400,-0.016522,-0.748372,0.044140,-0.086317,0.123275
2161,1940504939,0.152553,-0.645348,-0.017116,-0.748308,0.055635,-0.066770,0.129872
2162,1940538273,0.153092,-0.645240,-0.017658,-0.748279,0.032957,-0.082917,0.154476
2163,1940571607,0.153529,-0.645076,-0.018084,-0.748320,0.097446,-0.104889,0.098708
2164,1940604941,0.153747,-0.644800,-0.018165,-0.748511,0.010120,-0.129513,0.165106
2165,1940638275,0.153548,-0.644516,-0.017754,-0.748806,0.004788,-0.125267,0.081456
2166,1940671609,0.153473,-0.644255,-0.017297,-0.749057,0.005884,-0.136933,0.130140
2167,1940704943,0.153187,-0.644027,-0.016427,-0.749332,0.027855,-0.168355,0.115647
2168,1940738277,0.152829,-0.643966,-0.015302,-0.749481,-0.015099,-0.105279,0.021448
2169,1940771611,0.152278,-0.643996,-0.014293,-0.749587,0.083843,-0.101760,0.155298
2170,1940804945,0.151225,-0.644042,-0.012589,-0.749791,0.066459,-0.044083,0.134537
2171,1940838279,0.150556,-0.644154,-0.011652,-0.749845,-0.022312,-0.084768,0.032164
2172,1940871613,0.149509,-0.644364,-0.010103,-0.749896,-0.143830,-0.094120,0.101975
2173,1940904947,0.147354,-0.644800,-0.006662,-0.749986,-0.142939,0.218922,0.179656
2174,1940938281,0.146105,-0.644580,-0.004996,-0.750433,0.463901,-0.015912,0.088634
2175,1940971615,0.146108,-0.643874,-0.005988,-0.751031,0.750147,-0.441576,0.297406
2176,1941004949,0.144735,-0.643607,-0.004983,-0.751532,0.328120,-0.193097,0.723958
2177,1941038283,0.141594,-0.642778,-0.003192,-0.752849,0.267357,-0.321402,0.238915
2178,1941071617,0.135788,-0.641697,0.001047,-0.754844,0.114080,-0.289198,0.174647
2179,1941104951,0.131306,-0.640117,0.002666,-0.756972,0.007874,-0.065541,0.205128
2180,1941138285,0.128329,-0.638179,0.003266,-0.759113,-0.405693,-0.087863,-0.030041
2181,1941171619,0.126170,-0.635787,0.001507,-0.761484,-0.042982,-0.031514,0.031499
2182,1941204953,0.123403,-0.633537,-0.000670,-0.763810,0.032721,-0.047070,-0.110426
2183,1941238287,0.120623,-0.631647,-0.003034,-0.765811,0.154742,-0.053280,-0.074704
2184,1941271621,0.118879,-0.630468,-0.005071,-0.767044,0.052718,0.216077,0.133220
2185,1941304955,0.118029,-0.630041,-0.006147,-0.767518,-0.111099,-0.004174,0.125285
2186,1941338289,0.118400,-0.629865,-0.006239,-0.767604,0.108004,0.365544,0.105975
2187,1941371623,0.121200,-0.629497,-0.007702,-0.767456,0.142944,0.337997,0.404939
2188,1941404957,0.126821,-0.628518,-0.011481,-0.767303,0.369451,0.216368,0.264267
2189,1941438291,0.136499,-0.627253,-0.018605,-0.766537,0.356314,0.263374,0.093543
2190,1941471625,0.145013,-0.626761,-0.023282,-0.765247,-0.415777,0.376792,0.069024
2191,1941504959,0.150091,-0.625479,-0.027134,-0.765191,-0.177034,-0.233229,-0.120063
2192,1941538293,0.153505,-0.623397,-0.030723,-0.766076,0.177497,-0.622730,-0.229419
2193,1941571627,0.152102,-0.622847,-0.028320,-0.766896,-0.133845,-0.510426,-0.220509
2194,1941604961,0.148933,-0.622655,-0.022986,-0.767852,-0.040195,-0.228920,0.215752
2195,1941638295,0.148096,-0.621769,-0.018809,-0.768844,-0.003626,-0.371598,0.502879
2196,1941671629,0.146687,-0.621131,-0.012176,-0.769763,-0.510205,-0.142149,0.514409
2197,1941704963,0.145361,-0.620133,-0.005976,-0.770892,-0.400245,-0.614983,0.225838
2198,1941738297,0.143606,-0.619502,-0.000013,-0.771751,-0.371326,-0.737991,0.115383
2199,1941771631,0.140887,-0.619788,0.004561,-0.772008,-0.408966,-0.613718,0.072501
2200,1941804965,0.137806,-0.620730,0.007039,-0.771790,-0.332605,-0.812371,-0.122181
2201,1941838299,0.133545,-0.622020,0.009438,-0.771474,-0.145362,-0.889969,-0.014827
2202,1941871633,0.127018,-0.624067,0.013189,-0.770868,-0.084665,-0.818334,0.035943
2203,1941904967,0.118223,-0.626365,0.018480,-0.770294,0.128128,-0.855381,0.108809
2204,1941938301,0.105097,-0.627951,0.028739,-0.770591,0.672165,-0.032073,0.526178
2205,1941971635,0.091705,-0.629936,0.038428,-0.770259,0.075292,0.342224,0.196574
2206,1942004969,0.080574,-0.632224,0.044523,-0.769300,-0.204426,0.650250,0.081811
2207,1942038303,0.071978,-0.634562,0.047574,-0.768044,-0.275002,0.644692,0.048925
2208,1942071637,0.065573,-0.636612,0.048963,-0.766832,-0.104084,0.732654,0.126453
2209,1942104971,0.060446,-0.638156,0.050329,-0.765881,0.181751,0.656219,0.136689
2210,1942138305,0.056181,-0.638942,0.052457,-0.765408,0.403745,0.579618,0.318620
2211,1942171639,0.053090,-0.638544,0.054074,-0.765848,0.621306,0.662566,0.389764
2212,1942204973,0.052142,-0.637745,0.053912,-0.766590,0.617709,-0.252930,-0.017262
2213,1942238307,0.054059,-0.637578,0.054715,-0.766539,0.106561,0.270034,-0.199598
2214,1942271641,0.055738,-0.637177,0.054306,-0.766782,0.060894,0.297573,0.397760
2215,1942304975,0.058288,-0.635798,0.051879,-0.767904,0.250142,-0.214587,0.096317
2216,1942338309,0.058591,-0.633878,0.051896,-0.769465,-0.082814,0.042661,0.346844
2217,1942371643,0.058143,-0.630972,0.050699,-0.771964,0.355323,-0.249241,0.131494
2218,1942404977,0.057644,-0.628633,0.050440,-0.773923,0.070263,-0.385426,-0.056841
2219,1942438311,0.056005,-0.627373,0.052144,-0.774953,-0.068765,0.009618,-0.096235
2220,1942471645,0.055250,-0.626559,0.052196,-0.775661,-0.132480,0.077664,-0.036551
2221,1942504979,0.055182,-0.625900,0.050899,-0.776284,-0.111746,0.208260,0.081024
2222,1942538313,0.055753,-0.625444,0.048421,-0.776769,0.175354,0.277244,0.096878
2223,1942571647,0.055344,-0.625536,0.047342,-0.776791,-0.172396,-0.212635,-0.061122
2224,1942604981,0.054676,-0.625295,0.047961,-0.776995,0.011202,0.504381,0.206161
2225,1942638315,0.057152,-0.624275,0.044860,-0.777821,0.203228,0.078957,0.187480
2226,1942671649,0.061108,-0.623442,0.040447,-0.778431,-0.351906,0.022790,0.171590
2227,1942704983,0.066710,-0.621353,0.036252,-0.779846,0.553235,-0.014812,0.289630
2228,1942738317,0.074583,-0.619663,0.031021,-0.780703,0.309044,1.048918,0.405714
2229,1942771651,0.087464,-0.617676,0.016671,-0.781378,0.095381,0.462381,0.255062
2230,1942804985,0.102770,-0.615298,0.000336,-0.781570,0.200813,0.160142,0.277245
2231,1942838319,0.115844,-0.613119,-0.012479,-0.781354,0.195375,0.170447,0.294947
2232,1942871653,0.126306,-0.611392,-0.022871,-0.780851,-0.000225,-0.182636,0.139092
2233,1942904987,0.136527,-0.609193,-0.033770,-0.780454,0.064796,-0.082651,0.178850
2234,1942938321,0.147921,-0.606278,-0.048450,-0.779874,-0.137830,0.244263,0.242992
2235,1942971655,0.161391,-0.602519,-0.068399,-0.778621,-0.152886,-0.311085,0.084649
2236,1943004989,0.175856,-0.598593,-0.091760,-0.776109,-0.110691,-0.360005,0.066465
2237,1943038323,0.190873,-0.594386,-0.117827,-0.772265,-0.290584,-0.714225,-0.074050
2238,1943071657,0.203628,-0.590537,-0.141179,-0.768033,-0.150913,-0.879298,-0.081715
2239,1943104991,0.210932,-0.588352,-0.157412,-0.764575,-0.034001,-0.741033,-0.073012
2240,1943138325,0.213942,-0.587511,-0.168111,-0.762104,-0.037883,-0.556943,0.113893
2241,1943171659,0.215937,-0.587261,-0.176559,-0.759820,0.125764,-0.039995,0.117646
2242,1943204993,0.217714,-0.587549,-0.182819,-0.757607,0.105662,0.050725,0.160125
2243,1943238327,0.217373,-0.589078,-0.184835,-0.756027,0.210561,-0.269307,0.130488
2244,1943271661,0.214779,-0.591409,-0.181678,-0.755713,0.148061,-0.182726,0.144938
2245,1943304995,0.210801,-0.594608,-0.173981,-0.756134,0.315045,-0.293338,0.031428
2246,1943338329,0.204320,-0.599062,-0.159640,-0.757560,-0.032191,-0.181952,0.117899
2247,1943371663,0.194121,-0.603321,-0.138257,-0.761058,0.164550,0.290488,0.353807
2248,1943404997,0.180948,-0.607580,-0.112689,-0.765120,0.346290,0.125219,0.171906
2249,1943438331,0.167694,-0.612104,-0.086965,-0.767885,0.470725,-0.111739,0.212838
2250,1943471665,0.156332,-0.616434,-0.063670,-0.769103,-0.023708,-0.245668,0.116023
2251,1943504999,0.152658,-0.619674,-0.053581,-0.768006,-0.143687,0.361710,-0.033196
2252,1943538333,0.154534,-0.622500,-0.050738,-0.765534,-0.457352,1.209207,0.080847
2253,1943571667,0.161549,-0.623134,-0.059002,-0.762973,-0.194650,-1.239671,-0.078773
2254,1943605001,0.162290,-0.624867,-0.057621,-0.761503,-0.176136,-0.721966,0.176075
2255,1943638335,0.159056,-0.626906,-0.052158,-0.760903,0.071140,-0.196431,0.164692
2256,1943671669,0.157931,-0.628050,-0.051022,-0.760271,0.239687,-0.457098,0.186405
2257,1943705003,0.158249,-0.628439,-0.052640,-0.759773,0.255248,-0.292808,0.210211
2258,1943738337,0.157362,-0.628573,-0.053944,-0.759755,0.270798,-0.179859,0.149904
2259,1943771671,0.155613,-0.628736,-0.055017,-0.759904,0.118200,-0.085164,0.093392
2260,1943805005,0.153036,-0.629119,-0.055070,-0.760106,0.042957,-0.139565,0.091335
2261,1943838339,0.149621,-0.629698,-0.053252,-0.760436,-0.032733,0.125481,0.173802
2262,1943871673,0.146248,-0.630264,-0.050787,-0.760792,0.029051,0.117430,0.205621
2263,1943905007,0.142896,-0.630942,-0.046723,-0.761127,0.044528,0.050655,0.089248
2264,1943938341,0.140356,-0.631217,-0.042385,-0.761625,0.095793,0.381770,0.179202
2265,1943971675,0.140997,-0.630976,-0.042436,-0.761704,0.128741,0.381260,0.182811
2266,1944005009,0.142837,-0.630746,-0.044125,-0.761455,0.206230,0.028907,0.129592
2267,1944038343,0.143590,-0.630389,-0.044114,-0.761610,0.171651,0.041919,0.332403
2268,1944071677,0.145083,-0.629936,-0.044717,-0.761666,-0.101201,-0.074820,0.200501
2269,1944105011,0.147585,-0.629548,-0.045575,-0.761456,0.211568,-0.024606,0.302361
2270,1944138345,0.148716,-0.630361,-0.044132,-0.760647,0.073092,-0.524146,0.146722
2271,1944171679,0.148303,-0.631850,-0.040551,-0.759692,-0.047623,-0.199468,0.147676
2272,1944205013,0.148038,-0.633317,-0.037925,-0.758657,-0.151767,-0.478766,0.010356
2273,1944238347,0.147298,-0.634569,-0.035718,-0.757861,-0.404014,-0.107606,0.049113
2274,1944271681,0.146223,-0.635364,-0.035323,-0.757422,-0.185376,-0.448651,0.020719
2275,1944305015,0.143821,-0.636511,-0.034356,-0.756963,-0.068981,-0.360668,0.109227
2276,1944338349,0.140536,-0.638113,-0.032763,-0.756301,-0.034335,-0.375395,0.096030
2277,1944371683,0.137394,-0.639618,-0.032008,-0.755640,-0.014350,-0.245429,0.161150
2278,1944405017,0.133528,-0.640915,-0.030658,-0.755290,0.151865,-0.292804,0.253457
2279,1944438351,0.128142,-0.642386,-0.026702,-0.755124,0.059727,-0.189794,0.307492
2280,1944471685,0.122131,-0.643713,-0.020417,-0.755185,0.122825,-0.029234,0.222638
2281,1944505019,0.116222,-0.644525,-0.012744,-0.755594,0.148203,0.195450,0.172770
2282,1944538353,0.110975,-0.644897,-0.004983,-0.756156,0.307631,0.385363,0.055394
2283,1944571687,0.106287,-0.645561,0.001928,-0.756277,0.147300,0.291156,-0.008112
2284,1944605021,0.102821,-0.646291,0.006804,-0.756105,0.187307,0.378984,0.090540
2285,1944638355,0.102013,-0.646768,0.007851,-0.755796,0.188788,0.107075,0.147994
2286,1944671689,0.102354,-0.646887,0.007250,-0.755653,0.255891,-0.053667,0.163825
2287,1944705023,0.103590,-0.646878,0.006336,-0.755501,0.498483,0.143511,0.267316
2288,1944738357,0.105328,-0.647246,0.005146,-0.754954,0.165982,0.032919,0.168901
2289,1944771691,0.108661,-0.647229,0.002198,-0.754511,0.191179,0.149804,0.200374
2290,1944805025,0.112902,-0.646978,-0.002173,-0.754104,0.077657,-0.143541,0.168850
2291,1944838359,0.115227,-0.646805,-0.003754,-0.753894,0.046350,-0.210029,0.112352
2292,1944871693,0.115986,-0.646682,-0.002693,-0.753888,0.133851,-0.299393,0.050232
2293,1944905027,0.116045,-0.646856,-0.000142,-0.753734,-0.055265,-0.063883,0.155883
2294,1944938361,0.117282,-0.646959,0.000184,-0.753454,-0.001155,0.061857,0.166457
2295,1944971695,0.119730,-0.647145,-0.001591,-0.752907,-0.022876,-0.270587,0.086130
2296,1945005029,0.121730,-0.647437,-0.002605,-0.752333,-0.064944,-0.082357,0.210124
2297,1945038363,0.123435,-0.647215,-0.003345,-0.752243,0.035241,-0.123312,0.164535
2298,1945071697,0.124445,-0.646610,-0.002663,-0.752599,0.049031,-0.190429,0.099537
2299,1945105031,0.124542,-0.645466,-0.000443,-0.753570,0.016743,-0.224066,0.072416
2300,1945138365,0.123782,-0.643390,0.003065,-0.755462,0.213660,-0.074577,0.210946
2301,1945171699,0.122190,-0.641468,0.007669,-0.757320,0.323430,-0.017620,0.219882
2302,1945205033,0.120849,-0.640373,0.011910,-0.758407,0.253485,0.218224,0.119210
2303,1945238367,0.120982,-0.639728,0.013595,-0.758901,0.151253,0.405188,0.208067
2304,1945271701,0.122167,-0.639118,0.013526,-0.759226,-0.059156,0.028538,0.053002
2305,1945305035,0.123087,-0.638950,0.014257,-0.759206,-0.266129,-0.157235,0.007688
2306,1945338369,0.124609,-0.639369,0.014826,-0.758593,-0.241802,-0.127535,0.110507
2307,1945371703,0.127401,-0.640303,0.013574,-0.757364,-0.165122,-0.050041,0.045539
2308,1945405037,0.131100,-0.641579,0.010087,-0.755706,-0.024676,-0.124530,0.040699
2309,1945438371,0.134543,-0.642795,0.005810,-0.754111,0.205336,-0.110103,0.227652
2310,1945471705,0.137122,-0.643221,0.001680,-0.753303,0.594743,-0.153607,0.328963
2311,1945505039,0.138724,-0.643529,-0.001185,-0.752748,0.160930,-0.408369,0.100558
2312,1945538373,0.139855,-0.643084,-0.002935,-0.752914,0.181790,-0.109038,0.237311
2313,1945571707,0.140773,-0.642326,-0.003874,-0.753385,0.090831,-0.036552,0.206100
2314,1945605041,0.141071,-0.641897,-0.003826,-0.753695,0.053167,-0.186711,0.140264
2315,1945638375,0.142616,-0.641730,-0.004817,-0.753541,-0.101222,0.129202,0.147161
2316,1945671709,0.145006,-0.641521,-0.006455,-0.753251,-0.027968,-0.123468,0.137298
2317,1945705043,0.147035,-0.641296,-0.007095,-0.753043,-0.029631,-0.325411,0.026699
2318,1945738377,0.149066,-0.641129,-0.007604,-0.752781,-0.206058,-0.080688,0.146203
2319,1945771711,0.151289,-0.640778,-0.008911,-0.752622,0.264656,-0.115905,0.156131
2320,1945805045,0.152902,-0.641418,-0.010468,-0.751731,-0.003971,-0.621886,-0.052643
2321,1945838379,0.153349,-0.642411,-0.011976,-0.750769,-0.040845,-0.026566,0.162988
2322,1945871713,0.156855,-0.642326,-0.019586,-0.749956,0.247519,-0.287803,0.174136
2323,1945905047,0.161700,-0.641865,-0.029013,-0.749016,-0.066175,-0.254810,0.182416
2324,1945938381,0.164170,-0.641773,-0.034923,-0.748305,-0.149611,-0.290539,0.233038
2325,1945971715,0.163054,-0.642146,-0.036055,-0.748175,-0.036578,-0.609101,0.085012
2326,1946005049,0.160343,-0.642810,-0.033975,-0.748288,-0.125789,-0.060832,0.099273
2327,1946038383,0.156422,-0.643714,-0.029789,-0.748519,0.252862,-0.040504,0.333192
2328,1946071717,0.152027,-0.645637,-0.024865,-0.747948,0.132556,-0.128334,0.104606
2329,1946105051,0.148077,-0.647812,-0.020670,-0.746987,-0.156519,-0.277548,-0.153088
2330,1946138385,0.135220,-0.649068,-0.004130,-0.748608,1.427272,-1.359322,0.533819
2331,1946171719,0.112102,-0.650608,0.024129,-0.750710,-0.043840,-0.588725,-0.071630
2332,1946205053,0.096992,-0.650075,0.040014,-0.752594,-0.310342,1.182137,0.354124
2333,1946238387,0.089279,-0.649292,0.046480,-0.753852,-0.778344,0.496463,0.015224
2334,1946271721,0.084615,-0.648906,0.050249,-0.754481,-0.697772,0.333995,-0.022796
2335,1946305055,0.082882,-0.649219,0.050578,-0.754382,-0.466566,0.478762,-0.055874
2336,1946338389,0.082412,-0.649432,0.048796,-0.754368,0.101383,-0.374990,0.199331
2337,1946371723,0.078430,-0.648763,0.052148,-0.755142,0.139923,-0.648903,0.236448
2338,1946405057,0.072636,-0.647602,0.058477,-0.756254,-0.111093,0.156446,0.482927
2339,1946438391,0.067504,-0.646163,0.063848,-0.757525,-0.087072,-0.092299,0.263119
2340,1946471725,0.060895,-0.644795,0.070652,-0.758646,0.097952,-0.024631,0.080668
2341,1946505059,0.052074,-0.643775,0.078954,-0.759350,0.137181,-0.065774,0.050354
2342,1946538393,0.042246,-0.643026,0.087503,-0.759658,0.059650,-0.110720,0.073121
2343,1946571727,0.032192,-0.642446,0.096609,-0.759538,-0.140830,-0.041799,0.148829
2344,1946605061,0.023141,-0.641826,0.105526,-0.759205,-0.154838,0.005779,0.078569
2345,1946638395,0.014964,-0.641263,0.114539,-0.758579,-0.192705,-0.052105,0.042472
2346,1946671729,0.006956,-0.640765,0.124229,-0.757590,-0.215308,0.265593,0.029019
2347,1946705063,-0.000511,-0.640289,0.133110,-0.756516,0.021195,0.350555,0.074631
2348,1946738397,-0.007496,-0.640018,0.141590,-0.755167,-0.259544,0.277789,0.021426
2349,1946771731,-0.014013,-0.639361,0.148616,-0.754280,0.423085,0.485858,0.278710
2350,1946805065,-0.017619,-0.639446,0.151188,-0.753621,0.202457,0.273991,0.387698
2351,1946838399,-0.019177,-0.640490,0.150640,-0.752806,0.228193,0.418277,0.384928
2352,1946871733,-0.016124,-0.642567,0.144289,-0.752351,0.040013,0.071941,-0.004430
2353,1946905067,-0.012569,-0.644052,0.137311,-0.752456,0.121444,-0.424663,0.145243
2354,1946938401,-0.015419,-0.643907,0.138158,-0.752372,0.361801,-0.763069,0.240776
2355,1946971735,-0.024388,-0.642517,0.146646,-0.751716,0.915454,0.140064,0.232194
2356,1947005069,-0.032316,-0.641379,0.152177,-0.751289,0.651368,0.294947,0.130100
2357,1947038403,-0.036517,-0.640632,0.153438,-0.751477,0.313832,0.332024,0.187570
2358,1947071737,-0.037724,-0.639768,0.152712,-0.752301,0.201081,0.668453,0.565978
2359,1947105071,-0.035999,-0.638730,0.148416,-0.754126,0.134205,0.408847,0.346645
2360,1947138405,-0.034115,-0.637457,0.146208,-0.755719,-0.256101,-0.474488,0.101289
2361,1947171739,-0.035698,-0.635631,0.149711,-0.756498,0.272960,-0.479459,0.113631
2362,1947205073,-0.040677,-0.633670,0.158009,-0.756205,0.469508,-0.276132,0.144571
2363,1947238407,-0.046121,-0.631804,0.166402,-0.755653,0.456876,-0.236337,0.097956
2364,1947271741,-0.050333,-0.630662,0.171858,-0.755116,0.388649,-0.105839,0.066311
2365,1947305075,-0.053116,-0.630295,0.174077,-0.754724,0.273099,0.013542,-0.010836
2366,1947338409,-0.054748,-0.630440,0.173919,-0.754523,0.505607,0.403943,0.182693
2367,1947371743,-0.054955,-0.631041,0.171636,-0.754528,0.207429,0.358301,0.156054
2368,1947405077,-0.054473,-0.631202,0.168800,-0.755068,0.256088,0.464298,0.355279
2369,1947438411,-0.053114,-0.630701,0.164214,-0.756593,0.075442,0.305557,0.209146
2370,1947471745,-0.051885,-0.629828,0.160132,-0.758279,0.607693,0.392417,0.490133
2371,1947505079,-0.048076,-0.629795,0.152752,-0.760078,0.626241,-0.227833,0.207747
2372,1947538413,-0.043019,-0.629822,0.144141,-0.762038,0.308951,-0.181950,0.126872
2373,1947571747,-0.037845,-0.629106,0.135668,-0.764455,0.327015,0.109562,0.330553
2374,1947605081,-0.032260,-0.628121,0.126493,-0.767090,0.147583,-0.063589,0.019489
2375,1947638415,-0.026345,-0.627155,0.117922,-0.769468,0.026271,0.002183,-0.113829
2376,1947671749,-0.021229,-0.626527,0.111537,-0.771088,-0.006936,0.131724,-0.077560
2377,1947705083,-0.017915,-0.626128,0.109061,-0.771850,0.038339,-0.009459,0.030428
2378,1947738417,-0.016599,-0.625800,0.110177,-0.771987,0.130288,-0.052375,0.046191
2379,1947771751,-0.016359,-0.625242,0.112327,-0.772134,0.144781,-0.245679,0.086906
2380,1947805085,-0.016920,-0.624496,0.115305,-0.772287,0.111595,-0.053666,0.157392
2381,1947838419,-0.017233,-0.623812,0.117928,-0.772437,0.198708,0.025311,0.052802
2382,1947871753,-0.016261,-0.623371,0.118766,-0.772685,0.286042,0.211060,0.054295
2383,1947905087,-0.013760,-0.623227,0.117366,-0.773064,0.215952,0.253089,0.047325
2384,1947938421,-0.010139,-0.623403,0.113881,-0.773499,0.244789,0.205212,-0.024389
2385,1947971755,-0.005762,-0.623618,0.109166,-0.774050,0.094138,0.159907,-0.062182
2386,1948005089,-0.001404,-0.623590,0.104884,-0.774685,0.086108,0.174603,0.067965
2387,1948038423,0.002997,-0.623464,0.101481,-0.775235,-0.009003,0.157120,0.124962
2388,1948071757,0.007811,-0.623138,0.098398,-0.775861,-0.071435,0.242127,0.224019
2389,1948105091,0.013218,-0.622616,0.094953,-0.776636,-0.096026,-0.096546,0.239939
2390,1948138425,0.018610,-0.622108,0.092019,-0.777285,-0.197880,-0.178072,0.200399
2391,1948171759,0.023389,-0.621667,0.089510,-0.777801,-0.161334,-0.290699,0.092353
2392,1948205093,0.026529,-0.621476,0.088737,-0.777942,-0.152145,-0.372819,0.091999
2393,1948238427,0.028400,-0.621638,0.088626,-0.777759,-0.116672,-0.379934,0.150429
2394,1948271761,0.029547,-0.622012,0.088450,-0.777437,-0.009075,-0.217727,0.138487
2395,1948305095,0.030172,-0.622431,0.088198,-0.777106,0.010022,-0.234013,0.143762
2396,1948338429,0.030546,-0.622893,0.088272,-0.776713,-0.013861,-0.077918,0.172835
2397,1948371763,0.031309,-0.623377,0.087681,-0.776362,-0.006876,0.000900,0.108096
2398,1948405097,0.032444,-0.623959,0.086908,-0.775934,-0.007005,0.157812,0.073022
2399,1948438431,0.034495,-0.624636,0.085284,-0.775481,0.042895,0.165732,0.101128
2400,1948471765,0.037010,-0.625359,0.083557,-0.774970,0.075967,0.048969,0.086315
2401,1948505099,0.039547,-0.626112,0.082242,-0.774377,0.110093,-0.049879,0.145573
2402,1948538433,0.042120,-0.626818,0.081065,-0.773794,0.170222,-0.054050,0.210151
2403,1948571767,0.044560,-0.627518,0.079919,-0.773210,0.159225,-0.104121,0.155854
2404,1948605101,0.046560,-0.628161,0.079271,-0.772636,0.129602,-0.078108,0.163429
2405,1948638435,0.048283,-0.628731,0.079064,-0.772088,0.077111,-0.040644,0.161745
2406,1948671769,0.049816,-0.629165,0.078849,-0.771658,0.032360,0.001438,0.172280
2407,1948705103,0.051582,-0.629533,0.078064,-0.771322,-0.063041,-0.134552,0.178131
2408,1948738437,0.052686,-0.629866,0.077928,-0.770989,-0.025755,-0.222711,0.110921
2409,1948771771,0.053330,-0.630183,0.078126,-0.770665,-0.015023,-0.198047,0.115727
2410,1948805105,0.053842,-0.630523,0.078067,-0.770358,-0.011788,-0.207813,0.146097
2411,1948838439,0.053939,-0.630836,0.078076,-0.770094,-0.039885,-0.216292,0.094081
2412,1948871773,0.053948,-0.630958,0.077945,-0.770006,-0.003138,-0.179619,0.105202
2413,1948905107,0.053344,-0.631034,0.078532,-0.769927,-0.047686,-0.165565,0.185118
2414,1948938441,0.052319,-0.631130,0.079741,-0.769795,0.000759,-0.104634,0.202810
2415,1948971775,0.051284,-0.631203,0.081163,-0.769656,0.031459,-0.109094,0.197757
2416,1949005109,0.049899,-0.631325,0.083261,-0.769422,0.046567,-0.090177,0.187291
2417,1949038443,0.048222,-0.631422,0.085674,-0.769185,0.072988,-0.047769,0.182993
2418,1949071777,0.046695,-0.631396,0.087600,-0.769083,-0.011878,-0.091623,0.127460
2419,1949105111,0.045545,-0.631344,0.088644,-0.769075,-0.030913,-0.080750,0.090307
2420,1949138445,0.044093,-0.631380,0.089883,-0.768987,-0.070628,-0.141028,0.058539
2421,1949171779,0.042290,-0.631374,0.091421,-0.768911,-0.029523,-0.045964,0.103755
2422,1949205113,0.040268,-0.631307,0.093292,-0.768851,-0.022489,-0.067624,0.144517
2423,1949238447,0.037893,-0.631200,0.095776,-0.768754,-0.011004,-0.028189,0.209270
2424,1949271781,0.035423,-0.631073,0.098432,-0.768640,0.023368,-0.015354,0.216459
2425,1949305115,0.033162,-0.630964,0.100828,-0.768520,0.088635,0.011229,0.242737
2426,1949338449,0.031096,-0.630886,0.102890,-0.768396,0.153497,-0.022403,0.306442
2427,1949371783,0.029124,-0.630749,0.104680,-0.768345,0.228562,-0.019174,0.297810
2428,1949405117,0.027267,-0.630549,0.105911,-0.768408,0.200115,0.008827,0.276282
2429,1949438451,0.025816,-0.630479,0.105903,-0.768517,0.076800,-0.077946,0.412220
2430,1949471785,0.024891,-0.630531,0.104453,-0.768703,-0.064721,-0.198623,0.381322
2431,1949505119,0.023465,-0.630406,0.103474,-0.768984,-0.119329,-0.373324,0.097791
2432,1949538453,0.020012,-0.629686,0.106067,-0.769317,-0.039242,-0.373572,-0.023491
2433,1949571787,0.016125,-0.628844,0.109497,-0.769617,-0.093675,-0.159760,-0.096620
2434,1949605121,0.011756,-0.628014,0.113935,-0.769729,0.020133,0.192854,0.168502
2435,1949638455,0.009184,-0.627499,0.115467,-0.769956,-0.010406,-0.441607,-0.024582
2436,1949671789,0.006483,-0.627160,0.117979,-0.769879,0.037151,-0.420563,0.097098
2437,1949705123,0.003472,-0.626960,0.120906,-0.769607,0.169955,-0.359492,0.095471
2438,1949738457,0.000606,-0.626890,0.122693,-0.769389,0.126674,-0.567997,-0.037073
2439,1949771791,-0.003460,-0.626758,0.125312,-0.769067,0.048899,-0.473454,-0.161555
2440,1949805125,-0.009153,-0.626484,0.129719,-0.768512,0.094166,-0.183666,-0.042157
2441,1949838459,-0.014523,-0.626479,0.133499,-0.767786,0.083764,-0.041343,0.158499
2442,1949871793,-0.018968,-0.626802,0.136813,-0.766841,0.191121,-0.081471,0.264493
2443,1949905127,-0.022254,-0.627319,0.139550,-0.765837,0.229012,-0.235320,0.267762
2444,1949938461,-0.024683,-0.627918,0.142056,-0.764810,0.253645,-0.466230,0.061086
2445,1949971795,-0.027737,-0.628694,0.146489,-0.763230,0.340809,-0.432002,-0.046851
2446,1950005129,-0.030542,-0.630087,0.151119,-0.761068,0.514924,-0.367964,0.044922
2447,1950038463,-0.032145,-0.632314,0.154361,-0.758500,0.627350,-0.370336,0.096868
2448,1950071797,-0.032550,-0.634963,0.156224,-0.755884,0.695617,-0.448263,0.399682
2449,1950105131,-0.031410,-0.637704,0.155945,-0.753679,0.518829,-0.244984,0.480865
2450,1950138465,-0.030161,-0.639601,0.154133,-0.752494,0.600344,-0.136266,0.310084
2451,1950171799,-0.029462,-0.640299,0.152886,-0.752183,0.549199,-0.267332,-0.198974
2452,1950205133,-0.029751,-0.640378,0.153204,-0.752040,0.660724,-0.166172,-0.145985
2453,1950238467,-0.029242,-0.640371,0.152383,-0.752232,0.788519,-0.049270,0.143456
2454,1950271801,-0.028198,-0.640118,0.149985,-0.752969,0.560291,0.128160,0.280619
2455,1950305135,-0.027396,-0.639406,0.147152,-0.754162,0.330955,0.303899,0.192842
2456,1950338469,-0.026852,-0.638339,0.144697,-0.755559,0.269731,0.489343,0.119688
2457,1950371803,-0.025678,-0.637283,0.142348,-0.756936,0.123943,0.682940,0.080664
2458,1950405137,-0.022953,-0.636518,0.139483,-0.758200,-0.059780,0.821665,0.069813
2459,1950438471,-0.018376,-0.636093,0.136060,-0.759303,-0.206172,0.788312,0.070766
2460,1950471805,-0.012617,-0.635944,0.133061,-0.760076,-0.266459,0.664041,0.079529
2461,1950505139,-0.005817,-0.636062,0.130580,-0.760489,-0.268786,0.534514,-0.006578
2462,1950538473,0.001836,-0.636361,0.128457,-0.760621,-0.229872,0.337129,0.051255
2463,1950571807,0.009972,-0.636800,0.126383,-0.760538,-0.105465,0.104290,0.148380
2464,1950605141,0.018590,-0.637263,0.123708,-0.760428,-0.024878,-0.140166,0.193602
2465,1950638475,0.027477,-0.637438,0.120333,-0.760554,-0.044943,-0.290746,0.088509
2466,1950671809,0.035907,-0.637115,0.116532,-0.761065,-0.099619,-0.409429,-0.115150
2467,1950705143,0.042617,-0.636152,0.113388,-0.761999,-0.218734,-0.532028,-0.177931
2468,1950738477,0.046213,-0.634890,0.112067,-0.763037,-0.311664,-0.483673,0.022406
2469,1950771811,0.047278,-0.633812,0.111106,-0.764007,-0.330437,-0.283078,0.300378
2470,1950805145,0.046905,-0.633269,0.109044,-0.764777,-0.406957,-0.191889,0.527623
2471,1950838479,0.045277,-0.633462,0.106260,-0.765107,-0.439194,-0.036217,0.612827
2472,1950871813,0.042634,-0.634509,0.102837,-0.764859,-0.266515,0.000594,0.559486
2473,1950905147,0.039612,-0.636230,0.099285,-0.764061,-0.170263,0.283508,0.416307
2474,1950938481,0.036141,-0.638310,0.096597,-0.762842,-0.013724,0.450754,0.403644
2475,1950971815,0.032764,-0.640415,0.095236,-0.761400,0.046784,0.586015,0.402959
2476,1951005149,0.030647,-0.642541,0.094600,-0.759775,0.145292,0.797280,0.255969
2477,1951038483,0.031096,-0.644758,0.093915,-0.757960,-0.168772,0.622854,0.707489
2478,1951071817,0.033574,-0.646318,0.095565,-0.756318,-0.496626,0.433488,0.969320
2479,1951105151,0.037707,-0.646362,0.102915,-0.755120,-0.912182,-0.186225,0.376309
2480,1951138485,0.040990,-0.645590,0.118723,-0.753288,-0.734722,-0.360302,-0.535450
2481,1951171819,0.043410,-0.645534,0.138480,-0.749820,-0.467141,-0.371132,-0.494910
2482,1951205153,0.044872,-0.646826,0.156163,-0.745131,-0.113668,-0.176850,-0.447824
2483,1951238487,0.045329,-0.649939,0.167989,-0.739803,0.328509,-0.561539,-0.717001
2484,1951271821,0.041206,-0.654348,0.176069,-0.734258,0.472639,-1.363284,-0.833357
2485,1951305155,0.027985,-0.659143,0.187866,-0.727638,0.725406,-1.259074,-0.667052
2486,1951338489,0.011476,-0.662449,0.200165,-0.721781,0.862588,-0.578209,0.169234
2487,1951371823,-0.002561,-0.663869,0.202523,-0.719903,1.556242,0.865461,0.923007
2488,1951405157,-0.005686,-0.666359,0.186806,-0.721832,0.692511,1.206596,0.648246
2489,1951438491,-0.000443,-0.669934,0.162501,-0.724421,-0.192992,0.707878,0.725865
2490,1951471825,0.007585,-0.673120,0.141470,-0.725839,-0.618753,0.260652,0.346862
2491,1951505159,0.012688,-0.675775,0.131859,-0.725110,-0.611394,0.074545,0.179090
2492,1951538493,0.011689,-0.677478,0.135089,-0.722940,-0.157675,0.149982,0.165531
2493,1951571827,0.007689,-0.678478,0.143130,-0.720504,0.524335,0.315243,0.169933
2494,1951605161,0.005333,-0.679353,0.148051,-0.718704,0.894943,0.201406,-0.143163
2495,1951638495,0.002537,-0.679470,0.151869,-0.717812,0.770347,-0.567263,0.296956
2496,1951671829,-0.001651,-0.678980,0.155187,-0.717569,0.688266,-0.119344,0.181581
2497,1951705163,-0.002402,-0.679074,0.155007,-0.717517,0.284591,0.161408,0.408973
2498,1951738497,-0.000444,-0.679580,0.152919,-0.717490,-0.088362,0.030305,0.552879
2499,1951771831,0.001205,-0.679907,0.152273,-0.717317,-0.377374,-0.123110,0.463134
2500,1951805165,0.001805,-0.680322,0.153697,-0.716617,-0.383691,-0.260439,0.273796
2501,1951838499,0.000893,-0.680706,0.157103,-0.715515,-0.101549,-0.562400,0.069927
2502,1951871833,-0.004445,-0.680985,0.164068,-0.713670,0.232617,-0.651629,-0.059019
2503,1951905167,-0.011400,-0.681370,0.171566,-0.711459,0.368322,-0.354849,0.055044
2504,1951938501,-0.018731,-0.682017,0.177765,-0.709158,0.479026,-0.066986,-0.089392
2505,1951971835,-0.026074,-0.682799,0.182825,-0.706884,0.498996,0.183181,0.183352
2506,1952005169,-0.031847,-0.683428,0.186408,-0.705101,0.548091,0.368964,0.248741
2507,1952038503,-0.035227,-0.683814,0.188692,-0.703958,0.554055,0.357472,0.168966
2508,1952071837,-0.036215,-0.683939,0.189867,-0.703471,0.497971,0.319967,0.046630
2509,1952105171,-0.035838,-0.683787,0.190610,-0.703437,0.455674,0.108051,0.129809
2510,1952138505,-0.035049,-0.683232,0.191344,-0.703816,0.388910,-0.021125,0.060991
2511,1952171839,-0.033754,-0.682415,0.191564,-0.704611,0.241213,-0.127729,0.131513
2512,1952205173,-0.032663,-0.681315,0.191793,-0.705665,0.185461,-0.263923,0.097372
2513,1952238507,-0.032754,-0.679968,0.193639,-0.706455,-0.051533,-0.294326,0.146748
2514,1952271841,-0.034752,-0.678420,0.197642,-0.706739,0.048282,-0.149751,0.182225
2515,1952305175,-0.037492,-0.676779,0.202729,-0.706731,0.015850,-0.232446,0.299458
2516,1952338509,-0.042210,-0.674483,0.210444,-0.706405,0.060907,-0.337146,0.124636
2517,1952371843,-0.049380,-0.671567,0.221258,-0.705414,0.049610,-0.395643,-0.072883
2518,1952405177,-0.058461,-0.668394,0.234128,-0.703577,0.169434,-0.118947,-0.096520
2519,1952438511,-0.066486,-0.665193,0.245852,-0.701897,0.293036,-0.245122,-0.190346
2520,1952471845,-0.072939,-0.662015,0.255910,-0.700664,0.589405,0.166448,-0.023148
2521,1952505179,-0.078174,-0.659258,0.262502,-0.700261,0.375916,0.346326,0.316238
2522,1952538513,-0.083324,-0.657258,0.268080,-0.699433,0.136369,0.705534,0.528547
2523,1952571847,-0.086222,-0.656131,0.273419,-0.698071,0.316436,0.725399,0.408813
2524,1952605181,-0.085911,-0.655982,0.277758,-0.696535,0.351653,0.743398,0.383552
2525,1952638515,-0.083233,-0.656525,0.280410,-0.695286,0.618435,0.185484,0.307446
2526,1952671849,-0.077604,-0.657933,0.278908,-0.695210,0.712433,0.077268,-0.037782
2527,1952705183,-0.070430,-0.660132,0.274213,-0.695757,0.470858,0.179002,0.315753
2528,1952738517,-0.062717,-0.662402,0.267640,-0.696896,0.392256,-0.150588,0.015615
2529,1952771851,-0.054183,-0.664033,0.259953,-0.698966,0.035153,0.004915,0.164579
2530,1952805185,-0.048170,-0.664364,0.255408,-0.700764,-0.214812,0.468297,0.435953
2531,1952838519,-0.043256,-0.663704,0.251506,-0.703118,-0.194826,-0.069118,0.578026
2532,1952871853,-0.036173,-0.662484,0.244191,-0.707235,-0.560554,-0.656550,0.449149
2533,1952905187,-0.028572,-0.660723,0.236096,-0.711963,-0.690281,-0.871341,-0.013241
2534,1952938521,-0.024986,-0.658063,0.234027,-0.715237,-0.511523,-1.185649,0.382330
2535,1952971855,-0.025208,-0.654224,0.238415,-0.717299,-0.291839,-0.862082,0.200696
2536,1953005189,-0.024832,-0.650432,0.243787,-0.718953,-0.165321,-0.689518,0.554883
2537,1953038523,-0.024022,-0.646710,0.249273,-0.720455,-0.141372,-0.319461,0.811684
2538,1953071857,-0.023542,-0.643639,0.254199,-0.721500,-0.258647,-0.392984,0.571022
2539,1953105191,-0.025772,-0.641212,0.260038,-0.721503,-0.253105,-0.136231,0.294783
2540,1953138525,-0.032842,-0.638532,0.269802,-0.720006,0.010530,0.187542,-0.411225
2541,1953171859,-0.039906,-0.636692,0.278063,-0.718133,0.427061,0.874980,-0.360823
2542,1953205193,-0.044376,-0.636414,0.280806,-0.717050,1.082589,0.793168,-0.143841
2543,1953238527,-0.042499,-0.638840,0.273123,-0.717973,0.684084,0.408982,-0.460694
2544,1953271861,-0.037816,-0.642188,0.261439,-0.719596,0.916391,-0.509176,-0.016941
2545,1953305195,-0.034553,-0.644740,0.251716,-0.720943,0.468592,-0.804722,0.313210
2546,1953338529,-0.032249,-0.646403,0.243666,-0.722325,0.070673,-0.291079,0.065825
2547,1953371863,-0.029733,-0.647179,0.238074,-0.723602,-0.871633,-0.700859,0.405948
2548,1953405197,-0.032054,-0.645933,0.240940,-0.723668,-1.458649,-0.399961,0.251229
2549,1953438531,-0.038041,-0.644320,0.250089,-0.721710,-1.170292,0.483342,0.098257
2550,1953471865,-0.046042,-0.641798,0.261966,-0.719273,-0.276267,-0.434249,0.291808
2551,1953505199,-0.057803,-0.638120,0.277283,-0.715947,0.223838,-0.548182,-0.036540
2552,1953538533,-0.071414,-0.634266,0.295175,-0.710973,1.463505,0.833823,0.057957
2553,1953571867,-0.078559,-0.632424,0.305141,-0.707645,1.689529,0.438457,-0.170092
2554,1953605201,-0.082516,-0.630553,0.313570,-0.705175,1.753898,0.802519,0.156317
2555,1953638535,-0.082953,-0.628063,0.321723,-0.703672,1.440032,1.301302,0.213579
2556,1953671869,-0.078083,-0.626205,0.325777,-0.704020,0.438190,0.468749,0.259537
2557,1953705203,-0.072646,-0.624259,0.330585,-0.704089,-0.010165,-0.304957,0.587119
2558,1953738537,-0.069631,-0.622719,0.336629,-0.702893,-0.549807,-0.667615,0.679097
2559,1953771871,-0.066339,-0.622814,0.338810,-0.702078,-0.137189,-1.500365,0.087290
2560,1953805205,-0.066549,-0.622844,0.342193,-0.700389,-0.260610,-0.776805,-0.091987
2561,1953838539,-0.069530,-0.621985,0.348455,-0.697770,0.255934,-0.025195,0.154798
2562,1953871873,-0.072467,-0.620634,0.353580,-0.696095,0.543012,0.054068,-0.001819
2563,1953905207,-0.074668,-0.619732,0.356989,-0.694925,0.485535,0.173996,-0.185662
2564,1953938541,-0.077268,-0.619116,0.360793,-0.693223,0.428235,-0.103588,0.110898
2565,1953971875,-0.079033,-0.618696,0.363602,-0.691930,0.638000,0.263753,0.126450
2566,1954005209,-0.079333,-0.619362,0.364063,-0.691057,0.026996,0.233645,-0.126605
2567,1954038543,-0.081179,-0.619856,0.366554,-0.689080,0.405739,0.234952,0.177871
2568,1954071877,-0.083744,-0.619664,0.369918,-0.687145,0.386135,0.089697,0.155423
2569,1954105211,-0.087174,-0.619193,0.373220,-0.685355,0.015673,-0.198705,0.035237
2570,1954138545,-0.090655,-0.619006,0.375204,-0.683988,0.159605,-0.062867,0.394026
2571,1954171879,-0.090848,-0.620293,0.372814,-0.684103,0.080349,0.156777,0.137383
2572,1954205213,-0.086647,-0.623610,0.366746,-0.684912,-0.110428,0.320602,0.207188
2573,1954238547,-0.074311,-0.630113,0.351826,-0.688228,-1.187901,-0.110051,-0.285470
2574,1954271881,-0.070418,-0.633671,0.347469,-0.687584,-0.465435,-0.622333,-0.356089
2575,1954305215,-0.072648,-0.634708,0.349761,-0.685230,-0.018724,0.199303,0.127801
2576,1954338549,-0.076634,-0.634051,0.354255,-0.683091,0.598616,0.630999,0.358465
2577,1954371883,-0.079142,-0.632573,0.358069,-0.682187,0.824323,0.329797,0.391210
2578,1954405217,-0.079550,-0.631125,0.359292,-0.682837,0.736020,0.073387,0.375626
2579,1954438551,-0.079019,-0.630007,0.359351,-0.683899,0.759742,-0.097835,0.257140
2580,1954471885,-0.076941,-0.630175,0.356875,-0.685277,0.703218,-0.208372,0.295079
2581,1954505219,-0.073956,-0.631217,0.352355,-0.686983,0.883722,-0.035475,0.277348
2582,1954538553,-0.068323,-0.632422,0.345411,-0.689978,1.153909,0.164429,0.320977
2583,1954571887,-0.059190,-0.633827,0.334300,-0.694987,1.374506,0.712875,0.227055
2584,1954605221,-0.046200,-0.635630,0.317750,-0.702053,1.048581,0.690474,-0.018608
2585,1954638555,-0.030435,-0.636573,0.298507,-0.710455,1.105491,0.827656,-0.532987
2586,1954671889,-0.008768,-0.637234,0.273725,-0.720372,0.714235,0.667249,-0.894687
2587,1954705223,0.012080,-0.637663,0.248568,-0.729012,0.389782,1.693248,-0.785746
2588,1954738557,0.037613,-0.640418,0.213648,-0.736755,0.123094,1.270594,-0.400846
2589,1954771891,0.065683,-0.643782,0.173812,-0.742310,-0.633735,-0.706004,0.256215
2590,1954805225,0.085905,-0.645386,0.142977,-0.745425,-0.491173,-0.762991,0.436317
2591,1954838559,0.100829,-0.646060,0.118465,-0.747268,-0.275615,-0.943850,0.579828
2592,1954871893,0.111915,-0.647076,0.099583,-0.747566,-0.680194,-2.074854,0.789439
2593,1954905227,0.120424,-0.648669,0.085025,-0.746660,-0.583745,-1.648524,0.841273
2594,1954938561,0.128292,-0.650413,0.072003,-0.745201,-1.043043,-0.256753,0.574136
2595,1954971895,0.136993,-0.651612,0.061349,-0.743556,-0.909723,-0.707648,0.250806
2596,1955005229,0.143577,-0.652439,0.056528,-0.741969,-0.723007,-0.302127,0.271670
2597,1955038563,0.147335,-0.652946,0.055562,-0.740858,-0.312369,-0.456517,0.228354
2598,1955071897,0.146948,-0.653209,0.058185,-0.740502,-0.041847,-0.515692,0.061676
2599,1955105231,0.141583,-0.653139,0.064080,-0.741122,0.535052,-0.336029,0.171680
2600,1955138565,0.134870,-0.653339,0.067726,-0.741873,-0.081587,0.506957,0.025569
2601,1955171899,0.127113,-0.654195,0.071729,-0.742112,-0.048257,0.146509,0.132452
2602,1955205233,0.119846,-0.655355,0.076593,-0.741812,0.021118,0.172683,0.247443
2603,1955238567,0.115326,-0.656030,0.080079,-0.741563,0.092918,0.268477,0.337082
2604,1955271901,0.113782,-0.656099,0.082187,-0.741510,0.192123,0.041217,0.332754
2605,1955305235,0.113492,-0.655932,0.083687,-0.741535,0.148612,-0.139233,0.193944
2606,1955338569,0.113856,-0.655608,0.083723,-0.741761,0.259357,-0.373348,0.353183
2607,1955371903,0.114992,-0.655316,0.081944,-0.742042,0.087347,-0.322504,0.095178
2608,1955405237,0.114943,-0.655379,0.081254,-0.742070,-0.128705,-0.543049,-0.148030
2609,1955438571,0.111749,-0.655557,0.084824,-0.742002,-0.143020,-0.448019,-0.036721
2610,1955471905,0.105528,-0.655671,0.092164,-0.741936,0.079011,-0.099488,0.058201
2611,1955505239,0.099163,-0.655597,0.099705,-0.741904,0.262511,0.021580,0.198184
2612,1955538573,0.093599,-0.655367,0.106282,-0.741917,0.056575,-0.471818,0.152064
2613,1955571907,0.089147,-0.655153,0.112963,-0.741668,0.239992,0.018577,0.075752
2614,1955605241,0.084351,-0.655505,0.118647,-0.741030,0.200450,-0.299247,0.182541
2615,1955638575,0.079943,-0.655870,0.123461,-0.740409,0.248205,-0.428022,0.353266
2616,1955671909,0.075371,-0.655931,0.128457,-0.739985,0.095275,-0.243954,0.276771
2617,1955705243,0.071597,-0.655989,0.133219,-0.739466,0.015769,0.029469,0.187119
2618,1955738577,0.069800,-0.656116,0.136589,-0.738909,-0.054141,0.080106,0.184598
2619,1955771911,0.067119,-0.655887,0.140761,-0.738578,0.022927,0.275882,0.056788
2620,1955805245,0.064955,-0.655721,0.142999,-0.738489,0.008171,0.479802,-0.078831
2621,1955838579,0.063833,-0.655625,0.142655,-0.738739,0.006479,0.117363,0.020417
2622,1955871913,0.064377,-0.655382,0.140715,-0.739279,0.347033,0.022451,0.361037
2623,1955905247,0.066939,-0.654836,0.136600,-0.740307,-0.020208,-0.610646,0.120045
2624,1955938581,0.068165,-0.653876,0.134746,-0.741382,0.076705,-0.301984,0.248128
2625,1955971915,0.068651,-0.653372,0.133004,-0.742096,-0.102037,-0.347428,0.262444
2626,1956005249,0.068140,-0.652953,0.132624,-0.742579,-0.200147,-0.462087,0.354408
2627,1956038583,0.065229,-0.652150,0.135269,-0.743069,-0.248852,-0.061519,0.120296
2628,1956071917,0.062403,-0.651753,0.137486,-0.743253,-0.136188,0.312324,0.040699
2629,1956105251,0.061380,-0.651526,0.137797,-0.743480,-0.029938,0.199130,0.116860
2630,1956138585,0.060857,-0.651145,0.138036,-0.743812,0.119400,0.637902,0.057602
2631,1956171919,0.064022,-0.650846,0.133458,-0.744644,0.273426,0.909148,0.188815
2632,1956205253,0.070511,-0.650198,0.126150,-0.745896,0.227001,-0.205246,0.258256
2633,1956238587,0.075665,-0.649711,0.122865,-0.746363,0.088887,0.343764,0.068911
2634,1956271921,0.081630,-0.649595,0.119132,-0.746441,-0.093070,0.001095,-0.087452
2635,1956305255,0.084353,-0.649723,0.118945,-0.746057,-0.141876,0.162747,-0.101760
2636,1956338589,0.082749,-0.649910,0.122748,-0.745457,0.191491,-0.232030,0.097841
2637,1956371923,0.077711,-0.650285,0.128751,-0.744660,0.297096,-0.402665,0.092821
2638,1956405257,0.071186,-0.650737,0.134668,-0.743870,0.501287,-0.548352,0.295003
2639,1956438591,0.063731,-0.651496,0.140898,-0.742727,0.500577,-0.558326,0.189746
2640,1956471925,0.056394,-0.652475,0.148261,-0.741025,0.432909,-0.205405,0.329711
2641,1956505259,0.053703,-0.653155,0.151565,-0.739957,0.472073,0.235640,0.287416
2642,1956538593,0.054319,-0.653600,0.151389,-0.739555,0.209844,0.249661,0.122752
2643,1956571927,0.056014,-0.653923,0.149221,-0.739584,0.119190,0.213127,0.089265
2644,1956605261,0.060279,-0.654538,0.141958,-0.740134,0.074589,-0.138472,0.161514
2645,1956638595,0.069943,-0.655640,0.125204,-0.741331,0.021980,-0.074983,0.282082
2646,1956671929,0.089011,-0.656629,0.096172,-0.742746,-0.222617,-0.710091,0.199735
2647,1956705263,0.104942,-0.656605,0.076093,-0.743015,-0.208474,-1.558962,0.292910
2648,1956738597,0.107019,-0.656522,0.075778,-0.742824,-0.043961,-1.097826,0.355594
2649,1956771931,0.101719,-0.655793,0.085320,-0.743178,0.530419,-0.007694,0.013205
2650,1956805265,0.099249,-0.654390,0.090936,-0.744082,0.538617,1.110631,0.361519
2651,1956838599,0.100926,-0.652909,0.088456,-0.745456,0.226119,0.703063,-0.154849
2652,1956871933,0.103380,-0.652001,0.083518,-0.746483,0.300509,0.668713,0.011581
2653,1956905267,0.106564,-0.651213,0.077141,-0.747408,0.214247,0.462229,0.194049
2654,1956938601,0.110871,-0.650206,0.069490,-0.748408,0.096263,0.383875,0.243772
2655,1956971935,0.115165,-0.649415,0.065049,-0.748846,-0.034358,0.425043,0.193339
2656,1957005269,0.119816,-0.649038,0.064069,-0.748528,-0.164971,0.643102,0.111868
2657,1957038603,0.125056,-0.649008,0.065482,-0.747574,-0.160033,0.412560,0.089737
2658,1957071937,0.129831,-0.648760,0.067037,-0.746837,-0.064955,-0.100292,0.155313
2659,1957105271,0.132400,-0.647980,0.067168,-0.747050,0.160318,-1.049924,-0.132915
2660,1957138605,0.132941,-0.647908,0.067429,-0.746993,0.162332,-1.013130,0.017307
2661,1957171939,0.133750,-0.648446,0.066140,-0.746497,-0.040201,-1.024512,0.235683
2662,1957205273,0.133351,-0.649116,0.066754,-0.745932,-0.031479,-0.810610,0.316093
2663,1957238607,0.132074,-0.649917,0.070295,-0.745136,-0.331632,-0.024054,0.226269
2664,1957271941,0.132162,-0.650419,0.073231,-0.744399,-0.397738,0.272183,0.202032
2665,1957305275,0.132477,-0.650715,0.077026,-0.743701,-0.132325,0.446054,0.130965
2666,1957338609,0.132891,-0.650723,0.079039,-0.743409,0.140850,-0.332458,0.183321
2667,1957371943,0.131002,-0.650646,0.082497,-0.743436,0.525774,-0.840828,0.136835
2668,1957405277,0.126049,-0.650509,0.087763,-0.743808,0.602743,-0.729193,-0.039662
2669,1957438611,0.121122,-0.650326,0.092637,-0.744197,0.533301,-0.287664,0.455690
2670,1957471945,0.118476,-0.649629,0.095118,-0.744918,0.341356,-0.106032,0.595348
2671,1957505279,0.117924,-0.648244,0.095219,-0.746198,0.047212,-0.360834,0.352097
2672,1957538613,0.117256,-0.646978,0.094895,-0.747442,-0.109462,-0.122503,0.040381
2673,1957571947,0.116688,-0.646025,0.094251,-0.748436,0.031113,0.048355,-0.054351
2674,1957605281,0.118223,-0.645404,0.092319,-0.748971,-0.097008,0.249940,-0.011975
2675,1957638615,0.120274,-0.644948,0.090206,-0.749295,-0.026554,0.279338,0.014270
2676,1957671949,0.121450,-0.644585,0.088723,-0.749595,-0.133488,0.458534,-0.003059
2677,1957705283,0.122595,-0.644410,0.087400,-0.749714,-0.134828,0.390750,0.053221
2678,1957738617,0.123175,-0.644306,0.087129,-0.749741,-0.059077,0.359903,0.181491
2679,1957771951,0.123901,-0.644018,0.086066,-0.749991,-0.072011,0.077402,0.169991
2680,1957805285,0.124919,-0.643601,0.084422,-0.750367,-0.054435,-0.198732,0.118157
2681,1957838619,0.125311,-0.643382,0.083958,-0.750541,-0.111122,-0.105473,0.152427
2682,1957871953,0.125303,-0.643048,0.082602,-0.750979,0.024589,0.057200,0.195999
2683,1957905287,0.125326,-0.642654,0.080312,-0.751560,0.005206,-0.486122,0.214744
2684,1957938621,0.124645,-0.642203,0.079376,-0.752159,-0.038476,-0.641928,0.082941
2685,1957971955,0.122935,-0.641596,0.078922,-0.753006,0.052270,-0.479146,0.249772
2686,1958005289,0.120796,-0.640892,0.077853,-0.754061,-0.005019,-0.704921,0.148390
2687,1958038623,0.118535,-0.639873,0.076306,-0.755443,0.280172,0.260697,0.567686
2688,1958071957,0.122753,-0.637192,0.064424,-0.758137,0.124238,0.500548,0.428312
2689,1958105291,0.126689,-0.633743,0.052301,-0.761307,0.134427,-1.066671,-0.302193
2690,1958138625,0.125506,-0.630641,0.047077,-0.764414,0.180257,0.570547,0.132683
2691,1958171959,0.126276,-0.628312,0.039439,-0.766634,-0.040349,-0.131881,-0.249889
2692,1958205293,0.125470,-0.627435,0.035507,-0.767676,-0.139572,-0.227130,-0.124645
2693,1958238627,0.123079,-0.627355,0.035414,-0.768133,-0.168231,-0.106607,0.002958
2694,1958271961,0.119743,-0.627938,0.038560,-0.768032,-0.229056,-0.190072,0.005702
2695,1958305295,0.115419,-0.629238,0.045646,-0.767241,-0.244379,-0.165626,0.005900
2696,1958338629,0.110387,-0.631058,0.056158,-0.765788,-0.237519,0.124797,0.077603
2697,1958371963,0.106754,-0.633194,0.066685,-0.763693,-0.277875,0.369831,0.098060
2698,1958405297,0.105305,-0.635429,0.074575,-0.761303,-0.014811,0.108568,0.139609
2699,1958438631,0.103365,-0.637573,0.082456,-0.758961,0.213037,-0.345410,0.192612
2700,1958471965,0.099683,-0.639484,0.091323,-0.756828,0.340514,-0.301953,0.235278
2701,1958505299,0.095750,-0.640773,0.098146,-0.755389,0.488361,-0.177903,0.382738
2702,1958538633,0.093225,-0.641395,0.100644,-0.754849,0.380976,-0.262652,0.333055
2703,1958571967,0.090927,-0.641621,0.102250,-0.754721,0.158293,-0.082731,0.262862
2704,1958605301,0.088866,-0.641591,0.103756,-0.754786,0.016771,0.165766,0.201719
2705,1958638635,0.088563,-0.641358,0.103744,-0.755022,-0.070404,0.142947,0.089036
2706,1958671969,0.089154,-0.641125,0.102924,-0.755263,-0.152428,-0.003458,0.148564
2707,1958705303,0.089532,-0.640937,0.102290,-0.755463,-0.124633,-0.181093,0.167536
2708,1958738637,0.089303,-0.640828,0.102183,-0.755597,-0.082109,-0.257691,0.122805
2709,1958771971,0.088212,-0.640860,0.103172,-0.755564,-0.116001,-0.294537,0.134883
2710,1958805305,0.086837,-0.641044,0.104500,-0.755385,-0.084685,-0.293609,0.116799
2711,1958838639,0.084829,-0.641357,0.106520,-0.755065,-0.002634,-0.267481,0.096505
2712,1958871973,0.081986,-0.641920,0.109236,-0.754512,-0.001965,-0.076734,0.111177
2713,1958905307,0.079277,-0.642451,0.111744,-0.753982,0.131535,-0.058255,0.122775
2714,1958938641,0.076844,-0.642850,0.113984,-0.753559,0.172330,0.002475,0.177415
2715,1958971975,0.074838,-0.643103,0.115744,-0.753276,0.283463,0.059278,0.150307
2716,1959005309,0.073914,-0.643288,0.116502,-0.753093,0.212262,0.052336,0.121476
2717,1959038643,0.073268,-0.643354,0.117151,-0.752998,0.262745,0.011269,0.177267
2718,1959071977,0.073356,-0.643256,0.117144,-0.753075,0.178914,0.056676,0.175986
2719,1959105311,0.073644,-0.643009,0.116999,-0.753280,0.112522,0.043973,0.136611
2720,1959138645,0.074201,-0.642747,0.116800,-0.753480,0.091481,-0.036569,0.115103
2721,1959171979,0.074925,-0.642526,0.116535,-0.753638,0.053481,-0.089913,0.127368
2722,1959205313,0.075477,-0.642355,0.116478,-0.753738,0.003043,-0.144375,0.143991
2723,1959238647,0.075903,-0.642268,0.116444,-0.753774,-0.011466,-0.145522,0.138945
2724,1959271981,0.075952,-0.642264,0.116840,-0.753711,0.037257,-0.173178,0.151443
2725,1959305315,0.075486,-0.642133,0.117838,-0.753714,0.090514,-0.038634,0.149927
2726,1959338649,0.075800,-0.642054,0.117775,-0.753760,0.024909,-0.044796,0.142032
2727,1959371983,0.076228,-0.642041,0.117567,-0.753760,-0.056334,-0.087282,0.205241
2728,1959405317,0.076659,-0.642058,0.117115,-0.753773,-0.064416,-0.150525,0.158091
2729,1959438651,0.076904,-0.642070,0.116917,-0.753768,-0.071467,-0.222228,0.120415
2730,1959471985,0.076562,-0.642167,0.117321,-0.753658,-0.059790,-0.189345,0.132186
2731,1959505319,0.076051,-0.642330,0.117861,-0.753487,-0.019141,-0.182297,0.148181
2732,1959538653,0.075136,-0.642522,0.118766,-0.753272,-0.017858,-0.101447,0.157736
2733,1959571987,0.074180,-0.642694,0.119667,-0.753078,0.012293,-0.091867,0.188995
2734,1959605321,0.073324,-0.642862,0.120395,-0.752901,0.037932,-0.057273,0.155402
2735,1959638655,0.072499,-0.642968,0.121128,-0.752774,0.037577,-0.123014,0.143925
2736,1959671989,0.071682,-0.643045,0.121909,-0.752660,0.070896,-0.076018,0.181239
2737,1959705323,0.071159,-0.643032,0.122335,-0.752652,0.092408,-0.155636,0.112532
2738,1959738657,0.070661,-0.642997,0.122867,-0.752642,0.036918,-0.065487,0.174695
2739,1959771991,0.070180,-0.642965,0.123404,-0.752627,-0.022800,-0.081372,0.130606
2740,1959805325,0.069427,-0.643068,0.124351,-0.752452,-0.203843,-0.154922,0.524567
2741,1959838659,0.067685,-0.642920,0.125986,-0.752465,-0.224367,-0.317353,0.470605
2742,1959871993,0.064587,-0.642335,0.129258,-0.752682,-0.219331,-0.303578,-0.075010
2743,1959905327,0.060442,-0.641774,0.133780,-0.752715,-0.105821,-0.215260,-0.127520
2744,1959938661,0.055802,-0.641524,0.138274,-0.752475,0.050535,-0.255984,-0.000218
2745,1959971995,0.050667,-0.641368,0.142720,-0.752140,0.144041,-0.136550,0.030759
2746,1960005329,0.045535,-0.641117,0.146809,-0.751895,0.205203,0.044449,0.096933
2747,1960038663,0.040711,-0.640669,0.150300,-0.751865,0.236123,0.105316,0.181765
2748,1960071997,0.036911,-0.640096,0.152870,-0.752030,0.173254,0.121830,0.265122
2749,1960105331,0.034285,-0.639489,0.154267,-0.752386,0.136499,0.129075,0.311596
2750,1960138665,0.032457,-0.638936,0.154954,-0.752795,-0.169143,-0.029992,0.742323
2751,1960171999,0.030443,-0.638320,0.155427,-0.753304,-0.417897,-0.175831,1.050666
2752,1960205333,0.027123,-0.637515,0.156921,-0.753803,-0.287783,-0.415802,0.579700
2753,1960238667,0.022148,-0.636526,0.160616,-0.754023,-0.214055,-0.563420,0.378177
2754,1960272001,0.014934,-0.634964,0.167221,-0.754082,-0.146955,-0.395784,0.252393
2755,1960305335,0.007803,-0.633097,0.173295,-0.754387,0.112857,-0.159714,-0.015616
2756,1960338669,0.004434,-0.631395,0.176040,-0.755206,0.052878,-0.037841,0.044459
2757,1960372003,0.003770,-0.629570,0.177433,-0.756406,0.019296,0.051308,-0.277263
2758,1960405337,0.003404,-0.627551,0.180364,-0.757391,0.053484,0.047425,-0.113641
2759,1960438671,0.002098,-0.625624,0.184607,-0.757967,0.200279,-0.063216,-0.072181
2760,1960472005,-0.000158,-0.624142,0.188684,-0.758188,0.218371,0.118901,-0.169868
2761,1960505339,-0.003352,-0.623234,0.192003,-0.758094,0.295648,0.183454,-0.154814
2762,1960538673,-0.006949,-0.622712,0.194309,-0.757911,0.335418,0.042947,0.058041
2763,1960572007,-0.011000,-0.621973,0.196428,-0.757924,0.296292,0.073065,0.083628
2764,1960605341,-0.014574,-0.621104,0.198406,-0.758061,0.359027,0.113972,-0.009044
2765,1960638675,-0.016801,-0.620583,0.199640,-0.758118,0.171148,-0.007216,0.134050
2766,1960672009,-0.018457,-0.620183,0.200667,-0.758135,0.170539,-0.031431,-0.039517
2767,1960705343,-0.019867,-0.620227,0.201832,-0.757754,0.040076,0.029562,0.169291
2768,1960738677,-0.020550,-0.621067,0.201751,-0.757069,0.207633,0.081273,-0.023310
2769,1960772011,-0.020415,-0.622551,0.200113,-0.756289,0.245372,-0.097571,0.023165
2770,1960805345,-0.020578,-0.624008,0.198352,-0.755547,0.322646,-0.094174,0.131118
2771,1960838679,-0.020756,-0.625329,0.196235,-0.755003,0.381754,0.094216,0.059013
2772,1960872013,-0.020329,-0.626340,0.193628,-0.754849,0.206581,0.128169,0.143104
2773,1960905347,-0.019407,-0.626775,0.191180,-0.755136,0.109856,0.103442,0.102568
2774,1960938681,-0.017924,-0.626671,0.188995,-0.755809,0.018439,0.064664,0.022543
2775,1960972015,-0.016301,-0.626149,0.187263,-0.756709,-0.214448,-0.094433,-0.027918
2776,1961005349,-0.015386,-0.625593,0.187041,-0.757243,-0.364156,-0.173034,0.012440
2777,1961038683,-0.015774,-0.625022,0.189170,-0.757178,-0.391283,-0.291426,0.216021
2778,1961072017,-0.017769,-0.624305,0.194279,-0.756431,-0.086840,-0.251210,0.114753
2779,1961105351,-0.020832,-0.623541,0.200574,-0.755339,0.238487,-0.088231,0.173882
2780,1961138685,-0.023614,-0.622595,0.205389,-0.754743,0.279488,-0.038653,0.183432
2781,1961172019,-0.025847,-0.621495,0.209177,-0.754536,0.042279,0.063145,0.216221
2782,1961205353,-0.028571,-0.619901,0.214212,-0.754337,-0.012311,0.151709,0.064909
2783,1961238687,-0.030787,-0.618260,0.219275,-0.754142,0.098165,0.441150,0.058152
2784,1961272021,-0.031248,-0.617141,0.221730,-0.754322,-0.026908,0.363806,-0.086592
2785,1961305355,-0.031671,-0.616685,0.223526,-0.754146,0.018843,0.106551,-0.163745
2786,1961338689,-0.032874,-0.616661,0.225805,-0.753435,0.095880,0.070172,0.016483
2787,1961372023,-0.036178,-0.616413,0.229762,-0.752290,0.311472,-0.380098,0.209257
2788,1961405357,-0.041350,-0.615340,0.235996,-0.750971,0.590477,-0.084242,0.564884
2789,1961438691,-0.045094,-0.614139,0.241163,-0.750096,0.665607,0.268011,0.627497
2790,1961472025,-0.044663,-0.613122,0.243254,-0.750279,0.632745,0.218085,0.477467
2791,1961505359,-0.039992,-0.613341,0.240842,-0.751142,0.588144,0.394858,0.363933
2792,1961538693,-0.030128,-0.615649,0.230996,-0.752804,0.591868,0.369061,0.069777
2793,1961572027,-0.019226,-0.618470,0.219448,-0.754303,0.113862,-0.206797,0.024420
2794,1961605361,-0.011628,-0.619949,0.213032,-0.755083,0.068666,-0.156663,0.205861
2795,1961638695,-0.004717,-0.620537,0.208282,-0.755999,0.075141,0.020649,0.156750
2796,1961672029,0.005036,-0.622016,0.200049,-0.757004,-0.370143,0.855464,-0.230571
2797,1961705363,0.015934,-0.624316,0.190347,-0.757461,-0.516729,-0.328036,0.016659
2798,1961738697,0.022082,-0.625057,0.185597,-0.757875,-0.221501,-0.567752,-0.026530
2799,1961772031,0.023884,-0.624876,0.184385,-0.758265,-0.008321,-0.121388,0.007833
2800,1961805365,0.025595,-0.625144,0.181959,-0.758575,0.025479,0.060101,-0.002118
2801,1961838699,0.027386,-0.625752,0.179184,-0.758671,0.004683,0.031707,0.043729
2802,1961872033,0.029511,-0.626348,0.176667,-0.758690,-0.016193,-0.007320,0.239836
2803,1961905367,0.032327,-0.627029,0.174115,-0.758603,0.066659,0.205407,0.241643
2804,1961938701,0.035649,-0.627917,0.171623,-0.758287,0.160097,-0.258589,0.271348
2805,1961972035,0.039278,-0.628612,0.169139,-0.758090,0.381786,0.243538,0.559444
2806,1962005369,0.045032,-0.628904,0.164775,-0.758489,0.253478,0.283160,0.534015
2807,1962038703,0.053905,-0.628999,0.157953,-0.759282,0.118026,0.462393,0.341109
2808,1962072037,0.066264,-0.629344,0.146699,-0.760276,0.066106,0.225270,0.150762
2809,1962105371,0.080583,-0.629518,0.131861,-0.761466,-0.239272,-0.680301,-0.124981
2810,1962138705,0.092670,-0.629560,0.118693,-0.762222,-0.351108,-0.709149,-0.183321
2811,1962172039,0.101087,-0.630012,0.109531,-0.762150,-0.552697,-0.957818,-0.329075
2812,1962205373,0.105029,-0.630790,0.104973,-0.761616,-0.590913,-0.944877,-0.118436
2813,1962238707,0.104611,-0.631786,0.104293,-0.760940,-0.591667,-0.780577,0.012974
2814,1962272041,0.100032,-0.633025,0.107526,-0.760076,-0.269837,-0.514750,0.047257
2815,1962305375,0.093346,-0.634106,0.112847,-0.759254,-0.011531,0.033180,0.226365
2816,1962338709,0.086497,-0.634525,0.119039,-0.758769,0.167698,0.206173,0.220429
2817,1962372043,0.079565,-0.634204,0.126375,-0.758609,0.266008,0.444457,0.150508
2818,1962405377,0.073633,-0.633315,0.133049,-0.758810,0.397531,0.540803,0.156819
2819,1962438711,0.068894,-0.632030,0.137446,-0.759542,0.313816,0.466912,0.285966
2820,1962472045,0.065519,-0.630459,0.138665,-0.760924,-0.170965,0.604454,0.116061
2821,1962505379,0.064197,-0.628958,0.137644,-0.762463,-0.221338,0.056790,0.136615
2822,1962538713,0.065798,-0.627794,0.135470,-0.763674,0.130571,-0.216839,0.206481
2823,1962572047,0.069934,-0.627059,0.131025,-0.764685,0.014352,-0.550878,0.309050
2824,1962605381,0.074259,-0.626371,0.126519,-0.765599,-0.132622,-0.885577,0.168280
2825,1962638715,0.076184,-0.625974,0.124673,-0.766037,-0.312180,-0.870604,0.061544
2826,1962672049,0.073988,-0.625981,0.126973,-0.765869,-0.471412,-0.556675,-0.117154
2827,1962705383,0.067801,-0.626270,0.133468,-0.765101,-0.370762,-0.274282,-0.074125
2828,1962738717,0.057832,-0.626491,0.143959,-0.763836,-0.053059,-0.129969,0.073102
2829,1962772051,0.045628,-0.626062,0.157753,-0.762287,0.192833,0.157815,0.382457
2830,1962805385,0.031044,-0.623938,0.176364,-0.760682,0.583413,0.760472,0.776492
2831,1962838719,0.022114,-0.620347,0.191746,-0.760209,0.618510,1.300254,0.500285
2832,1962872053,0.025067,-0.617648,0.195040,-0.761476,0.678421,1.338949,0.461509
2833,1962905387,0.037716,-0.616530,0.186296,-0.764046,0.281163,0.280591,0.334812
2834,1962938721,0.051502,-0.615256,0.174920,-0.766952,-0.079860,-0.560356,-0.179556
2835,1962972055,0.060943,-0.613894,0.167023,-0.769108,-0.246982,-0.645797,-0.393468
2836,1963005389,0.065610,-0.613389,0.162459,-0.770104,-0.459589,-0.701498,-0.543829
2837,1963038723,0.064623,-0.613813,0.162484,-0.769844,-0.383795,-0.629791,-0.310004
2838,1963072057,0.058748,-0.614651,0.167158,-0.768645,-0.230565,-0.560965,-0.112475
2839,1963105391,0.049572,-0.615861,0.175338,-0.766497,-0.089540,-0.229453,0.108507
2840,1963138725,0.039273,-0.617445,0.184759,-0.763602,0.184637,0.101425,0.347601
2841,1963172059,0.031453,-0.619248,0.191076,-0.760945,0.547896,0.392671,0.472050
2842,1963205393,0.028809,-0.621053,0.191367,-0.759504,0.635541,0.532612,0.435380
2843,1963238727,0.030532,-0.622586,0.187466,-0.759154,0.233650,0.221110,0.135073
2844,1963272061,0.033204,-0.623762,0.184265,-0.758860,0.084334,0.325461,0.201105
2845,1963305395,0.036912,-0.624594,0.180866,-0.758823,-0.043276,0.313960,0.118033
2846,1963338729,0.041397,-0.625133,0.176876,-0.759087,-0.120083,-0.008817,0.181156
2847,1963372063,0.045064,-0.625486,0.173881,-0.759280,-0.136885,-0.306798,0.197455
2848,1963405397,0.047539,-0.625726,0.172252,-0.759302,-0.013141,-0.411398,0.252097
2849,1963438731,0.049573,-0.625935,0.170964,-0.759291,0.031230,-0.506211,0.195819
2850,1963472065,0.050709,-0.626026,0.170404,-0.759267,-0.034675,-0.340663,0.121983
2851,1963505399,0.050774,-0.626052,0.170611,-0.759195,-0.094462,-0.131565,0.099036
2852,1963538733,0.050168,-0.626089,0.171312,-0.759047,-0.072814,-0.006305,0.118222
2853,1963572067,0.049772,-0.626140,0.172007,-0.758874,-0.020759,0.082617,0.150831
2854,1963605401,0.050130,-0.626247,0.171806,-0.758807,0.078723,0.003880,0.194695
2855,1963638735,0.051065,-0.626299,0.170824,-0.758924,0.033640,-0.094028,0.165805
2856,1963672069,0.052288,-0.626301,0.169586,-0.759117,-0.080453,-0.222333,0.099426
2857,1963705403,0.053245,-0.626269,0.168687,-0.759276,-0.174624,-0.214750,0.128189
2858,1963738737,0.053435,-0.626092,0.168636,-0.759421,-0.195887,-0.247061,0.113825
2859,1963772071,0.052894,-0.625777,0.169524,-0.759521,-0.178166,-0.257453,0.077154
2860,1963805405,0.051698,-0.625413,0.171123,-0.759544,-0.073587,-0.252610,0.084664
2861,1963838739,0.049869,-0.625040,0.173277,-0.759485,-0.020405,-0.241570,0.159214
2862,1963872073,0.047384,-0.624645,0.175834,-0.759382,0.032502,-0.135091,0.170799
2863,1963905407,0.044822,-0.624484,0.178138,-0.759132,0.116020,-0.002388,0.172301
2864,1963938741,0.042670,-0.624522,0.179787,-0.758836,0.124893,0.026369,0.103883
2865,1963972075,0.040972,-0.624514,0.181072,-0.758631,0.121327,0.124005,0.170633
2866,1964005409,0.040058,-0.624454,0.181940,-0.758521,0.104225,0.183689,0.209121
2867,1964038743,0.040232,-0.624431,0.181919,-0.758536,0.108140,0.037589,0.240559
2868,1964072077,0.040763,-0.624277,0.181782,-0.758667,0.024080,-0.102173,0.147097
2869,1964105411,0.040977,-0.624099,0.181862,-0.758783,-0.011019,-0.124061,0.119442
2870,1964138745,0.040547,-0.623976,0.182278,-0.758807,-0.048552,-0.178574,0.107339
2871,1964172079,0.039380,-0.623864,0.183272,-0.758722,0.004922,-0.092164,0.120053
2872,1964205413,0.037944,-0.623703,0.184621,-0.758600,0.037218,-0.017039,0.099230
2873,1964238747,0.036716,-0.623523,0.185906,-0.758495,0.070844,0.017422,0.172503
2874,1964272081,0.035583,-0.623276,0.187148,-0.758446,0.069113,-0.032488,0.105748
2875,1964305415,0.034501,-0.623029,0.188440,-0.758379,0.061271,0.012664,0.105617
2876,1964338749,0.033807,-0.622893,0.189240,-0.758323,0.038382,0.044612,0.192753
2877,1964372083,0.033223,-0.622845,0.189831,-0.758240,0.121498,-0.015288,0.175826
2878,1964405417,0.032786,-0.622911,0.190214,-0.758110,0.163278,-0.021876,0.140735
2879,1964438751,0.032352,-0.622907,0.190480,-0.758065,0.131047,-0.013486,0.160088
2880,1964472085,0.031920,-0.622959,0.190727,-0.757978,0.128848,0.044125,0.137025
2881,1964505419,0.031820,-0.623098,0.190626,-0.757893,0.072458,0.111787,0.150834
2882,1964538753,0.032152,-0.623311,0.190127,-0.757829,0.127236,0.035780,0.116110
2883,1964572087,0.032704,-0.623517,0.189683,-0.757748,0.123255,0.026102,0.180063
2884,1964605421,0.033391,-0.623618,0.189186,-0.757759,0.096029,0.000279,0.132512
2885,1964638755,0.034300,-0.623712,0.188506,-0.757811,0.049607,-0.013166,0.120543
2886,1964672089,0.035606,-0.623826,0.187391,-0.757933,0.009580,-0.018771,0.087724
2887,1964705423,0.037531,-0.623995,0.185604,-0.758141,-0.035347,0.039850,0.088511
2888,1964738757,0.039280,-0.624161,0.183973,-0.758313,0.053008,-0.118686,0.156511
2889,1964772091,0.040052,-0.624329,0.183404,-0.758272,0.129509,-0.114778,0.173299
2890,1964805425,0.040675,-0.624529,0.182767,-0.758228,0.147221,-0.097050,0.212255
2891,1964838759,0.041301,-0.624689,0.181901,-0.758270,0.120697,-0.044424,0.160131
2892,1964872093,0.042055,-0.624914,0.180863,-0.758292,0.064121,0.104474,0.172561
2893,1964905427,0.043073,-0.625186,0.179628,-0.758304,-0.044659,0.074188,0.132480
2894,1964938761,0.045187,-0.625391,0.177325,-0.758554,0.038737,0.066599,0.178454
2895,1964972095,0.047520,-0.625508,0.175117,-0.758828,-0.022255,-0.164863,0.133217
2896,1965005429,0.049008,-0.625565,0.173696,-0.759013,-0.067764,-0.130691,0.183295
2897,1965038763,0.050215,-0.625859,0.171817,-0.759119,-0.171714,-0.185127,0.125726
2898,1965072097,0.050752,-0.625748,0.170748,-0.759416,0.019044,-0.315408,0.218469
2899,1965105431,0.050708,-0.625593,0.170112,-0.759689,0.206024,-0.257067,0.256201
2900,1965138765,0.051771,-0.625521,0.168630,-0.760007,0.147216,-0.102235,0.264729
2901,1965172099,0.052944,-0.625231,0.166652,-0.760601,0.026976,0.103714,0.112395
2902,1965205433,0.055352,-0.625118,0.162646,-0.761390,-0.191154,0.181166,0.051742
2903,1965238767,0.057998,-0.625358,0.158308,-0.761910,-0.388532,0.029473,0.000186
2904,1965272101,0.058861,-0.625679,0.156340,-0.761987,-0.311545,-0.080997,0.023208
2905,1965305435,0.058718,-0.625959,0.155536,-0.761932,0.091524,-0.334717,0.152733
2906,1965338769,0.058395,-0.626180,0.155157,-0.761853,0.226376,-0.268031,0.204790
2907,1965372103,0.057933,-0.626336,0.154536,-0.761886,0.255840,-0.142937,0.201252
2908,1965405437,0.057620,-0.626429,0.153590,-0.762024,0.227148,0.017749,0.219005
2909,1965438771,0.057744,-0.626335,0.152296,-0.762352,0.105266,0.105004,0.107245
2910,1965472105,0.057620,-0.626050,0.151642,-0.762725,0.040336,0.248206,0.074223
2911,1965505439,0.057415,-0.625735,0.151665,-0.762995,0.119118,0.139649,0.173859
2912,1965538773,0.057350,-0.625174,0.152292,-0.763334,0.230127,0.142993,0.305325
2913,1965572107,0.058567,-0.624505,0.151651,-0.763917,0.242777,0.046986,0.200248
2914,1965605441,0.060874,-0.623894,0.149815,-0.764598,0.198098,-0.097235,0.095177
2915,1965638775,0.063294,-0.623301,0.147669,-0.765302,0.125763,-0.114698,0.049429
2916,1965672109,0.065107,-0.622738,0.145687,-0.765988,0.045444,0.019608,-0.054271
2917,1965705443,0.066770,-0.622404,0.143471,-0.766535,-0.021624,-0.029266,0.052553
2918,1965738777,0.067739,-0.622124,0.142107,-0.766930,0.004420,-0.160791,0.145840
2919,1965772111,0.068130,-0.621718,0.141849,-0.767274,0.063082,-0.212345,0.237372
2920,1965805445,0.067832,-0.621074,0.142309,-0.767736,0.138423,-0.199417,0.410256
2921,1965838779,0.068616,-0.620228,0.142147,-0.768380,0.120267,0.083313,0.457626
2922,1965872113,0.072751,-0.619738,0.138817,-0.769004,-0.031175,0.250061,0.158272
2923,1965905447,0.078712,-0.619361,0.133538,-0.769654,-0.216034,-0.109106,0.004675
2924,1965938781,0.083287,-0.618697,0.129177,-0.770451,-0.246412,-0.184076,0.063632
2925,1965972115,0.085391,-0.617775,0.126376,-0.771425,-0.432050,-0.234408,0.003139
2926,1966005449,0.085370,-0.616996,0.125218,-0.772239,-0.300157,-0.192556,0.049027
2927,1966038783,0.084539,-0.616563,0.125018,-0.772708,-0.038857,-0.264688,-0.003711
2928,1966072117,0.083844,-0.616305,0.124993,-0.772994,0.017494,-0.207030,0.043397
2929,1966105451,0.083284,-0.616176,0.125257,-0.773114,0.032861,-0.258379,0.075627
2930,1966138785,0.082268,-0.616061,0.126207,-0.773160,0.056273,-0.097600,0.076838
2931,1966172119,0.080537,-0.615817,0.127454,-0.773333,0.092699,0.039249,0.078313
2932,1966205453,0.078537,-0.615356,0.128504,-0.773732,0.141163,0.099042,0.098566
2933,1966238787,0.076922,-0.614737,0.129191,-0.774271,0.154514,0.211462,0.095286
2934,1966272121,0.076827,-0.614198,0.128494,-0.774824,0.055497,0.226340,0.008321
2935,1966305455,0.078054,-0.613862,0.126889,-0.775232,0.076679,0.104226,0.148305
2936,1966338789,0.080148,-0.613564,0.124858,-0.775584,0.002065,0.045282,0.180122
2937,1966372123,0.082318,-0.613323,0.122641,-0.775901,-0.044370,-0.029780,0.171267
2938,1966405457,0.084330,-0.613017,0.120385,-0.776279,-0.015578,0.044862,0.240326
2939,1966438791,0.085990,-0.612158,0.118689,-0.777036,0.267219,-0.850610,0.460017
2940,1966472125,0.085198,-0.609945,0.121143,-0.778484,0.203544,-0.290578,0.271049
2941,1966505459,0.083160,-0.607380,0.125211,-0.780064,-0.170540,-0.172190,-0.077696
2942,1966538793,0.079586,-0.605120,0.130633,-0.781303,-0.399259,0.166334,-0.340729
2943,1966572127,0.075145,-0.603627,0.136377,-0.781916,-0.537017,0.228698,-0.342434
2944,1966605461,0.070456,-0.602856,0.141720,-0.781998,-0.360083,-0.004523,-0.376321
2945,1966638795,0.064449,-0.603150,0.148789,-0.780975,-0.288168,-0.004531,-0.238838
2946,1966672129,0.057707,-0.603779,0.157104,-0.779386,0.147265,-0.292578,0.192542
2947,1966705463,0.051038,-0.604447,0.165483,-0.777598,0.508736,-0.030648,0.528637
2948,1966738797,0.047069,-0.605294,0.168958,-0.776441,0.575934,0.059040,0.640880
2949,1966772131,0.046284,-0.606145,0.167530,-0.776134,0.405728,0.163379,0.509874
2950,1966805465,0.046366,-0.607481,0.163137,-0.776020,0.029093,0.020901,0.006166
2951,1966838799,0.046321,-0.609086,0.158091,-0.775809,-0.070918,0.110162,-0.080647
2952,1966872133,0.045747,-0.610854,0.152825,-0.775508,-0.132018,0.209709,0.015191
2953,1966905467,0.043892,-0.612474,0.147771,-0.775318,-0.222332,0.215536,0.022149
2954,1966938801,0.042427,-0.614121,0.141959,-0.775182,-0.137062,-0.347963,0.109198
2955,1966972135,0.040939,-0.616231,0.138107,-0.774283,-0.227966,-0.039861,0.206329
2956,1967005469,0.039141,-0.618264,0.136413,-0.773055,-0.053018,0.036795,0.299257
2957,1967038803,0.039215,-0.620170,0.133696,-0.771998,-0.035968,-0.035171,0.240974
2958,1967072137,0.040239,-0.621597,0.131039,-0.771253,0.006633,-0.157310,0.250288
2959,1967105471,0.041131,-0.622637,0.129059,-0.770701,0.061669,-0.207672,0.144431
2960,1967138805,0.040084,-0.623094,0.129989,-0.770230,0.090767,0.055921,0.217091
2961,1967172139,0.039254,-0.623074,0.131209,-0.770082,0.105205,-0.099312,0.233420
2962,1967205473,0.039008,-0.622968,0.131699,-0.770096,0.111192,-0.072167,0.209125
2963,1967238807,0.039561,-0.622766,0.131598,-0.770249,0.042619,-0.005754,0.196701
2964,1967272141,0.040420,-0.622520,0.131171,-0.770476,-0.112994,-0.043578,0.193046
2965,1967305475,0.041492,-0.622252,0.130723,-0.770711,-0.222507,-0.125993,0.111214
2966,1967338809,0.042709,-0.621972,0.130380,-0.770930,-0.250307,-0.412828,0.209518
2967,1967372143,0.042649,-0.621293,0.131799,-0.771239,-0.516227,-0.561293,0.195311
2968,1967405477,0.040186,-0.620183,0.136352,-0.771473,-0.403391,-0.467338,0.102615
2969,1967438811,0.038196,-0.619367,0.140286,-0.771524,-0.271382,-0.365339,0.088230
2970,1967472145,0.038119,-0.619504,0.140836,-0.771318,-0.258153,-0.392751,0.139370
2971,1967505479,0.040004,-0.620226,0.137551,-0.771235,-0.207179,-0.301246,0.203840
2972,1967538813,0.042990,-0.621373,0.130922,-0.771305,-0.295067,-0.353630,0.006474
2973,1967572147,0.046672,-0.623067,0.121508,-0.771265,-0.328331,-0.401868,-0.193695
2974,1967605481,0.048103,-0.624941,0.113889,-0.770823,0.010352,-0.203975,-0.003105
2975,1967638815,0.048072,-0.626905,0.107063,-0.770209,0.025397,0.156142,-0.022772
2976,1967672149,0.048818,-0.629475,0.099525,-0.769076,-0.064445,0.294861,0.011041
2977,1967705483,0.049796,-0.632489,0.092595,-0.767403,0.016651,0.313215,0.234014
2978,1967738817,0.051312,-0.635365,0.087342,-0.765542,-0.106226,0.619288,0.503403
2979,1967772151,0.053481,-0.638224,0.082228,-0.763579,0.065942,0.257927,0.383698
2980,1967805485,0.057097,-0.640686,0.078224,-0.761673,0.175539,0.347847,0.302935
2981,1967838819,0.061636,-0.642583,0.074874,-0.760056,0.222452,0.336405,0.315514
2982,1967872153,0.067186,-0.643866,0.071697,-0.758806,0.185563,0.219121,0.140386
2983,1967905487,0.073070,-0.644516,0.068778,-0.757980,0.159844,0.014733,0.007408
2984,1967938821,0.077670,-0.644646,0.067437,-0.757533,0.206420,-0.154723,0.099685
2985,1967972155,0.080099,-0.644453,0.067892,-0.757403,0.214205,0.039088,0.281466
2986,1968005489,0.080709,-0.644117,0.067817,-0.757631,0.226183,0.199158,0.394557
2987,1968038823,0.080028,-0.643771,0.066268,-0.758134,0.294147,0.032870,0.437044
2988,1968072157,0.079237,-0.643284,0.062210,-0.758973,0.242049,-0.008669,0.453620
2989,1968105491,0.078710,-0.643182,0.056687,-0.759547,0.057548,0.315245,0.445413
2990,1968138825,0.077835,-0.643232,0.050774,-0.760014,-0.120427,0.459085,0.241659
2991,1968172159,0.077169,-0.643067,0.045112,-0.760578,-0.106936,0.516661,0.096059
2992,1968205493,0.076180,-0.642573,0.041436,-0.761304,-0.102757,0.322301,-0.167425
2993,1968238827,0.072904,-0.642149,0.041809,-0.761962,-0.188250,0.489651,-0.218835
2994,1968272161,0.067400,-0.641957,0.044517,-0.762477,-0.131578,0.788400,-0.119414
2995,1968305495,0.061785,-0.642496,0.046043,-0.762408,-0.187617,1.080167,-0.068123
2996,1968338829,0.057358,-0.644275,0.045093,-0.761308,-0.019533,1.361630,0.099712
2997,1968372163,0.054674,-0.647159,0.041852,-0.759242,0.165148,1.301161,0.024536
2998,1968405497,0.055981,-0.650740,0.036176,-0.756373,0.370654,1.208210,-0.424129
2999,1968438831,0.061816,-0.654018,0.029894,-0.753359,0.629731,0.989499,-0.491771
3000,1968472165,0.071504,-0.656296,0.024140,-0.750723,0.483180,0.802269,-0.056652
3001,1968505499,0.083232,-0.657100,0.018184,-0.748977,0.298262,0.482774,0.569143
3002,1968538833,0.093828,-0.656194,0.015074,-0.748587,0.334135,0.058122,1.032902
3003,1968572167,0.103397,-0.653365,0.015561,-0.749790,0.210988,-0.394988,1.069903
3004,1968605501,0.112003,-0.648774,0.021498,-0.752389,0.005937,-0.928883,0.384686
3005,1968638835,0.119211,-0.643372,0.034278,-0.755440,-0.250570,-0.509281,0.087386
3006,1968672169,0.125663,-0.637366,0.050039,-0.758600,-0.592718,-0.786418,0.029303
3007,1968705503,0.131117,-0.630770,0.066371,-0.761929,-0.762236,-0.960660,0.077932
3008,1968738837,0.134834,-0.624486,0.082366,-0.764890,-0.743575,-1.126544,-0.145300
3009,1968772171,0.137398,-0.619416,0.096903,-0.766851,-0.662272,-1.208872,-0.506839
3010,1968805505,0.140195,-0.616044,0.107522,-0.767645,-0.310257,-1.187880,-0.669662
3011,1968838839,0.143510,-0.614499,0.112580,-0.767546,-0.184272,-1.410028,-0.562605
3012,1968872173,0.146296,-0.614760,0.111897,-0.766910,-0.367010,-1.475676,-0.575728
3013,1968905507,0.145958,-0.616892,0.107965,-0.765825,-0.276368,-1.757917,-0.443990
3014,1968938841,0.140709,-0.620879,0.103267,-0.764232,0.180116,-1.813852,0.164209
3015,1968972175,0.130705,-0.626394,0.097761,-0.762229,0.633568,-1.430271,0.522492
3016,1969005509,0.119042,-0.632206,0.090143,-0.760278,0.736397,-1.305641,0.619755
3017,1969038843,0.104655,-0.636495,0.087263,-0.759151,1.823806,0.694784,1.332611
3018,1969072177,0.097440,-0.639347,0.074128,-0.759111,0.275123,-0.036708,0.538853
3019,1969105511,0.094992,-0.640631,0.057412,-0.759787,-0.003280,-0.164833,0.462567
3020,1969138845,0.090890,-0.640969,0.047792,-0.760669,0.055800,0.158065,0.482903
3021,1969172179,0.086745,-0.640485,0.044393,-0.761766,-0.392559,0.180438,0.285954
3022,1969205513,0.082703,-0.638756,0.046972,-0.763510,-0.667845,0.290342,0.194445
3023,1969238847,0.079460,-0.635950,0.053180,-0.765787,-0.517278,0.292757,0.335606
3024,1969272181,0.076182,-0.632610,0.062422,-0.768185,-0.739568,0.196947,0.078580
3025,1969305515,0.072572,-0.629477,0.073545,-0.770122,-0.788201,0.236733,-0.075464
3026,1969338849,0.069510,-0.626800,0.083023,-0.771623,-0.500362,0.184868,0.072090
3027,1969372183,0.066070,-0.624142,0.088357,-0.773485,-0.765350,0.553123,0.231619
3028,1969405517,0.058884,-0.621093,0.093319,-0.775933,-0.175105,-0.972014,-0.468434
3029,1969438851,0.044016,-0.620383,0.108100,-0.775568,0.656039,-0.971422,-0.045358
3030,1969472185,0.030847,-0.622623,0.120209,-0.772621,0.853864,-0.452671,0.181148
3031,1969505519,0.025313,-0.626324,0.119726,-0.769901,1.251696,-0.342744,0.562796
3032,1969538853,0.022945,-0.629530,0.111678,-0.768568,0.735991,-0.906154,0.384068
3033,1969572187,0.015213,-0.631025,0.109833,-0.767800,0.314823,-0.358290,0.111165
3034,1969605521,0.009018,-0.631982,0.105308,-0.767744,0.548255,0.616677,0.322662
3035,1969638855,0.008092,-0.633723,0.094912,-0.767675,0.167701,0.489069,0.274531
3036,1969672189,0.010492,-0.635938,0.083594,-0.767131,-0.234632,0.672106,0.062411
3037,1969705523,0.015648,-0.637594,0.070934,-0.766943,-0.032934,1.030745,0.239476
3038,1969738857,0.021460,-0.638425,0.059020,-0.767120,-0.174740,0.005064,-0.019306
3039,1969772191,0.024623,-0.639070,0.054064,-0.766853,-0.054792,0.353961,-0.041859
3040,1969805525,0.026380,-0.639815,0.052614,-0.766275,0.178823,0.505238,0.157548
3041,1969838859,0.028950,-0.640563,0.050738,-0.765683,0.182614,0.361953,0.253194
3042,1969872193,0.032271,-0.641397,0.049554,-0.764930,0.383195,0.146920,0.329931
3043,1969905527,0.037616,-0.642190,0.047721,-0.764136,0.481652,-0.129623,0.314365
3044,1969938861,0.045712,-0.642134,0.043421,-0.763998,0.676076,-0.414174,0.369560
3045,1969972195,0.054110,-0.640739,0.037227,-0.764947,0.604978,-1.334678,0.144606
3046,1970005529,0.057606,-0.638886,0.036832,-0.766259,0.263357,-1.011553,0.021316
3047,1970038863,0.057429,-0.637176,0.039646,-0.767555,-0.085384,-0.485492,0.013389
3048,1970072197,0.056631,-0.635679,0.041591,-0.768752,-0.066544,-0.255224,0.153936
3049,1970105531,0.055075,-0.634454,0.044307,-0.769725,-0.241214,-0.245222,0.056242
3050,1970138865,0.051856,-0.633220,0.050347,-0.770592,-0.167180,-0.114226,0.041368
3051,1970172199,0.046791,-0.631977,0.060432,-0.771212,-0.020933,-0.167020,0.109451
3052,1970205533,0.040272,-0.631077,0.073478,-0.771184,0.090498,0.053760,0.141310
3053,1970238867,0.034369,-0.631119,0.085459,-0.770201,0.098496,0.059940,0.083864
3054,1970272201,0.031386,-0.632178,0.091733,-0.768736,0.012386,0.051527,0.122604
3055,1970305535,0.032314,-0.632721,0.091882,-0.768233,0.282149,-0.177547,0.323143
3056,1970338869,0.032955,-0.633031,0.091959,-0.767942,0.354226,-0.404969,0.245643
3057,1970372203,0.033194,-0.633466,0.092421,-0.767517,0.509432,0.263137,0.167607
3058,1970405537,0.035577,-0.633676,0.089377,-0.767597,0.113173,-0.236986,0.190517
3059,1970438871,0.037908,-0.633226,0.085951,-0.768248,0.016636,-0.260081,0.182244
3060,1970472205,0.038842,-0.632265,0.084715,-0.769129,-0.075851,-0.257839,0.137140
3061,1970505539,0.038694,-0.630963,0.085585,-0.770109,-0.161920,-0.182064,0.154558
3062,1970538873,0.038417,-0.629424,0.087169,-0.771204,-0.199404,-0.129561,0.156121
3063,1970572207,0.037877,-0.627848,0.088959,-0.772310,-0.408407,-0.272833,0.026406
3064,1970605541,0.036566,-0.626333,0.091204,-0.773341,-0.383336,-0.212171,-0.007912
3065,1970638875,0.033955,-0.625072,0.094407,-0.774096,-0.348865,-0.198738,-0.051746
3066,1970672209,0.030465,-0.624283,0.097696,-0.774469,-0.270204,-0.141138,-0.128005
3067,1970705543,0.026981,-0.624341,0.099632,-0.774305,-0.192998,-0.019694,-0.109377
3068,1970738877,0.024263,-0.625051,0.099021,-0.773900,-0.275698,-0.278818,-0.064655
3069,1970772211,0.019765,-0.625983,0.099844,-0.773169,0.146824,-0.229863,0.471718
3070,1970805545,0.014020,-0.627246,0.101822,-0.772012,-0.179904,-0.128733,0.116618
3071,1970838879,0.008401,-0.628609,0.104000,-0.770693,-0.079930,0.270086,0.088332
3072,1970872213,0.003078,-0.629850,0.106172,-0.769423,0.063567,0.169494,0.089019
3073,1970905547,-0.002678,-0.630943,0.110090,-0.767977,0.087355,0.194130,0.075089
3074,1970938881,-0.008673,-0.631984,0.116261,-0.766165,0.097930,0.422886,0.040770
3075,1970972215,-0.013881,-0.632822,0.123303,-0.764294,0.106657,0.293079,0.093098
3076,1971005549,-0.017052,-0.633374,0.128447,-0.762923,0.341181,0.317918,0.244564
3077,1971038883,-0.018516,-0.633569,0.132399,-0.762051,0.444669,0.299913,0.181216
3078,1971072217,-0.018587,-0.633488,0.135243,-0.761618,0.431011,0.322108,0.176481
3079,1971105551,-0.017218,-0.633020,0.136484,-0.761817,0.510520,0.107293,0.297307
3080,1971138885,-0.015143,-0.632190,0.136909,-0.762474,0.461705,-0.015786,0.375691
3081,1971172219,-0.012069,-0.631309,0.135955,-0.763429,0.261044,0.253914,0.264787
3082,1971205553,-0.006865,-0.630617,0.131594,-0.764829,0.218375,0.276534,0.313033
3083,1971238887,-0.000076,-0.630171,0.123975,-0.766498,0.045877,0.237056,0.265573
3084,1971272221,0.007777,-0.630029,0.113914,-0.768135,-0.055385,0.233861,0.201463
3085,1971305555,0.018059,-0.630393,0.099293,-0.769691,-0.246179,0.220502,0.081618
3086,1971338889,0.029223,-0.631171,0.081933,-0.770753,-0.421410,-0.303620,-0.071390
3087,1971372223,0.037061,-0.632064,0.069792,-0.770879,-0.338296,-0.605782,-0.033822
3088,1971405557,0.040327,-0.632934,0.064663,-0.770449,-0.212017,-0.337911,0.034390
3089,1971438891,0.041635,-0.633741,0.062224,-0.769916,-0.077145,0.085921,0.091250
3090,1971472225,0.043200,-0.634565,0.059055,-0.769401,-0.088138,0.033707,0.086220
3091,1971505559,0.044307,-0.635249,0.056837,-0.768941,-0.085981,-0.053922,0.078548
3092,1971538893,0.043948,-0.635572,0.057678,-0.768631,-0.201606,-0.103814,0.030094
3093,1971572227,0.041256,-0.635334,0.063284,-0.768536,-0.222384,-0.176843,0.049345
3094,1971605561,0.035484,-0.634484,0.075072,-0.768466,0.018452,0.044163,0.254878
3095,1971638895,0.028808,-0.633288,0.089542,-0.768182,0.153113,0.341221,0.272403
3096,1971672229,0.024509,-0.632126,0.101101,-0.767853,0.117521,0.525639,0.323270
3097,1971705563,0.023616,-0.631185,0.107235,-0.767823,0.144823,0.306241,0.189709
3098,1971738897,0.025760,-0.630617,0.108239,-0.768080,0.092511,0.260948,0.136168
3099,1971772231,0.029937,-0.630432,0.105964,-0.768398,-0.083796,-0.054672,0.087405
3100,1971805565,0.033150,-0.630336,0.104821,-0.768502,-0.085056,-0.201183,0.320867
3101,1971838899,0.035947,-0.630554,0.104433,-0.768249,-0.265720,0.162103,0.123529
3102,1971872233,0.039210,-0.630917,0.101643,-0.768166,-0.147896,-0.024707,0.142291
3103,1971905567,0.041441,-0.631489,0.099845,-0.767815,-0.186650,-0.231803,0.178134
3104,1971938901,0.042295,-0.632188,0.098932,-0.767311,-0.068521,-0.093453,0.113331
3105,1971972235,0.043020,-0.633053,0.097359,-0.766759,0.077583,-0.067302,0.176433
3106,1972005569,0.044083,-0.634032,0.093729,-0.766342,-0.053172,-0.543412,0.116382
3107,1972038903,0.044599,-0.634805,0.090962,-0.766005,0.016515,-0.057098,0.200599
3108,1972072237,0.044433,-0.635217,0.089224,-0.765877,0.094421,0.267572,0.210816
3109,1972105571,0.044208,-0.635778,0.087031,-0.765678,0.095210,0.140538,0.141530
3110,1972138905,0.044730,-0.636470,0.083896,-0.765422,0.090256,0.194755,0.133805
3111,1972172239,0.046930,-0.637149,0.079122,-0.765234,0.070732,0.199906,0.237387
3112,1972205573,0.050135,-0.637771,0.074208,-0.765005,-0.346650,0.349847,0.008123
3113,1972238907,0.052910,-0.638161,0.069827,-0.764905,0.015713,0.153682,0.207643
3114,1972272241,0.055481,-0.638228,0.066950,-0.764924,0.062027,-0.046253,0.245422
3115,1972305575,0.057085,-0.638143,0.066419,-0.764924,-0.052278,-0.040616,0.083876
3116,1972338909,0.058646,-0.637854,0.067163,-0.764982,-0.056727,-0.072128,0.112974
3117,1972372243,0.060073,-0.637384,0.068710,-0.765125,0.049417,-0.138547,0.170740
3118,1972405577,0.061065,-0.636863,0.070605,-0.765307,0.129190,0.091317,0.231771
3119,1972438911,0.062569,-0.635834,0.069097,-0.766179,0.355808,0.524629,0.627240
3120,1972472245,0.067519,-0.634602,0.061032,-0.767463,0.115615,-0.157268,-0.029197
3121,1972505579,0.072252,-0.633415,0.052516,-0.768642,0.179857,-0.507923,0.168550
3122,1972538913,0.074500,-0.632649,0.046705,-0.769433,-0.127904,-0.454199,0.026381
3123,1972572247,0.076001,-0.632268,0.041668,-0.769889,-0.133272,-0.105595,0.078143
3124,1972605581,0.077441,-0.631876,0.036521,-0.770329,-0.018634,-0.420369,0.183077
3125,1972638915,0.077659,-0.631887,0.033702,-0.770426,-0.207111,-0.050525,0.159008
3126,1972672249,0.077889,-0.632463,0.031043,-0.770042,-0.326672,-0.079997,0.104015
3127,1972705583,0.077319,-0.633283,0.029600,-0.769482,-0.429235,-0.278088,-0.113750
3128,1972738917,0.075371,-0.633912,0.031038,-0.769101,-0.139228,-0.278456,-0.010731
3129,1972772251,0.071468,-0.634433,0.035740,-0.768839,0.120139,-0.294395,0.086188
3130,1972805585,0.066463,-0.634619,0.043737,-0.768722,0.486455,0.057689,0.342793
3131,1972838919,0.062673,-0.634444,0.050794,-0.768750,0.494283,0.760599,0.377080
3132,1972872253,0.062220,-0.634108,0.052393,-0.768957,0.364111,0.452037,0.141071
3133,1972905587,0.062965,-0.633996,0.052295,-0.768995,0.052757,0.215467,0.011710
3134,1972938921,0.062445,-0.634042,0.055679,-0.768762,0.016060,1.902348,0.691372
3135,1972972255,0.063285,-0.634659,0.054739,-0.768252,-0.289122,0.619921,-0.027610
3136,1973005589,0.065202,-0.635422,0.054061,-0.767508,0.003818,0.093319,0.140954
3137,1973038923,0.066913,-0.636013,0.052843,-0.766957,0.156373,-0.319538,0.180361
3138,1973072257,0.069071,-0.636548,0.051245,-0.766430,0.098491,-0.186277,0.234035
3139,1973105591,0.071523,-0.636983,0.048212,-0.766040,0.060031,-0.060626,0.179427
3140,1973138925,0.073803,-0.637160,0.044257,-0.765914,0.036193,-0.346090,0.021090
3141,1973172259,0.076056,-0.636799,0.039670,-0.766246,0.153114,-0.350453,0.199747
3142,1973205593,0.077346,-0.636003,0.035664,-0.766975,0.254465,-0.046505,0.389763
3143,1973238927,0.078303,-0.635220,0.032253,-0.767677,-0.200682,-0.085741,-0.062327
3144,1973272261,0.079834,-0.634238,0.028993,-0.768461,0.034347,-0.082048,0.253415
3145,1973305595,0.082763,-0.632873,0.023682,-0.769458,0.101641,0.347863,0.208281
3146,1973338929,0.086721,-0.631830,0.016211,-0.770072,-0.316594,0.053504,-0.160466
3147,1973372263,0.089429,-0.630981,0.011797,-0.770539,-0.020327,0.019657,0.165447
3148,1973405597,0.089760,-0.630480,0.011641,-0.770913,-0.112782,-0.433733,0.095663
3149,1973438931,0.088856,-0.629959,0.013861,-0.771406,-0.013662,-0.062451,0.244611
3150,1973472265,0.088956,-0.629182,0.014477,-0.772018,0.122614,-0.023991,0.213480
3151,1973505599,0.089747,-0.628623,0.013654,-0.772396,0.040194,-0.180232,0.119018
3152,1973538933,0.089575,-0.628299,0.013419,-0.772685,0.170318,-0.152196,0.269106
3153,1973572267,0.088247,-0.628145,0.013530,-0.772960,-0.100061,-0.478659,0.023231
3154,1973605601,0.083617,-0.628357,0.018579,-0.773197,-0.178679,-0.505374,0.101637
3155,1973638935,0.078017,-0.628475,0.025047,-0.773505,-0.100094,0.020569,0.473098
3156,1973672269,0.074003,-0.627973,0.029001,-0.774168,-0.206584,-0.217216,0.485759
3157,1973705603,0.068701,-0.626450,0.035573,-0.775615,-0.461694,-0.508348,0.153827
3158,1973738937,0.059228,-0.623543,0.049538,-0.777969,-0.073091,-0.635687,0.101997
3159,1973772271,0.046259,-0.619826,0.070343,-0.780212,0.244408,-0.358138,0.124147
3160,1973805605,0.034186,-0.616755,0.090357,-0.781207,0.188620,0.252737,0.007194
3161,1973838939,0.026511,-0.615191,0.102986,-0.781175,0.046713,0.526220,-0.112294
3162,1973872273,0.022740,-0.615178,0.108305,-0.780585,-0.196896,0.169483,-0.143967
3163,1973905607,0.020796,-0.616350,0.110507,-0.779405,-0.255635,0.237488,-0.131345
3164,1973938941,0.018774,-0.617779,0.111451,-0.778189,-0.105783,-0.482684,0.192868
3165,1973972275,0.017547,-0.620277,0.112995,-0.776006,-0.132266,0.798266,0.120223
3166,1974005609,0.018128,-0.623088,0.111749,-0.773918,-0.061920,-0.254254,0.188632
3167,1974038943,0.018655,-0.625603,0.111211,-0.771951,-0.001177,-0.286863,0.471258
3168,1974072277,0.019202,-0.627354,0.110934,-0.770556,0.209976,-0.556136,0.385879
3169,1974105611,0.020470,-0.628418,0.111819,-0.769527,0.112198,-0.495145,0.234439
3170,1974138945,0.019980,-0.629101,0.115581,-0.768426,0.042153,0.033880,0.246413
3171,1974172279,0.019383,-0.629181,0.118023,-0.768004,0.185322,0.594594,0.266214
3172,1974205613,0.020077,-0.628832,0.117380,-0.768370,0.242764,-0.157298,0.174191
3173,1974238947,0.020405,-0.628234,0.116718,-0.768951,0.140287,-0.007295,0.166193
3174,1974272281,0.019701,-0.627737,0.116959,-0.769339,0.102163,0.144762,0.057034
3175,1974305615,0.019438,-0.627678,0.115979,-0.769542,0.024853,0.177833,0.120133
3176,1974338949,0.019763,-0.627794,0.114154,-0.769712,-0.024692,0.050655,0.157704
3177,1974372283,0.019631,-0.627959,0.112811,-0.769779,-0.046475,-0.097022,0.127296
3178,1974405617,0.020138,-0.628436,0.110940,-0.769649,-0.100757,-0.092209,0.013959
3179,1974438951,0.021518,-0.629177,0.108893,-0.769298,-0.259661,-0.003364,0.013225
3180,1974472285,0.022457,-0.629269,0.107039,-0.769456,-0.034606,0.048918,0.147428
3181,1974505619,0.021500,-0.628606,0.106392,-0.770115,0.219899,-0.183092,0.132877
3182,1974538953,0.019544,-0.627570,0.104911,-0.771214,0.522614,0.158734,0.351972
3183,1974572287,0.019647,-0.626814,0.098795,-0.772633,1.105857,0.195155,0.685118
3184,1974605621,0.020687,-0.627272,0.090055,-0.773302,0.126468,0.030976,-0.125318
3185,1974638955,0.026447,-0.628192,0.075515,-0.773936,-0.266488,0.646494,-0.050116
3186,1974672289,0.034890,-0.629147,0.056775,-0.774427,-0.369131,0.104246,-0.061731
3187,1974705623,0.041494,-0.629914,0.042627,-0.774386,-0.534860,-0.378670,-0.110989
3188,1974738957,0.042591,-0.630502,0.039092,-0.774035,-0.353103,-0.194743,0.010242
3189,1974772291,0.041611,-0.630885,0.040645,-0.773695,-0.008172,0.171496,0.110087
3190,1974805625,0.042587,-0.631239,0.041130,-0.773328,0.103328,0.125884,0.168340
3191,1974838959,0.044717,-0.631452,0.040589,-0.773062,0.188305,-0.044609,0.183382
3192,1974872293,0.045834,-0.631263,0.040818,-0.773139,0.353334,-0.131038,0.304974
3193,1974905627,0.046471,-0.630825,0.040716,-0.773464,0.156514,-0.057172,0.105309
3194,1974938961,0.046456,-0.630275,0.040585,-0.773921,0.075722,-0.030670,0.120638
3195,1974972295,0.045708,-0.629740,0.041392,-0.774357,-0.109942,0.069276,0.099393
3196,1975005629,0.045034,-0.629387,0.042580,-0.774619,-0.198317,0.162949,0.032577
3197,1975038963,0.044914,-0.629303,0.043884,-0.774622,-0.231302,0.147546,0.091471
3198,1975072297,0.044343,-0.629556,0.046724,-0.774283,-0.210655,0.072490,0.159731
3199,1975105631,0.043339,-0.630027,0.050632,-0.773711,-0.074406,-0.153903,0.012281
3200,1975138965,0.042571,-0.630787,0.054527,-0.772869,0.047826,0.059642,0.064828
3201,1975172299,0.042039,-0.631781,0.057542,-0.771867,0.161613,-0.013003,0.149192
3202,1975205633,0.041107,-0.632701,0.060683,-0.770922,0.286035,-0.002024,0.121864
3203,1975238967,0.039852,-0.633295,0.064001,-0.770232,0.141347,0.086308,-0.020519
3204,1975272301,0.038349,-0.633781,0.067573,-0.769603,0.172426,0.151788,-0.093316
3205,1975305635,0.037318,-0.634080,0.070864,-0.769112,0.176960,0.264504,-0.128828
3206,1975338969,0.036470,-0.634295,0.074379,-0.768643,0.079622,0.378481,-0.088554
3207,1975372303,0.037133,-0.634734,0.077458,-0.767944,0.100277,0.529869,-0.076509
3208,1975405637,0.038775,-0.635893,0.080824,-0.766556,0.093896,0.591748,0.045525
3209,1975438971,0.042643,-0.638267,0.082123,-0.764236,0.152389,0.786104,0.028955
3210,1975472305,0.051961,-0.641526,0.074939,-0.761665,0.472776,0.982215,0.238003
3211,1975505639,0.063665,-0.644978,0.063403,-0.758904,0.747204,0.370852,0.185186
3212,1975538973,0.075379,-0.649280,0.051494,-0.755053,0.482786,1.007270,0.106614
3213,1975572307,0.088709,-0.654139,0.036598,-0.750265,0.536205,1.140054,0.284437
3214,1975605641,0.104191,-0.658223,0.018134,-0.745361,0.731412,0.634389,0.444488
3215,1975638975,0.118937,-0.661034,0.001886,-0.740870,0.869903,0.969035,0.548249
3216,1975672309,0.135107,-0.662808,-0.014576,-0.736359,0.649234,1.324291,0.539109
3217,1975705643,0.156009,-0.662945,-0.034907,-0.731404,0.369200,1.330722,0.666604
3218,1975738977,0.181070,-0.661213,-0.058238,-0.725688,-0.074260,1.239102,0.243833
3219,1975772311,0.207260,-0.657697,-0.080674,-0.719704,-0.192262,0.710986,0.204023
3220,1975805645,0.232512,-0.652705,-0.099562,-0.714147,-0.330090,0.579119,0.277449
3221,1975838979,0.256350,-0.646613,-0.115425,-0.709124,-0.389710,0.422133,0.321226
3222,1975872313,0.279578,-0.639771,-0.129331,-0.704136,-0.539069,0.452784,0.337555
3223,1975905647,0.302712,-0.632323,-0.142062,-0.698824,-0.679805,0.184351,0.416505
3224,1975938981,0.326005,-0.624192,-0.153895,-0.693128,-0.808129,-0.092932,0.352838
3225,1975972315,0.348904,-0.615721,-0.164028,-0.687207,-0.830524,-0.459662,0.493672
3226,1976005649,0.370620,-0.607464,-0.171437,-0.681353,-0.801920,-0.970067,0.238403
3227,1976038983,0.390603,-0.600160,-0.176170,-0.675430,-0.864300,-1.099856,0.123715
3228,1976072317,0.408934,-0.594103,-0.179282,-0.669087,-0.845776,-1.149945,0.028503
3229,1976105651,0.426189,-0.588789,-0.182835,-0.662016,-0.865171,-1.306427,-0.140865
3230,1976138985,0.442599,-0.584107,-0.187655,-0.653999,-0.713985,-1.438977,-0.254377
3231,1976172319,0.458318,-0.579975,-0.194559,-0.644768,-0.620499,-1.469529,-0.242998
3232,1976205653,0.473914,-0.575032,-0.205676,-0.634386,-0.766565,-1.700330,-0.158856
3233,1976238987,0.489398,-0.568782,-0.219372,-0.623584,-0.314317,-1.777529,-0.032695
3234,1976272321,0.502566,-0.563454,-0.230694,-0.613785,-0.240488,-1.364742,0.225239
3235,1976305655,0.512705,-0.560866,-0.238431,-0.604746,0.426617,-2.027585,-0.088860
3236,1976338989,0.518924,-0.562671,-0.240326,-0.596965,0.500790,-1.783386,0.093652
3237,1976372323,0.524851,-0.565103,-0.241562,-0.588932,0.651033,-1.413453,0.202528
3238,1976405657,0.531424,-0.566783,-0.244293,-0.580233,0.879286,-1.207065,0.138746
3239,1976438991,0.538290,-0.567540,-0.249397,-0.570918,1.092347,-1.124645,0.005968
3240,1976472325,0.544866,-0.566930,-0.257188,-0.561757,1.161903,-0.950327,0.043791
3241,1976505659,0.549997,-0.565118,-0.266702,-0.554093,1.301710,-0.794008,0.045646
3242,1976538993,0.552572,-0.562772,-0.276555,-0.549065,1.499785,-0.752694,0.051061
3243,1976572327,0.551809,-0.560795,-0.284767,-0.547656,1.602721,-0.568551,0.214879
3244,1976605661,0.547517,-0.559733,-0.289563,-0.550529,1.504023,-0.579413,0.231948
3245,1976638995,0.539470,-0.560495,-0.289332,-0.557772,1.380710,-0.736776,0.348376
3246,1976672329,0.528355,-0.563134,-0.283825,-0.568479,1.074056,-0.683803,0.437516
3247,1976705663,0.515206,-0.566801,-0.274391,-0.581389,0.667901,-0.744747,0.427963
3248,1976738997,0.500819,-0.570797,-0.262511,-0.595369,0.298078,-0.834541,0.165530
3249,1976772331,0.485619,-0.574990,-0.249563,-0.609331,-0.038205,-0.828378,0.070235
3250,1976805665,0.470057,-0.579132,-0.236988,-0.622490,-0.312414,-0.760705,-0.059778
3251,1976838999,0.454589,-0.582912,-0.226138,-0.634372,-0.571491,-0.715963,-0.072093
3252,1976872333,0.439453,-0.586484,-0.217338,-0.644737,-0.698330,-0.612121,-0.089321
3253,1976905667,0.425170,-0.589915,-0.210779,-0.653305,-0.791171,-0.424699,-0.045728
3254,1976939001,0.412425,-0.592878,-0.206887,-0.660003,-0.889829,-0.323219,-0.036752
3255,1976972335,0.401040,-0.595727,-0.204545,-0.665163,-0.784323,-0.286371,-0.022831
3256,1977005669,0.390186,-0.599134,-0.201394,-0.669506,-0.510062,-0.073951,0.231296
3257,1977039003,0.379074,-0.603075,-0.195938,-0.673956,-0.268819,-0.061690,0.217188
3258,1977072337,0.367594,-0.607455,-0.188131,-0.678590,-0.155842,0.003410,0.069471
3259,1977105671,0.356120,-0.611695,-0.178934,-0.683370,-0.005076,0.393109,0.241534
3260,1977139005,0.345106,-0.615037,-0.169968,-0.688293,0.318222,0.251976,0.218746
3261,1977172339,0.334559,-0.617505,-0.162107,-0.693170,0.250701,0.445825,0.266786
3262,1977205673,0.325152,-0.619152,-0.156168,-0.697526,0.140002,0.672510,0.322105
3263,1977239007,0.316589,-0.620528,-0.151647,-0.701230,0.131098,0.773388,0.310262
3264,1977272341,0.310733,-0.620628,-0.150196,-0.704068,0.083087,0.535308,0.216900
3265,1977305675,0.306207,-0.620103,-0.149228,-0.706715,0.018604,0.398864,0.190645
3266,1977339009,0.301891,-0.619693,-0.146647,-0.709466,-0.027004,0.275381,0.270489
3267,1977372343,0.297629,-0.619589,-0.141999,-0.712298,-0.197686,0.353809,0.289578
3268,1977405677,0.294407,-0.619431,-0.137147,-0.714720,-0.255493,0.066675,0.064260
3269,1977439011,0.291967,-0.619475,-0.130926,-0.716846,-0.206057,0.320339,0.191059
3270,1977472345,0.290795,-0.619610,-0.124777,-0.718301,-0.295535,0.152307,0.145143
3271,1977505679,0.290697,-0.619949,-0.119036,-0.719022,-0.217484,0.020196,0.123251
3272,1977539013,0.291946,-0.620353,-0.113930,-0.718995,-0.170821,-0.166091,0.113409
3273,1977572347,0.294390,-0.620445,-0.109569,-0.718597,0.024805,-0.349918,0.170069
3274,1977605681,0.297119,-0.620290,-0.105381,-0.718234,0.151248,-0.567372,0.176380
3275,1977639015,0.299369,-0.620002,-0.101326,-0.718131,0.228030,-0.731969,0.125375
3276,1977672349,0.300095,-0.619851,-0.097371,-0.718506,0.231349,-0.875963,-0.080537
3277,1977705683,0.298311,-0.620057,-0.093271,-0.719614,0.232068,-0.901405,0.026503
3278,1977739017,0.293618,-0.620607,-0.089185,-0.721585,0.219164,-0.799904,0.087493
3279,1977772351,0.286841,-0.621363,-0.085739,-0.724075,0.128792,-0.731161,0.107893
3280,1977805685,0.279089,-0.622088,-0.083569,-0.726730,0.051930,-0.638077,0.100330
3281,1977839019,0.270429,-0.622780,-0.081943,-0.729591,0.004558,-0.510578,0.070945
3282,1977872353,0.261026,-0.623631,-0.080533,-0.732441,-0.072030,-0.394637,0.133404
3283,1977905687,0.251409,-0.624322,-0.079250,-0.735350,-0.217887,-0.235394,0.176794
3284,1977939021,0.241677,-0.624857,-0.077679,-0.738320,-0.207297,-0.132694,0.269243
3285,1977972355,0.232544,-0.625218,-0.076112,-0.741105,-0.224618,0.138632,0.114539
3286,1978005689,0.224570,-0.625245,-0.075257,-0.743625,-0.234320,0.144664,0.097449
3287,1978039023,0.216957,-0.625106,-0.074065,-0.746117,-0.247595,-0.011580,0.150797
3288,1978072357,0.208739,-0.625084,-0.070828,-0.748790,-0.186381,-0.153908,0.135210
3289,1978105691,0.198389,-0.625482,-0.063249,-0.751943,-0.070645,-0.196531,0.127187
3290,1978139025,0.186047,-0.626076,-0.051995,-0.755458,-0.110038,0.043588,0.121779
3291,1978172359,0.173028,-0.626378,-0.039797,-0.759034,-0.014327,0.190177,0.079667
3292,1978205693,0.159572,-0.626433,-0.027440,-0.762476,-0.078624,0.277840,0.023554
3293,1978239027,0.145615,-0.626078,-0.015232,-0.765895,0.063533,0.244907,0.108861
3294,1978272361,0.131520,-0.625395,-0.002647,-0.769143,0.258942,0.270279,0.400172
3295,1978305695,0.118802,-0.624511,0.009238,-0.771875,-0.201241,0.286856,0.148525
3296,1978339029,0.108055,-0.623703,0.020001,-0.773901,-0.150856,0.330036,0.254921
3297,1978372363,0.099502,-0.622963,0.028518,-0.775376,-0.282956,0.116264,0.124490
3298,1978405697,0.091467,-0.622559,0.037136,-0.776324,-0.376592,-0.099936,-0.017467
3299,1978439031,0.082818,-0.622730,0.047105,-0.776617,-0.168366,0.039816,0.026915
3300,1978472365,0.074467,-0.623387,0.055941,-0.776349,-0.189999,0.000470,0.013562
3301,1978505699,0.066060,-0.624429,0.063544,-0.775687,-0.225481,-0.172397,0.019987
3302,1978539033,0.056774,-0.625715,0.071277,-0.774714,-0.068798,-0.174268,0.026534
3303,1978572367,0.046753,-0.627062,0.079148,-0.773529,-0.054845,-0.205354,0.152852
3304,1978605701,0.036111,-0.628360,0.087151,-0.772185,-0.051995,-0.153458,0.204953
3305,1978639035,0.024911,-0.629694,0.095122,-0.770598,-0.027045,-0.028558,0.175809
3306,1978672369,0.013638,-0.631096,0.102273,-0.768815,0.059289,0.076481,0.235745
3307,1978705703,0.002822,-0.632484,0.108002,-0.767005,0.092646,0.085675,0.306191
3308,1978739037,-0.007392,-0.633815,0.112639,-0.765206,0.182516,0.138170,0.285930
3309,1978772371,-0.016935,-0.634977,0.116660,-0.763487,0.286321,0.042318,0.164052
3310,1978805705,-0.026619,-0.635642,0.121211,-0.761947,0.451767,0.103158,0.241391
3311,1978839039,-0.035552,-0.636167,0.125042,-0.760524,0.438885,0.200306,0.237743
3312,1978872373,-0.043600,-0.636882,0.128045,-0.759006,0.364122,0.307167,0.052423
3313,1978905707,-0.050116,-0.638025,0.129362,-0.757419,0.357183,0.291757,-0.021202
3314,1978939041,-0.055163,-0.639363,0.129076,-0.755987,0.493028,0.389093,-0.025982
3315,1978972375,-0.060265,-0.640885,0.128159,-0.754463,0.445140,0.092190,0.381195
3316,1979005709,-0.064654,-0.640673,0.129998,-0.753965,1.055447,-0.017980,0.719637
3317,1979039043,-0.070086,-0.638414,0.134853,-0.754543,0.897016,-0.047469,0.413118
3318,1979072377,-0.076365,-0.634519,0.142953,-0.755727,0.779833,0.146671,0.269590
3319,1979105711,-0.081649,-0.630369,0.150459,-0.757189,0.172690,-0.168789,-0.098610
3320,1979139045,-0.087499,-0.625647,0.159639,-0.758571,0.463787,0.439546,0.007023
3321,1979172379,-0.091855,-0.621424,0.166931,-0.759956,0.619103,0.342336,0.174883
3322,1979205713,-0.094886,-0.617435,0.173611,-0.761337,0.434477,0.229102,0.160934
3323,1979239047,-0.096740,-0.613638,0.179759,-0.762746,0.530216,0.256945,0.103148
3324,1979272381,-0.098117,-0.610023,0.185113,-0.764188,0.329616,0.060253,0.213047
3325,1979305715,-0.099291,-0.606382,0.189774,-0.765789,0.500811,0.224843,0.199631
3326,1979339049,-0.100497,-0.602785,0.194349,-0.767323,0.142270,0.108503,0.088858
3327,1979372383,-0.101602,-0.598869,0.199331,-0.768964,0.050090,0.196557,0.165104
3328,1979405717,-0.101453,-0.595050,0.203213,-0.770929,-0.031784,0.359848,-0.137546
3329,1979439051,-0.100268,-0.591733,0.206041,-0.772884,-0.355241,0.407991,-0.310817
3330,1979472385,-0.098871,-0.588893,0.209338,-0.774346,-0.395627,0.381509,-0.123409
3331,1979505719,-0.097409,-0.587019,0.212861,-0.774994,-0.206234,0.350653,0.151992
3332,1979539053,-0.094323,-0.586833,0.214520,-0.775059,-0.135779,0.414463,0.280429
3333,1979572387,-0.089366,-0.588527,0.212951,-0.774794,-0.493016,0.466803,0.002117
3334,1979605721,-0.083132,-0.591330,0.208770,-0.774491,-0.259817,0.307243,0.251559
3335,1979639055,-0.076809,-0.594548,0.203389,-0.774113,0.029164,-0.119093,0.286399
3336,1979672389,-0.069897,-0.597969,0.196925,-0.773804,0.059803,-0.138437,0.369736
3337,1979705723,-0.062535,-0.601321,0.189184,-0.773767,0.006768,-0.199818,0.187008
3338,1979739057,-0.056086,-0.604309,0.182129,-0.773627,0.082542,-0.286279,0.275169
3339,1979772391,-0.051313,-0.607113,0.176588,-0.773047,0.106198,-0.078571,0.116191
3340,1979805725,-0.046599,-0.610223,0.170443,-0.772276,0.084807,0.144305,0.065204
3341,1979839059,-0.041690,-0.613622,0.163402,-0.771385,0.215316,0.262375,0.108212
3342,1979872393,-0.036510,-0.617110,0.155418,-0.770514,0.272212,0.290017,0.180705
3343,1979905727,-0.031009,-0.620195,0.146580,-0.770010,0.277065,0.361663,0.318016
3344,1979939061,-0.024707,-0.622567,0.135881,-0.770286,0.319924,0.459622,0.374778
3345,1979972395,-0.017414,-0.623892,0.125421,-0.771187,0.059124,-0.024934,0.250731
3346,1980005729,-0.011042,-0.624041,0.119265,-0.772160,-0.058532,0.099842,0.251745
3347,1980039063,-0.004642,-0.623389,0.115071,-0.773387,-0.162134,0.182524,0.192838
3348,1980072397,0.002056,-0.622148,0.111711,-0.774889,-0.245895,0.281689,0.129415
3349,1980105731,0.008725,-0.620124,0.109764,-0.776741,-0.274421,0.110131,0.136290
3350,1980139065,0.014632,-0.617478,0.110496,-0.778654,0.038786,0.090696,0.274751
3351,1980172399,0.020516,-0.614920,0.112299,-0.780286,-0.008085,0.081120,0.152582
3352,1980205733,0.027620,-0.612738,0.112614,-0.781736,-0.149724,0.423773,0.136808
3353,1980239067,0.036897,-0.610879,0.108427,-0.783399,-0.520577,0.235499,0.170861
3354,1980272401,0.046372,-0.608932,0.101848,-0.785292,-0.498464,-0.256183,0.056748
3355,1980305735,0.054615,-0.607238,0.096255,-0.786777,-0.146775,-0.311553,0.116830
3356,1980339069,0.061687,-0.607008,0.093608,-0.786751,0.171727,-0.746126,0.072087
3357,1980372403,0.068638,-0.608305,0.089893,-0.785607,-0.471304,-0.699490,-0.124323
3358,1980405737,0.075293,-0.609340,0.084234,-0.784822,-0.396181,-0.534156,0.120447
3359,1980439071,0.080075,-0.609704,0.078615,-0.784648,-0.126329,-0.594728,0.120751
3360,1980472405,0.082023,-0.609960,0.074570,-0.784643,-0.282631,-0.571263,0.012020
3361,1980505739,0.082775,-0.609992,0.069926,-0.784967,-0.032055,-0.662425,0.045646
3362,1980539073,0.082701,-0.609879,0.065698,-0.785428,-0.147406,-0.473645,0.035451
3363,1980572407,0.081409,-0.609469,0.061855,-0.786193,-0.099413,-0.072401,0.315341
3364,1980605741,0.079687,-0.609223,0.057850,-0.786865,-0.074856,-0.359074,0.089012
3365,1980639075,0.078253,-0.609090,0.053995,-0.787385,-0.067332,-0.102256,0.118458
3366,1980672409,0.078632,-0.609182,0.049046,-0.787600,-0.236004,0.054115,0.066742
3367,1980705743,0.078490,-0.609044,0.045594,-0.787928,-0.017216,-0.048873,0.174591
3368,1980739077,0.077361,-0.609164,0.044742,-0.787995,-0.047590,-0.064929,0.142945
3369,1980772411,0.076208,-0.609528,0.045728,-0.787770,0.067350,-0.015385,0.165394
3370,1980805745,0.075986,-0.609818,0.046542,-0.787519,0.114912,-0.057002,0.160729
3371,1980839079,0.076015,-0.609981,0.047278,-0.787346,0.216420,0.106810,0.202606
3372,1980872413,0.076512,-0.610057,0.046792,-0.787268,0.134848,0.071801,0.188823
3373,1980905747,0.077091,-0.610029,0.045205,-0.787327,-0.077943,0.809845,0.427078
3374,1980939081,0.080439,-0.609213,0.035882,-0.788103,0.028444,-0.167769,0.018457
3375,1980972415,0.084171,-0.608315,0.027671,-0.788738,-0.120211,-0.815218,-0.176773
3376,1981005749,0.086033,-0.608011,0.023545,-0.788905,-0.210368,0.014914,0.150363
3377,1981039083,0.088589,-0.607584,0.017253,-0.789114,-0.314980,-0.152652,0.039958
3378,1981072417,0.092690,-0.606855,0.008937,-0.789342,-0.197989,-0.195332,0.159951
3379,1981105751,0.097676,-0.606223,-0.001866,-0.789275,-0.151970,-0.197767,0.202176
3380,1981139085,0.102529,-0.606079,-0.013386,-0.788658,-0.271364,-0.732574,-0.216659
3381,1981172419,0.104321,-0.606040,-0.021137,-0.788283,0.257128,-0.674861,0.223962
3382,1981205753,0.101896,-0.606540,-0.023871,-0.788138,0.001412,-0.559076,-0.025876
3383,1981239087,0.097886,-0.607518,-0.025515,-0.787841,-0.017359,-0.030254,0.056176
3384,1981272421,0.094976,-0.608205,-0.029911,-0.787513,0.183587,0.070302,0.287823
3385,1981305755,0.092439,-0.608924,-0.034982,-0.787050,-0.237366,-0.022902,-0.019448
3386,1981339089,0.089468,-0.609582,-0.038201,-0.786734,-0.115736,0.006690,0.206055
3387,1981372423,0.086186,-0.610186,-0.039057,-0.786590,-0.176983,0.109822,0.090149
3388,1981405757,0.083227,-0.610884,-0.038495,-0.786395,-0.391054,0.141770,-0.119558
3389,1981439091,0.080329,-0.611147,-0.036694,-0.786578,0.307087,0.100665,0.337098
3390,1981472425,0.077354,-0.611319,-0.033193,-0.786898,0.067290,0.137738,0.034862
3391,1981505759,0.074770,-0.611539,-0.029303,-0.787131,0.033026,0.115514,0.058380
3392,1981539093,0.071583,-0.611356,-0.023844,-0.787754,0.343338,-0.014938,0.308148
3393,1981572427,0.067191,-0.611259,-0.014810,-0.788437,-0.006078,0.123622,0.074783
3394,1981605761,0.061510,-0.611051,-0.002900,-0.789195,0.252181,0.237179,0.248380
3395,1981639095,0.056208,-0.610773,0.009427,-0.789755,0.118665,0.359756,0.133734
3396,1981672429,0.051939,-0.611298,0.021426,-0.789407,-0.465825,0.169513,-0.249880
3397,1981705763,0.047428,-0.612091,0.033837,-0.788641,-0.358201,0.299909,-0.082720
3398,1981739097,0.043712,-0.612742,0.044864,-0.787800,0.028972,0.119076,0.127970
3399,1981772431,0.041781,-0.613635,0.053682,-0.786657,0.110745,0.105481,0.140709
3400,1981805765,0.041379,-0.614602,0.059041,-0.785538,0.129787,0.329995,0.190885
3401,1981839099,0.042159,-0.615389,0.060967,-0.784733,0.048511,-0.035305,0.145935
3402,1981872433,0.042948,-0.616039,0.061632,-0.784128,-0.015001,-0.158617,0.114110
3403,1981905767,0.042734,-0.616726,0.062264,-0.783550,0.026783,-0.184729,0.141855
3404,1981939101,0.042886,-0.617299,0.062969,-0.783034,0.160019,0.418192,0.140457
3405,1981972435,0.043115,-0.618280,0.062166,-0.782311,-0.180074,0.016684,-0.022606
3406,1982005769,0.043254,-0.619443,0.061394,-0.781444,-0.100235,0.137762,-0.068156
3407,1982039103,0.043741,-0.620871,0.059999,-0.780391,0.186763,0.253147,-0.036446
3408,1982072437,0.044178,-0.622235,0.058922,-0.779361,0.103900,0.190428,-0.225987
3409,1982105771,0.043807,-0.623662,0.060233,-0.778141,0.046960,0.185467,-0.228835
3410,1982139105,0.043519,-0.625712,0.063581,-0.776242,0.216043,0.422389,-0.132136
3411,1982172439,0.043968,-0.628658,0.067267,-0.773521,0.139482,0.526590,-0.046819
3412,1982205773,0.045078,-0.632917,0.069928,-0.769739,0.254053,0.785370,0.074036
3413,1982239107,0.048821,-0.638848,0.067702,-0.764794,0.385965,1.240499,0.348245
3414,1982272441,0.058691,-0.646021,0.055209,-0.759058,0.414408,1.463749,0.499488
3415,1982305775,0.074973,-0.653357,0.033225,-0.752599,0.317328,1.169883,0.359363
3416,1982339109,0.093963,-0.660128,0.008725,-0.745205,0.285812,0.951179,0.383740
3417,1982372443,0.114150,-0.665417,-0.015175,-0.737540,0.466970,1.048143,0.625882
3418,1982405777,0.135382,-0.668347,-0.037998,-0.730442,0.517760,0.989094,0.393064
3419,1982439111,0.156633,-0.668989,-0.057942,-0.724270,0.368568,0.788277,0.143199
3420,1982472445,0.177266,-0.667539,-0.074355,-0.719336,0.307050,0.585540,0.243253
3421,1982505779,0.194711,-0.664408,-0.085448,-0.716487,0.059145,0.178065,-0.081825
3422,1982539113,0.209300,-0.660382,-0.092802,-0.715179,-0.045952,0.148578,0.110554
3423,1982572447,0.221436,-0.655794,-0.097746,-0.715088,-0.283454,-0.290465,0.219769
3424,1982605781,0.231139,-0.651301,-0.099152,-0.715930,-0.546893,-0.614279,0.362413
3425,1982639115,0.239521,-0.646981,-0.096646,-0.717433,-0.618232,-0.527463,0.484292
3426,1982672449,0.249198,-0.642663,-0.092441,-0.718571,-0.688310,-0.977880,0.189168
3427,1982705783,0.259632,-0.639343,-0.086653,-0.718559,-0.746853,-1.040299,0.148499
3428,1982739117,0.271580,-0.636593,-0.082654,-0.717054,-0.779540,-1.084830,0.058621
3429,1982772451,0.284448,-0.633996,-0.082401,-0.714390,-0.564756,-1.525841,-0.181238
3430,1982805785,0.295262,-0.632403,-0.083992,-0.711222,-0.446776,-1.393584,-0.232728
3431,1982839119,0.303594,-0.631740,-0.088166,-0.707790,-0.216883,-1.475585,-0.351162
3432,1982872453,0.309674,-0.631997,-0.094975,-0.704035,0.035203,-1.378747,-0.162780
3433,1982905787,0.314044,-0.632990,-0.103654,-0.699972,0.296278,-1.277121,0.092688
3434,1982939121,0.317664,-0.634242,-0.113501,-0.695664,0.436790,-1.184299,0.191202
3435,1982972455,0.320512,-0.635217,-0.122911,-0.691859,0.725158,-1.181449,0.360442
3436,1983005789,0.321076,-0.636526,-0.129228,-0.689239,0.847717,-1.016488,0.396001
3437,1983039123,0.319001,-0.638246,-0.131670,-0.688149,0.646418,-0.755690,0.387416
3438,1983072457,0.315406,-0.639511,-0.132065,-0.688555,0.424815,-0.411265,0.405261
3439,1983105791,0.311193,-0.639849,-0.131909,-0.690185,0.461979,-0.469952,0.335112
3440,1983139125,0.305553,-0.640269,-0.129983,-0.692677,0.241470,-0.331573,0.271019
3441,1983172459,0.299134,-0.640930,-0.127629,-0.695301,0.032677,-0.221407,0.131837
3442,1983205793,0.293456,-0.641346,-0.127081,-0.697434,-0.035008,0.015804,0.115664
3443,1983239127,0.288771,-0.641590,-0.128464,-0.698910,-0.043833,-0.025149,0.086926
3444,1983272461,0.284844,-0.641769,-0.130929,-0.699899,-0.190160,0.040668,0.042706
3445,1983305795,0.281146,-0.642048,-0.133582,-0.700636,-0.068221,0.102721,0.020534
3446,1983339129,0.277627,-0.642548,-0.136096,-0.701097,0.058910,0.250822,0.104819
3447,1983372463,0.274294,-0.643327,-0.138446,-0.701235,-0.065237,0.171279,0.103587
3448,1983405797,0.271366,-0.643904,-0.140279,-0.701480,-0.057592,0.366421,0.235260
3449,1983439131,0.270345,-0.643577,-0.142547,-0.701717,0.039670,0.308505,0.261353
3450,1983472465,0.270024,-0.643239,-0.143078,-0.702043,0.126992,0.265415,0.250277
3451,1983505799,0.270099,-0.643112,-0.142022,-0.702345,0.115032,0.368030,0.246595
3452,1983539133,0.271375,-0.642594,-0.141549,-0.702422,0.048321,0.277369,0.162169
3453,1983572467,0.273344,-0.641780,-0.141378,-0.702438,0.093945,0.126855,0.083720
3454,1983605801,0.275162,-0.641095,-0.141005,-0.702428,0.078902,0.041873,0.132415
3455,1983639135,0.277087,-0.640434,-0.140545,-0.702366,0.052674,0.082540,0.169777
3456,1983672469,0.279754,-0.639542,-0.140612,-0.702109,-0.000193,0.041811,0.162251
3457,1983705803,0.283049,-0.638528,-0.140785,-0.701676,0.018094,0.020589,0.201894
3458,1983739137,0.286965,-0.637403,-0.140584,-0.701148,-0.014481,0.013828,0.217772
3459,1983772471,0.291188,-0.636214,-0.139881,-0.700628,-0.015490,-0.024275,0.203425
3460,1983805805,0.295627,-0.635039,-0.139327,-0.699945,-0.003086,-0.078853,0.179251
3461,1983839139,0.299821,-0.634096,-0.139066,-0.699067,0.009827,-0.155252,0.107761
3462,1983872473,0.303534,-0.633369,-0.139465,-0.698043,0.057646,-0.211266,0.113780
3463,1983905807,0.307117,-0.632496,-0.141148,-0.696929,0.137901,-0.093706,0.085499
3464,1983939141,0.310894,-0.631284,-0.144611,-0.695642,0.186210,-0.174909,0.074993
3465,1983972475,0.314948,-0.629686,-0.149526,-0.694226,0.228559,-0.127258,0.143187
3466,1984005809,0.318610,-0.628024,-0.154975,-0.692864,0.204424,-0.330638,0.113345
3467,1984039143,0.320174,-0.627091,-0.158369,-0.692220,0.221769,-0.467334,0.141034
3468,1984072477,0.319769,-0.626773,-0.159388,-0.692462,0.182746,-0.232849,0.235185
3469,1984105811,0.319181,-0.626311,-0.160065,-0.692994,0.146352,-0.112083,0.191286
3470,1984139145,0.319228,-0.625481,-0.161676,-0.693348,-0.036432,-0.119178,0.126132
3471,1984172479,0.319798,-0.624391,-0.163860,-0.693556,0.038200,-0.253780,0.173953
3472,1984205813,0.320245,-0.623408,-0.165743,-0.693787,-0.007149,-0.055937,0.205171
3473,1984239147,0.320848,-0.622464,-0.167916,-0.693833,-0.068278,-0.178364,0.031778
3474,1984272481,0.321784,-0.621612,-0.170107,-0.693629,0.019711,-0.103889,0.137089
3475,1984305815,0.322802,-0.620963,-0.171748,-0.693333,-0.039659,0.006084,0.148942
3476,1984339149,0.323902,-0.620339,-0.172973,-0.693074,-0.085949,-0.081001,0.103850
3477,1984372483,0.325423,-0.619546,-0.174388,-0.692716,0.039424,-0.003355,0.196064
3478,1984405817,0.327542,-0.618536,-0.176403,-0.692110,0.019328,-0.166959,0.105175
3479,1984439151,0.329393,-0.617567,-0.178019,-0.691683,0.156223,-0.217770,0.117160
3480,1984472485,0.330381,-0.617142,-0.178626,-0.691434,0.035123,-0.126625,0.117148
3481,1984505819,0.331674,-0.616565,-0.180233,-0.690913,0.015833,-0.135016,0.140571
3482,1984539153,0.333182,-0.615641,-0.182501,-0.690416,0.099382,-0.217482,0.215016
3483,1984572487,0.333955,-0.614985,-0.184238,-0.690165,0.083628,-0.245476,0.127693
3484,1984605821,0.334571,-0.614373,-0.186005,-0.689938,0.077266,-0.182024,0.130305
3485,1984639155,0.335038,-0.613771,-0.187519,-0.689838,0.139338,-0.155240,0.126004
3486,1984672489,0.335111,-0.613311,-0.188504,-0.689943,0.012674,-0.113624,0.132284
3487,1984705823,0.335098,-0.612770,-0.189263,-0.690222,0.056231,-0.150775,0.200106
3488,1984739157,0.334835,-0.612450,-0.189243,-0.690639,0.033339,-0.208696,0.157702
3489,1984772491,0.334811,-0.612116,-0.189012,-0.691010,0.014312,-0.213980,0.094484
3490,1984805825,0.334192,-0.612097,-0.187441,-0.691754,-0.032402,-0.318169,0.131763
3491,1984839159,0.332366,-0.612823,-0.183641,-0.693009,-0.065350,-0.302586,0.122779
3492,1984872493,0.329540,-0.614174,-0.178192,-0.694583,-0.076836,-0.208286,0.131433
3493,1984905827,0.326460,-0.615767,-0.172235,-0.696128,-0.083624,-0.165357,0.102528
3494,1984939161,0.323387,-0.617356,-0.166175,-0.697627,-0.011076,-0.154911,0.156831
3495,1984972495,0.320488,-0.618849,-0.160478,-0.698974,0.134797,-0.181903,0.229017
3496,1985005829,0.317978,-0.620401,-0.155306,-0.699913,0.136611,-0.055149,0.189045
3497,1985039163,0.316600,-0.621693,-0.152042,-0.700108,0.005414,-0.067042,0.143300
3498,1985072497,0.315635,-0.622834,-0.149830,-0.700006,0.053258,-0.209590,0.115528
3499,1985105831,0.314561,-0.623680,-0.148215,-0.700079,-0.012942,-0.067946,0.156676
3500,1985139165,0.313544,-0.624211,-0.147580,-0.700197,0.114986,-0.162966,0.138103
3501,1985172499,0.312430,-0.624846,-0.147206,-0.700208,0.050930,-0.178852,0.138293
3502,1985205833,0.311125,-0.625619,-0.146690,-0.700206,0.031161,-0.218545,0.136701
3503,1985239167,0.310188,-0.625750,-0.146322,-0.700582,0.108695,-0.126204,0.231752
3504,1985272501,0.309844,-0.625062,-0.146363,-0.701339,0.442596,-0.333938,0.138697
3505,1985305835,0.308881,-0.624862,-0.145211,-0.702181,0.143855,-0.035647,0.218114
3506,1985339169,0.307968,-0.624930,-0.143894,-0.702792,0.214030,-0.063336,0.145514
3507,1985372503,0.307412,-0.624994,-0.143101,-0.703141,0.036865,-0.256311,0.171852
3508,1985405837,0.306423,-0.625197,-0.141502,-0.703715,0.118395,-0.277342,0.007749
3509,1985439171,0.305220,-0.625623,-0.139252,-0.704308,0.103724,-0.180719,0.125365
3510,1985472505,0.303907,-0.626305,-0.136812,-0.704748,0.036359,-0.233057,0.111654
3511,1985505839,0.302500,-0.627056,-0.134552,-0.705120,0.022789,-0.214470,0.194135
3512,1985539173,0.301498,-0.627524,-0.133313,-0.705369,0.117183,-0.086211,0.219008
3513,1985572507,0.300852,-0.627487,-0.133172,-0.705703,0.232095,-0.130863,0.183801
3514,1985605841,0.299133,-0.627257,-0.131337,-0.706981,0.144437,-0.437117,-0.009680
3515,1985639175,0.295430,-0.627476,-0.125947,-0.709321,-0.110563,-0.476452,0.038557
3516,1985672509,0.291479,-0.628092,-0.119917,-0.711453,-0.208750,-0.292347,0.163539
3517,1985705843,0.288196,-0.628943,-0.116058,-0.712677,-0.163020,-0.265373,0.090271
3518,1985739177,0.285053,-0.630181,-0.113956,-0.713187,-0.134858,-0.167765,-0.001304
3519,1985772511,0.282242,-0.631278,-0.113496,-0.713408,-0.057511,-0.240584,0.032125
3520,1985805845,0.278993,-0.632417,-0.112622,-0.713816,0.037258,-0.234878,0.037589
3521,1985839179,0.275345,-0.633641,-0.111047,-0.714393,0.031973,-0.094535,0.199944
3522,1985872513,0.271669,-0.634950,-0.109298,-0.714908,0.087694,-0.049759,0.232594
3523,1985905847,0.267989,-0.636327,-0.107515,-0.715343,0.121853,0.022270,0.239266
3524,1985939181,0.264202,-0.637599,-0.105659,-0.715895,0.108762,0.112053,0.169823
3525,1985972515,0.260735,-0.638544,-0.104062,-0.716557,0.096487,0.196373,0.212272
3526,1986005849,0.257777,-0.639197,-0.102689,-0.717243,0.157467,0.162470,0.235444
3527,1986039183,0.255479,-0.639449,-0.101490,-0.718011,0.117771,0.154327,0.207060
3528,1986072517,0.253728,-0.639282,-0.100570,-0.718909,0.165001,0.205734,0.298546
3529,1986105851,0.252378,-0.638705,-0.099653,-0.720024,0.158773,0.214898,0.198544
3530,1986139185,0.251045,-0.637628,-0.097650,-0.721717,0.120935,-0.066844,0.257812
3531,1986172519,0.248791,-0.636296,-0.092794,-0.724309,0.030331,-0.158324,0.321433
3532,1986205853,0.246505,-0.634823,-0.086444,-0.727163,-0.106284,-0.323657,0.264335
3533,1986239187,0.243879,-0.633366,-0.079117,-0.730148,-0.190518,-0.518046,0.069567
3534,1986272521,0.240259,-0.632307,-0.071177,-0.733077,-0.196040,-0.626218,0.077768
3535,1986305855,0.235498,-0.631600,-0.063485,-0.735932,-0.098508,-0.639882,-0.006446
3536,1986339189,0.229311,-0.631404,-0.055750,-0.738675,-0.122668,-0.799895,0.059288
3537,1986372523,0.221975,-0.631405,-0.048228,-0.741440,-0.029213,-0.775127,0.108935
3538,1986405857,0.213893,-0.631370,-0.041643,-0.744239,-0.052108,-0.663604,0.131699
3539,1986439191,0.204504,-0.631374,-0.035232,-0.747200,0.016821,-0.597060,-0.017006
3540,1986472525,0.193881,-0.631189,-0.029256,-0.750440,-0.108929,-0.388013,0.025490
3541,1986505859,0.182365,-0.630713,-0.023718,-0.753914,-0.105161,-0.341478,0.123492
3542,1986539193,0.170116,-0.630075,-0.017926,-0.757462,-0.087093,-0.265099,0.163658
3543,1986572527,0.157122,-0.629458,-0.011108,-0.760905,-0.125108,0.022548,0.221745
3544,1986605861,0.144099,-0.628868,-0.004115,-0.764034,-0.137470,0.184704,0.149175
3545,1986639195,0.132201,-0.628249,0.002094,-0.766699,-0.132053,0.320767,0.110442
3546,1986672529,0.121326,-0.627636,0.007901,-0.768957,-0.172444,0.210874,-0.044719
3547,1986705863,0.110777,-0.627224,0.014319,-0.770790,-0.074825,0.366400,0.129002
3548,1986739197,0.100851,-0.627166,0.021155,-0.772042,-0.097345,0.505556,0.198768
3549,1986772531,0.091948,-0.627375,0.027703,-0.772777,0.042742,0.443463,0.064364
3550,1986805865,0.084396,-0.627804,0.033644,-0.773054,0.190079,0.490130,0.197394
3551,1986839199,0.078305,-0.628286,0.038327,-0.773085,0.277872,0.375829,0.063561
3552,1986872533,0.072528,-0.628274,0.043354,-0.773393,0.603347,0.437269,0.161323
3553,1986905867,0.067808,-0.627923,0.047369,-0.773870,0.668214,0.690839,0.232276
3554,1986939201,0.065117,-0.627711,0.048673,-0.774193,0.368109,0.699328,0.179988
3555,1986972535,0.064402,-0.627426,0.047894,-0.774532,0.181418,0.462860,0.114434
3556,1987005869,0.064179,-0.627119,0.048087,-0.774787,0.039210,0.333956,0.081718
3557,1987039203,0.064626,-0.626806,0.049240,-0.774931,0.004308,0.378110,0.060821
3558,1987072537,0.066488,-0.626300,0.049757,-0.775149,0.013076,0.322922,0.161710
3559,1987105871,0.068728,-0.625563,0.050358,-0.775510,-0.000275,0.127614,0.147648
3560,1987139205,0.070864,-0.624660,0.051212,-0.775989,0.168972,-0.162514,0.113622
3561,1987172539,0.072565,-0.623849,0.052224,-0.776417,0.095827,0.048993,0.170946
3562,1987205873,0.073944,-0.623022,0.052303,-0.776946,0.032663,0.113792,0.259580
3563,1987239207,0.074930,-0.622233,0.051569,-0.777532,0.017481,-0.072881,0.099207
3564,1987272541,0.074971,-0.621570,0.051233,-0.778080,-0.016397,-0.102744,0.154799
3565,1987305875,0.074576,-0.621083,0.050832,-0.778534,-0.064447,-0.002608,0.145923
3566,1987339209,0.074263,-0.620695,0.049990,-0.778927,-0.118562,0.055327,0.073456
3567,1987372543,0.073915,-0.620584,0.049280,-0.779094,-0.127232,0.114211,0.035041
3568,1987405877,0.073812,-0.620787,0.048466,-0.778993,-0.093230,0.158294,0.061270
3569,1987439211,0.074056,-0.621297,0.047492,-0.778624,-0.062094,0.239112,0.126354
3570,1987472545,0.075120,-0.621915,0.045689,-0.778136,0.013279,0.206520,0.132312
3571,1987505879,0.076501,-0.622524,0.043961,-0.777614,0.052622,0.161288,0.188665
3572,1987539213,0.078061,-0.622995,0.042712,-0.777151,0.029717,0.162053,0.202072
3573,1987572547,0.080009,-0.623188,0.041454,-0.776866,0.026559,0.185552,0.155311
3574,1987605881,0.082356,-0.623151,0.039903,-0.776732,0.009949,0.130951,0.137825
3575,1987639215,0.084679,-0.623037,0.038628,-0.776638,-0.078087,0.010849,0.116442
3576,1987672549,0.086812,-0.622904,0.037932,-0.776543,-0.114160,0.002741,0.117438
3577,1987705883,0.089119,-0.622725,0.037286,-0.776457,-0.125517,-0.071755,0.132586
3578,1987739217,0.091052,-0.622549,0.037088,-0.776383,-0.145905,-0.092994,0.130329
3579,1987772551,0.092613,-0.622351,0.036989,-0.776362,-0.113295,-0.224842,0.133635
3580,1987805885,0.093739,-0.622278,0.036940,-0.776288,-0.126087,-0.219929,0.137991
3581,1987839219,0.094295,-0.622322,0.036675,-0.776198,-0.048214,-0.231660,0.131317
3582,1987872553,0.094190,-0.622398,0.036317,-0.776167,-0.053243,-0.250034,0.151641
3583,1987905887,0.093384,-0.622416,0.036208,-0.776255,-0.103371,-0.215520,0.130550
3584,1987939221,0.092012,-0.622369,0.036451,-0.776445,-0.089064,-0.120859,0.127354
3585,1987972555,0.090380,-0.622328,0.036809,-0.776652,-0.102817,-0.030569,0.121670
3586,1988005889,0.088777,-0.622357,0.037087,-0.776801,-0.085688,0.006251,0.100931
3587,1988039223,0.087232,-0.622535,0.037347,-0.776821,-0.079797,0.057525,0.056633
3588,1988072557,0.085838,-0.622891,0.037439,-0.776686,-0.017744,0.126831,0.088674
3589,1988105891,0.084740,-0.623370,0.037211,-0.776434,0.049065,0.175359,0.097370
3590,1988139225,0.084143,-0.623811,0.036559,-0.776175,0.046514,0.078620,0.109171
3591,1988172559,0.083668,-0.624091,0.036472,-0.776005,0.064553,0.121347,0.219861
3592,1988205893,0.083694,-0.624101,0.036144,-0.776010,0.144336,0.103891,0.141912
3593,1988239227,0.084582,-0.623833,0.035076,-0.776178,0.142185,0.051212,0.195601
3594,1988272561,0.088028,-0.623252,0.030199,-0.776466,0.199528,0.707142,0.375225
3595,1988305895,0.095580,-0.622383,0.017980,-0.776650,-0.059463,0.149911,0.020956
3596,1988339229,0.102325,-0.621599,0.006607,-0.776598,-0.149630,-0.638686,-0.064997
3597,1988372563,0.103051,-0.621274,0.004166,-0.776780,0.076974,-0.277843,0.140171
3598,1988405897,0.101308,-0.620905,0.005194,-0.777297,0.160806,0.076006,0.204072
3599,1988439231,0.100947,-0.620223,0.004446,-0.777894,0.032588,0.052225,0.186648
3600,1988472565,0.100880,-0.619467,0.003595,-0.778508,0.032408,-0.143120,0.091901
3601,1988505899,0.100031,-0.619028,0.004576,-0.778962,0.019955,-0.037780,0.102300
3602,1988539233,0.099444,-0.618804,0.005051,-0.779212,-0.209657,0.184352,0.070442
3603,1988572567,0.099912,-0.618417,0.003872,-0.779466,-0.105443,0.014467,0.117476
3604,1988605901,0.100144,-0.617948,0.003388,-0.779810,-0.092191,-0.201115,0.133110
3605,1988639235,0.099448,-0.617357,0.004777,-0.780360,-0.041700,-0.150433,0.111010
3606,1988672569,0.098347,-0.616677,0.006753,-0.781022,-0.038621,-0.070484,0.129086
3607,1988705903,0.097146,-0.616080,0.008183,-0.781630,-0.031412,-0.040585,0.154381
3608,1988739237,0.095721,-0.615592,0.009338,-0.782177,-0.063615,-0.066828,-0.009622
3609,1988772571,0.094177,-0.615275,0.010688,-0.782597,-0.132273,0.018206,-0.033106
3610,1988805905,0.092856,-0.615132,0.011767,-0.782852,-0.062875,-0.025543,-0.120550
3611,1988839239,0.091180,-0.615270,0.013602,-0.782910,-0.024425,0.003095,-0.011415
3612,1988872573,0.089158,-0.615548,0.016467,-0.782870,-0.194386,-0.057575,0.077197
3613,1988905907,0.087188,-0.615943,0.020182,-0.782694,-0.128500,-0.090394,0.277225
3614,1988939241,0.084509,-0.616367,0.025235,-0.782507,-0.039906,-0.274697,0.389028
3615,1988972575,0.080478,-0.616786,0.031281,-0.782384,0.041183,-0.231537,0.232314
3616,1989005909,0.076483,-0.617181,0.036513,-0.782246,0.060389,-0.056819,0.168769
3617,1989039243,0.073009,-0.617373,0.039858,-0.782263,0.071208,0.017112,0.133287
3618,1989072577,0.069515,-0.617351,0.042500,-0.782460,0.015564,0.033013,0.091852
3619,1989105911,0.065780,-0.617448,0.044916,-0.782572,-0.053154,0.224179,0.121594
3620,1989139245,0.062966,-0.617727,0.045805,-0.782531,-0.114590,0.242664,0.145100
3621,1989172579,0.061478,-0.618124,0.044988,-0.782384,0.134383,0.268973,0.221847
3622,1989205913,0.062044,-0.618693,0.041851,-0.782063,0.041170,0.291434,0.147301
3623,1989239247,0.066808,-0.619053,0.033665,-0.781781,0.283478,0.910582,0.356045
3624,1989272581,0.074518,-0.619280,0.021081,-0.781345,0.046130,0.148763,-0.002116
3625,1989305915,0.080659,-0.619659,0.011375,-0.780636,-0.119800,0.191927,0.014919
3626,1989339249,0.085442,-0.619764,0.003396,-0.780119,0.008768,0.273109,0.188847
3627,1989372583,0.089519,-0.619639,-0.003249,-0.779762,0.034676,-0.006480,0.106684
3628,1989405917,0.091519,-0.619460,-0.005989,-0.779655,0.049356,-0.127499,-0.015899
3629,1989439251,0.091471,-0.619133,-0.005192,-0.779926,0.065077,-0.070948,-0.028211
3630,1989472585,0.090609,-0.618811,-0.002942,-0.780294,0.006864,0.082161,0.013956
3631,1989505919,0.089303,-0.618691,0.000079,-0.780546,0.194388,0.076498,0.153886
3632,1989539253,0.088320,-0.618838,0.002932,-0.780535,0.043909,0.218425,0.136719
3633,1989572587,0.087896,-0.619133,0.005768,-0.780333,-0.015885,0.047897,0.114279
3634,1989605921,0.087060,-0.619617,0.010172,-0.779998,0.010636,0.135646,0.211768
3635,1989639255,0.086433,-0.620192,0.014448,-0.779543,-0.120749,0.165097,0.154140
3636,1989672589,0.087008,-0.620625,0.016759,-0.779088,0.041888,0.161361,0.213720
3637,1989705923,0.088357,-0.620835,0.017907,-0.778743,0.145882,-0.044364,0.243091
3638,1989739257,0.089979,-0.620879,0.018520,-0.778508,0.105122,0.052465,0.229851
3639,1989772591,0.091718,-0.620648,0.018537,-0.778489,0.073869,0.023908,0.160386
3640,1989805925,0.093471,-0.620137,0.018166,-0.778696,0.035178,-0.070324,0.115654
3641,1989839259,0.094760,-0.619558,0.018226,-0.779000,-0.091951,0.042110,0.195633
3642,1989872593,0.096006,-0.618855,0.018263,-0.779405,-0.159136,-0.118485,0.212901
3643,1989905927,0.096767,-0.617932,0.019569,-0.780011,-0.247550,-0.169511,0.177277
3644,1989939261,0.097223,-0.617028,0.022077,-0.780603,-0.355664,-0.219903,0.168208
3645,1989972595,0.097782,-0.616256,0.024180,-0.781081,-0.256469,-0.172915,0.206575
3646,1990005929,0.098179,-0.615807,0.025354,-0.781348,0.177200,-0.342666,0.281553
3647,1990039263,0.098831,-0.616256,0.024104,-0.780951,-0.022474,-0.097849,0.132719
3648,1990072597,0.100452,-0.617255,0.019330,-0.780088,-0.515861,-0.408817,-0.158078
3649,1990105931,0.098930,-0.618406,0.016816,-0.779428,-0.362311,-0.732600,-0.123594
3650,1990139265,0.094268,-0.619442,0.018017,-0.779157,-0.156040,-0.300404,-0.015232
3651,1990172599,0.088792,-0.620235,0.020143,-0.779117,0.044429,-0.075549,0.128694
3652,1990205933,0.082915,-0.620661,0.022576,-0.779359,0.200706,-0.022218,0.180745
3653,1990239267,0.076393,-0.620872,0.026054,-0.779748,-0.088051,0.154286,0.029444
3654,1990272601,0.068634,-0.620776,0.031778,-0.780335,0.164780,0.155027,0.139521
3655,1990305935,0.059453,-0.620224,0.040953,-0.781099,0.232391,0.228886,0.348301
3656,1990339269,0.051557,-0.619498,0.050360,-0.781686,-0.184597,0.607545,0.037545
3657,1990372603,0.045222,-0.617996,0.059088,-0.782656,0.551668,0.403207,0.467053
3658,1990405937,0.041440,-0.616452,0.065301,-0.783588,0.292381,0.519557,0.130589
3659,1990439271,0.040292,-0.615475,0.068484,-0.784144,-0.079919,0.512127,-0.031912
3660,1990472605,0.040123,-0.614610,0.070128,-0.784685,-0.005444,0.188296,0.065664
3661,1990505939,0.039035,-0.613820,0.073395,-0.785060,0.131176,0.044370,0.179203
3662,1990539273,0.038081,-0.613542,0.077070,-0.784972,-0.012742,0.093695,0.154371
3663,1990572607,0.038251,-0.613486,0.079330,-0.784782,-0.113102,0.013641,0.138096
3664,1990605941,0.039293,-0.613214,0.079958,-0.784880,-0.152309,-0.178938,0.121449
3665,1990639275,0.039453,-0.612333,0.080855,-0.785467,-0.057088,-0.321744,0.088268
3666,1990672609,0.037960,-0.611179,0.082878,-0.786228,0.088426,-0.330017,0.153745
3667,1990705943,0.035187,-0.609937,0.085233,-0.787070,0.201178,-0.318693,0.261600
3668,1990739277,0.032152,-0.609007,0.087345,-0.787688,0.039123,0.216631,0.199606
3669,1990772611,0.028170,-0.608144,0.089696,-0.788243,-0.080584,-0.040743,0.115147
3670,1990805945,0.024570,-0.607463,0.091198,-0.788716,-0.118321,0.023762,0.091482
3671,1990839279,0.021255,-0.607268,0.092308,-0.788833,-0.080168,0.038032,0.040295
3672,1990872613,0.018658,-0.607726,0.092960,-0.788470,-0.133946,0.278258,0.039637
3673,1990905947,0.017420,-0.608696,0.092572,-0.787795,-0.159399,0.331253,0.097319
3674,1990939281,0.016155,-0.610135,0.092759,-0.786686,-0.125061,0.498402,0.028228
3675,1990972615,0.015756,-0.611360,0.091914,-0.785841,-0.065678,0.185589,0.093709
3676,1991005949,0.016294,-0.612135,0.089965,-0.785453,0.197495,0.233837,0.266312
3677,1991039283,0.016813,-0.612738,0.087803,-0.785216,0.292875,-0.029679,0.110738
3678,1991072617,0.016576,-0.613177,0.087032,-0.784965,0.188077,0.228208,0.089630
3679,1991105951,0.016444,-0.613252,0.086002,-0.785022,0.134667,0.171792,0.088874
3680,1991139285,0.016297,-0.613619,0.085541,-0.784789,0.334582,0.199079,0.094286
3681,1991172619,0.015722,-0.614847,0.087106,-0.783666,0.148868,0.318110,0.157918
3682,1991205953,0.016534,-0.616299,0.087646,-0.782448,-0.422345,0.360818,-0.084218
3683,1991239287,0.018151,-0.617106,0.087497,-0.781792,-0.285415,0.096288,0.136943
3684,1991272621,0.019089,-0.617521,0.089390,-0.781228,-0.102886,0.060981,0.225334
3685,1991305955,0.019787,-0.618002,0.092504,-0.780468,-0.018583,0.135879,0.224972
3686,1991339289,0.021534,-0.618360,0.094232,-0.779931,-0.055349,-0.051319,0.157578
3687,1991372623,0.023209,-0.618378,0.096097,-0.779640,0.114453,-0.129123,0.175974
3688,1991405957,0.024187,-0.618695,0.098544,-0.779054,-0.174268,-0.117192,0.136411
3689,1991439291,0.025239,-0.618435,0.098592,-0.779221,-0.102151,0.150078,0.182732
3690,1991472625,0.025915,-0.617313,0.097096,-0.780275,0.194457,-0.486278,0.165149
3691,1991505959,0.024712,-0.616258,0.097646,-0.781080,-0.056032,-0.268817,0.092125
3692,1991539293,0.022933,-0.615393,0.098044,-0.781765,-0.209250,-0.137813,0.118818
3693,1991572627,0.021826,-0.614987,0.097476,-0.782188,-0.249255,-0.224831,0.072135
3694,1991605961,0.020891,-0.615175,0.097470,-0.782066,-0.335579,-0.057921,0.016642
3695,1991639295,0.020524,-0.615813,0.097693,-0.781546,-0.414038,-0.088871,0.025457
3696,1991672629,0.020500,-0.616458,0.098463,-0.780941,-0.337319,-0.084338,0.199308
3697,1991705963,0.020688,-0.616906,0.099468,-0.780455,-0.172036,-0.206456,0.205197
3698,1991739297,0.020790,-0.616809,0.100797,-0.780358,-0.148634,-0.312372,0.215656
3699,1991772631,0.020308,-0.615814,0.102391,-0.780949,-0.057440,-0.344766,0.306436
3700,1991805965,0.018662,-0.614110,0.105017,-0.781983,-0.008816,-0.348863,0.384085
3701,1991839299,0.015741,-0.612295,0.108487,-0.782996,-0.103697,-0.104925,0.333935
3702,1991872633,0.012658,-0.610644,0.110959,-0.783994,-0.087618,0.051397,0.247143
3703,1991905967,0.009981,-0.609257,0.111220,-0.785074,-0.142784,0.078374,0.166968
3704,1991939301,0.008155,-0.608097,0.108363,-0.786393,-0.223434,-0.532356,-0.047528
3705,1991972635,0.003378,-0.607520,0.111303,-0.786463,0.269794,0.493629,0.071521
3706,1992005969,0.000427,-0.607896,0.111228,-0.786190,0.100468,0.481872,0.050561
3707,1992039303,0.000295,-0.609207,0.107679,-0.785670,-0.006559,0.234570,-0.023563
3708,1992072637,0.001366,-0.610714,0.103753,-0.785027,-0.081061,0.600800,-0.021485
3709,1992105971,0.003888,-0.612204,0.098742,-0.784504,-0.171738,0.468441,-0.091547
3710,1992139305,0.006857,-0.613826,0.095491,-0.783617,-0.304864,0.232938,-0.081277
3711,1992172639,0.010240,-0.615790,0.094127,-0.782203,-0.341776,0.607374,-0.063334
3712,1992205973,0.016025,-0.617652,0.089811,-0.781146,-0.154866,-0.011101,0.161766
3713,1992239307,0.021449,-0.619033,0.086791,-0.780263,-0.032460,-0.294721,0.367208
3714,1992272641,0.025151,-0.619967,0.086916,-0.779397,0.240858,-0.313161,0.402073
3715,1992305975,0.027865,-0.620415,0.087796,-0.778848,0.220647,-0.375831,0.342811
3716,1992339309,0.029417,-0.620255,0.088706,-0.778816,0.082960,-0.383495,0.185287
3717,1992372643,0.029533,-0.619553,0.089547,-0.779274,0.026637,-0.341696,0.169625
3718,1992405977,0.028305,-0.618798,0.090495,-0.779809,-0.062199,-0.119862,0.105712
3719,1992439311,0.027136,-0.618473,0.090542,-0.780104,-0.115931,0.031437,-0.072339
3720,1992472645,0.026777,-0.618739,0.089478,-0.780028,-0.067388,0.088321,-0.053829
3721,1992505979,0.026777,-0.619601,0.087828,-0.779531,0.055157,0.114839,0.028631
3722,1992539313,0.026973,-0.620925,0.085481,-0.778731,0.336513,0.168808,0.125386
3723,1992572647,0.027391,-0.622598,0.082329,-0.777720,0.339198,0.144080,0.165483
3724,1992605981,0.028177,-0.624315,0.078241,-0.776737,0.323182,0.361315,0.117941
3725,1992639315,0.030466,-0.625957,0.072434,-0.775892,0.359784,0.410925,0.075285
3726,1992672649,0.033817,-0.627426,0.066209,-0.775122,0.252618,0.393734,0.088587
3727,1992705983,0.037586,-0.628567,0.061173,-0.774437,0.131547,0.452888,0.096419
3728,1992739317,0.042047,-0.629276,0.057099,-0.773943,0.153362,0.591219,0.136035
3729,1992772651,0.047065,-0.629564,0.054178,-0.773630,0.009768,0.384006,0.146821
3730,1992805985,0.052158,-0.629418,0.052979,-0.773505,0.041338,0.358315,0.153770
3731,1992839319,0.057580,-0.628941,0.052683,-0.773529,0.017326,0.114112,0.196971
3732,1992872653,0.062459,-0.628048,0.054008,-0.773784,0.075739,0.044380,0.191958
3733,1992905987,0.066293,-0.626786,0.056561,-0.774306,0.035975,-0.179641,0.157099
3734,1992939321,0.068532,-0.625356,0.060401,-0.774977,0.097923,-0.005459,0.205605
3735,1992972655,0.070149,-0.624111,0.063606,-0.775579,0.004941,-0.150074,0.032063
3736,1993005989,0.071456,-0.623371,0.065442,-0.775902,-0.083280,-0.051743,-0.059550
3737,1993039323,0.072541,-0.623112,0.065361,-0.776016,-0.044285,-0.080173,-0.028721
3738,1993072657,0.073210,-0.623363,0.064120,-0.775855,-0.087480,-0.066244,0.031472
3739,1993105991,0.073234,-0.623964,0.062724,-0.775484,-0.045425,-0.034222,0.068302
3740,1993139325,0.072947,-0.624748,0.061440,-0.774983,-0.017089,0.062957,0.208168
3741,1993172659,0.073111,-0.625511,0.059913,-0.774472,0.055396,0.029552,0.250182
3742,1993205993,0.073203,-0.626000,0.059091,-0.774130,0.064952,-0.011075,0.274192
3743,1993239327,0.072947,-0.626104,0.059459,-0.774042,0.141056,0.073919,0.205272
3744,1993272661,0.072806,-0.625865,0.060271,-0.774186,0.103736,0.059056,0.173534
3745,1993305995,0.072790,-0.625410,0.061285,-0.774475,0.085097,0.068007,0.145770
3746,1993339329,0.073046,-0.624899,0.062205,-0.774790,0.009927,0.036050,0.121881
3747,1993372663,0.073525,-0.624412,0.063162,-0.775061,-0.066486,-0.035940,0.092728
3748,1993405997,0.074085,-0.624059,0.064204,-0.775206,-0.074466,-0.062533,0.140244
3749,1993439331,0.074717,-0.623887,0.065036,-0.775215,-0.070532,-0.154735,0.122110
3750,1993472665,0.074915,-0.623855,0.066054,-0.775135,0.016234,-0.196388,0.122684
3751,1993505999,0.074914,-0.623891,0.066754,-0.775046,0.040757,-0.236602,0.155903
3752,1993539333,0.074496,-0.623924,0.067268,-0.775016,0.077440,-0.256402,0.123310
3753,1993572667,0.073554,-0.623882,0.067592,-0.775111,0.021012,-0.224331,0.174574
3754,1993606001,0.072086,-0.623758,0.067979,-0.775315,0.009401,-0.209013,0.128282
3755,1993639335,0.070275,-0.623632,0.068498,-0.775536,-0.036675,-0.095187,0.163441
3756,1993672669,0.068556,-0.623574,0.068900,-0.775702,-0.055856,-0.077676,0.117347
3757,1993706003,0.066594,-0.623540,0.069789,-0.775820,-0.001187,-0.059476,0.088744
3758,1993739337,0.064157,-0.623415,0.071487,-0.775971,0.263412,0.122010,0.188910
3759,1993772671,0.062417,-0.623573,0.072079,-0.775932,0.000426,0.134478,0.174176
3760,1993806005,0.062191,-0.623838,0.070230,-0.775906,-0.169193,0.148560,0.006633
3761,1993839339,0.062262,-0.623951,0.068023,-0.776007,0.022692,-0.013409,0.173648
3762,1993872673,0.061833,-0.624012,0.066970,-0.776083,0.038567,0.023823,0.112386
3763,1993906007,0.060179,-0.624166,0.066349,-0.776142,-0.155920,-0.271913,0.034072
3764,1993939341,0.058278,-0.623869,0.068297,-0.776358,0.497373,-0.574076,0.439699
3765,1993972675,0.057229,-0.623166,0.069733,-0.776873,0.223607,0.022684,0.160187
3766,1994006009,0.056539,-0.622578,0.070501,-0.777325,-0.011317,0.088438,0.036075
3767,1994039343,0.055394,-0.622078,0.072042,-0.777666,0.031094,0.038388,0.159812
3768,1994072677,0.054206,-0.621648,0.074101,-0.777901,-0.041700,0.080922,0.156667
3769,1994106011,0.053369,-0.621451,0.075954,-0.777937,-0.052038,0.064059,0.128648
3770,1994139345,0.052938,-0.621660,0.077314,-0.777665,-0.056493,0.077969,0.077331
3771,1994172679,0.052772,-0.622297,0.078112,-0.777088,-0.061114,0.043734,0.052063
3772,1994206013,0.052489,-0.623155,0.078772,-0.776352,-0.016663,0.030514,0.028527
3773,1994239347,0.052059,-0.624163,0.079373,-0.775510,-0.026898,0.055017,0.133879
3774,1994272681,0.051612,-0.625253,0.079471,-0.774651,0.050101,0.094395,0.104220
3775,1994306015,0.051588,-0.626409,0.078965,-0.773770,0.008403,0.044155,0.104263
3776,1994339349,0.051425,-0.627657,0.079019,-0.772763,-0.060272,0.075264,0.054551
3777,1994372683,0.051516,-0.628863,0.079395,-0.771737,-0.035280,0.241372,0.137345
3778,1994406017,0.051870,-0.629957,0.079783,-0.770780,0.022566,0.304663,0.169481
3779,1994439351,0.052636,-0.630967,0.080074,-0.769872,-0.032288,0.086876,0.123817
3780,1994472685,0.053101,-0.631623,0.080936,-0.769212,0.077952,-0.075925,0.165755
3781,1994506019,0.053035,-0.631944,0.082360,-0.768802,0.078252,-0.091159,0.275015
3782,1994539353,0.052170,-0.632007,0.084289,-0.768599,0.183295,-0.102600,0.309973
3783,1994572687,0.051346,-0.632050,0.086494,-0.768375,0.008709,-0.004083,0.154503
3784,1994606021,0.050897,-0.631898,0.088171,-0.768339,-0.056928,0.097580,0.149682
3785,1994639355,0.050857,-0.631580,0.088881,-0.768521,-0.116718,0.005890,0.136143
3786,1994672689,0.050143,-0.631385,0.089978,-0.768601,-0.208069,-0.083244,0.019893
3787,1994706023,0.049041,-0.631246,0.091081,-0.768656,0.030016,0.074523,0.177745
3788,1994739357,0.047872,-0.631416,0.091996,-0.768481,-0.035567,-0.019203,0.126043
3789,1994772691,0.046903,-0.631751,0.092037,-0.768261,0.010856,-0.021611,0.171532
3790,1994806025,0.045963,-0.632133,0.091443,-0.768074,0.047823,-0.071464,0.142186
3791,1994839359,0.044279,-0.632414,0.091481,-0.767938,0.091649,0.067393,0.125008
3792,1994872693,0.041428,-0.632242,0.093515,-0.767993,0.301972,0.225536,0.201650
3793,1994906027,0.039687,-0.632028,0.094399,-0.768153,0.252915,0.363242,0.159200
3794,1994939361,0.039619,-0.631983,0.093196,-0.768341,0.050560,0.226399,0.181882
3795,1994972695,0.039843,-0.632016,0.092222,-0.768419,0.055757,0.219180,0.089015
3796,1995006029,0.040133,-0.632125,0.091986,-0.768342,0.065734,0.222685,0.117685
3797,1995039363,0.040937,-0.632257,0.091809,-0.768212,0.122110,0.194025,0.123942
3798,1995072697,0.042461,-0.632367,0.091141,-0.768119,0.082834,0.058535,0.126258
3799,1995106031,0.043948,-0.632362,0.091073,-0.768047,0.090629,0.048795,0.166857
3800,1995139365,0.045413,-0.632305,0.091135,-0.768002,0.101816,0.035694,0.180265
3801,1995172699,0.047135,-0.632198,0.090714,-0.768037,0.063183,-0.032937,0.137338
3802,1995206033,0.048431,-0.631992,0.090549,-0.768145,0.054500,-0.110454,0.114264
3803,1995239367,0.049383,-0.631807,0.090533,-0.768238,0.021280,-0.069747,0.126943
3804,1995272701,0.050248,-0.631654,0.090256,-0.768340,0.021003,-0.099180,0.160321
3805,1995306035,0.051006,-0.631534,0.089820,-0.768440,0.032705,-0.118521,0.155104
3806,1995339369,0.051346,-0.631395,0.089515,-0.768567,0.019754,-0.143375,0.178078
3807,1995372703,0.051333,-0.631237,0.089285,-0.768724,0.036150,-0.073326,0.170089
3808,1995406037,0.051275,-0.631096,0.088980,-0.768880,0.048233,-0.065598,0.125702
3809,1995439371,0.051182,-0.630947,0.088671,-0.769044,0.011320,-0.045942,0.112033
3810,1995472705,0.051014,-0.630802,0.088391,-0.769206,-0.003540,0.026935,0.129286
3811,1995506039,0.050923,-0.630678,0.088017,-0.769357,0.011493,0.023785,0.096539
3812,1995539373,0.050888,-0.630630,0.087948,-0.769406,-0.034448,0.004245,0.092610
3813,1995572707,0.050854,-0.630681,0.088122,-0.769347,-0.010549,0.059018,0.182030
3814,1995606041,0.051244,-0.630911,0.087817,-0.769167,0.011300,-0.001108,0.171128
3815,1995639375,0.051412,-0.631152,0.087778,-0.768962,0.044826,-0.045513,0.186695
3816,1995672709,0.051571,-0.631336,0.087618,-0.768819,0.036390,-0.043337,0.272663
3817,1995706043,0.051571,-0.631378,0.087376,-0.768812,0.027609,-0.060127,0.205728
3818,1995739377,0.051381,-0.631411,0.087138,-0.768825,-0.003566,-0.036390,0.158084
3819,1995772711,0.051055,-0.631481,0.086857,-0.768821,0.005559,-0.028488,0.102088
3820,1995806045,0.050697,-0.631672,0.086387,-0.768741,0.007803,0.023778,0.082263
3821,1995839379,0.050304,-0.631919,0.085758,-0.768634,0.044739,0.034699,0.092750
3822,1995872713,0.049675,-0.632153,0.085316,-0.768531,0.095790,0.069921,0.113214
3823,1995906047,0.049134,-0.632290,0.084810,-0.768510,0.144929,0.082188,0.097651
3824,1995939381,0.048491,-0.632153,0.084838,-0.768660,0.135695,0.073514,0.097756
3825,1995972715,0.047759,-0.631687,0.085544,-0.769011,0.149158,0.085739,0.068512
3826,1996006049,0.046958,-0.630946,0.087014,-0.769503,0.035018,0.053634,0.132856
3827,1996039383,0.046140,-0.630029,0.089161,-0.770058,0.033866,0.057640,0.110821
3828,1996072717,0.045760,-0.629302,0.090848,-0.770478,-0.023209,0.040809,0.124057
3829,1996106051,0.045372,-0.628935,0.091764,-0.770692,-0.120133,0.065537,0.134961
3830,1996139385,0.045091,-0.628696,0.091928,-0.770884,0.066875,0.043214,0.134183
3831,1996172719,0.044805,-0.628634,0.091843,-0.770961,0.017095,-0.010945,0.089354
3832,1996206053,0.044533,-0.628685,0.091937,-0.770924,-0.028126,0.025013,0.140787
3833,1996239387,0.044533,-0.628911,0.091716,-0.770766,0.008231,0.046410,0.113160
3834,1996272721,0.044519,-0.629325,0.091547,-0.770449,-0.004797,0.028002,0.090934
3835,1996306055,0.044386,-0.629703,0.091760,-0.770122,0.024501,-0.001782,0.121670
3836,1996339389,0.044287,-0.629979,0.092099,-0.769862,0.123400,-0.011228,0.169065
3837,1996372723,0.044018,-0.630092,0.092581,-0.769727,0.081479,-0.072935,0.181046
3838,1996406057,0.043227,-0.629948,0.093696,-0.769755,0.113958,-0.047482,0.115002
3839,1996439391,0.042491,-0.629773,0.094512,-0.769839,0.066655,-0.013015,0.217154
3840,1996472725,0.041574,-0.629615,0.095273,-0.769925,0.038230,-0.026233,0.140744
3841,1996506059,0.040630,-0.629505,0.096057,-0.769968,0.037537,0.045431,0.138477
3842,1996539393,0.039857,-0.629448,0.096684,-0.769976,0.058477,0.063927,0.097114
3843,1996572727,0.039307,-0.629523,0.097061,-0.769896,0.029651,0.085828,0.106465
3844,1996606061,0.038969,-0.629764,0.097116,-0.769709,-0.020120,0.117136,0.152518
3845,1996639395,0.039086,-0.630294,0.096607,-0.769333,0.047280,0.163390,0.130829
3846,1996672729,0.040008,-0.631245,0.095012,-0.768704,0.102390,0.179836,0.105108
3847,1996706063,0.041426,-0.632342,0.092756,-0.768003,0.148897,0.116486,0.161071
3848,1996739397,0.042695,-0.633350,0.090600,-0.767360,0.240556,0.188478,0.156071
3849,1996772731,0.044466,-0.634422,0.087697,-0.766710,0.274815,0.265882,0.169317
3850,1996806065,0.046903,-0.635472,0.084016,-0.766108,0.236488,0.247252,0.071730
3851,1996839399,0.049582,-0.636181,0.081064,-0.765668,0.095743,0.207225,0.043846
3852,1996872733,0.052594,-0.636781,0.078998,-0.765185,0.082679,0.311802,0.165492
3853,1996906067,0.056521,-0.637557,0.076373,-0.764525,-0.064936,0.187857,0.158367
3854,1996939401,0.060709,-0.638568,0.073906,-0.763602,-0.127651,0.046587,0.189794
3855,1996972735,0.065276,-0.639916,0.071047,-0.762367,-0.080979,0.067703,0.160824
3856,1997006069,0.070702,-0.641689,0.066595,-0.760793,0.037834,-0.051277,0.129468
3857,1997039403,0.075966,-0.643581,0.061516,-0.759113,0.130500,-0.128598,0.109061
3858,1997072737,0.080587,-0.645272,0.056515,-0.757589,0.189768,-0.127915,0.104993
3859,1997106071,0.084662,-0.646563,0.051850,-0.756376,0.174360,-0.110683,0.174562
3860,1997139405,0.088111,-0.647433,0.048114,-0.755484,0.107712,-0.052489,0.261032
3861,1997172739,0.091361,-0.647883,0.045107,-0.754898,0.055787,-0.023156,0.340909
3862,1997206073,0.094502,-0.647964,0.042899,-0.754571,0.024640,-0.031377,0.204123
3863,1997239407,0.097595,-0.647813,0.041262,-0.754398,0.002271,-0.023247,0.127730
3864,1997272741,0.100414,-0.647576,0.039969,-0.754300,-0.035129,-0.053069,0.159408
3865,1997306075,0.103003,-0.647390,0.038787,-0.754172,-0.037156,-0.027169,0.084517
3866,1997339409,0.105656,-0.647357,0.036967,-0.753926,-0.005797,-0.061032,0.104681
3867,1997372743,0.107833,-0.647419,0.035349,-0.753642,-0.083858,-0.112533,0.066708
3868,1997406077,0.110055,-0.647633,0.033918,-0.753202,-0.009439,-0.018003,0.079657
3869,1997439411,0.113115,-0.648013,0.031450,-0.752528,-0.005331,-0.072753,0.103765
3870,1997472745,0.116117,-0.648465,0.029025,-0.751779,0.001391,-0.159345,0.154044
3871,1997506079,0.118720,-0.648869,0.027106,-0.751096,0.046361,-0.148848,0.193886
3872,1997539413,0.121189,-0.649170,0.025308,-0.750503,0.136771,-0.126615,0.199376
3873,1997572747,0.123439,-0.649359,0.023544,-0.750031,0.117643,-0.148856,0.147920
3874,1997606081,0.125322,-0.649430,0.022161,-0.749699,0.108135,-0.145761,0.139126
3875,1997639415,0.126949,-0.649419,0.020953,-0.749469,0.082620,-0.134251,0.180988
3876,1997672749,0.128112,-0.649307,0.020169,-0.749390,-0.040148,-0.189453,0.158142
3877,1997706083,0.128731,-0.649203,0.020309,-0.749371,-0.112982,-0.148677,0.158734
3878,1997739417,0.129722,-0.649343,0.020201,-0.749081,-0.105375,-0.106381,0.047288
3879,1997772751,0.130858,-0.649805,0.019675,-0.748497,-0.130198,-0.184229,-0.007560
3880,1997806085,0.131473,-0.650674,0.019148,-0.747647,-0.034071,-0.139323,0.084393
3881,1997839419,0.132221,-0.651855,0.017548,-0.746525,0.085771,-0.081010,0.193457
3882,1997872753,0.133027,-0.653062,0.015210,-0.745378,0.164688,-0.148255,0.221968
3883,1997906087,0.133474,-0.654104,0.013354,-0.744419,0.236122,-0.038620,0.221578
3884,1997939421,0.134356,-0.654925,0.011171,-0.743574,0.300000,0.087725,0.191089
3885,1997972755,0.135578,-0.655515,0.008691,-0.742864,0.268240,0.092818,0.174636
3886,1998006089,0.136686,-0.655831,0.006510,-0.742404,0.201695,0.164575,0.261577
3887,1998039423,0.137898,-0.655885,0.004636,-0.742146,0.138450,0.187533,0.286452
3888,1998072757,0.139571,-0.655761,0.003209,-0.741951,0.073680,0.184817,0.213058
3889,1998106091,0.141971,-0.655500,0.001945,-0.741731,0.024179,0.126474,0.145906
3890,1998139425,0.144528,-0.655213,0.001117,-0.741493,-0.071002,0.015692,0.156163
3891,1998172759,0.147093,-0.655149,0.000395,-0.741045,-0.131069,-0.044428,0.236858
3892,1998206093,0.149636,-0.655340,-0.000725,-0.740367,-0.110730,-0.140112,0.188082
3893,1998239427,0.152177,-0.655843,-0.002474,-0.739399,0.047298,-0.198866,0.047472
3894,1998272761,0.154650,-0.656487,-0.005077,-0.738300,0.130477,-0.209768,0.095259
3895,1998306095,0.156557,-0.657022,-0.007979,-0.737396,0.175850,-0.289101,0.103195
3896,1998339429,0.157297,-0.657384,-0.010033,-0.736890,0.204302,-0.233799,0.179931
3897,1998372763,0.157548,-0.657556,-0.011819,-0.736657,0.183858,-0.095924,0.188904
3898,1998406097,0.157823,-0.657558,-0.013577,-0.736566,0.144747,-0.047783,0.102568
3899,1998439431,0.158044,-0.657477,-0.014997,-0.736564,0.068201,0.060217,0.138802
3900,1998472765,0.158468,-0.657376,-0.016315,-0.736534,0.047690,0.115829,0.128929
3901,1998506099,0.159272,-0.657253,-0.017447,-0.736445,0.033987,0.122802,0.111489
3902,1998539433,0.160359,-0.657142,-0.018189,-0.736290,-0.040644,0.084535,0.202977
3903,1998572767,0.161549,-0.657020,-0.018344,-0.736135,-0.003882,0.023774,0.199316
3904,1998606101,0.162970,-0.656947,-0.018241,-0.735889,0.034315,-0.042807,0.164809
3905,1998639435,0.164439,-0.656939,-0.017850,-0.735579,0.055617,-0.137921,0.082595
3906,1998672769,0.165823,-0.657036,-0.017471,-0.735191,0.113231,-0.133471,0.083719
3907,1998706103,0.167166,-0.657192,-0.017901,-0.734737,0.121880,-0.190050,0.088529
3908,1998739437,0.167864,-0.657336,-0.018599,-0.734431,0.105428,-0.229669,0.168121
3909,1998772771,0.168153,-0.657486,-0.019426,-0.734210,0.102151,-0.110944,0.140312
3910,1998806105,0.168481,-0.657518,-0.020498,-0.734077,0.099407,-0.159796,0.140772
3911,1998839439,0.168481,-0.657506,-0.021033,-0.734073,0.050785,-0.067582,0.160351
3912,1998872773,0.168410,-0.657463,-0.021331,-0.734118,0.004750,-0.034614,0.163824
3913,1998906107,0.168466,-0.657458,-0.021441,-0.734107,0.017888,-0.029571,0.146187
3914,1998939441,0.168655,-0.657519,-0.021623,-0.734003,0.026850,-0.043264,0.227142
3915,1998972775,0.168845,-0.657566,-0.021762,-0.733914,0.093764,-0.069194,0.169353
3916,1999006109,0.168820,-0.657522,-0.021626,-0.733963,0.127045,-0.097260,0.160083
3917,1999039443,0.168570,-0.657402,-0.021273,-0.734138,0.122440,-0.069209,0.132712
3918,1999072777,0.168220,-0.657224,-0.020879,-0.734389,0.079236,-0.146063,0.117693
3919,1999106111,0.167513,-0.657043,-0.020130,-0.734733,0.034290,-0.095475,0.160712
3920,1999139445,0.166731,-0.656906,-0.019360,-0.735054,0.010736,-0.093805,0.137011
3921,1999172779,0.165818,-0.656869,-0.018453,-0.735318,-0.002019,-0.109323,0.110908
3922,1999206113,0.164814,-0.656948,-0.017574,-0.735494,-0.003041,-0.086776,0.112073
3923,1999239447,0.163749,-0.657122,-0.016784,-0.735595,0.037281,-0.097923,0.131416
3924,1999272781,0.162392,-0.657363,-0.015813,-0.735702,0.042583,-0.075166,0.133377
3925,1999306115,0.161037,-0.657660,-0.014917,-0.735753,0.066050,-0.029923,0.144086
3926,1999339449,0.159806,-0.657987,-0.014262,-0.735742,0.114800,-0.015484,0.183135
3927,1999372783,0.158545,-0.658285,-0.013617,-0.735761,0.145246,0.003045,0.136227
3928,1999406117,0.157252,-0.658441,-0.013049,-0.735909,0.141758,0.004209,0.242132
3929,1999439451,0.155681,-0.658461,-0.011996,-0.736242,0.133149,0.014298,0.147337
3930,1999472785,0.154545,-0.658476,-0.011148,-0.736482,0.110488,0.099251,0.202040
3931,1999506119,0.153855,-0.658461,-0.010655,-0.736647,0.064871,-0.002223,0.105782
3932,1999539453,0.153204,-0.658519,-0.010222,-0.736737,0.100600,0.046621,0.130865
3933,1999572787,0.152537,-0.658558,-0.009835,-0.736846,0.050321,-0.029539,0.091531
3934,1999606121,0.151669,-0.658643,-0.008898,-0.736961,0.086393,0.043162,0.194564
3935,1999639455,0.151231,-0.658675,-0.008159,-0.737031,0.101462,-0.017062,0.124019
3936,1999672789,0.150787,-0.658679,-0.007228,-0.737128,0.127724,-0.058091,0.160584
3937,1999706123,0.150244,-0.658657,-0.006441,-0.737266,0.132375,-0.035549,0.155598
3938,1999739457,0.149579,-0.658581,-0.005816,-0.737474,0.121457,-0.084915,0.143690
3939,1999772791,0.148740,-0.658487,-0.005077,-0.737733,0.100311,-0.051455,0.160590
3940,1999806125,0.148062,-0.658378,-0.004604,-0.737969,0.073869,-0.062847,0.170056
3941,1999839459,0.147279,-0.658317,-0.003808,-0.738186,0.025598,-0.037433,0.123183
3942,1999872793,0.146699,-0.658341,-0.003323,-0.738282,0.045047,-0.039440,0.137761
3943,1999906127,0.146132,-0.658476,-0.002909,-0.738276,-0.002026,-0.087987,0.099044
3944,1999939461,0.145425,-0.658680,-0.002389,-0.738235,0.070961,-0.029611,0.162796
3945,1999972795,0.144712,-0.658842,-0.001954,-0.738232,0.068369,-0.090914,0.173560
3946,2000006129,0.143650,-0.659009,-0.000935,-0.738293,0.095365,-0.068652,0.128529
3947,2000039463,0.142731,-0.659193,-0.000198,-0.738307,0.125440,-0.009770,0.166000
3948,2000072797,0.141966,-0.659318,0.000129,-0.738343,0.127540,-0.064287,0.125095
3949,2000106131,0.140903,-0.659404,0.000806,-0.738469,0.069468,-0.011771,0.239379
3950,2000139465,0.139925,-0.659406,0.001445,-0.738652,0.062629,0.007130,0.151826
3951,2000172799,0.139307,-0.659469,0.001850,-0.738712,0.063813,0.036112,0.093678
3952,2000206133,0.138943,-0.659583,0.001939,-0.738678,0.052035,0.008328,0.142883
3953,2000239467,0.138583,-0.659651,0.002125,-0.738685,0.079826,-0.023597,0.182530
3954,2000272801,0.138138,-0.659667,0.002619,-0.738752,0.071100,-0.029424,0.265168
3955,2000306135,0.138036,-0.659669,0.002731,-0.738769,0.135126,-0.019448,0.313293
3956,2000339469,0.137970,-0.659628,0.002692,-0.738818,0.046782,-0.165682,0.361814
3957,2000372803,0.137585,-0.659589,0.002877,-0.738924,0.176057,0.012563,0.190362
3958,2000406137,0.138217,-0.659362,0.000866,-0.739014,0.249307,0.101880,-0.032221
3959,2000439471,0.138237,-0.658753,-0.001126,-0.739553,0.112659,-0.201611,0.105276
3960,2000472805,0.136071,-0.657781,-0.000176,-0.740819,0.116684,0.070669,0.198164
3961,2000506139,0.134360,-0.656471,0.000901,-0.742292,0.039926,0.060421,0.041219
3962,2000539473,0.132762,-0.655171,0.003137,-0.743721,-0.050676,-0.070223,0.075377
3963,2000572807,0.131211,-0.653927,0.006220,-0.745070,-0.036237,0.087085,0.209435
3964,2000606141,0.130502,-0.652756,0.008625,-0.746197,-0.068939,-0.059464,0.097340
3965,2000639475,0.129893,-0.651572,0.011217,-0.747303,-0.057814,-0.105365,0.187914
3966,2000672809,0.128420,-0.650215,0.015141,-0.748668,-0.146383,-0.299822,0.061893
3967,2000706143,0.126862,-0.649060,0.019296,-0.749840,-0.092902,-0.164444,0.092680
3968,2000739477,0.125669,-0.648370,0.021847,-0.750567,-0.121693,-0.299627,0.132526
3969,2000772811,0.123680,-0.648106,0.023886,-0.751063,-0.021643,-0.317144,0.114042
3970,2000806145,0.121087,-0.648017,0.025574,-0.751507,0.074960,-0.271984,0.132037
3971,2000839479,0.118052,-0.647966,0.026907,-0.751987,0.149591,-0.223303,0.202175
3972,2000872813,0.114910,-0.647900,0.027699,-0.752501,0.168609,-0.133267,0.152363
3973,2000906147,0.110991,-0.647618,0.029057,-0.753281,0.118651,-0.111189,0.156260
3974,2000939481,0.106384,-0.647197,0.031382,-0.754214,0.049249,0.070186,0.206766
3975,2000972815,0.102192,-0.646753,0.033831,-0.755068,0.003937,0.168275,0.159366
3976,2001006149,0.098551,-0.646345,0.036463,-0.755779,-0.014627,0.141866,0.125178
3977,2001039483,0.095175,-0.645945,0.039568,-0.756397,0.006210,0.143988,0.111280
3978,2001072817,0.092038,-0.645623,0.042861,-0.756880,0.028611,0.147636,0.122550
3979,2001106151,0.089354,-0.645476,0.045656,-0.757163,0.056029,0.075995,0.141338
3980,2001139485,0.086769,-0.645394,0.048376,-0.757365,0.078372,-0.016704,0.155970
3981,2001172819,0.084164,-0.645285,0.051177,-0.757568,0.166237,-0.021289,0.166658
3982,2001206153,0.081558,-0.645062,0.053844,-0.757858,0.160142,-0.068489,0.168319
3983,2001239487,0.078582,-0.644674,0.056663,-0.758297,0.173671,-0.061527,0.126055
3984,2001272821,0.075487,-0.644203,0.059223,-0.758816,0.145387,-0.039036,0.124155
3985,2001306155,0.072379,-0.643802,0.061458,-0.759281,0.121882,0.023184,0.116768
3986,2001339489,0.069520,-0.643564,0.063188,-0.759608,0.090572,0.072541,0.154842
3987,2001372823,0.066894,-0.643435,0.064638,-0.759831,0.119035,0.131590,0.143805
3988,2001406157,0.064508,-0.643389,0.066022,-0.759957,0.157752,0.169801,0.187366
3989,2001439491,0.062400,-0.643282,0.067460,-0.760098,0.193235,0.175778,0.172328
3990,2001472825,0.060722,-0.643146,0.068658,-0.760242,0.218261,0.170649,0.167997
3991,2001506159,0.059166,-0.642922,0.069805,-0.760449,0.226029,0.145237,0.243081
3992,2001539493,0.057923,-0.642679,0.070607,-0.760676,0.260117,0.187826,0.192125
3993,2001572827,0.057131,-0.642355,0.071063,-0.760967,0.221766,0.109233,0.191507
3994,2001606161,0.056517,-0.641867,0.071710,-0.761364,0.202792,0.107093,0.152334
3995,2001639495,0.056023,-0.641228,0.072545,-0.761860,0.167126,0.080506,0.192024
3996,2001672829,0.055716,-0.640557,0.073355,-0.762369,0.096986,0.023882,0.204524
3997,2001706163,0.055480,-0.639908,0.074248,-0.762844,0.083266,-0.022889,0.173872
3998,2001739497,0.055290,-0.639365,0.074941,-0.763245,0.054697,-0.043041,0.188003
3999,2001772831,0.055044,-0.639017,0.075061,-0.763543,0.039157,-0.091529,0.136539
4000,2001806165,0.054398,-0.638830,0.075062,-0.763746,-0.003560,-0.114646,0.099322
4001,2001839499,0.053199,-0.638665,0.075570,-0.763918,-0.195836,-0.184862,0.302578
4002,2001872833,0.051577,-0.638525,0.076980,-0.764005,-0.120052,-0.098490,0.096338
4003,2001906167,0.050431,-0.638724,0.078011,-0.763811,-0.086698,-0.115983,-0.060188
4004,2001939501,0.048905,-0.639162,0.078938,-0.763449,0.030919,-0.186402,-0.086124
4005,2001972835,0.046442,-0.639672,0.079777,-0.763088,0.197153,-0.077199,-0.083485
4006,2002006169,0.043258,-0.640145,0.080179,-0.762836,0.204671,0.003649,0.064982
4007,2002039503,0.039539,-0.640407,0.080540,-0.762780,0.259708,0.113308,0.181329
4008,2002072837,0.036235,-0.640343,0.080938,-0.762955,0.208637,0.240718,0.258337
4009,2002106171,0.033662,-0.639949,0.081750,-0.763317,0.166209,0.338625,0.194827
4010,2002139505,0.032018,-0.639416,0.082706,-0.763732,0.105214,0.370783,0.297821
4011,2002172839,0.031112,-0.638723,0.083892,-0.764219,0.067167,0.293934,0.206343
4012,2002206173,0.030800,-0.637782,0.085830,-0.764802,0.100408,0.167761,0.101632
4013,2002239507,0.030991,-0.636604,0.088352,-0.765489,0.044775,0.018522,0.092231
4014,2002272841,0.031127,-0.635273,0.091427,-0.766227,-0.008389,-0.112134,0.088651
4015,2002306175,0.031010,-0.634122,0.094309,-0.766836,-0.018045,-0.221501,0.074396
4016,2002339509,0.030681,-0.633340,0.096451,-0.767229,-0.037567,-0.338691,0.062278
4017,2002372843,0.029683,-0.632700,0.098445,-0.767544,-0.111515,-0.418213,0.128002
4018,2002406177,0.027599,-0.632137,0.100840,-0.767774,-0.104316,-0.354031,0.161022
4019,2002439511,0.025018,-0.631773,0.102961,-0.767881,-0.112921,-0.286619,0.110215
4020,2002472845,0.021885,-0.631591,0.104973,-0.767853,-0.151165,-0.251407,0.098806
4021,2002506179,0.018222,-0.631676,0.106687,-0.767643,-0.061287,-0.045789,0.154387
4022,2002539513,0.014559,-0.632037,0.107303,-0.767339,-0.001314,0.003759,0.120320
4023,2002572847,0.010514,-0.632388,0.107842,-0.767039,0.056338,0.029578,0.171239
4024,2002606181,0.006216,-0.632374,0.109079,-0.766923,0.084103,0.069243,0.236096
4025,2002639515,0.002656,-0.631975,0.110438,-0.767078,0.103491,0.075159,0.342543
4026,2002672849,-0.000323,-0.631287,0.112048,-0.767415,0.036829,-0.063444,0.376117
4027,2002706183,-0.003618,-0.630091,0.114797,-0.767984,0.003073,-0.190405,0.291365
4028,2002739517,-0.007731,-0.628251,0.118946,-0.768829,-0.110163,-0.287203,0.216812
4029,2002772851,-0.013052,-0.625837,0.124564,-0.769835,-0.187078,-0.284217,0.141423
4030,2002806185,-0.019138,-0.623350,0.130598,-0.770725,-0.241303,-0.192506,-0.012734
4031,2002839519,-0.025788,-0.621206,0.136097,-0.771311,-0.307895,-0.205309,0.019508
4032,2002872853,-0.033341,-0.619564,0.141272,-0.771411,-0.280602,-0.118096,0.104770
4033,2002906187,-0.041069,-0.618587,0.145236,-0.771086,-0.161162,0.008854,0.156391
4034,2002939521,-0.048473,-0.618364,0.147614,-0.770383,-0.029142,0.056566,0.076909
4035,2002972855,-0.055990,-0.618515,0.149254,-0.769436,0.073073,0.079621,0.089211
4036,2003006189,-0.063687,-0.618573,0.151055,-0.768438,0.199339,0.177257,0.197770
4037,2003039523,-0.070927,-0.618389,0.152895,-0.767589,0.278636,0.241695,0.222637
4038,2003072857,-0.077796,-0.617667,0.155445,-0.766992,0.320678,0.268745,0.229037
4039,2003106191,-0.084260,-0.616347,0.158906,-0.766662,0.334370,0.356029,0.196751
4040,2003139525,-0.089857,-0.614821,0.162473,-0.766504,0.365838,0.408479,0.113358
4041,2003172859,-0.094598,-0.613403,0.165708,-0.766377,0.325742,0.457401,0.036687
4042,2003206193,-0.098392,-0.612328,0.168402,-0.766172,0.348053,0.513147,0.006752
4043,2003239527,-0.100791,-0.611869,0.169842,-0.765909,0.362828,0.474979,-0.002420
4044,2003272861,-0.102304,-0.611646,0.170944,-0.765641,0.280364,0.373749,0.003959
4045,2003306195,-0.103290,-0.611397,0.172223,-0.765421,0.334760,0.385646,0.079448
4046,2003339529,-0.103326,-0.611403,0.172813,-0.765278,0.303714,0.302712,0.076438
4047,2003372863,-0.102925,-0.611512,0.173247,-0.765147,0.247201,0.266894,0.190907
4048,2003406197,-0.102091,-0.611748,0.173297,-0.765058,0.276790,0.265309,0.122186
4049,2003439531,-0.100727,-0.612164,0.172784,-0.765022,0.229072,0.207746,0.094653
4050,2003472865,-0.099325,-0.612569,0.172331,-0.764984,0.205228,0.205889,0.071497
4051,2003506199,-0.097768,-0.613022,0.171739,-0.764955,0.134941,0.239094,0.067716
4052,2003539533,-0.096025,-0.613526,0.171232,-0.764885,0.090159,0.235677,0.062291
4053,2003572867,-0.093777,-0.614343,0.170497,-0.764672,0.076209,0.262857,0.107794
4054,2003606201,-0.091251,-0.615388,0.169673,-0.764321,0.029181,0.161372,0.043542
4055,2003639535,-0.089080,-0.616361,0.169360,-0.763862,0.067842,0.121533,0.141034
4056,2003672869,-0.087419,-0.617102,0.169552,-0.763413,0.093531,0.062480,0.115932
4057,2003706203,-0.085942,-0.617686,0.169954,-0.763019,0.121510,0.105390,0.151404
4058,2003739537,-0.084291,-0.618475,0.169669,-0.762628,0.186779,0.179965,0.214825
4059,2003772871,-0.082396,-0.619576,0.168195,-0.762268,0.206313,0.152406,0.179624
4060,2003806205,-0.080946,-0.620422,0.166644,-0.762075,0.263060,0.187793,0.182514
4061,2003839539,-0.079600,-0.620821,0.165309,-0.762183,0.268640,0.252507,0.187978
4062,2003872873,-0.077941,-0.620709,0.164565,-0.762607,0.173042,0.304044,0.234514
4063,2003906207,-0.075752,-0.620374,0.164326,-0.763151,0.095496,0.395366,0.224689
4064,2003939541,-0.072461,-0.620479,0.163138,-0.763640,0.110089,0.419243,0.151970
4065,2003972875,-0.068219,-0.621113,0.160658,-0.764041,0.009889,0.267721,0.063698
4066,2004006209,-0.064216,-0.621567,0.158687,-0.764430,-0.029774,0.143385,0.043238
4067,2004039543,-0.060521,-0.621526,0.157781,-0.764953,-0.023834,0.050201,0.269050
4068,2004072877,-0.055686,-0.621337,0.156560,-0.765724,0.016203,-0.010944,0.262442
4069,2004106211,-0.050700,-0.620894,0.155162,-0.766713,-0.210419,-0.282566,0.176650
4070,2004139545,-0.047654,-0.620184,0.154987,-0.767518,-0.138806,-0.183897,0.119214
4071,2004172879,-0.045424,-0.619717,0.154165,-0.768196,-0.139670,-0.105571,0.127233
4072,2004206213,-0.044156,-0.619313,0.153226,-0.768783,-0.289863,-0.204830,0.138618
4073,2004239547,-0.044723,-0.618462,0.154140,-0.769253,-0.310107,-0.074570,0.057639
4074,2004272881,-0.045736,-0.617775,0.155604,-0.769450,-0.260150,0.166620,0.020270
4075,2004306215,-0.045806,-0.618121,0.155422,-0.769205,-0.265715,0.177446,0.024032
4076,2004339549,-0.045722,-0.619309,0.154472,-0.768446,-0.239096,0.099922,0.007024
4077,2004372883,-0.045801,-0.620951,0.153658,-0.767279,-0.083729,0.075925,0.142831
4078,2004406217,-0.045853,-0.622597,0.153231,-0.766026,0.050462,-0.075908,0.271732
4079,2004439551,-0.045856,-0.623643,0.153517,-0.765117,0.306403,-0.175375,0.428499
4080,2004472885,-0.044299,-0.623900,0.151751,-0.765351,0.526355,-0.710669,0.471199
4081,2004506219,-0.044115,-0.623172,0.152022,-0.765901,0.142323,-0.845016,0.388488
4082,2004539553,-0.046528,-0.621575,0.155648,-0.766327,0.093874,-0.426858,0.307071
4083,2004572887,-0.048635,-0.620013,0.158018,-0.766976,-0.035749,-0.306688,0.108854
4084,2004606221,-0.050748,-0.618829,0.159563,-0.767476,-0.170935,-0.404836,-0.030963
4085,2004639555,-0.053503,-0.618065,0.161185,-0.767566,-0.118007,-0.354673,-0.007434
4086,2004672889,-0.056513,-0.617638,0.162303,-0.767458,0.050540,-0.325112,0.134357
4087,2004706223,-0.060183,-0.617397,0.163765,-0.767062,0.221939,-0.232808,0.243814
4088,2004739557,-0.063801,-0.617292,0.164404,-0.766718,0.534438,-0.081621,0.257595
4089,2004772891,-0.066536,-0.617662,0.162930,-0.766502,0.340667,-0.057505,0.133524
4090,2004806225,-0.069345,-0.618270,0.161313,-0.766104,0.176243,0.045657,-0.001079
4091,2004839559,-0.072001,-0.618847,0.160044,-0.765659,0.140527,0.134964,0.007493
4092,2004872893,-0.074310,-0.619248,0.159608,-0.765206,0.103838,0.131468,0.105799
4093,2004906227,-0.076050,-0.619361,0.160163,-0.764827,0.180701,0.137726,0.160432
4094,2004939561,-0.077137,-0.619226,0.161332,-0.764581,0.152949,0.037386,0.236403
4095,2004972895,-0.078408,-0.618680,0.163308,-0.764475,0.117440,-0.055606,0.172429
4096,2005006229,-0.079943,-0.617869,0.165541,-0.764492,0.127018,-0.125810,0.197971
4097,2005039563,-0.081641,-0.616868,0.167702,-0.764650,-0.026220,-0.192011,0.191143
4098,2005072897,-0.083514,-0.615720,0.170008,-0.764864,-0.049180,-0.247730,0.137197
4099,2005106231,-0.085580,-0.614457,0.172358,-0.765125,-0.143123,-0.341401,0.071861
4100,2005139565,-0.088766,-0.612623,0.175966,-0.765411,-0.232912,-0.439925,0.017713
4101,2005172899,-0.093409,-0.610215,0.181142,-0.765574,-0.240469,-0.399001,0.074005
4102,2005206233,-0.099127,-0.607638,0.186944,-0.765511,-0.254341,-0.373387,0.057292
4103,2005239567,-0.105756,-0.605255,0.192561,-0.765119,-0.202496,-0.305848,0.052615
4104,2005272901,-0.113399,-0.602876,0.197841,-0.764555,-0.217310,-0.267855,0.037067
4105,2005306235,-0.121580,-0.600496,0.202572,-0.763932,-0.142603,-0.294345,0.007628
4106,2005339569,-0.130676,-0.597833,0.208247,-0.762993,-0.212891,-0.324124,0.056366
4107,2005372903,-0.141119,-0.594633,0.215446,-0.761633,-0.037417,-0.180446,0.144951
4108,2005406237,-0.152051,-0.591155,0.222875,-0.760097,-0.043124,-0.105049,0.233641
4109,2005439571,-0.163698,-0.587072,0.231224,-0.758346,0.001751,-0.075386,0.259233
4110,2005472905,-0.175252,-0.582732,0.239722,-0.756471,0.070296,0.061177,0.335303
4111,2005506239,-0.186517,-0.578013,0.248224,-0.754654,-0.066943,0.043295,0.384697
4112,2005539573,-0.197948,-0.572388,0.257749,-0.752833,-0.007659,0.024257,0.200629
4113,2005572907,-0.208681,-0.566516,0.267165,-0.751092,0.039495,-0.002513,0.031302
4114,2005606241,-0.218983,-0.560850,0.276037,-0.749201,0.035169,-0.078888,0.017598
4115,2005639575,-0.229365,-0.555783,0.284054,-0.746870,0.137729,-0.113749,0.056634
4116,2005672909,-0.239818,-0.551639,0.290373,-0.744224,0.298627,-0.122712,0.124279
4117,2005706243,-0.250422,-0.547936,0.295351,-0.741504,0.425142,-0.112075,0.009990
4118,2005739577,-0.261052,-0.544182,0.299821,-0.738803,0.510148,0.059116,0.121480
4119,2005772911,-0.271649,-0.539916,0.304863,-0.736044,0.585501,0.280696,0.205211
4120,2005806245,-0.281307,-0.535348,0.310230,-0.733506,0.722830,0.495939,0.148714
4121,2005839579,-0.288788,-0.531123,0.314481,-0.731858,0.820808,0.552453,0.166335
4122,2005872913,-0.293915,-0.527349,0.317653,-0.731176,0.809051,0.544254,0.233172
4123,2005906247,-0.296620,-0.523845,0.319970,-0.731592,0.703489,0.483169,0.193464
4124,2005939581,-0.297365,-0.520370,0.321865,-0.732937,0.486429,0.469643,0.150189
4125,2005972915,-0.297173,-0.516781,0.323808,-0.734696,0.351712,0.437286,0.096679
4126,2006006249,-0.296357,-0.513408,0.325615,-0.736589,0.170809,0.431081,0.106804
4127,2006039583,-0.295008,-0.510858,0.326770,-0.738390,0.151212,0.372177,0.034508
4128,2006072917,-0.293197,-0.509382,0.326917,-0.740064,0.029340,0.338446,-0.052483
4129,2006106251,-0.291278,-0.508811,0.326357,-0.741461,0.045128,0.333241,-0.053343
4130,2006139585,-0.289205,-0.509434,0.324440,-0.742685,-0.067208,0.421876,-0.000401
4131,2006172919,-0.287469,-0.510465,0.322226,-0.743614,-0.178166,0.482566,-0.008404
4132,2006206253,-0.286145,-0.511562,0.320515,-0.744111,-0.145351,0.574392,0.091178
4133,2006239587,-0.284509,-0.512939,0.318633,-0.744597,-0.185968,0.566119,0.096393
4134,2006272921,-0.282598,-0.514274,0.317085,-0.745065,-0.228141,0.417028,0.066997
4135,2006306255,-0.280914,-0.515348,0.316357,-0.745269,-0.245448,0.296644,0.123319
4136,2006339589,-0.279893,-0.516307,0.315975,-0.745152,-0.170115,0.238662,0.180498
4137,2006372923,-0.279796,-0.517240,0.315549,-0.744721,-0.135366,0.243653,0.175827
4138,2006406257,-0.280853,-0.517836,0.315587,-0.743893,-0.123858,0.318098,0.065310
4139,2006439591,-0.282557,-0.518167,0.315977,-0.742851,0.061118,0.411474,0.030099
4140,2006472925,-0.284050,-0.518731,0.316052,-0.741856,0.024898,0.451550,0.013233
4141,2006506259,-0.285954,-0.519005,0.316809,-0.740608,0.115434,0.533510,-0.031553
4142,2006539593,-0.287505,-0.519411,0.317647,-0.739363,0.161072,0.511006,-0.016696
4143,2006572927,-0.288395,-0.520174,0.318531,-0.738099,0.175941,0.508455,0.129411
4144,2006606261,-0.288544,-0.521253,0.319195,-0.736992,0.127888,0.421245,0.268786
4145,2006639595,-0.288454,-0.521925,0.320212,-0.736109,0.033374,0.339205,0.360061
4146,2006672929,-0.288467,-0.521736,0.322066,-0.735429,0.006337,0.241788,0.266434
4147,2006706263,-0.288569,-0.520841,0.324724,-0.734855,0.002706,0.172615,0.133903
4148,2006739597,-0.288716,-0.519685,0.327528,-0.734371,0.035149,0.143154,-0.010919
4149,2006772931,-0.289180,-0.518408,0.330245,-0.733874,-0.026530,0.146233,0.020231
4150,2006806265,-0.290421,-0.516588,0.333581,-0.733158,-0.016228,0.147871,-0.148691
4151,2006839599,-0.291812,-0.514416,0.337802,-0.732200,0.098277,0.205409,-0.260798
4152,2006872933,-0.292775,-0.512690,0.342496,-0.730844,0.160265,0.331467,-0.258863
4153,2006906267,-0.293122,-0.512190,0.347148,-0.728858,0.343914,0.387823,-0.360356
4154,2006939601,-0.292300,-0.514037,0.350571,-0.726245,0.525812,0.459508,-0.314120
4155,2006972935,-0.289018,-0.519410,0.350655,-0.723690,0.825175,0.466252,-0.164503
4156,2007006269,-0.282794,-0.528734,0.346571,-0.721360,0.852858,0.449818,0.356649
4157,2007039603,-0.273466,-0.541212,0.338049,-0.719746,1.058313,0.352952,0.390403
4158,2007072937,-0.261727,-0.555073,0.326322,-0.718965,1.043717,0.188634,0.404238
4159,2007106271,-0.249154,-0.567799,0.314494,-0.718766,1.070573,0.046996,0.338551
4160,2007139605,-0.236217,-0.578593,0.303520,-0.719244,1.324756,0.119554,0.588746
4161,2007172939,-0.221636,-0.588034,0.291138,-0.721344,1.332824,0.220375,0.609619
4162,2007206273,-0.206387,-0.595464,0.278651,-0.724697,1.030583,0.286752,0.469254
4163,2007239607,-0.191404,-0.600663,0.267534,-0.728696,0.981949,0.474241,0.378695
4164,2007272941,-0.176088,-0.604279,0.256894,-0.733383,0.746593,0.654521,0.322630
4165,2007306275,-0.160438,-0.606673,0.246682,-0.738485,0.486837,0.770450,0.219739
4166,2007339609,-0.144182,-0.608311,0.236836,-0.743696,0.234781,0.883790,0.191695
4167,2007372943,-0.127006,-0.609725,0.226963,-0.748730,-0.027116,0.877776,0.252663
4168,2007406277,-0.108942,-0.611234,0.216807,-0.753342,-0.138657,0.869467,0.134125
4169,2007439611,-0.089765,-0.613399,0.205188,-0.757355,-0.233452,0.867463,0.122096
4170,2007472945,-0.069813,-0.616071,0.191708,-0.760813,-0.421934,0.743829,0.109278
4171,2007506279,-0.049887,-0.618556,0.177793,-0.763737,-0.635938,0.637722,-0.008335
4172,2007539613,-0.030341,-0.620808,0.164433,-0.765926,-0.816768,0.555204,0.116414
4173,2007572947,-0.010889,-0.623291,0.151146,-0.767170,-0.908524,0.451166,0.463372
4174,2007606281,0.008763,-0.626227,0.137354,-0.767399,-0.946789,0.259487,0.568790
4175,2007639615,0.028945,-0.629309,0.123141,-0.766794,-0.866691,0.038658,0.429688
4176,2007672949,0.049403,-0.632037,0.109182,-0.765619,-0.753425,-0.229645,0.115685
4177,2007706283,0.068879,-0.634395,0.096664,-0.763845,-0.560833,-0.413232,-0.070756
4178,2007739617,0.086796,-0.636640,0.084945,-0.761541,-0.432532,-0.470386,-0.029408
4179,2007772951,0.102768,-0.638712,0.073016,-0.759051,-0.398360,-0.613525,-0.029314
4180,2007806285,0.116268,-0.640650,0.061336,-0.756500,-0.332012,-0.655087,0.141280
4181,2007839619,0.127717,-0.642354,0.049596,-0.754065,-0.330880,-0.669155,0.389764
4182,2007872953,0.137388,-0.643575,0.038950,-0.751947,-0.305352,-0.649212,0.375993
4183,2007906287,0.144733,-0.644232,0.031010,-0.750373,-0.194634,-0.814930,0.313951
4184,2007939621,0.150040,-0.644364,0.026459,-0.749391,-0.167724,-0.699367,0.222793
4185,2007972955,0.153706,-0.643963,0.024188,-0.749070,-0.098844,-0.548846,0.105493
4186,2008006289,0.155952,-0.643018,0.023291,-0.749445,-0.130143,-0.352501,-0.011872
4187,2008039623,0.156366,-0.642272,0.023791,-0.749983,-0.515524,-0.470271,-0.068850
4188,2008072957,0.155567,-0.641291,0.024736,-0.750958,-0.274442,-0.696282,0.024848
4189,2008106291,0.153212,-0.640367,0.027260,-0.752142,-0.360574,-0.637233,0.037738
4190,2008139625,0.149468,-0.639735,0.031481,-0.753268,-0.309192,-0.482811,-0.001511
4191,2008172959,0.145275,-0.639420,0.035966,-0.754154,-0.218916,-0.394784,-0.065176
4192,2008206293,0.140538,-0.639554,0.040432,-0.754712,-0.187589,-0.316617,-0.070511
4193,2008239627,0.135193,-0.640021,0.044377,-0.755071,0.010418,-0.133379,-0.067956
4194,2008272961,0.129598,-0.640701,0.047154,-0.755306,0.114037,-0.074211,-0.060472
4195,2008306295,0.123611,-0.641574,0.049195,-0.755439,0.201353,-0.025566,0.225275
4196,2008339629,0.117881,-0.642357,0.050367,-0.755612,0.390531,0.008941,0.461834
4197,2008372963,0.112977,-0.642585,0.051317,-0.756104,0.420065,0.022591,0.465318
4198,2008406297,0.109098,-0.641949,0.053050,-0.757093,0.380785,-0.020255,0.419612
4199,2008439631,0.105913,-0.640337,0.056478,-0.758661,0.319456,-0.076324,0.353205