time	DeviceName	AccX(g)	AccY(g)	AccZ(g)	AsX(°/s)	AsY(°/s)	AsZ(°/s)	AngleX(°)	AngleY(°)	AngleZ(°)	HX(uT)	HY(uT)	HZ(uT)	Q0()	Q1()	Q2()	Q3()	Temperature(°C)	Height(m)	Pressure(kPa)	Version()	Battery level(%)
2026-05-27T17:08:37.662	WT901BLE68(F3:F0:16:BF:DC:AE)	0.021	0.849	0.520	0.305	-24.902	5.188	57.90	14.14	-144.40	-74.820	55.800	-35.867	0.22217	0.26752	-0.41858	-0.83890	25.6	null	null	13113	75
2026-05-27T17:08:37.749	WT901BLE68(F3:F0:16:BF:DC:AE)	-0.258	0.980	0.579	1.038	100.708	-13.733	59.34	14.89	-142.06	-74.820	55.800	-35.867	0.22217	0.26752	-0.41858	-0.83890	25.6	null	null	13113	75
2026-05-27T17:08:37.871	WT901BLE68(F3:F0:16:BF:DC:AE)	-0.446	0.840	0.374	-0.732	122.925	-18.433	61.04	20.75	-134.30	-74.820	55.800	-35.867	0.22217	0.26752	-0.41858	-0.83890	25.6	null	null	13113	75
2026-05-27T17:08:37.930	WT901BLE68(F3:F0:16:BF:DC:AE)	-0.885	0.864	0.082	51.636	-86.670	-79.041	63.11	25.53	-134.36	-74.820	55.800	-35.867	0.22217	0.26752	-0.41858	-0.83890	25.6	null	null	13113	75
2026-05-27T17:08:38.056	WT901BLE68(F3:F0:16:BF:DC:AE)	-0.659	0.655	0.183	107.178	-191.223	-150.330	62.33	30.02	-156.80	-74.820	55.800	-35.867	0.22217	0.26752	-0.41858	-0.83890	25.6	null	null	13113	75
2026-05-27T17:08:38.139	WT901BLE68(F3:F0:16:BF:DC:AE)	-0.280	0.803	0.464	84.290	-189.880	-130.493	58.63	34.12	174.41	-88.013	48.800	-30.307	0.22217	0.26752	-0.41858	-0.83890	25.6	null	null	13113	75
2026-05-27T17:08:38.263	WT901BLE68(F3:F0:16:BF:DC:AE)	-0.056	0.844	0.588	53.406	-54.932	-0.854	55.75	31.30	155.69	-88.013	48.800	-30.307	0.22217	0.26752	-0.41858	-0.83890	25.6	null	null	13113	75
2026-05-27T17:08:38.350	WT901BLE68(F3:F0:16:BF:DC:AE)	-0.382	0.903	0.543	46.692	-8.789	61.157	61.68	25.93	159.07	-88.013	48.800	-30.307	-0.30005	0.11337	-0.50430	-0.80167	25.6	null	null	13113	75
2026-05-27T17:08:38.471	WT901BLE68(F3:F0:16:BF:DC:AE)	-0.558	0.898	0.667	-0.610	15.076	52.368	64.84	19.54	166.29	-88.013	48.800	-30.307	-0.30005	0.11337	-0.50430	-0.80167	25.6	null	null	13113	75
2026-05-27T17:08:38.528	WT901BLE68(F3:F0:16:BF:DC:AE)	0.033	1.133	0.296	13.062	-65.857	54.138	64.92	14.18	172.44	-88.013	48.800	-30.307	-0.30005	0.11337	-0.50430	-0.80167	25.6	null	null	13113	75
2026-05-27T17:08:38.652	WT901BLE68(F3:F0:16:BF:DC:AE)	-0.127	0.870	0.526	-0.732	20.447	53.528	65.88	9.51	179.68	-88.013	48.800	-30.307	-0.30005	0.11337	-0.50430	-0.80167	25.6	null	null	13113	75
2026-05-27T17:08:38.741	WT901BLE68(F3:F0:16:BF:DC:AE)	-0.025	0.879	0.522	2.747	2.075	47.668	66.41	4.77	-171.82	-88.013	48.800	-30.307	-0.30005	0.11337	-0.50430	-0.80167	25.6	null	null	13113	75
2026-05-27T17:08:38.862	WT901BLE68(F3:F0:16:BF:DC:AE)	-0.039	0.871	0.442	-4.517	-8.545	33.569	66.02	0.80	-165.17	-88.013	48.800	-30.307	-0.30005	0.11337	-0.50430	-0.80167	25.6	null	null	13113	75
2026-05-27T17:08:38.949	WT901BLE68(F3:F0:16:BF:DC:AE)	0.007	0.877	0.463	-3.723	-1.831	20.996	65.52	-1.99	-159.34	-88.013	48.800	-30.307	-0.30005	0.11337	-0.50430	-0.80167	25.6	null	null	13113	75
2026-05-27T17:08:39.069	WT901BLE68(F3:F0:16:BF:DC:AE)	0.137	0.859	0.477	-10.620	-3.967	11.475	64.41	-3.54	-153.74	-55.733	55.393	-6.173	-0.30005	0.11337	-0.50430	-0.80167	25.6	null	null	13113	75
2026-05-27T17:08:39.160	WT901BLE68(F3:F0:16:BF:DC:AE)	0.088	0.869	0.722	-28.870	42.480	13.672	62.58	-4.33	-147.50	-55.733	55.393	-6.173	0.24481	0.10785	-0.51364	-0.81519	25.6	null	null	13113	75
2026-05-27T17:08:39.281	WT901BLE68(F3:F0:16:BF:DC:AE)	0.102	0.903	0.418	-10.742	5.188	1.038	60.69	-5.34	-142.54	-55.733	55.393	-6.173	0.24481	0.10785	-0.51364	-0.81519	25.6	null	null	13113	75
2026-05-27T17:08:39.342	WT901BLE68(F3:F0:16:BF:DC:AE)	-0.012	0.834	0.587	-6.836	6.348	-13.184	60.08	-4.47	-138.01	-55.733	55.393	-6.173	0.24481	0.10785	-0.51364	-0.81519	25.6	null	null	13113	75
2026-05-27T17:08:39.461	WT901BLE68(F3:F0:16:BF:DC:AE)	0.016	0.864	0.515	-9.033	-2.747	-22.339	59.13	-3.35	-134.91	-55.733	55.393	-6.173	0.24481	0.10785	-0.51364	-0.81519	25.6	null	null	13113	75
2026-05-27T17:08:39.555	WT901BLE68(F3:F0:16:BF:DC:AE)	0.110	0.814	0.491	-7.935	-9.033	-24.536	58.21	-1.33	-132.06	-55.733	55.393	-6.173	0.24481	0.10785	-0.51364	-0.81519	25.6	null	null	13113	75
2026-05-27T17:08:39.671	WT901BLE68(F3:F0:16:BF:DC:AE)	-0.024	0.813	0.547	-8.911	-12.695	-19.043	57.44	0.14	-129.56	-55.733	55.393	-6.173	0.24481	0.10785	-0.51364	-0.81519	25.6	null	null	13113	75
2026-05-27T17:08:39.763	WT901BLE68(F3:F0:16:BF:DC:AE)	-0.051	0.809	0.569	-4.883	1.099	-12.878	56.62	1.35	-126.34	-55.733	55.393	-6.173	0.24481	0.10785	-0.51364	-0.81519	25.6	null	null	13113	75
2026-05-27T17:08:39.886	WT901BLE68(F3:F0:16:BF:DC:AE)	-0.024	0.784	0.489	-7.446	-3.357	-7.141	55.98	1.97	-123.02	-55.733	55.393	-6.173	0.24481	0.10785	-0.51364	-0.81519	25.6	null	null	13113	75
2026-05-27T17:08:39.940	WT901BLE68(F3:F0:16:BF:DC:AE)	-0.100	0.827	0.640	-9.521	0.854	-3.113	55.07	2.30	-119.73	-63.800	51.733	-10.760	0.24481	0.10785	-0.51364	-0.81519	25.6	null	null	13113	75
2026-05-27T17:08:40.064	WT901BLE68(F3:F0:16:BF:DC:AE)	-0.092	0.808	0.649	-3.662	-7.263	-0.183	54.40	2.07	-116.77	-63.800	51.733	-10.760	0.24481	0.10785	-0.51364	-0.81519	25.6	null	null	13113	75
2026-05-27T17:08:40.159	WT901BLE68(F3:F0:16:BF:DC:AE)	-0.054	0.764	0.509	0.488	1.770	0.854	53.98	1.92	-113.71	-63.800	51.733	-10.760	0.46533	0.25418	-0.37860	-0.75854	25.6	null	null	13113	75
2026-05-27T17:08:40.274	WT901BLE68(F3:F0:16:BF:DC:AE)	-0.114	0.864	0.577	19.287	0.793	4.272	54.93	1.68	-110.15	-63.800	51.733	-10.760	0.46533	0.25418	-0.37860	-0.75854	25.6	null	null	13113	75
2026-05-27T17:08:40.361	WT901BLE68(F3:F0:16:BF:DC:AE)	-0.030	0.836	0.493	16.418	-27.039	5.981	56.94	0.21	-108.38	-63.800	51.733	-10.760	0.46533	0.25418	-0.37860	-0.75854	25.6	null	null	13113	75
2026-05-27T17:08:40.482	WT901BLE68(F3:F0:16:BF:DC:AE)	0.036	0.887	0.568	1.526	3.906	-4.517	57.46	0.05	-105.95	-63.800	51.733	-10.760	0.46533	0.25418	-0.37860	-0.75854	25.6	null	null	13113	75
2026-05-27T17:08:40.571	WT901BLE68(F3:F0:16:BF:DC:AE)	0.021	0.834	0.552	0.366	-0.183	-0.854	57.72	0.08	-103.47	-63.800	51.733	-10.760	0.46533	0.25418	-0.37860	-0.75854	25.6	null	null	13113	75
2026-05-27T17:08:40.695	WT901BLE68(F3:F0:16:BF:DC:AE)	0.066	0.817	0.583	-5.493	6.042	-8.118	57.38	0.63	-100.89	-63.800	51.733	-10.760	0.46533	0.25418	-0.37860	-0.75854	25.6	null	null	13113	75
2026-05-27T17:08:40.753	WT901BLE68(F3:F0:16:BF:DC:AE)	0.029	0.807	0.594	-8.545	9.521	-20.813	56.72	2.14	-98.90	-61.427	52.507	-15.420	0.46533	0.25418	-0.37860	-0.75854	25.6	null	null	13113	75
2026-05-27T17:08:40.872	WT901BLE68(F3:F0:16:BF:DC:AE)	-0.054	0.805	0.598	-3.113	-4.456	-29.175	56.07	4.27	-97.60	-61.427	52.507	-15.420	0.46533	0.25418	-0.37860	-0.75854	25.6	null	null	13113	75
2026-05-27T17:08:40.958	WT901BLE68(F3:F0:16:BF:DC:AE)	-0.183	0.954	0.653	-15.686	-34.668	-41.504	54.87	5.87	-98.94	-61.427	52.507	-15.420	0.46533	0.25418	-0.37860	-0.75854	25.6	null	null	13113	75
2026-05-27T17:08:41.082	WT901BLE68(F3:F0:16:BF:DC:AE)	-0.337	0.636	0.316	23.254	-30.579	-39.917	54.15	7.95	-101.41	-61.427	52.507	-15.420	0.55267	0.33102	-0.31848	-0.69528	25.6	null	null	13113	75
2026-05-27T17:08:41.172	WT901BLE68(F3:F0:16:BF:DC:AE)	-0.082	0.786	0.421	23.865	6.165	-8.057	56.21	9.03	-101.55	-61.427	52.507	-15.420	0.55267	0.33102	-0.31848	-0.69528	25.6	null	null	13113	75
2026-05-27T17:08:41.295	WT901BLE68(F3:F0:16:BF:DC:AE)	-0.188	0.705	0.656	22.156	-24.231	-1.404	58.44	10.39	-99.49	-61.427	52.507	-15.420	0.55267	0.33102	-0.31848	-0.69528	25.6	null	null	13113	75
2026-05-27T17:08:41.353	WT901BLE68(F3:F0:16:BF:DC:AE)	-0.155	0.827	0.563	1.526	-15.198	-4.272	58.84	10.00	-98.27	-61.427	52.507	-15.420	0.55267	0.33102	-0.31848	-0.69528	25.6	null	null	13113	75
2026-05-27T17:08:41.471	WT901BLE68(F3:F0:16:BF:DC:AE)	-0.160	0.819	0.565	-0.366	-9.277	1.282	58.64	9.70	-97.19	-61.427	52.507	-15.420	0.55267	0.33102	-0.31848	-0.69528	25.6	null	null	13113	75
2026-05-27T17:08:41.565	WT901BLE68(F3:F0:16:BF:DC:AE)	-0.170	0.833	0.539	-4.944	-7.019	2.258	58.12	9.15	-95.76	-61.427	52.507	-15.420	0.55267	0.33102	-0.31848	-0.69528	25.6	null	null	13113	75
2026-05-27T17:08:41.683	WT901BLE68(F3:F0:16:BF:DC:AE)	-0.147	0.872	0.582	-1.587	-8.118	9.399	57.69	8.62	-93.48	-61.427	52.507	-15.420	0.55267	0.33102	-0.31848	-0.69528	25.6	null	null	13113	75
2026-05-27T17:08:41.774	WT901BLE68(F3:F0:16:BF:DC:AE)	-0.131	0.868	0.535	10.559	0.488	18.555	57.98	7.34	-90.96	-62.953	43.973	-12.553	0.55267	0.33102	-0.31848	-0.69528	25.6	null	null	13113	75
2026-05-27T17:08:41.926	WT901BLE68(F3:F0:16:BF:DC:AE)	-0.056	0.837	0.448	17.395	-11.414	27.344	59.95	5.62	-87.66	-62.953	43.973	-12.553	0.55267	0.33102	-0.31848	-0.69528	25.6	null	null	13113	75
2026-05-27T17:08:41.950	WT901BLE68(F3:F0:16:BF:DC:AE)	0.022	0.831	0.444	-2.319	13.123	17.029	60.73	3.46	-85.17	-62.953	43.973	-12.553	0.61526	0.38885	-0.32236	-0.60516	25.6	null	null	13113	75
2026-05-27T17:08:42.102	WT901BLE68(F3:F0:16:BF:DC:AE)	-0.038	0.866	0.561	-5.859	5.371	10.742	60.30	3.08	-82.18	-62.953	43.973	-12.553	0.61526	0.38885	-0.32236	-0.60516	25.6	null	null	13113	75
2026-05-27T17:08:42.164	WT901BLE68(F3:F0:16:BF:DC:AE)	0.002	0.855	0.518	-12.268	12.939	1.160	59.62	2.69	-79.80	-62.953	43.973	-12.553	0.61526	0.38885	-0.32236	-0.60516	25.6	null	null	13113	75
2026-05-27T17:08:42.283	WT901BLE68(F3:F0:16:BF:DC:AE)	-0.042	0.840	0.542	-12.939	0.732	-5.249	58.34	3.39	-77.44	-62.953	43.973	-12.553	0.61526	0.38885	-0.32236	-0.60516	25.6	null	null	13113	75
2026-05-27T17:08:42.373	WT901BLE68(F3:F0:16:BF:DC:AE)	-0.054	0.833	0.552	-13.794	2.136	-17.334	56.95	4.43	-76.23	-62.953	43.973	-12.553	0.61526	0.38885	-0.32236	-0.60516	25.6	null	null	13113	75
2026-05-27T17:08:42.493	WT901BLE68(F3:F0:16:BF:DC:AE)	0.012	0.851	0.578	-5.981	16.724	-19.958	56.12	6.55	-75.33	-62.953	43.973	-12.553	0.61526	0.38885	-0.32236	-0.60516	25.6	null	null	13113	75
2026-05-27T17:08:42.582	WT901BLE68(F3:F0:16:BF:DC:AE)	-0.151	0.854	0.542	8.301	16.846	-21.301	56.14	9.05	-74.41	-62.407	46.820	-18.353	0.61526	0.38885	-0.32236	-0.60516	25.6	null	null	13113	75
2026-05-27T17:08:42.705	WT901BLE68(F3:F0:16:BF:DC:AE)	-0.233	0.845	0.479	21.545	-15.869	-15.503	57.96	10.70	-73.55	-62.407	46.820	-18.353	0.61526	0.38885	-0.32236	-0.60516	25.6	null	null	13113	75
2026-05-27T17:08:42.764	WT901BLE68(F3:F0:16:BF:DC:AE)	-0.270	0.791	0.438	8.240	12.329	-10.986	59.08	11.78	-73.71	-62.407	46.820	-18.353	0.66238	0.44370	-0.22427	-0.56030	25.6	null	null	13113	75
2026-05-27T17:08:42.882	WT901BLE68(F3:F0:16:BF:DC:AE)	-0.214	0.788	0.542	3.906	-12.024	-6.531	59.61	12.74	-72.34	-62.407	46.820	-18.353	0.66238	0.44370	-0.22427	-0.56030	25.6	null	null	13113	75
2026-05-27T17:08:42.972	WT901BLE68(F3:F0:16:BF:DC:AE)	-0.205	0.780	0.516	-7.813	3.662	0.061	59.11	12.93	-71.63	-62.407	46.820	-18.353	0.66238	0.44370	-0.22427	-0.56030	25.6	null	null	13113	75
2026-05-27T17:08:43.093	WT901BLE68(F3:F0:16:BF:DC:AE)	-0.261	0.801	0.473	-10.071	2.869	1.648	58.08	12.92	-70.38	-62.407	46.820	-18.353	0.66238	0.44370	-0.22427	-0.56030	25.6	null	null	13113	75
2026-05-27T17:08:43.185	WT901BLE68(F3:F0:16:BF:DC:AE)	-0.252	0.843	0.607	-11.230	-3.662	8.240	57.23	12.28	-68.99	-62.407	46.820	-18.353	0.66238	0.44370	-0.22427	-0.56030	25.6	null	null	13113	75
2026-05-27T17:08:43.302	WT901BLE68(F3:F0:16:BF:DC:AE)	-0.258	0.865	0.509	-5.920	-4.089	19.287	56.52	10.94	-67.43	-62.407	46.820	-18.353	0.66238	0.44370	-0.22427	-0.56030	25.6	null	null	13113	75
2026-05-27T17:08:43.392	WT901BLE68(F3:F0:16:BF:DC:AE)	-0.086	0.829	0.587	18.921	-17.944	26.367	57.73	9.36	-64.88	-62.407	46.820	-18.353	0.66238	0.44370	-0.22427	-0.56030	25.6	null	null	13113	75
2026-05-27T17:08:43.511	WT901BLE68(F3:F0:16:BF:DC:AE)	-0.161	0.897	0.356	2.136	20.752	13.672	59.12	6.98	-63.72	-62.407	46.820	-18.353	0.66238	0.44370	-0.22427	-0.56030	25.6	null	null	13113	75
2026-05-27T17:08:43.570	WT901BLE68(F3:F0:16:BF:DC:AE)	-0.133	0.838	0.524	2.075	9.888	9.338	59.57	7.15	-60.57	-61.320	50.733	-23.427	0.66238	0.44370	-0.22427	-0.56030	25.6	null	null	13113	75
2026-05-27T17:08:43.694	WT901BLE68(F3:F0:16:BF:DC:AE)	-0.138	0.861	0.470	-5.676	0.549	4.639	59.52	6.61	-59.28	-61.320	50.733	-23.427	0.66238	0.44370	-0.22427	-0.56030	25.6	null	null	13113	75
2026-05-27T17:08:43.782	WT901BLE68(F3:F0:16:BF:DC:AE)	-0.189	0.860	0.532	-9.033	4.456	-1.770	58.85	7.04	-57.27	-61.320	50.733	-23.427	0.74170	0.45544	-0.19833	-0.45053	25.6	null	null	13113	75
2026-05-27T17:08:43.904	WT901BLE68(F3:F0:16:BF:DC:AE)	-0.145	0.790	0.466	-6.348	12.451	-9.033	57.97	7.95	-56.41	-61.320	50.733	-23.427	0.74170	0.45544	-0.19833	-0.45053	25.6	null	null	13113	75
2026-05-27T17:08:43.991	WT901BLE68(F3:F0:16:BF:DC:AE)	-0.103	0.805	0.565	-5.981	4.517	-14.404	57.27	9.21	-56.11	-61.320	50.733	-23.427	0.74170	0.45544	-0.19833	-0.45053	25.6	null	null	13113	75
2026-05-27T17:08:44.114	WT901BLE68(F3:F0:16:BF:DC:AE)	-0.113	0.789	0.539	1.526	7.629	-17.700	57.02	10.71	-56.13	-61.320	50.733	-23.427	0.74170	0.45544	-0.19833	-0.45053	25.6	null	null	13113	75
2026-05-27T17:08:44.201	WT901BLE68(F3:F0:16:BF:DC:AE)	-0.184	0.840	0.564	18.250	5.615	-8.972	58.10	12.40	-55.88	-61.320	50.733	-23.427	0.74170	0.45544	-0.19833	-0.45053	25.6	null	null	13113	75
2026-05-27T17:08:44.292	WT901BLE68(F3:F0:16:BF:DC:AE)	-0.043	0.866	0.529	7.690	-1.343	-6.836	59.52	12.71	-56.36	-61.320	50.733	-23.427	0.74170	0.45544	-0.19833	-0.45053	25.6	null	null	13113	75
2026-05-27T17:08:44.384	WT901BLE68(F3:F0:16:BF:DC:AE)	-0.323	0.853	0.561	-5.066	4.028	6.409	59.60	12.94	-55.56	-61.320	50.733	-23.427	0.74170	0.45544	-0.19833	-0.45053	25.6	null	null	13113	75
2026-05-27T17:08:44.502	WT901BLE68(F3:F0:16:BF:DC:AE)	-0.184	0.746	0.445	-1.770	-8.972	9.155	59.26	12.06	-55.23	-63.967	50.333	-25.293	0.74170	0.45544	-0.19833	-0.45053	25.6	null	null	13113	75
2026-05-27T17:08:44.594	WT901BLE68(F3:F0:16:BF:DC:AE)	-0.181	0.828	0.584	-12.207	-2.502	6.470	58.28	11.48	-54.92	-63.967	50.333	-25.293	0.74628	0.47263	-0.14682	-0.44501	25.6	null	null	13113	75
2026-05-27T17:08:44.713	WT901BLE68(F3:F0:16:BF:DC:AE)	-0.223	0.811	0.552	-9.155	-19.592	10.681	57.10	10.10	-55.33	-63.967	50.333	-25.293	0.74628	0.47263	-0.14682	-0.44501	25.6	null	null	13113	75
2026-05-27T17:08:44.803	WT901BLE68(F3:F0:16:BF:DC:AE)	-0.190	0.792	0.612	-2.136	-35.950	12.756	56.29	8.14	-56.12	-63.967	50.333	-25.293	0.74628	0.47263	-0.14682	-0.44501	25.6	null	null	13113	75
2026-05-27T17:08:44.923	WT901BLE68(F3:F0:16:BF:DC:AE)	-0.136	0.819	0.521	7.507	-44.739	18.311	56.09	5.10	-57.70	-63.967	50.333	-25.293	0.74628	0.47263	-0.14682	-0.44501	25.6	null	null	13113	75
2026-05-27T17:08:44.979	WT901BLE68(F3:F0:16:BF:DC:AE)	-0.075	0.875	0.574	29.968	-41.809	19.958	57.84	1.88	-59.03	-63.967	50.333	-25.293	0.74628	0.47263	-0.14682	-0.44501	25.6	null	null	13113	75
2026-05-27T17:08:45.105	WT901BLE68(F3:F0:16:BF:DC:AE)	0.099	0.891	0.370	11.353	-45.898	26.001	60.13	-2.64	-61.56	-63.967	50.333	-25.293	0.74628	0.47263	-0.14682	-0.44501	25.6	null	null	13113	75
2026-05-27T17:08:45.195	WT901BLE68(F3:F0:16:BF:DC:AE)	0.040	0.867	0.647	4.639	-9.094	9.583	60.70	-4.49	-61.53	-63.967	50.333	-25.293	0.74628	0.47263	-0.14682	-0.44501	25.6	null	null	13113	75
2026-05-27T17:08:45.314	WT901BLE68(F3:F0:16:BF:DC:AE)	0.159	0.840	0.399	-7.690	-30.579	6.836	60.36	-6.49	-62.75	-63.967	50.333	-25.293	0.74628	0.47263	-0.14682	-0.44501	25.6	null	null	13113	75
2026-05-27T17:08:45.400	WT901BLE68(F3:F0:16:BF:DC:AE)	0.106	0.825	0.495	-16.296	-15.442	-7.568	58.93	-6.60	-62.55	-47.287	55.533	-20.307	0.74628	0.47263	-0.14682	-0.44501	25.6	null	null	13113	75
2026-05-27T17:08:45.526	WT901BLE68(F3:F0:16:BF:DC:AE)	0.106	0.870	0.598	-18.005	-18.250	-18.188	57.50	-6.09	-63.55	-47.287	55.533	-20.307	0.74628	0.47263	-0.14682	-0.44501	25.6	null	null	13113	75
2026-05-27T17:08:45.582	WT901BLE68(F3:F0:16:BF:DC:AE)	0.050	0.771	0.495	-15.076	-11.414	-25.391	56.01	-5.05	-65.25	-47.287	55.533	-20.307	0.75571	0.37790	-0.28961	-0.44955	25.6	null	null	13113	75
2026-05-27T17:08:45.702	WT901BLE68(F3:F0:16:BF:DC:AE)	0.022	0.793	0.572	-15.686	-15.869	-44.250	54.67	-2.93	-67.15	-47.287	55.533	-20.307	0.75571	0.37790	-0.28961	-0.44955	25.6	null	null	13113	75
2026-05-27T17:08:45.792	WT901BLE68(F3:F0:16:BF:DC:AE)	-0.094	0.898	0.511	1.831	-2.136	-56.458	54.14	0.67	-70.35	-47.287	55.533	-20.307	0.75571	0.37790	-0.28961	-0.44955	25.6	null	null	13113	75
2026-05-27T17:08:45.914	WT901BLE68(F3:F0:16:BF:DC:AE)	-0.082	0.853	0.522	10.498	-37.292	-42.908	55.07	3.24	-73.87	-47.287	55.533	-20.307	0.75571	0.37790	-0.28961	-0.44955	25.6	null	null	13113	75
2026-05-27T17:08:46.001	WT901BLE68(F3:F0:16:BF:DC:AE)	-0.163	0.876	0.542	2.991	-3.723	-30.273	55.49	5.33	-75.92	-47.287	55.533	-20.307	0.75571	0.37790	-0.28961	-0.44955	25.6	null	null	13113	75
2026-05-27T17:08:46.126	WT901BLE68(F3:F0:16:BF:DC:AE)	-0.101	0.816	0.563	4.089	-17.700	-26.001	55.68	6.98	-77.55	-47.287	55.533	-20.307	0.75571	0.37790	-0.28961	-0.44955	25.6	null	null	13113	75
2026-05-27T17:08:46.213	WT901BLE68(F3:F0:16:BF:DC:AE)	-0.221	0.773	0.576	-3.113	-17.944	-15.076	55.14	7.62	-78.65	-53.933	45.200	-9.793	0.75571	0.37790	-0.28961	-0.44955	25.6	null	null	13113	75
2026-05-27T17:08:46.334	WT901BLE68(F3:F0:16:BF:DC:AE)	-0.169	0.811	0.595	-3.601	-20.569	-9.033	54.24	7.20	-79.71	-53.933	45.200	-9.793	0.75571	0.37790	-0.28961	-0.44955	25.6	null	null	13113	75
2026-05-27T17:08:46.391	WT901BLE68(F3:F0:16:BF:DC:AE)	-0.109	0.778	0.574	-5.859	-35.217	-1.343	53.22	6.28	-80.22	-53.933	45.200	-9.793	0.66672	0.37634	-0.24899	-0.59308	25.6	null	null	13113	75
2026-05-27T17:08:46.514	WT901BLE68(F3:F0:16:BF:DC:AE)	-0.135	0.817	0.626	-0.610	-41.016	0.671	52.52	4.04	-81.75	-53.933	45.200	-9.793	0.66672	0.37634	-0.24899	-0.59308	25.6	null	null	13113	75
2026-05-27T17:08:46.602	WT901BLE68(F3:F0:16:BF:DC:AE)	-0.123	0.823	0.574	15.747	-51.636	5.371	52.98	1.50	-83.17	-53.933	45.200	-9.793	0.66672	0.37634	-0.24899	-0.59308	25.6	null	null	13113	75
2026-05-27T17:08:46.722	WT901BLE68(F3:F0:16:BF:DC:AE)	0.003	0.802	0.424	4.944	-46.997	9.277	54.20	-2.33	-85.39	-53.933	45.200	-9.793	0.66672	0.37634	-0.24899	-0.59308	25.6	null	null	13113	75
2026-05-27T17:08:46.813	WT901BLE68(F3:F0:16:BF:DC:AE)	0.050	0.799	0.523	3.174	-33.386	6.836	54.37	-4.56	-86.31	-53.933	45.200	-9.793	0.66672	0.37634	-0.24899	-0.59308	25.6	null	null	13113	75
2026-05-27T17:08:46.935	WT901BLE68(F3:F0:16:BF:DC:AE)	0.125	0.841	0.600	-4.883	-23.132	-4.883	54.82	-6.17	-87.07	-53.933	45.200	-9.793	0.66672	0.37634	-0.24899	-0.59308	25.6	null	null	13113	75
2026-05-27T17:08:46.992	WT901BLE68(F3:F0:16:BF:DC:AE)	0.130	0.775	0.646	-13.794	-20.203	-10.803	53.96	-6.58	-87.35	-53.933	45.200	-9.793	0.66672	0.37634	-0.24899	-0.59308	25.6	null	null	13113	75
2026-05-27T17:08:47.114	WT901BLE68(F3:F0:16:BF:DC:AE)	0.163	0.793	0.681	-15.137	-28.076	-23.987	52.88	-6.81	-88.31	-53.933	45.200	-9.793	0.66672	0.37634	-0.24899	-0.59308	25.6	null	null	13113	75
2026-05-27T17:08:47.200	WT901BLE68(F3:F0:16:BF:DC:AE)	0.040	0.716	0.686	-15.869	-16.052	-40.161	51.64	-5.68	-89.66	-34.327	43.760	0.153	0.66672	0.37634	-0.24899	-0.59308	25.6	null	null	13113	75
2026-05-27T17:08:47.325	WT901BLE68(F3:F0:16:BF:DC:AE)	0.049	0.742	0.699	-10.803	-32.959	-54.626	50.52	-3.89	-92.59	-34.327	43.760	0.153	0.66672	0.37634	-0.24899	-0.59308	25.6	null	null	13113	75
2026-05-27T17:08:47.411	WT901BLE68(F3:F0:16:BF:DC:AE)	-0.066	0.882	0.512	7.507	-22.156	-65.613	49.94	-0.78	-96.37	-34.327	43.760	0.153	0.62463	0.27127	-0.32614	-0.65555	25.6	null	null	13113	75
2026-05-27T17:08:47.533	WT901BLE68(F3:F0:16:BF:DC:AE)	-0.096	0.825	0.504	12.756	-38.086	-40.771	51.51	1.44	-100.07	-34.327	43.760	0.153	0.62463	0.27127	-0.32614	-0.65555	25.6	null	null	13113	75
2026-05-27T17:08:47.624	WT901BLE68(F3:F0:16:BF:DC:AE)	-0.141	0.856	0.645	3.723	-17.944	-28.748	52.39	2.61	-101.50	-34.327	43.760	0.153	0.62463	0.27127	-0.32614	-0.65555	25.6	null	null	13113	75
2026-05-27T17:08:47.742	WT901BLE68(F3:F0:16:BF:DC:AE)	-0.076	0.767	0.570	-2.686	-24.292	-27.710	52.36	3.56	-102.67	-34.327	43.760	0.153	0.62463	0.27127	-0.32614	-0.65555	25.6	null	null	13113	75
2026-05-27T17:08:47.798	WT901BLE68(F3:F0:16:BF:DC:AE)	-0.070	0.762	0.636	-3.357	-31.860	-24.109	51.98	4.10	-103.11	-34.327	43.760	0.153	0.62463	0.27127	-0.32614	-0.65555	25.6	null	null	13113	75
2026-05-27T17:08:47.923	WT901BLE68(F3:F0:16:BF:DC:AE)	-0.099	0.790	0.662	0.000	-33.447	-19.653	51.48	4.02	-103.61	-34.327	43.760	0.153	0.62463	0.27127	-0.32614	-0.65555	25.6	null	null	13113	75
2026-05-27T17:08:48.010	WT901BLE68(F3:F0:16:BF:DC:AE)	-0.005	0.777	0.565	0.427	-36.255	-17.456	51.17	3.23	-104.40	-28.833	39.967	2.987	0.62463	0.27127	-0.32614	-0.65555	25.6	null	null	13113	75
2026-05-27T17:08:48.134	WT901BLE68(F3:F0:16:BF:DC:AE)	-0.073	0.812	0.665	9.399	-31.555	-22.034	51.41	2.96	-104.66	-28.833	39.967	2.987	0.62463	0.27127	-0.32614	-0.65555	25.6	null	null	13113	75
2026-05-27T17:08:48.226	WT901BLE68(F3:F0:16:BF:DC:AE)	-0.077	0.843	0.575	21.240	-31.433	-21.118	52.53	2.74	-104.90	-28.833	39.967	2.987	0.53918	0.28488	-0.33490	-0.71823	25.6	null	null	13113	75
2026-05-27T17:08:48.341	WT901BLE68(F3:F0:16:BF:DC:AE)	-0.019	0.795	0.510	12.695	-52.795	-17.456	54.35	1.72	-106.26	-28.833	39.967	2.987	0.53918	0.28488	-0.33490	-0.71823	25.6	null	null	13113	75
2026-05-27T17:08:48.405	WT901BLE68(F3:F0:16:BF:DC:AE)	-0.082	0.847	0.682	4.333	-25.208	-6.775	54.93	1.24	-105.46	-28.833	39.967	2.987	0.53918	0.28488	-0.33490	-0.71823	25.6	null	null	13113	75
2026-05-27T17:08:48.525	WT901BLE68(F3:F0:16:BF:DC:AE)	-0.034	0.825	0.539	4.150	-38.269	-9.216	55.34	-0.09	-105.15	-28.833	39.967	2.987	0.53918	0.28488	-0.33490	-0.71823	25.6	null	null	13113	75
2026-05-27T17:08:48.613	WT901BLE68(F3:F0:16:BF:DC:AE)	0.033	0.789	0.571	-1.587	-41.504	-8.667	55.34	-1.44	-104.55	-28.833	39.967	2.987	0.53918	0.28488	-0.33490	-0.71823	25.6	null	null	13113	75
2026-05-27T17:08:48.733	WT901BLE68(F3:F0:16:BF:DC:AE)	0.011	0.854	0.580	-7.507	-37.292	-20.874	54.93	-2.43	-104.54	-28.833	39.967	2.987	0.53918	0.28488	-0.33490	-0.71823	25.6	null	null	13113	75
2026-05-27T17:08:48.824	WT901BLE68(F3:F0:16:BF:DC:AE)	0.002	0.847	0.645	-10.742	-23.865	-26.184	54.25	-2.29	-104.33	-28.833	39.967	2.987	0.53918	0.28488	-0.33490	-0.71823	25.6	null	null	13113	75
2026-05-27T17:08:48.941	WT901BLE68(F3:F0:16:BF:DC:AE)	-0.088	0.771	0.615	-10.925	-24.109	-36.011	53.37	-1.51	-104.21	-28.833	39.967	2.987	0.53918	0.28488	-0.33490	-0.71823	25.6	null	null	13113	75
2026-05-27T17:08:49.002	WT901BLE68(F3:F0:16:BF:DC:AE)	-0.011	0.886	0.617	-8.667	-32.227	-53.040	52.29	0.46	-104.72	-16.620	44.807	-3.300	0.53918	0.28488	-0.33490	-0.71823	25.6	null	null	13113	75
2026-05-27T17:08:49.121	WT901BLE68(F3:F0:16:BF:DC:AE)	-0.090	0.794	0.427	-0.427	-52.185	-33.325	52.01	1.86	-106.50	-16.620	44.807	-3.300	0.53546	0.27560	-0.34149	-0.72153	25.6	null	null	13113	75
2026-05-27T17:08:49.214	WT901BLE68(F3:F0:16:BF:DC:AE)	-0.009	0.780	0.550	10.315	-2.747	-16.724	52.53	2.00	-105.91	-16.620	44.807	-3.300	0.53546	0.27560	-0.34149	-0.72153	25.6	null	null	13113	75
2026-05-27T17:08:49.332	WT901BLE68(F3:F0:16:BF:DC:AE)	-0.029	0.787	0.460	17.883	-20.996	-2.747	53.78	2.42	-103.08	-16.620	44.807	-3.300	0.53546	0.27560	-0.34149	-0.72153	25.6	null	null	13113	75
2026-05-27T17:08:49.424	WT901BLE68(F3:F0:16:BF:DC:AE)	-0.105	0.783	0.704	1.709	-24.719	-4.822	54.38	2.22	-100.92	-16.620	44.807	-3.300	0.53546	0.27560	-0.34149	-0.72153	25.6	null	null	13113	75
2026-05-27T17:08:49.541	WT901BLE68(F3:F0:16:BF:DC:AE)	0.004	0.815	0.642	-2.258	-32.471	2.869	53.90	0.55	-99.29	-16.620	44.807	-3.300	0.53546	0.27560	-0.34149	-0.72153	25.6	null	null	13113	75
2026-05-27T17:08:49.634	WT901BLE68(F3:F0:16:BF:DC:AE)	0.003	0.822	0.599	2.075	-24.780	7.385	53.59	-1.54	-97.29	-16.620	44.807	-3.300	0.53546	0.27560	-0.34149	-0.72153	25.6	null	null	13113	75
2026-05-27T17:08:49.753	WT901BLE68(F3:F0:16:BF:DC:AE)	0.053	0.857	0.565	10.681	-29.175	12.939	54.20	-3.82	-94.64	-16.620	44.807	-3.300	0.53546	0.27560	-0.34149	-0.72153	25.6	null	null	13113	75
2026-05-27T17:08:49.810	WT901BLE68(F3:F0:16:BF:DC:AE)	0.058	0.881	0.460	14.954	-42.908	10.254	55.81	-6.35	-92.61	-12.587	45.313	-8.920	0.53546	0.27560	-0.34149	-0.72153	25.6	null	null	13113	75
2026-05-27T17:08:49.933	WT901BLE68(F3:F0:16:BF:DC:AE)	0.191	0.848	0.462	-0.610	-7.324	5.432	56.51	-8.16	-90.42	-12.587	45.313	-8.920	0.53546	0.27560	-0.34149	-0.72153	25.6	null	null	13113	75
2026-05-27T17:08:50.021	WT901BLE68(F3:F0:16:BF:DC:AE)	0.107	0.856	0.539	-4.028	-14.648	-8.301	56.57	-8.15	-87.62	-12.587	45.313	-8.920	0.65244	0.29495	-0.37491	-0.58881	25.6	null	null	13113	75
2026-05-27T17:08:50.145	WT901BLE68(F3:F0:16:BF:DC:AE)	0.098	0.844	0.530	-13.489	-1.953	-13.733	55.99	-7.87	-85.51	-12.587	45.313	-8.920	0.65244	0.29495	-0.37491	-0.58881	25.6	null	null	13113	75
2026-05-27T17:08:50.234	WT901BLE68(F3:F0:16:BF:DC:AE)	0.222	0.847	0.572	-15.503	-10.437	-23.926	54.92	-6.74	-84.03	-12.587	45.313	-8.920	0.65244	0.29495	-0.37491	-0.58881	25.6	null	null	13113	75
2026-05-27T17:08:50.354	WT901BLE68(F3:F0:16:BF:DC:AE)	0.055	0.821	0.543	-14.893	1.343	-39.490	53.88	-4.50	-82.73	-12.587	45.313	-8.920	0.65244	0.29495	-0.37491	-0.58881	25.6	null	null	13113	75
2026-05-27T17:08:50.441	WT901BLE68(F3:F0:16:BF:DC:AE)	0.022	0.879	0.582	-11.780	-7.324	-47.668	52.89	-1.36	-82.10	-12.587	45.313	-8.920	0.65244	0.29495	-0.37491	-0.58881	25.6	null	null	13113	75
2026-05-27T17:08:50.567	WT901BLE68(F3:F0:16:BF:DC:AE)	-0.134	0.848	0.572	13.428	17.212	-57.373	53.00	3.59	-81.51	-12.587	45.313	-8.920	0.65244	0.29495	-0.37491	-0.58881	25.6	null	null	13113	75
2026-05-27T17:08:50.621	WT901BLE68(F3:F0:16:BF:DC:AE)	-0.091	0.824	0.442	14.832	-16.479	-28.259	54.74	5.70	-81.71	-12.587	45.313	-8.920	0.65244	0.29495	-0.37491	-0.58881	25.6	null	null	13113	75
2026-05-27T17:08:50.742	WT901BLE68(F3:F0:16:BF:DC:AE)	-0.209	0.809	0.534	7.141	-3.967	-21.484	55.72	7.82	-79.79	-12.587	45.313	-8.920	0.65244	0.29495	-0.37491	-0.58881	25.6	null	null	13113	75
2026-05-27T17:08:50.830	WT901BLE68(F3:F0:16:BF:DC:AE)	-0.150	0.811	0.527	0.000	2.319	-15.686	55.90	8.99	-78.07	-18.827	47.273	-11.287	0.65244	0.29495	-0.37491	-0.58881	25.6	null	null	13113	75
2026-05-27T17:08:50.984	WT901BLE68(F3:F0:16:BF:DC:AE)	-0.178	0.773	0.624	-3.357	6.042	-7.080	55.63	9.87	-75.57	-18.827	47.273	-11.287	0.65244	0.29495	-0.37491	-0.58881	25.6	null	null	13113	75
2026-05-27T17:08:51.044	WT901BLE68(F3:F0:16:BF:DC:AE)	-0.192	0.856	0.625	-6.775	-24.597	-0.610	54.81	9.21	-73.78	-18.827	47.273	-11.287	0.67834	0.41330	-0.22089	-0.56580	25.6	null	null	13113	75
2026-05-27T17:08:51.166	WT901BLE68(F3:F0:16:BF:DC:AE)	-0.170	0.833	0.609	-6.531	-20.386	5.005	53.95	7.86	-71.95	-18.827	47.273	-11.287	0.67834	0.41330	-0.22089	-0.56580	25.6	null	null	13113	75
2026-05-27T17:08:51.222	WT901BLE68(F3:F0:16:BF:DC:AE)	-0.170	0.895	0.584	3.479	-12.268	15.747	53.73	6.07	-69.72	-18.827	47.273	-11.287	0.67834	0.41330	-0.22089	-0.56580	25.6	null	null	13113	75
2026-05-27T17:08:51.345	WT901BLE68(F3:F0:16:BF:DC:AE)	-0.087	0.914	0.625	21.667	-25.269	21.851	55.12	3.83	-66.89	-18.827	47.273	-11.287	0.67834	0.41330	-0.22089	-0.56580	25.6	null	null	13113	75
2026-05-27T17:08:51.431	WT901BLE68(F3:F0:16:BF:DC:AE)	-0.015	0.851	0.420	0.305	-0.122	15.503	56.23	1.46	-64.46	-18.827	47.273	-11.287	0.67834	0.41330	-0.22089	-0.56580	25.6	null	null	13113	75
2026-05-27T17:08:51.553	WT901BLE68(F3:F0:16:BF:DC:AE)	-0.107	0.878	0.600	2.441	2.502	-0.122	56.48	1.64	-60.84	-18.827	47.273	-11.287	0.67834	0.41330	-0.22089	-0.56580	25.6	null	null	13113	75
2026-05-27T17:08:51.641	WT901BLE68(F3:F0:16:BF:DC:AE)	0.010	0.826	0.493	-5.859	0.916	-3.418	56.33	1.81	-58.46	-12.967	44.507	-16.267	0.67834	0.41330	-0.22089	-0.56580	25.6	null	null	13113	75
2026-05-27T17:08:51.766	WT901BLE68(F3:F0:16:BF:DC:AE)	-0.063	0.843	0.590	-6.714	-1.282	-10.803	55.74	2.88	-56.06	-12.967	44.507	-16.267	0.67834	0.41330	-0.22089	-0.56580	25.6	null	null	13113	75
2026-05-27T17:08:51.853	WT901BLE68(F3:F0:16:BF:DC:AE)	-0.155	0.746	0.526	-7.324	6.592	-19.043	54.78	4.21	-54.45	-12.967	44.507	-16.267	0.78021	0.42294	-0.18549	-0.42172	25.6	null	null	13113	75
2026-05-27T17:08:51.977	WT901BLE68(F3:F0:16:BF:DC:AE)	-0.099	0.852	0.647	-6.714	0.671	-22.644	53.87	5.85	-53.34	-12.967	44.507	-16.267	0.78021	0.42294	-0.18549	-0.42172	25.6	null	null	13113	75
2026-05-27T17:08:52.031	WT901BLE68(F3:F0:16:BF:DC:AE)	-0.149	0.849	0.597	10.254	18.799	-29.114	53.94	8.29	-52.40	-12.967	44.507	-16.267	0.78021	0.42294	-0.18549	-0.42172	25.6	null	null	13113	75
2026-05-27T17:08:52.154	WT901BLE68(F3:F0:16:BF:DC:AE)	-0.136	0.796	0.489	23.071	-15.259	-17.822	55.68	10.34	-51.24	-12.967	44.507	-16.267	0.78021	0.42294	-0.18549	-0.42172	25.6	null	null	13113	75
2026-05-27T17:08:52.244	WT901BLE68(F3:F0:16:BF:DC:AE)	-0.180	0.852	0.523	1.648	7.080	-13.794	56.84	11.59	-50.63	-12.967	44.507	-16.267	0.78021	0.42294	-0.18549	-0.42172	25.6	null	null	13113	75
2026-05-27T17:08:52.365	WT901BLE68(F3:F0:16:BF:DC:AE)	-0.255	0.777	0.613	3.906	-4.761	-7.751	57.31	12.60	-48.73	-12.967	44.507	-16.267	0.78021	0.42294	-0.18549	-0.42172	25.6	null	null	13113	75
2026-05-27T17:08:52.453	WT901BLE68(F3:F0:16:BF:DC:AE)	-0.164	0.823	0.524	-1.892	-9.521	1.587	57.18	12.51	-48.19	-12.967	44.507	-16.267	0.78021	0.42294	-0.18549	-0.42172	25.6	null	null	13113	75
2026-05-27T17:08:52.570	WT901BLE68(F3:F0:16:BF:DC:AE)	-0.309	0.807	0.540	-0.793	-14.893	0.122	56.69	11.57	-47.08	-12.967	44.507	-16.267	0.78021	0.42294	-0.18549	-0.42172	25.6	null	null	13113	75
2026-05-27T17:08:52.630	WT901BLE68(F3:F0:16:BF:DC:AE)	-0.166	0.842	0.621	-6.653	-11.292	11.719	56.10	10.52	-45.75	-16.840	51.607	-19.393	0.78021	0.42294	-0.18549	-0.42172	25.6	null	null	13113	75
2026-05-27T17:08:52.752	WT901BLE68(F3:F0:16:BF:DC:AE)	-0.195	0.833	0.640	-8.667	-9.644	22.034	55.17	8.77	-44.04	-16.840	51.607	-19.393	0.78021	0.42294	-0.18549	-0.42172	25.6	null	null	13113	75
2026-05-27T17:08:52.843	WT901BLE68(F3:F0:16:BF:DC:AE)	-0.161	0.824	0.430	10.864	-9.827	20.630	55.02	6.44	-41.66	-16.840	51.607	-19.393	0.81125	0.45007	-0.11160	-0.35602	25.6	null	null	13113	75
2026-05-27T17:08:52.963	WT901BLE68(F3:F0:16:BF:DC:AE)	0.075	0.841	0.450	14.465	-30.151	32.776	56.68	3.81	-39.71	-16.840	51.607	-19.393	0.81125	0.45007	-0.11160	-0.35602	25.6	null	null	13113	75
2026-05-27T17:08:53.053	WT901BLE68(F3:F0:16:BF:DC:AE)	0.027	0.829	0.432	2.808	3.906	13.428	57.54	1.09	-37.44	-16.840	51.607	-19.393	0.81125	0.45007	-0.11160	-0.35602	25.6	null	null	13113	75
2026-05-27T17:08:53.173	WT901BLE68(F3:F0:16:BF:DC:AE)	-0.024	0.855	0.558	-3.357	-2.319	4.456	57.72	0.75	-35.23	-16.840	51.607	-19.393	0.81125	0.45007	-0.11160	-0.35602	25.6	null	null	13113	75
2026-05-27T17:08:53.231	WT901BLE68(F3:F0:16:BF:DC:AE)	-0.009	0.836	0.636	-12.939	22.278	-10.132	57.15	1.22	-33.13	-16.840	51.607	-19.393	0.81125	0.45007	-0.11160	-0.35602	25.6	null	null	13113	75
2026-05-27T17:08:53.386	WT901BLE68(F3:F0:16:BF:DC:AE)	-0.035	0.798	0.599	-13.306	5.005	-13.611	55.79	2.95	-30.98	-16.840	51.607	-19.393	0.81125	0.45007	-0.11160	-0.35602	25.6	null	null	13113	75
2026-05-27T17:08:53.441	WT901BLE68(F3:F0:16:BF:DC:AE)	-0.009	0.833	0.667	-12.573	7.446	-25.696	54.46	4.89	-30.21	-10.500	47.960	-23.640	0.81125	0.45007	-0.11160	-0.35602	25.6	null	null	13113	75
2026-05-27T17:08:53.564	WT901BLE68(F3:F0:16:BF:DC:AE)	-0.098	0.844	0.521	-6.836	11.475	-34.485	53.50	7.70	-29.95	-10.500	47.960	-23.640	0.81125	0.45007	-0.11160	-0.35602	25.6	null	null	13113	75
2026-05-27T17:08:53.654	WT901BLE68(F3:F0:16:BF:DC:AE)	-0.210	0.801	0.518	26.611	13.794	-26.245	54.37	11.18	-29.46	-10.500	47.960	-23.640	0.84888	0.45514	-0.03998	-0.26563	25.6	null	null	13113	75
2026-05-27T17:08:53.775	WT901BLE68(F3:F0:16:BF:DC:AE)	-0.199	0.843	0.387	12.817	-14.832	-24.597	56.12	12.30	-30.98	-10.500	47.960	-23.640	0.84888	0.45514	-0.03998	-0.26563	25.6	null	null	13113	75
2026-05-27T17:08:53.867	WT901BLE68(F3:F0:16:BF:DC:AE)	-0.370	0.819	0.660	7.568	-0.977	-11.536	57.02	13.75	-30.38	-10.500	47.960	-23.640	0.84888	0.45514	-0.03998	-0.26563	25.6	null	null	13113	75
2026-05-27T17:08:53.987	WT901BLE68(F3:F0:16:BF:DC:AE)	-0.282	0.807	0.449	4.822	-5.798	-11.353	57.34	14.41	-30.60	-10.500	47.960	-23.640	0.84888	0.45514	-0.03998	-0.26563	25.6	null	null	13113	75
2026-05-27T17:08:54.044	WT901BLE68(F3:F0:16:BF:DC:AE)	-0.373	0.820	0.583	-5.432	-15.320	-6.287	56.96	14.57	-30.23	-10.500	47.960	-23.640	0.84888	0.45514	-0.03998	-0.26563	25.6	null	null	13113	75
2026-05-27T17:08:54.167	WT901BLE68(F3:F0:16:BF:DC:AE)	-0.248	0.813	0.621	-5.859	-7.324	3.296	55.96	13.93	-30.22	-10.500	47.960	-23.640	0.84888	0.45514	-0.03998	-0.26563	25.6	null	null	13113	75
2026-05-27T17:08:54.255	WT901BLE68(F3:F0:16:BF:DC:AE)	-0.324	0.750	0.504	-4.089	-7.263	6.470	55.30	13.34	-28.95	-10.500	47.960	-23.640	0.84888	0.45514	-0.03998	-0.26563	25.6	null	null	13113	75
2026-05-27T17:08:54.375	WT901BLE68(F3:F0:16:BF:DC:AE)	-0.242	0.796	0.563	-4.761	-3.479	14.038	54.57	12.68	-27.27	-10.500	47.960	-23.640	0.84888	0.45514	-0.03998	-0.26563	25.6	null	null	13113	75
2026-05-27T17:08:54.464	WT901BLE68(F3:F0:16:BF:DC:AE)	-0.293	0.851	0.600	10.010	-7.019	15.869	54.67	11.71	-25.13	-16.053	56.493	-27.473	0.84888	0.45514	-0.03998	-0.26563	25.6	null	null	13113	75
2026-05-27T17:08:54.582	WT901BLE68(F3:F0:16:BF:DC:AE)	-0.101	0.805	0.283	8.606	-3.967	19.897	55.93	9.29	-24.32	-16.053	56.493	-27.473	0.84888	0.45514	-0.03998	-0.26563	25.6	null	null	13113	75
2026-05-27T17:08:54.642	WT901BLE68(F3:F0:16:BF:DC:AE)	-0.197	0.850	0.542	3.235	6.470	8.301	56.53	8.50	-22.12	-16.053	56.493	-27.473	0.85382	0.47415	-0.02939	-0.21265	25.6	null	null	13113	75
2026-05-27T17:08:54.820	WT901BLE68(F3:F0:16:BF:DC:AE)	-0.097	0.868	0.525	2.319	2.502	6.104	57.00	8.10	-20.80	-16.053	56.493	-27.473	0.85382	0.47415	-0.02939	-0.21265	25.6	null	null	13113	75
2026-05-27T17:08:54.854	WT901BLE68(F3:F0:16:BF:DC:AE)	-0.115	0.804	0.564	-3.479	5.005	-2.197	57.04	8.07	-19.59	-16.053	56.493	-27.473	0.85382	0.47415	-0.02939	-0.21265	25.6	null	null	13113	75
2026-05-27T17:08:54.973	WT901BLE68(F3:F0:16:BF:DC:AE)	-0.121	0.810	0.568	-5.127	0.244	-5.859	56.56	8.52	-18.91	-16.053	56.493	-27.473	0.85382	0.47415	-0.02939	-0.21265	25.6	null	null	13113	75
2026-05-27T17:08:55.063	WT901BLE68(F3:F0:16:BF:DC:AE)	-0.140	0.839	0.560	-3.906	0.793	-12.939	55.94	9.40	-18.64	-16.053	56.493	-27.473	0.85382	0.47415	-0.02939	-0.21265	25.6	null	null	13113	75
2026-05-27T17:08:55.184	WT901BLE68(F3:F0:16:BF:DC:AE)	-0.122	0.759	0.603	-0.977	8.362	-18.494	55.52	10.93	-18.62	-16.053	56.493	-27.473	0.85382	0.47415	-0.02939	-0.21265	25.6	null	null	13113	75
2026-05-27T17:08:55.273	WT901BLE68(F3:F0:16:BF:DC:AE)	-0.178	0.828	0.541	9.399	16.357	-24.536	55.74	13.04	-18.76	-15.567	58.987	-31.320	0.85382	0.47415	-0.02939	-0.21265	25.6	null	null	13113	75
2026-05-27T17:08:55.392	WT901BLE68(F3:F0:16:BF:DC:AE)	-0.333	0.839	0.507	26.123	0.977	-12.146	57.48	15.30	-18.20	-15.567	58.987	-31.320	0.85382	0.47415	-0.02939	-0.21265	25.6	null	null	13113	75
2026-05-27T17:08:55.454	WT901BLE68(F3:F0:16:BF:DC:AE)	-0.229	0.819	0.384	12.512	-5.005	-14.709	59.01	16.12	-18.85	-15.567	58.987	-31.320	0.83972	0.49988	0.04007	-0.20798	25.6	null	null	13113	75
2026-05-27T17:08:55.573	WT901BLE68(F3:F0:16:BF:DC:AE)	-0.398	0.839	0.547	6.958	-3.296	-2.625	59.57	16.71	-18.58	-15.567	58.987	-31.320	0.83972	0.49988	0.04007	-0.20798	25.6	null	null	13113	75
2026-05-27T17:08:55.666	WT901BLE68(F3:F0:16:BF:DC:AE)	-0.310	0.837	0.447	4.578	-15.198	-0.854	59.79	16.42	-18.80	-15.567	58.987	-31.320	0.83972	0.49988	0.04007	-0.20798	25.6	null	null	13113	75
2026-05-27T17:08:55.782	WT901BLE68(F3:F0:16:BF:DC:AE)	-0.293	0.823	0.504	-2.258	-9.399	4.211	59.39	15.81	-19.20	-15.567	58.987	-31.320	0.83972	0.49988	0.04007	-0.20798	25.6	null	null	13113	75
2026-05-27T17:08:55.873	WT901BLE68(F3:F0:16:BF:DC:AE)	-0.216	0.831	0.505	-8.301	-8.484	12.329	58.63	14.56	-19.22	-15.567	58.987	-31.320	0.83972	0.49988	0.04007	-0.20798	25.6	null	null	13113	75
2026-05-27T17:08:55.995	WT901BLE68(F3:F0:16:BF:DC:AE)	-0.195	0.830	0.537	-8.728	-17.212	14.099	57.70	12.96	-19.04	-15.567	58.987	-31.320	0.83972	0.49988	0.04007	-0.20798	25.6	null	null	13113	75
2026-05-27T17:08:56.051	WT901BLE68(F3:F0:16:BF:DC:AE)	-0.157	0.785	0.524	-5.920	-13.794	13.000	56.94	11.23	-19.18	-15.567	58.987	-31.320	0.83972	0.49988	0.04007	-0.20798	25.6	null	null	13113	75
2026-05-27T17:08:56.207	WT901BLE68(F3:F0:16:BF:DC:AE)	-0.186	0.833	0.555	-0.916	-23.376	16.357	56.47	9.16	-19.27	-15.567	58.987	-31.320	0.83972	0.49988	0.04007	-0.20798	25.6	null	null	13113	75
2026-05-27T17:08:56.259	WT901BLE68(F3:F0:16:BF:DC:AE)	-0.159	0.862	0.516	15.076	-23.560	21.118	57.00	6.67	-19.17	-14.687	61.187	-37.840	0.83972	0.49988	0.04007	-0.20798	25.6	null	null	13113	75
2026-05-27T17:08:56.381	WT901BLE68(F3:F0:16:BF:DC:AE)	-0.009	0.817	0.418	7.751	-23.071	19.531	58.10	3.58	-19.89	-14.687	61.187	-37.840	0.83972	0.49988	0.04007	-0.20798	25.6	null	null	13113	75
2026-05-27T17:08:56.505	WT901BLE68(F3:F0:16:BF:DC:AE)	-0.021	0.849	0.613	-0.977	-28.259	11.414	57.97	1.30	-20.11	-14.687	61.187	-37.840	0.85916	0.48151	-0.06363	-0.16086	25.6	null	null	13113	75
2026-05-27T17:08:56.595	WT901BLE68(F3:F0:16:BF:DC:AE)	0.073	0.864	0.459	-3.479	-23.132	3.723	57.89	-0.66	-21.46	-14.687	61.187	-37.840	0.85916	0.48151	-0.06363	-0.16086	25.6	null	null	13113	75
2026-05-27T17:08:56.681	WT901BLE68(F3:F0:16:BF:DC:AE)	0.049	0.813	0.545	-6.775	-10.681	-3.784	57.42	-0.71	-20.61	-14.687	61.187	-37.840	0.85916	0.48151	-0.06363	-0.16086	25.6	null	null	13113	75
2026-05-27T17:08:56.898	WT901BLE68(F3:F0:16:BF:DC:AE)	0.026	0.827	0.550	-10.620	-22.827	-15.564	56.55	-0.82	-22.09	-14.687	61.187	-37.840	0.85916	0.48151	-0.06363	-0.16086	25.6	null	null	13113	75
2026-05-27T17:08:56.920	WT901BLE68(F3:F0:16:BF:DC:AE)	0.032	0.802	0.599	-13.855	-21.057	-25.513	55.41	-0.22	-23.93	-14.687	61.187	-37.840	0.85916	0.48151	-0.06363	-0.16086	25.6	null	null	13113	75
2026-05-27T17:08:56.981	WT901BLE68(F3:F0:16:BF:DC:AE)	-0.002	0.792	0.557	-10.925	-9.644	-37.170	54.04	1.41	-26.22	-14.687	61.187	-37.840	0.85916	0.48151	-0.06363	-0.16086	25.6	null	null	13113	75
2026-05-27T17:08:57.072	WT901BLE68(F3:F0:16:BF:DC:AE)	-0.053	0.786	0.623	1.404	-18.250	-59.814	53.35	4.61	-29.37	-15.307	64.720	-42.460	0.85916	0.48151	-0.06363	-0.16086	25.6	null	null	13113	75
2026-05-27T17:08:57.193	WT901BLE68(F3:F0:16:BF:DC:AE)	-0.215	0.863	0.532	23.376	-19.897	-57.495	54.26	8.79	-33.00	-15.307	64.720	-42.460	0.85916	0.48151	-0.06363	-0.16086	25.6	null	null	13113	75
2026-05-27T17:08:57.280	WT901BLE68(F3:F0:16:BF:DC:AE)	-0.147	0.827	0.449	15.625	-31.128	-45.044	55.34	11.15	-37.05	-15.307	64.720	-42.460	0.82681	0.46341	-0.06409	-0.31207	25.6	null	null	13113	75
2026-05-27T17:08:57.404	WT901BLE68(F3:F0:16:BF:DC:AE)	-0.254	0.795	0.598	9.460	-22.461	-30.212	55.87	12.84	-39.53	-15.307	64.720	-42.460	0.82681	0.46341	-0.06409	-0.31207	25.6	null	null	13113	75
2026-05-27T17:08:57.464	WT901BLE68(F3:F0:16:BF:DC:AE)	-0.230	0.783	0.545	4.211	-24.353	-23.682	55.69	13.72	-41.86	-15.307	64.720	-42.460	0.82681	0.46341	-0.06409	-0.31207	25.6	null	null	13113	75
2026-05-27T17:08:57.615	WT901BLE68(F3:F0:16:BF:DC:AE)	-0.272	0.761	0.620	0.610	-23.743	-16.418	55.12	13.67	-44.00	-15.307	64.720	-42.460	0.82681	0.46341	-0.06409	-0.31207	25.6	null	null	13113	75
2026-05-27T17:08:57.672	WT901BLE68(F3:F0:16:BF:DC:AE)	-0.226	0.768	0.577	2.625	-31.067	-12.085	54.35	13.27	-45.83	-15.307	64.720	-42.460	0.82681	0.46341	-0.06409	-0.31207	25.6	null	null	13113	75
2026-05-27T17:08:57.796	WT901BLE68(F3:F0:16:BF:DC:AE)	-0.241	0.729	0.596	1.160	-33.325	-12.878	53.68	12.68	-47.60	-15.307	64.720	-42.460	0.82681	0.46341	-0.06409	-0.31207	25.6	null	null	13113	75
2026-05-27T17:08:57.885	WT901BLE68(F3:F0:16:BF:DC:AE)	-0.231	0.756	0.707	6.775	-36.621	-14.099	53.14	11.79	-49.64	-15.307	64.720	-42.460	0.82681	0.46341	-0.06409	-0.31207	25.6	null	null	13113	75
2026-05-27T17:08:58.001	WT901BLE68(F3:F0:16:BF:DC:AE)	-0.170	0.801	0.632	9.338	-50.354	-11.108	52.83	10.26	-52.63	-42.780	65.807	-45.533	0.82681	0.46341	-0.06409	-0.31207	25.6	null	null	13113	75
2026-05-27T17:08:58.093	WT901BLE68(F3:F0:16:BF:DC:AE)	-0.253	0.803	0.565	19.104	-59.875	-4.578	53.45	8.04	-55.22	-42.780	65.807	-45.533	0.82681	0.46341	-0.06409	-0.31207	25.6	null	null	13113	75
2026-05-27T17:08:58.213	WT901BLE68(F3:F0:16:BF:DC:AE)	-0.060	0.832	0.473	2.502	-31.738	-5.005	53.48	5.44	-58.71	-42.780	65.807	-45.533	0.76862	0.41690	-0.17612	-0.45200	25.6	null	null	13113	75
2026-05-27T17:08:58.275	WT901BLE68(F3:F0:16:BF:DC:AE)	-0.124	0.827	0.576	8.362	-48.218	-5.981	53.97	3.97	-60.23	-42.780	65.807	-45.533	0.76862	0.41690	-0.17612	-0.45200	25.6	null	null	13113	75
2026-05-27T17:08:58.393	WT901BLE68(F3:F0:16:BF:DC:AE)	-0.002	0.784	0.544	4.639	-42.664	-11.780	54.42	2.20	-62.79	-42.780	65.807	-45.533	0.76862	0.41690	-0.17612	-0.45200	25.6	null	null	13113	75
2026-05-27T17:08:58.482	WT901BLE68(F3:F0:16:BF:DC:AE)	-0.010	0.809	0.602	-2.991	-37.048	-16.907	54.34	1.25	-65.09	-42.780	65.807	-45.533	0.76862	0.41690	-0.17612	-0.45200	25.6	null	null	13113	75
2026-05-27T17:08:58.604	WT901BLE68(F3:F0:16:BF:DC:AE)	0.003	0.813	0.615	-3.845	-37.781	-23.621	54.03	0.85	-67.24	-42.780	65.807	-45.533	0.76862	0.41690	-0.17612	-0.45200	25.6	null	null	13113	75
2026-05-27T17:08:58.695	WT901BLE68(F3:F0:16:BF:DC:AE)	-0.002	0.796	0.639	-4.272	-30.640	-28.381	53.59	0.92	-69.74	-42.780	65.807	-45.533	0.76862	0.41690	-0.17612	-0.45200	25.6	null	null	13113	75
2026-05-27T17:08:58.816	WT901BLE68(F3:F0:16:BF:DC:AE)	-0.021	0.789	0.626	-4.211	-41.687	-42.664	52.98	1.60	-72.72	-42.780	65.807	-45.533	0.76862	0.41690	-0.17612	-0.45200	25.6	null	null	13113	75
2026-05-27T17:08:58.871	WT901BLE68(F3:F0:16:BF:DC:AE)	-0.165	0.876	0.586	14.587	-29.419	-46.265	52.96	3.38	-76.39	-58.887	58.693	-29.340	0.76862	0.41690	-0.17612	-0.45200	25.6	null	null	13113	75
2026-05-27T17:08:58.995	WT901BLE68(F3:F0:16:BF:DC:AE)	-0.103	0.831	0.497	5.127	-25.940	-35.706	53.99	4.76	-79.69	-58.887	58.693	-29.340	0.76862	0.41690	-0.17612	-0.45200	25.6	null	null	13113	75
2026-05-27T17:08:59.079	WT901BLE68(F3:F0:16:BF:DC:AE)	-0.205	0.852	0.603	0.732	-16.541	-24.292	54.15	6.17	-81.29	-58.887	58.693	-29.340	0.66226	0.37430	-0.26147	-0.59402	25.6	null	null	13113	75
2026-05-27T17:08:59.204	WT901BLE68(F3:F0:16:BF:DC:AE)	-0.108	0.818	0.620	-1.404	-22.156	-12.512	53.92	6.65	-82.02	-58.887	58.693	-29.340	0.66226	0.37430	-0.26147	-0.59402	25.6	null	null	13113	75
2026-05-27T17:08:59.292	WT901BLE68(F3:F0:16:BF:DC:AE)	-0.118	0.795	0.606	0.671	-34.119	-6.287	53.53	5.67	-83.01	-58.887	58.693	-29.340	0.66226	0.37430	-0.26147	-0.59402	25.6	null	null	13113	75
2026-05-27T17:08:59.418	WT901BLE68(F3:F0:16:BF:DC:AE)	-0.027	0.803	0.568	1.709	-38.452	6.348	53.31	3.85	-83.88	-58.887	58.693	-29.340	0.66226	0.37430	-0.26147	-0.59402	25.6	null	null	13113	75
2026-05-27T17:08:59.503	WT901BLE68(F3:F0:16:BF:DC:AE)	-0.042	0.800	0.571	2.014	-37.842	5.737	53.31	1.45	-84.46	-58.887	58.693	-29.340	0.66226	0.37430	-0.26147	-0.59402	25.6	null	null	13113	75
2026-05-27T17:08:59.626	WT901BLE68(F3:F0:16:BF:DC:AE)	0.029	0.788	0.598	4.333	-40.405	5.859	53.56	-1.03	-85.24	-58.887	58.693	-29.340	0.66226	0.37430	-0.26147	-0.59402	25.6	null	null	13113	75
2026-05-27T17:08:59.682	WT901BLE68(F3:F0:16:BF:DC:AE)	0.019	0.804	0.530	4.333	-28.564	8.911	54.02	-3.40	-85.68	-58.887	58.693	-29.340	0.66226	0.37430	-0.26147	-0.59402	25.6	null	null	13113	75
2026-05-27T17:08:59.805	WT901BLE68(F3:F0:16:BF:DC:AE)	0.087	0.842	0.598	4.517	-33.569	4.883	54.73	-5.40	-85.86	-58.887	58.693	-29.340	0.66226	0.37430	-0.26147	-0.59402	25.6	null	null	13113	75
2026-05-27T17:08:59.890	WT901BLE68(F3:F0:16:BF:DC:AE)	0.135	0.811	0.528	-5.249	-21.362	5.554	54.90	-7.35	-86.30	-55.660	55.393	-13.507	0.66226	0.37430	-0.26147	-0.59402	25.6	null	null	13113	75
2026-05-27T17:09:00.009	WT901BLE68(F3:F0:16:BF:DC:AE)	0.085	0.864	0.556	0.000	-17.944	-11.230	54.76	-7.89	-85.93	-55.660	55.393	-13.507	0.66992	0.29401	-0.35657	-0.58093	25.6	null	null	13113	75
2026-05-27T17:09:00.106	WT901BLE68(F3:F0:16:BF:DC:AE)	0.107	0.794	0.590	-2.869	-8.484	-18.921	54.91	-7.06	-85.96	-55.660	55.393	-13.507	0.66992	0.29401	-0.35657	-0.58093	25.6	null	null	13113	75
2026-05-27T17:09:00.222	WT901BLE68(F3:F0:16:BF:DC:AE)	0.147	0.806	0.608	-12.756	-11.475	-22.766	54.31	-5.98	-86.21	-55.660	55.393	-13.507	0.66992	0.29401	-0.35657	-0.58093	25.6	null	null	13113	75
2026-05-27T17:09:00.286	WT901BLE68(F3:F0:16:BF:DC:AE)	0.076	0.802	0.554	-12.756	-6.958	-30.090	53.30	-4.65	-86.86	-55.660	55.393	-13.507	0.66992	0.29401	-0.35657	-0.58093	25.6	null	null	13113	75
2026-05-27T17:09:00.402	WT901BLE68(F3:F0:16:BF:DC:AE)	0.009	0.867	0.700	-6.836	-12.329	-37.842	52.41	-2.32	-87.50	-55.660	55.393	-13.507	0.66992	0.29401	-0.35657	-0.58093	25.6	null	null	13113	75
2026-05-27T17:09:00.489	WT901BLE68(F3:F0:16:BF:DC:AE)	0.006	0.785	0.566	-6.653	-11.475	-52.063	51.87	0.17	-89.81	-55.660	55.393	-13.507	0.66992	0.29401	-0.35657	-0.58093	25.6	null	null	13113	75
2026-05-27T17:09:00.616	WT901BLE68(F3:F0:16:BF:DC:AE)	-0.278	0.873	0.542	24.231	16.846	-60.303	52.92	5.25	-91.33	-55.660	55.393	-13.507	0.66992	0.29401	-0.35657	-0.58093	25.6	null	null	13113	75
2026-05-27T17:09:00.701	WT901BLE68(F3:F0:16:BF:DC:AE)	0.062	0.818	0.433	19.409	-11.841	-54.260	54.95	8.93	-93.77	-63.240	40.640	-10.073	0.66992	0.29401	-0.35657	-0.58093	25.6	null	null	13113	75
2026-05-27T17:09:00.825	WT901BLE68(F3:F0:16:BF:DC:AE)	-0.450	0.856	0.548	14.038	2.502	-33.203	56.50	12.48	-93.78	-63.240	40.640	-10.073	0.66992	0.29401	-0.35657	-0.58093	25.6	null	null	13113	75
2026-05-27T17:09:00.913	WT901BLE68(F3:F0:16:BF:DC:AE)	-0.229	0.824	0.510	15.747	-14.404	-23.804	57.77	14.15	-93.89	-63.240	40.640	-10.073	0.55261	0.40369	-0.27640	-0.67465	25.6	null	null	13113	75
2026-05-27T17:09:01.032	WT901BLE68(F3:F0:16:BF:DC:AE)	-0.273	0.786	0.540	1.160	-1.160	-5.920	57.63	14.73	-94.33	-63.240	40.640	-10.073	0.55261	0.40369	-0.27640	-0.67465	25.6	null	null	13113	75
2026-05-27T17:09:01.091	WT901BLE68(F3:F0:16:BF:DC:AE)	-0.273	0.787	0.492	2.991	-23.376	2.869	57.35	13.93	-93.78	-63.240	40.640	-10.073	0.55261	0.40369	-0.27640	-0.67465	25.6	null	null	13113	75
2026-05-27T17:09:01.213	WT901BLE68(F3:F0:16:BF:DC:AE)	-0.292	0.846	0.559	-8.484	-17.151	7.019	56.56	12.54	-93.57	-63.240	40.640	-10.073	0.55261	0.40369	-0.27640	-0.67465	25.6	null	null	13113	75
2026-05-27T17:09:01.302	WT901BLE68(F3:F0:16:BF:DC:AE)	-0.180	0.802	0.574	-8.118	-10.437	21.545	55.65	10.37	-92.23	-63.240	40.640	-10.073	0.55261	0.40369	-0.27640	-0.67465	25.6	null	null	13113	75
2026-05-27T17:09:01.424	WT901BLE68(F3:F0:16:BF:DC:AE)	-0.138	0.892	0.638	14.099	-34.302	25.146	56.40	7.81	-90.27	-63.240	40.640	-10.073	0.55261	0.40369	-0.27640	-0.67465	25.6	null	null	13113	75
2026-05-27T17:09:01.514	WT901BLE68(F3:F0:16:BF:DC:AE)	-0.112	0.816	0.231	0.793	-0.122	22.522	57.00	5.20	-88.17	-63.240	40.640	-10.073	0.55261	0.40369	-0.27640	-0.67465	25.6	null	null	13113	75
2026-05-27T17:09:01.631	WT901BLE68(F3:F0:16:BF:DC:AE)	-0.080	0.800	0.614	-3.296	-2.808	11.536	57.37	4.32	-85.31	-60.720	41.713	-12.947	0.55261	0.40369	-0.27640	-0.67465	25.6	null	null	13113	75
2026-05-27T17:09:01.695	WT901BLE68(F3:F0:16:BF:DC:AE)	0.013	0.838	0.477	-4.883	3.540	2.991	57.27	3.04	-84.07	-60.720	41.713	-12.947	0.55261	0.40369	-0.27640	-0.67465	25.6	null	null	13113	75
2026-05-27T17:09:01.815	WT901BLE68(F3:F0:16:BF:DC:AE)	-0.042	0.852	0.644	-9.155	9.338	-6.836	56.78	3.55	-82.44	-60.720	41.713	-12.947	0.55261	0.40369	-0.27640	-0.67465	25.6	null	null	13113	75
2026-05-27T17:09:01.900	WT901BLE68(F3:F0:16:BF:DC:AE)	-0.031	0.849	0.561	-8.972	-7.507	-16.235	55.89	4.42	-81.41	-60.720	41.713	-12.947	0.65421	0.37637	-0.28830	-0.58917	25.6	null	null	13113	75
2026-05-27T17:09:02.024	WT901BLE68(F3:F0:16:BF:DC:AE)	-0.089	0.840	0.594	-4.761	-2.319	-19.836	55.22	5.89	-81.15	-60.720	41.713	-12.947	0.65421	0.37637	-0.28830	-0.58917	25.6	null	null	13113	75
2026-05-27T17:09:02.112	WT901BLE68(F3:F0:16:BF:DC:AE)	-0.081	0.845	0.525	6.409	14.343	-24.353	55.01	7.80	-80.96	-60.720	41.713	-12.947	0.65421	0.37637	-0.28830	-0.58917	25.6	null	null	13113	75
2026-05-27T17:09:02.236	WT901BLE68(F3:F0:16:BF:DC:AE)	-0.396	0.923	0.711	13.977	-0.061	-17.578	56.91	9.55	-80.57	-60.720	41.713	-12.947	0.65421	0.37637	-0.28830	-0.58917	25.6	null	null	13113	75
2026-05-27T17:09:02.327	WT901BLE68(F3:F0:16:BF:DC:AE)	-0.224	0.831	0.461	4.883	6.165	-13.062	57.89	10.15	-81.22	-60.720	41.713	-12.947	0.65421	0.37637	-0.28830	-0.58917	25.6	null	null	13113	75
2026-05-27T17:09:02.443	WT901BLE68(F3:F0:16:BF:DC:AE)	-0.372	0.863	0.582	5.310	-16.907	-6.775	58.16	10.44	-80.55	-60.720	41.713	-12.947	0.65421	0.37637	-0.28830	-0.58917	25.6	null	null	13113	75
2026-05-27T17:09:02.502	WT901BLE68(F3:F0:16:BF:DC:AE)	-0.078	0.808	0.492	-3.906	5.005	-4.456	58.02	10.24	-80.95	-63.847	38.380	-15.673	0.65421	0.37637	-0.28830	-0.58917	25.6	null	null	13113	75
2026-05-27T17:09:02.625	WT901BLE68(F3:F0:16:BF:DC:AE)	-0.260	0.860	0.684	-7.507	-5.554	2.441	57.35	10.40	-79.76	-63.847	38.380	-15.673	0.65421	0.37637	-0.28830	-0.58917	25.6	null	null	13113	75
2026-05-27T17:09:02.712	WT901BLE68(F3:F0:16:BF:DC:AE)	-0.211	0.806	0.541	-5.859	-12.268	2.441	56.50	9.65	-79.21	-63.847	38.380	-15.673	0.64816	0.41330	-0.24384	-0.59119	25.6	null	null	13113	75
2026-05-27T17:09:02.834	WT901BLE68(F3:F0:16:BF:DC:AE)	-0.094	0.818	0.548	-3.479	-17.822	8.484	55.81	8.61	-78.74	-63.847	38.380	-15.673	0.64816	0.41330	-0.24384	-0.59119	25.6	null	null	13113	75
2026-05-27T17:09:02.923	WT901BLE68(F3:F0:16:BF:DC:AE)	-0.216	0.813	0.514	3.540	-11.353	15.991	55.68	6.83	-78.03	-63.847	38.380	-15.673	0.64816	0.41330	-0.24384	-0.59119	25.6	null	null	13113	75
2026-05-27T17:09:03.045	WT901BLE68(F3:F0:16:BF:DC:AE)	-0.158	0.881	0.593	22.034	-29.236	18.188	57.02	4.65	-77.30	-63.847	38.380	-15.673	0.64816	0.41330	-0.24384	-0.59119	25.6	null	null	13113	75
2026-05-27T17:09:03.106	WT901BLE68(F3:F0:16:BF:DC:AE)	0.040	0.861	0.372	6.348	-6.226	16.663	58.19	2.20	-76.82	-63.847	38.380	-15.673	0.64816	0.41330	-0.24384	-0.59119	25.6	null	null	13113	75
2026-05-27T17:09:03.221	WT901BLE68(F3:F0:16:BF:DC:AE)	-0.022	0.850	0.631	1.038	12.268	4.639	58.58	2.26	-74.49	-63.847	38.380	-15.673	0.64816	0.41330	-0.24384	-0.59119	25.6	null	null	13113	75
2026-05-27T17:09:03.314	WT901BLE68(F3:F0:16:BF:DC:AE)	-0.036	0.877	0.497	-4.761	1.343	-1.038	58.62	2.03	-72.80	-63.847	38.380	-15.673	0.64816	0.41330	-0.24384	-0.59119	25.6	null	null	13113	75
2026-05-27T17:09:03.431	WT901BLE68(F3:F0:16:BF:DC:AE)	-0.036	0.845	0.610	-7.385	10.193	-6.958	58.08	2.69	-71.21	-63.847	38.380	-15.673	0.64816	0.41330	-0.24384	-0.59119	25.6	null	null	13113	75
2026-05-27T17:09:03.522	WT901BLE68(F3:F0:16:BF:DC:AE)	-0.023	0.842	0.527	-7.324	5.493	-12.268	57.29	3.64	-70.45	-57.180	43.893	-18.747	0.64816	0.41330	-0.24384	-0.59119	25.6	null	null	13113	75
2026-05-27T17:09:03.640	WT901BLE68(F3:F0:16:BF:DC:AE)	0.000	0.846	0.521	-3.174	-3.723	-21.118	56.51	5.13	-70.37	-57.180	43.893	-18.747	0.70813	0.40820	-0.24619	-0.52078	25.6	null	null	13113	75
2026-05-27T17:09:03.730	WT901BLE68(F3:F0:16:BF:DC:AE)	-0.039	0.810	0.602	-0.793	10.254	-20.264	56.45	6.80	-70.34	-57.180	43.893	-18.747	0.70813	0.40820	-0.24619	-0.52078	25.6	null	null	13113	75
2026-05-27T17:09:03.856	WT901BLE68(F3:F0:16:BF:DC:AE)	-0.160	0.848	0.594	10.010	27.954	-27.832	56.93	9.84	-69.25	-57.180	43.893	-18.747	0.70813	0.40820	-0.24619	-0.52078	25.6	null	null	13113	75
2026-05-27T17:09:03.912	WT901BLE68(F3:F0:16:BF:DC:AE)	-0.271	0.902	0.490	15.991	-5.371	-17.761	58.29	12.12	-68.43	-57.180	43.893	-18.747	0.70813	0.40820	-0.24619	-0.52078	25.6	null	null	13113	75
2026-05-27T17:09:04.035	WT901BLE68(F3:F0:16:BF:DC:AE)	-0.059	0.866	0.437	9.949	-15.381	-8.179	59.01	12.94	-69.59	-57.180	43.893	-18.747	0.70813	0.40820	-0.24619	-0.52078	25.6	null	null	13113	75
2026-05-27T17:09:04.124	WT901BLE68(F3:F0:16:BF:DC:AE)	-0.275	0.846	0.481	7.568	0.610	-7.019	59.97	13.49	-69.52	-57.180	43.893	-18.747	0.70813	0.40820	-0.24619	-0.52078	25.6	null	null	13113	75
2026-05-27T17:09:04.276	WT901BLE68(F3:F0:16:BF:DC:AE)	-0.280	0.830	0.462	-2.991	6.897	-5.371	60.22	14.30	-68.53	-57.180	43.893	-18.747	0.70813	0.40820	-0.24619	-0.52078	25.6	null	null	13113	75
2026-05-27T17:09:04.333	WT901BLE68(F3:F0:16:BF:DC:AE)	-0.285	0.809	0.500	-7.813	-21.729	-3.174	59.47	14.59	-67.81	-64.753	39.633	-20.700	0.70813	0.40820	-0.24619	-0.52078	25.6	null	null	13113	75
2026-05-27T17:09:04.454	WT901BLE68(F3:F0:16:BF:DC:AE)	-0.270	0.837	0.570	-13.123	4.944	6.958	58.23	13.94	-67.68	-64.753	39.633	-20.700	0.70813	0.40820	-0.24619	-0.52078	25.6	null	null	13113	75
2026-05-27T17:09:04.511	WT901BLE68(F3:F0:16:BF:DC:AE)	-0.209	0.832	0.571	-9.705	-1.038	15.076	57.23	13.22	-66.40	-64.753	39.633	-20.700	0.69376	0.45718	-0.17691	-0.52753	25.6	null	null	13113	75
2026-05-27T17:09:04.632	WT901BLE68(F3:F0:16:BF:DC:AE)	-0.210	0.812	0.537	-5.371	-1.404	18.799	56.47	12.09	-64.69	-64.753	39.633	-20.700	0.69376	0.45718	-0.17691	-0.52753	25.6	null	null	13113	75
2026-05-27T17:09:04.725	WT901BLE68(F3:F0:16:BF:DC:AE)	-0.276	0.871	0.537	7.935	10.071	23.499	56.68	10.64	-62.40	-64.753	39.633	-20.700	0.69376	0.45718	-0.17691	-0.52753	25.6	null	null	13113	75
2026-05-27T17:09:04.847	WT901BLE68(F3:F0:16:BF:DC:AE)	-0.157	0.875	0.419	12.024	-18.066	26.489	58.06	7.99	-61.43	-64.753	39.633	-20.700	0.69376	0.45718	-0.17691	-0.52753	25.6	null	null	13113	75
2026-05-27T17:09:04.932	WT901BLE68(F3:F0:16:BF:DC:AE)	0.027	0.870	0.583	0.916	10.681	21.057	58.86	5.85	-60.31	-64.753	39.633	-20.700	0.69376	0.45718	-0.17691	-0.52753	25.6	null	null	13113	75
2026-05-27T17:09:05.055	WT901BLE68(F3:F0:16:BF:DC:AE)	-0.099	0.879	0.502	1.648	4.150	13.672	59.10	4.79	-58.32	-64.753	39.633	-20.700	0.69376	0.45718	-0.17691	-0.52753	25.6	null	null	13113	75
2026-05-27T17:09:05.142	WT901BLE68(F3:F0:16:BF:DC:AE)	-0.100	0.852	0.537	-5.371	14.282	5.432	58.95	4.22	-56.45	-64.753	39.633	-20.700	0.69376	0.45718	-0.17691	-0.52753	25.6	null	null	13113	75
2026-05-27T17:09:05.263	WT901BLE68(F3:F0:16:BF:DC:AE)	0.024	0.812	0.586	-7.874	-0.244	4.822	58.36	4.59	-55.01	-57.173	46.840	-23.920	0.69376	0.45718	-0.17691	-0.52753	25.6	null	null	13113	75
2026-05-27T17:09:05.322	WT901BLE68(F3:F0:16:BF:DC:AE)	-0.143	0.866	0.568	-10.071	1.709	-5.127	57.31	4.74	-54.68	-57.173	46.840	-23.920	0.69376	0.45718	-0.17691	-0.52753	25.6	null	null	13113	75
2026-05-27T17:09:05.445	WT901BLE68(F3:F0:16:BF:DC:AE)	-0.027	0.821	0.610	-8.911	6.897	-10.437	56.24	5.87	-54.34	-57.173	46.840	-23.920	0.69376	0.45718	-0.17691	-0.52753	25.6	null	null	13113	75
2026-05-27T17:09:05.532	WT901BLE68(F3:F0:16:BF:DC:AE)	-0.138	0.813	0.584	-3.967	4.028	-17.334	55.50	7.28	-54.37	-57.173	46.840	-23.920	0.77316	0.43918	-0.16962	-0.42480	25.6	null	null	13113	75
2026-05-27T17:09:05.653	WT901BLE68(F3:F0:16:BF:DC:AE)	-0.196	0.874	0.566	9.460	9.399	-20.325	55.59	8.95	-54.72	-57.173	46.840	-23.920	0.77316	0.43918	-0.16962	-0.42480	25.6	null	null	13113	75
2026-05-27T17:09:05.743	WT901BLE68(F3:F0:16:BF:DC:AE)	-0.169	0.878	0.579	12.695	-3.662	-12.573	56.88	10.03	-55.02	-57.173	46.840	-23.920	0.77316	0.43918	-0.16962	-0.42480	25.6	null	null	13113	75
2026-05-27T17:09:05.895	WT901BLE68(F3:F0:16:BF:DC:AE)	-0.164	0.839	0.473	2.258	-1.953	-6.042	57.43	10.35	-56.04	-57.173	46.840	-23.920	0.77316	0.43918	-0.16962	-0.42480	25.6	null	null	13113	75
2026-05-27T17:09:05.921	WT901BLE68(F3:F0:16:BF:DC:AE)	-0.179	0.837	0.600	0.854	-18.799	4.211	57.40	9.74	-56.51	-57.173	46.840	-23.920	0.77316	0.43918	-0.16962	-0.42480	25.6	null	null	13113	75
2026-05-27T17:09:06.075	WT901BLE68(F3:F0:16:BF:DC:AE)	-0.178	0.801	0.547	-8.362	-24.963	2.930	56.67	8.49	-58.06	-57.173	46.840	-23.920	0.77316	0.43918	-0.16962	-0.42480	25.6	null	null	13113	75
2026-05-27T17:09:06.132	WT901BLE68(F3:F0:16:BF:DC:AE)	0.469	0.698	0.433	-16.479	-25.208	35.400	55.25	6.77	-58.30	-57.173	46.840	-23.920	0.77316	0.43918	-0.16962	-0.42480	25.6	null	null	13113	60
2026-05-27T17:09:06.253	WT901BLE68(F3:F0:16:BF:DC:AE)	-0.214	0.845	0.616	-7.568	-40.771	14.038	54.39	2.71	-60.14	-57.173	46.840	-23.920	0.77316	0.43918	-0.16962	-0.42480	25.6	null	null	13113	60
2026-05-27T17:09:06.343	WT901BLE68(F3:F0:16:BF:DC:AE)	0.064	0.811	0.539	3.967	-51.270	16.052	54.18	-0.66	-62.05	-57.173	46.840	-23.920	0.77316	0.43918	-0.16962	-0.42480	25.6	null	null	13113	60
2026-05-27T17:09:06.462	WT901BLE68(F3:F0:16:BF:DC:AE)	0.050	0.858	0.558	16.968	-44.189	7.385	55.27	-3.53	-63.90	-57.173	46.840	-23.920	0.77316	0.43918	-0.16962	-0.42480	25.7	null	null	13113	60
2026-05-27T17:09:06.552	WT901BLE68(F3:F0:16:BF:DC:AE)	0.169	0.841	0.388	15.686	-23.926	4.822	57.54	-5.84	-66.19	-57.173	46.840	-23.920	0.77316	0.43918	-0.16962	-0.42480	25.7	null	null	13113	60
2026-05-27T17:09:06.675	WT901BLE68(F3:F0:16:BF:DC:AE)	0.166	0.875	0.523	13.977	-13.733	2.014	59.32	-7.11	-66.59	-45.060	48.507	-16.567	0.77316	0.43918	-0.16962	-0.42480	25.7	null	null	13113	60
2026-05-27T17:09:06.734	WT901BLE68(F3:F0:16:BF:DC:AE)	0.018	0.904	0.502	14.709	-29.907	2.258	61.17	-7.93	-66.52	-45.060	48.507	-16.567	0.77316	0.43918	-0.16962	-0.42480	25.7	null	null	13113	60
2026-05-27T17:09:06.851	WT901BLE68(F3:F0:16:BF:DC:AE)	0.113	0.851	0.534	-3.601	4.700	-3.479	61.96	-8.78	-66.79	-45.060	48.507	-16.567	0.77316	0.43918	-0.16962	-0.42480	25.7	null	null	13113	60
2026-05-27T17:09:06.974	WT901BLE68(F3:F0:16:BF:DC:AE)	0.242	0.783	0.550	-16.357	-5.188	-8.850	60.64	-8.77	-66.30	-45.060	48.507	-16.567	0.73685	0.39090	-0.33572	-0.43753	25.7	null	null	13113	60
2026-05-27T17:09:07.066	WT901BLE68(F3:F0:16:BF:DC:AE)	0.210	0.855	0.561	-23.621	-31.860	-16.113	58.93	-8.88	-67.85	-45.060	48.507	-16.567	0.73685	0.39090	-0.33572	-0.43753	25.7	null	null	13113	60
2026-05-27T17:09:07.156	WT901BLE68(F3:F0:16:BF:DC:AE)	0.178	0.808	0.609	-25.513	-15.869	-28.442	56.90	-8.18	-69.65	-45.060	48.507	-16.567	0.73685	0.39090	-0.33572	-0.43753	25.7	null	null	13113	60
2026-05-27T17:09:07.272	WT901BLE68(F3:F0:16:BF:DC:AE)	0.104	0.881	0.596	-29.358	-41.199	-49.072	54.70	-6.40	-73.26	-45.060	48.507	-16.567	0.73685	0.39090	-0.33572	-0.43753	25.7	null	null	13113	60
2026-05-27T17:09:07.334	WT901BLE68(F3:F0:16:BF:DC:AE)	-0.138	0.911	0.454	2.441	-0.427	-54.932	53.83	-2.54	-76.34	-45.060	48.507	-16.567	0.73685	0.39090	-0.33572	-0.43753	25.7	null	null	13113	60
2026-05-27T17:09:07.460	WT901BLE68(F3:F0:16:BF:DC:AE)	-0.074	0.830	0.504	-0.244	-18.616	-53.772	54.70	0.47	-79.91	-45.060	48.507	-16.567	0.73685	0.39090	-0.33572	-0.43753	25.7	null	null	13113	60
2026-05-27T17:09:07.545	WT901BLE68(F3:F0:16:BF:DC:AE)	-0.139	0.858	0.579	-1.648	23.743	-30.945	54.73	3.87	-80.65	-46.913	37.247	-7.453	0.73685	0.39090	-0.33572	-0.43753	25.7	null	null	13113	60
2026-05-27T17:09:07.665	WT901BLE68(F3:F0:16:BF:DC:AE)	-0.167	0.796	0.579	0.366	9.277	-17.334	54.65	6.05	-80.26	-46.913	37.247	-7.453	0.73685	0.39090	-0.33572	-0.43753	25.7	null	null	13113	60
2026-05-27T17:09:07.768	WT901BLE68(F3:F0:16:BF:DC:AE)	-0.126	0.822	0.684	1.526	-13.245	-4.700	54.49	6.42	-80.54	-46.913	37.247	-7.453	0.66043	0.38162	-0.25711	-0.59326	25.7	null	null	13113	60
2026-05-27T17:09:07.869	WT901BLE68(F3:F0:16:BF:DC:AE)	-0.122	0.806	0.601	0.610	-28.442	-3.357	54.35	5.34	-81.39	-46.913	37.247	-7.453	0.66043	0.38162	-0.25711	-0.59326	25.7	null	null	13113	60
2026-05-27T17:09:07.965	WT901BLE68(F3:F0:16:BF:DC:AE)	-0.087	0.789	0.708	4.883	-36.133	-13.062	54.11	3.31	-85.16	-46.913	37.247	-7.453	0.66043	0.38162	-0.25711	-0.59326	25.7	null	null	13113	60
2026-05-27T17:09:08.082	WT901BLE68(F3:F0:16:BF:DC:AE)	0.112	0.757	0.618	7.813	-38.757	-13.000	54.24	1.99	-87.85	-46.913	37.247	-7.453	0.66043	0.38162	-0.25711	-0.59326	25.7	null	null	13113	60
2026-05-27T17:09:08.143	WT901BLE68(F3:F0:16:BF:DC:AE)	-0.097	0.827	0.742	-4.272	-26.001	-18.555	54.07	1.69	-88.99	-46.913	37.247	-7.453	0.66043	0.38162	-0.25711	-0.59326	25.7	null	null	13113	60
2026-05-27T17:09:08.263	WT901BLE68(F3:F0:16:BF:DC:AE)	-0.165	0.816	0.649	1.831	-32.776	-23.682	53.53	1.30	-90.79	-46.913	37.247	-7.453	0.66043	0.38162	-0.25711	-0.59326	25.7	null	null	13113	60
2026-05-27T17:09:08.362	WT901BLE68(F3:F0:16:BF:DC:AE)	-0.034	0.843	0.519	13.489	-50.354	-14.160	54.50	0.76	-92.80	-46.913	37.247	-7.453	0.66043	0.38162	-0.25711	-0.59326	25.7	null	null	13113	60
2026-05-27T17:09:08.471	WT901BLE68(F3:F0:16:BF:DC:AE)	-0.068	0.849	0.555	4.333	-2.991	-5.188	55.02	1.10	-92.94	-36.993	35.560	1.440	0.66043	0.38162	-0.25711	-0.59326	25.7	null	null	13113	60
2026-05-27T17:09:08.564	WT901BLE68(F3:F0:16:BF:DC:AE)	-0.092	0.857	0.556	9.644	-29.541	-14.648	56.17	0.95	-93.37	-36.993	35.560	1.440	0.66043	0.38162	-0.25711	-0.59326	25.7	null	null	13113	60
2026-05-27T17:09:08.712	WT901BLE68(F3:F0:16:BF:DC:AE)	0.011	0.821	0.532	1.953	-25.879	-13.550	56.76	0.73	-94.77	-36.993	35.560	1.440	0.59564	0.32700	-0.34409	-0.64789	25.7	null	null	13113	60
2026-05-27T17:09:08.743	WT901BLE68(F3:F0:16:BF:DC:AE)	0.024	0.802	0.611	-4.761	-29.358	-19.287	56.51	0.55	-96.05	-36.993	35.560	1.440	0.59564	0.32700	-0.34409	-0.64789	25.7	null	null	13113	60
2026-05-27T17:09:08.865	WT901BLE68(F3:F0:16:BF:DC:AE)	-0.037	0.872	0.653	-12.268	-31.860	-28.809	55.54	0.76	-97.75	-36.993	35.560	1.440	0.59564	0.32700	-0.34409	-0.64789	25.7	null	null	13113	60
2026-05-27T17:09:08.951	WT901BLE68(F3:F0:16:BF:DC:AE)	-0.067	0.844	0.598	-14.648	-20.935	-46.021	54.08	1.97	-100.07	-36.993	35.560	1.440	0.59564	0.32700	-0.34409	-0.64789	25.7	null	null	13113	60
2026-05-27T17:09:09.075	WT901BLE68(F3:F0:16:BF:DC:AE)	-0.098	0.823	0.525	-3.723	-18.005	-59.326	52.66	4.82	-102.37	-36.993	35.560	1.440	0.59564	0.32700	-0.34409	-0.64789	25.7	null	null	13113	60
2026-05-27T17:09:09.164	WT901BLE68(F3:F0:16:BF:DC:AE)	-0.257	0.833	0.566	21.484	-31.189	-38.269	53.55	8.20	-104.11	-36.993	35.560	1.440	0.59564	0.32700	-0.34409	-0.64789	25.7	null	null	13113	60
2026-05-27T17:09:09.288	WT901BLE68(F3:F0:16:BF:DC:AE)	-0.250	0.821	0.534	11.902	-14.709	-26.184	54.57	9.53	-105.51	-36.993	35.560	1.440	0.59564	0.32700	-0.34409	-0.64789	25.7	null	null	13113	60
2026-05-27T17:09:09.372	WT901BLE68(F3:F0:16:BF:DC:AE)	-0.152	0.801	0.656	15.198	-35.950	-23.804	55.34	10.32	-106.08	-30.653	37.407	5.260	0.59564	0.32700	-0.34409	-0.64789	25.7	null	null	13113	60
2026-05-27T17:09:09.494	WT901BLE68(F3:F0:16:BF:DC:AE)	-0.170	0.752	0.656	5.981	-26.489	-11.536	55.64	10.89	-105.86	-30.653	37.407	5.260	0.59564	0.32700	-0.34409	-0.64789	25.7	null	null	13113	60
2026-05-27T17:09:09.550	WT901BLE68(F3:F0:16:BF:DC:AE)	-0.218	0.821	0.638	5.493	-37.781	-8.728	55.26	9.72	-105.85	-30.653	37.407	5.260	0.49887	0.34415	-0.32053	-0.72791	25.7	null	null	13113	60
2026-05-27T17:09:09.676	WT901BLE68(F3:F0:16:BF:DC:AE)	-0.160	0.803	0.626	0.366	-41.321	-5.066	54.88	8.08	-105.75	-30.653	37.407	5.260	0.49887	0.34415	-0.32053	-0.72791	25.7	null	null	13113	60
2026-05-27T17:09:09.765	WT901BLE68(F3:F0:16:BF:DC:AE)	-0.240	0.789	0.548	-3.418	-42.603	-16.907	53.86	6.54	-106.03	-30.653	37.407	5.260	0.49887	0.34415	-0.32053	-0.72791	25.7	null	null	13113	60
2026-05-27T17:09:09.881	WT901BLE68(F3:F0:16:BF:DC:AE)	-0.234	0.881	0.631	4.211	-29.419	-15.137	53.25	5.37	-106.41	-30.653	37.407	5.260	0.49887	0.34415	-0.32053	-0.72791	25.7	null	null	13113	60
2026-05-27T17:09:09.974	WT901BLE68(F3:F0:16:BF:DC:AE)	-0.063	0.832	0.585	15.869	-59.998	-9.583	54.06	4.23	-106.23	-30.653	37.407	5.260	0.49887	0.34415	-0.32053	-0.72791	25.7	null	null	13113	60
2026-05-27T17:09:10.093	WT901BLE68(F3:F0:16:BF:DC:AE)	-0.448	1.138	0.500	-9.460	-34.790	-36.438	54.10	3.71	-105.73	-30.653	37.407	5.260	0.49887	0.34415	-0.32053	-0.72791	25.7	null	null	13113	60
2026-05-27T17:09:10.161	WT901BLE68(F3:F0:16:BF:DC:AE)	-0.193	1.040	0.678	-68.848	61.218	-127.136	50.43	10.03	-107.39	-30.653	37.407	5.260	0.49887	0.34415	-0.32053	-0.72791	25.7	null	null	13113	60
2026-05-27T17:09:10.273	WT901BLE68(F3:F0:16:BF:DC:AE)	-0.583	0.674	0.445	-45.898	91.797	-182.922	43.16	27.52	-108.38	-30.653	37.407	5.260	0.49887	0.34415	-0.32053	-0.72791	25.7	null	null	13113	60
2026-05-27T17:09:10.361	WT901BLE68(F3:F0:16:BF:DC:AE)	-0.681	0.366	0.408	24.170	104.004	-192.810	37.42	46.81	-115.57	-35.900	28.853	4.307	0.49887	0.34415	-0.32053	-0.72791	25.7	null	null	13113	60
2026-05-27T17:09:10.484	WT901BLE68(F3:F0:16:BF:DC:AE)	-0.436	0.273	0.460	50.903	15.442	-132.019	28.59	60.65	-129.42	-35.900	28.853	4.307	0.29498	0.51666	-0.00739	-0.80368	25.7	null	null	13113	60
2026-05-27T17:09:10.571	WT901BLE68(F3:F0:16:BF:DC:AE)	-0.498	0.094	0.479	66.772	18.372	-38.391	22.64	64.63	-139.78	-35.900	28.853	4.307	0.29498	0.51666	-0.00739	-0.80368	25.7	null	null	13113	60
2026-05-27T17:09:10.695	WT901BLE68(F3:F0:16:BF:DC:AE)	-0.996	0.217	0.479	78.796	-20.325	-25.574	27.56	63.53	-138.70	-35.900	28.853	4.307	0.29498	0.51666	-0.00739	-0.80368	25.7	null	null	13113	60
2026-05-27T17:09:10.780	WT901BLE68(F3:F0:16:BF:DC:AE)	-0.835	0.183	0.747	29.907	24.658	-7.629	31.94	66.22	-136.84	-35.900	28.853	4.307	0.29498	0.51666	-0.00739	-0.80368	25.7	null	null	13113	60
2026-05-27T17:09:10.903	WT901BLE68(F3:F0:16:BF:DC:AE)	-0.997	0.117	0.248	-4.639	11.597	-7.263	37.78	68.76	-126.02	-35.900	28.853	4.307	0.29498	0.51666	-0.00739	-0.80368	25.7	null	null	13113	60
2026-05-27T17:09:10.963	WT901BLE68(F3:F0:16:BF:DC:AE)	-0.991	-0.085	0.059	24.292	53.162	9.888	36.67	67.43	-123.54	-35.900	28.853	4.307	0.29498	0.51666	-0.00739	-0.80368	25.7	null	null	13113	60
2026-05-27T17:09:11.084	WT901BLE68(F3:F0:16:BF:DC:AE)	-1.052	0.023	0.302	49.194	37.354	-23.499	41.92	70.94	-116.41	-35.900	28.853	4.307	0.29498	0.51666	-0.00739	-0.80368	25.7	null	null	13113	60
2026-05-27T17:09:11.168	WT901BLE68(F3:F0:16:BF:DC:AE)	-1.254	0.177	0.093	48.706	38.696	-45.959	41.56	74.37	-116.47	-76.860	23.833	-14.233	0.29498	0.51666	-0.00739	-0.80368	25.7	null	null	13113	60
2026-05-27T17:09:11.292	WT901BLE68(F3:F0:16:BF:DC:AE)	-0.787	0.077	0.306	39.246	30.212	1.465	48.54	79.67	-110.98	-76.860	23.833	-14.233	0.29498	0.51666	-0.00739	-0.80368	25.7	null	null	13113	60
2026-05-27T17:09:11.382	WT901BLE68(F3:F0:16:BF:DC:AE)	-0.564	-0.188	0.517	-13.855	-121.155	56.396	35.40	72.25	-121.33	-76.860	23.833	-14.233	0.18848	0.65280	0.06836	-0.73044	25.7	null	null	13113	60
2026-05-27T17:09:11.504	WT901BLE68(F3:F0:16:BF:DC:AE)	-0.182	0.320	0.749	-21.790	-257.813	177.063	32.02	51.30	-119.47	-76.860	23.833	-14.233	0.18848	0.65280	0.06836	-0.73044	25.7	null	null	13113	60
2026-05-27T17:09:11.564	WT901BLE68(F3:F0:16:BF:DC:AE)	-0.771	0.714	0.629	3.357	-139.343	237.549	39.32	27.48	-102.98	-76.860	23.833	-14.233	0.18848	0.65280	0.06836	-0.73044	25.7	null	null	13113	60
2026-05-27T17:09:11.682	WT901BLE68(F3:F0:16:BF:DC:AE)	-0.637	1.015	0.391	78.918	-178.467	135.986	45.02	4.28	-94.60	-76.860	23.833	-14.233	0.18848	0.65280	0.06836	-0.73044	25.7	null	null	13113	60
2026-05-27T17:09:11.775	WT901BLE68(F3:F0:16:BF:DC:AE)	-0.327	1.118	0.981	38.452	17.639	31.433	51.15	-4.76	-89.79	-76.860	23.833	-14.233	0.18848	0.65280	0.06836	-0.73044	25.7	null	null	13113	60
2026-05-27T17:09:11.893	WT901BLE68(F3:F0:16:BF:DC:AE)	0.070	0.746	0.740	11.353	-15.442	11.719	51.89	-2.20	-81.43	-76.860	23.833	-14.233	0.18848	0.65280	0.06836	-0.73044	25.7	null	null	13113	60
2026-05-27T17:09:11.984	WT901BLE68(F3:F0:16:BF:DC:AE)	-0.009	0.832	0.498	-6.653	-18.433	2.502	51.64	-4.08	-79.15	-76.860	23.833	-14.233	0.18848	0.65280	0.06836	-0.73044	25.7	null	null	13113	60
2026-05-27T17:09:12.100	WT901BLE68(F3:F0:16:BF:DC:AE)	0.130	0.741	0.610	-5.127	-12.146	-9.094	51.16	-3.78	-76.41	-12.347	41.800	-11.973	0.18848	0.65280	0.06836	-0.73044	25.7	null	null	13113	60
2026-05-27T17:09:12.191	WT901BLE68(F3:F0:16:BF:DC:AE)	0.017	0.725	0.694	-11.780	14.343	-11.230	50.39	-1.62	-72.82	-12.347	41.800	-11.973	0.18848	0.65280	0.06836	-0.73044	25.7	null	null	13113	60
2026-05-27T17:09:12.315	WT901BLE68(F3:F0:16:BF:DC:AE)	0.122	0.846	0.511	-4.150	-15.564	-28.076	49.63	-0.93	-72.21	-12.347	41.800	-11.973	0.73608	0.33420	-0.25522	-0.53030	25.7	null	null	13113	60
2026-05-27T17:09:12.374	WT901BLE68(F3:F0:16:BF:DC:AE)	-0.101	0.773	0.655	-2.380	-15.564	-36.377	49.66	1.46	-71.38	-12.347	41.800	-11.973	0.73608	0.33420	-0.25522	-0.53030	25.7	null	null	13113	60
2026-05-27T17:09:12.494	WT901BLE68(F3:F0:16:BF:DC:AE)	-0.144	0.829	0.624	9.094	14.343	-30.457	50.00	4.39	-70.23	-12.347	41.800	-11.973	0.73608	0.33420	-0.25522	-0.53030	25.7	null	null	13113	60
2026-05-27T17:09:12.583	WT901BLE68(F3:F0:16:BF:DC:AE)	-0.148	0.777	0.535	11.475	-7.568	-22.583	51.32	6.25	-69.09	-12.347	41.800	-11.973	0.73608	0.33420	-0.25522	-0.53030	25.7	null	null	13113	60
2026-05-27T17:09:12.702	WT901BLE68(F3:F0:16:BF:DC:AE)	-0.166	0.820	0.504	6.714	-7.813	-13.062	51.93	7.09	-68.29	-12.347	41.800	-11.973	0.73608	0.33420	-0.25522	-0.53030	25.7	null	null	13113	60
2026-05-27T17:09:12.826	WT901BLE68(F3:F0:16:BF:DC:AE)	-0.138	0.796	0.617	8.301	-12.695	-8.545	52.54	7.19	-67.11	-12.347	41.800	-11.973	0.73608	0.33420	-0.25522	-0.53030	25.7	null	null	13113	60
2026-05-27T17:09:12.911	WT901BLE68(F3:F0:16:BF:DC:AE)	-0.097	0.791	0.650	-0.793	3.723	-6.836	52.79	7.77	-65.40	-12.347	41.800	-11.973	0.73608	0.33420	-0.25522	-0.53030	25.7	null	null	13113	60
2026-05-27T17:09:12.970	WT901BLE68(F3:F0:16:BF:DC:AE)	-0.153	0.779	0.648	-1.648	-0.671	4.578	52.60	8.01	-62.80	-18.993	45.313	-13.247	0.73608	0.33420	-0.25522	-0.53030	25.7	null	null	13113	60
2026-05-27T17:09:13.089	WT901BLE68(F3:F0:16:BF:DC:AE)	-0.146	0.753	0.644	-1.892	-10.437	6.287	52.28	7.08	-60.87	-18.993	45.313	-13.247	0.73608	0.33420	-0.25522	-0.53030	25.7	null	null	13113	60
2026-05-27T17:09:13.182	WT901BLE68(F3:F0:16:BF:DC:AE)	-0.131	0.839	0.628	-0.671	-10.437	16.418	51.99	5.70	-58.69	-18.993	45.313	-13.247	0.76633	0.40494	-0.17416	-0.46725	25.7	null	null	13113	60
2026-05-27T17:09:13.308	WT901BLE68(F3:F0:16:BF:DC:AE)	-0.175	0.910	0.613	17.151	1.953	19.836	52.79	4.10	-55.42	-18.993	45.313	-13.247	0.76633	0.40494	-0.17416	-0.46725	25.7	null	null	13113	60
2026-05-27T17:09:13.393	WT901BLE68(F3:F0:16:BF:DC:AE)	-0.019	0.843	0.440	24.597	-16.846	17.273	55.59	2.04	-53.34	-18.993	45.313	-13.247	0.76633	0.40494	-0.17416	-0.46725	25.7	null	null	13113	60
2026-05-27T17:09:13.516	WT901BLE68(F3:F0:16:BF:DC:AE)	0.078	0.842	0.469	4.517	18.616	15.381	57.06	0.79	-50.20	-18.993	45.313	-13.247	0.76633	0.40494	-0.17416	-0.46725	25.7	null	null	13113	60
2026-05-27T17:09:13.602	WT901BLE68(F3:F0:16:BF:DC:AE)	-0.041	0.832	0.559	-2.686	1.526	3.906	57.24	0.60	-47.27	-18.993	45.313	-13.247	0.76633	0.40494	-0.17416	-0.46725	25.7	null	null	13113	60
2026-05-27T17:09:13.730	WT901BLE68(F3:F0:16:BF:DC:AE)	0.055	0.813	0.567	-13.916	11.658	-1.343	56.30	0.90	-44.91	-18.993	45.313	-13.247	0.76633	0.40494	-0.17416	-0.46725	25.7	null	null	13113	60
2026-05-27T17:09:13.782	WT901BLE68(F3:F0:16:BF:DC:AE)	-0.008	0.792	0.547	-14.343	5.920	-8.301	54.89	1.58	-43.15	-18.993	45.313	-13.247	0.76633	0.40494	-0.17416	-0.46725	25.7	null	null	13113	60
2026-05-27T17:09:13.903	WT901BLE68(F3:F0:16:BF:DC:AE)	-0.029	0.763	0.614	-15.137	11.108	-15.747	53.37	3.16	-41.87	-12.920	39.973	-16.520	0.76633	0.40494	-0.17416	-0.46725	25.7	null	null	13113	60
2026-05-27T17:09:13.992	WT901BLE68(F3:F0:16:BF:DC:AE)	-0.151	0.783	0.662	-14.038	12.512	-28.381	51.78	5.53	-41.13	-12.920	39.973	-16.520	0.76633	0.40494	-0.17416	-0.46725	25.7	null	null	13113	60
2026-05-27T17:09:14.110	WT901BLE68(F3:F0:16:BF:DC:AE)	-0.134	0.835	0.583	-0.427	24.658	-36.072	50.92	8.73	-40.97	-12.920	39.973	-16.520	0.83380	0.42242	-0.09943	-0.34106	25.7	null	null	13113	60
2026-05-27T17:09:14.204	WT901BLE68(F3:F0:16:BF:DC:AE)	-0.308	0.840	0.510	23.254	-18.860	-24.292	52.67	11.12	-40.98	-12.920	39.973	-16.520	0.83380	0.42242	-0.09943	-0.34106	25.7	null	null	13113	60
2026-05-27T17:09:14.325	WT901BLE68(F3:F0:16:BF:DC:AE)	-0.293	0.823	0.494	12.817	6.653	-13.367	54.21	12.34	-41.20	-12.920	39.973	-16.520	0.83380	0.42242	-0.09943	-0.34106	25.7	null	null	13113	60
2026-05-27T17:09:14.382	WT901BLE68(F3:F0:16:BF:DC:AE)	-0.223	0.812	0.559	10.193	-6.592	-13.733	55.24	13.22	-40.89	-12.920	39.973	-16.520	0.83380	0.42242	-0.09943	-0.34106	25.7	null	null	13113	60
2026-05-27T17:09:14.504	WT901BLE68(F3:F0:16:BF:DC:AE)	-0.244	0.754	0.592	-0.061	-2.502	-4.089	55.46	13.56	-40.45	-12.920	39.973	-16.520	0.83380	0.42242	-0.09943	-0.34106	25.7	null	null	13113	60
2026-05-27T17:09:14.593	WT901BLE68(F3:F0:16:BF:DC:AE)	-0.330	0.819	0.591	-5.432	-3.845	0.122	54.97	13.64	-39.20	-12.920	39.973	-16.520	0.83380	0.42242	-0.09943	-0.34106	25.7	null	null	13113	60
2026-05-27T17:09:14.713	WT901BLE68(F3:F0:16:BF:DC:AE)	-0.146	0.709	0.577	-7.813	-9.033	10.803	54.22	12.62	-38.39	-12.920	39.973	-16.520	0.83380	0.42242	-0.09943	-0.34106	25.7	null	null	13113	60
2026-05-27T17:09:14.802	WT901BLE68(F3:F0:16:BF:DC:AE)	-0.285	0.789	0.594	-4.333	-16.296	13.611	53.21	10.85	-37.42	-17.847	43.620	-18.533	0.83380	0.42242	-0.09943	-0.34106	25.7	null	null	13113	60
2026-05-27T17:09:14.923	WT901BLE68(F3:F0:16:BF:DC:AE)	-0.038	0.823	0.544	5.859	-10.620	26.001	53.04	8.68	-36.30	-17.847	43.620	-18.533	0.83380	0.42242	-0.09943	-0.34106	25.7	null	null	13113	60
2026-05-27T17:09:14.981	WT901BLE68(F3:F0:16:BF:DC:AE)	-0.076	0.880	0.629	24.170	-31.006	21.484	54.98	6.22	-34.60	-17.847	43.620	-18.533	0.83960	0.44742	-0.07941	-0.29745	25.7	null	null	13113	60
2026-05-27T17:09:15.137	WT901BLE68(F3:F0:16:BF:DC:AE)	-0.032	0.841	0.361	1.099	15.869	14.709	56.38	4.04	-33.27	-17.847	43.620	-18.533	0.83960	0.44742	-0.07941	-0.29745	25.7	null	null	13113	60
2026-05-27T17:09:15.190	WT901BLE68(F3:F0:16:BF:DC:AE)	-0.057	0.894	0.534	3.540	-5.127	10.254	56.88	3.71	-30.95	-17.847	43.620	-18.533	0.83960	0.44742	-0.07941	-0.29745	25.7	null	null	13113	60
2026-05-27T17:09:15.314	WT901BLE68(F3:F0:16:BF:DC:AE)	0.016	0.776	0.479	-5.188	3.906	0.671	56.96	3.05	-29.80	-17.847	43.620	-18.533	0.83960	0.44742	-0.07941	-0.29745	25.7	null	null	13113	60
2026-05-27T17:09:15.401	WT901BLE68(F3:F0:16:BF:DC:AE)	-0.048	0.828	0.579	-8.301	1.770	-7.996	56.39	3.78	-28.30	-17.847	43.620	-18.533	0.83960	0.44742	-0.07941	-0.29745	25.7	null	null	13113	60
2026-05-27T17:09:15.527	WT901BLE68(F3:F0:16:BF:DC:AE)	-0.049	0.856	0.603	-11.108	7.629	-17.578	55.46	4.77	-27.89	-17.847	43.620	-18.533	0.83960	0.44742	-0.07941	-0.29745	25.7	null	null	13113	60
2026-05-27T17:09:15.614	WT901BLE68(F3:F0:16:BF:DC:AE)	-0.085	0.837	0.622	-10.193	10.193	-26.245	54.46	6.66	-27.80	-17.847	43.620	-18.533	0.83960	0.44742	-0.07941	-0.29745	25.7	null	null	13113	60
2026-05-27T17:09:15.734	WT901BLE68(F3:F0:16:BF:DC:AE)	-0.106	0.791	0.609	-5.310	29.602	-26.978	53.59	9.75	-27.20	-13.720	42.247	-22.093	0.83960	0.44742	-0.07941	-0.29745	25.7	null	null	13113	60
2026-05-27T17:09:15.789	WT901BLE68(F3:F0:16:BF:DC:AE)	-0.284	0.875	0.532	22.949	3.723	-17.151	54.54	13.01	-25.93	-13.720	42.247	-22.093	0.83960	0.44742	-0.07941	-0.29745	25.7	null	null	13113	60
2026-05-27T17:09:15.911	WT901BLE68(F3:F0:16:BF:DC:AE)	-0.174	0.770	0.416	11.475	-13.550	-23.132	56.06	14.51	-27.17	-13.720	42.247	-22.093	0.84354	0.47318	-0.00266	-0.25385	25.7	null	null	13113	60
2026-05-27T17:09:16.008	WT901BLE68(F3:F0:16:BF:DC:AE)	-0.370	0.788	0.650	5.859	3.113	-6.897	56.71	15.70	-27.36	-13.720	42.247	-22.093	0.84354	0.47318	-0.00266	-0.25385	25.7	null	null	13113	60
2026-05-27T17:09:16.124	WT901BLE68(F3:F0:16:BF:DC:AE)	-0.192	0.780	0.525	5.310	-18.921	-6.226	56.94	15.68	-28.26	-13.720	42.247	-22.093	0.84354	0.47318	-0.00266	-0.25385	25.7	null	null	13113	60
2026-05-27T17:09:16.213	WT901BLE68(F3:F0:16:BF:DC:AE)	-0.294	0.809	0.622	-3.113	-0.366	1.587	56.56	15.57	-28.28	-13.720	42.247	-22.093	0.84354	0.47318	-0.00266	-0.25385	25.7	null	null	13113	60
2026-05-27T17:09:16.333	WT901BLE68(F3:F0:16:BF:DC:AE)	-0.271	0.795	0.553	-3.113	-18.250	8.911	55.90	14.72	-27.88	-13.720	42.247	-22.093	0.84354	0.47318	-0.00266	-0.25385	25.7	null	null	13113	60
2026-05-27T17:09:16.425	WT901BLE68(F3:F0:16:BF:DC:AE)	-0.262	0.827	0.583	-2.808	-17.700	6.287	55.40	13.14	-27.82	-13.720	42.247	-22.093	0.84354	0.47318	-0.00266	-0.25385	25.7	null	null	13113	60
2026-05-27T17:09:16.541	WT901BLE68(F3:F0:16:BF:DC:AE)	-0.187	0.766	0.559	-2.319	-6.714	5.554	55.00	12.40	-27.18	-13.720	42.247	-22.093	0.84354	0.47318	-0.00266	-0.25385	25.7	null	null	13113	60
2026-05-27T17:09:16.602	WT901BLE68(F3:F0:16:BF:DC:AE)	-0.244	0.816	0.599	0.916	-2.197	18.860	55.05	10.93	-25.99	-17.007	47.280	-26.187	0.84354	0.47318	-0.00266	-0.25385	25.7	null	null	13113	60
2026-05-27T17:09:16.726	WT901BLE68(F3:F0:16:BF:DC:AE)	-0.123	0.860	0.593	16.663	-25.269	19.653	56.27	8.69	-24.81	-17.007	47.280	-26.187	0.84354	0.47318	-0.00266	-0.25385	25.7	null	null	13113	60
2026-05-27T17:09:16.810	WT901BLE68(F3:F0:16:BF:DC:AE)	-0.054	0.828	0.459	1.953	-8.301	25.024	57.44	5.90	-24.30	-17.007	47.280	-26.187	0.85028	0.47763	-0.05109	-0.21484	25.7	null	null	13113	60
2026-05-27T17:09:16.931	WT901BLE68(F3:F0:16:BF:DC:AE)	-0.086	0.831	0.565	-5.371	-8.118	9.644	57.19	4.57	-22.76	-17.007	47.280	-26.187	0.85028	0.47763	-0.05109	-0.21484	25.7	null	null	13113	60
2026-05-27T17:09:17.022	WT901BLE68(F3:F0:16:BF:DC:AE)	-0.014	0.861	0.508	-3.418	-12.268	7.202	56.94	3.11	-22.76	-17.007	47.280	-26.187	0.85028	0.47763	-0.05109	-0.21484	25.7	null	null	13113	60
2026-05-27T17:09:17.144	WT901BLE68(F3:F0:16:BF:DC:AE)	-0.002	0.822	0.583	-7.568	-7.202	0.549	56.46	2.38	-22.61	-17.007	47.280	-26.187	0.85028	0.47763	-0.05109	-0.21484	25.7	null	null	13113	60
2026-05-27T17:09:17.202	WT901BLE68(F3:F0:16:BF:DC:AE)	-0.003	0.785	0.649	-12.695	-8.789	-8.545	55.40	2.58	-22.49	-17.007	47.280	-26.187	0.85028	0.47763	-0.05109	-0.21484	25.7	null	null	13113	60
2026-05-27T17:09:17.325	WT901BLE68(F3:F0:16:BF:DC:AE)	-0.061	0.769	0.630	-14.771	-9.705	-18.433	53.83	3.00	-23.41	-17.007	47.280	-26.187	0.85028	0.47763	-0.05109	-0.21484	25.7	null	null	13113	60
2026-05-27T17:09:17.415	WT901BLE68(F3:F0:16:BF:DC:AE)	-0.042	0.725	0.599	-12.146	-11.719	-25.024	52.32	3.88	-25.09	-17.007	47.280	-26.187	0.85028	0.47763	-0.05109	-0.21484	25.7	null	null	13113	60
2026-05-27T17:09:17.531	WT901BLE68(F3:F0:16:BF:DC:AE)	-0.112	0.789	0.662	-1.709	-11.902	-44.128	51.35	6.03	-27.44	-12.960	47.767	-30.900	0.85028	0.47763	-0.05109	-0.21484	25.7	null	null	13113	60
2026-05-27T17:09:17.622	WT901BLE68(F3:F0:16:BF:DC:AE)	-0.276	0.855	0.571	16.602	-0.488	-46.448	51.85	9.69	-29.34	-12.960	47.767	-30.900	0.85028	0.47763	-0.05109	-0.21484	25.7	null	null	13113	60
2026-05-27T17:09:17.742	WT901BLE68(F3:F0:16:BF:DC:AE)	-0.179	0.800	0.510	12.756	-20.874	-39.246	52.91	11.79	-32.35	-12.960	47.767	-30.900	0.84811	0.44815	-0.03479	-0.28021	25.7	null	null	13113	60
2026-05-27T17:09:17.833	WT901BLE68(F3:F0:16:BF:DC:AE)	-0.314	0.794	0.569	3.418	-15.198	-18.677	53.06	13.26	-33.97	-12.960	47.767	-30.900	0.84811	0.44815	-0.03479	-0.28021	25.7	null	null	13113	60
2026-05-27T17:09:17.955	WT901BLE68(F3:F0:16:BF:DC:AE)	-0.254	0.786	0.562	3.540	-22.217	-18.616	52.83	13.65	-35.38	-12.960	47.767	-30.900	0.84811	0.44815	-0.03479	-0.28021	25.7	null	null	13113	60
2026-05-27T17:09:18.012	WT901BLE68(F3:F0:16:BF:DC:AE)	-0.320	0.787	0.660	-0.061	-9.216	-15.747	52.45	13.91	-36.52	-12.960	47.767	-30.900	0.84811	0.44815	-0.03479	-0.28021	25.7	null	null	13113	60
2026-05-27T17:09:18.137	WT901BLE68(F3:F0:16:BF:DC:AE)	-0.209	0.723	0.610	2.686	-20.325	-10.681	51.96	14.06	-37.69	-12.960	47.767	-30.900	0.84811	0.44815	-0.03479	-0.28021	25.7	null	null	13113	60
2026-05-27T17:09:18.225	WT901BLE68(F3:F0:16:BF:DC:AE)	-0.295	0.743	0.737	-2.686	-23.010	-9.277	51.33	13.54	-38.59	-12.960	47.767	-30.900	0.84811	0.44815	-0.03479	-0.28021	25.7	null	null	13113	60
2026-05-27T17:09:18.341	WT901BLE68(F3:F0:16:BF:DC:AE)	-0.182	0.704	0.594	-1.892	-31.189	-11.902	50.18	12.57	-40.22	-12.960	47.767	-30.900	0.84811	0.44815	-0.03479	-0.28021	25.7	null	null	13113	60
2026-05-27T17:09:18.438	WT901BLE68(F3:F0:16:BF:DC:AE)	-0.211	0.742	0.603	8.850	-31.799	-15.442	49.64	11.89	-42.32	-26.200	55.827	-37.773	0.84811	0.44815	-0.03479	-0.28021	25.7	null	null	13113	60
2026-05-27T17:09:18.554	WT901BLE68(F3:F0:16:BF:DC:AE)	-0.346	0.833	0.621	22.522	-29.846	-18.372	50.27	11.13	-44.59	-26.200	55.827	-37.773	0.84811	0.44815	-0.03479	-0.28021	25.7	null	null	13113	60
2026-05-27T17:09:18.610	WT901BLE68(F3:F0:16:BF:DC:AE)	-0.146	0.822	0.501	26.855	-46.631	-13.794	52.37	9.78	-47.78	-26.200	55.827	-37.773	0.80951	0.42972	-0.09354	-0.38885	25.7	null	null	13113	60
2026-05-27T17:09:18.733	WT901BLE68(F3:F0:16:BF:DC:AE)	-0.144	0.814	0.504	11.597	-18.494	-8.972	53.54	9.03	-49.22	-26.200	55.827	-37.773	0.80951	0.42972	-0.09354	-0.38885	25.7	null	null	13113	60
2026-05-27T17:09:18.824	WT901BLE68(F3:F0:16:BF:DC:AE)	-0.205	0.788	0.582	14.221	-32.166	-7.507	54.56	8.44	-49.77	-26.200	55.827	-37.773	0.80951	0.42972	-0.09354	-0.38885	25.7	null	null	13113	60
2026-05-27T17:09:18.945	WT901BLE68(F3:F0:16:BF:DC:AE)	-0.083	0.800	0.570	6.958	-27.283	-7.874	55.06	7.26	-51.26	-26.200	55.827	-37.773	0.80951	0.42972	-0.09354	-0.38885	25.7	null	null	13113	60
2026-05-27T17:09:19.034	WT901BLE68(F3:F0:16:BF:DC:AE)	-0.113	0.794	0.625	2.441	-28.748	-15.869	55.02	6.69	-52.51	-26.200	55.827	-37.773	0.80951	0.42972	-0.09354	-0.38885	25.7	null	null	13113	60
2026-05-27T17:09:19.185	WT901BLE68(F3:F0:16:BF:DC:AE)	-0.061	0.780	0.636	-0.488	-28.137	-19.531	54.63	6.48	-54.53	-26.200	55.827	-37.773	0.80951	0.42972	-0.09354	-0.38885	25.7	null	null	13113	60
2026-05-27T17:09:19.212	WT901BLE68(F3:F0:16:BF:DC:AE)	-0.098	0.766	0.577	-7.874	-23.621	-25.208	53.71	6.70	-56.22	-26.200	55.827	-37.773	0.80951	0.42972	-0.09354	-0.38885	25.7	null	null	13113	60
2026-05-27T17:09:19.366	WT901BLE68(F3:F0:16:BF:DC:AE)	-0.164	0.759	0.669	-6.348	-24.048	-43.091	52.40	8.18	-58.12	-37.540	54.793	-41.673	0.80951	0.42972	-0.09354	-0.38885	25.7	null	null	13113	60
2026-05-27T17:09:19.421	WT901BLE68(F3:F0:16:BF:DC:AE)	-0.292	0.792	0.631	9.583	-5.371	-53.467	51.56	11.30	-61.12	-37.540	54.793	-41.673	0.80951	0.42972	-0.09354	-0.38885	25.7	null	null	13113	60
2026-05-27T17:09:19.543	WT901BLE68(F3:F0:16:BF:DC:AE)	-0.307	0.818	0.412	21.240	-51.270	-37.048	52.45	12.73	-64.45	-37.540	54.793	-41.673	0.74078	0.42389	-0.14059	-0.50168	25.7	null	null	13113	60
2026-05-27T17:09:19.635	WT901BLE68(F3:F0:16:BF:DC:AE)	-0.261	0.797	0.508	16.724	-16.174	-27.100	53.54	13.77	-66.73	-37.540	54.793	-41.673	0.74078	0.42389	-0.14059	-0.50168	25.7	null	null	13113	60
2026-05-27T17:09:19.753	WT901BLE68(F3:F0:16:BF:DC:AE)	-0.277	0.745	0.563	14.954	-26.733	-22.461	54.45	14.71	-68.46	-37.540	54.793	-41.673	0.74078	0.42389	-0.14059	-0.50168	25.7	null	null	13113	60
2026-05-27T17:09:19.845	WT901BLE68(F3:F0:16:BF:DC:AE)	-0.256	0.765	0.619	8.850	-21.912	-8.850	54.78	14.85	-69.04	-37.540	54.793	-41.673	0.74078	0.42389	-0.14059	-0.50168	25.7	null	null	13113	60
2026-05-27T17:09:19.963	WT901BLE68(F3:F0:16:BF:DC:AE)	-0.234	0.800	0.570	6.226	-28.381	-2.197	54.83	13.57	-69.91	-37.540	54.793	-41.673	0.74078	0.42389	-0.14059	-0.50168	25.7	null	null	13113	60
2026-05-27T17:09:20.023	WT901BLE68(F3:F0:16:BF:DC:AE)	-0.201	0.791	0.607	1.160	-29.907	-1.709	54.46	11.98	-70.81	-37.540	54.793	-41.673	0.74078	0.42389	-0.14059	-0.50168	25.7	null	null	13113	60
2026-05-27T17:09:20.146	WT901BLE68(F3:F0:16:BF:DC:AE)	-0.201	0.756	0.620	-2.625	-28.748	-8.484	53.69	10.66	-71.76	-37.540	54.793	-41.673	0.74078	0.42389	-0.14059	-0.50168	25.7	null	null	13113	60
2026-05-27T17:09:20.231	WT901BLE68(F3:F0:16:BF:DC:AE)	-0.148	0.777	0.628	0.793	-33.142	-9.033	52.94	9.55	-73.14	-57.933	49.173	-36.507	0.74078	0.42389	-0.14059	-0.50168	25.7	null	null	13113	60
2026-05-27T17:09:20.359	WT901BLE68(F3:F0:16:BF:DC:AE)	-0.357	0.908	0.579	20.813	-18.494	-3.540	53.23	8.59	-73.78	-57.933	49.173	-36.507	0.74078	0.42389	-0.14059	-0.50168	25.7	null	null	13113	60
2026-05-27T17:09:20.441	WT901BLE68(F3:F0:16:BF:DC:AE)	-0.054	0.799	0.359	7.202	-31.006	-6.348	54.47	7.10	-75.52	-57.933	49.173	-36.507	0.68976	0.39908	-0.22180	-0.56183	25.7	null	null	13113	60
2026-05-27T17:09:20.565	WT901BLE68(F3:F0:16:BF:DC:AE)	-0.218	0.780	0.650	6.409	-5.066	-2.014	54.94	7.31	-75.09	-57.933	49.173	-36.507	0.68976	0.39908	-0.22180	-0.56183	25.7	null	null	13113	60
2026-05-27T17:09:20.656	WT901BLE68(F3:F0:16:BF:DC:AE)	-0.142	0.806	0.492	6.836	-36.621	-9.399	55.33	6.48	-75.62	-57.933	49.173	-36.507	0.68976	0.39908	-0.22180	-0.56183	25.7	null	null	13113	60
2026-05-27T17:09:20.774	WT901BLE68(F3:F0:16:BF:DC:AE)	-0.083	0.792	0.642	1.892	-22.461	-4.150	55.57	5.68	-76.67	-57.933	49.173	-36.507	0.68976	0.39908	-0.22180	-0.56183	25.7	null	null	13113	60
2026-05-27T17:09:20.831	WT901BLE68(F3:F0:16:BF:DC:AE)	-0.108	0.793	0.624	-2.136	-35.400	-9.094	55.22	4.71	-77.57	-57.933	49.173	-36.507	0.68976	0.39908	-0.22180	-0.56183	25.7	null	null	13113	60
2026-05-27T17:09:20.985	WT901BLE68(F3:F0:16:BF:DC:AE)	-0.084	0.815	0.584	-7.751	-37.109	-12.024	54.41	3.51	-79.45	-57.933	49.173	-36.507	0.68976	0.39908	-0.22180	-0.56183	25.7	null	null	13113	60
2026-05-27T17:09:21.044	WT901BLE68(F3:F0:16:BF:DC:AE)	-0.067	0.783	0.646	-11.414	-26.489	-23.682	53.16	3.04	-81.24	-57.933	49.173	-36.507	0.68976	0.39908	-0.22180	-0.56183	25.7	null	null	13113	60
2026-05-27T17:09:21.161	WT901BLE68(F3:F0:16:BF:DC:AE)	-0.043	0.774	0.687	-13.062	-17.761	-40.100	51.83	4.08	-82.89	-57.653	43.727	-22.427	0.68976	0.39908	-0.22180	-0.56183	25.7	null	null	13113	60
2026-05-27T17:09:21.264	WT901BLE68(F3:F0:16:BF:DC:AE)	-0.283	0.782	0.627	2.319	-15.503	-36.377	51.10	6.92	-83.83	-57.653	43.727	-22.427	0.68976	0.39908	-0.22180	-0.56183	25.7	null	null	13113	60
2026-05-27T17:09:21.376	WT901BLE68(F3:F0:16:BF:DC:AE)	-0.176	0.778	0.608	-5.737	0.793	-20.874	50.56	8.53	-85.31	-57.653	43.727	-22.427	0.64783	0.35822	-0.24396	-0.62637	25.7	null	null	13113	60
2026-05-27T17:09:21.431	WT901BLE68(F3:F0:16:BF:DC:AE)	-0.214	0.805	0.640	-1.953	-13.550	-22.705	50.02	10.04	-85.51	-57.653	43.727	-22.427	0.64783	0.35822	-0.24396	-0.62637	25.7	null	null	13113	60
2026-05-27T17:09:21.556	WT901BLE68(F3:F0:16:BF:DC:AE)	-0.273	0.710	0.578	-1.831	-17.517	-16.418	49.48	10.67	-86.28	-57.653	43.727	-22.427	0.64783	0.35822	-0.24396	-0.62637	25.7	null	null	13113	60
2026-05-27T17:09:21.643	WT901BLE68(F3:F0:16:BF:DC:AE)	-0.191	0.736	0.612	-0.122	-28.625	-0.977	48.75	9.95	-86.70	-57.653	43.727	-22.427	0.64783	0.35822	-0.24396	-0.62637	25.7	null	null	13113	60
2026-05-27T17:09:21.762	WT901BLE68(F3:F0:16:BF:DC:AE)	-0.123	0.773	0.616	-0.122	-39.612	7.996	48.48	7.74	-86.92	-57.653	43.727	-22.427	0.64783	0.35822	-0.24396	-0.62637	25.7	null	null	13113	60
2026-05-27T17:09:21.860	WT901BLE68(F3:F0:16:BF:DC:AE)	-0.119	0.747	0.601	-3.601	-21.423	8.850	48.19	5.38	-86.47	-57.653	43.727	-22.427	0.64783	0.35822	-0.24396	-0.62637	25.7	null	null	13113	60
2026-05-27T17:09:21.974	WT901BLE68(F3:F0:16:BF:DC:AE)	0.031	0.762	0.676	3.418	-39.734	19.470	48.06	2.82	-85.47	-57.653	43.727	-22.427	0.64783	0.35822	-0.24396	-0.62637	25.7	null	null	13113	60
2026-05-27T17:09:22.033	WT901BLE68(F3:F0:16:BF:DC:AE)	0.047	0.781	0.719	31.372	-40.894	13.062	50.04	0.79	-83.06	-58.993	42.820	-16.280	0.64783	0.35822	-0.24396	-0.62637	25.7	null	null	13113	60
2026-05-27T17:09:22.183	WT901BLE68(F3:F0:16:BF:DC:AE)	0.152	0.837	0.388	16.296	-27.466	15.442	52.70	-3.07	-84.18	-58.993	42.820	-16.280	0.64783	0.35822	-0.24396	-0.62637	25.7	null	null	13113	60
2026-05-27T17:09:22.241	WT901BLE68(F3:F0:16:BF:DC:AE)	0.092	0.769	0.696	6.042	-11.353	-2.197	53.81	-3.70	-82.42	-58.993	42.820	-16.280	0.67828	0.31830	-0.31912	-0.58023	25.7	null	null	13113	60
2026-05-27T17:09:22.362	WT901BLE68(F3:F0:16:BF:DC:AE)	0.054	0.823	0.592	0.000	-10.681	-3.296	54.31	-4.34	-81.99	-58.993	42.820	-16.280	0.67828	0.31830	-0.31912	-0.58023	25.7	null	null	13113	60
2026-05-27T17:09:22.461	WT901BLE68(F3:F0:16:BF:DC:AE)	0.129	0.844	0.641	-5.371	8.362	-22.339	53.98	-3.57	-81.49	-58.993	42.820	-16.280	0.67828	0.31830	-0.31912	-0.58023	25.7	null	null	13113	60
2026-05-27T17:09:22.575	WT901BLE68(F3:F0:16:BF:DC:AE)	0.113	0.786	0.597	-8.545	-7.507	-25.696	53.30	-1.70	-81.68	-58.993	42.820	-16.280	0.67828	0.31830	-0.31912	-0.58023	25.7	null	null	13113	60
2026-05-27T17:09:22.664	WT901BLE68(F3:F0:16:BF:DC:AE)	-0.068	0.754	0.658	-10.315	6.287	-31.250	52.31	0.36	-81.90	-58.993	42.820	-16.280	0.67828	0.31830	-0.31912	-0.58023	25.7	null	null	13113	60
2026-05-27T17:09:22.788	WT901BLE68(F3:F0:16:BF:DC:AE)	-0.018	0.798	0.706	-2.075	15.869	-37.598	51.36	3.38	-81.64	-58.993	42.820	-16.280	0.67828	0.31830	-0.31912	-0.58023	25.7	null	null	13113	60
2026-05-27T17:09:22.842	WT901BLE68(F3:F0:16:BF:DC:AE)	-0.235	0.719	0.358	3.784	-2.441	-49.683	50.82	7.65	-82.30	-58.993	42.820	-16.280	0.67828	0.31830	-0.31912	-0.58023	25.7	null	null	13113	60
2026-05-27T17:09:22.963	WT901BLE68(F3:F0:16:BF:DC:AE)	-0.213	0.928	0.626	14.648	-35.950	-31.189	51.83	9.55	-84.52	-62.280	38.820	-18.560	0.67828	0.31830	-0.31912	-0.58023	25.7	null	null	13113	60
2026-05-27T17:09:23.062	WT901BLE68(F3:F0:16:BF:DC:AE)	-0.161	0.821	0.528	11.475	-3.479	-18.188	52.89	10.33	-85.91	-62.280	38.820	-18.560	0.67828	0.31830	-0.31912	-0.58023	25.7	null	null	13113	60
2026-05-27T17:09:23.173	WT901BLE68(F3:F0:16:BF:DC:AE)	-0.208	0.790	0.559	7.935	-20.691	-17.578	53.89	11.51	-85.78	-62.280	38.820	-18.560	0.62210	0.38766	-0.24088	-0.63608	25.7	null	null	13113	60
2026-05-27T17:09:23.264	WT901BLE68(F3:F0:16:BF:DC:AE)	-0.204	0.773	0.685	4.028	-26.367	-3.174	54.15	11.07	-86.72	-62.280	38.820	-18.560	0.62210	0.38766	-0.24088	-0.63608	25.7	null	null	13113	60
2026-05-27T17:09:23.385	WT901BLE68(F3:F0:16:BF:DC:AE)	-0.152	0.767	0.664	-0.916	-20.874	2.380	53.98	9.80	-86.92	-62.280	38.820	-18.560	0.62210	0.38766	-0.24088	-0.63608	25.7	null	null	13113	60
2026-05-27T17:09:23.473	WT901BLE68(F3:F0:16:BF:DC:AE)	-0.304	0.760	0.596	-1.526	5.432	7.751	53.71	9.11	-84.94	-62.280	38.820	-18.560	0.62210	0.38766	-0.24088	-0.63608	25.7	null	null	13113	60
2026-05-27T17:09:23.593	WT901BLE68(F3:F0:16:BF:DC:AE)	-0.110	0.789	0.635	-0.854	-22.644	13.672	53.29	7.35	-84.38	-62.280	38.820	-18.560	0.62210	0.38766	-0.24088	-0.63608	25.7	null	null	13113	60
2026-05-27T17:09:23.658	WT901BLE68(F3:F0:16:BF:DC:AE)	-0.075	0.800	0.600	9.583	-9.888	20.691	53.64	5.16	-83.30	-62.280	38.820	-18.560	0.62210	0.38766	-0.24088	-0.63608	25.7	null	null	13113	60
2026-05-27T17:09:23.785	WT901BLE68(F3:F0:16:BF:DC:AE)	-0.010	0.907	0.598	26.184	-26.794	24.719	55.57	2.32	-81.76	-62.280	38.820	-18.560	0.62210	0.38766	-0.24088	-0.63608	25.7	null	null	13113	60
2026-05-27T17:09:23.861	WT901BLE68(F3:F0:16:BF:DC:AE)	0.013	0.871	0.333	6.165	0.610	24.475	57.40	-0.64	-80.28	-54.693	39.700	-15.660	0.62210	0.38766	-0.24088	-0.63608	25.7	null	null	13113	60
2026-05-27T17:09:23.985	WT901BLE68(F3:F0:16:BF:DC:AE)	0.019	0.882	0.606	4.028	-3.723	9.399	57.85	-1.43	-77.70	-54.693	39.700	-15.660	0.62210	0.38766	-0.24088	-0.63608	25.7	null	null	13113	60
2026-05-27T17:09:24.075	WT901BLE68(F3:F0:16:BF:DC:AE)	0.033	0.815	0.399	-2.808	7.690	0.305	57.89	-1.89	-76.62	-54.693	39.700	-15.660	0.68777	0.37009	-0.31262	-0.54053	25.7	null	null	13113	60
2026-05-27T17:09:24.192	WT901BLE68(F3:F0:16:BF:DC:AE)	0.028	0.821	0.636	-9.949	9.705	-8.423	57.21	-1.03	-74.87	-54.693	39.700	-15.660	0.68777	0.37009	-0.31262	-0.54053	25.7	null	null	13113	60
2026-05-27T17:09:24.253	WT901BLE68(F3:F0:16:BF:DC:AE)	0.023	0.776	0.597	-13.306	2.930	-7.751	55.90	0.01	-73.70	-54.693	39.700	-15.660	0.68777	0.37009	-0.31262	-0.54053	25.7	null	null	13113	60
2026-05-27T17:09:24.376	WT901BLE68(F3:F0:16:BF:DC:AE)	-0.060	0.866	0.640	-17.639	0.427	-19.043	54.39	1.14	-73.40	-54.693	39.700	-15.660	0.68777	0.37009	-0.31262	-0.54053	25.7	null	null	13113	60
2026-05-27T17:09:24.474	WT901BLE68(F3:F0:16:BF:DC:AE)	0.002	0.776	0.588	-9.583	12.146	-24.780	53.12	3.35	-72.92	-54.693	39.700	-15.660	0.68777	0.37009	-0.31262	-0.54053	25.7	null	null	13113	60
2026-05-27T17:09:24.583	WT901BLE68(F3:F0:16:BF:DC:AE)	-0.131	0.845	0.580	6.287	-8.545	-38.940	52.97	6.24	-73.81	-54.693	39.700	-15.660	0.68777	0.37009	-0.31262	-0.54053	25.7	null	null	13113	60
2026-05-27T17:09:24.675	WT901BLE68(F3:F0:16:BF:DC:AE)	-0.078	0.795	0.509	20.752	-20.874	-22.217	54.62	8.24	-75.61	-54.693	39.700	-15.660	0.68777	0.37009	-0.31262	-0.54053	25.7	null	null	13113	60
2026-05-27T17:09:24.796	WT901BLE68(F3:F0:16:BF:DC:AE)	-0.228	0.800	0.572	13.428	9.583	-13.367	56.14	9.62	-75.98	-58.427	36.720	-17.420	0.68777	0.37009	-0.31262	-0.54053	25.7	null	null	13113	60
2026-05-27T17:09:24.851	WT901BLE68(F3:F0:16:BF:DC:AE)	-0.184	0.859	0.636	8.484	5.066	-10.864	57.12	11.00	-74.87	-58.427	36.720	-17.420	0.68777	0.37009	-0.31262	-0.54053	25.7	null	null	13113	60
2026-05-27T17:09:25.005	WT901BLE68(F3:F0:16:BF:DC:AE)	-0.359	0.856	0.519	-0.305	-6.042	-10.315	57.22	11.74	-74.53	-58.427	36.720	-17.420	0.68777	0.37009	-0.31262	-0.54053	25.7	null	null	13113	60
2026-05-27T17:09:25.061	WT901BLE68(F3:F0:16:BF:DC:AE)	-0.214	0.826	0.500	-4.761	-0.366	-1.465	56.71	12.27	-73.58	-58.427	36.720	-17.420	0.66760	0.43457	-0.21078	-0.56650	25.7	null	null	13113	60
2026-05-27T17:09:25.181	WT901BLE68(F3:F0:16:BF:DC:AE)	-0.299	0.863	0.548	-7.202	5.859	1.038	56.00	12.09	-72.65	-58.427	36.720	-17.420	0.66760	0.43457	-0.21078	-0.56650	25.7	null	null	13113	60
2026-05-27T17:09:25.274	WT901BLE68(F3:F0:16:BF:DC:AE)	-0.165	0.839	0.607	-8.606	-0.854	8.728	55.31	11.58	-71.54	-58.427	36.720	-17.420	0.66760	0.43457	-0.21078	-0.56650	25.7	null	null	13113	60
2026-05-27T17:09:25.396	WT901BLE68(F3:F0:16:BF:DC:AE)	-0.177	0.779	0.614	-3.357	13.123	9.216	55.05	11.06	-69.69	-58.427	36.720	-17.420	0.66760	0.43457	-0.21078	-0.56650	25.7	null	null	13113	60
2026-05-27T17:09:25.483	WT901BLE68(F3:F0:16:BF:DC:AE)	-0.315	0.823	0.517	19.958	-3.418	13.367	56.24	10.77	-67.20	-58.427	36.720	-17.420	0.66760	0.43457	-0.21078	-0.56650	25.7	null	null	13113	60
2026-05-27T17:09:25.605	WT901BLE68(F3:F0:16:BF:DC:AE)	-0.091	0.882	0.386	7.446	11.169	15.015	57.88	9.14	-66.21	-58.427	36.720	-17.420	0.66760	0.43457	-0.21078	-0.56650	25.7	null	null	13113	60
2026-05-27T17:09:25.661	WT901BLE68(F3:F0:16:BF:DC:AE)	-0.117	0.887	0.549	-2.625	12.512	8.423	58.41	9.24	-63.35	-59.020	39.453	-21.447	0.66760	0.43457	-0.21078	-0.56650	25.7	null	null	13113	60
2026-05-27T17:09:25.782	WT901BLE68(F3:F0:16:BF:DC:AE)	-0.137	0.858	0.485	-4.028	12.634	3.723	58.58	8.81	-61.77	-59.020	39.453	-21.447	0.66760	0.43457	-0.21078	-0.56650	25.7	null	null	13113	60
2026-05-27T17:09:25.871	WT901BLE68(F3:F0:16:BF:DC:AE)	-0.146	0.917	0.630	-11.536	13.672	0.977	58.40	9.43	-59.97	-59.020	39.453	-21.447	0.73083	0.45587	-0.18579	-0.47266	25.7	null	null	13113	60
2026-05-27T17:09:25.996	WT901BLE68(F3:F0:16:BF:DC:AE)	-0.089	0.796	0.598	-16.052	9.094	-3.174	57.38	9.96	-58.65	-59.020	39.453	-21.447	0.73083	0.45587	-0.18579	-0.47266	25.7	null	null	13113	60
2026-05-27T17:09:26.082	WT901BLE68(F3:F0:16:BF:DC:AE)	-0.207	0.830	0.616	-14.771	5.798	-13.245	55.88	11.16	-58.03	-59.020	39.453	-21.447	0.73083	0.45587	-0.18579	-0.47266	25.7	null	null	13113	60
2026-05-27T17:09:26.206	WT901BLE68(F3:F0:16:BF:DC:AE)	-0.190	0.711	0.635	-6.775	-9.827	-15.259	54.40	12.14	-58.75	-59.020	39.453	-21.447	0.73083	0.45587	-0.18579	-0.47266	25.7	null	null	13113	60
2026-05-27T17:09:26.272	WT901BLE68(F3:F0:16:BF:DC:AE)	-0.183	0.778	0.557	7.263	-20.508	-24.231	53.58	12.94	-60.78	-59.020	39.453	-21.447	0.73083	0.45587	-0.18579	-0.47266	25.7	null	null	13113	60
2026-05-27T17:09:26.415	WT901BLE68(F3:F0:16:BF:DC:AE)	-0.298	0.843	0.587	24.170	-9.338	-27.405	54.56	14.40	-63.01	-59.020	39.453	-21.447	0.73083	0.45587	-0.18579	-0.47266	25.7	null	null	13113	60
2026-05-27T17:09:26.473	WT901BLE68(F3:F0:16:BF:DC:AE)	-0.259	0.749	0.419	15.564	-11.658	-29.541	56.24	16.05	-65.37	-59.020	39.453	-21.447	0.73083	0.45587	-0.18579	-0.47266	25.7	null	null	13113	60
2026-05-27T17:09:26.590	WT901BLE68(F3:F0:16:BF:DC:AE)	-0.446	0.787	0.588	2.808	-3.540	-9.888	56.62	17.45	-66.18	-62.987	31.060	-20.947	0.73083	0.45587	-0.18579	-0.47266	25.7	null	null	13113	60
2026-05-27T17:09:26.686	WT901BLE68(F3:F0:16:BF:DC:AE)	-0.329	0.796	0.498	4.822	-23.376	-14.832	56.46	17.94	-67.52	-62.987	31.060	-20.947	0.73083	0.45587	-0.18579	-0.47266	25.7	null	null	13113	60
2026-05-27T17:09:26.801	WT901BLE68(F3:F0:16:BF:DC:AE)	-0.340	0.740	0.493	-2.136	-4.883	-9.277	55.80	17.96	-69.24	-62.987	31.060	-20.947	0.67810	0.46124	-0.14877	-0.55243	25.7	null	null	13113	60
2026-05-27T17:09:26.894	WT901BLE68(F3:F0:16:BF:DC:AE)	-0.350	0.757	0.613	-0.427	-16.541	-6.714	55.11	17.98	-70.11	-62.987	31.060	-20.947	0.67810	0.46124	-0.14877	-0.55243	25.7	null	null	13113	60
2026-05-27T17:09:27.014	WT901BLE68(F3:F0:16:BF:DC:AE)	-0.261	0.783	0.556	2.869	-24.170	-8.362	54.53	17.75	-71.66	-62.987	31.060	-20.947	0.67810	0.46124	-0.14877	-0.55243	25.7	null	null	13113	60
2026-05-27T17:09:27.072	WT901BLE68(F3:F0:16:BF:DC:AE)	-0.288	0.744	0.696	13.733	-33.203	-6.470	54.56	16.90	-73.39	-62.987	31.060	-20.947	0.67810	0.46124	-0.14877	-0.55243	25.7	null	null	13113	60
2026-05-27T17:09:27.196	WT901BLE68(F3:F0:16:BF:DC:AE)	-0.298	0.749	0.568	18.921	-32.471	-4.517	55.13	15.85	-75.59	-62.987	31.060	-20.947	0.67810	0.46124	-0.14877	-0.55243	25.7	null	null	13113	60
2026-05-27T17:09:27.282	WT901BLE68(F3:F0:16:BF:DC:AE)	-0.391	0.717	0.476	31.738	-64.514	0.366	57.13	14.73	-77.21	-62.987	31.060	-20.947	0.67810	0.46124	-0.14877	-0.55243	25.7	null	null	13113	60
2026-05-27T17:09:27.406	WT901BLE68(F3:F0:16:BF:DC:AE)	-0.292	0.869	0.438	10.254	-14.465	-4.089	57.85	12.44	-80.36	-62.987	31.060	-20.947	0.67810	0.46124	-0.14877	-0.55243	25.7	null	null	13113	60
2026-05-27T17:09:27.493	WT901BLE68(F3:F0:16:BF:DC:AE)	-0.183	0.816	0.498	11.292	-46.814	0.671	58.35	10.94	-82.27	-55.933	30.707	-9.193	0.67810	0.46124	-0.14877	-0.55243	25.7	null	null	13113	60
2026-05-27T17:09:27.614	WT901BLE68(F3:F0:16:BF:DC:AE)	-0.143	0.803	0.471	-3.357	-40.222	-5.432	58.19	9.48	-84.47	-55.933	30.707	-9.193	0.67810	0.46124	-0.14877	-0.55243	25.7	null	null	13113	60
2026-05-27T17:09:27.671	WT901BLE68(F3:F0:16:BF:DC:AE)	-0.166	0.821	0.511	-1.953	-46.326	-10.559	57.52	8.22	-86.71	-55.933	30.707	-9.193	0.61493	0.39963	-0.27835	-0.62015	25.7	null	null	13113	60
2026-05-27T17:09:27.828	WT901BLE68(F3:F0:16:BF:DC:AE)	-0.116	0.834	0.553	-7.141	-19.287	-21.606	56.71	7.69	-89.01	-55.933	30.707	-9.193	0.61493	0.39963	-0.27835	-0.62015	25.7	null	null	13113	60
2026-05-27T17:09:27.881	WT901BLE68(F3:F0:16:BF:DC:AE)	-0.120	0.789	0.621	-8.850	-17.456	-27.893	55.45	8.65	-90.29	-55.933	30.707	-9.193	0.61493	0.39963	-0.27835	-0.62015	25.7	null	null	13113	60
2026-05-27T17:09:28.006	WT901BLE68(F3:F0:16:BF:DC:AE)	-0.228	0.795	0.610	-3.540	-20.386	-45.471	54.06	10.48	-92.53	-55.933	30.707	-9.193	0.61493	0.39963	-0.27835	-0.62015	25.7	null	null	13113	60
2026-05-27T17:09:28.094	WT901BLE68(F3:F0:16:BF:DC:AE)	-0.303	0.829	0.601	19.531	-33.936	-32.776	53.94	12.67	-95.11	-55.933	30.707	-9.193	0.61493	0.39963	-0.27835	-0.62015	25.7	null	null	13113	60
2026-05-27T17:09:28.215	WT901BLE68(F3:F0:16:BF:DC:AE)	-0.280	0.843	0.477	12.024	-44.800	-28.442	54.72	12.53	-99.25	-55.933	30.707	-9.193	0.61493	0.39963	-0.27835	-0.62015	25.7	null	null	13113	60
2026-05-27T17:09:28.303	WT901BLE68(F3:F0:16:BF:DC:AE)	-0.294	0.803	0.609	12.024	-27.039	-17.151	55.26	13.36	-100.62	-55.933	30.707	-9.193	0.61493	0.39963	-0.27835	-0.62015	25.7	null	null	13113	60
2026-05-27T17:09:28.421	WT901BLE68(F3:F0:16:BF:DC:AE)	-0.255	0.754	0.522	13.611	-37.109	0.000	55.76	12.93	-101.90	-47.967	29.147	-1.307	0.61493	0.39963	-0.27835	-0.62015	25.7	null	null	13113	60
2026-05-27T17:09:28.484	WT901BLE68(F3:F0:16:BF:DC:AE)	-0.075	0.786	0.504	-2.991	-38.208	-9.033	55.27	10.68	-103.15	-47.967	29.147	-1.307	0.61493	0.39963	-0.27835	-0.62015	25.7	null	null	13113	60
2026-05-27T17:09:28.602	WT901BLE68(F3:F0:16:BF:DC:AE)	-0.184	0.806	0.625	-3.540	-33.630	-5.493	54.42	9.30	-104.10	-47.967	29.147	-1.307	0.51465	0.34558	-0.31265	-0.71960	25.7	null	null	13113	60
2026-05-27T17:09:28.728	WT901BLE68(F3:F0:16:BF:DC:AE)	-0.162	0.782	0.630	-4.333	-29.602	-8.545	53.58	7.95	-104.79	-47.967	29.147	-1.307	0.51465	0.34558	-0.31265	-0.71960	25.7	null	null	13113	60
2026-05-27T17:09:28.813	WT901BLE68(F3:F0:16:BF:DC:AE)	-0.087	0.769	0.655	-2.991	-28.015	-4.028	52.76	6.77	-105.18	-47.967	29.147	-1.307	0.51465	0.34558	-0.31265	-0.71960	25.7	null	null	13113	60
2026-05-27T17:09:28.900	WT901BLE68(F3:F0:16:BF:DC:AE)	0.015	0.755	0.634	-9.827	-21.240	-10.864	51.58	5.47	-105.57	-47.967	29.147	-1.307	0.51465	0.34558	-0.31265	-0.71960	25.7	null	null	13113	60
2026-05-27T17:09:29.025	WT901BLE68(F3:F0:16:BF:DC:AE)	-0.192	0.808	0.553	6.348	-20.325	-11.047	51.05	5.47	-105.30	-47.967	29.147	-1.307	0.51465	0.34558	-0.31265	-0.71960	25.7	null	null	13113	60
2026-05-27T17:09:29.082	WT901BLE68(F3:F0:16:BF:DC:AE)	-0.037	0.794	0.497	14.526	-37.292	-12.695	52.31	4.93	-105.99	-47.967	29.147	-1.307	0.51465	0.34558	-0.31265	-0.71960	25.7	null	null	13113	60
2026-05-27T17:09:29.234	WT901BLE68(F3:F0:16:BF:DC:AE)	-0.116	0.848	0.635	7.141	3.723	-7.935	53.15	5.61	-104.99	-47.967	29.147	-1.307	0.51465	0.34558	-0.31265	-0.71960	25.7	null	null	13113	60
2026-05-27T17:09:29.290	WT901BLE68(F3:F0:16:BF:DC:AE)	-0.196	0.834	0.589	7.141	-28.076	-2.319	54.11	4.95	-103.75	-31.193	30.667	3.000	0.51465	0.34558	-0.31265	-0.71960	25.7	null	null	13113	60
2026-05-27T17:09:29.415	WT901BLE68(F3:F0:16:BF:DC:AE)	-0.026	0.820	0.603	3.845	-26.428	-8.362	54.41	4.10	-103.68	-31.193	30.667	3.000	0.51465	0.34558	-0.31265	-0.71960	25.7	null	null	13113	60
2026-05-27T17:09:29.504	WT901BLE68(F3:F0:16:BF:DC:AE)	-0.039	0.781	0.613	1.709	-29.480	-13.916	54.56	3.54	-104.33	-31.193	30.667	3.000	0.53430	0.30420	-0.34375	-0.70972	25.7	null	null	13113	60
2026-05-27T17:09:29.622	WT901BLE68(F3:F0:16:BF:DC:AE)	-0.002	0.759	0.639	-7.385	-25.024	-14.404	53.87	3.20	-104.57	-31.193	30.667	3.000	0.53430	0.30420	-0.34375	-0.70972	25.7	null	null	13113	60
2026-05-27T17:09:29.716	WT901BLE68(F3:F0:16:BF:DC:AE)	-0.033	0.751	0.635	-8.179	-27.771	-16.174	52.72	2.78	-104.71	-31.193	30.667	3.000	0.53430	0.30420	-0.34375	-0.70972	25.7	null	null	13113	60
2026-05-27T17:09:29.833	WT901BLE68(F3:F0:16:BF:DC:AE)	-0.063	0.773	0.628	-8.484	-24.963	-30.945	51.58	2.95	-105.10	-31.193	30.667	3.000	0.53430	0.30420	-0.34375	-0.70972	25.7	null	null	13113	60
2026-05-27T17:09:29.893	WT901BLE68(F3:F0:16:BF:DC:AE)	-0.154	0.818	0.608	1.648	-29.175	-33.447	50.93	4.06	-106.05	-31.193	30.667	3.000	0.53430	0.30420	-0.34375	-0.70972	25.7	null	null	13113	60
2026-05-27T17:09:30.013	WT901BLE68(F3:F0:16:BF:DC:AE)	-0.238	0.887	0.609	12.024	-41.382	-24.231	51.87	4.01	-106.97	-31.193	30.667	3.000	0.53430	0.30420	-0.34375	-0.70972	25.7	null	null	13113	60
2026-05-27T17:09:30.101	WT901BLE68(F3:F0:16:BF:DC:AE)	-0.103	0.859	0.455	8.118	-15.320	-28.870	52.37	4.64	-107.72	-31.193	30.667	3.000	0.53430	0.30420	-0.34375	-0.70972	25.7	null	null	13113	60
2026-05-27T17:09:30.220	WT901BLE68(F3:F0:16:BF:DC:AE)	-0.061	0.789	0.595	8.301	-32.166	-16.846	53.20	4.70	-107.77	-21.540	34.320	0.100	0.53430	0.30420	-0.34375	-0.70972	25.7	null	null	13113	60
2026-05-27T17:09:30.315	WT901BLE68(F3:F0:16:BF:DC:AE)	-0.022	0.769	0.593	3.845	-26.367	-10.132	53.51	4.30	-106.68	-21.540	34.320	0.100	0.53430	0.30420	-0.34375	-0.70972	25.7	null	null	13113	60
2026-05-27T17:09:30.434	WT901BLE68(F3:F0:16:BF:DC:AE)	-0.084	0.798	0.659	0.366	-17.639	-10.498	53.49	3.78	-105.24	-21.540	34.320	0.100	0.52560	0.29587	-0.34055	-0.72119	25.7	null	null	13113	60
2026-05-27T17:09:30.494	WT901BLE68(F3:F0:16:BF:DC:AE)	-0.078	0.718	1.021	-6.897	-5.981	-15.259	53.05	3.55	-103.33	-21.540	34.320	0.100	0.52560	0.29587	-0.34055	-0.72119	25.7	null	null	13113	60
2026-05-27T17:09:30.615	WT901BLE68(F3:F0:16:BF:DC:AE)	0.062	0.755	0.575	2.380	-37.842	-13.123	52.36	2.14	-102.74	-21.540	34.320	0.100	0.52560	0.29587	-0.34055	-0.72119	25.7	null	null	13113	60
2026-05-27T17:09:30.704	WT901BLE68(F3:F0:16:BF:DC:AE)	-0.124	0.803	0.646	4.578	-19.104	-12.939	52.29	2.45	-101.11	-21.540	34.320	0.100	0.52560	0.29587	-0.34055	-0.72119	25.7	null	null	13113	60
2026-05-27T17:09:30.823	WT901BLE68(F3:F0:16:BF:DC:AE)	-0.035	0.884	0.551	12.634	-21.362	-14.343	53.21	2.39	-99.91	-21.540	34.320	0.100	0.52560	0.29587	-0.34055	-0.72119	25.7	null	null	13113	60
2026-05-27T17:09:30.917	WT901BLE68(F3:F0:16:BF:DC:AE)	-0.072	0.843	0.555	2.502	-6.042	-6.165	53.93	2.47	-97.67	-21.540	34.320	0.100	0.52560	0.29587	-0.34055	-0.72119	25.7	null	null	13113	60
2026-05-27T17:09:31.034	WT901BLE68(F3:F0:16:BF:DC:AE)	-0.074	0.830	0.647	1.343	-4.333	-14.954	54.16	3.32	-94.66	-21.540	34.320	0.100	0.52560	0.29587	-0.34055	-0.72119	25.7	null	null	13113	60
2026-05-27T17:09:31.123	WT901BLE68(F3:F0:16:BF:DC:AE)	-0.063	0.798	0.580	1.099	-14.648	-10.437	54.41	3.43	-93.05	-18.407	38.347	-5.873	0.52560	0.29587	-0.34055	-0.72119	25.7	null	null	13113	60
2026-05-27T17:09:31.243	WT901BLE68(F3:F0:16:BF:DC:AE)	0.000	0.815	0.632	-4.150	-28.809	-14.648	54.04	3.27	-91.85	-18.407	38.347	-5.873	0.52560	0.29587	-0.34055	-0.72119	25.7	null	null	13113	60
2026-05-27T17:09:31.302	WT901BLE68(F3:F0:16:BF:DC:AE)	-0.104	0.795	0.622	-6.653	-21.423	-24.231	53.20	3.70	-91.09	-18.407	38.347	-5.873	0.61365	0.33310	-0.30466	-0.64774	25.7	null	null	13113	60
2026-05-27T17:09:31.424	WT901BLE68(F3:F0:16:BF:DC:AE)	-0.150	0.846	0.687	-14.465	-9.216	-38.513	51.98	4.89	-90.95	-18.407	38.347	-5.873	0.61365	0.33310	-0.30466	-0.64774	25.7	null	null	13113	60
2026-05-27T17:09:31.514	WT901BLE68(F3:F0:16:BF:DC:AE)	-0.154	0.703	0.667	-15.808	-8.179	-52.673	50.13	7.75	-90.83	-18.407	38.347	-5.873	0.61365	0.33310	-0.30466	-0.64774	25.7	null	null	13113	60
2026-05-27T17:09:31.634	WT901BLE68(F3:F0:16:BF:DC:AE)	-0.248	0.841	0.637	9.399	4.761	-48.157	48.55	11.51	-91.30	-18.407	38.347	-5.873	0.61365	0.33310	-0.30466	-0.64774	25.7	null	null	13113	60
2026-05-27T17:09:31.724	WT901BLE68(F3:F0:16:BF:DC:AE)	-0.333	0.823	0.434	20.081	-18.066	-34.424	49.81	14.06	-91.49	-18.407	38.347	-5.873	0.61365	0.33310	-0.30466	-0.64774	25.7	null	null	13113	60
2026-05-27T17:09:31.844	WT901BLE68(F3:F0:16:BF:DC:AE)	-0.225	0.809	0.542	25.696	-5.493	-22.949	51.62	16.31	-90.93	-18.407	38.347	-5.873	0.61365	0.33310	-0.30466	-0.64774	25.7	null	null	13113	60
2026-05-27T17:09:31.904	WT901BLE68(F3:F0:16:BF:DC:AE)	-0.402	0.766	0.459	20.752	-19.409	-20.386	53.55	17.55	-89.68	-18.407	38.347	-5.873	0.61365	0.33310	-0.30466	-0.64774	25.7	null	null	13113	60
2026-05-27T17:09:32.023	WT901BLE68(F3:F0:16:BF:DC:AE)	-0.285	0.759	0.674	10.376	-17.029	-11.536	54.35	18.12	-88.87	-28.520	42.500	-8.760	0.61365	0.33310	-0.30466	-0.64774	25.7	null	null	13113	60
2026-05-27T17:09:32.115	WT901BLE68(F3:F0:16:BF:DC:AE)	-0.353	0.739	0.599	8.118	-22.827	-5.188	54.44	17.59	-87.56	-28.520	42.500	-8.760	0.61365	0.33310	-0.30466	-0.64774	25.7	null	null	13113	60
2026-05-27T17:09:32.230	WT901BLE68(F3:F0:16:BF:DC:AE)	-0.271	0.775	0.584	1.099	-19.592	-1.343	54.15	16.46	-86.05	-28.520	42.500	-8.760	0.59235	0.41879	-0.21472	-0.65384	25.7	null	null	13113	60
2026-05-27T17:09:32.324	WT901BLE68(F3:F0:16:BF:DC:AE)	-0.281	0.773	0.653	-2.808	-20.630	2.319	53.43	15.18	-84.31	-28.520	42.500	-8.760	0.59235	0.41879	-0.21472	-0.65384	25.7	null	null	13113	60
2026-05-27T17:09:32.445	WT901BLE68(F3:F0:16:BF:DC:AE)	-0.211	0.779	0.578	5.920	-22.400	11.169	52.87	13.04	-83.05	-28.520	42.500	-8.760	0.59235	0.41879	-0.21472	-0.65384	25.7	null	null	13113	60
2026-05-27T17:09:32.534	WT901BLE68(F3:F0:16:BF:DC:AE)	-0.154	0.880	0.516	18.372	-46.997	14.160	53.92	10.06	-82.14	-28.520	42.500	-8.760	0.59235	0.41879	-0.21472	-0.65384	25.7	null	null	13113	60
2026-05-27T17:09:32.660	WT901BLE68(F3:F0:16:BF:DC:AE)	-0.126	0.858	0.420	6.775	1.587	7.813	54.84	7.89	-80.47	-28.520	42.500	-8.760	0.59235	0.41879	-0.21472	-0.65384	25.7	null	null	13113	60
2026-05-27T17:09:32.711	WT901BLE68(F3:F0:16:BF:DC:AE)	-0.194	0.889	0.567	5.127	-18.311	6.836	55.49	7.14	-77.44	-28.520	42.500	-8.760	0.59235	0.41879	-0.21472	-0.65384	25.7	null	null	13113	60
2026-05-27T17:09:32.834	WT901BLE68(F3:F0:16:BF:DC:AE)	-0.101	0.824	0.560	-4.272	-11.414	7.202	55.43	5.87	-75.48	-28.520	42.500	-8.760	0.59235	0.41879	-0.21472	-0.65384	25.7	null	null	13113	60
2026-05-27T17:09:32.923	WT901BLE68(F3:F0:16:BF:DC:AE)	-0.067	0.835	0.533	-4.944	-12.207	2.625	54.86	4.84	-73.39	-17.647	41.580	-13.520	0.59235	0.41879	-0.21472	-0.65384	25.7	null	null	13113	60
2026-05-27T17:09:33.043	WT901BLE68(F3:F0:16:BF:DC:AE)	-0.040	0.821	0.674	-11.475	-3.967	-1.953	54.07	4.46	-71.15	-17.647	41.580	-13.520	0.59235	0.41879	-0.21472	-0.65384	25.7	null	null	13113	60
2026-05-27T17:09:33.133	WT901BLE68(F3:F0:16:BF:DC:AE)	-0.052	0.779	0.704	-17.761	0.305	-8.179	52.75	4.91	-68.84	-17.647	41.580	-13.520	0.72055	0.38907	-0.22867	-0.52631	25.7	null	null	13113	60
2026-05-27T17:09:33.258	WT901BLE68(F3:F0:16:BF:DC:AE)	-0.066	0.717	0.626	-11.719	0.183	-15.808	51.26	6.02	-66.75	-17.647	41.580	-13.520	0.72055	0.38907	-0.22867	-0.52631	25.7	null	null	13113	60
2026-05-27T17:09:33.314	WT901BLE68(F3:F0:16:BF:DC:AE)	-0.188	0.726	0.557	10.437	6.836	-21.179	50.71	7.71	-65.18	-17.647	41.580	-13.520	0.72055	0.38907	-0.22867	-0.52631	25.7	null	null	13113	60
2026-05-27T17:09:33.434	WT901BLE68(F3:F0:16:BF:DC:AE)	-0.092	0.871	0.496	7.690	7.813	-18.005	51.61	9.13	-63.91	-17.647	41.580	-13.520	0.72055	0.38907	-0.22867	-0.52631	25.7	null	null	13113	60
2026-05-27T17:09:33.525	WT901BLE68(F3:F0:16:BF:DC:AE)	-0.206	0.763	0.543	7.751	-9.888	-8.911	52.54	10.53	-61.88	-17.647	41.580	-13.520	0.72055	0.38907	-0.22867	-0.52631	25.7	null	null	13113	60
2026-05-27T17:09:33.645	WT901BLE68(F3:F0:16:BF:DC:AE)	-0.180	0.803	0.519	6.226	-2.441	-9.766	53.31	11.01	-60.58	-17.647	41.580	-13.520	0.72055	0.38907	-0.22867	-0.52631	25.7	null	null	13113	60
2026-05-27T17:09:33.734	WT901BLE68(F3:F0:16:BF:DC:AE)	-0.206	0.770	0.635	0.854	-4.883	-5.859	53.59	11.30	-59.27	-17.647	41.580	-13.520	0.72055	0.38907	-0.22867	-0.52631	25.7	null	null	13113	60
2026-05-27T17:09:33.850	WT901BLE68(F3:F0:16:BF:DC:AE)	-0.219	0.767	0.581	-7.141	-9.216	1.099	52.93	11.00	-57.81	-17.980	43.073	-16.027	0.72055	0.38907	-0.22867	-0.52631	25.7	null	null	13113	60
2026-05-27T17:09:33.944	WT901BLE68(F3:F0:16:BF:DC:AE)	-0.148	0.812	0.685	-7.385	-9.949	7.446	51.84	10.28	-56.22	-17.980	43.073	-16.027	0.72055	0.38907	-0.22867	-0.52631	25.7	null	null	13113	60
2026-05-27T17:09:34.065	WT901BLE68(F3:F0:16:BF:DC:AE)	-0.274	0.761	0.653	-5.005	-19.104	2.258	51.05	8.97	-54.82	-17.980	43.073	-16.027	0.77615	0.41910	-0.13358	-0.45163	25.7	null	null	13113	60
2026-05-27T17:09:34.123	WT901BLE68(F3:F0:16:BF:DC:AE)	-0.095	0.785	0.497	10.315	-10.559	14.343	50.96	7.59	-52.93	-17.980	43.073	-16.027	0.77615	0.41910	-0.13358	-0.45163	25.7	null	null	13113	60
2026-05-27T17:09:34.243	WT901BLE68(F3:F0:16:BF:DC:AE)	-0.052	0.903	0.633	23.743	-31.006	7.996	53.17	5.32	-52.11	-17.980	43.073	-16.027	0.77615	0.41910	-0.13358	-0.45163	25.7	null	null	13113	60
2026-05-27T17:09:34.332	WT901BLE68(F3:F0:16:BF:DC:AE)	-0.014	0.818	0.541	6.470	9.766	4.578	54.76	4.26	-50.26	-17.980	43.073	-16.027	0.77615	0.41910	-0.13358	-0.45163	25.7	null	null	13113	60
2026-05-27T17:09:34.457	WT901BLE68(F3:F0:16:BF:DC:AE)	-0.060	0.842	0.487	-1.160	0.610	-2.014	55.00	4.69	-47.56	-17.980	43.073	-16.027	0.77615	0.41910	-0.13358	-0.45163	25.7	null	null	13113	60
2026-05-27T17:09:34.540	WT901BLE68(F3:F0:16:BF:DC:AE)	-0.004	0.786	0.479	-8.484	22.217	-2.930	54.59	5.37	-45.07	-17.980	43.073	-16.027	0.77615	0.41910	-0.13358	-0.45163	25.7	null	null	13113	60
2026-05-27T17:09:34.665	WT901BLE68(F3:F0:16:BF:DC:AE)	-0.032	0.777	0.714	-10.559	11.597	-12.451	53.88	6.83	-42.79	-17.980	43.073	-16.027	0.77615	0.41910	-0.13358	-0.45163	25.7	null	null	13113	60
2026-05-27T17:09:34.720	WT901BLE68(F3:F0:16:BF:DC:AE)	-0.167	0.749	0.704	-11.230	0.244	-22.156	52.71	8.58	-41.46	-12.567	43.333	-20.927	0.77615	0.41910	-0.13358	-0.45163	25.7	null	null	13113	60
2026-05-27T17:09:34.846	WT901BLE68(F3:F0:16:BF:DC:AE)	-0.113	0.735	0.708	-11.597	0.244	-25.330	51.25	10.48	-41.53	-12.567	43.333	-20.927	0.77615	0.41910	-0.13358	-0.45163	25.7	null	null	13113	60
2026-05-27T17:09:34.932	WT901BLE68(F3:F0:16:BF:DC:AE)	-0.190	0.714	0.491	7.935	12.512	-34.119	50.50	13.01	-41.50	-12.567	43.333	-20.927	0.82529	0.43027	-0.06342	-0.36005	25.7	null	null	13113	60
2026-05-27T17:09:35.056	WT901BLE68(F3:F0:16:BF:DC:AE)	-0.333	0.815	0.601	32.166	-25.085	-23.071	52.61	15.41	-41.65	-12.567	43.333	-20.927	0.82529	0.43027	-0.06342	-0.36005	25.7	null	null	13113	60
2026-05-27T17:09:35.143	WT901BLE68(F3:F0:16:BF:DC:AE)	-0.211	0.780	0.432	15.381	6.958	-18.433	54.51	16.43	-42.33	-12.567	43.333	-20.927	0.82529	0.43027	-0.06342	-0.36005	25.7	null	null	13113	60
2026-05-27T17:09:35.263	WT901BLE68(F3:F0:16:BF:DC:AE)	-0.409	0.791	0.552	9.644	1.221	-14.404	55.52	17.73	-41.06	-12.567	43.333	-20.927	0.82529	0.43027	-0.06342	-0.36005	25.7	null	null	13113	60
2026-05-27T17:09:35.359	WT901BLE68(F3:F0:16:BF:DC:AE)	-0.304	0.795	0.492	5.188	-7.080	-4.272	55.89	18.11	-40.48	-12.567	43.333	-20.927	0.82529	0.43027	-0.06342	-0.36005	25.7	null	null	13113	60
2026-05-27T17:09:35.475	WT901BLE68(F3:F0:16:BF:DC:AE)	-0.360	0.804	0.540	1.038	-19.653	-1.648	55.71	17.66	-40.23	-12.567	43.333	-20.927	0.82529	0.43027	-0.06342	-0.36005	25.7	null	null	13113	60
2026-05-27T17:09:35.536	WT901BLE68(F3:F0:16:BF:DC:AE)	-0.276	0.759	0.662	-8.728	-10.315	6.592	54.99	16.69	-39.42	-12.567	43.333	-20.927	0.82529	0.43027	-0.06342	-0.36005	25.7	null	null	13113	60
2026-05-27T17:09:35.656	WT901BLE68(F3:F0:16:BF:DC:AE)	-0.235	0.721	0.580	-8.850	-13.550	11.414	53.95	15.41	-38.14	-18.867	51.693	-27.140	0.82529	0.43027	-0.06342	-0.36005	25.7	null	null	13113	60
2026-05-27T17:09:35.744	WT901BLE68(F3:F0:16:BF:DC:AE)	-0.175	0.779	0.669	-4.883	-16.785	21.545	53.25	13.20	-36.83	-18.867	51.693	-27.140	0.82529	0.43027	-0.06342	-0.36005	25.7	null	null	13113	60
2026-05-27T17:09:35.862	WT901BLE68(F3:F0:16:BF:DC:AE)	-0.263	0.833	0.572	19.043	-11.902	29.297	54.22	10.90	-34.62	-18.867	51.693	-27.140	0.83084	0.45499	-0.04730	-0.31677	25.7	null	null	13113	60
2026-05-27T17:09:35.953	WT901BLE68(F3:F0:16:BF:DC:AE)	-0.099	0.847	0.320	5.920	-10.254	20.386	55.57	7.86	-33.62	-18.867	51.693	-27.140	0.83084	0.45499	-0.04730	-0.31677	25.7	null	null	13113	60
2026-05-27T17:09:36.076	WT901BLE68(F3:F0:16:BF:DC:AE)	-0.114	0.838	0.657	3.418	0.793	12.268	56.02	6.83	-31.30	-18.867	51.693	-27.140	0.83084	0.45499	-0.04730	-0.31677	25.7	null	null	13113	60
2026-05-27T17:09:36.132	WT901BLE68(F3:F0:16:BF:DC:AE)	-0.087	0.833	0.527	-1.221	3.296	19.714	56.30	5.34	-29.49	-18.867	51.693	-27.140	0.83084	0.45499	-0.04730	-0.31677	25.7	null	null	13113	60
2026-05-27T17:09:36.251	WT901BLE68(F3:F0:16:BF:DC:AE)	0.035	0.791	0.569	-12.756	2.563	-3.174	55.43	4.97	-27.52	-18.867	51.693	-27.140	0.83084	0.45499	-0.04730	-0.31677	25.7	null	null	13113	60
2026-05-27T17:09:36.345	WT901BLE68(F3:F0:16:BF:DC:AE)	-0.163	0.778	0.632	-12.512	-5.127	-9.033	54.23	5.36	-26.82	-18.867	51.693	-27.140	0.83084	0.45499	-0.04730	-0.31677	25.7	null	null	13113	60
2026-05-27T17:09:36.462	WT901BLE68(F3:F0:16:BF:DC:AE)	-0.062	0.786	0.715	-13.306	4.578	-10.559	52.72	5.97	-26.36	-18.867	51.693	-27.140	0.83084	0.45499	-0.04730	-0.31677	25.7	null	null	13113	60
2026-05-27T17:09:36.551	WT901BLE68(F3:F0:16:BF:DC:AE)	-0.109	0.767	0.580	-6.958	-1.526	-19.653	51.37	6.95	-26.48	-11.440	50.727	-31.880	0.83084	0.45499	-0.04730	-0.31677	25.7	null	null	13113	60
2026-05-27T17:09:36.677	WT901BLE68(F3:F0:16:BF:DC:AE)	-0.144	0.852	0.644	5.493	5.981	-28.503	51.11	8.91	-27.10	-11.440	50.727	-31.880	0.83084	0.45499	-0.04730	-0.31677	25.7	null	null	13113	60
2026-05-27T17:09:36.773	WT901BLE68(F3:F0:16:BF:DC:AE)	-0.169	0.840	0.594	21.057	-5.737	-16.785	52.91	10.83	-26.76	-11.440	50.727	-31.880	0.86234	0.44266	-0.02292	-0.24457	25.7	null	null	13113	60
2026-05-27T17:09:36.883	WT901BLE68(F3:F0:16:BF:DC:AE)	-0.234	0.813	0.602	9.216	1.831	-7.324	54.27	11.55	-27.15	-11.440	50.727	-31.880	0.86234	0.44266	-0.02292	-0.24457	25.7	null	null	13113	60
2026-05-27T17:09:36.944	WT901BLE68(F3:F0:16:BF:DC:AE)	-0.180	0.782	0.530	6.409	-23.804	-3.723	54.79	11.47	-27.42	-11.440	50.727	-31.880	0.86234	0.44266	-0.02292	-0.24457	25.7	null	null	13113	60
2026-05-27T17:09:37.064	WT901BLE68(F3:F0:16:BF:DC:AE)	-0.273	0.841	0.605	-0.183	-10.559	-1.404	54.93	10.90	-27.88	-11.440	50.727	-31.880	0.86234	0.44266	-0.02292	-0.24457	25.7	null	null	13113	60
2026-05-27T17:09:37.152	WT901BLE68(F3:F0:16:BF:DC:AE)	-0.195	0.775	0.643	-1.892	-16.663	3.296	54.54	10.32	-28.21	-11.440	50.727	-31.880	0.86234	0.44266	-0.02292	-0.24457	25.7	null	null	13113	60
2026-05-27T17:09:37.275	WT901BLE68(F3:F0:16:BF:DC:AE)	-0.172	0.797	0.669	-6.897	-20.264	2.686	53.71	8.83	-28.59	-11.440	50.727	-31.880	0.86234	0.44266	-0.02292	-0.24457	25.7	null	null	13113	60
2026-05-27T17:09:37.361	WT901BLE68(F3:F0:16:BF:DC:AE)	-0.169	0.775	0.606	-4.456	-22.583	6.836	52.68	7.20	-29.18	-11.440	50.727	-31.880	0.86234	0.44266	-0.02292	-0.24457	25.7	null	null	13113	60
2026-05-27T17:09:37.484	WT901BLE68(F3:F0:16:BF:DC:AE)	-0.058	0.795	0.728	0.427	-30.151	8.667	52.07	5.32	-29.65	-16.047	57.547	-38.427	0.86234	0.44266	-0.02292	-0.24457	25.7	null	null	13113	60
2026-05-27T17:09:37.539	WT901BLE68(F3:F0:16:BF:DC:AE)	-0.079	0.828	0.610	19.897	-26.794	10.620	52.66	3.00	-30.14	-16.047	57.547	-38.427	0.86234	0.44266	-0.02292	-0.24457	25.7	null	null	13113	60
2026-05-27T17:09:37.671	WT901BLE68(F3:F0:16:BF:DC:AE)	0.031	0.865	0.388	10.010	-25.635	4.639	54.52	0.30	-31.29	-16.047	57.547	-38.427	0.85953	0.43796	-0.10367	-0.24191	25.7	null	null	13113	60
2026-05-27T17:09:37.756	WT901BLE68(F3:F0:16:BF:DC:AE)	0.020	0.833	0.636	5.676	-8.667	-1.648	55.27	-0.04	-30.71	-16.047	57.547	-38.427	0.85953	0.43796	-0.10367	-0.24191	25.7	null	null	13113	60
2026-05-27T17:09:37.877	WT901BLE68(F3:F0:16:BF:DC:AE)	0.062	0.828	0.455	-3.174	-13.367	-9.766	55.62	-0.54	-31.20	-16.047	57.547	-38.427	0.85953	0.43796	-0.10367	-0.24191	25.7	null	null	13113	60
2026-05-27T17:09:37.967	WT901BLE68(F3:F0:16:BF:DC:AE)	0.073	0.764	0.652	-7.446	-11.536	-15.869	55.06	0.38	-30.92	-16.047	57.547	-38.427	0.85953	0.43796	-0.10367	-0.24191	25.7	null	null	13113	60
2026-05-27T17:09:38.083	WT901BLE68(F3:F0:16:BF:DC:AE)	-0.049	0.799	0.603	-12.939	-10.071	-28.625	54.03	1.51	-31.87	-16.047	57.547	-38.427	0.85953	0.43796	-0.10367	-0.24191	25.7	null	null	13113	60
2026-05-27T17:09:38.177	WT901BLE68(F3:F0:16:BF:DC:AE)	-0.118	0.799	0.600	-13.123	-17.578	-43.640	52.51	3.38	-33.87	-16.047	57.547	-38.427	0.85953	0.43796	-0.10367	-0.24191	25.7	null	null	13113	60
2026-05-27T17:09:38.297	WT901BLE68(F3:F0:16:BF:DC:AE)	-0.074	0.799	0.712	-5.066	-25.696	-54.626	51.14	5.65	-37.56	-16.047	57.547	-38.427	0.85953	0.43796	-0.10367	-0.24191	25.7	null	null	13113	60
2026-05-27T17:09:38.352	WT901BLE68(F3:F0:16:BF:DC:AE)	-0.152	0.879	0.573	13.672	-11.658	-60.059	50.54	8.14	-42.41	-26.907	62.927	-42.147	0.85953	0.43796	-0.10367	-0.24191	25.7	null	null	13113	60
2026-05-27T17:09:38.476	WT901BLE68(F3:F0:16:BF:DC:AE)	-0.304	0.844	0.544	23.376	-44.312	-37.170	52.16	10.22	-46.27	-26.907	62.927	-42.147	0.85953	0.43796	-0.10367	-0.24191	25.7	null	null	13113	60
2026-05-27T17:09:38.559	WT901BLE68(F3:F0:16:BF:DC:AE)	-0.325	0.835	0.568	17.334	-20.203	-37.964	53.36	11.60	-49.51	-26.907	62.927	-42.147	0.80026	0.43655	-0.10306	-0.39783	25.7	null	null	13113	60
2026-05-27T17:09:38.684	WT901BLE68(F3:F0:16:BF:DC:AE)	-0.309	0.786	0.555	10.620	-31.128	-34.851	53.89	12.65	-52.80	-26.907	62.927	-42.147	0.80026	0.43655	-0.10306	-0.39783	25.7	null	null	13113	60
2026-05-27T17:09:38.772	WT901BLE68(F3:F0:16:BF:DC:AE)	-0.282	0.780	0.637	9.094	-31.372	-25.330	53.87	13.19	-56.06	-26.907	62.927	-42.147	0.80026	0.43655	-0.10306	-0.39783	25.7	null	null	13113	60
2026-05-27T17:09:38.897	WT901BLE68(F3:F0:16:BF:DC:AE)	-0.246	0.797	0.590	12.512	-35.828	-29.358	53.70	13.32	-58.85	-26.907	62.927	-42.147	0.80026	0.43655	-0.10306	-0.39783	25.7	null	null	13113	60
2026-05-27T17:09:38.951	WT901BLE68(F3:F0:16:BF:DC:AE)	-0.186	0.752	0.576	13.916	-34.485	-29.724	53.89	13.46	-62.28	-26.907	62.927	-42.147	0.80026	0.43655	-0.10306	-0.39783	25.7	null	null	13113	60
2026-05-27T17:09:39.075	WT901BLE68(F3:F0:16:BF:DC:AE)	-0.245	0.854	0.649	13.672	-41.443	-26.978	54.07	13.27	-65.85	-26.907	62.927	-42.147	0.80026	0.43655	-0.10306	-0.39783	25.7	null	null	13113	60
2026-05-27T17:09:39.175	WT901BLE68(F3:F0:16:BF:DC:AE)	-0.371	0.742	0.474	15.320	-38.940	-37.842	54.79	14.40	-67.71	-26.907	62.927	-42.147	0.80026	0.43655	-0.10306	-0.39783	25.7	null	null	13113	60
2026-05-27T17:09:39.280	WT901BLE68(F3:F0:16:BF:DC:AE)	-0.390	0.830	0.510	6.226	21.545	-37.781	54.85	15.55	-70.53	-60.993	49.087	-34.607	0.80026	0.43655	-0.10306	-0.39783	25.7	null	null	13113	60
2026-05-27T17:09:39.375	WT901BLE68(F3:F0:16:BF:DC:AE)	-0.310	0.805	0.623	20.691	-27.466	-44.922	55.93	19.47	-70.66	-60.993	49.087	-34.607	0.80026	0.43655	-0.10306	-0.39783	25.7	null	null	13113	60
2026-05-27T17:09:39.492	WT901BLE68(F3:F0:16:BF:DC:AE)	-0.063	0.668	0.669	-12.756	125.305	-2.625	56.37	23.82	-68.58	-60.993	49.087	-34.607	0.65631	0.46365	-0.14560	-0.57703	25.7	null	null	13113	60
2026-05-27T17:09:39.584	WT901BLE68(F3:F0:16:BF:DC:AE)	-0.341	0.656	0.536	-54.199	153.442	31.189	58.72	28.89	-53.21	-60.993	49.087	-34.607	0.65631	0.46365	-0.14560	-0.57703	25.7	null	null	13113	60
2026-05-27T17:09:39.701	WT901BLE68(F3:F0:16:BF:DC:AE)	-0.617	0.726	0.246	-57.007	117.981	16.296	60.29	32.68	-36.58	-60.993	49.087	-34.607	0.65631	0.46365	-0.14560	-0.57703	25.7	null	null	13113	60
2026-05-27T17:09:39.770	WT901BLE68(F3:F0:16:BF:DC:AE)	-0.697	0.755	0.129	-17.090	39.856	6.287	62.45	36.45	-26.35	-60.993	49.087	-34.607	0.65631	0.46365	-0.14560	-0.57703	25.7	null	null	13113	60
2026-05-27T17:09:39.886	WT901BLE68(F3:F0:16:BF:DC:AE)	-0.627	0.691	0.085	18.311	-8.606	0.122	64.89	37.30	-23.45	-60.993	49.087	-34.607	0.65631	0.46365	-0.14560	-0.57703	25.7	null	null	13113	60
2026-05-27T17:09:39.974	WT901BLE68(F3:F0:16:BF:DC:AE)	-0.608	0.827	0.194	29.968	-18.677	-4.883	66.80	37.05	-25.42	-60.993	49.087	-34.607	0.65631	0.46365	-0.14560	-0.57703	25.7	null	null	13113	60
2026-05-27T17:09:40.095	WT901BLE68(F3:F0:16:BF:DC:AE)	-0.656	0.829	0.172	31.067	-1.465	0.000	70.09	37.46	-25.14	-60.993	49.087	-34.607	0.65631	0.46365	-0.14560	-0.57703	25.7	null	null	13113	60
2026-05-27T17:09:40.182	WT901BLE68(F3:F0:16:BF:DC:AE)	-0.579	0.779	0.282	25.024	7.690	-2.808	73.03	37.35	-25.20	-75.907	64.007	-60.620	0.65631	0.46365	-0.14560	-0.57703	25.7	null	null	13113	60
2026-05-27T17:09:40.303	WT901BLE68(F3:F0:16:BF:DC:AE)	-0.578	0.825	0.211	17.944	10.864	-0.305	75.96	37.53	-23.02	-75.907	64.007	-60.620	0.65631	0.46365	-0.14560	-0.57703	25.7	null	null	13113	60
2026-05-27T17:09:40.369	WT901BLE68(F3:F0:16:BF:DC:AE)	-0.641	0.792	0.144	13.733	12.329	0.488	78.33	37.73	-20.78	-75.907	64.007	-60.620	0.68750	0.62833	0.13629	-0.33740	25.7	null	null	13113	60
2026-05-27T17:09:40.482	WT901BLE68(F3:F0:16:BF:DC:AE)	-0.656	0.753	0.134	9.888	5.310	-0.183	79.95	37.83	-19.19	-75.907	64.007	-60.620	0.68750	0.62833	0.13629	-0.33740	25.7	null	null	13113	60
2026-05-27T17:09:40.572	WT901BLE68(F3:F0:16:BF:DC:AE)	-0.604	0.786	0.122	6.653	2.258	-2.258	81.23	38.26	-17.77	-75.907	64.007	-60.620	0.68750	0.62833	0.13629	-0.33740	25.7	null	null	13113	60
2026-05-27T17:09:40.692	WT901BLE68(F3:F0:16:BF:DC:AE)	-0.665	0.758	0.106	3.479	2.258	-2.930	81.67	38.50	-17.06	-75.907	64.007	-60.620	0.68750	0.62833	0.13629	-0.33740	25.7	null	null	13113	60
2026-05-27T17:09:40.780	WT901BLE68(F3:F0:16:BF:DC:AE)	-0.594	0.739	0.127	2.808	-3.357	2.014	81.90	38.52	-17.08	-75.907	64.007	-60.620	0.68750	0.62833	0.13629	-0.33740	25.7	null	null	13113	60
