time	DeviceName	AccX(g)	AccY(g)	AccZ(g)	AsX(°/s)	AsY(°/s)	AsZ(°/s)	AngleX(°)	AngleY(°)	AngleZ(°)	HX(uT)	HY(uT)	HZ(uT)	Q0()	Q1()	Q2()	Q3()	Temperature(°C)	Height(m)	Pressure(kPa)	Version()	Battery level(%)
2026-05-27T17:17:01.365	WT901BLE68(F3:F0:16:BF:DC:AE)	-0.133	1.012	0.049	4.211	-3.418	2.441	89.14	3.20	-75.15	-68.513	24.753	-30.333	0.55167	0.55948	-0.41599	-0.45767	25.8	null	null	13113	60
2026-05-27T17:17:01.452	WT901BLE68(F3:F0:16:BF:DC:AE)	-0.085	0.996	0.014	0.427	-39.429	5.005	88.92	2.93	-77.26	-68.513	24.753	-30.333	0.55167	0.55948	-0.41599	-0.45767	25.8	null	null	13113	60
2026-05-27T17:17:01.574	WT901BLE68(F3:F0:16:BF:DC:AE)	-0.231	1.000	-0.062	7.141	-11.597	-14.465	88.95	3.61	-78.87	-68.513	24.753	-30.333	0.55167	0.55948	-0.41599	-0.45767	25.8	null	null	13113	60
2026-05-27T17:17:01.630	WT901BLE68(F3:F0:16:BF:DC:AE)	-0.244	1.011	-0.041	11.841	-43.030	-18.372	90.11	5.76	-81.09	-68.513	24.753	-30.333	0.55167	0.55948	-0.41599	-0.45767	25.8	null	null	13113	60
2026-05-27T17:17:01.753	WT901BLE68(F3:F0:16:BF:DC:AE)	-0.204	0.952	-0.000	-1.831	-62.988	-24.109	89.54	8.31	-86.34	-68.513	24.753	-30.333	0.55167	0.55948	-0.41599	-0.45767	25.8	null	null	13113	60
2026-05-27T17:17:01.841	WT901BLE68(F3:F0:16:BF:DC:AE)	-0.084	0.925	0.017	4.517	-61.829	-14.221	88.27	10.32	-92.78	-68.513	24.753	-30.333	0.55167	0.55948	-0.41599	-0.45767	25.8	null	null	13113	60
2026-05-27T17:17:01.962	WT901BLE68(F3:F0:16:BF:DC:AE)	-0.079	0.896	0.098	20.508	-31.921	4.456	88.63	10.40	-97.32	-72.673	18.513	-16.927	0.55167	0.55948	-0.41599	-0.45767	25.8	null	null	13113	60
2026-05-27T17:17:02.084	WT901BLE68(F3:F0:16:BF:DC:AE)	-0.269	1.132	0.238	-49.377	-0.671	35.950	89.10	7.63	-96.73	-72.673	18.513	-16.927	0.55167	0.55948	-0.41599	-0.45767	25.8	null	null	13113	60
2026-05-27T17:17:02.173	WT901BLE68(F3:F0:16:BF:DC:AE)	0.088	0.843	0.001	39.307	-40.161	43.091	88.97	3.76	-98.19	-72.673	18.513	-16.927	0.44229	0.49188	-0.49673	-0.56174	25.8	null	null	13113	60
2026-05-27T17:17:02.264	WT901BLE68(F3:F0:16:BF:DC:AE)	0.184	1.021	-0.040	8.850	7.019	33.691	90.50	-0.22	-98.16	-72.673	18.513	-16.927	0.44229	0.49188	-0.49673	-0.56174	25.8	null	null	13113	60
2026-05-27T17:17:02.381	WT901BLE68(F3:F0:16:BF:DC:AE)	0.032	1.006	-0.166	18.860	-25.879	20.935	91.35	-2.96	-97.64	-72.673	18.513	-16.927	0.44229	0.49188	-0.49673	-0.56174	25.8	null	null	13113	60
2026-05-27T17:17:02.442	WT901BLE68(F3:F0:16:BF:DC:AE)	-0.057	1.003	0.008	13.306	4.333	8.301	93.36	-4.32	-96.39	-72.673	18.513	-16.927	0.44229	0.49188	-0.49673	-0.56174	25.8	null	null	13113	60
2026-05-27T17:17:02.564	WT901BLE68(F3:F0:16:BF:DC:AE)	0.130	0.996	-0.113	22.217	-50.049	9.094	95.22	-4.69	-98.32	-72.673	18.513	-16.927	0.44229	0.49188	-0.49673	-0.56174	25.8	null	null	13113	60
2026-05-27T17:17:02.649	WT901BLE68(F3:F0:16:BF:DC:AE)	0.264	0.942	-0.091	7.263	-42.114	3.357	97.06	-4.69	-101.44	-72.673	18.513	-16.927	0.44229	0.49188	-0.49673	-0.56174	25.8	null	null	13113	60
2026-05-27T17:17:02.774	WT901BLE68(F3:F0:16:BF:DC:AE)	0.171	0.987	-0.173	4.089	-39.307	4.028	97.89	-5.08	-103.80	-72.673	18.513	-16.927	0.44229	0.49188	-0.49673	-0.56174	25.8	null	null	13113	60
2026-05-27T17:17:02.861	WT901BLE68(F3:F0:16:BF:DC:AE)	0.147	1.001	-0.134	-0.610	-5.920	-1.282	98.56	-5.28	-104.15	-57.453	27.707	-12.700	0.44229	0.49188	-0.49673	-0.56174	25.8	null	null	13113	60
2026-05-27T17:17:02.984	WT901BLE68(F3:F0:16:BF:DC:AE)	0.011	0.943	-0.221	13.916	-1.953	-5.249	99.34	-5.10	-103.22	-57.453	27.707	-12.700	0.44229	0.49188	-0.49673	-0.56174	25.8	null	null	13113	60
2026-05-27T17:17:03.040	WT901BLE68(F3:F0:16:BF:DC:AE)	0.110	0.970	-0.160	11.780	7.751	-4.517	100.95	-4.77	-101.61	-57.453	27.707	-12.700	0.42490	0.45776	-0.61594	-0.48001	25.8	null	null	13113	60
2026-05-27T17:17:03.161	WT901BLE68(F3:F0:16:BF:DC:AE)	0.121	0.969	-0.215	7.568	-15.869	-7.690	101.65	-3.83	-100.87	-57.453	27.707	-12.700	0.42490	0.45776	-0.61594	-0.48001	25.8	null	null	13113	60
2026-05-27T17:17:03.260	WT901BLE68(F3:F0:16:BF:DC:AE)	0.042	0.995	-0.202	21.545	-1.648	-13.000	103.30	-2.86	-100.05	-57.453	27.707	-12.700	0.42490	0.45776	-0.61594	-0.48001	25.8	null	null	13113	60
2026-05-27T17:17:03.371	WT901BLE68(F3:F0:16:BF:DC:AE)	0.068	1.116	-0.173	31.677	-35.278	-12.634	105.76	-0.79	-99.82	-57.453	27.707	-12.700	0.42490	0.45776	-0.61594	-0.48001	25.8	null	null	13113	60
2026-05-27T17:17:03.465	WT901BLE68(F3:F0:16:BF:DC:AE)	0.034	1.141	-0.181	-15.259	-13.733	-23.743	107.27	0.75	-99.87	-57.453	27.707	-12.700	0.42490	0.45776	-0.61594	-0.48001	25.8	null	null	13113	60
2026-05-27T17:17:03.584	WT901BLE68(F3:F0:16:BF:DC:AE)	-0.138	0.954	0.151	-61.035	-38.025	-11.414	102.44	1.90	-98.79	-57.453	27.707	-12.700	0.42490	0.45776	-0.61594	-0.48001	25.8	null	null	13113	60
2026-05-27T17:17:03.672	WT901BLE68(F3:F0:16:BF:DC:AE)	-0.075	1.084	-0.278	-58.716	-10.925	18.127	95.71	2.65	-101.65	-61.227	22.440	-10.720	0.42490	0.45776	-0.61594	-0.48001	25.8	null	null	13113	60
2026-05-27T17:17:03.791	WT901BLE68(F3:F0:16:BF:DC:AE)	-0.195	0.963	-0.190	-55.664	-12.390	16.846	90.29	0.87	-102.69	-61.227	22.440	-10.720	0.42490	0.45776	-0.61594	-0.48001	25.8	null	null	13113	60
2026-05-27T17:17:03.861	WT901BLE68(F3:F0:16:BF:DC:AE)	-0.046	0.935	-0.063	-44.434	2.136	20.752	85.69	-0.60	-102.78	-61.227	22.440	-10.720	0.45612	0.42426	-0.53638	-0.56934	25.8	null	null	13113	60
2026-05-27T17:17:03.975	WT901BLE68(F3:F0:16:BF:DC:AE)	-0.104	0.912	0.112	-17.578	-5.066	15.442	83.27	-2.14	-101.41	-61.227	22.440	-10.720	0.45612	0.42426	-0.53638	-0.56934	25.8	null	null	13113	60
2026-05-27T17:17:04.061	WT901BLE68(F3:F0:16:BF:DC:AE)	-0.007	0.901	0.144	-4.089	-4.883	7.446	82.44	-3.29	-101.72	-61.227	22.440	-10.720	0.45612	0.42426	-0.53638	-0.56934	25.8	null	null	13113	60
2026-05-27T17:17:04.182	WT901BLE68(F3:F0:16:BF:DC:AE)	0.029	0.953	0.161	10.132	12.756	10.986	82.69	-3.74	-100.20	-61.227	22.440	-10.720	0.45612	0.42426	-0.53638	-0.56934	25.8	null	null	13113	60
2026-05-27T17:17:04.272	WT901BLE68(F3:F0:16:BF:DC:AE)	-0.113	0.971	0.182	23.499	-28.870	-10.437	83.51	-3.84	-98.27	-61.227	22.440	-10.720	0.45612	0.42426	-0.53638	-0.56934	25.8	null	null	13113	60
2026-05-27T17:17:04.397	WT901BLE68(F3:F0:16:BF:DC:AE)	-0.142	1.313	0.251	18.555	55.603	1.526	87.07	-2.92	-95.37	-61.227	22.440	-10.720	0.45612	0.42426	-0.53638	-0.56934	25.8	null	null	13113	60
2026-05-27T17:17:04.453	WT901BLE68(F3:F0:16:BF:DC:AE)	0.023	0.943	-0.176	26.306	-7.751	5.920	90.42	-3.27	-93.81	-61.227	22.440	-10.720	0.45612	0.42426	-0.53638	-0.56934	25.8	null	null	13113	60
2026-05-27T17:17:04.574	WT901BLE68(F3:F0:16:BF:DC:AE)	0.103	0.967	-0.177	36.377	-19.531	0.488	93.72	-3.21	-94.51	-61.227	22.440	-10.720	0.45612	0.42426	-0.53638	-0.56934	25.8	null	null	13113	60
2026-05-27T17:17:04.661	WT901BLE68(F3:F0:16:BF:DC:AE)	0.041	0.972	-0.265	40.283	-29.175	-0.122	97.62	-2.91	-96.09	-54.573	24.353	-11.700	0.45612	0.42426	-0.53638	-0.56934	25.8	null	null	13113	60
2026-05-27T17:17:04.787	WT901BLE68(F3:F0:16:BF:DC:AE)	0.126	0.986	-0.120	17.090	-21.667	3.296	100.24	-2.75	-97.56	-54.573	24.353	-11.700	0.45612	0.42426	-0.53638	-0.56934	25.8	null	null	13113	60
2026-05-27T17:17:04.872	WT901BLE68(F3:F0:16:BF:DC:AE)	0.054	0.952	-0.259	12.573	-4.028	-1.465	101.45	-3.13	-97.00	-54.573	24.353	-11.700	0.43454	0.49518	-0.59006	-0.46655	25.8	null	null	13113	60
2026-05-27T17:17:04.992	WT901BLE68(F3:F0:16:BF:DC:AE)	0.051	0.947	-0.268	16.846	-7.446	-3.418	102.93	-2.93	-96.30	-54.573	24.353	-11.700	0.43454	0.49518	-0.59006	-0.46655	25.8	null	null	13113	60
2026-05-27T17:17:05.087	WT901BLE68(F3:F0:16:BF:DC:AE)	0.078	0.972	-0.197	17.944	-11.047	-7.568	104.80	-2.25	-95.85	-54.573	24.353	-11.700	0.43454	0.49518	-0.59006	-0.46655	25.8	null	null	13113	60
2026-05-27T17:17:05.205	WT901BLE68(F3:F0:16:BF:DC:AE)	0.027	0.944	-0.316	20.996	-15.930	-12.207	106.69	-1.31	-95.56	-54.573	24.353	-11.700	0.43454	0.49518	-0.59006	-0.46655	25.8	null	null	13113	60
2026-05-27T17:17:05.267	WT901BLE68(F3:F0:16:BF:DC:AE)	0.077	1.024	-0.245	18.250	-18.616	-15.564	108.71	0.40	-95.66	-54.573	24.353	-11.700	0.43454	0.49518	-0.59006	-0.46655	25.8	null	null	13113	60
2026-05-27T17:17:05.384	WT901BLE68(F3:F0:16:BF:DC:AE)	-0.106	1.104	-0.186	-6.531	-25.330	-9.094	109.27	1.73	-96.19	-54.573	24.353	-11.700	0.43454	0.49518	-0.59006	-0.46655	25.8	null	null	13113	60
2026-05-27T17:17:05.474	WT901BLE68(F3:F0:16:BF:DC:AE)	0.013	0.969	0.151	-105.896	-17.029	3.357	104.16	2.54	-96.88	-54.573	24.353	-11.700	0.43454	0.49518	-0.59006	-0.46655	25.8	null	null	13113	60
2026-05-27T17:17:05.594	WT901BLE68(F3:F0:16:BF:DC:AE)	0.077	1.069	-0.278	-48.706	-28.503	11.414	97.00	2.77	-98.83	-58.040	22.320	-13.987	0.43454	0.49518	-0.59006	-0.46655	25.8	null	null	13113	60
2026-05-27T17:17:05.681	WT901BLE68(F3:F0:16:BF:DC:AE)	-0.012	1.013	-0.206	-48.218	25.452	19.104	92.96	1.02	-97.66	-58.040	22.320	-13.987	0.43835	0.48459	-0.54755	-0.52255	25.8	null	null	13113	60
2026-05-27T17:17:05.802	WT901BLE68(F3:F0:16:BF:DC:AE)	-0.156	1.015	-0.037	-58.044	34.546	20.264	88.29	-1.08	-92.99	-58.040	22.320	-13.987	0.43835	0.48459	-0.54755	-0.52255	25.8	null	null	13113	60
2026-05-27T17:17:05.867	WT901BLE68(F3:F0:16:BF:DC:AE)	-0.109	0.926	-0.002	-43.091	-3.601	18.860	83.53	-2.49	-91.10	-58.040	22.320	-13.987	0.43835	0.48459	-0.54755	-0.52255	25.8	null	null	13113	60
2026-05-27T17:17:05.988	WT901BLE68(F3:F0:16:BF:DC:AE)	0.097	0.873	0.021	-17.883	-32.654	18.494	81.01	-4.22	-92.98	-58.040	22.320	-13.987	0.43835	0.48459	-0.54755	-0.52255	25.8	null	null	13113	60
2026-05-27T17:17:06.100	WT901BLE68(F3:F0:16:BF:DC:AE)	0.158	0.909	0.151	0.854	16.785	13.245	80.99	-5.38	-92.80	-58.040	22.320	-13.987	0.43835	0.48459	-0.54755	-0.52255	25.8	null	null	13113	60
2026-05-27T17:17:06.193	WT901BLE68(F3:F0:16:BF:DC:AE)	0.033	0.985	0.274	20.203	11.047	7.874	82.40	-6.29	-90.41	-58.040	22.320	-13.987	0.43835	0.48459	-0.54755	-0.52255	25.8	null	null	13113	60
2026-05-27T17:17:06.280	WT901BLE68(F3:F0:16:BF:DC:AE)	-0.092	1.183	-0.073	67.261	13.672	-10.559	85.55	-6.31	-88.82	-58.040	22.320	-13.987	0.43835	0.48459	-0.54755	-0.52255	25.8	null	null	13113	60
2026-05-27T17:17:06.403	WT901BLE68(F3:F0:16:BF:DC:AE)	0.069	0.732	-0.249	68.542	11.047	1.953	89.12	-4.50	-83.30	-58.040	22.320	-13.987	0.43835	0.48459	-0.54755	-0.52255	25.8	null	null	13113	60
2026-05-27T17:17:06.466	WT901BLE68(F3:F0:16:BF:DC:AE)	-0.001	1.029	-0.069	45.837	-15.381	0.000	93.96	-4.91	-85.89	-51.073	24.220	-16.087	0.43835	0.48459	-0.54755	-0.52255	25.8	null	null	13113	60
2026-05-27T17:17:06.614	WT901BLE68(F3:F0:16:BF:DC:AE)	0.052	0.973	-0.170	24.475	-15.198	6.653	97.43	-4.88	-86.60	-51.073	24.220	-16.087	0.43835	0.48459	-0.54755	-0.52255	25.8	null	null	13113	60
2026-05-27T17:17:06.672	WT901BLE68(F3:F0:16:BF:DC:AE)	0.228	0.968	-0.217	20.447	-31.372	6.897	100.07	-5.37	-89.47	-51.073	24.220	-16.087	0.49069	0.52481	-0.54871	-0.42728	25.8	null	null	13113	60
2026-05-27T17:17:06.794	WT901BLE68(F3:F0:16:BF:DC:AE)	0.090	0.966	-0.232	17.151	-0.793	-3.479	101.82	-5.42	-89.42	-51.073	24.220	-16.087	0.49069	0.52481	-0.54871	-0.42728	25.8	null	null	13113	60
2026-05-27T17:17:06.882	WT901BLE68(F3:F0:16:BF:DC:AE)	0.150	0.914	-0.280	16.052	-24.109	2.808	103.37	-5.04	-89.91	-51.073	24.220	-16.087	0.49069	0.52481	-0.54871	-0.42728	25.8	null	null	13113	60
2026-05-27T17:17:07.003	WT901BLE68(F3:F0:16:BF:DC:AE)	0.123	0.927	-0.255	20.264	-15.564	-10.986	105.29	-4.29	-90.65	-51.073	24.220	-16.087	0.49069	0.52481	-0.54871	-0.42728	25.8	null	null	13113	60
2026-05-27T17:17:07.091	WT901BLE68(F3:F0:16:BF:DC:AE)	0.065	0.986	-0.254	20.996	-17.334	-13.916	107.42	-3.12	-90.31	-51.073	24.220	-16.087	0.49069	0.52481	-0.54871	-0.42728	25.8	null	null	13113	60
2026-05-27T17:17:07.216	WT901BLE68(F3:F0:16:BF:DC:AE)	0.114	0.976	-0.276	16.357	-19.958	-15.259	109.24	-1.38	-90.73	-51.073	24.220	-16.087	0.49069	0.52481	-0.54871	-0.42728	25.8	null	null	13113	60
2026-05-27T17:17:07.275	WT901BLE68(F3:F0:16:BF:DC:AE)	0.075	1.118	-0.229	1.709	-11.780	-12.390	110.26	0.34	-90.92	-53.467	24.473	-22.833	0.49069	0.52481	-0.54871	-0.42728	25.8	null	null	13113	60
2026-05-27T17:17:07.392	WT901BLE68(F3:F0:16:BF:DC:AE)	-0.150	0.909	-0.126	-45.227	-19.958	-13.855	105.40	1.65	-90.42	-53.467	24.473	-22.833	0.49069	0.52481	-0.54871	-0.42728	25.8	null	null	13113	60
2026-05-27T17:17:07.484	WT901BLE68(F3:F0:16:BF:DC:AE)	0.097	1.032	-0.297	-29.907	-17.090	2.808	101.09	2.96	-92.77	-53.467	24.473	-22.833	0.49069	0.52481	-0.54871	-0.42728	25.8	null	null	13113	60
2026-05-27T17:17:07.604	WT901BLE68(F3:F0:16:BF:DC:AE)	-0.086	1.037	-0.251	-49.255	32.898	13.611	97.52	1.65	-89.90	-53.467	24.473	-22.833	0.42828	0.54242	-0.54462	-0.47498	25.8	null	null	13113	60
2026-05-27T17:17:07.695	WT901BLE68(F3:F0:16:BF:DC:AE)	-0.118	1.035	-0.104	-59.998	17.822	16.235	92.29	-0.25	-86.70	-53.467	24.473	-22.833	0.42828	0.54242	-0.54462	-0.47498	25.8	null	null	13113	60
2026-05-27T17:17:07.811	WT901BLE68(F3:F0:16:BF:DC:AE)	-0.063	0.987	0.031	-59.998	-22.827	24.353	86.29	-1.93	-86.06	-53.467	24.473	-22.833	0.42828	0.54242	-0.54462	-0.47498	25.8	null	null	13113	60
2026-05-27T17:17:07.906	WT901BLE68(F3:F0:16:BF:DC:AE)	0.069	0.893	0.029	-38.696	-1.404	15.625	82.45	-3.87	-87.24	-53.467	24.473	-22.833	0.42828	0.54242	-0.54462	-0.47498	25.8	null	null	13113	60
2026-05-27T17:17:08.024	WT901BLE68(F3:F0:16:BF:DC:AE)	0.021	0.848	0.075	-10.376	24.170	5.798	80.32	-4.32	-84.78	-53.467	24.473	-22.833	0.42828	0.54242	-0.54462	-0.47498	25.8	null	null	13113	60
2026-05-27T17:17:08.083	WT901BLE68(F3:F0:16:BF:DC:AE)	0.016	0.919	0.205	9.644	7.507	5.249	80.35	-4.46	-82.54	-53.467	24.473	-22.833	0.42828	0.54242	-0.54462	-0.47498	25.8	null	null	13113	60
2026-05-27T17:17:08.207	WT901BLE68(F3:F0:16:BF:DC:AE)	-0.129	0.950	-0.065	54.993	11.108	-4.944	83.30	-4.55	-81.28	-53.467	24.473	-22.833	0.42828	0.54242	-0.54462	-0.47498	25.8	null	null	13113	60
2026-05-27T17:17:08.291	WT901BLE68(F3:F0:16:BF:DC:AE)	0.049	0.807	0.031	41.931	-21.851	0.000	86.62	-3.77	-78.64	-49.147	23.700	-12.287	0.42828	0.54242	-0.54462	-0.47498	25.8	null	null	13113	60
2026-05-27T17:17:08.415	WT901BLE68(F3:F0:16:BF:DC:AE)	-0.066	1.036	0.086	20.569	-20.203	0.305	90.37	-4.11	-79.79	-49.147	23.700	-12.287	0.42828	0.54242	-0.54462	-0.47498	25.8	null	null	13113	60
2026-05-27T17:17:08.503	WT901BLE68(F3:F0:16:BF:DC:AE)	0.174	1.290	0.286	-76.172	-40.405	15.869	89.55	-4.63	-82.77	-49.147	23.700	-12.287	0.54599	0.52780	-0.48486	-0.43369	25.8	null	null	13113	60
2026-05-27T17:17:08.622	WT901BLE68(F3:F0:16:BF:DC:AE)	0.167	1.031	-0.336	56.519	-21.423	0.793	91.60	-4.03	-88.19	-49.147	23.700	-12.287	0.54599	0.52780	-0.48486	-0.43369	25.8	null	null	13113	60
2026-05-27T17:17:08.684	WT901BLE68(F3:F0:16:BF:DC:AE)	0.137	0.956	-0.104	69.580	23.376	-11.047	97.40	-3.18	-86.61	-49.147	23.700	-12.287	0.54599	0.52780	-0.48486	-0.43369	25.8	null	null	13113	60
2026-05-27T17:17:08.803	WT901BLE68(F3:F0:16:BF:DC:AE)	0.019	1.017	-0.148	34.912	4.395	-8.118	102.39	-2.95	-83.81	-49.147	23.700	-12.287	0.54599	0.52780	-0.48486	-0.43369	25.8	null	null	13113	60
2026-05-27T17:17:08.925	WT901BLE68(F3:F0:16:BF:DC:AE)	0.092	0.975	-0.228	28.137	-14.282	-5.676	105.63	-2.36	-84.08	-49.147	23.700	-12.287	0.54599	0.52780	-0.48486	-0.43369	25.8	null	null	13113	60
2026-05-27T17:17:09.013	WT901BLE68(F3:F0:16:BF:DC:AE)	0.083	0.950	-0.250	24.536	-3.784	-10.376	108.23	-1.53	-83.73	-49.147	23.700	-12.287	0.54599	0.52780	-0.48486	-0.43369	25.8	null	null	13113	60
2026-05-27T17:17:09.104	WT901BLE68(F3:F0:16:BF:DC:AE)	0.083	0.962	-0.274	17.883	-22.583	-12.024	109.96	-0.28	-83.81	-50.200	25.460	-25.867	0.54599	0.52780	-0.48486	-0.43369	25.8	null	null	13113	60
2026-05-27T17:17:09.224	WT901BLE68(F3:F0:16:BF:DC:AE)	0.095	1.093	-0.224	3.784	1.648	-8.728	111.14	0.93	-83.95	-50.200	25.460	-25.867	0.54599	0.52780	-0.48486	-0.43369	25.8	null	null	13113	60
2026-05-27T17:17:09.312	WT901BLE68(F3:F0:16:BF:DC:AE)	-0.205	0.906	0.016	-78.064	32.715	-12.024	106.02	1.09	-81.31	-50.200	25.460	-25.867	0.43939	0.61243	-0.52634	-0.39334	25.8	null	null	13113	60
2026-05-27T17:17:09.463	WT901BLE68(F3:F0:16:BF:DC:AE)	0.261	1.076	-0.296	-31.799	-21.790	7.263	100.90	2.09	-82.63	-50.200	25.460	-25.867	0.43939	0.61243	-0.52634	-0.39334	25.8	null	null	13113	60
2026-05-27T17:17:09.491	WT901BLE68(F3:F0:16:BF:DC:AE)	-0.128	1.063	-0.283	-65.430	58.533	12.207	96.71	0.08	-78.88	-50.200	25.460	-25.867	0.43939	0.61243	-0.52634	-0.39334	25.8	null	null	13113	60
2026-05-27T17:17:09.614	WT901BLE68(F3:F0:16:BF:DC:AE)	-0.137	1.012	-0.142	-67.810	30.212	13.367	90.65	-1.76	-74.31	-50.200	25.460	-25.867	0.43939	0.61243	-0.52634	-0.39334	25.8	null	null	13113	60
2026-05-27T17:17:09.705	WT901BLE68(F3:F0:16:BF:DC:AE)	-0.006	0.938	-0.075	-46.509	-30.151	23.071	84.91	-2.91	-74.12	-50.200	25.460	-25.867	0.43939	0.61243	-0.52634	-0.39334	25.8	null	null	13113	60
2026-05-27T17:17:09.822	WT901BLE68(F3:F0:16:BF:DC:AE)	0.112	0.822	-0.063	-16.541	0.244	14.160	82.77	-4.95	-76.16	-50.200	25.460	-25.867	0.43939	0.61243	-0.52634	-0.39334	25.8	null	null	13113	60
2026-05-27T17:17:09.945	WT901BLE68(F3:F0:16:BF:DC:AE)	0.164	0.915	0.149	4.944	64.453	4.700	82.75	-5.25	-73.35	-50.200	25.460	-25.867	0.43939	0.61243	-0.52634	-0.39334	25.8	null	null	13113	60
2026-05-27T17:17:10.032	WT901BLE68(F3:F0:16:BF:DC:AE)	-0.025	1.033	0.412	14.832	40.039	-2.319	83.47	-4.22	-66.87	-46.213	24.593	-16.780	0.43939	0.61243	-0.52634	-0.39334	25.8	null	null	13113	60
2026-05-27T17:17:10.121	WT901BLE68(F3:F0:16:BF:DC:AE)	0.142	1.649	0.063	37.598	75.806	1.892	87.71	-3.70	-66.99	-46.213	24.593	-16.780	0.43939	0.61243	-0.52634	-0.39334	25.8	null	null	13113	60
2026-05-27T17:17:10.212	WT901BLE68(F3:F0:16:BF:DC:AE)	0.172	0.744	-0.366	49.133	-46.021	7.507	91.51	-3.08	-66.07	-46.213	24.593	-16.780	0.60721	0.58313	-0.39633	-0.36618	25.8	null	null	13113	60
2026-05-27T17:17:10.302	WT901BLE68(F3:F0:16:BF:DC:AE)	0.063	0.992	-0.144	53.772	-19.714	-10.742	96.08	-2.43	-68.16	-46.213	24.593	-16.780	0.60721	0.58313	-0.39633	-0.36618	25.8	null	null	13113	60
2026-05-27T17:17:10.426	WT901BLE68(F3:F0:16:BF:DC:AE)	0.054	0.976	-0.202	33.325	-23.560	-1.038	100.15	-1.66	-68.51	-46.213	24.593	-16.780	0.60721	0.58313	-0.39633	-0.36618	25.8	null	null	13113	60
2026-05-27T17:17:10.542	WT901BLE68(F3:F0:16:BF:DC:AE)	0.157	0.977	-0.133	16.174	13.184	-2.930	102.25	-1.79	-69.03	-46.213	24.593	-16.780	0.60721	0.58313	-0.39633	-0.36618	25.8	null	null	13113	60
2026-05-27T17:17:10.637	WT901BLE68(F3:F0:16:BF:DC:AE)	-0.002	0.967	-0.260	19.592	20.386	-4.883	103.87	-2.03	-66.81	-46.213	24.593	-16.780	0.60721	0.58313	-0.39633	-0.36618	25.8	null	null	13113	60
2026-05-27T17:17:10.758	WT901BLE68(F3:F0:16:BF:DC:AE)	0.006	0.969	-0.288	23.804	3.906	-7.385	105.84	-1.67	-65.64	-46.213	24.593	-16.780	0.60721	0.58313	-0.39633	-0.36618	25.8	null	null	13113	60
2026-05-27T17:17:10.872	WT901BLE68(F3:F0:16:BF:DC:AE)	0.082	0.960	-0.275	24.048	-1.221	-11.719	108.12	-0.78	-65.60	-46.213	24.593	-16.780	0.60721	0.58313	-0.39633	-0.36618	25.8	null	null	13113	60
2026-05-27T17:17:10.902	WT901BLE68(F3:F0:16:BF:DC:AE)	0.032	0.980	-0.270	17.578	-11.414	-10.132	110.08	0.28	-65.54	-50.787	24.633	-35.187	0.60721	0.58313	-0.39633	-0.36618	25.8	null	null	13113	60
2026-05-27T17:17:11.027	WT901BLE68(F3:F0:16:BF:DC:AE)	0.112	1.056	-0.303	13.367	-26.611	-4.700	111.38	2.14	-67.96	-50.787	24.633	-35.187	0.60721	0.58313	-0.39633	-0.36618	25.8	null	null	13113	60
2026-05-27T17:17:11.111	WT901BLE68(F3:F0:16:BF:DC:AE)	-0.043	1.136	0.007	-33.447	10.132	-8.362	110.60	2.91	-68.02	-50.787	24.633	-35.187	0.45435	0.69058	-0.45358	-0.33292	25.8	null	null	13113	60
2026-05-27T17:17:11.234	WT901BLE68(F3:F0:16:BF:DC:AE)	-0.050	0.972	-0.141	-65.125	-83.069	-0.305	101.59	2.91	-69.02	-50.787	24.633	-35.187	0.45435	0.69058	-0.45358	-0.33292	25.8	null	null	13113	60
2026-05-27T17:17:11.323	WT901BLE68(F3:F0:16:BF:DC:AE)	-0.008	1.095	-0.336	-70.374	12.268	23.376	95.44	2.23	-72.47	-50.787	24.633	-35.187	0.45435	0.69058	-0.45358	-0.33292	25.8	null	null	13113	60
2026-05-27T17:17:11.473	WT901BLE68(F3:F0:16:BF:DC:AE)	0.002	1.026	-0.147	-66.040	55.481	29.297	89.29	-0.70	-69.72	-50.787	24.633	-35.187	0.45435	0.69058	-0.45358	-0.33292	25.8	null	null	13113	60
2026-05-27T17:17:11.501	WT901BLE68(F3:F0:16:BF:DC:AE)	-0.214	0.875	-0.090	-49.194	28.992	17.639	83.62	-2.66	-64.17	-50.787	24.633	-35.187	0.45435	0.69058	-0.45358	-0.33292	25.8	null	null	13113	60
2026-05-27T17:17:11.624	WT901BLE68(F3:F0:16:BF:DC:AE)	0.007	0.793	-0.053	-6.531	-49.255	18.066	82.14	-4.02	-66.22	-50.787	24.633	-35.187	0.45435	0.69058	-0.45358	-0.33292	25.8	null	null	13113	60
2026-05-27T17:17:11.714	WT901BLE68(F3:F0:16:BF:DC:AE)	0.203	0.996	0.308	-2.686	48.279	12.634	83.35	-5.30	-66.71	-50.787	24.633	-35.187	0.45435	0.69058	-0.45358	-0.33292	25.8	null	null	13113	60
2026-05-27T17:17:11.833	WT901BLE68(F3:F0:16:BF:DC:AE)	-0.052	0.953	0.365	9.033	41.260	4.822	83.13	-5.15	-61.02	-50.787	24.633	-35.187	0.45435	0.69058	-0.45358	-0.33292	25.8	null	null	13113	60
2026-05-27T17:17:11.924	WT901BLE68(F3:F0:16:BF:DC:AE)	-0.003	1.664	0.184	31.677	109.985	-4.333	86.86	-4.71	-57.96	-43.520	30.320	-19.680	0.45435	0.69058	-0.45358	-0.33292	25.8	null	null	13113	60
2026-05-27T17:17:12.042	WT901BLE68(F3:F0:16:BF:DC:AE)	0.025	0.721	-0.490	67.749	-40.161	14.099	91.57	-3.73	-56.86	-43.520	30.320	-19.680	0.64188	0.60580	-0.34735	-0.31656	25.8	null	null	13113	60
2026-05-27T17:17:12.132	WT901BLE68(F3:F0:16:BF:DC:AE)	0.172	1.021	-0.128	53.833	-10.742	-6.348	96.65	-3.26	-59.90	-43.520	30.320	-19.680	0.64188	0.60580	-0.34735	-0.31656	25.8	null	null	13113	60
2026-05-27T17:17:12.256	WT901BLE68(F3:F0:16:BF:DC:AE)	-0.003	0.988	-0.206	32.349	-18.555	-0.061	100.50	-3.00	-60.27	-43.520	30.320	-19.680	0.64188	0.60580	-0.34735	-0.31656	25.8	null	null	13113	60
2026-05-27T17:17:12.313	WT901BLE68(F3:F0:16:BF:DC:AE)	0.158	0.956	-0.263	23.132	-20.874	0.854	102.89	-2.86	-63.08	-43.520	30.320	-19.680	0.64188	0.60580	-0.34735	-0.31656	25.8	null	null	13113	60
2026-05-27T17:17:12.434	WT901BLE68(F3:F0:16:BF:DC:AE)	0.045	0.955	-0.274	25.818	13.367	-13.489	105.28	-2.61	-62.56	-43.520	30.320	-19.680	0.64188	0.60580	-0.34735	-0.31656	25.8	null	null	13113	60
2026-05-27T17:17:12.523	WT901BLE68(F3:F0:16:BF:DC:AE)	-0.027	0.962	-0.315	29.541	-22.217	-7.568	108.01	-1.69	-62.46	-43.520	30.320	-19.680	0.64188	0.60580	-0.34735	-0.31656	25.8	null	null	13113	60
2026-05-27T17:17:12.645	WT901BLE68(F3:F0:16:BF:DC:AE)	0.131	0.973	-0.262	24.902	-0.122	-15.381	110.58	-0.18	-63.20	-43.520	30.320	-19.680	0.64188	0.60580	-0.34735	-0.31656	25.8	null	null	13113	60
2026-05-27T17:17:12.733	WT901BLE68(F3:F0:16:BF:DC:AE)	0.032	0.989	-0.225	15.442	-16.663	-13.000	112.42	1.24	-63.44	-49.847	28.027	-37.120	0.64188	0.60580	-0.34735	-0.31656	25.8	null	null	13113	60
2026-05-27T17:17:12.860	WT901BLE68(F3:F0:16:BF:DC:AE)	0.118	1.160	-0.254	-0.732	6.897	-2.808	112.59	2.12	-64.34	-49.847	28.027	-37.120	0.64188	0.60580	-0.34735	-0.31656	25.8	null	null	13113	60
2026-05-27T17:17:12.919	WT901BLE68(F3:F0:16:BF:DC:AE)	-0.217	0.714	-0.002	-79.224	52.856	-10.559	105.94	1.69	-61.39	-49.847	28.027	-37.120	0.64188	0.60580	-0.34735	-0.31656	25.8	null	null	13113	60
2026-05-27T17:17:13.034	WT901BLE68(F3:F0:16:BF:DC:AE)	0.135	1.104	-0.449	-53.101	-16.418	13.672	98.43	1.98	-62.78	-49.847	28.027	-37.120	0.52142	0.68619	-0.39285	-0.32065	25.8	null	null	13113	60
2026-05-27T17:17:13.154	WT901BLE68(F3:F0:16:BF:DC:AE)	0.102	1.088	-0.211	-80.505	15.503	34.912	91.88	-0.63	-62.19	-49.847	28.027	-37.120	0.52142	0.68619	-0.39285	-0.32065	25.8	null	null	13113	60
2026-05-27T17:17:13.244	WT901BLE68(F3:F0:16:BF:DC:AE)	-0.096	0.907	-0.135	-72.876	58.899	13.550	85.04	-3.07	-57.05	-49.847	28.027	-37.120	0.52142	0.68619	-0.39285	-0.32065	25.8	null	null	13113	60
2026-05-27T17:17:13.336	WT901BLE68(F3:F0:16:BF:DC:AE)	-0.139	0.819	-0.006	-28.687	-31.799	16.785	81.16	-3.93	-56.21	-49.847	28.027	-37.120	0.52142	0.68619	-0.39285	-0.32065	25.8	null	null	13113	60
2026-05-27T17:17:13.454	WT901BLE68(F3:F0:16:BF:DC:AE)	0.318	0.892	0.053	0.610	-20.874	19.958	81.39	-6.11	-61.29	-49.847	28.027	-37.120	0.52142	0.68619	-0.39285	-0.32065	25.8	null	null	13113	60
2026-05-27T17:17:13.541	WT901BLE68(F3:F0:16:BF:DC:AE)	0.025	1.021	0.294	-0.305	39.001	-2.563	81.61	-6.70	-57.96	-49.847	28.027	-37.120	0.52142	0.68619	-0.39285	-0.32065	25.8	null	null	13113	60
2026-05-27T17:17:13.631	WT901BLE68(F3:F0:16:BF:DC:AE)	-0.105	0.854	0.118	18.494	-3.845	0.000	81.51	-6.26	-55.68	-39.267	30.560	-15.593	0.52142	0.68619	-0.39285	-0.32065	25.8	null	null	13113	60
2026-05-27T17:17:13.721	WT901BLE68(F3:F0:16:BF:DC:AE)	-0.237	1.589	0.245	32.959	78.613	-7.446	86.16	-5.33	-53.66	-39.267	30.560	-15.593	0.52142	0.68619	-0.39285	-0.32065	25.8	null	null	13113	60
2026-05-27T17:17:13.843	WT901BLE68(F3:F0:16:BF:DC:AE)	0.081	0.718	-0.388	68.115	-10.681	8.484	91.27	-4.35	-54.79	-39.267	30.560	-15.593	0.52142	0.68619	-0.39285	-0.32065	25.8	null	null	13113	60
2026-05-27T17:17:13.933	WT901BLE68(F3:F0:16:BF:DC:AE)	-0.004	0.979	-0.146	63.965	-9.338	-15.137	96.76	-2.97	-55.98	-39.267	30.560	-15.593	0.62054	0.62939	-0.36017	-0.29825	25.8	null	null	13113	60
2026-05-27T17:17:14.052	WT901BLE68(F3:F0:16:BF:DC:AE)	0.052	0.996	-0.168	30.457	-18.005	1.343	100.58	-2.68	-56.79	-39.267	30.560	-15.593	0.62054	0.62939	-0.36017	-0.29825	25.8	null	null	13113	60
2026-05-27T17:17:14.142	WT901BLE68(F3:F0:16:BF:DC:AE)	0.118	0.940	-0.208	20.752	-1.648	-1.648	102.85	-2.58	-58.46	-39.267	30.560	-15.593	0.62054	0.62939	-0.36017	-0.29825	25.8	null	null	13113	60
2026-05-27T17:17:14.264	WT901BLE68(F3:F0:16:BF:DC:AE)	0.016	0.946	-0.272	24.597	10.864	-11.780	104.99	-2.18	-58.15	-39.267	30.560	-15.593	0.62054	0.62939	-0.36017	-0.29825	25.8	null	null	13113	60
2026-05-27T17:17:14.323	WT901BLE68(F3:F0:16:BF:DC:AE)	0.032	0.969	-0.243	25.574	-15.259	-6.897	107.49	-1.25	-58.59	-39.267	30.560	-15.593	0.62054	0.62939	-0.36017	-0.29825	25.8	null	null	13113	60
2026-05-27T17:17:14.446	WT901BLE68(F3:F0:16:BF:DC:AE)	0.096	0.955	-0.284	23.132	7.080	-15.381	109.73	-0.12	-59.28	-39.267	30.560	-15.593	0.62054	0.62939	-0.36017	-0.29825	25.8	null	null	13113	60
2026-05-27T17:17:14.531	WT901BLE68(F3:F0:16:BF:DC:AE)	0.049	0.992	-0.287	21.301	-10.132	-12.390	111.89	1.31	-59.38	-45.133	27.080	-33.793	0.62054	0.62939	-0.36017	-0.29825	25.8	null	null	13113	60
2026-05-27T17:17:14.654	WT901BLE68(F3:F0:16:BF:DC:AE)	0.041	1.183	-0.186	-2.502	10.010	-11.536	113.04	2.57	-60.21	-45.133	27.080	-33.793	0.62054	0.62939	-0.36017	-0.29825	25.8	null	null	13113	60
2026-05-27T17:17:14.744	WT901BLE68(F3:F0:16:BF:DC:AE)	-0.056	0.903	0.313	-158.081	16.052	-3.418	108.75	2.41	-57.78	-45.133	27.080	-33.793	0.48151	0.72635	-0.39362	-0.29242	25.8	null	null	13113	60
2026-05-27T17:17:14.868	WT901BLE68(F3:F0:16:BF:DC:AE)	0.168	1.107	-0.384	-64.148	-13.245	11.230	99.78	2.80	-58.71	-45.133	27.080	-33.793	0.48151	0.72635	-0.39362	-0.29242	25.8	null	null	13113	60
2026-05-27T17:17:14.957	WT901BLE68(F3:F0:16:BF:DC:AE)	0.041	1.037	-0.296	-74.463	29.785	28.442	93.21	0.57	-57.21	-45.133	27.080	-33.793	0.48151	0.72635	-0.39362	-0.29242	25.8	null	null	13113	60
2026-05-27T17:17:15.077	WT901BLE68(F3:F0:16:BF:DC:AE)	-0.127	0.975	-0.146	-75.134	65.430	25.269	86.86	-2.57	-52.90	-45.133	27.080	-33.793	0.48151	0.72635	-0.39362	-0.29242	25.8	null	null	13113	60
2026-05-27T17:17:15.133	WT901BLE68(F3:F0:16:BF:DC:AE)	-0.193	0.833	-0.032	-35.156	2.197	10.986	81.47	-3.54	-49.09	-45.133	27.080	-33.793	0.48151	0.72635	-0.39362	-0.29242	25.8	null	null	13113	60
2026-05-27T17:17:15.253	WT901BLE68(F3:F0:16:BF:DC:AE)	0.241	0.805	0.046	1.709	-25.024	15.625	80.49	-4.84	-52.69	-45.133	27.080	-33.793	0.48151	0.72635	-0.39362	-0.29242	25.8	null	null	13113	60
2026-05-27T17:17:15.347	WT901BLE68(F3:F0:16:BF:DC:AE)	0.060	0.961	0.308	25.696	71.899	-10.193	80.72	-5.58	-50.39	-45.133	27.080	-33.793	0.48151	0.72635	-0.39362	-0.29242	25.8	null	null	13113	60
2026-05-27T17:17:15.461	WT901BLE68(F3:F0:16:BF:DC:AE)	-0.284	1.953	-0.005	81.665	23.682	-25.696	83.13	-3.66	-44.53	-42.293	20.780	-20.427	0.48151	0.72635	-0.39362	-0.29242	25.8	null	null	13113	60
2026-05-27T17:17:15.554	WT901BLE68(F3:F0:16:BF:DC:AE)	0.128	0.804	-0.387	59.631	-45.166	13.367	86.70	-3.00	-43.77	-42.293	20.780	-20.427	0.48151	0.72635	-0.39362	-0.29242	25.8	null	null	13113	60
2026-05-27T17:17:15.673	WT901BLE68(F3:F0:16:BF:DC:AE)	0.123	1.006	-0.109	88.074	-32.410	-10.193	93.18	-2.47	-47.19	-42.293	20.780	-20.427	0.65585	0.64352	-0.29590	-0.26089	25.8	null	null	13113	60
2026-05-27T17:17:15.732	WT901BLE68(F3:F0:16:BF:DC:AE)	0.146	1.035	-0.060	53.894	-34.058	-6.409	100.49	-1.80	-49.99	-42.293	20.780	-20.427	0.65585	0.64352	-0.29590	-0.26089	25.8	null	null	13113	60
2026-05-27T17:17:15.858	WT901BLE68(F3:F0:16:BF:DC:AE)	0.083	1.000	-0.146	30.640	17.273	-10.498	104.62	-1.29	-51.69	-42.293	20.780	-20.427	0.65585	0.64352	-0.29590	-0.26089	25.8	null	null	13113	60
2026-05-27T17:17:15.947	WT901BLE68(F3:F0:16:BF:DC:AE)	-0.065	0.935	-0.341	33.813	-13.245	-6.104	107.41	-0.74	-51.41	-42.293	20.780	-20.427	0.65585	0.64352	-0.29590	-0.26089	25.8	null	null	13113	60
2026-05-27T17:17:16.069	WT901BLE68(F3:F0:16:BF:DC:AE)	0.063	0.961	-0.281	30.884	-18.738	-10.071	110.48	0.49	-53.51	-42.293	20.780	-20.427	0.65585	0.64352	-0.29590	-0.26089	25.8	null	null	13113	60
2026-05-27T17:17:16.151	WT901BLE68(F3:F0:16:BF:DC:AE)	0.051	0.999	-0.162	25.024	-10.803	-5.798	112.90	1.54	-53.66	-42.293	20.780	-20.427	0.65585	0.64352	-0.29590	-0.26089	25.8	null	null	13113	60
2026-05-27T17:17:16.277	WT901BLE68(F3:F0:16:BF:DC:AE)	0.305	1.319	-0.308	3.174	25.330	-0.671	113.94	2.11	-54.34	-42.293	20.780	-20.427	0.65585	0.64352	-0.29590	-0.26089	25.8	null	null	13113	60
2026-05-27T17:17:16.391	WT901BLE68(F3:F0:16:BF:DC:AE)	-0.197	0.821	-0.227	-73.547	-6.714	-20.874	105.87	1.97	-50.95	-48.493	13.053	-36.600	0.65585	0.64352	-0.29590	-0.26089	25.8	null	null	13113	60
2026-05-27T17:17:16.487	WT901BLE68(F3:F0:16:BF:DC:AE)	0.110	1.050	-0.444	-55.969	53.894	-3.052	99.92	2.90	-51.58	-48.493	13.053	-36.600	0.65585	0.64352	-0.29590	-0.26089	25.8	null	null	13113	60
2026-05-27T17:17:16.541	WT901BLE68(F3:F0:16:BF:DC:AE)	0.032	1.059	-0.195	-80.933	53.528	24.780	93.30	0.79	-47.68	-48.493	13.053	-36.600	0.61966	0.67053	-0.29233	-0.28433	25.8	null	null	13113	60
2026-05-27T17:17:16.669	WT901BLE68(F3:F0:16:BF:DC:AE)	-0.213	0.965	-0.079	-79.956	62.561	-1.892	86.31	-0.38	-41.82	-48.493	13.053	-36.600	0.61966	0.67053	-0.29233	-0.28433	25.8	null	null	13113	60
2026-05-27T17:17:16.785	WT901BLE68(F3:F0:16:BF:DC:AE)	-0.049	0.885	-0.042	-35.278	-37.476	15.686	81.58	-0.54	-41.86	-48.493	13.053	-36.600	0.61966	0.67053	-0.29233	-0.28433	25.8	null	null	13113	60
2026-05-27T17:17:16.877	WT901BLE68(F3:F0:16:BF:DC:AE)	0.194	0.868	0.082	-11.353	44.006	2.441	80.30	-1.62	-44.05	-48.493	13.053	-36.600	0.61966	0.67053	-0.29233	-0.28433	25.8	null	null	13113	60
2026-05-27T17:17:16.969	WT901BLE68(F3:F0:16:BF:DC:AE)	0.033	1.021	0.493	-10.193	115.112	-8.728	79.84	0.23	-35.22	-48.493	13.053	-36.600	0.61966	0.67053	-0.29233	-0.28433	25.8	null	null	13113	60
2026-05-27T17:17:17.084	WT901BLE68(F3:F0:16:BF:DC:AE)	-0.415	1.059	-0.222	60.730	49.438	12.085	81.16	0.52	-28.37	-48.493	13.053	-36.600	0.61966	0.67053	-0.29233	-0.28433	25.8	null	null	13113	60
2026-05-27T17:17:17.140	WT901BLE68(F3:F0:16:BF:DC:AE)	-0.038	0.402	-0.256	37.476	16.541	28.076	82.02	0.57	-26.82	-48.493	13.053	-36.600	0.61966	0.67053	-0.29233	-0.28433	25.8	null	null	13113	60
2026-05-27T17:17:17.266	WT901BLE68(F3:F0:16:BF:DC:AE)	0.162	1.003	0.222	36.499	31.677	-4.028	87.05	-1.44	-27.93	-48.493	13.053	-36.600	0.61966	0.67053	-0.29233	-0.28433	25.8	null	null	13113	60
2026-05-27T17:17:17.354	WT901BLE68(F3:F0:16:BF:DC:AE)	0.071	1.068	0.057	5.737	-12.817	9.277	92.03	-1.85	-27.77	-40.767	16.133	-40.773	0.61966	0.67053	-0.29233	-0.28433	25.8	null	null	13113	60
2026-05-27T17:17:17.474	WT901BLE68(F3:F0:16:BF:DC:AE)	0.092	0.967	-0.200	74.707	-32.898	-3.845	96.70	-1.85	-32.33	-40.767	16.133	-40.773	0.61966	0.67053	-0.29233	-0.28433	25.8	null	null	13113	60
2026-05-27T17:17:17.569	WT901BLE68(F3:F0:16:BF:DC:AE)	0.000	0.997	-0.219	61.523	2.258	-12.634	102.59	-1.56	-31.20	-40.767	16.133	-40.773	0.62573	0.72885	-0.22098	-0.16821	25.8	null	null	13113	60
2026-05-27T17:17:17.683	WT901BLE68(F3:F0:16:BF:DC:AE)	0.064	0.991	-0.201	53.162	-31.738	-5.981	108.51	-0.17	-34.25	-40.767	16.133	-40.773	0.62573	0.72885	-0.22098	-0.16821	25.8	null	null	13113	60
2026-05-27T17:17:17.774	WT901BLE68(F3:F0:16:BF:DC:AE)	0.012	1.036	-0.185	27.893	11.108	-13.916	111.47	0.71	-33.94	-40.767	16.133	-40.773	0.62573	0.72885	-0.22098	-0.16821	25.8	null	null	13113	60
2026-05-27T17:17:17.892	WT901BLE68(F3:F0:16:BF:DC:AE)	0.179	1.078	-0.048	-9.033	-20.142	-8.057	111.88	1.54	-34.99	-40.767	16.133	-40.773	0.62573	0.72885	-0.22098	-0.16821	25.8	null	null	13113	60
2026-05-27T17:17:17.954	WT901BLE68(F3:F0:16:BF:DC:AE)	-0.241	1.111	-0.038	-95.154	65.613	-33.264	104.25	1.55	-30.57	-40.767	16.133	-40.773	0.62573	0.72885	-0.22098	-0.16821	25.8	null	null	13113	60
2026-05-27T17:17:18.106	WT901BLE68(F3:F0:16:BF:DC:AE)	0.367	1.104	-0.481	-40.466	37.842	-3.845	97.13	2.84	-29.90	-40.767	16.133	-40.773	0.62573	0.72885	-0.22098	-0.16821	25.8	null	null	13113	60
2026-05-27T17:17:18.168	WT901BLE68(F3:F0:16:BF:DC:AE)	0.072	1.074	-0.239	-70.313	82.886	7.202	92.11	1.56	-22.95	-44.480	12.747	-48.440	0.62573	0.72885	-0.22098	-0.16821	25.8	null	null	13113	60
2026-05-27T17:17:18.285	WT901BLE68(F3:F0:16:BF:DC:AE)	-0.090	0.944	-0.189	-68.176	91.797	9.949	85.94	0.13	-15.25	-44.480	12.747	-48.440	0.62573	0.72885	-0.22098	-0.16821	25.8	null	null	13113	60
2026-05-27T17:17:18.376	WT901BLE68(F3:F0:16:BF:DC:AE)	-0.072	0.871	-0.085	-26.672	15.259	19.653	81.96	-0.50	-11.66	-44.480	12.747	-48.440	0.74808	0.65552	-0.06863	-0.07666	25.8	null	null	13113	60
2026-05-27T17:17:18.495	WT901BLE68(F3:F0:16:BF:DC:AE)	0.048	0.880	0.030	-12.451	54.382	9.888	81.10	-2.04	-10.81	-44.480	12.747	-48.440	0.74808	0.65552	-0.06863	-0.07666	25.8	null	null	13113	60
2026-05-27T17:17:18.551	WT901BLE68(F3:F0:16:BF:DC:AE)	-0.014	0.891	0.235	13.489	61.523	21.606	80.90	-2.36	-5.39	-44.480	12.747	-48.440	0.74808	0.65552	-0.06863	-0.07666	25.8	null	null	13113	60
2026-05-27T17:17:18.677	WT901BLE68(F3:F0:16:BF:DC:AE)	0.057	0.830	0.210	14.526	50.781	23.682	81.15	-3.89	-1.33	-44.480	12.747	-48.440	0.74808	0.65552	-0.06863	-0.07666	25.8	null	null	13113	60
2026-05-27T17:17:18.767	WT901BLE68(F3:F0:16:BF:DC:AE)	-0.506	2.197	0.300	-28.259	157.532	-31.006	84.66	-2.14	6.32	-44.480	12.747	-48.440	0.74808	0.65552	-0.06863	-0.07666	25.8	null	null	13113	60
2026-05-27T17:17:18.888	WT901BLE68(F3:F0:16:BF:DC:AE)	0.162	0.923	-0.348	49.316	-16.296	32.593	88.13	-3.10	3.19	-44.480	12.747	-48.440	0.74808	0.65552	-0.06863	-0.07666	25.8	null	null	13113	60
2026-05-27T17:17:18.973	WT901BLE68(F3:F0:16:BF:DC:AE)	0.189	1.011	-0.257	78.186	1.038	-15.869	93.51	-2.65	1.18	-44.480	12.747	-48.440	0.74808	0.65552	-0.06863	-0.07666	25.8	null	null	13113	60
2026-05-27T17:17:19.094	WT901BLE68(F3:F0:16:BF:DC:AE)	0.029	0.996	-0.098	41.992	4.700	-2.686	98.51	-2.30	1.44	-24.633	21.960	-61.553	0.74808	0.65552	-0.06863	-0.07666	25.8	null	null	13113	60
2026-05-27T17:17:19.154	WT901BLE68(F3:F0:16:BF:DC:AE)	0.122	1.018	-0.111	25.452	3.784	-3.540	102.28	-1.81	-0.92	-24.633	21.960	-61.553	0.74808	0.65552	-0.06863	-0.07666	25.8	null	null	13113	60
2026-05-27T17:17:19.308	WT901BLE68(F3:F0:16:BF:DC:AE)	0.047	0.951	-0.250	19.043	-3.662	-5.249	103.92	-1.39	-2.12	-24.633	21.960	-61.553	0.74808	0.65552	-0.06863	-0.07666	25.8	null	null	13113	60
2026-05-27T17:17:19.364	WT901BLE68(F3:F0:16:BF:DC:AE)	0.059	0.940	-0.258	24.475	-0.061	-12.146	105.97	-0.57	-3.83	-24.633	21.960	-61.553	0.60776	0.79349	-0.02835	-0.01099	25.8	null	null	13113	60
2026-05-27T17:17:19.486	WT901BLE68(F3:F0:16:BF:DC:AE)	0.011	1.006	-0.212	31.250	9.644	-18.799	108.59	0.71	-3.39	-24.633	21.960	-61.553	0.60776	0.79349	-0.02835	-0.01099	25.8	null	null	13113	60
2026-05-27T17:17:19.576	WT901BLE68(F3:F0:16:BF:DC:AE)	0.092	1.033	-0.184	19.043	10.620	-15.808	110.60	2.01	-3.64	-24.633	21.960	-61.553	0.60776	0.79349	-0.02835	-0.01099	25.8	null	null	13113	60
2026-05-27T17:17:19.694	WT901BLE68(F3:F0:16:BF:DC:AE)	-0.117	1.333	-0.003	-52.734	51.270	-19.104	109.11	2.03	-0.80	-24.633	21.960	-61.553	0.60776	0.79349	-0.02835	-0.01099	25.8	null	null	13113	60
2026-05-27T17:17:19.785	WT901BLE68(F3:F0:16:BF:DC:AE)	-0.080	0.891	-0.246	-57.922	-23.865	-24.170	99.06	3.68	1.33	-24.633	21.960	-61.553	0.60776	0.79349	-0.02835	-0.01099	25.8	null	null	13113	60
2026-05-27T17:17:19.908	WT901BLE68(F3:F0:16:BF:DC:AE)	0.125	1.089	-0.422	-49.744	91.431	10.010	94.89	2.98	2.91	-24.633	21.960	-61.553	0.60776	0.79349	-0.02835	-0.01099	25.8	null	null	13113	60
2026-05-27T17:17:19.965	WT901BLE68(F3:F0:16:BF:DC:AE)	0.022	1.038	-0.143	-57.861	100.891	23.010	90.02	0.19	10.30	-18.293	31.867	-63.213	0.60776	0.79349	-0.02835	-0.01099	25.8	null	null	13113	60
2026-05-27T17:17:20.081	WT901BLE68(F3:F0:16:BF:DC:AE)	-0.167	0.937	-0.067	-50.964	64.453	10.193	84.56	-0.79	18.83	-18.293	31.867	-63.213	0.60776	0.79349	-0.02835	-0.01099	25.8	null	null	13113	60
2026-05-27T17:17:20.169	WT901BLE68(F3:F0:16:BF:DC:AE)	-0.025	0.868	0.014	-19.592	-5.920	18.311	81.89	-1.91	19.95	-18.293	31.867	-63.213	0.73837	0.65082	0.10751	0.13998	25.8	null	null	13113	60
2026-05-27T17:17:20.294	WT901BLE68(F3:F0:16:BF:DC:AE)	0.256	0.925	0.186	-12.329	43.030	19.287	81.11	-2.96	20.42	-18.293	31.867	-63.213	0.73837	0.65082	0.10751	0.13998	25.8	null	null	13113	60
2026-05-27T17:17:20.387	WT901BLE68(F3:F0:16:BF:DC:AE)	0.088	1.064	0.399	-34.912	114.990	19.470	79.75	-3.78	27.06	-18.293	31.867	-63.213	0.73837	0.65082	0.10751	0.13998	25.8	null	null	13113	60
2026-05-27T17:17:20.507	WT901BLE68(F3:F0:16:BF:DC:AE)	-0.312	2.472	0.928	-82.092	134.033	-21.729	76.37	-3.04	33.90	-18.293	31.867	-63.213	0.73837	0.65082	0.10751	0.13998	25.8	null	null	13113	60
2026-05-27T17:17:20.564	WT901BLE68(F3:F0:16:BF:DC:AE)	0.485	1.112	-0.145	36.255	10.315	39.124	78.23	-3.24	30.13	-18.293	31.867	-63.213	0.73837	0.65082	0.10751	0.13998	25.8	null	null	13113	60
2026-05-27T17:17:20.714	WT901BLE68(F3:F0:16:BF:DC:AE)	0.093	1.006	-0.082	79.651	16.479	-4.761	83.46	-2.66	32.51	-18.293	31.867	-63.213	0.73837	0.65082	0.10751	0.13998	25.8	null	null	13113	60
2026-05-27T17:17:20.774	WT901BLE68(F3:F0:16:BF:DC:AE)	0.028	0.978	0.081	68.665	-43.701	-3.540	89.60	-2.64	30.51	-18.293	31.867	-63.213	0.73837	0.65082	0.10751	0.13998	25.8	null	null	13113	60
2026-05-27T17:17:20.896	WT901BLE68(F3:F0:16:BF:DC:AE)	0.108	0.973	-0.101	24.963	49.255	-5.798	95.29	-2.26	26.81	-18.293	31.867	-63.213	0.73837	0.65082	0.10751	0.13998	25.8	null	null	13113	60
2026-05-27T17:17:20.982	WT901BLE68(F3:F0:16:BF:DC:AE)	-0.053	1.021	-0.140	50.537	-10.498	-6.531	99.42	-1.74	27.15	2.193	38.147	-49.600	0.73837	0.65082	0.10751	0.13998	25.8	null	null	13113	60
2026-05-27T17:17:21.108	WT901BLE68(F3:F0:16:BF:DC:AE)	0.170	0.977	-0.138	52.246	2.686	-11.047	104.06	-0.55	24.42	2.193	38.147	-49.600	0.73837	0.65082	0.10751	0.13998	25.8	null	null	13113	60
2026-05-27T17:17:21.192	WT901BLE68(F3:F0:16:BF:DC:AE)	0.046	0.997	-0.155	26.550	19.165	-13.550	107.81	0.44	23.93	2.193	38.147	-49.600	0.58746	0.78149	0.16690	0.12714	25.8	null	null	13113	60
2026-05-27T17:17:21.317	WT901BLE68(F3:F0:16:BF:DC:AE)	0.240	1.218	-0.260	5.493	27.771	-7.446	109.19	1.55	23.49	2.193	38.147	-49.600	0.58746	0.78149	0.16690	0.12714	25.8	null	null	13113	60
2026-05-27T17:17:21.373	WT901BLE68(F3:F0:16:BF:DC:AE)	-0.157	0.919	0.198	-107.300	66.772	-29.358	101.92	1.47	27.33	2.193	38.147	-49.600	0.58746	0.78149	0.16690	0.12714	25.8	null	null	13113	60
2026-05-27T17:17:21.496	WT901BLE68(F3:F0:16:BF:DC:AE)	0.428	1.141	-0.407	-39.429	4.944	12.512	94.71	2.57	27.22	2.193	38.147	-49.600	0.58746	0.78149	0.16690	0.12714	25.8	null	null	13113	60
2026-05-27T17:17:21.583	WT901BLE68(F3:F0:16:BF:DC:AE)	0.081	0.989	-0.264	-49.988	55.725	26.184	90.64	-0.34	29.62	2.193	38.147	-49.600	0.58746	0.78149	0.16690	0.12714	25.8	null	null	13113	60
2026-05-27T17:17:21.705	WT901BLE68(F3:F0:16:BF:DC:AE)	-0.051	0.975	-0.179	-49.072	132.202	14.465	86.68	-2.84	37.60	2.193	38.147	-49.600	0.58746	0.78149	0.16690	0.12714	25.8	null	null	13113	60
2026-05-27T17:17:21.791	WT901BLE68(F3:F0:16:BF:DC:AE)	-0.104	0.878	0.000	-5.066	-0.549	24.475	83.98	-3.64	44.80	7.220	41.420	-27.780	0.58746	0.78149	0.16690	0.12714	25.8	null	null	13113	60
2026-05-27T17:17:21.916	WT901BLE68(F3:F0:16:BF:DC:AE)	0.041	0.906	0.043	-4.211	35.522	10.681	84.45	-5.17	44.96	7.220	41.420	-27.780	0.58746	0.78149	0.16690	0.12714	25.8	null	null	13113	60
2026-05-27T17:17:21.973	WT901BLE68(F3:F0:16:BF:DC:AE)	0.076	0.875	0.093	30.457	33.936	10.376	84.69	-6.02	48.68	7.220	41.420	-27.780	0.66238	0.62750	0.23834	0.33255	25.8	null	null	13113	60
2026-05-27T17:17:22.124	WT901BLE68(F3:F0:16:BF:DC:AE)	0.118	1.776	0.037	57.617	36.133	-22.766	87.98	-5.01	50.56	7.220	41.420	-27.780	0.66238	0.62750	0.23834	0.33255	25.8	null	null	13113	60
2026-05-27T17:17:22.185	WT901BLE68(F3:F0:16:BF:DC:AE)	-0.026	0.925	-0.207	33.203	-25.635	5.554	91.22	-4.16	52.57	7.220	41.420	-27.780	0.66238	0.62750	0.23834	0.33255	25.8	null	null	13113	60
2026-05-27T17:17:22.304	WT901BLE68(F3:F0:16:BF:DC:AE)	0.179	0.988	-0.158	42.664	-13.367	-5.432	95.65	-3.63	49.03	7.220	41.420	-27.780	0.66238	0.62750	0.23834	0.33255	25.8	null	null	13113	60
2026-05-27T17:17:22.392	WT901BLE68(F3:F0:16:BF:DC:AE)	0.023	1.029	-0.147	30.151	-34.912	3.418	99.12	-3.06	46.43	7.220	41.420	-27.780	0.66238	0.62750	0.23834	0.33255	25.8	null	null	13113	60
2026-05-27T17:17:22.516	WT901BLE68(F3:F0:16:BF:DC:AE)	0.200	0.950	-0.220	20.142	-8.545	-4.395	101.66	-2.74	41.46	7.220	41.420	-27.780	0.66238	0.62750	0.23834	0.33255	25.8	null	null	13113	60
2026-05-27T17:17:22.607	WT901BLE68(F3:F0:16:BF:DC:AE)	0.035	0.949	-0.198	20.935	4.089	-13.367	103.54	-2.11	40.94	7.220	41.420	-27.780	0.66238	0.62750	0.23834	0.33255	25.8	null	null	13113	60
2026-05-27T17:17:22.723	WT901BLE68(F3:F0:16:BF:DC:AE)	0.018	0.973	-0.250	18.677	-23.071	-8.179	105.35	-1.21	38.98	7.220	41.420	-27.780	0.66238	0.62750	0.23834	0.33255	25.8	null	null	13113	60
2026-05-27T17:17:22.783	WT901BLE68(F3:F0:16:BF:DC:AE)	0.055	0.991	-0.288	21.973	-1.526	-19.226	107.25	0.34	36.56	7.220	41.420	-27.780	0.66238	0.62750	0.23834	0.33255	25.8	null	null	13113	60
2026-05-27T17:17:22.905	WT901BLE68(F3:F0:16:BF:DC:AE)	0.018	1.011	-0.190	13.550	-14.099	-20.874	108.75	2.38	34.82	7.220	41.420	-27.780	0.66238	0.62750	0.23834	0.33255	25.8	null	null	13113	60
2026-05-27T17:17:22.994	WT901BLE68(F3:F0:16:BF:DC:AE)	0.119	1.208	-0.046	-14.038	9.521	-10.071	108.42	4.08	32.41	7.220	41.420	-27.780	0.66238	0.62750	0.23834	0.33255	25.7	null	null	13113	60
2026-05-27T17:17:23.117	WT901BLE68(F3:F0:16:BF:DC:AE)	-0.146	0.980	-0.094	-81.055	-29.724	-10.315	98.49	4.65	31.85	7.220	41.420	-27.780	0.66238	0.62750	0.23834	0.33255	25.7	null	null	13113	60
2026-05-27T17:17:23.205	WT901BLE68(F3:F0:16:BF:DC:AE)	-0.047	1.008	-0.369	-37.720	-14.648	28.076	93.65	2.89	27.72	3.353	43.200	-31.480	0.66238	0.62750	0.23834	0.33255	25.7	null	null	13113	60
2026-05-27T17:17:23.324	WT901BLE68(F3:F0:16:BF:DC:AE)	-0.002	1.019	-0.192	-58.167	74.951	39.001	89.86	-0.85	30.06	3.353	43.200	-31.480	0.66238	0.62750	0.23834	0.33255	25.7	null	null	13113	60
2026-05-27T17:17:23.382	WT901BLE68(F3:F0:16:BF:DC:AE)	-0.181	0.933	-0.022	-38.940	76.660	26.001	85.42	-3.49	39.16	3.353	43.200	-31.480	0.68552	0.65311	0.19983	0.25198	25.7	null	null	13113	60
2026-05-27T17:17:23.537	WT901BLE68(F3:F0:16:BF:DC:AE)	-0.079	0.898	0.034	-11.963	-16.174	31.372	83.59	-5.88	41.65	3.353	43.200	-31.480	0.68552	0.65311	0.19983	0.25198	25.7	null	null	13113	60
2026-05-27T17:17:23.594	WT901BLE68(F3:F0:16:BF:DC:AE)	0.071	0.894	0.016	11.047	36.804	18.860	83.36	-7.19	43.42	3.353	43.200	-31.480	0.68552	0.65311	0.19983	0.25198	25.7	null	null	13113	60
2026-05-27T17:17:23.716	WT901BLE68(F3:F0:16:BF:DC:AE)	0.066	1.004	0.264	27.527	7.385	2.380	85.25	-7.64	45.83	3.353	43.200	-31.480	0.68552	0.65311	0.19983	0.25198	25.7	null	null	13113	60
2026-05-27T17:17:23.805	WT901BLE68(F3:F0:16:BF:DC:AE)	-0.320	1.302	-0.254	90.454	-116.211	-15.503	88.80	-6.37	44.98	3.353	43.200	-31.480	0.68552	0.65311	0.19983	0.25198	25.7	null	null	13113	60
2026-05-27T17:17:23.922	WT901BLE68(F3:F0:16:BF:DC:AE)	0.294	0.804	-0.178	39.978	-56.152	3.113	93.36	-6.00	39.69	3.353	43.200	-31.480	0.68552	0.65311	0.19983	0.25198	25.7	null	null	13113	60
2026-05-27T17:17:24.015	WT901BLE68(F3:F0:16:BF:DC:AE)	0.127	1.047	-0.192	42.236	-4.089	-14.221	97.81	-5.49	36.75	3.353	43.200	-31.480	0.68552	0.65311	0.19983	0.25198	25.7	null	null	13113	60
2026-05-27T17:17:24.134	WT901BLE68(F3:F0:16:BF:DC:AE)	0.063	0.978	-0.260	28.870	-49.988	8.484	101.28	-5.14	34.06	17.067	28.420	-26.593	0.68552	0.65311	0.19983	0.25198	25.7	null	null	13113	60
2026-05-27T17:17:24.195	WT901BLE68(F3:F0:16:BF:DC:AE)	0.137	0.927	-0.250	21.179	-24.963	-6.714	103.87	-4.39	30.08	17.067	28.420	-26.593	0.68552	0.65311	0.19983	0.25198	25.7	null	null	13113	60
2026-05-27T17:17:24.318	WT901BLE68(F3:F0:16:BF:DC:AE)	0.048	0.948	-0.314	29.907	-2.075	-11.169	106.36	-3.37	29.28	17.067	28.420	-26.593	0.68552	0.65311	0.19983	0.25198	25.7	null	null	13113	60
2026-05-27T17:17:24.402	WT901BLE68(F3:F0:16:BF:DC:AE)	0.153	0.959	-0.315	25.452	2.625	-5.737	108.65	-2.21	28.19	17.067	28.420	-26.593	0.56921	0.78305	0.18649	0.16714	25.7	null	null	13113	60
2026-05-27T17:17:24.526	WT901BLE68(F3:F0:16:BF:DC:AE)	0.078	0.960	-0.310	20.081	-8.118	-13.794	110.42	-0.75	27.24	17.067	28.420	-26.593	0.56921	0.78305	0.18649	0.16714	25.7	null	null	13113	60
2026-05-27T17:17:24.615	WT901BLE68(F3:F0:16:BF:DC:AE)	-0.001	1.023	-0.135	8.728	-44.250	-4.089	111.32	0.80	23.88	17.067	28.420	-26.593	0.56921	0.78305	0.18649	0.16714	25.7	null	null	13113	60
2026-05-27T17:17:24.733	WT901BLE68(F3:F0:16:BF:DC:AE)	0.234	1.503	0.244	-66.162	1.221	2.136	108.81	1.81	20.84	17.067	28.420	-26.593	0.56921	0.78305	0.18649	0.16714	25.7	null	null	13113	60
2026-05-27T17:17:24.796	WT901BLE68(F3:F0:16:BF:DC:AE)	0.113	1.106	-0.385	-69.336	-53.223	6.958	97.40	2.32	17.95	17.067	28.420	-26.593	0.56921	0.78305	0.18649	0.16714	25.7	null	null	13113	60
2026-05-27T17:17:24.945	WT901BLE68(F3:F0:16:BF:DC:AE)	-0.029	1.054	-0.410	-63.782	35.339	30.579	91.54	-0.63	18.54	17.067	28.420	-26.593	0.56921	0.78305	0.18649	0.16714	25.7	null	null	13113	60
2026-05-27T17:17:25.001	WT901BLE68(F3:F0:16:BF:DC:AE)	0.042	0.958	-0.223	-56.030	68.054	38.330	86.35	-3.91	23.10	7.453	28.453	-28.753	0.56921	0.78305	0.18649	0.16714	25.7	null	null	13113	60
2026-05-27T17:17:25.129	WT901BLE68(F3:F0:16:BF:DC:AE)	-0.203	0.816	-0.024	-20.020	4.578	19.775	83.05	-5.54	28.71	7.453	28.453	-28.753	0.56921	0.78305	0.18649	0.16714	25.7	null	null	13113	60
2026-05-27T17:17:25.248	WT901BLE68(F3:F0:16:BF:DC:AE)	0.020	0.861	-0.043	-3.662	1.770	16.235	83.92	-7.19	27.27	7.453	28.453	-28.753	0.71259	0.65869	0.11356	0.21292	25.7	null	null	13113	60
2026-05-27T17:17:25.334	WT901BLE68(F3:F0:16:BF:DC:AE)	0.259	0.901	0.178	39.063	-69.092	10.315	85.58	-8.23	25.93	7.453	28.453	-28.753	0.71259	0.65869	0.11356	0.21292	25.7	null	null	13113	60
2026-05-27T17:17:25.424	WT901BLE68(F3:F0:16:BF:DC:AE)	-0.193	0.938	-0.196	42.786	-40.527	-24.231	86.79	-7.72	24.22	7.453	28.453	-28.753	0.71259	0.65869	0.11356	0.21292	25.7	null	null	13113	60
2026-05-27T17:17:25.545	WT901BLE68(F3:F0:16:BF:DC:AE)	-0.168	0.675	-0.208	41.809	-35.095	-24.292	90.39	-6.80	26.04	7.453	28.453	-28.753	0.71259	0.65869	0.11356	0.21292	25.7	null	null	13113	60
2026-05-27T17:17:25.603	WT901BLE68(F3:F0:16:BF:DC:AE)	0.146	1.086	-0.166	55.481	-22.339	0.732	96.30	-6.04	22.42	7.453	28.453	-28.753	0.71259	0.65869	0.11356	0.21292	25.7	null	null	13113	60
2026-05-27T17:17:25.724	WT901BLE68(F3:F0:16:BF:DC:AE)	0.267	1.012	-0.102	19.958	-39.856	6.775	100.12	-6.37	19.66	7.453	28.453	-28.753	0.71259	0.65869	0.11356	0.21292	25.7	null	null	13113	60
2026-05-27T17:17:25.817	WT901BLE68(F3:F0:16:BF:DC:AE)	0.135	0.966	-0.232	8.484	-18.188	6.653	101.67	-6.77	16.86	7.453	28.453	-28.753	0.71259	0.65869	0.11356	0.21292	25.7	null	null	13113	60
2026-05-27T17:17:25.933	WT901BLE68(F3:F0:16:BF:DC:AE)	0.159	0.947	-0.272	13.550	-36.438	4.211	102.89	-6.70	13.40	12.007	23.633	-35.413	0.71259	0.65869	0.11356	0.21292	25.7	null	null	13113	60
2026-05-27T17:17:26.023	WT901BLE68(F3:F0:16:BF:DC:AE)	0.080	0.961	-0.267	11.719	-55.481	-0.793	104.54	-5.83	9.27	12.007	23.633	-35.413	0.71259	0.65869	0.11356	0.21292	25.7	null	null	13113	60
2026-05-27T17:17:26.141	WT901BLE68(F3:F0:16:BF:DC:AE)	0.095	0.936	-0.281	15.564	-37.170	-11.414	106.17	-4.37	5.09	12.007	23.633	-35.413	0.60193	0.79526	0.01837	0.06912	25.7	null	null	13113	60
2026-05-27T17:17:26.203	WT901BLE68(F3:F0:16:BF:DC:AE)	0.094	0.996	-0.282	9.460	-51.697	-8.728	107.63	-2.43	1.39	12.007	23.633	-35.413	0.60193	0.79526	0.01837	0.06912	25.7	null	null	13113	60
2026-05-27T17:17:26.328	WT901BLE68(F3:F0:16:BF:DC:AE)	0.184	1.149	-0.134	-3.662	-40.100	2.502	108.37	-0.23	-3.37	12.007	23.633	-35.413	0.60193	0.79526	0.01837	0.06912	25.7	null	null	13113	60
2026-05-27T17:17:26.415	WT901BLE68(F3:F0:16:BF:DC:AE)	-0.228	0.882	-0.126	-50.659	-54.199	-13.794	103.66	0.63	-7.38	12.007	23.633	-35.413	0.60193	0.79526	0.01837	0.06912	25.7	null	null	13113	60
2026-05-27T17:17:26.535	WT901BLE68(F3:F0:16:BF:DC:AE)	-0.037	0.977	-0.265	-29.114	-65.063	6.470	98.94	2.41	-13.06	12.007	23.633	-35.413	0.60193	0.79526	0.01837	0.06912	25.7	null	null	13113	60
2026-05-27T17:17:26.623	WT901BLE68(F3:F0:16:BF:DC:AE)	-0.065	1.018	-0.268	-36.316	-20.203	31.250	95.91	1.43	-17.93	12.007	23.633	-35.413	0.60193	0.79526	0.01837	0.06912	25.7	null	null	13113	60
2026-05-27T17:17:26.745	WT901BLE68(F3:F0:16:BF:DC:AE)	-0.332	1.001	-0.131	-31.616	-42.053	17.700	92.87	-0.32	-18.50	12.007	23.633	-35.413	0.60193	0.79526	0.01837	0.06912	25.7	null	null	13113	60
2026-05-27T17:17:26.836	WT901BLE68(F3:F0:16:BF:DC:AE)	0.069	1.030	0.026	-37.109	-79.590	21.484	89.56	-1.70	-23.72	-1.533	30.947	-49.087	0.60193	0.79526	0.01837	0.06912	25.7	null	null	13113	60
2026-05-27T17:17:26.954	WT901BLE68(F3:F0:16:BF:DC:AE)	0.102	0.898	0.058	-50.171	-3.418	-1.953	84.72	-2.61	-27.02	-1.533	30.947	-49.087	0.60193	0.79526	0.01837	0.06912	25.7	null	null	13113	60
2026-05-27T17:17:27.012	WT901BLE68(F3:F0:16:BF:DC:AE)	-0.094	0.801	0.108	3.540	-24.963	4.333	81.76	-2.36	-25.12	-1.533	30.947	-49.087	0.73721	0.63718	-0.16229	-0.15512	25.7	null	null	13113	60
2026-05-27T17:17:27.133	WT901BLE68(F3:F0:16:BF:DC:AE)	0.177	0.898	0.100	52.917	-121.643	22.461	84.57	-4.48	-32.12	-1.533	30.947	-49.087	0.73721	0.63718	-0.16229	-0.15512	25.7	null	null	13113	60
2026-05-27T17:17:27.226	WT901BLE68(F3:F0:16:BF:DC:AE)	0.604	1.130	0.255	6.836	93.323	-4.028	88.65	-6.42	-32.23	-1.533	30.947	-49.087	0.73721	0.63718	-0.16229	-0.15512	25.7	null	null	13113	60
2026-05-27T17:17:27.342	WT901BLE68(F3:F0:16:BF:DC:AE)	-0.238	0.871	0.057	21.423	52.856	4.211	88.92	-3.55	-17.07	-1.533	30.947	-49.087	0.73721	0.63718	-0.16229	-0.15512	25.7	null	null	13113	60
2026-05-27T17:17:27.436	WT901BLE68(F3:F0:16:BF:DC:AE)	0.058	1.073	-0.023	21.667	-42.786	19.409	91.33	-4.76	-18.58	-1.533	30.947	-49.087	0.73721	0.63718	-0.16229	-0.15512	25.7	null	null	13113	60
2026-05-27T17:17:27.553	WT901BLE68(F3:F0:16:BF:DC:AE)	0.107	0.944	-0.169	26.123	-32.898	6.653	94.82	-5.19	-19.92	-1.533	30.947	-49.087	0.73721	0.63718	-0.16229	-0.15512	25.7	null	null	13113	60
2026-05-27T17:17:27.614	WT901BLE68(F3:F0:16:BF:DC:AE)	0.140	1.006	-0.157	27.832	-31.006	7.385	98.08	-5.55	-22.63	-1.533	30.947	-49.087	0.73721	0.63718	-0.16229	-0.15512	25.7	null	null	13113	60
2026-05-27T17:17:27.735	WT901BLE68(F3:F0:16:BF:DC:AE)	0.152	0.956	-0.195	29.663	-27.222	-1.038	100.98	-5.36	-24.71	-1.533	30.947	-49.087	0.73721	0.63718	-0.16229	-0.15512	25.7	null	null	13113	60
2026-05-27T17:17:27.823	WT901BLE68(F3:F0:16:BF:DC:AE)	0.061	1.028	-0.212	31.860	-31.555	-1.892	104.25	-4.78	-26.81	-3.347	24.620	-62.740	0.73721	0.63718	-0.16229	-0.15512	25.7	null	null	13113	60
2026-05-27T17:17:27.945	WT901BLE68(F3:F0:16:BF:DC:AE)	0.045	0.957	-0.318	30.640	-45.288	-6.531	106.95	-3.43	-29.41	-3.347	24.620	-62.740	0.73721	0.63718	-0.16229	-0.15512	25.7	null	null	13113	60
2026-05-27T17:17:28.033	WT901BLE68(F3:F0:16:BF:DC:AE)	0.106	0.984	-0.129	26.062	-40.344	-2.258	109.81	-1.80	-32.03	-3.347	24.620	-62.740	0.57031	0.77768	-0.22714	-0.13522	25.7	null	null	13113	60
2026-05-27T17:17:28.157	WT901BLE68(F3:F0:16:BF:DC:AE)	0.142	1.097	0.269	-35.522	-40.771	-2.258	108.06	-0.68	-36.38	-3.347	24.620	-62.740	0.57031	0.77768	-0.22714	-0.13522	25.7	null	null	13113	60
2026-05-27T17:17:28.244	WT901BLE68(F3:F0:16:BF:DC:AE)	-0.033	0.975	-0.071	-100.464	7.080	-20.081	98.92	-0.03	-34.54	-3.347	24.620	-62.740	0.57031	0.77768	-0.22714	-0.13522	25.7	null	null	13113	60
2026-05-27T17:17:28.368	WT901BLE68(F3:F0:16:BF:DC:AE)	0.009	1.065	-0.267	-81.970	67.444	22.034	91.96	-1.41	-34.44	-3.347	24.620	-62.740	0.57031	0.77768	-0.22714	-0.13522	25.7	null	null	13113	60
2026-05-27T17:17:28.422	WT901BLE68(F3:F0:16:BF:DC:AE)	-0.053	1.087	-0.200	-80.811	22.888	16.785	84.35	-2.67	-29.43	-3.347	24.620	-62.740	0.57031	0.77768	-0.22714	-0.13522	25.7	null	null	13113	60
2026-05-27T17:17:28.546	WT901BLE68(F3:F0:16:BF:DC:AE)	-0.097	0.771	-0.242	-32.471	5.188	3.418	79.11	-3.06	-26.65	-3.347	24.620	-62.740	0.57031	0.77768	-0.22714	-0.13522	25.7	null	null	13113	60
2026-05-27T17:17:28.631	WT901BLE68(F3:F0:16:BF:DC:AE)	-0.014	0.705	-0.116	23.987	-0.732	-3.906	81.24	-2.41	-25.44	-11.067	43.627	-47.507	0.57031	0.77768	-0.22714	-0.13522	25.7	null	null	13113	60
2026-05-27T17:17:28.756	WT901BLE68(F3:F0:16:BF:DC:AE)	0.146	1.032	0.788	42.053	45.105	7.019	83.06	-1.27	-17.11	-11.067	43.627	-47.507	0.57031	0.77768	-0.22714	-0.13522	25.7	null	null	13113	60
2026-05-27T17:17:28.842	WT901BLE68(F3:F0:16:BF:DC:AE)	-0.130	1.613	-0.007	70.801	62.927	-49.194	88.28	-0.68	-11.46	-11.067	43.627	-47.507	0.72577	0.67828	-0.08804	-0.07318	25.7	null	null	13113	60
2026-05-27T17:17:28.967	WT901BLE68(F3:F0:16:BF:DC:AE)	0.025	0.709	-0.572	74.707	0.000	37.292	91.89	0.10	-5.36	-11.067	43.627	-47.507	0.72577	0.67828	-0.08804	-0.07318	25.7	null	null	13113	60
2026-05-27T17:17:29.027	WT901BLE68(F3:F0:16:BF:DC:AE)	0.072	1.022	-0.089	68.787	12.756	0.793	96.38	-0.40	-7.76	-11.067	43.627	-47.507	0.72577	0.67828	-0.08804	-0.07318	25.7	null	null	13113	60
2026-05-27T17:17:29.143	WT901BLE68(F3:F0:16:BF:DC:AE)	-0.000	1.054	-0.020	20.813	-4.700	3.540	100.94	-0.45	-8.31	-11.067	43.627	-47.507	0.72577	0.67828	-0.08804	-0.07318	25.7	null	null	13113	60
2026-05-27T17:17:29.234	WT901BLE68(F3:F0:16:BF:DC:AE)	0.158	0.952	-0.277	11.353	13.611	5.005	102.77	-0.90	-10.51	-11.067	43.627	-47.507	0.72577	0.67828	-0.08804	-0.07318	25.7	null	null	13113	60
2026-05-27T17:17:29.353	WT901BLE68(F3:F0:16:BF:DC:AE)	0.000	0.996	-0.183	20.447	19.836	-10.254	104.78	-0.83	-9.12	-11.067	43.627	-47.507	0.72577	0.67828	-0.08804	-0.07318	25.7	null	null	13113	60
2026-05-27T17:17:29.445	WT901BLE68(F3:F0:16:BF:DC:AE)	0.130	0.965	-0.244	18.982	-9.155	-2.808	106.83	-0.23	-10.05	-11.067	43.627	-47.507	0.72577	0.67828	-0.08804	-0.07318	25.7	null	null	13113	60
2026-05-27T17:17:29.562	WT901BLE68(F3:F0:16:BF:DC:AE)	0.080	0.975	-0.286	23.560	-3.418	-15.991	108.85	0.80	-10.01	-6.740	34.240	-66.027	0.72577	0.67828	-0.08804	-0.07318	25.7	null	null	13113	60
2026-05-27T17:17:29.658	WT901BLE68(F3:F0:16:BF:DC:AE)	-0.042	0.971	-0.232	22.583	-17.090	-20.691	111.07	2.60	-10.58	-6.740	34.240	-66.027	0.72577	0.67828	-0.08804	-0.07318	25.7	null	null	13113	60
2026-05-27T17:17:29.778	WT901BLE68(F3:F0:16:BF:DC:AE)	0.005	1.317	0.151	-60.486	0.671	-6.958	110.06	3.50	-11.02	-6.740	34.240	-66.027	0.55667	0.82449	-0.06308	-0.07907	25.7	null	null	13113	60
2026-05-27T17:17:29.832	WT901BLE68(F3:F0:16:BF:DC:AE)	0.145	1.021	-0.288	-41.626	-44.983	18.372	99.57	3.11	-12.49	-6.740	34.240	-66.027	0.55667	0.82449	-0.06308	-0.07907	25.7	null	null	13113	60
2026-05-27T17:17:29.984	WT901BLE68(F3:F0:16:BF:DC:AE)	-0.048	1.069	-0.335	-59.265	41.382	22.827	95.02	0.46	-11.68	-6.740	34.240	-66.027	0.55667	0.82449	-0.06308	-0.07907	25.7	null	null	13113	60
2026-05-27T17:17:30.042	WT901BLE68(F3:F0:16:BF:DC:AE)	-0.128	1.031	-0.160	-63.354	64.636	33.386	88.71	-3.14	-5.82	-6.740	34.240	-66.027	0.55667	0.82449	-0.06308	-0.07907	25.7	null	null	13113	60
2026-05-27T17:17:30.166	WT901BLE68(F3:F0:16:BF:DC:AE)	-0.323	0.852	-0.052	-44.739	-4.211	19.470	83.52	-4.56	-1.41	-6.740	34.240	-66.027	0.55667	0.82449	-0.06308	-0.07907	25.7	null	null	13113	60
2026-05-27T17:17:30.254	WT901BLE68(F3:F0:16:BF:DC:AE)	0.205	0.808	-0.068	2.930	-38.086	26.306	83.52	-6.71	-5.88	-6.740	34.240	-66.027	0.55667	0.82449	-0.06308	-0.07907	25.7	null	null	13113	60
2026-05-27T17:17:30.377	WT901BLE68(F3:F0:16:BF:DC:AE)	0.149	0.988	0.225	16.541	99.670	-6.775	85.22	-7.35	-1.80	-6.740	34.240	-66.027	0.55667	0.82449	-0.06308	-0.07907	25.7	null	null	13113	60
2026-05-27T17:17:30.432	WT901BLE68(F3:F0:16:BF:DC:AE)	-0.380	0.987	-0.264	69.458	-11.902	-12.939	87.35	-5.11	3.50	5.000	46.427	-41.533	0.55667	0.82449	-0.06308	-0.07907	25.7	null	null	13113	60
2026-05-27T17:17:30.554	WT901BLE68(F3:F0:16:BF:DC:AE)	0.039	0.648	-0.318	44.922	-147.034	11.719	93.08	-4.97	-3.12	5.000	46.427	-41.533	0.55667	0.82449	-0.06308	-0.07907	25.7	null	null	13113	60
2026-05-27T17:17:30.642	WT901BLE68(F3:F0:16:BF:DC:AE)	0.255	1.049	-0.171	43.579	-18.860	-8.423	97.33	-4.93	-7.17	5.000	46.427	-41.533	0.67130	0.73755	-0.07248	-0.00433	25.7	null	null	13113	60
2026-05-27T17:17:30.764	WT901BLE68(F3:F0:16:BF:DC:AE)	0.021	0.940	-0.202	20.508	-62.988	14.282	99.90	-5.20	-10.21	5.000	46.427	-41.533	0.67130	0.73755	-0.07248	-0.00433	25.7	null	null	13113	60
2026-05-27T17:17:30.853	WT901BLE68(F3:F0:16:BF:DC:AE)	0.150	0.959	-0.241	15.198	-8.728	-2.747	101.87	-5.42	-13.52	5.000	46.427	-41.533	0.67130	0.73755	-0.07248	-0.00433	25.7	null	null	13113	60
2026-05-27T17:17:31.007	WT901BLE68(F3:F0:16:BF:DC:AE)	-0.035	0.966	-0.273	31.372	-16.174	-7.446	104.35	-4.76	-13.90	5.000	46.427	-41.533	0.67130	0.73755	-0.07248	-0.00433	25.7	null	null	13113	60
2026-05-27T17:17:31.068	WT901BLE68(F3:F0:16:BF:DC:AE)	0.082	0.956	-0.253	28.076	-33.752	-6.653	106.90	-3.40	-15.62	5.000	46.427	-41.533	0.67130	0.73755	-0.07248	-0.00433	25.7	null	null	13113	60
2026-05-27T17:17:31.182	WT901BLE68(F3:F0:16:BF:DC:AE)	0.097	0.935	-0.275	31.677	-21.240	-16.113	109.68	-1.52	-17.08	5.000	46.427	-41.533	0.67130	0.73755	-0.07248	-0.00433	25.7	null	null	13113	60
2026-05-27T17:17:31.244	WT901BLE68(F3:F0:16:BF:DC:AE)	0.073	1.043	-0.153	22.644	-28.625	-14.587	112.18	0.42	-18.43	5.000	46.427	-41.533	0.67130	0.73755	-0.07248	-0.00433	25.7	null	null	13113	60
2026-05-27T17:17:31.361	WT901BLE68(F3:F0:16:BF:DC:AE)	0.110	1.027	0.066	-99.060	-1.221	-3.296	110.23	0.87	-19.59	5.000	46.427	-41.533	0.67130	0.73755	-0.07248	-0.00433	25.7	null	null	13113	60
2026-05-27T17:17:31.453	WT901BLE68(F3:F0:16:BF:DC:AE)	0.136	1.075	-0.447	-38.147	-47.791	5.920	101.93	1.76	-20.74	-15.433	38.713	-66.767	0.67130	0.73755	-0.07248	-0.00433	25.7	null	null	13113	60
2026-05-27T17:17:31.572	WT901BLE68(F3:F0:16:BF:DC:AE)	-0.212	1.068	-0.333	-58.289	51.514	5.432	98.35	0.47	-19.76	-15.433	38.713	-66.767	0.67130	0.73755	-0.07248	-0.00433	25.7	null	null	13113	60
2026-05-27T17:17:31.667	WT901BLE68(F3:F0:16:BF:DC:AE)	-0.176	1.005	-0.096	-55.054	11.414	12.878	92.90	-0.74	-16.38	-15.433	38.713	-66.767	0.66226	0.73315	-0.11462	-0.10321	25.7	null	null	13113	60
2026-05-27T17:17:31.786	WT901BLE68(F3:F0:16:BF:DC:AE)	0.009	0.979	-0.025	-54.382	-39.673	17.456	87.21	-1.10	-17.52	-15.433	38.713	-66.767	0.66226	0.73315	-0.11462	-0.10321	25.7	null	null	13113	60
2026-05-27T17:17:31.842	WT901BLE68(F3:F0:16:BF:DC:AE)	0.096	0.875	-0.063	-27.466	-4.761	16.174	83.98	-3.18	-20.61	-15.433	38.713	-66.767	0.66226	0.73315	-0.11462	-0.10321	25.7	null	null	13113	60
2026-05-27T17:17:31.969	WT901BLE68(F3:F0:16:BF:DC:AE)	0.090	0.900	0.033	3.418	47.058	3.296	82.90	-3.64	-18.23	-15.433	38.713	-66.767	0.66226	0.73315	-0.11462	-0.10321	25.7	null	null	13113	60
2026-05-27T17:17:32.114	WT901BLE68(F3:F0:16:BF:DC:AE)	0.026	1.047	0.527	-5.859	67.444	-1.404	83.25	-3.27	-11.79	-15.433	38.713	-66.767	0.66226	0.73315	-0.11462	-0.10321	25.7	null	null	13113	60
2026-05-27T17:17:32.175	WT901BLE68(F3:F0:16:BF:DC:AE)	-0.242	1.090	-0.367	98.389	-36.255	-8.789	85.47	-2.90	-9.61	-15.433	38.713	-66.767	0.66226	0.73315	-0.11462	-0.10321	25.7	null	null	13113	60
2026-05-27T17:17:32.293	WT901BLE68(F3:F0:16:BF:DC:AE)	0.050	0.628	-0.368	71.289	-23.926	3.723	89.61	-1.79	-11.13	-10.847	50.380	-37.767	0.66226	0.73315	-0.11462	-0.10321	25.7	null	null	13113	60
2026-05-27T17:17:32.383	WT901BLE68(F3:F0:16:BF:DC:AE)	0.012	1.037	0.042	44.617	36.560	-5.981	94.63	-2.44	-13.57	-10.847	50.380	-37.767	0.66226	0.73315	-0.11462	-0.10321	25.7	null	null	13113	60
2026-05-27T17:17:32.472	WT901BLE68(F3:F0:16:BF:DC:AE)	0.140	0.979	-0.146	14.893	13.306	5.066	98.28	-2.29	-13.24	-10.847	50.380	-37.767	0.65363	0.74762	-0.09949	-0.06186	25.7	null	null	13113	60
2026-05-27T17:17:32.595	WT901BLE68(F3:F0:16:BF:DC:AE)	0.179	0.997	-0.126	21.667	9.399	0.366	100.76	-2.47	-15.08	-10.847	50.380	-37.767	0.65363	0.74762	-0.09949	-0.06186	25.7	null	null	13113	60
2026-05-27T17:17:32.654	WT901BLE68(F3:F0:16:BF:DC:AE)	0.058	0.979	-0.203	22.644	-4.761	-5.737	102.59	-2.27	-14.72	-10.847	50.380	-37.767	0.65363	0.74762	-0.09949	-0.06186	25.7	null	null	13113	60
2026-05-27T17:17:32.805	WT901BLE68(F3:F0:16:BF:DC:AE)	0.052	1.007	-0.209	27.466	-15.503	-6.409	105.25	-1.54	-16.69	-10.847	50.380	-37.767	0.65363	0.74762	-0.09949	-0.06186	25.7	null	null	13113	60
2026-05-27T17:17:32.866	WT901BLE68(F3:F0:16:BF:DC:AE)	0.082	0.972	-0.240	24.231	-6.592	-10.437	107.47	-0.55	-17.50	-10.847	50.380	-37.767	0.65363	0.74762	-0.09949	-0.06186	25.7	null	null	13113	60
2026-05-27T17:17:32.986	WT901BLE68(F3:F0:16:BF:DC:AE)	0.131	0.910	-0.220	18.005	-32.227	-5.005	108.79	0.57	-19.67	-10.847	50.380	-37.767	0.65363	0.74762	-0.09949	-0.06186	25.7	null	null	13113	60
2026-05-27T17:17:33.072	WT901BLE68(F3:F0:16:BF:DC:AE)	0.288	1.232	0.082	-42.664	64.148	-16.113	109.14	1.24	-19.52	-10.847	50.380	-37.767	0.65363	0.74762	-0.09949	-0.06186	25.7	null	null	13113	60
2026-05-27T17:17:33.196	WT901BLE68(F3:F0:16:BF:DC:AE)	-0.061	0.953	-0.084	-91.614	-28.748	-28.259	99.31	2.32	-12.72	-20.340	42.993	-49.907	0.65363	0.74762	-0.09949	-0.06186	25.7	null	null	13113	60
2026-05-27T17:17:33.252	WT901BLE68(F3:F0:16:BF:DC:AE)	0.117	1.054	-0.457	-62.073	64.392	7.141	93.89	2.07	-15.43	-20.340	42.993	-49.907	0.65363	0.74762	-0.09949	-0.06186	25.7	null	null	13113	60
2026-05-27T17:17:33.374	WT901BLE68(F3:F0:16:BF:DC:AE)	0.091	0.969	-0.254	-50.293	91.492	24.475	87.99	-0.23	-9.86	-20.340	42.993	-49.907	0.65363	0.74762	-0.09949	-0.06186	25.7	null	null	13113	60
2026-05-27T17:17:33.465	WT901BLE68(F3:F0:16:BF:DC:AE)	-0.245	0.970	-0.000	-49.988	100.952	3.235	83.64	-1.52	-1.04	-20.340	42.993	-49.907	0.72546	0.68506	-0.05124	-0.04105	25.7	null	null	13113	60
2026-05-27T17:17:33.586	WT901BLE68(F3:F0:16:BF:DC:AE)	-0.088	0.923	0.003	-14.832	-10.010	11.536	81.85	-1.84	0.05	-20.340	42.993	-49.907	0.72546	0.68506	-0.05124	-0.04105	25.7	null	null	13113	60
2026-05-27T17:17:33.674	WT901BLE68(F3:F0:16:BF:DC:AE)	0.180	0.945	0.001	10.559	15.869	12.085	82.02	-2.46	-1.90	-20.340	42.993	-49.907	0.72546	0.68506	-0.05124	-0.04105	25.7	null	null	13113	60
2026-05-27T17:17:33.795	WT901BLE68(F3:F0:16:BF:DC:AE)	0.039	1.063	0.369	15.137	80.322	-4.883	83.76	-2.38	2.01	-20.340	42.993	-49.907	0.72546	0.68506	-0.05124	-0.04105	25.7	null	null	13113	60
2026-05-27T17:17:33.886	WT901BLE68(F3:F0:16:BF:DC:AE)	0.020	1.196	-0.124	76.233	32.837	-10.925	87.80	-1.67	5.08	-20.340	42.993	-49.907	0.72546	0.68506	-0.05124	-0.04105	25.7	null	null	13113	60
2026-05-27T17:17:34.004	WT901BLE68(F3:F0:16:BF:DC:AE)	0.095	1.064	-0.201	59.998	30.457	15.869	90.45	-0.35	5.13	-20.340	42.993	-49.907	0.72546	0.68506	-0.05124	-0.04105	25.7	null	null	13113	60
2026-05-27T17:17:34.063	WT901BLE68(F3:F0:16:BF:DC:AE)	0.032	1.017	-0.063	36.194	30.334	-9.705	94.46	-0.94	2.18	-20.067	46.007	-29.860	0.72546	0.68506	-0.05124	-0.04105	25.7	null	null	13113	60
2026-05-27T17:17:34.185	WT901BLE68(F3:F0:16:BF:DC:AE)	0.009	0.958	-0.219	35.828	35.461	-8.301	97.94	-0.05	3.21	-20.067	46.007	-29.860	0.72546	0.68506	-0.05124	-0.04105	25.7	null	null	13113	60
2026-05-27T17:17:34.272	WT901BLE68(F3:F0:16:BF:DC:AE)	0.059	1.008	-0.118	15.137	-8.484	5.798	100.10	-0.39	2.40	-20.067	46.007	-29.860	0.64548	0.76315	0.02078	0.02057	25.7	null	null	13113	60
2026-05-27T17:17:34.396	WT901BLE68(F3:F0:16:BF:DC:AE)	0.101	0.988	-0.192	15.381	56.763	-12.329	101.47	-0.90	1.92	-20.067	46.007	-29.860	0.64548	0.76315	0.02078	0.02057	25.7	null	null	13113	60
2026-05-27T17:17:34.481	WT901BLE68(F3:F0:16:BF:DC:AE)	-0.132	0.969	-0.288	15.747	21.362	-4.578	102.90	-1.00	3.87	-20.067	46.007	-29.860	0.64548	0.76315	0.02078	0.02057	25.7	null	null	13113	60
2026-05-27T17:17:34.607	WT901BLE68(F3:F0:16:BF:DC:AE)	0.044	0.941	-0.308	32.104	-9.705	-11.169	105.39	-0.32	1.90	-20.067	46.007	-29.860	0.64548	0.76315	0.02078	0.02057	25.7	null	null	13113	60
2026-05-27T17:17:34.663	WT901BLE68(F3:F0:16:BF:DC:AE)	0.080	0.989	-0.243	32.471	12.207	-25.696	108.59	1.25	0.87	-20.067	46.007	-29.860	0.64548	0.76315	0.02078	0.02057	25.7	null	null	13113	60
2026-05-27T17:17:34.784	WT901BLE68(F3:F0:16:BF:DC:AE)	0.032	1.009	-0.326	22.766	-13.428	-18.433	110.71	3.23	-0.81	-20.067	46.007	-29.860	0.64548	0.76315	0.02078	0.02057	25.7	null	null	13113	60
2026-05-27T17:17:34.874	WT901BLE68(F3:F0:16:BF:DC:AE)	-0.177	1.090	-0.088	-26.917	0.977	-18.188	110.40	4.61	-2.49	-20.067	46.007	-29.860	0.64548	0.76315	0.02078	0.02057	25.7	null	null	13113	60
2026-05-27T17:17:34.990	WT901BLE68(F3:F0:16:BF:DC:AE)	-0.068	1.002	-0.141	-49.194	-1.892	-0.488	102.91	5.18	-3.67	-20.067	46.007	-29.860	0.64548	0.76315	0.02078	0.02057	25.7	null	null	13113	60
2026-05-27T17:17:35.084	WT901BLE68(F3:F0:16:BF:DC:AE)	-0.164	1.022	-0.320	-39.612	-10.437	11.169	98.28	4.42	-7.26	-27.753	48.080	-39.653	0.64548	0.76315	0.02078	0.02057	25.7	null	null	13113	60
2026-05-27T17:17:35.201	WT901BLE68(F3:F0:16:BF:DC:AE)	0.001	1.003	-0.185	-55.847	55.115	29.602	94.08	1.66	-8.39	-27.753	48.080	-39.653	0.66580	0.74142	-0.03979	-0.07291	25.7	null	null	13113	60
2026-05-27T17:17:35.295	WT901BLE68(F3:F0:16:BF:DC:AE)	-0.056	1.043	-0.065	-66.528	50.537	24.231	88.73	-0.98	-5.84	-27.753	48.080	-39.653	0.66580	0.74142	-0.03979	-0.07291	25.7	null	null	13113	60
2026-05-27T17:17:35.414	WT901BLE68(F3:F0:16:BF:DC:AE)	-0.045	0.926	-0.002	-32.471	-26.978	28.992	84.40	-3.50	-6.97	-27.753	48.080	-39.653	0.66580	0.74142	-0.03979	-0.07291	25.7	null	null	13113	60
2026-05-27T17:17:35.473	WT901BLE68(F3:F0:16:BF:DC:AE)	0.103	0.906	-0.008	-11.658	7.813	23.926	83.18	-6.09	-9.73	-27.753	48.080	-39.653	0.66580	0.74142	-0.03979	-0.07291	25.7	null	null	13113	60
2026-05-27T17:17:35.624	WT901BLE68(F3:F0:16:BF:DC:AE)	0.041	0.860	0.153	11.841	22.278	11.719	83.13	-7.34	-8.76	-27.753	48.080	-39.653	0.66580	0.74142	-0.03979	-0.07291	25.7	null	null	13113	60
2026-05-27T17:17:35.684	WT901BLE68(F3:F0:16:BF:DC:AE)	0.062	1.024	0.274	7.690	20.447	2.075	83.88	-7.45	-7.83	-27.753	48.080	-39.653	0.66580	0.74142	-0.03979	-0.07291	25.7	null	null	13113	60
2026-05-27T17:17:35.805	WT901BLE68(F3:F0:16:BF:DC:AE)	-0.094	1.490	0.186	35.217	137.573	-7.874	86.86	-6.32	-2.75	-27.753	48.080	-39.653	0.66580	0.74142	-0.03979	-0.07291	25.7	null	null	13113	60
2026-05-27T17:17:35.893	WT901BLE68(F3:F0:16:BF:DC:AE)	0.119	0.852	-0.261	55.542	-20.081	6.958	91.91	-5.38	-4.07	-12.433	54.240	-24.467	0.66580	0.74142	-0.03979	-0.07291	25.7	null	null	13113	60
2026-05-27T17:17:36.015	WT901BLE68(F3:F0:16:BF:DC:AE)	0.040	0.992	-0.180	37.903	3.906	-3.540	95.53	-5.11	-5.51	-12.433	54.240	-24.467	0.66580	0.74142	-0.03979	-0.07291	25.7	null	null	13113	60
2026-05-27T17:17:36.072	WT901BLE68(F3:F0:16:BF:DC:AE)	0.086	0.962	-0.235	42.786	-58.655	3.845	100.17	-4.77	-11.18	-12.433	54.240	-24.467	0.65640	0.74988	-0.08105	-0.01215	25.7	null	null	13113	60
2026-05-27T17:17:36.192	WT901BLE68(F3:F0:16:BF:DC:AE)	0.166	1.008	-0.128	23.987	-9.766	-3.479	102.74	-4.45	-14.85	-12.433	54.240	-24.467	0.65640	0.74988	-0.08105	-0.01215	25.7	null	null	13113	60
2026-05-27T17:17:36.285	WT901BLE68(F3:F0:16:BF:DC:AE)	0.084	0.927	-0.344	26.672	-16.479	-1.404	105.07	-3.81	-17.64	-12.433	54.240	-24.467	0.65640	0.74988	-0.08105	-0.01215	25.7	null	null	13113	60
2026-05-27T17:17:36.432	WT901BLE68(F3:F0:16:BF:DC:AE)	0.038	0.963	-0.313	29.785	-13.245	-9.460	107.91	-2.60	-20.35	-12.433	54.240	-24.467	0.65640	0.74988	-0.08105	-0.01215	25.7	null	null	13113	60
2026-05-27T17:17:36.495	WT901BLE68(F3:F0:16:BF:DC:AE)	0.053	0.991	-0.267	28.015	-24.597	-14.099	110.53	-0.87	-22.64	-12.433	54.240	-24.467	0.65640	0.74988	-0.08105	-0.01215	25.7	null	null	13113	60
2026-05-27T17:17:36.614	WT901BLE68(F3:F0:16:BF:DC:AE)	0.025	1.056	-0.166	23.865	-29.175	-11.963	112.43	0.88	-24.86	-12.433	54.240	-24.467	0.65640	0.74988	-0.08105	-0.01215	25.7	null	null	13113	60
2026-05-27T17:17:36.706	WT901BLE68(F3:F0:16:BF:DC:AE)	0.055	1.326	0.193	-71.838	10.071	-16.846	110.15	1.34	-24.77	-12.433	54.240	-24.467	0.65640	0.74988	-0.08105	-0.01215	25.7	null	null	13113	60
2026-05-27T17:17:36.822	WT901BLE68(F3:F0:16:BF:DC:AE)	0.068	1.059	-0.490	-54.443	-33.020	6.531	100.22	2.50	-26.52	-24.973	55.187	-43.953	0.65640	0.74988	-0.08105	-0.01215	25.7	null	null	13113	60
2026-05-27T17:17:36.882	WT901BLE68(F3:F0:16:BF:DC:AE)	0.100	1.042	-0.299	-72.693	-3.601	32.898	94.32	1.18	-29.22	-24.973	55.187	-43.953	0.65640	0.74988	-0.08105	-0.01215	25.7	null	null	13113	60
2026-05-27T17:17:37.004	WT901BLE68(F3:F0:16:BF:DC:AE)	-0.082	0.956	-0.129	-67.078	70.862	11.719	87.81	-1.98	-26.18	-24.973	55.187	-43.953	0.65640	0.74988	-0.08105	-0.01215	25.7	null	null	13113	60
2026-05-27T17:17:37.092	WT901BLE68(F3:F0:16:BF:DC:AE)	-0.071	0.848	0.000	-26.855	-27.832	23.438	82.96	-3.07	-23.66	-24.973	55.187	-43.953	0.71942	0.66159	-0.15717	-0.14117	25.7	null	null	13113	60
2026-05-27T17:17:37.214	WT901BLE68(F3:F0:16:BF:DC:AE)	0.145	0.871	0.019	-9.399	17.395	11.047	82.23	-5.14	-26.78	-24.973	55.187	-43.953	0.71942	0.66159	-0.15717	-0.14117	25.7	null	null	13113	60
2026-05-27T17:17:37.308	WT901BLE68(F3:F0:16:BF:DC:AE)	0.025	0.938	0.293	0.488	98.633	3.296	81.91	-5.21	-21.74	-24.973	55.187	-43.953	0.71942	0.66159	-0.15717	-0.14117	25.7	null	null	13113	60
2026-05-27T17:17:37.424	WT901BLE68(F3:F0:16:BF:DC:AE)	-0.107	0.926	-0.127	61.462	31.006	5.920	83.00	-4.58	-16.47	-24.973	55.187	-43.953	0.71942	0.66159	-0.15717	-0.14117	25.7	null	null	13113	60
2026-05-27T17:17:37.484	WT901BLE68(F3:F0:16:BF:DC:AE)	-0.007	0.570	-0.234	48.218	-29.053	3.601	86.34	-2.99	-13.30	-24.973	55.187	-43.953	0.71942	0.66159	-0.15717	-0.14117	25.7	null	null	13113	60
2026-05-27T17:17:37.607	WT901BLE68(F3:F0:16:BF:DC:AE)	0.009	1.072	0.294	15.686	35.583	-3.296	89.49	-4.24	-15.14	-24.973	55.187	-43.953	0.71942	0.66159	-0.15717	-0.14117	25.7	null	null	13113	60
2026-05-27T17:17:37.692	WT901BLE68(F3:F0:16:BF:DC:AE)	0.063	0.966	-0.416	22.522	-39.307	3.784	87.25	-4.69	-16.03	-15.080	58.420	-22.993	0.71942	0.66159	-0.15717	-0.14117	25.7	null	null	13113	60
2026-05-27T17:17:37.814	WT901BLE68(F3:F0:16:BF:DC:AE)	0.201	0.963	-0.243	75.500	-31.250	-12.024	92.43	-4.59	-21.41	-15.080	58.420	-22.993	0.71942	0.66159	-0.15717	-0.14117	25.7	null	null	13113	60
2026-05-27T17:17:37.904	WT901BLE68(F3:F0:16:BF:DC:AE)	0.067	1.052	0.004	13.794	-1.343	-10.376	98.17	-3.86	-21.06	-15.080	58.420	-22.993	0.65616	0.73108	-0.16068	-0.09525	25.7	null	null	13113	60
2026-05-27T17:17:38.021	WT901BLE68(F3:F0:16:BF:DC:AE)	-0.012	1.008	-0.210	54.810	-9.399	-15.198	102.27	-2.47	-24.54	-15.080	58.420	-22.993	0.65616	0.73108	-0.16068	-0.09525	25.7	null	null	13113	60
2026-05-27T17:17:38.118	WT901BLE68(F3:F0:16:BF:DC:AE)	0.102	0.971	-0.214	39.795	18.738	-17.456	107.10	-1.05	-24.55	-15.080	58.420	-22.993	0.65616	0.73108	-0.16068	-0.09525	25.7	null	null	13113	60
2026-05-27T17:17:38.233	WT901BLE68(F3:F0:16:BF:DC:AE)	0.033	0.971	-0.228	33.813	-8.972	-19.836	110.09	0.32	-24.28	-15.080	58.420	-22.993	0.65616	0.73108	-0.16068	-0.09525	25.7	null	null	13113	60
2026-05-27T17:17:38.294	WT901BLE68(F3:F0:16:BF:DC:AE)	0.196	1.333	-0.037	-8.789	25.452	-9.521	111.68	1.85	-24.57	-15.080	58.420	-22.993	0.65616	0.73108	-0.16068	-0.09525	25.7	null	null	13113	60
2026-05-27T17:17:38.414	WT901BLE68(F3:F0:16:BF:DC:AE)	-0.153	0.885	-0.137	-63.354	-40.894	-14.038	104.14	2.53	-22.87	-15.080	58.420	-22.993	0.65616	0.73108	-0.16068	-0.09525	25.7	null	null	13113	60
2026-05-27T17:17:38.505	WT901BLE68(F3:F0:16:BF:DC:AE)	0.111	1.073	-0.407	-54.871	33.325	5.615	98.64	2.76	-26.08	-15.080	58.420	-22.993	0.65616	0.73108	-0.16068	-0.09525	25.7	null	null	13113	60
2026-05-27T17:17:38.621	WT901BLE68(F3:F0:16:BF:DC:AE)	0.125	1.010	-0.254	-68.176	64.819	30.212	92.72	0.44	-22.77	-25.680	61.107	-39.900	0.65616	0.73108	-0.16068	-0.09525	25.7	null	null	13113	60
2026-05-27T17:17:38.712	WT901BLE68(F3:F0:16:BF:DC:AE)	-0.065	0.984	-0.063	-63.904	66.528	21.301	87.03	-2.19	-17.09	-25.680	61.107	-39.900	0.65616	0.73108	-0.16068	-0.09525	25.7	null	null	13113	60
2026-05-27T17:17:38.833	WT901BLE68(F3:F0:16:BF:DC:AE)	-0.060	0.906	-0.048	-21.362	7.935	20.874	83.25	-4.28	-15.29	-25.680	61.107	-39.900	0.73889	0.65973	-0.11218	-0.07791	25.7	null	null	13113	60
2026-05-27T17:17:38.895	WT901BLE68(F3:F0:16:BF:DC:AE)	0.013	0.842	-0.059	-8.728	17.883	12.512	81.98	-5.17	-14.14	-25.680	61.107	-39.900	0.73889	0.65973	-0.11218	-0.07791	25.7	null	null	13113	60
2026-05-27T17:17:39.017	WT901BLE68(F3:F0:16:BF:DC:AE)	0.021	0.936	0.203	5.737	21.057	15.747	82.44	-6.39	-13.22	-25.680	61.107	-39.900	0.73889	0.65973	-0.11218	-0.07791	25.7	null	null	13113	60
2026-05-27T17:17:39.101	WT901BLE68(F3:F0:16:BF:DC:AE)	0.109	0.974	0.327	24.597	21.790	5.249	84.04	-6.97	-11.94	-25.680	61.107	-39.900	0.73889	0.65973	-0.11218	-0.07791	25.7	null	null	13113	60
2026-05-27T17:17:39.226	WT901BLE68(F3:F0:16:BF:DC:AE)	-0.240	1.617	0.258	9.827	85.449	-5.615	88.24	-5.80	-9.94	-25.680	61.107	-39.900	0.73889	0.65973	-0.11218	-0.07791	25.7	null	null	13113	60
2026-05-27T17:17:39.313	WT901BLE68(F3:F0:16:BF:DC:AE)	0.179	0.971	-0.220	28.015	2.258	5.249	92.73	-5.75	-11.93	-25.680	61.107	-39.900	0.73889	0.65973	-0.11218	-0.07791	25.7	null	null	13113	60
2026-05-27T17:17:39.434	WT901BLE68(F3:F0:16:BF:DC:AE)	0.158	0.936	-0.223	46.143	-6.042	-6.042	96.99	-4.65	-10.74	-25.680	61.107	-39.900	0.73889	0.65973	-0.11218	-0.07791	25.7	null	null	13113	60
2026-05-27T17:17:39.491	WT901BLE68(F3:F0:16:BF:DC:AE)	0.178	1.022	-0.035	26.367	-22.827	4.639	100.64	-4.75	-12.34	-8.553	65.213	-41.573	0.73889	0.65973	-0.11218	-0.07791	25.7	null	null	13113	60
2026-05-27T17:17:39.647	WT901BLE68(F3:F0:16:BF:DC:AE)	0.048	0.962	-0.197	19.470	21.362	-5.920	102.56	-4.84	-12.31	-8.553	65.213	-41.573	0.73889	0.65973	-0.11218	-0.07791	25.7	null	null	13113	60
2026-05-27T17:17:39.701	WT901BLE68(F3:F0:16:BF:DC:AE)	0.038	0.958	-0.291	20.935	-23.010	0.122	104.39	-4.58	-12.93	-8.553	65.213	-41.573	0.61777	0.77792	-0.10938	-0.03351	25.7	null	null	13113	60
2026-05-27T17:17:39.823	WT901BLE68(F3:F0:16:BF:DC:AE)	0.139	0.960	-0.279	25.696	-5.981	-8.850	106.83	-3.60	-15.19	-8.553	65.213	-41.573	0.61777	0.77792	-0.10938	-0.03351	25.7	null	null	13113	60
2026-05-27T17:17:39.915	WT901BLE68(F3:F0:16:BF:DC:AE)	0.044	0.969	-0.260	25.146	-9.644	-12.329	109.24	-2.27	-16.20	-8.553	65.213	-41.573	0.61777	0.77792	-0.10938	-0.03351	25.7	null	null	13113	60
2026-05-27T17:17:40.068	WT901BLE68(F3:F0:16:BF:DC:AE)	0.060	0.950	-0.280	18.555	-23.438	-11.536	111.06	-0.62	-17.95	-8.553	65.213	-41.573	0.61777	0.77792	-0.10938	-0.03351	25.7	null	null	13113	60
2026-05-27T17:17:40.125	WT901BLE68(F3:F0:16:BF:DC:AE)	0.092	1.126	-0.318	-0.244	-9.827	-5.005	111.86	0.30	-19.69	-8.553	65.213	-41.573	0.61777	0.77792	-0.10938	-0.03351	25.7	null	null	13113	60
2026-05-27T17:17:40.247	WT901BLE68(F3:F0:16:BF:DC:AE)	-0.120	0.896	-0.346	-28.809	-53.528	-21.912	107.45	2.96	-20.49	-8.553	65.213	-41.573	0.61777	0.77792	-0.10938	-0.03351	25.7	null	null	13113	60
2026-05-27T17:17:40.302	WT901BLE68(F3:F0:16:BF:DC:AE)	0.173	0.972	-0.218	-21.118	45.471	-9.155	105.92	4.43	-21.87	-8.553	65.213	-41.573	0.61777	0.77792	-0.10938	-0.03351	25.7	null	null	13113	60
2026-05-27T17:17:40.424	WT901BLE68(F3:F0:16:BF:DC:AE)	-0.137	1.003	-0.163	-47.546	58.472	5.188	102.92	2.88	-16.96	-8.553	65.213	-41.573	0.61777	0.77792	-0.10938	-0.03351	25.7	null	null	13113	60
2026-05-27T17:17:40.512	WT901BLE68(F3:F0:16:BF:DC:AE)	0.010	1.059	-0.127	-66.650	18.677	18.982	97.38	1.38	-15.27	-20.487	65.567	-53.727	0.61777	0.77792	-0.10938	-0.03351	25.7	null	null	13113	60
2026-05-27T17:17:40.631	WT901BLE68(F3:F0:16:BF:DC:AE)	0.087	1.031	-0.125	-65.308	50.293	30.457	90.88	-1.64	-13.29	-20.487	65.567	-53.727	0.67587	0.72556	-0.09421	-0.08810	25.7	null	null	13113	60
2026-05-27T17:17:40.727	WT901BLE68(F3:F0:16:BF:DC:AE)	-0.039	0.960	-0.047	-58.899	44.495	24.414	84.85	-4.16	-8.22	-20.487	65.567	-53.727	0.67587	0.72556	-0.09421	-0.08810	25.7	null	null	13113	60
2026-05-27T17:17:40.847	WT901BLE68(F3:F0:16:BF:DC:AE)	-0.042	0.795	-0.110	-13.000	26.794	17.883	81.96	-5.75	-5.22	-20.487	65.567	-53.727	0.67587	0.72556	-0.09421	-0.08810	25.7	null	null	13113	60
2026-05-27T17:17:40.931	WT901BLE68(F3:F0:16:BF:DC:AE)	0.009	0.859	0.111	16.663	21.362	4.456	82.52	-5.90	-2.82	-20.487	65.567	-53.727	0.67587	0.72556	-0.09421	-0.08810	25.7	null	null	13113	60
2026-05-27T17:17:41.054	WT901BLE68(F3:F0:16:BF:DC:AE)	-0.182	0.893	-0.166	72.815	-6.714	-7.813	86.41	-5.02	-1.85	-20.487	65.567	-53.727	0.67587	0.72556	-0.09421	-0.08810	25.7	null	null	13113	60
2026-05-27T17:17:41.112	WT901BLE68(F3:F0:16:BF:DC:AE)	0.115	0.916	-0.067	43.152	-36.316	-14.343	91.90	-3.53	-3.63	-20.487	65.567	-53.727	0.67587	0.72556	-0.09421	-0.08810	25.7	null	null	13113	60
2026-05-27T17:17:41.236	WT901BLE68(F3:F0:16:BF:DC:AE)	-0.020	1.031	-0.135	39.063	1.953	-12.512	96.26	-3.31	-5.14	-20.487	65.567	-53.727	0.67587	0.72556	-0.09421	-0.08810	25.7	null	null	13113	60
2026-05-27T17:17:41.323	WT901BLE68(F3:F0:16:BF:DC:AE)	0.058	1.014	-0.123	26.001	-11.475	2.258	100.04	-2.99	-5.32	-6.393	73.407	-51.540	0.67587	0.72556	-0.09421	-0.08810	25.7	null	null	13113	60
2026-05-27T17:17:41.445	WT901BLE68(F3:F0:16:BF:DC:AE)	0.154	0.968	-0.220	16.968	10.437	3.052	101.80	-3.36	-7.22	-6.393	73.407	-51.540	0.67587	0.72556	-0.09421	-0.08810	25.7	null	null	13113	60
2026-05-27T17:17:41.532	WT901BLE68(F3:F0:16:BF:DC:AE)	-0.009	0.955	-0.277	21.790	11.902	-7.141	103.47	-3.20	-6.16	-6.393	73.407	-51.540	0.62277	0.77982	-0.06158	-0.01236	25.7	null	null	13113	60
2026-05-27T17:17:41.655	WT901BLE68(F3:F0:16:BF:DC:AE)	0.078	0.996	-0.229	22.583	-11.963	-3.723	105.75	-2.55	-7.14	-6.393	73.407	-51.540	0.62277	0.77982	-0.06158	-0.01236	25.7	null	null	13113	60
2026-05-27T17:17:41.713	WT901BLE68(F3:F0:16:BF:DC:AE)	0.063	0.967	-0.232	18.921	-1.709	-9.888	107.62	-1.74	-8.04	-6.393	73.407	-51.540	0.62277	0.77982	-0.06158	-0.01236	25.7	null	null	13113	60
2026-05-27T17:17:41.837	WT901BLE68(F3:F0:16:BF:DC:AE)	-0.004	0.996	-0.222	14.465	-11.963	-7.446	109.06	-0.87	-8.56	-6.393	73.407	-51.540	0.62277	0.77982	-0.06158	-0.01236	25.7	null	null	13113	60
2026-05-27T17:17:41.922	WT901BLE68(F3:F0:16:BF:DC:AE)	0.189	1.102	-0.165	-5.798	-12.329	-3.357	109.29	0.12	-10.19	-6.393	73.407	-51.540	0.62277	0.77982	-0.06158	-0.01236	25.7	null	null	13113	60
2026-05-27T17:17:42.046	WT901BLE68(F3:F0:16:BF:DC:AE)	-0.380	1.141	-0.078	-56.946	19.653	-26.978	103.73	0.60	-8.89	-6.393	73.407	-51.540	0.62277	0.77982	-0.06158	-0.01236	25.7	null	null	13113	60
2026-05-27T17:17:42.133	WT901BLE68(F3:F0:16:BF:DC:AE)	0.215	1.020	-0.316	-25.879	-66.895	-7.751	99.21	3.96	-14.43	-6.393	73.407	-51.540	0.62277	0.77982	-0.06158	-0.01236	25.7	null	null	13113	60
2026-05-27T17:17:42.253	WT901BLE68(F3:F0:16:BF:DC:AE)	0.104	1.008	-0.346	-45.776	73.975	2.625	96.01	3.32	-10.27	-18.260	85.080	-65.527	0.62277	0.77982	-0.06158	-0.01236	25.7	null	null	13113	60
2026-05-27T17:17:42.347	WT901BLE68(F3:F0:16:BF:DC:AE)	-0.103	1.013	-0.136	-41.443	101.196	18.005	92.97	0.51	-0.83	-18.260	85.080	-65.527	0.62277	0.77982	-0.06158	-0.01236	25.7	null	null	13113	60
2026-05-27T17:17:42.466	WT901BLE68(F3:F0:16:BF:DC:AE)	-0.121	1.070	0.037	-57.922	25.513	16.113	87.73	-1.14	5.25	-18.260	85.080	-65.527	0.70990	0.70322	0.02112	0.03088	25.7	null	null	13113	60
2026-05-27T17:17:42.523	WT901BLE68(F3:F0:16:BF:DC:AE)	0.020	0.941	0.007	-44.495	-13.672	20.508	82.78	-2.36	5.82	-18.260	85.080	-65.527	0.70990	0.70322	0.02112	0.03088	25.7	null	null	13113	60
2026-05-27T17:17:42.644	WT901BLE68(F3:F0:16:BF:DC:AE)	0.153	0.860	0.027	-9.827	9.827	24.353	80.37	-4.64	5.09	-18.260	85.080	-65.527	0.70990	0.70322	0.02112	0.03088	25.7	null	null	13113	60
2026-05-27T17:17:42.739	WT901BLE68(F3:F0:16:BF:DC:AE)	0.014	0.916	0.163	11.353	47.852	8.057	80.55	-5.58	8.46	-18.260	85.080	-65.527	0.70990	0.70322	0.02112	0.03088	25.7	null	null	13113	60
2026-05-27T17:17:42.855	WT901BLE68(F3:F0:16:BF:DC:AE)	0.036	0.927	0.180	33.875	22.034	10.498	82.78	-5.87	11.26	-18.260	85.080	-65.527	0.70990	0.70322	0.02112	0.03088	25.7	null	null	13113	60
2026-05-27T17:17:42.947	WT901BLE68(F3:F0:16:BF:DC:AE)	-0.009	1.529	0.333	49.866	100.464	-15.503	87.43	-5.45	13.75	-18.260	85.080	-65.527	0.70990	0.70322	0.02112	0.03088	25.7	null	null	13113	60
2026-05-27T17:17:43.063	WT901BLE68(F3:F0:16:BF:DC:AE)	0.045	0.674	-0.500	75.684	-35.461	15.747	91.59	-3.63	15.77	-18.260	85.080	-65.527	0.70990	0.70322	0.02112	0.03088	25.7	null	null	13113	60
2026-05-27T17:17:43.126	WT901BLE68(F3:F0:16:BF:DC:AE)	0.110	0.996	-0.092	42.603	8.301	-5.493	94.95	-3.81	13.75	26.027	99.913	-38.280	0.70990	0.70322	0.02112	0.03088	25.7	null	null	13113	60
2026-05-27T17:17:43.244	WT901BLE68(F3:F0:16:BF:DC:AE)	0.043	0.904	-0.280	29.297	-10.681	6.409	97.77	-3.80	14.23	26.027	99.913	-38.280	0.70990	0.70322	0.02112	0.03088	25.7	null	null	13113	60
2026-05-27T17:17:43.332	WT901BLE68(F3:F0:16:BF:DC:AE)	0.084	0.985	-0.188	20.386	30.090	-4.944	100.35	-4.41	14.51	26.027	99.913	-38.280	0.63699	0.76025	0.06891	0.10687	25.7	null	null	13113	60
2026-05-27T17:17:43.456	WT901BLE68(F3:F0:16:BF:DC:AE)	0.027	0.961	-0.267	23.315	1.404	-3.662	102.12	-4.44	16.63	26.027	99.913	-38.280	0.63699	0.76025	0.06891	0.10687	25.7	null	null	13113	60
2026-05-27T17:17:43.544	WT901BLE68(F3:F0:16:BF:DC:AE)	0.107	1.008	-0.253	27.283	5.371	-8.118	104.93	-3.55	15.90	26.027	99.913	-38.280	0.63699	0.76025	0.06891	0.10687	25.7	null	null	13113	60
2026-05-27T17:17:43.666	WT901BLE68(F3:F0:16:BF:DC:AE)	0.083	0.956	-0.245	23.315	0.916	-10.620	107.39	-2.63	16.42	26.027	99.913	-38.280	0.63699	0.76025	0.06891	0.10687	25.7	null	null	13113	60
2026-05-27T17:17:43.754	WT901BLE68(F3:F0:16:BF:DC:AE)	0.071	0.958	-0.287	20.691	-2.441	-12.573	109.40	-1.52	16.30	26.027	99.913	-38.280	0.63699	0.76025	0.06891	0.10687	25.7	null	null	13113	60
2026-05-27T17:17:43.876	WT901BLE68(F3:F0:16:BF:DC:AE)	0.082	0.974	-0.254	16.663	-6.042	-12.512	111.03	-0.36	16.11	26.027	99.913	-38.280	0.63699	0.76025	0.06891	0.10687	25.7	null	null	13113	60
2026-05-27T17:17:43.932	WT901BLE68(F3:F0:16:BF:DC:AE)	0.099	1.133	-0.243	5.554	15.564	-11.780	111.92	0.24	16.75	26.027	99.913	-38.280	0.63699	0.76025	0.06891	0.10687	25.7	null	null	13113	60
2026-05-27T17:17:44.056	WT901BLE68(F3:F0:16:BF:DC:AE)	-0.158	0.871	-0.092	-57.739	14.282	-18.066	106.77	0.48	18.83	26.027	99.913	-38.280	0.63699	0.76025	0.06891	0.10687	25.7	null	null	13113	60
2026-05-27T17:17:44.141	WT901BLE68(F3:F0:16:BF:DC:AE)	0.159	0.993	-0.259	-37.292	-19.531	-8.667	102.05	2.42	17.90	23.573	106.540	-48.467	0.63699	0.76025	0.06891	0.10687	25.7	null	null	13113	60
2026-05-27T17:17:44.259	WT901BLE68(F3:F0:16:BF:DC:AE)	0.175	1.061	-0.426	-31.921	70.618	12.207	98.98	1.33	20.79	23.573	106.540	-48.467	0.63525	0.75555	0.13428	0.08633	25.7	null	null	13113	60
2026-05-27T17:17:44.354	WT901BLE68(F3:F0:16:BF:DC:AE)	-0.052	0.999	-0.185	-47.058	104.004	11.902	95.66	-1.83	30.04	23.573	106.540	-48.467	0.63525	0.75555	0.13428	0.08633	25.7	null	null	13113	60
2026-05-27T17:17:44.470	WT901BLE68(F3:F0:16:BF:DC:AE)	-0.114	1.068	0.046	-64.819	51.453	7.263	90.03	-2.88	38.24	23.573	106.540	-48.467	0.63525	0.75555	0.13428	0.08633	25.7	null	null	13113	60
2026-05-27T17:17:44.532	WT901BLE68(F3:F0:16:BF:DC:AE)	-0.038	0.938	-0.016	-46.814	-32.288	11.902	84.63	-3.27	38.28	23.573	106.540	-48.467	0.63525	0.75555	0.13428	0.08633	25.7	null	null	13113	60
2026-05-27T17:17:44.653	WT901BLE68(F3:F0:16:BF:DC:AE)	0.164	0.772	-0.075	-12.329	-15.381	14.099	82.32	-4.66	35.01	23.573	106.540	-48.467	0.63525	0.75555	0.13428	0.08633	25.7	null	null	13113	60
2026-05-27T17:17:44.743	WT901BLE68(F3:F0:16:BF:DC:AE)	0.148	0.953	0.187	9.583	39.795	8.728	83.51	-5.74	35.62	23.573	106.540	-48.467	0.63525	0.75555	0.13428	0.08633	25.7	null	null	13113	60
2026-05-27T17:17:44.869	WT901BLE68(F3:F0:16:BF:DC:AE)	0.106	0.917	0.222	29.602	40.100	4.150	84.55	-5.71	39.42	23.573	106.540	-48.467	0.63525	0.75555	0.13428	0.08633	25.7	null	null	13113	60
2026-05-27T17:17:44.954	WT901BLE68(F3:F0:16:BF:DC:AE)	-0.185	1.201	0.139	34.607	-16.907	-12.573	88.95	-4.54	42.30	19.793	72.687	33.520	0.63525	0.75555	0.13428	0.08633	25.7	null	null	13113	60
2026-05-27T17:17:45.076	WT901BLE68(F3:F0:16:BF:DC:AE)	0.130	0.969	-0.058	21.851	-37.598	5.615	94.10	-4.21	38.57	19.793	72.687	33.520	0.63525	0.75555	0.13428	0.08633	25.7	null	null	13113	60
2026-05-27T17:17:45.165	WT901BLE68(F3:F0:16:BF:DC:AE)	0.094	0.980	-0.306	47.485	24.231	-11.780	99.03	-3.56	38.19	19.793	72.687	33.520	0.61230	0.72092	0.22388	0.23486	25.7	null	null	13113	60
2026-05-27T17:17:45.282	WT901BLE68(F3:F0:16:BF:DC:AE)	0.104	1.051	0.040	16.418	-32.043	8.118	101.88	-3.33	38.29	19.793	72.687	33.520	0.61230	0.72092	0.22388	0.23486	25.7	null	null	13113	60
2026-05-27T17:17:45.343	WT901BLE68(F3:F0:16:BF:DC:AE)	0.133	0.952	-0.281	14.038	0.671	1.099	102.95	-3.76	35.69	19.793	72.687	33.520	0.61230	0.72092	0.22388	0.23486	25.7	null	null	13113	60
2026-05-27T17:17:45.466	WT901BLE68(F3:F0:16:BF:DC:AE)	0.058	0.974	-0.270	21.973	2.808	-6.165	104.59	-3.58	35.89	19.793	72.687	33.520	0.61230	0.72092	0.22388	0.23486	25.7	null	null	13113	60
2026-05-27T17:17:45.553	WT901BLE68(F3:F0:16:BF:DC:AE)	0.088	0.974	-0.254	23.132	-13.062	-5.676	106.97	-2.83	35.08	19.793	72.687	33.520	0.61230	0.72092	0.22388	0.23486	25.7	null	null	13113	60
2026-05-27T17:17:45.676	WT901BLE68(F3:F0:16:BF:DC:AE)	0.085	0.981	-0.246	23.438	-12.390	-9.827	109.26	-1.56	33.66	19.793	72.687	33.520	0.61230	0.72092	0.22388	0.23486	25.7	null	null	13113	60
2026-05-27T17:17:45.763	WT901BLE68(F3:F0:16:BF:DC:AE)	0.053	1.003	-0.220	19.470	-22.888	-9.705	111.06	-0.17	32.02	19.793	72.687	33.520	0.61230	0.72092	0.22388	0.23486	25.7	null	null	13113	60
2026-05-27T17:17:45.884	WT901BLE68(F3:F0:16:BF:DC:AE)	-0.102	1.258	-0.075	-47.485	-11.169	-15.015	110.13	0.41	31.47	9.167	81.440	0.820	0.61230	0.72092	0.22388	0.23486	25.7	null	null	13113	60
2026-05-27T17:17:45.942	WT901BLE68(F3:F0:16:BF:DC:AE)	-0.011	0.857	-0.330	-16.113	-40.283	-19.226	104.55	2.48	30.75	9.167	81.440	0.820	0.61230	0.72092	0.22388	0.23486	25.7	null	null	13113	60
2026-05-27T17:17:46.068	WT901BLE68(F3:F0:16:BF:DC:AE)	0.174	1.050	-0.333	-29.602	68.542	-2.808	102.42	3.00	32.60	9.167	81.440	0.820	0.61230	0.72092	0.22388	0.23486	25.7	null	null	13113	60
2026-05-27T17:17:46.149	WT901BLE68(F3:F0:16:BF:DC:AE)	-0.203	0.991	-0.188	-43.518	58.350	2.197	99.43	1.60	46.60	9.167	81.440	0.820	0.60480	0.73224	0.25528	0.18109	25.7	null	null	13113	60
2026-05-27T17:17:46.273	WT901BLE68(F3:F0:16:BF:DC:AE)	-0.015	1.043	-0.084	-61.646	11.963	10.193	94.06	1.08	56.06	9.167	81.440	0.820	0.60480	0.73224	0.25528	0.18109	25.7	null	null	13113	60
2026-05-27T17:17:46.361	WT901BLE68(F3:F0:16:BF:DC:AE)	0.002	0.959	-0.040	-59.509	3.052	12.939	87.96	0.20	63.34	9.167	81.440	0.820	0.60480	0.73224	0.25528	0.18109	25.7	null	null	13113	60
2026-05-27T17:17:46.486	WT901BLE68(F3:F0:16:BF:DC:AE)	0.082	0.891	-0.079	-36.377	-1.282	18.799	83.07	-0.99	70.39	9.167	81.440	0.820	0.60480	0.73224	0.25528	0.18109	25.7	null	null	13113	60
2026-05-27T17:17:46.575	WT901BLE68(F3:F0:16:BF:DC:AE)	0.019	0.886	0.082	-7.080	9.155	14.221	81.40	-2.09	78.42	9.167	81.440	0.820	0.60480	0.73224	0.25528	0.18109	25.7	null	null	13113	60
2026-05-27T17:17:46.690	WT901BLE68(F3:F0:16:BF:DC:AE)	0.103	0.913	0.234	12.207	35.828	17.822	82.19	-3.06	87.59	9.167	81.440	0.820	0.60480	0.73224	0.25528	0.18109	25.7	null	null	13113	60
2026-05-27T17:17:46.753	WT901BLE68(F3:F0:16:BF:DC:AE)	-0.165	2.094	0.228	70.068	48.889	-38.147	86.46	-2.18	98.17	-20.200	28.020	34.060	0.60480	0.73224	0.25528	0.18109	25.7	null	null	13113	60
2026-05-27T17:17:46.874	WT901BLE68(F3:F0:16:BF:DC:AE)	0.161	0.879	-0.336	41.870	-46.692	29.480	89.21	-2.39	104.18	-20.200	28.020	34.060	0.60480	0.73224	0.25528	0.18109	25.7	null	null	13113	60
2026-05-27T17:17:46.963	WT901BLE68(F3:F0:16:BF:DC:AE)	0.368	1.734	0.848	-138.672	17.822	11.169	85.65	-3.15	110.99	-20.200	28.020	34.060	0.40509	0.42444	0.55554	0.58908	25.7	null	null	13113	60
2026-05-27T17:17:47.085	WT901BLE68(F3:F0:16:BF:DC:AE)	-0.242	1.068	-0.071	38.513	-37.109	-5.676	86.29	-3.26	115.15	-20.200	28.020	34.060	0.40509	0.42444	0.55554	0.58908	25.7	null	null	13113	60
2026-05-27T17:17:47.174	WT901BLE68(F3:F0:16:BF:DC:AE)	0.030	1.008	-0.051	45.837	10.620	-11.902	91.81	-2.01	117.64	-20.200	28.020	34.060	0.40509	0.42444	0.55554	0.58908	25.7	null	null	13113	60
2026-05-27T17:17:47.292	WT901BLE68(F3:F0:16:BF:DC:AE)	0.170	1.021	-0.072	39.429	-21.912	-9.277	96.88	-0.78	121.56	-20.200	28.020	34.060	0.40509	0.42444	0.55554	0.58908	25.7	null	null	13113	60
2026-05-27T17:17:47.364	WT901BLE68(F3:F0:16:BF:DC:AE)	0.086	0.975	-0.146	50.049	-2.319	-13.916	101.26	0.13	126.35	-20.200	28.020	34.060	0.40509	0.42444	0.55554	0.58908	25.7	null	null	13113	60
2026-05-27T17:17:47.472	WT901BLE68(F3:F0:16:BF:DC:AE)	0.057	0.987	-0.178	52.551	15.686	-20.874	107.19	0.84	133.76	-20.200	28.020	34.060	0.40509	0.42444	0.55554	0.58908	25.7	null	null	13113	60
2026-05-27T17:17:47.565	WT901BLE68(F3:F0:16:BF:DC:AE)	0.083	0.994	-0.205	29.175	-7.019	-15.686	110.80	1.93	139.60	-20.200	28.020	34.060	0.40509	0.42444	0.55554	0.58908	25.7	null	null	13113	60
2026-05-27T17:17:47.682	WT901BLE68(F3:F0:16:BF:DC:AE)	0.105	1.274	-0.017	-77.881	-4.089	-5.249	109.99	2.42	144.71	-28.960	41.027	6.053	0.40509	0.42444	0.55554	0.58908	25.7	null	null	13113	60
2026-05-27T17:17:47.771	WT901BLE68(F3:F0:16:BF:DC:AE)	-0.102	0.813	-0.331	-11.475	-48.096	-23.682	106.81	4.09	149.64	-28.960	41.027	6.053	0.40509	0.42444	0.55554	0.58908	25.7	null	null	13113	60
2026-05-27T17:17:47.890	WT901BLE68(F3:F0:16:BF:DC:AE)	0.131	0.999	-0.209	-30.212	50.720	-10.620	105.22	5.25	155.00	-28.960	41.027	6.053	0.18445	0.16910	0.78040	0.57291	25.7	null	null	13113	60
2026-05-27T17:17:47.983	WT901BLE68(F3:F0:16:BF:DC:AE)	0.018	1.023	-0.185	-47.180	52.979	17.639	102.04	3.63	165.65	-28.960	41.027	6.053	0.18445	0.16910	0.78040	0.57291	25.7	null	null	13113	60
2026-05-27T17:17:48.105	WT901BLE68(F3:F0:16:BF:DC:AE)	0.002	1.051	-0.134	-71.594	62.927	22.461	96.59	0.50	176.06	-28.960	41.027	6.053	0.18445	0.16910	0.78040	0.57291	25.7	null	null	13113	60
2026-05-27T17:17:48.164	WT901BLE68(F3:F0:16:BF:DC:AE)	-0.108	0.987	-0.099	-75.378	66.101	24.170	89.43	-2.41	-173.50	-28.960	41.027	6.053	0.18445	0.16910	0.78040	0.57291	25.7	null	null	13113	60
2026-05-27T17:17:48.286	WT901BLE68(F3:F0:16:BF:DC:AE)	-0.095	0.825	-0.078	-38.940	15.015	10.742	83.73	-3.26	-166.21	-28.960	41.027	6.053	0.18445	0.16910	0.78040	0.57291	25.7	null	null	13113	60
2026-05-27T17:17:48.372	WT901BLE68(F3:F0:16:BF:DC:AE)	0.112	0.855	0.113	3.967	-34.546	23.315	82.33	-3.82	-162.71	-28.960	41.027	6.053	0.18445	0.16910	0.78040	0.57291	25.7	null	null	13113	60
2026-05-27T17:17:48.495	WT901BLE68(F3:F0:16:BF:DC:AE)	0.273	1.075	0.510	16.968	40.466	5.127	84.29	-5.43	-159.37	-28.960	41.027	6.053	0.18445	0.16910	0.78040	0.57291	25.7	null	null	13113	60
2026-05-27T17:17:48.583	WT901BLE68(F3:F0:16:BF:DC:AE)	0.157	1.885	0.159	44.373	128.479	-17.517	88.18	-4.60	-150.89	-37.307	20.060	8.533	0.18445	0.16910	0.78040	0.57291	25.7	null	null	13113	60
2026-05-27T17:17:48.703	WT901BLE68(F3:F0:16:BF:DC:AE)	-0.016	0.814	-0.507	61.646	-22.095	19.592	91.21	-3.94	-143.20	-37.307	20.060	8.533	0.18445	0.16910	0.78040	0.57291	25.7	null	null	13113	60
2026-05-27T17:17:48.761	WT901BLE68(F3:F0:16:BF:DC:AE)	0.179	0.993	-0.089	47.424	1.221	1.465	95.13	-4.09	-142.35	-37.307	20.060	8.533	-0.23978	-0.20193	0.69861	0.64310	25.7	null	null	13113	60
2026-05-27T17:17:48.884	WT901BLE68(F3:F0:16:BF:DC:AE)	0.100	0.987	-0.143	29.358	-29.724	2.319	98.65	-4.34	-140.67	-37.307	20.060	8.533	-0.23978	-0.20193	0.69861	0.64310	25.7	null	null	13113	60
2026-05-27T17:17:48.971	WT901BLE68(F3:F0:16:BF:DC:AE)	0.171	0.919	-0.313	29.602	-7.507	-5.249	101.76	-4.24	-140.16	-37.307	20.060	8.533	-0.23978	-0.20193	0.69861	0.64310	25.7	null	null	13113	60
2026-05-27T17:17:49.093	WT901BLE68(F3:F0:16:BF:DC:AE)	0.073	0.982	-0.195	31.494	2.319	-11.108	104.94	-3.67	-136.60	-37.307	20.060	8.533	-0.23978	-0.20193	0.69861	0.64310	25.7	null	null	13113	60
2026-05-27T17:17:49.183	WT901BLE68(F3:F0:16:BF:DC:AE)	0.052	0.969	-0.254	27.466	-21.729	-7.385	107.87	-2.81	-134.84	-37.307	20.060	8.533	-0.23978	-0.20193	0.69861	0.64310	25.7	null	null	13113	60
2026-05-27T17:17:49.305	WT901BLE68(F3:F0:16:BF:DC:AE)	0.075	0.962	-0.277	23.987	-8.362	-12.268	110.28	-1.72	-133.19	-37.307	20.060	8.533	-0.23978	-0.20193	0.69861	0.64310	25.7	null	null	13113	60
2026-05-27T17:17:49.397	WT901BLE68(F3:F0:16:BF:DC:AE)	0.042	0.937	-0.293	18.738	-37.720	-5.798	112.22	-0.11	-132.60	-37.307	20.060	8.533	-0.23978	-0.20193	0.69861	0.64310	25.7	null	null	13113	60
2026-05-27T17:17:49.482	WT901BLE68(F3:F0:16:BF:DC:AE)	0.064	1.144	-0.378	20.325	-2.075	-13.367	113.91	1.14	-132.29	-41.760	28.207	-9.600	-0.23978	-0.20193	0.69861	0.64310	25.7	null	null	13113	60
2026-05-27T17:17:49.578	WT901BLE68(F3:F0:16:BF:DC:AE)	-0.022	0.997	-0.017	-15.564	16.418	-12.695	113.82	1.99	-128.51	-41.760	28.207	-9.600	-0.23978	-0.20193	0.69861	0.64310	25.7	null	null	13113	60
2026-05-27T17:17:49.696	WT901BLE68(F3:F0:16:BF:DC:AE)	-0.054	1.004	-0.087	-73.120	-14.282	-12.573	106.56	2.38	-125.41	-41.760	28.207	-9.600	-0.23953	-0.37970	0.73346	0.51028	25.7	null	null	13113	60
2026-05-27T17:17:49.784	WT901BLE68(F3:F0:16:BF:DC:AE)	-0.036	1.105	-0.491	-65.369	36.255	4.517	99.57	2.54	-122.99	-41.760	28.207	-9.600	-0.23953	-0.37970	0.73346	0.51028	25.7	null	null	13113	60
2026-05-27T17:17:49.906	WT901BLE68(F3:F0:16:BF:DC:AE)	0.018	1.071	-0.229	-71.899	67.627	21.484	93.60	0.95	-118.03	-41.760	28.207	-9.600	-0.23953	-0.37970	0.73346	0.51028	25.7	null	null	13113	60
2026-05-27T17:17:49.992	WT901BLE68(F3:F0:16:BF:DC:AE)	-0.201	0.938	-0.062	-68.176	42.725	1.953	86.37	0.14	-110.08	-41.760	28.207	-9.600	-0.23953	-0.37970	0.73346	0.51028	25.7	null	null	13113	60
2026-05-27T17:17:50.115	WT901BLE68(F3:F0:16:BF:DC:AE)	-0.040	0.876	-0.000	-36.255	-37.842	20.081	81.91	-0.37	-108.79	-41.760	28.207	-9.600	-0.23953	-0.37970	0.73346	0.51028	25.7	null	null	13113	60
2026-05-27T17:17:50.180	WT901BLE68(F3:F0:16:BF:DC:AE)	0.260	0.849	0.028	-2.136	27.588	15.198	80.70	-2.37	-109.73	-41.760	28.207	-9.600	-0.23953	-0.37970	0.73346	0.51028	25.7	null	null	13113	60
2026-05-27T17:17:50.294	WT901BLE68(F3:F0:16:BF:DC:AE)	0.015	1.002	0.316	5.371	80.444	2.258	81.36	-2.04	-101.35	-41.760	28.207	-9.600	-0.23953	-0.37970	0.73346	0.51028	25.7	null	null	13113	60
2026-05-27T17:17:50.381	WT901BLE68(F3:F0:16:BF:DC:AE)	0.021	0.924	0.170	27.771	40.955	16.113	81.99	-2.44	-94.45	-48.747	13.907	-3.527	-0.23953	-0.37970	0.73346	0.51028	25.7	null	null	13113	60
2026-05-27T17:17:50.505	WT901BLE68(F3:F0:16:BF:DC:AE)	0.021	0.806	0.273	-2.869	-65.613	0.244	84.58	-0.75	-87.29	-48.747	13.907	-3.527	-0.23953	-0.37970	0.73346	0.51028	25.7	null	null	13113	60
2026-05-27T17:17:50.592	WT901BLE68(F3:F0:16:BF:DC:AE)	0.084	0.962	0.129	9.460	-52.734	2.319	88.10	-1.96	-86.19	-48.747	13.907	-3.527	-0.54120	-0.50217	0.47269	0.48102	25.7	null	null	13113	60
2026-05-27T17:17:50.717	WT901BLE68(F3:F0:16:BF:DC:AE)	0.357	1.437	-0.447	15.442	-12.451	-13.489	84.23	-2.31	-87.69	-48.747	13.907	-3.527	-0.54120	-0.50217	0.47269	0.48102	25.7	null	null	13113	60
2026-05-27T17:17:50.803	WT901BLE68(F3:F0:16:BF:DC:AE)	-0.025	0.984	-0.113	52.185	-22.705	-3.784	88.47	-2.18	-85.16	-48.747	13.907	-3.527	-0.54120	-0.50217	0.47269	0.48102	25.7	null	null	13113	60
2026-05-27T17:17:50.927	WT901BLE68(F3:F0:16:BF:DC:AE)	0.121	0.988	-0.095	43.213	38.147	-5.127	93.50	-1.83	-84.92	-48.747	13.907	-3.527	-0.54120	-0.50217	0.47269	0.48102	25.7	null	null	13113	60
2026-05-27T17:17:50.983	WT901BLE68(F3:F0:16:BF:DC:AE)	-0.035	1.019	-0.030	39.551	22.461	-6.470	97.53	-1.76	-79.43	-48.747	13.907	-3.527	-0.54120	-0.50217	0.47269	0.48102	25.7	null	null	13113	60
2026-05-27T17:17:51.104	WT901BLE68(F3:F0:16:BF:DC:AE)	0.104	0.983	-0.130	34.851	-11.230	-2.441	100.17	-1.25	-80.45	-48.747	13.907	-3.527	-0.54120	-0.50217	0.47269	0.48102	25.7	null	null	13113	60
2026-05-27T17:17:51.191	WT901BLE68(F3:F0:16:BF:DC:AE)	0.100	0.984	-0.205	44.739	20.935	-12.695	103.55	-0.48	-79.49	-48.747	13.907	-3.527	-0.54120	-0.50217	0.47269	0.48102	25.7	null	null	13113	60
2026-05-27T17:17:51.312	WT901BLE68(F3:F0:16:BF:DC:AE)	0.125	0.976	-0.238	34.119	4.272	-18.982	107.94	0.64	-77.71	-53.327	15.553	-24.640	-0.54120	-0.50217	0.47269	0.48102	25.7	null	null	13113	60
2026-05-27T17:17:51.406	WT901BLE68(F3:F0:16:BF:DC:AE)	0.130	1.034	-0.286	20.752	21.545	-19.836	110.04	1.91	-75.57	-53.327	15.553	-24.640	-0.54120	-0.50217	0.47269	0.48102	25.7	null	null	13113	60
2026-05-27T17:17:51.521	WT901BLE68(F3:F0:16:BF:DC:AE)	-0.113	1.098	-0.103	-56.458	41.626	-25.269	109.25	2.22	-70.87	-53.327	15.553	-24.640	-0.45093	-0.66812	0.47818	0.34854	25.7	null	null	13113	60
2026-05-27T17:17:51.584	WT901BLE68(F3:F0:16:BF:DC:AE)	-0.173	0.997	-0.155	-23.926	-11.780	-28.381	104.71	3.38	-66.31	-53.327	15.553	-24.640	-0.45093	-0.66812	0.47818	0.34854	25.7	null	null	13113	60
2026-05-27T17:17:51.705	WT901BLE68(F3:F0:16:BF:DC:AE)	0.179	1.025	-0.268	-39.307	31.433	-11.841	101.28	5.25	-65.54	-53.327	15.553	-24.640	-0.45093	-0.66812	0.47818	0.34854	25.7	null	null	13113	60
2026-05-27T17:17:51.792	WT901BLE68(F3:F0:16:BF:DC:AE)	-0.027	1.000	-0.359	-29.541	94.421	-5.920	99.13	4.14	-57.94	-53.327	15.553	-24.640	-0.45093	-0.66812	0.47818	0.34854	25.7	null	null	13113	60
2026-05-27T17:17:51.915	WT901BLE68(F3:F0:16:BF:DC:AE)	-0.101	0.997	-0.129	-54.443	98.877	-11.597	95.57	3.56	-47.31	-53.327	15.553	-24.640	-0.45093	-0.66812	0.47818	0.34854	25.7	null	null	13113	60
2026-05-27T17:17:52.003	WT901BLE68(F3:F0:16:BF:DC:AE)	-0.095	1.040	0.008	-63.782	47.791	-1.343	90.37	3.74	-40.85	-53.327	15.553	-24.640	-0.45093	-0.66812	0.47818	0.34854	25.7	null	null	13113	60
2026-05-27T17:17:52.128	WT901BLE68(F3:F0:16:BF:DC:AE)	0.047	0.988	-0.012	-59.387	11.414	16.418	84.86	2.93	-39.12	-53.327	15.553	-24.640	-0.45093	-0.66812	0.47818	0.34854	25.7	null	null	13113	60
2026-05-27T17:17:52.183	WT901BLE68(F3:F0:16:BF:DC:AE)	0.056	0.943	0.022	-45.959	51.880	17.273	80.56	1.73	-35.94	-52.260	19.300	-38.353	-0.45093	-0.66812	0.47818	0.34854	25.7	null	null	13113	60
2026-05-27T17:17:52.337	WT901BLE68(F3:F0:16:BF:DC:AE)	-0.010	0.911	0.118	-7.202	54.077	28.381	79.18	-0.17	-31.66	-52.260	19.300	-38.353	-0.45093	-0.66812	0.47818	0.34854	25.7	null	null	13113	60
2026-05-27T17:17:52.396	WT901BLE68(F3:F0:16:BF:DC:AE)	0.071	0.881	0.112	19.165	99.182	22.949	80.32	-1.86	-25.98	-52.260	19.300	-38.353	-0.74524	-0.61737	0.17044	0.18524	25.7	null	null	13113	60
2026-05-27T17:17:52.519	WT901BLE68(F3:F0:16:BF:DC:AE)	-2.213	12.474	0.204	78.918	165.466	-17.029	86.13	-1.31	-15.41	-52.260	19.300	-38.353	-0.74524	-0.61737	0.17044	0.18524	25.7	null	null	13113	60
2026-05-27T17:17:52.608	WT901BLE68(F3:F0:16:BF:DC:AE)	0.047	0.430	-0.486	99.426	29.785	16.785	90.60	1.85	-12.98	-52.260	19.300	-38.353	-0.74524	-0.61737	0.17044	0.18524	25.7	null	null	13113	60
2026-05-27T17:17:52.757	WT901BLE68(F3:F0:16:BF:DC:AE)	0.402	0.950	-0.322	73.303	47.852	-18.555	97.57	0.91	-15.83	-52.260	19.300	-38.353	-0.74524	-0.61737	0.17044	0.18524	25.7	null	null	13113	60
2026-05-27T17:17:52.811	WT901BLE68(F3:F0:16:BF:DC:AE)	-0.179	1.016	-0.015	12.085	61.707	-2.075	100.56	0.73	-9.18	-52.260	19.300	-38.353	-0.74524	-0.61737	0.17044	0.18524	25.7	null	null	13113	60
2026-05-27T17:17:52.933	WT901BLE68(F3:F0:16:BF:DC:AE)	0.256	0.917	-0.266	10.376	51.819	-2.747	101.63	-0.16	-8.49	-52.260	19.300	-38.353	-0.74524	-0.61737	0.17044	0.18524	25.7	null	null	13113	60
2026-05-27T17:17:52.994	WT901BLE68(F3:F0:16:BF:DC:AE)	-0.109	0.981	-0.313	18.616	53.284	-10.193	103.49	-0.46	-3.44	-52.260	19.300	-38.353	-0.74524	-0.61737	0.17044	0.18524	25.7	null	null	13113	60
2026-05-27T17:17:53.112	WT901BLE68(F3:F0:16:BF:DC:AE)	0.088	0.957	-0.288	7.935	0.488	4.089	104.83	-0.70	-4.38	-29.480	13.067	-58.467	-0.74524	-0.61737	0.17044	0.18524	25.7	null	null	13113	60
2026-05-27T17:17:53.204	WT901BLE68(F3:F0:16:BF:DC:AE)	0.023	0.956	-0.303	20.935	23.804	-14.771	106.56	-0.39	-4.43	-29.480	13.067	-58.467	-0.74524	-0.61737	0.17044	0.18524	25.7	null	null	13113	60
2026-05-27T17:17:53.321	WT901BLE68(F3:F0:16:BF:DC:AE)	0.084	0.974	-0.211	13.733	-4.150	-12.329	108.13	0.70	-4.76	-29.480	13.067	-58.467	-0.59091	-0.80585	0.02899	0.02240	25.7	null	null	13113	60
2026-05-27T17:17:53.414	WT901BLE68(F3:F0:16:BF:DC:AE)	0.067	0.975	-0.268	10.620	-1.099	-13.000	108.94	1.91	-6.14	-29.480	13.067	-58.467	-0.59091	-0.80585	0.02899	0.02240	25.7	null	null	13113	60
2026-05-27T17:17:53.536	WT901BLE68(F3:F0:16:BF:DC:AE)	-0.129	1.159	-0.274	-16.296	12.268	-14.160	109.09	2.98	-6.88	-29.480	13.067	-58.467	-0.59091	-0.80585	0.02899	0.02240	25.7	null	null	13113	60
2026-05-27T17:17:53.593	WT901BLE68(F3:F0:16:BF:DC:AE)	-0.041	0.975	-0.221	-30.884	-8.301	-17.883	102.65	4.11	-6.85	-29.480	13.067	-58.467	-0.59091	-0.80585	0.02899	0.02240	25.7	null	null	13113	60
2026-05-27T17:17:53.746	WT901BLE68(F3:F0:16:BF:DC:AE)	-0.080	0.938	-0.316	-16.968	47.485	-16.541	100.93	5.34	-5.80	-29.480	13.067	-58.467	-0.59091	-0.80585	0.02899	0.02240	25.7	null	null	13113	60
2026-05-27T17:17:53.802	WT901BLE68(F3:F0:16:BF:DC:AE)	-0.175	0.965	-0.298	-12.451	41.565	-26.184	100.45	6.42	-1.80	-29.480	13.067	-58.467	-0.59091	-0.80585	0.02899	0.02240	25.7	null	null	13113	60
2026-05-27T17:17:53.926	WT901BLE68(F3:F0:16:BF:DC:AE)	-0.149	0.976	-0.164	-19.226	46.814	-18.372	99.91	7.71	2.20	-29.480	13.067	-58.467	-0.59091	-0.80585	0.02899	0.02240	25.7	null	null	13113	60
2026-05-27T17:17:54.012	WT901BLE68(F3:F0:16:BF:DC:AE)	-0.026	1.008	-0.069	-40.588	62.073	-1.587	98.52	8.06	5.23	-27.233	15.380	-59.233	-0.59091	-0.80585	0.02899	0.02240	25.7	null	null	13113	60
2026-05-27T17:17:54.134	WT901BLE68(F3:F0:16:BF:DC:AE)	-0.127	1.042	-0.008	-63.538	55.237	5.920	93.99	7.04	9.38	-27.233	15.380	-59.233	-0.59091	-0.80585	0.02899	0.02240	25.7	null	null	13113	60
2026-05-27T17:17:54.225	WT901BLE68(F3:F0:16:BF:DC:AE)	-0.011	1.014	-0.077	-59.509	33.997	27.771	88.31	5.26	11.91	-27.233	15.380	-59.233	-0.69788	-0.70776	-0.10635	-0.02530	25.7	null	null	13113	60
2026-05-27T17:17:54.346	WT901BLE68(F3:F0:16:BF:DC:AE)	-0.019	0.954	-0.068	-34.546	23.254	35.217	83.93	1.99	13.01	-27.233	15.380	-59.233	-0.69788	-0.70776	-0.10635	-0.02530	25.7	null	null	13113	60
2026-05-27T17:17:54.403	WT901BLE68(F3:F0:16:BF:DC:AE)	-0.011	0.896	-0.021	-0.366	27.222	31.738	82.74	-1.08	14.08	-27.233	15.380	-59.233	-0.69788	-0.70776	-0.10635	-0.02530	25.7	null	null	13113	60
2026-05-27T17:17:54.524	WT901BLE68(F3:F0:16:BF:DC:AE)	0.005	0.928	0.033	30.884	44.617	19.714	84.87	-3.41	16.03	-27.233	15.380	-59.233	-0.69788	-0.70776	-0.10635	-0.02530	25.7	null	null	13113	60
2026-05-27T17:17:54.616	WT901BLE68(F3:F0:16:BF:DC:AE)	-0.474	1.416	0.240	28.137	84.351	-37.842	89.05	-3.16	20.37	-27.233	15.380	-59.233	-0.69788	-0.70776	-0.10635	-0.02530	25.7	null	null	13113	60
2026-05-27T17:17:54.736	WT901BLE68(F3:F0:16:BF:DC:AE)	0.181	1.028	-0.160	50.049	-32.410	26.001	92.03	-0.91	20.71	-27.233	15.380	-59.233	-0.69788	-0.70776	-0.10635	-0.02530	25.7	null	null	13113	60
2026-05-27T17:17:54.823	WT901BLE68(F3:F0:16:BF:DC:AE)	0.120	0.962	-0.217	45.959	4.883	-10.498	95.94	-0.90	16.28	-27.233	15.380	-59.233	-0.69788	-0.70776	-0.10635	-0.02530	25.7	null	null	13113	60
2026-05-27T17:17:54.945	WT901BLE68(F3:F0:16:BF:DC:AE)	-0.090	0.976	-0.128	29.175	34.424	-13.123	99.44	-0.14	17.66	-8.960	19.187	-56.267	-0.69788	-0.70776	-0.10635	-0.02530	25.7	null	null	13113	60
2026-05-27T17:17:55.007	WT901BLE68(F3:F0:16:BF:DC:AE)	0.007	1.025	-0.214	15.259	27.222	-1.831	101.88	0.02	18.80	-8.960	19.187	-56.267	-0.69788	-0.70776	-0.10635	-0.02530	25.7	null	null	13113	60
2026-05-27T17:17:55.153	WT901BLE68(F3:F0:16:BF:DC:AE)	0.058	0.967	-0.203	8.606	5.554	-1.099	102.91	-0.09	18.04	-8.960	19.187	-56.267	-0.61859	-0.76868	-0.12640	-0.10190	25.7	null	null	13113	60
2026-05-27T17:17:55.215	WT901BLE68(F3:F0:16:BF:DC:AE)	0.026	0.958	-0.284	13.733	25.146	-10.376	104.02	0.14	17.84	-8.960	19.187	-56.267	-0.61859	-0.76868	-0.12640	-0.10190	25.7	null	null	13113	60
2026-05-27T17:17:55.338	WT901BLE68(F3:F0:16:BF:DC:AE)	0.001	0.978	-0.231	13.062	7.813	-10.254	105.31	0.63	18.39	-8.960	19.187	-56.267	-0.61859	-0.76868	-0.12640	-0.10190	25.7	null	null	13113	60
2026-05-27T17:17:55.422	WT901BLE68(F3:F0:16:BF:DC:AE)	0.010	0.958	-0.250	12.573	-5.859	-12.756	106.33	1.52	17.23	-8.960	19.187	-56.267	-0.61859	-0.76868	-0.12640	-0.10190	25.7	null	null	13113	60
2026-05-27T17:17:55.545	WT901BLE68(F3:F0:16:BF:DC:AE)	0.089	0.979	-0.252	11.414	-7.935	-17.029	107.43	2.96	15.47	-8.960	19.187	-56.267	-0.61859	-0.76868	-0.12640	-0.10190	25.7	null	null	13113	60
2026-05-27T17:17:55.635	WT901BLE68(F3:F0:16:BF:DC:AE)	0.005	1.061	-0.216	6.958	6.714	-13.184	108.18	4.48	14.11	-8.960	19.187	-56.267	-0.61859	-0.76868	-0.12640	-0.10190	25.7	null	null	13113	60
2026-05-27T17:17:55.754	WT901BLE68(F3:F0:16:BF:DC:AE)	-0.157	1.036	-0.107	-55.298	-8.362	-10.925	105.55	5.63	12.91	-8.960	19.187	-56.267	-0.61859	-0.76868	-0.12640	-0.10190	25.7	null	null	13113	60
2026-05-27T17:17:55.812	WT901BLE68(F3:F0:16:BF:DC:AE)	-0.003	0.961	0.052	-106.995	-31.189	9.216	96.48	6.11	10.56	-11.073	18.167	-59.753	-0.61859	-0.76868	-0.12640	-0.10190	25.7	null	null	13113	60
2026-05-27T17:17:55.936	WT901BLE68(F3:F0:16:BF:DC:AE)	-0.010	1.039	-0.373	-38.086	17.639	17.212	91.55	4.87	8.91	-11.073	18.167	-59.753	-0.61859	-0.76868	-0.12640	-0.10190	25.7	null	null	13113	60
2026-05-27T17:17:56.021	WT901BLE68(F3:F0:16:BF:DC:AE)	-0.081	0.976	-0.148	-37.354	95.581	28.625	88.94	1.67	13.93	-11.073	18.167	-59.753	-0.70651	-0.70053	-0.08600	-0.05112	25.7	null	null	13113	60
2026-05-27T17:17:56.145	WT901BLE68(F3:F0:16:BF:DC:AE)	-0.137	0.996	-0.048	-28.931	87.524	26.489	86.22	-0.91	21.81	-11.073	18.167	-59.753	-0.70651	-0.70053	-0.08600	-0.05112	25.7	null	null	13113	60
2026-05-27T17:17:56.234	WT901BLE68(F3:F0:16:BF:DC:AE)	-0.226	0.919	0.064	-11.230	1.038	17.212	84.58	-2.23	25.99	-11.073	18.167	-59.753	-0.70651	-0.70053	-0.08600	-0.05112	25.7	null	null	13113	60
2026-05-27T17:17:56.353	WT901BLE68(F3:F0:16:BF:DC:AE)	0.121	0.956	0.081	-0.549	-19.470	30.151	85.07	-4.12	22.64	-11.073	18.167	-59.753	-0.70651	-0.70053	-0.08600	-0.05112	25.7	null	null	13113	60
2026-05-27T17:17:56.413	WT901BLE68(F3:F0:16:BF:DC:AE)	0.164	0.927	0.129	15.381	-2.319	8.972	86.02	-5.92	21.02	-11.073	18.167	-59.753	-0.70651	-0.70053	-0.08600	-0.05112	25.7	null	null	13113	60
2026-05-27T17:17:56.562	WT901BLE68(F3:F0:16:BF:DC:AE)	-0.033	1.297	0.004	46.509	2.930	-20.325	88.36	-4.82	21.86	-11.073	18.167	-59.753	-0.70651	-0.70053	-0.08600	-0.05112	25.7	null	null	13113	60
2026-05-27T17:17:56.623	WT901BLE68(F3:F0:16:BF:DC:AE)	0.052	0.913	-0.112	28.564	-25.269	-1.404	91.07	-4.60	22.96	-11.073	18.167	-59.753	-0.70651	-0.70053	-0.08600	-0.05112	25.7	null	null	13113	60
2026-05-27T17:17:56.741	WT901BLE68(F3:F0:16:BF:DC:AE)	0.117	1.023	-0.098	29.663	9.155	-2.808	93.44	-4.54	22.32	5.893	23.620	-50.353	-0.70651	-0.70053	-0.08600	-0.05112	25.7	null	null	13113	60
2026-05-27T17:17:56.834	WT901BLE68(F3:F0:16:BF:DC:AE)	-0.030	0.992	-0.188	27.771	-7.080	-0.671	96.44	-4.26	21.61	5.893	23.620	-50.353	-0.70651	-0.70053	-0.08600	-0.05112	25.7	null	null	13113	60
2026-05-27T17:17:56.952	WT901BLE68(F3:F0:16:BF:DC:AE)	0.149	0.991	-0.179	14.343	-29.358	7.629	98.22	-4.13	19.39	5.893	23.620	-50.353	-0.64288	-0.74390	-0.11154	-0.14404	25.7	null	null	13113	60
2026-05-27T17:17:57.045	WT901BLE68(F3:F0:16:BF:DC:AE)	0.062	0.966	-0.269	22.766	-13.062	-5.005	100.62	-4.05	15.05	5.893	23.620	-50.353	-0.64288	-0.74390	-0.11154	-0.14404	25.7	null	null	13113	60
2026-05-27T17:17:57.166	WT901BLE68(F3:F0:16:BF:DC:AE)	0.056	0.972	-0.217	22.522	0.183	-10.559	102.68	-3.18	14.57	5.893	23.620	-50.353	-0.64288	-0.74390	-0.11154	-0.14404	25.7	null	null	13113	60
2026-05-27T17:17:57.221	WT901BLE68(F3:F0:16:BF:DC:AE)	0.083	0.986	-0.206	23.132	-26.672	-7.263	104.84	-1.94	12.17	5.893	23.620	-50.353	-0.64288	-0.74390	-0.11154	-0.14404	25.7	null	null	13113	60
2026-05-27T17:17:57.348	WT901BLE68(F3:F0:16:BF:DC:AE)	0.112	1.000	-0.171	15.869	-1.953	-12.573	106.46	-0.74	10.42	5.893	23.620	-50.353	-0.64288	-0.74390	-0.11154	-0.14404	25.7	null	null	13113	60
2026-05-27T17:17:57.435	WT901BLE68(F3:F0:16:BF:DC:AE)	0.143	1.066	-0.253	20.752	-15.869	-5.737	107.62	0.19	9.16	5.893	23.620	-50.353	-0.64288	-0.74390	-0.11154	-0.14404	25.7	null	null	13113	60
2026-05-27T17:17:57.553	WT901BLE68(F3:F0:16:BF:DC:AE)	-0.039	1.105	-0.122	-18.799	-4.456	-5.798	107.56	1.09	7.12	5.893	23.620	-50.353	-0.64288	-0.74390	-0.11154	-0.14404	25.7	null	null	13113	60
2026-05-27T17:17:57.644	WT901BLE68(F3:F0:16:BF:DC:AE)	-0.025	1.128	0.257	-98.083	8.728	0.183	101.98	1.02	7.53	-4.567	16.753	-64.993	-0.64288	-0.74390	-0.11154	-0.14404	25.7	null	null	13113	60
2026-05-27T17:17:57.762	WT901BLE68(F3:F0:16:BF:DC:AE)	-0.082	1.091	-0.356	-47.241	-43.457	5.066	94.97	2.02	3.65	-4.567	16.753	-64.993	-0.64288	-0.74390	-0.11154	-0.14404	25.7	null	null	13113	60
2026-05-27T17:17:57.823	WT901BLE68(F3:F0:16:BF:DC:AE)	0.154	1.027	-0.150	-58.105	-6.348	24.841	90.74	0.59	-0.35	-4.567	16.753	-64.993	-0.68866	-0.72479	-0.01639	0.00418	25.7	null	null	13113	60
2026-05-27T17:17:57.946	WT901BLE68(F3:F0:16:BF:DC:AE)	-0.021	0.989	-0.047	-59.509	48.462	12.573	85.09	-0.83	3.23	-4.567	16.753	-64.993	-0.68866	-0.72479	-0.01639	0.00418	25.7	null	null	13113	60
2026-05-27T17:17:58.034	WT901BLE68(F3:F0:16:BF:DC:AE)	-0.104	0.871	0.014	-23.743	1.953	10.437	81.87	-1.49	5.58	-4.567	16.753	-64.993	-0.68866	-0.72479	-0.01639	0.00418	25.7	null	null	13113	60
2026-05-27T17:17:58.159	WT901BLE68(F3:F0:16:BF:DC:AE)	0.111	0.905	0.103	-0.671	-1.892	7.202	81.37	-2.33	4.43	-4.567	16.753	-64.993	-0.68866	-0.72479	-0.01639	0.00418	25.7	null	null	13113	60
2026-05-27T17:17:58.243	WT901BLE68(F3:F0:16:BF:DC:AE)	-0.011	0.903	0.186	20.447	44.861	1.526	82.45	-2.17	7.88	-4.567	16.753	-64.993	-0.68866	-0.72479	-0.01639	0.00418	25.7	null	null	13113	60
2026-05-27T17:17:58.366	WT901BLE68(F3:F0:16:BF:DC:AE)	0.159	0.930	0.226	29.602	40.588	7.629	84.86	-2.19	10.62	-4.567	16.753	-64.993	-0.68866	-0.72479	-0.01639	0.00418	25.7	null	null	13113	60
2026-05-27T17:17:58.459	WT901BLE68(F3:F0:16:BF:DC:AE)	-0.325	1.084	0.223	20.691	-54.382	-12.634	88.99	-0.55	13.51	-4.567	16.753	-64.993	-0.68866	-0.72479	-0.01639	0.00418	25.7	null	null	13113	60
2026-05-27T17:17:58.573	WT901BLE68(F3:F0:16:BF:DC:AE)	0.048	1.015	-0.063	12.573	2.258	5.066	93.03	-1.62	12.10	3.107	31.993	-59.693	-0.68866	-0.72479	-0.01639	0.00418	25.7	null	null	13113	60
2026-05-27T17:17:58.635	WT901BLE68(F3:F0:16:BF:DC:AE)	0.150	0.989	-0.126	31.311	12.329	-3.601	96.79	-1.07	12.62	3.107	31.993	-59.693	-0.68866	-0.72479	-0.01639	0.00418	25.7	null	null	13113	60
2026-05-27T17:17:58.751	WT901BLE68(F3:F0:16:BF:DC:AE)	0.142	0.981	-0.148	24.353	-31.128	9.460	99.28	-1.55	11.46	3.107	31.993	-59.693	-0.65103	-0.75024	-0.07861	-0.08365	25.7	null	null	13113	60
2026-05-27T17:17:58.842	WT901BLE68(F3:F0:16:BF:DC:AE)	0.063	0.933	-0.266	19.348	31.738	-6.104	100.75	-2.09	12.17	3.107	31.993	-59.693	-0.65103	-0.75024	-0.07861	-0.08365	25.7	null	null	13113	60
2026-05-27T17:17:58.966	WT901BLE68(F3:F0:16:BF:DC:AE)	-0.021	0.962	-0.242	25.208	4.883	-4.395	102.96	-2.03	13.79	3.107	31.993	-59.693	-0.65103	-0.75024	-0.07861	-0.08365	25.7	null	null	13113	60
2026-05-27T17:17:59.054	WT901BLE68(F3:F0:16:BF:DC:AE)	0.020	0.981	-0.231	26.001	-9.705	-7.935	105.46	-1.44	13.06	3.107	31.993	-59.693	-0.65103	-0.75024	-0.07861	-0.08365	25.7	null	null	13113	60
2026-05-27T17:17:59.176	WT901BLE68(F3:F0:16:BF:DC:AE)	0.050	0.972	-0.252	25.696	-3.418	-9.888	107.73	-0.73	12.74	3.107	31.993	-59.693	-0.65103	-0.75024	-0.07861	-0.08365	25.7	null	null	13113	60
2026-05-27T17:17:59.234	WT901BLE68(F3:F0:16:BF:DC:AE)	0.217	0.991	-0.285	15.320	-0.244	-12.451	109.68	0.32	11.88	3.107	31.993	-59.693	-0.65103	-0.75024	-0.07861	-0.08365	25.7	null	null	13113	60
2026-05-27T17:17:59.358	WT901BLE68(F3:F0:16:BF:DC:AE)	-0.151	1.091	-0.282	-7.690	10.315	-21.118	110.57	0.83	12.66	3.107	31.993	-59.693	-0.65103	-0.75024	-0.07861	-0.08365	25.7	null	null	13113	60
2026-05-27T17:17:59.444	WT901BLE68(F3:F0:16:BF:DC:AE)	-0.145	0.914	-0.070	-35.034	10.132	-22.461	106.92	2.08	14.16	6.320	23.993	-76.333	-0.65103	-0.75024	-0.07861	-0.08365	25.7	null	null	13113	60
2026-05-27T17:17:59.562	WT901BLE68(F3:F0:16:BF:DC:AE)	0.107	1.017	-0.273	-34.729	-5.920	-19.592	102.68	4.47	13.79	6.320	23.993	-76.333	-0.65103	-0.75024	-0.07861	-0.08365	25.7	null	null	13113	60
2026-05-27T17:17:59.661	WT901BLE68(F3:F0:16:BF:DC:AE)	-0.052	0.993	-0.364	-19.897	84.351	-15.747	100.68	4.99	17.30	6.320	23.993	-76.333	-0.63190	-0.76395	-0.12256	-0.04431	25.7	null	null	13113	60
2026-05-27T17:17:59.774	WT901BLE68(F3:F0:16:BF:DC:AE)	-0.127	1.024	-0.094	-51.025	92.773	-14.221	98.42	4.49	26.45	6.320	23.993	-76.333	-0.63190	-0.76395	-0.12256	-0.04431	25.7	null	null	13113	60
2026-05-27T17:17:59.867	WT901BLE68(F3:F0:16:BF:DC:AE)	-0.060	1.036	-0.022	-58.655	55.481	-5.615	93.43	4.63	33.60	6.320	23.993	-76.333	-0.63190	-0.76395	-0.12256	-0.04431	25.7	null	null	13113	60
2026-05-27T17:17:59.984	WT901BLE68(F3:F0:16:BF:DC:AE)	-0.002	1.032	-0.049	-73.364	49.500	7.019	87.20	4.45	37.85	6.320	23.993	-76.333	-0.63190	-0.76395	-0.12256	-0.04431	25.7	null	null	13113	60
2026-05-27T17:18:00.041	WT901BLE68(F3:F0:16:BF:DC:AE)	-0.027	0.917	0.013	-53.223	46.570	9.033	81.54	4.27	43.31	6.320	23.993	-76.333	-0.63190	-0.76395	-0.12256	-0.04431	25.7	null	null	13113	60
2026-05-27T17:18:00.166	WT901BLE68(F3:F0:16:BF:DC:AE)	0.045	0.875	0.090	-14.648	23.682	26.794	79.01	2.93	47.36	6.320	23.993	-76.333	-0.63190	-0.76395	-0.12256	-0.04431	25.7	null	null	13113	60
2026-05-27T17:18:00.261	WT901BLE68(F3:F0:16:BF:DC:AE)	0.138	0.864	0.064	18.188	140.198	23.621	79.51	1.40	54.43	6.320	23.993	-76.333	-0.63190	-0.76395	-0.12256	-0.04431	25.7	null	null	13113	60
2026-05-27T17:18:00.372	WT901BLE68(F3:F0:16:BF:DC:AE)	-0.639	1.566	0.092	67.871	228.333	-9.033	84.80	1.44	73.33	30.587	44.027	-6.980	-0.63190	-0.76395	-0.12256	-0.04431	25.7	null	null	13113	60
2026-05-27T17:18:00.463	WT901BLE68(F3:F0:16:BF:DC:AE)	0.114	0.611	-0.511	92.834	9.949	43.457	89.13	3.82	77.33	30.587	44.027	-6.980	-0.63190	-0.76395	-0.12256	-0.04431	25.7	null	null	13113	60
2026-05-27T17:18:00.586	WT901BLE68(F3:F0:16:BF:DC:AE)	0.311	0.941	-0.043	58.716	-18.066	-7.202	93.59	1.55	75.98	30.587	44.027	-6.980	-0.55148	-0.55389	-0.46005	-0.42105	25.7	null	null	13113	60
2026-05-27T17:18:00.644	WT901BLE68(F3:F0:16:BF:DC:AE)	-0.096	0.978	-0.193	29.053	67.505	-4.639	98.90	1.83	82.23	30.587	44.027	-6.980	-0.55148	-0.55389	-0.46005	-0.42105	25.7	null	null	13113	60
2026-05-27T17:18:00.766	WT901BLE68(F3:F0:16:BF:DC:AE)	0.180	0.994	-0.125	24.048	12.024	6.348	101.39	1.14	85.42	30.587	44.027	-6.980	-0.55148	-0.55389	-0.46005	-0.42105	25.7	null	null	13113	60
2026-05-27T17:18:00.859	WT901BLE68(F3:F0:16:BF:DC:AE)	-0.023	0.965	-0.313	18.860	45.410	-7.935	102.99	0.01	91.51	30.587	44.027	-6.980	-0.55148	-0.55389	-0.46005	-0.42105	25.7	null	null	13113	60
2026-05-27T17:18:00.977	WT901BLE68(F3:F0:16:BF:DC:AE)	-0.084	0.965	-0.281	14.709	13.977	1.892	104.53	-0.59	96.73	30.587	44.027	-6.980	-0.55148	-0.55389	-0.46005	-0.42105	25.7	null	null	13113	60
2026-05-27T17:18:01.066	WT901BLE68(F3:F0:16:BF:DC:AE)	0.088	0.995	-0.170	10.925	18.799	-4.395	105.85	-0.79	99.77	30.587	44.027	-6.980	-0.55148	-0.55389	-0.46005	-0.42105	25.7	null	null	13113	60
2026-05-27T17:18:01.184	WT901BLE68(F3:F0:16:BF:DC:AE)	-0.003	0.946	-0.376	16.296	-5.493	-3.418	106.94	-1.03	102.50	30.587	44.027	-6.980	-0.55148	-0.55389	-0.46005	-0.42105	25.7	null	null	13113	60
2026-05-27T17:18:01.272	WT901BLE68(F3:F0:16:BF:DC:AE)	0.066	1.011	-0.195	15.381	26.550	-9.155	108.50	-0.86	105.92	16.180	51.913	1.767	-0.55148	-0.55389	-0.46005	-0.42105	25.7	null	null	13113	60
2026-05-27T17:18:01.394	WT901BLE68(F3:F0:16:BF:DC:AE)	0.025	1.136	-0.095	-27.771	49.194	-13.733	108.35	-1.27	111.47	16.180	51.913	1.767	-0.55148	-0.55389	-0.46005	-0.42105	25.7	null	null	13113	60
2026-05-27T17:18:01.460	WT901BLE68(F3:F0:16:BF:DC:AE)	-0.385	0.929	-0.123	-101.013	-96.008	-58.228	95.09	1.13	120.45	16.180	51.913	1.767	-0.31393	-0.41168	-0.66666	-0.53610	25.7	null	null	13113	60
2026-05-27T17:18:01.574	WT901BLE68(F3:F0:16:BF:DC:AE)	0.421	1.104	-0.438	-19.592	-61.829	17.883	90.30	3.43	112.46	16.180	51.913	1.767	-0.31393	-0.41168	-0.66666	-0.53610	25.7	null	null	13113	60
2026-05-27T17:18:01.663	WT901BLE68(F3:F0:16:BF:DC:AE)	0.180	0.965	-0.135	-35.156	163.818	7.690	88.91	1.57	123.02	16.180	51.913	1.767	-0.31393	-0.41168	-0.66666	-0.53610	25.7	null	null	13113	60
2026-05-27T17:18:01.784	WT901BLE68(F3:F0:16:BF:DC:AE)	-0.160	1.013	0.039	-43.335	199.158	5.737	86.31	1.92	146.51	16.180	51.913	1.767	-0.31393	-0.41168	-0.66666	-0.53610	25.7	null	null	13113	60
2026-05-27T17:18:01.872	WT901BLE68(F3:F0:16:BF:DC:AE)	-0.063	1.006	0.254	-33.203	22.583	17.944	83.41	2.04	160.89	16.180	51.913	1.767	-0.31393	-0.41168	-0.66666	-0.53610	25.7	null	null	13113	60
2026-05-27T17:18:01.998	WT901BLE68(F3:F0:16:BF:DC:AE)	0.171	1.034	0.120	-40.894	52.429	28.625	79.98	-0.29	167.22	16.180	51.913	1.767	-0.31393	-0.41168	-0.66666	-0.53610	25.7	null	null	13113	60
2026-05-27T17:18:02.063	WT901BLE68(F3:F0:16:BF:DC:AE)	0.030	0.880	-0.011	-9.033	99.854	18.005	77.59	-0.97	179.34	16.180	51.913	1.767	-0.31393	-0.41168	-0.66666	-0.53610	25.7	null	null	13113	60
2026-05-27T17:18:02.175	WT901BLE68(F3:F0:16:BF:DC:AE)	-0.095	0.892	0.062	29.114	84.900	5.737	79.00	0.07	-168.56	-36.920	12.040	25.227	-0.31393	-0.41168	-0.66666	-0.53610	25.7	null	null	13113	60
2026-05-27T17:18:02.278	WT901BLE68(F3:F0:16:BF:DC:AE)	-0.038	0.974	0.174	35.767	100.403	10.010	82.83	1.18	-156.81	-36.920	12.040	25.227	-0.31393	-0.41168	-0.66666	-0.53610	25.7	null	null	13113	60
2026-05-27T17:18:02.383	WT901BLE68(F3:F0:16:BF:DC:AE)	-0.475	1.350	0.382	-1.831	-61.707	0.183	86.82	2.24	-149.20	-36.920	12.040	25.227	0.17355	0.17676	-0.65576	-0.71310	25.7	null	null	13113	60
2026-05-27T17:18:02.476	WT901BLE68(F3:F0:16:BF:DC:AE)	0.300	1.001	-0.164	20.142	1.282	24.597	91.27	0.13	-150.99	-36.920	12.040	25.227	0.17355	0.17676	-0.65576	-0.71310	25.7	null	null	13113	60
2026-05-27T17:18:02.592	WT901BLE68(F3:F0:16:BF:DC:AE)	0.125	1.030	-0.074	34.851	94.421	-23.926	94.45	0.87	-142.09	-36.920	12.040	25.227	0.17355	0.17676	-0.65576	-0.71310	25.7	null	null	13113	60
2026-05-27T17:18:02.688	WT901BLE68(F3:F0:16:BF:DC:AE)	-0.167	0.957	-0.104	6.348	16.724	8.850	96.16	0.35	-132.82	-36.920	12.040	25.227	0.17355	0.17676	-0.65576	-0.71310	25.7	null	null	13113	60
2026-05-27T17:18:02.804	WT901BLE68(F3:F0:16:BF:DC:AE)	0.100	0.947	-0.266	14.160	42.786	-0.793	97.13	-0.42	-129.89	-36.920	12.040	25.227	0.17355	0.17676	-0.65576	-0.71310	25.7	null	null	13113	60
2026-05-27T17:18:02.863	WT901BLE68(F3:F0:16:BF:DC:AE)	-0.098	0.989	-0.318	19.958	31.433	-8.911	98.89	-0.45	-123.32	-36.920	12.040	25.227	0.17355	0.17676	-0.65576	-0.71310	25.7	null	null	13113	60
2026-05-27T17:18:03.013	WT901BLE68(F3:F0:16:BF:DC:AE)	-0.032	0.934	-0.318	36.316	-11.353	-11.597	101.82	0.31	-120.09	-36.920	12.040	25.227	0.17355	0.17676	-0.65576	-0.71310	25.7	null	null	13113	60
2026-05-27T17:18:03.075	WT901BLE68(F3:F0:16:BF:DC:AE)	0.066	0.991	-0.120	28.931	10.559	-22.644	105.19	1.82	-116.70	-58.247	23.460	-7.913	0.17355	0.17676	-0.65576	-0.71310	25.7	null	null	13113	60
2026-05-27T17:18:03.194	WT901BLE68(F3:F0:16:BF:DC:AE)	0.018	1.050	-0.044	14.771	1.221	-29.297	107.89	3.92	-113.92	-58.247	23.460	-7.913	0.17355	0.17676	-0.65576	-0.71310	25.7	null	null	13113	60
2026-05-27T17:18:03.283	WT901BLE68(F3:F0:16:BF:DC:AE)	-0.086	1.251	-0.233	2.014	15.991	-20.569	108.69	5.97	-111.86	-58.247	23.460	-7.913	0.28867	0.47372	-0.65924	-0.50748	25.7	null	null	13113	60
2026-05-27T17:18:03.411	WT901BLE68(F3:F0:16:BF:DC:AE)	0.024	0.985	0.065	-96.619	22.156	-10.071	102.20	7.39	-108.29	-58.247	23.460	-7.913	0.28867	0.47372	-0.65924	-0.50748	25.7	null	null	13113	60
2026-05-27T17:18:03.462	WT901BLE68(F3:F0:16:BF:DC:AE)	-0.094	0.991	-0.225	-34.546	2.502	9.094	95.19	6.63	-105.38	-58.247	23.460	-7.913	0.28867	0.47372	-0.65924	-0.50748	25.7	null	null	13113	60
2026-05-27T17:18:03.583	WT901BLE68(F3:F0:16:BF:DC:AE)	0.208	0.992	-0.211	-40.833	99.792	41.443	91.78	3.60	-100.50	-58.247	23.460	-7.913	0.28867	0.47372	-0.65924	-0.50748	25.7	null	null	13113	60
2026-05-27T17:18:03.674	WT901BLE68(F3:F0:16:BF:DC:AE)	-0.153	1.029	-0.075	-56.396	88.806	21.973	87.48	0.68	-89.33	-58.247	23.460	-7.913	0.28867	0.47372	-0.65924	-0.50748	25.7	null	null	13113	60
2026-05-27T17:18:03.794	WT901BLE68(F3:F0:16:BF:DC:AE)	-0.293	0.892	-0.034	-35.583	30.579	22.644	83.51	-0.70	-82.06	-58.247	23.460	-7.913	0.28867	0.47372	-0.65924	-0.50748	25.7	null	null	13113	60
2026-05-27T17:18:03.885	WT901BLE68(F3:F0:16:BF:DC:AE)	-0.001	0.899	0.020	2.136	-27.222	24.902	83.16	-2.76	-83.61	-58.247	23.460	-7.913	0.28867	0.47372	-0.65924	-0.50748	25.7	null	null	13113	60
2026-05-27T17:18:04.002	WT901BLE68(F3:F0:16:BF:DC:AE)	0.000	0.874	0.181	13.367	80.444	19.531	83.92	-4.48	-80.24	-61.947	23.200	-8.860	0.28867	0.47372	-0.65924	-0.50748	25.7	null	null	13113	60
2026-05-27T17:18:04.094	WT901BLE68(F3:F0:16:BF:DC:AE)	-0.291	1.056	-0.117	54.504	40.527	-11.047	86.78	-3.53	-74.25	-61.947	23.200	-8.860	0.28867	0.47372	-0.65924	-0.50748	25.7	null	null	13113	60
2026-05-27T17:18:04.214	WT901BLE68(F3:F0:16:BF:DC:AE)	-0.653	0.768	-0.317	59.082	-62.256	-5.127	91.66	-2.05	-71.98	-61.947	23.200	-8.860	0.57977	0.56345	-0.42706	-0.40485	25.7	null	null	13113	60
2026-05-27T17:18:04.272	WT901BLE68(F3:F0:16:BF:DC:AE)	0.183	0.994	0.035	27.039	24.231	5.310	94.88	-2.19	-75.62	-61.947	23.200	-8.860	0.57977	0.56345	-0.42706	-0.40485	25.7	null	null	13113	60
2026-05-27T17:18:04.400	WT901BLE68(F3:F0:16:BF:DC:AE)	0.000	0.965	-0.147	31.250	47.852	-7.935	98.10	-1.68	-71.52	-61.947	23.200	-8.860	0.57977	0.56345	-0.42706	-0.40485	25.7	null	null	13113	60
2026-05-27T17:18:04.482	WT901BLE68(F3:F0:16:BF:DC:AE)	0.040	0.946	-0.229	18.311	-15.320	5.981	99.89	-1.83	-70.69	-61.947	23.200	-8.860	0.57977	0.56345	-0.42706	-0.40485	25.7	null	null	13113	60
2026-05-27T17:18:04.607	WT901BLE68(F3:F0:16:BF:DC:AE)	0.105	0.958	-0.265	23.804	19.287	-11.292	102.22	-1.55	-70.95	-61.947	23.200	-8.860	0.57977	0.56345	-0.42706	-0.40485	25.7	null	null	13113	60
2026-05-27T17:18:04.695	WT901BLE68(F3:F0:16:BF:DC:AE)	-0.030	0.939	-0.326	30.212	7.080	-17.212	104.74	-0.68	-68.43	-61.947	23.200	-8.860	0.57977	0.56345	-0.42706	-0.40485	25.7	null	null	13113	60
2026-05-27T17:18:04.816	WT901BLE68(F3:F0:16:BF:DC:AE)	0.029	1.000	-0.271	21.667	-9.888	-18.677	107.51	0.97	-68.15	-61.947	23.200	-8.860	0.57977	0.56345	-0.42706	-0.40485	25.7	null	null	13113	60
2026-05-27T17:18:04.871	WT901BLE68(F3:F0:16:BF:DC:AE)	0.076	0.995	-0.149	15.747	6.592	-19.409	109.18	2.83	-68.07	-67.540	21.093	-31.647	0.57977	0.56345	-0.42706	-0.40485	25.7	null	null	13113	60
2026-05-27T17:18:04.997	WT901BLE68(F3:F0:16:BF:DC:AE)	0.100	1.027	-0.108	7.202	-2.686	-21.362	110.14	4.49	-67.29	-67.540	21.093	-31.647	0.57977	0.56345	-0.42706	-0.40485	25.7	null	null	13113	60
2026-05-27T17:18:05.080	WT901BLE68(F3:F0:16:BF:DC:AE)	-0.474	0.821	0.158	-199.097	26.245	-14.709	105.99	5.00	-65.56	-67.540	21.093	-31.647	0.46057	0.69644	-0.42804	-0.34570	25.7	null	null	13113	60
2026-05-27T17:18:05.206	WT901BLE68(F3:F0:16:BF:DC:AE)	-0.050	1.052	-0.414	-68.542	-43.274	25.024	94.63	5.87	-69.35	-67.540	21.093	-31.647	0.46057	0.69644	-0.42804	-0.34570	25.7	null	null	13113	60
2026-05-27T17:18:05.294	WT901BLE68(F3:F0:16:BF:DC:AE)	-0.052	0.961	-0.438	-43.457	6.287	44.617	89.82	2.54	-70.66	-67.540	21.093	-31.647	0.46057	0.69644	-0.42804	-0.34570	25.7	null	null	13113	60
2026-05-27T17:18:05.418	WT901BLE68(F3:F0:16:BF:DC:AE)	-0.226	0.672	-0.480	10.864	44.739	12.390	88.52	-0.59	-67.73	-67.540	21.093	-31.647	0.46057	0.69644	-0.42804	-0.34570	25.7	null	null	13113	60
2026-05-27T17:18:05.504	WT901BLE68(F3:F0:16:BF:DC:AE)	-0.247	1.239	0.125	-14.343	104.675	14.771	92.38	-0.52	-61.27	-67.540	21.093	-31.647	0.46057	0.69644	-0.42804	-0.34570	25.7	null	null	13113	60
2026-05-27T17:18:05.628	WT901BLE68(F3:F0:16:BF:DC:AE)	0.252	1.227	-0.039	14.771	-7.996	-74.646	93.61	-0.18	-62.91	-67.540	21.093	-31.647	0.46057	0.69644	-0.42804	-0.34570	25.7	null	null	13113	60
2026-05-27T17:18:05.682	WT901BLE68(F3:F0:16:BF:DC:AE)	-0.127	1.079	-0.064	-2.808	-14.099	-1.709	94.78	0.38	-59.39	-67.540	21.093	-31.647	0.46057	0.69644	-0.42804	-0.34570	25.7	null	null	13113	60
2026-05-27T17:18:05.806	WT901BLE68(F3:F0:16:BF:DC:AE)	0.037	1.041	-0.047	12.390	13.794	-3.540	95.36	1.42	-59.72	-66.120	23.700	-31.207	0.46057	0.69644	-0.42804	-0.34570	25.7	null	null	13113	60
2026-05-27T17:18:05.895	WT901BLE68(F3:F0:16:BF:DC:AE)	-0.139	0.989	-0.123	-2.319	-5.432	-4.822	95.34	1.63	-59.22	-66.120	23.700	-31.207	0.46057	0.69644	-0.42804	-0.34570	25.7	null	null	13113	60
2026-05-27T17:18:06.015	WT901BLE68(F3:F0:16:BF:DC:AE)	-0.092	1.014	-0.142	8.362	10.315	-2.380	96.38	2.05	-59.28	-66.120	23.700	-31.207	0.57538	0.64902	-0.35876	-0.34479	25.7	null	null	13113	60
2026-05-27T17:18:06.103	WT901BLE68(F3:F0:16:BF:DC:AE)	-0.051	1.008	-0.112	15.381	9.521	-3.662	97.51	2.47	-59.01	-66.120	23.700	-31.207	0.57538	0.64902	-0.35876	-0.34479	25.7	null	null	13113	60
2026-05-27T17:18:06.227	WT901BLE68(F3:F0:16:BF:DC:AE)	-0.033	1.019	-0.055	6.714	1.465	-4.211	98.39	2.87	-58.79	-66.120	23.700	-31.207	0.57538	0.64902	-0.35876	-0.34479	25.7	null	null	13113	60
2026-05-27T17:18:06.284	WT901BLE68(F3:F0:16:BF:DC:AE)	-0.073	0.998	-0.103	-2.441	-0.610	-1.892	98.33	3.07	-58.73	-66.120	23.700	-31.207	0.57538	0.64902	-0.35876	-0.34479	25.7	null	null	13113	60
2026-05-27T17:18:06.405	WT901BLE68(F3:F0:16:BF:DC:AE)	-0.064	0.977	-0.147	-0.916	0.061	-2.014	98.04	3.26	-59.06	-66.120	23.700	-31.207	0.57538	0.64902	-0.35876	-0.34479	25.7	null	null	13113	60
2026-05-27T17:18:06.496	WT901BLE68(F3:F0:16:BF:DC:AE)	-0.062	0.995	-0.123	0.610	1.465	-1.221	98.01	3.42	-59.20	-66.120	23.700	-31.207	0.57538	0.64902	-0.35876	-0.34479	25.7	null	null	13113	60
2026-05-27T17:18:06.613	WT901BLE68(F3:F0:16:BF:DC:AE)	-0.092	0.981	-0.138	0.610	-0.305	-0.977	97.97	3.55	-59.35	-66.120	23.700	-31.207	0.57538	0.64902	-0.35876	-0.34479	25.7	null	null	13113	60
2026-05-27T17:18:06.704	WT901BLE68(F3:F0:16:BF:DC:AE)	-0.071	0.997	-0.126	0.671	-2.625	0.061	98.06	3.67	-59.89	-68.100	21.333	-35.580	0.57538	0.64902	-0.35876	-0.34479	25.7	null	null	13113	60
2026-05-27T17:18:06.820	WT901BLE68(F3:F0:16:BF:DC:AE)	-0.065	0.988	-0.130	0.549	-0.549	0.366	98.06	3.72	-60.29	-68.100	21.333	-35.580	0.57538	0.64902	-0.35876	-0.34479	25.7	null	null	13113	60
2026-05-27T17:18:06.913	WT901BLE68(F3:F0:16:BF:DC:AE)	-0.070	0.993	-0.133	1.221	-0.366	0.122	98.06	3.72	-60.63	-68.100	21.333	-35.580	0.55383	0.66266	-0.36157	-0.35117	25.7	null	null	13113	60
