time	DeviceName	AccX(g)	AccY(g)	AccZ(g)	AsX(°/s)	AsY(°/s)	AsZ(°/s)	AngleX(°)	AngleY(°)	AngleZ(°)	HX(uT)	HY(uT)	HZ(uT)	Q0()	Q1()	Q2()	Q3()	Temperature(°C)	Height(m)	Pressure(kPa)	Version()	Battery level(%)
2026-05-27T17:12:51.924	WT901BLE68(F3:F0:16:BF:DC:AE)	0.693	0.664	0.531	-2.197	11.230	-0.549	53.45	-43.41	-35.06	-13.107	42.067	-17.673	0.83307	0.29330	-0.45859	-0.09769	25.9	null	null	13113	60
2026-05-27T17:12:52.034	WT901BLE68(F3:F0:16:BF:DC:AE)	0.709	0.731	0.528	-1.526	0.549	-1.404	52.89	-42.48	-34.56	-13.107	42.067	-17.673	0.84305	0.29874	-0.43756	-0.09189	25.9	null	null	13113	60
2026-05-27T17:12:52.123	WT901BLE68(F3:F0:16:BF:DC:AE)	0.598	0.748	0.617	-22.217	2.441	-7.935	51.88	-42.13	-34.67	-13.107	42.067	-17.673	0.84305	0.29874	-0.43756	-0.09189	25.9	null	null	13113	60
2026-05-27T17:12:52.242	WT901BLE68(F3:F0:16:BF:DC:AE)	0.570	0.764	0.550	-44.250	7.996	-25.452	49.11	-40.10	-35.67	-13.107	42.067	-17.673	0.84305	0.29874	-0.43756	-0.09189	25.9	null	null	13113	60
2026-05-27T17:12:52.299	WT901BLE68(F3:F0:16:BF:DC:AE)	0.522	0.749	0.523	-53.894	15.442	-47.729	45.85	-36.45	-37.76	-13.107	42.067	-17.673	0.84305	0.29874	-0.43756	-0.09189	25.9	null	null	13113	60
2026-05-27T17:12:52.423	WT901BLE68(F3:F0:16:BF:DC:AE)	0.340	0.800	0.480	-71.533	-2.869	-84.656	42.65	-30.70	-42.29	-13.107	42.067	-17.673	0.84305	0.29874	-0.43756	-0.09189	25.9	null	null	13113	60
2026-05-27T17:12:52.510	WT901BLE68(F3:F0:16:BF:DC:AE)	0.310	0.857	0.468	-78.125	-23.499	-121.521	40.86	-25.44	-53.09	-13.107	42.067	-17.673	0.84305	0.29874	-0.43756	-0.09189	25.9	null	null	13113	60
2026-05-27T17:12:52.632	WT901BLE68(F3:F0:16:BF:DC:AE)	0.268	0.917	0.471	-62.988	7.813	-164.551	39.39	-17.63	-66.36	-13.107	42.067	-17.673	0.84305	0.29874	-0.43756	-0.09189	25.9	null	null	13113	60
2026-05-27T17:12:52.721	WT901BLE68(F3:F0:16:BF:DC:AE)	0.580	0.760	0.447	-14.099	-32.227	-171.448	39.84	-8.82	-82.10	-43.853	29.647	5.147	0.84305	0.29874	-0.43756	-0.09189	25.9	null	null	13113	60
2026-05-27T17:12:52.841	WT901BLE68(F3:F0:16:BF:DC:AE)	0.643	0.446	0.738	34.546	67.993	-85.571	42.51	-1.07	-91.47	-43.853	29.647	5.147	0.84305	0.29874	-0.43756	-0.09189	25.9	null	null	13113	60
2026-05-27T17:12:52.901	WT901BLE68(F3:F0:16:BF:DC:AE)	0.274	0.421	0.894	34.790	27.466	-17.822	46.33	4.87	-90.87	-43.853	29.647	5.147	0.63702	0.28394	-0.25452	-0.66983	25.9	null	null	13113	60
2026-05-27T17:12:53.023	WT901BLE68(F3:F0:16:BF:DC:AE)	0.112	0.464	0.762	13.672	17.578	9.949	47.91	5.52	-88.30	-43.853	29.647	5.147	0.63702	0.28394	-0.25452	-0.66983	25.9	null	null	13113	60
2026-05-27T17:12:53.110	WT901BLE68(F3:F0:16:BF:DC:AE)	-0.360	0.716	1.315	-22.339	66.101	44.434	47.80	6.00	-82.23	-43.853	29.647	5.147	0.63702	0.28394	-0.25452	-0.66983	25.9	null	null	13113	60
2026-05-27T17:12:53.236	WT901BLE68(F3:F0:16:BF:DC:AE)	-0.128	0.804	0.632	47.180	137.085	78.430	48.50	6.19	-71.64	-43.853	29.647	5.147	0.63702	0.28394	-0.25452	-0.66983	25.9	null	null	13113	60
2026-05-27T17:12:53.321	WT901BLE68(F3:F0:16:BF:DC:AE)	-0.228	1.012	0.476	6.287	46.875	45.166	53.53	7.39	-59.44	-43.853	29.647	5.147	0.63702	0.28394	-0.25452	-0.66983	25.9	null	null	13113	60
2026-05-27T17:12:53.443	WT901BLE68(F3:F0:16:BF:DC:AE)	-0.068	0.962	0.840	-36.377	57.068	82.214	53.97	6.48	-51.54	-43.853	29.647	5.147	0.63702	0.28394	-0.25452	-0.66983	25.9	null	null	13113	60
2026-05-27T17:12:53.531	WT901BLE68(F3:F0:16:BF:DC:AE)	-0.153	0.669	0.436	-22.156	43.701	77.576	50.59	0.90	-44.47	-43.853	29.647	5.147	0.63702	0.28394	-0.25452	-0.66983	25.9	null	null	13113	60
2026-05-27T17:12:53.651	WT901BLE68(F3:F0:16:BF:DC:AE)	-0.198	1.166	0.427	-12.207	54.443	-7.813	50.17	1.61	-42.32	-54.607	31.240	-24.487	0.63702	0.28394	-0.25452	-0.66983	25.9	null	null	13113	60
2026-05-27T17:12:53.711	WT901BLE68(F3:F0:16:BF:DC:AE)	-0.096	0.711	0.761	3.845	10.437	-5.371	49.97	2.52	-42.95	-54.607	31.240	-24.487	0.63702	0.28394	-0.25452	-0.66983	25.9	null	null	13113	60
2026-05-27T17:12:53.833	WT901BLE68(F3:F0:16:BF:DC:AE)	-0.202	0.765	0.606	3.113	-49.316	-33.447	50.32	3.00	-46.41	-54.607	31.240	-24.487	0.83896	0.40143	-0.13492	-0.34161	25.9	null	null	13113	60
2026-05-27T17:12:53.922	WT901BLE68(F3:F0:16:BF:DC:AE)	-0.163	0.750	0.583	17.761	-40.405	-40.405	51.18	3.44	-52.89	-54.607	31.240	-24.487	0.83896	0.40143	-0.13492	-0.34161	25.9	null	null	13113	60
2026-05-27T17:12:54.043	WT901BLE68(F3:F0:16:BF:DC:AE)	-0.031	0.854	0.650	19.287	-98.206	-50.903	52.94	2.45	-62.23	-54.607	31.240	-24.487	0.83896	0.40143	-0.13492	-0.34161	25.9	null	null	13113	60
2026-05-27T17:12:54.134	WT901BLE68(F3:F0:16:BF:DC:AE)	0.109	0.838	0.496	6.287	-71.533	-60.059	54.06	0.34	-74.60	-54.607	31.240	-24.487	0.83896	0.40143	-0.13492	-0.34161	25.9	null	null	13113	60
2026-05-27T17:12:54.257	WT901BLE68(F3:F0:16:BF:DC:AE)	0.004	0.786	0.581	27.222	-43.640	-56.396	55.76	1.83	-81.90	-54.607	31.240	-24.487	0.83896	0.40143	-0.13492	-0.34161	25.9	null	null	13113	60
2026-05-27T17:12:54.313	WT901BLE68(F3:F0:16:BF:DC:AE)	0.014	0.912	0.333	15.015	-26.733	-42.603	57.71	4.45	-85.87	-54.607	31.240	-24.487	0.83896	0.40143	-0.13492	-0.34161	25.9	null	null	13113	60
2026-05-27T17:12:54.433	WT901BLE68(F3:F0:16:BF:DC:AE)	0.049	0.866	0.484	6.409	-13.611	-11.658	58.67	5.79	-88.09	-54.607	31.240	-24.487	0.83896	0.40143	-0.13492	-0.34161	25.9	null	null	13113	60
2026-05-27T17:12:54.521	WT901BLE68(F3:F0:16:BF:DC:AE)	-0.265	0.832	0.791	-10.010	-11.780	-25.818	58.50	6.88	-90.42	-66.540	18.387	-13.980	0.83896	0.40143	-0.13492	-0.34161	25.9	null	null	13113	60
2026-05-27T17:12:54.669	WT901BLE68(F3:F0:16:BF:DC:AE)	-0.147	0.731	0.575	-20.569	-40.588	-27.100	56.06	8.22	-92.68	-66.540	18.387	-13.980	0.83896	0.40143	-0.13492	-0.34161	25.9	null	null	13113	60
2026-05-27T17:12:54.729	WT901BLE68(F3:F0:16:BF:DC:AE)	0.165	0.763	1.351	-31.738	-24.292	7.141	52.86	7.53	-95.16	-66.540	18.387	-13.980	0.57925	0.35211	-0.28806	-0.67630	25.9	null	null	13113	60
2026-05-27T17:12:54.854	WT901BLE68(F3:F0:16:BF:DC:AE)	-0.235	0.849	0.624	-22.827	-25.208	19.653	49.72	4.59	-95.20	-66.540	18.387	-13.980	0.57925	0.35211	-0.28806	-0.67630	25.9	null	null	13113	60
2026-05-27T17:12:54.941	WT901BLE68(F3:F0:16:BF:DC:AE)	-0.143	0.844	0.606	2.869	-18.433	14.221	49.07	2.13	-94.60	-66.540	18.387	-13.980	0.57925	0.35211	-0.28806	-0.67630	25.9	null	null	13113	60
2026-05-27T17:12:55.065	WT901BLE68(F3:F0:16:BF:DC:AE)	0.033	0.739	0.564	0.122	4.761	25.269	49.48	0.43	-92.73	-66.540	18.387	-13.980	0.57925	0.35211	-0.28806	-0.67630	25.9	null	null	13113	60
2026-05-27T17:12:55.124	WT901BLE68(F3:F0:16:BF:DC:AE)	-0.011	0.793	0.670	-5.737	-5.005	5.920	49.09	-0.57	-91.19	-66.540	18.387	-13.980	0.57925	0.35211	-0.28806	-0.67630	25.9	null	null	13113	60
2026-05-27T17:12:55.245	WT901BLE68(F3:F0:16:BF:DC:AE)	-0.039	0.726	0.599	-0.854	3.784	4.089	48.67	-0.82	-90.12	-66.540	18.387	-13.980	0.57925	0.35211	-0.28806	-0.67630	25.9	null	null	13113	60
2026-05-27T17:12:55.333	WT901BLE68(F3:F0:16:BF:DC:AE)	-0.027	0.725	0.780	-4.517	4.395	-3.723	48.58	0.00	-88.47	-66.540	18.387	-13.980	0.57925	0.35211	-0.28806	-0.67630	25.9	null	null	13113	60
2026-05-27T17:12:55.453	WT901BLE68(F3:F0:16:BF:DC:AE)	-0.022	0.708	0.577	-5.615	-10.864	-10.010	48.23	0.77	-87.30	-61.147	17.767	-3.953	0.57925	0.35211	-0.28806	-0.67630	25.9	null	null	13113	60
2026-05-27T17:12:55.541	WT901BLE68(F3:F0:16:BF:DC:AE)	0.007	0.721	0.616	3.784	-4.333	-8.972	48.13	1.12	-87.59	-61.147	17.767	-3.953	0.57925	0.35211	-0.28806	-0.67630	25.9	null	null	13113	60
2026-05-27T17:12:55.663	WT901BLE68(F3:F0:16:BF:DC:AE)	-0.061	0.774	0.663	17.151	-27.466	-17.456	49.10	1.30	-88.03	-61.147	17.767	-3.953	0.65552	0.30206	-0.27603	-0.63461	25.9	null	null	13113	60
2026-05-27T17:12:55.725	WT901BLE68(F3:F0:16:BF:DC:AE)	-0.127	0.776	0.600	25.696	18.616	-8.850	51.65	0.84	-90.25	-61.147	17.767	-3.953	0.65552	0.30206	-0.27603	-0.63461	25.9	null	null	13113	60
2026-05-27T17:12:55.845	WT901BLE68(F3:F0:16:BF:DC:AE)	0.033	0.841	0.562	2.502	-16.174	-10.803	52.90	1.18	-90.69	-61.147	17.767	-3.953	0.65552	0.30206	-0.27603	-0.63461	25.9	null	null	13113	60
2026-05-27T17:12:55.930	WT901BLE68(F3:F0:16:BF:DC:AE)	-0.124	0.740	0.550	-1.404	-22.583	-2.747	52.93	0.49	-91.40	-61.147	17.767	-3.953	0.65552	0.30206	-0.27603	-0.63461	25.9	null	null	13113	60
2026-05-27T17:12:56.053	WT901BLE68(F3:F0:16:BF:DC:AE)	-0.029	0.759	0.613	-16.052	-26.733	1.038	51.93	-0.73	-91.85	-61.147	17.767	-3.953	0.65552	0.30206	-0.27603	-0.63461	25.9	null	null	13113	60
2026-05-27T17:12:56.144	WT901BLE68(F3:F0:16:BF:DC:AE)	0.000	0.706	0.533	-16.357	-8.118	11.902	50.10	-2.00	-91.55	-61.147	17.767	-3.953	0.65552	0.30206	-0.27603	-0.63461	25.9	null	null	13113	60
2026-05-27T17:12:56.261	WT901BLE68(F3:F0:16:BF:DC:AE)	0.072	0.757	0.764	-21.484	9.155	21.240	48.29	-2.87	-89.32	-61.147	17.767	-3.953	0.65552	0.30206	-0.27603	-0.63461	25.9	null	null	13113	60
2026-05-27T17:12:56.319	WT901BLE68(F3:F0:16:BF:DC:AE)	-0.024	0.673	0.692	-23.621	-8.423	26.062	46.00	-4.75	-87.29	-56.407	19.047	-1.667	0.65552	0.30206	-0.27603	-0.63461	25.9	null	null	13113	60
2026-05-27T17:12:56.473	WT901BLE68(F3:F0:16:BF:DC:AE)	0.029	0.719	0.690	2.441	-21.362	14.893	45.19	-6.80	-85.76	-56.407	19.047	-1.667	0.65552	0.30206	-0.27603	-0.63461	25.9	null	null	13113	60
2026-05-27T17:12:56.533	WT901BLE68(F3:F0:16:BF:DC:AE)	0.077	0.753	0.672	15.747	13.916	17.395	46.66	-7.91	-84.25	-56.407	19.047	-1.667	0.69339	0.24487	-0.31042	-0.60229	25.9	null	null	13113	60
2026-05-27T17:12:56.685	WT901BLE68(F3:F0:16:BF:DC:AE)	0.201	0.740	0.672	3.357	7.019	-2.441	47.19	-7.32	-82.52	-56.407	19.047	-1.667	0.69339	0.24487	-0.31042	-0.60229	25.9	null	null	13113	60
2026-05-27T17:12:56.744	WT901BLE68(F3:F0:16:BF:DC:AE)	0.119	0.723	0.701	7.813	10.437	0.000	47.88	-6.74	-81.39	-56.407	19.047	-1.667	0.69339	0.24487	-0.31042	-0.60229	25.9	null	null	13113	60
2026-05-27T17:12:56.867	WT901BLE68(F3:F0:16:BF:DC:AE)	0.017	0.699	0.773	-2.563	2.991	-9.277	48.03	-6.22	-80.67	-56.407	19.047	-1.667	0.69339	0.24487	-0.31042	-0.60229	25.9	null	null	13113	60
2026-05-27T17:12:56.952	WT901BLE68(F3:F0:16:BF:DC:AE)	-0.021	0.748	0.833	-1.587	3.296	-14.832	47.89	-5.16	-80.53	-56.407	19.047	-1.667	0.69339	0.24487	-0.31042	-0.60229	25.9	null	null	13113	60
2026-05-27T17:12:57.075	WT901BLE68(F3:F0:16:BF:DC:AE)	0.072	0.661	0.654	-2.869	3.906	-24.597	47.64	-4.01	-81.92	-56.407	19.047	-1.667	0.69339	0.24487	-0.31042	-0.60229	25.9	null	null	13113	60
2026-05-27T17:12:57.133	WT901BLE68(F3:F0:16:BF:DC:AE)	0.125	0.764	0.625	8.972	24.475	-24.963	47.89	-0.94	-81.54	-56.407	19.047	-1.667	0.69339	0.24487	-0.31042	-0.60229	25.9	null	null	13113	60
2026-05-27T17:12:57.253	WT901BLE68(F3:F0:16:BF:DC:AE)	0.001	0.765	0.468	23.499	6.836	-28.931	49.35	2.26	-81.27	-55.533	20.740	-6.360	0.69339	0.24487	-0.31042	-0.60229	25.9	null	null	13113	60
2026-05-27T17:12:57.343	WT901BLE68(F3:F0:16:BF:DC:AE)	-0.031	0.813	0.421	19.897	24.414	-16.846	52.00	5.48	-79.34	-55.533	20.740	-6.360	0.69339	0.24487	-0.31042	-0.60229	25.9	null	null	13113	60
2026-05-27T17:12:57.464	WT901BLE68(F3:F0:16:BF:DC:AE)	-0.074	0.749	0.421	14.893	11.414	-10.010	53.56	7.23	-79.01	-55.533	20.740	-6.360	0.67606	0.37012	-0.24390	-0.58853	25.9	null	null	13113	60
2026-05-27T17:12:57.554	WT901BLE68(F3:F0:16:BF:DC:AE)	-0.176	0.709	0.509	0.793	-0.427	-7.507	54.40	8.14	-78.56	-55.533	20.740	-6.360	0.67606	0.37012	-0.24390	-0.58853	25.9	null	null	13113	60
2026-05-27T17:12:57.672	WT901BLE68(F3:F0:16:BF:DC:AE)	-0.115	0.786	0.670	-14.099	-14.771	-6.287	53.41	8.61	-78.78	-55.533	20.740	-6.360	0.67606	0.37012	-0.24390	-0.58853	25.9	null	null	13113	60
2026-05-27T17:12:57.764	WT901BLE68(F3:F0:16:BF:DC:AE)	-0.162	0.740	0.517	-16.418	0.610	7.019	52.13	8.83	-78.42	-55.533	20.740	-6.360	0.67606	0.37012	-0.24390	-0.58853	25.9	null	null	13113	60
2026-05-27T17:12:57.884	WT901BLE68(F3:F0:16:BF:DC:AE)	-0.097	0.826	0.676	-18.799	-7.202	11.169	50.52	8.04	-77.62	-55.533	20.740	-6.360	0.67606	0.37012	-0.24390	-0.58853	25.9	null	null	13113	60
2026-05-27T17:12:57.973	WT901BLE68(F3:F0:16:BF:DC:AE)	-0.302	0.733	0.592	-8.667	8.118	22.095	49.12	6.78	-75.90	-55.533	20.740	-6.360	0.67606	0.37012	-0.24390	-0.58853	25.9	null	null	13113	60
2026-05-27T17:12:58.064	WT901BLE68(F3:F0:16:BF:DC:AE)	-0.251	0.810	0.542	15.198	3.052	27.527	50.42	5.42	-72.41	-55.533	20.740	-6.360	0.67606	0.37012	-0.24390	-0.58853	25.9	null	null	13113	60
2026-05-27T17:12:58.154	WT901BLE68(F3:F0:16:BF:DC:AE)	-0.168	0.762	0.632	6.470	0.244	10.864	51.48	4.30	-70.87	-56.947	21.787	-11.633	0.67606	0.37012	-0.24390	-0.58853	25.9	null	null	13113	60
2026-05-27T17:12:58.273	WT901BLE68(F3:F0:16:BF:DC:AE)	-0.112	0.796	0.685	2.075	0.061	9.277	52.37	4.20	-69.14	-56.947	21.787	-11.633	0.67606	0.37012	-0.24390	-0.58853	25.9	null	null	13113	60
2026-05-27T17:12:58.363	WT901BLE68(F3:F0:16:BF:DC:AE)	-0.076	0.778	0.606	-4.333	-48.706	-5.005	52.19	3.00	-69.94	-56.947	21.787	-11.633	0.73080	0.38181	-0.22394	-0.51950	25.9	null	null	13113	60
2026-05-27T17:12:58.484	WT901BLE68(F3:F0:16:BF:DC:AE)	0.031	0.746	0.621	-4.456	-31.372	-12.329	51.45	1.22	-73.21	-56.947	21.787	-11.633	0.73080	0.38181	-0.22394	-0.51950	25.9	null	null	13113	60
2026-05-27T17:12:58.541	WT901BLE68(F3:F0:16:BF:DC:AE)	-0.063	0.751	0.562	-0.549	-16.113	-27.100	51.22	1.55	-75.70	-56.947	21.787	-11.633	0.73080	0.38181	-0.22394	-0.51950	25.9	null	null	13113	60
2026-05-27T17:12:58.665	WT901BLE68(F3:F0:16:BF:DC:AE)	0.166	0.805	0.625	7.141	-27.405	-24.048	51.36	2.37	-78.60	-56.947	21.787	-11.633	0.73080	0.38181	-0.22394	-0.51950	25.9	null	null	13113	60
2026-05-27T17:12:58.752	WT901BLE68(F3:F0:16:BF:DC:AE)	0.085	0.830	0.532	29.968	-32.166	-35.339	53.00	2.29	-82.43	-56.947	21.787	-11.633	0.73080	0.38181	-0.22394	-0.51950	25.9	null	null	13113	60
2026-05-27T17:12:58.874	WT901BLE68(F3:F0:16:BF:DC:AE)	-0.167	0.819	0.496	29.724	-5.188	-21.912	56.68	2.53	-85.79	-56.947	21.787	-11.633	0.73080	0.38181	-0.22394	-0.51950	25.9	null	null	13113	60
2026-05-27T17:12:58.962	WT901BLE68(F3:F0:16:BF:DC:AE)	-0.043	0.864	0.592	6.531	-41.870	-13.794	58.63	3.13	-87.24	-56.947	21.787	-11.633	0.73080	0.38181	-0.22394	-0.51950	25.9	null	null	13113	60
2026-05-27T17:12:59.082	WT901BLE68(F3:F0:16:BF:DC:AE)	-0.117	0.827	0.662	6.287	-45.593	-14.954	58.58	2.09	-90.90	-58.747	20.487	-9.267	0.73080	0.38181	-0.22394	-0.51950	25.9	null	null	13113	60
2026-05-27T17:12:59.174	WT901BLE68(F3:F0:16:BF:DC:AE)	-0.169	0.833	0.529	-8.606	-37.354	-12.817	58.18	1.87	-92.86	-58.747	20.487	-9.267	0.73080	0.38181	-0.22394	-0.51950	25.9	null	null	13113	60
2026-05-27T17:12:59.294	WT901BLE68(F3:F0:16:BF:DC:AE)	-0.198	0.827	0.556	-17.578	-37.109	-10.559	56.46	1.09	-95.49	-58.747	20.487	-9.267	0.59262	0.33752	-0.34381	-0.64542	25.9	null	null	13113	60
2026-05-27T17:12:59.361	WT901BLE68(F3:F0:16:BF:DC:AE)	-0.187	0.775	0.476	-20.935	-21.057	-2.747	54.91	0.94	-95.80	-58.747	20.487	-9.267	0.59262	0.33752	-0.34381	-0.64542	25.9	null	null	13113	60
2026-05-27T17:12:59.476	WT901BLE68(F3:F0:16:BF:DC:AE)	0.012	0.633	0.412	-21.545	-22.644	1.648	52.58	-0.16	-96.23	-58.747	20.487	-9.267	0.59262	0.33752	-0.34381	-0.64542	25.9	null	null	13113	60
2026-05-27T17:12:59.562	WT901BLE68(F3:F0:16:BF:DC:AE)	-0.028	0.880	0.711	2.075	-32.654	-15.625	51.64	-0.97	-97.34	-58.747	20.487	-9.267	0.59262	0.33752	-0.34381	-0.64542	25.9	null	null	13113	60
2026-05-27T17:12:59.685	WT901BLE68(F3:F0:16:BF:DC:AE)	0.091	0.818	0.374	25.330	-25.391	-18.616	53.28	-1.08	-99.51	-58.747	20.487	-9.267	0.59262	0.33752	-0.34381	-0.64542	25.9	null	null	13113	60
2026-05-27T17:12:59.805	WT901BLE68(F3:F0:16:BF:DC:AE)	-0.007	0.871	0.557	22.705	-30.701	-22.766	56.08	-1.27	-102.25	-58.747	20.487	-9.267	0.59262	0.33752	-0.34381	-0.64542	25.9	null	null	13113	60
2026-05-27T17:12:59.894	WT901BLE68(F3:F0:16:BF:DC:AE)	0.063	0.850	0.623	10.498	-4.395	-7.324	58.05	-1.06	-103.21	-58.747	20.487	-9.267	0.59262	0.33752	-0.34381	-0.64542	25.9	null	null	13113	60
2026-05-27T17:12:59.953	WT901BLE68(F3:F0:16:BF:DC:AE)	-0.054	0.847	0.537	-0.854	-25.757	-13.367	58.39	-1.17	-103.77	-54.873	16.727	1.440	0.59262	0.33752	-0.34381	-0.64542	25.9	null	null	13113	60
2026-05-27T17:13:00.076	WT901BLE68(F3:F0:16:BF:DC:AE)	0.009	0.837	0.541	-1.465	-36.438	-10.681	58.35	-1.92	-105.66	-54.873	16.727	1.440	0.59262	0.33752	-0.34381	-0.64542	25.9	null	null	13113	60
2026-05-27T17:13:00.160	WT901BLE68(F3:F0:16:BF:DC:AE)	0.088	0.937	0.511	-10.376	-46.021	-20.630	58.11	-2.53	-108.33	-54.873	16.727	1.440	0.52972	0.27835	-0.40030	-0.69394	25.9	null	null	13113	60
2026-05-27T17:13:00.285	WT901BLE68(F3:F0:16:BF:DC:AE)	0.116	0.873	0.521	-8.545	-68.787	-39.490	57.61	-3.31	-113.51	-54.873	16.727	1.440	0.52972	0.27835	-0.40030	-0.69394	25.9	null	null	13113	60
2026-05-27T17:13:00.372	WT901BLE68(F3:F0:16:BF:DC:AE)	-0.097	0.797	0.570	39.368	-32.715	-40.955	59.13	-2.43	-119.12	-54.873	16.727	1.440	0.52972	0.27835	-0.40030	-0.69394	25.9	null	null	13113	60
2026-05-27T17:13:00.496	WT901BLE68(F3:F0:16:BF:DC:AE)	-0.024	0.909	0.404	12.878	-22.522	-22.156	62.20	-0.19	-119.73	-54.873	16.727	1.440	0.52972	0.27835	-0.40030	-0.69394	25.9	null	null	13113	60
2026-05-27T17:13:00.583	WT901BLE68(F3:F0:16:BF:DC:AE)	-0.124	0.859	0.449	0.977	-20.020	-17.578	62.31	0.38	-121.63	-54.873	16.727	1.440	0.52972	0.27835	-0.40030	-0.69394	25.9	null	null	13113	60
2026-05-27T17:13:00.704	WT901BLE68(F3:F0:16:BF:DC:AE)	0.037	0.813	0.404	-7.019	-31.433	-9.766	61.97	0.55	-122.57	-54.873	16.727	1.440	0.52972	0.27835	-0.40030	-0.69394	25.9	null	null	13113	60
2026-05-27T17:13:00.761	WT901BLE68(F3:F0:16:BF:DC:AE)	-0.052	0.851	0.666	-8.423	-20.081	4.517	61.00	-0.53	-123.98	-54.873	16.727	1.440	0.52972	0.27835	-0.40030	-0.69394	25.9	null	null	13113	60
2026-05-27T17:13:00.883	WT901BLE68(F3:F0:16:BF:DC:AE)	0.032	0.770	0.395	-30.212	-56.335	-0.122	58.77	-2.13	-124.65	-46.607	13.727	10.813	0.52972	0.27835	-0.40030	-0.69394	25.9	null	null	13113	60
2026-05-27T17:13:00.971	WT901BLE68(F3:F0:16:BF:DC:AE)	0.078	0.774	0.492	-33.081	-59.692	-1.953	56.01	-4.54	-127.38	-46.607	13.727	10.813	0.52972	0.27835	-0.40030	-0.69394	25.9	null	null	13113	60
2026-05-27T17:13:01.096	WT901BLE68(F3:F0:16:BF:DC:AE)	0.199	0.843	0.617	4.089	-44.067	-20.752	54.91	-6.53	-131.10	-46.607	13.727	10.813	0.40524	0.16666	-0.43561	-0.78619	25.9	null	null	13113	60
2026-05-27T17:13:01.183	WT901BLE68(F3:F0:16:BF:DC:AE)	0.177	0.833	0.587	3.845	-10.681	-8.057	55.87	-6.27	-131.61	-46.607	13.727	10.813	0.40524	0.16666	-0.43561	-0.78619	25.9	null	null	13113	60
2026-05-27T17:13:01.304	WT901BLE68(F3:F0:16:BF:DC:AE)	0.199	0.832	0.534	-6.409	-47.241	-20.569	56.02	-6.89	-133.52	-46.607	13.727	10.813	0.40524	0.16666	-0.43561	-0.78619	25.9	null	null	13113	60
2026-05-27T17:13:01.362	WT901BLE68(F3:F0:16:BF:DC:AE)	0.172	0.794	0.577	-6.592	-29.968	-13.916	55.82	-7.45	-135.74	-46.607	13.727	10.813	0.40524	0.16666	-0.43561	-0.78619	25.9	null	null	13113	60
2026-05-27T17:13:01.483	WT901BLE68(F3:F0:16:BF:DC:AE)	0.063	0.828	0.565	-8.850	-36.438	-12.146	55.44	-8.34	-137.32	-46.607	13.727	10.813	0.40524	0.16666	-0.43561	-0.78619	25.9	null	null	13113	60
2026-05-27T17:13:01.573	WT901BLE68(F3:F0:16:BF:DC:AE)	0.016	0.818	0.625	-10.132	-26.062	-20.813	55.05	-8.63	-138.82	-46.607	13.727	10.813	0.40524	0.16666	-0.43561	-0.78619	25.9	null	null	13113	60
2026-05-27T17:13:01.694	WT901BLE68(F3:F0:16:BF:DC:AE)	0.066	0.797	0.487	1.160	-28.381	-29.663	55.24	-8.43	-140.22	-46.607	13.727	10.813	0.40524	0.16666	-0.43561	-0.78619	25.9	null	null	13113	60
2026-05-27T17:13:01.787	WT901BLE68(F3:F0:16:BF:DC:AE)	0.138	0.860	0.592	-0.427	-38.025	-46.936	56.03	-7.10	-142.53	-29.393	8.327	17.967	0.40524	0.16666	-0.43561	-0.78619	25.9	null	null	13113	60
2026-05-27T17:13:01.903	WT901BLE68(F3:F0:16:BF:DC:AE)	-0.208	0.860	0.473	29.968	-12.451	-49.194	58.18	-4.50	-146.45	-29.393	8.327	17.967	0.40524	0.16666	-0.43561	-0.78619	25.9	null	null	13113	60
2026-05-27T17:13:01.962	WT901BLE68(F3:F0:16:BF:DC:AE)	0.249	0.925	0.429	8.728	-39.124	-29.602	60.22	-2.49	-147.80	-29.393	8.327	17.967	0.26038	0.11874	-0.48209	-0.82800	25.9	null	null	13113	60
2026-05-27T17:13:02.115	WT901BLE68(F3:F0:16:BF:DC:AE)	-0.073	0.916	0.445	9.949	-22.949	-23.865	61.19	-1.37	-148.54	-29.393	8.327	17.967	0.26038	0.11874	-0.48209	-0.82800	25.9	null	null	13113	60
2026-05-27T17:13:02.174	WT901BLE68(F3:F0:16:BF:DC:AE)	-0.067	0.845	0.484	-9.338	-22.522	-8.850	60.93	-1.52	-148.56	-29.393	8.327	17.967	0.26038	0.11874	-0.48209	-0.82800	25.9	null	null	13113	60
2026-05-27T17:13:02.295	WT901BLE68(F3:F0:16:BF:DC:AE)	0.020	0.869	0.581	-24.658	-22.949	2.136	59.25	-2.44	-147.91	-29.393	8.327	17.967	0.26038	0.11874	-0.48209	-0.82800	25.9	null	null	13113	60
2026-05-27T17:13:02.381	WT901BLE68(F3:F0:16:BF:DC:AE)	-0.036	0.840	0.668	-34.485	-37.720	-1.343	56.33	-4.21	-148.21	-29.393	8.327	17.967	0.26038	0.11874	-0.48209	-0.82800	25.9	null	null	13113	60
2026-05-27T17:13:02.504	WT901BLE68(F3:F0:16:BF:DC:AE)	0.059	0.723	0.654	-28.015	-22.156	-4.700	53.16	-5.60	-148.18	-29.393	8.327	17.967	0.26038	0.11874	-0.48209	-0.82800	25.9	null	null	13113	60
2026-05-27T17:13:02.594	WT901BLE68(F3:F0:16:BF:DC:AE)	0.207	0.769	0.718	-9.583	-48.157	-19.409	51.38	-6.52	-149.28	-29.393	8.327	17.967	0.26038	0.11874	-0.48209	-0.82800	25.9	null	null	13113	60
2026-05-27T17:13:02.714	WT901BLE68(F3:F0:16:BF:DC:AE)	0.045	0.849	0.518	9.949	-6.287	-0.183	52.50	-7.44	-149.74	-19.547	7.740	14.747	0.26038	0.11874	-0.48209	-0.82800	25.9	null	null	13113	60
2026-05-27T17:13:02.775	WT901BLE68(F3:F0:16:BF:DC:AE)	0.118	0.879	0.519	-3.723	-27.039	-16.296	52.91	-7.63	-149.30	-19.547	7.740	14.747	0.26038	0.11874	-0.48209	-0.82800	25.9	null	null	13113	60
2026-05-27T17:13:02.896	WT901BLE68(F3:F0:16:BF:DC:AE)	0.144	0.829	0.531	-1.526	-11.047	-9.949	53.36	-7.36	-148.69	-19.547	7.740	14.747	0.26471	0.06049	-0.44473	-0.85345	25.9	null	null	13113	60
2026-05-27T17:13:02.983	WT901BLE68(F3:F0:16:BF:DC:AE)	0.083	0.798	0.546	-12.573	-16.541	-12.512	52.87	-7.34	-148.49	-19.547	7.740	14.747	0.26471	0.06049	-0.44473	-0.85345	25.9	null	null	13113	60
2026-05-27T17:13:03.102	WT901BLE68(F3:F0:16:BF:DC:AE)	0.212	0.813	0.576	-15.747	-28.198	-15.320	51.91	-7.48	-148.36	-19.547	7.740	14.747	0.26471	0.06049	-0.44473	-0.85345	25.9	null	null	13113	60
2026-05-27T17:13:03.194	WT901BLE68(F3:F0:16:BF:DC:AE)	0.116	0.754	0.667	-14.954	-28.259	-21.667	50.91	-7.44	-148.88	-19.547	7.740	14.747	0.26471	0.06049	-0.44473	-0.85345	25.9	null	null	13113	60
2026-05-27T17:13:03.315	WT901BLE68(F3:F0:16:BF:DC:AE)	0.026	0.798	0.660	-13.794	-31.982	-31.738	50.06	-7.36	-150.27	-19.547	7.740	14.747	0.26471	0.06049	-0.44473	-0.85345	25.9	null	null	13113	60
2026-05-27T17:13:03.402	WT901BLE68(F3:F0:16:BF:DC:AE)	0.251	0.877	0.649	14.648	-30.762	-41.321	50.32	-6.36	-151.98	-19.547	7.740	14.747	0.26471	0.06049	-0.44473	-0.85345	25.9	null	null	13113	60
2026-05-27T17:13:03.553	WT901BLE68(F3:F0:16:BF:DC:AE)	-0.052	0.884	0.411	28.137	22.400	-24.536	53.54	-4.47	-152.72	-19.547	7.740	14.747	0.26471	0.06049	-0.44473	-0.85345	25.9	null	null	13113	60
2026-05-27T17:13:03.583	WT901BLE68(F3:F0:16:BF:DC:AE)	0.031	0.908	0.617	-2.502	-21.912	-30.151	55.25	-2.24	-151.80	-17.273	11.300	8.547	0.26471	0.06049	-0.44473	-0.85345	25.9	null	null	13113	60
2026-05-27T17:13:03.701	WT901BLE68(F3:F0:16:BF:DC:AE)	-0.016	0.827	0.638	-7.324	-6.653	-7.629	55.26	-1.37	-150.64	-17.273	11.300	8.547	0.26471	0.06049	-0.44473	-0.85345	25.9	null	null	13113	60
2026-05-27T17:13:03.793	WT901BLE68(F3:F0:16:BF:DC:AE)	-0.030	0.806	0.555	-22.278	-34.302	-13.977	54.03	-1.94	-149.31	-17.273	11.300	8.547	0.23663	0.10919	-0.44812	-0.85507	25.9	null	null	13113	60
2026-05-27T17:13:03.915	WT901BLE68(F3:F0:16:BF:DC:AE)	0.089	0.734	0.657	-24.902	-14.038	-7.813	51.74	-2.14	-148.52	-17.273	11.300	8.547	0.23663	0.10919	-0.44812	-0.85507	25.9	null	null	13113	60
2026-05-27T17:13:04.004	WT901BLE68(F3:F0:16:BF:DC:AE)	0.015	0.818	0.667	-30.029	-21.851	-6.775	49.17	-2.46	-147.35	-17.273	11.300	8.547	0.23663	0.10919	-0.44812	-0.85507	25.9	null	null	13113	60
2026-05-27T17:13:04.125	WT901BLE68(F3:F0:16:BF:DC:AE)	0.051	0.688	0.586	-27.649	-18.982	3.418	46.54	-3.61	-146.22	-17.273	11.300	8.547	0.23663	0.10919	-0.44812	-0.85507	25.9	null	null	13113	60
2026-05-27T17:13:04.180	WT901BLE68(F3:F0:16:BF:DC:AE)	0.199	0.768	0.682	-10.559	-40.588	-9.521	44.43	-5.42	-145.34	-17.273	11.300	8.547	0.23663	0.10919	-0.44812	-0.85507	25.9	null	null	13113	60
2026-05-27T17:13:04.305	WT901BLE68(F3:F0:16:BF:DC:AE)	0.147	0.779	0.605	11.719	-0.549	4.089	45.04	-6.49	-144.91	-17.273	11.300	8.547	0.23663	0.10919	-0.44812	-0.85507	25.9	null	null	13113	60
2026-05-27T17:13:04.394	WT901BLE68(F3:F0:16:BF:DC:AE)	0.289	0.714	0.665	5.127	-12.878	-12.878	46.10	-6.42	-143.15	-17.273	11.300	8.547	0.23663	0.10919	-0.44812	-0.85507	25.9	null	null	13113	60
2026-05-27T17:13:04.514	WT901BLE68(F3:F0:16:BF:DC:AE)	0.157	0.774	0.554	-0.183	-7.507	-8.545	46.77	-6.11	-142.23	-12.493	4.507	9.147	0.23663	0.10919	-0.44812	-0.85507	25.9	null	null	13113	60
2026-05-27T17:13:04.603	WT901BLE68(F3:F0:16:BF:DC:AE)	0.322	0.754	0.806	-4.639	8.301	-15.564	47.18	-4.11	-138.94	-12.493	4.507	9.147	0.23663	0.10919	-0.44812	-0.85507	25.9	null	null	13113	60
2026-05-27T17:13:04.723	WT901BLE68(F3:F0:16:BF:DC:AE)	-0.066	0.693	1.064	-4.456	30.701	-14.648	46.47	-1.01	-134.97	-12.493	4.507	9.147	0.33908	0.11655	-0.38211	-0.85165	25.9	null	null	13113	60
2026-05-27T17:13:04.816	WT901BLE68(F3:F0:16:BF:DC:AE)	-0.162	0.633	0.733	-6.897	-5.066	-17.334	45.60	0.30	-134.05	-12.493	4.507	9.147	0.33908	0.11655	-0.38211	-0.85165	25.9	null	null	13113	60
2026-05-27T17:13:04.930	WT901BLE68(F3:F0:16:BF:DC:AE)	-0.053	0.677	0.565	12.146	-49.500	-17.639	45.79	-0.73	-136.47	-12.493	4.507	9.147	0.33908	0.11655	-0.38211	-0.85165	25.9	null	null	13113	60
2026-05-27T17:13:04.997	WT901BLE68(F3:F0:16:BF:DC:AE)	0.209	0.825	0.818	39.612	-4.761	-14.465	48.18	-1.24	-137.34	-12.493	4.507	9.147	0.33908	0.11655	-0.38211	-0.85165	25.9	null	null	13113	60
2026-05-27T17:13:05.115	WT901BLE68(F3:F0:16:BF:DC:AE)	-0.093	0.826	0.528	26.917	3.845	-16.968	51.83	-0.63	-136.29	-12.493	4.507	9.147	0.33908	0.11655	-0.38211	-0.85165	25.9	null	null	13113	60
2026-05-27T17:13:05.207	WT901BLE68(F3:F0:16:BF:DC:AE)	-0.006	0.803	0.468	5.615	-8.179	-10.193	53.34	-0.28	-135.17	-12.493	4.507	9.147	0.33908	0.11655	-0.38211	-0.85165	25.9	null	null	13113	60
2026-05-27T17:13:05.323	WT901BLE68(F3:F0:16:BF:DC:AE)	-0.026	0.810	0.531	2.197	1.831	-6.348	54.10	0.37	-132.65	-12.493	4.507	9.147	0.33908	0.11655	-0.38211	-0.85165	25.9	null	null	13113	60
2026-05-27T17:13:05.411	WT901BLE68(F3:F0:16:BF:DC:AE)	-0.133	0.808	0.704	-13.672	-7.751	-6.470	53.74	0.66	-130.17	-14.467	10.253	2.873	0.33908	0.11655	-0.38211	-0.85165	25.9	null	null	13113	60
2026-05-27T17:13:05.540	WT901BLE68(F3:F0:16:BF:DC:AE)	-0.145	0.811	0.572	-24.536	-4.395	-0.549	51.55	0.29	-127.92	-14.467	10.253	2.873	0.33908	0.11655	-0.38211	-0.85165	25.9	null	null	13113	60
2026-05-27T17:13:05.592	WT901BLE68(F3:F0:16:BF:DC:AE)	-0.054	0.716	0.591	-22.522	-12.512	7.080	49.06	-0.80	-125.64	-14.467	10.253	2.873	0.40619	0.18777	-0.38016	-0.80939	25.9	null	null	13113	60
2026-05-27T17:13:05.714	WT901BLE68(F3:F0:16:BF:DC:AE)	0.017	0.757	0.729	-15.808	-6.653	13.367	47.26	-2.02	-122.98	-14.467	10.253	2.873	0.40619	0.18777	-0.38016	-0.80939	25.9	null	null	13113	60
2026-05-27T17:13:05.806	WT901BLE68(F3:F0:16:BF:DC:AE)	0.060	0.765	0.783	11.230	0.732	8.362	46.80	-3.11	-120.29	-14.467	10.253	2.873	0.40619	0.18777	-0.38016	-0.80939	25.9	null	null	13113	60
2026-05-27T17:13:05.924	WT901BLE68(F3:F0:16:BF:DC:AE)	0.129	0.762	0.570	12.634	13.123	13.062	48.33	-3.18	-116.87	-14.467	10.253	2.873	0.40619	0.18777	-0.38016	-0.80939	25.9	null	null	13113	60
2026-05-27T17:13:06.014	WT901BLE68(F3:F0:16:BF:DC:AE)	0.181	0.785	0.740	5.432	10.193	0.916	49.10	-3.10	-114.06	-14.467	10.253	2.873	0.40619	0.18777	-0.38016	-0.80939	25.9	null	null	13113	60
2026-05-27T17:13:06.137	WT901BLE68(F3:F0:16:BF:DC:AE)	0.114	0.832	0.705	0.610	19.470	6.653	49.76	-2.64	-110.98	-14.467	10.253	2.873	0.40619	0.18777	-0.38016	-0.80939	25.9	null	null	13113	60
2026-05-27T17:13:06.191	WT901BLE68(F3:F0:16:BF:DC:AE)	0.153	0.764	0.751	-4.333	11.841	0.916	49.61	-2.20	-107.85	-14.467	10.253	2.873	0.40619	0.18777	-0.38016	-0.80939	25.9	null	null	13113	60
2026-05-27T17:13:06.344	WT901BLE68(F3:F0:16:BF:DC:AE)	0.043	0.744	0.716	-1.038	12.390	-6.104	49.28	-1.58	-105.45	-8.660	7.487	3.013	0.40619	0.18777	-0.38016	-0.80939	25.9	null	null	13113	60
2026-05-27T17:13:06.405	WT901BLE68(F3:F0:16:BF:DC:AE)	0.048	0.711	0.583	-3.357	0.366	-10.620	48.84	-0.69	-103.59	-8.660	7.487	3.013	0.40619	0.18777	-0.38016	-0.80939	25.9	null	null	13113	60
2026-05-27T17:13:06.524	WT901BLE68(F3:F0:16:BF:DC:AE)	0.054	0.740	0.707	-2.930	2.502	-13.611	48.43	-0.09	-102.19	-8.660	7.487	3.013	0.56677	0.25281	-0.32645	-0.71286	25.9	null	null	13113	60
2026-05-27T17:13:06.614	WT901BLE68(F3:F0:16:BF:DC:AE)	-0.057	0.790	0.632	14.404	28.870	-12.146	49.19	1.90	-99.49	-8.660	7.487	3.013	0.56677	0.25281	-0.32645	-0.71286	25.9	null	null	13113	60
2026-05-27T17:13:06.734	WT901BLE68(F3:F0:16:BF:DC:AE)	-0.109	0.814	0.461	28.015	19.958	-5.798	51.95	3.83	-96.36	-8.660	7.487	3.013	0.56677	0.25281	-0.32645	-0.71286	25.9	null	null	13113	60
2026-05-27T17:13:06.857	WT901BLE68(F3:F0:16:BF:DC:AE)	-0.111	0.875	0.667	7.507	-15.686	-3.601	53.62	4.23	-95.25	-8.660	7.487	3.013	0.56677	0.25281	-0.32645	-0.71286	25.9	null	null	13113	60
2026-05-27T17:13:06.975	WT901BLE68(F3:F0:16:BF:DC:AE)	-0.093	0.836	0.581	7.263	1.404	-0.977	54.57	5.20	-92.44	-8.660	7.487	3.013	0.56677	0.25281	-0.32645	-0.71286	25.9	null	null	13113	60
2026-05-27T17:13:07.001	WT901BLE68(F3:F0:16:BF:DC:AE)	-0.084	0.754	0.621	-11.108	10.376	0.671	54.09	5.89	-89.68	-8.660	7.487	3.013	0.56677	0.25281	-0.32645	-0.71286	25.9	null	null	13113	60
2026-05-27T17:13:07.124	WT901BLE68(F3:F0:16:BF:DC:AE)	-0.121	0.697	0.520	-18.555	3.967	3.601	52.21	6.10	-87.69	-8.660	7.487	3.013	0.56677	0.25281	-0.32645	-0.71286	25.9	null	null	13113	60
2026-05-27T17:13:07.215	WT901BLE68(F3:F0:16:BF:DC:AE)	-0.170	0.812	0.682	-17.273	-13.855	7.507	50.60	5.99	-85.41	-12.587	12.907	1.267	0.56677	0.25281	-0.32645	-0.71286	25.9	null	null	13113	60
2026-05-27T17:13:07.333	WT901BLE68(F3:F0:16:BF:DC:AE)	-0.137	0.744	0.683	-15.076	-4.211	17.639	49.08	4.48	-83.66	-12.587	12.907	1.267	0.56677	0.25281	-0.32645	-0.71286	25.9	null	null	13113	60
2026-05-27T17:13:07.422	WT901BLE68(F3:F0:16:BF:DC:AE)	-0.107	0.720	0.628	-8.667	-15.503	24.292	47.84	1.60	-81.83	-12.587	12.907	1.267	0.67493	0.32590	-0.25061	-0.61264	25.9	null	null	13113	60
2026-05-27T17:13:07.545	WT901BLE68(F3:F0:16:BF:DC:AE)	0.104	0.728	0.675	16.113	-6.348	24.841	48.46	-0.81	-79.59	-12.587	12.907	1.267	0.67493	0.32590	-0.25061	-0.61264	25.9	null	null	13113	60
2026-05-27T17:13:07.605	WT901BLE68(F3:F0:16:BF:DC:AE)	0.046	0.747	0.493	4.761	9.094	21.545	49.36	-1.60	-74.93	-12.587	12.907	1.267	0.67493	0.32590	-0.25061	-0.61264	25.9	null	null	13113	60
2026-05-27T17:13:07.757	WT901BLE68(F3:F0:16:BF:DC:AE)	0.045	0.823	0.640	2.991	8.972	0.671	49.91	-1.76	-71.93	-12.587	12.907	1.267	0.67493	0.32590	-0.25061	-0.61264	25.9	null	null	13113	60
2026-05-27T17:13:07.814	WT901BLE68(F3:F0:16:BF:DC:AE)	0.040	0.767	0.676	4.272	1.587	3.540	50.43	-1.52	-69.92	-12.587	12.907	1.267	0.67493	0.32590	-0.25061	-0.61264	25.9	null	null	13113	60
2026-05-27T17:13:07.937	WT901BLE68(F3:F0:16:BF:DC:AE)	0.029	0.746	0.696	2.197	4.944	-8.301	50.75	-0.93	-68.18	-12.587	12.907	1.267	0.67493	0.32590	-0.25061	-0.61264	25.9	null	null	13113	60
2026-05-27T17:13:08.021	WT901BLE68(F3:F0:16:BF:DC:AE)	-0.094	0.767	0.564	1.587	-0.244	-22.461	50.78	0.42	-67.48	-12.587	12.907	1.267	0.67493	0.32590	-0.25061	-0.61264	25.9	null	null	13113	60
2026-05-27T17:13:08.144	WT901BLE68(F3:F0:16:BF:DC:AE)	0.057	0.796	0.582	0.977	-4.272	-34.241	50.55	2.44	-67.49	-6.067	11.560	-0.800	0.67493	0.32590	-0.25061	-0.61264	25.9	null	null	13113	60
2026-05-27T17:13:08.235	WT901BLE68(F3:F0:16:BF:DC:AE)	-0.024	0.836	0.715	8.301	4.150	-29.602	50.75	4.57	-68.07	-6.067	11.560	-0.800	0.67493	0.32590	-0.25061	-0.61264	25.9	null	null	13113	60
2026-05-27T17:13:08.356	WT901BLE68(F3:F0:16:BF:DC:AE)	0.019	0.889	0.645	39.307	-3.418	-21.240	52.89	6.47	-67.91	-6.067	11.560	-0.800	0.73596	0.38077	-0.20508	-0.52075	25.9	null	null	13113	60
2026-05-27T17:13:08.412	WT901BLE68(F3:F0:16:BF:DC:AE)	-0.084	0.848	0.305	33.142	-10.681	-16.113	56.79	7.22	-66.88	-6.067	11.560	-0.800	0.73596	0.38077	-0.20508	-0.52075	25.9	null	null	13113	60
2026-05-27T17:13:08.536	WT901BLE68(F3:F0:16:BF:DC:AE)	-0.307	0.796	0.712	14.587	-36.011	-11.597	58.53	6.76	-67.73	-6.067	11.560	-0.800	0.73596	0.38077	-0.20508	-0.52075	25.9	null	null	13113	60
2026-05-27T17:13:08.624	WT901BLE68(F3:F0:16:BF:DC:AE)	-0.125	0.840	0.478	17.639	-5.554	-12.390	59.47	6.70	-67.70	-6.067	11.560	-0.800	0.73596	0.38077	-0.20508	-0.52075	25.9	null	null	13113	60
2026-05-27T17:13:08.744	WT901BLE68(F3:F0:16:BF:DC:AE)	-0.161	0.845	0.473	-5.188	-27.710	-6.409	59.47	6.86	-66.49	-6.067	11.560	-0.800	0.73596	0.38077	-0.20508	-0.52075	25.9	null	null	13113	60
2026-05-27T17:13:08.837	WT901BLE68(F3:F0:16:BF:DC:AE)	-0.093	0.829	0.557	-8.728	-18.616	-3.906	58.55	6.25	-65.78	-6.067	11.560	-0.800	0.73596	0.38077	-0.20508	-0.52075	25.9	null	null	13113	60
2026-05-27T17:13:08.954	WT901BLE68(F3:F0:16:BF:DC:AE)	-0.149	0.809	0.538	-17.761	-42.358	-2.808	56.68	5.19	-65.25	-6.067	11.560	-0.800	0.73596	0.38077	-0.20508	-0.52075	25.9	null	null	13113	60
2026-05-27T17:13:09.012	WT901BLE68(F3:F0:16:BF:DC:AE)	-0.010	0.740	0.542	-14.587	-31.982	4.639	54.56	3.71	-64.80	-9.320	24.120	-12.447	0.73596	0.38077	-0.20508	-0.52075	25.9	null	null	13113	60
2026-05-27T17:13:09.166	WT901BLE68(F3:F0:16:BF:DC:AE)	0.042	0.838	0.648	-3.662	-47.485	-7.568	53.04	1.51	-64.91	-9.320	24.120	-12.447	0.73596	0.38077	-0.20508	-0.52075	25.9	null	null	13113	60
2026-05-27T17:13:09.221	WT901BLE68(F3:F0:16:BF:DC:AE)	0.034	0.791	0.523	18.127	-34.302	1.770	53.99	-0.53	-66.06	-9.320	24.120	-12.447	0.74951	0.37781	-0.24249	-0.48642	25.9	null	null	13113	60
2026-05-27T17:13:09.343	WT901BLE68(F3:F0:16:BF:DC:AE)	0.074	0.888	0.600	6.897	-34.851	-8.972	55.26	-2.49	-66.04	-9.320	24.120	-12.447	0.74951	0.37781	-0.24249	-0.48642	25.9	null	null	13113	60
2026-05-27T17:13:09.435	WT901BLE68(F3:F0:16:BF:DC:AE)	0.044	0.832	0.520	7.874	-34.546	-3.601	56.07	-3.43	-66.42	-9.320	24.120	-12.447	0.74951	0.37781	-0.24249	-0.48642	25.9	null	null	13113	60
2026-05-27T17:13:09.566	WT901BLE68(F3:F0:16:BF:DC:AE)	0.077	0.871	0.580	-9.277	-28.748	-2.319	56.43	-4.72	-65.96	-9.320	24.120	-12.447	0.74951	0.37781	-0.24249	-0.48642	25.9	null	null	13113	60
2026-05-27T17:13:09.640	WT901BLE68(F3:F0:16:BF:DC:AE)	0.068	0.830	0.682	-12.634	-24.841	-11.841	55.33	-5.73	-65.51	-9.320	24.120	-12.447	0.74951	0.37781	-0.24249	-0.48642	25.9	null	null	13113	60
2026-05-27T17:13:09.767	WT901BLE68(F3:F0:16:BF:DC:AE)	0.053	0.877	0.645	-18.494	-28.931	-22.278	54.01	-6.28	-66.08	-9.320	24.120	-12.447	0.74951	0.37781	-0.24249	-0.48642	25.9	null	null	13113	60
2026-05-27T17:13:09.822	WT901BLE68(F3:F0:16:BF:DC:AE)	0.177	0.912	0.643	-15.259	-32.288	-32.349	52.53	-5.81	-67.16	-9.320	24.120	-12.447	0.74951	0.37781	-0.24249	-0.48642	25.9	null	null	13113	60
2026-05-27T17:13:09.943	WT901BLE68(F3:F0:16:BF:DC:AE)	0.103	0.780	0.545	-2.869	-42.297	-46.265	52.26	-4.81	-69.07	-11.533	29.313	-24.020	0.74951	0.37781	-0.24249	-0.48642	25.9	null	null	13113	60
2026-05-27T17:13:10.034	WT901BLE68(F3:F0:16:BF:DC:AE)	-0.098	0.813	0.567	40.710	-13.672	-33.203	54.68	-3.24	-71.66	-11.533	29.313	-24.020	0.74951	0.37781	-0.24249	-0.48642	25.9	null	null	13113	60
2026-05-27T17:13:10.150	WT901BLE68(F3:F0:16:BF:DC:AE)	0.176	0.913	0.433	19.592	-32.898	-19.836	58.34	-2.28	-72.15	-11.533	29.313	-24.020	0.72305	0.36609	-0.29172	-0.50790	25.9	null	null	13113	60
2026-05-27T17:13:10.246	WT901BLE68(F3:F0:16:BF:DC:AE)	-0.031	0.890	0.545	13.855	-23.132	-9.521	59.77	-2.61	-73.08	-11.533	29.313	-24.020	0.72305	0.36609	-0.29172	-0.50790	25.9	null	null	13113	60
2026-05-27T17:13:10.366	WT901BLE68(F3:F0:16:BF:DC:AE)	0.039	0.843	0.534	0.916	-30.457	-3.479	60.79	-3.30	-72.86	-11.533	29.313	-24.020	0.72305	0.36609	-0.29172	-0.50790	25.9	null	null	13113	60
2026-05-27T17:13:10.420	WT901BLE68(F3:F0:16:BF:DC:AE)	-0.005	0.816	0.481	-10.010	-31.494	2.075	60.23	-4.51	-72.78	-11.533	29.313	-24.020	0.72305	0.36609	-0.29172	-0.50790	25.9	null	null	13113	60
2026-05-27T17:13:10.575	WT901BLE68(F3:F0:16:BF:DC:AE)	-0.039	0.951	0.597	-12.085	-34.424	7.019	59.26	-6.89	-72.98	-11.533	29.313	-24.020	0.72305	0.36609	-0.29172	-0.50790	25.9	null	null	13113	60
2026-05-27T17:13:10.633	WT901BLE68(F3:F0:16:BF:DC:AE)	0.103	0.772	0.482	-21.606	-59.204	10.132	57.82	-10.65	-74.27	-11.533	29.313	-24.020	0.72305	0.36609	-0.29172	-0.50790	25.9	null	null	13113	60
2026-05-27T17:13:10.760	WT901BLE68(F3:F0:16:BF:DC:AE)	0.235	0.858	0.650	-14.282	-48.279	0.610	56.59	-14.03	-75.75	-11.533	29.313	-24.020	0.72305	0.36609	-0.29172	-0.50790	25.9	null	null	13113	60
2026-05-27T17:13:10.845	WT901BLE68(F3:F0:16:BF:DC:AE)	0.238	0.793	0.380	15.686	-35.767	-3.784	57.54	-15.53	-77.12	-25.340	35.593	-31.147	0.72305	0.36609	-0.29172	-0.50790	25.9	null	null	13113	60
2026-05-27T17:13:10.963	WT901BLE68(F3:F0:16:BF:DC:AE)	0.359	0.824	0.463	3.967	-37.598	-3.296	59.31	-16.53	-76.71	-25.340	35.593	-31.147	0.72305	0.36609	-0.29172	-0.50790	25.9	null	null	13113	60
2026-05-27T17:13:11.052	WT901BLE68(F3:F0:16:BF:DC:AE)	0.211	0.856	0.581	2.930	-30.945	-5.127	60.68	-17.59	-77.99	-25.340	35.593	-31.147	0.71564	0.30542	-0.40881	-0.47681	25.9	null	null	13113	60
2026-05-27T17:13:11.176	WT901BLE68(F3:F0:16:BF:DC:AE)	0.361	0.836	0.396	-12.146	-42.847	-3.418	61.31	-18.91	-79.03	-25.340	35.593	-31.147	0.71564	0.30542	-0.40881	-0.47681	25.9	null	null	13113	60
2026-05-27T17:13:11.232	WT901BLE68(F3:F0:16:BF:DC:AE)	0.266	0.882	0.451	-15.076	-43.823	-11.780	61.59	-20.38	-81.19	-25.340	35.593	-31.147	0.71564	0.30542	-0.40881	-0.47681	25.9	null	null	13113	60
2026-05-27T17:13:11.359	WT901BLE68(F3:F0:16:BF:DC:AE)	0.442	0.836	0.466	-8.850	-34.485	-14.893	62.11	-21.26	-83.63	-25.340	35.593	-31.147	0.71564	0.30542	-0.40881	-0.47681	25.9	null	null	13113	60
2026-05-27T17:13:11.446	WT901BLE68(F3:F0:16:BF:DC:AE)	0.457	0.831	0.466	-19.226	-49.561	-23.254	62.75	-21.57	-86.42	-25.340	35.593	-31.147	0.71564	0.30542	-0.40881	-0.47681	25.9	null	null	13113	60
2026-05-27T17:13:11.563	WT901BLE68(F3:F0:16:BF:DC:AE)	0.284	0.906	0.375	-32.471	-61.218	-42.969	62.36	-20.95	-90.52	-25.340	35.593	-31.147	0.71564	0.30542	-0.40881	-0.47681	25.9	null	null	13113	60
2026-05-27T17:13:11.665	WT901BLE68(F3:F0:16:BF:DC:AE)	0.260	0.864	0.324	10.986	-13.245	-37.537	63.58	-18.82	-94.76	-25.340	35.593	-31.147	0.71564	0.30542	-0.40881	-0.47681	25.9	null	null	13113	60
2026-05-27T17:13:11.775	WT901BLE68(F3:F0:16:BF:DC:AE)	0.349	0.896	0.333	-3.296	-15.137	-27.161	65.17	-16.54	-95.48	-51.327	37.213	-23.500	0.71564	0.30542	-0.40881	-0.47681	25.9	null	null	13113	60
2026-05-27T17:13:11.833	WT901BLE68(F3:F0:16:BF:DC:AE)	0.250	0.867	0.436	-1.160	-3.601	-19.287	64.97	-13.64	-92.60	-51.327	37.213	-23.500	0.71564	0.30542	-0.40881	-0.47681	25.9	null	null	13113	60
2026-05-27T17:13:11.951	WT901BLE68(F3:F0:16:BF:DC:AE)	0.164	0.914	0.494	-15.015	-18.005	-17.212	64.28	-12.02	-91.30	-51.327	37.213	-23.500	0.62500	0.29773	-0.45340	-0.56125	25.9	null	null	13113	60
2026-05-27T17:13:12.045	WT901BLE68(F3:F0:16:BF:DC:AE)	0.125	0.900	0.475	-16.907	-17.578	-10.437	63.09	-11.90	-91.99	-51.327	37.213	-23.500	0.62500	0.29773	-0.45340	-0.56125	25.9	null	null	13113	60
2026-05-27T17:13:12.166	WT901BLE68(F3:F0:16:BF:DC:AE)	0.079	0.897	0.431	-20.325	-12.268	-13.062	61.59	-11.62	-92.40	-51.327	37.213	-23.500	0.62500	0.29773	-0.45340	-0.56125	25.9	null	null	13113	60
2026-05-27T17:13:12.261	WT901BLE68(F3:F0:16:BF:DC:AE)	0.158	0.838	0.469	-20.020	-25.696	-11.353	59.76	-11.15	-92.37	-51.327	37.213	-23.500	0.62500	0.29773	-0.45340	-0.56125	25.9	null	null	13113	60
2026-05-27T17:13:12.376	WT901BLE68(F3:F0:16:BF:DC:AE)	0.221	0.869	0.502	0.977	-19.348	-9.460	59.44	-11.59	-93.30	-51.327	37.213	-23.500	0.62500	0.29773	-0.45340	-0.56125	25.9	null	null	13113	60
2026-05-27T17:13:12.464	WT901BLE68(F3:F0:16:BF:DC:AE)	0.202	0.895	0.439	-9.216	-16.052	-11.230	59.80	-11.49	-92.87	-51.327	37.213	-23.500	0.62500	0.29773	-0.45340	-0.56125	25.9	null	null	13113	60
2026-05-27T17:13:12.587	WT901BLE68(F3:F0:16:BF:DC:AE)	0.184	0.880	0.536	-14.954	-26.245	-9.705	59.02	-11.74	-94.28	-51.327	37.213	-23.500	0.62500	0.29773	-0.45340	-0.56125	25.9	null	null	13113	60
2026-05-27T17:13:12.642	WT901BLE68(F3:F0:16:BF:DC:AE)	0.253	0.829	0.489	-7.202	-13.794	-8.545	58.77	-11.79	-94.38	-57.240	31.967	-14.473	0.62500	0.29773	-0.45340	-0.56125	25.9	null	null	13113	60
2026-05-27T17:13:12.765	WT901BLE68(F3:F0:16:BF:DC:AE)	0.185	0.826	0.521	-10.376	-6.287	-3.113	58.07	-12.23	-94.63	-57.240	31.967	-14.473	0.62500	0.29773	-0.45340	-0.56125	25.9	null	null	13113	60
2026-05-27T17:13:12.852	WT901BLE68(F3:F0:16:BF:DC:AE)	0.204	0.826	0.645	-23.132	-21.179	-11.108	56.54	-12.58	-95.33	-57.240	31.967	-14.473	0.62839	0.25510	-0.41632	-0.60547	25.9	null	null	13113	60
2026-05-27T17:13:12.974	WT901BLE68(F3:F0:16:BF:DC:AE)	0.085	0.871	0.519	-19.836	-20.508	-15.991	55.05	-12.73	-96.31	-57.240	31.967	-14.473	0.62839	0.25510	-0.41632	-0.60547	25.9	null	null	13113	60
2026-05-27T17:13:13.065	WT901BLE68(F3:F0:16:BF:DC:AE)	0.258	0.826	0.685	2.686	-14.282	-9.888	54.59	-12.79	-97.33	-57.240	31.967	-14.473	0.62839	0.25510	-0.41632	-0.60547	25.9	null	null	13113	60
2026-05-27T17:13:13.182	WT901BLE68(F3:F0:16:BF:DC:AE)	0.239	0.856	0.483	16.907	-34.241	-17.029	56.36	-13.38	-99.30	-57.240	31.967	-14.473	0.62839	0.25510	-0.41632	-0.60547	25.9	null	null	13113	60
2026-05-27T17:13:13.246	WT901BLE68(F3:F0:16:BF:DC:AE)	0.213	0.793	0.430	4.272	-12.451	-12.268	58.46	-13.53	-99.76	-57.240	31.967	-14.473	0.62839	0.25510	-0.41632	-0.60547	25.9	null	null	13113	60
2026-05-27T17:13:13.363	WT901BLE68(F3:F0:16:BF:DC:AE)	0.121	0.912	0.530	-3.845	-13.123	-12.573	58.80	-12.84	-99.26	-57.240	31.967	-14.473	0.62839	0.25510	-0.41632	-0.60547	25.9	null	null	13113	60
2026-05-27T17:13:13.460	WT901BLE68(F3:F0:16:BF:DC:AE)	0.333	0.791	0.434	-23.132	-26.062	-25.391	58.28	-12.47	-100.84	-57.240	31.967	-14.473	0.62839	0.25510	-0.41632	-0.60547	25.9	null	null	13113	60
2026-05-27T17:13:13.571	WT901BLE68(F3:F0:16:BF:DC:AE)	0.076	0.912	0.623	-27.527	-15.747	-9.644	56.11	-11.65	-101.66	-57.193	26.807	-4.760	0.62839	0.25510	-0.41632	-0.60547	25.9	null	null	13113	60
2026-05-27T17:13:13.667	WT901BLE68(F3:F0:16:BF:DC:AE)	0.188	0.818	0.639	-20.813	-20.630	-2.747	54.43	-11.94	-101.68	-57.193	26.807	-4.760	0.62839	0.25510	-0.41632	-0.60547	25.9	null	null	13113	60
2026-05-27T17:13:13.783	WT901BLE68(F3:F0:16:BF:DC:AE)	0.232	0.767	0.623	-18.494	-2.991	4.822	52.54	-12.24	-100.79	-57.193	26.807	-4.760	0.59665	0.21191	-0.40854	-0.65735	25.9	null	null	13113	60
2026-05-27T17:13:13.873	WT901BLE68(F3:F0:16:BF:DC:AE)	0.238	0.810	0.598	-12.390	3.540	8.606	50.87	-12.54	-98.80	-57.193	26.807	-4.760	0.59665	0.21191	-0.40854	-0.65735	25.9	null	null	13113	60
2026-05-27T17:13:13.996	WT901BLE68(F3:F0:16:BF:DC:AE)	0.151	0.765	0.667	3.967	-2.747	-2.625	50.92	-12.77	-97.66	-57.193	26.807	-4.760	0.59665	0.21191	-0.40854	-0.65735	25.9	null	null	13113	60
2026-05-27T17:13:14.060	WT901BLE68(F3:F0:16:BF:DC:AE)	0.358	0.689	0.464	0.183	0.427	5.432	51.28	-12.96	-96.09	-57.193	26.807	-4.760	0.59665	0.21191	-0.40854	-0.65735	25.9	null	null	13113	60
2026-05-27T17:13:14.176	WT901BLE68(F3:F0:16:BF:DC:AE)	0.228	0.778	0.591	-7.813	4.761	-8.545	50.51	-12.50	-95.41	-57.193	26.807	-4.760	0.59665	0.21191	-0.40854	-0.65735	25.9	null	null	13113	60
2026-05-27T17:13:14.265	WT901BLE68(F3:F0:16:BF:DC:AE)	0.300	0.728	0.473	-4.456	7.446	-3.174	50.09	-12.28	-95.03	-57.193	26.807	-4.760	0.59665	0.21191	-0.40854	-0.65735	25.9	null	null	13113	60
2026-05-27T17:13:14.385	WT901BLE68(F3:F0:16:BF:DC:AE)	0.245	0.738	0.643	-9.766	5.676	-10.620	49.27	-11.35	-93.64	-57.193	26.807	-4.760	0.59665	0.21191	-0.40854	-0.65735	25.9	null	null	13113	60
2026-05-27T17:13:14.471	WT901BLE68(F3:F0:16:BF:DC:AE)	0.268	0.727	0.570	-5.737	6.897	-17.029	48.73	-9.85	-92.77	-57.193	26.807	-4.760	0.59665	0.21191	-0.40854	-0.65735	25.9	null	null	13113	75
2026-05-27T17:13:14.595	WT901BLE68(F3:F0:16:BF:DC:AE)	0.183	0.741	0.700	1.099	10.071	-22.095	48.47	-7.84	-92.37	-57.193	26.807	-4.760	0.59665	0.21191	-0.40854	-0.65735	25.9	null	null	13113	75
2026-05-27T17:13:14.662	WT901BLE68(F3:F0:16:BF:DC:AE)	0.004	0.799	0.652	9.094	23.987	-31.433	48.94	-5.27	-91.95	-57.193	26.807	-4.760	0.59665	0.21191	-0.40854	-0.65735	25.8	null	null	13113	75
2026-05-27T17:13:14.777	WT901BLE68(F3:F0:16:BF:DC:AE)	0.126	0.990	0.596	15.076	-2.258	-42.419	50.14	-1.69	-92.33	-57.193	26.807	-4.760	0.59665	0.21191	-0.40854	-0.65735	25.8	null	null	13113	75
2026-05-27T17:13:14.862	WT901BLE68(F3:F0:16:BF:DC:AE)	0.182	0.760	0.618	5.981	-17.029	-29.541	51.69	1.05	-93.57	-57.193	26.807	-4.760	0.59665	0.21191	-0.40854	-0.65735	25.8	null	null	13113	75
2026-05-27T17:13:14.986	WT901BLE68(F3:F0:16:BF:DC:AE)	-0.442	0.491	0.371	18.677	-102.539	-42.053	52.06	-0.41	-99.40	-61.527	18.213	-6.433	0.59665	0.21191	-0.40854	-0.65735	25.8	null	null	13113	75
2026-05-27T17:13:15.077	WT901BLE68(F3:F0:16:BF:DC:AE)	0.198	0.858	0.438	27.527	-10.559	-7.263	54.80	-0.83	-103.54	-61.527	18.213	-6.433	0.59665	0.21191	-0.40854	-0.65735	25.8	null	null	13113	75
2026-05-27T17:13:15.195	WT901BLE68(F3:F0:16:BF:DC:AE)	0.215	0.841	0.617	-3.906	-51.819	-19.226	55.96	0.06	-102.96	-61.527	18.213	-6.433	0.55240	0.28775	-0.36664	-0.69104	25.8	null	null	13113	75
2026-05-27T17:13:15.284	WT901BLE68(F3:F0:16:BF:DC:AE)	-0.064	0.792	0.539	-13.611	2.319	0.061	55.19	0.07	-103.23	-61.527	18.213	-6.433	0.55240	0.28775	-0.36664	-0.69104	25.8	null	null	13113	75
2026-05-27T17:13:15.403	WT901BLE68(F3:F0:16:BF:DC:AE)	-0.059	0.787	0.544	-21.729	-27.771	5.066	53.34	-0.56	-102.23	-61.527	18.213	-6.433	0.55240	0.28775	-0.36664	-0.69104	25.8	null	null	13113	75
2026-05-27T17:13:15.463	WT901BLE68(F3:F0:16:BF:DC:AE)	0.163	0.656	0.591	-14.954	-17.273	12.878	51.32	-2.59	-101.93	-61.527	18.213	-6.433	0.55240	0.28775	-0.36664	-0.69104	25.8	null	null	13113	75
2026-05-27T17:13:15.584	WT901BLE68(F3:F0:16:BF:DC:AE)	0.063	0.810	0.746	5.859	-0.671	1.587	50.42	-3.53	-100.59	-61.527	18.213	-6.433	0.55240	0.28775	-0.36664	-0.69104	25.8	null	null	13113	75
2026-05-27T17:13:15.674	WT901BLE68(F3:F0:16:BF:DC:AE)	0.047	0.813	0.517	7.690	15.869	10.315	51.65	-3.33	-98.17	-61.527	18.213	-6.433	0.55240	0.28775	-0.36664	-0.69104	25.8	null	null	13113	75
2026-05-27T17:13:15.796	WT901BLE68(F3:F0:16:BF:DC:AE)	0.104	0.725	0.708	-4.272	-8.545	-5.554	51.57	-3.29	-96.26	-61.527	18.213	-6.433	0.55240	0.28775	-0.36664	-0.69104	25.8	null	null	13113	75
2026-05-27T17:13:15.884	WT901BLE68(F3:F0:16:BF:DC:AE)	0.028	0.801	0.573	-0.671	-6.653	-3.784	51.43	-3.54	-96.59	-58.067	17.200	-2.493	0.55240	0.28775	-0.36664	-0.69104	25.8	null	null	13113	75
2026-05-27T17:13:16.003	WT901BLE68(F3:F0:16:BF:DC:AE)	-0.008	0.818	0.656	-8.911	0.305	-2.869	51.20	-3.35	-95.80	-58.067	17.200	-2.493	0.55240	0.28775	-0.36664	-0.69104	25.8	null	null	13113	75
2026-05-27T17:13:16.059	WT901BLE68(F3:F0:16:BF:DC:AE)	0.069	0.726	0.707	-6.653	8.667	-1.953	50.44	-2.94	-94.66	-58.067	17.200	-2.493	0.61688	0.27032	-0.33423	-0.65921	25.8	null	null	13113	75
2026-05-27T17:13:16.183	WT901BLE68(F3:F0:16:BF:DC:AE)	0.074	0.738	0.516	-6.714	9.827	-3.418	49.56	-2.18	-93.53	-58.067	17.200	-2.493	0.61688	0.27032	-0.33423	-0.65921	25.8	null	null	13113	75
2026-05-27T17:13:16.273	WT901BLE68(F3:F0:16:BF:DC:AE)	0.090	0.757	0.631	3.784	15.503	-6.897	49.25	-0.91	-92.04	-58.067	17.200	-2.493	0.61688	0.27032	-0.33423	-0.65921	25.8	null	null	13113	75
2026-05-27T17:13:16.393	WT901BLE68(F3:F0:16:BF:DC:AE)	0.058	0.808	0.599	27.710	82.031	-1.526	50.71	1.49	-88.86	-58.067	17.200	-2.493	0.61688	0.27032	-0.33423	-0.65921	25.8	null	null	13113	75
2026-05-27T17:13:16.482	WT901BLE68(F3:F0:16:BF:DC:AE)	-0.114	0.866	0.401	18.372	62.317	-6.165	54.46	7.08	-80.47	-58.067	17.200	-2.493	0.61688	0.27032	-0.33423	-0.65921	25.8	null	null	13113	75
2026-05-27T17:13:16.637	WT901BLE68(F3:F0:16:BF:DC:AE)	-0.273	0.754	0.428	6.409	21.118	-1.831	55.42	8.68	-77.93	-58.067	17.200	-2.493	0.61688	0.27032	-0.33423	-0.65921	25.8	null	null	13113	75
2026-05-27T17:13:16.691	WT901BLE68(F3:F0:16:BF:DC:AE)	-0.221	0.748	0.466	-2.563	14.221	4.395	56.17	9.43	-75.78	-58.067	17.200	-2.493	0.61688	0.27032	-0.33423	-0.65921	25.8	null	null	13113	75
2026-05-27T17:13:16.814	WT901BLE68(F3:F0:16:BF:DC:AE)	-0.358	0.754	0.529	-6.714	13.672	0.000	55.66	10.03	-74.55	-61.853	18.720	-16.260	0.61688	0.27032	-0.33423	-0.65921	25.8	null	null	13113	75
2026-05-27T17:13:16.873	WT901BLE68(F3:F0:16:BF:DC:AE)	-0.120	0.761	0.566	-9.521	-7.996	0.854	55.13	10.16	-73.48	-61.853	18.720	-16.260	0.61688	0.27032	-0.33423	-0.65921	25.8	null	null	13113	75
2026-05-27T17:13:16.993	WT901BLE68(F3:F0:16:BF:DC:AE)	-0.210	0.855	0.675	-10.620	-10.376	4.150	54.09	9.80	-73.59	-61.853	18.720	-16.260	0.68359	0.41519	-0.21255	-0.56125	25.8	null	null	13113	75
2026-05-27T17:13:17.081	WT901BLE68(F3:F0:16:BF:DC:AE)	-0.101	0.799	0.617	-15.015	-9.277	9.521	52.47	8.44	-73.99	-61.853	18.720	-16.260	0.68359	0.41519	-0.21255	-0.56125	25.8	null	null	13113	75
2026-05-27T17:13:17.206	WT901BLE68(F3:F0:16:BF:DC:AE)	0.051	0.843	0.658	-3.662	-4.700	15.320	51.42	7.04	-73.57	-61.853	18.720	-16.260	0.68359	0.41519	-0.21255	-0.56125	25.8	null	null	13113	75
2026-05-27T17:13:17.294	WT901BLE68(F3:F0:16:BF:DC:AE)	-0.196	0.832	0.633	23.071	14.343	12.512	52.81	5.89	-72.72	-61.853	18.720	-16.260	0.68359	0.41519	-0.21255	-0.56125	25.8	null	null	13113	75
2026-05-27T17:13:17.417	WT901BLE68(F3:F0:16:BF:DC:AE)	-0.120	0.866	0.575	15.564	10.864	9.644	54.85	5.57	-70.89	-61.853	18.720	-16.260	0.68359	0.41519	-0.21255	-0.56125	25.8	null	null	13113	75
2026-05-27T17:13:17.502	WT901BLE68(F3:F0:16:BF:DC:AE)	-0.035	0.796	0.458	13.123	22.949	9.583	56.29	5.89	-68.53	-61.853	18.720	-16.260	0.68359	0.41519	-0.21255	-0.56125	25.8	null	null	13113	75
2026-05-27T17:13:17.625	WT901BLE68(F3:F0:16:BF:DC:AE)	-0.123	0.826	0.471	3.784	7.568	7.385	57.35	5.92	-66.48	-61.853	18.720	-16.260	0.68359	0.41519	-0.21255	-0.56125	25.8	null	null	13113	75
2026-05-27T17:13:17.681	WT901BLE68(F3:F0:16:BF:DC:AE)	-0.027	0.849	0.632	-1.587	-52.856	-5.066	57.57	4.79	-67.99	-56.540	23.180	-18.173	0.68359	0.41519	-0.21255	-0.56125	25.8	null	null	13113	75
2026-05-27T17:13:17.805	WT901BLE68(F3:F0:16:BF:DC:AE)	-0.079	0.816	0.599	0.305	-18.311	-8.118	57.29	4.05	-70.11	-56.540	23.180	-18.173	0.68359	0.41519	-0.21255	-0.56125	25.8	null	null	13113	75
2026-05-27T17:13:17.890	WT901BLE68(F3:F0:16:BF:DC:AE)	-0.131	0.853	0.561	0.977	-15.991	-24.658	56.98	4.46	-72.30	-56.540	23.180	-18.173	0.70523	0.40628	-0.25198	-0.52344	25.8	null	null	13113	75
2026-05-27T17:13:18.013	WT901BLE68(F3:F0:16:BF:DC:AE)	-0.120	0.867	0.484	12.268	-5.615	-27.588	57.28	5.76	-74.14	-56.540	23.180	-18.173	0.70523	0.40628	-0.25198	-0.52344	25.8	null	null	13113	75
2026-05-27T17:13:18.105	WT901BLE68(F3:F0:16:BF:DC:AE)	-0.072	0.857	0.552	41.931	11.597	-26.001	59.60	7.72	-76.20	-56.540	23.180	-18.173	0.70523	0.40628	-0.25198	-0.52344	25.8	null	null	13113	75
2026-05-27T17:13:18.224	WT901BLE68(F3:F0:16:BF:DC:AE)	-0.237	0.947	0.264	23.682	-12.390	-12.085	63.12	10.03	-74.85	-56.540	23.180	-18.173	0.70523	0.40628	-0.25198	-0.52344	25.8	null	null	13113	75
2026-05-27T17:13:18.285	WT901BLE68(F3:F0:16:BF:DC:AE)	-0.165	0.923	0.471	17.944	-13.550	-9.705	64.41	9.84	-77.04	-56.540	23.180	-18.173	0.70523	0.40628	-0.25198	-0.52344	25.8	null	null	13113	75
2026-05-27T17:13:18.405	WT901BLE68(F3:F0:16:BF:DC:AE)	-0.185	0.844	0.365	5.005	-5.737	-3.296	65.39	10.36	-76.60	-56.540	23.180	-18.173	0.70523	0.40628	-0.25198	-0.52344	25.8	null	null	13113	75
2026-05-27T17:13:18.496	WT901BLE68(F3:F0:16:BF:DC:AE)	-0.322	0.881	0.489	-4.089	-1.709	-3.906	64.93	10.44	-77.36	-56.540	23.180	-18.173	0.70523	0.40628	-0.25198	-0.52344	25.8	null	null	13113	75
2026-05-27T17:13:18.612	WT901BLE68(F3:F0:16:BF:DC:AE)	-0.183	0.884	0.380	-16.602	-21.851	-1.892	63.76	10.52	-77.90	-60.693	19.887	-17.887	0.70523	0.40628	-0.25198	-0.52344	25.8	null	null	13113	75
2026-05-27T17:13:18.704	WT901BLE68(F3:F0:16:BF:DC:AE)	-0.133	0.830	0.477	-23.926	-2.319	11.292	61.65	9.60	-78.33	-60.693	19.887	-17.887	0.70523	0.40628	-0.25198	-0.52344	25.8	null	null	13113	75
2026-05-27T17:13:18.823	WT901BLE68(F3:F0:16:BF:DC:AE)	-0.165	0.934	0.435	-30.273	-49.866	5.981	58.70	7.45	-79.11	-60.693	19.887	-17.887	0.64340	0.43457	-0.26367	-0.57233	25.8	null	null	13113	75
2026-05-27T17:13:18.885	WT901BLE68(F3:F0:16:BF:DC:AE)	-0.200	0.958	0.676	17.700	-59.509	-13.611	58.51	4.15	-86.09	-60.693	19.887	-17.887	0.64340	0.43457	-0.26367	-0.57233	25.8	null	null	13113	75
2026-05-27T17:13:19.004	WT901BLE68(F3:F0:16:BF:DC:AE)	-0.042	0.929	0.483	18.555	-50.903	6.714	60.90	2.40	-87.76	-60.693	19.887	-17.887	0.64340	0.43457	-0.26367	-0.57233	25.8	null	null	13113	75
2026-05-27T17:13:19.092	WT901BLE68(F3:F0:16:BF:DC:AE)	-0.064	0.943	0.503	-4.150	-54.321	-0.488	60.97	-0.14	-91.36	-60.693	19.887	-17.887	0.64340	0.43457	-0.26367	-0.57233	25.8	null	null	13113	75
2026-05-27T17:13:19.213	WT901BLE68(F3:F0:16:BF:DC:AE)	0.049	0.859	0.438	-1.038	-45.532	4.761	61.04	-2.79	-94.60	-60.693	19.887	-17.887	0.64340	0.43457	-0.26367	-0.57233	25.8	null	null	13113	75
2026-05-27T17:13:19.336	WT901BLE68(F3:F0:16:BF:DC:AE)	0.139	0.834	0.538	-5.127	-22.278	3.174	60.92	-3.87	-94.85	-60.693	19.887	-17.887	0.64340	0.43457	-0.26367	-0.57233	25.8	null	null	13113	75
2026-05-27T17:13:19.422	WT901BLE68(F3:F0:16:BF:DC:AE)	0.166	0.832	0.502	-10.010	-17.883	-10.864	60.16	-3.81	-95.19	-60.693	19.887	-17.887	0.64340	0.43457	-0.26367	-0.57233	25.8	null	null	13113	75
2026-05-27T17:13:19.514	WT901BLE68(F3:F0:16:BF:DC:AE)	0.113	0.809	0.501	-10.498	-17.395	-9.460	59.21	-3.76	-96.42	-52.433	21.167	-1.513	0.64340	0.43457	-0.26367	-0.57233	25.8	null	null	13113	75
2026-05-27T17:13:19.634	WT901BLE68(F3:F0:16:BF:DC:AE)	0.106	0.853	0.544	-7.446	-31.921	-18.433	58.63	-4.31	-98.77	-52.433	21.167	-1.513	0.64340	0.43457	-0.26367	-0.57233	25.8	null	null	13113	75
2026-05-27T17:13:19.693	WT901BLE68(F3:F0:16:BF:DC:AE)	0.056	0.839	0.646	6.409	-36.926	-33.997	59.08	-4.05	-102.25	-52.433	21.167	-1.513	0.57050	0.28683	-0.39804	-0.65857	25.8	null	null	13113	75
2026-05-27T17:13:19.876	WT901BLE68(F3:F0:16:BF:DC:AE)	-0.003	0.908	0.543	31.372	-24.353	-35.645	61.39	-2.47	-105.51	-52.433	21.167	-1.513	0.57050	0.28683	-0.39804	-0.65857	25.8	null	null	13113	75
2026-05-27T17:13:19.901	WT901BLE68(F3:F0:16:BF:DC:AE)	-0.012	0.944	0.430	15.991	-32.227	-28.625	64.13	-0.88	-107.46	-52.433	21.167	-1.513	0.57050	0.28683	-0.39804	-0.65857	25.8	null	null	13113	75
2026-05-27T17:13:20.023	WT901BLE68(F3:F0:16:BF:DC:AE)	0.019	0.918	0.484	0.000	-31.799	-16.357	64.17	-0.81	-110.74	-52.433	21.167	-1.513	0.57050	0.28683	-0.39804	-0.65857	25.8	null	null	13113	75
2026-05-27T17:13:20.116	WT901BLE68(F3:F0:16:BF:DC:AE)	-0.003	0.884	0.439	-3.235	-19.775	-11.475	64.30	-0.40	-111.48	-52.433	21.167	-1.513	0.57050	0.28683	-0.39804	-0.65857	25.8	null	null	13113	75
2026-05-27T17:13:20.235	WT901BLE68(F3:F0:16:BF:DC:AE)	0.062	0.863	0.484	-8.179	-31.372	-3.601	63.74	-0.74	-112.84	-52.433	21.167	-1.513	0.57050	0.28683	-0.39804	-0.65857	25.8	null	null	13113	75
2026-05-27T17:13:20.292	WT901BLE68(F3:F0:16:BF:DC:AE)	0.002	0.874	0.611	-11.108	-25.940	2.930	62.62	-2.01	-113.84	-52.433	21.167	-1.513	0.57050	0.28683	-0.39804	-0.65857	25.8	null	null	13113	75
2026-05-27T17:13:20.412	WT901BLE68(F3:F0:16:BF:DC:AE)	0.150	0.880	0.547	-15.442	-39.917	1.526	61.27	-4.10	-116.04	-49.147	17.147	6.107	0.57050	0.28683	-0.39804	-0.65857	25.8	null	null	13113	75
2026-05-27T17:13:20.504	WT901BLE68(F3:F0:16:BF:DC:AE)	0.162	0.833	0.518	-16.846	-43.701	4.028	59.56	-6.42	-118.14	-49.147	17.147	6.107	0.57050	0.28683	-0.39804	-0.65857	25.8	null	null	13113	75
2026-05-27T17:13:20.622	WT901BLE68(F3:F0:16:BF:DC:AE)	0.241	0.857	0.569	-1.038	-42.664	0.183	58.43	-8.99	-120.40	-49.147	17.147	6.107	0.46875	0.20703	-0.45129	-0.73050	25.8	null	null	13113	75
2026-05-27T17:13:20.716	WT901BLE68(F3:F0:16:BF:DC:AE)	0.101	0.810	0.556	5.920	-34.729	14.832	59.27	-11.07	-121.53	-49.147	17.147	6.107	0.46875	0.20703	-0.45129	-0.73050	25.8	null	null	13113	75
2026-05-27T17:13:20.834	WT901BLE68(F3:F0:16:BF:DC:AE)	0.398	0.838	0.468	3.296	-35.706	2.075	59.99	-13.62	-122.72	-49.147	17.147	6.107	0.46875	0.20703	-0.45129	-0.73050	25.8	null	null	13113	75
2026-05-27T17:13:20.927	WT901BLE68(F3:F0:16:BF:DC:AE)	0.208	0.889	0.568	2.441	-19.958	8.789	61.03	-15.21	-123.42	-49.147	17.147	6.107	0.46875	0.20703	-0.45129	-0.73050	25.8	null	null	13113	75
2026-05-27T17:13:21.046	WT901BLE68(F3:F0:16:BF:DC:AE)	0.293	0.860	0.344	-2.197	-14.221	3.357	61.27	-16.50	-123.05	-49.147	17.147	6.107	0.46875	0.20703	-0.45129	-0.73050	25.8	null	null	13113	75
2026-05-27T17:13:21.103	WT901BLE68(F3:F0:16:BF:DC:AE)	0.251	0.838	0.388	0.610	-22.949	-4.150	61.60	-17.40	-123.54	-49.147	17.147	6.107	0.46875	0.20703	-0.45129	-0.73050	25.8	null	null	13113	75
2026-05-27T17:13:21.223	WT901BLE68(F3:F0:16:BF:DC:AE)	0.366	0.825	0.590	-3.784	-18.616	-12.939	62.14	-17.30	-124.00	-49.147	17.147	6.107	0.46875	0.20703	-0.45129	-0.73050	25.8	null	null	13113	75
2026-05-27T17:13:21.312	WT901BLE68(F3:F0:16:BF:DC:AE)	0.248	0.826	0.409	-8.240	-15.198	-34.180	62.36	-16.40	-125.21	-31.340	15.653	14.720	0.46875	0.20703	-0.45129	-0.73050	25.8	null	null	13113	75
2026-05-27T17:13:21.435	WT901BLE68(F3:F0:16:BF:DC:AE)	0.154	0.915	0.489	12.268	-1.709	-45.227	63.25	-13.30	-127.13	-31.340	15.653	14.720	0.46875	0.20703	-0.45129	-0.73050	25.8	null	null	13113	75
2026-05-27T17:13:21.525	WT901BLE68(F3:F0:16:BF:DC:AE)	0.178	0.921	0.420	-1.587	-13.428	-25.574	64.73	-10.34	-127.16	-31.340	15.653	14.720	0.42285	0.15720	-0.51141	-0.73132	25.8	null	null	13113	75
2026-05-27T17:13:21.643	WT901BLE68(F3:F0:16:BF:DC:AE)	0.022	0.940	0.443	0.000	-10.132	-13.611	64.95	-9.49	-127.36	-31.340	15.653	14.720	0.42285	0.15720	-0.51141	-0.73132	25.8	null	null	13113	75
2026-05-27T17:13:21.703	WT901BLE68(F3:F0:16:BF:DC:AE)	0.199	0.884	0.432	-9.827	-15.381	-9.399	64.90	-8.68	-127.06	-31.340	15.653	14.720	0.42285	0.15720	-0.51141	-0.73132	25.8	null	null	13113	75
2026-05-27T17:13:21.825	WT901BLE68(F3:F0:16:BF:DC:AE)	0.072	0.857	0.498	-8.118	-5.554	3.784	64.15	-9.23	-126.51	-31.340	15.653	14.720	0.42285	0.15720	-0.51141	-0.73132	25.8	null	null	13113	75
2026-05-27T17:13:21.911	WT901BLE68(F3:F0:16:BF:DC:AE)	0.205	0.798	0.539	-11.047	-15.625	14.221	63.08	-10.31	-124.45	-31.340	15.653	14.720	0.42285	0.15720	-0.51141	-0.73132	25.8	null	null	13113	75
2026-05-27T17:13:22.037	WT901BLE68(F3:F0:16:BF:DC:AE)	0.087	0.919	0.472	-16.113	-22.156	12.756	61.81	-12.06	-123.17	-31.340	15.653	14.720	0.42285	0.15720	-0.51141	-0.73132	25.8	null	null	13113	75
2026-05-27T17:13:22.125	WT901BLE68(F3:F0:16:BF:DC:AE)	0.277	0.878	0.427	6.531	-8.911	4.150	61.34	-13.82	-122.89	-31.340	15.653	14.720	0.42285	0.15720	-0.51141	-0.73132	25.8	null	null	13113	75
2026-05-27T17:13:22.246	WT901BLE68(F3:F0:16:BF:DC:AE)	0.165	0.880	0.318	16.602	12.268	2.808	63.05	-13.35	-120.16	-28.627	13.273	11.073	0.42285	0.15720	-0.51141	-0.73132	25.8	null	null	13113	75
2026-05-27T17:13:22.334	WT901BLE68(F3:F0:16:BF:DC:AE)	0.350	0.854	0.408	5.066	-2.075	-3.723	63.96	-12.75	-118.42	-28.627	13.273	11.073	0.42285	0.15720	-0.51141	-0.73132	25.8	null	null	13113	75
2026-05-27T17:13:22.456	WT901BLE68(F3:F0:16:BF:DC:AE)	0.159	0.856	0.382	1.038	13.184	-2.991	64.41	-12.02	-115.53	-28.627	13.273	11.073	0.48486	0.19385	-0.50043	-0.69052	25.8	null	null	13113	75
2026-05-27T17:13:22.512	WT901BLE68(F3:F0:16:BF:DC:AE)	0.265	0.848	0.449	-12.451	-9.094	-5.554	63.63	-11.68	-114.14	-28.627	13.273	11.073	0.48486	0.19385	-0.50043	-0.69052	25.8	null	null	13113	75
2026-05-27T17:13:22.636	WT901BLE68(F3:F0:16:BF:DC:AE)	0.369	0.985	0.589	-12.634	-2.319	-11.047	62.59	-10.88	-113.35	-28.627	13.273	11.073	0.48486	0.19385	-0.50043	-0.69052	25.8	null	null	13113	75
2026-05-27T17:13:22.725	WT901BLE68(F3:F0:16:BF:DC:AE)	0.169	0.891	0.429	-8.545	-10.254	-20.020	62.05	-9.61	-112.61	-28.627	13.273	11.073	0.48486	0.19385	-0.50043	-0.69052	25.8	null	null	13113	75
2026-05-27T17:13:22.850	WT901BLE68(F3:F0:16:BF:DC:AE)	0.232	1.061	0.369	-5.005	-41.443	-45.837	61.85	-7.83	-113.85	-28.627	13.273	11.073	0.48486	0.19385	-0.50043	-0.69052	25.8	null	null	13113	75
2026-05-27T17:13:22.933	WT901BLE68(F3:F0:16:BF:DC:AE)	0.140	0.880	0.438	-0.671	-24.109	-42.969	63.19	-5.97	-118.52	-28.627	13.273	11.073	0.48486	0.19385	-0.50043	-0.69052	25.8	null	null	13113	75
2026-05-27T17:13:23.086	WT901BLE68(F3:F0:16:BF:DC:AE)	-0.009	0.786	0.393	-17.212	-55.298	-42.480	62.05	-4.52	-122.83	-28.627	13.273	11.073	0.48486	0.19385	-0.50043	-0.69052	25.8	null	null	13113	75
2026-05-27T17:13:23.112	WT901BLE68(F3:F0:16:BF:DC:AE)	-0.134	0.860	0.435	-8.545	-17.212	-11.841	61.27	-3.57	-125.08	-33.647	17.113	4.307	0.48486	0.19385	-0.50043	-0.69052	25.8	null	null	13113	75
2026-05-27T17:13:23.232	WT901BLE68(F3:F0:16:BF:DC:AE)	0.114	0.813	0.504	-14.160	-14.221	-0.977	60.12	-3.24	-123.65	-33.647	17.113	4.307	0.48486	0.19385	-0.50043	-0.69052	25.8	null	null	13113	75
2026-05-27T17:13:23.323	WT901BLE68(F3:F0:16:BF:DC:AE)	-0.022	0.863	0.498	-20.935	-27.893	-0.610	58.35	-4.02	-123.08	-33.647	17.113	4.307	0.42496	0.21350	-0.44965	-0.75601	25.8	null	null	13113	75
2026-05-27T17:13:23.444	WT901BLE68(F3:F0:16:BF:DC:AE)	0.191	0.825	0.665	-19.592	-19.043	9.277	56.57	-5.48	-122.61	-33.647	17.113	4.307	0.42496	0.21350	-0.44965	-0.75601	25.8	null	null	13113	75
2026-05-27T17:13:23.532	WT901BLE68(F3:F0:16:BF:DC:AE)	0.192	0.916	0.542	-2.991	-18.555	-2.258	55.49	-7.14	-122.16	-33.647	17.113	4.307	0.42496	0.21350	-0.44965	-0.75601	25.8	null	null	13113	75
2026-05-27T17:13:23.659	WT901BLE68(F3:F0:16:BF:DC:AE)	0.049	0.804	0.407	3.418	-3.967	6.531	56.07	-7.49	-120.32	-33.647	17.113	4.307	0.42496	0.21350	-0.44965	-0.75601	25.8	null	null	13113	75
2026-05-27T17:13:23.742	WT901BLE68(F3:F0:16:BF:DC:AE)	0.120	0.747	0.495	-6.409	3.052	-8.057	55.61	-7.29	-118.19	-33.647	17.113	4.307	0.42496	0.21350	-0.44965	-0.75601	25.8	null	null	13113	75
2026-05-27T17:13:23.866	WT901BLE68(F3:F0:16:BF:DC:AE)	0.094	0.853	0.622	-0.793	-2.319	-0.305	55.62	-6.90	-116.32	-33.647	17.113	4.307	0.42496	0.21350	-0.44965	-0.75601	25.8	null	null	13113	75
2026-05-27T17:13:23.922	WT901BLE68(F3:F0:16:BF:DC:AE)	0.226	0.897	0.735	-4.639	0.977	-2.502	55.39	-6.94	-114.68	-33.647	17.113	4.307	0.42496	0.21350	-0.44965	-0.75601	25.8	null	null	13113	75
2026-05-27T17:13:24.041	WT901BLE68(F3:F0:16:BF:DC:AE)	0.270	0.836	0.503	-4.211	-6.165	-6.714	55.03	-6.97	-112.97	-32.040	19.653	5.413	0.42496	0.21350	-0.44965	-0.75601	25.8	null	null	13113	75
2026-05-27T17:13:24.132	WT901BLE68(F3:F0:16:BF:DC:AE)	0.181	0.846	0.484	0.549	-4.639	-16.541	54.85	-6.33	-111.82	-32.040	19.653	5.413	0.42496	0.21350	-0.44965	-0.75601	25.8	null	null	13113	75
2026-05-27T17:13:24.288	WT901BLE68(F3:F0:16:BF:DC:AE)	0.015	0.873	0.569	11.292	3.662	-32.593	55.97	-3.78	-110.08	-32.040	19.653	5.413	0.51849	0.22241	-0.40649	-0.71857	25.8	null	null	13113	75
2026-05-27T17:13:24.343	WT901BLE68(F3:F0:16:BF:DC:AE)	-0.049	0.914	0.678	21.179	14.771	-22.949	58.79	-1.18	-109.06	-32.040	19.653	5.413	0.51849	0.22241	-0.40649	-0.71857	25.8	null	null	13113	75
2026-05-27T17:13:24.463	WT901BLE68(F3:F0:16:BF:DC:AE)	0.027	0.891	0.319	-4.517	-34.668	-12.817	59.39	-0.63	-108.56	-32.040	19.653	5.413	0.51849	0.22241	-0.40649	-0.71857	25.8	null	null	13113	75
2026-05-27T17:13:24.560	WT901BLE68(F3:F0:16:BF:DC:AE)	0.085	0.784	0.558	-8.728	-12.634	-3.479	59.00	-0.63	-108.32	-32.040	19.653	5.413	0.51849	0.22241	-0.40649	-0.71857	25.8	null	null	13113	75
2026-05-27T17:13:24.671	WT901BLE68(F3:F0:16:BF:DC:AE)	-0.026	0.826	0.663	-19.714	-9.155	-0.061	57.69	-1.25	-107.31	-32.040	19.653	5.413	0.51849	0.22241	-0.40649	-0.71857	25.8	null	null	13113	75
2026-05-27T17:13:24.734	WT901BLE68(F3:F0:16:BF:DC:AE)	0.110	0.810	0.667	-26.245	17.395	6.592	55.27	-1.13	-104.94	-32.040	19.653	5.413	0.51849	0.22241	-0.40649	-0.71857	25.8	null	null	13113	75
2026-05-27T17:13:24.857	WT901BLE68(F3:F0:16:BF:DC:AE)	0.074	0.793	0.506	-20.874	-2.319	13.123	53.01	-1.54	-102.33	-32.040	19.653	5.413	0.51849	0.22241	-0.40649	-0.71857	25.8	null	null	13113	75
2026-05-27T17:13:24.947	WT901BLE68(F3:F0:16:BF:DC:AE)	-0.163	0.835	0.553	-11.536	-9.644	13.184	51.53	-3.00	-100.44	-40.753	23.920	4.227	0.51849	0.22241	-0.40649	-0.71857	25.8	null	null	13113	75
2026-05-27T17:13:25.064	WT901BLE68(F3:F0:16:BF:DC:AE)	0.130	0.872	0.661	17.090	6.958	10.803	52.88	-3.77	-98.55	-40.753	23.920	4.227	0.51849	0.22241	-0.40649	-0.71857	25.8	null	null	13113	75
2026-05-27T17:13:25.120	WT901BLE68(F3:F0:16:BF:DC:AE)	0.102	0.777	0.619	2.747	2.686	7.568	53.77	-4.68	-96.11	-40.753	23.920	4.227	0.60278	0.27249	-0.35931	-0.65817	25.8	null	null	13113	75
2026-05-27T17:13:25.279	WT901BLE68(F3:F0:16:BF:DC:AE)	0.120	0.847	0.681	-0.488	7.690	6.958	53.77	-4.95	-94.45	-40.753	23.920	4.227	0.60278	0.27249	-0.35931	-0.65817	25.8	null	null	13113	75
2026-05-27T17:13:25.332	WT901BLE68(F3:F0:16:BF:DC:AE)	0.186	0.856	0.654	-6.287	-1.587	1.465	53.28	-5.34	-92.78	-40.753	23.920	4.227	0.60278	0.27249	-0.35931	-0.65817	25.8	null	null	13113	75
2026-05-27T17:13:25.459	WT901BLE68(F3:F0:16:BF:DC:AE)	0.067	0.782	0.659	-11.169	0.000	-4.517	52.23	-5.34	-91.80	-40.753	23.920	4.227	0.60278	0.27249	-0.35931	-0.65817	25.8	null	null	13113	75
2026-05-27T17:13:25.545	WT901BLE68(F3:F0:16:BF:DC:AE)	0.123	0.758	0.565	-1.160	-2.441	-5.981	51.61	-5.02	-91.09	-40.753	23.920	4.227	0.60278	0.27249	-0.35931	-0.65817	25.8	null	null	13113	75
2026-05-27T17:13:25.665	WT901BLE68(F3:F0:16:BF:DC:AE)	0.201	0.771	0.638	0.916	-0.977	-8.545	51.44	-4.21	-90.44	-40.753	23.920	4.227	0.60278	0.27249	-0.35931	-0.65817	25.8	null	null	13113	75
2026-05-27T17:13:25.760	WT901BLE68(F3:F0:16:BF:DC:AE)	0.178	0.831	0.500	26.978	-14.954	-27.466	52.50	-3.35	-91.27	-40.753	23.920	4.227	0.60278	0.27249	-0.35931	-0.65817	25.8	null	null	13113	75
2026-05-27T17:13:25.870	WT901BLE68(F3:F0:16:BF:DC:AE)	0.036	0.823	0.293	28.748	13.489	-16.174	56.07	-1.35	-90.53	-43.167	29.320	4.127	0.60278	0.27249	-0.35931	-0.65817	25.8	null	null	13113	75
2026-05-27T17:13:25.936	WT901BLE68(F3:F0:16:BF:DC:AE)	-0.010	0.837	0.655	1.709	7.996	-1.099	57.58	0.59	-88.26	-43.167	29.320	4.127	0.60278	0.27249	-0.35931	-0.65817	25.8	null	null	13113	75
2026-05-27T17:13:26.055	WT901BLE68(F3:F0:16:BF:DC:AE)	0.037	0.882	0.633	-4.700	12.939	-1.160	57.68	0.97	-86.62	-43.167	29.320	4.127	0.62787	0.34961	-0.33151	-0.61121	25.8	null	null	13113	75
2026-05-27T17:13:26.173	WT901BLE68(F3:F0:16:BF:DC:AE)	-0.168	0.726	0.574	-10.620	-2.686	-3.113	56.84	1.34	-85.16	-43.167	29.320	4.127	0.62787	0.34961	-0.33151	-0.61121	25.8	null	null	13113	75
2026-05-27T17:13:26.265	WT901BLE68(F3:F0:16:BF:DC:AE)	0.088	0.787	0.585	-18.921	15.747	3.601	55.42	1.69	-83.83	-43.167	29.320	4.127	0.62787	0.34961	-0.33151	-0.61121	25.8	null	null	13113	75
2026-05-27T17:13:26.359	WT901BLE68(F3:F0:16:BF:DC:AE)	-0.116	0.838	0.625	-23.926	-9.705	5.737	53.25	1.36	-82.86	-43.167	29.320	4.127	0.62787	0.34961	-0.33151	-0.61121	25.8	null	null	13113	75
2026-05-27T17:13:26.475	WT901BLE68(F3:F0:16:BF:DC:AE)	0.016	0.870	0.500	-6.531	-15.686	10.254	51.39	0.13	-82.45	-43.167	29.320	4.127	0.62787	0.34961	-0.33151	-0.61121	25.8	null	null	13113	75
2026-05-27T17:13:26.565	WT901BLE68(F3:F0:16:BF:DC:AE)	-0.017	0.864	0.699	22.095	7.202	16.968	52.56	-1.29	-82.23	-43.167	29.320	4.127	0.62787	0.34961	-0.33151	-0.61121	25.8	null	null	13113	75
2026-05-27T17:13:26.682	WT901BLE68(F3:F0:16:BF:DC:AE)	0.058	0.727	0.396	8.789	-2.686	5.920	53.97	-2.22	-80.67	-43.167	29.320	4.127	0.62787	0.34961	-0.33151	-0.61121	25.8	null	null	13113	75
2026-05-27T17:13:26.742	WT901BLE68(F3:F0:16:BF:DC:AE)	0.172	0.866	0.622	6.165	-5.005	6.531	54.68	-2.47	-79.98	-47.087	34.867	5.300	0.62787	0.34961	-0.33151	-0.61121	25.8	null	null	13113	75
2026-05-27T17:13:26.863	WT901BLE68(F3:F0:16:BF:DC:AE)	0.030	0.802	0.533	-4.578	-11.658	-0.427	54.99	-2.89	-79.50	-47.087	34.867	5.300	0.62787	0.34961	-0.33151	-0.61121	25.8	null	null	13113	75
2026-05-27T17:13:26.951	WT901BLE68(F3:F0:16:BF:DC:AE)	0.141	0.818	0.619	-7.263	1.770	-7.019	54.42	-2.89	-79.69	-47.087	34.867	5.300	0.68909	0.33881	-0.31299	-0.55881	25.8	null	null	13113	75
2026-05-27T17:13:27.074	WT901BLE68(F3:F0:16:BF:DC:AE)	-0.085	0.768	0.534	-2.991	15.503	-7.385	53.78	-1.96	-79.01	-47.087	34.867	5.300	0.68909	0.33881	-0.31299	-0.55881	25.8	null	null	13113	75
2026-05-27T17:13:27.164	WT901BLE68(F3:F0:16:BF:DC:AE)	-0.032	0.809	0.581	4.272	-12.146	-21.057	54.00	-0.98	-79.53	-47.087	34.867	5.300	0.68909	0.33881	-0.31299	-0.55881	25.8	null	null	13113	75
2026-05-27T17:13:27.285	WT901BLE68(F3:F0:16:BF:DC:AE)	0.014	0.817	0.713	28.259	8.789	-9.888	55.96	-0.20	-81.90	-47.087	34.867	5.300	0.68909	0.33881	-0.31299	-0.55881	25.8	null	null	13113	75
2026-05-27T17:13:27.342	WT901BLE68(F3:F0:16:BF:DC:AE)	-0.036	0.938	0.549	11.902	-29.419	-10.742	58.27	0.12	-82.12	-47.087	34.867	5.300	0.68909	0.33881	-0.31299	-0.55881	25.8	null	null	13113	75
2026-05-27T17:13:27.470	WT901BLE68(F3:F0:16:BF:DC:AE)	-0.047	0.911	0.525	7.080	-20.874	-7.813	59.08	-0.31	-84.06	-47.087	34.867	5.300	0.68909	0.33881	-0.31299	-0.55881	25.8	null	null	13113	75
2026-05-27T17:13:27.551	WT901BLE68(F3:F0:16:BF:DC:AE)	0.021	0.874	0.495	-2.625	-5.127	-3.784	59.28	-0.38	-84.59	-47.087	34.867	5.300	0.68909	0.33881	-0.31299	-0.55881	25.8	null	null	13113	75
2026-05-27T17:13:27.674	WT901BLE68(F3:F0:16:BF:DC:AE)	-0.055	0.861	0.612	-8.057	-9.460	-6.348	58.99	0.12	-84.44	-47.393	38.307	4.633	0.68909	0.33881	-0.31299	-0.55881	25.8	null	null	13113	75
2026-05-27T17:13:27.774	WT901BLE68(F3:F0:16:BF:DC:AE)	0.064	0.853	0.537	-15.930	-23.987	0.977	57.81	-0.15	-85.08	-47.393	38.307	4.633	0.68909	0.33881	-0.31299	-0.55881	25.8	null	null	13113	75
2026-05-27T17:13:27.885	WT901BLE68(F3:F0:16:BF:DC:AE)	0.099	0.859	0.589	-15.686	-42.114	3.296	56.03	-1.74	-87.10	-47.393	38.307	4.633	0.64590	0.34909	-0.32822	-0.59424	25.8	null	null	13113	75
2026-05-27T17:13:27.974	WT901BLE68(F3:F0:16:BF:DC:AE)	0.030	0.875	0.600	5.066	-29.175	-3.601	55.56	-3.84	-89.14	-47.393	38.307	4.633	0.64590	0.34909	-0.32822	-0.59424	25.8	null	null	13113	75
2026-05-27T17:13:28.093	WT901BLE68(F3:F0:16:BF:DC:AE)	0.153	0.799	0.435	10.620	-15.747	9.827	57.10	-4.95	-89.81	-47.393	38.307	4.633	0.64590	0.34909	-0.32822	-0.59424	25.8	null	null	13113	75
2026-05-27T17:13:28.154	WT901BLE68(F3:F0:16:BF:DC:AE)	-0.025	0.880	0.551	1.770	-29.419	-0.977	57.77	-6.95	-91.25	-47.393	38.307	4.633	0.64590	0.34909	-0.32822	-0.59424	25.8	null	null	13113	75
2026-05-27T17:13:28.276	WT901BLE68(F3:F0:16:BF:DC:AE)	0.147	0.873	0.440	6.470	-9.216	-1.282	58.61	-7.47	-91.55	-47.393	38.307	4.633	0.64590	0.34909	-0.32822	-0.59424	25.8	null	null	13113	75
2026-05-27T17:13:28.372	WT901BLE68(F3:F0:16:BF:DC:AE)	0.210	0.880	0.566	-4.761	-32.837	-11.780	59.11	-7.95	-93.30	-47.393	38.307	4.633	0.64590	0.34909	-0.32822	-0.59424	25.8	null	null	13113	75
2026-05-27T17:13:28.485	WT901BLE68(F3:F0:16:BF:DC:AE)	0.126	0.860	0.602	-3.418	-18.860	-21.423	59.31	-7.37	-94.33	-47.393	38.307	4.633	0.64590	0.34909	-0.32822	-0.59424	25.8	null	null	13113	75
2026-05-27T17:13:28.572	WT901BLE68(F3:F0:16:BF:DC:AE)	0.296	0.820	0.451	-9.399	-41.687	-37.964	58.96	-6.46	-97.72	-37.047	35.267	12.793	0.64590	0.34909	-0.32822	-0.59424	25.8	null	null	13113	75
2026-05-27T17:13:28.728	WT901BLE68(F3:F0:16:BF:DC:AE)	-0.093	0.946	0.595	-14.709	-23.621	-65.918	58.31	-3.74	-102.01	-37.047	35.267	12.793	0.64590	0.34909	-0.32822	-0.59424	25.8	null	null	13113	75
2026-05-27T17:13:28.750	WT901BLE68(F3:F0:16:BF:DC:AE)	-0.136	0.839	0.617	33.997	-19.470	-43.091	60.04	-0.54	-107.06	-37.047	35.267	12.793	0.53589	0.28656	-0.39719	-0.68762	25.8	null	null	13113	75
2026-05-27T17:13:28.876	WT901BLE68(F3:F0:16:BF:DC:AE)	0.116	0.940	0.277	9.521	-17.700	-27.893	61.96	1.39	-109.03	-37.047	35.267	12.793	0.53589	0.28656	-0.39719	-0.68762	25.8	null	null	13113	75
2026-05-27T17:13:28.970	WT901BLE68(F3:F0:16:BF:DC:AE)	-0.042	0.958	0.636	3.601	-48.096	-21.606	62.73	1.84	-112.73	-37.047	35.267	12.793	0.53589	0.28656	-0.39719	-0.68762	25.8	null	null	13113	75
2026-05-27T17:13:29.083	WT901BLE68(F3:F0:16:BF:DC:AE)	0.093	0.838	0.507	-9.277	-34.729	-12.695	62.09	1.52	-114.29	-37.047	35.267	12.793	0.53589	0.28656	-0.39719	-0.68762	25.8	null	null	13113	75
2026-05-27T17:13:29.175	WT901BLE68(F3:F0:16:BF:DC:AE)	-0.065	0.843	0.576	-23.071	-35.828	-4.395	59.73	0.60	-116.09	-37.047	35.267	12.793	0.53589	0.28656	-0.39719	-0.68762	25.8	null	null	13113	75
2026-05-27T17:13:29.293	WT901BLE68(F3:F0:16:BF:DC:AE)	0.148	0.838	0.553	-11.292	-29.968	2.869	57.79	0.25	-115.27	-37.047	35.267	12.793	0.53589	0.28656	-0.39719	-0.68762	25.8	null	null	13113	75
2026-05-27T17:13:29.389	WT901BLE68(F3:F0:16:BF:DC:AE)	-0.013	0.876	0.587	-13.184	-46.387	3.845	56.42	-2.26	-116.84	-37.047	35.267	12.793	0.53589	0.28656	-0.39719	-0.68762	25.8	null	null	13113	75
2026-05-27T17:13:29.504	WT901BLE68(F3:F0:16:BF:DC:AE)	-0.063	0.897	0.411	10.742	-39.246	-8.728	56.37	-4.54	-119.00	-32.600	27.000	15.100	0.53589	0.28656	-0.39719	-0.68762	25.8	null	null	13113	75
2026-05-27T17:13:29.561	WT901BLE68(F3:F0:16:BF:DC:AE)	0.169	0.836	0.472	-0.977	-32.654	-0.793	57.27	-5.78	-119.42	-32.600	27.000	15.100	0.46310	0.20502	-0.43433	-0.74481	25.8	null	null	13113	75
2026-05-27T17:13:29.686	WT901BLE68(F3:F0:16:BF:DC:AE)	-0.031	0.876	0.512	11.963	-12.756	-4.517	58.18	-6.70	-119.94	-32.600	27.000	15.100	0.46310	0.20502	-0.43433	-0.74481	25.8	null	null	13113	75
2026-05-27T17:13:29.776	WT901BLE68(F3:F0:16:BF:DC:AE)	0.196	0.783	0.467	-3.174	-38.574	-3.601	58.91	-7.63	-119.77	-32.600	27.000	15.100	0.46310	0.20502	-0.43433	-0.74481	25.8	null	null	13113	75
2026-05-27T17:13:29.893	WT901BLE68(F3:F0:16:BF:DC:AE)	0.087	0.840	0.586	-9.399	-42.847	-6.226	58.56	-8.99	-121.16	-32.600	27.000	15.100	0.46310	0.20502	-0.43433	-0.74481	25.8	null	null	13113	75
2026-05-27T17:13:29.983	WT901BLE68(F3:F0:16:BF:DC:AE)	0.133	0.847	0.500	-9.949	-40.222	-14.038	58.06	-10.06	-122.56	-32.600	27.000	15.100	0.46310	0.20502	-0.43433	-0.74481	25.8	null	null	13113	75
2026-05-27T17:13:30.101	WT901BLE68(F3:F0:16:BF:DC:AE)	0.217	0.837	0.509	-14.221	-37.720	-20.203	57.45	-10.43	-124.39	-32.600	27.000	15.100	0.46310	0.20502	-0.43433	-0.74481	25.8	null	null	13113	75
2026-05-27T17:13:30.159	WT901BLE68(F3:F0:16:BF:DC:AE)	0.079	0.899	0.497	-4.578	-46.143	-49.316	57.06	-9.83	-128.00	-32.600	27.000	15.100	0.46310	0.20502	-0.43433	-0.74481	25.8	null	null	13113	75
2026-05-27T17:13:30.287	WT901BLE68(F3:F0:16:BF:DC:AE)	0.065	0.912	0.198	13.489	-18.433	-22.400	59.35	-8.05	-128.94	-32.600	27.000	15.100	0.46310	0.20502	-0.43433	-0.74481	25.8	null	null	13113	75
2026-05-27T17:13:30.373	WT901BLE68(F3:F0:16:BF:DC:AE)	0.148	0.805	0.500	-2.258	-28.381	-21.851	59.78	-7.71	-130.59	-27.340	24.913	10.387	0.46310	0.20502	-0.43433	-0.74481	25.8	null	null	13113	75
2026-05-27T17:13:30.498	WT901BLE68(F3:F0:16:BF:DC:AE)	0.174	0.835	0.400	-6.042	-28.564	-6.714	59.77	-7.80	-130.73	-27.340	24.913	10.387	0.46310	0.20502	-0.43433	-0.74481	25.8	null	null	13113	75
2026-05-27T17:13:30.582	WT901BLE68(F3:F0:16:BF:DC:AE)	0.090	0.859	0.520	-15.076	-38.574	-4.211	58.91	-8.93	-131.49	-27.340	24.913	10.387	0.39108	0.14841	-0.47617	-0.77344	25.8	null	null	13113	75
2026-05-27T17:13:30.704	WT901BLE68(F3:F0:16:BF:DC:AE)	0.175	0.788	0.526	-17.395	-28.381	3.418	57.68	-10.67	-131.18	-27.340	24.913	10.387	0.39108	0.14841	-0.47617	-0.77344	25.8	null	null	13113	75
2026-05-27T17:13:30.793	WT901BLE68(F3:F0:16:BF:DC:AE)	0.252	0.819	0.605	-12.573	-21.790	4.944	56.61	-12.36	-130.46	-27.340	24.913	10.387	0.39108	0.14841	-0.47617	-0.77344	25.8	null	null	13113	75
2026-05-27T17:13:30.913	WT901BLE68(F3:F0:16:BF:DC:AE)	0.214	0.911	0.626	-13.916	-37.354	0.488	55.62	-14.39	-129.79	-27.340	24.913	10.387	0.39108	0.14841	-0.47617	-0.77344	25.8	null	null	13113	75
2026-05-27T17:13:30.973	WT901BLE68(F3:F0:16:BF:DC:AE)	0.271	0.811	0.394	13.733	-24.963	-2.869	56.49	-15.64	-130.65	-27.340	24.913	10.387	0.39108	0.14841	-0.47617	-0.77344	25.8	null	null	13113	75
2026-05-27T17:13:31.096	WT901BLE68(F3:F0:16:BF:DC:AE)	0.305	0.839	0.403	7.080	-13.184	10.193	58.11	-16.74	-128.93	-27.340	24.913	10.387	0.39108	0.14841	-0.47617	-0.77344	25.8	null	null	13113	75
2026-05-27T17:13:31.182	WT901BLE68(F3:F0:16:BF:DC:AE)	0.316	0.827	0.553	-7.568	-26.550	-8.545	58.61	-17.83	-129.32	-27.340	24.913	10.387	0.39108	0.14841	-0.47617	-0.77344	25.8	null	null	13113	75
2026-05-27T17:13:31.303	WT901BLE68(F3:F0:16:BF:DC:AE)	0.248	0.787	0.491	-10.071	-15.747	-4.456	58.65	-18.52	-129.18	-24.447	18.740	12.640	0.39108	0.14841	-0.47617	-0.77344	25.8	null	null	13113	75
2026-05-27T17:13:31.397	WT901BLE68(F3:F0:16:BF:DC:AE)	0.189	0.789	0.345	-9.644	-26.733	-7.263	58.18	-18.90	-128.75	-24.447	18.740	12.640	0.39108	0.14841	-0.47617	-0.77344	25.8	null	null	13113	75
2026-05-27T17:13:31.513	WT901BLE68(F3:F0:16:BF:DC:AE)	0.293	0.827	0.505	-11.536	-19.470	-18.982	57.98	-18.91	-129.10	-24.447	18.740	12.640	0.44473	0.07697	-0.49445	-0.74277	25.8	null	null	13113	75
2026-05-27T17:13:31.572	WT901BLE68(F3:F0:16:BF:DC:AE)	0.319	0.814	0.521	-10.925	-20.752	-24.658	57.76	-18.12	-129.85	-24.447	18.740	12.640	0.44473	0.07697	-0.49445	-0.74277	25.8	null	null	13113	75
2026-05-27T17:13:31.696	WT901BLE68(F3:F0:16:BF:DC:AE)	0.227	0.889	0.551	2.563	-23.376	-42.542	58.06	-16.77	-131.84	-24.447	18.740	12.640	0.44473	0.07697	-0.49445	-0.74277	25.8	null	null	13113	75
2026-05-27T17:13:31.785	WT901BLE68(F3:F0:16:BF:DC:AE)	0.188	0.857	0.323	-7.446	-19.165	-32.715	59.19	-14.39	-132.24	-24.447	18.740	12.640	0.44473	0.07697	-0.49445	-0.74277	25.8	null	null	13113	75
2026-05-27T17:13:31.905	WT901BLE68(F3:F0:16:BF:DC:AE)	0.104	0.873	0.560	-9.155	-2.869	-30.090	58.96	-12.43	-133.19	-24.447	18.740	12.640	0.44473	0.07697	-0.49445	-0.74277	25.8	null	null	13113	75
2026-05-27T17:13:31.994	WT901BLE68(F3:F0:16:BF:DC:AE)	0.203	0.808	0.444	-9.216	-19.653	-23.071	58.71	-10.30	-132.45	-24.447	18.740	12.640	0.44473	0.07697	-0.49445	-0.74277	25.8	null	null	13113	75
2026-05-27T17:13:32.117	WT901BLE68(F3:F0:16:BF:DC:AE)	0.274	0.839	0.630	-15.198	-8.606	-10.437	57.88	-9.21	-131.61	-24.447	18.740	12.640	0.44473	0.07697	-0.49445	-0.74277	25.8	null	null	13113	75
2026-05-27T17:13:32.173	WT901BLE68(F3:F0:16:BF:DC:AE)	0.100	0.795	0.583	-19.409	6.226	-2.563	56.43	-8.77	-129.83	-24.420	15.740	7.473	0.44473	0.07697	-0.49445	-0.74277	25.8	null	null	13113	75
2026-05-27T17:13:32.329	WT901BLE68(F3:F0:16:BF:DC:AE)	0.161	0.772	0.613	-14.160	-8.179	3.113	54.87	-8.98	-127.80	-24.420	15.740	7.473	0.44473	0.07697	-0.49445	-0.74277	25.8	null	null	13113	75
2026-05-27T17:13:32.381	WT901BLE68(F3:F0:16:BF:DC:AE)	0.174	0.790	0.613	-0.244	-16.663	-4.822	53.90	-9.54	-126.10	-24.420	15.740	7.473	0.43228	0.13940	-0.43738	-0.77606	25.8	null	null	13113	75
2026-05-27T17:13:32.504	WT901BLE68(F3:F0:16:BF:DC:AE)	0.128	0.835	0.481	-3.479	-3.479	-3.845	54.42	-9.54	-124.66	-24.420	15.740	7.473	0.43228	0.13940	-0.43738	-0.77606	25.8	null	null	13113	75
2026-05-27T17:13:32.594	WT901BLE68(F3:F0:16:BF:DC:AE)	0.040	0.841	0.625	-7.507	-2.441	-23.315	54.11	-8.79	-124.11	-24.420	15.740	7.473	0.43228	0.13940	-0.43738	-0.77606	25.8	null	null	13113	75
2026-05-27T17:13:32.714	WT901BLE68(F3:F0:16:BF:DC:AE)	0.174	0.810	0.621	-8.972	2.136	-25.391	53.84	-6.83	-123.58	-24.420	15.740	7.473	0.43228	0.13940	-0.43738	-0.77606	25.8	null	null	13113	75
2026-05-27T17:13:32.805	WT901BLE68(F3:F0:16:BF:DC:AE)	0.116	0.785	0.534	-9.766	-4.639	-23.010	53.21	-5.38	-123.39	-24.420	15.740	7.473	0.43228	0.13940	-0.43738	-0.77606	25.8	null	null	13113	75
2026-05-27T17:13:32.924	WT901BLE68(F3:F0:16:BF:DC:AE)	0.163	0.776	0.673	-7.568	-8.484	-25.085	52.42	-4.09	-123.39	-24.420	15.740	7.473	0.43228	0.13940	-0.43738	-0.77606	25.8	null	null	13113	75
2026-05-27T17:13:32.983	WT901BLE68(F3:F0:16:BF:DC:AE)	0.052	0.791	0.637	1.343	20.752	-21.362	51.88	-1.83	-121.96	-26.980	11.420	6.107	0.43228	0.13940	-0.43738	-0.77606	25.8	null	null	13113	75
2026-05-27T17:13:33.104	WT901BLE68(F3:F0:16:BF:DC:AE)	0.094	0.842	0.644	0.793	23.987	-31.128	51.97	1.13	-119.97	-26.980	11.420	6.107	0.43228	0.13940	-0.43738	-0.77606	25.8	null	null	13113	75
2026-05-27T17:13:33.192	WT901BLE68(F3:F0:16:BF:DC:AE)	-0.142	0.771	0.649	14.465	-6.836	-27.710	53.12	3.81	-120.26	-26.980	11.420	6.107	0.43228	0.13940	-0.43738	-0.77606	25.8	null	null	13113	75
2026-05-27T17:13:33.313	WT901BLE68(F3:F0:16:BF:DC:AE)	0.127	0.901	0.511	14.526	-16.907	-10.010	54.38	2.63	-123.07	-26.980	11.420	6.107	0.43018	0.24973	-0.37384	-0.78278	25.8	null	null	13113	75
2026-05-27T17:13:33.405	WT901BLE68(F3:F0:16:BF:DC:AE)	0.010	0.876	0.755	14.526	-19.165	-5.554	56.00	3.33	-121.56	-26.980	11.420	6.107	0.43018	0.24973	-0.37384	-0.78278	25.8	null	null	13113	75
2026-05-27T17:13:33.557	WT901BLE68(F3:F0:16:BF:DC:AE)	0.089	0.865	0.614	-5.005	-1.465	1.587	56.24	3.37	-118.53	-26.980	11.420	6.107	0.43018	0.24973	-0.37384	-0.78278	25.8	null	null	13113	75
2026-05-27T17:13:33.581	WT901BLE68(F3:F0:16:BF:DC:AE)	-0.235	0.839	0.627	-13.306	-3.052	-8.728	54.81	3.78	-115.99	-26.980	11.420	6.107	0.43018	0.24973	-0.37384	-0.78278	25.8	null	null	13113	75
2026-05-27T17:13:33.739	WT901BLE68(F3:F0:16:BF:DC:AE)	-0.053	0.824	0.585	-12.085	8.972	4.211	53.26	4.11	-113.23	-26.980	11.420	6.107	0.43018	0.24973	-0.37384	-0.78278	25.8	null	null	13113	75
2026-05-27T17:13:33.795	WT901BLE68(F3:F0:16:BF:DC:AE)	-0.110	0.809	0.607	-7.935	-5.127	12.451	52.24	3.37	-110.28	-26.980	11.420	6.107	0.43018	0.24973	-0.37384	-0.78278	25.8	null	null	13113	75
2026-05-27T17:13:33.914	WT901BLE68(F3:F0:16:BF:DC:AE)	-0.050	0.790	0.572	8.362	38.147	16.724	52.80	2.79	-106.73	-26.980	11.420	6.107	0.43018	0.24973	-0.37384	-0.78278	25.8	null	null	13113	75
2026-05-27T17:13:34.002	WT901BLE68(F3:F0:16:BF:DC:AE)	0.034	0.810	0.555	-6.165	10.193	11.963	53.26	3.16	-101.07	-27.767	12.413	-3.660	0.43018	0.24973	-0.37384	-0.78278	25.8	null	null	13113	75
2026-05-27T17:13:34.127	WT901BLE68(F3:F0:16:BF:DC:AE)	-0.118	0.809	0.677	-2.136	-3.174	-2.014	52.73	2.94	-98.78	-27.767	12.413	-3.660	0.43018	0.24973	-0.37384	-0.78278	25.8	null	null	13113	75
2026-05-27T17:13:34.213	WT901BLE68(F3:F0:16:BF:DC:AE)	0.023	0.801	0.552	-5.493	13.428	4.456	52.56	3.39	-95.18	-27.767	12.413	-3.660	0.58255	0.31091	-0.31757	-0.68042	25.8	null	null	13113	75
2026-05-27T17:13:34.335	WT901BLE68(F3:F0:16:BF:DC:AE)	-0.042	0.774	0.786	-10.376	16.296	2.686	51.93	4.14	-91.76	-27.767	12.413	-3.660	0.58255	0.31091	-0.31757	-0.68042	25.8	null	null	13113	75
2026-05-27T17:13:34.395	WT901BLE68(F3:F0:16:BF:DC:AE)	-0.162	0.713	0.526	0.000	31.555	-1.953	51.38	5.42	-87.76	-27.767	12.413	-3.660	0.58255	0.31091	-0.31757	-0.68042	25.8	null	null	13113	75
2026-05-27T17:13:34.515	WT901BLE68(F3:F0:16:BF:DC:AE)	-0.025	0.716	0.655	3.296	33.813	9.155	51.93	6.96	-83.45	-27.767	12.413	-3.660	0.58255	0.31091	-0.31757	-0.68042	25.8	null	null	13113	75
2026-05-27T17:13:34.606	WT901BLE68(F3:F0:16:BF:DC:AE)	-0.018	0.910	0.545	19.043	15.564	12.085	53.43	7.44	-79.80	-27.767	12.413	-3.660	0.58255	0.31091	-0.31757	-0.68042	25.8	null	null	13113	75
2026-05-27T17:13:34.722	WT901BLE68(F3:F0:16:BF:DC:AE)	0.092	0.863	0.465	3.967	-2.319	8.667	55.35	7.56	-76.40	-27.767	12.413	-3.660	0.58255	0.31091	-0.31757	-0.68042	25.8	null	null	13113	75
2026-05-27T17:13:34.848	WT901BLE68(F3:F0:16:BF:DC:AE)	-0.195	0.813	0.640	-2.930	6.470	15.381	55.08	6.36	-74.21	-27.767	12.413	-3.660	0.58255	0.31091	-0.31757	-0.68042	25.8	null	null	13113	75
2026-05-27T17:13:34.933	WT901BLE68(F3:F0:16:BF:DC:AE)	-0.104	0.785	0.564	-10.803	11.536	10.742	54.59	6.15	-70.65	-27.193	18.333	-14.267	0.58255	0.31091	-0.31757	-0.68042	25.8	null	null	13113	75
2026-05-27T17:13:35.022	WT901BLE68(F3:F0:16:BF:DC:AE)	-0.104	0.784	0.705	-18.188	9.766	18.433	53.09	5.44	-68.01	-27.193	18.333	-14.267	0.72446	0.39551	-0.21683	-0.52112	25.8	null	null	13113	75
2026-05-27T17:13:35.147	WT901BLE68(F3:F0:16:BF:DC:AE)	-0.120	0.768	0.607	-20.447	22.949	24.841	51.37	4.76	-64.06	-27.193	18.333	-14.267	0.72446	0.39551	-0.21683	-0.52112	25.8	null	null	13113	75
2026-05-27T17:13:35.236	WT901BLE68(F3:F0:16:BF:DC:AE)	-0.110	0.707	0.525	-18.005	24.109	31.677	49.58	3.91	-59.53	-27.193	18.333	-14.267	0.72446	0.39551	-0.21683	-0.52112	25.8	null	null	13113	75
2026-05-27T17:13:35.324	WT901BLE68(F3:F0:16:BF:DC:AE)	0.008	0.845	0.549	-0.061	4.944	40.771	48.62	2.05	-55.38	-27.193	18.333	-14.267	0.72446	0.39551	-0.21683	-0.52112	25.8	null	null	13113	75
2026-05-27T17:13:35.416	WT901BLE68(F3:F0:16:BF:DC:AE)	-0.011	0.789	0.652	6.042	50.781	46.082	49.74	1.16	-48.84	-27.193	18.333	-14.267	0.72446	0.39551	-0.21683	-0.52112	25.8	null	null	13113	75
2026-05-27T17:13:35.536	WT901BLE68(F3:F0:16:BF:DC:AE)	-0.006	0.772	0.807	1.648	23.193	15.930	50.23	1.18	-44.28	-27.193	18.333	-14.267	0.72446	0.39551	-0.21683	-0.52112	25.8	null	null	13113	75
2026-05-27T17:13:35.624	WT901BLE68(F3:F0:16:BF:DC:AE)	0.015	0.751	0.616	1.587	38.635	21.667	50.32	1.75	-40.40	-27.193	18.333	-14.267	0.72446	0.39551	-0.21683	-0.52112	25.8	null	null	13113	75
2026-05-27T17:13:35.744	WT901BLE68(F3:F0:16:BF:DC:AE)	-0.019	0.755	0.712	-0.183	27.710	14.526	50.28	2.04	-37.07	-27.193	18.333	-14.267	0.72446	0.39551	-0.21683	-0.52112	25.8	null	null	13113	75
2026-05-27T17:13:35.805	WT901BLE68(F3:F0:16:BF:DC:AE)	-0.077	0.758	0.717	0.549	34.363	9.338	50.37	3.02	-34.03	-15.727	19.700	-9.340	0.72446	0.39551	-0.21683	-0.52112	25.8	null	null	13113	75
2026-05-27T17:13:35.922	WT901BLE68(F3:F0:16:BF:DC:AE)	0.069	0.868	0.505	1.587	35.095	8.728	50.12	5.36	-31.82	-15.727	19.700	-9.340	0.72446	0.39551	-0.21683	-0.52112	25.8	null	null	13113	75
2026-05-27T17:13:36.014	WT901BLE68(F3:F0:16:BF:DC:AE)	0.084	0.781	0.722	15.259	26.794	8.972	52.05	7.04	-27.58	-15.727	19.700	-9.340	0.86514	0.42746	-0.06302	-0.25436	25.8	null	null	13113	75
2026-05-27T17:13:36.134	WT901BLE68(F3:F0:16:BF:DC:AE)	-0.133	0.759	0.500	15.625	49.072	16.724	54.49	8.42	-23.85	-15.727	19.700	-9.340	0.86514	0.42746	-0.06302	-0.25436	25.8	null	null	13113	75
2026-05-27T17:13:36.224	WT901BLE68(F3:F0:16:BF:DC:AE)	-0.122	0.871	0.652	1.221	24.048	4.333	55.57	9.60	-20.86	-15.727	19.700	-9.340	0.86514	0.42746	-0.06302	-0.25436	25.8	null	null	13113	75
2026-05-27T17:13:36.345	WT901BLE68(F3:F0:16:BF:DC:AE)	-0.124	0.806	0.524	2.625	40.283	9.155	56.34	10.84	-18.87	-15.727	19.700	-9.340	0.86514	0.42746	-0.06302	-0.25436	25.8	null	null	13113	75
2026-05-27T17:13:36.433	WT901BLE68(F3:F0:16:BF:DC:AE)	-0.223	0.840	0.537	-11.169	26.489	3.357	56.27	12.19	-16.42	-15.727	19.700	-9.340	0.86514	0.42746	-0.06302	-0.25436	25.8	null	null	13113	75
2026-05-27T17:13:36.550	WT901BLE68(F3:F0:16:BF:DC:AE)	-0.150	0.780	0.562	-17.273	36.743	13.489	55.26	13.21	-14.60	-15.727	19.700	-9.340	0.86514	0.42746	-0.06302	-0.25436	25.8	null	null	13113	75
2026-05-27T17:13:36.609	WT901BLE68(F3:F0:16:BF:DC:AE)	-0.283	0.821	0.604	-16.113	38.330	19.775	54.42	13.94	-11.53	-14.460	24.380	-5.693	0.86514	0.42746	-0.06302	-0.25436	25.8	null	null	13113	75
2026-05-27T17:13:36.732	WT901BLE68(F3:F0:16:BF:DC:AE)	-0.278	0.743	0.625	-16.479	33.752	23.621	53.83	14.17	-8.57	-14.460	24.380	-5.693	0.86514	0.42746	-0.06302	-0.25436	25.8	null	null	13113	75
2026-05-27T17:13:36.824	WT901BLE68(F3:F0:16:BF:DC:AE)	-0.178	0.819	0.663	-1.587	36.682	33.997	53.38	13.15	-6.11	-14.460	24.380	-5.693	0.86514	0.42746	-0.06302	-0.25436	25.8	null	null	13113	75
2026-05-27T17:13:36.941	WT901BLE68(F3:F0:16:BF:DC:AE)	-0.146	0.835	0.553	-11.841	34.668	16.418	54.31	13.43	-2.43	-14.460	24.380	-5.693	0.88336	0.45239	0.08118	-0.09128	25.8	null	null	13113	75
2026-05-27T17:13:37.030	WT901BLE68(F3:F0:16:BF:DC:AE)	-0.126	0.830	0.654	-10.681	35.583	15.869	53.85	13.89	-1.63	-14.460	24.380	-5.693	0.88336	0.45239	0.08118	-0.09128	25.8	null	null	13113	75
2026-05-27T17:13:37.157	WT901BLE68(F3:F0:16:BF:DC:AE)	-0.236	0.780	0.602	-10.315	33.081	13.367	53.76	14.53	-0.59	-14.460	24.380	-5.693	0.88336	0.45239	0.08118	-0.09128	25.8	null	null	13113	75
2026-05-27T17:13:37.213	WT901BLE68(F3:F0:16:BF:DC:AE)	-0.271	0.809	0.598	-5.737	36.743	1.953	53.75	15.80	-0.07	-14.460	24.380	-5.693	0.88336	0.45239	0.08118	-0.09128	25.8	null	null	13113	75
2026-05-27T17:13:37.337	WT901BLE68(F3:F0:16:BF:DC:AE)	-0.263	0.757	0.492	-0.854	33.020	-3.540	54.32	17.59	-0.24	-14.460	24.380	-5.693	0.88336	0.45239	0.08118	-0.09128	25.8	null	null	13113	75
2026-05-27T17:13:37.425	WT901BLE68(F3:F0:16:BF:DC:AE)	-0.258	0.836	0.545	12.451	17.395	0.732	54.93	18.88	-1.63	-14.460	24.380	-5.693	0.88336	0.45239	0.08118	-0.09128	25.8	null	null	13113	75
2026-05-27T17:13:37.543	WT901BLE68(F3:F0:16:BF:DC:AE)	-0.291	0.865	0.347	12.817	36.011	6.409	57.35	19.71	-1.57	-14.460	24.380	-5.693	0.88336	0.45239	0.08118	-0.09128	25.8	null	null	13113	75
2026-05-27T17:13:37.634	WT901BLE68(F3:F0:16:BF:DC:AE)	-0.354	0.822	0.583	0.793	14.465	2.502	58.90	20.34	-2.65	-17.300	21.207	2.820	0.88336	0.45239	0.08118	-0.09128	25.8	null	null	13113	75
2026-05-27T17:13:37.756	WT901BLE68(F3:F0:16:BF:DC:AE)	-0.353	0.797	0.442	-6.226	12.695	8.606	59.07	20.47	-3.62	-17.300	21.207	2.820	0.88336	0.45239	0.08118	-0.09128	25.8	null	null	13113	75
2026-05-27T17:13:37.813	WT901BLE68(F3:F0:16:BF:DC:AE)	-0.381	0.789	0.515	-19.348	5.981	7.385	58.31	20.03	-5.45	-17.300	21.207	2.820	0.85318	0.48938	0.13443	-0.12003	25.8	null	null	13113	75
2026-05-27T17:13:37.965	WT901BLE68(F3:F0:16:BF:DC:AE)	-0.436	0.816	0.516	-20.020	15.076	11.536	56.84	19.82	-6.88	-17.300	21.207	2.820	0.85318	0.48938	0.13443	-0.12003	25.8	null	null	13113	75
2026-05-27T17:13:38.023	WT901BLE68(F3:F0:16:BF:DC:AE)	-0.325	0.767	0.496	-19.104	13.062	15.503	55.59	19.43	-7.77	-17.300	21.207	2.820	0.85318	0.48938	0.13443	-0.12003	25.8	null	null	13113	75
2026-05-27T17:13:38.145	WT901BLE68(F3:F0:16:BF:DC:AE)	-0.361	0.856	0.597	-18.982	2.747	17.639	54.33	18.66	-8.85	-17.300	21.207	2.820	0.85318	0.48938	0.13443	-0.12003	25.8	null	null	13113	75
2026-05-27T17:13:38.235	WT901BLE68(F3:F0:16:BF:DC:AE)	-0.238	0.748	0.555	-7.935	1.648	23.865	52.98	16.28	-11.44	-17.300	21.207	2.820	0.85318	0.48938	0.13443	-0.12003	25.8	null	null	13113	75
2026-05-27T17:13:38.355	WT901BLE68(F3:F0:16:BF:DC:AE)	-0.236	0.835	0.500	-11.719	4.639	20.813	53.04	14.92	-12.46	-17.300	21.207	2.820	0.85318	0.48938	0.13443	-0.12003	25.8	null	null	13113	75
2026-05-27T17:13:38.445	WT901BLE68(F3:F0:16:BF:DC:AE)	-0.111	0.798	0.598	-7.507	4.883	11.719	52.41	13.69	-14.92	-17.300	21.207	2.820	0.85318	0.48938	0.13443	-0.12003	25.8	null	null	13113	75
2026-05-27T17:13:38.564	WT901BLE68(F3:F0:16:BF:DC:AE)	-0.124	0.745	0.573	-5.066	8.850	8.667	52.54	13.48	-16.64	-12.680	15.087	6.767	0.85318	0.48938	0.13443	-0.12003	25.8	null	null	13113	75
2026-05-27T17:13:38.621	WT901BLE68(F3:F0:16:BF:DC:AE)	-0.240	0.771	0.528	-0.732	3.235	-5.066	52.44	13.91	-18.95	-12.680	15.087	6.767	0.87033	0.45029	0.03583	-0.19595	25.8	null	null	13113	75
2026-05-27T17:13:38.743	WT901BLE68(F3:F0:16:BF:DC:AE)	-0.099	0.762	0.511	3.723	-8.179	-10.742	52.36	14.42	-22.34	-12.680	15.087	6.767	0.87033	0.45029	0.03583	-0.19595	25.8	null	null	13113	75
2026-05-27T17:13:38.836	WT901BLE68(F3:F0:16:BF:DC:AE)	-0.249	0.833	0.581	12.085	-0.916	-20.691	52.42	15.30	-26.32	-12.680	15.087	6.767	0.87033	0.45029	0.03583	-0.19595	25.8	null	null	13113	75
2026-05-27T17:13:38.953	WT901BLE68(F3:F0:16:BF:DC:AE)	-0.308	0.817	0.604	34.424	-8.301	-15.930	53.96	16.68	-30.02	-12.680	15.087	6.767	0.87033	0.45029	0.03583	-0.19595	25.8	null	null	13113	75
2026-05-27T17:13:39.043	WT901BLE68(F3:F0:16:BF:DC:AE)	-0.285	0.869	0.429	26.245	-3.113	-6.165	56.85	16.70	-31.19	-12.680	15.087	6.767	0.87033	0.45029	0.03583	-0.19595	25.8	null	null	13113	75
2026-05-27T17:13:39.171	WT901BLE68(F3:F0:16:BF:DC:AE)	-0.343	0.846	0.535	8.728	-21.057	2.136	57.89	16.03	-33.83	-12.680	15.087	6.767	0.87033	0.45029	0.03583	-0.19595	25.8	null	null	13113	75
2026-05-27T17:13:39.223	WT901BLE68(F3:F0:16:BF:DC:AE)	-0.244	0.870	0.523	11.292	-12.939	6.287	58.86	14.97	-34.18	-12.680	15.087	6.767	0.87033	0.45029	0.03583	-0.19595	25.8	null	null	13113	75
2026-05-27T17:13:39.375	WT901BLE68(F3:F0:16:BF:DC:AE)	-0.370	0.826	0.517	0.183	-5.371	7.446	58.94	13.83	-34.24	-12.680	15.087	6.767	0.87033	0.45029	0.03583	-0.19595	25.8	null	null	13113	75
2026-05-27T17:13:39.435	WT901BLE68(F3:F0:16:BF:DC:AE)	-0.232	0.832	0.520	-7.813	-13.550	11.353	58.63	12.71	-33.60	-9.993	23.980	-2.793	0.87033	0.45029	0.03583	-0.19595	25.8	null	null	13113	75
2026-05-27T17:13:39.555	WT901BLE68(F3:F0:16:BF:DC:AE)	-0.314	0.883	0.543	-9.277	-18.188	11.292	57.68	10.93	-32.99	-9.993	23.980	-2.793	0.87033	0.45029	0.03583	-0.19595	25.8	null	null	13113	75
2026-05-27T17:13:39.643	WT901BLE68(F3:F0:16:BF:DC:AE)	-0.090	0.795	0.491	-11.353	-61.523	21.057	56.39	7.55	-34.00	-9.993	23.980	-2.793	0.82642	0.47919	-0.06284	-0.28870	25.8	null	null	13113	75
2026-05-27T17:13:39.763	WT901BLE68(F3:F0:16:BF:DC:AE)	-0.126	0.860	0.472	12.146	-64.026	6.104	55.88	2.99	-36.86	-9.993	23.980	-2.793	0.82642	0.47919	-0.06284	-0.28870	25.8	null	null	13113	75
2026-05-27T17:13:39.853	WT901BLE68(F3:F0:16:BF:DC:AE)	0.033	0.889	0.533	6.042	-46.631	6.165	57.03	0.88	-36.93	-9.993	23.980	-2.793	0.82642	0.47919	-0.06284	-0.28870	25.8	null	null	13113	75
2026-05-27T17:13:39.976	WT901BLE68(F3:F0:16:BF:DC:AE)	-0.098	0.900	0.557	2.563	-57.251	-6.226	57.15	-1.23	-38.91	-9.993	23.980	-2.793	0.82642	0.47919	-0.06284	-0.28870	25.8	null	null	13113	75
2026-05-27T17:13:40.035	WT901BLE68(F3:F0:16:BF:DC:AE)	0.039	0.878	0.583	-0.122	-50.659	1.282	57.78	-3.57	-41.06	-9.993	23.980	-2.793	0.82642	0.47919	-0.06284	-0.28870	25.8	null	null	13113	75
2026-05-27T17:13:40.153	WT901BLE68(F3:F0:16:BF:DC:AE)	0.184	0.778	0.569	-5.798	-60.730	-5.066	57.72	-6.30	-44.17	-9.993	23.980	-2.793	0.82642	0.47919	-0.06284	-0.28870	25.8	null	null	13113	75
2026-05-27T17:13:40.246	WT901BLE68(F3:F0:16:BF:DC:AE)	0.184	0.808	0.567	-6.897	-55.420	-12.878	57.78	-8.42	-47.11	-9.993	23.980	-2.793	0.82642	0.47919	-0.06284	-0.28870	25.8	null	null	13113	75
2026-05-27T17:13:40.369	WT901BLE68(F3:F0:16:BF:DC:AE)	0.061	0.817	0.495	-7.080	-49.072	-23.743	57.79	-9.59	-50.20	-0.020	24.727	-23.760	0.82642	0.47919	-0.06284	-0.28870	25.8	null	null	13113	75
2026-05-27T17:13:40.457	WT901BLE68(F3:F0:16:BF:DC:AE)	0.194	0.873	0.440	8.057	-53.650	-49.561	58.55	-9.05	-54.05	-0.020	24.727	-23.760	0.82642	0.47919	-0.06284	-0.28870	25.8	null	null	13113	75
2026-05-27T17:13:40.572	WT901BLE68(F3:F0:16:BF:DC:AE)	0.222	0.923	0.247	10.193	-42.175	-19.165	61.03	-7.71	-56.32	-0.020	24.727	-23.760	0.78513	0.40851	-0.28497	-0.36795	25.8	null	null	13113	75
2026-05-27T17:13:40.633	WT901BLE68(F3:F0:16:BF:DC:AE)	0.104	0.935	0.551	5.371	-39.734	-11.841	62.25	-8.92	-59.41	-0.020	24.727	-23.760	0.78513	0.40851	-0.28497	-0.36795	25.8	null	null	13113	75
2026-05-27T17:13:40.785	WT901BLE68(F3:F0:16:BF:DC:AE)	0.185	0.881	0.406	-0.671	-47.852	-2.014	63.44	-10.34	-60.62	-0.020	24.727	-23.760	0.78513	0.40851	-0.28497	-0.36795	25.8	null	null	13113	75
2026-05-27T17:13:40.845	WT901BLE68(F3:F0:16:BF:DC:AE)	0.138	0.858	0.499	-12.817	-51.697	0.427	63.35	-12.25	-62.60	-0.020	24.727	-23.760	0.78513	0.40851	-0.28497	-0.36795	25.8	null	null	13113	75
2026-05-27T17:13:40.964	WT901BLE68(F3:F0:16:BF:DC:AE)	0.274	0.832	0.396	-13.733	-54.810	13.794	62.97	-15.07	-64.20	-0.020	24.727	-23.760	0.78513	0.40851	-0.28497	-0.36795	25.8	null	null	13113	75
2026-05-27T17:13:41.054	WT901BLE68(F3:F0:16:BF:DC:AE)	0.349	0.889	0.511	-21.606	-46.875	19.592	62.29	-19.14	-64.80	-0.020	24.727	-23.760	0.78513	0.40851	-0.28497	-0.36795	25.8	null	null	13113	75
2026-05-27T17:13:41.170	WT901BLE68(F3:F0:16:BF:DC:AE)	0.343	0.922	0.555	-17.822	-73.364	6.104	62.40	-23.62	-67.94	-0.020	24.727	-23.760	0.78513	0.40851	-0.28497	-0.36795	25.8	null	null	13113	75
2026-05-27T17:13:41.270	WT901BLE68(F3:F0:16:BF:DC:AE)	0.281	0.872	0.319	5.798	-44.861	1.404	64.63	-25.75	-70.48	-15.053	35.173	-40.247	0.78513	0.40851	-0.28497	-0.36795	25.8	null	null	13113	75
2026-05-27T17:13:41.383	WT901BLE68(F3:F0:16:BF:DC:AE)	0.487	0.886	0.385	-18.372	-47.180	-10.071	66.16	-27.15	-73.03	-15.053	35.173	-40.247	0.78513	0.40851	-0.28497	-0.36795	25.8	null	null	13113	75
2026-05-27T17:13:41.443	WT901BLE68(F3:F0:16:BF:DC:AE)	0.384	0.809	0.383	-18.555	-53.406	-8.667	66.84	-27.63	-76.00	-15.053	35.173	-40.247	0.72464	0.30411	-0.48026	-0.38943	25.8	null	null	13113	75
2026-05-27T17:13:41.568	WT901BLE68(F3:F0:16:BF:DC:AE)	0.543	0.845	0.215	-28.992	-56.641	-12.146	67.20	-28.73	-79.70	-15.053	35.173	-40.247	0.72464	0.30411	-0.48026	-0.38943	25.8	null	null	13113	75
2026-05-27T17:13:41.654	WT901BLE68(F3:F0:16:BF:DC:AE)	0.612	0.883	0.387	-19.409	-35.461	-17.212	67.28	-28.70	-82.55	-15.053	35.173	-40.247	0.72464	0.30411	-0.48026	-0.38943	25.8	null	null	13113	75
2026-05-27T17:13:41.774	WT901BLE68(F3:F0:16:BF:DC:AE)	0.452	0.839	0.362	-23.621	-42.908	-24.902	67.81	-28.21	-85.89	-15.053	35.173	-40.247	0.72464	0.30411	-0.48026	-0.38943	25.8	null	null	13113	75
2026-05-27T17:13:41.870	WT901BLE68(F3:F0:16:BF:DC:AE)	0.439	0.916	0.223	-29.968	-57.617	-46.631	67.99	-26.75	-90.37	-15.053	35.173	-40.247	0.72464	0.30411	-0.48026	-0.38943	25.8	null	null	13113	75
2026-05-27T17:13:41.986	WT901BLE68(F3:F0:16:BF:DC:AE)	0.253	0.905	0.262	-10.986	-27.527	-42.236	68.57	-23.08	-92.55	-15.053	35.173	-40.247	0.72464	0.30411	-0.48026	-0.38943	25.8	null	null	13113	75
2026-05-27T17:13:42.041	WT901BLE68(F3:F0:16:BF:DC:AE)	0.269	0.916	0.283	-31.128	-47.913	-30.090	68.42	-21.32	-96.41	-48.073	42.573	-27.073	0.72464	0.30411	-0.48026	-0.38943	25.8	null	null	13113	75
2026-05-27T17:13:42.197	WT901BLE68(F3:F0:16:BF:DC:AE)	0.354	0.901	0.245	-22.827	-23.071	-26.855	67.24	-19.40	-97.45	-48.073	42.573	-27.073	0.72464	0.30411	-0.48026	-0.38943	25.8	null	null	13113	75
2026-05-27T17:13:42.252	WT901BLE68(F3:F0:16:BF:DC:AE)	0.243	0.892	0.363	-24.841	-1.892	-20.691	64.93	-16.77	-95.69	-48.073	42.573	-27.073	0.61768	0.26462	-0.47836	-0.56525	25.8	null	null	13113	75
2026-05-27T17:13:42.375	WT901BLE68(F3:F0:16:BF:DC:AE)	0.260	0.864	0.313	-18.616	-3.418	-18.921	63.16	-14.80	-94.00	-48.073	42.573	-27.073	0.61768	0.26462	-0.47836	-0.56525	25.8	null	null	13113	75
2026-05-27T17:13:42.470	WT901BLE68(F3:F0:16:BF:DC:AE)	0.186	0.874	0.674	-25.635	-14.465	-17.395	61.10	-12.76	-92.05	-48.073	42.573	-27.073	0.61768	0.26462	-0.47836	-0.56525	25.8	null	null	13113	75
2026-05-27T17:13:42.584	WT901BLE68(F3:F0:16:BF:DC:AE)	0.146	0.861	0.516	-12.756	-18.738	-6.348	59.73	-12.37	-92.14	-48.073	42.573	-27.073	0.61768	0.26462	-0.47836	-0.56525	25.8	null	null	13113	75
2026-05-27T17:13:42.673	WT901BLE68(F3:F0:16:BF:DC:AE)	0.087	0.901	0.518	4.211	-31.494	-19.958	59.80	-12.13	-93.02	-48.073	42.573	-27.073	0.61768	0.26462	-0.47836	-0.56525	25.8	null	null	13113	75
2026-05-27T17:13:42.792	WT901BLE68(F3:F0:16:BF:DC:AE)	0.132	0.890	0.480	-13.794	-20.447	-26.123	59.95	-11.23	-93.05	-48.073	42.573	-27.073	0.61768	0.26462	-0.47836	-0.56525	25.8	null	null	13113	75
2026-05-27T17:13:42.853	WT901BLE68(F3:F0:16:BF:DC:AE)	0.187	0.854	0.576	-19.409	-22.644	-34.424	58.87	-9.51	-95.31	-48.073	42.573	-27.073	0.61768	0.26462	-0.47836	-0.56525	25.8	null	null	13113	75
2026-05-27T17:13:42.974	WT901BLE68(F3:F0:16:BF:DC:AE)	0.041	0.866	0.410	-18.372	-12.756	-30.701	57.74	-7.94	-96.51	-48.073	42.573	-27.073	0.61768	0.26462	-0.47836	-0.56525	25.8	null	null	13113	75
2026-05-27T17:13:43.062	WT901BLE68(F3:F0:16:BF:DC:AE)	0.096	0.866	0.562	-17.029	-16.785	-25.269	56.45	-6.61	-97.96	-62.887	32.793	-14.260	0.61768	0.26462	-0.47836	-0.56525	25.8	null	null	13113	75
2026-05-27T17:13:43.185	WT901BLE68(F3:F0:16:BF:DC:AE)	0.176	0.816	0.515	-4.150	-11.047	-19.653	55.74	-5.60	-98.87	-62.887	32.793	-14.260	0.61768	0.26462	-0.47836	-0.56525	25.8	null	null	13113	75
2026-05-27T17:13:43.278	WT901BLE68(F3:F0:16:BF:DC:AE)	0.085	0.848	0.529	0.977	-26.184	-18.616	55.80	-5.19	-99.67	-62.887	32.793	-14.260	0.58997	0.27173	-0.38138	-0.65768	25.8	null	null	13113	75
2026-05-27T17:13:43.390	WT901BLE68(F3:F0:16:BF:DC:AE)	0.041	0.818	0.483	21.667	36.743	-22.400	56.62	-3.98	-99.43	-62.887	32.793	-14.260	0.58997	0.27173	-0.38138	-0.65768	25.8	null	null	13113	75
2026-05-27T17:13:43.454	WT901BLE68(F3:F0:16:BF:DC:AE)	0.105	0.850	0.516	37.109	11.230	-11.475	59.74	-1.30	-97.14	-62.887	32.793	-14.260	0.58997	0.27173	-0.38138	-0.65768	25.8	null	null	13113	75
2026-05-27T17:13:43.575	WT901BLE68(F3:F0:16:BF:DC:AE)	0.106	0.855	0.401	-9.888	-50.720	-10.986	61.33	-1.15	-96.88	-62.887	32.793	-14.260	0.58997	0.27173	-0.38138	-0.65768	25.8	null	null	13113	75
2026-05-27T17:13:43.669	WT901BLE68(F3:F0:16:BF:DC:AE)	-0.004	0.904	0.505	6.226	-5.066	0.366	61.30	-1.71	-97.76	-62.887	32.793	-14.260	0.58997	0.27173	-0.38138	-0.65768	25.8	null	null	13113	75
2026-05-27T17:13:43.784	WT901BLE68(F3:F0:16:BF:DC:AE)	-0.044	0.890	0.566	-16.663	-17.334	-6.226	61.16	-1.61	-96.43	-62.887	32.793	-14.260	0.58997	0.27173	-0.38138	-0.65768	25.8	null	null	13113	75
2026-05-27T17:13:43.874	WT901BLE68(F3:F0:16:BF:DC:AE)	-0.050	0.799	0.512	-24.353	-28.748	-2.136	58.99	-2.22	-96.78	-62.887	32.793	-14.260	0.58997	0.27173	-0.38138	-0.65768	25.8	null	null	13113	75
2026-05-27T17:13:43.996	WT901BLE68(F3:F0:16:BF:DC:AE)	0.148	0.885	0.558	-21.667	-14.465	3.052	56.88	-3.06	-96.50	-63.247	26.527	-12.500	0.58997	0.27173	-0.38138	-0.65768	25.8	null	null	13113	75
2026-05-27T17:13:44.114	WT901BLE68(F3:F0:16:BF:DC:AE)	0.195	0.863	0.599	-18.250	-15.381	9.399	54.86	-4.27	-96.31	-63.247	26.527	-12.500	0.60257	0.28769	-0.36499	-0.64871	25.8	null	null	13113	75
2026-05-27T17:13:44.205	WT901BLE68(F3:F0:16:BF:DC:AE)	0.151	0.880	0.471	14.832	-11.658	5.676	54.77	-5.85	-96.51	-63.247	26.527	-12.500	0.60257	0.28769	-0.36499	-0.64871	25.8	null	null	13113	75
2026-05-27T17:13:44.268	WT901BLE68(F3:F0:16:BF:DC:AE)	0.113	0.849	0.522	7.141	13.794	15.930	56.43	-6.37	-93.82	-63.247	26.527	-12.500	0.60257	0.28769	-0.36499	-0.64871	25.8	null	null	13113	75
2026-05-27T17:13:44.381	WT901BLE68(F3:F0:16:BF:DC:AE)	0.225	0.856	0.505	5.493	-11.047	-5.615	56.86	-6.78	-92.56	-63.247	26.527	-12.500	0.60257	0.28769	-0.36499	-0.64871	25.8	null	null	13113	75
2026-05-27T17:13:44.474	WT901BLE68(F3:F0:16:BF:DC:AE)	0.121	0.844	0.510	6.470	6.653	0.916	57.66	-6.65	-91.66	-63.247	26.527	-12.500	0.60257	0.28769	-0.36499	-0.64871	25.8	null	null	13113	75
2026-05-27T17:13:44.595	WT901BLE68(F3:F0:16:BF:DC:AE)	0.085	0.824	0.564	-2.869	4.395	-5.615	57.67	-6.58	-90.48	-63.247	26.527	-12.500	0.60257	0.28769	-0.36499	-0.64871	25.8	null	null	13113	75
2026-05-27T17:13:44.686	WT901BLE68(F3:F0:16:BF:DC:AE)	0.147	0.821	0.493	-0.305	-6.958	-12.573	57.52	-5.83	-90.10	-63.247	26.527	-12.500	0.60257	0.28769	-0.36499	-0.64871	25.8	null	null	13113	75
2026-05-27T17:13:44.803	WT901BLE68(F3:F0:16:BF:DC:AE)	0.176	0.828	0.505	2.991	-4.395	-14.954	57.44	-5.25	-90.65	-63.247	26.527	-12.500	0.60257	0.28769	-0.36499	-0.64871	25.8	null	null	13113	75
2026-05-27T17:13:44.867	WT901BLE68(F3:F0:16:BF:DC:AE)	0.146	0.893	0.484	14.282	-24.414	-29.846	58.28	-4.10	-91.48	-60.000	26.213	-10.613	0.60257	0.28769	-0.36499	-0.64871	25.8	null	null	13113	75
2026-05-27T17:13:44.985	WT901BLE68(F3:F0:16:BF:DC:AE)	0.000	0.824	0.382	30.884	14.526	-10.498	61.51	-2.57	-91.94	-60.000	26.213	-10.613	0.60257	0.28769	-0.36499	-0.64871	25.8	null	null	13113	75
2026-05-27T17:13:45.070	WT901BLE68(F3:F0:16:BF:DC:AE)	0.024	0.866	0.503	4.395	-13.672	-13.306	63.16	-1.70	-91.12	-60.000	26.213	-10.613	0.60550	0.35022	-0.38104	-0.60449	25.8	null	null	13113	75
2026-05-27T17:13:45.194	WT901BLE68(F3:F0:16:BF:DC:AE)	0.032	0.878	0.381	10.071	12.207	-2.502	63.63	-1.18	-89.77	-60.000	26.213	-10.613	0.60550	0.35022	-0.38104	-0.60449	25.8	null	null	13113	75
2026-05-27T17:13:45.283	WT901BLE68(F3:F0:16:BF:DC:AE)	0.089	0.898	0.578	-13.306	-23.315	-8.423	63.01	-1.22	-89.66	-60.000	26.213	-10.613	0.60550	0.35022	-0.38104	-0.60449	25.8	null	null	13113	75
2026-05-27T17:13:45.406	WT901BLE68(F3:F0:16:BF:DC:AE)	0.012	0.947	0.567	-9.216	-20.203	-3.235	61.96	-1.55	-90.84	-60.000	26.213	-10.613	0.60550	0.35022	-0.38104	-0.60449	25.8	null	null	13113	75
2026-05-27T17:13:45.491	WT901BLE68(F3:F0:16:BF:DC:AE)	0.068	0.893	0.526	-19.653	-21.484	3.906	60.51	-2.46	-91.44	-60.000	26.213	-10.613	0.60550	0.35022	-0.38104	-0.60449	25.8	null	null	13113	75
2026-05-27T17:13:45.615	WT901BLE68(F3:F0:16:BF:DC:AE)	-0.004	0.836	0.494	-19.653	-30.762	7.263	58.49	-4.47	-92.40	-60.000	26.213	-10.613	0.60550	0.35022	-0.38104	-0.60449	25.8	null	null	13113	75
2026-05-27T17:13:45.671	WT901BLE68(F3:F0:16:BF:DC:AE)	0.108	0.875	0.542	5.005	-29.358	-1.770	57.74	-6.28	-93.35	-58.127	24.187	-7.507	0.60550	0.35022	-0.38104	-0.60449	25.8	null	null	13113	75
2026-05-27T17:13:45.796	WT901BLE68(F3:F0:16:BF:DC:AE)	0.048	0.872	0.446	10.803	-10.803	9.521	59.27	-7.08	-92.83	-58.127	24.187	-7.507	0.60550	0.35022	-0.38104	-0.60449	25.8	null	null	13113	75
2026-05-27T17:13:45.883	WT901BLE68(F3:F0:16:BF:DC:AE)	0.224	0.872	0.469	-3.601	-48.645	0.244	59.91	-9.18	-93.81	-58.127	24.187	-7.507	0.60550	0.35022	-0.38104	-0.60449	25.8	null	null	13113	75
2026-05-27T17:13:45.999	WT901BLE68(F3:F0:16:BF:DC:AE)	0.181	0.834	0.439	-0.183	-27.832	2.991	60.50	-10.64	-95.70	-58.127	24.187	-7.507	0.61670	0.28537	-0.41531	-0.60471	25.8	null	null	13113	75
2026-05-27T17:13:46.095	WT901BLE68(F3:F0:16:BF:DC:AE)	0.326	0.816	0.524	-10.742	-34.119	-0.916	60.51	-11.90	-96.71	-58.127	24.187	-7.507	0.61670	0.28537	-0.41531	-0.60471	25.8	null	null	13113	75
2026-05-27T17:13:46.210	WT901BLE68(F3:F0:16:BF:DC:AE)	0.192	0.813	0.504	-4.700	-30.334	-6.714	60.33	-12.62	-97.77	-58.127	24.187	-7.507	0.61670	0.28537	-0.41531	-0.60471	25.8	null	null	13113	75
2026-05-27T17:13:46.273	WT901BLE68(F3:F0:16:BF:DC:AE)	0.163	0.847	0.521	-10.681	-46.692	-10.376	60.47	-13.54	-100.17	-58.127	24.187	-7.507	0.61670	0.28537	-0.41531	-0.60471	25.8	null	null	13113	75
2026-05-27T17:13:46.393	WT901BLE68(F3:F0:16:BF:DC:AE)	0.313	0.810	0.483	-15.259	-49.011	-19.043	60.20	-14.90	-104.47	-58.127	24.187	-7.507	0.61670	0.28537	-0.41531	-0.60471	25.8	null	null	13113	75
2026-05-27T17:13:46.484	WT901BLE68(F3:F0:16:BF:DC:AE)	0.203	0.879	0.450	-11.536	-39.185	-29.358	60.17	-14.72	-107.90	-58.127	24.187	-7.507	0.61670	0.28537	-0.41531	-0.60471	25.8	null	null	13113	75
2026-05-27T17:13:46.637	WT901BLE68(F3:F0:16:BF:DC:AE)	0.258	0.847	0.448	11.475	-40.527	-47.180	61.29	-13.08	-111.69	-58.127	24.187	-7.507	0.61670	0.28537	-0.41531	-0.60471	25.8	null	null	13113	75
2026-05-27T17:13:46.694	WT901BLE68(F3:F0:16:BF:DC:AE)	0.266	0.885	0.266	-4.333	-40.100	-26.489	62.92	-11.24	-113.44	-53.040	19.900	3.453	0.61670	0.28537	-0.41531	-0.60471	25.8	null	null	13113	75
2026-05-27T17:13:46.816	WT901BLE68(F3:F0:16:BF:DC:AE)	0.137	0.971	0.490	4.395	-20.935	-19.592	63.64	-10.33	-115.61	-53.040	19.900	3.453	0.61670	0.28537	-0.41531	-0.60471	25.8	null	null	13113	75
2026-05-27T17:13:46.905	WT901BLE68(F3:F0:16:BF:DC:AE)	0.236	0.882	0.421	-7.080	-44.189	-14.221	64.27	-10.44	-117.24	-53.040	19.900	3.453	0.48734	0.21555	-0.48782	-0.69135	25.8	null	null	13113	75
2026-05-27T17:13:47.025	WT901BLE68(F3:F0:16:BF:DC:AE)	0.170	0.864	0.488	-11.414	-46.509	-5.920	63.89	-11.37	-119.79	-53.040	19.900	3.453	0.48734	0.21555	-0.48782	-0.69135	25.8	null	null	13113	75
2026-05-27T17:13:47.082	WT901BLE68(F3:F0:16:BF:DC:AE)	0.166	0.873	0.407	-16.235	-43.152	1.465	63.36	-12.86	-121.70	-53.040	19.900	3.453	0.48734	0.21555	-0.48782	-0.69135	25.8	null	null	13113	75
2026-05-27T17:13:47.205	WT901BLE68(F3:F0:16:BF:DC:AE)	0.264	0.787	0.382	-19.897	-57.556	12.207	62.30	-15.69	-124.00	-53.040	19.900	3.453	0.48734	0.21555	-0.48782	-0.69135	25.8	null	null	13113	75
2026-05-27T17:13:47.295	WT901BLE68(F3:F0:16:BF:DC:AE)	0.456	0.784	0.416	-7.751	-45.593	18.433	62.19	-19.13	-125.29	-53.040	19.900	3.453	0.48734	0.21555	-0.48782	-0.69135	25.8	null	null	13113	75
2026-05-27T17:13:47.417	WT901BLE68(F3:F0:16:BF:DC:AE)	0.167	0.956	0.466	-2.075	-65.247	-6.409	63.35	-21.98	-128.35	-53.040	19.900	3.453	0.48734	0.21555	-0.48782	-0.69135	25.8	null	null	13113	75
2026-05-27T17:13:47.532	WT901BLE68(F3:F0:16:BF:DC:AE)	0.389	0.811	0.333	3.296	-29.602	-0.732	65.31	-22.98	-131.01	-39.900	16.407	12.813	0.48734	0.21555	-0.48782	-0.69135	25.8	null	null	13113	75
2026-05-27T17:13:47.623	WT901BLE68(F3:F0:16:BF:DC:AE)	0.422	0.872	0.354	-12.024	-36.682	-14.893	66.30	-23.19	-133.01	-39.900	16.407	12.813	0.48734	0.21555	-0.48782	-0.69135	25.8	null	null	13113	75
2026-05-27T17:13:47.683	WT901BLE68(F3:F0:16:BF:DC:AE)	0.403	0.845	0.436	-18.188	-44.128	-7.690	66.31	-23.03	-134.07	-39.900	16.407	12.813	0.42319	0.05911	-0.55789	-0.71136	25.8	null	null	13113	75
2026-05-27T17:13:47.803	WT901BLE68(F3:F0:16:BF:DC:AE)	0.326	0.854	0.370	-23.010	-43.518	-9.094	65.99	-23.82	-137.02	-39.900	16.407	12.813	0.42319	0.05911	-0.55789	-0.71136	25.8	null	null	13113	75
2026-05-27T17:13:47.894	WT901BLE68(F3:F0:16:BF:DC:AE)	0.435	0.819	0.350	-18.127	-42.053	-12.207	65.86	-24.38	-139.36	-39.900	16.407	12.813	0.42319	0.05911	-0.55789	-0.71136	25.8	null	null	13113	75
2026-05-27T17:13:48.016	WT901BLE68(F3:F0:16:BF:DC:AE)	0.348	0.852	0.426	-22.400	-32.349	-17.639	65.85	-24.57	-141.55	-39.900	16.407	12.813	0.42319	0.05911	-0.55789	-0.71136	25.8	null	null	13113	75
2026-05-27T17:13:48.105	WT901BLE68(F3:F0:16:BF:DC:AE)	0.507	0.819	0.435	-25.635	-31.982	-31.921	65.22	-23.82	-144.11	-39.900	16.407	12.813	0.42319	0.05911	-0.55789	-0.71136	25.8	null	null	13113	75
2026-05-27T17:13:48.224	WT901BLE68(F3:F0:16:BF:DC:AE)	0.290	0.932	0.518	-9.705	-25.146	-63.110	64.06	-20.60	-145.23	-39.900	16.407	12.813	0.42319	0.05911	-0.55789	-0.71136	25.8	null	null	13113	75
2026-05-27T17:13:48.315	WT901BLE68(F3:F0:16:BF:DC:AE)	0.240	0.902	0.201	1.160	-16.907	-39.734	65.71	-16.17	-146.23	-39.900	16.407	12.813	0.42319	0.05911	-0.55789	-0.71136	25.8	null	null	13113	75
2026-05-27T17:13:48.435	WT901BLE68(F3:F0:16:BF:DC:AE)	0.164	0.979	0.436	-23.865	-44.739	-31.799	65.83	-14.50	-150.58	-33.847	7.007	13.900	0.42319	0.05911	-0.55789	-0.71136	25.8	null	null	13113	75
2026-05-27T17:13:48.493	WT901BLE68(F3:F0:16:BF:DC:AE)	0.040	0.956	0.352	-18.372	-3.174	-24.658	65.23	-12.54	-150.60	-33.847	7.007	13.900	0.42319	0.05911	-0.55789	-0.71136	25.8	null	null	13113	75
2026-05-27T17:13:48.615	WT901BLE68(F3:F0:16:BF:DC:AE)	0.158	0.885	0.457	-26.428	-33.997	-23.804	63.64	-11.65	-152.40	-33.847	7.007	13.900	0.42319	0.05911	-0.55789	-0.71136	25.8	null	null	13113	75
2026-05-27T17:13:48.701	WT901BLE68(F3:F0:16:BF:DC:AE)	0.152	0.878	0.391	-21.606	-11.292	-18.494	62.17	-11.25	-153.73	-33.847	7.007	13.900	0.24899	0.03934	-0.52591	-0.81226	25.8	null	null	13113	75
2026-05-27T17:13:48.858	WT901BLE68(F3:F0:16:BF:DC:AE)	0.193	0.871	0.495	-21.484	-34.058	-10.315	60.58	-10.51	-153.75	-33.847	7.007	13.900	0.24899	0.03934	-0.52591	-0.81226	25.8	null	null	13113	75
2026-05-27T17:13:48.913	WT901BLE68(F3:F0:16:BF:DC:AE)	0.161	0.848	0.541	-22.095	-33.813	-8.179	59.10	-11.44	-155.00	-33.847	7.007	13.900	0.24899	0.03934	-0.52591	-0.81226	25.8	null	null	13113	75
2026-05-27T17:13:49.035	WT901BLE68(F3:F0:16:BF:DC:AE)	0.251	0.870	0.373	8.057	-26.306	-14.526	58.91	-11.71	-156.92	-33.847	7.007	13.900	0.24899	0.03934	-0.52591	-0.81226	25.8	null	null	13113	75
2026-05-27T17:13:49.094	WT901BLE68(F3:F0:16:BF:DC:AE)	0.248	0.832	0.543	-13.245	-33.203	-14.709	59.91	-11.75	-157.31	-33.847	7.007	13.900	0.24899	0.03934	-0.52591	-0.81226	25.8	null	null	13113	75
2026-05-27T17:13:49.211	WT901BLE68(F3:F0:16:BF:DC:AE)	0.114	0.901	0.462	-16.968	-32.410	-27.527	59.13	-11.34	-158.72	-33.847	7.007	13.900	0.24899	0.03934	-0.52591	-0.81226	25.8	null	null	13113	75
2026-05-27T17:13:49.301	WT901BLE68(F3:F0:16:BF:DC:AE)	0.189	0.896	0.410	-13.489	-28.809	-24.780	58.61	-10.36	-159.91	-33.847	7.007	13.900	0.24899	0.03934	-0.52591	-0.81226	25.8	null	null	13113	75
2026-05-27T17:13:49.422	WT901BLE68(F3:F0:16:BF:DC:AE)	0.202	0.870	0.531	-21.423	-21.118	-22.339	57.64	-9.93	-161.68	-17.200	0.300	12.867	0.24899	0.03934	-0.52591	-0.81226	25.8	null	null	13113	75
2026-05-27T17:13:49.512	WT901BLE68(F3:F0:16:BF:DC:AE)	0.222	0.815	0.563	-19.775	-25.818	-26.489	56.34	-9.35	-162.99	-17.200	0.300	12.867	0.17255	-0.00046	-0.47873	-0.86078	25.8	null	null	13113	75
2026-05-27T17:13:49.634	WT901BLE68(F3:F0:16:BF:DC:AE)	0.171	0.851	0.562	-13.916	-17.273	-23.132	55.29	-8.69	-164.13	-17.200	0.300	12.867	0.17255	-0.00046	-0.47873	-0.86078	25.8	null	null	13113	75
2026-05-27T17:13:49.725	WT901BLE68(F3:F0:16:BF:DC:AE)	0.141	0.843	0.622	-1.038	-9.583	-19.592	55.19	-7.84	-164.84	-17.200	0.300	12.867	0.17255	-0.00046	-0.47873	-0.86078	25.8	null	null	13113	75
2026-05-27T17:13:49.845	WT901BLE68(F3:F0:16:BF:DC:AE)	0.203	0.844	0.537	11.719	-31.372	-33.875	56.08	-6.92	-165.55	-17.200	0.300	12.867	0.17255	-0.00046	-0.47873	-0.86078	25.8	null	null	13113	75
2026-05-27T17:13:49.906	WT901BLE68(F3:F0:16:BF:DC:AE)	0.130	0.882	0.340	18.494	0.793	-16.052	58.54	-5.41	-165.10	-17.200	0.300	12.867	0.17255	-0.00046	-0.47873	-0.86078	25.8	null	null	13113	75
2026-05-27T17:13:50.025	WT901BLE68(F3:F0:16:BF:DC:AE)	0.092	0.851	0.457	0.977	-16.418	-17.883	59.57	-4.48	-164.49	-17.200	0.300	12.867	0.17255	-0.00046	-0.47873	-0.86078	25.8	null	null	13113	75
2026-05-27T17:13:50.113	WT901BLE68(F3:F0:16:BF:DC:AE)	0.100	0.898	0.488	0.793	-17.395	-17.517	60.21	-3.64	-162.84	-17.200	0.300	12.867	0.17255	-0.00046	-0.47873	-0.86078	25.8	null	null	13113	75
2026-05-27T17:13:50.235	WT901BLE68(F3:F0:16:BF:DC:AE)	0.035	0.834	0.503	-5.188	-13.794	-17.273	59.92	-2.95	-161.63	-17.200	0.300	12.867	0.17255	-0.00046	-0.47873	-0.86078	25.8	null	null	13113	75
2026-05-27T17:13:50.323	WT901BLE68(F3:F0:16:BF:DC:AE)	0.000	0.866	0.542	-7.446	-3.174	-11.658	59.25	-2.43	-159.31	-6.427	8.427	4.567	0.17255	-0.00046	-0.47873	-0.86078	25.8	null	null	13113	75
2026-05-27T17:13:50.443	WT901BLE68(F3:F0:16:BF:DC:AE)	-0.032	0.845	0.557	-18.127	-23.438	-8.362	58.06	-2.32	-157.13	-6.427	8.427	4.567	0.17664	0.07745	-0.48386	-0.85358	25.8	null	null	13113	75
2026-05-27T17:13:50.502	WT901BLE68(F3:F0:16:BF:DC:AE)	0.112	0.803	0.618	-20.264	-25.696	-6.531	56.21	-2.89	-155.19	-6.427	8.427	4.567	0.17664	0.07745	-0.48386	-0.85358	25.8	null	null	13113	75
2026-05-27T17:13:50.628	WT901BLE68(F3:F0:16:BF:DC:AE)	0.153	0.817	0.553	-11.658	-34.424	-2.380	54.62	-4.05	-152.83	-6.427	8.427	4.567	0.17664	0.07745	-0.48386	-0.85358	25.8	null	null	13113	75
2026-05-27T17:13:50.714	WT901BLE68(F3:F0:16:BF:DC:AE)	0.144	0.768	0.509	21.667	-10.559	-6.287	55.37	-4.63	-149.67	-6.427	8.427	4.567	0.17664	0.07745	-0.48386	-0.85358	25.8	null	null	13113	75
2026-05-27T17:13:50.836	WT901BLE68(F3:F0:16:BF:DC:AE)	0.124	0.869	0.565	10.437	1.404	3.235	57.28	-4.52	-143.45	-6.427	8.427	4.567	0.17664	0.07745	-0.48386	-0.85358	25.8	null	null	13113	75
2026-05-27T17:13:50.924	WT901BLE68(F3:F0:16:BF:DC:AE)	0.056	0.872	0.504	1.282	-20.264	-16.602	57.83	-4.50	-139.36	-6.427	8.427	4.567	0.17664	0.07745	-0.48386	-0.85358	25.8	null	null	13113	75
2026-05-27T17:13:51.054	WT901BLE68(F3:F0:16:BF:DC:AE)	0.118	0.882	0.509	-0.488	-11.353	-6.409	58.37	-4.32	-134.96	-6.427	8.427	4.567	0.17664	0.07745	-0.48386	-0.85358	25.8	null	null	13113	75
2026-05-27T17:13:51.134	WT901BLE68(F3:F0:16:BF:DC:AE)	0.138	0.865	0.593	-7.935	-21.484	-10.498	58.15	-4.53	-131.04	-0.820	12.233	-4.253	0.17664	0.07745	-0.48386	-0.85358	25.8	null	null	13113	75
2026-05-27T17:13:51.255	WT901BLE68(F3:F0:16:BF:DC:AE)	0.149	0.809	0.542	-5.371	-29.175	-17.944	57.69	-4.33	-127.66	-0.820	12.233	-4.253	0.17664	0.07745	-0.48386	-0.85358	25.8	null	null	13113	75
2026-05-27T17:13:51.313	WT901BLE68(F3:F0:16:BF:DC:AE)	0.135	0.816	0.561	-2.747	-11.230	-15.808	57.60	-3.56	-123.57	-0.820	12.233	-4.253	0.42340	0.20059	-0.43881	-0.76669	25.8	null	null	13113	75
2026-05-27T17:13:51.431	WT901BLE68(F3:F0:16:BF:DC:AE)	0.118	0.820	0.575	-2.686	-14.343	-23.132	57.51	-2.53	-119.96	-0.820	12.233	-4.253	0.42340	0.20059	-0.43881	-0.76669	25.8	null	null	13113	75
2026-05-27T17:13:51.526	WT901BLE68(F3:F0:16:BF:DC:AE)	0.077	0.887	0.456	28.137	-20.447	-34.546	58.69	-0.71	-117.00	-0.820	12.233	-4.253	0.42340	0.20059	-0.43881	-0.76669	25.8	null	null	13113	75
2026-05-27T17:13:51.645	WT901BLE68(F3:F0:16:BF:DC:AE)	0.071	1.010	0.357	45.898	19.226	-25.208	63.96	2.18	-112.10	-0.820	12.233	-4.253	0.42340	0.20059	-0.43881	-0.76669	25.8	null	null	13113	75
2026-05-27T17:13:51.734	WT901BLE68(F3:F0:16:BF:DC:AE)	0.057	0.890	0.458	-0.183	-19.836	-9.033	64.58	2.77	-108.92	-0.820	12.233	-4.253	0.42340	0.20059	-0.43881	-0.76669	25.8	null	null	13113	75
2026-05-27T17:13:51.853	WT901BLE68(F3:F0:16:BF:DC:AE)	-0.107	0.917	0.385	-2.380	-13.672	-2.258	64.75	2.72	-105.22	-0.820	12.233	-4.253	0.42340	0.20059	-0.43881	-0.76669	25.8	null	null	13113	75
2026-05-27T17:13:51.912	WT901BLE68(F3:F0:16:BF:DC:AE)	-0.074	0.905	0.506	-10.620	-23.132	-5.615	63.91	2.22	-102.21	-0.820	12.233	-4.253	0.42340	0.20059	-0.43881	-0.76669	25.8	null	null	13113	75
2026-05-27T17:13:52.035	WT901BLE68(F3:F0:16:BF:DC:AE)	0.001	0.898	0.512	-14.526	-25.574	-1.526	62.56	1.47	-99.32	-0.820	12.233	-4.253	0.42340	0.20059	-0.43881	-0.76669	25.8	null	null	13113	75
2026-05-27T17:13:52.123	WT901BLE68(F3:F0:16:BF:DC:AE)	-0.070	0.896	0.427	-17.212	-35.461	2.258	60.87	-0.04	-96.81	-2.980	24.327	-18.113	0.42340	0.20059	-0.43881	-0.76669	25.8	null	null	13113	75
2026-05-27T17:13:52.246	WT901BLE68(F3:F0:16:BF:DC:AE)	0.004	0.888	0.474	-12.512	-29.358	15.808	59.44	-2.39	-94.39	-2.980	24.327	-18.113	0.42340	0.20059	-0.43881	-0.76669	25.8	null	null	13113	75
2026-05-27T17:13:52.333	WT901BLE68(F3:F0:16:BF:DC:AE)	0.163	0.851	0.559	6.348	-44.617	4.700	59.30	-5.38	-93.03	-2.980	24.327	-18.113	0.60635	0.31708	-0.37845	-0.62326	25.8	null	null	13113	75
2026-05-27T17:13:52.451	WT901BLE68(F3:F0:16:BF:DC:AE)	0.109	0.854	0.514	-1.526	-27.710	13.245	60.15	-7.47	-90.27	-2.980	24.327	-18.113	0.60635	0.31708	-0.37845	-0.62326	25.8	null	null	13113	75
2026-05-27T17:13:52.542	WT901BLE68(F3:F0:16:BF:DC:AE)	0.138	0.838	0.549	-7.751	-23.376	-6.348	59.55	-9.26	-88.21	-2.980	24.327	-18.113	0.60635	0.31708	-0.37845	-0.62326	25.8	null	null	13113	75
2026-05-27T17:13:52.669	WT901BLE68(F3:F0:16:BF:DC:AE)	0.168	0.871	0.474	-5.615	-6.592	-3.418	59.24	-9.18	-84.87	-2.980	24.327	-18.113	0.60635	0.31708	-0.37845	-0.62326	25.8	null	null	13113	75
2026-05-27T17:13:52.722	WT901BLE68(F3:F0:16:BF:DC:AE)	0.219	0.880	0.603	-8.972	-14.709	-10.742	58.68	-9.32	-82.66	-2.980	24.327	-18.113	0.60635	0.31708	-0.37845	-0.62326	25.8	null	null	13113	75
2026-05-27T17:13:52.848	WT901BLE68(F3:F0:16:BF:DC:AE)	0.142	0.854	0.515	0.000	-7.568	-10.559	58.71	-9.00	-80.08	-2.980	24.327	-18.113	0.60635	0.31708	-0.37845	-0.62326	25.8	null	null	13113	75
2026-05-27T17:13:52.933	WT901BLE68(F3:F0:16:BF:DC:AE)	0.153	0.854	0.510	0.671	-9.277	-20.142	59.04	-7.79	-77.29	-4.320	26.460	-27.533	0.60635	0.31708	-0.37845	-0.62326	25.8	null	null	13113	75
2026-05-27T17:13:53.057	WT901BLE68(F3:F0:16:BF:DC:AE)	0.154	0.892	0.403	5.798	-37.659	-34.119	59.63	-6.61	-76.93	-4.320	26.460	-27.533	0.60635	0.31708	-0.37845	-0.62326	25.8	null	null	13113	75
2026-05-27T17:13:53.143	WT901BLE68(F3:F0:16:BF:DC:AE)	0.102	0.882	0.378	29.297	12.146	-18.066	62.39	-4.80	-75.24	-4.320	26.460	-27.533	0.68991	0.37827	-0.34692	-0.51035	25.8	null	null	13113	75
2026-05-27T17:13:53.269	WT901BLE68(F3:F0:16:BF:DC:AE)	0.141	0.895	0.497	-6.653	-23.743	-13.794	63.11	-3.82	-72.88	-4.320	26.460	-27.533	0.68991	0.37827	-0.34692	-0.51035	25.8	null	null	13113	75
2026-05-27T17:13:53.322	WT901BLE68(F3:F0:16:BF:DC:AE)	0.117	0.886	0.381	6.165	0.793	-2.808	63.53	-3.39	-70.35	-4.320	26.460	-27.533	0.68991	0.37827	-0.34692	-0.51035	25.8	null	null	13113	75
2026-05-27T17:13:53.445	WT901BLE68(F3:F0:16:BF:DC:AE)	0.062	0.921	0.478	-8.972	-21.301	-11.597	63.37	-3.26	-68.47	-4.320	26.460	-27.533	0.68991	0.37827	-0.34692	-0.51035	25.8	null	null	13113	75
2026-05-27T17:13:53.532	WT901BLE68(F3:F0:16:BF:DC:AE)	0.034	0.896	0.466	-6.042	-6.287	-2.502	62.78	-3.34	-66.49	-4.320	26.460	-27.533	0.68991	0.37827	-0.34692	-0.51035	25.8	null	null	13113	75
2026-05-27T17:13:53.655	WT901BLE68(F3:F0:16:BF:DC:AE)	0.102	0.917	0.433	-5.737	-5.066	5.737	62.12	-3.67	-64.30	-4.320	26.460	-27.533	0.68991	0.37827	-0.34692	-0.51035	25.8	null	null	13113	75
2026-05-27T17:13:53.743	WT901BLE68(F3:F0:16:BF:DC:AE)	0.188	0.914	0.512	0.488	-4.028	13.000	61.68	-4.95	-61.80	-4.320	26.460	-27.533	0.68991	0.37827	-0.34692	-0.51035	25.8	null	null	13113	75
2026-05-27T17:13:53.862	WT901BLE68(F3:F0:16:BF:DC:AE)	0.119	0.867	0.527	8.667	3.418	7.202	62.39	-5.97	-58.90	-10.287	34.013	-35.587	0.68991	0.37827	-0.34692	-0.51035	25.8	null	null	13113	75
2026-05-27T17:13:53.951	WT901BLE68(F3:F0:16:BF:DC:AE)	0.128	0.938	0.476	-5.859	-10.925	-4.822	62.56	-6.21	-55.74	-10.287	34.013	-35.587	0.68991	0.37827	-0.34692	-0.51035	25.8	null	null	13113	75
2026-05-27T17:13:54.072	WT901BLE68(F3:F0:16:BF:DC:AE)	0.239	0.994	0.603	-15.137	4.028	0.610	62.02	-6.03	-54.14	-10.287	34.013	-35.587	0.77148	0.43686	-0.27826	-0.36935	25.8	null	null	13113	75
2026-05-27T17:13:54.134	WT901BLE68(F3:F0:16:BF:DC:AE)	0.010	0.938	0.510	-18.616	-31.616	22.766	61.95	-8.12	-52.39	-10.287	34.013	-35.587	0.77148	0.43686	-0.27826	-0.36935	25.8	null	null	13113	75
2026-05-27T17:13:54.256	WT901BLE68(F3:F0:16:BF:DC:AE)	0.253	0.715	0.539	-23.621	-34.973	2.380	60.21	-11.48	-53.65	-10.287	34.013	-35.587	0.77148	0.43686	-0.27826	-0.36935	25.8	null	null	13113	75
2026-05-27T17:13:54.346	WT901BLE68(F3:F0:16:BF:DC:AE)	0.361	0.839	0.454	13.733	41.687	25.269	59.40	-11.49	-49.12	-10.287	34.013	-35.587	0.77148	0.43686	-0.27826	-0.36935	25.8	null	null	13113	75
2026-05-27T17:13:54.467	WT901BLE68(F3:F0:16:BF:DC:AE)	0.106	0.854	0.543	7.629	-47.485	7.446	60.11	-13.18	-44.92	-10.287	34.013	-35.587	0.77148	0.43686	-0.27826	-0.36935	25.8	null	null	13113	75
2026-05-27T17:13:54.552	WT901BLE68(F3:F0:16:BF:DC:AE)	0.039	0.631	0.514	-59.143	-267.517	-78.796	62.04	-18.44	-60.81	-10.287	34.013	-35.587	0.77148	0.43686	-0.27826	-0.36935	25.8	null	null	13113	75
2026-05-27T17:13:54.676	WT901BLE68(F3:F0:16:BF:DC:AE)	0.576	0.820	0.362	-108.154	-272.095	-48.828	64.27	-24.64	-88.74	-10.287	34.013	-35.587	0.77148	0.43686	-0.27826	-0.36935	25.8	null	null	13113	75
2026-05-27T17:13:54.732	WT901BLE68(F3:F0:16:BF:DC:AE)	0.688	0.861	0.131	-88.562	-231.079	14.160	66.74	-33.96	-112.67	-25.687	42.027	-32.633	0.77148	0.43686	-0.27826	-0.36935	25.8	null	null	13113	75
2026-05-27T17:13:54.853	WT901BLE68(F3:F0:16:BF:DC:AE)	0.592	0.825	0.057	-17.395	-49.988	22.339	70.57	-40.65	-124.14	-25.687	42.027	-32.633	0.77148	0.43686	-0.27826	-0.36935	25.8	null	null	13113	75
2026-05-27T17:13:54.947	WT901BLE68(F3:F0:16:BF:DC:AE)	0.457	0.889	0.188	-4.333	-15.564	10.742	70.59	-42.02	-120.87	-25.687	42.027	-32.633	0.77148	0.43686	-0.27826	-0.36935	25.8	null	null	13113	75
2026-05-27T17:13:55.067	WT901BLE68(F3:F0:16:BF:DC:AE)	0.642	0.762	0.168	-1.587	-26.550	6.592	72.85	-43.24	-120.92	-25.687	42.027	-32.633	0.55795	0.01291	-0.61508	-0.55685	25.8	null	null	13113	75
2026-05-27T17:13:55.154	WT901BLE68(F3:F0:16:BF:DC:AE)	0.713	0.742	0.116	-1.892	-6.042	7.935	74.19	-44.08	-119.21	-25.687	42.027	-32.633	0.55795	0.01291	-0.61508	-0.55685	25.8	null	null	13113	75
2026-05-27T17:13:55.275	WT901BLE68(F3:F0:16:BF:DC:AE)	0.721	0.708	0.145	2.502	1.343	2.869	74.23	-44.23	-115.22	-25.687	42.027	-32.633	0.55795	0.01291	-0.61508	-0.55685	25.8	null	null	13113	75
2026-05-27T17:13:55.371	WT901BLE68(F3:F0:16:BF:DC:AE)	0.705	0.708	0.156	0.061	-5.432	3.113	74.07	-44.15	-111.09	-25.687	42.027	-32.633	0.55795	0.01291	-0.61508	-0.55685	25.8	null	null	13113	75
2026-05-27T17:13:55.485	WT901BLE68(F3:F0:16:BF:DC:AE)	0.683	0.705	0.161	-1.221	3.967	-2.991	73.87	-43.91	-107.27	-25.687	42.027	-32.633	0.55795	0.01291	-0.61508	-0.55685	25.8	null	null	13113	75
2026-05-27T17:13:55.539	WT901BLE68(F3:F0:16:BF:DC:AE)	0.708	0.691	0.215	0.305	6.104	-4.578	73.28	-43.23	-103.10	-25.687	42.027	-32.633	0.55795	0.01291	-0.61508	-0.55685	25.8	null	null	13113	75
