sep=,
DeviceTag:,R_Wrist_n
FirmwareVersion:,2.2.1
AppVersion:,2023.6.0
SyncStatus:,Synced
OutputRate:,30Hz
FilterProfile:,General
Measurement Mode:,Sensor fusion Mode - Complete(Quaternion)
StartTime: ,2026-08-21_20:42:19_990 AEST
© Movella Technologies B. V. 2005-2026

PacketCounter,SampleTimeFine,Quat_W,Quat_X,Quat_Y,Quat_Z,FreeAcc_X,FreeAcc_Y,FreeAcc_Z
1,278877492,-0.864771,0.033055,0.500620,-0.021424,0.159393,0.134539,0.194423
2,278910826,-0.864689,0.029350,0.500526,-0.030467,0.227538,-0.481690,0.269839
3,278944160,-0.863868,0.024982,0.501435,-0.040886,0.589167,0.151690,-0.141679
4,278977494,-0.862927,0.020687,0.502344,-0.050802,0.608079,0.076727,0.026801
5,279010828,-0.862480,0.014786,0.502065,-0.061980,1.120192,-0.499629,-0.138274
6,279044162,-0.862659,0.009016,0.500303,-0.073734,0.727726,-0.016999,-0.123427
7,279077496,-0.863760,0.004155,0.496751,-0.084502,0.576010,-0.186995,-0.059593
8,279110830,-0.865391,0.000543,0.492341,-0.093269,-0.030068,-0.519629,0.445095
9,279144164,-0.866279,-0.002258,0.489383,-0.100306,-0.158826,-0.894894,0.341065
10,279177498,-0.866649,-0.005803,0.487421,-0.106335,-0.457362,-1.017644,0.531339
11,279210832,-0.867319,-0.008227,0.485087,-0.111278,0.297682,-0.522770,-0.267264
12,279244166,-0.868268,-0.009799,0.482811,-0.113623,-0.097473,-0.013806,0.100303
13,279277500,-0.868448,-0.014925,0.481609,-0.116745,-0.231588,0.413951,-0.071037
14,279310834,-0.868365,-0.020673,0.480505,-0.120962,-0.246839,-0.186919,0.194553
15,279344168,-0.868459,-0.025639,0.479171,-0.124574,-0.135604,0.018778,-0.139010
16,279377502,-0.868582,-0.030614,0.477985,-0.127121,-0.546398,-0.187082,0.067582
17,279410836,-0.868290,-0.036956,0.477250,-0.130154,-0.446497,-0.270759,0.594983
18,279444170,-0.867284,-0.044471,0.477466,-0.133674,0.052028,-0.163711,-0.092730
19,279477504,-0.866509,-0.052078,0.476990,-0.137592,-0.131359,-0.344308,0.132369
20,279510838,-0.865625,-0.060051,0.476542,-0.141407,-0.247167,-0.358199,0.081912
21,279544172,-0.864306,-0.069045,0.476612,-0.145089,-0.393130,-0.474187,0.321875
22,279577506,-0.862871,-0.077854,0.476821,-0.148443,-0.387814,-0.146714,0.190608
23,279610840,-0.861516,-0.085732,0.476914,-0.151642,-0.216027,-0.072110,-0.091105
24,279644174,-0.860479,-0.092478,0.476405,-0.155125,-0.006957,-0.544580,0.014607
25,279677508,-0.859863,-0.097874,0.475511,-0.157946,0.048952,-0.372302,0.173070
26,279710842,-0.859615,-0.102262,0.474456,-0.159680,0.078859,-0.281733,0.014614
27,279744176,-0.859230,-0.106102,0.473836,-0.161079,-0.074284,-0.102130,-0.021527
28,279777510,-0.858327,-0.110020,0.474173,-0.162270,-0.048242,-0.591695,0.081532
29,279810844,-0.856882,-0.114534,0.475463,-0.163008,-0.366409,-0.537355,0.311749
30,279844178,-0.855456,-0.118371,0.476798,-0.163854,-0.125509,-0.747923,0.137215
31,279877512,-0.853356,-0.122231,0.479586,-0.163835,0.263388,-0.018755,-0.285954
32,279910846,-0.850687,-0.126309,0.483000,-0.164589,-0.733650,-0.870895,0.315704
33,279944180,-0.847122,-0.130853,0.487364,-0.166553,0.127843,-0.552648,0.147897
34,279977514,-0.843495,-0.135158,0.491838,-0.168362,0.804226,0.163433,-0.427798
35,280010848,-0.841550,-0.137117,0.494594,-0.168438,-0.206199,0.180557,0.211727
36,280044182,-0.839393,-0.138831,0.497378,-0.169596,0.826012,0.281209,-0.839519
37,280077516,-0.837885,-0.140973,0.498494,-0.171991,-1.149387,-0.782422,0.413123
38,280110850,-0.837193,-0.142927,0.498180,-0.174637,-0.049714,0.700569,0.100330
39,280144184,-0.837485,-0.142838,0.497039,-0.176551,0.420586,-0.467876,0.168077
40,280177518,-0.838852,-0.141462,0.494864,-0.177275,-0.227144,0.257042,-0.235725
41,280210852,-0.839955,-0.140112,0.493102,-0.178033,-0.724300,0.307551,0.324152
42,280244186,-0.840197,-0.140610,0.491795,-0.180104,-0.484934,1.092499,-0.225779
43,280277520,-0.840148,-0.141493,0.490477,-0.183206,-0.320075,-0.199070,0.305858
44,280310854,-0.841315,-0.141551,0.487587,-0.185508,-0.289289,0.334602,0.355310
45,280344188,-0.842895,-0.140818,0.484221,-0.187698,-0.310800,-0.201627,0.354798
46,280377522,-0.844862,-0.139256,0.480449,-0.189703,0.268057,0.095548,-0.143064
47,280410856,-0.848041,-0.135328,0.475146,-0.191705,-0.675658,0.201772,0.949273
48,280444190,-0.850443,-0.131419,0.471203,-0.193508,-0.357515,-0.219573,0.334806
49,280477524,-0.852026,-0.128138,0.468182,-0.196059,0.003051,-0.408909,0.208599
50,280510858,-0.852787,-0.126021,0.465772,-0.199829,0.962427,-0.046173,-0.568484
51,280544192,-0.853837,-0.123173,0.462947,-0.203647,0.015063,-0.322914,0.316782
52,280577526,-0.854908,-0.119236,0.460325,-0.207406,0.817732,-0.210196,0.326845
53,280610860,-0.856066,-0.113621,0.458127,-0.210625,0.756955,0.793313,-0.448909
54,280644194,-0.856037,-0.108279,0.457904,-0.214013,0.566062,-0.649035,1.437801
55,280677528,-0.854888,-0.104290,0.459298,-0.217571,1.467874,0.203480,-0.198235
56,280710862,-0.853272,-0.102664,0.460975,-0.221113,1.021608,-0.387956,0.303696
57,280744196,-0.851587,-0.102342,0.462405,-0.224741,0.524011,-0.383070,0.017326
58,280777530,-0.848360,-0.105326,0.464691,-0.230773,0.769843,0.601336,-0.613654
59,280810864,-0.845577,-0.107965,0.465389,-0.238237,-0.143424,0.702097,0.024590
60,280844198,-0.844079,-0.107715,0.464974,-0.244397,0.492135,0.761495,-0.193070
61,280877532,-0.843961,-0.105832,0.463760,-0.247907,0.781730,-0.150139,0.053989
62,280910866,-0.845047,-0.103224,0.461833,-0.248903,-0.287482,-0.259582,0.192653
63,280944200,-0.846762,-0.100303,0.459391,-0.248787,-0.463513,-0.155840,0.563269
64,280977534,-0.847247,-0.097925,0.459054,-0.248707,0.243722,0.183105,-0.084483
65,281010868,-0.847752,-0.095464,0.458500,-0.248962,-0.505971,-0.536438,0.188613
66,281044202,-0.848615,-0.094028,0.456792,-0.249708,-0.084034,0.474869,0.153853
67,281077536,-0.849211,-0.093453,0.455636,-0.250009,0.622902,-0.027077,-0.001740
68,281110870,-0.849970,-0.093676,0.454299,-0.249777,0.589318,-0.706877,0.142147
69,281144204,-0.851115,-0.093808,0.452453,-0.249180,-0.759282,0.831513,0.332375
70,281177538,-0.851305,-0.095124,0.452049,-0.248765,-0.330605,0.312851,0.000937
71,281210872,-0.850902,-0.098063,0.452056,-0.248989,0.000949,-0.338275,0.104564
72,281244206,-0.849941,-0.102233,0.452854,-0.249146,-0.276988,0.730396,-0.181518
73,281277540,-0.850018,-0.104249,0.453063,-0.247663,0.457788,-0.728427,-0.116949
74,281310874,-0.849430,-0.108270,0.454370,-0.245551,0.408509,0.624912,0.059964
75,281344208,-0.849287,-0.111304,0.455719,-0.242169,0.057209,0.029836,0.496072
76,281377542,-0.848485,-0.114102,0.458564,-0.238276,1.279781,-1.020465,-0.059206
77,281410876,-0.846433,-0.119881,0.462316,-0.235467,-0.523375,0.410486,0.655759
78,281444210,-0.842685,-0.126858,0.468554,-0.232911,0.054843,0.664968,0.129717
79,281477544,-0.838106,-0.133711,0.475460,-0.231603,0.510423,-0.292801,0.739222
80,281510878,-0.833599,-0.140353,0.482076,-0.230256,1.695824,0.770253,-0.875839
81,281544212,-0.830605,-0.145352,0.486237,-0.229222,1.609753,0.406260,-0.709448
82,281577546,-0.831179,-0.146285,0.485573,-0.227955,0.231338,0.190399,-0.615741
83,281610880,-0.833324,-0.144215,0.483212,-0.226450,-2.427686,0.449066,1.406344
84,281644214,-0.833752,-0.143150,0.483577,-0.224770,0.040640,0.498503,-0.237221
85,281677548,-0.833866,-0.142921,0.483495,-0.224667,-0.447306,-0.481284,0.412280
86,281710882,-0.834140,-0.143466,0.483025,-0.224312,-0.307709,0.224521,-0.433703
87,281744216,-0.834617,-0.144159,0.481966,-0.224372,-0.840700,-0.293252,0.589633
88,281777550,-0.835997,-0.143456,0.479681,-0.224582,0.046471,-0.070234,-0.436097
89,281810884,-0.837832,-0.141595,0.477248,-0.224106,-0.973148,0.062241,0.169770
90,281844218,-0.840183,-0.138463,0.474330,-0.223455,-0.563851,0.030875,0.213701
91,281877552,-0.842541,-0.134521,0.472010,-0.221892,-0.377438,-0.313749,0.771073
92,281910886,-0.844029,-0.132542,0.469983,-0.221731,0.464169,-0.222433,-0.711547
93,281944220,-0.845687,-0.130360,0.467254,-0.222474,-1.184326,0.208578,0.684209
94,281977554,-0.848017,-0.125910,0.463991,-0.222998,0.122668,0.280477,0.251374
95,282010888,-0.849696,-0.121981,0.461349,-0.224266,0.690937,-0.070929,-0.638517
96,282044222,-0.851647,-0.117255,0.458165,-0.225908,0.302643,0.062124,-0.552796
97,282077556,-0.853412,-0.112250,0.455190,-0.227796,-0.075448,0.264554,0.760941
98,282110890,-0.854476,-0.107520,0.453286,-0.229876,-0.442900,-0.125849,0.415326
99,282144224,-0.854948,-0.103052,0.451599,-0.233463,-0.391356,1.097129,0.286690
100,282177558,-0.855020,-0.096804,0.451542,-0.235967,1.061747,-0.862471,0.571793
101,282210892,-0.853793,-0.092717,0.453406,-0.238465,1.301442,-0.039270,0.459509
102,282244226,-0.852303,-0.090013,0.456089,-0.239714,0.989470,-0.779566,0.501317
103,282277560,-0.850474,-0.088845,0.458683,-0.241686,0.109888,-0.603283,0.160317
104,282310894,-0.848816,-0.089225,0.459830,-0.245168,0.288309,0.773056,0.002655
105,282344228,-0.847172,-0.088975,0.460537,-0.249578,0.540742,0.969803,-0.156816
106,282377562,-0.846385,-0.086681,0.460497,-0.253109,1.069953,-0.465782,0.442545
107,282410896,-0.847713,-0.082186,0.458375,-0.254013,0.799859,-0.245480,0.203853
108,282444230,-0.849724,-0.076313,0.456105,-0.253208,1.026634,-1.698479,0.701880
109,282477564,-0.851110,-0.072559,0.454465,-0.252607,0.219252,-0.702872,0.400287
110,282510898,-0.851949,-0.070912,0.453013,-0.252853,-0.701406,0.679891,0.063358
111,282544232,-0.851953,-0.069542,0.452765,-0.253665,0.989233,-0.459481,0.334388
112,282577566,-0.852240,-0.067644,0.452055,-0.254478,0.149672,-0.291364,-0.475186
113,282610900,-0.853006,-0.066341,0.450846,-0.254402,-0.449199,0.423836,-0.135369
114,282644234,-0.854302,-0.063875,0.449370,-0.253292,1.321078,-0.267822,0.433115
115,282677568,-0.855776,-0.060277,0.448566,-0.250609,-0.012661,-0.413200,-0.347342
116,282710902,-0.857075,-0.057925,0.448055,-0.247619,-1.080616,0.225274,1.245228
117,282744236,-0.857682,-0.053087,0.449389,-0.244159,1.019944,0.165870,-0.533658
118,282777570,-0.858882,-0.048218,0.449724,-0.240306,-0.379346,-0.086897,0.050399
119,282810904,-0.860718,-0.041885,0.449712,-0.234884,0.151987,0.668359,-0.149462
120,282844238,-0.862709,-0.034906,0.450093,-0.227889,0.110030,-0.325227,-0.092826
121,282877572,-0.864778,-0.028284,0.450543,-0.219933,0.260409,-0.504047,0.294518
122,282910906,-0.866755,-0.021597,0.451257,-0.211277,0.739289,-0.447649,-0.339915
123,282944240,-0.868416,-0.015831,0.452582,-0.201929,0.217229,-0.347807,0.041088
124,282977574,-0.869308,-0.010202,0.455270,-0.192172,-0.114091,-0.804170,-0.463194
125,283010908,-0.869083,-0.006256,0.459783,-0.182366,-0.779335,-0.363875,1.116077
126,283044242,-0.867766,-0.001628,0.465917,-0.172923,-0.276355,1.087189,-0.423331
127,283077576,-0.866313,0.002659,0.471837,-0.163909,0.207907,2.073609,-0.324841
128,283110910,-0.865689,0.006839,0.475653,-0.155857,0.563752,1.492926,-0.146574
129,283144244,-0.865906,0.012131,0.477535,-0.148396,0.838413,-0.524704,0.321718
130,283177578,-0.866345,0.016392,0.478720,-0.141444,0.828706,0.880075,0.108976
131,283210912,-0.866969,0.019510,0.479391,-0.134793,0.666065,0.287430,0.327351
132,283244246,-0.867140,0.021949,0.480618,-0.128819,-0.367064,0.649421,0.127021
133,283277580,-0.867259,0.024947,0.481657,-0.123482,-0.000754,0.023073,0.233687
134,283310914,-0.867835,0.029285,0.481755,-0.117977,0.098962,0.673753,-0.437502
135,283344248,-0.869550,0.034114,0.479763,-0.112018,0.324638,0.247248,-0.124770
136,283377582,-0.872134,0.038246,0.476158,-0.105803,-0.291150,0.579892,0.333943
137,283410916,-0.875920,0.040582,0.470001,-0.101089,0.113620,0.550737,-0.284664
138,283444250,-0.879649,0.044523,0.463834,-0.095373,-1.078021,1.223361,0.241148
139,283477584,-0.882062,0.051219,0.459830,-0.088885,-0.692922,0.589853,-0.178301
140,283510918,-0.884191,0.057470,0.456256,-0.082073,-0.736161,0.489392,0.507012
141,283544252,-0.885519,0.064400,0.453925,-0.075247,-0.211627,0.636763,-0.530533
142,283577586,-0.887151,0.070970,0.450784,-0.068720,-0.443051,1.262348,-0.178959
143,283610920,-0.888335,0.078588,0.448093,-0.062437,-0.219433,0.909573,0.061325
144,283644254,-0.889481,0.085319,0.445370,-0.056484,0.088133,1.269732,0.277318
145,283677588,-0.890817,0.088785,0.442616,-0.051524,1.413451,2.626867,-0.103571
146,283710922,-0.890791,0.090607,0.442706,-0.047908,-0.138837,0.628788,0.340989
147,283744256,-0.889989,0.092075,0.444332,-0.044854,-1.519358,-0.830583,1.012336
148,283777590,-0.887948,0.092980,0.448490,-0.041967,-0.122963,-0.623282,0.443283
149,283810924,-0.885737,0.094172,0.452914,-0.038357,0.405148,0.121386,-0.279839
150,283844258,-0.883980,0.096744,0.456201,-0.033211,0.553572,-0.058484,0.168015
151,283877592,-0.882963,0.101024,0.457703,-0.026078,0.711707,-0.382388,0.362009
152,283910926,-0.883107,0.104889,0.456885,-0.019436,1.004535,-0.302836,0.009691
153,283944260,-0.882998,0.107671,0.456671,-0.013218,0.947577,-0.310484,0.277781
154,283977594,-0.883775,0.107955,0.455209,-0.008547,1.068731,-0.160596,0.153125
155,284010928,-0.884371,0.109278,0.453803,-0.003311,0.381832,0.139671,0.059703
156,284044262,-0.885003,0.111966,0.451918,0.002484,0.351531,-0.010077,0.038577
157,284077596,-0.885525,0.115967,0.449802,0.008792,0.210542,-0.358532,-0.418267
158,284110930,-0.886447,0.118980,0.447021,0.015147,-0.002317,-0.333535,0.183041
159,284144264,-0.887332,0.122207,0.444067,0.022656,0.153590,0.526215,0.008740
160,284177598,-0.887094,0.127044,0.442768,0.029692,-0.966694,-0.324572,0.328526
161,284210932,-0.886803,0.131530,0.441428,0.037729,0.129507,0.930371,-0.168733
162,284244266,-0.886234,0.135867,0.440435,0.046355,-0.133257,-0.029467,0.000576
163,284277600,-0.885754,0.140056,0.439042,0.055393,-0.458592,0.791576,-0.215305
164,284310934,-0.885338,0.144761,0.436986,0.065308,-0.031559,-0.655204,0.461176
165,284344268,-0.885009,0.147858,0.434786,0.076557,0.867100,0.387593,0.299110
166,284377602,-0.883622,0.154054,0.432764,0.090539,0.001539,-0.030014,0.290660
167,284410936,-0.881577,0.161044,0.430894,0.105923,0.112779,-0.643432,0.542643
168,284444270,-0.878771,0.165442,0.431416,0.119468,-0.354973,0.061529,-0.121198
169,284477604,-0.875588,0.167997,0.434106,0.129135,0.496843,1.439454,0.359783
170,284510938,-0.871685,0.173132,0.437000,0.138644,2.600690,0.652466,-0.930997
171,284544272,-0.869012,0.178128,0.436837,0.149208,1.612264,1.543443,-0.184616
172,284577606,-0.867137,0.182473,0.435026,0.159783,1.006063,0.119047,-0.383129
173,284610940,-0.865687,0.183159,0.434514,0.168041,-1.086282,-0.186292,0.543395
174,284644274,-0.864714,0.181560,0.434349,0.175065,0.303320,0.556907,0.185241
175,284677608,-0.862991,0.181999,0.434679,0.182149,0.537819,1.549474,0.599317
176,284710942,-0.861384,0.184778,0.434020,0.188421,-0.010886,0.593559,0.472467
177,284744276,-0.860017,0.189008,0.432308,0.194315,0.394690,0.647088,-0.100400
178,284777610,-0.859409,0.193354,0.428881,0.200230,0.607035,0.267715,0.200908
179,284810944,-0.859628,0.197176,0.423750,0.206393,0.460234,0.428551,-0.073311
180,284844278,-0.860626,0.198324,0.419048,0.210694,0.005730,0.825868,-0.110277
181,284877612,-0.861505,0.199021,0.415245,0.213946,-0.026804,1.551034,0.118077
182,284910946,-0.862780,0.200165,0.410955,0.216014,-0.410850,0.816170,0.101142
183,284944280,-0.863700,0.202520,0.406901,0.217810,0.219225,-0.007231,-0.110958
184,284977614,-0.864451,0.204989,0.403273,0.219264,0.178749,0.951327,0.359431
185,285010948,-0.865139,0.208653,0.398789,0.221284,0.676888,1.438643,0.477906
186,285044282,-0.864647,0.213720,0.396407,0.222648,1.008892,0.359245,0.172223
187,285077616,-0.863106,0.217183,0.397966,0.222495,0.509265,0.027011,0.487261
188,285110950,-0.860932,0.218066,0.402631,0.221660,0.341449,-0.139863,0.221120
189,285144284,-0.858888,0.216984,0.409273,0.218466,-0.234262,-0.736364,-0.324814
190,285177618,-0.858588,0.213905,0.413081,0.215492,0.458687,-1.269419,-0.554848
191,285210952,-0.859387,0.211603,0.412299,0.216078,0.654133,-0.059632,0.262469
192,285244286,-0.860692,0.211303,0.408681,0.218038,0.243951,0.919682,0.363468
193,285277620,-0.861795,0.211924,0.404794,0.220321,0.081077,0.012952,0.989411
194,285310954,-0.862394,0.211141,0.403037,0.221944,0.102837,-0.914281,0.463441
195,285344288,-0.862892,0.208026,0.403251,0.222562,0.101776,-0.132345,-0.211327
196,285377622,-0.864149,0.202995,0.403226,0.222372,-0.620558,-0.598049,0.292181
197,285410956,-0.865196,0.199447,0.402498,0.222831,0.506868,-0.397109,0.125966
198,285444290,-0.866348,0.197504,0.399719,0.225077,0.180145,0.216467,-0.458755
199,285477624,-0.867584,0.195134,0.396911,0.227343,-0.290618,-0.028282,0.150025
200,285510958,-0.868562,0.193109,0.393953,0.230461,-0.570016,0.071302,0.096921
201,285544292,-0.869607,0.189355,0.391699,0.233458,-0.439771,0.667880,0.631512
202,285577626,-0.870234,0.184482,0.391232,0.235792,-0.464274,-0.302800,0.752254
203,285610960,-0.870272,0.178844,0.391979,0.238738,-0.127983,-0.510931,0.279550
204,285644294,-0.870303,0.171261,0.393087,0.242337,0.579396,-1.541194,-0.105591
205,285677628,-0.869597,0.164516,0.393830,0.248264,1.415227,0.168818,-0.714280
206,285710962,-0.867845,0.162736,0.391258,0.259386,0.131884,0.018922,0.832672
207,285744296,-0.865459,0.162543,0.387645,0.272569,-0.560617,-1.166512,0.640861
208,285777630,-0.860357,0.166459,0.386266,0.287885,0.041967,-0.610276,-0.183427
209,285810964,-0.854729,0.169342,0.387380,0.301166,-1.597738,0.598947,0.698085
210,285844298,-0.848579,0.169731,0.394402,0.309120,-0.926618,0.381925,0.977855
211,285877632,-0.843415,0.164407,0.406788,0.310076,0.107919,0.810567,0.265482
212,285910966,-0.838482,0.157990,0.420681,0.308247,2.435997,0.695345,-0.861995
213,285944300,-0.833574,0.156478,0.430720,0.308466,1.192924,-2.436242,-0.518759
214,285977634,-0.829827,0.157397,0.434181,0.313210,1.318057,-0.673428,-0.670263
215,286010968,-0.827154,0.161164,0.433493,0.319263,0.733637,-0.045037,-0.477191
216,286044302,-0.826301,0.159767,0.434203,0.321200,-1.149803,-0.116311,1.075832
217,286077636,-0.826068,0.152612,0.437994,0.320131,-1.322768,-0.248687,0.647386
218,286110970,-0.824910,0.143652,0.443671,0.319445,-0.126913,0.545730,0.442901
219,286144304,-0.822782,0.139805,0.447239,0.321657,1.368987,0.010183,-0.956930
220,286177638,-0.822357,0.139484,0.445012,0.325945,0.558904,0.533765,-0.540768
221,286210972,-0.822830,0.140395,0.440763,0.330106,0.559225,0.432563,0.340054
222,286244306,-0.824123,0.142481,0.434798,0.333875,0.508414,0.429512,-0.451015
223,286277640,-0.826858,0.143059,0.430056,0.333005,-0.399196,0.927291,0.403242
224,286310974,-0.829561,0.143596,0.426651,0.330424,-0.756984,0.283197,0.811926
225,286344308,-0.832205,0.144994,0.423103,0.327716,-0.150096,0.254839,0.526808
226,286377642,-0.834621,0.148010,0.418662,0.325922,0.592934,-0.402714,-0.525949
227,286410976,-0.838060,0.151267,0.412691,0.323205,-0.045995,0.729665,0.280065
228,286444310,-0.841240,0.157738,0.404865,0.321746,0.311222,1.033319,0.328927
229,286477644,-0.844706,0.163260,0.397819,0.318685,-0.728824,-1.185221,0.405545
230,286510978,-0.847731,0.167860,0.392487,0.314850,0.569724,0.225466,0.666803
231,286544312,-0.849268,0.172732,0.390955,0.309941,0.278924,-0.285883,0.852067
232,286577646,-0.849190,0.177779,0.393726,0.303731,-0.077930,-1.418347,1.395530
233,286610980,-0.847727,0.181173,0.398659,0.299346,1.503413,-0.064405,0.369559
234,286644314,-0.844673,0.190397,0.403449,0.295814,0.442287,-0.450166,-0.047807
235,286677648,-0.839911,0.205726,0.407794,0.293144,-0.913379,1.003336,1.394562
236,286710982,-0.832984,0.220792,0.418286,0.287102,-1.238982,0.366764,2.029360
237,286744316,-0.825413,0.238192,0.429293,0.278688,1.520823,0.530538,-0.577194
238,286777650,-0.820787,0.249045,0.436816,0.271070,1.539682,-0.348524,-1.590786
239,286810984,-0.820172,0.248356,0.442547,0.264180,0.706974,-1.998160,-1.313593
240,286844318,-0.823042,0.240372,0.445299,0.257941,0.920362,-1.893506,-1.843882
241,286877652,-0.827252,0.229045,0.445218,0.254902,0.877903,-1.536491,-1.267669
242,286910986,-0.833495,0.211837,0.443090,0.253150,-0.494165,0.010233,0.214759
243,286944320,-0.839736,0.196526,0.440131,0.250015,-1.237287,1.160106,1.402525
244,286977654,-0.844788,0.181502,0.439433,0.245543,-1.191559,1.471320,1.251817
245,287010988,-0.849039,0.164314,0.442162,0.237966,-1.464953,1.150826,1.188602
246,287044322,-0.850069,0.154202,0.446395,0.233105,0.052139,1.057078,-0.124961
247,287077656,-0.849755,0.147751,0.451176,0.229190,0.127650,-0.684653,-0.642523
248,287110990,-0.849795,0.138195,0.456514,0.224383,1.339579,0.298225,-0.808861
249,287144324,-0.850026,0.125808,0.461138,0.221317,1.682940,-1.025148,-0.800866
250,287177658,-0.850736,0.111963,0.462334,0.223520,1.873202,-0.852896,-0.253581
251,287210992,-0.852430,0.094663,0.459589,0.230610,2.344355,-0.712844,-0.428104
252,287244326,-0.851782,0.079631,0.458975,0.239731,-0.051628,1.633185,0.729933
253,287277660,-0.848746,0.068536,0.464414,0.243423,-2.015456,1.636618,1.460588
254,287310994,-0.844912,0.058050,0.475616,0.237792,-1.124407,0.984480,0.560925
255,287344328,-0.841281,0.050326,0.487276,0.228641,1.406172,-0.064327,-0.498079
256,287377662,-0.838246,0.045203,0.497604,0.218384,2.596733,-0.522619,-0.957428
257,287410996,-0.838137,0.043127,0.499501,0.214865,0.765043,0.109728,-1.218881
258,287444330,-0.838134,0.046832,0.498843,0.215629,-1.520872,-1.243100,1.356199
259,287477664,-0.838163,0.050126,0.498744,0.215004,-1.497689,-0.372719,0.682691
260,287510998,-0.838672,0.045916,0.500322,0.210240,-0.820395,0.491062,-0.456944
261,287544332,-0.838927,0.040570,0.502297,0.205558,0.431594,0.162990,0.315097
262,287577666,-0.838856,0.038618,0.503950,0.202152,0.834880,1.055332,-0.429515
263,287611000,-0.839633,0.037495,0.504121,0.198681,-0.039307,-0.830692,0.179981
264,287644334,-0.842680,0.032970,0.501562,0.192979,-0.557140,-1.394495,0.455947
265,287677668,-0.846636,0.027240,0.497650,0.186579,-1.034980,-0.727092,0.564870
266,287711002,-0.850891,0.018239,0.493794,0.178384,-1.275773,-0.029307,0.268822
267,287744336,-0.853953,0.009380,0.491926,0.169368,-0.118001,0.077177,0.272980
268,287777670,-0.856703,0.003401,0.490621,0.159192,-0.164673,-0.754599,0.178757
269,287811004,-0.860025,-0.000302,0.488151,0.148548,0.510201,0.230785,-0.762270
270,287844338,-0.863714,-0.003863,0.484919,0.137255,-0.297554,-0.817666,0.097276
271,287877672,-0.867593,-0.008109,0.481103,0.125530,-0.056223,-0.859075,0.570809
272,287911006,-0.871037,-0.011490,0.478017,0.112533,1.034177,-0.031950,-0.170527
273,287944340,-0.875352,-0.011206,0.473071,0.099192,0.261580,-1.065364,0.397688
274,287977674,-0.879877,-0.010521,0.467128,0.086598,0.494670,-1.329882,-0.191102
275,288011008,-0.884561,-0.008011,0.460201,0.075531,-1.810907,-1.839790,1.371794
276,288044342,-0.886293,-0.011142,0.458921,0.061263,-0.839566,0.567006,0.718960
277,288077676,-0.886387,-0.019680,0.460601,0.042182,-0.275644,-0.118828,-0.058041
278,288111010,-0.886604,-0.031560,0.460836,0.023873,0.904476,0.320265,-0.719477
279,288144344,-0.888201,-0.042562,0.457398,0.008701,-0.891142,-0.493378,0.392810
280,288177678,-0.890385,-0.049711,0.452483,-0.001931,-0.671613,-2.083575,0.516851
281,288211012,-0.892107,-0.057840,0.447959,-0.011596,-0.107249,-0.272820,0.450376
282,288244346,-0.892633,-0.067094,0.445233,-0.021752,-0.372874,0.104635,0.305834
283,288277680,-0.893076,-0.075219,0.442433,-0.031816,-0.273313,-0.924159,-0.377504
284,288311014,-0.893741,-0.084681,0.438395,-0.043218,-0.567866,-0.857904,-0.210156
285,288344348,-0.893997,-0.096506,0.433859,-0.056776,-0.369398,-1.064685,-0.109319
286,288377682,-0.893264,-0.108517,0.430473,-0.070699,-0.168234,-0.857826,-0.106288
287,288411016,-0.893215,-0.118147,0.425739,-0.083407,-0.864450,-1.324744,0.643267
288,288444350,-0.893685,-0.123750,0.421384,-0.091920,-0.124271,-0.463843,0.332282
289,288477684,-0.893939,-0.127447,0.418295,-0.098293,0.514813,-0.171766,0.433747
290,288511018,-0.893618,-0.129688,0.417475,-0.101705,-0.271383,-0.216157,0.644109
291,288544352,-0.892194,-0.131766,0.420027,-0.101030,-1.126147,1.359952,0.772428
292,288577686,-0.890613,-0.127745,0.425708,-0.096252,1.447254,0.434633,-0.760848
293,288611020,-0.888883,-0.123132,0.431984,-0.090089,1.317181,-0.240162,-0.327142
294,288644354,-0.885700,-0.121070,0.440064,-0.084990,0.388204,-0.138495,0.045247
295,288677688,-0.881312,-0.117779,0.450921,-0.078031,-0.420963,-0.263801,0.086104
296,288711022,-0.875432,-0.116184,0.463770,-0.070991,0.223208,-1.416808,-0.117934
297,288744356,-0.868569,-0.123297,0.475180,-0.067764,1.169033,0.151887,-0.216638
298,288777690,-0.862904,-0.130941,0.483599,-0.066224,1.937537,1.981932,0.110335
299,288811024,-0.860442,-0.131402,0.488158,-0.063856,2.198353,0.066645,-0.580655
300,288844358,-0.859598,-0.128916,0.490535,-0.062046,0.812479,0.036877,-0.180006
301,288877692,-0.859873,-0.124511,0.491444,-0.060007,0.103725,-0.145091,0.020077
302,288911026,-0.861007,-0.118034,0.491443,-0.056748,-0.610820,1.359795,0.175825
303,288944360,-0.862136,-0.111323,0.491325,-0.054125,-0.613440,-0.169955,-0.075395
304,288977694,-0.863268,-0.107229,0.490383,-0.052884,-0.699234,-0.747437,0.272676
305,289011028,-0.864646,-0.103412,0.488834,-0.052313,-0.812677,-0.192660,0.894248
306,289044362,-0.865502,-0.100853,0.487922,-0.051662,0.118144,1.520828,-0.312603
307,289077696,-0.867416,-0.096667,0.485436,-0.050973,-0.155276,0.437062,-0.632267
308,289111030,-0.869691,-0.093055,0.482117,-0.050430,-0.980963,0.322728,-0.099470
309,289144364,-0.871610,-0.091081,0.478853,-0.051967,-1.370240,0.137172,0.126236
310,289177698,-0.872769,-0.090276,0.476508,-0.055384,-1.962648,0.865219,0.650735
311,289211032,-0.873621,-0.090129,0.474423,-0.059887,-0.451569,0.806824,-0.007170
312,289244366,-0.874335,-0.090619,0.472485,-0.063923,-0.554374,0.444919,-0.259540
313,289277700,-0.876241,-0.090353,0.468506,-0.067399,-1.902649,-1.018860,0.335655
314,289311034,-0.878113,-0.090998,0.464187,-0.071900,-0.361634,-0.357694,-0.085483
315,289344368,-0.879927,-0.091129,0.460006,-0.076296,-1.096287,0.001436,0.618515
316,289377702,-0.880766,-0.090171,0.458040,-0.079508,0.664522,-0.805905,0.612882
317,289411036,-0.879694,-0.093019,0.458489,-0.085295,0.285668,-0.997328,0.241488
318,289444370,-0.877147,-0.099094,0.460836,-0.091788,1.075093,-0.513050,-0.170098
319,289477704,-0.875093,-0.103986,0.462365,-0.098075,1.061692,-0.468570,-0.256850
320,289511038,-0.874790,-0.108544,0.460714,-0.103465,1.540522,0.510942,-0.360072
321,289544372,-0.876711,-0.107045,0.456935,-0.105505,1.142605,-0.563502,-0.791080
322,289577706,-0.878705,-0.103855,0.453201,-0.108173,1.021456,-1.892853,0.511489
323,289611040,-0.880337,-0.102632,0.449278,-0.112362,0.453828,-0.109642,0.262313
324,289644374,-0.880983,-0.101217,0.447421,-0.115936,-0.257280,-0.369826,0.409575
325,289677708,-0.880411,-0.102637,0.446921,-0.120855,0.275166,-0.977039,0.326549
326,289711042,-0.879588,-0.105365,0.446337,-0.126519,-0.068307,0.293794,-0.500979
327,289744376,-0.879676,-0.106267,0.444130,-0.132772,-0.188138,-0.639433,-0.009808
328,289777710,-0.880672,-0.104432,0.441320,-0.136927,0.268781,0.317429,-0.424884
329,289811044,-0.883209,-0.096741,0.437155,-0.139574,-1.033175,-0.801006,0.075623
330,289844378,-0.884453,-0.093068,0.434190,-0.143392,-1.152224,-0.568879,0.407861
331,289877712,-0.885257,-0.091176,0.431877,-0.146600,-0.856787,-0.317396,0.177948
332,289911046,-0.885393,-0.091937,0.430490,-0.149356,-0.502577,0.084262,-0.062728
333,289944380,-0.884763,-0.094131,0.429373,-0.154838,0.162148,-0.733003,-0.323087
334,289977714,-0.883430,-0.098316,0.428769,-0.161381,-0.421176,-0.149605,0.303523
335,290011048,-0.881854,-0.102746,0.428090,-0.168872,0.391237,-0.657747,1.308563
336,290044382,-0.879989,-0.107292,0.428061,-0.175706,0.850134,-0.289085,-0.150624
337,290077716,-0.877438,-0.115603,0.428308,-0.182461,0.041833,-0.357598,0.305801
338,290111050,-0.872785,-0.125168,0.432012,-0.189596,0.289941,-1.291765,0.941383
339,290144384,-0.866490,-0.130187,0.439862,-0.196900,-0.540095,-0.438330,1.475214
340,290177718,-0.856762,-0.141154,0.451295,-0.205836,-0.107778,0.676335,1.117438
341,290211052,-0.846311,-0.156198,0.461198,-0.216003,1.239334,-0.523678,1.205158
342,290244386,-0.837948,-0.167676,0.469315,-0.222427,3.419915,1.625485,-2.428799
343,290277720,-0.834199,-0.166954,0.475618,-0.223668,3.781579,-0.013156,-1.633290
344,290311054,-0.833846,-0.163278,0.477811,-0.223023,1.831998,0.077266,-0.874088
345,290344388,-0.834144,-0.157695,0.478834,-0.223731,-1.027044,0.270203,0.877563
346,290377722,-0.832295,-0.157128,0.480464,-0.227489,-0.416612,-0.269305,0.428145
347,290411056,-0.829787,-0.165735,0.478869,-0.233817,2.288192,-0.511381,-1.715757
348,290444390,-0.827621,-0.179708,0.473270,-0.242417,-1.530390,0.407843,0.921511
349,290477724,-0.825312,-0.189577,0.468806,-0.251284,-0.994649,0.670861,0.805916
350,290511058,-0.824469,-0.193487,0.463703,-0.260374,-0.505244,-0.627274,0.299169
351,290544392,-0.824876,-0.192174,0.459225,-0.267884,-0.166054,0.196262,0.028584
352,290577726,-0.825710,-0.186779,0.455624,-0.275183,-0.836398,0.029768,-0.787598
353,290611060,-0.825115,-0.183635,0.453526,-0.282453,-0.469625,-0.112044,-0.871570
354,290644394,-0.824447,-0.179253,0.451327,-0.290622,0.591494,-1.705278,1.081858
355,290677728,-0.822641,-0.175489,0.450800,-0.298740,0.561516,-0.456136,0.462910
356,290711062,-0.820874,-0.172607,0.449107,-0.307696,0.153182,0.397440,0.198844
357,290744396,-0.819441,-0.170006,0.446216,-0.317030,0.657843,0.839717,-0.570319
358,290777730,-0.817571,-0.166549,0.443422,-0.327440,0.838050,1.080718,-0.907111
359,290811064,-0.815209,-0.163098,0.440808,-0.338413,0.645454,0.478146,0.677127
360,290844398,-0.810453,-0.161096,0.441242,-0.350030,0.879603,0.040309,0.731836
361,290877732,-0.803578,-0.164448,0.442685,-0.362286,-0.104032,-1.068710,1.302001
362,290911066,-0.796269,-0.171667,0.443465,-0.373933,1.568823,-1.204200,-0.043376
363,290944400,-0.790415,-0.178356,0.443198,-0.383419,1.352118,-0.155871,-1.451765
364,290977734,-0.786455,-0.182075,0.442276,-0.390808,0.345057,0.790377,-0.953353
365,291011068,-0.783661,-0.182921,0.441383,-0.396985,-0.014060,1.382621,-0.220534
366,291044402,-0.781004,-0.183304,0.439594,-0.403970,0.069968,-0.305376,0.697059
367,291077736,-0.777685,-0.185995,0.437060,-0.411816,-1.115466,-0.804775,0.083936
368,291111070,-0.775104,-0.188759,0.433766,-0.418847,-1.111750,-0.671776,0.282084
369,291144404,-0.772888,-0.188885,0.431288,-0.425394,0.555895,-0.568106,-0.209166
370,291177738,-0.773101,-0.187371,0.427458,-0.429522,-1.836739,0.090153,-0.204474
371,291211072,-0.773736,-0.186106,0.422916,-0.433407,-0.042446,-1.364693,1.015851
372,291244406,-0.773654,-0.184485,0.418371,-0.438625,-0.578450,-0.989298,0.053267
373,291277740,-0.773487,-0.184445,0.414236,-0.442842,-0.906376,-1.058054,1.207024
374,291311074,-0.773391,-0.185975,0.412074,-0.444382,-0.938650,-0.239269,0.354735
375,291344408,-0.772772,-0.190213,0.410367,-0.445245,-0.495261,0.616693,0.223245
376,291377742,-0.769884,-0.198339,0.407550,-0.449271,1.846855,0.035163,-0.111499
377,291411076,-0.766667,-0.207260,0.403134,-0.454698,0.902781,-0.718634,0.529149
378,291444410,-0.763945,-0.215897,0.399904,-0.458100,0.649135,0.840449,-0.795865
379,291477744,-0.762039,-0.221597,0.399591,-0.458824,1.584108,1.278085,-1.070927
380,291511078,-0.759916,-0.227171,0.400045,-0.459225,-0.562552,-0.186989,1.066061
381,291544412,-0.755042,-0.235995,0.401767,-0.461306,-1.019784,-0.131032,0.954759
382,291577746,-0.747354,-0.250772,0.403275,-0.464701,1.091527,-0.350746,1.069519
383,291611080,-0.741204,-0.265868,0.402083,-0.467184,1.468010,1.550736,-1.574300
384,291644414,-0.740244,-0.272096,0.400345,-0.466613,2.073424,1.353860,-0.895989
385,291677748,-0.741604,-0.273751,0.397749,-0.465704,1.650772,0.705273,-0.593874
386,291711082,-0.742568,-0.274374,0.395288,-0.465898,-0.870368,0.033773,0.004768
387,291744416,-0.740407,-0.277343,0.394808,-0.467981,0.872009,-0.369321,0.302712
388,291777750,-0.736664,-0.283450,0.392976,-0.471756,1.007802,-0.412631,0.159624
389,291811084,-0.733379,-0.290618,0.389003,-0.475788,0.704969,0.412375,0.541103
390,291844418,-0.733151,-0.293109,0.385780,-0.477234,-0.131414,0.642327,-0.457100
391,291877752,-0.734800,-0.291948,0.383618,-0.477152,-0.827141,0.601766,-0.444293
392,291911086,-0.736002,-0.290052,0.381643,-0.478039,-0.253300,-0.414022,0.510773
393,291944420,-0.735753,-0.290533,0.378815,-0.480374,0.042421,-0.701514,0.728718
394,291977754,-0.734959,-0.292541,0.375842,-0.482701,-0.351577,-0.443257,0.090315
395,292011088,-0.733434,-0.295180,0.372028,-0.486354,0.367743,-0.410196,-1.011643
396,292044422,-0.732223,-0.296860,0.367108,-0.490874,-0.735396,-0.015851,0.065801
397,292077756,-0.732234,-0.296484,0.363419,-0.493821,0.286203,0.105350,0.900454
398,292111090,-0.732101,-0.295858,0.360217,-0.496730,-0.424381,0.090206,0.048266
399,292144424,-0.731235,-0.294897,0.355971,-0.501615,0.796099,-0.225744,0.187492
400,292177758,-0.729994,-0.292692,0.353002,-0.506785,0.048462,-0.339734,-0.526283
401,292211092,-0.728886,-0.289400,0.352141,-0.510854,0.551161,0.162434,-0.387597
402,292244426,-0.725826,-0.287306,0.352517,-0.516106,1.135491,0.222757,0.205906
403,292277760,-0.722456,-0.286073,0.354812,-0.519932,0.075023,0.208366,-0.608900
404,292311094,-0.717281,-0.290748,0.355701,-0.523882,-0.227315,-0.777881,0.948593
405,292344428,-0.710634,-0.298587,0.355505,-0.528643,2.286675,0.835270,-0.366063
406,292377762,-0.704751,-0.304416,0.354145,-0.534079,0.337332,1.385474,-1.211110
407,292411096,-0.700174,-0.307613,0.352122,-0.539576,0.382504,1.739929,-0.605496
408,292444430,-0.698442,-0.305754,0.351179,-0.543478,-0.974047,0.765111,0.712317
409,292477764,-0.697855,-0.302373,0.352045,-0.545560,0.609818,-0.371675,0.675499
410,292511098,-0.694717,-0.305396,0.351160,-0.548443,0.774141,-0.668187,0.554675
411,292544432,-0.690371,-0.310705,0.349476,-0.552013,0.794891,-1.324628,0.895772
412,292577766,-0.686172,-0.316608,0.346841,-0.555545,-0.168479,0.754467,-0.472588
413,292611100,-0.682971,-0.320471,0.343383,-0.559409,-0.182141,0.456870,-0.523427
414,292644434,-0.682163,-0.321523,0.340701,-0.561427,-1.177157,-0.065325,-0.402929
415,292677768,-0.682180,-0.321067,0.338171,-0.563195,0.402736,-1.432992,1.058324
416,292711102,-0.682827,-0.318847,0.336438,-0.564707,0.961437,-0.776357,-0.177954
417,292744436,-0.684016,-0.318258,0.333903,-0.565105,-0.339431,-0.915852,0.848680
418,292777770,-0.684003,-0.320048,0.331531,-0.565507,0.175389,0.012145,0.332243
419,292811104,-0.684743,-0.321093,0.329266,-0.565342,-0.082206,-0.699832,1.391656
420,292844438,-0.683941,-0.323194,0.325821,-0.567109,0.110874,0.943603,0.087384
421,292877772,-0.681784,-0.326511,0.321591,-0.570212,2.534830,0.827225,-0.187682
422,292911106,-0.679951,-0.331162,0.316641,-0.572484,0.908581,0.511823,0.550726
423,292944440,-0.678516,-0.337270,0.313651,-0.572268,0.067358,0.214312,0.534129
424,292977774,-0.676213,-0.344416,0.311360,-0.571987,0.670305,0.552137,-0.315095
425,293011108,-0.673055,-0.352489,0.310845,-0.571074,1.486574,1.573622,-0.824221
426,293044442,-0.667674,-0.363137,0.309668,-0.571358,0.952884,-1.161054,1.357070
427,293077776,-0.659897,-0.377529,0.307091,-0.572455,0.456852,0.258310,0.560349
428,293111110,-0.653155,-0.389848,0.305383,-0.572844,0.645010,3.103308,-1.087531
429,293144444,-0.651076,-0.394623,0.305719,-0.571761,-0.100610,2.352818,-1.502405
430,293177778,-0.650835,-0.394383,0.306493,-0.571786,0.159201,-0.120395,-0.072779
431,293211112,-0.649978,-0.394925,0.306490,-0.572388,-0.191962,-0.546826,0.061693
432,293244446,-0.647030,-0.397432,0.306335,-0.574073,0.968040,-0.580239,0.137956
433,293277780,-0.643821,-0.400934,0.304763,-0.576079,-0.062920,-0.355488,-0.425283
434,293311114,-0.641741,-0.401991,0.302922,-0.578629,1.488796,-0.578411,-0.066574
435,293344448,-0.641292,-0.400711,0.300642,-0.581198,-0.820702,-0.267607,0.540108
436,293377782,-0.642267,-0.397674,0.298720,-0.583195,-0.702525,-1.304397,0.336241
437,293411116,-0.642484,-0.395201,0.296026,-0.586004,0.159260,-0.491423,-0.189094
438,293444450,-0.642352,-0.392662,0.292391,-0.589669,-1.190825,-0.970995,0.274843
439,293477784,-0.642774,-0.389332,0.289278,-0.592944,-0.021427,-0.616549,-0.813620
440,293511118,-0.641757,-0.387466,0.285747,-0.596966,-0.903127,-0.593489,0.069407
441,293544452,-0.640797,-0.384189,0.282383,-0.601697,0.884857,0.113263,0.977029
442,293577786,-0.639013,-0.381271,0.278885,-0.607058,-1.330530,-0.116404,-0.692316
443,293611120,-0.637910,-0.376472,0.276240,-0.612399,-0.659482,0.337608,-0.598117
444,293644454,-0.636527,-0.370981,0.275281,-0.617599,0.783879,-0.252229,0.193718
445,293677788,-0.634759,-0.364267,0.275684,-0.623210,0.411903,0.292389,-0.513363
446,293711122,-0.631894,-0.360115,0.278239,-0.627385,-0.293576,1.086038,-0.706894
447,293744456,-0.626845,-0.358874,0.281422,-0.631726,1.547914,1.183710,-0.428840
448,293777790,-0.620103,-0.361934,0.282077,-0.636325,1.269791,0.296895,1.407081
449,293811124,-0.613544,-0.367069,0.281880,-0.639821,1.178143,1.077764,-0.502293
450,293844458,-0.608100,-0.371133,0.279917,-0.643524,-0.329459,1.179046,-1.024158
451,293877792,-0.603559,-0.371849,0.278907,-0.647810,-0.442818,1.406208,-0.614272
452,293911126,-0.601077,-0.368163,0.279167,-0.652096,-0.601500,0.825835,-0.639503
453,293944460,-0.598741,-0.364884,0.279900,-0.655764,0.293111,0.003921,0.371089
454,293977794,-0.596398,-0.362801,0.279780,-0.659097,0.370005,-0.488762,-0.091352
455,294011128,-0.593440,-0.362853,0.278740,-0.662172,0.135445,-0.622892,0.797844
456,294044462,-0.590064,-0.364272,0.277213,-0.665045,-0.107387,0.424128,-0.632628
457,294077796,-0.588134,-0.364007,0.275239,-0.667715,0.385976,-0.373391,0.807232
458,294111130,-0.587621,-0.362668,0.274400,-0.669238,-1.740958,-0.049405,-0.641926
459,294144464,-0.586698,-0.360465,0.273941,-0.671422,1.288893,0.307790,0.131132
460,294177798,-0.586535,-0.357703,0.273931,-0.673044,0.700624,-0.796528,0.156177
461,294211132,-0.587227,-0.354720,0.273807,-0.674070,-0.455801,-0.661589,0.243421
462,294244466,-0.586968,-0.352582,0.274357,-0.675192,0.469371,0.522790,-1.112828
463,294277800,-0.586808,-0.351609,0.272862,-0.676444,-0.012834,-0.076143,0.345939
464,294311134,-0.588214,-0.351023,0.271409,-0.676111,-1.681918,0.085150,0.283829
465,294344468,-0.589058,-0.350589,0.271133,-0.675712,-0.234296,1.145447,-0.786662
466,294377802,-0.589231,-0.352353,0.269687,-0.675222,-0.122646,0.505109,0.203612
467,294411136,-0.589072,-0.355265,0.268971,-0.674119,-0.608139,0.667706,0.546566
468,294444470,-0.588033,-0.358796,0.270304,-0.672622,-0.022151,0.733997,-0.452827
469,294477804,-0.585911,-0.363470,0.272423,-0.671108,0.690685,1.355520,-0.194898
470,294511138,-0.582048,-0.371334,0.273638,-0.669668,-0.514322,-0.084517,0.427208
471,294544472,-0.576689,-0.381418,0.273242,-0.668798,-0.363882,0.054670,0.762740
472,294577806,-0.572761,-0.388094,0.274508,-0.667814,0.027321,2.856130,-0.872806
473,294611140,-0.572741,-0.388116,0.277726,-0.666486,-0.337467,1.817786,-0.941087
474,294644474,-0.574786,-0.384276,0.280976,-0.665588,0.667916,-0.410026,0.540962
475,294677808,-0.575731,-0.382427,0.283538,-0.664749,-0.743118,-1.389773,0.817595
476,294711142,-0.575307,-0.382513,0.285917,-0.664047,0.192212,-0.438258,0.074868
477,294744476,-0.573553,-0.383622,0.286553,-0.664651,-0.034753,-0.354691,0.679245
478,294777810,-0.572592,-0.383360,0.287016,-0.665430,0.662789,0.239926,0.182459
479,294811144,-0.573503,-0.381649,0.287501,-0.665420,-0.207346,0.331782,-0.141626
480,294844478,-0.575859,-0.377255,0.287642,-0.665829,-0.465212,-0.413365,0.783316
481,294877812,-0.576987,-0.372779,0.287918,-0.667253,-1.419156,0.285255,-0.312898
482,294911146,-0.577770,-0.369504,0.287065,-0.668764,-1.176118,-0.249536,0.084820
483,294944480,-0.577625,-0.365617,0.286222,-0.671381,1.811997,-0.452826,0.245396
484,294977814,-0.576851,-0.362193,0.284925,-0.674447,1.581620,-0.714994,0.692285
485,295011148,-0.575309,-0.360235,0.283063,-0.677589,-0.775872,-0.335631,-0.310786
486,295044482,-0.573807,-0.357861,0.281963,-0.680572,-0.168972,0.395455,-0.214954
487,295077816,-0.572075,-0.354959,0.280869,-0.683995,-1.808034,-0.108325,-0.047897
488,295111150,-0.569504,-0.350398,0.280750,-0.688525,0.262048,0.694153,0.660752
489,295144484,-0.566469,-0.346937,0.281244,-0.692568,-0.296643,1.011063,0.339542
490,295177818,-0.563360,-0.342492,0.282999,-0.696590,2.297239,1.740114,0.940405
491,295211152,-0.560177,-0.342645,0.283989,-0.698676,-1.952372,-0.069732,0.918558
492,295244486,-0.554917,-0.348221,0.283426,-0.700343,0.061521,0.918024,-0.380756
493,295277820,-0.548279,-0.355326,0.280994,-0.702978,1.628709,1.311718,0.104092
494,295311154,-0.543732,-0.360195,0.278494,-0.705023,-0.322290,1.902965,-0.839437
495,295344488,-0.541005,-0.360916,0.277703,-0.707061,-0.996142,0.857125,-0.999632
496,295377822,-0.538952,-0.358893,0.277355,-0.709790,-0.449152,-0.093582,1.135386
497,295411156,-0.535934,-0.358673,0.276770,-0.712410,0.045579,0.800643,0.321671
498,295444490,-0.533871,-0.359504,0.275167,-0.714158,-0.088568,-1.145552,0.873706
499,295477824,-0.531173,-0.362286,0.273631,-0.715354,1.106570,0.478255,0.366583
500,295511158,-0.529382,-0.363733,0.272422,-0.716409,-1.004562,0.026259,-0.837600
501,295544492,-0.528986,-0.362278,0.271317,-0.717856,0.359853,-0.359609,-0.516409
502,295577826,-0.529376,-0.360082,0.270493,-0.718983,0.054633,0.154408,0.240017
503,295611160,-0.529912,-0.357612,0.269517,-0.720187,0.052875,-0.314328,-0.656536
504,295644494,-0.530813,-0.354691,0.267548,-0.721701,-0.135353,-1.023799,1.095371
505,295677828,-0.532038,-0.352717,0.266190,-0.722268,0.055925,-0.131567,1.201506
506,295711162,-0.532954,-0.353117,0.265046,-0.721817,0.173670,0.701779,-0.044003
507,295744496,-0.533823,-0.353830,0.263864,-0.721259,-0.138116,0.235022,-1.081378
508,295777830,-0.534195,-0.355661,0.261406,-0.720978,0.237825,1.486001,0.563027
509,295811164,-0.534226,-0.359297,0.258472,-0.720209,0.014360,0.657406,-0.211163
510,295844498,-0.533413,-0.363975,0.256096,-0.719311,0.609311,1.550176,-0.561605
511,295877832,-0.534568,-0.366882,0.256158,-0.716951,-0.792924,0.818332,-0.448874
512,295911166,-0.534815,-0.372423,0.257663,-0.713362,-1.168588,0.943859,-0.799113
513,295944500,-0.531564,-0.381822,0.256472,-0.711249,-1.132551,-0.814011,1.024143
514,295977834,-0.524894,-0.395557,0.254940,-0.709245,-0.272068,1.243982,0.367093
515,296011168,-0.516857,-0.408102,0.250808,-0.709513,-0.274628,4.003558,-1.753116
516,296044502,-0.514589,-0.412177,0.247452,-0.709984,-2.093464,2.617301,-1.464490
517,296077836,-0.514463,-0.409698,0.246554,-0.711820,-0.118117,-0.254279,-0.032936
518,296111170,-0.514026,-0.406874,0.246189,-0.713879,-0.479702,-0.308445,-0.106712
519,296144504,-0.514064,-0.403753,0.246643,-0.715465,0.883868,-1.329353,0.859698
520,296177838,-0.513945,-0.402629,0.249179,-0.715305,0.462942,-1.417532,1.029356
521,296211172,-0.514021,-0.402040,0.252252,-0.714505,0.732577,-0.216173,-0.154422
522,296244506,-0.513707,-0.400270,0.253972,-0.715114,0.021276,-0.089082,-0.231445
523,296277840,-0.513751,-0.396027,0.255803,-0.716791,-0.055815,-0.283412,-0.038389
524,296311174,-0.513640,-0.390349,0.257367,-0.719421,0.305573,-0.610574,0.004502
525,296344508,-0.513053,-0.385880,0.257662,-0.722139,-0.459366,-0.772500,0.373062
526,296377842,-0.511897,-0.380580,0.257848,-0.725697,-0.169196,-0.832958,0.138832
527,296411176,-0.509930,-0.374075,0.258203,-0.730324,0.817888,-0.819926,0.782587
528,296444510,-0.507507,-0.368422,0.258270,-0.734847,-0.155416,0.610368,0.238729
529,296477844,-0.504348,-0.362507,0.256982,-0.740394,1.394076,1.854077,0.662512
530,296511178,-0.501464,-0.355522,0.255475,-0.746239,-1.329916,-0.106259,-0.331332
531,296544512,-0.499185,-0.348981,0.256689,-0.750426,-2.346891,0.124507,-1.451756
532,296577846,-0.493673,-0.345594,0.257164,-0.755460,-0.517499,-0.222982,0.433178
533,296611180,-0.486942,-0.348571,0.258867,-0.757876,-0.082247,0.830714,0.793382
534,296644514,-0.479910,-0.355888,0.258779,-0.758990,-0.285444,0.455237,0.631229
535,296677848,-0.473213,-0.362241,0.259830,-0.759829,-1.311361,1.914912,-1.966057
536,296711182,-0.470731,-0.361924,0.261625,-0.760905,0.030697,2.109844,-0.453257
537,296744516,-0.468544,-0.361394,0.260064,-0.763040,0.581669,-0.256228,1.304452
538,296777850,-0.464604,-0.364443,0.259853,-0.764070,-0.736713,-0.053982,0.543398
539,296811184,-0.459805,-0.370622,0.258403,-0.764491,-0.497977,0.094561,-0.166529
540,296844518,-0.454972,-0.375206,0.256934,-0.765642,-0.284726,-0.163354,-0.987148
541,296877852,-0.451892,-0.375849,0.255268,-0.767705,-0.669729,-0.288438,-0.218843
542,296911186,-0.450638,-0.375158,0.252773,-0.769603,0.532053,1.085537,0.391424
543,296944520,-0.450438,-0.373446,0.249929,-0.771479,1.318032,-1.114741,1.080344
544,296977854,-0.449937,-0.373071,0.247784,-0.772644,1.379354,-0.114777,0.892784
545,297011188,-0.451104,-0.372312,0.246253,-0.772819,-0.468629,-0.689981,0.403337
546,297044522,-0.452116,-0.373151,0.244767,-0.772295,-1.143768,0.230776,-0.984864
547,297077856,-0.453079,-0.373016,0.241810,-0.772728,0.306770,-0.713744,0.878090
548,297111190,-0.454095,-0.372769,0.240540,-0.772646,0.404262,0.767191,0.655097
549,297144524,-0.455755,-0.375287,0.239578,-0.770747,-1.235485,0.433136,-0.600746
550,297177858,-0.457276,-0.378813,0.237126,-0.768877,1.302161,1.313101,0.300352
551,297211192,-0.458657,-0.382139,0.235223,-0.766991,0.051915,-0.281421,0.796665
552,297244526,-0.461297,-0.387565,0.236807,-0.762183,-0.878604,2.339607,0.006348
553,297277860,-0.462245,-0.394268,0.236879,-0.758138,-0.949275,1.233501,-0.160777
554,297311194,-0.460115,-0.403261,0.235422,-0.755151,1.211502,0.114033,0.961172
555,297344528,-0.456898,-0.412656,0.234339,-0.752361,-1.124781,1.111298,-0.112688
556,297377862,-0.456151,-0.417285,0.233762,-0.750437,-1.256274,2.352046,-1.321629
557,297411196,-0.457045,-0.418552,0.231474,-0.749897,0.033816,1.553587,-0.115888
558,297444530,-0.459224,-0.418595,0.228657,-0.749406,2.205866,0.841509,2.367353
559,297477864,-0.461216,-0.419648,0.227855,-0.747836,0.254963,-0.154149,1.072859
560,297511198,-0.461649,-0.423485,0.226924,-0.745686,-0.792497,-0.276091,0.069263
561,297544532,-0.460970,-0.427365,0.225316,-0.744379,-0.386964,-0.232862,-0.077804
562,297577866,-0.460446,-0.428664,0.224252,-0.744278,0.162850,0.151838,0.532275
563,297611200,-0.460400,-0.426950,0.224071,-0.745345,-0.094940,-0.342821,-0.387681
564,297644534,-0.462429,-0.423055,0.224128,-0.746292,0.389898,-0.267117,0.012068
565,297677868,-0.464850,-0.419866,0.224158,-0.746580,-0.633841,-1.377226,0.049585
566,297711202,-0.466276,-0.417306,0.223781,-0.747239,0.707136,-0.817179,0.490565
567,297744536,-0.466563,-0.414946,0.223591,-0.748430,-0.219782,-0.613167,-0.246913
568,297777870,-0.466677,-0.411418,0.222686,-0.750573,-0.507042,-0.727504,-0.089910
569,297811204,-0.465658,-0.408230,0.221623,-0.753257,-0.140381,1.375955,-0.002300
570,297844538,-0.464370,-0.401401,0.221206,-0.757830,-0.890548,-0.114568,-0.656486
571,297877872,-0.463798,-0.393609,0.222742,-0.761808,-0.892214,0.269397,-0.691488
572,297911206,-0.462313,-0.386376,0.224818,-0.765793,-0.169491,0.725112,-0.446832
573,297944540,-0.460757,-0.380457,0.228238,-0.768677,-0.639557,0.529086,-0.657784
574,297977874,-0.457580,-0.377669,0.230930,-0.771142,0.088033,-0.014530,1.561522
575,298011208,-0.452725,-0.380119,0.233880,-0.771914,-1.051162,0.749357,0.403461
576,298044542,-0.446246,-0.386044,0.235025,-0.772399,-0.189264,1.243951,0.066752
577,298077876,-0.440668,-0.390789,0.235623,-0.773033,-0.882670,0.817168,-0.732158
578,298111210,-0.436161,-0.393240,0.236912,-0.773951,-1.234123,0.688007,-1.056337
579,298144544,-0.433457,-0.394022,0.238292,-0.774649,-1.528875,0.060557,-0.062928
580,298177878,-0.430910,-0.393893,0.240076,-0.775584,0.043680,1.801152,-0.009204
581,298211212,-0.427866,-0.395358,0.239500,-0.776701,-0.011102,0.332118,-0.016435
582,298244546,-0.424298,-0.398382,0.235555,-0.778318,1.753855,0.238213,1.727167
583,298277880,-0.423348,-0.400705,0.232780,-0.778477,-0.517123,-0.423119,-1.214526
584,298311214,-0.422914,-0.403049,0.231212,-0.777970,-1.040211,0.415317,-0.353262
585,298344548,-0.422969,-0.401757,0.231593,-0.778495,-1.003213,0.775063,-0.548373
586,298377882,-0.424723,-0.397897,0.232214,-0.779337,-0.816006,-0.899595,0.480781
587,298411216,-0.426152,-0.393940,0.232813,-0.780388,0.912727,1.099686,1.190039
588,298444550,-0.427589,-0.390567,0.232281,-0.781455,0.440166,-0.395643,0.808598
589,298477884,-0.430034,-0.388666,0.232706,-0.780935,-0.789189,0.110055,-0.198138
590,298511218,-0.433336,-0.387164,0.232125,-0.780028,-0.752701,-0.895201,0.264368
591,298544552,-0.436230,-0.387890,0.230566,-0.778515,-0.240494,-0.851543,0.307069
592,298577886,-0.438787,-0.389094,0.228545,-0.777072,0.142978,0.609781,0.126290
593,298611220,-0.441627,-0.391702,0.227049,-0.774588,0.935999,1.826308,0.267776
594,298644554,-0.444914,-0.394929,0.225023,-0.771653,-0.798002,-0.065853,-0.117937
595,298677888,-0.447890,-0.396666,0.225423,-0.768919,-0.166922,0.848433,0.184442
596,298711222,-0.449693,-0.401979,0.226032,-0.764918,-0.115323,1.459463,0.982551
597,298744556,-0.450578,-0.409257,0.225264,-0.760754,-0.116424,-0.310572,0.519114
598,298777890,-0.450927,-0.416936,0.225332,-0.756344,-0.785198,0.255588,0.152387
599,298811224,-0.450883,-0.424231,0.224984,-0.752407,-2.280940,1.193356,-0.414324
600,298844558,-0.451930,-0.427913,0.226041,-0.749371,-0.621215,2.777514,-1.593112
601,298877892,-0.455355,-0.427773,0.226846,-0.747131,-2.039715,-0.577552,-0.530656
602,298911226,-0.459286,-0.426785,0.228129,-0.744896,0.186481,-0.688906,1.019660
603,298944560,-0.461428,-0.427828,0.230256,-0.742314,-0.747607,-0.355851,-0.322434
604,298977894,-0.461708,-0.428963,0.230477,-0.741416,-0.012741,-1.047994,0.745730
605,299011228,-0.463704,-0.429103,0.231214,-0.739859,-1.152133,-0.746339,-0.196807
606,299044562,-0.466140,-0.427723,0.231122,-0.739156,-0.562666,-0.733928,0.401999
607,299077896,-0.468814,-0.424502,0.231099,-0.739329,-0.264765,-0.578886,-0.051211
608,299111230,-0.471106,-0.420120,0.230551,-0.740544,1.795565,-0.483820,1.891154
609,299144564,-0.472700,-0.416629,0.229900,-0.741703,-0.410926,0.086048,0.155364
610,299177898,-0.474198,-0.413728,0.228942,-0.742666,0.032702,0.841612,-0.009370
611,299211232,-0.475349,-0.409112,0.227575,-0.744903,-0.012721,-0.287592,-0.237542
612,299244566,-0.475724,-0.405197,0.226579,-0.747104,-0.424938,-0.970319,0.363107
613,299277900,-0.474606,-0.403106,0.225010,-0.749418,0.285943,0.759887,0.755612
614,299311234,-0.471862,-0.401671,0.223096,-0.752487,0.547406,1.653634,0.651257
615,299344568,-0.468747,-0.399762,0.221897,-0.755797,-0.421024,0.920156,0.663478
616,299377902,-0.467470,-0.396792,0.224168,-0.757481,-1.872061,1.491048,-0.502278
617,299411236,-0.463936,-0.395808,0.226680,-0.759419,0.296006,1.715328,0.402599
618,299444570,-0.458727,-0.398854,0.227967,-0.760604,-0.778750,-0.161683,1.045079
619,299477904,-0.453315,-0.404251,0.229268,-0.760608,-0.892437,0.208664,0.330932
620,299511238,-0.445052,-0.411627,0.228599,-0.761732,0.510697,1.195061,-0.546283
621,299544572,-0.438906,-0.416787,0.227380,-0.762856,-1.734071,0.388477,-0.901436
622,299577906,-0.436536,-0.416466,0.227828,-0.764256,-0.897546,0.836457,-0.555343
623,299611240,-0.434120,-0.415731,0.228004,-0.765979,-0.126262,0.346508,-0.413272
624,299644574,-0.432781,-0.413734,0.226734,-0.768191,1.052422,-0.865516,0.872057
625,299677908,-0.432542,-0.413599,0.226527,-0.768460,-0.472554,-1.344862,0.219519
626,299711242,-0.431106,-0.414929,0.224814,-0.769053,0.432640,0.073429,0.997188
627,299744576,-0.428929,-0.416678,0.222569,-0.769977,-0.356196,0.463755,-0.400420
628,299777910,-0.429435,-0.416079,0.220432,-0.770633,-1.081609,-1.109905,-1.151319
629,299811244,-0.430006,-0.415023,0.218256,-0.771503,0.702968,-0.558773,0.400316
630,299844578,-0.431212,-0.411955,0.216850,-0.772869,0.165483,0.287238,-0.406072
631,299877912,-0.433207,-0.409514,0.214627,-0.773671,-0.527480,-0.115347,0.232613
632,299911246,-0.434886,-0.407702,0.211954,-0.774423,-0.071203,-0.246981,-0.059854
633,299944580,-0.437030,-0.405811,0.209407,-0.774902,0.114483,0.009183,0.070070
634,299977914,-0.440098,-0.403459,0.207552,-0.774892,-0.691077,0.296452,-0.434196
635,300011248,-0.443376,-0.402760,0.206360,-0.773705,-0.243137,1.322025,-0.181793
636,300044582,-0.446920,-0.404056,0.203998,-0.771614,-0.808929,1.208064,-0.024499
637,300077916,-0.449668,-0.406927,0.200177,-0.769506,-0.296284,1.597456,-0.227568
638,300111250,-0.452955,-0.410124,0.197556,-0.766553,0.624450,1.860807,1.137116
639,300144584,-0.454495,-0.415969,0.197669,-0.762451,-0.074160,2.304376,0.452134
640,300177918,-0.452552,-0.424922,0.197345,-0.758745,0.063869,-0.528037,1.107784
641,300211252,-0.448634,-0.434582,0.198003,-0.755422,-1.983586,-0.216736,0.221952
642,300244586,-0.445078,-0.442613,0.201206,-0.752009,-1.152260,3.239406,-1.168479
643,300277920,-0.446451,-0.443459,0.206424,-0.749277,-0.832907,1.639295,-0.914765
644,300311254,-0.450848,-0.439497,0.213941,-0.746866,-0.182876,0.269576,-0.280195
645,300344588,-0.455761,-0.434249,0.221853,-0.744643,0.083890,-0.931710,0.215590
646,300377922,-0.457917,-0.432363,0.227768,-0.742629,-1.368600,-1.457420,-0.431935
647,300411256,-0.457067,-0.433119,0.230372,-0.741908,0.413808,-0.432447,0.925250
648,300444590,-0.456735,-0.433031,0.232909,-0.741372,0.729066,-0.463894,-0.538233
649,300477924,-0.458150,-0.429874,0.234786,-0.741745,0.309518,-0.383918,0.586860
650,300511258,-0.462743,-0.424246,0.237214,-0.741360,-1.394799,-1.490927,-0.434881
651,300544592,-0.466061,-0.417638,0.239676,-0.742242,1.195143,-0.869166,0.087965
652,300577926,-0.469887,-0.409825,0.241439,-0.743612,-0.337512,-2.762600,0.199556
653,300611260,-0.474355,-0.401695,0.244294,-0.744278,-0.652012,-0.715746,0.201460
654,300644594,-0.478009,-0.394305,0.246012,-0.745326,-0.808035,-0.374269,-1.097586
655,300677928,-0.480529,-0.386454,0.244490,-0.748313,-0.340511,-1.300167,0.565569
656,300711262,-0.483416,-0.378025,0.244579,-0.750725,0.069627,-0.293213,0.334345
657,300744596,-0.484904,-0.372103,0.244217,-0.752840,-0.925197,-0.346800,-0.189698
658,300777930,-0.485842,-0.367213,0.243731,-0.754791,-0.702704,0.460770,-0.314643
659,300811264,-0.485549,-0.361439,0.242648,-0.758108,-0.595090,-0.276974,-0.239406
660,300844598,-0.484852,-0.359437,0.243728,-0.759159,-1.089019,0.745125,0.693407
661,300877932,-0.481596,-0.360984,0.243255,-0.760647,0.210823,0.086664,1.441165
662,300911266,-0.476697,-0.366647,0.243146,-0.761059,0.855137,1.268650,0.407004
663,300944600,-0.470773,-0.373387,0.241027,-0.762143,0.037395,1.729214,-0.428441
664,300977934,-0.465627,-0.378020,0.238608,-0.763780,-1.935830,1.343598,-2.228592
665,301011268,-0.462189,-0.379788,0.236063,-0.765780,-1.760704,0.105761,0.146890
666,301044602,-0.458589,-0.379833,0.233502,-0.768701,-0.378376,-0.988811,0.042306
667,301077936,-0.455190,-0.380386,0.231705,-0.770988,-0.796570,-0.329562,0.493370
668,301111270,-0.451393,-0.382641,0.229855,-0.772657,-0.897393,0.504460,-1.108456
669,301144604,-0.447539,-0.385238,0.226323,-0.774648,0.656782,0.455784,-0.002818
670,301177938,-0.443720,-0.387896,0.222024,-0.776760,0.618984,-0.077860,-0.379110
671,301211272,-0.440171,-0.389983,0.218076,-0.778850,0.191761,-0.307297,-0.442758
672,301244606,-0.437384,-0.391023,0.214339,-0.780933,-0.587444,0.376401,-0.573641
673,301277940,-0.434818,-0.389254,0.210085,-0.784398,0.961089,-0.530093,0.266226
674,301311274,-0.432994,-0.386409,0.207506,-0.787494,0.386617,-0.182939,0.716606
675,301344608,-0.431234,-0.383666,0.205224,-0.790394,0.223734,-0.065835,0.941516
676,301377942,-0.429080,-0.381554,0.201891,-0.793441,0.430046,-0.391816,0.206940
677,301411276,-0.427748,-0.381257,0.197538,-0.795396,0.894398,0.391672,0.714810
678,301444610,-0.426191,-0.382503,0.193892,-0.796530,0.115462,1.301213,-0.680699
679,301477944,-0.426783,-0.382761,0.192331,-0.796468,-1.442631,-0.177103,-0.453844
680,301511278,-0.428283,-0.383380,0.192456,-0.795334,-0.570841,0.447985,0.213299
681,301544612,-0.428735,-0.386027,0.194398,-0.793335,-0.142567,-0.091379,0.153157
682,301577946,-0.427365,-0.390942,0.194737,-0.791582,-0.370286,-0.251926,0.372025
683,301611280,-0.427659,-0.391705,0.191730,-0.791780,-4.923317,3.827499,11.888306
684,301644614,-0.417093,-0.414260,0.205617,-0.782397,-10.351509,3.858186,-16.079239
685,301677948,-0.415646,-0.418969,0.196204,-0.783077,3.485523,-8.288864,2.314985
686,301711282,-0.426561,-0.414619,0.203732,-0.777581,-1.813031,0.550025,0.479894
687,301744616,-0.424721,-0.415994,0.204911,-0.777543,-0.284849,1.305936,-0.717875
688,301777950,-0.419996,-0.418371,0.199004,-0.780364,1.332927,0.795220,-0.973168
689,301811284,-0.420285,-0.420974,0.196179,-0.779523,1.110668,-0.200660,2.600724
690,301844618,-0.424965,-0.421001,0.200462,-0.775873,-1.348465,1.275577,-0.757248
691,301877952,-0.426175,-0.420690,0.201173,-0.775194,-1.405317,0.290724,-0.347553
692,301911286,-0.426830,-0.416114,0.202369,-0.776990,-2.028578,-0.925176,0.132371
693,301944620,-0.421403,-0.405246,0.206247,-0.784639,9.997159,6.993114,2.270762
694,301977954,-0.412354,-0.402330,0.206050,-0.790974,1.619065,5.710002,0.236011
695,302011288,-0.415405,-0.393075,0.206873,-0.793811,-3.696851,-5.728969,-0.587813
696,302044622,-0.418099,-0.389101,0.212473,-0.792875,-2.783969,-2.978528,0.656626
697,302077956,-0.413627,-0.386454,0.216043,-0.795546,-1.558768,-1.856443,-0.435867
698,302111290,-0.408220,-0.383102,0.217441,-0.799569,-1.471407,-1.229815,-0.547284
699,302144624,-0.404106,-0.380512,0.217759,-0.802802,-0.464010,-1.474871,0.244250
700,302177958,-0.401630,-0.377204,0.218353,-0.805440,-0.592208,-0.795075,-0.163014
701,302211292,-0.397636,-0.373125,0.218864,-0.809175,-1.438183,-1.183014,-0.374350
702,302244626,-0.391947,-0.369503,0.218910,-0.813588,-1.778463,-1.339003,0.437695
703,302277960,-0.385194,-0.368608,0.218498,-0.817321,-1.258873,0.239434,0.327629
704,302311294,-0.376003,-0.372578,0.213104,-0.821216,0.707070,-2.081281,1.357283
705,302344628,-0.368050,-0.378502,0.208213,-0.823361,0.894620,-1.169729,0.060114
706,302377962,-0.362795,-0.384735,0.205644,-0.823450,-0.704430,0.094868,-0.911941
707,302411296,-0.357794,-0.387844,0.199975,-0.825573,-0.502000,-0.283586,-0.309991
708,302444630,-0.353712,-0.389531,0.196138,-0.827457,-0.723698,-0.637408,-0.142277
709,302477964,-0.349326,-0.390795,0.194711,-0.829059,0.026587,0.703977,-0.527156
710,302511298,-0.344481,-0.393895,0.189780,-0.830762,1.825972,1.808254,0.743787
711,302544632,-0.341657,-0.394264,0.183546,-0.833150,0.961001,3.051313,3.025596
712,302577966,-0.338645,-0.383520,0.189346,-0.838082,2.282384,2.539913,0.019062
713,302611300,-0.330964,-0.396606,0.192528,-0.834326,-6.097141,5.554806,-5.249220
714,302644634,-0.322137,-0.400229,0.179278,-0.838991,0.912066,-1.046483,-0.089995
715,302677968,-0.319065,-0.397024,0.170571,-0.843491,2.524420,-2.240867,1.789229
716,302711302,-0.317121,-0.395469,0.170335,-0.845001,-0.193327,-1.414642,-0.122239
717,302744636,-0.315010,-0.394730,0.168167,-0.846568,-0.292389,-0.254272,-0.133972
718,302777970,-0.312018,-0.395818,0.162514,-0.848271,0.214670,0.074060,0.226895
719,302811304,-0.315981,-0.393786,0.151977,-0.849702,-2.511909,-7.600513,-2.059391
720,302844638,-0.324468,-0.394923,0.151460,-0.846060,2.173560,2.466217,1.191680
721,302877972,-0.321311,-0.396556,0.146548,-0.847365,-0.305365,1.654239,-0.925861
722,302911306,-0.317662,-0.398784,0.139113,-0.848947,0.275996,1.270847,0.484512
723,302944640,-0.316643,-0.401425,0.133941,-0.848915,1.219070,0.249291,0.681767
724,302977974,-0.318041,-0.403798,0.133726,-0.847299,0.264269,1.095147,-0.334630
725,303011308,-0.322240,-0.406819,0.133825,-0.844246,-0.612477,0.415952,-0.251527
726,303044642,-0.325155,-0.410924,0.133877,-0.841127,-0.217302,-1.723724,0.242145
727,303077976,-0.325957,-0.416791,0.131937,-0.838231,0.340699,-1.746589,1.226527
728,303111310,-0.326139,-0.424468,0.130346,-0.834549,-0.068774,0.135907,0.717981
729,303144644,-0.325543,-0.433368,0.133225,-0.829739,-1.985223,1.863346,-1.183872
730,303177978,-0.327192,-0.438769,0.135857,-0.825816,-0.375632,2.165685,-0.421053
731,303211312,-0.323438,-0.459645,0.133428,-0.816280,-9.436953,7.803409,-3.103280
732,303244646,-0.326083,-0.450858,0.128269,-0.820942,8.005302,-4.925728,2.500299
733,303277980,-0.324537,-0.448597,0.128548,-0.822748,0.423588,1.542502,1.505955
734,303311314,-0.321817,-0.448722,0.126750,-0.824026,-0.112913,-0.574454,0.402479
735,303344648,-0.319916,-0.454129,0.122430,-0.822455,-0.446131,-0.515113,-0.308832
736,303377982,-0.319829,-0.457228,0.119144,-0.821254,-0.056910,-2.054975,-0.630750
737,303411316,-0.321651,-0.456767,0.120783,-0.820559,-1.531255,-1.048477,-1.851830
738,303444650,-0.323001,-0.453098,0.121859,-0.821903,0.717820,-0.592854,0.202317
739,303477984,-0.322425,-0.449680,0.121113,-0.824114,1.872464,-2.017236,1.008010
740,303511318,-0.321167,-0.447673,0.120083,-0.825847,2.063341,-0.381078,1.634701
741,303544652,-0.327537,-0.447455,0.123415,-0.822966,-3.105551,-4.456911,0.659509
742,303577986,-0.313541,-0.446120,0.119370,-0.829712,-3.474697,4.414673,-7.380382
743,303611320,-0.306121,-0.438755,0.116890,-0.836733,3.337512,0.590674,-1.050257
744,303644654,-0.303290,-0.430138,0.119223,-0.841893,0.192269,-1.646665,0.572937
745,303677988,-0.300000,-0.425547,0.124177,-0.844685,-0.475464,0.557841,1.075132
746,303711322,-0.293527,-0.426481,0.129483,-0.845690,-1.694943,1.800328,-0.429557
747,303744656,-0.285108,-0.431052,0.130244,-0.846136,-0.720094,0.712894,0.235653
748,303777990,-0.277201,-0.438533,0.127914,-0.845274,0.807043,0.931825,1.006947
749,303811324,-0.268973,-0.446221,0.125735,-0.844235,-0.452222,2.257770,-0.411763
750,303844658,-0.261298,-0.451097,0.124901,-0.844178,-2.166625,1.337794,-1.206103
751,303877992,-0.255645,-0.452108,0.126077,-0.845192,-2.299462,0.669156,-0.702662
752,303911326,-0.251161,-0.451983,0.125727,-0.846654,0.293053,0.585985,0.485106
753,303944660,-0.246053,-0.453029,0.123976,-0.847853,0.686717,0.193882,0.336106
754,303977994,-0.241177,-0.452639,0.121578,-0.849807,0.924189,0.351478,0.422970
755,304011328,-0.236944,-0.453030,0.118733,-0.851191,-0.265585,-0.368250,-0.076823
756,304044662,-0.233915,-0.452512,0.116617,-0.852595,0.356670,-0.361586,-0.309875
757,304077996,-0.232119,-0.452012,0.114345,-0.853659,0.001233,-0.241492,-0.146339
758,304111330,-0.231599,-0.449863,0.112502,-0.855178,0.593404,-0.833193,0.442014
759,304144664,-0.231615,-0.448275,0.111093,-0.856192,-0.074837,-0.578145,0.111302
760,304177998,-0.231989,-0.446534,0.109114,-0.857254,-0.433299,-0.369563,-0.047645
761,304211332,-0.232961,-0.445257,0.106934,-0.857928,0.070700,0.959979,0.229099
762,304244666,-0.233898,-0.444795,0.103755,-0.858304,-0.093155,-0.024756,0.553832
763,304278000,-0.233300,-0.446704,0.095764,-0.858404,-0.242104,-0.115127,0.777823
764,304311334,-0.228031,-0.451730,0.079408,-0.858858,-0.224441,-0.146011,0.149954
765,304344668,-0.224367,-0.457655,0.064696,-0.857920,-0.287750,0.415882,-0.608154
766,304378002,-0.221263,-0.462890,0.050752,-0.856855,0.479475,-0.065957,0.922171
767,304411336,-0.220376,-0.467764,0.041177,-0.854949,-1.013634,-0.912767,-0.486339
768,304444670,-0.220467,-0.472695,0.037311,-0.852387,-1.506881,0.740236,-0.456196
769,304478004,-0.220421,-0.475950,0.036649,-0.850614,1.862732,0.350105,1.312191
770,304511338,-0.215299,-0.484621,0.028490,-0.847336,0.021073,-0.704711,0.496498
771,304544672,-0.207789,-0.494394,0.016281,-0.843881,-2.827326,1.424586,-1.825060
772,304578006,-0.207022,-0.496928,0.011980,-0.842652,-2.533493,1.582429,-1.601645
773,304611340,-0.210899,-0.494958,0.013413,-0.842828,-0.052825,1.343185,0.366226
774,304644674,-0.212541,-0.493747,0.013027,-0.843133,0.386663,-0.231556,0.323025
775,304678008,-0.212099,-0.495615,0.011489,-0.842170,0.550941,0.719521,0.407624
776,304711342,-0.207853,-0.501142,0.004893,-0.840019,-0.663254,0.560611,-0.545588
777,304744676,-0.203192,-0.504376,-0.002259,-0.839234,0.305048,0.685536,-0.114255
778,304778010,-0.200271,-0.504512,-0.005926,-0.839837,0.056628,-0.606236,0.171880
779,304811344,-0.196725,-0.501953,-0.007463,-0.842193,0.696004,-0.230255,0.432202
780,304844678,-0.191726,-0.500148,-0.009429,-0.844397,0.567547,-0.139441,0.189899
781,304878012,-0.186808,-0.498654,-0.012043,-0.846347,1.158236,-0.680932,0.896809
782,304911346,-0.181798,-0.497720,-0.017242,-0.847897,0.823308,0.099904,0.059087
783,304944680,-0.176447,-0.495855,-0.024102,-0.849950,1.148579,-0.878314,0.443507
784,304978014,-0.169293,-0.494011,-0.031391,-0.852238,1.289323,0.526267,0.782312
785,305011348,-0.160182,-0.492482,-0.040735,-0.854486,-0.098810,1.159176,-0.234477
786,305044682,-0.150597,-0.488694,-0.049358,-0.857942,0.039722,-0.603036,0.392883
787,305078016,-0.141087,-0.485084,-0.056174,-0.861182,-0.317630,1.178554,0.468738
788,305111350,-0.131001,-0.480919,-0.060823,-0.864787,0.161620,1.604244,-0.834085
789,305144684,-0.121330,-0.476936,-0.064375,-0.868141,-0.456659,0.165948,0.358468
790,305178018,-0.111389,-0.476954,-0.069729,-0.869049,-0.643436,0.575685,-0.314507
791,305211352,-0.097350,-0.479213,-0.080194,-0.868590,0.563900,1.953721,0.825922
792,305244686,-0.082714,-0.480806,-0.092166,-0.868038,-1.377663,1.944763,0.675977
793,305278020,-0.069613,-0.481085,-0.101621,-0.867978,-2.741410,0.452554,-2.210232
794,305311354,-0.062226,-0.477513,-0.105844,-0.870005,-0.802375,-0.304687,-0.856568
795,305344688,-0.056779,-0.474036,-0.105891,-0.872270,0.966256,2.330191,1.064216
796,305378022,-0.048861,-0.472532,-0.110908,-0.872942,-0.277123,0.806416,-0.082663
797,305411356,-0.042334,-0.469857,-0.113918,-0.874338,-0.460273,0.230105,0.249823
798,305444690,-0.034774,-0.468722,-0.117369,-0.874824,0.511628,1.417246,0.607513
799,305478024,-0.026147,-0.465705,-0.121668,-0.876147,0.916554,0.592382,1.257288
800,305511358,-0.019677,-0.462759,-0.125389,-0.877351,0.435227,1.120219,0.503467
801,305544692,-0.014596,-0.459961,-0.130334,-0.878201,1.091522,0.592979,0.595129
802,305578026,-0.009631,-0.456095,-0.135145,-0.879558,0.787088,0.186039,-0.123860
803,305611360,-0.003980,-0.452918,-0.138612,-0.880702,-0.203631,1.574481,0.773286
804,305644694,0.001659,-0.449199,-0.143795,-0.881783,0.612033,0.758033,1.270943
805,305678028,0.007232,-0.446161,-0.150029,-0.882258,-0.170736,0.510891,0.238029
806,305711362,0.012593,-0.444702,-0.157147,-0.881696,-0.720343,0.142376,-0.161202
807,305744696,0.017140,-0.443414,-0.162661,-0.881268,-1.343040,-0.115023,-0.529681
808,305778030,0.019765,-0.443524,-0.164439,-0.880827,-0.953767,0.574288,-0.084835
809,305811364,0.022649,-0.443790,-0.166010,-0.880328,-0.906525,0.471062,-0.020949
810,305844698,0.026864,-0.447376,-0.166604,-0.878281,-1.134048,1.086701,1.331230
811,305878032,0.033456,-0.454903,-0.172777,-0.872979,0.268925,0.447460,1.759480
812,305911366,0.042624,-0.464776,-0.185197,-0.864794,-0.911446,1.041112,0.426126
813,305944700,0.049819,-0.473198,-0.197622,-0.857057,-3.469557,-1.142668,-2.193572
814,305978034,0.052059,-0.478390,-0.200523,-0.853361,-2.675404,-1.740479,-1.353632
815,306011368,0.055857,-0.480317,-0.198893,-0.852419,-0.643045,-0.352760,-0.669814
816,306044702,0.061606,-0.481287,-0.198543,-0.851557,1.156252,1.434036,0.234602
817,306078036,0.067989,-0.483574,-0.202302,-0.848887,0.726226,0.731265,0.533654
818,306111370,0.074704,-0.486038,-0.208410,-0.845430,0.371176,0.048268,0.687016
819,306144704,0.080148,-0.486840,-0.213797,-0.843122,-0.390560,-0.438394,-0.947489
820,306178038,0.084020,-0.485194,-0.217585,-0.842724,0.878353,-0.231655,0.537139
821,306211372,0.088195,-0.481813,-0.221082,-0.843327,1.002017,-1.562292,1.209423
822,306244706,0.093108,-0.478995,-0.227013,-0.842829,1.062195,-1.798883,-0.850827
823,306278040,0.099934,-0.474004,-0.233016,-0.843230,1.078085,1.448803,0.666570
824,306311374,0.107824,-0.468436,-0.241011,-0.843123,0.277121,0.241861,0.072248
825,306344708,0.115217,-0.463321,-0.251186,-0.842000,0.875829,-0.987551,0.042800
826,306378042,0.123718,-0.456311,-0.259369,-0.842142,0.884812,1.447071,0.186382
827,306411376,0.133457,-0.448093,-0.266247,-0.842921,0.692909,0.070880,-0.674624
828,306444710,0.143224,-0.440128,-0.269685,-0.844420,-0.763822,2.325703,0.410939
829,306478044,0.152668,-0.432089,-0.271857,-0.846219,-0.591041,1.542809,0.936745
830,306511378,0.161960,-0.424179,-0.275346,-0.847365,-0.407143,-1.190350,-0.148293
831,306544712,0.171290,-0.416403,-0.273417,-0.850007,-1.040286,0.584283,-0.326708
832,306578046,0.181254,-0.410856,-0.270460,-0.851585,-1.617781,0.575482,0.388814
833,306611380,0.190839,-0.407195,-0.266492,-0.852500,-1.479683,2.155711,0.502370
834,306644714,0.201552,-0.406548,-0.270886,-0.848951,-1.685749,0.909463,0.684418
835,306678048,0.210903,-0.405243,-0.277828,-0.845050,-1.810941,-0.111489,-0.205183
836,306711382,0.218719,-0.403512,-0.280415,-0.843035,-2.847290,-1.256398,-2.245672
837,306744716,0.225112,-0.401078,-0.278243,-0.843233,-0.534423,0.628931,0.790753
838,306778050,0.231890,-0.399681,-0.276729,-0.842558,-0.150553,-0.456247,0.563190
839,306811384,0.238555,-0.399265,-0.274337,-0.841676,-0.752516,0.545369,0.585305
840,306844718,0.243815,-0.399341,-0.271420,-0.841079,-0.802850,0.362989,0.117566
841,306878052,0.249554,-0.398460,-0.270560,-0.840090,0.161145,0.508457,0.032005
842,306911386,0.255224,-0.397227,-0.270104,-0.839116,0.002591,0.475516,0.188487
843,306944720,0.260736,-0.396216,-0.268589,-0.838385,-0.223275,0.154868,-0.259588
844,306978054,0.265009,-0.395120,-0.269171,-0.837376,-0.360926,0.134123,-0.287812
845,307011388,0.269328,-0.392100,-0.269750,-0.837231,0.488225,0.499577,0.121157
846,307044722,0.273137,-0.388549,-0.271630,-0.837045,0.212842,0.025476,-0.013787
847,307078056,0.277098,-0.385284,-0.274665,-0.836261,-1.233115,1.426590,-0.317045
848,307111390,0.280668,-0.381949,-0.277932,-0.835521,-0.743492,0.557916,0.471825
849,307144724,0.282681,-0.379933,-0.282406,-0.834260,-1.051950,0.177878,-0.138006
850,307178058,0.283692,-0.378291,-0.286007,-0.833436,-0.339295,-1.356682,-0.422636
851,307211392,0.284199,-0.379423,-0.289549,-0.831523,-2.480572,0.323585,-0.741144
852,307244726,0.285919,-0.382179,-0.293325,-0.828342,-0.876309,0.953497,0.900669
853,307278060,0.290286,-0.387778,-0.303058,-0.820682,-0.373015,-0.067982,0.822228
854,307311394,0.297259,-0.392359,-0.315913,-0.811105,-1.015345,0.778550,-0.147096
855,307344728,0.302242,-0.395181,-0.328047,-0.803037,-0.625049,-3.323554,-0.905005
856,307378062,0.303547,-0.398056,-0.329515,-0.800520,-1.931581,-1.086892,-0.157872
857,307411396,0.302875,-0.401061,-0.326043,-0.800696,-0.343637,-0.171283,-0.412363
858,307444730,0.303266,-0.404094,-0.323956,-0.799869,-0.114459,0.626752,0.147915
859,307478064,0.307857,-0.407079,-0.326420,-0.795589,1.049194,0.678044,1.090454
860,307511398,0.312860,-0.408393,-0.329808,-0.791556,1.088692,0.229544,0.407340
861,307544732,0.317639,-0.408451,-0.333840,-0.787924,-0.052594,-0.347976,-0.862790
862,307578066,0.320896,-0.406204,-0.334324,-0.787561,0.117892,0.200291,-0.051837
863,307611400,0.322258,-0.403278,-0.331527,-0.789688,1.614685,0.169163,0.244287
864,307644734,0.325421,-0.399486,-0.329660,-0.791099,0.544935,0.969985,0.917126
865,307678068,0.330986,-0.395149,-0.329212,-0.791155,-0.430509,-0.951985,-1.353834
866,307711402,0.337371,-0.390042,-0.327523,-0.791693,0.576436,1.136324,0.129457
867,307744736,0.344586,-0.384188,-0.326764,-0.791762,0.847000,0.576653,0.115524
868,307778070,0.352233,-0.377915,-0.327191,-0.791239,1.033444,0.788176,0.046882
869,307811404,0.361600,-0.370458,-0.329227,-0.789694,0.290099,0.146644,0.318914
870,307844738,0.372326,-0.361396,-0.330231,-0.788489,0.198806,0.950060,0.153972
871,307878072,0.382625,-0.351604,-0.331812,-0.787321,0.794985,0.500437,0.555022
872,307911406,0.391821,-0.342114,-0.334105,-0.786008,0.542216,1.150078,0.850080
873,307944740,0.402032,-0.333300,-0.336316,-0.783692,-1.997137,2.130978,1.816482
874,307978074,0.413476,-0.325489,-0.341852,-0.778609,-1.215471,-1.227430,-0.330087
875,308011408,0.425631,-0.318321,-0.344631,-0.773783,-1.783573,-0.647657,0.254199
876,308044742,0.437161,-0.313776,-0.345038,-0.769015,-2.571946,-0.388839,-0.183717
877,308078076,0.446572,-0.309999,-0.348052,-0.763764,-1.018702,-0.175364,-0.240434
878,308111410,0.456161,-0.305993,-0.353212,-0.757316,-2.250793,-0.340544,-0.116280
879,308144744,0.465712,-0.301363,-0.356466,-0.751815,-1.828163,-0.025452,-0.417006
880,308178078,0.474914,-0.296589,-0.357946,-0.747240,-0.697833,-1.400144,-1.087082
881,308211412,0.482620,-0.293767,-0.355382,-0.744636,-1.164446,-0.441197,-0.473711
882,308244746,0.487613,-0.293636,-0.351755,-0.743156,-2.269706,0.766632,0.372828
883,308278080,0.492711,-0.292869,-0.353092,-0.739452,-0.959833,1.222465,0.531414
884,308311414,0.498631,-0.291597,-0.356489,-0.734340,-0.203663,0.660633,-0.256474
885,308344748,0.505462,-0.291049,-0.357176,-0.729537,-0.343118,-0.292727,-0.636711
886,308378082,0.512037,-0.290792,-0.353633,-0.726775,-0.423648,-0.414892,-0.511617
887,308411416,0.517879,-0.289491,-0.348708,-0.725534,0.935056,0.352297,0.197673
888,308444750,0.522317,-0.291258,-0.337847,-0.726783,-0.458206,-0.093256,-0.370447
889,308478084,0.527935,-0.290560,-0.332615,-0.725415,-0.705289,1.139028,0.762677
890,308511418,0.533489,-0.287997,-0.331408,-0.722922,-0.585814,0.038105,0.413361
891,308544752,0.538230,-0.284061,-0.333792,-0.719862,-0.474914,-0.697040,-0.647692
892,308578086,0.541068,-0.280769,-0.336398,-0.717810,-1.041139,0.164052,-0.098819
893,308611420,0.544159,-0.277015,-0.340522,-0.714982,-0.404244,0.125204,-0.033918
894,308644754,0.546847,-0.273616,-0.344782,-0.712193,1.320796,-0.767287,0.575761
895,308678088,0.548071,-0.272406,-0.349416,-0.709453,-0.099799,-0.803173,-0.220347
896,308711422,0.548805,-0.271437,-0.355531,-0.706211,-0.128321,-0.211588,0.400562
897,308744756,0.549987,-0.271692,-0.362466,-0.701653,-0.738658,-0.437205,0.373445
898,308778090,0.552770,-0.270794,-0.372008,-0.694786,-0.775813,0.120695,0.913058
899,308811424,0.555107,-0.269194,-0.380948,-0.688673,0.447457,-1.140098,-0.300838
900,308844758,0.556759,-0.267129,-0.385560,-0.685570,-0.273143,-2.119794,-0.954350
901,308878092,0.558016,-0.265524,-0.386576,-0.684599,-0.584851,-0.575034,-0.235883
902,308911426,0.559104,-0.263878,-0.386814,-0.684213,0.752145,0.499501,0.249579
903,308944760,0.560393,-0.262662,-0.389778,-0.681940,-1.610922,0.040998,0.302367
904,308978094,0.563099,-0.258834,-0.397401,-0.676755,0.111583,0.054866,-0.093914
905,309011428,0.566094,-0.255414,-0.404995,-0.671030,-1.012128,0.416922,0.028058
906,309044762,0.569338,-0.251397,-0.412178,-0.665405,0.252669,0.012990,-0.693782
907,309078096,0.572924,-0.246901,-0.417469,-0.660695,-0.092796,-0.239832,-0.494672
908,309111430,0.576522,-0.242901,-0.417793,-0.658841,0.540567,0.895868,0.495898
909,309144764,0.580590,-0.239134,-0.417916,-0.656565,0.657850,0.898667,-0.548717
910,309178098,0.587872,-0.232958,-0.418367,-0.652002,-0.274906,1.204698,-0.374417
911,309211432,0.597679,-0.224765,-0.418001,-0.646171,-0.407649,0.670776,0.052631
912,309244766,0.607577,-0.215545,-0.417482,-0.640391,0.444099,1.839930,0.631382
913,309278100,0.617106,-0.207883,-0.417088,-0.634037,0.109540,2.611654,1.407861
914,309311434,0.627418,-0.197388,-0.421898,-0.624009,-0.494357,0.981279,0.801038
915,309344768,0.637043,-0.186772,-0.422714,-0.616933,0.197330,1.358326,-1.013112
916,309378102,0.645667,-0.178896,-0.422126,-0.610672,-1.420075,0.513827,0.630259
917,309411436,0.653258,-0.172989,-0.421134,-0.604959,-2.247902,-0.262700,0.221891
918,309444770,0.661142,-0.166837,-0.423389,-0.596489,-0.865898,-1.813253,0.041689
919,309478104,0.668195,-0.160942,-0.426167,-0.588214,-0.700667,-1.147931,0.702543
920,309511438,0.672843,-0.155538,-0.429439,-0.581957,-2.348106,-2.085829,-0.075488
921,309544772,0.677205,-0.151842,-0.433855,-0.574550,-2.761476,-1.818421,-0.070022
922,309578106,0.682597,-0.147839,-0.437443,-0.566435,-1.099329,-1.507594,-1.522577
923,309611440,0.688511,-0.145647,-0.439706,-0.558031,-1.534420,-1.750447,-0.036054
924,309644774,0.694888,-0.143581,-0.440740,-0.549786,-1.940732,-1.758509,-0.109533
925,309678108,0.700867,-0.141125,-0.440595,-0.542905,-1.578379,-0.107666,0.355261
926,309711442,0.707061,-0.139062,-0.437971,-0.537503,-0.630129,0.233095,0.500406
927,309744776,0.711286,-0.138032,-0.435849,-0.533905,0.076872,-0.434083,-0.070735
928,309778110,0.714781,-0.135465,-0.433867,-0.531504,-0.559389,-0.508126,-0.300811
929,309811444,0.716948,-0.138124,-0.428396,-0.532339,-1.165825,-0.059769,1.604382
930,309844778,0.718285,-0.141851,-0.424121,-0.532980,1.052866,-0.298258,-0.122837
931,309878112,0.721668,-0.140686,-0.424470,-0.528421,1.384044,-0.485044,0.363918
932,309911446,0.725499,-0.141858,-0.421414,-0.525298,-0.763385,-0.386213,-0.752668
933,309944780,0.728301,-0.146865,-0.416858,-0.523677,-2.021355,-0.415063,0.872725
934,309978114,0.728988,-0.151495,-0.414669,-0.523141,0.365391,-0.026699,-0.466250
935,310011448,0.729572,-0.154351,-0.413502,-0.522416,-1.517434,-0.532231,0.023731
936,310044782,0.729858,-0.155309,-0.414091,-0.521264,-1.061826,-0.114093,0.520899
937,310078116,0.729446,-0.155642,-0.416004,-0.520217,-0.603961,-0.511961,-0.093797
938,310111450,0.728039,-0.156789,-0.418800,-0.519600,-0.159279,-0.557249,-0.084595
939,310144784,0.726361,-0.156917,-0.424017,-0.517675,0.741140,0.250138,1.332962
940,310178118,0.725427,-0.154301,-0.435465,-0.510213,-1.538944,-0.970944,1.182423
941,310211452,0.725611,-0.146699,-0.450408,-0.499100,0.058988,-0.515709,-0.366634
942,310244786,0.725121,-0.139628,-0.461687,-0.491478,1.807119,-1.652229,-0.666219
943,310278120,0.723930,-0.138851,-0.467578,-0.487870,0.326185,-2.084421,-0.570028
944,310311454,0.723194,-0.141927,-0.466411,-0.489191,1.070731,-0.791989,-0.675859
945,310344788,0.723127,-0.147665,-0.464715,-0.489207,0.057117,-0.321965,0.939444
946,310378122,0.724934,-0.150284,-0.464887,-0.485557,-0.701192,0.223932,0.384959
947,310411456,0.726459,-0.154793,-0.464698,-0.482031,0.374396,-0.649172,-0.907889
948,310444790,0.728173,-0.160843,-0.461847,-0.480199,1.086087,0.236348,-0.297191
949,310478124,0.730735,-0.164871,-0.457076,-0.479506,-1.080345,0.976407,1.273348
950,310511458,0.734561,-0.169511,-0.450211,-0.478536,1.360501,1.389420,1.248297
951,310544792,0.738286,-0.175101,-0.441803,-0.478627,-0.244256,1.215248,0.789699
952,310578126,0.741446,-0.177434,-0.435453,-0.478703,-0.212969,0.259462,-0.501754
953,310611460,0.744744,-0.175984,-0.431018,-0.478132,0.553278,1.119570,0.066841
954,310644794,0.748428,-0.174936,-0.425181,-0.477991,1.144775,1.169580,2.470118
955,310678128,0.751848,-0.175593,-0.419208,-0.477657,-0.357553,0.463858,0.231163
956,310711462,0.756061,-0.175231,-0.413541,-0.476079,0.401259,0.789038,-0.561008
957,310744796,0.759734,-0.175264,-0.409502,-0.473703,1.055259,-0.007465,-0.594895
958,310778130,0.764049,-0.176054,-0.404033,-0.471161,0.484236,-0.261166,-0.540728
959,310811464,0.767207,-0.179806,-0.397367,-0.470280,0.676443,-0.568509,-0.194590
960,310844798,0.770609,-0.186146,-0.391400,-0.467245,-1.850856,-2.594086,1.915509
961,310878132,0.772535,-0.191056,-0.390737,-0.462615,1.122720,0.176474,-0.609171
962,310911466,0.774047,-0.192702,-0.395260,-0.455508,-0.250417,0.075372,0.231769
963,310944800,0.774099,-0.195138,-0.402781,-0.447729,-1.595590,-1.868201,0.027695
964,310978134,0.773940,-0.195509,-0.408273,-0.442839,0.926467,-1.161878,-0.952153
965,311011468,0.774409,-0.198586,-0.409581,-0.439429,1.469285,-1.327442,-0.890005
966,311044802,0.775634,-0.203202,-0.409279,-0.435422,0.557596,-1.406188,-0.295708
967,311078136,0.778156,-0.205052,-0.408748,-0.430526,0.280465,-0.249743,0.544763
968,311111470,0.779661,-0.208825,-0.406913,-0.427719,-0.618201,-0.324829,-0.068652
969,311144804,0.780535,-0.208411,-0.407101,-0.426146,-1.292911,-0.372636,0.424132
970,311178138,0.781634,-0.205451,-0.408031,-0.424676,-0.686628,0.388569,0.456014
971,311211472,0.782543,-0.202487,-0.408915,-0.423574,-0.593917,-0.446712,0.709210
972,311244806,0.783020,-0.199366,-0.409190,-0.423908,0.471290,-0.237420,-0.324972
973,311278140,0.784232,-0.196765,-0.405857,-0.426079,-0.313980,-1.535942,0.059444
974,311311474,0.786300,-0.189041,-0.400706,-0.430617,0.482824,0.122433,-0.891473
975,311344808,0.787505,-0.183823,-0.396060,-0.434950,-0.970781,1.088079,1.027999
976,311378142,0.788595,-0.179099,-0.394637,-0.436238,-1.095112,1.213431,0.861506
977,311411476,0.786710,-0.177757,-0.396210,-0.438758,0.408188,0.248471,-0.262038
978,311444810,0.784020,-0.176926,-0.400328,-0.440167,-0.271313,-1.355275,-0.231415
979,311478144,0.781136,-0.175045,-0.404141,-0.442557,0.759817,-0.803548,-0.154496
980,311511478,0.778139,-0.172851,-0.409754,-0.443536,0.019128,-0.864690,0.654143
981,311544812,0.774934,-0.171494,-0.416467,-0.443421,-0.107126,-1.453425,0.368329
982,311578146,0.772610,-0.168860,-0.425375,-0.440019,-0.120830,-0.480062,0.731504
983,311611480,0.770408,-0.163042,-0.437671,-0.433974,0.340416,-0.532985,-0.443197
984,311644814,0.768941,-0.158671,-0.446895,-0.428765,1.011135,-1.015613,-0.475017
985,311678148,0.767201,-0.160735,-0.449731,-0.428146,1.029699,-1.691818,-1.082510
986,311711482,0.766798,-0.164128,-0.448397,-0.428979,0.094687,-1.523787,0.072745
987,311744816,0.766377,-0.168184,-0.445339,-0.431341,0.038621,0.022053,0.115933
988,311778150,0.766760,-0.171607,-0.442001,-0.432743,-0.463839,0.454866,1.126833
989,311811484,0.766036,-0.174796,-0.441105,-0.433662,0.679655,0.526415,0.639482
990,311844818,0.765761,-0.178196,-0.439577,-0.434315,0.495254,0.062937,-1.272314
991,311878152,0.766485,-0.181195,-0.436679,-0.434720,0.548372,1.187801,0.613981
992,311911486,0.768049,-0.185524,-0.431222,-0.435580,0.730660,0.490576,-1.353921
993,311944820,0.769942,-0.189377,-0.425400,-0.436304,-0.414296,0.403206,0.313250
994,311978154,0.772289,-0.193234,-0.419342,-0.436330,0.592369,0.867081,-0.147248
995,312011488,0.775295,-0.197371,-0.411196,-0.436901,-1.171189,0.680624,0.627760
996,312044822,0.778848,-0.199840,-0.403984,-0.436184,0.366026,0.105437,0.043815
997,312078156,0.782287,-0.201409,-0.397481,-0.435282,0.660076,1.277645,-0.046764
998,312111490,0.785880,-0.203430,-0.390803,-0.433915,-1.490110,-0.417496,0.427299
999,312144824,0.789346,-0.205134,-0.384600,-0.432361,1.106990,1.190691,0.989662
1000,312178158,0.792189,-0.207961,-0.378915,-0.430828,1.494753,-0.751511,-0.732454
1001,312211492,0.795467,-0.209615,-0.374575,-0.427771,0.128359,-0.412608,0.706541
1002,312244826,0.797954,-0.212571,-0.370319,-0.425380,0.787980,-0.491944,0.990726
1003,312278160,0.799499,-0.215025,-0.369873,-0.421616,-0.211293,-0.983878,0.023723
1004,312311494,0.801243,-0.214540,-0.372176,-0.416494,-0.701348,-0.389104,1.158365
1005,312344828,0.802449,-0.214029,-0.375624,-0.411308,1.009410,-0.763319,-0.497422
1006,312378162,0.803105,-0.213792,-0.377236,-0.408668,0.475377,-0.725152,-0.692578
1007,312411496,0.803494,-0.214902,-0.377475,-0.407096,1.063905,-2.150661,-1.349791
1008,312444830,0.805309,-0.213257,-0.376431,-0.405339,-1.104157,-0.156328,1.487346
1009,312478164,0.806789,-0.211710,-0.377447,-0.402250,0.003813,0.688933,0.141316
1010,312511498,0.809485,-0.208797,-0.378377,-0.397453,-1.221064,0.196787,1.084886
1011,312544832,0.811285,-0.207143,-0.378614,-0.394411,1.032147,0.028611,0.138496
1012,312578166,0.812693,-0.205039,-0.378269,-0.392942,-0.465889,-0.203075,0.259818
1013,312611500,0.814176,-0.202561,-0.376887,-0.392483,-0.539910,0.026740,0.858267
1014,312644834,0.815306,-0.202354,-0.373508,-0.393475,0.277981,0.698992,-0.912117
1015,312678168,0.816105,-0.199063,-0.372531,-0.394421,0.194972,0.716437,0.650983
1016,312711502,0.816618,-0.195825,-0.370215,-0.397152,0.121349,0.720220,0.005257
1017,312744836,0.816791,-0.193675,-0.367409,-0.400443,1.322847,1.541376,0.555981
1018,312778170,0.815605,-0.193826,-0.365932,-0.404121,1.408940,-0.598174,-1.638684
1019,312811504,0.814766,-0.192132,-0.363599,-0.408702,-0.155170,0.468983,0.630960
1020,312844838,0.813045,-0.191558,-0.362784,-0.413100,-0.150561,-1.584939,0.253189
1021,312878172,0.810632,-0.190971,-0.363585,-0.417388,1.276169,-0.508550,-0.256693
1022,312911506,0.806860,-0.191944,-0.366395,-0.421769,0.772046,-0.238201,-0.057752
1023,312944840,0.801948,-0.195227,-0.370028,-0.426434,1.483005,0.954433,-0.174474
1024,312978174,0.797357,-0.198465,-0.376378,-0.427988,-0.291639,-0.988885,0.799623
1025,313011508,0.793083,-0.201276,-0.384724,-0.427195,0.628851,-0.805992,-0.027873
1026,313044842,0.788026,-0.206795,-0.390382,-0.428783,1.733884,-2.400718,-0.835590
1027,313078176,0.783073,-0.213263,-0.391505,-0.433636,1.121409,-2.581805,-0.208602
1028,313111510,0.778986,-0.219104,-0.390317,-0.439121,0.208247,-0.175298,-0.356283
1029,313144844,0.775678,-0.223387,-0.389576,-0.443457,0.205642,0.852825,0.938886
1030,313178178,0.772868,-0.226417,-0.390831,-0.445715,1.079810,-0.257549,1.134209
1031,313211512,0.770859,-0.227875,-0.394074,-0.445595,-0.592449,-1.420928,-0.585457
1032,313244846,0.768019,-0.229691,-0.395105,-0.448645,0.331008,0.758571,-0.420971
1033,313278180,0.765436,-0.231646,-0.393467,-0.453467,-0.131118,1.109214,0.301892
1034,313311514,0.763353,-0.233712,-0.390342,-0.458590,1.371495,1.615896,-0.521713
1035,313344848,0.762985,-0.234351,-0.384998,-0.463369,1.282835,1.631152,0.063004
1036,313378182,0.763104,-0.235202,-0.379860,-0.466968,-1.434142,-0.534788,-0.367268
1037,313411516,0.764757,-0.233761,-0.374809,-0.469064,-1.797866,1.578083,0.566688
1038,313444850,0.765393,-0.234588,-0.368968,-0.472234,0.585515,0.913290,-0.982209
1039,313478184,0.765789,-0.235188,-0.364155,-0.475022,1.294392,1.098498,-0.016141
1040,313511518,0.767267,-0.235696,-0.358125,-0.476965,0.229345,0.501085,0.192332
1041,313544852,0.768241,-0.236576,-0.353808,-0.478183,1.867430,0.460001,-0.695648
1042,313578186,0.769453,-0.236998,-0.350808,-0.478235,-0.548351,-0.768555,-0.145230
1043,313611520,0.769631,-0.238341,-0.349112,-0.478521,0.505840,-0.198162,-0.723048
1044,313644854,0.769303,-0.237940,-0.351562,-0.477455,-0.960331,0.045598,2.077228
1045,313678188,0.767239,-0.237402,-0.359526,-0.475106,0.450867,0.099753,0.741488
1046,313711522,0.765621,-0.235984,-0.369653,-0.470630,-0.641079,-2.067420,-0.706202
1047,313744856,0.763577,-0.234608,-0.379278,-0.466967,3.152498,-3.126233,-1.275227
1048,313778190,0.762922,-0.234207,-0.380497,-0.467248,-0.768971,-1.104293,-0.900307
1049,313811524,0.762420,-0.235399,-0.379249,-0.468480,0.671272,-0.051755,-0.106227
1050,313844858,0.762754,-0.235703,-0.379012,-0.467976,0.697510,0.167284,0.188070
1051,313878192,0.762324,-0.236451,-0.378907,-0.468383,-0.538333,-0.564246,-0.516337
1052,313911526,0.760758,-0.236654,-0.380120,-0.469842,-0.287496,0.773354,-0.504343
1053,313944860,0.758846,-0.235772,-0.381062,-0.472606,0.080452,1.097266,-0.137372
1054,313978194,0.757159,-0.234142,-0.382610,-0.474866,0.098298,0.848564,-0.328211
1055,314011528,0.756368,-0.231866,-0.383266,-0.476711,-0.684704,0.132070,-0.309330
1056,314044862,0.755664,-0.229343,-0.382240,-0.479861,0.124934,0.727862,-0.132975
1057,314078196,0.754492,-0.227004,-0.380759,-0.483979,-0.266567,0.446331,0.149309
1058,314111530,0.752910,-0.224395,-0.380062,-0.488188,0.614321,-0.327393,-0.292620
1059,314144864,0.749887,-0.222406,-0.379213,-0.494371,0.248349,-0.569996,0.491259
1060,314178198,0.745606,-0.222403,-0.378022,-0.501706,-1.216496,-0.696310,-0.884563
1061,314211532,0.740530,-0.221434,-0.378740,-0.509058,-0.047767,-0.781462,0.010809
1062,314244866,0.735300,-0.221563,-0.381186,-0.514725,-0.239113,-1.570093,0.252546
1063,314278200,0.730234,-0.222439,-0.385644,-0.518226,-0.042300,-1.128074,-0.172838
1064,314311534,0.727546,-0.221569,-0.394415,-0.515773,0.230652,-0.666476,-0.209700
1065,314344868,0.724317,-0.222148,-0.401661,-0.514475,2.416564,-0.107833,-0.648569
1066,314378202,0.720278,-0.226239,-0.406252,-0.514758,1.026774,-2.464819,-0.592450
1067,314411536,0.717354,-0.230608,-0.406003,-0.517094,-1.804610,-1.985976,0.029117
1068,314444870,0.714299,-0.234931,-0.403704,-0.521161,1.441523,-0.120228,0.223514
1069,314478204,0.711886,-0.239162,-0.402352,-0.523578,-0.590044,0.651223,1.552868
1070,314511538,0.709996,-0.242939,-0.402867,-0.524010,0.624494,0.810287,0.662478
1071,314544872,0.708650,-0.245850,-0.404033,-0.523575,0.499456,-0.298007,-0.144373
1072,314578206,0.708480,-0.247195,-0.403945,-0.523240,-0.502239,-0.684648,-0.415047
1073,314611540,0.709614,-0.248718,-0.399049,-0.524737,0.496134,0.336325,0.152828
1074,314644874,0.709837,-0.252070,-0.390770,-0.529047,0.535322,0.595052,0.396362
1075,314678208,0.710438,-0.255706,-0.382812,-0.532305,0.619379,0.055248,-0.227992
1076,314711542,0.710601,-0.261361,-0.373915,-0.535654,0.657062,-0.442011,0.179361
1077,314744876,0.709927,-0.269629,-0.363137,-0.539849,-0.032901,-0.084127,-0.046750
1078,314778210,0.709335,-0.277180,-0.353287,-0.543327,0.094333,-0.280880,0.244257
1079,314811544,0.708798,-0.284028,-0.345710,-0.545361,1.491031,-0.923124,-0.736538
1080,314844878,0.708717,-0.290668,-0.337508,-0.547103,0.526284,-1.166523,-0.568406
1081,314878212,0.710119,-0.295576,-0.330402,-0.546993,0.679764,-0.757363,-0.091993
1082,314911546,0.710427,-0.301970,-0.321703,-0.548284,0.462117,-0.123892,0.858760
1083,314944880,0.710769,-0.307392,-0.318680,-0.546591,0.317336,-0.439781,1.075086
1084,314978214,0.710709,-0.311527,-0.322164,-0.542269,0.039722,-0.351525,0.750548
1085,315011548,0.711646,-0.312837,-0.328971,-0.536165,-1.304253,0.558366,1.127920
1086,315044882,0.711651,-0.316886,-0.338055,-0.528069,0.717004,0.340582,-0.415038
1087,315078216,0.709932,-0.326313,-0.343615,-0.521005,0.998954,0.238770,0.508977
1088,315111550,0.705352,-0.339252,-0.347559,-0.516323,1.706284,0.356275,-0.367442
1089,315144884,0.703785,-0.346368,-0.353796,-0.509456,-0.321653,-0.334455,-0.040024
1090,315178218,0.705965,-0.344628,-0.361180,-0.502388,-0.069928,-0.682794,-0.683704
1091,315211552,0.711723,-0.335832,-0.371935,-0.492272,1.669859,-0.939180,-2.212705
1092,315244886,0.718469,-0.324873,-0.378571,-0.484711,0.685743,-0.612829,-1.181642
1093,315278220,0.725799,-0.312184,-0.381925,-0.479469,-1.322207,-0.867118,0.671129
1094,315311554,0.730962,-0.303831,-0.382145,-0.476810,0.459622,0.754712,1.017645
1095,315344888,0.733257,-0.302514,-0.376974,-0.478237,1.322744,0.715616,1.106399
1096,315378222,0.732391,-0.306009,-0.371587,-0.481544,0.115661,0.341418,0.827637
1097,315411556,0.727097,-0.316418,-0.367285,-0.486120,-0.209066,0.758904,1.207041
1098,315444890,0.721363,-0.324539,-0.365443,-0.490676,-0.218045,0.110153,0.723344
1099,315478224,0.713927,-0.333408,-0.363189,-0.497235,0.254050,-1.540404,-0.408264
1100,315511558,0.706770,-0.339446,-0.359242,-0.506160,0.545260,-0.889282,-0.288600
1101,315544892,0.699805,-0.341867,-0.356467,-0.516074,1.427244,-1.222793,-0.660644
1102,315578226,0.691853,-0.344313,-0.355109,-0.526010,-0.018154,-1.157035,-0.252118
1103,315611560,0.683224,-0.346598,-0.356471,-0.534794,-0.133802,-0.736238,0.752123
1104,315644894,0.675402,-0.347830,-0.362148,-0.540088,-1.492559,-0.291270,-0.025203
1105,315678228,0.670130,-0.346893,-0.372514,-0.540209,1.728972,0.912639,0.193382
1106,315711562,0.665291,-0.348107,-0.380912,-0.539553,1.199074,-1.964774,-0.545547
1107,315744896,0.661139,-0.349662,-0.384599,-0.541033,-0.046789,-1.699626,-0.127372
1108,315778230,0.657685,-0.349900,-0.383019,-0.546185,1.077739,-1.577450,-0.635246
1109,315811564,0.654867,-0.350072,-0.382766,-0.549627,-0.849225,0.544635,0.719361
1110,315844898,0.652389,-0.350589,-0.383620,-0.551646,1.567814,0.064464,0.376631
1111,315878232,0.649766,-0.352784,-0.384464,-0.552754,-0.698850,-0.654523,-0.443187
1112,315911566,0.648740,-0.353893,-0.383199,-0.554126,-0.315601,0.143280,-0.503292
1113,315944900,0.648285,-0.354406,-0.377938,-0.557931,0.725836,0.159186,-0.526938
1114,315978234,0.647412,-0.355392,-0.370916,-0.563006,0.654180,0.990785,0.995311
1115,316011568,0.646592,-0.357132,-0.361083,-0.569206,0.469799,0.925514,-1.079303
1116,316044902,0.645437,-0.359518,-0.352270,-0.574513,0.780058,1.635026,-0.151540
1117,316078236,0.644663,-0.361604,-0.342347,-0.580045,-0.506808,0.750681,0.250374
1118,316111570,0.643598,-0.364344,-0.332193,-0.585392,-0.183610,0.395386,-0.457000
1119,316144904,0.643317,-0.365725,-0.320774,-0.591179,0.956997,0.582340,-0.094946
1120,316178238,0.643510,-0.367349,-0.309583,-0.595910,-0.186710,-0.349936,1.134661
1121,316211572,0.643129,-0.370561,-0.299430,-0.599510,0.644426,-0.809479,-1.107265
1122,316244906,0.642949,-0.373051,-0.290624,-0.602484,0.592709,-0.268381,0.425523
1123,316278240,0.641893,-0.377568,-0.284378,-0.603776,0.790943,-1.534813,-0.054005
1124,316311574,0.639817,-0.383854,-0.282275,-0.603002,-0.436992,-0.809158,0.260976
1125,316344908,0.638524,-0.387966,-0.287005,-0.599499,0.008705,0.118797,-0.090767
1126,316378242,0.637970,-0.390836,-0.294234,-0.594701,-0.697350,-1.747137,0.241122
1127,316411576,0.637098,-0.394752,-0.297110,-0.591610,0.492545,-2.216851,-0.876960
1128,316444910,0.635922,-0.398517,-0.295355,-0.591231,-0.341290,-1.686324,-0.029469
1129,316478244,0.634821,-0.399867,-0.291687,-0.593320,2.044937,0.649105,-0.003946
1130,316511578,0.633941,-0.402681,-0.290670,-0.592856,-0.707798,-0.400590,1.345813
1131,316544912,0.632428,-0.407129,-0.289318,-0.592095,-1.097704,-0.306874,0.756273
1132,316578246,0.631157,-0.410485,-0.288566,-0.591501,-0.904184,-1.091013,-0.029759
1133,316611580,0.630390,-0.411515,-0.286471,-0.592620,0.738278,-1.085914,-0.940451
1134,316644914,0.630704,-0.411343,-0.283030,-0.594058,-0.127842,0.019652,-0.322854
1135,316678248,0.630905,-0.408730,-0.277775,-0.598114,0.964707,0.444456,0.083412
1136,316711582,0.630693,-0.407411,-0.273189,-0.601341,0.442758,1.039822,0.673173
1137,316744916,0.629411,-0.407080,-0.268694,-0.604923,0.084533,0.570651,0.374156
1138,316778250,0.627232,-0.406483,-0.265434,-0.609013,0.646088,0.867686,0.362173
1139,316811584,0.623597,-0.407316,-0.262396,-0.613490,0.351108,0.755285,0.783324
1140,316844918,0.618368,-0.409430,-0.259380,-0.618636,0.249836,-0.485129,-0.270427
1141,316878252,0.612628,-0.410886,-0.257066,-0.624322,-0.802372,-0.162313,0.326994
1142,316911586,0.605236,-0.412287,-0.255082,-0.631381,1.017738,-0.672505,-0.362966
1143,316944920,0.596792,-0.415543,-0.253315,-0.637962,0.509216,-0.768130,0.199648
1144,316978254,0.586248,-0.420029,-0.252086,-0.645246,1.241001,-1.511992,0.108941
1145,317011588,0.575193,-0.425827,-0.254306,-0.650503,-0.952025,-0.525489,0.970610
1146,317044922,0.566173,-0.431480,-0.260955,-0.652056,1.028617,1.265848,-0.061196
1147,317078256,0.559447,-0.440004,-0.269939,-0.648498,0.906373,-2.231128,-0.666646
1148,317111590,0.553799,-0.446159,-0.272349,-0.648132,-0.041124,-3.967338,0.028454
1149,317144924,0.547325,-0.451330,-0.266900,-0.652305,-0.888767,-1.823316,-0.301114
1150,317178258,0.545194,-0.449085,-0.261894,-0.657646,-0.878289,0.212982,-0.417493
1151,317211592,0.546554,-0.442672,-0.261501,-0.661013,0.045624,0.298643,0.295615
1152,317244926,0.547619,-0.437880,-0.261447,-0.663341,1.307299,0.795496,0.940822
1153,317278260,0.545873,-0.438766,-0.258771,-0.665241,1.831271,-0.587801,-0.767899
1154,317311594,0.543327,-0.440559,-0.254974,-0.667602,1.163750,1.025483,-0.016548
1155,317344928,0.540203,-0.442332,-0.250755,-0.670557,0.397638,-0.142587,0.292809
1156,317378262,0.535988,-0.444995,-0.243788,-0.674733,-0.855248,0.641219,0.341700
1157,317411596,0.532074,-0.445405,-0.234114,-0.680957,0.672329,0.102088,-0.263380
1158,317444930,0.529011,-0.444071,-0.222517,-0.688067,1.381596,-0.072640,-0.139581
1159,317478264,0.527381,-0.441154,-0.210562,-0.694923,0.934524,0.822842,0.417710
1160,317511598,0.525265,-0.439755,-0.197320,-0.701269,-0.848491,-0.288944,0.428339
1161,317544932,0.524356,-0.435913,-0.184048,-0.707925,0.880059,-0.162522,-0.057721
1162,317578266,0.523176,-0.433246,-0.170473,-0.713809,1.507753,0.048939,-0.182037
1163,317611600,0.522303,-0.432572,-0.154641,-0.718449,1.410650,0.267651,0.270133
1164,317644934,0.521177,-0.432218,-0.138047,-0.722846,-0.096664,-1.539160,-0.665872
1165,317678268,0.520318,-0.429282,-0.124909,-0.727588,0.223604,-0.705301,0.274556
1166,317711602,0.514318,-0.432045,-0.115299,-0.731793,0.840363,0.370248,0.949769
1167,317744936,0.505579,-0.439122,-0.110244,-0.734444,1.453087,0.093361,0.348584
1168,317778270,0.499530,-0.448418,-0.108926,-0.733163,0.370904,-0.949816,-1.012765
1169,317811604,0.497451,-0.454599,-0.108919,-0.730766,1.714806,-0.109229,-0.627691
1170,317844938,0.494429,-0.461206,-0.107639,-0.728865,-0.425590,-0.817588,0.505111
1171,317878272,0.490391,-0.467218,-0.105482,-0.728079,-0.633144,-0.826390,-0.248169
1172,317911606,0.485550,-0.470689,-0.103814,-0.729326,-0.146440,-0.001765,0.420125
1173,317944940,0.480406,-0.471265,-0.104009,-0.732326,0.370081,-0.657598,0.161266
1174,317978274,0.477839,-0.470133,-0.105874,-0.734463,1.362977,-0.375961,-0.217734
1175,318011608,0.474155,-0.469022,-0.106418,-0.737476,1.507674,-0.247205,-0.392792
1176,318044942,0.469279,-0.467889,-0.105327,-0.741461,0.275187,-0.181247,-0.264281
1177,318078276,0.464188,-0.464959,-0.103447,-0.746754,-0.333250,0.736780,0.597431
1178,318111610,0.458491,-0.462023,-0.100265,-0.752508,-0.086990,1.160917,0.413287
1179,318144944,0.451979,-0.458579,-0.096706,-0.758992,1.434314,0.611224,0.217751
1180,318178278,0.444252,-0.455850,-0.092591,-0.765682,0.931146,-0.440410,-0.255068
1181,318211612,0.436833,-0.452545,-0.088757,-0.772336,1.086653,-0.016365,1.037015
1182,318244946,0.427652,-0.451766,-0.084651,-0.778368,-0.685654,-0.612261,0.261721
1183,318278280,0.418700,-0.450830,-0.082367,-0.784002,0.698214,-0.076421,0.213605
1184,318311614,0.409509,-0.449908,-0.079584,-0.789654,-0.041729,-0.131865,0.190081
1185,318344948,0.398411,-0.451707,-0.076770,-0.794567,-0.312100,-1.407732,-0.326867
1186,318378282,0.387127,-0.452976,-0.075045,-0.799572,0.643175,-0.301219,0.083131
1187,318411616,0.371837,-0.458506,-0.073834,-0.803778,0.264013,-0.833054,0.101417
1188,318444950,0.356755,-0.467572,-0.075787,-0.805207,-1.411472,1.609125,1.340775
1189,318478284,0.344631,-0.478739,-0.081799,-0.803336,2.165720,-0.318103,-0.186644
1190,318511618,0.336049,-0.493311,-0.087486,-0.797535,-0.543679,-2.350206,-0.334172
1191,318544952,0.328842,-0.505393,-0.090967,-0.792569,-2.640824,-1.189700,-0.301587
1192,318578286,0.320263,-0.511765,-0.092224,-0.791848,-1.687316,-0.688443,-0.473117
1193,318611620,0.310918,-0.514229,-0.091834,-0.794019,-0.958401,-0.763505,-0.652499
1194,318644954,0.303466,-0.513333,-0.091636,-0.797496,0.377370,0.510304,0.840632
1195,318678288,0.296250,-0.512292,-0.090791,-0.800968,1.614560,-1.381413,0.091439
1196,318711622,0.290430,-0.512244,-0.088625,-0.803370,1.560685,-0.090321,0.456641
1197,318744956,0.286997,-0.512244,-0.085641,-0.804926,0.866373,0.016930,-0.335396
1198,318778290,0.284633,-0.510331,-0.081972,-0.807359,0.896388,-0.749622,-0.074281
1199,318811624,0.283103,-0.507899,-0.077821,-0.809837,0.021278,0.811495,1.215816
1200,318844958,0.279708,-0.506788,-0.072279,-0.812223,-0.021744,-0.541470,-0.128492
1201,318878292,0.274801,-0.503626,-0.065227,-0.816450,1.681842,-1.610890,-0.960909
1202,318911626,0.270374,-0.502801,-0.057154,-0.819038,0.125116,0.284015,-1.035964
1203,318944960,0.266938,-0.498457,-0.049918,-0.823282,0.872581,-0.034306,0.495421
1204,318978294,0.263191,-0.494367,-0.040539,-0.827460,1.405442,-1.177721,-0.738568
1205,319011628,0.259316,-0.490301,-0.031942,-0.831469,1.317140,-1.476229,-1.353643
1206,319044962,0.257340,-0.488089,-0.023541,-0.833662,1.642288,0.923147,1.096503
1207,319078296,0.254296,-0.487066,-0.012850,-0.835426,-0.683183,0.280817,-0.142653
1208,319111630,0.250518,-0.486943,-0.002009,-0.836734,0.412538,-0.636235,-0.479423
1209,319144964,0.244874,-0.489311,0.006509,-0.837000,-0.914615,-0.178860,-0.036001
1210,319178298,0.240422,-0.490613,0.009344,-0.837502,2.524093,-0.146258,2.598051
1211,319211632,0.237218,-0.497326,0.012666,-0.834407,-1.006380,0.223366,-0.582639
1212,319244966,0.235299,-0.502388,0.015717,-0.831862,-1.329264,-0.208997,0.089427
1213,319278300,0.231359,-0.504278,0.019166,-0.831751,-0.414624,-1.328508,0.240233
1214,319311634,0.226881,-0.505547,0.022622,-0.832127,-0.503293,-0.256983,0.079534
1215,319344968,0.221728,-0.506997,0.025324,-0.832557,-0.575335,1.101088,1.173128
1216,319378302,0.215499,-0.506323,0.027542,-0.834530,-0.830624,0.893748,-0.109721
1217,319411636,0.211310,-0.506570,0.027305,-0.835458,-0.402410,0.984443,1.500136
1218,319444970,0.207160,-0.506930,0.027543,-0.836271,-0.256315,-1.324669,-0.459947
1219,319478304,0.202637,-0.506981,0.028713,-0.837309,-0.589727,0.231576,-0.190623
1220,319511638,0.197727,-0.504163,0.029743,-0.840143,-0.135407,-1.489193,-0.802874
1221,319544972,0.191852,-0.500244,0.033154,-0.843712,-0.283964,-0.775687,-0.858736
1222,319578306,0.186577,-0.497753,0.035128,-0.846285,0.451247,0.518195,-0.066235
1223,319611640,0.179509,-0.494473,0.036523,-0.849671,1.149915,-0.519995,0.229427
1224,319644974,0.171037,-0.493251,0.038581,-0.852034,0.142369,-0.422190,0.301942
1225,319678308,0.161823,-0.491736,0.041119,-0.854587,-0.243346,0.527942,0.319517
1226,319711642,0.152583,-0.491258,0.041198,-0.856555,0.255237,-0.059299,0.437190
1227,319744976,0.141834,-0.491301,0.041563,-0.858359,0.416221,-0.764469,-0.380210
1228,319778310,0.131453,-0.491514,0.041066,-0.859912,0.164344,0.002804,0.317829
1229,319811644,0.117857,-0.493996,0.041284,-0.860450,-1.435066,0.616770,0.201888
1230,319844978,0.101992,-0.499049,0.038826,-0.859675,-0.617713,1.030927,0.679364
1231,319878312,0.090832,-0.507040,0.031934,-0.856529,1.489129,-0.081656,-0.020469
1232,319911646,0.085471,-0.518706,0.023392,-0.850349,0.215474,-2.590288,0.102007
1233,319944980,0.081046,-0.530469,0.019466,-0.843597,-2.832361,-0.266896,-0.674136
1234,319978314,0.074496,-0.535345,0.018538,-0.841138,-1.920542,0.954269,-0.243957
1235,320011648,0.066355,-0.534816,0.019021,-0.842145,-0.624250,-0.186001,-0.912567
1236,320044982,0.060209,-0.533276,0.020211,-0.843554,0.502707,-0.926823,-0.963736
1237,320078316,0.056910,-0.532181,0.022209,-0.844424,2.118067,-0.747265,0.611997
1238,320111650,0.054280,-0.531641,0.026020,-0.844828,0.863377,-0.028608,0.187171
1239,320144984,0.050852,-0.530135,0.031063,-0.845817,0.365822,0.527644,0.748792
1240,320178318,0.044874,-0.527653,0.039067,-0.847374,-0.022967,0.878139,-0.214414
1241,320211652,0.037004,-0.523488,0.049462,-0.849792,0.837508,0.739926,0.813470
1242,320244986,0.028706,-0.518276,0.060485,-0.852589,0.255111,-1.837006,-0.132591
1243,320278320,0.021541,-0.513612,0.071351,-0.854780,0.727129,-1.293334,0.450175
1244,320311654,0.014536,-0.508724,0.082394,-0.856855,0.666053,-0.652416,-0.435693
1245,320344988,0.008755,-0.503677,0.091556,-0.858983,-0.100656,-1.707221,-0.164551
1246,320378322,0.005061,-0.498879,0.102333,-0.860594,-0.487681,1.691388,-0.275631
1247,320411656,0.001520,-0.493091,0.110595,-0.862919,0.054805,-1.206374,-0.040457
1248,320444990,-0.002148,-0.486461,0.120986,-0.865283,-0.249215,-1.349443,-1.161116
1249,320478324,-0.005409,-0.477729,0.129024,-0.868964,-0.535049,-2.011178,0.096954
1250,320511658,-0.008379,-0.470371,0.135888,-0.871903,0.521345,0.972337,1.688146
1251,320544992,-0.011885,-0.470320,0.141528,-0.870993,1.147707,0.642746,1.916752
1252,320578326,-0.015748,-0.475451,0.146782,-0.867268,-0.135342,-0.484341,-0.229783
1253,320611660,-0.016244,-0.480784,0.147354,-0.864216,-1.328260,-0.854683,-0.470119
1254,320644994,-0.017915,-0.484943,0.148796,-0.861609,-1.601646,-0.732224,-0.177343
1255,320678328,-0.021418,-0.486176,0.152771,-0.860137,-1.233247,1.336622,0.734535
1256,320711662,-0.025296,-0.485190,0.156366,-0.859942,0.300783,2.828146,1.210819
1257,320744996,-0.028670,-0.485409,0.158384,-0.859344,-0.689729,0.961030,1.076818
1258,320778330,-0.032872,-0.483561,0.159396,-0.860048,-0.752650,-0.586758,0.815233
1259,320811664,-0.036449,-0.482030,0.161682,-0.860336,-0.413032,0.976504,0.474877
1260,320844998,-0.040909,-0.479882,0.164229,-0.860854,-0.069959,-0.164501,-0.343974
1261,320878332,-0.047079,-0.476919,0.167068,-0.861639,-0.035664,-0.863480,-0.346146
1262,320911666,-0.053788,-0.472328,0.168841,-0.863427,0.148643,0.081837,-0.178069
1263,320945000,-0.062013,-0.465235,0.168742,-0.866739,-0.107523,0.861956,0.078547
1264,320978334,-0.070323,-0.458791,0.167509,-0.869774,1.314996,0.405509,0.375833
1265,321011668,-0.077924,-0.454222,0.166998,-0.871621,0.878786,-0.706941,0.166605
1266,321045002,-0.086996,-0.450860,0.167867,-0.872341,1.045490,0.317293,0.719459
1267,321078336,-0.096302,-0.448367,0.168719,-0.872484,0.531900,-0.698216,0.171128
1268,321111670,-0.106312,-0.446580,0.171150,-0.871764,0.103221,-0.173806,-0.093194
1269,321145004,-0.116199,-0.444851,0.172614,-0.871097,0.064771,-0.389985,0.987749
1270,321178338,-0.127755,-0.445320,0.175796,-0.868600,-1.161774,1.116153,0.229074
1271,321211672,-0.140135,-0.448285,0.178882,-0.864526,0.021785,1.051288,1.012591
1272,321245006,-0.153766,-0.453968,0.184008,-0.858144,-0.112158,1.863457,0.138881
1273,321278340,-0.163477,-0.463342,0.185324,-0.851026,-0.307012,-0.835978,0.191560
1274,321311674,-0.169315,-0.473330,0.186725,-0.844053,-1.979631,-1.141908,-0.005651
1275,321345008,-0.174927,-0.480612,0.192111,-0.837560,-2.290142,0.699747,-1.300823
1276,321378342,-0.180644,-0.483618,0.196059,-0.833692,-0.888557,0.406606,-0.441463
1277,321411676,-0.185157,-0.485321,0.197097,-0.831465,-0.026762,1.361558,0.259437
1278,321445010,-0.189444,-0.487419,0.197139,-0.829259,0.040489,0.033321,0.149478
1279,321478344,-0.192230,-0.489551,0.198391,-0.827061,0.179386,-0.019138,0.180497
1280,321511678,-0.194913,-0.490522,0.201007,-0.825224,0.441309,-0.086560,-0.186667
1281,321545012,-0.196375,-0.489931,0.202871,-0.824772,1.014569,-0.124542,-0.149791
1282,321578346,-0.197855,-0.485916,0.205481,-0.826146,0.344390,-0.312889,-0.196358
1283,321611680,-0.202701,-0.478164,0.210013,-0.828352,-0.333972,0.513732,-0.262319
1284,321645014,-0.209884,-0.468256,0.214450,-0.831082,1.016537,-0.348055,-0.071035
1285,321678348,-0.217554,-0.458739,0.218018,-0.833485,1.589171,-2.530593,0.953386
1286,321711682,-0.223868,-0.453714,0.225816,-0.832487,1.010470,0.838092,0.906809
1287,321745016,-0.229716,-0.449386,0.231849,-0.831582,-0.794745,-1.191764,-0.088319
1288,321778350,-0.234546,-0.443702,0.237899,-0.831578,-1.104784,0.164077,-0.192515
1289,321811684,-0.237858,-0.437402,0.242772,-0.832566,-0.527007,1.021423,0.752095
1290,321845018,-0.240744,-0.429090,0.245256,-0.835329,-1.185865,-0.453743,-0.893632
1291,321878352,-0.243364,-0.421469,0.247417,-0.837809,0.163451,-0.286933,0.488814
1292,321911686,-0.245694,-0.416025,0.249871,-0.839120,-0.296119,-0.980175,0.208138
1293,321945020,-0.247367,-0.414663,0.253755,-0.838137,0.510101,-0.589666,0.682382
1294,321978354,-0.246946,-0.418176,0.258834,-0.834956,0.492981,-1.045170,0.385349
1295,322011688,-0.245295,-0.424672,0.264089,-0.830507,-0.965462,-0.909158,-0.875490
1296,322045022,-0.243988,-0.429062,0.270521,-0.826556,0.346892,0.415561,0.474773
1297,322078356,-0.243436,-0.432784,0.278413,-0.822146,-0.420661,-0.894571,-0.294487
1298,322111690,-0.244743,-0.435240,0.287657,-0.817265,-0.486640,0.303834,0.287831
1299,322145024,-0.244984,-0.437841,0.294428,-0.813383,-0.430167,-0.160632,0.059687
1300,322178358,-0.242690,-0.442629,0.298896,-0.809841,-0.900487,-1.274304,-0.707905
1301,322211692,-0.238708,-0.447386,0.302268,-0.807155,-0.122595,0.260443,-0.321401
1302,322245026,-0.236279,-0.449970,0.304783,-0.805486,-0.071723,1.788698,0.026391
1303,322278360,-0.236708,-0.449515,0.304470,-0.805732,-0.982837,2.047547,-0.551267
1304,322311694,-0.239925,-0.444729,0.298362,-0.809712,-0.310309,3.142519,0.150697
1305,322345028,-0.245440,-0.437896,0.293237,-0.813646,1.098524,-2.706098,0.190273
1306,322378362,-0.252333,-0.432750,0.297547,-0.812725,-0.035253,-2.582715,-0.169889
1307,322411696,-0.260372,-0.428272,0.303498,-0.810358,-0.255789,-2.596840,-0.054007
1308,322445030,-0.269749,-0.423890,0.314027,-0.805568,0.635868,-0.340349,0.246486
1309,322478364,-0.281207,-0.420055,0.324192,-0.799610,0.410749,-0.006865,0.670142
1310,322511698,-0.293296,-0.415262,0.333865,-0.793770,-0.717999,0.449185,-1.223562
1311,322545032,-0.305480,-0.411887,0.341159,-0.787809,-1.300100,1.131460,-0.155374
1312,322578366,-0.319576,-0.407979,0.346930,-0.781706,-0.780578,1.496759,0.291580
1313,322611700,-0.328820,-0.411469,0.345734,-0.776556,0.217128,1.106870,0.562011
1314,322645034,-0.330495,-0.421456,0.336333,-0.774615,-0.430026,-1.024250,-1.234533
1315,322678368,-0.327775,-0.433404,0.326630,-0.773330,-1.081647,0.183291,-0.453715
1316,322711702,-0.327683,-0.439709,0.318648,-0.773139,-2.601043,0.557718,-0.156620
1317,322745036,-0.333073,-0.438974,0.320117,-0.770643,-1.360587,1.060719,-0.799266
1318,322778370,-0.340449,-0.433082,0.320287,-0.770683,0.152226,0.630855,-0.742517
1319,322811704,-0.345487,-0.425730,0.312502,-0.775716,-0.196445,-0.689889,0.044243
1320,322845038,-0.348853,-0.420610,0.309249,-0.778302,1.005346,-1.990787,0.918377
1321,322878372,-0.351966,-0.417154,0.308262,-0.779152,-0.839220,-1.950172,0.213362
1322,322911706,-0.353665,-0.413101,0.308475,-0.780457,1.182665,-0.230923,0.417288
1323,322945040,-0.355966,-0.408226,0.307915,-0.782195,-0.299664,1.140567,-1.067748
1324,322978374,-0.361567,-0.399139,0.306174,-0.784994,-0.392885,-1.721122,-0.711391
1325,323011708,-0.368405,-0.389081,0.308701,-0.785874,-0.796502,-1.108453,-0.250281
1326,323045042,-0.375765,-0.378778,0.316884,-0.784164,-0.297207,-0.681552,0.634727
1327,323078376,-0.381679,-0.367746,0.328370,-0.781830,1.632085,0.162072,0.277920
1328,323111710,-0.386429,-0.358825,0.335136,-0.780770,-0.402126,-0.145180,0.484978
1329,323145044,-0.389885,-0.350140,0.340099,-0.780849,-0.734923,0.526429,-0.471683
1330,323178378,-0.392047,-0.341204,0.343161,-0.782381,-0.302998,-0.481518,0.908575
1331,323211712,-0.395098,-0.330333,0.346548,-0.784017,0.136948,0.647690,0.727587
1332,323245046,-0.397096,-0.320644,0.351509,-0.784821,-0.483234,-0.159199,0.870113
1333,323278380,-0.399312,-0.312772,0.358649,-0.783642,-1.242871,0.085179,0.253201
1334,323311714,-0.400857,-0.310592,0.369491,-0.778667,-0.997690,-0.389226,0.613906
1335,323345048,-0.400974,-0.311849,0.376416,-0.774778,-0.119346,-1.541399,1.283596
1336,323378382,-0.399483,-0.315653,0.381910,-0.771312,-1.973189,0.805670,-0.886245
1337,323411716,-0.399169,-0.316855,0.384424,-0.769731,-1.559792,0.624774,-0.066567
1338,323445050,-0.402751,-0.315604,0.384876,-0.768152,-1.291210,0.185139,-0.659209
1339,323478384,-0.409494,-0.313658,0.382985,-0.766327,-1.636663,0.072615,-0.245585
1340,323511718,-0.416891,-0.313617,0.379797,-0.763938,-1.736675,-0.673745,0.029340
1341,323545052,-0.423918,-0.313954,0.375860,-0.761877,-0.770502,-0.612826,-0.638764
1342,323578386,-0.430018,-0.316674,0.371459,-0.759488,-0.752764,-0.535312,0.011216
1343,323611720,-0.436122,-0.320406,0.366679,-0.756759,0.112856,1.236223,1.390958
1344,323645054,-0.443526,-0.321030,0.362266,-0.754314,-0.701883,0.053050,-1.171962
1345,323678388,-0.452605,-0.319980,0.358791,-0.751020,-0.483026,-0.090255,-0.062236
1346,323711722,-0.462058,-0.317576,0.356774,-0.747236,0.799141,-0.183601,0.563902
1347,323745056,-0.470313,-0.316843,0.352814,-0.744271,-0.030665,-0.227304,-0.898360
1348,323778390,-0.478746,-0.317181,0.347020,-0.741469,0.814032,0.137428,1.256189
1349,323811724,-0.488855,-0.316584,0.342829,-0.737065,1.046670,-0.523689,1.092575
1350,323845058,-0.498862,-0.318901,0.338865,-0.731170,-0.727508,-0.438322,-0.086568
1351,323878392,-0.507996,-0.321003,0.335765,-0.725369,-0.152496,0.322245,-0.886748
1352,323911726,-0.516800,-0.321968,0.330559,-0.721101,-1.103854,-0.808634,-0.434948
1353,323945060,-0.525500,-0.323422,0.326849,-0.715834,0.605408,0.107626,0.949058
1354,323978394,-0.535430,-0.323883,0.324682,-0.709222,-0.154606,0.682029,0.220297
1355,324011728,-0.545446,-0.325073,0.323316,-0.701629,0.198539,0.089079,1.246382
1356,324045062,-0.557827,-0.323934,0.326576,-0.690830,2.027324,2.165086,-0.138375
1357,324078396,-0.570182,-0.326437,0.332664,-0.676511,1.714075,2.667214,0.656278
1358,324111730,-0.581336,-0.328220,0.338186,-0.663287,-0.086740,-1.511956,-0.346547
1359,324145064,-0.582100,-0.338849,0.340877,-0.655854,0.138755,0.153534,0.586193
1360,324178398,-0.580168,-0.350349,0.342479,-0.650669,-0.567319,3.477530,-0.433125
1361,324211732,-0.581563,-0.355624,0.343673,-0.645914,1.911198,3.791004,-1.132165
1362,324245066,-0.586255,-0.353406,0.343816,-0.642807,-0.100526,1.972473,-1.198750
1363,324278400,-0.593935,-0.344863,0.346173,-0.639121,-0.212405,-1.261707,1.198847
1364,324311734,-0.598416,-0.341035,0.350130,-0.634825,0.242118,-0.130939,0.133709
1365,324345068,-0.602049,-0.338719,0.354620,-0.630121,-0.828491,-1.407776,0.644429
1366,324378402,-0.604254,-0.337048,0.358834,-0.626510,0.809106,0.301784,-0.722930
1367,324411736,-0.608163,-0.333051,0.362463,-0.622765,-1.404640,-0.239318,-0.735745
1368,324445070,-0.612833,-0.326640,0.365314,-0.619911,-0.816755,-0.807828,0.329235
1369,324478404,-0.617707,-0.319333,0.368085,-0.617235,-0.471670,0.085379,-0.392247
1370,324511738,-0.623461,-0.310361,0.370788,-0.614402,-1.012443,-1.518468,0.636686
1371,324545072,-0.628575,-0.302631,0.372789,-0.611830,-0.188668,-0.545146,1.008868
1372,324578406,-0.634048,-0.294325,0.376158,-0.608162,-0.940024,0.212343,-0.458361
1373,324611740,-0.638982,-0.285090,0.380908,-0.604430,1.046855,-0.686504,-0.297666
1374,324645074,-0.642368,-0.276531,0.384775,-0.602365,0.490690,0.268581,0.766745
1375,324678408,-0.645178,-0.266871,0.390796,-0.599837,1.245750,1.223817,-0.439321
1376,324711742,-0.647828,-0.260756,0.396841,-0.595687,-0.431446,0.546616,0.854830
1377,324745076,-0.649035,-0.258679,0.404247,-0.590274,-0.066462,0.156767,0.042299
1378,324778410,-0.646407,-0.263064,0.410379,-0.586980,0.070418,0.306093,-0.680337
1379,324811744,-0.643314,-0.269746,0.414658,-0.584332,0.799687,2.104917,-0.326603
1380,324845078,-0.642643,-0.272655,0.417560,-0.581647,0.722189,1.190547,0.077249
1381,324878412,-0.643788,-0.272557,0.421190,-0.577797,0.053453,0.097226,0.051283
1382,324911746,-0.644320,-0.273434,0.422948,-0.575502,-0.258145,0.483345,0.344373
1383,324945080,-0.644517,-0.274042,0.424614,-0.573761,0.655977,0.419559,0.660355
1384,324978414,-0.644733,-0.274502,0.426441,-0.571942,-1.231542,-0.182702,-0.183542
1385,325011748,-0.644652,-0.276218,0.427673,-0.570284,-0.415623,0.226408,0.379086
1386,325045082,-0.646147,-0.275892,0.429219,-0.567582,-0.109955,0.189200,-0.075127
1387,325078416,-0.649332,-0.272803,0.430395,-0.564541,0.345738,0.117006,-0.637968
1388,325111750,-0.653719,-0.270228,0.429943,-0.561051,-1.112650,-0.840440,0.015162
1389,325145084,-0.657393,-0.268620,0.429357,-0.557970,0.198028,-0.090561,0.158340
1390,325178418,-0.661731,-0.266154,0.429332,-0.554030,-0.542264,-0.425026,0.700201
1391,325211752,-0.666575,-0.264389,0.429082,-0.549242,-1.665117,2.251242,-0.186177
1392,325245086,-0.671731,-0.262049,0.430156,-0.543208,0.251286,0.863869,-0.755223
1393,325278420,-0.678111,-0.259351,0.430757,-0.536052,0.192982,0.487893,-0.812841
1394,325311754,-0.684966,-0.256781,0.432173,-0.527364,0.487914,1.607143,-0.950980
1395,325345088,-0.692879,-0.253844,0.434772,-0.516195,0.854070,0.052787,0.033094
1396,325378422,-0.696340,-0.255801,0.440138,-0.505921,0.438886,-1.120262,0.216386
1397,325411756,-0.693020,-0.264615,0.444715,-0.501927,-1.401519,-0.479362,0.010727
1398,325445090,-0.687136,-0.274167,0.449430,-0.500689,-0.240907,3.521795,-0.218918
1399,325478424,-0.687909,-0.274520,0.454099,-0.495192,-0.626823,2.110353,0.417481
1400,325511758,-0.692677,-0.270267,0.458225,-0.487016,1.529292,0.778680,-0.823201
1401,325545092,-0.696369,-0.267795,0.459878,-0.481528,1.188683,-1.054764,0.457047
1402,325578426,-0.698548,-0.266797,0.460221,-0.478589,-1.316727,0.190743,-0.058469
1403,325611760,-0.699465,-0.266803,0.460615,-0.476864,-2.228217,-0.415146,0.123793
1404,325645094,-0.699061,-0.267459,0.461407,-0.476323,0.930530,-0.493775,0.224569
1405,325678428,-0.700539,-0.264735,0.460919,-0.476146,1.008003,-0.949945,-0.176744
1406,325711762,-0.704640,-0.259731,0.458738,-0.474956,-0.912942,-0.618311,0.837536
1407,325745096,-0.708954,-0.253445,0.457881,-0.472753,-0.231334,0.022871,-0.368794
1408,325778430,-0.713337,-0.248334,0.455429,-0.471239,-1.878837,0.792393,-0.377196
1409,325811764,-0.718181,-0.242591,0.452738,-0.469462,-3.219887,-0.280846,0.799642
1410,325845098,-0.721702,-0.237193,0.451168,-0.468331,-1.055587,-0.139377,-0.054416
1411,325878432,-0.723052,-0.233467,0.449650,-0.469579,0.929005,-0.027479,0.314994
1412,325911766,-0.724840,-0.227450,0.448451,-0.470921,0.606946,0.503275,-1.125816
1413,325945100,-0.726969,-0.221640,0.445460,-0.473242,0.148706,0.896559,-0.100227
1414,325978434,-0.729664,-0.213144,0.443220,-0.475096,0.675206,0.062904,-0.350790
1415,326011768,-0.731824,-0.206556,0.442519,-0.475338,-1.077958,1.118944,0.985787
1416,326045102,-0.732710,-0.200153,0.446631,-0.472861,0.408107,-0.655814,1.304903
1417,326078436,-0.731085,-0.198537,0.451738,-0.471203,0.128083,0.340223,-0.225041
1418,326111770,-0.726858,-0.201254,0.457216,-0.471304,0.316282,1.796129,-0.924363
1419,326145104,-0.723374,-0.201744,0.462420,-0.471379,0.562024,0.663179,-0.177458
1420,326178438,-0.722628,-0.198565,0.465984,-0.470362,0.379986,0.645340,-0.105556
1421,326211772,-0.724093,-0.194225,0.467612,-0.468300,0.406664,0.741521,0.231965
1422,326245106,-0.726438,-0.191752,0.467727,-0.465565,-1.300627,1.291382,-0.384457
1423,326278440,-0.727502,-0.191157,0.468068,-0.463803,-1.548242,0.599915,-0.692744
1424,326311774,-0.727256,-0.191815,0.468040,-0.463945,0.936372,-1.021425,1.474805
1425,326345108,-0.726813,-0.193497,0.468518,-0.463458,0.509265,1.311432,-0.767565
1426,326378442,-0.727701,-0.194169,0.467442,-0.462871,1.334080,-0.737538,0.722171
1427,326411776,-0.730688,-0.193160,0.465014,-0.461028,0.557969,-0.466994,0.763363
1428,326445110,-0.734871,-0.191391,0.462320,-0.457816,-0.872740,0.100137,0.217842
1429,326478444,-0.738052,-0.189607,0.461611,-0.454141,-0.557649,0.001635,0.045354
1430,326511778,-0.742403,-0.187361,0.459486,-0.450118,-1.853271,-0.657868,0.723417
1431,326545112,-0.746365,-0.184922,0.459201,-0.444835,1.457738,-0.487469,0.434595
1432,326578446,-0.751293,-0.183112,0.459008,-0.437426,-0.182255,0.465068,-0.597539
1433,326611780,-0.756769,-0.181962,0.458372,-0.429052,0.929362,0.108111,-0.281748
1434,326645114,-0.762557,-0.181080,0.457095,-0.420455,0.471724,0.663461,0.186872
1435,326678448,-0.768403,-0.180184,0.457748,-0.409340,0.681561,1.499176,0.149765
1436,326711782,-0.773335,-0.179801,0.460589,-0.396841,0.606161,0.584005,-0.058052
1437,326745116,-0.772697,-0.186590,0.465274,-0.389416,-1.564244,-1.633539,0.235573
1438,326778450,-0.765730,-0.202142,0.471279,-0.388191,-0.531893,0.868773,0.668274
1439,326811784,-0.759802,-0.216220,0.476219,-0.386219,2.982019,2.862145,0.029986
1440,326845118,-0.761696,-0.216722,0.479296,-0.378321,2.702429,2.639919,-0.876924
1441,326878452,-0.766615,-0.211022,0.479186,-0.371689,-0.522905,0.816152,-0.348989
1442,326911786,-0.768287,-0.209406,0.477954,-0.370735,-0.897022,-0.623507,0.873398
1443,326945120,-0.766759,-0.211939,0.478513,-0.371737,-0.846972,0.272600,0.436437
1444,326978454,-0.766065,-0.212862,0.478359,-0.372836,-0.177431,-0.244070,-0.049397
1445,327011788,-0.767765,-0.211134,0.477342,-0.371626,-0.844989,0.226754,0.188915
1446,327045122,-0.772093,-0.205577,0.475113,-0.368617,-0.264849,-0.645342,0.239275
1447,327078456,-0.777296,-0.199165,0.471514,-0.365815,-1.245743,0.691889,0.068811
1448,327111790,-0.781148,-0.192702,0.470029,-0.362970,0.676005,-0.805800,0.041510
1449,327145124,-0.785493,-0.186249,0.466552,-0.361445,-1.029893,-0.060614,0.637067
1450,327178458,-0.788571,-0.180065,0.465169,-0.359654,1.245945,-0.748994,0.287760
1451,327211792,-0.792037,-0.173783,0.462938,-0.358003,-0.693729,0.564324,-0.111576
1452,327245126,-0.795639,-0.167135,0.459852,-0.357157,0.135872,0.091657,0.408622
1453,327278460,-0.798515,-0.160882,0.457900,-0.356117,-0.818818,0.937997,-0.154120
1454,327311794,-0.800631,-0.155683,0.456674,-0.355249,0.408946,0.483687,0.576994
1455,327345128,-0.803308,-0.147833,0.455835,-0.353635,-0.557234,1.152725,-0.509048
1456,327378462,-0.805036,-0.139643,0.457191,-0.351275,0.546357,0.710542,-0.060217
1457,327411796,-0.805067,-0.133209,0.460864,-0.348895,1.188169,0.177460,0.497515
1458,327445130,-0.802889,-0.131140,0.465698,-0.348277,0.200762,-0.003176,0.498173
1459,327478464,-0.798895,-0.132849,0.470391,-0.350501,0.858246,0.208842,-0.013386
1460,327511798,-0.795066,-0.135499,0.473960,-0.353373,1.206026,1.337539,-0.749454
1461,327545132,-0.793956,-0.133435,0.475814,-0.354162,0.792677,0.976218,-0.523909
1462,327578466,-0.795447,-0.128602,0.475310,-0.353280,0.035865,0.386163,-0.079143
1463,327611800,-0.797136,-0.125889,0.473413,-0.352997,-0.597678,-0.900299,0.784496
1464,327645134,-0.796809,-0.127517,0.472386,-0.354525,-0.638895,-0.818421,1.249306
1465,327678468,-0.795189,-0.131072,0.472378,-0.356867,0.230934,-0.131705,0.070642
1466,327711802,-0.793353,-0.136386,0.471475,-0.360141,-0.617874,0.624173,-0.493620
1467,327745136,-0.792946,-0.141253,0.468643,-0.362847,-0.103787,0.267745,0.583623
1468,327778470,-0.794768,-0.142873,0.464684,-0.363319,-0.994759,0.227616,0.551978
1469,327811804,-0.797354,-0.143178,0.460451,-0.362922,-0.137774,0.027035,-0.248219
1470,327845138,-0.800001,-0.144913,0.456111,-0.361887,-1.491251,0.399431,-0.174713
1471,327878472,-0.801683,-0.148779,0.451963,-0.361800,-1.312597,-0.114415,-0.512374
1472,327911806,-0.802022,-0.157344,0.447617,-0.362827,-0.665293,0.456348,0.258741
1473,327945140,-0.801324,-0.168627,0.443514,-0.364335,-0.264665,1.001422,-0.419436
1474,327978474,-0.800866,-0.180581,0.439042,-0.365029,2.309696,-1.009232,1.262478
1475,328011808,-0.799180,-0.195200,0.434393,-0.366758,1.790364,0.775680,-0.035841
1476,328045142,-0.794950,-0.211727,0.432359,-0.369178,-0.580002,-0.773427,1.394322
1477,328078476,-0.786569,-0.232862,0.432517,-0.374183,0.650230,-0.985493,1.013095
1478,328111810,-0.776634,-0.256599,0.432324,-0.379596,2.240290,1.572451,-0.513545
1479,328145144,-0.771030,-0.273911,0.430661,-0.380812,2.517908,1.090370,-0.362175
1480,328178478,-0.769666,-0.284037,0.427225,-0.380023,0.673517,1.663298,-0.606719
1481,328211812,-0.769809,-0.287853,0.423801,-0.380694,0.184524,-1.100022,0.298911
1482,328245146,-0.766356,-0.293472,0.420775,-0.386682,0.779605,-1.195038,0.673811
1483,328278480,-0.760323,-0.301636,0.418210,-0.395001,-0.075522,0.481660,0.191692
1484,328311814,-0.753900,-0.310468,0.415765,-0.402970,0.036234,-0.678162,-0.131434
1485,328345148,-0.748021,-0.320904,0.412655,-0.408902,-0.521638,-0.067464,-0.047122
1486,328378482,-0.744690,-0.328391,0.408796,-0.412897,-0.297792,-1.096850,0.109160
1487,328411816,-0.742696,-0.333335,0.403571,-0.417638,-0.422165,-0.349287,-0.322792
1488,328445150,-0.742231,-0.334564,0.397749,-0.423033,0.594319,-1.024467,-0.362361
1489,328478484,-0.741984,-0.334043,0.391611,-0.429554,-0.981279,-1.134737,0.149781
1490,328511818,-0.740204,-0.333414,0.386013,-0.438095,0.127680,-2.220262,0.373158
1491,328545152,-0.736445,-0.333989,0.380273,-0.448880,1.183535,-1.812713,0.350340
1492,328578486,-0.732176,-0.334092,0.374773,-0.460268,1.566260,-0.628299,-0.654160
1493,328611820,-0.730301,-0.329399,0.369617,-0.470680,0.019682,-0.836356,-0.062292
1494,328645154,-0.728758,-0.321961,0.366391,-0.480636,1.708063,-0.419449,0.177391
1495,328678488,-0.727208,-0.313876,0.364482,-0.489697,0.547418,1.054352,-0.170336
1496,328711822,-0.723805,-0.308170,0.365777,-0.497339,2.162152,0.527163,-0.408704
1497,328745156,-0.717727,-0.308115,0.366204,-0.505795,0.551943,-0.308175,1.009990
1498,328778490,-0.711826,-0.309624,0.366339,-0.513062,1.547616,0.573707,-0.264776
1499,328811824,-0.707242,-0.310445,0.366680,-0.518632,0.877010,1.412738,-0.883813
1500,328845158,-0.705192,-0.308871,0.366864,-0.522221,-0.035316,0.975577,-0.069759
1501,328878492,-0.703435,-0.306789,0.366422,-0.526114,0.592216,0.160504,0.380158
1502,328911826,-0.701105,-0.304222,0.366115,-0.530905,0.949374,0.686570,0.313378
1503,328945160,-0.698470,-0.301547,0.366236,-0.535799,0.784920,-0.185235,0.008149
1504,328978494,-0.695282,-0.301016,0.365554,-0.540688,0.118857,0.199351,-0.038554
1505,329011828,-0.692397,-0.301889,0.365016,-0.544254,-0.689468,0.304290,0.000526
1506,329045162,-0.689763,-0.303610,0.364641,-0.546887,0.224255,-0.098898,0.088851
1507,329078496,-0.686874,-0.305811,0.364796,-0.549189,-0.067906,-0.552052,0.008582
1508,329111830,-0.683335,-0.309480,0.363211,-0.552588,0.254350,-0.772822,0.156191
1509,329145164,-0.678850,-0.314248,0.362432,-0.555926,0.947327,0.062292,-0.117585
1510,329178498,-0.676132,-0.316749,0.361751,-0.558258,-1.376250,1.526813,-0.301504
1511,329211832,-0.674515,-0.318363,0.360784,-0.559919,0.049596,0.650246,0.096024
1512,329245166,-0.673575,-0.321210,0.358953,-0.560602,-0.679846,-0.795481,0.854202
1513,329278500,-0.672524,-0.325099,0.356762,-0.561021,0.772624,-0.159266,-0.108928
1514,329311834,-0.671663,-0.330940,0.353679,-0.560588,0.146672,0.482858,0.059772
1515,329345168,-0.672049,-0.336633,0.350878,-0.558493,0.840042,0.230130,0.546738
1516,329378502,-0.670566,-0.344850,0.349261,-0.556271,0.247509,-0.557813,0.675041
1517,329411836,-0.665170,-0.356930,0.348638,-0.555520,1.563486,0.242620,-0.353672
1518,329445170,-0.660056,-0.367933,0.347320,-0.555266,0.354848,2.188521,-0.951390
1519,329478504,-0.657223,-0.373902,0.347013,-0.554831,0.921402,2.136331,-0.345305
1520,329511838,-0.657095,-0.374956,0.347947,-0.553685,1.409111,-0.027765,0.803967
1521,329545172,-0.656299,-0.377030,0.349401,-0.552304,0.353577,-0.604534,1.008102
1522,329578506,-0.653777,-0.381220,0.352128,-0.550684,1.368354,0.201168,-0.252253
1523,329611840,-0.649139,-0.388108,0.353950,-0.550192,0.505718,0.852352,-0.716141
1524,329645174,-0.644890,-0.393794,0.355241,-0.550316,-0.412163,0.569461,-0.242077
1525,329678508,-0.640849,-0.397842,0.355686,-0.551835,-0.275513,-0.343964,-0.067822
1526,329711842,-0.636530,-0.401112,0.355278,-0.554723,-0.603349,-1.066673,0.045100
1527,329745176,-0.631850,-0.405536,0.353453,-0.558012,-0.791549,-0.907326,-0.129580
1528,329778510,-0.627320,-0.409360,0.350536,-0.562156,-0.359983,-1.069069,0.067475
1529,329811844,-0.624426,-0.410629,0.347161,-0.566530,-0.256910,-1.471278,-0.046920
1530,329845178,-0.621663,-0.412150,0.342996,-0.570983,-1.732099,-1.533461,0.588745
1531,329878512,-0.619555,-0.413598,0.337753,-0.575336,-0.709520,-0.869320,0.267297
1532,329911846,-0.618712,-0.414604,0.332318,-0.578675,-0.217133,-0.604047,0.335636
1533,329945180,-0.618943,-0.413698,0.326814,-0.582200,-0.142229,-0.120061,0.307958
1534,329978514,-0.618805,-0.412243,0.321359,-0.586401,0.307373,-0.370470,0.100893
1535,330011848,-0.616582,-0.413134,0.315991,-0.591014,1.105333,-0.377563,0.163062
1536,330045182,-0.613389,-0.414233,0.311696,-0.595828,0.977588,0.506117,-0.357301
1537,330078516,-0.610677,-0.412962,0.309022,-0.600869,2.073614,0.171380,0.777085
1538,330111850,-0.608721,-0.413527,0.307315,-0.603334,1.036671,1.056579,0.226871
1539,330145184,-0.606785,-0.416490,0.305515,-0.604160,0.475035,0.159892,0.405861
1540,330178518,-0.600759,-0.422761,0.301653,-0.607757,1.748952,0.272019,0.264423
1541,330211852,-0.593274,-0.429145,0.296408,-0.613192,0.358485,1.038685,-0.708796
1542,330245186,-0.586926,-0.433201,0.291233,-0.618901,-0.320667,1.254120,0.398944
1543,330278520,-0.585311,-0.432496,0.287137,-0.622825,0.877290,0.707467,-0.238277
1544,330311854,-0.584212,-0.431260,0.284290,-0.626012,1.305673,-0.004397,0.078503
1545,330345188,-0.582615,-0.430737,0.282172,-0.628812,1.422628,-0.442051,-0.173996
1546,330378522,-0.578149,-0.433113,0.279179,-0.632627,0.487719,0.100054,-0.261502
1547,330411856,-0.573396,-0.434810,0.275696,-0.637299,0.376573,0.002614,0.103610
1548,330445190,-0.570073,-0.436656,0.271801,-0.640681,-0.859794,0.587413,-0.160107
1549,330478524,-0.569343,-0.434766,0.270318,-0.643239,1.677349,-0.256782,0.714726
1550,330511858,-0.569940,-0.431263,0.268534,-0.645810,0.016979,-0.530566,0.336252
1551,330545192,-0.570158,-0.428077,0.266677,-0.648502,-0.324594,-0.160205,0.392475
1552,330578526,-0.572431,-0.421108,0.266445,-0.651152,0.672561,-0.602662,0.513979
1553,330611860,-0.574933,-0.413804,0.268581,-0.652751,1.292672,0.150616,0.214135
1554,330645194,-0.576305,-0.408383,0.271224,-0.653862,1.726201,-0.209665,-0.265065
1555,330678528,-0.576667,-0.405130,0.273388,-0.654664,0.911958,0.402836,0.519923
1556,330711862,-0.577900,-0.402816,0.276835,-0.653555,0.047673,0.956437,0.400577
1557,330745196,-0.580363,-0.399845,0.282040,-0.650966,0.585477,1.986017,-1.167715
1558,330778530,-0.583945,-0.394521,0.289378,-0.647783,0.300829,1.179145,-0.086334
1559,330811864,-0.587448,-0.388322,0.299744,-0.643635,1.852565,0.288496,0.607920
1560,330845198,-0.587567,-0.387959,0.309784,-0.638974,1.505592,-0.714900,1.132608
1561,330878532,-0.583920,-0.394681,0.318262,-0.634015,0.416683,1.170672,-0.070702
1562,330911866,-0.580345,-0.401711,0.324186,-0.629867,-1.911227,2.170623,-1.083068
1563,330945200,-0.580227,-0.402186,0.330136,-0.626573,0.192883,2.579004,-1.029222
1564,330978534,-0.582854,-0.396482,0.335742,-0.624788,-0.323322,1.015121,0.135840
1565,331011868,-0.586837,-0.387154,0.340300,-0.624444,-0.164794,0.817140,-0.661312
1566,331045202,-0.588284,-0.380398,0.345277,-0.624503,-0.050362,-2.280628,1.586849
1567,331078536,-0.586511,-0.381185,0.350081,-0.623015,-1.016413,-1.553593,0.736775
1568,331111870,-0.582515,-0.386021,0.352926,-0.622180,-0.648297,-0.362757,0.077173
1569,331145204,-0.578344,-0.390496,0.354645,-0.622301,-0.509059,-0.181332,-0.818020
1570,331178538,-0.574722,-0.392650,0.352380,-0.625579,-0.560284,0.902047,0.463883
1571,331211872,-0.574350,-0.389771,0.349584,-0.629280,-0.586365,1.275219,-0.482051
1572,331245206,-0.577345,-0.383880,0.350229,-0.629801,-0.399364,-1.528904,1.096345
1573,331278540,-0.580961,-0.377839,0.350816,-0.629802,0.631685,-1.449273,0.293880
1574,331311874,-0.582696,-0.374974,0.350485,-0.630096,-0.581810,-0.677743,-0.039617
1575,331345208,-0.585206,-0.370369,0.349801,-0.630873,-0.540021,0.084924,-0.383886
1576,331378542,-0.587355,-0.365800,0.349212,-0.631867,-0.399726,-0.303823,1.284896
1577,331411876,-0.590079,-0.360050,0.349067,-0.632712,-0.205310,-0.064079,-0.503194
1578,331445210,-0.591613,-0.356119,0.350126,-0.632919,0.049034,1.126144,-0.383999
1579,331478544,-0.592921,-0.351961,0.348454,-0.634939,-2.649256,0.449130,1.753919
1580,331511878,-0.591832,-0.348737,0.351581,-0.636010,0.977112,3.530241,-1.600334
1581,331545212,-0.591692,-0.347372,0.352696,-0.636270,-2.336613,-0.495475,-0.097147
1582,331578546,-0.591330,-0.347060,0.354503,-0.635772,3.214680,-0.318854,1.160571
1583,331611880,-0.589608,-0.350644,0.355045,-0.635103,1.537516,-1.305640,0.833328
1584,331645214,-0.586520,-0.356876,0.356224,-0.633829,0.020666,0.195185,-0.450473
1585,331678548,-0.583125,-0.359637,0.358060,-0.634366,1.207547,0.407682,-0.098105
1586,331711882,-0.581989,-0.358496,0.360219,-0.634833,-0.037097,1.358208,-0.707066
1587,331745216,-0.583269,-0.355480,0.361698,-0.634513,-1.404047,0.485742,-0.885143
1588,331778550,-0.585444,-0.351743,0.363138,-0.633770,0.364569,-0.607944,0.132603
1589,331811884,-0.587521,-0.348954,0.364920,-0.632364,-1.014537,-0.289190,0.246305
1590,331845218,-0.588723,-0.347660,0.368025,-0.630156,0.311734,-0.330254,0.165599
1591,331878552,-0.588345,-0.348361,0.369888,-0.629029,0.373673,0.158243,0.048533
1592,331911886,-0.588913,-0.348075,0.370828,-0.628103,0.357762,0.060845,-0.155893
1593,331945220,-0.591202,-0.346093,0.370629,-0.627164,0.807000,0.930342,-0.135486
1594,331978554,-0.594171,-0.343471,0.369878,-0.626243,0.535323,-0.454699,0.768895
1595,332011888,-0.598075,-0.340456,0.369345,-0.624485,-0.980564,-0.163197,0.084385
1596,332045222,-0.603088,-0.336924,0.368899,-0.621837,0.208188,-0.476149,0.956806
1597,332078556,-0.607782,-0.334309,0.369990,-0.618019,1.397072,0.173981,0.565588
1598,332111890,-0.613240,-0.333075,0.370344,-0.613061,-0.264752,0.044566,0.309714
1599,332145224,-0.620003,-0.331085,0.371150,-0.606817,1.218402,0.288952,-0.408393
1600,332178558,-0.625739,-0.329927,0.372094,-0.600954,-1.341311,0.578386,-0.512420
1601,332211892,-0.632088,-0.328352,0.374076,-0.593901,-1.302944,1.165783,-0.411491
1602,332245226,-0.638507,-0.326318,0.377748,-0.585775,0.945785,0.075650,0.048669
1603,332278560,-0.643434,-0.327035,0.382178,-0.577046,-0.516072,0.693735,0.007179
1604,332311894,-0.644510,-0.332257,0.387260,-0.569424,-1.581057,-1.005270,-0.186583
1605,332345228,-0.642033,-0.340646,0.391875,-0.564082,-1.276555,0.096544,0.494941
1606,332378562,-0.640256,-0.348248,0.395491,-0.558913,-0.129053,2.629699,-0.540030
1607,332411896,-0.644489,-0.347542,0.397356,-0.553134,-0.263986,1.663718,0.077950
1608,332445230,-0.651950,-0.340723,0.399343,-0.547171,-0.061560,-0.453556,0.160112
1609,332478564,-0.658271,-0.333616,0.401966,-0.542036,-0.185366,-1.251555,0.126694
1610,332511898,-0.661003,-0.330628,0.404631,-0.538549,0.951417,0.017021,0.262535
1611,332545232,-0.663190,-0.329140,0.406534,-0.535328,-0.796555,-0.162317,0.891012
1612,332578566,-0.664829,-0.328617,0.408624,-0.532016,-0.133248,1.001817,0.203711
1613,332611900,-0.667662,-0.325048,0.410280,-0.529379,-0.307869,0.454052,0.785018
1614,332645234,-0.672271,-0.318030,0.411530,-0.526833,-0.039270,0.460915,-0.168262
1615,332678568,-0.677805,-0.308777,0.413091,-0.524017,0.422100,-0.366752,0.256881
1616,332711902,-0.684384,-0.297411,0.413634,-0.521606,-0.334381,-0.856614,-0.035572
1617,332745236,-0.689329,-0.287426,0.414979,-0.519619,0.366934,-0.902105,-0.306463
1618,332778570,-0.693752,-0.278312,0.415363,-0.518387,-1.151159,-0.827859,0.687198
1619,332811904,-0.698183,-0.268956,0.415895,-0.516947,-1.212882,0.072949,-0.606226
1620,332845238,-0.702700,-0.259239,0.416432,-0.515357,0.863444,-0.563846,0.572304
1621,332878572,-0.709031,-0.247496,0.416064,-0.512750,-1.621753,-0.417717,-0.125818
1622,332911906,-0.714346,-0.236920,0.416564,-0.509955,0.124487,0.607770,-0.300900
1623,332945240,-0.720251,-0.226747,0.417822,-0.505222,-1.167108,0.606418,0.412559
1624,332978574,-0.724038,-0.219741,0.423122,-0.498449,2.400963,0.248782,0.919651
1625,333011908,-0.725493,-0.218744,0.429487,-0.491277,0.382521,-0.141257,1.147820
1626,333045242,-0.724253,-0.222848,0.437012,-0.484580,-0.156540,2.518696,-0.565893
1627,333078576,-0.723003,-0.226786,0.443508,-0.478681,0.826644,1.833327,-0.083614
1628,333111910,-0.722341,-0.228858,0.448528,-0.473995,0.362919,1.894521,-0.314237
1629,333145244,-0.721593,-0.229074,0.452930,-0.470833,-0.076725,2.358414,-0.702692
1630,333178578,-0.721320,-0.227467,0.456293,-0.468780,0.407188,1.228813,0.465227
1631,333211912,-0.720433,-0.225780,0.460130,-0.467205,1.650415,1.090638,-0.916294
1632,333245246,-0.719939,-0.224224,0.462794,-0.466084,-0.592883,-0.995316,0.642024
1633,333278580,-0.719445,-0.221899,0.466853,-0.463906,0.283714,0.509595,-0.557723
1634,333311914,-0.720839,-0.218598,0.469327,-0.460803,-0.627015,-1.200764,0.439355
1635,333345248,-0.723324,-0.213840,0.470729,-0.457700,-0.425133,-0.473997,-0.060585
1636,333378582,-0.727135,-0.207673,0.471056,-0.454152,-0.871850,-0.289714,-0.171860
1637,333411916,-0.732333,-0.200612,0.470279,-0.449758,-0.322111,-1.706895,1.026876
1638,333445250,-0.737853,-0.192761,0.469921,-0.444513,0.012813,-0.636152,0.409772
1639,333478584,-0.743812,-0.184834,0.470041,-0.437770,-0.680175,-0.168874,0.260478
1640,333511918,-0.750468,-0.175675,0.470156,-0.429988,-0.297197,-0.343307,0.602004
1641,333545252,-0.756478,-0.167913,0.471219,-0.421307,-0.250781,0.153139,0.438639
1642,333578586,-0.761557,-0.160927,0.474193,-0.411430,0.774492,0.119011,0.229557
1643,333611920,-0.766678,-0.154648,0.475972,-0.402169,-0.241138,1.412044,-0.701703
1644,333645254,-0.770833,-0.148993,0.478895,-0.392783,0.287481,1.209311,-0.039998
1645,333678588,-0.773983,-0.144843,0.483032,-0.382953,0.358170,1.071296,0.182800
1646,333711922,-0.775445,-0.143802,0.488794,-0.372944,-0.151331,-0.057373,0.527576
1647,333745256,-0.773169,-0.146478,0.496071,-0.366972,-1.049037,0.573011,-0.292621
1648,333778590,-0.771410,-0.147047,0.502048,-0.362287,0.678824,2.530836,-0.958731
1649,333811924,-0.773465,-0.141350,0.505628,-0.355124,-0.219236,1.355513,-0.478106
1650,333845258,-0.777609,-0.134085,0.506651,-0.347350,1.267588,-0.425741,1.070537
1651,333878592,-0.781399,-0.128506,0.507003,-0.340368,-0.288239,-0.091394,0.493467
1652,333911926,-0.783988,-0.124729,0.508164,-0.334030,-0.673961,0.223109,0.564500
1653,333945260,-0.785827,-0.120885,0.510337,-0.327751,0.345786,-0.406397,-0.014651
1654,333978594,-0.788024,-0.117258,0.511314,-0.322223,0.026094,0.472640,-0.277208
1655,334011928,-0.790564,-0.114148,0.511107,-0.317412,-0.043089,-0.155688,0.207942
1656,334045262,-0.793992,-0.109126,0.510076,-0.312235,0.705115,-0.678423,0.509971
1657,334078596,-0.799226,-0.100804,0.507945,-0.305073,-0.683064,0.712512,-0.283405
1658,334111930,-0.804135,-0.093289,0.505804,-0.298039,-0.992039,0.119951,0.964213
1659,334145264,-0.808110,-0.085557,0.504822,-0.291193,-0.158898,-1.705034,0.267246
1660,334178598,-0.811989,-0.079018,0.502887,-0.285543,-0.493788,0.326851,-0.292133
1661,334211932,-0.815885,-0.072204,0.500823,-0.279813,-0.428571,-0.093130,-0.333924
1662,334245266,-0.820578,-0.063295,0.497419,-0.274262,-0.277131,-0.300452,-0.060706
1663,334278600,-0.825786,-0.052736,0.493311,-0.268219,-0.491452,0.886623,-0.172041
1664,334311934,-0.830335,-0.039991,0.490004,-0.262376,0.411141,1.575785,-0.796821
1665,334345268,-0.836645,-0.028177,0.482368,-0.257980,0.573798,0.929566,0.251011
1666,334378602,-0.841358,-0.020901,0.476147,-0.254880,0.000986,-1.240589,1.753189
1667,334411936,-0.841254,-0.017834,0.480188,-0.247776,-0.404602,-0.690363,2.165402
1668,334445270,-0.835733,-0.020787,0.494578,-0.237724,0.080475,-0.556233,1.925484
1669,334478604,-0.827188,-0.028528,0.512852,-0.227882,0.726246,0.288029,0.001914
1670,334511938,-0.820071,-0.040535,0.526944,-0.219478,1.616997,0.388289,-0.650152
1671,334545272,-0.816118,-0.053618,0.533937,-0.214449,1.021840,0.357582,-0.676924
1672,334578606,-0.814504,-0.064255,0.536628,-0.210914,1.460567,0.825091,-0.262405
1673,334611940,-0.817155,-0.067785,0.534723,-0.204289,1.001497,1.927665,-0.871423
1674,334645274,-0.821035,-0.065599,0.533137,-0.193295,0.275500,0.266119,-0.421949
1675,334678608,-0.824611,-0.063877,0.531913,-0.181670,-0.756472,-1.993911,1.395601
1676,334711942,-0.827151,-0.063386,0.531614,-0.170853,-0.633109,0.140405,-0.373100
1677,334745276,-0.828575,-0.061228,0.532814,-0.160699,-2.058687,0.403390,-0.263285
1678,334778610,-0.828191,-0.058585,0.536320,-0.151750,-1.183748,0.972569,-0.509616
1679,334811944,-0.827903,-0.054479,0.539808,-0.142182,-0.124666,0.273802,-0.103054
1680,334845278,-0.829862,-0.049458,0.539618,-0.133027,-0.270574,0.490040,-0.177741
1681,334878612,-0.831869,-0.046186,0.539071,-0.123549,-0.753823,-0.220377,0.497145
1682,334911946,-0.835858,-0.042654,0.535625,-0.112380,-0.906314,-0.223292,1.440979
1683,334945280,-0.840141,-0.038441,0.532381,-0.096210,1.710548,-0.586452,-0.215849
1684,334978614,-0.846204,-0.037707,0.526089,-0.075804,1.933216,-1.616707,1.380745
1685,335011948,-0.853633,-0.037742,0.517400,-0.046726,2.167073,0.006691,0.666016
1686,335045282,-0.856381,-0.030825,0.515361,-0.008036,-1.231344,-3.272127,2.351133
1687,335078616,-0.853775,-0.017936,0.519267,0.033286,-2.358617,1.426066,-0.960331
1688,335111950,-0.845987,0.009426,0.528737,0.068224,-4.380890,1.277830,-1.648376
1689,335145284,-0.838503,0.012378,0.538884,0.079769,-0.477009,2.600191,0.019805
1690,335178618,-0.830210,0.014663,0.550723,0.085085,3.368074,2.944957,-0.839804
1691,335211952,-0.823305,0.020783,0.560095,0.089615,2.760810,0.463443,-1.568852
1692,335245286,-0.819994,0.026324,0.563968,0.094113,3.281584,-0.670235,-1.233495
1693,335278620,-0.819602,0.026996,0.564071,0.096682,2.216645,-0.581559,-0.261142
1694,335311954,-0.821134,0.024898,0.561524,0.099043,-1.118769,1.262120,0.862652
1695,335345288,-0.822931,0.027306,0.557806,0.104362,-0.674584,1.392876,0.465910
1696,335378622,-0.823984,0.034955,0.554293,0.112192,-1.413268,-0.005159,0.832366
1697,335411956,-0.825907,0.046835,0.548685,0.120951,-0.825044,-0.507423,-0.137191
1698,335445290,-0.828623,0.060108,0.541254,0.129674,-0.028155,0.174179,-0.624807
1699,335478624,-0.832579,0.069897,0.532479,0.135624,-1.679490,-0.695374,-0.038490
1700,335511958,-0.834803,0.078938,0.526401,0.140625,-2.440883,0.131731,0.734345
1701,335545292,-0.836550,0.088014,0.521184,0.144236,-2.461608,1.789679,0.917892
1702,335578626,-0.837678,0.100292,0.515831,0.148848,0.925369,-0.730453,-0.483383
1703,335611960,-0.840842,0.110953,0.507368,0.152487,0.161187,0.408524,-0.770340
1704,335645294,-0.843708,0.119910,0.499164,0.156886,-1.305828,0.918887,-0.119758
1705,335678628,-0.845390,0.129398,0.492078,0.162577,-1.610227,0.947405,1.134519
1706,335711962,-0.844553,0.138573,0.488293,0.170581,-0.035965,0.578393,0.782775
1707,335745296,-0.841977,0.142479,0.489650,0.176118,-1.569015,0.783308,1.822274
1708,335778630,-0.837833,0.146587,0.493773,0.180931,0.327619,1.039120,0.445843
1709,335811964,-0.833651,0.150037,0.499156,0.182646,1.950693,-0.962110,-0.148385
1710,335845298,-0.831070,0.153254,0.501899,0.184211,1.741618,0.342437,0.325780
1711,335878632,-0.828892,0.157880,0.503303,0.186274,1.218960,-0.668036,0.469465
1712,335911966,-0.827022,0.162475,0.504221,0.188140,0.049184,-0.660643,1.259971
1713,335945300,-0.825125,0.167165,0.504559,0.191427,1.095582,2.025403,-0.154685
1714,335978634,-0.822758,0.172381,0.505358,0.194854,1.461737,-0.225053,-1.020226
1715,336011968,-0.821234,0.174219,0.506763,0.195995,1.203933,-0.878181,-0.348439
1716,336045302,-0.821617,0.174045,0.505670,0.197365,-0.156362,0.346978,-0.608984
1717,336078636,-0.821415,0.175551,0.503997,0.201114,-0.603504,-0.797044,0.388524
1718,336111970,-0.820848,0.175999,0.503236,0.204907,0.016694,0.833916,-0.372959
1719,336145304,-0.820707,0.175516,0.502447,0.207804,-0.253889,0.802621,0.096263
1720,336178638,-0.821293,0.174987,0.500557,0.210476,0.210288,0.433279,0.309968
1721,336211972,-0.821942,0.174738,0.498323,0.213430,-0.161592,0.402010,-0.591037
1722,336245306,-0.822654,0.174659,0.495601,0.217059,-0.635275,0.937539,0.101636
1723,336278640,-0.823082,0.176592,0.491414,0.223301,-0.663981,0.586867,0.655371
1724,336311974,-0.822165,0.179026,0.488982,0.229980,0.077964,-0.049638,0.572226
1725,336345308,-0.820199,0.179939,0.488142,0.237937,1.159541,0.577178,0.108611
1726,336378642,-0.816766,0.179203,0.490687,0.244961,0.432082,0.105967,1.126298
1727,336411976,-0.811934,0.174322,0.499045,0.247648,-0.208032,0.795290,0.275866
1728,336445310,-0.806251,0.168478,0.511100,0.245665,-0.827660,2.049298,-0.079041
1729,336478644,-0.799709,0.167389,0.521601,0.245723,1.953354,2.381285,-1.121423
1730,336511978,-0.793840,0.170072,0.527692,0.249872,3.426067,-0.258797,-0.799704
1731,336545312,-0.789852,0.176471,0.526535,0.260295,2.829722,-3.035694,-0.274447
1732,336578646,-0.788394,0.179687,0.522538,0.270373,1.153748,-1.548434,-0.164597
1733,336611980,-0.789502,0.175203,0.519119,0.276596,-1.057052,0.747798,0.848623
1734,336645314,-0.788300,0.172481,0.519337,0.281286,-2.449400,1.893289,1.558297
1735,336678648,-0.785435,0.175285,0.520554,0.285292,0.360096,1.187894,0.606497
1736,336711982,-0.783441,0.178914,0.520365,0.288843,0.784757,-0.415508,-0.375049
1737,336745316,-0.783934,0.179185,0.518782,0.290183,0.650357,-0.910859,-0.706801
1738,336778650,-0.786653,0.178354,0.514399,0.291138,0.785964,-0.018177,0.200893
1739,336811984,-0.789331,0.180617,0.507095,0.295277,-0.228903,0.870739,0.230984
1740,336845318,-0.791616,0.184780,0.499180,0.300035,-0.342221,0.901807,-0.061404
1741,336878652,-0.793132,0.188347,0.493491,0.303207,-0.096005,1.173155,-0.164215
1742,336911986,-0.794311,0.192003,0.489055,0.305010,-0.073831,1.024660,-0.118862
1743,336945320,-0.795806,0.196169,0.484404,0.305882,-0.285172,0.017937,-0.049673
1744,336978654,-0.797010,0.200835,0.480610,0.305704,1.304835,0.340103,-0.545758
1745,337011988,-0.799257,0.204488,0.476986,0.303079,-0.264390,-0.283092,0.053129
1746,337045322,-0.801221,0.208546,0.473710,0.300255,1.085853,0.491632,-0.589107
1747,337078656,-0.802465,0.215175,0.469585,0.298729,1.660537,0.536506,-1.347848
1748,337111990,-0.803867,0.220420,0.465740,0.297152,0.268987,-0.074336,0.361436
1749,337145324,-0.804732,0.222149,0.464759,0.295053,0.220601,0.808187,0.186287
1750,337178658,-0.805455,0.221936,0.465021,0.292817,-0.783051,0.731100,1.158656
1751,337211992,-0.804278,0.225582,0.465745,0.292115,0.778258,-1.465778,-0.717216
1752,337245326,-0.805430,0.226958,0.463921,0.290774,1.027128,0.316477,-0.476173
1753,337278660,-0.806468,0.227962,0.461708,0.290634,1.800311,-0.414983,-0.594557
1754,337311994,-0.808188,0.227055,0.458455,0.291715,0.526615,0.448844,0.453474
1755,337345328,-0.807984,0.227232,0.456679,0.294910,0.755110,1.012932,-0.024141
1756,337378662,-0.807139,0.228367,0.454953,0.298986,0.426924,1.081310,0.069669
1757,337411996,-0.805961,0.228714,0.454917,0.301940,0.401003,-0.522597,-0.373545
1758,337445330,-0.805695,0.226874,0.454391,0.304815,0.859709,0.689680,0.079377
1759,337478664,-0.805552,0.225868,0.452650,0.308508,-0.332295,-0.737747,0.076595
1760,337511998,-0.805213,0.224421,0.450619,0.313383,0.027503,0.107994,-0.077332
1761,337545332,-0.804720,0.223348,0.448220,0.318810,-0.911743,-0.142928,0.792212
1762,337578666,-0.803196,0.223384,0.446569,0.324889,-0.532711,-0.293301,0.780805
1763,337612000,-0.800804,0.223055,0.445710,0.332118,-0.089890,0.552429,0.567119
1764,337645334,-0.798634,0.221695,0.444890,0.339277,-0.350064,-0.290770,0.334498
1765,337678668,-0.796166,0.219578,0.444833,0.346452,0.044549,-0.296393,-0.699740
1766,337712002,-0.794405,0.215961,0.443333,0.354596,-0.656704,0.237261,0.603320
1767,337745336,-0.791486,0.213081,0.442470,0.363822,0.186359,0.069647,0.299082
1768,337778670,-0.787621,0.210822,0.443357,0.372348,-0.100738,0.499677,0.578064
1769,337812004,-0.782929,0.210823,0.445512,0.379598,0.985217,1.491478,1.606365
1770,337845338,-0.773618,0.216423,0.451029,0.388909,0.411761,-3.220322,1.211926
1771,337878672,-0.764593,0.214115,0.458970,0.398621,1.755742,0.041290,0.465537
1772,337912006,-0.756459,0.208331,0.470163,0.404122,-1.078561,-0.275340,2.194572
1773,337945340,-0.748777,0.196380,0.485408,0.406383,2.102547,0.689362,0.494972
1774,337978674,-0.741361,0.182346,0.502449,0.405806,3.834600,0.538279,-0.399006
1775,338012008,-0.735207,0.169752,0.515171,0.406515,2.221016,-2.958576,-0.605777
1776,338045342,-0.734580,0.155035,0.518313,0.409521,3.218231,-2.025053,-0.469637
1777,338078676,-0.734217,0.150586,0.511045,0.420812,-1.636670,0.970810,0.695174
1778,338112010,-0.735084,0.150709,0.504981,0.426535,-4.236522,1.866448,0.419956
1779,338145344,-0.736449,0.140821,0.512858,0.418077,-4.010688,1.846005,1.104777
1780,338178678,-0.737730,0.119152,0.529020,0.402114,-2.544383,-0.838420,0.310831
1781,338212012,-0.739405,0.093898,0.543567,0.386003,0.815789,0.170760,-0.882935
1782,338245346,-0.742203,0.072686,0.551847,0.373253,-0.455870,-0.540628,-0.924254
1783,338278680,-0.746438,0.052976,0.555299,0.362859,-0.329909,0.391388,-0.211089
1784,338312014,-0.753386,0.038743,0.553084,0.353562,-0.855700,0.218088,0.050870
1785,338345348,-0.757808,0.019359,0.558965,0.336023,0.014576,-11.481250,-13.548223
1786,338378682,-0.753080,0.005036,0.579677,0.311159,-0.270715,-4.486890,-0.530589
1787,338412016,-0.760252,0.012117,0.577061,0.298111,-2.824832,-0.429928,5.731614
1788,338445350,-0.770272,0.015539,0.564726,0.295846,1.111771,2.932488,-1.290216
1789,338478684,-0.773670,0.010786,0.565341,0.285846,-0.279777,0.564883,0.634319
1790,338512018,-0.774864,-0.001643,0.568196,0.277013,-4.340364,2.115641,2.082568
1791,338545352,-0.772762,-0.018661,0.574328,0.269517,2.210712,0.098499,0.559148
1792,338578686,-0.773492,-0.028546,0.574805,0.265508,-0.852451,0.574179,0.112279
1793,338612020,-0.771184,-0.039735,0.578425,0.262907,1.053247,-0.311810,0.444521
1794,338645354,-0.767641,-0.051832,0.582056,0.263157,2.604767,-2.200655,0.045282
1795,338678688,-0.768415,-0.056141,0.576213,0.272698,-1.282208,-1.391495,0.973932
1796,338712022,-0.768870,-0.054736,0.570953,0.282588,0.556284,-2.170159,-1.865720
1797,338745356,-0.771382,-0.052318,0.565190,0.287739,-1.342160,-2.095271,-0.275180
1798,338778690,-0.773548,-0.047616,0.560862,0.291187,0.172977,-2.661243,0.314396
1799,338812024,-0.775187,-0.040382,0.557736,0.293915,-0.204928,-2.195293,-0.723216
1800,338845358,-0.777058,-0.033733,0.555114,0.294773,-1.677070,-1.115083,0.633286
1801,338878692,-0.780343,-0.027141,0.550221,0.295948,-1.852634,-0.747333,0.486146
1802,338912026,-0.781833,-0.023112,0.546224,0.299737,-0.479774,1.786493,2.122726
1803,338945360,-0.781177,-0.018126,0.542482,0.308460,-1.401415,-0.328721,1.672743
1804,338978694,-0.778387,-0.013949,0.538900,0.321724,0.716834,0.009802,-0.071384
1805,339012028,-0.775638,-0.002389,0.531789,0.339970,0.395451,-0.139355,0.207487
1806,339045362,-0.771731,0.009653,0.527793,0.354645,-0.604230,-0.005021,-0.815114
1807,339078696,-0.767600,0.015174,0.531814,0.357400,-3.255789,-2.481503,-1.235653
1808,339112030,-0.766209,0.017648,0.535132,0.355311,-0.090714,-1.060266,-2.123796
1809,339145364,-0.768112,0.018513,0.535195,0.351038,2.476328,-1.654216,-2.235655
1810,339178698,-0.768967,0.027911,0.530805,0.355185,-0.461529,-1.830966,-1.050292
1811,339212032,-0.770964,0.036736,0.522191,0.362742,-2.008335,-1.182045,-1.616971
1812,339245366,-0.771576,0.048097,0.515860,0.369115,-1.976630,0.091240,-1.597427
1813,339278700,-0.769971,0.060476,0.513235,0.374269,-1.058170,1.697864,1.498286
1814,339312034,-0.761732,0.086242,0.502472,0.399810,6.878064,14.447715,1.491893
1815,339345368,-0.760351,0.111928,0.484378,0.417991,-6.934452,6.579632,4.553043
1816,339378702,-0.758692,0.125958,0.475210,0.427431,1.951269,4.018994,0.904534
1817,339412036,-0.755236,0.138763,0.472152,0.432939,1.022000,1.048910,-1.178051
1818,339445370,-0.751315,0.151283,0.470180,0.437687,-3.228837,-2.163899,-2.358962
1819,339478704,-0.751731,0.154922,0.462883,0.443440,1.760767,3.061953,5.554251
1820,339512038,-0.744584,0.175486,0.449671,0.461082,4.110892,-4.451975,-7.789678
1821,339545372,-0.740359,0.191088,0.446673,0.464582,-3.032555,-2.011116,1.871092
1822,339578706,-0.739638,0.198982,0.440425,0.468368,0.057011,1.104493,0.211435
1823,339612040,-0.739316,0.202464,0.439196,0.468538,1.292522,0.107499,0.754605
1824,339645374,-0.740361,0.202666,0.437364,0.468514,0.632532,-0.299246,-0.303799
1825,339678708,-0.741125,0.203361,0.433177,0.470887,0.502205,0.326595,-0.016219
1826,339712042,-0.742545,0.204186,0.428690,0.472399,1.003256,1.215259,0.316681
1827,339745376,-0.745481,0.204297,0.422971,0.472882,-0.255594,-0.029808,-0.294374
1828,339778710,-0.747766,0.205028,0.418404,0.473020,0.428662,-0.007962,-1.051536
1829,339812044,-0.750126,0.206670,0.413560,0.472829,-1.600048,-0.945983,-0.213172
1830,339845378,-0.749810,0.210741,0.411028,0.473740,0.416330,-0.159564,-0.438516
1831,339878712,-0.748880,0.212890,0.413045,0.472494,-1.549768,0.240347,1.074183
1832,339912046,-0.748554,0.210599,0.419652,0.468196,-0.233262,-0.024703,0.741875
1833,339945380,-0.749379,0.206435,0.426685,0.462337,0.211300,-1.152782,-0.073978
1834,339978714,-0.750234,0.202122,0.432524,0.457405,2.600641,-0.695256,-0.604601
1835,340012048,-0.749168,0.202357,0.434271,0.457393,-0.239383,-0.824345,-0.217169
1836,340045382,-0.747332,0.202797,0.436183,0.458382,-1.566713,-1.333803,0.243797
1837,340078716,-0.745157,0.201983,0.438621,0.459951,0.315783,0.262291,1.124278
1838,340112050,-0.742486,0.201208,0.442193,0.461189,0.440414,0.005719,0.203955
1839,340145384,-0.740737,0.201989,0.443646,0.462263,-0.024930,1.007464,0.629219
1840,340178718,-0.739865,0.201684,0.444851,0.462635,-0.046738,0.795317,0.017700
1841,340212052,-0.740619,0.200239,0.444147,0.462733,-0.731052,-0.844359,0.379238
1842,340245386,-0.741394,0.200090,0.441395,0.464186,0.614828,0.083730,-0.270279
1843,340278720,-0.741827,0.201068,0.436715,0.467488,-0.805351,0.641776,-0.262144
1844,340312054,-0.742115,0.201670,0.432424,0.470748,-1.492109,0.954141,1.104202
1845,340345388,-0.741960,0.200480,0.430377,0.473370,-1.988088,-0.689138,-0.613693
1846,340378722,-0.740662,0.198106,0.430408,0.476365,0.031001,-0.466573,0.719910
1847,340412056,-0.738772,0.194692,0.430330,0.480757,0.754186,-0.179043,0.117630
1848,340445390,-0.736932,0.190981,0.431359,0.484136,0.505373,-0.033616,0.139604
1849,340478724,-0.734478,0.187662,0.434961,0.485937,-0.207248,-0.882927,0.033111
1850,340512058,-0.731146,0.187885,0.437374,0.488701,1.146676,-1.009450,-0.104316
1851,340545392,-0.727079,0.191864,0.440712,0.490221,-0.170249,-0.183108,1.227832
1852,340578726,-0.724677,0.191205,0.450634,0.484988,-0.781526,0.828011,0.735778
1853,340612060,-0.722933,0.186171,0.464283,0.476603,1.301136,-0.323721,-0.583256
1854,340645394,-0.721295,0.183499,0.474544,0.469968,1.073134,-2.554024,-1.510294
1855,340678728,-0.718370,0.190704,0.473804,0.472320,1.303060,-1.819820,0.017800
1856,340712062,-0.715571,0.199768,0.469175,0.477415,-0.522517,-0.419510,0.660061
1857,340745396,-0.714058,0.206727,0.464709,0.481073,-0.161795,1.493831,0.904575
1858,340778730,-0.713497,0.210456,0.463701,0.481261,0.194393,0.344920,-0.104733
1859,340812064,-0.714258,0.212195,0.463020,0.480023,-0.273349,0.002809,-0.129637
1860,340845398,-0.715032,0.214929,0.459371,0.481158,0.855383,0.287563,-1.477132
1861,340878732,-0.716265,0.219507,0.453261,0.483049,-1.256894,0.257632,-1.270001
1862,340912066,-0.717326,0.223773,0.446963,0.485380,-1.120268,0.898782,0.266183
1863,340945400,-0.718650,0.226022,0.442527,0.486444,-0.022145,1.009390,0.016950
1864,340978734,-0.720773,0.226333,0.439945,0.485498,-0.410982,0.318392,-0.301111
1865,341012068,-0.723309,0.225756,0.437901,0.483840,-0.539626,0.286995,0.029428
1866,341045402,-0.725891,0.225476,0.435465,0.482301,-0.158601,0.921023,0.395873
1867,341078736,-0.729129,0.224786,0.432833,0.480102,1.873938,0.646839,-0.416211
1868,341112070,-0.732372,0.226857,0.428532,0.478046,-0.901177,-1.168144,-1.032129
1869,341145404,-0.735465,0.231650,0.421154,0.477555,1.072631,-0.608850,-0.042998
1870,341178738,-0.736251,0.239238,0.414547,0.478384,0.165212,-0.458606,0.524176
1871,341212072,-0.736157,0.244208,0.413402,0.477007,0.794832,0.617553,0.225868
1872,341245406,-0.736371,0.244300,0.418335,0.472305,-0.658474,-0.267916,0.598856
1873,341278740,-0.736595,0.242326,0.424100,0.467809,0.177459,-1.258258,-0.546450
1874,341312074,-0.736962,0.242878,0.426783,0.464492,-0.066146,-1.842476,-0.911461
1875,341345408,-0.736826,0.244370,0.427600,0.463172,-0.176974,-0.640366,1.068672
1876,341378742,-0.736670,0.245533,0.427779,0.462640,0.448993,0.923721,0.477045
1877,341412076,-0.736510,0.245224,0.430448,0.460579,0.451532,0.862507,-0.103604
1878,341445410,-0.736051,0.243770,0.434328,0.458437,-0.255105,0.565808,0.004931
1879,341478744,-0.735484,0.241909,0.438502,0.456355,1.262269,0.109908,-1.954640
1880,341512078,-0.735149,0.240209,0.440003,0.456347,-0.332275,0.489172,-0.007445
1881,341545412,-0.735138,0.239661,0.438221,0.458364,-0.653451,0.334984,-0.305977
1882,341578746,-0.734987,0.239439,0.435208,0.461580,-1.418478,0.870608,0.522779
1883,341612080,-0.733796,0.239026,0.432767,0.465964,0.828566,0.991908,-0.037993
1884,341645414,-0.731983,0.237851,0.430632,0.471363,0.959758,0.998810,0.108363
1885,341678748,-0.729972,0.234624,0.430978,0.475763,0.338809,0.084898,0.368929
1886,341712082,-0.727571,0.229905,0.431281,0.481437,-0.123400,-0.675023,0.683356
1887,341745416,-0.724350,0.224477,0.432407,0.487803,-0.496103,-1.159485,0.000241
1888,341778750,-0.720150,0.220799,0.432445,0.495604,-0.876878,-0.895992,0.230723
1889,341812084,-0.714920,0.218780,0.434527,0.502206,-0.470204,-0.683093,1.404010
1890,341845418,-0.708245,0.218127,0.439908,0.507239,1.386075,0.181071,0.698208
1891,341878752,-0.703097,0.213886,0.453275,0.504431,0.615611,1.078811,1.245175
1892,341912086,-0.700965,0.206710,0.467985,0.496899,1.159305,-0.692717,-0.686085
1893,341945420,-0.697896,0.203651,0.478798,0.492159,2.094033,-3.485980,-2.589786
1894,341978754,-0.695568,0.205688,0.480765,0.492690,-0.878614,-2.221608,-0.763681
1895,342012088,-0.693929,0.210331,0.477096,0.496591,-0.661436,0.522904,0.854895
1896,342045422,-0.692462,0.213002,0.476250,0.498309,-0.276781,2.077960,0.987608
1897,342078756,-0.691406,0.212683,0.478908,0.497364,-0.130247,0.471602,0.556730
1898,342112090,-0.691028,0.210560,0.480660,0.497103,1.299664,0.785685,-0.006536
1899,342145424,-0.690673,0.208926,0.480155,0.498770,0.865771,-0.647665,-1.109200
1900,342178758,-0.690409,0.209281,0.475024,0.503874,0.145571,0.977329,0.686091
1901,342212092,-0.690683,0.210666,0.468648,0.508868,0.554990,0.838516,0.554529
1902,342245426,-0.691265,0.211963,0.462336,0.513293,0.199458,2.113014,1.427573
1903,342278760,-0.692376,0.212616,0.457148,0.516165,0.055344,0.484034,0.279665
1904,342312094,-0.693399,0.212760,0.452879,0.518489,0.967492,0.884315,-0.528970
1905,342345428,-0.695901,0.212663,0.448075,0.519351,-1.759980,0.051239,-0.249495
1906,342378762,-0.698111,0.210973,0.445627,0.519180,-0.323127,0.690051,0.446732
1907,342412096,-0.700586,0.209044,0.442656,0.519168,0.814283,0.049756,-0.364634
1908,342445430,-0.703264,0.208804,0.438080,0.519526,1.155596,-0.173296,0.755057
1909,342478764,-0.706255,0.209570,0.433583,0.518932,1.026138,-1.422728,-0.878538
1910,342512098,-0.708934,0.213159,0.428083,0.518384,-1.347207,-0.560137,1.044882
1911,342545432,-0.709041,0.215563,0.427692,0.517565,0.889301,-0.346272,2.051252
1912,342578766,-0.709239,0.212806,0.433664,0.513448,-0.821827,0.118509,0.436667
1913,342612100,-0.710983,0.208076,0.440411,0.507195,-0.269546,-1.413303,-0.887986
1914,342645434,-0.712526,0.205253,0.443951,0.503076,0.065076,-1.574043,1.098889
1915,342678768,-0.713372,0.204449,0.445534,0.500800,2.576057,-0.809002,0.188288
1916,342712102,-0.713815,0.205588,0.443772,0.501267,-0.465158,-1.221517,-1.131722
1917,342745436,-0.713864,0.206608,0.442062,0.502287,-0.600262,0.740062,1.239619
1918,342778770,-0.714398,0.204798,0.444855,0.499798,-0.820772,0.143835,-0.365531
1919,342812104,-0.715018,0.200490,0.449534,0.496461,-0.878134,-1.090210,0.580414
1920,342845438,-0.715297,0.196886,0.452087,0.495181,-0.426108,-0.405535,0.000914
1921,342878772,-0.714964,0.193390,0.454563,0.494772,-0.929190,-0.981022,0.137137
1922,342912106,-0.714220,0.190480,0.454208,0.497295,-0.974860,-0.480890,-0.494172
1923,342945440,-0.712966,0.188629,0.452890,0.500988,-1.145149,0.359884,0.686163
1924,342978774,-0.711215,0.185841,0.453061,0.504353,0.177335,0.344063,0.538187
1925,343012108,-0.710032,0.181596,0.454617,0.506163,0.184581,0.266952,-0.200233
1926,343045442,-0.707381,0.177390,0.456513,0.509648,-0.528170,-0.208825,0.097443
1927,343078776,-0.704033,0.171792,0.460891,0.512255,-1.482112,-0.963878,0.443738
1928,343112110,-0.698975,0.165957,0.465901,0.516554,1.243167,-0.145612,-0.261405
1929,343145444,-0.694669,0.163065,0.469240,0.520248,-0.402136,-0.773423,-0.029805
1930,343178778,-0.688496,0.163213,0.473205,0.524797,1.063239,-1.534695,-1.035529
1931,343212112,-0.682498,0.164752,0.479322,0.526596,-2.294471,-1.084814,0.788444
1932,343245446,-0.677098,0.164146,0.489400,0.524484,-0.797658,0.740574,0.997334
1933,343278780,-0.673351,0.159380,0.504320,0.516582,0.076013,-1.697129,-0.189343
1934,343312114,-0.670819,0.155624,0.514803,0.510648,1.055547,-3.007032,-1.518306
1935,343345448,-0.669164,0.159384,0.516272,0.510177,0.875469,-2.389079,-1.182083
1936,343378782,-0.667891,0.169324,0.510289,0.514642,0.083307,-0.565054,-0.316290
1937,343412116,-0.667110,0.179404,0.505183,0.517270,-0.456976,1.189576,0.923471
1938,343445450,-0.667889,0.184905,0.503873,0.515604,-0.277868,1.259040,0.906156
1939,343478784,-0.669579,0.187656,0.503782,0.512496,0.886052,0.738776,-0.128511
1940,343512118,-0.671597,0.190780,0.502819,0.509640,-0.941927,-0.024059,-0.839439
1941,343545452,-0.674731,0.193806,0.499515,0.507605,-1.447825,0.164183,-0.322165
1942,343578786,-0.677938,0.198343,0.492807,0.508135,-0.360339,0.279921,-0.521462
1943,343612120,-0.680591,0.204348,0.484416,0.510273,-2.342966,1.081125,-0.017981
1944,343645454,-0.683586,0.207833,0.477352,0.511519,0.400624,1.129207,0.413059
1945,343678788,-0.686695,0.211263,0.470474,0.512320,0.172786,1.281467,-0.018144
1946,343712122,-0.690703,0.212871,0.465444,0.510860,-0.141121,0.479872,-0.091171
1947,343745456,-0.695613,0.213829,0.459299,0.509357,-0.093143,0.768589,-0.014236
1948,343778790,-0.699100,0.215130,0.453904,0.508871,0.290116,-1.135953,-0.845742
1949,343812124,-0.702703,0.216649,0.447026,0.509352,-1.608141,-1.629021,-1.224689
1950,343845458,-0.706433,0.218716,0.440584,0.508922,-0.429364,-0.588449,0.086978
1951,343878792,-0.710178,0.220961,0.435138,0.507423,-1.364415,-0.677755,-0.033584
1952,343912126,-0.714014,0.224512,0.429514,0.505269,-1.981758,-0.939710,0.913972
1953,343945460,-0.716083,0.228071,0.426994,0.502876,-0.268165,-0.944141,1.937287
1954,343978794,-0.717278,0.229762,0.428369,0.499222,-0.944938,0.772245,1.349097
1955,344012128,-0.719131,0.226844,0.434019,0.492971,0.484394,-0.027657,0.423021
1956,344045462,-0.720615,0.223095,0.441484,0.485834,1.366598,-1.646485,-1.644736
1957,344078796,-0.723007,0.222187,0.441841,0.482359,0.404901,-1.018385,-2.100008
1958,344112130,-0.724689,0.223094,0.440429,0.480705,1.326861,-0.637971,-2.312741
1959,344145464,-0.726730,0.224673,0.436312,0.480643,-1.272001,0.037446,2.886604
1960,344178798,-0.728541,0.224629,0.435619,0.478546,-0.831479,-0.384679,0.627652
1961,344212132,-0.729364,0.224187,0.436609,0.476594,0.025883,0.701959,0.388558
1962,344245466,-0.730860,0.222100,0.437508,0.474450,-1.417218,-0.266912,0.458218
1963,344278800,-0.732560,0.219519,0.438709,0.471913,-0.597179,-1.122364,0.025459
1964,344312134,-0.734769,0.217408,0.436130,0.471847,-0.652981,0.431625,1.205668
1965,344345468,-0.735453,0.217664,0.431523,0.474889,-0.728102,-0.611690,-1.260044
1966,344378802,-0.736147,0.215748,0.429770,0.476276,-0.499721,0.426621,0.091089
1967,344412136,-0.736624,0.214324,0.425975,0.479579,-0.290391,0.719067,0.255902
1968,344445470,-0.737036,0.212681,0.422322,0.482897,-1.527200,-0.538228,-0.942225
1969,344478804,-0.735579,0.209821,0.422646,0.486076,-1.101915,-1.030841,1.017660
1970,344512138,-0.732926,0.206887,0.423039,0.490974,-0.332893,-1.438409,-0.404276
1971,344545472,-0.729947,0.205264,0.423769,0.495444,1.011947,0.489031,1.190677
1972,344578806,-0.725671,0.205301,0.427931,0.498125,-0.704146,-1.557103,-0.213910
1973,344612140,-0.720864,0.205418,0.433551,0.500192,-1.261688,-1.367924,-0.786329
1974,344645474,-0.717965,0.201903,0.445046,0.495676,0.728230,-0.008141,0.949407
1975,344678808,-0.714957,0.197938,0.457955,0.489831,0.874669,-1.913586,-0.117094
1976,344712142,-0.711807,0.199429,0.462190,0.489837,2.963473,-3.082406,-1.545341
1977,344745476,-0.708714,0.204206,0.462374,0.492174,0.049265,-3.034050,-1.487881
1978,344778810,-0.708273,0.207051,0.460085,0.493762,0.018407,0.983652,0.352087
1979,344812144,-0.706948,0.209077,0.461690,0.493309,0.473114,0.888801,1.234770
1980,344845478,-0.705481,0.209493,0.466067,0.491112,-0.210875,0.320050,-0.380286
1981,344878812,-0.704896,0.210072,0.467903,0.489957,0.745263,0.300964,0.035363
1982,344912146,-0.705600,0.210351,0.467369,0.489334,-0.885532,0.218992,0.010560
1983,344945480,-0.707336,0.210175,0.463899,0.490205,0.193891,0.983258,0.364047
1984,344978814,-0.709280,0.211082,0.458723,0.491874,-1.213892,0.841426,0.676510
1985,345012148,-0.711208,0.211991,0.453455,0.493582,-1.202854,0.816695,0.594107
1986,345045482,-0.713945,0.210932,0.449665,0.493550,0.747597,0.217238,-1.380532
1987,345078816,-0.717207,0.209924,0.444337,0.494076,-0.898877,0.651238,0.529770
1988,345112150,-0.720648,0.209262,0.438949,0.494166,0.743123,0.337669,-0.277951
1989,345145484,-0.724378,0.208407,0.434030,0.493418,-1.696540,-0.350923,0.737760
1990,345178818,-0.727724,0.207965,0.429653,0.492511,-0.076987,-0.784864,0.129561
1991,345212152,-0.731190,0.208962,0.424958,0.491026,0.488581,-1.302497,-0.794951
1992,345245486,-0.734085,0.212334,0.419087,0.490306,0.334777,-0.300075,0.827271
1993,345278820,-0.735168,0.216601,0.416380,0.489122,0.225812,-0.410312,0.887830
1994,345312154,-0.735221,0.218082,0.418975,0.486159,-0.286828,-0.154025,1.490202
1995,345345488,-0.735218,0.217383,0.425191,0.481054,-0.378206,-0.728881,-0.112947
1996,345378822,-0.735314,0.216004,0.431815,0.475595,0.420246,-2.425627,-0.566725
1997,345412156,-0.735271,0.217197,0.434963,0.472239,0.334648,-1.094375,-0.088600
1998,345445490,-0.734960,0.220052,0.435376,0.471019,0.409306,0.483476,1.390676
1999,345478824,-0.734322,0.222754,0.437744,0.468543,0.719626,-0.039388,-0.212090
2000,345512158,-0.733910,0.223512,0.441798,0.465009,-0.411193,0.673882,0.408965
2001,345545492,-0.734486,0.222117,0.447848,0.458942,-0.917098,-0.053893,-0.459720
2002,345578826,-0.734984,0.220775,0.452318,0.454385,-0.243543,0.291013,-0.284480
2003,345612160,-0.735523,0.220127,0.454837,0.451301,-0.559029,-0.710269,-0.561899
2004,345645494,-0.734648,0.219740,0.456068,0.451673,0.021445,-0.415152,-0.881763
2005,345678828,-0.734397,0.220136,0.455047,0.452917,-1.773985,-0.220448,0.895508
2006,345712162,-0.733430,0.221415,0.453174,0.455730,0.321688,0.888242,1.168472
2007,345745496,-0.731928,0.221700,0.451931,0.459227,0.288807,-0.078870,-0.104365
2008,345778830,-0.729961,0.220307,0.452146,0.462802,-0.919761,-0.942085,-0.210805
2009,345812164,-0.727070,0.219631,0.450563,0.469175,0.923172,0.520727,1.375460
2010,345845498,-0.722749,0.220411,0.448970,0.476947,-0.423536,-1.510367,-0.191678
2011,345878832,-0.717497,0.220987,0.448954,0.484566,0.512221,-1.188880,-0.236354
2012,345912166,-0.712061,0.224878,0.445491,0.493901,-0.967943,-1.541227,-0.289460
2013,345945500,-0.705137,0.229124,0.446258,0.501137,1.100441,-0.267794,0.852034
2014,345978834,-0.698527,0.232861,0.449476,0.505774,-0.931555,-0.314456,-0.156763
2015,346012168,-0.694821,0.231742,0.459657,0.502230,0.324645,0.625745,-0.044444
2016,346045502,-0.692779,0.228548,0.471716,0.495285,1.225909,-1.846135,-0.943052
2017,346078836,-0.690190,0.230729,0.476525,0.493282,-0.631826,-2.873016,1.050309
2018,346112170,-0.686963,0.237175,0.473719,0.497414,0.676770,-1.549053,-0.524509
2019,346145504,-0.683318,0.244999,0.467923,0.504084,0.637552,0.547986,0.091714
2020,346178838,-0.680014,0.250029,0.465426,0.508376,-0.044255,1.079788,1.124409
2021,346212172,-0.677645,0.253418,0.465254,0.510016,0.056858,0.808143,-0.217255
2022,346245506,-0.676480,0.257277,0.462671,0.511975,-0.353951,1.032755,-0.349376
2023,346278840,-0.675741,0.259710,0.460865,0.513350,0.752141,0.428234,-0.219926
2024,346312174,-0.675936,0.262522,0.455528,0.516418,0.330076,0.663554,0.345239
2025,346345508,-0.675576,0.266184,0.448217,0.521387,1.506634,1.247216,0.554219
2026,346378842,-0.675323,0.270801,0.439124,0.527044,-0.011505,1.428637,0.555194
2027,346412176,-0.674762,0.274573,0.431735,0.531895,0.904500,1.144636,0.551148
2028,346445510,-0.675420,0.277284,0.424682,0.535320,-0.908387,0.167028,-0.304426
2029,346478844,-0.676771,0.279080,0.417279,0.538492,1.426180,0.167431,-0.186152
2030,346512178,-0.678885,0.281023,0.408098,0.541846,0.298067,0.474198,0.319671
2031,346545512,-0.680556,0.283124,0.400229,0.544519,-1.657509,0.156690,-1.216388
2032,346578846,-0.682189,0.284426,0.393398,0.546771,-0.705012,-0.946647,-0.740488
2033,346612180,-0.682074,0.287292,0.386952,0.550007,1.450709,-0.920973,-0.790052
2034,346645514,-0.680139,0.290539,0.382747,0.553628,-0.823585,-0.350915,0.670685
2035,346678848,-0.676442,0.293219,0.384029,0.555852,-2.049005,-1.875438,0.512855
2036,346712182,-0.672711,0.291769,0.391684,0.555801,1.197953,1.875379,2.594244
2037,346745516,-0.669144,0.288053,0.403986,0.553233,0.976021,-0.191016,-1.475760
2038,346778850,-0.667143,0.284025,0.416132,0.548712,0.392881,-2.400296,-0.924261
2039,346812184,-0.666361,0.282306,0.422224,0.545887,0.076334,-2.353510,-0.901979
2040,346845518,-0.666338,0.283205,0.420661,0.546656,1.641672,-1.200918,-1.204003
2041,346878852,-0.666268,0.285271,0.420303,0.545942,-0.594900,-0.592977,0.614449
2042,346912186,-0.666804,0.285567,0.421301,0.544362,-1.469442,-0.176568,0.489338
2043,346945520,-0.666731,0.285804,0.421757,0.543974,1.636119,1.069074,1.038121
2044,346978854,-0.666126,0.285477,0.424664,0.542624,0.519279,0.429174,0.828940
2045,347012188,-0.664864,0.285179,0.426050,0.543240,-2.698672,-0.593497,0.587193
2046,347045522,-0.663923,0.284486,0.425980,0.544807,0.248761,-0.300787,0.012723
2047,347078856,-0.662743,0.284678,0.424065,0.547631,-0.732487,-0.306483,-0.113980
2048,347112190,-0.660919,0.286480,0.418684,0.553009,0.294829,0.808733,1.065148
2049,347145524,-0.658524,0.289634,0.414259,0.557538,1.199364,0.670087,0.392220
2050,347178858,-0.656417,0.291521,0.412252,0.560518,-1.211278,0.258908,0.065865
2051,347212192,-0.652606,0.292712,0.410444,0.565652,-0.320903,0.563465,0.946423
2052,347245526,-0.647487,0.294556,0.410392,0.570593,-0.091410,-0.551126,-0.664749
2053,347278860,-0.642437,0.296828,0.410759,0.574844,-1.088590,-0.333213,0.040284
2054,347312194,-0.636562,0.300951,0.409845,0.579866,-0.247683,-0.713302,-0.221418
2055,347345528,-0.629618,0.306306,0.410127,0.584427,-0.916290,-0.247203,0.008842
2056,347378862,-0.622171,0.311956,0.414001,0.586676,-0.453598,-0.434578,0.403471
2057,347412196,-0.615727,0.316348,0.421365,0.585881,0.866796,0.558036,-0.134588
2058,347445530,-0.611003,0.319542,0.429756,0.582991,2.605737,-1.233449,-0.723930
2059,347478864,-0.606468,0.325005,0.434394,0.581266,-1.230054,-2.744398,-0.179810
2060,347512198,-0.602761,0.331850,0.430274,0.584312,0.652292,-1.658928,1.041149
2061,347545532,-0.598143,0.340101,0.421593,0.590606,0.627877,-0.758568,-0.884171
2062,347578866,-0.594994,0.346090,0.416907,0.593627,0.074871,0.887084,0.731420
2063,347612200,-0.592286,0.351168,0.413035,0.596054,1.748454,-0.039175,0.322311
2064,347645534,-0.590625,0.356168,0.409508,0.597169,-0.096991,0.721792,-0.406781
2065,347678868,-0.590888,0.359578,0.405563,0.597556,-0.098802,0.318054,-0.549368
2066,347712202,-0.591565,0.362401,0.399382,0.599343,1.291405,0.837568,-0.005888
2067,347745536,-0.591891,0.366886,0.390796,0.601945,-0.015909,1.560385,-0.046898
2068,347778870,-0.592029,0.370758,0.381445,0.605425,0.139070,0.956290,-0.616277
2069,347812204,-0.593689,0.373942,0.373588,0.606740,0.090281,0.987730,-0.083924
2070,347845538,-0.595116,0.376949,0.365842,0.608199,0.257894,-0.170405,-0.029574
2071,347878872,-0.597054,0.379491,0.357076,0.609926,-0.395448,-0.048307,0.836678
2072,347912206,-0.599066,0.382324,0.347524,0.611699,0.777425,0.364116,-0.088870
2073,347945540,-0.600977,0.385093,0.337904,0.613475,1.631137,-0.286702,0.182095
2074,347978874,-0.601833,0.388977,0.327508,0.615819,0.026895,0.071173,-0.486547
2075,348012208,-0.603218,0.392178,0.318049,0.617390,-0.765755,-0.299593,0.980000
2076,348045542,-0.602411,0.397310,0.309546,0.619215,-0.378877,-0.314799,0.597581
2077,348078876,-0.599920,0.403015,0.304071,0.620658,-1.328942,-1.297846,0.725471
2078,348112210,-0.596644,0.408279,0.302169,0.621304,0.513370,-0.938281,-0.520056
2079,348145544,-0.593290,0.413108,0.304481,0.620194,0.278394,-0.707985,0.363853
2080,348178878,-0.591894,0.417259,0.308696,0.616655,0.966749,-0.649738,-0.092665
2081,348212212,-0.590686,0.422008,0.311744,0.613038,0.783668,-2.235898,-1.136271
2082,348245546,-0.589356,0.426015,0.312910,0.610949,-0.082531,-1.286198,-0.284296
2083,348278880,-0.589047,0.429178,0.312724,0.609126,-0.885784,-0.462309,-0.400271
2084,348312214,-0.589360,0.431597,0.314250,0.606322,-0.114893,0.244871,0.418921
2085,348345548,-0.590236,0.432970,0.317551,0.602760,0.236248,0.458192,0.755517
2086,348378882,-0.590832,0.435055,0.316765,0.601087,0.333644,-0.453027,-0.283798
2087,348412216,-0.590205,0.435455,0.316439,0.601585,1.293171,0.203984,0.088897
2088,348445550,-0.587501,0.435797,0.314623,0.604927,0.236473,0.542619,0.506208
2089,348478884,-0.582993,0.436944,0.310950,0.610335,-0.165358,0.436050,0.135736
2090,348512218,-0.577681,0.437261,0.307286,0.616979,1.589997,0.553252,0.111715
2091,348545552,-0.571183,0.437751,0.301347,0.625551,-0.638788,0.797921,0.759277
2092,348578886,-0.563077,0.438373,0.296318,0.634799,1.342414,0.262789,0.669704
2093,348612220,-0.554021,0.440449,0.293279,0.642692,1.144292,0.600961,0.657888
2094,348645554,-0.544288,0.442099,0.289657,0.651458,1.029713,-0.157541,-0.745409
2095,348678888,-0.534739,0.441565,0.288104,0.660357,-0.550805,-0.916782,-0.329215
2096,348712222,-0.524019,0.440091,0.287350,0.670189,1.255213,-0.558030,0.829290
2097,348745556,-0.509357,0.441909,0.284483,0.681426,-0.858238,-1.791002,-0.426584
2098,348778890,-0.492251,0.444472,0.282939,0.692878,-1.400302,-1.271807,0.073554
2099,348812224,-0.477235,0.447286,0.287369,0.699715,-0.103880,1.733628,0.365073
2100,348845558,-0.468742,0.449731,0.298346,0.699295,2.304070,-1.003339,-0.350409
2101,348878892,-0.462573,0.454466,0.308300,0.696016,-0.880981,-3.732453,-0.839178
2102,348912226,-0.455603,0.459158,0.307602,0.697840,-1.625611,-2.019056,0.193336
2103,348945560,-0.447004,0.463588,0.300670,0.703470,0.312199,-1.277837,-0.770386
2104,348978894,-0.441075,0.466767,0.297391,0.706498,0.396760,0.893909,0.471930
2105,349012228,-0.437912,0.469037,0.294917,0.707998,0.571409,0.396610,0.149681
2106,349045562,-0.436804,0.472081,0.291425,0.708106,1.215059,0.811561,0.117652
2107,349078896,-0.435158,0.474708,0.286274,0.709462,0.795225,-0.316954,-0.112788
2108,349112230,-0.432912,0.476064,0.280195,0.712349,-0.057054,1.180825,0.816717
2109,349145564,-0.429932,0.477048,0.269514,0.717598,0.368606,0.609976,0.437796
2110,349178898,-0.427145,0.478864,0.259086,0.721880,1.374237,-0.483785,-0.366629
2111,349212232,-0.424840,0.479495,0.248113,0.726660,1.012743,-0.047050,0.632832
2112,349245566,-0.424013,0.480304,0.237215,0.730240,0.267977,-0.167774,0.313777
2113,349278900,-0.424514,0.480847,0.227467,0.732689,-0.665655,0.091905,0.350440
2114,349312234,-0.425060,0.481060,0.217492,0.735257,-0.579010,0.113292,0.159990
2115,349345568,-0.425752,0.481088,0.207510,0.737719,0.280368,0.060930,0.069958
2116,349378902,-0.426540,0.481215,0.197818,0.739841,1.101405,-1.091243,0.070447
2117,349412236,-0.426096,0.483038,0.188493,0.741342,0.302386,-0.029747,-0.011433
2118,349445570,-0.425155,0.485577,0.181815,0.741891,-0.836562,1.041162,1.815075
2119,349478904,-0.423040,0.490484,0.179709,0.740383,-0.465875,0.014614,0.563571
2120,349512238,-0.422086,0.495039,0.180877,0.737607,0.007875,-0.869730,-0.880584
2121,349545572,-0.422546,0.498262,0.182563,0.734752,2.137742,-1.474611,-0.038486
2122,349578906,-0.423617,0.501588,0.182017,0.732003,-0.112853,-1.440724,-0.119517
2123,349612240,-0.423529,0.504653,0.177448,0.731068,-1.368613,-0.393408,0.130218
2124,349645574,-0.422287,0.506096,0.174200,0.731570,-0.020752,-0.678843,0.850136
2125,349678908,-0.420942,0.507248,0.172892,0.731858,0.208156,0.126173,-0.261337
2126,349712242,-0.420336,0.508094,0.172165,0.731791,0.464413,-0.720508,0.351819
2127,349745576,-0.420240,0.509534,0.170962,0.731127,1.551692,-1.356457,-0.551829
2128,349778910,-0.419395,0.510646,0.168817,0.731333,0.297101,-0.001257,-0.048790
2129,349812244,-0.416355,0.511872,0.166299,0.732790,-0.436830,-0.223485,-0.598166
2130,349845578,-0.412226,0.511051,0.162883,0.736455,1.165864,0.271772,0.387001
2131,349878912,-0.408770,0.510052,0.160668,0.739554,1.791953,-0.912027,-0.769887
2132,349912246,-0.405277,0.508563,0.157088,0.743262,1.222880,0.939871,0.245560
2133,349945580,-0.400614,0.507673,0.154532,0.746924,0.700552,-0.125478,-0.164472
2134,349978914,-0.394340,0.506279,0.151278,0.751859,0.931277,0.054326,-0.116666
2135,350012248,-0.386781,0.504449,0.147152,0.757811,0.762450,0.026804,0.481689
2136,350045582,-0.378078,0.503461,0.142578,0.763712,0.262297,-0.149885,0.337096
2137,350078916,-0.370317,0.501877,0.138689,0.769253,0.932143,0.145127,1.011042
2138,350112250,-0.361928,0.501557,0.135482,0.774011,-0.518208,-0.108005,0.628322
2139,350145584,-0.352939,0.501942,0.133590,0.778230,0.953332,0.334827,0.445829
2140,350178918,-0.342584,0.503211,0.130633,0.782528,0.293180,-1.235069,0.003267
2141,350212252,-0.331023,0.505220,0.126311,0.786907,-1.565379,0.088595,0.248724
2142,350245586,-0.319166,0.507091,0.123920,0.790972,-0.308868,0.239006,0.117133
2143,350278920,-0.311651,0.508901,0.128257,0.792114,1.777262,-1.025247,0.208645
2144,350312254,-0.306283,0.511335,0.131290,0.792143,-0.759056,-1.762109,-0.111210
2145,350345588,-0.298993,0.513448,0.129302,0.793886,-3.149758,-0.469355,-0.557699
2146,350378922,-0.288985,0.512481,0.122531,0.799273,-0.932260,-1.345527,-0.666381
2147,350412256,-0.281551,0.510942,0.117431,0.803665,-1.286276,1.135638,0.463746
2148,350445590,-0.275574,0.509733,0.114101,0.806977,-0.811718,1.104213,0.781523
2149,350478924,-0.271245,0.510418,0.112111,0.808289,-0.072925,-0.662863,-0.304170
2150,350512258,-0.266737,0.510569,0.110704,0.809886,0.935430,-1.309992,0.235011
2151,350545592,-0.263684,0.510072,0.107796,0.811589,-0.708027,1.047018,-0.716597
2152,350578926,-0.260862,0.507899,0.104340,0.814311,0.721155,0.056422,-0.139773
2153,350612260,-0.256933,0.504119,0.098390,0.818639,-0.346723,1.030390,0.322436
2154,350645594,-0.252029,0.501279,0.093369,0.822486,1.668202,0.072308,0.728142
2155,350678928,-0.248055,0.498326,0.088026,0.826070,1.325993,-1.685332,0.275082
2156,350712262,-0.245596,0.495217,0.083939,0.829094,0.795020,-0.691470,-0.603013
2157,350745596,-0.243079,0.491079,0.077684,0.832898,1.909907,-0.668510,0.394251
2158,350778930,-0.243296,0.489640,0.074739,0.833951,-1.094755,-1.079522,-0.813610
2159,350812264,-0.242265,0.487331,0.069905,0.836020,0.386082,0.153127,0.660490
2160,350845598,-0.238282,0.485999,0.062311,0.838537,-1.039703,-1.312991,-0.726948
2161,350878932,-0.232838,0.486106,0.056620,0.840406,0.627233,0.469032,1.238288
2162,350912266,-0.227080,0.490118,0.054280,0.839805,-1.285951,1.196104,1.025976
2163,350945600,-0.224418,0.495280,0.058568,0.837200,-0.407766,0.291170,0.396189
2164,350978934,-0.223935,0.500771,0.063586,0.833690,-1.652080,-0.726526,-1.349330
2165,351012268,-0.224895,0.503029,0.064343,0.832012,-0.809612,0.037366,0.660812
2166,351045602,-0.223892,0.504371,0.060397,0.831767,-1.247792,-0.858263,-0.916696
2167,351078936,-0.220893,0.505030,0.055877,0.832483,-0.487519,-1.742097,0.778582
2168,351112270,-0.216282,0.506577,0.052120,0.832998,-0.386499,0.078384,-0.097977
2169,351145604,-0.214288,0.507754,0.051078,0.832861,0.779603,-0.165712,-0.439747
2170,351178938,-0.214277,0.509812,0.051302,0.831592,-0.724682,1.001355,-0.301228
2171,351212272,-0.212574,0.510507,0.051072,0.831617,0.340238,-2.001549,-0.059628
2172,351245606,-0.208143,0.510230,0.048693,0.833049,0.840219,-0.572802,-0.010837
2173,351278940,-0.203622,0.508820,0.043878,0.835293,-0.311437,0.841237,0.232210
2174,351312274,-0.199047,0.506480,0.038938,0.838058,0.997281,-0.030702,0.101109
2175,351345608,-0.193208,0.503931,0.033975,0.841172,0.465917,-0.326737,0.021945
2176,351378942,-0.186419,0.501373,0.029512,0.844395,1.157225,-0.892394,0.849987
2177,351412276,-0.177674,0.500727,0.024811,0.846811,-0.400384,-1.033930,-0.024624
2178,351445610,-0.168293,0.500076,0.020216,0.849231,-0.248142,-0.436522,-0.185725
2179,351478944,-0.158049,0.499405,0.015960,0.851681,1.538056,-1.160036,0.661870
2180,351512278,-0.145805,0.500671,0.009384,0.853218,-0.797521,1.284983,-0.450683
2181,351545612,-0.132501,0.501247,0.004947,0.855085,-0.005457,0.051978,1.065008
2182,351578946,-0.116463,0.503161,-0.000239,0.856309,-0.823598,-1.562485,-0.047823
2183,351612280,-0.099040,0.506577,-0.003362,0.856481,0.183076,-0.525939,0.274842
2184,351645614,-0.085142,0.512251,-0.003246,0.854599,-0.379301,0.585958,0.139980
2185,351678948,-0.077124,0.520467,0.004089,0.850382,0.297589,-1.403395,0.283940
2186,351712282,-0.072024,0.528980,0.011944,0.845489,-1.795402,-1.204220,-0.618542
2187,351745616,-0.065853,0.535695,0.016026,0.841688,-3.381346,-0.423079,-0.310413
2188,351778950,-0.055787,0.539024,0.013562,0.840331,-2.551139,1.040893,-0.424727
2189,351812284,-0.046009,0.540370,0.009872,0.840111,-0.404968,-0.639052,-0.241986
2190,351845618,-0.039769,0.542083,0.007504,0.839350,0.049679,-0.010231,1.009648
2191,351878952,-0.035797,0.544939,0.005996,0.837690,-0.058202,0.127339,0.080864
2192,351912286,-0.034061,0.548346,0.005860,0.835537,0.076021,-1.130274,-0.376729
2193,351945620,-0.033924,0.550457,0.005236,0.834157,0.499300,-0.114397,0.004130
2194,351978954,-0.032831,0.551415,0.002758,0.833580,-0.128005,-0.453927,0.069757
2195,352012288,-0.028065,0.551375,-0.003709,0.833777,1.045028,0.930596,-0.397696
2196,352045622,-0.024994,0.551151,-0.008982,0.833983,1.448062,-0.378060,-0.026317
2197,352078956,-0.023144,0.550333,-0.013845,0.834509,1.129402,0.327564,0.233126
2198,352112290,-0.023275,0.548870,-0.018572,0.835377,0.322350,0.585160,0.075004
2199,352145624,-0.022469,0.545961,-0.025704,0.837115,-0.481998,-1.766828,-1.243960
2200,352178958,-0.020134,0.542551,-0.033908,0.839097,0.319260,0.143861,0.088377
2201,352212292,-0.014495,0.536325,-0.045316,0.842670,-0.574339,-0.131264,-0.119504
2202,352245626,-0.008419,0.533335,-0.054607,0.844098,0.069577,0.802567,0.335708
2203,352278960,-0.004133,0.529463,-0.061012,0.846126,0.924060,-1.371522,1.043221
2204,352312294,0.000120,0.528557,-0.066294,0.846305,0.404856,0.418233,0.546548
2205,352345628,0.003950,0.530913,-0.067979,0.844687,0.412818,-0.275810,0.323613
2206,352378962,0.006630,0.534924,-0.067157,0.842201,-0.592288,0.269550,-0.393295
2207,352412296,0.007026,0.538420,-0.065539,0.840095,-0.407677,-0.302031,-0.493418
2208,352445630,0.007541,0.538400,-0.067107,0.839979,-0.886150,-0.846019,-0.301020
2209,352478964,0.009561,0.535403,-0.071654,0.841498,-0.797111,-0.469811,-0.012420
2210,352512298,0.012056,0.532454,-0.075625,0.842988,0.928289,0.231726,0.999977
2211,352545632,0.013776,0.530621,-0.077878,0.843911,-1.084435,-0.651667,-0.153819
2212,352578966,0.016771,0.530407,-0.078518,0.843932,0.155906,-0.629588,0.485911
2213,352612300,0.019667,0.529143,-0.080430,0.844483,0.351818,0.787112,0.233521
2214,352645634,0.020500,0.527974,-0.082759,0.844970,-1.686353,0.671655,-0.900773
2215,352678968,0.022768,0.525446,-0.085546,0.846210,-0.317551,-0.239885,-0.327134
2216,352712302,0.027293,0.520596,-0.089957,0.848612,0.808854,0.259960,0.656444
2217,352745636,0.032224,0.516102,-0.095359,0.850592,0.176169,-0.566626,-0.476162
2218,352778970,0.036827,0.511866,-0.098951,0.852553,1.183428,-0.280520,0.784741
2219,352812304,0.042507,0.508206,-0.102096,0.854106,0.523585,0.011570,0.248862
2220,352845638,0.047196,0.506830,-0.104513,0.854385,0.608402,1.416867,-0.077013
2221,352878972,0.053486,0.504395,-0.107122,0.855132,0.084683,0.263545,-0.106790
2222,352912306,0.062314,0.501610,-0.110741,0.855711,-0.819297,-0.486398,-0.147488
2223,352945640,0.072600,0.498299,-0.114964,0.856277,0.051652,0.435161,0.762994
2224,352978974,0.083226,0.495925,-0.120115,0.855981,-0.067488,-0.961485,0.147361
2225,353012308,0.093299,0.495605,-0.125128,0.854408,-0.315795,-0.995796,0.126685
2226,353045642,0.103352,0.498127,-0.130820,0.850925,-0.665117,0.420630,0.026036
2227,353078976,0.112914,0.503217,-0.132586,0.846431,-0.152270,-0.264184,0.063800
2228,353112310,0.116271,0.511140,-0.129846,0.841639,1.216929,-0.308654,-0.011022
2229,353145644,0.116033,0.518948,-0.127807,0.837195,-1.938052,-0.324061,-0.397314
2230,353178978,0.119749,0.522379,-0.130118,0.834176,-1.992213,1.905792,-0.587684
2231,353212312,0.128465,0.519643,-0.136258,0.833607,-1.384638,0.377508,-0.520948
2232,353245646,0.136316,0.516262,-0.141646,0.833563,0.400922,0.051746,0.191905
2233,353278980,0.141214,0.513209,-0.144421,0.834157,0.335126,-2.777706,0.750278
2234,353312314,0.142981,0.513388,-0.147793,0.833155,0.240617,-0.113536,0.017530
2235,353345648,0.145522,0.512585,-0.151035,0.832627,0.294103,-0.485396,-0.022644
2236,353378982,0.150282,0.509511,-0.155412,0.832863,-0.582105,0.515138,0.025986
2237,353412316,0.157621,0.504951,-0.161961,0.833036,-0.252537,0.468555,-0.073367
2238,353445650,0.165143,0.499143,-0.169664,0.833546,-0.003780,-0.668702,-0.264729
2239,353478984,0.170149,0.492774,-0.177328,0.834733,0.860719,-0.171034,-0.125263
2240,353512318,0.171965,0.488092,-0.183009,0.835884,-0.562226,-0.225256,0.299840
2241,353545652,0.173548,0.482953,-0.188646,0.837288,-0.358520,-1.031925,-0.637261
2242,353578986,0.175288,0.478046,-0.193535,0.838624,-0.762418,-1.005991,-0.050330
2243,353612320,0.177463,0.473152,-0.199604,0.839519,-0.077782,0.061975,-0.192313
2244,353645654,0.178947,0.467249,-0.206110,0.840937,0.472257,0.089254,0.339030
2245,353678988,0.180485,0.460852,-0.213147,0.842383,-0.540714,0.392633,0.528875
2246,353712322,0.183706,0.454467,-0.221193,0.843081,0.344584,0.387160,0.859907
2247,353745656,0.188431,0.452008,-0.229330,0.841184,-0.735274,-0.152490,0.943501
2248,353778990,0.193871,0.453902,-0.235998,0.837074,-0.385947,-0.837646,0.566473
2249,353812324,0.195061,0.460825,-0.239524,0.831998,-0.384996,0.607172,-0.385606
2250,353845658,0.193906,0.467999,-0.239671,0.828212,-0.987593,-0.820978,-0.595976
2251,353878992,0.193352,0.474256,-0.241676,0.824190,-1.558680,0.894536,-0.563017
2252,353912326,0.195277,0.476853,-0.244875,0.821289,-0.827194,1.036820,0.309734
2253,353945660,0.199898,0.478301,-0.249079,0.818063,-0.305531,1.952642,-0.167931
2254,353978994,0.204177,0.478251,-0.251910,0.816167,0.183164,0.160659,0.150012
2255,354012328,0.208246,0.478287,-0.254383,0.814350,-0.872342,-0.868083,0.002921
2256,354045662,0.211302,0.478409,-0.257320,0.812565,0.313899,-0.176931,0.343984
2257,354078996,0.215418,0.477827,-0.260524,0.810804,0.419630,0.047365,-0.047681
2258,354112330,0.220436,0.477300,-0.263108,0.808930,-0.797814,-0.231873,-0.555972
2259,354145664,0.227615,0.475389,-0.266650,0.806905,-0.178941,-0.226483,-0.082682
2260,354178998,0.237364,0.471877,-0.270081,0.805014,-0.404126,-1.194356,0.293047
2261,354212332,0.247408,0.468945,-0.274395,0.802239,0.701017,0.072150,0.179716
2262,354245666,0.259122,0.465323,-0.276815,0.799815,-0.067378,-1.017399,0.195916
2263,354279000,0.271804,0.462640,-0.280327,0.795930,0.376139,-0.695031,0.203145
2264,354312334,0.286987,0.459533,-0.282385,0.791661,-0.273926,-0.805672,-0.097479
2265,354345668,0.302227,0.457418,-0.283132,0.786934,-0.118016,0.123878,0.566051
2266,354379002,0.321863,0.454616,-0.281271,0.781419,-0.656547,2.235113,0.434698
2267,354412336,0.344247,0.454500,-0.268296,0.776492,-0.205722,4.432912,0.048062
2268,354445670,0.370222,0.452468,-0.247254,0.772705,0.806015,0.775058,0.293465
2269,354479004,0.391317,0.454688,-0.228373,0.766796,0.662387,-2.124118,0.788563
2270,354512338,0.412284,0.456466,-0.221687,0.756648,-3.203327,-1.409627,0.355722
2271,354545672,0.438268,0.452517,-0.229426,0.741966,-3.414229,-0.510737,-0.561203
2272,354579006,0.460575,0.447191,-0.239286,0.728446,-2.058873,1.266504,-1.590992
2273,354612340,0.471937,0.443847,-0.242571,0.722104,-0.431551,-0.839738,-0.781850
2274,354645674,0.475990,0.443347,-0.244433,0.719118,0.607295,-0.236811,0.679499
2275,354679008,0.478013,0.442462,-0.246521,0.717606,-1.433024,0.061705,-0.470297
2276,354712342,0.478670,0.441821,-0.247929,0.717078,-0.587508,0.029349,-0.523786
2277,354745676,0.479857,0.438746,-0.249224,0.717723,1.249553,-0.402420,0.346843
2278,354779010,0.482419,0.435471,-0.250121,0.717688,0.814427,-1.634957,0.166757
2279,354812344,0.485943,0.431900,-0.250554,0.717318,1.297511,-2.114635,1.139080
2280,354845678,0.488427,0.429355,-0.251751,0.716739,-0.150613,-0.850775,0.396536
2281,354879012,0.492664,0.424818,-0.254811,0.715460,-0.142634,-0.441552,0.045644
2282,354912346,0.496757,0.419445,-0.258971,0.714306,0.159818,-0.383135,0.139150
2283,354945680,0.498847,0.415168,-0.263011,0.713871,-0.258086,-0.648409,0.060633
2284,354979014,0.498739,0.411558,-0.265367,0.715164,0.028401,0.171352,0.487144
2285,355012348,0.497306,0.407692,-0.266836,0.717825,0.150453,0.538917,0.187688
2286,355045682,0.496666,0.403688,-0.268769,0.719807,-0.344029,-0.044649,0.475184
2287,355079016,0.496725,0.400728,-0.270898,0.720622,-0.145166,0.198717,0.093923
2288,355112350,0.497611,0.398381,-0.273633,0.720279,-0.658774,0.058449,0.405680
2289,355145684,0.498238,0.397952,-0.276112,0.719135,0.084253,-1.272102,0.240294
2290,355179018,0.497002,0.400396,-0.278006,0.717903,1.052702,0.030890,0.865281
2291,355212352,0.494115,0.404492,-0.279264,0.717111,-0.291030,1.195877,-0.305322
2292,355245686,0.492973,0.404856,-0.280583,0.717177,-0.624017,1.133968,-0.790657
2293,355279020,0.494896,0.403105,-0.283335,0.715756,-0.272862,2.463003,0.250233
2294,355312354,0.500266,0.397545,-0.285930,0.714099,-0.747446,0.082219,-0.637487
2295,355345688,0.503469,0.395964,-0.287420,0.712125,-0.327141,-0.315314,0.411247
2296,355379022,0.503895,0.395881,-0.287684,0.711763,0.560448,-0.136256,0.598882
2297,355412356,0.503292,0.396333,-0.289624,0.711151,-0.704448,0.620183,0.088075
2298,355445690,0.502249,0.396693,-0.289576,0.711707,-0.415336,0.377717,-0.266394
2299,355479024,0.504086,0.394485,-0.289833,0.711531,0.906525,0.825136,-0.249542
2300,355512358,0.507409,0.391470,-0.290682,0.710487,0.222498,0.397573,0.191264
2301,355545692,0.511755,0.387331,-0.291392,0.709346,-0.017679,0.156354,0.126505
2302,355579026,0.515254,0.384823,-0.291390,0.708179,-0.061836,-0.804036,0.649066
2303,355612360,0.518812,0.382881,-0.292276,0.706266,0.097413,-0.292550,0.139233
2304,355645694,0.522771,0.381785,-0.291757,0.704151,0.007709,-1.485044,-0.076229
2305,355679028,0.528105,0.381007,-0.292350,0.700336,0.361129,-0.398112,0.348515
2306,355712362,0.533583,0.380404,-0.292524,0.696428,-0.782862,0.147608,-0.070898
2307,355745696,0.539662,0.380614,-0.293657,0.691133,-0.813069,0.661297,-0.858313
2308,355779030,0.545567,0.379467,-0.293357,0.687243,-0.621075,-0.759919,-0.265629
2309,355812364,0.551743,0.379562,-0.295768,0.681200,-0.290489,0.845264,0.115553
2310,355845698,0.559715,0.379550,-0.300464,0.672593,-1.009962,-0.096028,-1.159512
2311,355879032,0.563425,0.384644,-0.303474,0.665211,-0.469034,-1.300935,0.732375
2312,355912366,0.561352,0.395023,-0.306472,0.659481,-1.540382,0.413290,0.014417
2313,355945700,0.560161,0.403194,-0.309190,0.654260,-1.594133,1.333484,-0.885139
2314,355979034,0.560292,0.408749,-0.311405,0.649634,0.515076,2.641325,-0.592503
2315,356012368,0.565632,0.406515,-0.313863,0.645210,0.221495,1.651004,-0.805381
2316,356045702,0.571583,0.402002,-0.316184,0.641651,0.107040,0.220355,0.497752
2317,356079036,0.575562,0.397788,-0.318618,0.639512,-0.824067,-1.089552,0.562752
2318,356112370,0.575321,0.396918,-0.320687,0.639235,-1.502117,-0.316496,0.293563
2319,356145704,0.572926,0.398271,-0.321669,0.640051,-0.362435,-0.016311,-0.469747
2320,356179038,0.571278,0.397902,-0.321611,0.641780,-0.239747,-0.154863,-0.095531
2321,356212372,0.571872,0.394336,-0.322535,0.642988,-0.170649,-0.287818,-0.255154
2322,356245706,0.574703,0.387321,-0.324370,0.643804,0.512367,-0.847146,0.421501
2323,356279040,0.577383,0.380461,-0.325108,0.645122,-0.650350,-0.483300,-0.319977
2324,356312374,0.579182,0.374230,-0.324797,0.647308,-0.996328,-0.757372,-0.102492
2325,356345708,0.580844,0.367222,-0.323278,0.650584,-0.646617,-0.279365,1.284424
2326,356379042,0.581026,0.361857,-0.321505,0.654295,0.149859,-0.011498,0.290704
2327,356412376,0.580487,0.356858,-0.319921,0.658284,0.651920,0.186572,0.690094
2328,356445710,0.580520,0.350609,-0.320532,0.661309,-1.084221,1.884391,-0.901067
2329,356479044,0.579939,0.345720,-0.321757,0.663793,-0.934446,1.490780,0.543215
2330,356512378,0.577530,0.345716,-0.322791,0.665392,-1.326170,1.193221,-0.015835
2331,356545712,0.572442,0.351414,-0.319897,0.668195,-1.032224,-1.140636,1.088206
2332,356579046,0.564220,0.360380,-0.316486,0.672026,1.036982,1.622807,-0.164656
2333,356612380,0.558213,0.366713,-0.315323,0.674160,-0.534496,3.413468,-1.875711
2334,356645714,0.557047,0.366525,-0.313522,0.676064,-0.314375,1.869750,-0.578086
2335,356679048,0.558637,0.362727,-0.312947,0.677067,0.281180,0.351214,0.155485
2336,356712382,0.558502,0.360146,-0.311419,0.679257,1.087409,-0.766228,0.836600
2337,356745716,0.556139,0.360091,-0.310682,0.681557,0.071346,-0.887467,0.278885
2338,356779050,0.552122,0.361597,-0.309619,0.684504,0.670521,0.410716,-0.009536
2339,356812384,0.549365,0.363697,-0.307174,0.686707,0.631514,-0.236262,1.015772
2340,356845718,0.548129,0.364071,-0.305416,0.688279,0.894990,-0.451950,0.003929
2341,356879052,0.548105,0.364137,-0.303951,0.688911,-0.243829,-0.623071,0.293290
2342,356912386,0.549455,0.362270,-0.302621,0.689406,0.572800,-0.547777,0.203065
2343,356945720,0.549909,0.361640,-0.299496,0.690738,0.210358,-0.865923,0.798656
2344,356979054,0.551403,0.361212,-0.296722,0.690968,1.331486,0.528578,1.212905
2345,357012388,0.553744,0.361309,-0.293738,0.690320,-0.083486,-0.355107,-0.193588
2346,357045722,0.555244,0.362229,-0.290044,0.690195,0.021019,-0.604755,0.086477
2347,357079056,0.556655,0.363525,-0.287637,0.689383,0.966165,0.163647,0.757710
2348,357112390,0.556472,0.367213,-0.284696,0.688797,-1.631615,-0.380124,0.257246
2349,357145724,0.556457,0.371798,-0.281732,0.687568,-0.622115,0.320653,0.652082
2350,357179058,0.557556,0.375812,-0.281237,0.684692,0.005860,1.915889,-0.581791
2351,357212392,0.558166,0.379093,-0.282371,0.681914,0.398680,1.274784,-0.268918
2352,357245726,0.556537,0.385387,-0.282113,0.679820,-0.332234,-0.873093,0.940149
2353,357279060,0.552962,0.393516,-0.282437,0.677944,0.479790,0.782956,-0.052148
2354,357312394,0.551360,0.399801,-0.284646,0.674639,-0.907207,2.692785,-0.732381
2355,357345728,0.554131,0.398868,-0.288776,0.671158,-0.604514,2.548787,-1.490362
2356,357379062,0.557823,0.395012,-0.292579,0.668728,-0.337023,0.420443,0.251720
2357,357412396,0.560504,0.390450,-0.295933,0.667688,0.182678,-0.540328,0.658949
2358,357445730,0.561501,0.388543,-0.298419,0.666856,-0.578009,-0.771031,0.626845
2359,357479064,0.560553,0.389030,-0.299714,0.666790,0.010361,0.387899,-0.298769
2360,357512398,0.560582,0.388559,-0.299804,0.666999,0.302492,0.089944,-0.223710
2361,357545732,0.561192,0.386522,-0.300626,0.667300,0.767823,-0.440504,0.076581
2362,357579066,0.563590,0.382979,-0.302052,0.666677,-1.213108,-0.441227,-0.194310
2363,357612400,0.565073,0.380744,-0.302984,0.666279,-0.125045,0.179068,0.194390
2364,357645734,0.566632,0.376525,-0.303398,0.667163,0.120233,-0.960698,0.322452
2365,357679068,0.565863,0.375207,-0.303074,0.668704,0.927700,0.015673,0.042078
2366,357712402,0.565419,0.372984,-0.302019,0.670797,-0.845021,-0.413152,0.049463
2367,357745736,0.564423,0.370854,-0.301102,0.673225,0.700117,-0.254147,0.873160
2368,357779070,0.564973,0.366036,-0.300997,0.675444,-0.944623,-0.743579,0.502743
2369,357812404,0.565104,0.361247,-0.301662,0.677612,-1.184646,0.797093,-0.511156
2370,357845738,0.565240,0.356011,-0.303431,0.679478,0.201226,1.577269,0.371243
2371,357879072,0.565668,0.352066,-0.306926,0.679607,0.423641,1.418950,0.218299
2372,357912406,0.562339,0.354322,-0.307361,0.681000,-0.490787,0.505089,-0.463774
2373,357945740,0.556542,0.363418,-0.304867,0.682088,1.128997,0.276212,1.167638
2374,357979074,0.550119,0.372417,-0.301444,0.683964,0.447286,1.731822,-1.322311
2375,358012408,0.546359,0.376965,-0.299369,0.685395,-1.716639,1.758194,-0.617443
2376,358045742,0.546407,0.376076,-0.300004,0.685569,-0.621735,0.930132,-0.179987
2377,358079076,0.546326,0.376433,-0.299806,0.685524,0.231388,0.164298,0.793843
2378,358112410,0.545314,0.379029,-0.298686,0.685388,0.189358,-0.273725,0.384450
2379,358145744,0.543096,0.383538,-0.297064,0.685346,0.268920,-0.234580,-0.282572
2380,358179078,0.540157,0.388519,-0.294211,0.686093,1.192251,-0.014046,0.765409
2381,358212412,0.537115,0.393272,-0.291002,0.687140,0.521830,0.719561,-0.203017
2382,358245746,0.535896,0.395794,-0.287489,0.688123,-0.401772,-0.416525,-0.399809
2383,358279080,0.535338,0.396979,-0.284473,0.689127,0.019325,-0.336557,-0.602054
2384,358312414,0.536300,0.396783,-0.281548,0.689693,-0.672251,-1.770440,0.858519
2385,358345748,0.536471,0.398858,-0.278841,0.689463,-0.470898,-0.439478,-0.393550
2386,358379082,0.536914,0.402124,-0.275193,0.688687,0.272542,-0.317822,-0.440041
2387,358412416,0.537929,0.405280,-0.270186,0.688027,0.482551,-1.017684,0.664072
2388,358445750,0.537698,0.410147,-0.263672,0.687850,0.783277,0.562432,-1.095282
2389,358479084,0.541910,0.410019,-0.256245,0.687428,-1.663821,-3.085514,1.980462
2390,358512418,0.540199,0.416526,-0.249603,0.687306,-0.107735,1.273649,-0.449403
2391,358545752,0.537531,0.422470,-0.242043,0.688473,0.182405,1.806636,-1.058038
2392,358579086,0.533628,0.431249,-0.236290,0.688064,-0.874438,0.175504,0.156903
2393,358612420,0.525861,0.444104,-0.228979,0.688339,1.171919,-0.998127,0.134739
2394,358645754,0.514839,0.459573,-0.219848,0.689493,1.554056,1.244404,-0.343158
2395,358679088,0.505224,0.473900,-0.209801,0.690037,-0.707902,3.208119,-1.607836
2396,358712422,0.502800,0.477630,-0.204140,0.690934,-0.518018,2.573269,-0.228044
2397,358745756,0.504765,0.473739,-0.204233,0.692151,0.061300,0.490921,0.587344
2398,358779090,0.506802,0.468635,-0.205429,0.693781,1.827793,-0.499650,1.303682
2399,358812424,0.505012,0.469545,-0.202667,0.695282,-0.207056,-0.258055,0.459734
2400,358845758,0.501503,0.472135,-0.198400,0.697295,0.338084,-0.372561,0.497310
2401,358879092,0.497743,0.474005,-0.194349,0.699857,-0.525222,-0.710052,0.264756
2402,358912426,0.496416,0.471939,-0.192135,0.702801,-0.700588,-1.383484,0.376904
2403,358945760,0.496870,0.467597,-0.191431,0.705569,1.461609,-0.263087,-0.626246
2404,358979094,0.497068,0.463324,-0.189649,0.708722,2.100780,-0.798327,0.456079
2405,359012428,0.496923,0.458309,-0.187023,0.712771,1.194410,-0.267908,0.187731
2406,359045762,0.496132,0.454032,-0.184789,0.716632,0.007542,-0.457610,0.096673
2407,359079096,0.494336,0.450097,-0.182613,0.720901,1.369680,-0.212037,0.723900
2408,359112430,0.489816,0.447824,-0.179473,0.726170,1.314689,0.077202,0.287823
2409,359145764,0.483362,0.447852,-0.173894,0.731813,0.570182,-0.090171,0.439428
2410,359179098,0.475626,0.449529,-0.166832,0.737476,0.453176,0.563476,-0.022746
2411,359212432,0.467355,0.450704,-0.159597,0.743622,-0.188500,0.699089,-0.296712
2412,359245766,0.460549,0.448145,-0.156521,0.750041,-2.352693,0.260844,0.706214
2413,359279100,0.455788,0.441206,-0.158140,0.756694,-1.346743,0.781173,-0.257058
2414,359312434,0.450373,0.435495,-0.161532,0.762506,0.048549,1.245144,1.087532
2415,359345768,0.446278,0.430894,-0.164517,0.766877,-0.117764,0.607691,1.054852
2416,359379102,0.439646,0.430495,-0.164941,0.770831,1.221303,0.275808,0.959877
2417,359412436,0.431330,0.431425,-0.163978,0.775202,-1.057480,0.542360,-0.149405
2418,359445770,0.425140,0.430187,-0.165476,0.778982,-0.574929,1.386143,0.121699
2419,359479104,0.421064,0.426919,-0.167651,0.782520,0.017231,2.062296,-0.757483
2420,359512438,0.419784,0.422028,-0.171630,0.784995,-1.006199,0.238160,0.106598
2421,359545772,0.419114,0.416916,-0.178576,0.786534,1.013968,0.090493,0.919196
2422,359579106,0.414601,0.417135,-0.179621,0.788569,-0.566675,-0.733614,0.211418
2423,359612440,0.409380,0.418746,-0.179059,0.790568,0.100611,0.789854,0.007924
2424,359645774,0.406570,0.418648,-0.180179,0.791815,-0.060711,0.546601,-0.519498
2425,359679108,0.404440,0.417670,-0.181103,0.793210,0.012582,-0.149598,-0.151360
2426,359712442,0.402837,0.416494,-0.180979,0.794671,0.184704,-0.488896,0.057229
2427,359745776,0.400279,0.416931,-0.179785,0.796004,1.091333,0.067042,0.498877
2428,359779110,0.397651,0.417839,-0.177533,0.797350,-0.114826,0.399597,-0.740854
2429,359812444,0.396486,0.418530,-0.175814,0.797948,-0.679936,-0.232993,0.043950
2430,359845778,0.394905,0.420613,-0.173131,0.798223,0.430674,-0.215155,-0.063237
2431,359879112,0.393258,0.422323,-0.170129,0.798779,0.154814,-0.501685,0.066431
2432,359912446,0.390143,0.426206,-0.166257,0.799060,0.439067,0.319687,0.507061
2433,359945780,0.386978,0.430801,-0.161004,0.799210,-1.124110,-0.742793,0.093099
2434,359979114,0.383660,0.437155,-0.155226,0.798502,0.514362,1.381459,-0.058510
2435,360012448,0.382753,0.441161,-0.153497,0.797067,0.618192,0.581723,0.961917
2436,360045782,0.382079,0.445851,-0.155416,0.794404,-0.425999,0.440585,0.702414
2437,360079116,0.378313,0.453129,-0.155711,0.792028,-0.291190,-1.094845,1.260752
2438,360112450,0.374056,0.461230,-0.154946,0.789519,-1.386802,0.965240,-1.181385
2439,360145784,0.372699,0.464306,-0.158775,0.787595,-0.657487,2.192597,-1.063772
2440,360179118,0.373207,0.464103,-0.164927,0.786209,-0.628854,1.587296,-0.533711
2441,360212452,0.374808,0.463040,-0.170510,0.784882,0.263827,-0.309936,0.578625
2442,360245786,0.374656,0.465022,-0.173232,0.783185,0.464984,-0.811928,0.902712
2443,360279120,0.373163,0.468733,-0.174132,0.781484,0.286153,-0.644939,0.156360
2444,360312454,0.369837,0.471945,-0.174429,0.781065,0.496905,0.377995,-0.452778
2445,360345788,0.368995,0.473209,-0.175169,0.780533,-0.780584,0.040248,-1.065107
2446,360379122,0.368942,0.473023,-0.177003,0.780257,0.222213,-0.368459,-0.245624
2447,360412456,0.370888,0.470273,-0.180703,0.780149,0.720325,-0.629958,0.105670
2448,360445790,0.373406,0.466217,-0.185427,0.780274,-0.192821,-1.431522,0.227099
2449,360479124,0.375667,0.462409,-0.190416,0.780253,0.240278,-0.310663,-0.237762
2450,360512458,0.377592,0.458225,-0.194091,0.780886,-0.470468,-0.348367,0.610761
2451,360545792,0.380743,0.452901,-0.198602,0.781328,0.697273,0.771631,0.081581
2452,360579126,0.383610,0.448716,-0.201563,0.781582,0.009987,0.049255,0.133401
2453,360612460,0.386262,0.443230,-0.205311,0.782430,0.330099,-0.930770,0.818933
2454,360645794,0.387425,0.437416,-0.209973,0.783888,-1.104728,1.036866,0.062633
2455,360679128,0.389410,0.431844,-0.216117,0.784324,0.223247,1.943787,0.892208
2456,360712462,0.392534,0.426003,-0.223157,0.783990,-0.454561,-0.251101,1.230936
2457,360745796,0.394461,0.426129,-0.228882,0.781299,0.442220,1.152730,0.981097
2458,360779130,0.392421,0.430000,-0.230067,0.779856,0.947095,0.315567,0.037651
2459,360812464,0.388536,0.435857,-0.229361,0.778757,-0.499480,0.930889,-1.081686
2460,360845798,0.386074,0.438931,-0.229963,0.778077,-1.003174,0.991563,-1.010616
2461,360879132,0.387865,0.437423,-0.233480,0.776987,-1.171272,-0.100080,0.465983
2462,360912466,0.390499,0.434492,-0.237487,0.776097,0.814399,-0.185847,0.107677
2463,360945800,0.395329,0.431994,-0.239671,0.774373,0.138768,-1.672626,1.220546
2464,360979134,0.397238,0.433101,-0.241602,0.772175,0.901229,0.559619,-0.132966
2465,361012468,0.398960,0.434899,-0.241598,0.770276,-0.550494,-1.338565,0.691960
2466,361045802,0.400248,0.436107,-0.242202,0.768733,-0.399015,0.470735,-0.948476
2467,361079136,0.404301,0.434076,-0.243727,0.767279,0.036923,-0.668376,-0.576586
2468,361112470,0.408146,0.433374,-0.244986,0.765236,0.274036,0.539935,0.114524
2469,361145804,0.413278,0.431413,-0.246577,0.763076,0.332886,-0.460797,0.401006
2470,361179138,0.418858,0.429301,-0.248660,0.760544,0.824467,-0.662078,0.603971
2471,361212472,0.425858,0.427062,-0.250807,0.757204,0.042590,-0.906490,1.324316
2472,361245806,0.431131,0.427206,-0.252014,0.753730,-0.637839,0.296203,-0.215453
2473,361279140,0.437155,0.427204,-0.252707,0.750021,0.358740,0.728285,-0.661242
2474,361312474,0.445189,0.428526,-0.252788,0.744493,-2.053439,-0.418263,0.411119
2475,361345808,0.452732,0.429759,-0.254055,0.738781,1.472029,1.268579,0.653179
2476,361379142,0.461076,0.432225,-0.255992,0.731477,-0.949813,1.273227,-0.379487
2477,361412476,0.468836,0.436574,-0.257458,0.723403,0.080050,0.780942,0.163162
2478,361445810,0.469085,0.448578,-0.253564,0.717247,-0.328766,-1.676561,1.264538
2479,361479144,0.465433,0.461149,-0.250785,0.712616,-1.504710,0.896182,-0.848648
2480,361512478,0.462588,0.470454,-0.250984,0.708303,-1.356809,4.129716,-2.068109
2481,361545812,0.466978,0.469833,-0.255056,0.704369,0.983273,2.643398,-0.462837
2482,361579146,0.475560,0.464528,-0.261336,0.699829,0.381704,-0.470599,0.199739
2483,361612480,0.481652,0.461926,-0.266496,0.695425,-0.578109,-1.179471,-0.127670
2484,361645814,0.484532,0.460304,-0.270507,0.692946,0.003511,-0.735448,-0.143468
2485,361679148,0.486168,0.458354,-0.274164,0.691654,-0.492038,-0.024427,-0.992917
2486,361712482,0.489582,0.453282,-0.278248,0.690958,-0.401024,0.027763,-0.806848
2487,361745816,0.493174,0.447021,-0.282383,0.690805,0.243637,-0.006144,0.180969
2488,361779150,0.499642,0.437332,-0.287622,0.690198,-1.734386,-1.317069,-0.636308
2489,361812484,0.504219,0.429415,-0.292181,0.689925,0.246703,-0.803256,0.595567
2490,361845818,0.507397,0.421906,-0.296338,0.690455,1.008931,-0.235756,0.169599
2491,361879152,0.509155,0.416038,-0.298759,0.691677,-0.227358,0.319860,-0.328642
2492,361912486,0.511649,0.409762,-0.301152,0.692545,0.985708,0.049269,-0.393547
2493,361945820,0.513042,0.405021,-0.302525,0.693703,-0.058969,-0.310396,0.025768
2494,361979154,0.512891,0.400629,-0.304044,0.695699,0.329584,0.422146,-0.260663
2495,362012488,0.512426,0.395943,-0.306271,0.697744,-0.594168,1.711945,0.111870
2496,362045822,0.512934,0.389164,-0.309892,0.699584,-0.750057,0.786323,-0.056527
2497,362079156,0.512197,0.386469,-0.312665,0.700383,-0.468561,0.057277,1.160600
2498,362112490,0.508646,0.389987,-0.313429,0.700680,0.730264,0.526044,0.895894
2499,362145824,0.504812,0.393594,-0.313704,0.701312,-1.133821,1.066227,-0.647823
2500,362179158,0.501443,0.395461,-0.316177,0.701568,-1.448203,1.625838,-0.681918
2501,362212492,0.500317,0.394080,-0.318687,0.702014,-0.642887,0.911583,-0.063651
2502,362245826,0.498949,0.392565,-0.318854,0.703757,0.006663,0.397466,0.367112
2503,362279160,0.498700,0.391008,-0.318726,0.704858,0.587337,-0.973003,0.152314
2504,362312494,0.499123,0.390736,-0.319634,0.704298,-1.686561,-1.647438,-0.189744
2505,362345828,0.497749,0.390863,-0.319883,0.705086,0.613123,-1.585891,0.265230
2506,362379162,0.497794,0.392105,-0.319633,0.704479,-0.200438,-0.225295,0.593918
2507,362412496,0.499318,0.390531,-0.318941,0.704588,0.214287,-0.151157,0.225259
2508,362445830,0.501261,0.389534,-0.318646,0.703893,-0.610736,-0.682584,-0.819011
2509,362479164,0.505829,0.385576,-0.317351,0.703390,-0.384261,-2.979413,0.781414
2510,362512498,0.510061,0.383456,-0.317776,0.701297,-0.179995,0.407807,-0.184698
2511,362545832,0.514236,0.381247,-0.316276,0.700130,-0.607234,-0.861242,-0.348486
2512,362579166,0.518375,0.380079,-0.314138,0.698673,0.019625,-0.335722,0.232743
2513,362612500,0.522629,0.378762,-0.312701,0.696862,0.362740,0.477455,0.444321
2514,362645834,0.527231,0.378307,-0.312563,0.693697,-0.702047,0.674984,-0.297497
2515,362679168,0.531331,0.378390,-0.311312,0.691082,-0.705440,0.479366,-0.073534
2516,362712502,0.536844,0.377835,-0.312714,0.686476,-0.771897,1.346328,-0.016336
2517,362745836,0.540390,0.380334,-0.312816,0.682255,0.427366,-0.296195,1.259003
2518,362779170,0.539323,0.387082,-0.313083,0.679174,-1.010262,-0.471000,0.009290
2519,362812504,0.537466,0.392654,-0.315618,0.676269,-1.169016,1.116309,-0.164294
2520,362845838,0.538179,0.393210,-0.322567,0.672086,-0.786279,3.111738,-0.537636
2521,362879172,0.543534,0.387875,-0.328060,0.668208,-0.430580,2.140980,-1.603042
2522,362912506,0.547450,0.383504,-0.330696,0.666230,0.112371,0.204607,-0.343868
2523,362945840,0.550796,0.379299,-0.332970,0.664746,-0.251457,-0.909229,1.600625
2524,362979174,0.553589,0.375261,-0.337887,0.662232,-0.252711,0.449953,-0.650448
2525,363012508,0.554633,0.372727,-0.341077,0.661154,-0.249006,0.052230,0.518192
2526,363045842,0.556171,0.367930,-0.345007,0.660508,-0.762294,0.344399,-0.769197
2527,363079176,0.557735,0.363887,-0.347456,0.660146,-0.361783,0.443532,0.001451
2528,363112510,0.561265,0.358277,-0.349397,0.659197,-0.309913,-0.840724,0.110429
2529,363145844,0.563469,0.354159,-0.351303,0.658529,-0.664902,-1.021572,0.229847
2530,363179178,0.565289,0.349820,-0.353187,0.658281,-0.791451,-0.783363,-0.285812
2531,363212512,0.566488,0.347417,-0.353654,0.658272,-0.194466,-1.140302,0.123091
2532,363245846,0.568018,0.344548,-0.353121,0.658747,0.054582,-0.316546,-0.176371
2533,363279180,0.571424,0.339463,-0.353503,0.658237,1.198928,0.079084,0.755025
2534,363312514,0.575616,0.334100,-0.353804,0.657165,-0.598892,-1.424866,1.407569
2535,363345848,0.578783,0.329460,-0.354852,0.656160,-0.283639,-0.179095,0.193414
2536,363379182,0.579016,0.329342,-0.353287,0.656858,-2.037770,-0.278466,0.572691
2537,363412516,0.576586,0.332531,-0.352229,0.657956,0.064202,0.494594,0.006350
2538,363445850,0.572311,0.342358,-0.346943,0.659456,0.127229,0.000505,1.457646
2539,363479184,0.567550,0.354159,-0.340998,0.660439,1.269120,1.203735,0.981969
2540,363512518,0.563172,0.364830,-0.334484,0.661708,0.322573,1.268939,-0.579408
2541,363545852,0.559052,0.374946,-0.326228,0.663666,-1.982991,1.689555,0.012001
2542,363579186,0.556448,0.381682,-0.319689,0.665194,-0.279676,-0.049256,-0.193213
2543,363612520,0.555413,0.385332,-0.312297,0.667463,0.885247,-0.758399,0.060452
2544,363645854,0.557438,0.387296,-0.307858,0.666699,0.406812,0.227808,0.363892
2545,363679188,0.560650,0.387103,-0.304143,0.665823,-0.011628,-0.367106,0.181936
2546,363712522,0.564853,0.386180,-0.300688,0.664375,0.944591,0.945766,-0.531719
2547,363745856,0.568185,0.384939,-0.295920,0.664394,1.266047,0.319958,0.205879
2548,363779190,0.572879,0.383485,-0.291203,0.663288,0.028970,-0.807273,0.360304
2549,363812524,0.576147,0.384580,-0.287147,0.661589,1.036520,0.070521,-0.337574
2550,363845858,0.578632,0.386799,-0.282117,0.660289,1.119404,0.463221,-1.231741
2551,363879192,0.581242,0.390109,-0.276091,0.658595,0.160591,-0.124117,0.213892
2552,363912526,0.583882,0.393025,-0.270026,0.657039,1.427583,0.238480,0.790751
2553,363945860,0.586601,0.396082,-0.264351,0.655086,0.998341,0.694659,-0.376421
2554,363979194,0.589790,0.398802,-0.258671,0.652836,1.163081,0.136992,0.911242
2555,364012528,0.594230,0.401528,-0.254296,0.648846,-0.167585,0.717338,0.025016
2556,364045862,0.599014,0.402199,-0.252859,0.644578,0.920299,0.874370,-0.000620
2557,364079196,0.599964,0.406480,-0.251673,0.641466,0.406977,0.171749,0.216161
2558,364112530,0.596663,0.414401,-0.250493,0.639937,0.897888,-1.262601,0.939662
2559,364145864,0.590605,0.424181,-0.249159,0.639669,-0.996020,0.435998,-0.165792
2560,364179198,0.585544,0.431960,-0.247555,0.639738,-0.734965,2.613149,-1.033840
2561,364212532,0.586626,0.431178,-0.250922,0.637962,1.253772,2.192170,-1.205616
2562,364245866,0.590499,0.426456,-0.256110,0.635495,-1.163062,-0.798257,1.254828
2563,364279200,0.593180,0.422925,-0.259660,0.633915,0.168775,-0.874724,0.987177
2564,364312534,0.592088,0.425517,-0.260455,0.632876,1.430815,0.774917,-1.054314
2565,364345868,0.590144,0.427482,-0.259587,0.633723,-0.890530,-0.234930,0.291547
2566,364379202,0.588681,0.428659,-0.259479,0.634332,-0.061374,0.312038,-0.221420
2567,364412536,0.587591,0.428094,-0.259681,0.635640,-0.727648,0.424731,-0.727896
2568,364445870,0.586539,0.426261,-0.259918,0.637744,-0.084780,-0.436504,0.148735
2569,364479204,0.586018,0.424007,-0.260840,0.639346,-0.479839,-0.737515,0.166857
2570,364512538,0.583579,0.422717,-0.260789,0.642444,0.610578,-1.202435,0.144327
2571,364545872,0.581183,0.422201,-0.260010,0.645266,-0.678685,-0.742385,0.324988
2572,364579206,0.579418,0.421434,-0.258778,0.647845,-0.892651,0.098345,-0.966579
2573,364612540,0.576963,0.421789,-0.256432,0.650731,-0.234996,0.108769,-0.891172
2574,364645874,0.575482,0.417644,-0.255327,0.655135,0.347461,-1.071927,0.643748
2575,364679208,0.572454,0.415192,-0.254020,0.659839,0.868467,0.146965,-0.448306
2576,364712542,0.569737,0.411393,-0.254162,0.664497,0.224585,-0.009771,1.036540
2577,364745876,0.565790,0.408877,-0.253705,0.669579,-0.858953,-0.932922,0.951657
2578,364779210,0.559502,0.411849,-0.251292,0.673937,-0.492686,0.810012,-1.479641
2579,364812544,0.552138,0.418369,-0.247007,0.677568,-0.204019,-0.568297,-0.220026
2580,364845878,0.543277,0.427403,-0.239748,0.681688,0.385994,0.708129,-0.056160
2581,364879212,0.535104,0.434473,-0.232745,0.686095,-1.177329,1.334526,-0.299077
2582,364912546,0.531315,0.435399,-0.229288,0.689608,-2.084424,0.706590,-0.298924
2583,364945880,0.531787,0.432234,-0.228748,0.691412,-0.358213,-0.274837,-0.272193
2584,364979214,0.532922,0.430457,-0.228319,0.691789,0.773574,-1.264610,2.001653
2585,365012548,0.530317,0.433676,-0.224052,0.693174,-0.347507,-0.226528,-0.280133
2586,365045882,0.526386,0.437685,-0.218768,0.695335,0.536394,0.271722,-0.584083
2587,365079216,0.523016,0.440678,-0.214015,0.697463,0.517526,1.004074,-0.223860
2588,365112550,0.521894,0.440547,-0.210887,0.699337,0.476103,0.322934,-0.479576
2589,365145884,0.521990,0.439831,-0.208512,0.700428,1.386989,-0.575370,0.694667
2590,365179218,0.521383,0.439507,-0.205277,0.702037,-0.222728,-0.742040,1.081519
2591,365212552,0.520281,0.440533,-0.201064,0.703429,1.063668,-0.696809,0.365686
2592,365245886,0.517331,0.445370,-0.191666,0.705179,0.721054,-0.402060,0.506212
2593,365279220,0.515111,0.450631,-0.181733,0.706092,0.277263,0.307247,-0.643492
2594,365312554,0.514660,0.454183,-0.174362,0.706004,0.380771,0.735099,-0.021994
2595,365345888,0.515543,0.456101,-0.169481,0.705311,0.787376,1.328600,0.108313
2596,365379222,0.518431,0.456401,-0.167559,0.703457,-2.010107,-0.075820,0.552436
2597,365412556,0.518933,0.458204,-0.168197,0.701761,0.583851,0.066444,0.353344
2598,365445890,0.515694,0.463775,-0.167213,0.700723,-0.193892,-0.015649,0.430808
2599,365479224,0.507787,0.474412,-0.163824,0.700177,0.793023,-0.294586,0.341037
2600,365512558,0.498408,0.485066,-0.158227,0.700903,-1.243390,0.518328,-0.782747
2601,365545892,0.491426,0.491471,-0.155836,0.701906,-0.300329,1.991480,-0.627512
2602,365579226,0.487878,0.493275,-0.154627,0.703382,-0.799091,1.155297,-0.639399
2603,365612560,0.486715,0.490463,-0.155803,0.705890,0.981799,-0.907029,0.683521
2604,365645894,0.482392,0.489449,-0.155485,0.709621,0.538572,-0.852045,0.542856
2605,365679228,0.475443,0.491438,-0.151918,0.713698,1.369104,-1.299564,0.221745
2606,365712562,0.467242,0.495807,-0.144794,0.717562,1.010940,-0.850763,0.114202
2607,365745896,0.459668,0.499216,-0.137268,0.721558,1.000329,0.156056,-0.387938
2608,365779230,0.454663,0.498137,-0.132117,0.726421,-0.126201,-0.058882,-0.084052
2609,365812564,0.454019,0.491577,-0.131562,0.731375,0.100452,-0.430734,-0.481788
2610,365845898,0.453713,0.482761,-0.132646,0.737219,1.041510,-1.262031,0.633801
2611,365879232,0.450712,0.478132,-0.130173,0.742499,0.910453,-0.094333,-0.012862
2612,365912566,0.446099,0.473532,-0.126991,0.748757,0.518592,-1.522109,1.237927
2613,365945900,0.437267,0.473600,-0.119511,0.755128,0.438346,-1.110335,1.167251
2614,365979234,0.425593,0.474987,-0.110069,0.762327,-0.305846,-0.434357,-0.432560
2615,366012568,0.414208,0.474470,-0.102423,0.769948,-1.143554,0.487907,-0.049577
2616,366045902,0.404468,0.471349,-0.099882,0.777342,-1.523553,0.418143,0.449826
2617,366079236,0.395291,0.467994,-0.100230,0.784016,0.163191,2.050634,0.353381
2618,366112570,0.387408,0.466716,-0.100296,0.788691,0.758374,0.503530,1.778874
2619,366145904,0.377511,0.469798,-0.095965,0.792191,0.956629,2.197420,-0.087425
2620,366179238,0.367676,0.473198,-0.090659,0.795412,0.250378,2.342373,-0.840309
2621,366212572,0.359559,0.475074,-0.086453,0.798466,-2.342174,0.312740,-0.603289
2622,366245906,0.352692,0.472740,-0.086962,0.802847,-0.560301,1.504215,-0.141578
2623,366279240,0.345340,0.470190,-0.087392,0.807480,0.089118,-0.239293,1.072576
2624,366312574,0.338667,0.468112,-0.085674,0.811688,0.708777,-0.912096,0.879263
2625,366345908,0.331522,0.468365,-0.083215,0.814741,1.299715,-0.131531,0.517870
2626,366379242,0.322772,0.470496,-0.076972,0.817635,-0.065845,-0.493377,-0.738185
2627,366412576,0.315498,0.470928,-0.071457,0.820721,0.326425,0.207964,-0.232110
2628,366445910,0.309683,0.469966,-0.066678,0.823882,-0.165303,-0.479090,-0.259242
2629,366479244,0.305081,0.468181,-0.062681,0.826924,0.616120,-0.009854,-0.535596
2630,366512578,0.300602,0.465182,-0.060052,0.830445,1.694999,0.415360,-0.124069
2631,366545912,0.297152,0.463342,-0.055954,0.832997,1.080825,1.049341,-0.144432
2632,366579246,0.293572,0.462713,-0.050146,0.834984,0.143435,0.578936,0.370953
2633,366612580,0.291653,0.462186,-0.044026,0.836292,0.028978,0.023433,0.762438
2634,366645914,0.289042,0.462667,-0.037819,0.837236,-0.128998,0.206148,-0.759963
2635,366679248,0.285640,0.463239,-0.034832,0.838216,0.702172,0.632729,0.619333
2636,366712582,0.282459,0.464318,-0.035358,0.838675,-0.535659,0.410795,0.007715
2637,366745916,0.274284,0.470251,-0.032203,0.838210,-0.121171,-0.133464,0.710051
2638,366779250,0.261744,0.479617,-0.024030,0.837186,0.333825,-0.058197,0.149363
2639,366812584,0.250696,0.487935,-0.016142,0.835949,-0.747322,0.820876,-0.624762
2640,366845918,0.243714,0.492143,-0.012906,0.835603,-1.262672,2.118859,-0.365746
2641,366879252,0.240743,0.492122,-0.012273,0.836486,-1.559032,0.182521,-0.806418
2642,366912586,0.238227,0.490210,-0.013457,0.838309,0.799657,-0.081150,0.123052
2643,366945920,0.232024,0.492374,-0.010763,0.838819,0.893365,0.267610,0.953330
2644,366979254,0.225490,0.496656,-0.004671,0.838132,0.003697,-0.207211,0.034883
2645,367012588,0.218760,0.500221,0.001341,0.837808,-0.437473,0.531473,-0.929553
2646,367045922,0.213906,0.499151,0.002886,0.839693,0.210238,0.106430,-0.131468
2647,367079256,0.209752,0.497077,0.002989,0.841968,0.479752,-0.310143,0.672572
2648,367112590,0.206729,0.494690,0.002823,0.844119,1.193418,0.058808,0.377018
2649,367145924,0.201920,0.493587,0.004517,0.845919,1.071467,0.094042,0.569170
2650,367179258,0.195805,0.491826,0.007286,0.848360,0.726825,-0.662412,0.181186
2651,367212592,0.189182,0.490104,0.010923,0.850817,0.051483,-0.816890,0.171535
2652,367245926,0.183282,0.487102,0.013141,0.853796,0.168080,-0.005615,0.150435
2653,367279260,0.176580,0.483316,0.015142,0.857320,0.101446,0.375560,-0.092658
2654,367312594,0.170698,0.478296,0.015424,0.861311,0.341478,0.117770,-0.002939
2655,367345928,0.163365,0.474791,0.016038,0.864655,-0.460014,0.323931,-0.291132
2656,367379262,0.155193,0.471633,0.015322,0.867895,-0.344417,1.698341,-0.052643
2657,367412596,0.147448,0.470779,0.013955,0.869731,0.615282,1.064995,0.547061
2658,367445930,0.136642,0.474500,0.019213,0.869373,-0.571540,0.112187,0.121337
2659,367479264,0.125429,0.478496,0.028252,0.868626,0.171790,1.706525,0.132687
2660,367512598,0.116570,0.480239,0.035634,0.868627,-0.621526,2.137874,-0.174377
2661,367545932,0.110439,0.479778,0.039220,0.869528,-1.453656,0.560336,-0.693547
2662,367579266,0.105773,0.477455,0.039638,0.871366,-0.736649,-0.709123,-0.176024
2663,367612600,0.099762,0.476737,0.041222,0.872393,-0.516469,-0.333941,0.070101
2664,367645934,0.092618,0.476973,0.044072,0.872913,0.431109,1.374675,-0.208490
2665,367679268,0.086431,0.477436,0.047211,0.873130,0.396877,0.135842,0.611475
2666,367712602,0.081395,0.477274,0.048743,0.873618,0.189330,0.330344,-0.130676
2667,367745936,0.075984,0.478022,0.052175,0.873498,-0.277506,-0.286124,-0.819600
2668,367779270,0.071547,0.477207,0.054433,0.874181,0.565189,0.626508,0.738482
2669,367812604,0.066982,0.475616,0.055683,0.875330,0.762748,0.131026,-0.047550
2670,367845938,0.063889,0.473995,0.057134,0.876346,0.526866,-0.326140,-0.001507
2671,367879272,0.061276,0.472258,0.059315,0.877325,0.396434,0.228225,0.499195
2672,367912606,0.059591,0.470572,0.061360,0.878206,-0.062999,0.436977,0.032485
2673,367945940,0.057989,0.469591,0.065708,0.878524,-0.252171,0.222422,-0.428317
2674,367979274,0.057413,0.467905,0.069763,0.879148,0.219948,-0.105573,0.180930
2675,368012608,0.055979,0.466986,0.073696,0.879409,0.192179,-1.192835,-0.099751
2676,368045942,0.053902,0.468627,0.076374,0.878436,-0.929794,0.652523,-0.400382
2677,368079276,0.049423,0.472470,0.080521,0.876268,-0.575283,0.823629,0.138819
2678,368112610,0.043032,0.478524,0.086745,0.872719,0.493494,0.272171,0.995071
2679,368145944,0.035250,0.487047,0.095933,0.867375,-0.369627,-0.584449,-0.072980
2680,368179278,0.027894,0.494596,0.105518,0.862243,-1.025810,-0.655752,-1.084206
2681,368212612,0.021930,0.498639,0.110235,0.859492,-1.605359,-0.487043,-0.953987
2682,368245946,0.019723,0.498289,0.107740,0.860065,-0.980089,0.280427,0.253476
2683,368279280,0.019685,0.497139,0.104389,0.861144,0.075310,0.811331,0.581050
2684,368312614,0.019950,0.496326,0.102405,0.861845,1.338491,0.160997,1.461494
2685,368345948,0.017541,0.498007,0.105500,0.860553,0.477792,0.434747,0.639157
2686,368379282,0.013572,0.500112,0.111927,0.858590,-0.398558,-0.184326,-0.521136
2687,368412616,0.009916,0.500062,0.116000,0.858128,-0.401942,-0.442869,-0.360365
2688,368445950,0.008090,0.498069,0.116235,0.859274,0.299127,0.108127,-0.114245
2689,368479284,0.006449,0.495943,0.115656,0.860594,0.806680,0.273045,-0.162577
2690,368512618,0.004316,0.493540,0.116048,0.861935,0.679471,-1.992751,0.311011
2691,368545952,-0.000048,0.491184,0.117748,0.863061,0.853330,-0.212911,0.077149
2692,368579286,-0.004322,0.488651,0.119732,0.864214,0.775377,0.057710,0.018479
2693,368612620,-0.008351,0.485965,0.121715,0.865422,0.397827,0.872525,-0.041411
2694,368645954,-0.011819,0.482759,0.123984,0.866852,0.033366,-0.632774,0.026238
2695,368679288,-0.015966,0.479729,0.126106,0.868160,-0.515295,-0.026454,-0.834733
2696,368712622,-0.020959,0.475401,0.126288,0.870405,0.315339,0.450365,0.375144
2697,368745956,-0.025516,0.471674,0.125914,0.872363,0.080831,-0.198681,0.101773
2698,368779290,-0.031333,0.469017,0.124344,0.873831,-0.623171,0.968686,-0.213838
2699,368812624,-0.037241,0.467359,0.122932,0.874687,-0.664751,0.304471,0.796862
2700,368845958,-0.043510,0.467615,0.123727,0.874148,-0.140212,0.455693,0.504664
2701,368879292,-0.050029,0.469212,0.128500,0.872253,-0.109416,0.776517,0.740879
2702,368912626,-0.055133,0.469340,0.133150,0.871179,-0.663795,0.483019,-0.362278
2703,368945960,-0.058881,0.468239,0.135040,0.871235,-1.177987,-0.795070,-0.275442
2704,368979294,-0.061465,0.465806,0.132826,0.872699,-0.787005,-0.004365,-0.338806
2705,369012628,-0.064425,0.463788,0.131319,0.873788,-0.125602,-0.832406,0.470047
2706,369045962,-0.068052,0.462637,0.132123,0.874002,0.467064,0.656900,0.547250
2707,369079296,-0.072242,0.462096,0.135447,0.873443,0.494223,1.136899,0.451595
2708,369112630,-0.076960,0.461544,0.139916,0.872627,-0.132649,-0.433632,-0.551336
2709,369145964,-0.081084,0.460202,0.143352,0.872405,-0.374265,-0.383259,-0.856910
2710,369179298,-0.082738,0.458289,0.144634,0.873045,0.134186,-0.796983,0.102066
2711,369212632,-0.084148,0.456142,0.144955,0.873981,-0.035672,0.836733,0.382438
2712,369245966,-0.086139,0.453981,0.145589,0.874806,-0.059748,0.855503,-0.241699
2713,369279300,-0.086131,0.451618,0.144880,0.876147,0.425081,0.022628,0.530622
2714,369312634,-0.086040,0.449729,0.145102,0.877090,-0.076902,-0.571875,-0.046799
2715,369345968,-0.085739,0.447870,0.144959,0.878094,-0.430276,0.638610,0.042338
2716,369379302,-0.085260,0.446625,0.147201,0.878401,0.192632,-1.104854,0.011288
2717,369412636,-0.084455,0.446407,0.148601,0.878354,-0.070877,0.190208,-0.156314
2718,369445970,-0.084650,0.447263,0.150448,0.877585,-0.204399,0.498061,0.041869
2719,369479304,-0.085784,0.449167,0.153533,0.875967,-0.595780,1.132636,-0.214698
2720,369512638,-0.087975,0.452502,0.157339,0.873354,0.136262,0.615384,1.026680
2721,369545972,-0.094473,0.456909,0.167141,0.868547,0.844669,0.656195,1.428794
2722,369579306,-0.102549,0.459868,0.178217,0.863854,-1.203351,-1.208727,-0.518054
2723,369612640,-0.106867,0.461323,0.180233,0.862135,-3.226300,-0.371010,-1.425654
2724,369645974,-0.106079,0.460124,0.175315,0.863885,-1.175182,-0.921057,-0.256954
2725,369679308,-0.104922,0.459759,0.170336,0.865216,0.565585,1.105493,1.253738
2726,369712642,-0.106527,0.460102,0.170653,0.864775,1.048145,0.733916,0.834630
2727,369745976,-0.109448,0.461433,0.174662,0.862899,0.112314,0.030253,0.044472
2728,369779310,-0.113635,0.461682,0.179219,0.861289,0.005179,-0.289746,0.155072
2729,369812644,-0.117607,0.460712,0.183013,0.860476,-0.291242,-0.344822,-0.710903
2730,369845978,-0.119945,0.458743,0.184601,0.860866,0.556460,-0.760696,0.364810
2731,369879312,-0.124293,0.456175,0.187328,0.861025,0.216636,-0.477859,-0.029802
2732,369912646,-0.127893,0.453321,0.189273,0.861580,0.892189,-0.882663,0.025710
2733,369945980,-0.131815,0.450591,0.190185,0.862220,1.018668,0.600249,0.467956
2734,369979314,-0.137249,0.447855,0.193475,0.862065,0.504070,-1.421777,-0.007095
2735,370012648,-0.144107,0.444480,0.195765,0.862176,0.030986,0.690942,-0.000888
2736,370045982,-0.149907,0.441659,0.197920,0.862145,-0.195338,0.466095,0.317627
2737,370079316,-0.156660,0.437762,0.199505,0.862566,0.501084,1.062856,0.299540
2738,370112650,-0.163947,0.434422,0.201724,0.862384,-0.128314,-0.133050,0.507942
2739,370145984,-0.171372,0.431362,0.202164,0.862374,-0.478764,-0.393391,-0.038663
2740,370179318,-0.179085,0.429253,0.200890,0.862157,0.044856,-0.200079,0.275631
2741,370212652,-0.186785,0.428938,0.199970,0.860893,-1.870518,0.584288,-0.424112
2742,370245986,-0.195123,0.429187,0.200799,0.858723,-0.625856,0.654186,0.540050
2743,370279320,-0.202986,0.429158,0.203148,0.856359,-0.659522,1.167811,0.420907
2744,370312654,-0.211531,0.428537,0.207339,0.853593,-0.445887,-1.087987,-0.594267
2745,370345988,-0.220995,0.427027,0.210495,0.851177,-1.146594,-1.830815,-1.062134
2746,370379322,-0.228371,0.424491,0.208944,0.850880,-1.173900,-0.386275,0.745635
2747,370412656,-0.233279,0.422020,0.204827,0.851778,-0.815228,0.295593,-0.129258
2748,370445990,-0.237885,0.420279,0.202301,0.851969,-0.255256,0.455061,0.773038
2749,370479324,-0.243110,0.419252,0.202404,0.850975,-0.257797,0.654183,0.734531
2750,370512658,-0.249164,0.419077,0.206499,0.848322,0.023826,-0.293538,-0.022266
2751,370545992,-0.257649,0.417960,0.210899,0.845250,-0.668051,0.206793,-0.397207
2752,370579326,-0.265921,0.416277,0.212941,0.843004,-0.158151,-0.347752,0.024152
2753,370612660,-0.272898,0.414666,0.214471,0.841178,0.631643,-1.098154,-0.251372
2754,370645994,-0.279028,0.413434,0.215748,0.839446,0.332658,0.482885,0.560908
2755,370679328,-0.284831,0.411940,0.218158,0.837606,0.876331,-0.003860,0.161479
2756,370712662,-0.289870,0.410520,0.220923,0.835848,0.515407,0.228764,-0.315627
2757,370745996,-0.294606,0.409006,0.224423,0.834000,0.757744,0.485288,0.244064
2758,370779330,-0.299922,0.406844,0.228753,0.831984,0.296172,0.635976,0.585739
2759,370812664,-0.303325,0.405237,0.231705,0.830717,-0.738837,0.048718,-0.462571
2760,370845998,-0.306080,0.403631,0.234785,0.829622,-0.486718,0.731342,-0.133303
2761,370879332,-0.308831,0.401796,0.238755,0.828360,0.301818,1.001611,0.311196
2762,370912666,-0.313133,0.401833,0.244063,0.825174,-0.170939,1.133447,0.726909
2763,370946000,-0.319757,0.403530,0.252109,0.819366,-0.608461,0.757187,0.272103
2764,370979334,-0.329225,0.405889,0.265958,0.810019,0.029230,-0.689516,0.138712
2765,371012668,-0.341271,0.406814,0.283184,0.798651,0.109702,-0.187937,-0.305182
2766,371046002,-0.353409,0.405645,0.296560,0.789054,-1.594827,-1.185634,-1.046979
2767,371079336,-0.362951,0.403375,0.300384,0.784427,-2.247362,-0.381011,-0.279541
2768,371112670,-0.367643,0.401083,0.298928,0.783973,0.414654,-0.172810,0.197724
2769,371146004,-0.371981,0.399696,0.299336,0.782478,-0.378136,1.029523,0.758676
2770,371179338,-0.379640,0.397771,0.307127,0.776740,-0.703342,1.132985,0.623734
2771,371212672,-0.389246,0.395038,0.318286,0.768848,-0.050002,-1.941990,-0.267030
2772,371246006,-0.400005,0.391724,0.324136,0.762551,-0.290363,-0.675469,-0.454371
2773,371279340,-0.408795,0.389544,0.326009,0.758195,-0.014192,-0.907027,-0.083004
2774,371312674,-0.416548,0.386985,0.325865,0.755343,0.361784,0.180925,0.165371
2775,371346008,-0.424929,0.383808,0.325397,0.752492,0.511014,0.299690,0.198627
2776,371379342,-0.434373,0.380926,0.325460,0.748526,-0.482179,1.118230,0.238677
2777,371412676,-0.443523,0.377927,0.326951,0.744017,-0.959978,1.445819,0.214850
2778,371446010,-0.452113,0.374269,0.329595,0.739516,-0.346429,1.080557,0.970033
2779,371479344,-0.461074,0.370463,0.331389,0.735085,0.450869,-0.048137,0.481536
2780,371512678,-0.471447,0.366314,0.331838,0.730367,-0.017171,-0.549844,-0.481877
2781,371546012,-0.482875,0.361879,0.330051,0.725907,0.006443,0.056306,-0.000149
2782,371579346,-0.494705,0.357672,0.328033,0.720925,-0.161505,-0.058750,-0.061225
2783,371612680,-0.506279,0.354442,0.325653,0.715544,-0.570900,0.408445,0.662411
2784,371646014,-0.516194,0.353423,0.323759,0.709801,-0.903232,-0.577924,0.055306
2785,371679348,-0.525580,0.352859,0.324266,0.702928,-0.121188,-0.127263,0.309234
2786,371712682,-0.534568,0.350738,0.328048,0.695417,-1.192968,-0.286362,0.057002
2787,371746016,-0.541220,0.348397,0.330818,0.690116,-0.884326,-0.003360,0.483042
2788,371779350,-0.544620,0.347920,0.330124,0.688011,-0.707297,-0.189733,0.166659
2789,371812684,-0.547714,0.348292,0.327233,0.686747,-0.607033,0.078843,-0.020137
2790,371846018,-0.552549,0.347651,0.326499,0.683540,-0.038760,-0.183611,-0.220574
2791,371879352,-0.558931,0.345408,0.330191,0.677690,-0.136601,0.124632,0.170280
2792,371912686,-0.566455,0.341555,0.334310,0.671346,0.164570,0.564014,0.241776
2793,371946020,-0.573812,0.337186,0.338354,0.665253,0.129183,-0.168237,-0.316099
2794,371979354,-0.581175,0.332561,0.340007,0.660329,-0.561473,1.045837,0.120383
2795,372012688,-0.588092,0.327533,0.342507,0.655408,-0.071431,0.796923,0.587936
2796,372046022,-0.594317,0.321750,0.347367,0.650077,0.818416,0.261892,0.456723
2797,372079356,-0.600156,0.315505,0.354186,0.644067,0.534409,0.473440,0.019178
2798,372112690,-0.606234,0.309151,0.362236,0.636940,0.152779,-0.380255,-0.155147
2799,372146024,-0.611576,0.301472,0.370812,0.630546,0.194999,0.010805,-1.069602
2800,372179358,-0.617408,0.294367,0.377489,0.624226,-1.580140,1.067217,0.798387
2801,372212692,-0.622489,0.287759,0.383049,0.618850,0.113352,-0.300106,-0.711329
2802,372246026,-0.627698,0.280818,0.388951,0.613069,0.176377,-0.038631,0.295603
2803,372279360,-0.633377,0.273389,0.394707,0.606876,0.199342,0.757284,0.901052
2804,372312694,-0.638665,0.267875,0.400738,0.599800,-0.093208,0.117103,0.001652
2805,372346028,-0.644587,0.262116,0.409402,0.590079,0.188112,-0.619098,0.000179
2806,372379362,-0.649967,0.257716,0.419177,0.579152,-0.943001,-0.573274,0.319753
2807,372412696,-0.655453,0.251913,0.431068,0.566659,-0.382677,-0.639528,-0.290704
2808,372446030,-0.662512,0.245346,0.439289,0.554895,0.482905,-1.741455,-1.047610
2809,372479364,-0.669013,0.241507,0.440278,0.547952,-0.516376,-1.419923,-0.228438
2810,372512698,-0.674205,0.237655,0.440253,0.543273,-0.933021,0.008897,0.049560
2811,372546032,-0.679801,0.233834,0.441019,0.537304,-1.565661,1.127101,1.222804
2812,372579366,-0.685310,0.227248,0.449299,0.526155,0.456321,0.424401,0.635292
2813,372612700,-0.691509,0.220135,0.458396,0.513058,-0.158801,-0.791005,0.257265
2814,372646034,-0.698032,0.213043,0.464974,0.501162,1.039409,-1.589498,-1.057821
2815,372679368,-0.704612,0.208076,0.466620,0.492435,-0.684403,-0.047723,0.030686
2816,372712702,-0.712571,0.202816,0.466703,0.483009,0.043616,0.373631,-0.118145
2817,372746036,-0.722149,0.195807,0.467719,0.470531,-0.650229,1.088630,0.416693
2818,372779370,-0.731127,0.187098,0.471421,0.456300,-0.687673,1.370594,0.677843
2819,372812704,-0.739766,0.177318,0.476532,0.440706,-0.512802,0.431077,0.266081
2820,372846038,-0.747752,0.167241,0.481326,0.425703,0.056389,0.878990,-0.265933
2821,372879372,-0.756419,0.156648,0.484541,0.410504,0.110380,0.965934,-0.149367
2822,372912706,-0.766658,0.145326,0.485345,0.394405,0.050105,1.427586,0.082639
2823,372946040,-0.776974,0.133807,0.484852,0.378584,-0.991610,1.121650,0.405317
2824,372979374,-0.787675,0.121077,0.483875,0.361626,-2.118671,0.810752,1.292743
2825,373012708,-0.797963,0.107065,0.482856,0.344447,-0.900468,-0.927257,0.299965
2826,373046042,-0.806068,0.095240,0.482226,0.329611,-1.735030,-2.761724,0.205622
2827,373079376,-0.811275,0.084380,0.484177,0.316678,-2.151524,-3.083313,0.651227
2828,373112710,-0.815329,0.074352,0.488130,0.302391,-2.746024,-2.484101,0.609587
2829,373146044,-0.818692,0.059939,0.496138,0.282841,0.661180,-2.365804,-0.687914
2830,373179378,-0.822037,0.046062,0.502564,0.263750,1.082449,-2.164544,-0.582425
2831,373212712,-0.826393,0.035257,0.505512,0.245539,0.157250,-2.019507,0.798342
2832,373246046,-0.831237,0.028290,0.505406,0.229805,2.506044,-0.919782,-1.192901
2833,373279380,-0.837263,0.028779,0.500690,0.217884,0.672384,-1.177331,-0.274515
2834,373312714,-0.842921,0.033238,0.494610,0.209142,-0.702765,-1.339166,0.377302
2835,373346048,-0.846508,0.035042,0.491745,0.200958,-0.563591,0.083082,0.949301
2836,373379382,-0.849780,0.036557,0.489253,0.192793,-0.170976,-0.010388,-0.113992
2837,373412716,-0.852793,0.038065,0.486296,0.186579,-0.274152,0.508242,0.127047
2838,373446050,-0.856633,0.040394,0.481209,0.181622,-0.616478,0.316833,0.144633
2839,373479384,-0.860519,0.042514,0.475723,0.177166,-0.535397,0.372458,-0.122576
2840,373512718,-0.864342,0.043226,0.470590,0.172016,-1.445125,0.386840,0.473375
2841,373546052,-0.866311,0.038675,0.469856,0.165060,-1.484764,-0.328052,0.729324
2842,373579386,-0.867404,0.032806,0.470854,0.157580,-1.043584,-0.621598,0.989476
2843,373612720,-0.867786,0.025788,0.473037,0.150063,-0.026523,-0.800472,-0.056144
2844,373646054,-0.867911,0.017833,0.475658,0.141994,1.200279,1.091101,-0.798590
2845,373679388,-0.868511,0.013661,0.477103,0.133702,-0.599906,-0.355285,0.076686
2846,373712722,-0.868701,0.007320,0.479612,0.123602,-0.588090,-0.752443,0.027596
2847,373746056,-0.868354,0.000663,0.482774,0.113536,0.769412,0.157083,-0.311225
2848,373779390,-0.868137,-0.001655,0.485288,0.104076,-0.424257,-0.665703,-0.038344
2849,373812724,-0.867338,-0.007417,0.488971,0.092619,-0.280365,0.021286,0.004919
2850,373846058,-0.866683,-0.015761,0.491965,0.081132,0.381901,0.162905,-0.092767
2851,373879392,-0.866352,-0.021530,0.493601,0.072998,0.519006,-0.824326,0.106394
2852,373912726,-0.865929,-0.026052,0.494846,0.067948,0.929158,-1.333871,0.526658
2853,373946060,-0.865906,-0.030064,0.495043,0.065082,-0.789667,-1.860248,0.547232
2854,373979394,-0.864498,-0.038120,0.497533,0.060424,-0.898322,0.037794,-0.126228
2855,374012728,-0.861945,-0.048011,0.501951,0.052837,-0.758297,-0.454574,-0.279958
2856,374046062,-0.859645,-0.058997,0.505769,0.041575,0.073131,-0.430904,-0.628812
2857,374079396,-0.859046,-0.068192,0.506500,0.029133,-0.164972,0.327739,0.277348
2858,374112730,-0.858943,-0.073208,0.506420,0.019914,0.277941,-0.176904,-0.266273
2859,374146064,-0.859517,-0.076538,0.505199,0.012143,-0.339330,-0.211108,0.186923
2860,374179398,-0.860258,-0.078730,0.503698,0.006842,-0.680502,-0.843657,-0.088262
2861,374212732,-0.861537,-0.079968,0.501351,0.002670,-1.276217,-0.079794,0.717591
2862,374246066,-0.863145,-0.080322,0.498524,-0.001558,-0.721297,-0.115554,0.229259
2863,374279400,-0.864998,-0.080174,0.495290,-0.006186,-0.944724,-0.209276,0.459750
2864,374312734,-0.867249,-0.081302,0.491036,-0.012382,-0.712452,0.135838,0.057060
2865,374346068,-0.869572,-0.081636,0.486657,-0.018580,-0.574658,0.143514,0.096901
2866,374379402,-0.871742,-0.081858,0.482439,-0.024871,-0.445297,-0.647933,0.117504
2867,374412736,-0.873173,-0.083810,0.478980,-0.033513,-0.332330,-0.526567,-0.746963
2868,374446070,-0.874665,-0.083794,0.475587,-0.041917,-0.168500,-1.519529,0.120815
2869,374479404,-0.875893,-0.082460,0.472703,-0.050634,0.319758,0.300511,-0.145707
2870,374512738,-0.875991,-0.081366,0.471840,-0.058203,0.368688,-0.111990,0.567208
2871,374546072,-0.874830,-0.083467,0.472446,-0.067089,-0.076549,-1.808402,-0.022072
2872,374579406,-0.873455,-0.090424,0.472232,-0.076795,0.098267,-1.012244,0.364138
2873,374612740,-0.872215,-0.096717,0.472115,-0.083634,0.519353,-0.677436,-0.366817
2874,374646074,-0.871562,-0.100868,0.471441,-0.089155,0.791696,-1.445190,-0.520657
2875,374679408,-0.871674,-0.103387,0.469902,-0.093208,0.605841,-0.688370,-0.297735
2876,374712742,-0.871756,-0.104293,0.468608,-0.097835,0.358606,-1.674740,0.111532
2877,374746076,-0.870811,-0.107801,0.468556,-0.102582,-0.037460,-0.785640,0.745956
2878,374779410,-0.869396,-0.112896,0.468911,-0.107364,0.363821,-0.009405,-0.607303
2879,374812744,-0.868443,-0.117049,0.468637,-0.111740,0.675475,-0.359599,-0.387451
2880,374846078,-0.868470,-0.118882,0.467129,-0.115838,0.247066,0.082267,-0.315267
2881,374879412,-0.868712,-0.121400,0.465220,-0.119046,-0.018184,-0.422367,0.376802
2882,374912746,-0.869585,-0.123195,0.462082,-0.122986,-0.492119,-0.831385,-0.341814
2883,374946080,-0.870567,-0.123654,0.459509,-0.125196,-0.519070,0.181252,0.355839
2884,374979414,-0.871641,-0.123675,0.457085,-0.126575,0.021794,-0.074174,-0.723126
2885,375012748,-0.873061,-0.121421,0.454948,-0.126663,0.850386,-0.880934,-0.387387
2886,375046082,-0.874176,-0.118645,0.453834,-0.125596,0.605510,-0.517038,-0.196577
2887,375079416,-0.875103,-0.115729,0.452873,-0.125335,-0.007762,-0.541007,0.200363
2888,375112750,-0.875976,-0.110138,0.452931,-0.124054,-0.355672,-0.981444,0.841369
2889,375146084,-0.874727,-0.112054,0.454656,-0.124840,-0.071263,0.421502,0.091516
2890,375179418,-0.873050,-0.113693,0.457527,-0.124608,0.601340,-0.987378,0.895014
2891,375212752,-0.869636,-0.116638,0.463378,-0.124136,1.619729,-0.997449,-0.480844
2892,375246086,-0.863681,-0.126347,0.470501,-0.129313,-0.308006,-0.160062,0.294947
2893,375279420,-0.857060,-0.139407,0.476419,-0.137984,-0.491167,-0.185611,-0.244482
2894,375312754,-0.850126,-0.155267,0.481296,-0.146740,1.466301,1.814967,-0.834044
2895,375346088,-0.846313,-0.162575,0.483873,-0.152286,2.385311,0.357254,-0.378280
2896,375379422,-0.845704,-0.163232,0.484127,-0.154150,1.677279,-0.283999,-0.191708
2897,375412756,-0.845672,-0.162153,0.483964,-0.155965,-0.201083,-1.376125,-0.010121
2898,375446090,-0.844388,-0.163759,0.484819,-0.158567,-1.014529,-0.982704,0.848186
2899,375479424,-0.842243,-0.167451,0.485907,-0.162731,-0.439808,-0.723600,-0.126792
2900,375512758,-0.840117,-0.171510,0.486008,-0.169070,-0.775324,-0.206485,-0.424696
2901,375546092,-0.839418,-0.173238,0.485144,-0.173210,0.091620,1.152368,-1.320772
2902,375579426,-0.840227,-0.172343,0.482715,-0.176926,0.151835,-0.822959,-0.442441
2903,375612760,-0.841879,-0.169644,0.480019,-0.179006,-1.005447,-0.851964,0.235110
2904,375646094,-0.843384,-0.167661,0.477171,-0.181389,-1.060156,-0.466676,0.295153
2905,375679428,-0.844058,-0.167004,0.474503,-0.185804,-0.399769,-0.366629,0.078663
2906,375712762,-0.844518,-0.166238,0.471590,-0.191721,-0.787206,-1.058080,-0.148185
2907,375746096,-0.844976,-0.165471,0.468294,-0.198333,-0.371844,-0.810292,0.306561
2908,375779430,-0.844645,-0.164883,0.466374,-0.204655,1.369821,-1.039855,-0.102953
2909,375812764,-0.845570,-0.161965,0.463663,-0.209275,0.525373,-0.409401,0.548927
2910,375846098,-0.845576,-0.159284,0.462265,-0.214338,0.253575,0.574043,0.744894
2911,375879432,-0.845028,-0.155069,0.462428,-0.219187,1.940160,-0.626297,0.192415
2912,375912766,-0.843005,-0.153595,0.464019,-0.224586,0.298115,-0.124879,0.843919
2913,375946100,-0.840685,-0.156321,0.465149,-0.229018,0.653775,-0.718930,0.804283
2914,375979434,-0.838598,-0.160448,0.465772,-0.232522,1.925343,-1.705305,-0.413122
2915,376012768,-0.837014,-0.163465,0.466646,-0.234367,1.913815,-0.001115,-0.517098
2916,376046102,-0.835663,-0.164889,0.467576,-0.236329,0.310894,0.731018,0.383897
2917,376079436,-0.833269,-0.167548,0.469241,-0.239592,0.079316,0.574216,0.440392
2918,376112770,-0.829565,-0.172276,0.471699,-0.244219,0.482322,0.150249,0.019227
2919,376146104,-0.826858,-0.175175,0.473243,-0.248315,0.308579,-0.784955,0.039367
2920,376179438,-0.824623,-0.178639,0.474945,-0.250026,0.404784,-0.372149,-0.165146
2921,376212772,-0.823451,-0.180638,0.476641,-0.249224,0.209779,-0.545070,0.348303
2922,376246106,-0.823496,-0.180655,0.477388,-0.247630,-0.752685,-0.070951,0.627872
2923,376279440,-0.824316,-0.179235,0.477727,-0.245270,-0.553048,0.029597,0.798017
2924,376312774,-0.825752,-0.177589,0.477629,-0.241800,-0.394099,-0.092633,-0.238897
2925,376346108,-0.828083,-0.177100,0.476355,-0.236642,-0.173154,-0.780815,-0.072702
2926,376379442,-0.831011,-0.176667,0.474463,-0.230425,0.184210,-0.453611,0.436090
2927,376412776,-0.834481,-0.175556,0.472526,-0.222578,0.844125,-1.366571,-0.127763
2928,376446110,-0.837338,-0.177953,0.470298,-0.214520,0.651954,-0.367135,0.255431
2929,376479444,-0.840496,-0.179516,0.468911,-0.203628,1.453852,-0.800838,-0.329708
2930,376512778,-0.843263,-0.180637,0.468429,-0.191970,0.778730,-0.389538,0.912837
2931,376546112,-0.844602,-0.182198,0.470452,-0.179242,1.582202,0.318128,-0.293500
2932,376579446,-0.844426,-0.184366,0.473965,-0.168262,0.761073,-0.668755,0.152740
2933,376612780,-0.840440,-0.191778,0.480275,-0.161920,-0.711709,-1.011636,0.280771
2934,376646114,-0.833905,-0.202721,0.487169,-0.161781,0.502461,0.261625,0.223151
2935,376679448,-0.826202,-0.215889,0.493200,-0.165942,2.818369,-0.081294,-0.843901
2936,376712782,-0.823384,-0.220622,0.495428,-0.167083,2.184681,1.353038,0.539290
2937,376746116,-0.825000,-0.213389,0.497590,-0.162003,1.863111,0.663831,-0.862399
2938,376779450,-0.826857,-0.203941,0.500283,-0.156309,0.018484,-1.556396,0.681345
2939,376812784,-0.827828,-0.198404,0.502741,-0.150296,-0.011837,-0.302166,-0.699031
2940,376846118,-0.826865,-0.196582,0.505750,-0.147874,-0.287909,-0.364586,0.359787
2941,376879452,-0.825908,-0.194646,0.508791,-0.145331,0.089346,0.648990,-0.009207
2942,376912786,-0.825981,-0.190866,0.510818,-0.142798,0.891083,-0.594716,-0.644439
2943,376946120,-0.827293,-0.184662,0.511997,-0.139088,0.305146,1.012243,-0.357735
2944,376979454,-0.830535,-0.172585,0.512246,-0.134279,0.919729,0.019321,-0.301545
2945,377012788,-0.835022,-0.155539,0.511907,-0.128443,1.189890,-0.721714,-0.119383
2946,377046122,-0.841145,-0.138443,0.508178,-0.122736,-0.933246,0.126482,-0.390137
2947,377079456,-0.845842,-0.123893,0.504754,-0.120104,-1.644803,-0.263355,1.045020
2948,377112790,-0.848689,-0.112890,0.502426,-0.120629,0.138047,1.104355,0.250890
2949,377146124,-0.851931,-0.101357,0.499163,-0.121560,0.266522,-0.888653,0.553828
2950,377179458,-0.855670,-0.091212,0.494576,-0.122089,-0.890237,-0.439103,1.774436
2951,377212792,-0.857514,-0.083236,0.491979,-0.125296,0.451355,-0.561303,-0.720611
2952,377246126,-0.860102,-0.072510,0.489196,-0.125122,0.173753,0.195288,-0.024306
2953,377279460,-0.862618,-0.061795,0.486834,-0.122743,0.402798,-0.676904,1.062675
2954,377312794,-0.864124,-0.053284,0.486548,-0.117144,0.283187,-0.716999,0.114319
2955,377346128,-0.863481,-0.050230,0.489691,-0.109916,-0.414256,-0.453099,1.467147
2956,377379462,-0.860914,-0.050876,0.495226,-0.104842,0.395884,-0.769919,0.770936
2957,377412796,-0.857728,-0.048877,0.502097,-0.099065,0.681302,-0.235834,-0.522981
2958,377446130,-0.854316,-0.042113,0.509933,-0.091327,2.591542,0.877723,-1.305355
2959,377479464,-0.852993,-0.029844,0.514527,-0.082309,-0.040486,-0.413856,1.195092
2960,377512798,-0.851964,-0.019693,0.518176,-0.072554,0.946175,1.194978,-0.215519
2961,377546132,-0.850157,-0.015727,0.521728,-0.069180,0.740646,-0.932901,0.486906
2962,377579466,-0.849465,-0.013265,0.523175,-0.067241,-0.778201,0.370379,-0.291251
2963,377612800,-0.848733,-0.011046,0.524548,-0.066182,0.020609,0.446681,0.400521
2964,377646134,-0.848267,-0.009222,0.525446,-0.065302,-0.083901,0.858346,-0.317441
2965,377679468,-0.848766,-0.004398,0.525055,-0.062418,0.259264,0.149501,0.144819
2966,377712802,-0.849922,0.002845,0.523672,-0.058256,0.513057,-0.337475,0.238756
2967,377746136,-0.851341,0.009770,0.521844,-0.052939,-0.045519,0.071042,-0.162825
2968,377779470,-0.853064,0.015967,0.519382,-0.047651,-0.822668,-0.657671,0.150417
2969,377812804,-0.854170,0.020280,0.517852,-0.042571,-0.671360,0.317852,-0.194341
2970,377846138,-0.855752,0.022575,0.515652,-0.035804,-0.878980,0.469158,0.931608
2971,377879472,-0.855978,0.022676,0.515665,-0.029603,-0.642906,0.880663,-1.116155
2972,377912806,-0.855894,0.022136,0.516220,-0.021759,-0.627517,1.038385,0.709069
2973,377946140,-0.854562,0.022937,0.518716,-0.011486,0.995372,0.770112,-0.428788
2974,377979474,-0.853183,0.022092,0.521143,-0.000982,0.694137,-0.492533,1.067597
2975,378012808,-0.851144,0.019466,0.524511,0.007948,0.547792,-0.580876,0.211048
2976,378046142,-0.848442,0.017539,0.528742,0.016465,-0.054192,1.318147,-0.258084
2977,378079476,-0.845805,0.015645,0.532869,0.020502,0.281087,1.410112,-0.682408
2978,378112810,-0.844808,0.017557,0.534219,0.024541,0.823974,0.676471,-0.037277
2979,378146144,-0.845074,0.024074,0.533262,0.030056,0.756561,0.620232,-0.299788
2980,378179478,-0.845538,0.036358,0.531253,0.038927,0.831934,0.474563,0.459361
2981,378212812,-0.844996,0.048483,0.530326,0.048853,0.211199,-0.049171,0.126216
2982,378246146,-0.844340,0.059136,0.529429,0.057425,-0.632446,-0.503596,0.646707
2983,378279480,-0.844355,0.069069,0.527440,0.064044,0.122162,1.252360,0.126489
2984,378312814,-0.845345,0.079155,0.523980,0.067621,0.305746,-0.324603,-0.559812
2985,378346148,-0.847347,0.087524,0.519033,0.070345,-0.455415,0.662306,0.592098
2986,378379482,-0.848773,0.096416,0.514618,0.073881,-0.046691,-0.471416,0.564380
2987,378412816,-0.849755,0.102946,0.511455,0.075718,-0.082610,-0.626343,0.226097
2988,378446150,-0.851309,0.109539,0.507309,0.076896,-1.762675,0.030514,1.216151
2989,378479484,-0.852829,0.117740,0.502515,0.079371,0.004285,1.711161,-0.029424
2990,378512818,-0.854153,0.125352,0.498160,0.080908,-0.042160,2.576766,-0.840899
2991,378546152,-0.853251,0.135509,0.497109,0.080516,1.657665,-0.182113,-1.408596
2992,378579486,-0.853452,0.145971,0.493756,0.080730,-0.683918,-0.733813,0.744970
2993,378612820,-0.852609,0.157522,0.490491,0.087540,0.636763,-0.231206,0.859518
2994,378646154,-0.849196,0.167400,0.491905,0.094195,0.556541,-0.015149,0.237342
2995,378679488,-0.846167,0.173710,0.494046,0.098723,0.058091,2.242890,-0.090768
2996,378712822,-0.844252,0.180321,0.494525,0.100840,1.879938,0.789863,-0.547031
2997,378746156,-0.842838,0.186491,0.494751,0.100341,0.910943,1.098312,0.765914
2998,378779490,-0.840861,0.193732,0.495637,0.098815,1.030912,2.749926,-0.461600
2999,378812824,-0.837643,0.202408,0.496752,0.103067,-0.109023,0.661682,-0.024642
3000,378846158,-0.834639,0.207784,0.498455,0.108385,0.772247,-1.605240,0.877050
3001,378879492,-0.833003,0.207621,0.500544,0.111607,0.590096,-0.871253,0.382939
3002,378912826,-0.831937,0.205997,0.502112,0.115456,0.353474,0.217244,-0.266155
3003,378946160,-0.830580,0.206645,0.502957,0.120289,0.516129,0.154029,0.075128
3004,378979494,-0.829896,0.209177,0.501687,0.125812,0.545545,0.791814,-0.623386
3005,379012828,-0.830234,0.210307,0.499297,0.131093,0.318838,1.432266,0.578355
3006,379046162,-0.830049,0.212572,0.496877,0.137646,-0.327467,0.006298,0.320103
3007,379079496,-0.829565,0.216061,0.493932,0.145508,0.132306,-0.463481,0.620724
3008,379112830,-0.828628,0.221835,0.489342,0.157192,0.587254,1.065915,0.833747
3009,379146164,-0.826497,0.229306,0.485105,0.170279,0.763298,0.522395,-0.322786
3010,379179498,-0.823995,0.235005,0.482031,0.182899,0.890257,1.883957,-1.021482
3011,379212832,-0.821155,0.240172,0.478829,0.196837,0.592975,0.366572,1.818448
3012,379246166,-0.817585,0.245070,0.476807,0.210123,-0.130476,0.103663,0.158916
3013,379279500,-0.812440,0.251240,0.475302,0.225631,0.439242,1.149243,0.284929
3014,379312834,-0.804706,0.260871,0.473463,0.245415,1.508274,0.164621,-0.705163
3015,379346168,-0.795234,0.269774,0.473341,0.266034,-1.440295,0.558093,0.721173
3016,379379502,-0.786886,0.275680,0.475200,0.281064,0.993963,2.495700,-0.235102
3017,379412836,-0.780147,0.281487,0.476567,0.291583,2.809999,1.132754,-1.225092
3018,379446170,-0.776629,0.282636,0.476502,0.299851,2.816956,-0.803191,0.983956
3019,379479504,-0.773570,0.283823,0.473819,0.310691,0.715432,-1.858674,-0.446465
3020,379512838,-0.771003,0.282024,0.471161,0.322529,0.573562,0.128679,-0.343959
3021,379546172,-0.769751,0.278102,0.468896,0.332085,-0.850528,0.441122,0.103295
3022,379579506,-0.767690,0.276865,0.467563,0.339683,-0.725837,0.448044,0.435394
3023,379612840,-0.764514,0.277012,0.467450,0.346807,0.935153,1.141731,0.255086
3024,379646174,-0.760404,0.278942,0.467089,0.354690,1.634577,1.086444,-0.115836
3025,379679508,-0.755072,0.285146,0.464719,0.364135,0.996504,0.985371,0.026106
3026,379712842,-0.749821,0.294508,0.458146,0.375683,0.064397,0.270869,0.731811
3027,379746176,-0.744063,0.306059,0.448652,0.389113,0.764046,-0.677162,-1.400266
3028,379779510,-0.741487,0.312934,0.438003,0.400529,0.156115,1.530800,-0.345542
3029,379812844,-0.740074,0.317025,0.430201,0.408307,-0.583091,0.531279,0.888888
3030,379846178,-0.739233,0.319580,0.423920,0.414363,-0.737556,0.057549,0.402139
3031,379879512,-0.738659,0.321085,0.419046,0.419152,1.107348,1.017713,0.100516
3032,379912846,-0.738511,0.322125,0.415601,0.422035,0.186348,0.719957,0.457676
3033,379946180,-0.737915,0.323533,0.412896,0.424648,0.154217,-0.063428,0.555162
3034,379979514,-0.734876,0.326439,0.411005,0.429500,-0.499833,0.504655,0.246793
3035,380012848,-0.731335,0.326920,0.413916,0.432373,-0.855976,0.590816,1.334716
3036,380046182,-0.727847,0.328437,0.416542,0.434582,0.405064,-0.360098,-0.246740
3037,380079516,-0.724915,0.329753,0.417921,0.437155,0.710956,-2.469491,-0.959159
3038,380112850,-0.723556,0.327556,0.417850,0.441108,1.376494,-0.191910,0.493797
3039,380146184,-0.720277,0.328291,0.414690,0.448842,0.767867,0.262560,-0.247564
3040,380179518,-0.716274,0.330658,0.411698,0.456205,-1.223894,-0.427280,1.270343
3041,380212852,-0.711758,0.333188,0.408654,0.464101,-0.064261,-0.797614,0.296520
3042,380246186,-0.707273,0.336989,0.404819,0.471513,0.659326,0.238137,-0.234224
3043,380279520,-0.704645,0.340157,0.400943,0.476460,-0.159403,-0.295753,-0.449432
3044,380312854,-0.702461,0.342205,0.396174,0.482174,0.587863,1.026457,0.445515
3045,380346188,-0.700505,0.345977,0.388887,0.488222,-0.061061,0.426166,-0.335617
3046,380379522,-0.698800,0.349715,0.380534,0.494543,0.601137,0.151703,0.271744
3047,380412856,-0.697060,0.353532,0.371439,0.501155,-0.183487,0.171307,0.147045
3048,380446190,-0.695355,0.355980,0.363887,0.507293,-0.744163,0.276665,0.597121
3049,380479524,-0.692526,0.358377,0.358388,0.513354,-0.336310,0.317704,0.550078
3050,380512858,-0.689065,0.359974,0.355477,0.518889,0.945233,1.039848,0.357985
3051,380546192,-0.686059,0.361325,0.353464,0.523289,0.309603,0.444527,0.178421
3052,380579526,-0.682385,0.363173,0.352252,0.527613,-0.283072,0.043106,0.558847
3053,380612860,-0.678334,0.364388,0.351375,0.532561,-0.209326,-1.321243,-0.232310
3054,380646194,-0.672814,0.365543,0.350755,0.539139,0.119886,-1.122976,0.210310
3055,380679528,-0.667007,0.366829,0.352301,0.544447,1.670926,1.218398,-0.055086
3056,380712862,-0.663085,0.367848,0.357130,0.545403,1.575208,0.507674,0.164355
3057,380746196,-0.658892,0.370066,0.360462,0.546791,0.933643,-2.155450,0.521737
3058,380779530,-0.655156,0.371977,0.359793,0.550412,-0.415799,-2.015497,-0.532706
3059,380812864,-0.652390,0.372874,0.359106,0.553530,0.605564,-1.238703,-0.319126
3060,380846198,-0.649153,0.372681,0.357521,0.558471,1.253812,0.890869,2.091667
3061,380879532,-0.645206,0.373917,0.357831,0.562008,0.003002,1.067099,0.248431
3062,380912866,-0.641974,0.374565,0.358734,0.564696,-0.789819,-0.272517,-0.142083
3063,380946200,-0.640062,0.374514,0.360117,0.566017,0.391221,-0.764609,-1.096304
3064,380979534,-0.638900,0.373816,0.358447,0.568845,0.086844,0.192076,-0.590722
3065,381012868,-0.638733,0.374204,0.353823,0.571666,-1.337698,-0.194962,0.167841
3066,381046202,-0.638637,0.374728,0.348194,0.574877,0.479710,0.582183,0.107675
3067,381079536,-0.639244,0.375303,0.341803,0.577656,0.226786,0.730844,0.569738
3068,381112870,-0.640976,0.376391,0.335447,0.578754,-0.726573,0.116311,-0.150935
3069,381146204,-0.643624,0.376730,0.329584,0.578963,0.513635,-0.090990,0.524194
3070,381179538,-0.645845,0.377605,0.324376,0.578861,1.037465,-0.675490,-0.061211
3071,381212872,-0.647527,0.379249,0.318158,0.579358,-0.466139,-0.293691,0.963128
3072,381246206,-0.645423,0.384673,0.312291,0.581318,-0.914491,-1.676988,0.198757
3073,381279540,-0.642570,0.387860,0.312227,0.582395,1.249122,0.577313,1.161442
3074,381312874,-0.641313,0.389771,0.317050,0.579893,-0.307472,0.488065,-0.235049
3075,381346208,-0.641498,0.390471,0.324771,0.574924,-0.183744,-1.538943,-0.548534
3076,381379542,-0.642039,0.391574,0.327836,0.571821,0.332657,-2.317036,-1.547962
3077,381412876,-0.642600,0.391610,0.327903,0.571127,0.839883,-0.811671,0.312966
3078,381446210,-0.640780,0.393134,0.327171,0.572544,-0.346020,0.159822,0.985647
3079,381479544,-0.638211,0.394492,0.327400,0.574347,-0.516306,0.243325,0.282199
3080,381512878,-0.636561,0.395017,0.330398,0.574099,-0.774479,-0.237005,-0.169009
3081,381546212,-0.635907,0.394078,0.334595,0.573037,0.997622,0.408648,-0.089461
3082,381579546,-0.635787,0.392981,0.337386,0.572287,-0.606729,0.099631,-0.198428
3083,381612880,-0.634833,0.391760,0.337625,0.574040,0.906950,-0.366781,-0.282560
3084,381646214,-0.633447,0.390690,0.335322,0.577639,0.015155,0.516858,0.520448
3085,381679548,-0.631653,0.389281,0.332955,0.581909,0.131119,0.404655,0.353632
3086,381712882,-0.629414,0.387704,0.331179,0.586383,0.195527,0.594402,0.751853
3087,381746216,-0.626460,0.386107,0.331664,0.590312,-0.734295,-0.589601,0.323677
3088,381779550,-0.623319,0.383310,0.333822,0.594231,-0.549728,-0.222529,0.059430
3089,381812884,-0.620171,0.380311,0.337016,0.597639,-0.165297,0.117099,0.153302
3090,381846218,-0.617122,0.377162,0.342226,0.599826,0.155136,-0.280722,0.321972
3091,381879552,-0.613686,0.374067,0.346427,0.602870,0.469493,0.018757,0.598108
3092,381912886,-0.609346,0.372379,0.352219,0.604958,-0.123075,-0.246604,0.561419
3093,381946220,-0.604246,0.370042,0.359046,0.607488,-1.284151,-0.617068,0.146684
3094,381979554,-0.597437,0.368868,0.364819,0.611484,-0.559676,-1.247482,-0.375632
3095,382012888,-0.590368,0.368597,0.370632,0.615008,-0.002613,-1.278462,-0.971448
3096,382046222,-0.584967,0.369120,0.378000,0.615370,1.369285,0.678018,0.147658
3097,382079556,-0.582458,0.368403,0.388702,0.611501,-0.862436,0.394307,0.221872
3098,382112890,-0.581508,0.366610,0.398223,0.607342,0.393361,-1.818725,-0.286265
3099,382146224,-0.579266,0.367272,0.400075,0.607867,-0.037686,-1.829595,-0.707279
3100,382179558,-0.576986,0.368534,0.397932,0.610673,-1.108988,-0.350258,-0.042780
3101,382212892,-0.573892,0.369299,0.397287,0.613538,0.645598,0.516212,0.464379
3102,382246226,-0.570477,0.370026,0.398231,0.615671,-0.262608,0.852660,0.398525
3103,382279560,-0.568619,0.370101,0.402213,0.614755,1.019497,0.042208,0.718590
3104,382312894,-0.567524,0.369736,0.405274,0.613976,0.721748,-0.548704,-0.370692
3105,382346228,-0.567778,0.369690,0.405717,0.613475,-0.340832,0.063120,0.024282
3106,382379562,-0.567663,0.370633,0.402791,0.614939,0.042124,0.721447,0.033181
3107,382412896,-0.567279,0.371821,0.398135,0.617603,0.638817,0.911439,0.565607
3108,382446230,-0.566314,0.372504,0.392941,0.621391,0.409651,1.022619,0.477007
3109,382479564,-0.566072,0.372936,0.389257,0.623668,-0.434939,0.791395,0.305171
3110,382512898,-0.566703,0.372829,0.385734,0.625345,0.367035,0.249495,-0.110125
3111,382546232,-0.567577,0.373077,0.381359,0.627086,1.192608,-0.064365,-0.019165
3112,382579566,-0.568838,0.373970,0.376087,0.628593,0.984575,0.314452,0.442805
3113,382612900,-0.570890,0.375331,0.369811,0.629644,-0.317699,-0.001291,0.425442
3114,382646234,-0.572695,0.376836,0.365649,0.629537,0.211973,-0.450624,-0.311078
3115,382679568,-0.574011,0.378849,0.360140,0.630305,0.284184,-0.521846,0.226414
3116,382712902,-0.575141,0.382759,0.354138,0.630314,-1.319888,-0.571700,-0.574284
3117,382746236,-0.574986,0.386887,0.349750,0.630385,0.529703,0.230014,0.487515
3118,382779570,-0.574342,0.390943,0.349261,0.628739,0.042002,-0.382478,0.492968
3119,382812904,-0.573858,0.393753,0.351977,0.625906,0.138899,0.113159,0.707474
3120,382846238,-0.574471,0.396002,0.353121,0.623275,0.433068,-1.492104,-0.895693
3121,382879572,-0.575649,0.398463,0.350757,0.621953,0.595895,-0.967932,-0.287444
3122,382912906,-0.575760,0.402043,0.344433,0.623080,0.086496,-0.659550,-0.687558
3123,382946240,-0.574764,0.404736,0.339411,0.625009,-0.209535,0.571236,0.614347
3124,382979574,-0.573855,0.405887,0.338818,0.625419,-0.436056,-0.326835,0.223204
3125,383012908,-0.573213,0.406686,0.340231,0.624722,0.483357,-0.042582,0.215993
3126,383046242,-0.573714,0.406986,0.341405,0.623424,0.545806,-0.440658,0.076445
3127,383079576,-0.574165,0.407040,0.342774,0.622222,0.434124,-0.549401,-0.440537
3128,383112910,-0.574118,0.407052,0.342853,0.622214,-0.964858,-0.267088,-0.529459
3129,383146244,-0.573800,0.406419,0.341458,0.623686,-0.243366,0.272990,-0.191209
3130,383179578,-0.573148,0.405368,0.338822,0.626402,-0.168950,0.323271,0.276514
3131,383212912,-0.571956,0.404896,0.337209,0.628663,0.442899,0.144198,0.073059
3132,383246246,-0.570147,0.404578,0.335653,0.631338,-0.507342,0.155110,0.865041
3133,383279580,-0.567567,0.404774,0.334145,0.634329,0.512297,0.072895,0.146896
3134,383312914,-0.564291,0.405054,0.333831,0.637232,0.271306,-0.396892,-0.496431
3135,383346248,-0.560694,0.404990,0.333628,0.640545,0.187266,-0.478512,-0.290418
3136,383379582,-0.555822,0.404862,0.333648,0.644848,-0.592961,0.046085,-0.221792
3137,383412916,-0.550711,0.404550,0.334545,0.648951,-1.145158,0.213594,0.298062
3138,383446250,-0.544570,0.404248,0.335460,0.653830,-0.209313,0.096986,0.436400
3139,383479584,-0.535771,0.405691,0.336881,0.659451,-0.498872,-0.864330,0.257689
3140,383512918,-0.525904,0.408081,0.339070,0.664776,-1.186299,0.063246,0.259200
3141,383546252,-0.516135,0.411711,0.343467,0.667930,0.461518,0.256274,0.358705
3142,383579586,-0.510434,0.414951,0.351073,0.666350,0.765993,-0.096817,-0.510775
3143,383612920,-0.508975,0.417367,0.358289,0.662102,1.012329,-1.852410,-1.066052
3144,383646254,-0.508978,0.420666,0.358517,0.659884,-0.771948,-2.505187,-0.961188
3145,383679588,-0.507594,0.424454,0.350841,0.662645,-1.716426,-0.504193,0.167601
3146,383712922,-0.504994,0.427817,0.343210,0.666454,-0.185643,0.403441,0.741725
3147,383746256,-0.501635,0.431088,0.337665,0.669708,0.535430,1.601758,1.378914
3148,383779590,-0.499634,0.432895,0.337701,0.670020,0.971908,1.174712,0.752255
3149,383812924,-0.498551,0.434111,0.338864,0.669452,0.888282,-0.136566,-0.222558
3150,383846258,-0.497062,0.435980,0.334320,0.671626,0.223495,-0.359095,-0.514761
3151,383879592,-0.495127,0.438092,0.325221,0.676133,0.384992,-0.232423,-0.335981
3152,383912926,-0.492733,0.440399,0.314640,0.681370,0.082438,1.065947,0.307446
3153,383946260,-0.491459,0.441896,0.303695,0.686270,1.407233,0.571499,-0.254678
3154,383979594,-0.491104,0.443164,0.294338,0.689774,0.407190,0.215668,0.188522
3155,384012928,-0.490319,0.444138,0.284317,0.693897,0.469453,0.634933,0.135391
3156,384046262,-0.489543,0.445292,0.275323,0.697324,0.804685,0.656971,0.568163
3157,384079596,-0.488276,0.446765,0.265999,0.700880,-0.387521,0.412772,0.683419
3158,384112930,-0.485595,0.448725,0.259292,0.703997,0.072094,1.343433,1.218435
3159,384146264,-0.484016,0.450341,0.254374,0.705844,1.589255,-0.272256,-0.098414
3160,384179598,-0.483062,0.452925,0.246371,0.707681,-0.342696,-1.615054,-1.483362
3161,384212932,-0.482116,0.456864,0.236421,0.709187,-0.875948,-1.847342,-0.314978
3162,384246266,-0.480073,0.459383,0.228609,0.711503,-0.500791,0.765949,1.605025
3163,384279600,-0.477542,0.461749,0.226029,0.712498,0.432071,0.865036,2.226652
3164,384312934,-0.476580,0.465453,0.227926,0.710124,-1.119281,-0.325978,0.512102
3165,384346268,-0.477525,0.467733,0.230700,0.707089,0.267288,-1.306166,-0.360674
3166,384379602,-0.477699,0.470804,0.230660,0.704943,0.436237,-1.598416,-0.629119
3167,384412936,-0.477318,0.473693,0.228330,0.704023,-0.591087,-1.211987,-0.653278
3168,384446270,-0.475265,0.475142,0.225924,0.705211,-0.253111,-0.711408,0.539207
3169,384479604,-0.473316,0.476566,0.225166,0.705803,-0.195238,0.568791,0.342132
3170,384512938,-0.472273,0.477857,0.227652,0.704830,-0.274696,0.560016,-0.071576
3171,384546272,-0.471791,0.478577,0.231011,0.703570,0.072756,-0.099989,-0.156640
3172,384579606,-0.470159,0.478865,0.233016,0.703806,0.217259,-0.483167,-0.257073
3173,384612940,-0.467883,0.477768,0.233436,0.705927,1.388544,-0.539867,-0.182238
3174,384646274,-0.464977,0.477395,0.232601,0.708370,-0.140295,-0.074878,0.262033
3175,384679608,-0.461465,0.477494,0.230688,0.711220,-0.116325,0.459112,-0.219230
3176,384712942,-0.457393,0.477019,0.231092,0.714032,0.614969,0.627136,0.870497
3177,384746276,-0.453623,0.475998,0.233500,0.716331,0.210946,0.398058,0.642391
3178,384779610,-0.450627,0.473299,0.239028,0.718185,-0.047392,1.027312,0.435147
3179,384812944,-0.448034,0.470061,0.246171,0.719519,-0.026664,-0.166835,0.041803
3180,384846278,-0.446102,0.466316,0.256033,0.719715,-0.191247,0.444475,0.383599
3181,384879612,-0.442506,0.463416,0.264252,0.720836,-0.239152,-0.445117,0.230613
3182,384912946,-0.438561,0.460276,0.273560,0.721786,-0.292429,-0.741121,-0.021894
3183,384946280,-0.432694,0.457901,0.280080,0.724333,-0.387462,-1.004451,-0.732512
3184,384979614,-0.427497,0.455856,0.287692,0.725724,-0.801332,0.383018,0.594042
3185,385012948,-0.422716,0.455345,0.296464,0.725315,0.319440,0.859705,0.695314
3186,385046282,-0.420332,0.455392,0.310182,0.720921,-0.068156,-0.094387,0.094166
3187,385079616,-0.421043,0.453449,0.326793,0.714363,0.751595,-1.295950,-0.338912
3188,385112950,-0.422813,0.448098,0.340288,0.710382,-1.419585,-1.947252,-0.489600
3189,385146284,-0.422568,0.442048,0.348018,0.710573,0.099643,-0.860443,-0.164078
3190,385179618,-0.422987,0.435323,0.355729,0.710657,-0.039815,-0.160855,0.125496
3191,385212952,-0.424255,0.427027,0.366185,0.709623,0.570039,0.911979,1.184942
3192,385246286,-0.426139,0.417715,0.379928,0.706807,-0.902905,0.560431,-0.518414
3193,385279620,-0.429636,0.408677,0.394477,0.701987,-2.015448,0.503362,-1.562003
3194,385312954,-0.434529,0.399921,0.405349,0.697811,-1.728124,0.657291,-1.667271
3195,385346288,-0.439420,0.392126,0.412171,0.695172,-0.241161,0.529060,-0.136325
3196,385379622,-0.442888,0.385016,0.414470,0.695578,0.483401,0.587211,0.221432
3197,385412956,-0.446180,0.378540,0.418566,0.694575,-0.079474,1.354719,0.251372
3198,385446290,-0.451685,0.370307,0.425864,0.691010,-1.350803,2.827640,0.020362
3199,385479624,-0.458543,0.361265,0.435585,0.685195,-0.634588,1.365662,-0.503811
3200,385512958,-0.467312,0.351034,0.445515,0.678168,-1.065002,0.708652,-0.758694
3201,385546292,-0.479233,0.340203,0.452738,0.670542,-2.367089,1.768501,-0.081161
3202,385579626,-0.491756,0.330931,0.457393,0.662912,-2.208822,1.980139,0.574825
3203,385612960,-0.505695,0.319574,0.463693,0.653555,-1.267715,1.014948,0.363174
3204,385646294,-0.519715,0.309844,0.466053,0.645514,-2.748316,1.326909,-0.071147
3205,385679628,-0.533975,0.300519,0.468565,0.636401,0.066243,1.250821,0.637247
3206,385712962,-0.551139,0.291470,0.470346,0.624553,-1.473064,0.155364,-0.534709
3207,385746296,-0.569045,0.283764,0.471614,0.610939,-0.570262,-0.301604,0.153117
3208,385779630,-0.586080,0.276458,0.471054,0.598490,-3.416346,-0.940892,-0.428877
3209,385812964,-0.602587,0.268072,0.471180,0.585676,-2.134954,-1.012581,0.034777
3210,385846298,-0.617285,0.259466,0.472584,0.572976,-2.172196,-1.640546,-0.486699
3211,385879632,-0.630586,0.251114,0.472696,0.562016,-0.528231,-0.848890,1.303626
3212,385912966,-0.641613,0.243749,0.471278,0.553911,-0.502615,-2.380790,-0.661057
3213,385946300,-0.651022,0.238944,0.468535,0.547313,-1.417904,-1.925080,-0.014246
3214,385979634,-0.659077,0.236201,0.462919,0.543630,-0.157775,-1.459071,-0.003928
3215,386012968,-0.666511,0.234180,0.459365,0.538430,0.247371,-0.830324,0.283708
3216,386046302,-0.674156,0.231051,0.458455,0.530988,0.161885,-0.176794,-0.226486
3217,386079636,-0.681077,0.227557,0.460804,0.521548,0.157879,-1.167170,-0.386048
3218,386112970,-0.687490,0.225243,0.462439,0.512615,0.168426,-1.345809,-0.408343
3219,386146304,-0.693258,0.224324,0.462555,0.505089,-0.338930,-0.412009,0.092608
3220,386179638,-0.698139,0.223094,0.463303,0.498179,-0.467564,-0.191766,0.629965
3221,386212972,-0.701838,0.221373,0.464660,0.492453,0.323628,-0.551223,0.191866
3222,386246306,-0.704209,0.220311,0.466039,0.488223,-0.081658,-0.358333,-0.192827
3223,386279640,-0.705747,0.220011,0.467647,0.484586,-0.044961,0.796182,1.285731
3224,386312974,-0.706512,0.218386,0.471979,0.479984,0.211222,-0.444932,0.360329
3225,386346308,-0.706464,0.217092,0.476280,0.476381,-0.232206,-0.366255,0.456014
3226,386379642,-0.705726,0.216201,0.479455,0.474691,0.403918,-0.559164,-0.210493
3227,386412976,-0.703358,0.217439,0.481019,0.476055,0.369430,-0.734175,-0.171819
3228,386446310,-0.699408,0.220876,0.482766,0.478519,-1.016641,-0.647586,-0.176398
3229,386479644,-0.695281,0.223179,0.488290,0.477860,-0.981477,0.850981,0.976056
3230,386512978,-0.691625,0.223619,0.498469,0.472417,0.059320,0.759198,0.212382
3231,386546312,-0.688991,0.222265,0.509303,0.465297,1.553005,0.248278,-0.444522
3232,386579646,-0.687567,0.219158,0.517072,0.460282,1.275952,-0.319400,-0.814284
3233,386612980,-0.687297,0.217207,0.521299,0.456829,1.045372,-1.688428,-0.775867
3234,386646314,-0.688248,0.219108,0.518850,0.457277,1.043715,-1.113751,0.097084
3235,386679648,-0.689441,0.223953,0.513237,0.459462,-1.045571,-0.125003,0.512498
3236,386712982,-0.690342,0.227929,0.509513,0.460298,-0.237103,1.260370,0.968860
3237,386746316,-0.689726,0.229749,0.511059,0.458598,0.286803,1.446302,0.863440
3238,386779650,-0.689770,0.228210,0.515105,0.454757,0.103842,0.228354,0.159665
3239,386812984,-0.690291,0.226511,0.519008,0.450358,0.578700,-0.737605,-0.623492
3240,386846318,-0.692183,0.227386,0.517401,0.448859,0.400254,-0.630885,-0.256203
3241,386879652,-0.693943,0.230503,0.512079,0.450652,-0.014825,0.134921,-0.290412
3242,386912986,-0.695467,0.233954,0.505496,0.453945,-0.294508,0.986498,0.818110
3243,386946320,-0.696673,0.236741,0.499075,0.457740,0.077566,1.622304,0.711926
3244,386979654,-0.697886,0.238012,0.494414,0.460284,-0.265430,0.873592,0.699955
3245,387012988,-0.699339,0.237351,0.491680,0.461346,-0.071414,0.186265,-0.679075
3246,387046322,-0.701888,0.236789,0.488829,0.460794,-0.281288,-0.046304,0.079672
3247,387079656,-0.704678,0.237985,0.483982,0.461036,0.075673,0.886943,0.331731
3248,387112990,-0.708273,0.239922,0.478202,0.460555,0.106229,0.694970,0.868464
3249,387146324,-0.712139,0.240240,0.474181,0.458579,1.143210,-0.205401,-0.541522
3250,387179658,-0.715161,0.240141,0.471566,0.456621,-0.836345,0.728328,0.036284
3251,387212992,-0.718827,0.239408,0.469057,0.453825,0.251464,0.904951,0.263090
3252,387246326,-0.722520,0.238489,0.467652,0.449879,0.097161,0.440973,0.102641
3253,387279660,-0.726839,0.236953,0.467019,0.444356,0.050502,-0.362402,0.458558
3254,387312994,-0.730238,0.236330,0.465606,0.440582,0.629614,-0.262643,0.251560
3255,387346328,-0.732908,0.235595,0.464843,0.437337,0.024480,-0.228765,-0.383936
3256,387379662,-0.735447,0.233752,0.466281,0.432505,-1.340155,-0.867093,0.708476
3257,387412996,-0.738770,0.229346,0.469838,0.425291,0.546191,-1.403406,-0.662575
3258,387446330,-0.742424,0.225560,0.472211,0.418267,1.495792,-0.329970,-0.208039
3259,387479664,-0.745985,0.224210,0.470726,0.414312,0.323553,-0.798093,-0.442487
3260,387512998,-0.749132,0.223462,0.468075,0.412035,-0.172714,-0.305934,0.107695
3261,387546332,-0.750264,0.222903,0.466907,0.411602,-1.081727,-0.940411,0.656023
3262,387579666,-0.750704,0.221089,0.468594,0.409858,-1.189398,-0.384702,0.476916
3263,387613000,-0.752229,0.216994,0.472125,0.405173,-0.182016,-0.504441,-0.221265
3264,387646334,-0.753735,0.213657,0.474409,0.401461,0.645942,-0.358486,-0.277137
3265,387679668,-0.754801,0.210864,0.476218,0.398784,0.130854,-0.271014,0.077143
3266,387713002,-0.755416,0.209386,0.476406,0.398173,-0.653716,0.117123,0.811635
3267,387746336,-0.755405,0.208878,0.475164,0.399942,-0.104118,0.218729,0.060887
3268,387779670,-0.755036,0.207070,0.476073,0.400498,-1.190914,-0.473752,-0.109970
3269,387813004,-0.754644,0.204505,0.476634,0.401885,0.534106,0.443540,0.469213
3270,387846338,-0.753905,0.201615,0.477939,0.403179,-0.268279,-0.057117,0.290246
3271,387879672,-0.753243,0.198617,0.478502,0.405232,-0.275906,0.342136,0.406606
3272,387913006,-0.751668,0.196572,0.479234,0.408277,-0.858865,-0.872620,-0.258448
3273,387946340,-0.750193,0.194521,0.479514,0.411631,-0.498564,-0.107191,0.511289
3274,387979674,-0.747523,0.194810,0.478370,0.417638,-0.110583,-0.812203,-0.111145
3275,388013008,-0.743769,0.198180,0.476875,0.424410,-0.981702,-1.341912,-0.167944
3276,388046342,-0.738908,0.201950,0.476384,0.431613,0.271755,-0.715515,-0.394193
3277,388079676,-0.733862,0.205399,0.479172,0.435492,-0.541770,0.450741,0.572132
3278,388113010,-0.729265,0.206185,0.486038,0.435233,-0.135240,0.997201,1.053114
3279,388146344,-0.725235,0.204975,0.494398,0.433117,1.224068,-1.342165,-0.623965
3280,388179678,-0.721749,0.205445,0.499026,0.433410,1.497165,-1.235239,-0.255667
3281,388213012,-0.719474,0.209453,0.497069,0.437503,0.562365,-1.723081,-1.155741
3282,388246346,-0.717486,0.216026,0.492456,0.442757,-0.974101,0.083013,0.518349
3283,388279680,-0.716300,0.220382,0.489536,0.445759,0.305520,0.181398,0.040313
3284,388313014,-0.715728,0.223339,0.488923,0.445880,0.381664,0.150770,0.302283
3285,388346348,-0.715221,0.224790,0.492241,0.442299,0.700507,0.379226,-0.005943
3286,388379682,-0.715165,0.225407,0.496281,0.437536,1.222022,0.119631,0.123193
3287,388413016,-0.714780,0.227059,0.499047,0.434151,1.237351,-0.244390,-0.390748
3288,388446350,-0.715252,0.231093,0.497832,0.432637,0.538834,-0.466005,-0.102944
3289,388479684,-0.716452,0.236980,0.493956,0.431910,0.134396,-0.182896,0.312222
3290,388513018,-0.717369,0.244544,0.487548,0.433448,-0.248334,0.191624,-0.021593
3291,388546352,-0.717843,0.251219,0.482390,0.434617,-0.841742,0.647602,0.580477
3292,388579686,-0.718060,0.256900,0.477818,0.435985,0.813204,1.285836,-0.002498
3293,388613020,-0.718051,0.262587,0.474224,0.436536,-1.431225,-0.275171,0.092070
3294,388646354,-0.718675,0.268156,0.468790,0.437990,0.299292,0.323915,-0.642315
3295,388679688,-0.720279,0.272913,0.463368,0.438186,-0.125015,0.896746,0.289781
3296,388713022,-0.721616,0.277872,0.457321,0.439222,-0.525197,0.616466,0.054570
3297,388746356,-0.723642,0.281832,0.450193,0.440726,0.711358,1.283207,-0.092289
3298,388779690,-0.724821,0.287144,0.444725,0.440913,-1.057946,0.693151,-0.065285
3299,388813024,-0.724934,0.291988,0.439261,0.443018,0.399167,0.649759,0.107701
3300,388846358,-0.723132,0.298406,0.435305,0.445583,0.772933,-1.025051,0.020426
3301,388879692,-0.721623,0.303329,0.431960,0.447954,-1.075496,0.433144,1.109758
3302,388913026,-0.720461,0.306066,0.432151,0.447779,0.189755,-0.984544,-0.326838
3303,388946360,-0.720707,0.307483,0.432320,0.446247,1.248682,0.236560,-0.740097
3304,388979694,-0.721720,0.309117,0.430223,0.445506,1.170904,-0.959459,0.291960
3305,389013028,-0.722938,0.311148,0.426391,0.445802,-0.169562,-0.954949,0.377424
3306,389046362,-0.722930,0.312976,0.422043,0.448663,0.464569,-0.852038,-0.057219
3307,389079696,-0.722164,0.314319,0.419388,0.451439,0.752932,1.149897,-0.160444
3308,389113030,-0.721681,0.314899,0.420034,0.451207,-0.147519,0.947912,0.251041
3309,389146364,-0.722453,0.314611,0.422124,0.448212,0.041337,-0.207320,-0.320745
3310,389179698,-0.724489,0.313074,0.423457,0.444730,-0.235957,-0.101973,-0.164115
3311,389213032,-0.726630,0.312534,0.422566,0.442459,-0.451856,0.186327,-0.362395
3312,389246366,-0.728450,0.311955,0.420068,0.442253,-0.774328,0.865597,0.824004
3313,389279700,-0.729812,0.312276,0.416667,0.442998,-1.677416,0.687756,0.590027
3314,389313034,-0.730518,0.312279,0.414237,0.444110,0.041385,1.718127,0.476428
3315,389346368,-0.730491,0.311650,0.413132,0.445624,0.121027,1.273500,0.110414
3316,389379702,-0.729695,0.310544,0.413253,0.447583,-0.216380,0.197715,1.189587
3317,389413036,-0.728702,0.309931,0.414076,0.448862,-0.215378,-0.349355,0.577349
3318,389446370,-0.726847,0.309945,0.413945,0.451971,-0.609868,-1.248462,0.474370
3319,389479704,-0.724463,0.309856,0.414995,0.454887,1.151560,-1.097005,-0.743593
3320,389513038,-0.721548,0.310895,0.415780,0.458084,0.943508,0.935617,-0.235938
3321,389546372,-0.717343,0.313891,0.417900,0.460708,0.191079,-1.751364,-0.305605
3322,389579706,-0.712647,0.315527,0.421753,0.463359,-0.586740,-0.450375,0.510071
3323,389613040,-0.708623,0.314988,0.428814,0.463417,0.832448,1.101986,0.660713
3324,389646374,-0.704965,0.314373,0.437398,0.461386,1.990044,-0.836120,-0.697060
3325,389679708,-0.700918,0.315746,0.442143,0.462092,1.748593,-1.104307,-0.801231
3326,389713042,-0.697461,0.318797,0.442242,0.465123,0.202583,-1.557531,-0.635554
3327,389746376,-0.695561,0.321506,0.439395,0.468787,0.286324,-0.998181,0.173979
3328,389779710,-0.694269,0.323791,0.435359,0.472878,1.208069,1.018292,0.132415
3329,389813044,-0.693323,0.325743,0.433387,0.474732,-0.274830,1.884927,0.917921
3330,389846378,-0.692767,0.326830,0.432685,0.475439,0.938400,1.057770,0.171816
3331,389879712,-0.692661,0.327346,0.432295,0.475592,0.135375,0.370831,-0.006416
3332,389913046,-0.693147,0.327445,0.429741,0.477127,-0.388343,0.346552,-0.099783
3333,389946380,-0.693892,0.327715,0.425647,0.479522,0.414042,0.117833,-0.019461
3334,389979714,-0.694543,0.329176,0.419765,0.482753,0.215980,0.530499,0.156485
3335,390013048,-0.696119,0.330221,0.413004,0.485594,-0.369506,0.884923,0.618397
3336,390046382,-0.698061,0.330759,0.409532,0.485380,0.764973,0.170485,-0.168790
3337,390079716,-0.700580,0.330343,0.405319,0.485571,0.601153,1.223626,0.180101
3338,390113050,-0.703340,0.330223,0.402576,0.483941,-0.444407,-0.386985,-0.045164
3339,390146384,-0.705660,0.331052,0.398371,0.483478,0.153207,-0.497191,-0.230813
3340,390179718,-0.707623,0.332659,0.393990,0.483095,0.099576,0.225865,-0.674830
3341,390213052,-0.710893,0.334610,0.386208,0.483230,0.494054,1.826440,0.785321
3342,390246386,-0.712697,0.338972,0.379151,0.483122,-0.061217,-0.596621,0.387033
3343,390279720,-0.713385,0.343899,0.371529,0.484543,-1.001239,-1.431528,1.185189
3344,390313054,-0.712343,0.347626,0.365988,0.487624,0.287852,-0.121747,0.972406
3345,390346388,-0.711802,0.348241,0.367906,0.486531,-0.168764,1.196780,0.920899
3346,390379722,-0.711603,0.346770,0.373858,0.483325,1.455891,0.333825,-0.583110
3347,390413056,-0.711683,0.344895,0.381097,0.478874,0.749712,-1.532338,-0.232772
3348,390446390,-0.711848,0.342040,0.386956,0.475968,2.389098,-1.474589,-1.091891
3349,390479724,-0.710190,0.340538,0.389603,0.477361,0.710972,-0.292396,0.290389
3350,390513058,-0.707587,0.339391,0.394348,0.478147,0.637752,-0.413691,0.023387
3351,390546392,-0.704154,0.339909,0.399784,0.478333,1.591105,0.654452,0.157801
3352,390579726,-0.699819,0.343235,0.402837,0.479757,0.139371,-0.063451,-0.121119
3353,390613060,-0.694929,0.345016,0.406871,0.482177,0.219361,-0.079432,-0.133874
3354,390646394,-0.690220,0.345780,0.409039,0.486539,-0.175035,0.513551,0.398252
3355,390679728,-0.684415,0.348163,0.408535,0.493417,1.196914,1.089095,0.014543
3356,390713062,-0.677846,0.350322,0.407421,0.501806,0.159652,1.104729,0.454204
3357,390746396,-0.671453,0.350137,0.407593,0.510317,-0.258997,1.499895,0.323200
3358,390779730,-0.664583,0.346186,0.410592,0.519518,-0.171096,1.309540,1.000353
3359,390813064,-0.656321,0.340311,0.415082,0.530225,-0.665941,1.406039,1.447632
3360,390846398,-0.645519,0.333725,0.418969,0.544425,-0.654795,-0.367172,0.273602
3361,390879732,-0.636225,0.323623,0.422205,0.558775,-0.233695,-1.504330,0.665215
3362,390913066,-0.625100,0.318525,0.420096,0.575597,-0.206628,-2.061344,1.012694
3363,390946400,-0.610129,0.326840,0.406095,0.596662,-0.935882,-4.312202,1.516356
3364,390979734,-0.599126,0.346417,0.382433,0.612201,-2.855036,-1.644587,-0.257478
3365,391013068,-0.598708,0.358762,0.361810,0.618007,-0.514631,2.506218,-1.998384
3366,391046402,-0.599764,0.358533,0.358076,0.619290,4.211658,3.708117,-2.886129
3367,391079736,-0.579954,0.371394,0.357628,0.630733,4.914265,2.023816,-0.431589
3368,391113070,-0.556840,0.385668,0.354901,0.644387,-1.084351,-0.896240,-0.552272
3369,391146404,-0.542143,0.386411,0.361637,0.652676,-0.128165,-3.303180,1.649162
3370,391179738,-0.539702,0.379180,0.369299,0.654647,1.332790,-2.000466,-0.421128
3371,391213072,-0.541040,0.371182,0.373901,0.655514,-0.014189,1.425336,-0.041178
3372,391246406,-0.539725,0.366724,0.372828,0.659704,1.855828,0.012527,-0.438654
3373,391279740,-0.539143,0.361942,0.369602,0.664618,0.558309,1.303859,0.009564
3374,391313074,-0.540516,0.356476,0.368597,0.667011,0.720981,1.284427,0.442046
3375,391346408,-0.542611,0.351650,0.366603,0.668968,1.356640,1.411187,0.088740
3376,391379742,-0.545039,0.348713,0.365283,0.669254,0.340034,1.193028,-0.178372
3377,391413076,-0.550233,0.344491,0.362449,0.668731,0.269247,1.436413,-0.084048
3378,391446410,-0.555869,0.340805,0.358262,0.668215,0.531662,-0.029493,-0.580364
3379,391479744,-0.561241,0.336903,0.353813,0.668073,-0.160665,1.413460,0.622270
3380,391513078,-0.565033,0.333811,0.349962,0.668457,1.563485,2.530630,0.800777
3381,391546412,-0.569409,0.331325,0.348811,0.666580,-0.154624,-0.104554,0.100252
3382,391579746,-0.574087,0.328938,0.347903,0.664221,0.806388,-0.998346,-0.300219
3383,391613080,-0.578205,0.327724,0.346971,0.661731,-1.493050,-0.108845,0.372198
3384,391646414,-0.583328,0.325344,0.350356,0.656605,-0.365745,1.236992,1.548390
3385,391679748,-0.587768,0.323036,0.357978,0.649637,0.159948,0.160865,0.957326
3386,391713082,-0.593101,0.320584,0.368799,0.639879,-1.063074,-1.986406,0.248373
3387,391746416,-0.599605,0.315451,0.378057,0.630903,-0.096779,-2.214163,-0.639184
3388,391779750,-0.605820,0.309566,0.380211,0.626571,-0.520529,-1.229285,-0.221882
3389,391813084,-0.610175,0.305942,0.378453,0.625188,-0.342427,0.079659,0.063797
3390,391846418,-0.613245,0.302238,0.377707,0.624437,-0.551873,0.026229,0.463014
3391,391879752,-0.615817,0.298799,0.379984,0.622174,-0.592268,0.969346,0.279175
3392,391913086,-0.618582,0.295385,0.382889,0.619275,-0.522087,0.704192,0.707326
3393,391946420,-0.621045,0.292487,0.385539,0.616534,-0.642781,-0.586282,-0.480771
3394,391979754,-0.623478,0.289688,0.386505,0.614793,-0.976539,0.324795,0.726064
3395,392013088,-0.627408,0.285483,0.388018,0.611802,-0.805161,-0.826724,-0.725071
3396,392046422,-0.632197,0.279494,0.389688,0.608567,1.083642,0.405568,-0.233244
3397,392079756,-0.636662,0.274164,0.390285,0.605949,-0.677574,0.632453,-0.315375
3398,392113090,-0.641891,0.266696,0.391956,0.602678,-0.546330,0.187999,1.248094
3399,392146424,-0.645237,0.261614,0.392650,0.600878,0.261420,0.565737,0.369246
3400,392179758,-0.648425,0.257258,0.395604,0.597379,-0.590732,0.190334,-0.413211
3401,392213092,-0.650852,0.252391,0.399100,0.594483,-0.365342,0.436517,-0.005682
3402,392246426,-0.653056,0.248012,0.403380,0.591010,-0.212925,-0.588494,-0.182760
3403,392279760,-0.654556,0.245692,0.406296,0.588316,-0.913302,-1.083882,0.016257
3404,392313094,-0.656115,0.245289,0.408251,0.585387,0.714173,-0.774866,0.532323
3405,392346428,-0.657774,0.244751,0.412935,0.580444,0.650686,-0.199685,-0.003403
3406,392379762,-0.658901,0.241918,0.423155,0.572945,0.971462,0.883299,0.726330
3407,392413096,-0.660700,0.237470,0.436200,0.562861,0.359352,-2.321604,-1.277662
3408,392446430,-0.662279,0.236138,0.442272,0.556796,-1.194689,-2.648329,-0.870094
3409,392479764,-0.664319,0.236001,0.442355,0.554352,-0.155894,-1.341342,0.005057
3410,392513098,-0.667204,0.236888,0.440017,0.552367,-1.201431,0.547764,1.162661
3411,392546432,-0.669978,0.236367,0.439593,0.549562,1.362628,0.945245,0.364514
3412,392579766,-0.673036,0.234125,0.442667,0.544293,-0.489005,0.716685,0.180543
3413,392613100,-0.676275,0.231620,0.445168,0.539287,0.567943,-0.510048,-0.706662
3414,392646434,-0.680765,0.229337,0.443357,0.536096,-0.739858,0.375150,0.017785
3415,392679768,-0.685098,0.227503,0.440533,0.533680,0.619738,0.709390,-0.317677
3416,392713102,-0.690694,0.225092,0.438415,0.529215,-0.652406,-0.017076,-0.206974
3417,392746436,-0.697426,0.222157,0.435209,0.524249,-1.676464,0.674171,0.308870
3418,392779770,-0.703834,0.219462,0.432869,0.518728,-1.327587,0.340264,0.781340
3419,392813104,-0.711062,0.216930,0.428763,0.513318,-0.537584,0.752756,0.543341
3420,392846438,-0.717640,0.215417,0.425042,0.507866,0.196889,0.581635,0.402554
3421,392879772,-0.725619,0.212684,0.421615,0.500484,1.008521,0.424134,0.323157
3422,392913106,-0.734477,0.210983,0.417002,0.492078,0.259929,-0.734099,0.042022
3423,392946440,-0.742606,0.211701,0.412819,0.483012,-0.849669,-1.293452,-0.113698
3424,392979774,-0.749515,0.213039,0.411136,0.473084,0.688796,-0.572452,-0.327317
3425,393013108,-0.753722,0.212147,0.415019,0.463311,0.240626,-0.417890,1.498143
3426,393046442,-0.756219,0.209247,0.420859,0.455222,-1.006030,-2.615451,0.371393
3427,393079776,-0.758700,0.206579,0.424817,0.448588,0.873214,-1.848150,-1.127749
3428,393113110,-0.760284,0.205322,0.427271,0.444130,0.758281,-0.729139,-1.233684
3429,393146444,-0.763455,0.203196,0.428743,0.438210,1.010047,0.176733,-0.427029
3430,393179778,-0.768351,0.199633,0.430652,0.429328,0.439797,0.338665,-0.551977
3431,393213112,-0.772643,0.195461,0.434155,0.419914,-0.265305,0.480799,0.025086
3432,393246446,-0.776320,0.190941,0.436770,0.412433,-0.574928,1.112875,-0.016541
3433,393279780,-0.779433,0.186253,0.438623,0.406700,-1.723724,0.872519,1.742404
3434,393313114,-0.782020,0.181503,0.440352,0.401986,-0.067447,0.538655,-0.251220
3435,393346448,-0.784865,0.176590,0.440612,0.398328,-0.479307,0.795512,0.272785
3436,393379782,-0.787213,0.171872,0.439795,0.396657,-0.278301,1.857156,0.260871
3437,393413116,-0.789649,0.165708,0.440557,0.393580,-0.444017,-0.070389,0.136317
3438,393446450,-0.793126,0.157303,0.441444,0.389019,-0.421874,0.112057,-0.208650
3439,393479784,-0.796924,0.145648,0.443644,0.383249,-0.260433,-0.491374,-0.158805
3440,393513118,-0.800734,0.131793,0.446517,0.376934,0.635741,-0.000240,0.520125
3441,393546452,-0.802401,0.119203,0.451470,0.371644,0.056632,-1.466041,-0.136770
3442,393579786,-0.801888,0.109870,0.458281,0.367265,-0.673613,-0.949676,0.441475
3443,393613120,-0.800925,0.101689,0.467330,0.360252,-0.121923,1.111897,0.737982
3444,393646454,-0.801202,0.094123,0.477398,0.348293,1.238196,0.961210,0.598438
3445,393679788,-0.801877,0.090950,0.484250,0.337970,1.107202,-3.690562,-1.081250
3446,393713122,-0.801962,0.092041,0.487208,0.333190,0.721089,-4.229079,-0.674387
3447,393746456,-0.801784,0.095367,0.487927,0.331626,-0.526987,-2.015120,0.592136
3448,393779790,-0.800814,0.098346,0.490151,0.329816,-0.626225,0.272712,1.244775
3449,393813124,-0.798899,0.098374,0.497203,0.323841,0.782719,0.083320,0.425167
3450,393846458,-0.797557,0.098199,0.504840,0.315274,1.605012,-0.489328,-0.548896
3451,393879792,-0.797578,0.100076,0.509457,0.307096,0.868707,-0.383094,-0.407116
3452,393913126,-0.798965,0.104609,0.509663,0.301589,0.983658,0.301896,-0.226552
3453,393946460,-0.802077,0.107778,0.507310,0.296132,-0.299315,0.040946,0.113847
3454,393979794,-0.806397,0.110411,0.502630,0.291370,-1.180764,1.011779,0.250239
3455,394013128,-0.810524,0.112299,0.498243,0.286696,-1.515907,1.356055,0.946192
3456,394046462,-0.814876,0.112381,0.494562,0.280638,-0.833915,1.491969,0.161293
3457,394079796,-0.820565,0.110135,0.490611,0.271744,-1.131452,1.546047,0.055582
3458,394113130,-0.826321,0.107245,0.486227,0.263205,-0.039508,1.372439,-0.863680
3459,394146464,-0.832295,0.103997,0.480678,0.255771,-1.251953,0.644191,0.482419
3460,394179798,-0.837982,0.100741,0.475383,0.248292,-0.458672,-0.259283,-0.028429
3461,394213132,-0.844106,0.099222,0.468088,0.241939,-0.150479,0.300796,0.589899
3462,394246466,-0.848181,0.098307,0.464128,0.235605,-0.963356,-0.852564,1.392664
3463,394279800,-0.850458,0.099316,0.462890,0.229329,-2.033530,-1.388345,1.257874
3464,394313134,-0.850939,0.095671,0.467466,0.219604,0.681415,-1.238966,-0.078448
3465,394346468,-0.851527,0.086165,0.474227,0.206367,0.646831,-0.987068,0.162920
3466,394379802,-0.852373,0.076414,0.479507,0.194153,1.318288,0.214965,-0.432486
3467,394413136,-0.854181,0.070120,0.480329,0.186393,0.296631,-0.138821,-0.312190
3468,394446470,-0.856570,0.067266,0.478064,0.182260,0.750400,-0.280216,-0.505295
3469,394479804,-0.858864,0.065781,0.474964,0.180098,0.134976,-0.211258,-0.501577
3470,394513138,-0.860140,0.061476,0.474947,0.175517,-1.096327,-0.787114,0.752721
3471,394546472,-0.860982,0.054677,0.476863,0.168296,-1.165557,-0.635976,0.682958
3472,394579806,-0.861372,0.045548,0.480423,0.158616,0.366705,0.428552,-0.324880
3473,394613140,-0.861947,0.037484,0.482625,0.150718,0.104722,0.653098,-0.460912
3474,394646474,-0.863489,0.031662,0.482019,0.145063,-0.565786,-0.116265,0.373227
3475,394679808,-0.865344,0.027392,0.480317,0.140450,-0.621141,-0.977534,0.081339
3476,394713142,-0.866922,0.022277,0.478726,0.137011,-0.469478,1.281889,0.416023
3477,394746476,-0.867902,0.016283,0.478024,0.134071,-0.468392,0.511877,0.400557
3478,394779810,-0.868791,0.008278,0.477797,0.129788,-0.384565,0.925655,0.381544
3479,394813144,-0.868891,0.000300,0.478912,0.125191,-0.327280,-1.303087,0.029122
3480,394846478,-0.869196,-0.007215,0.479331,0.121194,-0.018463,-0.487109,0.058568
3481,394879812,-0.870225,-0.010112,0.477644,0.120261,0.930065,-1.493570,-0.988141
3482,394913146,-0.870651,-0.010459,0.476567,0.121420,0.453354,-1.720473,0.216455
3483,394946480,-0.868725,-0.014811,0.480635,0.118693,-0.829035,-1.131342,0.836397
3484,394979814,-0.865663,-0.024938,0.488201,0.108012,-1.524200,0.811742,0.202078
3485,395013148,-0.861439,-0.038218,0.497595,0.094134,1.408505,1.810207,-0.689296
3486,395046482,-0.859750,-0.046435,0.501689,0.083557,2.970190,-2.984577,-0.501762
3487,395079816,-0.859733,-0.048758,0.501867,0.081309,1.312576,-1.405837,0.091392
3488,395113150,-0.860661,-0.047699,0.500178,0.082526,-1.234674,-0.540987,0.467303
3489,395146484,-0.860362,-0.049597,0.500978,0.079626,-1.300882,0.344366,1.226950
3490,395179818,-0.858772,-0.056027,0.504169,0.072016,0.363087,0.157526,0.517342
3491,395213152,-0.857394,-0.062752,0.506758,0.064297,1.052271,-0.288191,-0.608086
3492,395246486,-0.857825,-0.066229,0.506248,0.058845,0.004571,-0.833764,-0.097110
3493,395279820,-0.859008,-0.066916,0.504445,0.056241,-0.360679,0.879724,0.003107
3494,395313154,-0.860983,-0.067128,0.501398,0.052951,-1.798251,0.306987,-0.040481
3495,395346488,-0.863553,-0.067811,0.497312,0.048574,-0.563681,0.627864,0.019194
3496,395379822,-0.865168,-0.070970,0.494665,0.041890,-0.494355,-0.837632,-0.310166
3497,395413156,-0.867274,-0.073868,0.491001,0.036039,-1.376500,0.555436,0.484386
3498,395446490,-0.869459,-0.076608,0.487105,0.030020,-0.409978,0.049672,0.447341
3499,395479824,-0.871340,-0.079392,0.483665,0.023059,-1.176151,-0.583458,0.091589
3500,395513158,-0.873509,-0.081231,0.479707,0.016311,-1.362769,-0.974830,0.372364
3501,395546492,-0.875336,-0.084058,0.476079,0.008437,-0.172074,0.035751,0.306286
3502,395579826,-0.877344,-0.085110,0.472255,0.000707,1.179000,0.076382,-0.880172
3503,395613160,-0.879415,-0.084258,0.468470,-0.008114,1.435392,-1.121603,-0.831586
3504,395646494,-0.880875,-0.082230,0.465885,-0.015822,0.189121,-0.671360,0.532812
3505,395679828,-0.880661,-0.082611,0.465833,-0.024757,0.685050,-1.187340,1.093280
3506,395713162,-0.878836,-0.087954,0.467635,-0.035065,1.179892,0.461779,-0.268419
3507,395746496,-0.877846,-0.093028,0.467723,-0.044359,1.612936,-0.358913,-0.761847
3508,395779830,-0.877445,-0.096128,0.466986,-0.052677,1.298716,-0.733484,-0.250021
3509,395813164,-0.877832,-0.097043,0.465238,-0.059571,-0.140872,0.726013,0.563126
3510,395846498,-0.877859,-0.097597,0.464169,-0.066231,0.230132,-1.168659,0.604273
3511,395879832,-0.877248,-0.100447,0.463643,-0.073361,0.590550,0.642238,0.158820
3512,395913166,-0.875852,-0.104966,0.463971,-0.081223,-0.653164,-1.082315,1.544378
3513,395946500,-0.874313,-0.110191,0.464082,-0.089795,0.072095,-0.633278,0.796037
3514,395979834,-0.873250,-0.114319,0.463520,-0.097549,0.079266,-0.071834,-0.562289
3515,396013168,-0.872937,-0.117684,0.461968,-0.103528,-0.452678,0.875058,-1.023955
3516,396046502,-0.872617,-0.121200,0.460527,-0.108471,-0.716163,0.602875,-0.109373
3517,396079836,-0.872376,-0.124494,0.458776,-0.113955,-0.456825,0.535006,-0.485309
3518,396113170,-0.872223,-0.127562,0.456765,-0.119671,-0.181692,-0.102473,-0.316779
3519,396146504,-0.872783,-0.130987,0.453291,-0.124985,-1.141933,0.169367,0.994283
3520,396179838,-0.872539,-0.135130,0.451064,-0.130222,0.536588,0.101429,-0.010003
3521,396213172,-0.872496,-0.138758,0.448346,-0.135954,0.097095,-0.382380,-0.362936
3522,396246506,-0.871946,-0.142752,0.446041,-0.142761,0.954145,-1.329278,-0.318797
3523,396279840,-0.870568,-0.145806,0.446364,-0.147010,1.383013,-0.111577,-0.635034
3524,396313174,-0.867324,-0.148583,0.450416,-0.150994,0.773500,-1.680089,0.952014
3525,396346508,-0.859887,-0.159106,0.457376,-0.161515,0.163337,0.205795,1.476793
3526,396379842,-0.850258,-0.174466,0.464552,-0.175542,0.146382,1.680235,-0.415957
3527,396413176,-0.842719,-0.186263,0.469451,-0.186409,3.652358,1.762763,-1.623405
3528,396446510,-0.841206,-0.186552,0.470249,-0.190887,2.899043,-0.012181,-1.485420
3529,396479844,-0.843014,-0.180974,0.469394,-0.190383,-1.380691,-1.287293,0.983767
3530,396513178,-0.842840,-0.179333,0.469938,-0.191363,-2.046861,-1.217273,1.025252
3531,396546512,-0.839071,-0.184286,0.472248,-0.197437,-1.020269,-0.541122,0.141027
3532,396579846,-0.835730,-0.189524,0.473607,-0.203303,-0.614439,0.682532,-0.340838
3533,396613180,-0.833208,-0.193925,0.472992,-0.210801,0.446626,-0.341502,0.156574
3534,396646514,-0.833926,-0.193642,0.468485,-0.218158,-0.078334,1.143473,-0.689116
3535,396679848,-0.834799,-0.194634,0.462712,-0.226111,0.031062,-0.694970,-1.002501
3536,396713182,-0.836325,-0.195279,0.456054,-0.233327,-1.444266,-0.878345,0.737206
3537,396746516,-0.836825,-0.196506,0.450309,-0.241520,-1.099257,-0.959970,0.774846
3538,396779850,-0.836572,-0.198003,0.445387,-0.250145,-2.869975,-0.273049,1.567060
3539,396813184,-0.834823,-0.201285,0.441647,-0.259817,1.855559,0.439582,-1.589051
3540,396846518,-0.834992,-0.201000,0.435790,-0.269213,-0.219098,-1.604927,0.728611
3541,396879852,-0.836152,-0.197969,0.430129,-0.276851,-0.202453,-0.796367,0.281015
3542,396913186,-0.837376,-0.194525,0.424811,-0.283721,-0.365943,0.163679,-0.392849
3543,396946520,-0.838450,-0.190484,0.419633,-0.290907,0.572838,-0.760974,0.375435
3544,396979854,-0.837213,-0.187152,0.416428,-0.301059,1.316966,-0.456055,-0.117970
3545,397013188,-0.834524,-0.185178,0.414634,-0.312022,0.029774,0.398311,0.668712
3546,397046522,-0.831214,-0.184808,0.414987,-0.320494,0.649565,0.287669,-0.167892
3547,397079856,-0.825779,-0.191502,0.415190,-0.330203,1.855365,-1.177431,1.491583
3548,397113190,-0.819913,-0.199565,0.416214,-0.338650,2.223367,0.205951,-0.475237
3549,397146524,-0.814318,-0.208328,0.416671,-0.346224,1.747036,0.649917,-0.697769
3550,397179858,-0.810659,-0.213380,0.416114,-0.352352,0.107724,0.472803,0.194622
3551,397213192,-0.807063,-0.216425,0.415808,-0.359047,0.790620,1.659986,-0.670719
3552,397246526,-0.802928,-0.222041,0.412889,-0.368141,-0.677261,0.132350,0.113859
3553,397279860,-0.798698,-0.228833,0.408068,-0.378414,0.483427,-0.626818,-0.012737
3554,397313194,-0.795479,-0.233937,0.403120,-0.387276,-0.019976,-1.133502,0.262077
3555,397346528,-0.793725,-0.237330,0.398778,-0.393257,-0.788059,-0.993061,0.313330
3556,397379862,-0.793453,-0.238567,0.395363,-0.396494,-1.050691,-0.533055,0.236232
3557,397413196,-0.792133,-0.241274,0.392080,-0.400731,0.184764,-0.908103,-0.273417
3558,397446530,-0.791342,-0.243706,0.387587,-0.405169,-1.882990,0.995217,-0.220641
3559,397479864,-0.789723,-0.248165,0.383584,-0.409409,1.601845,-0.442256,0.024335
3560,397513198,-0.788760,-0.252176,0.378440,-0.413581,0.923486,-1.439652,1.036659
3561,397546532,-0.788863,-0.254788,0.373945,-0.415866,0.394822,-0.865659,0.867460
3562,397579866,-0.788459,-0.258249,0.370228,-0.417817,-0.088281,0.599043,-0.507385
3563,397613200,-0.787367,-0.261579,0.368625,-0.419221,0.567853,0.655668,0.130743
3564,397646534,-0.783908,-0.267246,0.369838,-0.421056,1.631163,1.162207,-0.131066
3565,397679868,-0.778502,-0.274318,0.371408,-0.425137,1.117922,-0.754978,1.110189
3566,397713202,-0.770815,-0.284972,0.372799,-0.430879,-1.833681,2.227850,-0.644765
3567,397746536,-0.764099,-0.293562,0.374332,-0.435718,1.890422,2.020662,-1.531049
3568,397779870,-0.760856,-0.296931,0.375187,-0.438367,2.941786,1.414761,-0.716456
3569,397813204,-0.760426,-0.296642,0.374483,-0.439909,1.005479,0.029729,0.451596
3570,397846538,-0.759629,-0.296893,0.374016,-0.441510,0.318098,-0.755965,1.377939
3571,397879872,-0.756366,-0.300423,0.374076,-0.444662,0.280018,-0.368447,0.693348
3572,397913206,-0.751715,-0.305792,0.373772,-0.449123,0.055482,1.062083,-0.528550
3573,397946540,-0.747082,-0.310937,0.371564,-0.455112,1.061531,-0.083983,-0.479529
3574,397979874,-0.744905,-0.312558,0.369092,-0.459561,-0.389050,-0.013829,-0.882289
3575,398013208,-0.744726,-0.311222,0.366781,-0.462597,-1.002123,-0.233918,-0.290360
3576,398046542,-0.745012,-0.310131,0.363151,-0.465723,-0.835052,-0.247473,-0.091760
3577,398079876,-0.743777,-0.310999,0.359012,-0.470304,-0.694490,-0.259183,-0.363166
3578,398113210,-0.741973,-0.312211,0.354325,-0.475873,0.277321,-0.524060,0.085944
3579,398146544,-0.740382,-0.312517,0.349953,-0.481354,-0.040282,-0.462909,0.122829
3580,398179878,-0.738092,-0.313009,0.345819,-0.487500,0.250901,-0.209203,-0.052354
3581,398213212,-0.736440,-0.311609,0.342111,-0.493475,-0.564366,0.480559,-0.697709
3582,398246546,-0.734575,-0.310511,0.338570,-0.499354,-2.311908,1.159561,-0.386822
3583,398279880,-0.731869,-0.307990,0.335265,-0.507058,1.178132,0.413941,0.098578
3584,398313214,-0.728955,-0.304530,0.334137,-0.514042,1.164400,1.204149,0.406144
3585,398346548,-0.724379,-0.304458,0.335516,-0.519626,1.390375,0.988766,-0.785780
3586,398379882,-0.717553,-0.309678,0.335542,-0.525956,1.284619,-0.188845,1.042805
3587,398413216,-0.710199,-0.317153,0.333997,-0.532426,0.950978,0.500469,-0.629325
3588,398446550,-0.701578,-0.327268,0.331486,-0.539261,0.736240,1.970996,-1.194356
3589,398479884,-0.695689,-0.333313,0.327936,-0.545323,0.377047,0.967727,-0.975143
3590,398513218,-0.691337,-0.335896,0.324588,-0.551245,-0.105926,-0.293269,1.043207
3591,398546552,-0.686110,-0.339885,0.321120,-0.557328,-0.153737,-0.455691,0.528665
3592,398579886,-0.678774,-0.347064,0.316993,-0.564206,1.444919,-0.390705,-0.005194
3593,398613220,-0.670328,-0.356700,0.312375,-0.570831,0.982033,1.497579,-0.485364
3594,398646554,-0.661976,-0.364968,0.307907,-0.577737,0.409591,0.681922,-0.288866
3595,398679888,-0.654756,-0.370150,0.303818,-0.584790,0.332171,-0.199398,0.254637
3596,398713222,-0.648049,-0.373670,0.299906,-0.591997,-0.675519,-0.774651,0.438354
3597,398746556,-0.643268,-0.375362,0.297534,-0.597314,0.451157,-1.105331,-0.053948
3598,398779890,-0.640225,-0.375442,0.294461,-0.602037,0.306028,-3.099450,0.903729
3599,398813224,-0.638722,-0.375488,0.291931,-0.604831,0.266899,-1.283826,0.569272
3600,398846558,-0.638211,-0.375683,0.288686,-0.606803,1.273265,-0.881271,0.773128
3601,398879892,-0.639335,-0.375342,0.284677,-0.607724,0.424370,-0.424579,0.480444
3602,398913226,-0.637611,-0.376877,0.279111,-0.611157,0.545769,-0.111950,0.065810
3603,398946560,-0.635865,-0.376682,0.275398,-0.614771,-0.632534,0.138848,-0.777793
3604,398979894,-0.633251,-0.376772,0.275485,-0.617369,1.717159,0.866399,-0.121502
3605,399013228,-0.626596,-0.380415,0.275386,-0.621953,1.550526,-0.036847,1.051008
3606,399046562,-0.615098,-0.391608,0.272493,-0.627731,-0.045479,-0.371507,1.071761
3607,399079896,-0.600247,-0.407220,0.266161,-0.634851,0.141163,2.490452,-1.305899
3608,399113230,-0.590274,-0.417445,0.260006,-0.640089,1.258316,2.478559,0.269482
3609,399146564,-0.586014,-0.420801,0.257335,-0.642879,0.804202,1.922624,-0.987579
3610,399179898,-0.583988,-0.420049,0.255412,-0.645974,0.739614,-0.261330,0.571019
3611,399213232,-0.579623,-0.422536,0.253910,-0.648869,-1.112809,-0.677856,0.854746
3612,399246566,-0.571006,-0.429579,0.250974,-0.653014,-0.742467,0.450039,-0.288130
3613,399279900,-0.561142,-0.434976,0.246316,-0.659731,-0.176249,0.885640,-0.010566
3614,399313234,-0.552398,-0.437606,0.241908,-0.666962,-0.596868,1.457255,-0.762156
3615,399346568,-0.546126,-0.436492,0.238842,-0.673927,1.703344,-0.416560,0.294250
3616,399379902,-0.539769,-0.434540,0.235148,-0.681565,0.523053,-0.710084,0.137407
3617,399413236,-0.533605,-0.432303,0.232055,-0.688862,0.581965,-0.629816,0.419641
3618,399446570,-0.525849,-0.433707,0.226650,-0.695709,0.475720,-1.277105,0.273081
3619,399479904,-0.516456,-0.435593,0.219661,-0.703762,-1.191297,-0.968264,0.488308
3620,399513238,-0.506657,-0.435651,0.212870,-0.712877,-1.140464,-0.014239,0.449615
3621,399546572,-0.497601,-0.432800,0.207803,-0.722424,0.688509,-0.005621,0.067889
3622,399579906,-0.489116,-0.430126,0.202984,-0.731133,1.327697,0.855738,0.508846
3623,399613240,-0.480587,-0.427481,0.198461,-0.739533,0.514744,1.572790,0.462876
3624,399646574,-0.473374,-0.424031,0.198095,-0.746240,-0.533842,1.322027,-0.162514
3625,399679908,-0.464740,-0.421589,0.199872,-0.752550,0.597430,1.119873,0.091208
3626,399713242,-0.454457,-0.424043,0.198868,-0.757699,1.070739,2.009151,0.821406
3627,399746576,-0.445795,-0.427548,0.197023,-0.761349,2.087783,2.143883,0.448671
3628,399779910,-0.439294,-0.433252,0.196653,-0.761999,-0.049722,0.504087,-0.110715
3629,399813244,-0.429713,-0.437649,0.194909,-0.765390,-0.259650,0.814645,-1.427634
3630,399846578,-0.417753,-0.441720,0.192526,-0.770260,-0.575605,-0.197381,-0.297257
3631,399879912,-0.405573,-0.444986,0.188877,-0.775773,-0.887143,-0.516675,-0.565260
3632,399913246,-0.398794,-0.443616,0.189507,-0.779908,1.085885,-0.428157,0.716261
3633,399946580,-0.396074,-0.439339,0.192626,-0.782944,1.733344,-0.605412,-0.239101
3634,399979914,-0.392947,-0.439025,0.190899,-0.785117,0.687157,-0.253656,-0.225772
3635,400013248,-0.390794,-0.437310,0.188569,-0.787707,0.744967,-1.462070,-0.556142
3636,400046582,-0.385782,-0.439410,0.182751,-0.790376,0.832550,-0.238496,-0.015685
3637,400079916,-0.378525,-0.443618,0.173986,-0.793506,0.260483,-0.722649,-0.141302
3638,400113250,-0.369822,-0.448604,0.162911,-0.797150,0.492427,0.022981,0.072608
3639,400146584,-0.361757,-0.453823,0.153069,-0.799842,1.427848,0.605126,0.415436
3640,400179918,-0.353219,-0.459427,0.142467,-0.802413,1.046829,1.143963,-0.043476
3641,400213252,-0.344863,-0.464740,0.131716,-0.804822,-0.354431,0.987817,-0.426423
3642,400246586,-0.338972,-0.467666,0.125556,-0.806612,1.062667,2.296537,0.459664
3643,400279920,-0.330934,-0.473084,0.119699,-0.807680,0.935197,0.740028,1.398620
3644,400313254,-0.319429,-0.484006,0.110598,-0.807138,-0.239592,0.293865,0.893915
3645,400346588,-0.306509,-0.495051,0.101484,-0.806647,-0.708491,2.550977,-0.148937
3646,400379922,-0.298964,-0.498780,0.097193,-0.807708,-2.488501,2.192720,-1.839990
3647,400413256,-0.296356,-0.497288,0.096542,-0.809665,-0.526074,0.989574,0.532464
3648,400446590,-0.293968,-0.494962,0.096080,-0.812013,0.410320,-0.240850,1.029796
3649,400479924,-0.289592,-0.494817,0.095498,-0.813741,0.628710,0.363447,0.844048
3650,400513258,-0.283250,-0.497129,0.092823,-0.814872,-0.506204,0.406041,-0.509114
3651,400546592,-0.276027,-0.500097,0.089497,-0.815906,1.045014,1.314721,0.134775
3652,400579926,-0.268997,-0.501155,0.085150,-0.818067,-0.181123,-0.156924,-0.365878
3653,400613260,-0.263632,-0.500528,0.082209,-0.820495,0.040568,-0.704331,-0.163274
3654,400646594,-0.257468,-0.499651,0.078837,-0.823313,1.010011,0.113550,0.565816
3655,400679928,-0.250644,-0.497994,0.075186,-0.826757,0.904639,0.272104,0.481015
3656,400713262,-0.242596,-0.495926,0.071176,-0.830746,0.584235,-0.569190,-0.427711
3657,400746596,-0.233735,-0.493623,0.065787,-0.835091,1.174739,-0.726837,0.412099
3658,400779930,-0.224033,-0.490885,0.059584,-0.839817,0.651335,-0.348055,0.376506
3659,400813264,-0.213323,-0.488775,0.052395,-0.844303,-0.145434,-0.151568,-0.152727
3660,400846598,-0.204087,-0.485274,0.046606,-0.848932,0.472434,-0.042441,-0.107868
3661,400879932,-0.195573,-0.481287,0.041949,-0.853437,-0.256713,-0.114553,-0.676686
3662,400913266,-0.186473,-0.476843,0.039584,-0.858069,-0.245970,1.704726,-0.965486
3663,400946600,-0.177525,-0.474091,0.040403,-0.861447,-0.026323,2.039604,0.269727
3664,400979934,-0.165894,-0.474537,0.037549,-0.863646,-0.040226,0.123144,0.428562
3665,401013268,-0.151605,-0.478821,0.028712,-0.864247,-0.049795,2.542459,0.572573
3666,401046602,-0.140497,-0.482915,0.021024,-0.864068,0.379980,2.733587,-0.035866
3667,401079936,-0.133410,-0.485547,0.015102,-0.863840,0.187052,-0.278989,0.393160
3668,401113270,-0.126489,-0.486579,0.011462,-0.864356,-0.586484,-0.016745,0.170302
3669,401146604,-0.116660,-0.487954,0.006784,-0.865012,-0.317386,1.460795,0.957358
3670,401179938,-0.106769,-0.489093,-0.000642,-0.865673,0.587307,0.502058,1.011997
3671,401213272,-0.098072,-0.489950,-0.007979,-0.866180,1.256203,0.565600,0.516150
3672,401246606,-0.091541,-0.489960,-0.014120,-0.866811,1.313528,0.726179,0.049337
3673,401279940,-0.087244,-0.488133,-0.019264,-0.868185,1.445455,0.525870,0.255180
3674,401313274,-0.083433,-0.486287,-0.024571,-0.869460,0.311585,0.143062,-0.648976
3675,401346608,-0.079864,-0.483856,-0.030125,-0.870976,0.236847,0.119550,-0.055611
3676,401379942,-0.075243,-0.480929,-0.035531,-0.872802,1.434746,1.090736,0.337837
3677,401413276,-0.071722,-0.479146,-0.041067,-0.873836,0.367252,-0.448863,0.635054
3678,401446610,-0.068261,-0.477926,-0.047807,-0.874438,0.003382,0.477773,0.348555
3679,401479944,-0.066098,-0.476822,-0.054369,-0.874823,0.154803,1.288197,-0.332880
3680,401513278,-0.064157,-0.476270,-0.060154,-0.874890,-0.716014,0.910592,-0.142838
3681,401546612,-0.063597,-0.476988,-0.065727,-0.874139,-1.336379,0.523858,-0.634844
3682,401579946,-0.061925,-0.480013,-0.070667,-0.872216,-0.457242,3.108166,0.363953
3683,401613280,-0.056992,-0.486625,-0.077743,-0.868277,0.843624,0.236712,1.139699
3684,401646614,-0.045902,-0.496646,-0.092332,-0.861807,-0.336141,-0.258338,0.364041
3685,401679948,-0.035445,-0.504783,-0.104715,-0.856138,-2.600166,0.181430,-2.245104
3686,401713282,-0.030733,-0.508287,-0.106222,-0.854059,-2.818532,1.308663,-0.931323
3687,401746616,-0.029769,-0.507936,-0.103816,-0.854598,-0.522831,1.853966,0.025714
3688,401779950,-0.029677,-0.507766,-0.101988,-0.854922,1.358318,0.988629,1.526694
3689,401813284,-0.026008,-0.510408,-0.104686,-0.853141,0.349543,-0.694379,0.942282
3690,401846618,-0.018290,-0.513866,-0.109381,-0.850672,-0.226224,-0.730262,0.155647
3691,401879952,-0.010095,-0.515357,-0.113314,-0.849391,-0.427077,-0.479138,-0.302598
3692,401913286,-0.002993,-0.514762,-0.115572,-0.849502,0.088337,0.294177,0.049351
3693,401946620,0.000165,-0.512597,-0.116203,-0.850730,0.107939,-0.505225,0.367905
3694,401979954,0.001846,-0.510171,-0.115732,-0.852250,0.768653,1.206605,-0.288282
3695,402013288,0.003355,-0.506051,-0.114142,-0.854912,1.799857,0.396004,-0.012940
3696,402046622,0.006142,-0.502551,-0.115231,-0.856812,0.688688,0.015872,0.366196
3697,402079956,0.010504,-0.498364,-0.116173,-0.859085,0.489302,1.554490,-0.000957
3698,402113290,0.014917,-0.493776,-0.116124,-0.861672,0.437586,0.440808,0.393741
3699,402146624,0.019615,-0.490135,-0.117298,-0.863496,-0.388596,0.023987,-0.377867
3700,402179958,0.024152,-0.486122,-0.117112,-0.865672,-0.196877,-0.295942,-0.131471
3701,402213292,0.029632,-0.482312,-0.115400,-0.867860,-1.117570,1.025191,-0.480730
3702,402246626,0.035812,-0.478157,-0.110996,-0.870497,-0.913801,0.701544,0.653499
3703,402279960,0.040525,-0.476142,-0.105471,-0.872080,-0.879763,0.018988,-0.630093
3704,402313294,0.046527,-0.476360,-0.103475,-0.871900,-0.073984,1.608778,0.716033
3705,402346628,0.051191,-0.477187,-0.105160,-0.870985,-0.582670,0.027227,-0.304256
3706,402379962,0.055593,-0.478987,-0.108579,-0.869306,-2.131373,-0.032262,-2.202028
3707,402413296,0.057479,-0.477411,-0.108209,-0.870096,-1.089538,0.120431,0.167519
3708,402446630,0.060324,-0.475583,-0.105570,-0.871228,-1.223289,-0.160279,-0.609586
3709,402479964,0.063454,-0.474427,-0.104448,-0.871771,0.745933,0.433841,1.047222
3710,402513298,0.067126,-0.474989,-0.106523,-0.870938,0.358247,-0.374448,0.384062
3711,402546632,0.070508,-0.475504,-0.108641,-0.870128,0.089006,0.242830,-0.506190
3712,402579966,0.074120,-0.475196,-0.110657,-0.869742,0.207663,0.333320,-0.233286
3713,402613300,0.075301,-0.473763,-0.112242,-0.870219,-0.233894,0.824552,-0.134146
3714,402646634,0.076361,-0.471854,-0.113470,-0.871004,0.569997,-0.341552,0.070737
3715,402679968,0.079214,-0.469415,-0.114287,-0.871960,-0.668766,3.035167,0.602352
3716,402713302,0.084794,-0.467508,-0.115258,-0.872331,-1.316061,2.594836,-0.652600
3717,402746636,0.087419,-0.464610,-0.113556,-0.873843,-0.227550,0.435915,-0.051209
3718,402779970,0.086027,-0.462739,-0.110172,-0.875406,0.865854,-0.135587,0.586166
3719,402813304,0.085916,-0.461528,-0.110118,-0.876063,1.663710,-1.741912,-0.896623
3720,402846638,0.084287,-0.459463,-0.108584,-0.877496,0.674424,2.010591,1.003520
3721,402879972,0.082979,-0.460470,-0.108680,-0.877081,-1.900828,0.334441,-0.103125
3722,402913306,0.080590,-0.462997,-0.109947,-0.875815,-1.728782,-0.536506,-1.184758
3723,402946640,0.077831,-0.465099,-0.110702,-0.874855,-0.507315,0.058257,0.370863
3724,402979974,0.078195,-0.469199,-0.111628,-0.872512,-0.586710,1.216135,-0.100872
3725,403013308,0.083224,-0.477202,-0.119893,-0.866590,0.829866,-0.425674,0.559380
3726,403046642,0.088862,-0.484697,-0.130916,-0.860252,-0.199749,-0.666590,-0.351473
3727,403079976,0.090683,-0.489833,-0.136579,-0.856263,-3.003889,0.099069,-1.081595
3728,403113310,0.087762,-0.488606,-0.131994,-0.857986,-2.811193,1.415051,-0.924466
3729,403146644,0.081138,-0.483864,-0.124193,-0.862478,-0.029967,0.656772,0.515404
3730,403179978,0.076407,-0.479994,-0.119941,-0.865669,1.395864,0.017133,0.845499
3731,403213312,0.077079,-0.478413,-0.118951,-0.866621,-0.029667,-1.621371,0.529602
3732,403246646,0.078155,-0.478069,-0.117875,-0.866861,0.261300,-0.972299,-0.464485
3733,403279980,0.078325,-0.476167,-0.116834,-0.868033,1.086401,0.703792,0.433555
3734,403313314,0.078358,-0.473410,-0.113269,-0.870008,0.441761,0.861975,0.439403
3735,403346648,0.077747,-0.470392,-0.107658,-0.872409,0.314952,0.142850,-0.882802
3736,403379982,0.075320,-0.466968,-0.101798,-0.875161,1.411643,-1.567170,-0.576007
3737,403413316,0.077366,-0.463226,-0.099674,-0.877213,1.690175,0.343974,0.337232
3738,403446650,0.081569,-0.460445,-0.100724,-0.878175,0.612052,-0.154028,0.104309
3739,403479984,0.086646,-0.457006,-0.102702,-0.879256,-0.343026,0.993834,0.710711
3740,403513318,0.092685,-0.452981,-0.104543,-0.880505,-0.493890,0.255568,-0.448436
3741,403546652,0.098256,-0.448567,-0.105092,-0.882094,-0.530240,-1.235799,-1.558180
3742,403579986,0.104917,-0.443098,-0.103066,-0.884327,-0.273796,0.818621,0.044573
3743,403613320,0.111894,-0.439093,-0.099061,-0.885926,-0.901714,0.138867,-0.538522
3744,403646654,0.118681,-0.437062,-0.092283,-0.886779,-0.550005,0.379251,1.172371
3745,403679988,0.124727,-0.438889,-0.087588,-0.885522,-0.754754,-0.086873,-0.007651
3746,403713322,0.133788,-0.442395,-0.091939,-0.882007,-0.063714,0.407126,0.798677
3747,403746656,0.143058,-0.445952,-0.098813,-0.878008,-0.651882,-0.463267,-0.807927
3748,403779990,0.151507,-0.448884,-0.102699,-0.874644,-1.607296,-0.628603,-1.592964
3749,403813324,0.156882,-0.449764,-0.101624,-0.873369,-1.334043,-0.208175,-1.143048
3750,403846658,0.160760,-0.449565,-0.099555,-0.873004,0.217404,0.186964,0.524566
3751,403879992,0.163731,-0.451755,-0.098543,-0.871435,-0.053275,0.273288,0.564306
3752,403913326,0.167589,-0.452978,-0.099091,-0.870004,0.430675,0.505063,0.271955
3753,403946660,0.172492,-0.455098,-0.102682,-0.867519,0.037132,0.294671,-0.302605
3754,403979994,0.178218,-0.455368,-0.107197,-0.865672,0.378858,-0.541620,-0.569324
3755,404013328,0.181384,-0.454842,-0.109841,-0.864960,-0.409119,0.454628,-0.626243
3756,404046662,0.184219,-0.452566,-0.111346,-0.865361,0.615306,0.695770,0.350026
3757,404079996,0.186399,-0.450431,-0.111341,-0.866008,0.507308,0.602392,0.174068
3758,404113330,0.187496,-0.448715,-0.111894,-0.866591,0.916348,-0.043613,0.746146
3759,404146664,0.189496,-0.447332,-0.114447,-0.866538,-0.057394,0.821299,0.476336
3760,404179998,0.190836,-0.446704,-0.118206,-0.866063,-0.379377,0.427055,0.634279
3761,404213332,0.190704,-0.446223,-0.121970,-0.865818,0.123274,0.023696,0.680376
3762,404246666,0.189605,-0.447873,-0.128064,-0.864326,-0.993988,-0.872846,-0.002349
3763,404280000,0.186121,-0.450633,-0.135262,-0.862551,-1.453488,-0.116375,0.282754
3764,404313334,0.185536,-0.455040,-0.142458,-0.859198,-1.691019,0.852190,0.874215
3765,404346668,0.185927,-0.461551,-0.150253,-0.854299,0.485984,-0.432893,0.142133
3766,404380002,0.188781,-0.468913,-0.161465,-0.847592,-0.564734,-0.487606,-0.031264
3767,404413336,0.191214,-0.474456,-0.170499,-0.842175,-2.610681,-0.810840,-0.296239
3768,404446670,0.190160,-0.478296,-0.173104,-0.839707,-3.384957,-1.589623,-1.495882
3769,404480004,0.186512,-0.478886,-0.169886,-0.840845,-1.360348,0.071259,-0.586262
3770,404513338,0.184340,-0.478981,-0.168223,-0.841605,0.706958,1.316064,0.994609
3771,404546672,0.183268,-0.480621,-0.169175,-0.840712,1.398282,-0.182921,0.534335
3772,404580006,0.184332,-0.483016,-0.171792,-0.838573,0.529897,-0.565057,-0.570508
3773,404613340,0.185777,-0.484325,-0.173346,-0.837179,-0.178622,0.506328,-0.376792
3774,404646674,0.185215,-0.484578,-0.173198,-0.837187,0.634598,-0.241666,-0.086246
3775,404680008,0.183633,-0.483567,-0.171124,-0.838546,1.038491,0.399775,-0.085890
3776,404713342,0.182713,-0.481856,-0.168723,-0.840217,1.358467,0.030487,0.501591
3777,404746676,0.181890,-0.479462,-0.167174,-0.842072,0.316021,-0.223664,0.496193
3778,404780010,0.181887,-0.476612,-0.165714,-0.843978,0.864628,0.187752,0.015738
3779,404813344,0.181672,-0.473620,-0.163771,-0.846085,-0.105408,0.494132,0.334897
3780,404846678,0.180742,-0.469976,-0.161822,-0.848687,0.553415,-0.410294,0.103241
3781,404880012,0.179825,-0.466538,-0.158711,-0.851362,0.236195,0.042832,0.370460
3782,404913346,0.179161,-0.463596,-0.156005,-0.853606,0.680792,-0.186747,0.616441
3783,404946680,0.179414,-0.460621,-0.153967,-0.855531,-0.166778,-0.291388,-0.073989
3784,404980014,0.180469,-0.458012,-0.151554,-0.857139,-0.946477,0.051061,0.930756
3785,405013348,0.179087,-0.457279,-0.145858,-0.858807,-0.216506,0.010177,0.813723
3786,405046682,0.177532,-0.459898,-0.145314,-0.857823,0.079751,-0.518795,1.862539
3787,405080016,0.176387,-0.463382,-0.148262,-0.855677,-1.028469,1.693148,1.028666
3788,405113350,0.175665,-0.466627,-0.153420,-0.853149,-0.669095,-0.470402,-0.175656
3789,405146684,0.176564,-0.468977,-0.157889,-0.850857,-1.993509,-1.640334,-1.084684
3790,405180018,0.175721,-0.470587,-0.156197,-0.850455,-0.951168,-0.841262,-1.674623
3791,405213352,0.175790,-0.471183,-0.154998,-0.850330,0.242378,-0.081464,0.209040
3792,405246686,0.175663,-0.472497,-0.154729,-0.849676,0.033623,0.307727,0.027997
3793,405280020,0.176300,-0.474420,-0.156534,-0.848140,-0.706132,-0.238476,-0.848028
3794,405313354,0.175935,-0.475350,-0.158418,-0.847345,-0.934252,-0.664098,0.375665
3795,405346688,0.174520,-0.475607,-0.158827,-0.847417,0.209018,-0.079975,-0.174683
3796,405380022,0.173628,-0.475087,-0.160434,-0.847590,1.094207,-0.484930,0.346273
3797,405413356,0.171734,-0.475096,-0.161711,-0.847728,0.310638,0.350336,0.505720
3798,405446690,0.169441,-0.474907,-0.163042,-0.848040,0.367768,0.739367,-0.194103
3799,405480024,0.166363,-0.474804,-0.164207,-0.848482,-0.003736,1.085566,0.357589
3800,405513358,0.162094,-0.474574,-0.165095,-0.849264,0.665813,-1.235621,0.814457
3801,405546692,0.156990,-0.474744,-0.166404,-0.849872,-0.087840,-0.160580,-0.025509
3802,405580026,0.151083,-0.473892,-0.168695,-0.850966,-0.257042,0.159716,0.581299
3803,405613360,0.143006,-0.473000,-0.169346,-0.852727,-0.204578,0.545576,0.273369
3804,405646694,0.134237,-0.473470,-0.169954,-0.853770,-0.582910,0.119508,0.754959
3805,405680028,0.124565,-0.474512,-0.169333,-0.854780,-0.985850,0.071205,1.339124
3806,405713362,0.115072,-0.478983,-0.168884,-0.853705,-0.922821,-0.495824,1.202581
3807,405746696,0.110611,-0.486690,-0.172021,-0.849298,0.412819,0.145457,1.374102
3808,405780030,0.112053,-0.494706,-0.180752,-0.842638,-0.859534,-1.997880,-0.785029
3809,405813364,0.115111,-0.501204,-0.186493,-0.837117,-3.898386,-0.161116,-1.837675
3810,405846698,0.112940,-0.502465,-0.180426,-0.837986,-2.846632,-0.082820,-0.592869
3811,405880032,0.105293,-0.502343,-0.167110,-0.841807,-0.843184,-0.492229,-0.599369
3812,405913366,0.101230,-0.501689,-0.155647,-0.844887,1.643151,1.305072,1.770636
3813,405946700,0.099986,-0.502880,-0.148957,-0.845534,0.554473,0.033242,0.544648
3814,405980034,0.100583,-0.504510,-0.145724,-0.845055,1.073146,-0.710019,0.165394
3815,406013368,0.101584,-0.504801,-0.142641,-0.845288,0.301184,-0.075530,0.119827
3816,406046702,0.102515,-0.504066,-0.138697,-0.846270,0.159400,0.416019,-0.299889
3817,406080036,0.102084,-0.500095,-0.130964,-0.849902,1.424629,0.728013,-0.082109
3818,406113370,0.101196,-0.494957,-0.120877,-0.854498,1.091813,-0.544407,1.044821
3819,406146704,0.099913,-0.489821,-0.109922,-0.859076,0.633293,-0.000723,-0.472396
3820,406180038,0.098813,-0.484426,-0.101516,-0.863286,0.493415,-1.448004,0.560517
3821,406213372,0.099584,-0.479722,-0.093952,-0.866674,-0.082998,1.187391,0.462265
3822,406246706,0.100340,-0.474674,-0.086025,-0.870182,-0.405035,-0.185365,0.597500
3823,406280040,0.101472,-0.468672,-0.078375,-0.874018,0.310127,0.389652,0.757861
3824,406313374,0.103730,-0.464197,-0.071928,-0.876692,-0.491894,-1.726282,-0.815553
3825,406346708,0.105629,-0.457823,-0.063330,-0.880472,0.865095,-2.019505,-1.672864
3826,406380042,0.108406,-0.454871,-0.056398,-0.882134,-0.547247,-1.800247,-0.658643
3827,406413376,0.111031,-0.453533,-0.050080,-0.882878,-1.250709,-0.166212,-0.178858
3828,406446710,0.116026,-0.455695,-0.050890,-0.881074,-0.717073,0.559617,1.174204
3829,406480044,0.121464,-0.459734,-0.055414,-0.877964,-0.322596,-0.353967,0.487229
3830,406513378,0.128270,-0.465609,-0.059845,-0.873599,-1.700301,-1.404962,-1.301561
3831,406546712,0.135958,-0.468597,-0.061168,-0.870742,-0.733540,-2.582228,-1.056553
3832,406580046,0.139939,-0.471260,-0.059885,-0.868761,-1.654461,0.173760,-0.078168
3833,406613380,0.145142,-0.471435,-0.059556,-0.867834,-0.325143,-1.219990,-1.075701
3834,406646714,0.146868,-0.471594,-0.058693,-0.867516,-0.448464,0.995608,-0.179198
3835,406680048,0.149045,-0.472020,-0.060365,-0.866798,-0.318965,1.236451,0.198190
3836,406713382,0.149393,-0.472768,-0.064140,-0.866059,-0.365459,-0.086245,-0.209140
3837,406746716,0.149467,-0.472210,-0.067638,-0.866085,0.176387,-1.228202,-0.585493
3838,406780050,0.148243,-0.471500,-0.069488,-0.866536,-0.177780,-0.505678,-0.064325
3839,406813384,0.148025,-0.470004,-0.070602,-0.867295,0.372628,-0.813583,-0.766306
3840,406846718,0.147791,-0.467616,-0.071648,-0.868539,0.962526,0.049954,0.577308
3841,406880052,0.147922,-0.466496,-0.072331,-0.869062,0.760329,-0.010215,0.147351
3842,406913386,0.147316,-0.465732,-0.073164,-0.869505,0.595679,0.210126,0.026849
3843,406946720,0.146090,-0.466402,-0.073844,-0.869295,0.071307,-1.632135,-2.125667
3844,406980054,0.146796,-0.464036,-0.075154,-0.870330,0.725049,1.093402,1.235060
3845,407013388,0.144167,-0.464889,-0.074614,-0.870361,-1.115871,0.507473,0.775722
3846,407046722,0.140605,-0.466304,-0.075229,-0.870134,-1.000527,-0.706161,-0.352646
3847,407080056,0.136303,-0.469802,-0.075919,-0.868876,-0.698739,-0.803016,0.059987
3848,407113390,0.132913,-0.474882,-0.078726,-0.866386,0.780658,-0.913380,0.340732
3849,407146724,0.134534,-0.481423,-0.086357,-0.861787,1.295188,-0.882950,0.187336
3850,407180058,0.136548,-0.487416,-0.091129,-0.857599,-2.555676,-0.664823,-1.384862
3851,407213392,0.133746,-0.491026,-0.089391,-0.856163,-3.364623,-1.171730,-2.267097
3852,407246726,0.130081,-0.489679,-0.086862,-0.857758,-0.415057,-0.075708,-0.098911
3853,407280060,0.127572,-0.488128,-0.085334,-0.859171,0.830975,1.193431,2.059414
3854,407313394,0.126627,-0.487774,-0.084130,-0.859631,0.596160,-0.192164,0.510159
3855,407346728,0.126241,-0.488704,-0.084373,-0.859136,0.326069,-1.628958,-1.515366
3856,407380062,0.125337,-0.488134,-0.084997,-0.859530,0.208480,1.411862,1.337021
3857,407413396,0.124589,-0.487192,-0.084465,-0.860225,0.034841,-0.194266,0.072906
3858,407446730,0.122793,-0.484847,-0.081143,-0.862126,-0.244395,0.128735,-0.536901
3859,407480064,0.121425,-0.481936,-0.078488,-0.864195,0.443149,0.563616,0.605129
3860,407513398,0.120970,-0.478638,-0.076068,-0.866306,0.272246,-0.702198,-0.257565
3861,407546732,0.121464,-0.476484,-0.075233,-0.867496,0.174653,-0.886432,0.151134
3862,407580066,0.122268,-0.473742,-0.073752,-0.869011,-0.390939,-0.115775,-1.043902
3863,407613400,0.123181,-0.471352,-0.072734,-0.870267,0.352829,-0.855530,0.025207
3864,407646734,0.124830,-0.468580,-0.069770,-0.871770,-1.130452,0.038437,-1.013664
3865,407680068,0.125918,-0.464943,-0.065748,-0.873871,-0.128086,-0.484278,-0.228439
3866,407713402,0.126404,-0.461538,-0.059492,-0.876051,-0.557401,-1.278233,-0.074653
3867,407746736,0.126110,-0.459978,-0.051992,-0.877390,-0.580485,-0.514033,0.015182
3868,407780070,0.127029,-0.460898,-0.049244,-0.876934,0.067225,0.615295,1.810572
3869,407813404,0.128407,-0.464481,-0.050115,-0.874790,-0.960843,-0.312083,-0.742640
3870,407846738,0.131106,-0.468268,-0.054741,-0.872090,-0.563766,1.266173,-0.328042
3871,407880072,0.132724,-0.470799,-0.058087,-0.870264,-1.743607,-0.497603,-1.013041
3872,407913406,0.133151,-0.471770,-0.057796,-0.869692,-1.156408,-1.048874,-0.336245
3873,407946740,0.132744,-0.472198,-0.056976,-0.869576,-0.550968,-0.955180,-0.033151
3874,407980074,0.131151,-0.471606,-0.056377,-0.870178,1.477229,-0.042100,0.541590
3875,408013408,0.130128,-0.473030,-0.057281,-0.869499,0.280967,1.310399,1.307959
3876,408046742,0.128680,-0.475924,-0.059510,-0.867984,-0.552849,-0.321643,-0.552893
3877,408080076,0.127445,-0.477771,-0.063447,-0.866872,-0.484071,-0.654685,-0.827181
3878,408113410,0.124875,-0.478101,-0.066009,-0.866873,-0.229026,0.722395,1.016237
3879,408146744,0.122237,-0.477237,-0.066514,-0.867686,0.684656,0.366694,0.298527
3880,408180078,0.119043,-0.476495,-0.067270,-0.868479,-0.987417,0.678320,1.427992
3881,408213412,0.115412,-0.475594,-0.066599,-0.869514,-0.314203,1.175201,0.380689
3882,408246746,0.111149,-0.474089,-0.065956,-0.870940,0.562511,0.064993,0.743770
3883,408280080,0.105736,-0.474523,-0.065444,-0.871416,-0.503528,-0.536672,0.260819
3884,408313414,0.099886,-0.474400,-0.065334,-0.872181,0.160133,-0.446997,0.081200
3885,408346748,0.093250,-0.475154,-0.065545,-0.872489,-0.482071,-0.416533,0.349018
3886,408380082,0.086366,-0.475812,-0.065975,-0.872807,-0.020273,-0.832307,-0.000393
3887,408413416,0.078931,-0.477380,-0.065914,-0.872659,-0.755947,-0.358806,-0.191715
3888,408446750,0.069697,-0.480330,-0.064728,-0.871916,-1.218917,0.328460,-0.013441
3889,408480084,0.063573,-0.484729,-0.067443,-0.869740,1.093809,1.892692,1.552621
3890,408513418,0.064045,-0.491153,-0.077182,-0.865281,1.322268,-1.324560,1.843056
3891,408546752,0.063621,-0.499254,-0.081846,-0.860232,-3.863412,-0.884045,-2.499352
3892,408580086,0.060022,-0.501525,-0.079998,-0.859343,-2.725627,-0.469999,-0.948903
3893,408613420,0.053629,-0.500459,-0.073083,-0.861002,-0.905685,1.464034,0.973022
3894,408646754,0.047092,-0.498776,-0.066163,-0.862918,1.304932,0.084449,0.004114
3895,408680088,0.043954,-0.500399,-0.063473,-0.862346,0.937872,-0.385598,0.498208
3896,408713422,0.043318,-0.502879,-0.063398,-0.860940,0.156241,-0.283283,0.419911
3897,408746756,0.041991,-0.504690,-0.062038,-0.860044,-0.954677,0.368150,-0.149462
3898,408780090,0.039839,-0.504635,-0.058900,-0.860400,-0.644932,-0.510923,-0.230744
3899,408813424,0.035325,-0.502050,-0.052795,-0.862503,0.697234,-0.662809,-0.806087
3900,408846758,0.032293,-0.500825,-0.048722,-0.863573,0.882186,-0.054789,0.578827
3901,408880092,0.030606,-0.498255,-0.044172,-0.865364,0.748558,-1.123887,-1.680655
3902,408913426,0.029743,-0.495899,-0.041517,-0.866877,0.901337,-0.940280,0.182173
3903,408946760,0.027014,-0.492800,-0.037623,-0.868910,0.296461,-0.136368,0.270789
3904,408980094,0.025695,-0.489444,-0.034207,-0.870985,0.061976,0.237193,0.087618
3905,409013428,0.024497,-0.486320,-0.029350,-0.872945,-0.360553,0.823620,-0.211993
3906,409046762,0.022925,-0.482094,-0.024109,-0.875488,0.263665,-1.463803,-0.350930
3907,409080096,0.020941,-0.478686,-0.018398,-0.877544,-0.966889,-1.808857,-0.498890
3908,409113430,0.019766,-0.476744,-0.012268,-0.878735,-0.836418,-0.307441,0.878691
3909,409146764,0.019544,-0.476708,-0.007373,-0.878814,0.111618,0.034086,0.580451
3910,409180098,0.020846,-0.479552,-0.007345,-0.877235,0.271977,0.165249,1.055982
3911,409213432,0.021869,-0.483054,-0.008897,-0.875273,-1.101750,0.868417,-0.034487
3912,409246766,0.021237,-0.485689,-0.008133,-0.873836,-2.176755,-0.109110,-1.303895
3913,409280100,0.019676,-0.485712,-0.005835,-0.873878,-1.594669,-1.751366,-0.310906
3914,409313434,0.018847,-0.484807,-0.003597,-0.874411,-0.053895,-0.766976,0.617398
3915,409346768,0.018891,-0.485463,-0.002305,-0.874050,-0.210130,-0.551275,0.646605
3916,409380102,0.019237,-0.487184,-0.000893,-0.873088,-0.740568,1.438942,0.024558
3917,409413436,0.018718,-0.487997,-0.000150,-0.872645,-0.331439,0.098598,0.177153
3918,409446770,0.017445,-0.487906,0.000773,-0.872722,-0.642961,0.453781,0.315242
3919,409480104,0.015102,-0.486967,0.003075,-0.873285,-0.103136,-0.511570,0.248634
3920,409513438,0.012561,-0.486146,0.005145,-0.873773,-0.013487,-0.387065,0.640987
3921,409546772,0.010408,-0.485346,0.006654,-0.874235,0.130515,0.194593,0.597661
3922,409580106,0.007541,-0.484671,0.008367,-0.874624,-0.442137,0.779890,0.515290
3923,409613440,0.003422,-0.483436,0.010410,-0.875312,0.365283,-0.685368,-0.133237