time	DeviceName	AccX(g)	AccY(g)	AccZ(g)	AsX(°/s)	AsY(°/s)	AsZ(°/s)	AngleX(°)	AngleY(°)	AngleZ(°)	HX(uT)	HY(uT)	HZ(uT)	Q0()	Q1()	Q2()	Q3()	Temperature(°C)	Height(m)	Pressure(kPa)	Version()	Battery level(%)
2026-05-27T17:00:00.115	WT901BLE68(F3:F0:16:BF:DC:AE)	0.238	0.973	0.031	17.578	-66.956	-12.634	89.64	-10.85	-47.97	-44.687	34.553	-53.633	-0.60065	-0.68091	0.33310	0.25400	25.9	null	null	13113	60
2026-05-27T17:00:00.219	WT901BLE68(F3:F0:16:BF:DC:AE)	0.144	1.010	0.032	8.301	9.521	-13.733	91.46	-9.74	-49.75	-44.687	34.553	-53.633	-0.66055	-0.61603	0.35712	0.23770	25.9	null	null	13113	60
2026-05-27T17:00:00.311	WT901BLE68(F3:F0:16:BF:DC:AE)	0.152	0.959	-0.068	-2.625	-21.667	-13.550	91.57	-8.39	-51.03	-44.687	34.553	-53.633	-0.66055	-0.61603	0.35712	0.23770	25.9	null	null	13113	60
2026-05-27T17:00:00.432	WT901BLE68(F3:F0:16:BF:DC:AE)	0.081	0.974	-0.068	26.062	-9.521	-17.212	93.16	-6.89	-51.28	-44.687	34.553	-53.633	-0.66055	-0.61603	0.35712	0.23770	25.9	null	null	13113	60
2026-05-27T17:00:00.521	WT901BLE68(F3:F0:16:BF:DC:AE)	0.078	1.022	-0.026	1.404	-37.109	-14.954	94.58	-5.24	-53.99	-44.687	34.553	-53.633	-0.66055	-0.61603	0.35712	0.23770	25.9	null	null	13113	60
2026-05-27T17:00:00.643	WT901BLE68(F3:F0:16:BF:DC:AE)	0.041	0.997	-0.090	-1.526	-30.762	-13.733	94.65	-3.46	-57.43	-44.687	34.553	-53.633	-0.66055	-0.61603	0.35712	0.23770	25.9	null	null	13113	60
2026-05-27T17:00:00.704	WT901BLE68(F3:F0:16:BF:DC:AE)	-0.028	1.010	-0.021	2.625	-8.545	-6.897	94.86	-2.19	-58.79	-44.687	34.553	-53.633	-0.66055	-0.61603	0.35712	0.23770	25.9	null	null	13113	60
2026-05-27T17:00:00.821	WT901BLE68(F3:F0:16:BF:DC:AE)	-0.035	1.010	-0.067	1.465	-4.639	-1.038	94.84	-1.71	-58.93	-44.687	34.553	-53.633	-0.66055	-0.61603	0.35712	0.23770	25.9	null	null	13113	60
2026-05-27T17:00:00.907	WT901BLE68(F3:F0:16:BF:DC:AE)	-0.019	1.002	-0.122	2.197	-13.184	-0.366	94.88	-1.48	-59.51	-64.140	27.033	-50.633	-0.66055	-0.61603	0.35712	0.23770	25.9	null	null	13113	60
2026-05-27T17:00:01.032	WT901BLE68(F3:F0:16:BF:DC:AE)	0.038	0.993	-0.062	1.160	-2.502	2.808	95.00	-1.34	-60.01	-64.140	27.033	-50.633	-0.66055	-0.61603	0.35712	0.23770	25.9	null	null	13113	60
2026-05-27T17:00:01.123	WT901BLE68(F3:F0:16:BF:DC:AE)	-0.011	1.014	-0.022	3.784	-4.211	8.118	95.23	-1.82	-59.84	-64.140	27.033	-50.633	-0.58984	-0.63486	0.37646	0.32739	25.9	null	null	13113	60
2026-05-27T17:00:01.241	WT901BLE68(F3:F0:16:BF:DC:AE)	0.021	1.000	-0.090	-5.249	-2.563	13.123	95.21	-2.78	-60.01	-64.140	27.033	-50.633	-0.58984	-0.63486	0.37646	0.32739	25.9	null	null	13113	60
2026-05-27T17:00:01.331	WT901BLE68(F3:F0:16:BF:DC:AE)	0.022	0.989	-0.130	12.512	15.320	13.062	95.68	-4.02	-59.04	-64.140	27.033	-50.633	-0.58984	-0.63486	0.37646	0.32739	25.9	null	null	13113	60
2026-05-27T17:00:01.451	WT901BLE68(F3:F0:16:BF:DC:AE)	0.050	0.992	-0.055	16.052	13.000	18.982	96.96	-5.53	-57.79	-64.140	27.033	-50.633	-0.58984	-0.63486	0.37646	0.32739	25.9	null	null	13113	60
2026-05-27T17:00:01.511	WT901BLE68(F3:F0:16:BF:DC:AE)	0.131	0.973	-0.137	16.907	28.259	22.766	98.17	-7.71	-55.58	-64.140	27.033	-50.633	-0.58984	-0.63486	0.37646	0.32739	25.9	null	null	13113	60
2026-05-27T17:00:01.631	WT901BLE68(F3:F0:16:BF:DC:AE)	0.205	0.996	-0.144	5.859	26.794	26.733	98.74	-10.44	-52.86	-64.140	27.033	-50.633	-0.58984	-0.63486	0.37646	0.32739	25.9	null	null	13113	60
2026-05-27T17:00:01.724	WT901BLE68(F3:F0:16:BF:DC:AE)	0.213	0.817	-0.049	-38.574	-28.809	39.124	95.91	-13.61	-52.56	-64.140	27.033	-50.633	-0.58984	-0.63486	0.37646	0.32739	25.9	null	null	13113	60
2026-05-27T17:00:01.837	WT901BLE68(F3:F0:16:BF:DC:AE)	0.266	0.963	-0.187	3.784	-0.671	19.714	96.41	-16.01	-54.57	-50.420	31.300	-55.133	-0.58984	-0.63486	0.37646	0.32739	25.9	null	null	13113	60
2026-05-27T17:00:01.930	WT901BLE68(F3:F0:16:BF:DC:AE)	0.366	0.982	-0.075	-1.587	-9.338	12.024	97.13	-17.25	-55.88	-50.420	31.300	-55.133	-0.58984	-0.63486	0.37646	0.32739	25.9	null	null	13113	60
2026-05-27T17:00:02.048	WT901BLE68(F3:F0:16:BF:DC:AE)	0.397	0.871	-0.207	-0.916	26.855	4.089	96.56	-18.27	-55.07	-50.420	31.300	-55.133	-0.63370	-0.60419	0.43774	0.20404	25.9	null	null	13113	60
2026-05-27T17:00:02.112	WT901BLE68(F3:F0:16:BF:DC:AE)	0.290	0.921	-0.162	6.409	45.532	-2.197	95.76	-18.95	-50.26	-50.420	31.300	-55.133	-0.63370	-0.60419	0.43774	0.20404	25.9	null	null	13113	60
2026-05-27T17:00:02.233	WT901BLE68(F3:F0:16:BF:DC:AE)	0.292	0.955	-0.007	-7.446	6.714	-8.240	95.20	-18.62	-47.75	-50.420	31.300	-55.133	-0.63370	-0.60419	0.43774	0.20404	25.9	null	null	13113	60
2026-05-27T17:00:02.323	WT901BLE68(F3:F0:16:BF:DC:AE)	0.417	0.900	-0.071	-7.568	27.466	-4.944	93.92	-18.15	-46.53	-50.420	31.300	-55.133	-0.63370	-0.60419	0.43774	0.20404	25.9	null	null	13113	60
2026-05-27T17:00:02.440	WT901BLE68(F3:F0:16:BF:DC:AE)	0.384	0.934	-0.057	1.892	57.678	-2.197	92.45	-18.38	-41.85	-50.420	31.300	-55.133	-0.63370	-0.60419	0.43774	0.20404	25.9	null	null	13113	60
2026-05-27T17:00:02.533	WT901BLE68(F3:F0:16:BF:DC:AE)	0.384	0.906	0.023	-0.916	30.701	8.789	91.05	-19.02	-37.14	-50.420	31.300	-55.133	-0.63370	-0.60419	0.43774	0.20404	25.9	null	null	13113	60
2026-05-27T17:00:02.654	WT901BLE68(F3:F0:16:BF:DC:AE)	0.146	0.987	0.065	-6.653	13.916	-3.296	89.91	-19.31	-34.15	-50.420	31.300	-55.133	-0.63370	-0.60419	0.43774	0.20404	25.9	null	null	13113	60
2026-05-27T17:00:02.711	WT901BLE68(F3:F0:16:BF:DC:AE)	0.396	0.937	0.022	-10.742	-23.621	-8.606	89.86	-18.47	-38.16	-36.827	32.807	-58.333	-0.63370	-0.60419	0.43774	0.20404	25.9	null	null	13113	60
2026-05-27T17:00:02.864	WT901BLE68(F3:F0:16:BF:DC:AE)	0.341	0.941	-0.017	8.484	16.663	-3.784	90.39	-18.26	-39.05	-36.827	32.807	-58.333	-0.63370	-0.60419	0.43774	0.20404	25.9	null	null	13113	60
2026-05-27T17:00:02.918	WT901BLE68(F3:F0:16:BF:DC:AE)	0.366	0.945	0.022	4.272	-12.634	-5.310	91.34	-18.03	-39.68	-36.827	32.807	-58.333	-0.69037	-0.62613	0.33987	0.12540	25.9	null	null	13113	60
2026-05-27T17:00:03.042	WT901BLE68(F3:F0:16:BF:DC:AE)	0.352	0.937	-0.035	5.859	0.244	-8.240	91.92	-17.51	-40.25	-36.827	32.807	-58.333	-0.69037	-0.62613	0.33987	0.12540	25.9	null	null	13113	60
2026-05-27T17:00:03.130	WT901BLE68(F3:F0:16:BF:DC:AE)	0.286	0.982	-0.059	2.869	5.310	-12.634	92.17	-16.88	-39.79	-36.827	32.807	-58.333	-0.69037	-0.62613	0.33987	0.12540	25.9	null	null	13113	60
2026-05-27T17:00:03.251	WT901BLE68(F3:F0:16:BF:DC:AE)	0.222	0.966	-0.095	4.700	1.343	-21.851	92.29	-15.21	-38.97	-36.827	32.807	-58.333	-0.69037	-0.62613	0.33987	0.12540	25.9	null	null	13113	60
2026-05-27T17:00:03.341	WT901BLE68(F3:F0:16:BF:DC:AE)	0.252	0.983	-0.029	3.357	-20.813	-24.536	93.08	-12.91	-40.48	-36.827	32.807	-58.333	-0.69037	-0.62613	0.33987	0.12540	25.9	null	null	13113	60
2026-05-27T17:00:03.461	WT901BLE68(F3:F0:16:BF:DC:AE)	0.127	0.987	-0.003	2.686	-14.587	-24.231	93.64	-10.62	-41.79	-36.827	32.807	-58.333	-0.69037	-0.62613	0.33987	0.12540	25.9	null	null	13113	60
2026-05-27T17:00:03.549	WT901BLE68(F3:F0:16:BF:DC:AE)	0.153	0.989	-0.092	-3.357	-16.052	-21.667	93.61	-8.37	-43.77	-36.827	32.807	-58.333	-0.69037	-0.62613	0.33987	0.12540	25.9	null	null	13113	60
2026-05-27T17:00:03.641	WT901BLE68(F3:F0:16:BF:DC:AE)	0.071	0.990	-0.009	1.038	6.592	-19.287	93.44	-6.28	-44.13	-52.553	28.947	-56.733	-0.69037	-0.62613	0.33987	0.12540	25.9	null	null	13113	60
2026-05-27T17:00:03.732	WT901BLE68(F3:F0:16:BF:DC:AE)	0.040	0.979	0.033	-7.080	11.536	-9.521	93.09	-4.71	-43.79	-52.553	28.947	-56.733	-0.69037	-0.62613	0.33987	0.12540	25.9	null	null	13113	60
2026-05-27T17:00:03.849	WT901BLE68(F3:F0:16:BF:DC:AE)	-0.005	0.991	-0.096	-1.831	4.272	-4.700	92.42	-3.83	-42.81	-52.553	28.947	-56.733	-0.65173	-0.66281	0.28934	0.22827	25.9	null	null	13113	60
2026-05-27T17:00:03.940	WT901BLE68(F3:F0:16:BF:DC:AE)	-0.024	0.993	-0.060	0.977	-14.160	-0.854	92.51	-3.26	-43.13	-52.553	28.947	-56.733	-0.65173	-0.66281	0.28934	0.22827	25.9	null	null	13113	60
2026-05-27T17:00:04.061	WT901BLE68(F3:F0:16:BF:DC:AE)	0.001	1.017	-0.002	0.610	-17.700	6.042	92.79	-3.15	-45.00	-52.553	28.947	-56.733	-0.65173	-0.66281	0.28934	0.22827	25.9	null	null	13113	60
2026-05-27T17:00:04.155	WT901BLE68(F3:F0:16:BF:DC:AE)	0.083	0.998	-0.057	0.671	13.977	11.108	92.74	-3.93	-45.63	-52.553	28.947	-56.733	-0.65173	-0.66281	0.28934	0.22827	25.9	null	null	13113	60
2026-05-27T17:00:04.272	WT901BLE68(F3:F0:16:BF:DC:AE)	0.028	0.981	-0.109	6.653	7.324	11.292	92.91	-5.02	-44.09	-52.553	28.947	-56.733	-0.65173	-0.66281	0.28934	0.22827	25.9	null	null	13113	60
2026-05-27T17:00:04.329	WT901BLE68(F3:F0:16:BF:DC:AE)	0.057	0.964	-0.191	27.893	-9.583	14.709	94.54	-6.03	-44.42	-52.553	28.947	-56.733	-0.65173	-0.66281	0.28934	0.22827	25.9	null	null	13113	60
2026-05-27T17:00:04.450	WT901BLE68(F3:F0:16:BF:DC:AE)	0.107	1.042	-0.003	23.193	-30.212	14.587	98.49	-6.95	-46.31	-52.553	28.947	-56.733	-0.65173	-0.66281	0.28934	0.22827	25.9	null	null	13113	60
2026-05-27T17:00:04.539	WT901BLE68(F3:F0:16:BF:DC:AE)	0.205	0.963	-0.149	11.841	48.279	23.193	98.25	-8.64	-46.23	-53.020	26.353	-59.027	-0.65173	-0.66281	0.28934	0.22827	25.9	null	null	13113	60
2026-05-27T17:00:04.664	WT901BLE68(F3:F0:16:BF:DC:AE)	0.189	1.019	-0.108	-9.949	38.513	30.090	97.77	-11.55	-42.47	-53.020	26.353	-59.027	-0.65173	-0.66281	0.28934	0.22827	25.9	null	null	13113	60
2026-05-27T17:00:04.751	WT901BLE68(F3:F0:16:BF:DC:AE)	0.256	1.012	-0.108	-14.709	-40.466	25.269	96.62	-14.34	-42.01	-53.020	26.353	-59.027	-0.64615	-0.66965	0.33252	0.15289	25.9	null	null	13113	60
2026-05-27T17:00:04.870	WT901BLE68(F3:F0:16:BF:DC:AE)	0.416	0.962	-0.057	-28.320	22.583	17.761	95.32	-16.20	-45.01	-53.020	26.353	-59.027	-0.64615	-0.66965	0.33252	0.15289	25.9	null	null	13113	60
2026-05-27T17:00:04.931	WT901BLE68(F3:F0:16:BF:DC:AE)	0.209	0.947	-0.207	-9.949	-0.122	3.235	92.70	-17.69	-41.42	-53.020	26.353	-59.027	-0.64615	-0.66965	0.33252	0.15289	25.9	null	null	13113	60
2026-05-27T17:00:05.053	WT901BLE68(F3:F0:16:BF:DC:AE)	0.352	0.920	-0.088	-5.859	-33.691	-6.042	93.06	-17.37	-44.04	-53.020	26.353	-59.027	-0.64615	-0.66965	0.33252	0.15289	25.9	null	null	13113	60
2026-05-27T17:00:05.140	WT901BLE68(F3:F0:16:BF:DC:AE)	0.407	0.954	-0.046	3.601	37.720	-2.625	93.13	-17.25	-44.31	-53.020	26.353	-59.027	-0.64615	-0.66965	0.33252	0.15289	25.9	null	null	13113	60
2026-05-27T17:00:05.262	WT901BLE68(F3:F0:16:BF:DC:AE)	0.305	0.954	0.042	-12.390	10.681	-3.174	91.69	-17.34	-41.12	-53.020	26.353	-59.027	-0.64615	-0.66965	0.33252	0.15289	25.9	null	null	13113	60
2026-05-27T17:00:05.351	WT901BLE68(F3:F0:16:BF:DC:AE)	0.297	0.895	0.053	-0.122	4.639	-1.709	91.27	-17.29	-41.33	-53.020	26.353	-59.027	-0.64615	-0.66965	0.33252	0.15289	25.9	null	null	13113	60
2026-05-27T17:00:05.469	WT901BLE68(F3:F0:16:BF:DC:AE)	0.435	0.917	0.017	7.629	22.095	-3.235	91.16	-17.18	-40.56	-53.020	26.353	-59.027	-0.64615	-0.66965	0.33252	0.15289	25.9	null	null	13113	75
2026-05-27T17:00:05.560	WT901BLE68(F3:F0:16:BF:DC:AE)	0.299	0.958	-0.092	4.639	-2.319	-13.977	91.31	-16.51	-39.22	-53.020	26.353	-59.027	-0.64615	-0.66965	0.33252	0.15289	25.9	null	null	13113	75
2026-05-27T17:00:05.684	WT901BLE68(F3:F0:16:BF:DC:AE)	0.261	0.963	-0.059	6.165	-13.489	-16.968	92.18	-14.99	-40.25	-53.020	26.353	-59.027	-0.64615	-0.66965	0.33252	0.15289	25.9	null	null	13113	75
2026-05-27T17:00:05.738	WT901BLE68(F3:F0:16:BF:DC:AE)	0.208	0.979	-0.033	12.634	-11.841	-17.822	93.44	-13.24	-41.29	-53.020	26.353	-59.027	-0.64615	-0.66965	0.33252	0.15289	25.6	null	null	13113	75
2026-05-27T17:00:05.861	WT901BLE68(F3:F0:16:BF:DC:AE)	0.239	0.981	-0.084	8.606	-24.719	-19.531	94.85	-11.33	-43.42	-53.020	26.353	-59.027	-0.64615	-0.66965	0.33252	0.15289	25.6	null	null	13113	75
2026-05-27T17:00:05.948	WT901BLE68(F3:F0:16:BF:DC:AE)	0.224	0.990	-0.079	5.554	12.024	-20.325	95.69	-9.45	-44.29	-48.680	28.987	-58.687	-0.64615	-0.66965	0.33252	0.15289	25.6	null	null	13113	75
2026-05-27T17:00:06.074	WT901BLE68(F3:F0:16:BF:DC:AE)	0.020	0.985	-0.091	-0.977	10.803	-18.677	95.55	-7.66	-42.09	-48.680	28.987	-58.687	-0.64615	-0.66965	0.33252	0.15289	25.6	null	null	13113	75
2026-05-27T17:00:06.162	WT901BLE68(F3:F0:16:BF:DC:AE)	0.120	0.993	-0.019	-6.348	-37.109	-11.902	95.38	-5.80	-44.22	-48.680	28.987	-58.687	-0.64185	-0.67487	0.30368	0.20065	25.6	null	null	13113	75
2026-05-27T17:00:06.283	WT901BLE68(F3:F0:16:BF:DC:AE)	0.091	0.990	-0.073	-9.277	-2.014	-10.681	94.55	-4.37	-46.42	-48.680	28.987	-58.687	-0.64185	-0.67487	0.30368	0.20065	25.6	null	null	13113	75
2026-05-27T17:00:06.340	WT901BLE68(F3:F0:16:BF:DC:AE)	0.014	0.999	-0.058	-7.690	30.212	-6.165	93.47	-3.60	-44.80	-48.680	28.987	-58.687	-0.64185	-0.67487	0.30368	0.20065	25.6	null	null	13113	75
2026-05-27T17:00:06.465	WT901BLE68(F3:F0:16:BF:DC:AE)	-0.069	0.998	-0.110	-3.174	-1.404	-0.916	92.94	-3.28	-43.20	-48.680	28.987	-58.687	-0.64185	-0.67487	0.30368	0.20065	25.6	null	null	13113	75
2026-05-27T17:00:06.552	WT901BLE68(F3:F0:16:BF:DC:AE)	0.033	1.004	-0.115	6.531	-13.306	-0.244	93.35	-2.93	-44.49	-48.680	28.987	-58.687	-0.64185	-0.67487	0.30368	0.20065	25.6	null	null	13113	75
2026-05-27T17:00:06.674	WT901BLE68(F3:F0:16:BF:DC:AE)	-0.038	0.990	-0.127	16.846	-23.926	1.221	94.82	-2.71	-46.22	-48.680	28.987	-58.687	-0.64185	-0.67487	0.30368	0.20065	25.6	null	null	13113	75
2026-05-27T17:00:06.769	WT901BLE68(F3:F0:16:BF:DC:AE)	0.008	1.000	-0.045	18.921	-37.109	8.057	96.92	-2.65	-49.20	-48.680	28.987	-58.687	-0.64185	-0.67487	0.30368	0.20065	25.6	null	null	13113	75
2026-05-27T17:00:06.878	WT901BLE68(F3:F0:16:BF:DC:AE)	0.063	1.011	-0.019	4.211	-18.799	14.526	97.79	-3.26	-52.32	-58.800	25.340	-56.213	-0.64185	-0.67487	0.30368	0.20065	25.6	null	null	13113	75
2026-05-27T17:00:06.969	WT901BLE68(F3:F0:16:BF:DC:AE)	0.101	0.986	-0.092	-8.057	-12.268	20.142	97.42	-4.69	-53.89	-58.800	25.340	-56.213	-0.64185	-0.67487	0.30368	0.20065	25.6	null	null	13113	75
2026-05-27T17:00:07.091	WT901BLE68(F3:F0:16:BF:DC:AE)	0.122	0.972	-0.203	1.099	5.920	18.677	97.09	-6.55	-54.00	-58.800	25.340	-56.213	-0.60452	-0.65274	0.36874	0.26904	25.6	null	null	13113	75
2026-05-27T17:00:07.148	WT901BLE68(F3:F0:16:BF:DC:AE)	0.166	0.972	-0.159	1.160	1.038	15.930	97.46	-8.16	-53.65	-58.800	25.340	-56.213	-0.60452	-0.65274	0.36874	0.26904	25.6	null	null	13113	75
2026-05-27T17:00:07.274	WT901BLE68(F3:F0:16:BF:DC:AE)	0.250	0.980	-0.120	-3.967	14.587	12.512	97.27	-9.57	-52.76	-58.800	25.340	-56.213	-0.60452	-0.65274	0.36874	0.26904	25.6	null	null	13113	75
2026-05-27T17:00:07.360	WT901BLE68(F3:F0:16:BF:DC:AE)	0.211	0.974	-0.170	-6.836	47.546	5.310	96.22	-11.04	-49.27	-58.800	25.340	-56.213	-0.60452	-0.65274	0.36874	0.26904	25.6	null	null	13113	75
2026-05-27T17:00:07.482	WT901BLE68(F3:F0:16:BF:DC:AE)	0.266	0.980	-0.085	-8.850	10.620	1.282	95.13	-11.43	-47.06	-58.800	25.340	-56.213	-0.60452	-0.65274	0.36874	0.26904	25.6	null	null	13113	75
2026-05-27T17:00:07.573	WT901BLE68(F3:F0:16:BF:DC:AE)	0.229	0.967	-0.058	3.113	45.227	-0.977	94.20	-11.83	-43.52	-58.800	25.340	-56.213	-0.60452	-0.65274	0.36874	0.26904	25.6	null	null	13113	75
2026-05-27T17:00:07.693	WT901BLE68(F3:F0:16:BF:DC:AE)	0.222	0.970	-0.056	6.042	11.841	-1.953	94.28	-11.91	-41.22	-58.800	25.340	-56.213	-0.60452	-0.65274	0.36874	0.26904	25.6	null	null	13113	75
2026-05-27T17:00:07.750	WT901BLE68(F3:F0:16:BF:DC:AE)	0.208	0.981	-0.085	11.230	21.423	-2.869	94.89	-11.90	-39.66	-46.153	28.707	-59.347	-0.60452	-0.65274	0.36874	0.26904	25.6	null	null	13113	75
2026-05-27T17:00:07.872	WT901BLE68(F3:F0:16:BF:DC:AE)	0.223	0.967	-0.120	7.324	-0.916	-2.075	95.60	-11.64	-39.42	-46.153	28.707	-59.347	-0.60452	-0.65274	0.36874	0.26904	25.6	null	null	13113	75
2026-05-27T17:00:07.959	WT901BLE68(F3:F0:16:BF:DC:AE)	0.200	0.960	-0.175	16.479	2.686	-2.075	96.81	-11.51	-39.41	-46.153	28.707	-59.347	-0.65259	-0.67252	0.31299	0.15414	25.6	null	null	13113	75
2026-05-27T17:00:08.085	WT901BLE68(F3:F0:16:BF:DC:AE)	0.150	1.014	-0.037	7.874	-17.151	-5.981	98.38	-11.01	-40.18	-46.153	28.707	-59.347	-0.65259	-0.67252	0.31299	0.15414	25.6	null	null	13113	75
2026-05-27T17:00:08.173	WT901BLE68(F3:F0:16:BF:DC:AE)	0.189	0.981	-0.139	3.479	11.719	-4.333	98.34	-10.61	-40.11	-46.153	28.707	-59.347	-0.65259	-0.67252	0.31299	0.15414	25.6	null	null	13113	75
2026-05-27T17:00:08.293	WT901BLE68(F3:F0:16:BF:DC:AE)	0.110	0.967	-0.165	2.808	-5.249	-1.953	98.54	-10.24	-39.80	-46.153	28.707	-59.347	-0.65259	-0.67252	0.31299	0.15414	25.6	null	null	13113	75
2026-05-27T17:00:08.380	WT901BLE68(F3:F0:16:BF:DC:AE)	0.178	0.972	-0.132	1.282	-4.517	-1.099	98.81	-9.96	-40.94	-46.153	28.707	-59.347	-0.65259	-0.67252	0.31299	0.15414	25.6	null	null	13113	75
2026-05-27T17:00:08.503	WT901BLE68(F3:F0:16:BF:DC:AE)	0.123	0.970	-0.155	0.305	5.920	0.732	98.78	-10.03	-40.01	-46.153	28.707	-59.347	-0.65259	-0.67252	0.31299	0.15414	25.6	null	null	13113	75
2026-05-27T17:00:08.559	WT901BLE68(F3:F0:16:BF:DC:AE)	0.145	0.973	-0.122	0.305	-11.230	6.653	98.89	-10.21	-40.95	-46.153	28.707	-59.347	-0.65259	-0.67252	0.31299	0.15414	25.6	null	null	13113	75
2026-05-27T17:00:08.682	WT901BLE68(F3:F0:16:BF:DC:AE)	0.168	0.963	-0.170	2.014	-14.832	10.498	99.28	-10.75	-42.59	-47.667	25.213	-63.533	-0.65259	-0.67252	0.31299	0.15414	25.6	null	null	13113	75
2026-05-27T17:00:08.769	WT901BLE68(F3:F0:16:BF:DC:AE)	0.205	0.964	-0.167	-0.488	-15.015	10.193	99.70	-11.45	-44.27	-47.667	25.213	-63.533	-0.65259	-0.67252	0.31299	0.15414	25.6	null	null	13113	75
2026-05-27T17:00:08.887	WT901BLE68(F3:F0:16:BF:DC:AE)	0.233	1.051	-0.084	-22.400	-5.493	15.747	99.06	-12.47	-45.08	-47.667	25.213	-63.533	-0.62338	-0.67709	0.35153	0.17102	25.6	null	null	13113	75
2026-05-27T17:00:08.982	WT901BLE68(F3:F0:16:BF:DC:AE)	0.276	0.970	0.020	-25.208	-39.612	25.146	96.48	-14.37	-47.49	-47.667	25.213	-63.533	-0.62338	-0.67709	0.35153	0.17102	25.6	null	null	13113	75
2026-05-27T17:00:09.101	WT901BLE68(F3:F0:16:BF:DC:AE)	0.253	0.940	-0.234	-7.446	-13.184	11.536	96.11	-15.60	-49.13	-47.667	25.213	-63.533	-0.62338	-0.67709	0.35153	0.17102	25.6	null	null	13113	75
2026-05-27T17:00:09.161	WT901BLE68(F3:F0:16:BF:DC:AE)	0.360	0.936	-0.149	-1.892	4.272	2.563	96.16	-16.12	-49.94	-47.667	25.213	-63.533	-0.62338	-0.67709	0.35153	0.17102	25.6	null	null	13113	75
2026-05-27T17:00:09.279	WT901BLE68(F3:F0:16:BF:DC:AE)	0.334	0.940	-0.083	0.488	21.545	1.831	96.00	-16.64	-48.42	-47.667	25.213	-63.533	-0.62338	-0.67709	0.35153	0.17102	25.6	null	null	13113	75
2026-05-27T17:00:09.371	WT901BLE68(F3:F0:16:BF:DC:AE)	0.342	0.935	-0.116	-3.845	26.184	-3.418	95.18	-16.96	-45.91	-47.667	25.213	-63.533	-0.62338	-0.67709	0.35153	0.17102	25.6	null	null	13113	75
2026-05-27T17:00:09.492	WT901BLE68(F3:F0:16:BF:DC:AE)	0.274	0.962	-0.080	-3.296	36.133	-7.935	93.92	-16.88	-42.26	-47.667	25.213	-63.533	-0.62338	-0.67709	0.35153	0.17102	25.6	null	null	13113	75
2026-05-27T17:00:09.579	WT901BLE68(F3:F0:16:BF:DC:AE)	0.306	0.958	-0.031	-4.089	26.855	-10.315	92.74	-16.18	-39.27	-41.960	31.273	-57.833	-0.62338	-0.67709	0.35153	0.17102	25.6	null	null	13113	75
2026-05-27T17:00:09.704	WT901BLE68(F3:F0:16:BF:DC:AE)	0.262	0.965	-0.030	-2.502	15.747	-11.597	91.75	-15.26	-36.90	-41.960	31.273	-57.833	-0.62338	-0.67709	0.35153	0.17102	25.6	null	null	13113	75
2026-05-27T17:00:09.793	WT901BLE68(F3:F0:16:BF:DC:AE)	0.292	0.964	-0.014	0.488	20.630	-13.428	91.22	-14.21	-35.50	-41.960	31.273	-57.833	-0.68643	-0.64706	0.30594	0.12808	25.6	null	null	13113	75
2026-05-27T17:00:09.913	WT901BLE68(F3:F0:16:BF:DC:AE)	0.196	0.949	-0.045	13.916	31.677	-13.855	91.07	-13.02	-32.85	-41.960	31.273	-57.833	-0.68643	-0.64706	0.30594	0.12808	25.6	null	null	13113	75
2026-05-27T17:00:09.972	WT901BLE68(F3:F0:16:BF:DC:AE)	0.150	0.989	-0.085	29.724	-5.615	-16.357	92.87	-11.65	-31.25	-41.960	31.273	-57.833	-0.68643	-0.64706	0.30594	0.12808	25.6	null	null	13113	75
2026-05-27T17:00:10.094	WT901BLE68(F3:F0:16:BF:DC:AE)	0.187	1.042	0.095	1.221	-39.978	-16.785	95.15	-9.78	-33.91	-41.960	31.273	-57.833	-0.68643	-0.64706	0.30594	0.12808	25.6	null	null	13113	75
2026-05-27T17:00:10.181	WT901BLE68(F3:F0:16:BF:DC:AE)	0.135	0.958	-0.146	1.648	2.625	-16.479	95.17	-8.06	-35.83	-41.960	31.273	-57.833	-0.68643	-0.64706	0.30594	0.12808	25.6	null	null	13113	75
2026-05-27T17:00:10.303	WT901BLE68(F3:F0:16:BF:DC:AE)	0.072	1.007	-0.043	-1.892	-22.766	-12.756	95.16	-6.69	-36.20	-41.960	31.273	-57.833	-0.68643	-0.64706	0.30594	0.12808	25.6	null	null	13113	75
2026-05-27T17:00:10.393	WT901BLE68(F3:F0:16:BF:DC:AE)	0.044	0.990	-0.095	0.854	-2.075	-11.292	95.17	-5.36	-37.80	-41.960	31.273	-57.833	-0.68643	-0.64706	0.30594	0.12808	25.6	null	null	13113	75
2026-05-27T17:00:10.509	WT901BLE68(F3:F0:16:BF:DC:AE)	-0.036	0.999	-0.103	0.000	-11.230	-8.972	95.31	-4.31	-38.23	-49.747	26.507	-62.247	-0.68643	-0.64706	0.30594	0.12808	25.6	null	null	13113	75
2026-05-27T17:00:10.569	WT901BLE68(F3:F0:16:BF:DC:AE)	0.042	0.989	-0.059	1.892	-9.827	-1.831	95.45	-3.51	-39.48	-49.747	26.507	-62.247	-0.68643	-0.64706	0.30594	0.12808	25.6	null	null	13113	75
2026-05-27T17:00:10.690	WT901BLE68(F3:F0:16:BF:DC:AE)	-0.025	1.000	-0.037	4.211	-4.761	2.991	95.73	-3.40	-39.80	-49.747	26.507	-62.247	-0.63910	-0.68967	0.27011	0.20700	25.6	null	null	13113	75
2026-05-27T17:00:10.780	WT901BLE68(F3:F0:16:BF:DC:AE)	0.063	0.980	-0.128	4.822	-14.587	8.850	96.06	-3.70	-41.27	-49.747	26.507	-62.247	-0.63910	-0.68967	0.27011	0.20700	25.6	null	null	13113	75
2026-05-27T17:00:10.905	WT901BLE68(F3:F0:16:BF:DC:AE)	0.016	0.994	-0.109	6.897	-17.029	13.794	96.69	-4.41	-42.98	-49.747	26.507	-62.247	-0.63910	-0.68967	0.27011	0.20700	25.6	null	null	13113	75
2026-05-27T17:00:10.991	WT901BLE68(F3:F0:16:BF:DC:AE)	0.077	0.996	-0.106	6.714	-14.648	18.677	97.48	-5.59	-44.79	-49.747	26.507	-62.247	-0.63910	-0.68967	0.27011	0.20700	25.6	null	null	13113	75
2026-05-27T17:00:11.112	WT901BLE68(F3:F0:16:BF:DC:AE)	0.066	0.993	-0.058	-19.043	-29.724	25.574	97.33	-7.28	-46.86	-49.747	26.507	-62.247	-0.63910	-0.68967	0.27011	0.20700	25.6	null	null	13113	75
2026-05-27T17:00:11.201	WT901BLE68(F3:F0:16:BF:DC:AE)	0.221	0.956	-0.138	-1.587	-17.151	27.466	96.28	-9.62	-50.61	-49.747	26.507	-62.247	-0.63910	-0.68967	0.27011	0.20700	25.6	null	null	13113	75
2026-05-27T17:00:11.356	WT901BLE68(F3:F0:16:BF:DC:AE)	0.143	0.978	-0.192	-6.470	-18.921	22.156	96.13	-11.98	-51.04	-49.747	26.507	-62.247	-0.63910	-0.68967	0.27011	0.20700	25.6	null	null	13113	75
2026-05-27T17:00:11.379	WT901BLE68(F3:F0:16:BF:DC:AE)	0.256	0.979	-0.148	-13.489	-27.283	13.672	95.95	-13.27	-54.07	-50.667	30.100	-56.500	-0.63910	-0.68967	0.27011	0.20700	25.6	null	null	13113	75
2026-05-27T17:00:11.502	WT901BLE68(F3:F0:16:BF:DC:AE)	0.237	1.008	-0.038	-29.236	-70.129	-8.057	94.88	-13.07	-56.43	-50.667	30.100	-56.500	-0.63910	-0.68967	0.27011	0.20700	25.6	null	null	13113	75
2026-05-27T17:00:11.589	WT901BLE68(F3:F0:16:BF:DC:AE)	0.397	0.945	-0.067	-14.954	29.846	0.671	93.38	-12.98	-58.22	-50.667	30.100	-56.500	-0.62793	-0.60019	0.42242	0.25867	25.6	null	null	13113	75
2026-05-27T17:00:11.717	WT901BLE68(F3:F0:16:BF:DC:AE)	0.286	0.940	-0.101	-7.996	63.232	2.502	91.19	-13.51	-53.02	-50.667	30.100	-56.500	-0.62793	-0.60019	0.42242	0.25867	25.6	null	null	13113	75
2026-05-27T17:00:11.801	WT901BLE68(F3:F0:16:BF:DC:AE)	0.321	0.966	-0.031	-9.949	41.626	4.395	89.32	-13.97	-46.76	-50.667	30.100	-56.500	-0.62793	-0.60019	0.42242	0.25867	25.6	null	null	13113	75
2026-05-27T17:00:11.927	WT901BLE68(F3:F0:16:BF:DC:AE)	0.311	0.912	-0.133	19.348	68.481	28.748	88.59	-16.03	-41.38	-50.667	30.100	-56.500	-0.62793	-0.60019	0.42242	0.25867	25.6	null	null	13113	75
2026-05-27T17:00:11.981	WT901BLE68(F3:F0:16:BF:DC:AE)	0.227	0.984	0.037	19.165	35.522	8.606	89.79	-17.72	-36.93	-50.667	30.100	-56.500	-0.62793	-0.60019	0.42242	0.25867	25.6	null	null	13113	75
2026-05-27T17:00:12.103	WT901BLE68(F3:F0:16:BF:DC:AE)	0.249	0.933	0.024	26.184	83.008	-14.587	90.15	-17.14	-30.32	-50.667	30.100	-56.500	-0.62793	-0.60019	0.42242	0.25867	25.6	null	null	13113	75
2026-05-27T17:00:12.192	WT901BLE68(F3:F0:16:BF:DC:AE)	0.331	0.929	0.117	13.611	64.941	3.113	89.55	-16.60	-23.08	-50.667	30.100	-56.500	-0.62793	-0.60019	0.42242	0.25867	25.6	null	null	13113	75
2026-05-27T17:00:12.314	WT901BLE68(F3:F0:16:BF:DC:AE)	0.254	0.976	0.049	-18.494	21.057	-9.094	88.26	-15.61	-20.35	-29.527	30.433	-62.560	-0.62793	-0.60019	0.42242	0.25867	25.6	null	null	13113	75
2026-05-27T17:00:12.402	WT901BLE68(F3:F0:16:BF:DC:AE)	0.277	0.916	0.058	1.160	3.296	-5.127	86.84	-15.21	-19.56	-29.527	30.433	-62.560	-0.62793	-0.60019	0.42242	0.25867	25.6	null	null	13113	75
2026-05-27T17:00:12.527	WT901BLE68(F3:F0:16:BF:DC:AE)	0.207	0.969	-0.022	7.568	-1.892	-13.733	87.59	-14.16	-20.84	-29.527	30.433	-62.560	-0.72375	-0.65594	0.21103	0.03604	25.6	null	null	13113	75
2026-05-27T17:00:12.611	WT901BLE68(F3:F0:16:BF:DC:AE)	0.218	0.933	0.015	22.949	-2.747	-23.254	89.20	-12.39	-21.87	-29.527	30.433	-62.560	-0.72375	-0.65594	0.21103	0.03604	25.6	null	null	13113	75
2026-05-27T17:00:12.732	WT901BLE68(F3:F0:16:BF:DC:AE)	0.124	1.029	0.152	12.146	-31.921	-17.639	92.07	-10.23	-23.63	-29.527	30.433	-62.560	-0.72375	-0.65594	0.21103	0.03604	25.6	null	null	13113	75
2026-05-27T17:00:12.789	WT901BLE68(F3:F0:16:BF:DC:AE)	0.170	0.967	-0.062	10.681	-19.348	-14.038	92.85	-8.78	-27.49	-29.527	30.433	-62.560	-0.72375	-0.65594	0.21103	0.03604	25.6	null	null	13113	75
2026-05-27T17:00:12.907	WT901BLE68(F3:F0:16:BF:DC:AE)	-0.056	1.022	-0.083	6.775	-23.132	-9.094	93.82	-7.58	-28.10	-29.527	30.433	-62.560	-0.72375	-0.65594	0.21103	0.03604	25.6	null	null	13113	75
2026-05-27T17:00:13.003	WT901BLE68(F3:F0:16:BF:DC:AE)	0.083	0.985	-0.037	0.305	-46.204	-1.648	94.39	-6.51	-32.76	-29.527	30.433	-62.560	-0.72375	-0.65594	0.21103	0.03604	25.6	null	null	13113	75
2026-05-27T17:00:13.119	WT901BLE68(F3:F0:16:BF:DC:AE)	0.051	0.996	-0.063	0.427	-43.457	6.836	94.71	-6.28	-37.16	-29.527	30.433	-62.560	-0.72375	-0.65594	0.21103	0.03604	25.6	null	null	13113	75
2026-05-27T17:00:13.209	WT901BLE68(F3:F0:16:BF:DC:AE)	0.063	1.000	-0.087	-1.526	-59.692	11.292	95.13	-6.56	-42.63	-46.760	27.007	-62.653	-0.72375	-0.65594	0.21103	0.03604	25.6	null	null	13113	75
2026-05-27T17:00:13.332	WT901BLE68(F3:F0:16:BF:DC:AE)	0.083	0.981	-0.104	-0.854	-49.744	16.907	95.66	-7.23	-48.26	-46.760	27.007	-62.653	-0.72375	-0.65594	0.21103	0.03604	25.6	null	null	13113	75
2026-05-27T17:00:13.391	WT901BLE68(F3:F0:16:BF:DC:AE)	0.128	0.968	-0.091	3.418	-40.466	19.653	96.39	-8.45	-52.72	-46.760	27.007	-62.653	-0.62436	-0.64987	0.36014	0.24094	25.6	null	null	13113	75
2026-05-27T17:00:13.512	WT901BLE68(F3:F0:16:BF:DC:AE)	0.174	0.979	-0.067	-4.150	-38.879	23.010	96.82	-10.13	-56.73	-46.760	27.007	-62.653	-0.62436	-0.64987	0.36014	0.24094	25.6	null	null	13113	75
2026-05-27T17:00:13.603	WT901BLE68(F3:F0:16:BF:DC:AE)	0.166	0.970	-0.169	-10.071	-21.179	17.761	96.67	-11.81	-59.45	-46.760	27.007	-62.653	-0.62436	-0.64987	0.36014	0.24094	25.6	null	null	13113	75
2026-05-27T17:00:13.725	WT901BLE68(F3:F0:16:BF:DC:AE)	0.229	0.955	-0.227	-16.663	-39.612	12.756	95.93	-12.65	-63.02	-46.760	27.007	-62.653	-0.62436	-0.64987	0.36014	0.24094	25.6	null	null	13113	75
2026-05-27T17:00:13.813	WT901BLE68(F3:F0:16:BF:DC:AE)	0.304	0.953	-0.113	-4.395	-13.672	8.240	96.11	-13.35	-65.13	-46.760	27.007	-62.653	-0.62436	-0.64987	0.36014	0.24094	25.6	null	null	13113	75
2026-05-27T17:00:13.934	WT901BLE68(F3:F0:16:BF:DC:AE)	0.287	0.983	-0.100	-5.554	-10.803	4.944	95.94	-13.87	-65.46	-46.760	27.007	-62.653	-0.62436	-0.64987	0.36014	0.24094	25.6	null	null	13113	75
2026-05-27T17:00:14.021	WT901BLE68(F3:F0:16:BF:DC:AE)	0.307	0.980	-0.120	-11.536	-5.371	-0.610	95.42	-14.02	-65.66	-46.760	27.007	-62.653	-0.62436	-0.64987	0.36014	0.24094	25.6	null	null	13113	75
2026-05-27T17:00:14.141	WT901BLE68(F3:F0:16:BF:DC:AE)	0.366	0.943	-0.125	-7.690	20.752	-1.831	94.33	-14.04	-64.36	-53.907	31.807	-47.420	-0.62436	-0.64987	0.36014	0.24094	25.6	null	null	13113	75
2026-05-27T17:00:14.199	WT901BLE68(F3:F0:16:BF:DC:AE)	0.471	0.925	-0.164	4.578	67.261	8.301	93.35	-14.90	-59.66	-53.907	31.807	-47.420	-0.62436	-0.64987	0.36014	0.24094	25.6	null	null	13113	75
2026-05-27T17:00:14.318	WT901BLE68(F3:F0:16:BF:DC:AE)	0.197	0.980	-0.140	18.799	81.970	4.333	92.72	-16.47	-50.63	-53.907	31.807	-47.420	-0.65131	-0.59262	0.41599	0.22681	25.6	null	null	13113	75
2026-05-27T17:00:14.410	WT901BLE68(F3:F0:16:BF:DC:AE)	0.234	0.981	-0.008	6.226	54.382	-6.775	92.48	-16.23	-43.63	-53.907	31.807	-47.420	-0.65131	-0.59262	0.41599	0.22681	25.6	null	null	13113	75
2026-05-27T17:00:14.533	WT901BLE68(F3:F0:16:BF:DC:AE)	0.299	0.985	0.074	0.000	34.607	-8.972	91.54	-15.54	-39.18	-53.907	31.807	-47.420	-0.65131	-0.59262	0.41599	0.22681	25.6	null	null	13113	75
2026-05-27T17:00:14.623	WT901BLE68(F3:F0:16:BF:DC:AE)	0.335	0.910	-0.033	-11.902	42.053	-2.686	88.61	-15.11	-35.13	-53.907	31.807	-47.420	-0.65131	-0.59262	0.41599	0.22681	25.6	null	null	13113	75
2026-05-27T17:00:14.745	WT901BLE68(F3:F0:16:BF:DC:AE)	0.185	0.972	0.006	11.963	64.514	-5.676	87.61	-14.62	-28.80	-53.907	31.807	-47.420	-0.65131	-0.59262	0.41599	0.22681	25.6	null	null	13113	75
2026-05-27T17:00:14.800	WT901BLE68(F3:F0:16:BF:DC:AE)	0.146	0.992	0.074	14.221	29.602	-9.399	88.00	-13.54	-24.53	-53.907	31.807	-47.420	-0.65131	-0.59262	0.41599	0.22681	25.6	null	null	13113	75
2026-05-27T17:00:14.923	WT901BLE68(F3:F0:16:BF:DC:AE)	0.203	0.981	0.049	9.399	-7.324	-13.245	88.95	-12.26	-24.21	-53.907	31.807	-47.420	-0.65131	-0.59262	0.41599	0.22681	25.6	null	null	13113	75
2026-05-27T17:00:15.011	WT901BLE68(F3:F0:16:BF:DC:AE)	0.178	0.978	0.003	10.193	-14.404	-19.043	89.96	-10.56	-25.76	-35.020	31.080	-61.133	-0.65131	-0.59262	0.41599	0.22681	25.6	null	null	13113	75
2026-05-27T17:00:15.131	WT901BLE68(F3:F0:16:BF:DC:AE)	0.159	0.998	0.023	14.160	6.042	-19.897	91.24	-8.64	-26.61	-35.020	31.080	-61.133	-0.65131	-0.59262	0.41599	0.22681	25.6	null	null	13113	75
2026-05-27T17:00:15.222	WT901BLE68(F3:F0:16:BF:DC:AE)	0.082	0.991	-0.006	9.827	-6.531	-12.695	92.09	-6.92	-27.16	-35.020	31.080	-61.133	-0.68805	-0.68494	0.21155	0.11218	25.6	null	null	13113	75
2026-05-27T17:00:15.342	WT901BLE68(F3:F0:16:BF:DC:AE)	0.086	1.017	-0.009	1.404	-21.423	-11.902	92.82	-5.59	-29.17	-35.020	31.080	-61.133	-0.68805	-0.68494	0.21155	0.11218	25.6	null	null	13113	75
2026-05-27T17:00:15.401	WT901BLE68(F3:F0:16:BF:DC:AE)	0.058	1.007	-0.021	-5.005	-12.329	-11.414	92.67	-4.42	-31.00	-35.020	31.080	-61.133	-0.68805	-0.68494	0.21155	0.11218	25.6	null	null	13113	75
2026-05-27T17:00:15.553	WT901BLE68(F3:F0:16:BF:DC:AE)	-0.011	1.032	0.016	-17.639	-2.747	-4.028	91.90	-3.46	-31.70	-35.020	31.080	-61.133	-0.68805	-0.68494	0.21155	0.11218	25.6	null	null	13113	75
2026-05-27T17:00:15.610	WT901BLE68(F3:F0:16:BF:DC:AE)	-0.024	0.991	-0.087	-4.150	-17.395	-2.014	90.57	-3.18	-33.03	-35.020	31.080	-61.133	-0.68805	-0.68494	0.21155	0.11218	25.6	null	null	13113	75
2026-05-27T17:00:15.767	WT901BLE68(F3:F0:16:BF:DC:AE)	-0.018	1.004	-0.079	2.930	-28.503	-0.671	90.73	-2.85	-35.80	-35.020	31.080	-61.133	-0.68805	-0.68494	0.21155	0.11218	25.6	null	null	13113	75
2026-05-27T17:00:15.821	WT901BLE68(F3:F0:16:BF:DC:AE)	0.058	0.995	-0.049	12.329	-12.512	2.747	91.65	-2.73	-38.85	-35.020	31.080	-61.133	-0.68805	-0.68494	0.21155	0.11218	25.6	null	null	13113	75
2026-05-27T17:00:15.940	WT901BLE68(F3:F0:16:BF:DC:AE)	-0.070	1.041	0.066	8.301	-24.414	5.005	93.03	-2.91	-40.03	-50.580	28.787	-60.053	-0.68805	-0.68494	0.21155	0.11218	25.6	null	null	13113	75
2026-05-27T17:00:16.032	WT901BLE68(F3:F0:16:BF:DC:AE)	0.037	0.967	-0.036	-11.475	-43.701	20.813	92.24	-3.82	-43.39	-50.580	28.787	-60.053	-0.68805	-0.68494	0.21155	0.11218	25.6	null	null	13113	75
2026-05-27T17:00:16.154	WT901BLE68(F3:F0:16:BF:DC:AE)	0.086	0.998	-0.038	2.808	-35.278	21.301	92.24	-5.52	-47.37	-50.580	28.787	-60.053	-0.65186	-0.65445	0.29922	0.23901	25.6	null	null	13113	75
2026-05-27T17:00:16.213	WT901BLE68(F3:F0:16:BF:DC:AE)	0.163	0.990	0.003	4.517	-9.521	24.597	92.91	-7.56	-49.74	-50.580	28.787	-60.053	-0.65186	-0.65445	0.29922	0.23901	25.6	null	null	13113	75
2026-05-27T17:00:16.330	WT901BLE68(F3:F0:16:BF:DC:AE)	0.185	0.983	0.078	-2.014	-2.197	27.039	93.05	-10.00	-50.23	-50.580	28.787	-60.053	-0.65186	-0.65445	0.29922	0.23901	25.6	null	null	13113	75
2026-05-27T17:00:16.424	WT901BLE68(F3:F0:16:BF:DC:AE)	0.218	0.978	-0.045	-8.301	-8.850	27.527	92.48	-12.67	-50.53	-50.580	28.787	-60.053	-0.65186	-0.65445	0.29922	0.23901	25.6	null	null	13113	75
2026-05-27T17:00:16.543	WT901BLE68(F3:F0:16:BF:DC:AE)	0.192	0.988	-0.137	-9.033	-24.475	14.954	91.97	-14.58	-51.50	-50.580	28.787	-60.053	-0.65186	-0.65445	0.29922	0.23901	25.6	null	null	13113	75
2026-05-27T17:00:16.633	WT901BLE68(F3:F0:16:BF:DC:AE)	0.388	0.971	-0.145	-3.845	-39.307	3.723	92.76	-15.16	-55.81	-50.580	28.787	-60.053	-0.65186	-0.65445	0.29922	0.23901	25.6	null	null	13113	75
2026-05-27T17:00:16.750	WT901BLE68(F3:F0:16:BF:DC:AE)	0.426	0.912	-0.083	1.099	23.010	-0.122	93.13	-15.42	-56.23	-50.580	28.787	-60.053	-0.65186	-0.65445	0.29922	0.23901	25.6	null	null	13113	75
2026-05-27T17:00:16.808	WT901BLE68(F3:F0:16:BF:DC:AE)	0.251	0.990	-0.060	-1.038	28.076	-2.258	92.37	-15.94	-52.94	-48.353	32.233	-51.840	-0.65186	-0.65445	0.29922	0.23901	25.6	null	null	13113	75
2026-05-27T17:00:16.963	WT901BLE68(F3:F0:16:BF:DC:AE)	0.264	0.977	0.037	-2.930	18.921	-9.399	91.70	-15.49	-51.07	-48.353	32.233	-51.840	-0.65186	-0.65445	0.29922	0.23901	25.6	null	null	13113	75
2026-05-27T17:00:17.021	WT901BLE68(F3:F0:16:BF:DC:AE)	0.342	0.925	0.007	1.648	25.635	-5.249	91.07	-14.75	-48.38	-48.353	32.233	-51.840	-0.66824	-0.60583	0.37952	0.20563	25.6	null	null	13113	75
2026-05-27T17:00:17.140	WT901BLE68(F3:F0:16:BF:DC:AE)	0.190	0.980	-0.006	0.061	19.409	-5.859	90.75	-14.60	-46.36	-48.353	32.233	-51.840	-0.66824	-0.60583	0.37952	0.20563	25.6	null	null	13113	75
2026-05-27T17:00:17.236	WT901BLE68(F3:F0:16:BF:DC:AE)	0.173	0.963	0.022	3.479	16.235	-8.118	90.47	-14.08	-44.14	-48.353	32.233	-51.840	-0.66824	-0.60583	0.37952	0.20563	25.6	null	null	13113	75
2026-05-27T17:00:17.354	WT901BLE68(F3:F0:16:BF:DC:AE)	0.212	1.018	0.018	8.301	27.222	-4.822	90.46	-13.58	-42.79	-48.353	32.233	-51.840	-0.66824	-0.60583	0.37952	0.20563	25.6	null	null	13113	75
2026-05-27T17:00:17.443	WT901BLE68(F3:F0:16:BF:DC:AE)	0.176	0.993	0.029	2.502	5.859	-9.766	90.61	-13.00	-41.75	-48.353	32.233	-51.840	-0.66824	-0.60583	0.37952	0.20563	25.6	null	null	13113	75
2026-05-27T17:00:17.594	WT901BLE68(F3:F0:16:BF:DC:AE)	0.247	0.973	-0.077	3.601	-11.047	-10.010	90.86	-12.09	-42.34	-48.353	32.233	-51.840	-0.66824	-0.60583	0.37952	0.20563	25.6	null	null	13113	75
2026-05-27T17:00:17.619	WT901BLE68(F3:F0:16:BF:DC:AE)	0.143	1.022	-0.049	8.057	21.667	-13.123	91.48	-11.11	-42.03	-48.353	32.233	-51.840	-0.66824	-0.60583	0.37952	0.20563	25.6	null	null	13113	75
2026-05-27T17:00:17.738	WT901BLE68(F3:F0:16:BF:DC:AE)	0.124	0.982	-0.003	8.606	2.014	-13.000	92.15	-9.71	-41.31	-46.867	30.160	-57.620	-0.66824	-0.60583	0.37952	0.20563	25.6	null	null	13113	75
2026-05-27T17:00:17.829	WT901BLE68(F3:F0:16:BF:DC:AE)	0.136	0.994	-0.048	3.113	-20.020	-12.085	92.92	-8.38	-43.01	-46.867	30.160	-57.620	-0.66824	-0.60583	0.37952	0.20563	25.6	null	null	13113	75
2026-05-27T17:00:17.950	WT901BLE68(F3:F0:16:BF:DC:AE)	0.144	0.986	-0.093	2.563	15.198	-12.939	93.15	-7.16	-43.53	-46.867	30.160	-57.620	-0.65665	-0.65393	0.31329	0.20718	25.6	null	null	13113	75
2026-05-27T17:00:18.043	WT901BLE68(F3:F0:16:BF:DC:AE)	0.037	0.994	-0.122	14.832	12.268	-12.329	93.95	-6.09	-41.52	-46.867	30.160	-57.620	-0.65665	-0.65393	0.31329	0.20718	25.6	null	null	13113	75
2026-05-27T17:00:18.159	WT901BLE68(F3:F0:16:BF:DC:AE)	0.105	0.964	-0.045	12.878	-18.127	-5.981	95.53	-4.87	-42.74	-46.867	30.160	-57.620	-0.65665	-0.65393	0.31329	0.20718	25.6	null	null	13113	75
2026-05-27T17:00:18.219	WT901BLE68(F3:F0:16:BF:DC:AE)	0.021	1.011	-0.043	7.202	18.616	-3.723	96.58	-4.38	-42.41	-46.867	30.160	-57.620	-0.65665	-0.65393	0.31329	0.20718	25.6	null	null	13113	75
2026-05-27T17:00:18.375	WT901BLE68(F3:F0:16:BF:DC:AE)	-0.037	1.004	-0.064	-6.287	-14.343	2.808	96.33	-4.17	-42.08	-46.867	30.160	-57.620	-0.65665	-0.65393	0.31329	0.20718	25.6	null	null	13113	75
2026-05-27T17:00:18.432	WT901BLE68(F3:F0:16:BF:DC:AE)	0.038	0.992	-0.112	-7.263	-26.367	7.507	95.66	-4.16	-44.81	-46.867	30.160	-57.620	-0.65665	-0.65393	0.31329	0.20718	25.6	null	null	13113	75
2026-05-27T17:00:18.552	WT901BLE68(F3:F0:16:BF:DC:AE)	0.035	0.989	-0.182	1.282	-13.184	8.057	95.54	-4.67	-46.21	-46.867	30.160	-57.620	-0.65665	-0.65393	0.31329	0.20718	25.6	null	null	13113	75
2026-05-27T17:00:18.639	WT901BLE68(F3:F0:16:BF:DC:AE)	0.065	0.994	-0.125	3.784	-20.691	12.756	96.06	-5.39	-47.87	-54.647	26.420	-58.473	-0.65665	-0.65393	0.31329	0.20718	25.6	null	null	13113	75
2026-05-27T17:00:18.764	WT901BLE68(F3:F0:16:BF:DC:AE)	0.078	0.980	-0.098	8.118	-22.827	17.700	97.11	-6.54	-49.87	-54.647	26.420	-58.473	-0.65665	-0.65393	0.31329	0.20718	25.6	null	null	13113	75
2026-05-27T17:00:18.848	WT901BLE68(F3:F0:16:BF:DC:AE)	0.146	0.988	-0.093	0.183	-27.954	21.545	97.70	-8.06	-52.50	-54.647	26.420	-58.473	-0.61429	-0.65930	0.36029	0.24097	25.6	null	null	13113	75
2026-05-27T17:00:18.973	WT901BLE68(F3:F0:16:BF:DC:AE)	0.206	0.979	-0.113	-8.240	-37.476	23.254	97.72	-9.76	-55.51	-54.647	26.420	-58.473	-0.61429	-0.65930	0.36029	0.24097	25.6	null	null	13113	75
2026-05-27T17:00:19.031	WT901BLE68(F3:F0:16:BF:DC:AE)	0.279	1.019	-0.221	-10.742	-24.719	15.259	97.20	-11.28	-58.62	-54.647	26.420	-58.473	-0.61429	-0.65930	0.36029	0.24097	25.6	null	null	13113	75
2026-05-27T17:00:19.153	WT901BLE68(F3:F0:16:BF:DC:AE)	0.359	0.905	-0.190	-2.563	41.626	8.118	96.56	-12.70	-57.42	-54.647	26.420	-58.473	-0.61429	-0.65930	0.36029	0.24097	25.6	null	null	13113	75
2026-05-27T17:00:19.242	WT901BLE68(F3:F0:16:BF:DC:AE)	0.234	0.949	-0.168	5.615	77.637	-3.845	95.38	-13.79	-50.04	-54.647	26.420	-58.473	-0.61429	-0.65930	0.36029	0.24097	25.6	null	null	13113	75
2026-05-27T17:00:19.395	WT901BLE68(F3:F0:16:BF:DC:AE)	0.242	0.989	-0.075	7.874	69.153	-9.033	94.68	-13.83	-42.67	-54.647	26.420	-58.473	-0.61429	-0.65930	0.36029	0.24097	25.6	null	null	13113	75
2026-05-27T17:00:19.451	WT901BLE68(F3:F0:16:BF:DC:AE)	0.266	0.980	-0.015	4.028	34.668	-13.794	94.18	-13.01	-38.17	-54.647	26.420	-58.473	-0.61429	-0.65930	0.36029	0.24097	25.6	null	null	13113	75
2026-05-27T17:00:19.604	WT901BLE68(F3:F0:16:BF:DC:AE)	0.219	0.968	-0.040	-2.258	26.367	-17.090	93.40	-11.76	-34.70	-43.533	29.493	-60.147	-0.61429	-0.65930	0.36029	0.24097	25.6	null	null	13113	75
2026-05-27T17:00:19.628	WT901BLE68(F3:F0:16:BF:DC:AE)	0.172	0.964	-0.053	4.456	15.137	-15.991	92.97	-10.45	-32.79	-43.533	29.493	-60.147	-0.61429	-0.65930	0.36029	0.24097	25.6	null	null	13113	75
2026-05-27T17:00:19.780	WT901BLE68(F3:F0:16:BF:DC:AE)	0.188	0.983	-0.016	2.625	-2.563	-18.555	93.34	-8.84	-32.97	-43.533	29.493	-60.147	-0.67487	-0.67746	0.26047	0.13290	25.6	null	null	13113	75
2026-05-27T17:00:19.839	WT901BLE68(F3:F0:16:BF:DC:AE)	0.193	0.975	-0.061	-5.493	6.714	-18.860	92.90	-7.11	-33.33	-43.533	29.493	-60.147	-0.67487	-0.67746	0.26047	0.13290	25.6	null	null	13113	75
2026-05-27T17:00:19.963	WT901BLE68(F3:F0:16:BF:DC:AE)	-0.012	0.970	-0.096	-0.854	18.616	-16.907	92.35	-5.65	-31.25	-43.533	29.493	-60.147	-0.67487	-0.67746	0.26047	0.13290	25.6	null	null	13113	75
2026-05-27T17:00:20.051	WT901BLE68(F3:F0:16:BF:DC:AE)	-0.005	0.991	-0.021	-0.244	-14.221	-12.329	92.49	-4.03	-32.20	-43.533	29.493	-60.147	-0.67487	-0.67746	0.26047	0.13290	25.6	null	null	13113	75
2026-05-27T17:00:20.183	WT901BLE68(F3:F0:16:BF:DC:AE)	0.029	0.990	-0.009	2.808	-2.747	-9.521	92.70	-2.76	-33.41	-43.533	29.493	-60.147	-0.67487	-0.67746	0.26047	0.13290	25.6	null	null	13113	75
2026-05-27T17:00:20.261	WT901BLE68(F3:F0:16:BF:DC:AE)	0.083	0.978	-0.021	2.747	0.610	-3.784	92.77	-1.99	-33.86	-43.533	29.493	-60.147	-0.67487	-0.67746	0.26047	0.13290	25.6	null	null	13113	75
2026-05-27T17:00:20.377	WT901BLE68(F3:F0:16:BF:DC:AE)	-0.045	1.014	-0.005	4.883	-18.250	-1.099	93.36	-1.63	-34.22	-43.533	29.493	-60.147	-0.67487	-0.67746	0.26047	0.13290	25.6	null	null	13113	75
2026-05-27T17:00:20.438	WT901BLE68(F3:F0:16:BF:DC:AE)	0.010	0.998	-0.034	2.075	-18.982	-0.122	93.47	-1.28	-36.55	-50.227	26.480	-62.433	-0.67487	-0.67746	0.26047	0.13290	25.6	null	null	13113	75
2026-05-27T17:00:20.563	WT901BLE68(F3:F0:16:BF:DC:AE)	-0.036	0.998	-0.073	6.104	-23.499	3.662	93.77	-1.17	-38.85	-50.227	26.480	-62.433	-0.67487	-0.67746	0.26047	0.13290	25.6	null	null	13113	75
2026-05-27T17:00:20.651	WT901BLE68(F3:F0:16:BF:DC:AE)	-0.044	0.998	-0.071	4.395	-40.405	8.362	94.37	-1.36	-42.00	-50.227	26.480	-62.433	-0.64389	-0.68515	0.25555	0.22479	25.6	null	null	13113	75
2026-05-27T17:00:20.774	WT901BLE68(F3:F0:16:BF:DC:AE)	0.035	0.993	-0.070	0.793	-31.616	14.709	94.70	-1.96	-46.13	-50.227	26.480	-62.433	-0.64389	-0.68515	0.25555	0.22479	25.6	null	null	13113	75
2026-05-27T17:00:20.860	WT901BLE68(F3:F0:16:BF:DC:AE)	0.008	0.981	-0.216	11.597	-16.479	17.456	95.21	-3.16	-48.19	-50.227	26.480	-62.433	-0.64389	-0.68515	0.25555	0.22479	25.6	null	null	13113	75
2026-05-27T17:00:20.983	WT901BLE68(F3:F0:16:BF:DC:AE)	0.076	0.990	-0.099	7.813	-24.902	24.353	96.51	-4.76	-50.31	-50.227	26.480	-62.433	-0.64389	-0.68515	0.25555	0.22479	25.6	null	null	13113	75
2026-05-27T17:00:21.041	WT901BLE68(F3:F0:16:BF:DC:AE)	0.172	0.977	-0.146	5.981	7.324	24.292	97.24	-6.97	-51.66	-50.227	26.480	-62.433	-0.64389	-0.68515	0.25555	0.22479	25.6	null	null	13113	75
2026-05-27T17:00:21.199	WT901BLE68(F3:F0:16:BF:DC:AE)	0.173	0.979	-0.109	-0.183	-5.737	25.330	97.56	-9.37	-51.40	-50.227	26.480	-62.433	-0.64389	-0.68515	0.25555	0.22479	25.6	null	null	13113	75
2026-05-27T17:00:21.255	WT901BLE68(F3:F0:16:BF:DC:AE)	0.190	0.977	-0.083	-9.827	-54.871	24.048	97.63	-11.37	-54.21	-50.227	26.480	-62.433	-0.64389	-0.68515	0.25555	0.22479	25.6	null	null	13113	75
2026-05-27T17:00:21.374	WT901BLE68(F3:F0:16:BF:DC:AE)	0.267	0.976	-0.166	-16.541	-67.444	18.250	97.51	-12.54	-60.35	-51.787	28.327	-55.993	-0.64389	-0.68515	0.25555	0.22479	25.6	null	null	13113	75
2026-05-27T17:00:21.463	WT901BLE68(F3:F0:16:BF:DC:AE)	0.337	0.951	-0.228	-8.606	-20.325	10.742	97.42	-13.38	-64.74	-51.787	28.327	-55.993	-0.64389	-0.68515	0.25555	0.22479	25.6	null	null	13113	75
2026-05-27T17:00:21.584	WT901BLE68(F3:F0:16:BF:DC:AE)	0.296	0.936	-0.165	-5.066	-5.310	1.953	97.28	-14.06	-65.42	-51.787	28.327	-55.993	-0.60056	-0.58627	0.46744	0.27750	25.6	null	null	13113	75
2026-05-27T17:00:21.674	WT901BLE68(F3:F0:16:BF:DC:AE)	0.401	0.944	-0.121	-3.723	27.710	-4.211	96.71	-14.08	-64.26	-51.787	28.327	-55.993	-0.60056	-0.58627	0.46744	0.27750	25.6	null	null	13113	75
2026-05-27T17:00:21.791	WT901BLE68(F3:F0:16:BF:DC:AE)	0.296	0.960	-0.120	-1.953	44.861	-5.066	95.47	-14.32	-59.28	-51.787	28.327	-55.993	-0.60056	-0.58627	0.46744	0.27750	25.6	null	null	13113	75
2026-05-27T17:00:21.852	WT901BLE68(F3:F0:16:BF:DC:AE)	0.306	0.952	-0.098	1.221	46.692	1.343	94.46	-14.89	-54.61	-51.787	28.327	-55.993	-0.60056	-0.58627	0.46744	0.27750	25.6	null	null	13113	75
2026-05-27T17:00:21.973	WT901BLE68(F3:F0:16:BF:DC:AE)	0.207	0.961	-0.066	-1.648	55.908	-9.705	93.09	-14.94	-48.76	-51.787	28.327	-55.993	-0.60056	-0.58627	0.46744	0.27750	25.6	null	null	13113	75
2026-05-27T17:00:22.059	WT901BLE68(F3:F0:16:BF:DC:AE)	0.272	0.990	-0.065	-0.305	25.391	-11.719	92.08	-14.02	-44.90	-51.787	28.327	-55.993	-0.60056	-0.58627	0.46744	0.27750	25.6	null	null	13113	75
2026-05-27T17:00:22.184	WT901BLE68(F3:F0:16:BF:DC:AE)	0.244	0.999	-0.046	4.700	31.677	-12.573	91.74	-12.85	-42.21	-51.787	28.327	-55.993	-0.60056	-0.58627	0.46744	0.27750	25.6	null	null	13113	75
2026-05-27T17:00:22.272	WT901BLE68(F3:F0:16:BF:DC:AE)	0.177	0.931	-0.098	18.860	70.618	-16.846	91.89	-11.65	-37.18	-45.507	31.007	-55.933	-0.60056	-0.58627	0.46744	0.27750	25.6	null	null	13113	75
2026-05-27T17:00:22.392	WT901BLE68(F3:F0:16:BF:DC:AE)	0.126	1.006	0.018	14.893	-2.930	-13.123	93.15	-10.22	-33.88	-45.507	31.007	-55.933	-0.60056	-0.58627	0.46744	0.27750	25.6	null	null	13113	75
2026-05-27T17:00:22.447	WT901BLE68(F3:F0:16:BF:DC:AE)	0.219	0.985	-0.001	4.395	3.174	-17.822	93.78	-8.67	-34.69	-45.507	31.007	-55.933	-0.66931	-0.67740	0.26917	0.14349	25.6	null	null	13113	75
2026-05-27T17:00:22.575	WT901BLE68(F3:F0:16:BF:DC:AE)	0.043	0.998	-0.063	4.272	-0.549	-19.348	93.89	-7.07	-33.71	-45.507	31.007	-55.933	-0.66931	-0.67740	0.26917	0.14349	25.6	null	null	13113	75
2026-05-27T17:00:22.661	WT901BLE68(F3:F0:16:BF:DC:AE)	0.041	1.010	-0.050	2.502	0.244	-13.977	94.11	-5.38	-34.48	-45.507	31.007	-55.933	-0.66931	-0.67740	0.26917	0.14349	25.6	null	null	13113	75
2026-05-27T17:00:22.784	WT901BLE68(F3:F0:16:BF:DC:AE)	-0.012	0.985	-0.073	4.333	-2.319	-10.193	94.27	-4.06	-34.56	-45.507	31.007	-55.933	-0.66931	-0.67740	0.26917	0.14349	25.6	null	null	13113	75
2026-05-27T17:00:22.873	WT901BLE68(F3:F0:16:BF:DC:AE)	0.002	0.996	-0.064	4.944	-31.372	-5.005	94.80	-2.98	-36.89	-45.507	31.007	-55.933	-0.66931	-0.67740	0.26917	0.14349	25.6	null	null	13113	75
2026-05-27T17:00:22.997	WT901BLE68(F3:F0:16:BF:DC:AE)	0.077	0.985	-0.095	5.554	-19.226	0.122	95.37	-2.36	-39.68	-45.507	31.007	-55.933	-0.66931	-0.67740	0.26917	0.14349	25.6	null	null	13113	75
2026-05-27T17:00:23.083	WT901BLE68(F3:F0:16:BF:DC:AE)	-0.029	1.000	-0.088	7.507	-9.033	1.770	96.20	-2.33	-40.33	-45.507	31.007	-55.933	-0.66931	-0.67740	0.26917	0.14349	25.6	null	null	13113	75
2026-05-27T17:00:23.203	WT901BLE68(F3:F0:16:BF:DC:AE)	-0.058	1.002	-0.112	5.859	-35.156	9.766	96.75	-2.53	-42.60	-53.187	24.893	-60.693	-0.66931	-0.67740	0.26917	0.14349	25.6	null	null	13113	75
2026-05-27T17:00:23.262	WT901BLE68(F3:F0:16:BF:DC:AE)	0.029	1.024	-0.033	-5.981	-44.067	17.334	96.90	-3.06	-47.18	-53.187	24.893	-60.693	-0.66931	-0.67740	0.26917	0.14349	25.6	null	null	13113	75
2026-05-27T17:00:23.381	WT901BLE68(F3:F0:16:BF:DC:AE)	0.107	0.971	-0.140	-5.676	-18.555	24.414	95.87	-4.75	-50.80	-53.187	24.893	-60.693	-0.61539	-0.67548	0.32010	0.24985	25.6	null	null	13113	75
2026-05-27T17:00:23.472	WT901BLE68(F3:F0:16:BF:DC:AE)	0.080	0.980	-0.149	-4.761	-18.799	23.804	95.72	-6.88	-52.05	-53.187	24.893	-60.693	-0.61539	-0.67548	0.32010	0.24985	25.6	null	null	13113	75
2026-05-27T17:00:23.594	WT901BLE68(F3:F0:16:BF:DC:AE)	0.149	0.998	-0.062	-9.094	-28.748	24.292	95.39	-8.80	-54.43	-53.187	24.893	-60.693	-0.61539	-0.67548	0.32010	0.24985	25.6	null	null	13113	75
2026-05-27T17:00:23.683	WT901BLE68(F3:F0:16:BF:DC:AE)	0.195	0.999	-0.123	-6.897	-20.996	22.827	95.13	-10.83	-56.99	-53.187	24.893	-60.693	-0.61539	-0.67548	0.32010	0.24985	25.6	null	null	13113	75
2026-05-27T17:00:23.803	WT901BLE68(F3:F0:16:BF:DC:AE)	0.189	0.973	-0.208	-5.737	-24.170	16.907	95.04	-12.61	-58.47	-53.187	24.893	-60.693	-0.61539	-0.67548	0.32010	0.24985	25.6	null	null	13113	75
2026-05-27T17:00:23.859	WT901BLE68(F3:F0:16:BF:DC:AE)	0.406	0.944	-0.105	-3.540	-16.296	7.507	95.42	-13.44	-61.16	-53.187	24.893	-60.693	-0.61539	-0.67548	0.32010	0.24985	25.6	null	null	13113	75
2026-05-27T17:00:23.980	WT901BLE68(F3:F0:16:BF:DC:AE)	0.335	0.955	-0.081	-4.578	46.936	6.470	94.74	-14.58	-58.69	-53.187	24.893	-60.693	-0.61539	-0.67548	0.32010	0.24985	25.6	null	null	13113	75
2026-05-27T17:00:24.070	WT901BLE68(F3:F0:16:BF:DC:AE)	0.261	0.971	-0.123	-1.526	34.363	0.122	93.34	-15.58	-54.14	-51.307	31.913	-49.747	-0.61539	-0.67548	0.32010	0.24985	25.6	null	null	13113	75
2026-05-27T17:00:24.196	WT901BLE68(F3:F0:16:BF:DC:AE)	0.386	0.935	-0.042	5.066	42.175	-4.456	93.00	-15.46	-50.81	-51.307	31.913	-49.747	-0.61539	-0.67548	0.32010	0.24985	25.6	null	null	13113	75
2026-05-27T17:00:24.283	WT901BLE68(F3:F0:16:BF:DC:AE)	0.277	0.952	-0.041	-0.793	45.654	-4.883	91.94	-15.47	-46.24	-51.307	31.913	-49.747	-0.66318	-0.61383	0.38138	0.19446	25.6	null	null	13113	75
2026-05-27T17:00:24.404	WT901BLE68(F3:F0:16:BF:DC:AE)	0.274	0.985	-0.035	3.845	66.162	-5.066	90.75	-15.13	-40.08	-51.307	31.913	-49.747	-0.66318	-0.61383	0.38138	0.19446	25.6	null	null	13113	75
2026-05-27T17:00:24.492	WT901BLE68(F3:F0:16:BF:DC:AE)	0.124	0.986	0.018	4.639	15.808	-16.174	90.18	-14.25	-35.61	-51.307	31.913	-49.747	-0.66318	-0.61383	0.38138	0.19446	25.6	null	null	13113	75
2026-05-27T17:00:24.616	WT901BLE68(F3:F0:16:BF:DC:AE)	0.221	0.964	-0.010	6.592	21.973	-13.550	90.24	-12.73	-34.12	-51.307	31.913	-49.747	-0.66318	-0.61383	0.38138	0.19446	25.6	null	null	13113	75
2026-05-27T17:00:24.674	WT901BLE68(F3:F0:16:BF:DC:AE)	0.185	0.987	0.048	13.977	1.892	-17.029	91.12	-11.13	-33.43	-51.307	31.913	-49.747	-0.66318	-0.61383	0.38138	0.19446	25.6	null	null	13113	75
2026-05-27T17:00:24.794	WT901BLE68(F3:F0:16:BF:DC:AE)	0.171	0.975	-0.013	19.592	2.075	-15.015	92.52	-9.70	-33.15	-51.307	31.913	-49.747	-0.66318	-0.61383	0.38138	0.19446	25.6	null	null	13113	75
2026-05-27T17:00:24.885	WT901BLE68(F3:F0:16:BF:DC:AE)	0.169	0.999	-0.042	16.663	-15.686	-11.353	94.10	-8.45	-34.11	-51.307	31.913	-49.747	-0.66318	-0.61383	0.38138	0.19446	25.6	null	null	13113	75
2026-05-27T17:00:25.005	WT901BLE68(F3:F0:16:BF:DC:AE)	0.101	0.998	-0.105	12.573	-15.198	-11.963	95.53	-7.38	-35.32	-45.333	27.733	-61.760	-0.66318	-0.61383	0.38138	0.19446	25.6	null	null	13113	75
2026-05-27T17:00:25.093	WT901BLE68(F3:F0:16:BF:DC:AE)	0.098	1.004	-0.054	2.441	-18.005	-12.207	96.36	-6.01	-37.20	-45.333	27.733	-61.760	-0.66318	-0.61383	0.38138	0.19446	25.6	null	null	13113	75
2026-05-27T17:00:25.214	WT901BLE68(F3:F0:16:BF:DC:AE)	0.043	0.995	-0.088	0.305	-15.381	-10.498	96.39	-4.74	-38.73	-45.333	27.733	-61.760	-0.64175	-0.69397	0.27127	0.18127	25.6	null	null	13113	75
2026-05-27T17:00:25.269	WT901BLE68(F3:F0:16:BF:DC:AE)	0.027	0.995	-0.091	-1.038	-19.409	-7.874	96.38	-3.54	-40.85	-45.333	27.733	-61.760	-0.64175	-0.69397	0.27127	0.18127	25.6	null	null	13113	75
2026-05-27T17:00:25.389	WT901BLE68(F3:F0:16:BF:DC:AE)	0.057	1.003	-0.093	-7.935	1.404	-7.141	95.81	-2.69	-41.85	-45.333	27.733	-61.760	-0.64175	-0.69397	0.27127	0.18127	25.6	null	null	13113	75
2026-05-27T17:00:25.480	WT901BLE68(F3:F0:16:BF:DC:AE)	-0.046	1.003	-0.160	-2.991	13.916	-3.723	95.16	-2.32	-40.61	-45.333	27.733	-61.760	-0.64175	-0.69397	0.27127	0.18127	25.6	null	null	13113	75
2026-05-27T17:00:25.604	WT901BLE68(F3:F0:16:BF:DC:AE)	-0.061	0.983	-0.152	4.028	-21.851	0.671	95.45	-2.04	-41.45	-45.333	27.733	-61.760	-0.64175	-0.69397	0.27127	0.18127	25.6	null	null	13113	75
2026-05-27T17:00:25.693	WT901BLE68(F3:F0:16:BF:DC:AE)	0.007	0.988	-0.080	8.240	-21.301	6.287	96.37	-2.01	-44.34	-45.333	27.733	-61.760	-0.64175	-0.69397	0.27127	0.18127	25.6	null	null	13113	75
2026-05-27T17:00:25.812	WT901BLE68(F3:F0:16:BF:DC:AE)	0.011	0.998	-0.091	7.263	-1.587	10.010	97.16	-2.55	-45.30	-45.333	27.733	-61.760	-0.64175	-0.69397	0.27127	0.18127	25.6	null	null	13113	75
2026-05-27T17:00:25.901	WT901BLE68(F3:F0:16:BF:DC:AE)	0.017	0.992	-0.104	5.676	-0.427	18.433	97.56	-3.75	-45.25	-54.933	24.993	-59.253	-0.64175	-0.69397	0.27127	0.18127	25.6	null	null	13113	75
2026-05-27T17:00:26.022	WT901BLE68(F3:F0:16:BF:DC:AE)	0.092	0.963	-0.199	13.123	11.658	23.438	98.33	-5.67	-45.15	-54.933	24.993	-59.253	-0.64175	-0.69397	0.27127	0.18127	25.6	null	null	13113	75
2026-05-27T17:00:26.078	WT901BLE68(F3:F0:16:BF:DC:AE)	0.164	0.964	-0.217	9.888	7.080	22.278	99.50	-7.87	-44.75	-54.933	24.993	-59.253	-0.61667	-0.68671	0.32562	0.20499	25.6	null	null	13113	75
2026-05-27T17:00:26.199	WT901BLE68(F3:F0:16:BF:DC:AE)	0.199	1.007	-0.031	0.854	13.977	20.020	100.16	-10.09	-43.90	-54.933	24.993	-59.253	-0.61667	-0.68671	0.32562	0.20499	25.6	null	null	13113	75
2026-05-27T17:00:26.293	WT901BLE68(F3:F0:16:BF:DC:AE)	0.185	1.037	0.177	-47.424	-20.813	34.119	97.62	-12.63	-44.07	-54.933	24.993	-59.253	-0.61667	-0.68671	0.32562	0.20499	25.6	null	null	13113	75
2026-05-27T17:00:26.413	WT901BLE68(F3:F0:16:BF:DC:AE)	0.320	1.098	-0.140	-43.335	-31.250	20.325	94.39	-15.36	-49.64	-54.933	24.993	-59.253	-0.61667	-0.68671	0.32562	0.20499	25.6	null	null	13113	75
2026-05-27T17:00:26.501	WT901BLE68(F3:F0:16:BF:DC:AE)	0.178	0.940	-0.320	-21.423	-50.171	-0.793	92.43	-16.02	-52.25	-54.933	24.993	-59.253	-0.61667	-0.68671	0.32562	0.20499	25.6	null	null	13113	75
2026-05-27T17:00:26.625	WT901BLE68(F3:F0:16:BF:DC:AE)	0.499	0.967	-0.081	-13.428	-45.227	-13.855	93.16	-14.78	-58.75	-54.933	24.993	-59.253	-0.61667	-0.68671	0.32562	0.20499	25.6	null	null	13113	75
2026-05-27T17:00:26.682	WT901BLE68(F3:F0:16:BF:DC:AE)	0.509	0.901	-0.047	-0.793	49.255	7.324	92.81	-14.63	-59.21	-54.933	24.993	-59.253	-0.61667	-0.68671	0.32562	0.20499	25.6	null	null	13113	75
2026-05-27T17:00:26.798	WT901BLE68(F3:F0:16:BF:DC:AE)	0.237	0.978	-0.106	3.418	59.204	8.484	91.56	-16.37	-52.53	-50.193	32.453	-50.220	-0.61667	-0.68671	0.32562	0.20499	25.6	null	null	13113	75
2026-05-27T17:00:26.893	WT901BLE68(F3:F0:16:BF:DC:AE)	0.282	0.972	-0.021	0.000	30.701	-0.793	90.65	-16.92	-47.77	-50.193	32.453	-50.220	-0.61667	-0.68671	0.32562	0.20499	25.6	null	null	13113	75
2026-05-27T17:00:27.016	WT901BLE68(F3:F0:16:BF:DC:AE)	0.394	0.923	0.036	0.488	44.250	1.587	89.83	-16.96	-44.42	-50.193	32.453	-50.220	-0.67996	-0.60251	0.37573	0.18265	25.6	null	null	13113	75
2026-05-27T17:00:27.100	WT901BLE68(F3:F0:16:BF:DC:AE)	0.342	0.953	-0.014	5.615	69.885	5.005	88.24	-17.39	-38.05	-50.193	32.453	-50.220	-0.67996	-0.60251	0.37573	0.18265	25.6	null	null	13113	75
2026-05-27T17:00:27.224	WT901BLE68(F3:F0:16:BF:DC:AE)	0.217	0.971	0.024	10.498	45.837	0.732	87.17	-17.70	-31.60	-50.193	32.453	-50.220	-0.67996	-0.60251	0.37573	0.18265	25.6	null	null	13113	75
2026-05-27T17:00:27.313	WT901BLE68(F3:F0:16:BF:DC:AE)	0.297	0.960	0.084	8.484	30.701	-7.446	87.20	-17.12	-28.73	-50.193	32.453	-50.220	-0.67996	-0.60251	0.37573	0.18265	25.6	null	null	13113	75
2026-05-27T17:00:27.434	WT901BLE68(F3:F0:16:BF:DC:AE)	0.212	0.990	0.083	13.855	60.425	-13.977	86.95	-15.94	-24.58	-50.193	32.453	-50.220	-0.67996	-0.60251	0.37573	0.18265	25.6	null	null	13113	75
2026-05-27T17:00:27.491	WT901BLE68(F3:F0:16:BF:DC:AE)	0.217	0.954	0.040	17.578	12.878	-15.564	87.56	-14.13	-21.80	-50.193	32.453	-50.220	-0.67996	-0.60251	0.37573	0.18265	25.6	null	null	13113	75
2026-05-27T17:00:27.615	WT901BLE68(F3:F0:16:BF:DC:AE)	0.250	0.969	-0.002	26.672	-27.771	-23.804	89.75	-12.19	-23.37	-50.193	32.453	-50.220	-0.67996	-0.60251	0.37573	0.18265	25.6	null	null	13113	75
2026-05-27T17:00:27.702	WT901BLE68(F3:F0:16:BF:DC:AE)	0.101	1.005	-0.059	18.616	-16.785	-26.917	92.75	-9.98	-25.78	-33.513	29.580	-62.573	-0.67996	-0.60251	0.37573	0.18265	25.6	null	null	13113	75
2026-05-27T17:00:27.823	WT901BLE68(F3:F0:16:BF:DC:AE)	0.079	0.990	-0.057	17.273	5.798	-17.090	94.30	-7.82	-26.80	-33.513	29.580	-62.573	-0.67996	-0.60251	0.37573	0.18265	25.6	null	null	13113	75
2026-05-27T17:00:27.910	WT901BLE68(F3:F0:16:BF:DC:AE)	0.070	1.003	-0.036	3.723	-4.272	-13.550	94.96	-6.22	-27.55	-33.513	29.580	-62.573	-0.66754	-0.70450	0.21231	0.11346	25.6	null	null	13113	75
2026-05-27T17:00:28.035	WT901BLE68(F3:F0:16:BF:DC:AE)	-0.006	1.008	-0.110	3.418	-0.244	-10.620	95.22	-4.98	-27.84	-33.513	29.580	-62.573	-0.66754	-0.70450	0.21231	0.11346	25.6	null	null	13113	75
2026-05-27T17:00:28.090	WT901BLE68(F3:F0:16:BF:DC:AE)	0.020	0.997	-0.112	2.625	4.272	-7.141	95.45	-3.90	-28.62	-33.513	29.580	-62.573	-0.66754	-0.70450	0.21231	0.11346	25.6	null	null	13113	75
2026-05-27T17:00:28.215	WT901BLE68(F3:F0:16:BF:DC:AE)	-0.018	1.010	-0.065	3.052	-4.639	-2.136	95.76	-3.39	-28.35	-33.513	29.580	-62.573	-0.66754	-0.70450	0.21231	0.11346	25.6	null	null	13113	75
2026-05-27T17:00:28.304	WT901BLE68(F3:F0:16:BF:DC:AE)	0.000	1.000	-0.095	3.235	-25.879	2.563	96.14	-3.10	-30.14	-33.513	29.580	-62.573	-0.66754	-0.70450	0.21231	0.11346	25.6	null	null	13113	75
2026-05-27T17:00:28.423	WT901BLE68(F3:F0:16:BF:DC:AE)	0.014	0.983	-0.138	2.136	-24.170	6.104	96.47	-3.05	-33.07	-33.513	29.580	-62.573	-0.66754	-0.70450	0.21231	0.11346	25.6	null	null	13113	75
2026-05-27T17:00:28.510	WT901BLE68(F3:F0:16:BF:DC:AE)	0.020	0.994	-0.084	3.601	-38.635	11.658	96.92	-3.42	-36.52	-33.513	29.580	-62.573	-0.66754	-0.70450	0.21231	0.11346	25.6	null	null	13113	75
2026-05-27T17:00:28.634	WT901BLE68(F3:F0:16:BF:DC:AE)	0.020	0.983	-0.132	5.310	-41.870	17.639	97.53	-4.19	-40.71	-47.960	24.533	-65.373	-0.66754	-0.70450	0.21231	0.11346	25.6	null	null	13113	75
2026-05-27T17:00:28.724	WT901BLE68(F3:F0:16:BF:DC:AE)	0.079	0.978	-0.145	3.479	-51.819	22.705	98.28	-5.33	-45.81	-47.960	24.533	-65.373	-0.66754	-0.70450	0.21231	0.11346	25.6	null	null	13113	75
2026-05-27T17:00:28.842	WT901BLE68(F3:F0:16:BF:DC:AE)	0.111	0.988	-0.142	-5.066	-39.917	25.024	98.68	-6.97	-50.14	-47.960	24.533	-65.373	-0.61212	-0.67911	0.33527	0.22711	25.6	null	null	13113	75
2026-05-27T17:00:28.902	WT901BLE68(F3:F0:16:BF:DC:AE)	0.200	0.946	-0.037	-38.757	-60.181	29.358	97.35	-8.84	-54.73	-47.960	24.533	-65.373	-0.61212	-0.67911	0.33527	0.22711	25.6	null	null	13113	75
2026-05-27T17:00:29.025	WT901BLE68(F3:F0:16:BF:DC:AE)	0.190	0.941	-0.309	-9.399	2.380	17.883	96.13	-10.77	-57.19	-47.960	24.533	-65.373	-0.61212	-0.67911	0.33527	0.22711	25.6	null	null	13113	75
2026-05-27T17:00:29.113	WT901BLE68(F3:F0:16:BF:DC:AE)	0.262	0.963	-0.137	-1.587	9.888	14.038	96.23	-12.32	-56.83	-47.960	24.533	-65.373	-0.61212	-0.67911	0.33527	0.22711	25.6	null	null	13113	75
2026-05-27T17:00:29.234	WT901BLE68(F3:F0:16:BF:DC:AE)	0.301	0.981	-0.050	-5.432	29.724	7.202	95.73	-13.73	-54.38	-47.960	24.533	-65.373	-0.61212	-0.67911	0.33527	0.22711	25.6	null	null	13113	75
2026-05-27T17:00:29.322	WT901BLE68(F3:F0:16:BF:DC:AE)	0.266	0.960	-0.077	-8.118	37.354	3.418	94.15	-14.58	-50.33	-47.960	24.533	-65.373	-0.61212	-0.67911	0.33527	0.22711	25.6	null	null	13113	75
2026-05-27T17:00:29.443	WT901BLE68(F3:F0:16:BF:DC:AE)	0.314	0.954	-0.090	-3.113	31.311	0.671	92.77	-14.97	-46.80	-47.960	24.533	-65.373	-0.61212	-0.67911	0.33527	0.22711	25.6	null	null	13113	75
2026-05-27T17:00:29.498	WT901BLE68(F3:F0:16:BF:DC:AE)	0.284	0.949	-0.062	6.958	26.367	-2.991	92.40	-15.11	-43.70	-44.133	31.533	-56.253	-0.61212	-0.67911	0.33527	0.22711	25.6	null	null	13113	75
2026-05-27T17:00:29.622	WT901BLE68(F3:F0:16:BF:DC:AE)	0.339	0.971	-0.015	7.813	41.992	-4.761	92.41	-14.95	-40.32	-44.133	31.533	-56.253	-0.61212	-0.67911	0.33527	0.22711	25.6	null	null	13113	75
2026-05-27T17:00:29.714	WT901BLE68(F3:F0:16:BF:DC:AE)	0.292	0.938	-0.012	11.536	73.547	-2.136	91.58	-15.06	-34.32	-44.133	31.533	-56.253	-0.67929	-0.64392	0.32272	0.14029	25.6	null	null	13113	75
2026-05-27T17:00:29.833	WT901BLE68(F3:F0:16:BF:DC:AE)	0.148	0.976	-0.002	17.029	29.846	-5.005	91.60	-14.86	-28.78	-44.133	31.533	-56.253	-0.67929	-0.64392	0.32272	0.14029	25.6	null	null	13113	75
2026-05-27T17:00:29.924	WT901BLE68(F3:F0:16:BF:DC:AE)	0.261	0.985	-0.013	10.254	-21.851	-6.165	93.02	-14.14	-29.55	-44.133	31.533	-56.253	-0.67929	-0.64392	0.32272	0.14029	25.6	null	null	13113	75
2026-05-27T17:00:30.041	WT901BLE68(F3:F0:16:BF:DC:AE)	0.245	0.987	-0.025	4.517	-1.099	-9.155	93.91	-13.27	-31.06	-44.133	31.533	-56.253	-0.67929	-0.64392	0.32272	0.14029	25.6	null	null	13113	75
2026-05-27T17:00:30.133	WT901BLE68(F3:F0:16:BF:DC:AE)	0.193	0.972	-0.045	-1.892	-11.963	-9.888	93.80	-12.27	-31.61	-44.133	31.533	-56.253	-0.67929	-0.64392	0.32272	0.14029	25.6	null	null	13113	75
2026-05-27T17:00:30.257	WT901BLE68(F3:F0:16:BF:DC:AE)	0.246	0.984	-0.013	-7.263	-23.499	-5.981	93.67	-11.31	-34.01	-44.133	31.533	-56.253	-0.67929	-0.64392	0.32272	0.14029	25.6	null	null	13113	75
2026-05-27T17:00:30.313	WT901BLE68(F3:F0:16:BF:DC:AE)	0.152	0.976	-0.037	-14.893	8.728	-4.089	92.24	-10.88	-33.64	-44.133	31.533	-56.253	-0.67929	-0.64392	0.32272	0.14029	25.6	null	null	13113	75
2026-05-27T17:00:30.432	WT901BLE68(F3:F0:16:BF:DC:AE)	0.000	0.984	-0.073	-5.554	-5.310	0.305	91.17	-10.85	-33.71	-40.693	29.900	-62.827	-0.67929	-0.64392	0.32272	0.14029	25.6	null	null	13113	75
2026-05-27T17:00:30.525	WT901BLE68(F3:F0:16:BF:DC:AE)	0.118	0.980	-0.088	0.977	-47.913	3.052	91.82	-10.62	-37.91	-40.693	29.900	-62.827	-0.67929	-0.64392	0.32272	0.14029	25.6	null	null	13113	75
2026-05-27T17:00:30.645	WT901BLE68(F3:F0:16:BF:DC:AE)	0.201	0.987	-0.046	4.272	-53.406	5.005	93.30	-10.54	-43.52	-40.693	29.900	-62.827	-0.67276	-0.65405	0.30124	0.16949	25.6	null	null	13113	75
2026-05-27T17:00:30.735	WT901BLE68(F3:F0:16:BF:DC:AE)	0.206	0.973	-0.042	4.028	-13.489	11.658	94.16	-11.21	-46.98	-40.693	29.900	-62.827	-0.67276	-0.65405	0.30124	0.16949	25.6	null	null	13113	75
2026-05-27T17:00:30.856	WT901BLE68(F3:F0:16:BF:DC:AE)	0.130	0.986	-0.103	-0.916	-27.039	13.611	94.76	-12.27	-48.46	-40.693	29.900	-62.827	-0.67276	-0.65405	0.30124	0.16949	25.6	null	null	13113	75
2026-05-27T17:00:30.913	WT901BLE68(F3:F0:16:BF:DC:AE)	0.247	0.986	-0.094	-13.062	-65.247	14.160	94.99	-12.99	-53.73	-40.693	29.900	-62.827	-0.67276	-0.65405	0.30124	0.16949	25.6	null	null	13113	75
2026-05-27T17:00:31.035	WT901BLE68(F3:F0:16:BF:DC:AE)	0.297	0.964	-0.053	-12.878	-50.842	11.475	95.08	-13.69	-59.07	-40.693	29.900	-62.827	-0.67276	-0.65405	0.30124	0.16949	25.6	null	null	13113	75
2026-05-27T17:00:31.123	WT901BLE68(F3:F0:16:BF:DC:AE)	0.300	0.974	-0.116	-4.333	2.380	10.254	94.82	-14.77	-59.95	-40.693	29.900	-62.827	-0.67276	-0.65405	0.30124	0.16949	25.6	null	null	13113	75
2026-05-27T17:00:31.243	WT901BLE68(F3:F0:16:BF:DC:AE)	0.241	0.928	-0.086	-8.850	-5.066	2.197	94.15	-15.54	-59.25	-40.693	29.900	-62.827	-0.67276	-0.65405	0.30124	0.16949	25.6	null	null	13113	75
2026-05-27T17:00:31.331	WT901BLE68(F3:F0:16:BF:DC:AE)	0.288	0.993	-0.073	-10.254	9.155	-5.371	93.32	-15.29	-58.62	-50.287	32.573	-51.340	-0.67276	-0.65405	0.30124	0.16949	25.6	null	null	13113	75
2026-05-27T17:00:31.453	WT901BLE68(F3:F0:16:BF:DC:AE)	0.336	0.986	-0.088	-8.667	10.498	-5.371	92.24	-14.98	-57.52	-50.287	32.573	-51.340	-0.67276	-0.65405	0.30124	0.16949	25.6	null	null	13113	75
2026-05-27T17:00:31.538	WT901BLE68(F3:F0:16:BF:DC:AE)	0.335	0.896	-0.063	6.348	53.528	-1.587	91.32	-14.88	-53.90	-50.287	32.573	-51.340	-0.65274	-0.58545	0.41461	0.24323	25.6	null	null	13113	75
2026-05-27T17:00:31.665	WT901BLE68(F3:F0:16:BF:DC:AE)	0.266	0.979	0.016	17.761	66.650	4.395	91.24	-15.38	-47.31	-50.287	32.573	-51.340	-0.65274	-0.58545	0.41461	0.24323	25.6	null	null	13113	75
2026-05-27T17:00:31.722	WT901BLE68(F3:F0:16:BF:DC:AE)	0.204	0.970	0.037	9.827	47.913	4.150	91.03	-16.06	-41.22	-50.287	32.573	-51.340	-0.65274	-0.58545	0.41461	0.24323	25.6	null	null	13113	75
2026-05-27T17:00:31.846	WT901BLE68(F3:F0:16:BF:DC:AE)	0.239	0.982	0.022	-1.587	-3.357	-1.648	90.68	-16.08	-38.50	-50.287	32.573	-51.340	-0.65274	-0.58545	0.41461	0.24323	25.6	null	null	13113	75
2026-05-27T17:00:31.934	WT901BLE68(F3:F0:16:BF:DC:AE)	0.278	0.967	-0.012	0.610	0.427	-2.930	90.60	-15.72	-39.12	-50.287	32.573	-51.340	-0.65274	-0.58545	0.41461	0.24323	25.6	null	null	13113	75
2026-05-27T17:00:32.053	WT901BLE68(F3:F0:16:BF:DC:AE)	0.219	0.970	0.016	-1.831	-5.676	-1.587	90.74	-15.47	-39.01	-50.287	32.573	-51.340	-0.65274	-0.58545	0.41461	0.24323	25.6	null	null	13113	75
2026-05-27T17:00:32.142	WT901BLE68(F3:F0:16:BF:DC:AE)	0.359	0.943	0.032	-27.588	-7.385	2.380	89.70	-15.41	-40.35	-50.287	32.573	-51.340	-0.65274	-0.58545	0.41461	0.24323	25.6	null	null	13113	75
2026-05-27T17:00:32.264	WT901BLE68(F3:F0:16:BF:DC:AE)	0.291	0.957	0.004	0.244	16.174	-3.235	88.46	-15.42	-39.77	-42.660	32.720	-56.167	-0.65274	-0.58545	0.41461	0.24323	25.6	null	null	13113	75
2026-05-27T17:00:32.320	WT901BLE68(F3:F0:16:BF:DC:AE)	0.219	0.970	0.032	5.249	1.831	-3.723	88.52	-15.13	-38.57	-42.660	32.720	-56.167	-0.65274	-0.58545	0.41461	0.24323	25.6	null	null	13113	75
2026-05-27T17:00:32.441	WT901BLE68(F3:F0:16:BF:DC:AE)	0.249	0.953	0.051	4.089	1.709	-3.845	88.98	-14.80	-38.72	-42.660	32.720	-56.167	-0.70010	-0.62228	0.31729	0.14780	25.6	null	null	13113	75
2026-05-27T17:00:32.531	WT901BLE68(F3:F0:16:BF:DC:AE)	0.230	0.979	0.018	-0.793	-9.888	-3.601	89.25	-14.43	-39.12	-42.660	32.720	-56.167	-0.70010	-0.62228	0.31729	0.14780	25.6	null	null	13113	75
2026-05-27T17:00:32.652	WT901BLE68(F3:F0:16:BF:DC:AE)	0.270	0.975	-0.056	3.235	5.188	-7.568	89.45	-13.93	-39.88	-42.660	32.720	-56.167	-0.70010	-0.62228	0.31729	0.14780	25.6	null	null	13113	75
2026-05-27T17:00:32.739	WT901BLE68(F3:F0:16:BF:DC:AE)	0.205	0.974	-0.065	10.986	16.296	-6.287	89.93	-13.24	-38.88	-42.660	32.720	-56.167	-0.70010	-0.62228	0.31729	0.14780	25.6	null	null	13113	75
2026-05-27T17:00:32.864	WT901BLE68(F3:F0:16:BF:DC:AE)	0.198	0.965	-0.040	22.522	7.141	-9.949	91.28	-12.41	-37.78	-42.660	32.720	-56.167	-0.70010	-0.62228	0.31729	0.14780	25.6	null	null	13113	75
2026-05-27T17:00:32.951	WT901BLE68(F3:F0:16:BF:DC:AE)	0.181	0.996	-0.026	16.785	-6.531	-9.155	93.81	-11.39	-37.67	-42.660	32.720	-56.167	-0.70010	-0.62228	0.31729	0.14780	25.6	null	null	13113	75
2026-05-27T17:00:33.074	WT901BLE68(F3:F0:16:BF:DC:AE)	0.254	1.000	0.021	4.333	27.405	-10.315	94.49	-10.24	-37.42	-42.660	32.720	-56.167	-0.70010	-0.62228	0.31729	0.14780	25.6	null	null	13113	75
2026-05-27T17:00:33.159	WT901BLE68(F3:F0:16:BF:DC:AE)	0.146	0.979	-0.106	4.333	5.310	-13.855	94.43	-9.26	-35.47	-44.347	27.293	-61.933	-0.70010	-0.62228	0.31729	0.14780	25.6	null	null	13113	75
2026-05-27T17:00:33.255	WT901BLE68(F3:F0:16:BF:DC:AE)	0.140	0.995	-0.063	1.953	2.625	-11.719	94.68	-8.07	-35.35	-44.347	27.293	-61.933	-0.70010	-0.62228	0.31729	0.14780	25.6	null	null	13113	75
2026-05-27T17:00:33.339	WT901BLE68(F3:F0:16:BF:DC:AE)	0.093	0.984	-0.093	4.028	22.095	-12.573	94.75	-7.04	-34.00	-44.347	27.293	-61.933	-0.65927	-0.68579	0.26505	0.15720	25.6	null	null	13113	75
2026-05-27T17:00:33.464	WT901BLE68(F3:F0:16:BF:DC:AE)	0.117	0.992	-0.068	0.488	-0.366	-10.864	94.78	-6.03	-33.14	-44.347	27.293	-61.933	-0.65927	-0.68579	0.26505	0.15720	25.6	null	null	13113	75
2026-05-27T17:00:33.552	WT901BLE68(F3:F0:16:BF:DC:AE)	0.066	0.990	-0.102	2.197	3.601	-12.756	94.94	-4.92	-33.11	-44.347	27.293	-61.933	-0.65927	-0.68579	0.26505	0.15720	25.6	null	null	13113	75
2026-05-27T17:00:33.674	WT901BLE68(F3:F0:16:BF:DC:AE)	-0.019	0.997	-0.097	-0.549	-12.634	-10.559	95.08	-3.77	-33.22	-44.347	27.293	-61.933	-0.65927	-0.68579	0.26505	0.15720	25.6	null	null	13113	75
2026-05-27T17:00:33.731	WT901BLE68(F3:F0:16:BF:DC:AE)	0.027	0.990	-0.091	1.099	-27.954	-4.761	95.17	-2.69	-35.68	-44.347	27.293	-61.933	-0.65927	-0.68579	0.26505	0.15720	25.6	null	null	13113	75
2026-05-27T17:00:33.855	WT901BLE68(F3:F0:16:BF:DC:AE)	0.007	1.018	-0.106	-2.686	-29.480	-0.610	95.20	-2.10	-38.82	-44.347	27.293	-61.933	-0.65927	-0.68579	0.26505	0.15720	25.6	null	null	13113	75
2026-05-27T17:00:33.941	WT901BLE68(F3:F0:16:BF:DC:AE)	0.048	0.997	-0.072	-2.869	-7.568	-0.122	94.94	-1.82	-40.70	-44.347	27.293	-61.933	-0.65927	-0.68579	0.26505	0.15720	25.6	null	null	13113	75
2026-05-27T17:00:34.058	WT901BLE68(F3:F0:16:BF:DC:AE)	-0.034	1.000	-0.133	0.916	2.075	3.906	94.84	-1.96	-40.70	-52.733	25.120	-61.367	-0.65927	-0.68579	0.26505	0.15720	25.6	null	null	13113	75
2026-05-27T17:00:34.151	WT901BLE68(F3:F0:16:BF:DC:AE)	-0.091	1.026	-0.070	-0.183	-6.775	8.911	94.94	-2.44	-41.15	-52.733	25.120	-61.367	-0.65927	-0.68579	0.26505	0.15720	25.6	null	null	13113	75
2026-05-27T17:00:34.273	WT901BLE68(F3:F0:16:BF:DC:AE)	0.088	0.971	-0.135	-1.282	9.949	11.108	94.67	-3.21	-41.51	-52.733	25.120	-61.367	-0.63818	-0.68466	0.27240	0.22278	25.6	null	null	13113	75
2026-05-27T17:00:34.365	WT901BLE68(F3:F0:16:BF:DC:AE)	0.096	1.012	-0.021	-1.831	26.978	12.756	94.37	-4.43	-39.92	-52.733	25.120	-61.367	-0.63818	-0.68466	0.27240	0.22278	25.6	null	null	13113	75
2026-05-27T17:00:34.485	WT901BLE68(F3:F0:16:BF:DC:AE)	0.042	1.002	-0.064	-7.019	5.676	17.639	93.82	-6.09	-37.92	-52.733	25.120	-61.367	-0.63818	-0.68466	0.27240	0.22278	25.6	null	null	13113	75
2026-05-27T17:00:34.539	WT901BLE68(F3:F0:16:BF:DC:AE)	0.122	1.088	0.046	-34.668	-26.733	24.231	92.32	-7.89	-39.52	-52.733	25.120	-61.367	-0.63818	-0.68466	0.27240	0.22278	25.6	null	null	13113	75
2026-05-27T17:00:34.664	WT901BLE68(F3:F0:16:BF:DC:AE)	0.283	0.862	0.018	-23.682	-22.339	19.043	87.86	-10.36	-44.40	-52.733	25.120	-61.367	-0.63818	-0.68466	0.27240	0.22278	25.6	null	null	13113	75
2026-05-27T17:00:34.753	WT901BLE68(F3:F0:16:BF:DC:AE)	0.208	0.998	-0.085	-10.864	31.006	10.620	85.75	-11.81	-42.52	-52.733	25.120	-61.367	-0.63818	-0.68466	0.27240	0.22278	25.6	null	null	13113	75
2026-05-27T17:00:34.873	WT901BLE68(F3:F0:16:BF:DC:AE)	0.290	0.971	0.044	8.240	4.822	9.705	85.92	-12.60	-41.02	-52.733	25.120	-61.367	-0.63818	-0.68466	0.27240	0.22278	25.6	null	null	13113	75
2026-05-27T17:00:34.958	WT901BLE68(F3:F0:16:BF:DC:AE)	0.253	0.933	0.048	0.549	-42.175	10.559	86.86	-13.45	-42.33	-42.453	34.153	-54.520	-0.63818	-0.68466	0.27240	0.22278	25.6	null	null	13113	75
2026-05-27T17:00:35.084	WT901BLE68(F3:F0:16:BF:DC:AE)	0.286	0.934	-0.000	0.977	2.625	19.287	87.48	-15.11	-43.54	-42.453	34.153	-54.520	-0.63818	-0.68466	0.27240	0.22278	25.6	null	null	13113	75
2026-05-27T17:00:35.142	WT901BLE68(F3:F0:16:BF:DC:AE)	0.320	0.979	0.041	9.888	-20.325	7.996	88.90	-16.35	-44.23	-42.453	34.153	-54.520	-0.69644	-0.60269	0.34821	0.17426	25.6	null	null	13113	75
2026-05-27T17:00:35.262	WT901BLE68(F3:F0:16:BF:DC:AE)	0.282	1.020	0.176	-0.061	35.339	2.869	89.14	-17.25	-43.16	-42.453	34.153	-54.520	-0.69644	-0.60269	0.34821	0.17426	25.6	null	null	13113	75
2026-05-27T17:00:35.349	WT901BLE68(F3:F0:16:BF:DC:AE)	0.308	0.928	0.022	-3.845	31.860	-2.502	87.53	-17.20	-40.16	-42.453	34.153	-54.520	-0.69644	-0.60269	0.34821	0.17426	25.6	null	null	13113	75
2026-05-27T17:00:35.475	WT901BLE68(F3:F0:16:BF:DC:AE)	0.192	0.928	-0.006	9.583	38.452	-7.507	86.50	-16.49	-35.96	-42.453	34.153	-54.520	-0.69644	-0.60269	0.34821	0.17426	25.6	null	null	13113	75
2026-05-27T17:00:35.561	WT901BLE68(F3:F0:16:BF:DC:AE)	0.311	0.995	0.095	7.629	6.287	-6.409	87.39	-15.69	-34.79	-42.453	34.153	-54.520	-0.69644	-0.60269	0.34821	0.17426	25.6	null	null	13113	75
2026-05-27T17:00:35.686	WT901BLE68(F3:F0:16:BF:DC:AE)	0.393	0.968	0.060	7.813	15.564	-4.211	87.47	-15.02	-33.58	-42.453	34.153	-54.520	-0.69644	-0.60269	0.34821	0.17426	25.6	null	null	13113	75
2026-05-27T17:00:35.772	WT901BLE68(F3:F0:16:BF:DC:AE)	0.203	0.966	0.009	7.996	2.441	-9.033	87.99	-14.64	-32.29	-42.453	34.153	-54.520	-0.69644	-0.60269	0.34821	0.17426	25.6	null	null	13113	75
2026-05-27T17:00:35.894	WT901BLE68(F3:F0:16:BF:DC:AE)	0.218	0.965	-0.005	13.672	8.484	-12.085	88.99	-13.50	-32.23	-36.913	31.787	-59.467	-0.69644	-0.60269	0.34821	0.17426	25.6	null	null	13113	75
2026-05-27T17:00:35.950	WT901BLE68(F3:F0:16:BF:DC:AE)	0.214	0.974	0.004	23.865	-6.226	-13.672	90.98	-12.17	-32.42	-36.913	31.787	-59.467	-0.69644	-0.60269	0.34821	0.17426	25.6	null	null	13113	75
2026-05-27T17:00:36.071	WT901BLE68(F3:F0:16:BF:DC:AE)	0.188	1.010	-0.021	21.790	-22.583	-11.292	93.86	-10.82	-34.22	-36.913	31.787	-59.467	-0.68765	-0.66278	0.26941	0.12320	25.6	null	null	13113	75
2026-05-27T17:00:36.163	WT901BLE68(F3:F0:16:BF:DC:AE)	0.176	1.009	-0.040	3.601	-21.973	-19.348	95.10	-9.00	-36.82	-36.913	31.787	-59.467	-0.68765	-0.66278	0.26941	0.12320	25.6	null	null	13113	75
2026-05-27T17:00:36.286	WT901BLE68(F3:F0:16:BF:DC:AE)	0.120	0.977	-0.087	-0.366	-0.732	-14.526	94.93	-7.38	-37.94	-36.913	31.787	-59.467	-0.68765	-0.66278	0.26941	0.12320	25.6	null	null	13113	75
2026-05-27T17:00:36.372	WT901BLE68(F3:F0:16:BF:DC:AE)	0.040	0.997	-0.084	-1.892	-39.124	-14.221	95.10	-5.82	-39.90	-36.913	31.787	-59.467	-0.68765	-0.66278	0.26941	0.12320	25.6	null	null	13113	75
2026-05-27T17:00:36.491	WT901BLE68(F3:F0:16:BF:DC:AE)	0.083	0.971	-0.098	-5.554	-11.536	-15.198	94.77	-4.31	-42.61	-36.913	31.787	-59.467	-0.68765	-0.66278	0.26941	0.12320	25.6	null	null	13113	75
2026-05-27T17:00:36.548	WT901BLE68(F3:F0:16:BF:DC:AE)	-0.095	0.997	-0.113	-1.221	-17.456	-12.268	94.56	-2.93	-43.36	-36.913	31.787	-59.467	-0.68765	-0.66278	0.26941	0.12320	25.6	null	null	13113	75
2026-05-27T17:00:36.673	WT901BLE68(F3:F0:16:BF:DC:AE)	0.027	1.000	-0.061	3.540	-42.297	-5.737	94.97	-1.70	-46.96	-36.913	31.787	-59.467	-0.68765	-0.66278	0.26941	0.12320	25.6	null	null	13113	75
2026-05-27T17:00:36.758	WT901BLE68(F3:F0:16:BF:DC:AE)	-0.001	1.000	-0.074	3.967	-25.024	-5.005	95.42	-0.82	-49.97	-57.093	25.127	-58.280	-0.68765	-0.66278	0.26941	0.12320	25.6	null	null	13113	75
2026-05-27T17:00:36.883	WT901BLE68(F3:F0:16:BF:DC:AE)	-0.063	1.000	-0.123	4.211	-40.710	-2.991	95.81	0.00	-52.98	-57.093	25.127	-58.280	-0.68765	-0.66278	0.26941	0.12320	25.6	null	null	13113	75
2026-05-27T17:00:36.974	WT901BLE68(F3:F0:16:BF:DC:AE)	0.007	1.010	-0.083	1.526	-36.987	0.122	96.04	0.63	-56.77	-57.093	25.127	-58.280	-0.59409	-0.66089	0.33896	0.30869	25.6	null	null	13113	75
2026-05-27T17:00:37.090	WT901BLE68(F3:F0:16:BF:DC:AE)	-0.027	0.995	-0.126	3.296	-23.315	2.930	96.19	0.79	-59.00	-57.093	25.127	-58.280	-0.59409	-0.66089	0.33896	0.30869	25.6	null	null	13113	75
2026-05-27T17:00:37.180	WT901BLE68(F3:F0:16:BF:DC:AE)	0.025	1.008	-0.106	-0.732	-0.366	3.113	96.40	0.67	-60.23	-57.093	25.127	-58.280	-0.59409	-0.66089	0.33896	0.30869	25.6	null	null	13113	75
2026-05-27T17:00:37.305	WT901BLE68(F3:F0:16:BF:DC:AE)	-0.015	0.990	-0.135	-2.197	28.259	1.404	96.32	0.25	-58.18	-57.093	25.127	-58.280	-0.59409	-0.66089	0.33896	0.30869	25.6	null	null	13113	75
2026-05-27T17:00:37.360	WT901BLE68(F3:F0:16:BF:DC:AE)	0.040	0.995	-0.129	-5.310	8.484	0.793	96.05	-0.07	-56.19	-57.093	25.127	-58.280	-0.59409	-0.66089	0.33896	0.30869	25.6	null	null	13113	75
2026-05-27T17:00:37.483	WT901BLE68(F3:F0:16:BF:DC:AE)	0.033	1.005	-0.118	-11.292	35.706	-1.709	95.40	-0.27	-53.85	-57.093	25.127	-58.280	-0.59409	-0.66089	0.33896	0.30869	25.6	null	null	13113	75
2026-05-27T17:00:37.573	WT901BLE68(F3:F0:16:BF:DC:AE)	-0.008	0.993	-0.139	-12.085	45.410	-2.197	94.30	-0.50	-49.41	-57.093	25.127	-58.280	-0.59409	-0.66089	0.33896	0.30869	25.6	null	null	13113	75
2026-05-27T17:00:37.693	WT901BLE68(F3:F0:16:BF:DC:AE)	-0.042	0.993	-0.073	-7.507	30.762	-1.953	93.43	-0.53	-45.48	-60.067	24.627	-54.867	-0.59409	-0.66089	0.33896	0.30869	25.6	null	null	13113	75
2026-05-27T17:00:37.783	WT901BLE68(F3:F0:16:BF:DC:AE)	0.010	0.993	-0.042	-1.587	31.738	-1.160	93.05	-0.47	-42.54	-60.067	24.627	-54.867	-0.59409	-0.66089	0.33896	0.30869	25.6	null	null	13113	75
2026-05-27T17:00:37.902	WT901BLE68(F3:F0:16:BF:DC:AE)	0.024	0.989	-0.086	3.601	33.691	-1.465	93.24	-0.47	-39.25	-60.067	24.627	-54.867	-0.64459	-0.67767	0.25934	0.24060	25.6	null	null	13113	75
2026-05-27T17:00:37.993	WT901BLE68(F3:F0:16:BF:DC:AE)	-0.004	1.019	-0.002	6.287	49.072	-1.465	93.97	-0.54	-35.40	-60.067	24.627	-54.867	-0.64459	-0.67767	0.25934	0.24060	25.6	null	null	13113	75
2026-05-27T17:00:38.085	WT901BLE68(F3:F0:16:BF:DC:AE)	-0.017	0.991	-0.040	-3.235	57.495	-1.526	93.75	-0.69	-30.43	-60.067	24.627	-54.867	-0.64459	-0.67767	0.25934	0.24060	25.6	null	null	13113	75
2026-05-27T17:00:38.208	WT901BLE68(F3:F0:16:BF:DC:AE)	-0.021	1.007	-0.019	-6.042	10.132	-1.160	93.18	-0.65	-27.20	-60.067	24.627	-54.867	-0.64459	-0.67767	0.25934	0.24060	25.6	null	null	13113	75
2026-05-27T17:00:38.293	WT901BLE68(F3:F0:16:BF:DC:AE)	0.011	0.997	-0.029	-3.113	14.771	-2.869	92.56	-0.39	-26.94	-60.067	24.627	-54.867	-0.64459	-0.67767	0.25934	0.24060	25.6	null	null	13113	75
2026-05-27T17:00:38.384	WT901BLE68(F3:F0:16:BF:DC:AE)	0.005	1.004	-0.005	-0.061	6.775	-2.136	92.35	-0.16	-26.42	-60.067	24.627	-54.867	-0.64459	-0.67767	0.25934	0.24060	25.6	null	null	13113	75
2026-05-27T17:00:38.501	WT901BLE68(F3:F0:16:BF:DC:AE)	-0.020	1.003	-0.045	2.563	26.611	-1.404	92.41	-0.05	-24.98	-60.067	24.627	-54.867	-0.64459	-0.67767	0.25934	0.24060	25.6	null	null	13113	75
2026-05-27T17:00:38.558	WT901BLE68(F3:F0:16:BF:DC:AE)	0.009	1.004	-0.023	0.549	18.555	0.977	92.47	-0.11	-23.56	-42.407	25.433	-65.487	-0.64459	-0.67767	0.25934	0.24060	25.6	null	null	13113	75
2026-05-27T17:00:38.715	WT901BLE68(F3:F0:16:BF:DC:AE)	-0.054	1.005	-0.056	0.549	-1.709	2.075	92.45	-0.30	-22.79	-42.407	25.433	-65.487	-0.64459	-0.67767	0.25934	0.24060	25.6	null	null	13113	75
2026-05-27T17:00:38.806	WT901BLE68(F3:F0:16:BF:DC:AE)	0.062	0.988	-0.050	2.136	-2.686	1.343	92.57	-0.34	-24.17	-42.407	25.433	-65.487	-0.67740	-0.70679	0.14905	0.13879	25.6	null	null	13113	75
2026-05-27T17:00:38.890	WT901BLE68(F3:F0:16:BF:DC:AE)	-0.012	1.009	-0.045	2.380	-1.282	1.953	92.83	-0.45	-24.57	-42.407	25.433	-65.487	-0.67740	-0.70679	0.14905	0.13879	25.6	null	null	13113	75
2026-05-27T17:00:38.979	WT901BLE68(F3:F0:16:BF:DC:AE)	-0.065	1.006	-0.031	0.000	4.211	3.845	92.97	-0.74	-24.41	-42.407	25.433	-65.487	-0.67740	-0.70679	0.14905	0.13879	25.6	null	null	13113	75
2026-05-27T17:00:39.104	WT901BLE68(F3:F0:16:BF:DC:AE)	-0.006	1.001	-0.018	3.357	-39.429	5.920	93.11	-0.98	-26.82	-42.407	25.433	-65.487	-0.67740	-0.70679	0.14905	0.13879	25.6	null	null	13113	75
2026-05-27T17:00:39.193	WT901BLE68(F3:F0:16:BF:DC:AE)	0.033	1.006	-0.064	2.380	-33.569	6.836	93.44	-1.26	-30.96	-42.407	25.433	-65.487	-0.67740	-0.70679	0.14905	0.13879	25.6	null	null	13113	75
2026-05-27T17:00:39.312	WT901BLE68(F3:F0:16:BF:DC:AE)	0.022	0.996	-0.101	2.319	-33.936	8.118	93.69	-1.64	-34.97	-42.407	25.433	-65.487	-0.67740	-0.70679	0.14905	0.13879	25.6	null	null	13113	75
2026-05-27T17:00:39.371	WT901BLE68(F3:F0:16:BF:DC:AE)	0.037	0.996	-0.075	1.404	-32.654	9.888	94.01	-2.25	-37.99	-42.407	25.433	-65.487	-0.67740	-0.70679	0.14905	0.13879	25.6	null	null	13113	75
2026-05-27T17:00:39.492	WT901BLE68(F3:F0:16:BF:DC:AE)	0.037	0.987	-0.091	5.859	-34.302	12.329	94.55	-3.04	-41.25	-47.333	25.087	-64.060	-0.67740	-0.70679	0.14905	0.13879	25.6	null	null	13113	75
2026-05-27T17:00:39.580	WT901BLE68(F3:F0:16:BF:DC:AE)	0.079	0.993	-0.084	7.263	-23.499	14.771	95.36	-4.11	-44.07	-47.333	25.087	-64.060	-0.67740	-0.70679	0.14905	0.13879	25.6	null	null	13113	75
2026-05-27T17:00:39.703	WT901BLE68(F3:F0:16:BF:DC:AE)	0.086	0.978	-0.114	11.230	-18.921	17.334	96.33	-5.40	-46.02	-47.333	25.087	-64.060	-0.63229	-0.67502	0.30383	0.22833	25.6	null	null	13113	75
2026-05-27T17:00:39.792	WT901BLE68(F3:F0:16:BF:DC:AE)	0.106	1.003	-0.078	10.498	-13.428	23.621	97.60	-7.11	-47.35	-47.333	25.087	-64.060	-0.63229	-0.67502	0.30383	0.22833	25.6	null	null	13113	75
2026-05-27T17:00:39.913	WT901BLE68(F3:F0:16:BF:DC:AE)	0.159	1.019	-0.008	-30.579	-23.071	28.442	96.38	-9.55	-49.10	-47.333	25.087	-64.060	-0.63229	-0.67502	0.30383	0.22833	25.6	null	null	13113	75
2026-05-27T17:00:40.001	WT901BLE68(F3:F0:16:BF:DC:AE)	0.306	0.975	-0.206	-16.724	-2.502	27.100	94.19	-12.19	-52.25	-47.333	25.087	-64.060	-0.63229	-0.67502	0.30383	0.22833	25.6	null	null	13113	75
2026-05-27T17:00:40.124	WT901BLE68(F3:F0:16:BF:DC:AE)	0.252	0.993	-0.199	-17.029	-0.488	8.972	92.51	-13.80	-51.81	-47.333	25.087	-64.060	-0.63229	-0.67502	0.30383	0.22833	25.6	null	null	13113	75
2026-05-27T17:00:40.180	WT901BLE68(F3:F0:16:BF:DC:AE)	0.256	0.983	-0.092	-13.489	-15.564	-5.432	91.70	-13.86	-52.17	-47.333	25.087	-64.060	-0.63229	-0.67502	0.30383	0.22833	25.6	null	null	13113	75
2026-05-27T17:00:40.301	WT901BLE68(F3:F0:16:BF:DC:AE)	0.410	0.925	-0.063	-5.981	-7.690	-7.568	91.33	-12.99	-53.46	-47.333	25.087	-64.060	-0.63229	-0.67502	0.30383	0.22833	25.6	null	null	13113	75
2026-05-27T17:00:40.389	WT901BLE68(F3:F0:16:BF:DC:AE)	0.363	0.953	-0.100	3.662	40.649	4.822	91.00	-13.45	-50.98	-47.740	31.233	-54.067	-0.63229	-0.67502	0.30383	0.22833	25.6	null	null	13113	75
2026-05-27T17:00:40.512	WT901BLE68(F3:F0:16:BF:DC:AE)	0.213	0.984	-0.064	3.418	47.241	0.793	90.57	-14.28	-46.09	-47.740	31.233	-54.067	-0.63229	-0.67502	0.30383	0.22833	25.6	null	null	13113	75
2026-05-27T17:00:40.600	WT901BLE68(F3:F0:16:BF:DC:AE)	0.233	0.968	0.041	5.859	27.710	-7.996	90.10	-13.86	-42.56	-47.740	31.233	-54.067	-0.68149	-0.61853	0.34579	0.18250	25.6	null	null	13113	75
2026-05-27T17:00:40.724	WT901BLE68(F3:F0:16:BF:DC:AE)	0.266	0.971	0.030	5.615	9.216	-12.756	90.17	-12.82	-40.46	-47.740	31.233	-54.067	-0.68149	-0.61853	0.34579	0.18250	25.6	null	null	13113	75
2026-05-27T17:00:40.780	WT901BLE68(F3:F0:16:BF:DC:AE)	0.202	0.965	-0.025	10.864	18.188	-14.709	90.49	-11.57	-38.81	-47.740	31.233	-54.067	-0.68149	-0.61853	0.34579	0.18250	25.6	null	null	13113	75
2026-05-27T17:00:40.902	WT901BLE68(F3:F0:16:BF:DC:AE)	0.163	0.997	-0.023	14.038	14.038	-25.085	91.44	-9.57	-36.82	-47.740	31.233	-54.067	-0.68149	-0.61853	0.34579	0.18250	25.6	null	null	13113	75
2026-05-27T17:00:40.987	WT901BLE68(F3:F0:16:BF:DC:AE)	0.132	0.979	-0.047	9.766	0.427	-21.545	92.28	-7.44	-36.38	-47.740	31.233	-54.067	-0.68149	-0.61853	0.34579	0.18250	25.6	null	null	13113	75
2026-05-27T17:00:41.111	WT901BLE68(F3:F0:16:BF:DC:AE)	0.052	0.989	0.008	8.972	-14.099	-17.334	93.18	-5.66	-37.85	-47.740	31.233	-54.067	-0.68149	-0.61853	0.34579	0.18250	25.6	null	null	13113	75
2026-05-27T17:00:41.201	WT901BLE68(F3:F0:16:BF:DC:AE)	0.007	1.000	0.020	3.296	-16.357	-16.174	93.57	-3.88	-39.44	-47.740	31.233	-54.067	-0.68149	-0.61853	0.34579	0.18250	25.6	null	null	13113	75
2026-05-27T17:00:41.319	WT901BLE68(F3:F0:16:BF:DC:AE)	0.018	1.026	0.110	-14.038	-11.353	-5.981	92.95	-2.46	-41.63	-50.580	26.853	-60.813	-0.68149	-0.61853	0.34579	0.18250	25.6	null	null	13113	75
2026-05-27T17:00:41.413	WT901BLE68(F3:F0:16:BF:DC:AE)	-0.007	0.984	-0.168	-4.395	7.202	-2.502	91.36	-2.19	-41.42	-50.580	26.853	-60.813	-0.68149	-0.61853	0.34579	0.18250	25.6	null	null	13113	75
2026-05-27T17:00:41.499	WT901BLE68(F3:F0:16:BF:DC:AE)	-0.072	1.000	-0.090	7.080	-21.973	-4.456	91.96	-1.61	-42.66	-50.580	26.853	-60.813	-0.65689	-0.66489	0.26559	0.23615	25.6	null	null	13113	75
2026-05-27T17:00:41.592	WT901BLE68(F3:F0:16:BF:DC:AE)	-0.060	1.018	-0.041	8.789	-38.330	-1.831	92.98	-0.98	-45.77	-50.580	26.853	-60.813	-0.65689	-0.66489	0.26559	0.23615	25.6	null	null	13113	75
2026-05-27T17:00:41.713	WT901BLE68(F3:F0:16:BF:DC:AE)	0.014	0.987	-0.101	11.047	-47.241	3.845	93.96	-0.72	-50.64	-50.580	26.853	-60.813	-0.65689	-0.66489	0.26559	0.23615	25.6	null	null	13113	75
2026-05-27T17:00:41.803	WT901BLE68(F3:F0:16:BF:DC:AE)	0.013	1.050	0.053	8.911	-35.828	7.263	95.25	-0.84	-54.00	-50.580	26.853	-60.813	-0.65689	-0.66489	0.26559	0.23615	25.6	null	null	13113	75
2026-05-27T17:00:41.924	WT901BLE68(F3:F0:16:BF:DC:AE)	-0.028	1.004	-0.038	-1.160	-34.790	14.038	94.92	-1.65	-57.41	-50.580	26.853	-60.813	-0.65689	-0.66489	0.26559	0.23615	25.6	null	null	13113	75
2026-05-27T17:00:42.011	WT901BLE68(F3:F0:16:BF:DC:AE)	0.021	0.995	-0.093	2.625	-34.912	15.076	95.02	-2.75	-60.54	-50.580	26.853	-60.813	-0.65689	-0.66489	0.26559	0.23615	25.6	null	null	13113	75
2026-05-27T17:00:42.134	WT901BLE68(F3:F0:16:BF:DC:AE)	0.091	0.986	-0.071	4.700	-19.409	17.273	95.51	-3.96	-63.20	-50.580	26.853	-60.813	-0.65689	-0.66489	0.26559	0.23615	25.6	null	null	13113	75
2026-05-27T17:00:42.189	WT901BLE68(F3:F0:16:BF:DC:AE)	0.050	0.999	-0.133	4.089	-24.353	18.066	96.12	-5.49	-64.55	-62.253	26.967	-49.300	-0.65689	-0.66489	0.26559	0.23615	25.6	null	null	13113	75
2026-05-27T17:00:42.331	WT901BLE68(F3:F0:16:BF:DC:AE)	0.167	0.981	-0.167	4.456	-12.634	17.517	96.83	-6.92	-66.30	-62.253	26.967	-49.300	-0.65689	-0.66489	0.26559	0.23615	25.6	null	null	13113	75
2026-05-27T17:00:42.398	WT901BLE68(F3:F0:16:BF:DC:AE)	0.211	0.976	-0.134	7.324	20.325	14.221	97.45	-8.58	-65.08	-62.253	26.967	-49.300	-0.58002	-0.60266	0.44479	0.32004	25.6	null	null	13113	75
2026-05-27T17:00:42.522	WT901BLE68(F3:F0:16:BF:DC:AE)	0.188	0.983	-0.115	-0.183	31.311	11.414	97.35	-10.27	-61.55	-62.253	26.967	-49.300	-0.58002	-0.60266	0.44479	0.32004	25.6	null	null	13113	75
2026-05-27T17:00:42.610	WT901BLE68(F3:F0:16:BF:DC:AE)	0.224	0.969	-0.137	-7.324	23.071	5.981	96.51	-11.48	-58.62	-62.253	26.967	-49.300	-0.58002	-0.60266	0.44479	0.32004	25.6	null	null	13113	75
2026-05-27T17:00:42.764	WT901BLE68(F3:F0:16:BF:DC:AE)	0.198	0.983	-0.087	-9.277	23.743	-5.005	95.17	-11.78	-55.21	-62.253	26.967	-49.300	-0.58002	-0.60266	0.44479	0.32004	25.6	null	null	13113	75
2026-05-27T17:00:42.787	WT901BLE68(F3:F0:16:BF:DC:AE)	0.236	0.959	-0.095	4.211	32.898	-1.282	94.16	-11.78	-52.35	-62.253	26.967	-49.300	-0.58002	-0.60266	0.44479	0.32004	25.6	null	null	13113	75
2026-05-27T17:00:42.942	WT901BLE68(F3:F0:16:BF:DC:AE)	0.252	0.967	-0.058	0.549	29.724	-0.122	94.10	-12.05	-49.54	-62.253	26.967	-49.300	-0.58002	-0.60266	0.44479	0.32004	25.6	null	null	13113	75
2026-05-27T17:00:43.001	WT901BLE68(F3:F0:16:BF:DC:AE)	0.238	0.974	-0.079	-2.197	43.518	-0.122	93.20	-12.40	-45.81	-49.253	29.927	-55.773	-0.58002	-0.60266	0.44479	0.32004	25.6	null	null	13113	75
2026-05-27T17:00:43.120	WT901BLE68(F3:F0:16:BF:DC:AE)	0.221	0.959	-0.036	5.859	41.443	4.272	92.49	-12.83	-41.52	-49.253	29.927	-55.773	-0.58002	-0.60266	0.44479	0.32004	25.6	null	null	13113	75
2026-05-27T17:00:43.211	WT901BLE68(F3:F0:16:BF:DC:AE)	0.178	0.992	-0.016	2.380	5.310	1.404	92.40	-13.23	-38.86	-49.253	29.927	-55.773	-0.58002	-0.60266	0.44479	0.32004	25.6	null	null	13113	75
2026-05-27T17:00:43.329	WT901BLE68(F3:F0:16:BF:DC:AE)	0.233	0.974	-0.045	0.427	-13.123	-0.793	92.60	-13.10	-39.63	-49.253	29.927	-55.773	-0.67584	-0.64984	0.31354	0.14999	25.6	null	null	13113	75
2026-05-27T17:00:43.424	WT901BLE68(F3:F0:16:BF:DC:AE)	0.186	0.977	-0.042	3.906	-17.334	-2.136	93.09	-12.85	-40.91	-49.253	29.927	-55.773	-0.67584	-0.64984	0.31354	0.14999	25.6	null	null	13113	75
2026-05-27T17:00:43.541	WT901BLE68(F3:F0:16:BF:DC:AE)	0.231	0.991	0.001	-4.700	-26.917	-2.258	93.67	-12.37	-43.46	-49.253	29.927	-55.773	-0.67584	-0.64984	0.31354	0.14999	25.6	null	null	13113	75
2026-05-27T17:00:43.604	WT901BLE68(F3:F0:16:BF:DC:AE)	0.243	0.977	-0.031	-14.404	-12.146	-2.747	92.94	-11.99	-45.50	-49.253	29.927	-55.773	-0.67584	-0.64984	0.31354	0.14999	25.6	null	null	13113	75
2026-05-27T17:00:43.727	WT901BLE68(F3:F0:16:BF:DC:AE)	0.197	0.944	-0.047	-8.545	-15.198	0.977	91.91	-11.89	-46.60	-49.253	29.927	-55.773	-0.67584	-0.64984	0.31354	0.14999	25.6	null	null	13113	75
2026-05-27T17:00:43.815	WT901BLE68(F3:F0:16:BF:DC:AE)	0.148	0.992	-0.026	-5.920	-34.851	-1.282	91.75	-11.82	-48.65	-49.253	29.927	-55.773	-0.67584	-0.64984	0.31354	0.14999	25.6	null	null	13113	75
2026-05-27T17:00:43.932	WT901BLE68(F3:F0:16:BF:DC:AE)	0.204	0.979	-0.043	-5.615	-46.448	-3.235	92.01	-11.32	-52.69	-49.253	29.927	-55.773	-0.67584	-0.64984	0.31354	0.14999	25.6	null	null	13113	75
2026-05-27T17:00:44.020	WT901BLE68(F3:F0:16:BF:DC:AE)	0.190	0.991	-0.036	-5.554	-40.710	-1.343	92.36	-10.93	-56.95	-53.200	30.913	-51.673	-0.67584	-0.64984	0.31354	0.14999	25.6	null	null	13113	75
2026-05-27T17:00:44.144	WT901BLE68(F3:F0:16:BF:DC:AE)	0.215	0.982	-0.096	-8.606	-32.593	-4.639	92.40	-10.50	-60.49	-53.200	30.913	-51.673	-0.67584	-0.64984	0.31354	0.14999	25.6	null	null	13113	75
2026-05-27T17:00:44.200	WT901BLE68(F3:F0:16:BF:DC:AE)	0.327	0.958	-0.110	-4.761	3.662	-1.343	92.05	-10.17	-61.59	-53.200	30.913	-51.673	-0.62613	-0.58542	0.42023	0.29758	25.6	null	null	13113	75
2026-05-27T17:00:44.352	WT901BLE68(F3:F0:16:BF:DC:AE)	0.262	0.983	-0.115	8.301	40.100	5.615	92.00	-10.84	-58.83	-53.200	30.913	-51.673	-0.62613	-0.58542	0.42023	0.29758	25.6	null	null	13113	75
2026-05-27T17:00:44.441	WT901BLE68(F3:F0:16:BF:DC:AE)	0.252	1.036	-0.017	-15.686	31.555	10.864	92.14	-11.88	-54.38	-53.200	30.913	-51.673	-0.62613	-0.58542	0.42023	0.29758	25.6	null	null	13113	75
2026-05-27T17:00:44.532	WT901BLE68(F3:F0:16:BF:DC:AE)	0.229	0.976	-0.026	12.512	71.106	9.033	91.29	-13.13	-48.91	-53.200	30.913	-51.673	-0.62613	-0.58542	0.42023	0.29758	25.6	null	null	13113	75
2026-05-27T17:00:44.622	WT901BLE68(F3:F0:16:BF:DC:AE)	0.175	0.979	-0.005	6.592	58.350	-3.174	90.70	-13.50	-41.97	-53.200	30.913	-51.673	-0.62613	-0.58542	0.42023	0.29758	25.6	null	null	13113	75
2026-05-27T17:00:44.746	WT901BLE68(F3:F0:16:BF:DC:AE)	0.179	0.974	-0.024	13.733	58.228	-5.432	90.26	-12.90	-36.11	-53.200	30.913	-51.673	-0.62613	-0.58542	0.42023	0.29758	25.6	null	null	13113	75
2026-05-27T17:00:44.831	WT901BLE68(F3:F0:16:BF:DC:AE)	0.143	0.968	0.026	14.099	30.090	-11.902	90.49	-11.77	-31.45	-53.200	30.913	-51.673	-0.62613	-0.58542	0.42023	0.29758	25.6	null	null	13113	75
2026-05-27T17:00:44.951	WT901BLE68(F3:F0:16:BF:DC:AE)	0.239	1.001	0.025	3.723	8.362	-10.986	91.12	-10.55	-29.87	-42.060	31.007	-59.607	-0.62613	-0.58542	0.42023	0.29758	25.6	null	null	13113	75
2026-05-27T17:00:45.011	WT901BLE68(F3:F0:16:BF:DC:AE)	0.193	0.975	-0.068	5.859	43.884	-9.705	90.83	-9.67	-27.50	-42.060	31.007	-59.607	-0.69299	-0.67410	0.23026	0.11053	25.6	null	null	13113	75
2026-05-27T17:00:45.133	WT901BLE68(F3:F0:16:BF:DC:AE)	0.157	0.979	-0.027	20.142	31.982	-5.798	91.60	-9.00	-23.75	-42.060	31.007	-59.607	-0.69299	-0.67410	0.23026	0.11053	25.6	null	null	13113	75
2026-05-27T17:00:45.224	WT901BLE68(F3:F0:16:BF:DC:AE)	0.101	0.992	0.029	6.104	-1.160	-12.268	92.69	-7.97	-23.23	-42.060	31.007	-59.607	-0.69299	-0.67410	0.23026	0.11053	25.6	null	null	13113	75
2026-05-27T17:00:45.344	WT901BLE68(F3:F0:16:BF:DC:AE)	0.165	0.995	-0.044	-1.709	-2.197	-12.512	92.70	-6.84	-23.77	-42.060	31.007	-59.607	-0.69299	-0.67410	0.23026	0.11053	25.6	null	null	13113	75
2026-05-27T17:00:45.433	WT901BLE68(F3:F0:16:BF:DC:AE)	0.050	0.993	-0.068	0.549	7.690	-10.376	92.46	-5.76	-23.51	-42.060	31.007	-59.607	-0.69299	-0.67410	0.23026	0.11053	25.6	null	null	13113	75
2026-05-27T17:00:45.585	WT901BLE68(F3:F0:16:BF:DC:AE)	0.052	0.999	-0.041	2.747	12.390	-8.972	92.58	-4.84	-23.34	-42.060	31.007	-59.607	-0.69299	-0.67410	0.23026	0.11053	25.6	null	null	13113	75
2026-05-27T17:00:45.643	WT901BLE68(F3:F0:16:BF:DC:AE)	0.038	1.005	-0.033	0.122	-4.883	-6.714	92.68	-4.06	-23.43	-42.060	31.007	-59.607	-0.69299	-0.67410	0.23026	0.11053	25.6	null	null	13113	75
2026-05-27T17:00:45.764	WT901BLE68(F3:F0:16:BF:DC:AE)	0.033	0.987	-0.058	5.676	-4.761	-5.371	92.94	-3.43	-24.44	-42.060	31.007	-59.607	-0.69299	-0.67410	0.23026	0.11053	25.6	null	null	13113	75
2026-05-27T17:00:45.821	WT901BLE68(F3:F0:16:BF:DC:AE)	-0.041	1.016	-0.018	7.813	-21.912	-3.113	93.78	-2.89	-26.27	-41.467	26.260	-65.887	-0.69299	-0.67410	0.23026	0.11053	25.6	null	null	13113	75
2026-05-27T17:00:45.941	WT901BLE68(F3:F0:16:BF:DC:AE)	-0.003	1.002	-0.033	4.211	-29.907	0.793	94.33	-2.47	-29.37	-41.467	26.260	-65.887	-0.69299	-0.67410	0.23026	0.11053	25.6	null	null	13113	75
2026-05-27T17:00:46.031	WT901BLE68(F3:F0:16:BF:DC:AE)	0.023	0.983	-0.141	6.897	-41.260	5.005	94.89	-2.32	-33.41	-41.467	26.260	-65.887	-0.65820	-0.70398	0.20883	0.16571	25.6	null	null	13113	75
2026-05-27T17:00:46.185	WT901BLE68(F3:F0:16:BF:DC:AE)	0.014	1.004	-0.102	10.376	-42.236	6.958	96.10	-2.44	-37.54	-41.467	26.260	-65.887	-0.65820	-0.70398	0.20883	0.16571	25.6	null	null	13113	75
2026-05-27T17:00:46.240	WT901BLE68(F3:F0:16:BF:DC:AE)	0.038	0.993	-0.072	7.019	-35.461	9.583	96.95	-2.71	-41.86	-41.467	26.260	-65.887	-0.65820	-0.70398	0.20883	0.16571	25.6	null	null	13113	75
2026-05-27T17:00:46.364	WT901BLE68(F3:F0:16:BF:DC:AE)	0.010	0.990	-0.123	7.568	-32.104	12.207	97.78	-3.37	-44.87	-41.467	26.260	-65.887	-0.65820	-0.70398	0.20883	0.16571	25.6	null	null	13113	75
2026-05-27T17:00:46.423	WT901BLE68(F3:F0:16:BF:DC:AE)	-0.023	1.002	-0.139	2.136	-36.255	14.282	98.50	-4.13	-48.19	-41.467	26.260	-65.887	-0.65820	-0.70398	0.20883	0.16571	25.6	null	null	13113	75
2026-05-27T17:00:46.540	WT901BLE68(F3:F0:16:BF:DC:AE)	0.108	0.997	-0.137	-3.479	-18.616	18.677	98.53	-5.10	-51.78	-41.467	26.260	-65.887	-0.65820	-0.70398	0.20883	0.16571	25.6	null	null	13113	75
2026-05-27T17:00:46.630	WT901BLE68(F3:F0:16:BF:DC:AE)	0.123	0.989	-0.097	-19.714	3.052	23.376	97.51	-7.10	-52.05	-54.867	25.120	-58.193	-0.65820	-0.70398	0.20883	0.16571	25.6	null	null	13113	75
2026-05-27T17:00:46.754	WT901BLE68(F3:F0:16:BF:DC:AE)	0.189	0.973	-0.180	-14.954	-3.235	24.536	95.90	-9.48	-52.21	-54.867	25.120	-58.193	-0.65820	-0.70398	0.20883	0.16571	25.6	null	null	13113	75
2026-05-27T17:00:46.845	WT901BLE68(F3:F0:16:BF:DC:AE)	0.223	0.978	-0.172	-7.874	4.700	18.494	95.03	-11.56	-51.96	-54.867	25.120	-58.193	-0.65820	-0.70398	0.20883	0.16571	25.6	null	null	13113	75
2026-05-27T17:00:46.962	WT901BLE68(F3:F0:16:BF:DC:AE)	0.216	0.967	-0.103	-7.751	9.277	14.587	94.41	-13.21	-50.91	-54.867	25.120	-58.193	-0.63895	-0.62808	0.38351	0.22382	25.6	null	null	13113	75
2026-05-27T17:00:47.085	WT901BLE68(F3:F0:16:BF:DC:AE)	0.315	0.979	-0.057	-9.583	6.897	5.737	93.68	-14.06	-50.62	-54.867	25.120	-58.193	-0.63895	-0.62808	0.38351	0.22382	25.6	null	null	13113	75
2026-05-27T17:00:47.175	WT901BLE68(F3:F0:16:BF:DC:AE)	0.331	0.959	-0.052	-7.385	29.907	5.493	92.46	-14.85	-48.33	-54.867	25.120	-58.193	-0.63895	-0.62808	0.38351	0.22382	25.6	null	null	13113	75
2026-05-27T17:00:47.230	WT901BLE68(F3:F0:16:BF:DC:AE)	0.314	0.957	-0.058	-2.136	55.481	5.371	90.83	-15.65	-44.01	-54.867	25.120	-58.193	-0.63895	-0.62808	0.38351	0.22382	25.6	null	null	13113	75
2026-05-27T17:00:47.352	WT901BLE68(F3:F0:16:BF:DC:AE)	0.226	0.965	-0.023	1.465	40.222	3.845	89.66	-16.28	-38.71	-54.867	25.120	-58.193	-0.63895	-0.62808	0.38351	0.22382	25.6	null	null	13113	75
2026-05-27T17:00:47.445	WT901BLE68(F3:F0:16:BF:DC:AE)	0.351	0.952	0.006	0.671	22.644	-1.343	89.27	-16.23	-36.55	-54.867	25.120	-58.193	-0.63895	-0.62808	0.38351	0.22382	25.6	null	null	13113	75
2026-05-27T17:00:47.561	WT901BLE68(F3:F0:16:BF:DC:AE)	0.335	0.937	0.022	4.089	53.955	-0.427	88.40	-16.15	-32.65	-54.867	25.120	-58.193	-0.63895	-0.62808	0.38351	0.22382	25.6	null	null	13113	75
2026-05-27T17:00:47.649	WT901BLE68(F3:F0:16:BF:DC:AE)	0.205	1.000	0.055	5.737	59.387	2.197	87.40	-16.22	-26.46	-34.673	32.413	-59.247	-0.63895	-0.62808	0.38351	0.22382	25.6	null	null	13113	75
2026-05-27T17:00:47.773	WT901BLE68(F3:F0:16:BF:DC:AE)	0.224	0.951	0.094	4.700	6.104	0.916	87.28	-16.13	-24.35	-34.673	32.413	-59.247	-0.63895	-0.62808	0.38351	0.22382	25.6	null	null	13113	75
2026-05-27T17:00:47.831	WT901BLE68(F3:F0:16:BF:DC:AE)	0.278	0.956	0.063	5.554	4.395	-1.709	87.64	-15.94	-24.68	-34.673	32.413	-59.247	-0.71945	-0.64746	0.24429	0.05804	25.6	null	null	13113	75
2026-05-27T17:00:47.950	WT901BLE68(F3:F0:16:BF:DC:AE)	0.315	0.933	0.043	9.155	-3.906	-3.723	88.23	-15.50	-24.40	-34.673	32.413	-59.247	-0.71945	-0.64746	0.24429	0.05804	25.6	null	null	13113	75
2026-05-27T17:00:48.039	WT901BLE68(F3:F0:16:BF:DC:AE)	0.229	0.963	0.045	11.719	-1.709	-7.141	89.21	-14.95	-24.35	-34.673	32.413	-59.247	-0.71945	-0.64746	0.24429	0.05804	25.6	null	null	13113	75
2026-05-27T17:00:48.162	WT901BLE68(F3:F0:16:BF:DC:AE)	0.261	0.980	0.040	4.272	-18.005	-3.662	90.08	-14.43	-25.95	-34.673	32.413	-59.247	-0.71945	-0.64746	0.24429	0.05804	25.6	null	null	13113	75
2026-05-27T17:00:48.286	WT901BLE68(F3:F0:16:BF:DC:AE)	0.246	0.975	0.014	-3.052	2.075	-0.122	90.10	-14.29	-27.27	-34.673	32.413	-59.247	-0.71945	-0.64746	0.24429	0.05804	25.6	null	null	13113	75
2026-05-27T17:00:48.371	WT901BLE68(F3:F0:16:BF:DC:AE)	0.174	0.974	0.000	-3.479	-11.719	2.747	89.67	-14.41	-27.45	-34.673	32.413	-59.247	-0.71945	-0.64746	0.24429	0.05804	25.6	null	null	13113	75
2026-05-27T17:00:48.434	WT901BLE68(F3:F0:16:BF:DC:AE)	0.210	0.971	0.034	-6.348	-51.208	4.333	90.01	-14.59	-30.86	-32.493	31.107	-61.780	-0.71945	-0.64746	0.24429	0.05804	25.6	null	null	13113	75
2026-05-27T17:00:48.585	WT901BLE68(F3:F0:16:BF:DC:AE)	0.262	0.980	0.041	-7.507	-50.171	6.836	90.63	-14.94	-36.17	-32.493	31.107	-61.780	-0.71945	-0.64746	0.24429	0.05804	25.6	null	null	13113	75
2026-05-27T17:00:48.642	WT901BLE68(F3:F0:16:BF:DC:AE)	0.229	0.989	0.030	-11.414	-28.320	2.502	90.62	-15.37	-39.89	-32.493	31.107	-61.780	-0.68759	-0.63126	0.32724	0.14670	25.6	null	null	13113	75
2026-05-27T17:00:48.764	WT901BLE68(F3:F0:16:BF:DC:AE)	0.294	1.002	-0.016	-22.888	-35.339	2.686	89.76	-15.63	-43.03	-32.493	31.107	-61.780	-0.68759	-0.63126	0.32724	0.14670	25.6	null	null	13113	75
2026-05-27T17:00:48.853	WT901BLE68(F3:F0:16:BF:DC:AE)	0.325	0.922	-0.182	-28.137	-36.011	-3.418	87.93	-15.63	-46.53	-32.493	31.107	-61.780	-0.68759	-0.63126	0.32724	0.14670	25.6	null	null	13113	75
2026-05-27T17:00:48.977	WT901BLE68(F3:F0:16:BF:DC:AE)	0.438	0.890	-0.126	-10.315	-20.508	8.118	87.12	-16.02	-49.70	-32.493	31.107	-61.780	-0.68759	-0.63126	0.32724	0.14670	25.6	null	null	13113	75
2026-05-27T17:00:49.061	WT901BLE68(F3:F0:16:BF:DC:AE)	0.380	0.931	-0.005	18.677	64.758	-3.845	87.50	-16.77	-48.37	-32.493	31.107	-61.780	-0.68759	-0.63126	0.32724	0.14670	25.6	null	null	13113	75
2026-05-27T17:00:49.186	WT901BLE68(F3:F0:16:BF:DC:AE)	0.134	0.966	0.050	23.315	82.947	-4.944	87.51	-15.96	-39.21	-32.493	31.107	-61.780	-0.68759	-0.63126	0.32724	0.14670	25.6	null	null	13113	75
2026-05-27T17:00:49.242	WT901BLE68(F3:F0:16:BF:DC:AE)	0.173	1.013	0.164	0.488	-12.268	-11.169	87.89	-14.96	-35.23	-32.493	31.107	-61.780	-0.68759	-0.63126	0.32724	0.14670	25.6	null	null	13113	75
2026-05-27T17:00:49.364	WT901BLE68(F3:F0:16:BF:DC:AE)	0.316	0.958	0.063	7.080	14.709	-8.667	88.43	-13.85	-36.72	-32.493	31.107	-61.780	-0.68759	-0.63126	0.32724	0.14670	25.6	null	null	13113	75
2026-05-27T17:00:49.450	WT901BLE68(F3:F0:16:BF:DC:AE)	0.135	0.987	-0.014	7.141	21.362	-11.597	88.47	-12.94	-34.21	-39.460	32.793	-57.653	-0.68759	-0.63126	0.32724	0.14670	25.6	null	null	13113	75
2026-05-27T17:00:49.576	WT901BLE68(F3:F0:16:BF:DC:AE)	0.226	0.974	-0.023	4.456	-13.367	-13.916	88.96	-11.62	-34.37	-39.460	32.793	-57.653	-0.68759	-0.63126	0.32724	0.14670	25.6	null	null	13113	75
2026-05-27T17:00:49.660	WT901BLE68(F3:F0:16:BF:DC:AE)	0.225	0.960	0.005	16.113	18.921	-16.663	89.86	-10.15	-34.63	-39.460	32.793	-57.653	-0.69604	-0.64664	0.27475	0.14755	25.6	null	null	13113	75
2026-05-27T17:00:49.786	WT901BLE68(F3:F0:16:BF:DC:AE)	0.047	1.060	-0.039	33.569	-10.559	-22.400	92.30	-8.18	-33.13	-39.460	32.793	-57.653	-0.69604	-0.64664	0.27475	0.14755	25.6	null	null	13113	75
2026-05-27T17:00:49.842	WT901BLE68(F3:F0:16:BF:DC:AE)	0.136	1.035	0.083	6.653	-30.212	-15.747	94.10	-6.15	-36.33	-39.460	32.793	-57.653	-0.69604	-0.64664	0.27475	0.14755	25.6	null	null	13113	75
2026-05-27T17:00:49.993	WT901BLE68(F3:F0:16:BF:DC:AE)	0.060	0.982	-0.093	1.526	12.451	-13.123	93.85	-4.77	-36.87	-39.460	32.793	-57.653	-0.69604	-0.64664	0.27475	0.14755	25.6	null	null	13113	75
2026-05-27T17:00:50.053	WT901BLE68(F3:F0:16:BF:DC:AE)	0.033	1.015	-0.015	0.854	-4.089	-8.240	93.85	-3.72	-36.93	-39.460	32.793	-57.653	-0.69604	-0.64664	0.27475	0.14755	25.6	null	null	13113	75
2026-05-27T17:00:50.169	WT901BLE68(F3:F0:16:BF:DC:AE)	-0.010	0.995	-0.085	2.014	-3.662	-7.080	93.87	-2.88	-37.17	-39.460	32.793	-57.653	-0.69604	-0.64664	0.27475	0.14755	25.6	null	null	13113	75
2026-05-27T17:00:50.261	WT901BLE68(F3:F0:16:BF:DC:AE)	0.005	0.998	-0.062	2.136	-9.094	-4.395	94.09	-2.16	-37.89	-39.460	32.793	-57.653	-0.69604	-0.64664	0.27475	0.14755	25.6	null	null	13113	75
2026-05-27T17:00:50.381	WT901BLE68(F3:F0:16:BF:DC:AE)	-0.022	0.999	-0.051	2.441	-23.560	-1.343	94.36	-1.63	-39.21	-50.553	25.673	-63.460	-0.69604	-0.64664	0.27475	0.14755	25.6	null	null	13113	75
2026-05-27T17:00:50.469	WT901BLE68(F3:F0:16:BF:DC:AE)	-0.001	0.995	-0.085	3.601	-32.166	0.610	94.66	-1.26	-42.19	-50.553	25.673	-63.460	-0.63751	-0.68451	0.26706	0.23157	25.6	null	null	13113	75
2026-05-27T17:00:50.591	WT901BLE68(F3:F0:16:BF:DC:AE)	0.023	0.995	-0.090	2.380	-40.039	1.282	95.00	-0.93	-45.77	-50.553	25.673	-63.460	-0.63751	-0.68451	0.26706	0.23157	25.6	null	null	13113	75
2026-05-27T17:00:50.650	WT901BLE68(F3:F0:16:BF:DC:AE)	-0.014	0.997	-0.081	2.441	-40.527	1.892	95.27	-0.66	-49.48	-50.553	25.673	-63.460	-0.63751	-0.68451	0.26706	0.23157	25.6	null	null	13113	75
2026-05-27T17:00:50.774	WT901BLE68(F3:F0:16:BF:DC:AE)	-0.033	0.998	-0.077	3.906	-50.110	5.493	95.59	-0.55	-53.60	-50.553	25.673	-63.460	-0.63751	-0.68451	0.26706	0.23157	25.6	null	null	13113	75
2026-05-27T17:00:50.861	WT901BLE68(F3:F0:16:BF:DC:AE)	-0.017	0.992	-0.102	4.517	-51.575	8.179	95.98	-0.62	-58.45	-50.553	25.673	-63.460	-0.63751	-0.68451	0.26706	0.23157	25.6	null	null	13113	75
2026-05-27T17:00:50.982	WT901BLE68(F3:F0:16:BF:DC:AE)	-0.005	0.995	-0.122	5.432	-38.452	8.972	96.48	-0.86	-62.59	-50.553	25.673	-63.460	-0.63751	-0.68451	0.26706	0.23157	25.6	null	null	13113	75
2026-05-27T17:00:51.076	WT901BLE68(F3:F0:16:BF:DC:AE)	0.029	0.984	-0.153	6.042	-23.621	9.033	97.10	-1.34	-65.13	-50.553	25.673	-63.460	-0.63751	-0.68451	0.26706	0.23157	25.6	null	null	13113	75
2026-05-27T17:00:51.193	WT901BLE68(F3:F0:16:BF:DC:AE)	0.063	0.988	-0.155	5.859	-11.963	7.446	97.76	-1.87	-66.47	-50.553	25.673	-63.460	-0.63751	-0.68451	0.26706	0.23157	25.6	null	null	13113	75
2026-05-27T17:00:51.249	WT901BLE68(F3:F0:16:BF:DC:AE)	0.068	0.986	-0.174	6.470	6.104	5.493	98.46	-2.50	-66.08	-65.987	24.760	-48.313	-0.63751	-0.68451	0.26706	0.23157	25.6	null	null	13113	75
2026-05-27T17:00:51.403	WT901BLE68(F3:F0:16:BF:DC:AE)	0.076	0.984	-0.198	5.188	18.860	3.296	99.05	-3.16	-64.36	-65.987	24.760	-48.313	-0.63751	-0.68451	0.26706	0.23157	25.6	null	null	13113	75
2026-05-27T17:00:51.459	WT901BLE68(F3:F0:16:BF:DC:AE)	0.074	0.987	-0.190	3.418	29.724	0.732	99.45	-3.78	-61.49	-65.987	24.760	-48.313	-0.56464	-0.63995	0.41379	0.31671	25.6	null	null	13113	75
2026-05-27T17:00:51.581	WT901BLE68(F3:F0:16:BF:DC:AE)	0.073	0.991	-0.187	0.610	33.997	-0.244	99.48	-4.35	-57.89	-65.987	24.760	-48.313	-0.56464	-0.63995	0.41379	0.31671	25.6	null	null	13113	75
2026-05-27T17:00:51.674	WT901BLE68(F3:F0:16:BF:DC:AE)	0.078	0.989	-0.176	1.221	40.466	-4.211	99.32	-4.74	-53.89	-65.987	24.760	-48.313	-0.56464	-0.63995	0.41379	0.31671	25.6	null	null	13113	75
2026-05-27T17:00:51.791	WT901BLE68(F3:F0:16:BF:DC:AE)	0.110	0.981	-0.135	-1.343	26.306	-3.418	99.11	-4.75	-50.78	-65.987	24.760	-48.313	-0.56464	-0.63995	0.41379	0.31671	25.6	null	null	13113	75
2026-05-27T17:00:51.880	WT901BLE68(F3:F0:16:BF:DC:AE)	0.079	0.985	-0.151	-0.122	28.503	-5.310	98.84	-4.81	-47.53	-65.987	24.760	-48.313	-0.56464	-0.63995	0.41379	0.31671	25.6	null	null	13113	75
2026-05-27T17:00:52.006	WT901BLE68(F3:F0:16:BF:DC:AE)	0.078	0.986	-0.132	-0.671	29.358	-5.249	98.56	-4.72	-44.95	-65.987	24.760	-48.313	-0.56464	-0.63995	0.41379	0.31671	25.6	null	null	13113	75
2026-05-27T17:00:52.058	WT901BLE68(F3:F0:16:BF:DC:AE)	0.052	0.989	-0.110	0.854	-0.854	-2.136	98.42	-4.57	-43.38	-54.027	24.013	-60.727	-0.56464	-0.63995	0.41379	0.31671	25.6	null	null	13113	75
2026-05-27T17:00:52.183	WT901BLE68(F3:F0:16:BF:DC:AE)	0.097	0.990	-0.151	2.502	-1.526	-1.282	98.57	-4.35	-44.03	-54.027	24.013	-60.727	-0.56464	-0.63995	0.41379	0.31671	25.6	null	null	13113	75
2026-05-27T17:00:52.274	WT901BLE68(F3:F0:16:BF:DC:AE)	0.080	0.988	-0.176	-0.671	-7.324	-4.272	98.65	-3.99	-44.59	-54.027	24.013	-60.727	-0.56464	-0.63995	0.41379	0.31671	25.6	null	null	13113	75
2026-05-27T17:00:52.391	WT901BLE68(F3:F0:16:BF:DC:AE)	0.059	0.986	-0.148	-1.282	1.221	-5.432	98.55	-3.47	-44.90	-54.027	24.013	-60.727	-0.61206	-0.69244	0.30893	0.22443	25.6	null	null	13113	75
2026-05-27T17:00:52.480	WT901BLE68(F3:F0:16:BF:DC:AE)	0.049	0.991	-0.133	-0.366	-1.831	-3.357	98.48	-3.10	-44.84	-54.027	24.013	-60.727	-0.61206	-0.69244	0.30893	0.22443	25.6	null	null	13113	75
2026-05-27T17:00:52.598	WT901BLE68(F3:F0:16:BF:DC:AE)	0.025	0.996	-0.150	-2.319	-12.451	-3.662	98.41	-2.65	-45.43	-54.027	24.013	-60.727	-0.61206	-0.69244	0.30893	0.22443	25.6	null	null	13113	75
2026-05-27T17:00:52.660	WT901BLE68(F3:F0:16:BF:DC:AE)	0.047	0.984	-0.147	0.000	9.888	-5.676	98.30	-2.12	-45.70	-54.027	24.013	-60.727	-0.61206	-0.69244	0.30893	0.22443	25.6	null	null	13113	75
2026-05-27T17:00:52.814	WT901BLE68(F3:F0:16:BF:DC:AE)	-0.032	0.998	-0.122	1.343	17.639	-2.625	98.39	-1.99	-43.80	-54.027	24.013	-60.727	-0.61206	-0.69244	0.30893	0.22443	25.6	null	null	13113	75
2026-05-27T17:00:52.868	WT901BLE68(F3:F0:16:BF:DC:AE)	-0.008	0.995	-0.133	-0.122	-1.648	1.099	98.34	-1.92	-43.58	-54.027	24.013	-60.727	-0.61206	-0.69244	0.30893	0.22443	25.6	null	null	13113	75
2026-05-27T17:00:52.993	WT901BLE68(F3:F0:16:BF:DC:AE)	0.034	0.990	-0.141	1.526	-13.855	3.113	98.42	-1.91	-44.64	-54.027	24.013	-60.727	-0.61206	-0.69244	0.30893	0.22443	25.6	null	null	13113	75
2026-05-27T17:00:53.080	WT901BLE68(F3:F0:16:BF:DC:AE)	0.006	0.990	-0.149	2.869	-8.972	5.127	98.68	-2.11	-45.65	-57.167	23.460	-61.100	-0.61206	-0.69244	0.30893	0.22443	25.6	null	null	13113	75
2026-05-27T17:00:53.206	WT901BLE68(F3:F0:16:BF:DC:AE)	0.018	0.997	-0.131	0.305	-21.851	8.606	98.92	-2.46	-47.40	-57.167	23.460	-61.100	-0.61206	-0.69244	0.30893	0.22443	25.6	null	null	13113	75
2026-05-27T17:00:53.290	WT901BLE68(F3:F0:16:BF:DC:AE)	0.026	0.985	-0.183	2.747	-8.240	10.925	99.11	-3.14	-48.67	-57.167	23.460	-61.100	-0.60031	-0.68750	0.32410	0.24860	25.6	null	null	13113	75
2026-05-27T17:00:53.411	WT901BLE68(F3:F0:16:BF:DC:AE)	0.049	0.983	-0.156	4.272	-14.404	11.963	99.55	-3.97	-49.88	-57.167	23.460	-61.100	-0.60031	-0.68750	0.32410	0.24860	25.6	null	null	13113	75
2026-05-27T17:00:53.472	WT901BLE68(F3:F0:16:BF:DC:AE)	0.086	0.989	-0.137	4.761	-14.526	14.404	100.11	-4.92	-51.43	-57.167	23.460	-61.100	-0.60031	-0.68750	0.32410	0.24860	25.6	null	null	13113	75
2026-05-27T17:00:53.591	WT901BLE68(F3:F0:16:BF:DC:AE)	0.118	0.974	-0.193	3.418	-14.893	14.221	100.61	-6.05	-52.82	-57.167	23.460	-61.100	-0.60031	-0.68750	0.32410	0.24860	25.6	null	null	13113	75
2026-05-27T17:00:53.684	WT901BLE68(F3:F0:16:BF:DC:AE)	0.121	0.967	-0.225	7.324	-6.531	12.939	101.34	-7.12	-53.82	-57.167	23.460	-61.100	-0.60031	-0.68750	0.32410	0.24860	25.6	null	null	13113	75
2026-05-27T17:00:53.801	WT901BLE68(F3:F0:16:BF:DC:AE)	0.162	0.966	-0.212	2.991	-12.207	11.658	101.99	-8.03	-55.22	-57.167	23.460	-61.100	-0.60031	-0.68750	0.32410	0.24860	25.6	null	null	13113	75
2026-05-27T17:00:53.890	WT901BLE68(F3:F0:16:BF:DC:AE)	0.232	0.949	-0.255	-1.770	9.094	6.653	102.11	-8.97	-55.49	-57.027	24.687	-57.333	-0.60031	-0.68750	0.32410	0.24860	25.6	null	null	13113	75
2026-05-27T17:00:54.011	WT901BLE68(F3:F0:16:BF:DC:AE)	0.194	0.951	-0.269	2.869	23.315	-0.732	102.00	-9.71	-53.65	-57.027	24.687	-57.333	-0.60031	-0.68750	0.32410	0.24860	25.6	null	null	13113	75
2026-05-27T17:00:54.069	WT901BLE68(F3:F0:16:BF:DC:AE)	0.208	0.964	-0.215	3.357	17.944	-1.099	102.07	-10.11	-51.56	-57.027	24.687	-57.333	-0.59314	-0.67209	0.38858	0.21307	25.6	null	null	13113	75
2026-05-27T17:00:54.189	WT901BLE68(F3:F0:16:BF:DC:AE)	0.212	0.969	-0.191	1.160	30.762	-5.066	102.00	-10.39	-49.04	-57.027	24.687	-57.333	-0.59314	-0.67209	0.38858	0.21307	25.6	null	null	13113	75
2026-05-27T17:00:54.283	WT901BLE68(F3:F0:16:BF:DC:AE)	0.219	0.967	-0.207	-4.211	34.363	-7.019	101.29	-10.56	-45.65	-57.027	24.687	-57.333	-0.59314	-0.67209	0.38858	0.21307	25.6	null	null	13113	75
2026-05-27T17:00:54.402	WT901BLE68(F3:F0:16:BF:DC:AE)	0.172	0.955	-0.214	-2.441	47.058	-8.789	100.16	-10.65	-41.40	-57.027	24.687	-57.333	-0.59314	-0.67209	0.38858	0.21307	25.6	null	null	13113	75
2026-05-27T17:00:54.491	WT901BLE68(F3:F0:16:BF:DC:AE)	0.170	0.982	-0.094	-2.747	29.236	-7.263	99.35	-10.55	-37.64	-57.027	24.687	-57.333	-0.59314	-0.67209	0.38858	0.21307	25.6	null	null	13113	75
2026-05-27T17:00:54.613	WT901BLE68(F3:F0:16:BF:DC:AE)	0.192	0.966	-0.162	-2.197	28.748	-9.094	98.48	-10.20	-35.07	-57.027	24.687	-57.333	-0.59314	-0.67209	0.38858	0.21307	25.6	null	null	13113	75
2026-05-27T17:00:54.704	WT901BLE68(F3:F0:16:BF:DC:AE)	0.197	0.960	-0.158	6.897	35.278	-9.277	98.12	-9.80	-32.19	-57.027	24.687	-57.333	-0.59314	-0.67209	0.38858	0.21307	25.6	null	null	13113	75
2026-05-27T17:00:54.821	WT901BLE68(F3:F0:16:BF:DC:AE)	0.127	1.008	-0.082	5.005	51.086	-10.559	98.04	-9.56	-28.02	-41.700	24.927	-65.693	-0.59314	-0.67209	0.38858	0.21307	25.6	null	null	13113	75
2026-05-27T17:00:54.880	WT901BLE68(F3:F0:16:BF:DC:AE)	0.108	0.988	-0.168	0.305	5.066	-9.155	97.77	-9.10	-25.10	-41.700	24.927	-65.693	-0.59314	-0.67209	0.38858	0.21307	25.6	null	null	13113	75
2026-05-27T17:00:55.002	WT901BLE68(F3:F0:16:BF:DC:AE)	0.145	0.975	-0.125	-3.601	-14.404	-9.338	97.68	-7.96	-26.35	-41.700	24.927	-65.693	-0.59314	-0.67209	0.38858	0.21307	25.6	null	null	13113	75
2026-05-27T17:00:55.088	WT901BLE68(F3:F0:16:BF:DC:AE)	0.094	0.993	-0.118	-1.404	-9.644	-5.981	97.62	-7.10	-27.36	-41.700	24.927	-65.693	-0.65048	-0.72025	0.21704	0.10431	25.6	null	null	13113	75
2026-05-27T17:00:55.211	WT901BLE68(F3:F0:16:BF:DC:AE)	0.081	1.006	-0.095	0.000	-15.991	-2.502	97.68	-6.42	-29.15	-41.700	24.927	-65.693	-0.65048	-0.72025	0.21704	0.10431	25.6	null	null	13113	75
2026-05-27T17:00:55.301	WT901BLE68(F3:F0:16:BF:DC:AE)	0.071	0.982	-0.130	1.160	-19.897	-2.075	97.79	-5.94	-31.26	-41.700	24.927	-65.693	-0.65048	-0.72025	0.21704	0.10431	25.6	null	null	13113	75
2026-05-27T17:00:55.423	WT901BLE68(F3:F0:16:BF:DC:AE)	0.038	0.988	-0.135	0.610	-32.715	3.784	98.07	-5.60	-34.02	-41.700	24.927	-65.693	-0.65048	-0.72025	0.21704	0.10431	25.6	null	null	13113	75
2026-05-27T17:00:55.481	WT901BLE68(F3:F0:16:BF:DC:AE)	0.021	0.992	-0.129	0.183	-53.894	8.911	98.50	-5.42	-38.50	-41.700	24.927	-65.693	-0.65048	-0.72025	0.21704	0.10431	25.6	null	null	13113	75
2026-05-27T17:00:55.603	WT901BLE68(F3:F0:16:BF:DC:AE)	0.092	0.983	-0.153	1.770	-49.683	14.709	99.01	-5.64	-44.16	-41.700	24.927	-65.693	-0.65048	-0.72025	0.21704	0.10431	25.6	null	null	13113	75
2026-05-27T17:00:55.691	WT901BLE68(F3:F0:16:BF:DC:AE)	0.076	0.985	-0.186	-1.343	-56.274	14.709	99.60	-6.11	-49.07	-41.700	24.927	-65.693	-0.65048	-0.72025	0.21704	0.10431	25.6	null	null	13113	75
2026-05-27T17:00:55.812	WT901BLE68(F3:F0:16:BF:DC:AE)	0.059	0.976	-0.088	-42.847	-69.519	24.231	97.98	-7.19	-54.95	-53.740	24.247	-60.180	-0.65048	-0.72025	0.21704	0.10431	25.6	null	null	13113	75
2026-05-27T17:00:55.901	WT901BLE68(F3:F0:16:BF:DC:AE)	0.149	0.970	-0.127	-3.052	-37.109	21.240	97.33	-8.63	-61.51	-53.740	24.247	-60.180	-0.59653	-0.62344	0.41702	0.28537	25.6	null	null	13113	75
2026-05-27T17:00:56.022	WT901BLE68(F3:F0:16:BF:DC:AE)	0.220	0.951	-0.250	-0.183	-2.258	17.395	97.48	-10.27	-63.48	-53.740	24.247	-60.180	-0.59653	-0.62344	0.41702	0.28537	25.6	null	null	13113	75
2026-05-27T17:00:56.113	WT901BLE68(F3:F0:16:BF:DC:AE)	0.267	0.966	-0.193	-0.244	-2.869	12.146	97.74	-11.67	-63.46	-53.740	24.247	-60.180	-0.59653	-0.62344	0.41702	0.28537	25.6	null	null	13113	75
2026-05-27T17:00:56.233	WT901BLE68(F3:F0:16:BF:DC:AE)	0.285	0.970	-0.145	0.549	18.738	8.484	97.82	-12.88	-62.20	-53.740	24.247	-60.180	-0.59653	-0.62344	0.41702	0.28537	25.6	null	null	13113	75
2026-05-27T17:00:56.291	WT901BLE68(F3:F0:16:BF:DC:AE)	0.310	0.945	-0.136	1.099	49.194	4.456	97.26	-14.05	-58.50	-53.740	24.247	-60.180	-0.59653	-0.62344	0.41702	0.28537	25.6	null	null	13113	75
2026-05-27T17:00:56.414	WT901BLE68(F3:F0:16:BF:DC:AE)	0.307	0.960	-0.121	-0.061	65.979	2.075	95.92	-15.16	-52.50	-53.740	24.247	-60.180	-0.59653	-0.62344	0.41702	0.28537	25.6	null	null	13113	75
2026-05-27T17:00:56.502	WT901BLE68(F3:F0:16:BF:DC:AE)	0.244	0.957	-0.067	-1.770	59.509	-0.977	94.10	-15.91	-45.27	-53.740	24.247	-60.180	-0.59653	-0.62344	0.41702	0.28537	25.6	null	null	13113	75
2026-05-27T17:00:56.626	WT901BLE68(F3:F0:16:BF:DC:AE)	0.283	0.969	-0.056	-3.845	36.560	-3.235	92.59	-16.00	-40.48	-53.740	24.247	-60.180	-0.59653	-0.62344	0.41702	0.28537	25.6	null	null	13113	75
2026-05-27T17:00:56.715	WT901BLE68(F3:F0:16:BF:DC:AE)	0.298	0.960	-0.039	-2.808	39.001	-5.005	91.35	-15.67	-37.06	-42.213	31.600	-57.687	-0.59653	-0.62344	0.41702	0.28537	25.6	null	null	13113	75
2026-05-27T17:00:56.830	WT901BLE68(F3:F0:16:BF:DC:AE)	0.287	0.958	-0.006	2.625	59.753	-2.930	90.03	-15.43	-31.80	-42.213	31.600	-57.687	-0.69470	-0.64514	0.29724	0.11276	25.6	null	null	13113	75
2026-05-27T17:00:56.894	WT901BLE68(F3:F0:16:BF:DC:AE)	0.276	0.955	0.044	10.742	40.161	-4.883	89.38	-15.11	-27.08	-42.213	31.600	-57.687	-0.69470	-0.64514	0.29724	0.11276	25.6	null	null	13113	75
2026-05-27T17:00:57.017	WT901BLE68(F3:F0:16:BF:DC:AE)	0.233	0.963	0.039	15.320	28.076	-5.066	89.82	-14.61	-24.02	-42.213	31.600	-57.687	-0.69470	-0.64514	0.29724	0.11276	25.6	null	null	13113	75
2026-05-27T17:00:57.101	WT901BLE68(F3:F0:16:BF:DC:AE)	0.344	0.947	0.027	21.057	1.282	-9.521	91.31	-13.69	-23.04	-42.213	31.600	-57.687	-0.69470	-0.64514	0.29724	0.11276	25.6	null	null	13113	75
2026-05-27T17:00:57.223	WT901BLE68(F3:F0:16:BF:DC:AE)	0.009	0.984	-0.084	24.109	0.793	-11.108	92.89	-12.86	-20.10	-42.213	31.600	-57.687	-0.69470	-0.64514	0.29724	0.11276	25.6	null	null	13113	75
2026-05-27T17:00:57.310	WT901BLE68(F3:F0:16:BF:DC:AE)	0.158	1.029	-0.002	8.423	-57.251	-2.380	95.23	-11.72	-24.34	-42.213	31.600	-57.687	-0.69470	-0.64514	0.29724	0.11276	25.6	null	null	13113	75
2026-05-27T17:00:57.434	WT901BLE68(F3:F0:16:BF:DC:AE)	0.194	0.990	-0.084	0.916	-26.611	0.793	96.20	-11.08	-29.05	-42.213	31.600	-57.687	-0.69470	-0.64514	0.29724	0.11276	25.6	null	null	13113	75
2026-05-27T17:00:57.522	WT901BLE68(F3:F0:16:BF:DC:AE)	0.109	0.994	-0.117	-1.099	-34.058	4.517	96.55	-11.01	-31.53	-38.380	25.900	-66.793	-0.69470	-0.64514	0.29724	0.11276	25.6	null	null	13113	75
2026-05-27T17:00:57.642	WT901BLE68(F3:F0:16:BF:DC:AE)	0.196	1.005	-0.080	-11.597	-55.237	8.057	96.97	-10.88	-37.12	-38.380	25.900	-66.793	-0.69470	-0.64514	0.29724	0.11276	25.6	null	null	13113	75
2026-05-27T17:00:57.703	WT901BLE68(F3:F0:16:BF:DC:AE)	0.216	0.934	-0.076	-20.691	-63.110	15.198	95.71	-11.41	-42.07	-38.380	25.900	-66.793	-0.65009	-0.66840	0.32101	0.16568	25.6	null	null	13113	75
2026-05-27T17:00:57.822	WT901BLE68(F3:F0:16:BF:DC:AE)	0.129	0.958	-0.178	-6.287	-53.894	8.972	95.74	-11.86	-46.66	-38.380	25.900	-66.793	-0.65009	-0.66840	0.32101	0.16568	25.6	null	null	13113	75
2026-05-27T17:00:57.915	WT901BLE68(F3:F0:16:BF:DC:AE)	0.247	0.960	-0.114	-0.916	-38.757	9.155	96.63	-12.12	-51.45	-38.380	25.900	-66.793	-0.65009	-0.66840	0.32101	0.16568	25.6	null	null	13113	75
2026-05-27T17:00:58.032	WT901BLE68(F3:F0:16:BF:DC:AE)	0.225	0.966	-0.158	-4.089	-29.846	8.545	97.16	-12.69	-54.42	-38.380	25.900	-66.793	-0.65009	-0.66840	0.32101	0.16568	25.6	null	null	13113	75
2026-05-27T17:00:58.124	WT901BLE68(F3:F0:16:BF:DC:AE)	0.298	0.958	-0.134	-5.798	-16.968	6.165	97.36	-13.08	-57.04	-38.380	25.900	-66.793	-0.65009	-0.66840	0.32101	0.16568	25.6	null	null	13113	75
2026-05-27T17:00:58.242	WT901BLE68(F3:F0:16:BF:DC:AE)	0.251	0.973	-0.168	-10.742	-11.780	-1.953	96.73	-13.26	-57.14	-38.380	25.900	-66.793	-0.65009	-0.66840	0.32101	0.16568	25.6	null	null	13113	75
2026-05-27T17:00:58.302	WT901BLE68(F3:F0:16:BF:DC:AE)	0.309	0.965	-0.053	-3.601	16.968	2.258	96.09	-13.38	-57.00	-38.380	25.900	-66.793	-0.65009	-0.66840	0.32101	0.16568	25.6	null	null	13113	75
2026-05-27T17:00:58.422	WT901BLE68(F3:F0:16:BF:DC:AE)	0.214	0.975	-0.083	-5.127	36.499	1.465	94.94	-13.81	-53.37	-38.380	25.900	-66.793	-0.65009	-0.66840	0.32101	0.16568	25.6	null	null	13113	75
2026-05-27T17:00:58.513	WT901BLE68(F3:F0:16:BF:DC:AE)	0.257	0.967	-0.045	-4.272	33.020	3.540	93.69	-14.24	-49.81	-50.740	31.127	-53.687	-0.65009	-0.66840	0.32101	0.16568	25.6	null	null	13113	75
2026-05-27T17:00:58.634	WT901BLE68(F3:F0:16:BF:DC:AE)	0.283	0.961	0.003	0.549	51.453	7.507	92.38	-15.07	-45.10	-50.740	31.127	-53.687	-0.65009	-0.66840	0.32101	0.16568	25.6	null	null	13113	75
2026-05-27T17:00:58.725	WT901BLE68(F3:F0:16:BF:DC:AE)	0.199	0.968	-0.006	-0.854	7.141	5.005	91.53	-15.77	-41.78	-50.740	31.127	-53.687	-0.67636	-0.62817	0.34824	0.16299	25.6	null	null	13113	75
2026-05-27T17:00:58.846	WT901BLE68(F3:F0:16:BF:DC:AE)	0.255	0.974	-0.022	5.615	-24.170	-2.441	92.16	-15.55	-43.13	-50.740	31.127	-53.687	-0.67636	-0.62817	0.34824	0.16299	25.6	null	null	13113	75
2026-05-27T17:00:58.933	WT901BLE68(F3:F0:16:BF:DC:AE)	0.332	0.952	-0.013	3.174	1.282	0.244	92.67	-15.47	-44.37	-50.740	31.127	-53.687	-0.67636	-0.62817	0.34824	0.16299	25.6	null	null	13113	75
2026-05-27T17:00:59.054	WT901BLE68(F3:F0:16:BF:DC:AE)	0.221	0.973	-0.027	-0.671	3.906	1.099	92.50	-15.68	-43.53	-50.740	31.127	-53.687	-0.67636	-0.62817	0.34824	0.16299	25.6	null	null	13113	75
2026-05-27T17:00:59.114	WT901BLE68(F3:F0:16:BF:DC:AE)	0.257	0.977	-0.005	-8.911	-26.855	0.244	92.38	-15.72	-45.22	-50.740	31.127	-53.687	-0.67636	-0.62817	0.34824	0.16299	25.6	null	null	13113	75
2026-05-27T17:00:59.234	WT901BLE68(F3:F0:16:BF:DC:AE)	0.297	0.962	-0.037	-9.766	-17.395	-2.075	91.93	-15.49	-47.56	-50.740	31.127	-53.687	-0.67636	-0.62817	0.34824	0.16299	25.6	null	null	13113	75
2026-05-27T17:00:59.320	WT901BLE68(F3:F0:16:BF:DC:AE)	0.263	0.956	-0.035	-5.798	-11.597	-2.869	91.51	-15.24	-48.72	-46.513	31.600	-54.607	-0.67636	-0.62817	0.34824	0.16299	25.6	null	null	13113	75
2026-05-27T17:00:59.446	WT901BLE68(F3:F0:16:BF:DC:AE)	0.204	0.972	-0.051	-1.038	-27.161	-0.854	91.65	-15.03	-50.30	-46.513	31.600	-54.607	-0.67636	-0.62817	0.34824	0.16299	25.6	null	null	13113	75
2026-05-27T17:00:59.530	WT901BLE68(F3:F0:16:BF:DC:AE)	0.239	0.971	-0.045	-3.479	-44.312	-0.793	92.51	-14.77	-53.79	-46.513	31.600	-54.607	-0.65680	-0.60065	0.39804	0.22198	25.6	null	null	13113	75
2026-05-27T17:00:59.652	WT901BLE68(F3:F0:16:BF:DC:AE)	0.321	0.972	-0.077	-4.944	-23.743	-2.930	93.10	-14.39	-57.53	-46.513	31.600	-54.607	-0.65680	-0.60065	0.39804	0.22198	25.6	null	null	13113	75
2026-05-27T17:00:59.715	WT901BLE68(F3:F0:16:BF:DC:AE)	0.327	0.961	-0.086	-1.038	18.860	-2.808	92.90	-14.18	-57.54	-46.513	31.600	-54.607	-0.65680	-0.60065	0.39804	0.22198	25.6	null	null	13113	75
2026-05-27T17:00:59.833	WT901BLE68(F3:F0:16:BF:DC:AE)	0.297	0.967	-0.053	3.784	36.499	0.610	92.44	-14.40	-54.35	-46.513	31.600	-54.607	-0.65680	-0.60065	0.39804	0.22198	25.6	null	null	13113	75
2026-05-27T17:00:59.924	WT901BLE68(F3:F0:16:BF:DC:AE)	0.305	0.980	-0.029	3.418	51.392	0.122	91.85	-14.79	-49.82	-46.513	31.600	-54.607	-0.65680	-0.60065	0.39804	0.22198	25.6	null	null	13113	75
2026-05-27T17:01:00.044	WT901BLE68(F3:F0:16:BF:DC:AE)	0.285	0.957	-0.056	1.160	70.374	-3.967	90.54	-14.95	-43.66	-46.513	31.600	-54.607	-0.65680	-0.60065	0.39804	0.22198	25.6	null	null	13113	75
2026-05-27T17:01:00.132	WT901BLE68(F3:F0:16:BF:DC:AE)	0.178	0.963	-0.063	4.578	56.580	-3.418	89.10	-14.40	-36.16	-46.513	31.600	-54.607	-0.65680	-0.60065	0.39804	0.22198	25.6	null	null	13113	75
2026-05-27T17:01:00.252	WT901BLE68(F3:F0:16:BF:DC:AE)	0.221	0.997	-0.026	16.052	66.467	-4.089	88.81	-14.45	-30.90	-46.513	31.600	-54.607	-0.65680	-0.60065	0.39804	0.22198	25.6	null	null	13113	75
2026-05-27T17:01:00.339	WT901BLE68(F3:F0:16:BF:DC:AE)	0.168	0.972	0.009	22.095	55.115	-7.751	89.27	-13.80	-25.01	-37.840	32.587	-59.320	-0.65680	-0.60065	0.39804	0.22198	25.6	null	null	13113	75
2026-05-27T17:01:00.461	WT901BLE68(F3:F0:16:BF:DC:AE)	0.200	0.983	0.023	21.606	24.048	-7.141	90.40	-12.69	-20.75	-37.840	32.587	-59.320	-0.70547	-0.67413	0.21173	0.05396	25.6	null	null	13113	75
2026-05-27T17:01:00.520	WT901BLE68(F3:F0:16:BF:DC:AE)	0.172	0.973	-0.027	28.564	31.433	-9.827	92.17	-11.93	-18.64	-37.840	32.587	-59.320	-0.70547	-0.67413	0.21173	0.05396	25.6	null	null	13113	75
