time	DeviceName	AccX(g)	AccY(g)	AccZ(g)	AsX(°/s)	AsY(°/s)	AsZ(°/s)	AngleX(°)	AngleY(°)	AngleZ(°)	HX(uT)	HY(uT)	HZ(uT)	Q0()	Q1()	Q2()	Q3()	Temperature(°C)	Height(m)	Pressure(kPa)	Version()	Battery level(%)
2026-05-27T16:54:37.058	WT901BLE68(F3:F0:16:BF:DC:AE)	0.630	1.195	0.597	-74.158	-26.428	122.803	73.27	-24.44	-41.84	-38.813	38.887	-41.633	0.75653	0.52490	-0.34354	-0.18436	26.0	null	null	13113	60
2026-05-27T16:54:37.181	WT901BLE68(F3:F0:16:BF:DC:AE)	0.669	0.621	0.694	-166.565	-67.078	170.837	60.17	-42.02	-41.08	-38.813	38.887	-41.633	0.75653	0.52490	-0.34354	-0.18436	26.0	null	null	13113	60
2026-05-27T16:54:37.273	WT901BLE68(F3:F0:16:BF:DC:AE)	0.551	0.189	0.334	-189.453	-190.002	134.460	41.00	-60.19	-39.73	-38.813	38.887	-41.633	0.75653	0.52490	-0.34354	-0.18436	26.0	null	null	13113	60
2026-05-27T16:54:37.391	WT901BLE68(F3:F0:16:BF:DC:AE)	1.063	0.272	-0.054	-81.177	-89.783	70.251	34.98	-79.59	-45.80	-38.813	38.887	-41.633	0.75653	0.52490	-0.34354	-0.18436	26.0	null	null	13113	60
2026-05-27T16:54:37.448	WT901BLE68(F3:F0:16:BF:DC:AE)	0.804	0.401	-0.288	50.598	-0.916	34.729	13.85	-78.53	-22.51	-38.813	38.887	-41.633	0.75653	0.52490	-0.34354	-0.18436	26.0	null	null	13113	60
2026-05-27T16:54:37.577	WT901BLE68(F3:F0:16:BF:DC:AE)	0.890	0.031	0.295	137.024	-47.119	-9.155	32.67	-80.03	-26.49	-38.813	38.887	-41.633	0.75653	0.52490	-0.34354	-0.18436	26.0	null	null	13113	60
2026-05-27T16:54:37.659	WT901BLE68(F3:F0:16:BF:DC:AE)	1.160	-0.394	0.651	-52.124	-71.228	53.772	31.98	-84.52	-20.17	-38.813	38.887	-41.633	0.75653	0.52490	-0.34354	-0.18436	26.0	null	null	13113	60
2026-05-27T16:54:37.781	WT901BLE68(F3:F0:16:BF:DC:AE)	0.821	-0.028	0.022	-59.753	84.473	33.325	-28.87	-82.57	36.55	17.147	20.940	-23.933	0.75653	0.52490	-0.34354	-0.18436	26.0	null	null	13113	60
2026-05-27T16:54:37.871	WT901BLE68(F3:F0:16:BF:DC:AE)	0.866	0.166	-0.310	11.353	38.879	-13.306	-26.61	-80.20	33.51	17.147	20.940	-23.933	0.75653	0.52490	-0.34354	-0.18436	26.0	null	null	13113	60
2026-05-27T16:54:37.990	WT901BLE68(F3:F0:16:BF:DC:AE)	0.789	-0.241	0.314	130.188	-1.831	-31.799	3.03	-77.63	14.91	17.147	20.940	-23.933	0.76263	0.02924	-0.64099	0.08084	26.0	null	null	13113	60
2026-05-27T16:54:38.081	WT901BLE68(F3:F0:16:BF:DC:AE)	0.561	-0.111	0.296	-12.817	42.297	22.827	6.27	-77.05	19.06	17.147	20.940	-23.933	0.76263	0.02924	-0.64099	0.08084	26.0	null	null	13113	60
2026-05-27T16:54:38.202	WT901BLE68(F3:F0:16:BF:DC:AE)	0.855	0.026	0.178	-112.671	-95.703	27.832	-25.54	-81.77	45.18	17.147	20.940	-23.933	0.76263	0.02924	-0.64099	0.08084	26.0	null	null	13113	60
2026-05-27T16:54:38.263	WT901BLE68(F3:F0:16:BF:DC:AE)	0.777	0.125	-0.243	-6.104	32.898	-23.499	-37.13	-83.41	51.99	17.147	20.940	-23.933	0.76263	0.02924	-0.64099	0.08084	26.0	null	null	13113	60
2026-05-27T16:54:38.382	WT901BLE68(F3:F0:16:BF:DC:AE)	0.861	0.153	-0.102	106.506	36.987	-40.833	4.57	-82.82	18.79	17.147	20.940	-23.933	0.76263	0.02924	-0.64099	0.08084	26.0	null	null	13113	60
2026-05-27T16:54:38.476	WT901BLE68(F3:F0:16:BF:DC:AE)	0.983	0.254	0.171	53.528	-57.983	-42.908	60.37	-82.63	-27.33	17.147	20.940	-23.933	0.76263	0.02924	-0.64099	0.08084	26.0	null	null	13113	60
2026-05-27T16:54:38.595	WT901BLE68(F3:F0:16:BF:DC:AE)	1.066	0.292	0.332	-81.970	-43.213	-20.142	87.51	-80.43	-55.94	17.147	20.940	-23.933	0.76263	0.02924	-0.64099	0.08084	26.0	null	null	13113	60
2026-05-27T16:54:38.682	WT901BLE68(F3:F0:16:BF:DC:AE)	1.139	0.252	0.170	-169.617	16.785	-41.687	83.96	-77.11	-65.19	10.913	26.433	-28.867	0.76263	0.02924	-0.64099	0.08084	26.0	null	null	13113	60
2026-05-27T16:54:38.803	WT901BLE68(F3:F0:16:BF:DC:AE)	0.798	0.293	-0.025	-197.876	75.623	-87.769	52.55	-68.54	-51.10	10.913	26.433	-28.867	0.76263	0.02924	-0.64099	0.08084	26.0	null	null	13113	60
2026-05-27T16:54:38.859	WT901BLE68(F3:F0:16:BF:DC:AE)	0.747	0.382	0.051	-117.310	87.952	-211.243	46.99	-53.62	-62.06	10.913	26.433	-28.867	0.79166	0.08609	-0.57870	-0.17563	26.0	null	null	13113	60
2026-05-27T16:54:38.982	WT901BLE68(F3:F0:16:BF:DC:AE)	1.751	1.056	-0.026	-34.058	-72.510	-96.680	57.59	-41.94	-82.32	10.913	26.433	-28.867	0.79166	0.08609	-0.57870	-0.17563	26.0	null	null	13113	60
2026-05-27T16:54:39.070	WT901BLE68(F3:F0:16:BF:DC:AE)	0.479	0.196	0.062	50.415	21.362	62.012	57.83	-44.01	-78.48	10.913	26.433	-28.867	0.79166	0.08609	-0.57870	-0.17563	26.0	null	null	13113	60
2026-05-27T16:54:39.225	WT901BLE68(F3:F0:16:BF:DC:AE)	1.171	0.407	0.138	77.637	-19.470	120.056	61.03	-53.48	-72.76	10.913	26.433	-28.867	0.79166	0.08609	-0.57870	-0.17563	26.0	null	null	13113	60
2026-05-27T16:54:39.282	WT901BLE68(F3:F0:16:BF:DC:AE)	1.207	0.432	0.154	106.934	78.613	169.800	54.96	-66.47	-54.64	10.913	26.433	-28.867	0.79166	0.08609	-0.57870	-0.17563	26.0	null	null	13113	60
2026-05-27T16:54:39.402	WT901BLE68(F3:F0:16:BF:DC:AE)	1.145	0.122	0.269	106.445	-13.000	159.119	23.74	-74.93	-10.50	10.913	26.433	-28.867	0.79166	0.08609	-0.57870	-0.17563	26.0	null	null	13113	60
2026-05-27T16:54:39.492	WT901BLE68(F3:F0:16:BF:DC:AE)	1.151	-0.049	0.243	102.356	15.686	154.663	-26.93	-75.44	53.53	10.913	26.433	-28.867	0.79166	0.08609	-0.57870	-0.17563	26.0	null	null	13113	60
2026-05-27T16:54:39.612	WT901BLE68(F3:F0:16:BF:DC:AE)	0.564	0.024	0.226	7.874	37.109	97.412	-40.39	-64.26	74.59	17.527	14.507	-13.587	0.79166	0.08609	-0.57870	-0.17563	26.0	null	null	13113	60
2026-05-27T16:54:39.670	WT901BLE68(F3:F0:16:BF:DC:AE)	1.009	0.165	0.006	-55.664	22.644	44.067	-56.90	-63.05	91.40	17.527	14.507	-13.587	0.70227	0.05029	-0.61197	0.36011	26.0	null	null	13113	60
2026-05-27T16:54:39.794	WT901BLE68(F3:F0:16:BF:DC:AE)	0.883	-0.464	0.338	39.368	-32.959	11.719	-57.54	-62.90	98.38	17.527	14.507	-13.587	0.70227	0.05029	-0.61197	0.36011	26.0	null	null	13113	60
2026-05-27T16:54:39.883	WT901BLE68(F3:F0:16:BF:DC:AE)	0.761	-0.495	0.587	-71.228	-2.197	38.208	-58.54	-60.27	101.54	17.527	14.507	-13.587	0.70227	0.05029	-0.61197	0.36011	26.0	null	null	13113	60
2026-05-27T16:54:39.999	WT901BLE68(F3:F0:16:BF:DC:AE)	0.583	-0.352	-0.129	-28.320	69.702	-9.338	-66.35	-57.65	105.08	17.527	14.507	-13.587	0.70227	0.05029	-0.61197	0.36011	26.0	null	null	13113	60
2026-05-27T16:54:40.093	WT901BLE68(F3:F0:16:BF:DC:AE)	0.797	-0.452	0.152	115.662	80.383	-59.753	-49.36	-58.10	93.60	17.527	14.507	-13.587	0.70227	0.05029	-0.61197	0.36011	26.0	null	null	13113	60
2026-05-27T16:54:40.248	WT901BLE68(F3:F0:16:BF:DC:AE)	0.862	-0.678	0.897	-12.512	14.893	24.475	-35.17	-54.24	85.50	17.527	14.507	-13.587	0.70227	0.05029	-0.61197	0.36011	26.0	null	null	13113	60
2026-05-27T16:54:40.275	WT901BLE68(F3:F0:16:BF:DC:AE)	0.713	-0.542	0.652	-68.359	-67.993	28.809	-44.93	-53.32	92.98	17.527	14.507	-13.587	0.70227	0.05029	-0.61197	0.36011	26.0	null	null	13113	60
2026-05-27T16:54:40.396	WT901BLE68(F3:F0:16:BF:DC:AE)	0.463	-0.257	0.221	-28.992	26.794	-27.710	-48.55	-51.66	93.26	17.527	14.507	-13.587	0.70227	0.05029	-0.61197	0.36011	26.0	null	null	13113	60
2026-05-27T16:54:40.480	WT901BLE68(F3:F0:16:BF:DC:AE)	0.791	-0.173	0.172	37.109	9.277	-2.747	-48.63	-54.53	95.70	22.893	-10.853	-0.513	0.70227	0.05029	-0.61197	0.36011	26.0	null	null	13113	60
2026-05-27T16:54:40.604	WT901BLE68(F3:F0:16:BF:DC:AE)	0.958	-0.262	0.534	29.419	-44.189	4.028	-48.17	-56.71	103.40	22.893	-10.853	-0.513	0.70227	0.05029	-0.61197	0.36011	26.0	null	null	13113	60
2026-05-27T16:54:40.694	WT901BLE68(F3:F0:16:BF:DC:AE)	0.897	-0.041	0.545	-21.912	-26.245	1.587	-48.60	-57.87	107.14	22.893	-10.853	-0.513	0.64020	0.13171	-0.55176	0.51791	26.0	null	null	13113	60
2026-05-27T16:54:40.813	WT901BLE68(F3:F0:16:BF:DC:AE)	0.691	-0.208	0.430	-76.660	23.438	-15.991	-53.66	-58.84	110.07	22.893	-10.853	-0.513	0.64020	0.13171	-0.55176	0.51791	26.0	null	null	13113	60
2026-05-27T16:54:40.904	WT901BLE68(F3:F0:16:BF:DC:AE)	0.619	-0.188	0.285	-150.818	71.472	-146.545	-50.14	-61.62	96.24	22.893	-10.853	-0.513	0.64020	0.13171	-0.55176	0.51791	26.0	null	null	13113	60
2026-05-27T16:54:41.023	WT901BLE68(F3:F0:16:BF:DC:AE)	0.786	-0.146	0.117	-95.764	182.983	-286.133	-13.43	-59.29	39.72	22.893	-10.853	-0.513	0.64020	0.13171	-0.55176	0.51791	26.0	null	null	13113	60
2026-05-27T16:54:41.081	WT901BLE68(F3:F0:16:BF:DC:AE)	1.334	0.256	0.284	-79.651	-147.461	-199.402	17.33	-57.61	-10.03	22.893	-10.853	-0.513	0.64020	0.13171	-0.55176	0.51791	26.0	null	null	13113	60
2026-05-27T16:54:41.207	WT901BLE68(F3:F0:16:BF:DC:AE)	1.260	0.417	0.406	-2.075	97.473	-126.648	34.19	-49.83	-38.20	22.893	-10.853	-0.513	0.64020	0.13171	-0.55176	0.51791	26.0	null	null	13113	60
2026-05-27T16:54:41.294	WT901BLE68(F3:F0:16:BF:DC:AE)	1.259	0.508	0.427	-25.085	-65.247	20.630	37.61	-47.19	-46.33	22.893	-10.853	-0.513	0.64020	0.13171	-0.55176	0.51791	26.0	null	null	13113	60
2026-05-27T16:54:41.413	WT901BLE68(F3:F0:16:BF:DC:AE)	0.936	0.271	0.338	-33.386	-29.358	77.515	30.68	-53.27	-43.37	-20.340	18.867	16.947	0.64020	0.13171	-0.55176	0.51791	26.0	null	null	13113	60
2026-05-27T16:54:41.504	WT901BLE68(F3:F0:16:BF:DC:AE)	0.931	-0.054	0.132	37.170	-59.082	80.200	22.82	-61.50	-36.68	-20.340	18.867	16.947	0.64020	0.13171	-0.55176	0.51791	26.0	null	null	13113	60
2026-05-27T16:54:41.621	WT901BLE68(F3:F0:16:BF:DC:AE)	1.198	-0.006	-0.089	163.879	-34.973	98.572	18.45	-69.90	-23.02	-20.340	18.867	16.947	0.82336	-0.00201	-0.54892	-0.14377	26.0	null	null	13113	60
2026-05-27T16:54:41.686	WT901BLE68(F3:F0:16:BF:DC:AE)	1.270	0.123	-0.029	250.732	0.427	149.719	2.11	-74.66	15.10	-20.340	18.867	16.947	0.82336	-0.00201	-0.54892	-0.14377	26.0	null	null	13113	60
2026-05-27T16:54:41.803	WT901BLE68(F3:F0:16:BF:DC:AE)	1.094	0.024	0.229	175.598	11.414	168.396	-26.09	-70.59	67.31	-20.340	18.867	16.947	0.82336	-0.00201	-0.54892	-0.14377	26.0	null	null	13113	60
2026-05-27T16:54:41.890	WT901BLE68(F3:F0:16:BF:DC:AE)	0.965	-0.225	0.244	86.060	-16.357	145.325	-44.65	-62.92	101.38	-20.340	18.867	16.947	0.82336	-0.00201	-0.54892	-0.14377	26.0	null	null	13113	60
2026-05-27T16:54:42.015	WT901BLE68(F3:F0:16:BF:DC:AE)	0.818	-0.287	0.193	58.105	-31.372	77.271	-55.52	-57.36	123.13	-20.340	18.867	16.947	0.82336	-0.00201	-0.54892	-0.14377	26.0	null	null	13113	60
2026-05-27T16:54:42.106	WT901BLE68(F3:F0:16:BF:DC:AE)	0.879	-0.188	-0.005	42.480	32.043	-2.075	-51.55	-54.53	125.35	-20.340	18.867	16.947	0.82336	-0.00201	-0.54892	-0.14377	26.0	null	null	13113	60
2026-05-27T16:54:42.225	WT901BLE68(F3:F0:16:BF:DC:AE)	0.773	-0.207	0.282	144.958	-71.899	3.906	-37.85	-54.01	122.59	-20.340	18.867	16.947	0.82336	-0.00201	-0.54892	-0.14377	26.0	null	null	13113	60
2026-05-27T16:54:42.279	WT901BLE68(F3:F0:16:BF:DC:AE)	0.933	-0.466	1.018	3.540	-16.235	24.475	-35.22	-58.12	130.46	28.080	-9.780	-18.507	0.82336	-0.00201	-0.54892	-0.14377	26.0	null	null	13113	60
2026-05-27T16:54:42.434	WT901BLE68(F3:F0:16:BF:DC:AE)	0.958	-0.396	0.538	-88.135	-37.720	42.480	-49.28	-58.13	140.08	28.080	-9.780	-18.507	0.82336	-0.00201	-0.54892	-0.14377	26.0	null	null	13113	60
2026-05-27T16:54:42.490	WT901BLE68(F3:F0:16:BF:DC:AE)	0.704	-0.273	0.073	-13.733	26.611	14.893	-53.72	-54.03	139.69	28.080	-9.780	-18.507	0.46222	0.26025	-0.51517	0.67316	26.0	null	null	13113	60
2026-05-27T16:54:42.611	WT901BLE68(F3:F0:16:BF:DC:AE)	0.469	-0.393	0.157	82.397	26.611	-24.597	-46.15	-53.16	136.31	28.080	-9.780	-18.507	0.46222	0.26025	-0.51517	0.67316	26.0	null	null	13113	60
2026-05-27T16:54:42.706	WT901BLE68(F3:F0:16:BF:DC:AE)	1.071	-0.661	0.812	13.062	-10.193	-2.075	-42.42	-56.66	138.32	28.080	-9.780	-18.507	0.46222	0.26025	-0.51517	0.67316	26.0	null	null	13113	60
2026-05-27T16:54:42.821	WT901BLE68(F3:F0:16:BF:DC:AE)	0.938	-0.541	0.607	-48.584	-13.977	35.583	-48.33	-55.04	141.59	28.080	-9.780	-18.507	0.46222	0.26025	-0.51517	0.67316	26.0	null	null	13113	60
2026-05-27T16:54:42.911	WT901BLE68(F3:F0:16:BF:DC:AE)	0.628	-0.304	0.339	-25.391	45.288	2.563	-50.20	-50.90	139.75	28.080	-9.780	-18.507	0.46222	0.26025	-0.51517	0.67316	26.0	null	null	13113	60
2026-05-27T16:54:43.032	WT901BLE68(F3:F0:16:BF:DC:AE)	0.686	-0.212	0.209	53.162	46.448	-19.897	-43.30	-48.78	133.01	28.080	-9.780	-18.507	0.46222	0.26025	-0.51517	0.67316	26.0	null	null	13113	60
2026-05-27T16:54:43.093	WT901BLE68(F3:F0:16:BF:DC:AE)	0.816	-0.656	0.828	41.748	33.630	1.465	-34.52	-47.61	129.89	28.080	-9.780	-18.507	0.46222	0.26025	-0.51517	0.67316	26.0	null	null	13113	60
2026-05-27T16:54:43.212	WT901BLE68(F3:F0:16:BF:DC:AE)	0.656	-0.629	0.912	-62.683	-45.410	5.127	-36.16	-45.81	129.36	28.027	-15.553	-9.893	0.46222	0.26025	-0.51517	0.67316	26.0	null	null	13113	60
2026-05-27T16:54:43.304	WT901BLE68(F3:F0:16:BF:DC:AE)	0.696	-0.280	0.412	-40.649	12.573	-14.954	-43.29	-47.41	131.86	28.027	-15.553	-9.893	0.46222	0.26025	-0.51517	0.67316	26.0	null	null	13113	60
2026-05-27T16:54:43.422	WT901BLE68(F3:F0:16:BF:DC:AE)	0.770	-0.027	0.226	13.672	4.456	-1.587	-43.58	-48.54	131.50	28.027	-15.553	-9.893	0.48642	0.20047	-0.46283	0.71335	26.0	null	null	13113	60
2026-05-27T16:54:43.512	WT901BLE68(F3:F0:16:BF:DC:AE)	0.602	-0.151	0.445	40.100	25.024	-16.418	-36.23	-47.72	128.91	28.027	-15.553	-9.893	0.48642	0.20047	-0.46283	0.71335	26.0	null	null	13113	60
2026-05-27T16:54:43.636	WT901BLE68(F3:F0:16:BF:DC:AE)	0.656	-0.118	0.538	2.441	-16.785	-38.696	-29.69	-48.40	124.64	28.027	-15.553	-9.893	0.48642	0.20047	-0.46283	0.71335	26.0	null	null	13113	60
2026-05-27T16:54:43.725	WT901BLE68(F3:F0:16:BF:DC:AE)	0.725	0.101	0.388	-95.520	-126.587	-137.817	-27.75	-59.14	117.47	28.027	-15.553	-9.893	0.48642	0.20047	-0.46283	0.71335	26.0	null	null	13113	60
2026-05-27T16:54:43.844	WT901BLE68(F3:F0:16:BF:DC:AE)	1.192	0.164	-0.055	-252.869	-158.875	-211.365	-6.16	-78.72	76.20	28.027	-15.553	-9.893	0.48642	0.20047	-0.46283	0.71335	26.0	null	null	13113	60
2026-05-27T16:54:43.901	WT901BLE68(F3:F0:16:BF:DC:AE)	1.463	0.186	-0.146	-263.000	172.302	-206.726	43.71	-68.49	-2.92	28.027	-15.553	-9.893	0.48642	0.20047	-0.46283	0.71335	26.0	null	null	13113	60
2026-05-27T16:54:44.026	WT901BLE68(F3:F0:16:BF:DC:AE)	1.047	0.344	0.102	-151.184	37.537	-191.956	36.43	-49.54	-19.58	28.027	-15.553	-9.893	0.48642	0.20047	-0.46283	0.71335	26.0	null	null	13113	60
2026-05-27T16:54:44.111	WT901BLE68(F3:F0:16:BF:DC:AE)	1.435	0.585	0.198	-78.308	-87.769	-49.683	37.85	-46.18	-37.01	-16.827	27.053	7.520	0.48642	0.20047	-0.46283	0.71335	26.0	null	null	13113	60
2026-05-27T16:54:44.233	WT901BLE68(F3:F0:16:BF:DC:AE)	1.080	0.165	0.202	-6.592	-67.139	94.360	34.65	-57.82	-40.17	-16.827	27.053	7.520	0.48642	0.20047	-0.46283	0.71335	26.0	null	null	13113	60
2026-05-27T16:54:44.321	WT901BLE68(F3:F0:16:BF:DC:AE)	1.029	-0.096	0.127	55.115	-75.134	101.929	28.39	-70.88	-31.92	-16.827	27.053	7.520	0.81873	0.05923	-0.55753	-0.12354	26.0	null	null	13113	60
2026-05-27T16:54:44.443	WT901BLE68(F3:F0:16:BF:DC:AE)	1.268	0.001	0.045	137.329	-16.541	122.253	0.58	-79.57	5.99	-16.827	27.053	7.520	0.81873	0.05923	-0.55753	-0.12354	26.0	null	null	13113	60
2026-05-27T16:54:44.503	WT901BLE68(F3:F0:16:BF:DC:AE)	1.201	-0.065	-0.161	217.773	5.981	145.630	-42.80	-75.48	68.14	-16.827	27.053	7.520	0.81873	0.05923	-0.55753	-0.12354	26.0	null	null	13113	60
2026-05-27T16:54:44.624	WT901BLE68(F3:F0:16:BF:DC:AE)	1.021	-0.106	0.103	200.623	-4.211	158.447	-51.81	-64.85	100.66	-16.827	27.053	7.520	0.81873	0.05923	-0.55753	-0.12354	26.0	null	null	13113	60
2026-05-27T16:54:44.714	WT901BLE68(F3:F0:16:BF:DC:AE)	0.708	-0.342	0.047	158.752	-69.153	100.769	-56.80	-58.64	126.03	-16.827	27.053	7.520	0.81873	0.05923	-0.55753	-0.12354	26.0	null	null	13113	60
2026-05-27T16:54:44.833	WT901BLE68(F3:F0:16:BF:DC:AE)	1.060	-0.561	0.252	116.211	-65.002	85.144	-59.75	-56.37	146.24	-16.827	27.053	7.520	0.81873	0.05923	-0.55753	-0.12354	26.0	null	null	13113	60
2026-05-27T16:54:44.923	WT901BLE68(F3:F0:16:BF:DC:AE)	0.791	-0.293	0.393	55.847	28.320	88.257	-58.32	-49.39	155.17	-16.827	27.053	7.520	0.81873	0.05923	-0.55753	-0.12354	26.0	null	null	13113	60
2026-05-27T16:54:45.043	WT901BLE68(F3:F0:16:BF:DC:AE)	0.522	-0.276	0.292	12.817	5.859	6.592	-56.04	-45.46	156.28	26.827	-22.980	-26.433	0.81873	0.05923	-0.55753	-0.12354	26.0	null	null	13113	60
2026-05-27T16:54:45.165	WT901BLE68(F3:F0:16:BF:DC:AE)	0.664	-0.205	0.030	115.967	32.104	-23.804	-47.16	-47.26	153.64	26.827	-22.980	-26.433	0.81873	0.05923	-0.55753	-0.12354	26.0	null	null	13113	60
2026-05-27T16:54:45.251	WT901BLE68(F3:F0:16:BF:DC:AE)	1.001	-0.685	1.027	52.673	-43.884	6.287	-41.80	-52.88	158.96	26.827	-22.980	-26.433	0.33371	0.30704	-0.41000	0.79129	26.0	null	null	13113	60
2026-05-27T16:54:45.311	WT901BLE68(F3:F0:16:BF:DC:AE)	0.812	-0.500	0.875	-83.069	-43.335	57.373	-47.71	-49.43	162.08	26.827	-22.980	-26.433	0.33371	0.30704	-0.41000	0.79129	26.0	null	null	13113	60
2026-05-27T16:54:45.434	WT901BLE68(F3:F0:16:BF:DC:AE)	0.500	-0.407	0.321	-56.274	73.914	12.451	-55.12	-43.78	161.67	26.827	-22.980	-26.433	0.33371	0.30704	-0.41000	0.79129	26.0	null	null	13113	60
2026-05-27T16:54:45.523	WT901BLE68(F3:F0:16:BF:DC:AE)	0.599	-0.204	-0.146	28.992	-38.513	-42.908	-53.41	-43.24	156.45	26.827	-22.980	-26.433	0.33371	0.30704	-0.41000	0.79129	26.0	null	null	13113	60
2026-05-27T16:54:45.641	WT901BLE68(F3:F0:16:BF:DC:AE)	0.788	-0.602	0.549	100.769	-85.999	-24.292	-46.55	-49.63	158.54	26.827	-22.980	-26.433	0.33371	0.30704	-0.41000	0.79129	26.0	null	null	13113	60
2026-05-27T16:54:45.733	WT901BLE68(F3:F0:16:BF:DC:AE)	0.991	-0.759	1.087	-21.973	37.598	39.368	-46.06	-51.99	163.31	26.827	-22.980	-26.433	0.33371	0.30704	-0.41000	0.79129	26.0	null	null	13113	60
2026-05-27T16:54:45.855	WT901BLE68(F3:F0:16:BF:DC:AE)	0.635	-0.383	0.498	-69.763	102.844	25.024	-50.31	-45.40	161.47	26.827	-22.980	-26.433	0.33371	0.30704	-0.41000	0.79129	26.0	null	null	13113	60
2026-05-27T16:54:45.913	WT901BLE68(F3:F0:16:BF:DC:AE)	0.507	-0.157	-0.038	6.226	5.859	-40.588	-47.41	-40.52	151.45	27.240	-31.100	-18.307	0.33371	0.30704	-0.41000	0.79129	26.0	null	null	13113	60
2026-05-27T16:54:46.034	WT901BLE68(F3:F0:16:BF:DC:AE)	0.612	-0.626	0.653	69.336	-51.636	-31.677	-40.51	-44.91	149.52	27.240	-31.100	-18.307	0.33371	0.30704	-0.41000	0.79129	26.0	null	null	13113	60
2026-05-27T16:54:46.119	WT901BLE68(F3:F0:16:BF:DC:AE)	0.838	-0.771	1.032	-39.551	-5.554	11.169	-39.52	-48.52	151.02	27.240	-31.100	-18.307	0.35059	0.28345	-0.39404	0.80084	26.0	null	null	13113	60
2026-05-27T16:54:46.246	WT901BLE68(F3:F0:16:BF:DC:AE)	0.836	-0.464	0.507	-66.101	17.578	22.522	-49.19	-47.98	155.34	27.240	-31.100	-18.307	0.35059	0.28345	-0.39404	0.80084	26.0	null	null	13113	60
2026-05-27T16:54:46.331	WT901BLE68(F3:F0:16:BF:DC:AE)	0.462	-0.253	0.232	-23.499	78.064	-26.855	-47.43	-42.59	146.78	27.240	-31.100	-18.307	0.35059	0.28345	-0.39404	0.80084	26.0	null	null	13113	60
2026-05-27T16:54:46.452	WT901BLE68(F3:F0:16:BF:DC:AE)	0.613	-0.109	0.346	42.297	-6.775	-30.945	-41.19	-42.67	140.27	27.240	-31.100	-18.307	0.35059	0.28345	-0.39404	0.80084	26.0	null	null	13113	60
2026-05-27T16:54:46.546	WT901BLE68(F3:F0:16:BF:DC:AE)	0.809	0.039	0.600	-0.854	7.080	-36.316	-35.44	-46.30	138.31	27.240	-31.100	-18.307	0.35059	0.28345	-0.39404	0.80084	26.0	null	null	13113	60
2026-05-27T16:54:46.663	WT901BLE68(F3:F0:16:BF:DC:AE)	0.662	-0.100	0.447	-109.558	31.738	-112.366	-32.55	-48.52	129.45	27.240	-31.100	-18.307	0.35059	0.28345	-0.39404	0.80084	26.0	null	null	13113	60
2026-05-27T16:54:46.723	WT901BLE68(F3:F0:16:BF:DC:AE)	1.067	-0.173	0.247	-171.814	-2.991	-272.278	-22.16	-56.97	100.50	25.513	-4.920	-11.220	0.35059	0.28345	-0.39404	0.80084	26.0	null	null	13113	60
2026-05-27T16:54:46.845	WT901BLE68(F3:F0:16:BF:DC:AE)	1.340	-0.154	0.263	-185.547	81.787	-275.085	6.11	-58.51	45.23	25.513	-4.920	-11.220	0.35059	0.28345	-0.39404	0.80084	26.0	null	null	13113	60
2026-05-27T16:54:46.932	WT901BLE68(F3:F0:16:BF:DC:AE)	1.140	-0.022	0.370	-109.192	73.181	-202.759	18.21	-45.74	8.86	25.513	-4.920	-11.220	0.35059	0.28345	-0.39404	0.80084	26.0	null	null	13113	60
2026-05-27T16:54:47.049	WT901BLE68(F3:F0:16:BF:DC:AE)	1.280	0.223	0.664	4.456	-34.729	-135.010	24.94	-39.99	-13.21	25.513	-4.920	-11.220	0.91498	0.16531	-0.35806	0.08472	26.0	null	null	13113	60
2026-05-27T16:54:47.144	WT901BLE68(F3:F0:16:BF:DC:AE)	0.665	0.534	1.020	16.968	60.791	35.339	28.83	-30.62	-16.45	25.513	-4.920	-11.220	0.91498	0.16531	-0.35806	0.08472	26.0	null	null	13113	60
2026-05-27T16:54:47.265	WT901BLE68(F3:F0:16:BF:DC:AE)	0.933	0.199	0.913	-53.223	-86.975	134.888	20.73	-40.67	-11.45	25.513	-4.920	-11.220	0.91498	0.16531	-0.35806	0.08472	26.0	null	null	13113	60
2026-05-27T16:54:47.322	WT901BLE68(F3:F0:16:BF:DC:AE)	1.127	-0.012	0.745	-40.771	-12.878	216.797	-0.23	-47.94	8.49	25.513	-4.920	-11.220	0.91498	0.16531	-0.35806	0.08472	26.0	null	null	13113	60
2026-05-27T16:54:47.442	WT901BLE68(F3:F0:16:BF:DC:AE)	0.876	-0.316	0.657	-53.467	57.129	254.639	-28.48	-42.34	37.75	25.513	-4.920	-11.220	0.91498	0.16531	-0.35806	0.08472	26.0	null	null	13113	60
2026-05-27T16:54:47.532	WT901BLE68(F3:F0:16:BF:DC:AE)	0.268	-0.469	0.458	-52.551	17.700	183.533	-45.05	-26.20	51.41	25.513	-4.920	-11.220	0.91498	0.16531	-0.35806	0.08472	26.0	null	null	13113	60
2026-05-27T16:54:47.654	WT901BLE68(F3:F0:16:BF:DC:AE)	0.172	-0.226	0.049	-20.996	-141.846	45.654	-56.22	-23.23	59.94	25.513	-4.920	-11.220	0.91498	0.16531	-0.35806	0.08472	26.0	null	null	13113	60
2026-05-27T16:54:47.741	WT901BLE68(F3:F0:16:BF:DC:AE)	0.507	-0.266	0.303	130.432	71.045	-29.846	-57.56	-28.36	61.80	6.833	-26.140	12.767	0.91498	0.16531	-0.35806	0.08472	26.0	null	null	13113	60
2026-05-27T16:54:47.898	WT901BLE68(F3:F0:16:BF:DC:AE)	0.637	-0.609	1.403	81.665	48.279	18.555	-43.20	-25.87	52.19	6.833	-26.140	12.767	0.91498	0.16531	-0.35806	0.08472	26.0	null	null	13113	60
2026-05-27T16:54:47.919	WT901BLE68(F3:F0:16:BF:DC:AE)	0.273	-0.583	0.805	-86.182	17.944	1.953	-44.80	-22.02	43.58	6.833	-26.140	12.767	0.86948	-0.26517	-0.30438	0.28448	26.0	null	null	13113	60
2026-05-27T16:54:48.074	WT901BLE68(F3:F0:16:BF:DC:AE)	0.406	-0.374	0.220	-10.925	-34.485	-33.325	-50.36	-24.08	34.78	6.833	-26.140	12.767	0.86948	-0.26517	-0.30438	0.28448	26.0	null	null	13113	60
2026-05-27T16:54:48.131	WT901BLE68(F3:F0:16:BF:DC:AE)	0.486	-0.489	0.613	73.059	-53.162	18.372	-47.00	-28.33	31.52	6.833	-26.140	12.767	0.86948	-0.26517	-0.30438	0.28448	26.0	null	null	13113	60
2026-05-27T16:54:48.254	WT901BLE68(F3:F0:16:BF:DC:AE)	0.369	-0.810	1.094	-25.635	76.416	27.527	-45.36	-25.41	26.03	6.833	-26.140	12.767	0.86948	-0.26517	-0.30438	0.28448	26.0	null	null	13113	60
2026-05-27T16:54:48.344	WT901BLE68(F3:F0:16:BF:DC:AE)	0.212	-0.555	0.577	-62.134	24.841	-13.550	-49.55	-22.85	16.86	6.833	-26.140	12.767	0.86948	-0.26517	-0.30438	0.28448	26.0	null	null	13113	60
2026-05-27T16:54:48.461	WT901BLE68(F3:F0:16:BF:DC:AE)	0.396	-0.268	0.372	41.382	-6.042	-10.681	-49.94	-24.19	8.42	6.833	-26.140	12.767	0.86948	-0.26517	-0.30438	0.28448	26.0	null	null	13113	60
2026-05-27T16:54:48.552	WT901BLE68(F3:F0:16:BF:DC:AE)	0.581	-0.289	0.759	41.199	-47.974	5.859	-46.97	-29.08	8.31	6.833	-26.140	12.767	0.86948	-0.26517	-0.30438	0.28448	26.0	null	null	13113	60
2026-05-27T16:54:48.673	WT901BLE68(F3:F0:16:BF:DC:AE)	0.453	-0.325	0.670	-7.141	5.127	4.150	-46.55	-30.60	3.68	7.607	-18.247	15.300	0.86948	-0.26517	-0.30438	0.28448	26.0	null	null	13113	60
2026-05-27T16:54:48.734	WT901BLE68(F3:F0:16:BF:DC:AE)	0.402	-0.413	0.667	-49.988	17.212	-70.251	-46.94	-32.49	-6.72	7.607	-18.247	15.300	0.87747	-0.39209	-0.23520	-0.14453	26.0	null	null	13113	60
2026-05-27T16:54:48.851	WT901BLE68(F3:F0:16:BF:DC:AE)	0.755	-0.657	0.395	-123.230	35.461	-210.266	-48.60	-44.13	-25.35	7.607	-18.247	15.300	0.87747	-0.39209	-0.23520	-0.14453	26.0	null	null	13113	60
2026-05-27T16:54:48.944	WT901BLE68(F3:F0:16:BF:DC:AE)	0.575	-0.536	0.653	-28.198	139.404	-270.386	-25.31	-46.82	-69.93	7.607	-18.247	15.300	0.87747	-0.39209	-0.23520	-0.14453	26.0	null	null	13113	60
2026-05-27T16:54:49.064	WT901BLE68(F3:F0:16:BF:DC:AE)	1.066	-0.306	0.781	34.668	-1.770	-199.707	0.27	-51.92	-102.99	7.607	-18.247	15.300	0.87747	-0.39209	-0.23520	-0.14453	26.0	null	null	13113	60
2026-05-27T16:54:49.153	WT901BLE68(F3:F0:16:BF:DC:AE)	0.950	0.282	0.814	24.475	-19.653	-119.324	20.04	-46.66	-122.07	7.607	-18.247	15.300	0.87747	-0.39209	-0.23520	-0.14453	26.0	null	null	13113	60
2026-05-27T16:54:49.270	WT901BLE68(F3:F0:16:BF:DC:AE)	0.987	0.120	0.676	-13.489	24.536	-7.996	24.09	-46.02	-126.54	7.607	-18.247	15.300	0.87747	-0.39209	-0.23520	-0.14453	26.0	null	null	13113	60
2026-05-27T16:54:49.364	WT901BLE68(F3:F0:16:BF:DC:AE)	0.884	0.022	0.653	-1.770	-3.174	45.166	20.04	-46.48	-120.13	7.607	-18.247	15.300	0.87747	-0.39209	-0.23520	-0.14453	26.0	null	null	13113	60
2026-05-27T16:54:49.484	WT901BLE68(F3:F0:16:BF:DC:AE)	0.969	0.006	0.588	36.133	-4.456	111.633	12.69	-50.11	-106.19	7.607	-18.247	15.300	0.87747	-0.39209	-0.23520	-0.14453	26.0	null	null	13113	60
2026-05-27T16:54:49.538	WT901BLE68(F3:F0:16:BF:DC:AE)	0.804	-0.012	0.539	71.106	-32.654	141.663	1.82	-52.81	-83.57	-17.553	14.100	20.753	0.87747	-0.39209	-0.23520	-0.14453	26.0	null	null	13113	60
2026-05-27T16:54:49.665	WT901BLE68(F3:F0:16:BF:DC:AE)	0.923	0.054	0.591	74.829	59.082	139.893	-9.37	-52.79	-59.00	-17.553	14.100	20.753	0.87747	-0.39209	-0.23520	-0.14453	26.0	null	null	13113	60
2026-05-27T16:54:49.749	WT901BLE68(F3:F0:16:BF:DC:AE)	0.831	-0.090	0.695	49.927	-55.054	147.766	-19.71	-48.89	-36.80	-17.553	14.100	20.753	0.79123	-0.27194	-0.33517	-0.43307	26.0	null	null	13113	60
2026-05-27T16:54:49.877	WT901BLE68(F3:F0:16:BF:DC:AE)	0.816	-0.233	0.588	60.242	-34.180	137.390	-32.01	-48.71	-12.24	-17.553	14.100	20.753	0.79123	-0.27194	-0.33517	-0.43307	26.0	null	null	13113	60
2026-05-27T16:54:49.961	WT901BLE68(F3:F0:16:BF:DC:AE)	0.529	-0.063	0.530	53.894	1.892	77.209	-33.84	-42.97	0.53	-17.553	14.100	20.753	0.79123	-0.27194	-0.33517	-0.43307	26.0	null	null	13113	60
2026-05-27T16:54:50.085	WT901BLE68(F3:F0:16:BF:DC:AE)	0.628	0.013	0.477	47.729	-52.063	25.330	-32.33	-43.14	11.12	-17.553	14.100	20.753	0.79123	-0.27194	-0.33517	-0.43307	26.0	null	null	13113	60
2026-05-27T16:54:50.143	WT901BLE68(F3:F0:16:BF:DC:AE)	0.663	-0.275	0.795	57.495	-68.848	-7.568	-29.99	-49.00	21.41	-17.553	14.100	20.753	0.79123	-0.27194	-0.33517	-0.43307	26.0	null	null	13113	60
2026-05-27T16:54:50.261	WT901BLE68(F3:F0:16:BF:DC:AE)	0.937	-0.383	1.019	-39.368	-48.645	-3.967	-31.69	-53.50	28.12	-17.553	14.100	20.753	0.79123	-0.27194	-0.33517	-0.43307	26.0	null	null	13113	60
2026-05-27T16:54:50.354	WT901BLE68(F3:F0:16:BF:DC:AE)	0.814	-0.236	0.544	-54.749	25.757	7.080	-39.07	-53.39	33.98	-17.553	14.100	20.753	0.79123	-0.27194	-0.33517	-0.43307	26.0	null	null	13113	60
2026-05-27T16:54:50.471	WT901BLE68(F3:F0:16:BF:DC:AE)	0.595	-0.156	0.339	-19.348	47.852	-17.334	-37.23	-49.27	31.68	23.207	1.720	-5.767	0.79123	-0.27194	-0.33517	-0.43307	26.0	null	null	13113	60
2026-05-27T16:54:50.567	WT901BLE68(F3:F0:16:BF:DC:AE)	0.784	-0.210	0.423	13.916	-41.260	-52.856	-34.11	-53.45	31.66	23.207	1.720	-5.767	0.79123	-0.27194	-0.33517	-0.43307	26.0	null	null	13113	60
2026-05-27T16:54:50.686	WT901BLE68(F3:F0:16:BF:DC:AE)	0.957	-0.236	0.549	26.611	-19.897	-31.250	-26.74	-57.77	28.99	23.207	1.720	-5.767	0.85510	-0.11691	-0.49417	0.10397	26.0	null	null	13113	60
2026-05-27T16:54:50.772	WT901BLE68(F3:F0:16:BF:DC:AE)	1.072	-0.384	0.804	-46.021	-19.714	-3.296	-25.54	-59.87	28.73	23.207	1.720	-5.767	0.85510	-0.11691	-0.49417	0.10397	26.0	null	null	13113	60
2026-05-27T16:54:50.889	WT901BLE68(F3:F0:16:BF:DC:AE)	0.988	-0.233	0.475	-66.589	15.808	36.316	-34.84	-58.00	33.92	23.207	1.720	-5.767	0.85510	-0.11691	-0.49417	0.10397	26.0	null	null	13113	60
2026-05-27T16:54:50.950	WT901BLE68(F3:F0:16:BF:DC:AE)	0.673	-0.205	0.195	13.367	25.208	10.010	-37.78	-53.62	36.91	23.207	1.720	-5.767	0.85510	-0.11691	-0.49417	0.10397	26.0	null	null	13113	60
2026-05-27T16:54:51.071	WT901BLE68(F3:F0:16:BF:DC:AE)	0.722	-0.082	0.349	64.941	-8.850	-10.681	-32.38	-53.89	37.33	23.207	1.720	-5.767	0.85510	-0.11691	-0.49417	0.10397	26.0	null	null	13113	60
2026-05-27T16:54:51.161	WT901BLE68(F3:F0:16:BF:DC:AE)	0.734	0.023	0.802	14.404	-33.447	-46.387	-24.31	-56.54	35.80	23.207	1.720	-5.767	0.85510	-0.11691	-0.49417	0.10397	26.0	null	null	13113	60
2026-05-27T16:54:51.281	WT901BLE68(F3:F0:16:BF:DC:AE)	0.983	0.023	0.759	-64.209	-32.104	-67.566	-19.17	-61.86	29.04	23.207	1.720	-5.767	0.85510	-0.11691	-0.49417	0.10397	26.0	null	null	13113	60
2026-05-27T16:54:51.376	WT901BLE68(F3:F0:16:BF:DC:AE)	1.062	0.000	0.545	-92.834	32.349	-54.688	-14.38	-63.28	17.08	17.027	16.013	-4.767	0.85510	-0.11691	-0.49417	0.10397	26.0	null	null	13113	60
2026-05-27T16:54:51.488	WT901BLE68(F3:F0:16:BF:DC:AE)	0.980	-0.000	0.457	-112.183	74.402	-56.702	-12.26	-59.23	4.46	17.027	16.013	-4.767	0.85510	-0.11691	-0.49417	0.10397	26.0	null	null	13113	60
2026-05-27T16:54:51.549	WT901BLE68(F3:F0:16:BF:DC:AE)	0.716	-0.006	0.416	-114.075	97.473	-100.525	-10.24	-52.51	-11.90	17.027	16.013	-4.767	0.87808	-0.10309	-0.46115	-0.07465	26.0	null	null	13113	60
2026-05-27T16:54:51.674	WT901BLE68(F3:F0:16:BF:DC:AE)	0.765	0.028	0.484	-66.284	33.081	-149.963	-4.39	-48.54	-33.46	17.027	16.013	-4.767	0.87808	-0.10309	-0.46115	-0.07465	26.0	null	null	13113	60
2026-05-27T16:54:51.761	WT901BLE68(F3:F0:16:BF:DC:AE)	0.793	0.049	0.400	-12.878	30.396	-164.246	7.73	-45.57	-56.98	17.027	16.013	-4.767	0.87808	-0.10309	-0.46115	-0.07465	26.0	null	null	13113	60
2026-05-27T16:54:51.880	WT901BLE68(F3:F0:16:BF:DC:AE)	1.039	0.295	0.734	-13.184	-24.231	-62.805	17.92	-42.10	-73.98	17.027	16.013	-4.767	0.87808	-0.10309	-0.46115	-0.07465	26.0	null	null	13113	60
2026-05-27T16:54:51.969	WT901BLE68(F3:F0:16:BF:DC:AE)	0.962	-0.036	0.515	19.897	-35.950	21.118	20.13	-48.03	-79.11	17.027	16.013	-4.767	0.87808	-0.10309	-0.46115	-0.07465	26.0	null	null	13113	60
2026-05-27T16:54:52.092	WT901BLE68(F3:F0:16:BF:DC:AE)	0.987	0.134	0.586	65.186	34.729	66.345	19.39	-49.90	-72.88	17.027	16.013	-4.767	0.87808	-0.10309	-0.46115	-0.07465	26.0	null	null	13113	60
2026-05-27T16:54:52.181	WT901BLE68(F3:F0:16:BF:DC:AE)	0.920	0.191	0.569	76.843	30.640	104.492	15.24	-49.82	-58.83	-19.500	18.020	19.893	0.87808	-0.10309	-0.46115	-0.07465	26.0	null	null	13113	60
2026-05-27T16:54:52.300	WT901BLE68(F3:F0:16:BF:DC:AE)	0.797	0.219	0.578	85.205	53.833	124.084	9.51	-48.19	-40.70	-19.500	18.020	19.893	0.87808	-0.10309	-0.46115	-0.07465	26.0	null	null	13113	60
2026-05-27T16:54:52.358	WT901BLE68(F3:F0:16:BF:DC:AE)	0.707	0.124	0.532	80.750	-19.836	124.023	4.80	-47.07	-23.26	-19.500	18.020	19.893	0.89935	-0.04453	-0.39578	-0.18018	26.0	null	null	13113	60
2026-05-27T16:54:52.481	WT901BLE68(F3:F0:16:BF:DC:AE)	0.985	-0.065	0.525	83.496	-93.079	131.775	-1.00	-52.93	-5.13	-19.500	18.020	19.893	0.89935	-0.04453	-0.39578	-0.18018	26.0	null	null	13113	60
2026-05-27T16:54:52.573	WT901BLE68(F3:F0:16:BF:DC:AE)	1.224	-0.039	0.476	77.393	-8.484	158.936	-14.77	-58.08	21.68	-19.500	18.020	19.893	0.89935	-0.04453	-0.39578	-0.18018	26.0	null	null	13113	60
2026-05-27T16:54:52.692	WT901BLE68(F3:F0:16:BF:DC:AE)	0.880	0.018	0.534	55.420	-7.263	170.044	-31.53	-53.68	51.53	-19.500	18.020	19.893	0.89935	-0.04453	-0.39578	-0.18018	26.0	null	null	13113	60
2026-05-27T16:54:52.780	WT901BLE68(F3:F0:16:BF:DC:AE)	0.638	-0.276	0.533	16.113	-32.654	113.831	-40.19	-46.22	71.61	-19.500	18.020	19.893	0.89935	-0.04453	-0.39578	-0.18018	26.0	null	null	13113	60
2026-05-27T16:54:52.902	WT901BLE68(F3:F0:16:BF:DC:AE)	0.677	-0.534	0.437	3.662	-75.378	88.928	-49.78	-43.95	90.45	-19.500	18.020	19.893	0.89935	-0.04453	-0.39578	-0.18018	26.0	null	null	13113	60
2026-05-27T16:54:52.961	WT901BLE68(F3:F0:16:BF:DC:AE)	0.577	-0.412	0.314	8.240	-59.631	61.523	-56.84	-41.37	105.77	-19.500	18.020	19.893	0.89935	-0.04453	-0.39578	-0.18018	26.0	null	null	13113	60
2026-05-27T16:54:53.083	WT901BLE68(F3:F0:16:BF:DC:AE)	0.420	-0.266	-0.095	76.660	17.517	-2.014	-55.50	-40.13	112.76	-19.500	18.020	19.893	0.89935	-0.04453	-0.39578	-0.18018	26.0	null	null	13113	60
2026-05-27T16:54:53.174	WT901BLE68(F3:F0:16:BF:DC:AE)	0.973	-0.676	0.670	135.803	-82.275	-34.241	-45.50	-47.29	118.52	27.807	-27.760	-18.680	0.89935	-0.04453	-0.39578	-0.18018	26.0	null	null	13113	60
2026-05-27T16:54:53.293	WT901BLE68(F3:F0:16:BF:DC:AE)	0.782	-0.554	0.895	-34.424	-13.306	43.152	-41.48	-46.66	121.44	27.807	-27.760	-18.680	0.89935	-0.04453	-0.39578	-0.18018	26.0	null	null	13113	60
2026-05-27T16:54:53.379	WT901BLE68(F3:F0:16:BF:DC:AE)	0.574	-0.359	0.241	-13.245	72.205	13.000	-47.75	-43.56	126.37	27.807	-27.760	-18.680	0.52625	0.15546	-0.48108	0.68362	26.0	null	null	13113	60
2026-05-27T16:54:53.499	WT901BLE68(F3:F0:16:BF:DC:AE)	0.486	-0.177	0.576	86.853	6.104	-33.386	-37.02	-40.22	119.56	27.807	-27.760	-18.680	0.52625	0.15546	-0.48108	0.68362	26.0	null	null	13113	60
2026-05-27T16:54:53.592	WT901BLE68(F3:F0:16:BF:DC:AE)	0.815	-0.567	1.030	-4.150	-22.766	-26.001	-29.60	-42.86	117.45	27.807	-27.760	-18.680	0.52625	0.15546	-0.48108	0.68362	26.0	null	null	13113	60
2026-05-27T16:54:53.712	WT901BLE68(F3:F0:16:BF:DC:AE)	0.813	-0.349	0.663	-70.618	-7.568	22.766	-36.01	-44.24	120.48	27.807	-27.760	-18.680	0.52625	0.15546	-0.48108	0.68362	26.0	null	null	13113	60
2026-05-27T16:54:53.776	WT901BLE68(F3:F0:16:BF:DC:AE)	0.513	-0.125	0.233	0.671	4.395	-10.254	-41.00	-44.29	123.41	27.807	-27.760	-18.680	0.52625	0.15546	-0.48108	0.68362	26.0	null	null	13113	60
2026-05-27T16:54:53.891	WT901BLE68(F3:F0:16:BF:DC:AE)	0.648	-0.196	0.407	12.268	-61.340	-58.350	-37.18	-49.66	123.26	27.807	-27.760	-18.680	0.52625	0.15546	-0.48108	0.68362	26.0	null	null	13113	60
2026-05-27T16:54:53.981	WT901BLE68(F3:F0:16:BF:DC:AE)	0.906	-0.083	0.567	-70.557	-71.228	-64.880	-38.21	-58.86	122.07	27.807	-27.760	-18.680	0.52625	0.15546	-0.48108	0.68362	26.0	null	null	13113	60
2026-05-27T16:54:54.101	WT901BLE68(F3:F0:16:BF:DC:AE)	1.188	0.045	0.234	-167.847	-44.067	-82.214	-47.96	-68.99	119.95	31.027	-11.427	-27.587	0.52625	0.15546	-0.48108	0.68362	26.0	null	null	13113	60
2026-05-27T16:54:54.190	WT901BLE68(F3:F0:16:BF:DC:AE)	1.064	0.042	0.071	-168.701	125.244	-143.494	-25.89	-70.73	79.89	31.027	-11.427	-27.587	0.65723	0.23938	-0.55951	0.44449	26.0	null	null	13113	60
2026-05-27T16:54:54.312	WT901BLE68(F3:F0:16:BF:DC:AE)	0.982	0.159	0.187	-121.582	127.014	-197.388	5.34	-61.04	31.02	31.027	-11.427	-27.587	0.65723	0.23938	-0.55951	0.44449	26.0	null	null	13113	60
2026-05-27T16:54:54.368	WT901BLE68(F3:F0:16:BF:DC:AE)	0.972	0.321	0.360	-104.675	42.114	-230.164	22.73	-48.93	-4.12	31.027	-11.427	-27.587	0.65723	0.23938	-0.55951	0.44449	26.0	null	null	13113	60
2026-05-27T16:54:54.495	WT901BLE68(F3:F0:16:BF:DC:AE)	0.953	0.421	0.444	-92.957	-68.542	-186.462	32.33	-41.69	-33.23	31.027	-11.427	-27.587	0.65723	0.23938	-0.55951	0.44449	26.0	null	null	13113	60
2026-05-27T16:54:54.580	WT901BLE68(F3:F0:16:BF:DC:AE)	1.077	0.361	0.575	-18.982	57.617	-105.286	39.24	-38.98	-53.62	31.027	-11.427	-27.587	0.65723	0.23938	-0.55951	0.44449	26.0	null	null	13113	60
2026-05-27T16:54:54.703	WT901BLE68(F3:F0:16:BF:DC:AE)	0.750	0.649	0.665	23.193	-2.747	-33.325	41.92	-29.94	-56.08	31.027	-11.427	-27.587	0.65723	0.23938	-0.55951	0.44449	26.0	null	null	13113	60
2026-05-27T16:54:54.791	WT901BLE68(F3:F0:16:BF:DC:AE)	0.640	0.481	0.551	-6.104	-18.921	39.429	41.99	-33.47	-57.21	31.027	-11.427	-27.587	0.65723	0.23938	-0.55951	0.44449	26.0	null	null	13113	60
2026-05-27T16:54:54.913	WT901BLE68(F3:F0:16:BF:DC:AE)	0.676	0.472	0.591	25.024	24.536	48.340	40.13	-36.11	-53.39	31.027	-11.427	-27.587	0.65723	0.23938	-0.55951	0.44449	26.0	null	null	13113	60
2026-05-27T16:54:54.969	WT901BLE68(F3:F0:16:BF:DC:AE)	0.810	0.572	0.634	26.123	16.663	92.102	37.94	-39.68	-46.21	31.027	-11.427	-27.587	0.65723	0.23938	-0.55951	0.44449	26.0	null	null	13113	60
2026-05-27T16:54:55.127	WT901BLE68(F3:F0:16:BF:DC:AE)	0.797	0.432	0.538	42.053	4.395	129.272	32.09	-45.36	-33.79	31.027	-11.427	-27.587	0.65723	0.23938	-0.55951	0.44449	26.0	null	null	13113	60
2026-05-27T16:54:55.182	WT901BLE68(F3:F0:16:BF:DC:AE)	0.803	0.364	0.359	98.633	47.729	115.112	26.66	-49.33	-17.39	31.027	-11.427	-27.587	0.65723	0.23938	-0.55951	0.44449	25.9	null	null	13113	60
2026-05-27T16:54:55.300	WT901BLE68(F3:F0:16:BF:DC:AE)	0.834	0.395	0.453	116.821	42.358	104.492	25.09	-49.07	-0.59	31.027	-11.427	-27.587	0.65723	0.23938	-0.55951	0.44449	25.9	null	null	13113	60
2026-05-27T16:54:55.392	WT901BLE68(F3:F0:16:BF:DC:AE)	1.034	0.318	0.549	74.341	-1.160	126.831	21.56	-52.93	15.08	31.027	-11.427	-27.587	0.65723	0.23938	-0.55951	0.44449	25.9	null	null	13113	60
2026-05-27T16:54:55.511	WT901BLE68(F3:F0:16:BF:DC:AE)	1.077	0.269	0.388	57.922	-21.118	151.489	8.57	-58.54	37.84	1.827	32.720	-12.987	0.65723	0.23938	-0.55951	0.44449	25.9	null	null	13113	60
2026-05-27T16:54:55.599	WT901BLE68(F3:F0:16:BF:DC:AE)	0.957	0.167	0.450	40.955	-31.067	146.973	-11.52	-61.33	67.10	1.827	32.720	-12.987	0.75995	0.21149	-0.46320	0.40387	25.9	null	null	13113	60
2026-05-27T16:54:55.725	WT901BLE68(F3:F0:16:BF:DC:AE)	0.760	-0.156	0.579	10.864	-15.381	120.178	-29.62	-58.58	92.19	1.827	32.720	-12.987	0.75995	0.21149	-0.46320	0.40387	25.9	null	null	13113	60
2026-05-27T16:54:55.780	WT901BLE68(F3:F0:16:BF:DC:AE)	0.875	-0.541	0.356	4.333	-54.016	85.388	-44.77	-56.71	112.13	1.827	32.720	-12.987	0.75995	0.21149	-0.46320	0.40387	25.9	null	null	13113	60
2026-05-27T16:54:55.901	WT901BLE68(F3:F0:16:BF:DC:AE)	0.753	-0.306	0.185	17.395	-8.179	64.270	-51.69	-52.47	124.10	1.827	32.720	-12.987	0.75995	0.21149	-0.46320	0.40387	25.9	null	null	13113	60
2026-05-27T16:54:55.991	WT901BLE68(F3:F0:16:BF:DC:AE)	0.680	-0.123	-0.039	46.082	21.484	29.785	-51.27	-49.65	129.36	1.827	32.720	-12.987	0.75995	0.21149	-0.46320	0.40387	25.9	null	null	13113	60
2026-05-27T16:54:56.114	WT901BLE68(F3:F0:16:BF:DC:AE)	0.738	-0.554	0.455	86.060	-52.185	-18.738	-46.67	-53.01	134.99	1.827	32.720	-12.987	0.75995	0.21149	-0.46320	0.40387	25.9	null	null	13113	60
2026-05-27T16:54:56.202	WT901BLE68(F3:F0:16:BF:DC:AE)	1.104	-0.661	0.847	-2.930	3.540	32.288	-45.80	-53.85	139.36	1.827	32.720	-12.987	0.75995	0.21149	-0.46320	0.40387	25.9	null	null	13113	60
2026-05-27T16:54:56.321	WT901BLE68(F3:F0:16:BF:DC:AE)	0.799	-0.443	0.380	-43.884	-4.517	64.331	-55.02	-49.84	147.12	1.827	32.720	-12.987	0.75995	0.21149	-0.46320	0.40387	25.9	null	null	13113	60
2026-05-27T16:54:56.380	WT901BLE68(F3:F0:16:BF:DC:AE)	0.532	-0.332	0.084	-2.441	66.345	15.686	-55.76	-44.80	146.63	27.080	-31.000	-31.000	0.75995	0.21149	-0.46320	0.40387	25.9	null	null	13113	60
2026-05-27T16:54:56.532	WT901BLE68(F3:F0:16:BF:DC:AE)	0.482	-0.453	0.172	20.081	-41.870	-14.099	-53.06	-45.21	146.38	27.080	-31.000	-31.000	0.75995	0.21149	-0.46320	0.40387	25.9	null	null	13113	60
2026-05-27T16:54:56.588	WT901BLE68(F3:F0:16:BF:DC:AE)	0.929	-0.770	0.651	-8.606	-57.739	-9.583	-56.22	-50.03	152.80	27.080	-31.000	-31.000	0.38913	0.24515	-0.49768	0.73532	25.9	null	null	13113	60
2026-05-27T16:54:56.717	WT901BLE68(F3:F0:16:BF:DC:AE)	1.037	-0.720	0.601	-33.325	11.658	36.865	-62.24	-50.64	158.62	27.080	-31.000	-31.000	0.38913	0.24515	-0.49768	0.73532	25.9	null	null	13113	60
2026-05-27T16:54:56.802	WT901BLE68(F3:F0:16:BF:DC:AE)	0.612	-0.472	0.167	-44.922	25.452	40.771	-65.07	-45.35	158.03	27.080	-31.000	-31.000	0.38913	0.24515	-0.49768	0.73532	25.9	null	null	13113	60
2026-05-27T16:54:56.925	WT901BLE68(F3:F0:16:BF:DC:AE)	0.449	-0.323	0.035	-19.775	10.254	-3.662	-66.47	-42.47	156.35	27.080	-31.000	-31.000	0.38913	0.24515	-0.49768	0.73532	25.9	null	null	13113	60
2026-05-27T16:54:57.013	WT901BLE68(F3:F0:16:BF:DC:AE)	0.682	-0.955	0.252	2.136	-88.379	-59.631	-67.98	-45.96	158.94	27.080	-31.000	-31.000	0.38913	0.24515	-0.49768	0.73532	25.9	null	null	13113	60
2026-05-27T16:54:57.134	WT901BLE68(F3:F0:16:BF:DC:AE)	1.086	-0.804	0.484	-12.695	59.753	11.963	-67.30	-49.52	159.21	27.080	-31.000	-31.000	0.38913	0.24515	-0.49768	0.73532	25.9	null	null	13113	60
2026-05-27T16:54:57.191	WT901BLE68(F3:F0:16:BF:DC:AE)	0.664	-0.602	0.021	-25.330	51.941	33.142	-69.01	-45.62	158.21	26.547	-31.960	-36.500	0.38913	0.24515	-0.49768	0.73532	25.9	null	null	13113	60
2026-05-27T16:54:57.313	WT901BLE68(F3:F0:16:BF:DC:AE)	0.445	-0.319	-0.051	21.606	18.616	-7.813	-67.14	-43.13	155.42	26.547	-31.960	-36.500	0.38913	0.24515	-0.49768	0.73532	25.9	null	null	13113	60
2026-05-27T16:54:57.401	WT901BLE68(F3:F0:16:BF:DC:AE)	0.573	-0.416	0.292	40.771	-8.423	-56.580	-62.14	-46.28	154.16	26.547	-31.960	-36.500	0.38913	0.24515	-0.49768	0.73532	25.9	null	null	13113	60
2026-05-27T16:54:57.523	WT901BLE68(F3:F0:16:BF:DC:AE)	1.132	-0.408	0.598	-20.081	6.714	-55.969	-60.18	-52.85	154.51	26.547	-31.960	-36.500	0.37723	0.23587	-0.53055	0.72144	25.9	null	null	13113	60
2026-05-27T16:54:57.610	WT901BLE68(F3:F0:16:BF:DC:AE)	0.875	-0.141	0.325	-92.102	33.936	-77.209	-54.96	-55.61	142.95	26.547	-31.960	-36.500	0.37723	0.23587	-0.53055	0.72144	25.9	null	null	13113	60
2026-05-27T16:54:57.737	WT901BLE68(F3:F0:16:BF:DC:AE)	0.875	-0.012	0.043	-134.521	52.002	-144.470	-50.78	-62.27	126.00	26.547	-31.960	-36.500	0.37723	0.23587	-0.53055	0.72144	25.9	null	null	13113	60
2026-05-27T16:54:57.792	WT901BLE68(F3:F0:16:BF:DC:AE)	1.173	0.118	-0.118	-132.874	128.052	-255.249	-18.76	-67.07	76.86	26.547	-31.960	-36.500	0.37723	0.23587	-0.53055	0.72144	25.9	null	null	13113	60
2026-05-27T16:54:57.944	WT901BLE68(F3:F0:16:BF:DC:AE)	1.273	0.371	0.223	-91.614	88.318	-284.851	21.70	-53.85	17.84	26.547	-31.960	-36.500	0.37723	0.23587	-0.53055	0.72144	25.9	null	null	13113	60
2026-05-27T16:54:58.000	WT901BLE68(F3:F0:16:BF:DC:AE)	1.162	0.407	0.474	-74.829	29.968	-192.322	32.08	-37.75	-9.87	26.547	-31.960	-36.500	0.37723	0.23587	-0.53055	0.72144	25.9	null	null	13113	60
2026-05-27T16:54:58.125	WT901BLE68(F3:F0:16:BF:DC:AE)	1.029	0.263	0.632	-68.970	-42.908	-78.735	32.87	-33.56	-26.37	26.547	-31.960	-36.500	0.37723	0.23587	-0.53055	0.72144	25.9	null	null	13113	60
2026-05-27T16:54:58.209	WT901BLE68(F3:F0:16:BF:DC:AE)	0.884	0.145	0.557	-49.927	-99.182	3.540	30.52	-39.27	-36.74	-32.693	28.900	9.460	0.37723	0.23587	-0.53055	0.72144	25.9	null	null	13113	60
2026-05-27T16:54:58.333	WT901BLE68(F3:F0:16:BF:DC:AE)	0.751	0.321	0.786	38.513	14.832	82.947	27.66	-46.12	-36.00	-32.693	28.900	9.460	0.37723	0.23587	-0.53055	0.72144	25.9	null	null	13113	60
2026-05-27T16:54:58.424	WT901BLE68(F3:F0:16:BF:DC:AE)	0.616	0.309	0.717	69.946	112.854	76.721	22.42	-43.31	-21.94	-32.693	28.900	9.460	0.88928	0.09384	-0.42139	-0.15076	25.9	null	null	13113	60
2026-05-27T16:54:58.542	WT901BLE68(F3:F0:16:BF:DC:AE)	0.601	0.260	0.707	31.982	20.203	61.035	20.03	-38.33	-12.43	-32.693	28.900	9.460	0.88928	0.09384	-0.42139	-0.15076	25.9	null	null	13113	60
2026-05-27T16:54:58.600	WT901BLE68(F3:F0:16:BF:DC:AE)	0.791	0.248	0.647	43.030	16.785	77.393	17.84	-39.48	-5.92	-32.693	28.900	9.460	0.88928	0.09384	-0.42139	-0.15076	25.9	null	null	13113	60
2026-05-27T16:54:58.726	WT901BLE68(F3:F0:16:BF:DC:AE)	0.818	0.266	0.683	74.768	54.443	114.746	15.61	-39.03	4.97	-32.693	28.900	9.460	0.88928	0.09384	-0.42139	-0.15076	25.9	null	null	13113	60
2026-05-27T16:54:58.814	WT901BLE68(F3:F0:16:BF:DC:AE)	0.739	0.183	0.720	71.106	12.085	155.334	11.87	-38.56	21.04	-32.693	28.900	9.460	0.88928	0.09384	-0.42139	-0.15076	25.9	null	null	13113	60
2026-05-27T16:54:58.935	WT901BLE68(F3:F0:16:BF:DC:AE)	0.940	0.024	0.760	62.805	-18.921	173.584	5.34	-41.49	39.86	-32.693	28.900	9.460	0.88928	0.09384	-0.42139	-0.15076	25.9	null	null	13113	60
2026-05-27T16:54:59.022	WT901BLE68(F3:F0:16:BF:DC:AE)	1.030	0.045	0.666	34.302	27.954	189.087	-5.94	-41.52	62.59	11.247	21.673	-5.553	0.88928	0.09384	-0.42139	-0.15076	25.9	null	null	13113	60
2026-05-27T16:54:59.146	WT901BLE68(F3:F0:16:BF:DC:AE)	0.800	-0.014	0.630	15.930	21.057	188.171	-17.44	-35.96	85.25	11.247	21.673	-5.553	0.88928	0.09384	-0.42139	-0.15076	25.9	null	null	13113	60
2026-05-27T16:54:59.201	WT901BLE68(F3:F0:16:BF:DC:AE)	0.578	-0.199	0.731	-22.156	7.019	154.907	-26.32	-29.09	104.66	11.247	21.673	-5.553	0.64200	0.06735	-0.32217	0.69238	25.9	null	null	13113	60
2026-05-27T16:54:59.354	WT901BLE68(F3:F0:16:BF:DC:AE)	0.329	-0.363	0.775	-32.593	-15.930	112.366	-34.18	-23.65	120.27	11.247	21.673	-5.553	0.64200	0.06735	-0.32217	0.69238	25.9	null	null	13113	60
2026-05-27T16:54:59.409	WT901BLE68(F3:F0:16:BF:DC:AE)	0.378	-0.425	0.635	-23.987	-30.701	49.744	-39.28	-21.40	130.67	11.247	21.673	-5.553	0.64200	0.06735	-0.32217	0.69238	25.9	null	null	13113	60
2026-05-27T16:54:59.532	WT901BLE68(F3:F0:16:BF:DC:AE)	0.419	-0.312	0.404	-3.479	52.795	29.297	-39.86	-17.28	133.34	11.247	21.673	-5.553	0.64200	0.06735	-0.32217	0.69238	25.9	null	null	13113	60
2026-05-27T16:54:59.620	WT901BLE68(F3:F0:16:BF:DC:AE)	0.269	-0.522	0.574	58.777	-19.592	16.785	-37.56	-17.89	139.19	11.247	21.673	-5.553	0.64200	0.06735	-0.32217	0.69238	25.9	null	null	13113	60
2026-05-27T16:54:59.744	WT901BLE68(F3:F0:16:BF:DC:AE)	0.220	-0.613	1.058	9.094	-11.719	-5.066	-33.68	-19.21	142.17	11.247	21.673	-5.553	0.64200	0.06735	-0.32217	0.69238	25.9	null	null	13113	60
2026-05-27T16:54:59.834	WT901BLE68(F3:F0:16:BF:DC:AE)	0.316	-0.667	1.063	-35.461	-12.939	-2.075	-35.93	-20.20	143.97	11.247	21.673	-5.553	0.64200	0.06735	-0.32217	0.69238	25.9	null	null	13113	60
2026-05-27T16:54:59.954	WT901BLE68(F3:F0:16:BF:DC:AE)	0.429	-0.674	0.738	-50.903	13.367	17.395	-40.69	-19.67	145.86	11.247	21.673	-5.553	0.64200	0.06735	-0.32217	0.69238	25.9	null	null	13113	60
2026-05-27T16:55:00.009	WT901BLE68(F3:F0:16:BF:DC:AE)	0.190	-0.561	0.448	-20.081	8.118	10.132	-44.14	-16.82	146.94	16.080	-46.900	-4.553	0.64200	0.06735	-0.32217	0.69238	25.9	null	null	13113	60
2026-05-27T16:55:00.138	WT901BLE68(F3:F0:16:BF:DC:AE)	0.366	-0.339	0.315	25.391	-71.228	-14.526	-44.84	-20.59	151.86	16.080	-46.900	-4.553	0.64200	0.06735	-0.32217	0.69238	25.9	null	null	13113	60
2026-05-27T16:55:00.221	WT901BLE68(F3:F0:16:BF:DC:AE)	0.333	-0.595	0.553	52.917	-102.112	-72.083	-41.37	-29.60	154.64	16.080	-46.900	-4.553	0.28250	0.09436	-0.39960	0.86688	25.9	null	null	13113	60
2026-05-27T16:55:00.344	WT901BLE68(F3:F0:16:BF:DC:AE)	1.076	-0.930	1.343	-13.367	-22.522	1.160	-41.11	-38.78	158.26	16.080	-46.900	-4.553	0.28250	0.09436	-0.39960	0.86688	25.9	null	null	13113	60
2026-05-27T16:55:00.431	WT901BLE68(F3:F0:16:BF:DC:AE)	0.614	-0.460	0.600	-67.688	50.964	42.786	-46.71	-34.48	159.38	16.080	-46.900	-4.553	0.28250	0.09436	-0.39960	0.86688	25.9	null	null	13113	60
2026-05-27T16:55:00.554	WT901BLE68(F3:F0:16:BF:DC:AE)	0.383	-0.287	0.123	-40.527	36.316	1.831	-50.59	-29.89	157.42	16.080	-46.900	-4.553	0.28250	0.09436	-0.39960	0.86688	25.9	null	null	13113	60
2026-05-27T16:55:00.613	WT901BLE68(F3:F0:16:BF:DC:AE)	0.326	-0.286	0.271	35.461	-53.589	-88.379	-48.81	-34.59	155.65	16.080	-46.900	-4.553	0.28250	0.09436	-0.39960	0.86688	25.9	null	null	13113	60
2026-05-27T16:55:00.770	WT901BLE68(F3:F0:16:BF:DC:AE)	0.972	-0.096	0.455	-17.395	-139.526	-129.395	-45.43	-49.35	154.72	16.080	-46.900	-4.553	0.28250	0.09436	-0.39960	0.86688	25.9	null	null	13113	60
2026-05-27T16:55:00.823	WT901BLE68(F3:F0:16:BF:DC:AE)	1.252	-0.104	0.347	-118.713	38.940	-162.292	-40.39	-63.25	139.59	29.193	-16.127	-33.767	0.28250	0.09436	-0.39960	0.86688	25.9	null	null	13113	60
2026-05-27T16:55:00.942	WT901BLE68(F3:F0:16:BF:DC:AE)	1.309	-0.030	0.436	-112.183	253.235	-226.379	-7.37	-55.63	88.16	29.193	-16.127	-33.767	0.28250	0.09436	-0.39960	0.86688	25.9	null	null	13113	60
2026-05-27T16:55:01.030	WT901BLE68(F3:F0:16:BF:DC:AE)	1.037	0.080	0.544	-119.751	46.631	-226.563	7.34	-43.42	51.66	29.193	-16.127	-33.767	0.78461	0.22910	-0.31308	0.48349	25.9	null	null	13113	60
2026-05-27T16:55:01.155	WT901BLE68(F3:F0:16:BF:DC:AE)	0.872	0.195	0.560	-133.118	17.578	-212.463	12.50	-39.84	22.16	29.193	-16.127	-33.767	0.78461	0.22910	-0.31308	0.48349	25.9	null	null	13113	60
2026-05-27T16:55:01.242	WT901BLE68(F3:F0:16:BF:DC:AE)	0.252	0.089	0.441	-107.849	22.766	-247.742	14.23	-28.77	-6.12	29.193	-16.127	-33.767	0.78461	0.22910	-0.31308	0.48349	25.9	null	null	13113	60
2026-05-27T16:55:01.363	WT901BLE68(F3:F0:16:BF:DC:AE)	1.005	0.416	0.950	-25.146	38.269	-99.304	16.93	-23.36	-27.95	29.193	-16.127	-33.767	0.78461	0.22910	-0.31308	0.48349	25.9	null	null	13113	60
2026-05-27T16:55:01.422	WT901BLE68(F3:F0:16:BF:DC:AE)	0.621	0.156	0.664	-4.883	-130.066	64.026	14.88	-31.73	-30.16	29.193	-16.127	-33.767	0.78461	0.22910	-0.31308	0.48349	25.9	null	null	13113	60
2026-05-27T16:55:01.541	WT901BLE68(F3:F0:16:BF:DC:AE)	0.835	0.089	0.558	47.729	-67.322	63.904	14.88	-43.14	-27.77	29.193	-16.127	-33.767	0.78461	0.22910	-0.31308	0.48349	25.9	null	null	13113	60
2026-05-27T16:55:01.631	WT901BLE68(F3:F0:16:BF:DC:AE)	1.198	0.033	0.559	93.262	-50.293	112.305	13.89	-52.55	-19.10	29.193	-16.127	-33.767	0.78461	0.22910	-0.31308	0.48349	25.9	null	null	13113	60
2026-05-27T16:55:01.757	WT901BLE68(F3:F0:16:BF:DC:AE)	0.970	-0.184	1.056	104.797	47.485	201.416	2.00	-53.01	7.12	29.193	-16.127	-33.767	0.78461	0.22910	-0.31308	0.48349	25.9	null	null	13113	60
2026-05-27T16:55:01.844	WT901BLE68(F3:F0:16:BF:DC:AE)	1.242	0.028	0.849	31.433	110.779	208.679	-13.79	-41.76	35.60	-2.853	23.960	6.567	0.78461	0.22910	-0.31308	0.48349	25.9	null	null	13113	60
2026-05-27T16:55:01.962	WT901BLE68(F3:F0:16:BF:DC:AE)	0.953	-0.204	0.779	-47.119	-9.583	207.825	-28.16	-30.70	54.04	-2.853	23.960	6.567	0.78461	0.22910	-0.31308	0.48349	25.9	null	null	13113	60
2026-05-27T16:55:02.021	WT901BLE68(F3:F0:16:BF:DC:AE)	0.596	-0.235	0.745	-70.190	134.094	180.542	-41.48	-15.85	62.44	-2.853	23.960	6.567	0.83411	-0.15186	-0.33231	0.41312	25.9	null	null	13113	60
2026-05-27T16:55:02.142	WT901BLE68(F3:F0:16:BF:DC:AE)	-0.020	-0.417	0.284	-90.393	-72.021	78.796	-53.81	-3.31	60.23	-2.853	23.960	6.567	0.83411	-0.15186	-0.33231	0.41312	25.9	null	null	13113	60
2026-05-27T16:55:02.231	WT901BLE68(F3:F0:16:BF:DC:AE)	0.169	-0.338	0.211	-8.850	-188.965	48.340	-59.10	-4.09	80.26	-2.853	23.960	6.567	0.83411	-0.15186	-0.33231	0.41312	25.9	null	null	13113	60
2026-05-27T16:55:02.355	WT901BLE68(F3:F0:16:BF:DC:AE)	0.068	-0.629	0.528	95.581	-3.845	46.021	-53.56	-5.20	96.64	-2.853	23.960	6.567	0.83411	-0.15186	-0.33231	0.41312	25.9	null	null	13113	60
2026-05-27T16:55:02.443	WT901BLE68(F3:F0:16:BF:DC:AE)	0.409	-1.058	1.121	-70.801	-161.194	29.724	-51.23	-8.66	111.59	-2.853	23.960	6.567	0.83411	-0.15186	-0.33231	0.41312	25.9	null	null	13113	60
2026-05-27T16:55:02.563	WT901BLE68(F3:F0:16:BF:DC:AE)	0.318	-0.891	0.553	-61.035	42.053	30.579	-59.32	-9.10	120.92	-2.853	23.960	6.567	0.83411	-0.15186	-0.33231	0.41312	25.9	null	null	13113	60
2026-05-27T16:55:02.653	WT901BLE68(F3:F0:16:BF:DC:AE)	0.136	-0.693	0.321	-12.268	54.810	10.010	-62.11	-4.77	120.73	8.927	-50.273	-4.273	0.83411	-0.15186	-0.33231	0.41312	25.9	null	null	13113	60
2026-05-27T16:55:02.777	WT901BLE68(F3:F0:16:BF:DC:AE)	0.113	-0.760	0.280	52.246	-10.620	-3.784	-60.46	-3.84	122.64	8.927	-50.273	-4.273	0.83411	-0.15186	-0.33231	0.41312	25.9	null	null	13113	60
2026-05-27T16:55:02.830	WT901BLE68(F3:F0:16:BF:DC:AE)	0.225	-0.873	0.787	52.551	-31.616	-12.024	-53.89	-6.25	127.03	8.927	-50.273	-4.273	0.42114	-0.16785	-0.42981	0.78079	25.9	null	null	13113	60
2026-05-27T16:55:02.954	WT901BLE68(F3:F0:16:BF:DC:AE)	0.171	-0.788	0.847	-33.508	40.894	6.531	-52.56	-5.60	128.57	8.927	-50.273	-4.273	0.42114	-0.16785	-0.42981	0.78079	25.9	null	null	13113	60
2026-05-27T16:55:03.041	WT901BLE68(F3:F0:16:BF:DC:AE)	0.086	-0.528	0.383	-36.926	22.400	1.404	-55.98	-3.55	129.24	8.927	-50.273	-4.273	0.42114	-0.16785	-0.42981	0.78079	25.9	null	null	13113	60
2026-05-27T16:55:03.165	WT901BLE68(F3:F0:16:BF:DC:AE)	0.132	-0.587	0.275	73.120	16.968	1.160	-55.54	-3.85	132.84	8.927	-50.273	-4.273	0.42114	-0.16785	-0.42981	0.78079	25.9	null	null	13113	60
2026-05-27T16:55:03.253	WT901BLE68(F3:F0:16:BF:DC:AE)	0.028	-0.843	1.106	38.940	-6.775	-0.732	-47.36	-3.94	134.62	8.927	-50.273	-4.273	0.42114	-0.16785	-0.42981	0.78079	25.9	null	null	13113	60
2026-05-27T16:55:03.375	WT901BLE68(F3:F0:16:BF:DC:AE)	0.144	-0.602	0.723	-83.557	-54.138	-8.911	-50.38	-6.14	138.97	8.927	-50.273	-4.273	0.42114	-0.16785	-0.42981	0.78079	25.9	null	null	13113	60
2026-05-27T16:55:03.431	WT901BLE68(F3:F0:16:BF:DC:AE)	0.204	-0.432	0.387	0.977	37.354	-49.744	-55.05	-9.36	141.06	8.927	-50.273	-4.273	0.42114	-0.16785	-0.42981	0.78079	25.9	null	null	13113	60
2026-05-27T16:55:03.555	WT901BLE68(F3:F0:16:BF:DC:AE)	0.497	-0.482	0.602	-1.282	-22.583	-85.754	-52.31	-15.67	139.97	8.927	-50.273	-4.273	0.42114	-0.16785	-0.42981	0.78079	25.9	null	null	13113	60
2026-05-27T16:55:03.640	WT901BLE68(F3:F0:16:BF:DC:AE)	0.643	-0.592	0.466	-95.459	33.203	-105.835	-55.22	-23.86	136.26	16.087	-39.233	-0.140	0.42114	-0.16785	-0.42981	0.78079	25.9	null	null	13113	60
2026-05-27T16:55:03.765	WT901BLE68(F3:F0:16:BF:DC:AE)	0.663	-0.441	-0.013	-156.250	-41.260	-181.580	-63.12	-35.43	128.94	16.087	-39.233	-0.140	0.42114	-0.16785	-0.42981	0.78079	25.9	null	null	13113	60
2026-05-27T16:55:03.851	WT901BLE68(F3:F0:16:BF:DC:AE)	1.165	-0.336	-0.134	-103.943	59.021	-277.527	-63.42	-56.05	113.01	16.087	-39.233	-0.140	0.53198	0.04276	-0.59595	0.59991	25.9	null	null	13113	60
2026-05-27T16:55:03.973	WT901BLE68(F3:F0:16:BF:DC:AE)	1.356	-0.057	0.111	-76.843	66.406	-242.737	-23.49	-71.91	59.13	16.087	-39.233	-0.140	0.53198	0.04276	-0.59595	0.59991	25.9	null	null	13113	60
2026-05-27T16:55:04.061	WT901BLE68(F3:F0:16:BF:DC:AE)	1.351	-0.022	0.365	-72.998	76.477	-157.715	20.67	-65.47	1.85	16.087	-39.233	-0.140	0.53198	0.04276	-0.59595	0.59991	25.9	null	null	13113	60
2026-05-27T16:55:04.184	WT901BLE68(F3:F0:16:BF:DC:AE)	1.031	-0.076	0.570	-8.545	47.668	-52.246	26.93	-55.78	-13.43	16.087	-39.233	-0.140	0.53198	0.04276	-0.59595	0.59991	25.9	null	null	13113	60
2026-05-27T16:55:04.242	WT901BLE68(F3:F0:16:BF:DC:AE)	0.940	0.219	0.619	46.265	65.063	32.593	25.86	-53.40	-12.23	16.087	-39.233	-0.140	0.53198	0.04276	-0.59595	0.59991	25.9	null	null	13113	60
2026-05-27T16:55:04.366	WT901BLE68(F3:F0:16:BF:DC:AE)	0.649	0.455	0.621	27.222	134.338	29.663	20.64	-43.67	-2.80	16.087	-39.233	-0.140	0.53198	0.04276	-0.59595	0.59991	25.9	null	null	13113	60
2026-05-27T16:55:04.451	WT901BLE68(F3:F0:16:BF:DC:AE)	0.537	0.423	0.604	0.244	6.165	28.076	17.34	-38.50	0.94	-25.213	29.593	10.213	0.53198	0.04276	-0.59595	0.59991	25.9	null	null	13113	60
2026-05-27T16:55:04.574	WT901BLE68(F3:F0:16:BF:DC:AE)	0.668	0.368	0.615	20.752	23.438	18.188	17.01	-38.61	0.51	-25.213	29.593	10.213	0.53198	0.04276	-0.59595	0.59991	25.9	null	null	13113	60
2026-05-27T16:55:04.660	WT901BLE68(F3:F0:16:BF:DC:AE)	0.654	0.333	0.632	47.363	3.784	31.189	18.72	-38.53	0.97	-25.213	29.593	10.213	0.93246	0.15073	-0.32300	0.05783	25.9	null	null	13113	60
2026-05-27T16:55:04.785	WT901BLE68(F3:F0:16:BF:DC:AE)	0.671	0.381	0.723	69.031	25.757	41.687	22.11	-38.92	2.80	-25.213	29.593	10.213	0.93246	0.15073	-0.32300	0.05783	25.9	null	null	13113	60
2026-05-27T16:55:04.842	WT901BLE68(F3:F0:16:BF:DC:AE)	0.650	0.487	0.695	45.776	10.864	53.467	24.03	-38.43	7.43	-25.213	29.593	10.213	0.93246	0.15073	-0.32300	0.05783	25.9	null	null	13113	60
2026-05-27T16:55:04.964	WT901BLE68(F3:F0:16:BF:DC:AE)	0.596	0.481	0.788	-0.671	13.794	45.593	22.54	-38.84	11.37	-25.213	29.593	10.213	0.93246	0.15073	-0.32300	0.05783	25.9	null	null	13113	60
2026-05-27T16:55:05.051	WT901BLE68(F3:F0:16:BF:DC:AE)	0.999	0.122	0.898	-49.622	-70.923	91.797	15.57	-44.36	15.39	-25.213	29.593	10.213	0.93246	0.15073	-0.32300	0.05783	25.9	null	null	13113	60
2026-05-27T16:55:05.173	WT901BLE68(F3:F0:16:BF:DC:AE)	1.263	-0.217	0.676	-1.404	-81.299	210.205	-4.72	-53.76	35.97	-25.213	29.593	10.213	0.93246	0.15073	-0.32300	0.05783	25.9	null	null	13113	60
2026-05-27T16:55:05.262	WT901BLE68(F3:F0:16:BF:DC:AE)	1.111	-0.310	0.208	104.492	-61.279	248.047	-32.29	-51.94	76.77	-25.213	29.593	10.213	0.93246	0.15073	-0.32300	0.05783	25.9	null	null	13113	60
2026-05-27T16:55:05.385	WT901BLE68(F3:F0:16:BF:DC:AE)	0.819	-0.211	0.391	122.192	35.583	194.580	-38.32	-40.41	103.29	-25.213	29.593	10.213	0.93246	0.15073	-0.32300	0.05783	25.9	null	null	13113	60
2026-05-27T16:55:05.475	WT901BLE68(F3:F0:16:BF:DC:AE)	0.352	-0.223	0.479	25.574	-2.380	139.099	-37.13	-28.52	118.32	24.320	-14.227	-7.473	0.93246	0.15073	-0.32300	0.05783	25.9	null	null	13113	60
2026-05-27T16:55:05.591	WT901BLE68(F3:F0:16:BF:DC:AE)	0.321	-0.298	0.423	-26.062	-76.843	57.373	-42.69	-27.81	132.23	24.320	-14.227	-7.473	0.47440	0.05084	-0.39883	0.78305	25.9	null	null	13113	60
2026-05-27T16:55:05.654	WT901BLE68(F3:F0:16:BF:DC:AE)	0.467	-0.164	0.159	13.489	-40.161	-11.414	-46.98	-32.53	142.03	24.320	-14.227	-7.473	0.47440	0.05084	-0.39883	0.78305	25.9	null	null	13113	60
2026-05-27T16:55:05.772	WT901BLE68(F3:F0:16:BF:DC:AE)	0.610	-0.784	0.688	85.876	-35.950	-73.059	-38.40	-38.30	140.58	24.320	-14.227	-7.473	0.47440	0.05084	-0.39883	0.78305	25.9	null	null	13113	60
2026-05-27T16:55:05.864	WT901BLE68(F3:F0:16:BF:DC:AE)	1.008	-0.833	1.079	-23.438	5.127	32.104	-34.15	-40.03	139.64	24.320	-14.227	-7.473	0.47440	0.05084	-0.39883	0.78305	25.9	null	null	13113	60
2026-05-27T16:55:05.984	WT901BLE68(F3:F0:16:BF:DC:AE)	0.660	-0.445	0.549	-59.814	-33.447	81.543	-45.53	-37.75	149.71	24.320	-14.227	-7.473	0.47440	0.05084	-0.39883	0.78305	25.9	null	null	13113	60
2026-05-27T16:55:06.072	WT901BLE68(F3:F0:16:BF:DC:AE)	0.450	-0.247	0.150	-15.747	32.288	14.282	-51.28	-34.34	154.24	24.320	-14.227	-7.473	0.47440	0.05084	-0.39883	0.78305	25.9	null	null	13113	60
2026-05-27T16:55:06.195	WT901BLE68(F3:F0:16:BF:DC:AE)	0.414	-0.478	0.459	51.880	-32.227	-59.753	-46.14	-36.17	151.49	24.320	-14.227	-7.473	0.47440	0.05084	-0.39883	0.78305	25.9	null	null	13113	60
2026-05-27T16:55:06.252	WT901BLE68(F3:F0:16:BF:DC:AE)	0.951	-0.784	1.050	-34.363	62.500	-24.170	-40.58	-38.33	146.16	25.493	-33.213	-16.580	0.47440	0.05084	-0.39883	0.78305	25.9	null	null	13113	60
2026-05-27T16:55:06.375	WT901BLE68(F3:F0:16:BF:DC:AE)	0.714	-0.500	0.433	-81.909	-59.937	41.016	-50.66	-38.64	151.17	25.493	-33.213	-16.580	0.47440	0.05084	-0.39883	0.78305	25.9	null	null	13113	60
2026-05-27T16:55:06.459	WT901BLE68(F3:F0:16:BF:DC:AE)	0.460	-0.261	0.228	-27.771	105.103	-9.583	-52.56	-34.28	147.41	25.493	-33.213	-16.580	0.34827	0.16251	-0.48572	0.78503	25.9	null	null	13113	60
2026-05-27T16:55:06.585	WT901BLE68(F3:F0:16:BF:DC:AE)	0.494	-0.269	0.438	-8.240	101.318	-79.712	-45.57	-32.55	135.96	25.493	-33.213	-16.580	0.34827	0.16251	-0.48572	0.78503	25.9	null	null	13113	60
2026-05-27T16:55:06.674	WT901BLE68(F3:F0:16:BF:DC:AE)	0.607	-0.243	0.479	-83.374	-42.664	-173.767	-42.00	-40.91	123.80	25.493	-33.213	-16.580	0.34827	0.16251	-0.48572	0.78503	25.9	null	null	13113	60
2026-05-27T16:55:06.795	WT901BLE68(F3:F0:16:BF:DC:AE)	1.470	-0.245	0.285	-163.513	85.815	-217.651	-37.35	-55.24	101.91	25.493	-33.213	-16.580	0.34827	0.16251	-0.48572	0.78503	25.9	null	null	13113	60
2026-05-27T16:55:06.881	WT901BLE68(F3:F0:16:BF:DC:AE)	1.145	-0.228	0.431	-117.554	330.261	-258.423	-12.91	-41.29	50.39	25.493	-33.213	-16.580	0.34827	0.16251	-0.48572	0.78503	25.9	null	null	13113	60
2026-05-27T16:55:07.002	WT901BLE68(F3:F0:16:BF:DC:AE)	0.552	-0.191	0.660	-35.767	24.536	-217.896	-3.28	-27.25	15.02	25.493	-33.213	-16.580	0.34827	0.16251	-0.48572	0.78503	25.9	null	null	13113	60
2026-05-27T16:55:07.060	WT901BLE68(F3:F0:16:BF:DC:AE)	1.137	-0.040	0.610	4.517	-67.932	-130.249	3.76	-37.34	-6.47	25.493	-33.213	-16.580	0.34827	0.16251	-0.48572	0.78503	25.9	null	null	13113	60
2026-05-27T16:55:07.184	WT901BLE68(F3:F0:16:BF:DC:AE)	0.745	0.029	0.814	18.799	27.222	3.296	7.67	-33.42	-13.97	25.493	-33.213	-16.580	0.34827	0.16251	-0.48572	0.78503	25.9	null	null	13113	60
2026-05-27T16:55:07.270	WT901BLE68(F3:F0:16:BF:DC:AE)	0.829	-0.014	0.764	27.039	-17.090	63.965	5.81	-37.89	-11.21	-26.893	20.033	19.253	0.34827	0.16251	-0.48572	0.78503	25.9	null	null	13113	60
2026-05-27T16:55:07.395	WT901BLE68(F3:F0:16:BF:DC:AE)	0.777	0.134	0.827	25.208	8.118	118.286	0.91	-36.99	-1.66	-26.893	20.033	19.253	0.34827	0.16251	-0.48572	0.78503	25.9	null	null	13113	60
2026-05-27T16:55:07.485	WT901BLE68(F3:F0:16:BF:DC:AE)	0.879	-0.009	0.736	33.997	-49.866	141.052	-7.20	-41.24	13.01	-26.893	20.033	19.253	0.94299	-0.00772	-0.33127	0.02948	25.9	null	null	13113	60
2026-05-27T16:55:07.602	WT901BLE68(F3:F0:16:BF:DC:AE)	1.002	-0.122	0.626	52.429	-62.378	158.630	-16.69	-43.41	31.40	-26.893	20.033	19.253	0.94299	-0.00772	-0.33127	0.02948	25.9	null	null	13113	60
2026-05-27T16:55:07.662	WT901BLE68(F3:F0:16:BF:DC:AE)	0.975	-0.228	0.609	42.114	-8.606	179.932	-27.07	-40.71	52.27	-26.893	20.033	19.253	0.94299	-0.00772	-0.33127	0.02948	25.9	null	null	13113	60
2026-05-27T16:55:07.784	WT901BLE68(F3:F0:16:BF:DC:AE)	0.594	-0.269	0.467	-7.141	-0.427	153.992	-35.99	-33.13	69.98	-26.893	20.033	19.253	0.94299	-0.00772	-0.33127	0.02948	25.9	null	null	13113	60
2026-05-27T16:55:07.872	WT901BLE68(F3:F0:16:BF:DC:AE)	0.529	-0.565	0.448	-11.230	-98.206	123.474	-44.28	-28.80	90.17	-26.893	20.033	19.253	0.94299	-0.00772	-0.33127	0.02948	25.9	null	null	13113	60
2026-05-27T16:55:07.996	WT901BLE68(F3:F0:16:BF:DC:AE)	0.499	-0.600	0.139	60.303	-106.384	85.999	-49.66	-27.84	110.09	-26.893	20.033	19.253	0.94299	-0.00772	-0.33127	0.02948	25.9	null	null	13113	60
2026-05-27T16:55:08.081	WT901BLE68(F3:F0:16:BF:DC:AE)	0.499	-0.442	0.657	143.982	-52.795	40.161	-44.63	-30.89	126.16	22.193	-30.340	-6.013	0.94299	-0.00772	-0.33127	0.02948	25.9	null	null	13113	60
2026-05-27T16:55:08.210	WT901BLE68(F3:F0:16:BF:DC:AE)	0.432	-0.731	1.073	-8.545	1.709	45.593	-39.24	-30.13	133.24	22.193	-30.340	-6.013	0.94299	-0.00772	-0.33127	0.02948	25.9	null	null	13113	60
2026-05-27T16:55:08.293	WT901BLE68(F3:F0:16:BF:DC:AE)	0.330	-0.695	0.505	-57.007	-79.163	38.635	-47.13	-28.60	140.66	22.193	-30.340	-6.013	0.40652	0.08115	-0.42432	0.80496	25.9	null	null	13113	60
2026-05-27T16:55:08.413	WT901BLE68(F3:F0:16:BF:DC:AE)	0.667	-0.394	0.188	45.410	37.537	-5.615	-52.11	-31.22	148.75	22.193	-30.340	-6.013	0.40652	0.08115	-0.42432	0.80496	25.9	null	null	13113	60
2026-05-27T16:55:08.470	WT901BLE68(F3:F0:16:BF:DC:AE)	0.496	-0.433	0.691	52.124	-23.560	-11.108	-43.84	-30.54	147.29	22.193	-30.340	-6.013	0.40652	0.08115	-0.42432	0.80496	25.9	null	null	13113	60
2026-05-27T16:55:08.592	WT901BLE68(F3:F0:16:BF:DC:AE)	0.436	-0.667	0.917	-65.796	39.978	-19.958	-42.44	-30.40	145.59	22.193	-30.340	-6.013	0.40652	0.08115	-0.42432	0.80496	25.9	null	null	13113	60
2026-05-27T16:55:08.685	WT901BLE68(F3:F0:16:BF:DC:AE)	0.549	-0.791	0.525	-78.918	-35.828	-14.832	-49.95	-32.23	145.98	22.193	-30.340	-6.013	0.40652	0.08115	-0.42432	0.80496	25.9	null	null	13113	60
2026-05-27T16:55:08.804	WT901BLE68(F3:F0:16:BF:DC:AE)	0.537	-0.705	0.326	-32.532	98.267	-12.817	-53.57	-31.31	142.96	22.193	-30.340	-6.013	0.40652	0.08115	-0.42432	0.80496	25.9	null	null	13113	60
2026-05-27T16:55:08.893	WT901BLE68(F3:F0:16:BF:DC:AE)	0.437	-0.610	0.304	16.235	-11.780	-20.386	-51.71	-29.15	138.14	22.193	-30.340	-6.013	0.40652	0.08115	-0.42432	0.80496	25.9	null	null	13113	60
2026-05-27T16:55:09.012	WT901BLE68(F3:F0:16:BF:DC:AE)	0.493	-0.655	0.504	26.184	-18.005	-31.433	-49.13	-32.48	139.14	23.807	-34.033	-9.360	0.40652	0.08115	-0.42432	0.80496	25.9	null	null	13113	60
2026-05-27T16:55:09.078	WT901BLE68(F3:F0:16:BF:DC:AE)	0.646	-0.669	0.621	-5.859	-14.771	-31.860	-48.10	-36.25	139.42	23.807	-34.033	-9.360	0.40652	0.08115	-0.42432	0.80496	25.9	null	null	13113	60
2026-05-27T16:55:09.195	WT901BLE68(F3:F0:16:BF:DC:AE)	0.672	-0.633	0.531	-10.803	12.756	-16.602	-47.89	-38.08	138.20	23.807	-34.033	-9.360	0.40652	0.08115	-0.42432	0.80496	25.9	null	null	13113	60
2026-05-27T16:55:09.280	WT901BLE68(F3:F0:16:BF:DC:AE)	0.617	-0.554	0.437	-21.423	8.789	-10.376	-48.23	-38.08	136.75	23.807	-34.033	-9.360	0.43552	0.13989	-0.46503	0.75790	25.9	null	null	13113	60
2026-05-27T16:55:09.401	WT901BLE68(F3:F0:16:BF:DC:AE)	0.609	-0.497	0.411	-33.081	-5.371	-16.357	-50.38	-39.09	136.66	23.807	-34.033	-9.360	0.43552	0.13989	-0.46503	0.75790	25.9	null	null	13113	60
2026-05-27T16:55:09.494	WT901BLE68(F3:F0:16:BF:DC:AE)	0.672	-0.521	0.489	-39.063	-1.038	-36.011	-52.85	-41.56	136.02	23.807	-34.033	-9.360	0.43552	0.13989	-0.46503	0.75790	25.9	null	null	13113	60
2026-05-27T16:55:09.613	WT901BLE68(F3:F0:16:BF:DC:AE)	0.828	-0.568	0.493	-72.021	18.677	-41.138	-54.79	-44.60	132.62	23.807	-34.033	-9.360	0.43552	0.13989	-0.46503	0.75790	25.9	null	null	13113	60
2026-05-27T16:55:09.708	WT901BLE68(F3:F0:16:BF:DC:AE)	0.767	-0.628	0.266	-103.394	27.771	-30.090	-59.44	-46.21	127.86	23.807	-34.033	-9.360	0.43552	0.13989	-0.46503	0.75790	25.9	null	null	13113	60
2026-05-27T16:55:09.824	WT901BLE68(F3:F0:16:BF:DC:AE)	0.755	-0.521	0.047	-70.740	104.614	-55.054	-61.52	-47.04	119.22	23.807	-34.033	-9.360	0.43552	0.13989	-0.46503	0.75790	25.9	null	null	13113	60
2026-05-27T16:55:09.879	WT901BLE68(F3:F0:16:BF:DC:AE)	0.540	-0.449	0.292	5.432	126.038	-105.408	-48.31	-46.63	97.63	23.220	-11.220	-2.013	0.43552	0.13989	-0.46503	0.75790	25.9	null	null	13113	60
2026-05-27T16:55:10.010	WT901BLE68(F3:F0:16:BF:DC:AE)	0.831	-0.295	0.398	-2.686	-36.438	-129.761	-38.14	-54.26	83.68	23.220	-11.220	-2.013	0.43552	0.13989	-0.46503	0.75790	25.9	null	null	13113	60
2026-05-27T16:55:10.090	WT901BLE68(F3:F0:16:BF:DC:AE)	0.833	0.000	0.431	-4.578	2.686	-164.124	-18.31	-60.02	57.86	23.220	-11.220	-2.013	0.76385	0.10144	-0.50778	0.38504	25.9	null	null	13113	60
2026-05-27T16:55:10.215	WT901BLE68(F3:F0:16:BF:DC:AE)	1.110	0.279	0.421	26.001	7.690	-168.091	13.05	-62.00	20.84	23.220	-11.220	-2.013	0.76385	0.10144	-0.50778	0.38504	25.9	null	null	13113	60
2026-05-27T16:55:10.300	WT901BLE68(F3:F0:16:BF:DC:AE)	1.134	0.324	0.547	39.185	104.858	-86.548	31.46	-51.59	1.58	23.220	-11.220	-2.013	0.76385	0.10144	-0.50778	0.38504	25.9	null	null	13113	60
2026-05-27T16:55:10.424	WT901BLE68(F3:F0:16:BF:DC:AE)	0.786	0.227	0.618	32.471	83.191	-22.827	32.97	-40.86	1.24	23.220	-11.220	-2.013	0.76385	0.10144	-0.50778	0.38504	25.9	null	null	13113	60
2026-05-27T16:55:10.484	WT901BLE68(F3:F0:16:BF:DC:AE)	0.762	0.347	0.741	22.522	24.170	39.978	32.44	-38.12	3.52	23.220	-11.220	-2.013	0.76385	0.10144	-0.50778	0.38504	25.9	null	null	13113	60
2026-05-27T16:55:10.604	WT901BLE68(F3:F0:16:BF:DC:AE)	0.760	0.449	0.721	-4.517	15.686	72.815	27.81	-40.16	8.90	23.220	-11.220	-2.013	0.76385	0.10144	-0.50778	0.38504	25.9	null	null	13113	60
2026-05-27T16:55:10.695	WT901BLE68(F3:F0:16:BF:DC:AE)	0.858	0.542	0.810	-48.279	10.864	109.497	17.75	-43.94	17.58	23.220	-11.220	-2.013	0.76385	0.10144	-0.50778	0.38504	25.9	null	null	13113	60
2026-05-27T16:55:10.813	WT901BLE68(F3:F0:16:BF:DC:AE)	0.583	0.361	0.724	-113.953	13.245	78.064	1.16	-44.28	27.97	23.220	-11.220	-2.013	0.76385	0.10144	-0.50778	0.38504	25.9	null	null	13113	60
2026-05-27T16:55:10.906	WT901BLE68(F3:F0:16:BF:DC:AE)	0.569	-0.010	0.415	-103.638	-7.507	19.714	-12.85	-44.07	30.11	-2.773	22.413	8.420	0.76385	0.10144	-0.50778	0.38504	25.9	null	null	13113	60
2026-05-27T16:55:11.019	WT901BLE68(F3:F0:16:BF:DC:AE)	0.628	-0.372	0.088	-44.861	-45.044	-9.094	-20.30	-47.73	27.66	-2.773	22.413	8.420	0.89664	-0.04382	-0.40775	0.16660	25.9	null	null	13113	60
2026-05-27T16:55:11.145	WT901BLE68(F3:F0:16:BF:DC:AE)	1.043	-0.551	0.347	57.251	11.230	32.654	-22.03	-49.99	27.69	-2.773	22.413	8.420	0.89664	-0.04382	-0.40775	0.16660	25.9	null	null	13113	60
2026-05-27T16:55:11.236	WT901BLE68(F3:F0:16:BF:DC:AE)	1.076	-0.504	0.690	74.402	-46.631	137.695	-26.92	-48.32	40.41	-2.773	22.413	8.420	0.89664	-0.04382	-0.40775	0.16660	25.9	null	null	13113	60
2026-05-27T16:55:11.291	WT901BLE68(F3:F0:16:BF:DC:AE)	0.957	-0.397	0.817	23.926	-3.784	183.228	-39.10	-42.35	61.91	-2.773	22.413	8.420	0.89664	-0.04382	-0.40775	0.16660	25.9	null	null	13113	60
2026-05-27T16:55:11.414	WT901BLE68(F3:F0:16:BF:DC:AE)	0.552	-0.405	0.711	-35.767	-7.507	149.414	-48.31	-30.41	78.98	-2.773	22.413	8.420	0.89664	-0.04382	-0.40775	0.16660	25.9	null	null	13113	60
2026-05-27T16:55:11.505	WT901BLE68(F3:F0:16:BF:DC:AE)	0.343	-0.429	0.451	-28.687	-77.026	74.463	-55.88	-24.26	95.47	-2.773	22.413	8.420	0.89664	-0.04382	-0.40775	0.16660	25.9	null	null	13113	60
2026-05-27T16:55:11.621	WT901BLE68(F3:F0:16:BF:DC:AE)	0.420	-0.407	0.224	28.381	-18.311	8.240	-55.57	-22.34	102.67	-2.773	22.413	8.420	0.89664	-0.04382	-0.40775	0.16660	25.9	null	null	13113	60
2026-05-27T16:55:11.714	WT901BLE68(F3:F0:16:BF:DC:AE)	0.396	-0.514	0.489	101.929	-39.307	9.644	-48.50	-24.80	110.40	17.180	-30.227	4.227	0.89664	-0.04382	-0.40775	0.16660	25.9	null	null	13113	60
2026-05-27T16:55:11.832	WT901BLE68(F3:F0:16:BF:DC:AE)	0.427	-0.809	1.066	12.329	13.123	8.545	-43.15	-25.81	116.61	17.180	-30.227	4.227	0.89664	-0.04382	-0.40775	0.16660	25.9	null	null	13113	60
2026-05-27T16:55:11.890	WT901BLE68(F3:F0:16:BF:DC:AE)	0.355	-0.717	0.800	-65.918	-28.992	-9.155	-46.51	-24.72	117.28	17.180	-30.227	4.227	0.54263	-0.03116	-0.42184	0.72562	25.9	null	null	13113	60
2026-05-27T16:55:12.015	WT901BLE68(F3:F0:16:BF:DC:AE)	0.414	-0.599	0.388	-29.358	24.170	-14.771	-50.78	-25.52	118.78	17.180	-30.227	4.227	0.54263	-0.03116	-0.42184	0.72562	25.9	null	null	13113	60
2026-05-27T16:55:12.104	WT901BLE68(F3:F0:16:BF:DC:AE)	0.546	-0.474	0.417	43.457	18.799	-27.344	-48.39	-26.91	118.75	17.180	-30.227	4.227	0.54263	-0.03116	-0.42184	0.72562	25.9	null	null	13113	60
2026-05-27T16:55:12.223	WT901BLE68(F3:F0:16:BF:DC:AE)	0.581	-0.782	0.858	35.889	-3.235	-15.686	-43.01	-28.77	120.39	17.180	-30.227	4.227	0.54263	-0.03116	-0.42184	0.72562	25.9	null	null	13113	60
2026-05-27T16:55:12.312	WT901BLE68(F3:F0:16:BF:DC:AE)	0.660	-0.527	0.743	-48.401	-23.621	2.258	-44.47	-28.77	120.88	17.180	-30.227	4.227	0.54263	-0.03116	-0.42184	0.72562	25.9	null	null	13113	60
2026-05-27T16:55:12.437	WT901BLE68(F3:F0:16:BF:DC:AE)	0.476	-0.415	0.450	-16.235	26.611	23.010	-47.63	-26.99	124.02	17.180	-30.227	4.227	0.54263	-0.03116	-0.42184	0.72562	25.9	null	null	13113	60
2026-05-27T16:55:12.521	WT901BLE68(F3:F0:16:BF:DC:AE)	0.310	-0.350	0.498	6.714	-1.160	-27.954	-46.01	-26.43	125.06	17.180	-30.227	4.227	0.54263	-0.03116	-0.42184	0.72562	25.9	null	null	13113	60
2026-05-27T16:55:12.640	WT901BLE68(F3:F0:16:BF:DC:AE)	0.427	-0.288	0.533	-25.879	7.080	-151.917	-41.80	-33.37	118.65	19.340	-22.820	5.447	0.54263	-0.03116	-0.42184	0.72562	25.9	null	null	13113	60
2026-05-27T16:55:12.706	WT901BLE68(F3:F0:16:BF:DC:AE)	1.155	-0.170	0.495	-104.248	3.540	-243.835	-34.83	-47.41	98.59	19.340	-22.820	5.447	0.54263	-0.03116	-0.42184	0.72562	25.9	null	null	13113	60
2026-05-27T16:55:12.825	WT901BLE68(F3:F0:16:BF:DC:AE)	1.095	-0.222	0.269	-122.742	-50.537	-236.389	-17.59	-57.06	59.58	19.340	-22.820	5.447	0.54263	-0.03116	-0.42184	0.72562	25.9	null	null	13113	60
2026-05-27T16:55:12.911	WT901BLE68(F3:F0:16:BF:DC:AE)	1.270	-0.235	0.440	-26.733	125.061	-144.470	3.64	-56.28	22.78	19.340	-22.820	5.447	0.81168	0.12180	-0.49255	0.28915	25.9	null	null	13113	60
2026-05-27T16:55:13.031	WT901BLE68(F3:F0:16:BF:DC:AE)	0.858	0.021	0.688	5.554	143.005	-34.729	9.20	-38.46	11.97	19.340	-22.820	5.447	0.81168	0.12180	-0.49255	0.28915	25.9	null	null	13113	60
2026-05-27T16:55:13.126	WT901BLE68(F3:F0:16:BF:DC:AE)	0.796	-0.010	0.664	-5.249	-45.776	40.100	5.98	-38.88	11.34	19.340	-22.820	5.447	0.81168	0.12180	-0.49255	0.28915	25.9	null	null	13113	60
2026-05-27T16:55:13.245	WT901BLE68(F3:F0:16:BF:DC:AE)	0.795	0.064	0.661	28.503	4.822	83.252	1.17	-41.01	16.80	19.340	-22.820	5.447	0.81168	0.12180	-0.49255	0.28915	25.9	null	null	13113	60
2026-05-27T16:55:13.303	WT901BLE68(F3:F0:16:BF:DC:AE)	0.810	0.002	0.724	46.509	-24.597	107.239	-4.03	-42.13	26.89	19.340	-22.820	5.447	0.81168	0.12180	-0.49255	0.28915	25.9	null	null	13113	60
2026-05-27T16:55:13.427	WT901BLE68(F3:F0:16:BF:DC:AE)	0.936	-0.141	0.669	47.546	-33.936	111.145	-9.38	-43.92	38.40	19.340	-22.820	5.447	0.81168	0.12180	-0.49255	0.28915	25.9	null	null	13113	60
2026-05-27T16:55:13.509	WT901BLE68(F3:F0:16:BF:DC:AE)	0.956	-0.332	0.574	45.532	-72.937	144.653	-18.69	-46.91	54.91	2.960	17.633	7.847	0.81168	0.12180	-0.49255	0.28915	25.9	null	null	13113	60
2026-05-27T16:55:13.633	WT901BLE68(F3:F0:16:BF:DC:AE)	0.990	-0.371	0.494	43.701	-18.860	166.138	-31.12	-45.23	76.69	2.960	17.633	7.847	0.81168	0.12180	-0.49255	0.28915	25.9	null	null	13113	60
2026-05-27T16:55:13.726	WT901BLE68(F3:F0:16:BF:DC:AE)	0.889	-0.441	0.454	38.391	-2.869	174.011	-38.57	-35.92	94.82	2.960	17.633	7.847	0.70880	0.01190	-0.43500	0.55508	25.9	null	null	13113	60
2026-05-27T16:55:13.843	WT901BLE68(F3:F0:16:BF:DC:AE)	0.842	-0.480	0.595	74.158	30.823	222.595	-40.50	-24.37	114.30	2.960	17.633	7.847	0.70880	0.01190	-0.43500	0.55508	25.9	null	null	13113	60
2026-05-27T16:55:13.934	WT901BLE68(F3:F0:16:BF:DC:AE)	0.065	-0.219	0.584	22.278	128.967	244.690	-36.50	-3.33	131.64	2.960	17.633	7.847	0.70880	0.01190	-0.43500	0.55508	25.9	null	null	13113	60
2026-05-27T16:55:14.054	WT901BLE68(F3:F0:16:BF:DC:AE)	-0.492	-0.296	0.664	-47.363	-21.362	132.874	-35.56	11.20	148.34	2.960	17.633	7.847	0.70880	0.01190	-0.43500	0.55508	25.9	null	null	13113	60
2026-05-27T16:55:14.110	WT901BLE68(F3:F0:16:BF:DC:AE)	-0.383	-0.518	0.659	-35.767	-0.427	37.415	-37.58	15.16	157.89	2.960	17.633	7.847	0.70880	0.01190	-0.43500	0.55508	25.9	null	null	13113	60
2026-05-27T16:55:14.235	WT901BLE68(F3:F0:16:BF:DC:AE)	-0.448	-0.688	0.657	-14.160	-7.996	19.958	-39.52	16.81	161.90	2.960	17.633	7.847	0.70880	0.01190	-0.43500	0.55508	25.9	null	null	13113	60
2026-05-27T16:55:14.321	WT901BLE68(F3:F0:16:BF:DC:AE)	-0.143	-0.656	0.659	-23.376	-213.806	1.587	-39.38	10.89	169.74	2.960	17.633	7.847	0.70880	0.01190	-0.43500	0.55508	25.9	null	null	13113	60
2026-05-27T16:55:14.439	WT901BLE68(F3:F0:16:BF:DC:AE)	-0.151	-0.565	0.460	-74.158	-93.323	-65.063	-42.99	2.43	174.03	-12.133	-59.920	5.547	0.70880	0.01190	-0.43500	0.55508	25.9	null	null	13113	60
2026-05-27T16:55:14.533	WT901BLE68(F3:F0:16:BF:DC:AE)	-0.197	-0.661	0.495	48.645	84.778	-107.605	-44.98	-0.24	165.10	-12.133	-59.920	5.547	0.70880	0.01190	-0.43500	0.55508	25.9	null	null	13113	60
2026-05-27T16:55:14.649	WT901BLE68(F3:F0:16:BF:DC:AE)	0.537	-0.458	0.774	59.631	-205.994	-64.453	-39.24	-10.50	162.60	-12.133	-59.920	5.547	0.17038	-0.02313	-0.35254	0.91980	25.9	null	null	13113	60
2026-05-27T16:55:14.717	WT901BLE68(F3:F0:16:BF:DC:AE)	0.477	-0.828	1.160	21.240	23.987	-21.606	-35.32	-21.13	165.89	-12.133	-59.920	5.547	0.17038	-0.02313	-0.35254	0.91980	25.9	null	null	13113	60
2026-05-27T16:55:14.832	WT901BLE68(F3:F0:16:BF:DC:AE)	0.261	-0.656	0.854	-46.631	-50.049	1.282	-36.88	-21.07	165.20	-12.133	-59.920	5.547	0.17038	-0.02313	-0.35254	0.91980	25.9	null	null	13113	60
2026-05-27T16:55:14.925	WT901BLE68(F3:F0:16:BF:DC:AE)	0.511	-0.432	0.382	-24.963	-26.733	-12.878	-42.11	-24.86	168.11	-12.133	-59.920	5.547	0.17038	-0.02313	-0.35254	0.91980	25.9	null	null	13113	60
2026-05-27T16:55:15.043	WT901BLE68(F3:F0:16:BF:DC:AE)	0.528	-0.435	0.488	41.870	-37.598	-12.512	-41.68	-27.53	168.63	-12.133	-59.920	5.547	0.17038	-0.02313	-0.35254	0.91980	25.9	null	null	13113	60
2026-05-27T16:55:15.131	WT901BLE68(F3:F0:16:BF:DC:AE)	0.597	-0.841	1.008	52.612	60.120	-11.292	-35.97	-29.43	168.21	-12.133	-59.920	5.547	0.17038	-0.02313	-0.35254	0.91980	25.9	null	null	13113	60
2026-05-27T16:55:15.257	WT901BLE68(F3:F0:16:BF:DC:AE)	0.442	-0.556	0.897	-10.071	9.521	9.949	-32.84	-25.37	165.08	-12.133	-59.920	5.547	0.17038	-0.02313	-0.35254	0.91980	25.9	null	null	13113	60
2026-05-27T16:55:15.342	WT901BLE68(F3:F0:16:BF:DC:AE)	0.418	-0.408	0.622	-17.761	10.925	-6.104	-35.37	-25.27	165.75	19.773	-40.480	-4.453	0.17038	-0.02313	-0.35254	0.91980	25.9	null	null	13113	60
2026-05-27T16:55:15.464	WT901BLE68(F3:F0:16:BF:DC:AE)	0.388	-0.363	0.566	13.184	20.447	-26.367	-33.80	-23.38	161.76	19.773	-40.480	-4.453	0.17038	-0.02313	-0.35254	0.91980	25.9	null	null	13113	60
2026-05-27T16:55:15.520	WT901BLE68(F3:F0:16:BF:DC:AE)	0.479	-0.650	0.811	18.433	17.700	-14.221	-31.20	-24.33	159.92	19.773	-40.480	-4.453	0.21582	0.15207	-0.30157	0.91611	25.9	null	null	13113	60
2026-05-27T16:55:15.647	WT901BLE68(F3:F0:16:BF:DC:AE)	0.352	-0.583	0.833	-22.888	-1.038	0.000	-31.50	-22.99	158.26	19.773	-40.480	-4.453	0.21582	0.15207	-0.30157	0.91611	25.9	null	null	13113	60
2026-05-27T16:55:15.734	WT901BLE68(F3:F0:16:BF:DC:AE)	0.181	-0.202	0.298	15.808	64.453	-20.203	-31.71	-22.02	157.08	19.773	-40.480	-4.453	0.21582	0.15207	-0.30157	0.91611	25.9	null	null	13113	60
2026-05-27T16:55:15.854	WT901BLE68(F3:F0:16:BF:DC:AE)	0.341	-0.328	0.736	69.458	288.269	-33.875	-24.29	-8.87	146.75	19.773	-40.480	-4.453	0.21582	0.15207	-0.30157	0.91611	25.9	null	null	13113	60
2026-05-27T16:55:15.942	WT901BLE68(F3:F0:16:BF:DC:AE)	-0.558	-0.074	0.993	55.908	80.261	-9.399	-16.81	13.49	139.21	19.773	-40.480	-4.453	0.21582	0.15207	-0.30157	0.91611	25.9	null	null	13113	60
2026-05-27T16:55:16.067	WT901BLE68(F3:F0:16:BF:DC:AE)	0.089	-0.023	0.953	-37.842	-155.579	-55.359	-16.14	3.07	141.85	19.773	-40.480	-4.453	0.21582	0.15207	-0.30157	0.91611	25.9	null	null	13113	60
2026-05-27T16:55:16.122	WT901BLE68(F3:F0:16:BF:DC:AE)	0.092	-0.133	0.734	-40.222	-78.918	-138.367	-19.28	-8.39	137.74	19.773	-40.480	-4.453	0.21582	0.15207	-0.30157	0.91611	25.9	null	null	13113	60
2026-05-27T16:55:16.244	WT901BLE68(F3:F0:16:BF:DC:AE)	0.440	-0.127	0.703	-24.536	-11.414	-240.295	-17.54	-19.67	122.26	19.773	-40.480	-4.453	0.21582	0.15207	-0.30157	0.91611	25.9	null	null	13113	60
2026-05-27T16:55:16.330	WT901BLE68(F3:F0:16:BF:DC:AE)	0.486	-0.101	0.946	42.297	154.968	-278.015	-7.14	-15.23	89.63	10.107	-6.000	14.127	0.21582	0.15207	-0.30157	0.91611	25.9	null	null	13113	60
2026-05-27T16:55:16.453	WT901BLE68(F3:F0:16:BF:DC:AE)	0.717	0.175	0.970	18.982	-98.572	-238.708	2.74	-17.56	57.27	10.107	-6.000	14.127	0.21582	0.15207	-0.30157	0.91611	25.9	null	null	13113	60
2026-05-27T16:55:16.538	WT901BLE68(F3:F0:16:BF:DC:AE)	0.814	0.074	0.984	-1.648	19.287	-179.016	9.86	-20.41	30.30	10.107	-6.000	14.127	0.90259	0.11621	-0.14536	0.38806	25.9	null	null	13113	60
2026-05-27T16:55:16.669	WT901BLE68(F3:F0:16:BF:DC:AE)	0.561	0.128	0.958	-7.813	7.385	-97.107	12.77	-15.29	13.17	10.107	-6.000	14.127	0.90259	0.11621	-0.14536	0.38806	25.9	null	null	13113	60
2026-05-27T16:55:16.751	WT901BLE68(F3:F0:16:BF:DC:AE)	0.599	0.101	0.898	-16.479	-29.358	-28.564	12.00	-17.20	3.39	10.107	-6.000	14.127	0.90259	0.11621	-0.14536	0.38806	25.9	null	null	13113	60
2026-05-27T16:55:16.872	WT901BLE68(F3:F0:16:BF:DC:AE)	0.505	0.140	0.902	12.146	-5.493	34.058	11.07	-19.70	0.22	10.107	-6.000	14.127	0.90259	0.11621	-0.14536	0.38806	25.9	null	null	13113	60
2026-05-27T16:55:16.931	WT901BLE68(F3:F0:16:BF:DC:AE)	0.392	0.248	0.894	27.771	-5.310	72.205	10.81	-21.71	3.19	10.107	-6.000	14.127	0.90259	0.11621	-0.14536	0.38806	25.9	null	null	13113	60
2026-05-27T16:55:17.057	WT901BLE68(F3:F0:16:BF:DC:AE)	0.485	0.324	0.899	27.771	24.048	62.988	10.70	-23.29	7.16	10.107	-6.000	14.127	0.90259	0.11621	-0.14536	0.38806	25.9	null	null	13113	60
2026-05-27T16:55:17.140	WT901BLE68(F3:F0:16:BF:DC:AE)	0.308	0.348	0.820	11.475	-7.874	53.284	10.54	-22.55	10.37	-25.127	30.307	9.813	0.90259	0.11621	-0.14536	0.38806	25.9	null	null	13113	60
2026-05-27T16:55:17.265	WT901BLE68(F3:F0:16:BF:DC:AE)	0.475	0.240	0.802	16.907	-10.864	28.748	10.43	-25.61	11.00	-25.127	30.307	9.813	0.90259	0.11621	-0.14536	0.38806	25.9	null	null	13113	60
2026-05-27T16:55:17.352	WT901BLE68(F3:F0:16:BF:DC:AE)	0.472	0.312	0.925	26.733	35.095	22.949	12.19	-24.22	10.77	-25.127	30.307	9.813	0.96494	0.11972	-0.20425	0.11279	25.9	null	null	13113	60
2026-05-27T16:55:17.474	WT901BLE68(F3:F0:16:BF:DC:AE)	0.490	0.234	0.891	6.348	-16.296	31.006	12.51	-25.24	11.01	-25.127	30.307	9.813	0.96494	0.11972	-0.20425	0.11279	25.9	null	null	13113	60
2026-05-27T16:55:17.533	WT901BLE68(F3:F0:16:BF:DC:AE)	0.526	0.249	0.917	0.122	23.376	28.564	11.59	-25.32	11.54	-25.127	30.307	9.813	0.96494	0.11972	-0.20425	0.11279	25.9	null	null	13113	60
2026-05-27T16:55:17.716	WT901BLE68(F3:F0:16:BF:DC:AE)	0.513	0.141	0.930	-20.996	-1.953	27.771	9.03	-25.32	12.16	-25.127	30.307	9.813	0.96494	0.11972	-0.20425	0.11279	25.9	null	null	13113	60
2026-05-27T16:55:17.740	WT901BLE68(F3:F0:16:BF:DC:AE)	0.572	0.035	0.941	-13.977	-13.855	59.998	5.10	-26.73	14.32	-25.127	30.307	9.813	0.96494	0.11972	-0.20425	0.11279	25.9	null	null	13113	60
2026-05-27T16:55:17.863	WT901BLE68(F3:F0:16:BF:DC:AE)	0.621	0.052	0.983	-30.457	-11.536	79.102	-0.58	-28.02	19.75	-25.127	30.307	9.813	0.96494	0.11972	-0.20425	0.11279	25.9	null	null	13113	60
2026-05-27T16:55:17.954	WT901BLE68(F3:F0:16:BF:DC:AE)	0.719	-0.133	0.935	-51.147	-64.087	116.394	-10.79	-31.96	29.01	-25.127	30.307	9.813	0.96494	0.11972	-0.20425	0.11279	25.9	null	null	13113	60
2026-05-27T16:55:18.069	WT901BLE68(F3:F0:16:BF:DC:AE)	0.694	-0.217	0.864	-45.349	-12.024	148.987	-23.83	-31.25	43.01	5.127	11.867	12.073	0.96494	0.11972	-0.20425	0.11279	25.9	null	null	13113	60
2026-05-27T16:55:18.161	WT901BLE68(F3:F0:16:BF:DC:AE)	0.519	-0.311	0.726	-37.415	-27.771	151.306	-34.94	-25.78	59.73	5.127	11.867	12.073	0.96494	0.11972	-0.20425	0.11279	25.9	null	null	13113	60
2026-05-27T16:55:18.282	WT901BLE68(F3:F0:16:BF:DC:AE)	0.437	-0.601	0.705	-12.085	-80.566	126.038	-43.18	-22.70	80.98	5.127	11.867	12.073	0.77179	-0.15784	-0.35989	0.49979	25.9	null	null	13113	60
2026-05-27T16:55:18.341	WT901BLE68(F3:F0:16:BF:DC:AE)	0.355	-0.547	0.717	1.892	36.560	77.881	-45.80	-16.65	93.68	5.127	11.867	12.073	0.77179	-0.15784	-0.35989	0.49979	25.9	null	null	13113	60
2026-05-27T16:55:18.465	WT901BLE68(F3:F0:16:BF:DC:AE)	0.036	-0.318	0.452	29.724	8.667	5.920	-43.29	-10.63	96.84	5.127	11.867	12.073	0.77179	-0.15784	-0.35989	0.49979	25.9	null	null	13113	60
2026-05-27T16:55:18.550	WT901BLE68(F3:F0:16:BF:DC:AE)	0.391	-0.367	0.595	87.402	-68.970	-20.569	-36.75	-16.24	103.54	5.127	11.867	12.073	0.77179	-0.15784	-0.35989	0.49979	25.9	null	null	13113	60
2026-05-27T16:55:18.675	WT901BLE68(F3:F0:16:BF:DC:AE)	0.550	-0.708	1.254	23.071	-2.258	-6.409	-31.39	-21.31	108.37	5.127	11.867	12.073	0.77179	-0.15784	-0.35989	0.49979	25.9	null	null	13113	60
2026-05-27T16:55:18.762	WT901BLE68(F3:F0:16:BF:DC:AE)	0.307	-0.727	0.951	-51.697	2.075	14.343	-34.19	-19.31	110.41	5.127	11.867	12.073	0.77179	-0.15784	-0.35989	0.49979	25.9	null	null	13113	60
2026-05-27T16:55:18.881	WT901BLE68(F3:F0:16:BF:DC:AE)	0.513	-0.492	0.631	-34.119	31.250	0.122	-39.36	-19.57	114.42	5.127	11.867	12.073	0.77179	-0.15784	-0.35989	0.49979	25.9	null	null	13113	60
2026-05-27T16:55:18.944	WT901BLE68(F3:F0:16:BF:DC:AE)	0.107	-0.362	0.242	76.233	36.072	-12.146	-34.65	-13.43	111.22	14.460	-30.747	10.767	0.77179	-0.15784	-0.35989	0.49979	25.9	null	null	13113	60
2026-05-27T16:55:19.064	WT901BLE68(F3:F0:16:BF:DC:AE)	0.367	-0.397	1.035	63.110	-66.345	-9.338	-26.94	-17.57	115.88	14.460	-30.747	10.767	0.77179	-0.15784	-0.35989	0.49979	25.9	null	null	13113	60
2026-05-27T16:55:19.150	WT901BLE68(F3:F0:16:BF:DC:AE)	0.284	-0.529	1.390	-45.410	31.250	-19.958	-24.57	-18.52	116.67	14.460	-30.747	10.767	0.53232	0.03180	-0.26401	0.80362	25.9	null	null	13113	60
2026-05-27T16:55:19.276	WT901BLE68(F3:F0:16:BF:DC:AE)	0.451	-0.297	0.676	-86.121	-27.466	-16.174	-31.56	-19.89	117.63	14.460	-30.747	10.767	0.53232	0.03180	-0.26401	0.80362	25.9	null	null	13113	60
2026-05-27T16:55:19.365	WT901BLE68(F3:F0:16:BF:DC:AE)	0.235	-0.149	0.397	6.836	97.778	-44.189	-33.49	-16.00	114.02	14.460	-30.747	10.767	0.53232	0.03180	-0.26401	0.80362	25.9	null	null	13113	60
2026-05-27T16:55:19.481	WT901BLE68(F3:F0:16:BF:DC:AE)	0.248	-0.149	0.563	42.908	31.128	-72.021	-27.15	-13.69	110.18	14.460	-30.747	10.767	0.53232	0.03180	-0.26401	0.80362	25.9	null	null	13113	60
2026-05-27T16:55:19.574	WT901BLE68(F3:F0:16:BF:DC:AE)	0.215	-0.167	0.467	57.129	-93.933	-152.954	-19.92	-19.44	105.64	14.460	-30.747	10.767	0.53232	0.03180	-0.26401	0.80362	25.9	null	null	13113	60
2026-05-27T16:55:19.694	WT901BLE68(F3:F0:16:BF:DC:AE)	0.823	0.138	0.921	45.410	39.368	-248.047	-5.19	-32.62	85.06	14.460	-30.747	10.767	0.53232	0.03180	-0.26401	0.80362	25.9	null	null	13113	60
2026-05-27T16:55:19.753	WT901BLE68(F3:F0:16:BF:DC:AE)	1.353	0.764	0.230	-143.738	-551.270	-228.210	15.00	-47.25	44.96	14.460	-30.747	10.767	0.53232	0.03180	-0.26401	0.80362	25.9	null	null	13113	60
2026-05-27T16:55:19.874	WT901BLE68(F3:F0:16:BF:DC:AE)	1.433	0.211	0.033	-182.922	135.376	-85.388	44.53	-67.27	-13.03	14.460	-30.747	10.767	0.53232	0.03180	-0.26401	0.80362	25.9	null	null	13113	60
2026-05-27T16:55:19.961	WT901BLE68(F3:F0:16:BF:DC:AE)	1.011	0.182	0.350	-114.624	-25.146	-79.834	34.63	-57.42	-20.25	-3.353	29.873	-1.907	0.53232	0.03180	-0.26401	0.80362	25.9	null	null	13113	60
2026-05-27T16:55:20.082	WT901BLE68(F3:F0:16:BF:DC:AE)	1.136	0.212	0.398	-68.970	127.441	-55.664	31.23	-52.59	-29.47	-3.353	29.873	-1.907	0.85056	0.14417	-0.50116	-0.06720	25.9	null	null	13113	60
2026-05-27T16:55:20.174	WT901BLE68(F3:F0:16:BF:DC:AE)	0.720	0.291	0.558	-11.414	133.057	-6.836	23.01	-38.46	-26.08	-3.353	29.873	-1.907	0.85056	0.14417	-0.50116	-0.06720	25.9	null	null	13113	60
2026-05-27T16:55:20.292	WT901BLE68(F3:F0:16:BF:DC:AE)	0.727	0.274	0.653	11.414	-2.075	38.574	19.90	-34.87	-23.82	-3.353	29.873	-1.907	0.85056	0.14417	-0.50116	-0.06720	25.9	null	null	13113	60
2026-05-27T16:55:20.353	WT901BLE68(F3:F0:16:BF:DC:AE)	0.785	0.326	0.644	25.818	-31.372	68.665	18.40	-38.61	-20.59	-3.353	29.873	-1.907	0.85056	0.14417	-0.50116	-0.06720	25.9	null	null	13113	60
2026-05-27T16:55:20.471	WT901BLE68(F3:F0:16:BF:DC:AE)	0.779	0.258	0.703	24.902	4.211	84.045	15.20	-43.14	-14.35	-3.353	29.873	-1.907	0.85056	0.14417	-0.50116	-0.06720	25.9	null	null	13113	60
2026-05-27T16:55:20.562	WT901BLE68(F3:F0:16:BF:DC:AE)	0.767	0.147	0.612	36.926	-8.789	100.952	9.67	-45.11	-4.49	-3.353	29.873	-1.907	0.85056	0.14417	-0.50116	-0.06720	25.9	null	null	13113	60
2026-05-27T16:55:20.688	WT901BLE68(F3:F0:16:BF:DC:AE)	0.849	0.077	0.533	60.181	1.709	104.248	4.52	-46.52	7.29	-3.353	29.873	-1.907	0.85056	0.14417	-0.50116	-0.06720	25.9	null	null	13113	60
2026-05-27T16:55:20.772	WT901BLE68(F3:F0:16:BF:DC:AE)	0.929	0.029	0.538	66.223	8.911	114.624	-0.41	-46.83	20.64	-6.987	24.493	7.913	0.85056	0.14417	-0.50116	-0.06720	25.9	null	null	13113	60
2026-05-27T16:55:20.894	WT901BLE68(F3:F0:16:BF:DC:AE)	0.984	-0.053	0.584	60.303	-21.912	140.076	-7.58	-47.40	36.89	-6.987	24.493	7.913	0.85056	0.14417	-0.50116	-0.06720	25.9	null	null	13113	60
2026-05-27T16:55:20.984	WT901BLE68(F3:F0:16:BF:DC:AE)	1.197	-0.165	0.455	71.045	-46.143	179.443	-21.66	-51.02	61.84	-6.987	24.493	7.913	0.81863	0.07187	-0.44281	0.35849	25.9	null	null	13113	60
2026-05-27T16:55:21.102	WT901BLE68(F3:F0:16:BF:DC:AE)	0.849	-0.210	0.486	73.303	-20.020	181.946	-32.64	-44.82	87.16	-6.987	24.493	7.913	0.81863	0.07187	-0.44281	0.35849	25.9	null	null	13113	60
2026-05-27T16:55:21.163	WT901BLE68(F3:F0:16:BF:DC:AE)	0.717	-0.387	0.703	98.816	-41.138	168.701	-37.52	-38.10	109.69	-6.987	24.493	7.913	0.81863	0.07187	-0.44281	0.35849	25.9	null	null	13113	60
2026-05-27T16:55:21.283	WT901BLE68(F3:F0:16:BF:DC:AE)	0.595	-0.452	0.728	73.486	35.828	135.132	-35.84	-29.99	126.42	-6.987	24.493	7.913	0.81863	0.07187	-0.44281	0.35849	25.9	null	null	13113	60
2026-05-27T16:55:21.378	WT901BLE68(F3:F0:16:BF:DC:AE)	0.393	-0.398	0.677	4.883	26.917	106.445	-35.43	-21.24	137.44	-6.987	24.493	7.913	0.81863	0.07187	-0.44281	0.35849	25.9	null	null	13113	60
2026-05-27T16:55:21.493	WT901BLE68(F3:F0:16:BF:DC:AE)	0.159	-0.324	0.539	-28.442	-21.240	65.491	-38.31	-15.34	145.61	-6.987	24.493	7.913	0.81863	0.07187	-0.44281	0.35849	25.9	null	null	13113	60
2026-05-27T16:55:21.581	WT901BLE68(F3:F0:16:BF:DC:AE)	0.334	-0.351	0.384	7.385	-41.992	18.921	-41.15	-16.92	154.45	-6.987	24.493	7.913	0.81863	0.07187	-0.44281	0.35849	25.9	null	null	13113	60
2026-05-27T16:55:21.708	WT901BLE68(F3:F0:16:BF:DC:AE)	0.226	-0.643	0.738	93.384	35.034	1.404	-35.41	-16.25	155.50	10.460	-49.420	-1.420	0.81863	0.07187	-0.44281	0.35849	25.9	null	null	13113	60
2026-05-27T16:55:21.763	WT901BLE68(F3:F0:16:BF:DC:AE)	0.173	-0.516	1.275	11.597	20.203	12.451	-29.01	-13.50	155.75	10.460	-49.420	-1.420	0.81863	0.07187	-0.44281	0.35849	25.9	null	null	13113	60
2026-05-27T16:55:21.884	WT901BLE68(F3:F0:16:BF:DC:AE)	0.229	-0.517	0.840	-65.308	-38.574	16.724	-33.48	-14.64	159.41	10.460	-49.420	-1.420	0.81863	0.07187	-0.44281	0.35849	25.9	null	null	13113	60
2026-05-27T16:55:21.968	WT901BLE68(F3:F0:16:BF:DC:AE)	0.157	-0.494	0.546	-30.762	44.556	6.470	-38.36	-13.27	161.16	10.460	-49.420	-1.420	0.19815	0.07123	-0.31870	0.92410	25.9	null	null	13113	60
2026-05-27T16:55:22.095	WT901BLE68(F3:F0:16:BF:DC:AE)	0.138	-0.505	0.505	26.428	-29.663	-19.043	-38.10	-12.68	160.85	10.460	-49.420	-1.420	0.19815	0.07123	-0.31870	0.92410	25.9	null	null	13113	60
2026-05-27T16:55:22.182	WT901BLE68(F3:F0:16:BF:DC:AE)	0.424	-0.496	0.785	65.857	-24.780	-8.362	-32.66	-16.46	162.42	10.460	-49.420	-1.420	0.19815	0.07123	-0.31870	0.92410	25.9	null	null	13113	60
2026-05-27T16:55:22.306	WT901BLE68(F3:F0:16:BF:DC:AE)	0.112	-0.819	1.238	-9.277	28.992	17.395	-29.95	-14.21	162.81	10.460	-49.420	-1.420	0.19815	0.07123	-0.31870	0.92410	25.9	null	null	13113	60
2026-05-27T16:55:22.394	WT901BLE68(F3:F0:16:BF:DC:AE)	0.136	-0.543	0.875	-57.739	26.001	12.573	-34.30	-11.56	164.14	10.460	-49.420	-1.420	0.19815	0.07123	-0.31870	0.92410	25.9	null	null	13113	60
2026-05-27T16:55:22.513	WT901BLE68(F3:F0:16:BF:DC:AE)	0.110	-0.322	0.458	-16.907	26.917	-21.057	-37.73	-9.23	162.86	10.460	-49.420	-1.420	0.19815	0.07123	-0.31870	0.92410	25.9	null	null	13113	60
2026-05-27T16:55:22.571	WT901BLE68(F3:F0:16:BF:DC:AE)	0.352	-0.303	0.533	68.237	-48.706	-26.062	-34.88	-13.28	163.30	6.573	-50.540	2.880	0.19815	0.07123	-0.31870	0.92410	25.9	null	null	13113	60
2026-05-27T16:55:22.694	WT901BLE68(F3:F0:16:BF:DC:AE)	0.297	-0.301	1.045	78.674	-18.799	-40.344	-26.21	-18.23	164.00	6.573	-50.540	2.880	0.19815	0.07123	-0.31870	0.92410	25.9	null	null	13113	60
2026-05-27T16:55:22.781	WT901BLE68(F3:F0:16:BF:DC:AE)	0.191	-0.184	1.026	-51.208	-35.950	-137.939	-21.96	-21.55	155.46	6.573	-50.540	2.880	0.20413	0.12955	-0.21713	0.94568	25.9	null	null	13113	60
2026-05-27T16:55:22.905	WT901BLE68(F3:F0:16:BF:DC:AE)	0.933	-0.144	0.586	-118.469	48.279	-209.534	-23.36	-31.24	138.36	6.573	-50.540	2.880	0.20413	0.12955	-0.21713	0.94568	25.9	null	null	13113	60
2026-05-27T16:55:22.995	WT901BLE68(F3:F0:16:BF:DC:AE)	0.655	-0.150	0.798	-72.632	100.952	-241.394	-17.20	-28.75	108.96	6.573	-50.540	2.880	0.20413	0.12955	-0.21713	0.94568	25.9	null	null	13113	60
2026-05-27T16:55:23.114	WT901BLE68(F3:F0:16:BF:DC:AE)	0.914	-0.146	0.876	-76.355	31.250	-233.704	-10.50	-32.21	79.78	6.573	-50.540	2.880	0.20413	0.12955	-0.21713	0.94568	25.9	null	null	13113	60
2026-05-27T16:55:23.179	WT901BLE68(F3:F0:16:BF:DC:AE)	0.667	-0.178	0.873	-58.899	63.660	-192.200	-4.91	-28.82	50.84	6.573	-50.540	2.880	0.20413	0.12955	-0.21713	0.94568	25.9	null	null	13113	60
2026-05-27T16:55:23.292	WT901BLE68(F3:F0:16:BF:DC:AE)	0.657	-0.037	0.837	-38.208	70.679	-147.827	-1.52	-24.70	27.93	6.573	-50.540	2.880	0.20413	0.12955	-0.21713	0.94568	25.9	null	null	13113	60
2026-05-27T16:55:23.383	WT901BLE68(F3:F0:16:BF:DC:AE)	0.501	0.031	0.832	-36.438	18.188	-109.314	-0.75	-20.82	10.73	6.573	-50.540	2.880	0.20413	0.12955	-0.21713	0.94568	25.9	null	null	13113	60
2026-05-27T16:55:23.500	WT901BLE68(F3:F0:16:BF:DC:AE)	0.509	-0.017	0.817	-20.386	0.732	-74.707	-0.71	-21.60	-2.35	-27.640	17.827	20.960	0.20413	0.12955	-0.21713	0.94568	25.9	null	null	13113	60
2026-05-27T16:55:23.591	WT901BLE68(F3:F0:16:BF:DC:AE)	0.467	-0.012	0.880	-2.808	1.953	-42.297	0.13	-22.18	-11.46	-27.640	17.827	20.960	0.20413	0.12955	-0.21713	0.94568	25.9	null	null	13113	60
2026-05-27T16:55:23.715	WT901BLE68(F3:F0:16:BF:DC:AE)	0.424	0.039	0.913	13.306	6.836	-21.179	1.77	-22.13	-17.65	-27.640	17.827	20.960	0.97235	-0.01743	-0.19272	-0.13037	25.9	null	null	13113	60
2026-05-27T16:55:23.805	WT901BLE68(F3:F0:16:BF:DC:AE)	0.375	0.080	0.951	3.662	-5.066	-6.470	3.04	-22.04	-21.80	-27.640	17.827	20.960	0.97235	-0.01743	-0.19272	-0.13037	25.9	null	null	13113	60
2026-05-27T16:55:23.920	WT901BLE68(F3:F0:16:BF:DC:AE)	0.407	0.084	0.911	8.423	9.094	-4.517	3.70	-22.29	-25.05	-27.640	17.827	20.960	0.97235	-0.01743	-0.19272	-0.13037	25.9	null	null	13113	60
2026-05-27T16:55:23.982	WT901BLE68(F3:F0:16:BF:DC:AE)	0.196	0.037	0.790	18.127	-15.320	-13.428	5.36	-22.29	-28.50	-27.640	17.827	20.960	0.97235	-0.01743	-0.19272	-0.13037	25.9	null	null	13113	60
2026-05-27T16:55:24.105	WT901BLE68(F3:F0:16:BF:DC:AE)	0.737	0.313	1.078	21.484	71.045	-10.681	8.83	-21.65	-32.83	-27.640	17.827	20.960	0.97235	-0.01743	-0.19272	-0.13037	25.9	null	null	13113	60
2026-05-27T16:55:24.193	WT901BLE68(F3:F0:16:BF:DC:AE)	0.526	0.042	0.920	-14.648	-94.482	52.002	7.25	-22.76	-32.00	-27.640	17.827	20.960	0.97235	-0.01743	-0.19272	-0.13037	25.9	null	null	13113	60
2026-05-27T16:55:24.313	WT901BLE68(F3:F0:16:BF:DC:AE)	0.827	-0.035	0.855	2.808	-25.879	111.511	2.49	-29.89	-25.03	-27.640	17.827	20.960	0.97235	-0.01743	-0.19272	-0.13037	25.9	null	null	13113	60
2026-05-27T16:55:24.405	WT901BLE68(F3:F0:16:BF:DC:AE)	0.806	-0.033	0.818	18.127	-22.339	171.692	-5.58	-32.38	-9.68	-24.053	19.147	18.913	0.97235	-0.01743	-0.19272	-0.13037	25.9	null	null	13113	60
2026-05-27T16:55:24.522	WT901BLE68(F3:F0:16:BF:DC:AE)	0.654	-0.075	0.809	39.978	-8.667	186.890	-13.74	-31.33	9.35	-24.053	19.147	18.913	0.97235	-0.01743	-0.19272	-0.13037	25.9	null	null	13113	60
2026-05-27T16:55:24.579	WT901BLE68(F3:F0:16:BF:DC:AE)	0.571	-0.095	1.008	-1.282	-14.587	167.236	-20.55	-27.72	25.78	-24.053	19.147	18.913	0.94937	-0.10260	-0.27185	0.11893	25.9	null	null	13113	60
2026-05-27T16:55:24.706	WT901BLE68(F3:F0:16:BF:DC:AE)	0.439	-0.238	0.896	-62.378	-28.564	134.033	-30.51	-24.47	37.84	-24.053	19.147	18.913	0.94937	-0.10260	-0.27185	0.11893	25.9	null	null	13113	60
2026-05-27T16:55:24.795	WT901BLE68(F3:F0:16:BF:DC:AE)	0.345	-0.312	0.603	-59.204	-27.161	88.867	-42.04	-21.30	43.18	-24.053	19.147	18.913	0.94937	-0.10260	-0.27185	0.11893	25.9	null	null	13113	60
2026-05-27T16:55:24.909	WT901BLE68(F3:F0:16:BF:DC:AE)	0.333	-0.295	0.436	-10.437	-24.353	35.278	-47.53	-17.72	56.05	-24.053	19.147	18.913	0.94937	-0.10260	-0.27185	0.11893	25.9	null	null	13113	60
2026-05-27T16:55:25.005	WT901BLE68(F3:F0:16:BF:DC:AE)	0.235	-0.323	0.143	85.022	-117.065	-3.601	-44.31	-18.07	65.15	-24.053	19.147	18.913	0.94937	-0.10260	-0.27185	0.11893	25.9	null	null	13113	60
2026-05-27T16:55:25.125	WT901BLE68(F3:F0:16:BF:DC:AE)	0.658	-0.491	1.186	58.960	-132.874	-59.570	-37.15	-31.54	78.74	-24.053	19.147	18.913	0.94937	-0.10260	-0.27185	0.11893	25.9	null	null	13113	60
2026-05-27T16:55:25.213	WT901BLE68(F3:F0:16:BF:DC:AE)	0.686	-0.622	1.093	-84.717	2.502	-20.264	-36.72	-36.62	79.01	-24.053	19.147	18.913	0.94937	-0.10260	-0.27185	0.11893	25.9	null	null	13113	60
2026-05-27T16:55:25.299	WT901BLE68(F3:F0:16:BF:DC:AE)	0.667	-0.554	0.611	-95.703	-11.108	12.329	-46.43	-37.44	82.92	23.700	-12.593	-1.080	0.94937	-0.10260	-0.27185	0.11893	25.9	null	null	13113	60
2026-05-27T16:55:25.395	WT901BLE68(F3:F0:16:BF:DC:AE)	0.592	-0.528	0.233	-75.378	-35.217	19.287	-56.12	-36.57	88.35	23.700	-12.593	-1.080	0.94937	-0.10260	-0.27185	0.11893	25.9	null	null	13113	60
2026-05-27T16:55:25.509	WT901BLE68(F3:F0:16:BF:DC:AE)	0.500	-0.377	-0.063	5.920	14.221	-33.325	-60.84	-37.55	93.46	23.700	-12.593	-1.080	0.68347	-0.13293	-0.53259	0.48105	25.9	null	null	13113	60
2026-05-27T16:55:25.606	WT901BLE68(F3:F0:16:BF:DC:AE)	0.589	-0.202	0.122	88.257	-92.407	-98.145	-55.83	-45.74	96.46	23.700	-12.593	-1.080	0.68347	-0.13293	-0.53259	0.48105	25.9	null	null	13113	60
2026-05-27T16:55:25.725	WT901BLE68(F3:F0:16:BF:DC:AE)	1.130	-0.048	0.378	40.527	-79.163	-137.207	-49.41	-61.74	99.71	23.700	-12.593	-1.080	0.68347	-0.13293	-0.53259	0.48105	25.9	null	null	13113	60
2026-05-27T16:55:25.813	WT901BLE68(F3:F0:16:BF:DC:AE)	1.347	0.024	0.751	-30.701	31.677	-110.657	-28.36	-72.83	79.58	23.700	-12.593	-1.080	0.68347	-0.13293	-0.53259	0.48105	25.9	null	null	13113	60
2026-05-27T16:55:25.934	WT901BLE68(F3:F0:16:BF:DC:AE)	1.228	0.085	0.602	-117.371	96.680	-81.787	-4.25	-70.31	47.01	23.700	-12.593	-1.080	0.68347	-0.13293	-0.53259	0.48105	25.9	null	null	13113	60
2026-05-27T16:55:25.991	WT901BLE68(F3:F0:16:BF:DC:AE)	0.901	0.207	0.459	-108.826	224.060	-114.624	3.18	-52.65	25.29	23.700	-12.593	-1.080	0.68347	-0.13293	-0.53259	0.48105	25.9	null	null	13113	60
2026-05-27T16:55:26.112	WT901BLE68(F3:F0:16:BF:DC:AE)	0.682	0.171	0.521	-53.528	160.461	-125.610	4.62	-33.85	8.51	23.700	-12.593	-1.080	0.68347	-0.13293	-0.53259	0.48105	25.9	null	null	13113	60
2026-05-27T16:55:26.198	WT901BLE68(F3:F0:16:BF:DC:AE)	0.264	0.136	0.570	36.682	88.806	-109.009	8.68	-19.35	-5.84	-21.753	24.193	15.700	0.68347	-0.13293	-0.53259	0.48105	25.9	null	null	13113	60
2026-05-27T16:55:26.322	WT901BLE68(F3:F0:16:BF:DC:AE)	0.640	0.402	1.067	40.283	-31.189	-92.712	16.99	-19.26	-19.24	-21.753	24.193	15.700	0.68347	-0.13293	-0.53259	0.48105	25.9	null	null	13113	60
2026-05-27T16:55:26.412	WT901BLE68(F3:F0:16:BF:DC:AE)	0.225	0.386	1.063	3.723	-76.111	-49.011	21.18	-17.51	-28.16	-21.753	24.193	15.700	0.95566	0.13831	-0.17816	-0.18915	25.9	null	null	13113	60
2026-05-27T16:55:26.536	WT901BLE68(F3:F0:16:BF:DC:AE)	0.564	0.178	1.029	-4.944	-39.307	-8.301	22.54	-24.37	-36.43	-21.753	24.193	15.700	0.95566	0.13831	-0.17816	-0.18915	25.9	null	null	13113	60
2026-05-27T16:55:26.621	WT901BLE68(F3:F0:16:BF:DC:AE)	0.453	0.253	1.031	-21.179	14.526	34.729	20.35	-24.17	-36.16	-21.753	24.193	15.700	0.95566	0.13831	-0.17816	-0.18915	25.9	null	null	13113	60
2026-05-27T16:55:26.744	WT901BLE68(F3:F0:16:BF:DC:AE)	0.511	0.216	0.917	-38.757	8.057	59.631	14.71	-24.90	-32.71	-21.753	24.193	15.700	0.95566	0.13831	-0.17816	-0.18915	25.9	null	null	13113	60
2026-05-27T16:55:26.802	WT901BLE68(F3:F0:16:BF:DC:AE)	0.411	0.144	0.874	-30.884	11.414	81.848	7.96	-24.06	-26.38	-21.753	24.193	15.700	0.95566	0.13831	-0.17816	-0.18915	25.9	null	null	13113	60
2026-05-27T16:55:26.927	WT901BLE68(F3:F0:16:BF:DC:AE)	0.562	0.045	0.949	-28.137	-10.986	118.103	0.85	-24.44	-18.09	-21.753	24.193	15.700	0.95566	0.13831	-0.17816	-0.18915	25.9	null	null	13113	60
2026-05-27T16:55:27.013	WT901BLE68(F3:F0:16:BF:DC:AE)	0.712	-0.046	0.805	-15.625	-89.539	163.513	-8.62	-29.37	-4.31	-21.753	24.193	15.700	0.95566	0.13831	-0.17816	-0.18915	25.9	null	null	13113	60
2026-05-27T16:55:27.129	WT901BLE68(F3:F0:16:BF:DC:AE)	0.667	-0.083	0.628	6.226	-72.510	164.551	-19.76	-33.40	13.71	-11.780	14.853	19.140	0.95566	0.13831	-0.17816	-0.18915	25.9	null	null	13113	60
2026-05-27T16:55:27.226	WT901BLE68(F3:F0:16:BF:DC:AE)	0.583	-0.088	0.612	38.025	-72.449	130.798	-28.56	-34.87	30.36	-11.780	14.853	19.140	0.95566	0.13831	-0.17816	-0.18915	25.9	null	null	13113	60
2026-05-27T16:55:27.342	WT901BLE68(F3:F0:16:BF:DC:AE)	0.418	-0.065	0.681	66.345	-53.650	67.932	-30.37	-35.83	41.48	-11.780	14.853	19.140	0.89484	-0.14349	-0.35934	0.22232	25.9	null	null	13113	60
2026-05-27T16:55:27.402	WT901BLE68(F3:F0:16:BF:DC:AE)	0.938	-0.169	0.817	41.626	-204.346	17.761	-32.09	-45.76	57.16	-11.780	14.853	19.140	0.89484	-0.14349	-0.35934	0.22232	25.9	null	null	13113	60
2026-05-27T16:55:27.525	WT901BLE68(F3:F0:16:BF:DC:AE)	0.732	-0.276	0.694	-26.428	-2.991	-9.888	-34.56	-50.07	63.93	-11.780	14.853	19.140	0.89484	-0.14349	-0.35934	0.22232	25.9	null	null	13113	60
2026-05-27T16:55:27.616	WT901BLE68(F3:F0:16:BF:DC:AE)	0.811	-0.184	0.450	-38.391	19.348	-41.992	-34.87	-51.05	62.33	-11.780	14.853	19.140	0.89484	-0.14349	-0.35934	0.22232	25.9	null	null	13113	60
2026-05-27T16:55:27.735	WT901BLE68(F3:F0:16:BF:DC:AE)	0.775	-0.065	0.414	18.372	143.799	-101.074	-23.54	-47.98	48.48	-11.780	14.853	19.140	0.89484	-0.14349	-0.35934	0.22232	25.9	null	null	13113	60
2026-05-27T16:55:27.825	WT901BLE68(F3:F0:16:BF:DC:AE)	0.191	0.011	0.341	113.708	156.982	-146.301	-1.63	-33.56	25.44	-11.780	14.853	19.140	0.89484	-0.14349	-0.35934	0.22232	25.9	null	null	13113	60
2026-05-27T16:55:27.940	WT901BLE68(F3:F0:16:BF:DC:AE)	0.665	0.683	0.990	148.315	-65.125	-171.570	21.97	-31.66	4.99	-11.780	14.853	19.140	0.89484	-0.14349	-0.35934	0.22232	25.9	null	null	13113	60
2026-05-27T16:55:28.002	WT901BLE68(F3:F0:16:BF:DC:AE)	0.165	0.848	1.224	-30.396	-48.584	-117.188	33.61	-21.92	-8.70	-13.913	36.893	-4.687	0.89484	-0.14349	-0.35934	0.22232	25.9	null	null	13113	60
2026-05-27T16:55:28.153	WT901BLE68(F3:F0:16:BF:DC:AE)	0.693	0.475	0.719	-112.000	-171.936	-101.868	34.98	-32.17	-32.31	-13.913	36.893	-4.687	0.89484	-0.14349	-0.35934	0.22232	25.9	null	null	13113	60
2026-05-27T16:55:28.209	WT901BLE68(F3:F0:16:BF:DC:AE)	0.447	0.446	0.739	-77.637	21.179	-81.909	31.43	-29.52	-44.30	-13.913	36.893	-4.687	0.89020	0.16495	-0.34335	-0.24969	25.9	null	null	13113	60
2026-05-27T16:55:28.333	WT901BLE68(F3:F0:16:BF:DC:AE)	0.430	0.417	0.696	-83.923	-95.215	-69.702	28.49	-29.00	-54.50	-13.913	36.893	-4.687	0.89020	0.16495	-0.34335	-0.24969	25.9	null	null	13113	60
2026-05-27T16:55:28.422	WT901BLE68(F3:F0:16:BF:DC:AE)	0.603	0.195	0.731	-21.240	-33.386	-61.157	28.10	-30.87	-64.65	-13.913	36.893	-4.687	0.89020	0.16495	-0.34335	-0.24969	25.9	null	null	13113	60
2026-05-27T16:55:28.545	WT901BLE68(F3:F0:16:BF:DC:AE)	0.732	0.317	0.713	17.883	-34.729	8.850	30.37	-31.05	-69.04	-13.913	36.893	-4.687	0.89020	0.16495	-0.34335	-0.24969	25.9	null	null	13113	60
2026-05-27T16:55:28.633	WT901BLE68(F3:F0:16:BF:DC:AE)	0.788	0.255	0.696	51.636	26.184	98.145	29.98	-35.76	-63.35	-13.913	36.893	-4.687	0.89020	0.16495	-0.34335	-0.24969	25.9	null	null	13113	60
2026-05-27T16:55:28.757	WT901BLE68(F3:F0:16:BF:DC:AE)	0.825	0.375	0.691	70.129	51.941	154.602	25.49	-38.32	-46.24	-13.913	36.893	-4.687	0.89020	0.16495	-0.34335	-0.24969	25.9	null	null	13113	60
2026-05-27T16:55:28.814	WT901BLE68(F3:F0:16:BF:DC:AE)	0.876	0.357	0.639	84.045	28.748	185.852	18.73	-42.54	-24.35	-13.913	36.893	-4.687	0.89020	0.16495	-0.34335	-0.24969	25.9	null	null	13113	60
2026-05-27T16:55:28.966	WT901BLE68(F3:F0:16:BF:DC:AE)	0.860	0.344	0.718	75.073	51.331	191.345	9.08	-43.60	1.10	-13.913	36.893	-4.687	0.89020	0.16495	-0.34335	-0.24969	25.9	null	null	13113	60
2026-05-27T16:55:29.020	WT901BLE68(F3:F0:16:BF:DC:AE)	0.812	0.227	0.692	23.132	-5.737	178.955	-2.63	-42.63	24.70	-0.893	28.747	1.487	0.89020	0.16495	-0.34335	-0.24969	25.9	null	null	13113	60
2026-05-27T16:55:29.139	WT901BLE68(F3:F0:16:BF:DC:AE)	0.828	0.109	0.546	-8.911	-31.677	167.786	-17.68	-43.66	47.97	-0.893	28.747	1.487	0.88907	0.03894	-0.37650	0.25729	25.9	null	null	13113	60
2026-05-27T16:55:29.235	WT901BLE68(F3:F0:16:BF:DC:AE)	0.498	0.068	0.371	16.235	-91.003	107.422	-30.30	-44.35	70.06	-0.893	28.747	1.487	0.88907	0.03894	-0.37650	0.25729	25.9	null	null	13113	60
2026-05-27T16:55:29.357	WT901BLE68(F3:F0:16:BF:DC:AE)	0.462	0.063	0.313	98.816	-41.321	0.610	-27.95	-47.08	80.96	-0.893	28.747	1.487	0.88907	0.03894	-0.37650	0.25729	25.9	null	null	13113	60
2026-05-27T16:55:29.413	WT901BLE68(F3:F0:16:BF:DC:AE)	0.957	-0.051	0.620	118.164	-91.309	-56.396	-11.91	-55.30	79.27	-0.893	28.747	1.487	0.88907	0.03894	-0.37650	0.25729	25.9	null	null	13113	60
2026-05-27T16:55:29.563	WT901BLE68(F3:F0:16:BF:DC:AE)	1.136	-0.020	1.144	17.761	12.207	2.136	-1.26	-59.30	75.96	-0.893	28.747	1.487	0.88907	0.03894	-0.37650	0.25729	25.9	null	null	13113	60
2026-05-27T16:55:29.621	WT901BLE68(F3:F0:16:BF:DC:AE)	0.723	0.102	0.700	-95.886	13.672	-15.381	-6.72	-56.90	76.00	-0.893	28.747	1.487	0.88907	0.03894	-0.37650	0.25729	25.9	null	null	13113	60
2026-05-27T16:55:29.748	WT901BLE68(F3:F0:16:BF:DC:AE)	0.896	0.124	0.393	-104.736	-3.784	-40.039	-12.05	-57.57	70.92	-0.893	28.747	1.487	0.88907	0.03894	-0.37650	0.25729	25.9	null	null	13113	60
2026-05-27T16:55:29.831	WT901BLE68(F3:F0:16:BF:DC:AE)	0.814	0.055	0.046	-31.067	12.085	-56.274	-9.84	-57.35	61.78	25.893	6.380	-19.773	0.88907	0.03894	-0.37650	0.25729	25.9	null	null	13113	60
2026-05-27T16:55:29.952	WT901BLE68(F3:F0:16:BF:DC:AE)	0.767	0.047	0.247	49.805	-59.875	-78.796	6.36	-60.85	48.32	25.893	6.380	-19.773	0.88907	0.03894	-0.37650	0.25729	25.9	null	null	13113	60
2026-05-27T16:55:30.042	WT901BLE68(F3:F0:16:BF:DC:AE)	1.282	-0.060	0.824	-49.133	-45.715	-30.762	20.36	-65.66	32.39	25.893	6.380	-19.773	0.76727	0.29233	-0.46222	0.33478	25.9	null	null	13113	60
2026-05-27T16:55:30.166	WT901BLE68(F3:F0:16:BF:DC:AE)	1.038	0.155	0.627	-158.325	25.757	40.100	3.83	-68.75	38.02	25.893	6.380	-19.773	0.76727	0.29233	-0.46222	0.33478	25.9	null	null	13113	60
2026-05-27T16:55:30.221	WT901BLE68(F3:F0:16:BF:DC:AE)	0.782	0.186	0.300	-181.702	22.339	8.972	-18.26	-64.36	44.69	25.893	6.380	-19.773	0.76727	0.29233	-0.46222	0.33478	25.9	null	null	13113	60
2026-05-27T16:55:30.343	WT901BLE68(F3:F0:16:BF:DC:AE)	0.887	0.090	0.158	-140.381	104.553	-52.368	-26.04	-61.07	37.45	25.893	6.380	-19.773	0.76727	0.29233	-0.46222	0.33478	25.9	null	null	13113	60
2026-05-27T16:55:30.431	WT901BLE68(F3:F0:16:BF:DC:AE)	0.822	0.037	0.268	-71.289	165.222	-125.122	-15.46	-51.31	12.58	25.893	6.380	-19.773	0.76727	0.29233	-0.46222	0.33478	25.9	null	null	13113	60
2026-05-27T16:55:30.554	WT901BLE68(F3:F0:16:BF:DC:AE)	0.864	0.069	0.326	-62.683	-74.219	-150.330	-4.41	-50.67	-11.96	25.893	6.380	-19.773	0.76727	0.29233	-0.46222	0.33478	25.9	null	null	13113	60
2026-05-27T16:55:30.646	WT901BLE68(F3:F0:16:BF:DC:AE)	0.931	-0.091	0.281	-62.988	14.404	-169.556	10.51	-53.84	-40.48	25.893	6.380	-19.773	0.76727	0.29233	-0.46222	0.33478	25.9	null	null	13113	60
2026-05-27T16:55:30.760	WT901BLE68(F3:F0:16:BF:DC:AE)	1.157	0.050	0.612	11.047	90.881	-83.923	21.71	-46.01	-59.75	-13.447	16.660	16.653	0.76727	0.29233	-0.46222	0.33478	25.9	null	null	13113	60
2026-05-27T16:55:30.822	WT901BLE68(F3:F0:16:BF:DC:AE)	1.006	0.018	0.637	26.917	-21.057	57.556	22.69	-45.64	-59.94	-13.447	16.660	16.653	0.76727	0.29233	-0.46222	0.33478	25.9	null	null	13113	60
2026-05-27T16:55:30.975	WT901BLE68(F3:F0:16:BF:DC:AE)	0.916	0.080	0.695	23.071	32.471	88.135	16.98	-48.57	-49.66	-13.447	16.660	16.653	0.76727	0.29233	-0.46222	0.33478	25.9	null	null	13113	60
2026-05-27T16:55:31.029	WT901BLE68(F3:F0:16:BF:DC:AE)	0.927	0.074	0.668	26.428	16.968	120.483	6.73	-47.82	-34.27	-13.447	16.660	16.653	0.86600	-0.05865	-0.40991	-0.28009	25.9	null	null	13113	60
2026-05-27T16:55:31.155	WT901BLE68(F3:F0:16:BF:DC:AE)	0.916	-0.036	0.602	50.232	-8.850	148.438	-3.84	-47.38	-15.96	-13.447	16.660	16.653	0.86600	-0.05865	-0.40991	-0.28009	25.9	null	null	13113	60
2026-05-27T16:55:31.246	WT901BLE68(F3:F0:16:BF:DC:AE)	0.959	-0.125	0.489	39.917	-27.893	159.851	-16.18	-47.63	5.28	-13.447	16.660	16.653	0.86600	-0.05865	-0.40991	-0.28009	25.9	null	null	13113	60
2026-05-27T16:55:31.363	WT901BLE68(F3:F0:16:BF:DC:AE)	0.885	-0.135	0.403	43.884	-33.875	165.161	-28.83	-44.93	26.57	-13.447	16.660	16.653	0.86600	-0.05865	-0.40991	-0.28009	25.9	null	null	13113	60
2026-05-27T16:55:31.452	WT901BLE68(F3:F0:16:BF:DC:AE)	0.724	-0.087	0.292	61.768	-56.824	134.216	-37.86	-41.14	43.83	-13.447	16.660	16.653	0.86600	-0.05865	-0.40991	-0.28009	25.9	null	null	13113	60
2026-05-27T16:55:31.574	WT901BLE68(F3:F0:16:BF:DC:AE)	0.577	-0.106	0.128	109.863	-144.043	85.083	-39.67	-40.86	65.81	-13.447	16.660	16.653	0.86600	-0.05865	-0.40991	-0.28009	25.9	null	null	13113	60
2026-05-27T16:55:31.632	WT901BLE68(F3:F0:16:BF:DC:AE)	0.702	-0.304	0.889	149.780	-114.441	28.748	-36.44	-49.19	86.63	23.700	-9.040	-4.800	0.86600	-0.05865	-0.40991	-0.28009	25.9	null	null	13113	60
2026-05-27T16:55:31.757	WT901BLE68(F3:F0:16:BF:DC:AE)	0.814	-0.446	1.263	30.029	78.491	45.593	-30.01	-47.80	93.92	23.700	-9.040	-4.800	0.86600	-0.05865	-0.40991	-0.28009	25.9	null	null	13113	60
2026-05-27T16:55:31.839	WT901BLE68(F3:F0:16:BF:DC:AE)	0.681	-0.364	0.536	-79.346	-32.043	49.316	-36.55	-43.24	100.00	23.700	-9.040	-4.800	0.66846	0.09625	-0.43268	0.59714	25.9	null	null	13113	60
2026-05-27T16:55:31.962	WT901BLE68(F3:F0:16:BF:DC:AE)	0.716	-0.233	0.209	-42.664	-50.476	19.653	-49.85	-44.58	111.73	23.700	-9.040	-4.800	0.66846	0.09625	-0.43268	0.59714	25.9	null	null	13113	60
2026-05-27T16:55:32.053	WT901BLE68(F3:F0:16:BF:DC:AE)	0.531	-0.212	0.211	41.687	9.277	-22.888	-46.64	-44.09	110.92	23.700	-9.040	-4.800	0.66846	0.09625	-0.43268	0.59714	25.9	null	null	13113	60
2026-05-27T16:55:32.175	WT901BLE68(F3:F0:16:BF:DC:AE)	1.046	-0.766	0.607	32.410	-4.944	-6.226	-44.12	-50.06	115.61	23.700	-9.040	-4.800	0.66846	0.09625	-0.43268	0.59714	25.9	null	null	13113	60
2026-05-27T16:55:32.234	WT901BLE68(F3:F0:16:BF:DC:AE)	0.771	-0.727	0.563	4.700	-15.076	32.104	-43.34	-48.53	117.94	23.700	-9.040	-4.800	0.66846	0.09625	-0.43268	0.59714	25.9	null	null	13113	60
2026-05-27T16:55:32.386	WT901BLE68(F3:F0:16:BF:DC:AE)	0.685	-0.659	0.417	68.359	13.794	32.227	-44.49	-46.83	124.32	23.700	-9.040	-4.800	0.66846	0.09625	-0.43268	0.59714	25.9	null	null	13113	60
2026-05-27T16:55:32.444	WT901BLE68(F3:F0:16:BF:DC:AE)	0.723	-0.089	0.403	65.186	16.907	12.878	-38.23	-44.40	126.48	23.700	-9.040	-4.800	0.66846	0.09625	-0.43268	0.59714	25.9	null	null	13113	60
2026-05-27T16:55:32.567	WT901BLE68(F3:F0:16:BF:DC:AE)	0.633	0.114	0.293	44.678	-39.185	19.714	-34.98	-45.30	130.76	23.700	-9.040	-4.800	0.66846	0.09625	-0.43268	0.59714	25.9	null	null	13113	60
2026-05-27T16:55:32.654	WT901BLE68(F3:F0:16:BF:DC:AE)	0.694	-0.343	0.701	83.252	-80.627	-33.325	-30.93	-51.71	135.97	30.853	-24.087	-17.940	0.66846	0.09625	-0.43268	0.59714	25.9	null	null	13113	60
2026-05-27T16:55:32.770	WT901BLE68(F3:F0:16:BF:DC:AE)	1.198	-0.433	1.099	5.493	-18.066	-21.545	-23.01	-56.72	133.37	30.853	-24.087	-17.940	0.42511	0.34332	-0.35632	0.75784	25.9	null	null	13113	60
2026-05-27T16:55:32.862	WT901BLE68(F3:F0:16:BF:DC:AE)	0.889	-0.324	0.531	-67.749	-51.514	35.400	-30.76	-58.24	137.66	30.853	-24.087	-17.940	0.42511	0.34332	-0.35632	0.75784	25.9	null	null	13113	60
2026-05-27T16:55:32.984	WT901BLE68(F3:F0:16:BF:DC:AE)	0.700	-0.157	0.210	-40.039	58.167	20.813	-40.18	-56.60	141.92	30.853	-24.087	-17.940	0.42511	0.34332	-0.35632	0.75784	25.9	null	null	13113	60
2026-05-27T16:55:33.073	WT901BLE68(F3:F0:16:BF:DC:AE)	0.603	-0.136	0.200	19.409	14.954	-34.546	-36.51	-55.19	137.30	30.853	-24.087	-17.940	0.42511	0.34332	-0.35632	0.75784	25.9	null	null	13113	60
2026-05-27T16:55:33.164	WT901BLE68(F3:F0:16:BF:DC:AE)	0.851	-0.103	0.305	34.302	-26.306	-52.063	-27.59	-59.00	130.72	30.853	-24.087	-17.940	0.42511	0.34332	-0.35632	0.75784	25.9	null	null	13113	60
2026-05-27T16:55:33.252	WT901BLE68(F3:F0:16:BF:DC:AE)	0.906	-0.083	0.524	5.859	-24.292	-58.105	-18.90	-64.45	123.21	30.853	-24.087	-17.940	0.42511	0.34332	-0.35632	0.75784	25.9	null	null	13113	60
2026-05-27T16:55:33.377	WT901BLE68(F3:F0:16:BF:DC:AE)	0.992	0.099	0.505	-52.673	-31.921	-80.872	-6.92	-67.41	106.95	30.853	-24.087	-17.940	0.42511	0.34332	-0.35632	0.75784	25.9	null	null	13113	60
2026-05-27T16:55:33.466	WT901BLE68(F3:F0:16:BF:DC:AE)	0.944	0.245	0.357	-81.177	51.819	-104.980	8.06	-66.67	82.79	27.620	1.380	-35.140	0.42511	0.34332	-0.35632	0.75784	25.9	null	null	13113	60
2026-05-27T16:55:33.584	WT901BLE68(F3:F0:16:BF:DC:AE)	0.807	0.435	0.348	-66.223	101.868	-182.739	21.73	-53.76	58.08	27.620	1.380	-35.140	0.42511	0.34332	-0.35632	0.75784	25.9	null	null	13113	60
2026-05-27T16:55:33.640	WT901BLE68(F3:F0:16:BF:DC:AE)	0.845	0.706	0.421	-92.529	-70.251	-209.839	34.07	-43.73	30.36	27.620	1.380	-35.140	0.78339	0.35406	-0.27390	0.43106	25.9	null	null	13113	60
2026-05-27T16:55:33.764	WT901BLE68(F3:F0:16:BF:DC:AE)	1.071	0.635	0.261	-128.479	-122.925	-199.829	43.53	-39.85	-2.26	27.620	1.380	-35.140	0.78339	0.35406	-0.27390	0.43106	25.9	null	null	13113	60
2026-05-27T16:55:33.854	WT901BLE68(F3:F0:16:BF:DC:AE)	1.067	0.426	0.397	-79.529	-45.715	-125.671	46.74	-35.28	-26.94	27.620	1.380	-35.140	0.78339	0.35406	-0.27390	0.43106	25.9	null	null	13113	60
2026-05-27T16:55:33.976	WT901BLE68(F3:F0:16:BF:DC:AE)	0.996	0.378	0.396	-28.076	-40.039	-31.128	47.60	-34.75	-38.22	27.620	1.380	-35.140	0.78339	0.35406	-0.27390	0.43106	25.9	null	null	13113	60
2026-05-27T16:55:34.063	WT901BLE68(F3:F0:16:BF:DC:AE)	0.876	0.375	0.448	10.315	-3.723	26.917	47.35	-37.37	-39.84	27.620	1.380	-35.140	0.78339	0.35406	-0.27390	0.43106	25.9	null	null	13113	60
2026-05-27T16:55:34.187	WT901BLE68(F3:F0:16:BF:DC:AE)	0.979	0.492	0.568	44.128	23.621	85.999	46.32	-42.42	-34.88	27.620	1.380	-35.140	0.78339	0.35406	-0.27390	0.43106	25.9	null	null	13113	60
2026-05-27T16:55:34.308	WT901BLE68(F3:F0:16:BF:DC:AE)	0.907	0.604	0.702	41.870	110.474	135.498	37.74	-45.37	-16.66	27.620	1.380	-35.140	0.78339	0.35406	-0.27390	0.43106	25.9	null	null	13113	60
2026-05-27T16:55:34.393	WT901BLE68(F3:F0:16:BF:DC:AE)	0.678	0.350	0.817	-9.094	102.539	149.475	20.95	-42.77	7.44	-11.593	35.680	-7.033	0.78339	0.35406	-0.27390	0.43106	25.9	null	null	13113	60
2026-05-27T16:55:34.450	WT901BLE68(F3:F0:16:BF:DC:AE)	0.690	0.078	0.834	-11.475	24.109	140.198	6.45	-41.03	25.98	-11.593	35.680	-7.033	0.78339	0.35406	-0.27390	0.43106	25.9	null	null	13113	60
2026-05-27T16:55:34.577	WT901BLE68(F3:F0:16:BF:DC:AE)	0.863	-0.004	0.722	-38.391	-12.939	129.578	-6.77	-40.60	41.48	-11.593	35.680	-7.033	0.78339	0.35406	-0.27390	0.43106	25.9	null	null	13113	60
2026-05-27T16:55:34.660	WT901BLE68(F3:F0:16:BF:DC:AE)	0.430	-0.031	0.609	-69.092	125.977	94.299	-19.25	-32.04	51.16	-11.593	35.680	-7.033	0.87286	0.04309	-0.35120	0.33588	25.9	null	null	13113	60
2026-05-27T16:55:34.784	WT901BLE68(F3:F0:16:BF:DC:AE)	0.479	-0.129	0.448	-55.847	-41.443	46.448	-29.51	-30.45	58.77	-11.593	35.680	-7.033	0.87286	0.04309	-0.35120	0.33588	25.9	null	null	13113	60
2026-05-27T16:55:34.877	WT901BLE68(F3:F0:16:BF:DC:AE)	0.639	-0.129	0.321	21.118	-80.017	38.635	-33.09	-33.11	71.74	-11.593	35.680	-7.033	0.87286	0.04309	-0.35120	0.33588	25.9	null	null	13113	60
2026-05-27T16:55:34.994	WT901BLE68(F3:F0:16:BF:DC:AE)	0.662	-0.474	0.625	56.763	-119.141	31.494	-33.90	-40.41	86.57	-11.593	35.680	-7.033	0.87286	0.04309	-0.35120	0.33588	25.9	null	null	13113	60
2026-05-27T16:55:35.052	WT901BLE68(F3:F0:16:BF:DC:AE)	0.780	-0.661	1.296	38.574	0.977	33.691	-32.85	-43.15	95.72	-11.593	35.680	-7.033	0.87286	0.04309	-0.35120	0.33588	25.9	null	null	13113	60
2026-05-27T16:55:35.176	WT901BLE68(F3:F0:16:BF:DC:AE)	0.540	-0.482	0.938	-70.251	17.029	42.236	-36.98	-37.69	99.50	-11.593	35.680	-7.033	0.87286	0.04309	-0.35120	0.33588	25.9	null	null	13113	60
2026-05-27T16:55:35.260	WT901BLE68(F3:F0:16:BF:DC:AE)	0.492	-0.479	0.432	-75.867	42.542	16.357	-45.36	-33.79	102.87	23.200	-18.893	-1.813	0.87286	0.04309	-0.35120	0.33588	25.9	null	null	13113	60
2026-05-27T16:55:35.386	WT901BLE68(F3:F0:16:BF:DC:AE)	0.517	-0.209	0.171	-33.447	5.493	-37.720	-47.38	-32.38	100.77	23.200	-18.893	-1.813	0.87286	0.04309	-0.35120	0.33588	25.9	null	null	13113	60
2026-05-27T16:55:35.476	WT901BLE68(F3:F0:16:BF:DC:AE)	0.580	-0.417	0.214	43.457	-66.895	-33.203	-46.43	-38.48	105.42	23.200	-18.893	-1.813	0.63693	-0.01193	-0.47540	0.60666	25.9	null	null	13113	60
2026-05-27T16:55:35.594	WT901BLE68(F3:F0:16:BF:DC:AE)	0.857	-0.725	0.783	51.453	-66.284	-36.011	-43.79	-47.78	112.52	23.200	-18.893	-1.813	0.63693	-0.01193	-0.47540	0.60666	25.9	null	null	13113	60
2026-05-27T16:55:35.683	WT901BLE68(F3:F0:16:BF:DC:AE)	0.958	-0.634	0.847	-46.143	14.343	24.048	-45.40	-49.33	114.97	23.200	-18.893	-1.813	0.63693	-0.01193	-0.47540	0.60666	25.9	null	null	13113	60
2026-05-27T16:55:35.806	WT901BLE68(F3:F0:16:BF:DC:AE)	0.681	-0.417	0.394	-51.697	26.123	32.166	-50.40	-44.70	116.01	23.200	-18.893	-1.813	0.63693	-0.01193	-0.47540	0.60666	25.9	null	null	13113	60
2026-05-27T16:55:35.858	WT901BLE68(F3:F0:16:BF:DC:AE)	0.496	-0.341	0.158	-15.625	29.602	-5.798	-52.53	-41.63	115.79	23.200	-18.893	-1.813	0.63693	-0.01193	-0.47540	0.60666	25.9	null	null	13113	60
2026-05-27T16:55:35.986	WT901BLE68(F3:F0:16:BF:DC:AE)	0.631	-0.466	0.264	41.382	-28.564	-45.654	-49.67	-44.15	115.58	23.200	-18.893	-1.813	0.63693	-0.01193	-0.47540	0.60666	25.9	null	null	13113	60
2026-05-27T16:55:36.076	WT901BLE68(F3:F0:16:BF:DC:AE)	0.830	-0.733	0.681	33.691	-26.367	-35.767	-45.08	-50.07	116.19	23.200	-18.893	-1.813	0.63693	-0.01193	-0.47540	0.60666	25.9	null	null	13113	60
2026-05-27T16:55:36.191	WT901BLE68(F3:F0:16:BF:DC:AE)	0.999	-0.604	0.727	-28.137	25.208	23.193	-43.70	-50.60	115.84	27.167	-9.900	-10.780	0.63693	-0.01193	-0.47540	0.60666	25.9	null	null	13113	60
2026-05-27T16:55:36.281	WT901BLE68(F3:F0:16:BF:DC:AE)	0.720	-0.485	0.468	-56.763	27.222	40.161	-48.30	-45.70	116.47	27.167	-9.900	-10.780	0.63693	-0.01193	-0.47540	0.60666	25.9	null	null	13113	60
2026-05-27T16:55:36.402	WT901BLE68(F3:F0:16:BF:DC:AE)	0.534	-0.373	0.248	-36.499	23.193	12.878	-52.27	-41.28	117.02	27.167	-9.900	-10.780	0.57297	0.07056	-0.51450	0.63397	25.9	null	null	13113	60
2026-05-27T16:55:36.461	WT901BLE68(F3:F0:16:BF:DC:AE)	0.569	-0.311	0.254	6.897	-8.850	-34.912	-52.64	-41.83	117.45	27.167	-9.900	-10.780	0.57297	0.07056	-0.51450	0.63397	25.9	null	null	13113	60
2026-05-27T16:55:36.585	WT901BLE68(F3:F0:16:BF:DC:AE)	0.654	-0.223	0.418	36.743	-6.287	-86.670	-47.27	-47.55	115.95	27.167	-9.900	-10.780	0.57297	0.07056	-0.51450	0.63397	25.9	null	null	13113	60
2026-05-27T16:55:36.676	WT901BLE68(F3:F0:16:BF:DC:AE)	0.885	-0.112	0.635	-29.175	-24.536	-164.856	-33.88	-55.16	102.30	27.167	-9.900	-10.780	0.57297	0.07056	-0.51450	0.63397	25.9	null	null	13113	60
2026-05-27T16:55:36.796	WT901BLE68(F3:F0:16:BF:DC:AE)	0.903	-0.003	0.572	-93.323	88.745	-195.190	-11.07	-58.59	68.09	27.167	-9.900	-10.780	0.57297	0.07056	-0.51450	0.63397	25.9	null	null	13113	60
2026-05-27T16:55:36.882	WT901BLE68(F3:F0:16:BF:DC:AE)	0.839	0.149	0.421	-71.228	19.653	-223.022	11.04	-53.39	28.49	27.167	-9.900	-10.780	0.57297	0.07056	-0.51450	0.63397	25.9	null	null	13113	60
2026-05-27T16:55:37.004	WT901BLE68(F3:F0:16:BF:DC:AE)	1.027	0.416	0.498	-15.137	23.315	-188.049	29.15	-44.29	-3.80	27.167	-9.900	-10.780	0.57297	0.07056	-0.51450	0.63397	25.9	null	null	13113	60
2026-05-27T16:55:37.094	WT901BLE68(F3:F0:16:BF:DC:AE)	0.933	0.602	0.565	10.986	3.296	-114.258	37.89	-34.71	-20.17	-23.993	30.740	7.000	0.57297	0.07056	-0.51450	0.63397	25.9	null	null	13113	60
2026-05-27T16:55:37.212	WT901BLE68(F3:F0:16:BF:DC:AE)	0.867	0.527	0.567	1.099	-56.335	-29.907	43.24	-33.80	-31.42	-23.993	30.740	7.000	0.57297	0.07056	-0.51450	0.63397	25.9	null	null	13113	60
2026-05-27T16:55:37.273	WT901BLE68(F3:F0:16:BF:DC:AE)	0.821	0.526	0.595	-5.737	-21.729	25.269	43.87	-36.16	-35.12	-23.993	30.740	7.000	0.87729	0.26013	-0.37283	-0.15344	25.9	null	null	13113	60
2026-05-27T16:55:37.393	WT901BLE68(F3:F0:16:BF:DC:AE)	1.153	0.495	0.521	10.193	-34.973	96.008	42.68	-44.42	-35.46	-23.993	30.740	7.000	0.87729	0.26013	-0.37283	-0.15344	25.9	null	null	13113	60
