time	DeviceName	AccX(g)	AccY(g)	AccZ(g)	AsX(°/s)	AsY(°/s)	AsZ(°/s)	AngleX(°)	AngleY(°)	AngleZ(°)	HX(uT)	HY(uT)	HZ(uT)	Q0()	Q1()	Q2()	Q3()	Temperature(°C)	Height(m)	Pressure(kPa)	Version()	Battery level(%)
2026-05-27T14:24:42.918	WT901BLE68(F3:F0:16:BF:DC:AE)	0.995	-0.029	0.023	0.671	-0.977	-0.488	-49.52	-88.26	-38.07	7.213	0.473	13.073	-0.52386	0.49295	0.49030	0.49200	26.1	null	null	13113	75
2026-05-27T14:24:43.001	WT901BLE68(F3:F0:16:BF:DC:AE)	1.007	-0.033	0.024	1.038	-1.404	-0.671	-50.21	-88.35	-37.17	7.213	0.473	13.073	-0.52386	0.49295	0.49030	0.49200	26.1	null	null	13113	75
2026-05-27T14:24:43.119	WT901BLE68(F3:F0:16:BF:DC:AE)	1.035	-0.109	0.121	9.155	-1.099	-0.366	-49.03	-88.50	-37.92	7.213	0.473	13.073	-0.52139	0.48923	0.50171	0.48682	26.1	null	null	13113	75
2026-05-27T14:24:43.208	WT901BLE68(F3:F0:16:BF:DC:AE)	1.081	-0.117	0.173	32.471	27.527	6.226	-35.41	-87.18	-48.94	7.213	0.473	13.073	-0.52139	0.48923	0.50171	0.48682	26.1	null	null	13113	75
2026-05-27T14:24:43.332	WT901BLE68(F3:F0:16:BF:DC:AE)	1.008	-0.001	0.085	27.222	29.053	12.024	-22.40	-83.53	-57.41	7.213	0.473	13.073	-0.52139	0.48923	0.50171	0.48682	26.1	null	null	13113	75
2026-05-27T14:24:43.389	WT901BLE68(F3:F0:16:BF:DC:AE)	0.944	-0.033	0.056	2.075	24.475	19.165	-25.34	-80.61	-52.34	7.213	0.473	13.073	-0.52139	0.48923	0.50171	0.48682	26.1	null	null	13113	75
2026-05-27T14:24:43.511	WT901BLE68(F3:F0:16:BF:DC:AE)	0.909	-0.052	0.035	13.672	6.653	10.986	-28.38	-78.98	-48.01	7.213	0.473	13.073	-0.52139	0.48923	0.50171	0.48682	26.1	null	null	13113	75
2026-05-27T14:24:43.601	WT901BLE68(F3:F0:16:BF:DC:AE)	0.975	-0.104	0.164	41.992	-3.052	3.418	-29.70	-79.01	-44.38	7.213	0.473	13.073	-0.52139	0.48923	0.50171	0.48682	26.1	null	null	13113	75
2026-05-27T14:24:43.723	WT901BLE68(F3:F0:16:BF:DC:AE)	0.959	-0.173	0.319	18.311	-9.827	13.000	-30.48	-79.40	-40.22	7.213	0.473	13.073	-0.52139	0.48923	0.50171	0.48682	26.1	null	null	13113	75
2026-05-27T14:24:43.808	WT901BLE68(F3:F0:16:BF:DC:AE)	0.896	-0.081	0.348	-19.653	0.366	20.447	-36.88	-78.61	-32.53	4.407	6.873	12.440	-0.52139	0.48923	0.50171	0.48682	26.1	null	null	13113	75
2026-05-27T14:24:43.931	WT901BLE68(F3:F0:16:BF:DC:AE)	0.824	-0.349	0.039	-13.916	-46.448	35.400	-52.23	-76.20	-19.17	4.407	6.873	12.440	-0.52139	0.48923	0.50171	0.48682	26.1	null	null	13113	75
2026-05-27T14:24:43.988	WT901BLE68(F3:F0:16:BF:DC:AE)	1.049	-0.088	0.277	93.323	-39.673	-5.371	-62.31	-76.64	-1.80	4.407	6.873	12.440	-0.65338	0.43710	0.50214	0.36023	26.1	null	null	13113	75
2026-05-27T14:24:44.111	WT901BLE68(F3:F0:16:BF:DC:AE)	0.931	0.074	-0.207	-15.015	-26.917	21.851	-76.49	-78.13	17.40	4.407	6.873	12.440	-0.65338	0.43710	0.50214	0.36023	26.1	null	null	13113	75
2026-05-27T14:24:44.201	WT901BLE68(F3:F0:16:BF:DC:AE)	0.960	-0.305	-0.288	14.160	-62.500	-19.104	-104.14	-77.68	45.15	4.407	6.873	12.440	-0.65338	0.43710	0.50214	0.36023	26.1	null	null	13113	75
2026-05-27T14:24:44.322	WT901BLE68(F3:F0:16:BF:DC:AE)	0.981	-0.091	-0.261	-31.677	-63.477	-15.686	-133.42	-76.15	78.64	4.407	6.873	12.440	-0.65338	0.43710	0.50214	0.36023	26.1	null	null	13113	75
2026-05-27T14:24:44.408	WT901BLE68(F3:F0:16:BF:DC:AE)	0.921	-0.181	-0.273	-22.217	-62.012	-31.860	-157.36	-71.35	104.23	4.407	6.873	12.440	-0.65338	0.43710	0.50214	0.36023	26.1	null	null	13113	75
2026-05-27T14:24:44.532	WT901BLE68(F3:F0:16:BF:DC:AE)	0.996	-0.005	-0.247	-36.926	-8.972	12.634	-162.03	-70.00	113.13	4.407	6.873	12.440	-0.65338	0.43710	0.50214	0.36023	26.1	null	null	13113	75
2026-05-27T14:24:44.620	WT901BLE68(F3:F0:16:BF:DC:AE)	0.935	-0.204	-0.490	-35.706	-9.827	-2.625	-167.29	-67.96	117.02	4.407	6.873	12.440	-0.65338	0.43710	0.50214	0.36023	26.1	null	null	13113	75
2026-05-27T14:24:44.740	WT901BLE68(F3:F0:16:BF:DC:AE)	0.949	-0.020	-0.314	5.005	-8.667	-9.827	-169.39	-66.98	123.70	16.280	5.900	-11.593	-0.65338	0.43710	0.50214	0.36023	26.1	null	null	13113	75
2026-05-27T14:24:44.798	WT901BLE68(F3:F0:16:BF:DC:AE)	0.912	-0.136	-0.387	-34.912	-17.517	-9.949	-173.77	-65.64	129.86	16.280	5.900	-11.593	-0.51102	0.33060	0.77081	0.18781	26.1	null	null	13113	75
2026-05-27T14:24:44.921	WT901BLE68(F3:F0:16:BF:DC:AE)	0.931	-0.138	-0.328	-16.968	-14.709	-17.029	-177.70	-64.30	136.87	16.280	5.900	-11.593	-0.51102	0.33060	0.77081	0.18781	26.1	null	null	13113	75
2026-05-27T14:24:45.009	WT901BLE68(F3:F0:16:BF:DC:AE)	1.090	-0.081	-0.340	29.846	-2.014	-32.166	177.47	-63.04	146.35	16.280	5.900	-11.593	-0.51102	0.33060	0.77081	0.18781	26.1	null	null	13113	75
2026-05-27T14:24:45.130	WT901BLE68(F3:F0:16:BF:DC:AE)	0.942	-0.034	0.036	33.813	51.514	-5.005	179.54	-66.21	152.97	16.280	5.900	-11.593	-0.51102	0.33060	0.77081	0.18781	26.1	null	null	13113	75
2026-05-27T14:24:45.221	WT901BLE68(F3:F0:16:BF:DC:AE)	1.125	-0.022	-0.229	-35.034	123.657	29.419	-177.12	-76.64	151.78	16.280	5.900	-11.593	-0.51102	0.33060	0.77081	0.18781	26.1	null	null	13113	75
2026-05-27T14:24:45.340	WT901BLE68(F3:F0:16:BF:DC:AE)	1.066	-0.120	-0.337	9.460	108.704	62.805	-113.44	-84.25	87.09	16.280	5.900	-11.593	-0.51102	0.33060	0.77081	0.18781	26.1	null	null	13113	75
2026-05-27T14:24:45.400	WT901BLE68(F3:F0:16:BF:DC:AE)	0.971	-0.035	-0.257	58.594	63.782	37.781	-59.90	-79.12	37.74	16.280	5.900	-11.593	-0.51102	0.33060	0.77081	0.18781	26.1	null	null	13113	75
2026-05-27T14:24:45.520	WT901BLE68(F3:F0:16:BF:DC:AE)	0.814	0.084	-0.161	36.621	24.170	31.921	-52.73	-75.23	34.39	16.280	5.900	-11.593	-0.51102	0.33060	0.77081	0.18781	26.1	null	null	13113	75
2026-05-27T14:24:45.608	WT901BLE68(F3:F0:16:BF:DC:AE)	0.781	-0.050	0.009	-19.348	-26.367	10.620	-59.65	-74.81	40.70	3.127	4.167	2.613	-0.51102	0.33060	0.77081	0.18781	26.1	null	null	13113	75
2026-05-27T14:24:45.729	WT901BLE68(F3:F0:16:BF:DC:AE)	1.001	-0.524	0.491	33.875	-20.142	21.240	-74.44	-74.96	55.06	3.127	4.167	2.613	-0.51102	0.33060	0.77081	0.18781	26.1	null	null	13113	75
2026-05-27T14:24:45.819	WT901BLE68(F3:F0:16:BF:DC:AE)	0.832	-0.113	-0.095	39.001	-61.035	-14.465	-76.33	-75.96	64.79	3.127	4.167	2.613	-0.73196	0.18314	0.65601	0.01596	26.1	null	null	13113	75
2026-05-27T14:24:45.941	WT901BLE68(F3:F0:16:BF:DC:AE)	1.137	-0.060	0.079	23.987	-40.588	-16.663	-86.17	-78.22	83.18	3.127	4.167	2.613	-0.73196	0.18314	0.65601	0.01596	26.1	null	null	13113	75
2026-05-27T14:24:46.030	WT901BLE68(F3:F0:16:BF:DC:AE)	0.857	0.033	-0.083	-0.732	-55.420	-7.019	-112.40	-78.01	114.97	3.127	4.167	2.613	-0.73196	0.18314	0.65601	0.01596	26.1	null	null	13113	75
2026-05-27T14:24:46.152	WT901BLE68(F3:F0:16:BF:DC:AE)	0.994	-0.301	-0.224	15.381	-46.631	-7.019	-130.94	-76.01	136.60	3.127	4.167	2.613	-0.73196	0.18314	0.65601	0.01596	26.1	null	null	13113	75
2026-05-27T14:24:46.210	WT901BLE68(F3:F0:16:BF:DC:AE)	0.944	-0.153	-0.228	-14.404	-27.100	-3.723	-141.19	-74.08	150.90	3.127	4.167	2.613	-0.73196	0.18314	0.65601	0.01596	26.1	null	null	13113	75
2026-05-27T14:24:46.330	WT901BLE68(F3:F0:16:BF:DC:AE)	0.922	-0.183	-0.281	-23.376	-25.879	0.854	-148.41	-71.94	158.60	3.127	4.167	2.613	-0.73196	0.18314	0.65601	0.01596	26.1	null	null	13113	75
2026-05-27T14:24:46.421	WT901BLE68(F3:F0:16:BF:DC:AE)	0.993	-0.193	-0.264	-9.094	-27.100	-8.606	-154.70	-70.04	166.16	3.127	4.167	2.613	-0.73196	0.18314	0.65601	0.01596	26.1	null	null	13113	75
2026-05-27T14:24:46.538	WT901BLE68(F3:F0:16:BF:DC:AE)	0.907	-0.111	-0.395	-27.649	-25.635	-6.104	-160.56	-68.30	173.01	7.133	11.533	-22.560	-0.73196	0.18314	0.65601	0.01596	26.1	null	null	13113	75
2026-05-27T14:24:46.662	WT901BLE68(F3:F0:16:BF:DC:AE)	0.964	-0.209	-0.255	-11.963	-18.433	-17.578	-167.27	-66.35	-179.72	7.133	11.533	-22.560	-0.73196	0.18314	0.65601	0.01596	26.1	null	null	13113	75
2026-05-27T14:24:46.748	WT901BLE68(F3:F0:16:BF:DC:AE)	0.989	-0.049	-0.357	-24.353	-16.968	-20.691	-173.44	-64.67	-172.40	7.133	11.533	-22.560	-0.53839	-0.07120	0.83459	-0.09174	26.1	null	null	13113	75
2026-05-27T14:24:46.810	WT901BLE68(F3:F0:16:BF:DC:AE)	1.046	-0.160	-0.225	-31.982	6.042	-12.512	-178.07	-64.96	-168.06	7.133	11.533	-22.560	-0.53839	-0.07120	0.83459	-0.09174	26.1	null	null	13113	75
2026-05-27T14:24:46.935	WT901BLE68(F3:F0:16:BF:DC:AE)	1.241	-0.066	0.287	14.465	96.802	8.057	-177.55	-70.19	-166.86	7.133	11.533	-22.560	-0.53839	-0.07120	0.83459	-0.09174	26.1	null	null	13113	75
2026-05-27T14:24:47.054	WT901BLE68(F3:F0:16:BF:DC:AE)	1.194	0.116	-0.269	-70.435	112.915	54.810	-158.69	-82.35	172.26	7.133	11.533	-22.560	-0.53839	-0.07120	0.83459	-0.09174	26.1	null	null	13113	75
2026-05-27T14:24:47.144	WT901BLE68(F3:F0:16:BF:DC:AE)	1.034	0.116	-0.247	-21.423	90.088	54.810	-78.46	-81.51	88.52	7.133	11.533	-22.560	-0.53839	-0.07120	0.83459	-0.09174	26.1	null	null	13113	75
2026-05-27T14:24:47.232	WT901BLE68(F3:F0:16:BF:DC:AE)	0.851	0.021	-0.146	46.326	45.776	34.302	-57.43	-76.23	70.31	7.133	11.533	-22.560	-0.53839	-0.07120	0.83459	-0.09174	26.1	null	null	13113	75
2026-05-27T14:24:47.351	WT901BLE68(F3:F0:16:BF:DC:AE)	0.792	0.059	-0.082	21.606	9.460	16.541	-52.61	-74.47	70.77	7.133	11.533	-22.560	-0.53839	-0.07120	0.83459	-0.09174	26.1	null	null	13113	75
2026-05-27T14:24:47.408	WT901BLE68(F3:F0:16:BF:DC:AE)	0.846	-0.266	0.207	-11.292	-41.016	-1.404	-62.69	-76.22	80.02	5.173	6.500	-5.420	-0.53839	-0.07120	0.83459	-0.09174	26.1	null	null	13113	75
2026-05-27T14:24:47.563	WT901BLE68(F3:F0:16:BF:DC:AE)	0.872	0.017	0.197	30.212	-48.706	-11.658	-61.14	-78.33	88.07	5.173	6.500	-5.420	-0.53839	-0.07120	0.83459	-0.09174	26.1	null	null	13113	75
2026-05-27T14:24:47.619	WT901BLE68(F3:F0:16:BF:DC:AE)	1.364	0.217	0.192	-13.733	-40.039	-5.066	-80.02	-80.98	111.15	5.173	6.500	-5.420	-0.68292	-0.11096	0.68536	-0.22684	26.1	null	null	13113	75
2026-05-27T14:24:47.740	WT901BLE68(F3:F0:16:BF:DC:AE)	0.791	-0.098	-0.185	-10.925	-71.533	2.625	-113.60	-79.90	145.59	5.173	6.500	-5.420	-0.68292	-0.11096	0.68536	-0.22684	26.1	null	null	13113	75
2026-05-27T14:24:47.862	WT901BLE68(F3:F0:16:BF:DC:AE)	0.910	-0.158	-0.331	11.780	-60.242	-12.268	-134.25	-76.70	168.04	5.173	6.500	-5.420	-0.68292	-0.11096	0.68536	-0.22684	26.1	null	null	13113	75
2026-05-27T14:24:47.948	WT901BLE68(F3:F0:16:BF:DC:AE)	0.954	-0.136	-0.259	-53.833	-35.706	-0.427	-149.92	-73.27	-174.71	5.173	6.500	-5.420	-0.68292	-0.11096	0.68536	-0.22684	26.1	null	null	13113	75
2026-05-27T14:24:48.041	WT901BLE68(F3:F0:16:BF:DC:AE)	0.923	-0.230	-0.315	-31.128	-22.095	-2.991	-159.02	-70.61	-168.68	5.173	6.500	-5.420	-0.68292	-0.11096	0.68536	-0.22684	26.1	null	null	13113	75
2026-05-27T14:24:48.164	WT901BLE68(F3:F0:16:BF:DC:AE)	0.948	-0.107	-0.308	-10.010	-19.043	-10.742	-163.65	-68.76	-162.95	5.173	6.500	-5.420	-0.68292	-0.11096	0.68536	-0.22684	26.1	null	null	13113	75
2026-05-27T14:24:48.218	WT901BLE68(F3:F0:16:BF:DC:AE)	0.931	-0.130	-0.399	-21.667	-21.362	-9.460	-168.55	-66.74	-158.13	6.500	11.600	-29.820	-0.68292	-0.11096	0.68536	-0.22684	26.1	null	null	13113	75
2026-05-27T14:24:48.343	WT901BLE68(F3:F0:16:BF:DC:AE)	0.892	-0.047	-0.335	-26.184	-19.714	-12.268	-172.59	-65.22	-153.78	6.500	11.600	-29.820	-0.68292	-0.11096	0.68536	-0.22684	26.1	null	null	13113	75
2026-05-27T14:24:48.430	WT901BLE68(F3:F0:16:BF:DC:AE)	0.973	-0.088	-0.311	-30.457	-4.333	-10.742	-176.84	-64.35	-149.93	6.500	11.600	-29.820	-0.68292	-0.11096	0.68536	-0.22684	26.1	null	null	13113	75
2026-05-27T14:24:48.549	WT901BLE68(F3:F0:16:BF:DC:AE)	1.113	-0.112	-0.265	0.244	18.799	-8.057	179.13	-64.42	-146.78	6.500	11.600	-29.820	-0.50879	-0.23438	0.81357	-0.15558	26.1	null	null	13113	75
2026-05-27T14:24:48.673	WT901BLE68(F3:F0:16:BF:DC:AE)	0.954	0.288	0.108	4.517	111.938	-5.127	-179.58	-70.30	-144.55	6.500	11.600	-29.820	-0.50879	-0.23438	0.81357	-0.15558	26.1	null	null	13113	75
2026-05-27T14:24:48.761	WT901BLE68(F3:F0:16:BF:DC:AE)	1.218	-0.037	-0.447	-86.914	87.219	50.842	-174.56	-82.25	-153.89	6.500	11.600	-29.820	-0.50879	-0.23438	0.81357	-0.15558	26.1	null	null	13113	75
2026-05-27T14:24:48.822	WT901BLE68(F3:F0:16:BF:DC:AE)	0.940	-0.029	-0.277	40.649	75.256	55.054	-87.80	-84.02	116.44	6.500	11.600	-29.820	-0.50879	-0.23438	0.81357	-0.15558	26.1	null	null	13113	75
2026-05-27T14:24:48.970	WT901BLE68(F3:F0:16:BF:DC:AE)	0.903	0.101	-0.081	78.369	36.316	24.353	-58.60	-79.49	93.87	6.500	11.600	-29.820	-0.50879	-0.23438	0.81357	-0.15558	26.1	null	null	13113	75
2026-05-27T14:24:49.032	WT901BLE68(F3:F0:16:BF:DC:AE)	0.906	0.038	-0.070	-25.452	4.456	25.208	-54.66	-77.72	93.60	6.500	11.600	-29.820	-0.50879	-0.23438	0.81357	-0.15558	26.1	null	null	13113	75
2026-05-27T14:24:49.148	WT901BLE68(F3:F0:16:BF:DC:AE)	0.849	-0.247	0.063	-23.743	-17.517	20.203	-67.25	-76.90	103.48	6.500	11.600	-29.820	-0.50879	-0.23438	0.81357	-0.15558	26.1	null	null	13113	75
2026-05-27T14:24:49.240	WT901BLE68(F3:F0:16:BF:DC:AE)	0.917	-0.370	0.463	64.331	-22.461	4.883	-75.61	-76.28	115.71	9.167	3.420	-9.980	-0.50879	-0.23438	0.81357	-0.15558	26.1	null	null	13113	75
2026-05-27T14:24:49.361	WT901BLE68(F3:F0:16:BF:DC:AE)	0.735	-0.180	-0.255	49.988	-60.608	-11.353	-74.33	-76.84	122.18	9.167	3.420	-9.980	-0.50879	-0.23438	0.81357	-0.15558	26.1	null	null	13113	75
2026-05-27T14:24:49.448	WT901BLE68(F3:F0:16:BF:DC:AE)	1.285	0.182	0.094	42.175	-51.453	-18.799	-87.14	-79.50	143.08	9.167	3.420	-9.980	-0.61243	-0.23300	0.65903	-0.36908	26.1	null	null	13113	75
2026-05-27T14:24:49.575	WT901BLE68(F3:F0:16:BF:DC:AE)	0.900	0.032	-0.206	-28.381	-59.814	7.446	-116.59	-79.15	173.88	9.167	3.420	-9.980	-0.61243	-0.23300	0.65903	-0.36908	26.1	null	null	13113	75
2026-05-27T14:24:49.628	WT901BLE68(F3:F0:16:BF:DC:AE)	0.979	-0.435	-0.268	4.272	-42.908	-1.648	-136.41	-76.01	-168.49	9.167	3.420	-9.980	-0.61243	-0.23300	0.65903	-0.36908	26.1	null	null	13113	75
2026-05-27T14:24:49.753	WT901BLE68(F3:F0:16:BF:DC:AE)	0.933	-0.142	-0.204	-27.283	-20.081	1.648	-142.44	-74.11	-160.97	9.167	3.420	-9.980	-0.61243	-0.23300	0.65903	-0.36908	26.1	null	null	13113	75
2026-05-27T14:24:49.838	WT901BLE68(F3:F0:16:BF:DC:AE)	0.946	-0.227	-0.253	-3.357	-26.672	-5.005	-148.92	-72.02	-155.53	9.167	3.420	-9.980	-0.61243	-0.23300	0.65903	-0.36908	26.1	null	null	13113	75
2026-05-27T14:24:49.960	WT901BLE68(F3:F0:16:BF:DC:AE)	0.949	-0.102	-0.329	-5.493	-26.184	-9.949	-154.20	-70.25	-148.95	9.167	3.420	-9.980	-0.61243	-0.23300	0.65903	-0.36908	26.1	null	null	13113	75
2026-05-27T14:24:50.051	WT901BLE68(F3:F0:16:BF:DC:AE)	0.924	-0.185	-0.341	-17.090	-17.273	-0.671	-157.70	-68.72	-145.38	9.167	3.420	-9.980	-0.61243	-0.23300	0.65903	-0.36908	26.1	null	null	13113	75
2026-05-27T14:24:50.168	WT901BLE68(F3:F0:16:BF:DC:AE)	0.937	-0.163	-0.333	-10.742	-12.939	-4.700	-160.58	-67.54	-142.92	8.720	8.867	-33.067	-0.61243	-0.23300	0.65903	-0.36908	26.1	null	null	13113	75
2026-05-27T14:24:50.230	WT901BLE68(F3:F0:16:BF:DC:AE)	0.894	-0.129	-0.390	-20.691	-13.550	-6.042	-164.15	-66.50	-140.03	8.720	8.867	-33.067	-0.47159	-0.35333	0.75128	-0.29706	26.1	null	null	13113	75
2026-05-27T14:24:50.380	WT901BLE68(F3:F0:16:BF:DC:AE)	0.925	-0.134	-0.359	-26.672	-15.442	-13.550	-169.22	-65.37	-136.53	8.720	8.867	-33.067	-0.47159	-0.35333	0.75128	-0.29706	26.1	null	null	13113	75
2026-05-27T14:24:50.441	WT901BLE68(F3:F0:16:BF:DC:AE)	0.914	-0.105	-0.367	-21.118	-15.259	-20.081	-174.91	-64.18	-131.84	8.720	8.867	-33.067	-0.47159	-0.35333	0.75128	-0.29706	26.1	null	null	13113	75
2026-05-27T14:24:50.558	WT901BLE68(F3:F0:16:BF:DC:AE)	0.932	-0.079	-0.369	-15.747	-7.324	-26.123	179.38	-63.28	-126.77	8.720	8.867	-33.067	-0.47159	-0.35333	0.75128	-0.29706	26.1	null	null	13113	75
2026-05-27T14:24:50.651	WT901BLE68(F3:F0:16:BF:DC:AE)	1.158	-0.043	-0.230	9.216	25.391	-10.559	176.15	-64.31	-122.24	8.720	8.867	-33.067	-0.47159	-0.35333	0.75128	-0.29706	26.1	null	null	13113	75
2026-05-27T14:24:50.774	WT901BLE68(F3:F0:16:BF:DC:AE)	1.062	0.003	-0.105	-20.752	90.332	17.029	175.57	-71.41	-121.42	8.720	8.867	-33.067	-0.47159	-0.35333	0.75128	-0.29706	26.1	null	null	13113	75
2026-05-27T14:24:50.861	WT901BLE68(F3:F0:16:BF:DC:AE)	1.084	0.025	-0.371	18.921	83.374	34.851	-170.26	-80.96	-136.47	8.720	8.867	-33.067	-0.47159	-0.35333	0.75128	-0.29706	26.1	null	null	13113	75
2026-05-27T14:24:50.984	WT901BLE68(F3:F0:16:BF:DC:AE)	0.985	-0.054	-0.247	23.010	65.491	49.438	-111.33	-84.14	166.05	8.720	8.867	-33.067	-0.47159	-0.35333	0.75128	-0.29706	26.1	null	null	13113	75
2026-05-27T14:24:51.042	WT901BLE68(F3:F0:16:BF:DC:AE)	0.918	0.013	-0.132	41.748	41.931	31.799	-73.49	-80.51	132.42	9.427	8.133	-19.987	-0.47159	-0.35333	0.75128	-0.29706	26.1	null	null	13113	75
2026-05-27T14:24:51.158	WT901BLE68(F3:F0:16:BF:DC:AE)	0.852	-0.002	-0.040	-19.104	19.958	25.208	-64.34	-78.00	125.25	9.427	8.133	-19.987	-0.47159	-0.35333	0.75128	-0.29706	26.1	null	null	13113	75
2026-05-27T14:24:51.249	WT901BLE68(F3:F0:16:BF:DC:AE)	0.864	-0.260	0.104	-25.024	-5.066	23.132	-72.61	-76.34	131.25	9.427	8.133	-19.987	-0.59955	-0.27444	0.61697	-0.42944	26.1	null	null	13113	75
2026-05-27T14:24:51.371	WT901BLE68(F3:F0:16:BF:DC:AE)	1.056	-0.366	0.502	34.302	11.597	1.404	-73.89	-74.89	133.99	9.427	8.133	-19.987	-0.59955	-0.27444	0.61697	-0.42944	26.1	null	null	13113	75
2026-05-27T14:24:51.463	WT901BLE68(F3:F0:16:BF:DC:AE)	1.271	-0.146	-0.064	10.681	-42.480	-26.367	-79.18	-76.66	142.43	9.427	8.133	-19.987	-0.59955	-0.27444	0.61697	-0.42944	26.1	null	null	13113	75
2026-05-27T14:24:51.586	WT901BLE68(F3:F0:16:BF:DC:AE)	0.949	-0.116	-0.181	10.681	-71.716	3.296	-95.63	-77.64	163.36	9.427	8.133	-19.987	-0.59955	-0.27444	0.61697	-0.42944	26.1	null	null	13113	75
2026-05-27T14:24:51.642	WT901BLE68(F3:F0:16:BF:DC:AE)	0.981	-0.190	-0.124	2.075	-57.251	1.892	-120.28	-76.29	-171.04	9.427	8.133	-19.987	-0.59955	-0.27444	0.61697	-0.42944	26.1	null	null	13113	75
2026-05-27T14:24:51.824	WT901BLE68(F3:F0:16:BF:DC:AE)	0.940	-0.188	-0.245	2.563	-36.560	-1.160	-131.63	-73.64	-158.37	9.427	8.133	-19.987	-0.59955	-0.27444	0.61697	-0.42944	26.1	null	null	13113	75
2026-05-27T14:24:51.849	WT901BLE68(F3:F0:16:BF:DC:AE)	0.913	-0.208	-0.290	-20.081	-31.067	4.944	-139.36	-71.30	-151.39	12.307	2.093	-31.487	-0.59955	-0.27444	0.61697	-0.42944	26.1	null	null	13113	75
2026-05-27T14:24:51.972	WT901BLE68(F3:F0:16:BF:DC:AE)	0.918	-0.253	-0.313	-33.936	-24.170	2.930	-145.20	-69.00	-147.21	12.307	2.093	-31.487	-0.59955	-0.27444	0.61697	-0.42944	26.1	null	null	13113	75
2026-05-27T14:24:52.064	WT901BLE68(F3:F0:16:BF:DC:AE)	0.927	-0.174	-0.351	-61.646	-19.043	3.540	-151.50	-67.24	-144.68	12.307	2.093	-31.487	-0.59955	-0.27444	0.61697	-0.42944	26.1	null	null	13113	75
2026-05-27T14:24:52.182	WT901BLE68(F3:F0:16:BF:DC:AE)	0.917	-0.260	-0.381	-45.471	-13.062	-2.380	-157.65	-65.73	-142.86	12.307	2.093	-31.487	-0.45013	-0.37091	0.73355	-0.34872	26.1	null	null	13113	75
2026-05-27T14:24:52.271	WT901BLE68(F3:F0:16:BF:DC:AE)	0.941	-0.128	-0.373	-48.828	-17.090	-5.310	-163.61	-64.54	-139.86	12.307	2.093	-31.487	-0.45013	-0.37091	0.73355	-0.34872	26.1	null	null	13113	75
2026-05-27T14:24:52.394	WT901BLE68(F3:F0:16:BF:DC:AE)	0.930	-0.221	-0.407	-60.242	-11.047	-5.493	-169.83	-63.43	-137.98	12.307	2.093	-31.487	-0.45013	-0.37091	0.73355	-0.34872	26.1	null	null	13113	75
2026-05-27T14:24:52.482	WT901BLE68(F3:F0:16:BF:DC:AE)	0.989	-0.080	-0.333	-39.124	0.366	-3.052	-174.55	-63.30	-136.46	12.307	2.093	-31.487	-0.45013	-0.37091	0.73355	-0.34872	26.1	null	null	13113	75
2026-05-27T14:24:52.573	WT901BLE68(F3:F0:16:BF:DC:AE)	1.006	-0.011	-0.147	-18.799	54.138	1.343	-175.37	-66.19	-136.43	12.307	2.093	-31.487	-0.45013	-0.37091	0.73355	-0.34872	26.1	null	null	13113	75
2026-05-27T14:24:52.662	WT901BLE68(F3:F0:16:BF:DC:AE)	1.097	0.153	-0.194	-97.900	101.440	22.644	-174.18	-75.95	-141.87	12.307	2.093	-31.487	-0.45013	-0.37091	0.73355	-0.34872	26.1	null	null	13113	75
2026-05-27T14:24:52.782	WT901BLE68(F3:F0:16:BF:DC:AE)	1.086	-0.038	-0.321	-37.292	95.459	49.377	-141.74	-83.33	179.41	12.307	2.093	-31.487	-0.45013	-0.37091	0.73355	-0.34872	26.1	null	null	13113	75
2026-05-27T14:24:52.869	WT901BLE68(F3:F0:16:BF:DC:AE)	0.954	0.000	-0.186	15.747	61.035	39.368	-75.75	-82.13	115.53	12.820	1.347	-12.620	-0.45013	-0.37091	0.73355	-0.34872	26.1	null	null	13113	75
2026-05-27T14:24:52.991	WT901BLE68(F3:F0:16:BF:DC:AE)	0.886	0.001	-0.070	-5.188	30.334	26.123	-60.31	-78.88	104.28	12.820	1.347	-12.620	-0.45013	-0.37091	0.73355	-0.34872	26.1	null	null	13113	75
2026-05-27T14:24:53.051	WT901BLE68(F3:F0:16:BF:DC:AE)	0.853	-0.207	0.089	-62.256	7.568	28.748	-58.80	-76.21	104.41	12.820	1.347	-12.620	-0.66132	-0.19531	0.63556	-0.34711	26.1	null	null	13113	75
2026-05-27T14:24:53.171	WT901BLE68(F3:F0:16:BF:DC:AE)	0.866	-0.342	0.195	-41.260	-0.427	24.170	-67.43	-73.84	113.62	12.820	1.347	-12.620	-0.66132	-0.19531	0.63556	-0.34711	26.1	null	null	13113	75
2026-05-27T14:24:53.259	WT901BLE68(F3:F0:16:BF:DC:AE)	0.951	-0.207	0.333	25.635	-15.503	-5.249	-75.06	-72.28	124.35	12.820	1.347	-12.620	-0.66132	-0.19531	0.63556	-0.34711	26.1	null	null	13113	75
2026-05-27T14:24:53.381	WT901BLE68(F3:F0:16:BF:DC:AE)	1.313	-0.210	-0.054	-9.460	-54.260	-28.320	-83.11	-74.62	139.82	12.820	1.347	-12.620	-0.66132	-0.19531	0.63556	-0.34711	26.1	null	null	13113	75
2026-05-27T14:24:53.507	WT901BLE68(F3:F0:16:BF:DC:AE)	0.937	0.066	-0.160	-3.662	-61.951	-24.170	-99.94	-75.66	163.87	12.820	1.347	-12.620	-0.66132	-0.19531	0.63556	-0.34711	26.1	null	null	13113	75
2026-05-27T14:24:53.621	WT901BLE68(F3:F0:16:BF:DC:AE)	1.071	-0.228	-0.201	-24.597	-35.400	4.578	-118.89	-74.95	-174.55	12.820	1.347	-12.620	-0.66132	-0.19531	0.63556	-0.34711	26.1	null	null	13113	75
2026-05-27T14:24:53.683	WT901BLE68(F3:F0:16:BF:DC:AE)	0.915	-0.196	-0.315	-18.494	-24.902	0.366	-128.98	-73.04	-163.17	18.093	-9.947	-14.887	-0.66132	-0.19531	0.63556	-0.34711	26.1	null	null	13113	75
2026-05-27T14:24:53.802	WT901BLE68(F3:F0:16:BF:DC:AE)	0.921	-0.237	-0.241	-38.818	-25.085	5.249	-137.13	-71.33	-155.00	18.093	-9.947	-14.887	-0.66132	-0.19531	0.63556	-0.34711	26.1	null	null	13113	75
2026-05-27T14:24:53.861	WT901BLE68(F3:F0:16:BF:DC:AE)	0.933	-0.247	-0.326	-25.269	-10.986	4.456	-142.79	-69.61	-150.09	18.093	-9.947	-14.887	-0.45639	-0.37585	0.70374	-0.39380	26.1	null	null	13113	75
2026-05-27T14:24:53.982	WT901BLE68(F3:F0:16:BF:DC:AE)	0.907	-0.181	-0.362	-45.288	-14.404	4.456	-147.64	-68.23	-145.64	18.093	-9.947	-14.887	-0.45639	-0.37585	0.70374	-0.39380	26.1	null	null	13113	75
2026-05-27T14:24:54.073	WT901BLE68(F3:F0:16:BF:DC:AE)	0.913	-0.244	-0.367	-33.569	-15.869	-3.845	-153.20	-66.73	-141.21	18.093	-9.947	-14.887	-0.45639	-0.37585	0.70374	-0.39380	26.1	null	null	13113	75
2026-05-27T14:24:54.195	WT901BLE68(F3:F0:16:BF:DC:AE)	0.928	-0.172	-0.321	-47.852	-11.597	-1.831	-158.94	-65.65	-136.06	18.093	-9.947	-14.887	-0.45639	-0.37585	0.70374	-0.39380	26.1	null	null	13113	75
2026-05-27T14:24:54.284	WT901BLE68(F3:F0:16:BF:DC:AE)	0.916	-0.216	-0.390	-54.688	-7.507	-4.272	-164.97	-64.55	-132.52	18.093	-9.947	-14.887	-0.45639	-0.37585	0.70374	-0.39380	26.1	null	null	13113	75
2026-05-27T14:24:54.403	WT901BLE68(F3:F0:16:BF:DC:AE)	0.952	-0.092	-0.298	-45.288	3.906	-10.925	-170.13	-64.04	-128.75	18.093	-9.947	-14.887	-0.45639	-0.37585	0.70374	-0.39380	26.1	null	null	13113	75
2026-05-27T14:24:54.460	WT901BLE68(F3:F0:16:BF:DC:AE)	1.077	-0.019	-0.308	-28.809	27.893	2.991	-172.79	-65.15	-126.18	18.093	-9.947	-14.887	-0.45639	-0.37585	0.70374	-0.39380	26.1	null	null	13113	75
2026-05-27T14:24:54.585	WT901BLE68(F3:F0:16:BF:DC:AE)	1.049	0.104	-0.071	-57.251	99.731	15.991	-171.57	-71.66	-128.30	18.093	-9.947	-14.887	-0.45639	-0.37585	0.70374	-0.39380	26.1	null	null	13113	75
2026-05-27T14:24:54.669	WT901BLE68(F3:F0:16:BF:DC:AE)	1.100	0.020	-0.370	-75.928	89.966	32.593	-160.09	-81.21	-143.81	19.153	-12.340	-16.333	-0.45639	-0.37585	0.70374	-0.39380	26.1	null	null	13113	75
2026-05-27T14:24:54.792	WT901BLE68(F3:F0:16:BF:DC:AE)	0.936	-0.025	-0.257	-16.724	60.852	40.649	-98.40	-83.92	154.15	19.153	-12.340	-16.333	-0.45639	-0.37585	0.70374	-0.39380	26.1	null	null	13113	75
2026-05-27T14:24:54.883	WT901BLE68(F3:F0:16:BF:DC:AE)	0.949	-0.035	-0.091	0.916	39.429	28.259	-61.68	-80.78	123.12	19.153	-12.340	-16.333	-0.60495	-0.29843	0.63156	-0.38211	26.1	null	null	13113	75
2026-05-27T14:24:55.002	WT901BLE68(F3:F0:16:BF:DC:AE)	0.933	-0.072	-0.005	-14.221	25.879	23.315	-54.10	-77.64	120.75	19.153	-12.340	-16.333	-0.60495	-0.29843	0.63156	-0.38211	26.1	null	null	13113	75
2026-05-27T14:24:55.122	WT901BLE68(F3:F0:16:BF:DC:AE)	0.910	-0.157	0.101	-32.166	11.963	21.667	-52.82	-75.38	123.37	19.153	-12.340	-16.333	-0.60495	-0.29843	0.63156	-0.38211	26.1	null	null	13113	75
2026-05-27T14:24:55.215	WT901BLE68(F3:F0:16:BF:DC:AE)	0.868	-0.260	0.127	-47.485	1.892	25.818	-59.74	-72.97	131.70	19.153	-12.340	-16.333	-0.60495	-0.29843	0.63156	-0.38211	26.1	null	null	13113	75
2026-05-27T14:24:55.270	WT901BLE68(F3:F0:16:BF:DC:AE)	0.882	-0.328	0.188	-14.893	-27.710	4.150	-69.27	-71.81	142.96	19.153	-12.340	-16.333	-0.60495	-0.29843	0.63156	-0.38211	26.1	null	null	13113	75
2026-05-27T14:24:55.393	WT901BLE68(F3:F0:16:BF:DC:AE)	0.934	-0.092	-0.166	0.366	-72.388	-38.757	-78.72	-74.16	158.59	19.153	-12.340	-16.333	-0.60495	-0.29843	0.63156	-0.38211	26.1	null	null	13113	75
2026-05-27T14:24:55.517	WT901BLE68(F3:F0:16:BF:DC:AE)	1.050	-0.194	0.060	-5.005	-45.227	-13.184	-93.81	-75.76	-179.42	19.153	-12.340	-16.333	-0.60495	-0.29843	0.63156	-0.38211	26.1	null	null	13113	75
2026-05-27T14:24:55.601	WT901BLE68(F3:F0:16:BF:DC:AE)	0.915	-0.189	-0.249	-24.231	-31.372	4.456	-112.43	-75.28	-157.79	8.627	-29.947	-5.613	-0.60495	-0.29843	0.63156	-0.38211	26.1	null	null	13113	75
2026-05-27T14:24:55.690	WT901BLE68(F3:F0:16:BF:DC:AE)	0.898	-0.245	-0.332	-40.344	-28.870	3.479	-122.56	-73.54	-145.71	8.627	-29.947	-5.613	-0.39337	-0.47629	0.58331	-0.52728	26.1	null	null	13113	75
2026-05-27T14:24:55.813	WT901BLE68(F3:F0:16:BF:DC:AE)	0.989	-0.228	-0.229	-44.495	-19.226	7.507	-132.97	-71.71	-135.06	8.627	-29.947	-5.613	-0.39337	-0.47629	0.58331	-0.52728	26.1	null	null	13113	75
2026-05-27T14:24:55.874	WT901BLE68(F3:F0:16:BF:DC:AE)	0.920	-0.253	-0.320	-52.002	-10.437	9.827	-139.22	-69.91	-130.24	8.627	-29.947	-5.613	-0.39337	-0.47629	0.58331	-0.52728	26.1	null	null	13113	75
2026-05-27T14:24:55.991	WT901BLE68(F3:F0:16:BF:DC:AE)	0.913	-0.217	-0.352	-53.223	-9.094	8.423	-143.57	-68.58	-127.17	8.627	-29.947	-5.613	-0.39337	-0.47629	0.58331	-0.52728	26.1	null	null	13113	75
2026-05-27T14:24:56.084	WT901BLE68(F3:F0:16:BF:DC:AE)	0.917	-0.214	-0.328	-37.537	-6.470	2.258	-147.71	-67.55	-123.50	8.627	-29.947	-5.613	-0.39337	-0.47629	0.58331	-0.52728	26.1	null	null	13113	75
2026-05-27T14:24:56.202	WT901BLE68(F3:F0:16:BF:DC:AE)	0.949	-0.158	-0.342	-68.420	-10.498	2.930	-153.69	-66.65	-119.51	8.627	-29.947	-5.613	-0.39337	-0.47629	0.58331	-0.52728	26.1	null	null	13113	75
2026-05-27T14:24:56.292	WT901BLE68(F3:F0:16:BF:DC:AE)	0.899	-0.145	-0.357	-73.792	-10.254	3.662	-160.42	-65.59	-115.93	8.627	-29.947	-5.613	-0.39337	-0.47629	0.58331	-0.52728	26.1	null	null	13113	75
2026-05-27T14:24:56.414	WT901BLE68(F3:F0:16:BF:DC:AE)	0.998	-0.157	-0.388	-55.786	-11.108	-3.479	-167.75	-64.56	-112.04	8.627	-29.947	-5.613	-0.39337	-0.47629	0.58331	-0.52728	26.1	null	null	13113	75
2026-05-27T14:24:56.503	WT901BLE68(F3:F0:16:BF:DC:AE)	1.189	0.036	-0.264	-52.856	22.400	9.583	-172.41	-64.78	-109.20	7.680	-32.080	-29.807	-0.39337	-0.47629	0.58331	-0.52728	26.1	null	null	13113	75
2026-05-27T14:24:56.624	WT901BLE68(F3:F0:16:BF:DC:AE)	1.032	0.166	-0.197	-132.202	106.018	23.376	-173.52	-72.43	-113.51	7.680	-32.080	-29.807	-0.39337	-0.47629	0.58331	-0.52728	26.1	null	null	13113	75
2026-05-27T14:24:56.680	WT901BLE68(F3:F0:16:BF:DC:AE)	1.032	0.014	-0.394	-127.686	85.876	51.208	-162.50	-81.88	-134.02	7.680	-32.080	-29.807	-0.51874	-0.42233	0.65039	-0.35977	26.1	null	null	13113	75
2026-05-27T14:24:56.804	WT901BLE68(F3:F0:16:BF:DC:AE)	0.933	-0.187	-0.198	3.296	62.134	43.274	-100.96	-83.66	162.67	7.680	-32.080	-29.807	-0.51874	-0.42233	0.65039	-0.35977	26.1	null	null	13113	75
2026-05-27T14:24:56.891	WT901BLE68(F3:F0:16:BF:DC:AE)	0.979	-0.162	-0.085	30.151	27.344	33.325	-74.93	-80.74	143.17	7.680	-32.080	-29.807	-0.51874	-0.42233	0.65039	-0.35977	26.1	null	null	13113	75
2026-05-27T14:24:57.012	WT901BLE68(F3:F0:16:BF:DC:AE)	0.931	-0.086	0.016	37.720	22.705	23.499	-64.75	-77.93	141.16	7.680	-32.080	-29.807	-0.51874	-0.42233	0.65039	-0.35977	26.1	null	null	13113	75
2026-05-27T14:24:57.102	WT901BLE68(F3:F0:16:BF:DC:AE)	0.924	-0.026	0.071	-5.188	7.568	21.729	-59.63	-75.99	142.93	7.680	-32.080	-29.807	-0.51874	-0.42233	0.65039	-0.35977	26.1	null	null	13113	75
2026-05-27T14:24:57.226	WT901BLE68(F3:F0:16:BF:DC:AE)	0.912	-0.266	0.080	-14.160	1.709	29.541	-63.76	-73.93	149.53	7.680	-32.080	-29.807	-0.51874	-0.42233	0.65039	-0.35977	26.1	null	null	13113	75
2026-05-27T14:24:57.282	WT901BLE68(F3:F0:16:BF:DC:AE)	0.920	-0.255	0.226	5.981	-16.296	5.005	-68.96	-72.91	158.52	-2.013	-41.720	-14.887	-0.51874	-0.42233	0.65039	-0.35977	26.1	null	null	13113	75
2026-05-27T14:24:57.405	WT901BLE68(F3:F0:16:BF:DC:AE)	0.854	-0.059	-0.086	-2.075	-47.119	-20.874	-75.88	-74.48	169.81	-2.013	-41.720	-14.887	-0.51874	-0.42233	0.65039	-0.35977	26.1	null	null	13113	75
2026-05-27T14:24:57.492	WT901BLE68(F3:F0:16:BF:DC:AE)	1.113	-0.248	0.130	-20.691	-30.823	-14.160	-89.35	-76.40	-173.84	-2.013	-41.720	-14.887	-0.51874	-0.42233	0.65039	-0.35977	26.1	null	null	13113	75
2026-05-27T14:24:57.615	WT901BLE68(F3:F0:16:BF:DC:AE)	0.817	-0.160	-0.193	-34.851	-40.466	-11.047	-112.91	-76.45	-148.54	-2.013	-41.720	-14.887	-0.39865	-0.47595	0.52939	-0.57806	26.1	null	null	13113	75
2026-05-27T14:24:57.702	WT901BLE68(F3:F0:16:BF:DC:AE)	0.967	-0.247	-0.329	-24.536	-40.405	-0.916	-129.19	-74.48	-130.90	-2.013	-41.720	-14.887	-0.39865	-0.47595	0.52939	-0.57806	26.1	null	null	13113	75
2026-05-27T14:24:57.857	WT901BLE68(F3:F0:16:BF:DC:AE)	0.954	-0.231	-0.208	-40.344	-15.442	7.263	-137.71	-72.42	-122.36	-2.013	-41.720	-14.887	-0.39865	-0.47595	0.52939	-0.57806	26.1	null	null	13113	75
2026-05-27T14:24:57.912	WT901BLE68(F3:F0:16:BF:DC:AE)	0.904	-0.200	-0.307	-35.583	-12.512	4.822	-143.34	-70.86	-118.38	-2.013	-41.720	-14.887	-0.39865	-0.47595	0.52939	-0.57806	26.1	null	null	13113	75
2026-05-27T14:24:58.037	WT901BLE68(F3:F0:16:BF:DC:AE)	0.947	-0.171	-0.346	-27.649	-14.832	-3.052	-148.62	-69.48	-113.51	-2.013	-41.720	-14.887	-0.39865	-0.47595	0.52939	-0.57806	26.1	null	null	13113	75
2026-05-27T14:24:58.092	WT901BLE68(F3:F0:16:BF:DC:AE)	0.894	-0.202	-0.380	-39.124	-14.526	0.305	-154.05	-68.20	-109.32	-2.013	-41.720	-14.887	-0.39865	-0.47595	0.52939	-0.57806	26.1	null	null	13113	75
2026-05-27T14:24:58.214	WT901BLE68(F3:F0:16:BF:DC:AE)	0.936	-0.120	-0.329	-30.518	-12.756	-9.766	-160.04	-67.21	-103.78	-2.013	-41.720	-14.887	-0.39865	-0.47595	0.52939	-0.57806	26.1	null	null	13113	75
2026-05-27T14:24:58.299	WT901BLE68(F3:F0:16:BF:DC:AE)	0.894	-0.148	-0.320	-62.256	-13.794	-2.686	-166.61	-66.05	-99.98	-3.680	-38.387	-37.993	-0.39865	-0.47595	0.52939	-0.57806	26.1	null	null	13113	75
2026-05-27T14:24:58.422	WT901BLE68(F3:F0:16:BF:DC:AE)	0.885	-0.162	-0.371	-39.307	-15.503	-12.085	-172.92	-64.76	-96.33	-3.680	-38.387	-37.993	-0.39865	-0.47595	0.52939	-0.57806	26.1	null	null	13113	75
2026-05-27T14:24:58.511	WT901BLE68(F3:F0:16:BF:DC:AE)	0.977	-0.115	-0.371	-0.183	-12.146	-23.376	-178.23	-63.29	-89.82	-3.680	-38.387	-37.993	-0.36401	-0.59479	0.60406	-0.38565	26.1	null	null	13113	75
2026-05-27T14:24:58.634	WT901BLE68(F3:F0:16:BF:DC:AE)	0.944	0.063	-0.198	-15.808	39.307	-6.592	178.62	-64.55	-85.16	-3.680	-38.387	-37.993	-0.36401	-0.59479	0.60406	-0.38565	26.1	null	null	13113	75
2026-05-27T14:24:58.725	WT901BLE68(F3:F0:16:BF:DC:AE)	1.082	0.003	-0.265	-37.903	97.168	15.625	176.46	-72.44	-85.18	-3.680	-38.387	-37.993	-0.36401	-0.59479	0.60406	-0.38565	26.1	null	null	13113	75
2026-05-27T14:24:58.812	WT901BLE68(F3:F0:16:BF:DC:AE)	1.063	-0.076	-0.324	-5.737	85.938	36.987	-176.03	-81.69	-92.88	-3.680	-38.387	-37.993	-0.36401	-0.59479	0.60406	-0.38565	26.1	null	null	13113	75
2026-05-27T14:24:58.937	WT901BLE68(F3:F0:16:BF:DC:AE)	0.990	-0.083	-0.229	43.213	56.763	42.053	-113.16	-84.94	-152.02	-3.680	-38.387	-37.993	-0.36401	-0.59479	0.60406	-0.38565	26.1	null	null	13113	75
2026-05-27T14:24:59.022	WT901BLE68(F3:F0:16:BF:DC:AE)	0.967	-0.048	-0.113	61.340	40.344	32.959	-71.66	-81.94	173.74	-3.680	-38.387	-37.993	-0.36401	-0.59479	0.60406	-0.38565	26.1	null	null	13113	75
2026-05-27T14:24:59.111	WT901BLE68(F3:F0:16:BF:DC:AE)	0.902	-0.036	0.013	18.982	23.132	28.381	-59.00	-78.42	167.42	-3.680	-38.387	-37.993	-0.36401	-0.59479	0.60406	-0.38565	26.1	null	null	13113	75
2026-05-27T14:24:59.233	WT901BLE68(F3:F0:16:BF:DC:AE)	0.904	-0.188	0.054	-11.047	8.484	30.945	-59.90	-76.12	170.72	-1.453	-40.460	-29.173	-0.36401	-0.59479	0.60406	-0.38565	26.1	null	null	13113	75
2026-05-27T14:24:59.320	WT901BLE68(F3:F0:16:BF:DC:AE)	0.875	-0.289	0.202	30.334	-12.756	11.475	-64.52	-73.69	177.43	-1.453	-40.460	-29.173	-0.34384	-0.49496	0.44049	-0.66531	26.1	null	null	13113	75
2026-05-27T14:24:59.445	WT901BLE68(F3:F0:16:BF:DC:AE)	0.860	-0.168	0.080	47.546	-38.147	-6.409	-65.71	-74.30	-174.78	-1.453	-40.460	-29.173	-0.34384	-0.49496	0.44049	-0.66531	26.1	null	null	13113	75
2026-05-27T14:24:59.500	WT901BLE68(F3:F0:16:BF:DC:AE)	1.186	0.158	0.248	51.636	-46.387	-17.151	-73.64	-77.18	-159.43	-1.453	-40.460	-29.173	-0.34384	-0.49496	0.44049	-0.66531	26.1	null	null	13113	75
2026-05-27T14:24:59.621	WT901BLE68(F3:F0:16:BF:DC:AE)	0.972	-0.175	-0.165	-21.851	-49.438	5.859	-92.77	-78.37	-139.09	-1.453	-40.460	-29.173	-0.34384	-0.49496	0.44049	-0.66531	26.1	null	null	13113	75
2026-05-27T14:24:59.711	WT901BLE68(F3:F0:16:BF:DC:AE)	0.929	-0.282	-0.213	1.770	-36.316	-8.179	-113.88	-77.62	-118.32	-1.453	-40.460	-29.173	-0.34384	-0.49496	0.44049	-0.66531	26.1	null	null	13113	75
2026-05-27T14:24:59.831	WT901BLE68(F3:F0:16:BF:DC:AE)	0.917	-0.137	-0.264	-40.039	-36.560	0.488	-129.51	-76.21	-102.41	-1.453	-40.460	-29.173	-0.34384	-0.49496	0.44049	-0.66531	26.1	null	null	13113	75
2026-05-27T14:24:59.923	WT901BLE68(F3:F0:16:BF:DC:AE)	0.950	-0.193	-0.298	-27.710	-45.471	-16.296	-146.99	-73.23	-87.66	-1.453	-40.460	-29.173	-0.34384	-0.49496	0.44049	-0.66531	26.1	null	null	13113	75
2026-05-27T14:25:00.043	WT901BLE68(F3:F0:16:BF:DC:AE)	0.945	-0.229	-0.187	-44.739	-23.438	-2.502	-155.13	-71.05	-80.54	-1.453	-40.460	-29.173	-0.34384	-0.49496	0.44049	-0.66531	26.1	null	null	13113	75
2026-05-27T14:25:00.099	WT901BLE68(F3:F0:16:BF:DC:AE)	0.922	-0.159	-0.387	-26.733	-20.020	-7.568	-162.63	-69.15	-76.77	-7.547	-40.060	-42.620	-0.34384	-0.49496	0.44049	-0.66531	26.1	null	null	13113	75
2026-05-27T14:25:00.222	WT901BLE68(F3:F0:16:BF:DC:AE)	0.921	-0.175	-0.304	-12.207	-23.743	-16.785	-168.11	-67.36	-71.81	-7.547	-40.060	-42.620	-0.34384	-0.49496	0.44049	-0.66531	26.1	null	null	13113	75
2026-05-27T14:25:00.342	WT901BLE68(F3:F0:16:BF:DC:AE)	0.927	-0.076	-0.351	-32.898	-26.245	-18.311	-174.19	-65.27	-66.99	-7.547	-40.060	-42.620	-0.25443	-0.70816	0.43848	-0.49130	26.1	null	null	13113	75
2026-05-27T14:25:00.430	WT901BLE68(F3:F0:16:BF:DC:AE)	1.048	-0.022	-0.342	-31.433	-10.681	-18.372	179.66	-63.50	-63.39	-7.547	-40.060	-42.620	-0.25443	-0.70816	0.43848	-0.49130	26.1	null	null	13113	75
2026-05-27T14:25:00.521	WT901BLE68(F3:F0:16:BF:DC:AE)	1.066	-0.019	-0.305	-8.118	21.484	-13.184	175.69	-63.95	-60.63	-7.547	-40.060	-42.620	-0.25443	-0.70816	0.43848	-0.49130	26.1	null	null	13113	75
2026-05-27T14:25:00.644	WT901BLE68(F3:F0:16:BF:DC:AE)	0.966	0.148	0.008	-16.663	82.275	1.953	172.11	-69.69	-57.00	-7.547	-40.060	-42.620	-0.25443	-0.70816	0.43848	-0.49130	26.1	null	null	13113	75
2026-05-27T14:25:00.729	WT901BLE68(F3:F0:16:BF:DC:AE)	1.093	-0.059	-0.331	-43.213	87.158	37.659	168.39	-79.37	-57.79	-7.547	-40.060	-42.620	-0.25443	-0.70816	0.43848	-0.49130	26.1	null	null	13113	75
2026-05-27T14:25:00.853	WT901BLE68(F3:F0:16:BF:DC:AE)	0.972	-0.032	-0.270	12.573	80.505	47.852	-139.38	-86.68	-110.90	-7.547	-40.060	-42.620	-0.25443	-0.70816	0.43848	-0.49130	26.1	null	null	13113	75
2026-05-27T14:25:00.910	WT901BLE68(F3:F0:16:BF:DC:AE)	1.000	-0.038	-0.180	58.167	45.471	47.302	-63.48	-82.40	178.45	-0.900	-32.087	-42.127	-0.25443	-0.70816	0.43848	-0.49130	26.1	null	null	13113	75
2026-05-27T14:25:01.034	WT901BLE68(F3:F0:16:BF:DC:AE)	0.962	0.017	-0.018	54.382	31.616	37.292	-54.70	-77.59	176.15	-0.900	-32.087	-42.127	-0.25443	-0.70816	0.43848	-0.49130	26.1	null	null	13113	75
2026-05-27T14:25:01.123	WT901BLE68(F3:F0:16:BF:DC:AE)	0.813	-0.036	0.043	39.124	3.540	20.752	-52.10	-75.10	178.52	-0.900	-32.087	-42.127	-0.25443	-0.70816	0.43848	-0.49130	26.1	null	null	13113	75
2026-05-27T14:25:01.244	WT901BLE68(F3:F0:16:BF:DC:AE)	0.836	-0.122	0.188	18.738	-17.883	-2.014	-53.16	-75.49	-176.91	-0.900	-32.087	-42.127	-0.26932	-0.54547	0.35059	-0.71198	26.1	null	null	13113	75
2026-05-27T14:25:01.332	WT901BLE68(F3:F0:16:BF:DC:AE)	1.018	-0.221	0.367	37.292	-17.517	-0.610	-51.17	-76.54	-174.30	-0.900	-32.087	-42.127	-0.26932	-0.54547	0.35059	-0.71198	26.1	null	null	13113	75
2026-05-27T14:25:01.453	WT901BLE68(F3:F0:16:BF:DC:AE)	1.021	0.123	0.204	42.908	-30.762	-1.648	-59.08	-78.66	-163.67	-0.900	-32.087	-42.127	-0.26932	-0.54547	0.35059	-0.71198	26.1	null	null	13113	75
2026-05-27T14:25:01.512	WT901BLE68(F3:F0:16:BF:DC:AE)	0.964	-0.230	-0.057	-7.080	-52.063	4.272	-81.07	-80.49	-142.39	-0.900	-32.087	-42.127	-0.26932	-0.54547	0.35059	-0.71198	26.1	null	null	13113	75
2026-05-27T14:25:01.633	WT901BLE68(F3:F0:16:BF:DC:AE)	0.960	-0.244	-0.127	-1.831	-41.931	-7.141	-112.10	-79.85	-112.55	-0.900	-32.087	-42.127	-0.26932	-0.54547	0.35059	-0.71198	26.1	null	null	13113	75
2026-05-27T14:25:01.725	WT901BLE68(F3:F0:16:BF:DC:AE)	0.928	-0.146	-0.189	-7.324	-43.335	-3.052	-131.72	-77.93	-92.31	-0.900	-32.087	-42.127	-0.26932	-0.54547	0.35059	-0.71198	26.1	null	null	13113	75
2026-05-27T14:25:01.843	WT901BLE68(F3:F0:16:BF:DC:AE)	0.943	-0.210	-0.223	-28.198	-33.997	-3.540	-144.53	-75.44	-81.85	-0.900	-32.087	-42.127	-0.26932	-0.54547	0.35059	-0.71198	26.1	null	null	13113	75
2026-05-27T14:25:01.930	WT901BLE68(F3:F0:16:BF:DC:AE)	0.903	-0.072	-0.349	-22.583	-35.095	-10.864	-152.57	-73.35	-75.49	-7.520	-38.580	-45.113	-0.26932	-0.54547	0.35059	-0.71198	26.1	null	null	13113	75
2026-05-27T14:25:02.054	WT901BLE68(F3:F0:16:BF:DC:AE)	0.941	-0.174	-0.274	-8.484	-32.959	-15.320	-160.76	-70.86	-68.09	-7.520	-38.580	-45.113	-0.26932	-0.54547	0.35059	-0.71198	26.1	null	null	13113	75
2026-05-27T14:25:02.141	WT901BLE68(F3:F0:16:BF:DC:AE)	0.946	-0.134	-0.308	-15.564	-28.137	-17.944	-167.94	-68.36	-61.78	-7.520	-38.580	-45.113	-0.20877	-0.72876	0.37064	-0.53647	26.1	null	null	13113	75
2026-05-27T14:25:02.263	WT901BLE68(F3:F0:16:BF:DC:AE)	0.927	-0.104	-0.329	-24.048	-28.809	-20.813	-174.03	-66.26	-57.16	-7.520	-38.580	-45.113	-0.20877	-0.72876	0.37064	-0.53647	26.1	null	null	13113	75
2026-05-27T14:25:02.320	WT901BLE68(F3:F0:16:BF:DC:AE)	1.011	-0.119	-0.452	-23.193	-15.015	-20.996	178.95	-64.26	-52.97	-7.520	-38.580	-45.113	-0.20877	-0.72876	0.37064	-0.53647	26.1	null	null	13113	75
2026-05-27T14:25:02.442	WT901BLE68(F3:F0:16:BF:DC:AE)	1.018	-0.007	-0.336	10.681	2.075	-21.667	174.74	-63.84	-49.26	-7.520	-38.580	-45.113	-0.20877	-0.72876	0.37064	-0.53647	26.1	null	null	13113	75
2026-05-27T14:25:02.530	WT901BLE68(F3:F0:16:BF:DC:AE)	1.062	0.031	-0.062	-5.615	57.678	-3.479	171.61	-67.02	-46.14	-7.520	-38.580	-45.113	-0.20877	-0.72876	0.37064	-0.53647	26.1	null	null	13113	75
2026-05-27T14:25:02.654	WT901BLE68(F3:F0:16:BF:DC:AE)	1.069	-0.098	-0.284	-44.189	94.666	28.137	166.51	-76.18	-44.62	-7.520	-38.580	-45.113	-0.20877	-0.72876	0.37064	-0.53647	26.1	null	null	13113	75
2026-05-27T14:25:02.742	WT901BLE68(F3:F0:16:BF:DC:AE)	0.996	-0.006	-0.362	17.700	64.087	41.138	-174.51	-84.31	-64.50	-5.127	-26.180	-51.780	-0.20877	-0.72876	0.37064	-0.53647	26.1	null	null	13113	75
2026-05-27T14:25:02.859	WT901BLE68(F3:F0:16:BF:DC:AE)	0.993	-0.058	-0.186	66.895	53.162	48.401	-89.00	-84.73	-145.45	-5.127	-26.180	-51.780	-0.20877	-0.72876	0.37064	-0.53647	26.1	null	null	13113	75
2026-05-27T14:25:02.919	WT901BLE68(F3:F0:16:BF:DC:AE)	0.952	0.052	-0.091	61.035	38.147	36.804	-64.40	-80.16	-163.82	-5.127	-26.180	-51.780	-0.25677	-0.59958	0.33191	-0.68140	26.1	null	null	13113	75
2026-05-27T14:25:03.043	WT901BLE68(F3:F0:16:BF:DC:AE)	0.889	-0.010	0.046	6.714	23.071	32.715	-57.43	-76.46	-168.45	-5.127	-26.180	-51.780	-0.25677	-0.59958	0.33191	-0.68140	26.1	null	null	13113	75
2026-05-27T14:25:03.132	WT901BLE68(F3:F0:16:BF:DC:AE)	0.839	-0.244	0.069	-9.949	1.404	31.433	-61.40	-74.27	-165.13	-5.127	-26.180	-51.780	-0.25677	-0.59958	0.33191	-0.68140	26.1	null	null	13113	75
2026-05-27T14:25:03.256	WT901BLE68(F3:F0:16:BF:DC:AE)	0.975	-0.299	0.366	27.649	-16.296	0.977	-68.29	-73.28	-157.59	-5.127	-26.180	-51.780	-0.25677	-0.59958	0.33191	-0.68140	26.1	null	null	13113	75
2026-05-27T14:25:03.347	WT901BLE68(F3:F0:16:BF:DC:AE)	0.918	-0.078	-0.250	-4.700	-77.637	-27.954	-77.48	-75.73	-145.18	-5.127	-26.180	-51.780	-0.25677	-0.59958	0.33191	-0.68140	26.1	null	null	13113	75
2026-05-27T14:25:03.462	WT901BLE68(F3:F0:16:BF:DC:AE)	1.042	-0.123	0.069	-27.954	-48.035	-17.517	-87.76	-77.97	-131.60	-5.127	-26.180	-51.780	-0.25677	-0.59958	0.33191	-0.68140	26.1	null	null	13113	75
2026-05-27T14:25:03.552	WT901BLE68(F3:F0:16:BF:DC:AE)	1.038	-0.093	-0.098	-25.085	-41.626	-2.808	-110.10	-77.35	-110.74	-5.127	-26.180	-51.780	-0.25677	-0.59958	0.33191	-0.68140	26.1	null	null	13113	75
2026-05-27T14:25:03.674	WT901BLE68(F3:F0:16:BF:DC:AE)	0.932	-0.214	-0.275	14.709	-40.405	-8.484	-127.93	-76.07	-93.87	-5.127	-26.180	-51.780	-0.25677	-0.59958	0.33191	-0.68140	26.1	null	null	13113	75
2026-05-27T14:25:03.731	WT901BLE68(F3:F0:16:BF:DC:AE)	0.949	-0.257	-0.197	-40.527	-26.733	2.380	-139.42	-73.97	-85.28	-6.940	-38.853	-51.153	-0.25677	-0.59958	0.33191	-0.68140	26.1	null	null	13113	75
2026-05-27T14:25:03.857	WT901BLE68(F3:F0:16:BF:DC:AE)	0.928	-0.229	-0.253	-11.597	-18.433	-2.319	-146.29	-72.22	-81.73	-6.940	-38.853	-51.153	-0.25677	-0.59958	0.33191	-0.68140	26.1	null	null	13113	75
2026-05-27T14:25:03.939	WT901BLE68(F3:F0:16:BF:DC:AE)	0.923	-0.152	-0.348	-0.549	-28.992	-13.489	-151.90	-70.55	-76.43	-6.940	-38.853	-51.153	-0.19156	-0.69955	0.37863	-0.57486	26.1	null	null	13113	75
2026-05-27T14:25:04.062	WT901BLE68(F3:F0:16:BF:DC:AE)	0.941	-0.159	-0.340	-8.850	-30.151	-14.282	-159.09	-68.34	-70.05	-6.940	-38.853	-51.153	-0.19156	-0.69955	0.37863	-0.57486	26.1	null	null	13113	75
2026-05-27T14:25:04.154	WT901BLE68(F3:F0:16:BF:DC:AE)	0.929	-0.167	-0.388	15.015	-29.846	-25.208	-165.32	-65.97	-63.69	-6.940	-38.853	-51.153	-0.19156	-0.69955	0.37863	-0.57486	26.1	null	null	13113	75
2026-05-27T14:25:04.272	WT901BLE68(F3:F0:16:BF:DC:AE)	0.929	-0.104	-0.329	-36.926	-16.357	-15.381	-171.08	-64.58	-58.55	-6.940	-38.853	-51.153	-0.19156	-0.69955	0.37863	-0.57486	26.1	null	null	13113	75
2026-05-27T14:25:04.335	WT901BLE68(F3:F0:16:BF:DC:AE)	0.978	-0.051	-0.388	-51.147	0.244	-16.296	-178.66	-63.76	-56.61	-6.940	-38.853	-51.153	-0.19156	-0.69955	0.37863	-0.57486	26.1	null	null	13113	75
2026-05-27T14:25:04.451	WT901BLE68(F3:F0:16:BF:DC:AE)	1.039	0.002	-0.282	-29.968	11.536	-4.456	175.89	-64.11	-55.29	-6.940	-38.853	-51.153	-0.19156	-0.69955	0.37863	-0.57486	26.1	null	null	13113	75
2026-05-27T14:25:04.544	WT901BLE68(F3:F0:16:BF:DC:AE)	0.986	0.079	0.003	-31.860	68.115	13.000	173.40	-68.20	-55.78	-6.940	-38.853	-51.153	-0.19156	-0.69955	0.37863	-0.57486	26.1	null	null	13113	75
2026-05-27T14:25:04.663	WT901BLE68(F3:F0:16:BF:DC:AE)	1.068	0.096	-0.249	-51.392	86.365	27.283	170.05	-76.90	-57.48	-9.753	-24.053	-64.220	-0.19156	-0.69955	0.37863	-0.57486	26.1	null	null	13113	75
2026-05-27T14:25:04.753	WT901BLE68(F3:F0:16:BF:DC:AE)	1.044	0.123	-0.271	-25.879	71.289	44.006	-174.27	-85.18	-77.37	-9.753	-24.053	-64.220	-0.38672	-0.61301	0.43027	-0.53799	26.1	null	null	13113	75
2026-05-27T14:25:04.873	WT901BLE68(F3:F0:16:BF:DC:AE)	0.962	0.031	-0.121	7.202	51.636	48.035	-77.64	-85.07	-174.91	-9.753	-24.053	-64.220	-0.38672	-0.61301	0.43027	-0.53799	26.1	null	null	13113	75
2026-05-27T14:25:04.963	WT901BLE68(F3:F0:16:BF:DC:AE)	0.920	0.047	-0.048	12.634	39.673	37.415	-60.47	-80.18	168.97	-9.753	-24.053	-64.220	-0.38672	-0.61301	0.43027	-0.53799	26.1	null	null	13113	75
2026-05-27T14:25:05.082	WT901BLE68(F3:F0:16:BF:DC:AE)	0.889	-0.015	0.022	-31.067	6.042	29.053	-59.88	-76.79	167.72	-9.753	-24.053	-64.220	-0.38672	-0.61301	0.43027	-0.53799	26.1	null	null	13113	75
2026-05-27T14:25:05.141	WT901BLE68(F3:F0:16:BF:DC:AE)	0.865	-0.335	0.166	-79.895	-6.653	38.818	-70.89	-74.65	173.67	-9.753	-24.053	-64.220	-0.38672	-0.61301	0.43027	-0.53799	26.1	null	null	13113	75
2026-05-27T14:25:05.262	WT901BLE68(F3:F0:16:BF:DC:AE)	1.000	-0.243	0.323	8.850	-0.244	-10.681	-79.84	-72.58	177.97	-9.753	-24.053	-64.220	-0.38672	-0.61301	0.43027	-0.53799	26.1	null	null	13113	75
2026-05-27T14:25:05.356	WT901BLE68(F3:F0:16:BF:DC:AE)	1.096	-0.419	-0.023	52.734	-36.743	-5.066	-84.84	-74.97	-174.85	-9.753	-24.053	-64.220	-0.38672	-0.61301	0.43027	-0.53799	26.1	null	null	13113	75
2026-05-27T14:25:05.472	WT901BLE68(F3:F0:16:BF:DC:AE)	1.085	-0.121	-0.043	-19.775	-42.603	-4.517	-97.93	-74.72	-159.80	-9.753	-24.053	-64.220	-0.38672	-0.61301	0.43027	-0.53799	26.1	null	null	13113	75
2026-05-27T14:25:05.561	WT901BLE68(F3:F0:16:BF:DC:AE)	0.933	-0.193	-0.165	-29.297	-34.973	10.010	-112.70	-73.56	-146.14	2.067	-23.960	-62.760	-0.38672	-0.61301	0.43027	-0.53799	26.1	null	null	13113	75
2026-05-27T14:25:05.684	WT901BLE68(F3:F0:16:BF:DC:AE)	0.891	-0.357	-0.344	-41.321	-23.560	7.141	-124.27	-71.48	-138.01	2.067	-23.960	-62.760	-0.38672	-0.61301	0.43027	-0.53799	26.1	null	null	13113	75
2026-05-27T14:25:05.741	WT901BLE68(F3:F0:16:BF:DC:AE)	0.885	-0.252	-0.330	-35.034	-33.020	-8.240	-133.47	-69.92	-131.49	2.067	-23.960	-62.760	-0.34613	-0.51227	0.58444	-0.52542	26.1	null	null	13113	75
2026-05-27T14:25:05.866	WT901BLE68(F3:F0:16:BF:DC:AE)	0.971	-0.294	-0.182	-66.772	-13.000	5.798	-142.83	-68.03	-126.11	2.067	-23.960	-62.760	-0.34613	-0.51227	0.58444	-0.52542	26.1	null	null	13113	75
2026-05-27T14:25:05.952	WT901BLE68(F3:F0:16:BF:DC:AE)	0.903	-0.268	-0.331	-59.204	-4.150	4.272	-147.80	-66.91	-126.63	2.067	-23.960	-62.760	-0.34613	-0.51227	0.58444	-0.52542	26.1	null	null	13113	75
2026-05-27T14:25:06.071	WT901BLE68(F3:F0:16:BF:DC:AE)	0.926	-0.223	-0.286	-43.701	-1.831	1.099	-151.50	-66.54	-126.23	2.067	-23.960	-62.760	-0.34613	-0.51227	0.58444	-0.52542	26.1	null	null	13113	75
2026-05-27T14:25:06.162	WT901BLE68(F3:F0:16:BF:DC:AE)	0.892	-0.159	-0.397	-63.538	-4.517	0.488	-155.68	-66.36	-125.78	2.067	-23.960	-62.760	-0.34613	-0.51227	0.58444	-0.52542	26.1	null	null	13113	75
2026-05-27T14:25:06.284	WT901BLE68(F3:F0:16:BF:DC:AE)	0.895	-0.133	-0.333	-57.007	-4.883	-5.798	-162.65	-66.00	-123.97	2.067	-23.960	-62.760	-0.34613	-0.51227	0.58444	-0.52542	26.1	null	null	13113	75
2026-05-27T14:25:06.372	WT901BLE68(F3:F0:16:BF:DC:AE)	1.001	-0.217	-0.396	-67.322	-3.662	-8.484	-169.63	-65.58	-121.89	-7.060	9.880	-69.933	-0.34613	-0.51227	0.58444	-0.52542	26.1	null	null	13113	75
2026-05-27T14:25:06.492	WT901BLE68(F3:F0:16:BF:DC:AE)	1.109	-0.005	-0.231	-66.589	21.362	11.353	-176.13	-66.64	-121.68	-7.060	9.880	-69.933	-0.34613	-0.51227	0.58444	-0.52542	26.1	null	null	13113	75
2026-05-27T14:25:06.552	WT901BLE68(F3:F0:16:BF:DC:AE)	1.061	0.232	-0.065	-78.430	95.093	18.066	-177.42	-72.77	-127.42	-7.060	9.880	-69.933	-0.51199	-0.37808	0.71875	-0.27966	26.1	null	null	13113	75
2026-05-27T14:25:06.674	WT901BLE68(F3:F0:16:BF:DC:AE)	0.990	0.127	-0.325	-114.929	73.792	59.204	-171.75	-81.62	-144.46	-7.060	9.880	-69.933	-0.51199	-0.37808	0.71875	-0.27966	26.1	null	null	13113	75
2026-05-27T14:25:06.760	WT901BLE68(F3:F0:16:BF:DC:AE)	0.950	-0.139	-0.216	-26.123	55.542	42.358	-120.55	-84.11	156.38	-7.060	9.880	-69.933	-0.51199	-0.37808	0.71875	-0.27966	26.1	null	null	13113	75
2026-05-27T14:25:06.881	WT901BLE68(F3:F0:16:BF:DC:AE)	0.934	-0.038	-0.034	5.310	39.368	33.569	-81.92	-81.72	118.93	-7.060	9.880	-69.933	-0.51199	-0.37808	0.71875	-0.27966	26.1	null	null	13113	75
2026-05-27T14:25:06.976	WT901BLE68(F3:F0:16:BF:DC:AE)	0.967	-0.122	0.045	-49.622	28.320	35.400	-71.88	-78.37	106.89	-7.060	9.880	-69.933	-0.51199	-0.37808	0.71875	-0.27966	26.1	null	null	13113	75
2026-05-27T14:25:07.092	WT901BLE68(F3:F0:16:BF:DC:AE)	0.881	-0.198	0.055	-13.916	13.062	24.719	-72.40	-75.21	104.97	-7.060	9.880	-69.933	-0.51199	-0.37808	0.71875	-0.27966	26.1	null	null	13113	75
2026-05-27T14:25:07.152	WT901BLE68(F3:F0:16:BF:DC:AE)	0.872	-0.247	0.131	-21.423	-2.075	12.390	-73.38	-73.76	105.59	-7.060	9.880	-69.933	-0.51199	-0.37808	0.71875	-0.27966	26.1	null	null	13113	75
2026-05-27T14:25:07.272	WT901BLE68(F3:F0:16:BF:DC:AE)	0.982	-0.098	0.221	-6.836	-19.409	-14.343	-79.96	-73.56	111.99	-7.060	9.880	-69.933	-0.51199	-0.37808	0.71875	-0.27966	26.1	null	null	13113	75
2026-05-27T14:25:07.360	WT901BLE68(F3:F0:16:BF:DC:AE)	1.208	-0.338	0.079	-39.307	-29.541	-11.169	-92.33	-75.82	123.40	25.180	17.513	-22.500	-0.51199	-0.37808	0.71875	-0.27966	26.1	null	null	13113	75
2026-05-27T14:25:07.483	WT901BLE68(F3:F0:16:BF:DC:AE)	1.040	-0.077	-0.141	-11.902	-50.354	-12.939	-107.67	-75.17	139.48	25.180	17.513	-22.500	-0.51199	-0.37808	0.71875	-0.27966	26.1	null	null	13113	75
2026-05-27T14:25:07.575	WT901BLE68(F3:F0:16:BF:DC:AE)	1.013	-0.099	-0.155	-7.568	-24.780	1.038	-119.82	-74.30	152.87	25.180	17.513	-22.500	-0.61496	-0.12210	0.73358	-0.26199	26.1	null	null	13113	75
2026-05-27T14:25:07.692	WT901BLE68(F3:F0:16:BF:DC:AE)	0.926	-0.265	-0.338	-43.640	-28.442	10.193	-130.02	-71.95	160.58	25.180	17.513	-22.500	-0.61496	-0.12210	0.73358	-0.26199	26.1	null	null	13113	75
2026-05-27T14:25:07.784	WT901BLE68(F3:F0:16:BF:DC:AE)	0.958	-0.299	-0.227	-20.996	-16.602	2.258	-136.10	-70.25	164.52	25.180	17.513	-22.500	-0.61496	-0.12210	0.73358	-0.26199	26.1	null	null	13113	75
2026-05-27T14:25:07.900	WT901BLE68(F3:F0:16:BF:DC:AE)	0.899	-0.280	-0.299	-31.677	-15.015	9.155	-140.52	-68.68	166.95	25.180	17.513	-22.500	-0.61496	-0.12210	0.73358	-0.26199	26.1	null	null	13113	75
2026-05-27T14:25:07.962	WT901BLE68(F3:F0:16:BF:DC:AE)	0.904	-0.214	-0.350	-24.658	-7.568	3.052	-144.16	-67.57	168.87	25.180	17.513	-22.500	-0.61496	-0.12210	0.73358	-0.26199	26.1	null	null	13113	75
2026-05-27T14:25:08.083	WT901BLE68(F3:F0:16:BF:DC:AE)	0.872	-0.238	-0.325	-33.020	-10.315	4.883	-147.85	-66.55	170.49	25.180	17.513	-22.500	-0.61496	-0.12210	0.73358	-0.26199	26.1	null	null	13113	75
2026-05-27T14:25:08.170	WT901BLE68(F3:F0:16:BF:DC:AE)	0.897	-0.220	-0.366	-36.438	-12.634	-1.038	-152.37	-65.51	172.64	21.767	18.167	-28.887	-0.61496	-0.12210	0.73358	-0.26199	26.1	null	null	13113	75
2026-05-27T14:25:08.293	WT901BLE68(F3:F0:16:BF:DC:AE)	0.928	-0.198	-0.381	-35.278	-10.193	-1.038	-157.18	-64.43	175.09	21.767	18.167	-28.887	-0.61496	-0.12210	0.73358	-0.26199	26.1	null	null	13113	75
2026-05-27T14:25:08.382	WT901BLE68(F3:F0:16:BF:DC:AE)	0.917	-0.133	-0.365	-35.889	-11.719	-4.761	-161.67	-63.52	177.52	21.767	18.167	-28.887	-0.52408	-0.06631	0.83911	-0.12921	26.1	null	null	13113	75
2026-05-27T14:25:08.503	WT901BLE68(F3:F0:16:BF:DC:AE)	0.949	-0.150	-0.467	-42.725	-12.390	-1.587	-166.70	-62.46	179.55	21.767	18.167	-28.887	-0.52408	-0.06631	0.83911	-0.12921	26.1	null	null	13113	75
2026-05-27T14:25:08.560	WT901BLE68(F3:F0:16:BF:DC:AE)	0.899	-0.099	-0.385	-42.480	-5.371	-2.563	-171.04	-61.80	-178.62	21.767	18.167	-28.887	-0.52408	-0.06631	0.83911	-0.12921	26.1	null	null	13113	75
2026-05-27T14:25:08.684	WT901BLE68(F3:F0:16:BF:DC:AE)	0.987	-0.053	-0.303	-28.748	22.949	5.249	-173.40	-62.65	-178.42	21.767	18.167	-28.887	-0.52408	-0.06631	0.83911	-0.12921	26.1	null	null	13113	75
2026-05-27T14:25:08.770	WT901BLE68(F3:F0:16:BF:DC:AE)	0.981	0.123	-0.064	-39.673	90.149	12.756	-171.67	-69.15	177.88	21.767	18.167	-28.887	-0.52408	-0.06631	0.83911	-0.12921	26.1	null	null	13113	75
2026-05-27T14:25:08.894	WT901BLE68(F3:F0:16:BF:DC:AE)	1.139	-0.058	-0.358	-59.631	98.083	27.466	-164.03	-79.09	164.77	21.767	18.167	-28.887	-0.52408	-0.06631	0.83911	-0.12921	26.1	null	null	13113	75
2026-05-27T14:25:08.982	WT901BLE68(F3:F0:16:BF:DC:AE)	0.990	-0.093	-0.345	-5.676	67.993	40.833	-115.81	-83.18	112.55	21.767	18.167	-28.887	-0.52408	-0.06631	0.83911	-0.12921	26.1	null	null	13113	75
2026-05-27T14:25:09.100	WT901BLE68(F3:F0:16:BF:DC:AE)	0.887	-0.013	-0.161	37.476	43.579	25.757	-75.66	-80.34	73.98	12.153	8.747	1.387	-0.52408	-0.06631	0.83911	-0.12921	26.1	null	null	13113	75
2026-05-27T14:25:09.193	WT901BLE68(F3:F0:16:BF:DC:AE)	0.901	-0.057	-0.032	7.751	23.071	22.522	-67.20	-77.82	65.87	12.153	8.747	1.387	-0.52408	-0.06631	0.83911	-0.12921	26.1	null	null	13113	75
2026-05-27T14:25:09.312	WT901BLE68(F3:F0:16:BF:DC:AE)	0.924	-0.203	0.060	-13.733	1.099	27.283	-70.74	-75.48	66.57	12.153	8.747	1.387	-0.73453	0.09848	0.66873	-0.05869	26.1	null	null	13113	75
2026-05-27T14:25:09.372	WT901BLE68(F3:F0:16:BF:DC:AE)	0.899	-0.299	0.239	17.822	5.127	26.062	-71.98	-73.19	66.58	12.153	8.747	1.387	-0.73453	0.09848	0.66873	-0.05869	26.1	null	null	13113	75
2026-05-27T14:25:09.491	WT901BLE68(F3:F0:16:BF:DC:AE)	0.817	-0.213	0.209	23.804	-15.442	8.240	-72.72	-72.22	68.76	12.153	8.747	1.387	-0.73453	0.09848	0.66873	-0.05869	26.1	null	null	13113	75
2026-05-27T14:25:09.583	WT901BLE68(F3:F0:16:BF:DC:AE)	11.138	-2.550	1.104	20.081	-52.979	-14.709	-88.57	-74.55	86.03	12.153	8.747	1.387	-0.73453	0.09848	0.66873	-0.05869	26.1	null	null	13113	75
2026-05-27T14:25:09.705	WT901BLE68(F3:F0:16:BF:DC:AE)	0.859	-0.376	-0.195	12.268	-62.927	-3.662	-101.09	-75.70	105.16	12.153	8.747	1.387	-0.73453	0.09848	0.66873	-0.05869	26.1	null	null	13113	75
2026-05-27T14:25:09.825	WT901BLE68(F3:F0:16:BF:DC:AE)	0.976	-0.349	-0.337	-15.320	-38.696	5.432	-120.58	-73.83	125.87	12.153	8.747	1.387	-0.73453	0.09848	0.66873	-0.05869	26.1	null	null	13113	75
2026-05-27T14:25:09.910	WT901BLE68(F3:F0:16:BF:DC:AE)	0.978	-0.116	-0.198	-11.108	-31.616	-7.202	-131.68	-71.84	139.32	12.153	8.747	1.387	-0.73453	0.09848	0.66873	-0.05869	26.1	null	null	13113	75
2026-05-27T14:25:10.001	WT901BLE68(F3:F0:16:BF:DC:AE)	0.910	-0.261	-0.294	-47.058	-21.729	8.179	-139.85	-69.81	146.57	15.660	8.460	-16.360	-0.73453	0.09848	0.66873	-0.05869	26.1	null	null	13113	75
2026-05-27T14:25:10.093	WT901BLE68(F3:F0:16:BF:DC:AE)	0.887	-0.228	-0.363	-16.113	-15.137	-2.075	-145.77	-68.14	151.84	15.660	8.460	-16.360	-0.73453	0.09848	0.66873	-0.05869	26.1	null	null	13113	75
2026-05-27T14:25:10.182	WT901BLE68(F3:F0:16:BF:DC:AE)	0.911	-0.206	-0.347	-48.584	-14.282	3.723	-151.17	-66.84	156.35	15.660	8.460	-16.360	-0.57034	0.02951	0.81445	-0.10193	26.1	null	null	13113	75
2026-05-27T14:25:10.302	WT901BLE68(F3:F0:16:BF:DC:AE)	0.888	-0.205	-0.386	-30.457	-12.085	-4.700	-156.26	-65.78	159.71	15.660	8.460	-16.360	-0.57034	0.02951	0.81445	-0.10193	26.1	null	null	13113	75
2026-05-27T14:25:10.392	WT901BLE68(F3:F0:16:BF:DC:AE)	0.912	-0.132	-0.380	-39.063	-13.367	-4.822	-161.36	-64.71	164.10	15.660	8.460	-16.360	-0.57034	0.02951	0.81445	-0.10193	26.1	null	null	13113	75
2026-05-27T14:25:10.513	WT901BLE68(F3:F0:16:BF:DC:AE)	0.907	-0.155	-0.388	-38.574	-11.902	-8.545	-167.29	-63.55	168.55	15.660	8.460	-16.360	-0.57034	0.02951	0.81445	-0.10193	26.1	null	null	13113	75
2026-05-27T14:25:10.601	WT901BLE68(F3:F0:16:BF:DC:AE)	0.892	-0.131	-0.376	-19.897	-8.423	-18.982	-172.38	-62.67	173.42	15.660	8.460	-16.360	-0.57034	0.02951	0.81445	-0.10193	26.1	null	null	13113	75
2026-05-27T14:25:10.724	WT901BLE68(F3:F0:16:BF:DC:AE)	0.996	-0.058	-0.279	-19.043	2.747	-9.338	-176.10	-62.31	178.81	15.660	8.460	-16.360	-0.57034	0.02951	0.81445	-0.10193	26.1	null	null	13113	75
2026-05-27T14:25:10.780	WT901BLE68(F3:F0:16:BF:DC:AE)	1.081	0.017	-0.128	-25.391	62.500	6.958	-177.53	-65.26	-179.24	15.660	8.460	-16.360	-0.57034	0.02951	0.81445	-0.10193	26.1	null	null	13113	75
2026-05-27T14:25:10.904	WT901BLE68(F3:F0:16:BF:DC:AE)	1.059	-0.044	-0.291	-58.472	104.248	26.855	-176.39	-75.03	178.04	15.660	8.460	-16.360	-0.57034	0.02951	0.81445	-0.10193	26.1	null	null	13113	75
2026-05-27T14:25:10.989	WT901BLE68(F3:F0:16:BF:DC:AE)	1.047	-0.042	-0.284	3.540	91.614	53.101	-143.12	-82.66	142.68	9.733	7.453	-6.820	-0.57034	0.02951	0.81445	-0.10193	26.1	null	null	13113	75
2026-05-27T14:25:11.112	WT901BLE68(F3:F0:16:BF:DC:AE)	0.965	-0.137	-0.181	61.340	51.270	46.204	-84.03	-80.80	84.27	9.733	7.453	-6.820	-0.69458	0.04651	0.71664	-0.04083	26.1	null	null	13113	75
2026-05-27T14:25:11.232	WT901BLE68(F3:F0:16:BF:DC:AE)	0.948	-0.005	-0.009	56.946	39.673	28.931	-66.37	-76.32	70.70	9.733	7.453	-6.820	-0.69458	0.04651	0.71664	-0.04083	26.1	null	null	13113	75
2026-05-27T14:25:11.324	WT901BLE68(F3:F0:16:BF:DC:AE)	0.878	-0.116	0.116	-14.038	23.071	29.114	-59.71	-73.10	63.67	9.733	7.453	-6.820	-0.69458	0.04651	0.71664	-0.04083	26.1	null	null	13113	75
2026-05-27T14:25:11.378	WT901BLE68(F3:F0:16:BF:DC:AE)	0.836	-0.276	0.109	-4.028	1.038	16.418	-62.87	-70.98	62.32	9.733	7.453	-6.820	-0.69458	0.04651	0.71664	-0.04083	26.1	null	null	13113	75
2026-05-27T14:25:11.503	WT901BLE68(F3:F0:16:BF:DC:AE)	0.909	-0.256	0.317	27.405	-25.269	-0.061	-66.44	-70.88	64.08	9.733	7.453	-6.820	-0.69458	0.04651	0.71664	-0.04083	26.1	null	null	13113	75
2026-05-27T14:25:11.593	WT901BLE68(F3:F0:16:BF:DC:AE)	0.920	-0.115	-0.159	-10.315	-75.989	-18.250	-73.01	-72.46	72.99	9.733	7.453	-6.820	-0.69458	0.04651	0.71664	-0.04083	26.1	null	null	13113	75
2026-05-27T14:25:11.713	WT901BLE68(F3:F0:16:BF:DC:AE)	0.978	-0.045	0.097	30.518	-48.401	-23.560	-80.21	-74.62	88.34	9.733	7.453	-6.820	-0.69458	0.04651	0.71664	-0.04083	26.1	null	null	13113	75
2026-05-27T14:25:11.801	WT901BLE68(F3:F0:16:BF:DC:AE)	1.056	-0.111	-0.069	-10.193	-50.720	3.723	-97.12	-75.85	109.41	9.013	5.540	-8.427	-0.69458	0.04651	0.71664	-0.04083	26.1	null	null	13113	75
2026-05-27T14:25:11.922	WT901BLE68(F3:F0:16:BF:DC:AE)	0.889	-0.259	-0.284	20.203	-52.551	-9.705	-115.49	-75.06	130.49	9.013	5.540	-8.427	-0.69458	0.04651	0.71664	-0.04083	26.1	null	null	13113	75
2026-05-27T14:25:11.981	WT901BLE68(F3:F0:16:BF:DC:AE)	0.950	-0.243	-0.175	-7.935	-39.490	-3.357	-129.66	-73.25	148.32	9.013	5.540	-8.427	-0.62787	-0.03351	0.75708	-0.17709	26.1	null	null	13113	75
2026-05-27T14:25:12.133	WT901BLE68(F3:F0:16:BF:DC:AE)	0.922	-0.199	-0.289	-18.433	-36.072	-4.944	-139.98	-70.90	159.70	9.013	5.540	-8.427	-0.62787	-0.03351	0.75708	-0.17709	26.1	null	null	13113	75
2026-05-27T14:25:12.193	WT901BLE68(F3:F0:16:BF:DC:AE)	0.982	-0.176	-0.260	-6.165	-24.841	-4.822	-146.93	-68.57	168.51	9.013	5.540	-8.427	-0.62787	-0.03351	0.75708	-0.17709	26.1	null	null	13113	75
2026-05-27T14:25:12.313	WT901BLE68(F3:F0:16:BF:DC:AE)	0.936	-0.164	-0.357	-32.654	-20.142	1.038	-152.57	-66.74	173.92	9.013	5.540	-8.427	-0.62787	-0.03351	0.75708	-0.17709	26.1	null	null	13113	75
2026-05-27T14:25:12.404	WT901BLE68(F3:F0:16:BF:DC:AE)	0.897	-0.214	-0.403	-26.489	-17.090	-6.653	-158.03	-65.34	178.09	9.013	5.540	-8.427	-0.62787	-0.03351	0.75708	-0.17709	26.1	null	null	13113	75
2026-05-27T14:25:12.523	WT901BLE68(F3:F0:16:BF:DC:AE)	0.912	-0.074	-0.401	-37.537	-22.156	-9.766	-163.61	-63.90	-176.63	9.013	5.540	-8.427	-0.62787	-0.03351	0.75708	-0.17709	26.1	null	null	13113	75
2026-05-27T14:25:12.612	WT901BLE68(F3:F0:16:BF:DC:AE)	0.917	-0.171	-0.333	-33.813	-20.996	-14.648	-170.07	-62.11	-171.02	9.013	5.540	-8.427	-0.62787	-0.03351	0.75708	-0.17709	26.1	null	null	13113	75
2026-05-27T14:25:12.791	WT901BLE68(F3:F0:16:BF:DC:AE)	0.889	-0.034	-0.396	-30.640	-10.925	-22.583	-175.80	-60.74	-165.43	8.467	9.827	-24.927	-0.62787	-0.03351	0.75708	-0.17709	26.1	null	null	13113	75
2026-05-27T14:25:12.792	WT901BLE68(F3:F0:16:BF:DC:AE)	0.992	-0.048	-0.358	-15.076	2.014	-15.808	179.71	-60.39	-159.86	8.467	9.827	-24.927	-0.62787	-0.03351	0.75708	-0.17709	26.1	null	null	13113	75
2026-05-27T14:25:12.914	WT901BLE68(F3:F0:16:BF:DC:AE)	1.054	0.053	-0.034	-29.541	82.153	11.414	177.52	-65.09	-157.29	8.467	9.827	-24.927	-0.62787	-0.03351	0.75708	-0.17709	26.1	null	null	13113	75
2026-05-27T14:25:13.000	WT901BLE68(F3:F0:16:BF:DC:AE)	1.044	-0.082	-0.380	-23.743	92.712	33.447	-179.18	-75.15	-162.05	8.467	9.827	-24.927	-0.55237	-0.14871	0.81506	-0.09143	26.1	null	null	13113	75
2026-05-27T14:25:13.126	WT901BLE68(F3:F0:16:BF:DC:AE)	1.014	0.024	-0.360	19.287	72.937	44.189	-147.45	-82.14	168.44	8.467	9.827	-24.927	-0.55237	-0.14871	0.81506	-0.09143	26.1	null	null	13113	75
2026-05-27T14:25:13.211	WT901BLE68(F3:F0:16:BF:DC:AE)	0.995	-0.054	-0.208	65.613	56.274	49.927	-90.60	-80.85	116.91	8.467	9.827	-24.927	-0.55237	-0.14871	0.81506	-0.09143	26.1	null	null	13113	75
2026-05-27T14:25:13.334	WT901BLE68(F3:F0:16:BF:DC:AE)	0.914	0.059	-0.078	49.377	48.096	33.081	-65.52	-76.67	99.04	8.467	9.827	-24.927	-0.55237	-0.14871	0.81506	-0.09143	26.1	null	null	13113	75
2026-05-27T14:25:13.421	WT901BLE68(F3:F0:16:BF:DC:AE)	0.817	-0.076	0.044	-0.122	11.169	25.818	-59.45	-73.76	95.91	8.467	9.827	-24.927	-0.55237	-0.14871	0.81506	-0.09143	26.1	null	null	13113	75
2026-05-27T14:25:13.542	WT901BLE68(F3:F0:16:BF:DC:AE)	0.853	-0.263	0.270	13.428	-13.916	5.249	-62.18	-73.55	100.91	8.467	9.827	-24.927	-0.55237	-0.14871	0.81506	-0.09143	26.1	null	null	13113	75
2026-05-27T14:25:13.603	WT901BLE68(F3:F0:16:BF:DC:AE)	0.807	-0.092	0.181	-8.240	-31.738	-3.784	-60.84	-73.99	103.27	8.640	2.700	-8.007	-0.55237	-0.14871	0.81506	-0.09143	26.1	null	null	13113	75
2026-05-27T14:25:13.722	WT901BLE68(F3:F0:16:BF:DC:AE)	1.158	-0.013	0.313	96.802	-43.335	-4.700	-73.33	-76.74	119.05	8.640	2.700	-8.007	-0.55237	-0.14871	0.81506	-0.09143	26.1	null	null	13113	75
2026-05-27T14:25:13.810	WT901BLE68(F3:F0:16:BF:DC:AE)	0.930	-0.229	-0.176	-1.099	-70.740	-5.737	-93.87	-78.54	142.51	8.640	2.700	-8.007	-0.62039	-0.21768	0.66400	-0.35599	26.1	null	null	13113	75
2026-05-27T14:25:13.932	WT901BLE68(F3:F0:16:BF:DC:AE)	0.903	-0.259	-0.254	-3.845	-45.776	-4.883	-119.48	-77.15	168.29	8.640	2.700	-8.007	-0.62039	-0.21768	0.66400	-0.35599	26.1	null	null	13113	75
2026-05-27T14:25:14.026	WT901BLE68(F3:F0:16:BF:DC:AE)	1.001	-0.119	-0.118	-10.071	-34.790	-1.831	-134.41	-75.00	-174.72	8.640	2.700	-8.007	-0.62039	-0.21768	0.66400	-0.35599	26.1	null	null	13113	75
2026-05-27T14:25:14.143	WT901BLE68(F3:F0:16:BF:DC:AE)	0.938	-0.251	-0.266	-36.987	-29.175	2.441	-143.42	-72.55	-168.26	8.640	2.700	-8.007	-0.62039	-0.21768	0.66400	-0.35599	26.1	null	null	13113	75
2026-05-27T14:25:14.204	WT901BLE68(F3:F0:16:BF:DC:AE)	0.937	-0.167	-0.291	1.404	-23.682	-10.071	-149.75	-70.78	-161.32	8.640	2.700	-8.007	-0.62039	-0.21768	0.66400	-0.35599	26.1	null	null	13113	75
2026-05-27T14:25:14.324	WT901BLE68(F3:F0:16:BF:DC:AE)	0.941	-0.142	-0.334	-30.151	-25.818	-6.531	-156.48	-68.92	-155.02	8.640	2.700	-8.007	-0.62039	-0.21768	0.66400	-0.35599	26.1	null	null	13113	75
2026-05-27T14:25:14.413	WT901BLE68(F3:F0:16:BF:DC:AE)	0.903	-0.133	-0.413	-17.578	-23.804	-14.465	-162.56	-67.12	-149.73	8.640	2.700	-8.007	-0.62039	-0.21768	0.66400	-0.35599	26.1	null	null	13113	75
2026-05-27T14:25:14.530	WT901BLE68(F3:F0:16:BF:DC:AE)	0.945	-0.130	-0.312	-19.897	-27.771	-18.738	-169.02	-65.10	-143.39	9.627	8.220	-28.480	-0.62039	-0.21768	0.66400	-0.35599	26.1	null	null	13113	75
2026-05-27T14:25:14.621	WT901BLE68(F3:F0:16:BF:DC:AE)	0.971	-0.117	-0.439	-27.100	-19.897	-19.836	-175.38	-63.34	-138.13	9.627	8.220	-28.480	-0.62039	-0.21768	0.66400	-0.35599	26.1	null	null	13113	75
2026-05-27T14:25:14.741	WT901BLE68(F3:F0:16:BF:DC:AE)	0.482	-0.033	-0.181	-4.089	-2.747	-16.479	179.60	-62.76	-133.13	9.627	8.220	-28.480	-0.47791	-0.33228	0.78619	-0.20737	26.1	null	null	13113	75
2026-05-27T14:25:14.832	WT901BLE68(F3:F0:16:BF:DC:AE)	1.115	0.049	-0.091	-15.015	59.753	-1.709	177.57	-65.99	-130.64	9.627	8.220	-28.480	-0.47791	-0.33228	0.78619	-0.20737	26.1	null	null	13113	75
2026-05-27T14:25:14.953	WT901BLE68(F3:F0:16:BF:DC:AE)	1.079	0.066	-0.313	-50.720	102.966	28.198	175.63	-76.25	-131.82	9.627	8.220	-28.480	-0.47791	-0.33228	0.78619	-0.20737	26.1	null	null	13113	75
2026-05-27T14:25:15.013	WT901BLE68(F3:F0:16:BF:DC:AE)	0.972	-0.085	-0.348	15.381	72.998	40.833	-159.01	-83.99	-158.29	9.627	8.220	-28.480	-0.47791	-0.33228	0.78619	-0.20737	26.1	null	null	13113	75
2026-05-27T14:25:15.135	WT901BLE68(F3:F0:16:BF:DC:AE)	0.926	-0.063	-0.215	53.284	43.518	39.795	-99.53	-84.24	146.18	9.627	8.220	-28.480	-0.47791	-0.33228	0.78619	-0.20737	26.1	null	null	13113	75
2026-05-27T14:25:15.253	WT901BLE68(F3:F0:16:BF:DC:AE)	1.001	0.019	-0.019	53.589	33.936	36.987	-73.54	-80.50	126.68	9.627	8.220	-28.480	-0.47791	-0.33228	0.78619	-0.20737	26.1	null	null	13113	75
2026-05-27T14:25:15.341	WT901BLE68(F3:F0:16:BF:DC:AE)	0.936	-0.088	0.080	-0.061	26.611	34.607	-63.92	-77.00	119.49	9.627	8.220	-28.480	-0.47791	-0.33228	0.78619	-0.20737	26.1	null	null	13113	75
2026-05-27T14:25:15.432	WT901BLE68(F3:F0:16:BF:DC:AE)	0.855	-0.267	0.050	-8.606	7.874	32.166	-64.24	-73.89	120.60	11.227	0.907	-11.727	-0.47791	-0.33228	0.78619	-0.20737	26.1	null	null	13113	75
2026-05-27T14:25:15.584	WT901BLE68(F3:F0:16:BF:DC:AE)	0.851	-0.248	0.162	15.503	-15.869	11.719	-67.66	-71.89	126.04	11.227	0.907	-11.727	-0.47791	-0.33228	0.78619	-0.20737	26.1	null	null	13113	75
2026-05-27T14:25:15.609	WT901BLE68(F3:F0:16:BF:DC:AE)	0.897	-0.160	0.077	11.658	-44.861	-10.986	-72.87	-72.62	134.96	11.227	0.907	-11.727	-0.57697	-0.25146	0.62369	-0.46344	26.1	null	null	13113	75
2026-05-27T14:25:15.734	WT901BLE68(F3:F0:16:BF:DC:AE)	1.150	-0.099	0.309	59.937	-43.945	-17.517	-86.40	-75.23	152.15	11.227	0.907	-11.727	-0.57697	-0.25146	0.62369	-0.46344	26.1	null	null	13113	75
2026-05-27T14:25:15.823	WT901BLE68(F3:F0:16:BF:DC:AE)	1.003	-0.258	-0.139	-8.118	-57.922	-1.587	-103.34	-76.43	171.36	11.227	0.907	-11.727	-0.57697	-0.25146	0.62369	-0.46344	26.1	null	null	13113	75
2026-05-27T14:25:15.940	WT901BLE68(F3:F0:16:BF:DC:AE)	0.882	-0.225	-0.264	2.869	-43.274	-5.005	-123.35	-75.20	-168.62	11.227	0.907	-11.727	-0.57697	-0.25146	0.62369	-0.46344	26.1	null	null	13113	75
2026-05-27T14:25:16.034	WT901BLE68(F3:F0:16:BF:DC:AE)	0.938	-0.174	-0.277	-35.278	-36.438	1.221	-135.41	-72.92	-156.68	11.227	0.907	-11.727	-0.57697	-0.25146	0.62369	-0.46344	26.1	null	null	13113	75
2026-05-27T14:25:16.153	WT901BLE68(F3:F0:16:BF:DC:AE)	0.978	-0.211	-0.258	-19.897	-20.874	0.793	-144.39	-70.54	-149.46	11.227	0.907	-11.727	-0.57697	-0.25146	0.62369	-0.46344	26.1	null	null	13113	75
2026-05-27T14:25:16.242	WT901BLE68(F3:F0:16:BF:DC:AE)	0.890	-0.185	-0.342	-35.400	-12.390	7.141	-147.60	-69.07	-147.92	11.227	0.907	-11.727	-0.57697	-0.25146	0.62369	-0.46344	26.1	null	null	13113	75
2026-05-27T14:25:16.331	WT901BLE68(F3:F0:16:BF:DC:AE)	0.900	-0.196	-0.388	-24.048	-11.108	-0.671	-150.77	-67.88	-146.83	12.960	0.820	-29.773	-0.57697	-0.25146	0.62369	-0.46344	26.1	null	null	13113	75
2026-05-27T14:25:16.422	WT901BLE68(F3:F0:16:BF:DC:AE)	0.905	-0.178	-0.363	-29.785	-13.062	-4.211	-154.98	-66.82	-143.88	12.960	0.820	-29.773	-0.57697	-0.25146	0.62369	-0.46344	26.1	null	null	13113	75
2026-05-27T14:25:16.541	WT901BLE68(F3:F0:16:BF:DC:AE)	0.954	-0.169	-0.330	-21.729	-11.963	-8.972	-159.92	-65.70	-140.20	12.960	0.820	-29.773	-0.45386	-0.36688	0.74265	-0.32828	26.1	null	null	13113	75
2026-05-27T14:25:16.664	WT901BLE68(F3:F0:16:BF:DC:AE)	0.905	-0.182	-0.317	-36.560	-13.550	-9.338	-164.98	-64.68	-137.01	12.960	0.820	-29.773	-0.45386	-0.36688	0.74265	-0.32828	26.1	null	null	13113	75
2026-05-27T14:25:16.752	WT901BLE68(F3:F0:16:BF:DC:AE)	0.988	-0.094	-0.376	-19.104	-6.653	-10.193	-169.42	-64.13	-134.37	12.960	0.820	-29.773	-0.45386	-0.36688	0.74265	-0.32828	26.1	null	null	13113	75
2026-05-27T14:25:16.840	WT901BLE68(F3:F0:16:BF:DC:AE)	0.964	-0.046	-0.345	-26.428	0.977	-8.545	-173.78	-64.30	-131.18	12.960	0.820	-29.773	-0.45386	-0.36688	0.74265	-0.32828	26.1	null	null	13113	75
2026-05-27T14:25:16.995	WT901BLE68(F3:F0:16:BF:DC:AE)	1.044	0.030	-0.064	-26.245	65.430	2.441	-176.18	-67.01	-130.31	12.960	0.820	-29.773	-0.45386	-0.36688	0.74265	-0.32828	26.1	null	null	13113	75
2026-05-27T14:25:17.022	WT901BLE68(F3:F0:16:BF:DC:AE)	1.077	-0.017	-0.312	-48.340	85.266	26.855	-173.93	-75.79	-135.63	12.960	0.820	-29.773	-0.45386	-0.36688	0.74265	-0.32828	26.1	null	null	13113	75
2026-05-27T14:25:17.174	WT901BLE68(F3:F0:16:BF:DC:AE)	1.024	-0.010	-0.289	-13.794	71.716	37.842	-149.30	-82.11	-161.85	12.960	0.820	-29.773	-0.45386	-0.36688	0.74265	-0.32828	26.1	null	null	13113	75
2026-05-27T14:25:17.260	WT901BLE68(F3:F0:16:BF:DC:AE)	0.982	-0.035	-0.193	32.593	48.035	30.518	-106.44	-82.98	157.03	13.953	1.293	-13.687	-0.45386	-0.36688	0.74265	-0.32828	26.1	null	null	13113	75
2026-05-27T14:25:17.352	WT901BLE68(F3:F0:16:BF:DC:AE)	0.984	-0.011	-0.060	8.911	40.100	22.217	-76.15	-81.36	131.37	13.953	1.293	-13.687	-0.45386	-0.36688	0.74265	-0.32828	26.1	null	null	13113	75
2026-05-27T14:25:17.440	WT901BLE68(F3:F0:16:BF:DC:AE)	0.900	-0.162	0.059	-53.528	31.677	30.518	-63.96	-78.25	119.64	13.953	1.293	-13.687	-0.61462	-0.27133	0.62946	-0.39023	26.1	null	null	13113	75
2026-05-27T14:25:17.564	WT901BLE68(F3:F0:16:BF:DC:AE)	0.882	-0.370	0.104	-33.142	25.757	37.659	-64.69	-74.33	119.76	13.953	1.293	-13.687	-0.61462	-0.27133	0.62946	-0.39023	26.1	null	null	13113	75
2026-05-27T14:25:17.651	WT901BLE68(F3:F0:16:BF:DC:AE)	0.856	-0.257	0.192	-2.197	4.944	13.428	-65.09	-71.40	123.96	13.953	1.293	-13.687	-0.61462	-0.27133	0.62946	-0.39023	26.1	null	null	13113	75
2026-05-27T14:25:17.774	WT901BLE68(F3:F0:16:BF:DC:AE)	0.810	-0.153	0.067	-34.058	-25.085	-11.780	-67.99	-71.50	131.00	13.953	1.293	-13.687	-0.61462	-0.27133	0.62946	-0.39023	26.1	null	null	13113	75
2026-05-27T14:25:17.833	WT901BLE68(F3:F0:16:BF:DC:AE)	1.124	-0.438	0.288	33.142	-40.161	-8.362	-82.85	-74.47	148.48	13.953	1.293	-13.687	-0.61462	-0.27133	0.62946	-0.39023	26.1	null	null	13113	75
2026-05-27T14:25:17.953	WT901BLE68(F3:F0:16:BF:DC:AE)	0.943	-0.289	0.022	21.790	-32.776	-17.212	-92.57	-75.77	163.83	13.953	1.293	-13.687	-0.61462	-0.27133	0.62946	-0.39023	26.1	null	null	13113	75
2026-05-27T14:25:18.041	WT901BLE68(F3:F0:16:BF:DC:AE)	0.987	-0.206	-0.056	15.991	-34.302	-9.827	-105.10	-76.06	-178.79	13.953	1.293	-13.687	-0.61462	-0.27133	0.62946	-0.39023	26.1	null	null	13113	75
2026-05-27T14:25:18.190	WT901BLE68(F3:F0:16:BF:DC:AE)	0.942	-0.057	-0.205	-6.470	-42.358	-4.761	-121.17	-75.40	-159.24	17.813	-9.333	-11.013	-0.61462	-0.27133	0.62946	-0.39023	26.1	null	null	13113	75
2026-05-27T14:25:18.252	WT901BLE68(F3:F0:16:BF:DC:AE)	0.938	-0.258	-0.308	-31.067	-34.180	5.920	-133.10	-72.98	-147.45	17.813	-9.333	-11.013	-0.61462	-0.27133	0.62946	-0.39023	26.1	null	null	13113	75
2026-05-27T14:25:18.372	WT901BLE68(F3:F0:16:BF:DC:AE)	0.950	-0.223	-0.259	-27.100	-21.912	2.563	-141.13	-70.77	-139.80	17.813	-9.333	-11.013	-0.42392	-0.44147	0.65179	-0.44769	26.1	null	null	13113	75
2026-05-27T14:25:18.431	WT901BLE68(F3:F0:16:BF:DC:AE)	0.938	-0.219	-0.259	-45.227	-12.024	11.902	-145.88	-68.91	-136.92	17.813	-9.333	-11.013	-0.42392	-0.44147	0.65179	-0.44769	26.1	null	null	13113	75
2026-05-27T14:25:18.553	WT901BLE68(F3:F0:16:BF:DC:AE)	0.918	-0.251	-0.394	-22.461	-11.780	3.967	-149.27	-67.34	-135.22	17.813	-9.333	-11.013	-0.42392	-0.44147	0.65179	-0.44769	26.1	null	null	13113	75
2026-05-27T14:25:18.644	WT901BLE68(F3:F0:16:BF:DC:AE)	0.905	-0.194	-0.371	-28.503	-10.803	4.028	-152.03	-66.19	-132.36	17.813	-9.333	-11.013	-0.42392	-0.44147	0.65179	-0.44769	26.1	null	null	13113	75
2026-05-27T14:25:18.763	WT901BLE68(F3:F0:16:BF:DC:AE)	0.897	-0.213	-0.357	-28.931	-10.559	-0.122	-155.29	-65.09	-129.31	17.813	-9.333	-11.013	-0.42392	-0.44147	0.65179	-0.44769	26.1	null	null	13113	75
2026-05-27T14:25:18.853	WT901BLE68(F3:F0:16:BF:DC:AE)	0.959	-0.120	-0.354	-59.509	-6.104	3.540	-159.96	-64.28	-125.98	17.813	-9.333	-11.013	-0.42392	-0.44147	0.65179	-0.44769	26.1	null	null	13113	75
2026-05-27T14:25:18.973	WT901BLE68(F3:F0:16:BF:DC:AE)	0.910	-0.268	-0.426	-65.186	-2.014	3.296	-165.75	-63.85	-124.63	17.813	-9.333	-11.013	-0.42392	-0.44147	0.65179	-0.44769	26.1	null	null	13113	75
2026-05-27T14:25:19.031	WT901BLE68(F3:F0:16:BF:DC:AE)	0.984	-0.043	-0.383	-49.500	8.484	-1.709	-169.75	-63.85	-122.64	20.060	-13.140	-23.513	-0.42392	-0.44147	0.65179	-0.44769	26.1	null	null	13113	75
2026-05-27T14:25:19.184	WT901BLE68(F3:F0:16:BF:DC:AE)	0.912	-0.105	-0.346	-52.429	15.137	3.601	-173.35	-65.10	-120.65	20.060	-13.140	-23.513	-0.42392	-0.44147	0.65179	-0.44769	26.1	null	null	13113	75
2026-05-27T14:25:19.239	WT901BLE68(F3:F0:16:BF:DC:AE)	1.005	0.082	-0.083	-36.072	68.359	12.451	-174.32	-69.03	-120.12	20.060	-13.140	-23.513	-0.45551	-0.44077	0.70892	-0.30911	26.1	null	null	13113	75
2026-05-27T14:25:19.361	WT901BLE68(F3:F0:16:BF:DC:AE)	1.097	0.145	-0.267	-83.740	91.553	28.015	-169.00	-77.98	-127.94	20.060	-13.140	-23.513	-0.45551	-0.44077	0.70892	-0.30911	26.1	null	null	13113	75
2026-05-27T14:25:19.453	WT901BLE68(F3:F0:16:BF:DC:AE)	1.029	-0.005	-0.212	-70.740	75.378	46.997	-132.41	-83.83	-167.57	20.060	-13.140	-23.513	-0.45551	-0.44077	0.70892	-0.30911	26.1	null	null	13113	75
2026-05-27T14:25:19.604	WT901BLE68(F3:F0:16:BF:DC:AE)	0.980	-0.049	-0.147	-11.719	51.697	27.283	-77.89	-82.74	139.49	20.060	-13.140	-23.513	-0.45551	-0.44077	0.70892	-0.30911	26.1	null	null	13113	75
2026-05-27T14:25:19.661	WT901BLE68(F3:F0:16:BF:DC:AE)	0.970	-0.062	-0.027	-28.137	32.532	21.118	-59.06	-80.23	124.43	20.060	-13.140	-23.513	-0.45551	-0.44077	0.70892	-0.30911	26.1	null	null	13113	75
2026-05-27T14:25:19.782	WT901BLE68(F3:F0:16:BF:DC:AE)	0.906	-0.223	0.081	-46.509	23.193	19.714	-54.61	-77.60	120.95	20.060	-13.140	-23.513	-0.45551	-0.44077	0.70892	-0.30911	26.1	null	null	13113	75
2026-05-27T14:25:19.842	WT901BLE68(F3:F0:16:BF:DC:AE)	0.853	-0.224	0.165	-19.348	14.709	18.127	-57.13	-75.38	125.77	20.060	-13.140	-23.513	-0.45551	-0.44077	0.70892	-0.30911	26.1	null	null	13113	75
2026-05-27T14:25:19.961	WT901BLE68(F3:F0:16:BF:DC:AE)	0.725	-0.026	-0.059	-112.427	-25.452	0.122	-59.32	-73.14	129.39	4.547	-34.587	0.153	-0.45551	-0.44077	0.70892	-0.30911	26.1	null	null	13113	75
2026-05-27T14:25:20.051	WT901BLE68(F3:F0:16:BF:DC:AE)	0.938	-0.090	-0.006	8.484	-64.941	-23.560	-78.43	-74.86	150.69	4.547	-34.587	0.153	-0.45551	-0.44077	0.70892	-0.30911	26.1	null	null	13113	75
2026-05-27T14:25:20.171	WT901BLE68(F3:F0:16:BF:DC:AE)	1.101	-0.110	0.063	62.134	-62.134	-25.940	-101.67	-77.23	-174.71	4.547	-34.587	0.153	-0.49533	-0.37305	0.60294	-0.50183	26.1	null	null	13113	75
2026-05-27T14:25:20.262	WT901BLE68(F3:F0:16:BF:DC:AE)	0.955	-0.161	-0.054	-37.903	-36.499	14.099	-122.38	-75.68	-151.25	4.547	-34.587	0.153	-0.49533	-0.37305	0.60294	-0.50183	26.1	null	null	13113	75
2026-05-27T14:25:20.384	WT901BLE68(F3:F0:16:BF:DC:AE)	0.925	-0.210	-0.353	-2.502	-29.907	0.854	-131.97	-73.27	-139.24	4.547	-34.587	0.153	-0.49533	-0.37305	0.60294	-0.50183	26.1	null	null	13113	75
2026-05-27T14:25:20.441	WT901BLE68(F3:F0:16:BF:DC:AE)	0.907	-0.243	-0.339	-20.203	-23.193	3.967	-138.13	-71.30	-130.46	4.547	-34.587	0.153	-0.49533	-0.37305	0.60294	-0.50183	26.1	null	null	13113	75
2026-05-27T14:25:20.593	WT901BLE68(F3:F0:16:BF:DC:AE)	0.912	-0.206	-0.315	-37.720	-14.282	7.935	-143.47	-69.46	-124.15	4.547	-34.587	0.153	-0.49533	-0.37305	0.60294	-0.50183	26.1	null	null	13113	75
2026-05-27T14:25:20.653	WT901BLE68(F3:F0:16:BF:DC:AE)	0.922	-0.247	-0.346	-40.710	-12.756	6.958	-147.97	-67.77	-120.24	4.547	-34.587	0.153	-0.49533	-0.37305	0.60294	-0.50183	26.1	null	null	13113	75
2026-05-27T14:25:20.771	WT901BLE68(F3:F0:16:BF:DC:AE)	0.908	-0.215	-0.377	-42.664	-8.057	5.310	-151.90	-66.56	-117.00	4.547	-34.587	0.153	-0.49533	-0.37305	0.60294	-0.50183	26.1	null	null	13113	75
2026-05-27T14:25:20.860	WT901BLE68(F3:F0:16:BF:DC:AE)	0.889	-0.194	-0.411	-38.147	-10.193	-2.197	-156.47	-65.53	-112.83	9.527	-36.413	-24.920	-0.49533	-0.37305	0.60294	-0.50183	26.1	null	null	13113	75
2026-05-27T14:25:20.982	WT901BLE68(F3:F0:16:BF:DC:AE)	0.901	-0.153	-0.328	-62.073	-9.399	0.854	-162.02	-64.53	-107.97	9.527	-36.413	-24.920	-0.49533	-0.37305	0.60294	-0.50183	26.1	null	null	13113	75
2026-05-27T14:25:21.073	WT901BLE68(F3:F0:16:BF:DC:AE)	0.896	-0.162	-0.449	-58.289	-2.686	-2.136	-167.83	-63.91	-105.45	9.527	-36.413	-24.920	-0.35516	-0.55734	0.63220	-0.40430	26.1	null	null	13113	75
2026-05-27T14:25:21.191	WT901BLE68(F3:F0:16:BF:DC:AE)	0.887	-0.109	-0.415	-39.734	-5.005	-9.644	-172.86	-63.53	-101.67	9.527	-36.413	-24.920	-0.35516	-0.55734	0.63220	-0.40430	26.1	null	null	13113	75
2026-05-27T14:25:21.251	WT901BLE68(F3:F0:16:BF:DC:AE)	1.131	-0.004	-0.289	-32.227	18.372	-0.793	-177.47	-63.56	-96.98	9.527	-36.413	-24.920	-0.35516	-0.55734	0.63220	-0.40430	26.1	null	null	13113	75
2026-05-27T14:25:21.407	WT901BLE68(F3:F0:16:BF:DC:AE)	0.951	0.124	-0.102	-60.913	83.496	20.935	-178.96	-69.29	-97.79	9.527	-36.413	-24.920	-0.35516	-0.55734	0.63220	-0.40430	26.1	null	null	13113	75
2026-05-27T14:25:21.463	WT901BLE68(F3:F0:16:BF:DC:AE)	1.078	0.036	-0.376	-78.003	81.848	34.058	-177.29	-78.99	-103.82	9.527	-36.413	-24.920	-0.35516	-0.55734	0.63220	-0.40430	26.1	null	null	13113	75
2026-05-27T14:25:21.582	WT901BLE68(F3:F0:16:BF:DC:AE)	0.918	-0.034	-0.320	0.000	49.316	42.297	-142.33	-84.19	-140.34	9.527	-36.413	-24.920	-0.35516	-0.55734	0.63220	-0.40430	26.1	null	null	13113	75
2026-05-27T14:25:21.672	WT901BLE68(F3:F0:16:BF:DC:AE)	0.952	-0.032	-0.120	43.213	28.320	34.058	-96.81	-83.18	-179.26	9.527	-36.413	-24.920	-0.35516	-0.55734	0.63220	-0.40430	26.1	null	null	13113	75
2026-05-27T14:25:21.789	WT901BLE68(F3:F0:16:BF:DC:AE)	1.005	-0.044	0.037	14.893	33.508	38.025	-76.96	-79.92	167.91	4.000	-38.180	-18.847	-0.35516	-0.55734	0.63220	-0.40430	26.1	null	null	13113	75
2026-05-27T14:25:21.854	WT901BLE68(F3:F0:16:BF:DC:AE)	0.919	-0.152	0.030	14.343	20.264	27.283	-67.09	-76.31	162.88	4.000	-38.180	-18.847	-0.35516	-0.55734	0.63220	-0.40430	26.1	null	null	13113	75
2026-05-27T14:25:22.002	WT901BLE68(F3:F0:16:BF:DC:AE)	0.872	-0.149	0.086	15.564	11.780	13.794	-62.35	-74.16	163.40	4.000	-38.180	-18.847	-0.42374	-0.44614	0.49768	-0.61121	26.1	null	null	13113	75
2026-05-27T14:25:22.060	WT901BLE68(F3:F0:16:BF:DC:AE)	0.907	-0.201	0.177	2.014	-10.559	3.723	-61.45	-73.44	166.72	4.000	-38.180	-18.847	-0.42374	-0.44614	0.49768	-0.61121	26.1	null	null	13113	75
2026-05-27T14:25:22.184	WT901BLE68(F3:F0:16:BF:DC:AE)	0.894	-0.205	0.109	-35.706	-25.574	-6.409	-66.52	-74.13	173.31	4.000	-38.180	-18.847	-0.42374	-0.44614	0.49768	-0.61121	26.1	null	null	13113	75
2026-05-27T14:25:22.271	WT901BLE68(F3:F0:16:BF:DC:AE)	1.127	-0.285	0.358	16.907	-18.982	-8.728	-80.24	-76.54	-171.87	4.000	-38.180	-18.847	-0.42374	-0.44614	0.49768	-0.61121	26.1	null	null	13113	75
2026-05-27T14:25:22.394	WT901BLE68(F3:F0:16:BF:DC:AE)	0.997	-0.249	-0.038	2.075	-46.570	-11.169	-92.48	-77.76	-156.31	4.000	-38.180	-18.847	-0.42374	-0.44614	0.49768	-0.61121	26.1	null	null	13113	75
2026-05-27T14:25:22.481	WT901BLE68(F3:F0:16:BF:DC:AE)	0.814	-0.157	-0.280	-15.869	-40.649	-4.761	-114.05	-77.54	-132.95	4.000	-38.180	-18.847	-0.42374	-0.44614	0.49768	-0.61121	26.1	null	null	13113	75
2026-05-27T14:25:22.607	WT901BLE68(F3:F0:16:BF:DC:AE)	1.004	-0.231	-0.224	-31.128	-35.339	1.953	-131.95	-75.26	-114.18	4.000	-38.180	-18.847	-0.42374	-0.44614	0.49768	-0.61121	26.1	null	null	13113	75
2026-05-27T14:25:22.660	WT901BLE68(F3:F0:16:BF:DC:AE)	0.924	-0.202	-0.256	-39.673	-17.334	3.784	-139.76	-73.27	-107.08	-0.313	-40.580	-25.000	-0.42374	-0.44614	0.49768	-0.61121	26.1	null	null	13113	75
2026-05-27T14:25:22.778	WT901BLE68(F3:F0:16:BF:DC:AE)	0.913	-0.208	-0.340	-26.062	-16.113	4.456	-145.43	-71.57	-103.23	-0.313	-40.580	-25.000	-0.42374	-0.44614	0.49768	-0.61121	26.1	null	null	13113	75
2026-05-27T14:25:22.869	WT901BLE68(F3:F0:16:BF:DC:AE)	0.914	-0.160	-0.291	-22.400	-10.437	0.305	-147.83	-70.37	-100.06	-0.313	-40.580	-25.000	-0.28516	-0.62036	0.50052	-0.53217	26.1	null	null	13113	75
2026-05-27T14:25:22.993	WT901BLE68(F3:F0:16:BF:DC:AE)	0.926	-0.214	-0.330	-32.043	-9.583	1.404	-151.69	-69.21	-97.20	-0.313	-40.580	-25.000	-0.28516	-0.62036	0.50052	-0.53217	26.1	null	null	13113	75
2026-05-27T14:25:23.082	WT901BLE68(F3:F0:16:BF:DC:AE)	0.900	-0.122	-0.367	-23.315	-14.648	-8.057	-155.65	-68.29	-93.71	-0.313	-40.580	-25.000	-0.28516	-0.62036	0.50052	-0.53217	26.1	null	null	13113	75
2026-05-27T14:25:23.205	WT901BLE68(F3:F0:16:BF:DC:AE)	0.928	-0.143	-0.357	-29.480	-16.602	-7.507	-160.82	-67.11	-89.11	-0.313	-40.580	-25.000	-0.28516	-0.62036	0.50052	-0.53217	26.1	null	null	13113	75
2026-05-27T14:25:23.262	WT901BLE68(F3:F0:16:BF:DC:AE)	0.906	-0.141	-0.357	-34.912	-13.672	-6.714	-166.06	-65.91	-85.16	-0.313	-40.580	-25.000	-0.28516	-0.62036	0.50052	-0.53217	26.1	null	null	13113	75
2026-05-27T14:25:23.415	WT901BLE68(F3:F0:16:BF:DC:AE)	0.869	-0.114	-0.347	-21.484	-8.850	-13.794	-170.85	-64.89	-81.36	-0.313	-40.580	-25.000	-0.28516	-0.62036	0.50052	-0.53217	26.1	null	null	13113	75
2026-05-27T14:25:23.470	WT901BLE68(F3:F0:16:BF:DC:AE)	1.003	-0.087	-0.382	-32.654	-7.385	-8.118	-175.05	-64.00	-77.51	-0.313	-40.580	-25.000	-0.28516	-0.62036	0.50052	-0.53217	26.1	null	null	13113	75
2026-05-27T14:25:23.589	WT901BLE68(F3:F0:16:BF:DC:AE)	0.976	0.094	-0.139	-21.179	59.082	2.930	-177.26	-66.34	-76.32	-2.133	-35.427	-40.447	-0.28516	-0.62036	0.50052	-0.53217	26.1	null	null	13113	75
2026-05-27T14:25:23.680	WT901BLE68(F3:F0:16:BF:DC:AE)	1.028	0.051	-0.250	-56.580	96.008	8.728	-178.81	-75.23	-77.09	-2.133	-35.427	-40.447	-0.28516	-0.62036	0.50052	-0.53217	26.1	null	null	13113	75
2026-05-27T14:25:23.801	WT901BLE68(F3:F0:16:BF:DC:AE)	1.037	-0.170	-0.340	-34.485	76.843	41.931	-165.15	-82.91	-95.38	-2.133	-35.427	-40.447	-0.40619	-0.58948	0.48975	-0.49756	26.1	null	null	13113	75
2026-05-27T14:25:23.891	WT901BLE68(F3:F0:16:BF:DC:AE)	0.985	-0.100	-0.219	62.988	57.678	32.593	-99.68	-84.24	-156.39	-2.133	-35.427	-40.447	-0.40619	-0.58948	0.48975	-0.49756	26.1	null	null	13113	75
2026-05-27T14:25:24.011	WT901BLE68(F3:F0:16:BF:DC:AE)	0.918	0.033	-0.074	21.729	33.875	31.921	-69.10	-81.01	-179.92	-2.133	-35.427	-40.447	-0.40619	-0.58948	0.48975	-0.49756	26.1	null	null	13113	75
2026-05-27T14:25:24.076	WT901BLE68(F3:F0:16:BF:DC:AE)	0.951	-0.183	0.046	4.456	24.109	36.194	-62.83	-77.30	176.22	-2.133	-35.427	-40.447	-0.40619	-0.58948	0.48975	-0.49756	26.1	null	null	13113	75
2026-05-27T14:25:24.194	WT901BLE68(F3:F0:16:BF:DC:AE)	0.896	-0.195	0.078	29.907	12.024	22.278	-61.03	-74.53	178.43	-2.133	-35.427	-40.447	-0.40619	-0.58948	0.48975	-0.49756	26.1	null	null	13113	75
2026-05-27T14:25:24.284	WT901BLE68(F3:F0:16:BF:DC:AE)	0.887	-0.162	0.190	18.127	-4.944	8.240	-59.27	-73.42	-178.82	-2.133	-35.427	-40.447	-0.40619	-0.58948	0.48975	-0.49756	26.1	null	null	13113	75
2026-05-27T14:25:24.403	WT901BLE68(F3:F0:16:BF:DC:AE)	0.906	-0.184	0.238	1.038	-18.494	-0.732	-61.91	-74.03	-172.74	-2.133	-35.427	-40.447	-0.40619	-0.58948	0.48975	-0.49756	26.1	null	null	13113	75
2026-05-27T14:25:24.494	WT901BLE68(F3:F0:16:BF:DC:AE)	5.249	-1.915	0.831	-29.358	-41.199	-8.545	-75.16	-76.58	-159.30	-4.867	-43.940	-23.473	-0.40619	-0.58948	0.48975	-0.49756	26.1	null	null	13113	75
2026-05-27T14:25:24.610	WT901BLE68(F3:F0:16:BF:DC:AE)	0.881	-0.303	0.025	-13.245	-29.663	-12.085	-84.13	-77.68	-148.44	-4.867	-43.940	-23.473	-0.40619	-0.58948	0.48975	-0.49756	26.1	null	null	13113	75
2026-05-27T14:25:24.670	WT901BLE68(F3:F0:16:BF:DC:AE)	1.110	-0.209	-0.096	-3.784	-36.499	-11.902	-101.04	-78.16	-130.17	-4.867	-43.940	-23.473	-0.23953	-0.60284	0.37473	-0.66232	26.1	null	null	13113	75
2026-05-27T14:25:24.824	WT901BLE68(F3:F0:16:BF:DC:AE)	0.922	-0.105	-0.203	-2.625	-46.570	-7.813	-123.85	-77.71	-106.76	-4.867	-43.940	-23.473	-0.23953	-0.60284	0.37473	-0.66232	26.1	null	null	13113	75
2026-05-27T14:25:24.882	WT901BLE68(F3:F0:16:BF:DC:AE)	0.952	-0.213	-0.257	-34.668	-28.381	3.418	-137.32	-75.44	-94.59	-4.867	-43.940	-23.473	-0.23953	-0.60284	0.37473	-0.66232	26.1	null	null	13113	75
2026-05-27T14:25:25.002	WT901BLE68(F3:F0:16:BF:DC:AE)	0.936	-0.230	-0.269	-29.480	-16.724	0.000	-144.46	-73.62	-89.54	-4.867	-43.940	-23.473	-0.23953	-0.60284	0.37473	-0.66232	26.1	null	null	13113	75
2026-05-27T14:25:25.092	WT901BLE68(F3:F0:16:BF:DC:AE)	0.939	-0.161	-0.277	-12.024	-17.334	-5.798	-149.88	-72.27	-85.11	-4.867	-43.940	-23.473	-0.23953	-0.60284	0.37473	-0.66232	26.1	null	null	13113	75
2026-05-27T14:25:25.215	WT901BLE68(F3:F0:16:BF:DC:AE)	0.948	-0.139	-0.286	-16.785	-17.395	-5.920	-154.53	-71.09	-80.78	-4.867	-43.940	-23.473	-0.23953	-0.60284	0.37473	-0.66232	26.1	null	null	13113	75
2026-05-27T14:25:25.300	WT901BLE68(F3:F0:16:BF:DC:AE)	0.938	-0.194	-0.292	-16.296	-15.015	-7.446	-159.60	-69.82	-76.77	-4.867	-43.940	-23.473	-0.23953	-0.60284	0.37473	-0.66232	26.1	null	null	13113	75
2026-05-27T14:25:25.423	WT901BLE68(F3:F0:16:BF:DC:AE)	0.930	-0.140	-0.291	-12.085	-19.165	-14.465	-164.97	-68.49	-71.70	-7.353	-38.420	-42.753	-0.23953	-0.60284	0.37473	-0.66232	26.1	null	null	13113	75
2026-05-27T14:25:25.484	WT901BLE68(F3:F0:16:BF:DC:AE)	0.932	-0.094	-0.301	-33.081	-26.184	-17.517	-172.14	-66.45	-66.54	-7.353	-38.420	-42.753	-0.23953	-0.60284	0.37473	-0.66232	26.1	null	null	13113	75
2026-05-27T14:25:25.602	WT901BLE68(F3:F0:16:BF:DC:AE)	0.990	-0.114	-0.431	-31.006	-18.005	-19.653	-178.36	-64.68	-62.78	-7.353	-38.420	-42.753	-0.25922	-0.72131	0.43030	-0.47668	26.1	null	null	13113	75
2026-05-27T14:25:25.691	WT901BLE68(F3:F0:16:BF:DC:AE)	1.080	0.029	-0.378	-15.686	5.005	-8.423	177.76	-64.45	-59.84	-7.353	-38.420	-42.753	-0.25922	-0.72131	0.43030	-0.47668	26.1	null	null	13113	75
2026-05-27T14:25:25.813	WT901BLE68(F3:F0:16:BF:DC:AE)	0.956	0.015	-0.160	-22.888	54.382	2.441	174.63	-68.63	-58.23	-7.353	-38.420	-42.753	-0.25922	-0.72131	0.43030	-0.47668	26.1	null	null	13113	75
2026-05-27T14:25:25.901	WT901BLE68(F3:F0:16:BF:DC:AE)	1.039	0.035	-0.284	-18.311	77.881	8.911	172.23	-76.25	-57.36	-7.353	-38.420	-42.753	-0.25922	-0.72131	0.43030	-0.47668	26.1	null	null	13113	75
2026-05-27T14:25:26.023	WT901BLE68(F3:F0:16:BF:DC:AE)	0.988	-0.085	-0.321	16.357	61.890	31.189	-178.31	-82.95	-67.21	-7.353	-38.420	-42.753	-0.25922	-0.72131	0.43030	-0.47668	26.1	null	null	13113	75
2026-05-27T14:25:26.082	WT901BLE68(F3:F0:16:BF:DC:AE)	0.995	-0.108	-0.214	87.036	45.288	36.255	-127.89	-85.16	-112.22	-7.353	-38.420	-42.753	-0.25922	-0.72131	0.43030	-0.47668	26.1	null	null	13113	75
2026-05-27T14:25:26.201	WT901BLE68(F3:F0:16:BF:DC:AE)	1.049	-0.059	-0.072	70.679	33.081	41.382	-85.12	-82.20	-147.19	-7.353	-38.420	-42.753	-0.25922	-0.72131	0.43030	-0.47668	26.1	null	null	13113	75
2026-05-27T14:25:26.290	WT901BLE68(F3:F0:16:BF:DC:AE)	0.949	-0.060	-0.017	42.114	30.151	34.363	-69.00	-78.25	-157.98	-2.420	-37.540	-35.980	-0.25922	-0.72131	0.43030	-0.47668	26.1	null	null	13113	75
2026-05-27T14:25:26.412	WT901BLE68(F3:F0:16:BF:DC:AE)	0.902	-0.127	0.015	22.522	15.808	21.912	-62.94	-75.78	-160.88	-2.420	-37.540	-35.980	-0.25922	-0.72131	0.43030	-0.47668	26.1	null	null	13113	75
2026-05-27T14:25:26.501	WT901BLE68(F3:F0:16:BF:DC:AE)	0.886	-0.164	0.202	5.066	2.258	13.123	-62.64	-74.44	-159.63	-2.420	-37.540	-35.980	-0.19696	-0.58325	0.31705	-0.72137	26.1	null	null	13113	75
2026-05-27T14:25:26.620	WT901BLE68(F3:F0:16:BF:DC:AE)	0.898	-0.273	0.282	-1.221	-11.536	4.089	-66.16	-74.48	-155.85	-2.420	-37.540	-35.980	-0.19696	-0.58325	0.31705	-0.72137	26.1	null	null	13113	75
2026-05-27T14:25:26.714	WT901BLE68(F3:F0:16:BF:DC:AE)	1.073	-0.178	0.234	62.317	-32.593	-7.874	-76.17	-76.59	-144.62	-2.420	-37.540	-35.980	-0.19696	-0.58325	0.31705	-0.72137	26.1	null	null	13113	75
2026-05-27T14:25:26.834	WT901BLE68(F3:F0:16:BF:DC:AE)	0.954	-0.226	-0.127	-26.794	-53.711	-3.296	-88.49	-78.17	-131.02	-2.420	-37.540	-35.980	-0.19696	-0.58325	0.31705	-0.72137	26.1	null	null	13113	75
2026-05-27T14:25:26.891	WT901BLE68(F3:F0:16:BF:DC:AE)	0.938	-0.187	-0.115	-10.681	-41.016	-11.841	-112.38	-78.13	-108.28	-2.420	-37.540	-35.980	-0.19696	-0.58325	0.31705	-0.72137	26.1	null	null	13113	75
2026-05-27T14:25:27.014	WT901BLE68(F3:F0:16:BF:DC:AE)	0.977	-0.116	-0.161	-26.184	-36.621	-2.686	-131.21	-76.71	-90.31	-2.420	-37.540	-35.980	-0.19696	-0.58325	0.31705	-0.72137	26.1	null	null	13113	75
2026-05-27T14:25:27.103	WT901BLE68(F3:F0:16:BF:DC:AE)	0.945	-0.245	-0.274	-24.292	-22.949	-0.610	-141.94	-74.46	-82.65	-2.420	-37.540	-35.980	-0.19696	-0.58325	0.31705	-0.72137	26.1	null	null	13113	75
2026-05-27T14:25:27.219	WT901BLE68(F3:F0:16:BF:DC:AE)	0.934	-0.155	-0.251	-20.081	-17.761	-4.700	-148.51	-73.00	-78.00	-9.073	-38.607	-42.033	-0.19696	-0.58325	0.31705	-0.72137	26.1	null	null	13113	75
2026-05-27T14:25:27.312	WT901BLE68(F3:F0:16:BF:DC:AE)	0.943	-0.184	-0.277	-24.536	-20.081	-5.005	-154.29	-71.59	-74.69	-9.073	-38.607	-42.033	-0.19696	-0.58325	0.31705	-0.72137	26.1	null	null	13113	75
2026-05-27T14:25:27.434	WT901BLE68(F3:F0:16:BF:DC:AE)	0.919	-0.155	-0.320	-19.043	-20.325	-9.949	-159.63	-70.27	-70.97	-9.073	-38.607	-42.033	-0.20578	-0.70984	0.38010	-0.55603	26.1	null	null	13113	75
2026-05-27T14:25:27.490	WT901BLE68(F3:F0:16:BF:DC:AE)	0.938	-0.135	-0.311	-7.019	-20.508	-14.526	-165.42	-68.63	-66.30	-9.073	-38.607	-42.033	-0.20578	-0.70984	0.38010	-0.55603	26.1	null	null	13113	75
2026-05-27T14:25:27.612	WT901BLE68(F3:F0:16:BF:DC:AE)	0.931	-0.099	-0.255	-26.672	-26.794	-15.869	-171.45	-66.71	-61.51	-9.073	-38.607	-42.033	-0.20578	-0.70984	0.38010	-0.55603	26.1	null	null	13113	75
2026-05-27T14:25:27.702	WT901BLE68(F3:F0:16:BF:DC:AE)	0.983	-0.111	-0.461	-23.193	-20.630	-16.357	-177.54	-64.64	-58.12	-9.073	-38.607	-42.033	-0.20578	-0.70984	0.38010	-0.55603	26.1	null	null	13113	75
2026-05-27T14:25:27.822	WT901BLE68(F3:F0:16:BF:DC:AE)	1.009	-0.019	-0.415	-6.836	-1.038	-13.367	178.45	-63.70	-55.42	-9.073	-38.607	-42.033	-0.20578	-0.70984	0.38010	-0.55603	26.1	null	null	13113	75
2026-05-27T14:25:27.915	WT901BLE68(F3:F0:16:BF:DC:AE)	0.958	0.102	-0.179	-29.541	50.964	-3.479	175.22	-65.89	-53.43	-9.073	-38.607	-42.033	-0.20578	-0.70984	0.38010	-0.55603	26.1	null	null	13113	75
2026-05-27T14:25:28.034	WT901BLE68(F3:F0:16:BF:DC:AE)	1.017	0.018	-0.243	-43.884	96.008	10.254	169.54	-73.57	-51.66	-9.073	-38.607	-42.033	-0.20578	-0.70984	0.38010	-0.55603	26.1	null	null	13113	75
2026-05-27T14:25:28.120	WT901BLE68(F3:F0:16:BF:DC:AE)	0.997	-0.126	-0.379	-6.409	63.171	31.250	168.68	-81.65	-53.72	-7.747	-24.860	-52.513	-0.20578	-0.70984	0.38010	-0.55603	26.1	null	null	13113	75
2026-05-27T14:25:28.242	WT901BLE68(F3:F0:16:BF:DC:AE)	0.951	-0.067	-0.257	62.622	37.415	28.809	-154.12	-85.10	-88.18	-7.747	-24.860	-52.513	-0.20578	-0.70984	0.38010	-0.55603	26.1	null	null	13113	75
2026-05-27T14:25:28.299	WT901BLE68(F3:F0:16:BF:DC:AE)	1.003	-0.032	-0.067	71.411	25.208	30.212	-106.95	-84.25	-127.50	-7.747	-24.860	-52.513	-0.31219	-0.62082	0.37268	-0.61493	26.1	null	null	13113	75
2026-05-27T14:25:28.424	WT901BLE68(F3:F0:16:BF:DC:AE)	1.007	-0.112	0.006	36.987	27.039	40.283	-83.01	-81.10	-146.58	-7.747	-24.860	-52.513	-0.31219	-0.62082	0.37268	-0.61493	26.1	null	null	13113	75
2026-05-27T14:25:28.512	WT901BLE68(F3:F0:16:BF:DC:AE)	0.949	-0.117	-0.004	55.420	27.344	33.203	-70.47	-77.15	-154.70	-7.747	-24.860	-52.513	-0.31219	-0.62082	0.37268	-0.61493	26.1	null	null	13113	75
2026-05-27T14:25:28.637	WT901BLE68(F3:F0:16:BF:DC:AE)	0.890	-0.166	0.110	35.767	13.916	27.954	-64.08	-74.27	-157.04	-7.747	-24.860	-52.513	-0.31219	-0.62082	0.37268	-0.61493	26.1	null	null	13113	75
2026-05-27T14:25:28.722	WT901BLE68(F3:F0:16:BF:DC:AE)	0.805	-0.170	0.126	11.475	-18.921	6.409	-65.62	-73.27	-153.36	-7.747	-24.860	-52.513	-0.31219	-0.62082	0.37268	-0.61493	26.1	null	null	13113	75
2026-05-27T14:25:28.843	WT901BLE68(F3:F0:16:BF:DC:AE)	0.988	-0.089	-0.083	15.320	-58.655	-19.836	-73.24	-74.89	-144.81	-7.747	-24.860	-52.513	-0.31219	-0.62082	0.37268	-0.61493	26.1	null	null	13113	75
2026-05-27T14:25:28.900	WT901BLE68(F3:F0:16:BF:DC:AE)	0.931	-0.242	0.054	0.671	-30.884	-5.432	-84.19	-77.02	-132.98	-7.747	-24.860	-52.513	-0.31219	-0.62082	0.37268	-0.61493	26.1	null	null	13113	75
2026-05-27T14:25:29.023	WT901BLE68(F3:F0:16:BF:DC:AE)	1.030	-0.201	-0.045	-10.742	-40.771	-7.629	-101.94	-77.16	-116.58	-5.240	-40.053	-41.340	-0.31219	-0.62082	0.37268	-0.61493	26.1	null	null	13113	75
2026-05-27T14:25:29.112	WT901BLE68(F3:F0:16:BF:DC:AE)	0.937	-0.119	-0.189	-5.188	-49.561	-11.658	-122.16	-76.54	-97.08	-5.240	-40.053	-41.340	-0.31219	-0.62082	0.37268	-0.61493	26.1	null	null	13113	75
2026-05-27T14:25:29.229	WT901BLE68(F3:F0:16:BF:DC:AE)	0.956	-0.206	-0.243	-31.738	-32.227	4.028	-136.19	-74.25	-85.19	-5.240	-40.053	-41.340	-0.15491	-0.68469	0.31839	-0.63693	26.1	null	null	13113	75
2026-05-27T14:25:29.352	WT901BLE68(F3:F0:16:BF:DC:AE)	0.942	-0.216	-0.260	-24.963	-19.165	0.061	-143.69	-72.16	-81.00	-5.240	-40.053	-41.340	-0.15491	-0.68469	0.31839	-0.63693	26.1	null	null	13113	75
2026-05-27T14:25:29.441	WT901BLE68(F3:F0:16:BF:DC:AE)	0.925	-0.165	-0.297	-21.667	-16.907	-0.244	-149.04	-70.68	-78.43	-5.240	-40.053	-41.340	-0.15491	-0.68469	0.31839	-0.63693	26.1	null	null	13113	75
2026-05-27T14:25:29.532	WT901BLE68(F3:F0:16:BF:DC:AE)	0.922	-0.162	-0.314	-27.954	-16.174	0.366	-153.40	-69.24	-76.99	-5.240	-40.053	-41.340	-0.15491	-0.68469	0.31839	-0.63693	26.1	null	null	13113	75
2026-05-27T14:25:29.653	WT901BLE68(F3:F0:16:BF:DC:AE)	0.914	-0.195	-0.319	-19.409	-16.663	-6.531	-158.26	-67.79	-74.93	-5.240	-40.053	-41.340	-0.15491	-0.68469	0.31839	-0.63693	26.1	null	null	13113	75
2026-05-27T14:25:29.710	WT901BLE68(F3:F0:16:BF:DC:AE)	0.903	-0.133	-0.368	-11.902	-22.949	-15.076	-162.87	-66.35	-71.86	-5.240	-40.053	-41.340	-0.15491	-0.68469	0.31839	-0.63693	26.1	null	null	13113	75
2026-05-27T14:25:29.832	WT901BLE68(F3:F0:16:BF:DC:AE)	0.927	-0.128	-0.329	-24.841	-24.963	-16.296	-168.56	-64.62	-67.96	-5.240	-40.053	-41.340	-0.15491	-0.68469	0.31839	-0.63693	26.1	null	null	13113	75
2026-05-27T14:25:29.920	WT901BLE68(F3:F0:16:BF:DC:AE)	0.977	-0.115	-0.500	-17.395	-15.869	-13.855	-173.66	-63.19	-65.30	-14.260	-28.767	-59.760	-0.15491	-0.68469	0.31839	-0.63693	26.1	null	null	13113	75
2026-05-27T14:25:30.042	WT901BLE68(F3:F0:16:BF:DC:AE)	0.981	-0.019	-0.434	-17.578	-10.071	-14.038	-177.93	-62.34	-62.50	-14.260	-28.767	-59.760	-0.15491	-0.68469	0.31839	-0.63693	26.1	null	null	13113	75
2026-05-27T14:25:30.133	WT901BLE68(F3:F0:16:BF:DC:AE)	0.992	0.040	-0.267	-25.330	34.424	-5.859	178.48	-63.50	-61.40	-14.260	-28.767	-59.760	-0.26370	-0.73502	0.43820	-0.44507	26.1	null	null	13113	75
2026-05-27T14:25:30.252	WT901BLE68(F3:F0:16:BF:DC:AE)	1.041	0.043	-0.170	-36.743	88.257	8.972	175.65	-70.46	-62.24	-14.260	-28.767	-59.760	-0.26370	-0.73502	0.43820	-0.44507	26.1	null	null	13113	75
2026-05-27T14:25:30.312	WT901BLE68(F3:F0:16:BF:DC:AE)	1.082	-0.085	-0.392	-8.301	84.534	34.363	179.81	-79.57	-69.48	-14.260	-28.767	-59.760	-0.26370	-0.73502	0.43820	-0.44507	26.1	null	null	13113	75
2026-05-27T14:25:30.433	WT901BLE68(F3:F0:16:BF:DC:AE)	0.977	-0.088	-0.271	32.166	56.641	41.809	-136.51	-83.92	-112.48	-14.260	-28.767	-59.760	-0.26370	-0.73502	0.43820	-0.44507	26.1	null	null	13113	75
2026-05-27T14:25:30.523	WT901BLE68(F3:F0:16:BF:DC:AE)	0.968	-0.057	-0.160	74.402	39.246	35.583	-89.88	-81.91	-153.26	-14.260	-28.767	-59.760	-0.26370	-0.73502	0.43820	-0.44507	26.1	null	null	13113	75
2026-05-27T14:25:30.641	WT901BLE68(F3:F0:16:BF:DC:AE)	0.948	-0.051	0.012	25.574	29.846	36.133	-73.11	-78.36	-165.24	-14.260	-28.767	-59.760	-0.26370	-0.73502	0.43820	-0.44507	26.1	null	null	13113	75
2026-05-27T14:25:30.729	WT901BLE68(F3:F0:16:BF:DC:AE)	0.889	-0.111	0.036	1.709	18.921	33.936	-69.19	-75.08	-168.18	-14.260	-28.767	-59.760	-0.26370	-0.73502	0.43820	-0.44507	26.1	null	null	13113	75
2026-05-27T14:25:30.854	WT901BLE68(F3:F0:16:BF:DC:AE)	0.814	-0.274	0.137	-25.330	6.714	39.368	-70.93	-71.42	-167.74	3.400	-36.167	-50.733	-0.26370	-0.73502	0.43820	-0.44507	26.1	null	null	13113	75
2026-05-27T14:25:30.943	WT901BLE68(F3:F0:16:BF:DC:AE)	0.930	-0.292	0.204	-9.827	-18.188	1.770	-76.60	-70.53	-163.91	3.400	-36.167	-50.733	-0.26370	-0.73502	0.43820	-0.44507	26.1	null	null	13113	75
2026-05-27T14:25:31.061	WT901BLE68(F3:F0:16:BF:DC:AE)	1.233	-0.484	0.161	33.081	-29.602	-18.677	-86.39	-73.76	-152.94	3.400	-36.167	-50.733	-0.26224	-0.52811	0.43430	-0.68088	26.1	null	null	13113	75
2026-05-27T14:25:31.120	WT901BLE68(F3:F0:16:BF:DC:AE)	0.902	-0.344	-0.005	-7.629	-49.072	-12.817	-99.95	-74.95	-137.72	3.400	-36.167	-50.733	-0.26224	-0.52811	0.43430	-0.68088	26.1	null	null	13113	75
2026-05-27T14:25:31.244	WT901BLE68(F3:F0:16:BF:DC:AE)	0.961	-0.158	-0.197	-0.732	-41.077	-18.433	-115.66	-75.23	-120.65	3.400	-36.167	-50.733	-0.26224	-0.52811	0.43430	-0.68088	26.1	null	null	13113	75
2026-05-27T14:25:31.330	WT901BLE68(F3:F0:16:BF:DC:AE)	0.971	-0.118	-0.227	-33.875	-37.354	4.822	-129.05	-73.58	-107.91	3.400	-36.167	-50.733	-0.26224	-0.52811	0.43430	-0.68088	26.1	null	null	13113	75
2026-05-27T14:25:31.453	WT901BLE68(F3:F0:16:BF:DC:AE)	0.939	-0.326	-0.267	-31.738	-19.531	1.709	-138.18	-71.15	-102.89	3.400	-36.167	-50.733	-0.26224	-0.52811	0.43430	-0.68088	26.1	null	null	13113	75
2026-05-27T14:25:31.541	WT901BLE68(F3:F0:16:BF:DC:AE)	0.941	-0.196	-0.254	-32.043	-14.587	2.747	-143.48	-69.91	-100.23	3.400	-36.167	-50.733	-0.26224	-0.52811	0.43430	-0.68088	26.1	null	null	13113	75
2026-05-27T14:25:31.660	WT901BLE68(F3:F0:16:BF:DC:AE)	0.936	-0.253	-0.331	-35.889	-10.132	4.395	-147.27	-68.64	-99.99	3.400	-36.167	-50.733	-0.26224	-0.52811	0.43430	-0.68088	26.1	null	null	13113	75
2026-05-27T14:25:31.720	WT901BLE68(F3:F0:16:BF:DC:AE)	0.908	-0.188	-0.339	-34.729	-6.592	5.127	-150.31	-67.86	-99.92	-9.413	-27.880	-68.640	-0.26224	-0.52811	0.43430	-0.68088	26.1	null	null	13113	75
2026-05-27T14:25:31.839	WT901BLE68(F3:F0:16:BF:DC:AE)	0.927	-0.247	-0.340	-35.461	-6.470	1.404	-153.87	-67.17	-99.98	-9.413	-27.880	-68.640	-0.26224	-0.52811	0.43430	-0.68088	26.1	null	null	13113	75
2026-05-27T14:25:31.929	WT901BLE68(F3:F0:16:BF:DC:AE)	0.914	-0.162	-0.355	-44.128	-6.897	-2.014	-158.56	-66.73	-98.78	-9.413	-27.880	-68.640	-0.29636	-0.61594	0.54568	-0.48468	26.1	null	null	13113	75
2026-05-27T14:25:32.052	WT901BLE68(F3:F0:16:BF:DC:AE)	0.922	-0.196	-0.364	-36.072	-6.653	-8.484	-163.99	-66.12	-96.86	-9.413	-27.880	-68.640	-0.29636	-0.61594	0.54568	-0.48468	26.1	null	null	13113	75
2026-05-27T14:25:32.143	WT901BLE68(F3:F0:16:BF:DC:AE)	0.905	-0.086	-0.302	-62.012	4.761	-6.104	-169.18	-66.03	-95.31	-9.413	-27.880	-68.640	-0.29636	-0.61594	0.54568	-0.48468	26.1	null	null	13113	75
2026-05-27T14:25:32.264	WT901BLE68(F3:F0:16:BF:DC:AE)	1.043	-0.111	-0.295	-34.424	13.062	-0.183	-173.60	-66.63	-94.68	-9.413	-27.880	-68.640	-0.29636	-0.61594	0.54568	-0.48468	26.1	null	null	13113	75
2026-05-27T14:25:32.350	WT901BLE68(F3:F0:16:BF:DC:AE)	1.019	0.063	-0.160	-55.908	63.538	19.470	-174.01	-70.46	-98.02	-9.413	-27.880	-68.640	-0.29636	-0.61594	0.54568	-0.48468	26.1	null	null	13113	75
2026-05-27T14:25:32.475	WT901BLE68(F3:F0:16:BF:DC:AE)	1.032	0.157	-0.197	-91.003	93.079	20.935	-169.22	-78.61	-110.69	-9.413	-27.880	-68.640	-0.29636	-0.61594	0.54568	-0.48468	26.1	null	null	13113	75
2026-05-27T14:25:32.531	WT901BLE68(F3:F0:16:BF:DC:AE)	1.012	0.084	-0.216	-78.979	72.998	41.626	-132.96	-84.87	-155.49	-9.413	-27.880	-68.640	-0.29636	-0.61594	0.54568	-0.48468	26.1	null	null	13113	75
2026-05-27T14:25:32.650	WT901BLE68(F3:F0:16:BF:DC:AE)	0.981	0.077	-0.129	-58.655	41.870	8.911	-75.86	-83.79	141.28	6.753	7.800	-63.253	-0.29636	-0.61594	0.54568	-0.48468	26.1	null	null	13113	75
2026-05-27T14:25:32.742	WT901BLE68(F3:F0:16:BF:DC:AE)	0.943	0.059	-0.073	-69.275	30.457	0.854	-52.89	-82.58	113.99	6.753	7.800	-63.253	-0.29636	-0.61594	0.54568	-0.48468	26.1	null	null	13113	75
2026-05-27T14:25:32.860	WT901BLE68(F3:F0:16:BF:DC:AE)	0.888	-0.080	-0.041	-112.854	15.259	8.240	-51.03	-81.47	104.09	6.753	7.800	-63.253	-0.62057	-0.30334	0.60449	-0.39667	26.1	null	null	13113	75
2026-05-27T14:25:32.956	WT901BLE68(F3:F0:16:BF:DC:AE)	0.845	-0.579	0.073	-136.108	-4.028	40.100	-65.54	-79.81	107.01	6.753	7.800	-63.253	-0.62057	-0.30334	0.60449	-0.39667	26.1	null	null	13113	75
2026-05-27T14:25:33.074	WT901BLE68(F3:F0:16:BF:DC:AE)	0.955	-0.441	0.370	27.344	-25.757	11.841	-84.90	-75.21	121.56	6.753	7.800	-63.253	-0.62057	-0.30334	0.60449	-0.39667	26.1	null	null	13113	75
2026-05-27T14:25:33.132	WT901BLE68(F3:F0:16:BF:DC:AE)	0.916	-0.305	-0.280	18.066	-96.802	3.418	-96.10	-77.64	140.38	6.753	7.800	-63.253	-0.62057	-0.30334	0.60449	-0.39667	26.1	null	null	13113	75
2026-05-27T14:25:33.252	WT901BLE68(F3:F0:16:BF:DC:AE)	1.032	-0.357	-0.164	-59.143	-48.645	1.892	-120.56	-74.96	163.76	6.753	7.800	-63.253	-0.62057	-0.30334	0.60449	-0.39667	26.1	null	null	13113	75
2026-05-27T14:25:33.341	WT901BLE68(F3:F0:16:BF:DC:AE)	0.966	-0.184	-0.258	38.513	-31.860	-8.423	-132.45	-73.08	177.65	6.753	7.800	-63.253	-0.62057	-0.30334	0.60449	-0.39667	26.1	null	null	13113	75
2026-05-27T14:25:33.465	WT901BLE68(F3:F0:16:BF:DC:AE)	0.994	-0.316	-0.225	-44.983	-36.987	1.770	-142.21	-70.86	-171.43	6.753	7.800	-63.253	-0.62057	-0.30334	0.60449	-0.39667	26.1	null	null	13113	75
2026-05-27T14:25:33.551	WT901BLE68(F3:F0:16:BF:DC:AE)	0.892	-0.291	-0.368	-38.452	-5.371	8.240	-146.16	-69.05	-169.90	12.867	18.673	-50.753	-0.62057	-0.30334	0.60449	-0.39667	26.1	null	null	13113	75
2026-05-27T14:25:33.676	WT901BLE68(F3:F0:16:BF:DC:AE)	0.880	-0.210	-0.377	-33.630	-3.662	8.606	-148.25	-68.48	-170.36	12.867	18.673	-50.753	-0.62057	-0.30334	0.60449	-0.39667	26.1	null	null	13113	75
2026-05-27T14:25:33.760	WT901BLE68(F3:F0:16:BF:DC:AE)	0.932	-0.253	-0.325	-32.166	-5.615	4.822	-151.15	-67.55	-170.23	12.867	18.673	-50.753	-0.51944	-0.21310	0.78479	-0.26218	26.1	null	null	13113	75
2026-05-27T14:25:33.884	WT901BLE68(F3:F0:16:BF:DC:AE)	0.906	-0.191	-0.329	-37.476	-1.160	3.723	-153.23	-67.03	-170.34	12.867	18.673	-50.753	-0.51944	-0.21310	0.78479	-0.26218	26.1	null	null	13113	75
2026-05-27T14:25:33.941	WT901BLE68(F3:F0:16:BF:DC:AE)	0.909	-0.221	-0.351	-35.706	0.305	1.343	-155.79	-66.77	-170.49	12.867	18.673	-50.753	-0.51944	-0.21310	0.78479	-0.26218	26.1	null	null	13113	75
2026-05-27T14:25:34.060	WT901BLE68(F3:F0:16:BF:DC:AE)	0.921	-0.132	-0.359	-52.917	-3.967	-0.793	-159.41	-66.59	-169.61	12.867	18.673	-50.753	-0.51944	-0.21310	0.78479	-0.26218	26.1	null	null	13113	75
2026-05-27T14:25:34.155	WT901BLE68(F3:F0:16:BF:DC:AE)	0.929	-0.187	-0.417	-54.016	-5.676	-3.296	-164.59	-66.23	-168.43	12.867	18.673	-50.753	-0.51944	-0.21310	0.78479	-0.26218	26.1	null	null	13113	75
2026-05-27T14:25:34.273	WT901BLE68(F3:F0:16:BF:DC:AE)	1.048	-0.101	-0.348	-22.766	9.216	-0.732	-169.35	-66.26	-166.63	12.867	18.673	-50.753	-0.51944	-0.21310	0.78479	-0.26218	26.1	null	null	13113	75
2026-05-27T14:25:34.362	WT901BLE68(F3:F0:16:BF:DC:AE)	0.954	-0.027	-0.188	-40.771	50.842	13.367	-169.02	-69.55	-169.22	12.867	18.673	-50.753	-0.51944	-0.21310	0.78479	-0.26218	26.1	null	null	13113	75
2026-05-27T14:25:34.481	WT901BLE68(F3:F0:16:BF:DC:AE)	1.069	0.189	-0.206	-67.932	89.294	5.615	-164.97	-76.61	-177.70	13.960	26.813	-28.773	-0.51944	-0.21310	0.78479	-0.26218	26.1	null	null	13113	75
2026-05-27T14:25:34.540	WT901BLE68(F3:F0:16:BF:DC:AE)	1.039	0.116	-0.279	-108.215	66.223	30.151	-150.02	-83.67	158.58	13.960	26.813	-28.773	-0.51944	-0.21310	0.78479	-0.26218	26.1	null	null	13113	75
2026-05-27T14:25:34.662	WT901BLE68(F3:F0:16:BF:DC:AE)	0.898	0.009	-0.249	-57.617	51.086	9.399	-95.00	-85.24	95.44	13.960	26.813	-28.773	-0.68430	-0.00540	0.72726	-0.05179	26.1	null	null	13113	75
2026-05-27T14:25:34.756	WT901BLE68(F3:F0:16:BF:DC:AE)	0.909	-0.087	-0.080	-19.104	26.978	10.986	-68.03	-84.11	64.30	13.960	26.813	-28.773	-0.68430	-0.00540	0.72726	-0.05179	26.1	null	null	13113	75
2026-05-27T14:25:34.870	WT901BLE68(F3:F0:16:BF:DC:AE)	0.982	-0.138	0.063	-27.466	6.592	1.770	-64.28	-83.37	57.17	13.960	26.813	-28.773	-0.68430	-0.00540	0.72726	-0.05179	26.1	null	null	13113	75
2026-05-27T14:25:34.969	WT901BLE68(F3:F0:16:BF:DC:AE)	0.955	-0.054	0.100	-23.743	7.385	-0.366	-62.25	-83.13	52.10	13.960	26.813	-28.773	-0.68430	-0.00540	0.72726	-0.05179	26.1	null	null	13113	75
