sep=,
DeviceTag:,D_Leg
FirmwareVersion:,2.2.1
AppVersion:,2023.6.0
SyncStatus:,Synced
OutputRate:,30Hz
FilterProfile:,General
Measurement Mode:,Sensor fusion Mode - Complete(Quaternion)
StartTime: ,2026-09-07_17:00:37_796 AEST
© Movella Technologies B. V. 2005-2026

PacketCounter,SampleTimeFine,Quat_W,Quat_X,Quat_Y,Quat_Z,FreeAcc_X,FreeAcc_Y,FreeAcc_Z
1,3039232130,0.464842,-0.474868,-0.586985,-0.462465,0.276033,0.040259,-0.121711
2,3039265464,0.472335,-0.466959,-0.590979,-0.457816,0.549367,0.550208,-0.217256
3,3039298798,0.480146,-0.458339,-0.595527,-0.452477,0.369226,0.746320,-0.309821
4,3039332132,0.487307,-0.450675,-0.599536,-0.447195,0.603722,0.569663,-0.705741
5,3039365466,0.493297,-0.444509,-0.602829,-0.442346,-0.241502,0.482241,-0.671719
6,3039398800,0.498879,-0.439562,-0.605847,-0.436872,0.028155,0.422589,-0.807901
7,3039432134,0.503661,-0.436187,-0.609137,-0.430140,-0.054064,-1.680697,-0.813888
8,3039465468,0.506343,-0.434623,-0.613723,-0.421979,0.332582,0.295343,0.633677
9,3039498802,0.510695,-0.429832,-0.620466,-0.411655,1.302344,0.424635,1.591400
10,3039532136,0.513417,-0.424836,-0.627645,-0.402469,1.178152,0.248050,1.502267
11,3039565470,0.515130,-0.419212,-0.635794,-0.393283,0.663772,-0.771964,0.566275
12,3039598804,0.517111,-0.412439,-0.645392,-0.382049,-0.457447,-1.519972,-0.344222
13,3039632138,0.520644,-0.405616,-0.655111,-0.367746,0.572229,-0.960542,-0.517632
14,3039665472,0.522338,-0.402375,-0.662612,-0.355254,0.575863,-0.190336,0.367385
15,3039698806,0.523498,-0.400312,-0.668314,-0.345049,-0.153720,-0.283376,0.467718
16,3039732140,0.525019,-0.397573,-0.673375,-0.335944,0.348298,-0.520520,0.106425
17,3039765474,0.525573,-0.396798,-0.676813,-0.329015,0.233750,-0.645228,0.284046
18,3039798808,0.525911,-0.400044,-0.676403,-0.325368,1.062129,0.350747,0.074236
19,3039832142,0.523509,-0.409626,-0.671093,-0.328302,1.636312,-0.289806,-0.216609
20,3039865476,0.518223,-0.422672,-0.664035,-0.334445,0.379879,-1.522513,-0.081940
21,3039898810,0.514236,-0.433086,-0.658438,-0.338319,0.159987,-1.541922,-0.092352
22,3039932144,0.512205,-0.441275,-0.653516,-0.340355,0.221036,-1.004013,-0.656080
23,3039965478,0.508920,-0.451403,-0.647353,-0.343762,-0.939281,-0.371069,-0.078538
24,3039998812,0.505483,-0.463372,-0.638845,-0.348788,0.106908,-0.112717,0.916954
25,3040032146,0.499503,-0.477819,-0.628167,-0.357203,0.441579,0.883402,0.064601
26,3040065480,0.493286,-0.492776,-0.616571,-0.365627,-1.447579,0.834707,0.327487
27,3040098814,0.488542,-0.505427,-0.605760,-0.372730,-1.565825,0.292150,0.878412
28,3040132148,0.484638,-0.514093,-0.598556,-0.377581,-0.784236,0.725756,0.239112
29,3040165482,0.482909,-0.518590,-0.594410,-0.380188,-0.437375,0.516220,-0.035376
30,3040198816,0.480494,-0.523219,-0.590537,-0.382930,-0.284969,0.197307,0.295712
31,3040232150,0.477662,-0.528198,-0.586605,-0.385672,-0.305062,0.319248,0.128016
32,3040265484,0.475953,-0.531454,-0.583966,-0.387311,-0.270464,0.285774,0.411857
33,3040298818,0.474921,-0.533133,-0.582371,-0.388670,0.265801,-0.371337,0.144353
34,3040332152,0.473668,-0.534796,-0.580824,-0.390228,-0.082247,-0.404837,-0.346315
35,3040365486,0.472632,-0.536531,-0.579583,-0.390946,-0.257665,-0.063791,0.098343
36,3040398820,0.471594,-0.538342,-0.578180,-0.391788,0.091746,0.016065,0.575261
37,3040432154,0.471127,-0.539448,-0.576451,-0.393373,0.458333,-0.258170,0.048137
38,3040465488,0.470151,-0.541248,-0.573946,-0.395723,0.056820,0.128390,-0.021339
39,3040498822,0.468303,-0.543974,-0.571281,-0.398027,-0.289847,0.299666,0.226279
40,3040532156,0.467301,-0.545760,-0.569033,-0.399975,-0.225301,0.014438,0.567478
41,3040565490,0.466987,-0.546670,-0.567005,-0.401973,0.070187,-0.132613,0.016038
42,3040598824,0.467437,-0.546860,-0.565038,-0.403958,0.311455,0.020792,-0.038133
43,3040632158,0.467415,-0.547697,-0.562693,-0.406116,-0.250883,-0.158618,-0.279103
44,3040665492,0.468681,-0.547866,-0.560611,-0.407307,-0.223415,-0.186455,0.510928
45,3040698826,0.470600,-0.546801,-0.559358,-0.408247,0.681892,-0.424336,0.192508
46,3040732160,0.471584,-0.546000,-0.557939,-0.410121,0.670815,0.057640,-0.575566
47,3040765494,0.471004,-0.547260,-0.555515,-0.412393,-0.076747,0.274673,0.488127
48,3040798828,0.470678,-0.549269,-0.552283,-0.414429,0.010153,-0.151875,0.642973
49,3040832162,0.470545,-0.550604,-0.549436,-0.416586,0.221765,0.289569,-0.225417
50,3040865496,0.470337,-0.551645,-0.548017,-0.417315,-0.976484,0.386534,-0.453221
51,3040898830,0.470877,-0.552174,-0.548058,-0.415949,-0.555841,0.313838,0.827666
52,3040932164,0.472279,-0.551814,-0.548413,-0.414368,0.651672,0.287869,0.215981
53,3040965498,0.473441,-0.551234,-0.548842,-0.413242,0.905508,0.080083,-0.472881
54,3040998832,0.473587,-0.551098,-0.549887,-0.411866,-0.382752,0.063905,-0.122043
55,3041032166,0.474228,-0.550193,-0.552194,-0.409243,-0.191538,0.476856,0.611032
56,3041065500,0.474592,-0.549245,-0.554697,-0.406702,0.213541,0.383620,0.005050
57,3041098834,0.474506,-0.548835,-0.556479,-0.404917,-0.299132,0.637875,0.190724
58,3041132168,0.474042,-0.549040,-0.558034,-0.403039,-0.747947,0.273055,0.442393
59,3041165502,0.474177,-0.548154,-0.560295,-0.400943,-0.370508,0.308766,0.079662
60,3041198836,0.474097,-0.546448,-0.563789,-0.398460,-0.329579,0.229358,-0.026904
61,3041232170,0.474804,-0.543540,-0.568359,-0.395090,-0.521375,0.511559,0.637645
62,3041265504,0.475317,-0.540506,-0.572979,-0.391949,-0.168550,-0.041585,0.298502
63,3041298838,0.475979,-0.537378,-0.577343,-0.389032,-0.308911,-0.161405,-0.260477
64,3041332172,0.476461,-0.534258,-0.582120,-0.385605,-0.357611,-0.073880,-0.001209
65,3041365506,0.477240,-0.530611,-0.587436,-0.381596,-0.159708,0.070079,0.185786
66,3041398840,0.477683,-0.526729,-0.593078,-0.377672,-0.133099,0.149669,-0.004023
67,3041432174,0.477956,-0.522628,-0.599198,-0.373339,-0.361444,-0.281964,-0.082514
68,3041465508,0.478297,-0.518129,-0.605858,-0.368393,-0.345272,-0.214526,0.374320
69,3041498842,0.479219,-0.512123,-0.613075,-0.363622,-0.501584,0.571534,0.326571
70,3041532176,0.480752,-0.504243,-0.621997,-0.357406,-0.670836,0.368084,0.191001
71,3041565510,0.482725,-0.494644,-0.632045,-0.350465,-0.691958,0.271915,0.213613
72,3041598844,0.485155,-0.483670,-0.643084,-0.342248,-0.908649,-0.065633,0.244954
73,3041632178,0.488374,-0.470853,-0.654837,-0.333135,-0.943349,-0.071025,0.266002
74,3041665512,0.492712,-0.455797,-0.667264,-0.322869,-0.392541,-0.423205,-0.004991
75,3041698846,0.496959,-0.440595,-0.679233,-0.312333,0.083239,-0.763325,-0.077092
76,3041732180,0.499485,-0.428330,-0.689016,-0.303821,0.877175,-0.632455,-0.123717
77,3041765514,0.500018,-0.419963,-0.695862,-0.298984,0.706678,-0.306558,-0.202161
78,3041798848,0.499826,-0.413866,-0.700904,-0.296015,0.497722,-0.318375,0.119911
79,3041832182,0.498654,-0.409942,-0.704402,-0.295147,0.697230,-0.285520,0.237443
80,3041865516,0.497761,-0.406696,-0.707084,-0.294733,0.080981,-0.272806,0.188858
81,3041898850,0.497978,-0.403177,-0.708948,-0.294724,0.510126,0.227215,0.396665
82,3041932184,0.498410,-0.400797,-0.709175,-0.296687,0.825989,0.521473,0.293312
83,3041965518,0.498289,-0.400533,-0.707571,-0.301044,0.498694,0.041582,0.314883
84,3041998852,0.498132,-0.402058,-0.703723,-0.308206,0.455917,0.057961,0.170171
85,3042032186,0.497933,-0.404460,-0.698688,-0.316721,0.752743,0.104381,0.199605
86,3042065520,0.497445,-0.407025,-0.693536,-0.325406,1.156187,-0.278343,-0.124245
87,3042098854,0.496710,-0.409390,-0.688865,-0.333386,0.755609,-0.758647,-0.215414
88,3042132188,0.495955,-0.411543,-0.684913,-0.339936,0.192970,-0.645556,0.055470
89,3042165522,0.495418,-0.412806,-0.682110,-0.344791,-0.124927,-0.122218,0.035449
90,3042198856,0.494986,-0.413007,-0.680774,-0.347798,-0.122276,0.506359,0.036007
91,3042232190,0.494604,-0.412497,-0.680481,-0.349516,0.028183,0.733239,0.193212
92,3042265524,0.493929,-0.412220,-0.680180,-0.351378,0.070510,0.389970,0.200858
93,3042298858,0.493506,-0.411894,-0.679917,-0.352860,-0.023220,0.214974,0.231793
94,3042332192,0.493599,-0.411128,-0.679722,-0.353999,0.133585,0.235065,0.054541
95,3042365526,0.493717,-0.410311,-0.679589,-0.355035,0.319127,0.103751,0.080188
96,3042398860,0.493967,-0.409710,-0.679366,-0.355807,0.190242,-0.069363,0.098955
97,3042432194,0.494527,-0.409339,-0.678853,-0.356434,0.166650,-0.046539,0.259174
98,3042465528,0.495440,-0.408713,-0.677940,-0.357621,0.425114,0.288094,0.374978
99,3042498862,0.496500,-0.407866,-0.676932,-0.359024,0.613870,0.287297,0.441610
100,3042532196,0.497856,-0.407104,-0.675525,-0.360657,0.747797,0.017547,0.170837
101,3042565530,0.498817,-0.407558,-0.672935,-0.363648,0.839939,0.031966,0.072601
102,3042598864,0.499272,-0.409120,-0.669892,-0.366871,0.603377,-0.484454,-0.010655
103,3042632198,0.499245,-0.411442,-0.667117,-0.369361,0.373470,-0.498873,-0.079656
104,3042665532,0.498660,-0.413850,-0.665355,-0.370637,0.113145,-0.517771,-0.181855
105,3042698866,0.497776,-0.415689,-0.665108,-0.370211,-0.337997,-0.669310,-0.150944
106,3042732200,0.496359,-0.417450,-0.665691,-0.369082,-0.528820,-0.052283,-0.075759
107,3042765534,0.494939,-0.418840,-0.666943,-0.367149,-0.214043,0.499270,0.154806
108,3042798868,0.493986,-0.419563,-0.668326,-0.365085,-0.548513,0.956237,0.310344
109,3042832202,0.493457,-0.420117,-0.669315,-0.363347,-0.771003,0.963541,0.476885
110,3042865536,0.493522,-0.420576,-0.669446,-0.362486,-0.741848,0.773823,0.358482
111,3042898870,0.494213,-0.420441,-0.669196,-0.362162,-0.497441,0.459342,0.364016
112,3042932204,0.495660,-0.419252,-0.669138,-0.361671,-0.082717,0.194630,0.169840
113,3042965538,0.497197,-0.417663,-0.669325,-0.361054,0.385625,-0.013983,0.091411
114,3042998872,0.498370,-0.416412,-0.669440,-0.360667,0.599833,-0.265105,0.076020
115,3043032206,0.499280,-0.415773,-0.669374,-0.360268,0.736166,-0.339285,0.032346
116,3043065540,0.499703,-0.415919,-0.669077,-0.360064,0.635012,-0.380447,0.031224
117,3043098874,0.499998,-0.416355,-0.668953,-0.359380,0.300215,-0.403426,0.030005
118,3043132208,0.500179,-0.417081,-0.668665,-0.358823,0.144015,-0.178564,0.045325
119,3043165542,0.499933,-0.418200,-0.668376,-0.358403,-0.024502,-0.121122,-0.043579
120,3043198876,0.499046,-0.419815,-0.668084,-0.358294,-0.321501,-0.333198,0.049584
121,3043232210,0.497992,-0.421552,-0.667600,-0.358623,-0.414976,-0.137761,-0.010798
122,3043265544,0.496938,-0.423129,-0.667229,-0.358918,-0.263323,0.057555,0.207341
123,3043298878,0.496061,-0.424677,-0.666577,-0.359513,0.060703,0.327613,0.280624
124,3043332212,0.495132,-0.426539,-0.665510,-0.360565,0.308945,0.538033,0.107914
125,3043365546,0.493944,-0.428339,-0.664806,-0.361358,-0.191429,0.164467,-0.027093
126,3043398880,0.492960,-0.429371,-0.665141,-0.360860,-0.674465,0.065256,0.490747
127,3043432214,0.493450,-0.428623,-0.665986,-0.359519,-0.282862,0.482066,0.339979
128,3043465548,0.494138,-0.427280,-0.666947,-0.358390,-0.112391,0.453029,0.019915
129,3043498882,0.493993,-0.426416,-0.668218,-0.357250,-0.258786,-0.007251,0.084749
130,3043532216,0.494377,-0.424993,-0.669517,-0.355981,-0.261490,-0.151128,0.079671
131,3043565550,0.495043,-0.423209,-0.670794,-0.354773,-0.015702,-0.119261,0.100142
132,3043598884,0.495472,-0.421672,-0.672011,-0.353701,0.230524,-0.266682,0.081579
133,3043632218,0.495602,-0.420533,-0.672965,-0.353059,0.140406,-0.411450,0.039137
134,3043665552,0.495637,-0.419557,-0.673839,-0.352503,0.126899,-0.297898,0.076820
135,3043698886,0.495590,-0.418779,-0.674632,-0.351979,0.214150,-0.056317,0.076161
136,3043732220,0.495419,-0.418273,-0.675238,-0.351659,0.187711,0.092182,0.119708
137,3043765554,0.495165,-0.417995,-0.675645,-0.351565,0.081010,0.267841,0.194185
138,3043798888,0.494724,-0.418010,-0.675903,-0.351673,-0.086477,0.247923,0.198853
139,3043832222,0.494318,-0.418152,-0.675981,-0.351924,-0.123351,0.287579,0.194145
140,3043865556,0.493780,-0.418383,-0.676057,-0.352259,-0.059657,0.216246,0.163343
141,3043898890,0.493316,-0.418505,-0.676182,-0.352525,-0.119780,0.153765,0.193272
142,3043932224,0.493103,-0.418534,-0.676167,-0.352817,0.122897,0.184586,0.204071
143,3043965558,0.492711,-0.418756,-0.676024,-0.353374,0.257214,0.150333,0.132306
144,3043998892,0.492220,-0.419013,-0.676023,-0.353755,0.056250,-0.060345,0.115604
145,3044032226,0.491929,-0.419162,-0.675997,-0.354035,-0.073115,-0.187857,0.161428
146,3044065560,0.491931,-0.419124,-0.675858,-0.354341,0.199345,-0.031080,0.139012
147,3044098894,0.491870,-0.419197,-0.675557,-0.354911,0.310058,0.000032,0.117312
148,3044132228,0.491752,-0.419575,-0.675056,-0.355581,0.154390,-0.170104,0.062700
149,3044165562,0.491598,-0.420228,-0.674328,-0.356404,0.053226,-0.195126,0.082126
150,3044198896,0.491484,-0.420771,-0.673657,-0.357189,0.147969,-0.067800,0.114369
151,3044232230,0.491332,-0.421254,-0.673186,-0.357716,0.037646,0.013685,0.121033
152,3044265564,0.491248,-0.421802,-0.672595,-0.358298,-0.035910,0.085828,0.164620
153,3044298898,0.491270,-0.422346,-0.671886,-0.358955,0.117182,0.136296,0.180580
154,3044332232,0.491356,-0.422799,-0.671168,-0.359647,0.102946,0.079734,0.120872
155,3044365566,0.491479,-0.423220,-0.670454,-0.360314,0.059754,-0.002942,0.086597
156,3044398900,0.491505,-0.423813,-0.669709,-0.360967,0.030629,-0.055243,0.107113
157,3044432234,0.491508,-0.424462,-0.669020,-0.361477,0.091984,-0.026147,0.113592
158,3044465568,0.491527,-0.424983,-0.668356,-0.362068,0.048737,-0.063060,0.161208
159,3044498902,0.491889,-0.425067,-0.667698,-0.362691,0.001432,-0.021884,0.258626
160,3044532236,0.492538,-0.424875,-0.666995,-0.363327,0.115473,-0.024738,0.025452
161,3044565570,0.492942,-0.424922,-0.666292,-0.364014,0.152902,-0.202360,-0.150728
162,3044598904,0.492870,-0.425262,-0.665930,-0.364378,0.105322,-0.338795,-0.020805
163,3044632238,0.492724,-0.425450,-0.666139,-0.363974,-0.085708,-0.101698,0.070688
164,3044665572,0.492521,-0.425475,-0.666748,-0.363104,-0.039963,0.298996,0.140086
165,3044698906,0.492144,-0.425691,-0.667252,-0.362436,-0.111767,0.625871,0.319279
166,3044732240,0.492074,-0.425932,-0.667310,-0.362139,-0.216244,0.719657,0.314138
167,3044765574,0.492048,-0.426367,-0.667053,-0.362137,-0.339054,0.345659,0.235811
168,3044798908,0.492136,-0.426752,-0.666543,-0.362502,-0.153352,0.093494,0.166503
169,3044832242,0.492431,-0.426728,-0.666325,-0.362531,-0.072728,0.003499,0.093350
170,3044865576,0.492480,-0.426765,-0.666332,-0.362407,-0.006220,-0.142205,0.034272
171,3044898910,0.492368,-0.426998,-0.666336,-0.362277,0.059240,-0.069709,0.037109
172,3044932244,0.492332,-0.427177,-0.666373,-0.362048,0.168149,0.049964,0.156918
173,3044965578,0.492139,-0.427597,-0.666297,-0.361955,0.137519,0.007448,0.103206
174,3044998912,0.491892,-0.428240,-0.666005,-0.362066,0.125095,-0.007915,0.134861
175,3045032246,0.491679,-0.428923,-0.665602,-0.362289,0.054739,0.020223,0.195110
176,3045065580,0.491575,-0.429488,-0.665173,-0.362548,0.058567,-0.001616,0.179905
177,3045098914,0.491572,-0.429999,-0.664616,-0.362968,0.083048,-0.007856,0.127304
178,3045132248,0.491544,-0.430590,-0.663970,-0.363487,0.023290,-0.030449,0.138448
179,3045165582,0.491552,-0.431196,-0.663237,-0.364095,0.051454,-0.038923,0.138256
180,3045198916,0.491631,-0.431749,-0.662418,-0.364824,0.037149,-0.043223,0.102094
181,3045232250,0.491877,-0.432105,-0.661687,-0.365395,0.124532,-0.086365,0.081647
182,3045265584,0.491960,-0.432604,-0.660960,-0.366009,0.283311,-0.215515,0.059645
183,3045298918,0.491800,-0.433190,-0.660180,-0.366940,0.103260,-0.273629,0.024171
184,3045332252,0.492031,-0.432982,-0.659967,-0.367258,-0.009797,-0.150838,0.064754
185,3045365586,0.492416,-0.432223,-0.660555,-0.366576,0.037365,-0.090423,0.085221
186,3045398920,0.492473,-0.431805,-0.661143,-0.365933,-0.013280,-0.034754,0.055634
187,3045432254,0.492415,-0.431523,-0.661766,-0.365217,-0.037003,0.096287,0.148313
188,3045465588,0.492356,-0.431163,-0.662559,-0.364282,-0.079546,0.247497,0.168656
189,3045498922,0.492297,-0.430680,-0.663456,-0.363301,-0.118937,0.130084,0.161389
190,3045532256,0.492298,-0.430029,-0.664457,-0.362240,-0.176151,0.148156,0.137929
191,3045565590,0.492228,-0.429397,-0.665530,-0.361112,-0.220530,0.096620,0.136606
192,3045598924,0.492048,-0.428774,-0.666615,-0.360094,-0.051560,0.094780,0.133507
193,3045632258,0.491933,-0.428077,-0.667635,-0.359190,-0.112970,0.129317,0.208557
194,3045665592,0.491787,-0.427635,-0.668315,-0.358652,-0.080255,0.227128,0.210322
195,3045698926,0.491612,-0.427599,-0.668564,-0.358472,-0.140989,0.321730,0.210344
196,3045732260,0.491530,-0.427760,-0.668466,-0.358573,-0.087227,0.316651,0.213042
197,3045765594,0.491397,-0.428089,-0.668150,-0.358952,0.003495,0.184151,0.173720
198,3045798928,0.491350,-0.428351,-0.667862,-0.359241,-0.131903,-0.000596,0.100763
199,3045832262,0.491488,-0.428473,-0.667578,-0.359435,-0.141790,-0.043138,0.145082
200,3045865596,0.491772,-0.428436,-0.667319,-0.359571,-0.013146,-0.027626,0.148627
201,3045898930,0.492096,-0.428251,-0.667112,-0.359731,0.002341,0.032486,0.172208
202,3045932264,0.492725,-0.427734,-0.666904,-0.359871,-0.092280,0.031175,0.246542
203,3045965598,0.493805,-0.427012,-0.666364,-0.360250,0.024474,-0.056541,0.135369
204,3045998932,0.494783,-0.426699,-0.665151,-0.361517,0.671970,-0.159829,0.032669
205,3046032266,0.495482,-0.426599,-0.663949,-0.362885,0.547451,-0.604679,-0.129208
206,3046065600,0.495761,-0.426628,-0.663360,-0.363545,0.223130,-0.768897,-0.083529
207,3046098934,0.496006,-0.426288,-0.663614,-0.363147,0.051174,-0.366055,-0.058081
208,3046132268,0.495969,-0.425950,-0.664408,-0.362141,0.058013,0.019692,0.048470
209,3046165602,0.495708,-0.425812,-0.665325,-0.360975,0.000626,0.236764,0.158072
210,3046198936,0.495331,-0.425829,-0.666122,-0.360002,-0.148407,0.246704,0.168549
211,3046232270,0.495054,-0.425524,-0.667063,-0.359000,-0.302301,0.260419,0.200688
212,3046265604,0.495107,-0.424685,-0.668142,-0.357912,-0.267955,0.282831,0.223274
213,3046298938,0.495469,-0.423506,-0.669282,-0.356675,-0.145135,0.211206,0.173809
214,3046332272,0.495784,-0.422434,-0.670255,-0.355679,-0.004897,0.141704,0.146682
215,3046365606,0.495992,-0.421454,-0.671165,-0.354836,-0.009690,-0.011368,0.117391
216,3046398940,0.496209,-0.420489,-0.672050,-0.354000,-0.032821,0.008929,0.103699
217,3046432274,0.496268,-0.419635,-0.672959,-0.353204,-0.050788,0.091479,0.119938
218,3046465608,0.496365,-0.418686,-0.674003,-0.352203,-0.101302,0.232363,0.205800
219,3046498942,0.496438,-0.417859,-0.674879,-0.351403,-0.027512,0.381188,0.197433
220,3046532276,0.496399,-0.417311,-0.675599,-0.350725,-0.024102,0.324616,0.175808
221,3046565610,0.496215,-0.417046,-0.676131,-0.350274,-0.125183,0.203246,0.205541
222,3046598944,0.496154,-0.416751,-0.676555,-0.349895,-0.109422,0.156011,0.181764
223,3046632278,0.496211,-0.416426,-0.676867,-0.349596,-0.035957,0.125386,0.157850
224,3046665612,0.496377,-0.416152,-0.676962,-0.349503,-0.022628,0.066528,0.199421
225,3046698946,0.496717,-0.415935,-0.676715,-0.349756,0.029325,0.001468,0.138515
226,3046732280,0.497192,-0.415652,-0.676369,-0.350085,0.117310,-0.051279,0.073598
227,3046765614,0.497809,-0.415230,-0.676143,-0.350148,0.038189,-0.207650,0.081257
228,3046798948,0.498118,-0.415188,-0.675746,-0.350524,0.124679,-0.107039,0.072224
229,3046832282,0.498439,-0.415161,-0.675517,-0.350542,-0.123245,0.038676,0.155502
230,3046865616,0.498968,-0.414939,-0.675314,-0.350443,0.012519,0.218226,0.173224
231,3046898950,0.499220,-0.414875,-0.675081,-0.350609,-0.003579,0.203077,0.194476
232,3046932284,0.499660,-0.414678,-0.674821,-0.350715,-0.019226,0.058071,0.134916
233,3046965618,0.499999,-0.414644,-0.674389,-0.351102,0.075198,-0.019062,0.128853
234,3046998952,0.500284,-0.414643,-0.673871,-0.351692,0.067639,-0.151520,0.138210
235,3047032286,0.500798,-0.414357,-0.673436,-0.352130,0.163582,-0.132249,0.070252
236,3047065620,0.501135,-0.414171,-0.673032,-0.352642,0.258069,-0.168066,0.001313
237,3047098954,0.501085,-0.414378,-0.672654,-0.353191,0.128890,-0.275136,0.042105
238,3047132288,0.500909,-0.414643,-0.672403,-0.353609,0.083216,-0.149232,0.105425
239,3047165622,0.500776,-0.414771,-0.672295,-0.353850,0.070055,0.027019,0.105203
240,3047198956,0.500636,-0.414855,-0.672305,-0.353932,-0.024511,0.059736,0.155696
241,3047232290,0.500557,-0.414904,-0.672306,-0.353984,-0.016425,0.106730,0.171864
242,3047265624,0.500512,-0.414843,-0.672321,-0.354090,0.002382,0.075304,0.101763
243,3047298958,0.500525,-0.414642,-0.672519,-0.353933,-0.030174,-0.009633,0.092779
244,3047332292,0.500539,-0.414393,-0.672846,-0.353582,0.026621,-0.053632,0.109088
245,3047365626,0.500429,-0.414274,-0.673175,-0.353249,0.044118,0.025447,0.116534
246,3047398960,0.500301,-0.414180,-0.673544,-0.352837,0.058032,0.147618,0.143464
247,3047432294,0.500039,-0.414290,-0.673838,-0.352520,-0.065305,0.185231,0.191952
248,3047465628,0.499812,-0.414520,-0.673894,-0.352463,-0.032985,0.239510,0.182117
249,3047498962,0.499633,-0.414827,-0.673827,-0.352484,-0.016595,0.178436,0.176145
250,3047532296,0.499370,-0.415311,-0.673653,-0.352620,-0.063024,0.104814,0.130013
251,3047565630,0.499134,-0.415713,-0.673532,-0.352711,-0.114553,0.025638,0.180056
252,3047598964,0.499001,-0.415981,-0.673453,-0.352734,-0.007215,0.063326,0.116439
253,3047632298,0.498744,-0.416356,-0.673361,-0.352830,-0.005230,0.066075,0.119364
254,3047665632,0.498515,-0.416690,-0.673309,-0.352859,-0.051820,0.038856,0.143690
255,3047698966,0.498334,-0.416980,-0.673254,-0.352878,0.031771,-0.024149,0.140444
256,3047732300,0.498193,-0.417256,-0.673187,-0.352877,0.097404,-0.041457,0.088693
257,3047765634,0.498040,-0.417386,-0.673323,-0.352680,0.119704,-0.155171,0.073050
258,3047798968,0.498076,-0.417158,-0.673729,-0.352125,0.015699,-0.278253,0.067736
259,3047832302,0.498010,-0.416952,-0.674264,-0.351437,0.094767,-0.250471,0.035633
260,3047865636,0.497666,-0.417011,-0.674976,-0.350486,0.050520,-0.264795,0.073003
261,3047898970,0.497265,-0.417239,-0.675658,-0.349467,0.044171,-0.075844,0.054098
262,3047932304,0.496871,-0.417216,-0.676670,-0.348096,-0.169501,-0.077909,0.196784
263,3047965638,0.497385,-0.416428,-0.677893,-0.345917,-0.064779,0.068864,0.171943
264,3047998972,0.497212,-0.416223,-0.678531,-0.345163,0.167045,0.447986,0.120549
265,3048032306,0.497135,-0.415851,-0.679304,-0.344198,-0.049996,0.151019,0.231009
266,3048065640,0.497271,-0.415508,-0.679678,-0.343678,-0.181421,0.112149,0.173755
267,3048098974,0.497272,-0.415364,-0.679847,-0.343516,-0.049436,0.140332,0.163482
268,3048132308,0.497453,-0.414875,-0.680185,-0.343177,0.020078,0.143172,0.133343
269,3048165642,0.497658,-0.414280,-0.680555,-0.342864,-0.012788,0.068698,0.156010
270,3048198976,0.497868,-0.413748,-0.680802,-0.342710,-0.065729,0.094928,0.147023
271,3048232310,0.497832,-0.413491,-0.680885,-0.342909,0.050702,0.170765,0.104765
272,3048265644,0.497696,-0.413199,-0.680963,-0.343304,-0.005404,0.148968,0.167607
273,3048298978,0.497698,-0.412760,-0.680970,-0.343814,-0.157043,0.138587,0.159613
274,3048332312,0.497584,-0.412558,-0.680649,-0.344856,-0.132316,0.177586,0.152857
275,3048365646,0.497391,-0.412500,-0.680178,-0.346132,-0.129362,0.118400,0.173263
276,3048398980,0.497347,-0.412212,-0.679711,-0.347451,-0.146346,-0.035162,0.147326
277,3048432314,0.497428,-0.411684,-0.679259,-0.348840,-0.142992,-0.074726,0.132576
278,3048465648,0.497535,-0.411117,-0.678815,-0.350221,-0.148826,-0.169135,0.123505
279,3048498982,0.497784,-0.410741,-0.678184,-0.351528,-0.122529,-0.247922,0.073971
280,3048532316,0.497822,-0.410821,-0.677225,-0.353225,-0.066276,-0.201559,0.087177
281,3048565650,0.497822,-0.410977,-0.676299,-0.354815,-0.010117,-0.142503,0.126376
282,3048598984,0.497965,-0.411018,-0.675318,-0.356431,0.019466,-0.081456,0.054607
283,3048632318,0.498152,-0.411139,-0.674212,-0.358120,-0.079390,-0.121777,0.056755
284,3048665652,0.497936,-0.411480,-0.673308,-0.359726,0.062467,-0.222433,0.098861
285,3048698986,0.497924,-0.410824,-0.672969,-0.361124,-0.080120,-0.132569,0.218785
286,3048732320,0.499196,-0.407932,-0.673607,-0.361456,-0.164944,0.003022,0.114260
287,3048765654,0.501259,-0.403722,-0.674737,-0.361221,-0.253270,0.235326,0.249547
288,3048798988,0.503340,-0.400466,-0.674870,-0.361701,-0.352720,0.173559,0.188525
289,3048832322,0.504326,-0.399681,-0.672646,-0.365322,-0.123566,0.097792,0.181212
290,3048865656,0.504766,-0.399785,-0.669268,-0.370766,-0.077890,0.062321,0.189380
291,3048898990,0.505610,-0.399367,-0.666027,-0.375865,-0.098351,-0.224353,0.167345
292,3048932324,0.506740,-0.398661,-0.662992,-0.380432,-0.098656,-0.695686,-0.040038
293,3048965658,0.507389,-0.397995,-0.660208,-0.385077,-0.154749,-0.841535,-0.025277
294,3048998992,0.508296,-0.396515,-0.658105,-0.388987,-0.048737,-0.800587,-0.136189
295,3049032326,0.509615,-0.393954,-0.657488,-0.390903,0.286931,-0.798157,-0.268595
296,3049065660,0.509700,-0.392524,-0.657381,-0.392407,0.450990,-0.657544,-0.116784
297,3049098994,0.509148,-0.392446,-0.656861,-0.394068,0.076755,-0.038236,0.554171
298,3049132328,0.509090,-0.392539,-0.655418,-0.396446,-0.000045,0.853703,0.572759
299,3049165662,0.509881,-0.392303,-0.653607,-0.398647,0.003710,1.197053,0.695513
300,3049198996,0.511408,-0.392352,-0.650647,-0.401476,0.242217,1.084105,0.772904
301,3049232330,0.513316,-0.393103,-0.646385,-0.405174,0.395112,0.362669,0.514504
302,3049265664,0.515220,-0.394234,-0.641861,-0.408833,0.474546,-0.076231,0.230611
303,3049298998,0.516293,-0.395812,-0.637932,-0.412092,0.357912,-0.296547,-0.099077
304,3049332332,0.516656,-0.397317,-0.634845,-0.414946,-0.059193,-0.126581,0.018906
305,3049365666,0.516465,-0.398878,-0.632454,-0.417330,0.222318,-0.150956,0.160815
306,3049399000,0.515150,-0.401158,-0.630737,-0.419364,0.110631,-0.026197,-0.027481
307,3049432334,0.513054,-0.403748,-0.630285,-0.420126,0.291657,-0.457600,-0.344272
308,3049465668,0.510774,-0.406405,-0.631184,-0.418991,0.383499,-0.610508,-0.145965
309,3049499002,0.508603,-0.408387,-0.632118,-0.418297,0.169776,0.227018,0.015693
310,3049532336,0.506727,-0.409825,-0.632646,-0.418370,0.018291,1.090642,0.487947
311,3049565670,0.506160,-0.410288,-0.632981,-0.418095,-0.206311,1.772125,0.932396
312,3049599004,0.506569,-0.410327,-0.633502,-0.416770,-0.118870,1.506763,0.100311
313,3049632338,0.506392,-0.411744,-0.632813,-0.416634,-0.080039,1.044503,0.073430
314,3049665672,0.506590,-0.413101,-0.631276,-0.417381,-0.201728,0.619098,-0.274754
315,3049699006,0.507454,-0.413265,-0.630130,-0.417901,-0.122744,0.240112,-0.498375
316,3049732340,0.509615,-0.411342,-0.629900,-0.417515,-0.220580,0.518203,-0.023474
317,3049765674,0.512672,-0.407563,-0.631264,-0.415412,0.060883,0.351546,-0.077345
318,3049799008,0.515690,-0.403738,-0.633949,-0.411303,-0.000502,-0.325160,0.137312
319,3049832342,0.519261,-0.400740,-0.635619,-0.407145,-0.161436,-0.370137,0.090693
320,3049865676,0.522526,-0.399092,-0.636592,-0.403045,0.193873,-0.212464,0.285353
321,3049899010,0.526388,-0.396784,-0.637486,-0.398864,0.435785,0.120043,0.466622
322,3049932344,0.531150,-0.392705,-0.638950,-0.394219,0.661453,0.418005,0.332464
323,3049965678,0.536932,-0.386687,-0.641729,-0.387768,-0.073076,1.759776,0.315183
324,3049999012,0.542114,-0.379704,-0.647206,-0.378237,1.793877,-0.269046,-0.690042
325,3050032346,0.543251,-0.378409,-0.651348,-0.370720,1.402220,-0.903716,-0.246377
326,3050065680,0.542291,-0.379618,-0.654478,-0.365338,0.602898,-0.083594,0.320266
327,3050099014,0.539889,-0.382386,-0.657699,-0.360186,0.261988,0.203975,0.372401
328,3050132348,0.538719,-0.384382,-0.661198,-0.353344,-0.425712,-0.202826,0.339313
329,3050165682,0.538127,-0.386638,-0.664265,-0.345954,-0.411401,-0.129124,0.091879
330,3050199016,0.538159,-0.388369,-0.667476,-0.337686,-0.330345,0.048274,0.080583
331,3050232350,0.539025,-0.388433,-0.671239,-0.328652,-0.177613,0.197494,0.157733
332,3050265684,0.540168,-0.387706,-0.675345,-0.319083,-0.311694,0.020850,0.133519
333,3050299018,0.541601,-0.386805,-0.679031,-0.309789,-0.135774,0.327850,0.035514
334,3050332352,0.542678,-0.386255,-0.681906,-0.302184,-0.009156,0.233724,0.193641
335,3050365686,0.543795,-0.386005,-0.684105,-0.295450,-0.082541,-0.025273,0.016329
336,3050399020,0.544588,-0.385918,-0.686143,-0.289311,-0.201889,-0.051328,0.062129
337,3050432354,0.545741,-0.384752,-0.688522,-0.282972,-0.398570,-0.026240,0.103205
338,3050465688,0.547202,-0.382864,-0.690778,-0.277152,-0.153813,-0.163783,0.193968
339,3050499022,0.548495,-0.380997,-0.693134,-0.271222,-0.127804,-0.576338,0.108919
340,3050532356,0.549608,-0.378951,-0.695978,-0.264470,0.043784,-0.460083,0.129511
341,3050565690,0.550153,-0.377559,-0.698903,-0.257523,0.022404,-0.145407,0.134407
342,3050599024,0.549555,-0.377626,-0.701597,-0.251299,-0.030623,0.271911,0.110977
343,3050632358,0.547330,-0.379727,-0.703723,-0.247012,-0.301231,0.432359,0.175901
344,3050665692,0.544443,-0.382963,-0.704994,-0.244757,-0.526571,0.257866,0.252073
345,3050699026,0.542605,-0.385787,-0.705071,-0.244184,-0.870124,0.307390,0.400809
346,3050732360,0.542410,-0.387380,-0.704226,-0.244532,-0.581756,0.246197,0.325639
347,3050765694,0.542503,-0.388860,-0.703015,-0.245462,0.037925,-0.202570,0.061497
348,3050799028,0.540569,-0.391453,-0.702615,-0.246747,0.362352,-0.832111,-0.153667
349,3050832362,0.537795,-0.393751,-0.703314,-0.247160,0.017851,-1.005363,0.096127
350,3050865696,0.535894,-0.394624,-0.704599,-0.246236,-0.144511,-0.796631,0.091276
351,3050899030,0.533426,-0.396155,-0.705576,-0.246337,-0.118293,0.009604,0.108899
352,3050932364,0.530919,-0.398098,-0.705876,-0.247758,-0.311716,0.232040,0.359282
353,3050965698,0.529396,-0.399119,-0.705828,-0.249506,-0.426336,0.368773,0.315888
354,3050999032,0.527808,-0.400185,-0.705491,-0.252104,-0.206134,0.116776,0.150456
355,3051032366,0.526587,-0.400610,-0.705210,-0.254752,0.036195,-0.305470,0.154257
356,3051065700,0.525442,-0.400606,-0.705234,-0.257046,0.159030,-0.452554,0.045533
357,3051099034,0.523936,-0.400598,-0.705667,-0.258937,0.165080,-0.506404,-0.005764
358,3051132368,0.522359,-0.400483,-0.706380,-0.260355,0.057280,-0.456048,-0.023788
359,3051165702,0.520664,-0.400399,-0.707272,-0.261455,0.059614,-0.429994,0.024745
360,3051199036,0.519718,-0.399580,-0.708236,-0.261980,0.102416,-0.341809,0.041677
361,3051232370,0.519856,-0.397787,-0.709145,-0.261975,0.122251,-0.118536,0.080398
362,3051265704,0.520393,-0.395911,-0.709493,-0.262808,0.193715,0.124839,0.233142
363,3051299038,0.520305,-0.395457,-0.708876,-0.265320,0.276395,0.479462,0.256980
364,3051332372,0.519678,-0.396508,-0.707183,-0.269466,0.047061,0.502822,0.179535
365,3051365706,0.518680,-0.398530,-0.704796,-0.274608,-0.247079,0.270635,0.240188
366,3051399040,0.517527,-0.400856,-0.702200,-0.279996,-0.327666,0.137374,0.178268
367,3051432374,0.516561,-0.402773,-0.699767,-0.285074,-0.118340,0.096425,0.050398
368,3051465708,0.515341,-0.404406,-0.697823,-0.289698,-0.026404,0.034450,-0.002893
369,3051499042,0.513783,-0.405932,-0.696322,-0.293913,-0.108122,0.119789,0.073180
370,3051532376,0.512130,-0.407220,-0.695203,-0.297640,-0.209331,0.288941,0.108556
371,3051565710,0.510466,-0.408418,-0.694257,-0.301046,-0.215467,0.376595,0.189408
372,3051599044,0.508987,-0.409437,-0.693387,-0.304156,-0.182478,0.406599,0.214998
373,3051632378,0.507784,-0.410095,-0.692662,-0.306921,-0.112219,0.357749,0.183862
374,3051665712,0.506712,-0.410551,-0.692018,-0.309523,0.001445,0.181411,0.183617
375,3051699046,0.505923,-0.410779,-0.691373,-0.311943,0.083026,0.093556,0.133269
376,3051732380,0.505336,-0.410759,-0.690880,-0.314007,0.126398,-0.033973,0.074148
377,3051765714,0.504795,-0.410611,-0.690540,-0.315813,0.155041,-0.044007,0.120701
378,3051799048,0.504434,-0.410142,-0.690408,-0.317282,0.229030,0.062070,0.073462
379,3051832382,0.504113,-0.409562,-0.690562,-0.318207,0.135312,0.058784,0.122525
380,3051865716,0.503951,-0.408983,-0.690699,-0.318909,0.169359,0.122572,0.128611
381,3051899050,0.503591,-0.408747,-0.690731,-0.319712,0.111260,0.115447,0.086900
382,3051932384,0.503065,-0.408733,-0.690779,-0.320454,0.052856,0.069526,0.149636
383,3051965718,0.502595,-0.408677,-0.690922,-0.320952,-0.057686,0.114530,0.170727
384,3051999052,0.502339,-0.408370,-0.691155,-0.321243,-0.024797,0.107403,0.170832
385,3052032386,0.502189,-0.407995,-0.691360,-0.321513,0.042612,0.092641,0.131947
386,3052065720,0.502109,-0.407687,-0.691465,-0.321803,0.001836,0.064868,0.122049
387,3052099054,0.502024,-0.407497,-0.691482,-0.322138,0.074768,0.070707,0.143390
388,3052132388,0.502049,-0.407218,-0.691497,-0.322421,0.124952,0.034180,0.140488
389,3052165722,0.502167,-0.406767,-0.691630,-0.322521,0.116908,-0.012356,0.108829
390,3052199056,0.502285,-0.406315,-0.691833,-0.322470,0.070453,-0.060955,0.125835
391,3052232390,0.502456,-0.405798,-0.692141,-0.322195,0.030637,-0.072911,0.092607
392,3052265724,0.502619,-0.405288,-0.692532,-0.321742,0.072135,-0.035346,0.144754
393,3052299058,0.502816,-0.404752,-0.692901,-0.321313,0.102772,0.059364,0.170675
394,3052332392,0.503060,-0.404194,-0.693247,-0.320887,0.056163,0.070045,0.132808
395,3052365726,0.503314,-0.403728,-0.693453,-0.320632,0.043370,0.011154,0.098387
396,3052399060,0.503535,-0.403441,-0.693470,-0.320607,0.162990,-0.030473,0.143447
397,3052432394,0.503765,-0.403303,-0.693341,-0.320700,0.144566,0.008247,0.136477
398,3052465728,0.503913,-0.403299,-0.693151,-0.320884,0.029275,0.008584,0.079865
399,3052499062,0.503931,-0.403345,-0.693039,-0.321037,0.014692,-0.056858,0.090285
400,3052532396,0.503901,-0.403386,-0.693043,-0.321026,-0.062871,-0.063852,0.115500
401,3052565730,0.503724,-0.403469,-0.693190,-0.320881,-0.160174,-0.016546,0.073852
402,3052599064,0.503467,-0.403449,-0.693520,-0.320596,-0.051733,0.085674,0.151911
403,3052632398,0.503379,-0.403236,-0.693898,-0.320185,-0.023456,0.133480,0.168698
404,3052665732,0.503383,-0.403036,-0.694141,-0.319904,-0.108579,0.123814,0.145539
405,3052699066,0.503381,-0.402884,-0.694305,-0.319741,-0.049292,0.089082,0.131041
406,3052732400,0.503408,-0.402702,-0.694455,-0.319604,-0.004781,-0.003359,0.143168
407,3052765734,0.503478,-0.402563,-0.694553,-0.319456,-0.011285,-0.030842,0.112341
408,3052799068,0.503460,-0.402611,-0.694546,-0.319439,-0.016014,0.044085,0.124621
409,3052832402,0.503429,-0.402768,-0.694407,-0.319591,0.060721,0.086860,0.137028
410,3052865736,0.503376,-0.402989,-0.694214,-0.319817,0.005901,0.013519,0.142393
411,3052899070,0.503322,-0.403279,-0.693941,-0.320127,-0.034733,-0.027533,0.133920
412,3052932404,0.503291,-0.403552,-0.693636,-0.320493,-0.000536,-0.005821,0.108925
413,3052965738,0.503256,-0.403843,-0.693300,-0.320908,0.014539,-0.050052,0.102345
414,3052999072,0.503124,-0.404185,-0.693007,-0.321316,0.001011,-0.062703,0.112007
415,3053032406,0.502962,-0.404502,-0.692765,-0.321693,-0.061592,-0.036561,0.105135
416,3053065740,0.502831,-0.404786,-0.692548,-0.322008,0.004777,0.048067,0.137584
417,3053099074,0.502688,-0.405100,-0.692277,-0.322417,0.033606,0.071674,0.132994
418,3053132408,0.502547,-0.405417,-0.691994,-0.322847,-0.028020,0.042487,0.130651
419,3053165742,0.502447,-0.405698,-0.691702,-0.323275,-0.038206,0.022993,0.124398
420,3053199076,0.502395,-0.405888,-0.691484,-0.323584,0.011514,0.030959,0.133983
421,3053232410,0.502360,-0.406036,-0.691293,-0.323861,0.004024,0.010513,0.095211
422,3053265744,0.502248,-0.406197,-0.691163,-0.324111,-0.048023,0.003446,0.127697
423,3053299078,0.502225,-0.406131,-0.691203,-0.324143,-0.056763,0.037076,0.126283
424,3053332412,0.502287,-0.405866,-0.691364,-0.324036,-0.032940,0.056493,0.103004
425,3053365746,0.502295,-0.405610,-0.691583,-0.323876,0.021246,0.061014,0.127328
426,3053399080,0.502315,-0.405353,-0.691801,-0.323701,0.015644,0.069332,0.121452
427,3053432414,0.502331,-0.405163,-0.691971,-0.323551,-0.001698,0.034213,0.144805
428,3053465748,0.502274,-0.405140,-0.692075,-0.323444,0.029273,0.037772,0.129001
429,3053499082,0.502147,-0.405300,-0.692035,-0.323527,0.003318,0.099216,0.140149
430,3053532416,0.502019,-0.405603,-0.691811,-0.323826,-0.035679,0.120132,0.181519
431,3053565750,0.501892,-0.406116,-0.691350,-0.324366,-0.039662,0.100186,0.191548
432,3053599084,0.501813,-0.406803,-0.690607,-0.325206,-0.020316,0.151544,0.217195
433,3053632418,0.501915,-0.407487,-0.689603,-0.326322,-0.031287,0.103119,0.173723
434,3053665752,0.502309,-0.408039,-0.688291,-0.327792,0.156050,0.077283,0.119751
435,3053699086,0.502881,-0.408326,-0.687040,-0.329180,0.107978,-0.132619,0.055326
436,3053732420,0.503217,-0.408689,-0.686016,-0.330350,0.079105,-0.270940,0.013309
437,3053765754,0.503328,-0.409000,-0.685440,-0.330990,0.024875,-0.234890,-0.001404
438,3053799088,0.503225,-0.409205,-0.685397,-0.330981,-0.017123,-0.196244,0.048063
439,3053832422,0.502858,-0.409445,-0.685696,-0.330623,-0.071446,-0.045417,0.075476
440,3053865756,0.502386,-0.409594,-0.686238,-0.330031,-0.127400,0.123743,0.137559
441,3053899090,0.502119,-0.409488,-0.686816,-0.329365,-0.182035,0.138550,0.203086
442,3053932424,0.502086,-0.409212,-0.687205,-0.328949,-0.091928,0.214391,0.212401
443,3053965758,0.502179,-0.408887,-0.687452,-0.328694,-0.064393,0.067285,0.138809
444,3053999092,0.502275,-0.408558,-0.687663,-0.328516,-0.077800,-0.074257,0.082594
445,3054032426,0.502311,-0.408189,-0.688033,-0.328143,0.031340,-0.120979,0.068089
446,3054065760,0.502150,-0.407899,-0.688557,-0.327651,0.064080,-0.088952,0.043114
447,3054099094,0.501677,-0.407850,-0.689244,-0.326993,0.025973,-0.117383,0.052893
448,3054132428,0.501156,-0.407831,-0.690009,-0.326199,-0.024270,0.028444,0.158993
449,3054165762,0.500675,-0.407795,-0.690728,-0.325461,-0.044258,0.173504,0.181746
450,3054199096,0.500393,-0.407617,-0.691346,-0.324806,-0.128952,0.298388,0.218554
451,3054232430,0.500278,-0.407295,-0.691830,-0.324355,-0.161328,0.331562,0.235086
452,3054265764,0.500379,-0.406835,-0.692135,-0.324126,-0.213122,0.256397,0.179404
453,3054299098,0.500552,-0.406379,-0.692350,-0.323973,-0.157328,0.132250,0.154801
454,3054332432,0.500796,-0.405938,-0.692449,-0.323935,-0.036034,0.034659,0.137019
455,3054365766,0.500982,-0.405637,-0.692407,-0.324114,0.072813,0.007160,0.134010
456,3054399100,0.501107,-0.405409,-0.692336,-0.324358,0.092550,-0.027778,0.108603
457,3054432434,0.501260,-0.405184,-0.692248,-0.324592,0.007259,-0.075217,0.109783
458,3054465768,0.501338,-0.405079,-0.692129,-0.324856,0.026795,-0.036153,0.114100
459,3054499102,0.501337,-0.405102,-0.691953,-0.325203,0.031730,-0.017455,0.115163
460,3054532436,0.501386,-0.405113,-0.691741,-0.325566,0.026141,-0.014077,0.138452
461,3054565770,0.501449,-0.405080,-0.691587,-0.325837,0.071134,-0.064053,0.123479
462,3054599104,0.501501,-0.405065,-0.691429,-0.326109,0.077323,-0.137878,0.076738
463,3054632438,0.501579,-0.404878,-0.691448,-0.326181,0.124283,-0.117914,0.086962
464,3054665772,0.501459,-0.404916,-0.691478,-0.326254,0.084526,-0.116006,0.093702
465,3054699106,0.501331,-0.404868,-0.691649,-0.326148,0.028151,-0.087528,0.107280
466,3054732440,0.501100,-0.405109,-0.691613,-0.326283,0.017470,0.032727,0.119905
467,3054765774,0.501061,-0.404994,-0.691799,-0.326089,-0.002239,0.059504,0.158978
468,3054799108,0.500965,-0.405116,-0.691762,-0.326165,0.008424,0.080893,0.153646
469,3054832442,0.500903,-0.405302,-0.691624,-0.326320,-0.027590,0.134500,0.150345
470,3054865776,0.500966,-0.405285,-0.691557,-0.326387,-0.014922,0.092101,0.149007
471,3054899110,0.501068,-0.405333,-0.691357,-0.326593,0.010437,0.040771,0.158146
472,3054932444,0.501171,-0.405506,-0.691005,-0.326968,0.053560,-0.024241,0.113832
473,3054965778,0.501222,-0.405713,-0.690669,-0.327341,0.099591,-0.146139,0.083212
474,3054999112,0.501025,-0.406288,-0.690225,-0.327867,0.069832,-0.057529,0.116860
475,3055032446,0.500998,-0.406385,-0.690200,-0.327840,0.004756,0.021315,0.071722
476,3055065780,0.500862,-0.406357,-0.690468,-0.327517,-0.090507,0.033975,0.116405
477,3055099114,0.500763,-0.406328,-0.690723,-0.327169,-0.085723,0.117797,0.152582
478,3055132448,0.500804,-0.406143,-0.690957,-0.326840,-0.034520,0.203714,0.143022
479,3055165782,0.500769,-0.405973,-0.691231,-0.326524,-0.025682,0.055843,0.104825
480,3055199116,0.500790,-0.405662,-0.691540,-0.326224,0.030826,-0.007396,0.213049
481,3055232450,0.500834,-0.405471,-0.691721,-0.326012,-0.024846,-0.070510,0.054939
482,3055265784,0.500629,-0.405516,-0.692025,-0.325624,0.035703,-0.145991,0.037637
483,3055299118,0.500174,-0.405881,-0.692251,-0.325389,0.005846,0.005606,0.159611
484,3055332452,0.499937,-0.406081,-0.692456,-0.325068,-0.130100,0.176730,0.201889
485,3055365786,0.499741,-0.406323,-0.692473,-0.325029,-0.201267,0.190457,0.172256
486,3055399120,0.499695,-0.406620,-0.692151,-0.325414,-0.135874,0.235756,0.313854
487,3055432454,0.500005,-0.406850,-0.691412,-0.326221,0.052576,0.278899,0.191910
488,3055465788,0.500385,-0.407208,-0.690354,-0.327430,0.080598,0.031969,0.068442
489,3055499122,0.500835,-0.407394,-0.689456,-0.328402,0.011533,-0.230990,0.016503
490,3055532456,0.501159,-0.407359,-0.688974,-0.328963,0.062567,-0.349752,-0.012790
491,3055565790,0.501069,-0.407375,-0.688965,-0.329096,-0.066185,-0.220577,0.018909
492,3055599124,0.500929,-0.406952,-0.689640,-0.328418,-0.211837,0.012583,0.088382
493,3055632458,0.500836,-0.406258,-0.690589,-0.327424,-0.178365,0.204901,0.146186
494,3055665792,0.500548,-0.405774,-0.691440,-0.326667,-0.170225,0.280265,0.213394
495,3055699126,0.500284,-0.405382,-0.692092,-0.326177,-0.208958,0.303778,0.223556
496,3055732460,0.500161,-0.404899,-0.692632,-0.325819,-0.080418,0.332352,0.097627
497,3055765794,0.499773,-0.404811,-0.693015,-0.325710,0.049223,0.136871,0.145094
498,3055799128,0.499219,-0.405045,-0.693269,-0.325729,-0.025919,0.005323,0.146802
499,3055832462,0.498782,-0.405216,-0.693439,-0.325824,-0.045925,-0.017033,0.161674
500,3055865796,0.498590,-0.405157,-0.693558,-0.325937,-0.000964,0.008231,0.170056
501,3055899130,0.498436,-0.405170,-0.693571,-0.326131,0.023733,-0.029741,0.113724
502,3055932464,0.498238,-0.405422,-0.693313,-0.326667,0.023498,-0.004169,0.100128
503,3055965798,0.498172,-0.405512,-0.693110,-0.327087,0.026326,-0.062753,0.087986
504,3055999132,0.498066,-0.405574,-0.692913,-0.327588,0.057766,-0.089186,0.087210
505,3056032466,0.497963,-0.405564,-0.692835,-0.327921,0.072007,-0.092894,0.122980
506,3056065800,0.497856,-0.405671,-0.692715,-0.328205,0.089343,-0.081359,0.085922
507,3056099134,0.497519,-0.406147,-0.692463,-0.328660,0.128421,-0.044091,0.129965
508,3056132468,0.497413,-0.406127,-0.692554,-0.328651,0.105377,-0.012226,0.106691
509,3056165802,0.497361,-0.406154,-0.692613,-0.328574,0.065992,0.030159,0.172887
510,3056199136,0.497418,-0.406026,-0.692712,-0.328435,0.041006,0.012805,0.133862
511,3056232470,0.497507,-0.405925,-0.692751,-0.328343,0.007814,-0.027870,0.129299
512,3056265804,0.497556,-0.405954,-0.692719,-0.328300,0.009645,0.008083,0.120397
513,3056299138,0.497653,-0.405851,-0.692797,-0.328117,0.089426,-0.015371,0.104855
514,3056332472,0.497506,-0.406082,-0.692742,-0.328171,0.044105,-0.011806,0.173536
515,3056365806,0.497530,-0.406196,-0.692658,-0.328171,0.033475,0.087138,0.138480
516,3056399140,0.497503,-0.406468,-0.692428,-0.328362,0.054818,0.151762,0.111051
517,3056432474,0.497439,-0.406749,-0.692234,-0.328517,-0.040125,-0.009049,0.105197
518,3056465808,0.497568,-0.406671,-0.692239,-0.328408,-0.038208,-0.100802,0.095294
519,3056499142,0.497615,-0.406726,-0.692185,-0.328383,-0.061711,-0.025188,0.156773
520,3056532476,0.497537,-0.407037,-0.691991,-0.328525,-0.072176,0.096248,0.136439
521,3056565810,0.497604,-0.407062,-0.691945,-0.328489,-0.077121,0.097382,0.153714
522,3056599144,0.497796,-0.406929,-0.691924,-0.328407,-0.033031,0.096383,0.114371
523,3056632478,0.497947,-0.406825,-0.691891,-0.328376,-0.013281,0.003040,0.145304
524,3056665812,0.498100,-0.406786,-0.691803,-0.328378,-0.031182,-0.003501,0.096243
525,3056699146,0.498360,-0.406475,-0.691893,-0.328179,0.044083,0.056031,0.109397
526,3056732480,0.498414,-0.406502,-0.691817,-0.328225,0.009285,0.069264,0.131694
527,3056765814,0.498291,-0.407044,-0.691368,-0.328685,-0.036884,0.055700,0.130997
528,3056799148,0.498450,-0.406913,-0.691327,-0.328692,-0.004297,0.038572,0.112300
529,3056832482,0.498477,-0.407044,-0.691148,-0.328865,-0.010546,-0.022702,0.102776
530,3056865816,0.498417,-0.407211,-0.691026,-0.329005,-0.037640,-0.036331,0.091135
531,3056899150,0.498284,-0.407431,-0.690946,-0.329104,-0.003443,-0.007293,0.101312
532,3056932484,0.498158,-0.407628,-0.690932,-0.329080,-0.034632,0.049806,0.177126
533,3056965818,0.498106,-0.407691,-0.690934,-0.329074,-0.036771,0.105458,0.163182
534,3056999152,0.498177,-0.407702,-0.690847,-0.329139,-0.037942,0.085759,0.131433
535,3057032486,0.498228,-0.407792,-0.690678,-0.329304,-0.043463,0.073124,0.163321
536,3057065820,0.498316,-0.407893,-0.690446,-0.329531,0.050167,0.041511,0.122739
537,3057099154,0.498419,-0.407981,-0.690220,-0.329741,0.001388,-0.048353,0.107861
538,3057132488,0.498513,-0.408027,-0.690090,-0.329815,-0.011462,-0.012292,0.113008
539,3057165822,0.498572,-0.408012,-0.690036,-0.329856,-0.020652,0.047280,0.098331
540,3057199156,0.498678,-0.407920,-0.690034,-0.329814,-0.046094,0.023633,0.132551
541,3057232490,0.498810,-0.407785,-0.690059,-0.329728,-0.098163,0.060655,0.110875
542,3057265824,0.498869,-0.407638,-0.690158,-0.329614,-0.073305,0.042436,0.130455
543,3057299158,0.498821,-0.407504,-0.690354,-0.329443,-0.055545,-0.005861,0.126236
544,3057332492,0.498790,-0.407285,-0.690640,-0.329161,-0.051611,-0.054842,0.136669
545,3057365826,0.498827,-0.406960,-0.690945,-0.328865,-0.025400,0.030970,0.138532
546,3057399160,0.498857,-0.406687,-0.691174,-0.328676,0.035631,0.056198,0.132979
547,3057432494,0.498674,-0.407029,-0.690960,-0.328981,0.009891,0.013949,0.126716
548,3057465828,0.498647,-0.407086,-0.690919,-0.329038,-0.003340,-0.048033,0.113661
549,3057499162,0.498675,-0.406995,-0.690968,-0.329004,0.031115,-0.024895,0.088178
550,3057532496,0.498574,-0.407020,-0.691049,-0.328957,0.017970,-0.028854,0.145677
551,3057565830,0.498437,-0.407084,-0.691139,-0.328895,-0.023143,0.013148,0.117046
552,3057599164,0.498222,-0.407405,-0.691015,-0.329085,-0.001998,0.089915,0.135094
553,3057632498,0.498197,-0.407339,-0.691101,-0.329022,-0.051932,0.048390,0.141880
554,3057665832,0.498195,-0.407449,-0.690991,-0.329120,0.006230,0.024010,0.144481
555,3057699166,0.498253,-0.407607,-0.690696,-0.329458,0.066789,0.112426,0.216664
556,3057732500,0.498404,-0.407721,-0.690337,-0.329839,-0.073202,0.001810,0.092514
557,3057765834,0.498617,-0.407470,-0.690308,-0.329889,-0.131319,-0.021781,0.092120
558,3057799168,0.499079,-0.406726,-0.690621,-0.329452,-0.137227,-0.022717,0.114176
559,3057832502,0.499508,-0.405984,-0.690907,-0.329118,-0.097800,0.030201,0.120574
560,3057865836,0.499934,-0.405078,-0.691252,-0.328863,-0.080329,0.055328,0.141702
561,3057899170,0.500405,-0.404167,-0.691573,-0.328592,-0.081377,0.079323,0.121296
562,3057932504,0.500743,-0.403485,-0.691793,-0.328454,0.113512,0.095618,0.139002
563,3057965838,0.500860,-0.403320,-0.691662,-0.328751,0.256338,0.095282,0.118866
564,3057999172,0.501022,-0.402950,-0.691814,-0.328639,0.198052,-0.016725,0.107306
565,3058032506,0.501093,-0.402640,-0.692148,-0.328207,-0.004942,-0.091629,0.068853
566,3058065840,0.501118,-0.402237,-0.692733,-0.327428,-0.003034,-0.033435,0.111216
567,3058099174,0.500892,-0.402494,-0.692937,-0.327027,0.091238,0.087228,0.107426
568,3058132508,0.500511,-0.402920,-0.693078,-0.326787,0.101315,0.017792,0.152532
569,3058165842,0.500261,-0.403230,-0.693199,-0.326530,-0.009321,-0.036010,0.146296
570,3058199176,0.500098,-0.403527,-0.693156,-0.326504,0.005752,-0.017674,0.126138
571,3058232510,0.499869,-0.404035,-0.692952,-0.326660,-0.060172,-0.001638,0.122002
572,3058265844,0.499641,-0.404696,-0.692615,-0.326905,-0.107455,-0.037439,0.129202
573,3058299178,0.499567,-0.404927,-0.692530,-0.326913,-0.090867,-0.005954,0.075838
574,3058332512,0.499364,-0.405105,-0.692555,-0.326948,0.020135,0.003498,0.149341
575,3058365846,0.499304,-0.405032,-0.692779,-0.326656,-0.079662,0.096125,0.079484
576,3058399180,0.498838,-0.405399,-0.692964,-0.326521,-0.204337,0.151394,0.108277
577,3058432514,0.498175,-0.406177,-0.692915,-0.326670,-0.260539,0.235478,0.227371
578,3058465848,0.498044,-0.406142,-0.693121,-0.326476,-0.286344,0.349650,0.212544
579,3058499182,0.497887,-0.406045,-0.693370,-0.326308,-0.282906,0.156687,0.112622
580,3058532516,0.497650,-0.405897,-0.693714,-0.326122,-0.162171,0.035158,0.110712
581,3058565850,0.497606,-0.405342,-0.694278,-0.325678,0.005096,0.068151,0.184814
582,3058599184,0.497570,-0.405053,-0.694549,-0.325517,0.099825,0.100457,0.095202
583,3058632518,0.497359,-0.404994,-0.694729,-0.325527,0.094178,0.012260,0.116938
584,3058665852,0.497098,-0.405224,-0.694706,-0.325690,0.024036,-0.006156,0.107020
585,3058699186,0.496794,-0.405503,-0.694685,-0.325851,-0.016457,-0.003925,0.145924
586,3058732520,0.496462,-0.405816,-0.694584,-0.326180,-0.042245,0.049052,0.141582
587,3058765854,0.496241,-0.406060,-0.694460,-0.326477,0.012980,0.100015,0.135731
588,3058799188,0.495948,-0.406568,-0.694109,-0.327036,0.088192,0.086858,0.159140
589,3058832522,0.495724,-0.407061,-0.693689,-0.327655,0.093797,0.020728,0.117075
590,3058865856,0.495490,-0.407557,-0.693263,-0.328292,0.071865,-0.062367,0.092355
591,3058899190,0.495136,-0.408089,-0.692983,-0.328755,-0.046776,-0.144995,0.063598
592,3058932524,0.494917,-0.408206,-0.693090,-0.328715,-0.100219,-0.123307,0.092731
593,3058965858,0.494835,-0.408008,-0.693441,-0.328343,-0.101350,-0.054641,0.076042
594,3058999192,0.494766,-0.407718,-0.693895,-0.327848,-0.099200,0.022099,0.125830
595,3059032526,0.494717,-0.407328,-0.694368,-0.327406,-0.145376,0.077378,0.187914
596,3059065860,0.494652,-0.407236,-0.694546,-0.327241,-0.120311,-0.004902,0.124903
597,3059099194,0.494746,-0.406845,-0.694830,-0.326982,-0.133363,0.008749,0.088249
598,3059132528,0.494693,-0.406746,-0.694887,-0.327065,-0.158005,-0.052957,0.138322
599,3059165862,0.494932,-0.406044,-0.695211,-0.326886,-0.126328,0.053982,0.101637
600,3059199196,0.495067,-0.405257,-0.695717,-0.326582,0.048735,0.120414,0.130750
601,3059232530,0.495193,-0.404424,-0.696309,-0.326160,0.130593,0.092910,0.119598
602,3059265864,0.495072,-0.404112,-0.696638,-0.326030,0.147922,0.069867,0.108581
603,3059299198,0.494920,-0.403996,-0.696807,-0.326043,0.029440,0.078833,0.217594
604,3059332532,0.494878,-0.403830,-0.696895,-0.326125,0.074383,0.159618,0.151891
605,3059365866,0.494662,-0.404042,-0.696744,-0.326511,0.024781,0.099267,0.079335
606,3059399200,0.494294,-0.404493,-0.696515,-0.326997,-0.028095,-0.014646,0.143300
607,3059432534,0.493976,-0.405106,-0.695997,-0.327822,-0.020904,0.057313,0.171047
608,3059465868,0.493743,-0.405745,-0.695293,-0.328874,0.107917,0.129492,0.171274
609,3059499202,0.493556,-0.406425,-0.694472,-0.330049,0.083532,0.130764,0.168295
610,3059532536,0.493599,-0.407015,-0.693511,-0.331276,0.066224,0.057601,0.145635
611,3059565870,0.493584,-0.407840,-0.692271,-0.332873,0.085049,0.063331,0.123610
612,3059599204,0.493668,-0.408476,-0.691125,-0.334348,0.026006,-0.054872,0.058600
613,3059632538,0.493591,-0.409250,-0.690016,-0.335800,0.135726,-0.129386,0.066834
614,3059665872,0.493077,-0.410511,-0.688910,-0.337286,0.038397,-0.186226,0.012611
615,3059699206,0.492252,-0.412080,-0.687935,-0.338565,-0.122715,-0.128326,0.174522
616,3059732540,0.491598,-0.413502,-0.687007,-0.339663,-0.084884,0.004930,0.141947
617,3059765874,0.490889,-0.414938,-0.685965,-0.341041,0.008322,0.065236,0.132648
618,3059799208,0.490291,-0.416286,-0.684899,-0.342398,0.003472,0.016646,0.113551
619,3059832542,0.489781,-0.417433,-0.683964,-0.343598,-0.015302,-0.130649,0.076742
620,3059865876,0.489319,-0.418134,-0.683488,-0.344351,-0.007843,-0.219260,0.078090
621,3059899210,0.489187,-0.418211,-0.683588,-0.344245,0.033344,-0.205874,0.117212
622,3059932544,0.489115,-0.418120,-0.683855,-0.343928,-0.025062,-0.039702,0.106858
623,3059965878,0.489058,-0.417908,-0.684290,-0.343402,-0.017299,0.078978,0.141446
624,3059999212,0.489211,-0.417469,-0.684743,-0.342815,-0.083405,0.123642,0.182999
625,3060032546,0.489534,-0.417036,-0.684960,-0.342447,-0.017716,0.088110,0.187435
626,3060065880,0.489957,-0.416662,-0.684929,-0.342359,0.139944,0.033597,0.178783
627,3060099214,0.490541,-0.416093,-0.684915,-0.342244,0.086534,-0.043761,0.056373
628,3060132548,0.491126,-0.415502,-0.685036,-0.341879,0.093310,-0.142242,0.109641
629,3060165882,0.491562,-0.415179,-0.685119,-0.341478,0.092784,-0.076109,0.075471
630,3060199216,0.491948,-0.414953,-0.685179,-0.341076,0.118991,0.029237,0.139462
631,3060232550,0.492228,-0.414739,-0.685348,-0.340594,0.025824,0.075601,0.156258
632,3060265884,0.492570,-0.414494,-0.685478,-0.340136,-0.081574,0.061338,0.163544
633,3060299218,0.493140,-0.414162,-0.685404,-0.339863,-0.036664,0.143241,0.179641
634,3060332552,0.493636,-0.414069,-0.685099,-0.339871,0.106347,0.109882,0.137113
635,3060365886,0.494057,-0.414317,-0.684408,-0.340347,0.169130,0.026038,0.138866
636,3060399220,0.494550,-0.414651,-0.683507,-0.341035,0.089755,-0.072026,0.112617
637,3060432554,0.495034,-0.415003,-0.682624,-0.341673,0.096402,-0.198184,0.068295
638,3060465888,0.495408,-0.415439,-0.681850,-0.342148,0.213601,-0.331641,0.023734
639,3060499222,0.495356,-0.416217,-0.681241,-0.342490,0.118466,-0.335332,0.012254
640,3060532556,0.494916,-0.417180,-0.680974,-0.342486,0.071481,-0.284102,0.065111
641,3060565890,0.494562,-0.417792,-0.681138,-0.341922,-0.053804,-0.058219,0.111970
642,3060599224,0.494240,-0.418330,-0.681403,-0.341204,-0.073253,0.189047,0.167220
643,3060632558,0.493982,-0.418958,-0.681412,-0.340787,-0.150847,0.317728,0.202102
644,3060665892,0.493992,-0.419494,-0.681060,-0.340816,-0.280140,0.439408,0.222914
645,3060699226,0.494135,-0.420030,-0.680350,-0.341367,-0.301453,0.410847,0.186386
646,3060732560,0.494428,-0.420473,-0.679567,-0.341956,-0.248913,0.171202,0.175824
647,3060765894,0.494753,-0.420800,-0.678853,-0.342503,-0.116471,0.038917,0.104675
648,3060799228,0.495066,-0.420906,-0.678391,-0.342835,-0.031714,-0.026518,0.054282
649,3060832562,0.495231,-0.420984,-0.678143,-0.342993,-0.024960,-0.035567,0.099183
650,3060865896,0.495350,-0.421013,-0.678048,-0.342973,-0.069896,-0.013816,0.121765
651,3060899230,0.495495,-0.420998,-0.677992,-0.342891,-0.034635,0.070838,0.144439
652,3060932564,0.495616,-0.420980,-0.677923,-0.342875,-0.030400,0.075743,0.147848
653,3060965898,0.495820,-0.420852,-0.677864,-0.342855,-0.044533,0.030816,0.127392
654,3060999232,0.496060,-0.420636,-0.677832,-0.342834,-0.025087,-0.006694,0.105911
655,3061032566,0.496224,-0.420460,-0.677831,-0.342815,-0.059923,-0.052579,0.114421
656,3061065900,0.496455,-0.420242,-0.677880,-0.342652,-0.027949,-0.068326,0.128945
657,3061099234,0.496607,-0.420134,-0.677860,-0.342603,0.017521,0.027175,0.118079
658,3061132568,0.496706,-0.420058,-0.677843,-0.342587,0.028059,0.006503,0.152291
659,3061165902,0.496787,-0.420006,-0.677802,-0.342614,-0.000841,0.017390,0.134464
660,3061199236,0.496810,-0.420045,-0.677697,-0.342741,-0.032041,0.050116,0.130799
661,3061232570,0.496827,-0.420151,-0.677550,-0.342876,-0.049517,0.039252,0.132431
662,3061265904,0.496928,-0.420195,-0.677412,-0.342950,-0.014778,0.060253,0.127402
663,3061299238,0.496965,-0.420206,-0.677327,-0.343050,-0.023797,0.054078,0.119540
664,3061332572,0.497013,-0.420139,-0.677368,-0.342981,-0.047245,-0.002821,0.105419
665,3061365906,0.497038,-0.420057,-0.677473,-0.342838,-0.052072,0.025190,0.111538
666,3061399240,0.497022,-0.420000,-0.677597,-0.342686,-0.054869,0.039170,0.120917
667,3061432574,0.496981,-0.419951,-0.677708,-0.342586,-0.040788,0.062266,0.153593
668,3061465908,0.497000,-0.419863,-0.677783,-0.342518,-0.038294,0.022453,0.122900
669,3061499242,0.496972,-0.419877,-0.677753,-0.342602,-0.024357,0.040126,0.130022
670,3061532576,0.496912,-0.419940,-0.677704,-0.342708,-0.036200,0.060709,0.109118
671,3061565910,0.496876,-0.420005,-0.677680,-0.342727,-0.082902,0.047589,0.132540
672,3061599244,0.496782,-0.420127,-0.677661,-0.342752,-0.104307,0.101100,0.143262
673,3061632578,0.496670,-0.420259,-0.677592,-0.342888,-0.069407,0.100355,0.172004
674,3061665912,0.496690,-0.420298,-0.677491,-0.343011,-0.027418,0.072333,0.141560
675,3061699246,0.496745,-0.420310,-0.677357,-0.343183,0.057340,-0.027609,0.132883
676,3061732580,0.496758,-0.420402,-0.677095,-0.343569,0.101300,-0.054357,0.094213
677,3061765914,0.496680,-0.420642,-0.676794,-0.343979,0.104797,-0.081901,0.118492
678,3061799248,0.496532,-0.421085,-0.676344,-0.344534,0.093103,0.003460,0.121425
679,3061832582,0.496365,-0.421681,-0.675775,-0.345164,0.090317,0.026970,0.127539
680,3061865916,0.496130,-0.422474,-0.675073,-0.345906,0.003464,0.066787,0.120440
681,3061899250,0.495759,-0.423466,-0.674279,-0.346772,-0.082502,0.043306,0.155313
682,3061932584,0.495560,-0.424278,-0.673555,-0.347469,-0.085661,0.035642,0.164335
683,3061965918,0.495495,-0.424879,-0.672889,-0.348116,-0.009154,0.018271,0.126933
684,3061999252,0.495372,-0.425472,-0.672271,-0.348761,0.013364,-0.023249,0.094860
685,3062032586,0.495232,-0.425997,-0.671764,-0.349295,-0.041170,-0.044152,0.079779
686,3062065920,0.495072,-0.426391,-0.671471,-0.349605,-0.112409,-0.054633,0.122226
687,3062099254,0.494938,-0.426661,-0.671322,-0.349752,-0.076578,0.034406,0.110803
688,3062132588,0.494849,-0.426829,-0.671271,-0.349770,-0.010738,0.067823,0.122155
689,3062165922,0.494727,-0.426995,-0.671237,-0.349804,-0.089154,0.026491,0.170698
690,3062199256,0.494793,-0.427018,-0.671197,-0.349762,-0.072449,0.083430,0.139731
691,3062232590,0.494878,-0.427038,-0.671147,-0.349711,0.013248,0.078610,0.131678
692,3062265924,0.495018,-0.427072,-0.671081,-0.349600,-0.026832,0.092061,0.155281
693,3062299258,0.495243,-0.427072,-0.671000,-0.349436,-0.030044,0.062704,0.146253
694,3062332592,0.495457,-0.427067,-0.670913,-0.349306,0.027322,0.107444,0.115487
695,3062365926,0.495563,-0.427168,-0.670811,-0.349229,-0.068812,0.028884,0.150446
696,3062399260,0.495692,-0.427244,-0.670708,-0.349149,-0.065357,0.057300,0.092421
697,3062432594,0.495681,-0.427360,-0.670682,-0.349074,-0.074610,0.016201,0.107541
698,3062465928,0.495637,-0.427435,-0.670707,-0.348995,-0.089285,0.006734,0.139531
699,3062499262,0.495598,-0.427411,-0.670812,-0.348877,-0.110263,0.047113,0.094122
700,3062532596,0.495523,-0.427322,-0.671033,-0.348670,-0.102276,0.066650,0.151410
701,3062565930,0.495515,-0.427055,-0.671420,-0.348263,-0.036385,0.003276,0.091726
702,3062599264,0.495512,-0.426676,-0.671951,-0.347706,0.027573,-0.025953,0.090586
703,3062632598,0.495432,-0.426266,-0.672617,-0.347033,-0.038378,-0.029070,0.121841
704,3062665932,0.495230,-0.426008,-0.673321,-0.346275,-0.059530,0.115924,0.113358
705,3062699266,0.494870,-0.425879,-0.674114,-0.345404,-0.076306,0.186688,0.182244
706,3062732600,0.494610,-0.425702,-0.674820,-0.344613,-0.034564,0.205037,0.221077
707,3062765934,0.494534,-0.425414,-0.675372,-0.343997,-0.135956,0.225369,0.226480
708,3062799268,0.494856,-0.424890,-0.675837,-0.343268,-0.120429,0.212140,0.227960
709,3062832602,0.495505,-0.424219,-0.676045,-0.342751,-0.103570,0.117176,0.213925
710,3062865936,0.496342,-0.423539,-0.675903,-0.342662,-0.128829,0.095271,0.184946
711,3062899270,0.497192,-0.423042,-0.675386,-0.343063,0.086030,-0.022371,0.120737
712,3062932604,0.497661,-0.422972,-0.674705,-0.343808,0.062861,-0.222819,-0.069602
713,3062965938,0.497501,-0.423316,-0.674163,-0.344678,-0.162630,-0.465372,-0.058616
714,3062999272,0.497249,-0.423295,-0.674367,-0.344669,-0.299714,-0.388565,0.040861
715,3063032606,0.497110,-0.422645,-0.675199,-0.344036,-0.229998,-0.132262,0.103907
716,3063065940,0.496966,-0.421594,-0.676460,-0.343055,-0.245132,0.150360,0.140358
717,3063099274,0.496890,-0.420351,-0.677847,-0.341953,-0.189271,0.221589,0.149905
718,3063132608,0.496973,-0.418969,-0.679112,-0.341015,-0.103977,0.196300,0.223420
719,3063165942,0.497297,-0.417415,-0.680207,-0.340266,-0.002100,0.137957,0.190839
720,3063199276,0.497709,-0.416155,-0.680801,-0.340018,0.128270,0.123451,0.249542
721,3063232610,0.498482,-0.414963,-0.680946,-0.340054,0.289950,0.078207,0.171688
722,3063265944,0.499004,-0.414457,-0.680478,-0.340840,0.543175,0.064908,0.116398
723,3063299278,0.499190,-0.414706,-0.679524,-0.342167,0.472497,-0.107529,0.082707
724,3063332612,0.499037,-0.415665,-0.678262,-0.343726,0.263402,-0.292272,0.047860
725,3063365946,0.498576,-0.417112,-0.676938,-0.345248,0.081259,-0.297612,0.101548
726,3063399280,0.498022,-0.418688,-0.675632,-0.346696,0.028602,-0.091265,0.099405
727,3063432614,0.497463,-0.420141,-0.674509,-0.347925,-0.017558,0.120087,0.133065
728,3063465948,0.496963,-0.421515,-0.673417,-0.349090,-0.082868,0.129528,0.201061
729,3063499282,0.496785,-0.422605,-0.672255,-0.350266,-0.103456,0.166424,0.236079
730,3063532616,0.496966,-0.423358,-0.671047,-0.351414,-0.095028,0.047525,0.146929
731,3063565950,0.497398,-0.423759,-0.669998,-0.352320,0.062417,-0.013299,0.095002
732,3063599284,0.497904,-0.423865,-0.669279,-0.352842,0.147242,-0.080279,0.012998
733,3063632618,0.498319,-0.423777,-0.669043,-0.352811,0.063004,-0.193391,0.059660
734,3063665952,0.498844,-0.423519,-0.669123,-0.352227,0.042319,-0.204777,0.171138
735,3063699286,0.499355,-0.423276,-0.669236,-0.351580,0.099957,0.007449,0.040239
736,3063732620,0.499650,-0.423104,-0.669736,-0.350413,0.062978,0.010218,0.090923
737,3063765954,0.499637,-0.423124,-0.670428,-0.349080,-0.116866,-0.032534,0.113183
738,3063799288,0.499687,-0.422914,-0.671285,-0.347615,-0.195424,0.107212,0.118917
739,3063832622,0.499726,-0.422524,-0.672242,-0.346181,-0.234886,0.139931,0.098092
740,3063865956,0.499733,-0.421943,-0.673342,-0.344738,-0.233176,0.168430,0.218872
741,3063899290,0.500159,-0.420870,-0.674471,-0.343223,-0.220894,0.162782,0.145974
742,3063932624,0.500554,-0.419826,-0.675525,-0.341849,-0.174399,0.209246,0.136322
743,3063965958,0.500734,-0.419179,-0.676336,-0.340773,-0.208231,0.089031,0.199664
744,3063999292,0.500981,-0.418541,-0.676947,-0.339981,-0.200711,0.136045,0.173411
745,3064032626,0.501295,-0.417805,-0.677506,-0.339309,-0.079629,0.073681,0.113201
746,3064065960,0.501830,-0.416870,-0.677979,-0.338723,0.177892,-0.057784,0.140693
747,3064099294,0.502563,-0.415637,-0.678613,-0.337880,0.134824,-0.067632,0.061261
748,3064132628,0.503002,-0.414429,-0.679591,-0.336742,-0.119448,-0.256812,-0.036395
749,3064165962,0.503097,-0.413554,-0.680648,-0.335539,-0.163895,-0.130693,0.170615
750,3064199296,0.503374,-0.412754,-0.681540,-0.334297,0.027156,0.006123,0.087851
751,3064232630,0.503416,-0.412122,-0.682250,-0.333565,0.066756,-0.086662,0.133871
752,3064265964,0.503659,-0.411092,-0.683095,-0.332738,0.040419,-0.281536,0.181434
753,3064299298,0.504242,-0.409837,-0.683819,-0.331915,0.257311,-0.307330,0.019022
754,3064332632,0.504657,-0.408935,-0.684410,-0.331178,0.352060,-0.259060,0.014426
755,3064365966,0.504824,-0.408115,-0.685435,-0.329811,0.136179,-0.368122,0.073493
756,3064399300,0.504855,-0.406991,-0.686915,-0.328070,-0.093784,-0.213340,0.022796
757,3064432634,0.504736,-0.405554,-0.688792,-0.326092,-0.232946,0.108036,0.145723
758,3064465968,0.504890,-0.403560,-0.690985,-0.323677,-0.372968,0.343623,0.193913
759,3064499302,0.505274,-0.401286,-0.693117,-0.321339,-0.420209,0.436303,0.233240
760,3064532636,0.505809,-0.398996,-0.694930,-0.319428,-0.371042,0.479051,0.255041
761,3064565970,0.506602,-0.396656,-0.696437,-0.317800,-0.338655,0.439861,0.233925
762,3064599304,0.507206,-0.394817,-0.697537,-0.316713,-0.107619,0.240069,0.055744
763,3064632638,0.507445,-0.393569,-0.698303,-0.316193,0.010889,0.073397,0.255452
764,3064665972,0.507964,-0.392258,-0.698810,-0.315869,-0.032074,0.044497,0.135161
765,3064699306,0.508363,-0.391103,-0.699262,-0.315659,-0.116226,-0.080236,0.040751
766,3064732640,0.508349,-0.390363,-0.699703,-0.315621,-0.021867,-0.031486,0.083138
767,3064765974,0.508396,-0.389682,-0.700016,-0.315692,0.109565,0.103676,0.160965
768,3064799308,0.508237,-0.389387,-0.700088,-0.316152,0.103617,0.128791,0.088423
769,3064832642,0.507807,-0.389670,-0.699807,-0.317116,0.065407,-0.005279,0.151615
770,3064865976,0.507320,-0.390186,-0.699355,-0.318256,0.049055,0.119906,0.166272
771,3064899310,0.506713,-0.390870,-0.698863,-0.319461,-0.057950,0.183384,0.132584
772,3064932644,0.506112,-0.391755,-0.698244,-0.320680,-0.156409,0.200539,0.126093
773,3064965978,0.505338,-0.393121,-0.697369,-0.322131,-0.043581,0.288871,0.163116
774,3064999312,0.504431,-0.394852,-0.696196,-0.323967,-0.048957,0.268190,0.236618
775,3065032646,0.503823,-0.396566,-0.694769,-0.325876,-0.131790,0.148922,0.179181
776,3065065980,0.503343,-0.398398,-0.692983,-0.328179,-0.022063,0.169032,0.138523
777,3065099314,0.502725,-0.400287,-0.691192,-0.330596,0.155531,-0.008546,0.091841
778,3065132648,0.502093,-0.402131,-0.689595,-0.332647,0.008715,-0.334423,0.094872
779,3065165982,0.501736,-0.403790,-0.688087,-0.334296,0.006538,-0.287745,0.097130
780,3065199316,0.501285,-0.405344,-0.686804,-0.335727,0.280543,-0.082506,0.071495
781,3065232650,0.500552,-0.406872,-0.685788,-0.337046,0.266497,-0.009594,0.148095
782,3065265984,0.499970,-0.408187,-0.684889,-0.338146,0.145638,0.035457,0.134902
783,3065299318,0.499627,-0.409430,-0.683830,-0.339291,-0.087168,0.200974,0.194267
784,3065332652,0.499296,-0.410833,-0.682587,-0.340584,-0.035201,0.204366,0.153000
785,3065365986,0.498710,-0.412495,-0.681211,-0.342184,0.012257,0.150521,0.179733
786,3065399320,0.498386,-0.413768,-0.680073,-0.343381,-0.174843,-0.011655,0.082972
787,3065432654,0.498441,-0.414467,-0.679193,-0.344199,-0.174726,-0.134190,0.071676
788,3065465988,0.498305,-0.415097,-0.678585,-0.344837,-0.002099,-0.168108,0.128288
789,3065499322,0.498283,-0.415392,-0.678261,-0.345149,0.239929,-0.212311,0.032398
790,3065532656,0.498283,-0.415559,-0.678141,-0.345185,0.223605,-0.272073,-0.001616
791,3065565990,0.498100,-0.415962,-0.678042,-0.345157,0.260937,-0.278888,0.092373
792,3065599324,0.497882,-0.416414,-0.678038,-0.344936,0.297665,-0.128565,0.117695
793,3065632658,0.497503,-0.416903,-0.678276,-0.344423,-0.034355,-0.146403,0.063725
794,3065665992,0.497066,-0.417369,-0.678676,-0.343700,-0.289654,-0.009342,0.098415
795,3065699326,0.496902,-0.417478,-0.679228,-0.342713,-0.277516,0.159981,0.189312
796,3065732660,0.497175,-0.417043,-0.679886,-0.341541,-0.207156,0.324696,0.183494
797,3065765994,0.497372,-0.416594,-0.680495,-0.340586,-0.093855,0.248403,0.207975
798,3065799328,0.497694,-0.416031,-0.681089,-0.339616,-0.136228,0.036087,0.157076
799,3065832662,0.498065,-0.415366,-0.681669,-0.338721,-0.057632,-0.001499,0.086613
800,3065865996,0.498209,-0.414751,-0.682470,-0.337648,-0.035763,-0.168385,0.088763
801,3065899330,0.498503,-0.413733,-0.683673,-0.336026,-0.182358,-0.223958,0.104004
802,3065932664,0.498963,-0.412364,-0.685011,-0.334297,-0.183191,-0.026877,0.106537
803,3065965998,0.499483,-0.410738,-0.686562,-0.332335,-0.130757,0.046184,0.149700
804,3065999332,0.500096,-0.409135,-0.687927,-0.330562,0.036011,0.186900,0.140222
805,3066032666,0.500620,-0.407848,-0.689000,-0.329121,0.066692,0.192912,0.177510
806,3066066000,0.501083,-0.406843,-0.689777,-0.328032,0.043552,0.108487,0.166015
807,3066099334,0.501658,-0.405911,-0.690329,-0.327147,0.054010,0.100211,0.186126
808,3066132668,0.502337,-0.405100,-0.690674,-0.326380,0.095733,0.086290,0.185451
809,3066166002,0.503015,-0.404399,-0.690814,-0.325907,0.058526,0.092175,0.213922
810,3066199336,0.503851,-0.403644,-0.690752,-0.325683,-0.021535,0.118947,0.215263
811,3066232670,0.504757,-0.402942,-0.690483,-0.325721,-0.058811,0.056977,0.137938
812,3066266004,0.505588,-0.402441,-0.689990,-0.326095,-0.102501,-0.032934,0.122341
813,3066299338,0.506449,-0.401981,-0.689452,-0.326464,-0.188381,-0.052878,0.110225
814,3066332672,0.507283,-0.401493,-0.688934,-0.326864,-0.146523,-0.013258,0.109217
815,3066366006,0.508279,-0.400612,-0.688637,-0.327022,-0.062165,-0.126680,0.086136
816,3066399340,0.509258,-0.399614,-0.688423,-0.327172,0.080645,-0.248733,0.008750
817,3066432674,0.509888,-0.398830,-0.688225,-0.327564,0.137308,-0.388467,0.069602
818,3066466008,0.510683,-0.397795,-0.688122,-0.327801,0.131032,-0.306851,0.119227
819,3066499342,0.511684,-0.396409,-0.688326,-0.327491,0.170995,-0.319829,0.079015
820,3066532676,0.512483,-0.395323,-0.688485,-0.327218,0.252006,-0.209099,0.119776
821,3066566010,0.513096,-0.394612,-0.688625,-0.326821,0.273957,-0.271639,0.017087
822,3066599344,0.513486,-0.394010,-0.689037,-0.326066,0.193416,-0.476210,-0.078469
823,3066632678,0.513387,-0.393656,-0.689852,-0.324923,0.095482,-0.547349,0.069494
824,3066666012,0.513323,-0.392994,-0.690954,-0.323481,0.178508,-0.444683,0.003247
825,3066699346,0.513440,-0.391793,-0.692326,-0.321817,0.179864,-0.167273,0.014711
826,3066732680,0.513328,-0.390617,-0.693749,-0.320356,0.126388,0.081078,0.136997
827,3066766014,0.513293,-0.389801,-0.694570,-0.319624,0.011883,0.422089,0.277918
828,3066799348,0.513875,-0.389138,-0.694462,-0.319733,-0.193521,0.778236,0.301764
829,3066832682,0.514703,-0.388926,-0.693554,-0.320629,-0.473782,0.738796,0.398257
830,3066866016,0.516026,-0.388753,-0.692120,-0.321809,-0.384717,0.511494,0.365449
831,3066899350,0.517635,-0.388814,-0.690202,-0.323266,-0.072353,0.245421,0.083517
832,3066932684,0.518570,-0.389926,-0.687801,-0.325539,-0.007093,0.081603,0.070803
833,3066966018,0.519384,-0.390545,-0.686053,-0.327183,-0.158132,-0.059629,0.079618
834,3066999352,0.520528,-0.389910,-0.685402,-0.327486,-0.223770,-0.074217,0.057137
835,3067032686,0.521183,-0.389461,-0.685044,-0.327728,-0.100509,0.077384,0.016600
836,3067066020,0.521144,-0.389711,-0.684712,-0.328187,-0.173604,0.160548,0.177956
837,3067099354,0.521114,-0.389884,-0.684434,-0.328608,-0.131327,0.195207,0.098671
838,3067132688,0.521104,-0.389797,-0.684403,-0.328790,-0.229327,0.186945,0.120509
839,3067166022,0.521080,-0.389422,-0.684736,-0.328581,-0.270695,0.197349,0.273561
840,3067199356,0.521426,-0.388658,-0.685118,-0.328139,-0.139079,0.244785,0.128231
841,3067232690,0.521813,-0.387904,-0.685408,-0.327811,-0.036480,0.272315,0.175406
842,3067266024,0.521941,-0.387378,-0.685737,-0.327541,-0.108465,0.146238,0.182247
843,3067299358,0.522095,-0.386873,-0.686016,-0.327309,-0.185116,0.009530,0.135799
844,3067332692,0.522184,-0.386401,-0.686330,-0.327066,-0.106936,0.052623,0.111357
845,3067366026,0.522147,-0.386090,-0.686615,-0.326891,0.028426,0.104596,0.166512
846,3067399360,0.522129,-0.385927,-0.686715,-0.326905,0.008072,0.084896,0.176974
847,3067432694,0.522191,-0.385916,-0.686554,-0.327158,-0.012617,0.045745,0.148915
848,3067466028,0.522231,-0.386020,-0.686273,-0.327559,0.057197,0.028003,0.151960
849,3067499362,0.522406,-0.386007,-0.686009,-0.327848,-0.042161,0.028097,0.077591
850,3067532696,0.522590,-0.385821,-0.685947,-0.327904,-0.018468,-0.022730,0.064013
851,3067566030,0.522460,-0.385698,-0.686129,-0.327877,0.050744,-0.071665,0.050708
852,3067599364,0.522045,-0.385525,-0.686601,-0.327752,0.120188,-0.084481,0.147811
853,3067632698,0.521822,-0.384824,-0.687374,-0.327309,-0.020691,-0.039298,0.091344
854,3067666032,0.521821,-0.383758,-0.688393,-0.326420,-0.173367,-0.045509,0.107611
855,3067699366,0.521649,-0.383133,-0.689266,-0.325587,-0.101217,0.086564,0.114543
856,3067732700,0.521174,-0.383068,-0.689896,-0.325089,-0.024163,0.148216,0.147730
857,3067766034,0.520912,-0.382772,-0.690539,-0.324491,-0.010147,0.132046,0.170706
858,3067799368,0.520675,-0.382444,-0.691197,-0.323857,-0.036035,0.081803,0.158439
859,3067832702,0.520242,-0.382615,-0.691570,-0.323555,-0.005077,0.109382,0.141769
860,3067866036,0.519655,-0.383276,-0.691621,-0.323606,-0.004955,0.175108,0.170619
861,3067899370,0.518994,-0.384177,-0.691527,-0.323800,-0.021090,0.184109,0.182273
862,3067932704,0.518304,-0.385185,-0.691310,-0.324171,-0.102738,0.121095,0.155525
863,3067966038,0.517488,-0.386418,-0.690959,-0.324754,-0.167231,0.115466,0.127937
864,3067999372,0.516467,-0.387905,-0.690570,-0.325434,-0.190851,0.130062,0.137726
865,3068032706,0.515480,-0.389367,-0.690184,-0.326070,-0.140399,0.141115,0.139951
866,3068066040,0.514325,-0.390916,-0.689802,-0.326850,-0.103900,0.213146,0.124497
867,3068099374,0.513059,-0.392530,-0.689502,-0.327537,-0.141080,0.163179,0.153449
868,3068132708,0.511815,-0.394205,-0.689108,-0.328298,-0.150486,0.156287,0.143544
869,3068166042,0.510494,-0.396022,-0.688592,-0.329250,-0.079287,0.193968,0.103592
870,3068199376,0.509170,-0.397705,-0.688226,-0.330035,-0.061927,0.070906,0.128832
871,3068232710,0.507789,-0.399317,-0.688011,-0.330664,-0.038122,-0.063999,0.109292
872,3068266044,0.506123,-0.401038,-0.688011,-0.331136,0.130355,-0.128196,0.030881
873,3068299378,0.504169,-0.402989,-0.688115,-0.331532,0.105166,-0.186619,0.097857
874,3068332712,0.502498,-0.404598,-0.688392,-0.331536,-0.033856,-0.059357,0.156374
875,3068366046,0.501058,-0.406139,-0.688476,-0.331655,-0.101818,0.140326,0.146754
876,3068399380,0.499758,-0.407724,-0.688343,-0.331950,-0.034878,0.142636,0.148626
877,3068432714,0.498631,-0.409191,-0.688071,-0.332402,-0.019912,0.002172,0.122468
878,3068466048,0.497507,-0.410505,-0.687758,-0.333111,-0.091497,-0.121600,0.067501
879,3068499382,0.496492,-0.411478,-0.687756,-0.333430,-0.200755,-0.208115,0.149984
880,3068532716,0.495843,-0.412014,-0.687993,-0.333247,-0.045110,-0.018397,0.119173
881,3068566050,0.495218,-0.412420,-0.688310,-0.333017,0.118224,0.192743,0.148163
882,3068599384,0.494659,-0.412708,-0.688656,-0.332776,0.062910,0.211882,0.198956
883,3068632718,0.494146,-0.413066,-0.688798,-0.332800,-0.091592,0.187404,0.201592
884,3068666052,0.493778,-0.413484,-0.688732,-0.332964,-0.047783,0.205724,0.225519
885,3068699386,0.493774,-0.413673,-0.688487,-0.333243,0.016948,0.196128,0.220428
886,3068732720,0.494217,-0.413454,-0.688049,-0.333761,0.000700,0.105009,0.125461
887,3068766054,0.494653,-0.413275,-0.687475,-0.334519,0.033473,0.042169,0.105801
888,3068799388,0.495051,-0.413320,-0.686709,-0.335446,0.055272,-0.018593,0.052608
889,3068832722,0.495041,-0.413844,-0.685869,-0.336533,-0.021359,-0.175447,0.080284
890,3068866056,0.494919,-0.414521,-0.685056,-0.337532,-0.064683,-0.119115,0.083129
891,3068899390,0.494656,-0.415357,-0.684287,-0.338450,-0.064240,0.010404,0.076084
892,3068932724,0.494298,-0.416323,-0.683446,-0.339483,-0.105955,0.030984,0.184456
893,3068966058,0.493887,-0.417447,-0.682450,-0.340703,-0.016779,0.021803,0.160336
894,3068999392,0.493384,-0.418661,-0.681255,-0.342329,0.060235,0.047874,0.109686
895,3069032726,0.493006,-0.419752,-0.679943,-0.344141,-0.037316,-0.013270,0.134029
896,3069066060,0.492884,-0.420616,-0.678618,-0.345871,0.011199,-0.149795,0.102715
897,3069099394,0.492533,-0.421467,-0.677411,-0.347698,0.139183,-0.221102,0.028845
898,3069132728,0.492115,-0.422029,-0.676590,-0.349201,0.066497,-0.363416,0.054336
899,3069166062,0.491895,-0.422236,-0.676238,-0.349944,0.039875,-0.485634,0.034405
900,3069199396,0.491142,-0.422822,-0.676066,-0.350627,0.168509,-0.381050,-0.000076
901,3069232730,0.490083,-0.423520,-0.676235,-0.350940,0.098100,-0.255041,0.116492
902,3069266064,0.489348,-0.423798,-0.676836,-0.350471,-0.075612,-0.228071,0.127817
903,3069299398,0.488708,-0.424023,-0.677386,-0.350027,-0.003063,-0.001687,0.149201
904,3069332732,0.488203,-0.424241,-0.677742,-0.349780,-0.023654,0.204603,0.201024
905,3069366066,0.488010,-0.424284,-0.677936,-0.349621,-0.011418,0.285521,0.214801
906,3069399400,0.487869,-0.424491,-0.677685,-0.350051,-0.063864,0.320068,0.221302
907,3069432734,0.487869,-0.424770,-0.677117,-0.350812,-0.082672,0.149503,0.214769
908,3069466068,0.488100,-0.424920,-0.676391,-0.351709,-0.112791,0.147620,0.123431
909,3069499402,0.488370,-0.424942,-0.675784,-0.352474,-0.045917,0.094375,0.135155
910,3069532736,0.488700,-0.424776,-0.675297,-0.353149,-0.040426,0.046910,0.078270
911,3069566070,0.488871,-0.424575,-0.675063,-0.353601,-0.029750,-0.056249,0.106006
912,3069599404,0.489024,-0.424289,-0.675074,-0.353712,-0.064800,-0.116208,0.143344
913,3069632738,0.489356,-0.423870,-0.675081,-0.353739,-0.040309,-0.031327,0.099717
914,3069666072,0.489811,-0.423348,-0.675131,-0.353643,0.010620,0.033718,0.101546
915,3069699406,0.490375,-0.422695,-0.675196,-0.353516,0.149781,0.085213,0.174463
916,3069732740,0.490926,-0.422084,-0.675108,-0.353648,0.072559,-0.011987,0.139450
917,3069766074,0.491506,-0.421575,-0.674944,-0.353763,0.024965,-0.043538,0.168138
918,3069799408,0.492233,-0.420959,-0.674839,-0.353688,0.082197,-0.089529,0.118341
919,3069832742,0.493105,-0.419972,-0.674978,-0.353380,0.003656,-0.052292,0.076739
920,3069866076,0.494057,-0.418753,-0.675410,-0.352672,-0.006940,-0.076116,0.157828
921,3069899410,0.495100,-0.417436,-0.675922,-0.351787,0.044736,-0.059992,0.120688
922,3069932744,0.496119,-0.416169,-0.676399,-0.350935,0.028799,-0.060376,0.092210
923,3069966078,0.497252,-0.414750,-0.677038,-0.349779,-0.083232,-0.161430,0.159441
924,3069999412,0.499933,-0.411820,-0.677696,-0.348141,-0.115783,-0.557628,0.353859
925,3070032746,0.503661,-0.407945,-0.678555,-0.345648,0.239597,-0.109231,0.140895
926,3070066080,0.505617,-0.405225,-0.680062,-0.343021,0.035106,0.486601,0.066850
927,3070099414,0.508517,-0.401233,-0.681607,-0.340349,0.377583,0.489612,0.076753
928,3070132748,0.511399,-0.397391,-0.682639,-0.338463,-0.148940,0.224927,-0.072471
929,3070166082,0.512294,-0.396374,-0.682723,-0.338133,-0.073730,-0.303341,0.068973
930,3070199416,0.513298,-0.395630,-0.683003,-0.336913,-0.113661,-0.160346,0.075983
931,3070232750,0.513988,-0.394838,-0.683603,-0.335572,0.025515,0.072521,0.072054
932,3070266084,0.514238,-0.394101,-0.684419,-0.334390,0.053012,-0.010271,0.123992
933,3070299418,0.514302,-0.393684,-0.685021,-0.333549,-0.002792,0.085451,0.057487
934,3070332752,0.513432,-0.394523,-0.685332,-0.333258,-0.217914,0.158733,0.138653
935,3070366086,0.512746,-0.395393,-0.685324,-0.333300,-0.184377,0.192463,0.272177
936,3070399420,0.513008,-0.395498,-0.684878,-0.333690,-0.100125,0.260906,0.200099
937,3070432754,0.513130,-0.395719,-0.684346,-0.334332,0.040845,0.068902,0.059821
938,3070466088,0.512842,-0.396367,-0.683841,-0.335038,-0.080364,-0.161512,0.097392
939,3070499422,0.512344,-0.397162,-0.683516,-0.335520,-0.172929,-0.070558,0.097299
940,3070532756,0.511763,-0.397957,-0.683408,-0.335687,-0.105790,0.049745,0.127145
941,3070566090,0.511123,-0.398851,-0.683193,-0.336037,-0.097196,0.259951,0.132599
942,3070599424,0.510736,-0.399465,-0.682741,-0.336814,-0.071971,0.197684,0.255957
943,3070632758,0.511081,-0.399505,-0.682138,-0.337464,-0.074312,-0.014158,0.090744
944,3070666092,0.510994,-0.399835,-0.681582,-0.338328,-0.055239,-0.134693,0.037979
945,3070699426,0.510166,-0.400497,-0.681584,-0.338790,0.034218,-0.159800,0.071773
946,3070732760,0.509208,-0.400942,-0.681994,-0.338880,-0.027026,-0.211242,0.050277
947,3070766094,0.508069,-0.401384,-0.682563,-0.338920,-0.137191,-0.065663,0.136239
948,3070799428,0.507634,-0.401153,-0.683124,-0.338714,-0.199671,-0.074252,0.214876
949,3070832762,0.508054,-0.400231,-0.683577,-0.338264,-0.193437,0.138360,0.187711
950,3070866096,0.508528,-0.399326,-0.683793,-0.338184,-0.008350,0.162262,0.131272
951,3070899430,0.508947,-0.398507,-0.684017,-0.338065,-0.040297,0.034190,0.052183
952,3070932764,0.509070,-0.397894,-0.684358,-0.337913,-0.091926,-0.099244,0.062246
953,3070966098,0.508896,-0.397332,-0.685115,-0.337302,-0.107868,-0.134366,0.029819
954,3070999432,0.508640,-0.396608,-0.686235,-0.336260,-0.043688,-0.038959,0.088085
955,3071032766,0.508168,-0.396082,-0.687402,-0.335211,0.138416,0.092264,0.099942
956,3071066100,0.507246,-0.396209,-0.688248,-0.334718,0.098158,-0.011758,0.119995
957,3071099434,0.506084,-0.396804,-0.688861,-0.334512,0.020510,-0.001541,0.170709
958,3071132768,0.504813,-0.397730,-0.689305,-0.334418,0.006084,0.074887,0.132347
959,3071166102,0.503713,-0.398679,-0.689544,-0.334454,0.024160,0.210353,0.236268
960,3071199436,0.502753,-0.399773,-0.689352,-0.334989,-0.061888,0.330781,0.242215
961,3071232770,0.502350,-0.400654,-0.688726,-0.335826,-0.031659,0.417527,0.206585
962,3071266104,0.502188,-0.401565,-0.687726,-0.337029,-0.051772,0.330122,0.216600
963,3071299438,0.502337,-0.402396,-0.686469,-0.338376,-0.018461,0.241410,0.205590
964,3071332772,0.502643,-0.403255,-0.684984,-0.339904,0.120019,0.100861,0.148628
965,3071366106,0.502701,-0.404488,-0.683188,-0.341962,0.090708,-0.079347,0.078085
966,3071399440,0.502560,-0.405791,-0.681608,-0.343774,0.047770,-0.268498,0.062148
967,3071432774,0.502137,-0.407243,-0.680248,-0.345364,0.070535,-0.364574,-0.032120
968,3071466108,0.501337,-0.408831,-0.679283,-0.346548,0.076677,-0.387862,-0.040668
969,3071499442,0.499858,-0.410891,-0.678679,-0.347429,-0.033389,-0.130955,0.071744
970,3071532776,0.497922,-0.413324,-0.678352,-0.347963,-0.126100,0.021995,0.098791
971,3071566110,0.495844,-0.415781,-0.678197,-0.348306,-0.226204,0.233561,0.172124
972,3071599444,0.494291,-0.417567,-0.678166,-0.348437,-0.187595,0.305912,0.218451
973,3071632778,0.493466,-0.418646,-0.677944,-0.348742,-0.089120,0.220030,0.223521
974,3071666112,0.492800,-0.419534,-0.677618,-0.349250,-0.055747,0.076683,0.174065
975,3071699446,0.492390,-0.420211,-0.677345,-0.349544,0.084391,0.022496,0.170894
976,3071732780,0.492095,-0.420792,-0.677161,-0.349617,0.159159,0.048034,0.106359
977,3071766114,0.491629,-0.421386,-0.677284,-0.349320,-0.113408,-0.033714,0.018551
978,3071799448,0.491481,-0.421731,-0.677668,-0.348365,-0.281794,-0.149335,0.075207
979,3071832782,0.491558,-0.422074,-0.677582,-0.348007,-0.138651,0.038929,0.125818
980,3071866116,0.491847,-0.422052,-0.677428,-0.347926,0.052788,0.089849,0.171525
981,3071899450,0.492151,-0.421857,-0.677393,-0.347799,0.054099,0.107340,0.183287
982,3071932784,0.492495,-0.421648,-0.677406,-0.347542,-0.069627,-0.092898,0.044333
983,3071966118,0.492329,-0.422007,-0.677243,-0.347657,0.004531,-0.061632,0.123621
984,3071999452,0.491827,-0.422658,-0.677154,-0.347751,-0.051805,0.079353,0.261811
985,3072032786,0.491914,-0.422774,-0.677176,-0.347445,-0.180515,0.104198,-0.026541
986,3072066120,0.491652,-0.422999,-0.677369,-0.347165,0.016443,0.028711,0.145383
987,3072099454,0.491635,-0.422757,-0.677940,-0.346367,-0.030842,-0.146240,0.178327
988,3072132788,0.491611,-0.422543,-0.678379,-0.345805,-0.210814,-0.015514,0.075624
989,3072166122,0.491182,-0.422618,-0.678777,-0.345541,-0.205052,0.157885,0.181343
990,3072199456,0.491163,-0.422177,-0.679351,-0.344980,-0.258630,0.132650,0.226999
991,3072232790,0.491378,-0.421530,-0.679798,-0.344582,-0.147285,0.164174,0.152241
992,3072266124,0.491385,-0.421180,-0.680019,-0.344565,-0.049240,0.055522,0.030032
993,3072299458,0.491175,-0.421127,-0.680119,-0.344732,0.058525,0.004033,0.199774
994,3072332792,0.491073,-0.420872,-0.680350,-0.344734,0.016890,-0.006344,0.107839
995,3072366126,0.490943,-0.420486,-0.680816,-0.344468,-0.103528,-0.092403,0.073991
996,3072399460,0.490790,-0.420059,-0.681461,-0.343931,-0.150192,-0.000632,0.105822
997,3072432794,0.490709,-0.419487,-0.682260,-0.343162,-0.066538,0.079474,0.082976
998,3072466128,0.490606,-0.418823,-0.683168,-0.342311,-0.138756,0.082014,0.186035
999,3072499462,0.490746,-0.417855,-0.684080,-0.341470,-0.174141,0.039535,0.157822
1000,3072532796,0.491027,-0.416789,-0.684886,-0.340754,-0.028751,0.054657,0.157676
1001,3072566130,0.491283,-0.415889,-0.685516,-0.340218,0.005932,0.014011,0.168959
1002,3072599464,0.491489,-0.415176,-0.685937,-0.339941,0.072880,-0.072372,0.094849
1003,3072632798,0.491545,-0.414577,-0.686427,-0.339602,0.059173,-0.074586,0.113489
1004,3072666132,0.491759,-0.413852,-0.686927,-0.339166,0.038232,-0.099678,0.110921
1005,3072699466,0.492027,-0.413141,-0.687287,-0.338914,0.089847,-0.012556,0.095000
1006,3072732800,0.492100,-0.412610,-0.687630,-0.338759,0.158099,0.001431,0.174454
1007,3072766134,0.492253,-0.412094,-0.687929,-0.338558,0.123253,-0.034293,0.119276
1008,3072799468,0.492400,-0.411675,-0.688116,-0.338473,0.076359,-0.021912,0.103820
1009,3072832802,0.492471,-0.411333,-0.688333,-0.338345,0.103000,-0.044850,0.115087
1010,3072866136,0.492480,-0.411039,-0.688608,-0.338128,0.124410,-0.113049,0.074597
1011,3072899470,0.492313,-0.410931,-0.688873,-0.337965,0.089847,-0.078199,0.096560
1012,3072932804,0.492103,-0.410989,-0.689083,-0.337772,0.014217,-0.055414,0.160707
1013,3072966138,0.491847,-0.411187,-0.689171,-0.337724,0.014951,0.022255,0.119352
1014,3072999472,0.491568,-0.411476,-0.689129,-0.337865,-0.009068,0.057986,0.154844
1015,3073032806,0.491490,-0.411684,-0.689003,-0.337981,-0.097528,0.084056,0.161789
1016,3073066140,0.491398,-0.412025,-0.688703,-0.338310,-0.074387,0.119218,0.165917
1017,3073099474,0.491302,-0.412447,-0.688261,-0.338833,-0.007583,0.178242,0.169794
1018,3073132808,0.491329,-0.412777,-0.687788,-0.339353,-0.021182,0.119811,0.138126
1019,3073166142,0.491455,-0.412997,-0.687338,-0.339816,-0.066884,0.074485,0.118580
1020,3073199476,0.491544,-0.413175,-0.686969,-0.340216,-0.013477,0.025353,0.093459
1021,3073232810,0.491559,-0.413404,-0.686644,-0.340572,0.000786,-0.014071,0.095970
1022,3073266144,0.491661,-0.413493,-0.686464,-0.340681,-0.066440,-0.014722,0.102795
1023,3073299478,0.491724,-0.413590,-0.686313,-0.340775,-0.045497,0.033656,0.127052
1024,3073332812,0.491755,-0.413762,-0.686055,-0.341040,-0.006890,0.071175,0.146212
1025,3073366146,0.491721,-0.414098,-0.685632,-0.341532,-0.023032,0.082481,0.124059
1026,3073399480,0.491698,-0.414363,-0.685293,-0.341925,-0.070752,0.000571,0.104445
1027,3073432814,0.491602,-0.414738,-0.684866,-0.342463,-0.064452,0.015967,0.120509
1028,3073466148,0.491324,-0.415269,-0.684403,-0.343142,-0.017252,0.072251,0.119309
1029,3073499482,0.490829,-0.415901,-0.684033,-0.343823,-0.112329,-0.014936,0.107773
1030,3073532816,0.490401,-0.416373,-0.683819,-0.344288,-0.160666,0.017018,0.142512
1031,3073566150,0.490258,-0.416375,-0.683880,-0.344369,-0.090817,0.052335,0.090042
1032,3073599484,0.490171,-0.416205,-0.684121,-0.344219,-0.111809,0.054245,0.139973
1033,3073632818,0.490266,-0.415757,-0.684511,-0.343850,-0.062834,0.103611,0.111873
1034,3073666152,0.490294,-0.415397,-0.684878,-0.343512,-0.067926,0.072221,0.081677
1035,3073699486,0.490150,-0.415197,-0.685250,-0.343220,-0.052195,0.052393,0.174759
1036,3073732820,0.490271,-0.414672,-0.685731,-0.342721,-0.049733,0.032743,0.108866
1037,3073766154,0.490052,-0.414731,-0.685859,-0.342705,0.065114,0.017159,0.116610
1038,3073799488,0.489984,-0.414557,-0.686093,-0.342544,0.063797,0.047687,0.161733
1039,3073832822,0.489793,-0.414858,-0.685912,-0.342816,0.079941,0.012250,0.107491
1040,3073866156,0.489539,-0.415122,-0.685810,-0.343062,0.115485,-0.042146,0.123777
1041,3073899490,0.489432,-0.415214,-0.685839,-0.343048,0.077007,-0.029292,0.138142
1042,3073932824,0.489230,-0.415455,-0.685790,-0.343141,0.002066,0.040877,0.126934
1043,3073966158,0.489028,-0.415740,-0.685768,-0.343128,-0.037995,0.073711,0.124495
1044,3073999492,0.488847,-0.415923,-0.685841,-0.343018,-0.021184,0.071729,0.141301
1045,3074032826,0.488840,-0.415855,-0.686007,-0.342779,-0.065943,0.050955,0.147020
1046,3074066160,0.488846,-0.415725,-0.686159,-0.342621,-0.067207,-0.012264,0.117120
1047,3074099494,0.488908,-0.415523,-0.686353,-0.342392,-0.077291,-0.095454,0.092740
1048,3074132828,0.488937,-0.415364,-0.686551,-0.342146,-0.022018,-0.110675,0.116367
1049,3074166162,0.488888,-0.415247,-0.686738,-0.341982,-0.016890,-0.049017,0.091772
1050,3074199496,0.488870,-0.415049,-0.686993,-0.341735,-0.056071,-0.049962,0.141673
1051,3074232830,0.488852,-0.414972,-0.687120,-0.341599,-0.056077,0.031811,0.149796
1052,3074266164,0.488808,-0.414925,-0.687192,-0.341575,-0.032447,0.027149,0.093933
1053,3074299498,0.488766,-0.414785,-0.687323,-0.341542,-0.027221,-0.007692,0.116740
1054,3074332832,0.488707,-0.414714,-0.687438,-0.341480,-0.053863,-0.050786,0.136945
1055,3074366166,0.488648,-0.414657,-0.687514,-0.341483,0.035175,0.027394,0.111352
1056,3074399500,0.488588,-0.414612,-0.687589,-0.341472,-0.014152,0.060889,0.119594
1057,3074432834,0.488521,-0.414631,-0.687630,-0.341463,0.029140,0.042384,0.184396
1058,3074466168,0.488499,-0.414669,-0.687559,-0.341588,0.085166,0.038214,0.126794
1059,3074499502,0.488440,-0.414839,-0.687386,-0.341816,0.037416,0.041888,0.108467
1060,3074532836,0.488336,-0.415135,-0.687157,-0.342065,-0.004455,0.041078,0.140487
1061,3074566170,0.488352,-0.415248,-0.687029,-0.342161,-0.076435,0.107017,0.126448
1062,3074599504,0.488349,-0.415446,-0.686798,-0.342391,-0.091994,0.113677,0.128041
1063,3074632838,0.488264,-0.415643,-0.686684,-0.342500,-0.071535,-0.016139,0.110648
1064,3074666172,0.488117,-0.415718,-0.686776,-0.342435,-0.069222,-0.060895,0.111499
1065,3074699506,0.488159,-0.415527,-0.687033,-0.342090,-0.087040,-0.030028,0.114747
1066,3074732840,0.488161,-0.415450,-0.687177,-0.341892,-0.041563,0.119650,0.154140
1067,3074766174,0.488236,-0.415286,-0.687327,-0.341684,0.050674,0.094993,0.184762
1068,3074799508,0.488477,-0.415024,-0.687364,-0.341581,0.044588,0.023668,0.153723
1069,3074832842,0.488805,-0.414695,-0.687316,-0.341608,0.041041,-0.083788,0.107512
1070,3074866176,0.489125,-0.414565,-0.687066,-0.341812,0.051659,-0.091544,0.101511
1071,3074899510,0.489243,-0.414724,-0.686751,-0.342083,0.156443,-0.088811,0.094861
1072,3074932844,0.489196,-0.415132,-0.686378,-0.342403,0.087104,-0.111567,0.086412
1073,3074966178,0.489326,-0.415183,-0.686271,-0.342371,0.068745,-0.093237,0.112506
1074,3074999512,0.489269,-0.415547,-0.686049,-0.342456,0.011244,-0.019472,0.122433
1075,3075032846,0.489286,-0.415727,-0.685979,-0.342352,-0.077274,0.028007,0.085322
1076,3075066180,0.489222,-0.415924,-0.685980,-0.342203,-0.115709,0.032740,0.139126
1077,3075099514,0.489210,-0.416114,-0.685908,-0.342134,-0.086716,0.121749,0.154768
1078,3075132848,0.489279,-0.416181,-0.685862,-0.342046,-0.077658,0.134168,0.138716
1079,3075166182,0.489323,-0.416282,-0.685757,-0.342070,-0.042966,0.096647,0.128318
1080,3075199516,0.489356,-0.416461,-0.685551,-0.342217,-0.021884,0.017179,0.144037
1081,3075232850,0.489597,-0.416241,-0.685581,-0.342081,0.006209,-0.070146,0.127038
1082,3075266184,0.489666,-0.416251,-0.685561,-0.342011,-0.065756,-0.069405,0.095630
1083,3075299518,0.489645,-0.416372,-0.685533,-0.341949,-0.014972,0.018175,0.118605
1084,3075332852,0.489454,-0.416615,-0.685538,-0.341917,0.018843,0.040410,0.045946
1085,3075366186,0.489443,-0.416441,-0.685917,-0.341383,-0.069937,0.017499,0.277288
1086,3075399520,0.489617,-0.416194,-0.686098,-0.341071,0.046094,0.122040,0.225602
1087,3075432854,0.489924,-0.416106,-0.685929,-0.341078,0.069027,0.156913,0.087323
1088,3075466188,0.489912,-0.416511,-0.685514,-0.341434,-0.028439,0.004718,0.080231
1089,3075499522,0.489913,-0.416828,-0.685223,-0.341632,-0.184988,-0.040313,0.113191
1090,3075532856,0.489967,-0.416832,-0.685198,-0.341598,-0.155953,-0.009527,0.094947
1091,3075566190,0.489942,-0.416760,-0.685387,-0.341342,-0.147371,0.007884,0.122632
1092,3075599524,0.490045,-0.416451,-0.685751,-0.340841,-0.161077,0.067498,0.089411
1093,3075632858,0.490048,-0.416062,-0.686222,-0.340365,-0.025019,0.095411,0.193490
1094,3075666192,0.490508,-0.415174,-0.686774,-0.339671,-0.020296,0.042822,0.146111
1095,3075699526,0.490910,-0.414543,-0.687057,-0.339289,-0.048080,-0.015356,0.064109
1096,3075732860,0.490991,-0.414278,-0.687234,-0.339137,-0.083191,-0.015966,0.027395
1097,3075766194,0.490921,-0.414150,-0.687451,-0.338952,-0.192290,-0.036044,0.257166
1098,3075799528,0.491201,-0.413674,-0.687634,-0.338758,0.046206,0.085437,0.264842
1099,3075832862,0.491818,-0.413019,-0.687465,-0.339005,0.404035,0.041004,0.015620
1100,3075866196,0.492160,-0.412477,-0.687551,-0.338994,0.103713,-0.238914,0.026707
1101,3075899530,0.492068,-0.412654,-0.687466,-0.339087,-0.148543,-0.266626,0.032676
1102,3075932864,0.491998,-0.412703,-0.687559,-0.338938,-0.080492,-0.049775,0.075254
1103,3075966198,0.491895,-0.412452,-0.688081,-0.338334,0.026237,0.043054,0.070802
1104,3075999532,0.491522,-0.412250,-0.688815,-0.337627,-0.031615,-0.048833,0.094683
1105,3076032866,0.490979,-0.412352,-0.689418,-0.337063,-0.027268,0.041568,0.176620
1106,3076066200,0.490782,-0.412086,-0.690085,-0.336308,0.010897,0.137798,0.177015
1107,3076099534,0.490613,-0.412036,-0.690477,-0.335811,0.008469,0.215756,0.168326
1108,3076132868,0.490498,-0.412180,-0.690521,-0.335713,-0.032727,0.258010,0.164064
1109,3076166202,0.490477,-0.412375,-0.690354,-0.335846,-0.072792,0.152232,0.149954
1110,3076199536,0.490521,-0.412456,-0.690184,-0.336032,-0.114949,0.068921,0.237308
1111,3076232870,0.490799,-0.412308,-0.690031,-0.336121,-0.076385,0.026069,0.124181
1112,3076266204,0.491070,-0.412204,-0.689825,-0.336277,0.085272,0.059852,0.117976
1113,3076299538,0.491217,-0.412215,-0.689636,-0.336435,0.098666,0.051171,0.111815
1114,3076332872,0.491331,-0.412381,-0.689357,-0.336638,0.003927,-0.034452,0.088272
1115,3076366206,0.491296,-0.412680,-0.689090,-0.336870,0.008354,-0.091749,0.057263
1116,3076399540,0.491274,-0.412692,-0.689188,-0.336684,-0.023717,-0.144724,0.092762
1117,3076432874,0.491315,-0.412450,-0.689534,-0.336215,-0.080897,-0.096666,0.081809
1118,3076466208,0.491314,-0.411991,-0.690234,-0.335340,-0.095114,0.028771,0.057686
1119,3076499542,0.491026,-0.411752,-0.691065,-0.334343,-0.112988,0.121086,0.120478
1120,3076532876,0.490725,-0.411697,-0.691726,-0.333486,-0.150233,0.195603,0.187633
1121,3076566210,0.490465,-0.411660,-0.692260,-0.332804,-0.142868,0.253092,0.213895
1122,3076599544,0.490377,-0.411533,-0.692696,-0.332182,-0.196499,0.229947,0.125358
1123,3076632878,0.490299,-0.411458,-0.692972,-0.331814,0.034508,0.216856,0.218703
1124,3076666212,0.490479,-0.411460,-0.692834,-0.331834,0.349901,0.188190,0.396818
1125,3076699546,0.491102,-0.411430,-0.692187,-0.332299,-0.033534,0.096001,0.087893
1126,3076732880,0.491340,-0.411833,-0.691423,-0.333040,-0.164191,-0.094121,-0.040895
1127,3076766214,0.491382,-0.412466,-0.690630,-0.333837,-0.025637,-0.133038,0.017236
1128,3076799548,0.491523,-0.412740,-0.690177,-0.334230,-0.021777,-0.169922,0.033218
1129,3076832882,0.491034,-0.413129,-0.690338,-0.334136,-0.073586,-0.493220,-0.285670
1130,3076866216,0.490368,-0.413629,-0.690689,-0.333768,0.303053,0.002995,0.754410
1131,3076899550,0.491222,-0.413029,-0.690624,-0.333389,0.044994,0.227624,0.117284
1132,3076932884,0.491546,-0.412939,-0.690334,-0.333623,-0.108173,0.095701,0.012782
1133,3076966218,0.491442,-0.413493,-0.689873,-0.334044,-0.123094,0.144352,0.049790
1134,3076999552,0.491606,-0.413719,-0.689586,-0.334118,-0.113265,-0.102893,-0.234365
1135,3077032886,0.491173,-0.414235,-0.689557,-0.334173,0.058856,-0.083905,0.527809
1136,3077066220,0.491660,-0.414240,-0.688997,-0.334608,0.289515,0.079296,0.303757
1137,3077099554,0.492371,-0.414148,-0.688222,-0.335268,-0.176374,0.004390,0.058789
1138,3077132888,0.492424,-0.414930,-0.687125,-0.336473,-0.100715,0.044155,0.056645
1139,3077166222,0.493184,-0.414915,-0.686252,-0.337158,-0.082534,0.025361,0.129313
1140,3077199556,0.494045,-0.414498,-0.685586,-0.337766,-0.082361,-0.061823,-0.021072
1141,3077232890,0.494185,-0.414738,-0.684987,-0.338480,0.155504,-0.144969,-0.043925
1142,3077266224,0.494160,-0.415142,-0.684658,-0.338688,0.139150,-0.072183,0.243958
1143,3077299558,0.494319,-0.415272,-0.684360,-0.338897,-0.013227,-0.127530,0.134915
1144,3077332892,0.494433,-0.415432,-0.684024,-0.339213,0.069607,-0.024227,0.281138
1145,3077366226,0.494922,-0.415233,-0.683813,-0.339170,0.019783,0.171315,0.259880
1146,3077399560,0.495856,-0.414355,-0.683848,-0.338808,-0.214676,0.223582,-0.033548
1147,3077432894,0.496351,-0.413667,-0.684049,-0.338518,-0.185873,-0.001614,0.046462
1148,3077466228,0.496863,-0.412927,-0.684400,-0.337961,-0.339628,0.048141,0.179012
1149,3077499562,0.497610,-0.412093,-0.684592,-0.337490,-0.191610,-0.022329,0.183651
1150,3077532896,0.498026,-0.411674,-0.684378,-0.337822,0.071948,-0.013863,0.064755
1151,3077566230,0.498189,-0.411512,-0.684239,-0.338061,0.108272,-0.164089,0.023305
1152,3077599564,0.498162,-0.411705,-0.683926,-0.338499,0.085548,0.018105,0.341620
1153,3077632898,0.498541,-0.411986,-0.683123,-0.339220,0.057539,0.044544,0.046263
1154,3077666232,0.498396,-0.412878,-0.682096,-0.340413,0.233114,0.039470,0.103988
1155,3077699566,0.498123,-0.413884,-0.681138,-0.341507,0.051168,-0.010806,0.199137
1156,3077732900,0.498296,-0.414508,-0.680138,-0.342489,-0.282576,0.073359,0.153575
1157,3077766234,0.498358,-0.415318,-0.678910,-0.343852,-0.026729,0.300180,0.138956
1158,3077799568,0.498324,-0.416148,-0.677789,-0.345106,-0.038512,0.201122,0.121644
1159,3077832902,0.498284,-0.416828,-0.676810,-0.346262,-0.153929,-0.163438,0.017429
1160,3077866236,0.498465,-0.417077,-0.676209,-0.346877,-0.151976,-0.188902,0.241480
1161,3077899570,0.499068,-0.416597,-0.676201,-0.346601,-0.031563,-0.113718,0.044306
1162,3077932904,0.499564,-0.416150,-0.676213,-0.346400,0.049997,0.119212,0.120245
1163,3077966238,0.499846,-0.416006,-0.676023,-0.346538,0.047007,0.147863,0.209125
1164,3077999572,0.500355,-0.415789,-0.675650,-0.346791,0.026793,0.059552,0.154804
1165,3078032906,0.500756,-0.415956,-0.674863,-0.347542,0.144829,0.081412,0.084823
1166,3078066240,0.500677,-0.416768,-0.673953,-0.348448,0.117441,0.067126,0.012752
1167,3078099574,0.500298,-0.417795,-0.673286,-0.349052,-0.101005,0.045540,0.168222
1168,3078132908,0.500209,-0.418516,-0.672627,-0.349586,-0.197234,0.052927,0.278397
1169,3078166242,0.500389,-0.419144,-0.671663,-0.350430,-0.151674,0.098183,0.129010
1170,3078199576,0.500429,-0.419971,-0.670651,-0.351319,0.105047,0.086621,0.038278
1171,3078232910,0.500365,-0.420689,-0.669846,-0.352086,0.028247,-0.040024,0.085830
1172,3078266244,0.500284,-0.420981,-0.669565,-0.352386,-0.299962,-0.214676,-0.020527
1173,3078299578,0.500098,-0.421105,-0.669815,-0.352027,-0.336216,-0.203414,0.033218
1174,3078332912,0.499721,-0.421257,-0.670370,-0.351324,-0.175506,0.083615,0.147126
1175,3078366246,0.499441,-0.421183,-0.671074,-0.350466,-0.015476,0.220554,0.233407
1176,3078399580,0.499382,-0.420928,-0.671535,-0.349972,-0.056264,0.287300,0.217155
1177,3078432914,0.499427,-0.420738,-0.671730,-0.349762,-0.050934,0.135986,0.155539
1178,3078466248,0.499364,-0.420773,-0.671798,-0.349678,0.005569,0.019628,0.076642
1179,3078499582,0.499178,-0.420898,-0.671908,-0.349584,0.055471,-0.054004,0.127185
1180,3078532916,0.499112,-0.420911,-0.672030,-0.349427,-0.012454,-0.016561,0.204200
1181,3078566250,0.499114,-0.420979,-0.672048,-0.349307,-0.010488,0.055926,0.136830
1182,3078599584,0.499077,-0.421080,-0.672076,-0.349185,-0.069254,0.049095,0.139503
1183,3078632918,0.499150,-0.420992,-0.672192,-0.348963,-0.196867,0.026465,0.135698
1184,3078666252,0.499246,-0.420841,-0.672327,-0.348749,-0.158301,0.023410,0.121810
1185,3078699586,0.499393,-0.420543,-0.672570,-0.348428,-0.090741,-0.041376,0.060259
1186,3078732920,0.499335,-0.420251,-0.672984,-0.348065,-0.014359,-0.073339,0.108707
1187,3078766254,0.499401,-0.419842,-0.673437,-0.347586,0.072469,-0.061704,0.159892
1188,3078799588,0.499582,-0.419488,-0.673682,-0.347279,0.088898,0.021656,0.233538
1189,3078832922,0.499751,-0.419319,-0.673680,-0.347243,0.011482,-0.001667,0.128584
1190,3078866256,0.499931,-0.419129,-0.673674,-0.347226,-0.023238,-0.025495,0.031233
1191,3078899590,0.500087,-0.418780,-0.673967,-0.346853,-0.109197,-0.068202,0.109422
1192,3078932924,0.500336,-0.418360,-0.674258,-0.346434,-0.114136,-0.048291,0.110674
1193,3078966258,0.500485,-0.418147,-0.674337,-0.346324,0.009080,-0.036116,0.160264
1194,3078999592,0.500655,-0.417926,-0.674381,-0.346258,0.187573,0.017320,0.155433
1195,3079032926,0.500771,-0.417686,-0.674452,-0.346242,-0.015274,-0.044899,0.079110
1196,3079066260,0.500870,-0.417471,-0.674609,-0.346053,-0.160999,-0.060718,0.095167
1197,3079099594,0.500904,-0.417397,-0.674822,-0.345678,-0.041826,0.023143,0.118593
1198,3079132928,0.500771,-0.417404,-0.675019,-0.345476,0.069990,0.111779,0.219049
1199,3079166262,0.500866,-0.417269,-0.675064,-0.345413,0.014097,0.170455,0.197581
1200,3079199596,0.500932,-0.417394,-0.674796,-0.345692,0.037402,0.086200,0.080148
1201,3079232930,0.500866,-0.417710,-0.674473,-0.346036,0.035793,0.008102,0.102421
1202,3079266264,0.500824,-0.417891,-0.674363,-0.346093,-0.118604,-0.030399,0.119703
1203,3079299598,0.500882,-0.417954,-0.674330,-0.345996,-0.160350,0.076018,0.116913
1204,3079332932,0.500760,-0.418190,-0.674286,-0.345974,-0.062267,0.131953,0.132960
1205,3079366266,0.500651,-0.418402,-0.674251,-0.345944,-0.040164,0.096425,0.156163
1206,3079399600,0.500642,-0.418499,-0.674219,-0.345900,-0.046283,0.002130,0.107949
1207,3079432934,0.500486,-0.418723,-0.674172,-0.345947,-0.046880,-0.065844,0.094447
1208,3079466268,0.500225,-0.419053,-0.674120,-0.346026,-0.022190,0.044783,0.152386
1209,3079499602,0.500099,-0.419253,-0.674100,-0.346005,-0.067113,0.078601,0.139945
1210,3079532936,0.499951,-0.419476,-0.674068,-0.346012,-0.100337,0.016461,0.124472
1211,3079566270,0.499737,-0.419763,-0.674040,-0.346025,-0.060515,-0.010272,0.123339
1212,3079599604,0.499546,-0.419988,-0.674054,-0.346001,-0.033910,0.003797,0.120195
1213,3079632938,0.499318,-0.420239,-0.674051,-0.346030,-0.057766,0.031311,0.117148
1214,3079666272,0.499059,-0.420502,-0.674102,-0.345986,-0.049741,0.051414,0.133925
1215,3079699606,0.498785,-0.420779,-0.674144,-0.345964,-0.043523,0.052839,0.129789
1216,3079732940,0.498454,-0.421132,-0.674108,-0.346082,-0.070111,0.059066,0.099216
1217,3079766274,0.498131,-0.421491,-0.674096,-0.346133,-0.069747,0.006502,0.177078
1218,3079799608,0.497903,-0.421737,-0.674089,-0.346173,-0.025641,0.035456,0.121813
1219,3079832942,0.497677,-0.421991,-0.674002,-0.346360,-0.011903,0.003829,0.127943
1220,3079866276,0.497360,-0.422440,-0.673761,-0.346736,0.040239,-0.011608,0.149370
1221,3079899610,0.497085,-0.422893,-0.673510,-0.347065,0.022158,-0.045064,0.073327
1222,3079932944,0.496775,-0.423232,-0.673419,-0.347273,-0.026859,-0.107156,0.087385
1223,3079966278,0.496526,-0.423428,-0.673513,-0.347206,-0.097779,-0.089184,0.106731
1224,3079999612,0.496324,-0.423498,-0.673751,-0.346950,-0.057860,0.028080,0.095783
1225,3080032946,0.495993,-0.423589,-0.674079,-0.346675,-0.098819,0.086313,0.128042
1226,3080066280,0.495795,-0.423472,-0.674506,-0.346271,-0.121137,0.070905,0.159700
1227,3080099614,0.495684,-0.423220,-0.674989,-0.345796,-0.085451,0.005125,0.135977
1228,3080132948,0.495550,-0.422978,-0.675489,-0.345306,-0.029405,-0.026858,0.099231
1229,3080166282,0.495364,-0.422699,-0.676072,-0.344774,-0.008701,0.003357,0.118404
1230,3080199616,0.495217,-0.422413,-0.676687,-0.344129,-0.086173,0.018333,0.142578
1231,3080232950,0.495140,-0.422185,-0.677159,-0.343589,-0.072366,0.148266,0.183648
1232,3080266284,0.494996,-0.422175,-0.677428,-0.343279,0.009600,0.104579,0.132112
1233,3080299618,0.494832,-0.422218,-0.677650,-0.343024,0.012493,-0.005096,0.124956
1234,3080332952,0.494835,-0.421944,-0.678090,-0.342488,-0.066295,-0.063905,0.125729
1235,3080366286,0.494931,-0.421692,-0.678489,-0.341867,-0.036205,-0.067724,0.091783
1236,3080399620,0.494916,-0.421458,-0.678962,-0.341239,0.060321,0.000134,0.081136
1237,3080432954,0.495062,-0.420962,-0.679657,-0.340256,-0.005039,-0.064712,0.151848
1238,3080466288,0.495347,-0.420253,-0.680433,-0.339163,-0.012349,-0.041134,0.094361
1239,3080499622,0.495395,-0.419692,-0.681204,-0.338240,-0.013741,-0.014663,0.094236
1240,3080532956,0.495590,-0.418934,-0.682113,-0.337059,-0.007703,0.008479,0.151973
1241,3080566290,0.495741,-0.418251,-0.682942,-0.336005,-0.042810,0.015784,0.124167
1242,3080599624,0.495783,-0.417675,-0.683706,-0.335106,-0.040591,-0.002660,0.113555
1243,3080632958,0.495871,-0.417063,-0.684446,-0.334226,-0.011893,0.032326,0.127846
1244,3080666292,0.495917,-0.416564,-0.685086,-0.333467,-0.041131,0.056248,0.126225
1245,3080699626,0.495929,-0.416176,-0.685634,-0.332807,-0.049085,0.032826,0.126642
1246,3080732960,0.495958,-0.415836,-0.686105,-0.332218,0.020054,0.037557,0.116554
1247,3080766294,0.495977,-0.415545,-0.686543,-0.331649,0.019153,-0.051693,0.133375
1248,3080799628,0.495971,-0.415348,-0.686882,-0.331200,-0.017601,-0.046755,0.127327
1249,3080832962,0.495978,-0.415173,-0.687211,-0.330728,-0.049406,0.024305,0.116485
1250,3080866296,0.495984,-0.414996,-0.687540,-0.330256,-0.107562,0.033830,0.134602
1251,3080899630,0.496031,-0.414786,-0.687874,-0.329754,-0.131743,0.024541,0.130953
1252,3080932964,0.496075,-0.414581,-0.688131,-0.329410,-0.150409,0.102089,0.175113
1253,3080966298,0.496291,-0.414213,-0.688430,-0.328922,-0.073551,0.027691,0.170116
1254,3080999632,0.496537,-0.413837,-0.688633,-0.328599,-0.012218,0.055983,0.127052
1255,3081032966,0.496810,-0.413485,-0.688736,-0.328413,-0.011035,0.023278,0.149886
1256,3081066300,0.497054,-0.413253,-0.688705,-0.328401,-0.010458,0.041220,0.127506
1257,3081099634,0.497239,-0.413171,-0.688595,-0.328453,-0.027141,0.025455,0.097803
1258,3081132968,0.497236,-0.413234,-0.688447,-0.328689,0.001263,0.026630,0.106144
1259,3081166302,0.497256,-0.413177,-0.688414,-0.328801,-0.071181,-0.003166,0.157723
1260,3081199636,0.497371,-0.412988,-0.688450,-0.328787,-0.039067,-0.032095,0.109291
1261,3081232970,0.497354,-0.412877,-0.688536,-0.328773,-0.003844,-0.040284,0.101007
1262,3081266304,0.497339,-0.412721,-0.688669,-0.328715,0.040065,-0.043427,0.108309
1263,3081299638,0.497315,-0.412583,-0.688808,-0.328631,0.031246,-0.044562,0.118457
1264,3081332972,0.497261,-0.412525,-0.688892,-0.328610,0.034162,-0.017430,0.151430
1265,3081366306,0.497247,-0.412509,-0.688899,-0.328638,0.040397,0.014844,0.135403
1266,3081399640,0.497247,-0.412572,-0.688814,-0.328737,0.047561,0.008035,0.133846
1267,3081432974,0.497164,-0.412727,-0.688720,-0.328865,0.021943,-0.000785,0.088381
1268,3081466308,0.497007,-0.412943,-0.688638,-0.329002,0.133986,-0.002745,0.153689
1269,3081499642,0.497038,-0.413067,-0.688501,-0.329084,0.061078,0.015316,0.178189
1270,3081532976,0.497172,-0.413194,-0.688302,-0.329141,-0.069401,0.039010,0.115611
1271,3081566310,0.497088,-0.413518,-0.688054,-0.329380,-0.120230,0.130625,0.132999
1272,3081599644,0.497187,-0.413623,-0.687915,-0.329389,-0.133381,0.055819,0.136006
1273,3081632978,0.497361,-0.413559,-0.687865,-0.329310,-0.141922,-0.035492,0.037680
1274,3081666312,0.497378,-0.413392,-0.688085,-0.329034,-0.080557,-0.106756,0.160601
1275,3081699646,0.497601,-0.412895,-0.688442,-0.328575,0.038725,-0.074025,0.122732
1276,3081732980,0.497870,-0.412415,-0.688748,-0.328128,0.225375,-0.045252,0.120703
1277,3081766314,0.498149,-0.411991,-0.689029,-0.327647,0.133059,-0.005929,0.228905
1278,3081799648,0.498551,-0.411539,-0.689212,-0.327218,-0.179872,0.043987,0.080763
1279,3081832982,0.498643,-0.411450,-0.689300,-0.327006,-0.176842,0.144682,0.125493
1280,3081866316,0.498902,-0.411266,-0.689351,-0.326733,-0.194475,0.140090,0.151905
1281,3081899650,0.499068,-0.411035,-0.689428,-0.326607,-0.090163,0.029254,0.105873
1282,3081932984,0.499131,-0.410688,-0.689659,-0.326460,-0.071645,-0.080878,0.130594
1283,3081966318,0.499285,-0.410276,-0.689826,-0.326392,-0.090515,-0.048653,0.213843
1284,3081999652,0.499562,-0.409850,-0.689861,-0.326428,-0.051622,0.107750,0.122037
1285,3082032986,0.499734,-0.409516,-0.689915,-0.326469,-0.049352,0.133015,0.104722
1286,3082066320,0.499932,-0.409024,-0.690123,-0.326345,-0.181616,0.048688,0.115430
1287,3082099654,0.500264,-0.408246,-0.690505,-0.326000,-0.250124,0.004597,0.185159
1288,3082132988,0.500714,-0.407215,-0.691061,-0.325421,-0.215035,-0.076420,0.064948
1289,3082166322,0.501137,-0.406182,-0.691575,-0.324967,0.136399,-0.040894,0.159164
1290,3082199656,0.501787,-0.404935,-0.692078,-0.324450,0.206859,-0.071467,0.129874
1291,3082232990,0.502400,-0.403721,-0.692508,-0.324097,0.093328,-0.259527,0.079605
1292,3082266324,0.502816,-0.402833,-0.692721,-0.324102,0.088920,-0.095928,0.089151
1293,3082299658,0.503219,-0.402123,-0.692896,-0.323983,0.079374,-0.072281,0.094725
1294,3082332992,0.503443,-0.401683,-0.693001,-0.323957,0.003748,0.015588,0.158786
1295,3082366326,0.503670,-0.401473,-0.692825,-0.324240,0.010386,0.082401,0.167585
1296,3082399660,0.503850,-0.401624,-0.692310,-0.324875,-0.045708,0.099698,0.092022
1297,3082432994,0.503815,-0.401948,-0.691785,-0.325644,-0.067053,-0.048633,0.072275
1298,3082466328,0.503836,-0.402037,-0.691425,-0.326266,-0.090750,-0.076825,0.147111
1299,3082499662,0.503906,-0.402041,-0.691065,-0.326914,0.007868,-0.028888,0.069953
1300,3082532996,0.503732,-0.402136,-0.690860,-0.327501,-0.039925,-0.009351,0.079823
1301,3082566330,0.503430,-0.402166,-0.690931,-0.327777,-0.090222,0.071348,0.110139
1302,3082599664,0.503219,-0.401923,-0.691293,-0.327636,-0.121691,0.178632,0.104736
1303,3082632998,0.502945,-0.401692,-0.691775,-0.327322,-0.136365,0.194850,0.125348
1304,3082666332,0.502603,-0.401643,-0.692122,-0.327174,-0.091515,0.194500,0.191170
1305,3082699666,0.502384,-0.401550,-0.692407,-0.327022,-0.016920,0.219904,0.188604
1306,3082733000,0.502245,-0.401365,-0.692686,-0.326872,-0.039911,0.127783,0.161132
1307,3082766334,0.502138,-0.401181,-0.692946,-0.326709,-0.049699,0.024193,0.120978
1308,3082799668,0.501973,-0.401125,-0.693168,-0.326559,0.040423,0.017629,0.094276
1309,3082833002,0.501629,-0.401330,-0.693285,-0.326591,0.057226,0.039398,0.085155
1310,3082866336,0.501210,-0.401607,-0.693401,-0.326646,0.042958,-0.008944,0.111507
1311,3082899670,0.500833,-0.401772,-0.693564,-0.326675,0.003142,0.008726,0.162314
1312,3082933004,0.500539,-0.401844,-0.693730,-0.326684,-0.000753,-0.020213,0.132609
1313,3082966338,0.500297,-0.402055,-0.693751,-0.326750,-0.025923,0.016175,0.135206
1314,3082999672,0.500012,-0.402440,-0.693620,-0.326991,0.072305,0.150565,0.146265
1315,3083033006,0.499741,-0.402835,-0.693490,-0.327197,0.051896,0.056395,0.107807
1316,3083066340,0.499609,-0.403058,-0.693473,-0.327160,-0.022255,-0.114676,0.117345
1317,3083099674,0.499566,-0.403200,-0.693492,-0.327009,-0.061538,-0.034144,0.142494
1318,3083133008,0.499427,-0.403339,-0.693554,-0.326918,-0.002474,0.050326,0.103918
1319,3083166342,0.499248,-0.403436,-0.693716,-0.326728,-0.038847,0.022214,0.099434
1320,3083199676,0.499105,-0.403465,-0.693938,-0.326439,-0.041606,-0.048767,0.130249
1321,3083233010,0.498912,-0.403554,-0.694144,-0.326186,-0.039417,-0.022162,0.116427
1322,3083266344,0.498651,-0.403715,-0.694326,-0.325999,-0.002751,0.019573,0.137223
1323,3083299678,0.498459,-0.403845,-0.694507,-0.325746,-0.031863,0.067596,0.166354
1324,3083333012,0.498284,-0.403978,-0.694640,-0.325565,-0.078190,0.084160,0.143974
1325,3083366346,0.498102,-0.404132,-0.694742,-0.325435,-0.070184,0.034959,0.118721
1326,3083399680,0.497916,-0.404287,-0.694827,-0.325346,-0.064511,0.039969,0.154945
1327,3083433014,0.497759,-0.404463,-0.694840,-0.325338,-0.001420,0.051350,0.155084
1328,3083466348,0.497635,-0.404619,-0.694808,-0.325403,-0.061816,0.058884,0.121925
1329,3083499682,0.497452,-0.404831,-0.694709,-0.325630,-0.073526,0.020113,0.151990
1330,3083533016,0.497302,-0.405051,-0.694580,-0.325862,-0.059258,0.001327,0.122491
1331,3083566350,0.497125,-0.405308,-0.694428,-0.326135,-0.026409,-0.045259,0.114145
1332,3083599684,0.496945,-0.405623,-0.694214,-0.326474,-0.028011,-0.015464,0.130592
1333,3083633018,0.496765,-0.406061,-0.693860,-0.326955,0.013112,0.016562,0.162248
1334,3083666352,0.496647,-0.406469,-0.693419,-0.327563,0.055094,0.057126,0.112037
1335,3083699686,0.496546,-0.406840,-0.693032,-0.328073,0.033496,-0.043973,0.124692
1336,3083733020,0.496428,-0.407216,-0.692672,-0.328545,0.030971,-0.074557,0.097259
1337,3083766354,0.496222,-0.407589,-0.692424,-0.328916,-0.001599,-0.075269,0.077173
1338,3083799688,0.495986,-0.407881,-0.692361,-0.329044,-0.009268,-0.076923,0.106259
1339,3083833022,0.495844,-0.407957,-0.692477,-0.328920,-0.011380,-0.034971,0.145397
1340,3083866356,0.495781,-0.407887,-0.692635,-0.328768,0.015848,0.010685,0.116538
1341,3083899690,0.495736,-0.407744,-0.692921,-0.328409,-0.032255,-0.055701,0.113338
1342,3083933024,0.495638,-0.407696,-0.693090,-0.328262,-0.019906,0.024459,0.122685
1343,3083966358,0.495597,-0.407584,-0.693259,-0.328105,-0.013924,0.074261,0.140841
1344,3083999692,0.495614,-0.407494,-0.693384,-0.327926,-0.039043,0.025011,0.133122
1345,3084033026,0.495585,-0.407505,-0.693411,-0.327900,-0.013830,0.026166,0.145509
1346,3084066360,0.495544,-0.407558,-0.693369,-0.327986,-0.009653,0.032679,0.114092
1347,3084099694,0.495542,-0.407524,-0.693415,-0.327932,-0.039334,-0.026175,0.138105
1348,3084133028,0.495598,-0.407530,-0.693390,-0.327894,-0.004427,0.001158,0.142672
1349,3084166362,0.495636,-0.407555,-0.693317,-0.327960,0.002101,0.049639,0.133845
1350,3084199696,0.495694,-0.407589,-0.693253,-0.327965,-0.020312,0.023006,0.087250
1351,3084233030,0.495752,-0.407570,-0.693269,-0.327866,-0.050357,-0.048730,0.147326
1352,3084266364,0.495879,-0.407527,-0.693228,-0.327816,-0.033212,0.042735,0.138027
1353,3084299698,0.495996,-0.407437,-0.693197,-0.327815,-0.037109,0.056573,0.131655
1354,3084333032,0.496046,-0.407446,-0.693148,-0.327834,-0.058991,0.005925,0.136505
1355,3084366366,0.496162,-0.407332,-0.693175,-0.327741,-0.048107,-0.035483,0.137153
1356,3084399700,0.496351,-0.407051,-0.693267,-0.327610,-0.011211,-0.016095,0.110069
1357,3084433034,0.496579,-0.406695,-0.693402,-0.327422,-0.015807,-0.064348,0.114433
1358,3084466368,0.496805,-0.406350,-0.693562,-0.327167,-0.014728,-0.029748,0.133629
1359,3084499702,0.496935,-0.406212,-0.693579,-0.327105,0.012429,0.014189,0.125547
1360,3084533036,0.497121,-0.405982,-0.693612,-0.327038,-0.000595,-0.017874,0.147805
1361,3084566370,0.497353,-0.405746,-0.693617,-0.326966,-0.008961,-0.008356,0.132035
1362,3084599704,0.497565,-0.405628,-0.693506,-0.327027,0.008374,-0.039608,0.145722
1363,3084633038,0.497772,-0.405494,-0.693422,-0.327056,0.022440,-0.040304,0.125327
1364,3084666372,0.497927,-0.405481,-0.693274,-0.327152,0.021904,-0.045796,0.115498
1365,3084699706,0.498091,-0.405449,-0.693118,-0.327271,0.048305,-0.049004,0.139968
1366,3084733040,0.498299,-0.405464,-0.692905,-0.327387,0.011938,0.006582,0.120348
1367,3084766374,0.498482,-0.405519,-0.692644,-0.327591,0.070354,0.036072,0.135796
1368,3084799708,0.498658,-0.405584,-0.692371,-0.327820,0.022142,0.019096,0.116733
1369,3084833042,0.498789,-0.405758,-0.692043,-0.328098,0.016157,-0.027938,0.123928
1370,3084866376,0.498932,-0.405884,-0.691752,-0.328339,0.025137,0.002555,0.127736
1371,3084899710,0.499045,-0.405992,-0.691459,-0.328650,0.013859,0.014560,0.129527
1372,3084933044,0.499178,-0.406135,-0.691125,-0.328975,0.012998,0.039768,0.132995
1373,3084966378,0.499317,-0.406352,-0.690740,-0.329306,-0.069965,0.012503,0.114116
1374,3084999712,0.499490,-0.406486,-0.690381,-0.329629,-0.085420,0.010159,0.158048
1375,3085033046,0.499873,-0.406400,-0.690105,-0.329732,-0.043439,0.035705,0.151405
1376,3085066380,0.500233,-0.406360,-0.689738,-0.330004,0.001504,0.041434,0.103944
1377,3085099714,0.500457,-0.406447,-0.689348,-0.330373,-0.024124,-0.000153,0.144608
1378,3085133048,0.500788,-0.406422,-0.688973,-0.330683,-0.102609,0.038372,0.134888
1379,3085166382,0.501088,-0.406415,-0.688572,-0.331071,-0.138764,0.004662,0.167119
1380,3085199716,0.501534,-0.406187,-0.688269,-0.331307,-0.027464,-0.009080,0.090332
1381,3085233050,0.501953,-0.406014,-0.687945,-0.331556,0.060161,-0.051822,0.106631
1382,3085266384,0.502349,-0.405882,-0.687613,-0.331806,-0.013045,-0.109381,0.094622
1383,3085299718,0.502852,-0.405548,-0.687486,-0.331717,0.056634,-0.099951,0.043335
1384,3085333052,0.503198,-0.405140,-0.687627,-0.331397,0.027757,-0.151631,0.054116
1385,3085366386,0.503417,-0.404702,-0.687986,-0.330856,-0.074423,-0.121549,0.119607
1386,3085399720,0.503540,-0.404367,-0.688366,-0.330287,-0.044780,0.041059,0.122706
1387,3085433054,0.503618,-0.404130,-0.688681,-0.329802,-0.047986,0.147399,0.185566
1388,3085466388,0.503733,-0.404046,-0.688768,-0.329548,-0.100873,0.192066,0.179782
1389,3085499722,0.503878,-0.404062,-0.688640,-0.329574,-0.075845,0.216276,0.206344
1390,3085533056,0.504223,-0.403834,-0.688545,-0.329523,-0.065329,0.190591,0.168029
1391,3085566390,0.504469,-0.403933,-0.688163,-0.329824,-0.064606,0.113118,0.172263
1392,3085599724,0.504863,-0.403866,-0.687877,-0.329899,-0.047354,0.097310,0.141597
1393,3085633058,0.505409,-0.403514,-0.687746,-0.329766,-0.031496,0.129434,0.144204
1394,3085666392,0.505827,-0.403348,-0.687480,-0.329885,-0.047336,0.037818,0.140844
1395,3085699726,0.506511,-0.402749,-0.687439,-0.329652,-0.090122,-0.078068,0.110269
1396,3085733060,0.507128,-0.402214,-0.687417,-0.329403,0.020609,-0.080625,0.074600
1397,3085766394,0.507694,-0.401564,-0.687607,-0.328926,0.018217,-0.164013,0.060538
1398,3085799728,0.508196,-0.400797,-0.688022,-0.328219,-0.048251,-0.175179,0.092715
1399,3085833062,0.508788,-0.399799,-0.688604,-0.327296,-0.040616,-0.050351,0.122587
1400,3085866396,0.509005,-0.399328,-0.688910,-0.326888,0.041990,0.141470,0.137359
1401,3085899730,0.509242,-0.399014,-0.689060,-0.326587,-0.044860,0.175282,0.137133
1402,3085933064,0.509529,-0.398757,-0.689091,-0.326388,-0.123018,0.096698,0.148549
1403,3085966398,0.509822,-0.398457,-0.689151,-0.326170,-0.051306,-0.027631,0.113936
1404,3085999732,0.510054,-0.398222,-0.689219,-0.325952,0.055929,-0.048796,0.071861
1405,3086033066,0.510155,-0.398061,-0.689414,-0.325576,0.043457,-0.191378,0.040251
1406,3086066400,0.510219,-0.397937,-0.689613,-0.325206,0.037079,-0.106146,0.123544
1407,3086099734,0.510277,-0.397667,-0.689951,-0.324729,0.038151,-0.097812,0.079895
1408,3086133068,0.510349,-0.397283,-0.690385,-0.324161,-0.029638,-0.053212,0.153550
1409,3086166402,0.510347,-0.396981,-0.690785,-0.323683,-0.046684,0.069350,0.152658
1410,3086199736,0.510449,-0.396597,-0.691091,-0.323339,-0.027483,0.080818,0.155645
1411,3086233070,0.510468,-0.396289,-0.691370,-0.323090,-0.113481,0.067021,0.143596
1412,3086266404,0.510584,-0.395937,-0.691607,-0.322833,-0.123183,0.000922,0.137362
1413,3086299738,0.510732,-0.395551,-0.691792,-0.322674,-0.047837,-0.020939,0.120612
1414,3086333072,0.510766,-0.395170,-0.692063,-0.322507,-0.016942,-0.067329,0.116422
1415,3086366406,0.510882,-0.394600,-0.692476,-0.322134,-0.066753,-0.051333,0.120779
1416,3086399740,0.510954,-0.394122,-0.692840,-0.321822,-0.072401,0.019176,0.105324
1417,3086433074,0.510806,-0.394021,-0.693028,-0.321775,-0.037676,0.085148,0.157136
1418,3086466408,0.510620,-0.394036,-0.693125,-0.321843,-0.072450,0.131878,0.157740
1419,3086499742,0.510512,-0.394076,-0.693093,-0.322034,-0.112263,0.174065,0.175102
1420,3086533076,0.510317,-0.394342,-0.692869,-0.322501,-0.092275,0.130958,0.165133
1421,3086566410,0.510076,-0.394739,-0.692522,-0.323140,-0.077496,0.086511,0.114770
1422,3086599744,0.509816,-0.395175,-0.692132,-0.323850,-0.077100,0.070549,0.150231
1423,3086633078,0.509508,-0.395679,-0.691694,-0.324657,-0.070271,0.108464,0.142723
1424,3086666412,0.509196,-0.396197,-0.691270,-0.325415,-0.091101,0.103337,0.133146
1425,3086699746,0.508922,-0.396661,-0.690902,-0.326062,-0.038411,0.069067,0.134169
1426,3086733080,0.508704,-0.396987,-0.690625,-0.326588,-0.030559,-0.001799,0.106158
1427,3086766414,0.508286,-0.397449,-0.690380,-0.327196,-0.017002,-0.048990,0.120384
1428,3086799748,0.507890,-0.397835,-0.690233,-0.327651,-0.010648,-0.060429,0.115518
1429,3086833082,0.507472,-0.398227,-0.690067,-0.328173,0.055844,-0.031156,0.110022
1430,3086866416,0.506882,-0.398846,-0.689799,-0.328895,-0.021055,-0.039454,0.124488
1431,3086899750,0.506373,-0.399428,-0.689525,-0.329548,-0.051677,0.000878,0.149522
1432,3086933084,0.505987,-0.399946,-0.689190,-0.330212,0.020029,0.109545,0.144762
1433,3086966418,0.505646,-0.400376,-0.688903,-0.330811,0.046374,0.075693,0.103338
1434,3086999752,0.505097,-0.401159,-0.688453,-0.331637,-0.017535,-0.001364,0.132025
1435,3087033086,0.504579,-0.401980,-0.687988,-0.332395,-0.006292,0.028472,0.166926
1436,3087066420,0.504080,-0.402707,-0.687572,-0.333133,0.020916,0.082411,0.100145
1437,3087099754,0.503630,-0.403280,-0.687291,-0.333701,0.004188,0.010549,0.128900
1438,3087133088,0.503245,-0.403848,-0.687036,-0.334119,-0.011036,0.054893,0.139448
1439,3087166422,0.502816,-0.404420,-0.686803,-0.334551,-0.008300,0.056844,0.121124
1440,3087199756,0.502303,-0.405159,-0.686494,-0.335062,-0.075363,0.040854,0.127697
1441,3087233090,0.502114,-0.405333,-0.686529,-0.335064,0.008260,0.016585,0.125610
1442,3087266424,0.501817,-0.405573,-0.686599,-0.335074,0.009565,-0.068001,0.120086
1443,3087299758,0.501690,-0.405453,-0.686925,-0.334740,0.028143,-0.069230,0.121614
1444,3087333092,0.501413,-0.405589,-0.687114,-0.334602,0.073126,-0.027869,0.098714
1445,3087366426,0.501046,-0.405830,-0.687233,-0.334617,-0.000216,0.010193,0.147531
1446,3087399760,0.500838,-0.406120,-0.687278,-0.334483,-0.031475,-0.028087,0.142341
1447,3087433094,0.500710,-0.406468,-0.687119,-0.334579,-0.013554,0.064239,0.140129
1448,3087466428,0.500771,-0.406329,-0.687249,-0.334388,0.048627,0.059244,0.144091
1449,3087499762,0.500819,-0.406345,-0.687227,-0.334342,-0.051670,-0.000753,0.108720
1450,3087533096,0.500747,-0.406558,-0.687112,-0.334428,-0.042427,0.008327,0.110555
1451,3087566430,0.500548,-0.406940,-0.686967,-0.334559,-0.066553,-0.008083,0.131804
1452,3087599764,0.500405,-0.407237,-0.686881,-0.334590,-0.057453,0.008790,0.145992
1453,3087633098,0.500295,-0.407441,-0.686823,-0.334624,-0.050431,0.088268,0.143906
1454,3087666432,0.500206,-0.407661,-0.686687,-0.334769,-0.017006,0.139376,0.157574
1455,3087699766,0.500250,-0.407855,-0.686400,-0.335055,-0.068435,0.092574,0.181518
1456,3087733100,0.500398,-0.407971,-0.686069,-0.335370,-0.045755,0.020013,0.123100
1457,3087766434,0.500592,-0.407996,-0.685764,-0.335673,0.033777,-0.087857,0.115196
1458,3087799768,0.500760,-0.407925,-0.685612,-0.335819,0.113699,-0.160583,0.103184
1459,3087833102,0.500729,-0.407963,-0.685586,-0.335873,0.134609,-0.232704,0.035825
1460,3087866436,0.500546,-0.408065,-0.685742,-0.335704,0.037280,-0.251133,0.117064
1461,3087899770,0.500386,-0.408150,-0.685925,-0.335465,0.041721,-0.082034,0.083372
1462,3087933104,0.500172,-0.408343,-0.686041,-0.335312,-0.064536,-0.027670,0.159869
1463,3087966438,0.500072,-0.408520,-0.686062,-0.335203,-0.013915,0.014392,0.163243
1464,3087999772,0.499964,-0.408731,-0.685942,-0.335351,-0.101476,0.003421,0.100379
1465,3088033106,0.499809,-0.408900,-0.685928,-0.335406,-0.148784,-0.036544,0.109948
1466,3088066440,0.499691,-0.409056,-0.685926,-0.335395,-0.029769,0.013176,0.146064
1467,3088099774,0.499804,-0.408883,-0.686024,-0.335237,0.083887,0.155311,0.203594
1468,3088133108,0.499839,-0.408896,-0.685949,-0.335321,0.016972,0.050432,0.147413
1469,3088166442,0.499995,-0.408717,-0.686001,-0.335203,-0.134577,0.021903,0.096556
1470,3088199776,0.500068,-0.408692,-0.685982,-0.335163,-0.114874,0.023102,0.148925
1471,3088233110,0.500309,-0.408527,-0.685831,-0.335312,0.064742,-0.000030,0.188717
1472,3088266444,0.500589,-0.408192,-0.685788,-0.335389,-0.068110,-0.130926,0.035182
1473,3088299778,0.500613,-0.407979,-0.685902,-0.335380,-0.106880,-0.200129,0.108662
1474,3088333112,0.500700,-0.407846,-0.685875,-0.335470,0.107346,0.038741,0.159324
1475,3088366446,0.500905,-0.407763,-0.685669,-0.335684,0.152917,0.074225,0.063154
1476,3088399780,0.500704,-0.408084,-0.685457,-0.336026,0.059324,-0.084842,0.129493
1477,3088433114,0.500558,-0.408413,-0.685223,-0.336323,-0.047486,-0.041817,0.102166
1478,3088466448,0.500453,-0.408633,-0.685110,-0.336441,-0.069301,0.017546,0.118457
1479,3088499782,0.500192,-0.408850,-0.685202,-0.336378,-0.071169,0.043135,0.141510
1480,3088533116,0.499956,-0.409091,-0.685229,-0.336381,-0.101037,0.159081,0.124722
1481,3088566450,0.499776,-0.409202,-0.685289,-0.336392,-0.103426,0.167709,0.174245
1482,3088599784,0.499642,-0.409184,-0.685411,-0.336365,-0.094991,0.079394,0.171349
1483,3088633118,0.499680,-0.408966,-0.685599,-0.336190,-0.109591,0.064912,0.096884
1484,3088666452,0.499553,-0.408851,-0.685863,-0.335979,-0.076763,0.043548,0.118580
1485,3088699786,0.499378,-0.408766,-0.686146,-0.335765,0.064894,0.087269,0.103426
1486,3088733120,0.499167,-0.408665,-0.686542,-0.335393,0.093517,0.104291,0.114744
1487,3088766454,0.498911,-0.408664,-0.686941,-0.334957,-0.111973,0.099784,0.222608
1488,3088799788,0.498761,-0.408762,-0.687105,-0.334724,-0.094899,0.219470,0.235079
1489,3088833122,0.498791,-0.408872,-0.687024,-0.334711,-0.079145,0.189038,0.206518
1490,3088866456,0.498663,-0.409372,-0.686548,-0.335269,-0.103130,0.019187,0.081711
1491,3088899790,0.498647,-0.409415,-0.686505,-0.335326,-0.052235,-0.304109,0.000299
1492,3088933124,0.498352,-0.409573,-0.686637,-0.335301,0.039531,-0.348899,0.025011
1493,3088966458,0.498169,-0.409448,-0.686996,-0.334991,0.092692,-0.231092,0.094354
1494,3088999792,0.497982,-0.409406,-0.687354,-0.334586,0.150240,-0.088402,0.070837
1495,3089033126,0.497660,-0.409496,-0.687653,-0.334341,0.136045,-0.030862,0.196387
1496,3089066460,0.497621,-0.409225,-0.688049,-0.333916,-0.064933,-0.026775,0.130191
1497,3089099794,0.497549,-0.409081,-0.688360,-0.333558,-0.105384,0.069490,0.138927
1498,3089133128,0.497514,-0.408960,-0.688623,-0.333215,-0.030601,0.111162,0.195306
1499,3089166462,0.497682,-0.408756,-0.688714,-0.333025,-0.004642,0.145171,0.185854
1500,3089199796,0.497816,-0.408704,-0.688607,-0.333112,-0.020262,0.018901,0.148546
1501,3089233130,0.498115,-0.408433,-0.688576,-0.333061,0.061408,-0.029137,0.105611
1502,3089266464,0.498393,-0.408120,-0.688618,-0.332944,0.066108,-0.096690,0.082612
1503,3089299798,0.498480,-0.408095,-0.688609,-0.332860,-0.024733,-0.098579,0.103027
1504,3089333132,0.498405,-0.408328,-0.688483,-0.332948,-0.011999,-0.001756,0.124458
1505,3089366466,0.498396,-0.408402,-0.688451,-0.332938,-0.059497,0.057898,0.158864
1506,3089399800,0.498485,-0.408389,-0.688436,-0.332851,-0.098918,0.061231,0.149389
1507,3089433134,0.498628,-0.408327,-0.688370,-0.332847,0.000417,0.044497,0.148004
1508,3089466468,0.498721,-0.408367,-0.688229,-0.332952,-0.003411,0.007508,0.112280
1509,3089499802,0.498784,-0.408444,-0.688075,-0.333080,-0.036328,-0.043108,0.113709
1510,3089533136,0.498931,-0.408373,-0.688045,-0.333010,-0.050520,-0.018327,0.125401
1511,3089566470,0.499040,-0.408288,-0.688013,-0.333015,-0.028020,0.003459,0.115333
1512,3089599804,0.499208,-0.408067,-0.688096,-0.332865,-0.033799,-0.022104,0.130643
1513,3089633138,0.499232,-0.408161,-0.687981,-0.332950,-0.017587,-0.009661,0.112938
1514,3089666472,0.499252,-0.408176,-0.687957,-0.332952,0.000879,-0.059677,0.129195
1515,3089699806,0.499369,-0.407962,-0.688094,-0.332756,-0.051077,-0.019593,0.119847
1516,3089733140,0.499452,-0.407848,-0.688151,-0.332652,-0.033744,0.000954,0.121320
1517,3089766474,0.499614,-0.407650,-0.688193,-0.332567,-0.004281,0.039792,0.122661
1518,3089799808,0.499598,-0.407785,-0.688040,-0.332742,0.004184,0.031116,0.136627
1519,3089833142,0.499790,-0.407554,-0.688091,-0.332629,-0.082084,0.016807,0.132212
1520,3089866476,0.500006,-0.407274,-0.688168,-0.332491,-0.017991,0.065524,0.158933
1521,3089899810,0.500255,-0.406958,-0.688220,-0.332394,0.048787,0.111175,0.140851
1522,3089933144,0.500235,-0.407127,-0.687981,-0.332711,-0.019505,0.037714,0.114995
1523,3089966478,0.500287,-0.407150,-0.687849,-0.332877,-0.046307,-0.039197,0.119007
1524,3089999812,0.500385,-0.407088,-0.687767,-0.332976,-0.029697,-0.020423,0.112283
1525,3090033146,0.500406,-0.407094,-0.687671,-0.333137,0.024911,0.005468,0.146063
1526,3090066480,0.500401,-0.407130,-0.687559,-0.333331,-0.032085,0.017292,0.113659
1527,3090099814,0.500363,-0.407254,-0.687408,-0.333546,-0.031678,0.018688,0.113345
1528,3090133148,0.500313,-0.407354,-0.687293,-0.333736,-0.054610,-0.008870,0.122329
1529,3090166482,0.500313,-0.407354,-0.687242,-0.333843,-0.006222,0.023033,0.117266
1530,3090199816,0.500267,-0.407359,-0.687239,-0.333910,-0.034589,-0.024114,0.097143
1531,3090233150,0.500203,-0.407338,-0.687312,-0.333884,-0.092689,0.000671,0.142829
1532,3090266484,0.500154,-0.407317,-0.687356,-0.333893,-0.037222,0.073455,0.115555
1533,3090299818,0.500051,-0.407377,-0.687377,-0.333928,-0.015469,0.065712,0.111782
1534,3090333152,0.499866,-0.407532,-0.687360,-0.334051,-0.035155,0.029019,0.139024
1535,3090366486,0.499692,-0.407716,-0.687302,-0.334206,-0.044181,0.078690,0.178121
1536,3090399820,0.499514,-0.407991,-0.687114,-0.334523,0.040233,0.156610,0.200299
1537,3090433154,0.499337,-0.408462,-0.686658,-0.335148,-0.029585,0.154357,0.210369
1538,3090466488,0.499369,-0.409013,-0.685824,-0.336135,-0.035764,0.150251,0.231025
1539,3090499822,0.499741,-0.409445,-0.684652,-0.337444,0.036983,0.125135,0.176473
1540,3090533156,0.500237,-0.409896,-0.683200,-0.339098,0.165858,-0.011869,0.077608
1541,3090566490,0.500582,-0.410516,-0.681681,-0.340892,0.088044,-0.191681,0.031600
1542,3090599824,0.500709,-0.411170,-0.680400,-0.342473,0.049756,-0.315213,0.033609
1543,3090633158,0.500622,-0.411662,-0.679741,-0.343317,-0.051096,-0.389039,-0.010799
1544,3090666492,0.500312,-0.412180,-0.679437,-0.343748,-0.102515,-0.240999,0.059590
1545,3090699826,0.499898,-0.412791,-0.679216,-0.344055,-0.118085,0.001318,0.110702
1546,3090733160,0.499387,-0.413442,-0.679022,-0.344400,-0.045393,0.124640,0.188397
1547,3090766494,0.499092,-0.413839,-0.678770,-0.344845,-0.134362,0.210768,0.169229
1548,3090799828,0.499024,-0.414041,-0.678406,-0.345417,-0.092578,0.080887,0.181916
1549,3090833162,0.499047,-0.414192,-0.677995,-0.346009,-0.041027,-0.012704,0.081763
1550,3090866496,0.499057,-0.414256,-0.677702,-0.346491,-0.011815,-0.089599,0.086835
1551,3090899830,0.499021,-0.414252,-0.677606,-0.346735,-0.062963,-0.094459,0.089678
1552,3090933164,0.498933,-0.414235,-0.677628,-0.346838,-0.011126,-0.016472,0.102804
1553,3090966498,0.498833,-0.414174,-0.677750,-0.346817,-0.009035,0.075990,0.135053
1554,3090999832,0.498671,-0.414171,-0.677874,-0.346813,-0.020253,0.066988,0.162228
1555,3091033166,0.498559,-0.414157,-0.677964,-0.346814,-0.047498,0.102293,0.149244
1556,3091066500,0.498463,-0.414165,-0.678013,-0.346847,0.001674,0.088403,0.142002
1557,3091099834,0.498348,-0.414210,-0.678042,-0.346903,-0.028025,0.072850,0.146239
1558,3091133168,0.498259,-0.414236,-0.678077,-0.346930,0.007173,0.069705,0.135226
1559,3091166502,0.498173,-0.414262,-0.678115,-0.346949,0.023693,0.058916,0.118217
1560,3091199836,0.498026,-0.414337,-0.678180,-0.346942,0.003910,-0.003589,0.102578
1561,3091233170,0.497923,-0.414363,-0.678333,-0.346761,-0.025645,-0.002229,0.125618
1562,3091266504,0.497798,-0.414370,-0.678516,-0.346574,-0.004657,0.001199,0.127245
1563,3091299838,0.497733,-0.414227,-0.678846,-0.346191,-0.067695,-0.005012,0.100204
1564,3091333172,0.497565,-0.414132,-0.679220,-0.345813,-0.038369,-0.015141,0.122594
1565,3091366506,0.497375,-0.413994,-0.679693,-0.345321,-0.068123,0.028926,0.149509
1566,3091399840,0.497258,-0.413756,-0.680214,-0.344749,-0.105312,0.044787,0.147894
1567,3091433174,0.497127,-0.413516,-0.680729,-0.344207,-0.054146,0.099601,0.121586
1568,3091466508,0.496940,-0.413350,-0.681165,-0.343816,-0.008578,0.120896,0.160783
1569,3091499842,0.496831,-0.413196,-0.681502,-0.343490,-0.055490,-0.001272,0.110217
1570,3091533176,0.496607,-0.413211,-0.681779,-0.343246,-0.005213,-0.034091,0.070657
1571,3091566510,0.496172,-0.413426,-0.682048,-0.343083,0.046041,-0.052409,0.145024
1572,3091599844,0.495755,-0.413694,-0.682235,-0.342990,-0.000933,0.003835,0.130578
1573,3091633178,0.495234,-0.414090,-0.682352,-0.343033,0.004066,0.010395,0.095440
1574,3091666512,0.494629,-0.414574,-0.682511,-0.343004,-0.049866,0.023706,0.133225
1575,3091699846,0.494245,-0.414787,-0.682814,-0.342696,-0.029224,-0.013670,0.153421
1576,3091733180,0.493649,-0.415191,-0.683029,-0.342638,-0.035623,0.046919,0.080991
1577,3091766514,0.492896,-0.415790,-0.683251,-0.342554,-0.168038,-0.017787,0.154756
1578,3091799848,0.492617,-0.416115,-0.683277,-0.342508,-0.078726,0.171528,0.157470
1579,3091833182,0.492197,-0.416591,-0.683160,-0.342766,-0.029385,0.205364,0.175632
1580,3091866516,0.491772,-0.417111,-0.682906,-0.343252,0.033760,0.101112,0.152062
1581,3091899850,0.491442,-0.417620,-0.682578,-0.343756,-0.040122,0.077437,0.120953
1582,3091933184,0.491052,-0.418322,-0.682057,-0.344494,-0.029769,0.059485,0.182296
1583,3091966518,0.490619,-0.419167,-0.681415,-0.345352,0.058241,0.056932,0.144257
1584,3091999852,0.490246,-0.419933,-0.680804,-0.346157,0.047345,-0.049474,0.125945
1585,3092033186,0.489854,-0.420549,-0.680366,-0.346823,0.089038,-0.130033,0.103661
1586,3092066520,0.489513,-0.420987,-0.680198,-0.347103,0.108883,-0.231154,0.072625
1587,3092099854,0.489164,-0.421312,-0.680197,-0.347201,0.090847,-0.178465,0.072752
1588,3092133188,0.488811,-0.421486,-0.680424,-0.347043,0.062325,-0.037098,0.096504
1589,3092166522,0.488544,-0.421552,-0.680647,-0.346902,0.035391,0.065584,0.202801
1590,3092199856,0.488377,-0.421604,-0.680593,-0.347180,-0.023934,0.231272,0.241484
1591,3092233190,0.488375,-0.421512,-0.680527,-0.347424,-0.022161,0.091271,0.187831
1592,3092266524,0.488435,-0.421433,-0.680452,-0.347580,-0.087435,-0.150507,0.125552
1593,3092299858,0.488542,-0.421441,-0.680209,-0.347897,-0.026569,-0.196184,0.046903
1594,3092333192,0.488774,-0.421335,-0.680086,-0.347941,0.105434,-0.165393,0.058223
1595,3092366526,0.488790,-0.421278,-0.680156,-0.347849,0.184818,-0.202717,0.047656
1596,3092399860,0.488743,-0.421192,-0.680451,-0.347442,0.023676,-0.228226,0.127913
1597,3092433194,0.488786,-0.421111,-0.680616,-0.347157,0.038249,-0.042551,0.105346
1598,3092466528,0.488580,-0.421444,-0.680624,-0.347028,0.114154,0.040572,0.098686
1599,3092499862,0.488144,-0.422266,-0.680397,-0.347087,0.009950,-0.078468,0.124764
1600,3092533196,0.487925,-0.422948,-0.680068,-0.347209,-0.019801,0.004784,0.147664
1601,3092566530,0.487728,-0.423334,-0.679984,-0.347179,-0.053249,-0.033495,0.101524
1602,3092599864,0.487570,-0.423350,-0.680275,-0.346813,-0.138287,-0.069551,0.089806
1603,3092633198,0.487475,-0.423009,-0.680964,-0.346010,-0.151573,-0.012373,0.142232
1604,3092666532,0.487723,-0.421926,-0.682251,-0.344443,-0.220572,-0.041841,0.076330
1605,3092699866,0.488140,-0.420248,-0.684062,-0.342306,-0.148605,0.048222,0.150136
1606,3092733200,0.488682,-0.418140,-0.686205,-0.339814,-0.181393,0.135357,0.143373
1607,3092766534,0.489365,-0.415791,-0.688434,-0.337195,-0.212960,0.154415,0.116360
1608,3092799868,0.490032,-0.413542,-0.690468,-0.334824,-0.070564,0.161688,0.171862
1609,3092833202,0.490693,-0.411449,-0.692268,-0.332711,0.088555,0.037907,0.142212
1610,3092866536,0.491051,-0.409859,-0.693680,-0.331203,0.094916,-0.105323,0.133256
1611,3092899870,0.491340,-0.408622,-0.694765,-0.330026,0.050976,-0.142194,0.075586
1612,3092933204,0.491630,-0.407644,-0.695599,-0.329044,0.031292,-0.046832,0.124570
1613,3092966538,0.491690,-0.407059,-0.696176,-0.328460,0.042411,0.062034,0.130851
1614,3092999872,0.491784,-0.406636,-0.696531,-0.328090,-0.028882,0.084953,0.134013
1615,3093033206,0.491775,-0.406362,-0.696743,-0.327992,-0.080887,0.091462,0.159441
1616,3093066540,0.491880,-0.406033,-0.696909,-0.327890,-0.037426,0.028334,0.135826
1617,3093099874,0.491983,-0.405645,-0.697052,-0.327909,-0.045828,0.025978,0.138425
1618,3093133208,0.492107,-0.405060,-0.697452,-0.327596,-0.115973,-0.038587,0.107082
1619,3093166542,0.492315,-0.404347,-0.697881,-0.327252,-0.083565,-0.004933,0.134506
1620,3093199876,0.492612,-0.403515,-0.698334,-0.326866,0.036643,0.071060,0.151827
1621,3093233210,0.492987,-0.402699,-0.698689,-0.326547,0.093506,0.058844,0.167161
1622,3093266544,0.493336,-0.402110,-0.698776,-0.326560,0.153812,0.031276,0.129822
1623,3093299878,0.493590,-0.401893,-0.698525,-0.326980,0.168061,-0.030160,0.154180
1624,3093333212,0.493878,-0.401871,-0.698079,-0.327526,0.150137,-0.047710,0.077343
1625,3093366546,0.494026,-0.401969,-0.697629,-0.328139,0.059626,-0.101673,0.059780
1626,3093399880,0.494093,-0.402053,-0.697321,-0.328590,-0.024883,-0.106972,0.107653
1627,3093433214,0.494258,-0.401939,-0.697167,-0.328809,-0.084510,-0.037435,0.123735
1628,3093466548,0.494450,-0.401662,-0.697185,-0.328820,-0.061335,0.076724,0.116732
1629,3093499882,0.494600,-0.401318,-0.697304,-0.328761,0.027903,0.129888,0.118768
1630,3093533216,0.494764,-0.401058,-0.697345,-0.328745,0.110019,0.099787,0.115409
1631,3093566550,0.494732,-0.401178,-0.697140,-0.329082,0.150178,-0.010088,0.142666
1632,3093599884,0.494696,-0.401604,-0.696676,-0.329599,0.083786,-0.046892,0.133681
1633,3093633218,0.494667,-0.402433,-0.695903,-0.330262,0.097044,-0.057730,0.112989
1634,3093666552,0.494625,-0.403576,-0.694862,-0.331121,0.145330,-0.030320,0.146109
1635,3093699886,0.494420,-0.405059,-0.693496,-0.332479,0.132312,-0.002972,0.176849
1636,3093733220,0.494165,-0.406813,-0.691882,-0.334074,0.055054,0.012140,0.128904
1637,3093766554,0.493923,-0.408798,-0.689960,-0.335978,0.040300,0.069161,0.144542
1638,3093799888,0.493695,-0.410754,-0.687969,-0.338004,0.065606,0.122421,0.176490
1639,3093833222,0.493541,-0.412500,-0.686091,-0.339915,0.066810,0.050921,0.176438
1640,3093866556,0.493448,-0.414119,-0.684212,-0.341865,-0.028025,0.045907,0.081960
1641,3093899890,0.493304,-0.415665,-0.682583,-0.343449,-0.157198,-0.047134,0.083985
1642,3093933224,0.493174,-0.417050,-0.681205,-0.344690,-0.085584,-0.009540,0.087881
1643,3093966558,0.493135,-0.418053,-0.680193,-0.345528,-0.117553,0.062513,0.117640
1644,3093999892,0.493429,-0.418479,-0.679604,-0.345751,-0.147638,0.059656,0.155352
1645,3094033226,0.493868,-0.418642,-0.679172,-0.345777,-0.138836,0.101232,0.158974
1646,3094066560,0.494429,-0.418493,-0.678992,-0.345508,-0.024264,0.064804,0.122339
1647,3094099894,0.494983,-0.418127,-0.679078,-0.344988,0.056615,-0.003898,0.097722
1648,3094133228,0.495473,-0.417653,-0.679384,-0.344257,-0.052306,-0.111229,0.088733
1649,3094166562,0.496079,-0.416902,-0.680014,-0.343048,-0.111987,-0.132884,0.111170
1650,3094199896,0.496619,-0.416087,-0.680783,-0.341729,-0.004632,-0.086977,0.069186
1651,3094233230,0.497103,-0.415146,-0.681730,-0.340279,-0.000798,-0.019671,0.082473
1652,3094266564,0.497541,-0.414132,-0.682792,-0.338740,-0.042578,-0.037982,0.139263
1653,3094299898,0.497976,-0.413167,-0.683726,-0.337392,-0.138659,0.004428,0.127796
1654,3094333232,0.498367,-0.412335,-0.684491,-0.336281,-0.044249,0.007400,0.115136
1655,3094366566,0.498601,-0.411772,-0.685018,-0.335550,-0.014970,0.012665,0.144855
1656,3094399900,0.498820,-0.411249,-0.685459,-0.334965,-0.028450,-0.007594,0.129637
1657,3094433234,0.498880,-0.411064,-0.685594,-0.334827,0.012435,0.075300,0.124195
1658,3094466568,0.498800,-0.411021,-0.685662,-0.334860,0.050127,0.072767,0.107827
1659,3094499902,0.498741,-0.410874,-0.685852,-0.334738,-0.049479,0.013982,0.155312
1660,3094533236,0.498706,-0.410675,-0.686132,-0.334461,-0.171384,0.040759,0.120166
1661,3094566570,0.498761,-0.410206,-0.686653,-0.333883,-0.200893,0.074721,0.149941
1662,3094599904,0.499095,-0.409138,-0.687545,-0.332859,-0.209432,0.145123,0.184180
1663,3094633238,0.499552,-0.407801,-0.688547,-0.331741,-0.190788,0.072713,0.098193
1664,3094666572,0.499947,-0.406370,-0.689687,-0.330529,-0.184695,-0.031413,0.102180
1665,3094699906,0.500328,-0.404890,-0.690903,-0.329227,-0.076719,-0.001631,0.118580
1666,3094733240,0.500602,-0.403490,-0.692060,-0.328099,0.005342,0.038250,0.149934
1667,3094766574,0.500873,-0.402203,-0.693091,-0.327088,0.032666,0.086618,0.170197
1668,3094799908,0.501165,-0.401163,-0.693801,-0.326412,0.038352,0.111523,0.162579
1669,3094833242,0.501410,-0.400453,-0.694202,-0.326055,0.014719,0.059282,0.186064
1670,3094866576,0.501712,-0.399949,-0.694275,-0.326055,0.065638,0.035040,0.168086
1671,3094899910,0.502046,-0.399660,-0.694041,-0.326391,0.067532,0.044844,0.157829
1672,3094933244,0.502375,-0.399489,-0.693621,-0.326988,0.027682,0.018897,0.153514
1673,3094966578,0.502807,-0.399348,-0.693044,-0.327718,-0.014521,-0.062577,0.105157
1674,3094999912,0.503051,-0.399436,-0.692363,-0.328674,0.034294,-0.069614,0.125181
1675,3095033246,0.503311,-0.399435,-0.691799,-0.329463,0.026042,-0.095081,0.117929
1676,3095066580,0.503570,-0.399360,-0.691352,-0.330095,0.005378,-0.048105,0.106154
1677,3095099914,0.503624,-0.399496,-0.690859,-0.330882,0.092351,-0.017348,0.112703
1678,3095133248,0.503675,-0.399641,-0.690390,-0.331605,0.108764,-0.025663,0.113940
1679,3095166582,0.503801,-0.399729,-0.689974,-0.332174,0.058863,-0.057773,0.122217
1680,3095199916,0.503816,-0.399896,-0.689609,-0.332708,0.092370,-0.067116,0.126238
1681,3095233250,0.503877,-0.400007,-0.689317,-0.333087,0.071065,-0.044888,0.090777
1682,3095266584,0.503952,-0.400112,-0.689058,-0.333383,0.094495,-0.094184,0.082532
1683,3095299918,0.504032,-0.400240,-0.688842,-0.333556,0.154443,-0.148856,0.069127
1684,3095333252,0.503849,-0.400665,-0.688584,-0.333855,0.128935,-0.169428,0.105981
1685,3095366586,0.503676,-0.400951,-0.688540,-0.333861,0.006864,-0.285249,0.108351
1686,3095399920,0.503846,-0.400742,-0.688738,-0.333448,-0.041113,-0.144187,0.099647
1687,3095433254,0.503854,-0.400598,-0.689019,-0.333028,0.057930,0.039302,0.142310
1688,3095466588,0.503852,-0.400501,-0.689330,-0.332503,0.071254,0.126436,0.116951
1689,3095499922,0.503645,-0.400644,-0.689492,-0.332309,-0.044210,0.146976,0.126655
1690,3095533256,0.503675,-0.400538,-0.689761,-0.331832,-0.058685,0.130483,0.176822
1691,3095566590,0.503833,-0.400364,-0.689943,-0.331425,-0.017979,0.169587,0.155896
1692,3095599924,0.503986,-0.400212,-0.690107,-0.331034,-0.074207,0.093331,0.136854
1693,3095633258,0.504165,-0.400057,-0.690241,-0.330669,-0.155821,0.051655,0.153996
1694,3095666592,0.504412,-0.399750,-0.690477,-0.330169,-0.070741,0.061855,0.096978
1695,3095699926,0.504556,-0.399390,-0.690816,-0.329677,-0.036378,-0.023046,0.098267
1696,3095733260,0.504666,-0.398855,-0.691390,-0.328951,-0.077407,-0.096512,0.081299
1697,3095766594,0.504723,-0.398295,-0.692057,-0.328137,-0.064582,-0.046685,0.140596
1698,3095799928,0.504777,-0.397673,-0.692766,-0.327315,-0.036793,0.048071,0.156157
1699,3095833262,0.504811,-0.397063,-0.693451,-0.326550,-0.075191,0.132357,0.152510
1700,3095866596,0.504891,-0.396531,-0.693978,-0.325953,-0.118364,0.168009,0.173069
1701,3095899930,0.505015,-0.396112,-0.694320,-0.325542,-0.103940,0.120442,0.147911
1702,3095933264,0.505208,-0.395647,-0.694646,-0.325111,-0.067061,0.017920,0.109965
1703,3095966598,0.505453,-0.395106,-0.695020,-0.324590,-0.004733,-0.050469,0.097538
1704,3095999932,0.505618,-0.394596,-0.695420,-0.324095,-0.003997,-0.047262,0.105050
1705,3096033266,0.505691,-0.394151,-0.695835,-0.323632,0.009177,0.034372,0.148997
1706,3096066600,0.505715,-0.393713,-0.696284,-0.323163,-0.061057,0.086010,0.103477
1707,3096099934,0.505751,-0.393203,-0.696766,-0.322687,-0.077664,0.029464,0.154628
1708,3096133268,0.505865,-0.392581,-0.697282,-0.322149,-0.037108,0.042732,0.137775
1709,3096166602,0.505962,-0.391989,-0.697778,-0.321644,0.015460,0.036506,0.095002
1710,3096199936,0.506020,-0.391364,-0.698369,-0.321032,0.015588,-0.003311,0.142989
1711,3096233270,0.506143,-0.390644,-0.698992,-0.320356,-0.032511,-0.052934,0.125575
1712,3096266604,0.506357,-0.389811,-0.699630,-0.319641,0.023903,0.005222,0.139895
1713,3096299938,0.506607,-0.388991,-0.700206,-0.318983,0.124731,0.056789,0.141266
1714,3096333272,0.506821,-0.388382,-0.700598,-0.318522,0.179346,0.033461,0.119723
1715,3096366606,0.506882,-0.388127,-0.700804,-0.318283,0.070846,-0.035187,0.094724
1716,3096399940,0.506856,-0.388073,-0.700953,-0.318063,-0.005347,-0.059848,0.089375
1717,3096433274,0.506858,-0.388015,-0.701110,-0.317784,0.030252,-0.001358,0.135851
1718,3096466608,0.506788,-0.388050,-0.701180,-0.317698,-0.009660,0.003646,0.171597
1719,3096499942,0.506718,-0.388158,-0.701149,-0.317747,-0.100167,0.032847,0.091348
1720,3096533276,0.506492,-0.388525,-0.700993,-0.318002,-0.102127,0.013326,0.095480
1721,3096566610,0.506166,-0.388915,-0.700877,-0.318299,-0.066086,-0.014386,0.150213
1722,3096599944,0.505927,-0.389161,-0.700839,-0.318463,-0.053995,-0.001544,0.133130
1723,3096633278,0.505712,-0.389376,-0.700789,-0.318650,-0.025347,0.054807,0.115428
1724,3096666612,0.505410,-0.389718,-0.700700,-0.318908,0.014913,0.098155,0.180423
1725,3096699946,0.505236,-0.390041,-0.700500,-0.319229,0.059049,0.095952,0.149560
1726,3096733280,0.505044,-0.390470,-0.700215,-0.319634,0.089957,0.056270,0.123436
1727,3096766614,0.504843,-0.390959,-0.699897,-0.320049,0.057871,-0.022749,0.117694
1728,3096799948,0.504630,-0.391470,-0.699606,-0.320395,0.020631,-0.044191,0.126065
1729,3096833282,0.504472,-0.391927,-0.699348,-0.320650,0.046501,-0.038991,0.121385
1730,3096866616,0.504305,-0.392359,-0.699112,-0.320898,0.037493,-0.043884,0.097565
1731,3096899950,0.504097,-0.392796,-0.698925,-0.321099,-0.002616,-0.041798,0.123064
1732,3096933284,0.503901,-0.393180,-0.698772,-0.321267,0.000921,-0.018391,0.112136
1733,3096966618,0.503706,-0.393483,-0.698700,-0.321358,-0.019086,0.022837,0.139764
1734,3096999952,0.503606,-0.393559,-0.698779,-0.321252,-0.060692,-0.022523,0.142741
1735,3097033286,0.503708,-0.393337,-0.698989,-0.320907,-0.028187,0.015858,0.121067
1736,3097066620,0.503834,-0.392995,-0.699295,-0.320460,-0.000978,0.016475,0.118649
1737,3097099954,0.503970,-0.392530,-0.699750,-0.319825,-0.005537,0.007654,0.124825
1738,3097133288,0.504141,-0.391908,-0.700347,-0.319009,-0.056079,0.003283,0.137357
1739,3097166622,0.504428,-0.391132,-0.701005,-0.318061,-0.053700,0.013941,0.127918
1740,3097199956,0.504733,-0.390429,-0.701511,-0.317326,-0.016762,-0.020883,0.113061
1741,3097233290,0.505041,-0.389774,-0.701932,-0.316708,0.094484,-0.036605,0.105302
1742,3097266624,0.505226,-0.389305,-0.702248,-0.316287,0.067599,-0.063076,0.131496
1743,3097299958,0.505416,-0.388935,-0.702469,-0.315950,-0.028470,-0.114834,0.110903
1744,3097333292,0.505578,-0.388704,-0.702580,-0.315728,0.011216,-0.038809,0.123000
1745,3097366626,0.505625,-0.388641,-0.702603,-0.315679,0.023809,0.032170,0.126603
1746,3097399960,0.505690,-0.388594,-0.702579,-0.315687,-0.025594,0.022164,0.140829
1747,3097433294,0.505696,-0.388702,-0.702436,-0.315862,-0.045979,-0.002424,0.111946
1748,3097466628,0.505673,-0.388838,-0.702285,-0.316067,-0.006851,-0.010726,0.140816
1749,3097499962,0.505620,-0.388984,-0.702154,-0.316264,-0.017050,0.062639,0.123544
1750,3097533296,0.505585,-0.389141,-0.701978,-0.316517,-0.068644,0.073558,0.164513
1751,3097566630,0.505595,-0.389276,-0.701782,-0.316768,-0.033011,0.060510,0.130414
1752,3097599964,0.505514,-0.389495,-0.701540,-0.317165,0.008132,0.003458,0.141942
1753,3097633298,0.505441,-0.389752,-0.701265,-0.317574,-0.020940,-0.014734,0.120308
1754,3097666632,0.505328,-0.390072,-0.700975,-0.317999,0.021239,-0.017616,0.118447
1755,3097699966,0.505178,-0.390430,-0.700659,-0.318494,0.025441,0.014978,0.137543
1756,3097733300,0.505061,-0.390770,-0.700322,-0.319006,-0.030216,0.019089,0.131281
1757,3097766634,0.504979,-0.391112,-0.699952,-0.319527,-0.013038,0.021017,0.143111
1758,3097799968,0.504947,-0.391380,-0.699615,-0.319988,-0.002937,0.006493,0.123320
1759,3097833302,0.504939,-0.391594,-0.699302,-0.320420,-0.007793,0.001201,0.113697
1760,3097866636,0.504957,-0.391767,-0.699038,-0.320758,-0.018461,0.005046,0.130131
1761,3097899970,0.504956,-0.391928,-0.698798,-0.321085,0.024796,0.001544,0.137881
1762,3097933304,0.505005,-0.392005,-0.698609,-0.321325,0.010948,-0.006441,0.114545
1763,3097966638,0.505066,-0.392043,-0.698448,-0.321532,0.024455,0.026981,0.121424
1764,3097999972,0.505087,-0.392142,-0.698278,-0.321748,0.033684,-0.004177,0.129936
1765,3098033306,0.505105,-0.392353,-0.698038,-0.321983,0.014991,-0.038041,0.119130
1766,3098066640,0.505279,-0.392285,-0.697915,-0.322058,0.037318,-0.013412,0.153357
1767,3098099974,0.505425,-0.392353,-0.697656,-0.322308,0.067454,0.045098,0.155145
1768,3098133308,0.505547,-0.392531,-0.697287,-0.322698,0.038293,0.041164,0.122441
1769,3098166642,0.505560,-0.393091,-0.696676,-0.323316,0.032166,-0.045984,0.098908
1770,3098199976,0.505727,-0.393197,-0.696420,-0.323478,0.064413,-0.156244,0.069525
1771,3098233310,0.505872,-0.393135,-0.696353,-0.323471,0.056444,-0.195477,0.043443
1772,3098266644,0.505886,-0.393123,-0.696445,-0.323266,-0.050294,-0.029292,0.063338
1773,3098299978,0.505614,-0.393293,-0.696743,-0.322842,-0.206091,0.068907,0.103394
1774,3098333312,0.505396,-0.393353,-0.697068,-0.322409,-0.227124,0.233638,0.162228
1775,3098366646,0.505260,-0.393255,-0.697374,-0.322078,-0.180246,0.260379,0.216858
1776,3098399980,0.505209,-0.393039,-0.697675,-0.321770,-0.128898,0.134852,0.159080
1777,3098433314,0.505169,-0.392869,-0.697888,-0.321580,-0.087764,-0.024838,0.157189
1778,3098466648,0.505272,-0.392486,-0.698149,-0.321319,-0.034159,-0.027481,0.140168
1779,3098499982,0.505396,-0.392183,-0.698298,-0.321170,0.058613,0.024310,0.117673
1780,3098533316,0.505403,-0.392007,-0.698391,-0.321170,0.148877,-0.002519,0.070103
1781,3098566650,0.505352,-0.391910,-0.698523,-0.321082,0.114655,-0.086316,0.137831
1782,3098599984,0.505346,-0.391921,-0.698597,-0.320918,0.066427,-0.052180,0.183579
1783,3098633318,0.505400,-0.392047,-0.698500,-0.320890,0.103412,0.142430,0.161533
1784,3098666652,0.505352,-0.392291,-0.698353,-0.320987,-0.037804,0.091371,0.050802
1785,3098699986,0.505284,-0.392386,-0.698367,-0.320948,-0.264851,-0.059514,0.112740
1786,3098733320,0.505267,-0.392335,-0.698441,-0.320877,-0.270342,-0.050560,0.107195
1787,3098766654,0.505219,-0.392243,-0.698478,-0.320983,-0.072068,-0.033970,0.163342
1788,3098799988,0.505110,-0.392201,-0.698512,-0.321131,0.080829,-0.115072,-0.112867
1789,3098833322,0.504415,-0.392896,-0.698350,-0.321726,0.286379,-0.106228,0.212165
1790,3098866656,0.504302,-0.393027,-0.698317,-0.321815,0.164088,0.096382,0.377769
1791,3098899990,0.504514,-0.392900,-0.698134,-0.322035,0.006679,0.228517,0.060188
1792,3098933324,0.504329,-0.393165,-0.697925,-0.322455,-0.053242,0.167471,0.129321
1793,3098966658,0.504505,-0.393389,-0.697392,-0.323058,-0.176231,0.132822,0.216196
1794,3098999992,0.504743,-0.393877,-0.696396,-0.324238,0.023085,0.003022,-0.067187
1795,3099033326,0.504464,-0.394767,-0.695438,-0.325643,0.303907,-0.212361,0.052821
1796,3099066660,0.503837,-0.396005,-0.694494,-0.327121,0.294872,-0.455680,0.057587
1797,3099099994,0.503183,-0.397510,-0.693509,-0.328391,0.176315,-0.374525,0.271821
1798,3099133328,0.502569,-0.399322,-0.692270,-0.329744,0.086917,-0.064859,0.003890
1799,3099166662,0.501675,-0.401199,-0.691272,-0.330920,0.038168,0.045016,0.037796
1800,3099199996,0.500752,-0.402765,-0.690639,-0.331735,-0.193951,0.063944,0.070009
1801,3099233330,0.500305,-0.403448,-0.690447,-0.331979,-0.302675,-0.137144,0.076039
1802,3099266664,0.499947,-0.403507,-0.690773,-0.331770,-0.214118,0.029844,0.187981
1803,3099299998,0.499904,-0.402938,-0.691459,-0.331094,-0.035067,0.143340,0.207403
1804,3099333332,0.500057,-0.402110,-0.692287,-0.330137,-0.140615,0.255875,0.121801
1805,3099366666,0.499986,-0.401383,-0.693188,-0.329238,-0.133173,0.373032,0.249140
1806,3099400000,0.500127,-0.400522,-0.693924,-0.328523,-0.071299,0.246585,0.007133
1807,3099433334,0.500045,-0.399922,-0.694541,-0.328074,0.012685,-0.033080,0.130890
1808,3099466668,0.499840,-0.399473,-0.695097,-0.327755,0.005284,-0.219303,0.228154
1809,3099500002,0.500051,-0.398776,-0.695551,-0.327319,-0.036180,-0.174229,0.067597
1810,3099533336,0.499885,-0.398632,-0.695784,-0.327252,0.132333,0.133220,0.137706
1811,3099566670,0.499623,-0.398602,-0.696029,-0.327169,0.095681,0.140939,0.100809
1812,3099600004,0.499342,-0.398858,-0.696013,-0.327320,0.027521,0.175327,0.215323
1813,3099633338,0.498974,-0.399370,-0.695789,-0.327731,-0.059687,0.063147,0.128646
1814,3099666672,0.498403,-0.400242,-0.695342,-0.328485,-0.056662,0.053877,0.163799
1815,3099700006,0.497989,-0.400909,-0.694971,-0.329084,-0.071163,0.058907,0.087214
1816,3099733340,0.497609,-0.401460,-0.694742,-0.329471,-0.102523,-0.052291,0.165862
1817,3099766674,0.497278,-0.402066,-0.694331,-0.330098,-0.074714,0.021915,0.235984
1818,3099800008,0.497355,-0.402303,-0.693898,-0.330603,-0.074954,0.022211,0.122045
1819,3099833342,0.497268,-0.402823,-0.693259,-0.331440,0.006496,-0.028204,0.126575
1820,3099866676,0.497399,-0.403053,-0.692702,-0.332129,0.124654,-0.148808,0.007236
1821,3099900010,0.497161,-0.403375,-0.692336,-0.332855,0.100583,-0.146536,0.105582
1822,3099933344,0.496906,-0.403513,-0.692250,-0.333247,0.044222,-0.180777,0.149004
1823,3099966678,0.496940,-0.403422,-0.692225,-0.333358,0.101441,-0.087273,0.051464
1824,3100000012,0.496645,-0.403644,-0.692179,-0.333626,0.290871,0.077079,0.235816
1825,3100033346,0.496588,-0.403720,-0.692146,-0.333687,0.075685,0.182213,0.124669
1826,3100066680,0.496459,-0.404034,-0.691944,-0.333918,-0.068450,0.089077,0.146533
1827,3100100014,0.496286,-0.404478,-0.691637,-0.334274,-0.029523,0.030869,0.171630
1828,3100133348,0.496255,-0.404913,-0.691132,-0.334838,0.028755,-0.078836,0.036802
1829,3100166682,0.496104,-0.405531,-0.690553,-0.335506,0.164945,-0.148466,0.128104
1830,3100200016,0.495961,-0.406143,-0.690089,-0.335931,0.032940,-0.240027,0.143103
1831,3100233350,0.495988,-0.406623,-0.689624,-0.336267,-0.115544,-0.189329,0.037129
1832,3100266684,0.495820,-0.407205,-0.689213,-0.336654,-0.071233,-0.128819,0.049595
1833,3100300018,0.495636,-0.407589,-0.689042,-0.336807,0.084586,-0.021817,0.154002
1834,3100333352,0.495613,-0.407710,-0.688939,-0.336906,-0.002215,0.020330,0.143812
1835,3100366686,0.495465,-0.407854,-0.688925,-0.336977,-0.083388,-0.041862,-0.015891
1836,3100400020,0.495010,-0.408363,-0.688871,-0.337141,0.050507,-0.017934,0.245045
1837,3100433354,0.494939,-0.408786,-0.688572,-0.337343,0.191924,0.144640,0.235324
1838,3100466688,0.494987,-0.409243,-0.688046,-0.337792,0.009040,0.295433,0.193893
1839,3100500022,0.494730,-0.410150,-0.687232,-0.338723,-0.078928,0.187293,0.079619
1840,3100533356,0.494441,-0.411213,-0.686337,-0.339671,0.024233,-0.038299,0.092179
1841,3100566690,0.494206,-0.412120,-0.685613,-0.340375,0.054864,-0.035812,0.267244
1842,3100600024,0.494272,-0.412759,-0.684919,-0.340902,-0.066673,-0.026223,0.145252
1843,3100633358,0.494298,-0.413350,-0.684297,-0.341397,-0.317902,0.183244,0.188476
1844,3100666692,0.494483,-0.413703,-0.683813,-0.341671,-0.222854,0.401454,0.058761
1845,3100700026,0.494451,-0.413999,-0.683572,-0.341841,-0.028660,0.115856,-0.067736
1846,3100733360,0.494299,-0.413837,-0.684072,-0.341255,0.070096,-0.332926,0.066997
1847,3100766694,0.494292,-0.413285,-0.684967,-0.340137,-0.037630,-0.387287,0.358369
1848,3100800028,0.494698,-0.412623,-0.685480,-0.339316,-0.139007,0.090495,0.171695
1849,3100833362,0.494863,-0.412463,-0.685579,-0.339070,-0.046586,0.368445,0.150247
1850,3100866696,0.494829,-0.412712,-0.685437,-0.339104,0.089770,0.158243,-0.005204
1851,3100900030,0.494684,-0.412947,-0.685386,-0.339133,0.163484,-0.265106,-0.029137
1852,3100933364,0.494420,-0.413045,-0.685649,-0.338867,0.200181,-0.360508,0.242697
1853,3100966698,0.494472,-0.412917,-0.685915,-0.338408,-0.164206,-0.104365,0.177212
1854,3101000032,0.494637,-0.412722,-0.686084,-0.338061,-0.206219,0.212173,0.066881
1855,3101033366,0.494663,-0.412538,-0.686369,-0.337670,-0.042074,0.165601,0.076974
1856,3101066700,0.494752,-0.412018,-0.686982,-0.336925,-0.009389,-0.096435,0.105204
1857,3101100034,0.495036,-0.411144,-0.687816,-0.335874,-0.061283,-0.160949,0.245382
1858,3101133368,0.495457,-0.410115,-0.688598,-0.334909,-0.169151,0.058350,0.131115
1859,3101166702,0.495923,-0.409044,-0.689429,-0.333816,-0.168028,0.193987,0.113958
1860,3101200036,0.496316,-0.408131,-0.690144,-0.332870,-0.039833,0.098340,0.057052
1861,3101233370,0.496665,-0.407164,-0.690872,-0.332025,0.271178,-0.022980,0.122693
1862,3101266704,0.496906,-0.406264,-0.691641,-0.331163,0.152473,-0.242916,0.247108
1863,3101300038,0.497346,-0.405359,-0.692245,-0.330349,-0.067471,-0.103824,0.130131
1864,3101333372,0.497849,-0.404524,-0.692711,-0.329637,0.076910,0.058799,0.091496
1865,3101366706,0.498372,-0.403654,-0.693183,-0.328920,0.210945,0.084394,0.066552
1866,3101400040,0.498891,-0.402567,-0.693838,-0.328083,-0.069821,-0.188266,0.073977
1867,3101433374,0.499258,-0.401664,-0.694476,-0.327281,-0.077637,-0.250573,0.023293
1868,3101466708,0.499468,-0.400967,-0.695078,-0.326537,0.272585,-0.132786,0.092712
1869,3101500042,0.499888,-0.399788,-0.696086,-0.325188,0.116580,-0.094340,0.227301
1870,3101533376,0.500699,-0.398087,-0.697130,-0.323790,-0.088961,-0.100318,0.235932
1871,3101566710,0.501721,-0.396338,-0.697962,-0.322558,-0.044185,0.111050,0.102848
1872,3101600044,0.502402,-0.395221,-0.698510,-0.321682,-0.006403,0.212498,-0.006313
1873,3101633378,0.502395,-0.394937,-0.698893,-0.321207,-0.121122,0.117313,0.108696
1874,3101666712,0.502487,-0.394677,-0.699158,-0.320808,-0.132282,0.068447,0.238077
1875,3101700046,0.502749,-0.394420,-0.699136,-0.320761,-0.053785,0.087854,0.204414
1876,3101733380,0.502840,-0.394385,-0.698977,-0.321007,0.000594,0.038254,0.126749
1877,3101766714,0.502876,-0.394332,-0.698850,-0.321293,-0.079174,0.015012,0.079063
1878,3101800048,0.502889,-0.394143,-0.698881,-0.321436,-0.195777,0.028979,0.103248
1879,3101833382,0.502747,-0.394007,-0.699030,-0.321503,-0.198979,0.077392,0.121339
1880,3101866716,0.502676,-0.393760,-0.699264,-0.321407,-0.097785,0.028614,0.152258
1881,3101900050,0.502479,-0.393580,-0.699459,-0.321510,-0.102319,0.043549,0.113198
1882,3101933384,0.502319,-0.393323,-0.699701,-0.321549,-0.030604,-0.013631,0.131989
1883,3101966718,0.502259,-0.392891,-0.700024,-0.321467,-0.019318,-0.056768,0.098199
1884,3102000052,0.502091,-0.392441,-0.700476,-0.321296,-0.069157,-0.128903,0.077707
1885,3102033386,0.501984,-0.391838,-0.701010,-0.321033,-0.095614,-0.076004,0.100122
1886,3102066720,0.501978,-0.391085,-0.701570,-0.320739,0.027175,0.019019,0.160050
1887,3102100054,0.501965,-0.390360,-0.702093,-0.320497,0.127609,0.072903,0.115618
1888,3102133388,0.501804,-0.389977,-0.702390,-0.320563,0.024107,0.014097,0.154183
1889,3102166722,0.501797,-0.389635,-0.702551,-0.320639,-0.029477,-0.010522,0.142024
1890,3102200056,0.501956,-0.389209,-0.702619,-0.320758,0.095649,0.094171,0.151929
1891,3102233390,0.502075,-0.388846,-0.702643,-0.320958,0.150094,0.095847,0.121435
1892,3102266724,0.502088,-0.388710,-0.702574,-0.321254,0.092022,-0.007806,0.119711
1893,3102300058,0.502096,-0.388635,-0.702502,-0.321490,0.098624,-0.066767,0.105852
1894,3102333392,0.502080,-0.388588,-0.702467,-0.321650,0.082423,-0.017206,0.133386
1895,3102366726,0.502071,-0.388561,-0.702448,-0.321735,0.081670,0.047321,0.078142
1896,3102400060,0.501944,-0.388696,-0.702432,-0.321806,0.119165,0.071705,0.112471
1897,3102433394,0.501737,-0.388930,-0.702394,-0.321929,0.073769,0.025649,0.134600
1898,3102466728,0.501522,-0.389250,-0.702249,-0.322195,-0.017264,0.020083,0.177127
1899,3102500062,0.501415,-0.389528,-0.702099,-0.322350,0.012784,0.003428,0.143293
1900,3102533396,0.501213,-0.389928,-0.701912,-0.322588,0.211169,0.002580,-0.046520
1901,3102566730,0.500672,-0.390740,-0.701688,-0.322934,0.376235,0.022360,0.242677
1902,3102600064,0.500602,-0.391434,-0.701285,-0.323077,-0.142183,0.159304,0.409028
1903,3102633398,0.501038,-0.391984,-0.700542,-0.323346,-0.143282,0.313259,0.277319
1904,3102666732,0.501502,-0.392470,-0.699461,-0.324375,0.074607,0.244395,0.185719
1905,3102700066,0.502401,-0.392431,-0.698367,-0.325388,-0.042784,-0.072757,-0.225328
1906,3102733400,0.502784,-0.392529,-0.697751,-0.325998,0.040432,-0.579171,-0.012898
1907,3102766734,0.502867,-0.392560,-0.697790,-0.325749,0.064205,-0.678572,0.147527
1908,3102800068,0.503340,-0.392060,-0.698264,-0.324604,-0.168945,-0.147518,0.056600
1909,3102833402,0.503199,-0.391863,-0.699039,-0.323390,-0.259530,0.288850,0.010873
1910,3102866736,0.502866,-0.391948,-0.699644,-0.322497,0.040382,0.416176,0.239195
1911,3102900070,0.502782,-0.392195,-0.699585,-0.322453,-0.071888,0.368781,0.264166
1912,3102933404,0.502974,-0.392459,-0.699156,-0.322764,-0.185197,0.013744,0.292859
1913,3102966738,0.503219,-0.392778,-0.698394,-0.323644,-0.106869,-0.174756,0.082083
1914,3103000072,0.503574,-0.393067,-0.697566,-0.324524,0.056428,-0.069188,-0.066735
1915,3103033406,0.503640,-0.393335,-0.697053,-0.325199,0.021904,-0.254403,-0.012340
1916,3103066740,0.503359,-0.393756,-0.696842,-0.325575,0.091753,-0.351414,0.057105
1917,3103100074,0.503123,-0.394093,-0.696707,-0.325820,0.224643,-0.242158,0.243364
1918,3103133408,0.503380,-0.393764,-0.696881,-0.325449,0.298453,0.025180,0.409340
1919,3103166742,0.504208,-0.392892,-0.697076,-0.324806,-0.076451,0.260834,-0.019977
1920,3103200076,0.504599,-0.392530,-0.697064,-0.324660,-0.077662,0.168768,0.087758
1921,3103233410,0.505042,-0.392256,-0.696982,-0.324476,-0.011093,0.095826,0.051024
1922,3103266744,0.505462,-0.391753,-0.697087,-0.324206,0.093220,-0.205479,0.013007
1923,3103300078,0.505427,-0.391360,-0.697573,-0.323691,0.069669,-0.401700,0.084389
1924,3103333412,0.505557,-0.390850,-0.698144,-0.322871,0.040716,-0.263070,0.363996
1925,3103366746,0.506121,-0.390110,-0.698524,-0.322061,0.059778,0.160555,0.097044
1926,3103400080,0.506471,-0.389569,-0.698917,-0.321312,0.091943,0.155438,0.027713
1927,3103433414,0.506515,-0.389446,-0.699075,-0.321046,-0.027885,0.099511,0.088740
1928,3103466748,0.506671,-0.389047,-0.699409,-0.320555,-0.437737,-0.060636,0.284433
1929,3103500082,0.507274,-0.388510,-0.699302,-0.320487,-0.172698,0.077710,0.277937
1930,3103533416,0.508091,-0.388024,-0.698846,-0.320778,0.176050,0.025472,0.083603
1931,3103566750,0.508752,-0.387494,-0.698615,-0.320873,0.156162,-0.183623,-0.013083
1932,3103600084,0.509400,-0.386612,-0.698808,-0.320487,0.042175,-0.115679,0.020109
1933,3103633418,0.509925,-0.385719,-0.699212,-0.319848,-0.096739,0.026861,0.139330
1934,3103666752,0.510425,-0.385025,-0.699509,-0.319236,0.005274,0.190968,0.226424
1935,3103700086,0.510910,-0.384490,-0.699565,-0.318981,0.006338,0.169212,0.185407
1936,3103733420,0.511460,-0.384033,-0.699425,-0.318958,-0.001867,0.060244,0.102545
1937,3103766754,0.511823,-0.384019,-0.699000,-0.319325,0.032835,-0.011885,0.060529
1938,3103800088,0.511854,-0.384514,-0.698392,-0.320009,0.060500,-0.085340,0.060900
1939,3103833422,0.511687,-0.385183,-0.697833,-0.320689,-0.000262,-0.101303,0.095942
1940,3103866756,0.511467,-0.385709,-0.697493,-0.321147,-0.102961,-0.040421,0.055877
1941,3103900090,0.511034,-0.386204,-0.697393,-0.321458,-0.141106,0.058130,0.090574
1942,3103933424,0.510619,-0.386380,-0.697613,-0.321430,-0.272267,0.138807,0.241863
1943,3103966758,0.510642,-0.386069,-0.697852,-0.321248,-0.256330,0.242647,0.205104
1944,3104000092,0.510816,-0.385682,-0.697915,-0.321300,-0.172719,0.251468,0.247713
1945,3104033426,0.511157,-0.385169,-0.697914,-0.321374,0.000304,0.102446,0.171104
1946,3104066760,0.511767,-0.384407,-0.697882,-0.321386,0.185012,-0.100326,0.068085
1947,3104100094,0.512347,-0.383568,-0.698029,-0.321147,0.260327,-0.219902,0.001672
1948,3104133428,0.512719,-0.382920,-0.698249,-0.320846,0.222699,-0.227504,0.065515
1949,3104166762,0.513058,-0.382383,-0.698492,-0.320416,0.159342,-0.027450,0.077738
1950,3104200096,0.513165,-0.382134,-0.698679,-0.320135,0.007725,0.111977,0.136972
1951,3104233430,0.513304,-0.381871,-0.698876,-0.319794,-0.141542,0.157103,0.211562
1952,3104266764,0.513583,-0.381586,-0.698903,-0.319627,-0.211230,0.169519,0.175403
1953,3104300098,0.513727,-0.381589,-0.698701,-0.319834,-0.098068,0.135527,0.161698
1954,3104333432,0.513906,-0.381610,-0.698443,-0.320085,-0.001992,0.079715,0.155665
1955,3104366766,0.514083,-0.381676,-0.698130,-0.320406,0.075180,0.026526,0.125827
1956,3104400100,0.514208,-0.381879,-0.697735,-0.320824,0.090297,-0.038221,0.107857
1957,3104433434,0.514355,-0.382009,-0.697457,-0.321035,0.031130,-0.117338,0.077271
1958,3104466768,0.514372,-0.382025,-0.697463,-0.320977,0.028643,-0.153191,0.044106
1959,3104500102,0.514370,-0.381851,-0.697701,-0.320668,-0.070749,-0.090524,0.105682
1960,3104533436,0.514317,-0.381671,-0.697978,-0.320366,-0.062958,0.065147,0.133708
1961,3104566770,0.514231,-0.381603,-0.698175,-0.320154,-0.122081,0.131112,0.145242
1962,3104600104,0.514173,-0.381558,-0.698320,-0.319988,-0.077403,0.082709,0.157552
1963,3104633438,0.514146,-0.381449,-0.698469,-0.319834,-0.035618,-0.003417,0.133561
1964,3104666772,0.514103,-0.381363,-0.698576,-0.319772,-0.021680,-0.024616,0.128501
1965,3104700106,0.514037,-0.381296,-0.698694,-0.319700,-0.058600,0.003731,0.124759
1966,3104733440,0.513957,-0.381266,-0.698790,-0.319656,0.012266,0.071823,0.138491
1967,3104766774,0.513826,-0.381323,-0.698853,-0.319658,-0.003851,0.120882,0.117368
1968,3104800108,0.513629,-0.381485,-0.698879,-0.319726,-0.009928,0.065984,0.117569
1969,3104833442,0.513375,-0.381782,-0.698835,-0.319875,0.000208,0.015102,0.156815
1970,3104866776,0.513098,-0.382134,-0.698744,-0.320100,0.035235,0.021642,0.109217
1971,3104900110,0.512684,-0.382672,-0.698587,-0.320460,-0.041041,0.053923,0.127848
1972,3104933444,0.512210,-0.383257,-0.698456,-0.320806,-0.112436,0.039182,0.155090
1973,3104966778,0.511810,-0.383769,-0.698322,-0.321124,-0.092363,0.057217,0.119724
1974,3105000112,0.511287,-0.384453,-0.698110,-0.321598,-0.037457,0.072761,0.100084
1975,3105033446,0.510727,-0.385050,-0.698030,-0.321949,-0.087398,0.053578,0.148854
1976,3105066780,0.510203,-0.385645,-0.697917,-0.322312,-0.057319,0.096098,0.144670
1977,3105100114,0.509682,-0.386285,-0.697742,-0.322750,-0.026649,0.131407,0.121205
1978,3105133448,0.509156,-0.386962,-0.697530,-0.323226,-0.006046,0.098250,0.154748
1979,3105166782,0.508654,-0.387687,-0.697226,-0.323802,0.008905,0.083621,0.159482
1980,3105200116,0.508165,-0.388424,-0.696877,-0.324437,0.114156,0.039624,0.120228
1981,3105233450,0.507753,-0.388984,-0.696659,-0.324880,0.044305,-0.052444,0.092254
1982,3105266784,0.507236,-0.389754,-0.696320,-0.325490,0.089848,0.036083,0.137900
1983,3105300118,0.506711,-0.390583,-0.695916,-0.326179,0.066144,0.058153,0.123770
1984,3105333452,0.506167,-0.391485,-0.695469,-0.326893,0.027115,0.027802,0.153437
1985,3105366786,0.505600,-0.392494,-0.694991,-0.327577,0.051147,0.001119,0.083422
1986,3105400120,0.504976,-0.393668,-0.694388,-0.328407,0.072358,-0.036020,0.114629
1987,3105433454,0.504285,-0.394941,-0.693775,-0.329239,-0.020196,-0.065642,0.119407
1988,3105466788,0.503637,-0.396296,-0.693097,-0.330029,-0.008837,-0.089524,0.145517
1989,3105500122,0.503033,-0.397748,-0.692204,-0.331073,0.059436,0.034992,0.145072
1990,3105533456,0.502403,-0.399285,-0.691242,-0.332190,0.015979,-0.035379,0.126241
1991,3105566790,0.501777,-0.400898,-0.690180,-0.333397,0.053581,-0.088933,0.139843
1992,3105600124,0.501167,-0.402492,-0.689081,-0.334667,0.071539,-0.090846,0.123688
1993,3105633458,0.500638,-0.403993,-0.688042,-0.335786,0.080394,-0.114131,0.087985
1994,3105666792,0.499887,-0.405673,-0.686997,-0.337014,0.053541,-0.081475,0.073762
1995,3105700126,0.499234,-0.407136,-0.686136,-0.337973,0.033321,-0.084519,0.141953
1996,3105733460,0.498699,-0.408346,-0.685404,-0.338788,-0.008141,-0.026371,0.135036
1997,3105766794,0.498257,-0.409358,-0.684829,-0.339379,-0.036706,-0.020439,0.135896
1998,3105800128,0.497893,-0.410238,-0.684308,-0.339901,0.044258,-0.000207,0.122264
1999,3105833462,0.497463,-0.411095,-0.683854,-0.340409,-0.002932,-0.023285,0.141293
2000,3105866796,0.497098,-0.411811,-0.683466,-0.340855,-0.006945,-0.044768,0.146957
2001,3105900130,0.496909,-0.412317,-0.683026,-0.341400,0.038731,0.055474,0.165054
2002,3105933464,0.496675,-0.412871,-0.682518,-0.342088,0.023340,-0.005677,0.128016
2003,3105966798,0.496459,-0.413481,-0.681999,-0.342699,0.027029,-0.079294,0.136942
2004,3106000132,0.496373,-0.413998,-0.681469,-0.343252,-0.063400,-0.111368,0.093898
2005,3106033466,0.496305,-0.414468,-0.680990,-0.343735,-0.068563,-0.079173,0.119576
2006,3106066800,0.496330,-0.414768,-0.680625,-0.344058,0.021839,-0.025934,0.078697
2007,3106100134,0.496291,-0.415073,-0.680317,-0.344354,0.056789,-0.043256,0.101843
2008,3106133468,0.496247,-0.415389,-0.680018,-0.344628,-0.022425,-0.082439,0.158431
2009,3106166802,0.496342,-0.415608,-0.679722,-0.344812,-0.032959,-0.018950,0.083342
2010,3106200136,0.496224,-0.415912,-0.679535,-0.344982,0.012339,-0.027945,0.089129
2011,3106233470,0.496092,-0.416060,-0.679570,-0.344925,-0.035613,-0.064201,0.112018
2012,3106266804,0.496011,-0.416075,-0.679747,-0.344674,-0.028190,-0.085514,0.068295
2013,3106300138,0.495704,-0.416254,-0.680004,-0.344395,0.010111,-0.066643,0.124118
2014,3106333472,0.495467,-0.416285,-0.680415,-0.343885,0.024639,-0.043619,0.190327
2015,3106366806,0.495515,-0.416017,-0.680892,-0.343196,-0.008344,0.099551,0.105042
2016,3106400140,0.495417,-0.415965,-0.681232,-0.342725,-0.016743,0.089709,0.141968
2017,3106433474,0.495277,-0.416139,-0.681313,-0.342555,-0.048345,0.101285,0.161133
2018,3106466808,0.495271,-0.416251,-0.681268,-0.342517,-0.106847,0.124927,0.138948
2019,3106500142,0.495383,-0.416160,-0.681286,-0.342429,-0.085737,0.042981,0.186637
2020,3106533476,0.495607,-0.415937,-0.681294,-0.342361,-0.008913,-0.035630,0.126551
2021,3106566810,0.495849,-0.415699,-0.681270,-0.342348,0.063255,-0.041649,0.099460
2022,3106600144,0.496045,-0.415465,-0.681335,-0.342218,0.002221,-0.084814,0.104075
2023,3106633478,0.496179,-0.415294,-0.681368,-0.342166,-0.013856,-0.005266,0.125522
2024,3106666812,0.496303,-0.415190,-0.681360,-0.342127,0.005653,0.062467,0.131300
2025,3106700146,0.496359,-0.415274,-0.681200,-0.342263,-0.016103,0.078778,0.173449
2026,3106733480,0.496450,-0.415400,-0.680923,-0.342531,0.002355,0.096646,0.148200
2027,3106766814,0.496549,-0.415575,-0.680497,-0.343019,0.053334,0.104841,0.128409
2028,3106800148,0.496615,-0.415842,-0.680016,-0.343553,0.038465,0.020395,0.159361
2029,3106833482,0.496740,-0.416173,-0.679518,-0.343959,0.042948,-0.097691,0.109999
2030,3106866816,0.496892,-0.416544,-0.679001,-0.344309,0.175686,-0.070987,0.104510
2031,3106900150,0.496934,-0.416981,-0.678558,-0.344594,0.117038,-0.136966,0.048250
2032,3106933484,0.496822,-0.417498,-0.678214,-0.344806,-0.018787,-0.129592,0.092351
2033,3106966818,0.496814,-0.417919,-0.677987,-0.344753,-0.078680,-0.033497,0.105103
2034,3107000152,0.496800,-0.418270,-0.677772,-0.344771,-0.034319,0.007221,0.097961
2035,3107033486,0.496792,-0.418532,-0.677583,-0.344835,-0.101919,0.041277,0.202342
2036,3107066820,0.496928,-0.418708,-0.677288,-0.345008,-0.096399,0.152647,0.133940
2037,3107100154,0.496988,-0.419010,-0.676954,-0.345209,-0.105898,0.012407,0.143375
2038,3107133488,0.497167,-0.419143,-0.676568,-0.345546,0.024019,0.052076,0.132476
2039,3107166822,0.497305,-0.419192,-0.676347,-0.345720,-0.015898,-0.051889,0.091990
2040,3107200156,0.497400,-0.419246,-0.676261,-0.345686,0.006294,-0.093553,0.090030
2041,3107233490,0.497349,-0.419354,-0.676276,-0.345600,0.011426,-0.052055,0.103391
2042,3107266824,0.497334,-0.419308,-0.676460,-0.345317,-0.039183,-0.028388,0.115039
2043,3107300158,0.497454,-0.419110,-0.676735,-0.344845,-0.008214,-0.024800,0.139686
2044,3107333492,0.497530,-0.418936,-0.676957,-0.344511,0.010664,0.030223,0.148732
2045,3107366826,0.497597,-0.418808,-0.677131,-0.344228,-0.082607,0.037411,0.160621
2046,3107400160,0.497700,-0.418733,-0.677187,-0.344060,-0.050319,0.003821,0.168864
2047,3107433494,0.497857,-0.418614,-0.677177,-0.343997,0.008179,0.013334,0.149147
2048,3107466828,0.498078,-0.418480,-0.677091,-0.344010,0.046523,-0.005942,0.173566
2049,3107500162,0.498388,-0.418390,-0.676784,-0.344274,0.063553,-0.065894,0.125832
2050,3107533496,0.498675,-0.418351,-0.676429,-0.344604,0.115399,-0.178059,0.057384
2051,3107566830,0.498898,-0.418254,-0.676287,-0.344678,0.110492,-0.277265,0.030818
2052,3107600164,0.499131,-0.417941,-0.676489,-0.344323,-0.058445,-0.263004,0.042951
2053,3107633498,0.499242,-0.417543,-0.676946,-0.343747,-0.030386,-0.097959,0.092645
2054,3107666832,0.499283,-0.417097,-0.677556,-0.343027,-0.007727,0.037197,0.114808
2055,3107700166,0.499359,-0.416556,-0.678234,-0.342233,-0.046880,0.120896,0.150246
2056,3107733500,0.499427,-0.416017,-0.678844,-0.341580,-0.067434,0.146503,0.189820
2057,3107766834,0.499590,-0.415442,-0.679339,-0.341055,-0.091722,0.174236,0.192427
2058,3107800168,0.499730,-0.415019,-0.679629,-0.340786,-0.032669,0.196695,0.180713
2059,3107833502,0.499840,-0.414727,-0.679757,-0.340725,-0.029009,0.122857,0.146090
2060,3107866836,0.499978,-0.414415,-0.679873,-0.340673,-0.062790,0.029346,0.178388
2061,3107900170,0.500385,-0.413841,-0.680052,-0.340416,-0.071901,-0.051431,0.159836
2062,3107933504,0.500747,-0.413377,-0.680116,-0.340318,0.071016,-0.055638,0.085410
2063,3107966838,0.501008,-0.413023,-0.680172,-0.340251,0.122339,-0.043820,0.113494
2064,3108000172,0.501252,-0.412749,-0.680157,-0.340256,0.038188,-0.046732,0.118381
2065,3108033506,0.501356,-0.412644,-0.680103,-0.340337,-0.033079,-0.090753,0.083283
2066,3108066840,0.501367,-0.412622,-0.680085,-0.340385,-0.046005,-0.020984,0.088881
2067,3108100174,0.501350,-0.412641,-0.680083,-0.340389,-0.055427,0.022602,0.137536
2068,3108133508,0.501299,-0.412701,-0.680010,-0.340537,-0.052107,0.029289,0.141810
2069,3108166842,0.501226,-0.412777,-0.679856,-0.340862,-0.025156,0.041291,0.144171
2070,3108200176,0.501261,-0.412755,-0.679745,-0.341056,-0.075519,-0.042830,0.111147
2071,3108233510,0.501291,-0.412741,-0.679660,-0.341199,-0.018066,-0.007196,0.137326
2072,3108266844,0.501353,-0.412647,-0.679590,-0.341361,-0.022149,0.007530,0.128762
2073,3108300178,0.501590,-0.412322,-0.679627,-0.341332,-0.039533,-0.027867,0.148480
2074,3108333512,0.501896,-0.411897,-0.679695,-0.341259,-0.061825,-0.018161,0.129674
2075,3108366846,0.502439,-0.411288,-0.679727,-0.341133,0.004318,-0.035416,0.126244
2076,3108400180,0.503020,-0.410570,-0.679833,-0.340928,0.126833,0.012200,0.066013
2077,3108433514,0.503372,-0.410043,-0.679950,-0.340810,0.099308,-0.119433,0.110599
2078,3108466848,0.503757,-0.409567,-0.680037,-0.340641,0.097521,-0.130451,0.121457
2079,3108500182,0.504056,-0.409237,-0.680096,-0.340479,0.080638,-0.027628,0.104490
2080,3108533516,0.504197,-0.409104,-0.680101,-0.340418,0.035045,0.008773,0.128803
2081,3108566850,0.504386,-0.409049,-0.680010,-0.340386,-0.040138,0.076726,0.157807
2082,3108600184,0.504527,-0.409132,-0.679793,-0.340511,-0.035483,0.127130,0.137748
2083,3108633518,0.504643,-0.409245,-0.679553,-0.340682,-0.012078,0.082159,0.161694
2084,3108666852,0.504745,-0.409344,-0.679284,-0.340947,-0.050081,0.006460,0.145836
2085,3108700186,0.504975,-0.409261,-0.679128,-0.341017,-0.034319,-0.078166,0.119484
2086,3108733520,0.505373,-0.408995,-0.679055,-0.340892,0.103073,-0.042225,0.115432
2087,3108766854,0.505628,-0.408827,-0.678999,-0.340828,0.178539,-0.078903,0.087883
2088,3108800188,0.505884,-0.408608,-0.679035,-0.340637,0.024657,-0.169960,0.085577
2089,3108833522,0.506291,-0.408220,-0.679159,-0.340251,-0.062807,-0.047615,0.123159
2090,3108866856,0.506639,-0.407811,-0.679340,-0.339863,0.024491,0.016107,0.154981
2091,3108900190,0.506911,-0.407458,-0.679503,-0.339554,-0.034999,0.017817,0.136687
2092,3108933524,0.507153,-0.407251,-0.679527,-0.339394,-0.078572,0.053705,0.120052
2093,3108966858,0.507177,-0.407398,-0.679360,-0.339516,-0.050159,0.063572,0.155871
2094,3109000192,0.507229,-0.407530,-0.679215,-0.339570,0.014696,0.043210,0.124908
2095,3109033526,0.507316,-0.407607,-0.679072,-0.339634,0.017784,-0.022173,0.108125
2096,3109066860,0.507233,-0.407850,-0.678943,-0.339724,-0.044354,-0.059030,0.124219
2097,3109100194,0.507164,-0.408058,-0.678868,-0.339725,-0.044840,-0.020792,0.138251
2098,3109133528,0.507181,-0.408167,-0.678799,-0.339708,-0.011396,0.074207,0.125902
2099,3109166862,0.507186,-0.408254,-0.678768,-0.339658,-0.005043,0.094521,0.161618
2100,3109200196,0.507243,-0.408380,-0.678589,-0.339777,-0.028066,0.088516,0.151611
2101,3109233530,0.507339,-0.408516,-0.678322,-0.340005,-0.032771,0.073709,0.139961
2102,3109266864,0.507458,-0.408588,-0.678133,-0.340117,-0.055719,-0.045922,0.109263
2103,3109300198,0.507475,-0.408633,-0.678072,-0.340159,-0.020569,-0.091785,0.114595
2104,3109333532,0.507437,-0.408675,-0.678039,-0.340231,-0.042383,-0.001176,0.120568
2105,3109366866,0.507442,-0.408620,-0.678081,-0.340207,-0.035195,0.044464,0.144045
2106,3109400200,0.507489,-0.408589,-0.678053,-0.340230,-0.014130,0.088632,0.164551
2107,3109433534,0.507494,-0.408749,-0.677824,-0.340487,-0.006791,0.029888,0.101176
2108,3109466868,0.507327,-0.409151,-0.677497,-0.340904,-0.025944,-0.038796,0.109111
2109,3109500202,0.507167,-0.409441,-0.677306,-0.341173,-0.042705,-0.067001,0.099118
2110,3109533536,0.507077,-0.409459,-0.677356,-0.341186,-0.028647,-0.047084,0.116204
2111,3109566870,0.507016,-0.409352,-0.677503,-0.341113,-0.048181,0.021996,0.138174
2112,3109600204,0.507025,-0.409219,-0.677627,-0.341011,-0.031823,0.059032,0.143340
2113,3109633538,0.506928,-0.409247,-0.677647,-0.341083,-0.003620,0.100797,0.133381
2114,3109666872,0.506751,-0.409355,-0.677647,-0.341217,-0.051657,0.018600,0.138268
2115,3109700206,0.506677,-0.409363,-0.677687,-0.341239,-0.045631,-0.032443,0.129131
2116,3109733540,0.506564,-0.409427,-0.677720,-0.341262,0.040384,-0.042304,0.095064
2117,3109766874,0.506350,-0.409603,-0.677725,-0.341360,0.108319,-0.069836,0.127724
2118,3109800208,0.506179,-0.409756,-0.677730,-0.341419,0.056365,-0.135857,0.097943
2119,3109833542,0.505950,-0.409941,-0.677758,-0.341480,0.028874,-0.126617,0.096909
2120,3109866876,0.505769,-0.409961,-0.677947,-0.341349,0.069068,-0.076997,0.122226
2121,3109900210,0.505525,-0.409917,-0.678278,-0.341107,-0.035573,-0.015305,0.114546
2122,3109933544,0.505347,-0.409700,-0.678809,-0.340574,-0.127817,0.041073,0.140145
2123,3109966878,0.505305,-0.409213,-0.679476,-0.339891,-0.121864,0.155031,0.146236
2124,3110000212,0.505145,-0.408943,-0.679976,-0.339455,-0.105953,0.119914,0.161908
2125,3110033546,0.505100,-0.408560,-0.680491,-0.338950,-0.054128,0.062483,0.140318
2126,3110066880,0.504958,-0.408208,-0.680977,-0.338610,-0.004501,0.028209,0.124856
2127,3110100214,0.504802,-0.407863,-0.681486,-0.338234,-0.012247,0.011225,0.073318
2128,3110133548,0.504515,-0.407694,-0.681976,-0.337879,0.034972,-0.021304,0.123312
2129,3110166882,0.504224,-0.407558,-0.682426,-0.337568,0.137393,0.104923,0.205188
2130,3110200216,0.504049,-0.407550,-0.682629,-0.337428,-0.031340,0.227317,0.213586
2131,3110233550,0.503691,-0.407933,-0.682565,-0.337630,-0.093147,0.202655,0.175373
2132,3110266884,0.503556,-0.408227,-0.682325,-0.337961,-0.070322,0.175182,0.244719
2133,3110300218,0.503693,-0.408222,-0.681976,-0.338465,-0.050459,0.042830,0.049022
2134,3110333552,0.503584,-0.408412,-0.681558,-0.339240,0.045093,-0.196021,-0.028117
2135,3110366886,0.503233,-0.408620,-0.681580,-0.339466,0.015651,-0.475806,0.053060
2136,3110400220,0.502990,-0.408607,-0.681843,-0.339314,0.081469,-0.251491,0.205361
2137,3110433554,0.503024,-0.408433,-0.682050,-0.339057,0.088622,0.089108,0.058389
2138,3110466888,0.502558,-0.408710,-0.682222,-0.339069,-0.019780,0.257071,0.139886
2139,3110500222,0.502101,-0.409138,-0.682289,-0.339095,-0.062615,0.194098,0.090737
2140,3110533556,0.501748,-0.409502,-0.682251,-0.339254,0.044572,-0.054367,0.168576
2141,3110566890,0.501441,-0.409878,-0.682108,-0.339540,0.235038,-0.179638,0.218983
2142,3110600224,0.501365,-0.410164,-0.681874,-0.339777,0.046365,-0.195907,0.072701
2143,3110633558,0.501132,-0.410592,-0.681636,-0.340082,-0.057415,0.045705,0.085119
2144,3110666892,0.500943,-0.410986,-0.681466,-0.340227,-0.133196,0.179033,0.156222
2145,3110700226,0.500821,-0.411368,-0.681170,-0.340535,-0.068419,0.051610,0.106269
2146,3110733560,0.500583,-0.411736,-0.680980,-0.340821,-0.052584,-0.203995,0.039611
2147,3110766894,0.499898,-0.412485,-0.680828,-0.341224,0.042870,-0.217264,0.161583
2148,3110800228,0.499759,-0.412398,-0.681057,-0.341074,0.112558,-0.158093,0.176525
2149,3110833562,0.499871,-0.412123,-0.681291,-0.340776,0.108556,0.014048,0.181918
2150,3110866896,0.499963,-0.411980,-0.681399,-0.340598,0.123358,0.064043,0.080039
2151,3110900230,0.500002,-0.411876,-0.681558,-0.340348,0.014015,0.053218,0.037525
2152,3110933564,0.499956,-0.411765,-0.681915,-0.339835,-0.049351,0.027163,0.163529
2153,3110966898,0.499933,-0.411602,-0.682350,-0.339191,-0.004907,-0.004984,0.081768
2154,3111000232,0.499730,-0.411442,-0.682996,-0.338385,-0.029739,-0.085503,0.061215
2155,3111033566,0.499249,-0.411643,-0.683536,-0.337758,-0.054064,-0.012426,0.264557
2156,3111066900,0.499283,-0.411228,-0.684178,-0.336914,-0.189728,0.092171,0.242053
2157,3111100234,0.499554,-0.410495,-0.684874,-0.335990,-0.123492,0.065106,0.009902
2158,3111133568,0.499573,-0.409736,-0.685774,-0.335052,-0.157904,-0.008654,0.211027
2159,3111166902,0.500203,-0.408229,-0.686796,-0.333857,-0.101692,-0.023934,0.100965
2160,3111200236,0.500550,-0.406834,-0.687847,-0.332874,-0.052349,-0.067715,0.064452
2161,3111233570,0.500487,-0.406145,-0.688639,-0.332172,0.026408,-0.084373,0.178898
2162,3111266904,0.500602,-0.405734,-0.688941,-0.331873,0.135474,0.210945,0.160029
2163,3111300238,0.500471,-0.405604,-0.689113,-0.331874,0.034960,0.197581,0.223556
2164,3111333572,0.500518,-0.405452,-0.689109,-0.331997,-0.051863,0.014938,0.202539
2165,3111366906,0.500768,-0.405282,-0.688867,-0.332329,0.018932,0.028606,0.063019
2166,3111400240,0.500799,-0.405234,-0.688750,-0.332583,0.018202,-0.086909,0.062045
2167,3111433574,0.500808,-0.405116,-0.688750,-0.332713,-0.048798,-0.165503,0.142290
2168,3111466908,0.500874,-0.404849,-0.688881,-0.332667,-0.008869,-0.029264,0.094789
2169,3111500242,0.500829,-0.404647,-0.689099,-0.332531,-0.036162,-0.031146,0.122536
2170,3111533576,0.500905,-0.404388,-0.689255,-0.332406,-0.005842,0.086417,0.179271
2171,3111566910,0.501178,-0.403899,-0.689421,-0.332246,0.083210,0.074444,0.127161
2172,3111600244,0.501343,-0.403476,-0.689499,-0.332349,-0.029271,-0.077717,0.126868
2173,3111633578,0.501573,-0.403083,-0.689522,-0.332432,-0.058930,-0.110378,0.110518
2174,3111666912,0.501859,-0.402678,-0.689521,-0.332492,0.015152,-0.089779,0.130600
2175,3111700246,0.502206,-0.402194,-0.689535,-0.332526,0.158433,-0.072693,0.153929
2176,3111733580,0.502588,-0.401681,-0.689515,-0.332610,0.136439,-0.109106,0.093591
2177,3111766914,0.502913,-0.401366,-0.689353,-0.332835,0.125519,-0.133782,0.115789
2178,3111800248,0.503134,-0.401287,-0.689102,-0.333116,0.200947,-0.090981,0.102382
2179,3111833582,0.503282,-0.401353,-0.688781,-0.333475,0.147139,-0.094311,0.135803
2180,3111866916,0.503508,-0.401294,-0.688546,-0.333691,0.014533,-0.059368,0.103148
2181,3111900250,0.503742,-0.401163,-0.688386,-0.333825,0.019835,-0.023600,0.136791
2182,3111933584,0.503926,-0.401030,-0.688248,-0.333992,-0.017479,0.009886,0.121161
2183,3111966918,0.504205,-0.400830,-0.688118,-0.334079,-0.053885,0.020281,0.130995
2184,3112000252,0.504484,-0.400569,-0.688011,-0.334190,-0.003507,0.030420,0.117097
2185,3112033586,0.504779,-0.400270,-0.687885,-0.334363,-0.007654,0.075638,0.175938
2186,3112066920,0.505128,-0.400008,-0.687677,-0.334578,0.030645,0.094138,0.132865
2187,3112100254,0.505324,-0.400023,-0.687318,-0.335002,0.052596,0.034188,0.117886
2188,3112133588,0.505433,-0.400185,-0.686907,-0.335486,0.075731,-0.035827,0.107903
2189,3112166922,0.505491,-0.400436,-0.686481,-0.335971,0.050802,-0.088321,0.080699
2190,3112200256,0.505574,-0.400637,-0.686144,-0.336294,0.051635,-0.118086,0.108799
2191,3112233590,0.505803,-0.400514,-0.686113,-0.336160,0.016702,-0.107958,0.096207
2192,3112266924,0.505866,-0.400564,-0.686093,-0.336046,0.001686,0.032808,0.129303
2193,3112300258,0.505841,-0.400830,-0.685922,-0.336114,-0.050397,0.139359,0.190834
2194,3112333592,0.505957,-0.401025,-0.685619,-0.336328,-0.055596,0.195427,0.218826
2195,3112366926,0.506197,-0.401277,-0.685077,-0.336769,-0.024406,0.202597,0.198774
2196,3112400260,0.506423,-0.401667,-0.684358,-0.337424,-0.000042,0.038282,0.106749
2197,3112433594,0.506757,-0.401829,-0.683784,-0.337894,-0.012038,-0.073184,0.066973
2198,3112466928,0.506926,-0.402199,-0.683280,-0.338221,0.004399,-0.140675,0.078522
2199,3112500262,0.506923,-0.402693,-0.682866,-0.338472,-0.009238,-0.088714,0.095594
2200,3112533596,0.507091,-0.402782,-0.682711,-0.338427,-0.050267,0.041323,0.129560
2201,3112566930,0.507353,-0.402556,-0.682793,-0.338137,-0.010570,0.044843,0.140472
2202,3112600264,0.507573,-0.402313,-0.682952,-0.337776,0.033307,-0.006004,0.101583
2203,3112633598,0.507679,-0.402209,-0.683058,-0.337527,0.039188,-0.043133,0.097599
2204,3112666932,0.507879,-0.401882,-0.683387,-0.336948,0.068742,-0.167439,0.130966
2205,3112700266,0.508296,-0.401469,-0.683594,-0.336392,0.121061,-0.071816,0.128815
2206,3112733600,0.508589,-0.401399,-0.683486,-0.336252,0.200946,-0.025601,0.135755
2207,3112766934,0.508986,-0.401204,-0.683401,-0.336057,0.130539,-0.136411,0.147029
2208,3112800268,0.509383,-0.401081,-0.683190,-0.336031,0.069594,-0.082338,0.093502
2209,3112833602,0.509662,-0.401174,-0.682920,-0.336047,0.058431,-0.112455,0.085758
2210,3112866936,0.509899,-0.401145,-0.682850,-0.335863,-0.001318,-0.098230,0.098947
2211,3112900270,0.510106,-0.401040,-0.682967,-0.335435,-0.050347,-0.074597,0.129875
2212,3112933604,0.510209,-0.401074,-0.682954,-0.335265,-0.008204,0.054243,0.097583
2213,3112966938,0.510265,-0.401102,-0.682911,-0.335235,-0.051519,0.073125,0.178673
2214,3113000272,0.510541,-0.400909,-0.682896,-0.335075,-0.078508,0.096292,0.193317
2215,3113033606,0.510886,-0.400745,-0.682751,-0.335040,-0.039918,0.072600,0.130553
2216,3113066940,0.511010,-0.400926,-0.682395,-0.335361,-0.049997,0.017195,0.134839
2217,3113100274,0.511197,-0.401073,-0.682061,-0.335579,-0.058572,0.008021,0.162900
2218,3113133608,0.511328,-0.401327,-0.681697,-0.335815,-0.043034,0.049563,0.088062
2219,3113166942,0.511475,-0.401566,-0.681335,-0.336041,-0.103377,0.061632,0.150117
2220,3113200276,0.511677,-0.401747,-0.680970,-0.336256,-0.121480,0.095283,0.189537
2221,3113233610,0.511976,-0.401850,-0.680539,-0.336550,-0.046139,0.118034,0.144878
2222,3113266944,0.512273,-0.401931,-0.680031,-0.337027,-0.029131,0.028921,0.192875
2223,3113300278,0.512721,-0.401875,-0.679533,-0.337416,0.046376,-0.003066,0.145678
2224,3113333612,0.513095,-0.401875,-0.679052,-0.337816,0.087908,-0.053784,0.139487
2225,3113366946,0.513487,-0.401890,-0.678566,-0.338182,0.072667,-0.103011,0.075014
2226,3113400280,0.513710,-0.402249,-0.677885,-0.338780,0.071674,0.013456,0.153914
2227,3113433614,0.513880,-0.402687,-0.677208,-0.339357,0.090613,0.108403,0.129212
2228,3113466948,0.513898,-0.403295,-0.676482,-0.340053,0.000632,0.107789,0.065898
2229,3113500282,0.513610,-0.404237,-0.675712,-0.340900,-0.075319,0.068227,0.136210
2230,3113533616,0.513560,-0.404886,-0.675131,-0.341356,-0.146433,-0.055839,0.151384
2231,3113566950,0.513724,-0.405063,-0.674807,-0.341540,-0.126893,0.037476,0.135578
2232,3113600284,0.513688,-0.405330,-0.674551,-0.341783,-0.139890,0.069624,0.138556
2233,3113633618,0.513677,-0.405550,-0.674368,-0.341900,-0.117200,0.117650,0.167594
2234,3113666952,0.513744,-0.405669,-0.674219,-0.341953,-0.129809,0.082153,0.135934
2235,3113700286,0.513846,-0.405642,-0.674161,-0.341945,-0.056925,-0.027752,0.096944
2236,3113733620,0.513872,-0.405534,-0.674281,-0.341797,-0.041449,-0.049874,0.099198
2237,3113766954,0.513813,-0.405409,-0.674538,-0.341528,-0.071557,-0.114736,0.072732
2238,3113800288,0.513726,-0.405271,-0.674864,-0.341176,-0.051956,-0.084751,0.122292
2239,3113833622,0.513604,-0.405095,-0.675238,-0.340831,0.007864,0.012259,0.132895
2240,3113866956,0.513437,-0.404886,-0.675669,-0.340475,0.025888,0.029967,0.112324
2241,3113900290,0.513143,-0.404859,-0.676021,-0.340253,-0.093890,-0.024352,0.135924
2242,3113933624,0.512870,-0.404949,-0.676257,-0.340088,-0.066814,0.004464,0.159762
2243,3113966958,0.512601,-0.405029,-0.676460,-0.339994,0.069675,0.022448,0.138404
2244,3114000292,0.512315,-0.405085,-0.676660,-0.339960,-0.035539,-0.006873,0.097658
2245,3114033626,0.512009,-0.405234,-0.676807,-0.339952,-0.046029,0.014128,0.127864
2246,3114066960,0.511601,-0.405520,-0.676882,-0.340073,-0.027643,0.117028,0.161577
2247,3114100294,0.511166,-0.405839,-0.676944,-0.340225,-0.037507,0.084745,0.123689
2248,3114133628,0.510711,-0.406122,-0.677064,-0.340330,-0.069027,0.011663,0.135975
2249,3114166962,0.510327,-0.406328,-0.677225,-0.340342,-0.054401,0.002497,0.132041
2250,3114200296,0.509901,-0.406505,-0.677461,-0.340300,-0.030841,0.000133,0.112239
2251,3114233630,0.509360,-0.406738,-0.677745,-0.340266,-0.011055,0.015273,0.110339
2252,3114266964,0.508796,-0.406958,-0.678058,-0.340222,-0.044690,0.009332,0.128880
2253,3114300298,0.508200,-0.407232,-0.678391,-0.340122,-0.063006,0.029613,0.137023
2254,3114333632,0.507576,-0.407530,-0.678730,-0.340019,-0.049669,0.043163,0.183640
2255,3114366966,0.506951,-0.408022,-0.678910,-0.340003,0.001339,-0.012805,0.122189
2256,3114400300,0.506411,-0.408471,-0.679140,-0.339810,-0.006622,-0.122868,0.090918
2257,3114433634,0.505894,-0.409021,-0.679325,-0.339549,0.084629,-0.136501,0.063784
2258,3114466968,0.505419,-0.409588,-0.679494,-0.339234,0.287424,0.004552,0.143249
2259,3114500302,0.504755,-0.410239,-0.679674,-0.339075,0.143409,-0.067259,0.078259
2260,3114533636,0.503978,-0.410972,-0.679798,-0.339095,0.010017,-0.018362,0.133761
2261,3114566970,0.503543,-0.411350,-0.680092,-0.338692,-0.043233,0.028176,0.157776
2262,3114600304,0.503019,-0.411754,-0.680383,-0.338396,-0.060691,0.124524,0.096198
2263,3114633638,0.502412,-0.412107,-0.680806,-0.338018,-0.147194,0.084851,0.177778
2264,3114666972,0.502400,-0.411804,-0.681436,-0.337134,-0.169332,0.070857,0.207241
2265,3114700306,0.502338,-0.411548,-0.681986,-0.336424,-0.004918,0.072950,0.075807
2266,3114733640,0.502154,-0.411335,-0.682606,-0.335701,-0.035452,-0.035292,0.196361
2267,3114766974,0.502325,-0.410689,-0.683231,-0.334966,0.080568,0.020320,0.118776
2268,3114800308,0.502223,-0.410311,-0.683831,-0.334356,-0.013142,-0.030028,0.100906
2269,3114833642,0.501969,-0.410158,-0.684297,-0.333973,0.115459,-0.042043,0.131882
2270,3114866976,0.501618,-0.410189,-0.684598,-0.333845,0.040670,0.004451,0.124008
2271,3114900310,0.501162,-0.410436,-0.684798,-0.333815,0.039994,-0.024377,0.129044
2272,3114933644,0.500645,-0.410821,-0.684868,-0.333974,0.025505,-0.008965,0.104797
2273,3114966978,0.500199,-0.411191,-0.684885,-0.334152,0.029875,0.002151,0.161514
2274,3115000312,0.499848,-0.411543,-0.684837,-0.334343,-0.005057,-0.007578,0.137403
2275,3115033646,0.499516,-0.411873,-0.684773,-0.334564,0.121010,-0.019089,0.129077
2276,3115066980,0.499140,-0.412188,-0.684670,-0.334948,0.036603,-0.050112,0.124338
2277,3115100314,0.498952,-0.412276,-0.684707,-0.335045,-0.022295,-0.098840,0.117775
2278,3115133648,0.498810,-0.412304,-0.684725,-0.335184,0.009356,-0.028206,0.121202
2279,3115166982,0.498691,-0.412262,-0.684867,-0.335122,0.059665,-0.094117,0.110679
2280,3115200316,0.498593,-0.412199,-0.684993,-0.335087,0.038956,-0.058649,0.096931
2281,3115233650,0.498525,-0.412033,-0.685230,-0.334909,0.004781,-0.113585,0.094782
2282,3115266984,0.498489,-0.411774,-0.685550,-0.334627,0.002028,-0.137355,0.100436
2283,3115300318,0.498510,-0.411360,-0.685968,-0.334247,0.053547,-0.067779,0.109193
2284,3115333652,0.498555,-0.410865,-0.686364,-0.333975,0.057952,0.009171,0.141076
2285,3115366986,0.498512,-0.410368,-0.686686,-0.333988,0.115544,0.094853,0.090900
2286,3115400320,0.498288,-0.409991,-0.687057,-0.334024,-0.006531,-0.071183,0.147741
2287,3115433654,0.498196,-0.409658,-0.687378,-0.333908,-0.146212,-0.133121,0.135657
2288,3115466988,0.498230,-0.409392,-0.687566,-0.333796,-0.074019,0.024369,0.184182
2289,3115500322,0.498359,-0.409053,-0.687749,-0.333644,0.067802,0.122331,0.128358
2290,3115533656,0.498501,-0.408687,-0.687970,-0.333425,0.013138,0.019131,0.128397
2291,3115566990,0.498650,-0.408385,-0.688093,-0.333317,0.048924,-0.011676,0.147362
2292,3115600324,0.498708,-0.408243,-0.688124,-0.333339,0.064471,-0.023244,0.091128
2293,3115633658,0.498645,-0.408236,-0.688158,-0.333374,0.080302,-0.042552,0.128803
2294,3115666992,0.498582,-0.408252,-0.688157,-0.333450,0.066688,-0.014096,0.129369
2295,3115700326,0.498586,-0.408163,-0.688209,-0.333444,0.036062,-0.080145,0.123540
2296,3115733660,0.498635,-0.408052,-0.688241,-0.333441,0.025316,-0.046860,0.140962
2297,3115766994,0.498718,-0.407984,-0.688199,-0.333487,0.053183,-0.001384,0.143284
2298,3115800328,0.498861,-0.407883,-0.688094,-0.333613,0.048253,0.017802,0.129307
2299,3115833662,0.499102,-0.407802,-0.687946,-0.333659,0.030960,-0.048069,0.123783
2300,3115866996,0.499339,-0.407737,-0.687730,-0.333829,0.086202,-0.048456,0.143099
2301,3115900330,0.499598,-0.407636,-0.687535,-0.333965,0.133107,-0.059467,0.134411
2302,3115933664,0.499766,-0.407584,-0.687349,-0.334161,0.080215,-0.117268,0.093921
2303,3115966998,0.499922,-0.407580,-0.687168,-0.334303,0.020149,-0.087341,0.070236
2304,3116000332,0.499903,-0.407704,-0.687018,-0.334488,0.027905,-0.023051,0.120999
2305,3116033666,0.499757,-0.407991,-0.686801,-0.334803,0.040005,0.051702,0.120897
2306,3116067000,0.499665,-0.408216,-0.686617,-0.335042,-0.023999,0.008088,0.143147
2307,3116100334,0.499626,-0.408436,-0.686398,-0.335282,-0.029687,0.089108,0.131490
2308,3116133668,0.499549,-0.408785,-0.686076,-0.335631,-0.063314,0.040272,0.146975
2309,3116167002,0.499532,-0.409024,-0.685808,-0.335913,-0.062349,0.034005,0.129447
2310,3116200336,0.499678,-0.409151,-0.685504,-0.336160,-0.031819,0.077089,0.170997
2311,3116233670,0.499932,-0.409161,-0.685194,-0.336403,-0.025821,0.087101,0.128116
2312,3116267004,0.500212,-0.409042,-0.684996,-0.336535,-0.007952,-0.038405,0.131640
2313,3116300338,0.500441,-0.408968,-0.684801,-0.336680,-0.001456,-0.037020,0.114288
2314,3116333672,0.500490,-0.409113,-0.684563,-0.336916,-0.050444,-0.046256,0.093937
2315,3116367006,0.500611,-0.409091,-0.684442,-0.337008,-0.033790,0.036831,0.130992
2316,3116400340,0.500707,-0.409069,-0.684344,-0.337091,0.005895,0.009206,0.114509
2317,3116433674,0.500767,-0.409066,-0.684238,-0.337220,-0.015065,-0.013139,0.125713
2318,3116467008,0.500787,-0.409118,-0.684122,-0.337363,-0.015099,0.001769,0.115711
2319,3116500342,0.500716,-0.409261,-0.683984,-0.337575,-0.013002,0.019993,0.133679
2320,3116533676,0.500681,-0.409400,-0.683853,-0.337724,0.006591,0.023461,0.104020
2321,3116567010,0.500617,-0.409502,-0.683796,-0.337811,-0.028812,-0.004266,0.117697
2322,3116600344,0.500566,-0.409604,-0.683723,-0.337909,0.024799,0.002851,0.127210
2323,3116633678,0.500459,-0.409766,-0.683613,-0.338095,0.052255,0.026563,0.114677
2324,3116667012,0.500375,-0.409822,-0.683626,-0.338125,-0.033737,-0.019208,0.134685
2325,3116700346,0.500398,-0.409743,-0.683698,-0.338041,-0.015998,-0.008050,0.141174
2326,3116733680,0.500394,-0.409738,-0.683709,-0.338032,0.050123,0.026534,0.113985
2327,3116767014,0.500339,-0.409798,-0.683701,-0.338056,0.031167,-0.004261,0.102312
2328,3116800348,0.500343,-0.409801,-0.683715,-0.338018,-0.011611,-0.020147,0.122582
2329,3116833682,0.500363,-0.409743,-0.683766,-0.337956,0.024196,0.006510,0.108846
2330,3116867016,0.500343,-0.409758,-0.683783,-0.337933,-0.016168,0.009184,0.120385
2331,3116900350,0.500308,-0.409795,-0.683793,-0.337919,0.002738,0.004671,0.131470
2332,3116933684,0.500336,-0.409756,-0.683854,-0.337802,0.010096,-0.009699,0.104444
2333,3116967018,0.500331,-0.409707,-0.683949,-0.337677,-0.007381,-0.038937,0.121136
2334,3117000352,0.500365,-0.409630,-0.684046,-0.337522,0.012602,-0.022210,0.102190
2335,3117033686,0.500533,-0.409160,-0.684447,-0.337030,0.054306,-0.013418,0.129218
2336,3117067020,0.500535,-0.408954,-0.684705,-0.336753,-0.027704,-0.020160,0.125706
2337,3117100354,0.500593,-0.408691,-0.684986,-0.336414,-0.006252,-0.032022,0.097642
2338,3117133688,0.500606,-0.408484,-0.685234,-0.336141,0.034199,0.003902,0.126775
2339,3117167022,0.500465,-0.408632,-0.685262,-0.336115,-0.021402,-0.002188,0.116913
2340,3117200356,0.500295,-0.408857,-0.685238,-0.336144,-0.005859,-0.020125,0.136696
2341,3117233690,0.500382,-0.408481,-0.685602,-0.335728,-0.024190,-0.027208,0.180039
2342,3117267024,0.500342,-0.408535,-0.685576,-0.335773,-0.074992,0.041336,0.123352
2343,3117300358,0.500212,-0.408686,-0.685530,-0.335878,-0.022238,0.042230,0.101661
2344,3117333692,0.500170,-0.408613,-0.685661,-0.335762,0.026591,-0.012476,0.144150
2345,3117367026,0.500288,-0.408187,-0.685964,-0.335486,-0.061471,-0.005228,0.084457
2346,3117400360,0.500049,-0.408363,-0.685993,-0.335570,-0.040829,-0.008803,0.162975
2347,3117433694,0.499904,-0.408544,-0.685928,-0.335698,0.032360,0.066196,0.149139
2348,3117467028,0.499767,-0.408706,-0.685857,-0.335850,0.039066,0.042147,0.124591
2349,3117500362,0.499635,-0.408828,-0.685839,-0.335934,-0.033170,0.010333,0.117332
2350,3117533696,0.499682,-0.408711,-0.685922,-0.335836,-0.036141,-0.005638,0.131794
2351,3117567030,0.499596,-0.408918,-0.685790,-0.335983,0.019972,0.039911,0.140376
2352,3117600364,0.499548,-0.409023,-0.685694,-0.336123,0.074067,0.036171,0.117704
2353,3117633698,0.499616,-0.408876,-0.685768,-0.336049,0.063950,-0.025388,0.108684
2354,3117667032,0.499468,-0.409146,-0.685629,-0.336224,0.033795,-0.022245,0.132447
2355,3117700366,0.499428,-0.409259,-0.685561,-0.336284,0.058300,-0.033555,0.136050
2356,3117733700,0.499443,-0.409330,-0.685489,-0.336323,0.083099,-0.009030,0.130375
2357,3117767034,0.499520,-0.409374,-0.685421,-0.336294,0.095228,0.002678,0.114333
2358,3117800368,0.499524,-0.409399,-0.685423,-0.336252,0.070959,-0.110408,0.077882
2359,3117833702,0.499582,-0.409256,-0.685608,-0.335964,-0.067717,-0.166293,0.113050
2360,3117867036,0.499744,-0.408930,-0.685916,-0.335492,-0.067820,-0.112648,0.107689
2361,3117900370,0.499953,-0.408420,-0.686351,-0.334911,-0.014529,-0.013892,0.112833
2362,3117933704,0.500149,-0.407738,-0.686952,-0.334216,0.005916,-0.013398,0.103233
2363,3117967038,0.500453,-0.406825,-0.687687,-0.333361,-0.055490,-0.042405,0.118430
2364,3118000372,0.500604,-0.406271,-0.688168,-0.332817,-0.048010,-0.011341,0.128121
2365,3118033706,0.500936,-0.405353,-0.688862,-0.332000,0.006522,0.037282,0.147094
2366,3118067040,0.501119,-0.404819,-0.689262,-0.331544,0.040125,0.084102,0.126021
2367,3118100374,0.501313,-0.404309,-0.689623,-0.331122,-0.008046,0.040794,0.125017
2368,3118133708,0.501420,-0.404050,-0.689766,-0.330977,0.032561,0.033707,0.150622
2369,3118167042,0.501547,-0.403902,-0.689802,-0.330892,0.044075,-0.015214,0.109204
2370,3118200376,0.501637,-0.403814,-0.689784,-0.330899,0.027557,-0.036508,0.124381
2371,3118233710,0.501710,-0.403788,-0.689723,-0.330949,0.056316,-0.032138,0.107669
2372,3118267044,0.501693,-0.403865,-0.689613,-0.331109,0.022990,0.015856,0.097794
2373,3118300378,0.501637,-0.403949,-0.689543,-0.331236,-0.070475,0.002319,0.124327
2374,3118333712,0.501616,-0.404013,-0.689486,-0.331310,-0.042827,0.038213,0.133682
2375,3118367046,0.501484,-0.404225,-0.689322,-0.331593,0.037262,0.047962,0.114993
2376,3118400380,0.501393,-0.404366,-0.689203,-0.331805,-0.014605,0.026073,0.140410
2377,3118433714,0.501300,-0.404576,-0.689025,-0.332059,-0.008438,0.009260,0.113997
2378,3118467048,0.501140,-0.404920,-0.688775,-0.332399,0.036968,0.033747,0.118098
2379,3118500382,0.500952,-0.405262,-0.688550,-0.332732,0.042213,0.036531,0.144009
2380,3118533716,0.500827,-0.405588,-0.688294,-0.333054,0.006727,0.006483,0.110647
2381,3118567050,0.500413,-0.406519,-0.687684,-0.333800,-0.008651,0.012167,0.119015
2382,3118600384,0.500205,-0.406918,-0.687430,-0.334147,0.033772,0.040514,0.114578
2383,3118633718,0.499993,-0.407324,-0.687179,-0.334487,-0.028606,0.021194,0.122516
2384,3118667052,0.499732,-0.407845,-0.686868,-0.334881,-0.027236,-0.013494,0.127873
2385,3118700386,0.499526,-0.408268,-0.686615,-0.335191,0.020837,0.013666,0.110115
2386,3118733720,0.499432,-0.408394,-0.686558,-0.335296,-0.011622,-0.017712,0.123636
2387,3118767054,0.499334,-0.408641,-0.686428,-0.335405,0.009814,-0.024987,0.128088
2388,3118800388,0.499478,-0.408454,-0.686516,-0.335239,0.024367,-0.055116,0.114110
2389,3118833722,0.499580,-0.408311,-0.686603,-0.335083,0.105351,0.002290,0.121519
2390,3118867056,0.499573,-0.408418,-0.686518,-0.335139,0.133763,0.004212,0.111445
2391,3118900390,0.499565,-0.408524,-0.686465,-0.335129,0.033864,-0.137750,0.093485
2392,3118933724,0.499539,-0.408635,-0.686472,-0.335018,0.013884,-0.082722,0.084218
2393,3118967058,0.499561,-0.408518,-0.686678,-0.334707,-0.006532,-0.034224,0.109811
2394,3119000392,0.499557,-0.408455,-0.686883,-0.334366,-0.047518,0.037740,0.135774
2395,3119033726,0.499519,-0.408438,-0.687095,-0.334011,-0.031033,0.072272,0.147941
2396,3119067060,0.499566,-0.408224,-0.687380,-0.333615,-0.076648,0.078164,0.118434
2397,3119100394,0.499693,-0.407860,-0.687765,-0.333074,-0.058499,0.003109,0.134616
2398,3119133728,0.499828,-0.407444,-0.688192,-0.332498,-0.016329,0.034743,0.127376
2399,3119167062,0.499991,-0.406855,-0.688748,-0.331821,-0.010791,0.009951,0.124354
2400,3119200396,0.500006,-0.406686,-0.689036,-0.331411,-0.067270,-0.005913,0.114353
2401,3119233730,0.500169,-0.406149,-0.689556,-0.330739,-0.008584,0.007314,0.140522
2402,3119267064,0.500412,-0.405437,-0.690165,-0.329976,0.004281,-0.007372,0.110451
2403,3119300398,0.500556,-0.404922,-0.690649,-0.329377,0.027569,-0.039935,0.124058
2404,3119333732,0.500705,-0.404391,-0.691125,-0.328802,0.049983,-0.010439,0.123675
2405,3119367066,0.500489,-0.404584,-0.691175,-0.328789,0.005268,0.002332,0.125360
2406,3119400400,0.500479,-0.404440,-0.691394,-0.328521,-0.029354,-0.020734,0.144380
2407,3119433734,0.500430,-0.404433,-0.691481,-0.328422,-0.036515,-0.016071,0.145987
2408,3119467068,0.500374,-0.404438,-0.691531,-0.328396,-0.016218,0.003483,0.122740
2409,3119500402,0.500395,-0.404254,-0.691677,-0.328281,-0.002245,0.008505,0.128806
2410,3119533736,0.500377,-0.404196,-0.691712,-0.328305,-0.016147,-0.012787,0.116034
2411,3119567070,0.500325,-0.404219,-0.691700,-0.328385,0.020824,-0.008803,0.122010
2412,3119600404,0.500264,-0.404259,-0.691656,-0.328519,0.026332,-0.014415,0.138805
2413,3119633738,0.500250,-0.404240,-0.691612,-0.328655,-0.000032,-0.046588,0.157776
2414,3119667072,0.500254,-0.404358,-0.691408,-0.328935,0.047301,-0.001009,0.127284
2415,3119700406,0.500232,-0.404446,-0.691239,-0.329216,0.069841,-0.014244,0.097296
2416,3119733740,0.500265,-0.404460,-0.691134,-0.329367,0.042748,-0.061488,0.109341
2417,3119767074,0.500356,-0.404340,-0.691123,-0.329398,0.048530,-0.055287,0.124643
2418,3119800408,0.500355,-0.404465,-0.690974,-0.329560,0.063648,-0.035651,0.113240
2419,3119833742,0.500350,-0.404519,-0.690889,-0.329682,0.015395,0.001391,0.130839
2420,3119867076,0.500424,-0.404514,-0.690807,-0.329746,-0.019765,0.044598,0.137010
2421,3119900410,0.500407,-0.404766,-0.690545,-0.330011,0.009654,0.043462,0.139371
2422,3119933744,0.500482,-0.404762,-0.690447,-0.330108,0.015299,0.015793,0.139410
2423,3119967078,0.500683,-0.404516,-0.690497,-0.329998,0.023937,-0.004092,0.124212
2424,3120000412,0.500708,-0.404595,-0.690366,-0.330138,0.048447,-0.004956,0.128546
2425,3120033746,0.500787,-0.404660,-0.690250,-0.330180,0.032537,-0.025024,0.119925
2426,3120067080,0.500816,-0.404787,-0.690115,-0.330266,0.008109,-0.006204,0.092942
2427,3120100414,0.500847,-0.404948,-0.689952,-0.330362,-0.022709,-0.011975,0.129324
2428,3120133748,0.500909,-0.405095,-0.689753,-0.330502,0.000304,0.038169,0.138185
2429,3120167082,0.500994,-0.405186,-0.689579,-0.330624,-0.078662,0.047783,0.159201
2430,3120200416,0.501111,-0.405217,-0.689410,-0.330762,-0.004028,0.023097,0.154033
2431,3120233750,0.501301,-0.405165,-0.689243,-0.330884,0.161179,-0.115688,0.024570
2432,3120267084,0.501440,-0.404938,-0.689382,-0.330664,0.091013,-0.228464,0.008989
2433,3120300418,0.501531,-0.404499,-0.689899,-0.329982,-0.038216,-0.125006,0.100438
2434,3120333752,0.501598,-0.403906,-0.690655,-0.329026,-0.112406,0.090388,0.105595
2435,3120367086,0.501718,-0.403121,-0.691591,-0.327836,-0.065865,0.128374,0.138485
2436,3120400420,0.501781,-0.402286,-0.692552,-0.326735,-0.155250,0.159305,0.158062
2437,3120433754,0.501806,-0.401555,-0.693434,-0.325724,-0.121603,0.145712,0.175327
2438,3120467088,0.501867,-0.400910,-0.694162,-0.324873,-0.093846,0.115117,0.168573
2439,3120500422,0.501823,-0.400502,-0.694716,-0.324257,0.002616,0.086471,0.118852
2440,3120533756,0.501810,-0.400203,-0.695133,-0.323755,0.002398,0.018540,0.151835
2441,3120567090,0.501843,-0.400057,-0.695372,-0.323371,-0.060777,0.032634,0.162527
2442,3120600424,0.501876,-0.400046,-0.695453,-0.323160,-0.062656,0.077342,0.114069
2443,3120633758,0.502005,-0.399930,-0.695697,-0.322576,-0.211265,-0.129261,0.165938
2444,3120667092,0.502589,-0.399507,-0.696098,-0.321322,-0.181319,-0.153310,0.131614
2445,3120700426,0.503046,-0.399015,-0.696522,-0.320299,-0.081774,0.026142,0.073394
2446,3120733760,0.503697,-0.397954,-0.697490,-0.318482,-0.069262,-0.058463,0.120760
2447,3120767094,0.504350,-0.396745,-0.698453,-0.316846,-0.005698,0.056539,0.094218
2448,3120800428,0.504966,-0.395463,-0.699442,-0.315280,0.026334,-0.029543,0.130642
2449,3120833762,0.505524,-0.394226,-0.700352,-0.313913,0.067793,-0.037582,0.068199
2450,3120867096,0.505866,-0.393083,-0.701308,-0.312659,0.069161,-0.086923,0.094247
2451,3120900430,0.506219,-0.391785,-0.702346,-0.311382,0.092037,-0.075827,0.094556
2452,3120933764,0.506412,-0.390556,-0.703405,-0.310220,0.095743,-0.019074,0.106206
2453,3120967098,0.506604,-0.389383,-0.704414,-0.309092,0.069148,0.044187,0.116710
2454,3121000432,0.506637,-0.388435,-0.705279,-0.308254,0.074327,0.077520,0.133050
2455,3121033766,0.506591,-0.387578,-0.706064,-0.307611,0.008506,0.057705,0.128961
2456,3121067100,0.506661,-0.386646,-0.706815,-0.306943,-0.005780,0.022804,0.113895
2457,3121100434,0.506540,-0.385911,-0.707501,-0.306487,-0.031763,-0.017300,0.114718
2458,3121133768,0.506458,-0.385051,-0.708313,-0.305830,-0.095637,-0.049254,0.143007
2459,3121167102,0.506444,-0.384021,-0.709257,-0.304957,-0.120044,-0.018040,0.101650
2460,3121200436,0.506472,-0.382773,-0.710382,-0.303861,-0.043439,0.080014,0.115424
2461,3121233770,0.506526,-0.381310,-0.711676,-0.302578,-0.012568,0.011288,0.107144
2462,3121267104,0.506637,-0.379737,-0.713040,-0.301155,0.031554,-0.099498,0.106187
2463,3121300438,0.506746,-0.378099,-0.714495,-0.299583,0.112037,-0.187255,0.061339
2464,3121333772,0.506682,-0.376569,-0.716054,-0.297890,0.202616,-0.280099,0.042604
2465,3121367106,0.506451,-0.375261,-0.717601,-0.296204,0.235613,-0.236949,0.021708
2466,3121400440,0.506024,-0.374223,-0.719064,-0.294696,0.245575,-0.125203,0.066153
2467,3121433774,0.505640,-0.373144,-0.720548,-0.293096,0.214268,-0.087722,0.111183
2468,3121467108,0.505251,-0.372177,-0.721943,-0.291558,0.081144,-0.084918,0.209381
2469,3121500442,0.504957,-0.371456,-0.723015,-0.290329,0.112971,0.078965,0.148392
2470,3121533776,0.504772,-0.370837,-0.723829,-0.289413,0.249662,0.299540,0.179320
2471,3121567110,0.504363,-0.370635,-0.724429,-0.288883,-0.012558,0.072762,0.133437
2472,3121600444,0.504028,-0.370622,-0.724901,-0.288298,-0.096771,-0.064927,0.123251
2473,3121633778,0.503837,-0.370572,-0.725262,-0.287788,0.051923,-0.067431,0.122614
2474,3121667112,0.503841,-0.370269,-0.725661,-0.287167,0.061223,-0.010195,0.069098
2475,3121700446,0.503974,-0.369931,-0.726030,-0.286433,0.117193,-0.076291,0.162668
2476,3121733780,0.504188,-0.369674,-0.726245,-0.285843,0.271251,0.073299,0.092159
2477,3121767114,0.503995,-0.369561,-0.726585,-0.285464,0.259187,0.018038,-0.049927
2478,3121800448,0.503359,-0.369293,-0.727502,-0.284597,-0.088309,-0.215753,-0.018555
2479,3121833782,0.502412,-0.369080,-0.728747,-0.283359,-0.355567,-0.251510,0.010222
2480,3121867116,0.501531,-0.368768,-0.730077,-0.281898,-0.381506,0.120866,0.203141
2481,3121900450,0.500869,-0.368190,-0.731312,-0.280628,-0.208805,0.511248,0.275681
2482,3121933784,0.500497,-0.367400,-0.732323,-0.279689,-0.112974,0.555160,0.342909
2483,3121967118,0.500506,-0.366775,-0.732722,-0.279447,-0.280182,0.237564,0.257153
2484,3122000452,0.500867,-0.366159,-0.732886,-0.279177,-0.307575,-0.035402,0.141628
2485,3122033786,0.501104,-0.365662,-0.732882,-0.279414,-0.152986,-0.183822,0.137090
2486,3122067120,0.501720,-0.364855,-0.732723,-0.279780,0.025601,-0.047021,0.131138
2487,3122100454,0.502483,-0.363893,-0.732540,-0.280144,0.249129,-0.067900,0.015474
2488,3122133788,0.502755,-0.363283,-0.732430,-0.280733,0.282945,-0.159034,0.028397
2489,3122167122,0.502996,-0.362389,-0.732752,-0.280616,0.213372,-0.260561,0.022457
2490,3122200456,0.503009,-0.361541,-0.733333,-0.280172,0.202155,-0.080617,-0.023658
2491,3122233790,0.502621,-0.360887,-0.734236,-0.279343,-0.084095,0.185728,0.212862
2492,3122267124,0.502482,-0.359866,-0.735251,-0.278238,-0.395150,0.439425,0.304286
2493,3122300458,0.502790,-0.358500,-0.736025,-0.277397,-0.545129,0.534780,0.360023
2494,3122333792,0.503757,-0.357028,-0.736200,-0.277075,-0.209735,0.369352,0.240790
2495,3122367126,0.504975,-0.355862,-0.735708,-0.277668,0.200936,0.133195,0.138893
2496,3122400460,0.506114,-0.354804,-0.734981,-0.278868,0.179975,-0.255270,0.118463
2497,3122433794,0.507479,-0.353221,-0.734467,-0.279751,0.399129,-0.432242,-0.007126
2498,3122467128,0.508239,-0.351910,-0.734004,-0.281235,0.332266,-0.188846,-0.135436
2499,3122500462,0.508568,-0.350725,-0.733937,-0.282293,-0.102407,-0.598971,0.091109
2500,3122533796,0.509062,-0.349982,-0.733477,-0.283518,-0.318914,-0.359679,0.124680
2501,3122567130,0.509300,-0.349845,-0.732699,-0.285266,-0.099661,0.001042,0.087237
2502,3122600464,0.509259,-0.349720,-0.731910,-0.287510,-0.139643,0.252185,0.184826
2503,3122633798,0.509565,-0.349126,-0.731258,-0.289340,-0.351962,0.161153,0.240494
2504,3122667132,0.509944,-0.349220,-0.729743,-0.292371,-0.160150,0.231274,0.224720
2505,3122700466,0.509945,-0.350501,-0.727182,-0.297177,-0.186566,0.221759,0.258008
2506,3122733800,0.510031,-0.352132,-0.723964,-0.302903,-0.143541,-0.063651,0.259470
2507,3122767134,0.510954,-0.353205,-0.720272,-0.308841,-0.176619,-0.126601,0.238194
2508,3122800468,0.512346,-0.354105,-0.716110,-0.315121,-0.101073,-0.198539,0.072197
2509,3122833802,0.513270,-0.355794,-0.711453,-0.322182,0.301369,-0.294359,0.053219
2510,3122867136,0.513620,-0.358338,-0.706258,-0.330138,0.318273,-0.368056,0.125805
2511,3122900470,0.514265,-0.360754,-0.700861,-0.337912,0.111305,-0.360695,0.169382
2512,3122933804,0.515345,-0.363001,-0.695146,-0.345577,0.223705,-0.060508,0.216890
2513,3122967138,0.516741,-0.365179,-0.688957,-0.353503,-0.044029,0.150687,0.482659
2514,3123000472,0.519667,-0.366245,-0.682132,-0.361262,-0.225612,0.390286,0.504091
2515,3123033806,0.523543,-0.366260,-0.675343,-0.368336,0.399154,0.687395,0.894756
2516,3123067140,0.528315,-0.365501,-0.668430,-0.374828,0.865854,0.646215,0.899092
2517,3123100474,0.533299,-0.365656,-0.660175,-0.382177,0.826736,0.489475,0.423431
2518,3123133808,0.537666,-0.367573,-0.650921,-0.390013,0.755387,-0.112752,0.325274
2519,3123167142,0.541020,-0.370512,-0.641566,-0.398012,0.767148,-0.399388,-0.167962
2520,3123200476,0.542980,-0.374559,-0.632973,-0.405247,0.202675,-0.810071,-0.537096
2521,3123233810,0.543344,-0.378491,-0.626990,-0.410376,0.041545,-0.642745,-0.746063
2522,3123267144,0.542330,-0.381882,-0.623625,-0.413689,-0.201317,-0.362879,-0.587621
2523,3123300478,0.540476,-0.384424,-0.622157,-0.415965,-0.318185,0.210912,-0.359008
2524,3123333812,0.538744,-0.385322,-0.622574,-0.416757,-0.337801,0.674315,0.023468
2525,3123367146,0.538394,-0.384174,-0.624058,-0.416049,-0.233554,0.988378,0.103514
2526,3123400480,0.538230,-0.382814,-0.625902,-0.414742,0.047358,0.843491,0.173330
2527,3123433814,0.537854,-0.382547,-0.626790,-0.414134,-0.257282,0.704569,0.212731
2528,3123467148,0.537695,-0.383026,-0.626868,-0.413780,-0.297952,0.550340,0.068888
2529,3123500482,0.537799,-0.383908,-0.626680,-0.413112,-0.499126,0.217143,-0.084032
2530,3123533816,0.538518,-0.384762,-0.626099,-0.412260,-0.512421,0.136085,-0.233366
2531,3123567150,0.540824,-0.384352,-0.624969,-0.411339,-0.524881,0.074957,-0.014430
2532,3123600484,0.544335,-0.383197,-0.624558,-0.408398,-0.198769,0.174936,-0.022564
2533,3123633818,0.548963,-0.381336,-0.624777,-0.403582,0.109320,0.518936,0.081636
2534,3123667152,0.550312,-0.381958,-0.626681,-0.398168,1.900404,-0.116408,0.099544
2535,3123700486,0.552070,-0.381266,-0.628670,-0.393232,1.048828,0.554439,0.315520
2536,3123733820,0.553492,-0.379630,-0.632660,-0.386357,1.124756,-0.137861,0.036721
2537,3123767154,0.554471,-0.379317,-0.636804,-0.378370,0.453265,-0.007549,0.402105
2538,3123800488,0.555468,-0.380053,-0.640282,-0.370211,0.174712,0.549980,0.263685
2539,3123833822,0.555954,-0.381637,-0.643672,-0.361880,0.545753,0.508139,0.244858
2540,3123867156,0.555695,-0.383412,-0.646996,-0.354397,0.562639,0.355509,0.055715
2541,3123900490,0.553951,-0.386472,-0.650354,-0.347591,0.387779,-0.281323,-0.162733
2542,3123933824,0.551632,-0.390578,-0.653730,-0.340279,-0.487986,-0.883093,0.070776
2543,3123967158,0.549725,-0.393227,-0.658532,-0.330927,-0.453054,-0.517228,0.209718
2544,3124000492,0.548746,-0.392865,-0.665365,-0.319104,-0.256960,-0.106054,0.124064
2545,3124033826,0.548791,-0.390880,-0.672608,-0.306009,-0.262276,-0.125351,0.127013
2546,3124067160,0.548783,-0.389794,-0.678331,-0.294561,0.103833,-0.010876,0.023024
2547,3124100494,0.548999,-0.389082,-0.682836,-0.284520,0.025278,0.063284,0.145769
2548,3124133828,0.549951,-0.387249,-0.686984,-0.275039,-0.361874,-0.294239,0.201722
2549,3124167162,0.551828,-0.384211,-0.691000,-0.265311,-0.096730,-0.421119,0.209115
2550,3124200496,0.552712,-0.382287,-0.694879,-0.255954,0.167679,-0.313958,0.065541
2551,3124233830,0.552619,-0.381403,-0.698290,-0.248068,-0.456937,-0.202327,0.193223
2552,3124267164,0.552974,-0.380486,-0.700902,-0.241225,-0.416159,0.054391,0.251056
2553,3124300498,0.553198,-0.380214,-0.702622,-0.236080,-0.616977,0.321959,0.250112
2554,3124333832,0.553804,-0.379888,-0.703767,-0.231734,-0.902002,-0.121341,0.344712
2555,3124367166,0.555515,-0.378751,-0.704314,-0.227804,-0.520915,-0.086463,0.048237
2556,3124400500,0.556585,-0.377815,-0.705166,-0.224081,-0.245474,-0.339728,0.131392
2557,3124433834,0.557814,-0.375738,-0.706745,-0.219496,0.096509,-0.430289,0.013107
2558,3124467168,0.558066,-0.373727,-0.709164,-0.214428,0.498598,-0.671526,0.043390
2559,3124500502,0.557451,-0.372494,-0.711698,-0.209728,1.089716,-0.471799,-0.037922
2560,3124533836,0.555268,-0.372800,-0.714279,-0.206167,0.927251,-0.647359,-0.094786
2561,3124567170,0.552404,-0.373721,-0.717081,-0.202435,0.348655,-0.464417,0.065407
2562,3124600504,0.549971,-0.374270,-0.719774,-0.198448,-0.055226,0.214137,0.181562
2563,3124633838,0.548132,-0.374640,-0.721939,-0.194940,-0.471694,0.940739,0.178671
2564,3124667172,0.546566,-0.376567,-0.722450,-0.193728,-0.624078,0.625658,0.431903
2565,3124700506,0.546769,-0.378942,-0.720710,-0.195004,-0.424127,0.618616,0.474100
2566,3124733840,0.546466,-0.381885,-0.718903,-0.196773,-0.200756,0.541900,0.145021
2567,3124767174,0.546204,-0.384025,-0.717520,-0.198375,-0.166615,0.259354,0.096757
2568,3124800508,0.546205,-0.385876,-0.716111,-0.199865,-0.285051,-0.418201,0.129377
2569,3124833842,0.547043,-0.386927,-0.714554,-0.201115,0.090638,-0.023714,0.207928
2570,3124867176,0.547536,-0.387457,-0.713782,-0.201494,-0.011617,0.079926,0.118085
2571,3124900510,0.548212,-0.387390,-0.713348,-0.201320,-0.249536,0.162806,0.027174
2572,3124933844,0.548727,-0.387357,-0.713028,-0.201114,-0.175418,0.154194,0.106478
2573,3124967178,0.549282,-0.387256,-0.712643,-0.201155,-0.101078,0.247033,0.183031
2574,3125000512,0.549603,-0.387089,-0.712489,-0.201147,0.088301,0.219342,0.053983
2575,3125033846,0.549738,-0.386769,-0.712600,-0.201000,0.098117,0.071356,0.120723
2576,3125067180,0.549892,-0.386288,-0.712809,-0.200764,0.092099,0.082099,0.087563
2577,3125100514,0.549929,-0.385951,-0.713058,-0.200425,0.113386,-0.040988,0.087179
2578,3125133848,0.550110,-0.385501,-0.713307,-0.199910,0.099330,-0.019423,0.160053
2579,3125167182,0.550517,-0.384882,-0.713519,-0.199223,0.088180,0.036181,0.150188
2580,3125200516,0.550950,-0.384229,-0.713752,-0.198451,0.099693,0.062245,0.108696
2581,3125233850,0.551508,-0.383416,-0.713966,-0.197702,0.104374,0.074314,0.141748
2582,3125267184,0.552228,-0.382516,-0.714080,-0.197022,0.069614,0.120328,0.141485
2583,3125300518,0.552811,-0.381971,-0.713987,-0.196782,0.123558,0.125481,0.142804
2584,3125333852,0.553530,-0.381441,-0.713729,-0.196724,0.034397,0.128244,0.167354
2585,3125367186,0.554541,-0.380697,-0.713313,-0.196828,0.039065,0.168838,0.209990
2586,3125400520,0.555691,-0.379859,-0.712757,-0.197219,0.143319,0.049601,0.196541
2587,3125433854,0.556889,-0.379158,-0.712011,-0.197879,0.396049,-0.276290,-0.112572
2588,3125467188,0.557658,-0.378832,-0.711435,-0.198410,0.543110,-0.602062,-0.063427
2589,3125500522,0.557849,-0.378637,-0.711429,-0.198268,0.495854,-0.708494,-0.001856
2590,3125533856,0.557977,-0.377889,-0.712054,-0.197088,0.245836,-0.430362,0.012509
2591,3125567190,0.557887,-0.377019,-0.713067,-0.195337,0.143874,-0.084627,0.126056
2592,3125600524,0.557914,-0.375990,-0.714027,-0.193730,-0.053756,0.386039,0.203268
2593,3125633858,0.558119,-0.374995,-0.714681,-0.192654,-0.162030,0.452581,0.213574
2594,3125667192,0.558402,-0.374322,-0.714922,-0.192247,-0.123739,0.334479,0.172642
2595,3125700526,0.558519,-0.374081,-0.714939,-0.192316,0.029464,0.039630,0.111072
2596,3125733860,0.558583,-0.373803,-0.715015,-0.192384,0.086280,-0.066168,0.105649
2597,3125767194,0.558724,-0.373132,-0.715319,-0.192148,0.091124,-0.061594,0.157166
2598,3125800528,0.559001,-0.372381,-0.715571,-0.191863,0.060048,0.021905,0.154339
2599,3125833862,0.559468,-0.371722,-0.715611,-0.191630,0.008793,0.092022,0.124434
2600,3125867196,0.560096,-0.371059,-0.715536,-0.191361,0.011251,0.090621,0.213899
2601,3125900530,0.560994,-0.370222,-0.715318,-0.191166,0.082018,0.173428,0.094341
2602,3125933864,0.561797,-0.369486,-0.715062,-0.191189,0.243765,0.114916,0.015938
2603,3125967198,0.562238,-0.368969,-0.714937,-0.191358,0.234410,-0.061135,0.060295
2604,3126000532,0.562391,-0.368468,-0.715039,-0.191492,0.222086,-0.144781,0.023938
2605,3126033866,0.562351,-0.368016,-0.715286,-0.191556,0.160824,-0.102136,0.077846
2606,3126067200,0.562240,-0.367627,-0.715530,-0.191721,0.059208,0.046825,0.114381
2607,3126100534,0.561876,-0.367436,-0.715801,-0.192137,0.077855,-0.014524,0.141473
2608,3126133868,0.561230,-0.367333,-0.716227,-0.192638,0.104565,-0.288282,0.034366
2609,3126167202,0.560377,-0.367047,-0.716990,-0.192828,0.306002,-0.456396,-0.021693
2610,3126200536,0.559355,-0.366612,-0.718069,-0.192607,0.367955,-0.451838,0.008895
2611,3126233870,0.558405,-0.365934,-0.719245,-0.192264,0.151660,-0.149498,0.104566
2612,3126267204,0.557740,-0.364834,-0.720439,-0.191812,-0.074553,0.100949,0.154212
2613,3126300538,0.557384,-0.363525,-0.721397,-0.191736,-0.368079,0.341058,0.249301
2614,3126333872,0.557186,-0.362357,-0.722003,-0.192236,-0.418551,0.349205,0.258677
2615,3126367206,0.557044,-0.361207,-0.722456,-0.193108,-0.260821,0.257980,0.169210
2616,3126400540,0.556700,-0.359950,-0.723072,-0.194140,-0.137224,0.015548,0.147655
2617,3126433874,0.556269,-0.358382,-0.723933,-0.195066,-0.113092,-0.062168,0.111352
2618,3126467208,0.555701,-0.356654,-0.724969,-0.196002,-0.154631,-0.074588,0.142041
2619,3126500542,0.554916,-0.355101,-0.725995,-0.197244,-0.160856,0.096614,0.122767
2620,3126533876,0.553694,-0.354060,-0.726912,-0.199162,-0.181952,0.120348,0.105628
2621,3126567210,0.552032,-0.353291,-0.727850,-0.201699,-0.264642,0.103334,0.140962
2622,3126600544,0.550031,-0.352681,-0.728771,-0.204881,-0.255347,0.136862,0.167347
2623,3126633878,0.547675,-0.352383,-0.729536,-0.208946,-0.129444,0.069231,0.139046
2624,3126667212,0.545273,-0.352062,-0.730116,-0.213687,-0.258750,-0.274937,0.279861
2625,3126700546,0.543626,-0.351700,-0.730186,-0.218194,-0.251138,-0.193497,0.359481
2626,3126733880,0.542559,-0.352665,-0.728975,-0.223284,-0.163478,-0.144635,0.146998
2627,3126767214,0.541492,-0.354973,-0.726597,-0.229868,-0.216506,-0.251234,0.010652
2628,3126800548,0.540084,-0.357830,-0.723752,-0.237598,-0.121435,0.050994,0.142401
2629,3126833882,0.538347,-0.360922,-0.720605,-0.246270,0.005697,0.395602,0.128495
2630,3126867216,0.536249,-0.364786,-0.716843,-0.255942,0.062327,0.492682,0.103548
2631,3126900550,0.533717,-0.369773,-0.712296,-0.266553,0.343760,0.361892,0.043587
2632,3126933884,0.530828,-0.375226,-0.707170,-0.278101,0.144788,0.026045,0.030845
2633,3126967218,0.527209,-0.380715,-0.702279,-0.289677,0.232835,-0.264794,0.106471
2634,3127000552,0.523291,-0.385740,-0.697778,-0.300797,0.207716,-0.340510,-0.046837
2635,3127033886,0.519304,-0.390430,-0.693810,-0.310673,0.476655,-0.229729,-0.109032
2636,3127067220,0.514470,-0.395622,-0.690021,-0.320432,0.418051,-0.183356,-0.118749
2637,3127100554,0.510492,-0.399799,-0.686777,-0.328479,-0.322847,-0.368268,0.024666
2638,3127133888,0.507313,-0.403097,-0.684205,-0.334683,-0.114202,0.066336,0.237940
2639,3127167222,0.503520,-0.406557,-0.681769,-0.341135,0.272513,0.470420,0.201259
2640,3127200556,0.499459,-0.410049,-0.679184,-0.348011,0.265442,0.496196,0.153227
2641,3127233890,0.496341,-0.412865,-0.676397,-0.354511,-0.500318,0.260433,0.271718
2642,3127267224,0.494695,-0.414936,-0.673616,-0.359650,-0.315080,0.341397,0.373541
2643,3127300558,0.492379,-0.417732,-0.670061,-0.366174,0.106627,0.618974,0.281324
2644,3127333892,0.489818,-0.420620,-0.666315,-0.373073,0.385813,0.483024,0.323771
2645,3127367226,0.488056,-0.422887,-0.662431,-0.379679,0.196318,0.296716,0.255399
2646,3127400560,0.487408,-0.424255,-0.658643,-0.385530,0.022904,0.223743,0.165190
2647,3127433894,0.486947,-0.425407,-0.655127,-0.390796,0.108459,0.107972,0.058128
2648,3127467228,0.486384,-0.426465,-0.652029,-0.395498,0.100382,0.045955,0.085299
2649,3127500562,0.486085,-0.427042,-0.649608,-0.399209,0.364360,0.043056,0.114575
2650,3127533896,0.486066,-0.427127,-0.647873,-0.401953,0.336963,0.051712,0.019750
2651,3127567230,0.485901,-0.427135,-0.646661,-0.404089,0.401622,0.015215,0.036694
2652,3127600564,0.485501,-0.427453,-0.645712,-0.405748,0.255166,-0.109292,-0.065870
2653,3127633898,0.484978,-0.427882,-0.645272,-0.406619,0.122253,-0.146019,0.149710
2654,3127667232,0.484878,-0.427736,-0.645431,-0.406640,0.255712,-0.075102,0.067189
2655,3127700566,0.484944,-0.427259,-0.646238,-0.405780,0.223029,-0.080076,0.022600
2656,3127733900,0.484971,-0.426732,-0.647402,-0.404444,0.247380,-0.095985,0.107759
2657,3127767234,0.485194,-0.426028,-0.648828,-0.402632,0.381365,0.040985,0.138033
2658,3127800568,0.485124,-0.425678,-0.650353,-0.400620,0.206874,0.078450,0.089638
2659,3127833902,0.485067,-0.425371,-0.652103,-0.398161,0.091193,0.101777,0.237639
2660,3127867236,0.485591,-0.424777,-0.653622,-0.395659,0.169523,0.158618,0.078623
2661,3127900570,0.485944,-0.424377,-0.655244,-0.392964,0.048015,0.308904,0.065496
2662,3127933904,0.485735,-0.424540,-0.656924,-0.390231,0.131816,0.131441,0.178887
2663,3127967238,0.485590,-0.424838,-0.658406,-0.387581,-0.022156,0.098881,0.153647
2664,3128000572,0.485936,-0.424692,-0.659872,-0.384804,-0.112418,0.156277,0.129718
2665,3128033906,0.486548,-0.424265,-0.661406,-0.381856,-0.057928,0.169716,0.259852
2666,3128067240,0.487054,-0.423893,-0.663007,-0.378837,0.127805,0.163919,0.389673
2667,3128100574,0.487681,-0.423302,-0.664408,-0.376228,0.072178,0.087675,0.086409
2668,3128133908,0.488648,-0.422432,-0.665718,-0.373627,0.016821,-0.063252,0.017616
2669,3128167242,0.489355,-0.421936,-0.666747,-0.371420,0.001444,-0.231570,0.094424
2670,3128200576,0.489835,-0.421525,-0.667901,-0.369173,-0.059496,-0.319279,0.077296
2671,3128233910,0.490407,-0.420727,-0.669483,-0.366449,-0.072007,-0.344999,0.027842
2672,3128267244,0.491010,-0.419721,-0.671275,-0.363504,-0.012692,-0.267091,0.087273
2673,3128300578,0.491353,-0.418911,-0.673136,-0.360523,0.066423,-0.177930,0.090187
2674,3128333912,0.491450,-0.418334,-0.675016,-0.357533,0.053969,-0.093303,0.057551
2675,3128367246,0.491345,-0.417890,-0.676940,-0.354546,-0.040912,-0.081878,0.130340
2676,3128400580,0.491452,-0.417177,-0.678957,-0.351366,-0.122513,-0.136389,0.146774
2677,3128433914,0.491647,-0.416318,-0.680887,-0.348364,0.074364,-0.069630,0.196666
2678,3128467248,0.491755,-0.415532,-0.682699,-0.345593,0.035958,-0.122604,0.177007
2679,3128500582,0.492165,-0.414567,-0.684336,-0.342919,-0.029545,-0.138250,0.089051
2680,3128533916,0.492476,-0.413751,-0.685658,-0.340813,-0.008695,0.010264,0.140272
2681,3128567250,0.492695,-0.413087,-0.686786,-0.339026,-0.023588,0.115962,0.163088
2682,3128600584,0.492967,-0.412451,-0.687749,-0.337448,-0.145148,0.046567,0.161917
2683,3128633918,0.493166,-0.411960,-0.688476,-0.336272,-0.225248,0.009539,0.180375
2684,3128667252,0.493368,-0.411453,-0.689094,-0.335329,-0.185606,0.026119,0.143068
2685,3128700586,0.493460,-0.411015,-0.689642,-0.334604,-0.164306,-0.008951,0.137373
2686,3128733920,0.493554,-0.410668,-0.690033,-0.334086,-0.153036,0.019710,0.172094
2687,3128767254,0.493597,-0.410536,-0.690134,-0.333976,-0.054031,0.075823,0.153861
2688,3128800588,0.493407,-0.410710,-0.689960,-0.334402,0.003760,0.021686,0.115329
2689,3128833922,0.493195,-0.410911,-0.689691,-0.335021,-0.133029,-0.118698,0.119753
2690,3128867256,0.493215,-0.410884,-0.689424,-0.335576,-0.185599,-0.138093,0.122083
2691,3128900590,0.493293,-0.410828,-0.689061,-0.336274,-0.023166,0.032587,0.100348
2692,3128933924,0.493379,-0.410790,-0.688611,-0.337114,0.054774,-0.003802,0.141996
2693,3128967258,0.493605,-0.410525,-0.688219,-0.337906,0.116133,0.069362,0.155282
2694,3129000592,0.493661,-0.410319,-0.687833,-0.338858,0.103785,0.023492,0.076818
2695,3129033926,0.493284,-0.410569,-0.687375,-0.340033,0.001479,-0.099452,0.116151
2696,3129067260,0.493024,-0.410851,-0.686866,-0.341096,-0.018071,0.009156,0.209101
2697,3129100594,0.492941,-0.410993,-0.686360,-0.342063,0.052882,0.022840,0.168902
2698,3129133928,0.492779,-0.411250,-0.685712,-0.343284,0.063005,0.032648,0.139898
2699,3129167262,0.492730,-0.411476,-0.684959,-0.344584,0.114269,0.047809,0.117567
2700,3129200596,0.492685,-0.411746,-0.684112,-0.346007,0.085801,-0.013294,0.125090
2701,3129233930,0.492663,-0.411985,-0.683312,-0.347329,0.083321,-0.118904,0.104368
2702,3129267264,0.492698,-0.412129,-0.682596,-0.348516,0.084025,-0.124376,0.083714
2703,3129300598,0.492645,-0.412263,-0.682051,-0.349498,0.143976,-0.149266,0.077253
2704,3129333932,0.492422,-0.412548,-0.681605,-0.350346,0.203931,-0.108399,0.106205
2705,3129367266,0.492158,-0.413008,-0.681087,-0.351181,0.159296,-0.034038,0.089286
2706,3129400600,0.491920,-0.413537,-0.680500,-0.352027,0.142489,-0.003898,0.099439
2707,3129433934,0.491697,-0.414130,-0.679845,-0.352908,0.134703,0.049085,0.190614
2708,3129467268,0.491509,-0.414655,-0.679286,-0.353627,0.035867,-0.027891,0.138870
2709,3129500602,0.491637,-0.414851,-0.678843,-0.354071,0.004342,0.036049,0.116886
2710,3129533936,0.491791,-0.414948,-0.678564,-0.354277,0.051820,0.130734,0.128387
2711,3129567270,0.491568,-0.415300,-0.678439,-0.354414,0.051542,-0.096586,0.099758
2712,3129600604,0.491431,-0.415497,-0.678506,-0.354246,-0.060793,-0.149419,0.071194
2713,3129633938,0.491353,-0.415489,-0.678816,-0.353770,0.003691,-0.054597,0.081026
2714,3129667272,0.491164,-0.415340,-0.679437,-0.353014,0.024903,-0.075574,0.075107
2715,3129700606,0.490905,-0.415210,-0.680147,-0.352159,-0.078490,-0.012373,0.182158
2716,3129733940,0.490703,-0.415220,-0.680634,-0.351484,-0.078525,0.186787,0.183043
2717,3129767274,0.490582,-0.415288,-0.680881,-0.351097,-0.067663,0.267742,0.172665
2718,3129800608,0.490812,-0.415098,-0.681046,-0.350679,-0.104094,0.220050,0.242864
2719,3129833942,0.491313,-0.414731,-0.681049,-0.350406,-0.030968,0.219048,0.199077
2720,3129867276,0.491734,-0.414497,-0.680845,-0.350489,0.030649,0.078973,0.092996
2721,3129900610,0.492131,-0.414279,-0.680688,-0.350496,0.011138,-0.130764,0.043047
2722,3129933944,0.492350,-0.414094,-0.680721,-0.350340,0.096753,-0.130132,0.048460
2723,3129967278,0.492283,-0.413994,-0.681079,-0.349856,0.006562,-0.146108,0.064117
2724,3130000612,0.492315,-0.413755,-0.681585,-0.349110,0.000028,-0.008907,0.151035
2725,3130033946,0.492330,-0.413611,-0.682031,-0.348386,0.056070,0.142924,0.140657
2726,3130067280,0.492106,-0.413699,-0.682403,-0.347870,0.053396,0.091211,0.128284
2727,3130100614,0.492125,-0.413543,-0.682810,-0.347229,-0.070281,0.033090,0.134144
2728,3130133948,0.492328,-0.413158,-0.683320,-0.346395,-0.046241,-0.049906,0.138551
2729,3130167282,0.492556,-0.412723,-0.683851,-0.345542,0.091975,-0.061399,0.135707
2730,3130200616,0.492770,-0.412333,-0.684337,-0.344739,0.078866,-0.107651,0.113011
2731,3130233950,0.493018,-0.411930,-0.684779,-0.343986,0.140887,-0.113119,0.123584
2732,3130267284,0.493322,-0.411442,-0.685229,-0.343238,0.070255,-0.067866,0.090657
2733,3130300618,0.493533,-0.411006,-0.685676,-0.342563,-0.008691,-0.146763,0.089631
2734,3130333952,0.493793,-0.410587,-0.686113,-0.341814,0.004135,-0.056009,0.119974
2735,3130367286,0.493919,-0.410242,-0.686578,-0.341114,0.030631,0.033446,0.137233
2736,3130400620,0.494044,-0.409916,-0.686986,-0.340504,-0.039221,0.025552,0.157624
2737,3130433954,0.494216,-0.409658,-0.687245,-0.340041,-0.055967,0.081165,0.134670
2738,3130467288,0.494269,-0.409605,-0.687335,-0.339846,-0.041431,0.104986,0.142871
2739,3130500622,0.494346,-0.409567,-0.687337,-0.339777,-0.015570,0.086979,0.137056
2740,3130533956,0.494367,-0.409620,-0.687256,-0.339845,0.022505,0.033729,0.126858
2741,3130567290,0.494384,-0.409668,-0.687166,-0.339943,-0.015475,-0.062023,0.121616
2742,3130600624,0.494383,-0.409729,-0.687052,-0.340102,0.039329,-0.057499,0.117277
2743,3130633958,0.494294,-0.409857,-0.686973,-0.340238,0.031161,-0.024654,0.086883
2744,3130667292,0.494110,-0.410050,-0.686897,-0.340426,0.012862,-0.017940,0.133797
2745,3130700626,0.493962,-0.410173,-0.686867,-0.340552,-0.057900,0.017278,0.108808
2746,3130733960,0.493823,-0.410266,-0.686878,-0.340620,-0.081069,0.006880,0.149950
2747,3130767294,0.493643,-0.410424,-0.686823,-0.340801,-0.032069,0.069637,0.151098
2748,3130800628,0.493591,-0.410436,-0.686799,-0.340908,0.016347,0.051834,0.115980
2749,3130833962,0.493521,-0.410459,-0.686770,-0.341041,-0.016979,-0.022193,0.114110
2750,3130867296,0.493480,-0.410490,-0.686739,-0.341126,0.007955,-0.046909,0.131491
2751,3130900630,0.493358,-0.410574,-0.686693,-0.341296,0.018918,0.002321,0.136024
2752,3130933964,0.493304,-0.410570,-0.686725,-0.341313,0.025922,0.013273,0.139715
2753,3130967298,0.493363,-0.410524,-0.686663,-0.341407,0.010570,0.001499,0.143738
2754,3131000632,0.493407,-0.410539,-0.686506,-0.341643,0.005789,-0.018540,0.130798
2755,3131033966,0.493529,-0.410476,-0.686376,-0.341802,0.031513,-0.063960,0.124905
2756,3131067300,0.493678,-0.410339,-0.686282,-0.341941,0.086395,-0.069940,0.088322
2757,3131100634,0.493792,-0.410218,-0.686223,-0.342038,0.101440,-0.080576,0.106951
2758,3131133968,0.493859,-0.410168,-0.686178,-0.342093,0.069945,-0.039853,0.121840
2759,3131167302,0.493920,-0.410086,-0.686195,-0.342070,0.064853,0.022666,0.125779
2760,3131200636,0.494013,-0.409985,-0.686214,-0.342016,0.027376,0.072889,0.131893
2761,3131233970,0.494112,-0.409865,-0.686258,-0.341930,0.026377,0.006049,0.143604
2762,3131267304,0.494301,-0.409649,-0.686343,-0.341744,-0.007013,0.079429,0.127737
2763,3131300638,0.494442,-0.409413,-0.686518,-0.341472,0.019155,0.028412,0.105846
2764,3131333972,0.494579,-0.409171,-0.686723,-0.341152,-0.013978,-0.011061,0.100146
2765,3131367306,0.494626,-0.409057,-0.686924,-0.340816,-0.012286,-0.042508,0.136401
2766,3131400640,0.494636,-0.408876,-0.687220,-0.340423,-0.038367,-0.005409,0.125321
2767,3131433974,0.494672,-0.408522,-0.687715,-0.339792,-0.045177,-0.088126,0.074965
2768,3131467308,0.494664,-0.408107,-0.688330,-0.339058,-0.032360,-0.043772,0.104390
2769,3131500642,0.494570,-0.407845,-0.688921,-0.338309,-0.033678,0.055119,0.157506
2770,3131533976,0.494670,-0.407342,-0.689556,-0.337473,0.010232,0.135715,0.125701
2771,3131567310,0.494544,-0.407220,-0.689935,-0.337033,0.022836,0.145160,0.171879
2772,3131600644,0.494565,-0.407008,-0.690258,-0.336594,-0.023495,0.091837,0.153779
2773,3131633978,0.494620,-0.406819,-0.690504,-0.336238,-0.019598,0.031142,0.138169
2774,3131667312,0.494690,-0.406586,-0.690769,-0.335874,-0.000693,0.024460,0.135524
2775,3131700646,0.494732,-0.406403,-0.690978,-0.335602,0.010251,0.030952,0.140501
2776,3131733980,0.494769,-0.406272,-0.691130,-0.335392,-0.038924,-0.027717,0.128156
2777,3131767314,0.494826,-0.406098,-0.691307,-0.335154,-0.097557,-0.029020,0.123375
2778,3131800648,0.494903,-0.405814,-0.691527,-0.334932,-0.082772,-0.042619,0.139870
2779,3131833982,0.495137,-0.405304,-0.691796,-0.334648,-0.049010,-0.046306,0.132165
2780,3131867316,0.495466,-0.404754,-0.691997,-0.334410,0.033855,0.082072,0.172940
2781,3131900650,0.495857,-0.404266,-0.692023,-0.334365,0.059987,0.089777,0.142433
2782,3131933984,0.496271,-0.403921,-0.691834,-0.334561,0.056810,-0.020398,0.164238
2783,3131967318,0.496753,-0.403707,-0.691422,-0.334956,0.110339,-0.088750,0.138298
2784,3132000652,0.497226,-0.403540,-0.690911,-0.335510,0.178309,-0.154581,0.045665
2785,3132033986,0.497493,-0.403498,-0.690472,-0.336067,0.163271,-0.291914,0.032031
2786,3132067320,0.497637,-0.403455,-0.690288,-0.336284,0.090911,-0.338971,0.046680
2787,3132100654,0.497699,-0.403333,-0.690365,-0.336181,0.074357,-0.159346,0.040844
2788,3132133988,0.497457,-0.403443,-0.690518,-0.336093,0.051702,-0.031270,0.118124
2789,3132167322,0.497235,-0.403541,-0.690737,-0.335854,-0.029656,0.063915,0.155790
2790,3132200656,0.497122,-0.403599,-0.690872,-0.335673,-0.073662,0.169347,0.183093
2791,3132233990,0.497046,-0.403634,-0.690912,-0.335659,-0.119294,0.208427,0.159824
2792,3132267324,0.497154,-0.403473,-0.690951,-0.335614,-0.133100,0.158001,0.178688
2793,3132300658,0.497385,-0.403236,-0.690940,-0.335579,-0.087501,0.149719,0.173589
2794,3132333992,0.497542,-0.403102,-0.690867,-0.335656,0.002518,0.085531,0.152671
2795,3132367326,0.497606,-0.402989,-0.690851,-0.335731,-0.003316,0.012151,0.099604
2796,3132400660,0.497630,-0.402935,-0.690838,-0.335787,0.006284,-0.000404,0.116562
2797,3132433994,0.497720,-0.402753,-0.690937,-0.335669,-0.015314,0.051780,0.126325
2798,3132467328,0.497799,-0.402539,-0.691064,-0.335545,0.003332,0.072283,0.116243
2799,3132500662,0.497810,-0.402379,-0.691212,-0.335418,-0.008689,0.043086,0.132259
2800,3132533996,0.497894,-0.402238,-0.691289,-0.335304,-0.014795,0.061781,0.149234
2801,3132567330,0.498068,-0.402123,-0.691199,-0.335370,0.039863,0.049875,0.138568
2802,3132600664,0.498267,-0.401924,-0.691121,-0.335473,0.049309,-0.005636,0.125652
2803,3132633998,0.498452,-0.401742,-0.691060,-0.335541,0.020773,-0.107492,0.117529
2804,3132667332,0.498673,-0.401536,-0.691056,-0.335466,0.019529,-0.090290,0.081927
2805,3132700666,0.498742,-0.401428,-0.691118,-0.335365,0.077793,-0.038561,0.102684
2806,3132734000,0.498740,-0.401337,-0.691273,-0.335158,0.021936,-0.084696,0.116104
2807,3132767334,0.498782,-0.401226,-0.691401,-0.334964,-0.013606,-0.032627,0.118721
2808,3132800668,0.498831,-0.401144,-0.691488,-0.334811,0.053749,0.021624,0.131308
2809,3132834002,0.498880,-0.401057,-0.691543,-0.334728,0.051014,-0.004845,0.129633
2810,3132867336,0.498968,-0.400994,-0.691531,-0.334697,0.034966,-0.060569,0.129260
2811,3132900670,0.499059,-0.400905,-0.691542,-0.334647,0.076364,-0.059650,0.127917
2812,3132934004,0.499102,-0.400835,-0.691511,-0.334730,0.036367,-0.035353,0.105453
2813,3132967338,0.499112,-0.400838,-0.691434,-0.334869,0.002377,-0.023306,0.109552
2814,3133000672,0.499148,-0.400788,-0.691379,-0.334988,-0.061196,-0.002857,0.165375
2815,3133034006,0.499398,-0.400506,-0.691448,-0.334811,-0.058511,-0.055069,0.146965
2816,3133067340,0.499635,-0.400194,-0.691461,-0.334804,-0.002207,0.044090,0.121738
2817,3133100674,0.499771,-0.400004,-0.691442,-0.334868,-0.001265,0.003607,0.127319
2818,3133134008,0.499920,-0.399818,-0.691444,-0.334863,0.007244,-0.020422,0.121921
2819,3133167342,0.500125,-0.399561,-0.691491,-0.334767,0.014788,-0.021242,0.107959
2820,3133200676,0.500299,-0.399333,-0.691510,-0.334739,0.070063,-0.018837,0.103371
2821,3133234010,0.500415,-0.399176,-0.691523,-0.334727,0.049957,-0.031035,0.104650
2822,3133267344,0.500425,-0.399192,-0.691479,-0.334783,0.046936,-0.063167,0.129196
2823,3133300678,0.500452,-0.399163,-0.691439,-0.334861,0.011469,0.030470,0.164527
2824,3133334012,0.500633,-0.398951,-0.691488,-0.334740,-0.010619,0.028321,0.129536
2825,3133367346,0.500775,-0.398733,-0.691536,-0.334690,-0.008316,0.010318,0.115682
2826,3133400680,0.501001,-0.398457,-0.691578,-0.334592,0.041278,0.029913,0.131019
2827,3133434014,0.501231,-0.398166,-0.691631,-0.334484,0.013853,0.028487,0.110479
2828,3133467348,0.501409,-0.397923,-0.691669,-0.334431,-0.051881,-0.008836,0.133543
2829,3133500682,0.501634,-0.397614,-0.691737,-0.334319,0.000573,0.012717,0.113542
2830,3133534016,0.501824,-0.397307,-0.691805,-0.334258,-0.007166,-0.007866,0.106105
2831,3133567350,0.501952,-0.397022,-0.691916,-0.334175,-0.005846,0.010010,0.127079
2832,3133600684,0.502155,-0.396652,-0.692059,-0.334011,0.017862,0.050280,0.135715
2833,3133634018,0.502296,-0.396323,-0.692196,-0.333907,-0.014463,0.012223,0.113570
2834,3133667352,0.502397,-0.396012,-0.692353,-0.333800,-0.048921,-0.020357,0.130260
2835,3133700686,0.502535,-0.395734,-0.692463,-0.333693,0.017479,0.029880,0.126821
2836,3133734020,0.502613,-0.395496,-0.692590,-0.333594,0.007259,0.041420,0.151204
2837,3133767354,0.502698,-0.395236,-0.692705,-0.333533,-0.016801,0.026153,0.113795
2838,3133800688,0.502751,-0.395048,-0.692776,-0.333531,-0.039224,0.024803,0.148887
2839,3133834022,0.502777,-0.394944,-0.692790,-0.333586,-0.018316,0.040547,0.122838
2840,3133867356,0.502738,-0.394912,-0.692749,-0.333768,0.026291,0.028148,0.145143
2841,3133900690,0.502741,-0.394867,-0.692679,-0.333961,0.008923,0.049878,0.136806
2842,3133934024,0.502719,-0.394928,-0.692511,-0.334269,-0.009748,-0.004912,0.124637
2843,3133967358,0.502707,-0.394988,-0.692356,-0.334538,0.020322,-0.057442,0.120066
2844,3134000692,0.502737,-0.394959,-0.692280,-0.334686,0.078535,-0.060103,0.113738
2845,3134034026,0.502782,-0.394785,-0.692344,-0.334689,0.059511,-0.036331,0.108963
2846,3134067360,0.502854,-0.394539,-0.692516,-0.334517,0.014704,-0.018318,0.111643
2847,3134100694,0.502902,-0.394343,-0.692677,-0.334342,0.011205,0.002794,0.144934
2848,3134134028,0.503047,-0.394050,-0.692833,-0.334144,0.004257,0.050063,0.157888
2849,3134167362,0.503222,-0.393689,-0.692983,-0.333997,0.062234,0.064313,0.129333
2850,3134200696,0.503401,-0.393433,-0.693016,-0.333959,0.059093,0.013947,0.128442
2851,3134234030,0.503520,-0.393311,-0.692998,-0.333961,0.058656,-0.044993,0.105713
2852,3134267364,0.503605,-0.393257,-0.692950,-0.333997,0.047133,-0.018100,0.152117
2853,3134300698,0.503699,-0.393213,-0.692882,-0.334049,0.050285,-0.010474,0.110868
2854,3134334032,0.503784,-0.393212,-0.692787,-0.334118,0.026303,-0.025941,0.092901
2855,3134367366,0.503779,-0.393311,-0.692705,-0.334178,-0.014571,-0.037100,0.132867
2856,3134400700,0.503838,-0.393337,-0.692641,-0.334191,0.004929,0.000324,0.111756
2857,3134434034,0.503820,-0.393391,-0.692565,-0.334311,0.055529,0.003832,0.129221
2858,3134467368,0.503825,-0.393342,-0.692576,-0.334339,0.033989,-0.054676,0.095194
2859,3134500702,0.503828,-0.393300,-0.692626,-0.334281,-0.003444,-0.044837,0.092343
2860,3134534036,0.503642,-0.393516,-0.692571,-0.334421,-0.002987,0.046755,0.178348
2861,3134567370,0.503445,-0.393830,-0.692412,-0.334677,-0.024506,0.135903,0.177184
2862,3134600704,0.503352,-0.394189,-0.692120,-0.334998,-0.064570,0.134075,0.201772
2863,3134634038,0.503301,-0.394652,-0.691626,-0.335550,-0.017736,0.096360,0.170876
2864,3134667372,0.503344,-0.395074,-0.691046,-0.336184,0.084365,0.036234,0.091424
2865,3134700706,0.503310,-0.395572,-0.690485,-0.336800,0.038779,0.010926,0.146070
2866,3134734040,0.503231,-0.396164,-0.689911,-0.337398,0.016367,-0.008750,0.127621
2867,3134767374,0.503145,-0.396708,-0.689383,-0.337969,0.000818,0.004295,0.119941
2868,3134800708,0.503045,-0.397230,-0.688912,-0.338462,-0.017226,0.019378,0.126243
2869,3134834042,0.502900,-0.397871,-0.688361,-0.339046,-0.003938,0.056123,0.127081
2870,3134867376,0.502771,-0.398524,-0.687751,-0.339707,-0.002645,0.025267,0.136564
2871,3134900710,0.502702,-0.399067,-0.687168,-0.340352,-0.045340,-0.030795,0.127299
2872,3134934044,0.502665,-0.399464,-0.686731,-0.340822,-0.014746,-0.074701,0.117906
2873,3134967378,0.502702,-0.399727,-0.686379,-0.341169,0.035771,-0.077621,0.138070
2874,3135000712,0.502740,-0.399985,-0.685999,-0.341574,0.069796,-0.034738,0.128720
2875,3135034046,0.502755,-0.400304,-0.685566,-0.342047,0.094669,-0.018193,0.138716
2876,3135067380,0.502841,-0.400621,-0.685064,-0.342556,0.055014,-0.018381,0.159391
2877,3135100714,0.502983,-0.400913,-0.684548,-0.343036,0.063810,-0.039200,0.101551
2878,3135134048,0.503019,-0.401236,-0.684061,-0.343577,0.032535,-0.125329,0.104273
2879,3135167382,0.503091,-0.401431,-0.683747,-0.343867,-0.012068,-0.178791,0.094853
2880,3135200716,0.503207,-0.401466,-0.683642,-0.343867,-0.031998,-0.108755,0.079898
2881,3135234050,0.503203,-0.401515,-0.683655,-0.343790,-0.011535,-0.054701,0.116426
2882,3135267384,0.503217,-0.401492,-0.683749,-0.343608,-0.006266,0.019293,0.132466
2883,3135300718,0.503267,-0.401379,-0.683881,-0.343403,-0.007755,0.070367,0.114417
2884,3135334052,0.503276,-0.401270,-0.684047,-0.343189,-0.020368,0.009171,0.138292
2885,3135367386,0.503280,-0.401218,-0.684135,-0.343067,-0.015538,0.024361,0.128819
2886,3135400720,0.503264,-0.401229,-0.684175,-0.342997,0.026851,0.030014,0.151713
2887,3135434054,0.503240,-0.401273,-0.684162,-0.343009,-0.017139,0.031333,0.142303
2888,3135467388,0.503240,-0.401353,-0.684089,-0.343059,-0.035209,0.029182,0.149223
2889,3135500722,0.503265,-0.401435,-0.683998,-0.343107,0.001929,0.036041,0.104450
2890,3135534056,0.503229,-0.401499,-0.683992,-0.343099,-0.035419,-0.032375,0.102208
2891,3135567390,0.503211,-0.401428,-0.684109,-0.342973,-0.054723,-0.072283,0.119864
2892,3135600724,0.503199,-0.401289,-0.684315,-0.342745,-0.048255,-0.024298,0.141120
2893,3135634058,0.503105,-0.401162,-0.684590,-0.342483,-0.051501,0.035437,0.137217
2894,3135667392,0.503046,-0.400961,-0.684890,-0.342204,-0.032326,0.079640,0.165769
2895,3135700726,0.503073,-0.400717,-0.685148,-0.341934,-0.006250,0.099739,0.135764
2896,3135734060,0.503059,-0.400494,-0.685396,-0.341718,-0.027310,0.021738,0.146933
2897,3135767394,0.503054,-0.400300,-0.685602,-0.341539,-0.029298,0.016079,0.142177
2898,3135800728,0.503095,-0.400088,-0.685784,-0.341363,0.005552,0.007130,0.140067
2899,3135834062,0.503117,-0.399914,-0.685916,-0.341267,0.046824,0.032962,0.131261
2900,3135867396,0.503080,-0.399842,-0.685984,-0.341269,0.033078,0.001318,0.113948
2901,3135900730,0.502955,-0.400046,-0.685888,-0.341409,0.011953,-0.015714,0.115260
2902,3135934064,0.502933,-0.400062,-0.685871,-0.341457,0.024219,-0.029953,0.126043
2903,3135967398,0.502943,-0.400027,-0.685868,-0.341489,0.063070,0.008546,0.116816
2904,3136000732,0.502907,-0.400082,-0.685820,-0.341573,0.012901,-0.032001,0.139998
2905,3136034066,0.502924,-0.400150,-0.685704,-0.341703,0.018001,-0.007465,0.149981
2906,3136067400,0.503009,-0.400127,-0.685586,-0.341840,0.094989,0.015987,0.115754
2907,3136100734,0.502955,-0.400342,-0.685350,-0.342140,0.071335,-0.044909,0.102424
2908,3136134068,0.502933,-0.400460,-0.685239,-0.342256,0.008821,-0.144257,0.111894
2909,3136167402,0.502995,-0.400385,-0.685296,-0.342140,0.065706,-0.080917,0.099630
2910,3136200736,0.502944,-0.400451,-0.685310,-0.342109,0.059143,-0.053054,0.100969
2911,3136234070,0.502911,-0.400461,-0.685376,-0.342014,-0.001453,-0.030379,0.116368
2912,3136267404,0.502898,-0.400464,-0.685451,-0.341879,-0.013371,-0.023086,0.141019
2913,3136300738,0.502929,-0.400363,-0.685578,-0.341698,0.014129,-0.007433,0.110129
2914,3136334072,0.503002,-0.400177,-0.685742,-0.341479,0.016253,-0.054578,0.116789
2915,3136367406,0.503083,-0.399988,-0.685955,-0.341154,-0.018026,-0.019371,0.103436
2916,3136400740,0.503086,-0.399830,-0.686222,-0.340797,0.028497,-0.035219,0.116440
2917,3136434074,0.503072,-0.399679,-0.686476,-0.340482,-0.001241,0.000701,0.134732
2918,3136467408,0.502983,-0.399667,-0.686647,-0.340284,0.034045,0.004560,0.124440
2919,3136500742,0.502923,-0.399581,-0.686860,-0.340044,-0.023089,0.058642,0.136586
2920,3136534076,0.502885,-0.399543,-0.686982,-0.339898,-0.064250,0.078421,0.128402
2921,3136567410,0.502928,-0.399505,-0.687009,-0.339824,-0.030457,0.104019,0.163682
2922,3136600744,0.502933,-0.399547,-0.686965,-0.339857,-0.007947,0.090065,0.133292
2923,3136634078,0.502897,-0.399618,-0.686898,-0.339962,0.010127,0.026021,0.117819
2924,3136667412,0.502904,-0.399590,-0.686926,-0.339928,-0.043727,-0.025887,0.119775
2925,3136700746,0.502901,-0.399505,-0.687018,-0.339846,0.003450,0.024424,0.142918
2926,3136734080,0.502823,-0.399453,-0.687105,-0.339847,0.042801,0.054760,0.115973
2927,3136767414,0.502804,-0.399327,-0.687241,-0.339747,-0.066461,0.011654,0.134167
2928,3136800748,0.502797,-0.399364,-0.687266,-0.339663,-0.014872,-0.038700,0.133743
2929,3136834082,0.502734,-0.399430,-0.687240,-0.339733,0.037722,0.002588,0.132316
2930,3136867416,0.502687,-0.399456,-0.687254,-0.339744,0.060780,-0.006802,0.143265
2931,3136900750,0.502657,-0.399541,-0.687194,-0.339807,-0.008031,-0.023633,0.120150
2932,3136934084,0.502625,-0.399709,-0.687055,-0.339938,0.011451,0.003770,0.097732
2933,3136967418,0.502519,-0.399917,-0.686928,-0.340107,0.033848,-0.053416,0.102606
2934,3137000752,0.502447,-0.400023,-0.686872,-0.340202,0.044378,-0.052582,0.099044
2935,3137034086,0.502380,-0.400103,-0.686878,-0.340195,0.005072,-0.045512,0.118821
2936,3137067420,0.502365,-0.400104,-0.686931,-0.340109,-0.027931,-0.005663,0.121690
2937,3137100754,0.502336,-0.400062,-0.687011,-0.340041,0.015140,0.016191,0.134286
2938,3137134088,0.502401,-0.399895,-0.687172,-0.339814,0.028974,0.023130,0.113825
2939,3137167422,0.502386,-0.399827,-0.687296,-0.339667,-0.024744,0.009119,0.123396
2940,3137200756,0.502321,-0.399838,-0.687384,-0.339570,-0.061886,0.011287,0.148227
2941,3137234090,0.502281,-0.399833,-0.687463,-0.339476,0.001076,0.031167,0.130569
2942,3137267424,0.502263,-0.399777,-0.687561,-0.339370,0.010458,0.036244,0.113432
2943,3137300758,0.502199,-0.399790,-0.687629,-0.339311,-0.009230,0.002151,0.118384
2944,3137334092,0.502114,-0.399874,-0.687650,-0.339296,0.000414,0.009149,0.148100
2945,3137367426,0.502044,-0.399903,-0.687686,-0.339293,0.014966,-0.009183,0.112236
2946,3137400760,0.502048,-0.399847,-0.687783,-0.339157,0.022192,-0.050867,0.121386
2947,3137434094,0.502026,-0.399780,-0.687911,-0.339007,-0.014320,-0.023350,0.117200
2948,3137467428,0.502010,-0.399698,-0.688055,-0.338835,0.003846,-0.030067,0.113221
2949,3137500762,0.502011,-0.399555,-0.688230,-0.338649,0.032089,-0.011497,0.124379
2950,3137534096,0.501985,-0.399412,-0.688440,-0.338428,-0.001214,-0.033114,0.106695
2951,3137567430,0.501959,-0.399240,-0.688706,-0.338128,-0.019571,-0.058763,0.113728
2952,3137600764,0.501951,-0.399036,-0.689003,-0.337776,-0.013369,-0.020775,0.128286
2953,3137634098,0.501911,-0.398841,-0.689290,-0.337481,0.011695,0.046889,0.110518
2954,3137667432,0.501874,-0.398661,-0.689570,-0.337177,-0.047241,0.031110,0.147292
2955,3137700766,0.501858,-0.398496,-0.689793,-0.336939,-0.042984,0.039124,0.149993
2956,3137734100,0.501832,-0.398362,-0.689952,-0.336811,0.012014,0.046175,0.149039
2957,3137767434,0.501776,-0.398282,-0.690064,-0.336758,0.025029,0.013778,0.102842
2958,3137800768,0.501791,-0.398167,-0.690153,-0.336691,0.009916,-0.011063,0.132302
2959,3137834102,0.501892,-0.397961,-0.690288,-0.336506,0.038906,-0.010609,0.155554
2960,3137867436,0.501971,-0.397773,-0.690410,-0.336359,0.081063,0.002142,0.135188
2961,3137900770,0.502374,-0.396934,-0.690898,-0.335748,0.017042,-0.027235,0.094782
2962,3137934104,0.502759,-0.396065,-0.691475,-0.335009,0.011177,-0.033957,0.112173
2963,3137967438,0.502872,-0.395751,-0.691775,-0.334591,0.000158,-0.017839,0.127984
2964,3138000772,0.503051,-0.395331,-0.692089,-0.334167,0.027227,0.022884,0.104018
2965,3138034106,0.503217,-0.394881,-0.692428,-0.333748,0.010133,-0.027961,0.137882
2966,3138067440,0.503420,-0.394396,-0.692761,-0.333323,0.033630,-0.008358,0.116570
2967,3138100774,0.503598,-0.393968,-0.693065,-0.332929,0.006916,-0.012996,0.107331
2968,3138134108,0.503713,-0.393624,-0.693343,-0.332584,0.013408,-0.051821,0.133186
2969,3138167442,0.503843,-0.393291,-0.693598,-0.332247,0.007650,-0.025576,0.133288
2970,3138200776,0.504028,-0.392891,-0.693857,-0.331899,0.023392,0.000109,0.119348
2971,3138234110,0.504138,-0.392573,-0.694081,-0.331640,-0.001351,-0.011291,0.127416
2972,3138267444,0.504267,-0.392271,-0.694288,-0.331368,-0.014578,-0.020771,0.129765
2973,3138300778,0.504421,-0.391938,-0.694487,-0.331110,0.004903,-0.002919,0.116848
2974,3138334112,0.504513,-0.391622,-0.694708,-0.330882,0.009319,-0.000060,0.119056
2975,3138367446,0.504620,-0.391347,-0.694886,-0.330668,-0.025369,0.013264,0.141387
2976,3138400780,0.504696,-0.391158,-0.694975,-0.330590,-0.008142,0.035153,0.135736
2977,3138434114,0.504823,-0.390932,-0.695047,-0.330511,0.027174,0.033562,0.127940
2978,3138467448,0.504959,-0.390697,-0.695106,-0.330458,-0.033429,-0.041481,0.129715
2979,3138500782,0.505150,-0.390433,-0.695114,-0.330461,-0.057927,0.031296,0.191278
2980,3138534116,0.505490,-0.390137,-0.694937,-0.330664,0.000810,0.048884,0.161496
2981,3138567450,0.505899,-0.389820,-0.694607,-0.331105,0.043389,0.000345,0.125571
2982,3138600784,0.506310,-0.389596,-0.694106,-0.331790,0.101803,-0.066637,0.095461
2983,3138634118,0.506697,-0.389375,-0.693675,-0.332361,0.092403,-0.167436,0.068950
2984,3138667452,0.506938,-0.389248,-0.693398,-0.332718,0.096437,-0.232888,0.064877
2985,3138700786,0.507076,-0.389157,-0.693249,-0.332926,0.082000,-0.167414,0.078085
2986,3138734120,0.507159,-0.389078,-0.693197,-0.332998,0.059152,-0.013617,0.135728
2987,3138767454,0.507142,-0.389127,-0.693145,-0.333075,0.040592,0.047780,0.125158
2988,3138800788,0.507053,-0.389345,-0.692969,-0.333324,-0.002226,0.055341,0.155731
2989,3138834122,0.507022,-0.389559,-0.692698,-0.333682,-0.008890,0.053712,0.159036
2990,3138867456,0.507095,-0.389709,-0.692385,-0.334046,-0.030493,0.067160,0.130432
2991,3138900790,0.507150,-0.389933,-0.692007,-0.334484,-0.028894,0.068984,0.105808
2992,3138934124,0.507132,-0.390298,-0.691530,-0.335072,-0.033456,0.061627,0.158835
2993,3138967458,0.507133,-0.390699,-0.690987,-0.335723,-0.010954,0.091305,0.126169
2994,3139000792,0.507147,-0.391029,-0.690471,-0.336379,0.008979,0.034098,0.140173
2995,3139034126,0.507188,-0.391310,-0.689983,-0.336990,0.002923,-0.005778,0.088349
2996,3139067460,0.507245,-0.391532,-0.689572,-0.337486,0.035261,-0.052408,0.121962
2997,3139100794,0.507314,-0.391643,-0.689310,-0.337791,0.021864,-0.047457,0.111899
2998,3139134128,0.507290,-0.391881,-0.689012,-0.338158,0.030078,-0.014418,0.120654
2999,3139167462,0.507346,-0.392015,-0.688759,-0.338433,-0.007746,0.018984,0.123806
3000,3139200796,0.507390,-0.392119,-0.688558,-0.338656,0.009274,0.011816,0.126443
3001,3139234130,0.507454,-0.392194,-0.688373,-0.338850,-0.005274,-0.004561,0.111913
3002,3139267464,0.507503,-0.392240,-0.688237,-0.338999,0.003653,-0.036108,0.115759
3003,3139300798,0.507547,-0.392267,-0.688154,-0.339072,-0.017519,-0.017272,0.130194
3004,3139334132,0.507592,-0.392254,-0.688110,-0.339109,0.024097,0.022349,0.130743
3005,3139367466,0.507622,-0.392232,-0.688090,-0.339128,-0.011531,0.025311,0.127123
3006,3139400800,0.507691,-0.392215,-0.688049,-0.339127,-0.040868,0.009990,0.125525
3007,3139434134,0.507708,-0.392305,-0.687951,-0.339199,-0.021337,0.029625,0.116072
3008,3139467468,0.507732,-0.392325,-0.687892,-0.339259,0.010919,0.009166,0.136403
3009,3139500802,0.507843,-0.392170,-0.687953,-0.339148,-0.017260,-0.013092,0.114294
3010,3139534136,0.507999,-0.391955,-0.688017,-0.339033,-0.009938,0.005677,0.157877
3011,3139567470,0.508090,-0.391894,-0.687973,-0.339056,0.039527,0.004589,0.123755
3012,3139600804,0.508134,-0.391911,-0.687879,-0.339160,0.036900,-0.015854,0.110503
3013,3139634138,0.507986,-0.392256,-0.687647,-0.339454,0.030155,-0.010070,0.108577
3014,3139667472,0.507916,-0.392447,-0.687506,-0.339624,0.023883,-0.015365,0.145044
3015,3139700806,0.507926,-0.392551,-0.687404,-0.339696,0.003209,0.009260,0.121452
3016,3139734140,0.507862,-0.392701,-0.687304,-0.339822,0.002061,0.000092,0.129232
3017,3139767474,0.507873,-0.392756,-0.687217,-0.339916,0.025980,0.013585,0.116912
3018,3139800808,0.507896,-0.392811,-0.687120,-0.340013,-0.005815,-0.001067,0.121367
3019,3139834142,0.507898,-0.392813,-0.687103,-0.340042,0.009449,-0.014615,0.129640
3020,3139867476,0.507854,-0.392941,-0.687027,-0.340115,-0.009663,-0.035010,0.145315
3021,3139900810,0.507826,-0.393106,-0.686908,-0.340205,-0.056072,0.001938,0.134988
3022,3139934144,0.507766,-0.393306,-0.686778,-0.340327,-0.016370,0.033708,0.133928
3023,3139967478,0.507718,-0.393518,-0.686604,-0.340504,0.004095,0.029883,0.144578
3024,3140000812,0.507702,-0.393659,-0.686453,-0.340669,-0.011146,-0.008419,0.122403
3025,3140034146,0.507667,-0.393810,-0.686341,-0.340772,-0.016724,-0.055810,0.137804
3026,3140067480,0.507638,-0.393914,-0.686258,-0.340863,0.010616,-0.027776,0.113397
3027,3140100814,0.507624,-0.393971,-0.686214,-0.340906,0.019899,-0.008855,0.116361
3028,3140134148,0.507525,-0.394152,-0.686124,-0.341026,-0.017514,0.015369,0.127836
3029,3140167482,0.507478,-0.394255,-0.686070,-0.341086,-0.028900,0.012711,0.150983
3030,3140200816,0.507415,-0.394402,-0.685954,-0.341243,-0.015266,0.027660,0.140458
3031,3140234150,0.507402,-0.394513,-0.685816,-0.341412,0.000685,0.023999,0.140659
3032,3140267484,0.507411,-0.394564,-0.685724,-0.341524,0.009395,-0.028759,0.125142
3033,3140300818,0.507374,-0.394718,-0.685591,-0.341668,0.028827,-0.040520,0.118006
3034,3140334152,0.507341,-0.394830,-0.685506,-0.341757,0.024934,-0.055350,0.138326
3035,3140367486,0.507384,-0.394823,-0.685470,-0.341775,0.018273,-0.014516,0.127469
3036,3140400820,0.507405,-0.394818,-0.685455,-0.341781,0.006018,0.013274,0.133947
3037,3140434154,0.507424,-0.394837,-0.685415,-0.341810,0.000871,0.007312,0.133361
3038,3140467488,0.507488,-0.394778,-0.685423,-0.341766,0.026550,0.000894,0.115960
3039,3140500822,0.507539,-0.394675,-0.685461,-0.341734,0.032592,-0.027742,0.116202
3040,3140534156,0.507627,-0.394567,-0.685484,-0.341681,0.015014,-0.050649,0.114596
3041,3140567490,0.507695,-0.394496,-0.685483,-0.341663,0.044708,-0.029524,0.084122
3042,3140600824,0.507648,-0.394429,-0.685587,-0.341602,0.155293,-0.041715,0.085330
3043,3140634158,0.507554,-0.394374,-0.685705,-0.341569,0.070499,-0.089931,0.064423
3044,3140667492,0.507487,-0.394109,-0.686176,-0.341026,0.008706,-0.245123,0.062730
3045,3140700826,0.507158,-0.394039,-0.686816,-0.340309,-0.015232,-0.221604,0.076525
3046,3140734160,0.506752,-0.393961,-0.687571,-0.339479,-0.011263,-0.083272,0.118227
3047,3140767494,0.506388,-0.393751,-0.688395,-0.338595,-0.038333,0.102148,0.152549
3048,3140800828,0.506180,-0.393384,-0.689137,-0.337822,-0.056543,0.210572,0.211573
3049,3140834162,0.506157,-0.393044,-0.689484,-0.337544,-0.054335,0.298852,0.217788
3050,3140867496,0.506173,-0.392935,-0.689505,-0.337604,-0.093036,0.168287,0.190272
3051,3140900830,0.506298,-0.392849,-0.689395,-0.337742,-0.088624,0.000557,0.147489
3052,3140934164,0.506578,-0.392509,-0.689432,-0.337640,-0.064106,-0.090622,0.080049
3053,3140967498,0.506760,-0.392093,-0.689653,-0.337401,-0.032545,-0.067675,0.097216
3054,3141000832,0.506898,-0.391638,-0.689970,-0.337071,-0.017109,0.019167,0.125364
3055,3141034166,0.507033,-0.391162,-0.690317,-0.336710,-0.032789,0.028480,0.144306
3056,3141067500,0.507181,-0.390646,-0.690669,-0.336365,-0.028921,0.019536,0.137062
3057,3141100834,0.507316,-0.390166,-0.690960,-0.336122,-0.031008,0.026377,0.158454
3058,3141134168,0.507445,-0.389702,-0.691258,-0.335853,0.017228,0.034879,0.119590
3059,3141167502,0.507535,-0.389290,-0.691562,-0.335569,0.003423,-0.032477,0.116054
3060,3141200836,0.507604,-0.388867,-0.691854,-0.335352,-0.031770,0.013620,0.126819
3061,3141234170,0.507765,-0.388291,-0.692240,-0.334979,-0.030633,0.040900,0.150234
3062,3141267504,0.507913,-0.387784,-0.692575,-0.334649,-0.007377,0.043807,0.131714
3063,3141300838,0.507984,-0.387426,-0.692819,-0.334451,-0.014963,0.046394,0.139045
3064,3141334172,0.508102,-0.387058,-0.693024,-0.334275,-0.000566,0.068601,0.133130
3065,3141367506,0.508302,-0.386494,-0.693327,-0.333993,-0.011892,0.015625,0.110098
3066,3141400840,0.508446,-0.385954,-0.693668,-0.333692,-0.010711,0.001317,0.117253
3067,3141434174,0.508492,-0.385538,-0.693999,-0.333414,0.007556,-0.007317,0.107405
3068,3141467508,0.508486,-0.385192,-0.694331,-0.333131,0.006780,0.018214,0.118390
3069,3141500842,0.508516,-0.384801,-0.694677,-0.332814,0.003631,0.026566,0.126129
3070,3141534176,0.508598,-0.384367,-0.695018,-0.332479,0.005629,0.038697,0.136774
3071,3141567510,0.508678,-0.384032,-0.695233,-0.332294,0.037832,0.057503,0.159254
3072,3141600844,0.508750,-0.383828,-0.695340,-0.332197,0.062594,0.024861,0.153370
3073,3141634178,0.508840,-0.383688,-0.695334,-0.332230,0.035701,0.042206,0.128824
3074,3141667512,0.508891,-0.383640,-0.695270,-0.332343,0.061956,0.039714,0.106512
3075,3141700846,0.508890,-0.383665,-0.695222,-0.332417,0.044340,0.018284,0.141273
3076,3141734180,0.508797,-0.383824,-0.695127,-0.332574,0.037215,-0.027456,0.117605
3077,3141767514,0.508710,-0.383968,-0.695060,-0.332680,-0.002826,-0.060292,0.102219
3078,3141800848,0.508657,-0.384024,-0.695101,-0.332610,-0.006646,-0.097299,0.114061
3079,3141834182,0.508582,-0.384029,-0.695229,-0.332453,0.024776,-0.030278,0.120184
3080,3141867516,0.508388,-0.384148,-0.695345,-0.332369,0.040727,-0.011761,0.123059
3081,3141900850,0.508153,-0.384386,-0.695392,-0.332355,0.017325,-0.009767,0.114642
3082,3141934184,0.507977,-0.384659,-0.695367,-0.332360,0.012918,0.032159,0.149401
3083,3141967518,0.507778,-0.385012,-0.695249,-0.332504,0.025105,0.045153,0.154688
3084,3142000852,0.507569,-0.385473,-0.695002,-0.332802,0.019501,0.049545,0.135642
3085,3142034186,0.507364,-0.385986,-0.694696,-0.333161,0.049026,0.016730,0.119332
3086,3142067520,0.507145,-0.386516,-0.694385,-0.333527,0.035358,-0.070041,0.106615
3087,3142100854,0.506904,-0.387052,-0.694081,-0.333907,0.025008,-0.051630,0.114388
3088,3142134188,0.506684,-0.387534,-0.693858,-0.334145,0.039997,0.001755,0.133492
3089,3142167522,0.506375,-0.388146,-0.693558,-0.334526,0.012406,0.023648,0.128016
3090,3142200856,0.506161,-0.388655,-0.693259,-0.334877,0.032303,0.037547,0.128572
3091,3142234190,0.505922,-0.389281,-0.692867,-0.335322,0.011393,0.010112,0.140348
3092,3142267524,0.505673,-0.389934,-0.692464,-0.335770,0.040820,0.021629,0.139692
3093,3142300858,0.505381,-0.390691,-0.691967,-0.336356,0.012341,-0.000526,0.128577
3094,3142334192,0.505250,-0.391294,-0.691514,-0.336782,0.025831,0.001565,0.129718
3095,3142367526,0.504940,-0.392253,-0.690856,-0.337480,0.055993,-0.000648,0.105515
3096,3142400860,0.504755,-0.392901,-0.690394,-0.337949,-0.009343,-0.082050,0.114019
3097,3142434194,0.504745,-0.393200,-0.690161,-0.338093,0.008188,-0.130005,0.109324
3098,3142467528,0.504671,-0.393533,-0.689941,-0.338264,0.027215,-0.083541,0.116781
3099,3142500862,0.504569,-0.393873,-0.689770,-0.338371,0.005158,-0.002540,0.088305
3100,3142534196,0.504357,-0.394393,-0.689532,-0.338564,0.037456,0.009930,0.157535
3101,3142567530,0.504361,-0.394553,-0.689429,-0.338581,0.030541,0.047036,0.112618
3102,3142600864,0.504244,-0.394956,-0.689162,-0.338829,0.012774,0.019441,0.157537
3103,3142634198,0.504083,-0.395504,-0.688792,-0.339182,-0.035713,-0.009555,0.113252
3104,3142667532,0.503869,-0.396143,-0.688378,-0.339596,-0.012879,0.017471,0.137983
3105,3142700866,0.503712,-0.396646,-0.688036,-0.339934,-0.008359,0.019517,0.132960
3106,3142734200,0.503645,-0.397037,-0.687740,-0.340175,-0.034806,0.022370,0.138162
3107,3142767534,0.503545,-0.397469,-0.687395,-0.340517,-0.033691,0.028288,0.155689
3108,3142800868,0.503459,-0.397921,-0.686989,-0.340936,0.001108,0.025632,0.133696
3109,3142834202,0.503431,-0.398294,-0.686612,-0.341300,-0.014055,-0.025324,0.123462
3110,3142867536,0.503465,-0.398534,-0.686343,-0.341511,-0.004920,-0.066401,0.120831
3111,3142900870,0.503505,-0.398687,-0.686157,-0.341647,0.021103,-0.057488,0.124442
3112,3142934204,0.503622,-0.398726,-0.686035,-0.341673,0.022319,-0.051665,0.105715
3113,3142967538,0.503709,-0.398765,-0.685947,-0.341676,0.015259,-0.023829,0.138517
3114,3143000872,0.503840,-0.398751,-0.685866,-0.341662,0.027332,-0.025304,0.150070
3115,3143034206,0.504036,-0.398686,-0.685773,-0.341634,0.008930,-0.023367,0.132048
3116,3143067540,0.504180,-0.398648,-0.685727,-0.341560,0.006459,-0.046566,0.141191
3117,3143100874,0.504375,-0.398567,-0.685672,-0.341477,-0.024814,-0.033083,0.097843
3118,3143134208,0.504595,-0.398409,-0.685658,-0.341364,-0.007080,-0.012144,0.123773
3119,3143167542,0.504849,-0.398145,-0.685742,-0.341127,-0.011967,-0.005378,0.114514
3120,3143200876,0.505063,-0.397900,-0.685818,-0.340945,-0.009287,-0.052517,0.119231
3121,3143234210,0.505294,-0.397550,-0.686007,-0.340629,-0.009625,-0.037402,0.100574
3122,3143267544,0.505382,-0.397211,-0.686278,-0.340350,0.037249,-0.058896,0.080954
3123,3143300878,0.505603,-0.396623,-0.686706,-0.339844,0.010688,-0.087329,0.114948
3124,3143334212,0.505807,-0.396004,-0.687173,-0.339316,-0.047099,-0.060497,0.118114
3125,3143367546,0.506103,-0.395314,-0.687679,-0.338655,-0.075812,-0.065764,0.130683
3126,3143400880,0.506436,-0.394645,-0.688113,-0.338055,-0.036247,-0.013896,0.127181
3127,3143434214,0.506790,-0.393856,-0.688604,-0.337442,-0.036432,0.018940,0.129520
3128,3143467548,0.507081,-0.393175,-0.688974,-0.337045,-0.057920,0.048558,0.137083
3129,3143500882,0.507333,-0.392650,-0.689177,-0.336863,-0.085724,0.074794,0.168236
3130,3143534216,0.507643,-0.392208,-0.689209,-0.336845,-0.031328,0.122158,0.161557
3131,3143567550,0.507863,-0.392073,-0.688995,-0.337109,0.048395,0.078331,0.111490
3132,3143600884,0.507833,-0.392488,-0.688449,-0.337784,0.111780,-0.032777,0.122595
3133,3143634218,0.507840,-0.393039,-0.687744,-0.338571,0.112933,-0.076118,0.144682
3134,3143667552,0.508047,-0.393360,-0.687095,-0.339203,0.101335,-0.145275,0.067368
3135,3143700886,0.508263,-0.393632,-0.686591,-0.339585,-0.044316,-0.175872,0.157331
3136,3143734220,0.508579,-0.393757,-0.686246,-0.339663,-0.029462,-0.069403,0.145127
3137,3143767554,0.508670,-0.394100,-0.685786,-0.340059,0.122503,0.084275,0.076134
3138,3143800888,0.508522,-0.394650,-0.685262,-0.340697,0.026778,0.156310,0.148015
3139,3143834222,0.508519,-0.395038,-0.684796,-0.341189,-0.041987,0.077827,0.118465
3140,3143867556,0.508433,-0.395543,-0.684233,-0.341860,-0.096332,0.031072,0.137099
3141,3143900890,0.508260,-0.396150,-0.683635,-0.342610,-0.077905,0.034522,0.157654
3142,3143934224,0.508116,-0.396706,-0.683050,-0.343347,0.045869,0.060269,0.115018
3143,3143967558,0.507933,-0.397311,-0.682445,-0.344122,0.007806,0.063609,0.111166
3144,3144000892,0.507665,-0.398008,-0.681845,-0.344900,0.009903,0.016620,0.122396
3145,3144034226,0.507349,-0.398818,-0.681183,-0.345737,0.035101,0.053827,0.128824
3146,3144067560,0.506956,-0.399726,-0.680468,-0.346670,0.062702,0.021441,0.145550
3147,3144100894,0.506577,-0.400682,-0.679671,-0.347682,0.102849,0.014913,0.134049
3148,3144134228,0.506229,-0.401712,-0.678800,-0.348701,-0.008314,-0.006316,0.138882
3149,3144167562,0.506043,-0.402718,-0.677906,-0.349549,-0.016577,0.014916,0.198014
3150,3144200896,0.505812,-0.403807,-0.676870,-0.350634,0.194883,0.172882,0.123335
3151,3144234230,0.505313,-0.405299,-0.675683,-0.351918,0.054492,0.130347,0.127836
3152,3144267564,0.504882,-0.406820,-0.674402,-0.353238,0.009037,0.007778,0.241348
3153,3144300898,0.504709,-0.408134,-0.673105,-0.354441,-0.047704,0.010196,0.124553
3154,3144334232,0.504621,-0.409182,-0.671993,-0.355466,-0.079337,-0.046381,0.065121
3155,3144367566,0.504716,-0.409778,-0.671278,-0.355995,-0.139048,-0.121817,0.070186
3156,3144400900,0.504780,-0.410144,-0.670958,-0.356085,-0.117429,-0.073517,0.089370
3157,3144434234,0.504812,-0.410217,-0.670997,-0.355882,-0.081695,-0.055825,0.153930
3158,3144467568,0.504940,-0.409998,-0.671189,-0.355592,-0.052863,0.031478,0.123159
3159,3144500902,0.505069,-0.409802,-0.671384,-0.355266,-0.113464,0.068646,0.136954
3160,3144534236,0.505179,-0.409755,-0.671487,-0.354967,-0.018230,0.073934,0.167384
3161,3144567570,0.505209,-0.409834,-0.671471,-0.354864,0.124764,0.045839,0.112610
3162,3144600904,0.505135,-0.410172,-0.671255,-0.354988,0.141953,0.004497,0.100428
3163,3144634238,0.504971,-0.410808,-0.670907,-0.355145,0.095580,-0.022731,0.173049
3164,3144667572,0.504562,-0.411857,-0.670323,-0.355612,0.126401,0.014949,0.100549
3165,3144700906,0.503823,-0.413482,-0.669406,-0.356500,0.073966,0.059440,0.118728
3166,3144734240,0.503043,-0.415263,-0.668348,-0.357515,0.040786,0.064098,0.138546
3167,3144767574,0.502369,-0.417046,-0.667231,-0.358473,-0.041379,0.020151,0.158089
3168,3144800908,0.501594,-0.418967,-0.666001,-0.359604,-0.078914,-0.001628,0.141788
3169,3144834242,0.500754,-0.420963,-0.664678,-0.360889,-0.139458,0.069374,0.116616
3170,3144867576,0.499862,-0.422925,-0.663478,-0.362039,-0.260144,0.042048,0.138496
3171,3144900910,0.498967,-0.424709,-0.662550,-0.362882,-0.339770,-0.012144,0.120342
3172,3144934244,0.498265,-0.425927,-0.662014,-0.363399,-0.211171,0.135855,0.145764
3173,3144967578,0.497767,-0.426578,-0.661790,-0.363726,-0.100362,0.117247,0.142211
3174,3145000912,0.497424,-0.426937,-0.661810,-0.363738,-0.073558,-0.037354,0.129787
3175,3145034246,0.497055,-0.427324,-0.661830,-0.363750,-0.009494,-0.134412,0.115063
3176,3145067580,0.496886,-0.427483,-0.661897,-0.363673,0.142169,-0.125872,0.076484
3177,3145100914,0.496591,-0.427654,-0.662117,-0.363473,0.180986,-0.184216,0.113495
3178,3145134248,0.496251,-0.427998,-0.662251,-0.363289,0.120834,-0.116400,0.112827
3179,3145167582,0.495909,-0.428580,-0.662184,-0.363191,0.107535,-0.051311,0.156266
3180,3145200916,0.495539,-0.429272,-0.661990,-0.363233,0.089868,-0.034657,0.135987
3181,3145234250,0.495161,-0.429926,-0.661799,-0.363323,-0.006538,-0.033107,0.145849
3182,3145267584,0.494881,-0.430436,-0.661690,-0.363299,-0.056981,-0.017586,0.121242
3183,3145300918,0.494626,-0.430825,-0.661722,-0.363128,-0.085546,0.003808,0.131828
3184,3145334252,0.494309,-0.431129,-0.661900,-0.362874,-0.139287,-0.003398,0.090227
3185,3145367586,0.494033,-0.431184,-0.662359,-0.362345,-0.108551,-0.019230,0.137126
3186,3145400920,0.493789,-0.430981,-0.663097,-0.361570,-0.172589,0.057030,0.121510
3187,3145434254,0.493541,-0.430590,-0.664067,-0.360593,-0.168117,0.087898,0.176408
3188,3145467588,0.493500,-0.429954,-0.665059,-0.359578,-0.098515,0.121608,0.170075
3189,3145500922,0.493468,-0.429367,-0.665903,-0.358759,-0.031533,0.043049,0.172143
3190,3145534256,0.493440,-0.428975,-0.666484,-0.358188,0.010510,-0.011237,0.163668
3191,3145567590,0.493509,-0.428633,-0.666849,-0.357823,0.090620,-0.037810,0.161644
3192,3145600924,0.493577,-0.428418,-0.667009,-0.357690,0.144112,-0.085620,0.127050
3193,3145634258,0.493484,-0.428472,-0.666991,-0.357784,0.155624,-0.108392,0.057722
3194,3145667592,0.493249,-0.428833,-0.666795,-0.358042,0.168886,-0.138992,0.102970
3195,3145700926,0.492938,-0.429450,-0.666432,-0.358407,0.128966,-0.099701,0.119862
3196,3145734260,0.492520,-0.430331,-0.665803,-0.359092,0.138496,-0.014660,0.145071
3197,3145767594,0.492069,-0.431438,-0.664900,-0.360057,0.087295,0.028743,0.161113
3198,3145800928,0.491525,-0.432804,-0.663775,-0.361233,-0.002138,0.014861,0.121045
3199,3145834262,0.490980,-0.434286,-0.662549,-0.362445,-0.081748,0.010187,0.121263
3200,3145867596,0.490558,-0.435584,-0.661376,-0.363599,-0.216726,0.041290,0.223644
3201,3145900930,0.490759,-0.436132,-0.660435,-0.364381,-0.301083,0.103415,0.265612
3202,3145934264,0.491799,-0.435671,-0.659891,-0.364514,-0.031784,0.179258,0.210345
3203,3145967598,0.492819,-0.434965,-0.659497,-0.364692,0.194817,0.086637,-0.006140
3204,3146000932,0.493161,-0.434718,-0.659248,-0.364975,-0.072905,-0.252193,-0.042919
3205,3146034266,0.493437,-0.434272,-0.659538,-0.364609,-0.309246,-0.451699,0.041629
3206,3146067600,0.494040,-0.433006,-0.660780,-0.363046,-0.276840,-0.190660,0.054355
3207,3146100934,0.494532,-0.431247,-0.662571,-0.361201,-0.071405,0.011008,0.125820
3208,3146134268,0.495091,-0.429194,-0.664587,-0.359171,-0.150568,0.047430,0.132979
3209,3146167602,0.495565,-0.427278,-0.666529,-0.357198,-0.140016,0.006593,0.120784
3210,3146200936,0.495936,-0.425413,-0.668356,-0.355491,-0.092917,0.043133,0.159697
3211,3146234270,0.496420,-0.423350,-0.670200,-0.353803,-0.006367,0.017605,0.149568
3212,3146267604,0.496924,-0.421303,-0.671989,-0.352142,0.099351,0.050636,0.120200
3213,3146300938,0.497130,-0.419743,-0.673513,-0.350801,0.017475,0.122772,0.193998
3214,3146334272,0.497458,-0.418403,-0.674679,-0.349693,-0.095377,0.139301,0.272657
3215,3146367606,0.498479,-0.416613,-0.675546,-0.348699,0.036799,0.301655,0.231932
3216,3146400940,0.499730,-0.414684,-0.676291,-0.347765,0.240058,0.193729,0.166405
3217,3146434274,0.500811,-0.413196,-0.676578,-0.347421,0.294332,0.105757,0.117051
3218,3146467608,0.501647,-0.412337,-0.676415,-0.347555,0.145021,-0.059966,0.095141
3219,3146500942,0.502181,-0.412075,-0.675915,-0.348066,0.132383,-0.139718,0.116811
3220,3146534276,0.502649,-0.412000,-0.675350,-0.348574,0.112650,-0.141870,0.071962
3221,3146567610,0.502978,-0.412090,-0.674775,-0.349108,0.161876,-0.181406,0.079000
3222,3146600944,0.503211,-0.412287,-0.674283,-0.349490,0.113334,-0.190862,0.035326
3223,3146634278,0.503024,-0.412942,-0.673793,-0.349932,0.014885,-0.218502,0.090900
3224,3146667612,0.502869,-0.413515,-0.673407,-0.350220,-0.044597,-0.151093,0.101953
3225,3146700946,0.502807,-0.413871,-0.673155,-0.350372,-0.038488,0.021977,0.099445
3226,3146734280,0.502463,-0.414419,-0.672960,-0.350593,-0.053757,0.084996,0.147548
3227,3146767614,0.502059,-0.415035,-0.672706,-0.350930,-0.131666,0.095399,0.189816
3228,3146800948,0.501829,-0.415419,-0.672450,-0.351296,-0.213886,0.019481,0.149937
3229,3146834282,0.501716,-0.415609,-0.672264,-0.351587,-0.204671,0.017175,0.120683
3230,3146867616,0.501760,-0.415404,-0.672397,-0.351511,-0.042508,0.018773,0.134046
3231,3146900950,0.501650,-0.415368,-0.672447,-0.351616,0.007681,-0.048610,0.097933
3232,3146934284,0.501549,-0.415286,-0.672549,-0.351662,0.032005,-0.037004,0.165466
3233,3146967618,0.501602,-0.415085,-0.672691,-0.351552,0.055176,0.014636,0.148114
3234,3147000952,0.501672,-0.414916,-0.672791,-0.351461,0.067589,0.041738,0.125586
3235,3147034286,0.501633,-0.415062,-0.672687,-0.351543,0.073538,0.013004,0.146490
3236,3147067620,0.501655,-0.415232,-0.672473,-0.351720,0.046004,0.025542,0.143453
3237,3147100954,0.501572,-0.415550,-0.672152,-0.352076,0.005689,0.010904,0.123112
3238,3147134288,0.501502,-0.415882,-0.671834,-0.352391,0.013417,-0.054138,0.127674
3239,3147167622,0.501525,-0.416138,-0.671518,-0.352658,0.025179,-0.085058,0.111382
3240,3147200956,0.501563,-0.416290,-0.671312,-0.352817,-0.032582,-0.075833,0.109976
3241,3147234290,0.501526,-0.416432,-0.671228,-0.352862,-0.050819,-0.101853,0.137007
3242,3147267624,0.501452,-0.416511,-0.671359,-0.352625,0.178280,-0.135807,0.013719
3243,3147300958,0.500994,-0.416859,-0.671742,-0.352135,0.232793,-0.299286,0.028361
3244,3147334292,0.500180,-0.417600,-0.672050,-0.351826,0.060328,-0.183282,0.163133
3245,3147367626,0.499736,-0.417921,-0.672616,-0.350993,0.039650,0.017767,0.152554
3246,3147400960,0.499495,-0.418031,-0.673243,-0.350001,0.051063,0.157196,0.154380
3247,3147434294,0.499044,-0.418700,-0.673311,-0.349713,0.002280,0.306469,0.195494
3248,3147467628,0.498628,-0.419766,-0.672748,-0.350113,-0.097223,0.292608,0.208902
3249,3147500962,0.498182,-0.421032,-0.671827,-0.350995,-0.191433,0.146687,0.173384
3250,3147534296,0.498033,-0.421909,-0.671040,-0.351659,-0.103077,0.042437,0.120923
3251,3147567630,0.498043,-0.422442,-0.670514,-0.352008,-0.054089,-0.063805,0.119027
3252,3147600964,0.498155,-0.422788,-0.670174,-0.352081,-0.044257,-0.096789,0.071660
3253,3147634298,0.498282,-0.423082,-0.669957,-0.351961,0.015666,-0.112961,0.113401
3254,3147667632,0.498472,-0.423196,-0.669926,-0.351613,-0.022197,-0.033924,0.186526
3255,3147700966,0.498904,-0.422907,-0.670090,-0.351035,-0.038415,0.097348,0.181213
3256,3147734300,0.499535,-0.422347,-0.670267,-0.350474,0.035785,0.152431,0.185513
3257,3147767634,0.500017,-0.422183,-0.670051,-0.350397,0.095785,0.116444,0.179989
3258,3147800968,0.500148,-0.422808,-0.669198,-0.351087,0.117125,0.080416,0.105429
3259,3147834302,0.500239,-0.423760,-0.668087,-0.351923,0.033349,-0.068026,0.114012
3260,3147867636,0.500336,-0.424709,-0.666985,-0.352732,0.006876,-0.135403,0.109848
3261,3147900970,0.500574,-0.425348,-0.666078,-0.353337,-0.003261,-0.103230,0.104981
3262,3147934304,0.500817,-0.425956,-0.665243,-0.353835,0.096655,-0.089824,0.110531
3263,3147967638,0.500691,-0.427124,-0.664116,-0.354719,0.039097,-0.121084,0.074716
3264,3148000972,0.500297,-0.428732,-0.662660,-0.356057,0.003953,-0.053553,0.115961
3265,3148034306,0.499777,-0.430433,-0.661164,-0.357512,0.016183,-0.019895,0.124660
3266,3148067640,0.499393,-0.431913,-0.659798,-0.358785,0.018414,-0.056663,0.131021
3267,3148100974,0.499189,-0.433195,-0.658490,-0.359925,0.035739,-0.110472,0.137609
3268,3148134308,0.498995,-0.434535,-0.657080,-0.361153,0.084604,-0.094514,0.124907
3269,3148167642,0.498664,-0.436255,-0.655405,-0.362578,0.158886,-0.060443,0.059828
3270,3148200976,0.497790,-0.438774,-0.653349,-0.364445,0.212029,-0.077027,0.042180
3271,3148234310,0.496409,-0.442082,-0.650835,-0.366821,0.077701,-0.118142,0.081201
3272,3148267644,0.494994,-0.445659,-0.648090,-0.369256,-0.035691,-0.031796,0.142243
3273,3148300978,0.493791,-0.449056,-0.645318,-0.371601,-0.075301,0.108698,0.185561
3274,3148334312,0.492612,-0.452405,-0.642552,-0.373888,-0.267540,0.157660,0.235557
3275,3148367646,0.491878,-0.455111,-0.640017,-0.375914,-0.254397,0.397666,0.319518
3276,3148400980,0.491918,-0.456835,-0.637879,-0.377402,-0.043452,0.527204,0.252679
3277,3148434314,0.491966,-0.458213,-0.636189,-0.378517,0.110376,0.212931,0.132201
3278,3148467648,0.491904,-0.459573,-0.634607,-0.379604,-0.038280,-0.032045,0.109440
3279,3148500982,0.491696,-0.461181,-0.632876,-0.380811,0.207812,-0.023351,0.034314
3280,3148534316,0.490666,-0.463659,-0.630791,-0.382587,0.254664,-0.087242,-0.043076
3281,3148567650,0.489422,-0.466311,-0.628837,-0.384170,-0.107208,-0.162155,0.160769
3282,3148600984,0.488746,-0.468392,-0.627115,-0.385311,-0.196374,-0.055044,0.232299
3283,3148634318,0.488065,-0.470660,-0.625417,-0.386171,-0.058815,0.093509,0.120680
3284,3148667652,0.487029,-0.473476,-0.623403,-0.387292,-0.099937,0.144661,0.180093
3285,3148700986,0.486382,-0.475748,-0.621566,-0.388271,0.023394,0.151189,0.190241
3286,3148734320,0.485477,-0.478064,-0.619716,-0.389514,0.020575,-0.008584,0.105136
3287,3148767654,0.484444,-0.480448,-0.618004,-0.390585,-0.268973,-0.173991,0.178414
3288,3148800988,0.483923,-0.482193,-0.616661,-0.391204,-0.185995,-0.139718,0.086217
3289,3148834322,0.483714,-0.483178,-0.616109,-0.391116,-0.136411,-0.117767,0.134702
3290,3148867656,0.483910,-0.483451,-0.616120,-0.390519,-0.234713,-0.024183,0.160876
3291,3148900990,0.484741,-0.483073,-0.616404,-0.389507,-0.319643,0.019133,0.197926
3292,3148934324,0.485859,-0.482274,-0.616853,-0.388392,-0.016554,0.045034,0.131577
3293,3148967658,0.486926,-0.481622,-0.617201,-0.387310,-0.194003,-0.102107,0.174606
3294,3149000992,0.488322,-0.480896,-0.617314,-0.386271,-0.138580,-0.085821,0.125677
3295,3149034326,0.489348,-0.480708,-0.617197,-0.385395,0.095428,-0.061080,0.011468
3296,3149067660,0.489363,-0.481290,-0.616974,-0.385005,0.039414,-0.002973,0.033587
3297,3149100994,0.489328,-0.481661,-0.617154,-0.384297,-0.263970,0.000892,0.226513
3298,3149134328,0.490415,-0.480812,-0.618332,-0.382075,-0.201066,-0.075720,0.120629
3299,3149167662,0.491023,-0.480183,-0.619684,-0.379889,0.081537,0.153106,0.058397
3300,3149200996,0.491516,-0.479345,-0.621199,-0.377829,-0.071299,0.241398,0.162248
3301,3149234330,0.492232,-0.478006,-0.623038,-0.375558,-0.299631,0.234066,0.193233
3302,3149267664,0.492957,-0.476429,-0.625209,-0.372995,-0.218460,0.086054,0.071735
3303,3149300998,0.493532,-0.474799,-0.627606,-0.370275,-0.264686,-0.084729,0.093116
3304,3149334332,0.494300,-0.472703,-0.630401,-0.367173,-0.247852,-0.080778,0.105134
3305,3149367666,0.495177,-0.470162,-0.633611,-0.363714,-0.210581,-0.017286,0.106226
3306,3149401000,0.496342,-0.466974,-0.637301,-0.359763,-0.395781,0.010825,0.207922
3307,3149434334,0.498296,-0.462763,-0.641513,-0.354985,-0.358302,0.038808,0.155034
3308,3149467668,0.500074,-0.458385,-0.645928,-0.350125,-0.208865,-0.028906,0.065576
3309,3149501002,0.501906,-0.453562,-0.650649,-0.345007,-0.254829,-0.001751,0.185692
3310,3149534336,0.504144,-0.447896,-0.655715,-0.339512,-0.478930,-0.007424,0.219175
3311,3149567670,0.507055,-0.441391,-0.661065,-0.333264,-0.449949,-0.312057,0.087245
3312,3149601004,0.509676,-0.435067,-0.666322,-0.327056,0.018657,-0.451271,-0.144831
3313,3149634338,0.511620,-0.429222,-0.671483,-0.321132,0.180051,-0.368907,-0.024871
3314,3149667672,0.513081,-0.423471,-0.676672,-0.315497,0.093344,-0.206720,0.013168
3315,3149701006,0.514112,-0.417739,-0.681941,-0.310067,-0.136348,-0.057635,0.134564
3316,3149734340,0.515311,-0.411632,-0.687330,-0.304293,-0.298946,-0.092080,0.225552
3317,3149767674,0.516429,-0.405744,-0.692301,-0.298989,-0.115711,0.042396,0.179255
3318,3149801008,0.517419,-0.400185,-0.696836,-0.294196,-0.044579,0.060598,0.143343
3319,3149834342,0.518490,-0.394605,-0.701162,-0.289533,-0.148389,-0.051878,0.247402
3320,3149867676,0.519605,-0.389159,-0.705082,-0.285356,-0.083774,0.082381,0.149511
3321,3149901010,0.520466,-0.384468,-0.708305,-0.282146,-0.030443,0.184900,0.228316
3322,3149934344,0.521434,-0.380487,-0.710619,-0.279928,0.042870,0.110367,0.181678
3323,3149967678,0.522162,-0.377522,-0.712041,-0.278970,0.097863,0.026102,0.161633
3324,3150001012,0.522925,-0.374842,-0.713124,-0.278387,0.139062,-0.134429,0.129093
3325,3150034346,0.523410,-0.372481,-0.714093,-0.278159,0.202185,-0.212780,0.072290
3326,3150067680,0.523826,-0.370205,-0.715059,-0.277933,0.137663,-0.170723,0.066306
3327,3150101014,0.523993,-0.368416,-0.715815,-0.278051,0.391470,-0.073331,0.025300
3328,3150134348,0.523661,-0.367432,-0.716275,-0.278795,0.442239,-0.139186,0.077991
3329,3150167682,0.523247,-0.366590,-0.716758,-0.279437,0.310049,-0.126372,0.096417
3330,3150201016,0.522766,-0.365656,-0.717395,-0.279926,0.314625,-0.020984,0.063453
3331,3150234350,0.522272,-0.364637,-0.718158,-0.280220,0.180032,-0.062198,0.174971
3332,3150267684,0.521981,-0.363631,-0.718832,-0.280341,0.017189,0.040758,0.137776
3333,3150301018,0.521677,-0.362770,-0.719399,-0.280569,-0.026536,0.228002,0.140564
3334,3150334352,0.521374,-0.361915,-0.719911,-0.280921,-0.110545,0.253414,0.170408
3335,3150367686,0.521135,-0.361258,-0.720228,-0.281398,-0.096205,0.182570,0.177734
3336,3150401020,0.520789,-0.361075,-0.720170,-0.282418,-0.064898,0.151407,0.152871
3337,3150434354,0.520500,-0.360890,-0.719992,-0.283643,0.005857,0.177338,0.163220
3338,3150467688,0.520413,-0.360566,-0.719754,-0.284814,0.079330,0.101244,0.132039
3339,3150501022,0.520347,-0.360446,-0.719315,-0.286190,0.069922,0.060674,0.109507
3340,3150534356,0.520140,-0.360650,-0.718788,-0.287631,0.150012,0.073382,0.110044
3341,3150567690,0.519785,-0.361243,-0.718066,-0.289328,0.168135,0.036077,0.127020
3342,3150601024,0.519363,-0.362187,-0.717095,-0.291307,0.069734,-0.030207,0.173819
3343,3150634358,0.519105,-0.363214,-0.715938,-0.293328,0.183633,-0.067953,0.179688
3344,3150667692,0.518767,-0.364403,-0.714679,-0.295513,0.242100,-0.068406,0.212826
3345,3150701026,0.518739,-0.365457,-0.713234,-0.297742,0.269776,0.057650,0.234237
3346,3150734360,0.519045,-0.366624,-0.711203,-0.300620,0.462499,0.180856,-0.000638
3347,3150767694,0.519134,-0.368192,-0.708879,-0.304019,0.476556,-0.034320,0.050920
3348,3150801028,0.518853,-0.370097,-0.706750,-0.307126,0.130508,-0.514790,0.064428
3349,3150834362,0.518847,-0.371386,-0.705263,-0.308993,-0.100176,-0.507642,0.020600
3350,3150867696,0.518984,-0.371911,-0.704653,-0.309523,-0.015953,-0.165599,0.050521
3351,3150901030,0.518870,-0.372281,-0.704496,-0.309627,0.177940,0.085244,0.016525
3352,3150934364,0.518287,-0.373144,-0.704432,-0.309710,-0.019323,0.161697,0.085573
3353,3150967698,0.517594,-0.374305,-0.704205,-0.309983,-0.148287,0.205247,0.177418
3354,3151001032,0.517052,-0.375315,-0.704007,-0.310118,-0.170464,0.201783,0.220416
3355,3151034366,0.516840,-0.376155,-0.703585,-0.310411,-0.101780,0.312105,0.301025
3356,3151067700,0.516938,-0.377142,-0.702669,-0.311123,-0.032001,0.347120,0.211612
3357,3151101034,0.516982,-0.378489,-0.701354,-0.312379,0.032513,0.144626,0.090179
3358,3151134368,0.517007,-0.379765,-0.700015,-0.313789,0.031901,-0.118790,0.110301
3359,3151167702,0.517240,-0.380585,-0.699007,-0.314658,-0.023265,-0.269563,0.062628
3360,3151201036,0.517421,-0.381251,-0.698316,-0.315088,0.073776,-0.298979,0.007308
3361,3151234370,0.517380,-0.381926,-0.697836,-0.315402,0.104373,-0.156035,0.000765
3362,3151267704,0.517237,-0.382462,-0.697669,-0.315356,0.074779,-0.171466,0.085191
3363,3151301038,0.517073,-0.382930,-0.697682,-0.315027,0.153367,-0.160757,0.046305
3364,3151334372,0.516530,-0.383891,-0.697547,-0.315048,0.177067,-0.178277,0.064946
3365,3151367706,0.515937,-0.384801,-0.697535,-0.314935,-0.136680,-0.134185,0.218353
3366,3151401040,0.515979,-0.384481,-0.698268,-0.313632,-0.082192,-0.107485,0.140928
3367,3151434374,0.516092,-0.383906,-0.699152,-0.312178,-0.012029,0.055986,0.122798
3368,3151467708,0.516011,-0.383907,-0.699655,-0.311181,-0.067367,0.076824,0.113824
3369,3151501042,0.515599,-0.384476,-0.699746,-0.310956,-0.225327,0.202495,0.132797
3370,3151534376,0.515190,-0.384896,-0.699872,-0.310831,-0.275472,0.200484,0.196811
3371,3151567710,0.515041,-0.384953,-0.700048,-0.310609,-0.331672,0.140574,0.139167
3372,3151601044,0.514885,-0.385109,-0.700097,-0.310566,-0.268613,0.172493,0.165198
3373,3151634378,0.514708,-0.385424,-0.700027,-0.310625,-0.096210,0.188513,0.175154
3374,3151667712,0.514556,-0.385779,-0.699834,-0.310871,0.034619,0.145191,0.163023
3375,3151701046,0.514431,-0.386117,-0.699558,-0.311280,0.032210,0.026104,0.181561
3376,3151734380,0.514317,-0.386581,-0.699109,-0.311902,0.064456,-0.080187,0.113693
3377,3151767714,0.514259,-0.387228,-0.698417,-0.312744,0.119037,-0.122985,0.121461
3378,3151801048,0.514115,-0.387986,-0.697685,-0.313674,0.117955,-0.101995,0.101696
3379,3151834382,0.513957,-0.388743,-0.696988,-0.314542,0.057913,-0.100650,0.088768
3380,3151867716,0.513758,-0.389641,-0.696280,-0.315325,-0.054963,-0.000681,0.106884
3381,3151901050,0.513510,-0.390690,-0.695492,-0.316168,0.056360,0.120405,0.149690
3382,3151934384,0.513168,-0.391901,-0.694542,-0.317309,-0.031899,0.093934,0.146461
3383,3151967718,0.513023,-0.392937,-0.693583,-0.318360,-0.139552,-0.054675,0.164584
3384,3152001052,0.513078,-0.393681,-0.692729,-0.319208,-0.000452,-0.006592,0.208013
3385,3152034386,0.513273,-0.394199,-0.691883,-0.320092,0.131650,0.020412,0.146305
3386,3152067720,0.513589,-0.394595,-0.690935,-0.321143,0.091486,-0.107965,0.077086
3387,3152101054,0.514058,-0.394700,-0.690212,-0.321817,0.055381,-0.282330,0.030411
3388,3152134388,0.514330,-0.394808,-0.689736,-0.322270,0.027495,-0.344391,0.025767
3389,3152167722,0.514512,-0.394861,-0.689488,-0.322443,-0.067847,-0.170283,0.058976
3390,3152201056,0.514622,-0.394680,-0.689605,-0.322241,-0.003701,0.007353,0.088851
3391,3152234390,0.514681,-0.394321,-0.689951,-0.321846,-0.074306,0.062567,0.111898
3392,3152267724,0.514606,-0.394006,-0.690357,-0.321481,-0.115368,0.086697,0.115863
3393,3152301058,0.514487,-0.393719,-0.690813,-0.321042,-0.149795,0.119427,0.143422
3394,3152334392,0.514379,-0.393396,-0.691354,-0.320446,-0.108963,0.122201,0.171053
3395,3152367726,0.514304,-0.393071,-0.691879,-0.319833,-0.053501,0.146516,0.150375
3396,3152401060,0.514205,-0.392844,-0.692296,-0.319367,-0.102233,0.190248,0.200311
3397,3152434394,0.514210,-0.392664,-0.692536,-0.319059,-0.019387,0.224419,0.235778
3398,3152467728,0.514181,-0.392779,-0.692419,-0.319218,0.007117,0.189354,0.204088
3399,3152501062,0.514322,-0.392976,-0.692009,-0.319639,-0.043720,0.065952,0.233539
3400,3152534396,0.514851,-0.392931,-0.691442,-0.320068,-0.004112,0.027826,0.206003
3401,3152567730,0.515418,-0.393008,-0.690587,-0.320907,0.205688,-0.032308,0.071555
3402,3152601064,0.516137,-0.392918,-0.689701,-0.321765,0.203667,-0.184505,0.071684
3403,3152634398,0.516693,-0.392727,-0.689173,-0.322238,0.044568,-0.444124,-0.006481
3404,3152667732,0.517055,-0.392317,-0.689266,-0.321956,0.058974,-0.271785,0.042500
3405,3152701066,0.517423,-0.391713,-0.689632,-0.321316,0.053815,-0.054846,0.087065
3406,3152734400,0.517726,-0.391163,-0.690017,-0.320672,0.010794,0.065615,0.119265
3407,3152767734,0.517886,-0.390818,-0.690310,-0.320203,-0.076156,-0.022357,0.129859
3408,3152801068,0.518172,-0.390341,-0.690656,-0.319575,-0.078945,-0.007572,0.129437
3409,3152834402,0.518351,-0.389879,-0.691035,-0.319030,0.015707,0.027239,0.121515
3410,3152867736,0.518480,-0.389429,-0.691433,-0.318507,-0.050051,-0.065478,0.116379
3411,3152901070,0.518555,-0.389045,-0.691858,-0.317930,-0.064710,0.006466,0.125235
3412,3152934404,0.518549,-0.388732,-0.692272,-0.317423,-0.037707,0.083307,0.148741
3413,3152967738,0.518630,-0.388338,-0.692638,-0.316973,-0.089959,0.078799,0.192955
3414,3153001072,0.518794,-0.387923,-0.692915,-0.316607,-0.115909,0.073514,0.177181
3415,3153034406,0.518983,-0.387554,-0.693064,-0.316422,-0.000186,0.031519,0.137282
3416,3153067740,0.519104,-0.387316,-0.693100,-0.316437,0.103803,-0.002015,0.085830
3417,3153101074,0.519033,-0.387300,-0.693107,-0.316558,0.092268,-0.008018,0.099615
3418,3153134408,0.518772,-0.387408,-0.693139,-0.316784,-0.008925,0.039401,0.141590
3419,3153167742,0.518584,-0.387495,-0.693143,-0.316976,-0.028250,0.080819,0.165987
3420,3153201076,0.518395,-0.387726,-0.693016,-0.317281,-0.098013,0.085444,0.160722
3421,3153234410,0.518235,-0.388061,-0.692768,-0.317672,-0.137485,0.017968,0.148680
3422,3153267744,0.518048,-0.388330,-0.692549,-0.318127,-0.021729,0.021708,0.101800
3423,3153301078,0.517874,-0.388483,-0.692450,-0.318437,-0.048005,-0.090528,0.148043
3424,3153334412,0.517840,-0.388590,-0.692330,-0.318623,-0.021957,-0.060631,0.163310
3425,3153367746,0.517753,-0.388818,-0.692099,-0.318989,0.058027,-0.023922,0.124294
3426,3153401080,0.517660,-0.389036,-0.691865,-0.319382,0.115156,-0.017507,0.091231
3427,3153434414,0.517539,-0.389239,-0.691705,-0.319676,-0.010235,-0.102583,0.081293
3428,3153467748,0.517376,-0.389486,-0.691606,-0.319855,-0.026632,-0.070186,0.126383
3429,3153501082,0.517213,-0.389724,-0.691543,-0.319964,0.026761,0.059132,0.131351
3430,3153534416,0.517028,-0.389953,-0.691494,-0.320089,0.033032,0.101842,0.132584
3431,3153567750,0.516864,-0.390199,-0.691438,-0.320177,-0.066133,0.049667,0.162529
3432,3153601084,0.516805,-0.390429,-0.691305,-0.320278,-0.042566,0.044828,0.154658
3433,3153634418,0.516762,-0.390652,-0.691099,-0.320518,0.056598,0.000120,0.129068
3434,3153667752,0.516623,-0.390909,-0.690905,-0.320847,0.017066,-0.059253,0.096053
3435,3153701086,0.516587,-0.390983,-0.690857,-0.320917,0.026592,-0.149888,0.081495
3436,3153734420,0.516624,-0.390797,-0.691038,-0.320697,-0.034908,-0.196234,0.039986
3437,3153767754,0.516555,-0.390565,-0.691377,-0.320358,-0.013599,-0.138370,0.133951
3438,3153801088,0.516577,-0.390194,-0.691793,-0.319879,-0.002982,0.059328,0.137383
3439,3153834422,0.516636,-0.389771,-0.692195,-0.319428,-0.022993,0.085237,0.117723
3440,3153867756,0.516657,-0.389412,-0.692570,-0.319019,-0.067827,0.000394,0.135673
3441,3153901090,0.516662,-0.389118,-0.692881,-0.318694,-0.061458,0.023185,0.157888
3442,3153934424,0.516702,-0.388771,-0.693196,-0.318366,-0.021088,0.091242,0.166880
3443,3153967758,0.516742,-0.388486,-0.693426,-0.318150,0.026688,0.128818,0.131961
3444,3154001092,0.516678,-0.388490,-0.693491,-0.318106,0.032834,0.045789,0.132642
3445,3154034426,0.516606,-0.388623,-0.693450,-0.318150,0.017794,-0.005276,0.148377
3446,3154067760,0.516592,-0.388600,-0.693506,-0.318079,0.011657,-0.018366,0.107955
3447,3154101094,0.516563,-0.388505,-0.693658,-0.317912,-0.044859,-0.039277,0.104286
3448,3154134428,0.516489,-0.388395,-0.693870,-0.317704,-0.086248,0.003576,0.132902
3449,3154167762,0.516365,-0.388281,-0.694124,-0.317489,-0.048945,0.026482,0.110028
3450,3154201096,0.516205,-0.388100,-0.694415,-0.317333,-0.030978,-0.004787,0.147349
3451,3154234430,0.516054,-0.387848,-0.694760,-0.317132,-0.006009,-0.002449,0.083224
3452,3154267764,0.515858,-0.387624,-0.695159,-0.316851,-0.072115,-0.071992,0.111559
3453,3154301098,0.515677,-0.387400,-0.695611,-0.316427,-0.024053,-0.069203,0.132347
3454,3154334432,0.515451,-0.387211,-0.696040,-0.316084,0.022892,0.051924,0.110889
3455,3154367766,0.515271,-0.386948,-0.696504,-0.315676,-0.001044,0.071128,0.161469
3456,3154401100,0.515105,-0.386762,-0.696881,-0.315344,-0.060718,0.083152,0.145264
3457,3154434434,0.514966,-0.386684,-0.697107,-0.315166,-0.025629,0.043604,0.169084
3458,3154467768,0.514823,-0.386684,-0.697211,-0.315169,-0.013599,0.040008,0.149960
3459,3154501102,0.514724,-0.386659,-0.697294,-0.315179,-0.011372,0.001866,0.106259
3460,3154534436,0.514633,-0.386638,-0.697374,-0.315177,-0.015049,-0.062533,0.100532
3461,3154567770,0.514423,-0.386748,-0.697447,-0.315222,-0.012280,-0.083838,0.093626
3462,3154601104,0.514103,-0.386968,-0.697537,-0.315276,0.001366,-0.005126,0.131562
3463,3154634438,0.513797,-0.387154,-0.697627,-0.315345,-0.012150,0.042164,0.158459
3464,3154667772,0.513505,-0.387355,-0.697669,-0.315483,-0.017595,0.069130,0.143247
3465,3154701106,0.513085,-0.387802,-0.697551,-0.315876,0.016573,0.023415,0.143259
3466,3154734440,0.512849,-0.388083,-0.697460,-0.316115,-0.004462,0.008646,0.148218
3467,3154767774,0.512679,-0.388307,-0.697330,-0.316404,-0.023046,0.022723,0.139978
3468,3154801108,0.512568,-0.388418,-0.697259,-0.316604,-0.025967,-0.039870,0.109988
3469,3154834442,0.512570,-0.388417,-0.697203,-0.316725,-0.011574,-0.052564,0.141057
3470,3154867776,0.512591,-0.388360,-0.697183,-0.316807,0.037069,-0.037396,0.155437
3471,3154901110,0.512621,-0.388313,-0.697098,-0.317001,0.060247,-0.034767,0.089302
3472,3154934444,0.512698,-0.388195,-0.697062,-0.317099,0.089957,-0.087339,0.088362
3473,3154967778,0.512746,-0.388047,-0.697128,-0.317060,0.105783,-0.113710,0.095515
3474,3155001112,0.512728,-0.387936,-0.697246,-0.316963,0.033071,-0.099773,0.123544
3475,3155034446,0.512694,-0.387886,-0.697374,-0.316799,0.027004,-0.010710,0.109983
3476,3155067780,0.512532,-0.387999,-0.697442,-0.316771,0.063306,0.089235,0.153354
3477,3155101114,0.512401,-0.388099,-0.697495,-0.316745,-0.040040,0.051021,0.155721
3478,3155134448,0.512351,-0.388172,-0.697500,-0.316724,-0.095158,0.006671,0.145927
3479,3155167782,0.512277,-0.388278,-0.697477,-0.316766,-0.023687,0.024342,0.113667
3480,3155201116,0.512175,-0.388418,-0.697437,-0.316848,0.063741,0.034280,0.128253
3481,3155234450,0.512060,-0.388552,-0.697426,-0.316892,0.020130,0.001864,0.141187
3482,3155267784,0.512038,-0.388582,-0.697449,-0.316841,-0.023810,-0.008610,0.153908
3483,3155301118,0.512099,-0.388512,-0.697468,-0.316786,0.013941,0.006977,0.114676
3484,3155334452,0.512163,-0.388414,-0.697501,-0.316731,0.018788,-0.039663,0.116582
3485,3155367786,0.512202,-0.388344,-0.697539,-0.316670,0.002531,-0.056349,0.098198
3486,3155401120,0.512239,-0.388269,-0.697629,-0.316505,-0.018483,-0.041589,0.100785
3487,3155434454,0.512221,-0.388238,-0.697714,-0.316384,0.003805,-0.016299,0.134585
3488,3155467788,0.512216,-0.388243,-0.697737,-0.316337,0.030168,-0.001422,0.126344
3489,3155501122,0.512161,-0.388346,-0.697682,-0.316419,-0.020217,0.004635,0.115173
3490,3155534456,0.512178,-0.388408,-0.697612,-0.316469,-0.053582,-0.033230,0.132063
3491,3155567790,0.512170,-0.388482,-0.697539,-0.316551,0.017817,0.020076,0.116954
3492,3155601124,0.512177,-0.388528,-0.697475,-0.316627,0.017606,0.013752,0.112105
3493,3155634458,0.512164,-0.388591,-0.697414,-0.316702,-0.014896,-0.028537,0.137780
3494,3155667792,0.512182,-0.388642,-0.697351,-0.316751,-0.014088,0.021507,0.133368
3495,3155701126,0.512222,-0.388680,-0.697277,-0.316802,0.009327,0.013457,0.144084
3496,3155734460,0.512256,-0.388762,-0.697159,-0.316907,-0.003180,-0.008630,0.113757
3497,3155767794,0.512296,-0.388843,-0.697024,-0.317038,0.044570,-0.031307,0.119472
3498,3155801128,0.512276,-0.388980,-0.696901,-0.317172,0.061815,-0.013849,0.094422
3499,3155834462,0.512239,-0.389177,-0.696737,-0.317353,0.017228,0.002103,0.139886
3500,3155867796,0.512161,-0.389419,-0.696544,-0.317606,0.000444,0.048508,0.132726
3501,3155901130,0.512040,-0.389678,-0.696346,-0.317915,-0.101804,0.014886,0.134034
3502,3155934464,0.512017,-0.389773,-0.696223,-0.318106,-0.149158,-0.029140,0.131765
3503,3155967798,0.512036,-0.389775,-0.696170,-0.318188,-0.102070,-0.052443,0.108045
3504,3156001132,0.512017,-0.389690,-0.696207,-0.318243,-0.060319,-0.031248,0.102028
3505,3156034466,0.512073,-0.389430,-0.696361,-0.318134,-0.021474,-0.029377,0.132842
3506,3156067800,0.512033,-0.389398,-0.696371,-0.318215,0.035679,0.038418,0.134209
3507,3156101134,0.511796,-0.389786,-0.696158,-0.318590,0.031707,0.010865,0.145048
3508,3156134468,0.511619,-0.390035,-0.696017,-0.318874,-0.002775,0.036615,0.126955
3509,3156167802,0.511575,-0.390027,-0.696020,-0.318950,-0.006606,-0.003554,0.139083
3510,3156201136,0.511595,-0.389921,-0.696084,-0.318907,0.033018,0.022881,0.122094
3511,3156234470,0.511567,-0.389902,-0.696123,-0.318891,0.012274,0.011443,0.119947
3512,3156267804,0.511594,-0.389837,-0.696174,-0.318815,0.003997,0.038364,0.156158
3513,3156301138,0.511747,-0.389585,-0.696309,-0.318583,0.018143,0.031730,0.123814
3514,3156334472,0.511756,-0.389561,-0.696328,-0.318555,-0.013162,-0.040770,0.099894
3515,3156367806,0.511693,-0.389597,-0.696381,-0.318496,-0.068193,-0.065543,0.115672
3516,3156401140,0.511623,-0.389624,-0.696447,-0.318432,-0.077170,0.000309,0.151973
3517,3156434474,0.511599,-0.389580,-0.696510,-0.318387,-0.017740,0.083603,0.114850
3518,3156467808,0.511549,-0.389547,-0.696559,-0.318400,0.003635,0.006800,0.138324
3519,3156501142,0.511461,-0.389663,-0.696500,-0.318531,-0.001374,-0.008294,0.125105
3520,3156534476,0.511419,-0.389686,-0.696519,-0.318528,-0.011574,-0.006789,0.158904
3521,3156567810,0.511381,-0.389784,-0.696459,-0.318597,0.039167,0.013461,0.128452
3522,3156601144,0.511373,-0.389852,-0.696371,-0.318720,0.064395,0.027514,0.113831