time	DeviceName	AccX(g)	AccY(g)	AccZ(g)	AsX(°/s)	AsY(°/s)	AsZ(°/s)	AngleX(°)	AngleY(°)	AngleZ(°)	HX(uT)	HY(uT)	HZ(uT)	Q0()	Q1()	Q2()	Q3()	Temperature(°C)	Height(m)	Pressure(kPa)	Version()	Battery level(%)
2026-05-27T16:16:37.313	WT901BLE68(F3:F0:16:BF:DC:AE)	0.059	0.969	-0.222	0.916	-6.042	0.488	102.21	-2.72	-15.78	-17.413	23.700	-73.773	-0.63025	-0.76865	0.09955	0.04428	25.8	null	null	13113	60
2026-05-27T16:16:37.433	WT901BLE68(F3:F0:16:BF:DC:AE)	0.011	0.963	-0.263	-1.038	-4.761	4.150	102.29	-2.85	-16.18	-17.413	23.700	-73.773	-0.63025	-0.76865	0.09955	0.04428	25.8	null	null	13113	60
2026-05-27T16:16:37.523	WT901BLE68(F3:F0:16:BF:DC:AE)	0.109	0.953	-0.245	-3.845	-24.841	6.287	102.24	-3.02	-18.00	-17.413	23.700	-73.773	-0.63025	-0.76865	0.09955	0.04428	25.8	null	null	13113	60
2026-05-27T16:16:37.640	WT901BLE68(F3:F0:16:BF:DC:AE)	-0.082	1.029	-0.168	-5.371	-14.404	4.272	102.10	-3.16	-20.22	-26.080	21.933	-75.660	-0.63025	-0.76865	0.09955	0.04428	25.8	null	null	13113	60
2026-05-27T16:16:37.702	WT901BLE68(F3:F0:16:BF:DC:AE)	0.046	0.972	-0.234	-7.813	-0.977	6.775	101.43	-3.37	-20.71	-26.080	21.933	-75.660	-0.63025	-0.76865	0.09955	0.04428	25.8	null	null	13113	60
2026-05-27T16:16:37.824	WT901BLE68(F3:F0:16:BF:DC:AE)	0.004	1.009	-0.193	-6.714	-17.883	12.146	100.84	-4.00	-21.93	-26.080	21.933	-75.660	-0.63025	-0.76865	0.09955	0.04428	25.8	null	null	13113	60
2026-05-27T16:16:37.910	WT901BLE68(F3:F0:16:BF:DC:AE)	0.139	0.978	-0.158	-13.123	1.770	5.249	100.06	-4.48	-23.35	-26.080	21.933	-75.660	-0.63071	-0.74994	0.17365	0.09769	25.8	null	null	13113	60
2026-05-27T16:16:38.034	WT901BLE68(F3:F0:16:BF:DC:AE)	0.108	0.981	-0.144	-11.658	18.616	2.502	98.70	-5.02	-22.40	-26.080	21.933	-75.660	-0.63071	-0.74994	0.17365	0.09769	25.8	null	null	13113	60
2026-05-27T16:16:38.123	WT901BLE68(F3:F0:16:BF:DC:AE)	0.026	1.006	-0.114	-11.230	15.076	7.507	97.35	-5.76	-20.47	-26.080	21.933	-75.660	-0.63071	-0.74994	0.17365	0.09769	25.8	null	null	13113	60
2026-05-27T16:16:38.247	WT901BLE68(F3:F0:16:BF:DC:AE)	0.083	1.009	-0.078	-21.729	-11.658	7.263	95.66	-6.41	-20.82	-26.080	21.933	-75.660	-0.63071	-0.74994	0.17365	0.09769	25.8	null	null	13113	60
2026-05-27T16:16:38.332	WT901BLE68(F3:F0:16:BF:DC:AE)	0.064	0.979	-0.061	-22.705	-13.428	9.888	93.57	-6.99	-22.10	-26.080	21.933	-75.660	-0.63071	-0.74994	0.17365	0.09769	25.8	null	null	13113	60
2026-05-27T16:16:38.458	WT901BLE68(F3:F0:16:BF:DC:AE)	0.121	1.068	0.023	-32.471	-32.166	6.714	91.22	-7.59	-24.93	-26.080	21.933	-75.660	-0.63071	-0.74994	0.17365	0.09769	25.8	null	null	13113	60
2026-05-27T16:16:38.510	WT901BLE68(F3:F0:16:BF:DC:AE)	0.044	0.977	0.082	-34.363	-43.335	-2.869	88.48	-7.67	-28.50	-26.520	32.667	-64.207	-0.63071	-0.74994	0.17365	0.09769	25.8	null	null	13113	60
2026-05-27T16:16:38.635	WT901BLE68(F3:F0:16:BF:DC:AE)	0.079	1.019	0.017	-21.851	-52.795	-6.042	86.45	-7.20	-32.56	-26.520	32.667	-64.207	-0.63071	-0.74994	0.17365	0.09769	25.8	null	null	13113	60
2026-05-27T16:16:38.721	WT901BLE68(F3:F0:16:BF:DC:AE)	0.080	0.977	0.006	-22.827	-88.013	-18.066	85.29	-6.30	-39.27	-26.520	32.667	-64.207	-0.70773	-0.63113	0.25314	0.19119	25.8	null	null	13113	60
2026-05-27T16:16:38.845	WT901BLE68(F3:F0:16:BF:DC:AE)	0.064	0.968	-0.106	-0.488	-98.572	-38.147	85.59	-3.95	-48.04	-26.520	32.667	-64.207	-0.70773	-0.63113	0.25314	0.19119	25.8	null	null	13113	60
2026-05-27T16:16:38.932	WT901BLE68(F3:F0:16:BF:DC:AE)	0.220	0.996	0.018	-0.977	-95.459	-36.438	86.61	-0.80	-57.85	-26.520	32.667	-64.207	-0.70773	-0.63113	0.25314	0.19119	25.8	null	null	13113	60
2026-05-27T16:16:39.055	WT901BLE68(F3:F0:16:BF:DC:AE)	0.278	1.060	0.176	-17.761	-50.171	-17.456	85.82	0.88	-65.29	-26.520	32.667	-64.207	-0.70773	-0.63113	0.25314	0.19119	25.8	null	null	13113	60
2026-05-27T16:16:39.111	WT901BLE68(F3:F0:16:BF:DC:AE)	0.148	0.953	0.021	1.282	11.414	-7.690	85.06	1.39	-65.46	-26.520	32.667	-64.207	-0.70773	-0.63113	0.25314	0.19119	25.8	null	null	13113	60
2026-05-27T16:16:39.235	WT901BLE68(F3:F0:16:BF:DC:AE)	0.185	0.953	0.032	-2.075	9.094	-3.845	84.95	1.37	-64.54	-26.520	32.667	-64.207	-0.70773	-0.63113	0.25314	0.19119	25.8	null	null	13113	60
2026-05-27T16:16:39.324	WT901BLE68(F3:F0:16:BF:DC:AE)	0.149	1.037	0.031	7.568	19.714	0.183	85.65	0.70	-60.42	-26.520	32.667	-64.207	-0.70773	-0.63113	0.25314	0.19119	25.8	null	null	13113	60
2026-05-27T16:16:39.446	WT901BLE68(F3:F0:16:BF:DC:AE)	0.154	1.000	0.037	-2.869	108.215	20.752	85.24	-0.58	-52.64	-26.520	32.667	-64.207	-0.70773	-0.63113	0.25314	0.19119	25.8	null	null	13113	60
2026-05-27T16:16:39.531	WT901BLE68(F3:F0:16:BF:DC:AE)	0.095	0.979	-0.005	-2.991	113.953	30.579	84.76	-2.47	-41.02	-50.867	33.887	-51.233	-0.70773	-0.63113	0.25314	0.19119	25.8	null	null	13113	60
2026-05-27T16:16:39.654	WT901BLE68(F3:F0:16:BF:DC:AE)	-0.021	0.998	-0.081	15.076	115.906	26.123	84.74	-4.53	-29.76	-50.867	33.887	-51.233	-0.71359	-0.63467	0.22180	0.19659	25.8	null	null	13113	60
2026-05-27T16:16:39.744	WT901BLE68(F3:F0:16:BF:DC:AE)	0.006	0.968	-0.144	33.325	68.054	15.869	87.11	-5.59	-20.33	-50.867	33.887	-51.233	-0.71359	-0.63467	0.22180	0.19659	25.8	null	null	13113	60
2026-05-27T16:16:39.864	WT901BLE68(F3:F0:16:BF:DC:AE)	-0.284	1.243	0.017	65.002	48.950	-16.052	92.40	-4.71	-14.83	-50.867	33.887	-51.233	-0.71359	-0.63467	0.22180	0.19659	25.8	null	null	13113	60
2026-05-27T16:16:39.924	WT901BLE68(F3:F0:16:BF:DC:AE)	-0.016	1.010	-0.020	42.114	22.461	3.357	96.26	-4.71	-13.22	-50.867	33.887	-51.233	-0.71359	-0.63467	0.22180	0.19659	25.8	null	null	13113	60
2026-05-27T16:16:40.045	WT901BLE68(F3:F0:16:BF:DC:AE)	0.096	0.959	-0.186	8.423	31.372	-9.399	97.30	-4.13	-11.49	-50.867	33.887	-51.233	-0.71359	-0.63467	0.22180	0.19659	25.8	null	null	13113	60
2026-05-27T16:16:40.131	WT901BLE68(F3:F0:16:BF:DC:AE)	-0.113	1.030	-0.112	10.315	-5.859	-0.732	98.48	-3.66	-10.31	-50.867	33.887	-51.233	-0.71359	-0.63467	0.22180	0.19659	25.8	null	null	13113	60
2026-05-27T16:16:40.255	WT901BLE68(F3:F0:16:BF:DC:AE)	0.047	0.978	-0.207	7.263	-20.630	-0.610	99.26	-3.04	-11.83	-50.867	33.887	-51.233	-0.71359	-0.63467	0.22180	0.19659	25.8	null	null	13113	60
2026-05-27T16:16:40.343	WT901BLE68(F3:F0:16:BF:DC:AE)	-0.068	1.010	-0.190	3.479	-12.085	0.916	99.92	-2.65	-13.38	-23.553	23.793	-74.427	-0.71359	-0.63467	0.22180	0.19659	25.8	null	null	13113	60
2026-05-27T16:16:40.468	WT901BLE68(F3:F0:16:BF:DC:AE)	0.061	0.965	-0.243	0.671	-4.761	4.944	100.18	-2.53	-14.39	-23.553	23.793	-74.427	-0.71359	-0.63467	0.22180	0.19659	25.8	null	null	13113	60
2026-05-27T16:16:40.522	WT901BLE68(F3:F0:16:BF:DC:AE)	0.018	0.990	-0.164	-1.343	-21.545	6.836	100.33	-2.86	-15.95	-23.553	23.793	-74.427	-0.63715	-0.75842	0.11905	0.06741	25.8	null	null	13113	60
2026-05-27T16:16:40.645	WT901BLE68(F3:F0:16:BF:DC:AE)	0.052	0.983	-0.219	-3.235	-7.141	9.827	100.26	-3.29	-17.80	-23.553	23.793	-74.427	-0.63715	-0.75842	0.11905	0.06741	25.8	null	null	13113	60
2026-05-27T16:16:40.735	WT901BLE68(F3:F0:16:BF:DC:AE)	0.092	0.978	-0.167	-6.531	-14.221	9.094	99.90	-3.92	-19.07	-23.553	23.793	-74.427	-0.63715	-0.75842	0.11905	0.06741	25.8	null	null	13113	60
2026-05-27T16:16:40.859	WT901BLE68(F3:F0:16:BF:DC:AE)	0.061	1.000	-0.125	-10.559	-6.836	6.958	99.21	-4.51	-20.46	-23.553	23.793	-74.427	-0.63715	-0.75842	0.11905	0.06741	25.8	null	null	13113	60
2026-05-27T16:16:40.944	WT901BLE68(F3:F0:16:BF:DC:AE)	0.059	0.992	-0.116	-18.738	2.258	3.906	97.69	-4.88	-20.77	-23.553	23.793	-74.427	-0.63715	-0.75842	0.11905	0.06741	25.8	null	null	13113	60
2026-05-27T16:16:41.065	WT901BLE68(F3:F0:16:BF:DC:AE)	0.030	0.992	-0.104	-22.156	-17.334	7.202	95.77	-5.25	-21.49	-23.553	23.793	-74.427	-0.63715	-0.75842	0.11905	0.06741	25.8	null	null	13113	60
2026-05-27T16:16:41.155	WT901BLE68(F3:F0:16:BF:DC:AE)	0.072	0.992	-0.038	-32.593	-35.034	6.409	93.50	-5.62	-24.32	-23.553	23.793	-74.427	-0.63715	-0.75842	0.11905	0.06741	25.8	null	null	13113	60
2026-05-27T16:16:41.274	WT901BLE68(F3:F0:16:BF:DC:AE)	0.104	0.945	-0.034	-39.001	-38.330	-1.282	90.26	-5.75	-28.20	-29.293	31.033	-65.753	-0.63715	-0.75842	0.11905	0.06741	25.8	null	null	13113	60
2026-05-27T16:16:41.333	WT901BLE68(F3:F0:16:BF:DC:AE)	0.124	1.014	-0.018	-28.809	-58.167	-11.658	87.57	-5.33	-32.44	-29.293	31.033	-65.753	-0.63715	-0.75842	0.11905	0.06741	25.8	null	null	13113	60
2026-05-27T16:16:41.458	WT901BLE68(F3:F0:16:BF:DC:AE)	0.236	0.992	-0.011	-3.235	-31.189	-4.395	86.73	-5.00	-36.97	-29.293	31.033	-65.753	-0.63715	-0.75842	0.11905	0.06741	25.8	null	null	13113	60
2026-05-27T16:16:41.541	WT901BLE68(F3:F0:16:BF:DC:AE)	0.211	0.991	0.057	0.305	-20.447	2.808	87.24	-5.35	-39.47	-29.293	31.033	-65.753	-0.69583	-0.63876	0.25391	0.20792	25.8	null	null	13113	60
2026-05-27T16:16:41.667	WT901BLE68(F3:F0:16:BF:DC:AE)	0.252	0.984	0.057	0.366	29.358	1.709	87.18	-6.16	-39.58	-29.293	31.033	-65.753	-0.69583	-0.63876	0.25391	0.20792	25.8	null	null	13113	60
2026-05-27T16:16:41.754	WT901BLE68(F3:F0:16:BF:DC:AE)	0.193	0.997	0.010	3.723	69.336	-1.282	86.78	-6.33	-34.69	-29.293	31.033	-65.753	-0.69583	-0.63876	0.25391	0.20792	25.8	null	null	13113	60
2026-05-27T16:16:41.877	WT901BLE68(F3:F0:16:BF:DC:AE)	0.085	1.027	0.058	5.981	68.115	-1.587	86.63	-6.14	-27.75	-29.293	31.033	-65.753	-0.69583	-0.63876	0.25391	0.20792	25.8	null	null	13113	60
2026-05-27T16:16:41.935	WT901BLE68(F3:F0:16:BF:DC:AE)	0.075	1.027	0.076	-1.221	50.903	-3.113	86.35	-5.71	-22.24	-29.293	31.033	-65.753	-0.69583	-0.63876	0.25391	0.20792	25.8	null	null	13113	60
2026-05-27T16:16:42.053	WT901BLE68(F3:F0:16:BF:DC:AE)	-0.019	0.989	0.057	6.287	60.852	-15.015	85.97	-4.19	-17.15	-29.293	31.033	-65.753	-0.69583	-0.63876	0.25391	0.20792	25.8	null	null	13113	60
2026-05-27T16:16:42.144	WT901BLE68(F3:F0:16:BF:DC:AE)	-0.045	0.968	0.035	20.264	26.062	-10.315	87.14	-2.71	-13.51	-24.373	35.300	-61.980	-0.69583	-0.63876	0.25391	0.20792	25.8	null	null	13113	60
2026-05-27T16:16:42.264	WT901BLE68(F3:F0:16:BF:DC:AE)	0.041	0.979	0.040	23.621	14.099	-2.625	89.23	-1.74	-12.29	-24.373	35.300	-61.980	-0.69583	-0.63876	0.25391	0.20792	25.8	null	null	13113	60
2026-05-27T16:16:42.351	WT901BLE68(F3:F0:16:BF:DC:AE)	-0.057	1.011	-0.026	23.743	3.784	0.793	91.49	-1.59	-11.67	-24.373	35.300	-61.980	-0.69937	-0.70731	0.08206	0.06128	25.8	null	null	13113	60
2026-05-27T16:16:42.477	WT901BLE68(F3:F0:16:BF:DC:AE)	0.066	0.998	-0.054	23.193	-3.845	5.859	93.75	-1.84	-12.68	-24.373	35.300	-61.980	-0.69937	-0.70731	0.08206	0.06128	25.8	null	null	13113	60
2026-05-27T16:16:42.563	WT901BLE68(F3:F0:16:BF:DC:AE)	0.031	1.003	-0.072	20.874	10.681	9.949	95.84	-2.46	-12.66	-24.373	35.300	-61.980	-0.69937	-0.70731	0.08206	0.06128	25.8	null	null	13113	60
2026-05-27T16:16:42.687	WT901BLE68(F3:F0:16:BF:DC:AE)	-0.050	1.068	0.058	-0.183	-25.818	-0.244	96.62	-2.93	-14.06	-24.373	35.300	-61.980	-0.69937	-0.70731	0.08206	0.06128	25.8	null	null	13113	60
2026-05-27T16:16:42.745	WT901BLE68(F3:F0:16:BF:DC:AE)	0.083	0.959	-0.185	5.615	-7.080	1.953	96.75	-2.48	-15.27	-24.373	35.300	-61.980	-0.69937	-0.70731	0.08206	0.06128	25.8	null	null	13113	60
2026-05-27T16:16:42.863	WT901BLE68(F3:F0:16:BF:DC:AE)	0.027	1.008	-0.125	5.127	-16.968	3.967	97.42	-2.60	-16.88	-24.373	35.300	-61.980	-0.69937	-0.70731	0.08206	0.06128	25.8	null	null	13113	60
2026-05-27T16:16:42.952	WT901BLE68(F3:F0:16:BF:DC:AE)	-0.002	0.998	-0.171	4.211	-8.667	3.052	98.03	-2.70	-18.14	-24.373	35.300	-61.980	-0.69937	-0.70731	0.08206	0.06128	25.8	null	null	13113	60
2026-05-27T16:16:43.074	WT901BLE68(F3:F0:16:BF:DC:AE)	-0.009	0.998	-0.167	0.122	-26.184	7.080	98.48	-2.91	-20.06	-24.853	25.500	-71.753	-0.69937	-0.70731	0.08206	0.06128	25.8	null	null	13113	60
2026-05-27T16:16:43.166	WT901BLE68(F3:F0:16:BF:DC:AE)	0.049	0.984	-0.191	-1.099	-18.188	8.118	98.61	-3.15	-22.88	-24.853	25.500	-71.753	-0.69937	-0.70731	0.08206	0.06128	25.8	null	null	13113	60
2026-05-27T16:16:43.285	WT901BLE68(F3:F0:16:BF:DC:AE)	0.049	0.983	-0.162	-3.784	-17.395	8.118	98.57	-3.63	-24.94	-24.853	25.500	-71.753	-0.64194	-0.73715	0.17749	0.11365	25.8	null	null	13113	60
2026-05-27T16:16:43.344	WT901BLE68(F3:F0:16:BF:DC:AE)	0.030	0.984	-0.162	-4.700	-11.353	10.681	98.38	-4.28	-26.46	-24.853	25.500	-71.753	-0.64194	-0.73715	0.17749	0.11365	25.8	null	null	13113	60
2026-05-27T16:16:43.524	WT901BLE68(F3:F0:16:BF:DC:AE)	0.024	1.008	-0.155	-2.258	-24.292	8.606	98.02	-4.89	-28.72	-24.853	25.500	-71.753	-0.64194	-0.73715	0.17749	0.11365	25.8	null	null	13113	60
2026-05-27T16:16:43.550	WT901BLE68(F3:F0:16:BF:DC:AE)	0.099	1.005	-0.038	-10.437	-47.302	9.216	98.14	-4.92	-32.58	-24.853	25.500	-71.753	-0.64194	-0.73715	0.17749	0.11365	25.8	null	null	13113	60
2026-05-27T16:16:43.677	WT901BLE68(F3:F0:16:BF:DC:AE)	0.111	0.982	-0.086	-30.518	-29.968	10.620	96.35	-5.51	-36.04	-24.853	25.500	-71.753	-0.64194	-0.73715	0.17749	0.11365	25.8	null	null	13113	60
2026-05-27T16:16:43.766	WT901BLE68(F3:F0:16:BF:DC:AE)	0.152	0.981	-0.078	-28.503	-11.536	9.521	93.61	-6.34	-37.45	-24.853	25.500	-71.753	-0.64194	-0.73715	0.17749	0.11365	25.8	null	null	13113	60
2026-05-27T16:16:43.885	WT901BLE68(F3:F0:16:BF:DC:AE)	0.210	0.976	-0.068	-27.588	-1.648	5.188	91.16	-7.06	-38.03	-24.853	25.500	-71.753	-0.64194	-0.73715	0.17749	0.11365	25.8	null	null	13113	60
2026-05-27T16:16:43.974	WT901BLE68(F3:F0:16:BF:DC:AE)	0.242	0.971	-0.024	-11.536	22.888	0.244	89.53	-7.47	-36.30	-33.547	32.773	-63.673	-0.64194	-0.73715	0.17749	0.11365	25.8	null	null	13113	60
2026-05-27T16:16:44.094	WT901BLE68(F3:F0:16:BF:DC:AE)	0.198	1.006	0.017	-7.385	45.410	-2.869	88.25	-7.53	-32.76	-33.547	32.773	-63.673	-0.64194	-0.73715	0.17749	0.11365	25.8	null	null	13113	60
2026-05-27T16:16:44.153	WT901BLE68(F3:F0:16:BF:DC:AE)	0.132	0.995	0.031	-4.456	40.405	-4.578	87.26	-7.25	-28.25	-33.547	32.773	-63.673	-0.70670	-0.65512	0.22498	0.14380	25.8	null	null	13113	60
2026-05-27T16:16:44.275	WT901BLE68(F3:F0:16:BF:DC:AE)	0.175	1.021	0.081	-2.930	29.785	-8.362	86.61	-6.45	-25.19	-33.547	32.773	-63.673	-0.70670	-0.65512	0.22498	0.14380	25.8	null	null	13113	60
2026-05-27T16:16:44.363	WT901BLE68(F3:F0:16:BF:DC:AE)	0.168	0.992	0.089	1.099	49.744	-6.348	86.15	-5.70	-21.44	-33.547	32.773	-63.673	-0.70670	-0.65512	0.22498	0.14380	25.8	null	null	13113	60
2026-05-27T16:16:44.485	WT901BLE68(F3:F0:16:BF:DC:AE)	0.064	0.978	0.093	2.686	45.776	-3.540	85.80	-5.05	-16.80	-33.547	32.773	-63.673	-0.70670	-0.65512	0.22498	0.14380	25.8	null	null	13113	60
2026-05-27T16:16:44.574	WT901BLE68(F3:F0:16:BF:DC:AE)	0.014	0.983	0.104	3.540	27.283	-5.127	85.85	-4.49	-13.49	-33.547	32.773	-63.673	-0.70670	-0.65512	0.22498	0.14380	25.8	null	null	13113	60
2026-05-27T16:16:44.696	WT901BLE68(F3:F0:16:BF:DC:AE)	-0.026	1.033	0.094	-1.831	1.526	-20.691	85.92	-3.14	-12.50	-33.547	32.773	-63.673	-0.70670	-0.65512	0.22498	0.14380	25.8	null	null	13113	60
2026-05-27T16:16:44.783	WT901BLE68(F3:F0:16:BF:DC:AE)	-0.027	0.977	0.039	22.827	-33.997	-6.287	87.29	-1.92	-14.49	-33.547	32.773	-63.673	-0.70670	-0.65512	0.22498	0.14380	25.8	null	null	13113	60
2026-05-27T16:16:44.872	WT901BLE68(F3:F0:16:BF:DC:AE)	0.132	0.999	0.154	20.569	-9.216	2.502	89.19	-1.75	-18.26	-23.213	33.827	-63.433	-0.70670	-0.65512	0.22498	0.14380	25.8	null	null	13113	60
2026-05-27T16:16:44.964	WT901BLE68(F3:F0:16:BF:DC:AE)	0.029	0.985	-0.041	17.822	12.024	-6.653	90.90	-1.12	-17.30	-23.213	33.827	-63.433	-0.70670	-0.65512	0.22498	0.14380	25.8	null	null	13113	60
2026-05-27T16:16:45.083	WT901BLE68(F3:F0:16:BF:DC:AE)	0.071	0.978	-0.097	20.203	-3.296	-0.793	92.76	-0.92	-17.39	-23.213	33.827	-63.433	-0.68915	-0.70901	0.11285	0.09753	25.8	null	null	13113	60
2026-05-27T16:16:45.176	WT901BLE68(F3:F0:16:BF:DC:AE)	0.004	0.964	-0.167	32.532	-21.667	13.733	95.58	-1.47	-18.24	-23.213	33.827	-63.433	-0.68915	-0.70901	0.11285	0.09753	25.8	null	null	13113	60
2026-05-27T16:16:45.294	WT901BLE68(F3:F0:16:BF:DC:AE)	0.037	0.961	-0.198	31.921	-1.282	19.958	98.95	-3.32	-20.20	-23.213	33.827	-63.433	-0.68915	-0.70901	0.11285	0.09753	25.8	null	null	13113	60
2026-05-27T16:16:45.389	WT901BLE68(F3:F0:16:BF:DC:AE)	-0.116	1.157	0.005	9.644	-27.527	8.911	101.09	-4.56	-21.98	-23.213	33.827	-63.433	-0.68915	-0.70901	0.11285	0.09753	25.8	null	null	13113	60
2026-05-27T16:16:45.506	WT901BLE68(F3:F0:16:BF:DC:AE)	0.027	0.942	-0.305	-0.977	-1.709	2.075	100.53	-3.92	-22.73	-23.213	33.827	-63.433	-0.68915	-0.70901	0.11285	0.09753	25.8	null	null	13113	60
2026-05-27T16:16:45.564	WT901BLE68(F3:F0:16:BF:DC:AE)	-0.023	0.991	-0.223	-2.319	-36.194	9.521	100.65	-3.97	-25.27	-23.213	33.827	-63.433	-0.68915	-0.70901	0.11285	0.09753	25.8	null	null	13113	60
2026-05-27T16:16:45.687	WT901BLE68(F3:F0:16:BF:DC:AE)	0.041	0.992	-0.187	-10.559	-16.907	8.057	100.12	-4.03	-28.67	-23.213	33.827	-63.433	-0.68915	-0.70901	0.11285	0.09753	25.8	null	null	13113	60
2026-05-27T16:16:45.773	WT901BLE68(F3:F0:16:BF:DC:AE)	0.068	0.976	-0.194	-19.958	-16.907	5.005	98.61	-4.14	-30.65	-29.627	24.600	-72.993	-0.68915	-0.70901	0.11285	0.09753	25.8	null	null	13113	60
2026-05-27T16:16:45.895	WT901BLE68(F3:F0:16:BF:DC:AE)	0.076	0.990	-0.167	-20.508	-8.850	6.287	96.78	-4.44	-32.24	-29.627	24.600	-72.993	-0.68915	-0.70901	0.11285	0.09753	25.8	null	null	13113	60
2026-05-27T16:16:45.985	WT901BLE68(F3:F0:16:BF:DC:AE)	0.020	1.012	-0.055	-28.198	-21.790	2.441	94.76	-4.70	-33.54	-29.627	24.600	-72.993	-0.65015	-0.70465	0.23505	0.15939	25.8	null	null	13113	60
2026-05-27T16:16:46.106	WT901BLE68(F3:F0:16:BF:DC:AE)	0.144	1.087	0.034	-54.871	-25.024	-11.230	90.78	-4.08	-35.62	-29.627	24.600	-72.993	-0.65015	-0.70465	0.23505	0.15939	25.8	null	null	13113	60
2026-05-27T16:16:46.164	WT901BLE68(F3:F0:16:BF:DC:AE)	-0.037	0.975	-0.026	-37.598	-1.343	1.221	86.65	-3.92	-35.36	-29.627	24.600	-72.993	-0.65015	-0.70465	0.23505	0.15939	25.8	null	null	13113	60
2026-05-27T16:16:46.287	WT901BLE68(F3:F0:16:BF:DC:AE)	-0.009	0.989	0.032	-26.855	-81.299	-11.536	84.22	-3.55	-39.54	-29.627	24.600	-72.993	-0.65015	-0.70465	0.23505	0.15939	25.8	null	null	13113	60
2026-05-27T16:16:46.375	WT901BLE68(F3:F0:16:BF:DC:AE)	0.234	0.938	0.018	1.343	-58.716	-1.465	84.27	-3.85	-46.41	-29.627	24.600	-72.993	-0.65015	-0.70465	0.23505	0.15939	25.8	null	null	13113	60
2026-05-27T16:16:46.497	WT901BLE68(F3:F0:16:BF:DC:AE)	0.151	0.949	0.044	15.015	-28.625	-2.625	85.83	-4.22	-49.14	-29.627	24.600	-72.993	-0.65015	-0.70465	0.23505	0.15939	25.8	null	null	13113	60
2026-05-27T16:16:46.584	WT901BLE68(F3:F0:16:BF:DC:AE)	0.334	1.038	0.107	6.592	-21.362	3.906	87.37	-4.98	-51.82	-29.627	24.600	-72.993	-0.65015	-0.70465	0.23505	0.15939	25.8	null	null	13113	60
2026-05-27T16:16:46.702	WT901BLE68(F3:F0:16:BF:DC:AE)	0.288	1.013	0.087	-1.099	48.157	4.211	87.41	-5.99	-50.19	-43.953	34.773	-55.340	-0.65015	-0.70465	0.23505	0.15939	25.8	null	null	13113	60
2026-05-27T16:16:46.794	WT901BLE68(F3:F0:16:BF:DC:AE)	0.131	0.991	0.025	1.099	81.787	3.906	86.53	-6.53	-43.01	-43.953	34.773	-55.340	-0.65015	-0.70465	0.23505	0.15939	25.8	null	null	13113	60
2026-05-27T16:16:46.912	WT901BLE68(F3:F0:16:BF:DC:AE)	0.106	0.987	0.033	6.958	77.393	2.380	86.02	-6.56	-34.86	-43.953	34.773	-55.340	-0.70316	-0.63168	0.25949	0.19772	25.8	null	null	13113	60
2026-05-27T16:16:46.976	WT901BLE68(F3:F0:16:BF:DC:AE)	-0.010	1.033	0.052	8.545	77.698	-5.432	86.13	-6.09	-26.88	-43.953	34.773	-55.340	-0.70316	-0.63168	0.25949	0.19772	25.8	null	null	13113	60
2026-05-27T16:16:47.096	WT901BLE68(F3:F0:16:BF:DC:AE)	0.057	0.943	0.061	12.878	8.240	2.625	86.62	-5.03	-22.86	-43.953	34.773	-55.340	-0.70316	-0.63168	0.25949	0.19772	25.8	null	null	13113	60
2026-05-27T16:16:47.184	WT901BLE68(F3:F0:16:BF:DC:AE)	0.090	0.978	0.102	21.667	58.960	-5.188	88.28	-4.92	-20.59	-43.953	34.773	-55.340	-0.70316	-0.63168	0.25949	0.19772	25.8	null	null	13113	60
2026-05-27T16:16:47.307	WT901BLE68(F3:F0:16:BF:DC:AE)	-0.149	0.998	-0.026	26.672	30.334	-4.089	90.03	-4.30	-15.10	-43.953	34.773	-55.340	-0.70316	-0.63168	0.25949	0.19772	25.8	null	null	13113	60
2026-05-27T16:16:47.394	WT901BLE68(F3:F0:16:BF:DC:AE)	0.078	0.990	0.021	23.499	-12.878	1.404	92.13	-3.63	-14.86	-43.953	34.773	-55.340	-0.70316	-0.63168	0.25949	0.19772	25.8	null	null	13113	60
2026-05-27T16:16:47.547	WT901BLE68(F3:F0:16:BF:DC:AE)	0.041	1.009	-0.048	23.071	17.517	4.517	94.36	-3.84	-14.97	-43.953	34.773	-55.340	-0.70316	-0.63168	0.25949	0.19772	25.8	null	null	13113	60
2026-05-27T16:16:47.572	WT901BLE68(F3:F0:16:BF:DC:AE)	0.034	0.984	-0.098	12.512	-4.578	1.282	95.45	-3.97	-14.80	-21.220	27.980	-69.667	-0.70316	-0.63168	0.25949	0.19772	25.8	null	null	13113	60
2026-05-27T16:16:47.697	WT901BLE68(F3:F0:16:BF:DC:AE)	0.078	0.982	-0.130	12.512	2.319	1.648	96.66	-3.94	-15.51	-21.220	27.980	-69.667	-0.70316	-0.63168	0.25949	0.19772	25.8	null	null	13113	60
2026-05-27T16:16:47.783	WT901BLE68(F3:F0:16:BF:DC:AE)	0.026	0.984	-0.203	11.536	-25.208	6.470	97.91	-4.01	-16.73	-21.220	27.980	-69.667	-0.65707	-0.74020	0.12646	0.06543	25.8	null	null	13113	60
2026-05-27T16:16:47.904	WT901BLE68(F3:F0:16:BF:DC:AE)	0.047	0.994	-0.165	2.625	-13.245	3.723	98.84	-4.00	-19.49	-21.220	27.980	-69.667	-0.65707	-0.74020	0.12646	0.06543	25.8	null	null	13113	60
2026-05-27T16:16:47.993	WT901BLE68(F3:F0:16:BF:DC:AE)	0.024	0.989	-0.192	0.183	-9.949	6.348	99.05	-4.17	-20.59	-21.220	27.980	-69.667	-0.65707	-0.74020	0.12646	0.06543	25.8	null	null	13113	60
2026-05-27T16:16:48.117	WT901BLE68(F3:F0:16:BF:DC:AE)	0.041	0.990	-0.165	-3.235	-19.714	10.254	99.11	-4.53	-22.57	-21.220	27.980	-69.667	-0.65707	-0.74020	0.12646	0.06543	25.8	null	null	13113	60
2026-05-27T16:16:48.205	WT901BLE68(F3:F0:16:BF:DC:AE)	0.069	0.992	-0.149	-9.705	-16.907	9.033	98.71	-5.05	-24.69	-21.220	27.980	-69.667	-0.65707	-0.74020	0.12646	0.06543	25.8	null	null	13113	60
2026-05-27T16:16:48.322	WT901BLE68(F3:F0:16:BF:DC:AE)	0.082	1.000	-0.123	-16.907	-8.057	5.493	97.58	-5.41	-26.24	-21.220	27.980	-69.667	-0.65707	-0.74020	0.12646	0.06543	25.8	null	null	13113	60
2026-05-27T16:16:48.385	WT901BLE68(F3:F0:16:BF:DC:AE)	0.061	0.986	-0.099	-24.536	-3.357	3.174	95.60	-5.62	-27.02	-21.220	27.980	-69.667	-0.65707	-0.74020	0.12646	0.06543	25.8	null	null	13113	60
2026-05-27T16:16:48.502	WT901BLE68(F3:F0:16:BF:DC:AE)	0.005	0.993	-0.015	-39.307	-18.433	-3.540	92.64	-5.47	-27.87	-27.300	28.467	-68.920	-0.65707	-0.74020	0.12646	0.06543	25.8	null	null	13113	60
2026-05-27T16:16:48.595	WT901BLE68(F3:F0:16:BF:DC:AE)	0.065	1.053	-0.033	-42.908	-33.386	-1.038	88.43	-4.84	-30.25	-27.300	28.467	-68.920	-0.65707	-0.74020	0.12646	0.06543	25.8	null	null	13113	60
2026-05-27T16:16:48.712	WT901BLE68(F3:F0:16:BF:DC:AE)	0.124	0.997	-0.053	-20.813	-44.006	-6.836	85.56	-4.44	-34.29	-27.300	28.467	-68.920	-0.70630	-0.64960	0.21918	0.17606	25.8	null	null	13113	60
2026-05-27T16:16:48.804	WT901BLE68(F3:F0:16:BF:DC:AE)	0.223	0.994	0.039	-1.038	-53.650	-4.333	85.40	-4.26	-39.50	-27.300	28.467	-68.920	-0.70630	-0.64960	0.21918	0.17606	25.8	null	null	13113	60
2026-05-27T16:16:48.922	WT901BLE68(F3:F0:16:BF:DC:AE)	0.327	0.982	0.112	1.831	-16.052	2.014	85.96	-4.76	-43.01	-27.300	28.467	-68.920	-0.70630	-0.64960	0.21918	0.17606	25.8	null	null	13113	60
2026-05-27T16:16:48.984	WT901BLE68(F3:F0:16:BF:DC:AE)	0.229	0.992	0.062	2.869	32.227	7.813	86.06	-5.82	-41.56	-27.300	28.467	-68.920	-0.70630	-0.64960	0.21918	0.17606	25.8	null	null	13113	60
2026-05-27T16:16:49.107	WT901BLE68(F3:F0:16:BF:DC:AE)	0.064	0.956	0.009	10.498	32.898	2.441	86.28	-6.50	-37.72	-27.300	28.467	-68.920	-0.70630	-0.64960	0.21918	0.17606	25.8	null	null	13113	60
2026-05-27T16:16:49.196	WT901BLE68(F3:F0:16:BF:DC:AE)	0.152	1.021	0.098	8.972	3.601	9.521	87.32	-7.05	-36.17	-27.300	28.467	-68.920	-0.70630	-0.64960	0.21918	0.17606	25.8	null	null	13113	60
2026-05-27T16:16:49.315	WT901BLE68(F3:F0:16:BF:DC:AE)	0.247	1.009	0.125	-0.977	54.321	-4.639	87.40	-7.43	-33.74	-27.300	28.467	-68.920	-0.70630	-0.64960	0.21918	0.17606	25.8	null	null	13113	60
2026-05-27T16:16:49.400	WT901BLE68(F3:F0:16:BF:DC:AE)	0.042	0.999	0.123	-10.559	70.679	-14.771	85.86	-6.15	-26.10	-31.113	34.900	-60.713	-0.70630	-0.64960	0.21918	0.17606	25.8	null	null	13113	60
2026-05-27T16:16:49.528	WT901BLE68(F3:F0:16:BF:DC:AE)	-0.028	0.975	0.031	-1.892	16.907	-9.399	84.96	-4.89	-21.67	-31.113	34.900	-60.713	-0.70630	-0.64960	0.21918	0.17606	25.8	null	null	13113	60
2026-05-27T16:16:49.584	WT901BLE68(F3:F0:16:BF:DC:AE)	0.101	1.013	0.161	11.292	-6.836	-3.052	85.63	-3.91	-22.05	-31.113	34.900	-60.713	-0.72748	-0.65894	0.15372	0.11322	25.8	null	null	13113	60
2026-05-27T16:16:49.737	WT901BLE68(F3:F0:16:BF:DC:AE)	0.055	1.000	0.017	19.714	18.921	-10.559	87.11	-3.16	-20.98	-31.113	34.900	-60.713	-0.72748	-0.65894	0.15372	0.11322	25.8	null	null	13113	60
2026-05-27T16:16:49.793	WT901BLE68(F3:F0:16:BF:DC:AE)	-0.000	1.018	0.003	22.583	9.827	-8.179	89.17	-2.18	-19.50	-31.113	34.900	-60.713	-0.72748	-0.65894	0.15372	0.11322	25.8	null	null	13113	60
2026-05-27T16:16:49.914	WT901BLE68(F3:F0:16:BF:DC:AE)	-0.079	1.009	-0.051	26.550	-6.653	-1.465	91.45	-1.58	-19.64	-31.113	34.900	-60.713	-0.72748	-0.65894	0.15372	0.11322	25.8	null	null	13113	60
2026-05-27T16:16:50.005	WT901BLE68(F3:F0:16:BF:DC:AE)	0.061	0.976	-0.124	31.738	-15.686	10.742	94.37	-1.97	-21.64	-31.113	34.900	-60.713	-0.72748	-0.65894	0.15372	0.11322	25.8	null	null	13113	60
2026-05-27T16:16:50.125	WT901BLE68(F3:F0:16:BF:DC:AE)	0.048	0.975	-0.104	32.166	-8.667	16.968	97.65	-3.20	-23.44	-31.113	34.900	-60.713	-0.72748	-0.65894	0.15372	0.11322	25.8	null	null	13113	60
2026-05-27T16:16:50.218	WT901BLE68(F3:F0:16:BF:DC:AE)	0.021	1.001	-0.178	11.658	12.329	13.916	99.56	-4.82	-23.25	-31.113	34.900	-60.713	-0.72748	-0.65894	0.15372	0.11322	25.8	null	null	13113	60
2026-05-27T16:16:50.336	WT901BLE68(F3:F0:16:BF:DC:AE)	0.034	0.981	-0.164	4.150	-6.409	-3.113	99.74	-4.50	-24.39	-27.707	24.613	-73.367	-0.72748	-0.65894	0.15372	0.11322	25.8	null	null	13113	60
2026-05-27T16:16:50.394	WT901BLE68(F3:F0:16:BF:DC:AE)	0.020	0.991	-0.203	1.221	-4.822	-1.221	99.96	-4.08	-25.09	-27.707	24.613	-73.367	-0.72748	-0.65894	0.15372	0.11322	25.8	null	null	13113	60
2026-05-27T16:16:50.512	WT901BLE68(F3:F0:16:BF:DC:AE)	0.028	0.984	-0.179	-0.671	-7.629	1.831	100.09	-3.89	-25.89	-27.707	24.613	-73.367	-0.63235	-0.74225	0.18958	0.11456	25.8	null	null	13113	60
2026-05-27T16:16:50.606	WT901BLE68(F3:F0:16:BF:DC:AE)	0.065	0.983	-0.208	-1.465	-4.700	3.967	100.06	-4.02	-26.43	-27.707	24.613	-73.367	-0.63235	-0.74225	0.18958	0.11456	25.8	null	null	13113	60
2026-05-27T16:16:50.724	WT901BLE68(F3:F0:16:BF:DC:AE)	0.058	0.989	-0.189	-3.296	-4.028	5.127	99.92	-4.29	-27.09	-27.707	24.613	-73.367	-0.63235	-0.74225	0.18958	0.11456	25.8	null	null	13113	60
2026-05-27T16:16:50.816	WT901BLE68(F3:F0:16:BF:DC:AE)	0.038	0.998	-0.156	-7.263	-5.798	5.249	99.50	-4.68	-27.52	-27.707	24.613	-73.367	-0.63235	-0.74225	0.18958	0.11456	25.8	null	null	13113	60
2026-05-27T16:16:50.932	WT901BLE68(F3:F0:16:BF:DC:AE)	0.049	0.983	-0.173	-10.742	-5.249	7.874	98.64	-5.13	-28.05	-27.707	24.613	-73.367	-0.63235	-0.74225	0.18958	0.11456	25.8	null	null	13113	60
2026-05-27T16:16:51.025	WT901BLE68(F3:F0:16:BF:DC:AE)	0.082	0.989	-0.127	-14.282	-10.071	9.033	97.49	-5.74	-29.01	-27.707	24.613	-73.367	-0.63235	-0.74225	0.18958	0.11456	25.8	null	null	13113	60
2026-05-27T16:16:51.147	WT901BLE68(F3:F0:16:BF:DC:AE)	0.114	0.983	-0.124	-16.846	-7.019	8.545	96.03	-6.33	-30.25	-27.707	24.613	-73.367	-0.63235	-0.74225	0.18958	0.11456	25.8	null	null	13113	60
2026-05-27T16:16:51.203	WT901BLE68(F3:F0:16:BF:DC:AE)	0.076	1.005	-0.049	-23.926	-26.794	8.850	94.33	-7.01	-31.85	-29.573	28.693	-68.753	-0.63235	-0.74225	0.18958	0.11456	25.8	null	null	13113	60
2026-05-27T16:16:51.324	WT901BLE68(F3:F0:16:BF:DC:AE)	0.156	0.965	0.096	-44.067	-18.738	-8.423	91.03	-6.64	-34.74	-29.573	28.693	-68.753	-0.63235	-0.74225	0.18958	0.11456	25.8	null	null	13113	60
2026-05-27T16:16:51.411	WT901BLE68(F3:F0:16:BF:DC:AE)	0.191	1.011	-0.067	-18.738	6.042	-8.301	88.20	-5.88	-34.90	-29.573	28.693	-68.753	-0.68594	-0.66043	0.25027	0.17477	25.8	null	null	13113	60
2026-05-27T16:16:51.536	WT901BLE68(F3:F0:16:BF:DC:AE)	0.148	0.981	-0.022	-3.845	-10.498	-3.052	87.46	-5.61	-35.08	-29.573	28.693	-68.753	-0.68594	-0.66043	0.25027	0.17477	25.8	null	null	13113	60
2026-05-27T16:16:51.623	WT901BLE68(F3:F0:16:BF:DC:AE)	0.246	0.973	0.060	3.479	-11.169	1.892	88.06	-5.88	-36.58	-29.573	28.693	-68.753	-0.68594	-0.66043	0.25027	0.17477	25.8	null	null	13113	60
2026-05-27T16:16:51.746	WT901BLE68(F3:F0:16:BF:DC:AE)	0.214	1.025	0.116	-5.981	22.522	-4.517	87.99	-6.12	-35.12	-29.573	28.693	-68.753	-0.68594	-0.66043	0.25027	0.17477	25.8	null	null	13113	60
2026-05-27T16:16:51.805	WT901BLE68(F3:F0:16:BF:DC:AE)	0.112	0.983	0.015	-3.479	37.964	-6.409	86.88	-5.80	-31.33	-29.573	28.693	-68.753	-0.68594	-0.66043	0.25027	0.17477	25.8	null	null	13113	60
2026-05-27T16:16:51.926	WT901BLE68(F3:F0:16:BF:DC:AE)	0.104	0.996	0.027	-0.061	21.362	-3.662	86.64	-5.28	-28.54	-29.573	28.693	-68.753	-0.68594	-0.66043	0.25027	0.17477	25.8	null	null	13113	60
2026-05-27T16:16:52.013	WT901BLE68(F3:F0:16:BF:DC:AE)	0.068	0.982	0.074	8.667	25.574	-0.549	87.32	-5.31	-26.07	-29.573	28.693	-68.753	-0.68594	-0.66043	0.25027	0.17477	25.8	null	null	13113	60
2026-05-27T16:16:52.131	WT901BLE68(F3:F0:16:BF:DC:AE)	0.040	1.022	0.175	1.221	39.978	-10.803	87.53	-4.89	-23.13	-28.080	33.847	-62.553	-0.68594	-0.66043	0.25027	0.17477	25.8	null	null	13113	60
2026-05-27T16:16:52.226	WT901BLE68(F3:F0:16:BF:DC:AE)	0.025	0.963	0.048	3.967	24.109	-9.033	87.10	-3.31	-19.71	-28.080	33.847	-62.553	-0.68594	-0.66043	0.25027	0.17477	25.8	null	null	13113	60
2026-05-27T16:16:52.344	WT901BLE68(F3:F0:16:BF:DC:AE)	-0.013	0.985	-0.012	14.282	7.874	-8.850	87.57	-2.49	-18.75	-28.080	33.847	-62.553	-0.71661	-0.67737	0.13074	0.10229	25.8	null	null	13113	60
2026-05-27T16:16:52.466	WT901BLE68(F3:F0:16:BF:DC:AE)	0.017	1.030	0.005	24.109	2.197	-1.587	89.54	-1.72	-18.65	-28.080	33.847	-62.553	-0.71661	-0.67737	0.13074	0.10229	25.8	null	null	13113	60
2026-05-27T16:16:52.555	WT901BLE68(F3:F0:16:BF:DC:AE)	0.055	0.994	-0.065	27.466	4.761	4.089	92.24	-1.82	-18.81	-28.080	33.847	-62.553	-0.71661	-0.67737	0.13074	0.10229	25.8	null	null	13113	60
2026-05-27T16:16:52.614	WT901BLE68(F3:F0:16:BF:DC:AE)	-0.024	1.012	-0.070	17.273	1.526	7.202	94.49	-2.59	-18.32	-28.080	33.847	-62.553	-0.71661	-0.67737	0.13074	0.10229	25.8	null	null	13113	60
2026-05-27T16:16:52.733	WT901BLE68(F3:F0:16:BF:DC:AE)	0.047	0.972	-0.159	21.484	-10.803	9.460	96.32	-3.08	-19.35	-28.080	33.847	-62.553	-0.71661	-0.67737	0.13074	0.10229	25.8	null	null	13113	60
2026-05-27T16:16:52.824	WT901BLE68(F3:F0:16:BF:DC:AE)	0.024	0.997	-0.189	25.330	-20.752	13.367	98.81	-3.91	-21.21	-28.080	33.847	-62.553	-0.71661	-0.67737	0.13074	0.10229	25.8	null	null	13113	60
2026-05-27T16:16:52.950	WT901BLE68(F3:F0:16:BF:DC:AE)	0.016	1.015	-0.089	-1.038	-2.380	-5.981	100.21	-3.95	-23.71	-28.080	33.847	-62.553	-0.71661	-0.67737	0.13074	0.10229	25.8	null	null	13113	60
2026-05-27T16:16:53.034	WT901BLE68(F3:F0:16:BF:DC:AE)	-0.020	0.988	-0.224	4.333	-10.864	3.601	100.29	-3.72	-23.56	-27.527	23.907	-74.447	-0.71661	-0.67737	0.13074	0.10229	25.8	null	null	13113	60
2026-05-27T16:16:53.157	WT901BLE68(F3:F0:16:BF:DC:AE)	0.106	0.982	-0.177	0.610	-2.869	2.197	100.65	-3.59	-25.17	-27.527	23.907	-74.447	-0.71661	-0.67737	0.13074	0.10229	25.8	null	null	13113	60
2026-05-27T16:16:53.213	WT901BLE68(F3:F0:16:BF:DC:AE)	-0.025	0.995	-0.219	-3.906	-9.766	2.686	100.59	-3.79	-25.12	-27.527	23.907	-74.447	-0.62836	-0.74637	0.18698	0.11407	25.8	null	null	13113	60
2026-05-27T16:16:53.337	WT901BLE68(F3:F0:16:BF:DC:AE)	0.088	0.967	-0.207	-5.310	-9.766	5.066	100.27	-3.83	-26.48	-27.527	23.907	-74.447	-0.62836	-0.74637	0.18698	0.11407	25.8	null	null	13113	60
2026-05-27T16:16:53.429	WT901BLE68(F3:F0:16:BF:DC:AE)	0.051	0.976	-0.196	-8.179	-9.460	7.324	99.81	-4.27	-27.18	-27.527	23.907	-74.447	-0.62836	-0.74637	0.18698	0.11407	25.8	null	null	13113	60
2026-05-27T16:16:53.546	WT901BLE68(F3:F0:16:BF:DC:AE)	0.120	0.973	-0.171	-8.240	-9.155	7.446	99.20	-4.75	-28.61	-27.527	23.907	-74.447	-0.62836	-0.74637	0.18698	0.11407	25.8	null	null	13113	60
2026-05-27T16:16:53.633	WT901BLE68(F3:F0:16:BF:DC:AE)	0.044	1.000	-0.125	-10.376	-4.456	7.080	98.49	-5.39	-29.15	-27.527	23.907	-74.447	-0.62836	-0.74637	0.18698	0.11407	25.8	null	null	13113	60
2026-05-27T16:16:53.757	WT901BLE68(F3:F0:16:BF:DC:AE)	0.086	0.998	-0.094	-19.531	-10.498	5.615	97.14	-5.78	-30.41	-27.527	23.907	-74.447	-0.62836	-0.74637	0.18698	0.11407	25.8	null	null	13113	60
2026-05-27T16:16:53.844	WT901BLE68(F3:F0:16:BF:DC:AE)	0.074	1.006	-0.063	-25.757	1.404	4.883	94.93	-6.19	-30.49	-27.527	23.907	-74.447	-0.62836	-0.74637	0.18698	0.11407	25.8	null	null	13113	60
2026-05-27T16:16:53.964	WT901BLE68(F3:F0:16:BF:DC:AE)	0.021	1.012	-0.021	-36.621	-19.287	-0.610	91.90	-6.32	-30.92	-29.113	29.480	-69.273	-0.62836	-0.74637	0.18698	0.11407	25.8	null	null	13113	60
2026-05-27T16:16:54.024	WT901BLE68(F3:F0:16:BF:DC:AE)	0.049	1.045	-0.016	-36.499	-41.504	-3.662	88.41	-5.80	-33.31	-29.113	29.480	-69.273	-0.62836	-0.74637	0.18698	0.11407	25.8	null	null	13113	60
2026-05-27T16:16:54.144	WT901BLE68(F3:F0:16:BF:DC:AE)	0.193	0.964	-0.002	-20.325	-47.485	-4.517	86.21	-5.51	-37.85	-29.113	29.480	-69.273	-0.69946	-0.64557	0.24261	0.18710	25.8	null	null	13113	60
2026-05-27T16:16:54.236	WT901BLE68(F3:F0:16:BF:DC:AE)	0.246	0.954	-0.019	2.075	-13.550	-6.287	85.87	-5.36	-40.84	-29.113	29.480	-69.273	-0.69946	-0.64557	0.24261	0.18710	25.8	null	null	13113	60
2026-05-27T16:16:54.354	WT901BLE68(F3:F0:16:BF:DC:AE)	0.210	0.984	0.055	10.925	-6.470	3.540	87.02	-5.58	-41.27	-29.113	29.480	-69.273	-0.69946	-0.64557	0.24261	0.18710	25.8	null	null	13113	60
2026-05-27T16:16:54.445	WT901BLE68(F3:F0:16:BF:DC:AE)	0.243	0.990	0.108	6.470	7.874	7.385	87.98	-6.62	-41.26	-29.113	29.480	-69.273	-0.69946	-0.64557	0.24261	0.18710	25.8	null	null	13113	60
2026-05-27T16:16:54.568	WT901BLE68(F3:F0:16:BF:DC:AE)	0.220	0.989	0.077	-2.441	46.570	0.305	87.71	-7.28	-38.02	-29.113	29.480	-69.273	-0.69946	-0.64557	0.24261	0.18710	25.8	null	null	13113	60
2026-05-27T16:16:54.622	WT901BLE68(F3:F0:16:BF:DC:AE)	0.101	0.960	0.087	-8.850	73.547	-7.324	86.29	-7.04	-31.67	-29.113	29.480	-69.273	-0.69946	-0.64557	0.24261	0.18710	25.8	null	null	13113	60
2026-05-27T16:16:54.746	WT901BLE68(F3:F0:16:BF:DC:AE)	0.083	1.008	0.018	-0.916	49.072	-5.554	85.04	-5.86	-25.30	-29.113	29.480	-69.273	-0.69946	-0.64557	0.24261	0.18710	25.8	null	null	13113	60
2026-05-27T16:16:54.832	WT901BLE68(F3:F0:16:BF:DC:AE)	0.051	0.963	0.072	7.568	31.067	-2.380	85.21	-5.25	-21.59	-28.733	35.960	-61.840	-0.69946	-0.64557	0.24261	0.18710	25.8	null	null	13113	60
2026-05-27T16:16:54.957	WT901BLE68(F3:F0:16:BF:DC:AE)	-0.033	1.025	0.146	0.000	26.001	-14.893	85.28	-4.14	-18.93	-28.733	35.960	-61.840	-0.69946	-0.64557	0.24261	0.18710	25.8	null	null	13113	60
2026-05-27T16:16:55.044	WT901BLE68(F3:F0:16:BF:DC:AE)	0.051	0.996	0.102	10.437	8.972	-8.545	85.68	-2.50	-17.69	-28.733	35.960	-61.840	-0.72910	-0.66510	0.12857	0.09698	25.8	null	null	13113	60
2026-05-27T16:16:55.169	WT901BLE68(F3:F0:16:BF:DC:AE)	0.057	0.986	0.083	18.738	32.776	-9.583	86.93	-1.65	-16.20	-28.733	35.960	-61.840	-0.72910	-0.66510	0.12857	0.09698	25.8	null	null	13113	60
2026-05-27T16:16:55.254	WT901BLE68(F3:F0:16:BF:DC:AE)	-0.165	1.009	0.031	17.151	26.917	-5.371	88.57	-0.63	-12.51	-28.733	35.960	-61.840	-0.72910	-0.66510	0.12857	0.09698	25.8	null	null	13113	60
2026-05-27T16:16:55.377	WT901BLE68(F3:F0:16:BF:DC:AE)	-0.069	1.021	-0.050	14.038	-19.287	-3.967	90.02	-0.03	-13.60	-28.733	35.960	-61.840	-0.72910	-0.66510	0.12857	0.09698	25.8	null	null	13113	60
2026-05-27T16:16:55.433	WT901BLE68(F3:F0:16:BF:DC:AE)	-0.019	1.003	-0.098	24.048	0.549	5.432	91.89	0.07	-15.17	-28.733	35.960	-61.840	-0.72910	-0.66510	0.12857	0.09698	25.8	null	null	13113	60
2026-05-27T16:16:55.557	WT901BLE68(F3:F0:16:BF:DC:AE)	0.004	1.003	-0.019	14.832	-16.418	8.423	93.93	-0.62	-16.76	-28.733	35.960	-61.840	-0.72910	-0.66510	0.12857	0.09698	25.8	null	null	13113	60
2026-05-27T16:16:55.676	WT901BLE68(F3:F0:16:BF:DC:AE)	-0.021	0.996	-0.097	5.371	-3.418	1.404	94.69	-1.02	-17.54	-28.733	35.960	-61.840	-0.72910	-0.66510	0.12857	0.09698	25.8	null	null	13113	60
2026-05-27T16:16:55.763	WT901BLE68(F3:F0:16:BF:DC:AE)	-0.007	0.998	-0.083	4.395	-19.775	-0.366	95.11	-0.80	-19.14	-25.940	29.500	-70.827	-0.72910	-0.66510	0.12857	0.09698	25.8	null	null	13113	60
2026-05-27T16:16:55.853	WT901BLE68(F3:F0:16:BF:DC:AE)	0.030	1.007	-0.074	4.028	-8.301	-12.573	95.46	-0.15	-20.60	-25.940	29.500	-70.827	-0.72910	-0.66510	0.12857	0.09698	25.8	null	null	13113	60
2026-05-27T16:16:55.976	WT901BLE68(F3:F0:16:BF:DC:AE)	0.022	0.986	-0.230	10.071	-7.690	7.751	96.26	-0.18	-20.82	-25.940	29.500	-70.827	-0.66064	-0.72891	0.13254	0.12061	25.8	null	null	13113	60
2026-05-27T16:16:56.034	WT901BLE68(F3:F0:16:BF:DC:AE)	-0.000	0.975	-0.212	12.024	-3.662	14.282	97.47	-1.42	-22.01	-25.940	29.500	-70.827	-0.66064	-0.72891	0.13254	0.12061	25.8	null	null	13113	60
2026-05-27T16:16:56.157	WT901BLE68(F3:F0:16:BF:DC:AE)	-0.004	0.979	-0.208	19.958	-11.719	21.484	99.51	-3.09	-23.05	-25.940	29.500	-70.827	-0.66064	-0.72891	0.13254	0.12061	25.8	null	null	13113	60
2026-05-27T16:16:56.243	WT901BLE68(F3:F0:16:BF:DC:AE)	0.044	1.026	-0.095	8.972	-15.686	14.893	101.20	-4.43	-25.39	-25.940	29.500	-70.827	-0.66064	-0.72891	0.13254	0.12061	25.8	null	null	13113	60
2026-05-27T16:16:56.366	WT901BLE68(F3:F0:16:BF:DC:AE)	0.015	1.004	-0.146	-7.935	6.226	5.676	100.67	-4.88	-25.83	-25.940	29.500	-70.827	-0.66064	-0.72891	0.13254	0.12061	25.8	null	null	13113	60
2026-05-27T16:16:56.456	WT901BLE68(F3:F0:16:BF:DC:AE)	0.011	0.985	-0.177	-13.489	-26.062	10.620	99.54	-5.19	-27.42	-25.940	29.500	-70.827	-0.66064	-0.72891	0.13254	0.12061	25.8	null	null	13113	60
2026-05-27T16:16:56.575	WT901BLE68(F3:F0:16:BF:DC:AE)	0.068	0.992	-0.126	-21.606	-34.058	11.780	98.04	-5.63	-30.99	-25.940	29.500	-70.827	-0.66064	-0.72891	0.13254	0.12061	25.8	null	null	13113	60
2026-05-27T16:16:56.631	WT901BLE68(F3:F0:16:BF:DC:AE)	0.177	0.977	-0.095	-30.823	-31.128	5.371	95.60	-5.84	-34.78	-29.907	26.760	-71.980	-0.66064	-0.72891	0.13254	0.12061	25.8	null	null	13113	60
2026-05-27T16:16:56.789	WT901BLE68(F3:F0:16:BF:DC:AE)	0.100	1.014	0.023	-47.791	-27.893	-6.226	92.00	-5.64	-37.21	-29.907	26.760	-71.980	-0.66064	-0.72891	0.13254	0.12061	25.8	null	null	13113	60
2026-05-27T16:16:56.841	WT901BLE68(F3:F0:16:BF:DC:AE)	0.062	1.068	-0.019	-36.255	-6.165	-4.639	88.18	-5.21	-37.52	-29.907	26.760	-71.980	-0.68228	-0.65515	0.25751	0.19705	25.8	null	null	13113	60
2026-05-27T16:16:56.997	WT901BLE68(F3:F0:16:BF:DC:AE)	-0.071	0.939	-0.067	-18.677	-15.625	-23.743	85.58	-3.93	-38.45	-29.907	26.760	-71.980	-0.68228	-0.65515	0.25751	0.19705	25.8	null	null	13113	60
2026-05-27T16:16:57.052	WT901BLE68(F3:F0:16:BF:DC:AE)	0.166	0.996	0.046	-7.751	-71.899	-23.865	85.48	-1.29	-44.37	-29.907	26.760	-71.980	-0.68228	-0.65515	0.25751	0.19705	25.8	null	null	13113	60
2026-05-27T16:16:57.177	WT901BLE68(F3:F0:16:BF:DC:AE)	0.311	0.994	0.125	-2.258	-33.875	-4.883	85.26	-1.05	-49.54	-29.907	26.760	-71.980	-0.68228	-0.65515	0.25751	0.19705	25.8	null	null	13113	60
2026-05-27T16:16:57.264	WT901BLE68(F3:F0:16:BF:DC:AE)	0.290	0.991	0.088	-5.920	29.907	5.615	84.83	-1.68	-48.77	-29.907	26.760	-71.980	-0.68228	-0.65515	0.25751	0.19705	25.8	null	null	13113	60
2026-05-27T16:16:57.385	WT901BLE68(F3:F0:16:BF:DC:AE)	0.128	1.020	0.043	0.549	69.092	8.728	84.55	-2.70	-42.54	-29.907	26.760	-71.980	-0.68228	-0.65515	0.25751	0.19705	25.8	null	null	13113	60
2026-05-27T16:16:57.475	WT901BLE68(F3:F0:16:BF:DC:AE)	0.095	1.006	0.030	6.958	79.834	9.949	84.67	-3.33	-35.08	-29.907	26.760	-71.980	-0.68228	-0.65515	0.25751	0.19705	25.8	null	null	13113	60
2026-05-27T16:16:57.596	WT901BLE68(F3:F0:16:BF:DC:AE)	0.032	0.992	0.008	18.250	73.242	11.719	85.76	-3.86	-27.14	-35.820	36.527	-59.467	-0.68228	-0.65515	0.25751	0.19705	25.8	null	null	13113	60
2026-05-27T16:16:57.656	WT901BLE68(F3:F0:16:BF:DC:AE)	-0.062	1.048	0.024	27.344	66.467	12.817	87.75	-4.79	-20.14	-35.820	36.527	-59.467	-0.68228	-0.65515	0.25751	0.19705	25.8	null	null	13113	60
2026-05-27T16:16:57.802	WT901BLE68(F3:F0:16:BF:DC:AE)	-0.015	0.955	-0.010	31.799	17.029	4.639	90.03	-5.23	-16.71	-35.820	36.527	-59.467	-0.70999	-0.68524	0.14032	0.08084	25.8	null	null	13113	60
2026-05-27T16:16:57.864	WT901BLE68(F3:F0:16:BF:DC:AE)	0.051	1.042	0.097	24.414	20.630	-1.099	92.66	-5.09	-14.35	-35.820	36.527	-59.467	-0.70999	-0.68524	0.14032	0.08084	25.8	null	null	13113	60
2026-05-27T16:16:57.987	WT901BLE68(F3:F0:16:BF:DC:AE)	-0.020	1.017	-0.007	7.751	9.094	-9.216	93.75	-4.47	-12.94	-35.820	36.527	-59.467	-0.70999	-0.68524	0.14032	0.08084	25.8	null	null	13113	60
2026-05-27T16:16:58.074	WT901BLE68(F3:F0:16:BF:DC:AE)	0.048	0.983	-0.046	9.827	-3.052	-3.418	94.30	-3.55	-12.43	-35.820	36.527	-59.467	-0.70999	-0.68524	0.14032	0.08084	25.8	null	null	13113	60
2026-05-27T16:16:58.197	WT901BLE68(F3:F0:16:BF:DC:AE)	0.043	0.993	-0.096	10.986	-2.136	-3.845	95.20	-3.11	-12.99	-35.820	36.527	-59.467	-0.70999	-0.68524	0.14032	0.08084	25.8	null	null	13113	60
2026-05-27T16:16:58.253	WT901BLE68(F3:F0:16:BF:DC:AE)	0.066	0.979	-0.134	12.512	2.319	0.549	96.31	-2.85	-13.08	-35.820	36.527	-59.467	-0.70999	-0.68524	0.14032	0.08084	25.8	null	null	13113	60
2026-05-27T16:16:58.374	WT901BLE68(F3:F0:16:BF:DC:AE)	0.031	0.998	-0.175	12.024	-7.813	1.648	97.56	-2.88	-13.47	-35.820	36.527	-59.467	-0.70999	-0.68524	0.14032	0.08084	25.8	null	null	13113	60
2026-05-27T16:16:58.462	WT901BLE68(F3:F0:16:BF:DC:AE)	0.030	0.994	-0.166	7.324	-15.015	1.038	98.70	-2.77	-14.80	-20.613	25.687	-72.100	-0.70999	-0.68524	0.14032	0.08084	25.8	null	null	13113	60
2026-05-27T16:16:58.583	WT901BLE68(F3:F0:16:BF:DC:AE)	0.025	0.992	-0.194	5.310	-11.902	1.404	99.48	-2.60	-16.37	-20.613	25.687	-72.100	-0.70999	-0.68524	0.14032	0.08084	25.8	null	null	13113	60
2026-05-27T16:16:58.675	WT901BLE68(F3:F0:16:BF:DC:AE)	0.018	0.988	-0.227	1.953	-3.174	1.099	99.96	-2.57	-17.21	-20.613	25.687	-72.100	-0.63983	-0.75391	0.12674	0.07797	25.8	null	null	13113	60
2026-05-27T16:16:58.794	WT901BLE68(F3:F0:16:BF:DC:AE)	0.028	0.984	-0.217	-1.038	-8.118	2.136	100.16	-2.65	-17.85	-20.613	25.687	-72.100	-0.63983	-0.75391	0.12674	0.07797	25.8	null	null	13113	60
2026-05-27T16:16:58.855	WT901BLE68(F3:F0:16:BF:DC:AE)	0.002	0.976	-0.219	-2.686	-5.432	4.761	100.13	-2.82	-18.60	-20.613	25.687	-72.100	-0.63983	-0.75391	0.12674	0.07797	25.8	null	null	13113	60
2026-05-27T16:16:58.975	WT901BLE68(F3:F0:16:BF:DC:AE)	0.021	0.993	-0.189	-3.052	-17.944	10.071	100.13	-3.27	-19.91	-20.613	25.687	-72.100	-0.63983	-0.75391	0.12674	0.07797	25.8	null	null	13113	60
2026-05-27T16:16:59.096	WT901BLE68(F3:F0:16:BF:DC:AE)	0.058	0.984	-0.171	-6.470	-13.672	11.658	99.83	-3.90	-21.87	-20.613	25.687	-72.100	-0.63983	-0.75391	0.12674	0.07797	25.8	null	null	13113	60
2026-05-27T16:16:59.185	WT901BLE68(F3:F0:16:BF:DC:AE)	0.058	0.988	-0.154	-10.681	-16.174	11.230	99.21	-4.67	-23.64	-20.613	25.687	-72.100	-0.63983	-0.75391	0.12674	0.07797	25.8	null	null	13113	60
2026-05-27T16:16:59.273	WT901BLE68(F3:F0:16:BF:DC:AE)	0.043	1.002	-0.120	-13.184	-21.423	13.428	98.28	-5.49	-25.68	-20.613	25.687	-72.100	-0.63983	-0.75391	0.12674	0.07797	25.8	null	null	13113	60
2026-05-27T16:16:59.393	WT901BLE68(F3:F0:16:BF:DC:AE)	0.095	1.008	-0.072	-24.353	-20.569	9.094	96.62	-6.12	-28.32	-25.560	25.400	-71.940	-0.63983	-0.75391	0.12674	0.07797	25.8	null	null	13113	60
2026-05-27T16:16:59.485	WT901BLE68(F3:F0:16:BF:DC:AE)	0.142	1.002	0.018	-39.917	-3.174	-0.366	93.55	-6.34	-29.78	-25.560	25.400	-71.940	-0.63983	-0.75391	0.12674	0.07797	25.8	null	null	13113	60
2026-05-27T16:16:59.605	WT901BLE68(F3:F0:16:BF:DC:AE)	-0.006	1.029	-0.002	-48.401	-11.292	-10.010	89.03	-5.92	-29.81	-25.560	25.400	-71.940	-0.68143	-0.68356	0.22067	0.13992	25.8	null	null	13113	60
2026-05-27T16:16:59.663	WT901BLE68(F3:F0:16:BF:DC:AE)	0.105	1.031	-0.078	-21.912	-50.842	-12.756	85.82	-4.63	-32.56	-25.560	25.400	-71.940	-0.68143	-0.68356	0.22067	0.13992	25.8	null	null	13113	60
2026-05-27T16:16:59.787	WT901BLE68(F3:F0:16:BF:DC:AE)	0.268	0.999	0.136	-15.198	-50.293	-4.822	85.05	-4.34	-37.99	-25.560	25.400	-71.940	-0.68143	-0.68356	0.22067	0.13992	25.8	null	null	13113	60
2026-05-27T16:16:59.873	WT901BLE68(F3:F0:16:BF:DC:AE)	0.270	0.958	0.060	-5.920	11.780	-3.113	84.25	-4.59	-39.33	-25.560	25.400	-71.940	-0.68143	-0.68356	0.22067	0.13992	25.8	null	null	13113	60
2026-05-27T16:17:00.027	WT901BLE68(F3:F0:16:BF:DC:AE)	0.108	0.986	0.021	7.019	34.851	0.061	84.30	-4.58	-36.01	-25.560	25.400	-71.940	-0.68143	-0.68356	0.22067	0.13992	25.8	null	null	13113	60
2026-05-27T16:17:00.083	WT901BLE68(F3:F0:16:BF:DC:AE)	0.104	1.042	0.187	-6.592	17.639	-4.089	84.45	-4.64	-33.60	-25.560	25.400	-71.940	-0.68143	-0.68356	0.22067	0.13992	25.8	null	null	13113	60
2026-05-27T16:17:00.209	WT901BLE68(F3:F0:16:BF:DC:AE)	0.187	0.981	0.082	-3.967	34.912	4.822	83.67	-4.84	-30.95	-25.560	25.400	-71.940	-0.68143	-0.68356	0.22067	0.13992	25.8	null	null	13113	60
2026-05-27T16:17:00.266	WT901BLE68(F3:F0:16:BF:DC:AE)	0.124	0.923	0.017	13.611	64.331	9.460	83.53	-5.16	-25.94	-30.067	36.800	-58.073	-0.68143	-0.68356	0.22067	0.13992	25.8	null	null	13113	60
2026-05-27T16:17:00.415	WT901BLE68(F3:F0:16:BF:DC:AE)	0.019	1.045	0.045	27.283	50.903	9.277	85.52	-5.90	-19.72	-30.067	36.800	-58.073	-0.68143	-0.68356	0.22067	0.13992	25.8	null	null	13113	60
2026-05-27T16:17:00.504	WT901BLE68(F3:F0:16:BF:DC:AE)	-0.015	1.045	0.134	20.264	19.714	-7.324	87.36	-5.69	-16.25	-30.067	36.800	-58.073	-0.72351	-0.67209	0.13928	0.07294	25.8	null	null	13113	60
2026-05-27T16:17:00.595	WT901BLE68(F3:F0:16:BF:DC:AE)	-0.018	1.014	0.149	20.935	9.216	-9.033	88.95	-4.72	-14.45	-30.067	36.800	-58.073	-0.72351	-0.67209	0.13928	0.07294	25.8	null	null	13113	60
2026-05-27T16:17:00.685	WT901BLE68(F3:F0:16:BF:DC:AE)	0.045	0.941	0.042	13.672	5.066	-10.803	90.08	-3.36	-13.93	-30.067	36.800	-58.073	-0.72351	-0.67209	0.13928	0.07294	25.8	null	null	13113	60
2026-05-27T16:17:00.804	WT901BLE68(F3:F0:16:BF:DC:AE)	0.005	1.010	0.010	16.785	-9.644	-1.404	91.52	-2.65	-13.89	-30.067	36.800	-58.073	-0.72351	-0.67209	0.13928	0.07294	25.8	null	null	13113	60
2026-05-27T16:17:00.895	WT901BLE68(F3:F0:16:BF:DC:AE)	0.026	0.998	-0.034	16.602	-17.761	-0.427	93.12	-2.42	-15.64	-30.067	36.800	-58.073	-0.72351	-0.67209	0.13928	0.07294	25.8	null	null	13113	60
2026-05-27T16:17:01.017	WT901BLE68(F3:F0:16:BF:DC:AE)	0.022	1.003	-0.098	17.578	-17.090	3.113	94.86	-2.36	-17.58	-30.067	36.800	-58.073	-0.72351	-0.67209	0.13928	0.07294	25.8	null	null	13113	60
2026-05-27T16:17:01.071	WT901BLE68(F3:F0:16:BF:DC:AE)	0.051	0.971	-0.153	15.320	-20.447	4.150	96.49	-2.43	-19.75	-30.067	36.800	-58.073	-0.72351	-0.67209	0.13928	0.07294	25.8	null	null	13113	60
2026-05-27T16:17:01.196	WT901BLE68(F3:F0:16:BF:DC:AE)	0.036	0.979	-0.196	16.052	-14.099	11.108	98.31	-2.95	-21.68	-23.947	27.093	-71.360	-0.72351	-0.67209	0.13928	0.07294	25.8	null	null	13113	60
2026-05-27T16:17:01.283	WT901BLE68(F3:F0:16:BF:DC:AE)	-0.068	1.056	-0.210	-2.747	-29.358	9.888	99.13	-3.99	-23.40	-23.947	27.093	-71.360	-0.72351	-0.67209	0.13928	0.07294	25.8	null	null	13113	60
2026-05-27T16:17:01.404	WT901BLE68(F3:F0:16:BF:DC:AE)	0.079	0.978	-0.218	-1.038	-15.259	4.395	99.00	-3.78	-25.58	-23.947	27.093	-71.360	-0.63974	-0.73865	0.18127	0.11044	25.8	null	null	13113	60
2026-05-27T16:17:01.496	WT901BLE68(F3:F0:16:BF:DC:AE)	0.073	0.981	-0.201	0.732	-4.333	5.371	99.15	-3.96	-26.92	-23.947	27.093	-71.360	-0.63974	-0.73865	0.18127	0.11044	25.8	null	null	13113	60
2026-05-27T16:17:01.618	WT901BLE68(F3:F0:16:BF:DC:AE)	0.034	0.992	-0.146	-3.174	2.075	6.042	99.18	-4.44	-27.25	-23.947	27.093	-71.360	-0.63974	-0.73865	0.18127	0.11044	25.8	null	null	13113	60
2026-05-27T16:17:01.675	WT901BLE68(F3:F0:16:BF:DC:AE)	-0.015	0.998	-0.197	-12.390	-10.071	8.118	98.42	-4.99	-27.46	-23.947	27.093	-71.360	-0.63974	-0.73865	0.18127	0.11044	25.8	null	null	13113	60
2026-05-27T16:17:01.794	WT901BLE68(F3:F0:16:BF:DC:AE)	0.063	0.997	-0.145	-18.433	-33.264	9.888	97.49	-5.44	-30.10	-23.947	27.093	-71.360	-0.63974	-0.73865	0.18127	0.11044	25.8	null	null	13113	60
2026-05-27T16:17:01.884	WT901BLE68(F3:F0:16:BF:DC:AE)	0.129	0.979	-0.065	-16.602	-19.836	6.470	96.35	-5.88	-32.83	-23.947	27.093	-71.360	-0.63974	-0.73865	0.18127	0.11044	25.8	null	null	13113	60
2026-05-27T16:17:02.008	WT901BLE68(F3:F0:16:BF:DC:AE)	0.130	0.960	-0.067	-20.508	-0.183	8.972	94.39	-6.51	-33.06	-23.947	27.093	-71.360	-0.63974	-0.73865	0.18127	0.11044	25.8	null	null	13113	60
2026-05-27T16:17:02.093	WT901BLE68(F3:F0:16:BF:DC:AE)	-0.061	1.017	0.055	-36.621	-22.461	11.047	92.19	-7.68	-33.09	-29.647	29.180	-68.573	-0.63974	-0.73865	0.18127	0.11044	25.8	null	null	13113	60
2026-05-27T16:17:02.216	WT901BLE68(F3:F0:16:BF:DC:AE)	0.214	0.997	-0.032	-42.114	-46.021	-15.381	87.60	-6.67	-37.27	-29.647	29.180	-68.573	-0.63974	-0.73865	0.18127	0.11044	25.8	null	null	13113	60
2026-05-27T16:17:02.273	WT901BLE68(F3:F0:16:BF:DC:AE)	0.230	1.000	-0.039	-20.325	-17.212	-18.799	85.70	-5.22	-39.96	-29.647	29.180	-68.573	-0.69720	-0.63287	0.26398	0.20877	25.8	null	null	13113	60
2026-05-27T16:17:02.424	WT901BLE68(F3:F0:16:BF:DC:AE)	0.221	0.946	0.001	2.502	-24.780	1.953	85.64	-4.97	-41.99	-29.647	29.180	-68.573	-0.69720	-0.63287	0.26398	0.20877	25.8	null	null	13113	60
2026-05-27T16:17:02.486	WT901BLE68(F3:F0:16:BF:DC:AE)	0.293	1.004	0.081	8.911	2.869	4.517	86.69	-6.02	-42.84	-29.647	29.180	-68.573	-0.69720	-0.63287	0.26398	0.20877	25.8	null	null	13113	60
2026-05-27T16:17:02.603	WT901BLE68(F3:F0:16:BF:DC:AE)	0.296	1.005	0.107	2.625	44.861	7.324	86.91	-6.98	-39.84	-29.647	29.180	-68.573	-0.69720	-0.63287	0.26398	0.20877	25.8	null	null	13113	60
2026-05-27T16:17:02.721	WT901BLE68(F3:F0:16:BF:DC:AE)	0.074	0.970	0.072	-2.014	73.608	0.427	85.97	-7.44	-32.62	-29.647	29.180	-68.573	-0.69720	-0.63287	0.26398	0.20877	25.8	null	null	13113	60
2026-05-27T16:17:02.813	WT901BLE68(F3:F0:16:BF:DC:AE)	0.125	1.040	0.064	-1.465	61.401	-4.272	84.91	-6.71	-25.89	-29.647	29.180	-68.573	-0.69720	-0.63287	0.26398	0.20877	25.8	null	null	13113	60
2026-05-27T16:17:02.966	WT901BLE68(F3:F0:16:BF:DC:AE)	0.052	0.955	0.050	3.479	73.914	-0.610	84.12	-5.80	-19.50	-29.647	29.180	-68.573	-0.69720	-0.63287	0.26398	0.20877	25.8	null	null	13113	60
2026-05-27T16:17:03.024	WT901BLE68(F3:F0:16:BF:DC:AE)	-0.086	1.029	0.072	3.906	42.664	-15.137	84.30	-4.24	-13.91	-21.407	36.227	-60.293	-0.69720	-0.63287	0.26398	0.20877	25.8	null	null	13113	60
2026-05-27T16:17:03.082	WT901BLE68(F3:F0:16:BF:DC:AE)	0.012	0.969	0.108	14.282	8.789	-8.057	85.30	-2.62	-12.41	-21.407	36.227	-60.293	-0.69720	-0.63287	0.26398	0.20877	25.8	null	null	13113	60
2026-05-27T16:17:03.201	WT901BLE68(F3:F0:16:BF:DC:AE)	0.044	0.994	0.097	19.653	17.456	-1.709	86.81	-2.02	-12.20	-21.407	36.227	-60.293	-0.73129	-0.67303	0.08902	0.06467	25.8	null	null	13113	60
2026-05-27T16:17:03.292	WT901BLE68(F3:F0:16:BF:DC:AE)	-0.052	0.979	0.037	23.926	-2.441	0.061	88.80	-1.58	-11.21	-21.407	36.227	-60.293	-0.73129	-0.67303	0.08902	0.06467	25.8	null	null	13113	60
2026-05-27T16:17:03.419	WT901BLE68(F3:F0:16:BF:DC:AE)	0.069	1.004	0.047	19.165	-26.855	-0.549	90.72	-1.41	-13.38	-21.407	36.227	-60.293	-0.73129	-0.67303	0.08902	0.06467	25.8	null	null	13113	60
2026-05-27T16:17:03.502	WT901BLE68(F3:F0:16:BF:DC:AE)	-0.028	0.989	-0.059	19.470	-10.864	-0.854	92.45	-1.24	-14.78	-21.407	36.227	-60.293	-0.73129	-0.67303	0.08902	0.06467	25.8	null	null	13113	60
2026-05-27T16:17:03.626	WT901BLE68(F3:F0:16:BF:DC:AE)	0.001	0.988	-0.088	20.508	-20.752	3.723	94.31	-1.19	-16.72	-21.407	36.227	-60.293	-0.73129	-0.67303	0.08902	0.06467	25.8	null	null	13113	60
2026-05-27T16:17:03.684	WT901BLE68(F3:F0:16:BF:DC:AE)	-0.020	1.002	-0.107	16.785	-23.376	4.395	96.17	-1.33	-19.11	-21.407	36.227	-60.293	-0.73129	-0.67303	0.08902	0.06467	25.8	null	null	13113	60
2026-05-27T16:17:03.837	WT901BLE68(F3:F0:16:BF:DC:AE)	0.018	0.984	-0.146	12.573	-16.052	2.686	97.60	-1.42	-21.26	-21.407	36.227	-60.293	-0.73129	-0.67303	0.08902	0.06467	25.8	null	null	13113	60
2026-05-27T16:17:03.893	WT901BLE68(F3:F0:16:BF:DC:AE)	0.024	0.986	-0.168	13.428	-18.250	7.507	98.89	-1.63	-23.13	-26.960	25.300	-72.613	-0.73129	-0.67303	0.08902	0.06467	25.8	null	null	13113	60
2026-05-27T16:17:04.014	WT901BLE68(F3:F0:16:BF:DC:AE)	-0.019	1.000	-0.201	10.986	6.104	3.052	100.11	-1.85	-24.52	-26.960	25.300	-72.613	-0.73129	-0.67303	0.08902	0.06467	25.8	null	null	13113	60
2026-05-27T16:17:04.101	WT901BLE68(F3:F0:16:BF:DC:AE)	-0.013	0.980	-0.244	4.333	-9.521	4.395	100.73	-1.89	-25.05	-26.960	25.300	-72.613	-0.62766	-0.74884	0.17343	0.12277	25.8	null	null	13113	60
2026-05-27T16:17:04.226	WT901BLE68(F3:F0:16:BF:DC:AE)	0.037	0.968	-0.226	-2.686	-11.841	9.338	100.96	-2.13	-26.66	-26.960	25.300	-72.613	-0.62766	-0.74884	0.17343	0.12277	25.8	null	null	13113	60
2026-05-27T16:17:04.317	WT901BLE68(F3:F0:16:BF:DC:AE)	-0.052	0.997	-0.182	-5.981	-25.452	15.625	100.87	-2.90	-28.36	-26.960	25.300	-72.613	-0.62766	-0.74884	0.17343	0.12277	25.8	null	null	13113	60
2026-05-27T16:17:04.438	WT901BLE68(F3:F0:16:BF:DC:AE)	0.017	0.990	-0.188	-7.751	-30.029	16.907	100.33	-3.79	-31.61	-26.960	25.300	-72.613	-0.62766	-0.74884	0.17343	0.12277	25.8	null	null	13113	60
2026-05-27T16:17:04.495	WT901BLE68(F3:F0:16:BF:DC:AE)	0.030	0.990	-0.189	-8.789	-28.381	18.738	99.82	-4.81	-34.88	-26.960	25.300	-72.613	-0.62766	-0.74884	0.17343	0.12277	25.8	null	null	13113	60
2026-05-27T16:17:04.680	WT901BLE68(F3:F0:16:BF:DC:AE)	0.037	1.016	-0.107	-23.193	-39.612	13.489	98.76	-5.75	-38.35	-26.960	25.300	-72.613	-0.62766	-0.74884	0.17343	0.12277	25.8	null	null	13113	60
2026-05-27T16:17:04.701	WT901BLE68(F3:F0:16:BF:DC:AE)	0.105	1.022	0.026	-52.612	-37.415	0.305	95.68	-5.96	-42.12	-26.960	25.300	-72.613	-0.62766	-0.74884	0.17343	0.12277	25.8	null	null	13113	60
2026-05-27T16:17:04.827	WT901BLE68(F3:F0:16:BF:DC:AE)	0.184	0.990	-0.124	-48.889	37.109	-8.301	89.66	-5.04	-41.85	-36.960	28.947	-67.500	-0.62766	-0.74884	0.17343	0.12277	25.8	null	null	13113	60
2026-05-27T16:17:04.912	WT901BLE68(F3:F0:16:BF:DC:AE)	0.085	0.999	-0.059	-27.161	-8.362	-14.893	86.09	-4.04	-39.76	-36.960	28.947	-67.500	-0.62766	-0.74884	0.17343	0.12277	25.8	null	null	13113	60
2026-05-27T16:17:05.036	WT901BLE68(F3:F0:16:BF:DC:AE)	0.275	0.943	-0.014	-4.150	-26.306	-10.864	85.14	-3.12	-42.29	-36.960	28.947	-67.500	-0.69650	-0.62933	0.25516	0.23154	25.8	null	null	13113	60
2026-05-27T16:17:05.096	WT901BLE68(F3:F0:16:BF:DC:AE)	0.266	0.984	0.056	11.169	41.016	0.000	86.02	-3.10	-41.18	-36.960	28.947	-67.500	-0.69650	-0.62933	0.25516	0.23154	25.8	null	null	13113	60
2026-05-27T16:17:05.244	WT901BLE68(F3:F0:16:BF:DC:AE)	0.049	1.108	0.186	-2.380	47.424	1.282	86.63	-3.75	-35.68	-36.960	28.947	-67.500	-0.69650	-0.62933	0.25516	0.23154	25.8	null	null	13113	60
2026-05-27T16:17:05.303	WT901BLE68(F3:F0:16:BF:DC:AE)	0.120	0.971	0.044	-2.991	77.271	4.333	85.54	-4.01	-30.14	-36.960	28.947	-67.500	-0.69650	-0.62933	0.25516	0.23154	25.8	null	null	13113	60
2026-05-27T16:17:05.429	WT901BLE68(F3:F0:16:BF:DC:AE)	-0.141	1.000	0.086	1.648	66.406	-13.794	84.61	-2.63	-22.97	-36.960	28.947	-67.500	-0.69650	-0.62933	0.25516	0.23154	25.8	null	null	13113	60
2026-05-27T16:17:05.513	WT901BLE68(F3:F0:16:BF:DC:AE)	-0.055	0.970	0.107	16.846	0.671	-0.244	85.58	-1.43	-19.75	-36.960	28.947	-67.500	-0.69650	-0.62933	0.25516	0.23154	25.8	null	null	13113	60
2026-05-27T16:17:05.634	WT901BLE68(F3:F0:16:BF:DC:AE)	0.007	0.979	0.077	27.100	22.644	-7.874	87.47	-0.77	-19.14	-36.960	28.947	-67.500	-0.69650	-0.62933	0.25516	0.23154	25.8	null	null	13113	60
2026-05-27T16:17:05.722	WT901BLE68(F3:F0:16:BF:DC:AE)	-0.139	1.008	0.087	15.686	0.732	-8.118	89.59	-0.04	-17.42	-26.140	34.013	-63.227	-0.69650	-0.62933	0.25516	0.23154	25.8	null	null	13113	60
2026-05-27T16:17:05.846	WT901BLE68(F3:F0:16:BF:DC:AE)	-0.052	1.001	-0.089	21.301	-13.916	-3.540	91.15	1.04	-18.54	-26.140	34.013	-63.227	-0.69650	-0.62933	0.25516	0.23154	25.8	null	null	13113	60
2026-05-27T16:17:05.903	WT901BLE68(F3:F0:16:BF:DC:AE)	0.013	0.989	-0.069	27.161	-13.977	5.615	93.47	0.99	-20.64	-26.140	34.013	-63.227	-0.68085	-0.71188	0.11710	0.12589	25.8	null	null	13113	60
2026-05-27T16:17:06.025	WT901BLE68(F3:F0:16:BF:DC:AE)	-0.038	0.993	-0.131	25.391	-10.742	11.292	96.10	0.19	-21.72	-26.140	34.013	-63.227	-0.68085	-0.71188	0.11710	0.12589	25.8	null	null	13113	60
2026-05-27T16:17:06.115	WT901BLE68(F3:F0:16:BF:DC:AE)	0.025	0.966	-0.188	23.804	-13.367	15.137	98.49	-0.83	-23.20	-26.140	34.013	-63.227	-0.68085	-0.71188	0.11710	0.12589	25.8	null	null	13113	60
2026-05-27T16:17:06.234	WT901BLE68(F3:F0:16:BF:DC:AE)	0.012	0.950	-0.295	15.381	-28.381	22.827	100.59	-2.36	-25.57	-26.140	34.013	-63.227	-0.68085	-0.71188	0.11710	0.12589	25.8	null	null	13113	60
2026-05-27T16:17:06.327	WT901BLE68(F3:F0:16:BF:DC:AE)	-0.014	1.012	-0.045	-4.578	11.597	-6.653	101.08	-2.43	-28.55	-26.140	34.013	-63.227	-0.68085	-0.71188	0.11710	0.12589	25.8	null	null	13113	60
2026-05-27T16:17:06.442	WT901BLE68(F3:F0:16:BF:DC:AE)	-0.022	0.966	-0.273	-0.183	-2.075	2.930	100.89	-2.56	-27.04	-26.140	34.013	-63.227	-0.68085	-0.71188	0.11710	0.12589	25.8	null	null	13113	60
2026-05-27T16:17:06.504	WT901BLE68(F3:F0:16:BF:DC:AE)	0.064	0.995	-0.170	-1.953	-16.968	4.578	101.03	-2.59	-28.88	-26.140	34.013	-63.227	-0.68085	-0.71188	0.11710	0.12589	25.8	null	null	13113	60
2026-05-27T16:17:06.655	WT901BLE68(F3:F0:16:BF:DC:AE)	-0.051	0.998	-0.193	-6.714	15.320	2.136	100.51	-2.99	-28.09	-31.220	23.613	-75.093	-0.68085	-0.71188	0.11710	0.12589	25.8	null	null	13113	60
2026-05-27T16:17:06.714	WT901BLE68(F3:F0:16:BF:DC:AE)	0.028	0.978	-0.216	-13.428	-19.043	6.470	99.48	-3.24	-28.86	-31.220	23.613	-75.093	-0.68085	-0.71188	0.11710	0.12589	25.8	null	null	13113	60
2026-05-27T16:17:06.834	WT901BLE68(F3:F0:16:BF:DC:AE)	0.090	0.981	-0.150	-12.085	0.488	7.568	98.37	-3.67	-30.24	-31.220	23.613	-75.093	-0.63187	-0.73218	0.21033	0.14249	25.8	null	null	13113	60
2026-05-27T16:17:06.926	WT901BLE68(F3:F0:16:BF:DC:AE)	0.034	1.004	-0.130	-12.207	-7.568	10.071	97.48	-4.60	-30.36	-31.220	23.613	-75.093	-0.63187	-0.73218	0.21033	0.14249	25.8	null	null	13113	60
2026-05-27T16:17:07.045	WT901BLE68(F3:F0:16:BF:DC:AE)	0.108	0.966	-0.150	-10.986	-11.353	13.794	96.60	-5.59	-31.42	-31.220	23.613	-75.093	-0.63187	-0.73218	0.21033	0.14249	25.8	null	null	13113	60
2026-05-27T16:17:07.134	WT901BLE68(F3:F0:16:BF:DC:AE)	0.132	1.001	-0.104	-13.367	-24.170	15.076	95.72	-6.82	-33.29	-31.220	23.613	-75.093	-0.63187	-0.73218	0.21033	0.14249	25.8	null	null	13113	60
2026-05-27T16:17:07.261	WT901BLE68(F3:F0:16:BF:DC:AE)	0.134	1.025	0.006	-15.076	-2.930	11.108	94.60	-7.95	-34.58	-31.220	23.613	-75.093	-0.63187	-0.73218	0.21033	0.14249	25.8	null	null	13113	60
2026-05-27T16:17:07.312	WT901BLE68(F3:F0:16:BF:DC:AE)	0.028	1.039	0.078	-39.368	-11.353	-1.099	91.75	-8.37	-34.78	-31.220	23.613	-75.093	-0.63187	-0.73218	0.21033	0.14249	25.8	null	null	13113	60
2026-05-27T16:17:07.438	WT901BLE68(F3:F0:16:BF:DC:AE)	0.216	1.007	-0.026	-34.973	-21.179	-16.113	87.57	-6.87	-36.57	-31.220	23.613	-75.093	-0.63187	-0.73218	0.21033	0.14249	25.8	null	null	13113	60
2026-05-27T16:17:07.522	WT901BLE68(F3:F0:16:BF:DC:AE)	0.227	0.946	-0.019	-12.634	-1.160	-16.602	85.84	-5.48	-37.46	-32.913	34.313	-61.353	-0.63187	-0.73218	0.21033	0.14249	25.8	null	null	13113	60
2026-05-27T16:17:07.648	WT901BLE68(F3:F0:16:BF:DC:AE)	0.291	0.983	0.047	2.014	12.451	-6.653	85.73	-4.68	-36.79	-32.913	34.313	-61.353	-0.63187	-0.73218	0.21033	0.14249	25.8	null	null	13113	60
2026-05-27T16:17:07.734	WT901BLE68(F3:F0:16:BF:DC:AE)	0.169	1.043	0.151	2.502	43.640	-0.732	86.03	-4.86	-33.32	-32.913	34.313	-61.353	-0.70462	-0.63901	0.23715	0.19696	25.8	null	null	13113	60
2026-05-27T16:17:07.856	WT901BLE68(F3:F0:16:BF:DC:AE)	0.338	0.890	0.148	-11.230	33.569	2.197	84.79	-4.84	-28.17	-32.913	34.313	-61.353	-0.70462	-0.63901	0.23715	0.19696	25.8	null	null	13113	60
2026-05-27T16:17:07.915	WT901BLE68(F3:F0:16:BF:DC:AE)	0.177	1.039	0.021	-0.977	69.885	29.968	83.29	-6.25	-21.32	-32.913	34.313	-61.353	-0.70462	-0.63901	0.23715	0.19696	25.8	null	null	13113	60
2026-05-27T16:17:08.069	WT901BLE68(F3:F0:16:BF:DC:AE)	-0.046	0.940	-0.009	16.174	51.453	14.099	83.33	-7.77	-15.46	-32.913	34.313	-61.353	-0.70462	-0.63901	0.23715	0.19696	25.8	null	null	13113	60
2026-05-27T16:17:08.124	WT901BLE68(F3:F0:16:BF:DC:AE)	-0.082	1.047	0.013	27.771	2.441	-14.832	86.00	-6.51	-13.16	-32.913	34.313	-61.353	-0.70462	-0.63901	0.23715	0.19696	25.8	null	null	13113	60
2026-05-27T16:17:08.277	WT901BLE68(F3:F0:16:BF:DC:AE)	0.140	1.003	0.298	39.612	-29.846	1.221	89.28	-5.17	-14.66	-32.913	34.313	-61.353	-0.70462	-0.63901	0.23715	0.19696	25.8	null	null	13113	60
2026-05-27T16:17:08.334	WT901BLE68(F3:F0:16:BF:DC:AE)	0.012	0.998	-0.031	24.597	-13.367	-5.676	91.59	-5.19	-17.35	-32.913	34.313	-61.353	-0.70462	-0.63901	0.23715	0.19696	25.8	null	null	13113	60
2026-05-27T16:17:08.457	WT901BLE68(F3:F0:16:BF:DC:AE)	0.049	1.008	-0.059	16.907	-29.968	-2.258	93.38	-4.69	-18.80	-20.787	30.880	-66.940	-0.70462	-0.63901	0.23715	0.19696	25.8	null	null	13113	60
2026-05-27T16:17:08.542	WT901BLE68(F3:F0:16:BF:DC:AE)	0.083	0.981	-0.109	19.531	-5.432	6.348	95.43	-4.78	-21.00	-20.787	30.880	-66.940	-0.70462	-0.63901	0.23715	0.19696	25.8	null	null	13113	60
2026-05-27T16:17:08.666	WT901BLE68(F3:F0:16:BF:DC:AE)	0.044	0.985	-0.129	12.085	-26.672	6.470	96.86	-5.27	-22.79	-20.787	30.880	-66.940	-0.66315	-0.72397	0.16611	0.09183	25.8	null	null	13113	60
2026-05-27T16:17:08.722	WT901BLE68(F3:F0:16:BF:DC:AE)	0.072	0.996	-0.102	10.437	-18.372	0.732	98.27	-5.17	-25.27	-20.787	30.880	-66.940	-0.66315	-0.72397	0.16611	0.09183	25.8	null	null	13113	60
2026-05-27T16:17:08.844	WT901BLE68(F3:F0:16:BF:DC:AE)	0.038	0.963	-0.237	7.141	-24.963	3.967	99.19	-4.84	-27.28	-20.787	30.880	-66.940	-0.66315	-0.72397	0.16611	0.09183	25.8	null	null	13113	60
2026-05-27T16:17:08.936	WT901BLE68(F3:F0:16:BF:DC:AE)	-0.034	1.042	-0.201	1.099	-54.749	7.446	100.07	-4.76	-31.30	-20.787	30.880	-66.940	-0.66315	-0.72397	0.16611	0.09183	25.8	null	null	13113	60
2026-05-27T16:17:09.056	WT901BLE68(F3:F0:16:BF:DC:AE)	0.094	0.948	-0.237	2.014	8.545	0.488	100.29	-4.25	-34.31	-20.787	30.880	-66.940	-0.66315	-0.72397	0.16611	0.09183	25.8	null	null	13113	60
2026-05-27T16:17:09.146	WT901BLE68(F3:F0:16:BF:DC:AE)	-0.006	0.995	-0.186	-3.540	-13.916	7.874	100.35	-4.53	-34.19	-20.787	30.880	-66.940	-0.66315	-0.72397	0.16611	0.09183	25.8	null	null	13113	60
2026-05-27T16:17:09.265	WT901BLE68(F3:F0:16:BF:DC:AE)	0.089	0.986	-0.192	-3.967	-5.676	9.949	100.16	-5.06	-35.95	-20.787	30.880	-66.940	-0.66315	-0.72397	0.16611	0.09183	25.8	null	null	13113	60
2026-05-27T16:17:09.324	WT901BLE68(F3:F0:16:BF:DC:AE)	0.025	0.973	-0.216	-6.409	4.333	10.864	99.70	-5.88	-35.93	-35.120	24.800	-72.107	-0.66315	-0.72397	0.16611	0.09183	25.8	null	null	13113	60
2026-05-27T16:17:09.476	WT901BLE68(F3:F0:16:BF:DC:AE)	0.112	0.978	-0.148	-16.235	-1.343	8.484	98.79	-6.68	-36.24	-35.120	24.800	-72.107	-0.66315	-0.72397	0.16611	0.09183	25.8	null	null	13113	60
2026-05-27T16:17:09.530	WT901BLE68(F3:F0:16:BF:DC:AE)	0.066	0.991	-0.119	-18.433	-8.118	13.123	97.18	-7.55	-36.43	-35.120	24.800	-72.107	-0.63782	-0.70212	0.27322	0.15958	25.8	null	null	13113	60
2026-05-27T16:17:09.659	WT901BLE68(F3:F0:16:BF:DC:AE)	0.154	1.026	-0.087	-43.274	-34.790	3.296	95.05	-8.35	-38.17	-35.120	24.800	-72.107	-0.63782	-0.70212	0.27322	0.15958	25.8	null	null	13113	60
2026-05-27T16:17:09.743	WT901BLE68(F3:F0:16:BF:DC:AE)	0.275	0.963	-0.049	-29.297	7.629	-2.136	91.32	-8.10	-39.47	-35.120	24.800	-72.107	-0.63782	-0.70212	0.27322	0.15958	25.8	null	null	13113	60
2026-05-27T16:17:09.868	WT901BLE68(F3:F0:16:BF:DC:AE)	0.174	0.976	-0.038	-18.494	0.000	-2.502	88.89	-7.88	-37.33	-35.120	24.800	-72.107	-0.63782	-0.70212	0.27322	0.15958	25.8	null	null	13113	60
2026-05-27T16:17:09.955	WT901BLE68(F3:F0:16:BF:DC:AE)	0.252	0.958	0.005	-1.526	-5.005	-2.563	88.28	-7.97	-37.30	-35.120	24.800	-72.107	-0.63782	-0.70212	0.27322	0.15958	25.8	null	null	13113	60
2026-05-27T16:17:10.079	WT901BLE68(F3:F0:16:BF:DC:AE)	0.233	0.989	0.125	-3.418	8.301	-1.404	88.19	-7.78	-36.44	-35.120	24.800	-72.107	-0.63782	-0.70212	0.27322	0.15958	25.8	null	null	13113	60
2026-05-27T16:17:10.136	WT901BLE68(F3:F0:16:BF:DC:AE)	0.155	1.018	0.040	-9.705	11.536	-9.827	87.58	-7.96	-34.52	-35.120	24.800	-72.107	-0.63782	-0.70212	0.27322	0.15958	25.8	null	null	13113	60
2026-05-27T16:17:10.254	WT901BLE68(F3:F0:16:BF:DC:AE)	0.229	0.952	0.035	-6.042	42.908	-9.949	86.28	-6.93	-32.32	-31.967	33.920	-61.207	-0.63782	-0.70212	0.27322	0.15958	25.8	null	null	13113	60
2026-05-27T16:17:10.345	WT901BLE68(F3:F0:16:BF:DC:AE)	0.090	0.998	0.059	-4.211	39.307	-7.690	85.36	-5.84	-27.61	-31.967	33.920	-61.207	-0.63782	-0.70212	0.27322	0.15958	25.8	null	null	13113	60
2026-05-27T16:17:10.466	WT901BLE68(F3:F0:16:BF:DC:AE)	0.082	1.002	0.095	0.305	23.865	-2.319	84.98	-5.37	-24.99	-31.967	33.920	-61.207	-0.72293	-0.64926	0.19177	0.13773	25.8	null	null	13113	60
2026-05-27T16:17:10.554	WT901BLE68(F3:F0:16:BF:DC:AE)	0.229	0.941	0.018	19.592	38.513	-1.465	85.18	-4.56	-21.70	-31.967	33.920	-61.207	-0.72293	-0.64926	0.19177	0.13773	25.8	null	null	13113	60
2026-05-27T16:17:10.676	WT901BLE68(F3:F0:16:BF:DC:AE)	0.014	0.999	0.115	11.719	29.480	2.319	86.43	-4.48	-17.55	-31.967	33.920	-61.207	-0.72293	-0.64926	0.19177	0.13773	25.8	null	null	13113	60
2026-05-27T16:17:10.733	WT901BLE68(F3:F0:16:BF:DC:AE)	0.004	0.981	0.112	9.033	20.996	-0.793	87.15	-4.51	-15.81	-31.967	33.920	-61.207	-0.72293	-0.64926	0.19177	0.13773	25.8	null	null	13113	60
2026-05-27T16:17:10.886	WT901BLE68(F3:F0:16:BF:DC:AE)	0.030	1.000	0.118	4.333	23.376	-7.690	87.55	-3.78	-13.62	-31.967	33.920	-61.207	-0.72293	-0.64926	0.19177	0.13773	25.8	null	null	13113	60
2026-05-27T16:17:10.944	WT901BLE68(F3:F0:16:BF:DC:AE)	0.024	0.980	0.042	6.592	26.855	-6.531	87.56	-2.81	-11.33	-31.967	33.920	-61.207	-0.72293	-0.64926	0.19177	0.13773	25.8	null	null	13113	60
2026-05-27T16:17:11.066	WT901BLE68(F3:F0:16:BF:DC:AE)	-0.022	1.000	0.066	16.113	-4.395	-4.944	88.52	-1.89	-10.06	-31.967	33.920	-61.207	-0.72293	-0.64926	0.19177	0.13773	25.8	null	null	13113	60
2026-05-27T16:17:11.155	WT901BLE68(F3:F0:16:BF:DC:AE)	0.057	0.979	0.033	27.588	-13.245	4.456	90.76	-1.87	-11.98	-19.127	32.307	-64.760	-0.72293	-0.64926	0.19177	0.13773	25.8	null	null	13113	60
2026-05-27T16:17:11.278	WT901BLE68(F3:F0:16:BF:DC:AE)	-0.010	1.005	-0.069	27.466	-17.395	7.996	93.45	-2.31	-13.16	-19.127	32.307	-64.760	-0.72293	-0.64926	0.19177	0.13773	25.8	null	null	13113	60
2026-05-27T16:17:11.363	WT901BLE68(F3:F0:16:BF:DC:AE)	0.081	0.964	-0.139	25.818	-20.020	9.705	95.93	-2.98	-15.91	-19.127	32.307	-64.760	-0.67407	-0.72748	0.10794	0.06812	25.8	null	null	13113	60
2026-05-27T16:17:11.484	WT901BLE68(F3:F0:16:BF:DC:AE)	-0.006	0.996	-0.147	3.052	-2.502	1.343	97.25	-3.47	-17.31	-19.127	32.307	-64.760	-0.67407	-0.72748	0.10794	0.06812	25.8	null	null	13113	60
2026-05-27T16:17:11.580	WT901BLE68(F3:F0:16:BF:DC:AE)	0.026	0.986	-0.179	5.981	-22.400	0.916	97.85	-3.31	-18.63	-19.127	32.307	-64.760	-0.67407	-0.72748	0.10794	0.06812	25.8	null	null	13113	60
2026-05-27T16:17:11.667	WT901BLE68(F3:F0:16:BF:DC:AE)	0.063	0.990	-0.128	8.057	-4.761	-1.831	98.77	-2.91	-20.42	-19.127	32.307	-64.760	-0.67407	-0.72748	0.10794	0.06812	25.8	null	null	13113	60
2026-05-27T16:17:11.755	WT901BLE68(F3:F0:16:BF:DC:AE)	0.015	0.980	-0.228	7.813	-4.456	0.427	99.62	-2.82	-20.40	-19.127	32.307	-64.760	-0.67407	-0.72748	0.10794	0.06812	25.8	null	null	13113	60
2026-05-27T16:17:11.878	WT901BLE68(F3:F0:16:BF:DC:AE)	0.031	0.973	-0.237	4.089	-3.540	0.916	100.33	-2.70	-21.33	-19.127	32.307	-64.760	-0.67407	-0.72748	0.10794	0.06812	25.8	null	null	13113	60
2026-05-27T16:17:11.966	WT901BLE68(F3:F0:16:BF:DC:AE)	0.015	0.981	-0.246	-0.244	-11.658	3.784	100.70	-2.74	-22.06	-19.127	32.307	-64.760	-0.67407	-0.72748	0.10794	0.06812	25.8	null	null	13113	60
2026-05-27T16:17:12.086	WT901BLE68(F3:F0:16:BF:DC:AE)	0.007	0.983	-0.217	-3.540	-6.897	5.859	100.74	-2.94	-23.33	-26.460	24.547	-74.307	-0.67407	-0.72748	0.10794	0.06812	25.8	null	null	13113	60
2026-05-27T16:17:12.144	WT901BLE68(F3:F0:16:BF:DC:AE)	0.009	0.987	-0.197	-4.456	-3.357	8.972	100.47	-3.49	-23.92	-26.460	24.547	-74.307	-0.67407	-0.72748	0.10794	0.06812	25.8	null	null	13113	60
2026-05-27T16:17:12.265	WT901BLE68(F3:F0:16:BF:DC:AE)	0.066	0.978	-0.176	-9.155	1.831	8.850	99.84	-4.17	-24.44	-26.460	24.547	-74.307	-0.63049	-0.74719	0.17908	0.10953	25.8	null	null	13113	60
2026-05-27T16:17:12.353	WT901BLE68(F3:F0:16:BF:DC:AE)	0.038	0.992	-0.173	-11.230	-5.676	10.559	98.95	-5.02	-24.76	-26.460	24.547	-74.307	-0.63049	-0.74719	0.17908	0.10953	25.8	null	null	13113	60
2026-05-27T16:17:12.506	WT901BLE68(F3:F0:16:BF:DC:AE)	0.092	0.990	-0.129	-15.503	-6.897	10.986	97.72	-5.84	-25.72	-26.460	24.547	-74.307	-0.63049	-0.74719	0.17908	0.10953	25.8	null	null	13113	60
2026-05-27T16:17:12.563	WT901BLE68(F3:F0:16:BF:DC:AE)	0.057	1.000	-0.090	-21.790	-17.273	11.536	96.06	-6.75	-26.85	-26.460	24.547	-74.307	-0.63049	-0.74719	0.17908	0.10953	25.8	null	null	13113	60
2026-05-27T16:17:12.683	WT901BLE68(F3:F0:16:BF:DC:AE)	0.068	1.006	-0.022	-33.386	-36.194	11.169	93.73	-7.44	-29.55	-26.460	24.547	-74.307	-0.63049	-0.74719	0.17908	0.10953	25.8	null	null	13113	60
2026-05-27T16:17:12.777	WT901BLE68(F3:F0:16:BF:DC:AE)	0.036	1.028	0.094	-50.598	-47.607	-6.226	90.01	-7.57	-33.28	-26.460	24.547	-74.307	-0.63049	-0.74719	0.17908	0.10953	25.8	null	null	13113	60
2026-05-27T16:17:12.893	WT901BLE68(F3:F0:16:BF:DC:AE)	0.200	1.018	-0.044	-32.410	-44.495	-9.460	86.11	-6.71	-36.99	-26.460	24.547	-74.307	-0.63049	-0.74719	0.17908	0.10953	25.8	null	null	13113	60
2026-05-27T16:17:12.950	WT901BLE68(F3:F0:16:BF:DC:AE)	0.193	0.890	-0.049	-8.057	-32.654	-13.550	84.79	-6.01	-40.29	-32.660	35.840	-59.360	-0.63049	-0.74719	0.17908	0.10953	25.8	null	null	13113	60
2026-05-27T16:17:13.075	WT901BLE68(F3:F0:16:BF:DC:AE)	0.226	0.956	0.027	12.573	-34.912	-4.700	86.03	-5.65	-43.69	-32.660	35.840	-59.360	-0.63049	-0.74719	0.17908	0.10953	25.8	null	null	13113	60
2026-05-27T16:17:13.163	WT901BLE68(F3:F0:16:BF:DC:AE)	0.305	1.029	0.083	9.460	-48.645	8.240	87.96	-6.54	-47.35	-32.660	35.840	-59.360	-0.68436	-0.62021	0.29550	0.24408	25.8	null	null	13113	60
2026-05-27T16:17:13.282	WT901BLE68(F3:F0:16:BF:DC:AE)	0.326	1.000	0.057	8.667	-5.005	11.230	88.99	-8.25	-49.59	-32.660	35.840	-59.360	-0.68436	-0.62021	0.29550	0.24408	25.8	null	null	13113	60
2026-05-27T16:17:13.376	WT901BLE68(F3:F0:16:BF:DC:AE)	0.217	0.979	-0.012	7.019	77.637	0.610	88.92	-9.09	-44.24	-32.660	35.840	-59.360	-0.68436	-0.62021	0.29550	0.24408	25.8	null	null	13113	60
2026-05-27T16:17:13.500	WT901BLE68(F3:F0:16:BF:DC:AE)	-0.051	1.117	0.085	9.827	58.899	-6.165	88.87	-8.90	-36.55	-32.660	35.840	-59.360	-0.68436	-0.62021	0.29550	0.24408	25.8	null	null	13113	60
2026-05-27T16:17:13.555	WT901BLE68(F3:F0:16:BF:DC:AE)	0.103	0.990	-0.015	9.155	28.381	1.465	88.73	-8.78	-32.72	-32.660	35.840	-59.360	-0.68436	-0.62021	0.29550	0.24408	25.8	null	null	13113	60
2026-05-27T16:17:13.677	WT901BLE68(F3:F0:16:BF:DC:AE)	0.213	0.986	0.064	10.437	46.936	-4.639	89.07	-8.19	-29.37	-32.660	35.840	-59.360	-0.68436	-0.62021	0.29550	0.24408	25.8	null	null	13113	60
2026-05-27T16:17:13.765	WT901BLE68(F3:F0:16:BF:DC:AE)	0.094	1.000	0.058	9.705	24.231	-3.479	89.55	-7.86	-25.81	-32.660	35.840	-59.360	-0.68436	-0.62021	0.29550	0.24408	25.8	null	null	13113	60
2026-05-27T16:17:13.883	WT901BLE68(F3:F0:16:BF:DC:AE)	0.055	0.993	0.035	13.245	17.700	-11.414	90.30	-6.88	-23.55	-27.607	31.800	-64.600	-0.68436	-0.62021	0.29550	0.24408	25.8	null	null	13113	60
2026-05-27T16:17:13.980	WT901BLE68(F3:F0:16:BF:DC:AE)	0.093	0.996	-0.033	7.935	14.221	-15.808	90.93	-5.45	-22.70	-27.607	31.800	-64.600	-0.68436	-0.62021	0.29550	0.24408	25.8	null	null	13113	60
2026-05-27T16:17:14.095	WT901BLE68(F3:F0:16:BF:DC:AE)	0.065	0.987	-0.060	13.367	14.221	-14.832	91.96	-3.72	-20.90	-27.607	31.800	-64.600	-0.69196	-0.69470	0.16614	0.10413	25.8	null	null	13113	60
2026-05-27T16:17:14.183	WT901BLE68(F3:F0:16:BF:DC:AE)	0.104	0.975	-0.095	19.897	9.766	-9.644	93.64	-2.55	-20.73	-27.607	31.800	-64.600	-0.69196	-0.69470	0.16614	0.10413	25.8	null	null	13113	60
2026-05-27T16:17:14.307	WT901BLE68(F3:F0:16:BF:DC:AE)	-0.053	0.997	-0.077	21.790	-7.324	2.930	95.91	-2.50	-20.30	-27.607	31.800	-64.600	-0.69196	-0.69470	0.16614	0.10413	25.8	null	null	13113	60
2026-05-27T16:17:14.362	WT901BLE68(F3:F0:16:BF:DC:AE)	0.006	0.969	-0.173	15.137	7.385	-0.183	97.52	-2.27	-20.90	-27.607	31.800	-64.600	-0.69196	-0.69470	0.16614	0.10413	25.8	null	null	13113	60
2026-05-27T16:17:14.486	WT901BLE68(F3:F0:16:BF:DC:AE)	-0.067	0.998	-0.167	5.371	-22.827	3.479	98.72	-2.16	-21.99	-27.607	31.800	-64.600	-0.69196	-0.69470	0.16614	0.10413	25.8	null	null	13113	60
2026-05-27T16:17:14.575	WT901BLE68(F3:F0:16:BF:DC:AE)	-0.011	0.998	-0.190	0.366	-9.216	1.465	99.04	-1.77	-23.85	-27.607	31.800	-64.600	-0.69196	-0.69470	0.16614	0.10413	25.8	null	null	13113	60
2026-05-27T16:17:14.696	WT901BLE68(F3:F0:16:BF:DC:AE)	-0.036	0.995	-0.198	-1.404	-12.146	6.409	99.14	-1.80	-24.97	-27.607	31.800	-64.600	-0.69196	-0.69470	0.16614	0.10413	25.8	null	null	13113	60
2026-05-27T16:17:14.785	WT901BLE68(F3:F0:16:BF:DC:AE)	0.016	0.976	-0.210	0.000	-12.085	12.512	99.26	-2.40	-26.52	-31.440	25.987	-73.547	-0.69196	-0.69470	0.16614	0.10413	25.8	null	null	13113	60
2026-05-27T16:17:14.903	WT901BLE68(F3:F0:16:BF:DC:AE)	0.008	0.983	-0.178	-5.798	-10.986	15.564	99.22	-3.41	-28.08	-31.440	25.987	-73.547	-0.69196	-0.69470	0.16614	0.10413	25.8	null	null	13113	60
2026-05-27T16:17:14.964	WT901BLE68(F3:F0:16:BF:DC:AE)	0.046	0.997	-0.135	-15.381	-18.860	14.832	98.58	-4.58	-29.88	-31.440	25.987	-73.547	-0.63507	-0.73029	0.21155	0.13599	25.8	null	null	13113	60
2026-05-27T16:17:15.087	WT901BLE68(F3:F0:16:BF:DC:AE)	0.092	0.985	-0.136	-21.301	-8.789	11.169	96.92	-5.47	-31.67	-31.440	25.987	-73.547	-0.63507	-0.73029	0.21155	0.13599	25.8	null	null	13113	60
2026-05-27T16:17:15.173	WT901BLE68(F3:F0:16:BF:DC:AE)	0.085	0.999	-0.053	-27.466	-21.362	7.324	94.91	-5.95	-33.06	-31.440	25.987	-73.547	-0.63507	-0.73029	0.21155	0.13599	25.8	null	null	13113	60
2026-05-27T16:17:15.297	WT901BLE68(F3:F0:16:BF:DC:AE)	0.074	1.035	-0.011	-34.607	-32.776	8.118	92.11	-6.53	-35.59	-31.440	25.987	-73.547	-0.63507	-0.73029	0.21155	0.13599	25.8	null	null	13113	60
2026-05-27T16:17:15.384	WT901BLE68(F3:F0:16:BF:DC:AE)	0.099	1.007	-0.001	-32.898	-35.645	-0.854	89.06	-6.71	-39.00	-31.440	25.987	-73.547	-0.63507	-0.73029	0.21155	0.13599	25.8	null	null	13113	60
2026-05-27T16:17:15.501	WT901BLE68(F3:F0:16:BF:DC:AE)	0.215	0.993	0.037	-22.766	-37.842	-13.550	86.79	-5.91	-42.66	-31.440	25.987	-73.547	-0.63507	-0.73029	0.21155	0.13599	25.8	null	null	13113	60
2026-05-27T16:17:15.625	WT901BLE68(F3:F0:16:BF:DC:AE)	0.296	0.979	0.011	-5.798	-7.629	-13.123	85.65	-4.90	-45.14	-31.440	25.987	-73.547	-0.63507	-0.73029	0.21155	0.13599	25.8	null	null	13113	60
2026-05-27T16:17:15.716	WT901BLE68(F3:F0:16:BF:DC:AE)	0.311	0.966	0.080	2.930	18.860	6.165	85.65	-4.88	-44.57	-41.220	35.853	-56.073	-0.63507	-0.73029	0.21155	0.13599	25.8	null	null	13113	60
2026-05-27T16:17:15.774	WT901BLE68(F3:F0:16:BF:DC:AE)	0.203	0.978	0.073	4.272	36.621	13.794	85.80	-6.49	-41.33	-41.220	35.853	-56.073	-0.63507	-0.73029	0.21155	0.13599	25.8	null	null	13113	60
2026-05-27T16:17:15.893	WT901BLE68(F3:F0:16:BF:DC:AE)	0.179	0.992	0.047	6.042	54.443	5.310	85.72	-7.45	-36.49	-41.220	35.853	-56.073	-0.69940	-0.62216	0.27667	0.21704	25.8	null	null	13113	60
2026-05-27T16:17:15.988	WT901BLE68(F3:F0:16:BF:DC:AE)	0.142	0.953	0.048	17.700	66.406	7.446	86.25	-7.94	-30.10	-41.220	35.853	-56.073	-0.69940	-0.62216	0.27667	0.21704	25.8	null	null	13113	60
2026-05-27T16:17:16.104	WT901BLE68(F3:F0:16:BF:DC:AE)	0.070	1.020	0.083	19.104	74.036	-2.258	87.28	-8.00	-22.94	-41.220	35.853	-56.073	-0.69940	-0.62216	0.27667	0.21704	25.8	null	null	13113	60
2026-05-27T16:17:16.194	WT901BLE68(F3:F0:16:BF:DC:AE)	0.001	1.010	0.188	-4.272	38.940	-20.325	87.00	-6.28	-17.31	-41.220	35.853	-56.073	-0.69940	-0.62216	0.27667	0.21704	25.8	null	null	13113	60
2026-05-27T16:17:16.317	WT901BLE68(F3:F0:16:BF:DC:AE)	0.012	0.969	0.018	9.766	26.428	-16.663	86.72	-3.94	-14.79	-41.220	35.853	-56.073	-0.69940	-0.62216	0.27667	0.21704	25.8	null	null	13113	60
2026-05-27T16:17:16.371	WT901BLE68(F3:F0:16:BF:DC:AE)	-0.002	0.987	0.077	18.433	22.766	-11.719	88.00	-2.11	-12.13	-41.220	35.853	-56.073	-0.69940	-0.62216	0.27667	0.21704	25.8	null	null	13113	60
2026-05-27T16:17:16.497	WT901BLE68(F3:F0:16:BF:DC:AE)	0.000	0.997	-0.106	19.165	4.333	-12.817	89.69	-0.62	-11.29	-41.220	35.853	-56.073	-0.69940	-0.62216	0.27667	0.21704	25.8	null	null	13113	60
2026-05-27T16:17:16.584	WT901BLE68(F3:F0:16:BF:DC:AE)	0.081	0.991	-0.155	37.231	-3.662	4.761	92.59	-0.19	-11.90	-22.547	32.940	-65.300	-0.69940	-0.62216	0.27667	0.21704	25.8	null	null	13113	60
2026-05-27T16:17:16.706	WT901BLE68(F3:F0:16:BF:DC:AE)	0.048	0.980	-0.041	30.457	-9.888	9.888	96.02	-1.12	-13.87	-22.547	32.940	-65.300	-0.69940	-0.62216	0.27667	0.21704	25.8	null	null	13113	60
2026-05-27T16:17:16.793	WT901BLE68(F3:F0:16:BF:DC:AE)	-0.161	1.003	-0.171	22.095	9.521	10.315	98.15	-2.26	-13.62	-22.547	32.940	-65.300	-0.65836	-0.74237	0.10110	0.07156	25.8	null	null	13113	60
2026-05-27T16:17:16.915	WT901BLE68(F3:F0:16:BF:DC:AE)	-0.004	0.978	-0.230	12.451	-30.579	16.968	99.65	-2.93	-15.90	-22.547	32.940	-65.300	-0.65836	-0.74237	0.10110	0.07156	25.8	null	null	13113	60
2026-05-27T16:17:17.006	WT901BLE68(F3:F0:16:BF:DC:AE)	-0.023	0.999	-0.126	-1.465	-16.052	1.038	100.27	-2.91	-19.99	-22.547	32.940	-65.300	-0.65836	-0.74237	0.10110	0.07156	25.8	null	null	13113	60
2026-05-27T16:17:17.127	WT901BLE68(F3:F0:16:BF:DC:AE)	-0.023	0.981	-0.232	0.000	-26.123	8.667	100.34	-2.89	-21.90	-22.547	32.940	-65.300	-0.65836	-0.74237	0.10110	0.07156	25.8	null	null	13113	60
2026-05-27T16:17:17.184	WT901BLE68(F3:F0:16:BF:DC:AE)	0.074	0.985	-0.178	-1.831	-32.288	10.193	100.57	-3.10	-25.70	-22.547	32.940	-65.300	-0.65836	-0.74237	0.10110	0.07156	25.8	null	null	13113	60
2026-05-27T16:17:17.310	WT901BLE68(F3:F0:16:BF:DC:AE)	0.030	0.984	-0.206	-3.906	-14.221	9.644	100.49	-3.65	-27.77	-22.547	32.940	-65.300	-0.65836	-0.74237	0.10110	0.07156	25.8	null	null	13113	60
2026-05-27T16:17:17.394	WT901BLE68(F3:F0:16:BF:DC:AE)	0.052	1.001	-0.171	-8.545	-21.118	8.728	100.14	-4.16	-30.11	-22.547	32.940	-65.300	-0.65836	-0.74237	0.10110	0.07156	25.8	null	null	13113	60
2026-05-27T16:17:17.516	WT901BLE68(F3:F0:16:BF:DC:AE)	0.077	0.986	-0.140	-16.235	4.517	4.456	98.99	-4.54	-31.46	-30.553	24.807	-72.567	-0.65836	-0.74237	0.10110	0.07156	25.8	null	null	13113	60
2026-05-27T16:17:17.603	WT901BLE68(F3:F0:16:BF:DC:AE)	0.027	0.993	-0.161	-19.165	-0.671	6.470	97.33	-5.04	-31.50	-30.553	24.807	-72.567	-0.65836	-0.74237	0.10110	0.07156	25.8	null	null	13113	60
2026-05-27T16:17:17.727	WT901BLE68(F3:F0:16:BF:DC:AE)	0.094	0.985	-0.130	-21.851	-16.724	8.301	95.51	-5.52	-33.06	-30.553	24.807	-72.567	-0.64761	-0.70950	0.23389	0.14963	25.8	null	null	13113	60
2026-05-27T16:17:17.782	WT901BLE68(F3:F0:16:BF:DC:AE)	0.084	1.000	-0.035	-28.687	-21.790	5.859	93.50	-6.02	-34.69	-30.553	24.807	-72.567	-0.64761	-0.70950	0.23389	0.14963	25.8	null	null	13113	60
2026-05-27T16:17:17.905	WT901BLE68(F3:F0:16:BF:DC:AE)	0.162	0.974	-0.083	-26.001	-5.371	2.808	90.48	-6.03	-36.34	-30.553	24.807	-72.567	-0.64761	-0.70950	0.23389	0.14963	25.8	null	null	13113	60
2026-05-27T16:17:17.994	WT901BLE68(F3:F0:16:BF:DC:AE)	0.249	1.007	-0.052	-9.583	3.052	4.761	88.79	-6.34	-36.38	-30.553	24.807	-72.567	-0.64761	-0.70950	0.23389	0.14963	25.8	null	null	13113	60
2026-05-27T16:17:18.114	WT901BLE68(F3:F0:16:BF:DC:AE)	0.232	0.982	0.063	-1.343	-3.174	6.042	88.89	-7.47	-35.67	-30.553	24.807	-72.567	-0.64761	-0.70950	0.23389	0.14963	25.8	null	null	13113	60
2026-05-27T16:17:18.208	WT901BLE68(F3:F0:16:BF:DC:AE)	0.259	0.989	0.082	-1.953	43.274	-2.258	88.46	-7.84	-33.57	-30.553	24.807	-72.567	-0.64761	-0.70950	0.23389	0.14963	25.8	null	null	13113	60
2026-05-27T16:17:18.326	WT901BLE68(F3:F0:16:BF:DC:AE)	0.055	0.989	0.035	-0.061	55.908	-5.615	87.50	-7.48	-27.47	-30.553	24.807	-72.567	-0.64761	-0.70950	0.23389	0.14963	25.8	null	null	13113	60
2026-05-27T16:17:18.411	WT901BLE68(F3:F0:16:BF:DC:AE)	0.083	0.989	0.075	0.305	12.085	-7.629	87.15	-6.75	-24.42	-25.740	34.033	-62.147	-0.64761	-0.70950	0.23389	0.14963	25.8	null	null	13113	60
2026-05-27T16:17:18.536	WT901BLE68(F3:F0:16:BF:DC:AE)	0.097	0.984	-0.002	4.333	5.371	-8.911	87.00	-5.76	-23.33	-25.740	34.033	-62.147	-0.64761	-0.70950	0.23389	0.14963	25.8	null	null	13113	60
2026-05-27T16:17:18.592	WT901BLE68(F3:F0:16:BF:DC:AE)	0.123	0.998	0.044	9.949	38.635	-4.700	87.52	-5.26	-21.12	-25.740	34.033	-62.147	-0.71509	-0.66913	0.16949	0.10989	25.8	null	null	13113	60
2026-05-27T16:17:18.719	WT901BLE68(F3:F0:16:BF:DC:AE)	0.090	0.968	0.062	21.240	37.842	3.418	88.87	-5.25	-17.77	-25.740	34.033	-62.147	-0.71509	-0.66913	0.16949	0.10989	25.8	null	null	13113	60
2026-05-27T16:17:18.835	WT901BLE68(F3:F0:16:BF:DC:AE)	0.065	1.042	0.037	12.634	23.804	-2.502	90.00	-5.29	-14.64	-25.740	34.033	-62.147	-0.71509	-0.66913	0.16949	0.10989	25.8	null	null	13113	60
2026-05-27T16:17:18.925	WT901BLE68(F3:F0:16:BF:DC:AE)	0.032	0.988	0.033	10.132	37.598	-10.254	90.42	-4.49	-11.37	-25.740	34.033	-62.147	-0.71509	-0.66913	0.16949	0.10989	25.8	null	null	13113	60
2026-05-27T16:17:19.050	WT901BLE68(F3:F0:16:BF:DC:AE)	-0.117	1.032	0.078	12.268	-7.019	0.793	91.20	-4.00	-9.70	-25.740	34.033	-62.147	-0.71509	-0.66913	0.16949	0.10989	25.8	null	null	13113	60
2026-05-27T16:17:19.133	WT901BLE68(F3:F0:16:BF:DC:AE)	0.022	0.990	0.002	14.099	-34.241	0.977	92.33	-3.61	-13.05	-25.740	34.033	-62.147	-0.71509	-0.66913	0.16949	0.10989	25.8	null	null	13113	60
2026-05-27T16:17:19.194	WT901BLE68(F3:F0:16:BF:DC:AE)	0.120	1.017	-0.046	15.198	-35.522	1.343	93.77	-3.39	-16.98	-25.740	34.033	-62.147	-0.71509	-0.66913	0.16949	0.10989	25.8	null	null	13113	60
2026-05-27T16:17:19.313	WT901BLE68(F3:F0:16:BF:DC:AE)	0.121	0.977	-0.120	11.719	-0.427	-5.066	95.05	-3.15	-18.18	-20.353	29.020	-69.127	-0.71509	-0.66913	0.16949	0.10989	25.8	null	null	13113	60
2026-05-27T16:17:19.436	WT901BLE68(F3:F0:16:BF:DC:AE)	0.012	0.969	-0.179	12.939	-6.653	-1.953	96.32	-2.80	-18.40	-20.353	29.020	-69.127	-0.71509	-0.66913	0.16949	0.10989	25.8	null	null	13113	60
2026-05-27T16:17:19.526	WT901BLE68(F3:F0:16:BF:DC:AE)	0.038	0.987	-0.154	14.893	-17.090	2.136	98.01	-2.60	-20.42	-20.353	29.020	-69.127	-0.65887	-0.73401	0.13721	0.09048	25.8	null	null	13113	60
2026-05-27T16:17:19.612	WT901BLE68(F3:F0:16:BF:DC:AE)	-0.006	1.005	-0.144	10.315	-16.357	2.014	99.42	-2.53	-22.11	-20.353	29.020	-69.127	-0.65887	-0.73401	0.13721	0.09048	25.8	null	null	13113	60
2026-05-27T16:17:19.738	WT901BLE68(F3:F0:16:BF:DC:AE)	-0.035	1.001	-0.225	3.967	-4.150	0.793	100.14	-2.42	-22.67	-20.353	29.020	-69.127	-0.65887	-0.73401	0.13721	0.09048	25.8	null	null	13113	60
2026-05-27T16:17:19.825	WT901BLE68(F3:F0:16:BF:DC:AE)	-0.009	0.968	-0.247	-0.549	-15.625	5.798	100.33	-2.35	-23.88	-20.353	29.020	-69.127	-0.65887	-0.73401	0.13721	0.09048	25.8	null	null	13113	60
2026-05-27T16:17:19.947	WT901BLE68(F3:F0:16:BF:DC:AE)	0.033	0.978	-0.243	-1.648	-25.391	12.939	100.56	-2.89	-26.11	-20.353	29.020	-69.127	-0.65887	-0.73401	0.13721	0.09048	25.8	null	null	13113	60
2026-05-27T16:17:20.003	WT901BLE68(F3:F0:16:BF:DC:AE)	0.021	0.990	-0.209	-6.592	-23.987	15.320	100.49	-3.72	-28.98	-20.353	29.020	-69.127	-0.65887	-0.73401	0.13721	0.09048	25.8	null	null	13113	60
2026-05-27T16:17:20.126	WT901BLE68(F3:F0:16:BF:DC:AE)	0.066	0.983	-0.182	-13.062	-21.790	14.404	99.85	-4.61	-31.67	-20.353	29.020	-69.127	-0.65887	-0.73401	0.13721	0.09048	25.8	null	null	13113	60
2026-05-27T16:17:20.213	WT901BLE68(F3:F0:16:BF:DC:AE)	0.082	0.983	-0.181	-12.695	-22.583	16.418	98.95	-5.76	-33.88	-30.467	25.320	-71.593	-0.65887	-0.73401	0.13721	0.09048	25.8	null	null	13113	60
2026-05-27T16:17:20.333	WT901BLE68(F3:F0:16:BF:DC:AE)	0.176	1.010	-0.156	-22.705	-45.532	7.202	97.90	-6.67	-37.05	-30.467	25.320	-71.593	-0.65887	-0.73401	0.13721	0.09048	25.8	null	null	13113	60
2026-05-27T16:17:20.426	WT901BLE68(F3:F0:16:BF:DC:AE)	0.229	1.021	-0.152	-17.395	23.010	6.226	96.65	-6.81	-38.59	-30.467	25.320	-71.593	-0.63644	-0.69476	0.28439	0.17679	25.8	null	null	13113	60
2026-05-27T16:17:20.545	WT901BLE68(F3:F0:16:BF:DC:AE)	0.190	1.007	-0.077	-16.846	7.385	6.042	94.76	-7.68	-36.57	-30.467	25.320	-71.593	-0.63644	-0.69476	0.28439	0.17679	25.8	null	null	13113	60
2026-05-27T16:17:20.604	WT901BLE68(F3:F0:16:BF:DC:AE)	0.192	1.003	-0.023	-10.071	41.199	2.319	93.38	-8.51	-33.83	-30.467	25.320	-71.593	-0.63644	-0.69476	0.28439	0.17679	25.8	null	null	13113	60
2026-05-27T16:17:20.726	WT901BLE68(F3:F0:16:BF:DC:AE)	0.094	0.970	-0.051	6.287	27.222	-0.671	92.30	-8.74	-29.44	-30.467	25.320	-71.593	-0.63644	-0.69476	0.28439	0.17679	25.8	null	null	13113	60
2026-05-27T16:17:20.816	WT901BLE68(F3:F0:16:BF:DC:AE)	0.250	1.015	0.067	-7.141	43.396	-0.854	91.92	-8.83	-27.43	-30.467	25.320	-71.593	-0.63644	-0.69476	0.28439	0.17679	25.8	null	null	13113	60
2026-05-27T16:17:20.940	WT901BLE68(F3:F0:16:BF:DC:AE)	0.125	0.993	-0.015	-11.780	41.992	-11.658	90.22	-8.43	-23.05	-30.467	25.320	-71.593	-0.63644	-0.69476	0.28439	0.17679	25.8	null	null	13113	60
2026-05-27T16:17:21.025	WT901BLE68(F3:F0:16:BF:DC:AE)	0.177	0.975	0.046	-5.188	20.935	-6.287	88.89	-7.51	-19.95	-30.467	25.320	-71.593	-0.63644	-0.69476	0.28439	0.17679	25.8	null	null	13113	60
2026-05-27T16:17:21.147	WT901BLE68(F3:F0:16:BF:DC:AE)	0.114	1.015	0.045	-5.920	23.621	-8.545	88.31	-7.05	-17.58	-19.560	32.060	-63.687	-0.63644	-0.69476	0.28439	0.17679	25.8	null	null	13113	60
2026-05-27T16:17:21.233	WT901BLE68(F3:F0:16:BF:DC:AE)	0.083	0.973	0.073	-0.244	13.428	-6.958	87.66	-6.23	-15.46	-19.560	32.060	-63.687	-0.63644	-0.69476	0.28439	0.17679	25.8	null	null	13113	60
2026-05-27T16:17:21.355	WT901BLE68(F3:F0:16:BF:DC:AE)	0.109	1.014	0.073	3.723	-4.150	-2.625	87.76	-5.79	-15.25	-19.560	32.060	-63.687	-0.71909	-0.68033	0.12836	0.05902	25.8	null	null	13113	60
2026-05-27T16:17:21.412	WT901BLE68(F3:F0:16:BF:DC:AE)	0.117	0.993	0.085	-0.427	2.258	-9.399	87.86	-5.37	-15.51	-19.560	32.060	-63.687	-0.71909	-0.68033	0.12836	0.05902	25.8	null	null	13113	60
2026-05-27T16:17:21.536	WT901BLE68(F3:F0:16:BF:DC:AE)	0.083	0.984	0.032	11.292	13.489	-5.798	87.99	-4.54	-14.61	-19.560	32.060	-63.687	-0.71909	-0.68033	0.12836	0.05902	25.8	null	null	13113	60
2026-05-27T16:17:21.623	WT901BLE68(F3:F0:16:BF:DC:AE)	0.001	1.026	0.054	12.878	-16.541	-5.005	88.94	-4.09	-14.76	-19.560	32.060	-63.687	-0.71909	-0.68033	0.12836	0.05902	25.8	null	null	13113	60
2026-05-27T16:17:21.746	WT901BLE68(F3:F0:16:BF:DC:AE)	0.099	0.982	0.029	16.907	-21.362	-4.211	90.25	-3.46	-17.27	-19.560	32.060	-63.687	-0.71909	-0.68033	0.12836	0.05902	25.8	null	null	13113	60
2026-05-27T16:17:21.833	WT901BLE68(F3:F0:16:BF:DC:AE)	0.071	1.013	-0.001	18.616	-12.817	-5.005	92.16	-3.09	-18.80	-19.560	32.060	-63.687	-0.71909	-0.68033	0.12836	0.05902	25.8	null	null	13113	60
2026-05-27T16:17:21.957	WT901BLE68(F3:F0:16:BF:DC:AE)	0.020	0.977	-0.093	19.043	-2.319	-4.639	93.97	-2.61	-19.13	-19.560	32.060	-63.687	-0.71909	-0.68033	0.12836	0.05902	25.8	null	null	13113	60
2026-05-27T16:17:22.012	WT901BLE68(F3:F0:16:BF:DC:AE)	-0.008	0.991	-0.146	18.372	-16.785	1.099	95.78	-2.31	-19.86	-23.940	28.720	-70.453	-0.71909	-0.68033	0.12836	0.05902	25.8	null	null	13113	60
2026-05-27T16:17:22.135	WT901BLE68(F3:F0:16:BF:DC:AE)	0.037	0.998	-0.160	10.376	-14.038	-2.686	97.19	-1.91	-21.79	-23.940	28.720	-70.453	-0.71909	-0.68033	0.12836	0.05902	25.8	null	null	13113	60
2026-05-27T16:17:22.222	WT901BLE68(F3:F0:16:BF:DC:AE)	0.021	0.976	-0.206	6.470	15.259	-4.028	97.81	-1.48	-21.57	-23.940	28.720	-70.453	-0.64941	-0.73578	0.15378	0.11472	25.8	null	null	13113	60
2026-05-27T16:17:22.347	WT901BLE68(F3:F0:16:BF:DC:AE)	-0.054	0.988	-0.207	5.981	-20.020	6.714	98.59	-1.48	-21.62	-23.940	28.720	-70.453	-0.64941	-0.73578	0.15378	0.11472	25.8	null	null	13113	60
2026-05-27T16:17:22.438	WT901BLE68(F3:F0:16:BF:DC:AE)	-0.079	1.000	-0.174	1.953	-17.700	11.719	99.14	-1.81	-23.99	-23.940	28.720	-70.453	-0.64941	-0.73578	0.15378	0.11472	25.8	null	null	13113	60
2026-05-27T16:17:22.555	WT901BLE68(F3:F0:16:BF:DC:AE)	-0.006	0.982	-0.125	-16.296	-36.499	1.953	98.50	-1.94	-26.81	-23.940	28.720	-70.453	-0.64941	-0.73578	0.15378	0.11472	25.8	null	null	13113	60
2026-05-27T16:17:22.647	WT901BLE68(F3:F0:16:BF:DC:AE)	-0.006	0.990	-0.202	-25.574	-23.071	1.953	96.77	-1.88	-29.07	-23.940	28.720	-70.453	-0.64941	-0.73578	0.15378	0.11472	25.8	null	null	13113	60
2026-05-27T16:17:22.766	WT901BLE68(F3:F0:16:BF:DC:AE)	-0.046	0.987	-0.186	-8.850	-22.888	19.104	95.72	-2.76	-30.49	-23.940	28.720	-70.453	-0.64941	-0.73578	0.15378	0.11472	25.8	null	null	13113	60
2026-05-27T16:17:22.823	WT901BLE68(F3:F0:16:BF:DC:AE)	0.051	1.003	-0.041	-23.926	-50.476	19.897	94.63	-4.07	-35.13	-32.807	30.147	-68.547	-0.64941	-0.73578	0.15378	0.11472	25.8	null	null	13113	60
2026-05-27T16:17:22.945	WT901BLE68(F3:F0:16:BF:DC:AE)	0.114	0.985	-0.159	-21.606	-27.649	9.460	92.42	-5.02	-38.84	-32.807	30.147	-68.547	-0.64941	-0.73578	0.15378	0.11472	25.8	null	null	13113	60
2026-05-27T16:17:23.034	WT901BLE68(F3:F0:16:BF:DC:AE)	0.339	1.030	-0.041	-1.953	-13.489	21.545	92.38	-6.23	-40.88	-32.807	30.147	-68.547	-0.64941	-0.73578	0.15378	0.11472	25.8	null	null	13113	60
2026-05-27T16:17:23.154	WT901BLE68(F3:F0:16:BF:DC:AE)	0.217	1.002	0.023	-4.089	22.583	16.663	92.16	-8.54	-40.36	-32.807	30.147	-68.547	-0.66202	-0.66006	0.29160	0.20230	25.8	null	null	13113	60
2026-05-27T16:17:23.245	WT901BLE68(F3:F0:16:BF:DC:AE)	0.209	0.997	-0.013	0.854	28.748	3.052	91.24	-9.63	-37.56	-32.807	30.147	-68.547	-0.66202	-0.66006	0.29160	0.20230	25.8	null	null	13113	60
2026-05-27T16:17:23.366	WT901BLE68(F3:F0:16:BF:DC:AE)	0.240	0.981	0.027	-2.258	18.188	1.465	90.85	-10.06	-34.85	-32.807	30.147	-68.547	-0.66202	-0.66006	0.29160	0.20230	25.8	null	null	13113	60
2026-05-27T16:17:23.426	WT901BLE68(F3:F0:16:BF:DC:AE)	0.195	0.986	0.059	-1.770	39.429	-2.930	90.10	-10.19	-31.44	-32.807	30.147	-68.547	-0.66202	-0.66006	0.29160	0.20230	25.8	null	null	13113	60
2026-05-27T16:17:23.543	WT901BLE68(F3:F0:16:BF:DC:AE)	0.162	1.014	0.032	-4.456	32.898	-6.409	88.92	-9.77	-27.38	-32.807	30.147	-68.547	-0.66202	-0.66006	0.29160	0.20230	25.8	null	null	13113	60
2026-05-27T16:17:23.635	WT901BLE68(F3:F0:16:BF:DC:AE)	0.210	0.958	0.030	-0.244	39.734	-7.568	88.06	-8.99	-24.24	-32.807	30.147	-68.547	-0.66202	-0.66006	0.29160	0.20230	25.8	null	null	13113	60
2026-05-27T16:17:23.757	WT901BLE68(F3:F0:16:BF:DC:AE)	0.130	1.002	0.085	3.601	35.828	-8.179	87.69	-8.18	-20.17	-32.807	30.147	-68.547	-0.66202	-0.66006	0.29160	0.20230	25.8	null	null	13113	60
2026-05-27T16:17:23.844	WT901BLE68(F3:F0:16:BF:DC:AE)	0.138	1.043	0.088	0.000	16.418	-16.296	87.38	-6.77	-17.96	-21.053	33.420	-62.693	-0.66202	-0.66006	0.29160	0.20230	25.8	null	null	13113	60
2026-05-27T16:17:23.967	WT901BLE68(F3:F0:16:BF:DC:AE)	0.130	1.002	0.025	6.653	12.573	-9.827	87.39	-5.55	-16.79	-21.053	33.420	-62.693	-0.66202	-0.66006	0.29160	0.20230	25.8	null	null	13113	60
2026-05-27T16:17:24.020	WT901BLE68(F3:F0:16:BF:DC:AE)	0.101	1.010	0.052	12.756	19.836	-7.874	88.25	-4.73	-15.71	-21.053	33.420	-62.693	-0.71710	-0.68085	0.13013	0.07187	25.8	null	null	13113	60
2026-05-27T16:17:24.178	WT901BLE68(F3:F0:16:BF:DC:AE)	-0.021	1.019	0.043	22.644	16.724	-5.920	89.85	-4.06	-13.55	-21.053	33.420	-62.693	-0.71710	-0.68085	0.13013	0.07187	25.8	null	null	13113	60
2026-05-27T16:17:24.233	WT901BLE68(F3:F0:16:BF:DC:AE)	0.023	0.993	0.018	23.926	-9.583	-1.831	91.98	-3.59	-13.92	-21.053	33.420	-62.693	-0.71710	-0.68085	0.13013	0.07187	25.8	null	null	13113	60
2026-05-27T16:17:24.356	WT901BLE68(F3:F0:16:BF:DC:AE)	0.036	1.003	-0.059	25.330	4.639	0.732	94.39	-3.50	-14.09	-21.053	33.420	-62.693	-0.71710	-0.68085	0.13013	0.07187	25.8	null	null	13113	60
2026-05-27T16:17:24.443	WT901BLE68(F3:F0:16:BF:DC:AE)	0.045	0.967	-0.125	20.813	2.930	5.920	96.44	-3.61	-14.25	-21.053	33.420	-62.693	-0.71710	-0.68085	0.13013	0.07187	25.8	null	null	13113	60
2026-05-27T16:17:24.565	WT901BLE68(F3:F0:16:BF:DC:AE)	-0.043	1.018	-0.151	11.169	-17.456	4.456	97.63	-4.16	-14.99	-21.053	33.420	-62.693	-0.71710	-0.68085	0.13013	0.07187	25.8	null	null	13113	60
2026-05-27T16:17:24.657	WT901BLE68(F3:F0:16:BF:DC:AE)	0.026	0.982	-0.179	9.888	-15.381	1.099	98.61	-3.78	-17.06	-21.053	33.420	-62.693	-0.71710	-0.68085	0.13013	0.07187	25.8	null	null	13113	60
2026-05-27T16:17:24.777	WT901BLE68(F3:F0:16:BF:DC:AE)	0.009	0.991	-0.221	6.042	-33.447	5.371	99.48	-3.63	-19.66	-22.280	25.540	-72.947	-0.71710	-0.68085	0.13013	0.07187	25.8	null	null	13113	60
2026-05-27T16:17:24.831	WT901BLE68(F3:F0:16:BF:DC:AE)	0.040	0.987	-0.210	3.540	-19.531	6.042	100.15	-3.56	-22.76	-22.280	25.540	-72.947	-0.63434	-0.74750	0.16849	0.10172	25.8	null	null	13113	60
2026-05-27T16:17:24.957	WT901BLE68(F3:F0:16:BF:DC:AE)	-0.004	0.965	-0.259	-0.183	-23.804	10.010	100.46	-3.83	-24.75	-22.280	25.540	-72.947	-0.63434	-0.74750	0.16849	0.10172	25.8	null	null	13113	60
2026-05-27T16:17:25.046	WT901BLE68(F3:F0:16:BF:DC:AE)	0.090	0.981	-0.208	-3.113	-28.564	12.390	100.74	-4.34	-28.22	-22.280	25.540	-72.947	-0.63434	-0.74750	0.16849	0.10172	25.8	null	null	13113	60
2026-05-27T16:17:25.167	WT901BLE68(F3:F0:16:BF:DC:AE)	0.096	0.987	-0.196	-6.165	-12.512	10.681	100.49	-5.05	-30.31	-22.280	25.540	-72.947	-0.63434	-0.74750	0.16849	0.10172	25.8	null	null	13113	60
2026-05-27T16:17:25.254	WT901BLE68(F3:F0:16:BF:DC:AE)	0.080	0.984	-0.182	-9.338	-7.263	10.254	99.84	-5.80	-31.54	-22.280	25.540	-72.947	-0.63434	-0.74750	0.16849	0.10172	25.8	null	null	13113	60
2026-05-27T16:17:25.375	WT901BLE68(F3:F0:16:BF:DC:AE)	0.104	0.982	-0.169	-10.986	-7.324	10.803	98.98	-6.65	-32.48	-22.280	25.540	-72.947	-0.63434	-0.74750	0.16849	0.10172	25.8	null	null	13113	60
2026-05-27T16:17:25.465	WT901BLE68(F3:F0:16:BF:DC:AE)	0.175	0.961	-0.156	-11.230	-2.563	10.742	98.03	-7.53	-33.40	-22.280	25.540	-72.947	-0.63434	-0.74750	0.16849	0.10172	25.8	null	null	13113	60
2026-05-27T16:17:25.586	WT901BLE68(F3:F0:16:BF:DC:AE)	0.146	0.974	-0.119	-13.916	-0.244	9.583	96.93	-8.59	-33.48	-22.280	25.540	-72.947	-0.63434	-0.74750	0.16849	0.10172	25.8	null	null	13113	60
2026-05-27T16:17:25.641	WT901BLE68(F3:F0:16:BF:DC:AE)	0.152	1.005	-0.033	-28.259	-6.592	4.639	95.00	-9.26	-33.67	-28.400	28.280	-69.060	-0.63434	-0.74750	0.16849	0.10172	25.8	null	null	13113	60
2026-05-27T16:17:25.766	WT901BLE68(F3:F0:16:BF:DC:AE)	0.243	1.010	-0.011	-29.236	9.277	-3.235	92.05	-9.34	-33.31	-28.400	28.280	-69.060	-0.63434	-0.74750	0.16849	0.10172	25.8	null	null	13113	60
2026-05-27T16:17:25.853	WT901BLE68(F3:F0:16:BF:DC:AE)	0.232	1.007	0.009	-24.780	25.208	-12.146	89.06	-8.78	-31.33	-28.400	28.280	-69.060	-0.68643	-0.66602	0.25479	0.14209	25.8	null	null	13113	60
2026-05-27T16:17:25.974	WT901BLE68(F3:F0:16:BF:DC:AE)	0.130	1.025	0.082	-22.095	7.629	-19.836	86.70	-7.35	-29.09	-28.400	28.280	-69.060	-0.68643	-0.66602	0.25479	0.14209	25.8	null	null	13113	60
2026-05-27T16:17:26.064	WT901BLE68(F3:F0:16:BF:DC:AE)	-0.061	0.907	-0.049	10.010	22.461	-22.339	85.67	-5.37	-26.63	-28.400	28.280	-69.060	-0.68643	-0.66602	0.25479	0.14209	25.8	null	null	13113	60
2026-05-27T16:17:26.187	WT901BLE68(F3:F0:16:BF:DC:AE)	0.459	0.963	0.236	-15.747	-52.185	-0.549	86.46	-4.15	-29.94	-28.400	28.280	-69.060	-0.68643	-0.66602	0.25479	0.14209	25.8	null	null	13113	60
2026-05-27T16:17:26.245	WT901BLE68(F3:F0:16:BF:DC:AE)	0.307	0.968	0.099	-0.244	42.847	4.150	85.59	-4.76	-29.82	-28.400	28.280	-69.060	-0.68643	-0.66602	0.25479	0.14209	25.8	null	null	13113	60
2026-05-27T16:17:26.365	WT901BLE68(F3:F0:16:BF:DC:AE)	-0.001	0.958	-0.012	4.700	33.203	23.071	85.08	-6.55	-24.60	-28.400	28.280	-69.060	-0.68643	-0.66602	0.25479	0.14209	25.8	null	null	13113	60
2026-05-27T16:17:26.455	WT901BLE68(F3:F0:16:BF:DC:AE)	0.078	0.938	-0.042	31.128	5.981	4.395	86.29	-7.51	-23.60	-28.400	28.280	-69.060	-0.68643	-0.66602	0.25479	0.14209	25.8	null	null	13113	60
2026-05-27T16:17:26.574	WT901BLE68(F3:F0:16:BF:DC:AE)	0.041	1.127	0.169	47.058	31.250	-3.418	90.18	-7.25	-21.07	-24.373	34.973	-61.547	-0.68643	-0.66602	0.25479	0.14209	25.8	null	null	13113	60
2026-05-27T16:17:26.667	WT901BLE68(F3:F0:16:BF:DC:AE)	-0.071	0.985	-0.030	26.550	-20.508	-0.671	92.89	-7.43	-20.04	-24.373	34.973	-61.547	-0.68643	-0.66602	0.25479	0.14209	25.8	null	null	13113	60
2026-05-27T16:17:26.786	WT901BLE68(F3:F0:16:BF:DC:AE)	0.099	0.997	-0.063	18.799	15.808	-3.601	94.74	-6.76	-20.99	-24.373	34.973	-61.547	-0.67975	-0.70807	0.17410	0.07858	25.8	null	null	13113	60
2026-05-27T16:17:26.875	WT901BLE68(F3:F0:16:BF:DC:AE)	0.142	0.960	-0.210	11.841	-9.216	-6.104	96.06	-6.14	-21.18	-24.373	34.973	-61.547	-0.67975	-0.70807	0.17410	0.07858	25.8	null	null	13113	60
2026-05-27T16:17:26.993	WT901BLE68(F3:F0:16:BF:DC:AE)	0.058	0.993	-0.118	13.184	-7.690	-4.211	97.55	-5.66	-21.57	-24.373	34.973	-61.547	-0.67975	-0.70807	0.17410	0.07858	25.8	null	null	13113	60
2026-05-27T16:17:27.055	WT901BLE68(F3:F0:16:BF:DC:AE)	0.064	0.951	-0.216	5.432	-5.798	-9.033	98.43	-4.70	-22.60	-24.373	34.973	-61.547	-0.67975	-0.70807	0.17410	0.07858	25.8	null	null	13113	60
2026-05-27T16:17:27.239	WT901BLE68(F3:F0:16:BF:DC:AE)	-0.041	0.979	-0.240	5.737	-19.470	-0.671	99.19	-3.96	-23.48	-24.373	34.973	-61.547	-0.67975	-0.70807	0.17410	0.07858	25.8	null	null	13113	60
2026-05-27T16:17:27.261	WT901BLE68(F3:F0:16:BF:DC:AE)	0.000	0.993	-0.185	-0.977	-35.889	2.991	99.78	-3.43	-26.43	-24.373	34.973	-61.547	-0.67975	-0.70807	0.17410	0.07858	25.8	null	null	13113	60
2026-05-27T16:17:27.385	WT901BLE68(F3:F0:16:BF:DC:AE)	0.010	0.993	-0.145	-2.991	-18.677	3.967	99.84	-3.10	-29.07	-24.373	34.973	-61.547	-0.67975	-0.70807	0.17410	0.07858	25.8	null	null	13113	60
2026-05-27T16:17:27.476	WT901BLE68(F3:F0:16:BF:DC:AE)	-0.030	0.995	-0.171	-3.296	-39.246	11.108	99.74	-3.19	-31.72	-33.173	24.853	-73.740	-0.67975	-0.70807	0.17410	0.07858	25.8	null	null	13113	60
2026-05-27T16:17:27.598	WT901BLE68(F3:F0:16:BF:DC:AE)	0.022	0.986	-0.210	-6.409	-37.537	12.634	99.62	-3.52	-36.00	-33.173	24.853	-73.740	-0.67975	-0.70807	0.17410	0.07858	25.8	null	null	13113	60
2026-05-27T16:17:27.652	WT901BLE68(F3:F0:16:BF:DC:AE)	0.089	0.979	-0.224	-9.888	-5.737	10.254	99.17	-4.21	-37.90	-33.173	24.853	-73.740	-0.62021	-0.71506	0.26532	0.18311	25.8	null	null	13113	60
2026-05-27T16:17:27.775	WT901BLE68(F3:F0:16:BF:DC:AE)	0.008	0.992	-0.175	-15.320	-9.338	13.184	98.18	-5.16	-38.05	-33.173	24.853	-73.740	-0.62021	-0.71506	0.26532	0.18311	25.8	null	null	13113	60
2026-05-27T16:17:27.863	WT901BLE68(F3:F0:16:BF:DC:AE)	0.081	1.002	-0.084	-18.311	-33.081	17.639	96.97	-6.19	-40.48	-33.173	24.853	-73.740	-0.62021	-0.71506	0.26532	0.18311	25.8	null	null	13113	60
2026-05-27T16:17:27.984	WT901BLE68(F3:F0:16:BF:DC:AE)	0.032	1.043	0.077	-30.151	-27.100	14.343	95.10	-7.33	-42.89	-33.173	24.853	-73.740	-0.62021	-0.71506	0.26532	0.18311	25.8	null	null	13113	60
2026-05-27T16:17:28.076	WT901BLE68(F3:F0:16:BF:DC:AE)	-0.063	1.096	0.187	-69.092	-55.176	-9.460	90.41	-7.25	-46.29	-33.173	24.853	-73.740	-0.62021	-0.71506	0.26532	0.18311	25.8	null	null	13113	60
2026-05-27T16:17:28.197	WT901BLE68(F3:F0:16:BF:DC:AE)	0.007	1.059	-0.288	-21.545	-59.937	-32.837	85.12	-4.92	-50.83	-33.173	24.853	-73.740	-0.62021	-0.71506	0.26532	0.18311	25.8	null	null	13113	60
2026-05-27T16:17:28.282	WT901BLE68(F3:F0:16:BF:DC:AE)	-0.103	0.967	-0.280	4.089	-153.015	-37.964	85.36	-1.66	-60.03	-48.973	34.740	-51.653	-0.62021	-0.71506	0.26532	0.18311	25.8	null	null	13113	60
2026-05-27T16:17:28.408	WT901BLE68(F3:F0:16:BF:DC:AE)	0.596	0.941	-0.025	0.305	-145.203	-29.297	86.22	0.74	-77.30	-48.973	34.740	-51.653	-0.62021	-0.71506	0.26532	0.18311	25.8	null	null	13113	60
2026-05-27T16:17:28.462	WT901BLE68(F3:F0:16:BF:DC:AE)	0.468	0.980	0.062	10.986	43.945	-24.902	87.03	1.93	-79.50	-48.973	34.740	-51.653	-0.54858	-0.53204	0.43469	0.47632	25.8	null	null	13113	60
2026-05-27T16:17:28.587	WT901BLE68(F3:F0:16:BF:DC:AE)	-0.026	1.096	0.141	-19.897	-6.897	3.235	87.83	0.50	-73.46	-48.973	34.740	-51.653	-0.54858	-0.53204	0.43469	0.47632	25.8	null	null	13113	60
2026-05-27T16:17:28.675	WT901BLE68(F3:F0:16:BF:DC:AE)	-0.028	1.019	0.014	-12.024	94.299	0.305	85.91	-1.11	-67.25	-48.973	34.740	-51.653	-0.54858	-0.53204	0.43469	0.47632	25.8	null	null	13113	60
2026-05-27T16:17:28.795	WT901BLE68(F3:F0:16:BF:DC:AE)	-0.016	1.014	0.071	-10.498	127.808	13.306	85.04	-0.85	-53.32	-48.973	34.740	-51.653	-0.54858	-0.53204	0.43469	0.47632	25.8	null	null	13113	60
2026-05-27T16:17:28.883	WT901BLE68(F3:F0:16:BF:DC:AE)	-0.040	0.983	-0.019	-10.559	83.496	30.212	83.63	-1.94	-42.24	-48.973	34.740	-51.653	-0.54858	-0.53204	0.43469	0.47632	25.8	null	null	13113	60
2026-05-27T16:17:29.007	WT901BLE68(F3:F0:16:BF:DC:AE)	0.159	0.932	-0.013	8.362	70.129	42.847	83.41	-4.75	-35.06	-48.973	34.740	-51.653	-0.54858	-0.53204	0.43469	0.47632	25.8	null	null	13113	60
2026-05-27T16:17:29.064	WT901BLE68(F3:F0:16:BF:DC:AE)	0.023	0.947	-0.221	47.180	79.224	14.282	85.81	-6.68	-26.27	-48.973	34.740	-51.653	-0.54858	-0.53204	0.43469	0.47632	25.8	null	null	13113	60
2026-05-27T16:17:29.185	WT901BLE68(F3:F0:16:BF:DC:AE)	-0.195	1.153	0.343	34.729	4.517	-22.461	91.22	-6.87	-24.48	-48.973	34.740	-51.653	-0.54858	-0.53204	0.43469	0.47632	25.8	null	null	13113	60
2026-05-27T16:17:29.274	WT901BLE68(F3:F0:16:BF:DC:AE)	0.129	1.005	-0.010	32.349	69.763	-20.081	95.09	-4.72	-17.93	-32.367	31.867	-65.373	-0.54858	-0.53204	0.43469	0.47632	25.8	null	null	13113	60
2026-05-27T16:17:29.397	WT901BLE68(F3:F0:16:BF:DC:AE)	0.005	0.966	-0.118	22.217	48.523	-6.958	97.05	-3.75	-12.05	-32.367	31.867	-65.373	-0.54858	-0.53204	0.43469	0.47632	25.8	null	null	13113	60
2026-05-27T16:17:29.484	WT901BLE68(F3:F0:16:BF:DC:AE)	-0.085	1.038	-0.158	1.953	-10.315	-19.104	97.58	-2.76	-9.52	-32.367	31.867	-65.373	-0.65857	-0.74652	0.08792	0.03427	25.8	null	null	13113	60
2026-05-27T16:17:29.605	WT901BLE68(F3:F0:16:BF:DC:AE)	-0.083	0.994	-0.241	5.005	13.916	-7.751	98.35	-1.65	-7.88	-32.367	31.867	-65.373	-0.65857	-0.74652	0.08792	0.03427	25.8	null	null	13113	60
2026-05-27T16:17:29.697	WT901BLE68(F3:F0:16:BF:DC:AE)	0.024	0.975	-0.244	-1.343	0.183	-5.920	98.47	-0.71	-7.50	-32.367	31.867	-65.373	-0.65857	-0.74652	0.08792	0.03427	25.8	null	null	13113	60
2026-05-27T16:17:29.816	WT901BLE68(F3:F0:16:BF:DC:AE)	-0.034	1.004	-0.120	-0.183	17.639	-7.019	98.51	-0.10	-6.55	-32.367	31.867	-65.373	-0.65857	-0.74652	0.08792	0.03427	25.8	null	null	13113	60
2026-05-27T16:17:29.873	WT901BLE68(F3:F0:16:BF:DC:AE)	-0.122	1.000	-0.157	-2.075	-13.245	0.732	98.42	0.29	-6.62	-32.367	31.867	-65.373	-0.65857	-0.74652	0.08792	0.03427	25.8	null	null	13113	60
2026-05-27T16:17:29.994	WT901BLE68(F3:F0:16:BF:DC:AE)	-0.075	0.997	-0.159	-4.028	-20.081	6.531	97.92	0.36	-8.68	-32.367	31.867	-65.373	-0.65857	-0.74652	0.08792	0.03427	25.8	null	null	13113	60
2026-05-27T16:17:30.085	WT901BLE68(F3:F0:16:BF:DC:AE)	-0.042	0.992	-0.140	-7.935	-21.973	10.132	97.17	0.01	-11.02	-32.367	31.867	-65.373	-0.65857	-0.74652	0.08792	0.03427	25.8	null	null	13113	60
2026-05-27T16:17:30.208	WT901BLE68(F3:F0:16:BF:DC:AE)	-0.015	0.502	-0.057	-8.606	-36.194	11.902	96.18	-0.55	-14.48	-26.033	26.653	-72.813	-0.65857	-0.74652	0.08792	0.03427	25.8	null	null	13113	60
2026-05-27T16:17:30.296	WT901BLE68(F3:F0:16:BF:DC:AE)	-0.031	1.079	-0.103	-28.137	-46.570	-1.221	94.39	-0.77	-18.06	-26.033	26.653	-72.813	-0.66882	-0.72858	0.11383	0.09363	25.8	null	null	13113	60
2026-05-27T16:17:30.418	WT901BLE68(F3:F0:16:BF:DC:AE)	-0.090	1.063	0.334	-75.073	-6.775	-35.156	90.15	0.86	-21.88	-26.033	26.653	-72.813	-0.66882	-0.72858	0.11383	0.09363	25.8	null	null	13113	60
2026-05-27T16:17:30.473	WT901BLE68(F3:F0:16:BF:DC:AE)	-0.141	0.970	-0.026	-37.537	-18.982	6.775	86.05	1.37	-20.98	-26.033	26.653	-72.813	-0.66882	-0.72858	0.11383	0.09363	25.8	null	null	13113	60
2026-05-27T16:17:30.593	WT901BLE68(F3:F0:16:BF:DC:AE)	-0.082	0.968	0.041	-28.015	-39.001	12.878	82.42	-0.38	-25.69	-26.033	26.653	-72.813	-0.66882	-0.72858	0.11383	0.09363	25.8	null	null	13113	60
2026-05-27T16:17:30.685	WT901BLE68(F3:F0:16:BF:DC:AE)	-0.173	1.000	0.130	-7.446	-65.613	1.831	81.40	-1.69	-30.32	-26.033	26.653	-72.813	-0.66882	-0.72858	0.11383	0.09363	25.8	null	null	13113	60
2026-05-27T16:17:30.807	WT901BLE68(F3:F0:16:BF:DC:AE)	0.012	1.025	-0.007	8.911	-122.498	-8.362	82.40	-2.09	-40.07	-26.033	26.653	-72.813	-0.66882	-0.72858	0.11383	0.09363	25.8	null	null	13113	60
2026-05-27T16:17:30.895	WT901BLE68(F3:F0:16:BF:DC:AE)	0.276	0.989	0.008	16.052	-118.103	3.113	84.39	-3.39	-52.34	-26.033	26.653	-72.813	-0.66882	-0.72858	0.11383	0.09363	25.8	null	null	13113	60
2026-05-27T16:17:31.017	WT901BLE68(F3:F0:16:BF:DC:AE)	0.322	1.007	-0.002	17.090	-87.830	-0.366	86.72	-4.51	-62.17	-26.033	26.653	-72.813	-0.66882	-0.72858	0.11383	0.09363	25.8	null	null	13113	60
2026-05-27T16:17:31.073	WT901BLE68(F3:F0:16:BF:DC:AE)	0.394	1.027	0.112	5.066	-15.747	6.165	88.43	-5.91	-66.14	-54.280	34.067	-47.613	-0.66882	-0.72858	0.11383	0.09363	25.8	null	null	13113	60
2026-05-27T16:17:31.228	WT901BLE68(F3:F0:16:BF:DC:AE)	0.220	1.015	-0.006	-7.019	72.266	-0.061	87.74	-6.71	-60.75	-54.280	34.067	-47.613	-0.66882	-0.72858	0.11383	0.09363	25.8	null	null	13113	60
2026-05-27T16:17:31.284	WT901BLE68(F3:F0:16:BF:DC:AE)	0.182	1.005	0.000	-5.920	76.233	4.211	86.25	-6.89	-52.54	-54.280	34.067	-47.613	-0.65997	-0.58582	0.35931	0.30338	25.8	null	null	13113	60
2026-05-27T16:17:31.408	WT901BLE68(F3:F0:16:BF:DC:AE)	0.263	1.022	0.000	-2.197	88.928	6.958	85.19	-7.25	-44.27	-54.280	34.067	-47.613	-0.65997	-0.58582	0.35931	0.30338	25.8	null	null	13113	60
2026-05-27T16:17:31.494	WT901BLE68(F3:F0:16:BF:DC:AE)	0.222	0.992	-0.049	1.587	125.183	4.089	83.96	-7.10	-33.79	-54.280	34.067	-47.613	-0.65997	-0.58582	0.35931	0.30338	25.8	null	null	13113	60
2026-05-27T16:17:31.619	WT901BLE68(F3:F0:16:BF:DC:AE)	-0.070	0.960	-0.063	35.583	136.780	12.634	84.31	-6.72	-20.67	-54.280	34.067	-47.613	-0.65997	-0.58582	0.35931	0.30338	25.8	null	null	13113	60
2026-05-27T16:17:31.705	WT901BLE68(F3:F0:16:BF:DC:AE)	0.041	0.974	0.033	43.823	-8.667	34.485	88.02	-7.15	-13.95	-54.280	34.067	-47.613	-0.65997	-0.58582	0.35931	0.30338	25.8	null	null	13113	60
2026-05-27T16:17:31.825	WT901BLE68(F3:F0:16:BF:DC:AE)	0.195	1.027	0.121	52.795	80.872	-19.714	92.77	-7.83	-13.01	-54.280	34.067	-47.613	-0.65997	-0.58582	0.35931	0.30338	25.8	null	null	13113	60
2026-05-27T16:17:31.881	WT901BLE68(F3:F0:16:BF:DC:AE)	-0.101	1.042	-0.006	-1.404	45.837	-26.489	92.80	-5.94	-4.76	-19.007	29.307	-66.427	-0.65997	-0.58582	0.35931	0.30338	25.8	null	null	13113	60
2026-05-27T16:17:32.009	WT901BLE68(F3:F0:16:BF:DC:AE)	-0.001	0.910	-0.078	11.353	47.485	-17.334	92.47	-3.25	-0.05	-19.007	29.307	-66.427	-0.65997	-0.58582	0.35931	0.30338	25.8	null	null	13113	60
2026-05-27T16:17:32.096	WT901BLE68(F3:F0:16:BF:DC:AE)	0.001	0.963	-0.121	25.208	1.160	2.869	94.47	-2.56	1.02	-19.007	29.307	-66.427	-0.65997	-0.58582	0.35931	0.30338	25.8	null	null	13113	60
2026-05-27T16:17:32.218	WT901BLE68(F3:F0:16:BF:DC:AE)	-0.054	1.034	-0.084	14.404	-19.226	4.150	96.78	-2.75	-0.73	-19.007	29.307	-66.427	-0.67532	-0.73709	0.00980	-0.02173	25.8	null	null	13113	60
2026-05-27T16:17:32.308	WT901BLE68(F3:F0:16:BF:DC:AE)	-0.019	0.988	-0.219	7.019	-28.748	3.174	97.76	-2.36	-4.19	-19.007	29.307	-66.427	-0.67532	-0.73709	0.00980	-0.02173	25.8	null	null	13113	60
2026-05-27T16:17:32.424	WT901BLE68(F3:F0:16:BF:DC:AE)	0.037	0.985	-0.187	4.211	9.949	-0.061	98.40	-2.05	-6.28	-19.007	29.307	-66.427	-0.67532	-0.73709	0.00980	-0.02173	25.8	null	null	13113	60
2026-05-27T16:17:32.516	WT901BLE68(F3:F0:16:BF:DC:AE)	0.008	0.993	-0.154	0.000	-10.986	8.301	98.70	-2.28	-6.68	-19.007	29.307	-66.427	-0.67532	-0.73709	0.00980	-0.02173	25.8	null	null	13113	60
2026-05-27T16:17:32.635	WT901BLE68(F3:F0:16:BF:DC:AE)	0.104	0.973	-0.094	-1.221	-7.446	5.981	98.75	-2.56	-9.04	-19.007	29.307	-66.427	-0.67532	-0.73709	0.00980	-0.02173	25.8	null	null	13113	60
2026-05-27T16:17:32.694	WT901BLE68(F3:F0:16:BF:DC:AE)	-0.090	1.016	-0.221	-4.150	-21.790	13.000	98.67	-3.35	-10.77	-19.007	29.307	-66.427	-0.67532	-0.73709	0.00980	-0.02173	25.8	null	null	13113	60
2026-05-27T16:17:32.816	WT901BLE68(F3:F0:16:BF:DC:AE)	0.076	0.982	-0.149	-11.230	-42.664	17.395	98.07	-4.12	-15.05	-19.007	29.307	-66.427	-0.67532	-0.73709	0.00980	-0.02173	25.8	null	null	13113	60
2026-05-27T16:17:32.903	WT901BLE68(F3:F0:16:BF:DC:AE)	0.062	1.012	-0.099	-19.409	-11.047	13.611	97.05	-5.26	-18.28	-21.053	25.980	-72.980	-0.67532	-0.73709	0.00980	-0.02173	25.8	null	null	13113	60
2026-05-27T16:17:33.026	WT901BLE68(F3:F0:16:BF:DC:AE)	0.072	1.000	-0.035	-35.645	-38.147	7.507	94.58	-5.80	-21.31	-21.053	25.980	-72.980	-0.67532	-0.73709	0.00980	-0.02173	25.8	null	null	13113	60
2026-05-27T16:17:33.113	WT901BLE68(F3:F0:16:BF:DC:AE)	0.066	1.002	0.036	-46.326	-31.860	3.296	90.90	-6.19	-24.89	-21.053	25.980	-72.980	-0.68045	-0.70282	0.18100	0.10080	25.8	null	null	13113	60
2026-05-27T16:17:33.235	WT901BLE68(F3:F0:16:BF:DC:AE)	0.137	0.991	-0.016	-37.415	-29.907	-5.920	86.47	-5.88	-27.13	-21.053	25.980	-72.980	-0.68045	-0.70282	0.18100	0.10080	25.8	null	null	13113	60
2026-05-27T16:17:33.294	WT901BLE68(F3:F0:16:BF:DC:AE)	0.121	0.960	0.015	-20.691	-54.871	-5.798	84.31	-5.50	-31.27	-21.053	25.980	-72.980	-0.68045	-0.70282	0.18100	0.10080	25.8	null	null	13113	60
2026-05-27T16:17:33.418	WT901BLE68(F3:F0:16:BF:DC:AE)	0.160	0.961	0.039	1.648	-36.255	-13.977	84.16	-5.19	-35.80	-21.053	25.980	-72.980	-0.68045	-0.70282	0.18100	0.10080	25.8	null	null	13113	60
2026-05-27T16:17:33.505	WT901BLE68(F3:F0:16:BF:DC:AE)	0.202	0.976	0.050	8.972	-44.312	-10.437	85.36	-4.50	-39.26	-21.053	25.980	-72.980	-0.68045	-0.70282	0.18100	0.10080	25.8	null	null	13113	60
2026-05-27T16:17:33.625	WT901BLE68(F3:F0:16:BF:DC:AE)	0.375	0.999	0.113	2.686	-21.545	4.211	86.35	-4.91	-43.08	-21.053	25.980	-72.980	-0.68045	-0.70282	0.18100	0.10080	25.8	null	null	13113	60
2026-05-27T16:17:33.714	WT901BLE68(F3:F0:16:BF:DC:AE)	0.298	0.999	0.088	-2.197	52.979	7.385	86.19	-6.17	-40.91	-38.333	35.713	-57.467	-0.68045	-0.70282	0.18100	0.10080	25.8	null	null	13113	60
2026-05-27T16:17:33.837	WT901BLE68(F3:F0:16:BF:DC:AE)	0.201	0.976	0.031	-1.038	85.144	5.371	85.07	-6.90	-33.82	-38.333	35.713	-57.467	-0.68045	-0.70282	0.18100	0.10080	25.8	null	null	13113	60
2026-05-27T16:17:33.926	WT901BLE68(F3:F0:16:BF:DC:AE)	0.037	1.043	0.021	11.475	117.065	3.662	84.55	-6.95	-23.82	-38.333	35.713	-57.467	-0.72864	-0.64401	0.19556	0.12646	25.8	null	null	13113	60
2026-05-27T16:17:34.047	WT901BLE68(F3:F0:16:BF:DC:AE)	0.119	0.985	0.135	6.226	37.781	5.310	84.23	-5.79	-17.28	-38.333	35.713	-57.467	-0.72864	-0.64401	0.19556	0.12646	25.8	null	null	13113	60
2026-05-27T16:17:34.106	WT901BLE68(F3:F0:16:BF:DC:AE)	0.072	0.967	0.114	13.184	17.273	-0.427	84.90	-5.65	-15.70	-38.333	35.713	-57.467	-0.72864	-0.64401	0.19556	0.12646	25.8	null	null	13113	60
2026-05-27T16:17:34.227	WT901BLE68(F3:F0:16:BF:DC:AE)	-0.053	0.993	0.093	19.409	50.232	-12.634	86.13	-4.69	-11.41	-38.333	35.713	-57.467	-0.72864	-0.64401	0.19556	0.12646	25.8	null	null	13113	60
2026-05-27T16:17:34.316	WT901BLE68(F3:F0:16:BF:DC:AE)	-0.081	0.994	-0.057	37.842	6.165	6.348	89.12	-4.46	-9.17	-38.333	35.713	-57.467	-0.72864	-0.64401	0.19556	0.12646	25.8	null	null	13113	60
2026-05-27T16:17:34.439	WT901BLE68(F3:F0:16:BF:DC:AE)	0.164	0.967	-0.026	36.682	0.000	7.874	92.87	-5.10	-9.74	-38.333	35.713	-57.467	-0.72864	-0.64401	0.19556	0.12646	25.8	null	null	13113	60
2026-05-27T16:17:34.524	WT901BLE68(F3:F0:16:BF:DC:AE)	-0.034	1.021	-0.052	27.161	15.625	6.897	95.56	-5.82	-8.10	-38.333	35.713	-57.467	-0.72864	-0.64401	0.19556	0.12646	25.8	null	null	13113	60
2026-05-27T16:17:34.646	WT901BLE68(F3:F0:16:BF:DC:AE)	0.023	1.012	-0.047	7.446	-14.343	-3.723	96.94	-5.49	-9.30	-38.333	35.713	-57.467	-0.72864	-0.64401	0.19556	0.12646	25.8	null	null	13113	60
2026-05-27T16:17:34.704	WT901BLE68(F3:F0:16:BF:DC:AE)	0.052	0.979	-0.197	9.827	-15.442	2.014	97.74	-5.08	-10.73	-15.387	26.027	-72.080	-0.72864	-0.64401	0.19556	0.12646	25.8	null	null	13113	60
2026-05-27T16:17:34.825	WT901BLE68(F3:F0:16:BF:DC:AE)	0.078	0.980	-0.166	7.507	-31.006	3.296	98.87	-4.84	-13.65	-15.387	26.027	-72.080	-0.72864	-0.64401	0.19556	0.12646	25.8	null	null	13113	60
2026-05-27T16:17:34.912	WT901BLE68(F3:F0:16:BF:DC:AE)	0.076	0.982	-0.221	3.784	-23.743	3.784	99.72	-4.73	-16.61	-15.387	26.027	-72.080	-0.64603	-0.75125	0.12445	0.05151	25.8	null	null	13113	60
2026-05-27T16:17:35.035	WT901BLE68(F3:F0:16:BF:DC:AE)	0.066	0.991	-0.196	1.953	-2.197	1.831	100.26	-4.74	-17.99	-15.387	26.027	-72.080	-0.64603	-0.75125	0.12445	0.05151	25.8	null	null	13113	60
2026-05-27T16:17:35.129	WT901BLE68(F3:F0:16:BF:DC:AE)	0.050	0.977	-0.213	-1.892	-10.498	4.456	100.37	-4.87	-18.87	-15.387	26.027	-72.080	-0.64603	-0.75125	0.12445	0.05151	25.8	null	null	13113	60
2026-05-27T16:17:35.247	WT901BLE68(F3:F0:16:BF:DC:AE)	0.097	0.977	-0.217	-3.540	-0.549	5.432	100.35	-5.17	-20.07	-15.387	26.027	-72.080	-0.64603	-0.75125	0.12445	0.05151	25.8	null	null	13113	60
2026-05-27T16:17:35.302	WT901BLE68(F3:F0:16:BF:DC:AE)	-0.001	0.985	-0.209	-7.568	-6.714	9.766	99.87	-5.72	-20.49	-15.387	26.027	-72.080	-0.64603	-0.75125	0.12445	0.05151	25.8	null	null	13113	60
2026-05-27T16:17:35.487	WT901BLE68(F3:F0:16:BF:DC:AE)	0.056	0.987	-0.151	-15.137	-25.269	13.184	98.99	-6.32	-22.87	-15.387	26.027	-72.080	-0.64603	-0.75125	0.12445	0.05151	25.8	null	null	13113	60
2026-05-27T16:17:35.514	WT901BLE68(F3:F0:16:BF:DC:AE)	0.126	0.986	-0.128	-17.151	-18.005	10.986	97.72	-7.03	-25.29	-22.187	26.173	-72.053	-0.64603	-0.75125	0.12445	0.05151	25.8	null	null	13113	60
2026-05-27T16:17:35.633	WT901BLE68(F3:F0:16:BF:DC:AE)	0.146	1.013	-0.061	-24.963	-17.273	8.911	95.94	-7.74	-27.60	-22.187	26.173	-72.053	-0.64603	-0.75125	0.12445	0.05151	25.8	null	null	13113	60
2026-05-27T16:17:35.721	WT901BLE68(F3:F0:16:BF:DC:AE)	0.136	1.012	0.049	-40.955	-2.991	-1.099	92.60	-7.89	-28.71	-22.187	26.173	-72.053	-0.67178	-0.69525	0.22586	0.11911	25.8	null	null	13113	60
2026-05-27T16:17:35.846	WT901BLE68(F3:F0:16:BF:DC:AE)	0.032	1.004	0.017	-39.673	-9.583	-9.705	88.54	-7.42	-28.19	-22.187	26.173	-72.053	-0.67178	-0.69525	0.22586	0.11911	25.8	null	null	13113	60
2026-05-27T16:17:35.936	WT901BLE68(F3:F0:16:BF:DC:AE)	0.207	0.970	-0.022	-18.127	-51.331	-6.592	86.47	-6.69	-31.42	-22.187	26.173	-72.053	-0.67178	-0.69525	0.22586	0.11911	25.8	null	null	13113	60
2026-05-27T16:17:36.056	WT901BLE68(F3:F0:16:BF:DC:AE)	0.330	0.941	0.034	-6.104	-23.621	-11.536	86.26	-6.16	-35.17	-22.187	26.173	-72.053	-0.67178	-0.69525	0.22586	0.11911	25.8	null	null	13113	60
2026-05-27T16:17:36.116	WT901BLE68(F3:F0:16:BF:DC:AE)	0.363	0.975	0.065	-1.160	45.654	-1.587	85.94	-5.97	-33.18	-22.187	26.173	-72.053	-0.67178	-0.69525	0.22586	0.11911	25.8	null	null	13113	60
2026-05-27T16:17:36.236	WT901BLE68(F3:F0:16:BF:DC:AE)	0.104	1.024	0.096	0.854	75.928	4.578	85.32	-6.53	-25.97	-22.187	26.173	-72.053	-0.67178	-0.69525	0.22586	0.11911	25.8	null	null	13113	60
2026-05-27T16:17:36.323	WT901BLE68(F3:F0:16:BF:DC:AE)	0.135	0.999	0.080	1.099	57.007	5.981	84.64	-6.61	-20.47	-22.187	26.173	-72.053	-0.67178	-0.69525	0.22586	0.11911	25.8	null	null	13113	60
2026-05-27T16:17:36.444	WT901BLE68(F3:F0:16:BF:DC:AE)	0.037	0.963	0.115	7.690	34.302	-4.456	84.72	-6.22	-16.52	-22.187	26.173	-72.053	-0.67178	-0.69525	0.22586	0.11911	25.8	null	null	13113	60
2026-05-27T16:17:36.532	WT901BLE68(F3:F0:16:BF:DC:AE)	0.036	0.999	0.121	10.132	-8.972	-3.479	85.57	-5.63	-15.13	-22.187	26.173	-72.053	-0.67178	-0.69525	0.22586	0.11911	25.8	null	null	13113	60
2026-05-27T16:17:36.658	WT901BLE68(F3:F0:16:BF:DC:AE)	0.095	0.954	0.091	16.785	35.156	-10.681	86.52	-4.87	-14.83	-22.187	26.173	-72.053	-0.67178	-0.69525	0.22586	0.11911	25.8	null	null	13113	60
2026-05-27T16:17:36.710	WT901BLE68(F3:F0:16:BF:DC:AE)	-0.138	1.042	0.074	22.888	7.629	-9.521	88.21	-3.37	-11.34	-22.187	26.173	-72.053	-0.67178	-0.69525	0.22586	0.11911	25.8	null	null	13113	60
2026-05-27T16:17:36.867	WT901BLE68(F3:F0:16:BF:DC:AE)	0.037	1.011	0.049	18.494	-12.451	-3.967	90.13	-2.43	-12.69	-22.187	26.173	-72.053	-0.67178	-0.69525	0.22586	0.11911	25.8	null	null	13113	60
2026-05-27T16:17:36.923	WT901BLE68(F3:F0:16:BF:DC:AE)	-0.075	0.981	-0.016	3.479	-12.390	-14.526	91.13	-1.49	-13.90	-18.887	31.587	-65.573	-0.67178	-0.69525	0.22586	0.11911	25.8	null	null	13113	60
2026-05-27T16:17:37.045	WT901BLE68(F3:F0:16:BF:DC:AE)	0.060	0.987	-0.124	8.667	-33.813	-3.418	91.49	-0.25	-16.56	-18.887	31.587	-65.573	-0.67178	-0.69525	0.22586	0.11911	25.8	null	null	13113	60
2026-05-27T16:17:37.133	WT901BLE68(F3:F0:16:BF:DC:AE)	0.013	0.991	-0.114	20.020	-12.451	5.005	93.05	-0.25	-18.61	-18.887	31.587	-65.573	-0.68372	-0.71240	0.11469	0.10840	25.8	null	null	13113	60
2026-05-27T16:17:37.259	WT901BLE68(F3:F0:16:BF:DC:AE)	-0.055	0.998	-0.119	19.409	-11.047	7.568	95.14	-0.84	-20.03	-18.887	31.587	-65.573	-0.68372	-0.71240	0.11469	0.10840	25.8	null	null	13113	60
2026-05-27T16:17:37.344	WT901BLE68(F3:F0:16:BF:DC:AE)	-0.022	1.008	-0.129	15.991	-21.362	16.418	97.12	-1.71	-21.43	-18.887	31.587	-65.573	-0.68372	-0.71240	0.11469	0.10840	25.8	null	null	13113	60
2026-05-27T16:17:37.467	WT901BLE68(F3:F0:16:BF:DC:AE)	0.012	0.992	-0.116	-4.944	-39.917	-0.854	97.74	-1.93	-24.71	-18.887	31.587	-65.573	-0.68372	-0.71240	0.11469	0.10840	25.8	null	null	13113	60
2026-05-27T16:17:37.522	WT901BLE68(F3:F0:16:BF:DC:AE)	-0.051	0.979	-0.232	-1.465	-10.010	3.662	97.44	-1.63	-26.23	-18.887	31.587	-65.573	-0.68372	-0.71240	0.11469	0.10840	25.8	null	null	13113	60
2026-05-27T16:17:37.643	WT901BLE68(F3:F0:16:BF:DC:AE)	0.006	0.994	-0.188	1.465	-45.898	17.578	97.74	-2.16	-29.27	-18.887	31.587	-65.573	-0.68372	-0.71240	0.11469	0.10840	25.8	null	null	13113	60
2026-05-27T16:17:37.734	WT901BLE68(F3:F0:16:BF:DC:AE)	0.091	1.006	-0.100	-7.446	-13.245	13.855	97.92	-3.30	-32.92	-18.887	31.587	-65.573	-0.68372	-0.71240	0.11469	0.10840	25.8	null	null	13113	60
