time	DeviceName	AccX(g)	AccY(g)	AccZ(g)	AsX(°/s)	AsY(°/s)	AsZ(°/s)	AngleX(°)	AngleY(°)	AngleZ(°)	HX(uT)	HY(uT)	HZ(uT)	Q0()	Q1()	Q2()	Q3()	Temperature(°C)	Height(m)	Pressure(kPa)	Version()	Battery level(%)
2026-05-27T17:01:06.880	WT901BLE68(F3:F0:16:BF:DC:AE)	0.041	0.997	-0.062	-0.244	7.935	-1.099	95.00	-0.77	-53.41	-54.680	23.607	-60.460	-0.60898	-0.66077	0.33124	0.28757	25.6	null	null	13113	75
2026-05-27T17:01:06.972	WT901BLE68(F3:F0:16:BF:DC:AE)	-0.003	0.989	-0.098	0.000	5.310	1.160	94.91	-0.84	-51.86	-54.680	23.607	-60.460	-0.60898	-0.66077	0.33124	0.28757	25.6	null	null	13113	75
2026-05-27T17:01:07.091	WT901BLE68(F3:F0:16:BF:DC:AE)	0.001	0.998	-0.094	3.967	9.644	0.793	95.10	-0.93	-51.09	-54.680	23.607	-60.460	-0.60898	-0.66077	0.33124	0.28757	25.6	null	null	13113	75
2026-05-27T17:01:07.181	WT901BLE68(F3:F0:16:BF:DC:AE)	-0.021	1.001	-0.087	3.784	5.310	1.709	95.43	-1.07	-50.17	-54.680	23.607	-60.460	-0.60898	-0.66077	0.33124	0.28757	25.6	null	null	13113	75
2026-05-27T17:01:07.299	WT901BLE68(F3:F0:16:BF:DC:AE)	-0.030	1.004	-0.083	3.784	2.441	4.700	95.80	-1.32	-49.65	-54.680	23.607	-60.460	-0.60898	-0.66077	0.33124	0.28757	25.6	null	null	13113	75
2026-05-27T17:01:07.390	WT901BLE68(F3:F0:16:BF:DC:AE)	0.008	0.994	-0.115	3.113	5.798	7.446	96.08	-1.85	-49.26	-54.680	23.607	-60.460	-0.60898	-0.66077	0.33124	0.28757	25.6	null	null	13113	75
2026-05-27T17:01:07.510	WT901BLE68(F3:F0:16:BF:DC:AE)	0.047	0.990	-0.117	3.113	14.038	8.118	96.28	-2.63	-48.45	-54.680	23.607	-60.460	-0.60898	-0.66077	0.33124	0.28757	25.6	null	null	13113	60
2026-05-27T17:01:07.569	WT901BLE68(F3:F0:16:BF:DC:AE)	0.063	0.989	-0.125	3.784	20.386	10.498	96.54	-3.69	-46.49	-54.680	23.607	-60.460	-0.60898	-0.66077	0.33124	0.28757	25.6	null	null	13113	60
2026-05-27T17:01:07.693	WT901BLE68(F3:F0:16:BF:DC:AE)	0.094	0.993	-0.114	3.357	20.508	11.169	96.77	-4.87	-44.59	-54.680	23.607	-60.460	-0.60898	-0.66077	0.33124	0.28757	25.6	null	null	13113	60
2026-05-27T17:01:07.779	WT901BLE68(F3:F0:16:BF:DC:AE)	0.142	0.986	-0.116	1.404	26.428	11.597	96.77	-6.23	-42.37	-54.680	23.607	-60.460	-0.60898	-0.66077	0.33124	0.28757	25.4	null	null	13113	60
2026-05-27T17:01:07.904	WT901BLE68(F3:F0:16:BF:DC:AE)	0.169	1.037	-0.052	-29.297	29.846	17.334	95.58	-7.88	-39.53	-54.680	23.607	-60.460	-0.60898	-0.66077	0.33124	0.28757	25.4	null	null	13113	60
2026-05-27T17:01:07.991	WT901BLE68(F3:F0:16:BF:DC:AE)	0.217	0.917	-0.001	-13.733	22.461	16.907	91.79	-9.98	-38.38	-46.193	27.373	-62.147	-0.60898	-0.66077	0.33124	0.28757	25.4	null	null	13113	60
2026-05-27T17:01:08.108	WT901BLE68(F3:F0:16:BF:DC:AE)	0.156	0.988	-0.146	-5.249	15.564	12.024	90.35	-11.39	-35.94	-46.193	27.373	-62.147	-0.60898	-0.66077	0.33124	0.28757	25.4	null	null	13113	60
2026-05-27T17:01:08.170	WT901BLE68(F3:F0:16:BF:DC:AE)	0.228	0.983	-0.004	-1.526	-1.709	8.667	90.29	-12.26	-35.80	-46.193	27.373	-62.147	-0.69052	-0.64825	0.28580	0.14539	25.4	null	null	13113	60
2026-05-27T17:01:08.289	WT901BLE68(F3:F0:16:BF:DC:AE)	0.251	0.972	0.036	-3.357	13.489	8.667	90.03	-13.09	-35.47	-46.193	27.373	-62.147	-0.69052	-0.64825	0.28580	0.14539	25.4	null	null	13113	60
2026-05-27T17:01:08.381	WT901BLE68(F3:F0:16:BF:DC:AE)	0.256	0.982	0.109	-11.963	22.827	7.568	88.89	-13.93	-33.69	-46.193	27.373	-62.147	-0.69052	-0.64825	0.28580	0.14539	25.4	null	null	13113	60
2026-05-27T17:01:08.498	WT901BLE68(F3:F0:16:BF:DC:AE)	0.265	0.982	0.101	-9.277	24.231	8.118	86.56	-14.58	-31.87	-46.193	27.373	-62.147	-0.69052	-0.64825	0.28580	0.14539	25.4	null	null	13113	60
2026-05-27T17:01:08.589	WT901BLE68(F3:F0:16:BF:DC:AE)	0.312	0.974	0.085	-36.804	-39.246	5.554	84.56	-15.08	-32.81	-46.193	27.373	-62.147	-0.69052	-0.64825	0.28580	0.14539	25.4	null	null	13113	60
2026-05-27T17:01:08.709	WT901BLE68(F3:F0:16:BF:DC:AE)	0.199	0.987	0.089	-31.067	-3.906	-9.583	81.99	-15.10	-34.57	-46.193	27.373	-62.147	-0.69052	-0.64825	0.28580	0.14539	25.4	null	null	13113	60
2026-05-27T17:01:08.798	WT901BLE68(F3:F0:16:BF:DC:AE)	0.247	0.938	0.136	-28.076	-8.606	-16.357	79.56	-13.75	-35.79	-46.193	27.373	-62.147	-0.69052	-0.64825	0.28580	0.14539	25.4	null	null	13113	60
2026-05-27T17:01:08.922	WT901BLE68(F3:F0:16:BF:DC:AE)	0.402	0.821	0.157	-12.695	11.902	-2.930	77.40	-12.83	-36.63	-38.893	37.880	-51.160	-0.69052	-0.64825	0.28580	0.14539	25.4	null	null	13113	60
2026-05-27T17:01:08.978	WT901BLE68(F3:F0:16:BF:DC:AE)	0.169	0.951	0.166	5.249	-9.583	1.465	77.57	-12.62	-34.92	-38.893	37.880	-51.160	-0.69052	-0.64825	0.28580	0.14539	25.4	null	null	13113	60
2026-05-27T17:01:09.098	WT901BLE68(F3:F0:16:BF:DC:AE)	0.288	0.962	0.225	1.465	-40.649	4.028	78.84	-13.65	-38.21	-38.893	37.880	-51.160	-0.75565	-0.56851	0.27695	0.17032	25.4	null	null	13113	60
2026-05-27T17:01:09.189	WT901BLE68(F3:F0:16:BF:DC:AE)	0.299	0.940	0.228	6.226	3.052	3.723	79.60	-14.35	-39.69	-38.893	37.880	-51.160	-0.75565	-0.56851	0.27695	0.17032	25.4	null	null	13113	60
2026-05-27T17:01:09.309	WT901BLE68(F3:F0:16:BF:DC:AE)	0.216	0.975	0.162	5.493	1.526	2.869	80.01	-14.64	-38.85	-38.893	37.880	-51.160	-0.75565	-0.56851	0.27695	0.17032	25.4	null	null	13113	60
2026-05-27T17:01:09.399	WT901BLE68(F3:F0:16:BF:DC:AE)	0.251	0.951	0.107	10.681	2.686	-2.502	80.86	-14.61	-38.95	-38.893	37.880	-51.160	-0.75565	-0.56851	0.27695	0.17032	25.4	null	null	13113	60
2026-05-27T17:01:09.521	WT901BLE68(F3:F0:16:BF:DC:AE)	0.272	0.981	0.241	17.578	20.874	-5.859	82.03	-14.06	-38.28	-38.893	37.880	-51.160	-0.75565	-0.56851	0.27695	0.17032	25.4	null	null	13113	60
2026-05-27T17:01:09.578	WT901BLE68(F3:F0:16:BF:DC:AE)	0.275	0.945	0.195	1.648	12.573	-3.723	82.24	-13.47	-36.96	-38.893	37.880	-51.160	-0.75565	-0.56851	0.27695	0.17032	25.4	null	null	13113	60
2026-05-27T17:01:09.699	WT901BLE68(F3:F0:16:BF:DC:AE)	0.215	0.969	0.134	5.554	26.978	-3.113	82.02	-12.90	-34.91	-38.893	37.880	-51.160	-0.75565	-0.56851	0.27695	0.17032	25.4	null	null	13113	60
2026-05-27T17:01:09.791	WT901BLE68(F3:F0:16:BF:DC:AE)	0.193	0.990	0.140	-8.667	-4.822	-1.282	81.68	-12.61	-34.15	-38.920	35.547	-55.153	-0.75565	-0.56851	0.27695	0.17032	25.4	null	null	13113	60
2026-05-27T17:01:09.908	WT901BLE68(F3:F0:16:BF:DC:AE)	0.188	0.972	0.152	0.183	-19.287	-4.639	81.74	-12.40	-35.32	-38.920	35.547	-55.153	-0.75565	-0.56851	0.27695	0.17032	25.4	null	null	13113	60
2026-05-27T17:01:10.000	WT901BLE68(F3:F0:16:BF:DC:AE)	0.243	0.971	0.159	4.456	-14.709	-6.714	82.42	-12.05	-37.38	-38.920	35.547	-55.153	-0.73282	-0.59491	0.28253	0.17062	25.4	null	null	13113	60
2026-05-27T17:01:10.119	WT901BLE68(F3:F0:16:BF:DC:AE)	0.187	0.985	0.049	11.292	-1.404	-5.920	83.38	-11.62	-37.81	-38.920	35.547	-55.153	-0.73282	-0.59491	0.28253	0.17062	25.4	null	null	13113	60
2026-05-27T17:01:10.209	WT901BLE68(F3:F0:16:BF:DC:AE)	0.166	0.988	0.076	13.123	-22.705	-10.193	84.99	-10.85	-39.31	-38.920	35.547	-55.153	-0.73282	-0.59491	0.28253	0.17062	25.4	null	null	13113	60
2026-05-27T17:01:10.327	WT901BLE68(F3:F0:16:BF:DC:AE)	0.205	0.975	0.051	14.771	-16.113	-10.071	86.63	-9.99	-41.53	-38.920	35.547	-55.153	-0.73282	-0.59491	0.28253	0.17062	25.4	null	null	13113	60
2026-05-27T17:01:10.391	WT901BLE68(F3:F0:16:BF:DC:AE)	0.148	0.990	0.007	18.921	-11.719	-11.902	88.54	-9.01	-42.51	-38.920	35.547	-55.153	-0.73282	-0.59491	0.28253	0.17062	25.4	null	null	13113	60
2026-05-27T17:01:10.507	WT901BLE68(F3:F0:16:BF:DC:AE)	0.169	0.998	0.058	13.611	-11.169	-14.587	90.21	-7.78	-44.14	-38.920	35.547	-55.153	-0.73282	-0.59491	0.28253	0.17062	25.4	null	null	13113	60
2026-05-27T17:01:10.599	WT901BLE68(F3:F0:16:BF:DC:AE)	0.109	1.008	0.000	9.827	-0.916	-12.451	91.42	-6.49	-44.31	-38.920	35.547	-55.153	-0.73282	-0.59491	0.28253	0.17062	25.4	null	null	13113	60
2026-05-27T17:01:10.719	WT901BLE68(F3:F0:16:BF:DC:AE)	0.065	1.004	-0.076	3.601	-22.278	-12.329	92.04	-5.29	-44.86	-51.280	28.060	-58.460	-0.73282	-0.59491	0.28253	0.17062	25.4	null	null	13113	60
2026-05-27T17:01:10.807	WT901BLE68(F3:F0:16:BF:DC:AE)	0.051	0.980	-0.122	11.780	-7.324	-12.268	92.85	-4.08	-46.02	-51.280	28.060	-58.460	-0.73282	-0.59491	0.28253	0.17062	25.4	null	null	13113	60
2026-05-27T17:01:10.928	WT901BLE68(F3:F0:16:BF:DC:AE)	-0.005	1.019	-0.041	10.132	-22.034	-9.094	94.29	-2.86	-47.15	-51.280	28.060	-58.460	-0.63535	-0.66278	0.30661	0.25089	25.4	null	null	13113	60
2026-05-27T17:01:10.987	WT901BLE68(F3:F0:16:BF:DC:AE)	-0.006	1.004	-0.029	1.648	-4.395	-6.348	94.64	-1.92	-48.59	-51.280	28.060	-58.460	-0.63535	-0.66278	0.30661	0.25089	25.4	null	null	13113	60
2026-05-27T17:01:11.108	WT901BLE68(F3:F0:16:BF:DC:AE)	-0.031	1.006	-0.082	0.488	-13.550	-2.441	94.67	-1.36	-48.92	-51.280	28.060	-58.460	-0.63535	-0.66278	0.30661	0.25089	25.4	null	null	13113	60
2026-05-27T17:01:11.199	WT901BLE68(F3:F0:16:BF:DC:AE)	-0.003	1.000	-0.081	0.916	-10.376	-1.038	94.69	-0.95	-50.22	-51.280	28.060	-58.460	-0.63535	-0.66278	0.30661	0.25089	25.4	null	null	13113	60
2026-05-27T17:01:11.318	WT901BLE68(F3:F0:16:BF:DC:AE)	-0.026	1.000	-0.095	1.221	-7.446	1.099	94.77	-0.79	-50.89	-51.280	28.060	-58.460	-0.63535	-0.66278	0.30661	0.25089	25.4	null	null	13113	60
2026-05-27T17:01:11.409	WT901BLE68(F3:F0:16:BF:DC:AE)	-0.001	0.993	-0.097	2.686	-2.808	2.686	94.97	-0.85	-51.26	-51.280	28.060	-58.460	-0.63535	-0.66278	0.30661	0.25089	25.4	null	null	13113	60
2026-05-27T17:01:11.527	WT901BLE68(F3:F0:16:BF:DC:AE)	0.013	0.991	-0.079	3.540	-2.014	5.066	95.31	-1.10	-51.28	-51.280	28.060	-58.460	-0.63535	-0.66278	0.30661	0.25089	25.4	null	null	13113	60
2026-05-27T17:01:11.587	WT901BLE68(F3:F0:16:BF:DC:AE)	0.016	0.996	-0.107	3.662	5.554	6.409	95.67	-1.61	-50.93	-59.933	23.767	-56.213	-0.63535	-0.66278	0.30661	0.25089	25.4	null	null	13113	60
2026-05-27T17:01:11.739	WT901BLE68(F3:F0:16:BF:DC:AE)	0.034	0.994	-0.106	4.089	9.033	7.751	96.01	-2.30	-50.16	-59.933	23.767	-56.213	-0.63535	-0.66278	0.30661	0.25089	25.4	null	null	13113	60
2026-05-27T17:01:11.799	WT901BLE68(F3:F0:16:BF:DC:AE)	0.065	0.989	-0.128	4.761	14.343	7.263	96.37	-3.12	-48.96	-59.933	23.767	-56.213	-0.61371	-0.66898	0.32639	0.26303	25.4	null	null	13113	60
2026-05-27T17:01:11.922	WT901BLE68(F3:F0:16:BF:DC:AE)	0.071	0.988	-0.129	4.822	13.306	7.141	96.77	-3.97	-47.48	-59.933	23.767	-56.213	-0.61371	-0.66898	0.32639	0.26303	25.4	null	null	13113	60
2026-05-27T17:01:12.013	WT901BLE68(F3:F0:16:BF:DC:AE)	0.099	0.989	-0.135	4.517	16.479	6.958	97.15	-4.81	-46.04	-59.933	23.767	-56.213	-0.61371	-0.66898	0.32639	0.26303	25.4	null	null	13113	60
2026-05-27T17:01:12.129	WT901BLE68(F3:F0:16:BF:DC:AE)	0.114	0.986	-0.135	3.235	17.151	5.981	97.40	-5.65	-44.37	-59.933	23.767	-56.213	-0.61371	-0.66898	0.32639	0.26303	25.4	null	null	13113	60
2026-05-27T17:01:12.221	WT901BLE68(F3:F0:16:BF:DC:AE)	0.106	0.981	-0.156	3.540	14.465	5.127	97.58	-6.39	-42.80	-59.933	23.767	-56.213	-0.61371	-0.66898	0.32639	0.26303	25.4	null	null	13113	60
2026-05-27T17:01:12.345	WT901BLE68(F3:F0:16:BF:DC:AE)	0.130	0.988	-0.155	1.587	6.287	4.639	97.81	-6.97	-41.93	-59.933	23.767	-56.213	-0.61371	-0.66898	0.32639	0.26303	25.4	null	null	13113	60
2026-05-27T17:01:12.400	WT901BLE68(F3:F0:16:BF:DC:AE)	0.153	0.983	-0.128	0.671	11.353	3.906	97.86	-7.50	-41.22	-59.933	23.767	-56.213	-0.61371	-0.66898	0.32639	0.26303	25.4	null	null	13113	60
2026-05-27T17:01:12.523	WT901BLE68(F3:F0:16:BF:DC:AE)	0.144	0.977	-0.142	0.916	9.949	2.563	97.77	-8.00	-40.15	-48.380	23.853	-63.867	-0.61371	-0.66898	0.32639	0.26303	25.4	null	null	13113	60
2026-05-27T17:01:12.613	WT901BLE68(F3:F0:16:BF:DC:AE)	0.139	0.987	-0.125	1.404	-2.869	3.296	97.87	-8.32	-39.88	-48.380	23.853	-63.867	-0.61371	-0.66898	0.32639	0.26303	25.4	null	null	13113	60
2026-05-27T17:01:12.729	WT901BLE68(F3:F0:16:BF:DC:AE)	0.191	0.972	-0.136	0.549	7.629	2.625	97.95	-8.66	-39.95	-48.380	23.853	-63.867	-0.63397	-0.69022	0.30331	0.17194	25.4	null	null	13113	60
2026-05-27T17:01:12.817	WT901BLE68(F3:F0:16:BF:DC:AE)	0.128	0.986	-0.174	1.831	5.920	0.305	98.01	-8.93	-38.90	-48.380	23.853	-63.867	-0.63397	-0.69022	0.30331	0.17194	25.4	null	null	13113	60
2026-05-27T17:01:12.942	WT901BLE68(F3:F0:16:BF:DC:AE)	0.188	0.972	-0.149	1.465	-1.770	0.000	98.19	-8.99	-39.20	-48.380	23.853	-63.867	-0.63397	-0.69022	0.30331	0.17194	25.4	null	null	13113	60
2026-05-27T17:01:13.029	WT901BLE68(F3:F0:16:BF:DC:AE)	0.162	0.979	-0.155	-0.427	0.916	-1.526	98.22	-8.93	-39.27	-48.380	23.853	-63.867	-0.63397	-0.69022	0.30331	0.17194	25.4	null	null	13113	60
2026-05-27T17:01:13.153	WT901BLE68(F3:F0:16:BF:DC:AE)	0.158	0.975	-0.143	-0.488	0.244	-1.587	98.20	-8.83	-39.23	-48.380	23.853	-63.867	-0.63397	-0.69022	0.30331	0.17194	25.4	null	null	13113	60
2026-05-27T17:01:13.209	WT901BLE68(F3:F0:16:BF:DC:AE)	0.157	0.981	-0.134	-0.916	0.916	-1.709	98.18	-8.68	-39.30	-48.380	23.853	-63.867	-0.63397	-0.69022	0.30331	0.17194	25.4	null	null	13113	60
2026-05-27T17:01:13.332	WT901BLE68(F3:F0:16:BF:DC:AE)	0.150	0.979	-0.146	-0.549	0.366	-1.831	98.11	-8.55	-39.25	-48.380	23.853	-63.867	-0.63397	-0.69022	0.30331	0.17194	25.4	null	null	13113	60
2026-05-27T17:01:13.417	WT901BLE68(F3:F0:16:BF:DC:AE)	0.208	0.971	-0.156	1.648	9.460	-1.404	98.07	-8.42	-39.16	-46.367	23.880	-64.200	-0.63397	-0.69022	0.30331	0.17194	25.4	null	null	13113	60
2026-05-27T17:01:13.541	WT901BLE68(F3:F0:16:BF:DC:AE)	0.139	0.984	-0.147	1.160	5.432	-2.930	98.21	-8.31	-37.96	-46.367	23.880	-64.200	-0.63397	-0.69022	0.30331	0.17194	25.4	null	null	13113	60
2026-05-27T17:01:13.631	WT901BLE68(F3:F0:16:BF:DC:AE)	0.151	0.986	-0.108	-3.723	-1.526	-1.953	98.03	-8.07	-38.16	-46.367	23.880	-64.200	-0.63513	-0.69760	0.28955	0.16129	25.4	null	null	13113	60
2026-05-27T17:01:13.752	WT901BLE68(F3:F0:16:BF:DC:AE)	0.137	0.976	-0.163	-3.540	4.639	-0.671	97.62	-7.98	-37.94	-46.367	23.880	-64.200	-0.63513	-0.69760	0.28955	0.16129	25.4	null	null	13113	60
2026-05-27T17:01:13.810	WT901BLE68(F3:F0:16:BF:DC:AE)	0.151	0.983	-0.123	-3.357	-5.188	-0.183	97.42	-7.86	-38.13	-46.367	23.880	-64.200	-0.63513	-0.69760	0.28955	0.16129	25.4	null	null	13113	60
2026-05-27T17:01:13.933	WT901BLE68(F3:F0:16:BF:DC:AE)	0.197	0.987	-0.086	-5.432	-4.578	1.526	97.10	-7.83	-38.40	-46.367	23.880	-64.200	-0.63513	-0.69760	0.28955	0.16129	25.4	null	null	13113	60
2026-05-27T17:01:14.021	WT901BLE68(F3:F0:16:BF:DC:AE)	0.118	0.989	-0.123	-2.991	5.249	0.000	96.77	-7.88	-37.42	-46.367	23.880	-64.200	-0.63513	-0.69760	0.28955	0.16129	25.4	null	null	13113	60
2026-05-27T17:01:14.143	WT901BLE68(F3:F0:16:BF:DC:AE)	0.146	0.981	-0.122	-1.099	-3.723	-0.122	96.63	-7.85	-37.60	-46.367	23.880	-64.200	-0.63513	-0.69760	0.28955	0.16129	25.4	null	null	13113	60
2026-05-27T17:01:14.231	WT901BLE68(F3:F0:16:BF:DC:AE)	0.125	0.988	-0.098	-0.671	0.610	0.000	96.55	-7.80	-37.69	-46.367	23.880	-64.200	-0.63513	-0.69760	0.28955	0.16129	25.4	null	null	13113	60
2026-05-27T17:01:14.349	WT901BLE68(F3:F0:16:BF:DC:AE)	0.120	0.985	-0.111	-0.549	-8.179	1.587	96.55	-7.81	-38.22	-46.100	24.787	-63.813	-0.63513	-0.69760	0.28955	0.16129	25.4	null	null	13113	60
2026-05-27T17:01:14.440	WT901BLE68(F3:F0:16:BF:DC:AE)	0.158	0.984	-0.119	-1.831	-3.296	1.160	96.44	-7.90	-39.06	-46.100	24.787	-63.813	-0.63513	-0.69760	0.28955	0.16129	25.4	null	null	13113	60
2026-05-27T17:01:14.562	WT901BLE68(F3:F0:16:BF:DC:AE)	0.134	0.985	-0.116	0.488	4.517	-2.441	96.36	-7.86	-38.89	-46.100	24.787	-63.813	-0.64377	-0.68533	0.29224	0.17419	25.4	null	null	13113	60
2026-05-27T17:01:14.619	WT901BLE68(F3:F0:16:BF:DC:AE)	0.131	0.982	-0.107	2.686	-0.732	-1.404	96.51	-7.67	-38.88	-46.100	24.787	-63.813	-0.64377	-0.68533	0.29224	0.17419	25.4	null	null	13113	60
2026-05-27T17:01:14.741	WT901BLE68(F3:F0:16:BF:DC:AE)	0.136	0.986	-0.120	3.723	-0.488	-1.953	96.87	-7.51	-38.92	-46.100	24.787	-63.813	-0.64377	-0.68533	0.29224	0.17419	25.4	null	null	13113	60
2026-05-27T17:01:14.829	WT901BLE68(F3:F0:16:BF:DC:AE)	0.130	0.994	-0.115	2.686	-4.272	-1.648	97.20	-7.29	-39.16	-46.100	24.787	-63.813	-0.64377	-0.68533	0.29224	0.17419	25.4	null	null	13113	60
2026-05-27T17:01:14.952	WT901BLE68(F3:F0:16:BF:DC:AE)	0.126	0.986	-0.140	2.441	1.953	-1.404	97.41	-7.17	-39.09	-46.100	24.787	-63.813	-0.64377	-0.68533	0.29224	0.17419	25.4	null	null	13113	60
2026-05-27T17:01:15.040	WT901BLE68(F3:F0:16:BF:DC:AE)	0.123	0.987	-0.141	1.648	-6.592	-0.549	97.64	-7.03	-39.40	-46.100	24.787	-63.813	-0.64377	-0.68533	0.29224	0.17419	25.4	null	null	13113	60
2026-05-27T17:01:15.160	WT901BLE68(F3:F0:16:BF:DC:AE)	0.125	0.986	-0.139	1.221	-2.075	-0.366	97.83	-6.92	-39.80	-46.100	24.787	-63.813	-0.64377	-0.68533	0.29224	0.17419	25.4	null	null	13113	60
2026-05-27T17:01:15.219	WT901BLE68(F3:F0:16:BF:DC:AE)	0.123	0.987	-0.139	1.099	-1.892	-0.549	98.00	-6.82	-40.00	-47.987	23.620	-64.687	-0.64377	-0.68533	0.29224	0.17419	25.4	null	null	13113	60
2026-05-27T17:01:15.340	WT901BLE68(F3:F0:16:BF:DC:AE)	0.129	0.988	-0.137	-0.122	-2.686	-1.404	98.05	-6.70	-40.32	-47.987	23.620	-64.687	-0.64377	-0.68533	0.29224	0.17419	25.4	null	null	13113	60
2026-05-27T17:01:15.432	WT901BLE68(F3:F0:16:BF:DC:AE)	0.109	0.984	-0.146	-0.366	-1.587	-1.343	98.00	-6.55	-40.44	-47.987	23.620	-64.687	-0.62967	-0.69406	0.29559	0.18515	25.4	null	null	13113	60
2026-05-27T17:01:15.549	WT901BLE68(F3:F0:16:BF:DC:AE)	0.111	0.985	-0.131	-0.671	-4.456	-1.099	98.00	-6.38	-40.76	-47.987	23.620	-64.687	-0.62967	-0.69406	0.29559	0.18515	25.4	null	null	13113	60
2026-05-27T17:01:15.640	WT901BLE68(F3:F0:16:BF:DC:AE)	0.125	0.984	-0.149	-0.305	0.854	-1.343	97.98	-6.25	-40.96	-47.987	23.620	-64.687	-0.62967	-0.69406	0.29559	0.18515	25.4	null	null	13113	60
2026-05-27T17:01:15.761	WT901BLE68(F3:F0:16:BF:DC:AE)	0.111	0.986	-0.143	-1.343	4.395	-2.991	97.84	-6.08	-40.61	-47.987	23.620	-64.687	-0.62967	-0.69406	0.29559	0.18515	25.4	null	null	13113	60
2026-05-27T17:01:15.849	WT901BLE68(F3:F0:16:BF:DC:AE)	0.095	0.989	-0.115	-1.465	1.282	-2.563	97.68	-5.87	-40.26	-47.987	23.620	-64.687	-0.62967	-0.69406	0.29559	0.18515	25.4	null	null	13113	60
2026-05-27T17:01:15.970	WT901BLE68(F3:F0:16:BF:DC:AE)	0.089	0.986	-0.129	-2.319	-6.775	-2.197	97.49	-5.60	-40.57	-47.987	23.620	-64.687	-0.62967	-0.69406	0.29559	0.18515	25.4	null	null	13113	60
2026-05-27T17:01:16.029	WT901BLE68(F3:F0:16:BF:DC:AE)	0.084	0.990	-0.145	-3.052	-9.033	-1.953	97.33	-5.26	-41.45	-47.987	23.620	-64.687	-0.62967	-0.69406	0.29559	0.18515	25.4	null	null	13113	60
2026-05-27T17:01:16.151	WT901BLE68(F3:F0:16:BF:DC:AE)	0.100	0.994	-0.129	-4.028	-16.296	-1.709	97.15	-4.92	-42.62	-50.233	23.527	-63.280	-0.62967	-0.69406	0.29559	0.18515	25.4	null	null	13113	60
2026-05-27T17:01:16.241	WT901BLE68(F3:F0:16:BF:DC:AE)	0.101	0.994	-0.106	-5.188	-12.695	-5.554	96.76	-4.45	-44.09	-50.233	23.527	-63.280	-0.62967	-0.69406	0.29559	0.18515	25.4	null	null	13113	60
2026-05-27T17:01:16.357	WT901BLE68(F3:F0:16:BF:DC:AE)	0.081	0.991	-0.110	-2.563	-8.179	-5.127	96.32	-3.96	-45.11	-50.233	23.527	-63.280	-0.62579	-0.68021	0.30585	0.22815	25.4	null	null	13113	60
2026-05-27T17:01:16.449	WT901BLE68(F3:F0:16:BF:DC:AE)	0.026	0.999	-0.102	-3.174	-9.644	-3.845	96.06	-3.42	-45.88	-50.233	23.527	-63.280	-0.62579	-0.68021	0.30585	0.22815	25.4	null	null	13113	60
2026-05-27T17:01:16.572	WT901BLE68(F3:F0:16:BF:DC:AE)	0.044	0.991	-0.096	-4.028	-5.981	-2.930	95.71	-2.96	-46.52	-50.233	23.527	-63.280	-0.62579	-0.68021	0.30585	0.22815	25.4	null	null	13113	60
2026-05-27T17:01:16.629	WT901BLE68(F3:F0:16:BF:DC:AE)	0.033	0.996	-0.092	-4.150	-14.160	-2.258	95.34	-2.59	-47.27	-50.233	23.527	-63.280	-0.62579	-0.68021	0.30585	0.22815	25.4	null	null	13113	60
2026-05-27T17:01:16.750	WT901BLE68(F3:F0:16:BF:DC:AE)	0.046	1.005	-0.087	-5.127	-3.601	-0.122	95.07	-2.30	-48.19	-50.233	23.527	-63.280	-0.62579	-0.68021	0.30585	0.22815	25.4	null	null	13113	60
2026-05-27T17:01:16.842	WT901BLE68(F3:F0:16:BF:DC:AE)	0.050	0.997	-0.064	-0.793	2.380	-0.122	94.81	-2.25	-48.27	-50.233	23.527	-63.280	-0.62579	-0.68021	0.30585	0.22815	25.4	null	null	13113	60
2026-05-27T17:01:16.960	WT901BLE68(F3:F0:16:BF:DC:AE)	0.020	1.001	-0.063	1.038	6.165	0.244	94.75	-2.29	-47.68	-50.233	23.527	-63.280	-0.62579	-0.68021	0.30585	0.22815	25.4	null	null	13113	60
2026-05-27T17:01:17.052	WT901BLE68(F3:F0:16:BF:DC:AE)	0.028	0.994	-0.083	2.441	4.028	1.099	94.82	-2.40	-47.02	-56.807	24.727	-58.067	-0.62579	-0.68021	0.30585	0.22815	25.4	null	null	13113	60
2026-05-27T17:01:17.169	WT901BLE68(F3:F0:16:BF:DC:AE)	0.024	1.000	-0.067	3.723	-2.319	2.563	95.14	-2.54	-46.74	-56.807	24.727	-58.067	-0.62579	-0.68021	0.30585	0.22815	25.4	null	null	13113	60
2026-05-27T17:01:17.229	WT901BLE68(F3:F0:16:BF:DC:AE)	0.041	0.999	-0.075	3.845	1.953	4.700	95.47	-2.81	-46.81	-56.807	24.727	-58.067	-0.62476	-0.67178	0.30789	0.25195	25.4	null	null	13113	60
2026-05-27T17:01:17.379	WT901BLE68(F3:F0:16:BF:DC:AE)	0.048	0.994	-0.117	4.395	5.737	5.798	95.79	-3.33	-46.31	-56.807	24.727	-58.067	-0.62476	-0.67178	0.30789	0.25195	25.4	null	null	13113	60
2026-05-27T17:01:17.439	WT901BLE68(F3:F0:16:BF:DC:AE)	0.069	0.995	-0.109	3.601	10.986	6.592	96.11	-3.98	-45.55	-56.807	24.727	-58.067	-0.62476	-0.67178	0.30789	0.25195	25.4	null	null	13113	60
2026-05-27T17:01:17.561	WT901BLE68(F3:F0:16:BF:DC:AE)	0.080	0.992	-0.114	4.089	17.700	7.629	96.39	-4.76	-44.07	-56.807	24.727	-58.067	-0.62476	-0.67178	0.30789	0.25195	25.4	null	null	13113	60
2026-05-27T17:01:17.651	WT901BLE68(F3:F0:16:BF:DC:AE)	0.116	0.993	-0.117	2.686	15.320	7.202	96.59	-5.65	-42.54	-56.807	24.727	-58.067	-0.62476	-0.67178	0.30789	0.25195	25.4	null	null	13113	60
2026-05-27T17:01:17.773	WT901BLE68(F3:F0:16:BF:DC:AE)	0.130	0.994	-0.113	1.099	23.560	6.897	96.54	-6.56	-40.77	-56.807	24.727	-58.067	-0.62476	-0.67178	0.30789	0.25195	25.4	null	null	13113	60
2026-05-27T17:01:17.860	WT901BLE68(F3:F0:16:BF:DC:AE)	0.111	0.979	-0.131	-0.732	12.817	5.737	96.31	-7.38	-38.95	-56.807	24.727	-58.067	-0.62476	-0.67178	0.30789	0.25195	25.4	null	null	13113	60
2026-05-27T17:01:17.979	WT901BLE68(F3:F0:16:BF:DC:AE)	0.152	0.983	-0.125	1.892	1.282	6.165	96.34	-7.99	-38.54	-46.680	24.593	-62.833	-0.62476	-0.67178	0.30789	0.25195	25.4	null	null	13113	60
2026-05-27T17:01:18.038	WT901BLE68(F3:F0:16:BF:DC:AE)	0.182	0.985	-0.107	-1.648	2.197	4.333	96.44	-8.51	-38.69	-46.680	24.593	-62.833	-0.62476	-0.67178	0.30789	0.25195	25.4	null	null	13113	60
2026-05-27T17:01:18.161	WT901BLE68(F3:F0:16:BF:DC:AE)	0.155	0.976	-0.118	-0.122	1.343	3.967	96.28	-8.93	-38.44	-46.680	24.593	-62.833	-0.64636	-0.68454	0.29309	0.16608	25.4	null	null	13113	60
2026-05-27T17:01:18.253	WT901BLE68(F3:F0:16:BF:DC:AE)	0.204	0.975	-0.111	2.075	7.690	2.014	96.38	-9.34	-38.36	-46.680	24.593	-62.833	-0.64636	-0.68454	0.29309	0.16608	25.4	null	null	13113	60
2026-05-27T17:01:18.404	WT901BLE68(F3:F0:16:BF:DC:AE)	0.179	0.975	-0.127	5.920	9.521	0.244	96.59	-9.65	-37.30	-46.680	24.593	-62.833	-0.64636	-0.68454	0.29309	0.16608	25.4	null	null	13113	60
2026-05-27T17:01:18.458	WT901BLE68(F3:F0:16:BF:DC:AE)	0.161	0.990	-0.122	8.484	10.132	-0.549	97.16	-9.83	-36.27	-46.680	24.593	-62.833	-0.64636	-0.68454	0.29309	0.16608	25.4	null	null	13113	60
2026-05-27T17:01:18.583	WT901BLE68(F3:F0:16:BF:DC:AE)	0.207	0.972	-0.105	4.883	2.441	-1.343	97.54	-9.83	-36.38	-46.680	24.593	-62.833	-0.64636	-0.68454	0.29309	0.16608	25.4	null	null	13113	60
2026-05-27T17:01:18.675	WT901BLE68(F3:F0:16:BF:DC:AE)	0.156	0.968	-0.100	2.075	-15.381	-0.671	97.83	-9.65	-36.84	-46.680	24.593	-62.833	-0.64636	-0.68454	0.29309	0.16608	25.4	null	null	13113	60
2026-05-27T17:01:18.793	WT901BLE68(F3:F0:16:BF:DC:AE)	0.172	0.975	-0.182	0.122	2.441	0.122	97.87	-9.66	-36.96	-46.680	24.593	-62.833	-0.64636	-0.68454	0.29309	0.16608	25.4	null	null	13113	60
2026-05-27T17:01:18.848	WT901BLE68(F3:F0:16:BF:DC:AE)	0.175	0.967	-0.178	-0.854	-0.305	-1.343	97.84	-9.56	-37.25	-43.567	23.827	-64.700	-0.64636	-0.68454	0.29309	0.16608	25.4	null	null	13113	60
2026-05-27T17:01:18.975	WT901BLE68(F3:F0:16:BF:DC:AE)	0.181	0.986	-0.075	0.244	-1.465	-2.197	97.95	-9.39	-37.36	-43.567	23.827	-64.700	-0.64636	-0.68454	0.29309	0.16608	25.4	null	null	13113	60
2026-05-27T17:01:19.060	WT901BLE68(F3:F0:16:BF:DC:AE)	0.177	0.977	-0.140	0.610	1.953	-1.709	97.90	-9.27	-37.33	-43.567	23.827	-64.700	-0.63937	-0.69501	0.29166	0.15167	25.4	null	null	13113	60
2026-05-27T17:01:19.181	WT901BLE68(F3:F0:16:BF:DC:AE)	0.173	0.975	-0.143	0.793	5.798	-3.845	97.87	-9.05	-37.04	-43.567	23.827	-64.700	-0.63937	-0.69501	0.29166	0.15167	25.4	null	null	13113	60
2026-05-27T17:01:19.274	WT901BLE68(F3:F0:16:BF:DC:AE)	0.144	0.977	-0.136	0.977	8.667	-3.906	97.82	-8.81	-36.24	-43.567	23.827	-64.700	-0.63937	-0.69501	0.29166	0.15167	25.4	null	null	13113	60
2026-05-27T17:01:19.392	WT901BLE68(F3:F0:16:BF:DC:AE)	0.127	0.984	-0.138	0.366	0.488	-2.502	97.81	-8.59	-35.82	-43.567	23.827	-64.700	-0.63937	-0.69501	0.29166	0.15167	25.4	null	null	13113	60
2026-05-27T17:01:19.451	WT901BLE68(F3:F0:16:BF:DC:AE)	0.133	0.982	-0.138	0.122	-6.836	-0.732	97.88	-8.36	-36.30	-43.567	23.827	-64.700	-0.63937	-0.69501	0.29166	0.15167	25.4	null	null	13113	60
2026-05-27T17:01:19.574	WT901BLE68(F3:F0:16:BF:DC:AE)	0.140	0.982	-0.146	0.061	-6.226	-0.122	98.00	-8.20	-37.07	-43.567	23.827	-64.700	-0.63937	-0.69501	0.29166	0.15167	25.4	null	null	13113	60
2026-05-27T17:01:19.672	WT901BLE68(F3:F0:16:BF:DC:AE)	0.146	0.982	-0.147	-0.610	-2.930	-0.732	98.04	-8.11	-37.55	-43.567	23.827	-64.700	-0.63937	-0.69501	0.29166	0.15167	25.4	null	null	13113	60
2026-05-27T17:01:19.780	WT901BLE68(F3:F0:16:BF:DC:AE)	0.119	0.988	-0.128	-1.160	-4.883	0.488	98.00	-8.03	-37.91	-44.993	23.693	-65.387	-0.63937	-0.69501	0.29166	0.15167	25.4	null	null	13113	60
2026-05-27T17:01:19.871	WT901BLE68(F3:F0:16:BF:DC:AE)	0.141	0.982	-0.139	-1.282	-5.127	2.136	97.95	-8.07	-38.59	-44.993	23.693	-65.387	-0.63937	-0.69501	0.29166	0.15167	25.4	null	null	13113	60
2026-05-27T17:01:19.991	WT901BLE68(F3:F0:16:BF:DC:AE)	0.144	0.984	-0.145	-2.686	-9.460	1.282	97.86	-8.10	-39.35	-44.993	23.693	-65.387	-0.63544	-0.69434	0.29343	0.16708	25.4	null	null	13113	60
2026-05-27T17:01:20.053	WT901BLE68(F3:F0:16:BF:DC:AE)	0.156	0.981	-0.129	-1.953	2.197	0.793	97.68	-8.16	-39.74	-44.993	23.693	-65.387	-0.63544	-0.69434	0.29343	0.16708	25.4	null	null	13113	60
2026-05-27T17:01:20.205	WT901BLE68(F3:F0:16:BF:DC:AE)	0.141	0.982	-0.131	-1.282	4.028	0.671	97.49	-8.30	-39.29	-44.993	23.693	-65.387	-0.63544	-0.69434	0.29343	0.16708	25.4	null	null	13113	60
2026-05-27T17:01:20.260	WT901BLE68(F3:F0:16:BF:DC:AE)	0.145	0.985	-0.119	-0.244	1.587	0.916	97.40	-8.40	-39.06	-44.993	23.693	-65.387	-0.63544	-0.69434	0.29343	0.16708	25.4	null	null	13113	60
2026-05-27T17:01:20.381	WT901BLE68(F3:F0:16:BF:DC:AE)	0.148	0.982	-0.124	0.488	0.305	1.282	97.39	-8.53	-39.00	-44.993	23.693	-65.387	-0.63544	-0.69434	0.29343	0.16708	25.4	null	null	13113	60
2026-05-27T17:01:20.473	WT901BLE68(F3:F0:16:BF:DC:AE)	0.148	0.984	-0.127	0.916	-3.296	1.465	97.48	-8.64	-39.17	-44.993	23.693	-65.387	-0.63544	-0.69434	0.29343	0.16708	25.4	null	null	13113	60
2026-05-27T17:01:20.590	WT901BLE68(F3:F0:16:BF:DC:AE)	0.160	0.982	-0.128	0.732	-3.113	1.648	97.60	-8.73	-39.59	-44.993	23.693	-65.387	-0.63544	-0.69434	0.29343	0.16708	25.4	null	null	13113	60
2026-05-27T17:01:20.712	WT901BLE68(F3:F0:16:BF:DC:AE)	0.154	0.979	-0.136	0.854	-4.456	1.587	97.73	-8.84	-39.94	-45.367	24.367	-64.413	-0.63544	-0.69434	0.29343	0.16708	25.4	null	null	13113	60
2026-05-27T17:01:20.805	WT901BLE68(F3:F0:16:BF:DC:AE)	0.153	0.979	-0.132	0.854	-4.211	1.587	97.89	-8.93	-40.38	-45.367	24.367	-64.413	-0.63544	-0.69434	0.29343	0.16708	25.4	null	null	13113	60
2026-05-27T17:01:20.862	WT901BLE68(F3:F0:16:BF:DC:AE)	0.160	0.979	-0.134	1.343	-4.333	1.831	98.06	-9.04	-40.79	-45.367	24.367	-64.413	-0.63400	-0.68768	0.30923	0.17151	25.4	null	null	13113	60
2026-05-27T17:01:20.985	WT901BLE68(F3:F0:16:BF:DC:AE)	0.159	0.980	-0.137	1.099	-7.263	2.380	98.27	-9.15	-41.33	-45.367	24.367	-64.413	-0.63400	-0.68768	0.30923	0.17151	25.4	null	null	13113	60
2026-05-27T17:01:21.071	WT901BLE68(F3:F0:16:BF:DC:AE)	0.167	0.978	-0.147	1.038	-7.996	2.441	98.49	-9.25	-42.13	-45.367	24.367	-64.413	-0.63400	-0.68768	0.30923	0.17151	25.4	null	null	13113	60
2026-05-27T17:01:21.193	WT901BLE68(F3:F0:16:BF:DC:AE)	0.165	0.977	-0.150	1.160	-7.874	2.319	98.72	-9.35	-42.85	-45.367	24.367	-64.413	-0.63400	-0.68768	0.30923	0.17151	25.4	null	null	13113	60
2026-05-27T17:01:21.283	WT901BLE68(F3:F0:16:BF:DC:AE)	0.171	0.978	-0.154	0.671	-9.033	2.258	98.95	-9.44	-43.66	-45.367	24.367	-64.413	-0.63400	-0.68768	0.30923	0.17151	25.4	null	null	13113	60
2026-05-27T17:01:21.404	WT901BLE68(F3:F0:16:BF:DC:AE)	0.176	0.975	-0.165	0.244	-4.883	1.648	99.10	-9.53	-44.30	-45.367	24.367	-64.413	-0.63400	-0.68768	0.30923	0.17151	25.4	null	null	13113	60
2026-05-27T17:01:21.463	WT901BLE68(F3:F0:16:BF:DC:AE)	0.173	0.973	-0.169	0.122	-1.648	0.549	99.18	-9.60	-44.45	-45.367	24.367	-64.413	-0.63400	-0.68768	0.30923	0.17151	25.4	null	null	13113	60
2026-05-27T17:01:21.614	WT901BLE68(F3:F0:16:BF:DC:AE)	0.173	0.976	-0.161	0.000	0.916	-0.244	99.23	-9.61	-44.36	-48.293	24.167	-62.840	-0.63400	-0.68768	0.30923	0.17151	25.4	null	null	13113	60
2026-05-27T17:01:21.670	WT901BLE68(F3:F0:16:BF:DC:AE)	0.171	0.975	-0.158	-0.183	2.930	-0.732	99.22	-9.61	-44.06	-48.293	24.167	-62.840	-0.63400	-0.68768	0.30923	0.17151	25.4	null	null	13113	60
2026-05-27T17:01:21.789	WT901BLE68(F3:F0:16:BF:DC:AE)	0.166	0.975	-0.160	-0.244	2.625	-0.916	99.17	-9.59	-43.63	-48.293	24.167	-62.840	-0.62296	-0.68369	0.33359	0.18195	25.4	null	null	13113	60
2026-05-27T17:01:21.884	WT901BLE68(F3:F0:16:BF:DC:AE)	0.165	0.975	-0.160	0.122	2.747	-1.221	99.11	-9.53	-43.26	-48.293	24.167	-62.840	-0.62296	-0.68369	0.33359	0.18195	25.4	null	null	13113	60
2026-05-27T17:01:22.003	WT901BLE68(F3:F0:16:BF:DC:AE)	0.163	0.974	-0.151	0.122	1.709	-1.343	99.10	-9.44	-42.96	-48.293	24.167	-62.840	-0.62296	-0.68369	0.33359	0.18195	25.4	null	null	13113	60
2026-05-27T17:01:22.091	WT901BLE68(F3:F0:16:BF:DC:AE)	0.163	0.975	-0.153	0.000	1.404	-0.854	99.06	-9.36	-42.71	-48.293	24.167	-62.840	-0.62296	-0.68369	0.33359	0.18195	25.4	null	null	13113	60
2026-05-27T17:01:22.213	WT901BLE68(F3:F0:16:BF:DC:AE)	0.164	0.976	-0.156	-0.061	0.366	-0.916	99.03	-9.29	-42.53	-48.293	24.167	-62.840	-0.62296	-0.68369	0.33359	0.18195	25.4	null	null	13113	60
2026-05-27T17:01:22.271	WT901BLE68(F3:F0:16:BF:DC:AE)	0.161	0.976	-0.158	-0.183	1.160	-1.038	99.00	-9.20	-42.40	-48.293	24.167	-62.840	-0.62296	-0.68369	0.33359	0.18195	25.4	null	null	13113	60
2026-05-27T17:01:22.392	WT901BLE68(F3:F0:16:BF:DC:AE)	0.160	0.977	-0.153	-0.244	0.793	-1.221	98.97	-9.10	-42.26	-48.293	24.167	-62.840	-0.62296	-0.68369	0.33359	0.18195	25.4	null	null	13113	60
2026-05-27T17:01:22.478	WT901BLE68(F3:F0:16:BF:DC:AE)	0.153	0.977	-0.153	0.610	3.845	-1.465	98.94	-9.03	-41.97	-47.727	23.400	-62.873	-0.62296	-0.68369	0.33359	0.18195	25.4	null	null	13113	60
2026-05-27T17:01:22.604	WT901BLE68(F3:F0:16:BF:DC:AE)	0.153	0.979	-0.151	0.549	1.953	-1.404	98.96	-8.94	-41.64	-47.727	23.400	-62.873	-0.62296	-0.68369	0.33359	0.18195	25.4	null	null	13113	60
2026-05-27T17:01:22.693	WT901BLE68(F3:F0:16:BF:DC:AE)	0.152	0.978	-0.155	1.099	1.709	-1.343	99.00	-8.83	-41.40	-47.727	23.400	-62.873	-0.62643	-0.69077	0.31595	0.17453	25.4	null	null	13113	60
2026-05-27T17:01:22.809	WT901BLE68(F3:F0:16:BF:DC:AE)	0.150	0.979	-0.155	1.282	1.709	-1.404	99.08	-8.73	-41.22	-47.727	23.400	-62.873	-0.62643	-0.69077	0.31595	0.17453	25.4	null	null	13113	60
2026-05-27T17:01:22.868	WT901BLE68(F3:F0:16:BF:DC:AE)	0.149	0.979	-0.156	0.671	1.404	-1.343	99.16	-8.62	-41.02	-47.727	23.400	-62.873	-0.62643	-0.69077	0.31595	0.17453	25.4	null	null	13113	60
2026-05-27T17:01:23.025	WT901BLE68(F3:F0:16:BF:DC:AE)	0.146	0.978	-0.160	0.916	3.357	-1.709	99.18	-8.53	-40.70	-47.727	23.400	-62.873	-0.62643	-0.69077	0.31595	0.17453	25.4	null	null	13113	60
2026-05-27T17:01:23.079	WT901BLE68(F3:F0:16:BF:DC:AE)	0.145	0.978	-0.164	1.343	2.319	-1.709	99.24	-8.41	-40.41	-47.727	23.400	-62.873	-0.62643	-0.69077	0.31595	0.17453	25.4	null	null	13113	60
2026-05-27T17:01:23.201	WT901BLE68(F3:F0:16:BF:DC:AE)	0.142	0.977	-0.158	2.380	1.343	-1.587	99.40	-8.27	-40.14	-47.727	23.400	-62.873	-0.62643	-0.69077	0.31595	0.17453	25.4	null	null	13113	60
2026-05-27T17:01:23.292	WT901BLE68(F3:F0:16:BF:DC:AE)	0.117	0.984	-0.150	1.221	-11.475	0.732	99.66	-8.12	-40.30	-47.727	23.400	-62.873	-0.62643	-0.69077	0.31595	0.17453	25.4	null	null	13113	60
2026-05-27T17:01:23.413	WT901BLE68(F3:F0:16:BF:DC:AE)	0.148	0.985	-0.136	-0.793	-15.930	2.502	99.88	-7.97	-41.85	-47.460	22.773	-64.640	-0.62643	-0.69077	0.31595	0.17453	25.4	null	null	13113	60
2026-05-27T17:01:23.499	WT901BLE68(F3:F0:16:BF:DC:AE)	0.130	0.977	-0.180	-0.732	-9.583	2.930	99.87	-8.03	-43.00	-47.460	22.773	-64.640	-0.62643	-0.69077	0.31595	0.17453	25.4	null	null	13113	60
2026-05-27T17:01:23.620	WT901BLE68(F3:F0:16:BF:DC:AE)	0.128	0.977	-0.182	-2.075	-15.320	3.235	99.90	-8.09	-44.26	-47.460	22.773	-64.640	-0.61639	-0.69275	0.32410	0.18713	25.4	null	null	13113	60
2026-05-27T17:01:23.682	WT901BLE68(F3:F0:16:BF:DC:AE)	0.146	0.973	-0.187	-1.892	-13.977	3.174	99.94	-8.08	-45.74	-47.460	22.773	-64.640	-0.61639	-0.69275	0.32410	0.18713	25.4	null	null	13113	60
2026-05-27T17:01:23.803	WT901BLE68(F3:F0:16:BF:DC:AE)	0.131	0.975	-0.183	-1.282	-14.893	2.625	100.03	-8.10	-46.96	-47.460	22.773	-64.640	-0.61639	-0.69275	0.32410	0.18713	25.4	null	null	13113	60
2026-05-27T17:01:23.892	WT901BLE68(F3:F0:16:BF:DC:AE)	0.139	0.975	-0.180	-1.343	-16.785	3.113	100.17	-8.05	-48.51	-47.460	22.773	-64.640	-0.61639	-0.69275	0.32410	0.18713	25.4	null	null	13113	60
2026-05-27T17:01:24.012	WT901BLE68(F3:F0:16:BF:DC:AE)	0.143	0.980	-0.173	-1.709	-15.442	3.052	100.30	-8.05	-49.94	-47.460	22.773	-64.640	-0.61639	-0.69275	0.32410	0.18713	25.4	null	null	13113	60
2026-05-27T17:01:24.099	WT901BLE68(F3:F0:16:BF:DC:AE)	0.154	0.994	-0.121	-26.855	-21.423	7.446	99.02	-8.32	-51.51	-47.460	22.773	-64.640	-0.61639	-0.69275	0.32410	0.18713	25.4	null	null	13113	60
2026-05-27T17:01:24.222	WT901BLE68(F3:F0:16:BF:DC:AE)	0.146	0.966	-0.153	-9.888	-16.907	7.690	97.06	-8.89	-53.75	-47.460	22.773	-64.640	-0.61639	-0.69275	0.32410	0.18713	25.4	null	null	13113	60
2026-05-27T17:01:24.279	WT901BLE68(F3:F0:16:BF:DC:AE)	0.144	0.987	-0.156	-3.296	-21.057	3.662	96.86	-9.16	-54.97	-54.540	26.727	-55.947	-0.61639	-0.69275	0.32410	0.18713	25.4	null	null	13113	60
2026-05-27T17:01:24.436	WT901BLE68(F3:F0:16:BF:DC:AE)	0.182	0.981	-0.116	-1.160	-7.690	2.563	96.99	-9.24	-56.16	-54.540	26.727	-55.947	-0.61639	-0.69275	0.32410	0.18713	25.4	null	null	13113	60
2026-05-27T17:01:24.491	WT901BLE68(F3:F0:16:BF:DC:AE)	0.177	0.981	-0.122	0.000	6.897	2.380	96.94	-9.54	-55.65	-54.540	26.727	-55.947	-0.61194	-0.63342	0.39838	0.25592	25.4	null	null	13113	60
2026-05-27T17:01:24.614	WT901BLE68(F3:F0:16:BF:DC:AE)	0.178	0.981	-0.125	0.549	10.803	1.465	96.82	-9.86	-54.41	-54.540	26.727	-55.947	-0.61194	-0.63342	0.39838	0.25592	25.4	null	null	13113	60
2026-05-27T17:01:24.707	WT901BLE68(F3:F0:16:BF:DC:AE)	0.194	0.979	-0.107	0.671	17.029	0.244	96.66	-10.11	-52.84	-54.540	26.727	-55.947	-0.61194	-0.63342	0.39838	0.25592	25.4	null	null	13113	60
2026-05-27T17:01:24.823	WT901BLE68(F3:F0:16:BF:DC:AE)	0.206	0.979	-0.097	-2.197	3.967	-0.977	96.40	-10.23	-51.41	-54.540	26.727	-55.947	-0.61194	-0.63342	0.39838	0.25592	25.4	null	null	13113	60
2026-05-27T17:01:24.910	WT901BLE68(F3:F0:16:BF:DC:AE)	0.195	0.979	-0.116	0.854	41.565	-1.648	95.89	-10.44	-48.61	-54.540	26.727	-55.947	-0.61194	-0.63342	0.39838	0.25592	25.4	null	null	13113	60
2026-05-27T17:01:25.034	WT901BLE68(F3:F0:16:BF:DC:AE)	0.165	0.986	-0.082	1.892	39.307	-2.319	95.32	-10.71	-44.35	-54.540	26.727	-55.947	-0.61194	-0.63342	0.39838	0.25592	25.4	null	null	13113	60
2026-05-27T17:01:25.091	WT901BLE68(F3:F0:16:BF:DC:AE)	0.189	0.980	-0.066	1.221	30.457	-2.625	94.87	-10.72	-41.16	-54.540	26.727	-55.947	-0.61194	-0.63342	0.39838	0.25592	25.4	null	null	13113	60
2026-05-27T17:01:25.212	WT901BLE68(F3:F0:16:BF:DC:AE)	0.176	0.983	-0.073	1.648	26.001	-2.930	94.41	-10.66	-38.28	-47.360	27.733	-59.780	-0.61194	-0.63342	0.39838	0.25592	25.4	null	null	13113	60
2026-05-27T17:01:25.302	WT901BLE68(F3:F0:16:BF:DC:AE)	0.187	0.977	-0.071	5.371	27.100	-4.089	94.28	-10.48	-35.91	-47.360	27.733	-59.780	-0.61194	-0.63342	0.39838	0.25592	25.4	null	null	13113	60
2026-05-27T17:01:25.421	WT901BLE68(F3:F0:16:BF:DC:AE)	0.177	0.967	-0.069	17.517	23.499	-7.080	94.80	-10.15	-33.36	-47.360	27.733	-59.780	-0.66556	-0.67706	0.28009	0.14163	25.4	null	null	13113	60
2026-05-27T17:01:25.512	WT901BLE68(F3:F0:16:BF:DC:AE)	0.166	0.999	-0.091	12.756	11.902	-5.615	95.99	-9.66	-31.96	-47.360	27.733	-59.780	-0.66556	-0.67706	0.28009	0.14163	25.4	null	null	13113	60
2026-05-27T17:01:25.635	WT901BLE68(F3:F0:16:BF:DC:AE)	0.157	0.985	-0.104	10.925	12.268	-4.822	96.60	-9.35	-31.03	-47.360	27.733	-59.780	-0.66556	-0.67706	0.28009	0.14163	25.4	null	null	13113	60
2026-05-27T17:01:25.726	WT901BLE68(F3:F0:16:BF:DC:AE)	0.152	0.983	-0.107	6.042	8.667	-3.052	97.00	-9.11	-30.27	-47.360	27.733	-59.780	-0.66556	-0.67706	0.28009	0.14163	25.4	null	null	13113	60
2026-05-27T17:01:25.810	WT901BLE68(F3:F0:16:BF:DC:AE)	0.142	0.982	-0.121	4.150	3.540	-1.099	97.31	-8.99	-29.93	-47.360	27.733	-59.780	-0.66556	-0.67706	0.28009	0.14163	25.4	null	null	13113	60
2026-05-27T17:01:25.903	WT901BLE68(F3:F0:16:BF:DC:AE)	0.140	0.984	-0.131	2.563	-9.338	-0.061	97.64	-8.83	-30.60	-47.360	27.733	-59.780	-0.66556	-0.67706	0.28009	0.14163	25.4	null	null	13113	60
2026-05-27T17:01:26.021	WT901BLE68(F3:F0:16:BF:DC:AE)	0.139	0.983	-0.137	3.113	-8.484	0.732	98.04	-8.72	-31.68	-47.360	27.733	-59.780	-0.66556	-0.67706	0.28009	0.14163	25.4	null	null	13113	60
2026-05-27T17:01:26.111	WT901BLE68(F3:F0:16:BF:DC:AE)	0.164	0.980	-0.145	2.197	-16.113	1.587	98.46	-8.60	-33.35	-41.673	23.233	-66.893	-0.66556	-0.67706	0.28009	0.14163	25.4	null	null	13113	60
2026-05-27T17:01:26.233	WT901BLE68(F3:F0:16:BF:DC:AE)	0.134	0.979	-0.157	1.099	-12.390	0.916	98.82	-8.55	-34.69	-41.673	23.233	-66.893	-0.66556	-0.67706	0.28009	0.14163	25.4	null	null	13113	60
2026-05-27T17:01:26.324	WT901BLE68(F3:F0:16:BF:DC:AE)	0.160	0.976	-0.159	0.488	-9.705	1.282	99.05	-8.49	-35.99	-41.673	23.233	-66.893	-0.63455	-0.70755	0.27600	0.14291	25.4	null	null	13113	60
2026-05-27T17:01:26.445	WT901BLE68(F3:F0:16:BF:DC:AE)	0.149	0.979	-0.163	0.244	-4.578	0.916	99.20	-8.53	-36.63	-41.673	23.233	-66.893	-0.63455	-0.70755	0.27600	0.14291	25.4	null	null	13113	60
2026-05-27T17:01:26.501	WT901BLE68(F3:F0:16:BF:DC:AE)	0.149	0.976	-0.168	0.305	-2.625	0.244	99.29	-8.55	-37.03	-41.673	23.233	-66.893	-0.63455	-0.70755	0.27600	0.14291	25.4	null	null	13113	60
2026-05-27T17:01:26.622	WT901BLE68(F3:F0:16:BF:DC:AE)	0.155	0.978	-0.166	-0.122	-2.075	0.000	99.37	-8.53	-37.36	-41.673	23.233	-66.893	-0.63455	-0.70755	0.27600	0.14291	25.4	null	null	13113	60
2026-05-27T17:01:26.716	WT901BLE68(F3:F0:16:BF:DC:AE)	0.149	0.979	-0.168	-0.366	0.732	-0.549	99.38	-8.51	-37.42	-41.673	23.233	-66.893	-0.63455	-0.70755	0.27600	0.14291	25.4	null	null	13113	60
2026-05-27T17:01:26.831	WT901BLE68(F3:F0:16:BF:DC:AE)	0.150	0.979	-0.163	-0.977	0.061	-0.549	99.32	-8.48	-37.47	-41.673	23.233	-66.893	-0.63455	-0.70755	0.27600	0.14291	25.4	null	null	13113	60
2026-05-27T17:01:26.923	WT901BLE68(F3:F0:16:BF:DC:AE)	0.142	0.980	-0.159	-1.221	0.183	-0.549	99.21	-8.43	-37.49	-41.673	23.233	-66.893	-0.63455	-0.70755	0.27600	0.14291	25.4	null	null	13113	60
2026-05-27T17:01:27.043	WT901BLE68(F3:F0:16:BF:DC:AE)	0.142	0.980	-0.156	-1.343	-0.793	-0.244	99.10	-8.38	-37.62	-45.100	22.620	-66.193	-0.63455	-0.70755	0.27600	0.14291	25.4	null	null	13113	60
2026-05-27T17:01:27.099	WT901BLE68(F3:F0:16:BF:DC:AE)	0.141	0.980	-0.156	-1.038	-2.808	0.183	99.02	-8.34	-37.87	-45.100	22.620	-66.193	-0.63455	-0.70755	0.27600	0.14291	25.4	null	null	13113	60
2026-05-27T17:01:27.218	WT901BLE68(F3:F0:16:BF:DC:AE)	0.146	0.979	-0.151	-1.343	-2.625	0.305	98.95	-8.32	-38.19	-45.100	22.620	-66.193	-0.63043	-0.70163	0.29153	0.15869	25.4	null	null	13113	60
2026-05-27T17:01:27.312	WT901BLE68(F3:F0:16:BF:DC:AE)	0.147	0.980	-0.152	-1.282	-1.404	0.366	98.84	-8.32	-38.45	-45.100	22.620	-66.193	-0.63043	-0.70163	0.29153	0.15869	25.4	null	null	13113	60
2026-05-27T17:01:27.434	WT901BLE68(F3:F0:16:BF:DC:AE)	0.146	0.980	-0.147	-1.343	-0.977	0.244	98.73	-8.32	-38.63	-45.100	22.620	-66.193	-0.63043	-0.70163	0.29153	0.15869	25.4	null	null	13113	60
2026-05-27T17:01:27.520	WT901BLE68(F3:F0:16:BF:DC:AE)	0.146	0.981	-0.146	-1.038	0.671	0.000	98.62	-8.32	-38.75	-45.100	22.620	-66.193	-0.63043	-0.70163	0.29153	0.15869	25.4	null	null	13113	60
2026-05-27T17:01:27.641	WT901BLE68(F3:F0:16:BF:DC:AE)	0.142	0.979	-0.150	-0.793	0.000	-0.183	98.54	-8.33	-38.71	-45.100	22.620	-66.193	-0.63043	-0.70163	0.29153	0.15869	25.4	null	null	13113	60
2026-05-27T17:01:27.736	WT901BLE68(F3:F0:16:BF:DC:AE)	0.146	0.983	-0.142	-0.854	0.244	-0.305	98.48	-8.32	-38.70	-45.100	22.620	-66.193	-0.63043	-0.70163	0.29153	0.15869	25.4	null	null	13113	60
2026-05-27T17:01:27.854	WT901BLE68(F3:F0:16:BF:DC:AE)	0.142	0.981	-0.145	-0.366	2.258	-0.610	98.39	-8.30	-38.58	-45.100	22.620	-66.193	-0.63043	-0.70163	0.29153	0.15869	25.4	null	null	13113	60
2026-05-27T17:01:27.910	WT901BLE68(F3:F0:16:BF:DC:AE)	0.141	0.983	-0.145	-0.427	0.305	-0.427	98.34	-8.27	-38.50	-45.507	22.973	-65.073	-0.63043	-0.70163	0.29153	0.15869	25.4	null	null	13113	60
2026-05-27T17:01:28.034	WT901BLE68(F3:F0:16:BF:DC:AE)	0.144	0.983	-0.137	-0.305	1.953	-0.488	98.29	-8.23	-38.47	-45.507	22.973	-65.073	-0.63043	-0.70163	0.29153	0.15869	25.4	null	null	13113	60
2026-05-27T17:01:28.120	WT901BLE68(F3:F0:16:BF:DC:AE)	0.140	0.982	-0.139	-0.366	1.587	-0.549	98.23	-8.20	-38.34	-45.507	22.973	-65.073	-0.63406	-0.69684	0.29245	0.16348	25.4	null	null	13113	60
2026-05-27T17:01:28.244	WT901BLE68(F3:F0:16:BF:DC:AE)	0.141	0.978	-0.150	-0.305	0.793	-0.671	98.15	-8.16	-38.30	-45.507	22.973	-65.073	-0.63406	-0.69684	0.29245	0.16348	25.4	null	null	13113	60
2026-05-27T17:01:28.329	WT901BLE68(F3:F0:16:BF:DC:AE)	0.146	0.981	-0.131	0.000	-0.793	-0.732	98.14	-8.06	-38.29	-45.507	22.973	-65.073	-0.63406	-0.69684	0.29245	0.16348	25.4	null	null	13113	60
2026-05-27T17:01:28.455	WT901BLE68(F3:F0:16:BF:DC:AE)	0.142	0.981	-0.131	0.122	-0.183	-0.183	98.17	-7.99	-38.32	-45.507	22.973	-65.073	-0.63406	-0.69684	0.29245	0.16348	25.4	null	null	13113	60
2026-05-27T17:01:28.511	WT901BLE68(F3:F0:16:BF:DC:AE)	0.132	0.982	-0.140	0.244	-1.038	-0.122	98.18	-7.97	-38.29	-45.507	22.973	-65.073	-0.63406	-0.69684	0.29245	0.16348	25.4	null	null	13113	60
2026-05-27T17:01:28.633	WT901BLE68(F3:F0:16:BF:DC:AE)	0.132	0.982	-0.144	0.305	-2.380	0.183	98.22	-7.94	-38.46	-45.507	22.973	-65.073	-0.63406	-0.69684	0.29245	0.16348	25.4	null	null	13113	60
2026-05-27T17:01:28.723	WT901BLE68(F3:F0:16:BF:DC:AE)	0.135	0.983	-0.139	0.366	-2.563	0.488	98.29	-7.92	-38.73	-45.507	22.973	-65.073	-0.63406	-0.69684	0.29245	0.16348	25.4	null	null	13113	60
2026-05-27T17:01:28.842	WT901BLE68(F3:F0:16:BF:DC:AE)	0.131	0.983	-0.145	0.549	-0.732	0.610	98.35	-7.94	-38.88	-46.013	23.187	-65.367	-0.63406	-0.69684	0.29245	0.16348	25.4	null	null	13113	60
2026-05-27T17:01:28.933	WT901BLE68(F3:F0:16:BF:DC:AE)	0.136	0.981	-0.148	0.122	-1.404	0.671	98.39	-7.98	-39.02	-46.013	23.187	-65.367	-0.63406	-0.69684	0.29245	0.16348	25.4	null	null	13113	60
2026-05-27T17:01:29.052	WT901BLE68(F3:F0:16:BF:DC:AE)	0.140	0.982	-0.146	0.244	-0.732	0.305	98.43	-8.00	-39.18	-46.013	23.187	-65.367	-0.63187	-0.69644	0.29544	0.16824	25.4	null	null	13113	60
2026-05-27T17:01:29.142	WT901BLE68(F3:F0:16:BF:DC:AE)	0.143	0.981	-0.146	0.305	0.732	0.183	98.45	-8.03	-39.22	-46.013	23.187	-65.367	-0.63187	-0.69644	0.29544	0.16824	25.4	null	null	13113	60
2026-05-27T17:01:29.265	WT901BLE68(F3:F0:16:BF:DC:AE)	0.139	0.979	-0.146	0.305	0.427	0.000	98.47	-8.04	-39.17	-46.013	23.187	-65.367	-0.63187	-0.69644	0.29544	0.16824	25.4	null	null	13113	60
2026-05-27T17:01:29.322	WT901BLE68(F3:F0:16:BF:DC:AE)	0.140	0.980	-0.145	0.305	0.122	-0.122	98.50	-8.04	-39.14	-46.013	23.187	-65.367	-0.63187	-0.69644	0.29544	0.16824	25.4	null	null	13113	60
2026-05-27T17:01:29.444	WT901BLE68(F3:F0:16:BF:DC:AE)	0.138	0.984	-0.149	0.671	-0.916	-0.183	98.57	-8.01	-39.16	-46.013	23.187	-65.367	-0.63187	-0.69644	0.29544	0.16824	25.4	null	null	13113	60
2026-05-27T17:01:29.531	WT901BLE68(F3:F0:16:BF:DC:AE)	0.140	0.979	-0.147	0.732	-0.732	-0.183	98.66	-7.98	-39.22	-46.013	23.187	-65.367	-0.63187	-0.69644	0.29544	0.16824	25.4	null	null	13113	60
2026-05-27T17:01:29.655	WT901BLE68(F3:F0:16:BF:DC:AE)	0.138	0.981	-0.151	0.610	-1.099	-0.061	98.72	-7.95	-39.29	-46.013	23.187	-65.367	-0.63187	-0.69644	0.29544	0.16824	25.4	null	null	13113	60
2026-05-27T17:01:29.741	WT901BLE68(F3:F0:16:BF:DC:AE)	0.139	0.982	-0.148	0.549	-1.953	0.000	98.79	-7.93	-39.40	-46.133	22.920	-65.807	-0.63187	-0.69644	0.29544	0.16824	25.4	null	null	13113	60
2026-05-27T17:01:29.858	WT901BLE68(F3:F0:16:BF:DC:AE)	0.141	0.979	-0.153	0.549	-0.732	0.000	98.86	-7.92	-39.52	-46.133	22.920	-65.807	-0.63187	-0.69644	0.29544	0.16824	25.4	null	null	13113	60
2026-05-27T17:01:29.919	WT901BLE68(F3:F0:16:BF:DC:AE)	0.137	0.979	-0.157	0.366	-1.953	0.000	98.92	-7.89	-39.65	-46.133	22.920	-65.807	-0.62805	-0.69809	0.29865	0.17014	25.4	null	null	13113	60
2026-05-27T17:01:30.042	WT901BLE68(F3:F0:16:BF:DC:AE)	0.137	0.978	-0.158	0.732	-0.916	0.000	99.00	-7.87	-39.77	-46.133	22.920	-65.807	-0.62805	-0.69809	0.29865	0.17014	25.4	null	null	13113	60
2026-05-27T17:01:30.134	WT901BLE68(F3:F0:16:BF:DC:AE)	0.137	0.981	-0.157	0.244	-1.648	0.000	99.06	-7.84	-39.92	-46.133	22.920	-65.807	-0.62805	-0.69809	0.29865	0.17014	25.4	null	null	13113	60
2026-05-27T17:01:30.255	WT901BLE68(F3:F0:16:BF:DC:AE)	0.135	0.980	-0.161	0.183	-0.183	0.000	99.09	-7.83	-39.96	-46.133	22.920	-65.807	-0.62805	-0.69809	0.29865	0.17014	25.4	null	null	13113	60
2026-05-27T17:01:30.341	WT901BLE68(F3:F0:16:BF:DC:AE)	0.133	0.979	-0.160	0.061	0.000	-0.244	99.10	-7.80	-39.97	-46.133	22.920	-65.807	-0.62805	-0.69809	0.29865	0.17014	25.4	null	null	13113	60
2026-05-27T17:01:30.462	WT901BLE68(F3:F0:16:BF:DC:AE)	0.133	0.980	-0.159	0.000	-0.183	-0.244	99.11	-7.77	-39.97	-46.133	22.920	-65.807	-0.62805	-0.69809	0.29865	0.17014	25.4	null	null	13113	60
2026-05-27T17:01:30.553	WT901BLE68(F3:F0:16:BF:DC:AE)	0.132	0.981	-0.157	-0.061	-0.305	-0.183	99.11	-7.73	-39.98	-46.133	22.920	-65.807	-0.62805	-0.69809	0.29865	0.17014	25.4	null	null	13113	60
2026-05-27T17:01:30.674	WT901BLE68(F3:F0:16:BF:DC:AE)	0.132	0.980	-0.159	-0.122	0.183	0.000	99.10	-7.71	-39.97	-47.033	23.067	-65.647	-0.62805	-0.69809	0.29865	0.17014	25.4	null	null	13113	60
2026-05-27T17:01:30.728	WT901BLE68(F3:F0:16:BF:DC:AE)	0.130	0.981	-0.157	-0.183	-0.793	0.061	99.09	-7.70	-39.96	-47.033	23.067	-65.647	-0.62805	-0.69809	0.29865	0.17014	25.4	null	null	13113	60
2026-05-27T17:01:30.849	WT901BLE68(F3:F0:16:BF:DC:AE)	0.133	0.980	-0.156	-0.488	0.427	0.122	99.05	-7.70	-39.98	-47.033	23.067	-65.647	-0.62589	-0.69852	0.30042	0.17325	25.4	null	null	13113	60
2026-05-27T17:01:30.942	WT901BLE68(F3:F0:16:BF:DC:AE)	0.132	0.981	-0.160	-0.610	0.793	0.000	98.99	-7.72	-39.89	-47.033	23.067	-65.647	-0.62589	-0.69852	0.30042	0.17325	25.4	null	null	13113	60
2026-05-27T17:01:31.062	WT901BLE68(F3:F0:16:BF:DC:AE)	0.139	0.979	-0.154	-0.610	2.197	0.366	98.92	-7.76	-39.73	-47.033	23.067	-65.647	-0.62589	-0.69852	0.30042	0.17325	25.4	null	null	13113	60
2026-05-27T17:01:31.151	WT901BLE68(F3:F0:16:BF:DC:AE)	0.133	0.981	-0.152	-0.854	2.991	0.366	98.83	-7.83	-39.36	-47.033	23.067	-65.647	-0.62589	-0.69852	0.30042	0.17325	25.4	null	null	13113	60
2026-05-27T17:01:31.269	WT901BLE68(F3:F0:16:BF:DC:AE)	0.133	0.981	-0.153	-1.038	2.197	0.122	98.72	-7.90	-39.08	-47.033	23.067	-65.647	-0.62589	-0.69852	0.30042	0.17325	25.4	null	null	13113	60
2026-05-27T17:01:31.332	WT901BLE68(F3:F0:16:BF:DC:AE)	0.132	0.985	-0.151	-1.648	0.610	0.610	98.59	-7.95	-38.96	-47.033	23.067	-65.647	-0.62589	-0.69852	0.30042	0.17325	25.4	null	null	13113	60
2026-05-27T17:01:31.451	WT901BLE68(F3:F0:16:BF:DC:AE)	0.134	0.984	-0.146	-1.526	-0.305	0.854	98.43	-8.01	-38.96	-47.033	23.067	-65.647	-0.62589	-0.69852	0.30042	0.17325	25.4	null	null	13113	60
2026-05-27T17:01:31.539	WT901BLE68(F3:F0:16:BF:DC:AE)	0.142	0.981	-0.140	-1.770	0.488	1.221	98.27	-8.09	-39.07	-45.340	23.513	-65.373	-0.62589	-0.69852	0.30042	0.17325	25.4	null	null	13113	60
2026-05-27T17:01:31.664	WT901BLE68(F3:F0:16:BF:DC:AE)	0.140	0.982	-0.136	-1.404	1.099	1.282	98.10	-8.21	-39.00	-45.340	23.513	-65.373	-0.62589	-0.69852	0.30042	0.17325	25.4	null	null	13113	60
2026-05-27T17:01:31.753	WT901BLE68(F3:F0:16:BF:DC:AE)	0.140	0.981	-0.135	-1.099	0.427	1.282	97.95	-8.34	-38.94	-45.340	23.513	-65.373	-0.63480	-0.69400	0.29568	0.16687	25.4	null	null	13113	60
2026-05-27T17:01:31.873	WT901BLE68(F3:F0:16:BF:DC:AE)	0.151	0.984	-0.131	-1.892	-8.545	1.709	97.87	-8.38	-39.41	-45.340	23.513	-65.373	-0.63480	-0.69400	0.29568	0.16687	25.4	null	null	13113	60
2026-05-27T17:01:31.964	WT901BLE68(F3:F0:16:BF:DC:AE)	0.163	0.981	-0.126	-0.671	-0.610	1.221	97.77	-8.47	-39.78	-45.340	23.513	-65.373	-0.63480	-0.69400	0.29568	0.16687	25.4	null	null	13113	60
2026-05-27T17:01:32.086	WT901BLE68(F3:F0:16:BF:DC:AE)	0.147	0.979	-0.138	-0.488	-2.075	1.099	97.74	-8.59	-39.80	-45.340	23.513	-65.373	-0.63480	-0.69400	0.29568	0.16687	25.4	null	null	13113	60
2026-05-27T17:01:32.141	WT901BLE68(F3:F0:16:BF:DC:AE)	0.154	0.980	-0.127	0.305	-2.441	0.793	97.78	-8.65	-40.06	-45.340	23.513	-65.373	-0.63480	-0.69400	0.29568	0.16687	25.4	null	null	13113	60
2026-05-27T17:01:32.266	WT901BLE68(F3:F0:16:BF:DC:AE)	0.157	0.982	-0.127	0.610	-2.319	0.793	97.85	-8.71	-40.30	-45.340	23.513	-65.373	-0.63480	-0.69400	0.29568	0.16687	25.4	null	null	13113	60
2026-05-27T17:01:32.350	WT901BLE68(F3:F0:16:BF:DC:AE)	0.154	0.979	-0.140	1.038	-0.977	0.305	97.94	-8.76	-40.40	-45.340	23.513	-65.373	-0.63480	-0.69400	0.29568	0.16687	25.4	null	null	13113	60
2026-05-27T17:01:32.473	WT901BLE68(F3:F0:16:BF:DC:AE)	0.154	0.981	-0.143	0.793	-1.770	0.000	98.04	-8.76	-40.49	-45.880	24.507	-64.500	-0.63480	-0.69400	0.29568	0.16687	25.4	null	null	13113	60
2026-05-27T17:01:32.561	WT901BLE68(F3:F0:16:BF:DC:AE)	0.158	0.980	-0.137	0.671	-0.671	-0.244	98.11	-8.73	-40.60	-45.880	24.507	-64.500	-0.63480	-0.69400	0.29568	0.16687	25.4	null	null	13113	60
2026-05-27T17:01:32.683	WT901BLE68(F3:F0:16:BF:DC:AE)	0.150	0.981	-0.145	0.671	-0.427	-0.488	98.16	-8.68	-40.61	-45.880	24.507	-64.500	-0.63257	-0.68918	0.30807	0.17282	25.4	null	null	13113	60
2026-05-27T17:01:32.740	WT901BLE68(F3:F0:16:BF:DC:AE)	0.151	0.980	-0.143	0.793	-1.648	-0.732	98.25	-8.59	-40.75	-45.880	24.507	-64.500	-0.63257	-0.68918	0.30807	0.17282	25.4	null	null	13113	60
2026-05-27T17:01:32.863	WT901BLE68(F3:F0:16:BF:DC:AE)	0.148	0.979	-0.144	0.793	-1.099	-0.916	98.34	-8.50	-40.81	-45.880	24.507	-64.500	-0.63257	-0.68918	0.30807	0.17282	25.4	null	null	13113	60
2026-05-27T17:01:32.952	WT901BLE68(F3:F0:16:BF:DC:AE)	0.148	0.983	-0.142	0.549	-2.136	-0.732	98.43	-8.40	-40.91	-45.880	24.507	-64.500	-0.63257	-0.68918	0.30807	0.17282	25.4	null	null	13113	60
2026-05-27T17:01:33.074	WT901BLE68(F3:F0:16:BF:DC:AE)	0.145	0.982	-0.144	0.061	-0.732	-0.671	98.49	-8.32	-40.96	-45.880	24.507	-64.500	-0.63257	-0.68918	0.30807	0.17282	25.4	null	null	13113	60
2026-05-27T17:01:33.163	WT901BLE68(F3:F0:16:BF:DC:AE)	0.140	0.980	-0.148	0.000	-1.099	-0.671	98.51	-8.24	-40.96	-45.880	24.507	-64.500	-0.63257	-0.68918	0.30807	0.17282	25.4	null	null	13113	60
2026-05-27T17:01:33.282	WT901BLE68(F3:F0:16:BF:DC:AE)	0.141	0.981	-0.145	-0.061	-0.732	-0.488	98.53	-8.17	-40.98	-45.880	24.507	-64.500	-0.63257	-0.68918	0.30807	0.17282	25.4	null	null	13113	60
2026-05-27T17:01:33.369	WT901BLE68(F3:F0:16:BF:DC:AE)	0.138	0.980	-0.149	-0.183	-0.488	-0.244	98.53	-8.12	-40.97	-46.933	24.353	-64.280	-0.63257	-0.68918	0.30807	0.17282	25.4	null	null	13113	60
2026-05-27T17:01:33.494	WT901BLE68(F3:F0:16:BF:DC:AE)	0.138	0.980	-0.148	-0.122	0.000	-0.244	98.52	-8.09	-40.95	-46.933	24.353	-64.280	-0.63257	-0.68918	0.30807	0.17282	25.4	null	null	13113	60
2026-05-27T17:01:33.551	WT901BLE68(F3:F0:16:BF:DC:AE)	0.137	0.981	-0.146	-0.122	0.183	0.000	98.51	-8.07	-40.91	-46.933	24.353	-64.280	-0.62857	-0.69196	0.30731	0.17761	25.4	null	null	13113	60
2026-05-27T17:01:33.676	WT901BLE68(F3:F0:16:BF:DC:AE)	0.138	0.981	-0.145	0.000	-0.793	0.305	98.51	-8.06	-40.95	-46.933	24.353	-64.280	-0.62857	-0.69196	0.30731	0.17761	25.4	null	null	13113	60
2026-05-27T17:01:33.762	WT901BLE68(F3:F0:16:BF:DC:AE)	0.140	0.981	-0.147	0.000	0.366	0.305	98.51	-8.08	-40.97	-46.933	24.353	-64.280	-0.62857	-0.69196	0.30731	0.17761	25.4	null	null	13113	60
2026-05-27T17:01:33.881	WT901BLE68(F3:F0:16:BF:DC:AE)	0.144	0.978	-0.149	0.061	0.549	0.183	98.51	-8.11	-40.91	-46.933	24.353	-64.280	-0.62857	-0.69196	0.30731	0.17761	25.4	null	null	13113	60
2026-05-27T17:01:33.974	WT901BLE68(F3:F0:16:BF:DC:AE)	0.140	0.982	-0.143	-0.061	-1.160	0.122	98.51	-8.11	-40.87	-46.933	24.353	-64.280	-0.62857	-0.69196	0.30731	0.17761	25.4	null	null	13113	60
2026-05-27T17:01:34.090	WT901BLE68(F3:F0:16:BF:DC:AE)	0.138	0.982	-0.153	0.305	0.793	0.000	98.51	-8.12	-40.86	-46.933	24.353	-64.280	-0.62857	-0.69196	0.30731	0.17761	25.4	null	null	13113	60
2026-05-27T17:01:34.152	WT901BLE68(F3:F0:16:BF:DC:AE)	0.141	0.980	-0.145	-0.366	-0.732	0.366	98.49	-8.12	-40.86	-46.933	24.353	-64.280	-0.62857	-0.69196	0.30731	0.17761	25.4	null	null	13113	60
2026-05-27T17:01:34.271	WT901BLE68(F3:F0:16:BF:DC:AE)	0.135	0.979	-0.146	0.000	-1.160	0.549	98.46	-8.16	-40.90	-47.553	23.813	-63.747	-0.62857	-0.69196	0.30731	0.17761	25.4	null	null	13113	60
2026-05-27T17:01:34.361	WT901BLE68(F3:F0:16:BF:DC:AE)	0.147	0.980	-0.142	-0.488	-1.099	0.916	98.46	-8.20	-41.08	-47.553	23.813	-63.747	-0.62857	-0.69196	0.30731	0.17761	25.4	null	null	13113	60
2026-05-27T17:01:34.485	WT901BLE68(F3:F0:16:BF:DC:AE)	0.145	0.980	-0.149	-1.038	0.977	1.160	98.39	-8.31	-41.03	-47.553	23.813	-63.747	-0.62897	-0.69083	0.30890	0.17776	25.4	null	null	13113	60
2026-05-27T17:01:34.569	WT901BLE68(F3:F0:16:BF:DC:AE)	0.151	0.981	-0.146	-1.648	1.587	1.038	98.25	-8.41	-40.94	-47.553	23.813	-63.747	-0.62897	-0.69083	0.30890	0.17776	25.4	null	null	13113	60
2026-05-27T17:01:34.692	WT901BLE68(F3:F0:16:BF:DC:AE)	0.157	0.981	-0.138	-2.747	3.784	0.977	97.99	-8.54	-40.67	-47.553	23.813	-63.747	-0.62897	-0.69083	0.30890	0.17776	25.4	null	null	13113	60
2026-05-27T17:01:34.781	WT901BLE68(F3:F0:16:BF:DC:AE)	0.154	0.982	-0.145	-3.784	4.700	0.183	97.58	-8.66	-40.22	-47.553	23.813	-63.747	-0.62897	-0.69083	0.30890	0.17776	25.4	null	null	13113	60
2026-05-27T17:01:34.902	WT901BLE68(F3:F0:16:BF:DC:AE)	0.154	0.982	-0.133	-4.150	4.211	-0.977	97.16	-8.68	-39.80	-47.553	23.813	-63.747	-0.62897	-0.69083	0.30890	0.17776	25.4	null	null	13113	60
2026-05-27T17:01:34.961	WT901BLE68(F3:F0:16:BF:DC:AE)	0.157	0.985	-0.124	-6.470	5.005	-2.014	96.64	-8.60	-39.33	-47.553	23.813	-63.747	-0.62897	-0.69083	0.30890	0.17776	25.4	null	null	13113	60
2026-05-27T17:01:35.080	WT901BLE68(F3:F0:16:BF:DC:AE)	0.125	0.990	-0.121	-5.432	1.709	-2.625	96.05	-8.42	-38.72	-47.553	23.813	-63.747	-0.62897	-0.69083	0.30890	0.17776	25.4	null	null	13113	60
2026-05-27T17:01:35.200	WT901BLE68(F3:F0:16:BF:DC:AE)	0.147	0.986	-0.069	-2.319	0.183	-1.160	95.59	-8.18	-38.83	-45.800	25.813	-63.547	-0.62897	-0.69083	0.30890	0.17776	25.4	null	null	13113	60
2026-05-27T17:01:35.291	WT901BLE68(F3:F0:16:BF:DC:AE)	0.137	0.995	-0.057	-2.136	4.700	-0.732	95.37	-8.11	-38.56	-45.800	25.813	-63.547	-0.62897	-0.69083	0.30890	0.17776	25.4	null	null	13113	60
2026-05-27T17:01:35.377	WT901BLE68(F3:F0:16:BF:DC:AE)	0.155	0.987	-0.065	0.061	0.977	-1.160	95.15	-8.05	-38.51	-45.800	25.813	-63.547	-0.65213	-0.67984	0.28763	0.17227	25.4	null	null	13113	60
2026-05-27T17:01:35.504	WT901BLE68(F3:F0:16:BF:DC:AE)	0.131	0.986	-0.089	0.305	1.221	-0.427	95.04	-7.99	-38.29	-45.800	25.813	-63.547	-0.65213	-0.67984	0.28763	0.17227	25.4	null	null	13113	60
2026-05-27T17:01:35.558	WT901BLE68(F3:F0:16:BF:DC:AE)	0.136	0.988	-0.096	1.404	-1.221	-1.282	95.16	-7.89	-38.46	-45.800	25.813	-63.547	-0.65213	-0.67984	0.28763	0.17227	25.4	null	null	13113	60
2026-05-27T17:01:35.677	WT901BLE68(F3:F0:16:BF:DC:AE)	0.148	0.988	-0.102	3.601	0.000	-2.136	95.43	-7.77	-38.55	-45.800	25.813	-63.547	-0.65213	-0.67984	0.28763	0.17227	25.4	null	null	13113	60
2026-05-27T17:01:35.776	WT901BLE68(F3:F0:16:BF:DC:AE)	0.138	0.999	-0.063	1.160	1.160	-1.770	95.66	-7.56	-38.45	-45.800	25.813	-63.547	-0.65213	-0.67984	0.28763	0.17227	25.4	null	null	13113	60
2026-05-27T17:01:35.892	WT901BLE68(F3:F0:16:BF:DC:AE)	0.113	0.990	-0.104	0.366	3.662	-2.258	95.60	-7.37	-38.23	-45.800	25.813	-63.547	-0.65213	-0.67984	0.28763	0.17227	25.4	null	null	13113	60
2026-05-27T17:01:35.978	WT901BLE68(F3:F0:16:BF:DC:AE)	0.115	0.988	-0.101	1.038	-3.540	-0.854	95.65	-7.21	-38.33	-45.800	25.813	-63.547	-0.65213	-0.67984	0.28763	0.17227	25.4	null	null	13113	60
2026-05-27T17:01:36.102	WT901BLE68(F3:F0:16:BF:DC:AE)	0.121	0.993	-0.090	1.221	-1.648	-0.610	95.80	-7.09	-38.61	-45.587	25.213	-63.107	-0.65213	-0.67984	0.28763	0.17227	25.4	null	null	13113	60
2026-05-27T17:01:36.193	WT901BLE68(F3:F0:16:BF:DC:AE)	0.120	0.987	-0.102	1.587	-0.732	-0.366	95.94	-7.01	-38.81	-45.587	25.213	-63.107	-0.65213	-0.67984	0.28763	0.17227	25.4	null	null	13113	60
2026-05-27T17:01:36.314	WT901BLE68(F3:F0:16:BF:DC:AE)	0.110	0.987	-0.113	2.625	0.183	-0.366	96.15	-6.99	-38.65	-45.587	25.213	-63.107	-0.64499	-0.68604	0.28497	0.17899	25.4	null	null	13113	60
2026-05-27T17:01:36.373	WT901BLE68(F3:F0:16:BF:DC:AE)	0.118	0.989	-0.104	3.052	-1.221	0.000	96.44	-6.96	-38.83	-45.587	25.213	-63.107	-0.64499	-0.68604	0.28497	0.17899	25.4	null	null	13113	60
2026-05-27T17:01:36.496	WT901BLE68(F3:F0:16:BF:DC:AE)	0.125	0.983	-0.133	2.380	-2.625	0.671	96.68	-6.95	-39.09	-45.587	25.213	-63.107	-0.64499	-0.68604	0.28497	0.17899	25.4	null	null	13113	60
2026-05-27T17:01:36.586	WT901BLE68(F3:F0:16:BF:DC:AE)	0.124	0.990	-0.102	2.075	-6.226	0.183	96.88	-6.88	-39.72	-45.587	25.213	-63.107	-0.64499	-0.68604	0.28497	0.17899	25.4	null	null	13113	60
2026-05-27T17:01:36.701	WT901BLE68(F3:F0:16:BF:DC:AE)	0.122	0.984	-0.129	2.686	-4.700	1.221	97.14	-6.88	-40.35	-45.587	25.213	-63.107	-0.64499	-0.68604	0.28497	0.17899	25.4	null	null	13113	60
2026-05-27T17:01:36.789	WT901BLE68(F3:F0:16:BF:DC:AE)	0.123	0.984	-0.148	3.174	-0.671	0.488	97.47	-6.94	-40.62	-45.587	25.213	-63.107	-0.64499	-0.68604	0.28497	0.17899	25.4	null	null	13113	60
2026-05-27T17:01:36.911	WT901BLE68(F3:F0:16:BF:DC:AE)	0.116	0.987	-0.129	1.282	-3.418	0.549	97.71	-6.95	-40.82	-45.587	25.213	-63.107	-0.64499	-0.68604	0.28497	0.17899	25.4	null	null	13113	60
2026-05-27T17:01:36.969	WT901BLE68(F3:F0:16:BF:DC:AE)	0.116	0.985	-0.140	1.282	-1.526	0.549	97.88	-6.98	-40.96	-47.687	23.833	-65.000	-0.64499	-0.68604	0.28497	0.17899	25.4	null	null	13113	60
2026-05-27T17:01:37.096	WT901BLE68(F3:F0:16:BF:DC:AE)	0.123	0.985	-0.134	0.732	-2.380	0.549	98.03	-7.00	-41.18	-47.687	23.833	-65.000	-0.64499	-0.68604	0.28497	0.17899	25.4	null	null	13113	60
2026-05-27T17:01:37.178	WT901BLE68(F3:F0:16:BF:DC:AE)	0.126	0.984	-0.149	0.671	1.038	0.000	98.10	-7.04	-41.18	-47.687	23.833	-65.000	-0.62885	-0.69119	0.30280	0.18713	25.4	null	null	13113	60
2026-05-27T17:01:37.306	WT901BLE68(F3:F0:16:BF:DC:AE)	0.123	0.983	-0.146	0.793	1.099	-0.305	98.15	-7.05	-40.99	-47.687	23.833	-65.000	-0.62885	-0.69119	0.30280	0.18713	25.4	null	null	13113	60
2026-05-27T17:01:37.393	WT901BLE68(F3:F0:16:BF:DC:AE)	0.122	0.984	-0.141	0.977	1.343	-0.305	98.20	-7.03	-40.84	-47.687	23.833	-65.000	-0.62885	-0.69119	0.30280	0.18713	25.4	null	null	13113	60
2026-05-27T17:01:37.515	WT901BLE68(F3:F0:16:BF:DC:AE)	0.120	0.986	-0.140	0.671	-1.831	-0.244	98.27	-6.98	-40.86	-47.687	23.833	-65.000	-0.62885	-0.69119	0.30280	0.18713	25.4	null	null	13113	60
2026-05-27T17:01:37.603	WT901BLE68(F3:F0:16:BF:DC:AE)	0.119	0.985	-0.144	0.244	-0.977	-0.122	98.33	-6.95	-40.97	-47.687	23.833	-65.000	-0.62885	-0.69119	0.30280	0.18713	25.4	null	null	13113	60
2026-05-27T17:01:37.726	WT901BLE68(F3:F0:16:BF:DC:AE)	0.113	0.979	-0.153	-0.122	-1.709	-0.610	98.33	-6.89	-41.12	-47.687	23.833	-65.000	-0.62885	-0.69119	0.30280	0.18713	25.4	null	null	13113	60
2026-05-27T17:01:37.781	WT901BLE68(F3:F0:16:BF:DC:AE)	0.122	0.986	-0.145	-1.099	-5.554	-0.916	98.33	-6.75	-41.52	-47.687	23.833	-65.000	-0.62885	-0.69119	0.30280	0.18713	25.4	null	null	13113	60
2026-05-27T17:01:37.900	WT901BLE68(F3:F0:16:BF:DC:AE)	0.120	0.983	-0.146	-2.258	-4.578	-1.648	98.26	-6.56	-41.96	-48.447	23.413	-63.827	-0.62885	-0.69119	0.30280	0.18713	25.4	null	null	13113	60
2026-05-27T17:01:37.992	WT901BLE68(F3:F0:16:BF:DC:AE)	0.118	0.994	-0.156	-2.747	-8.545	-3.784	98.12	-6.21	-42.56	-48.447	23.413	-63.827	-0.62885	-0.69119	0.30280	0.18713	25.4	null	null	13113	60
2026-05-27T17:01:38.113	WT901BLE68(F3:F0:16:BF:DC:AE)	0.123	0.985	-0.145	-3.723	-6.531	-5.859	97.87	-5.63	-43.32	-48.447	23.413	-63.827	-0.62411	-0.68939	0.30737	0.20154	25.4	null	null	13113	60
2026-05-27T17:01:38.202	WT901BLE68(F3:F0:16:BF:DC:AE)	0.085	0.994	-0.116	-4.089	-5.371	-6.592	97.56	-5.00	-43.64	-48.447	23.413	-63.827	-0.62411	-0.68939	0.30737	0.20154	25.4	null	null	13113	60
2026-05-27T17:01:38.323	WT901BLE68(F3:F0:16:BF:DC:AE)	0.080	0.996	-0.142	-6.714	-14.099	-5.310	97.17	-4.35	-44.53	-48.447	23.413	-63.827	-0.62411	-0.68939	0.30737	0.20154	25.4	null	null	13113	60
2026-05-27T17:01:38.380	WT901BLE68(F3:F0:16:BF:DC:AE)	0.087	0.997	-0.139	-11.963	-12.817	-7.202	96.44	-3.63	-45.92	-48.447	23.413	-63.827	-0.62411	-0.68939	0.30737	0.20154	25.4	null	null	13113	60
2026-05-27T17:01:38.504	WT901BLE68(F3:F0:16:BF:DC:AE)	-0.019	0.994	-0.108	-2.380	0.000	-9.094	95.78	-2.77	-45.99	-48.447	23.413	-63.827	-0.62411	-0.68939	0.30737	0.20154	25.4	null	null	13113	60
2026-05-27T17:01:38.590	WT901BLE68(F3:F0:16:BF:DC:AE)	0.011	1.002	-0.027	-4.211	-9.399	-4.456	95.43	-2.02	-46.67	-48.447	23.413	-63.827	-0.62411	-0.68939	0.30737	0.20154	25.4	null	null	13113	60
2026-05-27T17:01:38.712	WT901BLE68(F3:F0:16:BF:DC:AE)	0.031	0.992	-0.110	-2.197	8.118	-4.333	94.98	-1.57	-46.59	-48.447	23.413	-63.827	-0.62411	-0.68939	0.30737	0.20154	25.4	null	null	13113	60
2026-05-27T17:01:38.798	WT901BLE68(F3:F0:16:BF:DC:AE)	-0.004	0.995	-0.065	1.160	2.075	-1.892	94.86	-1.25	-45.94	-55.967	24.787	-58.847	-0.62411	-0.68939	0.30737	0.20154	25.4	null	null	13113	60
2026-05-27T17:01:38.922	WT901BLE68(F3:F0:16:BF:DC:AE)	-0.022	1.009	-0.036	2.991	1.221	-0.183	95.00	-1.05	-45.82	-55.967	24.787	-58.847	-0.62411	-0.68939	0.30737	0.20154	25.4	null	null	13113	60
2026-05-27T17:01:38.979	WT901BLE68(F3:F0:16:BF:DC:AE)	-0.012	0.998	-0.085	4.211	0.854	2.747	95.24	-1.07	-45.60	-55.967	24.787	-58.847	-0.62445	-0.67746	0.29224	0.25613	25.4	null	null	13113	60
2026-05-27T17:01:39.134	WT901BLE68(F3:F0:16:BF:DC:AE)	0.006	1.002	-0.096	4.944	-3.540	4.944	95.66	-1.36	-45.58	-55.967	24.787	-58.847	-0.62445	-0.67746	0.29224	0.25613	25.4	null	null	13113	60
2026-05-27T17:01:39.190	WT901BLE68(F3:F0:16:BF:DC:AE)	0.015	0.999	-0.087	4.883	2.930	5.432	96.10	-1.77	-45.67	-55.967	24.787	-58.847	-0.62445	-0.67746	0.29224	0.25613	25.4	null	null	13113	60
2026-05-27T17:01:39.315	WT901BLE68(F3:F0:16:BF:DC:AE)	0.030	1.005	-0.098	5.554	3.662	8.667	96.56	-2.38	-45.37	-55.967	24.787	-58.847	-0.62445	-0.67746	0.29224	0.25613	25.4	null	null	13113	60
2026-05-27T17:01:39.402	WT901BLE68(F3:F0:16:BF:DC:AE)	0.077	0.993	-0.144	5.127	12.817	8.118	97.06	-3.24	-44.56	-55.967	24.787	-58.847	-0.62445	-0.67746	0.29224	0.25613	25.4	null	null	13113	60
2026-05-27T17:01:39.525	WT901BLE68(F3:F0:16:BF:DC:AE)	0.059	0.991	-0.141	4.089	1.221	8.240	97.45	-4.04	-43.89	-55.967	24.787	-58.847	-0.62445	-0.67746	0.29224	0.25613	25.4	null	null	13113	60
2026-05-27T17:01:39.612	WT901BLE68(F3:F0:16:BF:DC:AE)	0.115	0.976	-0.151	2.625	7.385	8.301	97.82	-4.89	-43.64	-55.967	24.787	-58.847	-0.62445	-0.67746	0.29224	0.25613	25.4	null	null	13113	60
2026-05-27T17:01:39.735	WT901BLE68(F3:F0:16:BF:DC:AE)	0.100	0.982	-0.161	1.099	11.536	6.897	97.98	-5.69	-42.73	-51.533	24.527	-62.100	-0.62445	-0.67746	0.29224	0.25613	25.4	null	null	13113	60
2026-05-27T17:01:39.789	WT901BLE68(F3:F0:16:BF:DC:AE)	0.131	0.988	-0.155	2.258	9.888	6.165	98.10	-6.45	-41.91	-51.533	24.527	-62.100	-0.62445	-0.67746	0.29224	0.25613	25.4	null	null	13113	60
2026-05-27T17:01:39.912	WT901BLE68(F3:F0:16:BF:DC:AE)	0.129	0.987	-0.135	2.075	22.339	6.409	98.14	-7.31	-40.20	-51.533	24.527	-62.100	-0.62640	-0.69113	0.30405	0.19330	25.4	null	null	13113	60
2026-05-27T17:01:40.001	WT901BLE68(F3:F0:16:BF:DC:AE)	0.150	0.978	-0.144	-0.549	5.920	6.042	98.04	-8.11	-38.92	-51.533	24.527	-62.100	-0.62640	-0.69113	0.30405	0.19330	25.4	null	null	13113	60
2026-05-27T17:01:40.123	WT901BLE68(F3:F0:16:BF:DC:AE)	0.155	0.976	-0.138	0.549	0.000	5.554	98.03	-8.68	-38.80	-51.533	24.527	-62.100	-0.62640	-0.69113	0.30405	0.19330	25.4	null	null	13113	60
2026-05-27T17:01:40.212	WT901BLE68(F3:F0:16:BF:DC:AE)	0.167	0.981	-0.126	-0.793	-5.615	6.287	98.11	-9.21	-39.25	-51.533	24.527	-62.100	-0.62640	-0.69113	0.30405	0.19330	25.4	null	null	13113	60
2026-05-27T17:01:40.332	WT901BLE68(F3:F0:16:BF:DC:AE)	0.174	1.035	-0.098	-16.479	-5.737	8.240	97.62	-9.82	-39.82	-51.533	24.527	-62.100	-0.62640	-0.69113	0.30405	0.19330	25.4	null	null	13113	60
2026-05-27T17:01:40.421	WT901BLE68(F3:F0:16:BF:DC:AE)	0.185	0.894	-0.016	-56.946	-71.228	23.193	93.56	-10.93	-42.43	-51.533	24.527	-62.100	-0.62640	-0.69113	0.30405	0.19330	25.4	null	null	13113	60
2026-05-27T17:01:40.544	WT901BLE68(F3:F0:16:BF:DC:AE)	0.132	0.968	-0.123	-0.916	-3.662	6.348	93.07	-11.93	-45.25	-51.533	24.527	-62.100	-0.62640	-0.69113	0.30405	0.19330	25.4	null	null	13113	60
2026-05-27T17:01:40.599	WT901BLE68(F3:F0:16:BF:DC:AE)	0.229	0.985	0.018	-4.700	-22.278	7.751	93.24	-12.50	-46.93	-46.447	29.427	-58.547	-0.62640	-0.69113	0.30405	0.19330	25.4	null	null	13113	60
2026-05-27T17:01:40.725	WT901BLE68(F3:F0:16:BF:DC:AE)	0.180	0.968	-0.113	-5.310	-23.560	4.150	93.16	-12.96	-49.02	-46.447	29.427	-58.547	-0.62640	-0.69113	0.30405	0.19330	25.4	null	null	13113	60
2026-05-27T17:01:40.809	WT901BLE68(F3:F0:16:BF:DC:AE)	0.255	0.976	-0.079	-2.136	-45.654	3.906	93.81	-13.13	-52.53	-46.447	29.427	-58.547	-0.65335	-0.62158	0.37567	0.21335	25.4	null	null	13113	60
2026-05-27T17:01:40.934	WT901BLE68(F3:F0:16:BF:DC:AE)	0.324	0.965	-0.079	-0.122	-13.611	6.165	94.52	-13.46	-55.97	-46.447	29.427	-58.547	-0.65335	-0.62158	0.37567	0.21335	25.4	null	null	13113	60
2026-05-27T17:01:41.024	WT901BLE68(F3:F0:16:BF:DC:AE)	0.291	0.959	-0.141	1.038	4.883	3.540	94.61	-14.01	-55.85	-46.447	29.427	-58.547	-0.65335	-0.62158	0.37567	0.21335	25.4	null	null	13113	60
2026-05-27T17:01:41.143	WT901BLE68(F3:F0:16:BF:DC:AE)	0.290	0.961	-0.046	0.061	7.751	1.099	94.65	-14.39	-54.84	-46.447	29.427	-58.547	-0.65335	-0.62158	0.37567	0.21335	25.4	null	null	13113	60
2026-05-27T17:01:41.202	WT901BLE68(F3:F0:16:BF:DC:AE)	0.261	0.959	-0.051	0.305	16.846	0.732	94.27	-14.65	-52.75	-46.447	29.427	-58.547	-0.65335	-0.62158	0.37567	0.21335	25.4	null	null	13113	60
2026-05-27T17:01:41.323	WT901BLE68(F3:F0:16:BF:DC:AE)	0.254	0.966	-0.089	2.869	12.573	0.305	94.09	-14.87	-51.16	-46.447	29.427	-58.547	-0.65335	-0.62158	0.37567	0.21335	25.4	null	null	13113	60
2026-05-27T17:01:41.413	WT901BLE68(F3:F0:16:BF:DC:AE)	0.278	0.965	-0.052	4.211	9.094	-1.343	94.26	-14.88	-49.93	-46.447	29.427	-58.547	-0.65335	-0.62158	0.37567	0.21335	25.4	null	null	13113	60
2026-05-27T17:01:41.532	WT901BLE68(F3:F0:16:BF:DC:AE)	0.262	0.966	-0.051	0.610	13.550	-0.854	94.17	-14.90	-48.42	-47.793	30.693	-55.173	-0.65335	-0.62158	0.37567	0.21335	25.4	null	null	13113	60
2026-05-27T17:01:41.624	WT901BLE68(F3:F0:16:BF:DC:AE)	0.335	0.958	-0.083	-2.502	-9.399	0.183	93.87	-14.75	-48.15	-47.793	30.693	-55.173	-0.65335	-0.62158	0.37567	0.21335	25.4	null	null	13113	60
2026-05-27T17:01:41.741	WT901BLE68(F3:F0:16:BF:DC:AE)	0.280	0.961	-0.057	-2.075	1.343	-1.648	93.78	-14.74	-47.66	-47.793	30.693	-55.173	-0.65674	-0.62595	0.37512	0.18988	25.4	null	null	13113	60
2026-05-27T17:01:41.831	WT901BLE68(F3:F0:16:BF:DC:AE)	0.264	0.970	-0.064	-4.333	1.892	-2.014	93.35	-14.61	-46.91	-47.793	30.693	-55.173	-0.65674	-0.62595	0.37512	0.18988	25.4	null	null	13113	60
2026-05-27T17:01:41.950	WT901BLE68(F3:F0:16:BF:DC:AE)	0.246	0.968	-0.059	0.366	9.033	-2.258	92.99	-14.51	-46.16	-47.793	30.693	-55.173	-0.65674	-0.62595	0.37512	0.18988	25.4	null	null	13113	60
2026-05-27T17:01:42.009	WT901BLE68(F3:F0:16:BF:DC:AE)	0.228	0.968	-0.039	-1.221	-3.845	-3.479	92.80	-14.28	-45.57	-47.793	30.693	-55.173	-0.65674	-0.62595	0.37512	0.18988	25.4	null	null	13113	60
2026-05-27T17:01:42.135	WT901BLE68(F3:F0:16:BF:DC:AE)	0.233	0.976	-0.023	2.258	7.507	-3.418	92.81	-13.99	-45.55	-47.793	30.693	-55.173	-0.65674	-0.62595	0.37512	0.18988	25.4	null	null	13113	60
2026-05-27T17:01:42.223	WT901BLE68(F3:F0:16:BF:DC:AE)	0.210	0.974	-0.035	3.479	-17.761	-3.845	93.16	-13.58	-45.94	-47.793	30.693	-55.173	-0.65674	-0.62595	0.37512	0.18988	25.4	null	null	13113	60
2026-05-27T17:01:42.340	WT901BLE68(F3:F0:16:BF:DC:AE)	0.223	0.974	-0.083	3.296	-25.940	-3.296	93.97	-13.01	-48.34	-47.793	30.693	-55.173	-0.65674	-0.62595	0.37512	0.18988	25.4	null	null	13113	60
2026-05-27T17:01:42.433	WT901BLE68(F3:F0:16:BF:DC:AE)	0.201	0.976	-0.079	2.563	-7.507	-4.150	94.61	-12.56	-49.64	-49.587	30.353	-55.587	-0.65674	-0.62595	0.37512	0.18988	25.4	null	null	13113	60
2026-05-27T17:01:42.552	WT901BLE68(F3:F0:16:BF:DC:AE)	0.249	0.985	-0.071	-0.061	3.906	-4.639	94.67	-12.12	-49.99	-49.587	30.353	-55.587	-0.65674	-0.62595	0.37512	0.18988	25.4	null	null	13113	60
2026-05-27T17:01:42.609	WT901BLE68(F3:F0:16:BF:DC:AE)	0.198	0.972	-0.141	4.761	10.925	-3.235	94.76	-11.84	-49.04	-49.587	30.353	-55.587	-0.64426	-0.63449	0.37009	0.21274	25.4	null	null	13113	60
2026-05-27T17:01:42.732	WT901BLE68(F3:F0:16:BF:DC:AE)	0.201	0.957	-0.130	18.372	14.282	-6.958	95.76	-11.41	-47.37	-49.587	30.353	-55.587	-0.64426	-0.63449	0.37009	0.21274	25.4	null	null	13113	60
2026-05-27T17:01:42.822	WT901BLE68(F3:F0:16:BF:DC:AE)	0.192	0.990	-0.143	27.649	20.081	-5.310	98.07	-11.02	-45.47	-49.587	30.353	-55.587	-0.64426	-0.63449	0.37009	0.21274	25.4	null	null	13113	60
2026-05-27T17:01:42.942	WT901BLE68(F3:F0:16:BF:DC:AE)	0.187	0.990	-0.136	14.221	15.076	-2.808	99.60	-10.92	-43.87	-49.587	30.353	-55.587	-0.64426	-0.63449	0.37009	0.21274	25.4	null	null	13113	60
2026-05-27T17:01:43.033	WT901BLE68(F3:F0:16:BF:DC:AE)	0.210	0.978	-0.120	1.770	21.179	-4.272	99.70	-10.82	-42.01	-49.587	30.353	-55.587	-0.64426	-0.63449	0.37009	0.21274	25.4	null	null	13113	60
2026-05-27T17:01:43.154	WT901BLE68(F3:F0:16:BF:DC:AE)	0.181	0.971	-0.187	-0.061	17.395	-5.005	99.27	-10.71	-40.00	-49.587	30.353	-55.587	-0.64426	-0.63449	0.37009	0.21274	25.4	null	null	13113	60
2026-05-27T17:01:43.241	WT901BLE68(F3:F0:16:BF:DC:AE)	0.184	0.972	-0.165	-0.549	19.775	-4.761	98.89	-10.52	-38.27	-49.587	30.353	-55.587	-0.64426	-0.63449	0.37009	0.21274	25.4	null	null	13113	60
2026-05-27T17:01:43.360	WT901BLE68(F3:F0:16:BF:DC:AE)	0.181	0.979	-0.141	-1.221	23.315	-5.371	98.44	-10.33	-36.34	-46.380	24.453	-63.533	-0.64426	-0.63449	0.37009	0.21274	25.4	null	null	13113	60
2026-05-27T17:01:43.422	WT901BLE68(F3:F0:16:BF:DC:AE)	0.158	0.978	-0.122	-1.038	21.545	-3.418	97.89	-10.25	-34.05	-46.380	24.453	-63.533	-0.64441	-0.70065	0.27789	0.12848	25.4	null	null	13113	60
2026-05-27T17:01:43.540	WT901BLE68(F3:F0:16:BF:DC:AE)	0.171	0.976	-0.143	-1.465	-0.671	-2.136	97.62	-10.04	-33.57	-46.380	24.453	-63.533	-0.64441	-0.70065	0.27789	0.12848	25.4	null	null	13113	60
2026-05-27T17:01:43.631	WT901BLE68(F3:F0:16:BF:DC:AE)	0.176	0.980	-0.140	-0.854	8.972	-2.625	97.50	-9.84	-33.40	-46.380	24.453	-63.533	-0.64441	-0.70065	0.27789	0.12848	25.4	null	null	13113	60
2026-05-27T17:01:43.751	WT901BLE68(F3:F0:16:BF:DC:AE)	0.171	0.979	-0.127	-2.686	8.057	-3.418	97.17	-9.65	-32.84	-46.380	24.453	-63.533	-0.64441	-0.70065	0.27789	0.12848	25.4	null	null	13113	60
2026-05-27T17:01:43.846	WT901BLE68(F3:F0:16:BF:DC:AE)	0.160	0.980	-0.119	0.366	5.981	-1.770	96.93	-9.54	-32.25	-46.380	24.453	-63.533	-0.64441	-0.70065	0.27789	0.12848	25.4	null	null	13113	60
2026-05-27T17:01:43.962	WT901BLE68(F3:F0:16:BF:DC:AE)	0.158	0.989	-0.103	-0.916	-2.625	-2.197	96.94	-9.34	-32.39	-46.380	24.453	-63.533	-0.64441	-0.70065	0.27789	0.12848	25.4	null	null	13113	60
2026-05-27T17:01:44.018	WT901BLE68(F3:F0:16:BF:DC:AE)	0.165	0.982	-0.115	-0.977	-0.061	-2.014	96.84	-9.12	-32.81	-46.380	24.453	-63.533	-0.64441	-0.70065	0.27789	0.12848	25.4	null	null	13113	60
2026-05-27T17:01:44.142	WT901BLE68(F3:F0:16:BF:DC:AE)	0.154	0.984	-0.128	-0.671	-4.089	-2.686	96.80	-8.89	-33.16	-46.380	24.453	-63.533	-0.64441	-0.70065	0.27789	0.12848	25.4	null	null	13113	60
2026-05-27T17:01:44.228	WT901BLE68(F3:F0:16:BF:DC:AE)	0.156	0.987	-0.120	-0.244	-3.235	-2.991	96.83	-8.57	-33.99	-43.313	25.073	-65.367	-0.64441	-0.70065	0.27789	0.12848	25.4	null	null	13113	60
2026-05-27T17:01:44.351	WT901BLE68(F3:F0:16:BF:DC:AE)	0.131	0.980	-0.125	-0.854	-8.362	-3.296	96.82	-8.18	-34.69	-43.313	25.073	-65.367	-0.64441	-0.70065	0.27789	0.12848	25.4	null	null	13113	60
2026-05-27T17:01:44.439	WT901BLE68(F3:F0:16:BF:DC:AE)	0.149	0.988	-0.100	-1.038	-8.362	-2.869	96.84	-7.79	-35.83	-43.313	25.073	-65.367	-0.64694	-0.69736	0.26941	0.14984	25.4	null	null	13113	60
2026-05-27T17:01:44.562	WT901BLE68(F3:F0:16:BF:DC:AE)	0.118	0.990	-0.115	-2.014	-8.850	-2.625	96.78	-7.43	-36.66	-43.313	25.073	-65.367	-0.64694	-0.69736	0.26941	0.14984	25.4	null	null	13113	60
2026-05-27T17:01:44.649	WT901BLE68(F3:F0:16:BF:DC:AE)	0.128	0.991	-0.111	-3.540	-10.620	-2.808	96.61	-7.04	-37.92	-43.313	25.073	-65.367	-0.64694	-0.69736	0.26941	0.14984	25.4	null	null	13113	60
2026-05-27T17:01:44.773	WT901BLE68(F3:F0:16:BF:DC:AE)	0.126	0.988	-0.113	-6.775	-9.705	-4.333	96.21	-6.60	-39.03	-43.313	25.073	-65.367	-0.64694	-0.69736	0.26941	0.14984	25.4	null	null	13113	60
2026-05-27T17:01:44.832	WT901BLE68(F3:F0:16:BF:DC:AE)	0.106	0.987	-0.109	-4.395	-10.559	-6.104	95.76	-6.05	-40.05	-43.313	25.073	-65.367	-0.64694	-0.69736	0.26941	0.14984	25.4	null	null	13113	60
2026-05-27T17:01:44.947	WT901BLE68(F3:F0:16:BF:DC:AE)	0.051	1.000	-0.080	-11.047	-33.875	-4.395	95.39	-5.36	-41.64	-43.313	25.073	-65.367	-0.64694	-0.69736	0.26941	0.14984	25.4	null	null	13113	60
2026-05-27T17:01:45.045	WT901BLE68(F3:F0:16:BF:DC:AE)	0.132	0.979	-0.096	-9.277	-9.338	-8.484	94.43	-4.49	-45.19	-43.313	25.073	-65.367	-0.64694	-0.69736	0.26941	0.14984	25.4	null	null	13113	60
2026-05-27T17:01:45.161	WT901BLE68(F3:F0:16:BF:DC:AE)	0.021	0.982	-0.126	6.409	21.667	-9.949	94.21	-3.75	-44.30	-53.073	26.140	-59.393	-0.64694	-0.69736	0.26941	0.14984	25.4	null	null	13113	60
2026-05-27T17:01:45.255	WT901BLE68(F3:F0:16:BF:DC:AE)	0.033	1.017	-0.006	-2.258	-21.179	-7.874	94.64	-2.87	-44.17	-53.073	26.140	-59.393	-0.64694	-0.69736	0.26941	0.14984	25.4	null	null	13113	60
2026-05-27T17:01:45.373	WT901BLE68(F3:F0:16:BF:DC:AE)	0.019	0.999	-0.068	-3.723	-4.395	-7.690	94.13	-1.98	-45.84	-53.073	26.140	-59.393	-0.63321	-0.67261	0.29456	0.24445	25.4	null	null	13113	60
2026-05-27T17:01:45.430	WT901BLE68(F3:F0:16:BF:DC:AE)	-0.015	1.001	-0.081	-1.404	-18.188	-5.127	93.89	-1.26	-46.41	-53.073	26.140	-59.393	-0.63321	-0.67261	0.29456	0.24445	25.4	null	null	13113	60
2026-05-27T17:01:45.549	WT901BLE68(F3:F0:16:BF:DC:AE)	-0.006	1.001	-0.039	-1.648	-10.193	-4.089	93.75	-0.63	-47.88	-53.073	26.140	-59.393	-0.63321	-0.67261	0.29456	0.24445	25.4	null	null	13113	60
2026-05-27T17:01:45.639	WT901BLE68(F3:F0:16:BF:DC:AE)	-0.029	1.004	-0.046	-0.793	-10.559	-3.052	93.57	-0.15	-48.78	-53.073	26.140	-59.393	-0.63321	-0.67261	0.29456	0.24445	25.4	null	null	13113	60
2026-05-27T17:01:45.766	WT901BLE68(F3:F0:16:BF:DC:AE)	-0.014	0.996	-0.064	0.061	-6.287	-1.282	93.47	0.20	-49.65	-53.073	26.140	-59.393	-0.63321	-0.67261	0.29456	0.24445	25.4	null	null	13113	60
2026-05-27T17:01:45.851	WT901BLE68(F3:F0:16:BF:DC:AE)	-0.010	1.017	-0.049	0.061	-8.667	-0.671	93.49	0.41	-50.19	-53.073	26.140	-59.393	-0.63321	-0.67261	0.29456	0.24445	25.4	null	null	13113	60
2026-05-27T17:01:45.971	WT901BLE68(F3:F0:16:BF:DC:AE)	-0.032	1.002	-0.083	-1.953	-3.357	0.732	93.36	0.44	-50.56	-53.073	26.140	-59.393	-0.63321	-0.67261	0.29456	0.24445	25.4	null	null	13113	60
2026-05-27T17:01:46.029	WT901BLE68(F3:F0:16:BF:DC:AE)	-0.000	1.005	-0.042	-2.319	-3.967	1.343	93.15	0.41	-51.05	-61.153	24.247	-55.453	-0.63321	-0.67261	0.29456	0.24445	25.4	null	null	13113	60
2026-05-27T17:01:46.184	WT901BLE68(F3:F0:16:BF:DC:AE)	-0.009	0.998	-0.064	-2.258	4.028	0.732	92.94	0.34	-50.76	-61.153	24.247	-55.453	-0.63321	-0.67261	0.29456	0.24445	25.4	null	null	13113	60
2026-05-27T17:01:46.239	WT901BLE68(F3:F0:16:BF:DC:AE)	-0.016	0.994	-0.055	-3.967	17.029	1.587	92.60	0.17	-49.87	-61.153	24.247	-55.453	-0.62335	-0.65573	0.30688	0.29526	25.4	null	null	13113	60
2026-05-27T17:01:46.362	WT901BLE68(F3:F0:16:BF:DC:AE)	-0.001	0.998	-0.003	-1.953	3.723	0.977	92.36	0.03	-48.45	-61.153	24.247	-55.453	-0.62335	-0.65573	0.30688	0.29526	25.4	null	null	13113	60
2026-05-27T17:01:46.453	WT901BLE68(F3:F0:16:BF:DC:AE)	0.004	1.000	-0.002	1.953	6.592	-0.549	92.30	-0.01	-47.77	-61.153	24.247	-55.453	-0.62335	-0.65573	0.30688	0.29526	25.4	null	null	13113	60
2026-05-27T17:01:46.577	WT901BLE68(F3:F0:16:BF:DC:AE)	0.007	0.997	-0.076	3.113	-3.357	-1.343	92.44	0.05	-47.69	-61.153	24.247	-55.453	-0.62335	-0.65573	0.30688	0.29526	25.4	null	null	13113	60
2026-05-27T17:01:46.660	WT901BLE68(F3:F0:16:BF:DC:AE)	-0.000	0.997	-0.023	2.258	-5.127	-1.282	92.72	0.22	-48.17	-61.153	24.247	-55.453	-0.62335	-0.65573	0.30688	0.29526	25.4	null	null	13113	60
2026-05-27T17:01:46.780	WT901BLE68(F3:F0:16:BF:DC:AE)	0.002	0.994	-0.071	3.052	1.038	-1.709	92.98	0.40	-48.25	-61.153	24.247	-55.453	-0.62335	-0.65573	0.30688	0.29526	25.4	null	null	13113	60
2026-05-27T17:01:46.839	WT901BLE68(F3:F0:16:BF:DC:AE)	-0.030	1.006	-0.051	3.784	9.521	-1.526	93.30	0.53	-47.77	-60.127	24.953	-56.053	-0.62335	-0.65573	0.30688	0.29526	25.4	null	null	13113	60
2026-05-27T17:01:46.967	WT901BLE68(F3:F0:16:BF:DC:AE)	-0.054	0.994	-0.074	2.014	-6.165	0.793	93.60	0.53	-47.56	-60.127	24.953	-56.053	-0.62335	-0.65573	0.30688	0.29526	25.4	null	null	13113	60
2026-05-27T17:01:47.052	WT901BLE68(F3:F0:16:BF:DC:AE)	-0.021	1.006	-0.062	0.366	-7.385	3.540	93.79	0.42	-48.12	-60.127	24.953	-56.053	-0.62335	-0.65573	0.30688	0.29526	25.4	null	null	13113	60
2026-05-27T17:01:47.174	WT901BLE68(F3:F0:16:BF:DC:AE)	-0.019	0.998	-0.095	0.854	6.531	6.165	93.88	0.04	-47.90	-60.127	24.953	-56.053	-0.62268	-0.66751	0.29599	0.28098	25.4	null	null	13113	60
2026-05-27T17:01:47.260	WT901BLE68(F3:F0:16:BF:DC:AE)	-0.021	1.007	-0.049	-0.488	-0.488	7.996	93.97	-0.57	-47.42	-60.127	24.953	-56.053	-0.62268	-0.66751	0.29599	0.28098	25.4	null	null	13113	60
2026-05-27T17:01:47.383	WT901BLE68(F3:F0:16:BF:DC:AE)	-0.001	1.013	-0.038	-2.258	-2.625	9.888	93.80	-1.30	-47.76	-60.127	24.953	-56.053	-0.62268	-0.66751	0.29599	0.28098	25.4	null	null	13113	60
2026-05-27T17:01:47.471	WT901BLE68(F3:F0:16:BF:DC:AE)	0.011	1.004	-0.054	-23.254	-2.747	14.343	91.92	-2.60	-48.09	-60.127	24.953	-56.053	-0.62268	-0.66751	0.29599	0.28098	25.4	null	null	13113	60
2026-05-27T17:01:47.591	WT901BLE68(F3:F0:16:BF:DC:AE)	0.083	0.996	0.035	-2.075	4.456	16.296	90.69	-3.97	-48.60	-60.127	24.953	-56.053	-0.62268	-0.66751	0.29599	0.28098	25.4	null	null	13113	60
2026-05-27T17:01:47.650	WT901BLE68(F3:F0:16:BF:DC:AE)	0.108	1.002	0.029	-5.859	20.813	18.066	90.12	-5.58	-46.92	-60.127	24.953	-56.053	-0.62268	-0.66751	0.29599	0.28098	25.4	null	null	13113	60
2026-05-27T17:01:47.776	WT901BLE68(F3:F0:16:BF:DC:AE)	0.168	0.992	0.010	-8.545	23.193	16.296	89.09	-7.23	-44.81	-60.127	24.953	-56.053	-0.62268	-0.66751	0.29599	0.28098	25.4	null	null	13113	60
2026-05-27T17:01:47.858	WT901BLE68(F3:F0:16:BF:DC:AE)	0.246	1.009	0.317	-34.546	21.667	10.742	86.63	-8.28	-41.61	-50.813	31.487	-54.887	-0.62268	-0.66751	0.29599	0.28098	25.4	null	null	13113	60
2026-05-27T17:01:47.979	WT901BLE68(F3:F0:16:BF:DC:AE)	0.126	0.996	-0.211	5.920	93.994	14.282	84.10	-10.15	-35.40	-50.813	31.487	-54.887	-0.62268	-0.66751	0.29599	0.28098	25.4	null	null	13113	60
2026-05-27T17:01:48.069	WT901BLE68(F3:F0:16:BF:DC:AE)	0.233	0.923	-0.042	-2.869	-7.080	26.794	83.86	-11.89	-33.68	-50.813	31.487	-54.887	-0.72675	-0.61713	0.25836	0.15527	25.4	null	null	13113	60
2026-05-27T17:01:48.194	WT901BLE68(F3:F0:16:BF:DC:AE)	0.200	0.955	-0.046	16.907	-35.828	3.723	86.05	-13.30	-36.54	-50.813	31.487	-54.887	-0.72675	-0.61713	0.25836	0.15527	25.4	null	null	13113	60
2026-05-27T17:01:48.250	WT901BLE68(F3:F0:16:BF:DC:AE)	0.268	0.974	0.124	19.287	-8.545	-9.583	88.42	-12.76	-37.97	-50.813	31.487	-54.887	-0.72675	-0.61713	0.25836	0.15527	25.4	null	null	13113	60
2026-05-27T17:01:48.376	WT901BLE68(F3:F0:16:BF:DC:AE)	0.338	0.973	0.087	10.315	4.211	-8.911	89.17	-11.54	-38.84	-50.813	31.487	-54.887	-0.72675	-0.61713	0.25836	0.15527	25.4	null	null	13113	60
2026-05-27T17:01:48.457	WT901BLE68(F3:F0:16:BF:DC:AE)	0.127	1.003	-0.012	10.437	-0.977	-15.503	89.68	-10.66	-37.97	-50.813	31.487	-54.887	-0.72675	-0.61713	0.25836	0.15527	25.4	null	null	13113	60
2026-05-27T17:01:48.581	WT901BLE68(F3:F0:16:BF:DC:AE)	0.173	0.995	-0.007	3.906	-43.518	-18.494	90.58	-8.91	-40.80	-50.813	31.487	-54.887	-0.72675	-0.61713	0.25836	0.15527	25.4	null	null	13113	60
2026-05-27T17:01:48.676	WT901BLE68(F3:F0:16:BF:DC:AE)	0.135	0.975	-0.049	4.150	-19.287	-19.409	91.29	-7.01	-43.14	-50.813	31.487	-54.887	-0.72675	-0.61713	0.25836	0.15527	25.4	null	null	13113	60
2026-05-27T17:01:48.792	WT901BLE68(F3:F0:16:BF:DC:AE)	-0.033	0.999	-0.082	14.526	-24.353	-19.226	92.36	-5.48	-44.14	-50.233	29.347	-57.880	-0.72675	-0.61713	0.25836	0.15527	25.4	null	null	13113	60
2026-05-27T17:01:48.881	WT901BLE68(F3:F0:16:BF:DC:AE)	0.064	1.040	0.077	-2.869	-34.668	-9.827	93.41	-4.04	-47.16	-50.233	29.347	-57.880	-0.64001	-0.65829	0.31094	0.24539	25.4	null	null	13113	60
2026-05-27T17:01:49.006	WT901BLE68(F3:F0:16:BF:DC:AE)	0.100	0.970	-0.034	-4.395	15.442	-4.883	92.61	-3.49	-47.08	-50.233	29.347	-57.880	-0.64001	-0.65829	0.31094	0.24539	25.4	null	null	13113	60
2026-05-27T17:01:49.062	WT901BLE68(F3:F0:16:BF:DC:AE)	0.019	0.970	-0.115	5.920	0.122	-2.930	92.68	-3.14	-45.75	-50.233	29.347	-57.880	-0.64001	-0.65829	0.31094	0.24539	25.4	null	null	13113	60
2026-05-27T17:01:49.184	WT901BLE68(F3:F0:16:BF:DC:AE)	0.030	1.031	-0.024	16.479	-3.296	0.183	94.37	-2.77	-46.25	-50.233	29.347	-57.880	-0.64001	-0.65829	0.31094	0.24539	25.4	null	null	13113	60
2026-05-27T17:01:49.275	WT901BLE68(F3:F0:16:BF:DC:AE)	-0.002	1.006	-0.060	12.939	15.991	6.470	95.42	-3.11	-45.45	-50.233	29.347	-57.880	-0.64001	-0.65829	0.31094	0.24539	25.4	null	null	13113	60
2026-05-27T17:01:49.394	WT901BLE68(F3:F0:16:BF:DC:AE)	0.044	1.004	-0.053	9.521	30.701	14.038	96.08	-4.20	-43.54	-50.233	29.347	-57.880	-0.64001	-0.65829	0.31094	0.24539	25.4	null	null	13113	60
2026-05-27T17:01:49.481	WT901BLE68(F3:F0:16:BF:DC:AE)	0.122	0.992	-0.082	6.592	52.185	22.156	96.43	-6.20	-39.63	-50.233	29.347	-57.880	-0.64001	-0.65829	0.31094	0.24539	25.4	null	null	13113	60
2026-05-27T17:01:49.599	WT901BLE68(F3:F0:16:BF:DC:AE)	0.223	1.023	-0.007	-18.005	44.128	23.376	95.44	-8.89	-35.03	-50.233	29.347	-57.880	-0.64001	-0.65829	0.31094	0.24539	25.4	null	null	13113	60
2026-05-27T17:01:49.660	WT901BLE68(F3:F0:16:BF:DC:AE)	0.288	1.008	0.104	-57.373	57.739	26.245	90.78	-11.49	-30.10	-40.727	26.440	-64.127	-0.64001	-0.65829	0.31094	0.24539	25.4	null	null	13113	60
2026-05-27T17:01:49.784	WT901BLE68(F3:F0:16:BF:DC:AE)	0.197	0.945	-0.038	-24.048	51.270	20.142	85.56	-14.17	-24.26	-40.727	26.440	-64.127	-0.64001	-0.65829	0.31094	0.24539	25.4	null	null	13113	60
2026-05-27T17:01:49.878	WT901BLE68(F3:F0:16:BF:DC:AE)	0.195	1.000	0.019	-22.461	17.761	-9.155	83.36	-14.83	-22.32	-40.727	26.440	-64.127	-0.73605	-0.63538	0.22498	0.06165	25.4	null	null	13113	60
2026-05-27T17:01:49.996	WT901BLE68(F3:F0:16:BF:DC:AE)	0.142	0.895	0.024	-20.386	-33.203	-18.127	81.37	-13.58	-23.35	-40.727	26.440	-64.127	-0.73605	-0.63538	0.22498	0.06165	25.4	null	null	13113	60
2026-05-27T17:01:50.082	WT901BLE68(F3:F0:16:BF:DC:AE)	0.312	0.891	0.145	7.385	-8.179	-5.859	81.59	-13.02	-28.08	-40.727	26.440	-64.127	-0.73605	-0.63538	0.22498	0.06165	25.4	null	null	13113	60
2026-05-27T17:01:50.203	WT901BLE68(F3:F0:16:BF:DC:AE)	0.214	0.992	0.037	24.109	-8.301	-6.287	83.45	-12.89	-29.16	-40.727	26.440	-64.127	-0.73605	-0.63538	0.22498	0.06165	25.4	null	null	13113	60
2026-05-27T17:01:50.291	WT901BLE68(F3:F0:16:BF:DC:AE)	0.367	0.937	0.125	13.977	-15.503	2.502	85.66	-12.93	-31.66	-40.727	26.440	-64.127	-0.73605	-0.63538	0.22498	0.06165	25.4	null	null	13113	60
2026-05-27T17:01:50.415	WT901BLE68(F3:F0:16:BF:DC:AE)	0.328	0.967	0.126	-0.916	12.451	0.916	86.34	-13.44	-32.67	-40.727	26.440	-64.127	-0.73605	-0.63538	0.22498	0.06165	25.4	null	null	13113	60
2026-05-27T17:01:50.473	WT901BLE68(F3:F0:16:BF:DC:AE)	0.164	0.968	0.043	0.366	14.526	-0.122	85.68	-13.43	-30.21	-34.713	32.633	-58.987	-0.73605	-0.63538	0.22498	0.06165	25.4	null	null	13113	60
2026-05-27T17:01:50.592	WT901BLE68(F3:F0:16:BF:DC:AE)	0.253	0.960	0.083	3.052	-14.526	-3.357	85.82	-13.23	-30.85	-34.713	32.633	-58.987	-0.73605	-0.63538	0.22498	0.06165	25.4	null	null	13113	60
2026-05-27T17:01:50.686	WT901BLE68(F3:F0:16:BF:DC:AE)	0.275	0.980	0.120	0.671	5.615	-3.601	86.18	-13.03	-32.08	-34.713	32.633	-58.987	-0.73605	-0.63538	0.22498	0.06165	25.4	null	null	13113	60
2026-05-27T17:01:50.800	WT901BLE68(F3:F0:16:BF:DC:AE)	0.253	0.991	0.154	-14.404	14.465	3.174	85.29	-13.19	-31.71	-34.713	32.633	-58.987	-0.71906	-0.62952	0.26602	0.12573	25.4	null	null	13113	60
2026-05-27T17:01:50.891	WT901BLE68(F3:F0:16:BF:DC:AE)	0.210	0.954	-0.048	-15.564	-10.803	-4.395	83.40	-13.10	-31.67	-34.713	32.633	-58.987	-0.71906	-0.62952	0.26602	0.12573	25.4	null	null	13113	60
2026-05-27T17:01:51.012	WT901BLE68(F3:F0:16:BF:DC:AE)	0.296	0.891	-0.089	8.118	-36.438	-1.526	84.27	-13.32	-33.79	-34.713	32.633	-58.987	-0.71906	-0.62952	0.26602	0.12573	25.4	null	null	13113	60
2026-05-27T17:01:51.073	WT901BLE68(F3:F0:16:BF:DC:AE)	0.230	1.041	0.294	16.296	42.480	-33.813	85.82	-11.97	-35.45	-34.713	32.633	-58.987	-0.71906	-0.62952	0.26602	0.12573	25.4	null	null	13113	60
2026-05-27T17:01:51.196	WT901BLE68(F3:F0:16:BF:DC:AE)	0.138	0.970	0.076	9.277	-30.212	-17.151	87.08	-9.96	-33.17	-34.713	32.633	-58.987	-0.71906	-0.62952	0.26602	0.12573	25.4	null	null	13113	60
2026-05-27T17:01:51.282	WT901BLE68(F3:F0:16:BF:DC:AE)	0.095	0.987	0.023	12.939	-22.583	-23.376	88.26	-7.91	-35.16	-34.713	32.633	-58.987	-0.71906	-0.62952	0.26602	0.12573	25.4	null	null	13113	60
2026-05-27T17:01:51.400	WT901BLE68(F3:F0:16:BF:DC:AE)	0.156	0.979	0.087	2.930	-36.255	-21.851	89.29	-5.75	-37.71	-34.713	32.633	-58.987	-0.71906	-0.62952	0.26602	0.12573	25.4	null	null	13113	60
2026-05-27T17:01:51.491	WT901BLE68(F3:F0:16:BF:DC:AE)	-0.047	0.994	-0.023	4.333	-25.696	-16.602	89.58	-3.98	-39.61	-46.433	30.587	-59.147	-0.71906	-0.62952	0.26602	0.12573	25.4	null	null	13113	60
2026-05-27T17:01:51.615	WT901BLE68(F3:F0:16:BF:DC:AE)	0.009	0.999	-0.030	18.799	-29.297	-10.986	90.88	-2.55	-43.02	-46.433	30.587	-59.147	-0.71906	-0.62952	0.26602	0.12573	25.4	null	null	13113	60
2026-05-27T17:01:51.668	WT901BLE68(F3:F0:16:BF:DC:AE)	0.038	1.011	0.001	13.245	-39.124	-5.493	92.76	-1.46	-46.26	-46.433	30.587	-59.147	-0.64835	-0.66086	0.28244	0.25101	25.4	null	null	13113	60
2026-05-27T17:01:51.827	WT901BLE68(F3:F0:16:BF:DC:AE)	-0.006	1.014	0.018	4.272	0.061	-3.601	93.58	-0.86	-47.65	-46.433	30.587	-59.147	-0.64835	-0.66086	0.28244	0.25101	25.4	null	null	13113	60
2026-05-27T17:01:51.880	WT901BLE68(F3:F0:16:BF:DC:AE)	0.012	1.000	-0.060	-0.488	-2.075	-0.488	93.50	-0.63	-47.74	-46.433	30.587	-59.147	-0.64835	-0.66086	0.28244	0.25101	25.4	null	null	13113	60
2026-05-27T17:01:52.002	WT901BLE68(F3:F0:16:BF:DC:AE)	-0.020	0.983	-0.110	2.014	-4.883	-0.183	93.46	-0.53	-47.81	-46.433	30.587	-59.147	-0.64835	-0.66086	0.28244	0.25101	25.4	null	null	13113	60
2026-05-27T17:01:52.094	WT901BLE68(F3:F0:16:BF:DC:AE)	-0.001	1.009	-0.060	2.930	-10.315	1.038	93.88	-0.46	-48.55	-46.433	30.587	-59.147	-0.64835	-0.66086	0.28244	0.25101	25.4	null	null	13113	60
2026-05-27T17:01:52.215	WT901BLE68(F3:F0:16:BF:DC:AE)	0.007	1.002	-0.047	0.366	3.906	0.427	94.01	-0.48	-48.68	-46.433	30.587	-59.147	-0.64835	-0.66086	0.28244	0.25101	25.4	null	null	13113	60
2026-05-27T17:01:52.302	WT901BLE68(F3:F0:16:BF:DC:AE)	0.007	0.998	-0.078	0.549	-3.723	0.854	94.02	-0.54	-48.57	-57.533	25.660	-57.787	-0.64835	-0.66086	0.28244	0.25101	25.4	null	null	13113	60
2026-05-27T17:01:52.427	WT901BLE68(F3:F0:16:BF:DC:AE)	0.010	1.002	-0.072	-0.671	-3.845	0.000	93.99	-0.55	-48.77	-57.533	25.660	-57.787	-0.64835	-0.66086	0.28244	0.25101	25.4	null	null	13113	60
2026-05-27T17:01:52.483	WT901BLE68(F3:F0:16:BF:DC:AE)	0.001	0.995	-0.081	-0.427	-1.160	-0.671	93.91	-0.49	-48.80	-57.533	25.660	-57.787	-0.62286	-0.66425	0.30466	0.27908	25.4	null	null	13113	60
2026-05-27T17:01:52.606	WT901BLE68(F3:F0:16:BF:DC:AE)	-0.006	0.999	-0.072	0.244	-4.822	-1.221	93.92	-0.35	-48.99	-57.533	25.660	-57.787	-0.62286	-0.66425	0.30466	0.27908	25.4	null	null	13113	60
2026-05-27T17:01:52.694	WT901BLE68(F3:F0:16:BF:DC:AE)	-0.002	1.006	-0.050	-0.061	-2.197	-0.854	93.98	-0.21	-49.21	-57.533	25.660	-57.787	-0.62286	-0.66425	0.30466	0.27908	25.4	null	null	13113	60
2026-05-27T17:01:52.813	WT901BLE68(F3:F0:16:BF:DC:AE)	-0.015	1.007	-0.048	-0.244	-8.301	-0.122	93.96	-0.08	-49.41	-57.533	25.660	-57.787	-0.62286	-0.66425	0.30466	0.27908	25.4	null	null	13113	60
2026-05-27T17:01:52.901	WT901BLE68(F3:F0:16:BF:DC:AE)	-0.005	0.989	-0.089	-0.305	-1.953	0.000	93.89	-0.01	-49.84	-57.533	25.660	-57.787	-0.62286	-0.66425	0.30466	0.27908	25.4	null	null	13113	60
2026-05-27T17:01:53.024	WT901BLE68(F3:F0:16:BF:DC:AE)	0.000	1.006	-0.077	-1.831	1.526	0.305	93.87	0.01	-49.78	-57.533	25.660	-57.787	-0.62286	-0.66425	0.30466	0.27908	25.4	null	null	13113	60
2026-05-27T17:01:53.078	WT901BLE68(F3:F0:16:BF:DC:AE)	-0.010	1.002	-0.074	-2.808	4.639	0.427	93.68	-0.01	-49.19	-57.533	25.660	-57.787	-0.62286	-0.66425	0.30466	0.27908	25.4	null	null	13113	60
2026-05-27T17:01:53.234	WT901BLE68(F3:F0:16:BF:DC:AE)	-0.015	0.996	-0.079	-3.174	5.554	0.122	93.41	-0.05	-48.47	-57.533	25.660	-57.787	-0.62286	-0.66425	0.30466	0.27908	25.4	null	null	13113	60
2026-05-27T17:01:53.292	WT901BLE68(F3:F0:16:BF:DC:AE)	-0.014	1.008	-0.037	-3.418	-8.728	1.221	93.13	-0.06	-48.58	-58.540	25.353	-57.133	-0.62286	-0.66425	0.30466	0.27908	25.4	null	null	13113	60
2026-05-27T17:01:53.412	WT901BLE68(F3:F0:16:BF:DC:AE)	0.051	1.009	-0.056	-7.690	-3.601	0.732	92.53	-0.10	-49.51	-58.540	25.353	-57.133	-0.62286	-0.66425	0.30466	0.27908	25.4	null	null	13113	60
2026-05-27T17:01:53.498	WT901BLE68(F3:F0:16:BF:DC:AE)	-0.031	0.982	-0.093	-6.958	0.610	0.549	91.80	-0.15	-49.01	-58.540	25.353	-57.133	-0.62997	-0.65460	0.30185	0.28876	25.4	null	null	13113	60
2026-05-27T17:01:53.624	WT901BLE68(F3:F0:16:BF:DC:AE)	0.011	1.023	0.042	4.883	-24.231	0.061	92.09	-0.05	-50.11	-58.540	25.353	-57.133	-0.62997	-0.65460	0.30185	0.28876	25.4	null	null	13113	60
2026-05-27T17:01:53.716	WT901BLE68(F3:F0:16:BF:DC:AE)	0.044	0.987	-0.000	0.366	8.728	-0.732	91.90	-0.02	-50.59	-58.540	25.353	-57.133	-0.62997	-0.65460	0.30185	0.28876	25.4	null	null	13113	60
2026-05-27T17:01:53.833	WT901BLE68(F3:F0:16:BF:DC:AE)	-0.001	1.012	-0.020	-3.967	-4.089	-0.305	91.74	-0.05	-50.20	-58.540	25.353	-57.133	-0.62997	-0.65460	0.30185	0.28876	25.4	null	null	13113	60
2026-05-27T17:01:53.891	WT901BLE68(F3:F0:16:BF:DC:AE)	-0.042	1.006	-0.028	-5.005	10.620	-0.244	91.15	-0.03	-49.79	-58.540	25.353	-57.133	-0.62997	-0.65460	0.30185	0.28876	25.4	null	null	13113	60
2026-05-27T17:01:54.014	WT901BLE68(F3:F0:16:BF:DC:AE)	-0.032	1.049	0.022	-15.137	8.484	5.615	90.44	-0.15	-48.44	-58.540	25.353	-57.133	-0.62997	-0.65460	0.30185	0.28876	25.4	null	null	13113	60
2026-05-27T17:01:54.102	WT901BLE68(F3:F0:16:BF:DC:AE)	-0.006	0.984	-0.094	-0.244	-0.183	5.249	88.92	-0.83	-48.82	-58.540	25.353	-57.133	-0.62997	-0.65460	0.30185	0.28876	25.4	null	null	13113	60
2026-05-27T17:01:54.224	WT901BLE68(F3:F0:16:BF:DC:AE)	0.050	1.007	0.078	5.676	-9.033	2.014	89.56	-1.02	-49.79	-58.927	28.360	-53.773	-0.62997	-0.65460	0.30185	0.28876	25.4	null	null	13113	60
2026-05-27T17:01:54.312	WT901BLE68(F3:F0:16:BF:DC:AE)	-0.011	0.994	0.022	6.653	15.503	6.165	90.07	-1.41	-48.97	-58.927	28.360	-53.773	-0.64581	-0.63858	0.30252	0.28894	25.4	null	null	13113	60
2026-05-27T17:01:54.434	WT901BLE68(F3:F0:16:BF:DC:AE)	0.019	1.014	0.033	2.808	7.874	8.179	90.51	-2.03	-48.31	-58.927	28.360	-53.773	-0.64581	-0.63858	0.30252	0.28894	25.4	null	null	13113	60
2026-05-27T17:01:54.492	WT901BLE68(F3:F0:16:BF:DC:AE)	-0.036	1.009	-0.114	-1.892	15.991	12.329	90.24	-2.97	-46.72	-58.927	28.360	-53.773	-0.64581	-0.63858	0.30252	0.28894	25.4	null	null	13113	60
2026-05-27T17:01:54.644	WT901BLE68(F3:F0:16:BF:DC:AE)	0.066	0.998	-0.024	2.441	4.456	18.250	90.46	-4.37	-46.18	-58.927	28.360	-53.773	-0.64581	-0.63858	0.30252	0.28894	25.4	null	null	13113	60
2026-05-27T17:01:54.703	WT901BLE68(F3:F0:16:BF:DC:AE)	0.113	0.995	0.009	5.676	13.123	19.653	90.94	-6.14	-45.15	-58.927	28.360	-53.773	-0.64581	-0.63858	0.30252	0.28894	25.4	null	null	13113	60
2026-05-27T17:01:54.824	WT901BLE68(F3:F0:16:BF:DC:AE)	0.197	0.985	0.023	0.671	16.724	18.799	91.01	-7.99	-43.67	-58.927	28.360	-53.773	-0.64581	-0.63858	0.30252	0.28894	25.4	null	null	13113	60
2026-05-27T17:01:54.912	WT901BLE68(F3:F0:16:BF:DC:AE)	0.207	0.991	-0.047	-0.671	31.128	15.625	90.44	-9.74	-41.02	-58.927	28.360	-53.773	-0.64581	-0.63858	0.30252	0.28894	25.4	null	null	13113	60
2026-05-27T17:01:55.034	WT901BLE68(F3:F0:16:BF:DC:AE)	0.206	0.977	0.082	-2.563	23.132	12.146	89.91	-11.11	-38.16	-58.927	28.360	-53.773	-0.64581	-0.63858	0.30252	0.28894	25.4	null	null	13113	60
2026-05-27T17:01:55.123	WT901BLE68(F3:F0:16:BF:DC:AE)	0.238	1.007	0.251	-21.423	10.620	8.728	88.50	-12.14	-36.27	-42.260	31.667	-58.507	-0.64581	-0.63858	0.30252	0.28894	25.4	null	null	13113	60
2026-05-27T17:01:55.242	WT901BLE68(F3:F0:16:BF:DC:AE)	0.235	0.969	0.020	-20.691	34.546	7.507	85.72	-13.22	-34.39	-42.260	31.667	-58.507	-0.64581	-0.63858	0.30252	0.28894	25.4	null	null	13113	60
2026-05-27T17:01:55.300	WT901BLE68(F3:F0:16:BF:DC:AE)	0.243	1.014	-0.039	-14.038	-40.894	-1.282	84.35	-13.35	-32.93	-42.260	31.667	-58.507	-0.72708	-0.61682	0.27078	0.13196	25.4	null	null	13113	60
2026-05-27T17:01:55.423	WT901BLE68(F3:F0:16:BF:DC:AE)	0.339	0.921	0.084	-10.681	-14.038	6.714	84.09	-14.06	-37.71	-42.260	31.667	-58.507	-0.72708	-0.61682	0.27078	0.13196	25.4	null	null	13113	60
2026-05-27T17:01:55.511	WT901BLE68(F3:F0:16:BF:DC:AE)	0.265	0.943	0.099	5.798	-11.902	4.333	84.25	-14.85	-38.91	-42.260	31.667	-58.507	-0.72708	-0.61682	0.27078	0.13196	25.4	null	null	13113	60
2026-05-27T17:01:55.635	WT901BLE68(F3:F0:16:BF:DC:AE)	0.247	0.942	-0.066	7.568	-9.949	-6.287	85.58	-14.90	-40.52	-42.260	31.667	-58.507	-0.72708	-0.61682	0.27078	0.13196	25.4	null	null	13113	60
2026-05-27T17:01:55.722	WT901BLE68(F3:F0:16:BF:DC:AE)	0.398	1.046	0.131	16.541	8.667	-23.621	86.86	-13.52	-42.80	-42.260	31.667	-58.507	-0.72708	-0.61682	0.27078	0.13196	25.4	null	null	13113	60
2026-05-27T17:01:55.841	WT901BLE68(F3:F0:16:BF:DC:AE)	0.122	0.896	0.081	21.484	-13.000	1.404	88.06	-13.41	-41.73	-42.260	31.667	-58.507	-0.72708	-0.61682	0.27078	0.13196	25.4	null	null	13113	60
2026-05-27T17:01:55.899	WT901BLE68(F3:F0:16:BF:DC:AE)	0.094	1.022	-0.098	20.264	-20.203	-15.808	90.10	-12.32	-41.02	-43.667	32.687	-57.080	-0.72708	-0.61682	0.27078	0.13196	25.4	null	null	13113	60
2026-05-27T17:01:56.056	WT901BLE68(F3:F0:16:BF:DC:AE)	0.199	0.957	0.001	20.264	-28.687	-21.545	92.92	-10.87	-44.52	-43.667	32.687	-57.080	-0.72708	-0.61682	0.27078	0.13196	25.4	null	null	13113	60
2026-05-27T17:01:56.111	WT901BLE68(F3:F0:16:BF:DC:AE)	0.180	0.976	-0.049	26.428	-18.372	-20.630	94.93	-8.59	-46.35	-43.667	32.687	-57.080	-0.64355	-0.65387	0.33572	0.21323	25.4	null	null	13113	60
2026-05-27T17:01:56.233	WT901BLE68(F3:F0:16:BF:DC:AE)	0.110	1.050	0.011	2.441	7.324	-16.663	96.36	-6.91	-46.33	-43.667	32.687	-57.080	-0.64355	-0.65387	0.33572	0.21323	25.4	null	null	13113	60
2026-05-27T17:01:56.321	WT901BLE68(F3:F0:16:BF:DC:AE)	0.083	0.983	-0.153	-5.981	-6.775	-13.672	95.92	-5.52	-46.25	-43.667	32.687	-57.080	-0.64355	-0.65387	0.33572	0.21323	25.4	null	null	13113	60
2026-05-27T17:01:56.443	WT901BLE68(F3:F0:16:BF:DC:AE)	0.032	0.980	-0.139	-4.089	-22.156	-13.367	95.67	-4.09	-47.09	-43.667	32.687	-57.080	-0.64355	-0.65387	0.33572	0.21323	25.4	null	null	13113	60
2026-05-27T17:01:56.531	WT901BLE68(F3:F0:16:BF:DC:AE)	0.035	1.013	-0.077	-3.784	-14.832	-10.498	95.64	-2.69	-48.81	-43.667	32.687	-57.080	-0.64355	-0.65387	0.33572	0.21323	25.4	null	null	13113	60
2026-05-27T17:01:56.653	WT901BLE68(F3:F0:16:BF:DC:AE)	0.006	0.985	-0.069	-3.601	-1.038	-5.127	95.37	-1.82	-48.78	-43.667	32.687	-57.080	-0.64355	-0.65387	0.33572	0.21323	25.4	null	null	13113	60
2026-05-27T17:01:56.713	WT901BLE68(F3:F0:16:BF:DC:AE)	-0.042	1.002	-0.079	-0.671	-21.484	-2.319	95.22	-1.21	-49.67	-43.667	32.687	-57.080	-0.64355	-0.65387	0.33572	0.21323	25.4	null	null	13113	60
2026-05-27T17:01:56.832	WT901BLE68(F3:F0:16:BF:DC:AE)	0.009	0.998	-0.081	-1.465	-14.404	1.221	95.03	-0.93	-51.50	-43.667	32.687	-57.080	-0.64355	-0.65387	0.33572	0.21323	25.4	null	null	13113	60
2026-05-27T17:01:56.920	WT901BLE68(F3:F0:16:BF:DC:AE)	-0.022	0.997	-0.080	-1.282	-23.682	2.991	94.86	-0.88	-53.05	-61.240	25.547	-55.540	-0.64355	-0.65387	0.33572	0.21323	25.4	null	null	13113	60
2026-05-27T17:01:57.043	WT901BLE68(F3:F0:16:BF:DC:AE)	0.015	1.001	-0.073	0.183	-16.235	3.601	94.87	-1.02	-54.81	-61.240	25.547	-55.540	-0.64355	-0.65387	0.33572	0.21323	25.4	null	null	13113	60
2026-05-27T17:01:57.132	WT901BLE68(F3:F0:16:BF:DC:AE)	0.045	1.000	-0.094	-2.808	-2.808	7.385	94.81	-1.30	-55.70	-61.240	25.547	-55.540	-0.60239	-0.64978	0.34705	0.30713	25.4	null	null	13113	60
2026-05-27T17:01:57.255	WT901BLE68(F3:F0:16:BF:DC:AE)	-0.000	1.001	-0.086	1.343	1.831	7.324	94.75	-1.90	-55.42	-61.240	25.547	-55.540	-0.60239	-0.64978	0.34705	0.30713	25.4	null	null	13113	60
2026-05-27T17:01:57.313	WT901BLE68(F3:F0:16:BF:DC:AE)	0.042	1.004	-0.086	1.953	5.371	9.521	94.91	-2.63	-55.03	-61.240	25.547	-55.540	-0.60239	-0.64978	0.34705	0.30713	25.4	null	null	13113	60
2026-05-27T17:01:57.464	WT901BLE68(F3:F0:16:BF:DC:AE)	0.052	1.048	-0.048	-16.602	10.132	11.536	94.30	-3.64	-54.12	-61.240	25.547	-55.540	-0.60239	-0.64978	0.34705	0.30713	25.4	null	null	13113	60
2026-05-27T17:01:57.523	WT901BLE68(F3:F0:16:BF:DC:AE)	0.044	0.982	-0.152	2.930	8.545	10.742	93.48	-4.91	-54.28	-61.240	25.547	-55.540	-0.60239	-0.64978	0.34705	0.30713	25.4	null	null	13113	60
2026-05-27T17:01:57.645	WT901BLE68(F3:F0:16:BF:DC:AE)	0.121	0.998	-0.008	1.831	9.521	9.888	93.74	-5.80	-53.89	-61.240	25.547	-55.540	-0.60239	-0.64978	0.34705	0.30713	25.4	null	null	13113	60
2026-05-27T17:01:57.734	WT901BLE68(F3:F0:16:BF:DC:AE)	0.136	0.991	-0.050	2.502	21.790	10.864	93.74	-6.93	-52.13	-57.453	28.420	-53.153	-0.60239	-0.64978	0.34705	0.30713	25.4	null	null	13113	60
2026-05-27T17:01:57.855	WT901BLE68(F3:F0:16:BF:DC:AE)	0.140	0.988	-0.069	1.282	19.836	11.230	93.57	-8.15	-49.85	-57.453	28.420	-53.153	-0.60239	-0.64978	0.34705	0.30713	25.4	null	null	13113	60
2026-05-27T17:01:57.942	WT901BLE68(F3:F0:16:BF:DC:AE)	0.187	0.987	-0.073	0.732	16.785	10.559	93.47	-9.28	-48.15	-57.453	28.420	-53.153	-0.64612	-0.63977	0.34756	0.22870	25.4	null	null	13113	60
2026-05-27T17:01:58.061	WT901BLE68(F3:F0:16:BF:DC:AE)	0.200	0.982	-0.042	-1.526	17.822	10.498	93.12	-10.38	-46.25	-57.453	28.420	-53.153	-0.64612	-0.63977	0.34756	0.22870	25.4	null	null	13113	60
2026-05-27T17:01:58.122	WT901BLE68(F3:F0:16:BF:DC:AE)	0.177	0.984	-0.004	-4.944	7.385	10.376	92.49	-11.49	-44.47	-57.453	28.420	-53.153	-0.64612	-0.63977	0.34756	0.22870	25.4	null	null	13113	60
2026-05-27T17:01:58.245	WT901BLE68(F3:F0:16:BF:DC:AE)	0.237	0.973	-0.015	-5.249	13.794	10.559	91.76	-12.45	-43.85	-57.453	28.420	-53.153	-0.64612	-0.63977	0.34756	0.22870	25.4	null	null	13113	60
2026-05-27T17:01:58.333	WT901BLE68(F3:F0:16:BF:DC:AE)	0.232	0.971	-0.004	-3.113	19.592	9.644	90.95	-13.51	-41.62	-57.453	28.420	-53.153	-0.64612	-0.63977	0.34756	0.22870	25.4	null	null	13113	60
2026-05-27T17:01:58.452	WT901BLE68(F3:F0:16:BF:DC:AE)	0.249	0.979	-0.007	-4.395	13.794	7.874	90.26	-14.39	-40.23	-57.453	28.420	-53.153	-0.64612	-0.63977	0.34756	0.22870	25.4	null	null	13113	60
2026-05-27T17:01:58.541	WT901BLE68(F3:F0:16:BF:DC:AE)	0.320	0.960	0.049	-13.428	8.606	7.446	89.12	-15.20	-39.72	-57.453	28.420	-53.153	-0.64612	-0.63977	0.34756	0.22870	25.4	null	null	13113	60
2026-05-27T17:01:58.663	WT901BLE68(F3:F0:16:BF:DC:AE)	0.282	1.011	-0.014	3.418	24.719	3.357	88.37	-15.79	-37.39	-41.367	33.107	-56.420	-0.64612	-0.63977	0.34756	0.22870	25.4	null	null	13113	60
2026-05-27T17:01:58.724	WT901BLE68(F3:F0:16:BF:DC:AE)	0.292	0.977	-0.032	-7.813	-2.625	-1.831	87.74	-15.84	-37.01	-41.367	33.107	-56.420	-0.64612	-0.63977	0.34756	0.22870	25.4	null	null	13113	60
2026-05-27T17:01:58.843	WT901BLE68(F3:F0:16:BF:DC:AE)	0.242	0.980	0.014	-5.127	-5.249	-11.475	87.63	-15.03	-37.47	-41.367	33.107	-56.420	-0.64612	-0.63977	0.34756	0.22870	25.4	null	null	13113	60
2026-05-27T17:01:58.928	WT901BLE68(F3:F0:16:BF:DC:AE)	0.458	0.912	0.051	-4.883	-19.409	2.747	87.75	-14.68	-40.14	-41.367	33.107	-56.420	-0.70554	-0.61926	0.31052	0.14896	25.4	null	null	13113	60
2026-05-27T17:01:59.054	WT901BLE68(F3:F0:16:BF:DC:AE)	0.281	0.975	0.089	-2.991	23.071	1.038	87.39	-15.11	-38.85	-41.367	33.107	-56.420	-0.70554	-0.61926	0.31052	0.14896	25.4	null	null	13113	60
2026-05-27T17:01:59.143	WT901BLE68(F3:F0:16:BF:DC:AE)	0.182	0.979	0.053	-2.441	15.137	-1.160	86.46	-15.24	-36.75	-41.367	33.107	-56.420	-0.70554	-0.61926	0.31052	0.14896	25.4	null	null	13113	60
2026-05-27T17:01:59.263	WT901BLE68(F3:F0:16:BF:DC:AE)	0.294	0.952	0.044	0.671	-9.338	-2.197	86.39	-14.91	-37.39	-41.367	33.107	-56.420	-0.70554	-0.61926	0.31052	0.14896	25.4	null	null	13113	60
2026-05-27T17:01:59.353	WT901BLE68(F3:F0:16:BF:DC:AE)	0.256	0.968	0.083	2.258	-2.808	-5.127	86.68	-14.61	-38.11	-41.367	33.107	-56.420	-0.70554	-0.61926	0.31052	0.14896	25.4	null	null	13113	60
2026-05-27T17:01:59.476	WT901BLE68(F3:F0:16:BF:DC:AE)	0.221	0.974	0.021	6.409	-3.540	-5.371	87.14	-14.10	-38.24	-41.367	33.107	-56.420	-0.70554	-0.61926	0.31052	0.14896	25.4	null	null	13113	60
2026-05-27T17:01:59.529	WT901BLE68(F3:F0:16:BF:DC:AE)	0.221	0.976	-0.006	13.489	-11.353	-6.653	88.46	-13.48	-39.33	-43.007	33.880	-57.080	-0.70554	-0.61926	0.31052	0.14896	25.4	null	null	13113	60
2026-05-27T17:01:59.654	WT901BLE68(F3:F0:16:BF:DC:AE)	0.228	0.980	-0.004	16.357	-15.503	-5.432	90.38	-12.91	-40.90	-43.007	33.880	-57.080	-0.70554	-0.61926	0.31052	0.14896	25.4	null	null	13113	60
2026-05-27T17:01:59.738	WT901BLE68(F3:F0:16:BF:DC:AE)	0.211	0.983	0.006	10.864	-16.541	-4.639	91.95	-12.44	-42.63	-43.007	33.880	-57.080	-0.67569	-0.63684	0.32697	0.17563	25.4	null	null	13113	60
2026-05-27T17:01:59.862	WT901BLE68(F3:F0:16:BF:DC:AE)	0.208	0.981	-0.004	8.423	-9.583	-4.028	93.04	-11.98	-43.81	-43.007	33.880	-57.080	-0.67569	-0.63684	0.32697	0.17563	25.4	null	null	13113	60
2026-05-27T17:01:59.952	WT901BLE68(F3:F0:16:BF:DC:AE)	0.202	0.988	-0.016	4.150	-4.395	-4.089	93.55	-11.59	-44.35	-43.007	33.880	-57.080	-0.67569	-0.63684	0.32697	0.17563	25.4	null	null	13113	60
2026-05-27T17:02:00.071	WT901BLE68(F3:F0:16:BF:DC:AE)	0.187	0.978	-0.048	4.089	7.935	-4.333	93.70	-11.22	-43.99	-43.007	33.880	-57.080	-0.67569	-0.63684	0.32697	0.17563	25.4	null	null	13113	60
2026-05-27T17:02:00.127	WT901BLE68(F3:F0:16:BF:DC:AE)	0.184	0.997	-0.063	7.996	0.305	-5.737	94.25	-10.68	-43.31	-43.007	33.880	-57.080	-0.67569	-0.63684	0.32697	0.17563	25.4	null	null	13113	60
2026-05-27T17:02:00.254	WT901BLE68(F3:F0:16:BF:DC:AE)	0.170	0.986	-0.113	6.958	-2.319	-3.601	94.93	-10.22	-43.43	-43.007	33.880	-57.080	-0.67569	-0.63684	0.32697	0.17563	25.4	null	null	13113	60
2026-05-27T17:02:00.341	WT901BLE68(F3:F0:16:BF:DC:AE)	0.169	0.988	-0.124	5.432	-6.775	-2.502	95.65	-9.87	-43.92	-43.007	33.880	-57.080	-0.67569	-0.63684	0.32697	0.17563	25.4	null	null	13113	60
2026-05-27T17:02:00.459	WT901BLE68(F3:F0:16:BF:DC:AE)	0.166	0.977	-0.112	4.883	-3.967	-2.380	96.32	-9.59	-44.39	-43.007	33.880	-57.080	-0.67569	-0.63684	0.32697	0.17563	25.4	null	null	13113	60
2026-05-27T17:02:00.552	WT901BLE68(F3:F0:16:BF:DC:AE)	0.159	0.996	-0.100	-0.366	-0.793	-1.160	96.59	-9.37	-44.56	-49.760	27.300	-60.480	-0.67569	-0.63684	0.32697	0.17563	25.4	null	null	13113	60
2026-05-27T17:02:00.669	WT901BLE68(F3:F0:16:BF:DC:AE)	0.154	0.974	-0.121	-0.549	-0.427	-1.404	96.51	-9.24	-44.56	-49.760	27.300	-60.480	-0.63669	-0.66788	0.33197	0.19565	25.4	null	null	13113	60
2026-05-27T17:02:00.765	WT901BLE68(F3:F0:16:BF:DC:AE)	0.155	0.983	-0.120	0.732	-4.150	-1.831	96.56	-9.06	-44.75	-49.760	27.300	-60.480	-0.63669	-0.66788	0.33197	0.19565	25.4	null	null	13113	60
2026-05-27T17:02:00.885	WT901BLE68(F3:F0:16:BF:DC:AE)	0.161	0.987	-0.123	-0.427	-0.732	-1.709	96.62	-8.85	-45.08	-49.760	27.300	-60.480	-0.63669	-0.66788	0.33197	0.19565	25.4	null	null	13113	60
2026-05-27T17:02:00.942	WT901BLE68(F3:F0:16:BF:DC:AE)	0.146	0.986	-0.122	-1.221	-0.549	-1.953	96.62	-8.67	-44.98	-49.760	27.300	-60.480	-0.63669	-0.66788	0.33197	0.19565	25.4	null	null	13113	60
2026-05-27T17:02:01.059	WT901BLE68(F3:F0:16:BF:DC:AE)	0.146	0.981	-0.116	-1.587	-2.441	-2.686	96.51	-8.43	-45.15	-49.760	27.300	-60.480	-0.63669	-0.66788	0.33197	0.19565	25.4	null	null	13113	60
2026-05-27T17:02:01.153	WT901BLE68(F3:F0:16:BF:DC:AE)	0.129	0.985	-0.117	-2.014	-5.310	-3.174	96.39	-8.11	-45.40	-49.760	27.300	-60.480	-0.63669	-0.66788	0.33197	0.19565	25.4	null	null	13113	60
2026-05-27T17:02:01.275	WT901BLE68(F3:F0:16:BF:DC:AE)	0.139	0.988	-0.109	-2.991	-7.507	-3.540	96.24	-7.71	-46.11	-49.760	27.300	-60.480	-0.63669	-0.66788	0.33197	0.19565	25.4	null	null	13113	60
2026-05-27T17:02:01.362	WT901BLE68(F3:F0:16:BF:DC:AE)	0.132	0.992	-0.107	-2.930	-3.052	-4.761	96.03	-7.29	-46.55	-53.053	26.760	-59.553	-0.63669	-0.66788	0.33197	0.19565	25.4	null	null	13113	60
2026-05-27T17:02:01.484	WT901BLE68(F3:F0:16:BF:DC:AE)	0.107	0.992	-0.105	-3.235	-4.944	-5.432	95.78	-6.77	-46.80	-53.053	26.760	-59.553	-0.63669	-0.66788	0.33197	0.19565	25.4	null	null	13113	60
2026-05-27T17:02:01.538	WT901BLE68(F3:F0:16:BF:DC:AE)	0.098	0.990	-0.114	-2.563	-11.169	-6.592	95.56	-6.12	-47.49	-53.053	26.760	-59.553	-0.63065	-0.66269	0.33044	0.23206	25.4	null	null	13113	60
2026-05-27T17:02:01.665	WT901BLE68(F3:F0:16:BF:DC:AE)	0.097	0.993	-0.087	-4.639	-15.381	-6.653	95.44	-5.34	-48.72	-53.053	26.760	-59.553	-0.63065	-0.66269	0.33044	0.23206	25.4	null	null	13113	60
2026-05-27T17:02:01.751	WT901BLE68(F3:F0:16:BF:DC:AE)	0.075	0.998	-0.064	-4.028	-1.953	-7.568	95.16	-4.61	-49.42	-53.053	26.760	-59.553	-0.63065	-0.66269	0.33044	0.23206	25.4	null	null	13113	60
2026-05-27T17:02:01.875	WT901BLE68(F3:F0:16:BF:DC:AE)	0.025	0.988	-0.122	-7.141	-25.391	-7.324	94.70	-3.85	-50.18	-53.053	26.760	-59.553	-0.63065	-0.66269	0.33044	0.23206	25.4	null	null	13113	60
2026-05-27T17:02:01.965	WT901BLE68(F3:F0:16:BF:DC:AE)	0.023	0.996	-0.099	1.587	-9.827	-5.981	94.54	-3.01	-52.45	-53.053	26.760	-59.553	-0.63065	-0.66269	0.33044	0.23206	25.4	null	null	13113	60
2026-05-27T17:02:02.082	WT901BLE68(F3:F0:16:BF:DC:AE)	0.015	1.003	-0.029	-2.686	3.845	-3.662	94.39	-2.48	-52.86	-53.053	26.760	-59.553	-0.63065	-0.66269	0.33044	0.23206	25.4	null	null	13113	60
2026-05-27T17:02:02.174	WT901BLE68(F3:F0:16:BF:DC:AE)	-0.017	1.000	-0.073	-0.183	-4.150	-1.099	94.20	-2.21	-52.40	-53.053	26.760	-59.553	-0.63065	-0.66269	0.33044	0.23206	25.4	null	null	13113	60
2026-05-27T17:02:02.291	WT901BLE68(F3:F0:16:BF:DC:AE)	0.003	0.998	-0.045	0.183	-3.479	0.366	94.15	-2.01	-52.90	-61.140	25.840	-53.420	-0.63065	-0.66269	0.33044	0.23206	25.4	null	null	13113	60
2026-05-27T17:02:02.351	WT901BLE68(F3:F0:16:BF:DC:AE)	0.009	0.996	-0.070	2.258	-1.587	2.197	94.21	-2.02	-52.97	-61.140	25.840	-53.420	-0.63065	-0.66269	0.33044	0.23206	25.4	null	null	13113	60
2026-05-27T17:02:02.473	WT901BLE68(F3:F0:16:BF:DC:AE)	0.041	1.000	-0.047	2.380	-5.005	4.089	94.44	-2.18	-53.34	-61.140	25.840	-53.420	-0.63065	-0.66269	0.33044	0.23206	25.4	null	null	13113	60
2026-05-27T17:02:02.560	WT901BLE68(F3:F0:16:BF:DC:AE)	0.023	0.997	-0.075	3.540	-3.418	5.798	94.69	-2.59	-53.51	-61.140	25.840	-53.420	-0.61270	-0.64978	0.34222	0.29175	25.4	null	null	13113	60
2026-05-27T17:02:02.684	WT901BLE68(F3:F0:16:BF:DC:AE)	0.062	0.993	-0.093	4.517	6.958	8.240	95.02	-3.25	-53.20	-61.140	25.840	-53.420	-0.61270	-0.64978	0.34222	0.29175	25.4	null	null	13113	60
2026-05-27T17:02:02.773	WT901BLE68(F3:F0:16:BF:DC:AE)	0.048	0.992	-0.105	5.310	8.301	8.545	95.43	-4.07	-52.36	-61.140	25.840	-53.420	-0.61270	-0.64978	0.34222	0.29175	25.4	null	null	13113	60
2026-05-27T17:02:02.893	WT901BLE68(F3:F0:16:BF:DC:AE)	0.099	0.992	-0.078	5.920	14.648	10.437	95.91	-5.03	-51.37	-61.140	25.840	-53.420	-0.61270	-0.64978	0.34222	0.29175	25.4	null	null	13113	60
2026-05-27T17:02:02.949	WT901BLE68(F3:F0:16:BF:DC:AE)	0.119	0.990	-0.112	5.188	26.978	10.437	96.22	-6.24	-49.19	-61.140	25.840	-53.420	-0.61270	-0.64978	0.34222	0.29175	25.4	null	null	13113	60
2026-05-27T17:02:03.076	WT901BLE68(F3:F0:16:BF:DC:AE)	0.114	0.995	-0.124	2.686	19.287	9.094	96.31	-7.47	-46.82	-61.140	25.840	-53.420	-0.61270	-0.64978	0.34222	0.29175	25.4	null	null	13113	60
2026-05-27T17:02:03.162	WT901BLE68(F3:F0:16:BF:DC:AE)	0.140	0.979	-0.129	1.648	7.751	7.935	96.33	-8.46	-45.63	-53.747	26.793	-57.453	-0.61270	-0.64978	0.34222	0.29175	25.4	null	null	13113	60
2026-05-27T17:02:03.281	WT901BLE68(F3:F0:16:BF:DC:AE)	0.190	0.972	-0.138	3.113	2.502	6.897	96.57	-9.16	-45.58	-53.747	26.793	-57.453	-0.61270	-0.64978	0.34222	0.29175	25.4	null	null	13113	60
2026-05-27T17:02:03.373	WT901BLE68(F3:F0:16:BF:DC:AE)	0.215	0.978	-0.112	3.967	19.775	5.981	96.84	-9.99	-44.50	-53.747	26.793	-57.453	-0.63531	-0.66675	0.33734	0.19473	25.4	null	null	13113	60
2026-05-27T17:02:03.494	WT901BLE68(F3:F0:16:BF:DC:AE)	0.202	0.997	-0.094	-0.916	47.913	7.019	96.38	-11.18	-41.20	-53.747	26.793	-57.453	-0.63531	-0.66675	0.33734	0.19473	25.4	null	null	13113	60
2026-05-27T17:02:03.582	WT901BLE68(F3:F0:16:BF:DC:AE)	0.166	0.992	-0.061	-18.188	12.451	2.747	94.78	-11.88	-38.24	-53.747	26.793	-57.453	-0.63531	-0.66675	0.33734	0.19473	25.4	null	null	13113	60
2026-05-27T17:02:03.706	WT901BLE68(F3:F0:16:BF:DC:AE)	0.266	0.958	0.018	-23.438	-4.578	7.446	92.80	-12.33	-38.52	-53.747	26.793	-57.453	-0.63531	-0.66675	0.33734	0.19473	25.4	null	null	13113	60
2026-05-27T17:02:03.762	WT901BLE68(F3:F0:16:BF:DC:AE)	0.261	0.975	0.039	-29.846	31.616	7.996	89.67	-13.34	-37.24	-53.747	26.793	-57.453	-0.63531	-0.66675	0.33734	0.19473	25.4	null	null	13113	60
2026-05-27T17:02:03.883	WT901BLE68(F3:F0:16:BF:DC:AE)	0.270	0.939	-0.030	-9.460	20.203	7.568	87.21	-14.02	-34.27	-53.747	26.793	-57.453	-0.63531	-0.66675	0.33734	0.19473	25.4	null	null	13113	60
2026-05-27T17:02:03.975	WT901BLE68(F3:F0:16:BF:DC:AE)	0.340	0.999	0.110	-14.587	3.845	16.968	86.50	-15.47	-33.80	-53.747	26.793	-57.453	-0.63531	-0.66675	0.33734	0.19473	25.4	null	null	13113	60
2026-05-27T17:02:04.091	WT901BLE68(F3:F0:16:BF:DC:AE)	0.250	0.955	-0.006	-3.357	7.080	-1.709	85.98	-16.07	-33.89	-53.747	26.793	-57.453	-0.63531	-0.66675	0.33734	0.19473	25.4	null	null	13113	60
2026-05-27T17:02:04.180	WT901BLE68(F3:F0:16:BF:DC:AE)	0.326	0.967	0.029	3.235	11.658	-19.409	86.71	-15.02	-33.42	-37.567	34.693	-56.440	-0.63531	-0.66675	0.33734	0.19473	25.4	null	null	13113	60
2026-05-27T17:02:04.301	WT901BLE68(F3:F0:16:BF:DC:AE)	0.283	0.998	0.038	5.432	-20.508	-1.526	87.77	-13.64	-32.57	-37.567	34.693	-56.440	-0.71277	-0.63318	0.27591	0.12155	25.4	null	null	13113	60
2026-05-27T17:02:04.360	WT901BLE68(F3:F0:16:BF:DC:AE)	0.236	0.949	0.036	20.508	12.817	-14.282	89.45	-13.06	-34.54	-37.567	34.693	-56.440	-0.71277	-0.63318	0.27591	0.12155	25.4	null	null	13113	60
2026-05-27T17:02:04.486	WT901BLE68(F3:F0:16:BF:DC:AE)	0.145	1.000	-0.002	15.259	-14.282	-13.184	90.84	-11.86	-34.18	-37.567	34.693	-56.440	-0.71277	-0.63318	0.27591	0.12155	25.4	null	null	13113	60
2026-05-27T17:02:04.571	WT901BLE68(F3:F0:16:BF:DC:AE)	0.244	0.992	-0.042	16.907	-17.639	-15.076	92.80	-10.20	-36.65	-37.567	34.693	-56.440	-0.71277	-0.63318	0.27591	0.12155	25.4	null	null	13113	60
2026-05-27T17:02:04.694	WT901BLE68(F3:F0:16:BF:DC:AE)	0.141	0.993	-0.058	13.245	-7.446	-11.230	93.92	-9.27	-37.95	-37.567	34.693	-56.440	-0.71277	-0.63318	0.27591	0.12155	25.4	null	null	13113	60
2026-05-27T17:02:04.782	WT901BLE68(F3:F0:16:BF:DC:AE)	0.131	0.995	-0.058	11.475	4.761	-7.080	95.04	-8.35	-37.88	-37.567	34.693	-56.440	-0.71277	-0.63318	0.27591	0.12155	25.4	null	null	13113	60
2026-05-27T17:02:04.905	WT901BLE68(F3:F0:16:BF:DC:AE)	0.102	0.987	-0.101	10.376	9.460	-6.165	95.88	-7.78	-37.39	-37.567	34.693	-56.440	-0.71277	-0.63318	0.27591	0.12155	25.4	null	null	13113	60
2026-05-27T17:02:05.021	WT901BLE68(F3:F0:16:BF:DC:AE)	0.122	0.986	-0.152	3.174	-10.803	-4.395	96.39	-7.16	-37.63	-47.553	25.973	-63.373	-0.71277	-0.63318	0.27591	0.12155	25.4	null	null	13113	60
2026-05-27T17:02:05.110	WT901BLE68(F3:F0:16:BF:DC:AE)	0.095	0.995	-0.165	10.620	-13.733	-5.371	97.43	-6.54	-38.63	-47.553	25.973	-63.373	-0.71277	-0.63318	0.27591	0.12155	25.4	null	null	13113	60
2026-05-27T17:02:05.173	WT901BLE68(F3:F0:16:BF:DC:AE)	0.120	0.996	-0.128	7.263	-5.737	-2.563	98.40	-6.05	-39.80	-47.553	25.973	-63.373	-0.63040	-0.69751	0.28766	0.18225	25.4	null	null	13113	60
2026-05-27T17:02:05.292	WT901BLE68(F3:F0:16:BF:DC:AE)	0.091	0.993	-0.131	3.479	7.080	-1.465	98.85	-5.91	-39.52	-47.553	25.973	-63.373	-0.63040	-0.69751	0.28766	0.18225	25.4	null	null	13113	60
2026-05-27T17:02:05.384	WT901BLE68(F3:F0:16:BF:DC:AE)	0.089	0.981	-0.167	3.113	11.047	-0.488	99.00	-5.99	-38.58	-47.553	25.973	-63.373	-0.63040	-0.69751	0.28766	0.18225	25.4	null	null	13113	60
2026-05-27T17:02:05.501	WT901BLE68(F3:F0:16:BF:DC:AE)	0.093	0.981	-0.177	3.967	13.245	0.488	99.23	-6.18	-37.50	-47.553	25.973	-63.373	-0.63040	-0.69751	0.28766	0.18225	25.4	null	null	13113	60
2026-05-27T17:02:05.590	WT901BLE68(F3:F0:16:BF:DC:AE)	0.075	0.983	-0.132	-0.061	13.000	0.305	99.32	-6.41	-36.33	-47.553	25.973	-63.373	-0.63040	-0.69751	0.28766	0.18225	25.4	null	null	13113	60
2026-05-27T17:02:05.713	WT901BLE68(F3:F0:16:BF:DC:AE)	0.068	0.975	-0.200	1.404	-0.671	-0.671	99.40	-6.30	-35.91	-47.553	25.973	-63.373	-0.63040	-0.69751	0.28766	0.18225	25.4	null	null	13113	60
2026-05-27T17:02:05.770	WT901BLE68(F3:F0:16:BF:DC:AE)	0.155	1.009	-0.096	-3.052	-1.404	1.709	99.36	-6.23	-36.79	-47.553	25.973	-63.373	-0.63040	-0.69751	0.28766	0.18225	25.4	null	null	13113	60
2026-05-27T17:02:05.892	WT901BLE68(F3:F0:16:BF:DC:AE)	0.098	0.979	-0.173	-2.014	18.799	1.404	98.94	-6.70	-35.36	-47.553	25.973	-63.373	-0.63040	-0.69751	0.28766	0.18225	25.4	null	null	13113	60
2026-05-27T17:02:05.979	WT901BLE68(F3:F0:16:BF:DC:AE)	0.131	0.978	-0.148	-4.089	6.409	2.075	98.50	-7.05	-34.50	-45.073	23.060	-66.000	-0.63040	-0.69751	0.28766	0.18225	25.4	null	null	13113	60
2026-05-27T17:02:06.100	WT901BLE68(F3:F0:16:BF:DC:AE)	0.096	0.979	-0.167	-0.427	8.179	0.732	98.29	-7.34	-33.59	-45.073	23.060	-66.000	-0.63770	-0.70987	0.26080	0.14600	25.4	null	null	13113	60
2026-05-27T17:02:06.191	WT901BLE68(F3:F0:16:BF:DC:AE)	0.141	0.985	-0.116	-2.502	-6.531	1.099	98.21	-7.38	-33.90	-45.073	23.060	-66.000	-0.63770	-0.70987	0.26080	0.14600	25.4	null	null	13113	60
2026-05-27T17:02:06.316	WT901BLE68(F3:F0:16:BF:DC:AE)	0.128	0.986	-0.130	-1.953	2.075	0.977	98.04	-7.47	-34.18	-45.073	23.060	-66.000	-0.63770	-0.70987	0.26080	0.14600	25.4	null	null	13113	60
2026-05-27T17:02:06.402	WT901BLE68(F3:F0:16:BF:DC:AE)	0.137	0.985	-0.142	-1.770	-0.305	1.770	97.82	-7.62	-34.30	-45.073	23.060	-66.000	-0.63770	-0.70987	0.26080	0.14600	25.4	null	null	13113	60
2026-05-27T17:02:06.521	WT901BLE68(F3:F0:16:BF:DC:AE)	0.146	0.990	-0.128	-3.174	-2.136	0.916	97.62	-7.74	-34.62	-45.073	23.060	-66.000	-0.63770	-0.70987	0.26080	0.14600	25.4	null	null	13113	60
2026-05-27T17:02:06.583	WT901BLE68(F3:F0:16:BF:DC:AE)	0.140	0.980	-0.125	-2.930	3.113	0.305	97.31	-7.83	-34.80	-45.073	23.060	-66.000	-0.63770	-0.70987	0.26080	0.14600	25.4	null	null	13113	60
2026-05-27T17:02:06.705	WT901BLE68(F3:F0:16:BF:DC:AE)	0.123	0.983	-0.131	-3.540	-8.789	-0.793	97.03	-7.81	-35.00	-45.073	23.060	-66.000	-0.63770	-0.70987	0.26080	0.14600	25.4	null	null	13113	60
2026-05-27T17:02:06.792	WT901BLE68(F3:F0:16:BF:DC:AE)	0.143	0.993	-0.125	-3.540	-15.198	-0.854	96.85	-7.57	-36.25	-43.387	24.873	-65.387	-0.63770	-0.70987	0.26080	0.14600	25.4	null	null	13113	60
2026-05-27T17:02:06.912	WT901BLE68(F3:F0:16:BF:DC:AE)	0.142	0.989	-0.109	-2.502	3.296	-2.319	96.65	-7.40	-36.95	-43.387	24.873	-65.387	-0.63770	-0.70987	0.26080	0.14600	25.4	null	null	13113	60
2026-05-27T17:02:07.002	WT901BLE68(F3:F0:16:BF:DC:AE)	0.111	0.990	-0.107	-3.906	-7.080	-2.441	96.33	-7.21	-36.97	-43.387	24.873	-65.387	-0.64594	-0.69247	0.27533	0.16528	25.4	null	null	13113	60
2026-05-27T17:02:07.123	WT901BLE68(F3:F0:16:BF:DC:AE)	0.130	0.976	-0.105	-3.235	-3.723	-3.052	96.02	-6.87	-37.91	-43.387	24.873	-65.387	-0.64594	-0.69247	0.27533	0.16528	25.4	null	null	13113	60
2026-05-27T17:02:07.181	WT901BLE68(F3:F0:16:BF:DC:AE)	0.105	0.982	-0.110	-2.136	-3.723	-3.601	95.80	-6.57	-38.08	-43.387	24.873	-65.387	-0.64594	-0.69247	0.27533	0.16528	25.4	null	null	13113	60
2026-05-27T17:02:07.301	WT901BLE68(F3:F0:16:BF:DC:AE)	0.100	0.997	-0.098	-2.319	-7.568	-5.676	95.73	-6.11	-38.67	-43.387	24.873	-65.387	-0.64594	-0.69247	0.27533	0.16528	25.4	null	null	13113	60
