time	DeviceName	AccX(g)	AccY(g)	AccZ(g)	AsX(°/s)	AsY(°/s)	AsZ(°/s)	AngleX(°)	AngleY(°)	AngleZ(°)	HX(uT)	HY(uT)	HZ(uT)	Q0()	Q1()	Q2()	Q3()	Temperature(°C)	Height(m)	Pressure(kPa)	Version()	Battery level(%)
2026-05-27T16:48:55.092	WT901BLE68(F3:F0:16:BF:DC:AE)	0.648	0.878	0.420	-2.991	-75.867	-9.705	69.39	6.15	-65.19	-22.820	42.267	-48.533	-0.75757	-0.62674	-0.01932	0.18118	26.2	null	null	13113	60
2026-05-27T16:48:55.214	WT901BLE68(F3:F0:16:BF:DC:AE)	-0.001	0.916	0.351	11.719	-167.236	7.324	69.74	2.76	-71.25	-22.820	42.267	-48.533	-0.75757	-0.62674	-0.01932	0.18118	26.2	null	null	13113	60
2026-05-27T16:48:55.268	WT901BLE68(F3:F0:16:BF:DC:AE)	-0.077	0.924	0.286	21.240	127.380	0.549	71.19	2.25	-70.06	-22.820	42.267	-48.533	-0.75757	-0.62674	-0.01932	0.18118	26.2	null	null	13113	60
2026-05-27T16:48:55.389	WT901BLE68(F3:F0:16:BF:DC:AE)	0.175	0.983	0.479	1.404	-53.894	-16.785	72.47	3.33	-70.29	-49.473	38.967	-40.507	-0.75757	-0.62674	-0.01932	0.18118	26.2	null	null	13113	60
2026-05-27T16:48:55.481	WT901BLE68(F3:F0:16:BF:DC:AE)	1.196	1.033	0.421	-20.081	412.903	45.776	71.68	3.25	-62.26	-49.473	38.967	-40.507	-0.75757	-0.62674	-0.01932	0.18118	26.2	null	null	13113	60
2026-05-27T16:48:55.600	WT901BLE68(F3:F0:16:BF:DC:AE)	-0.154	0.879	-1.152	-103.394	1014.954	-48.340	82.80	21.02	26.59	-49.473	38.967	-40.507	-0.76675	-0.59802	0.05396	0.22681	26.2	null	null	13113	60
2026-05-27T16:48:55.689	WT901BLE68(F3:F0:16:BF:DC:AE)	-2.143	0.852	-0.514	49.500	-573.914	53.528	98.22	23.69	73.64	-49.473	38.967	-40.507	-0.76675	-0.59802	0.05396	0.22681	26.2	null	null	13113	60
2026-05-27T16:48:55.811	WT901BLE68(F3:F0:16:BF:DC:AE)	0.335	1.070	-0.898	9.338	-1094.849	-65.063	69.38	3.31	-39.18	-49.473	38.967	-40.507	-0.76675	-0.59802	0.05396	0.22681	26.2	null	null	13113	60
2026-05-27T16:48:55.900	WT901BLE68(F3:F0:16:BF:DC:AE)	1.043	1.068	0.055	29.297	687.012	109.558	73.88	-5.92	-60.24	-49.473	38.967	-40.507	-0.76675	-0.59802	0.05396	0.22681	26.2	null	null	13113	60
2026-05-27T16:48:56.020	WT901BLE68(F3:F0:16:BF:DC:AE)	-0.606	0.749	-0.534	-87.463	658.691	22.705	69.38	10.40	20.31	-49.473	38.967	-40.507	-0.76675	-0.59802	0.05396	0.22681	26.2	null	null	13113	60
2026-05-27T16:48:56.083	WT901BLE68(F3:F0:16:BF:DC:AE)	-0.852	0.830	0.061	40.710	50.110	50.232	80.56	19.81	60.39	-49.473	38.967	-40.507	-0.76675	-0.59802	0.05396	0.22681	26.2	null	null	13113	60
2026-05-27T16:48:56.234	WT901BLE68(F3:F0:16:BF:DC:AE)	-0.335	0.906	-0.119	67.871	-503.540	-47.119	77.78	13.43	25.58	-49.473	38.967	-40.507	-0.76675	-0.59802	0.05396	0.22681	26.2	null	null	13113	60
2026-05-27T16:48:56.289	WT901BLE68(F3:F0:16:BF:DC:AE)	0.007	0.961	0.406	55.847	-96.924	-63.721	79.39	15.06	-2.13	-14.273	45.280	-35.240	-0.76675	-0.59802	0.05396	0.22681	26.2	null	null	13113	60
2026-05-27T16:48:56.414	WT901BLE68(F3:F0:16:BF:DC:AE)	-0.324	0.786	0.193	-3.357	-41.870	3.662	80.29	16.93	-6.89	-14.273	45.280	-35.240	-0.76675	-0.59802	0.05396	0.22681	26.2	null	null	13113	60
2026-05-27T16:48:56.500	WT901BLE68(F3:F0:16:BF:DC:AE)	-0.501	0.937	0.255	26.123	-50.171	11.658	79.39	14.56	-10.14	-14.273	45.280	-35.240	-0.75351	-0.63846	-0.05768	0.14557	26.2	null	null	13113	60
2026-05-27T16:48:56.622	WT901BLE68(F3:F0:16:BF:DC:AE)	-0.250	0.940	0.184	71.472	-181.641	-50.720	81.29	15.17	-26.39	-14.273	45.280	-35.240	-0.75351	-0.63846	-0.05768	0.14557	26.2	null	null	13113	60
2026-05-27T16:48:56.678	WT901BLE68(F3:F0:16:BF:DC:AE)	-0.292	0.753	0.178	26.306	-40.344	-2.563	83.31	16.88	-35.93	-14.273	45.280	-35.240	-0.75351	-0.63846	-0.05768	0.14557	26.2	null	null	13113	60
2026-05-27T16:48:56.803	WT901BLE68(F3:F0:16:BF:DC:AE)	-0.391	0.944	0.128	-77.698	43.274	37.476	79.67	14.36	-36.78	-14.273	45.280	-35.240	-0.75351	-0.63846	-0.05768	0.14557	26.2	null	null	13113	60
2026-05-27T16:48:56.891	WT901BLE68(F3:F0:16:BF:DC:AE)	-0.595	0.855	0.279	-42.725	188.782	-49.438	76.35	19.56	-20.47	-14.273	45.280	-35.240	-0.75351	-0.63846	-0.05768	0.14557	26.2	null	null	13113	60
2026-05-27T16:48:57.014	WT901BLE68(F3:F0:16:BF:DC:AE)	-0.311	0.758	0.106	-24.231	67.932	-30.762	76.90	26.34	-12.13	-14.273	45.280	-35.240	-0.75351	-0.63846	-0.05768	0.14557	26.2	null	null	13113	60
2026-05-27T16:48:57.103	WT901BLE68(F3:F0:16:BF:DC:AE)	-0.344	0.924	0.135	-11.169	102.966	31.921	80.88	27.84	-1.69	-14.273	45.280	-35.240	-0.75351	-0.63846	-0.05768	0.14557	26.2	null	null	13113	60
2026-05-27T16:48:57.223	WT901BLE68(F3:F0:16:BF:DC:AE)	-0.431	1.042	0.270	21.179	-23.926	47.668	85.15	23.63	3.76	-27.280	44.920	-44.773	-0.75351	-0.63846	-0.05768	0.14557	26.2	null	null	13113	60
2026-05-27T16:48:57.309	WT901BLE68(F3:F0:16:BF:DC:AE)	-0.445	0.941	0.160	28.931	-21.912	37.170	86.51	19.92	1.81	-27.280	44.920	-44.773	-0.75351	-0.63846	-0.05768	0.14557	26.2	null	null	13113	60
2026-05-27T16:48:57.401	WT901BLE68(F3:F0:16:BF:DC:AE)	-0.366	1.002	0.220	35.828	-170.105	22.400	85.41	16.28	-11.99	-27.280	44.920	-44.773	-0.71597	-0.67926	-0.06964	0.14502	26.2	null	null	13113	60
2026-05-27T16:48:57.491	WT901BLE68(F3:F0:16:BF:DC:AE)	-0.302	0.946	0.192	3.723	-42.847	19.348	84.12	14.29	-20.68	-27.280	44.920	-44.773	-0.71597	-0.67926	-0.06964	0.14502	26.2	null	null	13113	60
2026-05-27T16:48:57.614	WT901BLE68(F3:F0:16:BF:DC:AE)	-0.229	0.929	0.115	-28.687	28.687	26.855	81.94	11.91	-20.90	-27.280	44.920	-44.773	-0.71597	-0.67926	-0.06964	0.14502	26.2	null	null	13113	60
2026-05-27T16:48:57.701	WT901BLE68(F3:F0:16:BF:DC:AE)	-0.402	0.981	0.244	-1.038	-52.185	-10.315	80.63	11.12	-20.20	-27.280	44.920	-44.773	-0.71597	-0.67926	-0.06964	0.14502	26.2	null	null	13113	60
2026-05-27T16:48:57.820	WT901BLE68(F3:F0:16:BF:DC:AE)	-0.075	0.963	0.296	-28.259	-9.216	-35.706	77.92	13.55	-27.35	-27.280	44.920	-44.773	-0.71597	-0.67926	-0.06964	0.14502	26.2	null	null	13113	60
2026-05-27T16:48:57.909	WT901BLE68(F3:F0:16:BF:DC:AE)	-0.185	0.915	0.147	-61.462	107.971	4.578	75.29	16.45	-18.97	-27.280	44.920	-44.773	-0.71597	-0.67926	-0.06964	0.14502	26.2	null	null	13113	60
2026-05-27T16:48:58.034	WT901BLE68(F3:F0:16:BF:DC:AE)	-0.246	0.943	-0.043	-44.434	242.004	21.484	76.27	19.34	1.13	-27.280	44.920	-44.773	-0.71597	-0.67926	-0.06964	0.14502	26.2	null	null	13113	60
2026-05-27T16:48:58.089	WT901BLE68(F3:F0:16:BF:DC:AE)	-0.478	0.974	0.196	44.434	11.230	33.325	82.65	18.91	14.44	-17.820	46.307	-40.987	-0.71597	-0.67926	-0.06964	0.14502	26.2	null	null	13113	60
2026-05-27T16:48:58.210	WT901BLE68(F3:F0:16:BF:DC:AE)	-0.135	0.483	0.114	21.057	-80.688	26.978	82.79	15.44	4.58	-17.820	46.307	-40.987	-0.71597	-0.67926	-0.06964	0.14502	26.2	null	null	13113	60
2026-05-27T16:48:58.300	WT901BLE68(F3:F0:16:BF:DC:AE)	-0.334	0.957	0.167	1.648	-3.784	15.991	83.04	13.30	3.24	-17.820	46.307	-40.987	-0.74512	-0.65515	-0.11011	0.05795	26.2	null	null	13113	60
2026-05-27T16:48:58.421	WT901BLE68(F3:F0:16:BF:DC:AE)	-0.328	0.945	0.100	5.432	-11.292	6.714	83.18	12.85	3.11	-17.820	46.307	-40.987	-0.74512	-0.65515	-0.11011	0.05795	26.2	null	null	13113	60
2026-05-27T16:48:58.512	WT901BLE68(F3:F0:16:BF:DC:AE)	-0.279	0.962	0.102	6.531	-56.396	11.169	82.97	11.72	-1.15	-17.820	46.307	-40.987	-0.74512	-0.65515	-0.11011	0.05795	26.2	null	null	13113	60
2026-05-27T16:48:58.638	WT901BLE68(F3:F0:16:BF:DC:AE)	-0.232	0.968	0.124	6.897	-21.912	-2.808	82.87	11.19	-4.94	-17.820	46.307	-40.987	-0.74512	-0.65515	-0.11011	0.05795	26.2	null	null	13113	60
2026-05-27T16:48:58.721	WT901BLE68(F3:F0:16:BF:DC:AE)	-0.230	1.005	0.129	4.822	-4.761	-11.108	83.21	12.12	-6.14	-17.820	46.307	-40.987	-0.74512	-0.65515	-0.11011	0.05795	26.2	null	null	13113	60
2026-05-27T16:48:58.845	WT901BLE68(F3:F0:16:BF:DC:AE)	-0.236	0.982	0.145	1.587	-17.151	-8.240	83.33	13.15	-7.03	-17.820	46.307	-40.987	-0.74512	-0.65515	-0.11011	0.05795	26.2	null	null	13113	60
2026-05-27T16:48:58.901	WT901BLE68(F3:F0:16:BF:DC:AE)	-0.205	0.962	0.155	-4.333	-16.418	-4.822	82.63	13.51	-9.25	-17.820	46.307	-40.987	-0.74512	-0.65515	-0.11011	0.05795	26.2	null	null	13113	60
2026-05-27T16:48:59.019	WT901BLE68(F3:F0:16:BF:DC:AE)	-0.219	0.956	0.149	-3.967	1.221	-1.953	81.96	13.77	-9.94	-17.567	41.293	-51.073	-0.74512	-0.65515	-0.11011	0.05795	26.2	null	null	13113	60
2026-05-27T16:48:59.115	WT901BLE68(F3:F0:16:BF:DC:AE)	-0.220	0.956	0.152	-1.770	-5.493	2.136	81.60	13.66	-10.17	-17.567	41.293	-51.073	-0.74512	-0.65515	-0.11011	0.05795	26.2	null	null	13113	60
2026-05-27T16:48:59.229	WT901BLE68(F3:F0:16:BF:DC:AE)	-0.220	0.972	0.152	-2.197	-2.441	7.263	81.29	13.11	-10.61	-17.567	41.293	-51.073	-0.74268	-0.65314	-0.02902	0.14459	26.2	null	null	13113	60
2026-05-27T16:48:59.322	WT901BLE68(F3:F0:16:BF:DC:AE)	-0.232	0.967	0.150	-0.488	5.310	7.019	81.19	12.37	-10.26	-17.567	41.293	-51.073	-0.74268	-0.65314	-0.02902	0.14459	26.2	null	null	13113	60
2026-05-27T16:48:59.445	WT901BLE68(F3:F0:16:BF:DC:AE)	-0.231	0.962	0.160	1.038	1.831	2.930	81.33	12.02	-9.73	-17.567	41.293	-51.073	-0.74268	-0.65314	-0.02902	0.14459	26.2	null	null	13113	60
2026-05-27T16:48:59.501	WT901BLE68(F3:F0:16:BF:DC:AE)	-0.236	0.965	0.166	1.404	4.211	2.563	81.49	11.84	-9.31	-17.567	41.293	-51.073	-0.74268	-0.65314	-0.02902	0.14459	26.2	null	null	13113	60
2026-05-27T16:48:59.621	WT901BLE68(F3:F0:16:BF:DC:AE)	-0.228	0.957	0.172	0.244	-1.343	-5.798	81.57	12.00	-9.11	-17.567	41.293	-51.073	-0.74268	-0.65314	-0.02902	0.14459	26.2	null	null	13113	60
2026-05-27T16:48:59.711	WT901BLE68(F3:F0:16:BF:DC:AE)	-0.204	0.970	0.170	-5.493	6.042	-6.897	81.23	12.83	-9.18	-17.567	41.293	-51.073	-0.74268	-0.65314	-0.02902	0.14459	26.2	null	null	13113	60
2026-05-27T16:48:59.835	WT901BLE68(F3:F0:16:BF:DC:AE)	-0.219	0.958	0.166	-7.751	14.709	-0.610	80.72	13.34	-8.16	-17.567	41.293	-51.073	-0.74268	-0.65314	-0.02902	0.14459	26.2	null	null	13113	60
2026-05-27T16:48:59.926	WT901BLE68(F3:F0:16:BF:DC:AE)	-0.232	0.957	0.165	-5.554	12.085	1.221	80.34	13.52	-6.76	-16.387	41.553	-47.587	-0.74268	-0.65314	-0.02902	0.14459	26.2	null	null	13113	60
2026-05-27T16:49:00.046	WT901BLE68(F3:F0:16:BF:DC:AE)	-0.229	0.951	0.170	-6.165	11.963	3.418	80.06	13.41	-5.73	-16.387	41.553	-47.587	-0.74268	-0.65314	-0.02902	0.14459	26.2	null	null	13113	60
2026-05-27T16:49:00.100	WT901BLE68(F3:F0:16:BF:DC:AE)	-0.208	0.971	0.148	-5.859	21.240	4.761	79.69	13.32	-4.50	-16.387	41.553	-47.587	-0.75742	-0.64084	-0.06021	0.10916	26.2	null	null	13113	60
2026-05-27T16:49:00.254	WT901BLE68(F3:F0:16:BF:DC:AE)	-0.257	1.002	0.184	8.057	10.498	10.620	80.36	12.88	-2.62	-16.387	41.553	-47.587	-0.75742	-0.64084	-0.06021	0.10916	26.2	null	null	13113	60
2026-05-27T16:49:00.313	WT901BLE68(F3:F0:16:BF:DC:AE)	-0.262	0.943	0.233	3.967	-7.141	7.813	80.94	11.96	-2.87	-16.387	41.553	-47.587	-0.75742	-0.64084	-0.06021	0.10916	26.2	null	null	13113	60
2026-05-27T16:49:00.433	WT901BLE68(F3:F0:16:BF:DC:AE)	-0.222	0.948	0.190	-7.019	-25.818	-1.526	80.17	11.60	-4.43	-16.387	41.553	-47.587	-0.75742	-0.64084	-0.06021	0.10916	26.2	null	null	13113	60
2026-05-27T16:49:00.521	WT901BLE68(F3:F0:16:BF:DC:AE)	-0.191	1.008	0.184	-3.906	-22.034	-1.038	79.19	11.50	-6.35	-16.387	41.553	-47.587	-0.75742	-0.64084	-0.06021	0.10916	26.2	null	null	13113	60
2026-05-27T16:49:00.646	WT901BLE68(F3:F0:16:BF:DC:AE)	-0.111	0.923	0.243	1.099	-28.137	0.916	78.43	10.89	-9.51	-16.387	41.553	-47.587	-0.75742	-0.64084	-0.06021	0.10916	26.2	null	null	13113	60
2026-05-27T16:49:00.744	WT901BLE68(F3:F0:16:BF:DC:AE)	-0.207	0.983	0.203	-1.282	-7.263	8.118	78.33	10.40	-10.13	-16.387	41.553	-47.587	-0.75742	-0.64084	-0.06021	0.10916	26.2	null	null	13113	60
2026-05-27T16:49:00.851	WT901BLE68(F3:F0:16:BF:DC:AE)	-0.196	0.963	0.195	0.244	8.728	-3.723	78.18	9.95	-9.88	-14.353	40.733	-45.673	-0.75742	-0.64084	-0.06021	0.10916	26.2	null	null	13113	60
2026-05-27T16:49:00.914	WT901BLE68(F3:F0:16:BF:DC:AE)	-0.160	0.936	0.217	-0.488	4.211	-8.789	78.28	10.98	-9.58	-14.353	40.733	-45.673	-0.75742	-0.64084	-0.06021	0.10916	26.2	null	null	13113	60
2026-05-27T16:49:01.031	WT901BLE68(F3:F0:16:BF:DC:AE)	-0.198	0.949	0.211	-4.150	9.460	0.000	78.13	11.40	-8.75	-14.353	40.733	-45.673	-0.76437	-0.63205	-0.02505	0.12442	26.2	null	null	13113	60
2026-05-27T16:49:01.123	WT901BLE68(F3:F0:16:BF:DC:AE)	-0.208	0.950	0.196	-1.709	10.437	-1.465	77.95	11.61	-7.90	-14.353	40.733	-45.673	-0.76437	-0.63205	-0.02505	0.12442	26.2	null	null	13113	60
2026-05-27T16:49:01.243	WT901BLE68(F3:F0:16:BF:DC:AE)	-0.198	0.966	0.210	-1.099	13.672	1.221	78.05	11.79	-6.99	-14.353	40.733	-45.673	-0.76437	-0.63205	-0.02505	0.12442	26.2	null	null	13113	60
2026-05-27T16:49:01.335	WT901BLE68(F3:F0:16:BF:DC:AE)	-0.246	0.954	0.202	0.305	14.954	-2.869	78.40	12.32	-5.08	-14.353	40.733	-45.673	-0.76437	-0.63205	-0.02505	0.12442	26.2	null	null	13113	60
2026-05-27T16:49:01.453	WT901BLE68(F3:F0:16:BF:DC:AE)	-0.235	0.958	0.217	0.122	-6.897	1.892	78.46	12.38	-5.19	-14.353	40.733	-45.673	-0.76437	-0.63205	-0.02505	0.12442	26.2	null	null	13113	60
2026-05-27T16:49:01.512	WT901BLE68(F3:F0:16:BF:DC:AE)	-0.234	0.965	0.201	-7.141	17.578	-1.892	78.05	12.46	-4.91	-14.353	40.733	-45.673	-0.76437	-0.63205	-0.02505	0.12442	26.2	null	null	13113	60
2026-05-27T16:49:01.662	WT901BLE68(F3:F0:16:BF:DC:AE)	-0.252	0.942	0.182	-3.479	18.616	-10.132	77.84	13.58	-3.04	-14.353	40.733	-45.673	-0.76437	-0.63205	-0.02505	0.12442	26.2	null	null	13113	60
2026-05-27T16:49:01.722	WT901BLE68(F3:F0:16:BF:DC:AE)	-0.234	0.950	0.208	0.732	-8.118	-8.362	77.86	14.53	-3.39	-13.440	41.827	-41.773	-0.76437	-0.63205	-0.02505	0.12442	26.2	null	null	13113	60
2026-05-27T16:49:01.844	WT901BLE68(F3:F0:16:BF:DC:AE)	-0.203	0.962	0.208	-4.272	8.545	-1.465	77.68	14.99	-3.54	-13.440	41.827	-41.773	-0.76437	-0.63205	-0.02505	0.12442	26.2	null	null	13113	60
2026-05-27T16:49:01.931	WT901BLE68(F3:F0:16:BF:DC:AE)	-0.230	0.955	0.186	-3.479	21.851	4.517	77.78	15.02	-1.97	-13.440	41.827	-41.773	-0.76978	-0.62408	-0.08511	0.10287	26.2	null	null	13113	60
2026-05-27T16:49:02.055	WT901BLE68(F3:F0:16:BF:DC:AE)	-0.232	0.958	0.180	-1.831	21.973	10.986	78.06	14.50	-0.15	-13.440	41.827	-41.773	-0.76978	-0.62408	-0.08511	0.10287	26.2	null	null	13113	60
2026-05-27T16:49:02.144	WT901BLE68(F3:F0:16:BF:DC:AE)	-0.271	0.944	0.183	2.380	12.085	13.550	78.73	13.74	2.03	-13.440	41.827	-41.773	-0.76978	-0.62408	-0.08511	0.10287	26.2	null	null	13113	60
2026-05-27T16:49:02.263	WT901BLE68(F3:F0:16:BF:DC:AE)	-0.255	0.954	0.189	7.141	2.197	16.602	79.43	12.33	2.28	-13.440	41.827	-41.773	-0.76978	-0.62408	-0.08511	0.10287	26.2	null	null	13113	60
2026-05-27T16:49:02.323	WT901BLE68(F3:F0:16:BF:DC:AE)	-0.251	0.958	0.192	4.578	-0.061	10.620	80.07	11.10	2.35	-13.440	41.827	-41.773	-0.76978	-0.62408	-0.08511	0.10287	26.2	null	null	13113	60
2026-05-27T16:49:02.442	WT901BLE68(F3:F0:16:BF:DC:AE)	-0.214	0.985	0.216	1.709	23.438	-1.892	80.50	11.15	3.15	-13.440	41.827	-41.773	-0.76978	-0.62408	-0.08511	0.10287	26.2	null	null	13113	60
2026-05-27T16:49:02.531	WT901BLE68(F3:F0:16:BF:DC:AE)	-0.219	0.974	0.205	2.991	-10.620	0.916	80.60	11.38	3.37	-13.440	41.827	-41.773	-0.76978	-0.62408	-0.08511	0.10287	26.2	null	null	13113	60
2026-05-27T16:49:02.651	WT901BLE68(F3:F0:16:BF:DC:AE)	-0.259	1.004	0.201	2.747	-20.813	-3.967	80.51	11.42	1.69	-7.867	39.893	-41.880	-0.76978	-0.62408	-0.08511	0.10287	26.2	null	null	13113	60
2026-05-27T16:49:02.743	WT901BLE68(F3:F0:16:BF:DC:AE)	-0.230	0.932	0.181	-1.770	-15.808	-15.137	79.93	12.24	-0.41	-7.867	39.893	-41.880	-0.76978	-0.62408	-0.08511	0.10287	26.2	null	null	13113	60
2026-05-27T16:49:02.862	WT901BLE68(F3:F0:16:BF:DC:AE)	-0.178	0.982	0.161	-1.221	-25.879	-6.287	79.09	12.91	-3.25	-7.867	39.893	-41.880	-0.76294	-0.63641	-0.07468	0.08490	26.2	null	null	13113	60
2026-05-27T16:49:02.922	WT901BLE68(F3:F0:16:BF:DC:AE)	-0.239	0.936	0.147	3.784	-20.020	-11.292	78.94	13.46	-4.61	-7.867	39.893	-41.880	-0.76294	-0.63641	-0.07468	0.08490	26.2	null	null	13113	60
2026-05-27T16:49:03.075	WT901BLE68(F3:F0:16:BF:DC:AE)	-0.200	0.973	0.160	5.432	-27.283	-7.385	78.88	13.84	-7.71	-7.867	39.893	-41.880	-0.76294	-0.63641	-0.07468	0.08490	26.2	null	null	13113	60
2026-05-27T16:49:03.131	WT901BLE68(F3:F0:16:BF:DC:AE)	-0.192	0.952	0.166	1.770	1.404	-0.366	78.96	13.76	-8.92	-7.867	39.893	-41.880	-0.76294	-0.63641	-0.07468	0.08490	26.2	null	null	13113	60
2026-05-27T16:49:03.255	WT901BLE68(F3:F0:16:BF:DC:AE)	-0.228	0.948	0.165	4.333	-9.521	7.019	79.32	13.24	-8.95	-7.867	39.893	-41.880	-0.76294	-0.63641	-0.07468	0.08490	26.2	null	null	13113	60
2026-05-27T16:49:03.342	WT901BLE68(F3:F0:16:BF:DC:AE)	-0.224	0.975	0.180	2.991	-8.545	11.536	79.56	12.04	-9.80	-7.867	39.893	-41.880	-0.76294	-0.63641	-0.07468	0.08490	26.2	null	null	13113	60
2026-05-27T16:49:03.461	WT901BLE68(F3:F0:16:BF:DC:AE)	-0.240	0.964	0.183	0.244	-4.395	9.338	79.62	10.98	-9.96	-7.867	39.893	-41.880	-0.76294	-0.63641	-0.07468	0.08490	26.2	null	null	13113	60
2026-05-27T16:49:03.550	WT901BLE68(F3:F0:16:BF:DC:AE)	-0.243	0.968	0.182	-2.930	-9.949	4.150	79.35	10.39	-10.34	-13.273	41.800	-48.080	-0.76294	-0.63641	-0.07468	0.08490	26.2	null	null	13113	60
2026-05-27T16:49:03.674	WT901BLE68(F3:F0:16:BF:DC:AE)	-0.238	0.974	0.170	-6.042	-0.244	-5.493	78.77	10.63	-10.47	-13.273	41.800	-48.080	-0.76294	-0.63641	-0.07468	0.08490	26.2	null	null	13113	60
2026-05-27T16:49:03.732	WT901BLE68(F3:F0:16:BF:DC:AE)	-0.227	0.959	0.153	-4.578	-4.028	-10.681	78.24	11.71	-10.55	-13.273	41.800	-48.080	-0.76202	-0.63370	-0.01797	0.13168	26.2	null	null	13113	60
2026-05-27T16:49:03.856	WT901BLE68(F3:F0:16:BF:DC:AE)	-0.214	0.961	0.148	-1.892	-0.610	-8.362	77.99	12.57	-10.83	-13.273	41.800	-48.080	-0.76202	-0.63370	-0.01797	0.13168	26.2	null	null	13113	60
2026-05-27T16:49:03.943	WT901BLE68(F3:F0:16:BF:DC:AE)	-0.208	0.971	0.152	3.235	-0.427	-6.531	78.26	13.29	-10.81	-13.273	41.800	-48.080	-0.76202	-0.63370	-0.01797	0.13168	26.2	null	null	13113	60
2026-05-27T16:49:04.065	WT901BLE68(F3:F0:16:BF:DC:AE)	-0.206	0.961	0.166	5.981	3.967	-0.427	78.95	13.58	-10.53	-13.273	41.800	-48.080	-0.76202	-0.63370	-0.01797	0.13168	26.2	null	null	13113	60
2026-05-27T16:49:04.153	WT901BLE68(F3:F0:16:BF:DC:AE)	-0.219	0.957	0.192	6.531	5.493	6.470	79.79	13.15	-9.89	-13.273	41.800	-48.080	-0.76202	-0.63370	-0.01797	0.13168	26.2	null	null	13113	60
2026-05-27T16:49:04.273	WT901BLE68(F3:F0:16:BF:DC:AE)	-0.224	0.967	0.208	1.404	5.371	4.456	80.25	12.63	-9.25	-13.273	41.800	-48.080	-0.76202	-0.63370	-0.01797	0.13168	26.2	null	null	13113	60
2026-05-27T16:49:04.332	WT901BLE68(F3:F0:16:BF:DC:AE)	-0.213	0.970	0.190	-4.211	3.723	-1.709	80.04	12.57	-8.75	-13.273	41.800	-48.080	-0.76202	-0.63370	-0.01797	0.13168	26.2	null	null	13113	60
2026-05-27T16:49:04.483	WT901BLE68(F3:F0:16:BF:DC:AE)	-0.200	0.962	0.182	-5.493	10.925	-1.343	79.62	12.89	-8.08	-14.627	41.787	-47.760	-0.76202	-0.63370	-0.01797	0.13168	26.2	null	null	13113	60
2026-05-27T16:49:04.538	WT901BLE68(F3:F0:16:BF:DC:AE)	-0.207	0.972	0.173	-2.930	4.944	2.075	79.39	13.02	-7.09	-14.627	41.787	-47.760	-0.76202	-0.63370	-0.01797	0.13168	26.2	null	null	13113	60
2026-05-27T16:49:04.660	WT901BLE68(F3:F0:16:BF:DC:AE)	-0.195	0.962	0.183	0.549	3.235	2.686	79.41	12.80	-6.56	-14.627	41.787	-47.760	-0.75909	-0.63840	-0.04861	0.11725	26.2	null	null	13113	60
2026-05-27T16:49:04.753	WT901BLE68(F3:F0:16:BF:DC:AE)	-0.198	0.956	0.196	-0.488	20.264	8.057	79.66	12.38	-5.69	-14.627	41.787	-47.760	-0.75909	-0.63840	-0.04861	0.11725	26.2	null	null	13113	60
2026-05-27T16:49:04.874	WT901BLE68(F3:F0:16:BF:DC:AE)	-0.220	0.961	0.180	-3.601	8.484	7.446	79.67	11.82	-4.26	-14.627	41.787	-47.760	-0.75909	-0.63840	-0.04861	0.11725	26.2	null	null	13113	60
2026-05-27T16:49:04.963	WT901BLE68(F3:F0:16:BF:DC:AE)	-0.234	0.956	0.179	-1.343	2.869	3.723	79.53	11.41	-3.57	-14.627	41.787	-47.760	-0.75909	-0.63840	-0.04861	0.11725	26.2	null	null	13113	60
2026-05-27T16:49:05.081	WT901BLE68(F3:F0:16:BF:DC:AE)	-0.239	0.958	0.186	-0.549	1.160	-2.686	79.51	11.44	-3.32	-14.627	41.787	-47.760	-0.75909	-0.63840	-0.04861	0.11725	26.2	null	null	13113	60
2026-05-27T16:49:05.139	WT901BLE68(F3:F0:16:BF:DC:AE)	-0.210	0.966	0.183	-1.343	-4.028	-4.150	79.31	11.85	-3.82	-14.627	41.787	-47.760	-0.75909	-0.63840	-0.04861	0.11725	26.2	null	null	13113	60
2026-05-27T16:49:05.266	WT901BLE68(F3:F0:16:BF:DC:AE)	-0.196	0.969	0.169	-0.916	-9.155	-6.409	79.09	12.30	-4.47	-14.627	41.787	-47.760	-0.75909	-0.63840	-0.04861	0.11725	26.2	null	null	13113	60
2026-05-27T16:49:05.350	WT901BLE68(F3:F0:16:BF:DC:AE)	-0.167	0.959	0.180	0.000	-4.333	-2.625	79.00	12.73	-5.10	-12.420	41.580	-44.227	-0.75909	-0.63840	-0.04861	0.11725	26.2	null	null	13113	60
2026-05-27T16:49:05.474	WT901BLE68(F3:F0:16:BF:DC:AE)	-0.201	0.958	0.192	-3.174	14.343	2.869	79.08	12.68	-4.39	-12.420	41.580	-44.227	-0.75909	-0.63840	-0.04861	0.11725	26.2	null	null	13113	60
2026-05-27T16:49:05.561	WT901BLE68(F3:F0:16:BF:DC:AE)	-0.204	0.950	0.175	-1.404	5.981	5.920	79.00	12.41	-3.47	-12.420	41.580	-44.227	-0.76382	-0.63507	-0.06326	0.09573	26.2	null	null	13113	60
2026-05-27T16:49:05.687	WT901BLE68(F3:F0:16:BF:DC:AE)	-0.230	0.971	0.196	2.258	5.249	7.935	79.27	11.79	-2.83	-12.420	41.580	-44.227	-0.76382	-0.63507	-0.06326	0.09573	26.2	null	null	13113	60
2026-05-27T16:49:05.742	WT901BLE68(F3:F0:16:BF:DC:AE)	-0.257	0.966	0.209	3.479	-1.770	2.808	79.68	11.50	-2.05	-12.420	41.580	-44.227	-0.76382	-0.63507	-0.06326	0.09573	26.2	null	null	13113	60
2026-05-27T16:49:05.895	WT901BLE68(F3:F0:16:BF:DC:AE)	-0.248	0.963	0.211	0.671	-7.385	-1.404	79.76	11.47	-2.46	-12.420	41.580	-44.227	-0.76382	-0.63507	-0.06326	0.09573	26.2	null	null	13113	60
2026-05-27T16:49:05.954	WT901BLE68(F3:F0:16:BF:DC:AE)	-0.189	0.958	0.197	-0.549	-8.423	-0.916	79.39	11.50	-3.75	-12.420	41.580	-44.227	-0.76382	-0.63507	-0.06326	0.09573	26.2	null	null	13113	60
2026-05-27T16:49:06.078	WT901BLE68(F3:F0:16:BF:DC:AE)	-0.199	0.970	0.185	1.465	-10.559	0.916	79.18	11.35	-4.67	-12.420	41.580	-44.227	-0.76382	-0.63507	-0.06326	0.09573	26.2	null	null	13113	60
2026-05-27T16:49:06.165	WT901BLE68(F3:F0:16:BF:DC:AE)	-0.214	0.952	0.192	1.709	-2.930	-1.343	79.23	11.23	-5.27	-12.420	41.580	-44.227	-0.76382	-0.63507	-0.06326	0.09573	26.2	null	null	13113	60
2026-05-27T16:49:06.279	WT901BLE68(F3:F0:16:BF:DC:AE)	-0.209	0.964	0.191	0.610	-1.221	-1.160	79.27	11.39	-5.61	-11.527	40.020	-44.193	-0.76382	-0.63507	-0.06326	0.09573	26.2	null	null	13113	60
2026-05-27T16:49:06.370	WT901BLE68(F3:F0:16:BF:DC:AE)	-0.205	0.973	0.197	1.404	-8.362	1.343	79.22	11.32	-6.09	-11.527	40.020	-44.193	-0.76382	-0.63507	-0.06326	0.09573	26.2	null	null	13113	60
2026-05-27T16:49:06.492	WT901BLE68(F3:F0:16:BF:DC:AE)	-0.208	0.972	0.204	1.587	-15.808	-0.671	79.15	11.06	-7.15	-11.527	40.020	-44.193	-0.76215	-0.63751	-0.03989	0.10501	26.2	null	null	13113	60
2026-05-27T16:49:06.553	WT901BLE68(F3:F0:16:BF:DC:AE)	-0.206	0.968	0.217	0.549	-8.667	-5.127	79.01	11.16	-8.34	-11.527	40.020	-44.193	-0.76215	-0.63751	-0.03989	0.10501	26.2	null	null	13113	60
2026-05-27T16:49:06.675	WT901BLE68(F3:F0:16:BF:DC:AE)	-0.213	0.963	0.191	0.000	-9.277	-3.662	78.82	11.52	-9.02	-11.527	40.020	-44.193	-0.76215	-0.63751	-0.03989	0.10501	26.2	null	null	13113	60
2026-05-27T16:49:06.761	WT901BLE68(F3:F0:16:BF:DC:AE)	-0.207	0.967	0.186	0.427	-15.564	-7.507	78.55	11.80	-10.23	-11.527	40.020	-44.193	-0.76215	-0.63751	-0.03989	0.10501	26.2	null	null	13113	60
2026-05-27T16:49:06.885	WT901BLE68(F3:F0:16:BF:DC:AE)	-0.184	0.970	0.181	0.000	-5.859	-9.644	78.35	12.46	-11.34	-11.527	40.020	-44.193	-0.76215	-0.63751	-0.03989	0.10501	26.2	null	null	13113	60
2026-05-27T16:49:06.973	WT901BLE68(F3:F0:16:BF:DC:AE)	-0.186	0.955	0.183	1.221	0.427	-0.977	78.37	12.91	-11.71	-11.527	40.020	-44.193	-0.76215	-0.63751	-0.03989	0.10501	26.2	null	null	13113	60
2026-05-27T16:49:07.093	WT901BLE68(F3:F0:16:BF:DC:AE)	-0.227	0.971	0.190	2.380	-2.563	4.700	78.63	12.54	-11.41	-11.527	40.020	-44.193	-0.76215	-0.63751	-0.03989	0.10501	26.2	null	null	13113	60
2026-05-27T16:49:07.149	WT901BLE68(F3:F0:16:BF:DC:AE)	-0.228	0.949	0.190	1.892	-6.653	1.465	78.70	12.10	-11.91	-16.080	41.527	-47.467	-0.76215	-0.63751	-0.03989	0.10501	26.2	null	null	13113	60
2026-05-27T16:49:07.304	WT901BLE68(F3:F0:16:BF:DC:AE)	-0.238	0.958	0.189	0.916	-7.996	-0.977	78.70	11.99	-12.42	-16.080	41.527	-47.467	-0.76215	-0.63751	-0.03989	0.10501	26.2	null	null	13113	60
2026-05-27T16:49:07.361	WT901BLE68(F3:F0:16:BF:DC:AE)	-0.236	0.978	0.195	-0.671	-6.165	-7.263	78.56	12.41	-12.94	-16.080	41.527	-47.467	-0.75705	-0.63522	-0.01166	0.15204	26.2	null	null	13113	60
2026-05-27T16:49:07.485	WT901BLE68(F3:F0:16:BF:DC:AE)	-0.212	0.958	0.198	-0.549	-9.521	-8.972	78.28	13.10	-13.69	-16.080	41.527	-47.467	-0.75705	-0.63522	-0.01166	0.15204	26.2	null	null	13113	60
2026-05-27T16:49:07.573	WT901BLE68(F3:F0:16:BF:DC:AE)	-0.210	0.946	0.197	-1.221	-2.991	-2.991	78.05	13.57	-14.22	-16.080	41.527	-47.467	-0.75705	-0.63522	-0.01166	0.15204	26.2	null	null	13113	60
2026-05-27T16:49:07.694	WT901BLE68(F3:F0:16:BF:DC:AE)	-0.240	0.952	0.182	2.075	-9.521	2.197	77.98	13.36	-14.57	-16.080	41.527	-47.467	-0.75705	-0.63522	-0.01166	0.15204	26.2	null	null	13113	60
2026-05-27T16:49:07.781	WT901BLE68(F3:F0:16:BF:DC:AE)	-0.245	0.952	0.191	6.042	-17.395	2.075	78.13	12.88	-15.72	-16.080	41.527	-47.467	-0.75705	-0.63522	-0.01166	0.15204	26.2	null	null	13113	60
2026-05-27T16:49:07.904	WT901BLE68(F3:F0:16:BF:DC:AE)	-0.258	0.943	0.188	6.531	-29.297	1.221	78.39	12.23	-17.83	-16.080	41.527	-47.467	-0.75705	-0.63522	-0.01166	0.15204	26.2	null	null	13113	60
2026-05-27T16:49:07.960	WT901BLE68(F3:F0:16:BF:DC:AE)	-0.247	0.958	0.195	6.348	-16.296	-4.517	78.60	12.13	-19.59	-16.080	41.527	-47.467	-0.75705	-0.63522	-0.01166	0.15204	26.2	null	null	13113	60
2026-05-27T16:49:08.083	WT901BLE68(F3:F0:16:BF:DC:AE)	-0.248	0.952	0.177	7.629	-19.043	-7.996	78.86	12.60	-20.96	-22.173	41.833	-50.753	-0.75705	-0.63522	-0.01166	0.15204	26.2	null	null	13113	60
2026-05-27T16:49:08.174	WT901BLE68(F3:F0:16:BF:DC:AE)	-0.238	0.968	0.178	8.484	-23.743	-7.690	79.13	13.00	-23.10	-22.173	41.833	-50.753	-0.75705	-0.63522	-0.01166	0.15204	26.2	null	null	13113	60
2026-05-27T16:49:08.290	WT901BLE68(F3:F0:16:BF:DC:AE)	-0.230	0.969	0.174	7.263	-21.667	-9.888	79.37	13.45	-25.10	-22.173	41.833	-50.753	-0.73254	-0.63806	0.04639	0.23239	26.2	null	null	13113	60
2026-05-27T16:49:08.389	WT901BLE68(F3:F0:16:BF:DC:AE)	-0.216	0.973	0.166	4.089	-7.568	-9.949	79.54	14.16	-26.35	-22.173	41.833	-50.753	-0.73254	-0.63806	0.04639	0.23239	26.2	null	null	13113	60
2026-05-27T16:49:08.501	WT901BLE68(F3:F0:16:BF:DC:AE)	-0.206	0.965	0.158	1.770	1.404	-6.165	79.76	14.79	-26.40	-22.173	41.833	-50.753	-0.73254	-0.63806	0.04639	0.23239	26.2	null	null	13113	60
2026-05-27T16:49:08.566	WT901BLE68(F3:F0:16:BF:DC:AE)	-0.213	0.958	0.154	1.831	10.376	1.648	80.13	14.93	-25.41	-22.173	41.833	-50.753	-0.73254	-0.63806	0.04639	0.23239	26.2	null	null	13113	60
2026-05-27T16:49:08.686	WT901BLE68(F3:F0:16:BF:DC:AE)	-0.237	0.959	0.174	5.859	8.118	6.409	80.86	14.43	-24.08	-22.173	41.833	-50.753	-0.73254	-0.63806	0.04639	0.23239	26.2	null	null	13113	60
2026-05-27T16:49:08.772	WT901BLE68(F3:F0:16:BF:DC:AE)	-0.222	0.971	0.179	-2.686	20.813	10.071	81.20	13.72	-22.53	-22.173	41.833	-50.753	-0.73254	-0.63806	0.04639	0.23239	26.2	null	null	13113	60
2026-05-27T16:49:08.893	WT901BLE68(F3:F0:16:BF:DC:AE)	-0.242	0.960	0.147	-2.319	22.949	8.667	81.37	13.08	-19.79	-22.173	41.833	-50.753	-0.73254	-0.63806	0.04639	0.23239	26.2	null	null	13113	60
2026-05-27T16:49:08.983	WT901BLE68(F3:F0:16:BF:DC:AE)	-0.257	1.004	0.163	0.000	-8.240	11.841	81.62	12.32	-18.61	-25.113	40.180	-54.887	-0.73254	-0.63806	0.04639	0.23239	26.2	null	null	13113	60
2026-05-27T16:49:09.102	WT901BLE68(F3:F0:16:BF:DC:AE)	-0.234	0.932	0.145	-4.272	21.301	9.338	81.35	11.51	-17.24	-25.113	40.180	-54.887	-0.73254	-0.63806	0.04639	0.23239	26.2	null	null	13113	60
2026-05-27T16:49:09.190	WT901BLE68(F3:F0:16:BF:DC:AE)	-0.226	0.972	0.176	1.831	-12.695	17.700	81.43	10.27	-16.92	-25.113	40.180	-54.887	-0.73730	-0.65283	0.02130	0.17203	26.2	null	null	13113	60
2026-05-27T16:49:09.316	WT901BLE68(F3:F0:16:BF:DC:AE)	-0.172	0.986	0.175	-19.287	37.903	-6.104	80.46	9.99	-15.55	-25.113	40.180	-54.887	-0.73730	-0.65283	0.02130	0.17203	26.2	null	null	13113	60
2026-05-27T16:49:09.372	WT901BLE68(F3:F0:16:BF:DC:AE)	-0.293	0.941	0.134	-7.996	-21.484	-8.118	79.51	11.70	-13.21	-25.113	40.180	-54.887	-0.73730	-0.65283	0.02130	0.17203	26.2	null	null	13113	60
2026-05-27T16:49:09.495	WT901BLE68(F3:F0:16:BF:DC:AE)	-0.131	0.983	0.170	-11.230	-8.301	13.184	78.19	10.50	-16.53	-25.113	40.180	-54.887	-0.73730	-0.65283	0.02130	0.17203	26.2	null	null	13113	60
2026-05-27T16:49:09.585	WT901BLE68(F3:F0:16:BF:DC:AE)	-0.286	0.947	0.123	-12.512	38.208	7.507	77.73	10.32	-12.12	-25.113	40.180	-54.887	-0.73730	-0.65283	0.02130	0.17203	26.2	null	null	13113	60
2026-05-27T16:49:09.701	WT901BLE68(F3:F0:16:BF:DC:AE)	-0.165	1.009	0.124	-9.216	14.832	-2.319	77.05	10.45	-11.52	-25.113	40.180	-54.887	-0.73730	-0.65283	0.02130	0.17203	26.2	null	null	13113	60
2026-05-27T16:49:09.824	WT901BLE68(F3:F0:16:BF:DC:AE)	-0.209	0.941	0.113	-2.869	57.617	-5.188	77.68	12.00	-6.75	-25.113	40.180	-54.887	-0.73730	-0.65283	0.02130	0.17203	26.2	null	null	13113	60
2026-05-27T16:49:09.914	WT901BLE68(F3:F0:16:BF:DC:AE)	-0.194	0.988	0.176	8.789	23.743	-5.615	79.24	13.23	-3.52	-16.107	44.173	-46.327	-0.73730	-0.65283	0.02130	0.17203	26.2	null	null	13113	60
2026-05-27T16:49:09.969	WT901BLE68(F3:F0:16:BF:DC:AE)	-0.159	0.975	0.289	-4.333	51.453	-7.324	80.53	14.60	0.47	-16.107	44.173	-46.327	-0.73730	-0.65283	0.02130	0.17203	26.2	null	null	13113	60
2026-05-27T16:49:10.093	WT901BLE68(F3:F0:16:BF:DC:AE)	-0.175	0.978	0.253	-27.100	59.021	9.216	80.27	15.26	5.00	-16.107	44.173	-46.327	-0.75705	-0.63971	-0.11258	0.06989	26.2	null	null	13113	60
2026-05-27T16:49:10.185	WT901BLE68(F3:F0:16:BF:DC:AE)	-0.196	0.916	0.161	-22.156	46.326	26.978	78.75	14.24	9.85	-16.107	44.173	-46.327	-0.75705	-0.63971	-0.11258	0.06989	26.2	null	null	13113	60
2026-05-27T16:49:10.303	WT901BLE68(F3:F0:16:BF:DC:AE)	-0.241	0.966	0.148	-4.395	18.982	38.513	78.26	11.62	13.18	-16.107	44.173	-46.327	-0.75705	-0.63971	-0.11258	0.06989	26.2	null	null	13113	60
2026-05-27T16:49:10.391	WT901BLE68(F3:F0:16:BF:DC:AE)	-0.252	0.973	0.204	9.827	6.165	33.081	78.96	8.23	14.44	-16.107	44.173	-46.327	-0.75705	-0.63971	-0.11258	0.06989	26.2	null	null	13113	60
2026-05-27T16:49:10.514	WT901BLE68(F3:F0:16:BF:DC:AE)	-0.251	0.961	0.248	10.742	6.226	9.644	80.12	6.44	14.89	-16.107	44.173	-46.327	-0.75705	-0.63971	-0.11258	0.06989	26.2	null	null	13113	60
2026-05-27T16:49:10.604	WT901BLE68(F3:F0:16:BF:DC:AE)	-0.235	0.976	0.279	-2.686	-10.193	-9.277	80.55	7.08	15.31	-16.107	44.173	-46.327	-0.75705	-0.63971	-0.11258	0.06989	26.2	null	null	13113	60
2026-05-27T16:49:10.725	WT901BLE68(F3:F0:16:BF:DC:AE)	-0.163	0.984	0.236	-5.371	-9.399	-16.479	79.49	8.26	12.86	-16.107	44.173	-46.327	-0.75705	-0.63971	-0.11258	0.06989	26.2	null	null	13113	60
2026-05-27T16:49:10.813	WT901BLE68(F3:F0:16:BF:DC:AE)	-0.200	0.967	0.185	-4.517	-21.240	-18.066	78.45	9.85	10.49	-2.673	39.000	-36.027	-0.75705	-0.63971	-0.11258	0.06989	26.2	null	null	13113	60
2026-05-27T16:49:10.904	WT901BLE68(F3:F0:16:BF:DC:AE)	-0.172	0.967	0.181	-3.662	-23.865	-17.334	77.51	11.04	7.20	-2.673	39.000	-36.027	-0.75705	-0.63971	-0.11258	0.06989	26.2	null	null	13113	60
2026-05-27T16:49:10.990	WT901BLE68(F3:F0:16:BF:DC:AE)	-0.172	0.974	0.180	-1.465	-14.343	-24.719	76.93	12.62	4.63	-2.673	39.000	-36.027	-0.77951	-0.61591	-0.11176	0.02039	26.2	null	null	13113	60
2026-05-27T16:49:11.113	WT901BLE68(F3:F0:16:BF:DC:AE)	-0.156	0.940	0.181	4.089	-19.531	-17.578	76.70	14.40	2.29	-2.673	39.000	-36.027	-0.77951	-0.61591	-0.11176	0.02039	26.2	null	null	13113	60
2026-05-27T16:49:11.237	WT901BLE68(F3:F0:16:BF:DC:AE)	-0.185	0.949	0.210	6.409	1.526	9.033	77.19	14.35	0.73	-2.673	39.000	-36.027	-0.77951	-0.61591	-0.11176	0.02039	26.2	null	null	13113	60
2026-05-27T16:49:11.325	WT901BLE68(F3:F0:16:BF:DC:AE)	-0.335	0.949	0.202	12.695	-43.823	30.579	77.94	12.34	0.08	-2.673	39.000	-36.027	-0.77951	-0.61591	-0.11176	0.02039	26.2	null	null	13113	60
2026-05-27T16:49:11.384	WT901BLE68(F3:F0:16:BF:DC:AE)	-0.164	0.986	0.232	9.827	-69.336	-2.563	77.77	8.82	-8.01	-2.673	39.000	-36.027	-0.77951	-0.61591	-0.11176	0.02039	26.2	null	null	13113	60
2026-05-27T16:49:11.504	WT901BLE68(F3:F0:16:BF:DC:AE)	-0.183	0.961	0.203	0.549	-22.034	-23.499	77.61	10.16	-11.60	-2.673	39.000	-36.027	-0.77951	-0.61591	-0.11176	0.02039	26.2	null	null	13113	60
2026-05-27T16:49:11.592	WT901BLE68(F3:F0:16:BF:DC:AE)	-0.156	0.961	0.203	4.639	-28.870	-11.414	77.39	11.33	-14.01	-2.673	39.000	-36.027	-0.77951	-0.61591	-0.11176	0.02039	26.2	null	null	13113	60
2026-05-27T16:49:11.711	WT901BLE68(F3:F0:16:BF:DC:AE)	-0.170	0.959	0.212	6.348	-15.869	-2.502	77.51	11.50	-16.11	-16.667	42.360	-46.420	-0.77951	-0.61591	-0.11176	0.02039	26.2	null	null	13113	60
2026-05-27T16:49:11.803	WT901BLE68(F3:F0:16:BF:DC:AE)	-0.204	0.969	0.204	5.737	-14.709	0.183	77.88	11.03	-17.27	-16.667	42.360	-46.420	-0.77951	-0.61591	-0.11176	0.02039	26.2	null	null	13113	60
2026-05-27T16:49:11.951	WT901BLE68(F3:F0:16:BF:DC:AE)	-0.202	0.971	0.196	4.944	-18.250	-4.883	78.11	10.94	-18.57	-16.667	42.360	-46.420	-0.75543	-0.63013	0.02267	0.17786	26.2	null	null	13113	60
2026-05-27T16:49:12.012	WT901BLE68(F3:F0:16:BF:DC:AE)	-0.187	0.965	0.208	2.625	-16.296	-5.676	78.14	11.13	-20.14	-16.667	42.360	-46.420	-0.75543	-0.63013	0.02267	0.17786	26.2	null	null	13113	60
2026-05-27T16:49:12.140	WT901BLE68(F3:F0:16:BF:DC:AE)	-0.179	0.963	0.204	-1.099	-0.793	-1.709	78.00	11.23	-20.92	-16.667	42.360	-46.420	-0.75543	-0.63013	0.02267	0.17786	26.2	null	null	13113	60
2026-05-27T16:49:12.189	WT901BLE68(F3:F0:16:BF:DC:AE)	-0.189	0.963	0.202	-1.831	3.113	-1.282	77.87	11.30	-20.56	-16.667	42.360	-46.420	-0.75543	-0.63013	0.02267	0.17786	26.2	null	null	13113	60
2026-05-27T16:49:12.314	WT901BLE68(F3:F0:16:BF:DC:AE)	-0.206	0.961	0.205	-1.404	7.874	-1.282	77.85	11.51	-19.66	-16.667	42.360	-46.420	-0.75543	-0.63013	0.02267	0.17786	26.2	null	null	13113	60
2026-05-27T16:49:12.402	WT901BLE68(F3:F0:16:BF:DC:AE)	-0.208	0.961	0.162	2.869	15.503	-0.793	77.97	11.91	-18.42	-16.667	42.360	-46.420	-0.75543	-0.63013	0.02267	0.17786	26.2	null	null	13113	60
2026-05-27T16:49:12.522	WT901BLE68(F3:F0:16:BF:DC:AE)	-0.224	0.949	0.203	11.658	-34.790	4.639	78.70	11.26	-18.98	-16.667	42.360	-46.420	-0.75543	-0.63013	0.02267	0.17786	26.2	null	null	13113	60
2026-05-27T16:49:12.612	WT901BLE68(F3:F0:16:BF:DC:AE)	-0.174	0.978	0.212	0.793	-7.690	-9.827	78.93	11.29	-21.01	-21.213	41.160	-51.100	-0.75543	-0.63013	0.02267	0.17786	26.2	null	null	13113	60
2026-05-27T16:49:12.733	WT901BLE68(F3:F0:16:BF:DC:AE)	-0.189	0.970	0.201	-3.967	13.000	-8.606	78.77	12.34	-20.07	-21.213	41.160	-51.100	-0.75543	-0.63013	0.02267	0.17786	26.2	null	null	13113	60
2026-05-27T16:49:12.789	WT901BLE68(F3:F0:16:BF:DC:AE)	-0.195	0.958	0.193	-3.662	11.658	-3.906	78.60	13.11	-18.74	-21.213	41.160	-51.100	-0.74570	-0.63541	0.02121	0.19907	26.2	null	null	13113	60
2026-05-27T16:49:12.913	WT901BLE68(F3:F0:16:BF:DC:AE)	-0.206	0.961	0.199	-0.916	-3.723	5.798	78.48	12.85	-18.28	-21.213	41.160	-51.100	-0.74570	-0.63541	0.02121	0.19907	26.2	null	null	13113	60
2026-05-27T16:49:13.004	WT901BLE68(F3:F0:16:BF:DC:AE)	-0.195	0.967	0.203	-5.920	12.634	4.761	78.23	12.23	-17.78	-21.213	41.160	-51.100	-0.74570	-0.63541	0.02121	0.19907	26.2	null	null	13113	60
2026-05-27T16:49:13.128	WT901BLE68(F3:F0:16:BF:DC:AE)	-0.221	0.950	0.186	-5.859	16.846	2.625	77.98	12.28	-15.85	-21.213	41.160	-51.100	-0.74570	-0.63541	0.02121	0.19907	26.2	null	null	13113	60
2026-05-27T16:49:13.214	WT901BLE68(F3:F0:16:BF:DC:AE)	-0.229	0.951	0.184	-0.183	13.794	2.991	78.10	12.34	-14.10	-21.213	41.160	-51.100	-0.74570	-0.63541	0.02121	0.19907	26.2	null	null	13113	60
2026-05-27T16:49:13.334	WT901BLE68(F3:F0:16:BF:DC:AE)	-0.232	0.958	0.200	5.493	0.854	2.380	78.62	12.26	-13.29	-21.213	41.160	-51.100	-0.74570	-0.63541	0.02121	0.19907	26.2	null	null	13113	60
2026-05-27T16:49:13.423	WT901BLE68(F3:F0:16:BF:DC:AE)	-0.230	0.963	0.211	3.784	3.662	-1.343	79.12	12.27	-13.03	-21.213	41.160	-51.100	-0.74570	-0.63541	0.02121	0.19907	26.2	null	null	13113	60
2026-05-27T16:49:13.542	WT901BLE68(F3:F0:16:BF:DC:AE)	-0.218	0.957	0.222	0.305	-2.014	-2.930	79.29	12.54	-12.91	-19.780	41.813	-49.833	-0.74570	-0.63541	0.02121	0.19907	26.2	null	null	13113	60
2026-05-27T16:49:13.601	WT901BLE68(F3:F0:16:BF:DC:AE)	-0.194	0.979	0.202	-5.615	-4.639	1.343	78.76	12.61	-13.29	-19.780	41.813	-49.833	-0.74570	-0.63541	0.02121	0.19907	26.2	null	null	13113	60
2026-05-27T16:49:13.721	WT901BLE68(F3:F0:16:BF:DC:AE)	-0.198	0.943	0.173	-3.357	-3.906	5.066	78.16	12.10	-13.50	-19.780	41.813	-49.833	-0.75690	-0.63406	-0.01001	0.15759	26.2	null	null	13113	60
2026-05-27T16:49:13.813	WT901BLE68(F3:F0:16:BF:DC:AE)	-0.212	0.979	0.170	-1.892	-6.836	14.526	77.94	10.98	-13.88	-19.780	41.813	-49.833	-0.75690	-0.63406	-0.01001	0.15759	26.2	null	null	13113	60
2026-05-27T16:49:13.936	WT901BLE68(F3:F0:16:BF:DC:AE)	-0.236	0.952	0.160	-1.892	1.648	7.568	77.88	9.86	-13.55	-19.780	41.813	-49.833	-0.75690	-0.63406	-0.01001	0.15759	26.2	null	null	13113	60
2026-05-27T16:49:14.024	WT901BLE68(F3:F0:16:BF:DC:AE)	-0.213	0.941	0.155	-2.808	9.094	0.366	77.87	9.87	-12.92	-19.780	41.813	-49.833	-0.75690	-0.63406	-0.01001	0.15759	26.2	null	null	13113	60
2026-05-27T16:49:14.145	WT901BLE68(F3:F0:16:BF:DC:AE)	-0.233	0.985	0.144	-0.183	23.071	-1.709	78.14	10.47	-10.94	-19.780	41.813	-49.833	-0.75690	-0.63406	-0.01001	0.15759	26.2	null	null	13113	60
2026-05-27T16:49:14.204	WT901BLE68(F3:F0:16:BF:DC:AE)	-0.239	0.959	0.145	8.362	5.981	-5.432	79.03	11.28	-9.56	-19.780	41.813	-49.833	-0.75690	-0.63406	-0.01001	0.15759	26.2	null	null	13113	60
2026-05-27T16:49:14.322	WT901BLE68(F3:F0:16:BF:DC:AE)	-0.219	0.977	0.178	8.484	-8.728	-4.944	79.97	11.85	-10.10	-19.780	41.813	-49.833	-0.75690	-0.63406	-0.01001	0.15759	26.2	null	null	13113	60
2026-05-27T16:49:14.409	WT901BLE68(F3:F0:16:BF:DC:AE)	-0.215	0.983	0.179	0.122	1.099	-6.592	80.24	12.40	-10.48	-17.947	42.627	-50.460	-0.75690	-0.63406	-0.01001	0.15759	26.2	null	null	13113	60
2026-05-27T16:49:14.535	WT901BLE68(F3:F0:16:BF:DC:AE)	-0.211	1.007	0.169	-6.897	-6.592	-3.479	79.74	12.90	-10.91	-17.947	42.627	-50.460	-0.75690	-0.63406	-0.01001	0.15759	26.2	null	null	13113	60
2026-05-27T16:49:14.620	WT901BLE68(F3:F0:16:BF:DC:AE)	-0.227	0.957	0.146	-8.301	5.859	-4.272	79.04	13.19	-10.68	-17.947	42.627	-50.460	-0.75388	-0.64023	-0.02557	0.14496	26.2	null	null	13113	60
2026-05-27T16:49:14.746	WT901BLE68(F3:F0:16:BF:DC:AE)	-0.200	0.968	0.145	-6.775	13.550	-4.822	78.60	13.75	-10.11	-17.947	42.627	-50.460	-0.75388	-0.64023	-0.02557	0.14496	26.2	null	null	13113	60
2026-05-27T16:49:14.833	WT901BLE68(F3:F0:16:BF:DC:AE)	-0.208	0.936	0.146	-1.831	25.879	-6.714	78.85	14.64	-8.02	-17.947	42.627	-50.460	-0.75388	-0.64023	-0.02557	0.14496	26.2	null	null	13113	60
2026-05-27T16:49:14.957	WT901BLE68(F3:F0:16:BF:DC:AE)	-0.183	0.952	0.172	5.127	31.555	0.610	79.85	15.29	-5.84	-17.947	42.627	-50.460	-0.75388	-0.64023	-0.02557	0.14496	26.2	null	null	13113	60
2026-05-27T16:49:15.011	WT901BLE68(F3:F0:16:BF:DC:AE)	-0.231	0.969	0.305	-5.920	110.657	12.329	81.67	15.26	1.10	-17.947	42.627	-50.460	-0.75388	-0.64023	-0.02557	0.14496	26.2	null	null	13113	60
2026-05-27T16:49:15.164	WT901BLE68(F3:F0:16:BF:DC:AE)	-0.287	0.947	0.170	-10.193	-41.870	22.766	80.86	13.80	3.42	-17.947	42.627	-50.460	-0.75388	-0.64023	-0.02557	0.14496	26.2	null	null	13113	60
2026-05-27T16:49:15.234	WT901BLE68(F3:F0:16:BF:DC:AE)	-0.217	1.006	0.212	-0.977	22.034	14.160	80.13	11.76	1.59	-17.947	42.627	-50.460	-0.75388	-0.64023	-0.02557	0.14496	26.2	null	null	13113	60
2026-05-27T16:49:15.341	WT901BLE68(F3:F0:16:BF:DC:AE)	-0.238	0.956	0.169	5.981	4.822	9.399	80.43	10.72	1.79	-9.700	39.827	-42.387	-0.75388	-0.64023	-0.02557	0.14496	26.2	null	null	13113	60
2026-05-27T16:49:15.432	WT901BLE68(F3:F0:16:BF:DC:AE)	-0.202	0.947	0.226	4.639	11.536	4.089	81.16	10.55	2.57	-9.700	39.827	-42.387	-0.75388	-0.64023	-0.02557	0.14496	26.2	null	null	13113	60
2026-05-27T16:49:15.550	WT901BLE68(F3:F0:16:BF:DC:AE)	-0.194	0.993	0.234	-4.517	-16.235	1.160	80.96	10.58	3.37	-9.700	39.827	-42.387	-0.75699	-0.64615	-0.08856	0.03870	26.2	null	null	13113	60
2026-05-27T16:49:15.611	WT901BLE68(F3:F0:16:BF:DC:AE)	-0.187	0.967	0.184	-9.460	21.118	-6.775	79.73	10.56	2.05	-9.700	39.827	-42.387	-0.75699	-0.64615	-0.08856	0.03870	26.2	null	null	13113	60
2026-05-27T16:49:15.735	WT901BLE68(F3:F0:16:BF:DC:AE)	-0.208	0.945	0.157	-5.859	14.893	-3.784	79.09	11.60	3.50	-9.700	39.827	-42.387	-0.75699	-0.64615	-0.08856	0.03870	26.2	null	null	13113	60
2026-05-27T16:49:15.823	WT901BLE68(F3:F0:16:BF:DC:AE)	-0.209	0.964	0.175	1.038	4.639	-0.061	79.09	11.86	3.98	-9.700	39.827	-42.387	-0.75699	-0.64615	-0.08856	0.03870	26.2	null	null	13113	60
2026-05-27T16:49:15.944	WT901BLE68(F3:F0:16:BF:DC:AE)	-0.209	0.946	0.173	3.845	5.005	4.089	79.37	11.80	4.10	-9.700	39.827	-42.387	-0.75699	-0.64615	-0.08856	0.03870	26.2	null	null	13113	60
2026-05-27T16:49:16.032	WT901BLE68(F3:F0:16:BF:DC:AE)	-0.171	1.013	0.210	6.409	-16.541	1.404	79.89	11.37	3.08	-9.700	39.827	-42.387	-0.75699	-0.64615	-0.08856	0.03870	26.2	null	null	13113	60
2026-05-27T16:49:16.154	WT901BLE68(F3:F0:16:BF:DC:AE)	-0.174	0.935	0.193	-1.282	15.808	2.075	80.00	11.21	2.55	-9.700	39.827	-42.387	-0.75699	-0.64615	-0.08856	0.03870	26.2	null	null	13113	60
2026-05-27T16:49:16.243	WT901BLE68(F3:F0:16:BF:DC:AE)	-0.206	0.952	0.174	5.615	-9.216	10.498	80.13	10.57	2.71	-7.953	39.267	-41.220	-0.75699	-0.64615	-0.08856	0.03870	26.2	null	null	13113	60
2026-05-27T16:49:16.362	WT901BLE68(F3:F0:16:BF:DC:AE)	-0.167	0.970	0.214	5.493	-15.076	7.813	80.46	9.34	1.16	-7.953	39.267	-41.220	-0.75699	-0.64615	-0.08856	0.03870	26.2	null	null	13113	60
2026-05-27T16:49:16.453	WT901BLE68(F3:F0:16:BF:DC:AE)	-0.171	1.061	0.225	4.700	-18.372	2.991	80.57	8.82	-0.06	-7.953	39.267	-41.220	-0.76068	-0.64429	-0.06305	0.04694	26.2	null	null	13113	60
2026-05-27T16:49:16.542	WT901BLE68(F3:F0:16:BF:DC:AE)	-0.189	0.902	0.194	-0.366	-18.982	-13.672	80.31	9.01	-1.65	-7.953	39.267	-41.220	-0.76068	-0.64429	-0.06305	0.04694	26.2	null	null	13113	60
2026-05-27T16:49:16.638	WT901BLE68(F3:F0:16:BF:DC:AE)	-0.185	1.000	0.208	-5.066	-10.925	-9.644	79.71	9.94	-3.74	-7.953	39.267	-41.220	-0.76068	-0.64429	-0.06305	0.04694	26.2	null	null	13113	60
2026-05-27T16:49:16.756	WT901BLE68(F3:F0:16:BF:DC:AE)	-0.216	0.923	0.173	-4.639	-44.800	-20.142	78.79	11.05	-5.87	-7.953	39.267	-41.220	-0.76068	-0.64429	-0.06305	0.04694	26.2	null	null	13113	60
2026-05-27T16:49:16.842	WT901BLE68(F3:F0:16:BF:DC:AE)	-0.201	1.002	0.180	-10.620	-28.625	-11.292	77.35	12.02	-9.79	-7.953	39.267	-41.220	-0.76068	-0.64429	-0.06305	0.04694	26.2	null	null	13113	60
2026-05-27T16:49:16.964	WT901BLE68(F3:F0:16:BF:DC:AE)	-0.176	0.996	0.152	-17.883	3.479	-10.315	75.62	12.44	-11.59	-7.953	39.267	-41.220	-0.76068	-0.64429	-0.06305	0.04694	26.2	null	null	13113	60
2026-05-27T16:49:17.022	WT901BLE68(F3:F0:16:BF:DC:AE)	-0.211	0.947	0.123	-8.545	2.502	-3.723	74.67	13.39	-10.93	-7.953	39.267	-41.220	-0.76068	-0.64429	-0.06305	0.04694	26.2	null	null	13113	60
2026-05-27T16:49:17.142	WT901BLE68(F3:F0:16:BF:DC:AE)	-0.203	0.943	0.139	1.953	-2.258	10.681	74.71	12.73	-11.20	-15.940	43.733	-44.153	-0.76068	-0.64429	-0.06305	0.04694	26.2	null	null	13113	60
2026-05-27T16:49:17.235	WT901BLE68(F3:F0:16:BF:DC:AE)	-0.232	0.933	0.150	7.446	3.235	11.902	75.69	11.64	-10.59	-15.940	43.733	-44.153	-0.76068	-0.64429	-0.06305	0.04694	26.2	null	null	13113	60
2026-05-27T16:49:17.349	WT901BLE68(F3:F0:16:BF:DC:AE)	-0.235	1.001	0.169	12.024	5.737	13.794	77.07	10.52	-9.93	-15.940	43.733	-44.153	-0.77390	-0.61951	-0.02094	0.12946	26.2	null	null	13113	60
2026-05-27T16:49:17.442	WT901BLE68(F3:F0:16:BF:DC:AE)	-0.277	0.949	0.196	18.250	2.563	-7.080	78.95	10.54	-8.43	-15.940	43.733	-44.153	-0.77390	-0.61951	-0.02094	0.12946	26.2	null	null	13113	60
2026-05-27T16:49:17.567	WT901BLE68(F3:F0:16:BF:DC:AE)	-0.203	0.987	0.257	11.780	-15.930	-17.517	80.24	11.91	-9.79	-15.940	43.733	-44.153	-0.77390	-0.61951	-0.02094	0.12946	26.2	null	null	13113	60
2026-05-27T16:49:17.650	WT901BLE68(F3:F0:16:BF:DC:AE)	-0.159	0.970	0.216	-6.531	-3.784	-7.935	79.85	13.02	-11.14	-15.940	43.733	-44.153	-0.77390	-0.61951	-0.02094	0.12946	26.2	null	null	13113	60
2026-05-27T16:49:17.774	WT901BLE68(F3:F0:16:BF:DC:AE)	-0.201	0.964	0.175	-9.827	20.142	3.723	79.02	13.21	-10.13	-15.940	43.733	-44.153	-0.77390	-0.61951	-0.02094	0.12946	26.2	null	null	13113	60
2026-05-27T16:49:17.830	WT901BLE68(F3:F0:16:BF:DC:AE)	-0.227	0.958	0.159	-4.883	10.559	3.845	78.64	12.94	-8.44	-15.940	43.733	-44.153	-0.77390	-0.61951	-0.02094	0.12946	26.2	null	null	13113	60
2026-05-27T16:49:17.954	WT901BLE68(F3:F0:16:BF:DC:AE)	-0.207	0.945	0.173	-0.854	11.353	-1.892	78.66	12.96	-7.63	-15.940	43.733	-44.153	-0.77390	-0.61951	-0.02094	0.12946	26.2	null	null	13113	60
2026-05-27T16:49:18.042	WT901BLE68(F3:F0:16:BF:DC:AE)	-0.208	0.939	0.174	-0.183	15.259	-0.916	78.96	13.39	-6.29	-14.680	41.713	-44.993	-0.77390	-0.61951	-0.02094	0.12946	26.2	null	null	13113	60
2026-05-27T16:49:18.165	WT901BLE68(F3:F0:16:BF:DC:AE)	-0.213	0.955	0.178	6.714	16.235	-0.061	79.66	13.73	-4.69	-14.680	41.713	-44.993	-0.77390	-0.61951	-0.02094	0.12946	26.2	null	null	13113	60
2026-05-27T16:49:18.251	WT901BLE68(F3:F0:16:BF:DC:AE)	-0.406	0.963	0.294	16.418	20.874	21.301	81.37	13.20	-1.25	-14.680	41.713	-44.993	-0.75604	-0.64270	-0.07071	0.10120	26.2	null	null	13113	60
2026-05-27T16:49:18.376	WT901BLE68(F3:F0:16:BF:DC:AE)	-0.239	1.077	0.297	16.357	-181.152	-6.653	80.80	11.00	-13.21	-14.680	41.713	-44.993	-0.75604	-0.64270	-0.07071	0.10120	26.2	null	null	13113	60
2026-05-27T16:49:18.433	WT901BLE68(F3:F0:16:BF:DC:AE)	-0.010	0.895	0.239	-8.423	-20.752	3.174	78.44	9.25	-25.60	-14.680	41.713	-44.993	-0.75604	-0.64270	-0.07071	0.10120	26.2	null	null	13113	60
2026-05-27T16:49:18.553	WT901BLE68(F3:F0:16:BF:DC:AE)	-0.214	0.900	0.117	-21.057	160.034	13.123	77.93	9.88	-15.36	-14.680	41.713	-44.993	-0.75604	-0.64270	-0.07071	0.10120	26.2	null	null	13113	60
2026-05-27T16:49:18.645	WT901BLE68(F3:F0:16:BF:DC:AE)	-0.382	0.956	0.113	2.686	1.282	-2.197	78.88	11.24	-6.04	-14.680	41.713	-44.993	-0.75604	-0.64270	-0.07071	0.10120	26.2	null	null	13113	60
2026-05-27T16:49:18.770	WT901BLE68(F3:F0:16:BF:DC:AE)	-0.218	0.993	0.172	19.226	-79.102	-30.396	79.18	12.18	-12.28	-14.680	41.713	-44.993	-0.75604	-0.64270	-0.07071	0.10120	26.2	null	null	13113	60
2026-05-27T16:49:18.853	WT901BLE68(F3:F0:16:BF:DC:AE)	-0.160	1.016	0.279	10.559	-72.510	-15.869	79.10	13.73	-19.46	-14.680	41.713	-44.993	-0.75604	-0.64270	-0.07071	0.10120	26.2	null	null	13113	60
2026-05-27T16:49:18.978	WT901BLE68(F3:F0:16:BF:DC:AE)	-0.152	0.957	0.242	-4.272	-6.104	7.507	77.65	12.20	-23.64	-22.373	39.507	-50.020	-0.75604	-0.64270	-0.07071	0.10120	26.2	null	null	13113	60
2026-05-27T16:49:19.061	WT901BLE68(F3:F0:16:BF:DC:AE)	-0.103	0.915	0.146	-4.883	-36.926	-1.465	76.72	11.61	-25.14	-22.373	39.507	-50.020	-0.75604	-0.64270	-0.07071	0.10120	26.2	null	null	13113	60
2026-05-27T16:49:19.184	WT901BLE68(F3:F0:16:BF:DC:AE)	-0.125	0.900	0.140	-10.498	21.606	0.305	75.94	11.23	-25.04	-22.373	39.507	-50.020	-0.74863	-0.61664	0.06308	0.23505	26.2	null	null	13113	60
2026-05-27T16:49:19.240	WT901BLE68(F3:F0:16:BF:DC:AE)	-0.208	0.978	0.177	2.869	50.049	-1.526	76.66	12.00	-21.20	-22.373	39.507	-50.020	-0.74863	-0.61664	0.06308	0.23505	26.2	null	null	13113	60
2026-05-27T16:49:19.364	WT901BLE68(F3:F0:16:BF:DC:AE)	-0.246	0.951	0.239	10.925	30.518	12.451	78.66	12.28	-16.47	-22.373	39.507	-50.020	-0.74863	-0.61664	0.06308	0.23505	26.2	null	null	13113	60
2026-05-27T16:49:19.453	WT901BLE68(F3:F0:16:BF:DC:AE)	-0.221	0.975	0.292	-3.906	31.738	14.587	79.36	11.37	-13.32	-22.373	39.507	-50.020	-0.74863	-0.61664	0.06308	0.23505	26.2	null	null	13113	60
2026-05-27T16:49:19.573	WT901BLE68(F3:F0:16:BF:DC:AE)	-0.247	0.986	0.225	-5.249	2.991	8.484	78.99	10.66	-10.87	-22.373	39.507	-50.020	-0.74863	-0.61664	0.06308	0.23505	26.2	null	null	13113	60
2026-05-27T16:49:19.664	WT901BLE68(F3:F0:16:BF:DC:AE)	-0.214	0.988	0.203	0.183	-3.174	-5.188	78.67	10.77	-10.93	-22.373	39.507	-50.020	-0.74863	-0.61664	0.06308	0.23505	26.2	null	null	13113	60
2026-05-27T16:49:19.784	WT901BLE68(F3:F0:16:BF:DC:AE)	-0.139	0.991	0.222	1.587	4.211	-1.953	78.46	10.94	-11.82	-22.373	39.507	-50.020	-0.74863	-0.61664	0.06308	0.23505	26.2	null	null	13113	60
2026-05-27T16:49:19.841	WT901BLE68(F3:F0:16:BF:DC:AE)	-0.201	0.949	0.183	0.916	16.907	-5.798	78.93	11.69	-10.09	-17.373	40.120	-47.927	-0.74863	-0.61664	0.06308	0.23505	26.2	null	null	13113	60
2026-05-27T16:49:19.963	WT901BLE68(F3:F0:16:BF:DC:AE)	-0.216	0.958	0.174	2.075	6.348	2.441	79.24	12.00	-9.11	-17.373	40.120	-47.927	-0.74863	-0.61664	0.06308	0.23505	26.2	null	null	13113	60
2026-05-27T16:49:20.051	WT901BLE68(F3:F0:16:BF:DC:AE)	-0.223	0.957	0.187	2.075	-5.432	7.446	79.47	11.30	-9.16	-17.373	40.120	-47.927	-0.75806	-0.63916	-0.02924	0.12598	26.2	null	null	13113	60
2026-05-27T16:49:20.174	WT901BLE68(F3:F0:16:BF:DC:AE)	-0.241	0.980	0.194	-5.432	-7.629	-7.507	79.15	11.29	-9.84	-17.373	40.120	-47.927	-0.75806	-0.63916	-0.02924	0.12598	26.2	null	null	13113	60
2026-05-27T16:49:20.297	WT901BLE68(F3:F0:16:BF:DC:AE)	-0.235	0.956	0.158	-3.601	8.484	-16.235	78.52	13.02	-10.02	-17.373	40.120	-47.927	-0.75806	-0.63916	-0.02924	0.12598	26.2	null	null	13113	60
2026-05-27T16:49:20.384	WT901BLE68(F3:F0:16:BF:DC:AE)	-0.259	0.891	0.156	-1.953	-12.512	11.353	78.28	12.94	-10.35	-17.373	40.120	-47.927	-0.75806	-0.63916	-0.02924	0.12598	26.2	null	null	13113	60
2026-05-27T16:49:20.476	WT901BLE68(F3:F0:16:BF:DC:AE)	-0.250	0.983	0.160	-2.014	-20.020	16.296	78.00	11.11	-11.71	-17.373	40.120	-47.927	-0.75806	-0.63916	-0.02924	0.12598	26.2	null	null	13113	60
2026-05-27T16:49:20.595	WT901BLE68(F3:F0:16:BF:DC:AE)	-0.248	0.974	0.151	-0.244	-8.362	-8.911	77.74	10.87	-12.73	-17.373	40.120	-47.927	-0.75806	-0.63916	-0.02924	0.12598	26.2	null	null	13113	60
2026-05-27T16:49:20.652	WT901BLE68(F3:F0:16:BF:DC:AE)	-0.218	0.957	0.167	2.991	-14.893	-14.526	77.79	12.13	-14.30	-17.373	40.120	-47.927	-0.75806	-0.63916	-0.02924	0.12598	26.2	null	null	13113	60
2026-05-27T16:49:20.773	WT901BLE68(F3:F0:16:BF:DC:AE)	-0.199	0.968	0.167	1.160	-7.263	-10.010	77.84	12.95	-15.61	-20.373	42.867	-49.773	-0.75806	-0.63916	-0.02924	0.12598	26.2	null	null	13113	60
2026-05-27T16:49:20.863	WT901BLE68(F3:F0:16:BF:DC:AE)	-0.186	1.014	0.140	8.911	23.987	-16.541	78.45	14.51	-14.71	-20.373	42.867	-49.773	-0.75806	-0.63916	-0.02924	0.12598	26.2	null	null	13113	60
2026-05-27T16:49:20.978	WT901BLE68(F3:F0:16:BF:DC:AE)	-0.188	0.946	0.243	7.141	-24.231	6.531	79.40	14.49	-15.63	-20.373	42.867	-49.773	-0.74698	-0.63986	-0.01874	0.17929	26.2	null	null	13113	60
2026-05-27T16:49:21.081	WT901BLE68(F3:F0:16:BF:DC:AE)	-0.155	0.944	0.229	-23.438	36.560	4.333	78.42	13.73	-14.80	-20.373	42.867	-49.773	-0.74698	-0.63986	-0.01874	0.17929	26.2	null	null	13113	60
2026-05-27T16:49:21.191	WT901BLE68(F3:F0:16:BF:DC:AE)	-0.313	0.926	0.159	-2.625	48.401	18.494	78.49	14.30	-7.78	-20.373	42.867	-49.773	-0.74698	-0.63986	-0.01874	0.17929	26.2	null	null	13113	60
2026-05-27T16:49:21.250	WT901BLE68(F3:F0:16:BF:DC:AE)	-0.232	0.931	0.201	2.747	-55.420	29.358	78.77	11.27	-8.71	-20.373	42.867	-49.773	-0.74698	-0.63986	-0.01874	0.17929	26.2	null	null	13113	60
2026-05-27T16:49:21.373	WT901BLE68(F3:F0:16:BF:DC:AE)	-0.263	1.009	0.197	4.395	53.589	9.338	79.02	9.51	-8.48	-20.373	42.867	-49.773	-0.74698	-0.63986	-0.01874	0.17929	26.2	null	null	13113	60
2026-05-27T16:49:21.465	WT901BLE68(F3:F0:16:BF:DC:AE)	-0.250	0.947	0.211	7.263	-30.029	-6.287	79.88	9.76	-6.95	-20.373	42.867	-49.773	-0.74698	-0.63986	-0.01874	0.17929	26.2	null	null	13113	60
2026-05-27T16:49:21.583	WT901BLE68(F3:F0:16:BF:DC:AE)	-0.229	0.966	0.203	2.258	-9.766	-8.179	79.89	10.54	-9.15	-20.373	42.867	-49.773	-0.74698	-0.63986	-0.01874	0.17929	26.2	null	null	13113	60
2026-05-27T16:49:21.673	WT901BLE68(F3:F0:16:BF:DC:AE)	-0.212	0.969	0.186	-0.244	-23.926	-10.376	79.56	11.13	-11.01	-15.133	41.100	-48.267	-0.74698	-0.63986	-0.01874	0.17929	26.2	null	null	13113	60
2026-05-27T16:49:21.793	WT901BLE68(F3:F0:16:BF:DC:AE)	-0.216	0.966	0.176	-2.197	-19.836	-13.794	78.98	12.09	-13.11	-15.133	41.100	-48.267	-0.74698	-0.63986	-0.01874	0.17929	26.2	null	null	13113	60
2026-05-27T16:49:21.850	WT901BLE68(F3:F0:16:BF:DC:AE)	-0.205	0.960	0.156	-3.357	-18.494	-11.292	78.28	12.94	-15.22	-15.133	41.100	-48.267	-0.75455	-0.63531	-0.00607	0.16394	26.2	null	null	13113	60
2026-05-27T16:49:22.006	WT901BLE68(F3:F0:16:BF:DC:AE)	-0.207	0.973	0.142	2.747	-16.602	-9.949	77.89	13.60	-16.89	-15.133	41.100	-48.267	-0.75455	-0.63531	-0.00607	0.16394	26.2	null	null	13113	60
2026-05-27T16:49:22.062	WT901BLE68(F3:F0:16:BF:DC:AE)	-0.173	0.964	0.159	13.428	-16.052	-6.226	78.31	13.77	-18.81	-15.133	41.100	-48.267	-0.75455	-0.63531	-0.00607	0.16394	26.2	null	null	13113	60
2026-05-27T16:49:22.182	WT901BLE68(F3:F0:16:BF:DC:AE)	-0.181	0.974	0.239	12.451	-6.287	1.465	79.69	13.74	-19.86	-15.133	41.100	-48.267	-0.75455	-0.63531	-0.00607	0.16394	26.2	null	null	13113	60
2026-05-27T16:49:22.273	WT901BLE68(F3:F0:16:BF:DC:AE)	-0.163	0.963	0.314	-15.930	83.252	4.089	80.17	13.83	-17.50	-15.133	41.100	-48.267	-0.75455	-0.63531	-0.00607	0.16394	26.2	null	null	13113	60
2026-05-27T16:49:22.395	WT901BLE68(F3:F0:16:BF:DC:AE)	-0.269	0.898	0.145	-7.690	-1.465	5.676	79.73	13.85	-12.07	-15.133	41.100	-48.267	-0.75455	-0.63531	-0.00607	0.16394	26.2	null	null	13113	60
2026-05-27T16:49:22.485	WT901BLE68(F3:F0:16:BF:DC:AE)	-0.222	0.957	0.173	9.583	-18.860	8.301	79.53	13.06	-13.34	-15.133	41.100	-48.267	-0.75455	-0.63531	-0.00607	0.16394	26.2	null	null	13113	60
2026-05-27T16:49:22.602	WT901BLE68(F3:F0:16:BF:DC:AE)	-0.215	0.980	0.256	7.507	-32.104	2.014	80.08	12.28	-14.61	-19.953	40.320	-49.927	-0.75455	-0.63531	-0.00607	0.16394	26.2	null	null	13113	60
2026-05-27T16:49:22.663	WT901BLE68(F3:F0:16:BF:DC:AE)	-0.138	1.057	0.282	-2.136	-41.748	-8.423	79.28	11.85	-19.22	-19.953	40.320	-49.927	-0.75455	-0.63531	-0.00607	0.16394	26.2	null	null	13113	60
2026-05-27T16:49:22.781	WT901BLE68(F3:F0:16:BF:DC:AE)	-0.150	0.949	0.217	-13.611	22.034	-6.897	77.85	12.11	-20.18	-19.953	40.320	-49.927	-0.74582	-0.63440	0.03326	0.20026	26.2	null	null	13113	60
2026-05-27T16:49:22.872	WT901BLE68(F3:F0:16:BF:DC:AE)	-0.200	0.963	0.212	-7.751	30.701	-2.380	77.44	12.95	-17.22	-19.953	40.320	-49.927	-0.74582	-0.63440	0.03326	0.20026	26.2	null	null	13113	60
2026-05-27T16:49:22.995	WT901BLE68(F3:F0:16:BF:DC:AE)	-0.207	0.910	0.177	-6.409	5.127	4.700	77.12	13.15	-15.45	-19.953	40.320	-49.927	-0.74582	-0.63440	0.03326	0.20026	26.2	null	null	13113	60
2026-05-27T16:49:23.083	WT901BLE68(F3:F0:16:BF:DC:AE)	-0.201	0.950	0.193	-9.888	17.395	13.000	76.57	12.40	-14.35	-19.953	40.320	-49.927	-0.74582	-0.63440	0.03326	0.20026	26.2	null	null	13113	60
2026-05-27T16:49:23.205	WT901BLE68(F3:F0:16:BF:DC:AE)	-0.205	0.975	0.168	-13.062	36.499	18.372	76.04	11.43	-11.72	-19.953	40.320	-49.927	-0.74582	-0.63440	0.03326	0.20026	26.2	null	null	13113	60
2026-05-27T16:49:23.293	WT901BLE68(F3:F0:16:BF:DC:AE)	-0.243	0.964	0.148	-5.493	34.546	24.841	76.16	10.44	-7.18	-19.953	40.320	-49.927	-0.74582	-0.63440	0.03326	0.20026	26.2	null	null	13113	60
2026-05-27T16:49:23.413	WT901BLE68(F3:F0:16:BF:DC:AE)	-0.256	0.967	0.167	5.615	21.240	20.691	77.04	8.96	-3.75	-19.953	40.320	-49.927	-0.74582	-0.63440	0.03326	0.20026	26.2	null	null	13113	60
2026-05-27T16:49:23.469	WT901BLE68(F3:F0:16:BF:DC:AE)	-0.237	1.007	0.180	8.484	18.677	5.005	78.29	8.44	-1.76	-11.460	41.827	-45.947	-0.74582	-0.63440	0.03326	0.20026	26.2	null	null	13113	60
2026-05-27T16:49:23.591	WT901BLE68(F3:F0:16:BF:DC:AE)	-0.247	0.950	0.178	10.010	15.320	-5.066	79.52	9.19	0.16	-11.460	41.827	-45.947	-0.74582	-0.63440	0.03326	0.20026	26.2	null	null	13113	60
2026-05-27T16:49:23.682	WT901BLE68(F3:F0:16:BF:DC:AE)	-0.226	0.933	0.194	9.033	-8.301	-5.554	80.50	10.03	-0.04	-11.460	41.827	-45.947	-0.76385	-0.63992	-0.06592	0.05075	26.2	null	null	13113	60
2026-05-27T16:49:23.805	WT901BLE68(F3:F0:16:BF:DC:AE)	-0.206	1.062	0.188	-1.892	3.052	-5.188	80.57	10.44	-1.03	-11.460	41.827	-45.947	-0.76385	-0.63992	-0.06592	0.05075	26.2	null	null	13113	60
2026-05-27T16:49:23.891	WT901BLE68(F3:F0:16:BF:DC:AE)	-0.189	0.934	0.205	1.404	-22.949	-28.259	80.31	12.17	-1.93	-11.460	41.827	-45.947	-0.76385	-0.63992	-0.06592	0.05075	26.2	null	null	13113	60
2026-05-27T16:49:24.008	WT901BLE68(F3:F0:16:BF:DC:AE)	-0.158	0.998	0.204	-8.789	-14.221	-4.761	79.23	13.38	-5.08	-11.460	41.827	-45.947	-0.76385	-0.63992	-0.06592	0.05075	26.2	null	null	13113	60
2026-05-27T16:49:24.074	WT901BLE68(F3:F0:16:BF:DC:AE)	-0.221	0.926	0.174	-9.583	19.165	3.418	78.41	13.19	-4.10	-11.460	41.827	-45.947	-0.76385	-0.63992	-0.06592	0.05075	26.2	null	null	13113	60
2026-05-27T16:49:24.192	WT901BLE68(F3:F0:16:BF:DC:AE)	-0.194	0.971	0.192	-4.456	2.197	1.221	77.98	12.96	-3.92	-11.460	41.827	-45.947	-0.76385	-0.63992	-0.06592	0.05075	26.2	null	null	13113	60
2026-05-27T16:49:24.283	WT901BLE68(F3:F0:16:BF:DC:AE)	-0.228	0.950	0.177	-1.099	10.010	-0.305	77.98	13.10	-2.99	-11.460	41.827	-45.947	-0.76385	-0.63992	-0.06592	0.05075	26.2	null	null	13113	60
2026-05-27T16:49:24.430	WT901BLE68(F3:F0:16:BF:DC:AE)	-0.210	0.961	0.198	0.122	9.399	1.648	78.22	13.11	-2.57	-13.967	42.333	-45.833	-0.76385	-0.63992	-0.06592	0.05075	26.2	null	null	13113	60
2026-05-27T16:49:24.494	WT901BLE68(F3:F0:16:BF:DC:AE)	-0.220	0.967	0.196	-2.258	20.813	0.916	78.50	13.25	-1.10	-13.967	42.333	-45.833	-0.76385	-0.63992	-0.06592	0.05075	26.2	null	null	13113	60
2026-05-27T16:49:24.612	WT901BLE68(F3:F0:16:BF:DC:AE)	-0.177	0.985	0.253	-6.897	27.649	1.160	78.67	13.59	0.89	-13.967	42.333	-45.833	-0.76834	-0.62930	-0.08701	0.07721	26.2	null	null	13113	60
2026-05-27T16:49:24.704	WT901BLE68(F3:F0:16:BF:DC:AE)	-0.198	1.016	0.203	-27.039	129.395	16.418	78.60	14.22	9.08	-13.967	42.333	-45.833	-0.76834	-0.62930	-0.08701	0.07721	26.2	null	null	13113	60
2026-05-27T16:49:24.825	WT901BLE68(F3:F0:16:BF:DC:AE)	-0.259	1.017	0.254	-22.827	70.679	26.733	78.69	14.09	18.93	-13.967	42.333	-45.833	-0.76834	-0.62930	-0.08701	0.07721	26.2	null	null	13113	60
2026-05-27T16:49:24.881	WT901BLE68(F3:F0:16:BF:DC:AE)	-0.320	1.039	0.079	-23.132	230.103	41.565	79.99	13.17	34.48	-13.967	42.333	-45.833	-0.76834	-0.62930	-0.08701	0.07721	26.2	null	null	13113	60
2026-05-27T16:49:25.005	WT901BLE68(F3:F0:16:BF:DC:AE)	-0.298	0.835	0.117	-10.071	33.081	2.136	81.25	12.99	45.27	-13.967	42.333	-45.833	-0.76834	-0.62930	-0.08701	0.07721	26.2	null	null	13113	60
2026-05-27T16:49:25.091	WT901BLE68(F3:F0:16:BF:DC:AE)	-0.273	0.926	0.074	-4.883	0.916	-6.287	81.23	14.13	45.93	-13.967	42.333	-45.833	-0.76834	-0.62930	-0.08701	0.07721	26.2	null	null	13113	60
2026-05-27T16:49:25.215	WT901BLE68(F3:F0:16:BF:DC:AE)	-0.259	0.927	0.069	5.493	-15.076	-7.385	81.22	14.69	43.88	-13.967	42.333	-45.833	-0.76834	-0.62930	-0.08701	0.07721	26.2	null	null	13113	60
2026-05-27T16:49:25.301	WT901BLE68(F3:F0:16:BF:DC:AE)	-0.264	0.942	0.065	14.587	-45.593	-8.484	81.68	15.22	39.79	-1.380	40.727	-14.807	-0.76834	-0.62930	-0.08701	0.07721	26.2	null	null	13113	60
2026-05-27T16:49:25.423	WT901BLE68(F3:F0:16:BF:DC:AE)	-0.297	0.926	0.077	30.090	-96.497	-3.174	82.21	14.60	31.46	-1.380	40.727	-14.807	-0.76834	-0.62930	-0.08701	0.07721	26.2	null	null	13113	60
2026-05-27T16:49:25.480	WT901BLE68(F3:F0:16:BF:DC:AE)	-0.243	0.992	0.077	41.016	-212.219	-27.161	82.05	14.14	13.43	-1.380	40.727	-14.807	-0.74783	-0.62198	-0.22144	-0.06873	26.2	null	null	13113	60
2026-05-27T16:49:25.604	WT901BLE68(F3:F0:16:BF:DC:AE)	-0.098	1.064	0.169	31.433	-136.047	-32.959	81.11	14.63	-5.66	-1.380	40.727	-14.807	-0.74783	-0.62198	-0.22144	-0.06873	26.2	null	null	13113	60
2026-05-27T16:49:25.693	WT901BLE68(F3:F0:16:BF:DC:AE)	-0.098	0.988	0.280	13.916	35.095	-5.798	82.38	15.31	-8.91	-1.380	40.727	-14.807	-0.74783	-0.62198	-0.22144	-0.06873	26.2	null	null	13113	60
2026-05-27T16:49:25.812	WT901BLE68(F3:F0:16:BF:DC:AE)	-0.285	0.974	0.170	-15.320	-7.935	12.146	82.35	14.62	-5.67	-1.380	40.727	-14.807	-0.74783	-0.62198	-0.22144	-0.06873	26.2	null	null	13113	60
2026-05-27T16:49:25.906	WT901BLE68(F3:F0:16:BF:DC:AE)	-0.177	0.985	0.155	-10.437	0.366	15.320	80.65	12.76	-6.73	-1.380	40.727	-14.807	-0.74783	-0.62198	-0.22144	-0.06873	26.2	null	null	13113	60
2026-05-27T16:49:26.025	WT901BLE68(F3:F0:16:BF:DC:AE)	-0.193	0.972	0.137	-11.292	19.714	17.090	79.89	11.34	-5.05	-1.380	40.727	-14.807	-0.74783	-0.62198	-0.22144	-0.06873	26.2	null	null	13113	60
2026-05-27T16:49:26.115	WT901BLE68(F3:F0:16:BF:DC:AE)	-0.212	0.976	0.126	-6.592	22.034	19.836	79.59	9.89	-2.41	-1.380	40.727	-14.807	-0.74783	-0.62198	-0.22144	-0.06873	26.2	null	null	13113	60
2026-05-27T16:49:26.237	WT901BLE68(F3:F0:16:BF:DC:AE)	-0.229	0.963	0.133	1.892	13.611	12.817	79.92	8.77	-0.19	-7.147	40.747	-42.313	-0.74783	-0.62198	-0.22144	-0.06873	26.2	null	null	13113	60
2026-05-27T16:49:26.291	WT901BLE68(F3:F0:16:BF:DC:AE)	-0.213	0.967	0.157	7.324	3.662	1.892	80.68	8.49	0.63	-7.147	40.747	-42.313	-0.74783	-0.62198	-0.22144	-0.06873	26.2	null	null	13113	60
2026-05-27T16:49:26.411	WT901BLE68(F3:F0:16:BF:DC:AE)	-0.203	0.968	0.169	6.958	1.526	-7.813	81.49	9.18	1.00	-7.147	40.747	-42.313	-0.75809	-0.64761	-0.06268	0.04355	26.2	null	null	13113	60
2026-05-27T16:49:26.502	WT901BLE68(F3:F0:16:BF:DC:AE)	-0.198	0.977	0.172	4.700	1.404	-11.902	81.97	10.39	1.16	-7.147	40.747	-42.313	-0.75809	-0.64761	-0.06268	0.04355	26.2	null	null	13113	60
2026-05-27T16:49:26.621	WT901BLE68(F3:F0:16:BF:DC:AE)	-0.188	0.979	0.173	1.648	-2.686	-10.803	82.09	11.52	0.80	-7.147	40.747	-42.313	-0.75809	-0.64761	-0.06268	0.04355	26.2	null	null	13113	60
2026-05-27T16:49:26.712	WT901BLE68(F3:F0:16:BF:DC:AE)	-0.180	0.977	0.168	-1.343	-8.606	-6.531	81.88	12.31	0.07	-7.147	40.747	-42.313	-0.75809	-0.64761	-0.06268	0.04355	26.2	null	null	13113	60
2026-05-27T16:49:26.837	WT901BLE68(F3:F0:16:BF:DC:AE)	-0.188	0.969	0.158	-3.723	-3.479	0.366	81.39	12.45	-0.72	-7.147	40.747	-42.313	-0.75809	-0.64761	-0.06268	0.04355	26.2	null	null	13113	60
2026-05-27T16:49:26.889	WT901BLE68(F3:F0:16:BF:DC:AE)	-0.189	0.995	0.151	-4.395	-5.737	5.554	80.91	12.02	-1.10	-7.147	40.747	-42.313	-0.75809	-0.64761	-0.06268	0.04355	26.2	null	null	13113	60
2026-05-27T16:49:27.015	WT901BLE68(F3:F0:16:BF:DC:AE)	-0.200	0.967	0.153	-3.479	-0.061	3.052	80.42	11.48	-1.45	-7.147	40.747	-42.313	-0.75809	-0.64761	-0.06268	0.04355	26.2	null	null	13113	60
2026-05-27T16:49:27.133	WT901BLE68(F3:F0:16:BF:DC:AE)	-0.216	0.972	0.147	-1.953	0.122	1.587	80.13	11.17	-1.60	-8.520	41.393	-42.187	-0.75809	-0.64761	-0.06268	0.04355	26.2	null	null	13113	60
2026-05-27T16:49:27.224	WT901BLE68(F3:F0:16:BF:DC:AE)	-0.215	0.973	0.138	-1.343	-0.122	-2.319	80.03	11.12	-1.56	-8.520	41.393	-42.187	-0.75809	-0.64761	-0.06268	0.04355	26.2	null	null	13113	60
2026-05-27T16:49:27.311	WT901BLE68(F3:F0:16:BF:DC:AE)	-0.193	0.969	0.147	-2.808	17.090	-3.479	79.95	11.60	-0.97	-8.520	41.393	-42.187	-0.76151	-0.64047	-0.06650	0.07333	26.2	null	null	13113	60
2026-05-27T16:49:27.434	WT901BLE68(F3:F0:16:BF:DC:AE)	-0.193	0.967	0.161	-0.671	15.747	-2.930	80.17	12.16	0.53	-8.520	41.393	-42.187	-0.76151	-0.64047	-0.06650	0.07333	26.2	null	null	13113	60
2026-05-27T16:49:27.526	WT901BLE68(F3:F0:16:BF:DC:AE)	-0.195	0.958	0.174	-1.892	16.479	2.441	80.41	12.43	1.96	-8.520	41.393	-42.187	-0.76151	-0.64047	-0.06650	0.07333	26.2	null	null	13113	60
2026-05-27T16:49:27.645	WT901BLE68(F3:F0:16:BF:DC:AE)	-0.203	0.968	0.177	-5.249	21.851	7.263	80.46	12.18	3.69	-8.520	41.393	-42.187	-0.76151	-0.64047	-0.06650	0.07333	26.2	null	null	13113	60
2026-05-27T16:49:27.700	WT901BLE68(F3:F0:16:BF:DC:AE)	-0.210	0.969	0.163	-7.874	23.376	5.920	80.24	11.82	5.83	-8.520	41.393	-42.187	-0.76151	-0.64047	-0.06650	0.07333	26.2	null	null	13113	60
2026-05-27T16:49:27.823	WT901BLE68(F3:F0:16:BF:DC:AE)	-0.222	0.979	0.149	-6.104	19.775	6.958	79.98	11.62	7.94	-8.520	41.393	-42.187	-0.76151	-0.64047	-0.06650	0.07333	26.2	null	null	13113	60
2026-05-27T16:49:27.912	WT901BLE68(F3:F0:16:BF:DC:AE)	-0.215	0.990	0.158	-1.770	14.526	7.690	79.99	11.24	9.57	-8.520	41.393	-42.187	-0.76151	-0.64047	-0.06650	0.07333	26.2	null	null	13113	60
2026-05-27T16:49:28.065	WT901BLE68(F3:F0:16:BF:DC:AE)	-0.239	0.922	0.157	2.991	-0.183	5.005	80.33	10.94	10.68	-3.047	40.300	-34.560	-0.76151	-0.64047	-0.06650	0.07333	26.2	null	null	13113	60
2026-05-27T16:49:28.125	WT901BLE68(F3:F0:16:BF:DC:AE)	-0.209	1.008	0.171	-0.610	-17.395	12.817	80.33	10.00	9.24	-3.047	40.300	-34.560	-0.76151	-0.64047	-0.06650	0.07333	26.2	null	null	13113	60
2026-05-27T16:49:28.242	WT901BLE68(F3:F0:16:BF:DC:AE)	-0.229	1.026	0.137	-3.967	6.592	4.089	80.00	9.20	9.11	-3.047	40.300	-34.560	-0.76404	-0.63501	-0.11334	-0.00549	26.2	null	null	13113	60
2026-05-27T16:49:28.303	WT901BLE68(F3:F0:16:BF:DC:AE)	-0.232	0.932	0.158	4.089	-2.258	-15.320	80.11	9.78	9.28	-3.047	40.300	-34.560	-0.76404	-0.63501	-0.11334	-0.00549	26.2	null	null	13113	60
2026-05-27T16:49:28.425	WT901BLE68(F3:F0:16:BF:DC:AE)	-0.129	0.987	0.162	-6.958	-2.502	-27.466	79.79	12.04	7.48	-3.047	40.300	-34.560	-0.76404	-0.63501	-0.11334	-0.00549	26.2	null	null	13113	60
2026-05-27T16:49:28.509	WT901BLE68(F3:F0:16:BF:DC:AE)	-0.202	0.935	0.130	-4.150	28.809	-14.221	79.67	14.43	9.40	-3.047	40.300	-34.560	-0.76404	-0.63501	-0.11334	-0.00549	26.2	null	null	13113	60
2026-05-27T16:49:28.639	WT901BLE68(F3:F0:16:BF:DC:AE)	-0.164	0.979	0.143	4.822	13.245	-4.272	80.09	15.28	10.09	-3.047	40.300	-34.560	-0.76404	-0.63501	-0.11334	-0.00549	26.2	null	null	13113	60
2026-05-27T16:49:28.725	WT901BLE68(F3:F0:16:BF:DC:AE)	-0.193	0.971	0.174	9.827	13.184	8.606	81.33	15.11	11.18	-3.047	40.300	-34.560	-0.76404	-0.63501	-0.11334	-0.00549	26.2	null	null	13113	60
2026-05-27T16:49:28.846	WT901BLE68(F3:F0:16:BF:DC:AE)	-0.180	0.898	0.184	10.071	-2.441	18.860	82.27	13.46	10.93	-3.047	40.300	-34.560	-0.76404	-0.63501	-0.11334	-0.00549	26.2	null	null	13113	60
2026-05-27T16:49:28.900	WT901BLE68(F3:F0:16:BF:DC:AE)	-0.208	1.053	0.201	16.113	-17.700	30.457	83.26	10.95	9.95	-4.427	39.120	-32.907	-0.76404	-0.63501	-0.11334	-0.00549	26.2	null	null	13113	60
2026-05-27T16:49:29.052	WT901BLE68(F3:F0:16:BF:DC:AE)	-0.213	0.986	0.232	10.010	-38.025	32.715	84.02	7.42	7.11	-4.427	39.120	-32.907	-0.76404	-0.63501	-0.11334	-0.00549	26.2	null	null	13113	60
2026-05-27T16:49:29.110	WT901BLE68(F3:F0:16:BF:DC:AE)	-0.197	0.959	0.218	-9.521	-3.845	21.118	83.46	4.76	4.83	-4.427	39.120	-32.907	-0.74368	-0.66507	-0.06720	-0.00134	26.2	null	null	13113	60
2026-05-27T16:49:29.233	WT901BLE68(F3:F0:16:BF:DC:AE)	-0.239	0.975	0.166	-20.996	20.264	-6.592	81.60	4.50	6.56	-4.427	39.120	-32.907	-0.74368	-0.66507	-0.06720	-0.00134	26.2	null	null	13113	60
2026-05-27T16:49:29.323	WT901BLE68(F3:F0:16:BF:DC:AE)	-0.213	1.026	0.141	-17.334	3.479	-39.612	79.57	7.41	7.49	-4.427	39.120	-32.907	-0.74368	-0.66507	-0.06720	-0.00134	26.2	null	null	13113	60
2026-05-27T16:49:29.443	WT901BLE68(F3:F0:16:BF:DC:AE)	-0.193	1.012	0.133	-8.423	-10.132	-51.941	78.21	12.28	6.46	-4.427	39.120	-32.907	-0.74368	-0.66507	-0.06720	-0.00134	26.2	null	null	13113	60
2026-05-27T16:49:29.535	WT901BLE68(F3:F0:16:BF:DC:AE)	-0.150	0.925	0.128	-1.648	-16.663	-33.142	77.26	15.97	3.57	-4.427	39.120	-32.907	-0.74368	-0.66507	-0.06720	-0.00134	26.2	null	null	13113	60
2026-05-27T16:49:29.657	WT901BLE68(F3:F0:16:BF:DC:AE)	-0.177	0.946	0.138	9.583	-5.676	-7.019	77.64	17.22	2.07	-4.427	39.120	-32.907	-0.74368	-0.66507	-0.06720	-0.00134	26.2	null	null	13113	60
2026-05-27T16:49:29.709	WT901BLE68(F3:F0:16:BF:DC:AE)	-0.160	0.969	0.217	15.686	-4.211	6.409	79.03	16.45	1.01	-4.427	39.120	-32.907	-0.74368	-0.66507	-0.06720	-0.00134	26.2	null	null	13113	60
2026-05-27T16:49:29.897	WT901BLE68(F3:F0:16:BF:DC:AE)	-0.190	0.986	0.308	-1.709	25.757	19.897	80.20	15.07	2.26	-9.207	41.160	-35.060	-0.74368	-0.66507	-0.06720	-0.00134	26.2	null	null	13113	60
2026-05-27T16:49:29.925	WT901BLE68(F3:F0:16:BF:DC:AE)	-0.196	0.973	0.222	-11.658	13.428	32.532	79.58	12.35	3.70	-9.207	41.160	-35.060	-0.74368	-0.66507	-0.06720	-0.00134	26.2	null	null	13113	60
2026-05-27T16:49:30.073	WT901BLE68(F3:F0:16:BF:DC:AE)	-0.212	1.000	0.169	-16.602	31.738	25.757	78.46	9.75	6.29	-9.207	41.160	-35.060	-0.76733	-0.63199	-0.10129	0.03806	26.2	null	null	13113	60
2026-05-27T16:49:30.134	WT901BLE68(F3:F0:16:BF:DC:AE)	-0.221	0.957	0.117	-9.399	42.419	3.662	77.77	9.44	10.31	-9.207	41.160	-35.060	-0.76733	-0.63199	-0.10129	0.03806	26.2	null	null	13113	60
2026-05-27T16:49:30.255	WT901BLE68(F3:F0:16:BF:DC:AE)	-0.278	0.951	0.291	8.362	-21.667	7.263	78.55	9.65	12.09	-9.207	41.160	-35.060	-0.76733	-0.63199	-0.10129	0.03806	26.2	null	null	13113	60
2026-05-27T16:49:30.339	WT901BLE68(F3:F0:16:BF:DC:AE)	-0.158	0.945	0.292	-3.052	-1.953	19.897	78.28	7.97	9.80	-9.207	41.160	-35.060	-0.76733	-0.63199	-0.10129	0.03806	26.2	null	null	13113	60
2026-05-27T16:49:30.463	WT901BLE68(F3:F0:16:BF:DC:AE)	-0.197	1.017	0.211	-2.319	77.209	8.911	78.19	7.39	13.79	-9.207	41.160	-35.060	-0.76733	-0.63199	-0.10129	0.03806	26.2	null	null	13113	60
2026-05-27T16:49:30.550	WT901BLE68(F3:F0:16:BF:DC:AE)	-0.301	0.954	0.161	3.784	3.967	-19.470	78.83	9.40	18.53	-9.207	41.160	-35.060	-0.76733	-0.63199	-0.10129	0.03806	26.2	null	null	13113	60
2026-05-27T16:49:30.644	WT901BLE68(F3:F0:16:BF:DC:AE)	-0.193	0.983	0.164	8.667	-35.400	-23.560	78.93	11.41	14.97	-9.207	41.160	-35.060	-0.76733	-0.63199	-0.10129	0.03806	26.2	null	null	13113	60
2026-05-27T16:49:30.728	WT901BLE68(F3:F0:16:BF:DC:AE)	-0.208	0.927	0.171	9.827	-12.329	-17.090	79.38	12.96	12.38	-0.993	38.533	-28.040	-0.76733	-0.63199	-0.10129	0.03806	26.2	null	null	13113	60
2026-05-27T16:49:30.853	WT901BLE68(F3:F0:16:BF:DC:AE)	-0.201	0.994	0.164	8.301	-37.048	-12.573	79.64	13.83	9.14	-0.993	38.533	-28.040	-0.76733	-0.63199	-0.10129	0.03806	26.2	null	null	13113	60
2026-05-27T16:49:30.939	WT901BLE68(F3:F0:16:BF:DC:AE)	-0.197	0.971	0.151	6.470	-13.306	-12.451	79.75	14.49	6.43	-0.993	38.533	-28.040	-0.76581	-0.62787	-0.13574	0.02798	26.2	null	null	13113	60
2026-05-27T16:49:31.064	WT901BLE68(F3:F0:16:BF:DC:AE)	-0.198	0.958	0.154	7.629	-24.902	-4.822	79.96	14.80	4.11	-0.993	38.533	-28.040	-0.76581	-0.62787	-0.13574	0.02798	26.2	null	null	13113	60
2026-05-27T16:49:31.125	WT901BLE68(F3:F0:16:BF:DC:AE)	-0.204	0.953	0.156	7.263	-25.330	7.324	80.11	13.94	1.46	-0.993	38.533	-28.040	-0.76581	-0.62787	-0.13574	0.02798	26.2	null	null	13113	60
2026-05-27T16:49:31.241	WT901BLE68(F3:F0:16:BF:DC:AE)	-0.219	0.972	0.167	4.211	-27.100	12.939	80.16	12.24	-0.90	-0.993	38.533	-28.040	-0.76581	-0.62787	-0.13574	0.02798	26.2	null	null	13113	60
2026-05-27T16:49:31.333	WT901BLE68(F3:F0:16:BF:DC:AE)	-0.226	0.979	0.164	0.061	-18.066	2.625	79.93	11.16	-2.63	-0.993	38.533	-28.040	-0.76581	-0.62787	-0.13574	0.02798	26.2	null	null	13113	60
2026-05-27T16:49:31.455	WT901BLE68(F3:F0:16:BF:DC:AE)	-0.208	0.959	0.149	-2.991	-15.991	-7.324	79.43	11.34	-4.09	-0.993	38.533	-28.040	-0.76581	-0.62787	-0.13574	0.02798	26.2	null	null	13113	60
2026-05-27T16:49:31.541	WT901BLE68(F3:F0:16:BF:DC:AE)	-0.193	1.022	0.144	-3.784	-11.292	-2.319	78.87	11.62	-5.34	-0.993	38.533	-28.040	-0.76581	-0.62787	-0.13574	0.02798	26.2	null	null	13113	60
2026-05-27T16:49:31.667	WT901BLE68(F3:F0:16:BF:DC:AE)	-0.196	0.975	0.146	-3.113	10.925	-4.456	78.76	11.87	-4.75	-7.267	42.913	-40.533	-0.76581	-0.62787	-0.13574	0.02798	26.2	null	null	13113	60
2026-05-27T16:49:31.752	WT901BLE68(F3:F0:16:BF:DC:AE)	-0.188	0.913	0.148	-3.113	11.475	-7.263	78.87	12.82	-3.39	-7.267	42.913	-40.533	-0.76581	-0.62787	-0.13574	0.02798	26.2	null	null	13113	60
2026-05-27T16:49:31.874	WT901BLE68(F3:F0:16:BF:DC:AE)	-0.200	0.976	0.134	-1.892	25.146	10.925	79.16	12.81	-1.22	-7.267	42.913	-40.533	-0.76514	-0.63327	-0.07233	0.09039	26.2	null	null	13113	60
2026-05-27T16:49:31.931	WT901BLE68(F3:F0:16:BF:DC:AE)	-0.239	0.981	0.140	11.414	20.386	16.968	80.41	11.51	1.55	-7.267	42.913	-40.533	-0.76514	-0.63327	-0.07233	0.09039	26.2	null	null	13113	60
2026-05-27T16:49:32.051	WT901BLE68(F3:F0:16:BF:DC:AE)	-0.258	0.950	0.186	20.996	-32.654	4.578	82.13	10.67	1.08	-7.267	42.913	-40.533	-0.76514	-0.63327	-0.07233	0.09039	26.2	null	null	13113	60
2026-05-27T16:49:32.145	WT901BLE68(F3:F0:16:BF:DC:AE)	-0.193	0.978	0.218	6.165	-34.302	3.357	82.57	9.94	-2.85	-7.267	42.913	-40.533	-0.76514	-0.63327	-0.07233	0.09039	26.2	null	null	13113	60
2026-05-27T16:49:32.263	WT901BLE68(F3:F0:16:BF:DC:AE)	-0.216	0.972	0.184	-12.390	20.874	-3.479	81.74	10.07	-2.49	-7.267	42.913	-40.533	-0.76514	-0.63327	-0.07233	0.09039	26.2	null	null	13113	60
2026-05-27T16:49:32.354	WT901BLE68(F3:F0:16:BF:DC:AE)	-0.221	0.982	0.138	-12.634	17.029	-11.719	80.56	11.33	-0.26	-7.267	42.913	-40.533	-0.76514	-0.63327	-0.07233	0.09039	26.2	null	null	13113	60
2026-05-27T16:49:32.472	WT901BLE68(F3:F0:16:BF:DC:AE)	-0.218	0.965	0.127	-3.540	2.625	-11.108	79.93	12.73	0.83	-7.267	42.913	-40.533	-0.76514	-0.63327	-0.07233	0.09039	26.2	null	null	13113	60
2026-05-27T16:49:32.530	WT901BLE68(F3:F0:16:BF:DC:AE)	-0.201	0.959	0.138	4.761	-8.240	-3.418	79.95	13.39	0.30	-6.340	42.800	-39.433	-0.76514	-0.63327	-0.07233	0.09039	26.2	null	null	13113	60
2026-05-27T16:49:32.657	WT901BLE68(F3:F0:16:BF:DC:AE)	-0.208	0.964	0.164	7.080	-13.123	4.700	80.44	13.08	-0.69	-6.340	42.800	-39.433	-0.76514	-0.63327	-0.07233	0.09039	26.2	null	null	13113	60
2026-05-27T16:49:32.742	WT901BLE68(F3:F0:16:BF:DC:AE)	-0.211	0.975	0.173	2.869	-1.160	6.531	80.81	12.28	-1.41	-6.340	42.800	-39.433	-0.75717	-0.64349	-0.07913	0.07916	26.2	null	null	13113	60
2026-05-27T16:49:32.864	WT901BLE68(F3:F0:16:BF:DC:AE)	-0.234	0.973	0.166	1.099	2.319	2.014	81.01	11.88	-0.92	-6.340	42.800	-39.433	-0.75717	-0.64349	-0.07913	0.07916	26.2	null	null	13113	60
2026-05-27T16:49:32.953	WT901BLE68(F3:F0:16:BF:DC:AE)	-0.218	0.970	0.177	-0.305	-9.399	-2.747	80.97	11.91	-1.13	-6.340	42.800	-39.433	-0.75717	-0.64349	-0.07913	0.07916	26.2	null	null	13113	60
2026-05-27T16:49:33.072	WT901BLE68(F3:F0:16:BF:DC:AE)	-0.208	0.962	0.171	-3.601	-2.686	-2.258	80.63	12.17	-1.48	-6.340	42.800	-39.433	-0.75717	-0.64349	-0.07913	0.07916	26.2	null	null	13113	60
2026-05-27T16:49:33.133	WT901BLE68(F3:F0:16:BF:DC:AE)	-0.207	0.961	0.162	-4.150	2.014	1.953	80.11	12.10	-1.69	-6.340	42.800	-39.433	-0.75717	-0.64349	-0.07913	0.07916	26.2	null	null	13113	60
2026-05-27T16:49:33.288	WT901BLE68(F3:F0:16:BF:DC:AE)	-0.220	0.959	0.160	-1.038	-6.287	1.709	79.79	11.87	-1.80	-6.340	42.800	-39.433	-0.75717	-0.64349	-0.07913	0.07916	26.2	null	null	13113	60
2026-05-27T16:49:33.340	WT901BLE68(F3:F0:16:BF:DC:AE)	-0.215	0.973	0.160	-0.916	-2.380	-1.831	79.63	11.79	-2.18	-6.340	42.800	-39.433	-0.75717	-0.64349	-0.07913	0.07916	26.2	null	null	13113	60
2026-05-27T16:49:33.459	WT901BLE68(F3:F0:16:BF:DC:AE)	-0.209	0.971	0.156	-0.977	3.967	-4.150	79.57	12.15	-2.01	-7.053	42.300	-41.473	-0.75717	-0.64349	-0.07913	0.07916	26.2	null	null	13113	60
2026-05-27T16:49:33.551	WT901BLE68(F3:F0:16:BF:DC:AE)	-0.215	0.961	0.170	1.831	-4.028	-0.244	79.68	12.40	-1.90	-7.053	42.300	-41.473	-0.75717	-0.64349	-0.07913	0.07916	26.2	null	null	13113	60
2026-05-27T16:49:33.673	WT901BLE68(F3:F0:16:BF:DC:AE)	-0.226	0.979	0.215	-8.728	-16.785	-0.549	79.36	12.16	-2.91	-7.053	42.300	-41.473	-0.76184	-0.63843	-0.07162	0.08243	26.2	null	null	13113	60
2026-05-27T16:49:33.765	WT901BLE68(F3:F0:16:BF:DC:AE)	-0.188	0.977	0.164	-27.405	41.992	-15.259	77.54	13.06	-2.27	-7.053	42.300	-41.473	-0.76184	-0.63843	-0.07162	0.08243	26.2	null	null	13113	60
2026-05-27T16:49:33.892	WT901BLE68(F3:F0:16:BF:DC:AE)	-0.200	0.979	0.091	-14.587	27.527	6.775	76.29	14.47	1.32	-7.053	42.300	-41.473	-0.76184	-0.63843	-0.07162	0.08243	26.2	null	null	13113	60
2026-05-27T16:49:33.941	WT901BLE68(F3:F0:16:BF:DC:AE)	-0.250	0.938	0.128	13.916	-1.160	23.682	77.22	13.05	3.50	-7.053	42.300	-41.473	-0.76184	-0.63843	-0.07162	0.08243	26.2	null	null	13113	60
2026-05-27T16:49:34.094	WT901BLE68(F3:F0:16:BF:DC:AE)	-0.202	0.950	0.188	18.066	-6.348	12.634	79.08	11.02	2.69	-7.053	42.300	-41.473	-0.76184	-0.63843	-0.07162	0.08243	26.2	null	null	13113	60
2026-05-27T16:49:34.153	WT901BLE68(F3:F0:16:BF:DC:AE)	-0.225	0.978	0.214	10.254	3.723	8.179	80.62	10.20	3.21	-7.053	42.300	-41.473	-0.76184	-0.63843	-0.07162	0.08243	26.2	null	null	13113	60
2026-05-27T16:49:34.276	WT901BLE68(F3:F0:16:BF:DC:AE)	-0.209	0.972	0.228	-0.488	23.132	-4.456	81.19	10.34	4.64	-7.053	42.300	-41.473	-0.76184	-0.63843	-0.07162	0.08243	26.2	null	null	13113	60
2026-05-27T16:49:34.361	WT901BLE68(F3:F0:16:BF:DC:AE)	-0.187	0.940	0.223	-8.057	25.391	-8.118	80.95	11.51	6.82	-3.613	39.467	-36.453	-0.76184	-0.63843	-0.07162	0.08243	26.2	null	null	13113	60
2026-05-27T16:49:34.486	WT901BLE68(F3:F0:16:BF:DC:AE)	-0.198	0.950	0.187	-10.986	27.405	-10.315	80.27	12.73	8.98	-3.613	39.467	-36.453	-0.76184	-0.63843	-0.07162	0.08243	26.2	null	null	13113	60
2026-05-27T16:49:34.539	WT901BLE68(F3:F0:16:BF:DC:AE)	-0.190	0.941	0.163	-4.822	22.766	-10.864	79.87	14.24	10.95	-3.613	39.467	-36.453	-0.76447	-0.62790	-0.14548	0.00864	26.2	null	null	13113	60
2026-05-27T16:49:34.697	WT901BLE68(F3:F0:16:BF:DC:AE)	-0.190	0.957	0.183	9.033	10.132	12.939	80.43	14.39	11.95	-3.613	39.467	-36.453	-0.76447	-0.62790	-0.14548	0.00864	26.2	null	null	13113	60
2026-05-27T16:49:34.751	WT901BLE68(F3:F0:16:BF:DC:AE)	-0.243	0.948	0.208	18.799	-22.461	38.940	81.82	11.59	11.52	-3.613	39.467	-36.453	-0.76447	-0.62790	-0.14548	0.00864	26.2	null	null	13113	60
2026-05-27T16:49:34.875	WT901BLE68(F3:F0:16:BF:DC:AE)	-0.222	0.994	0.251	5.859	-23.987	32.166	82.56	7.42	8.68	-3.613	39.467	-36.453	-0.76447	-0.62790	-0.14548	0.00864	26.2	null	null	13113	60
2026-05-27T16:49:34.963	WT901BLE68(F3:F0:16:BF:DC:AE)	-0.237	1.013	0.224	-12.756	21.545	-7.751	81.85	6.62	9.07	-3.613	39.467	-36.453	-0.76447	-0.62790	-0.14548	0.00864	26.2	null	null	13113	60
2026-05-27T16:49:35.081	WT901BLE68(F3:F0:16:BF:DC:AE)	-0.224	0.997	0.180	-18.860	15.686	-27.588	80.19	9.16	10.78	-3.613	39.467	-36.453	-0.76447	-0.62790	-0.14548	0.00864	26.2	null	null	13113	60
2026-05-27T16:49:35.174	WT901BLE68(F3:F0:16:BF:DC:AE)	-0.193	0.946	0.153	-14.465	6.287	-26.733	78.51	12.22	10.99	-3.613	39.467	-36.453	-0.76447	-0.62790	-0.14548	0.00864	26.2	null	null	13113	60
2026-05-27T16:49:35.291	WT901BLE68(F3:F0:16:BF:DC:AE)	-0.201	0.953	0.147	-1.282	-8.484	-12.329	77.77	14.02	10.27	-3.267	37.767	-28.740	-0.76447	-0.62790	-0.14548	0.00864	26.2	null	null	13113	60
2026-05-27T16:49:35.353	WT901BLE68(F3:F0:16:BF:DC:AE)	-0.201	0.958	0.174	10.986	-27.100	-1.953	78.02	14.06	7.87	-3.267	37.767	-28.740	-0.76447	-0.62790	-0.14548	0.00864	26.2	null	null	13113	60
2026-05-27T16:49:35.475	WT901BLE68(F3:F0:16:BF:DC:AE)	-0.191	0.954	0.213	14.099	-30.579	7.080	78.74	13.01	4.58	-3.267	37.767	-28.740	-0.77283	-0.62082	-0.12720	0.03238	26.2	null	null	13113	60
2026-05-27T16:49:35.562	WT901BLE68(F3:F0:16:BF:DC:AE)	-0.216	0.953	0.234	4.517	-17.395	10.071	79.19	11.66	2.66	-3.267	37.767	-28.740	-0.77283	-0.62082	-0.12720	0.03238	26.2	null	null	13113	60
2026-05-27T16:49:35.682	WT901BLE68(F3:F0:16:BF:DC:AE)	-0.196	0.972	0.212	-2.380	-6.775	6.042	78.89	10.59	1.34	-3.267	37.767	-28.740	-0.77283	-0.62082	-0.12720	0.03238	26.2	null	null	13113	60
2026-05-27T16:49:35.773	WT901BLE68(F3:F0:16:BF:DC:AE)	-0.208	0.957	0.189	-3.906	-1.038	-2.136	78.41	10.50	1.23	-3.267	37.767	-28.740	-0.77283	-0.62082	-0.12720	0.03238	26.2	null	null	13113	60
2026-05-27T16:49:35.891	WT901BLE68(F3:F0:16:BF:DC:AE)	-0.214	0.969	0.178	-1.526	-2.502	-4.028	78.11	10.88	1.21	-3.267	37.767	-28.740	-0.77283	-0.62082	-0.12720	0.03238	26.2	null	null	13113	60
2026-05-27T16:49:35.951	WT901BLE68(F3:F0:16:BF:DC:AE)	-0.201	0.963	0.182	1.953	-7.629	-8.606	78.07	11.49	0.59	-3.267	37.767	-28.740	-0.77283	-0.62082	-0.12720	0.03238	26.2	null	null	13113	60
2026-05-27T16:49:36.105	WT901BLE68(F3:F0:16:BF:DC:AE)	-0.200	0.956	0.191	4.211	-10.742	-2.502	78.26	11.90	-0.35	-3.267	37.767	-28.740	-0.77283	-0.62082	-0.12720	0.03238	26.2	null	null	13113	60
2026-05-27T16:49:36.161	WT901BLE68(F3:F0:16:BF:DC:AE)	-0.212	0.969	0.196	5.676	-10.315	-0.122	78.57	11.73	-1.26	-5.793	39.040	-34.833	-0.77283	-0.62082	-0.12720	0.03238	26.2	null	null	13113	60
2026-05-27T16:49:36.284	WT901BLE68(F3:F0:16:BF:DC:AE)	-0.216	0.972	0.201	7.751	-19.043	-2.747	78.96	11.64	-2.53	-5.793	39.040	-34.833	-0.77283	-0.62082	-0.12720	0.03238	26.2	null	null	13113	60
2026-05-27T16:49:36.371	WT901BLE68(F3:F0:16:BF:DC:AE)	-0.206	0.960	0.214	6.958	-25.940	-1.160	79.19	11.41	-4.81	-5.793	39.040	-34.833	-0.76495	-0.63538	-0.05911	0.08685	26.2	null	null	13113	60
2026-05-27T16:49:36.491	WT901BLE68(F3:F0:16:BF:DC:AE)	-0.212	0.965	0.213	3.296	-22.461	-2.441	79.13	11.16	-6.92	-5.793	39.040	-34.833	-0.76495	-0.63538	-0.05911	0.08685	26.2	null	null	13113	60
2026-05-27T16:49:36.586	WT901BLE68(F3:F0:16:BF:DC:AE)	-0.199	0.961	0.204	-1.831	-14.526	-6.531	78.68	11.28	-8.60	-5.793	39.040	-34.833	-0.76495	-0.63538	-0.05911	0.08685	26.2	null	null	13113	60
2026-05-27T16:49:36.703	WT901BLE68(F3:F0:16:BF:DC:AE)	-0.188	0.959	0.184	-4.700	-3.052	-8.118	78.07	11.90	-9.21	-5.793	39.040	-34.833	-0.76495	-0.63538	-0.05911	0.08685	26.2	null	null	13113	60
2026-05-27T16:49:36.791	WT901BLE68(F3:F0:16:BF:DC:AE)	-0.191	0.960	0.167	-1.953	2.747	-5.371	77.79	12.51	-8.95	-5.793	39.040	-34.833	-0.76495	-0.63538	-0.05911	0.08685	26.2	null	null	13113	60
2026-05-27T16:49:36.881	WT901BLE68(F3:F0:16:BF:DC:AE)	-0.194	0.964	0.167	3.296	3.357	-0.427	78.09	12.75	-8.39	-5.793	39.040	-34.833	-0.76495	-0.63538	-0.05911	0.08685	26.2	null	null	13113	60
2026-05-27T16:49:36.973	WT901BLE68(F3:F0:16:BF:DC:AE)	-0.203	0.968	0.186	8.301	4.272	3.723	78.90	12.49	-7.70	-5.793	39.040	-34.833	-0.76495	-0.63538	-0.05911	0.08685	26.2	null	null	13113	60
2026-05-27T16:49:37.094	WT901BLE68(F3:F0:16:BF:DC:AE)	-0.199	0.978	0.206	8.301	5.554	4.578	79.87	12.12	-7.02	-10.240	40.593	-40.367	-0.76495	-0.63538	-0.05911	0.08685	26.2	null	null	13113	60
2026-05-27T16:49:37.214	WT901BLE68(F3:F0:16:BF:DC:AE)	-0.201	1.000	0.225	4.150	6.836	7.385	80.55	11.60	-6.00	-10.240	40.593	-40.367	-0.76495	-0.63538	-0.05911	0.08685	26.2	null	null	13113	60
2026-05-27T16:49:37.300	WT901BLE68(F3:F0:16:BF:DC:AE)	-0.184	0.986	0.212	-3.479	12.207	5.371	80.54	11.04	-4.72	-10.240	40.593	-40.367	-0.75513	-0.64658	-0.04480	0.09799	26.2	null	null	13113	60
2026-05-27T16:49:37.361	WT901BLE68(F3:F0:16:BF:DC:AE)	-0.207	0.974	0.179	-9.644	21.301	5.371	79.97	10.82	-2.75	-10.240	40.593	-40.367	-0.75513	-0.64658	-0.04480	0.09799	26.2	null	null	13113	60
2026-05-27T16:49:37.516	WT901BLE68(F3:F0:16:BF:DC:AE)	-0.201	0.945	0.161	-8.789	15.198	6.836	79.29	10.43	-0.99	-10.240	40.593	-40.367	-0.75513	-0.64658	-0.04480	0.09799	26.2	null	null	13113	60
2026-05-27T16:49:37.571	WT901BLE68(F3:F0:16:BF:DC:AE)	-0.203	0.949	0.158	-4.761	2.991	5.554	78.88	10.12	-0.02	-10.240	40.593	-40.367	-0.75513	-0.64658	-0.04480	0.09799	26.2	null	null	13113	60
2026-05-27T16:49:37.694	WT901BLE68(F3:F0:16:BF:DC:AE)	-0.213	0.958	0.152	-2.075	7.080	0.305	78.76	10.01	0.74	-10.240	40.593	-40.367	-0.75513	-0.64658	-0.04480	0.09799	26.2	null	null	13113	60
2026-05-27T16:49:37.784	WT901BLE68(F3:F0:16:BF:DC:AE)	-0.206	0.954	0.157	2.625	3.723	-7.019	79.02	10.70	1.27	-10.240	40.593	-40.367	-0.75513	-0.64658	-0.04480	0.09799	26.2	null	null	13113	60
2026-05-27T16:49:37.902	WT901BLE68(F3:F0:16:BF:DC:AE)	-0.200	0.982	0.174	4.578	0.977	-5.371	79.54	11.39	1.38	-10.240	40.593	-40.367	-0.75513	-0.64658	-0.04480	0.09799	26.2	null	null	13113	60
2026-05-27T16:49:37.991	WT901BLE68(F3:F0:16:BF:DC:AE)	-0.186	0.959	0.178	3.845	3.479	-8.240	80.02	12.21	1.60	-5.587	40.433	-37.987	-0.75513	-0.64658	-0.04480	0.09799	26.2	null	null	13113	60
2026-05-27T16:49:38.114	WT901BLE68(F3:F0:16:BF:DC:AE)	-0.195	0.957	0.176	5.188	-6.958	0.000	80.42	12.65	1.53	-5.587	40.433	-37.987	-0.75513	-0.64658	-0.04480	0.09799	26.2	null	null	13113	60
2026-05-27T16:49:38.173	WT901BLE68(F3:F0:16:BF:DC:AE)	-0.200	0.961	0.174	3.906	-16.602	7.996	80.61	11.93	0.26	-5.587	40.433	-37.987	-0.75891	-0.64206	-0.08740	0.06354	26.2	null	null	13113	60
2026-05-27T16:49:38.293	WT901BLE68(F3:F0:16:BF:DC:AE)	-0.208	0.982	0.171	-1.709	0.305	4.028	80.51	11.05	-0.66	-5.587	40.433	-37.987	-0.75891	-0.64206	-0.08740	0.06354	26.2	null	null	13113	60
2026-05-27T16:49:38.383	WT901BLE68(F3:F0:16:BF:DC:AE)	-0.219	0.953	0.155	-2.258	-1.465	-2.625	80.28	11.10	-0.38	-5.587	40.433	-37.987	-0.75891	-0.64206	-0.08740	0.06354	26.2	null	null	13113	60
2026-05-27T16:49:38.504	WT901BLE68(F3:F0:16:BF:DC:AE)	-0.217	0.967	0.152	-1.892	-3.601	-1.099	79.99	11.28	-0.65	-5.587	40.433	-37.987	-0.75891	-0.64206	-0.08740	0.06354	26.2	null	null	13113	60
2026-05-27T16:49:38.593	WT901BLE68(F3:F0:16:BF:DC:AE)	-0.216	0.997	0.159	-1.526	-0.549	-3.601	79.80	11.47	-0.96	-5.587	40.433	-37.987	-0.75891	-0.64206	-0.08740	0.06354	26.2	null	null	13113	60
2026-05-27T16:49:38.712	WT901BLE68(F3:F0:16:BF:DC:AE)	-0.214	0.953	0.167	-1.587	4.639	-5.798	79.72	12.02	-0.76	-5.587	40.433	-37.987	-0.75891	-0.64206	-0.08740	0.06354	26.2	null	null	13113	60
2026-05-27T16:49:38.771	WT901BLE68(F3:F0:16:BF:DC:AE)	-0.222	0.981	0.163	-0.732	-12.634	1.465	79.58	12.31	-0.96	-5.587	40.433	-37.987	-0.75891	-0.64206	-0.08740	0.06354	26.2	null	null	13113	60
2026-05-27T16:49:38.926	WT901BLE68(F3:F0:16:BF:DC:AE)	-0.210	0.993	0.162	-0.916	-10.620	-0.610	79.30	11.89	-2.18	-7.233	42.200	-41.027	-0.75891	-0.64206	-0.08740	0.06354	26.2	null	null	13113	60
2026-05-27T16:49:38.984	WT901BLE68(F3:F0:16:BF:DC:AE)	-0.200	0.949	0.166	-2.686	1.709	-4.395	79.15	12.19	-2.42	-7.233	42.200	-41.027	-0.75891	-0.64206	-0.08740	0.06354	26.2	null	null	13113	60
2026-05-27T16:49:39.100	WT901BLE68(F3:F0:16:BF:DC:AE)	-0.200	0.955	0.158	-5.127	10.986	2.136	78.95	12.39	-1.80	-7.233	42.200	-41.027	-0.76535	-0.63419	-0.07059	0.08356	26.2	null	null	13113	60
2026-05-27T16:49:39.194	WT901BLE68(F3:F0:16:BF:DC:AE)	-0.225	0.965	0.139	-0.610	17.944	1.953	79.02	12.38	-0.07	-7.233	42.200	-41.027	-0.76535	-0.63419	-0.07059	0.08356	26.2	null	null	13113	60
2026-05-27T16:49:39.315	WT901BLE68(F3:F0:16:BF:DC:AE)	-0.221	0.953	0.169	8.301	-4.944	0.000	79.77	12.49	0.90	-7.233	42.200	-41.027	-0.76535	-0.63419	-0.07059	0.08356	26.2	null	null	13113	60
2026-05-27T16:49:39.405	WT901BLE68(F3:F0:16:BF:DC:AE)	-0.200	0.974	0.178	3.418	9.705	4.456	80.41	12.32	0.95	-7.233	42.200	-41.027	-0.76535	-0.63419	-0.07059	0.08356	26.2	null	null	13113	60
2026-05-27T16:49:39.523	WT901BLE68(F3:F0:16:BF:DC:AE)	-0.223	0.966	0.162	1.953	6.287	3.601	80.82	12.02	1.95	-7.233	42.200	-41.027	-0.76535	-0.63419	-0.07059	0.08356	26.2	null	null	13113	60
2026-05-27T16:49:39.582	WT901BLE68(F3:F0:16:BF:DC:AE)	-0.222	0.979	0.157	1.465	8.850	1.343	81.09	11.92	2.63	-7.233	42.200	-41.027	-0.76535	-0.63419	-0.07059	0.08356	26.2	null	null	13113	60
2026-05-27T16:49:39.737	WT901BLE68(F3:F0:16:BF:DC:AE)	-0.226	0.964	0.159	2.502	-1.221	0.793	81.35	11.96	3.06	-7.233	42.200	-41.027	-0.76535	-0.63419	-0.07059	0.08356	26.2	null	null	13113	60
2026-05-27T16:49:39.789	WT901BLE68(F3:F0:16:BF:DC:AE)	-0.226	0.984	0.166	0.610	-2.563	0.549	81.44	11.87	2.85	-5.740	41.753	-40.293	-0.76535	-0.63419	-0.07059	0.08356	26.2	null	null	13113	60
2026-05-27T16:49:39.913	WT901BLE68(F3:F0:16:BF:DC:AE)	-0.224	0.973	0.156	-1.465	-0.305	-3.723	81.29	12.10	2.79	-5.740	41.753	-40.293	-0.76535	-0.63419	-0.07059	0.08356	26.2	null	null	13113	60
2026-05-27T16:49:40.001	WT901BLE68(F3:F0:16:BF:DC:AE)	-0.210	0.976	0.151	-0.183	-7.568	-1.221	81.07	12.37	2.26	-5.740	41.753	-40.293	-0.75629	-0.64496	-0.09598	0.05219	26.2	null	null	13113	60
2026-05-27T16:49:40.126	WT901BLE68(F3:F0:16:BF:DC:AE)	-0.205	0.997	0.159	1.282	-13.733	2.258	80.91	12.15	1.13	-5.740	41.753	-40.293	-0.75629	-0.64496	-0.09598	0.05219	26.2	null	null	13113	60
2026-05-27T16:49:40.183	WT901BLE68(F3:F0:16:BF:DC:AE)	-0.200	0.903	0.157	1.770	-17.212	10.864	80.78	11.37	-0.20	-5.740	41.753	-40.293	-0.75629	-0.64496	-0.09598	0.05219	26.2	null	null	13113	60
2026-05-27T16:49:40.301	WT901BLE68(F3:F0:16:BF:DC:AE)	-0.217	0.960	0.160	-2.686	3.052	13.367	80.55	9.74	-1.04	-5.740	41.753	-40.293	-0.75629	-0.64496	-0.09598	0.05219	26.2	null	null	13113	60
2026-05-27T16:49:40.393	WT901BLE68(F3:F0:16:BF:DC:AE)	-0.233	1.076	0.150	-1.587	34.302	-21.667	80.51	10.59	1.26	-5.740	41.753	-40.293	-0.75629	-0.64496	-0.09598	0.05219	26.2	null	null	13113	60
2026-05-27T16:49:40.512	WT901BLE68(F3:F0:16:BF:DC:AE)	-0.175	0.939	0.683	-42.236	-67.261	-48.401	78.23	13.91	-0.91	-5.740	41.753	-40.293	-0.75629	-0.64496	-0.09598	0.05219	26.2	null	null	13113	60
2026-05-27T16:49:40.606	WT901BLE68(F3:F0:16:BF:DC:AE)	-0.018	0.960	0.394	-80.688	30.090	29.053	70.11	13.95	-5.34	-5.740	41.753	-40.293	-0.75629	-0.64496	-0.09598	0.05219	26.2	null	null	13113	60
2026-05-27T16:49:40.725	WT901BLE68(F3:F0:16:BF:DC:AE)	-0.187	1.007	0.150	-79.895	119.202	55.359	64.11	12.17	3.98	-9.680	45.587	-33.993	-0.75629	-0.64496	-0.09598	0.05219	26.2	null	null	13113	60
2026-05-27T16:49:40.811	WT901BLE68(F3:F0:16:BF:DC:AE)	-0.206	0.821	-0.070	-33.325	94.421	11.902	61.50	14.28	15.05	-9.680	45.587	-33.993	-0.75629	-0.64496	-0.09598	0.05219	26.2	null	null	13113	60
2026-05-27T16:49:40.933	WT901BLE68(F3:F0:16:BF:DC:AE)	-0.278	0.860	-0.020	43.396	26.611	12.817	65.83	16.75	21.80	-9.680	45.587	-33.993	-0.84091	-0.49252	-0.21155	-0.07355	26.2	null	null	13113	60
2026-05-27T16:49:40.991	WT901BLE68(F3:F0:16:BF:DC:AE)	-0.249	0.967	0.037	93.567	-79.163	58.044	73.45	11.69	19.63	-9.680	45.587	-33.993	-0.84091	-0.49252	-0.21155	-0.07355	26.2	null	null	13113	60
2026-05-27T16:49:41.116	WT901BLE68(F3:F0:16:BF:DC:AE)	-0.323	1.229	0.314	95.032	-146.484	12.878	83.70	5.96	10.96	-9.680	45.587	-33.993	-0.84091	-0.49252	-0.21155	-0.07355	26.2	null	null	13113	60
2026-05-27T16:49:41.207	WT901BLE68(F3:F0:16:BF:DC:AE)	-0.007	1.317	0.738	-12.268	245.178	20.447	89.48	6.49	20.90	-9.680	45.587	-33.993	-0.84091	-0.49252	-0.21155	-0.07355	26.2	null	null	13113	60
2026-05-27T16:49:41.322	WT901BLE68(F3:F0:16:BF:DC:AE)	-0.119	0.949	0.157	-69.092	-223.511	9.827	81.04	2.89	11.01	-9.680	45.587	-33.993	-0.84091	-0.49252	-0.21155	-0.07355	26.2	null	null	13113	60
2026-05-27T16:49:41.411	WT901BLE68(F3:F0:16:BF:DC:AE)	-0.201	1.032	0.120	-57.800	55.908	-25.574	74.10	2.64	6.16	-9.680	45.587	-33.993	-0.84091	-0.49252	-0.21155	-0.07355	26.2	null	null	13113	60
2026-05-27T16:49:41.534	WT901BLE68(F3:F0:16:BF:DC:AE)	-0.228	0.977	0.056	-37.537	49.072	-60.669	69.76	9.13	10.17	-9.680	45.587	-33.993	-0.84091	-0.49252	-0.21155	-0.07355	26.2	null	null	13113	60
2026-05-27T16:49:41.591	WT901BLE68(F3:F0:16:BF:DC:AE)	-0.263	0.898	0.061	16.907	-6.836	-45.898	69.77	15.18	10.52	-1.880	42.327	-24.287	-0.84091	-0.49252	-0.21155	-0.07355	26.2	null	null	13113	60
2026-05-27T16:49:41.711	WT901BLE68(F3:F0:16:BF:DC:AE)	-0.213	0.935	0.097	46.570	-83.313	-23.438	72.27	16.22	3.89	-1.880	42.327	-24.287	-0.84091	-0.49252	-0.21155	-0.07355	26.2	null	null	13113	60
2026-05-27T16:49:41.799	WT901BLE68(F3:F0:16:BF:DC:AE)	-0.203	0.978	0.196	56.885	-90.027	-19.348	75.78	15.73	-5.28	-1.880	42.327	-24.287	-0.79559	-0.58932	-0.11807	0.07538	26.2	null	null	13113	60
2026-05-27T16:49:41.924	WT901BLE68(F3:F0:16:BF:DC:AE)	0.062	1.127	0.665	46.936	-29.236	-7.507	79.35	15.28	-12.69	-1.880	42.327	-24.287	-0.79559	-0.58932	-0.11807	0.07538	26.2	null	null	13113	60
2026-05-27T16:49:42.012	WT901BLE68(F3:F0:16:BF:DC:AE)	-0.193	0.859	0.182	-22.034	14.465	25.940	78.62	13.82	-11.66	-1.880	42.327	-24.287	-0.79559	-0.58932	-0.11807	0.07538	26.2	null	null	13113	60
2026-05-27T16:49:42.139	WT901BLE68(F3:F0:16:BF:DC:AE)	-0.218	0.892	0.186	-9.949	55.054	33.997	77.56	11.14	-7.11	-1.880	42.327	-24.287	-0.79559	-0.58932	-0.11807	0.07538	26.2	null	null	13113	60
2026-05-27T16:49:42.223	WT901BLE68(F3:F0:16:BF:DC:AE)	-0.325	0.974	0.143	11.719	-3.357	30.579	78.98	8.69	-2.54	-1.880	42.327	-24.287	-0.79559	-0.58932	-0.11807	0.07538	26.2	null	null	13113	60
2026-05-27T16:49:42.341	WT901BLE68(F3:F0:16:BF:DC:AE)	-0.173	0.959	0.194	12.024	-18.921	0.183	79.75	7.04	-5.17	-1.880	42.327	-24.287	-0.79559	-0.58932	-0.11807	0.07538	26.2	null	null	13113	60
2026-05-27T16:49:42.405	WT901BLE68(F3:F0:16:BF:DC:AE)	-0.202	1.027	0.228	15.442	42.908	-20.447	81.45	9.28	-2.30	-1.880	42.327	-24.287	-0.79559	-0.58932	-0.11807	0.07538	26.2	null	null	13113	60
2026-05-27T16:49:42.521	WT901BLE68(F3:F0:16:BF:DC:AE)	-0.460	0.997	0.308	-10.925	69.946	-9.216	83.42	12.39	9.99	-5.340	38.333	-38.280	-0.79559	-0.58932	-0.11807	0.07538	26.2	null	null	13113	60
2026-05-27T16:49:42.612	WT901BLE68(F3:F0:16:BF:DC:AE)	-0.174	0.934	0.142	-10.681	-122.437	5.920	80.02	11.19	1.16	-5.340	38.333	-38.280	-0.79559	-0.58932	-0.11807	0.07538	26.2	null	null	13113	60
2026-05-27T16:49:42.731	WT901BLE68(F3:F0:16:BF:DC:AE)	-0.167	0.964	0.196	-4.028	-1.770	10.498	78.49	9.34	-3.56	-5.340	38.333	-38.280	-0.76584	-0.63623	-0.06400	0.06702	26.2	null	null	13113	60
2026-05-27T16:49:42.825	WT901BLE68(F3:F0:16:BF:DC:AE)	-0.215	0.933	0.187	-1.099	4.944	-3.174	78.23	9.27	-2.73	-5.340	38.333	-38.280	-0.76584	-0.63623	-0.06400	0.06702	26.2	null	null	13113	60
2026-05-27T16:49:42.945	WT901BLE68(F3:F0:16:BF:DC:AE)	-0.205	0.957	0.207	5.554	-15.991	-9.460	78.43	10.16	-3.47	-5.340	38.333	-38.280	-0.76584	-0.63623	-0.06400	0.06702	26.2	null	null	13113	60
2026-05-27T16:49:43.002	WT901BLE68(F3:F0:16:BF:DC:AE)	-0.184	0.984	0.217	-1.282	-4.150	-2.197	78.37	10.34	-4.64	-5.340	38.333	-38.280	-0.76584	-0.63623	-0.06400	0.06702	26.2	null	null	13113	60
2026-05-27T16:49:43.128	WT901BLE68(F3:F0:16:BF:DC:AE)	-0.198	0.958	0.190	-4.211	9.766	-12.512	78.07	11.38	-3.80	-5.340	38.333	-38.280	-0.76584	-0.63623	-0.06400	0.06702	26.2	null	null	13113	60
2026-05-27T16:49:43.209	WT901BLE68(F3:F0:16:BF:DC:AE)	-0.179	0.961	0.191	0.793	2.808	-8.728	78.02	12.58	-3.34	-5.340	38.333	-38.280	-0.76584	-0.63623	-0.06400	0.06702	26.2	null	null	13113	60
2026-05-27T16:49:43.335	WT901BLE68(F3:F0:16:BF:DC:AE)	-0.187	0.950	0.206	2.319	-0.488	4.272	78.27	12.55	-3.41	-5.340	38.333	-38.280	-0.76584	-0.63623	-0.06400	0.06702	26.2	null	null	13113	60
2026-05-27T16:49:43.423	WT901BLE68(F3:F0:16:BF:DC:AE)	-0.188	0.987	0.194	-2.136	9.644	12.695	78.29	11.50	-3.03	-8.567	39.773	-37.613	-0.76584	-0.63623	-0.06400	0.06702	26.2	null	null	13113	60
2026-05-27T16:49:43.540	WT901BLE68(F3:F0:16:BF:DC:AE)	-0.214	0.954	0.188	-0.671	9.033	8.057	78.41	10.70	-1.47	-8.567	39.773	-37.613	-0.76584	-0.63623	-0.06400	0.06702	26.2	null	null	13113	60
2026-05-27T16:49:43.632	WT901BLE68(F3:F0:16:BF:DC:AE)	-0.221	0.957	0.192	-0.183	11.780	7.019	78.60	10.27	-0.21	-8.567	39.773	-37.613	-0.77066	-0.63055	-0.06577	0.06354	26.2	null	null	13113	60
2026-05-27T16:49:43.753	WT901BLE68(F3:F0:16:BF:DC:AE)	-0.226	0.967	0.198	1.038	4.578	0.061	78.82	10.16	0.86	-8.567	39.773	-37.613	-0.77066	-0.63055	-0.06577	0.06354	26.2	null	null	13113	60
2026-05-27T16:49:43.812	WT901BLE68(F3:F0:16:BF:DC:AE)	-0.219	0.964	0.199	-0.244	6.531	-4.517	78.95	10.68	1.46	-8.567	39.773	-37.613	-0.77066	-0.63055	-0.06577	0.06354	26.2	null	null	13113	60
2026-05-27T16:49:43.936	WT901BLE68(F3:F0:16:BF:DC:AE)	-0.208	0.962	0.196	-1.038	2.808	-4.578	78.92	11.29	1.76	-8.567	39.773	-37.613	-0.77066	-0.63055	-0.06577	0.06354	26.2	null	null	13113	60
2026-05-27T16:49:44.023	WT901BLE68(F3:F0:16:BF:DC:AE)	-0.208	0.967	0.188	-1.221	1.343	-4.883	78.82	11.85	1.90	-8.567	39.773	-37.613	-0.77066	-0.63055	-0.06577	0.06354	26.2	null	null	13113	60
2026-05-27T16:49:44.143	WT901BLE68(F3:F0:16:BF:DC:AE)	-0.199	0.967	0.185	-0.061	-0.366	-2.625	78.74	12.26	1.78	-8.567	39.773	-37.613	-0.77066	-0.63055	-0.06577	0.06354	26.2	null	null	13113	60
2026-05-27T16:49:44.229	WT901BLE68(F3:F0:16:BF:DC:AE)	-0.199	0.963	0.190	0.122	1.465	0.732	78.77	12.34	1.67	-8.567	39.773	-37.613	-0.77066	-0.63055	-0.06577	0.06354	26.2	null	null	13113	60
2026-05-27T16:49:44.352	WT901BLE68(F3:F0:16:BF:DC:AE)	-0.208	0.961	0.188	0.977	-1.343	4.517	78.83	12.04	1.65	-8.567	39.773	-37.613	-0.77066	-0.63055	-0.06577	0.06354	26.2	null	null	13113	75
2026-05-27T16:49:44.413	WT901BLE68(F3:F0:16:BF:DC:AE)	-0.213	0.957	0.195	2.258	-5.005	4.211	78.96	11.53	1.37	-8.567	39.773	-37.613	-0.77066	-0.63055	-0.06577	0.06354	26.2	null	null	13113	75
2026-05-27T16:49:44.536	WT901BLE68(F3:F0:16:BF:DC:AE)	-0.216	0.962	0.195	0.977	-5.005	2.747	79.04	11.12	0.93	-8.567	39.773	-37.613	-0.77066	-0.63055	-0.06577	0.06354	26.2	null	null	13113	75
2026-05-27T16:49:44.619	WT901BLE68(F3:F0:16:BF:DC:AE)	-0.207	0.973	0.192	-1.404	0.488	-1.831	78.95	11.06	0.60	-8.567	39.773	-37.613	-0.77066	-0.63055	-0.06577	0.06354	26.1	null	null	13113	75
2026-05-27T16:49:44.746	WT901BLE68(F3:F0:16:BF:DC:AE)	-0.195	0.962	0.184	-3.052	7.141	-4.639	78.77	11.50	0.88	-8.567	39.773	-37.613	-0.77066	-0.63055	-0.06577	0.06354	26.1	null	null	13113	75
2026-05-27T16:49:44.834	WT901BLE68(F3:F0:16:BF:DC:AE)	-0.191	0.961	0.176	-2.380	11.230	-1.587	78.68	12.01	1.69	-5.780	39.413	-35.647	-0.77066	-0.63055	-0.06577	0.06354	26.1	null	null	13113	75
2026-05-27T16:49:44.952	WT901BLE68(F3:F0:16:BF:DC:AE)	-0.189	0.966	0.179	-1.404	13.489	0.854	78.79	12.23	2.74	-5.780	39.413	-35.647	-0.77066	-0.63055	-0.06577	0.06354	26.1	null	null	13113	75
2026-05-27T16:49:45.043	WT901BLE68(F3:F0:16:BF:DC:AE)	-0.196	0.962	0.178	0.366	13.062	4.700	79.06	12.15	4.02	-5.780	39.413	-35.647	-0.76935	-0.62912	-0.10101	0.04495	26.1	null	null	13113	75
2026-05-27T16:49:45.165	WT901BLE68(F3:F0:16:BF:DC:AE)	-0.187	0.959	0.190	2.563	18.127	7.690	79.52	11.71	5.31	-5.780	39.413	-35.647	-0.76935	-0.62912	-0.10101	0.04495	26.1	null	null	13113	75
2026-05-27T16:49:45.219	WT901BLE68(F3:F0:16:BF:DC:AE)	-0.208	0.932	0.185	7.446	6.287	15.503	80.29	10.96	6.72	-5.780	39.413	-35.647	-0.76935	-0.62912	-0.10101	0.04495	26.1	null	null	13113	75
2026-05-27T16:49:45.345	WT901BLE68(F3:F0:16:BF:DC:AE)	-0.234	0.952	0.196	10.559	-1.526	23.438	81.23	9.04	7.09	-5.780	39.413	-35.647	-0.76935	-0.62912	-0.10101	0.04495	26.1	null	null	13113	75
2026-05-27T16:49:45.433	WT901BLE68(F3:F0:16:BF:DC:AE)	-0.246	1.023	0.220	8.118	-0.549	7.019	82.11	7.70	7.34	-5.780	39.413	-35.647	-0.76935	-0.62912	-0.10101	0.04495	26.1	null	null	13113	75
2026-05-27T16:49:45.551	WT901BLE68(F3:F0:16:BF:DC:AE)	-0.111	1.035	0.299	-7.019	-10.803	-9.094	82.18	8.75	7.83	-5.780	39.413	-35.647	-0.76935	-0.62912	-0.10101	0.04495	26.1	null	null	13113	75
2026-05-27T16:49:45.643	WT901BLE68(F3:F0:16:BF:DC:AE)	0.044	0.993	0.241	-16.235	23.499	-0.305	79.88	7.93	4.41	-5.780	39.413	-35.647	-0.76935	-0.62912	-0.10101	0.04495	26.1	null	null	13113	75
2026-05-27T16:49:45.762	WT901BLE68(F3:F0:16:BF:DC:AE)	-0.340	1.043	0.171	-13.367	74.585	-25.391	79.63	10.53	10.66	-0.887	36.760	-35.033	-0.76935	-0.62912	-0.10101	0.04495	26.1	null	null	13113	75
2026-05-27T16:49:45.821	WT901BLE68(F3:F0:16:BF:DC:AE)	-0.155	0.846	0.142	-16.541	-12.939	-6.226	77.88	12.22	10.58	-0.887	36.760	-35.033	-0.76935	-0.62912	-0.10101	0.04495	26.1	null	null	13113	75
2026-05-27T16:49:45.943	WT901BLE68(F3:F0:16:BF:DC:AE)	-0.177	0.995	0.135	-15.442	11.169	18.066	76.52	11.41	10.42	-0.887	36.760	-35.033	-0.77948	-0.61099	-0.13776	-0.00342	26.1	null	null	13113	75
2026-05-27T16:49:46.029	WT901BLE68(F3:F0:16:BF:DC:AE)	-0.247	0.928	0.108	0.427	18.311	6.409	76.45	10.60	13.05	-0.887	36.760	-35.033	-0.77948	-0.61099	-0.13776	-0.00342	26.1	null	null	13113	75
2026-05-27T16:49:46.152	WT901BLE68(F3:F0:16:BF:DC:AE)	-0.234	0.908	0.119	26.184	-48.096	5.859	77.92	10.09	11.58	-0.887	36.760	-35.033	-0.77948	-0.61099	-0.13776	-0.00342	26.1	null	null	13113	75
2026-05-27T16:49:46.244	WT901BLE68(F3:F0:16:BF:DC:AE)	-0.260	1.013	0.187	25.452	-80.200	11.841	80.10	8.16	5.84	-0.887	36.760	-35.033	-0.77948	-0.61099	-0.13776	-0.00342	26.1	null	null	13113	75
2026-05-27T16:49:46.363	WT901BLE68(F3:F0:16:BF:DC:AE)	-0.208	0.994	0.189	7.385	-45.105	-16.968	80.66	7.56	-0.53	-0.887	36.760	-35.033	-0.77948	-0.61099	-0.13776	-0.00342	26.1	null	null	13113	75
2026-05-27T16:49:46.454	WT901BLE68(F3:F0:16:BF:DC:AE)	-0.203	0.985	0.170	-3.479	-40.894	-29.846	80.02	9.74	-4.72	-0.887	36.760	-35.033	-0.77948	-0.61099	-0.13776	-0.00342	26.1	null	null	13113	75
2026-05-27T16:49:46.568	WT901BLE68(F3:F0:16:BF:DC:AE)	-0.195	1.045	0.160	-14.465	-18.616	-30.518	78.51	12.16	-7.62	-0.887	36.760	-35.033	-0.77948	-0.61099	-0.13776	-0.00342	26.1	null	null	13113	75
2026-05-27T16:49:46.630	WT901BLE68(F3:F0:16:BF:DC:AE)	-0.176	0.983	0.131	-11.719	-1.770	-43.945	76.94	15.58	-8.84	-8.807	42.693	-42.753	-0.77948	-0.61099	-0.13776	-0.00342	26.1	null	null	13113	75
2026-05-27T16:49:46.753	WT901BLE68(F3:F0:16:BF:DC:AE)	-0.167	0.910	0.123	-0.610	5.371	-28.931	76.51	19.07	-9.36	-8.807	42.693	-42.753	-0.77948	-0.61099	-0.13776	-0.00342	26.1	null	null	13113	75
2026-05-27T16:49:46.837	WT901BLE68(F3:F0:16:BF:DC:AE)	-0.199	0.919	0.130	12.817	-8.911	18.921	77.45	18.75	-9.51	-8.807	42.693	-42.753	-0.76019	-0.62219	-0.08151	0.16806	26.1	null	null	13113	75
2026-05-27T16:49:46.966	WT901BLE68(F3:F0:16:BF:DC:AE)	-0.224	0.989	0.166	23.193	-23.010	38.940	79.32	14.91	-10.43	-8.807	42.693	-42.753	-0.76019	-0.62219	-0.08151	0.16806	26.1	null	null	13113	75
2026-05-27T16:49:47.051	WT901BLE68(F3:F0:16:BF:DC:AE)	-0.210	1.019	0.196	18.372	-13.550	28.687	81.15	11.07	-11.60	-8.807	42.693	-42.753	-0.76019	-0.62219	-0.08151	0.16806	26.1	null	null	13113	75
2026-05-27T16:49:47.174	WT901BLE68(F3:F0:16:BF:DC:AE)	-0.243	0.979	0.203	7.446	5.310	15.442	82.33	9.15	-10.78	-8.807	42.693	-42.753	-0.76019	-0.62219	-0.08151	0.16806	26.1	null	null	13113	75
2026-05-27T16:49:47.233	WT901BLE68(F3:F0:16:BF:DC:AE)	-0.221	0.987	0.190	-5.798	16.907	6.836	82.21	8.35	-9.53	-8.807	42.693	-42.753	-0.76019	-0.62219	-0.08151	0.16806	26.1	null	null	13113	75
2026-05-27T16:49:47.352	WT901BLE68(F3:F0:16:BF:DC:AE)	-0.234	0.949	0.160	-7.385	9.460	-3.723	81.49	8.82	-7.47	-8.807	42.693	-42.753	-0.76019	-0.62219	-0.08151	0.16806	26.1	null	null	13113	75
2026-05-27T16:49:47.443	WT901BLE68(F3:F0:16:BF:DC:AE)	-0.210	0.947	0.167	-7.263	-3.967	-4.089	80.72	9.43	-7.19	-8.807	42.693	-42.753	-0.76019	-0.62219	-0.08151	0.16806	26.1	null	null	13113	75
2026-05-27T16:49:47.562	WT901BLE68(F3:F0:16:BF:DC:AE)	-0.196	1.027	0.162	-14.099	25.879	-9.155	79.71	10.42	-5.99	-7.507	40.387	-46.167	-0.76019	-0.62219	-0.08151	0.16806	26.1	null	null	13113	75
2026-05-27T16:49:47.650	WT901BLE68(F3:F0:16:BF:DC:AE)	-0.219	0.935	0.127	-4.639	41.138	-14.709	79.40	12.32	-2.09	-7.507	40.387	-46.167	-0.76019	-0.62219	-0.08151	0.16806	26.1	null	null	13113	75
2026-05-27T16:49:47.773	WT901BLE68(F3:F0:16:BF:DC:AE)	-0.229	0.947	0.164	13.672	-31.372	-16.113	80.27	14.01	-2.01	-7.507	40.387	-46.167	-0.76224	-0.63721	-0.08029	0.07996	26.1	null	null	13113	75
2026-05-27T16:49:47.865	WT901BLE68(F3:F0:16:BF:DC:AE)	-0.133	0.965	0.212	5.859	3.540	-3.357	80.67	14.33	-4.60	-7.507	40.387	-46.167	-0.76224	-0.63721	-0.08029	0.07996	26.1	null	null	13113	75
2026-05-27T16:49:47.986	WT901BLE68(F3:F0:16:BF:DC:AE)	-0.228	0.967	0.194	1.099	8.423	1.892	81.16	14.35	-2.97	-7.507	40.387	-46.167	-0.76224	-0.63721	-0.08029	0.07996	26.1	null	null	13113	75
2026-05-27T16:49:48.040	WT901BLE68(F3:F0:16:BF:DC:AE)	-0.191	0.970	0.177	-1.526	5.188	2.380	80.98	13.97	-2.96	-7.507	40.387	-46.167	-0.76224	-0.63721	-0.08029	0.07996	26.1	null	null	13113	75
2026-05-27T16:49:48.167	WT901BLE68(F3:F0:16:BF:DC:AE)	-0.212	0.949	0.150	1.404	4.822	7.324	81.07	13.51	-2.16	-7.507	40.387	-46.167	-0.76224	-0.63721	-0.08029	0.07996	26.1	null	null	13113	75
2026-05-27T16:49:48.252	WT901BLE68(F3:F0:16:BF:DC:AE)	-0.227	0.956	0.150	4.944	-14.587	12.634	81.32	12.26	-2.60	-7.507	40.387	-46.167	-0.76224	-0.63721	-0.08029	0.07996	26.1	null	null	13113	75
2026-05-27T16:49:48.373	WT901BLE68(F3:F0:16:BF:DC:AE)	-0.209	0.984	0.161	-1.343	-15.686	6.775	81.15	11.01	-4.21	-7.507	40.387	-46.167	-0.76224	-0.63721	-0.08029	0.07996	26.1	null	null	13113	75
2026-05-27T16:49:48.462	WT901BLE68(F3:F0:16:BF:DC:AE)	-0.192	1.021	0.138	-10.498	15.259	-5.981	80.45	11.22	-3.93	-8.587	41.213	-45.487	-0.76224	-0.63721	-0.08029	0.07996	26.1	null	null	13113	75
2026-05-27T16:49:48.615	WT901BLE68(F3:F0:16:BF:DC:AE)	-0.227	0.959	0.136	-3.845	0.732	-10.498	80.13	12.45	-2.57	-8.587	41.213	-45.487	-0.76224	-0.63721	-0.08029	0.07996	26.1	null	null	13113	75
2026-05-27T16:49:48.640	WT901BLE68(F3:F0:16:BF:DC:AE)	-0.162	0.960	0.150	-6.958	17.761	-2.075	79.72	12.96	-2.43	-8.587	41.213	-45.487	-0.76050	-0.63904	-0.07056	0.09042	26.1	null	null	13113	75
2026-05-27T16:49:48.763	WT901BLE68(F3:F0:16:BF:DC:AE)	-0.205	0.956	0.149	-6.042	20.020	4.700	79.69	13.04	-0.05	-8.587	41.213	-45.487	-0.76050	-0.63904	-0.07056	0.09042	26.1	null	null	13113	75
2026-05-27T16:49:48.853	WT901BLE68(F3:F0:16:BF:DC:AE)	-0.205	0.978	0.151	-4.639	28.198	9.216	79.83	12.65	2.40	-8.587	41.213	-45.487	-0.76050	-0.63904	-0.07056	0.09042	26.1	null	null	13113	75
2026-05-27T16:49:48.973	WT901BLE68(F3:F0:16:BF:DC:AE)	-0.227	0.957	0.154	-1.343	26.184	11.658	80.30	12.10	5.44	-8.587	41.213	-45.487	-0.76050	-0.63904	-0.07056	0.09042	26.1	null	null	13113	75
2026-05-27T16:49:49.093	WT901BLE68(F3:F0:16:BF:DC:AE)	-0.211	0.986	0.170	-4.639	23.438	17.456	80.54	10.93	7.56	-8.587	41.213	-45.487	-0.76050	-0.63904	-0.07056	0.09042	26.1	null	null	13113	75
2026-05-27T16:49:49.184	WT901BLE68(F3:F0:16:BF:DC:AE)	-0.226	0.959	0.155	-8.911	34.973	8.362	80.36	10.21	10.83	-8.587	41.213	-45.487	-0.76050	-0.63904	-0.07056	0.09042	26.1	null	null	13113	75
2026-05-27T16:49:49.273	WT901BLE68(F3:F0:16:BF:DC:AE)	-0.223	0.947	0.145	-4.211	30.396	7.935	80.29	10.21	14.06	-8.587	41.213	-45.487	-0.76050	-0.63904	-0.07056	0.09042	26.1	null	null	13113	75
2026-05-27T16:49:49.394	WT901BLE68(F3:F0:16:BF:DC:AE)	-0.249	0.944	0.139	6.287	10.010	11.902	80.77	9.81	16.31	-0.047	39.687	-32.507	-0.76050	-0.63904	-0.07056	0.09042	26.1	null	null	13113	75
2026-05-27T16:49:49.449	WT901BLE68(F3:F0:16:BF:DC:AE)	-0.257	0.984	0.173	15.503	-32.837	9.644	81.83	8.77	15.36	-0.047	39.687	-32.507	-0.76050	-0.63904	-0.07056	0.09042	26.1	null	null	13113	75
2026-05-27T16:49:49.571	WT901BLE68(F3:F0:16:BF:DC:AE)	-0.242	0.983	0.197	11.780	-36.255	-10.681	82.65	8.55	11.94	-0.047	39.687	-32.507	-0.75150	-0.64450	-0.13397	-0.04269	26.1	null	null	13113	75
2026-05-27T16:49:49.664	WT901BLE68(F3:F0:16:BF:DC:AE)	-0.212	0.975	0.201	0.244	-41.626	-19.653	82.45	9.88	7.67	-0.047	39.687	-32.507	-0.75150	-0.64450	-0.13397	-0.04269	26.1	null	null	13113	75
2026-05-27T16:49:49.783	WT901BLE68(F3:F0:16:BF:DC:AE)	-0.205	1.009	0.183	-11.658	-38.818	-19.653	80.93	11.43	3.44	-0.047	39.687	-32.507	-0.75150	-0.64450	-0.13397	-0.04269	26.1	null	null	13113	75
2026-05-27T16:49:49.871	WT901BLE68(F3:F0:16:BF:DC:AE)	-0.197	1.033	0.161	-17.639	-19.409	-21.118	78.66	12.73	0.06	-0.047	39.687	-32.507	-0.75150	-0.64450	-0.13397	-0.04269	26.1	null	null	13113	75
2026-05-27T16:49:49.995	WT901BLE68(F3:F0:16:BF:DC:AE)	-0.172	0.942	0.151	-17.212	-15.991	-29.846	76.55	14.73	-2.21	-0.047	39.687	-32.507	-0.75150	-0.64450	-0.13397	-0.04269	26.1	null	null	13113	75
2026-05-27T16:49:50.050	WT901BLE68(F3:F0:16:BF:DC:AE)	-0.162	0.897	0.134	-14.587	6.836	-8.423	74.89	16.53	-3.42	-0.047	39.687	-32.507	-0.75150	-0.64450	-0.13397	-0.04269	26.1	null	null	13113	75
2026-05-27T16:49:50.171	WT901BLE68(F3:F0:16:BF:DC:AE)	-0.223	0.929	0.109	0.916	9.766	27.466	74.79	15.72	-2.07	-0.047	39.687	-32.507	-0.75150	-0.64450	-0.13397	-0.04269	26.1	null	null	13113	75
2026-05-27T16:49:50.261	WT901BLE68(F3:F0:16:BF:DC:AE)	-0.273	0.988	0.136	27.527	-32.532	48.340	76.67	11.32	-1.86	-9.927	44.613	-36.927	-0.75150	-0.64450	-0.13397	-0.04269	26.1	null	null	13113	75
2026-05-27T16:49:50.386	WT901BLE68(F3:F0:16:BF:DC:AE)	-0.335	0.949	0.218	46.204	-104.248	-5.310	80.13	8.32	-6.15	-9.927	44.613	-36.927	-0.75150	-0.64450	-0.13397	-0.04269	26.1	null	null	13113	75
2026-05-27T16:49:50.470	WT901BLE68(F3:F0:16:BF:DC:AE)	-0.043	1.075	0.287	3.784	-81.848	-15.564	81.09	7.87	-18.57	-9.927	44.613	-36.927	-0.75034	-0.65045	0.00803	0.11725	26.1	null	null	13113	75
2026-05-27T16:49:50.595	WT901BLE68(F3:F0:16:BF:DC:AE)	-0.210	0.924	0.210	-17.700	42.358	-23.438	79.94	9.95	-17.59	-9.927	44.613	-36.927	-0.75034	-0.65045	0.00803	0.11725	26.1	null	null	13113	75
2026-05-27T16:49:50.686	WT901BLE68(F3:F0:16:BF:DC:AE)	-0.189	0.976	0.175	-17.578	-18.860	-23.315	78.08	12.42	-16.79	-9.927	44.613	-36.927	-0.75034	-0.65045	0.00803	0.11725	26.1	null	null	13113	75
2026-05-27T16:49:50.808	WT901BLE68(F3:F0:16:BF:DC:AE)	-0.186	0.920	0.136	-13.123	7.690	-20.264	76.34	14.26	-17.31	-9.927	44.613	-36.927	-0.75034	-0.65045	0.00803	0.11725	26.1	null	null	13113	75
2026-05-27T16:49:50.861	WT901BLE68(F3:F0:16:BF:DC:AE)	-0.193	0.938	0.127	3.052	-10.254	-12.207	76.01	15.68	-17.39	-9.927	44.613	-36.927	-0.75034	-0.65045	0.00803	0.11725	26.1	null	null	13113	75
2026-05-27T16:49:50.985	WT901BLE68(F3:F0:16:BF:DC:AE)	-0.173	0.937	0.145	16.907	10.132	-10.376	77.18	16.38	-17.56	-9.927	44.613	-36.927	-0.75034	-0.65045	0.00803	0.11725	26.1	null	null	13113	75
2026-05-27T16:49:51.073	WT901BLE68(F3:F0:16:BF:DC:AE)	-0.079	1.042	0.308	30.273	21.790	1.953	80.35	16.87	-15.84	-9.927	44.613	-36.927	-0.75034	-0.65045	0.00803	0.11725	26.1	null	null	13113	75
2026-05-27T16:49:51.194	WT901BLE68(F3:F0:16:BF:DC:AE)	-0.580	0.887	0.183	-12.268	26.917	18.311	84.81	18.14	-0.26	-19.040	40.927	-46.427	-0.75034	-0.65045	0.00803	0.11725	26.1	null	null	13113	75
2026-05-27T16:49:51.282	WT901BLE68(F3:F0:16:BF:DC:AE)	-0.154	0.905	0.180	7.141	-180.420	55.237	80.64	12.86	-13.08	-19.040	40.927	-46.427	-0.75034	-0.65045	0.00803	0.11725	26.1	null	null	13113	75
2026-05-27T16:49:51.404	WT901BLE68(F3:F0:16:BF:DC:AE)	-0.113	1.026	0.225	-0.305	-20.691	34.180	79.48	6.44	-22.31	-19.040	40.927	-46.427	-0.74542	-0.64203	0.03354	0.17575	26.1	null	null	13113	75
2026-05-27T16:49:51.464	WT901BLE68(F3:F0:16:BF:DC:AE)	-0.265	0.994	0.182	-8.667	56.824	-5.249	79.11	6.14	-17.59	-19.040	40.927	-46.427	-0.74542	-0.64203	0.03354	0.17575	26.1	null	null	13113	75
2026-05-27T16:49:51.585	WT901BLE68(F3:F0:16:BF:DC:AE)	-0.227	0.952	0.171	-7.324	-2.625	-17.761	78.54	8.11	-15.30	-19.040	40.927	-46.427	-0.74542	-0.64203	0.03354	0.17575	26.1	null	null	13113	75
2026-05-27T16:49:51.672	WT901BLE68(F3:F0:16:BF:DC:AE)	-0.223	0.958	0.178	0.671	12.207	-21.973	78.27	10.46	-14.25	-19.040	40.927	-46.427	-0.74542	-0.64203	0.03354	0.17575	26.1	null	null	13113	75
2026-05-27T16:49:51.794	WT901BLE68(F3:F0:16:BF:DC:AE)	-0.188	0.990	0.197	6.104	-9.949	-23.987	78.52	12.73	-14.61	-19.040	40.927	-46.427	-0.74542	-0.64203	0.03354	0.17575	26.1	null	null	13113	75
2026-05-27T16:49:51.883	WT901BLE68(F3:F0:16:BF:DC:AE)	-0.017	0.959	0.298	-11.108	-18.555	3.540	77.76	13.24	-17.12	-19.040	40.927	-46.427	-0.74542	-0.64203	0.03354	0.17575	26.1	null	null	13113	75
2026-05-27T16:49:52.007	WT901BLE68(F3:F0:16:BF:DC:AE)	-0.221	0.960	0.173	-11.780	30.823	12.756	77.27	12.33	-14.30	-19.040	40.927	-46.427	-0.74542	-0.64203	0.03354	0.17575	26.1	null	null	13113	75
2026-05-27T16:49:52.059	WT901BLE68(F3:F0:16:BF:DC:AE)	-0.183	0.891	0.160	-3.662	42.236	21.057	77.02	11.17	-10.92	-15.707	40.053	-44.900	-0.74542	-0.64203	0.03354	0.17575	26.1	null	null	13113	75
2026-05-27T16:49:52.217	WT901BLE68(F3:F0:16:BF:DC:AE)	-0.233	0.996	0.183	11.292	9.399	36.377	78.24	8.84	-7.54	-15.707	40.053	-44.900	-0.74542	-0.64203	0.03354	0.17575	26.1	null	null	13113	75
2026-05-27T16:49:52.269	WT901BLE68(F3:F0:16:BF:DC:AE)	-0.247	0.961	0.239	16.602	-2.380	18.616	79.91	6.26	-6.53	-15.707	40.053	-44.900	-0.76541	-0.63766	-0.01035	0.08542	26.1	null	null	13113	75
2026-05-27T16:49:52.392	WT901BLE68(F3:F0:16:BF:DC:AE)	-0.031	1.042	0.407	-5.859	17.090	16.052	80.52	5.78	-5.71	-15.707	40.053	-44.900	-0.76541	-0.63766	-0.01035	0.08542	26.1	null	null	13113	75
2026-05-27T16:49:52.485	WT901BLE68(F3:F0:16:BF:DC:AE)	-0.182	1.013	0.284	-23.865	-4.150	-4.333	78.41	4.26	-6.16	-15.707	40.053	-44.900	-0.76541	-0.63766	-0.01035	0.08542	26.1	null	null	13113	75
2026-05-27T16:49:52.607	WT901BLE68(F3:F0:16:BF:DC:AE)	-0.110	0.950	0.218	-35.461	46.631	-53.528	75.09	8.18	-5.76	-15.707	40.053	-44.900	-0.76541	-0.63766	-0.01035	0.08542	26.1	null	null	13113	75
2026-05-27T16:49:52.694	WT901BLE68(F3:F0:16:BF:DC:AE)	-0.102	0.862	0.207	-31.189	38.086	-57.861	72.65	14.75	-2.93	-15.707	40.053	-44.900	-0.76541	-0.63766	-0.01035	0.08542	26.1	null	null	13113	75
2026-05-27T16:49:52.813	WT901BLE68(F3:F0:16:BF:DC:AE)	-0.237	0.854	0.337	-0.793	-22.522	9.644	72.79	17.76	-0.36	-15.707	40.053	-44.900	-0.76541	-0.63766	-0.01035	0.08542	26.1	null	null	13113	75
2026-05-27T16:49:52.876	WT901BLE68(F3:F0:16:BF:DC:AE)	-0.030	0.916	0.371	-2.502	-46.448	48.828	71.09	12.10	-6.98	-15.707	40.053	-44.900	-0.76541	-0.63766	-0.01035	0.08542	26.1	null	null	13113	75
2026-05-27T16:49:52.990	WT901BLE68(F3:F0:16:BF:DC:AE)	-0.221	0.976	0.227	-9.216	86.670	29.602	71.41	9.24	-1.36	-11.707	43.553	-38.007	-0.76541	-0.63766	-0.01035	0.08542	26.1	null	null	13113	75
2026-05-27T16:49:53.083	WT901BLE68(F3:F0:16:BF:DC:AE)	-0.264	0.918	0.130	10.498	18.066	4.944	72.43	9.68	3.94	-11.707	43.553	-38.007	-0.76541	-0.63766	-0.01035	0.08542	26.1	null	null	13113	75
2026-05-27T16:49:53.205	WT901BLE68(F3:F0:16:BF:DC:AE)	-0.245	0.947	0.182	32.043	-37.170	13.977	74.88	8.64	2.47	-11.707	43.553	-38.007	-0.80319	-0.58859	-0.08862	0.02170	26.1	null	null	13113	75
2026-05-27T16:49:53.293	WT901BLE68(F3:F0:16:BF:DC:AE)	-0.196	0.996	0.276	20.813	-67.322	-2.502	77.21	6.93	-2.60	-11.707	43.553	-38.007	-0.80319	-0.58859	-0.08862	0.02170	26.1	null	null	13113	75
2026-05-27T16:49:53.413	WT901BLE68(F3:F0:16:BF:DC:AE)	-0.059	1.017	0.332	-1.892	-39.124	-30.151	77.33	8.31	-7.44	-11.707	43.553	-38.007	-0.80319	-0.58859	-0.08862	0.02170	26.1	null	null	13113	75
2026-05-27T16:49:53.503	WT901BLE68(F3:F0:16:BF:DC:AE)	-0.087	0.924	0.252	-18.860	46.753	-2.014	75.78	9.96	-6.89	-11.707	43.553	-38.007	-0.80319	-0.58859	-0.08862	0.02170	26.1	null	null	13113	75
2026-05-27T16:49:53.627	WT901BLE68(F3:F0:16:BF:DC:AE)	-0.196	0.936	0.183	-11.475	49.927	24.353	75.20	9.54	-1.22	-11.707	43.553	-38.007	-0.80319	-0.58859	-0.08862	0.02170	26.1	null	null	13113	75
2026-05-27T16:49:53.682	WT901BLE68(F3:F0:16:BF:DC:AE)	-0.227	0.975	0.192	0.854	-5.127	15.564	75.35	8.01	1.00	-11.707	43.553	-38.007	-0.80319	-0.58859	-0.08862	0.02170	26.1	null	null	13113	75
2026-05-27T16:49:53.807	WT901BLE68(F3:F0:16:BF:DC:AE)	-0.198	0.972	0.235	4.456	0.854	-6.042	75.83	7.99	0.71	-11.707	43.553	-38.007	-0.80319	-0.58859	-0.08862	0.02170	26.1	null	null	13113	75
2026-05-27T16:49:53.889	WT901BLE68(F3:F0:16:BF:DC:AE)	-0.180	0.961	0.274	0.732	-16.785	-10.498	75.92	8.84	-0.56	-5.427	41.360	-39.740	-0.80319	-0.58859	-0.08862	0.02170	26.1	null	null	13113	75
2026-05-27T16:49:54.011	WT901BLE68(F3:F0:16:BF:DC:AE)	-0.154	0.969	0.255	-2.869	-0.854	-9.583	75.49	9.61	-1.75	-5.427	41.360	-39.740	-0.80319	-0.58859	-0.08862	0.02170	26.1	null	null	13113	75
2026-05-27T16:49:54.106	WT901BLE68(F3:F0:16:BF:DC:AE)	-0.172	0.939	0.213	-1.282	4.517	-9.827	75.28	10.67	-1.63	-5.427	41.360	-39.740	-0.78738	-0.60986	-0.06055	0.06546	26.1	null	null	13113	75
2026-05-27T16:49:54.225	WT901BLE68(F3:F0:16:BF:DC:AE)	-0.181	0.953	0.203	3.601	-4.761	-3.357	75.53	11.24	-1.77	-5.427	41.360	-39.740	-0.78738	-0.60986	-0.06055	0.06546	26.1	null	null	13113	75
2026-05-27T16:49:54.280	WT901BLE68(F3:F0:16:BF:DC:AE)	-0.182	1.000	0.229	5.066	-15.930	-0.244	75.94	10.98	-2.82	-5.427	41.360	-39.740	-0.78738	-0.60986	-0.06055	0.06546	26.1	null	null	13113	75
2026-05-27T16:49:54.409	WT901BLE68(F3:F0:16:BF:DC:AE)	-0.164	0.960	0.228	2.136	12.939	-6.653	76.29	11.36	-2.80	-5.427	41.360	-39.740	-0.78738	-0.60986	-0.06055	0.06546	26.1	null	null	13113	75
2026-05-27T16:49:54.491	WT901BLE68(F3:F0:16:BF:DC:AE)	-0.167	0.928	0.208	5.005	6.409	4.944	76.84	11.61	-1.95	-5.427	41.360	-39.740	-0.78738	-0.60986	-0.06055	0.06546	26.1	null	null	13113	75
2026-05-27T16:49:54.613	WT901BLE68(F3:F0:16:BF:DC:AE)	-0.197	0.972	0.206	7.324	2.441	17.334	77.71	10.34	-1.16	-5.427	41.360	-39.740	-0.78738	-0.60986	-0.06055	0.06546	26.1	null	null	13113	75
2026-05-27T16:49:54.705	WT901BLE68(F3:F0:16:BF:DC:AE)	-0.199	1.061	0.196	5.249	5.493	12.268	78.41	9.12	-0.49	-5.427	41.360	-39.740	-0.78738	-0.60986	-0.06055	0.06546	26.1	null	null	13113	75
2026-05-27T16:49:54.854	WT901BLE68(F3:F0:16:BF:DC:AE)	-0.237	0.962	0.214	9.521	-11.658	9.521	79.24	8.25	0.26	-6.433	40.967	-42.693	-0.78738	-0.60986	-0.06055	0.06546	26.1	null	null	13113	75
2026-05-27T16:49:54.880	WT901BLE68(F3:F0:16:BF:DC:AE)	-0.155	1.000	0.249	1.099	-5.615	-7.385	79.56	7.83	-1.36	-6.433	40.967	-42.693	-0.78738	-0.60986	-0.06055	0.06546	26.1	null	null	13113	75
2026-05-27T16:49:55.031	WT901BLE68(F3:F0:16:BF:DC:AE)	-0.192	0.941	0.213	-3.906	7.690	-20.020	79.25	9.61	-0.63	-6.433	40.967	-42.693	-0.76633	-0.63815	-0.04855	0.05508	26.1	null	null	13113	75
2026-05-27T16:49:55.090	WT901BLE68(F3:F0:16:BF:DC:AE)	-0.167	0.955	0.196	-2.380	-5.798	-8.484	78.70	11.03	-1.22	-6.433	40.967	-42.693	-0.76633	-0.63815	-0.04855	0.05508	26.1	null	null	13113	75
2026-05-27T16:49:55.216	WT901BLE68(F3:F0:16:BF:DC:AE)	-0.179	0.972	0.184	-1.953	-2.808	-8.362	78.33	11.59	-1.83	-6.433	40.967	-42.693	-0.76633	-0.63815	-0.04855	0.05508	26.1	null	null	13113	75
2026-05-27T16:49:55.305	WT901BLE68(F3:F0:16:BF:DC:AE)	-0.176	0.968	0.170	-0.549	5.615	-9.460	78.18	12.46	-2.07	-6.433	40.967	-42.693	-0.76633	-0.63815	-0.04855	0.05508	26.1	null	null	13113	75
2026-05-27T16:49:55.423	WT901BLE68(F3:F0:16:BF:DC:AE)	-0.210	0.980	0.168	7.690	-1.282	0.549	78.61	12.93	-1.71	-6.433	40.967	-42.693	-0.76633	-0.63815	-0.04855	0.05508	26.1	null	null	13113	75
