time	DeviceName	AccX(g)	AccY(g)	AccZ(g)	AsX(°/s)	AsY(°/s)	AsZ(°/s)	AngleX(°)	AngleY(°)	AngleZ(°)	HX(uT)	HY(uT)	HZ(uT)	Q0()	Q1()	Q2()	Q3()	Temperature(°C)	Height(m)	Pressure(kPa)	Version()	Battery level(%)
2026-05-27T16:55:45.145	WT901BLE68(F3:F0:16:BF:DC:AE)	0.202	0.955	0.273	-2.563	11.047	1.587	74.15	-12.89	-49.37	-48.367	39.680	-30.400	0.73535	0.49625	-0.34857	-0.30228	25.9	null	null	13113	60
2026-05-27T16:55:45.249	WT901BLE68(F3:F0:16:BF:DC:AE)	0.204	0.965	0.214	-1.953	6.042	-0.061	73.77	-12.16	-47.80	-49.020	38.500	-35.053	0.73535	0.49625	-0.34857	-0.30228	25.9	null	null	13113	60
2026-05-27T16:55:45.341	WT901BLE68(F3:F0:16:BF:DC:AE)	0.228	0.942	0.204	-2.441	-14.282	8.911	73.63	-12.67	-48.40	-49.020	38.500	-35.053	0.73535	0.49625	-0.34857	-0.30228	25.9	null	null	13113	60
2026-05-27T16:55:45.461	WT901BLE68(F3:F0:16:BF:DC:AE)	0.274	0.920	0.227	9.949	18.799	8.789	74.21	-13.68	-48.32	-49.020	38.500	-35.053	0.75153	0.50504	-0.33221	-0.26398	25.9	null	null	13113	60
2026-05-27T16:55:45.550	WT901BLE68(F3:F0:16:BF:DC:AE)	0.254	0.977	0.205	4.272	36.804	6.531	74.22	-13.50	-44.78	-49.020	38.500	-35.053	0.75153	0.50504	-0.33221	-0.26398	25.9	null	null	13113	60
2026-05-27T16:55:45.673	WT901BLE68(F3:F0:16:BF:DC:AE)	0.276	0.978	0.200	0.732	0.427	14.893	74.19	-14.11	-43.86	-49.020	38.500	-35.053	0.75153	0.50504	-0.33221	-0.26398	25.9	null	null	13113	60
2026-05-27T16:55:45.729	WT901BLE68(F3:F0:16:BF:DC:AE)	0.259	0.946	0.188	-8.850	-2.441	5.493	74.04	-15.23	-43.85	-49.020	38.500	-35.053	0.75153	0.50504	-0.33221	-0.26398	25.9	null	null	13113	60
2026-05-27T16:55:45.850	WT901BLE68(F3:F0:16:BF:DC:AE)	0.310	0.958	0.220	2.075	-7.263	1.526	74.02	-15.77	-44.55	-49.020	38.500	-35.053	0.75153	0.50504	-0.33221	-0.26398	25.9	null	null	13113	60
2026-05-27T16:55:45.940	WT901BLE68(F3:F0:16:BF:DC:AE)	0.236	0.935	0.264	-15.381	-10.010	-8.301	73.36	-15.19	-44.80	-49.020	38.500	-35.053	0.75153	0.50504	-0.33221	-0.26398	25.9	null	null	13113	60
2026-05-27T16:55:46.062	WT901BLE68(F3:F0:16:BF:DC:AE)	0.305	0.910	0.256	-1.038	-13.489	-18.250	73.57	-14.36	-47.54	-49.020	38.500	-35.053	0.75153	0.50504	-0.33221	-0.26398	25.9	null	null	13113	60
2026-05-27T16:55:46.151	WT901BLE68(F3:F0:16:BF:DC:AE)	0.134	0.932	0.306	4.883	40.222	-32.166	73.87	-11.45	-46.93	-45.827	40.433	-33.480	0.75153	0.50504	-0.33221	-0.26398	25.9	null	null	13113	60
2026-05-27T16:55:46.271	WT901BLE68(F3:F0:16:BF:DC:AE)	0.189	0.940	0.303	3.052	-26.917	-3.296	74.84	-10.46	-48.73	-45.827	40.433	-33.480	0.75153	0.50504	-0.33221	-0.26398	25.9	null	null	13113	60
2026-05-27T16:55:46.327	WT901BLE68(F3:F0:16:BF:DC:AE)	0.281	0.974	0.310	15.503	-29.785	26.428	75.71	-12.37	-49.52	-45.827	40.433	-33.480	0.74356	0.52148	-0.31808	-0.27179	25.9	null	null	13113	60
2026-05-27T16:55:46.452	WT901BLE68(F3:F0:16:BF:DC:AE)	0.222	0.912	0.222	0.000	25.940	10.315	75.98	-13.91	-48.00	-45.827	40.433	-33.480	0.74356	0.52148	-0.31808	-0.27179	25.9	null	null	13113	60
2026-05-27T16:55:46.540	WT901BLE68(F3:F0:16:BF:DC:AE)	0.191	0.975	0.252	5.676	10.376	12.085	75.82	-14.29	-45.75	-45.827	40.433	-33.480	0.74356	0.52148	-0.31808	-0.27179	25.9	null	null	13113	60
2026-05-27T16:55:46.663	WT901BLE68(F3:F0:16:BF:DC:AE)	0.199	0.962	0.251	8.362	12.939	10.071	76.20	-15.13	-44.44	-45.827	40.433	-33.480	0.74356	0.52148	-0.31808	-0.27179	25.9	null	null	13113	60
2026-05-27T16:55:46.751	WT901BLE68(F3:F0:16:BF:DC:AE)	0.228	0.932	0.207	4.822	-1.892	-5.005	76.71	-14.88	-44.18	-45.827	40.433	-33.480	0.74356	0.52148	-0.31808	-0.27179	25.9	null	null	13113	60
2026-05-27T16:55:46.875	WT901BLE68(F3:F0:16:BF:DC:AE)	0.250	0.952	0.249	0.427	0.610	-6.042	76.88	-13.94	-44.12	-45.827	40.433	-33.480	0.74356	0.52148	-0.31808	-0.27179	25.9	null	null	13113	60
2026-05-27T16:55:46.963	WT901BLE68(F3:F0:16:BF:DC:AE)	0.266	0.947	0.251	-4.883	-3.723	-0.305	76.82	-13.69	-44.59	-45.827	40.433	-33.480	0.74356	0.52148	-0.31808	-0.27179	25.9	null	null	13113	60
2026-05-27T16:55:47.081	WT901BLE68(F3:F0:16:BF:DC:AE)	0.244	0.983	0.391	-23.071	-29.602	6.592	75.90	-14.17	-46.30	-44.787	40.587	-38.467	0.74356	0.52148	-0.31808	-0.27179	25.9	null	null	13113	60
2026-05-27T16:55:47.142	WT901BLE68(F3:F0:16:BF:DC:AE)	0.089	0.958	0.438	-47.424	23.010	-11.230	72.33	-14.29	-45.14	-44.787	40.587	-38.467	0.74356	0.52148	-0.31808	-0.27179	25.9	null	null	13113	60
2026-05-27T16:55:47.261	WT901BLE68(F3:F0:16:BF:DC:AE)	0.227	0.989	0.325	-54.016	-33.569	-31.921	67.36	-12.15	-47.26	-44.787	40.587	-38.467	0.77707	0.48895	-0.30637	-0.25122	25.9	null	null	13113	60
2026-05-27T16:55:47.352	WT901BLE68(F3:F0:16:BF:DC:AE)	0.310	0.841	0.074	-41.992	-62.012	2.625	63.20	-12.24	-51.58	-44.787	40.587	-38.467	0.77707	0.48895	-0.30637	-0.25122	25.9	null	null	13113	60
2026-05-27T16:55:47.477	WT901BLE68(F3:F0:16:BF:DC:AE)	0.314	0.806	0.119	24.658	-54.993	-3.784	64.08	-14.77	-56.22	-44.787	40.587	-38.467	0.77707	0.48895	-0.30637	-0.25122	25.9	null	null	13113	60
2026-05-27T16:55:47.560	WT901BLE68(F3:F0:16:BF:DC:AE)	0.345	0.962	0.169	51.575	-46.265	-17.456	70.13	-15.39	-60.53	-44.787	40.587	-38.467	0.77707	0.48895	-0.30637	-0.25122	25.9	null	null	13113	60
2026-05-27T16:55:47.685	WT901BLE68(F3:F0:16:BF:DC:AE)	0.404	0.912	0.417	71.106	-167.542	9.827	77.39	-17.36	-71.06	-44.787	40.587	-38.467	0.77707	0.48895	-0.30637	-0.25122	25.9	null	null	13113	60
2026-05-27T16:55:47.744	WT901BLE68(F3:F0:16:BF:DC:AE)	0.620	1.009	0.671	-33.813	-43.518	7.568	87.40	-20.43	-82.96	-44.787	40.587	-38.467	0.77707	0.48895	-0.30637	-0.25122	25.9	null	null	13113	60
2026-05-27T16:55:47.859	WT901BLE68(F3:F0:16:BF:DC:AE)	0.477	0.824	-0.006	-9.705	108.643	-8.118	82.79	-20.30	-80.00	-44.787	40.587	-38.467	0.77707	0.48895	-0.30637	-0.25122	25.9	null	null	13113	60
2026-05-27T16:55:47.948	WT901BLE68(F3:F0:16:BF:DC:AE)	0.445	0.965	0.122	-14.954	68.054	-4.578	78.60	-18.30	-70.37	-50.180	40.313	-23.360	0.77707	0.48895	-0.30637	-0.25122	25.9	null	null	13113	60
2026-05-27T16:55:48.073	WT901BLE68(F3:F0:16:BF:DC:AE)	0.258	0.923	0.180	5.249	111.084	20.752	75.01	-16.69	-59.89	-50.180	40.313	-23.360	0.77707	0.48895	-0.30637	-0.25122	25.9	null	null	13113	60
2026-05-27T16:55:48.160	WT901BLE68(F3:F0:16:BF:DC:AE)	0.212	0.943	0.232	13.367	61.707	26.245	73.53	-16.83	-50.95	-50.180	40.313	-23.360	0.73846	0.47379	-0.38065	-0.29184	25.9	null	null	13113	60
2026-05-27T16:55:48.281	WT901BLE68(F3:F0:16:BF:DC:AE)	0.144	0.959	0.281	25.452	49.927	19.470	73.61	-17.46	-44.51	-50.180	40.313	-23.360	0.73846	0.47379	-0.38065	-0.29184	25.9	null	null	13113	60
2026-05-27T16:55:48.369	WT901BLE68(F3:F0:16:BF:DC:AE)	0.176	0.960	0.226	2.869	-27.405	-9.949	75.12	-17.37	-43.64	-50.180	40.313	-23.360	0.73846	0.47379	-0.38065	-0.29184	25.9	null	null	13113	60
2026-05-27T16:55:48.493	WT901BLE68(F3:F0:16:BF:DC:AE)	0.158	0.900	0.291	-27.832	-22.644	-29.968	73.81	-15.43	-46.65	-50.180	40.313	-23.360	0.73846	0.47379	-0.38065	-0.29184	25.9	null	null	13113	60
2026-05-27T16:55:48.550	WT901BLE68(F3:F0:16:BF:DC:AE)	0.328	0.939	0.236	3.906	-19.104	-24.048	74.06	-14.02	-50.94	-50.180	40.313	-23.360	0.73846	0.47379	-0.38065	-0.29184	25.9	null	null	13113	60
2026-05-27T16:55:48.673	WT901BLE68(F3:F0:16:BF:DC:AE)	0.277	0.944	0.263	14.709	-8.972	-2.808	75.23	-12.79	-52.03	-50.180	40.313	-23.360	0.73846	0.47379	-0.38065	-0.29184	25.9	null	null	13113	60
2026-05-27T16:55:48.761	WT901BLE68(F3:F0:16:BF:DC:AE)	0.265	0.940	0.232	11.475	15.137	12.085	76.65	-13.67	-51.83	-50.180	40.313	-23.360	0.73846	0.47379	-0.38065	-0.29184	25.9	null	null	13113	60
2026-05-27T16:55:48.885	WT901BLE68(F3:F0:16:BF:DC:AE)	0.204	0.941	0.270	-9.460	-13.123	6.165	76.16	-14.53	-51.58	-48.247	39.900	-33.393	0.73846	0.47379	-0.38065	-0.29184	25.9	null	null	13113	60
2026-05-27T16:55:48.973	WT901BLE68(F3:F0:16:BF:DC:AE)	0.247	0.948	0.211	0.549	2.136	0.854	75.84	-14.88	-52.04	-48.247	39.900	-33.393	0.73846	0.47379	-0.38065	-0.29184	25.9	null	null	13113	60
2026-05-27T16:55:49.093	WT901BLE68(F3:F0:16:BF:DC:AE)	0.221	0.947	0.264	5.188	-7.324	1.709	76.16	-15.00	-52.22	-48.247	39.900	-33.393	0.73734	0.50336	-0.35968	-0.27109	25.9	null	null	13113	60
2026-05-27T16:55:49.150	WT901BLE68(F3:F0:16:BF:DC:AE)	0.278	0.972	0.274	1.038	-7.568	-2.075	76.73	-15.14	-53.15	-48.247	39.900	-33.393	0.73734	0.50336	-0.35968	-0.27109	25.9	null	null	13113	60
2026-05-27T16:55:49.273	WT901BLE68(F3:F0:16:BF:DC:AE)	0.267	0.917	0.223	-2.625	-3.967	2.014	76.46	-14.97	-53.18	-48.247	39.900	-33.393	0.73734	0.50336	-0.35968	-0.27109	25.9	null	null	13113	60
2026-05-27T16:55:49.361	WT901BLE68(F3:F0:16:BF:DC:AE)	0.255	0.987	0.258	6.592	13.367	3.296	76.48	-15.21	-52.51	-48.247	39.900	-33.393	0.73734	0.50336	-0.35968	-0.27109	25.9	null	null	13113	60
2026-05-27T16:55:49.481	WT901BLE68(F3:F0:16:BF:DC:AE)	0.245	0.931	0.243	-0.427	14.893	1.831	76.41	-15.17	-50.80	-48.247	39.900	-33.393	0.73734	0.50336	-0.35968	-0.27109	25.9	null	null	13113	60
2026-05-27T16:55:49.573	WT901BLE68(F3:F0:16:BF:DC:AE)	0.278	0.863	0.194	-6.348	5.554	-4.761	75.68	-14.77	-50.08	-48.247	39.900	-33.393	0.73734	0.50336	-0.35968	-0.27109	25.9	null	null	13113	60
2026-05-27T16:55:49.693	WT901BLE68(F3:F0:16:BF:DC:AE)	0.292	0.905	0.167	0.610	12.695	-5.188	75.25	-14.21	-49.09	-48.247	39.900	-33.393	0.73734	0.50336	-0.35968	-0.27109	25.9	null	null	13113	60
2026-05-27T16:55:49.747	WT901BLE68(F3:F0:16:BF:DC:AE)	0.324	0.995	0.183	9.583	-4.761	-7.324	75.86	-13.62	-49.08	-45.220	39.700	-35.207	0.73734	0.50336	-0.35968	-0.27109	25.9	null	null	13113	60
2026-05-27T16:55:49.903	WT901BLE68(F3:F0:16:BF:DC:AE)	0.329	1.001	0.202	19.897	45.471	4.211	77.23	-13.31	-47.48	-45.220	39.700	-35.207	0.73734	0.50336	-0.35968	-0.27109	25.9	null	null	13113	60
2026-05-27T16:55:49.957	WT901BLE68(F3:F0:16:BF:DC:AE)	0.231	0.953	0.214	1.770	6.226	25.879	77.67	-14.39	-44.04	-45.220	39.700	-35.207	0.74365	0.54025	-0.32220	-0.22617	25.9	null	null	13113	60
2026-05-27T16:55:50.082	WT901BLE68(F3:F0:16:BF:DC:AE)	0.213	0.937	0.210	-11.658	-7.446	22.217	76.81	-17.09	-43.90	-45.220	39.700	-35.207	0.74365	0.54025	-0.32220	-0.22617	25.9	null	null	13113	60
2026-05-27T16:55:50.175	WT901BLE68(F3:F0:16:BF:DC:AE)	0.250	0.935	0.220	-5.310	-6.714	-12.512	76.18	-17.28	-44.54	-45.220	39.700	-35.207	0.74365	0.54025	-0.32220	-0.22617	25.9	null	null	13113	60
2026-05-27T16:55:50.291	WT901BLE68(F3:F0:16:BF:DC:AE)	0.280	0.952	0.226	3.418	-0.793	-20.264	76.49	-15.45	-45.36	-45.220	39.700	-35.207	0.74365	0.54025	-0.32220	-0.22617	25.9	null	null	13113	60
2026-05-27T16:55:50.381	WT901BLE68(F3:F0:16:BF:DC:AE)	0.271	0.971	0.245	-12.939	-32.959	-4.150	76.55	-14.48	-47.22	-45.220	39.700	-35.207	0.74365	0.54025	-0.32220	-0.22617	25.9	null	null	13113	60
2026-05-27T16:55:50.503	WT901BLE68(F3:F0:16:BF:DC:AE)	0.313	0.893	0.214	-16.785	-39.368	7.935	75.92	-16.13	-51.41	-45.220	39.700	-35.207	0.74365	0.54025	-0.32220	-0.22617	25.9	null	null	13113	60
2026-05-27T16:55:50.558	WT901BLE68(F3:F0:16:BF:DC:AE)	0.313	0.910	0.233	-0.244	-10.193	-4.028	75.82	-16.84	-53.46	-45.220	39.700	-35.207	0.74365	0.54025	-0.32220	-0.22617	25.9	null	null	13113	60
2026-05-27T16:55:50.683	WT901BLE68(F3:F0:16:BF:DC:AE)	0.305	0.938	0.288	0.122	-11.230	-2.747	76.24	-16.64	-54.25	-45.000	39.440	-34.073	0.74365	0.54025	-0.32220	-0.22617	25.9	null	null	13113	60
2026-05-27T16:55:50.771	WT901BLE68(F3:F0:16:BF:DC:AE)	0.160	0.470	0.123	-8.972	1.465	2.014	75.68	-16.90	-54.53	-45.000	39.440	-34.073	0.74365	0.54025	-0.32220	-0.22617	25.9	null	null	13113	60
2026-05-27T16:55:50.894	WT901BLE68(F3:F0:16:BF:DC:AE)	0.293	0.938	0.228	-3.906	-0.122	3.906	74.97	-17.19	-54.12	-45.000	39.440	-34.073	0.73828	0.48367	-0.37967	-0.27698	25.9	null	null	13113	60
2026-05-27T16:55:50.980	WT901BLE68(F3:F0:16:BF:DC:AE)	0.292	0.918	0.239	0.122	-2.319	0.488	74.89	-17.52	-54.20	-45.000	39.440	-34.073	0.73828	0.48367	-0.37967	-0.27698	25.9	null	null	13113	60
2026-05-27T16:55:51.103	WT901BLE68(F3:F0:16:BF:DC:AE)	0.313	0.933	0.225	-1.282	9.460	-8.850	75.02	-16.98	-53.85	-45.000	39.440	-34.073	0.73828	0.48367	-0.37967	-0.27698	25.9	null	null	13113	60
2026-05-27T16:55:51.195	WT901BLE68(F3:F0:16:BF:DC:AE)	0.273	0.927	0.309	-10.193	4.944	-9.705	74.05	-15.79	-53.23	-45.000	39.440	-34.073	0.73828	0.48367	-0.37967	-0.27698	25.9	null	null	13113	60
2026-05-27T16:55:51.312	WT901BLE68(F3:F0:16:BF:DC:AE)	0.279	0.925	0.268	-3.296	-0.427	-7.629	73.44	-14.95	-53.11	-45.000	39.440	-34.073	0.73828	0.48367	-0.37967	-0.27698	25.9	null	null	13113	60
2026-05-27T16:55:51.373	WT901BLE68(F3:F0:16:BF:DC:AE)	0.259	0.934	0.261	0.977	5.676	-5.432	73.24	-14.09	-52.36	-45.000	39.440	-34.073	0.73828	0.48367	-0.37967	-0.27698	25.9	null	null	13113	60
2026-05-27T16:55:51.496	WT901BLE68(F3:F0:16:BF:DC:AE)	0.248	0.933	0.299	7.202	18.433	1.648	73.44	-13.91	-51.64	-45.000	39.440	-34.073	0.73828	0.48367	-0.37967	-0.27698	25.9	null	null	13113	60
2026-05-27T16:55:51.581	WT901BLE68(F3:F0:16:BF:DC:AE)	0.246	0.960	0.287	4.944	26.550	1.282	73.61	-13.49	-49.54	-47.393	39.527	-31.940	0.73828	0.48367	-0.37967	-0.27698	25.9	null	null	13113	60
2026-05-27T16:55:51.704	WT901BLE68(F3:F0:16:BF:DC:AE)	0.228	0.918	0.294	5.676	22.400	8.362	73.26	-13.35	-47.10	-47.393	39.527	-31.940	0.73828	0.48367	-0.37967	-0.27698	25.9	null	null	13113	60
2026-05-27T16:55:51.792	WT901BLE68(F3:F0:16:BF:DC:AE)	0.227	0.935	0.207	12.146	26.001	8.850	73.80	-13.64	-44.32	-47.393	39.527	-31.940	0.76050	0.50946	-0.31873	-0.24573	25.9	null	null	13113	60
2026-05-27T16:55:51.913	WT901BLE68(F3:F0:16:BF:DC:AE)	0.176	0.974	0.284	6.470	12.207	10.559	73.97	-13.86	-42.01	-47.393	39.527	-31.940	0.76050	0.50946	-0.31873	-0.24573	25.9	null	null	13113	60
2026-05-27T16:55:51.972	WT901BLE68(F3:F0:16:BF:DC:AE)	0.178	0.916	0.282	-0.427	-15.686	12.207	74.16	-14.98	-42.36	-47.393	39.527	-31.940	0.76050	0.50946	-0.31873	-0.24573	25.9	null	null	13113	60
2026-05-27T16:55:52.093	WT901BLE68(F3:F0:16:BF:DC:AE)	0.250	0.926	0.231	1.648	-17.883	1.160	74.70	-15.90	-44.34	-47.393	39.527	-31.940	0.76050	0.50946	-0.31873	-0.24573	25.9	null	null	13113	60
2026-05-27T16:55:52.181	WT901BLE68(F3:F0:16:BF:DC:AE)	0.266	0.935	0.242	5.432	-15.564	-4.578	75.49	-15.87	-46.24	-47.393	39.527	-31.940	0.76050	0.50946	-0.31873	-0.24573	25.9	null	null	13113	60
2026-05-27T16:55:52.303	WT901BLE68(F3:F0:16:BF:DC:AE)	0.279	0.933	0.253	4.578	-4.456	-3.052	76.32	-15.68	-47.25	-47.393	39.527	-31.940	0.76050	0.50946	-0.31873	-0.24573	25.9	null	null	13113	60
2026-05-27T16:55:52.392	WT901BLE68(F3:F0:16:BF:DC:AE)	0.289	0.941	0.229	-2.197	-3.845	0.183	76.42	-15.67	-47.79	-47.393	39.527	-31.940	0.76050	0.50946	-0.31873	-0.24573	25.9	null	null	13113	60
2026-05-27T16:55:52.512	WT901BLE68(F3:F0:16:BF:DC:AE)	0.274	0.957	0.227	-3.357	18.982	1.648	75.87	-15.61	-46.74	-43.900	40.187	-36.680	0.76050	0.50946	-0.31873	-0.24573	25.9	null	null	13113	60
2026-05-27T16:55:52.603	WT901BLE68(F3:F0:16:BF:DC:AE)	0.255	0.936	0.242	2.869	17.517	0.610	75.42	-15.40	-45.12	-43.900	40.187	-36.680	0.76050	0.50946	-0.31873	-0.24573	25.9	null	null	13113	60
2026-05-27T16:55:52.726	WT901BLE68(F3:F0:16:BF:DC:AE)	0.221	0.950	0.264	-3.540	7.935	-3.967	75.06	-14.68	-43.67	-43.900	40.187	-36.680	0.75684	0.52115	-0.32587	-0.22205	25.9	null	null	13113	60
2026-05-27T16:55:52.782	WT901BLE68(F3:F0:16:BF:DC:AE)	0.251	0.932	0.250	-8.728	-7.568	-3.418	74.43	-14.37	-44.13	-43.900	40.187	-36.680	0.75684	0.52115	-0.32587	-0.22205	25.9	null	null	13113	60
2026-05-27T16:55:52.907	WT901BLE68(F3:F0:16:BF:DC:AE)	0.273	0.937	0.231	-1.404	-0.977	-3.052	74.03	-14.22	-44.95	-43.900	40.187	-36.680	0.75684	0.52115	-0.32587	-0.22205	25.9	null	null	13113	60
2026-05-27T16:55:52.996	WT901BLE68(F3:F0:16:BF:DC:AE)	0.271	0.932	0.238	9.705	24.841	1.221	74.28	-13.88	-44.27	-43.900	40.187	-36.680	0.75684	0.52115	-0.32587	-0.22205	25.9	null	null	13113	60
2026-05-27T16:55:53.113	WT901BLE68(F3:F0:16:BF:DC:AE)	0.197	0.943	0.256	4.517	14.404	0.122	74.57	-13.33	-41.90	-43.900	40.187	-36.680	0.75684	0.52115	-0.32587	-0.22205	25.9	null	null	13113	60
2026-05-27T16:55:53.206	WT901BLE68(F3:F0:16:BF:DC:AE)	0.210	0.954	0.265	-1.953	-11.658	1.526	74.71	-13.46	-42.26	-43.900	40.187	-36.680	0.75684	0.52115	-0.32587	-0.22205	25.9	null	null	13113	60
2026-05-27T16:55:53.322	WT901BLE68(F3:F0:16:BF:DC:AE)	0.233	0.922	0.276	-5.493	-28.076	2.014	74.78	-14.05	-44.40	-43.900	40.187	-36.680	0.75684	0.52115	-0.32587	-0.22205	25.9	null	null	13113	60
2026-05-27T16:55:53.381	WT901BLE68(F3:F0:16:BF:DC:AE)	0.242	0.921	0.262	-6.226	-11.414	-3.113	74.65	-14.53	-46.59	-43.493	40.667	-36.593	0.75684	0.52115	-0.32587	-0.22205	25.9	null	null	13113	60
2026-05-27T16:55:53.502	WT901BLE68(F3:F0:16:BF:DC:AE)	0.259	0.948	0.280	-5.005	-15.503	-3.113	74.55	-14.62	-48.31	-43.493	40.667	-36.593	0.75684	0.52115	-0.32587	-0.22205	25.9	null	null	13113	60
2026-05-27T16:55:53.593	WT901BLE68(F3:F0:16:BF:DC:AE)	0.275	0.913	0.248	-3.174	-3.174	-5.127	74.37	-14.53	-49.37	-43.493	40.667	-36.593	0.75034	0.50378	-0.34140	-0.25793	25.9	null	null	13113	60
2026-05-27T16:55:53.715	WT901BLE68(F3:F0:16:BF:DC:AE)	0.273	0.943	0.244	5.737	0.244	-4.272	74.50	-13.99	-49.45	-43.493	40.667	-36.593	0.75034	0.50378	-0.34140	-0.25793	25.9	null	null	13113	60
2026-05-27T16:55:53.801	WT901BLE68(F3:F0:16:BF:DC:AE)	0.267	0.954	0.296	6.592	9.644	1.465	75.07	-13.95	-49.25	-43.493	40.667	-36.593	0.75034	0.50378	-0.34140	-0.25793	25.9	null	null	13113	60
2026-05-27T16:55:53.922	WT901BLE68(F3:F0:16:BF:DC:AE)	0.235	0.983	0.273	4.272	18.250	2.808	75.17	-13.73	-47.43	-43.493	40.667	-36.593	0.75034	0.50378	-0.34140	-0.25793	25.9	null	null	13113	60
2026-05-27T16:55:54.013	WT901BLE68(F3:F0:16:BF:DC:AE)	0.227	0.899	0.227	1.587	14.465	10.315	74.94	-13.95	-45.80	-43.493	40.667	-36.593	0.75034	0.50378	-0.34140	-0.25793	25.9	null	null	13113	60
2026-05-27T16:55:54.133	WT901BLE68(F3:F0:16:BF:DC:AE)	0.226	0.911	0.228	4.761	8.728	8.911	74.86	-14.82	-44.58	-43.493	40.667	-36.593	0.75034	0.50378	-0.34140	-0.25793	25.9	null	null	13113	60
2026-05-27T16:55:54.193	WT901BLE68(F3:F0:16:BF:DC:AE)	0.221	0.960	0.286	6.348	12.512	-4.211	75.25	-14.58	-43.75	-43.493	40.667	-36.593	0.75034	0.50378	-0.34140	-0.25793	25.9	null	null	13113	60
2026-05-27T16:55:54.310	WT901BLE68(F3:F0:16:BF:DC:AE)	0.254	0.929	0.224	3.235	19.653	-5.310	75.23	-13.67	-42.51	-42.233	40.553	-38.100	0.75034	0.50378	-0.34140	-0.25793	25.9	null	null	13113	60
2026-05-27T16:55:54.403	WT901BLE68(F3:F0:16:BF:DC:AE)	0.253	0.955	0.201	0.061	1.709	0.671	75.21	-13.12	-41.54	-42.233	40.553	-38.100	0.75034	0.50378	-0.34140	-0.25793	25.9	null	null	13113	60
2026-05-27T16:55:54.518	WT901BLE68(F3:F0:16:BF:DC:AE)	0.233	0.935	0.230	5.371	-0.488	12.268	75.50	-13.83	-41.64	-42.233	40.553	-38.100	0.76028	0.53427	-0.30176	-0.21295	25.9	null	null	13113	60
2026-05-27T16:55:54.614	WT901BLE68(F3:F0:16:BF:DC:AE)	0.224	0.994	0.221	2.136	7.507	6.958	75.93	-14.86	-41.13	-42.233	40.553	-38.100	0.76028	0.53427	-0.30176	-0.21295	25.9	null	null	13113	60
2026-05-27T16:55:54.738	WT901BLE68(F3:F0:16:BF:DC:AE)	0.221	0.970	0.239	0.305	-8.362	-1.831	76.09	-15.00	-41.46	-42.233	40.553	-38.100	0.76028	0.53427	-0.30176	-0.21295	25.9	null	null	13113	60
2026-05-27T16:55:54.791	WT901BLE68(F3:F0:16:BF:DC:AE)	0.222	0.938	0.193	-0.549	-5.920	-7.813	76.27	-14.46	-42.10	-42.233	40.553	-38.100	0.76028	0.53427	-0.30176	-0.21295	25.9	null	null	13113	60
2026-05-27T16:55:54.914	WT901BLE68(F3:F0:16:BF:DC:AE)	0.259	0.950	0.166	3.479	-16.418	-9.888	76.83	-13.83	-43.69	-42.233	40.553	-38.100	0.76028	0.53427	-0.30176	-0.21295	25.9	null	null	13113	60
2026-05-27T16:55:55.004	WT901BLE68(F3:F0:16:BF:DC:AE)	0.260	0.968	0.206	8.850	-10.803	-3.723	77.93	-13.36	-45.36	-42.233	40.553	-38.100	0.76028	0.53427	-0.30176	-0.21295	25.9	null	null	13113	60
2026-05-27T16:55:55.121	WT901BLE68(F3:F0:16:BF:DC:AE)	0.238	0.950	0.257	3.540	-24.780	0.671	79.02	-13.79	-47.13	-42.233	40.553	-38.100	0.76028	0.53427	-0.30176	-0.21295	25.9	null	null	13113	60
2026-05-27T16:55:55.209	WT901BLE68(F3:F0:16:BF:DC:AE)	0.292	0.954	0.253	-5.127	-4.822	-5.798	79.16	-13.82	-48.91	-44.213	39.353	-39.947	0.76028	0.53427	-0.30176	-0.21295	25.9	null	null	13113	60
2026-05-27T16:55:55.333	WT901BLE68(F3:F0:16:BF:DC:AE)	0.268	0.942	0.193	-5.554	2.441	1.038	78.37	-13.58	-48.48	-44.213	39.353	-39.947	0.76028	0.53427	-0.30176	-0.21295	25.9	null	null	13113	60
2026-05-27T16:55:55.392	WT901BLE68(F3:F0:16:BF:DC:AE)	0.257	0.943	0.188	1.282	7.324	5.371	78.07	-13.96	-47.90	-44.213	39.353	-39.947	0.73419	0.53308	-0.34061	-0.24631	25.9	null	null	13113	60
2026-05-27T16:55:55.541	WT901BLE68(F3:F0:16:BF:DC:AE)	0.240	0.952	0.220	1.709	4.761	5.310	78.11	-14.49	-47.27	-44.213	39.353	-39.947	0.73419	0.53308	-0.34061	-0.24631	25.9	null	null	13113	60
2026-05-27T16:55:55.603	WT901BLE68(F3:F0:16:BF:DC:AE)	0.234	0.952	0.211	-1.953	0.549	1.221	77.94	-14.68	-46.81	-44.213	39.353	-39.947	0.73419	0.53308	-0.34061	-0.24631	25.9	null	null	13113	60
2026-05-27T16:55:55.725	WT901BLE68(F3:F0:16:BF:DC:AE)	0.251	0.949	0.198	-1.038	-1.709	-0.183	77.78	-14.67	-46.91	-44.213	39.353	-39.947	0.73419	0.53308	-0.34061	-0.24631	25.9	null	null	13113	60
2026-05-27T16:55:55.813	WT901BLE68(F3:F0:16:BF:DC:AE)	0.261	0.952	0.211	-0.122	-2.197	0.793	77.82	-14.73	-47.15	-44.213	39.353	-39.947	0.73419	0.53308	-0.34061	-0.24631	25.9	null	null	13113	60
2026-05-27T16:55:55.932	WT901BLE68(F3:F0:16:BF:DC:AE)	0.265	0.960	0.244	-2.747	2.869	1.404	77.72	-14.80	-46.98	-44.213	39.353	-39.947	0.73419	0.53308	-0.34061	-0.24631	25.9	null	null	13113	60
2026-05-27T16:55:56.023	WT901BLE68(F3:F0:16:BF:DC:AE)	0.247	0.946	0.196	-12.207	-4.822	9.460	76.72	-15.36	-46.82	-44.213	39.353	-39.947	0.73419	0.53308	-0.34061	-0.24631	25.9	null	null	13113	60
2026-05-27T16:55:56.140	WT901BLE68(F3:F0:16:BF:DC:AE)	0.281	0.933	0.243	-1.038	8.057	-1.953	76.16	-15.84	-46.92	-42.933	40.593	-38.853	0.73419	0.53308	-0.34061	-0.24631	25.9	null	null	13113	60
2026-05-27T16:55:56.203	WT901BLE68(F3:F0:16:BF:DC:AE)	0.261	0.950	0.211	0.183	-0.305	-0.732	76.08	-15.40	-46.22	-42.933	40.593	-38.853	0.73419	0.53308	-0.34061	-0.24631	25.9	null	null	13113	60
2026-05-27T16:55:56.320	WT901BLE68(F3:F0:16:BF:DC:AE)	0.255	0.932	0.232	2.625	6.042	-5.249	76.18	-14.99	-45.90	-42.933	40.593	-38.853	0.75009	0.52100	-0.33588	-0.23026	25.9	null	null	13113	60
2026-05-27T16:55:56.411	WT901BLE68(F3:F0:16:BF:DC:AE)	0.275	0.955	0.226	1.221	1.343	-1.770	76.29	-14.56	-45.66	-42.933	40.593	-38.853	0.75009	0.52100	-0.33588	-0.23026	25.9	null	null	13113	60
2026-05-27T16:55:56.532	WT901BLE68(F3:F0:16:BF:DC:AE)	0.243	0.929	0.229	1.831	9.766	2.258	76.34	-14.49	-44.91	-42.933	40.593	-38.853	0.75009	0.52100	-0.33588	-0.23026	25.9	null	null	13113	60
2026-05-27T16:55:56.624	WT901BLE68(F3:F0:16:BF:DC:AE)	0.232	0.947	0.220	-2.686	-3.113	2.014	76.13	-14.66	-44.69	-42.933	40.593	-38.853	0.75009	0.52100	-0.33588	-0.23026	25.9	null	null	13113	60
2026-05-27T16:55:56.741	WT901BLE68(F3:F0:16:BF:DC:AE)	0.251	0.949	0.233	-2.625	-8.057	0.916	76.04	-14.95	-45.38	-42.933	40.593	-38.853	0.75009	0.52100	-0.33588	-0.23026	25.9	null	null	13113	60
2026-05-27T16:55:56.835	WT901BLE68(F3:F0:16:BF:DC:AE)	0.258	0.937	0.228	-4.822	-9.155	0.610	75.88	-15.12	-46.21	-42.933	40.593	-38.853	0.75009	0.52100	-0.33588	-0.23026	25.9	null	null	13113	60
2026-05-27T16:55:56.952	WT901BLE68(F3:F0:16:BF:DC:AE)	0.266	0.937	0.226	-2.258	-10.071	-0.244	75.78	-15.34	-47.16	-42.933	40.593	-38.853	0.75009	0.52100	-0.33588	-0.23026	25.9	null	null	13113	60
2026-05-27T16:55:57.010	WT901BLE68(F3:F0:16:BF:DC:AE)	0.266	0.941	0.239	0.366	-6.042	-1.465	75.95	-15.42	-47.88	-42.933	40.593	-38.853	0.75009	0.52100	-0.33588	-0.23026	25.9	null	null	13113	60
2026-05-27T16:55:57.131	WT901BLE68(F3:F0:16:BF:DC:AE)	0.269	0.942	0.244	0.305	-2.136	-2.808	76.12	-15.28	-48.24	-42.933	40.593	-38.853	0.75009	0.52100	-0.33588	-0.23026	25.9	null	null	13113	60
2026-05-27T16:55:57.223	WT901BLE68(F3:F0:16:BF:DC:AE)	0.274	0.942	0.232	0.305	-0.732	-1.221	76.15	-15.14	-48.38	-42.933	40.593	-38.853	0.75009	0.52100	-0.33588	-0.23026	25.9	null	null	13113	60
2026-05-27T16:55:57.342	WT901BLE68(F3:F0:16:BF:DC:AE)	0.268	0.938	0.232	1.648	1.038	0.244	76.28	-15.12	-48.35	-42.933	40.593	-38.853	0.75009	0.52100	-0.33588	-0.23026	25.9	null	null	13113	60
2026-05-27T16:55:57.431	WT901BLE68(F3:F0:16:BF:DC:AE)	0.252	0.939	0.222	1.404	2.991	0.610	76.34	-15.13	-48.00	-42.933	40.593	-38.853	0.75009	0.52100	-0.33588	-0.23026	25.9	null	null	13113	60
2026-05-27T16:55:57.553	WT901BLE68(F3:F0:16:BF:DC:AE)	0.248	0.950	0.227	0.977	-4.639	-0.366	76.50	-15.16	-48.09	-43.913	40.380	-37.873	0.75009	0.52100	-0.33588	-0.23026	25.9	null	null	13113	60
2026-05-27T16:55:57.613	WT901BLE68(F3:F0:16:BF:DC:AE)	0.271	0.951	0.237	-0.977	-9.460	-0.793	76.66	-15.29	-48.97	-43.913	40.380	-37.873	0.75009	0.52100	-0.33588	-0.23026	25.9	null	null	13113	60
2026-05-27T16:55:57.731	WT901BLE68(F3:F0:16:BF:DC:AE)	0.268	0.937	0.222	-1.526	-1.465	-2.136	76.63	-15.15	-49.24	-43.913	40.380	-37.873	0.74115	0.51581	-0.35037	-0.24844	25.9	null	null	13113	60
2026-05-27T16:55:57.822	WT901BLE68(F3:F0:16:BF:DC:AE)	0.257	0.934	0.211	0.610	-0.122	-0.732	76.60	-15.07	-49.17	-43.913	40.380	-37.873	0.74115	0.51581	-0.35037	-0.24844	25.9	null	null	13113	60
2026-05-27T16:55:57.944	WT901BLE68(F3:F0:16:BF:DC:AE)	0.255	0.951	0.236	-0.244	-2.563	-0.061	76.74	-15.08	-49.32	-43.913	40.380	-37.873	0.74115	0.51581	-0.35037	-0.24844	25.9	null	null	13113	60
2026-05-27T16:55:58.031	WT901BLE68(F3:F0:16:BF:DC:AE)	0.264	0.941	0.229	-2.075	-2.380	-2.502	76.64	-15.06	-49.63	-43.913	40.380	-37.873	0.74115	0.51581	-0.35037	-0.24844	25.9	null	null	13113	60
2026-05-27T16:55:58.156	WT901BLE68(F3:F0:16:BF:DC:AE)	0.272	0.938	0.217	0.793	1.892	-1.404	76.54	-14.86	-49.68	-43.913	40.380	-37.873	0.74115	0.51581	-0.35037	-0.24844	25.9	null	null	13113	60
2026-05-27T16:55:58.211	WT901BLE68(F3:F0:16:BF:DC:AE)	0.261	0.947	0.225	3.479	5.188	-0.366	76.68	-14.72	-49.25	-43.913	40.380	-37.873	0.74115	0.51581	-0.35037	-0.24844	25.9	null	null	13113	60
2026-05-27T16:55:58.364	WT901BLE68(F3:F0:16:BF:DC:AE)	0.249	0.952	0.236	2.075	5.005	0.183	76.85	-14.61	-48.63	-43.913	40.380	-37.873	0.74115	0.51581	-0.35037	-0.24844	25.9	null	null	13113	60
2026-05-27T16:55:58.421	WT901BLE68(F3:F0:16:BF:DC:AE)	0.252	0.949	0.220	0.488	3.601	-0.061	76.81	-14.50	-48.15	-44.113	39.813	-37.687	0.74115	0.51581	-0.35037	-0.24844	25.9	null	null	13113	60
2026-05-27T16:55:58.542	WT901BLE68(F3:F0:16:BF:DC:AE)	0.249	0.945	0.214	2.136	4.517	0.488	76.79	-14.44	-47.74	-44.113	39.813	-37.687	0.74115	0.51581	-0.35037	-0.24844	25.9	null	null	13113	60
2026-05-27T16:55:58.628	WT901BLE68(F3:F0:16:BF:DC:AE)	0.246	0.947	0.211	3.479	5.249	-0.244	76.94	-14.36	-47.33	-44.113	39.813	-37.687	0.74261	0.52448	-0.33865	-0.24213	25.9	null	null	13113	60
2026-05-27T16:55:58.756	WT901BLE68(F3:F0:16:BF:DC:AE)	0.245	0.938	0.220	4.700	5.066	-0.732	77.26	-14.22	-46.91	-44.113	39.813	-37.687	0.74261	0.52448	-0.33865	-0.24213	25.9	null	null	13113	60
2026-05-27T16:55:58.840	WT901BLE68(F3:F0:16:BF:DC:AE)	0.250	0.949	0.224	-0.305	-1.343	0.854	77.48	-14.14	-46.74	-44.113	39.813	-37.687	0.74261	0.52448	-0.33865	-0.24213	25.9	null	null	13113	60
2026-05-27T16:55:58.967	WT901BLE68(F3:F0:16:BF:DC:AE)	0.250	0.949	0.220	-3.418	-1.282	2.991	77.27	-14.39	-46.81	-44.113	39.813	-37.687	0.74261	0.52448	-0.33865	-0.24213	25.9	null	null	13113	60
2026-05-27T16:55:59.021	WT901BLE68(F3:F0:16:BF:DC:AE)	0.250	0.950	0.211	-3.174	-0.671	2.258	76.93	-14.69	-46.87	-44.113	39.813	-37.687	0.74261	0.52448	-0.33865	-0.24213	25.9	null	null	13113	60
2026-05-27T16:55:59.143	WT901BLE68(F3:F0:16:BF:DC:AE)	0.254	0.956	0.216	-1.526	0.488	1.038	76.70	-14.90	-46.92	-44.113	39.813	-37.687	0.74261	0.52448	-0.33865	-0.24213	25.9	null	null	13113	60
2026-05-27T16:55:59.233	WT901BLE68(F3:F0:16:BF:DC:AE)	0.252	0.947	0.218	-1.160	-1.587	0.427	76.61	-14.94	-46.92	-44.113	39.813	-37.687	0.74261	0.52448	-0.33865	-0.24213	25.9	null	null	13113	60
2026-05-27T16:55:59.350	WT901BLE68(F3:F0:16:BF:DC:AE)	0.262	0.943	0.227	-0.549	-0.305	-0.977	76.59	-14.87	-47.01	-42.847	40.093	-38.207	0.74261	0.52448	-0.33865	-0.24213	25.9	null	null	13113	60
2026-05-27T16:55:59.440	WT901BLE68(F3:F0:16:BF:DC:AE)	0.253	0.945	0.223	-2.258	-0.671	0.977	76.49	-14.86	-47.01	-42.847	40.093	-38.207	0.74261	0.52448	-0.33865	-0.24213	25.9	null	null	13113	60
2026-05-27T16:55:59.558	WT901BLE68(F3:F0:16:BF:DC:AE)	0.252	0.942	0.226	-2.380	-1.831	0.916	76.31	-15.02	-47.22	-42.847	40.093	-38.207	0.74643	0.52084	-0.33893	-0.23785	25.9	null	null	13113	60
2026-05-27T16:55:59.621	WT901BLE68(F3:F0:16:BF:DC:AE)	0.252	0.943	0.225	-1.892	-3.662	-0.610	76.17	-15.10	-47.50	-42.847	40.093	-38.207	0.74643	0.52084	-0.33893	-0.23785	25.9	null	null	13113	60
2026-05-27T16:55:59.775	WT901BLE68(F3:F0:16:BF:DC:AE)	0.266	0.956	0.229	0.061	0.610	-2.502	76.20	-14.96	-47.77	-42.847	40.093	-38.207	0.74643	0.52084	-0.33893	-0.23785	25.9	null	null	13113	60
2026-05-27T16:55:59.831	WT901BLE68(F3:F0:16:BF:DC:AE)	0.257	0.945	0.230	-0.916	-6.653	-1.160	76.24	-14.88	-48.10	-42.847	40.093	-38.207	0.74643	0.52084	-0.33893	-0.23785	25.9	null	null	13113	60
2026-05-27T16:55:59.952	WT901BLE68(F3:F0:16:BF:DC:AE)	0.257	0.936	0.216	2.930	-2.502	-2.625	76.45	-14.78	-48.61	-42.847	40.093	-38.207	0.74643	0.52084	-0.33893	-0.23785	25.9	null	null	13113	60
2026-05-27T16:56:00.045	WT901BLE68(F3:F0:16:BF:DC:AE)	0.258	0.938	0.220	4.333	-0.549	-1.587	76.85	-14.56	-48.70	-42.847	40.093	-38.207	0.74643	0.52084	-0.33893	-0.23785	25.9	null	null	13113	60
2026-05-27T16:56:00.166	WT901BLE68(F3:F0:16:BF:DC:AE)	0.255	0.949	0.227	2.991	0.000	-0.549	77.22	-14.49	-48.66	-42.847	40.093	-38.207	0.74643	0.52084	-0.33893	-0.23785	25.9	null	null	13113	60
2026-05-27T16:56:00.251	WT901BLE68(F3:F0:16:BF:DC:AE)	0.256	0.949	0.230	-0.671	-2.380	1.038	77.32	-14.58	-48.74	-44.487	39.313	-37.400	0.74643	0.52084	-0.33893	-0.23785	25.9	null	null	13113	60
2026-05-27T16:56:00.374	WT901BLE68(F3:F0:16:BF:DC:AE)	0.257	0.949	0.220	0.000	1.526	0.793	77.23	-14.65	-48.64	-44.487	39.313	-37.400	0.74643	0.52084	-0.33893	-0.23785	25.9	null	null	13113	60
2026-05-27T16:56:00.432	WT901BLE68(F3:F0:16:BF:DC:AE)	0.253	0.948	0.222	-0.671	0.244	1.587	77.15	-14.80	-48.49	-44.487	39.313	-37.400	0.73941	0.52280	-0.34561	-0.24576	25.9	null	null	13113	60
2026-05-27T16:56:00.553	WT901BLE68(F3:F0:16:BF:DC:AE)	0.250	0.947	0.224	-1.221	-0.305	1.465	77.01	-14.94	-48.45	-44.487	39.313	-37.400	0.73941	0.52280	-0.34561	-0.24576	25.9	null	null	13113	60
2026-05-27T16:56:00.642	WT901BLE68(F3:F0:16:BF:DC:AE)	0.252	0.944	0.231	-3.357	-4.700	1.038	76.82	-15.06	-48.59	-44.487	39.313	-37.400	0.73941	0.52280	-0.34561	-0.24576	25.9	null	null	13113	60
2026-05-27T16:56:00.763	WT901BLE68(F3:F0:16:BF:DC:AE)	0.253	0.941	0.214	-5.249	-11.658	0.366	76.56	-15.31	-49.32	-44.487	39.313	-37.400	0.73941	0.52280	-0.34561	-0.24576	25.9	null	null	13113	60
2026-05-27T16:56:00.851	WT901BLE68(F3:F0:16:BF:DC:AE)	0.262	0.945	0.236	1.282	-7.202	-2.869	76.72	-15.37	-50.15	-44.487	39.313	-37.400	0.73941	0.52280	-0.34561	-0.24576	25.9	null	null	13113	60
2026-05-27T16:56:00.975	WT901BLE68(F3:F0:16:BF:DC:AE)	0.261	0.950	0.267	-5.981	-16.174	-2.502	76.78	-15.29	-51.15	-44.487	39.313	-37.400	0.73941	0.52280	-0.34561	-0.24576	25.9	null	null	13113	60
2026-05-27T16:56:01.030	WT901BLE68(F3:F0:16:BF:DC:AE)	0.309	0.979	0.240	-6.226	-4.700	-3.479	76.33	-15.34	-52.48	-44.487	39.313	-37.400	0.73941	0.52280	-0.34561	-0.24576	25.9	null	null	13113	60
2026-05-27T16:56:01.181	WT901BLE68(F3:F0:16:BF:DC:AE)	0.275	0.930	0.205	-5.371	2.380	7.141	75.75	-15.55	-52.25	-45.727	40.853	-34.560	0.73941	0.52280	-0.34561	-0.24576	25.9	null	null	13113	60
2026-05-27T16:56:01.244	WT901BLE68(F3:F0:16:BF:DC:AE)	0.250	0.884	0.190	-2.441	2.197	6.226	75.30	-16.33	-51.80	-45.727	40.853	-34.560	0.73941	0.52280	-0.34561	-0.24576	25.9	null	null	13113	60
2026-05-27T16:56:01.358	WT901BLE68(F3:F0:16:BF:DC:AE)	0.283	0.969	0.241	6.531	14.526	-0.427	75.49	-16.24	-50.99	-45.727	40.853	-34.560	0.74335	0.49551	-0.36462	-0.26233	25.9	null	null	13113	60
2026-05-27T16:56:01.453	WT901BLE68(F3:F0:16:BF:DC:AE)	0.219	0.955	0.242	-3.113	5.493	5.371	75.38	-15.94	-49.26	-45.727	40.853	-34.560	0.74335	0.49551	-0.36462	-0.26233	25.9	null	null	13113	60
2026-05-27T16:56:01.573	WT901BLE68(F3:F0:16:BF:DC:AE)	0.242	0.904	0.183	-4.211	-1.404	3.113	74.88	-16.40	-49.27	-45.727	40.853	-34.560	0.74335	0.49551	-0.36462	-0.26233	25.9	null	null	13113	60
2026-05-27T16:56:01.664	WT901BLE68(F3:F0:16:BF:DC:AE)	0.268	0.954	0.219	6.958	0.488	-5.737	75.34	-16.11	-49.55	-45.727	40.853	-34.560	0.74335	0.49551	-0.36462	-0.26233	25.9	null	null	13113	60
2026-05-27T16:56:01.786	WT901BLE68(F3:F0:16:BF:DC:AE)	0.272	0.952	0.239	8.972	4.700	-6.348	76.21	-15.51	-49.36	-45.727	40.853	-34.560	0.74335	0.49551	-0.36462	-0.26233	25.9	null	null	13113	60
2026-05-27T16:56:01.842	WT901BLE68(F3:F0:16:BF:DC:AE)	0.263	0.968	0.228	6.897	2.136	-2.686	76.96	-14.79	-49.02	-45.727	40.853	-34.560	0.74335	0.49551	-0.36462	-0.26233	25.9	null	null	13113	60
2026-05-27T16:56:01.964	WT901BLE68(F3:F0:16:BF:DC:AE)	0.250	0.922	0.219	5.371	0.000	-1.587	77.44	-14.77	-49.00	-45.727	40.853	-34.560	0.74335	0.49551	-0.36462	-0.26233	25.9	null	null	13113	60
2026-05-27T16:56:02.050	WT901BLE68(F3:F0:16:BF:DC:AE)	0.254	0.967	0.222	5.493	1.892	-4.333	77.97	-14.34	-48.89	-44.427	39.707	-37.040	0.74335	0.49551	-0.36462	-0.26233	25.9	null	null	13113	60
2026-05-27T16:56:02.174	WT901BLE68(F3:F0:16:BF:DC:AE)	0.238	0.949	0.211	0.671	-2.441	-1.831	78.19	-14.16	-48.96	-44.427	39.707	-37.040	0.74335	0.49551	-0.36462	-0.26233	25.9	null	null	13113	60
2026-05-27T16:56:02.263	WT901BLE68(F3:F0:16:BF:DC:AE)	0.239	0.954	0.201	-0.061	-8.484	-3.418	78.31	-14.01	-49.57	-44.427	39.707	-37.040	0.73239	0.52972	-0.34705	-0.24991	25.9	null	null	13113	60
2026-05-27T16:56:02.386	WT901BLE68(F3:F0:16:BF:DC:AE)	0.251	0.954	0.211	-2.441	-11.658	-3.052	78.40	-13.95	-50.73	-44.427	39.707	-37.040	0.73239	0.52972	-0.34705	-0.24991	25.9	null	null	13113	60
2026-05-27T16:56:02.441	WT901BLE68(F3:F0:16:BF:DC:AE)	0.253	0.951	0.206	-1.770	-8.972	-3.845	78.40	-13.80	-51.65	-44.427	39.707	-37.040	0.73239	0.52972	-0.34705	-0.24991	25.9	null	null	13113	60
2026-05-27T16:56:02.596	WT901BLE68(F3:F0:16:BF:DC:AE)	0.266	0.941	0.208	2.625	0.732	-3.723	78.57	-13.57	-52.00	-44.427	39.707	-37.040	0.73239	0.52972	-0.34705	-0.24991	25.9	null	null	13113	60
2026-05-27T16:56:02.652	WT901BLE68(F3:F0:16:BF:DC:AE)	0.267	0.950	0.217	2.258	3.479	-1.465	78.74	-13.40	-51.75	-44.427	39.707	-37.040	0.73239	0.52972	-0.34705	-0.24991	25.9	null	null	13113	60
2026-05-27T16:56:02.775	WT901BLE68(F3:F0:16:BF:DC:AE)	0.243	0.955	0.208	-2.869	-0.732	3.906	78.52	-13.60	-51.33	-44.427	39.707	-37.040	0.73239	0.52972	-0.34705	-0.24991	25.9	null	null	13113	60
2026-05-27T16:56:02.862	WT901BLE68(F3:F0:16:BF:DC:AE)	0.240	0.951	0.181	-3.357	-2.014	5.615	78.12	-14.21	-51.34	-44.427	39.707	-37.040	0.73239	0.52972	-0.34705	-0.24991	25.9	null	null	13113	60
2026-05-27T16:56:02.981	WT901BLE68(F3:F0:16:BF:DC:AE)	0.230	0.950	0.180	-0.977	-3.967	3.113	78.02	-14.68	-51.47	-45.987	39.247	-36.520	0.73239	0.52972	-0.34705	-0.24991	25.9	null	null	13113	60
2026-05-27T16:56:03.073	WT901BLE68(F3:F0:16:BF:DC:AE)	0.244	0.965	0.198	0.061	-5.127	-0.916	78.20	-14.78	-51.92	-45.987	39.247	-36.520	0.73239	0.52972	-0.34705	-0.24991	25.9	null	null	13113	60
2026-05-27T16:56:03.194	WT901BLE68(F3:F0:16:BF:DC:AE)	0.250	0.951	0.190	-3.601	-6.531	0.000	78.16	-14.75	-52.35	-45.987	39.247	-36.520	0.72690	0.51855	-0.36401	-0.26480	25.9	null	null	13113	60
2026-05-27T16:56:03.251	WT901BLE68(F3:F0:16:BF:DC:AE)	0.252	0.946	0.189	-4.395	-8.911	0.244	77.98	-14.90	-53.01	-45.987	39.247	-36.520	0.72690	0.51855	-0.36401	-0.26480	25.9	null	null	13113	60
2026-05-27T16:56:03.378	WT901BLE68(F3:F0:16:BF:DC:AE)	0.253	0.943	0.201	-2.319	-6.714	-1.709	77.89	-14.95	-53.70	-45.987	39.247	-36.520	0.72690	0.51855	-0.36401	-0.26480	25.9	null	null	13113	60
2026-05-27T16:56:03.462	WT901BLE68(F3:F0:16:BF:DC:AE)	0.249	0.963	0.208	0.244	-2.502	-5.554	77.97	-14.51	-53.84	-45.987	39.247	-36.520	0.72690	0.51855	-0.36401	-0.26480	25.9	null	null	13113	60
2026-05-27T16:56:03.583	WT901BLE68(F3:F0:16:BF:DC:AE)	0.262	0.949	0.213	-5.676	-9.827	0.061	77.89	-14.34	-54.43	-45.987	39.247	-36.520	0.72690	0.51855	-0.36401	-0.26480	25.9	null	null	13113	60
2026-05-27T16:56:03.680	WT901BLE68(F3:F0:16:BF:DC:AE)	0.265	0.938	0.201	-3.845	-3.601	1.465	77.54	-14.63	-55.03	-45.987	39.247	-36.520	0.72690	0.51855	-0.36401	-0.26480	25.9	null	null	13113	60
2026-05-27T16:56:03.796	WT901BLE68(F3:F0:16:BF:DC:AE)	0.251	0.950	0.207	1.648	4.211	0.000	77.43	-14.72	-54.83	-45.987	39.247	-36.520	0.72690	0.51855	-0.36401	-0.26480	25.9	null	null	13113	60
2026-05-27T16:56:03.850	WT901BLE68(F3:F0:16:BF:DC:AE)	0.244	0.957	0.222	-0.427	1.038	1.282	77.51	-14.71	-54.42	-47.580	39.487	-33.993	0.72690	0.51855	-0.36401	-0.26480	25.9	null	null	13113	60
2026-05-27T16:56:04.004	WT901BLE68(F3:F0:16:BF:DC:AE)	0.245	0.959	0.219	-5.798	-8.545	2.563	77.27	-14.99	-54.66	-47.580	39.487	-33.993	0.72690	0.51855	-0.36401	-0.26480	25.9	null	null	13113	60
2026-05-27T16:56:04.061	WT901BLE68(F3:F0:16:BF:DC:AE)	0.250	0.960	0.213	-8.606	-17.822	3.967	76.83	-15.55	-55.82	-47.580	39.487	-33.993	0.72559	0.49829	-0.37823	-0.28644	25.9	null	null	13113	60
2026-05-27T16:56:04.185	WT901BLE68(F3:F0:16:BF:DC:AE)	0.189	0.891	0.249	0.610	-5.493	-6.348	76.70	-15.95	-57.16	-47.580	39.487	-33.993	0.72559	0.49829	-0.37823	-0.28644	25.9	null	null	13113	60
2026-05-27T16:56:04.272	WT901BLE68(F3:F0:16:BF:DC:AE)	0.013	1.048	0.298	-6.104	1.770	-46.753	77.39	-13.60	-58.04	-47.580	39.487	-33.993	0.72559	0.49829	-0.37823	-0.28644	25.9	null	null	13113	60
2026-05-27T16:56:04.395	WT901BLE68(F3:F0:16:BF:DC:AE)	0.197	1.002	0.235	-33.752	-48.035	-47.058	75.48	-9.18	-61.68	-47.580	39.487	-33.993	0.72559	0.49829	-0.37823	-0.28644	25.9	null	null	13113	60
2026-05-27T16:56:04.482	WT901BLE68(F3:F0:16:BF:DC:AE)	0.237	0.916	0.166	-15.686	0.061	-32.715	73.34	-5.53	-64.12	-47.580	39.487	-33.993	0.72559	0.49829	-0.37823	-0.28644	25.9	null	null	13113	60
2026-05-27T16:56:04.604	WT901BLE68(F3:F0:16:BF:DC:AE)	0.194	0.910	0.170	-4.822	-59.631	-3.296	72.86	-4.72	-66.57	-47.580	39.487	-33.993	0.72559	0.49829	-0.37823	-0.28644	25.9	null	null	13113	60
2026-05-27T16:56:04.663	WT901BLE68(F3:F0:16:BF:DC:AE)	0.261	0.929	0.227	16.785	-3.906	10.071	73.92	-6.76	-70.58	-47.580	39.487	-33.993	0.72559	0.49829	-0.37823	-0.28644	25.9	null	null	13113	60
2026-05-27T16:56:04.783	WT901BLE68(F3:F0:16:BF:DC:AE)	0.148	0.973	0.307	26.245	32.715	24.597	76.07	-8.54	-68.33	-58.407	33.733	-22.673	0.72559	0.49829	-0.37823	-0.28644	25.9	null	null	13113	60
2026-05-27T16:56:04.871	WT901BLE68(F3:F0:16:BF:DC:AE)	0.075	1.060	0.488	-3.845	4.639	9.460	77.22	-10.04	-64.96	-58.407	33.733	-22.673	0.72559	0.49829	-0.37823	-0.28644	25.9	null	null	13113	60
2026-05-27T16:56:04.989	WT901BLE68(F3:F0:16:BF:DC:AE)	0.100	0.988	0.305	-32.227	30.090	1.343	74.39	-9.66	-62.27	-58.407	33.733	-22.673	0.69434	0.48434	-0.38321	-0.36920	25.9	null	null	13113	60
2026-05-27T16:56:05.082	WT901BLE68(F3:F0:16:BF:DC:AE)	0.153	0.932	0.132	-30.884	-10.681	1.343	70.82	-9.31	-61.21	-58.407	33.733	-22.673	0.69434	0.48434	-0.38321	-0.36920	25.9	null	null	13113	60
2026-05-27T16:56:05.205	WT901BLE68(F3:F0:16:BF:DC:AE)	0.200	0.881	0.041	1.038	-6.165	6.104	69.72	-9.94	-62.28	-58.407	33.733	-22.673	0.69434	0.48434	-0.38321	-0.36920	25.9	null	null	13113	60
2026-05-27T16:56:05.261	WT901BLE68(F3:F0:16:BF:DC:AE)	0.188	0.930	0.140	46.021	22.949	10.925	72.90	-10.70	-61.46	-58.407	33.733	-22.673	0.69434	0.48434	-0.38321	-0.36920	25.9	null	null	13113	60
2026-05-27T16:56:05.384	WT901BLE68(F3:F0:16:BF:DC:AE)	0.144	1.019	0.260	50.903	34.241	5.676	77.82	-10.91	-58.53	-58.407	33.733	-22.673	0.69434	0.48434	-0.38321	-0.36920	25.9	null	null	13113	60
2026-05-27T16:56:05.472	WT901BLE68(F3:F0:16:BF:DC:AE)	0.166	1.029	0.294	31.860	16.846	7.263	81.30	-10.81	-55.85	-58.407	33.733	-22.673	0.69434	0.48434	-0.38321	-0.36920	25.9	null	null	13113	60
2026-05-27T16:56:05.595	WT901BLE68(F3:F0:16:BF:DC:AE)	0.131	1.011	0.301	10.132	8.606	5.920	82.78	-11.27	-54.12	-58.407	33.733	-22.673	0.69434	0.48434	-0.38321	-0.36920	25.9	null	null	13113	60
2026-05-27T16:56:05.685	WT901BLE68(F3:F0:16:BF:DC:AE)	0.264	0.986	0.271	-18.311	-21.423	1.953	82.00	-11.53	-55.50	-51.920	36.187	-36.360	0.69434	0.48434	-0.38321	-0.36920	25.9	null	null	13113	60
2026-05-27T16:56:05.803	WT901BLE68(F3:F0:16:BF:DC:AE)	0.230	0.957	0.197	-23.010	-6.104	10.559	79.62	-12.28	-55.89	-51.920	36.187	-36.360	0.69434	0.48434	-0.38321	-0.36920	25.9	null	null	13113	60
2026-05-27T16:56:05.893	WT901BLE68(F3:F0:16:BF:DC:AE)	0.251	0.942	0.156	-21.362	-11.353	10.132	77.40	-13.48	-56.57	-51.920	36.187	-36.360	0.71503	0.50830	-0.37354	-0.30121	25.9	null	null	13113	60
2026-05-27T16:56:06.017	WT901BLE68(F3:F0:16:BF:DC:AE)	0.256	0.933	0.157	-5.981	-2.502	12.268	76.23	-14.78	-57.05	-51.920	36.187	-36.360	0.71503	0.50830	-0.37354	-0.30121	25.9	null	null	13113	60
2026-05-27T16:56:06.078	WT901BLE68(F3:F0:16:BF:DC:AE)	0.234	0.939	0.193	5.249	2.319	6.348	76.37	-15.64	-56.68	-51.920	36.187	-36.360	0.71503	0.50830	-0.37354	-0.30121	25.9	null	null	13113	60
2026-05-27T16:56:06.195	WT901BLE68(F3:F0:16:BF:DC:AE)	0.234	0.953	0.237	8.423	5.127	-0.183	77.10	-15.68	-56.22	-51.920	36.187	-36.360	0.71503	0.50830	-0.37354	-0.30121	25.9	null	null	13113	60
2026-05-27T16:56:06.281	WT901BLE68(F3:F0:16:BF:DC:AE)	0.242	0.974	0.255	-0.305	-2.258	-1.282	77.57	-15.45	-55.99	-51.920	36.187	-36.360	0.71503	0.50830	-0.37354	-0.30121	25.9	null	null	13113	60
2026-05-27T16:56:06.399	WT901BLE68(F3:F0:16:BF:DC:AE)	0.273	0.932	0.202	-2.808	-6.470	-1.709	77.33	-15.38	-56.71	-51.920	36.187	-36.360	0.71503	0.50830	-0.37354	-0.30121	25.9	null	null	13113	60
2026-05-27T16:56:06.489	WT901BLE68(F3:F0:16:BF:DC:AE)	0.269	0.908	0.175	8.545	6.531	-7.874	77.65	-14.86	-56.51	-51.920	36.187	-36.360	0.71503	0.50830	-0.37354	-0.30121	25.9	null	null	13113	60
2026-05-27T16:56:06.613	WT901BLE68(F3:F0:16:BF:DC:AE)	0.322	0.987	0.085	10.498	6.592	-5.066	78.70	-14.01	-56.10	-49.513	38.167	-31.727	0.71503	0.50830	-0.37354	-0.30121	25.9	null	null	13113	60
2026-05-27T16:56:06.677	WT901BLE68(F3:F0:16:BF:DC:AE)	0.272	0.932	0.063	34.058	-6.531	20.203	80.78	-15.09	-55.56	-49.513	38.167	-31.727	0.71503	0.50830	-0.37354	-0.30121	25.9	null	null	13113	60
2026-05-27T16:56:06.789	WT901BLE68(F3:F0:16:BF:DC:AE)	0.011	1.188	0.491	20.752	-28.076	6.714	85.03	-16.71	-56.10	-49.513	38.167	-31.727	0.70117	0.52975	-0.39633	-0.26553	25.9	null	null	13113	60
2026-05-27T16:56:06.885	WT901BLE68(F3:F0:16:BF:DC:AE)	0.364	0.944	0.082	-25.940	-32.166	-19.592	83.26	-15.38	-60.69	-49.513	38.167	-31.727	0.70117	0.52975	-0.39633	-0.26553	25.9	null	null	13113	60
2026-05-27T16:56:07.001	WT901BLE68(F3:F0:16:BF:DC:AE)	0.316	0.913	0.079	2.441	-5.188	-9.827	82.46	-14.03	-61.32	-49.513	38.167	-31.727	0.70117	0.52975	-0.39633	-0.26553	25.9	null	null	13113	60
2026-05-27T16:56:07.093	WT901BLE68(F3:F0:16:BF:DC:AE)	0.349	0.965	0.162	19.104	35.583	-6.897	83.47	-13.44	-59.84	-49.513	38.167	-31.727	0.70117	0.52975	-0.39633	-0.26553	25.9	null	null	13113	60
2026-05-27T16:56:07.213	WT901BLE68(F3:F0:16:BF:DC:AE)	0.312	0.993	0.169	28.503	139.648	-25.940	84.01	-10.73	-50.45	-49.513	38.167	-31.727	0.70117	0.52975	-0.39633	-0.26553	25.9	null	null	13113	60
2026-05-27T16:56:07.301	WT901BLE68(F3:F0:16:BF:DC:AE)	0.016	1.003	0.042	-33.447	10.620	35.339	81.61	-10.38	-40.89	-49.513	38.167	-31.727	0.70117	0.52975	-0.39633	-0.26553	25.9	null	null	13113	60
2026-05-27T16:56:07.424	WT901BLE68(F3:F0:16:BF:DC:AE)	0.329	0.922	0.111	-15.137	-37.720	35.767	80.14	-15.33	-46.64	-49.513	38.167	-31.727	0.70117	0.52975	-0.39633	-0.26553	25.9	null	null	13113	60
2026-05-27T16:56:07.481	WT901BLE68(F3:F0:16:BF:DC:AE)	0.047	1.021	0.144	-11.292	23.193	8.484	78.46	-16.45	-43.30	-44.860	38.253	-39.167	0.70117	0.52975	-0.39633	-0.26553	25.9	null	null	13113	60
2026-05-27T16:56:07.606	WT901BLE68(F3:F0:16:BF:DC:AE)	0.252	0.906	0.133	-6.165	-35.339	-17.700	78.33	-16.17	-46.77	-44.860	38.253	-39.167	0.70117	0.52975	-0.39633	-0.26553	25.9	null	null	13113	60
2026-05-27T16:56:07.692	WT901BLE68(F3:F0:16:BF:DC:AE)	0.281	0.972	0.147	16.357	3.906	-46.143	79.73	-12.82	-48.44	-44.860	38.253	-39.167	0.73495	0.53259	-0.34897	-0.23300	25.9	null	null	13113	60
2026-05-27T16:56:07.815	WT901BLE68(F3:F0:16:BF:DC:AE)	0.339	0.973	0.235	11.902	33.325	-14.954	81.10	-9.11	-48.36	-44.860	38.253	-39.167	0.73495	0.53259	-0.34897	-0.23300	25.9	null	null	13113	60
2026-05-27T16:56:07.903	WT901BLE68(F3:F0:16:BF:DC:AE)	0.186	0.962	0.171	-16.907	-14.893	29.724	79.95	-11.17	-46.76	-44.860	38.253	-39.167	0.73495	0.53259	-0.34897	-0.23300	25.9	null	null	13113	60
2026-05-27T16:56:08.025	WT901BLE68(F3:F0:16:BF:DC:AE)	0.134	0.965	0.154	-4.089	3.052	16.907	79.11	-13.50	-46.70	-44.860	38.253	-39.167	0.73495	0.53259	-0.34897	-0.23300	25.9	null	null	13113	60
2026-05-27T16:56:08.082	WT901BLE68(F3:F0:16:BF:DC:AE)	0.162	0.968	0.174	-7.813	-48.889	-2.686	79.24	-14.26	-49.69	-44.860	38.253	-39.167	0.73495	0.53259	-0.34897	-0.23300	25.9	null	null	13113	60
2026-05-27T16:56:08.204	WT901BLE68(F3:F0:16:BF:DC:AE)	0.291	0.944	0.178	1.465	-37.476	-18.188	80.17	-13.73	-54.66	-44.860	38.253	-39.167	0.73495	0.53259	-0.34897	-0.23300	25.9	null	null	13113	60
2026-05-27T16:56:08.291	WT901BLE68(F3:F0:16:BF:DC:AE)	0.255	0.987	0.179	6.348	8.362	-12.024	80.93	-12.21	-55.23	-44.860	38.253	-39.167	0.73495	0.53259	-0.34897	-0.23300	25.9	null	null	13113	60
2026-05-27T16:56:08.411	WT901BLE68(F3:F0:16:BF:DC:AE)	0.222	0.982	0.151	2.319	-10.437	0.916	81.17	-12.24	-55.82	-51.973	36.920	-34.400	0.73495	0.53259	-0.34897	-0.23300	25.9	null	null	13113	60
2026-05-27T16:56:08.502	WT901BLE68(F3:F0:16:BF:DC:AE)	0.161	1.018	0.196	-1.465	5.798	-7.080	81.28	-11.81	-55.41	-51.973	36.920	-34.400	0.73495	0.53259	-0.34897	-0.23300	25.9	null	null	13113	60
2026-05-27T16:56:08.621	WT901BLE68(F3:F0:16:BF:DC:AE)	0.174	0.962	0.125	-11.902	4.639	-4.272	80.19	-11.02	-55.05	-51.973	36.920	-34.400	0.70154	0.53647	-0.36478	-0.29474	25.9	null	null	13113	60
2026-05-27T16:56:08.717	WT901BLE68(F3:F0:16:BF:DC:AE)	0.295	0.902	0.058	28.259	74.097	-2.808	80.46	-10.13	-51.51	-51.973	36.920	-34.400	0.70154	0.53647	-0.36478	-0.29474	25.9	null	null	13113	60
2026-05-27T16:56:08.833	WT901BLE68(F3:F0:16:BF:DC:AE)	-0.190	1.123	0.350	23.315	55.176	7.080	82.95	-8.82	-40.76	-51.973	36.920	-34.400	0.70154	0.53647	-0.36478	-0.29474	25.9	null	null	13113	60
2026-05-27T16:56:08.894	WT901BLE68(F3:F0:16:BF:DC:AE)	0.161	0.954	0.071	4.333	65.125	-9.705	81.89	-7.40	-36.75	-51.973	36.920	-34.400	0.70154	0.53647	-0.36478	-0.29474	25.9	null	null	13113	60
2026-05-27T16:56:09.015	WT901BLE68(F3:F0:16:BF:DC:AE)	0.066	0.992	0.182	-0.488	-21.118	4.456	82.05	-7.50	-36.85	-51.973	36.920	-34.400	0.70154	0.53647	-0.36478	-0.29474	25.9	null	null	13113	60
2026-05-27T16:56:09.104	WT901BLE68(F3:F0:16:BF:DC:AE)	0.132	0.991	0.121	0.122	-4.517	-0.488	82.03	-7.54	-38.20	-51.973	36.920	-34.400	0.70154	0.53647	-0.36478	-0.29474	25.9	null	null	13113	60
2026-05-27T16:56:09.223	WT901BLE68(F3:F0:16:BF:DC:AE)	0.147	0.982	0.198	-0.854	-10.437	-7.446	82.32	-7.54	-40.03	-51.973	36.920	-34.400	0.70154	0.53647	-0.36478	-0.29474	25.9	null	null	13113	60
2026-05-27T16:56:09.310	WT901BLE68(F3:F0:16:BF:DC:AE)	0.094	0.963	0.130	-1.038	-10.132	-0.183	82.39	-7.01	-40.79	-48.327	34.767	-45.373	0.70154	0.53647	-0.36478	-0.29474	25.9	null	null	13113	60
2026-05-27T16:56:09.439	WT901BLE68(F3:F0:16:BF:DC:AE)	0.133	0.991	0.138	-7.446	-30.640	6.653	82.22	-7.64	-43.24	-48.327	34.767	-45.373	0.70154	0.53647	-0.36478	-0.29474	25.9	null	null	13113	60
2026-05-27T16:56:09.494	WT901BLE68(F3:F0:16:BF:DC:AE)	0.171	0.966	0.141	-9.644	-13.123	9.766	81.58	-8.75	-45.56	-48.327	34.767	-45.373	0.71405	0.58475	-0.29843	-0.24292	25.9	null	null	13113	60
2026-05-27T16:56:09.615	WT901BLE68(F3:F0:16:BF:DC:AE)	0.198	0.962	0.124	2.747	18.799	3.784	81.15	-9.44	-45.62	-48.327	34.767	-45.373	0.71405	0.58475	-0.29843	-0.24292	25.9	null	null	13113	60
2026-05-27T16:56:09.702	WT901BLE68(F3:F0:16:BF:DC:AE)	0.155	0.995	0.139	3.052	14.404	6.897	81.33	-9.68	-43.75	-48.327	34.767	-45.373	0.71405	0.58475	-0.29843	-0.24292	25.9	null	null	13113	60
2026-05-27T16:56:09.825	WT901BLE68(F3:F0:16:BF:DC:AE)	0.134	1.007	0.176	-6.775	-10.925	8.179	81.20	-10.42	-43.56	-48.327	34.767	-45.373	0.71405	0.58475	-0.29843	-0.24292	25.9	null	null	13113	60
2026-05-27T16:56:09.913	WT901BLE68(F3:F0:16:BF:DC:AE)	0.174	0.965	0.148	-14.221	-22.461	0.671	80.36	-11.06	-45.47	-48.327	34.767	-45.373	0.71405	0.58475	-0.29843	-0.24292	25.9	null	null	13113	60
2026-05-27T16:56:10.031	WT901BLE68(F3:F0:16:BF:DC:AE)	0.208	0.964	0.136	-3.906	-6.409	-4.150	79.72	-11.05	-47.10	-48.327	34.767	-45.373	0.71405	0.58475	-0.29843	-0.24292	25.9	null	null	13113	60
2026-05-27T16:56:10.119	WT901BLE68(F3:F0:16:BF:DC:AE)	0.219	0.953	0.153	-0.122	-5.920	-1.526	79.72	-10.80	-47.81	-48.327	34.767	-45.373	0.71405	0.58475	-0.29843	-0.24292	25.9	null	null	13113	60
2026-05-27T16:56:10.243	WT901BLE68(F3:F0:16:BF:DC:AE)	0.202	0.977	0.171	1.831	2.319	1.892	79.98	-10.89	-48.05	-48.587	37.400	-39.487	0.71405	0.58475	-0.29843	-0.24292	25.9	null	null	13113	60
2026-05-27T16:56:10.301	WT901BLE68(F3:F0:16:BF:DC:AE)	0.189	0.988	0.193	-4.944	-6.653	4.578	79.91	-11.33	-48.27	-48.587	37.400	-39.487	0.71405	0.58475	-0.29843	-0.24292	25.9	null	null	13113	60
2026-05-27T16:56:10.424	WT901BLE68(F3:F0:16:BF:DC:AE)	0.194	0.966	0.170	-5.432	-4.761	-1.648	79.42	-11.65	-48.96	-48.587	37.400	-39.487	0.72272	0.54941	-0.33249	-0.25525	25.9	null	null	13113	60
2026-05-27T16:56:10.512	WT901BLE68(F3:F0:16:BF:DC:AE)	0.226	0.977	0.174	-1.221	7.935	-1.099	79.18	-11.24	-48.80	-48.587	37.400	-39.487	0.72272	0.54941	-0.33249	-0.25525	25.9	null	null	13113	60
2026-05-27T16:56:10.635	WT901BLE68(F3:F0:16:BF:DC:AE)	0.218	0.976	0.205	-10.254	11.963	16.052	78.53	-11.72	-47.27	-48.587	37.400	-39.487	0.72272	0.54941	-0.33249	-0.25525	25.9	null	null	13113	60
2026-05-27T16:56:10.727	WT901BLE68(F3:F0:16:BF:DC:AE)	0.245	0.940	0.199	-19.470	-16.541	14.038	77.05	-13.60	-47.69	-48.587	37.400	-39.487	0.72272	0.54941	-0.33249	-0.25525	25.9	null	null	13113	60
2026-05-27T16:56:10.843	WT901BLE68(F3:F0:16:BF:DC:AE)	0.253	0.937	0.167	-12.695	-20.081	4.822	75.88	-14.76	-49.21	-48.587	37.400	-39.487	0.72272	0.54941	-0.33249	-0.25525	25.9	null	null	13113	60
2026-05-27T16:56:10.902	WT901BLE68(F3:F0:16:BF:DC:AE)	0.125	0.935	0.207	-5.249	-16.907	3.784	75.45	-15.39	-50.20	-48.587	37.400	-39.487	0.72272	0.54941	-0.33249	-0.25525	25.9	null	null	13113	60
2026-05-27T16:56:11.053	WT901BLE68(F3:F0:16:BF:DC:AE)	0.237	0.942	0.229	3.357	-6.287	-7.935	76.11	-15.62	-52.14	-48.587	37.400	-39.487	0.72272	0.54941	-0.33249	-0.25525	25.9	null	null	13113	60
2026-05-27T16:56:11.110	WT901BLE68(F3:F0:16:BF:DC:AE)	0.251	0.946	0.266	6.042	-13.672	-8.789	76.90	-14.86	-53.45	-45.513	40.007	-33.700	0.72272	0.54941	-0.33249	-0.25525	25.9	null	null	13113	60
2026-05-27T16:56:11.233	WT901BLE68(F3:F0:16:BF:DC:AE)	0.211	0.957	0.357	11.841	16.846	-5.249	77.79	-14.26	-53.37	-45.513	40.007	-33.700	0.72272	0.54941	-0.33249	-0.25525	25.9	null	null	13113	60
2026-05-27T16:56:11.323	WT901BLE68(F3:F0:16:BF:DC:AE)	0.502	1.072	0.421	-4.089	30.762	16.296	77.57	-14.23	-52.77	-45.513	40.007	-33.700	0.72461	0.51581	-0.36401	-0.27612	25.9	null	null	13113	60
2026-05-27T16:56:11.443	WT901BLE68(F3:F0:16:BF:DC:AE)	0.228	1.038	0.333	-58.228	108.765	81.177	71.20	-17.07	-41.06	-45.513	40.007	-33.700	0.72461	0.51581	-0.36401	-0.27612	25.9	null	null	13113	60
2026-05-27T16:56:11.533	WT901BLE68(F3:F0:16:BF:DC:AE)	0.310	0.740	0.398	-57.007	-3.479	60.486	62.79	-22.25	-34.44	-45.513	40.007	-33.700	0.72461	0.51581	-0.36401	-0.27612	25.9	null	null	13113	60
2026-05-27T16:56:11.656	WT901BLE68(F3:F0:16:BF:DC:AE)	0.310	0.733	0.403	-23.315	54.932	19.104	57.08	-23.75	-29.68	-45.513	40.007	-33.700	0.72461	0.51581	-0.36401	-0.27612	25.9	null	null	13113	60
2026-05-27T16:56:11.716	WT901BLE68(F3:F0:16:BF:DC:AE)	0.300	0.637	0.445	18.188	32.654	15.808	55.12	-22.02	-25.58	-45.513	40.007	-33.700	0.72461	0.51581	-0.36401	-0.27612	25.9	null	null	13113	60
2026-05-27T16:56:11.863	WT901BLE68(F3:F0:16:BF:DC:AE)	0.373	0.728	0.481	94.543	149.048	39.856	57.80	-20.31	-17.36	-45.513	40.007	-33.700	0.72461	0.51581	-0.36401	-0.27612	25.9	null	null	13113	60
2026-05-27T16:56:11.924	WT901BLE68(F3:F0:16:BF:DC:AE)	0.115	0.852	0.439	88.013	132.385	-7.629	62.71	-13.91	-2.10	-45.513	40.007	-33.700	0.72461	0.51581	-0.36401	-0.27612	25.9	null	null	13113	60
2026-05-27T16:56:12.041	WT901BLE68(F3:F0:16:BF:DC:AE)	0.098	0.960	0.429	35.339	-55.786	-73.853	68.24	-8.53	-2.35	-17.767	41.107	-37.687	0.72461	0.51581	-0.36401	-0.27612	25.9	null	null	13113	60
2026-05-27T16:56:12.134	WT901BLE68(F3:F0:16:BF:DC:AE)	0.317	1.011	0.284	-9.705	-170.593	-48.035	70.36	-6.80	-19.02	-17.767	41.107	-37.687	0.72461	0.51581	-0.36401	-0.27612	25.9	null	null	13113	60
2026-05-27T16:56:12.253	WT901BLE68(F3:F0:16:BF:DC:AE)	0.343	0.938	0.226	-9.033	-135.437	18.616	71.71	-11.29	-34.22	-17.767	41.107	-37.687	0.80258	0.55200	-0.17941	-0.13727	25.9	null	null	13113	60
2026-05-27T16:56:12.313	WT901BLE68(F3:F0:16:BF:DC:AE)	0.289	0.941	0.338	24.292	-3.113	33.508	74.10	-16.64	-39.59	-17.767	41.107	-37.687	0.80258	0.55200	-0.17941	-0.13727	25.9	null	null	13113	60
2026-05-27T16:56:12.434	WT901BLE68(F3:F0:16:BF:DC:AE)	0.140	0.913	0.314	16.357	-28.564	-9.460	76.24	-17.53	-39.78	-17.767	41.107	-37.687	0.80258	0.55200	-0.17941	-0.13727	25.9	null	null	13113	60
2026-05-27T16:56:12.523	WT901BLE68(F3:F0:16:BF:DC:AE)	0.277	0.870	0.299	0.061	-29.419	-40.955	78.10	-15.50	-44.47	-17.767	41.107	-37.687	0.80258	0.55200	-0.17941	-0.13727	25.9	null	null	13113	60
2026-05-27T16:56:12.643	WT901BLE68(F3:F0:16:BF:DC:AE)	0.266	0.957	0.265	-13.672	-44.922	-45.166	77.92	-11.62	-47.91	-17.767	41.107	-37.687	0.80258	0.55200	-0.17941	-0.13727	25.9	null	null	13113	60
2026-05-27T16:56:12.735	WT901BLE68(F3:F0:16:BF:DC:AE)	0.308	0.920	0.233	-31.494	-63.721	-10.254	76.54	-10.15	-53.85	-17.767	41.107	-37.687	0.80258	0.55200	-0.17941	-0.13727	25.9	null	null	13113	60
2026-05-27T16:56:12.854	WT901BLE68(F3:F0:16:BF:DC:AE)	0.364	0.918	0.245	-11.902	-17.944	26.123	75.12	-13.20	-57.81	-17.767	41.107	-37.687	0.80258	0.55200	-0.17941	-0.13727	25.9	null	null	13113	60
2026-05-27T16:56:12.942	WT901BLE68(F3:F0:16:BF:DC:AE)	0.242	0.943	0.289	-10.254	26.611	23.987	73.77	-15.25	-55.11	-46.987	38.840	-33.753	0.80258	0.55200	-0.17941	-0.13727	25.9	null	null	13113	60
2026-05-27T16:56:13.064	WT901BLE68(F3:F0:16:BF:DC:AE)	0.217	0.970	0.257	-26.306	-33.142	37.048	71.59	-18.37	-54.45	-46.987	38.840	-33.753	0.80258	0.55200	-0.17941	-0.13727	25.9	null	null	13113	60
2026-05-27T16:56:13.119	WT901BLE68(F3:F0:16:BF:DC:AE)	0.266	0.877	0.279	2.991	19.226	10.071	70.64	-20.86	-54.62	-46.987	38.840	-33.753	0.75784	0.43903	-0.39224	-0.28098	25.9	null	null	13113	60
2026-05-27T16:56:13.247	WT901BLE68(F3:F0:16:BF:DC:AE)	0.228	0.952	0.326	19.165	35.400	-28.320	71.15	-18.19	-51.36	-46.987	38.840	-33.753	0.75784	0.43903	-0.39224	-0.28098	25.9	null	null	13113	60
2026-05-27T16:56:13.334	WT901BLE68(F3:F0:16:BF:DC:AE)	0.190	0.991	0.339	-6.653	3.113	-33.447	71.64	-13.98	-49.95	-46.987	38.840	-33.753	0.75784	0.43903	-0.39224	-0.28098	25.9	null	null	13113	60
2026-05-27T16:56:13.457	WT901BLE68(F3:F0:16:BF:DC:AE)	0.279	0.858	0.273	-18.433	-51.208	-13.123	70.86	-13.50	-54.43	-46.987	38.840	-33.753	0.75784	0.43903	-0.39224	-0.28098	25.9	null	null	13113	60
2026-05-27T16:56:13.543	WT901BLE68(F3:F0:16:BF:DC:AE)	0.278	0.879	0.246	1.038	-5.554	-17.822	70.80	-12.60	-56.62	-46.987	38.840	-33.753	0.75784	0.43903	-0.39224	-0.28098	25.9	null	null	13113	60
2026-05-27T16:56:13.665	WT901BLE68(F3:F0:16:BF:DC:AE)	0.286	0.927	0.300	5.981	-14.160	5.432	71.78	-12.78	-58.01	-46.987	38.840	-33.753	0.75784	0.43903	-0.39224	-0.28098	25.9	null	null	13113	60
2026-05-27T16:56:13.723	WT901BLE68(F3:F0:16:BF:DC:AE)	0.228	0.938	0.415	12.573	33.936	29.114	72.40	-14.73	-55.96	-46.987	38.840	-33.753	0.75784	0.43903	-0.39224	-0.28098	25.9	null	null	13113	60
2026-05-27T16:56:13.841	WT901BLE68(F3:F0:16:BF:DC:AE)	0.128	0.864	0.397	-12.695	-13.672	8.606	71.20	-15.52	-52.70	-46.867	40.673	-30.400	0.75784	0.43903	-0.39224	-0.28098	25.9	null	null	13113	60
2026-05-27T16:56:13.935	WT901BLE68(F3:F0:16:BF:DC:AE)	0.655	1.182	0.521	-34.973	116.760	53.894	68.07	-16.26	-49.53	-46.867	40.673	-30.400	0.75784	0.43903	-0.39224	-0.28098	25.9	null	null	13113	60
2026-05-27T16:56:14.050	WT901BLE68(F3:F0:16:BF:DC:AE)	0.236	1.063	0.708	-89.783	83.008	132.935	55.77	-21.87	-33.06	-46.867	40.673	-30.400	0.81943	0.43243	-0.30783	-0.21603	25.9	null	null	13113	60
2026-05-27T16:56:14.144	WT901BLE68(F3:F0:16:BF:DC:AE)	0.095	0.547	0.499	-88.135	40.466	38.208	43.00	-23.70	-23.63	-46.867	40.673	-30.400	0.81943	0.43243	-0.30783	-0.21603	25.9	null	null	13113	60
2026-05-27T16:56:14.265	WT901BLE68(F3:F0:16:BF:DC:AE)	0.321	0.458	0.468	-35.583	80.444	-29.785	36.83	-18.15	-21.37	-46.867	40.673	-30.400	0.81943	0.43243	-0.30783	-0.21603	25.9	null	null	13113	60
2026-05-27T16:56:14.354	WT901BLE68(F3:F0:16:BF:DC:AE)	0.256	0.537	0.620	6.592	61.218	-1.709	36.09	-10.89	-19.20	-46.867	40.673	-30.400	0.81943	0.43243	-0.30783	-0.21603	25.9	null	null	13113	60
2026-05-27T16:56:14.473	WT901BLE68(F3:F0:16:BF:DC:AE)	0.261	0.567	0.752	9.949	-8.545	10.742	36.95	-11.30	-19.39	-46.867	40.673	-30.400	0.81943	0.43243	-0.30783	-0.21603	25.9	null	null	13113	60
2026-05-27T16:56:14.530	WT901BLE68(F3:F0:16:BF:DC:AE)	0.098	0.556	0.677	-9.094	-28.320	-5.859	36.84	-11.91	-20.63	-46.867	40.673	-30.400	0.81943	0.43243	-0.30783	-0.21603	25.9	null	null	13113	60
2026-05-27T16:56:14.654	WT901BLE68(F3:F0:16:BF:DC:AE)	0.278	0.569	0.699	12.939	-79.712	-27.771	38.69	-16.17	-27.24	-46.867	40.673	-30.400	0.81943	0.43243	-0.30783	-0.21603	25.9	null	null	13113	60
2026-05-27T16:56:14.741	WT901BLE68(F3:F0:16:BF:DC:AE)	0.493	0.692	0.747	7.690	-126.099	-37.842	43.04	-21.02	-38.64	-27.007	42.020	-7.387	0.81943	0.43243	-0.30783	-0.21603	25.9	null	null	13113	60
2026-05-27T16:56:14.862	WT901BLE68(F3:F0:16:BF:DC:AE)	0.575	0.660	0.739	38.940	-59.631	-4.578	48.93	-27.31	-48.54	-27.007	42.020	-7.387	0.81943	0.43243	-0.30783	-0.21603	25.9	null	null	13113	60
2026-05-27T16:56:14.953	WT901BLE68(F3:F0:16:BF:DC:AE)	0.424	0.660	0.639	46.204	12.634	21.667	53.15	-28.77	-48.50	-27.007	42.020	-7.387	0.83755	0.28775	-0.37686	-0.27121	25.9	null	null	13113	60
2026-05-27T16:56:15.075	WT901BLE68(F3:F0:16:BF:DC:AE)	0.490	0.677	0.577	46.204	40.588	28.625	55.46	-29.81	-44.41	-27.007	42.020	-7.387	0.83755	0.28775	-0.37686	-0.27121	25.9	null	null	13113	60
2026-05-27T16:56:15.132	WT901BLE68(F3:F0:16:BF:DC:AE)	0.478	0.762	0.543	25.757	38.757	20.447	55.99	-29.36	-38.05	-27.007	42.020	-7.387	0.83755	0.28775	-0.37686	-0.27121	25.9	null	null	13113	60
2026-05-27T16:56:15.252	WT901BLE68(F3:F0:16:BF:DC:AE)	0.473	0.731	0.535	-15.747	-7.813	9.338	54.92	-29.33	-35.10	-27.007	42.020	-7.387	0.83755	0.28775	-0.37686	-0.27121	25.9	null	null	13113	60
2026-05-27T16:56:15.341	WT901BLE68(F3:F0:16:BF:DC:AE)	0.511	0.631	0.486	-21.851	-30.090	3.479	53.45	-31.09	-36.57	-27.007	42.020	-7.387	0.83755	0.28775	-0.37686	-0.27121	25.9	null	null	13113	60
2026-05-27T16:56:15.463	WT901BLE68(F3:F0:16:BF:DC:AE)	0.586	0.527	0.454	6.165	-19.531	4.028	53.06	-32.74	-38.13	-27.007	42.020	-7.387	0.83755	0.28775	-0.37686	-0.27121	25.9	null	null	13113	60
2026-05-27T16:56:15.551	WT901BLE68(F3:F0:16:BF:DC:AE)	0.530	0.683	0.389	29.236	16.968	7.385	54.39	-33.07	-36.56	-27.007	42.020	-7.387	0.83755	0.28775	-0.37686	-0.27121	25.9	null	null	13113	60
2026-05-27T16:56:15.679	WT901BLE68(F3:F0:16:BF:DC:AE)	0.608	0.846	0.413	52.612	30.029	-14.771	57.62	-32.27	-34.85	-19.240	43.487	-24.487	0.83755	0.28775	-0.37686	-0.27121	25.9	null	null	13113	60
2026-05-27T16:56:15.761	WT901BLE68(F3:F0:16:BF:DC:AE)	0.529	0.874	0.441	80.322	57.922	10.193	62.22	-29.54	-30.69	-19.240	43.487	-24.487	0.83755	0.28775	-0.37686	-0.27121	25.9	null	null	13113	60
2026-05-27T16:56:15.883	WT901BLE68(F3:F0:16:BF:DC:AE)	0.471	0.821	0.346	94.666	145.508	21.851	66.01	-27.40	-20.07	-19.240	43.487	-24.487	0.82855	0.44849	-0.32816	-0.06750	25.9	null	null	13113	60
2026-05-27T16:56:15.940	WT901BLE68(F3:F0:16:BF:DC:AE)	0.283	0.856	0.358	69.397	78.613	-9.583	68.72	-23.27	-6.70	-19.240	43.487	-24.487	0.82855	0.44849	-0.32816	-0.06750	25.9	null	null	13113	60
2026-05-27T16:56:16.062	WT901BLE68(F3:F0:16:BF:DC:AE)	0.341	0.908	0.336	18.372	-30.884	-23.193	72.03	-20.34	-4.94	-19.240	43.487	-24.487	0.82855	0.44849	-0.32816	-0.06750	25.9	null	null	13113	60
2026-05-27T16:56:16.183	WT901BLE68(F3:F0:16:BF:DC:AE)	0.401	0.796	0.346	18.616	-20.508	-18.738	74.88	-19.56	-9.96	-19.240	43.487	-24.487	0.82855	0.44849	-0.32816	-0.06750	25.9	null	null	13113	60
2026-05-27T16:56:16.273	WT901BLE68(F3:F0:16:BF:DC:AE)	0.348	0.918	0.342	12.756	-14.099	-28.137	76.67	-17.93	-12.27	-19.240	43.487	-24.487	0.82855	0.44849	-0.32816	-0.06750	25.9	null	null	13113	60
2026-05-27T16:56:16.361	WT901BLE68(F3:F0:16:BF:DC:AE)	0.222	1.097	0.277	-48.279	-86.182	-23.193	76.50	-16.17	-17.40	-19.240	43.487	-24.487	0.82855	0.44849	-0.32816	-0.06750	25.9	null	null	13113	60
2026-05-27T16:56:16.483	WT901BLE68(F3:F0:16:BF:DC:AE)	0.300	0.938	0.193	-82.642	-172.607	6.409	73.20	-19.32	-32.14	-19.240	43.487	-24.487	0.82855	0.44849	-0.32816	-0.06750	25.9	null	null	13113	60
2026-05-27T16:56:16.538	WT901BLE68(F3:F0:16:BF:DC:AE)	0.349	0.825	0.181	-35.950	-42.542	-13.245	71.54	-22.40	-43.66	-29.080	40.967	-42.607	0.82855	0.44849	-0.32816	-0.06750	25.9	null	null	13113	60
2026-05-27T16:56:16.664	WT901BLE68(F3:F0:16:BF:DC:AE)	0.275	0.802	0.170	1.953	-5.859	-36.987	71.15	-20.12	-45.70	-29.080	40.967	-42.607	0.82855	0.44849	-0.32816	-0.06750	25.9	null	null	13113	60
2026-05-27T16:56:16.749	WT901BLE68(F3:F0:16:BF:DC:AE)	0.279	0.973	0.205	-2.319	-20.325	-39.673	72.52	-16.29	-47.90	-29.080	40.967	-42.607	0.77374	0.47751	-0.34988	-0.22534	25.9	null	null	13113	60
2026-05-27T16:56:16.877	WT901BLE68(F3:F0:16:BF:DC:AE)	0.321	0.971	0.204	-15.198	-76.355	6.165	73.23	-16.41	-53.77	-29.080	40.967	-42.607	0.77374	0.47751	-0.34988	-0.22534	25.9	null	null	13113	60
2026-05-27T16:56:16.963	WT901BLE68(F3:F0:16:BF:DC:AE)	0.169	0.499	0.229	6.592	-1.160	6.165	74.91	-19.04	-58.26	-29.080	40.967	-42.607	0.77374	0.47751	-0.34988	-0.22534	25.9	null	null	13113	60
2026-05-27T16:56:17.086	WT901BLE68(F3:F0:16:BF:DC:AE)	0.449	0.806	0.325	-51.819	-98.022	-3.845	74.28	-21.79	-68.99	-29.080	40.967	-42.607	0.77374	0.47751	-0.34988	-0.22534	25.9	null	null	13113	60
2026-05-27T16:56:17.173	WT901BLE68(F3:F0:16:BF:DC:AE)	0.319	0.917	0.187	-30.273	41.565	-19.287	70.26	-20.19	-68.29	-29.080	40.967	-42.607	0.77374	0.47751	-0.34988	-0.22534	25.9	null	null	13113	60
2026-05-27T16:56:17.295	WT901BLE68(F3:F0:16:BF:DC:AE)	0.374	0.882	0.183	15.991	-46.631	12.329	69.74	-20.34	-69.44	-29.080	40.967	-42.607	0.77374	0.47751	-0.34988	-0.22534	25.9	null	null	13113	60
2026-05-27T16:56:17.350	WT901BLE68(F3:F0:16:BF:DC:AE)	0.270	0.888	0.289	35.522	39.185	-13.794	72.92	-19.95	-67.35	-29.080	40.967	-42.607	0.77374	0.47751	-0.34988	-0.22534	25.9	null	null	13113	60
2026-05-27T16:56:17.474	WT901BLE68(F3:F0:16:BF:DC:AE)	0.490	0.928	0.358	-12.878	-73.120	-22.888	75.59	-20.29	-73.06	-46.700	40.893	-25.793	0.77374	0.47751	-0.34988	-0.22534	25.9	null	null	13113	60
2026-05-27T16:56:17.562	WT901BLE68(F3:F0:16:BF:DC:AE)	0.342	0.878	0.229	19.287	58.960	-19.287	75.61	-17.81	-70.97	-46.700	40.893	-25.793	0.77374	0.47751	-0.34988	-0.22534	25.9	null	null	13113	60
2026-05-27T16:56:17.681	WT901BLE68(F3:F0:16:BF:DC:AE)	0.347	0.948	0.250	17.029	16.907	-1.953	76.53	-16.02	-67.23	-46.700	40.893	-25.793	0.69473	0.44089	-0.43530	-0.36517	25.9	null	null	13113	60
2026-05-27T16:56:17.771	WT901BLE68(F3:F0:16:BF:DC:AE)	0.232	0.940	0.303	18.799	70.068	12.695	76.93	-16.17	-62.23	-46.700	40.893	-25.793	0.69473	0.44089	-0.43530	-0.36517	25.9	null	null	13113	60
2026-05-27T16:56:17.895	WT901BLE68(F3:F0:16:BF:DC:AE)	0.237	0.947	0.268	4.822	33.020	-1.221	76.47	-15.23	-56.35	-46.700	40.893	-25.793	0.69473	0.44089	-0.43530	-0.36517	25.9	null	null	13113	60
2026-05-27T16:56:17.957	WT901BLE68(F3:F0:16:BF:DC:AE)	0.271	0.934	0.223	-8.850	2.441	3.723	75.51	-14.79	-54.46	-46.700	40.893	-25.793	0.69473	0.44089	-0.43530	-0.36517	25.9	null	null	13113	60
2026-05-27T16:56:18.075	WT901BLE68(F3:F0:16:BF:DC:AE)	0.282	0.932	0.210	3.174	28.076	11.414	74.86	-15.30	-52.55	-46.700	40.893	-25.793	0.69473	0.44089	-0.43530	-0.36517	25.9	null	null	13113	60
2026-05-27T16:56:18.162	WT901BLE68(F3:F0:16:BF:DC:AE)	0.276	0.931	0.196	7.019	34.485	14.038	74.62	-15.80	-49.00	-46.700	40.893	-25.793	0.69473	0.44089	-0.43530	-0.36517	25.9	null	null	13113	60
2026-05-27T16:56:18.284	WT901BLE68(F3:F0:16:BF:DC:AE)	0.246	0.959	0.204	13.794	41.382	18.372	74.73	-16.46	-45.06	-46.700	40.893	-25.793	0.69473	0.44089	-0.43530	-0.36517	25.9	null	null	13113	60
2026-05-27T16:56:18.377	WT901BLE68(F3:F0:16:BF:DC:AE)	0.165	0.957	0.234	8.118	17.090	4.150	74.91	-16.64	-41.50	-41.000	40.553	-38.760	0.69473	0.44089	-0.43530	-0.36517	25.9	null	null	13113	60
2026-05-27T16:56:18.492	WT901BLE68(F3:F0:16:BF:DC:AE)	0.236	0.918	0.228	8.789	-5.432	-16.479	75.88	-15.52	-41.80	-41.000	40.553	-38.760	0.69473	0.44089	-0.43530	-0.36517	25.9	null	null	13113	60
2026-05-27T16:56:18.549	WT901BLE68(F3:F0:16:BF:DC:AE)	0.311	0.938	0.205	8.301	10.254	-15.137	76.87	-13.84	-42.29	-41.000	40.553	-38.760	0.75522	0.53625	-0.31470	-0.20718	25.9	null	null	13113	60
2026-05-27T16:56:18.708	WT901BLE68(F3:F0:16:BF:DC:AE)	0.298	0.922	0.210	8.362	18.127	5.127	77.38	-13.21	-41.02	-41.000	40.553	-38.760	0.75522	0.53625	-0.31470	-0.20718	25.9	null	null	13113	60
2026-05-27T16:56:18.764	WT901BLE68(F3:F0:16:BF:DC:AE)	0.244	0.977	0.226	3.540	23.254	15.137	77.34	-14.00	-38.43	-41.000	40.553	-38.760	0.75522	0.53625	-0.31470	-0.20718	25.9	null	null	13113	60
2026-05-27T16:56:18.884	WT901BLE68(F3:F0:16:BF:DC:AE)	0.223	0.969	0.225	-6.348	5.432	8.728	76.72	-14.95	-36.97	-41.000	40.553	-38.760	0.75522	0.53625	-0.31470	-0.20718	25.9	null	null	13113	60
2026-05-27T16:56:18.976	WT901BLE68(F3:F0:16:BF:DC:AE)	0.258	0.949	0.200	-6.226	-7.507	-3.845	76.12	-15.03	-37.51	-41.000	40.553	-38.760	0.75522	0.53625	-0.31470	-0.20718	25.9	null	null	13113	60
2026-05-27T16:56:19.095	WT901BLE68(F3:F0:16:BF:DC:AE)	0.286	0.935	0.199	0.916	-4.028	-1.709	76.21	-14.85	-38.43	-41.000	40.553	-38.760	0.75522	0.53625	-0.31470	-0.20718	25.9	null	null	13113	60
2026-05-27T16:56:19.183	WT901BLE68(F3:F0:16:BF:DC:AE)	0.277	0.938	0.215	3.418	0.671	1.160	76.58	-14.93	-38.56	-41.000	40.553	-38.760	0.75522	0.53625	-0.31470	-0.20718	25.9	null	null	13113	60
2026-05-27T16:56:19.301	WT901BLE68(F3:F0:16:BF:DC:AE)	0.267	0.944	0.217	1.953	1.221	2.625	76.83	-15.17	-38.55	-37.367	39.020	-43.733	0.75522	0.53625	-0.31470	-0.20718	25.9	null	null	13113	60
2026-05-27T16:56:19.361	WT901BLE68(F3:F0:16:BF:DC:AE)	0.271	0.952	0.227	-0.671	-4.395	0.977	76.97	-15.45	-38.98	-37.367	39.020	-43.733	0.75522	0.53625	-0.31470	-0.20718	25.9	null	null	13113	60
2026-05-27T16:56:19.480	WT901BLE68(F3:F0:16:BF:DC:AE)	0.259	0.957	0.200	-1.648	-10.010	1.587	76.95	-15.74	-39.76	-37.367	39.020	-43.733	0.75891	0.54501	-0.30667	-0.18130	25.9	null	null	13113	60
2026-05-27T16:56:19.575	WT901BLE68(F3:F0:16:BF:DC:AE)	0.268	0.926	0.227	-3.479	-23.560	-2.869	77.28	-16.01	-41.79	-37.367	39.020	-43.733	0.75891	0.54501	-0.30667	-0.18130	25.9	null	null	13113	60
2026-05-27T16:56:19.697	WT901BLE68(F3:F0:16:BF:DC:AE)	0.307	0.925	0.239	-4.639	-19.958	-8.667	77.48	-15.94	-44.23	-37.367	39.020	-43.733	0.75891	0.54501	-0.30667	-0.18130	25.9	null	null	13113	60
2026-05-27T16:56:19.781	WT901BLE68(F3:F0:16:BF:DC:AE)	0.329	0.961	0.212	0.244	1.465	-7.935	77.45	-15.35	-45.22	-37.367	39.020	-43.733	0.75891	0.54501	-0.30667	-0.18130	25.9	null	null	13113	60
2026-05-27T16:56:19.905	WT901BLE68(F3:F0:16:BF:DC:AE)	0.282	0.953	0.191	3.418	8.301	1.831	77.46	-15.11	-44.25	-37.367	39.020	-43.733	0.75891	0.54501	-0.30667	-0.18130	25.9	null	null	13113	60
2026-05-27T16:56:19.993	WT901BLE68(F3:F0:16:BF:DC:AE)	0.262	0.932	0.201	6.653	12.878	6.104	77.76	-15.47	-43.25	-37.367	39.020	-43.733	0.75891	0.54501	-0.30667	-0.18130	25.9	null	null	13113	60
2026-05-27T16:56:20.115	WT901BLE68(F3:F0:16:BF:DC:AE)	0.223	0.950	0.217	7.568	14.893	2.625	78.02	-15.55	-41.67	-37.367	39.020	-43.733	0.75891	0.54501	-0.30667	-0.18130	25.9	null	null	13113	60
2026-05-27T16:56:20.174	WT901BLE68(F3:F0:16:BF:DC:AE)	0.220	0.938	0.182	-0.732	-1.892	-1.770	78.16	-15.30	-41.17	-39.753	38.400	-43.927	0.75891	0.54501	-0.30667	-0.18130	25.9	null	null	13113	60
2026-05-27T16:56:20.293	WT901BLE68(F3:F0:16:BF:DC:AE)	0.243	0.960	0.192	2.502	-6.592	-5.371	78.41	-14.94	-41.86	-39.753	38.400	-43.927	0.75891	0.54501	-0.30667	-0.18130	25.9	null	null	13113	60
2026-05-27T16:56:20.384	WT901BLE68(F3:F0:16:BF:DC:AE)	0.263	0.958	0.205	-2.747	-9.827	-3.784	78.70	-14.59	-43.01	-39.753	38.400	-43.927	0.74539	0.54993	-0.31891	-0.20038	25.9	null	null	13113	60
2026-05-27T16:56:20.503	WT901BLE68(F3:F0:16:BF:DC:AE)	0.249	0.942	0.202	-4.150	-10.681	-0.061	78.54	-14.52	-43.96	-39.753	38.400	-43.927	0.74539	0.54993	-0.31891	-0.20038	25.9	null	null	13113	60
2026-05-27T16:56:20.594	WT901BLE68(F3:F0:16:BF:DC:AE)	0.246	0.941	0.198	-3.723	-10.132	-0.671	78.38	-14.74	-45.04	-39.753	38.400	-43.927	0.74539	0.54993	-0.31891	-0.20038	25.9	null	null	13113	60
2026-05-27T16:56:20.713	WT901BLE68(F3:F0:16:BF:DC:AE)	0.242	0.954	0.203	-0.549	-3.052	-2.319	78.35	-14.66	-45.68	-39.753	38.400	-43.927	0.74539	0.54993	-0.31891	-0.20038	25.9	null	null	13113	60
2026-05-27T16:56:20.774	WT901BLE68(F3:F0:16:BF:DC:AE)	0.239	0.959	0.213	-2.686	-5.920	-0.488	78.32	-14.58	-46.03	-39.753	38.400	-43.927	0.74539	0.54993	-0.31891	-0.20038	25.9	null	null	13113	60
2026-05-27T16:56:20.895	WT901BLE68(F3:F0:16:BF:DC:AE)	0.253	0.948	0.210	-4.333	-6.287	0.000	78.11	-14.69	-46.70	-39.753	38.400	-43.927	0.74539	0.54993	-0.31891	-0.20038	25.9	null	null	13113	60
2026-05-27T16:56:20.993	WT901BLE68(F3:F0:16:BF:DC:AE)	0.256	0.944	0.201	-1.282	1.038	0.793	77.83	-14.74	-46.88	-39.753	38.400	-43.927	0.74539	0.54993	-0.31891	-0.20038	25.9	null	null	13113	60
2026-05-27T16:56:21.103	WT901BLE68(F3:F0:16:BF:DC:AE)	0.253	0.953	0.221	-0.732	1.465	1.038	77.70	-14.80	-46.64	-42.873	38.753	-40.427	0.74539	0.54993	-0.31891	-0.20038	25.9	null	null	13113	60
2026-05-27T16:56:21.193	WT901BLE68(F3:F0:16:BF:DC:AE)	0.271	0.957	0.210	-3.296	3.357	1.160	77.44	-14.85	-46.40	-42.873	38.753	-40.427	0.74539	0.54993	-0.31891	-0.20038	25.9	null	null	13113	60
2026-05-27T16:56:21.314	WT901BLE68(F3:F0:16:BF:DC:AE)	0.230	0.942	0.184	0.305	19.531	4.211	76.86	-14.64	-44.63	-42.873	38.753	-40.427	0.74399	0.53018	-0.33557	-0.22949	25.9	null	null	13113	60
2026-05-27T16:56:21.403	WT901BLE68(F3:F0:16:BF:DC:AE)	0.223	0.957	0.219	2.197	1.343	2.686	76.82	-14.86	-43.70	-42.873	38.753	-40.427	0.74399	0.53018	-0.33557	-0.22949	25.9	null	null	13113	60
2026-05-27T16:56:21.523	WT901BLE68(F3:F0:16:BF:DC:AE)	0.240	0.955	0.221	-0.793	-1.282	-1.831	76.96	-14.79	-43.71	-42.873	38.753	-40.427	0.74399	0.53018	-0.33557	-0.22949	25.9	null	null	13113	60
2026-05-27T16:56:21.581	WT901BLE68(F3:F0:16:BF:DC:AE)	0.252	0.949	0.206	-3.418	-5.310	0.671	76.85	-14.70	-44.10	-42.873	38.753	-40.427	0.74399	0.53018	-0.33557	-0.22949	25.9	null	null	13113	60
2026-05-27T16:56:21.707	WT901BLE68(F3:F0:16:BF:DC:AE)	0.237	0.950	0.219	-3.845	-8.301	2.869	76.69	-15.00	-44.84	-42.873	38.753	-40.427	0.74399	0.53018	-0.33557	-0.22949	25.9	null	null	13113	60
2026-05-27T16:56:21.821	WT901BLE68(F3:F0:16:BF:DC:AE)	0.233	0.953	0.230	-8.057	-15.564	-2.014	76.47	-15.30	-46.01	-42.873	38.753	-40.427	0.74399	0.53018	-0.33557	-0.22949	25.9	null	null	13113	60
2026-05-27T16:56:21.912	WT901BLE68(F3:F0:16:BF:DC:AE)	0.268	0.939	0.212	-7.324	-18.921	-5.066	76.22	-15.31	-47.97	-42.873	38.753	-40.427	0.74399	0.53018	-0.33557	-0.22949	25.9	null	null	13113	60
2026-05-27T16:56:22.003	WT901BLE68(F3:F0:16:BF:DC:AE)	0.276	0.936	0.195	-3.418	-11.414	-7.385	76.17	-14.97	-49.37	-42.827	39.807	-37.973	0.74399	0.53018	-0.33557	-0.22949	25.9	null	null	13113	60
2026-05-27T16:56:22.124	WT901BLE68(F3:F0:16:BF:DC:AE)	0.264	0.942	0.207	-2.869	-21.484	-3.967	76.41	-14.84	-51.05	-42.827	39.807	-37.973	0.74399	0.53018	-0.33557	-0.22949	25.9	null	null	13113	60
2026-05-27T16:56:22.181	WT901BLE68(F3:F0:16:BF:DC:AE)	0.266	0.942	0.227	-5.066	-27.466	-5.981	76.76	-15.00	-53.54	-42.827	39.807	-37.973	0.73370	0.50650	-0.36276	-0.27094	25.9	null	null	13113	60
2026-05-27T16:56:22.304	WT901BLE68(F3:F0:16:BF:DC:AE)	0.290	0.940	0.214	-4.639	-25.452	-6.958	76.99	-15.03	-56.22	-42.827	39.807	-37.973	0.73370	0.50650	-0.36276	-0.27094	25.9	null	null	13113	60
2026-05-27T16:56:22.393	WT901BLE68(F3:F0:16:BF:DC:AE)	0.299	0.942	0.220	-0.732	-13.184	-5.737	77.30	-14.88	-57.97	-42.827	39.807	-37.973	0.73370	0.50650	-0.36276	-0.27094	25.9	null	null	13113	60
2026-05-27T16:56:22.514	WT901BLE68(F3:F0:16:BF:DC:AE)	0.286	0.939	0.212	-5.066	-12.085	-0.793	77.33	-14.96	-58.96	-42.827	39.807	-37.973	0.73370	0.50650	-0.36276	-0.27094	25.9	null	null	13113	60
2026-05-27T16:56:22.604	WT901BLE68(F3:F0:16:BF:DC:AE)	0.269	0.924	0.176	-0.183	-6.104	-2.136	77.24	-15.13	-59.52	-42.827	39.807	-37.973	0.73370	0.50650	-0.36276	-0.27094	25.9	null	null	13113	60
2026-05-27T16:56:22.729	WT901BLE68(F3:F0:16:BF:DC:AE)	0.261	0.938	0.177	9.644	2.502	-2.930	77.88	-14.94	-59.53	-42.827	39.807	-37.973	0.73370	0.50650	-0.36276	-0.27094	25.9	null	null	13113	60
2026-05-27T16:56:22.813	WT901BLE68(F3:F0:16:BF:DC:AE)	0.214	0.971	0.240	1.526	-9.277	3.174	78.66	-15.03	-59.36	-42.827	39.807	-37.973	0.73370	0.50650	-0.36276	-0.27094	25.9	null	null	13113	60
2026-05-27T16:56:22.931	WT901BLE68(F3:F0:16:BF:DC:AE)	0.273	0.980	0.236	-24.963	-44.800	-0.671	77.70	-16.02	-63.50	-49.913	38.293	-32.940	0.73370	0.50650	-0.36276	-0.27094	25.9	null	null	13113	60
2026-05-27T16:56:22.994	WT901BLE68(F3:F0:16:BF:DC:AE)	0.257	0.909	0.206	-8.423	-28.687	-12.146	77.01	-15.77	-65.91	-49.913	38.293	-32.940	0.73370	0.50650	-0.36276	-0.27094	25.9	null	null	13113	60
2026-05-27T16:56:23.113	WT901BLE68(F3:F0:16:BF:DC:AE)	0.266	0.940	0.253	3.662	-2.808	-14.465	77.28	-14.72	-67.35	-49.913	38.293	-32.940	0.69257	0.45718	-0.42786	-0.35797	25.9	null	null	13113	60
2026-05-27T16:56:23.202	WT901BLE68(F3:F0:16:BF:DC:AE)	0.238	0.932	0.257	-4.822	-15.747	-8.057	77.33	-13.72	-67.61	-49.913	38.293	-32.940	0.69257	0.45718	-0.42786	-0.35797	25.9	null	null	13113	60
2026-05-27T16:56:23.324	WT901BLE68(F3:F0:16:BF:DC:AE)	0.293	0.945	0.255	1.099	1.343	-9.521	77.20	-13.38	-68.66	-49.913	38.293	-32.940	0.69257	0.45718	-0.42786	-0.35797	25.9	null	null	13113	60
2026-05-27T16:56:23.413	WT901BLE68(F3:F0:16:BF:DC:AE)	0.272	0.929	0.196	7.263	28.076	-1.587	77.31	-12.55	-66.34	-49.913	38.293	-32.940	0.69257	0.45718	-0.42786	-0.35797	25.9	null	null	13113	60
2026-05-27T16:56:23.534	WT901BLE68(F3:F0:16:BF:DC:AE)	0.266	0.987	0.199	4.822	46.326	14.038	77.32	-12.63	-62.95	-49.913	38.293	-32.940	0.69257	0.45718	-0.42786	-0.35797	25.9	null	null	13113	60
2026-05-27T16:56:23.591	WT901BLE68(F3:F0:16:BF:DC:AE)	0.176	0.975	0.175	-16.602	-27.710	30.457	76.26	-14.84	-60.56	-49.913	38.293	-32.940	0.69257	0.45718	-0.42786	-0.35797	25.9	null	null	13113	60
2026-05-27T16:56:23.716	WT901BLE68(F3:F0:16:BF:DC:AE)	0.246	0.947	0.180	-7.935	-5.188	12.146	75.52	-17.24	-62.34	-49.913	38.293	-32.940	0.69257	0.45718	-0.42786	-0.35797	25.9	null	null	13113	60
2026-05-27T16:56:23.798	WT901BLE68(F3:F0:16:BF:DC:AE)	0.075	0.970	0.266	-11.047	-39.429	-15.503	74.99	-16.24	-61.62	-50.013	39.473	-27.787	0.69257	0.45718	-0.42786	-0.35797	25.9	null	null	13113	60
2026-05-27T16:56:23.919	WT901BLE68(F3:F0:16:BF:DC:AE)	0.332	0.929	0.285	-19.165	-69.458	-23.743	75.47	-15.99	-69.67	-50.013	39.473	-27.787	0.69257	0.45718	-0.42786	-0.35797	25.9	null	null	13113	60
2026-05-27T16:56:24.012	WT901BLE68(F3:F0:16:BF:DC:AE)	0.365	0.923	0.264	-3.052	-15.686	-17.944	75.56	-14.79	-73.38	-50.013	39.473	-27.787	0.68298	0.42819	-0.44263	-0.39258	25.9	null	null	13113	60
2026-05-27T16:56:24.132	WT901BLE68(F3:F0:16:BF:DC:AE)	0.370	0.920	0.285	3.967	23.987	4.944	75.59	-14.47	-72.60	-50.013	39.473	-27.787	0.68298	0.42819	-0.44263	-0.39258	25.9	null	null	13113	60
2026-05-27T16:56:24.223	WT901BLE68(F3:F0:16:BF:DC:AE)	0.368	0.896	0.327	0.854	15.503	20.325	75.14	-15.95	-70.51	-50.013	39.473	-27.787	0.68298	0.42819	-0.44263	-0.39258	25.9	null	null	13113	60
2026-05-27T16:56:24.342	WT901BLE68(F3:F0:16:BF:DC:AE)	0.305	0.938	0.249	7.935	75.928	19.836	73.89	-16.55	-64.03	-50.013	39.473	-27.787	0.68298	0.42819	-0.44263	-0.39258	25.9	null	null	13113	60
2026-05-27T16:56:24.403	WT901BLE68(F3:F0:16:BF:DC:AE)	0.201	0.927	0.225	5.249	44.495	29.419	72.45	-17.11	-56.68	-50.013	39.473	-27.787	0.68298	0.42819	-0.44263	-0.39258	25.9	null	null	13113	60
2026-05-27T16:56:24.525	WT901BLE68(F3:F0:16:BF:DC:AE)	0.226	0.938	0.252	13.367	29.358	16.235	72.46	-18.29	-53.44	-50.013	39.473	-27.787	0.68298	0.42819	-0.44263	-0.39258	25.9	null	null	13113	60
2026-05-27T16:56:24.615	WT901BLE68(F3:F0:16:BF:DC:AE)	0.131	0.967	0.318	16.479	30.640	-0.977	73.06	-17.36	-49.36	-50.013	39.473	-27.787	0.68298	0.42819	-0.44263	-0.39258	25.9	null	null	13113	60
2026-05-27T16:56:24.736	WT901BLE68(F3:F0:16:BF:DC:AE)	0.213	0.946	0.335	-9.766	-50.293	-15.137	73.76	-16.51	-52.06	-45.380	40.047	-30.333	0.68298	0.42819	-0.44263	-0.39258	25.9	null	null	13113	60
2026-05-27T16:56:24.823	WT901BLE68(F3:F0:16:BF:DC:AE)	0.327	0.888	0.245	-12.329	-35.034	-20.142	73.77	-15.75	-56.96	-45.380	40.047	-30.333	0.68298	0.42819	-0.44263	-0.39258	25.9	null	null	13113	60
2026-05-27T16:56:24.942	WT901BLE68(F3:F0:16:BF:DC:AE)	0.383	0.854	0.179	19.531	13.794	-18.066	74.50	-14.32	-58.45	-45.380	40.047	-30.333	0.73196	0.46841	-0.38190	-0.31439	25.9	null	null	13113	60
2026-05-27T16:56:25.001	WT901BLE68(F3:F0:16:BF:DC:AE)	0.344	0.925	0.227	40.344	75.745	-2.441	77.05	-12.40	-53.02	-45.380	40.047	-30.333	0.73196	0.46841	-0.38190	-0.31439	25.9	null	null	13113	60
2026-05-27T16:56:25.125	WT901BLE68(F3:F0:16:BF:DC:AE)	0.324	1.004	0.324	13.123	32.593	19.775	78.39	-12.91	-48.19	-45.380	40.047	-30.333	0.73196	0.46841	-0.38190	-0.31439	25.9	null	null	13113	60
2026-05-27T16:56:25.216	WT901BLE68(F3:F0:16:BF:DC:AE)	0.276	0.939	0.207	-5.066	57.617	19.043	76.77	-14.02	-42.53	-45.380	40.047	-30.333	0.73196	0.46841	-0.38190	-0.31439	25.9	null	null	13113	60
2026-05-27T16:56:25.334	WT901BLE68(F3:F0:16:BF:DC:AE)	0.333	0.902	0.127	11.658	52.246	16.724	75.73	-14.79	-37.68	-45.380	40.047	-30.333	0.73196	0.46841	-0.38190	-0.31439	25.9	null	null	13113	60
2026-05-27T16:56:25.423	WT901BLE68(F3:F0:16:BF:DC:AE)	0.345	0.953	0.144	28.931	77.515	18.494	76.50	-14.91	-30.89	-45.380	40.047	-30.333	0.73196	0.46841	-0.38190	-0.31439	25.9	null	null	13113	60
2026-05-27T16:56:25.544	WT901BLE68(F3:F0:16:BF:DC:AE)	0.247	1.004	0.159	11.475	73.853	40.100	76.28	-16.23	-22.55	-45.380	40.047	-30.333	0.73196	0.46841	-0.38190	-0.31439	25.9	null	null	13113	60
2026-05-27T16:56:25.632	WT901BLE68(F3:F0:16:BF:DC:AE)	0.205	0.981	0.202	1.709	26.733	38.391	75.35	-19.32	-18.14	-29.040	38.727	-46.500	0.73196	0.46841	-0.38190	-0.31439	25.9	null	null	13113	60
2026-05-27T16:56:25.756	WT901BLE68(F3:F0:16:BF:DC:AE)	0.201	0.937	0.207	1.831	7.019	-1.038	75.06	-19.89	-16.89	-29.040	38.727	-46.500	0.73196	0.46841	-0.38190	-0.31439	25.9	null	null	13113	60
2026-05-27T16:56:25.810	WT901BLE68(F3:F0:16:BF:DC:AE)	0.269	0.939	0.207	1.038	-17.334	-19.714	75.86	-18.40	-18.93	-29.040	38.727	-46.500	0.78613	0.57593	-0.22311	-0.02051	25.9	null	null	13113	60
2026-05-27T16:56:25.934	WT901BLE68(F3:F0:16:BF:DC:AE)	0.344	0.932	0.203	2.197	-11.353	-21.179	76.88	-16.58	-22.30	-29.040	38.727	-46.500	0.78613	0.57593	-0.22311	-0.02051	25.9	null	null	13113	60
2026-05-27T16:56:26.025	WT901BLE68(F3:F0:16:BF:DC:AE)	0.313	0.935	0.209	1.099	-10.315	-6.470	77.46	-15.41	-23.96	-29.040	38.727	-46.500	0.78613	0.57593	-0.22311	-0.02051	25.9	null	null	13113	60
2026-05-27T16:56:26.143	WT901BLE68(F3:F0:16:BF:DC:AE)	0.321	0.929	0.227	-4.883	-21.790	-0.488	77.70	-15.63	-26.44	-29.040	38.727	-46.500	0.78613	0.57593	-0.22311	-0.02051	25.9	null	null	13113	60
2026-05-27T16:56:26.236	WT901BLE68(F3:F0:16:BF:DC:AE)	0.283	0.955	0.203	-3.235	-1.343	-0.061	77.46	-15.90	-27.69	-29.040	38.727	-46.500	0.78613	0.57593	-0.22311	-0.02051	25.9	null	null	13113	60
2026-05-27T16:56:26.353	WT901BLE68(F3:F0:16:BF:DC:AE)	0.257	0.932	0.209	-10.132	-29.236	-2.258	77.22	-16.16	-29.42	-29.040	38.727	-46.500	0.78613	0.57593	-0.22311	-0.02051	25.9	null	null	13113	60
2026-05-27T16:56:26.413	WT901BLE68(F3:F0:16:BF:DC:AE)	0.300	0.935	0.205	-11.658	-40.100	-10.071	77.14	-16.44	-33.61	-29.040	38.727	-46.500	0.78613	0.57593	-0.22311	-0.02051	25.9	null	null	13113	60
2026-05-27T16:56:26.530	WT901BLE68(F3:F0:16:BF:DC:AE)	0.362	0.917	0.191	3.784	-16.174	-14.038	77.60	-16.09	-37.58	-35.527	39.160	-44.007	0.78613	0.57593	-0.22311	-0.02051	25.9	null	null	13113	60
2026-05-27T16:56:26.621	WT901BLE68(F3:F0:16:BF:DC:AE)	0.314	0.955	0.235	7.080	1.221	-2.991	78.54	-15.25	-38.18	-35.527	39.160	-44.007	0.78613	0.57593	-0.22311	-0.02051	25.9	null	null	13113	60
2026-05-27T16:56:26.740	WT901BLE68(F3:F0:16:BF:DC:AE)	0.320	0.920	0.245	-2.258	0.183	11.597	78.74	-16.05	-38.72	-35.527	39.160	-44.007	0.75125	0.55951	-0.30508	-0.17139	25.9	null	null	13113	60
2026-05-27T16:56:26.834	WT901BLE68(F3:F0:16:BF:DC:AE)	0.293	0.932	0.208	-2.930	11.963	9.155	78.04	-17.08	-37.88	-35.527	39.160	-44.007	0.75125	0.55951	-0.30508	-0.17139	25.9	null	null	13113	60
2026-05-27T16:56:26.951	WT901BLE68(F3:F0:16:BF:DC:AE)	0.275	0.927	0.193	-0.183	13.916	8.423	77.32	-17.66	-36.43	-35.527	39.160	-44.007	0.75125	0.55951	-0.30508	-0.17139	25.9	null	null	13113	60
2026-05-27T16:56:27.042	WT901BLE68(F3:F0:16:BF:DC:AE)	0.258	0.953	0.191	0.610	8.850	5.310	76.94	-17.96	-35.16	-35.527	39.160	-44.007	0.75125	0.55951	-0.30508	-0.17139	25.9	null	null	13113	60
2026-05-27T16:56:27.166	WT901BLE68(F3:F0:16:BF:DC:AE)	0.276	0.922	0.200	4.272	5.981	0.061	77.02	-18.00	-34.77	-35.527	39.160	-44.007	0.75125	0.55951	-0.30508	-0.17139	25.9	null	null	13113	60
2026-05-27T16:56:27.221	WT901BLE68(F3:F0:16:BF:DC:AE)	0.306	0.929	0.202	6.287	3.845	1.038	77.47	-17.81	-34.60	-35.527	39.160	-44.007	0.75125	0.55951	-0.30508	-0.17139	25.9	null	null	13113	60
2026-05-27T16:56:27.344	WT901BLE68(F3:F0:16:BF:DC:AE)	0.311	0.961	0.222	8.850	21.973	3.723	77.94	-17.70	-33.73	-35.527	39.160	-44.007	0.75125	0.55951	-0.30508	-0.17139	25.9	null	null	13113	60
2026-05-27T16:56:27.430	WT901BLE68(F3:F0:16:BF:DC:AE)	0.208	0.980	0.229	0.366	28.625	4.456	77.33	-17.37	-30.47	-34.127	40.660	-45.873	0.75125	0.55951	-0.30508	-0.17139	25.9	null	null	13113	60
2026-05-27T16:56:27.553	WT901BLE68(F3:F0:16:BF:DC:AE)	0.222	0.975	0.205	-4.944	-4.395	0.793	76.77	-17.30	-29.88	-34.127	40.660	-45.873	0.75125	0.55951	-0.30508	-0.17139	25.9	null	null	13113	60
2026-05-27T16:56:27.646	WT901BLE68(F3:F0:16:BF:DC:AE)	0.230	0.958	0.210	-7.507	-16.052	-5.920	76.61	-17.05	-31.28	-34.127	40.660	-45.873	0.77271	0.56110	-0.27411	-0.11334	25.9	null	null	13113	60
2026-05-27T16:56:27.763	WT901BLE68(F3:F0:16:BF:DC:AE)	0.252	0.932	0.205	-7.996	-34.973	-9.033	76.60	-16.67	-34.16	-34.127	40.660	-45.873	0.77271	0.56110	-0.27411	-0.11334	25.9	null	null	13113	60
2026-05-27T16:56:27.821	WT901BLE68(F3:F0:16:BF:DC:AE)	0.280	0.934	0.208	-4.028	-22.644	-11.536	77.04	-16.17	-37.37	-34.127	40.660	-45.873	0.77271	0.56110	-0.27411	-0.11334	25.9	null	null	13113	60
2026-05-27T16:56:27.945	WT901BLE68(F3:F0:16:BF:DC:AE)	0.280	0.954	0.237	-9.399	-23.438	-7.263	77.11	-15.72	-40.01	-34.127	40.660	-45.873	0.77271	0.56110	-0.27411	-0.11334	25.9	null	null	13113	60
2026-05-27T16:56:28.033	WT901BLE68(F3:F0:16:BF:DC:AE)	0.270	0.955	0.250	-14.221	-26.184	-3.967	76.62	-15.76	-42.66	-34.127	40.660	-45.873	0.77271	0.56110	-0.27411	-0.11334	25.9	null	null	13113	60
2026-05-27T16:56:28.157	WT901BLE68(F3:F0:16:BF:DC:AE)	0.283	0.927	0.204	-10.437	-20.691	-5.371	76.02	-15.97	-45.41	-34.127	40.660	-45.873	0.77271	0.56110	-0.27411	-0.11334	25.9	null	null	13113	60
2026-05-27T16:56:28.241	WT901BLE68(F3:F0:16:BF:DC:AE)	0.261	0.939	0.207	-2.808	-16.174	-6.348	75.96	-15.82	-47.11	-34.127	40.660	-45.873	0.77271	0.56110	-0.27411	-0.11334	25.9	null	null	13113	60
2026-05-27T16:56:28.363	WT901BLE68(F3:F0:16:BF:DC:AE)	0.248	0.902	0.297	-4.089	-28.748	-7.874	76.42	-15.64	-49.50	-41.820	41.367	-39.153	0.77271	0.56110	-0.27411	-0.11334	25.9	null	null	13113	60
2026-05-27T16:56:28.454	WT901BLE68(F3:F0:16:BF:DC:AE)	0.314	0.924	0.232	-10.010	-9.827	-14.465	76.16	-15.18	-51.75	-41.820	41.367	-39.153	0.77271	0.56110	-0.27411	-0.11334	25.9	null	null	13113	60
2026-05-27T16:56:28.570	WT901BLE68(F3:F0:16:BF:DC:AE)	0.294	0.915	0.200	-2.380	-9.949	-2.319	75.75	-14.53	-52.38	-41.820	41.367	-39.153	0.73743	0.50360	-0.35843	-0.27206	25.9	null	null	13113	60
2026-05-27T16:56:28.631	WT901BLE68(F3:F0:16:BF:DC:AE)	0.306	0.938	0.241	2.563	-15.503	2.380	76.10	-15.12	-53.69	-41.820	41.367	-39.153	0.73743	0.50360	-0.35843	-0.27206	25.9	null	null	13113	60
2026-05-27T16:56:28.753	WT901BLE68(F3:F0:16:BF:DC:AE)	0.314	0.915	0.249	2.563	7.568	1.648	76.60	-15.61	-53.90	-41.820	41.367	-39.153	0.73743	0.50360	-0.35843	-0.27206	25.9	null	null	13113	60
2026-05-27T16:56:28.844	WT901BLE68(F3:F0:16:BF:DC:AE)	0.295	0.916	0.181	4.089	18.372	0.977	76.33	-15.39	-51.92	-41.820	41.367	-39.153	0.73743	0.50360	-0.35843	-0.27206	25.9	null	null	13113	60
2026-05-27T16:56:28.964	WT901BLE68(F3:F0:16:BF:DC:AE)	0.281	1.000	0.206	4.028	5.859	8.362	76.59	-15.72	-50.56	-41.820	41.367	-39.153	0.73743	0.50360	-0.35843	-0.27206	25.9	null	null	13113	60
2026-05-27T16:56:29.053	WT901BLE68(F3:F0:16:BF:DC:AE)	0.219	0.941	0.292	-5.432	-23.926	12.634	76.74	-17.14	-51.09	-41.820	41.367	-39.153	0.73743	0.50360	-0.35843	-0.27206	25.9	null	null	13113	60
2026-05-27T16:56:29.170	WT901BLE68(F3:F0:16:BF:DC:AE)	0.293	0.944	0.248	-9.583	-10.376	-10.193	76.26	-17.35	-52.75	-41.820	41.367	-39.153	0.73743	0.50360	-0.35843	-0.27206	25.9	null	null	13113	60
2026-05-27T16:56:29.229	WT901BLE68(F3:F0:16:BF:DC:AE)	0.326	0.909	0.205	2.136	10.437	-11.841	75.89	-15.95	-52.59	-43.540	39.853	-35.900	0.73743	0.50360	-0.35843	-0.27206	25.9	null	null	13113	60
2026-05-27T16:56:29.351	WT901BLE68(F3:F0:16:BF:DC:AE)	0.332	0.920	0.241	9.705	16.357	-0.122	76.31	-15.28	-51.28	-43.540	39.853	-35.900	0.73743	0.50360	-0.35843	-0.27206	25.9	null	null	13113	60
2026-05-27T16:56:29.442	WT901BLE68(F3:F0:16:BF:DC:AE)	0.289	0.971	0.268	6.592	41.931	9.338	76.33	-15.28	-47.98	-43.540	39.853	-35.900	0.73929	0.51028	-0.35574	-0.25763	25.9	null	null	13113	60
2026-05-27T16:56:29.564	WT901BLE68(F3:F0:16:BF:DC:AE)	0.214	0.950	0.244	-5.798	21.606	14.404	75.22	-15.81	-44.23	-43.540	39.853	-35.900	0.73929	0.51028	-0.35574	-0.25763	25.9	null	null	13113	60
2026-05-27T16:56:29.653	WT901BLE68(F3:F0:16:BF:DC:AE)	0.238	0.927	0.208	-5.249	2.930	2.869	74.26	-16.33	-43.25	-43.540	39.853	-35.900	0.73929	0.51028	-0.35574	-0.25763	25.9	null	null	13113	60
2026-05-27T16:56:29.777	WT901BLE68(F3:F0:16:BF:DC:AE)	0.256	0.917	0.198	4.272	4.761	-4.150	74.36	-15.91	-42.85	-43.540	39.853	-35.900	0.73929	0.51028	-0.35574	-0.25763	25.9	null	null	13113	60
2026-05-27T16:56:29.862	WT901BLE68(F3:F0:16:BF:DC:AE)	0.271	0.947	0.228	6.470	-2.502	-3.845	75.14	-15.37	-43.09	-43.540	39.853	-35.900	0.73929	0.51028	-0.35574	-0.25763	25.9	null	null	13113	60
2026-05-27T16:56:29.988	WT901BLE68(F3:F0:16:BF:DC:AE)	0.271	0.942	0.250	0.610	-8.118	-0.977	75.72	-15.35	-43.75	-43.540	39.853	-35.900	0.73929	0.51028	-0.35574	-0.25763	25.9	null	null	13113	60
2026-05-27T16:56:30.041	WT901BLE68(F3:F0:16:BF:DC:AE)	0.283	0.939	0.220	-0.488	-4.150	-0.122	75.82	-15.46	-44.45	-43.540	39.853	-35.900	0.73929	0.51028	-0.35574	-0.25763	25.9	null	null	13113	60
2026-05-27T16:56:30.162	WT901BLE68(F3:F0:16:BF:DC:AE)	0.271	0.937	0.218	1.038	-3.845	2.380	76.00	-15.71	-44.82	-40.973	40.300	-39.847	0.73929	0.51028	-0.35574	-0.25763	25.9	null	null	13113	60
2026-05-27T16:56:30.254	WT901BLE68(F3:F0:16:BF:DC:AE)	0.268	0.950	0.232	1.160	-6.470	0.366	76.31	-16.00	-45.34	-40.973	40.300	-39.847	0.73929	0.51028	-0.35574	-0.25763	25.9	null	null	13113	60
2026-05-27T16:56:30.373	WT901BLE68(F3:F0:16:BF:DC:AE)	0.275	0.940	0.232	1.892	-2.930	-1.831	76.59	-15.96	-45.73	-40.973	40.300	-39.847	0.75104	0.52234	-0.33765	-0.22131	25.9	null	null	13113	60
2026-05-27T16:56:30.466	WT901BLE68(F3:F0:16:BF:DC:AE)	0.282	0.937	0.224	1.587	-3.906	-0.366	76.82	-15.89	-45.96	-40.973	40.300	-39.847	0.75104	0.52234	-0.33765	-0.22131	25.9	null	null	13113	60
2026-05-27T16:56:30.581	WT901BLE68(F3:F0:16:BF:DC:AE)	0.280	0.932	0.224	1.404	-2.380	0.427	77.03	-15.99	-46.19	-40.973	40.300	-39.847	0.75104	0.52234	-0.33765	-0.22131	25.9	null	null	13113	60
2026-05-27T16:56:30.642	WT901BLE68(F3:F0:16:BF:DC:AE)	0.272	0.940	0.213	3.235	-2.014	-0.244	77.27	-16.03	-46.25	-40.973	40.300	-39.847	0.75104	0.52234	-0.33765	-0.22131	25.9	null	null	13113	60
2026-05-27T16:56:30.764	WT901BLE68(F3:F0:16:BF:DC:AE)	0.280	0.933	0.215	3.845	-1.709	-0.732	77.69	-16.03	-46.40	-40.973	40.300	-39.847	0.75104	0.52234	-0.33765	-0.22131	25.9	null	null	13113	60
2026-05-27T16:56:30.854	WT901BLE68(F3:F0:16:BF:DC:AE)	0.283	0.946	0.206	4.028	1.343	-0.183	78.05	-15.97	-46.30	-40.973	40.300	-39.847	0.75104	0.52234	-0.33765	-0.22131	25.9	null	null	13113	60
2026-05-27T16:56:30.970	WT901BLE68(F3:F0:16:BF:DC:AE)	0.278	0.953	0.208	2.441	-0.122	0.488	78.29	-16.03	-46.16	-40.973	40.300	-39.847	0.75104	0.52234	-0.33765	-0.22131	25.9	null	null	13113	60
2026-05-27T16:56:31.093	WT901BLE68(F3:F0:16:BF:DC:AE)	0.280	0.948	0.211	-0.183	-3.174	0.122	78.42	-16.12	-46.36	-41.913	38.993	-40.913	0.75104	0.52234	-0.33765	-0.22131	25.9	null	null	13113	60
2026-05-27T16:56:31.185	WT901BLE68(F3:F0:16:BF:DC:AE)	0.291	0.943	0.203	-2.197	0.122	0.488	78.24	-16.16	-46.41	-41.913	38.993	-40.913	0.75104	0.52234	-0.33765	-0.22131	25.9	null	null	13113	60
2026-05-27T16:56:31.240	WT901BLE68(F3:F0:16:BF:DC:AE)	0.283	0.941	0.196	-1.831	0.610	1.343	77.99	-16.22	-46.15	-41.913	38.993	-40.913	0.74182	0.53070	-0.34549	-0.22052	25.9	null	null	13113	60
2026-05-27T16:56:31.394	WT901BLE68(F3:F0:16:BF:DC:AE)	0.281	0.945	0.201	-1.648	0.793	2.014	77.81	-16.41	-46.03	-41.913	38.993	-40.913	0.74182	0.53070	-0.34549	-0.22052	25.9	null	null	13113	60
2026-05-27T16:56:31.451	WT901BLE68(F3:F0:16:BF:DC:AE)	0.274	0.943	0.199	-1.831	-0.916	1.526	77.63	-16.56	-45.90	-41.913	38.993	-40.913	0.74182	0.53070	-0.34549	-0.22052	25.9	null	null	13113	60
2026-05-27T16:56:31.572	WT901BLE68(F3:F0:16:BF:DC:AE)	0.268	0.951	0.200	-0.671	-1.160	0.671	77.54	-16.61	-45.91	-41.913	38.993	-40.913	0.74182	0.53070	-0.34549	-0.22052	25.9	null	null	13113	60
2026-05-27T16:56:31.663	WT901BLE68(F3:F0:16:BF:DC:AE)	0.261	0.944	0.220	0.000	-4.456	-1.343	77.63	-16.58	-46.08	-41.913	38.993	-40.913	0.74182	0.53070	-0.34549	-0.22052	25.9	null	null	13113	60
2026-05-27T16:56:31.785	WT901BLE68(F3:F0:16:BF:DC:AE)	0.273	0.939	0.215	-0.305	-1.099	-2.625	77.70	-16.37	-46.33	-41.913	38.993	-40.913	0.74182	0.53070	-0.34549	-0.22052	25.9	null	null	13113	60
2026-05-27T16:56:31.875	WT901BLE68(F3:F0:16:BF:DC:AE)	0.272	0.935	0.209	1.709	1.953	-0.610	77.70	-16.11	-46.20	-41.913	38.993	-40.913	0.74182	0.53070	-0.34549	-0.22052	25.9	null	null	13113	60
2026-05-27T16:56:31.995	WT901BLE68(F3:F0:16:BF:DC:AE)	0.278	0.934	0.235	0.732	5.737	-0.061	77.77	-16.03	-45.91	-41.560	39.233	-40.527	0.74182	0.53070	-0.34549	-0.22052	25.9	null	null	13113	60
2026-05-27T16:56:32.052	WT901BLE68(F3:F0:16:BF:DC:AE)	0.272	0.933	0.200	1.404	12.451	1.770	77.50	-15.88	-44.84	-41.560	39.233	-40.527	0.74182	0.53070	-0.34549	-0.22052	25.9	null	null	13113	60
2026-05-27T16:56:32.174	WT901BLE68(F3:F0:16:BF:DC:AE)	0.272	0.938	0.208	1.770	6.226	3.052	77.45	-15.95	-43.89	-41.560	39.233	-40.527	0.74829	0.53308	-0.33334	-0.21133	25.9	null	null	13113	60
2026-05-27T16:56:32.262	WT901BLE68(F3:F0:16:BF:DC:AE)	0.274	0.950	0.244	-0.977	7.324	1.892	77.33	-16.08	-43.29	-41.560	39.233	-40.527	0.74829	0.53308	-0.33334	-0.21133	25.9	null	null	13113	60
2026-05-27T16:56:32.383	WT901BLE68(F3:F0:16:BF:DC:AE)	0.289	0.957	0.224	-4.578	7.996	-0.916	76.78	-15.99	-42.48	-41.560	39.233	-40.527	0.74829	0.53308	-0.33334	-0.21133	25.9	null	null	13113	60
2026-05-27T16:56:32.475	WT901BLE68(F3:F0:16:BF:DC:AE)	0.301	0.917	0.184	-4.028	2.136	-1.587	76.14	-15.70	-41.87	-41.560	39.233	-40.527	0.74829	0.53308	-0.33334	-0.21133	25.9	null	null	13113	60
2026-05-27T16:56:32.593	WT901BLE68(F3:F0:16:BF:DC:AE)	0.311	0.939	0.174	4.333	1.770	-4.395	76.17	-15.52	-41.71	-41.560	39.233	-40.527	0.74829	0.53308	-0.33334	-0.21133	25.9	null	null	13113	60
2026-05-27T16:56:32.653	WT901BLE68(F3:F0:16:BF:DC:AE)	0.328	0.940	0.218	9.949	-1.099	-3.601	77.05	-15.21	-42.19	-41.560	39.233	-40.527	0.74829	0.53308	-0.33334	-0.21133	25.9	null	null	13113	60
2026-05-27T16:56:32.807	WT901BLE68(F3:F0:16:BF:DC:AE)	0.292	0.942	0.239	2.686	0.916	0.793	77.78	-15.21	-41.93	-41.560	39.233	-40.527	0.74829	0.53308	-0.33334	-0.21133	25.9	null	null	13113	60
2026-05-27T16:56:32.858	WT901BLE68(F3:F0:16:BF:DC:AE)	0.309	0.959	0.210	-4.700	-2.808	-0.549	77.60	-15.39	-42.12	-40.433	38.493	-42.640	0.74829	0.53308	-0.33334	-0.21133	25.9	null	null	13113	60
2026-05-27T16:56:32.983	WT901BLE68(F3:F0:16:BF:DC:AE)	0.310	0.963	0.195	-1.526	3.540	1.648	77.21	-15.53	-42.20	-40.433	38.493	-42.640	0.74829	0.53308	-0.33334	-0.21133	25.9	null	null	13113	60
2026-05-27T16:56:33.074	WT901BLE68(F3:F0:16:BF:DC:AE)	0.281	0.932	0.197	2.014	4.578	4.578	77.17	-15.87	-41.73	-40.433	38.493	-42.640	0.75333	0.53848	-0.32089	-0.19858	25.9	null	null	13113	60
2026-05-27T16:56:33.194	WT901BLE68(F3:F0:16:BF:DC:AE)	0.292	0.935	0.196	3.601	10.559	2.075	77.38	-16.01	-41.17	-40.433	38.493	-42.640	0.75333	0.53848	-0.32089	-0.19858	25.9	null	null	13113	60
2026-05-27T16:56:33.282	WT901BLE68(F3:F0:16:BF:DC:AE)	0.265	0.961	0.225	1.221	17.273	3.967	77.31	-16.16	-40.14	-40.433	38.493	-42.640	0.75333	0.53848	-0.32089	-0.19858	25.9	null	null	13113	60
2026-05-27T16:56:33.405	WT901BLE68(F3:F0:16:BF:DC:AE)	0.238	0.928	0.203	-4.150	-1.343	2.319	76.85	-16.06	-38.98	-40.433	38.493	-42.640	0.75333	0.53848	-0.32089	-0.19858	25.9	null	null	13113	60
2026-05-27T16:56:33.459	WT901BLE68(F3:F0:16:BF:DC:AE)	0.229	0.933	0.183	-10.132	-10.498	-0.549	76.29	-16.20	-39.57	-40.433	38.493	-42.640	0.75333	0.53848	-0.32089	-0.19858	25.9	null	null	13113	60
2026-05-27T16:56:33.584	WT901BLE68(F3:F0:16:BF:DC:AE)	0.282	0.928	0.189	-0.793	-11.108	-4.517	76.22	-16.06	-41.50	-40.433	38.493	-42.640	0.75333	0.53848	-0.32089	-0.19858	25.9	null	null	13113	60
2026-05-27T16:56:33.676	WT901BLE68(F3:F0:16:BF:DC:AE)	0.250	0.930	0.178	11.963	7.385	-0.671	76.93	-15.85	-41.42	-40.433	38.493	-42.640	0.75333	0.53848	-0.32089	-0.19858	25.9	null	null	13113	60
2026-05-27T16:56:33.793	WT901BLE68(F3:F0:16:BF:DC:AE)	0.244	0.959	0.215	6.653	-2.563	4.333	77.96	-15.92	-41.59	-40.480	39.840	-41.447	0.75333	0.53848	-0.32089	-0.19858	25.9	null	null	13113	60
2026-05-27T16:56:33.884	WT901BLE68(F3:F0:16:BF:DC:AE)	0.190	0.984	0.292	-15.076	-23.315	-1.892	77.66	-16.17	-42.52	-40.480	39.840	-41.447	0.75333	0.53848	-0.32089	-0.19858	25.9	null	null	13113	60
2026-05-27T16:56:34.003	WT901BLE68(F3:F0:16:BF:DC:AE)	0.232	0.959	0.220	-12.329	-19.836	-8.423	76.66	-15.83	-44.73	-40.480	39.840	-41.447	0.75092	0.53470	-0.32993	-0.20313	25.9	null	null	13113	60
2026-05-27T16:56:34.060	WT901BLE68(F3:F0:16:BF:DC:AE)	0.247	0.943	0.256	-4.578	-25.391	-5.676	76.47	-15.47	-47.11	-40.480	39.840	-41.447	0.75092	0.53470	-0.32993	-0.20313	25.9	null	null	13113	60
2026-05-27T16:56:34.215	WT901BLE68(F3:F0:16:BF:DC:AE)	0.274	0.938	0.258	-1.709	-7.263	-4.395	76.62	-15.45	-49.19	-40.480	39.840	-41.447	0.75092	0.53470	-0.32993	-0.20313	25.9	null	null	13113	60
2026-05-27T16:56:34.274	WT901BLE68(F3:F0:16:BF:DC:AE)	0.253	0.941	0.253	-0.671	0.427	-4.944	76.52	-14.98	-49.29	-40.480	39.840	-41.447	0.75092	0.53470	-0.32993	-0.20313	25.9	null	null	13113	60
2026-05-27T16:56:34.391	WT901BLE68(F3:F0:16:BF:DC:AE)	0.262	0.928	0.245	-0.061	1.404	-2.197	76.39	-14.61	-49.20	-40.480	39.840	-41.447	0.75092	0.53470	-0.32993	-0.20313	25.9	null	null	13113	60
2026-05-27T16:56:34.483	WT901BLE68(F3:F0:16:BF:DC:AE)	0.252	0.954	0.250	0.916	6.836	1.160	76.32	-14.49	-48.60	-40.480	39.840	-41.447	0.75092	0.53470	-0.32993	-0.20313	25.9	null	null	13113	60
2026-05-27T16:56:34.604	WT901BLE68(F3:F0:16:BF:DC:AE)	0.229	0.934	0.237	-0.122	9.399	1.709	75.99	-14.44	-47.54	-40.480	39.840	-41.447	0.75092	0.53470	-0.32993	-0.20313	25.9	null	null	13113	60
2026-05-27T16:56:34.695	WT901BLE68(F3:F0:16:BF:DC:AE)	0.241	0.941	0.242	-0.488	0.061	2.380	75.88	-14.51	-47.11	-44.733	40.007	-38.360	0.75092	0.53470	-0.32993	-0.20313	25.9	null	null	13113	60
2026-05-27T16:56:34.813	WT901BLE68(F3:F0:16:BF:DC:AE)	0.259	0.938	0.241	-0.793	3.601	1.709	75.76	-14.65	-46.90	-44.733	40.007	-38.360	0.75092	0.53470	-0.32993	-0.20313	25.9	null	null	13113	60
2026-05-27T16:56:34.873	WT901BLE68(F3:F0:16:BF:DC:AE)	0.262	0.944	0.238	0.366	5.920	2.808	75.57	-14.69	-46.18	-44.733	40.007	-38.360	0.75067	0.51895	-0.33264	-0.23749	25.9	null	null	13113	60
2026-05-27T16:56:34.993	WT901BLE68(F3:F0:16:BF:DC:AE)	0.257	0.952	0.243	-0.305	4.456	3.784	75.42	-14.87	-45.49	-44.733	40.007	-38.360	0.75067	0.51895	-0.33264	-0.23749	25.9	null	null	13113	60
2026-05-27T16:56:35.082	WT901BLE68(F3:F0:16:BF:DC:AE)	0.260	0.942	0.237	-1.099	7.751	2.808	75.18	-15.01	-44.80	-44.733	40.007	-38.360	0.75067	0.51895	-0.33264	-0.23749	25.9	null	null	13113	60
2026-05-27T16:56:35.204	WT901BLE68(F3:F0:16:BF:DC:AE)	0.260	0.940	0.229	0.549	8.789	0.854	74.97	-14.96	-43.97	-44.733	40.007	-38.360	0.75067	0.51895	-0.33264	-0.23749	25.9	null	null	13113	60
2026-05-27T16:56:35.294	WT901BLE68(F3:F0:16:BF:DC:AE)	0.258	0.942	0.232	3.113	7.751	0.854	75.03	-14.83	-43.19	-44.733	40.007	-38.360	0.75067	0.51895	-0.33264	-0.23749	25.9	null	null	13113	60
2026-05-27T16:56:35.416	WT901BLE68(F3:F0:16:BF:DC:AE)	0.263	0.931	0.233	3.601	5.981	0.732	75.25	-14.73	-42.59	-44.733	40.007	-38.360	0.75067	0.51895	-0.33264	-0.23749	25.9	null	null	13113	60
2026-05-27T16:56:35.474	WT901BLE68(F3:F0:16:BF:DC:AE)	0.267	0.926	0.227	5.371	9.155	1.831	75.50	-14.67	-41.79	-44.733	40.007	-38.360	0.75067	0.51895	-0.33264	-0.23749	25.9	null	null	13113	60
2026-05-27T16:56:35.623	WT901BLE68(F3:F0:16:BF:DC:AE)	0.278	0.932	0.244	5.737	10.681	3.113	75.83	-14.72	-40.83	-40.007	40.353	-41.207	0.75067	0.51895	-0.33264	-0.23749	25.9	null	null	13113	60
2026-05-27T16:56:35.686	WT901BLE68(F3:F0:16:BF:DC:AE)	0.262	0.952	0.214	4.639	18.127	5.310	75.89	-14.79	-39.22	-40.007	40.353	-41.207	0.75067	0.51895	-0.33264	-0.23749	25.9	null	null	13113	60
2026-05-27T16:56:35.803	WT901BLE68(F3:F0:16:BF:DC:AE)	0.221	0.931	0.211	2.869	2.625	8.118	75.99	-15.30	-38.10	-40.007	40.353	-41.207	0.76376	0.54102	-0.29913	-0.18536	25.9	null	null	13113	60
2026-05-27T16:56:35.892	WT901BLE68(F3:F0:16:BF:DC:AE)	0.256	0.923	0.229	0.610	-3.662	-2.991	76.21	-15.58	-38.66	-40.007	40.353	-41.207	0.76376	0.54102	-0.29913	-0.18536	25.9	null	null	13113	60
2026-05-27T16:56:36.012	WT901BLE68(F3:F0:16:BF:DC:AE)	0.283	0.990	0.226	1.648	-1.099	-12.207	76.44	-14.60	-39.00	-40.007	40.353	-41.207	0.76376	0.54102	-0.29913	-0.18536	25.9	null	null	13113	60
2026-05-27T16:56:36.101	WT901BLE68(F3:F0:16:BF:DC:AE)	0.292	0.963	0.250	-5.615	-16.479	-1.465	76.55	-14.35	-40.48	-40.007	40.353	-41.207	0.76376	0.54102	-0.29913	-0.18536	25.9	null	null	13113	60
2026-05-27T16:56:36.223	WT901BLE68(F3:F0:16:BF:DC:AE)	0.293	0.917	0.258	-3.296	-9.216	0.244	76.33	-14.83	-41.92	-40.007	40.353	-41.207	0.76376	0.54102	-0.29913	-0.18536	25.9	null	null	13113	60
2026-05-27T16:56:36.280	WT901BLE68(F3:F0:16:BF:DC:AE)	0.299	0.930	0.243	2.686	12.512	-0.488	76.18	-14.72	-41.42	-40.007	40.353	-41.207	0.76376	0.54102	-0.29913	-0.18536	25.9	null	null	13113	60
2026-05-27T16:56:36.401	WT901BLE68(F3:F0:16:BF:DC:AE)	0.280	0.940	0.202	1.831	15.320	5.432	75.95	-14.68	-39.81	-40.007	40.353	-41.207	0.76376	0.54102	-0.29913	-0.18536	25.9	null	null	13113	60
2026-05-27T16:56:36.489	WT901BLE68(F3:F0:16:BF:DC:AE)	0.252	0.937	0.200	1.282	0.916	10.498	75.89	-15.55	-39.13	-37.367	38.887	-42.720	0.76376	0.54102	-0.29913	-0.18536	25.9	null	null	13113	60
2026-05-27T16:56:36.610	WT901BLE68(F3:F0:16:BF:DC:AE)	0.227	0.946	0.251	5.554	-0.610	-1.953	76.36	-15.89	-39.20	-37.367	38.887	-42.720	0.76376	0.54102	-0.29913	-0.18536	25.9	null	null	13113	60
2026-05-27T16:56:36.701	WT901BLE68(F3:F0:16:BF:DC:AE)	0.286	0.964	0.234	3.113	-0.305	-13.733	76.84	-14.88	-39.70	-37.367	38.887	-42.720	0.76019	0.54233	-0.30710	-0.18320	25.9	null	null	13113	60
2026-05-27T16:56:36.822	WT901BLE68(F3:F0:16:BF:DC:AE)	0.293	0.920	0.205	1.038	-1.953	-1.648	77.04	-14.21	-40.00	-37.367	38.887	-42.720	0.76019	0.54233	-0.30710	-0.18320	25.9	null	null	13113	60
2026-05-27T16:56:36.888	WT901BLE68(F3:F0:16:BF:DC:AE)	0.287	0.955	0.206	-1.465	-5.554	2.686	77.08	-14.57	-40.39	-37.367	38.887	-42.720	0.76019	0.54233	-0.30710	-0.18320	25.9	null	null	13113	60
2026-05-27T16:56:36.999	WT901BLE68(F3:F0:16:BF:DC:AE)	0.237	0.964	0.233	-2.686	-0.366	8.179	76.94	-15.29	-40.47	-37.367	38.887	-42.720	0.76019	0.54233	-0.30710	-0.18320	25.9	null	null	13113	60
2026-05-27T16:56:37.091	WT901BLE68(F3:F0:16:BF:DC:AE)	0.228	0.943	0.213	-6.287	-14.038	-2.319	76.55	-15.70	-41.07	-37.367	38.887	-42.720	0.76019	0.54233	-0.30710	-0.18320	25.9	null	null	13113	60
2026-05-27T16:56:37.217	WT901BLE68(F3:F0:16:BF:DC:AE)	0.258	0.941	0.212	-3.296	-15.503	-5.066	76.51	-15.53	-42.67	-37.367	38.887	-42.720	0.76019	0.54233	-0.30710	-0.18320	25.9	null	null	13113	60
2026-05-27T16:56:37.302	WT901BLE68(F3:F0:16:BF:DC:AE)	0.262	0.939	0.231	-1.038	-9.827	-4.456	76.72	-15.30	-44.04	-37.367	38.887	-42.720	0.76019	0.54233	-0.30710	-0.18320	25.9	null	null	13113	60
2026-05-27T16:56:37.423	WT901BLE68(F3:F0:16:BF:DC:AE)	0.263	0.947	0.230	-2.930	-8.118	-3.357	76.78	-15.13	-45.01	-40.020	39.553	-41.387	0.76019	0.54233	-0.30710	-0.18320	25.9	null	null	13113	60
2026-05-27T16:56:37.512	WT901BLE68(F3:F0:16:BF:DC:AE)	0.261	0.942	0.213	-1.953	-7.141	-1.343	76.72	-15.07	-45.81	-40.020	39.553	-41.387	0.76019	0.54233	-0.30710	-0.18320	25.9	null	null	13113	60
2026-05-27T16:56:37.633	WT901BLE68(F3:F0:16:BF:DC:AE)	0.249	0.940	0.220	-0.122	-9.277	-0.610	76.83	-15.13	-46.51	-40.020	39.553	-41.387	0.74722	0.52600	-0.33530	-0.22894	25.9	null	null	13113	60
2026-05-27T16:56:37.695	WT901BLE68(F3:F0:16:BF:DC:AE)	0.252	0.939	0.229	0.244	-5.554	-2.747	77.07	-15.16	-47.30	-40.020	39.553	-41.387	0.74722	0.52600	-0.33530	-0.22894	25.9	null	null	13113	60
2026-05-27T16:56:37.816	WT901BLE68(F3:F0:16:BF:DC:AE)	0.266	0.944	0.223	-0.305	-4.089	-2.319	77.20	-14.99	-47.81	-40.020	39.553	-41.387	0.74722	0.52600	-0.33530	-0.22894	25.9	null	null	13113	60
2026-05-27T16:56:37.902	WT901BLE68(F3:F0:16:BF:DC:AE)	0.268	0.944	0.217	-0.122	-0.183	0.000	77.22	-14.96	-48.03	-40.020	39.553	-41.387	0.74722	0.52600	-0.33530	-0.22894	25.9	null	null	13113	60
2026-05-27T16:56:38.022	WT901BLE68(F3:F0:16:BF:DC:AE)	0.255	0.948	0.214	-0.244	2.075	0.549	77.16	-15.01	-47.86	-40.020	39.553	-41.387	0.74722	0.52600	-0.33530	-0.22894	25.9	null	null	13113	60
2026-05-27T16:56:38.111	WT901BLE68(F3:F0:16:BF:DC:AE)	0.254	0.949	0.215	-0.549	-0.183	-0.671	77.11	-15.01	-47.69	-40.020	39.553	-41.387	0.74722	0.52600	-0.33530	-0.22894	25.9	null	null	13113	60
2026-05-27T16:56:38.235	WT901BLE68(F3:F0:16:BF:DC:AE)	0.264	0.941	0.211	-1.465	-2.014	-0.488	77.05	-14.95	-47.75	-40.020	39.553	-41.387	0.74722	0.52600	-0.33530	-0.22894	25.9	null	null	13113	60
2026-05-27T16:56:38.293	WT901BLE68(F3:F0:16:BF:DC:AE)	0.265	0.928	0.190	-1.892	0.366	0.244	76.92	-14.97	-47.82	-43.553	39.440	-39.593	0.74722	0.52600	-0.33530	-0.22894	25.9	null	null	13113	60
2026-05-27T16:56:38.414	WT901BLE68(F3:F0:16:BF:DC:AE)	0.233	0.915	0.162	2.625	-6.165	2.869	76.92	-15.10	-47.70	-43.553	39.440	-39.593	0.74722	0.52600	-0.33530	-0.22894	25.9	null	null	13113	60
2026-05-27T16:56:38.500	WT901BLE68(F3:F0:16:BF:DC:AE)	0.252	1.005	0.352	-23.438	-47.791	0.244	77.01	-15.64	-49.74	-43.553	39.440	-39.593	0.74179	0.52243	-0.34564	-0.23917	25.9	null	null	13113	60
2026-05-27T16:56:38.620	WT901BLE68(F3:F0:16:BF:DC:AE)	0.327	0.925	0.214	2.014	5.005	-2.197	76.50	-16.08	-52.07	-43.553	39.440	-39.593	0.74179	0.52243	-0.34564	-0.23917	25.9	null	null	13113	60
2026-05-27T16:56:38.715	WT901BLE68(F3:F0:16:BF:DC:AE)	0.283	0.917	0.226	9.827	8.057	-7.507	76.78	-15.20	-50.76	-43.553	39.440	-39.593	0.74179	0.52243	-0.34564	-0.23917	25.9	null	null	13113	60
2026-05-27T16:56:38.835	WT901BLE68(F3:F0:16:BF:DC:AE)	0.231	0.965	0.265	7.202	37.842	-4.395	77.12	-14.26	-48.57	-43.553	39.440	-39.593	0.74179	0.52243	-0.34564	-0.23917	25.9	null	null	13113	60
2026-05-27T16:56:38.956	WT901BLE68(F3:F0:16:BF:DC:AE)	0.247	0.940	0.218	-6.165	-1.831	3.723	76.62	-13.95	-46.86	-43.553	39.440	-39.593	0.74179	0.52243	-0.34564	-0.23917	25.9	null	null	13113	60
2026-05-27T16:56:39.041	WT901BLE68(F3:F0:16:BF:DC:AE)	0.228	0.962	0.211	-3.906	0.427	6.042	76.02	-14.40	-46.74	-43.553	39.440	-39.593	0.74179	0.52243	-0.34564	-0.23917	25.9	null	null	13113	60
2026-05-27T16:56:39.102	WT901BLE68(F3:F0:16:BF:DC:AE)	0.219	0.939	0.252	-1.953	-12.695	0.977	75.95	-14.90	-47.32	-43.553	39.440	-39.593	0.74179	0.52243	-0.34564	-0.23917	25.9	null	null	13113	60
2026-05-27T16:56:39.224	WT901BLE68(F3:F0:16:BF:DC:AE)	0.286	0.939	0.216	0.000	-5.493	-2.258	76.09	-14.91	-48.43	-44.280	40.047	-38.193	0.74179	0.52243	-0.34564	-0.23917	25.9	null	null	13113	60
2026-05-27T16:56:39.314	WT901BLE68(F3:F0:16:BF:DC:AE)	0.245	0.948	0.237	2.136	5.859	0.793	76.20	-14.84	-48.11	-44.280	40.047	-38.193	0.74179	0.52243	-0.34564	-0.23917	25.9	null	null	13113	60
2026-05-27T16:56:39.437	WT901BLE68(F3:F0:16:BF:DC:AE)	0.244	0.956	0.240	-2.441	-1.099	-0.793	76.15	-14.73	-47.88	-44.280	40.047	-38.193	0.74521	0.51782	-0.34152	-0.24448	25.9	null	null	13113	60
2026-05-27T16:56:39.526	WT901BLE68(F3:F0:16:BF:DC:AE)	0.250	0.937	0.220	-3.052	-5.554	-0.122	75.93	-14.75	-48.24	-44.280	40.047	-38.193	0.74521	0.51782	-0.34152	-0.24448	25.9	null	null	13113	60
2026-05-27T16:56:39.647	WT901BLE68(F3:F0:16:BF:DC:AE)	0.248	0.952	0.250	-3.296	-7.935	0.244	75.82	-14.85	-48.74	-44.280	40.047	-38.193	0.74521	0.51782	-0.34152	-0.24448	25.9	null	null	13113	60
2026-05-27T16:56:39.706	WT901BLE68(F3:F0:16:BF:DC:AE)	0.273	0.929	0.244	-1.892	-0.305	0.305	75.66	-15.07	-49.43	-44.280	40.047	-38.193	0.74521	0.51782	-0.34152	-0.24448	25.9	null	null	13113	60
2026-05-27T16:56:39.823	WT901BLE68(F3:F0:16:BF:DC:AE)	0.271	0.937	0.234	1.892	7.446	0.549	75.59	-15.01	-48.93	-44.280	40.047	-38.193	0.74521	0.51782	-0.34152	-0.24448	25.9	null	null	13113	60
2026-05-27T16:56:39.913	WT901BLE68(F3:F0:16:BF:DC:AE)	0.244	0.941	0.247	0.549	4.028	0.793	75.55	-14.94	-48.21	-44.280	40.047	-38.193	0.74521	0.51782	-0.34152	-0.24448	25.9	null	null	13113	60
2026-05-27T16:56:40.032	WT901BLE68(F3:F0:16:BF:DC:AE)	0.265	0.945	0.234	-0.122	0.549	1.038	75.52	-15.00	-48.08	-44.280	40.047	-38.193	0.74521	0.51782	-0.34152	-0.24448	25.9	null	null	13113	60
2026-05-27T16:56:40.122	WT901BLE68(F3:F0:16:BF:DC:AE)	0.252	0.943	0.246	0.183	1.526	0.732	75.50	-15.05	-47.83	-44.567	40.340	-36.940	0.74521	0.51782	-0.34152	-0.24448	25.9	null	null	13113	60
2026-05-27T16:56:40.247	WT901BLE68(F3:F0:16:BF:DC:AE)	0.264	0.937	0.242	-1.160	-2.014	0.671	75.47	-15.12	-47.91	-44.567	40.340	-36.940	0.74521	0.51782	-0.34152	-0.24448	25.9	null	null	13113	60
2026-05-27T16:56:40.334	WT901BLE68(F3:F0:16:BF:DC:AE)	0.267	0.938	0.236	-1.221	-1.160	0.244	75.38	-15.19	-48.03	-44.567	40.340	-36.940	0.74924	0.51154	-0.34183	-0.24500	25.9	null	null	13113	60
2026-05-27T16:56:40.456	WT901BLE68(F3:F0:16:BF:DC:AE)	0.261	0.941	0.239	-1.709	-3.784	0.183	75.31	-15.28	-48.22	-44.567	40.340	-36.940	0.74924	0.51154	-0.34183	-0.24500	25.9	null	null	13113	60
2026-05-27T16:56:40.512	WT901BLE68(F3:F0:16:BF:DC:AE)	0.273	0.937	0.245	-1.770	-7.141	0.000	75.31	-15.41	-48.80	-44.567	40.340	-36.940	0.74924	0.51154	-0.34183	-0.24500	25.9	null	null	13113	60
2026-05-27T16:56:40.636	WT901BLE68(F3:F0:16:BF:DC:AE)	0.272	0.927	0.243	-0.671	-1.831	-0.549	75.31	-15.52	-49.17	-44.567	40.340	-36.940	0.74924	0.51154	-0.34183	-0.24500	25.9	null	null	13113	60
2026-05-27T16:56:40.725	WT901BLE68(F3:F0:16:BF:DC:AE)	0.275	0.944	0.252	0.366	-2.686	-0.061	75.39	-15.51	-49.29	-44.567	40.340	-36.940	0.74924	0.51154	-0.34183	-0.24500	25.9	null	null	13113	60
2026-05-27T16:56:40.845	WT901BLE68(F3:F0:16:BF:DC:AE)	0.278	0.933	0.256	-0.305	-1.648	0.061	75.42	-15.64	-49.49	-44.567	40.340	-36.940	0.74924	0.51154	-0.34183	-0.24500	25.9	null	null	13113	60
2026-05-27T16:56:40.934	WT901BLE68(F3:F0:16:BF:DC:AE)	0.281	0.931	0.250	2.197	4.883	0.000	75.43	-15.62	-49.25	-44.567	40.340	-36.940	0.74924	0.51154	-0.34183	-0.24500	25.9	null	null	13113	60
2026-05-27T16:56:41.055	WT901BLE68(F3:F0:16:BF:DC:AE)	0.263	0.938	0.248	3.845	11.780	0.488	75.47	-15.43	-48.19	-44.840	40.140	-37.073	0.74924	0.51154	-0.34183	-0.24500	25.9	null	null	13113	60
2026-05-27T16:56:41.109	WT901BLE68(F3:F0:16:BF:DC:AE)	0.242	0.954	0.250	2.197	8.362	1.221	75.47	-15.27	-47.08	-44.840	40.140	-37.073	0.74924	0.51154	-0.34183	-0.24500	25.9	null	null	13113	60
2026-05-27T16:56:41.234	WT901BLE68(F3:F0:16:BF:DC:AE)	0.237	0.941	0.240	-0.244	5.371	0.183	75.28	-15.25	-46.68	-44.840	40.140	-37.073	0.75119	0.51428	-0.33823	-0.23813	25.9	null	null	13113	60
2026-05-27T16:56:41.322	WT901BLE68(F3:F0:16:BF:DC:AE)	0.240	0.935	0.246	0.916	1.892	-1.404	75.26	-15.05	-46.51	-44.840	40.140	-37.073	0.75119	0.51428	-0.33823	-0.23813	25.9	null	null	13113	60
2026-05-27T16:56:41.445	WT901BLE68(F3:F0:16:BF:DC:AE)	0.269	0.934	0.241	2.808	4.272	-0.793	75.43	-14.88	-46.40	-44.840	40.140	-37.073	0.75119	0.51428	-0.33823	-0.23813	25.9	null	null	13113	60
2026-05-27T16:56:41.533	WT901BLE68(F3:F0:16:BF:DC:AE)	0.233	0.950	0.250	2.441	3.784	0.793	75.56	-14.74	-45.87	-44.840	40.140	-37.073	0.75119	0.51428	-0.33823	-0.23813	25.9	null	null	13113	60
2026-05-27T16:56:41.655	WT901BLE68(F3:F0:16:BF:DC:AE)	0.254	0.938	0.246	-0.305	-5.432	2.197	75.67	-14.98	-46.20	-44.840	40.140	-37.073	0.75119	0.51428	-0.33823	-0.23813	25.9	null	null	13113	60
2026-05-27T16:56:41.745	WT901BLE68(F3:F0:16:BF:DC:AE)	0.259	0.934	0.255	0.305	-2.502	1.953	75.72	-15.25	-46.53	-44.840	40.140	-37.073	0.75119	0.51428	-0.33823	-0.23813	25.9	null	null	13113	60
2026-05-27T16:56:41.861	WT901BLE68(F3:F0:16:BF:DC:AE)	0.267	0.947	0.256	1.343	3.723	1.831	75.71	-15.39	-46.35	-44.840	40.140	-37.073	0.75119	0.51428	-0.33823	-0.23813	25.9	null	null	13113	60
2026-05-27T16:56:41.921	WT901BLE68(F3:F0:16:BF:DC:AE)	0.258	0.944	0.238	2.197	2.502	1.282	75.73	-15.41	-45.82	-42.900	40.100	-38.360	0.75119	0.51428	-0.33823	-0.23813	25.9	null	null	13113	60
2026-05-27T16:56:42.043	WT901BLE68(F3:F0:16:BF:DC:AE)	0.248	0.949	0.240	2.991	4.639	2.258	75.88	-15.47	-45.34	-42.900	40.100	-38.360	0.75119	0.51428	-0.33823	-0.23813	25.9	null	null	13113	60
2026-05-27T16:56:42.129	WT901BLE68(F3:F0:16:BF:DC:AE)	0.263	0.942	0.232	0.732	0.366	0.610	76.01	-15.52	-45.12	-42.900	40.100	-38.360	0.75293	0.52185	-0.33258	-0.22369	25.9	null	null	13113	60
2026-05-27T16:56:42.255	WT901BLE68(F3:F0:16:BF:DC:AE)	0.271	0.938	0.215	0.122	3.662	-0.732	75.99	-15.40	-44.91	-42.900	40.100	-38.360	0.75293	0.52185	-0.33258	-0.22369	25.9	null	null	13113	60
2026-05-27T16:56:42.344	WT901BLE68(F3:F0:16:BF:DC:AE)	0.269	0.940	0.208	-0.366	-0.916	0.000	76.00	-15.35	-44.82	-42.900	40.100	-38.360	0.75293	0.52185	-0.33258	-0.22369	25.9	null	null	13113	60
2026-05-27T16:56:42.462	WT901BLE68(F3:F0:16:BF:DC:AE)	0.267	0.955	0.215	-0.488	-4.761	-1.160	76.10	-15.39	-45.13	-42.900	40.100	-38.360	0.75293	0.52185	-0.33258	-0.22369	25.9	null	null	13113	60
2026-05-27T16:56:42.522	WT901BLE68(F3:F0:16:BF:DC:AE)	0.274	0.940	0.228	-0.305	-3.845	-2.869	76.26	-15.29	-45.64	-42.900	40.100	-38.360	0.75293	0.52185	-0.33258	-0.22369	25.9	null	null	13113	60
2026-05-27T16:56:42.644	WT901BLE68(F3:F0:16:BF:DC:AE)	0.289	0.933	0.210	1.160	1.831	-1.404	76.35	-15.07	-45.69	-42.900	40.100	-38.360	0.75293	0.52185	-0.33258	-0.22369	25.9	null	null	13113	60
2026-05-27T16:56:42.736	WT901BLE68(F3:F0:16:BF:DC:AE)	0.279	0.929	0.208	4.150	3.235	1.648	76.60	-15.16	-45.38	-42.900	40.100	-38.360	0.75293	0.52185	-0.33258	-0.22369	25.9	null	null	13113	60
2026-05-27T16:56:42.852	WT901BLE68(F3:F0:16:BF:DC:AE)	0.272	0.935	0.238	2.808	2.380	3.418	76.92	-15.39	-45.07	-41.780	39.293	-39.587	0.75293	0.52185	-0.33258	-0.22369	25.9	null	null	13113	60
2026-05-27T16:56:42.942	WT901BLE68(F3:F0:16:BF:DC:AE)	0.281	0.940	0.232	-0.610	5.737	2.136	76.91	-15.63	-44.68	-41.780	39.293	-39.587	0.75293	0.52185	-0.33258	-0.22369	25.9	null	null	13113	60
2026-05-27T16:56:43.065	WT901BLE68(F3:F0:16:BF:DC:AE)	0.276	0.950	0.213	2.075	11.536	1.099	76.67	-15.62	-43.78	-41.780	39.293	-39.587	0.75052	0.52939	-0.33163	-0.21536	25.9	null	null	13113	60
2026-05-27T16:56:43.158	WT901BLE68(F3:F0:16:BF:DC:AE)	0.259	0.937	0.228	2.747	7.996	0.732	76.70	-15.53	-42.79	-41.780	39.293	-39.587	0.75052	0.52939	-0.33163	-0.21536	25.9	null	null	13113	60
2026-05-27T16:56:43.277	WT901BLE68(F3:F0:16:BF:DC:AE)	0.271	0.943	0.219	1.892	10.071	-2.197	76.66	-15.24	-41.92	-41.780	39.293	-39.587	0.75052	0.52939	-0.33163	-0.21536	25.9	null	null	13113	60
2026-05-27T16:56:43.331	WT901BLE68(F3:F0:16:BF:DC:AE)	0.278	0.965	0.224	2.136	7.324	-1.770	76.67	-14.80	-41.04	-41.780	39.293	-39.587	0.75052	0.52939	-0.33163	-0.21536	25.9	null	null	13113	60
2026-05-27T16:56:43.453	WT901BLE68(F3:F0:16:BF:DC:AE)	0.254	0.943	0.225	-1.709	2.014	1.526	76.55	-14.67	-40.47	-41.780	39.293	-39.587	0.75052	0.52939	-0.33163	-0.21536	25.9	null	null	13113	60
2026-05-27T16:56:43.542	WT901BLE68(F3:F0:16:BF:DC:AE)	0.261	0.933	0.226	-2.136	-2.930	0.305	76.38	-14.85	-40.68	-41.780	39.293	-39.587	0.75052	0.52939	-0.33163	-0.21536	25.9	null	null	13113	60
2026-05-27T16:56:43.663	WT901BLE68(F3:F0:16:BF:DC:AE)	0.275	0.938	0.223	-0.244	2.991	0.000	76.27	-14.89	-40.84	-41.780	39.293	-39.587	0.75052	0.52939	-0.33163	-0.21536	25.9	null	null	13113	60
2026-05-27T16:56:43.750	WT901BLE68(F3:F0:16:BF:DC:AE)	0.267	0.943	0.222	0.671	1.587	2.625	76.23	-14.94	-40.58	-39.000	38.807	-41.813	0.75052	0.52939	-0.33163	-0.21536	25.9	null	null	13113	60
2026-05-27T16:56:43.875	WT901BLE68(F3:F0:16:BF:DC:AE)	0.260	0.944	0.235	-0.244	-0.183	2.319	76.26	-15.22	-40.55	-39.000	38.807	-41.813	0.75052	0.52939	-0.33163	-0.21536	25.9	null	null	13113	60
2026-05-27T16:56:43.932	WT901BLE68(F3:F0:16:BF:DC:AE)	0.262	0.936	0.229	-0.854	-0.244	0.977	76.17	-15.39	-40.61	-39.000	38.807	-41.813	0.75986	0.53738	-0.31049	-0.19318	25.9	null	null	13113	60
2026-05-27T16:56:44.053	WT901BLE68(F3:F0:16:BF:DC:AE)	0.274	0.938	0.227	0.854	0.793	0.244	76.18	-15.40	-40.65	-39.000	38.807	-41.813	0.75986	0.53738	-0.31049	-0.19318	25.9	null	null	13113	60
2026-05-27T16:56:44.141	WT901BLE68(F3:F0:16:BF:DC:AE)	0.272	0.941	0.238	0.732	1.282	0.916	76.24	-15.46	-40.64	-39.000	38.807	-41.813	0.75986	0.53738	-0.31049	-0.19318	25.9	null	null	13113	60
2026-05-27T16:56:44.267	WT901BLE68(F3:F0:16:BF:DC:AE)	0.277	0.939	0.239	0.732	4.639	0.549	76.22	-15.49	-40.41	-39.000	38.807	-41.813	0.75986	0.53738	-0.31049	-0.19318	25.9	null	null	13113	60
2026-05-27T16:56:44.356	WT901BLE68(F3:F0:16:BF:DC:AE)	0.277	0.938	0.236	0.793	6.104	2.075	76.13	-15.50	-39.95	-39.000	38.807	-41.813	0.75986	0.53738	-0.31049	-0.19318	25.9	null	null	13113	60
2026-05-27T16:56:44.474	WT901BLE68(F3:F0:16:BF:DC:AE)	0.264	0.943	0.235	1.282	7.629	1.343	76.00	-15.51	-39.20	-39.000	38.807	-41.813	0.75986	0.53738	-0.31049	-0.19318	25.9	null	null	13113	60
2026-05-27T16:56:44.563	WT901BLE68(F3:F0:16:BF:DC:AE)	0.253	0.942	0.230	0.916	5.981	0.610	75.91	-15.42	-38.55	-39.000	38.807	-41.813	0.75986	0.53738	-0.31049	-0.19318	25.9	null	null	13113	60
2026-05-27T16:56:44.685	WT901BLE68(F3:F0:16:BF:DC:AE)	0.249	0.947	0.232	1.709	2.380	-1.160	75.93	-15.27	-38.20	-37.360	38.907	-42.920	0.75986	0.53738	-0.31049	-0.19318	25.9	null	null	13113	60
2026-05-27T16:56:44.741	WT901BLE68(F3:F0:16:BF:DC:AE)	0.262	0.956	0.244	0.549	0.061	-2.258	76.06	-15.06	-38.29	-37.360	38.907	-42.920	0.75986	0.53738	-0.31049	-0.19318	25.9	null	null	13113	60
2026-05-27T16:56:44.864	WT901BLE68(F3:F0:16:BF:DC:AE)	0.267	0.954	0.242	-3.052	-1.770	0.244	75.97	-14.90	-38.46	-37.360	38.907	-42.920	0.76404	0.54321	-0.29770	-0.18015	25.9	null	null	13113	60
2026-05-27T16:56:44.951	WT901BLE68(F3:F0:16:BF:DC:AE)	0.256	0.905	0.212	-6.226	-14.404	1.648	75.65	-15.17	-39.24	-37.360	38.907	-42.920	0.76404	0.54321	-0.29770	-0.18015	25.9	null	null	13113	60
2026-05-27T16:56:45.074	WT901BLE68(F3:F0:16:BF:DC:AE)	0.283	0.902	0.218	-0.549	-10.132	-6.348	75.71	-15.36	-40.75	-37.360	38.907	-42.920	0.76404	0.54321	-0.29770	-0.18015	25.9	null	null	13113	60
2026-05-27T16:56:45.164	WT901BLE68(F3:F0:16:BF:DC:AE)	0.317	0.967	0.243	5.005	4.211	-7.690	76.19	-14.80	-41.46	-37.360	38.907	-42.920	0.76404	0.54321	-0.29770	-0.18015	25.9	null	null	13113	60
2026-05-27T16:56:45.282	WT901BLE68(F3:F0:16:BF:DC:AE)	0.285	0.950	0.223	1.892	4.089	-0.122	76.42	-14.46	-41.08	-37.360	38.907	-42.920	0.76404	0.54321	-0.29770	-0.18015	25.9	null	null	13113	60
2026-05-27T16:56:45.340	WT901BLE68(F3:F0:16:BF:DC:AE)	0.254	0.966	0.214	-1.221	-6.958	4.089	76.46	-14.78	-41.25	-37.360	38.907	-42.920	0.76404	0.54321	-0.29770	-0.18015	25.9	null	null	13113	60
2026-05-27T16:56:45.463	WT901BLE68(F3:F0:16:BF:DC:AE)	0.245	0.920	0.203	-0.916	-11.108	0.549	76.62	-15.34	-42.26	-37.360	38.907	-42.920	0.76404	0.54321	-0.29770	-0.18015	25.9	null	null	13113	60
