time	DeviceName	AccX(g)	AccY(g)	AccZ(g)	AsX(°/s)	AsY(°/s)	AsZ(°/s)	AngleX(°)	AngleY(°)	AngleZ(°)	HX(uT)	HY(uT)	HZ(uT)	Q0()	Q1()	Q2()	Q3()	Temperature(°C)	Height(m)	Pressure(kPa)	Version()	Battery level(%)
2026-05-27T14:12:18.612	WT901BLE68(F3:F0:16:BF:DC:AE)	0.911	0.276	0.322	1.404	0.427	2.136	39.84	-65.67	64.52	30.660	-6.440	-47.140	-0.57217	-0.51413	0.27435	-0.57693	25.5	null	null	13113	75
2026-05-27T14:12:18.727	WT901BLE68(F3:F0:16:BF:DC:AE)	0.908	0.278	0.322	-1.160	-0.854	0.244	39.78	-65.69	64.46	30.660	-6.440	-47.140	-0.57217	-0.51413	0.27435	-0.57693	25.5	null	null	13113	75
2026-05-27T14:12:18.820	WT901BLE68(F3:F0:16:BF:DC:AE)	0.910	0.271	0.324	-2.625	-0.793	-0.793	39.84	-65.68	64.01	30.660	-6.440	-47.140	-0.57217	-0.51413	0.27435	-0.57693	25.5	null	null	13113	75
2026-05-27T14:12:18.942	WT901BLE68(F3:F0:16:BF:DC:AE)	0.915	0.264	0.323	-3.235	0.244	-2.502	39.92	-65.53	63.47	29.707	-5.527	-48.360	-0.57217	-0.51413	0.27435	-0.57693	25.5	null	null	13113	75
2026-05-27T14:12:19.034	WT901BLE68(F3:F0:16:BF:DC:AE)	0.940	0.289	0.337	-2.197	2.808	-7.690	40.16	-65.13	62.78	29.707	-5.527	-48.360	-0.57217	-0.51413	0.27435	-0.57693	25.5	null	null	13113	75
2026-05-27T14:12:19.178	WT901BLE68(F3:F0:16:BF:DC:AE)	0.891	0.278	0.333	0.916	6.287	-11.902	41.19	-63.98	61.39	29.707	-5.527	-48.360	-0.58212	-0.51007	0.27890	-0.56839	25.5	null	null	13113	75
2026-05-27T14:12:19.207	WT901BLE68(F3:F0:16:BF:DC:AE)	0.885	0.274	0.318	0.366	3.662	-3.418	41.60	-63.16	60.88	29.707	-5.527	-48.360	-0.58212	-0.51007	0.27890	-0.56839	25.5	null	null	13113	75
2026-05-27T14:12:19.330	WT901BLE68(F3:F0:16:BF:DC:AE)	0.899	0.276	0.315	-1.709	-1.038	3.174	41.18	-63.25	61.02	29.707	-5.527	-48.360	-0.58212	-0.51007	0.27890	-0.56839	25.5	null	null	13113	75
2026-05-27T14:12:19.418	WT901BLE68(F3:F0:16:BF:DC:AE)	0.904	0.267	0.327	1.221	-2.014	6.348	40.53	-63.84	61.51	29.707	-5.527	-48.360	-0.58212	-0.51007	0.27890	-0.56839	25.5	null	null	13113	75
2026-05-27T14:12:19.542	WT901BLE68(F3:F0:16:BF:DC:AE)	0.906	0.267	0.333	3.113	-1.648	9.216	39.69	-64.56	62.55	29.707	-5.527	-48.360	-0.58212	-0.51007	0.27890	-0.56839	25.5	null	null	13113	75
2026-05-27T14:12:19.631	WT901BLE68(F3:F0:16:BF:DC:AE)	0.912	0.276	0.323	5.188	-0.732	7.813	38.83	-65.17	63.90	29.707	-5.527	-48.360	-0.58212	-0.51007	0.27890	-0.56839	25.5	null	null	13113	75
2026-05-27T14:12:19.754	WT901BLE68(F3:F0:16:BF:DC:AE)	0.911	0.282	0.329	4.089	-1.282	4.639	38.49	-65.61	64.66	29.707	-5.527	-48.360	-0.58212	-0.51007	0.27890	-0.56839	25.5	null	null	13113	75
2026-05-27T14:12:19.807	WT901BLE68(F3:F0:16:BF:DC:AE)	0.902	0.285	0.331	4.211	-0.671	1.709	38.71	-65.76	64.91	29.780	-6.533	-47.620	-0.58212	-0.51007	0.27890	-0.56839	25.5	null	null	13113	75
2026-05-27T14:12:19.930	WT901BLE68(F3:F0:16:BF:DC:AE)	0.922	0.280	0.338	1.831	0.000	-0.488	39.05	-65.76	64.75	29.780	-6.533	-47.620	-0.58212	-0.51007	0.27890	-0.56839	25.5	null	null	13113	75
2026-05-27T14:12:20.019	WT901BLE68(F3:F0:16:BF:DC:AE)	0.908	0.274	0.324	0.244	0.977	-1.587	39.40	-65.53	64.46	29.780	-6.533	-47.620	-0.57141	-0.51132	0.28116	-0.57697	25.5	null	null	13113	75
2026-05-27T14:12:20.140	WT901BLE68(F3:F0:16:BF:DC:AE)	0.904	0.279	0.313	-2.441	-0.061	-2.625	39.64	-65.32	64.04	29.780	-6.533	-47.620	-0.57141	-0.51132	0.28116	-0.57697	25.5	null	null	13113	75
2026-05-27T14:12:20.234	WT901BLE68(F3:F0:16:BF:DC:AE)	0.903	0.279	0.316	-9.949	-4.883	-2.869	39.94	-65.31	62.98	29.780	-6.533	-47.620	-0.57141	-0.51132	0.28116	-0.57697	25.5	null	null	13113	75
2026-05-27T14:12:20.351	WT901BLE68(F3:F0:16:BF:DC:AE)	0.877	0.299	0.327	-19.531	-9.949	-1.587	40.11	-65.63	61.34	29.780	-6.533	-47.620	-0.57141	-0.51132	0.28116	-0.57697	25.5	null	null	13113	75
2026-05-27T14:12:20.440	WT901BLE68(F3:F0:16:BF:DC:AE)	0.924	0.361	0.379	-37.720	-11.963	-8.667	39.71	-66.20	58.83	29.780	-6.533	-47.620	-0.57141	-0.51132	0.28116	-0.57697	25.5	null	null	13113	75
2026-05-27T14:12:20.558	WT901BLE68(F3:F0:16:BF:DC:AE)	0.923	0.353	0.459	-47.607	2.869	-30.273	39.85	-65.29	54.22	29.780	-6.533	-47.620	-0.57141	-0.51132	0.28116	-0.57697	25.5	null	null	13113	75
2026-05-27T14:12:20.627	WT901BLE68(F3:F0:16:BF:DC:AE)	0.942	0.339	0.469	-6.897	34.790	-52.673	41.03	-60.94	49.78	29.780	-6.533	-47.620	-0.57141	-0.51132	0.28116	-0.57697	25.5	null	null	13113	75
2026-05-27T14:12:20.740	WT901BLE68(F3:F0:16:BF:DC:AE)	0.869	0.370	0.406	7.324	43.518	-53.101	43.09	-54.40	47.85	27.693	5.013	-46.807	-0.57141	-0.51132	0.28116	-0.57697	25.5	null	null	13113	75
2026-05-27T14:12:20.832	WT901BLE68(F3:F0:16:BF:DC:AE)	0.790	0.326	0.370	-5.371	31.372	-36.438	43.78	-48.71	46.32	27.693	5.013	-46.807	-0.57141	-0.51132	0.28116	-0.57697	25.5	null	null	13113	75
2026-05-27T14:12:20.949	WT901BLE68(F3:F0:16:BF:DC:AE)	0.749	0.320	0.353	-0.305	14.465	-6.287	43.27	-46.05	45.79	27.693	5.013	-46.807	-0.72211	-0.46021	0.21237	-0.47067	25.5	null	null	13113	75
2026-05-27T14:12:21.043	WT901BLE68(F3:F0:16:BF:DC:AE)	0.759	0.342	0.364	1.526	-4.578	19.653	42.34	-46.72	46.40	27.693	5.013	-46.807	-0.72211	-0.46021	0.21237	-0.47067	25.5	null	null	13113	75
2026-05-27T14:12:21.160	WT901BLE68(F3:F0:16:BF:DC:AE)	0.800	0.329	0.402	0.793	-20.569	40.039	40.69	-50.16	47.86	27.693	5.013	-46.807	-0.72211	-0.46021	0.21237	-0.47067	25.5	null	null	13113	75
2026-05-27T14:12:21.219	WT901BLE68(F3:F0:16:BF:DC:AE)	0.865	0.354	0.456	31.006	-22.827	47.485	39.06	-55.06	50.83	27.693	5.013	-46.807	-0.72211	-0.46021	0.21237	-0.47067	25.5	null	null	13113	75
2026-05-27T14:12:21.340	WT901BLE68(F3:F0:16:BF:DC:AE)	0.884	0.414	0.414	19.348	-19.165	39.795	38.60	-59.42	54.58	27.693	5.013	-46.807	-0.72211	-0.46021	0.21237	-0.47067	25.5	null	null	13113	75
2026-05-27T14:12:21.427	WT901BLE68(F3:F0:16:BF:DC:AE)	0.891	0.344	0.366	16.357	-15.198	25.024	37.49	-62.70	57.37	27.693	5.013	-46.807	-0.72211	-0.46021	0.21237	-0.47067	25.5	null	null	13113	75
2026-05-27T14:12:21.551	WT901BLE68(F3:F0:16:BF:DC:AE)	0.882	0.330	0.355	20.081	-11.719	18.677	38.12	-64.73	59.12	27.693	5.013	-46.807	-0.72211	-0.46021	0.21237	-0.47067	25.5	null	null	13113	75
2026-05-27T14:12:21.638	WT901BLE68(F3:F0:16:BF:DC:AE)	0.904	0.321	0.363	3.662	-12.939	12.146	38.81	-66.33	60.01	30.193	-3.033	-46.860	-0.72211	-0.46021	0.21237	-0.47067	25.5	null	null	13113	75
2026-05-27T14:12:21.760	WT901BLE68(F3:F0:16:BF:DC:AE)	0.942	0.271	0.374	12.817	-2.319	6.409	38.79	-67.26	60.57	30.193	-3.033	-46.860	-0.72211	-0.46021	0.21237	-0.47067	25.5	null	null	13113	75
2026-05-27T14:12:21.848	WT901BLE68(F3:F0:16:BF:DC:AE)	0.920	0.269	0.350	6.958	3.418	0.671	39.20	-67.07	61.64	30.193	-3.033	-46.860	-0.58151	-0.50504	0.30786	-0.55847	25.5	null	null	13113	75
2026-05-27T14:12:21.971	WT901BLE68(F3:F0:16:BF:DC:AE)	0.902	0.253	0.326	3.723	4.517	4.456	38.59	-66.70	62.88	30.193	-3.033	-46.860	-0.58151	-0.50504	0.30786	-0.55847	25.5	null	null	13113	75
2026-05-27T14:12:22.031	WT901BLE68(F3:F0:16:BF:DC:AE)	0.904	0.288	0.308	-0.305	2.136	7.813	36.99	-66.74	64.92	30.193	-3.033	-46.860	-0.58151	-0.50504	0.30786	-0.55847	25.5	null	null	13113	75
2026-05-27T14:12:22.151	WT901BLE68(F3:F0:16:BF:DC:AE)	0.911	0.304	0.307	-8.057	-2.197	2.441	35.82	-66.98	65.95	30.193	-3.033	-46.860	-0.58151	-0.50504	0.30786	-0.55847	25.5	null	null	13113	75
2026-05-27T14:12:22.273	WT901BLE68(F3:F0:16:BF:DC:AE)	0.926	0.272	0.327	-8.850	0.122	-12.329	36.54	-66.69	64.48	30.193	-3.033	-46.860	-0.58151	-0.50504	0.30786	-0.55847	25.5	null	null	13113	75
2026-05-27T14:12:22.361	WT901BLE68(F3:F0:16:BF:DC:AE)	0.911	0.246	0.321	-7.935	1.587	-15.320	38.53	-65.60	61.72	30.193	-3.033	-46.860	-0.58151	-0.50504	0.30786	-0.55847	25.5	null	null	13113	75
2026-05-27T14:12:22.483	WT901BLE68(F3:F0:16:BF:DC:AE)	0.919	0.234	0.321	-9.094	0.549	-9.216	39.56	-64.79	59.73	30.193	-3.033	-46.860	-0.58151	-0.50504	0.30786	-0.55847	25.5	null	null	13113	75
2026-05-27T14:12:22.571	WT901BLE68(F3:F0:16:BF:DC:AE)	0.920	0.230	0.322	-9.399	-0.488	-4.333	39.62	-64.45	58.67	29.447	-4.740	-48.413	-0.58151	-0.50504	0.30786	-0.55847	25.5	null	null	13113	75
2026-05-27T14:12:22.631	WT901BLE68(F3:F0:16:BF:DC:AE)	0.907	0.251	0.313	-5.920	-0.061	1.221	38.96	-64.52	58.66	29.447	-4.740	-48.413	-0.58151	-0.50504	0.30786	-0.55847	25.5	null	null	13113	75
2026-05-27T14:12:22.754	WT901BLE68(F3:F0:16:BF:DC:AE)	0.919	0.266	0.304	-2.014	-0.305	2.686	38.13	-64.78	59.17	29.447	-4.740	-48.413	-0.60788	-0.49200	0.30096	-0.54562	25.5	null	null	13113	75
2026-05-27T14:12:22.841	WT901BLE68(F3:F0:16:BF:DC:AE)	0.917	0.277	0.308	1.038	-1.221	-1.892	38.27	-64.93	59.19	29.447	-4.740	-48.413	-0.60788	-0.49200	0.30096	-0.54562	25.5	null	null	13113	75
2026-05-27T14:12:22.960	WT901BLE68(F3:F0:16:BF:DC:AE)	0.918	0.253	0.328	1.038	-1.587	-0.732	38.90	-65.07	58.61	29.447	-4.740	-48.413	-0.60788	-0.49200	0.30096	-0.54562	25.5	null	null	13113	75
2026-05-27T14:12:23.050	WT901BLE68(F3:F0:16:BF:DC:AE)	0.911	0.249	0.328	2.502	0.305	2.014	39.06	-65.17	58.72	29.447	-4.740	-48.413	-0.60788	-0.49200	0.30096	-0.54562	25.5	null	null	13113	75
2026-05-27T14:12:23.203	WT901BLE68(F3:F0:16:BF:DC:AE)	0.901	0.264	0.320	0.000	0.000	4.883	38.42	-65.42	59.57	29.447	-4.740	-48.413	-0.60788	-0.49200	0.30096	-0.54562	25.5	null	null	13113	75
2026-05-27T14:12:23.259	WT901BLE68(F3:F0:16:BF:DC:AE)	0.900	0.255	0.342	4.822	1.831	2.136	37.87	-65.58	60.43	29.447	-4.740	-48.413	-0.60788	-0.49200	0.30096	-0.54562	25.5	null	null	13113	75
2026-05-27T14:12:23.381	WT901BLE68(F3:F0:16:BF:DC:AE)	0.939	0.264	0.363	20.325	6.287	0.977	38.49	-65.22	61.74	29.447	-4.740	-48.413	-0.60788	-0.49200	0.30096	-0.54562	25.5	null	null	13113	75
2026-05-27T14:12:23.438	WT901BLE68(F3:F0:16:BF:DC:AE)	0.880	0.245	0.404	6.897	6.836	1.038	38.41	-64.73	62.90	29.780	-5.693	-47.867	-0.60788	-0.49200	0.30096	-0.54562	25.5	null	null	13113	75
2026-05-27T14:12:23.561	WT901BLE68(F3:F0:16:BF:DC:AE)	0.874	0.301	0.315	-23.560	-1.465	4.333	36.21	-64.53	64.37	29.780	-5.693	-47.867	-0.60788	-0.49200	0.30096	-0.54562	25.5	null	null	13113	75
2026-05-27T14:12:23.648	WT901BLE68(F3:F0:16:BF:DC:AE)	0.899	0.293	0.341	-11.414	-0.732	-3.357	34.86	-64.62	64.16	29.780	-5.693	-47.867	-0.59412	-0.48932	0.29340	-0.56693	25.5	null	null	13113	75
2026-05-27T14:12:23.772	WT901BLE68(F3:F0:16:BF:DC:AE)	0.906	0.271	0.353	-9.155	0.977	-10.132	35.25	-64.17	62.70	29.780	-5.693	-47.867	-0.59412	-0.48932	0.29340	-0.56693	25.5	null	null	13113	75
2026-05-27T14:12:23.860	WT901BLE68(F3:F0:16:BF:DC:AE)	0.895	0.238	0.362	-7.446	1.831	-12.512	36.32	-63.33	60.69	29.780	-5.693	-47.867	-0.59412	-0.48932	0.29340	-0.56693	25.5	null	null	13113	75
2026-05-27T14:12:23.980	WT901BLE68(F3:F0:16:BF:DC:AE)	0.917	0.215	0.366	-5.554	2.136	-7.568	36.85	-62.67	59.31	29.780	-5.693	-47.867	-0.59412	-0.48932	0.29340	-0.56693	25.5	null	null	13113	75
2026-05-27T14:12:24.040	WT901BLE68(F3:F0:16:BF:DC:AE)	0.897	0.210	0.349	6.531	4.333	-5.859	37.25	-62.15	58.91	29.780	-5.693	-47.867	-0.59412	-0.48932	0.29340	-0.56693	25.5	null	null	13113	75
2026-05-27T14:12:24.191	WT901BLE68(F3:F0:16:BF:DC:AE)	0.894	0.212	0.341	11.230	0.183	-1.038	38.09	-61.92	58.93	29.780	-5.693	-47.867	-0.59412	-0.48932	0.29340	-0.56693	25.5	null	null	13113	75
2026-05-27T14:12:24.250	WT901BLE68(F3:F0:16:BF:DC:AE)	0.923	0.212	0.356	11.780	-4.578	4.211	38.80	-62.52	59.17	29.780	-5.693	-47.867	-0.59412	-0.48932	0.29340	-0.56693	25.5	null	null	13113	75
2026-05-27T14:12:24.372	WT901BLE68(F3:F0:16:BF:DC:AE)	0.934	0.211	0.366	14.038	-6.409	9.766	39.38	-63.53	59.88	30.507	-0.607	-46.180	-0.59412	-0.48932	0.29340	-0.56693	25.5	null	null	13113	75
2026-05-27T14:12:24.460	WT901BLE68(F3:F0:16:BF:DC:AE)	0.906	0.246	0.375	0.854	-12.329	14.160	39.09	-65.09	61.04	30.507	-0.607	-46.180	-0.59412	-0.48932	0.29340	-0.56693	25.5	null	null	13113	75
2026-05-27T14:12:24.582	WT901BLE68(F3:F0:16:BF:DC:AE)	0.894	0.241	0.370	-5.005	-10.559	19.287	36.69	-67.12	62.91	30.507	-0.607	-46.180	-0.59018	-0.49994	0.29861	-0.55896	25.5	null	null	13113	75
2026-05-27T14:12:24.670	WT901BLE68(F3:F0:16:BF:DC:AE)	0.917	0.294	0.338	6.897	-4.761	19.958	33.91	-68.51	66.38	30.507	-0.607	-46.180	-0.59018	-0.49994	0.29861	-0.55896	25.5	null	null	13113	75
2026-05-27T14:12:24.788	WT901BLE68(F3:F0:16:BF:DC:AE)	0.891	0.340	0.317	-5.432	-5.127	8.423	31.96	-69.43	68.70	30.507	-0.607	-46.180	-0.59018	-0.49994	0.29861	-0.55896	25.5	null	null	13113	75
2026-05-27T14:12:24.852	WT901BLE68(F3:F0:16:BF:DC:AE)	0.882	0.354	0.281	-17.090	-4.639	-6.348	32.59	-69.37	67.02	30.507	-0.607	-46.180	-0.59018	-0.49994	0.29861	-0.55896	25.5	null	null	13113	75
2026-05-27T14:12:24.968	WT901BLE68(F3:F0:16:BF:DC:AE)	0.924	0.384	0.257	-38.452	-9.460	-16.785	34.79	-68.92	62.02	30.507	-0.607	-46.180	-0.59018	-0.49994	0.29861	-0.55896	25.5	null	null	13113	75
2026-05-27T14:12:25.060	WT901BLE68(F3:F0:16:BF:DC:AE)	0.954	0.378	0.256	-48.645	-9.094	-38.147	38.61	-67.80	53.40	30.507	-0.607	-46.180	-0.59018	-0.49994	0.29861	-0.55896	25.5	null	null	13113	75
2026-05-27T14:12:25.184	WT901BLE68(F3:F0:16:BF:DC:AE)	0.967	0.349	0.260	-57.373	-1.892	-53.528	43.15	-64.97	42.83	30.507	-0.607	-46.180	-0.59018	-0.49994	0.29861	-0.55896	25.5	null	null	13113	75
2026-05-27T14:12:25.268	WT901BLE68(F3:F0:16:BF:DC:AE)	0.935	0.305	0.244	-25.391	6.897	-51.880	46.65	-61.02	34.65	28.740	11.653	-52.280	-0.59018	-0.49994	0.29861	-0.55896	25.5	null	null	13113	75
2026-05-27T14:12:25.392	WT901BLE68(F3:F0:16:BF:DC:AE)	0.886	0.310	0.231	-18.860	-1.770	-34.668	49.45	-58.05	29.25	28.740	11.653	-52.280	-0.59018	-0.49994	0.29861	-0.55896	25.5	null	null	13113	75
2026-05-27T14:12:25.449	WT901BLE68(F3:F0:16:BF:DC:AE)	0.904	0.277	0.262	-24.292	-11.719	-12.573	50.36	-57.57	25.13	28.740	11.653	-52.280	-0.72498	-0.46259	0.33777	-0.38239	25.5	null	null	13113	75
2026-05-27T14:12:25.572	WT901BLE68(F3:F0:16:BF:DC:AE)	0.893	0.250	0.269	2.991	-8.057	8.484	50.58	-58.64	23.49	28.740	11.653	-52.280	-0.72498	-0.46259	0.33777	-0.38239	25.5	null	null	13113	75
2026-05-27T14:12:25.660	WT901BLE68(F3:F0:16:BF:DC:AE)	0.898	0.288	0.274	14.099	-10.254	37.292	49.70	-61.64	25.42	28.740	11.653	-52.280	-0.72498	-0.46259	0.33777	-0.38239	25.5	null	null	13113	75
2026-05-27T14:12:25.782	WT901BLE68(F3:F0:16:BF:DC:AE)	0.959	0.331	0.290	26.367	-7.629	53.711	46.51	-66.05	31.16	28.740	11.653	-52.280	-0.72498	-0.46259	0.33777	-0.38239	25.5	null	null	13113	75
2026-05-27T14:12:25.870	WT901BLE68(F3:F0:16:BF:DC:AE)	0.950	0.369	0.285	31.921	-0.061	40.588	41.64	-69.66	39.75	28.740	11.653	-52.280	-0.72498	-0.46259	0.33777	-0.38239	25.5	null	null	13113	75
2026-05-27T14:12:25.991	WT901BLE68(F3:F0:16:BF:DC:AE)	0.903	0.391	0.273	20.081	2.441	18.860	38.45	-71.13	46.57	28.740	11.653	-52.280	-0.72498	-0.46259	0.33777	-0.38239	25.5	null	null	13113	75
2026-05-27T14:12:26.079	WT901BLE68(F3:F0:16:BF:DC:AE)	0.918	0.360	0.276	9.155	3.967	-0.488	38.11	-71.12	48.81	28.740	11.653	-52.280	-0.72498	-0.46259	0.33777	-0.38239	25.5	null	null	13113	75
2026-05-27T14:12:26.202	WT901BLE68(F3:F0:16:BF:DC:AE)	0.958	0.333	0.284	11.230	8.240	-20.752	41.04	-69.70	47.22	29.447	3.627	-55.360	-0.72498	-0.46259	0.33777	-0.38239	25.5	null	null	13113	75
2026-05-27T14:12:26.259	WT901BLE68(F3:F0:16:BF:DC:AE)	0.941	0.285	0.300	-5.066	10.193	-41.443	46.03	-66.68	42.67	29.447	3.627	-55.360	-0.72498	-0.46259	0.33777	-0.38239	25.5	null	null	13113	75
2026-05-27T14:12:26.379	WT901BLE68(F3:F0:16:BF:DC:AE)	0.915	0.222	0.294	-7.690	10.925	-32.776	49.26	-63.03	38.27	29.447	3.627	-55.360	-0.64136	-0.48917	0.34903	-0.47690	25.5	null	null	13113	75
2026-05-27T14:12:26.472	WT901BLE68(F3:F0:16:BF:DC:AE)	0.875	0.224	0.278	0.488	7.080	-7.813	49.78	-61.06	37.18	29.447	3.627	-55.360	-0.64136	-0.48917	0.34903	-0.47690	25.5	null	null	13113	75
2026-05-27T14:12:26.591	WT901BLE68(F3:F0:16:BF:DC:AE)	0.893	0.250	0.285	-2.991	-1.953	15.808	48.32	-61.58	38.29	29.447	3.627	-55.360	-0.64136	-0.48917	0.34903	-0.47690	25.5	null	null	13113	75
2026-05-27T14:12:26.680	WT901BLE68(F3:F0:16:BF:DC:AE)	0.921	0.274	0.295	4.333	-3.967	29.114	45.32	-63.77	41.36	29.447	3.627	-55.360	-0.64136	-0.48917	0.34903	-0.47690	25.5	null	null	13113	75
2026-05-27T14:12:26.803	WT901BLE68(F3:F0:16:BF:DC:AE)	0.936	0.304	0.309	4.883	-3.906	25.269	41.97	-66.13	45.58	29.447	3.627	-55.360	-0.64136	-0.48917	0.34903	-0.47690	25.5	null	null	13113	75
2026-05-27T14:12:26.859	WT901BLE68(F3:F0:16:BF:DC:AE)	0.922	0.300	0.319	9.399	1.953	11.475	39.61	-67.45	48.96	29.447	3.627	-55.360	-0.64136	-0.48917	0.34903	-0.47690	25.5	null	null	13113	75
2026-05-27T14:12:26.982	WT901BLE68(F3:F0:16:BF:DC:AE)	0.914	0.296	0.308	11.841	5.981	0.854	39.20	-67.36	50.84	29.447	3.627	-55.360	-0.64136	-0.48917	0.34903	-0.47690	25.5	null	null	13113	75
2026-05-27T14:12:27.068	WT901BLE68(F3:F0:16:BF:DC:AE)	0.930	0.261	0.319	14.465	7.874	-8.301	40.29	-66.53	51.14	28.673	2.727	-51.560	-0.64136	-0.48917	0.34903	-0.47690	25.5	null	null	13113	75
2026-05-27T14:12:27.194	WT901BLE68(F3:F0:16:BF:DC:AE)	0.920	0.246	0.328	8.911	8.362	-9.888	42.00	-65.17	50.75	28.673	2.727	-51.560	-0.64136	-0.48917	0.34903	-0.47690	25.5	null	null	13113	75
2026-05-27T14:12:27.279	WT901BLE68(F3:F0:16:BF:DC:AE)	0.918	0.230	0.328	2.991	5.310	-0.916	42.31	-64.34	51.03	28.673	2.727	-51.560	-0.62891	-0.48938	0.32043	-0.51205	25.5	null	null	13113	75
2026-05-27T14:12:27.402	WT901BLE68(F3:F0:16:BF:DC:AE)	0.896	0.233	0.319	5.066	3.967	9.338	41.08	-64.39	52.75	28.673	2.727	-51.560	-0.62891	-0.48938	0.32043	-0.51205	25.5	null	null	13113	75
2026-05-27T14:12:27.492	WT901BLE68(F3:F0:16:BF:DC:AE)	0.922	0.249	0.330	6.042	2.686	15.442	38.86	-65.04	55.71	28.673	2.727	-51.560	-0.62891	-0.48938	0.32043	-0.51205	25.5	null	null	13113	75
2026-05-27T14:12:27.612	WT901BLE68(F3:F0:16:BF:DC:AE)	0.909	0.249	0.333	2.930	0.610	8.667	36.96	-65.67	58.38	28.673	2.727	-51.560	-0.62891	-0.48938	0.32043	-0.51205	25.5	null	null	13113	75
2026-05-27T14:12:27.671	WT901BLE68(F3:F0:16:BF:DC:AE)	0.908	0.250	0.338	8.728	0.000	8.972	35.88	-66.19	60.25	28.673	2.727	-51.560	-0.62891	-0.48938	0.32043	-0.51205	25.5	null	null	13113	75
2026-05-27T14:12:27.790	WT901BLE68(F3:F0:16:BF:DC:AE)	0.897	0.254	0.341	11.108	1.038	3.845	35.63	-66.48	61.63	28.673	2.727	-51.560	-0.62891	-0.48938	0.32043	-0.51205	25.5	null	null	13113	75
2026-05-27T14:12:27.882	WT901BLE68(F3:F0:16:BF:DC:AE)	0.936	0.271	0.351	8.240	-0.427	1.038	36.37	-66.41	62.15	28.673	2.727	-51.560	-0.62891	-0.48938	0.32043	-0.51205	25.5	null	null	13113	75
2026-05-27T14:12:27.999	WT901BLE68(F3:F0:16:BF:DC:AE)	0.879	0.250	0.352	4.761	2.808	-3.601	37.06	-66.21	62.11	29.673	-4.700	-48.747	-0.62891	-0.48938	0.32043	-0.51205	25.5	null	null	13113	75
2026-05-27T14:12:28.094	WT901BLE68(F3:F0:16:BF:DC:AE)	0.906	0.276	0.331	-5.188	-2.563	-0.488	37.34	-65.90	61.94	29.673	-4.700	-48.747	-0.62891	-0.48938	0.32043	-0.51205	25.5	null	null	13113	75
2026-05-27T14:12:28.211	WT901BLE68(F3:F0:16:BF:DC:AE)	0.907	0.286	0.353	-20.691	-6.958	-6.226	37.37	-66.06	60.57	29.673	-4.700	-48.747	-0.59305	-0.49481	0.30511	-0.55698	25.5	null	null	13113	75
2026-05-27T14:12:28.300	WT901BLE68(F3:F0:16:BF:DC:AE)	0.900	0.278	0.338	-17.822	-1.892	-10.376	37.57	-65.77	58.21	29.673	-4.700	-48.747	-0.59305	-0.49481	0.30511	-0.55698	25.5	null	null	13113	75
2026-05-27T14:12:28.389	WT901BLE68(F3:F0:16:BF:DC:AE)	0.925	0.286	0.324	-16.235	0.000	-14.587	38.15	-65.01	55.86	29.673	-4.700	-48.747	-0.59305	-0.49481	0.30511	-0.55698	25.5	null	null	13113	75
2026-05-27T14:12:28.478	WT901BLE68(F3:F0:16:BF:DC:AE)	0.935	0.275	0.316	-18.066	-0.366	-19.836	39.36	-63.96	52.65	29.673	-4.700	-48.747	-0.59305	-0.49481	0.30511	-0.55698	25.5	null	null	13113	75
2026-05-27T14:12:28.601	WT901BLE68(F3:F0:16:BF:DC:AE)	0.903	0.278	0.313	-9.460	1.831	-25.330	41.48	-62.49	48.88	29.673	-4.700	-48.747	-0.59305	-0.49481	0.30511	-0.55698	25.5	null	null	13113	75
2026-05-27T14:12:28.718	WT901BLE68(F3:F0:16:BF:DC:AE)	0.894	0.300	0.324	-9.033	-0.732	-20.691	43.58	-61.11	45.39	29.673	-4.700	-48.747	-0.59305	-0.49481	0.30511	-0.55698	25.5	null	null	13113	75
2026-05-27T14:12:28.813	WT901BLE68(F3:F0:16:BF:DC:AE)	0.870	0.279	0.341	0.854	0.183	-9.827	44.93	-60.26	43.09	29.673	-4.700	-48.747	-0.59305	-0.49481	0.30511	-0.55698	25.5	null	null	13113	75
2026-05-27T14:12:28.870	WT901BLE68(F3:F0:16:BF:DC:AE)	0.902	0.280	0.347	2.136	-1.648	6.104	45.08	-60.44	42.93	25.760	10.267	-47.660	-0.59305	-0.49481	0.30511	-0.55698	25.5	null	null	13113	75
2026-05-27T14:12:29.053	WT901BLE68(F3:F0:16:BF:DC:AE)	0.887	0.276	0.335	7.568	0.671	15.991	43.82	-61.50	44.71	25.760	10.267	-47.660	-0.59305	-0.49481	0.30511	-0.55698	25.5	null	null	13113	75
2026-05-27T14:12:29.078	WT901BLE68(F3:F0:16:BF:DC:AE)	0.895	0.292	0.308	12.207	-2.258	26.367	41.76	-63.08	48.16	25.760	10.267	-47.660	-0.65805	-0.47668	0.31931	-0.48752	25.5	null	null	13113	75
2026-05-27T14:12:29.201	WT901BLE68(F3:F0:16:BF:DC:AE)	0.909	0.297	0.334	5.249	-7.202	30.273	38.67	-65.46	52.28	25.760	10.267	-47.660	-0.65805	-0.47668	0.31931	-0.48752	25.5	null	null	13113	75
2026-05-27T14:12:29.292	WT901BLE68(F3:F0:16:BF:DC:AE)	0.934	0.387	0.346	8.972	0.122	5.432	36.82	-66.75	55.42	25.760	10.267	-47.660	-0.65805	-0.47668	0.31931	-0.48752	25.5	null	null	13113	75
2026-05-27T14:12:29.412	WT901BLE68(F3:F0:16:BF:DC:AE)	0.889	0.462	0.351	1.099	5.554	-26.611	39.91	-65.42	52.97	25.760	10.267	-47.660	-0.65805	-0.47668	0.31931	-0.48752	25.5	null	null	13113	75
2026-05-27T14:12:29.502	WT901BLE68(F3:F0:16:BF:DC:AE)	0.853	0.507	0.346	-14.587	8.484	-52.795	45.09	-61.68	46.63	25.760	10.267	-47.660	-0.65805	-0.47668	0.31931	-0.48752	25.5	null	null	13113	75
2026-05-27T14:12:29.621	WT901BLE68(F3:F0:16:BF:DC:AE)	0.853	0.494	0.362	-45.959	6.042	-67.261	48.01	-56.49	39.16	25.760	10.267	-47.660	-0.65805	-0.47668	0.31931	-0.48752	25.5	null	null	13113	75
2026-05-27T14:12:29.678	WT901BLE68(F3:F0:16:BF:DC:AE)	0.837	0.428	0.397	-48.645	5.493	-69.031	49.26	-50.99	31.79	25.760	10.267	-47.660	-0.65805	-0.47668	0.31931	-0.48752	25.5	null	null	13113	75
2026-05-27T14:12:29.798	WT901BLE68(F3:F0:16:BF:DC:AE)	0.801	0.466	0.403	-30.640	3.113	-63.354	50.68	-45.93	25.20	21.593	20.913	-42.680	-0.65805	-0.47668	0.31931	-0.48752	25.5	null	null	13113	75
2026-05-27T14:12:29.892	WT901BLE68(F3:F0:16:BF:DC:AE)	0.723	0.514	0.442	-17.090	1.465	-49.011	51.50	-42.07	20.12	21.593	20.913	-42.680	-0.65805	-0.47668	0.31931	-0.48752	25.5	null	null	13113	75
2026-05-27T14:12:30.013	WT901BLE68(F3:F0:16:BF:DC:AE)	0.638	0.577	0.457	-8.240	-0.916	-34.546	52.73	-39.23	16.24	21.593	20.913	-42.680	-0.80423	-0.45505	0.24570	-0.29272	25.5	null	null	13113	75
2026-05-27T14:12:30.099	WT901BLE68(F3:F0:16:BF:DC:AE)	0.584	0.597	0.463	-12.512	-0.427	-19.470	52.78	-37.67	13.51	21.593	20.913	-42.680	-0.80423	-0.45505	0.24570	-0.29272	25.5	null	null	13113	75
2026-05-27T14:12:30.221	WT901BLE68(F3:F0:16:BF:DC:AE)	0.561	0.534	0.492	-21.484	-1.709	-1.587	50.98	-37.19	12.07	21.593	20.913	-42.680	-0.80423	-0.45505	0.24570	-0.29272	25.5	null	null	13113	75
2026-05-27T14:12:30.311	WT901BLE68(F3:F0:16:BF:DC:AE)	0.633	0.443	0.520	-25.940	-2.380	25.879	48.06	-38.52	12.36	21.593	20.913	-42.680	-0.80423	-0.45505	0.24570	-0.29272	25.5	null	null	13113	75
2026-05-27T14:12:30.430	WT901BLE68(F3:F0:16:BF:DC:AE)	0.706	0.394	0.545	-18.066	-9.644	67.566	43.57	-42.48	15.94	21.593	20.913	-42.680	-0.80423	-0.45505	0.24570	-0.29272	25.5	null	null	13113	75
2026-05-27T14:12:30.493	WT901BLE68(F3:F0:16:BF:DC:AE)	0.757	0.299	0.436	-17.517	-37.109	107.727	36.50	-50.56	23.76	21.593	20.913	-42.680	-0.80423	-0.45505	0.24570	-0.29272	25.5	null	null	13113	75
2026-05-27T14:12:30.610	WT901BLE68(F3:F0:16:BF:DC:AE)	0.976	0.210	0.400	26.001	-53.284	116.882	26.49	-60.58	36.69	21.593	20.913	-42.680	-0.80423	-0.45505	0.24570	-0.29272	25.5	null	null	13113	75
2026-05-27T14:12:30.698	WT901BLE68(F3:F0:16:BF:DC:AE)	1.088	0.317	0.375	152.527	-26.184	79.590	22.54	-68.13	53.93	25.487	16.827	-39.173	-0.80423	-0.45505	0.24570	-0.29272	25.5	null	null	13113	75
2026-05-27T14:12:30.820	WT901BLE68(F3:F0:16:BF:DC:AE)	0.946	0.457	0.282	56.213	-4.333	21.912	24.47	-70.36	63.81	25.487	16.827	-39.173	-0.80423	-0.45505	0.24570	-0.29272	25.5	null	null	13113	75
2026-05-27T14:12:30.911	WT901BLE68(F3:F0:16:BF:DC:AE)	0.885	0.335	0.323	16.541	-2.808	-3.235	27.60	-70.43	63.39	25.487	16.827	-39.173	-0.60657	-0.45209	0.38098	-0.53143	25.5	null	null	13113	75
2026-05-27T14:12:31.033	WT901BLE68(F3:F0:16:BF:DC:AE)	0.914	0.313	0.345	9.705	1.770	-19.714	33.17	-69.35	59.55	25.487	16.827	-39.173	-0.60657	-0.45209	0.38098	-0.53143	25.5	null	null	13113	75
2026-05-27T14:12:31.091	WT901BLE68(F3:F0:16:BF:DC:AE)	0.939	0.253	0.355	-1.892	7.874	-33.508	38.72	-66.96	54.08	25.487	16.827	-39.173	-0.60657	-0.45209	0.38098	-0.53143	25.5	null	null	13113	75
2026-05-27T14:12:31.212	WT901BLE68(F3:F0:16:BF:DC:AE)	0.926	0.215	0.339	-4.456	12.695	-30.273	42.01	-63.95	50.17	25.487	16.827	-39.173	-0.60657	-0.45209	0.38098	-0.53143	25.5	null	null	13113	75
2026-05-27T14:12:31.300	WT901BLE68(F3:F0:16:BF:DC:AE)	0.899	0.215	0.305	-3.296	9.216	-11.169	42.75	-61.80	48.86	25.487	16.827	-39.173	-0.60657	-0.45209	0.38098	-0.53143	25.5	null	null	13113	75
2026-05-27T14:12:31.424	WT901BLE68(F3:F0:16:BF:DC:AE)	0.893	0.237	0.287	-1.160	1.343	6.348	41.80	-61.51	49.54	25.487	16.827	-39.173	-0.60657	-0.45209	0.38098	-0.53143	25.5	null	null	13113	75
2026-05-27T14:12:31.509	WT901BLE68(F3:F0:16:BF:DC:AE)	0.897	0.271	0.293	-1.465	-7.568	16.846	40.29	-62.78	51.16	25.487	16.827	-39.173	-0.60657	-0.45209	0.38098	-0.53143	25.5	null	null	13113	75
2026-05-27T14:12:31.661	WT901BLE68(F3:F0:16:BF:DC:AE)	0.912	0.282	0.313	-1.160	-12.024	19.531	38.51	-64.93	53.04	28.593	3.340	-46.947	-0.60657	-0.45209	0.38098	-0.53143	25.5	null	null	13113	75
2026-05-27T14:12:31.688	WT901BLE68(F3:F0:16:BF:DC:AE)	0.921	0.287	0.337	4.639	-8.484	12.146	37.39	-66.79	54.59	28.593	3.340	-46.947	-0.60657	-0.45209	0.38098	-0.53143	25.5	null	null	13113	75
2026-05-27T14:12:31.842	WT901BLE68(F3:F0:16:BF:DC:AE)	0.915	0.287	0.348	4.089	-2.563	2.319	37.41	-67.58	55.31	28.593	3.340	-46.947	-0.62079	-0.47726	0.34119	-0.51993	25.5	null	null	13113	75
2026-05-27T14:12:31.902	WT901BLE68(F3:F0:16:BF:DC:AE)	0.917	0.272	0.344	2.014	2.747	-3.479	37.91	-67.38	55.26	28.593	3.340	-46.947	-0.62079	-0.47726	0.34119	-0.51993	25.5	null	null	13113	75
2026-05-27T14:12:32.022	WT901BLE68(F3:F0:16:BF:DC:AE)	0.922	0.265	0.324	-0.183	5.493	-7.446	38.47	-66.54	55.01	28.593	3.340	-46.947	-0.62079	-0.47726	0.34119	-0.51993	25.5	null	null	13113	75
2026-05-27T14:12:32.108	WT901BLE68(F3:F0:16:BF:DC:AE)	0.914	0.253	0.309	-1.526	5.005	-8.484	39.06	-65.53	54.43	28.593	3.340	-46.947	-0.62079	-0.47726	0.34119	-0.51993	25.5	null	null	13113	75
2026-05-27T14:12:32.231	WT901BLE68(F3:F0:16:BF:DC:AE)	0.910	0.247	0.309	-2.441	2.258	-4.883	39.51	-64.84	53.83	28.593	3.340	-46.947	-0.62079	-0.47726	0.34119	-0.51993	25.5	null	null	13113	75
2026-05-27T14:12:32.322	WT901BLE68(F3:F0:16:BF:DC:AE)	0.912	0.253	0.311	-2.625	-1.038	0.488	39.53	-64.73	53.65	28.593	3.340	-46.947	-0.62079	-0.47726	0.34119	-0.51993	25.5	null	null	13113	75
2026-05-27T14:12:32.442	WT901BLE68(F3:F0:16:BF:DC:AE)	0.909	0.259	0.323	-3.052	-3.113	2.563	39.27	-65.07	53.72	28.593	3.340	-46.947	-0.62079	-0.47726	0.34119	-0.51993	25.5	null	null	13113	75
2026-05-27T14:12:32.499	WT901BLE68(F3:F0:16:BF:DC:AE)	0.912	0.270	0.332	-4.089	-3.479	3.113	38.90	-65.53	53.93	28.927	0.713	-48.820	-0.62079	-0.47726	0.34119	-0.51993	25.5	null	null	13113	75
2026-05-27T14:12:32.618	WT901BLE68(F3:F0:16:BF:DC:AE)	0.907	0.269	0.334	-3.479	-1.953	1.099	38.50	-65.87	54.07	28.927	0.713	-48.820	-0.62079	-0.47726	0.34119	-0.51993	25.5	null	null	13113	75
2026-05-27T14:12:32.709	WT901BLE68(F3:F0:16:BF:DC:AE)	0.903	0.278	0.333	-5.798	-1.587	-0.122	38.23	-65.99	54.04	28.927	0.713	-48.820	-0.62424	-0.47946	0.33212	-0.51965	25.5	null	null	13113	75
2026-05-27T14:12:32.829	WT901BLE68(F3:F0:16:BF:DC:AE)	0.924	0.279	0.335	-6.165	0.000	-4.456	38.12	-65.87	53.63	28.927	0.713	-48.820	-0.62424	-0.47946	0.33212	-0.51965	25.5	null	null	13113	75
2026-05-27T14:12:32.922	WT901BLE68(F3:F0:16:BF:DC:AE)	0.924	0.249	0.330	-3.662	2.808	-8.545	38.73	-65.26	52.59	28.927	0.713	-48.820	-0.62424	-0.47946	0.33212	-0.51965	25.5	null	null	13113	75
2026-05-27T14:12:33.039	WT901BLE68(F3:F0:16:BF:DC:AE)	0.918	0.232	0.318	2.197	4.822	-5.981	39.33	-64.51	51.96	28.927	0.713	-48.820	-0.62424	-0.47946	0.33212	-0.51965	25.5	null	null	13113	75
2026-05-27T14:12:33.131	WT901BLE68(F3:F0:16:BF:DC:AE)	0.917	0.228	0.321	6.226	4.211	0.305	39.47	-64.09	52.26	28.927	0.713	-48.820	-0.62424	-0.47946	0.33212	-0.51965	25.5	null	null	13113	75
2026-05-27T14:12:33.249	WT901BLE68(F3:F0:16:BF:DC:AE)	0.898	0.244	0.318	10.315	2.380	7.751	39.06	-64.22	53.67	28.927	0.713	-48.820	-0.62424	-0.47946	0.33212	-0.51965	25.5	null	null	13113	75
2026-05-27T14:12:33.310	WT901BLE68(F3:F0:16:BF:DC:AE)	0.912	0.262	0.330	10.437	-0.610	12.512	38.18	-64.94	55.77	28.987	1.380	-47.380	-0.62424	-0.47946	0.33212	-0.51965	25.5	null	null	13113	75
2026-05-27T14:12:33.433	WT901BLE68(F3:F0:16:BF:DC:AE)	0.912	0.271	0.338	11.047	0.000	10.376	37.40	-65.65	57.87	28.987	1.380	-47.380	-0.62424	-0.47946	0.33212	-0.51965	25.5	null	null	13113	75
2026-05-27T14:12:33.519	WT901BLE68(F3:F0:16:BF:DC:AE)	0.909	0.277	0.336	12.207	0.977	7.568	37.00	-66.12	59.72	28.987	1.380	-47.380	-0.62424	-0.47946	0.33212	-0.51965	25.5	null	null	13113	75
2026-05-27T14:12:33.640	WT901BLE68(F3:F0:16:BF:DC:AE)	0.892	0.271	0.325	10.010	1.221	4.578	37.01	-66.25	60.99	28.987	1.380	-47.380	-0.60107	-0.48923	0.31516	-0.54767	25.5	null	null	13113	75
2026-05-27T14:12:33.732	WT901BLE68(F3:F0:16:BF:DC:AE)	0.908	0.286	0.330	-0.366	-4.395	2.502	37.22	-66.49	61.42	28.987	1.380	-47.380	-0.60107	-0.48923	0.31516	-0.54767	25.5	null	null	13113	75
2026-05-27T14:12:33.853	WT901BLE68(F3:F0:16:BF:DC:AE)	0.887	0.294	0.338	-11.963	-8.484	-0.061	37.64	-66.91	60.47	28.987	1.380	-47.380	-0.60107	-0.48923	0.31516	-0.54767	25.5	null	null	13113	75
2026-05-27T14:12:33.909	WT901BLE68(F3:F0:16:BF:DC:AE)	0.921	0.302	0.342	-19.287	-7.446	-6.348	37.90	-67.23	58.57	28.987	1.380	-47.380	-0.60107	-0.48923	0.31516	-0.54767	25.5	null	null	13113	75
2026-05-27T14:12:34.032	WT901BLE68(F3:F0:16:BF:DC:AE)	0.911	0.297	0.334	-31.433	-5.005	-13.672	38.47	-66.85	55.39	28.987	1.380	-47.380	-0.60107	-0.48923	0.31516	-0.54767	25.5	null	null	13113	75
2026-05-27T14:12:34.121	WT901BLE68(F3:F0:16:BF:DC:AE)	0.939	0.264	0.338	-10.620	8.118	-21.362	39.24	-65.53	52.06	28.987	1.380	-47.380	-0.60107	-0.48923	0.31516	-0.54767	25.5	null	null	13113	75
2026-05-27T14:12:34.272	WT901BLE68(F3:F0:16:BF:DC:AE)	0.937	0.313	0.329	-12.878	12.512	-33.508	41.05	-62.95	49.20	28.987	1.380	-47.380	-0.60107	-0.48923	0.31516	-0.54767	25.5	null	null	13113	75
2026-05-27T14:12:34.330	WT901BLE68(F3:F0:16:BF:DC:AE)	0.905	0.268	0.318	-11.841	13.611	-34.241	42.92	-59.73	45.45	27.587	7.840	-46.967	-0.60107	-0.48923	0.31516	-0.54767	25.5	null	null	13113	75
2026-05-27T14:12:34.452	WT901BLE68(F3:F0:16:BF:DC:AE)	0.874	0.256	0.313	-0.977	10.559	-18.250	43.89	-57.42	43.37	27.587	7.840	-46.967	-0.60107	-0.48923	0.31516	-0.54767	25.5	null	null	13113	75
2026-05-27T14:12:34.508	WT901BLE68(F3:F0:16:BF:DC:AE)	0.866	0.257	0.315	2.991	1.648	2.930	43.93	-57.02	43.13	27.587	7.840	-46.967	-0.69235	-0.46881	0.29022	-0.46530	25.5	null	null	13113	75
2026-05-27T14:12:34.661	WT901BLE68(F3:F0:16:BF:DC:AE)	0.873	0.264	0.327	7.629	-5.676	21.851	43.01	-58.56	44.52	27.587	7.840	-46.967	-0.69235	-0.46881	0.29022	-0.46530	25.5	null	null	13113	75
2026-05-27T14:12:34.753	WT901BLE68(F3:F0:16:BF:DC:AE)	0.896	0.280	0.330	14.465	-9.888	34.119	41.21	-61.39	47.74	27.587	7.840	-46.967	-0.69235	-0.46881	0.29022	-0.46530	25.5	null	null	13113	75
2026-05-27T14:12:34.839	WT901BLE68(F3:F0:16:BF:DC:AE)	0.936	0.292	0.343	13.733	-13.794	36.011	38.75	-64.73	51.95	27.587	7.840	-46.967	-0.69235	-0.46881	0.29022	-0.46530	25.5	null	null	13113	75
2026-05-27T14:12:34.933	WT901BLE68(F3:F0:16:BF:DC:AE)	0.904	0.298	0.360	20.020	-8.301	28.442	36.31	-67.51	56.43	27.587	7.840	-46.967	-0.69235	-0.46881	0.29022	-0.46530	25.5	null	null	13113	75
2026-05-27T14:12:35.050	WT901BLE68(F3:F0:16:BF:DC:AE)	0.906	0.325	0.357	15.747	-3.296	16.296	34.73	-68.88	60.32	27.587	7.840	-46.967	-0.69235	-0.46881	0.29022	-0.46530	25.5	null	null	13113	75
2026-05-27T14:12:35.140	WT901BLE68(F3:F0:16:BF:DC:AE)	0.917	0.300	0.356	12.695	4.456	-6.592	35.35	-68.74	61.14	27.587	7.840	-46.967	-0.69235	-0.46881	0.29022	-0.46530	25.5	null	null	13113	75
2026-05-27T14:12:35.291	WT901BLE68(F3:F0:16:BF:DC:AE)	0.911	0.285	0.325	11.353	4.822	-15.076	38.51	-67.17	59.30	28.873	-3.753	-50.753	-0.69235	-0.46881	0.29022	-0.46530	25.5	null	null	13113	75
2026-05-27T14:12:35.320	WT901BLE68(F3:F0:16:BF:DC:AE)	0.891	0.274	0.354	-15.747	-8.667	-11.536	40.97	-66.38	56.23	28.873	-3.753	-50.753	-0.59949	-0.50018	0.31335	-0.54050	25.5	null	null	13113	75
2026-05-27T14:12:35.441	WT901BLE68(F3:F0:16:BF:DC:AE)	0.973	0.262	0.390	-33.569	-7.751	-7.385	41.13	-66.40	53.09	28.873	-3.753	-50.753	-0.59949	-0.50018	0.31335	-0.54050	25.5	null	null	13113	75
2026-05-27T14:12:35.532	WT901BLE68(F3:F0:16:BF:DC:AE)	0.922	0.240	0.319	-6.470	13.062	-17.273	40.64	-64.99	51.72	28.873	-3.753	-50.753	-0.59949	-0.50018	0.31335	-0.54050	25.5	null	null	13113	75
2026-05-27T14:12:35.655	WT901BLE68(F3:F0:16:BF:DC:AE)	0.903	0.263	0.261	-2.747	8.545	-7.813	40.51	-63.47	51.58	28.873	-3.753	-50.753	-0.59949	-0.50018	0.31335	-0.54050	25.5	null	null	13113	75
2026-05-27T14:12:35.738	WT901BLE68(F3:F0:16:BF:DC:AE)	0.888	0.276	0.251	-15.320	-4.211	0.732	40.06	-63.38	50.92	28.873	-3.753	-50.753	-0.59949	-0.50018	0.31335	-0.54050	25.5	null	null	13113	75
2026-05-27T14:12:35.860	WT901BLE68(F3:F0:16:BF:DC:AE)	0.914	0.308	0.269	-5.920	-9.460	6.714	39.52	-64.57	50.50	28.873	-3.753	-50.753	-0.59949	-0.50018	0.31335	-0.54050	25.5	null	null	13113	75
2026-05-27T14:12:35.952	WT901BLE68(F3:F0:16:BF:DC:AE)	0.918	0.304	0.288	-3.479	-11.047	-5.005	41.02	-65.42	48.57	28.873	-3.753	-50.753	-0.59949	-0.50018	0.31335	-0.54050	25.5	null	null	13113	75
2026-05-27T14:12:36.073	WT901BLE68(F3:F0:16:BF:DC:AE)	0.902	0.273	0.313	-7.080	-12.024	-6.958	43.51	-65.87	45.19	28.873	-3.753	-50.753	-0.59949	-0.50018	0.31335	-0.54050	25.5	null	null	13113	75
2026-05-27T14:12:36.130	WT901BLE68(F3:F0:16:BF:DC:AE)	0.927	0.273	0.328	-2.563	-7.996	-2.991	45.27	-66.20	42.79	28.027	7.680	-51.793	-0.59949	-0.50018	0.31335	-0.54050	25.5	null	null	13113	75
2026-05-27T14:12:36.252	WT901BLE68(F3:F0:16:BF:DC:AE)	0.920	0.282	0.327	0.977	-1.587	-5.005	46.28	-66.15	41.69	28.027	7.680	-51.793	-0.59949	-0.50018	0.31335	-0.54050	25.5	null	null	13113	75
2026-05-27T14:12:36.340	WT901BLE68(F3:F0:16:BF:DC:AE)	0.921	0.277	0.311	2.747	3.296	-2.563	46.40	-65.75	41.58	28.027	7.680	-51.793	-0.64465	-0.48651	0.35098	-0.47372	25.5	null	null	13113	75
2026-05-27T14:12:36.461	WT901BLE68(F3:F0:16:BF:DC:AE)	0.920	0.296	0.286	2.686	5.127	-0.549	45.84	-65.36	42.37	28.027	7.680	-51.793	-0.64465	-0.48651	0.35098	-0.47372	25.5	null	null	13113	75
2026-05-27T14:12:36.549	WT901BLE68(F3:F0:16:BF:DC:AE)	0.917	0.312	0.278	0.061	3.479	-1.099	45.42	-65.00	42.91	28.027	7.680	-51.793	-0.64465	-0.48651	0.35098	-0.47372	25.5	null	null	13113	75
2026-05-27T14:12:36.672	WT901BLE68(F3:F0:16:BF:DC:AE)	0.905	0.297	0.269	2.502	3.540	-2.502	45.46	-64.64	43.02	28.027	7.680	-51.793	-0.64465	-0.48651	0.35098	-0.47372	25.5	null	null	13113	75
2026-05-27T14:12:36.729	WT901BLE68(F3:F0:16:BF:DC:AE)	0.923	0.291	0.269	6.348	2.319	1.343	45.62	-64.54	43.20	28.027	7.680	-51.793	-0.64465	-0.48651	0.35098	-0.47372	25.5	null	null	13113	75
2026-05-27T14:12:36.851	WT901BLE68(F3:F0:16:BF:DC:AE)	0.892	0.276	0.261	10.925	4.822	1.587	45.88	-64.46	43.81	28.027	7.680	-51.793	-0.64465	-0.48651	0.35098	-0.47372	25.5	null	null	13113	75
2026-05-27T14:12:36.972	WT901BLE68(F3:F0:16:BF:DC:AE)	0.948	0.291	0.239	24.963	7.202	10.803	45.73	-64.67	45.79	28.027	7.680	-51.793	-0.64465	-0.48651	0.35098	-0.47372	25.5	null	null	13113	75
2026-05-27T14:12:37.060	WT901BLE68(F3:F0:16:BF:DC:AE)	0.926	0.303	0.225	25.391	2.930	13.184	45.79	-65.33	48.35	30.300	7.740	-52.367	-0.64465	-0.48651	0.35098	-0.47372	25.5	null	null	13113	75
2026-05-27T14:12:37.150	WT901BLE68(F3:F0:16:BF:DC:AE)	0.920	0.319	0.216	25.757	-3.296	19.348	46.20	-66.56	50.64	30.300	7.740	-52.367	-0.64465	-0.48651	0.35098	-0.47372	25.5	null	null	13113	75
2026-05-27T14:12:37.273	WT901BLE68(F3:F0:16:BF:DC:AE)	0.916	0.351	0.237	19.287	-10.803	19.836	46.85	-68.57	52.52	30.300	7.740	-52.367	-0.59647	-0.51553	0.31598	-0.52771	25.5	null	null	13113	75
2026-05-27T14:12:37.360	WT901BLE68(F3:F0:16:BF:DC:AE)	0.921	0.345	0.260	14.709	-10.681	12.390	48.24	-70.39	52.83	30.300	7.740	-52.367	-0.59647	-0.51553	0.31598	-0.52771	25.5	null	null	13113	75
2026-05-27T14:12:37.484	WT901BLE68(F3:F0:16:BF:DC:AE)	0.932	0.336	0.271	5.554	-5.188	2.441	50.02	-71.17	52.13	30.300	7.740	-52.367	-0.59647	-0.51553	0.31598	-0.52771	25.5	null	null	13113	75
2026-05-27T14:12:37.541	WT901BLE68(F3:F0:16:BF:DC:AE)	0.929	0.334	0.258	0.305	0.122	-4.883	51.23	-70.86	51.36	30.300	7.740	-52.367	-0.59647	-0.51553	0.31598	-0.52771	25.5	null	null	13113	75
2026-05-27T14:12:37.663	WT901BLE68(F3:F0:16:BF:DC:AE)	0.949	0.326	0.262	-10.864	1.953	-7.019	51.45	-70.10	50.37	30.300	7.740	-52.367	-0.59647	-0.51553	0.31598	-0.52771	25.5	null	null	13113	75
2026-05-27T14:12:37.751	WT901BLE68(F3:F0:16:BF:DC:AE)	0.919	0.322	0.259	-20.874	5.249	-8.789	50.71	-68.98	49.62	30.300	7.740	-52.367	-0.59647	-0.51553	0.31598	-0.52771	25.5	null	null	13113	75
2026-05-27T14:12:37.872	WT901BLE68(F3:F0:16:BF:DC:AE)	0.915	0.351	0.242	-22.705	6.714	-8.240	48.73	-67.84	49.45	30.300	7.740	-52.367	-0.59647	-0.51553	0.31598	-0.52771	25.5	null	null	13113	75
2026-05-27T14:12:37.958	WT901BLE68(F3:F0:16:BF:DC:AE)	0.935	0.370	0.232	-38.574	1.709	-12.878	46.90	-66.63	48.29	28.967	-2.087	-55.700	-0.59647	-0.51553	0.31598	-0.52771	25.5	null	null	13113	75
2026-05-27T14:12:38.082	WT901BLE68(F3:F0:16:BF:DC:AE)	0.912	0.358	0.241	-40.527	-2.991	-21.545	46.10	-65.45	45.03	28.967	-2.087	-55.700	-0.59647	-0.51553	0.31598	-0.52771	25.5	null	null	13113	75
2026-05-27T14:12:38.140	WT901BLE68(F3:F0:16:BF:DC:AE)	0.914	0.366	0.266	-49.133	-8.972	-29.114	46.76	-64.07	39.61	28.967	-2.087	-55.700	-0.64822	-0.48761	0.33884	-0.47659	25.5	null	null	13113	75
2026-05-27T14:12:38.262	WT901BLE68(F3:F0:16:BF:DC:AE)	0.915	0.377	0.291	-49.866	-8.545	-38.940	47.91	-62.38	32.89	28.967	-2.087	-55.700	-0.64822	-0.48761	0.33884	-0.47659	25.5	null	null	13113	75
2026-05-27T14:12:38.352	WT901BLE68(F3:F0:16:BF:DC:AE)	0.899	0.362	0.301	-44.556	-4.211	-47.485	49.48	-59.58	25.79	28.967	-2.087	-55.700	-0.64822	-0.48761	0.33884	-0.47659	25.5	null	null	13113	75
2026-05-27T14:12:38.470	WT901BLE68(F3:F0:16:BF:DC:AE)	0.873	0.347	0.300	-40.833	-3.845	-40.710	50.38	-56.65	19.78	28.967	-2.087	-55.700	-0.64822	-0.48761	0.33884	-0.47659	25.5	null	null	13113	75
2026-05-27T14:12:38.560	WT901BLE68(F3:F0:16:BF:DC:AE)	0.846	0.332	0.298	-28.320	-4.639	-28.564	50.66	-54.60	15.23	28.967	-2.087	-55.700	-0.64822	-0.48761	0.33884	-0.47659	25.5	null	null	13113	75
2026-05-27T14:12:38.682	WT901BLE68(F3:F0:16:BF:DC:AE)	0.841	0.312	0.302	-12.878	-7.141	-8.179	50.76	-53.99	12.39	28.967	-2.087	-55.700	-0.64822	-0.48761	0.33884	-0.47659	25.5	null	null	13113	75
2026-05-27T14:12:38.738	WT901BLE68(F3:F0:16:BF:DC:AE)	0.879	0.283	0.324	6.042	-3.906	9.644	50.64	-54.98	11.79	13.320	29.880	-41.607	-0.64822	-0.48761	0.33884	-0.47659	25.5	null	null	13113	75
2026-05-27T14:12:38.895	WT901BLE68(F3:F0:16:BF:DC:AE)	0.892	0.259	0.316	25.696	1.038	31.982	50.03	-57.11	14.16	13.320	29.880	-41.607	-0.64822	-0.48761	0.33884	-0.47659	25.5	null	null	13113	75
2026-05-27T14:12:38.949	WT901BLE68(F3:F0:16:BF:DC:AE)	0.931	0.259	0.303	42.847	4.089	52.429	48.05	-60.58	20.28	13.320	29.880	-41.607	-0.74323	-0.42651	0.39090	-0.33588	25.5	null	null	13113	75
2026-05-27T14:12:39.072	WT901BLE68(F3:F0:16:BF:DC:AE)	0.969	0.285	0.292	52.002	5.920	62.317	44.01	-64.68	30.12	13.320	29.880	-41.607	-0.74323	-0.42651	0.39090	-0.33588	25.5	null	null	13113	75
2026-05-27T14:12:39.161	WT901BLE68(F3:F0:16:BF:DC:AE)	0.965	0.320	0.274	60.791	9.033	54.688	38.37	-68.06	42.61	13.320	29.880	-41.607	-0.74323	-0.42651	0.39090	-0.33588	25.5	null	null	13113	75
2026-05-27T14:12:39.284	WT901BLE68(F3:F0:16:BF:DC:AE)	0.944	0.340	0.271	57.373	8.789	36.499	33.91	-69.88	54.06	13.320	29.880	-41.607	-0.74323	-0.42651	0.39090	-0.33588	25.5	null	null	13113	75
2026-05-27T14:12:39.370	WT901BLE68(F3:F0:16:BF:DC:AE)	0.911	0.318	0.294	36.133	2.136	23.438	32.05	-70.80	61.41	13.320	29.880	-41.607	-0.74323	-0.42651	0.39090	-0.33588	25.5	null	null	13113	75
2026-05-27T14:12:39.492	WT901BLE68(F3:F0:16:BF:DC:AE)	0.878	0.300	0.318	31.494	1.648	8.545	32.53	-71.14	64.89	13.320	29.880	-41.607	-0.74323	-0.42651	0.39090	-0.33588	25.5	null	null	13113	75
2026-05-27T14:12:39.549	WT901BLE68(F3:F0:16:BF:DC:AE)	0.908	0.269	0.364	29.663	3.235	-2.441	35.32	-70.75	65.41	13.320	29.880	-41.607	-0.74323	-0.42651	0.39090	-0.33588	25.5	null	null	13113	75
2026-05-27T14:12:39.672	WT901BLE68(F3:F0:16:BF:DC:AE)	0.887	0.295	0.393	0.793	1.526	-7.751	38.12	-69.71	64.67	13.320	29.880	-41.607	-0.74323	-0.42651	0.39090	-0.33588	25.5	null	null	13113	75
2026-05-27T14:12:39.759	WT901BLE68(F3:F0:16:BF:DC:AE)	0.917	0.274	0.368	-20.935	3.296	-15.259	38.66	-68.45	62.60	26.987	-10.080	-50.967	-0.74323	-0.42651	0.39090	-0.33588	25.5	null	null	13113	75
2026-05-27T14:12:39.881	WT901BLE68(F3:F0:16:BF:DC:AE)	0.943	0.286	0.353	-26.123	6.897	-19.958	38.77	-66.65	59.92	26.987	-10.080	-50.967	-0.74323	-0.42651	0.39090	-0.33588	25.5	null	null	13113	75
2026-05-27T14:12:39.969	WT901BLE68(F3:F0:16:BF:DC:AE)	0.931	0.259	0.323	-17.334	14.221	-30.273	39.28	-64.11	56.98	26.987	-10.080	-50.967	-0.60144	-0.49442	0.30914	-0.54602	25.5	null	null	13113	75
2026-05-27T14:12:40.094	WT901BLE68(F3:F0:16:BF:DC:AE)	0.921	0.233	0.304	-9.094	12.634	-30.396	40.83	-61.19	53.81	26.987	-10.080	-50.967	-0.60144	-0.49442	0.30914	-0.54602	25.5	null	null	13113	75
2026-05-27T14:12:40.148	WT901BLE68(F3:F0:16:BF:DC:AE)	0.870	0.227	0.302	-15.076	-0.732	-18.127	42.24	-59.41	50.80	26.987	-10.080	-50.967	-0.60144	-0.49442	0.30914	-0.54602	25.5	null	null	13113	75
2026-05-27T14:12:40.301	WT901BLE68(F3:F0:16:BF:DC:AE)	0.888	0.238	0.339	-11.658	-9.949	2.380	42.02	-59.94	49.07	26.987	-10.080	-50.967	-0.60144	-0.49442	0.30914	-0.54602	25.5	null	null	13113	75
2026-05-27T14:12:40.362	WT901BLE68(F3:F0:16:BF:DC:AE)	0.912	0.260	0.360	-7.141	-10.986	10.376	41.03	-61.52	48.89	26.987	-10.080	-50.967	-0.60144	-0.49442	0.30914	-0.54602	25.5	null	null	13113	75
2026-05-27T14:12:40.481	WT901BLE68(F3:F0:16:BF:DC:AE)	0.919	0.256	0.397	0.427	-6.775	10.742	40.00	-63.05	49.51	26.987	-10.080	-50.967	-0.60144	-0.49442	0.30914	-0.54602	25.5	null	null	13113	75
2026-05-27T14:12:40.571	WT901BLE68(F3:F0:16:BF:DC:AE)	0.890	0.262	0.393	4.700	0.916	14.709	38.28	-64.00	51.69	26.987	-10.080	-50.967	-0.60144	-0.49442	0.30914	-0.54602	25.5	null	null	13113	75
2026-05-27T14:12:40.690	WT901BLE68(F3:F0:16:BF:DC:AE)	0.870	0.296	0.354	-7.935	-1.892	21.484	34.77	-65.01	55.27	28.747	5.820	-47.713	-0.60144	-0.49442	0.30914	-0.54602	25.5	null	null	13113	75
2026-05-27T14:12:40.780	WT901BLE68(F3:F0:16:BF:DC:AE)	0.893	0.329	0.329	-16.785	-4.944	19.653	30.20	-66.35	58.89	28.747	5.820	-47.713	-0.63449	-0.45248	0.34891	-0.52042	25.5	null	null	13113	75
2026-05-27T14:12:40.934	WT901BLE68(F3:F0:16:BF:DC:AE)	0.939	0.346	0.323	-14.587	0.427	-3.662	28.15	-66.77	59.79	28.747	5.820	-47.713	-0.63449	-0.45248	0.34891	-0.52042	25.5	null	null	13113	75
2026-05-27T14:12:40.960	WT901BLE68(F3:F0:16:BF:DC:AE)	0.940	0.310	0.339	-10.376	6.897	-32.837	31.67	-65.14	55.18	28.747	5.820	-47.713	-0.63449	-0.45248	0.34891	-0.52042	25.5	null	null	13113	75
2026-05-27T14:12:41.080	WT901BLE68(F3:F0:16:BF:DC:AE)	0.920	0.259	0.372	-14.099	11.597	-40.527	36.24	-62.18	48.78	28.747	5.820	-47.713	-0.63449	-0.45248	0.34891	-0.52042	25.5	null	null	13113	75
2026-05-27T14:12:41.169	WT901BLE68(F3:F0:16:BF:DC:AE)	0.892	0.250	0.363	-2.869	17.151	-32.227	38.94	-58.95	44.82	28.747	5.820	-47.713	-0.63449	-0.45248	0.34891	-0.52042	25.5	null	null	13113	75
2026-05-27T14:12:41.294	WT901BLE68(F3:F0:16:BF:DC:AE)	0.866	0.243	0.330	5.554	15.381	-15.564	40.05	-56.59	43.42	28.747	5.820	-47.713	-0.63449	-0.45248	0.34891	-0.52042	25.5	null	null	13113	75
2026-05-27T14:12:41.383	WT901BLE68(F3:F0:16:BF:DC:AE)	0.890	0.260	0.290	13.550	4.700	4.028	40.42	-56.13	43.82	28.747	5.820	-47.713	-0.63449	-0.45248	0.34891	-0.52042	25.5	null	null	13113	75
2026-05-27T14:12:41.501	WT901BLE68(F3:F0:16:BF:DC:AE)	0.830	0.260	0.266	15.808	-8.728	18.860	40.66	-57.75	44.80	28.747	5.820	-47.713	-0.63449	-0.45248	0.34891	-0.52042	25.5	null	null	13113	75
2026-05-27T14:12:41.558	WT901BLE68(F3:F0:16:BF:DC:AE)	0.917	0.287	0.259	27.344	-19.409	40.466	40.48	-61.40	47.16	30.540	15.807	-44.700	-0.63449	-0.45248	0.34891	-0.52042	25.5	null	null	13113	75
2026-05-27T14:12:41.712	WT901BLE68(F3:F0:16:BF:DC:AE)	0.930	0.345	0.274	29.663	-28.137	44.739	40.37	-66.35	50.76	30.540	15.807	-44.700	-0.63449	-0.45248	0.34891	-0.52042	25.5	null	null	13113	75
2026-05-27T14:12:41.768	WT901BLE68(F3:F0:16:BF:DC:AE)	0.979	0.334	0.316	29.297	-22.827	30.884	40.81	-70.62	53.25	30.540	15.807	-44.700	-0.60657	-0.49048	0.35211	-0.51712	25.5	null	null	13113	75
2026-05-27T14:12:41.892	WT901BLE68(F3:F0:16:BF:DC:AE)	0.957	0.341	0.320	39.307	-8.362	14.893	42.88	-72.62	55.04	30.540	15.807	-44.700	-0.60657	-0.49048	0.35211	-0.51712	25.5	null	null	13113	75
2026-05-27T14:12:41.981	WT901BLE68(F3:F0:16:BF:DC:AE)	0.911	0.341	0.327	21.790	-3.052	3.967	45.34	-73.02	55.76	30.540	15.807	-44.700	-0.60657	-0.49048	0.35211	-0.51712	25.5	null	null	13113	75
2026-05-27T14:12:42.101	WT901BLE68(F3:F0:16:BF:DC:AE)	0.917	0.315	0.318	6.653	2.991	-3.601	46.65	-72.33	55.62	30.540	15.807	-44.700	-0.60657	-0.49048	0.35211	-0.51712	25.5	null	null	13113	75
2026-05-27T14:12:42.190	WT901BLE68(F3:F0:16:BF:DC:AE)	0.948	0.319	0.301	-2.197	6.714	-9.460	46.72	-71.10	55.59	30.540	15.807	-44.700	-0.60657	-0.49048	0.35211	-0.51712	25.5	null	null	13113	75
2026-05-27T14:12:42.312	WT901BLE68(F3:F0:16:BF:DC:AE)	0.908	0.299	0.280	-18.982	9.460	-18.188	46.96	-68.93	54.16	30.540	15.807	-44.700	-0.60657	-0.49048	0.35211	-0.51712	25.5	null	null	13113	75
2026-05-27T14:12:42.368	WT901BLE68(F3:F0:16:BF:DC:AE)	0.928	0.290	0.257	-13.733	13.489	-10.986	45.65	-66.94	53.84	29.967	-4.447	-55.147	-0.60657	-0.49048	0.35211	-0.51712	25.5	null	null	13113	75
2026-05-27T14:12:42.492	WT901BLE68(F3:F0:16:BF:DC:AE)	0.930	0.309	0.221	-2.747	11.047	-9.094	44.56	-65.36	54.43	29.967	-4.447	-55.147	-0.60657	-0.49048	0.35211	-0.51712	25.5	null	null	13113	75
2026-05-27T14:12:42.580	WT901BLE68(F3:F0:16:BF:DC:AE)	0.911	0.303	0.210	-17.395	-2.441	-6.531	44.54	-64.53	53.41	29.967	-4.447	-55.147	-0.60657	-0.49048	0.35211	-0.51712	25.5	null	null	13113	75
2026-05-27T14:12:42.702	WT901BLE68(F3:F0:16:BF:DC:AE)	0.888	0.314	0.232	-22.400	-14.221	1.892	44.60	-65.15	51.27	29.967	-4.447	-55.147	-0.61023	-0.50705	0.29953	-0.52979	25.5	null	null	13113	75
2026-05-27T14:12:42.791	WT901BLE68(F3:F0:16:BF:DC:AE)	0.941	0.318	0.279	-27.344	-19.592	-0.122	45.03	-66.60	48.18	29.967	-4.447	-55.147	-0.61023	-0.50705	0.29953	-0.52979	25.5	null	null	13113	75
2026-05-27T14:12:42.910	WT901BLE68(F3:F0:16:BF:DC:AE)	0.931	0.307	0.330	-30.273	-16.113	-11.963	46.55	-67.47	43.75	29.967	-4.447	-55.147	-0.61023	-0.50705	0.29953	-0.52979	25.5	null	null	13113	75
2026-05-27T14:12:43.001	WT901BLE68(F3:F0:16:BF:DC:AE)	0.938	0.242	0.367	-34.851	-3.235	-15.625	47.27	-67.01	39.23	29.967	-4.447	-55.147	-0.61023	-0.50705	0.29953	-0.52979	25.5	null	null	13113	75
2026-05-27T14:12:43.150	WT901BLE68(F3:F0:16:BF:DC:AE)	0.950	0.248	0.338	-10.315	15.869	-13.367	45.68	-65.51	38.51	29.967	-4.447	-55.147	-0.61023	-0.50705	0.29953	-0.52979	25.5	null	null	13113	75
2026-05-27T14:12:43.180	WT901BLE68(F3:F0:16:BF:DC:AE)	0.929	0.255	0.291	-6.042	20.325	-12.756	43.73	-63.30	39.80	29.967	-4.447	-55.147	-0.61023	-0.50705	0.29953	-0.52979	25.5	null	null	13113	75
2026-05-27T14:12:43.302	WT901BLE68(F3:F0:16:BF:DC:AE)	0.896	0.257	0.263	-0.732	15.137	-4.761	42.15	-61.58	41.16	29.967	-4.447	-55.147	-0.61023	-0.50705	0.29953	-0.52979	25.5	null	null	13113	75
2026-05-27T14:12:43.389	WT901BLE68(F3:F0:16:BF:DC:AE)	0.886	0.260	0.260	1.892	5.859	5.066	40.99	-61.07	42.55	27.540	12.680	-47.087	-0.61023	-0.50705	0.29953	-0.52979	25.5	null	null	13113	75
2026-05-27T14:12:43.514	WT901BLE68(F3:F0:16:BF:DC:AE)	0.938	0.134	0.317	49.866	20.203	15.320	40.06	-61.51	44.86	27.540	12.680	-47.087	-0.61023	-0.50705	0.29953	-0.52979	25.5	null	null	13113	75
2026-05-27T14:12:43.629	WT901BLE68(F3:F0:16:BF:DC:AE)	0.885	0.317	0.327	39.368	18.127	24.231	40.18	-61.35	51.42	27.540	12.680	-47.087	-0.66727	-0.46487	0.31836	-0.48703	25.5	null	null	13113	75
2026-05-27T14:12:43.721	WT901BLE68(F3:F0:16:BF:DC:AE)	0.893	0.279	0.328	8.911	4.272	23.376	37.55	-62.22	56.55	27.540	12.680	-47.087	-0.66727	-0.46487	0.31836	-0.48703	25.5	null	null	13113	75
2026-05-27T14:12:43.780	WT901BLE68(F3:F0:16:BF:DC:AE)	0.883	0.265	0.318	16.479	0.732	20.508	35.07	-63.50	60.51	27.540	12.680	-47.087	-0.66727	-0.46487	0.31836	-0.48703	25.5	null	null	13113	75
2026-05-27T14:12:43.899	WT901BLE68(F3:F0:16:BF:DC:AE)	0.895	0.267	0.325	36.743	2.625	17.151	34.83	-64.41	64.04	27.540	12.680	-47.087	-0.66727	-0.46487	0.31836	-0.48703	25.5	null	null	13113	75
2026-05-27T14:12:43.991	WT901BLE68(F3:F0:16:BF:DC:AE)	0.908	0.268	0.351	39.551	-1.892	16.235	36.28	-65.17	67.05	27.540	12.680	-47.087	-0.66727	-0.46487	0.31836	-0.48703	25.5	null	null	13113	75
2026-05-27T14:12:44.173	WT901BLE68(F3:F0:16:BF:DC:AE)	0.891	0.267	0.406	21.057	-10.132	20.386	36.74	-66.82	69.71	27.540	12.680	-47.087	-0.66727	-0.46487	0.31836	-0.48703	25.5	null	null	13113	75
2026-05-27T14:12:44.199	WT901BLE68(F3:F0:16:BF:DC:AE)	0.878	0.292	0.420	9.521	-8.545	20.691	35.64	-68.40	72.69	27.540	12.680	-47.087	-0.66727	-0.46487	0.31836	-0.48703	25.5	null	null	13113	75
2026-05-27T14:12:44.319	WT901BLE68(F3:F0:16:BF:DC:AE)	0.925	0.314	0.416	-13.733	-6.531	10.925	32.81	-69.61	75.42	28.973	-13.653	-46.707	-0.66727	-0.46487	0.31836	-0.48703	25.5	null	null	13113	75
2026-05-27T14:12:44.378	WT901BLE68(F3:F0:16:BF:DC:AE)	0.882	0.321	0.353	-15.991	2.930	-11.841	32.05	-69.08	74.77	28.973	-13.653	-46.707	-0.53101	-0.51276	0.29532	-0.60645	25.5	null	null	13113	75
2026-05-27T14:12:44.502	WT901BLE68(F3:F0:16:BF:DC:AE)	0.921	0.352	0.313	-22.217	0.427	-26.611	34.37	-67.48	70.80	28.973	-13.653	-46.707	-0.53101	-0.51276	0.29532	-0.60645	25.5	null	null	13113	75
2026-05-27T14:12:44.589	WT901BLE68(F3:F0:16:BF:DC:AE)	0.946	0.295	0.323	-47.424	-6.897	-46.875	38.79	-65.31	62.36	28.973	-13.653	-46.707	-0.53101	-0.51276	0.29532	-0.60645	25.5	null	null	13113	75
2026-05-27T14:12:44.706	WT901BLE68(F3:F0:16:BF:DC:AE)	0.937	0.207	0.340	-41.260	-1.831	-50.293	42.60	-62.48	52.97	28.973	-13.653	-46.707	-0.53101	-0.51276	0.29532	-0.60645	25.5	null	null	13113	75
2026-05-27T14:12:44.801	WT901BLE68(F3:F0:16:BF:DC:AE)	0.886	0.217	0.305	-30.334	-5.127	-34.485	45.13	-59.75	46.43	28.973	-13.653	-46.707	-0.53101	-0.51276	0.29532	-0.60645	25.5	null	null	13113	75
2026-05-27T14:12:44.920	WT901BLE68(F3:F0:16:BF:DC:AE)	0.874	0.222	0.309	-40.894	-20.508	0.854	44.53	-59.96	42.50	28.973	-13.653	-46.707	-0.53101	-0.51276	0.29532	-0.60645	25.5	null	null	13113	75
2026-05-27T14:12:45.008	WT901BLE68(F3:F0:16:BF:DC:AE)	0.939	0.263	0.344	-33.997	-19.470	21.606	41.11	-62.76	41.90	28.973	-13.653	-46.707	-0.53101	-0.51276	0.29532	-0.60645	25.5	null	null	13113	75
2026-05-27T14:12:45.130	WT901BLE68(F3:F0:16:BF:DC:AE)	0.939	0.274	0.397	-15.808	-1.587	6.165	37.38	-64.70	43.41	28.973	-13.653	-46.707	-0.53101	-0.51276	0.29532	-0.60645	25.5	null	null	13113	75
2026-05-27T14:12:45.186	WT901BLE68(F3:F0:16:BF:DC:AE)	0.922	0.272	0.384	3.235	13.428	-8.789	36.08	-64.04	44.26	25.480	10.607	-46.880	-0.53101	-0.51276	0.29532	-0.60645	25.5	null	null	13113	75
2026-05-27T14:12:45.309	WT901BLE68(F3:F0:16:BF:DC:AE)	0.912	0.262	0.366	5.737	14.587	-17.212	37.03	-62.03	44.02	25.480	10.607	-46.880	-0.53101	-0.51276	0.29532	-0.60645	25.5	null	null	13113	75
2026-05-27T14:12:45.399	WT901BLE68(F3:F0:16:BF:DC:AE)	0.894	0.245	0.381	-5.493	7.935	-15.991	38.19	-60.20	42.71	25.480	10.607	-46.880	-0.69519	-0.43631	0.34537	-0.45493	25.5	null	null	13113	75
2026-05-27T14:12:45.522	WT901BLE68(F3:F0:16:BF:DC:AE)	0.901	0.218	0.382	-0.916	5.920	-1.953	37.93	-59.45	42.33	25.480	10.607	-46.880	-0.69519	-0.43631	0.34537	-0.45493	25.5	null	null	13113	75
2026-05-27T14:12:45.612	WT901BLE68(F3:F0:16:BF:DC:AE)	0.890	0.238	0.330	18.250	9.705	7.690	37.17	-59.32	44.08	25.480	10.607	-46.880	-0.69519	-0.43631	0.34537	-0.45493	25.5	null	null	13113	75
2026-05-27T14:12:45.727	WT901BLE68(F3:F0:16:BF:DC:AE)	0.856	0.266	0.272	24.231	0.854	15.259	37.13	-59.85	46.54	25.480	10.607	-46.880	-0.69519	-0.43631	0.34537	-0.45493	25.5	null	null	13113	75
2026-05-27T14:12:45.789	WT901BLE68(F3:F0:16:BF:DC:AE)	0.868	0.302	0.268	10.071	-20.203	28.259	37.00	-62.30	48.57	25.480	10.607	-46.880	-0.69519	-0.43631	0.34537	-0.45493	25.5	null	null	13113	75
2026-05-27T14:12:45.913	WT901BLE68(F3:F0:16:BF:DC:AE)	0.909	0.303	0.309	-2.625	-33.508	33.447	35.78	-66.62	50.10	25.480	10.607	-46.880	-0.69519	-0.43631	0.34537	-0.45493	25.5	null	null	13113	75
2026-05-27T14:12:46.001	WT901BLE68(F3:F0:16:BF:DC:AE)	0.940	0.333	0.354	3.113	-28.198	26.611	34.79	-70.70	51.62	25.480	10.607	-46.880	-0.69519	-0.43631	0.34537	-0.45493	25.5	null	null	13113	75
2026-05-27T14:12:46.119	WT901BLE68(F3:F0:16:BF:DC:AE)	0.939	0.348	0.383	-7.385	-16.968	7.874	35.08	-72.96	51.45	28.660	4.393	-53.607	-0.69519	-0.43631	0.34537	-0.45493	25.5	null	null	13113	75
2026-05-27T14:12:46.211	WT901BLE68(F3:F0:16:BF:DC:AE)	0.934	0.333	0.374	-20.813	-1.282	-9.277	36.18	-72.91	49.05	28.660	4.393	-53.607	-0.69519	-0.43631	0.34537	-0.45493	25.5	null	null	13113	75
2026-05-27T14:12:46.330	WT901BLE68(F3:F0:16:BF:DC:AE)	0.951	0.302	0.333	-13.611	17.761	-26.428	37.62	-70.47	46.07	28.660	4.393	-53.607	-0.62387	-0.45975	0.40903	-0.48166	25.5	null	null	13113	75
2026-05-27T14:12:46.420	WT901BLE68(F3:F0:16:BF:DC:AE)	0.963	0.271	0.280	0.183	31.006	-39.917	39.96	-66.03	43.14	28.660	4.393	-53.607	-0.62387	-0.45975	0.40903	-0.48166	25.5	null	null	13113	75
2026-05-27T14:12:46.540	WT901BLE68(F3:F0:16:BF:DC:AE)	0.936	0.242	0.224	13.184	29.419	-34.790	42.43	-61.36	41.23	28.660	4.393	-53.607	-0.62387	-0.45975	0.40903	-0.48166	25.5	null	null	13113	75
2026-05-27T14:12:46.631	WT901BLE68(F3:F0:16:BF:DC:AE)	0.856	0.255	0.193	10.254	8.179	-16.113	44.92	-58.71	39.83	28.660	4.393	-53.607	-0.62387	-0.45975	0.40903	-0.48166	25.5	null	null	13113	75
2026-05-27T14:12:46.721	WT901BLE68(F3:F0:16:BF:DC:AE)	0.852	0.247	0.227	-6.958	-21.118	18.677	45.55	-60.35	38.53	28.660	4.393	-53.607	-0.62387	-0.45975	0.40903	-0.48166	25.5	null	null	13113	75
2026-05-27T14:12:46.812	WT901BLE68(F3:F0:16:BF:DC:AE)	0.932	0.285	0.284	-3.845	-32.104	41.199	44.41	-65.17	38.97	28.660	4.393	-53.607	-0.62387	-0.45975	0.40903	-0.48166	25.5	null	null	13113	75
2026-05-27T14:12:46.929	WT901BLE68(F3:F0:16:BF:DC:AE)	0.966	0.328	0.340	2.991	-26.001	33.203	42.71	-69.92	40.91	27.980	11.053	-53.520	-0.62387	-0.45975	0.40903	-0.48166	25.5	null	null	13113	75
2026-05-27T14:12:47.083	WT901BLE68(F3:F0:16:BF:DC:AE)	0.947	0.328	0.363	2.197	-10.254	13.062	41.70	-72.25	42.29	27.980	11.053	-53.520	-0.62387	-0.45975	0.40903	-0.48166	25.5	null	null	13113	75
2026-05-27T14:12:47.140	WT901BLE68(F3:F0:16:BF:DC:AE)	0.917	0.327	0.340	7.202	6.836	-1.038	41.25	-71.94	43.60	27.980	11.053	-53.520	-0.62619	-0.46863	0.40573	-0.47281	25.5	null	null	13113	75
2026-05-27T14:12:47.199	WT901BLE68(F3:F0:16:BF:DC:AE)	0.920	0.328	0.297	-2.136	12.939	-13.306	41.35	-70.04	43.96	27.980	11.053	-53.520	-0.62619	-0.46863	0.40573	-0.47281	25.5	null	null	13113	75
2026-05-27T14:12:47.322	WT901BLE68(F3:F0:16:BF:DC:AE)	0.937	0.315	0.279	-13.855	10.681	-19.470	42.01	-67.73	42.43	27.980	11.053	-53.520	-0.62619	-0.46863	0.40573	-0.47281	25.5	null	null	13113	75
2026-05-27T14:12:47.410	WT901BLE68(F3:F0:16:BF:DC:AE)	0.947	0.299	0.273	-13.611	11.169	-26.367	43.04	-65.30	39.87	27.980	11.053	-53.520	-0.62619	-0.46863	0.40573	-0.47281	25.5	null	null	13113	75
2026-05-27T14:12:47.533	WT901BLE68(F3:F0:16:BF:DC:AE)	0.887	0.276	0.270	-18.982	6.531	-22.949	44.08	-63.09	36.88	27.980	11.053	-53.520	-0.62619	-0.46863	0.40573	-0.47281	25.5	null	null	13113	75
2026-05-27T14:12:47.621	WT901BLE68(F3:F0:16:BF:DC:AE)	0.909	0.267	0.256	-7.629	2.075	-8.240	44.29	-62.02	35.12	27.980	11.053	-53.520	-0.62619	-0.46863	0.40573	-0.47281	25.5	null	null	13113	75
2026-05-27T14:12:47.743	WT901BLE68(F3:F0:16:BF:DC:AE)	0.881	0.269	0.275	-11.536	-8.118	3.662	44.04	-62.60	34.21	27.980	11.053	-53.520	-0.62619	-0.46863	0.40573	-0.47281	25.5	null	null	13113	75
2026-05-27T14:12:47.829	WT901BLE68(F3:F0:16:BF:DC:AE)	0.882	0.300	0.276	-6.165	-13.733	15.320	43.65	-64.19	33.99	26.273	18.047	-48.767	-0.62619	-0.46863	0.40573	-0.47281	25.5	null	null	13113	75
2026-05-27T14:12:47.953	WT901BLE68(F3:F0:16:BF:DC:AE)	0.930	0.326	0.295	-13.489	-20.630	20.752	42.09	-67.09	34.62	26.273	18.047	-48.767	-0.62619	-0.46863	0.40573	-0.47281	25.5	null	null	13113	75
2026-05-27T14:12:48.009	WT901BLE68(F3:F0:16:BF:DC:AE)	0.958	0.284	0.317	-9.766	-7.263	-3.601	42.00	-68.52	33.22	26.273	18.047	-48.767	-0.68137	-0.43430	0.41797	-0.41510	25.5	null	null	13113	75
2026-05-27T14:12:48.132	WT901BLE68(F3:F0:16:BF:DC:AE)	0.903	0.283	0.311	-5.371	0.000	-7.080	43.08	-68.21	31.76	26.273	18.047	-48.767	-0.68137	-0.43430	0.41797	-0.41510	25.5	null	null	13113	75
2026-05-27T14:12:48.223	WT901BLE68(F3:F0:16:BF:DC:AE)	1.014	0.276	0.347	-9.277	7.874	-13.062	43.24	-67.38	30.89	26.273	18.047	-48.767	-0.68137	-0.43430	0.41797	-0.41510	25.5	null	null	13113	75
2026-05-27T14:12:48.341	WT901BLE68(F3:F0:16:BF:DC:AE)	0.957	0.230	0.317	2.930	24.353	-28.931	43.95	-64.59	30.06	26.273	18.047	-48.767	-0.68137	-0.43430	0.41797	-0.41510	25.5	null	null	13113	75
2026-05-27T14:12:48.433	WT901BLE68(F3:F0:16:BF:DC:AE)	0.884	0.198	0.287	12.146	25.818	-7.080	43.53	-61.61	30.96	26.273	18.047	-48.767	-0.68137	-0.43430	0.41797	-0.41510	25.5	null	null	13113	75
2026-05-27T14:12:48.548	WT901BLE68(F3:F0:16:BF:DC:AE)	0.916	0.220	0.260	33.081	24.963	9.460	41.98	-60.29	35.00	26.273	18.047	-48.767	-0.68137	-0.43430	0.41797	-0.41510	25.5	null	null	13113	75
2026-05-27T14:12:48.612	WT901BLE68(F3:F0:16:BF:DC:AE)	0.899	0.225	0.245	44.006	16.479	14.893	41.79	-59.90	39.56	26.273	18.047	-48.767	-0.68137	-0.43430	0.41797	-0.41510	25.5	null	null	13113	75
2026-05-27T14:12:48.731	WT901BLE68(F3:F0:16:BF:DC:AE)	0.900	0.242	0.278	46.448	-0.427	34.912	42.26	-61.23	44.12	26.273	18.047	-48.767	-0.68137	-0.43430	0.41797	-0.41510	25.5	null	null	13113	75
2026-05-27T14:12:48.818	WT901BLE68(F3:F0:16:BF:DC:AE)	0.898	0.268	0.333	28.198	-19.653	53.955	40.59	-65.25	49.87	26.993	11.420	-46.527	-0.68137	-0.43430	0.41797	-0.41510	25.5	null	null	13113	75
2026-05-27T14:12:48.939	WT901BLE68(F3:F0:16:BF:DC:AE)	0.949	0.305	0.405	9.399	-27.466	58.350	35.17	-70.60	57.81	26.993	11.420	-46.527	-0.68137	-0.43430	0.41797	-0.41510	25.5	null	null	13113	75
2026-05-27T14:12:49.030	WT901BLE68(F3:F0:16:BF:DC:AE)	0.970	0.341	0.438	-0.122	-10.376	27.466	26.92	-74.29	67.19	26.993	11.420	-46.527	-0.58237	-0.48141	0.37482	-0.53711	25.5	null	null	13113	75
2026-05-27T14:12:49.150	WT901BLE68(F3:F0:16:BF:DC:AE)	0.915	0.320	0.373	7.446	16.602	-11.353	24.99	-73.77	69.79	26.993	11.420	-46.527	-0.58237	-0.48141	0.37482	-0.53711	25.5	null	null	13113	75
2026-05-27T14:12:49.242	WT901BLE68(F3:F0:16:BF:DC:AE)	0.934	0.300	0.303	11.780	26.855	-39.124	30.66	-69.91	65.46	26.993	11.420	-46.527	-0.58237	-0.48141	0.37482	-0.53711	25.5	null	null	13113	75
2026-05-27T14:12:49.361	WT901BLE68(F3:F0:16:BF:DC:AE)	0.915	0.272	0.288	-11.169	13.916	-50.232	37.42	-65.38	58.59	26.993	11.420	-46.527	-0.58237	-0.48141	0.37482	-0.53711	25.5	null	null	13113	75
2026-05-27T14:12:49.422	WT901BLE68(F3:F0:16:BF:DC:AE)	0.877	0.204	0.302	-31.738	-1.404	-35.522	41.42	-62.18	51.41	26.993	11.420	-46.527	-0.58237	-0.48141	0.37482	-0.53711	25.5	null	null	13113	75
2026-05-27T14:12:49.542	WT901BLE68(F3:F0:16:BF:DC:AE)	0.892	0.210	0.312	-25.146	-8.850	-8.362	41.99	-61.50	47.42	26.993	11.420	-46.527	-0.58237	-0.48141	0.37482	-0.53711	25.5	null	null	13113	75
2026-05-27T14:12:49.629	WT901BLE68(F3:F0:16:BF:DC:AE)	0.917	0.232	0.322	-21.484	-10.437	3.967	40.76	-62.49	45.94	26.727	9.207	-46.267	-0.58237	-0.48141	0.37482	-0.53711	25.5	null	null	13113	75
2026-05-27T14:12:49.751	WT901BLE68(F3:F0:16:BF:DC:AE)	0.907	0.256	0.310	-10.986	-8.179	11.658	38.90	-63.93	46.16	26.727	9.207	-46.267	-0.58237	-0.48141	0.37482	-0.53711	25.5	null	null	13113	75
2026-05-27T14:12:49.841	WT901BLE68(F3:F0:16:BF:DC:AE)	0.920	0.282	0.294	-5.310	-7.507	9.460	37.28	-65.32	47.17	26.727	9.207	-46.267	-0.66327	-0.45187	0.35828	-0.47690	25.5	null	null	13113	75
2026-05-27T14:12:49.961	WT901BLE68(F3:F0:16:BF:DC:AE)	0.924	0.289	0.312	-8.484	-9.949	1.160	37.18	-66.34	46.71	26.727	9.207	-46.267	-0.66327	-0.45187	0.35828	-0.47690	25.5	null	null	13113	75
2026-05-27T14:12:50.020	WT901BLE68(F3:F0:16:BF:DC:AE)	0.892	0.271	0.400	-25.635	-6.836	-3.113	37.43	-66.88	44.92	26.727	9.207	-46.267	-0.66327	-0.45187	0.35828	-0.47690	25.5	null	null	13113	75
2026-05-27T14:12:50.141	WT901BLE68(F3:F0:16:BF:DC:AE)	0.963	0.258	0.416	-9.644	9.705	-6.287	35.81	-66.43	44.54	26.727	9.207	-46.267	-0.66327	-0.45187	0.35828	-0.47690	25.5	null	null	13113	75
2026-05-27T14:12:50.232	WT901BLE68(F3:F0:16:BF:DC:AE)	0.937	0.258	0.362	6.470	24.048	-22.095	35.88	-64.00	44.56	26.727	9.207	-46.267	-0.66327	-0.45187	0.35828	-0.47690	25.5	null	null	13113	75
2026-05-27T14:12:50.351	WT901BLE68(F3:F0:16:BF:DC:AE)	0.871	0.239	0.301	12.329	18.982	-21.667	37.73	-60.83	43.55	26.727	9.207	-46.267	-0.66327	-0.45187	0.35828	-0.47690	25.5	null	null	13113	75
2026-05-27T14:12:50.441	WT901BLE68(F3:F0:16:BF:DC:AE)	0.850	0.237	0.307	3.052	0.061	-3.296	39.18	-59.55	42.71	26.727	9.207	-46.267	-0.66327	-0.45187	0.35828	-0.47690	25.5	null	null	13113	75
2026-05-27T14:12:50.565	WT901BLE68(F3:F0:16:BF:DC:AE)	0.902	0.236	0.351	2.380	-11.353	11.841	39.38	-60.70	42.52	26.727	9.207	-46.267	-0.66327	-0.45187	0.35828	-0.47690	25.5	null	null	13113	75
2026-05-27T14:12:50.679	WT901BLE68(F3:F0:16:BF:DC:AE)	0.909	0.234	0.369	18.738	-5.310	14.893	39.10	-62.50	43.69	25.513	14.520	-44.247	-0.66327	-0.45187	0.35828	-0.47690	25.5	null	null	13113	75
2026-05-27T14:12:50.768	WT901BLE68(F3:F0:16:BF:DC:AE)	0.901	0.256	0.351	28.137	-2.502	16.907	39.24	-63.78	46.14	25.513	14.520	-44.247	-0.67258	-0.45346	0.34705	-0.47058	25.5	null	null	13113	75
2026-05-27T14:12:50.829	WT901BLE68(F3:F0:16:BF:DC:AE)	0.901	0.275	0.365	16.235	-10.193	20.752	38.98	-65.50	48.80	25.513	14.520	-44.247	-0.67258	-0.45346	0.34705	-0.47058	25.5	null	null	13113	75
2026-05-27T14:12:50.952	WT901BLE68(F3:F0:16:BF:DC:AE)	0.902	0.296	0.386	4.944	-13.733	17.029	38.28	-67.45	50.72	25.513	14.520	-44.247	-0.67258	-0.45346	0.34705	-0.47058	25.5	null	null	13113	75
2026-05-27T14:12:51.040	WT901BLE68(F3:F0:16:BF:DC:AE)	0.935	0.304	0.415	-12.329	-9.338	12.207	36.60	-69.01	51.84	25.513	14.520	-44.247	-0.67258	-0.45346	0.34705	-0.47058	25.5	null	null	13113	75
2026-05-27T14:12:51.161	WT901BLE68(F3:F0:16:BF:DC:AE)	0.914	0.293	0.376	-0.977	14.526	-10.376	34.74	-68.59	52.89	25.513	14.520	-44.247	-0.67258	-0.45346	0.34705	-0.47058	25.5	null	null	13113	75
2026-05-27T14:12:51.249	WT901BLE68(F3:F0:16:BF:DC:AE)	0.936	0.280	0.287	3.235	23.254	-28.564	36.71	-65.08	51.09	25.513	14.520	-44.247	-0.67258	-0.45346	0.34705	-0.47058	25.5	null	null	13113	75
2026-05-27T14:12:51.374	WT901BLE68(F3:F0:16:BF:DC:AE)	0.870	0.275	0.263	-3.784	10.193	-21.729	38.84	-62.39	48.81	25.513	14.520	-44.247	-0.67258	-0.45346	0.34705	-0.47058	25.5	null	null	13113	75
2026-05-27T14:12:51.429	WT901BLE68(F3:F0:16:BF:DC:AE)	0.882	0.249	0.256	-11.108	-2.991	-9.766	40.16	-61.38	46.11	29.020	12.227	-46.947	-0.67258	-0.45346	0.34705	-0.47058	25.5	null	null	13113	75
2026-05-27T14:12:51.550	WT901BLE68(F3:F0:16:BF:DC:AE)	0.888	0.276	0.266	-11.780	-14.832	3.906	40.58	-62.36	44.26	29.020	12.227	-46.947	-0.67258	-0.45346	0.34705	-0.47058	25.5	null	null	13113	75
2026-05-27T14:12:51.641	WT901BLE68(F3:F0:16:BF:DC:AE)	0.910	0.289	0.288	-20.630	-24.353	10.742	40.64	-64.64	42.28	29.020	12.227	-46.947	-0.67258	-0.45346	0.34705	-0.47058	25.5	null	null	13113	75
2026-05-27T14:12:51.758	WT901BLE68(F3:F0:16:BF:DC:AE)	0.932	0.287	0.319	-24.414	-26.306	12.756	40.37	-67.43	40.04	29.020	12.227	-46.947	-0.67123	-0.45346	0.36752	-0.45676	25.5	null	null	13113	75
2026-05-27T14:12:51.850	WT901BLE68(F3:F0:16:BF:DC:AE)	0.945	0.298	0.345	-19.531	-16.418	10.376	39.55	-69.66	38.77	29.020	12.227	-46.947	-0.67123	-0.45346	0.36752	-0.45676	25.5	null	null	13113	75
2026-05-27T14:12:51.974	WT901BLE68(F3:F0:16:BF:DC:AE)	0.936	0.313	0.326	-10.986	-2.136	-0.427	38.66	-70.27	38.46	29.020	12.227	-46.947	-0.67123	-0.45346	0.36752	-0.45676	25.5	null	null	13113	75
2026-05-27T14:12:52.060	WT901BLE68(F3:F0:16:BF:DC:AE)	0.923	0.298	0.312	-7.629	9.644	-12.146	38.76	-69.19	37.62	29.020	12.227	-46.947	-0.67123	-0.45346	0.36752	-0.45676	25.5	null	null	13113	75
2026-05-27T14:12:52.180	WT901BLE68(F3:F0:16:BF:DC:AE)	0.952	0.279	0.290	10.193	22.583	-23.193	39.92	-66.58	36.78	29.020	12.227	-46.947	-0.67123	-0.45346	0.36752	-0.45676	25.5	null	null	13113	75
2026-05-27T14:12:52.242	WT901BLE68(F3:F0:16:BF:DC:AE)	0.933	0.270	0.253	15.320	22.034	-32.043	42.98	-62.94	35.11	29.020	12.227	-46.947	-0.67123	-0.45346	0.36752	-0.45676	25.5	null	null	13113	75
2026-05-27T14:12:52.361	WT901BLE68(F3:F0:16:BF:DC:AE)	0.856	0.244	0.249	6.226	7.324	-16.418	45.51	-60.61	33.16	29.020	12.227	-46.947	-0.67123	-0.45346	0.36752	-0.45676	25.5	null	null	13113	75
2026-05-27T14:12:52.452	WT901BLE68(F3:F0:16:BF:DC:AE)	0.896	0.248	0.256	12.939	-3.479	11.414	46.07	-61.08	33.13	26.120	21.467	-47.253	-0.67123	-0.45346	0.36752	-0.45676	25.5	null	null	13113	75
2026-05-27T14:12:52.601	WT901BLE68(F3:F0:16:BF:DC:AE)	0.917	0.289	0.266	6.287	-18.250	28.748	45.72	-63.86	34.48	26.120	21.467	-47.253	-0.67123	-0.45346	0.36752	-0.45676	25.5	null	null	13113	75
2026-05-27T14:12:52.660	WT901BLE68(F3:F0:16:BF:DC:AE)	0.900	0.312	0.300	-4.578	-29.358	40.344	44.10	-68.29	36.11	26.120	21.467	-47.253	-0.66974	-0.45782	0.38986	-0.43561	25.5	null	null	13113	75
2026-05-27T14:12:52.780	WT901BLE68(F3:F0:16:BF:DC:AE)	0.962	0.335	0.349	6.714	-15.625	31.677	40.65	-72.29	39.70	26.120	21.467	-47.253	-0.66974	-0.45782	0.38986	-0.43561	25.5	null	null	13113	75
2026-05-27T14:12:52.869	WT901BLE68(F3:F0:16:BF:DC:AE)	0.953	0.363	0.326	11.414	4.272	-1.587	39.82	-72.70	42.17	26.120	21.467	-47.253	-0.66974	-0.45782	0.38986	-0.43561	25.5	null	null	13113	75
2026-05-27T14:12:52.962	WT901BLE68(F3:F0:16:BF:DC:AE)	0.894	0.326	0.303	-0.366	7.324	-14.954	42.04	-70.88	40.61	26.120	21.467	-47.253	-0.66974	-0.45782	0.38986	-0.43561	25.5	null	null	13113	75
2026-05-27T14:12:53.050	WT901BLE68(F3:F0:16:BF:DC:AE)	0.956	0.371	0.328	2.747	12.451	-21.790	43.92	-68.59	38.84	26.120	21.467	-47.253	-0.66974	-0.45782	0.38986	-0.43561	25.5	null	null	13113	75
2026-05-27T14:12:53.202	WT901BLE68(F3:F0:16:BF:DC:AE)	0.977	0.310	0.304	-0.671	23.560	-41.260	45.94	-64.70	36.27	26.120	21.467	-47.253	-0.66974	-0.45782	0.38986	-0.43561	25.5	null	null	13113	75
2026-05-27T14:12:53.259	WT901BLE68(F3:F0:16:BF:DC:AE)	0.851	0.270	0.263	-5.188	17.517	-31.433	47.91	-60.52	33.82	26.220	17.327	-51.080	-0.66974	-0.45782	0.38986	-0.43561	25.5	null	null	13113	75
2026-05-27T14:12:53.384	WT901BLE68(F3:F0:16:BF:DC:AE)	0.861	0.248	0.232	-0.183	4.272	2.686	47.40	-59.46	33.61	26.220	17.327	-51.080	-0.66974	-0.45782	0.38986	-0.43561	25.5	null	null	13113	75
2026-05-27T14:12:53.471	WT901BLE68(F3:F0:16:BF:DC:AE)	0.893	0.285	0.257	-8.362	-11.658	30.701	45.18	-61.75	35.35	26.220	17.327	-51.080	-0.69766	-0.45999	0.34619	-0.42627	25.5	null	null	13113	75
2026-05-27T14:12:53.623	WT901BLE68(F3:F0:16:BF:DC:AE)	0.945	0.313	0.270	12.451	-11.353	33.325	42.19	-65.20	38.93	26.220	17.327	-51.080	-0.69766	-0.45999	0.34619	-0.42627	25.5	null	null	13113	75
2026-05-27T14:12:53.648	WT901BLE68(F3:F0:16:BF:DC:AE)	0.905	0.326	0.315	-3.540	-15.991	19.470	40.81	-68.02	41.06	26.220	17.327	-51.080	-0.69766	-0.45999	0.34619	-0.42627	25.5	null	null	13113	75
2026-05-27T14:12:53.802	WT901BLE68(F3:F0:16:BF:DC:AE)	0.915	0.303	0.350	-1.465	-5.188	6.531	39.74	-69.63	41.76	26.220	17.327	-51.080	-0.69766	-0.45999	0.34619	-0.42627	25.5	null	null	13113	75
2026-05-27T14:12:53.858	WT901BLE68(F3:F0:16:BF:DC:AE)	0.923	0.297	0.347	1.465	9.888	-12.878	40.08	-69.03	41.65	26.220	17.327	-51.080	-0.69766	-0.45999	0.34619	-0.42627	25.5	null	null	13113	75
2026-05-27T14:12:53.980	WT901BLE68(F3:F0:16:BF:DC:AE)	0.964	0.328	0.341	-2.563	19.348	-32.471	41.81	-66.25	40.15	26.220	17.327	-51.080	-0.69766	-0.45999	0.34619	-0.42627	25.5	null	null	13113	75
2026-05-27T14:12:54.075	WT901BLE68(F3:F0:16:BF:DC:AE)	0.939	0.272	0.330	-9.583	21.606	-41.565	43.89	-62.19	37.09	26.220	17.327	-51.080	-0.69766	-0.45999	0.34619	-0.42627	25.5	null	null	13113	75
2026-05-27T14:12:54.188	WT901BLE68(F3:F0:16:BF:DC:AE)	0.894	0.227	0.316	3.296	22.827	-35.767	45.53	-58.06	34.65	24.520	16.300	-46.520	-0.69766	-0.45999	0.34619	-0.42627	25.5	null	null	13113	75
2026-05-27T14:12:54.249	WT901BLE68(F3:F0:16:BF:DC:AE)	0.848	0.215	0.289	8.972	8.972	-7.446	46.52	-55.55	33.88	24.520	16.300	-46.520	-0.69766	-0.45999	0.34619	-0.42627	25.5	null	null	13113	75
2026-05-27T14:12:54.370	WT901BLE68(F3:F0:16:BF:DC:AE)	0.861	0.223	0.310	6.592	-9.521	29.297	45.76	-56.90	35.04	24.520	16.300	-46.520	-0.69766	-0.45999	0.34619	-0.42627	25.5	null	null	13113	75
2026-05-27T14:12:54.459	WT901BLE68(F3:F0:16:BF:DC:AE)	0.929	0.251	0.329	14.099	-18.188	53.162	43.03	-61.23	38.94	24.520	16.300	-46.520	-0.71115	-0.45718	0.32233	-0.42575	25.5	null	null	13113	75
2026-05-27T14:12:54.580	WT901BLE68(F3:F0:16:BF:DC:AE)	0.947	0.295	0.362	13.550	-18.738	51.941	38.33	-66.42	45.64	24.520	16.300	-46.520	-0.71115	-0.45718	0.32233	-0.42575	25.5	null	null	13113	75
2026-05-27T14:12:54.671	WT901BLE68(F3:F0:16:BF:DC:AE)	0.941	0.321	0.375	9.338	-10.132	33.386	32.96	-69.98	52.82	24.520	16.300	-46.520	-0.71115	-0.45718	0.32233	-0.42575	25.5	null	null	13113	75
2026-05-27T14:12:54.792	WT901BLE68(F3:F0:16:BF:DC:AE)	0.909	0.344	0.369	-1.404	-1.648	8.240	29.66	-71.20	57.33	24.520	16.300	-46.520	-0.71115	-0.45718	0.32233	-0.42575	25.5	null	null	13113	75
2026-05-27T14:12:54.880	WT901BLE68(F3:F0:16:BF:DC:AE)	0.925	0.315	0.357	-9.583	7.141	-16.235	30.32	-70.38	56.43	24.520	16.300	-46.520	-0.71115	-0.45718	0.32233	-0.42575	25.5	null	null	13113	75
2026-05-27T14:12:54.999	WT901BLE68(F3:F0:16:BF:DC:AE)	0.957	0.262	0.347	-14.465	14.709	-37.964	34.17	-67.69	51.36	24.520	16.300	-46.520	-0.71115	-0.45718	0.32233	-0.42575	25.5	null	null	13113	75
2026-05-27T14:12:55.061	WT901BLE68(F3:F0:16:BF:DC:AE)	0.909	0.219	0.293	-1.892	19.958	-49.011	39.03	-63.39	45.34	26.480	8.047	-46.913	-0.71115	-0.45718	0.32233	-0.42575	25.5	null	null	13113	75
2026-05-27T14:12:55.184	WT901BLE68(F3:F0:16:BF:DC:AE)	0.833	0.217	0.283	-18.005	-2.930	-20.813	42.08	-60.53	40.94	26.480	8.047	-46.913	-0.71115	-0.45718	0.32233	-0.42575	25.5	null	null	13113	75
2026-05-27T14:12:55.269	WT901BLE68(F3:F0:16:BF:DC:AE)	0.877	0.218	0.335	-26.184	-18.188	8.789	41.51	-61.46	38.55	26.480	8.047	-46.913	-0.69797	-0.44952	0.34164	-0.44037	25.5	null	null	13113	75
2026-05-27T14:12:55.392	WT901BLE68(F3:F0:16:BF:DC:AE)	0.938	0.251	0.364	-13.733	-12.634	18.250	38.80	-63.93	39.19	26.480	8.047	-46.913	-0.69797	-0.44952	0.34164	-0.44037	25.5	null	null	13113	75
2026-05-27T14:12:55.480	WT901BLE68(F3:F0:16:BF:DC:AE)	0.955	0.275	0.363	-1.892	-3.052	4.700	36.79	-65.36	40.65	26.480	8.047	-46.913	-0.69797	-0.44952	0.34164	-0.44037	25.5	null	null	13113	75
2026-05-27T14:12:55.602	WT901BLE68(F3:F0:16:BF:DC:AE)	0.889	0.266	0.336	-1.160	1.343	-6.042	37.05	-65.21	40.42	26.480	8.047	-46.913	-0.69797	-0.44952	0.34164	-0.44037	25.5	null	null	13113	75
2026-05-27T14:12:55.659	WT901BLE68(F3:F0:16:BF:DC:AE)	0.916	0.266	0.326	6.042	2.747	-3.784	37.74	-64.76	39.91	26.480	8.047	-46.913	-0.69797	-0.44952	0.34164	-0.44037	25.5	null	null	13113	75
2026-05-27T14:12:55.783	WT901BLE68(F3:F0:16:BF:DC:AE)	0.900	0.267	0.335	4.822	-1.587	-8.179	39.35	-64.29	39.03	26.480	8.047	-46.913	-0.69797	-0.44952	0.34164	-0.44037	25.5	null	null	13113	75
2026-05-27T14:12:55.868	WT901BLE68(F3:F0:16:BF:DC:AE)	0.918	0.239	0.384	-3.418	-5.127	-7.324	41.10	-64.11	37.09	26.480	8.047	-46.913	-0.69797	-0.44952	0.34164	-0.44037	25.5	null	null	13113	75
2026-05-27T14:12:55.993	WT901BLE68(F3:F0:16:BF:DC:AE)	0.924	0.222	0.386	3.174	3.479	-4.517	41.68	-63.77	36.25	26.480	8.047	-46.913	-0.69797	-0.44952	0.34164	-0.44037	25.5	null	null	13113	75
2026-05-27T14:12:56.079	WT901BLE68(F3:F0:16:BF:DC:AE)	0.915	0.260	0.353	4.883	6.287	6.714	40.58	-63.55	37.81	23.913	17.073	-47.507	-0.69797	-0.44952	0.34164	-0.44037	25.5	null	null	13113	75
2026-05-27T14:12:56.199	WT901BLE68(F3:F0:16:BF:DC:AE)	0.890	0.279	0.303	5.188	5.432	8.240	38.75	-63.63	40.27	23.913	17.073	-47.507	-0.69366	-0.43680	0.37064	-0.43652	25.5	null	null	13113	75
2026-05-27T14:12:56.291	WT901BLE68(F3:F0:16:BF:DC:AE)	0.854	0.303	0.281	-1.526	-4.517	12.146	37.40	-64.24	41.97	23.913	17.073	-47.507	-0.69366	-0.43680	0.37064	-0.43652	25.5	null	null	13113	75
2026-05-27T14:12:56.408	WT901BLE68(F3:F0:16:BF:DC:AE)	0.937	0.319	0.293	3.357	-10.864	11.230	36.67	-65.69	42.76	23.913	17.073	-47.507	-0.69366	-0.43680	0.37064	-0.43652	25.5	null	null	13113	75
2026-05-27T14:12:56.468	WT901BLE68(F3:F0:16:BF:DC:AE)	0.906	0.321	0.308	-4.822	-11.292	-1.038	37.91	-66.73	41.52	23.913	17.073	-47.507	-0.69366	-0.43680	0.37064	-0.43652	25.5	null	null	13113	75
2026-05-27T14:12:56.592	WT901BLE68(F3:F0:16:BF:DC:AE)	0.910	0.313	0.340	-29.663	-15.259	0.671	38.74	-67.65	38.78	23.913	17.073	-47.507	-0.69366	-0.43680	0.37064	-0.43652	25.5	null	null	13113	75
2026-05-27T14:12:56.679	WT901BLE68(F3:F0:16:BF:DC:AE)	0.944	0.293	0.331	-14.099	1.221	-8.728	38.61	-67.68	36.68	23.913	17.073	-47.507	-0.69366	-0.43680	0.37064	-0.43652	25.5	null	null	13113	75
2026-05-27T14:12:56.803	WT901BLE68(F3:F0:16:BF:DC:AE)	0.934	0.286	0.291	-6.348	9.216	-14.526	39.24	-66.29	35.22	23.913	17.073	-47.507	-0.69366	-0.43680	0.37064	-0.43652	25.5	null	null	13113	75
2026-05-27T14:12:56.891	WT901BLE68(F3:F0:16:BF:DC:AE)	0.904	0.262	0.264	2.930	11.353	-14.038	40.26	-64.56	33.99	26.267	20.420	-48.593	-0.69366	-0.43680	0.37064	-0.43652	25.5	null	null	13113	75
2026-05-27T14:12:57.012	WT901BLE68(F3:F0:16:BF:DC:AE)	0.890	0.268	0.253	10.315	5.798	-3.601	41.42	-63.48	33.52	26.267	20.420	-48.593	-0.69366	-0.43680	0.37064	-0.43652	25.5	null	null	13113	75
2026-05-27T14:12:57.070	WT901BLE68(F3:F0:16:BF:DC:AE)	0.899	0.286	0.270	13.184	-0.427	2.197	42.55	-63.55	33.54	26.267	20.420	-48.593	-0.70596	-0.43353	0.38181	-0.40961	25.5	null	null	13113	75
2026-05-27T14:12:57.190	WT901BLE68(F3:F0:16:BF:DC:AE)	0.905	0.284	0.289	18.860	-1.953	7.080	43.79	-64.16	33.75	26.267	20.420	-48.593	-0.70596	-0.43353	0.38181	-0.40961	25.5	null	null	13113	75
2026-05-27T14:12:57.281	WT901BLE68(F3:F0:16:BF:DC:AE)	0.890	0.312	0.274	20.081	-7.751	14.648	44.96	-65.28	34.75	26.267	20.420	-48.593	-0.70596	-0.43353	0.38181	-0.40961	25.5	null	null	13113	75
2026-05-27T14:12:57.399	WT901BLE68(F3:F0:16:BF:DC:AE)	0.890	0.323	0.324	3.296	-16.968	26.306	44.82	-67.75	35.85	26.267	20.420	-48.593	-0.70596	-0.43353	0.38181	-0.40961	25.5	null	null	13113	75
2026-05-27T14:12:57.490	WT901BLE68(F3:F0:16:BF:DC:AE)	0.996	0.355	0.366	6.714	-3.967	11.963	43.89	-69.58	37.70	26.267	20.420	-48.593	-0.70596	-0.43353	0.38181	-0.40961	25.5	null	null	13113	75
2026-05-27T14:12:57.642	WT901BLE68(F3:F0:16:BF:DC:AE)	0.890	0.332	0.310	1.282	5.371	-8.240	44.19	-68.90	38.11	26.267	20.420	-48.593	-0.70596	-0.43353	0.38181	-0.40961	25.5	null	null	13113	75
2026-05-27T14:12:57.668	WT901BLE68(F3:F0:16:BF:DC:AE)	0.900	0.325	0.301	-10.132	3.601	-1.770	43.90	-67.98	37.90	26.267	20.420	-48.593	-0.70596	-0.43353	0.38181	-0.40961	25.5	null	null	13113	75
2026-05-27T14:12:57.824	WT901BLE68(F3:F0:16:BF:DC:AE)	0.946	0.311	0.291	-7.935	10.132	-9.094	42.73	-67.02	38.14	27.893	14.147	-52.880	-0.70596	-0.43353	0.38181	-0.40961	25.5	null	null	13113	75
2026-05-27T14:12:57.881	WT901BLE68(F3:F0:16:BF:DC:AE)	0.902	0.291	0.261	2.991	13.550	-10.376	42.84	-65.21	37.97	27.893	14.147	-52.880	-0.70596	-0.43353	0.38181	-0.40961	25.5	null	null	13113	75
2026-05-27T14:12:58.001	WT901BLE68(F3:F0:16:BF:DC:AE)	0.944	0.320	0.245	8.423	7.507	-5.371	43.46	-64.01	38.25	27.893	14.147	-52.880	-0.70596	-0.43353	0.38181	-0.40961	25.5	null	null	13113	75
2026-05-27T14:12:58.088	WT901BLE68(F3:F0:16:BF:DC:AE)	0.928	0.279	0.268	-4.944	-2.075	-8.423	44.66	-63.64	36.88	27.893	14.147	-52.880	-0.68011	-0.45941	0.36050	-0.44305	25.5	null	null	13113	75
2026-05-27T14:12:58.214	WT901BLE68(F3:F0:16:BF:DC:AE)	0.855	0.284	0.295	-12.634	-10.559	3.235	45.56	-64.02	35.03	27.893	14.147	-52.880	-0.68011	-0.45941	0.36050	-0.44305	25.5	null	null	13113	75
2026-05-27T14:12:58.330	WT901BLE68(F3:F0:16:BF:DC:AE)	0.927	0.302	0.323	-13.489	-10.071	14.954	43.82	-65.80	35.27	27.893	14.147	-52.880	-0.68011	-0.45941	0.36050	-0.44305	25.5	null	null	13113	75
2026-05-27T14:12:58.422	WT901BLE68(F3:F0:16:BF:DC:AE)	0.896	0.320	0.320	-11.292	-4.211	2.869	42.32	-66.71	35.73	27.893	14.147	-52.880	-0.68011	-0.45941	0.36050	-0.44305	25.5	null	null	13113	75
2026-05-27T14:12:58.476	WT901BLE68(F3:F0:16:BF:DC:AE)	0.891	0.332	0.309	-20.325	-3.723	-6.226	41.89	-66.65	34.60	27.893	14.147	-52.880	-0.68011	-0.45941	0.36050	-0.44305	25.5	null	null	13113	75
2026-05-27T14:12:58.598	WT901BLE68(F3:F0:16:BF:DC:AE)	0.942	0.315	0.317	-16.357	2.380	-20.752	42.88	-65.49	31.84	27.893	14.147	-52.880	-0.68011	-0.45941	0.36050	-0.44305	25.5	null	null	13113	75
2026-05-27T14:12:58.686	WT901BLE68(F3:F0:16:BF:DC:AE)	0.944	0.278	0.317	-9.644	7.874	-33.813	45.10	-63.11	28.17	23.860	19.227	-48.073	-0.68011	-0.45941	0.36050	-0.44305	25.5	null	null	13113	75
2026-05-27T14:12:58.809	WT901BLE68(F3:F0:16:BF:DC:AE)	0.968	0.199	0.335	2.380	17.883	-37.842	47.25	-59.75	24.96	23.860	19.227	-48.073	-0.68011	-0.45941	0.36050	-0.44305	25.5	null	null	13113	75
2026-05-27T14:12:58.901	WT901BLE68(F3:F0:16:BF:DC:AE)	0.899	0.176	0.297	23.743	22.766	-15.076	48.44	-56.93	25.04	23.860	19.227	-48.073	-0.73950	-0.44357	0.35297	-0.36285	25.5	null	null	13113	75
2026-05-27T14:12:59.021	WT901BLE68(F3:F0:16:BF:DC:AE)	0.870	0.197	0.278	25.635	9.827	26.062	47.63	-57.26	28.49	23.860	19.227	-48.073	-0.73950	-0.44357	0.35297	-0.36285	25.5	null	null	13113	75
2026-05-27T14:12:59.112	WT901BLE68(F3:F0:16:BF:DC:AE)	0.912	0.234	0.278	31.555	-2.197	59.692	44.17	-61.10	35.37	23.860	19.227	-48.073	-0.73950	-0.44357	0.35297	-0.36285	25.5	null	null	13113	75
2026-05-27T14:12:59.229	WT901BLE68(F3:F0:16:BF:DC:AE)	0.941	0.319	0.295	29.480	-13.550	70.251	37.93	-66.54	45.86	23.860	19.227	-48.073	-0.73950	-0.44357	0.35297	-0.36285	25.5	null	null	13113	75
2026-05-27T14:12:59.290	WT901BLE68(F3:F0:16:BF:DC:AE)	0.962	0.348	0.336	27.100	-10.071	45.410	30.05	-70.95	57.31	23.860	19.227	-48.073	-0.73950	-0.44357	0.35297	-0.36285	25.5	null	null	13113	75
2026-05-27T14:12:59.413	WT901BLE68(F3:F0:16:BF:DC:AE)	0.918	0.346	0.362	21.912	-0.183	10.376	27.08	-72.38	63.67	23.860	19.227	-48.073	-0.73950	-0.44357	0.35297	-0.36285	25.5	null	null	13113	75
2026-05-27T14:12:59.500	WT901BLE68(F3:F0:16:BF:DC:AE)	0.905	0.316	0.363	13.489	8.179	-14.648	30.16	-71.39	62.89	23.860	19.227	-48.073	-0.73950	-0.44357	0.35297	-0.36285	25.5	null	null	13113	75
2026-05-27T14:12:59.620	WT901BLE68(F3:F0:16:BF:DC:AE)	0.935	0.283	0.350	2.808	11.475	-31.677	35.57	-68.84	58.45	27.660	-2.520	-51.220	-0.73950	-0.44357	0.35297	-0.36285	25.5	null	null	13113	75
2026-05-27T14:12:59.711	WT901BLE68(F3:F0:16:BF:DC:AE)	0.919	0.235	0.336	-8.118	10.803	-35.400	40.21	-65.60	53.21	27.660	-2.520	-51.220	-0.73950	-0.44357	0.35297	-0.36285	25.5	null	null	13113	75
2026-05-27T14:12:59.830	WT901BLE68(F3:F0:16:BF:DC:AE)	0.895	0.218	0.319	-14.771	5.005	-20.630	42.27	-63.05	49.61	27.660	-2.520	-51.220	-0.63617	-0.48526	0.31610	-0.50970	25.5	null	null	13113	75
2026-05-27T14:12:59.890	WT901BLE68(F3:F0:16:BF:DC:AE)	0.899	0.227	0.305	-18.494	-2.075	-2.625	41.70	-62.35	48.14	27.660	-2.520	-51.220	-0.63617	-0.48526	0.31610	-0.50970	25.5	null	null	13113	75
2026-05-27T14:13:00.043	WT901BLE68(F3:F0:16:BF:DC:AE)	0.917	0.254	0.302	-16.113	-6.714	5.676	40.01	-63.04	47.97	27.660	-2.520	-51.220	-0.63617	-0.48526	0.31610	-0.50970	25.5	null	null	13113	75
2026-05-27T14:13:00.099	WT901BLE68(F3:F0:16:BF:DC:AE)	0.911	0.258	0.314	-10.193	-7.080	1.709	38.77	-64.08	47.75	27.660	-2.520	-51.220	-0.63617	-0.48526	0.31610	-0.50970	25.5	null	null	13113	75
2026-05-27T14:13:00.220	WT901BLE68(F3:F0:16:BF:DC:AE)	0.862	0.254	0.331	-7.874	-7.751	-2.563	38.83	-64.79	46.69	27.660	-2.520	-51.220	-0.63617	-0.48526	0.31610	-0.50970	25.5	null	null	13113	75
2026-05-27T14:13:00.310	WT901BLE68(F3:F0:16:BF:DC:AE)	0.998	0.277	0.373	-6.714	-6.409	-2.625	40.05	-65.02	44.93	27.660	-2.520	-51.220	-0.63617	-0.48526	0.31610	-0.50970	25.5	null	null	13113	75
2026-05-27T14:13:00.429	WT901BLE68(F3:F0:16:BF:DC:AE)	0.881	0.245	0.362	-16.357	-2.380	-2.319	39.63	-65.15	44.10	27.660	-2.520	-51.220	-0.63617	-0.48526	0.31610	-0.50970	25.5	null	null	13113	75
2026-05-27T14:13:00.522	WT901BLE68(F3:F0:16:BF:DC:AE)	0.893	0.242	0.342	2.747	7.019	-1.038	38.13	-65.07	44.52	25.533	10.313	-47.767	-0.63617	-0.48526	0.31610	-0.50970	25.5	null	null	13113	75
2026-05-27T14:13:00.641	WT901BLE68(F3:F0:16:BF:DC:AE)	0.941	0.249	0.305	10.498	8.789	-9.888	38.59	-63.98	44.96	25.533	10.313	-47.767	-0.63617	-0.48526	0.31610	-0.50970	25.5	null	null	13113	75
2026-05-27T14:13:00.698	WT901BLE68(F3:F0:16:BF:DC:AE)	0.877	0.232	0.313	0.183	-3.113	-7.263	40.18	-63.31	43.83	25.533	10.313	-47.767	-0.67358	-0.45361	0.34912	-0.46744	25.5	null	null	13113	75
2026-05-27T14:13:00.822	WT901BLE68(F3:F0:16:BF:DC:AE)	0.912	0.235	0.346	-2.930	-10.437	1.953	41.18	-63.83	42.43	25.533	10.313	-47.767	-0.67358	-0.45361	0.34912	-0.46744	25.5	null	null	13113	75
2026-05-27T14:13:00.909	WT901BLE68(F3:F0:16:BF:DC:AE)	0.937	0.265	0.372	-5.981	-12.451	5.859	41.62	-65.05	41.65	25.533	10.313	-47.767	-0.67358	-0.45361	0.34912	-0.46744	25.5	null	null	13113	75
2026-05-27T14:13:01.033	WT901BLE68(F3:F0:16:BF:DC:AE)	0.973	0.278	0.377	-5.676	1.953	7.629	40.41	-65.98	42.41	25.533	10.313	-47.767	-0.67358	-0.45361	0.34912	-0.46744	25.5	null	null	13113	75
2026-05-27T14:13:01.119	WT901BLE68(F3:F0:16:BF:DC:AE)	0.865	0.263	0.309	-1.770	8.057	8.362	37.50	-65.85	44.96	25.533	10.313	-47.767	-0.67358	-0.45361	0.34912	-0.46744	25.5	null	null	13113	75
2026-05-27T14:13:01.243	WT901BLE68(F3:F0:16:BF:DC:AE)	0.891	0.293	0.270	7.202	3.784	1.282	36.06	-65.62	46.91	25.533	10.313	-47.767	-0.67358	-0.45361	0.34912	-0.46744	25.5	null	null	13113	75
2026-05-27T14:13:01.298	WT901BLE68(F3:F0:16:BF:DC:AE)	0.906	0.293	0.292	-8.850	-7.141	-4.700	37.22	-65.68	45.89	25.533	10.313	-47.767	-0.67358	-0.45361	0.34912	-0.46744	25.5	null	null	13113	75
2026-05-27T14:13:01.427	WT901BLE68(F3:F0:16:BF:DC:AE)	0.901	0.230	0.297	-2.136	-4.272	-2.686	38.39	-65.90	43.57	25.533	10.313	-47.767	-0.67358	-0.45361	0.34912	-0.46744	25.5	null	null	13113	75
2026-05-27T14:13:01.508	WT901BLE68(F3:F0:16:BF:DC:AE)	0.889	0.298	0.284	-1.587	-9.094	5.310	39.30	-66.42	43.06	27.540	12.893	-49.740	-0.67358	-0.45361	0.34912	-0.46744	25.5	null	null	13113	75
2026-05-27T14:13:01.629	WT901BLE68(F3:F0:16:BF:DC:AE)	0.911	0.290	0.307	-14.160	-13.245	5.432	39.37	-67.67	41.86	27.540	12.893	-49.740	-0.66388	-0.45047	0.38245	-0.45819	25.5	null	null	13113	75
2026-05-27T14:13:01.720	WT901BLE68(F3:F0:16:BF:DC:AE)	0.930	0.312	0.303	-10.681	-7.385	3.662	39.07	-68.66	41.01	27.540	12.893	-49.740	-0.66388	-0.45047	0.38245	-0.45819	25.5	null	null	13113	75
2026-05-27T14:13:01.841	WT901BLE68(F3:F0:16:BF:DC:AE)	0.945	0.330	0.315	-10.010	-0.488	-5.371	39.14	-68.78	40.00	27.540	12.893	-49.740	-0.66388	-0.45047	0.38245	-0.45819	25.5	null	null	13113	75
2026-05-27T14:13:01.934	WT901BLE68(F3:F0:16:BF:DC:AE)	0.933	0.307	0.320	-4.578	11.292	-19.836	40.52	-67.30	37.90	27.540	12.893	-49.740	-0.66388	-0.45047	0.38245	-0.45819	25.5	null	null	13113	75
2026-05-27T14:13:02.051	WT901BLE68(F3:F0:16:BF:DC:AE)	0.936	0.272	0.296	11.658	24.231	-28.198	42.44	-64.18	36.30	27.540	12.893	-49.740	-0.66388	-0.45047	0.38245	-0.45819	25.5	null	null	13113	75
2026-05-27T14:13:02.109	WT901BLE68(F3:F0:16:BF:DC:AE)	0.938	0.251	0.250	22.400	22.766	-21.484	44.54	-60.86	35.77	27.540	12.893	-49.740	-0.66388	-0.45047	0.38245	-0.45819	25.5	null	null	13113	75
2026-05-27T14:13:02.233	WT901BLE68(F3:F0:16:BF:DC:AE)	0.869	0.243	0.232	15.503	4.700	-1.953	46.26	-59.49	35.72	27.540	12.893	-49.740	-0.66388	-0.45047	0.38245	-0.45819	25.5	null	null	13113	75
2026-05-27T14:13:02.346	WT901BLE68(F3:F0:16:BF:DC:AE)	0.862	0.261	0.254	8.362	-17.273	32.593	46.25	-61.74	36.61	27.253	19.807	-48.253	-0.66388	-0.45047	0.38245	-0.45819	25.5	null	null	13113	75
2026-05-27T14:13:02.440	WT901BLE68(F3:F0:16:BF:DC:AE)	0.947	0.289	0.300	13.306	-22.034	51.636	43.57	-66.71	40.31	27.253	19.807	-48.253	-0.66388	-0.45047	0.38245	-0.45819	25.5	null	null	13113	75
2026-05-27T14:13:02.527	WT901BLE68(F3:F0:16:BF:DC:AE)	0.971	0.347	0.313	20.935	-12.390	35.156	40.12	-70.76	46.15	27.253	19.807	-48.253	-0.64273	-0.46774	0.38321	-0.47025	25.5	null	null	13113	75
2026-05-27T14:13:02.652	WT901BLE68(F3:F0:16:BF:DC:AE)	0.925	0.359	0.319	9.033	-6.958	16.907	38.33	-72.60	49.90	27.253	19.807	-48.253	-0.64273	-0.46774	0.38321	-0.47025	25.5	null	null	13113	75
2026-05-27T14:13:02.711	WT901BLE68(F3:F0:16:BF:DC:AE)	0.916	0.354	0.327	2.563	0.793	0.183	38.11	-72.80	50.97	27.253	19.807	-48.253	-0.64273	-0.46774	0.38321	-0.47025	25.5	null	null	13113	75
2026-05-27T14:13:02.829	WT901BLE68(F3:F0:16:BF:DC:AE)	0.933	0.327	0.308	-3.723	9.399	-18.311	39.94	-71.19	49.21	27.253	19.807	-48.253	-0.64273	-0.46774	0.38321	-0.47025	25.5	null	null	13113	75
2026-05-27T14:13:02.928	WT901BLE68(F3:F0:16:BF:DC:AE)	0.952	0.292	0.301	-13.550	13.733	-32.410	42.66	-68.19	45.55	27.253	19.807	-48.253	-0.64273	-0.46774	0.38321	-0.47025	25.5	null	null	13113	75
2026-05-27T14:13:03.038	WT901BLE68(F3:F0:16:BF:DC:AE)	0.944	0.242	0.293	-15.808	15.625	-33.203	44.49	-64.67	41.89	27.253	19.807	-48.253	-0.64273	-0.46774	0.38321	-0.47025	25.5	null	null	13113	75
2026-05-27T14:13:03.132	WT901BLE68(F3:F0:16:BF:DC:AE)	0.900	0.216	0.288	-12.451	13.855	-16.357	44.37	-62.10	40.25	27.253	19.807	-48.253	-0.64273	-0.46774	0.38321	-0.47025	25.5	null	null	13113	75
2026-05-27T14:13:03.248	WT901BLE68(F3:F0:16:BF:DC:AE)	0.909	0.229	0.275	0.122	11.414	1.648	42.67	-61.17	41.24	27.673	14.527	-48.840	-0.64273	-0.46774	0.38321	-0.47025	25.5	null	null	13113	75
2026-05-27T14:13:03.341	WT901BLE68(F3:F0:16:BF:DC:AE)	0.908	0.254	0.264	5.737	5.066	9.949	41.08	-61.41	43.30	27.673	14.527	-48.840	-0.64273	-0.46774	0.38321	-0.47025	25.5	null	null	13113	75
2026-05-27T14:13:03.428	WT901BLE68(F3:F0:16:BF:DC:AE)	0.898	0.266	0.268	13.428	-2.502	16.479	40.07	-62.68	45.42	27.673	14.527	-48.840	-0.67532	-0.45740	0.33612	-0.47076	25.5	null	null	13113	75
2026-05-27T14:13:03.523	WT901BLE68(F3:F0:16:BF:DC:AE)	0.890	0.280	0.282	14.954	-9.888	18.005	39.98	-64.58	47.19	27.673	14.527	-48.840	-0.67532	-0.45740	0.33612	-0.47076	25.5	null	null	13113	75
2026-05-27T14:13:03.640	WT901BLE68(F3:F0:16:BF:DC:AE)	0.917	0.279	0.314	11.597	-14.404	17.456	40.33	-66.80	48.12	27.673	14.527	-48.840	-0.67532	-0.45740	0.33612	-0.47076	25.5	null	null	13113	75
2026-05-27T14:13:03.733	WT901BLE68(F3:F0:16:BF:DC:AE)	0.921	0.275	0.330	16.357	-7.874	10.010	41.15	-68.36	48.85	27.673	14.527	-48.840	-0.67532	-0.45740	0.33612	-0.47076	25.5	null	null	13113	75
2026-05-27T14:13:03.850	WT901BLE68(F3:F0:16:BF:DC:AE)	0.932	0.267	0.340	19.165	-1.709	5.737	42.21	-68.92	49.68	27.673	14.527	-48.840	-0.67532	-0.45740	0.33612	-0.47076	25.5	null	null	13113	75
2026-05-27T14:13:03.941	WT901BLE68(F3:F0:16:BF:DC:AE)	0.899	0.304	0.335	4.639	-2.808	1.953	42.85	-68.99	50.48	27.673	14.527	-48.840	-0.67532	-0.45740	0.33612	-0.47076	25.5	null	null	13113	75
2026-05-27T14:13:04.060	WT901BLE68(F3:F0:16:BF:DC:AE)	0.913	0.301	0.348	-25.696	-9.521	-1.465	42.64	-69.18	49.19	27.673	14.527	-48.840	-0.67532	-0.45740	0.33612	-0.47076	25.5	null	null	13113	75
2026-05-27T14:13:04.116	WT901BLE68(F3:F0:16:BF:DC:AE)	0.938	0.301	0.365	-41.992	-6.592	-9.521	41.57	-69.08	46.68	27.040	2.220	-53.013	-0.67532	-0.45740	0.33612	-0.47076	25.5	null	null	13113	75
2026-05-27T14:13:04.239	WT901BLE68(F3:F0:16:BF:DC:AE)	0.933	0.283	0.349	-42.053	4.700	-19.287	40.20	-67.74	43.74	27.040	2.220	-53.013	-0.67532	-0.45740	0.33612	-0.47076	25.5	null	null	13113	75
2026-05-27T14:13:04.327	WT901BLE68(F3:F0:16:BF:DC:AE)	0.952	0.253	0.332	-26.978	19.104	-26.306	38.98	-65.12	41.54	27.040	2.220	-53.013	-0.66855	-0.44882	0.37869	-0.45618	25.5	null	null	13113	75
2026-05-27T14:13:04.450	WT901BLE68(F3:F0:16:BF:DC:AE)	0.951	0.241	0.288	-14.404	24.353	-31.616	38.88	-61.57	39.74	27.040	2.220	-53.013	-0.66855	-0.44882	0.37869	-0.45618	25.5	null	null	13113	75
2026-05-27T14:13:04.539	WT901BLE68(F3:F0:16:BF:DC:AE)	0.901	0.236	0.261	-7.751	16.418	-25.940	39.60	-58.57	37.77	27.040	2.220	-53.013	-0.66855	-0.44882	0.37869	-0.45618	25.5	null	null	13113	75
2026-05-27T14:13:04.659	WT901BLE68(F3:F0:16:BF:DC:AE)	0.867	0.225	0.264	-6.348	-0.732	-8.362	40.22	-57.68	36.01	27.040	2.220	-53.013	-0.66855	-0.44882	0.37869	-0.45618	25.5	null	null	13113	75
2026-05-27T14:13:04.749	WT901BLE68(F3:F0:16:BF:DC:AE)	0.883	0.229	0.313	1.221	-15.564	13.306	40.37	-59.28	35.21	27.040	2.220	-53.013	-0.66855	-0.44882	0.37869	-0.45618	25.5	null	null	13113	75
2026-05-27T14:13:04.868	WT901BLE68(F3:F0:16:BF:DC:AE)	0.929	0.246	0.348	7.996	-19.470	25.879	40.18	-62.19	35.86	27.040	2.220	-53.013	-0.66855	-0.44882	0.37869	-0.45618	25.5	null	null	13113	75
2026-05-27T14:13:04.930	WT901BLE68(F3:F0:16:BF:DC:AE)	0.936	0.252	0.382	15.015	-13.489	29.236	38.94	-65.47	38.51	27.040	2.220	-53.013	-0.66855	-0.44882	0.37869	-0.45618	25.5	null	null	13113	75
2026-05-27T14:13:05.048	WT901BLE68(F3:F0:16:BF:DC:AE)	0.935	0.274	0.376	20.874	-2.319	26.367	36.52	-67.79	43.23	24.573	13.693	-46.400	-0.66855	-0.44882	0.37869	-0.45618	25.5	null	null	13113	75
2026-05-27T14:13:05.139	WT901BLE68(F3:F0:16:BF:DC:AE)	0.905	0.295	0.337	23.132	6.714	13.794	34.18	-68.52	48.41	24.573	13.693	-46.400	-0.66855	-0.44882	0.37869	-0.45618	25.5	null	null	13113	75
2026-05-27T14:13:05.259	WT901BLE68(F3:F0:16:BF:DC:AE)	0.917	0.287	0.331	15.015	4.761	3.479	33.73	-68.26	51.26	24.573	13.693	-46.400	-0.64697	-0.44580	0.38501	-0.48410	25.5	null	null	13113	75
2026-05-27T14:13:05.350	WT901BLE68(F3:F0:16:BF:DC:AE)	0.909	0.253	0.341	13.184	7.324	-7.446	35.03	-67.48	51.56	24.573	13.693	-46.400	-0.64697	-0.44580	0.38501	-0.48410	25.5	null	null	13113	75
2026-05-27T14:13:05.471	WT901BLE68(F3:F0:16:BF:DC:AE)	0.896	0.233	0.328	13.611	9.766	-7.629	36.77	-66.22	51.14	24.573	13.693	-46.400	-0.64697	-0.44580	0.38501	-0.48410	25.5	null	null	13113	75
2026-05-27T14:13:05.531	WT901BLE68(F3:F0:16:BF:DC:AE)	0.901	0.249	0.303	7.446	3.052	-0.427	37.85	-65.23	51.31	24.573	13.693	-46.400	-0.64697	-0.44580	0.38501	-0.48410	25.5	null	null	13113	75
2026-05-27T14:13:05.650	WT901BLE68(F3:F0:16:BF:DC:AE)	0.910	0.253	0.337	-4.211	-6.348	1.770	38.07	-65.51	51.32	24.573	13.693	-46.400	-0.64697	-0.44580	0.38501	-0.48410	25.5	null	null	13113	75
2026-05-27T14:13:05.739	WT901BLE68(F3:F0:16:BF:DC:AE)	0.908	0.241	0.365	-5.798	-4.578	3.845	37.84	-66.13	50.89	24.573	13.693	-46.400	-0.64697	-0.44580	0.38501	-0.48410	25.5	null	null	13113	75
2026-05-27T14:13:05.860	WT901BLE68(F3:F0:16:BF:DC:AE)	0.911	0.267	0.356	-3.906	-0.488	3.784	36.85	-66.48	51.60	24.573	13.693	-46.400	-0.64697	-0.44580	0.38501	-0.48410	25.5	null	null	13113	75
2026-05-27T14:13:05.949	WT901BLE68(F3:F0:16:BF:DC:AE)	0.921	0.262	0.343	-3.540	3.357	-3.296	36.02	-66.34	52.08	27.847	5.407	-48.800	-0.64697	-0.44580	0.38501	-0.48410	25.5	null	null	13113	75
2026-05-27T14:13:06.068	WT901BLE68(F3:F0:16:BF:DC:AE)	0.914	0.250	0.329	-3.723	4.517	-9.399	36.32	-65.56	51.49	27.847	5.407	-48.800	-0.64697	-0.44580	0.38501	-0.48410	25.5	null	null	13113	75
2026-05-27T14:13:06.159	WT901BLE68(F3:F0:16:BF:DC:AE)	0.905	0.235	0.324	-3.479	2.747	-10.254	37.21	-64.66	50.11	27.847	5.407	-48.800	-0.64981	-0.45905	0.34702	-0.49649	25.5	null	null	13113	75
2026-05-27T14:13:06.282	WT901BLE68(F3:F0:16:BF:DC:AE)	0.910	0.221	0.330	-1.404	0.916	-7.141	38.10	-64.08	48.76	27.847	5.407	-48.800	-0.64981	-0.45905	0.34702	-0.49649	25.5	null	null	13113	75
2026-05-27T14:13:06.342	WT901BLE68(F3:F0:16:BF:DC:AE)	0.916	0.227	0.322	3.601	-0.488	-3.296	38.83	-63.83	48.01	27.847	5.407	-48.800	-0.64981	-0.45905	0.34702	-0.49649	25.5	null	null	13113	75
2026-05-27T14:13:06.461	WT901BLE68(F3:F0:16:BF:DC:AE)	0.916	0.238	0.353	-1.038	-7.141	0.305	39.52	-64.17	47.33	27.847	5.407	-48.800	-0.64981	-0.45905	0.34702	-0.49649	25.5	null	null	13113	75
2026-05-27T14:13:06.551	WT901BLE68(F3:F0:16:BF:DC:AE)	0.928	0.233	0.401	-5.249	-6.226	5.310	39.35	-65.02	46.92	27.847	5.407	-48.800	-0.64981	-0.45905	0.34702	-0.49649	25.5	null	null	13113	75
2026-05-27T14:13:06.671	WT901BLE68(F3:F0:16:BF:DC:AE)	0.963	0.237	0.392	0.854	5.371	7.507	37.61	-65.46	48.34	27.847	5.407	-48.800	-0.64981	-0.45905	0.34702	-0.49649	25.5	null	null	13113	75
2026-05-27T14:13:06.769	WT901BLE68(F3:F0:16:BF:DC:AE)	0.931	0.240	0.314	9.460	15.442	1.831	35.75	-64.74	51.13	27.847	5.407	-48.800	-0.64981	-0.45905	0.34702	-0.49649	25.5	null	null	13113	75
2026-05-27T14:13:06.881	WT901BLE68(F3:F0:16:BF:DC:AE)	0.849	0.251	0.290	-1.648	1.099	17.273	33.86	-64.50	53.76	29.200	8.260	-47.487	-0.64981	-0.45905	0.34702	-0.49649	25.5	null	null	13113	75
2026-05-27T14:13:06.938	WT901BLE68(F3:F0:16:BF:DC:AE)	0.917	0.254	0.308	18.188	8.972	10.986	31.15	-65.25	57.15	29.200	8.260	-47.487	-0.64981	-0.45905	0.34702	-0.49649	25.5	null	null	13113	75
2026-05-27T14:13:07.057	WT901BLE68(F3:F0:16:BF:DC:AE)	0.896	0.285	0.273	13.123	4.822	-9.094	32.79	-64.47	57.84	29.200	8.260	-47.487	-0.63928	-0.45053	0.34134	-0.52127	25.5	null	null	13113	75
2026-05-27T14:13:07.151	WT901BLE68(F3:F0:16:BF:DC:AE)	0.875	0.229	0.287	7.690	-7.324	-3.784	35.68	-64.31	55.55	29.200	8.260	-47.487	-0.63928	-0.45053	0.34134	-0.52127	25.5	null	null	13113	75
2026-05-27T14:13:07.274	WT901BLE68(F3:F0:16:BF:DC:AE)	0.908	0.247	0.318	12.329	-11.169	10.071	37.35	-65.52	54.62	29.200	8.260	-47.487	-0.63928	-0.45053	0.34134	-0.52127	25.5	null	null	13113	75
2026-05-27T14:13:07.360	WT901BLE68(F3:F0:16:BF:DC:AE)	0.935	0.271	0.306	21.484	-7.751	13.123	38.41	-66.98	55.32	29.200	8.260	-47.487	-0.63928	-0.45053	0.34134	-0.52127	25.5	null	null	13113	75
2026-05-27T14:13:07.482	WT901BLE68(F3:F0:16:BF:DC:AE)	0.936	0.306	0.299	14.343	-11.230	18.188	38.88	-68.60	56.81	29.200	8.260	-47.487	-0.63928	-0.45053	0.34134	-0.52127	25.5	null	null	13113	75
2026-05-27T14:13:07.569	WT901BLE68(F3:F0:16:BF:DC:AE)	0.928	0.325	0.319	0.916	-12.573	17.883	38.11	-70.53	58.41	29.200	8.260	-47.487	-0.63928	-0.45053	0.34134	-0.52127	25.5	null	null	13113	75
2026-05-27T14:13:07.692	WT901BLE68(F3:F0:16:BF:DC:AE)	0.913	0.334	0.327	-6.775	-5.249	6.531	37.14	-71.58	59.14	29.200	8.260	-47.487	-0.63928	-0.45053	0.34134	-0.52127	25.5	null	null	13113	75
2026-05-27T14:13:07.750	WT901BLE68(F3:F0:16:BF:DC:AE)	0.927	0.353	0.299	-15.076	2.747	-7.080	37.07	-71.09	58.29	30.400	-3.113	-55.540	-0.63928	-0.45053	0.34134	-0.52127	25.5	null	null	13113	75
2026-05-27T14:13:07.870	WT901BLE68(F3:F0:16:BF:DC:AE)	0.974	0.321	0.302	-18.494	9.705	-27.039	38.77	-69.19	54.74	30.400	-3.113	-55.540	-0.63928	-0.45053	0.34134	-0.52127	25.5	null	null	13113	75
2026-05-27T14:13:08.027	WT901BLE68(F3:F0:16:BF:DC:AE)	0.970	0.273	0.300	-11.353	18.066	-41.809	42.11	-65.53	49.73	30.400	-3.113	-55.540	-0.61328	-0.48752	0.34393	-0.51749	25.5	null	null	13113	75
2026-05-27T14:13:08.079	WT901BLE68(F3:F0:16:BF:DC:AE)	0.908	0.234	0.283	-13.245	16.113	-32.166	44.25	-61.77	46.02	30.400	-3.113	-55.540	-0.61328	-0.48752	0.34393	-0.51749	25.5	null	null	13113	75
2026-05-27T14:13:08.170	WT901BLE68(F3:F0:16:BF:DC:AE)	0.892	0.208	0.268	1.831	13.794	-7.813	43.94	-59.86	45.29	30.400	-3.113	-55.540	-0.61328	-0.48752	0.34393	-0.51749	25.5	null	null	13113	75
2026-05-27T14:13:08.292	WT901BLE68(F3:F0:16:BF:DC:AE)	0.885	0.250	0.247	17.822	6.348	8.118	43.50	-59.74	46.87	30.400	-3.113	-55.540	-0.61328	-0.48752	0.34393	-0.51749	25.5	null	null	13113	75
2026-05-27T14:13:08.349	WT901BLE68(F3:F0:16:BF:DC:AE)	0.890	0.257	0.270	14.648	-8.362	19.958	43.36	-61.40	48.42	30.400	-3.113	-55.540	-0.61328	-0.48752	0.34393	-0.51749	25.5	null	null	13113	75
2026-05-27T14:13:08.472	WT901BLE68(F3:F0:16:BF:DC:AE)	0.895	0.263	0.295	19.165	-14.221	28.137	43.12	-64.28	50.30	30.400	-3.113	-55.540	-0.61328	-0.48752	0.34393	-0.51749	25.5	null	null	13113	75
2026-05-27T14:13:08.559	WT901BLE68(F3:F0:16:BF:DC:AE)	0.940	0.303	0.314	16.602	-18.555	30.029	42.85	-67.47	52.67	30.400	-3.113	-55.540	-0.61328	-0.48752	0.34393	-0.51749	25.5	null	null	13113	75
2026-05-27T14:13:08.683	WT901BLE68(F3:F0:16:BF:DC:AE)	0.954	0.316	0.355	-3.418	-18.860	24.475	41.51	-70.60	54.68	29.727	-0.193	-52.640	-0.61328	-0.48752	0.34393	-0.51749	25.5	null	null	13113	75
2026-05-27T14:13:08.768	WT901BLE68(F3:F0:16:BF:DC:AE)	0.923	0.310	0.370	-11.658	-6.470	11.292	39.20	-72.24	56.20	29.727	-0.193	-52.640	-0.61328	-0.48752	0.34393	-0.51749	25.5	null	null	13113	75
2026-05-27T14:13:08.889	WT901BLE68(F3:F0:16:BF:DC:AE)	0.913	0.333	0.336	-13.977	7.019	-3.662	37.14	-71.75	57.34	29.727	-0.193	-52.640	-0.58038	-0.49628	0.36438	-0.53290	25.5	null	null	13113	75
2026-05-27T14:13:08.981	WT901BLE68(F3:F0:16:BF:DC:AE)	0.941	0.313	0.317	-24.170	15.320	-26.306	37.32	-69.32	55.27	29.727	-0.193	-52.640	-0.58038	-0.49628	0.36438	-0.53290	25.5	null	null	13113	75
2026-05-27T14:13:09.099	WT901BLE68(F3:F0:16:BF:DC:AE)	0.975	0.262	0.305	-16.602	24.597	-46.265	39.69	-65.10	50.68	29.727	-0.193	-52.640	-0.58038	-0.49628	0.36438	-0.53290	25.5	null	null	13113	75
2026-05-27T14:13:09.160	WT901BLE68(F3:F0:16:BF:DC:AE)	0.922	0.225	0.262	-7.263	24.292	-50.171	42.79	-60.05	46.08	29.727	-0.193	-52.640	-0.58038	-0.49628	0.36438	-0.53290	25.5	null	null	13113	75
2026-05-27T14:13:09.281	WT901BLE68(F3:F0:16:BF:DC:AE)	0.863	0.205	0.245	-8.972	6.042	-25.330	44.58	-57.06	42.74	29.727	-0.193	-52.640	-0.58038	-0.49628	0.36438	-0.53290	25.5	null	null	13113	75
2026-05-27T14:13:09.370	WT901BLE68(F3:F0:16:BF:DC:AE)	0.885	0.209	0.274	-4.822	-12.268	7.263	44.73	-57.85	41.19	29.727	-0.193	-52.640	-0.58038	-0.49628	0.36438	-0.53290	25.5	null	null	13113	75
2026-05-27T14:13:09.492	WT901BLE68(F3:F0:16:BF:DC:AE)	0.931	0.224	0.312	7.019	-18.127	28.137	44.01	-61.06	41.81	29.727	-0.193	-52.640	-0.58038	-0.49628	0.36438	-0.53290	25.5	null	null	13113	75
2026-05-27T14:13:09.581	WT901BLE68(F3:F0:16:BF:DC:AE)	0.950	0.257	0.337	13.550	-16.602	35.217	42.46	-64.90	44.68	26.693	11.107	-47.193	-0.58038	-0.49628	0.36438	-0.53290	25.5	null	null	13113	75
2026-05-27T14:13:09.701	WT901BLE68(F3:F0:16:BF:DC:AE)	0.947	0.284	0.345	13.245	-12.756	32.959	39.86	-68.22	49.03	26.693	11.107	-47.193	-0.58038	-0.49628	0.36438	-0.53290	25.5	null	null	13113	75
2026-05-27T14:13:09.758	WT901BLE68(F3:F0:16:BF:DC:AE)	0.920	0.302	0.345	5.432	-9.888	23.743	36.78	-70.56	53.38	26.693	11.107	-47.193	-0.61752	-0.47617	0.36935	-0.50537	25.5	null	null	13113	75
2026-05-27T14:13:09.882	WT901BLE68(F3:F0:16:BF:DC:AE)	0.903	0.320	0.349	-3.967	-5.188	10.071	34.58	-71.64	56.00	26.693	11.107	-47.193	-0.61752	-0.47617	0.36935	-0.50537	25.5	null	null	13113	75
2026-05-27T14:13:09.971	WT901BLE68(F3:F0:16:BF:DC:AE)	0.925	0.298	0.343	-8.423	3.540	-10.132	34.78	-71.09	55.28	26.693	11.107	-47.193	-0.61752	-0.47617	0.36935	-0.50537	25.5	null	null	13113	75
2026-05-27T14:13:10.091	WT901BLE68(F3:F0:16:BF:DC:AE)	0.960	0.260	0.329	-7.324	13.245	-26.855	37.29	-68.77	52.01	26.693	11.107	-47.193	-0.61752	-0.47617	0.36935	-0.50537	25.5	null	null	13113	75
2026-05-27T14:13:10.181	WT901BLE68(F3:F0:16:BF:DC:AE)	0.955	0.228	0.318	-1.404	19.592	-38.025	40.56	-65.15	48.04	26.693	11.107	-47.193	-0.61752	-0.47617	0.36935	-0.50537	25.5	null	null	13113	75
2026-05-27T14:13:10.302	WT901BLE68(F3:F0:16:BF:DC:AE)	0.888	0.191	0.262	-6.165	6.409	-20.813	43.02	-62.14	44.97	26.693	11.107	-47.193	-0.61752	-0.47617	0.36935	-0.50537	25.5	null	null	13113	75
2026-05-27T14:13:10.359	WT901BLE68(F3:F0:16:BF:DC:AE)	0.883	0.219	0.282	-2.563	-5.554	1.465	43.73	-61.72	43.54	26.693	11.107	-47.193	-0.61752	-0.47617	0.36935	-0.50537	25.5	null	null	13113	75
2026-05-27T14:13:10.513	WT901BLE68(F3:F0:16:BF:DC:AE)	0.908	0.247	0.319	-5.310	-14.526	19.409	43.03	-63.54	43.64	26.693	11.107	-47.193	-0.61752	-0.47617	0.36935	-0.50537	25.5	null	null	13113	75
2026-05-27T14:13:10.570	WT901BLE68(F3:F0:16:BF:DC:AE)	0.941	0.277	0.345	3.052	-12.024	20.630	41.29	-66.20	45.35	26.693	11.107	-47.193	-0.61752	-0.47617	0.36935	-0.50537	25.5	null	null	13113	75
2026-05-27T14:13:10.690	WT901BLE68(F3:F0:16:BF:DC:AE)	0.940	0.296	0.334	3.357	-4.944	8.850	40.24	-67.85	47.05	26.693	11.107	-47.193	-0.61752	-0.47617	0.36935	-0.50537	25.5	null	null	13113	75
2026-05-27T14:13:10.777	WT901BLE68(F3:F0:16:BF:DC:AE)	0.917	0.311	0.325	4.883	4.333	1.465	39.86	-68.01	48.08	26.693	11.107	-47.193	-0.61752	-0.47617	0.36935	-0.50537	25.5	null	null	13113	75
2026-05-27T14:13:10.898	WT901BLE68(F3:F0:16:BF:DC:AE)	0.916	0.274	0.368	11.047	10.376	-1.831	39.46	-67.19	49.47	26.693	11.107	-47.193	-0.61752	-0.47617	0.36935	-0.50537	25.5	null	null	13113	75
2026-05-27T14:13:10.992	WT901BLE68(F3:F0:16:BF:DC:AE)	0.928	0.251	0.347	8.728	10.071	-5.737	39.35	-66.09	50.55	26.887	4.960	-50.700	-0.61752	-0.47617	0.36935	-0.50537	25.5	null	null	13113	75
2026-05-27T14:13:11.141	WT901BLE68(F3:F0:16:BF:DC:AE)	0.928	0.227	0.289	7.324	9.766	-5.859	39.75	-64.90	50.96	26.887	4.960	-50.700	-0.61752	-0.47617	0.36935	-0.50537	25.5	null	null	13113	75
2026-05-27T14:13:11.170	WT901BLE68(F3:F0:16:BF:DC:AE)	0.917	0.223	0.265	15.686	9.033	-1.038	40.07	-64.03	51.76	26.887	4.960	-50.700	-0.63788	-0.47809	0.32291	-0.51007	25.5	null	null	13113	75
2026-05-27T14:13:11.292	WT901BLE68(F3:F0:16:BF:DC:AE)	0.902	0.248	0.254	15.320	0.061	9.766	40.35	-64.11	53.15	26.887	4.960	-50.700	-0.63788	-0.47809	0.32291	-0.51007	25.5	null	null	13113	75
2026-05-27T14:13:11.379	WT901BLE68(F3:F0:16:BF:DC:AE)	0.906	0.271	0.255	9.277	-10.803	17.578	40.22	-65.58	54.56	26.887	4.960	-50.700	-0.63788	-0.47809	0.32291	-0.51007	25.5	null	null	13113	75
2026-05-27T14:13:11.503	WT901BLE68(F3:F0:16:BF:DC:AE)	0.924	0.287	0.265	0.977	-19.043	20.020	39.79	-68.03	55.51	26.887	4.960	-50.700	-0.63788	-0.47809	0.32291	-0.51007	25.5	null	null	13113	75
2026-05-27T14:13:11.591	WT901BLE68(F3:F0:16:BF:DC:AE)	0.920	0.307	0.304	-6.958	-20.447	20.325	39.20	-70.79	55.98	26.887	4.960	-50.700	-0.63788	-0.47809	0.32291	-0.51007	25.5	null	null	13113	75
2026-05-27T14:13:11.712	WT901BLE68(F3:F0:16:BF:DC:AE)	0.912	0.330	0.331	-17.273	-14.343	13.733	37.86	-72.91	56.35	26.887	4.960	-50.700	-0.63788	-0.47809	0.32291	-0.51007	25.5	null	null	13113	75
2026-05-27T14:13:11.769	WT901BLE68(F3:F0:16:BF:DC:AE)	0.978	0.344	0.344	-25.024	-0.122	-0.854	35.91	-73.50	56.37	26.887	4.960	-50.700	-0.63788	-0.47809	0.32291	-0.51007	25.5	null	null	13113	75
2026-05-27T14:13:11.922	WT901BLE68(F3:F0:16:BF:DC:AE)	0.974	0.333	0.313	-18.188	20.508	-33.081	37.08	-71.03	53.48	28.513	-1.493	-57.033	-0.63788	-0.47809	0.32291	-0.51007	25.5	null	null	13113	75
2026-05-27T14:13:11.980	WT901BLE68(F3:F0:16:BF:DC:AE)	1.001	0.361	0.290	-14.526	32.410	-58.533	40.44	-65.95	48.19	28.513	-1.493	-57.033	-0.63788	-0.47809	0.32291	-0.51007	25.5	null	null	13113	75
2026-05-27T14:13:12.100	WT901BLE68(F3:F0:16:BF:DC:AE)	0.883	0.321	0.269	-15.381	28.198	-61.462	44.49	-59.40	42.23	28.513	-1.493	-57.033	-0.66232	-0.47287	0.32782	-0.47974	25.5	null	null	13113	75
2026-05-27T14:13:12.190	WT901BLE68(F3:F0:16:BF:DC:AE)	0.841	0.276	0.262	-11.292	15.869	-34.180	46.01	-54.87	38.40	28.513	-1.493	-57.033	-0.66232	-0.47287	0.32782	-0.47974	25.5	null	null	13113	75
2026-05-27T14:13:12.311	WT901BLE68(F3:F0:16:BF:DC:AE)	0.839	0.271	0.254	-2.502	-1.343	-0.183	46.30	-53.77	36.87	28.513	-1.493	-57.033	-0.66232	-0.47287	0.32782	-0.47974	25.5	null	null	13113	75
2026-05-27T14:13:12.402	WT901BLE68(F3:F0:16:BF:DC:AE)	0.860	0.279	0.266	-1.038	-19.653	26.794	45.89	-56.17	36.70	28.513	-1.493	-57.033	-0.66232	-0.47287	0.32782	-0.47974	25.5	null	null	13113	75
2026-05-27T14:13:12.522	WT901BLE68(F3:F0:16:BF:DC:AE)	0.908	0.295	0.292	0.977	-31.982	46.570	44.63	-61.16	37.79	28.513	-1.493	-57.033	-0.66232	-0.47287	0.32782	-0.47974	25.5	null	null	13113	75
2026-05-27T14:13:12.579	WT901BLE68(F3:F0:16:BF:DC:AE)	0.950	0.317	0.324	5.615	-31.311	49.316	42.29	-67.01	40.72	28.513	-1.493	-57.033	-0.66232	-0.47287	0.32782	-0.47974	25.5	null	null	13113	75
2026-05-27T14:13:12.702	WT901BLE68(F3:F0:16:BF:DC:AE)	0.966	0.337	0.351	14.221	-17.761	31.128	39.53	-71.39	44.92	28.513	-1.493	-57.033	-0.66232	-0.47287	0.32782	-0.47974	25.5	null	null	13113	75
2026-05-27T14:13:12.788	WT901BLE68(F3:F0:16:BF:DC:AE)	0.930	0.332	0.348	13.062	-1.160	5.981	38.70	-72.75	47.58	28.027	5.680	-54.233	-0.66232	-0.47287	0.32782	-0.47974	25.5	null	null	13113	75
2026-05-27T14:13:12.911	WT901BLE68(F3:F0:16:BF:DC:AE)	0.942	0.302	0.323	10.315	11.780	-10.559	39.61	-71.63	48.04	28.027	5.680	-54.233	-0.66232	-0.47287	0.32782	-0.47974	25.5	null	null	13113	75
2026-05-27T14:13:13.001	WT901BLE68(F3:F0:16:BF:DC:AE)	0.939	0.281	0.287	12.695	20.752	-26.917	41.92	-68.72	47.18	28.027	5.680	-54.233	-0.61945	-0.47766	0.38062	-0.49310	25.5	null	null	13113	75
2026-05-27T14:13:13.121	WT901BLE68(F3:F0:16:BF:DC:AE)	0.909	0.249	0.259	1.648	15.381	-26.733	44.52	-65.35	45.23	28.027	5.680	-54.233	-0.61945	-0.47766	0.38062	-0.49310	25.5	null	null	13113	75
2026-05-27T14:13:13.183	WT901BLE68(F3:F0:16:BF:DC:AE)	0.892	0.231	0.253	-2.686	4.944	-11.414	45.66	-63.52	43.75	28.027	5.680	-54.233	-0.61945	-0.47766	0.38062	-0.49310	25.5	null	null	13113	75
2026-05-27T14:13:13.332	WT901BLE68(F3:F0:16:BF:DC:AE)	0.916	0.245	0.272	-3.784	-4.272	4.395	45.55	-63.70	43.35	28.027	5.680	-54.233	-0.61945	-0.47766	0.38062	-0.49310	25.5	null	null	13113	75
2026-05-27T14:13:13.390	WT901BLE68(F3:F0:16:BF:DC:AE)	0.930	0.261	0.298	-2.686	-8.118	13.062	44.63	-65.09	43.88	28.027	5.680	-54.233	-0.61945	-0.47766	0.38062	-0.49310	25.5	null	null	13113	75
2026-05-27T14:13:13.509	WT901BLE68(F3:F0:16:BF:DC:AE)	0.940	0.268	0.323	-2.380	-6.470	13.855	43.15	-66.71	45.15	28.027	5.680	-54.233	-0.61945	-0.47766	0.38062	-0.49310	25.5	null	null	13113	75
2026-05-27T14:13:13.599	WT901BLE68(F3:F0:16:BF:DC:AE)	0.936	0.269	0.331	2.136	-0.305	10.437	41.46	-67.69	47.08	28.027	5.680	-54.233	-0.61945	-0.47766	0.38062	-0.49310	25.5	null	null	13113	75
2026-05-27T14:13:13.721	WT901BLE68(F3:F0:16:BF:DC:AE)	0.935	0.264	0.326	4.456	4.578	5.798	39.89	-67.87	49.28	26.460	4.727	-51.280	-0.61945	-0.47766	0.38062	-0.49310	25.5	null	null	13113	75
2026-05-27T14:13:13.809	WT901BLE68(F3:F0:16:BF:DC:AE)	0.935	0.241	0.311	6.165	6.531	2.563	38.69	-67.59	51.22	26.460	4.727	-51.280	-0.61945	-0.47766	0.38062	-0.49310	25.5	null	null	13113	75
2026-05-27T14:13:13.930	WT901BLE68(F3:F0:16:BF:DC:AE)	0.912	0.237	0.299	5.371	5.310	2.991	37.97	-67.18	52.83	26.460	4.727	-51.280	-0.62668	-0.47522	0.35181	-0.50748	25.5	null	null	13113	75
2026-05-27T14:13:13.990	WT901BLE68(F3:F0:16:BF:DC:AE)	0.911	0.220	0.300	7.324	4.272	5.859	37.01	-67.16	54.62	26.460	4.727	-51.280	-0.62668	-0.47522	0.35181	-0.50748	25.5	null	null	13113	75
2026-05-27T14:13:14.109	WT901BLE68(F3:F0:16:BF:DC:AE)	0.903	0.191	0.313	23.926	7.141	5.188	36.79	-67.02	56.67	26.460	4.727	-51.280	-0.62668	-0.47522	0.35181	-0.50748	25.5	null	null	13113	75
2026-05-27T14:13:14.201	WT901BLE68(F3:F0:16:BF:DC:AE)	0.920	0.255	0.307	27.588	3.296	11.841	37.18	-67.04	59.78	26.460	4.727	-51.280	-0.62668	-0.47522	0.35181	-0.50748	25.5	null	null	13113	75
2026-05-27T14:13:14.350	WT901BLE68(F3:F0:16:BF:DC:AE)	0.898	0.262	0.311	1.709	-9.399	10.132	36.87	-68.02	61.46	26.460	4.727	-51.280	-0.62668	-0.47522	0.35181	-0.50748	25.5	null	null	13113	75
2026-05-27T14:13:14.409	WT901BLE68(F3:F0:16:BF:DC:AE)	0.902	0.282	0.313	-12.695	-18.921	8.972	36.66	-69.63	61.17	26.460	4.727	-51.280	-0.62668	-0.47522	0.35181	-0.50748	25.5	null	null	13113	75
2026-05-27T14:13:14.533	WT901BLE68(F3:F0:16:BF:DC:AE)	0.926	0.285	0.338	-35.217	-24.841	2.625	37.08	-71.50	58.14	26.460	4.727	-51.280	-0.62668	-0.47522	0.35181	-0.50748	25.5	null	null	13113	75
2026-05-27T14:13:14.590	WT901BLE68(F3:F0:16:BF:DC:AE)	0.944	0.281	0.348	-35.400	-12.634	-10.254	38.14	-72.26	53.53	26.020	-3.627	-53.533	-0.62668	-0.47522	0.35181	-0.50748	25.5	null	null	13113	75
2026-05-27T14:13:14.742	WT901BLE68(F3:F0:16:BF:DC:AE)	0.957	0.272	0.327	-36.804	-0.732	-23.254	39.92	-71.04	48.24	26.020	-3.627	-53.533	-0.62668	-0.47522	0.35181	-0.50748	25.5	null	null	13113	75
2026-05-27T14:13:14.797	WT901BLE68(F3:F0:16:BF:DC:AE)	0.982	0.236	0.315	-34.424	12.024	-32.104	40.92	-68.48	43.51	26.020	-3.627	-53.533	-0.63422	-0.46906	0.38492	-0.47903	25.5	null	null	13113	75
2026-05-27T14:13:14.921	WT901BLE68(F3:F0:16:BF:DC:AE)	0.958	0.202	0.277	-17.639	25.574	-38.635	41.43	-64.55	40.36	26.020	-3.627	-53.533	-0.63422	-0.46906	0.38492	-0.47903	25.5	null	null	13113	75
2026-05-27T14:13:15.011	WT901BLE68(F3:F0:16:BF:DC:AE)	0.900	0.214	0.234	-8.423	20.264	-30.762	42.10	-60.86	38.31	26.020	-3.627	-53.533	-0.63422	-0.46906	0.38492	-0.47903	25.5	null	null	13113	75
2026-05-27T14:13:15.162	WT901BLE68(F3:F0:16:BF:DC:AE)	0.903	0.249	0.238	-4.028	1.404	-7.996	42.60	-59.60	36.86	26.020	-3.627	-53.533	-0.63422	-0.46906	0.38492	-0.47903	25.5	null	null	13113	75
2026-05-27T14:13:15.219	WT901BLE68(F3:F0:16:BF:DC:AE)	0.867	0.292	0.276	-7.019	-12.634	-2.319	43.49	-60.51	35.08	26.020	-3.627	-53.533	-0.63422	-0.46906	0.38492	-0.47903	25.5	null	null	13113	75
2026-05-27T14:13:15.342	WT901BLE68(F3:F0:16:BF:DC:AE)	0.891	0.292	0.295	1.221	-13.428	5.371	44.64	-61.95	33.15	26.020	-3.627	-53.533	-0.63422	-0.46906	0.38492	-0.47903	25.5	null	null	13113	75
2026-05-27T14:13:15.399	WT901BLE68(F3:F0:16:BF:DC:AE)	0.898	0.324	0.295	5.005	-13.550	9.460	45.82	-63.62	32.27	26.020	-3.627	-53.533	-0.63422	-0.46906	0.38492	-0.47903	25.5	null	null	13113	75
2026-05-27T14:13:15.520	WT901BLE68(F3:F0:16:BF:DC:AE)	0.896	0.334	0.298	1.465	-10.437	6.165	47.00	-65.04	31.37	23.480	18.013	-47.993	-0.63422	-0.46906	0.38492	-0.47903	25.5	null	null	13113	75
2026-05-27T14:13:15.614	WT901BLE68(F3:F0:16:BF:DC:AE)	1.001	0.312	0.254	19.348	3.052	11.780	46.93	-65.88	32.23	23.480	18.013	-47.993	-0.63422	-0.46906	0.38492	-0.47903	25.5	null	null	13113	75
2026-05-27T14:13:15.729	WT901BLE68(F3:F0:16:BF:DC:AE)	0.893	0.351	0.191	26.978	3.540	10.010	47.73	-66.18	34.76	23.480	18.013	-47.993	-0.67609	-0.46219	0.38400	-0.42624	25.5	null	null	13113	75
2026-05-27T14:13:15.825	WT901BLE68(F3:F0:16:BF:DC:AE)	0.920	0.330	0.219	14.465	-6.348	20.630	48.08	-67.66	36.34	23.480	18.013	-47.993	-0.67609	-0.46219	0.38400	-0.42624	25.5	null	null	13113	75
2026-05-27T14:13:15.940	WT901BLE68(F3:F0:16:BF:DC:AE)	0.956	0.337	0.239	20.752	-1.099	23.315	47.00	-69.66	39.55	23.480	18.013	-47.993	-0.67609	-0.46219	0.38400	-0.42624	25.5	null	null	13113	75
2026-05-27T14:13:15.999	WT901BLE68(F3:F0:16:BF:DC:AE)	0.919	0.324	0.227	17.761	4.517	16.235	45.43	-70.74	43.32	23.480	18.013	-47.993	-0.67609	-0.46219	0.38400	-0.42624	25.5	null	null	13113	75
2026-05-27T14:13:16.124	WT901BLE68(F3:F0:16:BF:DC:AE)	0.938	0.326	0.229	7.141	6.165	18.738	42.83	-71.37	47.64	23.480	18.013	-47.993	-0.67609	-0.46219	0.38400	-0.42624	25.5	null	null	13113	75
2026-05-27T14:13:16.211	WT901BLE68(F3:F0:16:BF:DC:AE)	1.042	0.273	0.250	25.696	16.663	12.756	39.19	-71.44	52.94	23.480	18.013	-47.993	-0.67609	-0.46219	0.38400	-0.42624	25.5	null	null	13113	75
2026-05-27T14:13:16.332	WT901BLE68(F3:F0:16:BF:DC:AE)	0.887	0.328	0.296	53.955	25.085	3.113	38.31	-70.22	59.32	23.480	18.013	-47.993	-0.67609	-0.46219	0.38400	-0.42624	25.5	null	null	13113	75
2026-05-27T14:13:16.422	WT901BLE68(F3:F0:16:BF:DC:AE)	0.969	0.147	0.341	-5.371	15.137	-17.456	39.16	-68.24	60.29	28.593	-3.847	-50.220	-0.67609	-0.46219	0.38400	-0.42624	25.5	null	null	13113	75
2026-05-27T14:13:16.541	WT901BLE68(F3:F0:16:BF:DC:AE)	0.934	0.108	0.323	4.333	15.930	-5.615	39.13	-66.11	60.50	28.593	-3.847	-50.220	-0.67609	-0.46219	0.38400	-0.42624	25.5	null	null	13113	75
2026-05-27T14:13:16.631	WT901BLE68(F3:F0:16:BF:DC:AE)	0.903	0.144	0.303	-3.906	0.793	12.329	37.00	-65.63	63.07	28.593	-3.847	-50.220	-0.59106	-0.49896	0.29852	-0.55896	25.5	null	null	13113	75
2026-05-27T14:13:16.749	WT901BLE68(F3:F0:16:BF:DC:AE)	0.915	0.127	0.333	-8.972	-12.939	28.137	32.81	-67.48	66.67	28.593	-3.847	-50.220	-0.59106	-0.49896	0.29852	-0.55896	25.5	null	null	13113	75
2026-05-27T14:13:16.813	WT901BLE68(F3:F0:16:BF:DC:AE)	0.929	0.115	0.364	-16.968	-19.287	32.654	26.03	-70.53	72.63	28.593	-3.847	-50.220	-0.59106	-0.49896	0.29852	-0.55896	25.5	null	null	13113	75
2026-05-27T14:13:16.930	WT901BLE68(F3:F0:16:BF:DC:AE)	0.935	0.083	0.333	-7.507	-12.634	30.518	17.58	-73.01	80.19	28.593	-3.847	-50.220	-0.59106	-0.49896	0.29852	-0.55896	25.5	null	null	13113	75
2026-05-27T14:13:17.020	WT901BLE68(F3:F0:16:BF:DC:AE)	0.937	0.074	0.294	-5.310	-7.141	21.240	8.79	-74.36	89.10	28.593	-3.847	-50.220	-0.59106	-0.49896	0.29852	-0.55896	25.5	null	null	13113	75
2026-05-27T14:13:17.142	WT901BLE68(F3:F0:16:BF:DC:AE)	0.948	0.041	0.266	-1.953	-2.686	6.470	4.09	-74.78	94.18	28.593	-3.847	-50.220	-0.59106	-0.49896	0.29852	-0.55896	25.5	null	null	13113	75
2026-05-27T14:13:17.231	WT901BLE68(F3:F0:16:BF:DC:AE)	0.967	0.013	0.236	0.244	-1.831	1.221	3.23	-74.90	95.47	28.593	-3.847	-50.220	-0.59106	-0.49896	0.29852	-0.55896	25.5	null	null	13113	75
2026-05-27T14:13:17.351	WT901BLE68(F3:F0:16:BF:DC:AE)	0.971	-0.000	0.228	-1.221	-5.249	0.793	3.26	-75.25	95.87	27.080	-15.647	-49.307	-0.59106	-0.49896	0.29852	-0.55896	25.5	null	null	13113	75
2026-05-27T14:13:17.409	WT901BLE68(F3:F0:16:BF:DC:AE)	0.975	-0.009	0.241	-1.099	-7.324	3.967	2.29	-75.94	97.19	27.080	-15.647	-49.307	-0.59106	-0.49896	0.29852	-0.55896	25.5	null	null	13113	75
2026-05-27T14:13:17.531	WT901BLE68(F3:F0:16:BF:DC:AE)	0.974	-0.008	0.260	-4.639	-6.897	5.310	-0.16	-76.65	99.83	27.080	-15.647	-49.307	-0.50952	-0.47281	0.39691	-0.59933	25.5	null	null	13113	75
2026-05-27T14:13:17.621	WT901BLE68(F3:F0:16:BF:DC:AE)	0.953	-0.006	0.258	-14.893	-7.141	3.845	-3.44	-77.30	102.44	27.080	-15.647	-49.307	-0.50952	-0.47281	0.39691	-0.59933	25.5	null	null	13113	75
2026-05-27T14:13:17.740	WT901BLE68(F3:F0:16:BF:DC:AE)	0.972	0.011	0.252	-9.521	0.977	-4.089	-4.92	-77.50	103.09	27.080	-15.647	-49.307	-0.50952	-0.47281	0.39691	-0.59933	25.5	null	null	13113	75
2026-05-27T14:13:17.834	WT901BLE68(F3:F0:16:BF:DC:AE)	0.994	0.018	0.228	-7.507	6.897	-16.541	-1.03	-77.06	98.61	27.080	-15.647	-49.307	-0.50952	-0.47281	0.39691	-0.59933	25.5	null	null	13113	75
2026-05-27T14:13:17.950	WT901BLE68(F3:F0:16:BF:DC:AE)	0.966	-0.029	0.192	11.963	12.695	-18.066	6.87	-75.97	90.80	27.080	-15.647	-49.307	-0.50952	-0.47281	0.39691	-0.59933	25.5	null	null	13113	75
2026-05-27T14:13:18.041	WT901BLE68(F3:F0:16:BF:DC:AE)	0.951	0.013	0.190	9.033	3.052	-8.606	11.91	-75.05	87.00	27.080	-15.647	-49.307	-0.50952	-0.47281	0.39691	-0.59933	25.5	null	null	13113	75
2026-05-27T14:13:18.159	WT901BLE68(F3:F0:16:BF:DC:AE)	1.000	-0.003	0.192	-0.549	-6.470	-5.066	14.18	-75.40	84.89	27.080	-15.647	-49.307	-0.50952	-0.47281	0.39691	-0.59933	25.5	null	null	13113	75
2026-05-27T14:13:18.220	WT901BLE68(F3:F0:16:BF:DC:AE)	0.996	-0.022	0.188	4.639	-8.728	2.502	15.12	-76.30	84.12	26.480	-10.333	-50.707	-0.50952	-0.47281	0.39691	-0.59933	25.5	null	null	13113	75
2026-05-27T14:13:18.341	WT901BLE68(F3:F0:16:BF:DC:AE)	0.991	-0.001	0.187	3.540	-13.977	11.597	12.62	-77.75	87.15	26.480	-10.333	-50.707	-0.50952	-0.47281	0.39691	-0.59933	25.5	null	null	13113	75
2026-05-27T14:13:18.429	WT901BLE68(F3:F0:16:BF:DC:AE)	0.991	-0.011	0.189	6.714	-12.695	16.174	6.36	-79.43	93.94	26.480	-10.333	-50.707	-0.50821	-0.49329	0.39697	-0.58368	25.5	null	null	13113	75
2026-05-27T14:13:18.550	WT901BLE68(F3:F0:16:BF:DC:AE)	0.978	0.001	0.187	5.859	-11.292	14.404	-1.89	-80.63	103.14	26.480	-10.333	-50.707	-0.50821	-0.49329	0.39697	-0.58368	25.5	null	null	13113	75
2026-05-27T14:13:18.672	WT901BLE68(F3:F0:16:BF:DC:AE)	0.968	0.000	0.186	5.676	-6.897	5.920	-8.03	-81.35	110.15	26.480	-10.333	-50.707	-0.50821	-0.49329	0.39697	-0.58368	25.5	null	null	13113	75
2026-05-27T14:13:18.760	WT901BLE68(F3:F0:16:BF:DC:AE)	0.960	0.006	0.173	5.249	-3.357	-5.798	-6.59	-81.67	109.51	26.480	-10.333	-50.707	-0.50821	-0.49329	0.39697	-0.58368	25.5	null	null	13113	75
2026-05-27T14:13:18.819	WT901BLE68(F3:F0:16:BF:DC:AE)	0.946	0.020	0.186	-1.343	-4.639	-12.268	0.95	-81.94	102.46	26.480	-10.333	-50.707	-0.50821	-0.49329	0.39697	-0.58368	25.5	null	null	13113	75
2026-05-27T14:13:18.941	WT901BLE68(F3:F0:16:BF:DC:AE)	1.002	0.035	0.208	-10.986	-0.793	-18.188	10.85	-81.95	91.68	26.480	-10.333	-50.707	-0.50821	-0.49329	0.39697	-0.58368	25.5	null	null	13113	75
2026-05-27T14:13:19.032	WT901BLE68(F3:F0:16:BF:DC:AE)	1.040	0.085	0.239	-12.146	9.460	-25.391	22.31	-80.68	79.01	26.480	-10.333	-50.707	-0.50821	-0.49329	0.39697	-0.58368	25.5	null	null	13113	75
2026-05-27T14:13:19.152	WT901BLE68(F3:F0:16:BF:DC:AE)	1.031	0.108	0.231	-6.104	27.222	-40.710	31.73	-77.31	68.33	23.593	-10.960	-57.380	-0.50821	-0.49329	0.39697	-0.58368	25.5	null	null	13113	75
2026-05-27T14:13:19.240	WT901BLE68(F3:F0:16:BF:DC:AE)	1.031	0.164	0.207	2.380	36.011	-50.354	38.30	-72.00	61.31	23.593	-10.960	-57.380	-0.50821	-0.49329	0.39697	-0.58368	25.5	null	null	13113	75
2026-05-27T14:13:19.363	WT901BLE68(F3:F0:16:BF:DC:AE)	0.936	0.198	0.180	11.292	37.048	-44.617	42.04	-66.46	57.67	23.593	-10.960	-57.380	-0.56885	-0.51077	0.33069	-0.55322	25.5	null	null	13113	75
2026-05-27T14:13:19.449	WT901BLE68(F3:F0:16:BF:DC:AE)	0.886	0.220	0.153	17.151	18.982	-14.893	44.03	-62.90	56.58	23.593	-10.960	-57.380	-0.56885	-0.51077	0.33069	-0.55322	25.5	null	null	13113	75
2026-05-27T14:13:19.573	WT901BLE68(F3:F0:16:BF:DC:AE)	0.893	0.278	0.165	2.380	-12.634	19.775	44.43	-63.73	56.74	23.593	-10.960	-57.380	-0.56885	-0.51077	0.33069	-0.55322	25.5	null	null	13113	75
2026-05-27T14:13:19.630	WT901BLE68(F3:F0:16:BF:DC:AE)	0.946	0.298	0.207	-3.479	-30.212	42.786	42.94	-68.23	57.69	23.593	-10.960	-57.380	-0.56885	-0.51077	0.33069	-0.55322	25.5	null	null	13113	75
2026-05-27T14:13:19.749	WT901BLE68(F3:F0:16:BF:DC:AE)	1.030	0.310	0.213	8.850	-24.780	35.522	40.63	-73.00	60.01	23.593	-10.960	-57.380	-0.56885	-0.51077	0.33069	-0.55322	25.5	null	null	13113	75
2026-05-27T14:13:19.842	WT901BLE68(F3:F0:16:BF:DC:AE)	0.946	0.362	0.242	4.211	-19.775	18.799	41.00	-76.03	60.99	23.593	-10.960	-57.380	-0.56885	-0.51077	0.33069	-0.55322	25.5	null	null	13113	75
2026-05-27T14:13:19.960	WT901BLE68(F3:F0:16:BF:DC:AE)	0.921	0.338	0.279	-7.324	-12.878	5.676	43.53	-77.35	58.08	23.593	-10.960	-57.380	-0.56885	-0.51077	0.33069	-0.55322	25.5	null	null	13113	75
2026-05-27T14:13:20.052	WT901BLE68(F3:F0:16:BF:DC:AE)	0.938	0.361	0.320	-13.489	-1.099	-11.353	46.18	-76.90	54.54	25.673	-7.067	-59.153	-0.56885	-0.51077	0.33069	-0.55322	25.5	null	null	13113	75
2026-05-27T14:13:20.171	WT901BLE68(F3:F0:16:BF:DC:AE)	1.012	0.301	0.313	-26.794	16.541	-41.870	49.03	-73.51	49.25	25.673	-7.067	-59.153	-0.56885	-0.51077	0.33069	-0.55322	25.5	null	null	13113	75
2026-05-27T14:13:20.260	WT901BLE68(F3:F0:16:BF:DC:AE)	0.987	0.229	0.255	-26.672	33.020	-54.260	49.92	-67.45	45.35	25.673	-7.067	-59.153	-0.58167	-0.52441	0.34357	-0.51816	25.5	null	null	13113	75
2026-05-27T14:13:20.354	WT901BLE68(F3:F0:16:BF:DC:AE)	0.944	0.237	0.204	-3.418	36.011	-38.086	48.76	-62.01	44.92	25.673	-7.067	-59.153	-0.58167	-0.52441	0.34357	-0.51816	25.5	null	null	13113	75
2026-05-27T14:13:20.442	WT901BLE68(F3:F0:16:BF:DC:AE)	0.893	0.261	0.178	-3.906	19.348	-15.076	47.79	-58.91	45.19	25.673	-7.067	-59.153	-0.58167	-0.52441	0.34357	-0.51816	25.5	null	null	13113	75
