time	DeviceName	AccX(g)	AccY(g)	AccZ(g)	AsX(°/s)	AsY(°/s)	AsZ(°/s)	AngleX(°)	AngleY(°)	AngleZ(°)	HX(uT)	HY(uT)	HZ(uT)	Q0()	Q1()	Q2()	Q3()	Temperature(°C)	Height(m)	Pressure(kPa)	Version()	Battery level(%)
2026-05-27T14:18:20.863	WT901BLE68(F3:F0:16:BF:DC:AE)	0.911	-0.382	0.113	0.366	-1.343	-5.188	-73.90	-67.85	135.62	22.640	6.100	-23.860	-0.55875	-0.23141	0.62512	-0.49332	25.7	null	null	13113	75
2026-05-27T14:18:20.954	WT901BLE68(F3:F0:16:BF:DC:AE)	0.910	-0.392	0.118	20.203	-3.479	-5.493	-72.97	-68.37	135.86	22.640	6.100	-23.860	-0.55875	-0.23141	0.62512	-0.49332	25.7	null	null	13113	75
2026-05-27T14:18:21.075	WT901BLE68(F3:F0:16:BF:DC:AE)	0.901	-0.514	0.094	114.380	-3.479	-4.822	-68.49	-68.73	136.54	22.640	6.100	-23.860	-0.55875	-0.23141	0.62512	-0.49332	25.7	null	null	13113	75
2026-05-27T14:18:21.129	WT901BLE68(F3:F0:16:BF:DC:AE)	0.910	-0.442	0.181	80.811	-15.503	13.794	-64.03	-68.25	140.81	22.640	6.100	-23.860	-0.55875	-0.23141	0.62512	-0.49332	25.7	null	null	13113	75
2026-05-27T14:18:21.252	WT901BLE68(F3:F0:16:BF:DC:AE)	0.941	-0.375	0.218	33.264	-3.174	28.625	-63.42	-66.29	145.37	22.640	6.100	-23.860	-0.55875	-0.23141	0.62512	-0.49332	25.7	null	null	13113	75
2026-05-27T14:18:21.341	WT901BLE68(F3:F0:16:BF:DC:AE)	0.957	-0.330	0.209	-4.028	12.268	33.264	-64.09	-63.15	146.68	22.640	6.100	-23.860	-0.55875	-0.23141	0.62512	-0.49332	25.7	null	null	13113	75
2026-05-27T14:18:21.457	WT901BLE68(F3:F0:16:BF:DC:AE)	0.896	-0.309	0.176	-2.808	8.118	21.790	-64.70	-60.44	146.65	22.640	6.100	-23.860	-0.55875	-0.23141	0.62512	-0.49332	25.6	null	null	13113	75
2026-05-27T14:18:21.554	WT901BLE68(F3:F0:16:BF:DC:AE)	0.865	-0.292	0.172	7.324	-3.357	-8.484	-64.17	-60.49	146.60	22.640	6.100	-23.860	-0.55875	-0.23141	0.62512	-0.49332	25.6	null	null	13113	75
2026-05-27T14:18:21.671	WT901BLE68(F3:F0:16:BF:DC:AE)	0.903	-0.339	0.171	-0.488	-6.775	-29.602	-62.82	-63.18	145.37	22.640	6.100	-23.860	-0.55875	-0.23141	0.62512	-0.49332	25.6	null	null	13113	75
2026-05-27T14:18:21.727	WT901BLE68(F3:F0:16:BF:DC:AE)	0.945	-0.379	0.180	-7.507	-7.263	-27.832	-61.67	-66.32	143.39	26.253	-0.613	-31.100	-0.55875	-0.23141	0.62512	-0.49332	25.6	null	null	13113	75
2026-05-27T14:18:21.854	WT901BLE68(F3:F0:16:BF:DC:AE)	0.927	-0.381	0.193	-7.324	-5.676	-14.832	-61.80	-68.31	142.17	26.253	-0.613	-31.100	-0.55875	-0.23141	0.62512	-0.49332	25.6	null	null	13113	75
2026-05-27T14:18:21.938	WT901BLE68(F3:F0:16:BF:DC:AE)	0.931	-0.356	0.203	-19.165	2.563	-7.507	-62.20	-69.11	140.83	26.253	-0.613	-31.100	-0.50583	-0.31836	0.55969	-0.57394	25.6	null	null	13113	75
2026-05-27T14:18:22.064	WT901BLE68(F3:F0:16:BF:DC:AE)	0.920	-0.367	0.171	-29.541	6.470	-2.991	-62.95	-69.02	138.36	26.253	-0.613	-31.100	-0.50583	-0.31836	0.55969	-0.57394	25.6	null	null	13113	75
2026-05-27T14:18:22.152	WT901BLE68(F3:F0:16:BF:DC:AE)	0.919	-0.366	0.174	-8.057	-1.526	-2.930	-64.08	-68.92	137.37	26.253	-0.613	-31.100	-0.50583	-0.31836	0.55969	-0.57394	25.6	null	null	13113	75
2026-05-27T14:18:22.275	WT901BLE68(F3:F0:16:BF:DC:AE)	0.917	-0.344	0.185	0.977	-1.343	1.770	-64.86	-68.87	137.71	26.253	-0.613	-31.100	-0.50583	-0.31836	0.55969	-0.57394	25.6	null	null	13113	75
2026-05-27T14:18:22.360	WT901BLE68(F3:F0:16:BF:DC:AE)	0.936	-0.357	0.169	-4.333	1.465	0.793	-64.82	-68.72	137.50	26.253	-0.613	-31.100	-0.50583	-0.31836	0.55969	-0.57394	25.6	null	null	13113	75
2026-05-27T14:18:22.480	WT901BLE68(F3:F0:16:BF:DC:AE)	0.920	-0.362	0.175	7.141	-0.366	4.150	-64.76	-68.46	137.47	26.253	-0.613	-31.100	-0.50583	-0.31836	0.55969	-0.57394	25.6	null	null	13113	75
2026-05-27T14:18:22.539	WT901BLE68(F3:F0:16:BF:DC:AE)	0.927	-0.349	0.170	6.714	1.953	6.470	-64.40	-67.81	137.71	23.067	5.013	-30.333	-0.50583	-0.31836	0.55969	-0.57394	25.6	null	null	13113	75
2026-05-27T14:18:22.661	WT901BLE68(F3:F0:16:BF:DC:AE)	0.917	-0.355	0.161	13.855	-1.038	5.798	-63.95	-67.14	138.01	23.067	5.013	-30.333	-0.50583	-0.31836	0.55969	-0.57394	25.6	null	null	13113	75
2026-05-27T14:18:22.752	WT901BLE68(F3:F0:16:BF:DC:AE)	0.921	-0.354	0.175	17.822	-3.967	5.005	-63.47	-66.80	139.18	23.067	5.013	-30.333	-0.50583	-0.31836	0.55969	-0.57394	25.6	null	null	13113	75
2026-05-27T14:18:22.873	WT901BLE68(F3:F0:16:BF:DC:AE)	0.925	-0.347	0.186	14.709	-2.930	6.165	-63.20	-66.48	140.45	23.067	5.013	-30.333	-0.51694	-0.28720	0.57358	-0.56671	25.6	null	null	13113	75
2026-05-27T14:18:22.959	WT901BLE68(F3:F0:16:BF:DC:AE)	0.922	-0.331	0.192	9.888	-0.488	4.333	-62.84	-66.10	141.21	23.067	5.013	-30.333	-0.51694	-0.28720	0.57358	-0.56671	25.6	null	null	13113	75
2026-05-27T14:18:23.083	WT901BLE68(F3:F0:16:BF:DC:AE)	0.927	-0.322	0.184	2.625	3.479	3.052	-62.19	-65.81	141.02	23.067	5.013	-30.333	-0.51694	-0.28720	0.57358	-0.56671	25.6	null	null	13113	75
2026-05-27T14:18:23.141	WT901BLE68(F3:F0:16:BF:DC:AE)	0.913	-0.312	0.163	-9.277	5.249	0.427	-61.70	-65.54	140.00	23.067	5.013	-30.333	-0.51694	-0.28720	0.57358	-0.56671	25.6	null	null	13113	75
2026-05-27T14:18:23.260	WT901BLE68(F3:F0:16:BF:DC:AE)	0.919	-0.317	0.146	-18.066	3.662	-5.310	-61.96	-65.64	138.60	23.067	5.013	-30.333	-0.51694	-0.28720	0.57358	-0.56671	25.6	null	null	13113	75
2026-05-27T14:18:23.354	WT901BLE68(F3:F0:16:BF:DC:AE)	0.921	-0.340	0.152	-17.517	-2.075	-10.010	-62.90	-66.47	137.46	23.067	5.013	-30.333	-0.51694	-0.28720	0.57358	-0.56671	25.6	null	null	13113	75
2026-05-27T14:18:23.473	WT901BLE68(F3:F0:16:BF:DC:AE)	0.928	-0.347	0.175	-20.691	-1.709	-11.414	-64.17	-67.66	136.81	23.067	5.013	-30.333	-0.51694	-0.28720	0.57358	-0.56671	25.6	null	null	13113	75
2026-05-27T14:18:23.561	WT901BLE68(F3:F0:16:BF:DC:AE)	0.918	-0.366	0.184	-19.348	0.366	-8.972	-65.28	-68.59	135.74	23.893	4.080	-30.080	-0.51694	-0.28720	0.57358	-0.56671	25.6	null	null	13113	75
2026-05-27T14:18:23.677	WT901BLE68(F3:F0:16:BF:DC:AE)	0.928	-0.366	0.182	-16.174	3.357	-5.371	-65.69	-69.02	134.41	23.893	4.080	-30.080	-0.51694	-0.28720	0.57358	-0.56671	25.6	null	null	13113	75
2026-05-27T14:18:23.737	WT901BLE68(F3:F0:16:BF:DC:AE)	0.919	-0.369	0.167	-10.559	3.418	-2.686	-65.69	-69.02	132.90	23.893	4.080	-30.080	-0.55533	-0.26144	0.59842	-0.51483	25.6	null	null	13113	75
2026-05-27T14:18:23.893	WT901BLE68(F3:F0:16:BF:DC:AE)	0.922	-0.364	0.166	-5.859	1.770	-0.061	-65.67	-68.90	132.15	23.893	4.080	-30.080	-0.55533	-0.26144	0.59842	-0.51483	25.6	null	null	13113	75
2026-05-27T14:18:23.949	WT901BLE68(F3:F0:16:BF:DC:AE)	0.917	-0.363	0.167	-1.709	0.488	2.502	-65.93	-68.63	132.06	23.893	4.080	-30.080	-0.55533	-0.26144	0.59842	-0.51483	25.6	null	null	13113	75
2026-05-27T14:18:24.074	WT901BLE68(F3:F0:16:BF:DC:AE)	0.920	-0.360	0.166	9.216	-1.343	2.747	-65.75	-68.31	132.48	23.893	4.080	-30.080	-0.55533	-0.26144	0.59842	-0.51483	25.6	null	null	13113	75
2026-05-27T14:18:24.161	WT901BLE68(F3:F0:16:BF:DC:AE)	0.924	-0.347	0.159	5.005	0.244	5.737	-65.57	-67.84	133.13	23.893	4.080	-30.080	-0.55533	-0.26144	0.59842	-0.51483	25.6	null	null	13113	75
2026-05-27T14:18:24.283	WT901BLE68(F3:F0:16:BF:DC:AE)	0.920	-0.343	0.150	9.949	-1.587	5.188	-65.52	-67.34	133.91	23.893	4.080	-30.080	-0.55533	-0.26144	0.59842	-0.51483	25.6	null	null	13113	75
2026-05-27T14:18:24.373	WT901BLE68(F3:F0:16:BF:DC:AE)	0.932	-0.408	0.151	16.174	-3.662	7.324	-65.41	-67.00	135.17	23.893	4.080	-30.080	-0.55533	-0.26144	0.59842	-0.51483	25.6	null	null	13113	75
2026-05-27T14:18:24.490	WT901BLE68(F3:F0:16:BF:DC:AE)	0.951	-0.590	0.160	17.883	1.404	46.326	-67.52	-64.59	138.41	24.113	4.240	-28.860	-0.55533	-0.26144	0.59842	-0.51483	25.6	null	null	13113	75
2026-05-27T14:18:24.549	WT901BLE68(F3:F0:16:BF:DC:AE)	0.875	-0.551	0.203	32.654	9.460	66.772	-67.85	-58.92	142.14	24.113	4.240	-28.860	-0.49951	-0.23203	0.59305	-0.58722	25.6	null	null	13113	75
2026-05-27T14:18:24.672	WT901BLE68(F3:F0:16:BF:DC:AE)	0.814	-0.503	0.244	32.166	11.230	62.439	-66.79	-52.53	145.13	24.113	4.240	-28.860	-0.49951	-0.23203	0.59305	-0.58722	25.6	null	null	13113	75
2026-05-27T14:18:24.760	WT901BLE68(F3:F0:16:BF:DC:AE)	0.769	-0.456	0.253	13.733	5.737	41.321	-65.54	-47.79	147.61	24.113	4.240	-28.860	-0.49951	-0.23203	0.59305	-0.58722	25.6	null	null	13113	75
2026-05-27T14:18:24.883	WT901BLE68(F3:F0:16:BF:DC:AE)	0.720	-0.427	0.231	2.258	-1.465	6.897	-65.46	-46.02	149.23	24.113	4.240	-28.860	-0.49951	-0.23203	0.59305	-0.58722	25.6	null	null	13113	75
2026-05-27T14:18:24.969	WT901BLE68(F3:F0:16:BF:DC:AE)	0.723	-0.413	0.217	-1.709	-14.526	-38.330	-65.36	-48.29	149.79	24.113	4.240	-28.860	-0.49951	-0.23203	0.59305	-0.58722	25.6	null	null	13113	75
2026-05-27T14:18:25.093	WT901BLE68(F3:F0:16:BF:DC:AE)	0.838	-0.452	0.214	-13.062	-19.897	-66.406	-65.10	-54.44	148.94	24.113	4.240	-28.860	-0.49951	-0.23203	0.59305	-0.58722	25.6	null	null	13113	75
2026-05-27T14:18:25.181	WT901BLE68(F3:F0:16:BF:DC:AE)	0.927	-0.474	0.196	-23.987	-21.057	-74.036	-65.12	-61.89	146.78	24.113	4.240	-28.860	-0.49951	-0.23203	0.59305	-0.58722	25.6	null	null	13113	75
2026-05-27T14:18:25.303	WT901BLE68(F3:F0:16:BF:DC:AE)	0.992	-0.472	0.191	-20.874	-15.320	-56.274	-64.62	-68.46	143.82	24.113	4.240	-28.860	-0.49951	-0.23203	0.59305	-0.58722	25.6	null	null	13113	75
2026-05-27T14:18:25.362	WT901BLE68(F3:F0:16:BF:DC:AE)	0.970	-0.452	0.177	-17.822	-4.700	-16.479	-64.93	-71.50	141.82	24.667	3.873	-34.653	-0.49951	-0.23203	0.59305	-0.58722	25.6	null	null	13113	75
2026-05-27T14:18:25.478	WT901BLE68(F3:F0:16:BF:DC:AE)	0.915	-0.416	0.164	-18.433	1.587	3.540	-67.13	-71.28	141.45	24.667	3.873	-34.653	-0.49951	-0.23203	0.59305	-0.58722	25.6	null	null	13113	75
2026-05-27T14:18:25.571	WT901BLE68(F3:F0:16:BF:DC:AE)	0.928	-0.371	0.160	-4.761	4.395	9.155	-68.06	-70.14	141.05	24.667	3.873	-34.653	-0.52875	-0.30478	0.58728	-0.53152	25.6	null	null	13113	75
2026-05-27T14:18:25.689	WT901BLE68(F3:F0:16:BF:DC:AE)	0.928	-0.361	0.146	-5.432	6.958	17.639	-68.44	-68.41	140.73	24.667	3.873	-34.653	-0.52875	-0.30478	0.58728	-0.53152	25.6	null	null	13113	75
2026-05-27T14:18:25.780	WT901BLE68(F3:F0:16:BF:DC:AE)	0.930	-0.332	0.128	-4.517	7.324	12.390	-68.34	-66.59	140.35	24.667	3.873	-34.653	-0.52875	-0.30478	0.58728	-0.53152	25.6	null	null	13113	75
2026-05-27T14:18:25.901	WT901BLE68(F3:F0:16:BF:DC:AE)	0.934	-0.354	0.109	-4.395	5.432	0.305	-67.74	-66.07	139.27	24.667	3.873	-34.653	-0.52875	-0.30478	0.58728	-0.53152	25.6	null	null	13113	75
2026-05-27T14:18:25.960	WT901BLE68(F3:F0:16:BF:DC:AE)	0.899	-0.353	0.111	6.042	0.183	-6.836	-67.08	-66.37	138.63	24.667	3.873	-34.653	-0.52875	-0.30478	0.58728	-0.53152	25.6	null	null	13113	75
2026-05-27T14:18:26.085	WT901BLE68(F3:F0:16:BF:DC:AE)	0.905	-0.388	0.101	0.549	-3.113	-15.442	-66.41	-67.53	137.99	24.667	3.873	-34.653	-0.52875	-0.30478	0.58728	-0.53152	25.6	null	null	13113	75
2026-05-27T14:18:26.172	WT901BLE68(F3:F0:16:BF:DC:AE)	0.937	-0.421	0.101	15.015	-8.362	-16.296	-65.87	-69.20	137.91	24.667	3.873	-34.653	-0.52875	-0.30478	0.58728	-0.53152	25.6	null	null	13113	75
2026-05-27T14:18:26.293	WT901BLE68(F3:F0:16:BF:DC:AE)	0.922	-0.437	0.120	14.099	-8.057	2.563	-66.34	-70.09	139.36	24.507	6.473	-31.113	-0.52875	-0.30478	0.58728	-0.53152	25.6	null	null	13113	75
2026-05-27T14:18:26.380	WT901BLE68(F3:F0:16:BF:DC:AE)	0.946	-0.339	0.167	36.865	-2.380	12.512	-66.20	-69.17	142.15	24.507	6.473	-31.113	-0.52875	-0.30478	0.58728	-0.53152	25.6	null	null	13113	75
2026-05-27T14:18:26.499	WT901BLE68(F3:F0:16:BF:DC:AE)	0.971	-0.324	0.184	-0.244	8.423	21.301	-65.79	-67.31	142.62	24.507	6.473	-31.113	-0.51334	-0.30405	0.57742	-0.55722	25.6	null	null	13113	75
2026-05-27T14:18:26.561	WT901BLE68(F3:F0:16:BF:DC:AE)	0.929	-0.303	0.171	-1.038	10.986	26.306	-66.19	-64.68	142.42	24.507	6.473	-31.113	-0.51334	-0.30405	0.57742	-0.55722	25.6	null	null	13113	75
2026-05-27T14:18:26.716	WT901BLE68(F3:F0:16:BF:DC:AE)	0.894	-0.258	0.175	-7.080	11.292	10.498	-65.54	-62.95	141.53	24.507	6.473	-31.113	-0.51334	-0.30405	0.57742	-0.55722	25.6	null	null	13113	75
2026-05-27T14:18:26.770	WT901BLE68(F3:F0:16:BF:DC:AE)	0.867	-0.293	0.157	-15.747	10.315	-7.141	-64.51	-63.09	139.00	24.507	6.473	-31.113	-0.51334	-0.30405	0.57742	-0.55722	25.6	null	null	13113	75
2026-05-27T14:18:26.893	WT901BLE68(F3:F0:16:BF:DC:AE)	0.925	-0.305	0.130	-12.146	0.061	-17.517	-63.80	-64.29	136.60	24.507	6.473	-31.113	-0.51334	-0.30405	0.57742	-0.55722	25.6	null	null	13113	75
2026-05-27T14:18:26.981	WT901BLE68(F3:F0:16:BF:DC:AE)	0.951	-0.481	0.335	-31.982	12.634	-5.554	-63.75	-65.39	134.15	24.507	6.473	-31.113	-0.51334	-0.30405	0.57742	-0.55722	25.6	null	null	13113	75
2026-05-27T14:18:27.103	WT901BLE68(F3:F0:16:BF:DC:AE)	0.825	-0.437	0.229	-8.728	-2.563	-9.583	-64.64	-65.59	132.21	24.507	6.473	-31.113	-0.51334	-0.30405	0.57742	-0.55722	25.6	null	null	13113	75
2026-05-27T14:18:27.189	WT901BLE68(F3:F0:16:BF:DC:AE)	0.942	-0.432	0.248	13.855	-5.859	-13.611	-63.66	-66.76	131.89	25.693	4.393	-27.173	-0.51334	-0.30405	0.57742	-0.55722	25.6	null	null	13113	75
2026-05-27T14:18:27.314	WT901BLE68(F3:F0:16:BF:DC:AE)	0.988	-0.312	0.225	8.179	8.484	1.221	-60.90	-67.01	130.17	25.693	4.393	-27.173	-0.51334	-0.30405	0.57742	-0.55722	25.6	null	null	13113	75
2026-05-27T14:18:27.369	WT901BLE68(F3:F0:16:BF:DC:AE)	0.908	-0.269	0.173	-18.372	18.250	12.695	-59.67	-65.45	127.84	25.693	4.393	-27.173	-0.55902	-0.24677	0.58170	-0.53677	25.6	null	null	13113	75
2026-05-27T14:18:27.491	WT901BLE68(F3:F0:16:BF:DC:AE)	0.870	-0.280	0.149	-31.067	12.817	1.709	-60.14	-64.18	125.41	25.693	4.393	-27.173	-0.55902	-0.24677	0.58170	-0.53677	25.6	null	null	13113	75
2026-05-27T14:18:27.583	WT901BLE68(F3:F0:16:BF:DC:AE)	0.888	-0.389	0.190	-25.940	-2.319	-9.216	-61.95	-64.76	124.18	25.693	4.393	-27.173	-0.55902	-0.24677	0.58170	-0.53677	25.6	null	null	13113	75
2026-05-27T14:18:27.701	WT901BLE68(F3:F0:16:BF:DC:AE)	0.910	-0.386	0.225	0.305	-14.587	-13.550	-63.80	-66.30	125.30	25.693	4.393	-27.173	-0.55902	-0.24677	0.58170	-0.53677	25.6	null	null	13113	75
2026-05-27T14:18:27.791	WT901BLE68(F3:F0:16:BF:DC:AE)	0.920	-0.356	0.327	-10.254	7.813	0.549	-63.58	-67.40	125.26	25.693	4.393	-27.173	-0.55902	-0.24677	0.58170	-0.53677	25.6	null	null	13113	75
2026-05-27T14:18:27.912	WT901BLE68(F3:F0:16:BF:DC:AE)	0.963	-0.353	0.177	-16.296	7.996	-3.174	-61.80	-66.89	122.65	25.693	4.393	-27.173	-0.55902	-0.24677	0.58170	-0.53677	25.6	null	null	13113	75
2026-05-27T14:18:27.970	WT901BLE68(F3:F0:16:BF:DC:AE)	0.879	-0.351	0.121	2.502	0.000	0.427	-61.71	-66.62	121.66	24.380	6.413	-22.420	-0.55902	-0.24677	0.58170	-0.53677	25.6	null	null	13113	75
2026-05-27T14:18:28.124	WT901BLE68(F3:F0:16:BF:DC:AE)	0.908	-0.372	0.137	-0.793	-5.737	-7.996	-61.82	-67.10	122.01	24.380	6.413	-22.420	-0.55902	-0.24677	0.58170	-0.53677	25.6	null	null	13113	75
2026-05-27T14:18:28.181	WT901BLE68(F3:F0:16:BF:DC:AE)	0.921	-0.363	0.160	5.615	-9.033	-0.244	-62.93	-67.92	123.52	24.380	6.413	-22.420	-0.59219	-0.21423	0.60657	-0.48517	25.6	null	null	13113	75
2026-05-27T14:18:28.300	WT901BLE68(F3:F0:16:BF:DC:AE)	0.912	-0.352	0.165	5.493	-8.118	1.404	-64.59	-68.04	125.90	24.380	6.413	-22.420	-0.59219	-0.21423	0.60657	-0.48517	25.6	null	null	13113	75
2026-05-27T14:18:28.389	WT901BLE68(F3:F0:16:BF:DC:AE)	0.911	-0.355	0.171	14.160	-8.484	-0.244	-65.51	-68.33	128.17	24.380	6.413	-22.420	-0.59219	-0.21423	0.60657	-0.48517	25.6	null	null	13113	75
2026-05-27T14:18:28.514	WT901BLE68(F3:F0:16:BF:DC:AE)	0.938	-0.359	0.160	14.160	-5.371	2.869	-65.75	-68.47	130.15	24.380	6.413	-22.420	-0.59219	-0.21423	0.60657	-0.48517	25.6	null	null	13113	75
2026-05-27T14:18:28.602	WT901BLE68(F3:F0:16:BF:DC:AE)	0.921	-0.333	0.146	8.728	-0.061	8.728	-65.87	-67.97	131.57	24.380	6.413	-22.420	-0.59219	-0.21423	0.60657	-0.48517	25.6	null	null	13113	75
2026-05-27T14:18:28.722	WT901BLE68(F3:F0:16:BF:DC:AE)	0.924	-0.329	0.125	6.165	0.793	4.578	-65.73	-67.29	132.35	24.380	6.413	-22.420	-0.59219	-0.21423	0.60657	-0.48517	25.6	null	null	13113	75
2026-05-27T14:18:28.780	WT901BLE68(F3:F0:16:BF:DC:AE)	0.918	-0.341	0.116	2.258	1.038	3.296	-65.54	-67.05	132.71	24.380	6.413	-22.420	-0.59219	-0.21423	0.60657	-0.48517	25.6	null	null	13113	75
2026-05-27T14:18:28.901	WT901BLE68(F3:F0:16:BF:DC:AE)	0.949	-0.352	0.106	-8.179	2.686	0.183	-65.73	-66.95	132.78	24.380	6.413	-22.420	-0.59219	-0.21423	0.60657	-0.48517	25.6	null	null	13113	75
2026-05-27T14:18:28.989	WT901BLE68(F3:F0:16:BF:DC:AE)	0.935	-0.352	0.103	-11.108	0.977	-0.549	-66.65	-66.95	132.64	24.353	4.900	-27.047	-0.59219	-0.21423	0.60657	-0.48517	25.6	null	null	13113	75
2026-05-27T14:18:29.112	WT901BLE68(F3:F0:16:BF:DC:AE)	0.908	-0.347	0.114	-13.977	-0.427	-3.113	-68.04	-67.21	132.84	24.353	4.900	-27.047	-0.59219	-0.21423	0.60657	-0.48517	25.6	null	null	13113	75
2026-05-27T14:18:29.201	WT901BLE68(F3:F0:16:BF:DC:AE)	0.928	-0.367	0.121	-14.282	-0.122	-6.226	-69.36	-67.74	132.86	24.353	4.900	-27.047	-0.56122	-0.23260	0.61298	-0.50504	25.6	null	null	13113	75
2026-05-27T14:18:29.321	WT901BLE68(F3:F0:16:BF:DC:AE)	0.925	-0.373	0.118	-17.456	3.052	-4.822	-70.26	-68.18	132.28	24.353	4.900	-27.047	-0.56122	-0.23260	0.61298	-0.50504	25.6	null	null	13113	75
2026-05-27T14:18:29.379	WT901BLE68(F3:F0:16:BF:DC:AE)	0.933	-0.376	0.113	-18.372	4.517	-1.953	-70.99	-68.31	131.27	24.353	4.900	-27.047	-0.56122	-0.23260	0.61298	-0.50504	25.6	null	null	13113	75
2026-05-27T14:18:29.533	WT901BLE68(F3:F0:16:BF:DC:AE)	0.910	-0.373	0.108	-16.052	2.625	-2.502	-71.77	-68.31	130.41	24.353	4.900	-27.047	-0.56122	-0.23260	0.61298	-0.50504	25.6	null	null	13113	75
2026-05-27T14:18:29.592	WT901BLE68(F3:F0:16:BF:DC:AE)	0.925	-0.386	0.118	-0.671	-4.150	-5.615	-72.58	-68.64	130.69	24.353	4.900	-27.047	-0.56122	-0.23260	0.61298	-0.50504	25.6	null	null	13113	75
2026-05-27T14:18:29.713	WT901BLE68(F3:F0:16:BF:DC:AE)	0.930	-0.385	0.132	7.263	-5.615	-2.930	-73.13	-69.13	131.98	24.353	4.900	-27.047	-0.56122	-0.23260	0.61298	-0.50504	25.6	null	null	13113	75
2026-05-27T14:18:29.801	WT901BLE68(F3:F0:16:BF:DC:AE)	0.912	-0.379	0.133	11.841	-4.761	-0.122	-73.28	-69.22	133.37	24.353	4.900	-27.047	-0.56122	-0.23260	0.61298	-0.50504	25.6	null	null	13113	75
2026-05-27T14:18:29.923	WT901BLE68(F3:F0:16:BF:DC:AE)	0.937	-0.391	0.130	15.381	-3.235	3.113	-72.88	-69.03	134.58	22.107	7.153	-25.133	-0.56122	-0.23260	0.61298	-0.50504	25.6	null	null	13113	75
2026-05-27T14:18:30.012	WT901BLE68(F3:F0:16:BF:DC:AE)	0.922	-0.370	0.124	19.592	-1.465	10.193	-72.17	-68.27	135.66	22.107	7.153	-25.133	-0.56070	-0.23511	0.62390	-0.49091	25.6	null	null	13113	75
2026-05-27T14:18:30.135	WT901BLE68(F3:F0:16:BF:DC:AE)	0.949	-0.328	0.140	16.479	1.099	10.681	-71.09	-67.26	136.68	22.107	7.153	-25.133	-0.56070	-0.23511	0.62390	-0.49091	25.6	null	null	13113	75
2026-05-27T14:18:30.189	WT901BLE68(F3:F0:16:BF:DC:AE)	0.941	-0.293	0.118	-55.969	9.094	18.799	-71.72	-65.84	136.20	22.107	7.153	-25.133	-0.56070	-0.23511	0.62390	-0.49091	25.6	null	null	13113	75
2026-05-27T14:18:30.311	WT901BLE68(F3:F0:16:BF:DC:AE)	0.897	-0.311	0.060	-51.514	3.662	16.174	-75.93	-64.28	135.69	22.107	7.153	-25.133	-0.56070	-0.23511	0.62390	-0.49091	25.6	null	null	13113	75
2026-05-27T14:18:30.402	WT901BLE68(F3:F0:16:BF:DC:AE)	0.905	-0.318	0.022	-106.384	1.648	9.705	-83.71	-63.31	136.20	22.107	7.153	-25.133	-0.56070	-0.23511	0.62390	-0.49091	25.6	null	null	13113	75
2026-05-27T14:18:30.521	WT901BLE68(F3:F0:16:BF:DC:AE)	0.896	-0.392	-0.007	-33.875	-1.160	-4.517	-89.81	-63.43	136.76	22.107	7.153	-25.133	-0.56070	-0.23511	0.62390	-0.49091	25.6	null	null	13113	75
2026-05-27T14:18:30.610	WT901BLE68(F3:F0:16:BF:DC:AE)	0.910	-0.449	-0.021	0.732	0.305	-8.789	-91.55	-64.29	137.73	22.107	7.153	-25.133	-0.56070	-0.23511	0.62390	-0.49091	25.6	null	null	13113	75
2026-05-27T14:18:30.736	WT901BLE68(F3:F0:16:BF:DC:AE)	0.898	-0.472	-0.012	102.478	1.282	-18.250	-86.67	-65.55	138.11	22.107	7.153	-25.133	-0.56070	-0.23511	0.62390	-0.49091	25.6	null	null	13113	75
2026-05-27T14:18:30.788	WT901BLE68(F3:F0:16:BF:DC:AE)	0.912	-0.332	0.086	31.189	-4.700	-10.864	-79.17	-67.07	138.79	24.327	3.340	-21.827	-0.56070	-0.23511	0.62390	-0.49091	25.6	null	null	13113	75
2026-05-27T14:18:30.941	WT901BLE68(F3:F0:16:BF:DC:AE)	0.916	-0.404	0.095	2.930	-0.854	-6.531	-78.94	-67.83	139.41	24.327	3.340	-21.827	-0.56070	-0.23511	0.62390	-0.49091	25.6	null	null	13113	75
2026-05-27T14:18:31.002	WT901BLE68(F3:F0:16:BF:DC:AE)	0.917	-0.401	0.099	0.000	0.977	-1.526	-78.47	-68.10	139.24	24.327	3.340	-21.827	-0.55527	-0.22354	0.64279	-0.47794	25.6	null	null	13113	75
2026-05-27T14:18:31.121	WT901BLE68(F3:F0:16:BF:DC:AE)	0.912	-0.398	0.080	-3.357	3.845	1.343	-77.98	-67.88	138.67	24.327	3.340	-21.827	-0.55527	-0.22354	0.64279	-0.47794	25.6	null	null	13113	75
2026-05-27T14:18:31.211	WT901BLE68(F3:F0:16:BF:DC:AE)	0.917	-0.419	0.059	3.662	-1.404	-0.183	-77.70	-67.70	138.48	24.327	3.340	-21.827	-0.55527	-0.22354	0.64279	-0.47794	25.6	null	null	13113	75
2026-05-27T14:18:31.333	WT901BLE68(F3:F0:16:BF:DC:AE)	0.890	-0.407	0.073	25.574	-8.423	2.197	-77.79	-67.54	140.16	24.327	3.340	-21.827	-0.55527	-0.22354	0.64279	-0.47794	25.6	null	null	13113	75
2026-05-27T14:18:31.420	WT901BLE68(F3:F0:16:BF:DC:AE)	0.925	-0.468	0.070	61.035	-8.240	-1.221	-76.27	-67.52	142.70	24.327	3.340	-21.827	-0.55527	-0.22354	0.64279	-0.47794	25.6	null	null	13113	75
2026-05-27T14:18:31.542	WT901BLE68(F3:F0:16:BF:DC:AE)	0.966	-0.393	0.100	66.406	-5.310	1.953	-70.09	-67.60	144.30	24.327	3.340	-21.827	-0.55527	-0.22354	0.64279	-0.47794	25.6	null	null	13113	75
2026-05-27T14:18:31.600	WT901BLE68(F3:F0:16:BF:DC:AE)	0.915	-0.295	0.135	133.362	1.282	0.000	-62.53	-67.46	144.68	25.813	4.727	-31.353	-0.55527	-0.22354	0.64279	-0.47794	25.6	null	null	13113	75
2026-05-27T14:18:31.722	WT901BLE68(F3:F0:16:BF:DC:AE)	0.920	-0.228	0.173	40.588	5.798	1.343	-56.80	-67.07	144.38	25.813	4.727	-31.353	-0.55527	-0.22354	0.64279	-0.47794	25.6	null	null	13113	75
2026-05-27T14:18:31.811	WT901BLE68(F3:F0:16:BF:DC:AE)	0.905	-0.336	0.182	7.568	0.671	0.183	-55.51	-67.15	143.01	25.813	4.727	-31.353	-0.55527	-0.22354	0.64279	-0.47794	25.6	null	null	13113	75
2026-05-27T14:18:31.929	WT901BLE68(F3:F0:16:BF:DC:AE)	0.933	-0.224	0.235	39.978	-8.789	1.892	-52.84	-67.34	143.93	25.813	4.727	-31.353	-0.47717	-0.34253	0.52124	-0.61902	25.6	null	null	13113	75
2026-05-27T14:18:32.019	WT901BLE68(F3:F0:16:BF:DC:AE)	0.922	-0.257	0.243	-17.456	-0.610	-3.418	-52.32	-67.97	143.53	25.813	4.727	-31.353	-0.47717	-0.34253	0.52124	-0.61902	25.6	null	null	13113	75
2026-05-27T14:18:32.145	WT901BLE68(F3:F0:16:BF:DC:AE)	0.929	-0.284	0.257	-6.287	-0.488	-1.404	-52.88	-68.18	142.26	25.813	4.727	-31.353	-0.47717	-0.34253	0.52124	-0.61902	25.6	null	null	13113	75
2026-05-27T14:18:32.201	WT901BLE68(F3:F0:16:BF:DC:AE)	0.923	-0.270	0.264	-1.465	2.625	-2.197	-52.39	-68.25	140.82	25.813	4.727	-31.353	-0.47717	-0.34253	0.52124	-0.61902	25.6	null	null	13113	75
2026-05-27T14:18:32.352	WT901BLE68(F3:F0:16:BF:DC:AE)	0.929	-0.259	0.245	-5.981	4.272	-2.686	-51.48	-68.19	138.90	25.813	4.727	-31.353	-0.47717	-0.34253	0.52124	-0.61902	25.6	null	null	13113	75
2026-05-27T14:18:32.412	WT901BLE68(F3:F0:16:BF:DC:AE)	0.945	-0.282	0.234	-6.042	3.296	-2.319	-50.53	-68.20	136.89	25.813	4.727	-31.353	-0.47717	-0.34253	0.52124	-0.61902	25.6	null	null	13113	75
2026-05-27T14:18:32.533	WT901BLE68(F3:F0:16:BF:DC:AE)	0.929	-0.266	0.251	-5.310	2.380	-1.160	-50.21	-68.16	135.51	25.813	4.727	-31.353	-0.47717	-0.34253	0.52124	-0.61902	25.6	null	null	13113	75
2026-05-27T14:18:32.622	WT901BLE68(F3:F0:16:BF:DC:AE)	0.923	-0.268	0.268	0.000	2.625	-1.038	-49.67	-68.13	134.10	27.433	3.740	-36.460	-0.47717	-0.34253	0.52124	-0.61902	25.6	null	null	13113	75
2026-05-27T14:18:32.743	WT901BLE68(F3:F0:16:BF:DC:AE)	0.912	-0.268	0.256	-11.230	3.540	0.610	-49.47	-67.89	132.78	27.433	3.740	-36.460	-0.47717	-0.34253	0.52124	-0.61902	25.6	null	null	13113	75
2026-05-27T14:18:32.829	WT901BLE68(F3:F0:16:BF:DC:AE)	0.926	-0.275	0.245	-1.099	1.038	1.465	-49.19	-67.69	131.82	27.433	3.740	-36.460	-0.51828	-0.32303	0.52200	-0.59534	25.6	null	null	13113	75
2026-05-27T14:18:32.953	WT901BLE68(F3:F0:16:BF:DC:AE)	0.921	-0.267	0.273	4.272	0.671	2.197	-48.95	-67.52	131.47	27.433	3.740	-36.460	-0.51828	-0.32303	0.52200	-0.59534	25.6	null	null	13113	75
2026-05-27T14:18:33.009	WT901BLE68(F3:F0:16:BF:DC:AE)	0.925	-0.294	0.291	7.629	-1.526	0.488	-48.77	-67.48	131.26	27.433	3.740	-36.460	-0.51828	-0.32303	0.52200	-0.59534	25.6	null	null	13113	75
2026-05-27T14:18:33.133	WT901BLE68(F3:F0:16:BF:DC:AE)	0.921	-0.281	0.281	6.897	0.244	2.747	-48.43	-67.29	131.11	27.433	3.740	-36.460	-0.51828	-0.32303	0.52200	-0.59534	25.6	null	null	13113	75
2026-05-27T14:18:33.226	WT901BLE68(F3:F0:16:BF:DC:AE)	0.932	-0.277	0.274	12.451	-3.479	2.136	-47.94	-67.21	131.24	27.433	3.740	-36.460	-0.51828	-0.32303	0.52200	-0.59534	25.6	null	null	13113	75
2026-05-27T14:18:33.341	WT901BLE68(F3:F0:16:BF:DC:AE)	0.907	-0.275	0.296	5.615	-4.761	4.272	-48.33	-67.25	132.12	27.433	3.740	-36.460	-0.51828	-0.32303	0.52200	-0.59534	25.6	null	null	13113	75
2026-05-27T14:18:33.431	WT901BLE68(F3:F0:16:BF:DC:AE)	0.934	-0.259	0.273	8.911	0.427	2.197	-48.28	-67.12	132.37	28.600	3.340	-35.920	-0.51828	-0.32303	0.52200	-0.59534	25.6	null	null	13113	75
2026-05-27T14:18:33.551	WT901BLE68(F3:F0:16:BF:DC:AE)	0.913	-0.287	0.269	20.386	-3.479	-5.615	-46.97	-67.26	131.92	28.600	3.340	-35.920	-0.51828	-0.32303	0.52200	-0.59534	25.6	null	null	13113	75
2026-05-27T14:18:33.608	WT901BLE68(F3:F0:16:BF:DC:AE)	0.937	-0.200	0.348	26.611	-2.502	-2.319	-41.83	-68.05	130.69	28.600	3.340	-35.920	-0.50583	-0.34839	0.48999	-0.61850	25.6	null	null	13113	75
2026-05-27T14:18:33.731	WT901BLE68(F3:F0:16:BF:DC:AE)	0.936	-0.194	0.326	-22.034	19.897	4.333	-40.30	-67.48	128.47	28.600	3.340	-35.920	-0.50583	-0.34839	0.48999	-0.61850	25.6	null	null	13113	75
2026-05-27T14:18:33.820	WT901BLE68(F3:F0:16:BF:DC:AE)	0.927	-0.183	0.233	-43.274	21.851	9.460	-40.98	-65.26	125.34	28.600	3.340	-35.920	-0.50583	-0.34839	0.48999	-0.61850	25.6	null	null	13113	75
2026-05-27T14:18:33.943	WT901BLE68(F3:F0:16:BF:DC:AE)	0.881	-0.249	0.253	-33.142	-5.066	-6.042	-44.90	-64.54	123.98	28.600	3.340	-35.920	-0.50583	-0.34839	0.48999	-0.61850	25.6	null	null	13113	75
2026-05-27T14:18:34.033	WT901BLE68(F3:F0:16:BF:DC:AE)	0.930	-0.307	0.351	-51.147	-14.343	-20.691	-48.33	-66.55	123.61	28.600	3.340	-35.920	-0.50583	-0.34839	0.48999	-0.61850	25.6	null	null	13113	75
2026-05-27T14:18:34.152	WT901BLE68(F3:F0:16:BF:DC:AE)	0.958	-0.381	0.297	-60.730	-1.831	-14.893	-51.36	-68.74	121.45	28.600	3.340	-35.920	-0.50583	-0.34839	0.48999	-0.61850	25.6	null	null	13113	75
2026-05-27T14:18:34.241	WT901BLE68(F3:F0:16:BF:DC:AE)	0.925	-0.351	0.192	-33.813	7.751	2.930	-54.10	-68.79	119.44	28.600	3.340	-35.920	-0.50583	-0.34839	0.48999	-0.61850	25.6	null	null	13113	75
2026-05-27T14:18:34.366	WT901BLE68(F3:F0:16:BF:DC:AE)	0.962	-0.336	0.189	-21.545	10.010	5.371	-56.00	-67.75	118.50	28.600	3.340	-35.920	-0.50583	-0.34839	0.48999	-0.61850	25.6	null	null	13113	75
2026-05-27T14:18:34.419	WT901BLE68(F3:F0:16:BF:DC:AE)	1.030	-0.343	0.206	6.531	3.662	-4.211	-55.62	-67.19	117.41	24.360	6.613	-25.067	-0.50583	-0.34839	0.48999	-0.61850	25.6	null	null	13113	75
2026-05-27T14:18:34.541	WT901BLE68(F3:F0:16:BF:DC:AE)	1.053	-0.325	0.327	84.961	-9.094	-12.939	-51.34	-68.14	117.47	24.360	6.613	-25.067	-0.50583	-0.34839	0.48999	-0.61850	25.6	null	null	13113	75
2026-05-27T14:18:34.632	WT901BLE68(F3:F0:16:BF:DC:AE)	0.629	-0.222	0.292	32.471	10.437	13.245	-45.02	-68.07	117.28	24.360	6.613	-25.067	-0.58896	-0.26303	0.55597	-0.52414	25.6	null	null	13113	75
2026-05-27T14:18:34.753	WT901BLE68(F3:F0:16:BF:DC:AE)	0.512	-0.219	0.174	-26.672	17.517	10.010	-44.20	-65.92	116.83	24.360	6.613	-25.067	-0.58896	-0.26303	0.55597	-0.52414	25.6	null	null	13113	75
2026-05-27T14:18:34.841	WT901BLE68(F3:F0:16:BF:DC:AE)	1.078	-0.355	0.031	-49.622	5.310	-19.653	-48.13	-64.76	115.55	24.360	6.613	-25.067	-0.58896	-0.26303	0.55597	-0.52414	25.6	null	null	13113	75
2026-05-27T14:18:34.961	WT901BLE68(F3:F0:16:BF:DC:AE)	1.138	-0.396	0.150	-68.237	-1.221	0.427	-51.03	-67.08	111.82	24.360	6.613	-25.067	-0.58896	-0.26303	0.55597	-0.52414	25.6	null	null	13113	75
2026-05-27T14:18:35.021	WT901BLE68(F3:F0:16:BF:DC:AE)	0.898	-0.289	0.267	26.489	-31.128	32.593	-61.97	-65.36	120.24	24.360	6.613	-25.067	-0.58896	-0.26303	0.55597	-0.52414	25.6	null	null	13113	75
2026-05-27T14:18:35.146	WT901BLE68(F3:F0:16:BF:DC:AE)	0.892	-0.219	0.256	0.000	-19.714	-15.564	-66.02	-66.26	127.57	24.360	6.613	-25.067	-0.58896	-0.26303	0.55597	-0.52414	25.6	null	null	13113	75
2026-05-27T14:18:35.232	WT901BLE68(F3:F0:16:BF:DC:AE)	0.979	-0.352	0.209	-36.804	-4.272	-35.950	-67.21	-69.19	126.93	24.360	6.613	-25.067	-0.58896	-0.26303	0.55597	-0.52414	25.6	null	null	13113	75
2026-05-27T14:18:35.349	WT901BLE68(F3:F0:16:BF:DC:AE)	1.002	-0.387	0.159	-30.396	9.216	-15.625	-65.13	-71.69	122.34	23.553	6.487	-27.647	-0.58896	-0.26303	0.55597	-0.52414	25.6	null	null	13113	75
2026-05-27T14:18:35.442	WT901BLE68(F3:F0:16:BF:DC:AE)	0.860	-0.391	0.122	-0.061	2.502	-6.775	-64.22	-71.83	119.71	23.553	6.487	-27.647	-0.61310	-0.21387	0.62213	-0.43729	25.6	null	null	13113	75
2026-05-27T14:18:35.563	WT901BLE68(F3:F0:16:BF:DC:AE)	0.949	-0.395	0.111	5.737	2.625	-2.197	-63.07	-71.96	119.33	23.553	6.487	-27.647	-0.61310	-0.21387	0.62213	-0.43729	25.6	null	null	13113	75
2026-05-27T14:18:35.654	WT901BLE68(F3:F0:16:BF:DC:AE)	0.989	-0.380	0.117	-6.531	9.338	20.630	-63.55	-70.64	119.82	23.553	6.487	-27.647	-0.61310	-0.21387	0.62213	-0.43729	25.6	null	null	13113	75
2026-05-27T14:18:35.772	WT901BLE68(F3:F0:16:BF:DC:AE)	0.881	-0.347	0.121	-4.211	7.935	36.438	-65.97	-67.36	121.77	23.553	6.487	-27.647	-0.61310	-0.21387	0.62213	-0.43729	25.6	null	null	13113	75
2026-05-27T14:18:35.831	WT901BLE68(F3:F0:16:BF:DC:AE)	0.847	-0.311	0.110	6.958	-0.671	24.475	-67.96	-64.37	124.60	23.553	6.487	-27.647	-0.61310	-0.21387	0.62213	-0.43729	25.6	null	null	13113	75
2026-05-27T14:18:35.954	WT901BLE68(F3:F0:16:BF:DC:AE)	0.943	-0.292	0.107	-3.906	-5.005	4.944	-69.09	-63.57	127.28	23.553	6.487	-27.647	-0.61310	-0.21387	0.62213	-0.43729	25.6	null	null	13113	75
2026-05-27T14:18:36.039	WT901BLE68(F3:F0:16:BF:DC:AE)	0.951	-0.339	0.130	3.967	-11.169	-4.211	-71.02	-64.14	129.51	23.553	6.487	-27.647	-0.61310	-0.21387	0.62213	-0.43729	25.6	null	null	13113	75
2026-05-27T14:18:36.164	WT901BLE68(F3:F0:16:BF:DC:AE)	0.917	-0.320	0.152	0.488	-7.019	-12.329	-71.70	-65.51	131.58	23.553	6.487	-27.647	-0.61310	-0.21387	0.62213	-0.43729	25.6	null	null	13113	75
2026-05-27T14:18:36.252	WT901BLE68(F3:F0:16:BF:DC:AE)	0.912	-0.373	0.136	-0.793	-6.470	-28.198	-71.42	-67.84	131.58	24.380	3.820	-26.100	-0.61310	-0.21387	0.62213	-0.43729	25.6	null	null	13113	75
2026-05-27T14:18:36.371	WT901BLE68(F3:F0:16:BF:DC:AE)	0.947	-0.416	0.141	6.287	-6.348	-22.644	-70.32	-70.51	131.09	24.380	3.820	-26.100	-0.61310	-0.21387	0.62213	-0.43729	25.6	null	null	13113	75
2026-05-27T14:18:36.430	WT901BLE68(F3:F0:16:BF:DC:AE)	0.936	-0.419	0.138	7.446	-2.747	-3.174	-69.72	-71.52	131.29	24.380	3.820	-26.100	-0.57965	-0.24188	0.62152	-0.46805	25.6	null	null	13113	75
2026-05-27T14:18:36.552	WT901BLE68(F3:F0:16:BF:DC:AE)	0.934	-0.392	0.129	6.409	1.587	9.888	-69.65	-70.77	132.07	24.380	3.820	-26.100	-0.57965	-0.24188	0.62152	-0.46805	25.6	null	null	13113	75
2026-05-27T14:18:36.640	WT901BLE68(F3:F0:16:BF:DC:AE)	0.949	-0.367	0.108	0.549	5.920	23.132	-70.03	-68.75	132.79	24.380	3.820	-26.100	-0.57965	-0.24188	0.62152	-0.46805	25.6	null	null	13113	75
2026-05-27T14:18:36.760	WT901BLE68(F3:F0:16:BF:DC:AE)	0.937	-0.330	0.114	0.732	7.385	29.053	-70.70	-66.02	133.78	24.380	3.820	-26.100	-0.57965	-0.24188	0.62152	-0.46805	25.6	null	null	13113	75
2026-05-27T14:18:36.853	WT901BLE68(F3:F0:16:BF:DC:AE)	0.903	-0.294	0.115	0.366	5.066	15.930	-70.93	-63.81	134.49	24.380	3.820	-26.100	-0.57965	-0.24188	0.62152	-0.46805	25.6	null	null	13113	75
2026-05-27T14:18:36.971	WT901BLE68(F3:F0:16:BF:DC:AE)	0.910	-0.312	0.121	-1.160	1.404	-8.850	-70.38	-63.95	134.36	24.380	3.820	-26.100	-0.57965	-0.24188	0.62152	-0.46805	25.6	null	null	13113	75
2026-05-27T14:18:37.061	WT901BLE68(F3:F0:16:BF:DC:AE)	0.921	-0.349	0.121	-1.770	-0.488	-23.499	-69.07	-65.88	133.14	25.387	3.100	-25.573	-0.57965	-0.24188	0.62152	-0.46805	25.6	null	null	13113	75
2026-05-27T14:18:37.180	WT901BLE68(F3:F0:16:BF:DC:AE)	0.938	-0.407	0.131	9.094	-5.920	-31.860	-67.05	-68.79	131.42	25.387	3.100	-25.573	-0.57965	-0.24188	0.62152	-0.46805	25.6	null	null	13113	75
2026-05-27T14:18:37.239	WT901BLE68(F3:F0:16:BF:DC:AE)	0.926	-0.399	0.157	7.263	-2.747	-8.972	-65.31	-70.72	130.62	25.387	3.100	-25.573	-0.57047	-0.25790	0.60373	-0.49344	25.6	null	null	13113	75
2026-05-27T14:18:37.361	WT901BLE68(F3:F0:16:BF:DC:AE)	0.906	-0.393	0.152	1.038	0.549	-1.038	-65.00	-70.74	130.47	25.387	3.100	-25.573	-0.57047	-0.25790	0.60373	-0.49344	25.6	null	null	13113	75
2026-05-27T14:18:37.454	WT901BLE68(F3:F0:16:BF:DC:AE)	0.946	-0.397	0.150	4.883	0.061	10.437	-65.46	-70.02	130.98	25.387	3.100	-25.573	-0.57047	-0.25790	0.60373	-0.49344	25.6	null	null	13113	75
2026-05-27T14:18:37.571	WT901BLE68(F3:F0:16:BF:DC:AE)	0.933	-0.346	0.164	9.949	1.343	19.958	-66.39	-68.35	132.85	25.387	3.100	-25.573	-0.57047	-0.25790	0.60373	-0.49344	25.6	null	null	13113	75
2026-05-27T14:18:37.663	WT901BLE68(F3:F0:16:BF:DC:AE)	0.919	-0.318	0.158	10.193	2.502	17.761	-66.80	-66.38	134.35	25.387	3.100	-25.573	-0.57047	-0.25790	0.60373	-0.49344	25.6	null	null	13113	75
2026-05-27T14:18:37.780	WT901BLE68(F3:F0:16:BF:DC:AE)	0.907	-0.314	0.146	7.629	1.038	5.920	-66.42	-65.47	134.90	25.387	3.100	-25.573	-0.57047	-0.25790	0.60373	-0.49344	25.6	null	null	13113	75
2026-05-27T14:18:37.842	WT901BLE68(F3:F0:16:BF:DC:AE)	0.920	-0.336	0.144	8.911	-2.808	-2.563	-65.75	-65.71	135.19	25.387	3.100	-25.573	-0.57047	-0.25790	0.60373	-0.49344	25.6	null	null	13113	75
2026-05-27T14:18:37.962	WT901BLE68(F3:F0:16:BF:DC:AE)	0.451	-0.172	0.075	9.766	-6.714	-6.226	-65.47	-66.50	135.83	25.387	3.100	-25.573	-0.57047	-0.25790	0.60373	-0.49344	25.6	null	null	13113	75
2026-05-27T14:18:38.050	WT901BLE68(F3:F0:16:BF:DC:AE)	0.915	-0.354	0.160	7.874	-8.057	-8.362	-65.50	-67.57	136.71	26.260	4.587	-28.247	-0.57047	-0.25790	0.60373	-0.49344	25.6	null	null	13113	75
2026-05-27T14:18:38.173	WT901BLE68(F3:F0:16:BF:DC:AE)	0.939	-0.362	0.166	7.141	-7.324	-2.686	-66.01	-68.33	137.82	26.260	4.587	-28.247	-0.57047	-0.25790	0.60373	-0.49344	25.6	null	null	13113	75
2026-05-27T14:18:38.261	WT901BLE68(F3:F0:16:BF:DC:AE)	0.938	-0.333	0.175	0.854	-1.526	3.784	-66.59	-68.27	138.61	26.260	4.587	-28.247	-0.53378	-0.27878	0.59006	-0.53766	25.6	null	null	13113	75
2026-05-27T14:18:38.383	WT901BLE68(F3:F0:16:BF:DC:AE)	0.947	-0.320	0.161	-6.470	3.601	8.240	-66.99	-67.60	138.48	26.260	4.587	-28.247	-0.53378	-0.27878	0.59006	-0.53766	25.6	null	null	13113	75
2026-05-27T14:18:38.473	WT901BLE68(F3:F0:16:BF:DC:AE)	0.931	-0.302	0.157	-9.460	5.676	6.714	-67.21	-66.80	137.72	26.260	4.587	-28.247	-0.53378	-0.27878	0.59006	-0.53766	25.6	null	null	13113	75
2026-05-27T14:18:38.592	WT901BLE68(F3:F0:16:BF:DC:AE)	0.933	-0.310	0.159	-7.446	2.808	-2.563	-67.14	-66.56	136.55	26.260	4.587	-28.247	-0.53378	-0.27878	0.59006	-0.53766	25.6	null	null	13113	75
2026-05-27T14:18:38.649	WT901BLE68(F3:F0:16:BF:DC:AE)	0.909	-0.306	0.180	-11.841	6.714	-4.822	-66.37	-66.99	134.88	26.260	4.587	-28.247	-0.53378	-0.27878	0.59006	-0.53766	25.6	null	null	13113	75
2026-05-27T14:18:38.771	WT901BLE68(F3:F0:16:BF:DC:AE)	0.914	-0.376	0.155	-4.639	0.305	-15.686	-65.08	-67.96	132.39	26.260	4.587	-28.247	-0.53378	-0.27878	0.59006	-0.53766	25.6	null	null	13113	75
2026-05-27T14:18:38.860	WT901BLE68(F3:F0:16:BF:DC:AE)	0.949	-0.359	0.209	3.357	0.610	-6.958	-63.71	-69.05	131.15	25.513	7.300	-27.140	-0.53378	-0.27878	0.59006	-0.53766	25.6	null	null	13113	75
2026-05-27T14:18:38.980	WT901BLE68(F3:F0:16:BF:DC:AE)	0.924	-0.361	0.232	-19.043	13.672	8.423	-62.91	-68.25	129.06	25.513	7.300	-27.140	-0.53378	-0.27878	0.59006	-0.53766	25.6	null	null	13113	75
2026-05-27T14:18:39.074	WT901BLE68(F3:F0:16:BF:DC:AE)	0.872	-0.367	0.180	-2.869	4.639	3.113	-62.53	-67.07	127.23	25.513	7.300	-27.140	-0.57278	-0.23294	0.59741	-0.51053	25.6	null	null	13113	75
2026-05-27T14:18:39.192	WT901BLE68(F3:F0:16:BF:DC:AE)	0.904	-0.382	0.198	19.714	-8.972	-6.836	-62.06	-67.18	127.35	25.513	7.300	-27.140	-0.57278	-0.23294	0.59741	-0.51053	25.6	null	null	13113	75
2026-05-27T14:18:39.249	WT901BLE68(F3:F0:16:BF:DC:AE)	0.955	-0.341	0.236	21.606	-7.019	0.183	-61.27	-67.93	128.66	25.513	7.300	-27.140	-0.57278	-0.23294	0.59741	-0.51053	25.6	null	null	13113	75
2026-05-27T14:18:39.374	WT901BLE68(F3:F0:16:BF:DC:AE)	0.927	-0.294	0.206	13.794	-1.709	3.601	-60.41	-67.79	129.74	25.513	7.300	-27.140	-0.57278	-0.23294	0.59741	-0.51053	25.6	null	null	13113	75
2026-05-27T14:18:39.462	WT901BLE68(F3:F0:16:BF:DC:AE)	0.917	-0.331	0.187	7.874	1.221	9.460	-59.91	-67.32	130.08	25.513	7.300	-27.140	-0.57278	-0.23294	0.59741	-0.51053	25.6	null	null	13113	75
2026-05-27T14:18:39.582	WT901BLE68(F3:F0:16:BF:DC:AE)	0.898	-0.330	0.175	11.414	-3.357	7.813	-60.05	-66.47	131.04	25.513	7.300	-27.140	-0.57278	-0.23294	0.59741	-0.51053	25.6	null	null	13113	75
2026-05-27T14:18:39.701	WT901BLE68(F3:F0:16:BF:DC:AE)	0.920	-0.330	0.175	24.048	-15.076	-1.282	-60.48	-66.77	133.38	25.513	7.300	-27.140	-0.57278	-0.23294	0.59741	-0.51053	25.6	null	null	13113	75
2026-05-27T14:18:39.791	WT901BLE68(F3:F0:16:BF:DC:AE)	0.967	-0.322	0.211	9.521	-7.751	5.859	-61.38	-67.39	136.20	26.433	4.947	-31.447	-0.57278	-0.23294	0.59741	-0.51053	25.6	null	null	13113	75
2026-05-27T14:18:39.882	WT901BLE68(F3:F0:16:BF:DC:AE)	0.943	-0.300	0.208	-6.897	4.578	11.658	-62.50	-66.67	137.38	26.433	4.947	-31.447	-0.57278	-0.23294	0.59741	-0.51053	25.6	null	null	13113	75
2026-05-27T14:18:40.001	WT901BLE68(F3:F0:16:BF:DC:AE)	0.919	-0.290	0.178	-15.442	10.193	8.118	-62.92	-65.51	136.55	26.433	4.947	-31.447	-0.52628	-0.27145	0.57721	-0.56219	25.6	null	null	13113	75
2026-05-27T14:18:40.061	WT901BLE68(F3:F0:16:BF:DC:AE)	0.929	-0.313	0.157	-15.259	7.202	-5.249	-62.77	-65.14	134.75	26.433	4.947	-31.447	-0.52628	-0.27145	0.57721	-0.56219	25.6	null	null	13113	75
2026-05-27T14:18:40.181	WT901BLE68(F3:F0:16:BF:DC:AE)	0.885	-0.329	0.146	-13.855	3.906	-11.475	-62.24	-65.81	132.69	26.433	4.947	-31.447	-0.52628	-0.27145	0.57721	-0.56219	25.6	null	null	13113	75
2026-05-27T14:18:40.272	WT901BLE68(F3:F0:16:BF:DC:AE)	0.910	-0.375	0.141	-14.038	-1.770	-19.653	-61.88	-67.23	130.70	26.433	4.947	-31.447	-0.52628	-0.27145	0.57721	-0.56219	25.6	null	null	13113	75
2026-05-27T14:18:40.392	WT901BLE68(F3:F0:16:BF:DC:AE)	0.919	-0.386	0.171	-7.568	-4.761	-12.512	-62.01	-68.90	129.80	26.433	4.947	-31.447	-0.52628	-0.27145	0.57721	-0.56219	25.6	null	null	13113	75
2026-05-27T14:18:40.481	WT901BLE68(F3:F0:16:BF:DC:AE)	0.931	-0.381	0.178	-13.794	-2.563	-2.197	-63.37	-69.45	130.04	26.433	4.947	-31.447	-0.52628	-0.27145	0.57721	-0.56219	25.6	null	null	13113	75
2026-05-27T14:18:40.600	WT901BLE68(F3:F0:16:BF:DC:AE)	0.928	-0.360	0.179	-3.540	-2.869	3.235	-65.16	-69.24	130.99	26.433	4.947	-31.447	-0.52628	-0.27145	0.57721	-0.56219	25.6	null	null	13113	75
2026-05-27T14:18:40.660	WT901BLE68(F3:F0:16:BF:DC:AE)	0.948	-0.349	0.161	-7.568	1.648	7.629	-66.31	-68.65	131.74	24.133	6.260	-28.480	-0.52628	-0.27145	0.57721	-0.56219	25.6	null	null	13113	75
2026-05-27T14:18:40.783	WT901BLE68(F3:F0:16:BF:DC:AE)	0.879	-0.322	0.149	-1.160	5.432	13.672	-67.04	-67.41	132.18	24.133	6.260	-28.480	-0.52628	-0.27145	0.57721	-0.56219	25.6	null	null	13113	75
2026-05-27T14:18:40.871	WT901BLE68(F3:F0:16:BF:DC:AE)	0.933	-0.309	0.093	-14.404	9.216	-4.883	-66.45	-66.53	131.23	24.133	6.260	-28.480	-0.56030	-0.23154	0.60687	-0.51382	25.6	null	null	13113	75
2026-05-27T14:18:40.994	WT901BLE68(F3:F0:16:BF:DC:AE)	0.952	-0.417	0.054	-12.878	-0.732	-17.517	-66.15	-67.77	129.02	24.133	6.260	-28.480	-0.56030	-0.23154	0.60687	-0.51382	25.6	null	null	13113	75
2026-05-27T14:18:41.080	WT901BLE68(F3:F0:16:BF:DC:AE)	0.907	-0.370	0.096	5.371	-8.484	-0.793	-67.73	-68.70	130.53	24.133	6.260	-28.480	-0.56030	-0.23154	0.60687	-0.51382	25.6	null	null	13113	75
2026-05-27T14:18:41.202	WT901BLE68(F3:F0:16:BF:DC:AE)	1.001	-0.387	0.097	-17.822	-0.916	-4.456	-69.66	-69.11	131.97	24.133	6.260	-28.480	-0.56030	-0.23154	0.60687	-0.51382	25.6	null	null	13113	75
2026-05-27T14:18:41.292	WT901BLE68(F3:F0:16:BF:DC:AE)	0.918	-0.402	0.110	-17.029	-3.906	12.573	-72.84	-68.79	132.89	24.133	6.260	-28.480	-0.56030	-0.23154	0.60687	-0.51382	25.6	null	null	13113	75
2026-05-27T14:18:41.412	WT901BLE68(F3:F0:16:BF:DC:AE)	0.890	-0.297	0.164	8.301	-5.493	8.179	-75.12	-67.68	135.88	24.133	6.260	-28.480	-0.56030	-0.23154	0.60687	-0.51382	25.6	null	null	13113	75
2026-05-27T14:18:41.473	WT901BLE68(F3:F0:16:BF:DC:AE)	0.948	-0.355	0.129	-13.306	5.249	-10.071	-74.77	-67.91	135.55	24.133	6.260	-28.480	-0.56030	-0.23154	0.60687	-0.51382	25.6	null	null	13113	75
2026-05-27T14:18:41.595	WT901BLE68(F3:F0:16:BF:DC:AE)	0.944	-0.396	0.107	-2.258	3.784	-1.587	-73.80	-68.48	133.78	24.133	6.260	-28.480	-0.56030	-0.23154	0.60687	-0.51382	25.6	null	null	13113	75
2026-05-27T14:18:41.679	WT901BLE68(F3:F0:16:BF:DC:AE)	0.918	-0.349	0.110	-0.671	4.028	-1.526	-72.82	-68.36	133.12	23.460	5.980	-26.560	-0.56030	-0.23154	0.60687	-0.51382	25.6	null	null	13113	75
2026-05-27T14:18:41.799	WT901BLE68(F3:F0:16:BF:DC:AE)	0.915	-0.376	0.087	-1.221	2.502	-0.183	-72.14	-68.32	132.27	23.460	5.980	-26.560	-0.57220	-0.21872	0.62946	-0.47794	25.6	null	null	13113	75
2026-05-27T14:18:41.891	WT901BLE68(F3:F0:16:BF:DC:AE)	0.929	-0.375	0.095	5.615	-2.930	-0.732	-72.15	-68.34	132.81	23.460	5.980	-26.560	-0.57220	-0.21872	0.62946	-0.47794	25.6	null	null	13113	75
2026-05-27T14:18:42.012	WT901BLE68(F3:F0:16:BF:DC:AE)	0.930	-0.362	0.116	6.592	-3.723	2.502	-72.66	-68.30	134.19	23.460	5.980	-26.560	-0.57220	-0.21872	0.62946	-0.47794	25.6	null	null	13113	75
2026-05-27T14:18:42.072	WT901BLE68(F3:F0:16:BF:DC:AE)	0.923	-0.353	0.117	7.690	-4.089	1.343	-73.06	-68.16	135.49	23.460	5.980	-26.560	-0.57220	-0.21872	0.62946	-0.47794	25.6	null	null	13113	75
2026-05-27T14:18:42.190	WT901BLE68(F3:F0:16:BF:DC:AE)	0.944	-0.352	0.132	11.963	-3.967	-1.343	-72.97	-68.29	136.73	23.460	5.980	-26.560	-0.57220	-0.21872	0.62946	-0.47794	25.6	null	null	13113	75
2026-05-27T14:18:42.282	WT901BLE68(F3:F0:16:BF:DC:AE)	0.927	-0.344	0.135	11.108	-0.916	-0.854	-72.11	-68.48	137.25	23.460	5.980	-26.560	-0.57220	-0.21872	0.62946	-0.47794	25.6	null	null	13113	75
2026-05-27T14:18:42.404	WT901BLE68(F3:F0:16:BF:DC:AE)	0.936	-0.359	0.109	9.277	2.502	0.427	-70.82	-68.42	136.90	23.460	5.980	-26.560	-0.57220	-0.21872	0.62946	-0.47794	25.6	null	null	13113	75
2026-05-27T14:18:42.492	WT901BLE68(F3:F0:16:BF:DC:AE)	0.919	-0.359	0.104	13.306	-1.038	0.793	-69.38	-68.33	136.81	24.033	6.120	-29.053	-0.57220	-0.21872	0.62946	-0.47794	25.6	null	null	13113	75
2026-05-27T14:18:42.611	WT901BLE68(F3:F0:16:BF:DC:AE)	0.915	-0.349	0.121	20.569	-4.700	1.587	-68.11	-68.33	137.79	24.033	6.120	-29.053	-0.57220	-0.21872	0.62946	-0.47794	25.6	null	null	13113	75
2026-05-27T14:18:42.699	WT901BLE68(F3:F0:16:BF:DC:AE)	0.916	-0.376	0.132	18.005	-7.935	3.174	-68.42	-68.27	139.75	24.033	6.120	-29.053	-0.53363	-0.27383	0.59720	-0.53244	25.6	null	null	13113	75
2026-05-27T14:18:42.823	WT901BLE68(F3:F0:16:BF:DC:AE)	0.940	-0.371	0.152	22.278	-5.615	7.568	-68.67	-68.03	142.11	24.033	6.120	-29.053	-0.53363	-0.27383	0.59720	-0.53244	25.6	null	null	13113	75
2026-05-27T14:18:42.879	WT901BLE68(F3:F0:16:BF:DC:AE)	0.946	-0.338	0.159	10.925	0.977	10.620	-68.45	-67.17	143.40	24.033	6.120	-29.053	-0.53363	-0.27383	0.59720	-0.53244	25.6	null	null	13113	75
2026-05-27T14:18:43.003	WT901BLE68(F3:F0:16:BF:DC:AE)	0.931	-0.318	0.157	0.366	5.615	9.277	-68.04	-66.09	143.25	24.033	6.120	-29.053	-0.53363	-0.27383	0.59720	-0.53244	25.6	null	null	13113	75
2026-05-27T14:18:43.091	WT901BLE68(F3:F0:16:BF:DC:AE)	0.915	-0.310	0.140	-6.714	6.409	0.000	-67.30	-65.60	142.03	24.033	6.120	-29.053	-0.53363	-0.27383	0.59720	-0.53244	25.6	null	null	13113	75
2026-05-27T14:18:43.213	WT901BLE68(F3:F0:16:BF:DC:AE)	0.909	-0.329	0.136	-12.817	4.089	-7.874	-66.79	-66.09	140.36	24.033	6.120	-29.053	-0.53363	-0.27383	0.59720	-0.53244	25.6	null	null	13113	75
2026-05-27T14:18:43.301	WT901BLE68(F3:F0:16:BF:DC:AE)	0.918	-0.354	0.125	-24.597	5.188	-9.399	-67.08	-66.88	138.38	24.033	6.120	-29.053	-0.53363	-0.27383	0.59720	-0.53244	25.6	null	null	13113	75
2026-05-27T14:18:43.420	WT901BLE68(F3:F0:16:BF:DC:AE)	0.934	-0.374	0.115	-25.146	5.188	-5.554	-67.93	-67.42	136.50	26.040	3.987	-29.120	-0.53363	-0.27383	0.59720	-0.53244	25.6	null	null	13113	75
2026-05-27T14:18:43.481	WT901BLE68(F3:F0:16:BF:DC:AE)	0.919	-0.362	0.129	-24.597	3.540	-2.197	-69.35	-67.55	135.34	26.040	3.987	-29.120	-0.53363	-0.27383	0.59720	-0.53244	25.6	null	null	13113	75
2026-05-27T14:18:43.604	WT901BLE68(F3:F0:16:BF:DC:AE)	0.922	-0.349	0.148	-28.564	5.127	0.183	-70.96	-67.53	134.36	26.040	3.987	-29.120	-0.53363	-0.27383	0.59720	-0.53244	25.6	null	null	13113	75
2026-05-27T14:18:43.689	WT901BLE68(F3:F0:16:BF:DC:AE)	0.930	-0.338	0.151	-26.245	6.226	-1.831	-72.05	-67.41	132.93	26.040	3.987	-29.120	-0.56219	-0.22549	0.62283	-0.49506	25.6	null	null	13113	75
2026-05-27T14:18:43.813	WT901BLE68(F3:F0:16:BF:DC:AE)	0.928	-0.341	0.147	-23.315	7.446	-3.418	-72.38	-67.49	131.03	26.040	3.987	-29.120	-0.56219	-0.22549	0.62283	-0.49506	25.6	null	null	13113	75
2026-05-27T14:18:43.901	WT901BLE68(F3:F0:16:BF:DC:AE)	0.929	-0.370	0.141	-18.982	5.920	-5.859	-72.18	-67.80	129.09	26.040	3.987	-29.120	-0.56219	-0.22549	0.62283	-0.49506	25.6	null	null	13113	75
2026-05-27T14:18:44.025	WT901BLE68(F3:F0:16:BF:DC:AE)	0.922	-0.374	0.142	-13.184	4.639	-5.066	-71.81	-68.14	127.60	26.040	3.987	-29.120	-0.56219	-0.22549	0.62283	-0.49506	25.6	null	null	13113	75
2026-05-27T14:18:44.111	WT901BLE68(F3:F0:16:BF:DC:AE)	0.919	-0.380	0.142	-4.089	1.587	-3.723	-71.43	-68.35	126.74	26.040	3.987	-29.120	-0.56219	-0.22549	0.62283	-0.49506	25.6	null	null	13113	75
2026-05-27T14:18:44.232	WT901BLE68(F3:F0:16:BF:DC:AE)	0.914	-0.384	0.148	2.869	0.061	-0.305	-71.02	-68.37	126.68	26.040	3.987	-29.120	-0.56219	-0.22549	0.62283	-0.49506	25.6	null	null	13113	75
2026-05-27T14:18:44.289	WT901BLE68(F3:F0:16:BF:DC:AE)	0.914	-0.381	0.146	9.033	-1.404	2.869	-70.55	-68.12	127.25	23.073	6.040	-22.407	-0.56219	-0.22549	0.62283	-0.49506	25.6	null	null	13113	75
2026-05-27T14:18:44.413	WT901BLE68(F3:F0:16:BF:DC:AE)	0.913	-0.377	0.136	15.991	-3.479	5.432	-70.10	-67.65	128.47	23.073	6.040	-22.407	-0.56219	-0.22549	0.62283	-0.49506	25.6	null	null	13113	75
2026-05-27T14:18:44.500	WT901BLE68(F3:F0:16:BF:DC:AE)	0.917	-0.390	0.119	17.273	-8.484	9.827	-70.07	-67.13	130.64	23.073	6.040	-22.407	-0.57736	-0.20847	0.62485	-0.48233	25.6	null	null	13113	75
2026-05-27T14:18:44.621	WT901BLE68(F3:F0:16:BF:DC:AE)	0.900	-0.419	0.104	2.991	-11.841	16.907	-72.76	-66.08	134.35	23.073	6.040	-22.407	-0.57736	-0.20847	0.62485	-0.48233	25.6	null	null	13113	75
2026-05-27T14:18:44.711	WT901BLE68(F3:F0:16:BF:DC:AE)	0.938	-0.388	0.103	18.188	-10.071	17.273	-74.97	-64.81	138.37	23.073	6.040	-22.407	-0.57736	-0.20847	0.62485	-0.48233	25.6	null	null	13113	75
2026-05-27T14:18:44.834	WT901BLE68(F3:F0:16:BF:DC:AE)	0.895	-0.372	0.092	20.508	-10.315	13.672	-76.15	-63.40	141.54	23.073	6.040	-22.407	-0.57736	-0.20847	0.62485	-0.48233	25.6	null	null	13113	75
2026-05-27T14:18:44.889	WT901BLE68(F3:F0:16:BF:DC:AE)	0.902	-0.359	0.108	22.949	-10.315	-4.517	-76.11	-63.42	144.43	23.073	6.040	-22.407	-0.57736	-0.20847	0.62485	-0.48233	25.6	null	null	13113	75
2026-05-27T14:18:45.015	WT901BLE68(F3:F0:16:BF:DC:AE)	0.938	-0.368	0.102	7.507	-1.526	-8.972	-75.20	-64.52	145.47	23.073	6.040	-22.407	-0.57736	-0.20847	0.62485	-0.48233	25.6	null	null	13113	75
2026-05-27T14:18:45.100	WT901BLE68(F3:F0:16:BF:DC:AE)	0.937	-0.365	0.084	-6.226	4.028	-7.690	-74.24	-65.48	144.70	23.073	6.040	-22.407	-0.57736	-0.20847	0.62485	-0.48233	25.6	null	null	13113	75
2026-05-27T14:18:45.219	WT901BLE68(F3:F0:16:BF:DC:AE)	0.906	-0.365	0.076	-14.343	5.005	-7.996	-73.99	-66.15	143.17	26.207	2.667	-29.087	-0.57736	-0.20847	0.62485	-0.48233	25.6	null	null	13113	75
2026-05-27T14:18:45.311	WT901BLE68(F3:F0:16:BF:DC:AE)	0.908	-0.377	0.069	-17.822	3.784	-12.390	-74.11	-67.06	141.54	26.207	2.667	-29.087	-0.57736	-0.20847	0.62485	-0.48233	25.6	null	null	13113	75
2026-05-27T14:18:45.430	WT901BLE68(F3:F0:16:BF:DC:AE)	0.929	-0.396	0.075	-17.883	2.014	-11.292	-74.72	-68.16	140.24	26.207	2.667	-29.087	-0.53976	-0.24908	0.62210	-0.50937	25.6	null	null	13113	75
2026-05-27T14:18:45.519	WT901BLE68(F3:F0:16:BF:DC:AE)	0.928	-0.375	0.088	-22.156	4.333	-7.324	-75.53	-68.88	139.08	26.207	2.667	-29.087	-0.53976	-0.24908	0.62210	-0.50937	25.6	null	null	13113	75
2026-05-27T14:18:45.645	WT901BLE68(F3:F0:16:BF:DC:AE)	0.926	-0.395	0.089	-17.944	3.296	-1.282	-76.61	-69.04	137.93	26.207	2.667	-29.087	-0.53976	-0.24908	0.62210	-0.50937	25.6	null	null	13113	75
2026-05-27T14:18:45.699	WT901BLE68(F3:F0:16:BF:DC:AE)	0.945	-0.408	0.100	-10.925	1.648	0.244	-77.61	-68.88	137.41	26.207	2.667	-29.087	-0.53976	-0.24908	0.62210	-0.50937	25.6	null	null	13113	75
2026-05-27T14:18:45.823	WT901BLE68(F3:F0:16:BF:DC:AE)	0.918	-0.358	0.130	-2.197	5.554	2.625	-77.47	-68.56	136.87	26.207	2.667	-29.087	-0.53976	-0.24908	0.62210	-0.50937	25.6	null	null	13113	75
2026-05-27T14:18:45.913	WT901BLE68(F3:F0:16:BF:DC:AE)	0.912	-0.365	0.117	-8.240	9.949	-2.380	-75.84	-68.27	134.90	26.207	2.667	-29.087	-0.53976	-0.24908	0.62210	-0.50937	25.6	null	null	13113	75
2026-05-27T14:18:46.030	WT901BLE68(F3:F0:16:BF:DC:AE)	0.920	-0.385	0.092	-6.653	9.583	-1.587	-73.83	-68.13	132.32	26.207	2.667	-29.087	-0.53976	-0.24908	0.62210	-0.50937	25.6	null	null	13113	75
2026-05-27T14:18:46.123	WT901BLE68(F3:F0:16:BF:DC:AE)	0.900	-0.387	0.084	0.732	3.723	0.000	-72.58	-67.94	130.84	22.587	5.553	-22.567	-0.53976	-0.24908	0.62210	-0.50937	25.6	null	null	13113	75
2026-05-27T14:18:46.242	WT901BLE68(F3:F0:16:BF:DC:AE)	0.923	-0.361	0.080	-1.587	-0.671	1.038	-72.33	-67.81	130.94	22.587	5.553	-22.567	-0.53976	-0.24908	0.62210	-0.50937	25.6	null	null	13113	75
2026-05-27T14:18:46.300	WT901BLE68(F3:F0:16:BF:DC:AE)	0.859	-0.427	0.082	15.259	-13.611	0.671	-74.48	-67.89	132.79	22.587	5.553	-22.567	-0.57715	-0.20367	0.63611	-0.46973	25.6	null	null	13113	75
2026-05-27T14:18:46.422	WT901BLE68(F3:F0:16:BF:DC:AE)	0.942	-0.349	0.142	29.419	-11.353	0.305	-75.26	-67.98	137.12	22.587	5.553	-22.567	-0.57715	-0.20367	0.63611	-0.46973	25.6	null	null	13113	75
2026-05-27T14:18:46.512	WT901BLE68(F3:F0:16:BF:DC:AE)	0.962	-0.375	0.096	-14.465	7.996	14.648	-74.87	-67.31	137.36	22.587	5.553	-22.567	-0.57715	-0.20367	0.63611	-0.46973	25.6	null	null	13113	75
2026-05-27T14:18:46.634	WT901BLE68(F3:F0:16:BF:DC:AE)	0.906	-0.376	0.079	10.681	-5.127	11.719	-75.68	-65.92	137.59	22.587	5.553	-22.567	-0.57715	-0.20367	0.63611	-0.46973	25.6	null	null	13113	75
2026-05-27T14:18:46.721	WT901BLE68(F3:F0:16:BF:DC:AE)	0.886	-0.307	0.131	28.259	-9.827	-0.488	-75.53	-65.69	140.44	22.587	5.553	-22.567	-0.57715	-0.20367	0.63611	-0.46973	25.6	null	null	13113	75
2026-05-27T14:18:46.844	WT901BLE68(F3:F0:16:BF:DC:AE)	0.905	-0.366	0.085	6.409	-3.967	-11.047	-74.62	-66.58	141.33	22.587	5.553	-22.567	-0.57715	-0.20367	0.63611	-0.46973	25.6	null	null	13113	75
2026-05-27T14:18:46.932	WT901BLE68(F3:F0:16:BF:DC:AE)	0.935	-0.423	0.065	19.714	-13.367	-11.841	-74.75	-68.09	142.50	22.587	5.553	-22.567	-0.57715	-0.20367	0.63611	-0.46973	25.6	null	null	13113	75
2026-05-27T14:18:47.049	WT901BLE68(F3:F0:16:BF:DC:AE)	0.919	-0.363	0.100	16.174	-9.644	3.540	-75.81	-68.66	145.68	23.820	6.040	-28.740	-0.57715	-0.20367	0.63611	-0.46973	25.6	null	null	13113	75
2026-05-27T14:18:47.112	WT901BLE68(F3:F0:16:BF:DC:AE)	0.997	-0.362	0.096	0.488	-0.244	3.479	-76.40	-68.33	147.06	23.820	6.040	-28.740	-0.57715	-0.20367	0.63611	-0.46973	25.6	null	null	13113	75
2026-05-27T14:18:47.232	WT901BLE68(F3:F0:16:BF:DC:AE)	0.991	-0.328	0.087	-16.418	12.878	15.991	-76.27	-67.23	145.73	23.820	6.040	-28.740	-0.51773	-0.27454	0.61697	-0.52518	25.6	null	null	13113	75
2026-05-27T14:18:47.320	WT901BLE68(F3:F0:16:BF:DC:AE)	0.904	-0.296	0.066	-23.193	19.165	11.353	-75.45	-65.51	142.60	23.820	6.040	-28.740	-0.51773	-0.27454	0.61697	-0.52518	25.6	null	null	13113	75
2026-05-27T14:18:47.441	WT901BLE68(F3:F0:16:BF:DC:AE)	0.874	-0.346	0.047	-20.020	12.146	-24.902	-73.73	-66.29	138.47	23.820	6.040	-28.740	-0.51773	-0.27454	0.61697	-0.52518	25.6	null	null	13113	75
2026-05-27T14:18:47.530	WT901BLE68(F3:F0:16:BF:DC:AE)	0.911	-0.407	0.044	-6.592	0.854	-38.025	-71.37	-69.48	134.68	23.820	6.040	-28.740	-0.51773	-0.27454	0.61697	-0.52518	25.6	null	null	13113	75
2026-05-27T14:18:47.652	WT901BLE68(F3:F0:16:BF:DC:AE)	0.914	-0.476	0.064	2.258	-9.766	-16.907	-70.79	-72.27	133.55	23.820	6.040	-28.740	-0.51773	-0.27454	0.61697	-0.52518	25.6	null	null	13113	75
2026-05-27T14:18:47.710	WT901BLE68(F3:F0:16:BF:DC:AE)	0.972	-0.368	0.127	16.357	-7.263	7.629	-72.88	-72.20	137.13	23.820	6.040	-28.740	-0.51773	-0.27454	0.61697	-0.52518	25.6	null	null	13113	75
2026-05-27T14:18:47.834	WT901BLE68(F3:F0:16:BF:DC:AE)	0.943	-0.402	0.126	-7.629	1.221	26.306	-75.05	-70.19	138.35	23.820	6.040	-28.740	-0.51773	-0.27454	0.61697	-0.52518	25.6	null	null	13113	75
2026-05-27T14:18:47.919	WT901BLE68(F3:F0:16:BF:DC:AE)	0.954	-0.303	0.194	-3.601	-1.038	22.949	-74.90	-67.92	139.74	22.773	7.593	-25.960	-0.51773	-0.27454	0.61697	-0.52518	25.6	null	null	13113	75
2026-05-27T14:18:48.040	WT901BLE68(F3:F0:16:BF:DC:AE)	0.919	-0.304	0.160	10.986	0.854	12.085	-74.44	-66.22	140.15	22.773	7.593	-25.960	-0.51773	-0.27454	0.61697	-0.52518	25.6	null	null	13113	75
2026-05-27T14:18:48.131	WT901BLE68(F3:F0:16:BF:DC:AE)	0.911	-0.306	0.160	17.517	2.136	-1.953	-72.38	-66.14	139.76	22.773	7.593	-25.960	-0.53622	-0.23785	0.62201	-0.51852	25.6	null	null	13113	75
2026-05-27T14:18:48.252	WT901BLE68(F3:F0:16:BF:DC:AE)	0.923	-0.338	0.119	-0.183	7.507	-5.005	-69.70	-66.53	137.60	22.773	7.593	-25.960	-0.53622	-0.23785	0.62201	-0.51852	25.6	null	null	13113	75
2026-05-27T14:18:48.344	WT901BLE68(F3:F0:16:BF:DC:AE)	0.909	-0.371	0.103	4.700	1.221	-3.357	-68.29	-66.87	135.84	22.773	7.593	-25.960	-0.53622	-0.23785	0.62201	-0.51852	25.6	null	null	13113	75
2026-05-27T14:18:48.461	WT901BLE68(F3:F0:16:BF:DC:AE)	0.914	-0.373	0.152	5.310	-3.479	-3.296	-67.97	-67.34	135.90	22.773	7.593	-25.960	-0.53622	-0.23785	0.62201	-0.51852	25.6	null	null	13113	75
2026-05-27T14:18:48.523	WT901BLE68(F3:F0:16:BF:DC:AE)	0.942	-0.363	0.190	6.348	-0.610	3.174	-67.85	-67.41	136.19	22.773	7.593	-25.960	-0.53622	-0.23785	0.62201	-0.51852	25.6	null	null	13113	75
2026-05-27T14:18:48.641	WT901BLE68(F3:F0:16:BF:DC:AE)	0.950	-0.329	0.187	-9.033	9.460	11.536	-67.48	-66.46	135.28	22.773	7.593	-25.960	-0.53622	-0.23785	0.62201	-0.51852	25.6	null	null	13113	75
2026-05-27T14:18:48.735	WT901BLE68(F3:F0:16:BF:DC:AE)	0.922	-0.315	0.170	-15.137	12.451	11.597	-67.24	-64.96	133.37	22.773	7.593	-25.960	-0.53622	-0.23785	0.62201	-0.51852	25.6	null	null	13113	75
2026-05-27T14:18:48.849	WT901BLE68(F3:F0:16:BF:DC:AE)	0.911	-0.302	0.161	-14.587	8.972	-4.150	-66.65	-64.48	131.14	27.633	4.020	-22.193	-0.53622	-0.23785	0.62201	-0.51852	25.6	null	null	13113	75
2026-05-27T14:18:48.942	WT901BLE68(F3:F0:16:BF:DC:AE)	0.921	-0.327	0.159	-16.418	5.493	-15.015	-65.66	-65.56	128.34	27.633	4.020	-22.193	-0.53622	-0.23785	0.62201	-0.51852	25.6	null	null	13113	75
2026-05-27T14:18:49.062	WT901BLE68(F3:F0:16:BF:DC:AE)	0.926	-0.376	0.209	-29.846	10.132	-12.756	-64.79	-66.77	124.93	27.633	4.020	-22.193	-0.58148	-0.20901	0.60983	-0.49619	25.6	null	null	13113	75
2026-05-27T14:18:49.119	WT901BLE68(F3:F0:16:BF:DC:AE)	0.890	-0.335	0.171	-29.053	11.719	-12.329	-63.90	-67.09	120.79	27.633	4.020	-22.193	-0.58148	-0.20901	0.60983	-0.49619	25.6	null	null	13113	75
2026-05-27T14:18:49.243	WT901BLE68(F3:F0:16:BF:DC:AE)	0.906	-0.368	0.159	-29.175	10.132	-12.451	-63.02	-67.70	116.85	27.633	4.020	-22.193	-0.58148	-0.20901	0.60983	-0.49619	25.6	null	null	13113	75
2026-05-27T14:18:49.330	WT901BLE68(F3:F0:16:BF:DC:AE)	0.908	-0.379	0.158	-22.156	4.089	-11.047	-62.94	-68.37	114.02	27.633	4.020	-22.193	-0.58148	-0.20901	0.60983	-0.49619	25.6	null	null	13113	75
2026-05-27T14:18:49.454	WT901BLE68(F3:F0:16:BF:DC:AE)	0.916	-0.384	0.169	-15.991	-0.305	-6.104	-63.80	-68.83	112.80	27.633	4.020	-22.193	-0.58148	-0.20901	0.60983	-0.49619	25.6	null	null	13113	75
2026-05-27T14:18:49.541	WT901BLE68(F3:F0:16:BF:DC:AE)	0.918	-0.394	0.217	-7.751	-1.953	-2.380	-65.00	-69.05	112.96	27.633	4.020	-22.193	-0.58148	-0.20901	0.60983	-0.49619	25.6	null	null	13113	75
2026-05-27T14:18:49.661	WT901BLE68(F3:F0:16:BF:DC:AE)	0.909	-0.349	0.183	6.775	-3.418	-0.366	-65.31	-68.95	113.46	27.633	4.020	-22.193	-0.58148	-0.20901	0.60983	-0.49619	25.6	null	null	13113	75
2026-05-27T14:18:49.719	WT901BLE68(F3:F0:16:BF:DC:AE)	0.932	-0.330	0.143	8.972	-3.967	0.000	-65.15	-68.98	114.36	21.007	7.367	-12.940	-0.58148	-0.20901	0.60983	-0.49619	25.6	null	null	13113	75
2026-05-27T14:18:49.873	WT901BLE68(F3:F0:16:BF:DC:AE)	0.930	-0.315	0.133	5.310	-4.578	1.526	-65.57	-69.03	115.55	21.007	7.367	-12.940	-0.58148	-0.20901	0.60983	-0.49619	25.6	null	null	13113	75
2026-05-27T14:18:49.930	WT901BLE68(F3:F0:16:BF:DC:AE)	0.944	-0.311	0.135	4.272	-6.531	0.305	-66.67	-69.11	117.25	21.007	7.367	-12.940	-0.62622	-0.16696	0.63232	-0.42426	25.6	null	null	13113	75
2026-05-27T14:18:50.050	WT901BLE68(F3:F0:16:BF:DC:AE)	0.935	-0.311	0.169	5.249	-5.432	0.366	-67.55	-69.36	118.97	21.007	7.367	-12.940	-0.62622	-0.16696	0.63232	-0.42426	25.6	null	null	13113	75
2026-05-27T14:18:50.145	WT901BLE68(F3:F0:16:BF:DC:AE)	0.945	-0.346	0.154	7.690	-3.723	0.977	-67.84	-69.48	120.03	21.007	7.367	-12.940	-0.62622	-0.16696	0.63232	-0.42426	25.6	null	null	13113	75
2026-05-27T14:18:50.260	WT901BLE68(F3:F0:16:BF:DC:AE)	0.928	-0.335	0.143	5.249	-0.793	6.104	-67.90	-69.20	121.01	21.007	7.367	-12.940	-0.62622	-0.16696	0.63232	-0.42426	25.6	null	null	13113	75
2026-05-27T14:18:50.352	WT901BLE68(F3:F0:16:BF:DC:AE)	0.937	-0.319	0.119	8.423	-2.747	5.554	-68.14	-68.62	122.16	21.007	7.367	-12.940	-0.62622	-0.16696	0.63232	-0.42426	25.6	null	null	13113	75
2026-05-27T14:18:50.474	WT901BLE68(F3:F0:16:BF:DC:AE)	0.945	-0.322	0.135	15.442	-6.226	1.343	-68.41	-68.57	123.98	21.007	7.367	-12.940	-0.62622	-0.16696	0.63232	-0.42426	25.6	null	null	13113	75
2026-05-27T14:18:50.530	WT901BLE68(F3:F0:16:BF:DC:AE)	0.953	-0.369	0.143	12.695	-3.479	2.869	-68.33	-68.60	125.61	21.007	7.367	-12.940	-0.62622	-0.16696	0.63232	-0.42426	25.6	null	null	13113	75
2026-05-27T14:18:50.650	WT901BLE68(F3:F0:16:BF:DC:AE)	0.911	-0.360	0.133	6.165	3.174	10.864	-67.99	-68.11	126.45	22.367	6.013	-20.940	-0.62622	-0.16696	0.63232	-0.42426	25.6	null	null	13113	75
2026-05-27T14:18:50.743	WT901BLE68(F3:F0:16:BF:DC:AE)	0.919	-0.327	0.108	8.484	0.488	7.202	-67.60	-67.07	127.06	22.367	6.013	-20.940	-0.62622	-0.16696	0.63232	-0.42426	25.6	null	null	13113	75
2026-05-27T14:18:50.859	WT901BLE68(F3:F0:16:BF:DC:AE)	0.913	-0.328	0.111	15.259	-5.676	0.916	-67.38	-66.85	128.23	22.367	6.013	-20.940	-0.58127	-0.20593	0.61835	-0.48706	25.6	null	null	13113	75
2026-05-27T14:18:50.952	WT901BLE68(F3:F0:16:BF:DC:AE)	0.931	-0.330	0.128	10.010	-5.859	-2.136	-67.53	-67.34	130.01	22.367	6.013	-20.940	-0.58127	-0.20593	0.61835	-0.48706	25.6	null	null	13113	75
2026-05-27T14:18:51.071	WT901BLE68(F3:F0:16:BF:DC:AE)	0.971	-0.332	0.144	-6.470	2.258	-1.770	-67.91	-67.69	130.67	22.367	6.013	-20.940	-0.58127	-0.20593	0.61835	-0.48706	25.6	null	null	13113	75
2026-05-27T14:18:51.161	WT901BLE68(F3:F0:16:BF:DC:AE)	0.945	-0.312	0.139	-25.635	14.587	3.052	-67.64	-67.47	128.92	22.367	6.013	-20.940	-0.58127	-0.20593	0.61835	-0.48706	25.6	null	null	13113	75
2026-05-27T14:18:51.283	WT901BLE68(F3:F0:16:BF:DC:AE)	0.913	-0.312	0.107	-38.818	21.057	0.427	-67.08	-66.75	124.97	22.367	6.013	-20.940	-0.58127	-0.20593	0.61835	-0.48706	25.6	null	null	13113	75
2026-05-27T14:18:51.339	WT901BLE68(F3:F0:16:BF:DC:AE)	0.911	-0.343	0.073	-39.185	16.479	-10.132	-66.68	-66.54	120.48	22.367	6.013	-20.940	-0.58127	-0.20593	0.61835	-0.48706	25.6	null	null	13113	75
2026-05-27T14:18:51.465	WT901BLE68(F3:F0:16:BF:DC:AE)	0.918	-0.372	0.069	-30.457	6.348	-18.433	-66.74	-67.51	116.97	22.367	6.013	-20.940	-0.58127	-0.20593	0.61835	-0.48706	25.6	null	null	13113	75
2026-05-27T14:18:51.550	WT901BLE68(F3:F0:16:BF:DC:AE)	0.902	-0.418	0.094	-15.747	-6.042	-21.973	-67.72	-69.44	115.53	20.287	5.473	-14.180	-0.58127	-0.20593	0.61835	-0.48706	25.6	null	null	13113	75
2026-05-27T14:18:51.672	WT901BLE68(F3:F0:16:BF:DC:AE)	0.945	-0.419	0.156	-1.282	-10.071	-13.794	-69.55	-71.31	116.83	20.287	5.473	-14.180	-0.58127	-0.20593	0.61835	-0.48706	25.6	null	null	13113	75
2026-05-27T14:18:51.759	WT901BLE68(F3:F0:16:BF:DC:AE)	0.924	-0.395	0.173	-12.573	1.221	4.028	-71.17	-71.51	117.97	20.287	5.473	-14.180	-0.63177	-0.16733	0.64740	-0.39194	25.6	null	null	13113	75
2026-05-27T14:18:51.882	WT901BLE68(F3:F0:16:BF:DC:AE)	0.930	-0.378	0.135	-7.751	5.432	11.169	-71.73	-70.26	117.68	20.287	5.473	-14.180	-0.63177	-0.16733	0.64740	-0.39194	25.6	null	null	13113	75
2026-05-27T14:18:51.942	WT901BLE68(F3:F0:16:BF:DC:AE)	0.928	-0.371	0.106	1.587	2.075	11.536	-71.79	-68.83	117.77	20.287	5.473	-14.180	-0.63177	-0.16733	0.64740	-0.39194	25.6	null	null	13113	75
2026-05-27T14:18:52.061	WT901BLE68(F3:F0:16:BF:DC:AE)	0.917	-0.360	0.110	22.400	-7.446	6.836	-72.04	-67.93	119.62	20.287	5.473	-14.180	-0.63177	-0.16733	0.64740	-0.39194	25.6	null	null	13113	75
2026-05-27T14:18:52.153	WT901BLE68(F3:F0:16:BF:DC:AE)	0.894	-0.345	0.125	27.771	-7.874	3.784	-71.79	-67.68	122.61	20.287	5.473	-14.180	-0.63177	-0.16733	0.64740	-0.39194	25.6	null	null	13113	75
2026-05-27T14:18:52.270	WT901BLE68(F3:F0:16:BF:DC:AE)	0.914	-0.378	0.082	22.400	-6.226	2.136	-71.00	-67.58	124.67	20.287	5.473	-14.180	-0.63177	-0.16733	0.64740	-0.39194	25.6	null	null	13113	75
2026-05-27T14:18:52.363	WT901BLE68(F3:F0:16:BF:DC:AE)	0.941	-0.411	0.070	35.339	-17.273	-0.366	-71.17	-67.88	127.81	20.287	5.473	-14.180	-0.63177	-0.16733	0.64740	-0.39194	25.6	null	null	13113	75
2026-05-27T14:18:52.481	WT901BLE68(F3:F0:16:BF:DC:AE)	0.918	-0.365	0.104	44.739	-23.560	7.019	-72.86	-68.09	133.71	21.147	7.000	-19.360	-0.63177	-0.16733	0.64740	-0.39194	25.6	null	null	13113	75
2026-05-27T14:18:52.572	WT901BLE68(F3:F0:16:BF:DC:AE)	0.942	-0.326	0.122	40.039	-18.860	6.653	-74.38	-67.91	139.97	21.147	7.000	-19.360	-0.63177	-0.16733	0.64740	-0.39194	25.6	null	null	13113	75
2026-05-27T14:18:52.690	WT901BLE68(F3:F0:16:BF:DC:AE)	0.947	-0.324	0.111	23.743	-9.399	9.155	-74.82	-67.69	143.78	21.147	7.000	-19.360	-0.53571	-0.25494	0.62054	-0.51266	25.6	null	null	13113	75
2026-05-27T14:18:52.750	WT901BLE68(F3:F0:16:BF:DC:AE)	0.935	-0.314	0.104	12.878	-4.883	9.277	-75.08	-67.00	145.79	21.147	7.000	-19.360	-0.53571	-0.25494	0.62054	-0.51266	25.6	null	null	13113	75
2026-05-27T14:18:52.872	WT901BLE68(F3:F0:16:BF:DC:AE)	0.936	-0.305	0.092	-2.930	-0.427	7.385	-75.48	-66.50	146.66	21.147	7.000	-19.360	-0.53571	-0.25494	0.62054	-0.51266	25.6	null	null	13113	75
2026-05-27T14:18:52.962	WT901BLE68(F3:F0:16:BF:DC:AE)	0.943	-0.304	0.088	-9.460	0.610	0.061	-76.21	-66.41	146.66	21.147	7.000	-19.360	-0.53571	-0.25494	0.62054	-0.51266	25.6	null	null	13113	75
2026-05-27T14:18:53.081	WT901BLE68(F3:F0:16:BF:DC:AE)	0.941	-0.307	0.076	-22.827	4.333	-4.761	-77.01	-66.89	145.63	21.147	7.000	-19.360	-0.53571	-0.25494	0.62054	-0.51266	25.6	null	null	13113	75
2026-05-27T14:18:53.171	WT901BLE68(F3:F0:16:BF:DC:AE)	0.946	-0.338	0.069	-21.301	1.892	-14.282	-77.90	-68.09	144.19	21.147	7.000	-19.360	-0.53571	-0.25494	0.62054	-0.51266	25.6	null	null	13113	75
2026-05-27T14:18:53.293	WT901BLE68(F3:F0:16:BF:DC:AE)	0.940	-0.363	0.090	-21.729	6.226	-15.808	-78.11	-69.61	142.26	21.147	7.000	-19.360	-0.53571	-0.25494	0.62054	-0.51266	25.6	null	null	13113	75
2026-05-27T14:18:53.348	WT901BLE68(F3:F0:16:BF:DC:AE)	0.952	-0.379	0.064	-32.288	13.184	-12.451	-77.14	-70.82	138.17	22.853	7.607	-24.127	-0.53571	-0.25494	0.62054	-0.51266	25.6	null	null	13113	75
2026-05-27T14:18:53.473	WT901BLE68(F3:F0:16:BF:DC:AE)	0.931	-0.388	0.056	-25.513	10.132	-1.343	-76.55	-70.96	134.20	22.853	7.607	-24.127	-0.53571	-0.25494	0.62054	-0.51266	25.6	null	null	13113	75
2026-05-27T14:18:53.559	WT901BLE68(F3:F0:16:BF:DC:AE)	0.942	-0.390	0.074	-10.620	3.296	-2.625	-76.68	-70.85	132.50	22.853	7.607	-24.127	-0.58292	-0.21829	0.64359	-0.44522	25.6	null	null	13113	75
2026-05-27T14:18:53.681	WT901BLE68(F3:F0:16:BF:DC:AE)	0.896	-0.376	0.095	5.859	0.427	-0.916	-76.48	-70.76	132.22	22.853	7.607	-24.127	-0.58292	-0.21829	0.64359	-0.44522	25.6	null	null	13113	75
2026-05-27T14:18:53.772	WT901BLE68(F3:F0:16:BF:DC:AE)	0.930	-0.393	0.091	8.484	2.930	2.991	-75.36	-70.43	131.90	22.853	7.607	-24.127	-0.58292	-0.21829	0.64359	-0.44522	25.6	null	null	13113	75
2026-05-27T14:18:53.890	WT901BLE68(F3:F0:16:BF:DC:AE)	0.926	-0.374	0.084	16.907	2.014	8.850	-74.00	-69.51	131.79	22.853	7.607	-24.127	-0.58292	-0.21829	0.64359	-0.44522	25.6	null	null	13113	75
2026-05-27T14:18:53.982	WT901BLE68(F3:F0:16:BF:DC:AE)	0.949	-0.366	0.087	22.400	0.183	7.751	-72.60	-68.63	132.38	22.853	7.607	-24.127	-0.58292	-0.21829	0.64359	-0.44522	25.6	null	null	13113	75
2026-05-27T14:18:54.101	WT901BLE68(F3:F0:16:BF:DC:AE)	0.931	-0.351	0.090	18.250	2.197	7.813	-71.17	-67.84	132.92	22.853	7.607	-24.127	-0.58292	-0.21829	0.64359	-0.44522	25.6	null	null	13113	75
2026-05-27T14:18:54.163	WT901BLE68(F3:F0:16:BF:DC:AE)	0.927	-0.343	0.070	18.311	0.793	4.333	-69.77	-67.23	133.24	22.853	7.607	-24.127	-0.58292	-0.21829	0.64359	-0.44522	25.6	null	null	13113	75
2026-05-27T14:18:54.280	WT901BLE68(F3:F0:16:BF:DC:AE)	0.931	-0.358	0.067	20.203	-5.127	2.075	-69.08	-67.16	134.24	23.647	5.993	-22.060	-0.58292	-0.21829	0.64359	-0.44522	25.6	null	null	13113	75
2026-05-27T14:18:54.369	WT901BLE68(F3:F0:16:BF:DC:AE)	0.909	-0.354	0.107	21.362	-9.338	1.648	-69.42	-67.41	136.61	23.647	5.993	-22.060	-0.58292	-0.21829	0.64359	-0.44522	25.6	null	null	13113	75
2026-05-27T14:18:54.493	WT901BLE68(F3:F0:16:BF:DC:AE)	0.931	-0.349	0.118	5.798	-4.517	5.066	-70.25	-67.34	138.52	23.647	5.993	-22.060	-0.54410	-0.25131	0.60818	-0.52036	25.6	null	null	13113	75
2026-05-27T14:18:54.582	WT901BLE68(F3:F0:16:BF:DC:AE)	0.925	-0.333	0.125	4.883	-6.287	5.615	-71.56	-67.00	140.13	23.647	5.993	-22.060	-0.54410	-0.25131	0.60818	-0.52036	25.6	null	null	13113	75
2026-05-27T14:18:54.705	WT901BLE68(F3:F0:16:BF:DC:AE)	0.923	-0.323	0.153	6.958	-6.775	1.160	-72.56	-67.02	141.78	23.647	5.993	-22.060	-0.54410	-0.25131	0.60818	-0.52036	25.6	null	null	13113	75
2026-05-27T14:18:54.760	WT901BLE68(F3:F0:16:BF:DC:AE)	0.925	-0.340	0.165	5.371	-3.540	-2.502	-72.64	-67.42	142.46	23.647	5.993	-22.060	-0.54410	-0.25131	0.60818	-0.52036	25.6	null	null	13113	75
2026-05-27T14:18:54.880	WT901BLE68(F3:F0:16:BF:DC:AE)	0.928	-0.358	0.160	-1.709	2.747	-1.038	-71.86	-67.63	141.64	23.647	5.993	-22.060	-0.54410	-0.25131	0.60818	-0.52036	25.6	null	null	13113	75
2026-05-27T14:18:54.972	WT901BLE68(F3:F0:16:BF:DC:AE)	0.915	-0.345	0.136	-6.409	4.944	1.770	-71.04	-67.42	140.08	23.647	5.993	-22.060	-0.54410	-0.25131	0.60818	-0.52036	25.6	null	null	13113	75
2026-05-27T14:18:55.091	WT901BLE68(F3:F0:16:BF:DC:AE)	0.944	-0.335	0.131	-7.935	3.784	0.244	-70.66	-67.26	138.75	23.647	5.993	-22.060	-0.54410	-0.25131	0.60818	-0.52036	25.6	null	null	13113	75
2026-05-27T14:18:55.183	WT901BLE68(F3:F0:16:BF:DC:AE)	0.942	-0.313	0.161	-12.512	5.737	1.038	-70.47	-67.13	137.37	25.960	5.747	-26.187	-0.54410	-0.25131	0.60818	-0.52036	25.6	null	null	13113	75
2026-05-27T14:18:55.300	WT901BLE68(F3:F0:16:BF:DC:AE)	0.900	-0.334	0.171	-18.250	9.216	-0.916	-70.06	-66.97	135.13	25.960	5.747	-26.187	-0.54410	-0.25131	0.60818	-0.52036	25.6	null	null	13113	75
2026-05-27T14:18:55.359	WT901BLE68(F3:F0:16:BF:DC:AE)	0.901	-0.398	0.148	-11.475	6.042	-7.385	-69.37	-67.15	132.48	25.960	5.747	-26.187	-0.55890	-0.22894	0.61636	-0.50516	25.6	null	null	13113	75
2026-05-27T14:18:55.513	WT901BLE68(F3:F0:16:BF:DC:AE)	0.940	-0.402	0.173	-9.277	4.333	-2.502	-68.70	-67.51	130.70	25.960	5.747	-26.187	-0.55890	-0.22894	0.61636	-0.50516	25.6	null	null	13113	75
2026-05-27T14:18:55.573	WT901BLE68(F3:F0:16:BF:DC:AE)	0.906	-0.387	0.185	-14.282	8.667	4.761	-68.44	-66.85	128.95	25.960	5.747	-26.187	-0.55890	-0.22894	0.61636	-0.50516	25.6	null	null	13113	75
2026-05-27T14:18:55.692	WT901BLE68(F3:F0:16:BF:DC:AE)	0.893	-0.396	0.176	-5.493	5.981	2.502	-67.94	-66.16	127.42	25.960	5.747	-26.187	-0.55890	-0.22894	0.61636	-0.50516	25.6	null	null	13113	75
2026-05-27T14:18:55.781	WT901BLE68(F3:F0:16:BF:DC:AE)	0.907	-0.404	0.169	-0.061	1.648	2.014	-67.51	-65.71	126.54	25.960	5.747	-26.187	-0.55890	-0.22894	0.61636	-0.50516	25.6	null	null	13113	75
2026-05-27T14:18:55.902	WT901BLE68(F3:F0:16:BF:DC:AE)	0.900	-0.367	0.179	4.333	-1.343	1.343	-67.31	-65.46	126.61	25.960	5.747	-26.187	-0.55890	-0.22894	0.61636	-0.50516	25.6	null	null	13113	75
2026-05-27T14:18:55.991	WT901BLE68(F3:F0:16:BF:DC:AE)	0.916	-0.375	0.183	2.625	-1.038	-0.305	-67.11	-65.47	126.79	25.960	5.747	-26.187	-0.55890	-0.22894	0.61636	-0.50516	25.6	null	null	13113	75
2026-05-27T14:18:56.112	WT901BLE68(F3:F0:16:BF:DC:AE)	0.908	-0.361	0.187	-1.831	1.221	1.831	-66.93	-65.41	126.70	25.807	5.680	-19.387	-0.55890	-0.22894	0.61636	-0.50516	25.6	null	null	13113	75
2026-05-27T14:18:56.173	WT901BLE68(F3:F0:16:BF:DC:AE)	0.911	-0.363	0.176	-1.770	0.183	0.610	-66.88	-65.25	126.43	25.807	5.680	-19.387	-0.55890	-0.22894	0.61636	-0.50516	25.6	null	null	13113	75
2026-05-27T14:18:56.290	WT901BLE68(F3:F0:16:BF:DC:AE)	0.902	-0.391	0.195	5.127	-3.235	-5.737	-66.70	-65.53	126.47	25.807	5.680	-19.387	-0.58197	-0.19272	0.61697	-0.49335	25.6	null	null	13113	75
2026-05-27T14:18:56.383	WT901BLE68(F3:F0:16:BF:DC:AE)	0.916	-0.407	0.200	9.583	-2.075	-4.395	-65.89	-66.12	126.41	25.807	5.680	-19.387	-0.58197	-0.19272	0.61697	-0.49335	25.6	null	null	13113	75
2026-05-27T14:18:56.504	WT901BLE68(F3:F0:16:BF:DC:AE)	0.917	-0.370	0.173	10.681	-1.648	1.648	-64.95	-66.21	126.55	25.807	5.680	-19.387	-0.58197	-0.19272	0.61697	-0.49335	25.6	null	null	13113	75
2026-05-27T14:18:56.592	WT901BLE68(F3:F0:16:BF:DC:AE)	0.918	-0.351	0.160	10.010	-3.662	3.052	-64.70	-65.99	127.32	25.807	5.680	-19.387	-0.58197	-0.19272	0.61697	-0.49335	25.6	null	null	13113	75
2026-05-27T14:18:56.713	WT901BLE68(F3:F0:16:BF:DC:AE)	0.910	-0.345	0.175	13.855	-6.958	-1.770	-64.70	-66.11	128.58	25.807	5.680	-19.387	-0.58197	-0.19272	0.61697	-0.49335	25.6	null	null	13113	75
2026-05-27T14:18:56.800	WT901BLE68(F3:F0:16:BF:DC:AE)	0.906	-0.348	0.168	9.521	-4.333	-0.488	-64.47	-66.53	129.61	25.807	5.680	-19.387	-0.58197	-0.19272	0.61697	-0.49335	25.6	null	null	13113	75
2026-05-27T14:18:56.922	WT901BLE68(F3:F0:16:BF:DC:AE)	0.919	-0.347	0.136	4.944	-3.418	2.014	-64.55	-66.67	130.46	25.807	5.680	-19.387	-0.58197	-0.19272	0.61697	-0.49335	25.6	null	null	13113	75
2026-05-27T14:18:56.979	WT901BLE68(F3:F0:16:BF:DC:AE)	0.905	-0.332	0.131	-1.160	-2.930	4.272	-65.51	-66.54	131.48	25.287	5.827	-23.407	-0.58197	-0.19272	0.61697	-0.49335	25.6	null	null	13113	75
2026-05-27T14:18:57.101	WT901BLE68(F3:F0:16:BF:DC:AE)	0.924	-0.325	0.126	-3.845	-4.517	1.587	-66.86	-66.54	132.70	25.287	5.827	-23.407	-0.58197	-0.19272	0.61697	-0.49335	25.6	null	null	13113	75
2026-05-27T14:18:57.189	WT901BLE68(F3:F0:16:BF:DC:AE)	0.934	-0.342	0.117	-5.188	-6.897	-3.296	-68.53	-66.95	134.04	25.287	5.827	-23.407	-0.55591	-0.23483	0.60742	-0.51645	25.6	null	null	13113	75
2026-05-27T14:18:57.311	WT901BLE68(F3:F0:16:BF:DC:AE)	0.933	-0.359	0.143	0.610	-10.010	-5.981	-70.30	-67.77	135.80	25.287	5.827	-23.407	-0.55591	-0.23483	0.60742	-0.51645	25.6	null	null	13113	75
2026-05-27T14:18:57.403	WT901BLE68(F3:F0:16:BF:DC:AE)	0.943	-0.362	0.163	4.089	-5.371	-4.456	-71.47	-68.66	137.20	25.287	5.827	-23.407	-0.55591	-0.23483	0.60742	-0.51645	25.6	null	null	13113	75
2026-05-27T14:18:57.521	WT901BLE68(F3:F0:16:BF:DC:AE)	0.928	-0.321	0.140	-2.319	2.502	-5.493	-70.94	-68.91	137.05	25.287	5.827	-23.407	-0.55591	-0.23483	0.60742	-0.51645	25.6	null	null	13113	75
2026-05-27T14:18:57.581	WT901BLE68(F3:F0:16:BF:DC:AE)	0.939	-0.380	0.107	-3.113	6.165	-3.540	-69.51	-69.30	134.99	25.287	5.827	-23.407	-0.55591	-0.23483	0.60742	-0.51645	25.6	null	null	13113	75
2026-05-27T14:18:57.703	WT901BLE68(F3:F0:16:BF:DC:AE)	0.929	-0.361	0.107	-9.460	9.827	0.244	-68.09	-69.15	133.04	25.287	5.827	-23.407	-0.55591	-0.23483	0.60742	-0.51645	25.6	null	null	13113	75
2026-05-27T14:18:57.791	WT901BLE68(F3:F0:16:BF:DC:AE)	0.934	-0.361	0.082	-21.240	11.414	4.456	-67.71	-68.35	130.76	25.287	5.827	-23.407	-0.55591	-0.23483	0.60742	-0.51645	25.6	null	null	13113	75
2026-05-27T14:18:57.908	WT901BLE68(F3:F0:16:BF:DC:AE)	0.904	-0.357	0.089	-11.902	2.502	-0.061	-68.56	-67.78	129.77	23.060	6.087	-24.387	-0.55591	-0.23483	0.60742	-0.51645	25.6	null	null	13113	75
2026-05-27T14:18:57.999	WT901BLE68(F3:F0:16:BF:DC:AE)	0.911	-0.382	0.115	-6.653	-2.625	-2.563	-69.86	-67.94	130.22	23.060	6.087	-24.387	-0.55591	-0.23483	0.60742	-0.51645	25.6	null	null	13113	75
2026-05-27T14:18:58.120	WT901BLE68(F3:F0:16:BF:DC:AE)	0.897	-0.376	0.123	-6.348	-4.700	-6.165	-71.21	-68.36	131.23	23.060	6.087	-24.387	-0.57611	-0.21591	0.62463	-0.48080	25.6	null	null	13113	75
2026-05-27T14:18:58.181	WT901BLE68(F3:F0:16:BF:DC:AE)	0.927	-0.393	0.151	-0.610	-3.296	-7.141	-72.08	-69.16	132.22	23.060	6.087	-24.387	-0.57611	-0.21591	0.62463	-0.48080	25.6	null	null	13113	75
2026-05-27T14:18:58.333	WT901BLE68(F3:F0:16:BF:DC:AE)	0.954	-0.401	0.124	-14.709	5.737	8.179	-72.58	-68.82	131.68	23.060	6.087	-24.387	-0.57611	-0.21591	0.62463	-0.48080	25.6	null	null	13113	75
2026-05-27T14:18:58.389	WT901BLE68(F3:F0:16:BF:DC:AE)	0.917	-0.356	0.122	-2.686	4.883	10.193	-72.80	-67.56	131.39	23.060	6.087	-24.387	-0.57611	-0.21591	0.62463	-0.48080	25.6	null	null	13113	75
2026-05-27T14:18:58.513	WT901BLE68(F3:F0:16:BF:DC:AE)	0.917	-0.365	0.111	0.000	3.479	3.113	-72.33	-66.84	131.07	23.060	6.087	-24.387	-0.57611	-0.21591	0.62463	-0.48080	25.6	null	null	13113	75
2026-05-27T14:18:58.603	WT901BLE68(F3:F0:16:BF:DC:AE)	0.920	-0.383	0.094	5.249	-1.099	-0.305	-72.02	-66.64	131.09	23.060	6.087	-24.387	-0.57611	-0.21591	0.62463	-0.48080	25.6	null	null	13113	75
2026-05-27T14:18:58.723	WT901BLE68(F3:F0:16:BF:DC:AE)	0.922	-0.373	0.125	10.498	-3.418	-2.075	-71.79	-66.92	132.22	23.060	6.087	-24.387	-0.57611	-0.21591	0.62463	-0.48080	25.6	null	null	13113	75
2026-05-27T14:18:58.810	WT901BLE68(F3:F0:16:BF:DC:AE)	0.917	-0.382	0.127	6.836	0.000	-0.488	-71.29	-67.07	132.64	22.473	4.607	-22.480	-0.57611	-0.21591	0.62463	-0.48080	25.6	null	null	13113	75
2026-05-27T14:18:58.930	WT901BLE68(F3:F0:16:BF:DC:AE)	0.932	-0.377	0.126	5.737	2.441	0.610	-70.39	-67.01	132.59	22.473	4.607	-22.480	-0.57611	-0.21591	0.62463	-0.48080	25.6	null	null	13113	75
2026-05-27T14:18:58.989	WT901BLE68(F3:F0:16:BF:DC:AE)	0.924	-0.362	0.123	3.174	3.906	0.793	-69.39	-66.80	132.09	22.473	4.607	-22.480	-0.56488	-0.22049	0.61945	-0.49844	25.6	null	null	13113	75
2026-05-27T14:18:59.110	WT901BLE68(F3:F0:16:BF:DC:AE)	0.921	-0.359	0.119	2.747	3.784	-1.038	-68.37	-66.70	131.39	22.473	4.607	-22.480	-0.56488	-0.22049	0.61945	-0.49844	25.6	null	null	13113	75
2026-05-27T14:18:59.202	WT901BLE68(F3:F0:16:BF:DC:AE)	0.909	-0.365	0.115	1.282	3.052	-3.357	-67.44	-66.82	130.53	22.473	4.607	-22.480	-0.56488	-0.22049	0.61945	-0.49844	25.6	null	null	13113	75
2026-05-27T14:18:59.322	WT901BLE68(F3:F0:16:BF:DC:AE)	0.921	-0.385	0.112	1.221	0.366	-3.235	-66.94	-67.13	129.96	22.473	4.607	-22.480	-0.56488	-0.22049	0.61945	-0.49844	25.6	null	null	13113	75
2026-05-27T14:18:59.410	WT901BLE68(F3:F0:16:BF:DC:AE)	0.917	-0.371	0.125	0.000	-1.404	-0.793	-67.25	-67.26	130.13	22.473	4.607	-22.480	-0.56488	-0.22049	0.61945	-0.49844	25.6	null	null	13113	75
2026-05-27T14:18:59.533	WT901BLE68(F3:F0:16:BF:DC:AE)	0.928	-0.351	0.156	1.404	-2.075	0.122	-67.83	-67.34	130.67	22.473	4.607	-22.480	-0.56488	-0.22049	0.61945	-0.49844	25.6	null	null	13113	75
2026-05-27T14:18:59.589	WT901BLE68(F3:F0:16:BF:DC:AE)	0.913	-0.345	0.165	3.662	-2.747	-0.916	-68.09	-67.47	131.01	22.473	4.607	-22.480	-0.56488	-0.22049	0.61945	-0.49844	25.6	null	null	13113	75
2026-05-27T14:18:59.742	WT901BLE68(F3:F0:16:BF:DC:AE)	0.910	-0.335	0.173	6.409	-2.380	-2.075	-67.82	-67.73	131.31	23.113	6.220	-21.107	-0.56488	-0.22049	0.61945	-0.49844	25.6	null	null	13113	75
2026-05-27T14:18:59.799	WT901BLE68(F3:F0:16:BF:DC:AE)	0.932	-0.333	0.162	3.784	-0.061	-0.366	-67.21	-67.87	131.17	23.113	6.220	-21.107	-0.56488	-0.22049	0.61945	-0.49844	25.6	null	null	13113	75
2026-05-27T14:18:59.922	WT901BLE68(F3:F0:16:BF:DC:AE)	0.926	-0.324	0.156	0.183	0.854	2.502	-66.82	-67.77	130.86	23.113	6.220	-21.107	-0.56705	-0.23376	0.60995	-0.50168	25.6	null	null	13113	75
2026-05-27T14:19:00.010	WT901BLE68(F3:F0:16:BF:DC:AE)	0.913	-0.330	0.149	2.441	-2.014	-1.343	-66.74	-67.76	130.65	23.113	6.220	-21.107	-0.56705	-0.23376	0.60995	-0.50168	25.6	null	null	13113	75
2026-05-27T14:19:00.133	WT901BLE68(F3:F0:16:BF:DC:AE)	0.920	-0.344	0.201	18.250	-7.813	-2.930	-66.42	-68.34	131.67	23.113	6.220	-21.107	-0.56705	-0.23376	0.60995	-0.50168	25.6	null	null	13113	75
2026-05-27T14:19:00.223	WT901BLE68(F3:F0:16:BF:DC:AE)	0.929	-0.351	0.169	2.686	2.930	8.789	-66.07	-67.93	131.69	23.113	6.220	-21.107	-0.56705	-0.23376	0.60995	-0.50168	25.6	null	null	13113	75
2026-05-27T14:19:00.341	WT901BLE68(F3:F0:16:BF:DC:AE)	0.917	-0.309	0.187	9.460	5.371	13.855	-65.45	-66.64	131.62	23.113	6.220	-21.107	-0.56705	-0.23376	0.60995	-0.50168	25.6	null	null	13113	75
2026-05-27T14:19:00.401	WT901BLE68(F3:F0:16:BF:DC:AE)	0.926	-0.237	0.181	-26.428	14.587	11.780	-64.69	-65.21	130.19	23.113	6.220	-21.107	-0.56705	-0.23376	0.60995	-0.50168	25.6	null	null	13113	75
2026-05-27T14:19:00.521	WT901BLE68(F3:F0:16:BF:DC:AE)	0.888	-0.316	0.184	-26.428	1.038	-9.460	-66.18	-65.09	128.16	23.113	6.220	-21.107	-0.56705	-0.23376	0.60995	-0.50168	25.6	null	null	13113	75
2026-05-27T14:19:00.609	WT901BLE68(F3:F0:16:BF:DC:AE)	0.955	-0.350	0.250	-25.696	4.578	-13.977	-66.52	-66.47	126.33	27.153	5.167	-20.180	-0.56705	-0.23376	0.60995	-0.50168	25.6	null	null	13113	75
2026-05-27T14:19:00.733	WT901BLE68(F3:F0:16:BF:DC:AE)	0.937	-0.387	0.189	-19.775	3.784	-19.165	-65.95	-67.82	123.25	27.153	5.167	-20.180	-0.56705	-0.23376	0.60995	-0.50168	25.6	null	null	13113	75
2026-05-27T14:19:00.821	WT901BLE68(F3:F0:16:BF:DC:AE)	0.882	-0.412	0.153	-5.676	-4.211	-17.151	-65.40	-69.36	121.31	27.153	5.167	-20.180	-0.60260	-0.19748	0.62030	-0.46152	25.6	null	null	13113	75
2026-05-27T14:19:00.942	WT901BLE68(F3:F0:16:BF:DC:AE)	0.929	-0.422	0.201	-0.427	-4.883	-3.906	-65.30	-70.33	121.43	27.153	5.167	-20.180	-0.60260	-0.19748	0.62030	-0.46152	25.6	null	null	13113	75
2026-05-27T14:19:01.002	WT901BLE68(F3:F0:16:BF:DC:AE)	0.924	-0.355	0.151	18.311	-3.357	12.878	-65.86	-69.37	123.07	27.153	5.167	-20.180	-0.60260	-0.19748	0.62030	-0.46152	25.6	null	null	13113	75
2026-05-27T14:19:01.153	WT901BLE68(F3:F0:16:BF:DC:AE)	0.929	-0.310	0.167	30.701	-9.949	6.042	-65.97	-68.66	125.90	27.153	5.167	-20.180	-0.60260	-0.19748	0.62030	-0.46152	25.6	null	null	13113	75
2026-05-27T14:19:01.211	WT901BLE68(F3:F0:16:BF:DC:AE)	0.971	-0.315	0.148	22.278	-6.775	7.324	-65.47	-68.51	128.47	27.153	5.167	-20.180	-0.60260	-0.19748	0.62030	-0.46152	25.6	null	null	13113	75
2026-05-27T14:19:01.334	WT901BLE68(F3:F0:16:BF:DC:AE)	0.934	-0.310	0.138	6.897	-0.854	14.343	-66.02	-67.64	130.40	27.153	5.167	-20.180	-0.60260	-0.19748	0.62030	-0.46152	25.6	null	null	13113	75
2026-05-27T14:19:01.421	WT901BLE68(F3:F0:16:BF:DC:AE)	0.921	-0.291	0.137	-0.244	-0.366	9.521	-66.93	-66.59	131.72	27.153	5.167	-20.180	-0.60260	-0.19748	0.62030	-0.46152	25.6	null	null	13113	75
2026-05-27T14:19:01.543	WT901BLE68(F3:F0:16:BF:DC:AE)	0.924	-0.290	0.147	-1.831	-2.625	-3.784	-67.38	-66.59	132.36	25.413	5.207	-24.133	-0.60260	-0.19748	0.62030	-0.46152	25.6	null	null	13113	75
2026-05-27T14:19:01.629	WT901BLE68(F3:F0:16:BF:DC:AE)	0.922	-0.319	0.143	-1.770	-3.479	-10.803	-67.38	-67.53	132.27	25.413	5.207	-24.133	-0.60260	-0.19748	0.62030	-0.46152	25.6	null	null	13113	75
2026-05-27T14:19:01.755	WT901BLE68(F3:F0:16:BF:DC:AE)	0.929	-0.350	0.147	6.165	-5.981	-17.639	-66.88	-69.11	131.92	25.413	5.207	-24.133	-0.56299	-0.23938	0.60861	-0.50519	25.6	null	null	13113	75
2026-05-27T14:19:01.811	WT901BLE68(F3:F0:16:BF:DC:AE)	0.923	-0.379	0.139	16.296	-6.348	-13.916	-65.53	-70.80	131.54	25.413	5.207	-24.133	-0.56299	-0.23938	0.60861	-0.50519	25.6	null	null	13113	75
2026-05-27T14:19:01.931	WT901BLE68(F3:F0:16:BF:DC:AE)	0.954	-0.400	0.142	30.273	-6.775	-5.798	-64.07	-71.76	132.05	25.413	5.207	-24.133	-0.56299	-0.23938	0.60861	-0.50519	25.6	null	null	13113	75
2026-05-27T14:19:02.021	WT901BLE68(F3:F0:16:BF:DC:AE)	0.958	-0.357	0.159	29.297	0.366	12.634	-62.71	-71.46	133.55	25.413	5.207	-24.133	-0.56299	-0.23938	0.60861	-0.50519	25.6	null	null	13113	75
2026-05-27T14:19:02.143	WT901BLE68(F3:F0:16:BF:DC:AE)	0.949	-0.299	0.146	10.681	9.460	24.353	-61.98	-69.39	134.83	25.413	5.207	-24.133	-0.56299	-0.23938	0.60861	-0.50519	25.6	null	null	13113	75
2026-05-27T14:19:02.232	WT901BLE68(F3:F0:16:BF:DC:AE)	0.922	-0.277	0.112	-6.653	13.306	19.897	-62.06	-66.88	134.88	25.413	5.207	-24.133	-0.56299	-0.23938	0.60861	-0.50519	25.6	null	null	13113	75
2026-05-27T14:19:02.352	WT901BLE68(F3:F0:16:BF:DC:AE)	0.908	-0.288	0.087	-11.475	6.042	5.798	-62.63	-65.42	134.30	25.413	5.207	-24.133	-0.56299	-0.23938	0.60861	-0.50519	25.6	null	null	13113	75
2026-05-27T14:19:02.410	WT901BLE68(F3:F0:16:BF:DC:AE)	0.902	-0.321	0.104	-9.338	-5.798	-6.226	-63.91	-65.75	134.52	24.993	3.193	-26.720	-0.56299	-0.23938	0.60861	-0.50519	25.6	null	null	13113	75
2026-05-27T14:19:02.563	WT901BLE68(F3:F0:16:BF:DC:AE)	0.922	-0.343	0.123	-7.080	-12.878	-14.404	-66.13	-67.31	135.91	24.993	3.193	-26.720	-0.56299	-0.23938	0.60861	-0.50519	25.6	null	null	13113	75
2026-05-27T14:19:02.618	WT901BLE68(F3:F0:16:BF:DC:AE)	0.949	-0.375	0.140	-6.226	-13.550	-14.343	-68.76	-69.26	137.93	24.993	3.193	-26.720	-0.54282	-0.26675	0.59933	-0.52429	25.6	null	null	13113	75
2026-05-27T14:19:02.742	WT901BLE68(F3:F0:16:BF:DC:AE)	0.958	-0.378	0.159	-5.493	-7.202	-4.761	-71.11	-70.48	139.74	24.993	3.193	-26.720	-0.54282	-0.26675	0.59933	-0.52429	25.6	null	null	13113	75
2026-05-27T14:19:02.831	WT901BLE68(F3:F0:16:BF:DC:AE)	0.949	-0.353	0.150	-10.193	2.930	1.587	-72.07	-70.41	140.00	24.993	3.193	-26.720	-0.54282	-0.26675	0.59933	-0.52429	25.6	null	null	13113	75
2026-05-27T14:19:02.952	WT901BLE68(F3:F0:16:BF:DC:AE)	0.933	-0.386	0.127	-8.789	6.714	3.357	-71.65	-69.85	138.39	24.993	3.193	-26.720	-0.54282	-0.26675	0.59933	-0.52429	25.6	null	null	13113	75
2026-05-27T14:19:03.042	WT901BLE68(F3:F0:16:BF:DC:AE)	0.942	-0.463	0.118	-17.517	10.254	24.109	-71.91	-68.39	137.30	24.993	3.193	-26.720	-0.54282	-0.26675	0.59933	-0.52429	25.6	null	null	13113	75
2026-05-27T14:19:03.162	WT901BLE68(F3:F0:16:BF:DC:AE)	0.905	-0.390	0.113	-13.550	11.230	28.564	-72.76	-65.16	136.94	24.993	3.193	-26.720	-0.54282	-0.26675	0.59933	-0.52429	25.6	null	null	13113	75
2026-05-27T14:19:03.220	WT901BLE68(F3:F0:16:BF:DC:AE)	0.871	-0.365	0.097	-9.277	7.019	16.052	-73.53	-62.76	136.60	24.993	3.193	-26.720	-0.54282	-0.26675	0.59933	-0.52429	25.6	null	null	13113	75
2026-05-27T14:19:03.342	WT901BLE68(F3:F0:16:BF:DC:AE)	0.874	-0.357	0.093	12.817	-10.986	-13.977	-73.73	-62.80	137.53	25.927	0.140	-25.313	-0.54282	-0.26675	0.59933	-0.52429	25.6	null	null	13113	75
2026-05-27T14:19:03.429	WT901BLE68(F3:F0:16:BF:DC:AE)	0.900	-0.372	0.152	38.391	-20.752	-35.156	-73.36	-65.90	140.19	25.927	0.140	-25.313	-0.54282	-0.26675	0.59933	-0.52429	25.6	null	null	13113	75
2026-05-27T14:19:03.549	WT901BLE68(F3:F0:16:BF:DC:AE)	0.952	-0.362	0.161	13.977	-1.709	-32.715	-70.20	-69.74	140.25	25.927	0.140	-25.313	-0.53391	-0.25146	0.61548	-0.52231	25.6	null	null	13113	75
2026-05-27T14:19:03.644	WT901BLE68(F3:F0:16:BF:DC:AE)	0.974	-0.418	0.113	-9.521	11.047	-9.583	-66.42	-71.26	135.94	25.927	0.140	-25.313	-0.53391	-0.25146	0.61548	-0.52231	25.6	null	null	13113	75
2026-05-27T14:19:03.761	WT901BLE68(F3:F0:16:BF:DC:AE)	0.942	-0.402	0.097	-5.066	7.202	6.165	-64.97	-70.59	133.17	25.927	0.140	-25.313	-0.53391	-0.25146	0.61548	-0.52231	25.6	null	null	13113	75
2026-05-27T14:19:03.824	WT901BLE68(F3:F0:16:BF:DC:AE)	0.890	-0.348	0.122	16.724	1.648	17.517	-65.56	-69.13	133.94	25.927	0.140	-25.313	-0.53391	-0.25146	0.61548	-0.52231	25.6	null	null	13113	75
2026-05-27T14:19:03.970	WT901BLE68(F3:F0:16:BF:DC:AE)	0.948	-0.276	0.124	18.799	5.249	7.080	-64.44	-67.74	134.81	25.927	0.140	-25.313	-0.53391	-0.25146	0.61548	-0.52231	25.6	null	null	13113	75
2026-05-27T14:19:04.032	WT901BLE68(F3:F0:16:BF:DC:AE)	0.921	-0.325	0.141	16.602	-1.587	5.127	-63.88	-67.24	134.88	25.927	0.140	-25.313	-0.53391	-0.25146	0.61548	-0.52231	25.6	null	null	13113	75
2026-05-27T14:19:04.153	WT901BLE68(F3:F0:16:BF:DC:AE)	0.933	-0.249	0.198	0.549	-4.639	-1.282	-63.75	-67.43	136.21	25.927	0.140	-25.313	-0.53391	-0.25146	0.61548	-0.52231	25.6	null	null	13113	75
2026-05-27T14:19:04.241	WT901BLE68(F3:F0:16:BF:DC:AE)	0.948	-0.328	0.200	-65.674	3.784	1.282	-67.09	-67.70	135.88	25.707	4.993	-29.260	-0.53391	-0.25146	0.61548	-0.52231	25.6	null	null	13113	75
2026-05-27T14:19:04.363	WT901BLE68(F3:F0:16:BF:DC:AE)	0.925	-0.330	0.173	-11.292	6.836	-8.423	-67.40	-68.01	133.36	25.707	4.993	-29.260	-0.53391	-0.25146	0.61548	-0.52231	25.6	null	null	13113	75
2026-05-27T14:19:04.450	WT901BLE68(F3:F0:16:BF:DC:AE)	0.940	-0.329	0.140	-14.160	8.240	-9.644	-65.52	-68.55	130.22	25.707	4.993	-29.260	-0.56274	-0.24359	0.60580	-0.50684	25.6	null	null	13113	75
2026-05-27T14:19:04.573	WT901BLE68(F3:F0:16:BF:DC:AE)	0.936	-0.355	0.136	-16.418	7.324	-6.165	-64.36	-68.99	127.20	25.707	4.993	-29.260	-0.56274	-0.24359	0.60580	-0.50684	25.6	null	null	13113	75
2026-05-27T14:19:04.629	WT901BLE68(F3:F0:16:BF:DC:AE)	0.934	-0.322	0.169	-12.817	7.141	-1.160	-63.97	-68.85	125.23	25.707	4.993	-29.260	-0.56274	-0.24359	0.60580	-0.50684	25.6	null	null	13113	75
2026-05-27T14:19:04.755	WT901BLE68(F3:F0:16:BF:DC:AE)	0.930	-0.314	0.208	-14.709	9.644	0.549	-63.44	-68.53	123.10	25.707	4.993	-29.260	-0.56274	-0.24359	0.60580	-0.50684	25.6	null	null	13113	75
2026-05-27T14:19:04.841	WT901BLE68(F3:F0:16:BF:DC:AE)	0.890	-0.326	0.243	-25.940	13.184	3.540	-62.54	-67.77	120.32	25.707	4.993	-29.260	-0.56274	-0.24359	0.60580	-0.50684	25.6	null	null	13113	75
2026-05-27T14:19:04.960	WT901BLE68(F3:F0:16:BF:DC:AE)	0.930	-0.357	0.223	-27.954	9.766	-0.366	-62.96	-66.90	117.59	25.707	4.993	-29.260	-0.56274	-0.24359	0.60580	-0.50684	25.6	null	null	13113	75
2026-05-27T14:19:05.053	WT901BLE68(F3:F0:16:BF:DC:AE)	0.903	-0.349	0.181	-17.334	-2.441	-4.761	-63.37	-67.03	116.27	25.707	4.993	-29.260	-0.56274	-0.24359	0.60580	-0.50684	25.6	null	null	13113	75
2026-05-27T14:19:05.170	WT901BLE68(F3:F0:16:BF:DC:AE)	0.865	-0.373	0.219	-11.047	-0.549	-4.517	-64.11	-67.51	116.10	23.200	6.513	-16.673	-0.56274	-0.24359	0.60580	-0.50684	25.6	null	null	13113	75
2026-05-27T14:19:05.231	WT901BLE68(F3:F0:16:BF:DC:AE)	0.918	-0.350	0.226	3.540	-0.916	-1.343	-63.67	-67.64	115.84	23.200	6.513	-16.673	-0.56274	-0.24359	0.60580	-0.50684	25.6	null	null	13113	75
2026-05-27T14:19:05.350	WT901BLE68(F3:F0:16:BF:DC:AE)	0.921	-0.313	0.244	2.441	-0.732	-1.648	-63.04	-67.64	115.79	23.200	6.513	-16.673	-0.62323	-0.16910	0.62149	-0.44342	25.6	null	null	13113	75
2026-05-27T14:19:05.439	WT901BLE68(F3:F0:16:BF:DC:AE)	0.904	-0.321	0.225	9.338	-4.028	-5.371	-62.02	-68.00	115.64	23.200	6.513	-16.673	-0.62323	-0.16910	0.62149	-0.44342	25.6	null	null	13113	75
2026-05-27T14:19:05.564	WT901BLE68(F3:F0:16:BF:DC:AE)	0.916	-0.341	0.239	38.391	-8.667	-5.432	-59.96	-68.72	116.32	23.200	6.513	-16.673	-0.62323	-0.16910	0.62149	-0.44342	25.6	null	null	13113	75
2026-05-27T14:19:05.653	WT901BLE68(F3:F0:16:BF:DC:AE)	0.936	-0.248	0.292	37.720	-8.728	-1.770	-56.80	-69.32	117.55	23.200	6.513	-16.673	-0.62323	-0.16910	0.62149	-0.44342	25.6	null	null	13113	75
2026-05-27T14:19:05.773	WT901BLE68(F3:F0:16:BF:DC:AE)	0.944	-0.246	0.281	0.366	-2.808	5.005	-55.91	-69.23	118.63	23.200	6.513	-16.673	-0.62323	-0.16910	0.62149	-0.44342	25.6	null	null	13113	75
2026-05-27T14:19:05.863	WT901BLE68(F3:F0:16:BF:DC:AE)	0.937	-0.324	0.152	-0.610	1.221	8.972	-56.50	-68.76	118.91	23.200	6.513	-16.673	-0.62323	-0.16910	0.62149	-0.44342	25.6	null	null	13113	75
2026-05-27T14:19:05.983	WT901BLE68(F3:F0:16:BF:DC:AE)	0.914	-0.273	0.099	4.883	-5.371	3.540	-57.88	-68.20	120.93	23.200	6.513	-16.673	-0.62323	-0.16910	0.62149	-0.44342	25.6	null	null	13113	75
2026-05-27T14:19:06.040	WT901BLE68(F3:F0:16:BF:DC:AE)	0.955	-0.352	0.075	9.949	-15.991	-6.592	-59.78	-69.47	123.49	22.687	7.287	-24.060	-0.62323	-0.16910	0.62149	-0.44342	25.6	null	null	13113	75
2026-05-27T14:19:06.160	WT901BLE68(F3:F0:16:BF:DC:AE)	0.902	-0.325	0.079	25.452	-20.691	-2.441	-62.84	-70.66	128.70	22.687	7.287	-24.060	-0.62323	-0.16910	0.62149	-0.44342	25.6	null	null	13113	75
2026-05-27T14:19:06.250	WT901BLE68(F3:F0:16:BF:DC:AE)	0.972	-0.324	0.048	13.000	-13.367	-3.845	-65.64	-71.69	133.64	22.687	7.287	-24.060	-0.56747	-0.26868	0.59692	-0.49939	25.6	null	null	13113	75
2026-05-27T14:19:06.372	WT901BLE68(F3:F0:16:BF:DC:AE)	0.932	-0.354	0.033	2.197	-12.085	-4.150	-68.86	-72.53	137.25	22.687	7.287	-24.060	-0.56747	-0.26868	0.59692	-0.49939	25.6	null	null	13113	75
2026-05-27T14:19:06.461	WT901BLE68(F3:F0:16:BF:DC:AE)	0.959	-0.329	0.064	3.113	-7.751	-0.427	-72.14	-72.94	141.00	22.687	7.287	-24.060	-0.56747	-0.26868	0.59692	-0.49939	25.6	null	null	13113	75
2026-05-27T14:19:06.583	WT901BLE68(F3:F0:16:BF:DC:AE)	0.994	-0.311	0.068	-13.184	4.089	7.629	-73.47	-72.48	141.71	22.687	7.287	-24.060	-0.56747	-0.26868	0.59692	-0.49939	25.6	null	null	13113	75
2026-05-27T14:19:06.640	WT901BLE68(F3:F0:16:BF:DC:AE)	0.933	-0.292	0.109	16.846	-2.991	15.015	-74.39	-71.27	142.68	22.687	7.287	-24.060	-0.56747	-0.26868	0.59692	-0.49939	25.6	null	null	13113	75
2026-05-27T14:19:06.761	WT901BLE68(F3:F0:16:BF:DC:AE)	0.945	-0.197	0.153	11.353	0.488	6.226	-73.70	-70.27	144.29	22.687	7.287	-24.060	-0.56747	-0.26868	0.59692	-0.49939	25.6	null	null	13113	75
2026-05-27T14:19:06.849	WT901BLE68(F3:F0:16:BF:DC:AE)	0.959	-0.301	0.101	-9.705	6.165	-10.803	-71.93	-70.81	141.78	22.687	7.287	-24.060	-0.56747	-0.26868	0.59692	-0.49939	25.6	null	null	13113	75
2026-05-27T14:19:06.971	WT901BLE68(F3:F0:16:BF:DC:AE)	0.970	-0.303	0.079	0.305	6.470	-4.822	-69.51	-71.55	139.07	23.493	6.673	-31.313	-0.56747	-0.26868	0.59692	-0.49939	25.6	null	null	13113	75
2026-05-27T14:19:07.061	WT901BLE68(F3:F0:16:BF:DC:AE)	0.935	-0.299	0.059	-7.385	5.615	1.587	-68.20	-71.42	137.08	23.493	6.673	-31.313	-0.56747	-0.26868	0.59692	-0.49939	25.6	null	null	13113	75
2026-05-27T14:19:07.180	WT901BLE68(F3:F0:16:BF:DC:AE)	0.919	-0.291	0.063	-7.568	-1.587	2.991	-68.98	-71.16	136.98	23.493	6.673	-31.313	-0.55161	-0.28116	0.60126	-0.50504	25.6	null	null	13113	75
2026-05-27T14:19:07.272	WT901BLE68(F3:F0:16:BF:DC:AE)	0.938	-0.314	0.077	-12.024	-10.803	-0.366	-71.91	-71.24	139.09	23.493	6.673	-31.313	-0.55161	-0.28116	0.60126	-0.50504	25.6	null	null	13113	75
2026-05-27T14:19:07.394	WT901BLE68(F3:F0:16:BF:DC:AE)	0.931	-0.301	0.093	6.714	-15.320	-2.563	-75.99	-71.78	143.18	23.493	6.673	-31.313	-0.55161	-0.28116	0.60126	-0.50504	25.6	null	null	13113	75
2026-05-27T14:19:07.451	WT901BLE68(F3:F0:16:BF:DC:AE)	0.920	-0.318	0.087	10.315	-16.907	-4.578	-79.63	-72.44	147.89	23.493	6.673	-31.313	-0.55161	-0.28116	0.60126	-0.50504	25.6	null	null	13113	75
2026-05-27T14:19:07.568	WT901BLE68(F3:F0:16:BF:DC:AE)	0.961	-0.326	0.076	17.151	-16.479	-3.906	-83.06	-73.02	152.95	23.493	6.673	-31.313	-0.55161	-0.28116	0.60126	-0.50504	25.6	null	null	13113	75
2026-05-27T14:19:07.664	WT901BLE68(F3:F0:16:BF:DC:AE)	1.020	-0.291	0.068	-0.854	-1.831	3.052	-84.94	-73.17	156.12	23.493	6.673	-31.313	-0.55161	-0.28116	0.60126	-0.50504	25.6	null	null	13113	75
2026-05-27T14:19:07.783	WT901BLE68(F3:F0:16:BF:DC:AE)	0.940	-0.270	0.041	10.498	2.991	10.254	-84.15	-72.39	155.44	23.493	6.673	-31.313	-0.55161	-0.28116	0.60126	-0.50504	25.6	null	null	13113	75
2026-05-27T14:19:07.873	WT901BLE68(F3:F0:16:BF:DC:AE)	0.985	-0.253	-0.031	-8.179	0.793	4.944	-82.97	-71.60	154.60	22.520	6.847	-35.547	-0.55161	-0.28116	0.60126	-0.50504	25.6	null	null	13113	75
2026-05-27T14:19:07.990	WT901BLE68(F3:F0:16:BF:DC:AE)	0.954	-0.256	-0.068	-17.029	-1.587	1.526	-84.35	-71.62	154.97	22.520	6.847	-35.547	-0.55161	-0.28116	0.60126	-0.50504	25.6	null	null	13113	75
2026-05-27T14:19:08.049	WT901BLE68(F3:F0:16:BF:DC:AE)	0.935	-0.224	-0.054	-9.827	-11.536	-2.991	-88.24	-71.75	157.70	22.520	6.847	-35.547	-0.51416	-0.30310	0.63025	-0.49643	25.6	null	null	13113	75
2026-05-27T14:19:08.173	WT901BLE68(F3:F0:16:BF:DC:AE)	0.932	-0.232	-0.054	-13.855	-18.555	-23.560	-94.82	-73.06	163.04	22.520	6.847	-35.547	-0.51416	-0.30310	0.63025	-0.49643	25.6	null	null	13113	75
2026-05-27T14:19:08.261	WT901BLE68(F3:F0:16:BF:DC:AE)	1.007	-0.251	-0.046	-11.841	-20.386	-32.532	-105.45	-75.77	172.89	22.520	6.847	-35.547	-0.51416	-0.30310	0.63025	-0.49643	25.6	null	null	13113	75
2026-05-27T14:19:08.381	WT901BLE68(F3:F0:16:BF:DC:AE)	0.981	-0.266	-0.061	-10.010	-14.099	-22.217	-117.11	-77.73	-176.54	22.520	6.847	-35.547	-0.51416	-0.30310	0.63025	-0.49643	25.6	null	null	13113	75
2026-05-27T14:19:08.472	WT901BLE68(F3:F0:16:BF:DC:AE)	0.951	-0.267	-0.083	-6.653	-9.033	-11.475	-125.31	-78.40	-169.26	22.520	6.847	-35.547	-0.51416	-0.30310	0.63025	-0.49643	25.6	null	null	13113	75
2026-05-27T14:19:08.594	WT901BLE68(F3:F0:16:BF:DC:AE)	0.978	-0.271	-0.091	-2.808	-2.991	1.770	-128.11	-78.29	-167.10	22.520	6.847	-35.547	-0.51416	-0.30310	0.63025	-0.49643	25.6	null	null	13113	75
2026-05-27T14:19:08.680	WT901BLE68(F3:F0:16:BF:DC:AE)	0.972	-0.224	-0.114	2.014	1.038	13.367	-124.66	-77.42	-170.89	22.520	6.847	-35.547	-0.51416	-0.30310	0.63025	-0.49643	25.6	null	null	13113	75
2026-05-27T14:19:08.802	WT901BLE68(F3:F0:16:BF:DC:AE)	0.991	-0.200	-0.119	15.015	-0.488	16.418	-119.62	-76.02	-175.26	16.960	15.780	-39.840	-0.51416	-0.30310	0.63025	-0.49643	25.6	null	null	13113	75
2026-05-27T14:19:08.859	WT901BLE68(F3:F0:16:BF:DC:AE)	0.998	-0.204	-0.116	18.311	2.319	15.137	-114.89	-74.67	-178.49	16.960	15.780	-39.840	-0.51416	-0.30310	0.63025	-0.49643	25.6	null	null	13113	75
2026-05-27T14:19:08.982	WT901BLE68(F3:F0:16:BF:DC:AE)	0.994	-0.232	-0.103	16.479	6.714	10.986	-110.18	-73.78	178.31	16.960	15.780	-39.840	-0.50418	-0.33490	0.66522	-0.43704	25.6	null	null	13113	75
2026-05-27T14:19:09.070	WT901BLE68(F3:F0:16:BF:DC:AE)	0.987	-0.259	-0.069	19.348	10.620	9.521	-104.99	-73.21	174.68	16.960	15.780	-39.840	-0.50418	-0.33490	0.66522	-0.43704	25.6	null	null	13113	75
2026-05-27T14:19:09.192	WT901BLE68(F3:F0:16:BF:DC:AE)	0.982	-0.275	-0.039	12.329	18.433	8.057	-98.45	-72.77	169.37	16.960	15.780	-39.840	-0.50418	-0.33490	0.66522	-0.43704	25.6	null	null	13113	75
2026-05-27T14:19:09.281	WT901BLE68(F3:F0:16:BF:DC:AE)	0.980	-0.284	-0.025	7.568	24.170	7.935	-90.75	-72.31	162.19	16.960	15.780	-39.840	-0.50418	-0.33490	0.66522	-0.43704	25.6	null	null	13113	75
2026-05-27T14:19:09.401	WT901BLE68(F3:F0:16:BF:DC:AE)	0.949	-0.293	-0.008	0.366	25.024	5.981	-83.27	-71.56	154.56	16.960	15.780	-39.840	-0.50418	-0.33490	0.66522	-0.43704	25.6	null	null	13113	75
2026-05-27T14:19:09.461	WT901BLE68(F3:F0:16:BF:DC:AE)	0.918	-0.295	0.014	-1.282	21.790	3.357	-77.46	-70.93	148.31	16.960	15.780	-39.840	-0.50418	-0.33490	0.66522	-0.43704	25.6	null	null	13113	75
2026-05-27T14:19:09.581	WT901BLE68(F3:F0:16:BF:DC:AE)	0.908	-0.298	0.039	-12.817	22.034	-0.427	-72.97	-70.31	142.73	16.960	15.780	-39.840	-0.50418	-0.33490	0.66522	-0.43704	25.6	null	null	13113	75
2026-05-27T14:19:09.669	WT901BLE68(F3:F0:16:BF:DC:AE)	0.968	-0.345	0.049	-26.428	13.062	-5.981	-70.65	-70.26	137.76	24.093	5.927	-31.507	-0.50418	-0.33490	0.66522	-0.43704	25.6	null	null	13113	75
2026-05-27T14:19:09.794	WT901BLE68(F3:F0:16:BF:DC:AE)	0.953	-0.322	0.165	11.658	-2.869	2.869	-71.03	-70.29	137.51	24.093	5.927	-31.507	-0.50418	-0.33490	0.66522	-0.43704	25.6	null	null	13113	75
2026-05-27T14:19:09.880	WT901BLE68(F3:F0:16:BF:DC:AE)	0.955	-0.251	0.183	-17.090	6.531	-0.305	-70.44	-70.03	137.21	24.093	5.927	-31.507	-0.55066	-0.26654	0.61093	-0.50235	25.6	null	null	13113	75
2026-05-27T14:19:10.004	WT901BLE68(F3:F0:16:BF:DC:AE)	0.821	-0.333	0.160	-18.982	-2.441	-7.446	-70.91	-70.35	135.04	24.093	5.927	-31.507	-0.55066	-0.26654	0.61093	-0.50235	25.6	null	null	13113	75
2026-05-27T14:19:10.090	WT901BLE68(F3:F0:16:BF:DC:AE)	0.849	-0.278	0.187	-5.188	-5.737	-7.324	-71.81	-71.19	136.19	24.093	5.927	-31.507	-0.55066	-0.26654	0.61093	-0.50235	25.6	null	null	13113	75
2026-05-27T14:19:10.216	WT901BLE68(F3:F0:16:BF:DC:AE)	0.965	-0.355	0.124	3.113	-4.578	-8.667	-72.66	-71.56	136.32	24.093	5.927	-31.507	-0.55066	-0.26654	0.61093	-0.50235	25.6	null	null	13113	75
2026-05-27T14:19:10.269	WT901BLE68(F3:F0:16:BF:DC:AE)	1.024	-0.365	0.124	-3.052	0.122	0.244	-72.41	-72.20	136.48	24.093	5.927	-31.507	-0.55066	-0.26654	0.61093	-0.50235	25.6	null	null	13113	75
2026-05-27T14:19:10.393	WT901BLE68(F3:F0:16:BF:DC:AE)	0.953	-0.326	0.145	16.357	1.953	13.428	-71.69	-71.10	136.99	24.093	5.927	-31.507	-0.55066	-0.26654	0.61093	-0.50235	25.6	null	null	13113	75
2026-05-27T14:19:10.481	WT901BLE68(F3:F0:16:BF:DC:AE)	0.951	-0.309	0.148	1.160	10.498	4.639	-69.43	-69.97	136.08	24.093	5.927	-31.507	-0.55066	-0.26654	0.61093	-0.50235	25.6	null	null	13113	75
2026-05-27T14:19:10.599	WT901BLE68(F3:F0:16:BF:DC:AE)	0.935	-0.333	0.132	7.935	9.827	3.723	-66.66	-69.20	133.74	23.387	5.453	-29.207	-0.55066	-0.26654	0.61093	-0.50235	25.6	null	null	13113	75
2026-05-27T14:19:10.693	WT901BLE68(F3:F0:16:BF:DC:AE)	0.924	-0.320	0.109	-4.395	9.766	5.859	-64.87	-68.33	132.01	23.387	5.453	-29.207	-0.55066	-0.26654	0.61093	-0.50235	25.6	null	null	13113	75
2026-05-27T14:19:10.811	WT901BLE68(F3:F0:16:BF:DC:AE)	0.909	-0.334	0.090	0.244	0.122	2.563	-64.87	-67.77	131.65	23.387	5.453	-29.207	-0.56000	-0.24945	0.59824	-0.51590	25.6	null	null	13113	75
2026-05-27T14:19:10.874	WT901BLE68(F3:F0:16:BF:DC:AE)	0.930	-0.328	0.109	8.911	-8.057	2.258	-65.95	-67.97	133.58	23.387	5.453	-29.207	-0.56000	-0.24945	0.59824	-0.51590	25.6	null	null	13113	75
2026-05-27T14:19:10.990	WT901BLE68(F3:F0:16:BF:DC:AE)	0.958	-0.304	0.128	-5.310	-3.113	4.822	-67.60	-67.99	135.69	23.387	5.453	-29.207	-0.56000	-0.24945	0.59824	-0.51590	25.6	null	null	13113	75
2026-05-27T14:19:11.080	WT901BLE68(F3:F0:16:BF:DC:AE)	0.945	-0.281	0.119	-18.555	0.854	5.737	-69.54	-67.57	136.47	23.387	5.453	-29.207	-0.56000	-0.24945	0.59824	-0.51590	25.6	null	null	13113	75
2026-05-27T14:19:11.197	WT901BLE68(F3:F0:16:BF:DC:AE)	0.935	-0.285	0.130	-22.156	0.549	-6.531	-71.15	-67.93	136.38	23.387	5.453	-29.207	-0.56000	-0.24945	0.59824	-0.51590	25.6	null	null	13113	75
2026-05-27T14:19:11.293	WT901BLE68(F3:F0:16:BF:DC:AE)	0.938	-0.324	0.114	-29.541	3.357	-11.902	-72.26	-68.88	134.95	23.387	5.453	-29.207	-0.56000	-0.24945	0.59824	-0.51590	25.6	null	null	13113	75
2026-05-27T14:19:11.412	WT901BLE68(F3:F0:16:BF:DC:AE)	0.925	-0.376	0.113	-7.446	-7.263	-27.161	-72.94	-70.96	134.13	23.387	5.453	-29.207	-0.56000	-0.24945	0.59824	-0.51590	25.6	null	null	13113	75
2026-05-27T14:19:11.501	WT901BLE68(F3:F0:16:BF:DC:AE)	0.947	-0.400	0.133	6.042	-7.935	-23.743	-72.71	-73.57	134.38	21.520	7.313	-25.927	-0.56000	-0.24945	0.59824	-0.51590	25.6	null	null	13113	75
2026-05-27T14:19:11.623	WT901BLE68(F3:F0:16:BF:DC:AE)	0.969	-0.413	0.120	6.958	-2.563	-6.165	-72.04	-74.58	134.40	21.520	7.313	-25.927	-0.56000	-0.24945	0.59824	-0.51590	25.6	null	null	13113	75
2026-05-27T14:19:11.680	WT901BLE68(F3:F0:16:BF:DC:AE)	0.939	-0.386	0.114	15.808	-0.671	13.367	-72.03	-73.50	135.46	21.520	7.313	-25.927	-0.57529	-0.27023	0.62033	-0.45944	25.6	null	null	13113	75
2026-05-27T14:19:11.801	WT901BLE68(F3:F0:16:BF:DC:AE)	0.956	-0.347	0.107	18.921	1.709	21.790	-71.92	-71.37	137.21	21.520	7.313	-25.927	-0.57529	-0.27023	0.62033	-0.45944	25.6	null	null	13113	75
2026-05-27T14:19:11.894	WT901BLE68(F3:F0:16:BF:DC:AE)	0.966	-0.314	0.099	10.681	8.484	30.945	-71.48	-68.48	138.22	21.520	7.313	-25.927	-0.57529	-0.27023	0.62033	-0.45944	25.6	null	null	13113	75
2026-05-27T14:19:12.012	WT901BLE68(F3:F0:16:BF:DC:AE)	0.936	-0.285	0.085	0.488	9.521	28.503	-71.25	-65.46	138.50	21.520	7.313	-25.927	-0.57529	-0.27023	0.62033	-0.45944	25.6	null	null	13113	75
2026-05-27T14:19:12.101	WT901BLE68(F3:F0:16:BF:DC:AE)	0.882	-0.280	0.097	8.423	-0.488	7.751	-71.21	-64.11	139.28	21.520	7.313	-25.927	-0.57529	-0.27023	0.62033	-0.45944	25.6	null	null	13113	75
2026-05-27T14:19:12.221	WT901BLE68(F3:F0:16:BF:DC:AE)	0.913	-0.303	0.101	4.578	-5.371	-12.817	-70.87	-65.22	140.12	21.520	7.313	-25.927	-0.57529	-0.27023	0.62033	-0.45944	25.6	null	null	13113	75
2026-05-27T14:19:12.279	WT901BLE68(F3:F0:16:BF:DC:AE)	0.926	-0.339	0.105	-2.380	-6.165	-19.897	-70.80	-67.38	140.33	21.520	7.313	-25.927	-0.57529	-0.27023	0.62033	-0.45944	25.6	null	null	13113	75
2026-05-27T14:19:12.400	WT901BLE68(F3:F0:16:BF:DC:AE)	0.966	-0.379	0.106	-12.085	-4.822	-14.099	-71.40	-69.32	140.22	24.640	2.600	-28.653	-0.57529	-0.27023	0.62033	-0.45944	25.6	null	null	13113	75
2026-05-27T14:19:12.494	WT901BLE68(F3:F0:16:BF:DC:AE)	0.928	-0.353	0.126	-5.005	-5.310	-2.441	-73.09	-70.19	141.05	24.640	2.600	-28.653	-0.57529	-0.27023	0.62033	-0.45944	25.6	null	null	13113	75
2026-05-27T14:19:12.609	WT901BLE68(F3:F0:16:BF:DC:AE)	0.947	-0.346	0.125	-13.489	1.099	-3.174	-74.21	-70.39	141.52	24.640	2.600	-28.653	-0.54172	-0.27301	0.61514	-0.50348	25.6	null	null	13113	75
2026-05-27T14:19:12.702	WT901BLE68(F3:F0:16:BF:DC:AE)	0.936	-0.368	0.121	-8.118	1.953	-0.183	-74.51	-70.40	140.66	24.640	2.600	-28.653	-0.54172	-0.27301	0.61514	-0.50348	25.6	null	null	13113	75
2026-05-27T14:19:12.825	WT901BLE68(F3:F0:16:BF:DC:AE)	0.912	-0.358	0.116	3.723	-0.183	-0.244	-74.26	-70.26	140.31	24.640	2.600	-28.653	-0.54172	-0.27301	0.61514	-0.50348	25.6	null	null	13113	75
2026-05-27T14:19:12.913	WT901BLE68(F3:F0:16:BF:DC:AE)	0.931	-0.374	0.106	17.395	-4.639	-2.014	-73.59	-70.33	140.84	24.640	2.600	-28.653	-0.54172	-0.27301	0.61514	-0.50348	25.6	null	null	13113	75
2026-05-27T14:19:13.031	WT901BLE68(F3:F0:16:BF:DC:AE)	0.939	-0.378	0.110	22.095	-4.700	2.380	-72.88	-70.33	142.16	24.640	2.600	-28.653	-0.54172	-0.27301	0.61514	-0.50348	25.6	null	null	13113	75
2026-05-27T14:19:13.089	WT901BLE68(F3:F0:16:BF:DC:AE)	0.931	-0.355	0.118	22.949	-3.357	6.592	-72.08	-69.87	143.64	24.640	2.600	-28.653	-0.54172	-0.27301	0.61514	-0.50348	25.6	null	null	13113	75
2026-05-27T14:19:13.215	WT901BLE68(F3:F0:16:BF:DC:AE)	0.943	-0.343	0.122	23.499	-0.427	8.972	-70.95	-69.10	144.82	24.640	2.600	-28.653	-0.54172	-0.27301	0.61514	-0.50348	25.6	null	null	13113	75
2026-05-27T14:19:13.299	WT901BLE68(F3:F0:16:BF:DC:AE)	0.947	-0.322	0.117	18.372	3.601	9.277	-69.29	-68.16	145.20	23.740	4.200	-32.467	-0.54172	-0.27301	0.61514	-0.50348	25.6	null	null	13113	75
2026-05-27T14:19:13.423	WT901BLE68(F3:F0:16:BF:DC:AE)	0.941	-0.319	0.106	10.010	5.615	8.423	-67.70	-67.28	144.77	23.740	4.200	-32.467	-0.54172	-0.27301	0.61514	-0.50348	25.6	null	null	13113	75
2026-05-27T14:19:13.511	WT901BLE68(F3:F0:16:BF:DC:AE)	0.931	-0.310	0.104	6.470	3.662	4.333	-66.64	-66.66	144.25	23.740	4.200	-32.467	-0.50229	-0.29697	0.57944	-0.56891	25.6	null	null	13113	75
2026-05-27T14:19:13.634	WT901BLE68(F3:F0:16:BF:DC:AE)	0.922	-0.303	0.121	1.587	0.671	-3.052	-66.02	-66.68	143.90	23.740	4.200	-32.467	-0.50229	-0.29697	0.57944	-0.56891	25.6	null	null	13113	75
2026-05-27T14:19:13.689	WT901BLE68(F3:F0:16:BF:DC:AE)	0.929	-0.327	0.138	0.916	-1.343	-9.583	-65.58	-67.50	143.39	23.740	4.200	-32.467	-0.50229	-0.29697	0.57944	-0.56891	25.6	null	null	13113	75
2026-05-27T14:19:13.813	WT901BLE68(F3:F0:16:BF:DC:AE)	0.916	-0.333	0.154	-9.521	5.005	-11.230	-64.74	-68.49	141.90	23.740	4.200	-32.467	-0.50229	-0.29697	0.57944	-0.56891	25.6	null	null	13113	75
2026-05-27T14:19:13.901	WT901BLE68(F3:F0:16:BF:DC:AE)	0.940	-0.356	0.119	-30.090	15.198	-7.202	-63.33	-68.88	137.97	23.740	4.200	-32.467	-0.50229	-0.29697	0.57944	-0.56891	25.6	null	null	13113	75
2026-05-27T14:19:14.022	WT901BLE68(F3:F0:16:BF:DC:AE)	0.934	-0.366	0.098	-29.358	11.292	1.221	-63.42	-68.48	134.28	23.740	4.200	-32.467	-0.50229	-0.29697	0.57944	-0.56891	25.6	null	null	13113	75
2026-05-27T14:19:14.110	WT901BLE68(F3:F0:16:BF:DC:AE)	0.975	-0.317	0.128	-38.086	10.864	-0.610	-64.89	-67.92	132.32	23.740	4.200	-32.467	-0.50229	-0.29697	0.57944	-0.56891	25.6	null	null	13113	75
2026-05-27T14:19:14.233	WT901BLE68(F3:F0:16:BF:DC:AE)	0.920	-0.344	0.169	-29.663	5.127	-9.338	-66.26	-68.08	129.90	24.913	5.360	-26.480	-0.50229	-0.29697	0.57944	-0.56891	25.6	null	null	13113	75
2026-05-27T14:19:14.329	WT901BLE68(F3:F0:16:BF:DC:AE)	0.925	-0.316	0.256	-24.536	9.827	-8.911	-66.00	-68.81	127.43	24.913	5.360	-26.480	-0.50229	-0.29697	0.57944	-0.56891	25.6	null	null	13113	75
2026-05-27T14:19:14.440	WT901BLE68(F3:F0:16:BF:DC:AE)	0.898	-0.313	0.230	-25.452	17.639	-9.399	-63.57	-68.82	122.48	24.913	5.360	-26.480	-0.58740	-0.22131	0.61313	-0.47952	25.6	null	null	13113	75
2026-05-27T14:19:14.500	WT901BLE68(F3:F0:16:BF:DC:AE)	0.897	-0.318	0.196	-28.503	17.212	-7.141	-60.77	-68.60	116.91	24.913	5.360	-26.480	-0.58740	-0.22131	0.61313	-0.47952	25.6	null	null	13113	75
2026-05-27T14:19:14.621	WT901BLE68(F3:F0:16:BF:DC:AE)	0.907	-0.328	0.186	-18.066	6.775	-10.132	-59.22	-68.60	112.97	24.913	5.360	-26.480	-0.58740	-0.22131	0.61313	-0.47952	25.6	null	null	13113	75
2026-05-27T14:19:14.713	WT901BLE68(F3:F0:16:BF:DC:AE)	0.915	-0.354	0.227	-9.521	-2.930	-10.437	-58.80	-69.30	111.15	24.913	5.360	-26.480	-0.58740	-0.22131	0.61313	-0.47952	25.6	null	null	13113	75
2026-05-27T14:19:14.834	WT901BLE68(F3:F0:16:BF:DC:AE)	0.925	-0.365	0.284	7.141	-3.540	-5.249	-58.50	-70.04	110.84	24.913	5.360	-26.480	-0.58740	-0.22131	0.61313	-0.47952	25.6	null	null	13113	75
2026-05-27T14:19:14.927	WT901BLE68(F3:F0:16:BF:DC:AE)	0.936	-0.337	0.272	13.184	3.906	1.160	-56.88	-69.87	110.33	24.913	5.360	-26.480	-0.58740	-0.22131	0.61313	-0.47952	25.6	null	null	13113	75
2026-05-27T14:19:15.042	WT901BLE68(F3:F0:16:BF:DC:AE)	0.927	-0.282	0.234	10.315	10.376	5.920	-54.24	-68.96	108.98	24.913	5.360	-26.480	-0.58740	-0.22131	0.61313	-0.47952	25.6	null	null	13113	75
2026-05-27T14:19:15.101	WT901BLE68(F3:F0:16:BF:DC:AE)	0.904	-0.260	0.211	6.104	7.507	5.127	-52.42	-67.77	107.73	20.747	8.607	-15.493	-0.58740	-0.22131	0.61313	-0.47952	25.6	null	null	13113	75
2026-05-27T14:19:15.225	WT901BLE68(F3:F0:16:BF:DC:AE)	0.892	-0.312	0.194	22.278	-11.963	0.793	-52.01	-67.76	108.78	20.747	8.607	-15.493	-0.58740	-0.22131	0.61313	-0.47952	25.6	null	null	13113	75
2026-05-27T14:19:15.310	WT901BLE68(F3:F0:16:BF:DC:AE)	0.907	-0.315	0.251	25.757	-19.470	1.343	-53.14	-68.73	112.58	20.747	8.607	-15.493	-0.62964	-0.20090	0.58734	-0.46704	25.6	null	null	13113	75
2026-05-27T14:19:15.430	WT901BLE68(F3:F0:16:BF:DC:AE)	0.981	-0.273	0.328	27.405	-12.390	8.667	-54.30	-69.28	116.78	20.747	8.607	-15.493	-0.62964	-0.20090	0.58734	-0.46704	25.6	null	null	13113	75
2026-05-27T14:19:15.521	WT901BLE68(F3:F0:16:BF:DC:AE)	0.958	-0.187	0.309	9.155	7.019	18.921	-53.93	-68.20	118.97	20.747	8.607	-15.493	-0.62964	-0.20090	0.58734	-0.46704	25.6	null	null	13113	75
2026-05-27T14:19:15.643	WT901BLE68(F3:F0:16:BF:DC:AE)	0.919	-0.270	0.186	-16.479	16.602	20.020	-54.26	-65.80	118.62	20.747	8.607	-15.493	-0.62964	-0.20090	0.58734	-0.46704	25.6	null	null	13113	75
2026-05-27T14:19:15.731	WT901BLE68(F3:F0:16:BF:DC:AE)	0.896	-0.272	0.154	-6.348	3.174	4.517	-54.96	-64.45	118.27	20.747	8.607	-15.493	-0.62964	-0.20090	0.58734	-0.46704	25.6	null	null	13113	75
2026-05-27T14:19:15.853	WT901BLE68(F3:F0:16:BF:DC:AE)	0.905	-0.303	0.170	0.916	-9.521	-9.460	-55.49	-65.39	118.80	20.747	8.607	-15.493	-0.62964	-0.20090	0.58734	-0.46704	25.6	null	null	13113	75
2026-05-27T14:19:15.910	WT901BLE68(F3:F0:16:BF:DC:AE)	0.938	-0.320	0.193	-1.404	-11.780	-12.390	-56.27	-67.24	119.77	20.747	8.607	-15.493	-0.62964	-0.20090	0.58734	-0.46704	25.6	null	null	13113	75
2026-05-27T14:19:16.032	WT901BLE68(F3:F0:16:BF:DC:AE)	0.941	-0.328	0.208	1.648	-10.559	-9.155	-57.26	-68.77	120.88	23.200	6.013	-22.187	-0.62964	-0.20090	0.58734	-0.46704	25.6	null	null	13113	75
2026-05-27T14:19:16.121	WT901BLE68(F3:F0:16:BF:DC:AE)	0.946	-0.334	0.218	2.991	-7.507	-7.202	-57.87	-69.86	121.88	23.200	6.013	-22.187	-0.62964	-0.20090	0.58734	-0.46704	25.6	null	null	13113	75
2026-05-27T14:19:16.242	WT901BLE68(F3:F0:16:BF:DC:AE)	0.931	-0.340	0.209	9.949	-5.920	-3.479	-57.96	-70.44	122.73	23.200	6.013	-22.187	-0.59015	-0.24716	0.59021	-0.49213	25.6	null	null	13113	75
2026-05-27T14:19:16.334	WT901BLE68(F3:F0:16:BF:DC:AE)	0.906	-0.326	0.179	16.663	-3.784	1.831	-57.69	-70.49	123.73	23.200	6.013	-22.187	-0.59015	-0.24716	0.59021	-0.49213	25.6	null	null	13113	75
2026-05-27T14:19:16.452	WT901BLE68(F3:F0:16:BF:DC:AE)	0.951	-0.314	0.156	14.771	-2.441	2.014	-57.22	-70.34	124.85	23.200	6.013	-22.187	-0.59015	-0.24716	0.59021	-0.49213	25.6	null	null	13113	75
2026-05-27T14:19:16.511	WT901BLE68(F3:F0:16:BF:DC:AE)	0.922	-0.317	0.139	9.949	-1.404	5.615	-57.37	-70.03	126.08	23.200	6.013	-22.187	-0.59015	-0.24716	0.59021	-0.49213	25.6	null	null	13113	75
2026-05-27T14:19:16.631	WT901BLE68(F3:F0:16:BF:DC:AE)	0.914	-0.315	0.122	13.000	-5.981	1.709	-58.14	-69.80	127.96	23.200	6.013	-22.187	-0.59015	-0.24716	0.59021	-0.49213	25.6	null	null	13113	75
2026-05-27T14:19:16.721	WT901BLE68(F3:F0:16:BF:DC:AE)	0.955	-0.359	0.126	14.526	-10.620	2.930	-59.60	-70.14	130.60	23.200	6.013	-22.187	-0.59015	-0.24716	0.59021	-0.49213	25.6	null	null	13113	75
2026-05-27T14:19:16.841	WT901BLE68(F3:F0:16:BF:DC:AE)	0.936	-0.334	0.152	12.390	-11.169	13.184	-62.62	-69.85	134.97	23.200	6.013	-22.187	-0.59015	-0.24716	0.59021	-0.49213	25.6	null	null	13113	75
2026-05-27T14:19:16.932	WT901BLE68(F3:F0:16:BF:DC:AE)	0.954	-0.266	0.185	13.306	-4.883	16.846	-65.11	-68.72	139.11	23.373	6.073	-30.473	-0.59015	-0.24716	0.59021	-0.49213	25.6	null	null	13113	75
2026-05-27T14:19:17.053	WT901BLE68(F3:F0:16:BF:DC:AE)	0.981	-0.254	0.162	-18.372	13.245	13.000	-65.37	-67.32	138.94	23.373	6.073	-30.473	-0.59015	-0.24716	0.59021	-0.49213	25.6	null	null	13113	75
2026-05-27T14:19:17.110	WT901BLE68(F3:F0:16:BF:DC:AE)	0.929	-0.282	0.127	-27.405	14.526	8.057	-65.33	-66.01	136.30	23.373	6.073	-30.473	-0.53055	-0.26794	0.58740	-0.54913	25.6	null	null	13113	75
2026-05-27T14:19:17.264	WT901BLE68(F3:F0:16:BF:DC:AE)	0.896	-0.307	0.119	-29.236	0.671	-10.315	-66.70	-66.30	134.91	23.373	6.073	-30.473	-0.53055	-0.26794	0.58740	-0.54913	25.6	null	null	13113	75
2026-05-27T14:19:17.319	WT901BLE68(F3:F0:16:BF:DC:AE)	0.906	-0.342	0.112	-22.400	-8.362	-23.865	-68.21	-68.48	134.42	23.373	6.073	-30.473	-0.53055	-0.26794	0.58740	-0.54913	25.6	null	null	13113	75
2026-05-27T14:19:17.444	WT901BLE68(F3:F0:16:BF:DC:AE)	0.950	-0.384	0.114	-9.399	-11.597	-23.987	-69.72	-71.20	134.86	23.373	6.073	-30.473	-0.53055	-0.26794	0.58740	-0.54913	25.6	null	null	13113	75
2026-05-27T14:19:17.531	WT901BLE68(F3:F0:16:BF:DC:AE)	0.954	-0.396	0.140	0.916	-10.986	-9.521	-71.95	-72.77	136.89	23.373	6.073	-30.473	-0.53055	-0.26794	0.58740	-0.54913	25.6	null	null	13113	75
2026-05-27T14:19:17.653	WT901BLE68(F3:F0:16:BF:DC:AE)	0.948	-0.380	0.146	0.916	-3.479	2.502	-73.54	-72.75	138.70	23.373	6.073	-30.473	-0.53055	-0.26794	0.58740	-0.54913	25.6	null	null	13113	75
2026-05-27T14:19:17.742	WT901BLE68(F3:F0:16:BF:DC:AE)	0.954	-0.369	0.134	4.517	2.502	12.085	-73.56	-71.65	138.95	23.373	6.073	-30.473	-0.53055	-0.26794	0.58740	-0.54913	25.6	null	null	13113	75
2026-05-27T14:19:17.863	WT901BLE68(F3:F0:16:BF:DC:AE)	0.951	-0.327	0.128	10.803	7.446	17.517	-72.31	-69.75	138.69	21.913	7.340	-29.527	-0.53055	-0.26794	0.58740	-0.54913	25.6	null	null	13113	75
2026-05-27T14:19:17.920	WT901BLE68(F3:F0:16:BF:DC:AE)	0.951	-0.308	0.103	0.793	13.306	14.465	-70.25	-67.90	137.15	21.913	7.340	-29.527	-0.53055	-0.26794	0.58740	-0.54913	25.6	null	null	13113	75
2026-05-27T14:19:18.040	WT901BLE68(F3:F0:16:BF:DC:AE)	0.914	-0.321	0.092	22.156	0.610	1.831	-68.37	-67.03	136.24	21.913	7.340	-29.527	-0.54697	-0.24982	0.61072	-0.51511	25.6	null	null	13113	75
2026-05-27T14:19:18.133	WT901BLE68(F3:F0:16:BF:DC:AE)	0.951	-0.312	0.132	15.686	1.343	-6.714	-66.24	-67.54	136.46	21.913	7.340	-29.527	-0.54697	-0.24982	0.61072	-0.51511	25.6	null	null	13113	75
2026-05-27T14:19:18.250	WT901BLE68(F3:F0:16:BF:DC:AE)	0.942	-0.331	0.116	-8.911	12.634	-3.296	-64.04	-67.93	134.39	21.913	7.340	-29.527	-0.54697	-0.24982	0.61072	-0.51511	25.6	null	null	13113	75
2026-05-27T14:19:18.339	WT901BLE68(F3:F0:16:BF:DC:AE)	0.944	-0.331	0.079	-20.264	12.939	-6.470	-62.44	-67.76	131.02	21.913	7.340	-29.527	-0.54697	-0.24982	0.61072	-0.51511	25.6	null	null	13113	75
2026-05-27T14:19:18.458	WT901BLE68(F3:F0:16:BF:DC:AE)	0.905	-0.371	0.084	-11.658	-1.465	-6.226	-62.60	-68.19	128.93	21.913	7.340	-29.527	-0.54697	-0.24982	0.61072	-0.51511	25.6	null	null	13113	75
2026-05-27T14:19:18.554	WT901BLE68(F3:F0:16:BF:DC:AE)	0.919	-0.321	0.155	0.427	-9.338	-7.629	-64.41	-69.10	130.51	21.913	7.340	-29.527	-0.54697	-0.24982	0.61072	-0.51511	25.6	null	null	13113	75
2026-05-27T14:19:18.673	WT901BLE68(F3:F0:16:BF:DC:AE)	0.951	-0.344	0.173	-13.367	-2.258	-7.874	-65.75	-70.08	131.20	21.913	7.340	-29.527	-0.54697	-0.24982	0.61072	-0.51511	25.6	null	null	13113	75
2026-05-27T14:19:18.730	WT901BLE68(F3:F0:16:BF:DC:AE)	0.936	-0.322	0.190	-6.836	0.610	-0.488	-66.59	-70.31	130.83	22.867	6.713	-25.367	-0.54697	-0.24982	0.61072	-0.51511	25.6	null	null	13113	75
2026-05-27T14:19:18.852	WT901BLE68(F3:F0:16:BF:DC:AE)	0.938	-0.296	0.213	-1.282	3.967	-1.038	-66.13	-70.18	130.01	22.867	6.713	-25.367	-0.54697	-0.24982	0.61072	-0.51511	25.6	null	null	13113	75
2026-05-27T14:19:18.938	WT901BLE68(F3:F0:16:BF:DC:AE)	0.935	-0.285	0.205	-4.272	7.568	-1.892	-64.31	-69.96	127.84	22.867	6.713	-25.367	-0.57532	-0.24698	0.60718	-0.48911	25.6	null	null	13113	75
2026-05-27T14:19:19.062	WT901BLE68(F3:F0:16:BF:DC:AE)	0.940	-0.297	0.185	0.916	6.897	-4.395	-61.94	-69.83	125.20	22.867	6.713	-25.367	-0.57532	-0.24698	0.60718	-0.48911	25.6	null	null	13113	75
2026-05-27T14:19:19.153	WT901BLE68(F3:F0:16:BF:DC:AE)	0.936	-0.306	0.193	-0.916	7.507	-2.258	-59.53	-69.75	122.63	22.867	6.713	-25.367	-0.57532	-0.24698	0.60718	-0.48911	25.6	null	null	13113	75
2026-05-27T14:19:19.271	WT901BLE68(F3:F0:16:BF:DC:AE)	0.938	-0.312	0.197	-1.770	8.545	2.563	-57.82	-69.28	120.54	22.867	6.713	-25.367	-0.57532	-0.24698	0.60718	-0.48911	25.6	null	null	13113	75
2026-05-27T14:19:19.330	WT901BLE68(F3:F0:16:BF:DC:AE)	0.936	-0.281	0.210	4.028	6.897	5.371	-56.54	-68.55	119.25	22.867	6.713	-25.367	-0.57532	-0.24698	0.60718	-0.48911	25.6	null	null	13113	75
2026-05-27T14:19:19.453	WT901BLE68(F3:F0:16:BF:DC:AE)	0.919	-0.257	0.212	-3.296	6.042	4.761	-55.69	-67.81	118.44	22.867	6.713	-25.367	-0.57532	-0.24698	0.60718	-0.48911	25.6	null	null	13113	75
2026-05-27T14:19:19.540	WT901BLE68(F3:F0:16:BF:DC:AE)	0.919	-0.260	0.202	-8.728	2.869	-0.793	-55.60	-67.47	117.60	22.867	6.713	-25.367	-0.57532	-0.24698	0.60718	-0.48911	25.6	null	null	13113	75
2026-05-27T14:19:19.662	WT901BLE68(F3:F0:16:BF:DC:AE)	0.939	-0.274	0.232	-10.315	0.427	-6.775	-55.54	-67.87	116.56	24.067	7.053	-19.000	-0.57532	-0.24698	0.60718	-0.48911	25.6	null	null	13113	75
2026-05-27T14:19:19.752	WT901BLE68(F3:F0:16:BF:DC:AE)	0.924	-0.288	0.235	-10.010	-0.488	-9.705	-55.06	-68.66	115.04	24.067	7.053	-19.000	-0.57532	-0.24698	0.60718	-0.48911	25.6	null	null	13113	75
2026-05-27T14:19:19.873	WT901BLE68(F3:F0:16:BF:DC:AE)	0.922	-0.312	0.234	-13.855	1.587	-8.972	-54.38	-69.33	113.03	24.067	7.053	-19.000	-0.61502	-0.21677	0.59109	-0.47461	25.6	null	null	13113	75
2026-05-27T14:19:19.960	WT901BLE68(F3:F0:16:BF:DC:AE)	0.931	-0.316	0.228	-12.085	1.831	-5.188	-53.95	-69.77	111.23	24.067	7.053	-19.000	-0.61502	-0.21677	0.59109	-0.47461	25.6	null	null	13113	75
2026-05-27T14:19:20.082	WT901BLE68(F3:F0:16:BF:DC:AE)	0.917	-0.308	0.213	-13.367	2.197	-1.343	-54.20	-69.69	109.98	24.067	7.053	-19.000	-0.61502	-0.21677	0.59109	-0.47461	25.6	null	null	13113	75
2026-05-27T14:19:20.143	WT901BLE68(F3:F0:16:BF:DC:AE)	0.921	-0.307	0.221	1.892	-5.676	-0.671	-55.00	-69.74	110.05	24.067	7.053	-19.000	-0.61502	-0.21677	0.59109	-0.47461	25.6	null	null	13113	75
2026-05-27T14:19:20.265	WT901BLE68(F3:F0:16:BF:DC:AE)	0.919	-0.296	0.258	6.897	-5.249	-0.549	-55.61	-70.02	111.38	24.067	7.053	-19.000	-0.61502	-0.21677	0.59109	-0.47461	25.6	null	null	13113	75
2026-05-27T14:19:20.348	WT901BLE68(F3:F0:16:BF:DC:AE)	0.930	-0.310	0.226	11.108	-3.662	1.038	-55.37	-70.08	112.08	24.067	7.053	-19.000	-0.61502	-0.21677	0.59109	-0.47461	25.6	null	null	13113	75
2026-05-27T14:19:20.471	WT901BLE68(F3:F0:16:BF:DC:AE)	0.941	-0.300	0.212	12.024	-3.723	4.456	-55.24	-69.93	113.19	24.067	7.053	-19.000	-0.61502	-0.21677	0.59109	-0.47461	25.6	null	null	13113	75
2026-05-27T14:19:20.563	WT901BLE68(F3:F0:16:BF:DC:AE)	0.928	-0.267	0.212	15.747	-5.310	5.676	-55.68	-69.59	115.00	21.920	8.880	-19.060	-0.61502	-0.21677	0.59109	-0.47461	25.6	null	null	13113	75
2026-05-27T14:19:20.681	WT901BLE68(F3:F0:16:BF:DC:AE)	0.959	-0.284	0.222	8.606	-2.014	9.033	-55.96	-69.31	116.78	21.920	8.880	-19.060	-0.61502	-0.21677	0.59109	-0.47461	25.6	null	null	13113	75
2026-05-27T14:19:20.742	WT901BLE68(F3:F0:16:BF:DC:AE)	0.936	-0.283	0.200	-0.427	-1.526	9.766	-57.00	-68.63	118.44	21.920	8.880	-19.060	-0.60474	-0.22507	0.59152	-0.48334	25.6	null	null	13113	75
2026-05-27T14:19:20.861	WT901BLE68(F3:F0:16:BF:DC:AE)	0.932	-0.273	0.192	-1.648	-2.014	10.620	-58.71	-67.86	120.14	21.920	8.880	-19.060	-0.60474	-0.22507	0.59152	-0.48334	25.6	null	null	13113	75
2026-05-27T14:19:20.952	WT901BLE68(F3:F0:16:BF:DC:AE)	0.932	-0.265	0.199	1.465	-3.479	4.700	-60.00	-67.52	121.75	21.920	8.880	-19.060	-0.60474	-0.22507	0.59152	-0.48334	25.6	null	null	13113	75
2026-05-27T14:19:21.073	WT901BLE68(F3:F0:16:BF:DC:AE)	0.938	-0.264	0.174	-4.456	-0.549	-1.160	-60.36	-67.67	122.24	21.920	8.880	-19.060	-0.60474	-0.22507	0.59152	-0.48334	25.6	null	null	13113	75
2026-05-27T14:19:21.161	WT901BLE68(F3:F0:16:BF:DC:AE)	0.921	-0.284	0.137	-4.578	-3.723	-8.545	-60.41	-68.37	122.00	21.920	8.880	-19.060	-0.60474	-0.22507	0.59152	-0.48334	25.6	null	null	13113	75
2026-05-27T14:19:21.283	WT901BLE68(F3:F0:16:BF:DC:AE)	0.921	-0.317	0.133	0.244	-9.888	-15.137	-60.69	-69.93	122.23	21.920	8.880	-19.060	-0.60474	-0.22507	0.59152	-0.48334	25.6	null	null	13113	75
2026-05-27T14:19:21.370	WT901BLE68(F3:F0:16:BF:DC:AE)	0.926	-0.354	0.129	6.104	-14.465	-15.076	-61.65	-71.83	123.49	21.920	8.880	-19.060	-0.60474	-0.22507	0.59152	-0.48334	25.6	null	null	13113	75
2026-05-27T14:19:21.493	WT901BLE68(F3:F0:16:BF:DC:AE)	0.941	-0.368	0.137	16.785	-16.968	-9.766	-63.68	-73.47	126.76	21.867	8.960	-23.967	-0.60474	-0.22507	0.59152	-0.48334	25.6	null	null	13113	75
