time	DeviceName	AccX(g)	AccY(g)	AccZ(g)	AsX(°/s)	AsY(°/s)	AsZ(°/s)	AngleX(°)	AngleY(°)	AngleZ(°)	HX(uT)	HY(uT)	HZ(uT)	Q0()	Q1()	Q2()	Q3()	Temperature(°C)	Height(m)	Pressure(kPa)	Version()	Battery level(%)
2026-05-27T14:28:58.181	WT901BLE68(F3:F0:16:BF:DC:AE)	0.923	-0.076	-0.331	23.376	-2.930	-12.878	-163.63	-70.05	-120.80	2.873	19.253	-53.933	-0.45782	-0.45316	0.66333	-0.38071	25.6	null	null	13113	75
2026-05-27T14:28:58.305	WT901BLE68(F3:F0:16:BF:DC:AE)	0.920	-0.067	-0.403	-3.479	2.625	-5.676	-164.70	-69.88	-119.11	2.873	19.253	-53.933	-0.45782	-0.45316	0.66333	-0.38071	25.6	null	null	13113	75
2026-05-27T14:28:58.361	WT901BLE68(F3:F0:16:BF:DC:AE)	0.953	-0.022	-0.325	-8.057	0.977	-2.625	-166.29	-70.19	-117.99	2.873	19.253	-53.933	-0.45782	-0.45316	0.66333	-0.38071	25.6	null	null	13113	75
2026-05-27T14:28:58.485	WT901BLE68(F3:F0:16:BF:DC:AE)	0.936	-0.063	-0.358	-11.414	1.526	-0.183	-167.50	-70.44	-117.98	2.873	19.253	-53.933	-0.45782	-0.45316	0.66333	-0.38071	25.6	null	null	13113	75
2026-05-27T14:28:58.572	WT901BLE68(F3:F0:16:BF:DC:AE)	0.948	-0.083	-0.314	-12.756	3.906	1.648	-168.54	-70.55	-118.19	2.873	19.253	-53.933	-0.45782	-0.45316	0.66333	-0.38071	25.6	null	null	13113	75
2026-05-27T14:28:58.692	WT901BLE68(F3:F0:16:BF:DC:AE)	0.938	-0.067	-0.318	-3.906	2.563	-0.732	-168.90	-70.86	-118.72	2.873	19.253	-53.933	-0.45782	-0.45316	0.66333	-0.38071	25.6	null	null	13113	75
2026-05-27T14:28:58.782	WT901BLE68(F3:F0:16:BF:DC:AE)	0.937	-0.049	-0.315	-2.686	2.136	-2.319	-169.45	-71.13	-118.51	0.220	18.253	-57.927	-0.45782	-0.45316	0.66333	-0.38071	25.6	null	null	13113	75
2026-05-27T14:28:58.900	WT901BLE68(F3:F0:16:BF:DC:AE)	0.945	-0.054	-0.313	-0.122	0.916	-2.502	-170.13	-71.30	-117.98	0.220	18.253	-57.927	-0.46100	-0.45981	0.66840	-0.35941	25.6	null	null	13113	75
2026-05-27T14:28:58.992	WT901BLE68(F3:F0:16:BF:DC:AE)	0.942	-0.045	-0.314	4.028	0.244	-3.479	-170.84	-71.42	-117.23	0.220	18.253	-57.927	-0.46100	-0.45981	0.66840	-0.35941	25.6	null	null	13113	75
2026-05-27T14:28:59.114	WT901BLE68(F3:F0:16:BF:DC:AE)	0.938	-0.022	-0.331	5.554	-0.671	-3.174	-171.35	-71.39	-116.19	0.220	18.253	-57.927	-0.46100	-0.45981	0.66840	-0.35941	25.6	null	null	13113	75
2026-05-27T14:28:59.171	WT901BLE68(F3:F0:16:BF:DC:AE)	0.956	-0.059	-0.314	0.122	2.014	-0.854	-171.89	-71.46	-115.55	0.220	18.253	-57.927	-0.46100	-0.45981	0.66840	-0.35941	25.6	null	null	13113	75
2026-05-27T14:28:59.292	WT901BLE68(F3:F0:16:BF:DC:AE)	0.951	-0.044	-0.301	-3.662	2.625	-1.648	-172.25	-71.69	-115.41	0.220	18.253	-57.927	-0.46100	-0.45981	0.66840	-0.35941	25.6	null	null	13113	75
2026-05-27T14:28:59.383	WT901BLE68(F3:F0:16:BF:DC:AE)	0.946	-0.038	-0.313	-3.357	3.784	-2.380	-172.93	-72.06	-115.29	0.220	18.253	-57.927	-0.46100	-0.45981	0.66840	-0.35941	25.6	null	null	13113	75
2026-05-27T14:28:59.502	WT901BLE68(F3:F0:16:BF:DC:AE)	0.956	-0.026	-0.302	0.061	4.211	-3.052	-173.77	-72.49	-114.66	0.220	18.253	-57.927	-0.46100	-0.45981	0.66840	-0.35941	25.6	null	null	13113	75
2026-05-27T14:28:59.592	WT901BLE68(F3:F0:16:BF:DC:AE)	0.975	-0.040	-0.238	-2.502	9.399	0.000	-174.48	-73.10	-114.22	0.033	19.853	-55.727	-0.46100	-0.45981	0.66840	-0.35941	25.6	null	null	13113	75
2026-05-27T14:28:59.714	WT901BLE68(F3:F0:16:BF:DC:AE)	0.956	-0.021	-0.262	-6.897	9.583	0.671	-174.38	-74.04	-114.93	0.033	19.853	-55.727	-0.46100	-0.45981	0.66840	-0.35941	25.6	null	null	13113	75
2026-05-27T14:28:59.771	WT901BLE68(F3:F0:16:BF:DC:AE)	0.965	-0.016	-0.265	-2.563	9.277	0.366	-174.43	-74.97	-115.57	0.033	19.853	-55.727	-0.49268	-0.44824	0.65512	-0.35641	25.6	null	null	13113	75
2026-05-27T14:28:59.895	WT901BLE68(F3:F0:16:BF:DC:AE)	0.959	0.019	-0.261	-9.155	7.996	3.296	-173.94	-75.84	-116.53	0.033	19.853	-55.727	-0.49268	-0.44824	0.65512	-0.35641	25.6	null	null	13113	75
2026-05-27T14:28:59.982	WT901BLE68(F3:F0:16:BF:DC:AE)	0.963	0.007	-0.266	-13.062	3.784	3.784	-173.54	-76.43	-118.14	0.033	19.853	-55.727	-0.49268	-0.44824	0.65512	-0.35641	25.6	null	null	13113	75
2026-05-27T14:29:00.105	WT901BLE68(F3:F0:16:BF:DC:AE)	0.963	-0.001	-0.278	-13.123	-3.113	1.404	-174.39	-76.27	-118.75	0.033	19.853	-55.727	-0.49268	-0.44824	0.65512	-0.35641	25.6	null	null	13113	75
2026-05-27T14:29:00.191	WT901BLE68(F3:F0:16:BF:DC:AE)	0.968	-0.012	-0.246	-6.226	-6.409	-0.793	-175.77	-75.62	-118.20	0.033	19.853	-55.727	-0.49268	-0.44824	0.65512	-0.35641	25.6	null	null	13113	75
2026-05-27T14:29:00.312	WT901BLE68(F3:F0:16:BF:DC:AE)	0.970	-0.015	-0.248	-3.601	-5.676	-1.892	-176.82	-75.04	-117.47	0.033	19.853	-55.727	-0.49268	-0.44824	0.65512	-0.35641	25.6	null	null	13113	75
2026-05-27T14:29:00.402	WT901BLE68(F3:F0:16:BF:DC:AE)	0.969	-0.025	-0.255	2.075	-3.479	-1.038	-177.50	-74.63	-116.91	0.033	19.853	-55.727	-0.49268	-0.44824	0.65512	-0.35641	25.6	null	null	13113	75
2026-05-27T14:29:00.491	WT901BLE68(F3:F0:16:BF:DC:AE)	0.964	-0.015	-0.253	2.441	-1.404	-0.244	-177.56	-74.40	-116.57	2.473	22.120	-52.553	-0.49268	-0.44824	0.65512	-0.35641	25.6	null	null	13113	75
2026-05-27T14:29:00.582	WT901BLE68(F3:F0:16:BF:DC:AE)	0.963	-0.024	-0.255	0.854	1.831	1.648	-177.10	-74.47	-116.85	2.473	22.120	-52.553	-0.49268	-0.44824	0.65512	-0.35641	25.6	null	null	13113	75
2026-05-27T14:29:00.702	WT901BLE68(F3:F0:16:BF:DC:AE)	0.955	-0.039	-0.272	3.906	1.343	0.793	-176.14	-74.66	-117.55	2.473	22.120	-52.553	-0.49268	-0.44824	0.65512	-0.35641	25.6	null	null	13113	75
2026-05-27T14:29:00.793	WT901BLE68(F3:F0:16:BF:DC:AE)	0.965	-0.012	-0.254	5.920	5.493	3.174	-174.67	-74.87	-118.49	2.473	22.120	-52.553	-0.50388	-0.42972	0.66837	-0.33856	25.6	null	null	13113	75
2026-05-27T14:29:00.911	WT901BLE68(F3:F0:16:BF:DC:AE)	0.957	-0.017	-0.263	4.089	5.432	1.404	-173.20	-75.31	-119.63	2.473	22.120	-52.553	-0.50388	-0.42972	0.66837	-0.33856	25.6	null	null	13113	75
2026-05-27T14:29:01.001	WT901BLE68(F3:F0:16:BF:DC:AE)	0.966	-0.022	-0.247	8.362	3.906	-0.488	-172.32	-75.71	-119.89	2.473	22.120	-52.553	-0.50388	-0.42972	0.66837	-0.33856	25.6	null	null	13113	75
2026-05-27T14:29:01.122	WT901BLE68(F3:F0:16:BF:DC:AE)	0.976	-0.035	-0.223	5.798	0.671	-1.099	-172.06	-75.89	-119.47	2.473	22.120	-52.553	-0.50388	-0.42972	0.66837	-0.33856	25.6	null	null	13113	75
2026-05-27T14:29:01.181	WT901BLE68(F3:F0:16:BF:DC:AE)	0.975	-0.030	-0.221	3.662	1.831	0.610	-171.65	-76.05	-119.34	2.473	22.120	-52.553	-0.50388	-0.42972	0.66837	-0.33856	25.6	null	null	13113	75
2026-05-27T14:29:01.305	WT901BLE68(F3:F0:16:BF:DC:AE)	0.967	-0.038	-0.224	0.977	0.549	1.099	-171.05	-76.20	-119.82	2.473	22.120	-52.553	-0.50388	-0.42972	0.66837	-0.33856	25.6	null	null	13113	75
2026-05-27T14:29:01.388	WT901BLE68(F3:F0:16:BF:DC:AE)	0.971	-0.041	-0.222	4.883	-3.296	-0.488	-170.71	-76.07	-119.90	3.287	20.207	-53.767	-0.50388	-0.42972	0.66837	-0.33856	25.6	null	null	13113	75
2026-05-27T14:29:01.514	WT901BLE68(F3:F0:16:BF:DC:AE)	0.979	-0.046	-0.215	1.221	-3.845	1.221	-170.44	-75.79	-119.93	3.287	20.207	-53.767	-0.50388	-0.42972	0.66837	-0.33856	25.6	null	null	13113	75
2026-05-27T14:29:01.601	WT901BLE68(F3:F0:16:BF:DC:AE)	0.965	-0.043	-0.237	0.305	-4.150	1.038	-170.13	-75.48	-120.29	3.287	20.207	-53.767	-0.49570	-0.43771	0.65656	-0.36267	25.6	null	null	13113	75
2026-05-27T14:29:01.723	WT901BLE68(F3:F0:16:BF:DC:AE)	0.966	-0.047	-0.248	-2.808	-7.446	0.854	-170.23	-74.92	-120.29	3.287	20.207	-53.767	-0.49570	-0.43771	0.65656	-0.36267	25.6	null	null	13113	75
2026-05-27T14:29:01.784	WT901BLE68(F3:F0:16:BF:DC:AE)	0.966	-0.050	-0.265	-2.747	-8.057	0.732	-170.61	-74.20	-120.15	3.287	20.207	-53.767	-0.49570	-0.43771	0.65656	-0.36267	25.6	null	null	13113	75
2026-05-27T14:29:01.930	WT901BLE68(F3:F0:16:BF:DC:AE)	0.961	-0.044	-0.280	-3.784	-7.874	0.732	-170.97	-73.48	-120.01	3.287	20.207	-53.767	-0.49570	-0.43771	0.65656	-0.36267	25.6	null	null	13113	75
2026-05-27T14:29:01.993	WT901BLE68(F3:F0:16:BF:DC:AE)	0.950	-0.044	-0.289	-1.343	-6.958	0.854	-171.29	-72.82	-119.94	3.287	20.207	-53.767	-0.49570	-0.43771	0.65656	-0.36267	25.6	null	null	13113	75
2026-05-27T14:29:02.113	WT901BLE68(F3:F0:16:BF:DC:AE)	0.945	-0.049	-0.303	1.892	-6.958	-0.732	-171.58	-72.10	-119.61	3.287	20.207	-53.767	-0.49570	-0.43771	0.65656	-0.36267	25.6	null	null	13113	75
2026-05-27T14:29:02.200	WT901BLE68(F3:F0:16:BF:DC:AE)	0.944	-0.052	-0.307	3.540	-7.141	-0.610	-171.80	-71.47	-119.11	3.287	20.207	-53.767	-0.49570	-0.43771	0.65656	-0.36267	25.6	null	null	13113	75
2026-05-27T14:29:02.319	WT901BLE68(F3:F0:16:BF:DC:AE)	0.942	-0.048	-0.326	6.165	-5.798	-0.732	-171.64	-70.94	-118.78	0.480	19.560	-56.547	-0.49570	-0.43771	0.65656	-0.36267	25.6	null	null	13113	75
2026-05-27T14:29:02.413	WT901BLE68(F3:F0:16:BF:DC:AE)	0.935	-0.035	-0.351	3.662	-2.930	-0.610	-171.55	-70.51	-118.31	0.480	19.560	-56.547	-0.49570	-0.43771	0.65656	-0.36267	25.6	null	null	13113	75
2026-05-27T14:29:02.531	WT901BLE68(F3:F0:16:BF:DC:AE)	0.937	-0.063	-0.337	4.333	-2.380	0.183	-171.41	-70.18	-118.14	0.480	19.560	-56.547	-0.46127	-0.45557	0.67767	-0.34689	25.6	null	null	13113	75
2026-05-27T14:29:02.592	WT901BLE68(F3:F0:16:BF:DC:AE)	0.936	-0.045	-0.339	3.296	0.427	0.977	-170.68	-70.16	-118.35	0.480	19.560	-56.547	-0.46127	-0.45557	0.67767	-0.34689	25.6	null	null	13113	75
2026-05-27T14:29:02.715	WT901BLE68(F3:F0:16:BF:DC:AE)	0.933	-0.074	-0.353	1.831	0.732	1.221	-170.10	-70.21	-118.81	0.480	19.560	-56.547	-0.46127	-0.45557	0.67767	-0.34689	25.6	null	null	13113	75
2026-05-27T14:29:02.803	WT901BLE68(F3:F0:16:BF:DC:AE)	0.940	-0.072	-0.329	0.366	2.319	2.014	-169.36	-70.31	-119.40	0.480	19.560	-56.547	-0.46127	-0.45557	0.67767	-0.34689	25.6	null	null	13113	75
2026-05-27T14:29:02.924	WT901BLE68(F3:F0:16:BF:DC:AE)	0.931	-0.080	-0.344	-2.625	2.686	1.099	-168.86	-70.54	-120.17	0.480	19.560	-56.547	-0.46127	-0.45557	0.67767	-0.34689	25.6	null	null	13113	75
2026-05-27T14:29:03.015	WT901BLE68(F3:F0:16:BF:DC:AE)	0.930	-0.062	-0.348	1.282	0.183	-2.014	-169.05	-70.59	-119.95	0.480	19.560	-56.547	-0.46127	-0.45557	0.67767	-0.34689	25.6	null	null	13113	75
2026-05-27T14:29:03.132	WT901BLE68(F3:F0:16:BF:DC:AE)	0.942	-0.060	-0.329	-0.610	0.000	-2.686	-169.85	-70.55	-119.13	0.480	19.560	-56.547	-0.46127	-0.45557	0.67767	-0.34689	25.6	null	null	13113	75
2026-05-27T14:29:03.193	WT901BLE68(F3:F0:16:BF:DC:AE)	0.949	-0.066	-0.317	-0.854	1.404	-1.526	-170.40	-70.66	-118.64	0.440	17.767	-57.953	-0.46127	-0.45557	0.67767	-0.34689	25.6	null	null	13113	75
2026-05-27T14:29:03.343	WT901BLE68(F3:F0:16:BF:DC:AE)	0.939	-0.052	-0.329	-1.343	2.686	-1.038	-170.66	-70.94	-118.49	0.440	17.767	-57.953	-0.46127	-0.45557	0.67767	-0.34689	25.6	null	null	13113	75
2026-05-27T14:29:03.399	WT901BLE68(F3:F0:16:BF:DC:AE)	0.947	-0.058	-0.310	1.526	2.563	-1.404	-170.79	-71.21	-118.25	0.440	17.767	-57.953	-0.46411	-0.45572	0.67236	-0.35318	25.6	null	null	13113	75
2026-05-27T14:29:03.524	WT901BLE68(F3:F0:16:BF:DC:AE)	0.950	-0.052	-0.303	0.061	3.662	-0.854	-170.90	-71.53	-118.10	0.440	17.767	-57.953	-0.46411	-0.45572	0.67236	-0.35318	25.6	null	null	13113	75
2026-05-27T14:29:03.610	WT901BLE68(F3:F0:16:BF:DC:AE)	0.946	-0.048	-0.307	-1.221	2.869	-1.099	-171.13	-71.85	-118.03	0.440	17.767	-57.953	-0.46411	-0.45572	0.67236	-0.35318	25.6	null	null	13113	75
2026-05-27T14:29:03.734	WT901BLE68(F3:F0:16:BF:DC:AE)	0.950	-0.042	-0.293	-0.244	1.648	-1.892	-171.55	-72.07	-117.65	0.440	17.767	-57.953	-0.46411	-0.45572	0.67236	-0.35318	25.6	null	null	13113	75
2026-05-27T14:29:03.821	WT901BLE68(F3:F0:16:BF:DC:AE)	0.949	-0.038	-0.303	2.258	0.732	-2.197	-172.03	-72.21	-117.07	0.440	17.767	-57.953	-0.46411	-0.45572	0.67236	-0.35318	25.6	null	null	13113	75
2026-05-27T14:29:03.943	WT901BLE68(F3:F0:16:BF:DC:AE)	0.957	-0.029	-0.286	-3.357	0.000	-0.671	-172.51	-72.27	-116.60	0.440	17.767	-57.953	-0.46411	-0.45572	0.67236	-0.35318	25.6	null	null	13113	75
2026-05-27T14:29:04.002	WT901BLE68(F3:F0:16:BF:DC:AE)	0.954	-0.054	-0.291	-3.784	-0.061	0.000	-172.91	-72.34	-116.78	0.440	17.767	-57.953	-0.46411	-0.45572	0.67236	-0.35318	25.6	null	null	13113	75
2026-05-27T14:29:04.124	WT901BLE68(F3:F0:16:BF:DC:AE)	0.954	-0.036	-0.288	-2.014	-1.099	-0.854	-173.19	-72.35	-116.71	0.440	17.767	-57.953	-0.46411	-0.45572	0.67236	-0.35318	25.6	null	null	13113	75
2026-05-27T14:29:04.209	WT901BLE68(F3:F0:16:BF:DC:AE)	0.965	-0.043	-0.279	-0.427	0.305	0.305	-173.44	-72.33	-116.67	0.373	19.320	-56.340	-0.46411	-0.45572	0.67236	-0.35318	25.6	null	null	13113	75
2026-05-27T14:29:04.330	WT901BLE68(F3:F0:16:BF:DC:AE)	0.959	-0.038	-0.283	-3.418	1.465	1.892	-173.35	-72.41	-117.09	0.373	19.320	-56.340	-0.47778	-0.45087	0.66861	-0.34830	25.6	null	null	13113	75
2026-05-27T14:29:04.423	WT901BLE68(F3:F0:16:BF:DC:AE)	0.951	-0.031	-0.300	-3.479	1.099	2.563	-172.89	-72.54	-117.89	0.373	19.320	-56.340	-0.47778	-0.45087	0.66861	-0.34830	25.6	null	null	13113	75
2026-05-27T14:29:04.542	WT901BLE68(F3:F0:16:BF:DC:AE)	0.954	-0.044	-0.288	-0.916	1.160	2.808	-172.36	-72.60	-118.65	0.373	19.320	-56.340	-0.47778	-0.45087	0.66861	-0.34830	25.6	null	null	13113	75
2026-05-27T14:29:04.602	WT901BLE68(F3:F0:16:BF:DC:AE)	0.950	-0.040	-0.297	-1.221	0.977	3.113	-171.47	-72.67	-119.60	0.373	19.320	-56.340	-0.47778	-0.45087	0.66861	-0.34830	25.6	null	null	13113	75
2026-05-27T14:29:04.751	WT901BLE68(F3:F0:16:BF:DC:AE)	0.951	-0.054	-0.293	0.427	0.183	2.380	-170.74	-72.67	-120.41	0.373	19.320	-56.340	-0.47778	-0.45087	0.66861	-0.34830	25.6	null	null	13113	75
2026-05-27T14:29:04.811	WT901BLE68(F3:F0:16:BF:DC:AE)	0.951	-0.057	-0.296	1.038	-0.732	2.014	-170.11	-72.55	-121.02	0.373	19.320	-56.340	-0.47778	-0.45087	0.66861	-0.34830	25.6	null	null	13113	75
2026-05-27T14:29:04.936	WT901BLE68(F3:F0:16:BF:DC:AE)	0.952	-0.045	-0.308	2.136	-0.916	1.953	-169.34	-72.49	-121.58	0.373	19.320	-56.340	-0.47778	-0.45087	0.66861	-0.34830	25.6	null	null	13113	75
2026-05-27T14:29:05.021	WT901BLE68(F3:F0:16:BF:DC:AE)	0.957	-0.068	-0.283	3.418	1.465	3.418	-168.51	-72.41	-122.11	1.880	18.740	-57.360	-0.47778	-0.45087	0.66861	-0.34830	25.6	null	null	13113	75
2026-05-27T14:29:05.144	WT901BLE68(F3:F0:16:BF:DC:AE)	0.952	-0.067	-0.292	0.305	2.686	4.700	-166.83	-72.57	-123.56	1.880	18.740	-57.360	-0.47778	-0.45087	0.66861	-0.34830	25.6	null	null	13113	75
2026-05-27T14:29:05.234	WT901BLE68(F3:F0:16:BF:DC:AE)	0.940	-0.063	-0.332	-0.854	-0.732	2.563	-165.43	-72.67	-125.00	1.880	18.740	-57.360	-0.47433	-0.43695	0.67365	-0.36081	25.6	null	null	13113	75
2026-05-27T14:29:05.353	WT901BLE68(F3:F0:16:BF:DC:AE)	0.946	-0.072	-0.314	5.676	-5.676	-1.648	-165.67	-72.24	-124.52	1.880	18.740	-57.360	-0.47433	-0.43695	0.67365	-0.36081	25.6	null	null	13113	75
2026-05-27T14:29:05.411	WT901BLE68(F3:F0:16:BF:DC:AE)	0.948	-0.068	-0.300	3.418	-7.935	-1.831	-166.53	-71.52	-123.04	1.880	18.740	-57.360	-0.47433	-0.43695	0.67365	-0.36081	25.6	null	null	13113	75
2026-05-27T14:29:05.533	WT901BLE68(F3:F0:16:BF:DC:AE)	0.944	-0.082	-0.308	3.235	-5.737	-0.732	-167.13	-70.85	-122.07	1.880	18.740	-57.360	-0.47433	-0.43695	0.67365	-0.36081	25.6	null	null	13113	75
2026-05-27T14:29:05.621	WT901BLE68(F3:F0:16:BF:DC:AE)	0.942	-0.082	-0.327	4.517	-4.578	0.000	-167.11	-70.38	-121.65	1.880	18.740	-57.360	-0.47433	-0.43695	0.67365	-0.36081	25.6	null	null	13113	75
2026-05-27T14:29:05.742	WT901BLE68(F3:F0:16:BF:DC:AE)	0.933	-0.081	-0.334	1.831	-4.761	0.061	-167.07	-69.97	-121.37	1.880	18.740	-57.360	-0.47433	-0.43695	0.67365	-0.36081	25.6	null	null	13113	75
2026-05-27T14:29:05.832	WT901BLE68(F3:F0:16:BF:DC:AE)	0.942	-0.097	-0.323	5.493	-3.296	-0.061	-166.88	-69.59	-121.12	1.880	18.740	-57.360	-0.47433	-0.43695	0.67365	-0.36081	25.6	null	null	13113	75
2026-05-27T14:29:05.951	WT901BLE68(F3:F0:16:BF:DC:AE)	0.937	-0.088	-0.342	1.221	-3.052	0.549	-166.50	-69.36	-121.14	-0.080	16.973	-58.573	-0.47433	-0.43695	0.67365	-0.36081	25.6	null	null	13113	75
2026-05-27T14:29:06.010	WT901BLE68(F3:F0:16:BF:DC:AE)	0.931	-0.095	-0.351	2.380	-1.709	1.099	-166.17	-69.15	-121.26	-0.080	16.973	-58.573	-0.47433	-0.43695	0.67365	-0.36081	25.6	null	null	13113	75
2026-05-27T14:29:06.164	WT901BLE68(F3:F0:16:BF:DC:AE)	0.929	-0.094	-0.350	0.244	-1.648	0.793	-165.85	-68.97	-121.36	-0.080	16.973	-58.573	-0.47433	-0.43695	0.67365	-0.36081	25.6	null	null	13113	75
2026-05-27T14:29:06.220	WT901BLE68(F3:F0:16:BF:DC:AE)	0.930	-0.101	-0.352	1.099	-1.099	0.305	-165.68	-68.80	-121.48	-0.080	16.973	-58.573	-0.43933	-0.46136	0.67957	-0.36359	25.6	null	null	13113	75
2026-05-27T14:29:06.342	WT901BLE68(F3:F0:16:BF:DC:AE)	0.931	-0.104	-0.348	-0.366	0.122	0.366	-165.56	-68.73	-121.50	-0.080	16.973	-58.573	-0.43933	-0.46136	0.67957	-0.36359	25.6	null	null	13113	75
2026-05-27T14:29:06.432	WT901BLE68(F3:F0:16:BF:DC:AE)	0.924	-0.111	-0.353	1.221	0.488	-0.916	-165.47	-68.74	-121.58	-0.080	16.973	-58.573	-0.43933	-0.46136	0.67957	-0.36359	25.6	null	null	13113	75
2026-05-27T14:29:06.556	WT901BLE68(F3:F0:16:BF:DC:AE)	0.930	-0.100	-0.347	2.136	0.183	-2.258	-165.53	-68.78	-121.29	-0.080	16.973	-58.573	-0.43933	-0.46136	0.67957	-0.36359	25.6	null	null	13113	75
2026-05-27T14:29:06.641	WT901BLE68(F3:F0:16:BF:DC:AE)	0.936	-0.092	-0.343	0.610	0.671	-2.136	-165.78	-68.87	-120.83	-0.080	16.973	-58.573	-0.43933	-0.46136	0.67957	-0.36359	25.6	null	null	13113	75
2026-05-27T14:29:06.761	WT901BLE68(F3:F0:16:BF:DC:AE)	0.930	-0.083	-0.360	-3.357	1.526	-1.282	-166.14	-69.04	-120.58	-0.080	16.973	-58.573	-0.43933	-0.46136	0.67957	-0.36359	25.6	null	null	13113	75
2026-05-27T14:29:06.819	WT901BLE68(F3:F0:16:BF:DC:AE)	0.927	-0.086	-0.359	-1.831	1.892	-2.075	-166.62	-69.24	-120.31	-0.507	15.940	-59.913	-0.43933	-0.46136	0.67957	-0.36359	25.6	null	null	13113	75
2026-05-27T14:29:06.943	WT901BLE68(F3:F0:16:BF:DC:AE)	0.930	-0.105	-0.344	-1.038	1.831	-3.174	-167.22	-69.44	-119.80	-0.507	15.940	-59.913	-0.43933	-0.46136	0.67957	-0.36359	25.6	null	null	13113	75
2026-05-27T14:29:07.030	WT901BLE68(F3:F0:16:BF:DC:AE)	0.941	-0.066	-0.333	-4.700	4.639	-3.174	-167.96	-69.80	-119.21	-0.507	15.940	-59.913	-0.44559	-0.46478	0.67374	-0.36252	25.6	null	null	13113	75
2026-05-27T14:29:07.156	WT901BLE68(F3:F0:16:BF:DC:AE)	0.938	-0.070	-0.341	-10.254	6.165	-2.075	-169.11	-70.36	-118.99	-0.507	15.940	-59.913	-0.44559	-0.46478	0.67374	-0.36252	25.6	null	null	13113	75
2026-05-27T14:29:07.242	WT901BLE68(F3:F0:16:BF:DC:AE)	0.940	-0.055	-0.331	-2.991	5.066	-4.883	-170.46	-70.90	-118.27	-0.507	15.940	-59.913	-0.44559	-0.46478	0.67374	-0.36252	25.6	null	null	13113	75
2026-05-27T14:29:07.362	WT901BLE68(F3:F0:16:BF:DC:AE)	0.955	-0.030	-0.309	-5.737	2.991	-5.493	-172.09	-71.33	-116.94	-0.507	15.940	-59.913	-0.44559	-0.46478	0.67374	-0.36252	25.6	null	null	13113	75
2026-05-27T14:29:07.422	WT901BLE68(F3:F0:16:BF:DC:AE)	0.953	-0.034	-0.286	-8.789	4.211	-3.845	-174.14	-71.74	-115.65	-0.507	15.940	-59.913	-0.44559	-0.46478	0.67374	-0.36252	25.6	null	null	13113	75
2026-05-27T14:29:07.545	WT901BLE68(F3:F0:16:BF:DC:AE)	0.954	-0.035	-0.311	-0.732	5.188	-4.700	-175.81	-72.25	-114.50	-0.507	15.940	-59.913	-0.44559	-0.46478	0.67374	-0.36252	25.6	null	null	13113	75
2026-05-27T14:29:07.633	WT901BLE68(F3:F0:16:BF:DC:AE)	0.962	-0.000	-0.258	-2.991	5.981	-4.944	-177.31	-72.81	-112.98	-0.507	15.940	-59.913	-0.44559	-0.46478	0.67374	-0.36252	25.6	null	null	13113	75
2026-05-27T14:29:07.750	WT901BLE68(F3:F0:16:BF:DC:AE)	0.964	-0.008	-0.273	-13.123	4.883	-0.366	-178.98	-73.40	-112.45	-0.047	20.880	-55.427	-0.44559	-0.46478	0.67374	-0.36252	25.6	null	null	13113	75
2026-05-27T14:29:07.845	WT901BLE68(F3:F0:16:BF:DC:AE)	0.953	0.018	-0.273	-2.258	2.380	-3.845	179.69	-73.86	-111.75	-0.047	20.880	-55.427	-0.44559	-0.46478	0.67374	-0.36252	25.6	null	null	13113	75
2026-05-27T14:29:07.960	WT901BLE68(F3:F0:16:BF:DC:AE)	0.965	0.021	-0.270	-3.357	-1.404	-3.601	177.98	-73.80	-110.32	-0.047	20.880	-55.427	-0.49985	-0.44769	0.66217	-0.33337	25.6	null	null	13113	75
2026-05-27T14:29:08.055	WT901BLE68(F3:F0:16:BF:DC:AE)	0.960	0.023	-0.273	-2.808	0.000	-2.258	176.64	-73.76	-109.32	-0.047	20.880	-55.427	-0.49985	-0.44769	0.66217	-0.33337	25.6	null	null	13113	75
2026-05-27T14:29:08.172	WT901BLE68(F3:F0:16:BF:DC:AE)	0.962	0.038	-0.287	-3.052	-0.488	-2.319	175.60	-73.80	-108.58	-0.047	20.880	-55.427	-0.49985	-0.44769	0.66217	-0.33337	25.6	null	null	13113	75
2026-05-27T14:29:08.231	WT901BLE68(F3:F0:16:BF:DC:AE)	0.970	0.041	-0.281	-0.793	-0.977	-2.197	174.70	-73.72	-107.80	-0.047	20.880	-55.427	-0.49985	-0.44769	0.66217	-0.33337	25.6	null	null	13113	75
2026-05-27T14:29:08.354	WT901BLE68(F3:F0:16:BF:DC:AE)	0.956	0.027	-0.268	-1.343	0.061	-1.038	173.98	-73.66	-107.30	-0.047	20.880	-55.427	-0.49985	-0.44769	0.66217	-0.33337	25.6	null	null	13113	75
2026-05-27T14:29:08.442	WT901BLE68(F3:F0:16:BF:DC:AE)	0.966	0.057	-0.279	2.869	-0.854	-1.770	173.57	-73.59	-106.71	-0.047	20.880	-55.427	-0.49985	-0.44769	0.66217	-0.33337	25.6	null	null	13113	75
2026-05-27T14:29:08.561	WT901BLE68(F3:F0:16:BF:DC:AE)	0.953	0.063	-0.287	-1.770	-1.343	1.465	173.55	-73.45	-106.70	-0.047	20.880	-55.427	-0.49985	-0.44769	0.66217	-0.33337	25.6	null	null	13113	75
2026-05-27T14:29:08.651	WT901BLE68(F3:F0:16:BF:DC:AE)	0.964	0.036	-0.273	-1.831	-1.831	3.296	173.99	-73.30	-107.46	0.207	23.580	-54.187	-0.49985	-0.44769	0.66217	-0.33337	25.6	null	null	13113	75
2026-05-27T14:29:08.773	WT901BLE68(F3:F0:16:BF:DC:AE)	0.960	0.032	-0.286	-1.099	-2.075	3.601	174.95	-73.20	-108.65	0.207	23.580	-54.187	-0.49985	-0.44769	0.66217	-0.33337	25.6	null	null	13113	75
2026-05-27T14:29:08.831	WT901BLE68(F3:F0:16:BF:DC:AE)	0.949	0.029	-0.304	1.770	-2.136	3.418	176.09	-73.05	-109.85	0.207	23.580	-54.187	-0.50369	-0.44537	0.66794	-0.31882	25.6	null	null	13113	75
2026-05-27T14:29:08.953	WT901BLE68(F3:F0:16:BF:DC:AE)	0.958	0.012	-0.288	3.723	-3.174	2.991	177.34	-72.80	-110.85	0.207	23.580	-54.187	-0.50369	-0.44537	0.66794	-0.31882	25.6	null	null	13113	75
2026-05-27T14:29:09.043	WT901BLE68(F3:F0:16:BF:DC:AE)	0.951	0.002	-0.290	4.578	-3.357	3.235	178.75	-72.51	-111.87	0.207	23.580	-54.187	-0.50369	-0.44537	0.66794	-0.31882	25.6	null	null	13113	75
2026-05-27T14:29:09.159	WT901BLE68(F3:F0:16:BF:DC:AE)	0.946	-0.008	-0.304	5.005	-4.089	2.930	-179.82	-72.17	-112.84	0.207	23.580	-54.187	-0.50369	-0.44537	0.66794	-0.31882	25.6	null	null	13113	75
2026-05-27T14:29:09.254	WT901BLE68(F3:F0:16:BF:DC:AE)	0.961	-0.021	-0.296	7.385	-3.479	2.258	-178.52	-71.80	-113.47	0.207	23.580	-54.187	-0.50369	-0.44537	0.66794	-0.31882	25.6	null	null	13113	75
2026-05-27T14:29:09.372	WT901BLE68(F3:F0:16:BF:DC:AE)	0.957	-0.030	-0.297	3.418	-1.831	2.930	-177.18	-71.56	-114.27	0.207	23.580	-54.187	-0.50369	-0.44537	0.66794	-0.31882	25.6	null	null	13113	75
2026-05-27T14:29:09.466	WT901BLE68(F3:F0:16:BF:DC:AE)	0.932	-0.032	-0.337	7.874	-1.099	0.854	-175.85	-71.44	-115.08	0.207	23.580	-54.187	-0.50369	-0.44537	0.66794	-0.31882	25.6	null	null	13113	75
2026-05-27T14:29:09.580	WT901BLE68(F3:F0:16:BF:DC:AE)	0.939	-0.026	-0.339	3.967	-2.136	0.549	-175.17	-71.17	-115.08	-0.553	19.587	-57.413	-0.50369	-0.44537	0.66794	-0.31882	25.6	null	null	13113	75
2026-05-27T14:29:09.641	WT901BLE68(F3:F0:16:BF:DC:AE)	0.953	-0.056	-0.306	6.165	-2.014	-0.916	-174.86	-70.89	-114.97	-0.553	19.587	-57.413	-0.50369	-0.44537	0.66794	-0.31882	25.6	null	null	13113	75
2026-05-27T14:29:09.761	WT901BLE68(F3:F0:16:BF:DC:AE)	0.937	-0.043	-0.333	4.517	-1.221	-0.793	-174.51	-70.74	-114.82	-0.553	19.587	-57.413	-0.46744	-0.46075	0.67175	-0.34326	25.6	null	null	13113	75
2026-05-27T14:29:09.853	WT901BLE68(F3:F0:16:BF:DC:AE)	0.958	-0.056	-0.321	5.493	0.366	-0.916	-174.22	-70.66	-114.55	-0.553	19.587	-57.413	-0.46744	-0.46075	0.67175	-0.34326	25.6	null	null	13113	75
2026-05-27T14:29:09.972	WT901BLE68(F3:F0:16:BF:DC:AE)	0.940	-0.042	-0.337	-2.380	2.686	0.427	-173.96	-70.83	-114.66	-0.553	19.587	-57.413	-0.46744	-0.46075	0.67175	-0.34326	25.6	null	null	13113	75
2026-05-27T14:29:10.063	WT901BLE68(F3:F0:16:BF:DC:AE)	0.943	-0.015	-0.333	0.061	3.662	0.183	-173.91	-71.13	-114.85	-0.553	19.587	-57.413	-0.46744	-0.46075	0.67175	-0.34326	25.6	null	null	13113	75
2026-05-27T14:29:10.185	WT901BLE68(F3:F0:16:BF:DC:AE)	0.948	-0.021	-0.322	-8.362	2.930	2.014	-173.86	-71.41	-115.31	-0.553	19.587	-57.413	-0.46744	-0.46075	0.67175	-0.34326	25.6	null	null	13113	75
2026-05-27T14:29:10.241	WT901BLE68(F3:F0:16:BF:DC:AE)	0.946	-0.022	-0.307	-12.207	4.333	4.639	-173.83	-71.70	-116.41	-0.553	19.587	-57.413	-0.46744	-0.46075	0.67175	-0.34326	25.6	null	null	13113	75
2026-05-27T14:29:10.360	WT901BLE68(F3:F0:16:BF:DC:AE)	0.940	-0.086	-0.327	-6.226	-2.686	-3.235	-174.24	-71.74	-117.18	-0.553	19.587	-57.413	-0.46744	-0.46075	0.67175	-0.34326	25.6	null	null	13113	75
2026-05-27T14:29:10.451	WT901BLE68(F3:F0:16:BF:DC:AE)	0.950	-0.051	-0.301	4.639	-2.441	-7.568	-175.59	-71.58	-115.59	0.467	19.840	-56.080	-0.46744	-0.46075	0.67175	-0.34326	25.6	null	null	13113	75
2026-05-27T14:29:10.573	WT901BLE68(F3:F0:16:BF:DC:AE)	0.937	-0.020	-0.326	-1.221	2.075	-6.226	-177.26	-71.66	-113.64	0.467	19.840	-56.080	-0.46744	-0.46075	0.67175	-0.34326	25.6	null	null	13113	75
2026-05-27T14:29:10.661	WT901BLE68(F3:F0:16:BF:DC:AE)	0.956	0.035	-0.308	-3.296	3.662	-3.479	-179.04	-71.94	-111.88	0.467	19.840	-56.080	-0.48166	-0.45688	0.66852	-0.33502	25.6	null	null	13113	75
2026-05-27T14:29:10.784	WT901BLE68(F3:F0:16:BF:DC:AE)	0.954	-0.016	-0.292	-11.963	5.127	-0.488	179.50	-72.33	-111.46	0.467	19.840	-56.080	-0.48166	-0.45688	0.66852	-0.33502	25.6	null	null	13113	75
2026-05-27T14:29:10.871	WT901BLE68(F3:F0:16:BF:DC:AE)	0.960	-0.008	-0.282	3.784	3.052	-5.066	178.28	-72.76	-110.63	0.467	19.840	-56.080	-0.48166	-0.45688	0.66852	-0.33502	25.6	null	null	13113	75
2026-05-27T14:29:10.994	WT901BLE68(F3:F0:16:BF:DC:AE)	0.956	0.021	-0.285	5.066	4.211	-5.676	177.13	-73.16	-108.89	0.467	19.840	-56.080	-0.48166	-0.45688	0.66852	-0.33502	25.6	null	null	13113	75
2026-05-27T14:29:11.052	WT901BLE68(F3:F0:16:BF:DC:AE)	0.975	0.018	-0.250	9.277	7.751	-4.578	175.93	-73.69	-107.08	0.467	19.840	-56.080	-0.48166	-0.45688	0.66852	-0.33502	25.6	null	null	13113	75
2026-05-27T14:29:11.171	WT901BLE68(F3:F0:16:BF:DC:AE)	0.979	0.057	-0.245	0.916	9.949	1.160	175.60	-74.60	-106.11	0.467	19.840	-56.080	-0.48166	-0.45688	0.66852	-0.33502	25.6	null	null	13113	75
2026-05-27T14:29:11.264	WT901BLE68(F3:F0:16:BF:DC:AE)	0.967	0.040	-0.236	-11.963	11.475	7.202	176.09	-75.80	-107.35	0.467	19.840	-56.080	-0.48166	-0.45688	0.66852	-0.33502	25.6	null	null	13113	75
2026-05-27T14:29:11.378	WT901BLE68(F3:F0:16:BF:DC:AE)	0.965	0.020	-0.229	-9.705	8.606	7.751	177.46	-76.87	-110.06	1.973	22.087	-53.240	-0.48166	-0.45688	0.66852	-0.33502	25.6	null	null	13113	75
2026-05-27T14:29:11.474	WT901BLE68(F3:F0:16:BF:DC:AE)	0.963	0.018	-0.233	-10.010	1.343	5.005	178.94	-77.33	-112.56	1.973	22.087	-53.240	-0.48166	-0.45688	0.66852	-0.33502	25.6	null	null	13113	75
2026-05-27T14:29:11.589	WT901BLE68(F3:F0:16:BF:DC:AE)	0.981	-0.003	-0.206	-6.775	-1.770	3.662	179.75	-77.26	-114.23	1.973	22.087	-53.240	-0.52484	-0.42484	0.65509	-0.33881	25.6	null	null	13113	75
2026-05-27T14:29:11.650	WT901BLE68(F3:F0:16:BF:DC:AE)	0.974	-0.007	-0.205	-5.066	-1.648	4.395	-178.96	-77.16	-115.97	1.973	22.087	-53.240	-0.52484	-0.42484	0.65509	-0.33881	25.6	null	null	13113	75
2026-05-27T14:29:11.774	WT901BLE68(F3:F0:16:BF:DC:AE)	0.968	-0.011	-0.229	-4.761	-1.343	4.517	-177.50	-77.04	-117.89	1.973	22.087	-53.240	-0.52484	-0.42484	0.65509	-0.33881	25.6	null	null	13113	75
2026-05-27T14:29:11.862	WT901BLE68(F3:F0:16:BF:DC:AE)	0.971	-0.016	-0.241	0.854	-4.211	2.319	-176.43	-76.72	-119.14	1.973	22.087	-53.240	-0.52484	-0.42484	0.65509	-0.33881	25.6	null	null	13113	75
2026-05-27T14:29:11.985	WT901BLE68(F3:F0:16:BF:DC:AE)	0.971	-0.018	-0.240	2.136	-4.761	2.014	-175.63	-76.25	-119.72	1.973	22.087	-53.240	-0.52484	-0.42484	0.65509	-0.33881	25.6	null	null	13113	75
2026-05-27T14:29:12.070	WT901BLE68(F3:F0:16:BF:DC:AE)	0.969	-0.020	-0.252	3.662	-5.249	1.099	-174.85	-75.75	-120.14	1.973	22.087	-53.240	-0.52484	-0.42484	0.65509	-0.33881	25.6	null	null	13113	75
2026-05-27T14:29:12.193	WT901BLE68(F3:F0:16:BF:DC:AE)	0.967	-0.030	-0.250	6.836	-5.249	0.916	-174.19	-75.21	-120.18	1.973	22.087	-53.240	-0.52484	-0.42484	0.65509	-0.33881	25.6	null	null	13113	75
2026-05-27T14:29:12.282	WT901BLE68(F3:F0:16:BF:DC:AE)	0.962	-0.022	-0.260	4.639	-5.920	1.343	-173.46	-74.69	-120.22	2.980	21.113	-53.193	-0.52484	-0.42484	0.65509	-0.33881	25.6	null	null	13113	75
2026-05-27T14:29:12.404	WT901BLE68(F3:F0:16:BF:DC:AE)	0.965	-0.047	-0.259	5.188	-6.836	1.892	-172.72	-74.09	-120.43	2.980	21.113	-53.193	-0.52484	-0.42484	0.65509	-0.33881	25.6	null	null	13113	75
2026-05-27T14:29:12.460	WT901BLE68(F3:F0:16:BF:DC:AE)	0.973	-0.042	-0.265	5.005	-5.127	3.296	-171.63	-73.48	-120.86	2.980	21.113	-53.193	-0.49277	-0.43106	0.67307	-0.34390	25.6	null	null	13113	75
2026-05-27T14:29:12.584	WT901BLE68(F3:F0:16:BF:DC:AE)	0.944	-0.032	-0.309	2.869	-3.845	5.310	-169.98	-73.09	-122.10	2.980	21.113	-53.193	-0.49277	-0.43106	0.67307	-0.34390	25.6	null	null	13113	75
2026-05-27T14:29:12.674	WT901BLE68(F3:F0:16:BF:DC:AE)	0.949	-0.065	-0.308	8.850	-9.399	1.831	-168.69	-72.31	-122.70	2.980	21.113	-53.193	-0.49277	-0.43106	0.67307	-0.34390	25.6	null	null	13113	75
2026-05-27T14:29:12.792	WT901BLE68(F3:F0:16:BF:DC:AE)	0.949	-0.061	-0.301	5.066	-6.958	4.272	-167.81	-71.42	-122.74	2.980	21.113	-53.193	-0.49277	-0.43106	0.67307	-0.34390	25.6	null	null	13113	75
2026-05-27T14:29:12.882	WT901BLE68(F3:F0:16:BF:DC:AE)	0.946	-0.100	-0.316	4.395	-4.150	5.615	-166.38	-70.78	-123.83	2.980	21.113	-53.193	-0.49277	-0.43106	0.67307	-0.34390	25.6	null	null	13113	75
2026-05-27T14:29:13.002	WT901BLE68(F3:F0:16:BF:DC:AE)	0.930	-0.100	-0.338	2.747	-2.258	5.554	-164.54	-70.43	-125.29	2.980	21.113	-53.193	-0.49277	-0.43106	0.67307	-0.34390	25.6	null	null	13113	75
2026-05-27T14:29:13.062	WT901BLE68(F3:F0:16:BF:DC:AE)	0.940	-0.126	-0.313	4.211	-2.380	3.479	-163.19	-70.07	-126.22	2.980	21.113	-53.193	-0.49277	-0.43106	0.67307	-0.34390	25.6	null	null	13113	75
2026-05-27T14:29:13.181	WT901BLE68(F3:F0:16:BF:DC:AE)	0.935	-0.124	-0.318	5.676	-2.197	2.686	-161.82	-69.77	-126.99	1.653	15.667	-58.307	-0.49277	-0.43106	0.67307	-0.34390	25.6	null	null	13113	75
2026-05-27T14:29:13.273	WT901BLE68(F3:F0:16:BF:DC:AE)	0.932	-0.141	-0.323	7.446	-3.052	0.671	-160.76	-69.49	-127.32	1.653	15.667	-58.307	-0.49277	-0.43106	0.67307	-0.34390	25.6	null	null	13113	75
2026-05-27T14:29:13.390	WT901BLE68(F3:F0:16:BF:DC:AE)	0.938	-0.150	-0.314	9.277	-2.258	-0.427	-159.98	-69.22	-127.10	1.653	15.667	-58.307	-0.43985	-0.44696	0.68292	-0.37448	25.6	null	null	13113	75
2026-05-27T14:29:13.482	WT901BLE68(F3:F0:16:BF:DC:AE)	0.932	-0.136	-0.338	-0.305	-0.427	2.625	-159.36	-69.05	-127.29	1.653	15.667	-58.307	-0.43985	-0.44696	0.68292	-0.37448	25.6	null	null	13113	75
2026-05-27T14:29:13.602	WT901BLE68(F3:F0:16:BF:DC:AE)	0.922	-0.158	-0.337	5.615	-1.587	-0.977	-158.95	-68.91	-127.44	1.653	15.667	-58.307	-0.43985	-0.44696	0.68292	-0.37448	25.6	null	null	13113	75
2026-05-27T14:29:13.692	WT901BLE68(F3:F0:16:BF:DC:AE)	0.940	-0.135	-0.314	0.244	-0.427	-0.183	-158.82	-68.79	-127.02	1.653	15.667	-58.307	-0.43985	-0.44696	0.68292	-0.37448	25.6	null	null	13113	75
2026-05-27T14:29:13.814	WT901BLE68(F3:F0:16:BF:DC:AE)	0.922	-0.154	-0.342	-4.395	-0.732	-0.488	-158.97	-68.76	-127.23	1.653	15.667	-58.307	-0.43985	-0.44696	0.68292	-0.37448	25.6	null	null	13113	75
2026-05-27T14:29:13.870	WT901BLE68(F3:F0:16:BF:DC:AE)	0.923	-0.139	-0.342	-0.549	-1.587	-3.967	-159.60	-68.71	-126.58	1.653	15.667	-58.307	-0.43985	-0.44696	0.68292	-0.37448	25.6	null	null	13113	75
2026-05-27T14:29:13.994	WT901BLE68(F3:F0:16:BF:DC:AE)	0.929	-0.145	-0.343	0.488	-1.404	-5.310	-160.67	-68.69	-125.43	1.653	15.667	-58.307	-0.43985	-0.44696	0.68292	-0.37448	25.6	null	null	13113	75
2026-05-27T14:29:14.080	WT901BLE68(F3:F0:16:BF:DC:AE)	0.923	-0.109	-0.351	2.502	-1.038	-6.836	-161.82	-68.75	-123.88	0.353	14.060	-60.553	-0.43985	-0.44696	0.68292	-0.37448	25.6	null	null	13113	75
2026-05-27T14:29:14.205	WT901BLE68(F3:F0:16:BF:DC:AE)	0.932	-0.113	-0.346	-3.601	0.000	-5.432	-163.32	-68.86	-122.40	0.353	14.060	-60.553	-0.43985	-0.44696	0.68292	-0.37448	25.6	null	null	13113	75
2026-05-27T14:29:14.291	WT901BLE68(F3:F0:16:BF:DC:AE)	0.936	-0.095	-0.346	-5.371	2.441	-4.639	-164.83	-69.09	-121.29	0.353	14.060	-60.553	-0.43420	-0.46536	0.67535	-0.37241	25.6	null	null	13113	75
2026-05-27T14:29:14.414	WT901BLE68(F3:F0:16:BF:DC:AE)	0.935	-0.069	-0.345	-8.911	4.761	-2.869	-166.12	-69.49	-120.70	0.353	14.060	-60.553	-0.43420	-0.46536	0.67535	-0.37241	25.6	null	null	13113	75
2026-05-27T14:29:14.471	WT901BLE68(F3:F0:16:BF:DC:AE)	0.929	-0.069	-0.352	-9.583	4.395	-3.113	-167.58	-69.97	-120.25	0.353	14.060	-60.553	-0.43420	-0.46536	0.67535	-0.37241	25.6	null	null	13113	75
2026-05-27T14:29:14.594	WT901BLE68(F3:F0:16:BF:DC:AE)	0.942	-0.052	-0.340	-4.395	2.441	-4.883	-169.19	-70.31	-119.20	0.353	14.060	-60.553	-0.43420	-0.46536	0.67535	-0.37241	25.6	null	null	13113	75
2026-05-27T14:29:14.683	WT901BLE68(F3:F0:16:BF:DC:AE)	0.943	-0.051	-0.321	-7.385	2.808	-3.906	-171.00	-70.61	-118.01	0.353	14.060	-60.553	-0.43420	-0.46536	0.67535	-0.37241	25.6	null	null	13113	75
2026-05-27T14:29:14.802	WT901BLE68(F3:F0:16:BF:DC:AE)	0.955	-0.050	-0.311	-2.930	3.479	-4.944	-172.63	-70.97	-116.87	0.353	14.060	-60.553	-0.43420	-0.46536	0.67535	-0.37241	25.6	null	null	13113	75
2026-05-27T14:29:14.901	WT901BLE68(F3:F0:16:BF:DC:AE)	0.945	-0.020	-0.316	-4.761	5.005	-3.357	-174.00	-71.44	-115.79	0.353	14.060	-60.553	-0.43420	-0.46536	0.67535	-0.37241	25.6	null	null	13113	75
2026-05-27T14:29:15.010	WT901BLE68(F3:F0:16:BF:DC:AE)	0.952	-0.010	-0.305	-7.019	6.653	-0.488	-174.92	-72.10	-115.47	0.560	19.473	-57.413	-0.43420	-0.46536	0.67535	-0.37241	25.6	null	null	13113	75
2026-05-27T14:29:15.104	WT901BLE68(F3:F0:16:BF:DC:AE)	0.953	-0.009	-0.294	-7.080	6.287	0.793	-175.40	-72.73	-115.73	0.560	19.473	-57.413	-0.43420	-0.46536	0.67535	-0.37241	25.6	null	null	13113	75
2026-05-27T14:29:15.223	WT901BLE68(F3:F0:16:BF:DC:AE)	0.959	-0.024	-0.274	-8.362	7.019	2.686	-175.67	-73.37	-116.25	0.560	19.473	-57.413	-0.48676	-0.44623	0.66843	-0.34210	25.6	null	null	13113	75
2026-05-27T14:29:15.283	WT901BLE68(F3:F0:16:BF:DC:AE)	0.955	-0.020	-0.272	-6.348	5.249	1.892	-175.52	-73.98	-117.15	0.560	19.473	-57.413	-0.48676	-0.44623	0.66843	-0.34210	25.6	null	null	13113	75
2026-05-27T14:29:15.402	WT901BLE68(F3:F0:16:BF:DC:AE)	0.963	-0.010	-0.261	-1.038	3.906	1.343	-175.00	-74.48	-117.91	0.560	19.473	-57.413	-0.48676	-0.44623	0.66843	-0.34210	25.6	null	null	13113	75
2026-05-27T14:29:15.495	WT901BLE68(F3:F0:16:BF:DC:AE)	0.961	-0.019	-0.261	1.709	1.709	0.366	-174.74	-74.73	-118.22	0.560	19.473	-57.413	-0.48676	-0.44623	0.66843	-0.34210	25.6	null	null	13113	75
2026-05-27T14:29:15.612	WT901BLE68(F3:F0:16:BF:DC:AE)	0.972	-0.020	-0.238	1.892	1.526	1.099	-174.46	-74.89	-118.37	0.560	19.473	-57.413	-0.48676	-0.44623	0.66843	-0.34210	25.6	null	null	13113	75
2026-05-27T14:29:15.703	WT901BLE68(F3:F0:16:BF:DC:AE)	0.974	-0.036	-0.241	4.211	-0.183	0.305	-174.06	-74.92	-118.64	0.560	19.473	-57.413	-0.48676	-0.44623	0.66843	-0.34210	25.6	null	null	13113	75
2026-05-27T14:29:15.827	WT901BLE68(F3:F0:16:BF:DC:AE)	0.971	-0.017	-0.248	4.639	0.183	0.854	-173.49	-74.91	-118.72	0.560	19.473	-57.413	-0.48676	-0.44623	0.66843	-0.34210	25.6	null	null	13113	75
2026-05-27T14:29:15.880	WT901BLE68(F3:F0:16:BF:DC:AE)	0.962	-0.026	-0.272	1.221	-0.916	1.343	-172.84	-74.92	-119.19	2.800	20.407	-53.480	-0.48676	-0.44623	0.66843	-0.34210	25.6	null	null	13113	75
2026-05-27T14:29:16.000	WT901BLE68(F3:F0:16:BF:DC:AE)	0.966	-0.030	-0.252	4.028	-0.916	1.648	-172.18	-74.81	-119.55	2.800	20.407	-53.480	-0.48676	-0.44623	0.66843	-0.34210	25.6	null	null	13113	75
2026-05-27T14:29:16.089	WT901BLE68(F3:F0:16:BF:DC:AE)	0.953	-0.030	-0.272	0.977	-1.465	2.380	-171.39	-74.67	-120.12	2.800	20.407	-53.480	-0.49567	-0.43497	0.66388	-0.35251	25.6	null	null	13113	75
2026-05-27T14:29:16.212	WT901BLE68(F3:F0:16:BF:DC:AE)	0.957	-0.042	-0.272	3.235	-4.883	1.221	-170.78	-74.33	-120.53	2.800	20.407	-53.480	-0.49567	-0.43497	0.66388	-0.35251	25.6	null	null	13113	75
2026-05-27T14:29:16.302	WT901BLE68(F3:F0:16:BF:DC:AE)	0.970	-0.050	-0.254	2.930	-4.944	2.258	-170.40	-73.76	-120.50	2.800	20.407	-53.480	-0.49567	-0.43497	0.66388	-0.35251	25.6	null	null	13113	75
2026-05-27T14:29:16.421	WT901BLE68(F3:F0:16:BF:DC:AE)	0.954	-0.034	-0.297	-3.906	-6.104	4.639	-169.61	-73.26	-121.28	2.800	20.407	-53.480	-0.49567	-0.43497	0.66388	-0.35251	25.6	null	null	13113	75
2026-05-27T14:29:16.510	WT901BLE68(F3:F0:16:BF:DC:AE)	0.953	-0.064	-0.299	-0.732	-4.883	5.371	-168.68	-72.70	-122.46	2.800	20.407	-53.480	-0.49567	-0.43497	0.66388	-0.35251	25.6	null	null	13113	75
2026-05-27T14:29:16.632	WT901BLE68(F3:F0:16:BF:DC:AE)	0.945	-0.054	-0.310	-2.808	-6.348	5.371	-167.68	-72.07	-123.49	2.800	20.407	-53.480	-0.49567	-0.43497	0.66388	-0.35251	25.6	null	null	13113	75
2026-05-27T14:29:16.692	WT901BLE68(F3:F0:16:BF:DC:AE)	0.944	-0.085	-0.305	0.427	-6.165	4.700	-166.96	-71.35	-124.35	2.800	20.407	-53.480	-0.49567	-0.43497	0.66388	-0.35251	25.6	null	null	13113	75
2026-05-27T14:29:16.812	WT901BLE68(F3:F0:16:BF:DC:AE)	0.949	-0.089	-0.302	0.244	-3.174	6.287	-165.67	-70.81	-125.44	1.833	18.240	-56.013	-0.49567	-0.43497	0.66388	-0.35251	25.6	null	null	13113	75
2026-05-27T14:29:16.902	WT901BLE68(F3:F0:16:BF:DC:AE)	0.943	-0.122	-0.309	0.244	-0.854	7.202	-163.84	-70.52	-127.33	1.833	18.240	-56.013	-0.49567	-0.43497	0.66388	-0.35251	25.6	null	null	13113	75
2026-05-27T14:29:17.023	WT901BLE68(F3:F0:16:BF:DC:AE)	0.937	-0.128	-0.329	5.005	-1.404	5.310	-161.90	-70.27	-128.96	1.833	18.240	-56.013	-0.45941	-0.42990	0.68945	-0.35864	25.6	null	null	13113	75
2026-05-27T14:29:17.111	WT901BLE68(F3:F0:16:BF:DC:AE)	0.935	-0.134	-0.319	3.235	-1.404	3.662	-160.43	-70.02	-129.94	1.833	18.240	-56.013	-0.45941	-0.42990	0.68945	-0.35864	25.6	null	null	13113	75
2026-05-27T14:29:17.232	WT901BLE68(F3:F0:16:BF:DC:AE)	0.939	-0.159	-0.305	8.362	-1.709	1.221	-159.37	-69.76	-130.38	1.833	18.240	-56.013	-0.45941	-0.42990	0.68945	-0.35864	25.6	null	null	13113	75
2026-05-27T14:29:17.292	WT901BLE68(F3:F0:16:BF:DC:AE)	0.930	-0.158	-0.331	7.751	-1.892	0.122	-158.35	-69.59	-130.48	1.833	18.240	-56.013	-0.45941	-0.42990	0.68945	-0.35864	25.6	null	null	13113	75
2026-05-27T14:29:17.414	WT901BLE68(F3:F0:16:BF:DC:AE)	0.928	-0.152	-0.333	12.817	-2.930	-3.601	-157.84	-69.42	-129.79	1.833	18.240	-56.013	-0.45941	-0.42990	0.68945	-0.35864	25.6	null	null	13113	75
2026-05-27T14:29:17.502	WT901BLE68(F3:F0:16:BF:DC:AE)	0.937	-0.164	-0.319	11.108	-2.991	-4.639	-157.79	-69.27	-128.46	1.833	18.240	-56.013	-0.45941	-0.42990	0.68945	-0.35864	25.6	null	null	13113	75
2026-05-27T14:29:17.619	WT901BLE68(F3:F0:16:BF:DC:AE)	0.933	-0.147	-0.332	8.301	-1.648	-4.517	-157.89	-69.22	-127.15	1.833	18.240	-56.013	-0.45941	-0.42990	0.68945	-0.35864	25.6	null	null	13113	75
2026-05-27T14:29:17.711	WT901BLE68(F3:F0:16:BF:DC:AE)	0.928	-0.140	-0.342	2.014	-0.305	-4.211	-158.37	-69.29	-126.11	1.033	13.373	-60.073	-0.45941	-0.42990	0.68945	-0.35864	25.6	null	null	13113	75
2026-05-27T14:29:17.833	WT901BLE68(F3:F0:16:BF:DC:AE)	0.932	-0.143	-0.336	-0.366	-0.305	-5.371	-159.39	-69.41	-124.91	1.033	13.373	-60.073	-0.45941	-0.42990	0.68945	-0.35864	25.6	null	null	13113	75
2026-05-27T14:29:17.927	WT901BLE68(F3:F0:16:BF:DC:AE)	0.932	-0.121	-0.331	-2.075	1.709	-5.798	-160.71	-69.61	-123.60	1.033	13.373	-60.073	-0.42947	-0.46573	0.66913	-0.38834	25.6	null	null	13113	75
2026-05-27T14:29:18.042	WT901BLE68(F3:F0:16:BF:DC:AE)	0.934	-0.110	-0.331	-2.747	2.563	-5.920	-162.19	-69.96	-122.44	1.033	13.373	-60.073	-0.42947	-0.46573	0.66913	-0.38834	25.6	null	null	13113	75
2026-05-27T14:29:18.100	WT901BLE68(F3:F0:16:BF:DC:AE)	0.939	-0.090	-0.320	-1.343	3.113	-6.836	-163.75	-70.36	-121.04	1.033	13.373	-60.073	-0.42947	-0.46573	0.66913	-0.38834	25.6	null	null	13113	75
2026-05-27T14:29:18.225	WT901BLE68(F3:F0:16:BF:DC:AE)	0.945	-0.076	-0.312	-6.958	4.272	-5.066	-165.49	-70.83	-119.78	1.033	13.373	-60.073	-0.42947	-0.46573	0.66913	-0.38834	25.6	null	null	13113	75
2026-05-27T14:29:18.310	WT901BLE68(F3:F0:16:BF:DC:AE)	0.948	-0.075	-0.299	-6.775	5.432	-4.944	-167.27	-71.38	-118.76	1.033	13.373	-60.073	-0.42947	-0.46573	0.66913	-0.38834	25.6	null	null	13113	75
2026-05-27T14:29:18.435	WT901BLE68(F3:F0:16:BF:DC:AE)	0.947	-0.048	-0.303	-7.751	5.676	-4.944	-169.04	-72.00	-117.76	1.033	13.373	-60.073	-0.42947	-0.46573	0.66913	-0.38834	25.6	null	null	13113	75
2026-05-27T14:29:18.520	WT901BLE68(F3:F0:16:BF:DC:AE)	0.951	-0.040	-0.292	-8.850	6.348	-4.395	-170.89	-72.67	-116.81	1.033	13.373	-60.073	-0.42947	-0.46573	0.66913	-0.38834	25.6	null	null	13113	75
2026-05-27T14:29:18.645	WT901BLE68(F3:F0:16:BF:DC:AE)	0.963	-0.029	-0.276	-9.460	6.836	-3.479	-172.72	-73.37	-115.96	0.993	18.047	-57.133	-0.42947	-0.46573	0.66913	-0.38834	25.6	null	null	13113	75
2026-05-27T14:29:18.700	WT901BLE68(F3:F0:16:BF:DC:AE)	0.968	-0.014	-0.254	-10.681	8.423	-2.319	-174.28	-74.17	-115.34	0.993	18.047	-57.133	-0.42947	-0.46573	0.66913	-0.38834	25.6	null	null	13113	75
2026-05-27T14:29:18.818	WT901BLE68(F3:F0:16:BF:DC:AE)	0.968	-0.017	-0.239	-8.667	8.057	-1.587	-175.64	-74.93	-114.98	0.993	18.047	-57.133	-0.49127	-0.44904	0.65689	-0.35410	25.6	null	null	13113	75
2026-05-27T14:29:18.913	WT901BLE68(F3:F0:16:BF:DC:AE)	0.970	-0.008	-0.228	-6.104	7.385	-1.160	-176.52	-75.75	-114.80	0.993	18.047	-57.133	-0.49127	-0.44904	0.65689	-0.35410	25.6	null	null	13113	75
2026-05-27T14:29:19.030	WT901BLE68(F3:F0:16:BF:DC:AE)	0.970	0.002	-0.230	-6.958	5.371	-1.038	-177.47	-76.40	-114.57	0.993	18.047	-57.133	-0.49127	-0.44904	0.65689	-0.35410	25.6	null	null	13113	75
2026-05-27T14:29:19.124	WT901BLE68(F3:F0:16:BF:DC:AE)	0.973	0.008	-0.228	-5.859	2.991	-0.916	-178.47	-76.83	-114.25	0.993	18.047	-57.133	-0.49127	-0.44904	0.65689	-0.35410	25.6	null	null	13113	75
2026-05-27T14:29:19.244	WT901BLE68(F3:F0:16:BF:DC:AE)	0.975	0.007	-0.207	-4.028	2.808	-0.183	-179.19	-77.17	-113.91	0.993	18.047	-57.133	-0.49127	-0.44904	0.65689	-0.35410	25.6	null	null	13113	75
2026-05-27T14:29:19.333	WT901BLE68(F3:F0:16:BF:DC:AE)	0.982	-0.001	-0.187	-2.686	4.883	1.709	-179.13	-77.64	-114.36	0.993	18.047	-57.133	-0.49127	-0.44904	0.65689	-0.35410	25.6	null	null	13113	75
2026-05-27T14:29:19.453	WT901BLE68(F3:F0:16:BF:DC:AE)	0.979	0.006	-0.204	-0.977	5.615	2.502	-178.15	-78.25	-115.57	0.993	18.047	-57.133	-0.49127	-0.44904	0.65689	-0.35410	25.6	null	null	13113	75
2026-05-27T14:29:19.510	WT901BLE68(F3:F0:16:BF:DC:AE)	0.972	0.006	-0.211	-1.770	2.563	1.587	-177.50	-78.60	-116.45	3.520	22.533	-51.447	-0.49127	-0.44904	0.65689	-0.35410	25.6	null	null	13113	75
2026-05-27T14:29:19.632	WT901BLE68(F3:F0:16:BF:DC:AE)	0.979	0.001	-0.191	0.916	0.305	1.099	-177.09	-78.68	-116.87	3.520	22.533	-51.447	-0.49127	-0.44904	0.65689	-0.35410	25.6	null	null	13113	75
2026-05-27T14:29:19.722	WT901BLE68(F3:F0:16:BF:DC:AE)	0.983	0.002	-0.188	-0.122	-0.916	1.770	-176.57	-78.63	-117.41	3.520	22.533	-51.447	-0.52954	-0.41824	0.65042	-0.34857	25.6	null	null	13113	75
2026-05-27T14:29:19.843	WT901BLE68(F3:F0:16:BF:DC:AE)	0.978	-0.008	-0.193	1.465	-1.831	2.441	-175.68	-78.50	-118.33	3.520	22.533	-51.447	-0.52954	-0.41824	0.65042	-0.34857	25.6	null	null	13113	75
2026-05-27T14:29:19.933	WT901BLE68(F3:F0:16:BF:DC:AE)	0.981	-0.016	-0.201	1.099	-2.075	3.052	-174.51	-78.30	-119.49	3.520	22.533	-51.447	-0.52954	-0.41824	0.65042	-0.34857	25.6	null	null	13113	75
2026-05-27T14:29:20.052	WT901BLE68(F3:F0:16:BF:DC:AE)	0.979	-0.023	-0.209	2.808	-3.235	2.380	-173.30	-78.01	-120.56	3.520	22.533	-51.447	-0.52954	-0.41824	0.65042	-0.34857	25.6	null	null	13113	75
2026-05-27T14:29:20.110	WT901BLE68(F3:F0:16:BF:DC:AE)	0.982	-0.025	-0.201	5.432	-2.625	2.136	-172.07	-77.72	-121.35	3.520	22.533	-51.447	-0.52954	-0.41824	0.65042	-0.34857	25.6	null	null	13113	75
2026-05-27T14:29:20.234	WT901BLE68(F3:F0:16:BF:DC:AE)	0.973	-0.029	-0.216	3.357	-2.563	3.174	-170.64	-77.48	-122.40	3.520	22.533	-51.447	-0.52954	-0.41824	0.65042	-0.34857	25.6	null	null	13113	75
2026-05-27T14:29:20.322	WT901BLE68(F3:F0:16:BF:DC:AE)	0.972	-0.038	-0.238	3.845	-4.944	2.136	-169.62	-77.04	-123.16	3.520	22.533	-51.447	-0.52954	-0.41824	0.65042	-0.34857	25.6	null	null	13113	75
2026-05-27T14:29:20.440	WT901BLE68(F3:F0:16:BF:DC:AE)	0.976	-0.042	-0.242	5.432	-5.615	1.831	-168.95	-76.48	-123.29	4.507	20.593	-52.867	-0.52954	-0.41824	0.65042	-0.34857	25.6	null	null	13113	75
2026-05-27T14:29:20.533	WT901BLE68(F3:F0:16:BF:DC:AE)	0.961	-0.053	-0.250	3.479	-8.179	1.099	-168.13	-75.88	-123.49	4.507	20.593	-52.867	-0.52954	-0.41824	0.65042	-0.34857	25.6	null	null	13113	75
2026-05-27T14:29:20.654	WT901BLE68(F3:F0:16:BF:DC:AE)	0.956	-0.046	-0.265	5.920	-12.329	-0.061	-168.23	-74.88	-122.74	4.507	20.593	-52.867	-0.49786	-0.42874	0.66159	-0.36127	25.6	null	null	13113	75
2026-05-27T14:29:20.740	WT901BLE68(F3:F0:16:BF:DC:AE)	0.949	-0.044	-0.281	7.629	-16.052	-1.953	-169.07	-73.48	-121.12	4.507	20.593	-52.867	-0.49786	-0.42874	0.66159	-0.36127	25.6	null	null	13113	75
2026-05-27T14:29:20.864	WT901BLE68(F3:F0:16:BF:DC:AE)	0.963	-0.063	-0.280	9.888	-12.512	-1.038	-169.78	-72.09	-119.45	4.507	20.593	-52.867	-0.49786	-0.42874	0.66159	-0.36127	25.6	null	null	13113	75
2026-05-27T14:29:20.920	WT901BLE68(F3:F0:16:BF:DC:AE)	0.945	-0.066	-0.289	9.705	-6.775	2.930	-169.05	-71.20	-119.19	4.507	20.593	-52.867	-0.49786	-0.42874	0.66159	-0.36127	25.6	null	null	13113	75
2026-05-27T14:29:21.044	WT901BLE68(F3:F0:16:BF:DC:AE)	0.943	-0.084	-0.306	10.010	-5.554	3.296	-167.38	-70.60	-119.93	4.507	20.593	-52.867	-0.49786	-0.42874	0.66159	-0.36127	25.6	null	null	13113	75
2026-05-27T14:29:21.135	WT901BLE68(F3:F0:16:BF:DC:AE)	0.940	-0.107	-0.322	8.972	-3.723	4.395	-165.44	-70.20	-120.92	4.507	20.593	-52.867	-0.49786	-0.42874	0.66159	-0.36127	25.6	null	null	13113	75
2026-05-27T14:29:21.253	WT901BLE68(F3:F0:16:BF:DC:AE)	0.942	-0.135	-0.327	4.822	-2.625	4.333	-163.78	-69.84	-121.91	4.507	20.593	-52.867	-0.49786	-0.42874	0.66159	-0.36127	25.6	null	null	13113	75
2026-05-27T14:29:21.342	WT901BLE68(F3:F0:16:BF:DC:AE)	0.933	-0.123	-0.334	7.141	-2.380	2.258	-162.42	-69.47	-122.65	0.533	14.440	-60.580	-0.49786	-0.42874	0.66159	-0.36127	25.6	null	null	13113	75
2026-05-27T14:29:21.461	WT901BLE68(F3:F0:16:BF:DC:AE)	0.931	-0.098	-0.339	2.563	-0.244	3.418	-161.27	-69.19	-123.19	0.533	14.440	-60.580	-0.49786	-0.42874	0.66159	-0.36127	25.6	null	null	13113	75
2026-05-27T14:29:21.524	WT901BLE68(F3:F0:16:BF:DC:AE)	0.925	-0.146	-0.355	-6.714	0.427	4.883	-160.48	-69.08	-124.34	0.533	14.440	-60.580	-0.42859	-0.46619	0.67136	-0.38489	25.6	null	null	13113	75
2026-05-27T14:29:21.644	WT901BLE68(F3:F0:16:BF:DC:AE)	0.931	-0.130	-0.334	-3.845	1.221	2.502	-159.94	-68.96	-125.35	0.533	14.440	-60.580	-0.42859	-0.46619	0.67136	-0.38489	25.6	null	null	13113	75
2026-05-27T14:29:21.732	WT901BLE68(F3:F0:16:BF:DC:AE)	0.924	-0.145	-0.342	-0.977	1.038	1.099	-159.50	-68.95	-126.13	0.533	14.440	-60.580	-0.42859	-0.46619	0.67136	-0.38489	25.6	null	null	13113	75
2026-05-27T14:29:21.853	WT901BLE68(F3:F0:16:BF:DC:AE)	0.925	-0.138	-0.338	-4.150	1.221	0.488	-159.32	-68.97	-126.50	0.533	14.440	-60.580	-0.42859	-0.46619	0.67136	-0.38489	25.6	null	null	13113	75
2026-05-27T14:29:21.944	WT901BLE68(F3:F0:16:BF:DC:AE)	0.930	-0.150	-0.335	-3.601	0.244	-0.793	-159.54	-69.00	-126.68	0.533	14.440	-60.580	-0.42859	-0.46619	0.67136	-0.38489	25.6	null	null	13113	75
2026-05-27T14:29:22.062	WT901BLE68(F3:F0:16:BF:DC:AE)	0.931	-0.140	-0.332	-3.967	-0.305	-2.075	-160.12	-69.02	-126.37	0.533	14.440	-60.580	-0.42859	-0.46619	0.67136	-0.38489	25.6	null	null	13113	75
2026-05-27T14:29:22.154	WT901BLE68(F3:F0:16:BF:DC:AE)	0.930	-0.131	-0.330	0.183	-0.549	-4.089	-160.93	-69.05	-125.63	0.533	14.440	-60.580	-0.42859	-0.46619	0.67136	-0.38489	25.6	null	null	13113	75
2026-05-27T14:29:22.271	WT901BLE68(F3:F0:16:BF:DC:AE)	0.930	-0.116	-0.337	1.160	-0.916	-5.798	-161.98	-69.12	-124.40	0.700	14.887	-59.733	-0.42859	-0.46619	0.67136	-0.38489	25.6	null	null	13113	75
2026-05-27T14:29:22.332	WT901BLE68(F3:F0:16:BF:DC:AE)	0.932	-0.101	-0.342	0.244	-0.610	-6.287	-163.21	-69.21	-122.86	0.700	14.887	-59.733	-0.42859	-0.46619	0.67136	-0.38489	25.6	null	null	13113	75
2026-05-27T14:29:22.452	WT901BLE68(F3:F0:16:BF:DC:AE)	0.930	-0.098	-0.344	-1.709	0.549	-5.676	-164.58	-69.37	-121.40	0.700	14.887	-59.733	-0.43661	-0.46378	0.67444	-0.37326	25.6	null	null	13113	75
2026-05-27T14:29:22.541	WT901BLE68(F3:F0:16:BF:DC:AE)	0.938	-0.089	-0.332	-1.526	0.732	-6.470	-166.23	-69.54	-119.83	0.700	14.887	-59.733	-0.43661	-0.46378	0.67444	-0.37326	25.6	null	null	13113	75
2026-05-27T14:29:22.666	WT901BLE68(F3:F0:16:BF:DC:AE)	0.933	-0.061	-0.349	-1.892	0.671	-6.775	-167.99	-69.74	-118.23	0.700	14.887	-59.733	-0.43661	-0.46378	0.67444	-0.37326	25.6	null	null	13113	75
2026-05-27T14:29:22.751	WT901BLE68(F3:F0:16:BF:DC:AE)	0.931	-0.056	-0.343	-2.441	0.793	-6.714	-169.89	-69.91	-116.49	0.700	14.887	-59.733	-0.43661	-0.46378	0.67444	-0.37326	25.6	null	null	13113	75
2026-05-27T14:29:22.870	WT901BLE68(F3:F0:16:BF:DC:AE)	0.948	-0.047	-0.321	-2.380	0.427	-6.470	-171.93	-70.04	-114.59	0.700	14.887	-59.733	-0.43661	-0.46378	0.67444	-0.37326	25.6	null	null	13113	75
2026-05-27T14:29:22.933	WT901BLE68(F3:F0:16:BF:DC:AE)	0.938	-0.022	-0.345	-9.583	4.578	-2.869	-173.68	-70.35	-113.48	0.700	14.887	-59.733	-0.43661	-0.46378	0.67444	-0.37326	25.6	null	null	13113	75
2026-05-27T14:29:23.052	WT901BLE68(F3:F0:16:BF:DC:AE)	0.926	-0.017	-0.358	-6.287	4.272	-4.150	-175.29	-70.86	-112.80	0.700	14.887	-59.733	-0.43661	-0.46378	0.67444	-0.37326	25.6	null	null	13113	75
2026-05-27T14:29:23.141	WT901BLE68(F3:F0:16:BF:DC:AE)	0.957	-0.018	-0.304	-7.080	2.930	-5.493	-177.32	-71.13	-111.34	-0.833	19.473	-58.747	-0.43661	-0.46378	0.67444	-0.37326	25.6	null	null	13113	75
2026-05-27T14:29:23.262	WT901BLE68(F3:F0:16:BF:DC:AE)	0.957	-0.006	-0.296	-9.644	4.395	-3.540	-179.45	-71.49	-110.03	-0.833	19.473	-58.747	-0.43661	-0.46378	0.67444	-0.37326	25.6	null	null	13113	75
2026-05-27T14:29:23.352	WT901BLE68(F3:F0:16:BF:DC:AE)	0.949	0.023	-0.309	-9.766	7.813	-2.014	178.91	-72.16	-109.30	-0.833	19.473	-58.747	-0.47955	-0.46594	0.66306	-0.33646	25.6	null	null	13113	75
2026-05-27T14:29:23.476	WT901BLE68(F3:F0:16:BF:DC:AE)	0.960	0.034	-0.299	-8.850	8.911	-0.366	177.53	-73.04	-108.96	-0.833	19.473	-58.747	-0.47955	-0.46594	0.66306	-0.33646	25.6	null	null	13113	75
2026-05-27T14:29:23.564	WT901BLE68(F3:F0:16:BF:DC:AE)	0.954	0.043	-0.279	-9.094	7.874	0.122	176.33	-73.85	-108.71	-0.833	19.473	-58.747	-0.47955	-0.46594	0.66306	-0.33646	25.6	null	null	13113	75
2026-05-27T14:29:23.684	WT901BLE68(F3:F0:16:BF:DC:AE)	0.966	0.048	-0.285	-8.118	4.822	-0.122	175.08	-74.40	-108.39	-0.833	19.473	-58.747	-0.47955	-0.46594	0.66306	-0.33646	25.6	null	null	13113	75
2026-05-27T14:29:23.740	WT901BLE68(F3:F0:16:BF:DC:AE)	0.973	0.061	-0.258	-9.155	2.075	1.221	173.97	-74.58	-108.13	-0.833	19.473	-58.747	-0.47955	-0.46594	0.66306	-0.33646	25.6	null	null	13113	75
2026-05-27T14:29:23.866	WT901BLE68(F3:F0:16:BF:DC:AE)	0.975	0.059	-0.265	-17.822	6.653	7.019	173.85	-75.10	-109.44	-0.833	19.473	-58.747	-0.47955	-0.46594	0.66306	-0.33646	25.6	null	null	13113	75
2026-05-27T14:29:23.953	WT901BLE68(F3:F0:16:BF:DC:AE)	0.959	0.018	-0.237	-11.292	3.357	5.981	174.56	-75.59	-111.66	-0.833	19.473	-58.747	-0.47955	-0.46594	0.66306	-0.33646	25.6	null	null	13113	75
2026-05-27T14:29:24.074	WT901BLE68(F3:F0:16:BF:DC:AE)	0.968	0.043	-0.212	-9.766	0.427	6.470	175.78	-75.83	-113.60	2.420	24.193	-51.000	-0.47955	-0.46594	0.66306	-0.33646	25.6	null	null	13113	75
2026-05-27T14:29:24.164	WT901BLE68(F3:F0:16:BF:DC:AE)	0.979	-0.012	-0.195	3.052	0.366	6.592	177.91	-75.98	-116.21	2.420	24.193	-51.000	-0.47955	-0.46594	0.66306	-0.33646	25.6	null	null	13113	75
2026-05-27T14:29:24.280	WT901BLE68(F3:F0:16:BF:DC:AE)	0.964	0.008	-0.223	0.854	0.488	8.057	-179.18	-76.07	-118.98	2.420	24.193	-51.000	-0.52930	-0.40588	0.67526	-0.31470	25.6	null	null	13113	75
2026-05-27T14:29:24.344	WT901BLE68(F3:F0:16:BF:DC:AE)	0.960	-0.016	-0.252	7.019	-4.456	5.005	-176.29	-75.88	-121.45	2.420	24.193	-51.000	-0.52930	-0.40588	0.67526	-0.31470	25.6	null	null	13113	75
2026-05-27T14:29:24.464	WT901BLE68(F3:F0:16:BF:DC:AE)	0.965	-0.027	-0.244	14.343	-9.216	1.587	-174.11	-75.23	-122.27	2.420	24.193	-51.000	-0.52930	-0.40588	0.67526	-0.31470	25.6	null	null	13113	75
2026-05-27T14:29:24.551	WT901BLE68(F3:F0:16:BF:DC:AE)	0.977	-0.047	-0.249	15.381	-10.071	1.465	-172.57	-74.31	-122.17	2.420	24.193	-51.000	-0.52930	-0.40588	0.67526	-0.31470	25.6	null	null	13113	75
2026-05-27T14:29:24.674	WT901BLE68(F3:F0:16:BF:DC:AE)	0.955	-0.048	-0.280	14.099	-6.470	2.319	-170.70	-73.60	-122.54	2.420	24.193	-51.000	-0.52930	-0.40588	0.67526	-0.31470	25.6	null	null	13113	75
2026-05-27T14:29:24.762	WT901BLE68(F3:F0:16:BF:DC:AE)	0.960	-0.058	-0.282	19.226	-9.094	0.488	-169.01	-72.83	-122.42	2.420	24.193	-51.000	-0.52930	-0.40588	0.67526	-0.31470	25.6	null	null	13113	75
2026-05-27T14:29:24.882	WT901BLE68(F3:F0:16:BF:DC:AE)	0.968	-0.043	-0.275	8.606	-6.287	5.493	-167.15	-72.09	-122.63	2.420	24.193	-51.000	-0.52930	-0.40588	0.67526	-0.31470	25.6	null	null	13113	75
2026-05-27T14:29:24.940	WT901BLE68(F3:F0:16:BF:DC:AE)	0.936	-0.100	-0.317	-1.709	-4.883	9.827	-164.96	-71.48	-124.91	1.653	17.213	-57.293	-0.52930	-0.40588	0.67526	-0.31470	25.6	null	null	13113	75
2026-05-27T14:29:25.093	WT901BLE68(F3:F0:16:BF:DC:AE)	0.933	-0.123	-0.323	9.399	-6.165	3.113	-163.21	-70.80	-126.04	1.653	17.213	-57.293	-0.52930	-0.40588	0.67526	-0.31470	25.6	null	null	13113	75
2026-05-27T14:29:25.150	WT901BLE68(F3:F0:16:BF:DC:AE)	0.947	-0.135	-0.312	4.639	-4.028	3.418	-162.09	-70.18	-126.44	1.653	17.213	-57.293	-0.45193	-0.44339	0.68076	-0.36826	25.6	null	null	13113	75
2026-05-27T14:29:25.270	WT901BLE68(F3:F0:16:BF:DC:AE)	0.931	-0.123	-0.339	3.845	-1.038	4.395	-160.58	-69.86	-127.51	1.653	17.213	-57.293	-0.45193	-0.44339	0.68076	-0.36826	25.6	null	null	13113	75
2026-05-27T14:29:25.360	WT901BLE68(F3:F0:16:BF:DC:AE)	0.932	-0.138	-0.338	1.892	-0.244	4.211	-159.05	-69.69	-128.73	1.653	17.213	-57.293	-0.45193	-0.44339	0.68076	-0.36826	25.6	null	null	13113	75
2026-05-27T14:29:25.485	WT901BLE68(F3:F0:16:BF:DC:AE)	0.935	-0.142	-0.330	0.183	-0.366	3.296	-158.07	-69.50	-129.52	1.653	17.213	-57.293	-0.45193	-0.44339	0.68076	-0.36826	25.6	null	null	13113	75
2026-05-27T14:29:25.571	WT901BLE68(F3:F0:16:BF:DC:AE)	0.927	-0.147	-0.333	-2.625	-0.366	2.197	-157.48	-69.34	-130.23	1.653	17.213	-57.293	-0.45193	-0.44339	0.68076	-0.36826	25.6	null	null	13113	75
2026-05-27T14:29:25.693	WT901BLE68(F3:F0:16:BF:DC:AE)	0.926	-0.163	-0.340	-0.732	-1.343	0.000	-157.51	-69.15	-130.30	1.653	17.213	-57.293	-0.45193	-0.44339	0.68076	-0.36826	25.6	null	null	13113	75
2026-05-27T14:29:25.750	WT901BLE68(F3:F0:16:BF:DC:AE)	0.935	-0.146	-0.330	2.563	-0.488	-1.709	-157.63	-69.06	-129.89	1.653	17.213	-57.293	-0.45193	-0.44339	0.68076	-0.36826	25.6	null	null	13113	75
2026-05-27T14:29:25.870	WT901BLE68(F3:F0:16:BF:DC:AE)	0.929	-0.143	-0.335	-0.549	0.854	-0.977	-157.64	-69.11	-129.68	1.847	14.587	-59.073	-0.45193	-0.44339	0.68076	-0.36826	25.6	null	null	13113	75
2026-05-27T14:29:25.960	WT901BLE68(F3:F0:16:BF:DC:AE)	0.925	-0.133	-0.349	-1.038	0.488	-1.282	-157.81	-69.21	-129.51	1.847	14.587	-59.073	-0.45193	-0.44339	0.68076	-0.36826	25.6	null	null	13113	75
2026-05-27T14:29:26.082	WT901BLE68(F3:F0:16:BF:DC:AE)	0.928	-0.133	-0.342	-0.977	0.122	-2.075	-158.26	-69.26	-129.02	1.847	14.587	-59.073	-0.43661	-0.44348	0.68378	-0.38080	25.6	null	null	13113	75
2026-05-27T14:29:26.177	WT901BLE68(F3:F0:16:BF:DC:AE)	0.934	-0.138	-0.320	-0.427	0.732	-2.563	-158.95	-69.33	-128.32	1.847	14.587	-59.073	-0.43661	-0.44348	0.68378	-0.38080	25.6	null	null	13113	75
2026-05-27T14:29:26.290	WT901BLE68(F3:F0:16:BF:DC:AE)	0.937	-0.129	-0.321	-1.587	2.136	-1.831	-159.31	-69.54	-128.03	1.847	14.587	-59.073	-0.43661	-0.44348	0.68378	-0.38080	25.6	null	null	13113	75
2026-05-27T14:29:26.384	WT901BLE68(F3:F0:16:BF:DC:AE)	0.934	-0.115	-0.327	-0.183	1.770	-2.563	-159.68	-69.78	-127.71	1.847	14.587	-59.073	-0.43661	-0.44348	0.68378	-0.38080	25.6	null	null	13113	75
2026-05-27T14:29:26.502	WT901BLE68(F3:F0:16:BF:DC:AE)	0.927	-0.107	-0.339	-1.770	-0.732	-4.089	-160.43	-69.93	-127.02	1.847	14.587	-59.073	-0.43661	-0.44348	0.68378	-0.38080	25.6	null	null	13113	75
2026-05-27T14:29:26.562	WT901BLE68(F3:F0:16:BF:DC:AE)	0.939	-0.104	-0.316	1.831	-2.319	-5.737	-161.87	-69.90	-125.46	1.847	14.587	-59.073	-0.43661	-0.44348	0.68378	-0.38080	25.6	null	null	13113	75
2026-05-27T14:29:26.684	WT901BLE68(F3:F0:16:BF:DC:AE)	0.952	-0.121	-0.287	-1.282	0.732	-3.357	-163.22	-69.92	-123.99	1.847	14.587	-59.073	-0.43661	-0.44348	0.68378	-0.38080	25.6	null	null	13113	75
2026-05-27T14:29:26.771	WT901BLE68(F3:F0:16:BF:DC:AE)	0.940	-0.110	-0.314	-3.296	1.587	-2.747	-163.88	-70.18	-123.59	1.387	16.380	-58.580	-0.43661	-0.44348	0.68378	-0.38080	25.6	null	null	13113	75
2026-05-27T14:29:26.892	WT901BLE68(F3:F0:16:BF:DC:AE)	0.940	-0.095	-0.317	-0.244	0.916	-3.723	-164.61	-70.45	-123.00	1.387	16.380	-58.580	-0.43661	-0.44348	0.68378	-0.38080	25.6	null	null	13113	75
2026-05-27T14:29:26.981	WT901BLE68(F3:F0:16:BF:DC:AE)	0.945	-0.089	-0.308	0.244	0.366	-4.883	-165.56	-70.63	-121.93	1.387	16.380	-58.580	-0.45084	-0.45502	0.67365	-0.36850	25.6	null	null	13113	75
2026-05-27T14:29:27.104	WT901BLE68(F3:F0:16:BF:DC:AE)	0.941	-0.073	-0.317	-0.793	1.221	-4.089	-166.69	-70.83	-120.75	1.387	16.380	-58.580	-0.45084	-0.45502	0.67365	-0.36850	25.6	null	null	13113	75
2026-05-27T14:29:27.161	WT901BLE68(F3:F0:16:BF:DC:AE)	0.948	-0.068	-0.305	1.526	1.038	-5.432	-167.98	-70.99	-119.42	1.387	16.380	-58.580	-0.45084	-0.45502	0.67365	-0.36850	25.6	null	null	13113	75
2026-05-27T14:29:27.285	WT901BLE68(F3:F0:16:BF:DC:AE)	0.945	-0.041	-0.315	-3.296	1.343	-3.479	-169.23	-71.18	-118.18	1.387	16.380	-58.580	-0.45084	-0.45502	0.67365	-0.36850	25.6	null	null	13113	75
2026-05-27T14:29:27.376	WT901BLE68(F3:F0:16:BF:DC:AE)	0.948	-0.049	-0.315	-3.357	2.197	-2.319	-170.29	-71.41	-117.50	1.387	16.380	-58.580	-0.45084	-0.45502	0.67365	-0.36850	25.6	null	null	13113	75
2026-05-27T14:29:27.492	WT901BLE68(F3:F0:16:BF:DC:AE)	0.953	-0.044	-0.299	-3.418	4.211	-0.671	-171.04	-71.71	-117.14	1.387	16.380	-58.580	-0.45084	-0.45502	0.67365	-0.36850	25.6	null	null	13113	75
2026-05-27T14:29:27.582	WT901BLE68(F3:F0:16:BF:DC:AE)	0.950	-0.030	-0.303	-8.118	5.554	1.648	-171.25	-72.20	-117.56	1.387	16.380	-58.580	-0.45084	-0.45502	0.67365	-0.36850	25.6	null	null	13113	75
2026-05-27T14:29:27.700	WT901BLE68(F3:F0:16:BF:DC:AE)	0.947	-0.037	-0.310	-4.028	2.991	-0.305	-171.51	-72.62	-118.05	1.253	18.680	-56.813	-0.45084	-0.45502	0.67365	-0.36850	25.6	null	null	13113	75
2026-05-27T14:29:27.794	WT901BLE68(F3:F0:16:BF:DC:AE)	0.956	-0.021	-0.300	-5.798	2.197	-0.122	-172.05	-72.80	-117.94	1.253	18.680	-56.813	-0.45084	-0.45502	0.67365	-0.36850	25.6	null	null	13113	75
2026-05-27T14:29:27.910	WT901BLE68(F3:F0:16:BF:DC:AE)	0.951	-0.023	-0.299	-9.460	2.563	0.977	-172.66	-73.01	-118.17	1.253	18.680	-56.813	-0.48010	-0.44766	0.66739	-0.35153	25.6	null	null	13113	75
2026-05-27T14:29:27.970	WT901BLE68(F3:F0:16:BF:DC:AE)	0.954	-0.046	-0.283	-2.625	0.061	-2.319	-173.50	-73.08	-118.00	1.253	18.680	-56.813	-0.48010	-0.44766	0.66739	-0.35153	25.6	null	null	13113	75
2026-05-27T14:29:28.095	WT901BLE68(F3:F0:16:BF:DC:AE)	0.958	-0.040	-0.274	-4.761	-0.977	-2.930	-174.65	-73.03	-117.06	1.253	18.680	-56.813	-0.48010	-0.44766	0.66739	-0.35153	25.6	null	null	13113	75
2026-05-27T14:29:28.182	WT901BLE68(F3:F0:16:BF:DC:AE)	0.957	-0.029	-0.275	-1.892	1.160	-2.686	-175.73	-73.14	-116.28	1.253	18.680	-56.813	-0.48010	-0.44766	0.66739	-0.35153	25.6	null	null	13113	75
2026-05-27T14:29:28.304	WT901BLE68(F3:F0:16:BF:DC:AE)	0.961	-0.017	-0.281	0.244	1.343	-3.662	-176.80	-73.29	-115.29	1.253	18.680	-56.813	-0.48010	-0.44766	0.66739	-0.35153	25.6	null	null	13113	75
2026-05-27T14:29:28.391	WT901BLE68(F3:F0:16:BF:DC:AE)	0.958	0.008	-0.277	-2.502	2.380	-2.258	-177.87	-73.47	-114.31	1.253	18.680	-56.813	-0.48010	-0.44766	0.66739	-0.35153	25.6	null	null	13113	75
2026-05-27T14:29:28.513	WT901BLE68(F3:F0:16:BF:DC:AE)	0.958	0.006	-0.279	-2.747	1.587	-0.977	-178.61	-73.71	-113.86	1.253	18.680	-56.813	-0.48010	-0.44766	0.66739	-0.35153	25.6	null	null	13113	75
2026-05-27T14:29:28.571	WT901BLE68(F3:F0:16:BF:DC:AE)	0.965	0.005	-0.268	-0.061	1.038	-0.488	-179.02	-73.86	-113.51	1.227	21.840	-54.587	-0.48010	-0.44766	0.66739	-0.35153	25.6	null	null	13113	75
2026-05-27T14:29:28.695	WT901BLE68(F3:F0:16:BF:DC:AE)	0.964	0.010	-0.272	-3.723	1.343	1.648	-179.14	-74.00	-113.60	1.227	21.840	-54.587	-0.48010	-0.44766	0.66739	-0.35153	25.6	null	null	13113	75
2026-05-27T14:29:28.779	WT901BLE68(F3:F0:16:BF:DC:AE)	0.963	0.005	-0.270	-2.808	1.343	2.502	-178.86	-74.15	-114.27	1.227	21.840	-54.587	-0.50098	-0.43991	0.66614	-0.33414	25.6	null	null	13113	75
2026-05-27T14:29:28.901	WT901BLE68(F3:F0:16:BF:DC:AE)	0.963	-0.009	-0.264	-1.892	0.549	2.686	-178.30	-74.23	-115.10	1.227	21.840	-54.587	-0.50098	-0.43991	0.66614	-0.33414	25.6	null	null	13113	75
2026-05-27T14:29:28.993	WT901BLE68(F3:F0:16:BF:DC:AE)	0.962	-0.002	-0.259	-0.610	0.000	2.869	-177.58	-74.25	-115.95	1.227	21.840	-54.587	-0.50098	-0.43991	0.66614	-0.33414	25.6	null	null	13113	75
2026-05-27T14:29:29.112	WT901BLE68(F3:F0:16:BF:DC:AE)	0.960	-0.013	-0.261	1.282	-0.916	2.930	-176.63	-74.20	-116.91	1.227	21.840	-54.587	-0.50098	-0.43991	0.66614	-0.33414	25.6	null	null	13113	75
2026-05-27T14:29:29.205	WT901BLE68(F3:F0:16:BF:DC:AE)	0.958	-0.015	-0.272	0.916	-1.953	3.967	-175.41	-74.08	-118.02	1.227	21.840	-54.587	-0.50098	-0.43991	0.66614	-0.33414	25.6	null	null	13113	75
2026-05-27T14:29:29.323	WT901BLE68(F3:F0:16:BF:DC:AE)	0.959	-0.036	-0.276	4.395	-2.747	2.869	-174.14	-73.83	-118.99	1.227	21.840	-54.587	-0.50098	-0.43991	0.66614	-0.33414	25.6	null	null	13113	75
2026-05-27T14:29:29.382	WT901BLE68(F3:F0:16:BF:DC:AE)	0.959	-0.030	-0.256	2.747	-3.235	3.235	-172.99	-73.50	-119.64	1.227	21.840	-54.587	-0.50098	-0.43991	0.66614	-0.33414	25.6	null	null	13113	75
2026-05-27T14:29:29.502	WT901BLE68(F3:F0:16:BF:DC:AE)	0.958	-0.060	-0.280	3.418	-2.625	3.479	-171.58	-73.25	-120.95	2.207	20.727	-53.667	-0.50098	-0.43991	0.66614	-0.33414	25.6	null	null	13113	75
2026-05-27T14:29:29.590	WT901BLE68(F3:F0:16:BF:DC:AE)	0.959	-0.051	-0.287	13.794	-3.845	0.916	-170.15	-72.88	-121.37	2.207	20.727	-53.667	-0.50098	-0.43991	0.66614	-0.33414	25.6	null	null	13113	75
2026-05-27T14:29:29.713	WT901BLE68(F3:F0:16:BF:DC:AE)	0.952	-0.039	-0.315	2.380	-2.441	4.028	-168.71	-72.52	-121.87	2.207	20.727	-53.667	-0.48029	-0.43835	0.67334	-0.35162	25.6	null	null	13113	75
2026-05-27T14:29:29.801	WT901BLE68(F3:F0:16:BF:DC:AE)	0.949	-0.068	-0.307	2.625	-2.075	5.249	-167.35	-72.21	-123.06	2.207	20.727	-53.667	-0.48029	-0.43835	0.67334	-0.35162	25.6	null	null	13113	75
2026-05-27T14:29:29.926	WT901BLE68(F3:F0:16:BF:DC:AE)	0.950	-0.078	-0.290	3.113	-1.465	4.761	-165.86	-71.88	-124.24	2.207	20.727	-53.667	-0.48029	-0.43835	0.67334	-0.35162	25.6	null	null	13113	75
2026-05-27T14:29:29.983	WT901BLE68(F3:F0:16:BF:DC:AE)	0.945	-0.099	-0.315	2.136	-2.075	4.395	-164.47	-71.58	-125.47	2.207	20.727	-53.667	-0.48029	-0.43835	0.67334	-0.35162	25.6	null	null	13113	75
2026-05-27T14:29:30.102	WT901BLE68(F3:F0:16:BF:DC:AE)	0.938	-0.092	-0.320	0.244	-1.709	5.005	-163.22	-71.29	-126.51	2.207	20.727	-53.667	-0.48029	-0.43835	0.67334	-0.35162	25.6	null	null	13113	75
2026-05-27T14:29:30.192	WT901BLE68(F3:F0:16:BF:DC:AE)	0.945	-0.125	-0.303	4.211	-2.563	3.296	-162.15	-70.94	-127.40	2.207	20.727	-53.667	-0.48029	-0.43835	0.67334	-0.35162	25.6	null	null	13113	75
2026-05-27T14:29:30.312	WT901BLE68(F3:F0:16:BF:DC:AE)	0.945	-0.131	-0.294	5.310	-1.953	2.869	-161.00	-70.65	-128.00	2.207	20.727	-53.667	-0.48029	-0.43835	0.67334	-0.35162	25.6	null	null	13113	75
2026-05-27T14:29:30.404	WT901BLE68(F3:F0:16:BF:DC:AE)	0.939	-0.122	-0.312	5.615	-1.465	2.747	-159.81	-70.40	-128.65	1.807	15.953	-56.647	-0.48029	-0.43835	0.67334	-0.35162	25.6	null	null	13113	75
2026-05-27T14:29:30.525	WT901BLE68(F3:F0:16:BF:DC:AE)	0.934	-0.127	-0.313	7.874	-2.930	1.160	-158.79	-70.12	-129.02	1.807	15.953	-56.647	-0.48029	-0.43835	0.67334	-0.35162	25.6	null	null	13113	75
2026-05-27T14:29:30.580	WT901BLE68(F3:F0:16:BF:DC:AE)	0.946	-0.127	-0.311	9.949	-2.502	1.404	-157.80	-69.80	-129.00	1.807	15.953	-56.647	-0.44183	-0.44376	0.67996	-0.38132	25.6	null	null	13113	75
2026-05-27T14:29:30.736	WT901BLE68(F3:F0:16:BF:DC:AE)	0.923	-0.144	-0.329	5.066	-1.526	3.601	-156.60	-69.55	-129.57	1.807	15.953	-56.647	-0.44183	-0.44376	0.67996	-0.38132	25.6	null	null	13113	75
2026-05-27T14:29:30.792	WT901BLE68(F3:F0:16:BF:DC:AE)	0.936	-0.175	-0.317	9.888	-2.625	0.427	-155.54	-69.25	-129.66	1.807	15.953	-56.647	-0.44183	-0.44376	0.67996	-0.38132	25.6	null	null	13113	75
2026-05-27T14:29:30.914	WT901BLE68(F3:F0:16:BF:DC:AE)	0.928	-0.147	-0.331	-2.502	0.305	3.113	-154.92	-69.05	-130.06	1.807	15.953	-56.647	-0.44183	-0.44376	0.67996	-0.38132	25.6	null	null	13113	75
2026-05-27T14:29:31.005	WT901BLE68(F3:F0:16:BF:DC:AE)	0.928	-0.184	-0.322	-1.770	0.061	0.793	-154.65	-68.95	-130.67	1.807	15.953	-56.647	-0.44183	-0.44376	0.67996	-0.38132	25.6	null	null	13113	75
2026-05-27T14:29:31.124	WT901BLE68(F3:F0:16:BF:DC:AE)	0.934	-0.172	-0.307	-2.014	0.793	0.305	-154.44	-68.95	-130.91	1.807	15.953	-56.647	-0.44183	-0.44376	0.67996	-0.38132	25.6	null	null	13113	75
2026-05-27T14:29:31.212	WT901BLE68(F3:F0:16:BF:DC:AE)	0.927	-0.171	-0.312	0.854	0.305	-0.977	-154.26	-69.00	-131.04	1.807	15.953	-56.647	-0.44183	-0.44376	0.67996	-0.38132	25.6	null	null	13113	75
2026-05-27T14:29:31.333	WT901BLE68(F3:F0:16:BF:DC:AE)	0.927	-0.166	-0.319	0.549	-0.977	-2.319	-154.39	-69.04	-130.70	1.840	12.393	-59.513	-0.44183	-0.44376	0.67996	-0.38132	25.6	null	null	13113	75
2026-05-27T14:29:31.392	WT901BLE68(F3:F0:16:BF:DC:AE)	0.929	-0.161	-0.330	-2.563	-0.793	-3.235	-155.04	-69.07	-130.05	1.840	12.393	-59.513	-0.44183	-0.44376	0.67996	-0.38132	25.6	null	null	13113	75
2026-05-27T14:29:31.514	WT901BLE68(F3:F0:16:BF:DC:AE)	0.917	-0.172	-0.354	-3.113	0.488	-4.700	-156.12	-69.19	-129.26	1.840	12.393	-59.513	-0.42685	-0.45074	0.67734	-0.39462	25.6	null	null	13113	75
2026-05-27T14:29:31.601	WT901BLE68(F3:F0:16:BF:DC:AE)	0.929	-0.140	-0.334	-4.028	1.404	-6.287	-157.47	-69.42	-128.03	1.840	12.393	-59.513	-0.42685	-0.45074	0.67734	-0.39462	25.6	null	null	13113	75
2026-05-27T14:29:31.724	WT901BLE68(F3:F0:16:BF:DC:AE)	0.937	-0.143	-0.316	-5.798	4.089	-7.263	-159.25	-69.87	-126.72	1.840	12.393	-59.513	-0.42685	-0.45074	0.67734	-0.39462	25.6	null	null	13113	75
2026-05-27T14:29:31.814	WT901BLE68(F3:F0:16:BF:DC:AE)	0.938	-0.109	-0.312	-8.850	5.737	-6.897	-161.24	-70.53	-125.46	1.840	12.393	-59.513	-0.42685	-0.45074	0.67734	-0.39462	25.6	null	null	13113	75
2026-05-27T14:29:31.933	WT901BLE68(F3:F0:16:BF:DC:AE)	0.949	-0.091	-0.311	-12.329	6.226	-6.897	-163.39	-71.29	-124.30	1.840	12.393	-59.513	-0.42685	-0.45074	0.67734	-0.39462	25.6	null	null	13113	75
2026-05-27T14:29:32.024	WT901BLE68(F3:F0:16:BF:DC:AE)	0.932	-0.063	-0.289	-14.343	10.559	-5.798	-165.93	-72.10	-122.87	1.840	12.393	-59.513	-0.42685	-0.45074	0.67734	-0.39462	25.6	null	null	13113	75
2026-05-27T14:29:32.141	WT901BLE68(F3:F0:16:BF:DC:AE)	0.955	-0.064	-0.310	-20.691	9.705	-3.296	-167.91	-73.32	-122.53	1.840	12.393	-59.513	-0.42685	-0.45074	0.67734	-0.39462	25.6	null	null	13113	75
2026-05-27T14:29:32.200	WT901BLE68(F3:F0:16:BF:DC:AE)	0.976	-0.025	-0.238	-10.132	11.169	-5.371	-170.29	-74.40	-121.57	2.080	20.447	-54.860	-0.42685	-0.45074	0.67734	-0.39462	25.6	null	null	13113	75
2026-05-27T14:29:32.322	WT901BLE68(F3:F0:16:BF:DC:AE)	0.982	-0.019	-0.218	-18.311	10.742	-2.258	-172.62	-75.49	-120.70	2.080	20.447	-54.860	-0.42685	-0.45074	0.67734	-0.39462	25.6	null	null	13113	75
2026-05-27T14:29:32.412	WT901BLE68(F3:F0:16:BF:DC:AE)	0.984	-0.008	-0.188	-11.963	14.648	-2.014	-174.30	-76.81	-120.51	2.080	20.447	-54.860	-0.51126	-0.42050	0.66605	-0.34360	25.6	null	null	13113	75
2026-05-27T14:29:32.532	WT901BLE68(F3:F0:16:BF:DC:AE)	0.983	-0.011	-0.214	-5.798	10.681	-3.235	-175.82	-78.10	-120.17	2.080	20.447	-54.860	-0.51126	-0.42050	0.66605	-0.34360	25.6	null	null	13113	75
2026-05-27T14:29:32.623	WT901BLE68(F3:F0:16:BF:DC:AE)	0.982	0.024	-0.180	-9.766	9.216	-3.723	-178.29	-79.07	-118.28	2.080	20.447	-54.860	-0.51126	-0.42050	0.66605	-0.34360	25.6	null	null	13113	75
2026-05-27T14:29:32.742	WT901BLE68(F3:F0:16:BF:DC:AE)	0.988	0.018	-0.168	-9.216	9.888	-2.197	179.23	-79.99	-116.81	2.080	20.447	-54.860	-0.51126	-0.42050	0.66605	-0.34360	25.6	null	null	13113	75
2026-05-27T14:29:32.804	WT901BLE68(F3:F0:16:BF:DC:AE)	0.990	0.014	-0.149	-7.263	7.324	-2.747	176.63	-80.77	-115.05	2.080	20.447	-54.860	-0.51126	-0.42050	0.66605	-0.34360	25.6	null	null	13113	75
2026-05-27T14:29:32.922	WT901BLE68(F3:F0:16:BF:DC:AE)	0.989	0.020	-0.116	-2.197	6.714	-2.258	173.95	-81.45	-112.93	2.080	20.447	-54.860	-0.51126	-0.42050	0.66605	-0.34360	25.6	null	null	13113	75
2026-05-27T14:29:33.012	WT901BLE68(F3:F0:16:BF:DC:AE)	0.996	0.040	-0.120	1.526	6.897	-1.160	172.01	-82.10	-111.01	2.080	20.447	-54.860	-0.51126	-0.42050	0.66605	-0.34360	25.6	null	null	13113	75
2026-05-27T14:29:33.134	WT901BLE68(F3:F0:16:BF:DC:AE)	1.000	0.037	-0.113	-1.099	6.226	0.793	170.77	-82.85	-109.83	6.067	25.633	-44.613	-0.51126	-0.42050	0.66605	-0.34360	25.6	null	null	13113	75
2026-05-27T14:29:33.222	WT901BLE68(F3:F0:16:BF:DC:AE)	1.004	0.045	-0.104	1.892	2.930	-0.427	169.77	-83.33	-108.89	6.067	25.633	-44.613	-0.51126	-0.42050	0.66605	-0.34360	25.6	null	null	13113	75
2026-05-27T14:29:33.343	WT901BLE68(F3:F0:16:BF:DC:AE)	0.968	0.042	-0.103	1.038	0.732	0.671	168.99	-83.40	-108.05	6.067	25.633	-44.613	-0.57764	-0.38464	0.63919	-0.33118	25.6	null	null	13113	75
2026-05-27T14:29:33.402	WT901BLE68(F3:F0:16:BF:DC:AE)	0.985	0.030	-0.109	-0.671	-1.770	2.380	169.82	-83.42	-108.90	6.067	25.633	-44.613	-0.57764	-0.38464	0.63919	-0.33118	25.6	null	null	13113	75
2026-05-27T14:29:33.554	WT901BLE68(F3:F0:16:BF:DC:AE)	0.989	0.014	-0.100	-2.625	-2.014	2.869	171.11	-83.30	-110.53	6.067	25.633	-44.613	-0.57764	-0.38464	0.63919	-0.33118	25.6	null	null	13113	75
2026-05-27T14:29:33.613	WT901BLE68(F3:F0:16:BF:DC:AE)	0.980	0.026	-0.113	0.488	-3.113	3.052	173.42	-83.12	-112.85	6.067	25.633	-44.613	-0.57764	-0.38464	0.63919	-0.33118	25.6	null	null	13113	75
2026-05-27T14:29:33.732	WT901BLE68(F3:F0:16:BF:DC:AE)	0.991	0.013	-0.144	-1.465	-7.751	2.625	175.97	-82.68	-115.61	6.067	25.633	-44.613	-0.57764	-0.38464	0.63919	-0.33118	25.6	null	null	13113	75
2026-05-27T14:29:33.824	WT901BLE68(F3:F0:16:BF:DC:AE)	1.006	0.012	-0.127	1.648	-10.498	0.610	177.12	-81.77	-116.67	6.067	25.633	-44.613	-0.57764	-0.38464	0.63919	-0.33118	25.6	null	null	13113	75
2026-05-27T14:29:33.942	WT901BLE68(F3:F0:16:BF:DC:AE)	1.001	-0.009	-0.124	4.578	-7.019	2.136	178.42	-80.95	-117.55	6.067	25.633	-44.613	-0.57764	-0.38464	0.63919	-0.33118	25.6	null	null	13113	75
2026-05-27T14:29:34.034	WT901BLE68(F3:F0:16:BF:DC:AE)	0.989	-0.017	-0.152	6.531	-3.784	3.540	-178.93	-80.63	-119.74	5.447	24.387	-46.040	-0.57764	-0.38464	0.63919	-0.33118	25.6	null	null	13113	75
2026-05-27T14:29:34.153	WT901BLE68(F3:F0:16:BF:DC:AE)	0.984	-0.008	-0.176	7.996	-4.883	2.625	-176.32	-80.29	-121.59	5.447	24.387	-46.040	-0.57764	-0.38464	0.63919	-0.33118	25.6	null	null	13113	75
2026-05-27T14:29:34.212	WT901BLE68(F3:F0:16:BF:DC:AE)	0.982	-0.011	-0.182	5.798	-5.493	2.563	-174.51	-79.78	-122.57	5.447	24.387	-46.040	-0.54700	-0.39322	0.65698	-0.33826	25.6	null	null	13113	75
2026-05-27T14:29:34.336	WT901BLE68(F3:F0:16:BF:DC:AE)	0.983	-0.028	-0.174	2.869	-4.822	3.967	-172.79	-79.27	-123.82	5.447	24.387	-46.040	-0.54700	-0.39322	0.65698	-0.33826	25.6	null	null	13113	75
2026-05-27T14:29:34.421	WT901BLE68(F3:F0:16:BF:DC:AE)	0.984	-0.038	-0.184	5.310	-1.648	4.883	-170.46	-78.92	-125.83	5.447	24.387	-46.040	-0.54700	-0.39322	0.65698	-0.33826	25.6	null	null	13113	75
2026-05-27T14:29:34.543	WT901BLE68(F3:F0:16:BF:DC:AE)	0.978	-0.045	-0.204	5.493	-4.700	4.272	-168.49	-78.42	-127.32	5.447	24.387	-46.040	-0.54700	-0.39322	0.65698	-0.33826	25.6	null	null	13113	75
2026-05-27T14:29:34.631	WT901BLE68(F3:F0:16:BF:DC:AE)	0.971	-0.043	-0.211	6.104	-8.118	3.418	-166.94	-77.68	-128.12	5.447	24.387	-46.040	-0.54700	-0.39322	0.65698	-0.33826	25.6	null	null	13113	75
2026-05-27T14:29:34.755	WT901BLE68(F3:F0:16:BF:DC:AE)	0.975	-0.057	-0.227	6.836	-9.277	2.869	-166.04	-76.74	-128.44	5.447	24.387	-46.040	-0.54700	-0.39322	0.65698	-0.33826	25.6	null	null	13113	75
2026-05-27T14:29:34.811	WT901BLE68(F3:F0:16:BF:DC:AE)	0.967	-0.059	-0.234	5.493	-11.963	1.709	-165.70	-75.67	-128.11	5.447	24.387	-46.040	-0.54700	-0.39322	0.65698	-0.33826	25.6	null	null	13113	75
2026-05-27T14:29:34.964	WT901BLE68(F3:F0:16:BF:DC:AE)	0.959	-0.074	-0.260	6.897	-10.315	2.319	-165.40	-74.55	-127.74	4.113	20.620	-51.520	-0.54700	-0.39322	0.65698	-0.33826	25.6	null	null	13113	75
2026-05-27T14:29:35.022	WT901BLE68(F3:F0:16:BF:DC:AE)	0.956	-0.077	-0.277	4.089	-8.911	2.686	-164.77	-73.67	-127.72	4.113	20.620	-51.520	-0.54700	-0.39322	0.65698	-0.33826	25.6	null	null	13113	75
2026-05-27T14:29:35.142	WT901BLE68(F3:F0:16:BF:DC:AE)	0.952	-0.092	-0.284	8.301	-8.728	1.160	-164.32	-72.78	-127.48	4.113	20.620	-51.520	-0.48523	-0.42145	0.67770	-0.35709	25.6	null	null	13113	75
2026-05-27T14:29:35.234	WT901BLE68(F3:F0:16:BF:DC:AE)	0.956	-0.086	-0.296	7.629	-7.324	1.770	-163.71	-72.02	-127.17	4.113	20.620	-51.520	-0.48523	-0.42145	0.67770	-0.35709	25.6	null	null	13113	75
2026-05-27T14:29:35.352	WT901BLE68(F3:F0:16:BF:DC:AE)	0.953	-0.100	-0.295	3.906	-5.005	4.395	-162.84	-71.38	-127.50	4.113	20.620	-51.520	-0.48523	-0.42145	0.67770	-0.35709	25.6	null	null	13113	75
2026-05-27T14:29:35.443	WT901BLE68(F3:F0:16:BF:DC:AE)	0.945	-0.131	-0.314	9.094	-6.409	2.136	-161.72	-70.75	-127.96	4.113	20.620	-51.520	-0.48523	-0.42145	0.67770	-0.35709	25.6	null	null	13113	75
2026-05-27T14:29:35.563	WT901BLE68(F3:F0:16:BF:DC:AE)	0.926	-0.112	-0.352	11.230	-4.883	0.793	-160.74	-70.33	-127.81	4.113	20.620	-51.520	-0.48523	-0.42145	0.67770	-0.35709	25.6	null	null	13113	75
2026-05-27T14:29:35.626	WT901BLE68(F3:F0:16:BF:DC:AE)	0.943	-0.143	-0.304	6.836	-3.296	1.831	-160.03	-69.87	-127.51	4.113	20.620	-51.520	-0.48523	-0.42145	0.67770	-0.35709	25.6	null	null	13113	75
2026-05-27T14:29:35.740	WT901BLE68(F3:F0:16:BF:DC:AE)	0.927	-0.151	-0.325	7.019	-1.953	1.465	-159.02	-69.58	-127.81	4.113	20.620	-51.520	-0.48523	-0.42145	0.67770	-0.35709	25.6	null	null	13113	75
2026-05-27T14:29:35.832	WT901BLE68(F3:F0:16:BF:DC:AE)	0.938	-0.135	-0.338	9.338	-2.014	0.000	-158.18	-69.34	-127.71	1.267	14.480	-59.340	-0.48523	-0.42145	0.67770	-0.35709	25.6	null	null	13113	75
2026-05-27T14:29:35.953	WT901BLE68(F3:F0:16:BF:DC:AE)	0.930	-0.167	-0.341	1.404	-0.122	2.319	-157.44	-69.18	-128.19	1.267	14.480	-59.340	-0.48523	-0.42145	0.67770	-0.35709	25.6	null	null	13113	75
2026-05-27T14:29:36.041	WT901BLE68(F3:F0:16:BF:DC:AE)	0.931	-0.150	-0.331	3.845	-1.221	0.427	-156.84	-69.02	-128.41	1.267	14.480	-59.340	-0.42938	-0.45273	0.67764	-0.38901	25.6	null	null	13113	75
2026-05-27T14:29:36.163	WT901BLE68(F3:F0:16:BF:DC:AE)	0.925	-0.155	-0.324	-1.953	-0.366	2.625	-156.22	-68.91	-128.81	1.267	14.480	-59.340	-0.42938	-0.45273	0.67764	-0.38901	25.6	null	null	13113	75
2026-05-27T14:29:36.226	WT901BLE68(F3:F0:16:BF:DC:AE)	0.925	-0.168	-0.325	-1.160	-0.305	2.075	-155.64	-68.83	-129.60	1.267	14.480	-59.340	-0.42938	-0.45273	0.67764	-0.38901	25.6	null	null	13113	75
2026-05-27T14:29:36.371	WT901BLE68(F3:F0:16:BF:DC:AE)	0.928	-0.146	-0.343	2.136	-1.343	-0.305	-155.49	-68.68	-129.53	1.267	14.480	-59.340	-0.42938	-0.45273	0.67764	-0.38901	25.6	null	null	13113	75
2026-05-27T14:29:36.434	WT901BLE68(F3:F0:16:BF:DC:AE)	0.925	-0.159	-0.328	-3.174	1.648	2.747	-155.29	-68.62	-129.80	1.267	14.480	-59.340	-0.42938	-0.45273	0.67764	-0.38901	25.6	null	null	13113	75
2026-05-27T14:29:36.553	WT901BLE68(F3:F0:16:BF:DC:AE)	0.919	-0.155	-0.331	-5.005	1.160	1.953	-154.81	-68.67	-130.64	1.267	14.480	-59.340	-0.42938	-0.45273	0.67764	-0.38901	25.6	null	null	13113	75
2026-05-27T14:29:36.643	WT901BLE68(F3:F0:16:BF:DC:AE)	0.926	-0.166	-0.332	-2.502	-0.427	-0.244	-154.94	-68.61	-130.70	1.267	14.480	-59.340	-0.42938	-0.45273	0.67764	-0.38901	25.6	null	null	13113	75
2026-05-27T14:29:36.762	WT901BLE68(F3:F0:16:BF:DC:AE)	0.923	-0.170	-0.354	-1.648	0.610	-1.099	-155.15	-68.63	-130.72	1.693	12.740	-59.500	-0.42938	-0.45273	0.67764	-0.38901	25.6	null	null	13113	75
2026-05-27T14:29:36.855	WT901BLE68(F3:F0:16:BF:DC:AE)	0.925	-0.158	-0.338	3.174	0.854	-4.089	-155.45	-68.76	-130.19	1.693	12.740	-59.500	-0.42938	-0.45273	0.67764	-0.38901	25.6	null	null	13113	75
2026-05-27T14:29:36.972	WT901BLE68(F3:F0:16:BF:DC:AE)	0.934	-0.178	-0.319	6.958	0.854	-5.066	-155.80	-68.99	-129.16	1.693	12.740	-59.500	-0.42651	-0.44995	0.67966	-0.39188	25.6	null	null	13113	75
2026-05-27T14:29:37.032	WT901BLE68(F3:F0:16:BF:DC:AE)	0.927	-0.161	-0.325	4.822	0.183	-6.653	-156.52	-69.23	-127.77	1.693	12.740	-59.500	-0.42651	-0.44995	0.67966	-0.39188	25.6	null	null	13113	75
2026-05-27T14:29:37.154	WT901BLE68(F3:F0:16:BF:DC:AE)	0.928	-0.139	-0.330	1.160	-0.977	-8.850	-158.17	-69.43	-125.79	1.693	12.740	-59.500	-0.42651	-0.44995	0.67966	-0.39188	25.6	null	null	13113	75
2026-05-27T14:29:37.243	WT901BLE68(F3:F0:16:BF:DC:AE)	0.935	-0.093	-0.328	0.977	2.563	-7.996	-160.05	-69.72	-123.69	1.693	12.740	-59.500	-0.42651	-0.44995	0.67966	-0.39188	25.6	null	null	13113	75
2026-05-27T14:29:37.363	WT901BLE68(F3:F0:16:BF:DC:AE)	0.938	-0.108	-0.327	-10.498	6.287	-5.737	-161.88	-70.31	-122.66	1.693	12.740	-59.500	-0.42651	-0.44995	0.67966	-0.39188	25.6	null	null	13113	75
2026-05-27T14:29:37.451	WT901BLE68(F3:F0:16:BF:DC:AE)	0.942	-0.095	-0.294	-11.597	4.517	-5.859	-164.00	-70.93	-121.77	1.693	12.740	-59.500	-0.42651	-0.44995	0.67966	-0.39188	25.6	null	null	13113	75
2026-05-27T14:29:37.573	WT901BLE68(F3:F0:16:BF:DC:AE)	0.954	-0.071	-0.302	-10.681	4.089	-7.080	-166.12	-71.54	-120.52	1.693	12.740	-59.500	-0.42651	-0.44995	0.67966	-0.39188	25.6	null	null	13113	75
2026-05-27T14:29:37.633	WT901BLE68(F3:F0:16:BF:DC:AE)	0.953	-0.051	-0.276	-11.475	4.944	-5.798	-168.80	-72.10	-118.93	1.247	17.093	-57.553	-0.42651	-0.44995	0.67966	-0.39188	25.6	null	null	13113	75
2026-05-27T14:29:37.785	WT901BLE68(F3:F0:16:BF:DC:AE)	0.958	-0.021	-0.278	-9.216	3.235	-4.944	-171.16	-72.61	-117.57	1.247	17.093	-57.553	-0.42651	-0.44995	0.67966	-0.39188	25.6	null	null	13113	75
2026-05-27T14:29:37.840	WT901BLE68(F3:F0:16:BF:DC:AE)	0.959	-0.007	-0.284	-9.521	1.099	-3.296	-173.41	-72.99	-116.32	1.247	17.093	-57.553	-0.47733	-0.45361	0.66345	-0.35510	25.6	null	null	13113	75
2026-05-27T14:29:37.963	WT901BLE68(F3:F0:16:BF:DC:AE)	0.965	-0.019	-0.269	-5.493	0.244	-2.380	-175.31	-73.09	-115.24	1.247	17.093	-57.553	-0.47733	-0.45361	0.66345	-0.35510	25.6	null	null	13113	75
2026-05-27T14:29:38.055	WT901BLE68(F3:F0:16:BF:DC:AE)	0.962	0.003	-0.272	-7.507	0.244	-0.305	-176.53	-73.15	-114.64	1.247	17.093	-57.553	-0.47733	-0.45361	0.66345	-0.35510	25.6	null	null	13113	75
2026-05-27T14:29:38.174	WT901BLE68(F3:F0:16:BF:DC:AE)	0.943	-0.021	-0.294	-4.211	-0.061	-0.854	-177.50	-73.18	-114.46	1.247	17.093	-57.553	-0.47733	-0.45361	0.66345	-0.35510	25.6	null	null	13113	75
2026-05-27T14:29:38.263	WT901BLE68(F3:F0:16:BF:DC:AE)	0.958	-0.008	-0.272	0.671	0.244	-2.258	-178.24	-73.15	-113.83	1.247	17.093	-57.553	-0.47733	-0.45361	0.66345	-0.35510	25.6	null	null	13113	75
2026-05-27T14:29:38.385	WT901BLE68(F3:F0:16:BF:DC:AE)	0.959	0.013	-0.282	0.854	0.488	-0.854	-178.60	-73.27	-113.43	1.247	17.093	-57.553	-0.47733	-0.45361	0.66345	-0.35510	25.6	null	null	13113	75
2026-05-27T14:29:38.441	WT901BLE68(F3:F0:16:BF:DC:AE)	0.965	0.028	-0.297	4.456	0.244	1.282	-178.41	-73.36	-113.33	1.247	17.093	-57.553	-0.47733	-0.45361	0.66345	-0.35510	25.6	null	null	13113	75
2026-05-27T14:29:38.563	WT901BLE68(F3:F0:16:BF:DC:AE)	0.942	0.005	-0.310	-1.404	0.000	2.991	-177.75	-73.37	-113.89	1.253	21.947	-55.173	-0.47733	-0.45361	0.66345	-0.35510	25.6	null	null	13113	75
2026-05-27T14:29:38.653	WT901BLE68(F3:F0:16:BF:DC:AE)	0.958	-0.025	-0.287	1.587	-0.244	1.709	-177.34	-73.25	-114.44	1.253	21.947	-55.173	-0.47733	-0.45361	0.66345	-0.35510	25.6	null	null	13113	75
2026-05-27T14:29:38.773	WT901BLE68(F3:F0:16:BF:DC:AE)	0.958	-0.007	-0.296	0.488	0.427	1.892	-176.73	-73.20	-114.94	1.253	21.947	-55.173	-0.49103	-0.44598	0.66718	-0.33881	25.6	null	null	13113	75
2026-05-27T14:29:38.860	WT901BLE68(F3:F0:16:BF:DC:AE)	0.956	-0.019	-0.289	3.235	0.061	1.282	-176.13	-73.23	-115.48	1.253	21.947	-55.173	-0.49103	-0.44598	0.66718	-0.33881	25.6	null	null	13113	75
2026-05-27T14:29:38.982	WT901BLE68(F3:F0:16:BF:DC:AE)	0.960	-0.014	-0.279	2.808	-0.122	1.709	-175.42	-73.21	-115.83	1.253	21.947	-55.173	-0.49103	-0.44598	0.66718	-0.33881	25.6	null	null	13113	75
2026-05-27T14:29:39.045	WT901BLE68(F3:F0:16:BF:DC:AE)	0.943	-0.022	-0.301	2.258	-1.892	1.099	-174.75	-73.15	-116.37	1.253	21.947	-55.173	-0.49103	-0.44598	0.66718	-0.33881	25.6	null	null	13113	75
2026-05-27T14:29:39.165	WT901BLE68(F3:F0:16:BF:DC:AE)	0.950	-0.042	-0.306	6.592	-5.737	-3.601	-174.96	-72.70	-115.84	1.253	21.947	-55.173	-0.49103	-0.44598	0.66718	-0.33881	25.6	null	null	13113	75
2026-05-27T14:29:39.252	WT901BLE68(F3:F0:16:BF:DC:AE)	0.971	-0.031	-0.261	7.568	-2.075	-1.343	-175.26	-72.26	-114.66	1.253	21.947	-55.173	-0.49103	-0.44598	0.66718	-0.33881	25.6	null	null	13113	75
2026-05-27T14:29:39.372	WT901BLE68(F3:F0:16:BF:DC:AE)	0.951	-0.026	-0.299	1.099	0.732	1.831	-174.51	-72.37	-115.10	1.253	21.947	-55.173	-0.49103	-0.44598	0.66718	-0.33881	25.6	null	null	13113	75
2026-05-27T14:29:39.462	WT901BLE68(F3:F0:16:BF:DC:AE)	0.950	-0.029	-0.303	7.324	-0.244	0.488	-173.63	-72.42	-115.55	1.013	19.187	-56.133	-0.49103	-0.44598	0.66718	-0.33881	25.6	null	null	13113	75
2026-05-27T14:29:39.580	WT901BLE68(F3:F0:16:BF:DC:AE)	0.954	-0.031	-0.291	2.075	0.122	2.625	-172.75	-72.41	-115.98	1.013	19.187	-56.133	-0.49103	-0.44598	0.66718	-0.33881	25.6	null	null	13113	75
2026-05-27T14:29:39.673	WT901BLE68(F3:F0:16:BF:DC:AE)	0.947	-0.047	-0.299	1.343	0.000	2.808	-171.88	-72.38	-116.86	1.013	19.187	-56.133	-0.47244	-0.45779	0.66345	-0.35629	25.6	null	null	13113	75
2026-05-27T14:29:39.792	WT901BLE68(F3:F0:16:BF:DC:AE)	0.955	-0.049	-0.289	0.549	-0.671	3.174	-170.90	-72.31	-117.73	1.013	19.187	-56.133	-0.47244	-0.45779	0.66345	-0.35629	25.6	null	null	13113	75
2026-05-27T14:29:39.849	WT901BLE68(F3:F0:16:BF:DC:AE)	0.950	-0.057	-0.299	1.465	-1.099	3.357	-169.96	-72.19	-118.71	1.013	19.187	-56.133	-0.47244	-0.45779	0.66345	-0.35629	25.6	null	null	13113	75
2026-05-27T14:29:39.973	WT901BLE68(F3:F0:16:BF:DC:AE)	0.952	-0.065	-0.301	-0.366	-1.221	3.662	-168.95	-72.01	-119.72	1.013	19.187	-56.133	-0.47244	-0.45779	0.66345	-0.35629	25.6	null	null	13113	75
2026-05-27T14:29:40.060	WT901BLE68(F3:F0:16:BF:DC:AE)	0.946	-0.068	-0.307	1.282	-1.282	3.174	-167.91	-71.85	-120.73	1.013	19.187	-56.133	-0.47244	-0.45779	0.66345	-0.35629	25.6	null	null	13113	75
2026-05-27T14:29:40.183	WT901BLE68(F3:F0:16:BF:DC:AE)	0.943	-0.074	-0.311	2.319	-1.526	2.747	-166.94	-71.66	-121.55	1.013	19.187	-56.133	-0.47244	-0.45779	0.66345	-0.35629	25.6	null	null	13113	75
2026-05-27T14:29:40.274	WT901BLE68(F3:F0:16:BF:DC:AE)	0.943	-0.073	-0.314	3.052	-2.014	2.502	-166.04	-71.42	-122.16	1.013	19.187	-56.133	-0.47244	-0.45779	0.66345	-0.35629	25.6	null	null	13113	75
2026-05-27T14:29:40.395	WT901BLE68(F3:F0:16:BF:DC:AE)	0.944	-0.087	-0.313	3.235	-1.648	2.808	-165.12	-71.19	-122.78	1.627	16.953	-58.067	-0.47244	-0.45779	0.66345	-0.35629	25.6	null	null	13113	75
2026-05-27T14:29:40.452	WT901BLE68(F3:F0:16:BF:DC:AE)	0.945	-0.086	-0.314	2.319	-1.465	4.028	-163.99	-70.97	-123.60	1.627	16.953	-58.067	-0.47244	-0.45779	0.66345	-0.35629	25.6	null	null	13113	75
2026-05-27T14:29:40.572	WT901BLE68(F3:F0:16:BF:DC:AE)	0.944	-0.101	-0.311	3.906	-1.831	4.028	-162.86	-70.70	-124.50	1.627	16.953	-58.067	-0.45270	-0.45218	0.67252	-0.37177	25.6	null	null	13113	75
2026-05-27T14:29:40.664	WT901BLE68(F3:F0:16:BF:DC:AE)	0.939	-0.112	-0.311	2.930	-1.526	4.395	-161.57	-70.42	-125.42	1.627	16.953	-58.067	-0.45270	-0.45218	0.67252	-0.37177	25.6	null	null	13113	75
2026-05-27T14:29:40.781	WT901BLE68(F3:F0:16:BF:DC:AE)	0.937	-0.127	-0.309	3.052	-1.587	4.028	-160.24	-70.19	-126.40	1.627	16.953	-58.067	-0.45270	-0.45218	0.67252	-0.37177	25.6	null	null	13113	75
2026-05-27T14:29:40.874	WT901BLE68(F3:F0:16:BF:DC:AE)	0.934	-0.137	-0.313	2.441	-1.160	4.150	-158.91	-69.94	-127.41	1.627	16.953	-58.067	-0.45270	-0.45218	0.67252	-0.37177	25.6	null	null	13113	75
2026-05-27T14:29:40.992	WT901BLE68(F3:F0:16:BF:DC:AE)	0.935	-0.160	-0.318	4.822	-0.732	3.174	-157.67	-69.70	-128.29	1.627	16.953	-58.067	-0.45270	-0.45218	0.67252	-0.37177	25.6	null	null	13113	75
2026-05-27T14:29:41.084	WT901BLE68(F3:F0:16:BF:DC:AE)	0.929	-0.151	-0.321	1.831	-0.244	3.540	-156.49	-69.52	-129.11	1.627	16.953	-58.067	-0.45270	-0.45218	0.67252	-0.37177	25.6	null	null	13113	75
2026-05-27T14:29:41.204	WT901BLE68(F3:F0:16:BF:DC:AE)	0.929	-0.159	-0.322	9.827	-1.709	2.747	-155.17	-69.30	-129.80	1.627	16.953	-58.067	-0.45270	-0.45218	0.67252	-0.37177	25.6	null	null	13113	75
2026-05-27T14:29:41.259	WT901BLE68(F3:F0:16:BF:DC:AE)	0.927	-0.165	-0.316	2.686	-9.583	6.226	-154.06	-68.53	-130.19	2.067	12.007	-59.687	-0.45270	-0.45218	0.67252	-0.37177	25.6	null	null	13113	75
2026-05-27T14:29:41.385	WT901BLE68(F3:F0:16:BF:DC:AE)	0.917	-0.176	-0.351	0.610	-1.221	2.319	-153.48	-68.02	-130.71	2.067	12.007	-59.687	-0.45270	-0.45218	0.67252	-0.37177	25.6	null	null	13113	75
2026-05-27T14:29:41.472	WT901BLE68(F3:F0:16:BF:DC:AE)	0.921	-0.177	-0.335	-2.197	0.854	2.014	-153.26	-67.90	-131.06	2.067	12.007	-59.687	-0.41516	-0.45273	0.68018	-0.39990	25.6	null	null	13113	75
2026-05-27T14:29:41.592	WT901BLE68(F3:F0:16:BF:DC:AE)	0.926	-0.192	-0.324	-2.930	0.000	0.244	-153.30	-67.84	-131.35	2.067	12.007	-59.687	-0.41516	-0.45273	0.68018	-0.39990	25.6	null	null	13113	75
2026-05-27T14:29:41.684	WT901BLE68(F3:F0:16:BF:DC:AE)	0.930	-0.186	-0.313	-0.488	0.000	-0.793	-153.35	-67.83	-131.29	2.067	12.007	-59.687	-0.41516	-0.45273	0.68018	-0.39990	25.6	null	null	13113	75
2026-05-27T14:29:41.802	WT901BLE68(F3:F0:16:BF:DC:AE)	0.914	-0.169	-0.349	-2.747	0.244	-1.221	-153.43	-67.94	-131.35	2.067	12.007	-59.687	-0.41516	-0.45273	0.68018	-0.39990	25.6	null	null	13113	75
2026-05-27T14:29:41.862	WT901BLE68(F3:F0:16:BF:DC:AE)	0.923	-0.184	-0.328	-0.793	1.709	-2.075	-153.69	-68.10	-131.12	2.067	12.007	-59.687	-0.41516	-0.45273	0.68018	-0.39990	25.6	null	null	13113	75
2026-05-27T14:29:41.983	WT901BLE68(F3:F0:16:BF:DC:AE)	0.934	-0.190	-0.314	0.244	2.258	-3.479	-154.13	-68.38	-130.67	2.067	12.007	-59.687	-0.41516	-0.45273	0.68018	-0.39990	25.6	null	null	13113	75
2026-05-27T14:29:42.073	WT901BLE68(F3:F0:16:BF:DC:AE)	0.919	-0.155	-0.346	-0.732	2.441	-4.272	-154.46	-68.76	-130.20	2.067	12.007	-59.687	-0.41516	-0.45273	0.68018	-0.39990	25.6	null	null	13113	75
2026-05-27T14:29:42.192	WT901BLE68(F3:F0:16:BF:DC:AE)	0.926	-0.162	-0.322	0.854	2.441	-5.981	-155.38	-69.11	-129.22	1.693	12.400	-59.653	-0.41516	-0.45273	0.68018	-0.39990	25.6	null	null	13113	75
2026-05-27T14:29:42.284	WT901BLE68(F3:F0:16:BF:DC:AE)	0.932	-0.160	-0.326	-2.686	4.089	-6.653	-156.60	-69.58	-128.13	1.693	12.400	-59.653	-0.41516	-0.45273	0.68018	-0.39990	25.6	null	null	13113	75
2026-05-27T14:29:42.401	WT901BLE68(F3:F0:16:BF:DC:AE)	0.940	-0.135	-0.310	-5.554	6.348	-6.775	-157.95	-70.32	-127.08	1.693	12.400	-59.653	-0.43143	-0.45605	0.67148	-0.39355	25.6	null	null	13113	75
2026-05-27T14:29:42.492	WT901BLE68(F3:F0:16:BF:DC:AE)	0.946	-0.127	-0.284	-5.005	8.057	-8.423	-159.73	-71.22	-125.83	1.693	12.400	-59.653	-0.43143	-0.45605	0.67148	-0.39355	25.6	null	null	13113	75
2026-05-27T14:29:42.613	WT901BLE68(F3:F0:16:BF:DC:AE)	0.956	-0.093	-0.282	-7.080	9.827	-8.728	-161.70	-72.32	-124.43	1.693	12.400	-59.653	-0.43143	-0.45605	0.67148	-0.39355	25.6	null	null	13113	75
2026-05-27T14:29:42.670	WT901BLE68(F3:F0:16:BF:DC:AE)	0.958	-0.075	-0.269	-9.705	13.245	-8.118	-163.88	-73.64	-123.15	1.693	12.400	-59.653	-0.43143	-0.45605	0.67148	-0.39355	25.6	null	null	13113	75
2026-05-27T14:29:42.790	WT901BLE68(F3:F0:16:BF:DC:AE)	0.961	-0.041	-0.257	-9.644	12.939	-7.202	-165.75	-75.23	-122.29	1.693	12.400	-59.653	-0.43143	-0.45605	0.67148	-0.39355	25.6	null	null	13113	75
2026-05-27T14:29:42.883	WT901BLE68(F3:F0:16:BF:DC:AE)	0.978	-0.032	-0.207	-7.080	13.611	-6.531	-167.90	-76.65	-121.01	1.693	12.400	-59.653	-0.43143	-0.45605	0.67148	-0.39355	25.6	null	null	13113	75
2026-05-27T14:29:43.003	WT901BLE68(F3:F0:16:BF:DC:AE)	0.979	0.005	-0.192	-11.475	17.761	-0.732	-169.01	-78.21	-120.76	1.693	12.400	-59.653	-0.43143	-0.45605	0.67148	-0.39355	25.6	null	null	13113	75
2026-05-27T14:29:43.094	WT901BLE68(F3:F0:16:BF:DC:AE)	0.986	-0.023	-0.166	-12.939	10.864	-0.488	-169.62	-79.55	-121.64	4.947	20.000	-53.213	-0.43143	-0.45605	0.67148	-0.39355	25.6	null	null	13113	75
2026-05-27T14:29:43.212	WT901BLE68(F3:F0:16:BF:DC:AE)	0.982	-0.010	-0.145	-10.071	9.766	-0.488	-170.17	-80.61	-122.28	4.947	20.000	-53.213	-0.43143	-0.45605	0.67148	-0.39355	25.6	null	null	13113	75
2026-05-27T14:29:43.269	WT901BLE68(F3:F0:16:BF:DC:AE)	1.003	-0.009	-0.133	-10.559	6.653	-0.427	-171.16	-81.34	-122.48	4.947	20.000	-53.213	-0.53732	-0.41159	0.63849	-0.36624	25.6	null	null	13113	75
2026-05-27T14:29:43.394	WT901BLE68(F3:F0:16:BF:DC:AE)	0.990	-0.011	-0.115	-6.104	2.930	-1.282	-172.79	-81.74	-121.74	4.947	20.000	-53.213	-0.53732	-0.41159	0.63849	-0.36624	25.6	null	null	13113	75
2026-05-27T14:29:43.481	WT901BLE68(F3:F0:16:BF:DC:AE)	0.984	0.012	-0.123	-7.690	-0.122	0.000	-174.11	-81.95	-120.99	4.947	20.000	-53.213	-0.53732	-0.41159	0.63849	-0.36624	25.6	null	null	13113	75
2026-05-27T14:29:43.603	WT901BLE68(F3:F0:16:BF:DC:AE)	0.987	-0.022	-0.109	-2.991	-2.991	-0.977	-175.36	-81.86	-120.45	4.947	20.000	-53.213	-0.53732	-0.41159	0.63849	-0.36624	25.6	null	null	13113	75
2026-05-27T14:29:43.694	WT901BLE68(F3:F0:16:BF:DC:AE)	0.990	0.003	-0.124	1.892	-7.385	-3.357	-176.72	-81.54	-119.15	4.947	20.000	-53.213	-0.53732	-0.41159	0.63849	-0.36624	25.6	null	null	13113	75
2026-05-27T14:29:43.815	WT901BLE68(F3:F0:16:BF:DC:AE)	0.986	0.003	-0.144	7.446	-12.817	-4.456	-179.38	-80.62	-116.14	4.947	20.000	-53.213	-0.53732	-0.41159	0.63849	-0.36624	25.6	null	null	13113	75
2026-05-27T14:29:43.905	WT901BLE68(F3:F0:16:BF:DC:AE)	0.992	0.028	-0.177	5.249	-13.184	-3.540	178.90	-79.36	-113.59	4.947	20.000	-53.213	-0.53732	-0.41159	0.63849	-0.36624	25.6	null	null	13113	75
2026-05-27T14:29:44.021	WT901BLE68(F3:F0:16:BF:DC:AE)	0.987	0.000	-0.188	5.249	-7.202	0.671	178.45	-78.50	-112.82	4.007	23.813	-50.127	-0.53732	-0.41159	0.63849	-0.36624	25.6	null	null	13113	75
2026-05-27T14:29:44.083	WT901BLE68(F3:F0:16:BF:DC:AE)	0.976	0.013	-0.207	-0.122	-5.676	2.502	179.46	-77.89	-113.55	4.007	23.813	-50.127	-0.52838	-0.42352	0.65170	-0.34143	25.6	null	null	13113	75
2026-05-27T14:29:44.202	WT901BLE68(F3:F0:16:BF:DC:AE)	0.972	0.004	-0.232	4.578	-5.554	3.540	-179.09	-77.44	-114.90	4.007	23.813	-50.127	-0.52838	-0.42352	0.65170	-0.34143	25.6	null	null	13113	75
2026-05-27T14:29:44.291	WT901BLE68(F3:F0:16:BF:DC:AE)	0.970	-0.001	-0.238	0.488	-6.592	3.296	-177.80	-76.77	-116.03	4.007	23.813	-50.127	-0.52838	-0.42352	0.65170	-0.34143	25.6	null	null	13113	75
2026-05-27T14:29:44.413	WT901BLE68(F3:F0:16:BF:DC:AE)	0.974	-0.012	-0.241	4.639	-7.629	2.869	-176.50	-76.03	-116.98	4.007	23.813	-50.127	-0.52838	-0.42352	0.65170	-0.34143	25.6	null	null	13113	75
2026-05-27T14:29:44.502	WT901BLE68(F3:F0:16:BF:DC:AE)	0.960	-0.011	-0.266	-0.061	-7.629	3.845	-175.31	-75.28	-117.93	4.007	23.813	-50.127	-0.52838	-0.42352	0.65170	-0.34143	25.6	null	null	13113	75
2026-05-27T14:29:44.624	WT901BLE68(F3:F0:16:BF:DC:AE)	0.963	-0.033	-0.270	4.761	-7.751	3.418	-174.24	-74.46	-118.83	4.007	23.813	-50.127	-0.52838	-0.42352	0.65170	-0.34143	25.6	null	null	13113	75
2026-05-27T14:29:44.681	WT901BLE68(F3:F0:16:BF:DC:AE)	0.962	-0.038	-0.274	4.578	-7.874	3.113	-173.08	-73.62	-119.56	4.007	23.813	-50.127	-0.52838	-0.42352	0.65170	-0.34143	25.6	null	null	13113	75
2026-05-27T14:29:44.801	WT901BLE68(F3:F0:16:BF:DC:AE)	0.958	-0.053	-0.284	6.592	-6.409	3.845	-171.82	-72.91	-120.33	4.007	23.813	-50.127	-0.52838	-0.42352	0.65170	-0.34143	25.6	null	null	13113	75
2026-05-27T14:29:44.888	WT901BLE68(F3:F0:16:BF:DC:AE)	0.951	-0.065	-0.291	4.333	-5.005	4.456	-170.19	-72.33	-121.38	4.007	23.813	-50.127	-0.52838	-0.42352	0.65170	-0.34143	25.6	null	null	13113	75
2026-05-27T14:29:45.013	WT901BLE68(F3:F0:16:BF:DC:AE)	0.946	-0.089	-0.293	7.202	-3.357	4.456	-168.44	-71.88	-122.53	4.007	23.813	-50.127	-0.52838	-0.42352	0.65170	-0.34143	25.6	null	null	13113	75
2026-05-27T14:29:45.102	WT901BLE68(F3:F0:16:BF:DC:AE)	0.944	-0.086	-0.302	6.409	-1.282	4.395	-166.47	-71.57	-123.70	4.007	23.813	-50.127	-0.52838	-0.42352	0.65170	-0.34143	25.7	null	null	13113	75
2026-05-27T14:29:45.222	WT901BLE68(F3:F0:16:BF:DC:AE)	0.931	-0.087	-0.333	4.456	-0.916	4.456	-164.68	-71.35	-125.01	4.007	23.813	-50.127	-0.52838	-0.42352	0.65170	-0.34143	25.7	null	null	13113	75
2026-05-27T14:29:45.313	WT901BLE68(F3:F0:16:BF:DC:AE)	0.937	-0.093	-0.320	3.784	-1.160	3.967	-163.14	-71.09	-126.04	4.007	23.813	-50.127	-0.52838	-0.42352	0.65170	-0.34143	25.7	null	null	13113	75
2026-05-27T14:29:45.431	WT901BLE68(F3:F0:16:BF:DC:AE)	0.941	-0.111	-0.314	2.808	-2.319	3.296	-162.02	-70.79	-126.82	1.820	16.127	-57.887	-0.52838	-0.42352	0.65170	-0.34143	25.7	null	null	13113	75
2026-05-27T14:29:45.490	WT901BLE68(F3:F0:16:BF:DC:AE)	0.939	-0.113	-0.320	2.075	-2.625	3.113	-161.09	-70.47	-127.40	1.820	16.127	-57.887	-0.45132	-0.44180	0.68008	-0.37213	25.7	null	null	13113	75
2026-05-27T14:29:45.610	WT901BLE68(F3:F0:16:BF:DC:AE)	0.940	-0.121	-0.318	2.136	-2.258	3.052	-160.33	-70.13	-127.85	1.820	16.127	-57.887	-0.45132	-0.44180	0.68008	-0.37213	25.7	null	null	13113	75
2026-05-27T14:29:45.705	WT901BLE68(F3:F0:16:BF:DC:AE)	0.935	-0.125	-0.324	-0.488	-1.221	4.028	-159.49	-69.85	-128.57	1.820	16.127	-57.887	-0.45132	-0.44180	0.68008	-0.37213	25.7	null	null	13113	75
2026-05-27T14:29:45.824	WT901BLE68(F3:F0:16:BF:DC:AE)	0.930	-0.136	-0.336	1.404	-1.038	3.418	-158.67	-69.59	-129.34	1.820	16.127	-57.887	-0.45132	-0.44180	0.68008	-0.37213	25.7	null	null	13113	75
2026-05-27T14:29:45.908	WT901BLE68(F3:F0:16:BF:DC:AE)	0.928	-0.144	-0.338	0.671	0.000	3.601	-157.66	-69.42	-130.15	1.820	16.127	-57.887	-0.45132	-0.44180	0.68008	-0.37213	25.7	null	null	13113	75
2026-05-27T14:29:46.034	WT901BLE68(F3:F0:16:BF:DC:AE)	0.928	-0.154	-0.327	-0.427	0.366	2.991	-156.84	-69.29	-130.90	1.820	16.127	-57.887	-0.45132	-0.44180	0.68008	-0.37213	25.7	null	null	13113	75
2026-05-27T14:29:46.090	WT901BLE68(F3:F0:16:BF:DC:AE)	0.929	-0.153	-0.328	1.587	-0.244	1.587	-156.18	-69.19	-131.39	1.820	16.127	-57.887	-0.45132	-0.44180	0.68008	-0.37213	25.7	null	null	13113	75
2026-05-27T14:29:46.214	WT901BLE68(F3:F0:16:BF:DC:AE)	0.928	-0.148	-0.334	0.732	-0.305	1.221	-155.73	-69.07	-131.61	1.820	16.127	-57.887	-0.45132	-0.44180	0.68008	-0.37213	25.7	null	null	13113	75
2026-05-27T14:29:46.303	WT901BLE68(F3:F0:16:BF:DC:AE)	0.923	-0.150	-0.340	1.099	-0.916	0.488	-155.49	-68.96	-131.67	2.353	13.153	-59.087	-0.45132	-0.44180	0.68008	-0.37213	25.7	null	null	13113	75
2026-05-27T14:29:46.429	WT901BLE68(F3:F0:16:BF:DC:AE)	0.926	-0.153	-0.329	1.892	-2.930	-1.221	-155.73	-68.74	-131.14	2.353	13.153	-59.087	-0.45132	-0.44180	0.68008	-0.37213	25.7	null	null	13113	75
2026-05-27T14:29:46.511	WT901BLE68(F3:F0:16:BF:DC:AE)	0.938	-0.165	-0.312	3.601	-2.075	-0.916	-156.00	-68.54	-130.45	2.353	13.153	-59.087	-0.42972	-0.44302	0.68542	-0.38617	25.7	null	null	13113	75
2026-05-27T14:29:46.633	WT901BLE68(F3:F0:16:BF:DC:AE)	0.930	-0.163	-0.325	-1.099	-0.732	0.977	-155.83	-68.46	-130.40	2.353	13.153	-59.087	-0.42972	-0.44302	0.68542	-0.38617	25.7	null	null	13113	75
2026-05-27T14:29:46.725	WT901BLE68(F3:F0:16:BF:DC:AE)	0.928	-0.164	-0.333	0.122	-0.488	0.366	-155.66	-68.39	-130.56	2.353	13.153	-59.087	-0.42972	-0.44302	0.68542	-0.38617	25.7	null	null	13113	75
2026-05-27T14:29:46.843	WT901BLE68(F3:F0:16:BF:DC:AE)	0.926	-0.159	-0.333	-0.183	0.305	0.671	-155.39	-68.37	-130.70	2.353	13.153	-59.087	-0.42972	-0.44302	0.68542	-0.38617	25.7	null	null	13113	75
2026-05-27T14:29:46.904	WT901BLE68(F3:F0:16:BF:DC:AE)	0.926	-0.166	-0.332	-0.793	0.244	0.244	-155.20	-68.37	-130.91	2.353	13.153	-59.087	-0.42972	-0.44302	0.68542	-0.38617	25.7	null	null	13113	75
2026-05-27T14:29:47.022	WT901BLE68(F3:F0:16:BF:DC:AE)	0.931	-0.180	-0.320	-0.732	0.671	0.488	-155.00	-68.40	-131.07	2.353	13.153	-59.087	-0.42972	-0.44302	0.68542	-0.38617	25.7	null	null	13113	75
2026-05-27T14:29:47.112	WT901BLE68(F3:F0:16:BF:DC:AE)	0.925	-0.163	-0.333	2.380	0.183	-0.854	-154.71	-68.45	-131.19	2.353	13.153	-59.087	-0.42972	-0.44302	0.68542	-0.38617	25.7	null	null	13113	75
2026-05-27T14:29:47.235	WT901BLE68(F3:F0:16:BF:DC:AE)	0.930	-0.162	-0.328	2.319	-0.488	-1.221	-154.72	-68.46	-130.81	1.607	12.707	-58.807	-0.42972	-0.44302	0.68542	-0.38617	25.7	null	null	13113	75
2026-05-27T14:29:47.323	WT901BLE68(F3:F0:16:BF:DC:AE)	0.929	-0.162	-0.330	1.099	-0.366	-0.916	-154.82	-68.46	-130.52	1.607	12.707	-58.807	-0.42972	-0.44302	0.68542	-0.38617	25.7	null	null	13113	75
2026-05-27T14:29:47.444	WT901BLE68(F3:F0:16:BF:DC:AE)	0.932	-0.164	-0.323	1.160	0.732	-0.183	-154.67	-68.50	-130.47	1.607	12.707	-58.807	-0.42288	-0.44946	0.68115	-0.39380	25.7	null	null	13113	75
2026-05-27T14:29:47.501	WT901BLE68(F3:F0:16:BF:DC:AE)	0.924	-0.158	-0.340	-0.061	0.854	0.000	-154.40	-68.60	-130.65	1.607	12.707	-58.807	-0.42288	-0.44946	0.68115	-0.39380	25.7	null	null	13113	75
2026-05-27T14:29:47.622	WT901BLE68(F3:F0:16:BF:DC:AE)	0.924	-0.154	-0.337	0.366	0.000	-0.854	-154.53	-68.62	-130.42	1.607	12.707	-58.807	-0.42288	-0.44946	0.68115	-0.39380	25.7	null	null	13113	75
2026-05-27T14:29:47.713	WT901BLE68(F3:F0:16:BF:DC:AE)	0.932	-0.164	-0.324	0.061	0.000	-0.793	-154.86	-68.62	-130.05	1.607	12.707	-58.807	-0.42288	-0.44946	0.68115	-0.39380	25.7	null	null	13113	75
2026-05-27T14:29:47.836	WT901BLE68(F3:F0:16:BF:DC:AE)	0.928	-0.161	-0.329	-0.916	0.305	-0.854	-155.06	-68.66	-129.89	1.607	12.707	-58.807	-0.42288	-0.44946	0.68115	-0.39380	25.7	null	null	13113	75
2026-05-27T14:29:47.921	WT901BLE68(F3:F0:16:BF:DC:AE)	0.930	-0.153	-0.329	0.244	0.977	-0.977	-155.02	-68.77	-129.85	1.607	12.707	-58.807	-0.42288	-0.44946	0.68115	-0.39380	25.7	null	null	13113	75
2026-05-27T14:29:48.043	WT901BLE68(F3:F0:16:BF:DC:AE)	0.929	-0.148	-0.335	0.549	0.977	-1.343	-155.15	-68.89	-129.68	1.607	12.707	-58.807	-0.42288	-0.44946	0.68115	-0.39380	25.7	null	null	13113	75
2026-05-27T14:29:48.134	WT901BLE68(F3:F0:16:BF:DC:AE)	0.929	-0.149	-0.330	-1.648	0.305	-1.526	-155.56	-68.97	-129.35	1.887	13.347	-59.540	-0.42288	-0.44946	0.68115	-0.39380	25.7	null	null	13113	75
2026-05-27T14:29:48.251	WT901BLE68(F3:F0:16:BF:DC:AE)	0.928	-0.148	-0.332	-2.502	-0.122	-2.197	-156.18	-69.04	-128.88	1.887	13.347	-59.540	-0.42288	-0.44946	0.68115	-0.39380	25.7	null	null	13113	75
2026-05-27T14:29:48.311	WT901BLE68(F3:F0:16:BF:DC:AE)	0.923	-0.138	-0.339	-1.099	-0.610	-3.662	-157.11	-69.10	-128.05	1.887	13.347	-59.540	-0.42761	-0.45392	0.67667	-0.39133	25.7	null	null	13113	75
2026-05-27T14:29:48.434	WT901BLE68(F3:F0:16:BF:DC:AE)	0.944	-0.155	-0.302	1.587	0.122	-3.662	-158.12	-69.17	-127.02	1.887	13.347	-59.540	-0.42761	-0.45392	0.67667	-0.39133	25.7	null	null	13113	75
2026-05-27T14:29:48.522	WT901BLE68(F3:F0:16:BF:DC:AE)	0.936	-0.145	-0.309	-2.869	1.526	-2.869	-158.62	-69.41	-126.61	1.887	13.347	-59.540	-0.42761	-0.45392	0.67667	-0.39133	25.7	null	null	13113	75
2026-05-27T14:29:48.642	WT901BLE68(F3:F0:16:BF:DC:AE)	0.932	-0.116	-0.336	3.113	0.488	-5.920	-159.41	-69.66	-125.71	1.887	13.347	-59.540	-0.42761	-0.45392	0.67667	-0.39133	25.7	null	null	13113	75
2026-05-27T14:29:48.733	WT901BLE68(F3:F0:16:BF:DC:AE)	0.941	-0.127	-0.318	-2.197	1.221	-4.761	-160.65	-69.90	-124.44	1.887	13.347	-59.540	-0.42761	-0.45392	0.67667	-0.39133	25.7	null	null	13113	75
2026-05-27T14:29:48.855	WT901BLE68(F3:F0:16:BF:DC:AE)	0.937	-0.112	-0.314	1.526	1.404	-7.019	-161.97	-70.20	-123.16	1.887	13.347	-59.540	-0.42761	-0.45392	0.67667	-0.39133	25.7	null	null	13113	75
2026-05-27T14:29:48.910	WT901BLE68(F3:F0:16:BF:DC:AE)	0.944	-0.073	-0.319	-0.366	1.465	-7.019	-163.55	-70.53	-121.40	0.853	15.347	-59.073	-0.42761	-0.45392	0.67667	-0.39133	25.7	null	null	13113	75
2026-05-27T14:29:49.033	WT901BLE68(F3:F0:16:BF:DC:AE)	0.947	-0.063	-0.320	-6.226	2.686	-3.479	-165.09	-70.89	-120.21	0.853	15.347	-59.073	-0.42761	-0.45392	0.67667	-0.39133	25.7	null	null	13113	75
2026-05-27T14:29:49.126	WT901BLE68(F3:F0:16:BF:DC:AE)	0.951	-0.078	-0.312	-5.554	2.441	-2.930	-166.48	-71.22	-119.51	0.853	15.347	-59.073	-0.42761	-0.45392	0.67667	-0.39133	25.7	null	null	13113	75
2026-05-27T14:29:49.245	WT901BLE68(F3:F0:16:BF:DC:AE)	0.954	-0.069	-0.303	-6.409	2.686	-3.235	-167.78	-71.53	-118.78	0.853	15.347	-59.073	-0.45224	-0.46552	0.66290	-0.37314	25.7	null	null	13113	75
2026-05-27T14:29:49.334	WT901BLE68(F3:F0:16:BF:DC:AE)	0.953	-0.056	-0.292	-4.211	3.235	-3.174	-169.08	-71.88	-118.10	0.853	15.347	-59.073	-0.45224	-0.46552	0.66290	-0.37314	25.7	null	null	13113	75
2026-05-27T14:29:49.454	WT901BLE68(F3:F0:16:BF:DC:AE)	0.958	-0.032	-0.294	-7.446	2.380	-1.648	-170.18	-72.25	-117.58	0.853	15.347	-59.073	-0.45224	-0.46552	0.66290	-0.37314	25.7	null	null	13113	75
2026-05-27T14:29:49.542	WT901BLE68(F3:F0:16:BF:DC:AE)	0.960	-0.030	-0.284	-3.784	2.502	-0.671	-171.17	-72.58	-117.30	0.853	15.347	-59.073	-0.45224	-0.46552	0.66290	-0.37314	25.7	null	null	13113	75
2026-05-27T14:29:49.661	WT901BLE68(F3:F0:16:BF:DC:AE)	0.958	-0.003	-0.303	-5.493	0.977	0.916	-171.52	-72.80	-117.38	0.853	15.347	-59.073	-0.45224	-0.46552	0.66290	-0.37314	25.7	null	null	13113	75
2026-05-27T14:29:49.723	WT901BLE68(F3:F0:16:BF:DC:AE)	0.948	-0.022	-0.279	-2.991	0.000	2.197	-171.82	-72.79	-117.58	0.853	15.347	-59.073	-0.45224	-0.46552	0.66290	-0.37314	25.7	null	null	13113	75
2026-05-27T14:29:49.841	WT901BLE68(F3:F0:16:BF:DC:AE)	0.962	-0.032	-0.282	-4.333	-0.122	5.188	-171.27	-72.72	-118.55	0.853	15.347	-59.073	-0.45224	-0.46552	0.66290	-0.37314	25.7	null	null	13113	75
2026-05-27T14:29:49.933	WT901BLE68(F3:F0:16:BF:DC:AE)	0.974	-0.005	-0.268	-4.333	-1.770	7.568	-170.01	-72.61	-120.34	1.767	18.633	-56.240	-0.45224	-0.46552	0.66290	-0.37314	25.7	null	null	13113	75
2026-05-27T14:29:50.053	WT901BLE68(F3:F0:16:BF:DC:AE)	0.939	-0.030	-0.329	-2.258	-1.465	7.690	-168.24	-72.39	-122.81	1.767	18.633	-56.240	-0.45224	-0.46552	0.66290	-0.37314	25.7	null	null	13113	75
2026-05-27T14:29:50.140	WT901BLE68(F3:F0:16:BF:DC:AE)	0.958	-0.112	-0.267	12.085	-4.333	4.333	-166.65	-71.86	-124.00	1.767	18.633	-56.240	-0.47455	-0.43631	0.67734	-0.35431	25.7	null	null	13113	75
2026-05-27T14:29:50.264	WT901BLE68(F3:F0:16:BF:DC:AE)	0.945	-0.088	-0.298	0.000	-2.441	5.920	-164.49	-71.49	-125.45	1.767	18.633	-56.240	-0.47455	-0.43631	0.67734	-0.35431	25.7	null	null	13113	75
2026-05-27T14:29:50.321	WT901BLE68(F3:F0:16:BF:DC:AE)	0.927	-0.114	-0.316	10.376	-3.357	3.479	-162.80	-71.11	-126.59	1.767	18.633	-56.240	-0.47455	-0.43631	0.67734	-0.35431	25.7	null	null	13113	75
2026-05-27T14:29:50.447	WT901BLE68(F3:F0:16:BF:DC:AE)	0.942	-0.126	-0.296	9.766	-4.395	2.136	-161.36	-70.69	-126.93	1.767	18.633	-56.240	-0.47455	-0.43631	0.67734	-0.35431	25.7	null	null	13113	75
2026-05-27T14:29:50.533	WT901BLE68(F3:F0:16:BF:DC:AE)	0.938	-0.131	-0.311	10.559	-2.930	2.258	-159.97	-70.30	-127.23	1.767	18.633	-56.240	-0.47455	-0.43631	0.67734	-0.35431	25.7	null	null	13113	75
2026-05-27T14:29:50.651	WT901BLE68(F3:F0:16:BF:DC:AE)	0.931	-0.139	-0.329	8.728	-2.808	2.075	-158.62	-69.99	-127.60	1.767	18.633	-56.240	-0.47455	-0.43631	0.67734	-0.35431	25.7	null	null	13113	75
2026-05-27T14:29:50.743	WT901BLE68(F3:F0:16:BF:DC:AE)	0.924	-0.141	-0.340	6.531	-0.854	2.319	-157.42	-69.73	-128.00	1.767	18.633	-56.240	-0.47455	-0.43631	0.67734	-0.35431	25.7	null	null	13113	75
2026-05-27T14:29:50.864	WT901BLE68(F3:F0:16:BF:DC:AE)	0.931	-0.143	-0.337	1.465	-1.038	2.258	-156.56	-69.54	-128.38	2.233	13.153	-59.713	-0.47455	-0.43631	0.67734	-0.35431	25.7	null	null	13113	75
2026-05-27T14:29:50.951	WT901BLE68(F3:F0:16:BF:DC:AE)	0.942	-0.125	-0.310	-4.456	3.479	5.554	-155.80	-69.44	-129.22	2.233	13.153	-59.713	-0.42908	-0.45340	0.67441	-0.39423	25.7	null	null	13113	75
2026-05-27T14:29:51.074	WT901BLE68(F3:F0:16:BF:DC:AE)	0.909	-0.172	-0.341	-8.850	2.747	5.310	-154.79	-69.52	-131.25	2.233	13.153	-59.713	-0.42908	-0.45340	0.67441	-0.39423	25.7	null	null	13113	75
2026-05-27T14:29:51.134	WT901BLE68(F3:F0:16:BF:DC:AE)	0.937	-0.154	-0.302	0.488	1.587	0.854	-154.43	-69.47	-131.61	2.233	13.153	-59.713	-0.42908	-0.45340	0.67441	-0.39423	25.7	null	null	13113	75
2026-05-27T14:29:51.252	WT901BLE68(F3:F0:16:BF:DC:AE)	0.927	-0.167	-0.337	-2.625	1.404	-0.916	-154.29	-69.58	-132.16	2.233	13.153	-59.713	-0.42908	-0.45340	0.67441	-0.39423	25.7	null	null	13113	75
2026-05-27T14:29:51.340	WT901BLE68(F3:F0:16:BF:DC:AE)	0.939	-0.151	-0.292	4.700	-0.244	-5.920	-154.98	-69.67	-131.13	2.233	13.153	-59.713	-0.42908	-0.45340	0.67441	-0.39423	25.7	null	null	13113	75
2026-05-27T14:29:51.460	WT901BLE68(F3:F0:16:BF:DC:AE)	0.940	-0.184	-0.300	5.615	2.197	-4.272	-155.30	-69.93	-130.38	2.233	13.153	-59.713	-0.42908	-0.45340	0.67441	-0.39423	25.7	null	null	13113	75
2026-05-27T14:29:51.555	WT901BLE68(F3:F0:16:BF:DC:AE)	0.921	-0.141	-0.304	-6.836	3.113	-3.113	-155.52	-70.31	-129.98	2.233	13.153	-59.713	-0.42908	-0.45340	0.67441	-0.39423	25.7	null	null	13113	75
2026-05-27T14:29:51.674	WT901BLE68(F3:F0:16:BF:DC:AE)	0.954	-0.148	-0.319	2.930	1.099	-10.071	-157.16	-70.62	-128.65	2.233	13.153	-59.713	-0.42908	-0.45340	0.67441	-0.39423	25.7	null	null	13113	75
2026-05-27T14:29:51.731	WT901BLE68(F3:F0:16:BF:DC:AE)	0.933	-0.112	-0.320	-12.817	3.723	-5.676	-158.99	-71.06	-127.10	2.513	13.960	-58.620	-0.42908	-0.45340	0.67441	-0.39423	25.7	null	null	13113	75
2026-05-27T14:29:51.855	WT901BLE68(F3:F0:16:BF:DC:AE)	0.949	-0.146	-0.263	-10.071	4.944	-9.277	-161.58	-71.71	-125.60	2.513	13.960	-58.620	-0.42908	-0.45340	0.67441	-0.39423	25.7	null	null	13113	75
2026-05-27T14:29:51.941	WT901BLE68(F3:F0:16:BF:DC:AE)	0.950	-0.054	-0.285	-6.958	6.226	-8.545	-164.33	-72.60	-123.57	2.513	13.960	-58.620	-0.45798	-0.44876	0.66791	-0.37769	25.7	null	null	13113	75
2026-05-27T14:29:52.064	WT901BLE68(F3:F0:16:BF:DC:AE)	0.967	-0.085	-0.278	-6.470	6.775	-9.583	-167.14	-73.38	-121.52	2.513	13.960	-58.620	-0.45798	-0.44876	0.66791	-0.37769	25.7	null	null	13113	75
2026-05-27T14:29:52.151	WT901BLE68(F3:F0:16:BF:DC:AE)	0.962	-0.024	-0.247	-10.071	9.216	-6.897	-170.12	-74.38	-119.19	2.513	13.960	-58.620	-0.45798	-0.44876	0.66791	-0.37769	25.7	null	null	13113	75
2026-05-27T14:29:52.275	WT901BLE68(F3:F0:16:BF:DC:AE)	0.959	-0.036	-0.276	-12.695	6.714	-7.385	-173.07	-75.30	-117.47	2.513	13.960	-58.620	-0.45798	-0.44876	0.66791	-0.37769	25.7	null	null	13113	75
2026-05-27T14:29:52.361	WT901BLE68(F3:F0:16:BF:DC:AE)	0.959	0.021	-0.233	-7.446	9.399	-6.165	-176.52	-76.17	-114.79	2.513	13.960	-58.620	-0.45798	-0.44876	0.66791	-0.37769	25.7	null	null	13113	75
2026-05-27T14:29:52.485	WT901BLE68(F3:F0:16:BF:DC:AE)	0.987	-0.017	-0.202	-10.315	8.484	-5.554	-179.77	-76.99	-112.84	2.513	13.960	-58.620	-0.45798	-0.44876	0.66791	-0.37769	25.7	null	null	13113	75
2026-05-27T14:29:52.540	WT901BLE68(F3:F0:16:BF:DC:AE)	0.988	0.034	-0.179	-7.813	11.169	-3.662	177.07	-78.06	-110.52	2.947	23.253	-51.047	-0.45798	-0.44876	0.66791	-0.37769	25.7	null	null	13113	75
2026-05-27T14:29:52.664	WT901BLE68(F3:F0:16:BF:DC:AE)	1.000	0.051	-0.167	-18.311	12.207	1.038	174.46	-79.26	-109.37	2.947	23.253	-51.047	-0.45798	-0.44876	0.66791	-0.37769	25.7	null	null	13113	75
2026-05-27T14:29:52.754	WT901BLE68(F3:F0:16:BF:DC:AE)	0.982	0.042	-0.183	-7.202	10.193	-0.549	172.59	-80.32	-108.85	2.947	23.253	-51.047	-0.45798	-0.44876	0.66791	-0.37769	25.7	null	null	13113	75
2026-05-27T14:29:52.872	WT901BLE68(F3:F0:16:BF:DC:AE)	0.982	0.048	-0.150	-9.277	5.249	-0.732	170.44	-80.96	-107.54	2.947	23.253	-51.047	-0.55411	-0.40839	0.64389	-0.33386	25.7	null	null	13113	75
2026-05-27T14:29:52.965	WT901BLE68(F3:F0:16:BF:DC:AE)	0.985	0.022	-0.119	-9.277	4.333	0.122	168.44	-81.38	-106.58	2.947	23.253	-51.047	-0.55411	-0.40839	0.64389	-0.33386	25.7	null	null	13113	75
2026-05-27T14:29:53.082	WT901BLE68(F3:F0:16:BF:DC:AE)	0.998	0.040	-0.104	2.625	5.310	0.183	167.22	-81.88	-105.60	2.947	23.253	-51.047	-0.55411	-0.40839	0.64389	-0.33386	25.7	null	null	13113	75
2026-05-27T14:29:53.145	WT901BLE68(F3:F0:16:BF:DC:AE)	0.996	0.055	-0.117	5.371	3.906	1.892	167.40	-82.40	-105.41	2.947	23.253	-51.047	-0.55411	-0.40839	0.64389	-0.33386	25.7	null	null	13113	75
2026-05-27T14:29:53.264	WT901BLE68(F3:F0:16:BF:DC:AE)	1.094	0.050	-0.081	19.531	2.258	-1.404	167.67	-82.61	-104.62	2.947	23.253	-51.047	-0.55411	-0.40839	0.64389	-0.33386	25.7	null	null	13113	75
2026-05-27T14:29:53.351	WT901BLE68(F3:F0:16:BF:DC:AE)	0.859	-0.014	-0.010	35.583	15.320	15.503	176.49	-83.99	-111.27	2.947	23.253	-51.047	-0.55411	-0.40839	0.64389	-0.33386	25.7	null	null	13113	75
2026-05-27T14:29:53.473	WT901BLE68(F3:F0:16:BF:DC:AE)	0.869	0.042	-0.213	17.517	-6.531	0.488	178.30	-83.55	-111.27	2.947	23.253	-51.047	-0.55411	-0.40839	0.64389	-0.33386	25.7	null	null	13113	75
2026-05-27T14:29:53.561	WT901BLE68(F3:F0:16:BF:DC:AE)	1.014	0.032	-0.010	17.212	-13.916	-0.427	176.68	-82.23	-107.71	6.127	21.700	-48.360	-0.55411	-0.40839	0.64389	-0.33386	25.7	null	null	13113	75
2026-05-27T14:29:53.684	WT901BLE68(F3:F0:16:BF:DC:AE)	1.096	0.011	-0.007	13.184	-14.099	12.329	-179.04	-80.39	-111.88	6.127	21.700	-48.360	-0.55411	-0.40839	0.64389	-0.33386	25.7	null	null	13113	75
2026-05-27T14:29:53.741	WT901BLE68(F3:F0:16:BF:DC:AE)	0.954	-0.029	-0.222	22.034	-24.231	14.832	-173.22	-78.18	-116.58	6.127	21.700	-48.360	-0.52332	-0.43478	0.63480	-0.36609	25.7	null	null	13113	75
2026-05-27T14:29:53.889	WT901BLE68(F3:F0:16:BF:DC:AE)	0.966	-0.079	-0.278	23.804	-23.315	8.850	-168.73	-75.92	-119.06	6.127	21.700	-48.360	-0.52332	-0.43478	0.63480	-0.36609	25.7	null	null	13113	75
2026-05-27T14:29:53.953	WT901BLE68(F3:F0:16:BF:DC:AE)	0.954	-0.094	-0.310	26.611	-22.522	6.836	-165.66	-73.71	-119.90	6.127	21.700	-48.360	-0.52332	-0.43478	0.63480	-0.36609	25.7	null	null	13113	75
2026-05-27T14:29:54.074	WT901BLE68(F3:F0:16:BF:DC:AE)	0.948	-0.127	-0.338	16.052	-18.982	0.916	-164.57	-71.69	-119.16	6.127	21.700	-48.360	-0.52332	-0.43478	0.63480	-0.36609	25.7	null	null	13113	75
2026-05-27T14:29:54.165	WT901BLE68(F3:F0:16:BF:DC:AE)	0.967	-0.149	-0.320	14.893	-10.376	1.465	-163.82	-70.09	-118.04	6.127	21.700	-48.360	-0.52332	-0.43478	0.63480	-0.36609	25.7	null	null	13113	75
2026-05-27T14:29:54.282	WT901BLE68(F3:F0:16:BF:DC:AE)	0.937	-0.101	-0.363	-2.136	1.648	9.033	-161.69	-69.56	-119.54	6.127	21.700	-48.360	-0.52332	-0.43478	0.63480	-0.36609	25.7	null	null	13113	75
2026-05-27T14:29:54.372	WT901BLE68(F3:F0:16:BF:DC:AE)	0.913	-0.176	-0.350	-8.606	13.855	13.550	-158.57	-69.85	-123.31	0.040	11.373	-62.620	-0.52332	-0.43478	0.63480	-0.36609	25.7	null	null	13113	75
2026-05-27T14:29:54.494	WT901BLE68(F3:F0:16:BF:DC:AE)	0.905	-0.161	-0.344	-15.198	17.578	15.320	-154.14	-70.88	-128.97	0.040	11.373	-62.620	-0.52332	-0.43478	0.63480	-0.36609	25.7	null	null	13113	75
2026-05-27T14:29:54.551	WT901BLE68(F3:F0:16:BF:DC:AE)	0.899	-0.155	-0.372	-13.855	0.366	7.629	-151.36	-71.00	-133.19	0.040	11.373	-62.620	-0.43600	-0.44650	0.66580	-0.40884	25.7	null	null	13113	75
2026-05-27T14:29:54.674	WT901BLE68(F3:F0:16:BF:DC:AE)	0.955	-0.258	-0.196	-0.122	1.160	7.385	-150.41	-70.64	-134.76	0.040	11.373	-62.620	-0.43600	-0.44650	0.66580	-0.40884	25.7	null	null	13113	75
2026-05-27T14:29:54.763	WT901BLE68(F3:F0:16:BF:DC:AE)	0.933	-0.225	-0.257	-7.080	-5.737	3.357	-148.91	-70.25	-136.70	0.040	11.373	-62.620	-0.43600	-0.44650	0.66580	-0.40884	25.7	null	null	13113	75
2026-05-27T14:29:54.881	WT901BLE68(F3:F0:16:BF:DC:AE)	0.970	-0.187	-0.265	16.357	-2.014	-0.977	-148.44	-69.79	-136.64	0.040	11.373	-62.620	-0.43600	-0.44650	0.66580	-0.40884	25.7	null	null	13113	75
2026-05-27T14:29:54.974	WT901BLE68(F3:F0:16:BF:DC:AE)	0.936	-0.163	-0.272	0.427	-3.723	0.305	-147.34	-69.85	-136.45	0.040	11.373	-62.620	-0.43600	-0.44650	0.66580	-0.40884	25.7	null	null	13113	75
2026-05-27T14:29:55.094	WT901BLE68(F3:F0:16:BF:DC:AE)	0.915	-0.172	-0.340	-6.775	-1.099	1.831	-147.40	-69.77	-136.46	0.040	11.373	-62.620	-0.43600	-0.44650	0.66580	-0.40884	25.7	null	null	13113	75
2026-05-27T14:29:55.183	WT901BLE68(F3:F0:16:BF:DC:AE)	0.929	-0.199	-0.296	-6.287	-3.967	2.014	-147.58	-69.54	-136.75	0.040	11.373	-62.620	-0.43600	-0.44650	0.66580	-0.40884	25.7	null	null	13113	75
2026-05-27T14:29:55.303	WT901BLE68(F3:F0:16:BF:DC:AE)	0.941	-0.159	-0.307	-6.226	4.150	2.014	-147.88	-69.41	-136.58	3.000	10.000	-60.260	-0.43600	-0.44650	0.66580	-0.40884	25.7	null	null	13113	75
2026-05-27T14:29:55.362	WT901BLE68(F3:F0:16:BF:DC:AE)	0.922	-0.209	-0.300	-9.399	0.610	3.113	-148.08	-69.36	-137.19	3.000	10.000	-60.260	-0.43600	-0.44650	0.66580	-0.40884	25.7	null	null	13113	75
2026-05-27T14:29:55.483	WT901BLE68(F3:F0:16:BF:DC:AE)	0.961	-0.204	-0.295	-6.470	4.028	1.282	-148.32	-69.38	-137.83	3.000	10.000	-60.260	-0.43600	-0.44650	0.66580	-0.40884	25.7	null	null	13113	75
2026-05-27T14:29:55.570	WT901BLE68(F3:F0:16:BF:DC:AE)	0.923	-0.220	-0.295	-10.498	1.404	3.418	-148.41	-69.40	-138.67	3.000	10.000	-60.260	-0.43146	-0.42795	0.68253	-0.40588	25.7	null	null	13113	75
2026-05-27T14:29:55.693	WT901BLE68(F3:F0:16:BF:DC:AE)	0.932	-0.191	-0.292	-3.723	2.197	-0.061	-147.86	-69.47	-139.46	3.000	10.000	-60.260	-0.43146	-0.42795	0.68253	-0.40588	25.7	null	null	13113	75
2026-05-27T14:29:55.782	WT901BLE68(F3:F0:16:BF:DC:AE)	0.921	-0.229	-0.290	-4.333	2.563	2.686	-147.77	-69.53	-139.92	3.000	10.000	-60.260	-0.43146	-0.42795	0.68253	-0.40588	25.7	null	null	13113	75
2026-05-27T14:29:55.902	WT901BLE68(F3:F0:16:BF:DC:AE)	0.928	-0.183	-0.298	3.906	1.587	-1.160	-147.03	-69.64	-140.39	3.000	10.000	-60.260	-0.43146	-0.42795	0.68253	-0.40588	25.7	null	null	13113	75
2026-05-27T14:29:55.961	WT901BLE68(F3:F0:16:BF:DC:AE)	0.948	-0.180	-0.289	2.258	4.944	1.221	-145.65	-69.92	-141.01	3.000	10.000	-60.260	-0.43146	-0.42795	0.68253	-0.40588	25.7	null	null	13113	75
2026-05-27T14:29:56.082	WT901BLE68(F3:F0:16:BF:DC:AE)	0.928	-0.196	-0.280	-0.793	4.761	0.671	-144.59	-70.25	-141.94	3.000	10.000	-60.260	-0.43146	-0.42795	0.68253	-0.40588	25.7	null	null	13113	75
2026-05-27T14:29:56.174	WT901BLE68(F3:F0:16:BF:DC:AE)	0.936	-0.233	-0.250	8.057	3.479	0.854	-143.72	-70.47	-142.52	3.000	10.000	-60.260	-0.43146	-0.42795	0.68253	-0.40588	25.7	null	null	13113	75
2026-05-27T14:29:56.293	WT901BLE68(F3:F0:16:BF:DC:AE)	0.939	-0.203	-0.266	-0.549	5.615	0.977	-142.47	-70.86	-143.38	5.320	10.860	-57.707	-0.43146	-0.42795	0.68253	-0.40588	25.7	null	null	13113	75
2026-05-27T14:29:56.381	WT901BLE68(F3:F0:16:BF:DC:AE)	0.955	-0.220	-0.238	-2.686	6.470	0.000	-141.92	-71.21	-144.22	5.320	10.860	-57.707	-0.44098	-0.41763	0.67334	-0.42145	25.7	null	null	13113	75
2026-05-27T14:29:56.506	WT901BLE68(F3:F0:16:BF:DC:AE)	0.949	-0.189	-0.241	-4.272	5.920	-0.244	-140.83	-71.66	-145.46	5.320	10.860	-57.707	-0.44098	-0.41763	0.67334	-0.42145	25.7	null	null	13113	75
2026-05-27T14:29:56.592	WT901BLE68(F3:F0:16:BF:DC:AE)	0.951	-0.210	-0.244	0.000	4.578	-1.953	-140.30	-72.06	-146.21	5.320	10.860	-57.707	-0.44098	-0.41763	0.67334	-0.42145	25.7	null	null	13113	75
2026-05-27T14:29:56.715	WT901BLE68(F3:F0:16:BF:DC:AE)	0.945	-0.188	-0.246	1.953	5.493	-3.296	-139.50	-72.64	-146.61	5.320	10.860	-57.707	-0.44098	-0.41763	0.67334	-0.42145	25.7	null	null	13113	75
2026-05-27T14:29:56.772	WT901BLE68(F3:F0:16:BF:DC:AE)	0.954	-0.221	-0.204	-1.160	7.629	-1.831	-138.90	-73.25	-147.13	5.320	10.860	-57.707	-0.44098	-0.41763	0.67334	-0.42145	25.7	null	null	13113	75
2026-05-27T14:29:56.895	WT901BLE68(F3:F0:16:BF:DC:AE)	0.959	-0.207	-0.188	2.747	7.629	-5.127	-138.31	-73.96	-147.65	5.320	10.860	-57.707	-0.44098	-0.41763	0.67334	-0.42145	25.7	null	null	13113	75
2026-05-27T14:29:56.982	WT901BLE68(F3:F0:16:BF:DC:AE)	0.944	-0.200	-0.224	2.625	5.615	-9.888	-138.07	-74.87	-147.68	5.320	10.860	-57.707	-0.44098	-0.41763	0.67334	-0.42145	25.7	null	null	13113	75
2026-05-27T14:29:57.105	WT901BLE68(F3:F0:16:BF:DC:AE)	0.971	-0.195	-0.154	6.653	4.211	-12.939	-140.54	-75.81	-144.88	5.320	10.860	-57.707	-0.44098	-0.41763	0.67334	-0.42145	25.7	null	null	13113	75
2026-05-27T14:29:57.191	WT901BLE68(F3:F0:16:BF:DC:AE)	0.972	-0.185	-0.183	3.052	2.563	-18.127	-144.04	-76.89	-140.98	7.107	13.267	-53.800	-0.44098	-0.41763	0.67334	-0.42145	25.7	null	null	13113	75
2026-05-27T14:29:57.314	WT901BLE68(F3:F0:16:BF:DC:AE)	0.976	-0.116	-0.209	-4.456	11.780	-19.043	-149.14	-78.44	-136.24	7.107	13.267	-53.800	-0.48370	-0.43350	0.63321	-0.42075	25.7	null	null	13113	75
2026-05-27T14:29:57.371	WT901BLE68(F3:F0:16:BF:DC:AE)	0.994	-0.013	-0.080	-5.920	13.794	-16.296	-154.26	-80.47	-131.47	7.107	13.267	-53.800	-0.48370	-0.43350	0.63321	-0.42075	25.7	null	null	13113	75
2026-05-27T14:29:57.490	WT901BLE68(F3:F0:16:BF:DC:AE)	1.004	-0.050	-0.080	-14.282	16.724	-11.475	-159.90	-82.28	-127.75	7.107	13.267	-53.800	-0.48370	-0.43350	0.63321	-0.42075	25.7	null	null	13113	75
2026-05-27T14:29:57.584	WT901BLE68(F3:F0:16:BF:DC:AE)	1.035	0.001	-0.059	5.859	19.958	-10.437	-164.47	-84.48	-123.77	7.107	13.267	-53.800	-0.48370	-0.43350	0.63321	-0.42075	25.7	null	null	13113	75
2026-05-27T14:29:57.702	WT901BLE68(F3:F0:16:BF:DC:AE)	0.996	0.073	-0.037	-4.028	13.977	-6.714	-169.97	-86.46	-118.05	7.107	13.267	-53.800	-0.48370	-0.43350	0.63321	-0.42075	25.7	null	null	13113	75
2026-05-27T14:29:57.796	WT901BLE68(F3:F0:16:BF:DC:AE)	0.970	0.048	-0.035	-7.629	7.385	-3.662	-179.70	-87.56	-109.39	7.107	13.267	-53.800	-0.48370	-0.43350	0.63321	-0.42075	25.7	null	null	13113	75
2026-05-27T14:29:57.912	WT901BLE68(F3:F0:16:BF:DC:AE)	0.976	0.055	-0.019	-1.831	0.793	-3.601	167.73	-87.86	-97.62	7.107	13.267	-53.800	-0.48370	-0.43350	0.63321	-0.42075	25.7	null	null	13113	75
2026-05-27T14:29:58.004	WT901BLE68(F3:F0:16:BF:DC:AE)	1.008	0.053	-0.015	-18.433	0.977	-0.488	155.54	-87.94	-86.80	7.907	22.313	-46.680	-0.48370	-0.43350	0.63321	-0.42075	25.7	null	null	13113	75
2026-05-27T14:29:58.122	WT901BLE68(F3:F0:16:BF:DC:AE)	1.003	0.020	0.000	-17.578	0.061	1.770	153.52	-87.98	-87.01	7.907	22.313	-46.680	-0.48370	-0.43350	0.63321	-0.42075	25.7	null	null	13113	75
2026-05-27T14:29:58.180	WT901BLE68(F3:F0:16:BF:DC:AE)	0.991	0.037	-0.020	-7.874	0.244	2.197	154.90	-88.16	-89.73	7.907	22.313	-46.680	-0.58914	-0.39127	0.60126	-0.37173	25.7	null	null	13113	75
2026-05-27T14:29:58.304	WT901BLE68(F3:F0:16:BF:DC:AE)	0.995	0.026	-0.038	-7.751	-5.676	3.418	162.30	-87.99	-98.21	7.907	22.313	-46.680	-0.58914	-0.39127	0.60126	-0.37173	25.7	null	null	13113	75
2026-05-27T14:29:58.392	WT901BLE68(F3:F0:16:BF:DC:AE)	0.986	0.025	-0.061	5.127	-13.245	0.183	170.12	-87.06	-106.11	7.907	22.313	-46.680	-0.58914	-0.39127	0.60126	-0.37173	25.7	null	null	13113	75
2026-05-27T14:29:58.515	WT901BLE68(F3:F0:16:BF:DC:AE)	0.988	0.021	-0.063	1.648	-22.400	-0.732	172.83	-85.23	-108.55	7.907	22.313	-46.680	-0.58914	-0.39127	0.60126	-0.37173	25.7	null	null	13113	75
2026-05-27T14:29:58.602	WT901BLE68(F3:F0:16:BF:DC:AE)	1.032	-0.003	-0.077	5.676	-22.522	-1.404	174.12	-82.98	-109.79	7.907	22.313	-46.680	-0.58914	-0.39127	0.60126	-0.37173	25.7	null	null	13113	75
2026-05-27T14:29:58.727	WT901BLE68(F3:F0:16:BF:DC:AE)	1.014	0.001	-0.104	9.521	-15.991	0.732	175.62	-81.45	-110.34	7.907	22.313	-46.680	-0.58914	-0.39127	0.60126	-0.37173	25.7	null	null	13113	75
2026-05-27T14:29:58.780	WT901BLE68(F3:F0:16:BF:DC:AE)	0.979	0.009	-0.165	3.357	-11.169	4.700	178.60	-80.41	-112.95	7.907	22.313	-46.680	-0.58914	-0.39127	0.60126	-0.37173	25.7	null	null	13113	75
2026-05-27T14:29:58.908	WT901BLE68(F3:F0:16:BF:DC:AE)	0.975	0.014	-0.221	11.780	-13.611	2.991	-178.49	-79.27	-115.02	7.907	22.313	-46.680	-0.58914	-0.39127	0.60126	-0.37173	25.7	null	null	13113	75
2026-05-27T14:29:58.994	WT901BLE68(F3:F0:16:BF:DC:AE)	0.966	0.009	-0.250	8.911	-15.015	2.808	-176.70	-77.83	-115.79	4.200	21.947	-51.547	-0.58914	-0.39127	0.60126	-0.37173	25.7	null	null	13113	75
2026-05-27T14:29:59.113	WT901BLE68(F3:F0:16:BF:DC:AE)	0.964	-0.024	-0.244	10.559	-14.648	2.686	-175.20	-76.33	-116.27	4.200	21.947	-51.547	-0.58914	-0.39127	0.60126	-0.37173	25.7	null	null	13113	75
