time	DeviceName	AccX(g)	AccY(g)	AccZ(g)	AsX(°/s)	AsY(°/s)	AsZ(°/s)	AngleX(°)	AngleY(°)	AngleZ(°)	HX(uT)	HY(uT)	HZ(uT)	Q0()	Q1()	Q2()	Q3()	Temperature(°C)	Height(m)	Pressure(kPa)	Version()	Battery level(%)
2026-05-27T17:09:49.753	WT901BLE68(F3:F0:16:BF:DC:AE)	-0.510	0.964	0.117	-5.371	-3.357	6.165	81.11	28.76	-22.40	-67.007	63.893	-64.980	0.69220	0.65054	0.05746	-0.30695	25.7	null	null	13113	60
2026-05-27T17:09:49.841	WT901BLE68(F3:F0:16:BF:DC:AE)	-0.449	0.890	0.207	-7.263	29.114	-18.433	81.17	29.97	-21.36	-67.007	63.893	-64.980	0.69220	0.65054	0.05746	-0.30695	25.7	null	null	13113	60
2026-05-27T17:09:49.962	WT901BLE68(F3:F0:16:BF:DC:AE)	-0.448	0.943	0.206	-17.822	31.616	-15.320	81.58	31.62	-18.37	-67.007	63.893	-64.980	0.69220	0.65054	0.05746	-0.30695	25.7	null	null	13113	60
2026-05-27T17:09:50.049	WT901BLE68(F3:F0:16:BF:DC:AE)	-0.577	0.977	0.172	-30.273	35.278	-36.621	80.61	34.04	-15.58	-67.007	63.893	-64.980	0.69220	0.65054	0.05746	-0.30695	25.7	null	null	13113	60
2026-05-27T17:09:50.172	WT901BLE68(F3:F0:16:BF:DC:AE)	-0.773	0.986	0.104	-48.889	-12.573	-79.163	77.58	39.82	-14.76	-67.653	63.640	-64.973	0.69220	0.65054	0.05746	-0.30695	25.7	null	null	13113	60
2026-05-27T17:09:50.233	WT901BLE68(F3:F0:16:BF:DC:AE)	-0.705	0.723	0.213	-83.740	-55.725	-100.708	65.96	47.21	-23.65	-67.653	63.640	-64.973	0.69220	0.65054	0.05746	-0.30695	25.7	null	null	13113	60
2026-05-27T17:09:50.348	WT901BLE68(F3:F0:16:BF:DC:AE)	-0.668	0.342	0.192	-104.858	-106.934	-58.777	46.61	50.06	-38.39	-67.653	63.640	-64.973	0.70993	0.54471	0.23196	-0.38132	25.7	null	null	13113	60
2026-05-27T17:09:50.442	WT901BLE68(F3:F0:16:BF:DC:AE)	-0.754	0.051	0.438	-91.675	-63.171	-45.227	28.48	47.40	-52.00	-67.653	63.640	-64.973	0.70993	0.54471	0.23196	-0.38132	25.7	null	null	13113	60
2026-05-27T17:09:50.563	WT901BLE68(F3:F0:16:BF:DC:AE)	-0.642	-0.120	0.729	-39.673	11.963	-61.462	16.00	47.93	-60.88	-67.653	63.640	-64.973	0.70993	0.54471	0.23196	-0.38132	25.7	null	null	13113	60
2026-05-27T17:09:50.649	WT901BLE68(F3:F0:16:BF:DC:AE)	-0.471	-0.188	0.748	-24.292	-66.345	-44.006	5.65	45.49	-70.56	-67.653	63.640	-64.973	0.70993	0.54471	0.23196	-0.38132	25.7	null	null	13113	60
2026-05-27T17:09:50.775	WT901BLE68(F3:F0:16:BF:DC:AE)	-0.504	-0.033	0.766	-2.441	-20.447	-19.836	0.81	40.47	-75.23	-67.653	63.640	-64.973	0.70993	0.54471	0.23196	-0.38132	25.7	null	null	13113	60
2026-05-27T17:09:50.860	WT901BLE68(F3:F0:16:BF:DC:AE)	-0.446	-0.175	0.642	15.442	-52.429	24.719	1.29	35.22	-74.93	-67.653	63.640	-64.973	0.70993	0.54471	0.23196	-0.38132	25.7	null	null	13113	60
2026-05-27T17:09:50.983	WT901BLE68(F3:F0:16:BF:DC:AE)	-0.812	0.342	0.646	37.415	24.292	20.874	5.55	33.41	-71.29	-67.653	63.640	-64.973	0.70993	0.54471	0.23196	-0.38132	25.7	null	null	13113	60
2026-05-27T17:09:51.039	WT901BLE68(F3:F0:16:BF:DC:AE)	-0.735	0.298	0.983	3.418	14.648	-68.787	7.11	32.62	-75.67	-84.300	45.047	-10.140	0.70993	0.54471	0.23196	-0.38132	25.7	null	null	13113	60
2026-05-27T17:09:51.162	WT901BLE68(F3:F0:16:BF:DC:AE)	-0.533	-0.190	1.002	-44.495	38.208	-63.293	1.55	36.05	-83.75	-84.300	45.047	-10.140	0.70993	0.54471	0.23196	-0.38132	25.7	null	null	13113	60
2026-05-27T17:09:51.250	WT901BLE68(F3:F0:16:BF:DC:AE)	-0.353	-0.292	0.684	-52.551	23.926	-27.588	-7.22	38.91	-90.07	-84.300	45.047	-10.140	0.69376	0.21036	0.24271	-0.64456	25.7	null	null	13113	60
2026-05-27T17:09:51.372	WT901BLE68(F3:F0:16:BF:DC:AE)	-0.514	-0.431	0.299	2.930	56.396	41.138	-10.38	46.05	-90.44	-84.300	45.047	-10.140	0.69376	0.21036	0.24271	-0.64456	25.7	null	null	13113	60
2026-05-27T17:09:51.462	WT901BLE68(F3:F0:16:BF:DC:AE)	-1.216	-0.139	0.161	129.395	-17.639	19.287	-1.05	49.43	-85.94	-84.300	45.047	-10.140	0.69376	0.21036	0.24271	-0.64456	25.7	null	null	13113	60
2026-05-27T17:09:51.581	WT901BLE68(F3:F0:16:BF:DC:AE)	-1.124	0.089	0.579	156.311	-21.973	-78.796	8.77	48.41	-91.40	-84.300	45.047	-10.140	0.69376	0.21036	0.24271	-0.64456	25.7	null	null	13113	60
2026-05-27T17:09:51.641	WT901BLE68(F3:F0:16:BF:DC:AE)	-1.002	0.244	0.650	168.945	-29.541	-135.071	11.68	49.48	-109.06	-84.300	45.047	-10.140	0.69376	0.21036	0.24271	-0.64456	25.7	null	null	13113	60
2026-05-27T17:09:51.763	WT901BLE68(F3:F0:16:BF:DC:AE)	-0.901	0.374	0.743	133.057	-60.852	-170.288	8.67	47.69	-134.84	-84.300	45.047	-10.140	0.69376	0.21036	0.24271	-0.64456	25.7	null	null	13113	60
2026-05-27T17:09:51.852	WT901BLE68(F3:F0:16:BF:DC:AE)	-0.660	0.324	0.762	74.219	-44.922	-152.283	2.14	43.80	-160.65	-84.300	45.047	-10.140	0.69376	0.21036	0.24271	-0.64456	25.7	null	null	13113	60
2026-05-27T17:09:51.971	WT901BLE68(F3:F0:16:BF:DC:AE)	-0.283	0.275	0.687	57.556	-70.435	-78.125	-0.59	37.34	-177.20	-88.633	2.967	-15.107	0.69376	0.21036	0.24271	-0.64456	25.7	null	null	13113	60
2026-05-27T17:09:52.064	WT901BLE68(F3:F0:16:BF:DC:AE)	-0.184	0.475	0.651	80.505	-42.053	20.508	6.04	29.92	179.08	-88.633	2.967	-15.107	0.69376	0.21036	0.24271	-0.64456	25.7	null	null	13113	60
2026-05-27T17:09:52.185	WT901BLE68(F3:F0:16:BF:DC:AE)	-0.311	0.809	0.994	38.208	44.739	60.242	16.51	28.05	-176.73	-88.633	2.967	-15.107	-0.02313	0.24680	-0.07947	-0.96548	25.7	null	null	13113	60
2026-05-27T17:09:52.273	WT901BLE68(F3:F0:16:BF:DC:AE)	-0.528	0.676	0.920	-76.050	119.202	84.961	20.93	34.02	-165.06	-88.633	2.967	-15.107	-0.02313	0.24680	-0.07947	-0.96548	25.7	null	null	13113	60
2026-05-27T17:09:52.391	WT901BLE68(F3:F0:16:BF:DC:AE)	-0.846	0.371	0.749	-149.170	120.911	103.577	20.08	41.33	-149.20	-88.633	2.967	-15.107	-0.02313	0.24680	-0.07947	-0.96548	25.7	null	null	13113	60
2026-05-27T17:09:52.452	WT901BLE68(F3:F0:16:BF:DC:AE)	-1.064	0.135	0.559	-204.651	76.782	100.708	14.25	45.93	-132.54	-88.633	2.967	-15.107	-0.02313	0.24680	-0.07947	-0.96548	25.7	null	null	13113	60
2026-05-27T17:09:52.572	WT901BLE68(F3:F0:16:BF:DC:AE)	-0.955	-0.032	0.404	-204.163	16.296	62.622	2.66	48.24	-121.49	-88.633	2.967	-15.107	-0.02313	0.24680	-0.07947	-0.96548	25.7	null	null	13113	60
2026-05-27T17:09:52.661	WT901BLE68(F3:F0:16:BF:DC:AE)	-0.857	-0.291	0.524	-132.813	-30.029	25.696	-8.77	47.46	-115.99	-88.633	2.967	-15.107	-0.02313	0.24680	-0.07947	-0.96548	25.7	null	null	13113	60
2026-05-27T17:09:52.780	WT901BLE68(F3:F0:16:BF:DC:AE)	-0.789	-0.347	0.612	-79.529	-65.308	-7.324	-17.23	43.55	-114.78	-88.633	2.967	-15.107	-0.02313	0.24680	-0.07947	-0.96548	25.7	null	null	13113	60
2026-05-27T17:09:52.870	WT901BLE68(F3:F0:16:BF:DC:AE)	-0.473	-0.376	0.577	-72.266	-74.280	6.226	-23.41	37.69	-112.58	-94.153	27.060	-18.840	-0.02313	0.24680	-0.07947	-0.96548	25.7	null	null	13113	60
2026-05-27T17:09:52.990	WT901BLE68(F3:F0:16:BF:DC:AE)	-0.244	-0.396	0.484	-12.939	-64.514	70.496	-23.14	33.23	-104.93	-94.153	27.060	-18.840	-0.02313	0.24680	-0.07947	-0.96548	25.7	null	null	13113	60
2026-05-27T17:09:53.051	WT901BLE68(F3:F0:16:BF:DC:AE)	-1.123	0.202	0.688	39.612	-37.231	43.213	-16.17	32.71	-96.07	-94.153	27.060	-18.840	0.64948	0.10571	0.30402	-0.68884	25.7	null	null	13113	60
2026-05-27T17:09:53.174	WT901BLE68(F3:F0:16:BF:DC:AE)	-0.750	-0.410	0.979	-10.254	24.536	-59.937	-15.55	32.07	-99.82	-94.153	27.060	-18.840	0.64948	0.10571	0.30402	-0.68884	25.7	null	null	13113	60
2026-05-27T17:09:53.264	WT901BLE68(F3:F0:16:BF:DC:AE)	-0.274	-0.600	0.825	-36.316	31.921	-47.302	-22.68	32.82	-107.88	-94.153	27.060	-18.840	0.64948	0.10571	0.30402	-0.68884	25.7	null	null	13113	60
2026-05-27T17:09:53.386	WT901BLE68(F3:F0:16:BF:DC:AE)	-0.342	-0.462	0.390	11.841	26.489	-5.859	-26.80	34.94	-112.69	-94.153	27.060	-18.840	0.64948	0.10571	0.30402	-0.68884	25.7	null	null	13113	60
2026-05-27T17:09:53.473	WT901BLE68(F3:F0:16:BF:DC:AE)	-0.760	-0.226	0.354	96.008	59.631	9.888	-22.60	39.52	-115.37	-94.153	27.060	-18.840	0.64948	0.10571	0.30402	-0.68884	25.7	null	null	13113	60
2026-05-27T17:09:53.594	WT901BLE68(F3:F0:16:BF:DC:AE)	-0.909	-0.015	0.821	113.037	10.559	-44.800	-12.47	42.83	-118.56	-94.153	27.060	-18.840	0.64948	0.10571	0.30402	-0.68884	25.7	null	null	13113	60
2026-05-27T17:09:53.683	WT901BLE68(F3:F0:16:BF:DC:AE)	-0.813	-0.021	0.776	116.211	4.272	-84.656	-7.44	43.22	-128.08	-94.153	27.060	-18.840	0.64948	0.10571	0.30402	-0.68884	25.7	null	null	13113	60
2026-05-27T17:09:53.804	WT901BLE68(F3:F0:16:BF:DC:AE)	-0.694	0.059	0.803	118.713	-22.583	-108.276	-4.02	41.55	-141.47	-92.840	21.613	-20.787	0.64948	0.10571	0.30402	-0.68884	25.7	null	null	13113	60
2026-05-27T17:09:53.861	WT901BLE68(F3:F0:16:BF:DC:AE)	-0.624	0.114	0.864	93.933	-19.165	-113.831	-2.18	38.57	-156.58	-92.840	21.613	-20.787	0.64948	0.10571	0.30402	-0.68884	25.7	null	null	13113	60
2026-05-27T17:09:53.985	WT901BLE68(F3:F0:16:BF:DC:AE)	-0.600	0.089	0.886	57.312	-16.663	-105.957	-2.30	36.29	-171.15	-92.840	21.613	-20.787	0.17303	0.31860	0.07437	-0.92892	25.7	null	null	13113	60
2026-05-27T17:09:54.070	WT901BLE68(F3:F0:16:BF:DC:AE)	-0.469	0.100	0.786	42.908	-3.967	-70.862	-3.65	34.62	177.12	-92.840	21.613	-20.787	0.17303	0.31860	0.07437	-0.92892	25.7	null	null	13113	60
2026-05-27T17:09:54.195	WT901BLE68(F3:F0:16:BF:DC:AE)	-0.391	0.276	0.928	67.261	-67.139	-32.349	-0.85	30.65	169.87	-92.840	21.613	-20.787	0.17303	0.31860	0.07437	-0.92892	25.7	null	null	13113	60
2026-05-27T17:09:54.285	WT901BLE68(F3:F0:16:BF:DC:AE)	-0.057	0.438	0.570	96.802	8.545	24.963	6.61	27.39	167.95	-92.840	21.613	-20.787	0.17303	0.31860	0.07437	-0.92892	25.7	null	null	13113	60
2026-05-27T17:09:54.403	WT901BLE68(F3:F0:16:BF:DC:AE)	-0.495	0.601	1.204	0.183	110.413	76.111	16.62	29.72	174.37	-92.840	21.613	-20.787	0.17303	0.31860	0.07437	-0.92892	25.7	null	null	13113	60
2026-05-27T17:09:54.462	WT901BLE68(F3:F0:16:BF:DC:AE)	-0.705	0.455	1.007	-88.806	97.168	76.660	19.22	35.32	-174.31	-92.840	21.613	-20.787	0.17303	0.31860	0.07437	-0.92892	25.7	null	null	13113	60
2026-05-27T17:09:54.585	WT901BLE68(F3:F0:16:BF:DC:AE)	-0.907	0.285	0.807	-157.532	90.942	78.552	14.84	41.04	-162.05	-92.840	21.613	-20.787	0.17303	0.31860	0.07437	-0.92892	25.7	null	null	13113	60
2026-05-27T17:09:54.670	WT901BLE68(F3:F0:16:BF:DC:AE)	-0.954	0.117	0.650	-173.950	36.865	58.472	5.87	44.50	-151.66	-91.640	5.980	-21.040	0.17303	0.31860	0.07437	-0.92892	25.7	null	null	13113	60
2026-05-27T17:09:54.795	WT901BLE68(F3:F0:16:BF:DC:AE)	-0.894	-0.143	0.442	-148.010	-10.620	20.752	-6.07	44.99	-146.51	-91.640	5.980	-21.040	0.17303	0.31860	0.07437	-0.92892	25.7	null	null	13113	60
2026-05-27T17:09:54.884	WT901BLE68(F3:F0:16:BF:DC:AE)	-0.744	-0.367	0.436	-94.727	-47.668	-1.526	-16.55	42.64	-144.89	-91.640	5.980	-21.040	0.30536	0.33487	0.19321	-0.87015	25.7	null	null	13113	60
2026-05-27T17:09:55.002	WT901BLE68(F3:F0:16:BF:DC:AE)	-0.524	-0.478	0.587	-55.481	-50.781	4.272	-22.65	38.80	-143.12	-91.640	5.980	-21.040	0.30536	0.33487	0.19321	-0.87015	25.7	null	null	13113	60
2026-05-27T17:09:55.088	WT901BLE68(F3:F0:16:BF:DC:AE)	-0.390	-0.392	0.603	-30.334	-26.794	40.344	-24.81	36.08	-139.01	-91.640	5.980	-21.040	0.30536	0.33487	0.19321	-0.87015	25.7	null	null	13113	60
2026-05-27T17:09:55.211	WT901BLE68(F3:F0:16:BF:DC:AE)	-0.422	-0.223	0.655	4.456	-51.514	86.182	-22.22	35.31	-130.33	-91.640	5.980	-21.040	0.30536	0.33487	0.19321	-0.87015	25.7	null	null	13113	60
2026-05-27T17:09:55.270	WT901BLE68(F3:F0:16:BF:DC:AE)	-0.741	0.197	0.782	91.248	-84.473	-3.845	-12.82	32.75	-122.59	-91.640	5.980	-21.040	0.30536	0.33487	0.19321	-0.87015	25.7	null	null	13113	60
2026-05-27T17:09:55.391	WT901BLE68(F3:F0:16:BF:DC:AE)	-0.587	-0.363	1.191	-16.235	41.077	-23.865	-10.03	32.14	-125.31	-91.640	5.980	-21.040	0.30536	0.33487	0.19321	-0.87015	25.7	null	null	13113	60
2026-05-27T17:09:55.486	WT901BLE68(F3:F0:16:BF:DC:AE)	-0.397	-0.338	0.829	-61.890	35.278	-12.878	-16.60	33.32	-128.23	-91.640	5.980	-21.040	0.30536	0.33487	0.19321	-0.87015	25.7	null	null	13113	60
2026-05-27T17:09:55.606	WT901BLE68(F3:F0:16:BF:DC:AE)	-0.456	-0.308	0.302	-13.184	28.992	3.723	-22.00	35.77	-130.41	-88.360	23.153	-10.067	0.30536	0.33487	0.19321	-0.87015	25.7	null	null	13113	60
2026-05-27T17:09:55.690	WT901BLE68(F3:F0:16:BF:DC:AE)	-0.888	-0.169	0.190	121.399	-10.925	-10.681	-17.70	37.54	-130.96	-88.360	23.153	-10.067	0.30536	0.33487	0.19321	-0.87015	25.7	null	null	13113	60
2026-05-27T17:09:55.813	WT901BLE68(F3:F0:16:BF:DC:AE)	-0.750	0.039	0.798	157.349	-25.391	-64.697	-5.66	36.19	-135.10	-88.360	23.153	-10.067	0.42041	0.24332	0.23230	-0.84259	25.7	null	null	13113	60
2026-05-27T17:09:55.870	WT901BLE68(F3:F0:16:BF:DC:AE)	-0.687	0.174	1.083	115.967	-5.371	-87.830	2.52	35.95	-144.85	-88.360	23.153	-10.067	0.42041	0.24332	0.23230	-0.84259	25.7	null	null	13113	60
2026-05-27T17:09:55.995	WT901BLE68(F3:F0:16:BF:DC:AE)	-0.582	0.192	1.042	69.275	-13.123	-105.042	4.88	35.12	-157.33	-88.360	23.153	-10.067	0.42041	0.24332	0.23230	-0.84259	25.7	null	null	13113	60
2026-05-27T17:09:56.084	WT901BLE68(F3:F0:16:BF:DC:AE)	-0.596	0.135	0.892	34.973	11.719	-113.708	2.48	35.33	-171.22	-88.360	23.153	-10.067	0.42041	0.24332	0.23230	-0.84259	25.7	null	null	13113	60
2026-05-27T17:09:56.206	WT901BLE68(F3:F0:16:BF:DC:AE)	-0.543	0.038	0.679	25.940	16.357	-99.243	-2.24	36.79	175.14	-88.360	23.153	-10.067	0.42041	0.24332	0.23230	-0.84259	25.7	null	null	13113	60
2026-05-27T17:09:56.289	WT901BLE68(F3:F0:16:BF:DC:AE)	-0.413	0.124	0.589	72.205	-26.245	-48.462	-2.61	36.55	165.49	-88.360	23.153	-10.067	0.42041	0.24332	0.23230	-0.84259	25.7	null	null	13113	60
2026-05-27T17:09:56.415	WT901BLE68(F3:F0:16:BF:DC:AE)	-0.436	0.488	0.822	113.098	-108.154	0.000	6.61	29.93	162.91	-88.360	23.153	-10.067	0.42041	0.24332	0.23230	-0.84259	25.7	null	null	13113	60
2026-05-27T17:09:56.473	WT901BLE68(F3:F0:16:BF:DC:AE)	-0.142	0.776	0.993	70.740	37.781	60.242	18.35	23.75	164.77	-75.760	-3.093	-0.447	0.42041	0.24332	0.23230	-0.84259	25.7	null	null	13113	60
2026-05-27T17:09:56.625	WT901BLE68(F3:F0:16:BF:DC:AE)	-0.403	0.608	1.083	-50.110	126.587	96.252	23.87	27.11	176.31	-75.760	-3.093	-0.447	0.42041	0.24332	0.23230	-0.84259	25.7	null	null	13113	60
2026-05-27T17:09:56.680	WT901BLE68(F3:F0:16:BF:DC:AE)	-0.625	0.463	0.869	-142.517	127.136	126.160	22.68	32.78	-166.30	-75.760	-3.093	-0.447	-0.00253	0.26788	-0.18478	-0.94550	25.7	null	null	13113	60
2026-05-27T17:09:56.803	WT901BLE68(F3:F0:16:BF:DC:AE)	-0.762	0.264	0.751	-174.500	50.049	115.784	16.36	34.83	-149.39	-75.760	-3.093	-0.447	-0.00253	0.26788	-0.18478	-0.94550	25.7	null	null	13113	60
2026-05-27T17:09:56.895	WT901BLE68(F3:F0:16:BF:DC:AE)	-0.675	0.199	0.587	-168.518	41.016	95.093	7.61	37.35	-136.03	-75.760	-3.093	-0.447	-0.00253	0.26788	-0.18478	-0.94550	25.7	null	null	13113	60
2026-05-27T17:09:57.011	WT901BLE68(F3:F0:16:BF:DC:AE)	-0.735	0.013	0.465	-110.474	20.325	72.083	1.70	40.67	-125.18	-75.760	-3.093	-0.447	-0.00253	0.26788	-0.18478	-0.94550	25.7	null	null	13113	60
2026-05-27T17:09:57.105	WT901BLE68(F3:F0:16:BF:DC:AE)	-0.717	-0.063	0.549	-60.059	-5.066	57.312	-0.20	41.46	-117.04	-75.760	-3.093	-0.447	-0.00253	0.26788	-0.18478	-0.94550	25.7	null	null	13113	60
2026-05-27T17:09:57.221	WT901BLE68(F3:F0:16:BF:DC:AE)	-0.573	-0.104	0.583	-18.372	-7.751	72.266	1.53	41.24	-108.42	-75.760	-3.093	-0.447	-0.00253	0.26788	-0.18478	-0.94550	25.7	null	null	13113	60
2026-05-27T17:09:57.284	WT901BLE68(F3:F0:16:BF:DC:AE)	-0.738	0.127	0.459	41.443	-46.814	78.186	8.37	38.94	-98.15	-75.760	-3.093	-0.447	-0.00253	0.26788	-0.18478	-0.94550	25.7	null	null	13113	60
2026-05-27T17:09:57.402	WT901BLE68(F3:F0:16:BF:DC:AE)	-0.726	0.483	0.951	78.369	-95.520	5.493	18.00	30.96	-95.26	-83.947	55.833	-14.493	-0.00253	0.26788	-0.18478	-0.94550	25.7	null	null	13113	60
2026-05-27T17:09:57.492	WT901BLE68(F3:F0:16:BF:DC:AE)	-0.535	0.099	1.290	-29.907	50.537	-23.438	18.68	30.66	-97.38	-83.947	55.833	-14.493	-0.00253	0.26788	-0.18478	-0.94550	25.7	null	null	13113	60
2026-05-27T17:09:57.612	WT901BLE68(F3:F0:16:BF:DC:AE)	-0.501	0.021	0.679	-17.151	27.588	-14.954	14.55	35.28	-97.90	-83.947	55.833	-14.493	0.59448	0.30322	0.07025	-0.74136	25.7	null	null	13113	60
2026-05-27T17:09:57.704	WT901BLE68(F3:F0:16:BF:DC:AE)	-0.768	0.157	0.496	42.114	12.207	-18.188	14.78	37.43	-99.36	-83.947	55.833	-14.493	0.59448	0.30322	0.07025	-0.74136	25.7	null	null	13113	60
2026-05-27T17:09:57.824	WT901BLE68(F3:F0:16:BF:DC:AE)	-0.861	0.306	0.499	89.600	-20.020	-53.894	18.62	36.72	-104.68	-83.947	55.833	-14.493	0.59448	0.30322	0.07025	-0.74136	25.7	null	null	13113	60
2026-05-27T17:09:57.882	WT901BLE68(F3:F0:16:BF:DC:AE)	-0.722	0.450	0.716	101.074	-56.274	-98.755	21.84	35.36	-116.61	-83.947	55.833	-14.493	0.59448	0.30322	0.07025	-0.74136	25.7	null	null	13113	60
2026-05-27T17:09:58.036	WT901BLE68(F3:F0:16:BF:DC:AE)	-0.589	0.507	0.857	86.853	-61.279	-122.864	22.75	34.79	-132.60	-83.947	55.833	-14.493	0.59448	0.30322	0.07025	-0.74136	25.7	null	null	13113	60
2026-05-27T17:09:58.093	WT901BLE68(F3:F0:16:BF:DC:AE)	-0.600	0.463	0.912	55.725	-54.626	-135.925	20.24	34.17	-150.35	-83.947	55.833	-14.493	0.59448	0.30322	0.07025	-0.74136	25.7	null	null	13113	60
2026-05-27T17:09:58.216	WT901BLE68(F3:F0:16:BF:DC:AE)	-0.576	0.339	0.831	20.630	-29.724	-134.033	14.51	34.34	-167.84	-83.947	55.833	-14.493	0.59448	0.30322	0.07025	-0.74136	25.7	null	null	13113	60
2026-05-27T17:09:58.300	WT901BLE68(F3:F0:16:BF:DC:AE)	-0.407	0.108	0.652	12.390	-40.039	-98.328	8.18	31.61	177.47	-88.340	18.000	-11.213	0.59448	0.30322	0.07025	-0.74136	25.7	null	null	13113	60
2026-05-27T17:09:58.424	WT901BLE68(F3:F0:16:BF:DC:AE)	-0.396	0.328	0.605	83.069	-114.197	-65.247	8.77	26.49	166.68	-88.340	18.000	-11.213	0.59448	0.30322	0.07025	-0.74136	25.7	null	null	13113	60
2026-05-27T17:09:58.510	WT901BLE68(F3:F0:16:BF:DC:AE)	0.328	0.769	0.715	86.670	-28.015	-17.029	15.89	17.20	162.25	-88.340	18.000	-11.213	-0.16702	0.16092	-0.12396	-0.96475	25.7	null	null	13113	60
2026-05-27T17:09:58.635	WT901BLE68(F3:F0:16:BF:DC:AE)	-0.144	0.564	1.318	-29.114	113.953	47.607	20.42	22.73	172.62	-88.340	18.000	-11.213	-0.16702	0.16092	-0.12396	-0.96475	25.7	null	null	13113	60
2026-05-27T17:09:58.692	WT901BLE68(F3:F0:16:BF:DC:AE)	-0.422	0.471	1.021	-103.577	111.023	84.595	19.25	29.56	-170.33	-88.340	18.000	-11.213	-0.16702	0.16092	-0.12396	-0.96475	25.7	null	null	13113	60
2026-05-27T17:09:58.813	WT901BLE68(F3:F0:16:BF:DC:AE)	-0.612	0.382	0.748	-136.414	59.937	88.867	14.67	34.19	-151.91	-88.340	18.000	-11.213	-0.16702	0.16092	-0.12396	-0.96475	25.7	null	null	13113	60
2026-05-27T17:09:58.905	WT901BLE68(F3:F0:16:BF:DC:AE)	-0.749	0.167	0.606	-126.953	13.916	79.529	8.83	36.39	-135.97	-88.340	18.000	-11.213	-0.16702	0.16092	-0.12396	-0.96475	25.7	null	null	13113	60
2026-05-27T17:09:59.023	WT901BLE68(F3:F0:16:BF:DC:AE)	-0.766	-0.041	0.604	-93.018	-0.366	62.256	3.47	36.41	-123.12	-88.340	18.000	-11.213	-0.16702	0.16092	-0.12396	-0.96475	25.7	null	null	13113	60
2026-05-27T17:09:59.114	WT901BLE68(F3:F0:16:BF:DC:AE)	-0.469	-0.168	0.758	-30.090	-42.175	41.809	0.52	34.45	-113.00	-88.340	18.000	-11.213	-0.16702	0.16092	-0.12396	-0.96475	25.7	null	null	13113	60
2026-05-27T17:09:59.233	WT901BLE68(F3:F0:16:BF:DC:AE)	-0.624	-0.028	0.865	-59.692	-76.172	95.764	0.69	32.37	-100.98	-90.007	28.500	-13.353	-0.16702	0.16092	-0.12396	-0.96475	25.7	null	null	13113	60
2026-05-27T17:09:59.291	WT901BLE68(F3:F0:16:BF:DC:AE)	-0.653	-0.205	0.496	-33.875	13.550	78.430	-0.19	32.80	-86.61	-90.007	28.500	-13.353	-0.16702	0.16092	-0.12396	-0.96475	25.7	null	null	13113	60
2026-05-27T17:09:59.441	WT901BLE68(F3:F0:16:BF:DC:AE)	-0.626	0.160	0.682	77.942	-113.586	6.104	4.41	24.88	-77.78	-90.007	28.500	-13.353	0.70547	0.19156	0.20886	-0.64951	25.7	null	null	13113	60
2026-05-27T17:09:59.503	WT901BLE68(F3:F0:16:BF:DC:AE)	-0.465	-0.030	1.235	-9.644	38.452	-16.235	7.04	20.45	-76.26	-90.007	28.500	-13.353	0.70547	0.19156	0.20886	-0.64951	25.7	null	null	13113	60
2026-05-27T17:09:59.623	WT901BLE68(F3:F0:16:BF:DC:AE)	-0.407	-0.045	0.941	-40.405	39.307	-9.888	3.11	24.53	-73.85	-90.007	28.500	-13.353	0.70547	0.19156	0.20886	-0.64951	25.7	null	null	13113	60
2026-05-27T17:09:59.713	WT901BLE68(F3:F0:16:BF:DC:AE)	-0.568	-0.084	0.566	-7.446	50.415	-4.944	-0.15	29.32	-71.15	-90.007	28.500	-13.353	0.70547	0.19156	0.20886	-0.64951	25.7	null	null	13113	60
2026-05-27T17:09:59.830	WT901BLE68(F3:F0:16:BF:DC:AE)	-0.806	0.062	0.480	66.650	-18.494	-27.832	1.11	32.44	-69.58	-90.007	28.500	-13.353	0.70547	0.19156	0.20886	-0.64951	25.7	null	null	13113	60
2026-05-27T17:09:59.923	WT901BLE68(F3:F0:16:BF:DC:AE)	-0.693	0.191	0.750	98.999	-44.800	-67.444	6.19	31.28	-72.53	-90.007	28.500	-13.353	0.70547	0.19156	0.20886	-0.64951	25.7	null	null	13113	60
2026-05-27T17:10:00.043	WT901BLE68(F3:F0:16:BF:DC:AE)	-0.578	0.312	0.951	86.426	-36.560	-92.224	10.52	29.47	-79.85	-90.007	28.500	-13.353	0.70547	0.19156	0.20886	-0.64951	25.7	null	null	13113	60
2026-05-27T17:10:00.100	WT901BLE68(F3:F0:16:BF:DC:AE)	-0.544	0.302	0.952	68.237	-33.691	-102.417	12.73	28.27	-89.03	-86.000	31.307	-10.067	0.70547	0.19156	0.20886	-0.64951	25.7	null	null	13113	60
2026-05-27T17:10:00.222	WT901BLE68(F3:F0:16:BF:DC:AE)	-0.585	0.288	0.992	33.813	-4.639	-116.089	12.50	28.86	-99.22	-86.000	31.307	-10.067	0.70547	0.19156	0.20886	-0.64951	25.7	null	null	13113	60
2026-05-27T17:10:00.311	WT901BLE68(F3:F0:16:BF:DC:AE)	-0.529	0.237	0.871	-6.104	33.020	-129.456	7.08	32.94	-111.05	-86.000	31.307	-10.067	0.57822	0.25989	0.08478	-0.76865	25.7	null	null	13113	60
2026-05-27T17:10:00.434	WT901BLE68(F3:F0:16:BF:DC:AE)	-0.364	0.074	0.529	32.043	28.748	-83.435	0.53	36.86	-122.32	-86.000	31.307	-10.067	0.57822	0.25989	0.08478	-0.76865	25.7	null	null	13113	60
2026-05-27T17:10:00.523	WT901BLE68(F3:F0:16:BF:DC:AE)	-0.453	0.168	0.747	100.098	-22.156	-9.827	4.04	36.02	-125.85	-86.000	31.307	-10.067	0.57822	0.25989	0.08478	-0.76865	25.7	null	null	13113	60
2026-05-27T17:10:00.644	WT901BLE68(F3:F0:16:BF:DC:AE)	0.181	0.407	0.512	120.605	-15.869	42.114	14.47	29.25	-123.79	-86.000	31.307	-10.067	0.57822	0.25989	0.08478	-0.76865	25.7	null	null	13113	60
2026-05-27T17:10:00.703	WT901BLE68(F3:F0:16:BF:DC:AE)	-0.319	0.695	1.252	-17.395	71.045	73.303	23.20	27.69	-115.61	-86.000	31.307	-10.067	0.57822	0.25989	0.08478	-0.76865	25.7	null	null	13113	60
2026-05-27T17:10:00.855	WT901BLE68(F3:F0:16:BF:DC:AE)	-0.449	0.679	0.872	-111.206	85.205	84.839	23.55	31.99	-101.51	-86.000	31.307	-10.067	0.57822	0.25989	0.08478	-0.76865	25.7	null	null	13113	60
2026-05-27T17:10:00.911	WT901BLE68(F3:F0:16:BF:DC:AE)	-0.712	0.488	0.681	-152.832	75.073	100.098	20.23	38.04	-84.18	-86.000	31.307	-10.067	0.57822	0.25989	0.08478	-0.76865	25.7	null	null	13113	60
2026-05-27T17:10:01.034	WT901BLE68(F3:F0:16:BF:DC:AE)	-0.889	0.260	0.554	-155.090	40.161	95.032	15.29	41.11	-67.90	-91.053	16.087	-18.800	0.57822	0.25989	0.08478	-0.76865	25.7	null	null	13113	60
2026-05-27T17:10:01.121	WT901BLE68(F3:F0:16:BF:DC:AE)	-0.894	0.173	0.530	-128.296	6.653	75.500	9.65	41.42	-54.72	-91.053	16.087	-18.800	0.57822	0.25989	0.08478	-0.76865	25.7	null	null	13113	60
2026-05-27T17:10:01.245	WT901BLE68(F3:F0:16:BF:DC:AE)	-0.721	0.013	0.643	-85.327	-30.396	58.228	5.17	39.39	-45.37	-91.053	16.087	-18.800	0.82956	0.21283	0.28851	-0.42798	25.7	null	null	13113	60
2026-05-27T17:10:01.333	WT901BLE68(F3:F0:16:BF:DC:AE)	-0.653	-0.110	0.715	-73.181	-17.578	56.885	1.99	38.28	-37.05	-91.053	16.087	-18.800	0.82956	0.21283	0.28851	-0.42798	25.7	null	null	13113	60
2026-05-27T17:10:01.454	WT901BLE68(F3:F0:16:BF:DC:AE)	-0.474	-0.158	0.631	-48.889	3.174	73.242	-0.02	37.75	-27.88	-91.053	16.087	-18.800	0.82956	0.21283	0.28851	-0.42798	25.7	null	null	13113	60
2026-05-27T17:10:01.512	WT901BLE68(F3:F0:16:BF:DC:AE)	-0.786	0.107	0.486	27.161	-50.049	69.824	3.57	36.84	-16.75	-91.053	16.087	-18.800	0.82956	0.21283	0.28851	-0.42798	25.7	null	null	13113	60
2026-05-27T17:10:01.636	WT901BLE68(F3:F0:16:BF:DC:AE)	-0.717	0.234	0.900	44.617	-67.627	-6.531	9.79	30.01	-12.81	-91.053	16.087	-18.800	0.82956	0.21283	0.28851	-0.42798	25.7	null	null	13113	60
2026-05-27T17:10:01.725	WT901BLE68(F3:F0:16:BF:DC:AE)	-0.574	0.000	1.023	-25.024	31.982	-16.418	9.51	30.54	-13.44	-91.053	16.087	-18.800	0.82956	0.21283	0.28851	-0.42798	25.7	null	null	13113	60
2026-05-27T17:10:01.844	WT901BLE68(F3:F0:16:BF:DC:AE)	-0.596	-0.061	0.892	-53.101	40.283	-20.264	4.41	33.50	-13.63	-91.053	16.087	-18.800	0.82956	0.21283	0.28851	-0.42798	25.7	null	null	13113	60
2026-05-27T17:10:01.931	WT901BLE68(F3:F0:16:BF:DC:AE)	-0.529	-0.143	0.641	-21.484	18.555	-27.405	-1.46	35.36	-15.76	-82.267	54.153	-8.600	0.82956	0.21283	0.28851	-0.42798	25.7	null	null	13113	60
2026-05-27T17:10:02.053	WT901BLE68(F3:F0:16:BF:DC:AE)	-0.745	-0.020	0.560	28.198	-1.343	-23.193	-2.97	37.02	-17.47	-82.267	54.153	-8.600	0.82956	0.21283	0.28851	-0.42798	25.7	null	null	13113	60
2026-05-27T17:10:02.111	WT901BLE68(F3:F0:16:BF:DC:AE)	-0.739	0.090	0.569	89.966	-44.495	-58.289	0.81	35.34	-21.40	-82.267	54.153	-8.600	0.93628	0.03949	0.31448	-0.15112	25.7	null	null	13113	60
2026-05-27T17:10:02.232	WT901BLE68(F3:F0:16:BF:DC:AE)	-0.751	0.183	0.745	108.521	-34.546	-100.281	5.20	33.73	-30.83	-82.267	54.153	-8.600	0.93628	0.03949	0.31448	-0.15112	25.7	null	null	13113	60
2026-05-27T17:10:02.325	WT901BLE68(F3:F0:16:BF:DC:AE)	-0.666	0.304	0.976	98.328	-40.161	-133.362	8.12	32.51	-44.91	-82.267	54.153	-8.600	0.93628	0.03949	0.31448	-0.15112	25.7	null	null	13113	60
2026-05-27T17:10:02.443	WT901BLE68(F3:F0:16:BF:DC:AE)	-0.488	0.252	1.085	57.251	-56.213	-147.583	7.20	30.68	-62.04	-82.267	54.153	-8.600	0.93628	0.03949	0.31448	-0.15112	25.7	null	null	13113	60
2026-05-27T17:10:02.533	WT901BLE68(F3:F0:16:BF:DC:AE)	-0.484	0.277	0.843	33.508	-17.456	-144.104	3.33	30.63	-79.04	-82.267	54.153	-8.600	0.93628	0.03949	0.31448	-0.15112	25.7	null	null	13113	60
2026-05-27T17:10:02.653	WT901BLE68(F3:F0:16:BF:DC:AE)	-0.346	0.186	0.653	58.228	38.635	-95.337	1.09	32.78	-92.69	-82.267	54.153	-8.600	0.93628	0.03949	0.31448	-0.15112	25.7	null	null	13113	60
2026-05-27T17:10:02.743	WT901BLE68(F3:F0:16:BF:DC:AE)	-0.622	0.436	0.861	98.145	-75.562	-34.180	6.80	34.34	-99.87	-82.267	54.153	-8.600	0.93628	0.03949	0.31448	-0.15112	25.7	null	null	13113	60
2026-05-27T17:10:02.864	WT901BLE68(F3:F0:16:BF:DC:AE)	-0.085	0.662	1.074	34.424	-44.312	19.531	13.16	24.74	-102.26	-81.953	-1.187	-7.533	0.93628	0.03949	0.31448	-0.15112	25.7	null	null	13113	60
2026-05-27T17:10:02.921	WT901BLE68(F3:F0:16:BF:DC:AE)	-0.233	0.418	1.302	-86.121	82.031	79.346	12.59	24.05	-95.58	-81.953	-1.187	-7.533	0.93628	0.03949	0.31448	-0.15112	25.7	null	null	13113	60
2026-05-27T17:10:03.039	WT901BLE68(F3:F0:16:BF:DC:AE)	-0.546	0.303	0.875	-151.550	48.828	97.595	5.54	28.25	-83.70	-81.953	-1.187	-7.533	0.64676	0.22540	0.07190	-0.72498	25.7	null	null	13113	60
2026-05-27T17:10:03.131	WT901BLE68(F3:F0:16:BF:DC:AE)	-0.624	0.146	0.694	-138.550	-6.958	90.027	-2.64	29.81	-72.86	-81.953	-1.187	-7.533	0.64676	0.22540	0.07190	-0.72498	25.7	null	null	13113	60
2026-05-27T17:10:03.256	WT901BLE68(F3:F0:16:BF:DC:AE)	-0.641	-0.049	0.740	-115.234	-20.447	76.599	-8.99	30.44	-63.05	-81.953	-1.187	-7.533	0.64676	0.22540	0.07190	-0.72498	25.7	null	null	13113	60
2026-05-27T17:10:03.342	WT901BLE68(F3:F0:16:BF:DC:AE)	-0.650	-0.370	0.715	-106.628	-18.799	66.101	-15.05	32.11	-55.07	-81.953	-1.187	-7.533	0.64676	0.22540	0.07190	-0.72498	25.7	null	null	13113	60
2026-05-27T17:10:03.466	WT901BLE68(F3:F0:16:BF:DC:AE)	-0.563	-0.396	0.616	-83.130	-29.175	81.970	-19.56	31.66	-45.20	-81.953	-1.187	-7.533	0.64676	0.22540	0.07190	-0.72498	25.7	null	null	13113	60
2026-05-27T17:10:03.522	WT901BLE68(F3:F0:16:BF:DC:AE)	-0.680	-0.282	0.444	-35.339	4.639	81.116	-20.23	33.22	-34.57	-81.953	-1.187	-7.533	0.64676	0.22540	0.07190	-0.72498	25.7	null	null	13113	60
2026-05-27T17:10:03.646	WT901BLE68(F3:F0:16:BF:DC:AE)	-0.760	-0.154	0.536	71.533	-130.432	35.095	-13.31	27.31	-24.32	-81.953	-1.187	-7.533	0.64676	0.22540	0.07190	-0.72498	25.7	null	null	13113	60
2026-05-27T17:10:03.730	WT901BLE68(F3:F0:16:BF:DC:AE)	-0.162	-0.087	1.261	10.498	-5.859	-10.315	-7.58	19.12	-21.40	-80.700	29.693	-0.347	0.64676	0.22540	0.07190	-0.72498	25.7	null	null	13113	60
2026-05-27T17:10:03.853	WT901BLE68(F3:F0:16:BF:DC:AE)	-0.613	-0.433	0.918	-58.533	74.768	-22.217	-13.47	29.48	-24.93	-80.700	29.693	-0.347	0.64676	0.22540	0.07190	-0.72498	25.7	null	null	13113	60
2026-05-27T17:10:03.944	WT901BLE68(F3:F0:16:BF:DC:AE)	-0.577	-0.350	0.522	-14.099	17.395	-35.034	-19.42	32.33	-29.35	-80.700	29.693	-0.347	0.93594	-0.07120	0.29221	-0.18292	25.7	null	null	13113	60
2026-05-27T17:10:04.064	WT901BLE68(F3:F0:16:BF:DC:AE)	-0.604	-0.236	0.433	45.349	0.366	-40.039	-19.97	32.14	-33.17	-80.700	29.693	-0.347	0.93594	-0.07120	0.29221	-0.18292	25.7	null	null	13113	60
2026-05-27T17:10:04.153	WT901BLE68(F3:F0:16:BF:DC:AE)	-0.654	-0.084	0.552	116.699	-41.260	-58.411	-14.08	29.22	-37.18	-80.700	29.693	-0.347	0.93594	-0.07120	0.29221	-0.18292	25.7	null	null	13113	60
2026-05-27T17:10:04.275	WT901BLE68(F3:F0:16:BF:DC:AE)	-0.540	0.062	0.965	105.286	-26.306	-93.323	-6.65	25.44	-45.09	-80.700	29.693	-0.347	0.93594	-0.07120	0.29221	-0.18292	25.7	null	null	13113	60
2026-05-27T17:10:04.335	WT901BLE68(F3:F0:16:BF:DC:AE)	-0.446	0.062	1.039	74.585	17.578	-99.304	-2.33	25.18	-55.54	-80.700	29.693	-0.347	0.93594	-0.07120	0.29221	-0.18292	25.7	null	null	13113	60
2026-05-27T17:10:04.453	WT901BLE68(F3:F0:16:BF:DC:AE)	-0.532	0.144	1.046	69.519	14.465	-102.478	-0.02	27.65	-66.37	-80.700	29.693	-0.347	0.93594	-0.07120	0.29221	-0.18292	25.7	null	null	13113	60
2026-05-27T17:10:04.540	WT901BLE68(F3:F0:16:BF:DC:AE)	-0.833	0.238	1.095	39.063	31.067	-124.084	-0.75	30.48	-79.06	-80.700	29.693	-0.347	0.93594	-0.07120	0.29221	-0.18292	25.7	null	null	13113	60
2026-05-27T17:10:04.663	WT901BLE68(F3:F0:16:BF:DC:AE)	-0.396	-0.047	0.733	30.579	33.936	-130.127	-5.81	31.81	-94.47	-84.587	7.880	-9.247	0.93594	-0.07120	0.29221	-0.18292	25.7	null	null	13113	60
2026-05-27T17:10:04.752	WT901BLE68(F3:F0:16:BF:DC:AE)	-0.202	0.188	0.647	101.929	-99.426	-42.542	-2.91	28.70	-103.33	-84.587	7.880	-9.247	0.93594	-0.07120	0.29221	-0.18292	25.7	null	null	13113	60
2026-05-27T17:10:04.876	WT901BLE68(F3:F0:16:BF:DC:AE)	0.122	0.617	1.096	74.097	9.583	14.465	7.45	22.08	-105.78	-84.587	7.880	-9.247	0.59686	0.17789	0.13766	-0.77011	25.7	null	null	13113	60
2026-05-27T17:10:04.932	WT901BLE68(F3:F0:16:BF:DC:AE)	-0.323	0.539	1.349	-76.904	106.445	75.806	11.15	25.52	-99.17	-84.587	7.880	-9.247	0.59686	0.17789	0.13766	-0.77011	25.7	null	null	13113	60
2026-05-27T17:10:05.050	WT901BLE68(F3:F0:16:BF:DC:AE)	-0.670	0.342	0.982	-169.495	61.096	96.680	5.02	32.99	-87.21	-84.587	7.880	-9.247	0.59686	0.17789	0.13766	-0.77011	25.7	null	null	13113	60
2026-05-27T17:10:05.147	WT901BLE68(F3:F0:16:BF:DC:AE)	-0.919	0.133	0.612	-184.448	15.015	78.186	-5.33	36.72	-75.64	-84.587	7.880	-9.247	0.59686	0.17789	0.13766	-0.77011	25.7	null	null	13113	60
2026-05-27T17:10:05.263	WT901BLE68(F3:F0:16:BF:DC:AE)	-0.791	-0.174	0.536	-154.602	-36.316	58.472	-16.20	38.17	-66.86	-84.587	7.880	-9.247	0.59686	0.17789	0.13766	-0.77011	25.7	null	null	13113	60
2026-05-27T17:10:05.362	WT901BLE68(F3:F0:16:BF:DC:AE)	-0.660	-0.291	0.636	-99.487	-74.585	53.040	-23.06	36.30	-57.75	-84.587	7.880	-9.247	0.59686	0.17789	0.13766	-0.77011	25.7	null	null	13113	60
2026-05-27T17:10:05.472	WT901BLE68(F3:F0:16:BF:DC:AE)	-0.517	-0.451	0.658	-75.500	-76.843	58.716	-26.25	32.87	-47.52	-84.587	7.880	-9.247	0.59686	0.17789	0.13766	-0.77011	25.7	null	null	13113	60
2026-05-27T17:10:05.562	WT901BLE68(F3:F0:16:BF:DC:AE)	-0.346	-0.464	0.488	-38.696	-75.745	92.346	-27.20	30.54	-36.08	-89.407	14.367	-12.927	0.59686	0.17789	0.13766	-0.77011	25.7	null	null	13113	60
2026-05-27T17:10:05.683	WT901BLE68(F3:F0:16:BF:DC:AE)	-0.758	-0.125	0.383	47.668	-73.975	71.289	-21.92	30.68	-23.67	-89.407	14.367	-12.927	0.59686	0.17789	0.13766	-0.77011	25.7	null	null	13113	60
2026-05-27T17:10:05.741	WT901BLE68(F3:F0:16:BF:DC:AE)	-0.808	-0.103	1.048	73.608	-54.565	-6.226	-11.62	25.74	-16.45	-89.407	14.367	-12.927	0.95325	-0.09589	0.25977	-0.12067	25.7	null	null	13113	60
2026-05-27T17:10:05.861	WT901BLE68(F3:F0:16:BF:DC:AE)	-0.472	-0.481	1.291	-44.312	48.645	-15.869	-11.15	26.36	-17.53	-89.407	14.367	-12.927	0.95325	-0.09589	0.25977	-0.12067	25.7	null	null	13113	60
2026-05-27T17:10:05.961	WT901BLE68(F3:F0:16:BF:DC:AE)	-0.421	-0.263	0.845	-48.462	20.569	-10.071	-17.71	29.01	-19.06	-89.407	14.367	-12.927	0.95325	-0.09589	0.25977	-0.12067	25.7	null	null	13113	60
2026-05-27T17:10:06.072	WT901BLE68(F3:F0:16:BF:DC:AE)	-0.463	-0.328	0.427	-0.610	18.494	2.502	-21.64	30.66	-19.93	-89.407	14.367	-12.927	0.95325	-0.09589	0.25977	-0.12067	25.7	null	null	13113	60
2026-05-27T17:10:06.166	WT901BLE68(F3:F0:16:BF:DC:AE)	-0.753	-0.131	0.341	90.027	1.038	-12.756	-18.00	31.90	-19.93	-89.407	14.367	-12.927	0.95325	-0.09589	0.25977	-0.12067	25.7	null	null	13113	60
2026-05-27T17:10:06.285	WT901BLE68(F3:F0:16:BF:DC:AE)	-0.706	-0.074	0.716	114.014	-1.526	-59.082	-10.26	31.15	-23.46	-89.407	14.367	-12.927	0.95325	-0.09589	0.25977	-0.12067	25.7	null	null	13113	60
2026-05-27T17:10:06.342	WT901BLE68(F3:F0:16:BF:DC:AE)	-0.667	0.106	0.975	116.882	5.798	-87.769	-3.24	31.70	-31.76	-89.407	14.367	-12.927	0.95325	-0.09589	0.25977	-0.12067	25.7	null	null	13113	60
2026-05-27T17:10:06.462	WT901BLE68(F3:F0:16:BF:DC:AE)	-0.697	0.208	0.977	98.938	-3.235	-112.000	1.40	32.16	-43.14	-86.640	27.047	-8.400	0.95325	-0.09589	0.25977	-0.12067	25.7	null	null	13113	60
2026-05-27T17:10:06.561	WT901BLE68(F3:F0:16:BF:DC:AE)	-0.625	0.210	0.876	87.097	1.709	-147.156	2.69	32.89	-58.74	-86.640	27.047	-8.400	0.95325	-0.09589	0.25977	-0.12067	25.7	null	null	13113	60
2026-05-27T17:10:06.670	WT901BLE68(F3:F0:16:BF:DC:AE)	-0.310	0.176	0.860	63.538	19.226	-108.826	2.26	33.74	-74.52	-86.640	27.047	-8.400	0.81723	0.16577	0.23245	-0.50052	25.7	null	null	13113	60
2026-05-27T17:10:06.796	WT901BLE68(F3:F0:16:BF:DC:AE)	-0.491	0.265	0.705	80.994	-5.249	-48.035	4.28	35.93	-83.34	-86.640	27.047	-8.400	0.81723	0.16577	0.23245	-0.50052	25.7	null	null	13113	60
2026-05-27T17:10:06.885	WT901BLE68(F3:F0:16:BF:DC:AE)	-0.226	0.461	0.776	88.440	-86.365	12.634	12.23	29.78	-85.74	-86.640	27.047	-8.400	0.81723	0.16577	0.23245	-0.50052	25.7	null	null	13113	60
2026-05-27T17:10:06.971	WT901BLE68(F3:F0:16:BF:DC:AE)	-0.164	0.855	1.164	28.687	28.870	71.289	22.25	25.33	-81.56	-86.640	27.047	-8.400	0.81723	0.16577	0.23245	-0.50052	25.7	null	null	13113	60
2026-05-27T17:10:07.096	WT901BLE68(F3:F0:16:BF:DC:AE)	-0.413	0.851	0.839	-100.769	143.677	98.022	25.53	30.79	-67.13	-86.640	27.047	-8.400	0.81723	0.16577	0.23245	-0.50052	25.7	null	null	13113	60
2026-05-27T17:10:07.157	WT901BLE68(F3:F0:16:BF:DC:AE)	-0.805	0.583	0.610	-163.330	161.560	137.817	26.43	39.94	-44.37	-86.640	27.047	-8.400	0.81723	0.16577	0.23245	-0.50052	25.7	null	null	13113	60
2026-05-27T17:10:07.276	WT901BLE68(F3:F0:16:BF:DC:AE)	-1.119	0.495	0.388	-185.059	91.125	106.934	25.66	45.42	-20.55	-86.640	27.047	-8.400	0.81723	0.16577	0.23245	-0.50052	25.7	null	null	13113	60
2026-05-27T17:10:07.361	WT901BLE68(F3:F0:16:BF:DC:AE)	-0.991	0.224	0.247	-136.414	37.170	51.697	20.73	48.64	-6.50	-90.573	39.420	-33.313	0.81723	0.16577	0.23245	-0.50052	25.7	null	null	13113	60
2026-05-27T17:10:07.481	WT901BLE68(F3:F0:16:BF:DC:AE)	-0.903	0.133	0.320	-40.955	-21.667	19.348	16.94	49.22	-1.23	-90.573	39.420	-33.313	0.81723	0.16577	0.23245	-0.50052	25.7	null	null	13113	60
2026-05-27T17:10:07.572	WT901BLE68(F3:F0:16:BF:DC:AE)	-0.646	0.027	0.831	-30.823	-45.593	16.418	15.42	46.18	-1.03	-90.573	39.420	-33.313	0.90237	0.13425	0.40390	-0.06671	25.7	null	null	13113	60
2026-05-27T17:10:07.694	WT901BLE68(F3:F0:16:BF:DC:AE)	-0.501	0.020	0.813	-95.032	10.803	60.791	11.40	43.64	4.23	-90.573	39.420	-33.313	0.90237	0.13425	0.40390	-0.06671	25.7	null	null	13113	60
2026-05-27T17:10:07.752	WT901BLE68(F3:F0:16:BF:DC:AE)	-0.781	0.093	0.208	12.756	-77.881	44.006	10.71	41.18	12.35	-90.573	39.420	-33.313	0.90237	0.13425	0.40390	-0.06671	25.7	null	null	13113	60
2026-05-27T17:10:07.875	WT901BLE68(F3:F0:16:BF:DC:AE)	-0.721	0.349	0.716	94.543	-109.985	-28.381	17.53	29.79	8.51	-90.573	39.420	-33.313	0.90237	0.13425	0.40390	-0.06671	25.7	null	null	13113	60
2026-05-27T17:10:07.962	WT901BLE68(F3:F0:16:BF:DC:AE)	-0.451	-0.023	1.190	-50.781	117.493	-7.874	18.30	32.88	7.21	-90.573	39.420	-33.313	0.90237	0.13425	0.40390	-0.06671	25.7	null	null	13113	60
2026-05-27T17:10:08.085	WT901BLE68(F3:F0:16:BF:DC:AE)	-0.652	0.086	0.613	-34.607	81.543	-14.404	13.71	41.72	9.33	-90.573	39.420	-33.313	0.90237	0.13425	0.40390	-0.06671	25.7	null	null	13113	60
2026-05-27T17:10:08.176	WT901BLE68(F3:F0:16:BF:DC:AE)	-0.794	0.103	0.294	63.110	-20.203	-37.598	13.14	45.60	6.64	-90.573	39.420	-33.313	0.90237	0.13425	0.40390	-0.06671	25.7	null	null	13113	60
2026-05-27T17:10:08.294	WT901BLE68(F3:F0:16:BF:DC:AE)	-0.957	0.337	0.338	132.751	-64.392	-61.707	18.15	43.46	-1.98	-90.573	39.420	-33.313	0.90237	0.13425	0.40390	-0.06671	25.7	null	null	13113	60
2026-05-27T17:10:08.384	WT901BLE68(F3:F0:16:BF:DC:AE)	-0.881	0.478	0.670	127.441	-59.448	-100.037	22.86	41.87	-16.01	-90.573	39.420	-33.313	0.90237	0.13425	0.40390	-0.06671	25.7	null	null	13113	60
2026-05-27T17:10:08.503	WT901BLE68(F3:F0:16:BF:DC:AE)	-0.775	0.567	0.781	99.670	-58.777	-127.197	23.24	41.35	-34.25	-90.573	39.420	-33.313	0.90237	0.13425	0.40390	-0.06671	25.8	null	null	13113	60
2026-05-27T17:10:08.565	WT901BLE68(F3:F0:16:BF:DC:AE)	-0.812	0.480	0.644	72.327	-35.278	-147.888	19.18	42.26	-54.63	-90.573	39.420	-33.313	0.90237	0.13425	0.40390	-0.06671	25.8	null	null	13113	60
2026-05-27T17:10:08.682	WT901BLE68(F3:F0:16:BF:DC:AE)	-0.621	0.278	0.652	42.908	-40.833	-140.747	11.37	41.50	-76.38	-90.573	39.420	-33.313	0.90237	0.13425	0.40390	-0.06671	25.8	null	null	13113	60
2026-05-27T17:10:08.774	WT901BLE68(F3:F0:16:BF:DC:AE)	-0.450	0.192	0.449	81.177	-79.407	-89.111	7.81	38.20	-92.94	-92.793	18.200	-15.220	0.90237	0.13425	0.40390	-0.06671	25.8	null	null	13113	60
2026-05-27T17:10:08.893	WT901BLE68(F3:F0:16:BF:DC:AE)	-0.306	0.447	0.565	100.952	-80.078	-36.987	12.83	29.82	-102.70	-92.793	18.200	-15.220	0.90237	0.13425	0.40390	-0.06671	25.8	null	null	13113	60
2026-05-27T17:10:08.983	WT901BLE68(F3:F0:16:BF:DC:AE)	-0.087	0.825	1.336	-2.014	45.227	44.067	19.90	26.92	-102.27	-92.793	18.200	-15.220	0.56430	0.27127	0.03085	-0.77902	25.8	null	null	13113	60
2026-05-27T17:10:09.106	WT901BLE68(F3:F0:16:BF:DC:AE)	-0.404	0.517	1.086	-119.385	93.323	82.947	18.19	32.01	-91.71	-92.793	18.200	-15.220	0.56430	0.27127	0.03085	-0.77902	25.8	null	null	13113	60
2026-05-27T17:10:09.162	WT901BLE68(F3:F0:16:BF:DC:AE)	-0.628	0.458	0.778	-176.819	81.787	132.629	13.27	37.92	-75.25	-92.793	18.200	-15.220	0.56430	0.27127	0.03085	-0.77902	25.8	null	null	13113	60
2026-05-27T17:10:09.286	WT901BLE68(F3:F0:16:BF:DC:AE)	-1.125	0.316	0.541	-137.817	19.470	86.853	8.57	39.66	-60.26	-92.793	18.200	-15.220	0.56430	0.27127	0.03085	-0.77902	25.8	null	null	13113	60
2026-05-27T17:10:09.373	WT901BLE68(F3:F0:16:BF:DC:AE)	-0.923	-0.009	0.563	-104.370	-18.982	24.780	1.79	38.45	-55.45	-92.793	18.200	-15.220	0.56430	0.27127	0.03085	-0.77902	25.8	null	null	13113	60
2026-05-27T17:10:09.496	WT901BLE68(F3:F0:16:BF:DC:AE)	-0.628	-0.200	0.591	-92.041	-37.231	11.597	-6.27	36.09	-54.58	-92.793	18.200	-15.220	0.56430	0.27127	0.03085	-0.77902	25.8	null	null	13113	60
2026-05-27T17:10:09.583	WT901BLE68(F3:F0:16:BF:DC:AE)	-0.415	-0.333	0.569	-67.200	-9.277	37.476	-12.29	35.37	-51.77	-92.793	18.200	-15.220	0.56430	0.27127	0.03085	-0.77902	25.8	null	null	13113	60
2026-05-27T17:10:09.701	WT901BLE68(F3:F0:16:BF:DC:AE)	-0.567	-0.110	0.630	5.920	-34.912	55.786	-11.60	34.58	-45.33	-91.493	26.173	-13.807	0.56430	0.27127	0.03085	-0.77902	25.8	null	null	13113	60
2026-05-27T17:10:09.795	WT901BLE68(F3:F0:16:BF:DC:AE)	-0.448	0.004	0.771	55.969	-77.271	11.597	-5.10	29.01	-41.00	-91.493	26.173	-13.807	0.56430	0.27127	0.03085	-0.77902	25.8	null	null	13113	60
2026-05-27T17:10:09.915	WT901BLE68(F3:F0:16:BF:DC:AE)	-0.677	-0.241	1.019	-22.644	52.979	-8.301	-4.49	31.24	-41.74	-91.493	26.173	-13.807	0.91019	0.05615	0.24188	-0.33136	25.8	null	null	13113	60
2026-05-27T17:10:09.972	WT901BLE68(F3:F0:16:BF:DC:AE)	-0.528	-0.229	0.771	-21.729	24.719	-28.015	-9.57	35.46	-45.63	-91.493	26.173	-13.807	0.91019	0.05615	0.24188	-0.33136	25.8	null	null	13113	60
2026-05-27T17:10:10.091	WT901BLE68(F3:F0:16:BF:DC:AE)	-0.562	-0.203	0.501	11.169	20.813	-17.151	-12.34	37.41	-49.33	-91.493	26.173	-13.807	0.91019	0.05615	0.24188	-0.33136	25.8	null	null	13113	60
2026-05-27T17:10:10.185	WT901BLE68(F3:F0:16:BF:DC:AE)	-0.664	-0.144	0.416	80.994	-17.700	-11.536	-8.30	37.33	-51.14	-91.493	26.173	-13.807	0.91019	0.05615	0.24188	-0.33136	25.8	null	null	13113	60
2026-05-27T17:10:10.305	WT901BLE68(F3:F0:16:BF:DC:AE)	-0.714	0.018	0.786	103.271	2.075	-30.640	-0.27	37.39	-53.71	-91.493	26.173	-13.807	0.91019	0.05615	0.24188	-0.33136	25.8	null	null	13113	60
2026-05-27T17:10:10.392	WT901BLE68(F3:F0:16:BF:DC:AE)	-0.725	0.161	0.941	90.515	-22.888	-61.157	6.06	37.32	-59.73	-91.493	26.173	-13.807	0.91019	0.05615	0.24188	-0.33136	25.8	null	null	13113	60
2026-05-27T17:10:10.516	WT901BLE68(F3:F0:16:BF:DC:AE)	-0.733	0.221	0.889	59.570	-1.648	-96.252	7.93	36.94	-69.88	-91.493	26.173	-13.807	0.91019	0.05615	0.24188	-0.33136	25.8	null	null	13113	60
2026-05-27T17:10:10.572	WT901BLE68(F3:F0:16:BF:DC:AE)	-0.696	0.185	0.689	57.129	-5.066	-122.925	5.13	38.13	-84.28	-90.173	19.253	-16.133	0.91019	0.05615	0.24188	-0.33136	25.8	null	null	13113	60
2026-05-27T17:10:10.695	WT901BLE68(F3:F0:16:BF:DC:AE)	-0.407	0.112	0.643	104.614	-0.854	-101.013	3.69	38.85	-99.89	-90.173	19.253	-16.133	0.91019	0.05615	0.24188	-0.33136	25.8	null	null	13113	60
2026-05-27T17:10:10.815	WT901BLE68(F3:F0:16:BF:DC:AE)	-0.076	0.477	0.835	109.314	-150.513	-27.954	9.28	32.08	-109.57	-90.173	19.253	-16.133	0.57205	0.28452	0.17389	-0.74930	25.8	null	null	13113	60
2026-05-27T17:10:10.904	WT901BLE68(F3:F0:16:BF:DC:AE)	0.005	0.722	1.399	-31.006	59.814	53.894	16.00	26.16	-110.59	-90.173	19.253	-16.133	0.57205	0.28452	0.17389	-0.74930	25.8	null	null	13113	60
2026-05-27T17:10:10.998	WT901BLE68(F3:F0:16:BF:DC:AE)	-0.519	0.521	1.032	-144.775	52.917	98.816	13.02	30.74	-100.09	-90.173	19.253	-16.133	0.57205	0.28452	0.17389	-0.74930	25.8	null	null	13113	60
2026-05-27T17:10:11.113	WT901BLE68(F3:F0:16:BF:DC:AE)	-0.707	0.350	0.710	-172.668	37.964	106.567	5.00	33.06	-87.53	-90.173	19.253	-16.133	0.57205	0.28452	0.17389	-0.74930	25.8	null	null	13113	60
2026-05-27T17:10:11.203	WT901BLE68(F3:F0:16:BF:DC:AE)	-0.749	0.074	0.526	-148.621	9.949	98.877	-3.00	35.21	-75.43	-90.173	19.253	-16.133	0.57205	0.28452	0.17389	-0.74930	25.8	null	null	13113	60
2026-05-27T17:10:11.326	WT901BLE68(F3:F0:16:BF:DC:AE)	-0.710	-0.108	0.556	-98.267	-23.621	83.130	-7.60	35.89	-64.41	-90.173	19.253	-16.133	0.57205	0.28452	0.17389	-0.74930	25.8	null	null	13113	60
2026-05-27T17:10:11.380	WT901BLE68(F3:F0:16:BF:DC:AE)	-0.750	-0.283	0.797	-78.125	-27.832	55.908	-10.36	35.89	-55.67	-90.173	19.253	-16.133	0.57205	0.28452	0.17389	-0.74930	25.8	null	null	13113	60
2026-05-27T17:10:11.503	WT901BLE68(F3:F0:16:BF:DC:AE)	-0.467	-0.357	0.632	-82.642	-30.518	53.894	-14.62	34.52	-49.04	-89.920	20.780	-15.160	0.57205	0.28452	0.17389	-0.74930	25.8	null	null	13113	60
2026-05-27T17:10:11.593	WT901BLE68(F3:F0:16:BF:DC:AE)	-0.701	-0.099	0.576	-4.333	-64.697	83.557	-14.47	33.62	-38.78	-89.920	20.780	-15.160	0.57205	0.28452	0.17389	-0.74930	25.8	null	null	13113	60
2026-05-27T17:10:11.711	WT901BLE68(F3:F0:16:BF:DC:AE)	-0.850	0.069	0.694	56.458	-50.293	0.122	-7.36	28.55	-32.14	-89.920	20.780	-15.160	0.91672	-0.01733	0.29831	-0.26501	25.8	null	null	13113	60
2026-05-27T17:10:11.802	WT901BLE68(F3:F0:16:BF:DC:AE)	-0.664	-0.373	0.959	-43.701	68.848	-26.001	-9.21	32.77	-34.68	-89.920	20.780	-15.160	0.91672	-0.01733	0.29831	-0.26501	25.8	null	null	13113	60
2026-05-27T17:10:11.925	WT901BLE68(F3:F0:16:BF:DC:AE)	-0.430	-0.304	0.615	-6.226	48.340	-10.864	-14.83	37.71	-38.71	-89.920	20.780	-15.160	0.91672	-0.01733	0.29831	-0.26501	25.8	null	null	13113	60
2026-05-27T17:10:11.982	WT901BLE68(F3:F0:16:BF:DC:AE)	-0.729	-0.176	0.415	38.879	23.560	-0.610	-14.46	40.84	-40.04	-89.920	20.780	-15.160	0.91672	-0.01733	0.29831	-0.26501	25.8	null	null	13113	60
2026-05-27T17:10:12.104	WT901BLE68(F3:F0:16:BF:DC:AE)	-0.902	0.013	0.485	101.501	-21.301	-31.433	-8.48	41.33	-41.66	-89.920	20.780	-15.160	0.91672	-0.01733	0.29831	-0.26501	25.8	null	null	13113	60
2026-05-27T17:10:12.192	WT901BLE68(F3:F0:16:BF:DC:AE)	-0.825	0.139	0.682	120.789	-30.701	-85.144	-2.14	39.66	-49.16	-89.920	20.780	-15.160	0.91672	-0.01733	0.29831	-0.26501	25.8	null	null	13113	60
2026-05-27T17:10:12.315	WT901BLE68(F3:F0:16:BF:DC:AE)	-0.645	0.269	0.895	117.065	-39.490	-111.084	2.57	37.08	-62.31	-89.920	20.780	-15.160	0.91672	-0.01733	0.29831	-0.26501	25.8	null	null	13113	60
2026-05-27T17:10:12.402	WT901BLE68(F3:F0:16:BF:DC:AE)	-0.651	0.278	0.949	88.135	-2.991	-124.207	4.67	36.18	-77.64	-89.120	24.067	-15.180	0.91672	-0.01733	0.29831	-0.26501	25.8	null	null	13113	60
2026-05-27T17:10:12.529	WT901BLE68(F3:F0:16:BF:DC:AE)	-0.593	0.210	0.853	66.528	-19.592	-121.277	3.54	36.27	-93.54	-89.120	24.067	-15.180	0.91672	-0.01733	0.29831	-0.26501	25.8	null	null	13113	60
2026-05-27T17:10:12.613	WT901BLE68(F3:F0:16:BF:DC:AE)	-0.287	0.120	0.703	84.595	-36.377	-94.849	3.35	33.03	-108.03	-89.120	24.067	-15.180	0.59888	0.24713	0.17258	-0.74188	25.8	null	null	13113	60
2026-05-27T17:10:12.737	WT901BLE68(F3:F0:16:BF:DC:AE)	-0.234	0.309	0.838	99.426	-65.613	-24.841	9.16	27.90	-116.13	-89.120	24.067	-15.180	0.59888	0.24713	0.17258	-0.74188	25.8	null	null	13113	60
2026-05-27T17:10:12.791	WT901BLE68(F3:F0:16:BF:DC:AE)	0.268	0.784	0.842	87.708	-9.644	39.063	18.75	22.31	-117.89	-89.120	24.067	-15.180	0.59888	0.24713	0.17258	-0.74188	25.8	null	null	13113	60
2026-05-27T17:10:12.915	WT901BLE68(F3:F0:16:BF:DC:AE)	-0.414	0.813	1.205	-42.480	136.658	83.984	25.60	25.76	-108.23	-89.120	24.067	-15.180	0.59888	0.24713	0.17258	-0.74188	25.8	null	null	13113	60
2026-05-27T17:10:13.005	WT901BLE68(F3:F0:16:BF:DC:AE)	-0.606	0.610	0.962	-162.231	134.094	93.811	23.28	32.87	-92.69	-89.120	24.067	-15.180	0.59888	0.24713	0.17258	-0.74188	25.8	null	null	13113	60
2026-05-27T17:10:13.127	WT901BLE68(F3:F0:16:BF:DC:AE)	-0.943	0.312	0.662	-192.383	73.059	53.650	13.30	39.89	-80.01	-89.120	24.067	-15.180	0.59888	0.24713	0.17258	-0.74188	25.8	null	null	13113	60
2026-05-27T17:10:13.212	WT901BLE68(F3:F0:16:BF:DC:AE)	-0.839	0.062	0.523	-160.767	-15.808	18.005	-0.01	40.91	-75.83	-89.120	24.067	-15.180	0.59888	0.24713	0.17258	-0.74188	25.8	null	null	13113	60
2026-05-27T17:10:13.336	WT901BLE68(F3:F0:16:BF:DC:AE)	-0.662	-0.150	0.483	-116.516	-45.715	5.188	-11.12	37.94	-74.58	-93.913	22.607	-22.240	0.59888	0.24713	0.17258	-0.74188	25.8	null	null	13113	60
2026-05-27T17:10:13.391	WT901BLE68(F3:F0:16:BF:DC:AE)	-0.463	-0.401	0.543	-77.576	-41.504	19.104	-18.47	35.71	-72.84	-93.913	22.607	-22.240	0.59888	0.24713	0.17258	-0.74188	25.8	null	null	13113	60
2026-05-27T17:10:13.512	WT901BLE68(F3:F0:16:BF:DC:AE)	-0.328	-0.479	0.483	-43.884	-0.305	82.153	-20.96	35.30	-66.12	-93.913	22.607	-22.240	0.78754	0.05090	0.33511	-0.51456	25.8	null	null	13113	60
2026-05-27T17:10:13.606	WT901BLE68(F3:F0:16:BF:DC:AE)	-0.780	-0.050	0.516	56.458	-66.284	51.331	-14.96	35.88	-56.12	-93.913	22.607	-22.240	0.78754	0.05090	0.33511	-0.51456	25.8	null	null	13113	60
2026-05-27T17:10:13.728	WT901BLE68(F3:F0:16:BF:DC:AE)	-0.653	-0.245	1.065	44.556	-15.381	-23.804	-7.93	30.06	-54.45	-93.913	22.607	-22.240	0.78754	0.05090	0.33511	-0.51456	25.8	null	null	13113	60
2026-05-27T17:10:13.813	WT901BLE68(F3:F0:16:BF:DC:AE)	-0.520	-0.345	0.952	-32.837	75.134	-21.851	-11.06	34.54	-58.30	-93.913	22.607	-22.240	0.78754	0.05090	0.33511	-0.51456	25.8	null	null	13113	60
2026-05-27T17:10:13.934	WT901BLE68(F3:F0:16:BF:DC:AE)	-0.635	-0.203	0.521	11.414	36.072	-20.630	-15.42	39.61	-62.89	-93.913	22.607	-22.240	0.78754	0.05090	0.33511	-0.51456	25.8	null	null	13113	60
2026-05-27T17:10:14.025	WT901BLE68(F3:F0:16:BF:DC:AE)	-0.592	-0.160	0.398	74.585	-7.690	-17.273	-12.88	39.40	-65.54	-93.913	22.607	-22.240	0.78754	0.05090	0.33511	-0.51456	25.8	null	null	13113	60
2026-05-27T17:10:14.144	WT901BLE68(F3:F0:16:BF:DC:AE)	-0.683	-0.066	0.750	92.102	4.211	-23.560	-6.02	39.17	-68.33	-93.913	22.607	-22.240	0.78754	0.05090	0.33511	-0.51456	25.8	null	null	13113	60
2026-05-27T17:10:14.202	WT901BLE68(F3:F0:16:BF:DC:AE)	-0.742	0.018	0.890	81.665	0.183	-41.260	-0.20	39.51	-72.79	-90.433	23.953	-18.073	0.78754	0.05090	0.33511	-0.51456	25.8	null	null	13113	60
2026-05-27T17:10:14.326	WT901BLE68(F3:F0:16:BF:DC:AE)	-0.762	0.043	0.841	61.401	10.498	-63.110	2.22	40.24	-79.97	-90.433	23.953	-18.073	0.78754	0.05090	0.33511	-0.51456	25.8	null	null	13113	60
2026-05-27T17:10:14.412	WT901BLE68(F3:F0:16:BF:DC:AE)	-0.824	0.097	0.695	58.228	12.268	-86.670	1.37	41.93	-90.31	-90.433	23.953	-18.073	0.69623	0.24493	0.24866	-0.62717	25.8	null	null	13113	60
2026-05-27T17:10:14.534	WT901BLE68(F3:F0:16:BF:DC:AE)	-0.700	0.157	0.560	77.881	-17.029	-95.703	-0.18	41.80	-103.33	-90.433	23.953	-18.073	0.69623	0.24493	0.24866	-0.62717	25.8	null	null	13113	60
2026-05-27T17:10:14.621	WT901BLE68(F3:F0:16:BF:DC:AE)	-0.521	0.195	0.597	125.977	-42.358	-68.420	3.53	39.24	-114.84	-90.433	23.953	-18.073	0.69623	0.24493	0.24866	-0.62717	25.8	null	null	13113	60
2026-05-27T17:10:14.743	WT901BLE68(F3:F0:16:BF:DC:AE)	-0.058	0.438	0.771	110.596	-81.238	-25.452	11.87	31.51	-122.38	-90.433	23.953	-18.073	0.69623	0.24493	0.24866	-0.62717	25.8	null	null	13113	60
2026-05-27T17:10:14.804	WT901BLE68(F3:F0:16:BF:DC:AE)	-0.221	0.620	1.340	-3.113	85.999	54.565	18.83	30.98	-119.30	-90.433	23.953	-18.073	0.69623	0.24493	0.24866	-0.62717	25.8	null	null	13113	60
2026-05-27T17:10:14.923	WT901BLE68(F3:F0:16:BF:DC:AE)	-0.494	0.491	1.040	-95.337	72.754	89.844	19.08	33.59	-108.38	-90.433	23.953	-18.073	0.69623	0.24493	0.24866	-0.62717	25.8	null	null	13113	60
2026-05-27T17:10:15.014	WT901BLE68(F3:F0:16:BF:DC:AE)	-0.760	0.426	0.814	-165.161	74.280	94.299	13.44	36.67	-95.05	-90.433	23.953	-18.073	0.69623	0.24493	0.24866	-0.62717	25.8	null	null	13113	60
2026-05-27T17:10:15.133	WT901BLE68(F3:F0:16:BF:DC:AE)	-0.855	0.163	0.638	-177.795	24.109	66.223	3.35	39.65	-84.57	-89.073	11.213	-18.353	0.69623	0.24493	0.24866	-0.62717	25.8	null	null	13113	60
2026-05-27T17:10:15.226	WT901BLE68(F3:F0:16:BF:DC:AE)	-0.797	-0.017	0.477	-127.991	-41.931	46.143	-5.88	38.42	-78.32	-89.073	11.213	-18.353	0.69623	0.24493	0.24866	-0.62717	25.8	null	null	13113	60
2026-05-27T17:10:15.342	WT901BLE68(F3:F0:16:BF:DC:AE)	-0.664	-0.071	0.505	-94.788	-30.701	48.584	-11.54	36.07	-72.31	-89.073	11.213	-18.353	0.75558	0.14716	0.29132	-0.56784	25.8	null	null	13113	60
2026-05-27T17:10:15.434	WT901BLE68(F3:F0:16:BF:DC:AE)	-0.507	-0.331	0.650	-82.947	-16.235	60.059	-15.44	36.01	-65.40	-89.073	11.213	-18.353	0.75558	0.14716	0.29132	-0.56784	25.8	null	null	13113	60
2026-05-27T17:10:15.554	WT901BLE68(F3:F0:16:BF:DC:AE)	-0.574	-0.323	0.566	-31.372	-46.387	51.636	-16.84	35.47	-57.71	-89.073	11.213	-18.353	0.75558	0.14716	0.29132	-0.56784	25.8	null	null	13113	60
2026-05-27T17:10:15.614	WT901BLE68(F3:F0:16:BF:DC:AE)	-0.651	-0.287	0.581	39.001	-30.762	19.287	-12.73	33.77	-52.73	-89.073	11.213	-18.353	0.75558	0.14716	0.29132	-0.56784	25.8	null	null	13113	60
2026-05-27T17:10:15.736	WT901BLE68(F3:F0:16:BF:DC:AE)	-0.637	-0.401	0.945	-14.526	38.025	-17.395	-12.79	35.33	-53.33	-89.073	11.213	-18.353	0.75558	0.14716	0.29132	-0.56784	25.8	null	null	13113	60
2026-05-27T17:10:15.821	WT901BLE68(F3:F0:16:BF:DC:AE)	-0.472	-0.384	0.820	-27.588	31.738	-34.546	-18.98	37.31	-58.44	-89.073	11.213	-18.353	0.75558	0.14716	0.29132	-0.56784	25.8	null	null	13113	60
2026-05-27T17:10:15.945	WT901BLE68(F3:F0:16:BF:DC:AE)	-0.564	-0.378	0.380	32.349	6.653	2.014	-22.66	41.04	-63.21	-89.073	11.213	-18.353	0.75558	0.14716	0.29132	-0.56784	25.8	null	null	13113	60
2026-05-27T17:10:16.034	WT901BLE68(F3:F0:16:BF:DC:AE)	-0.908	-0.142	0.235	122.803	14.038	-14.648	-17.09	43.67	-65.18	-92.473	30.627	-12.833	0.75558	0.14716	0.29132	-0.56784	25.8	null	null	13113	60
2026-05-27T17:10:16.160	WT901BLE68(F3:F0:16:BF:DC:AE)	-0.874	-0.019	0.670	125.061	11.169	-60.059	-8.42	43.47	-70.20	-92.473	30.627	-12.833	0.75558	0.14716	0.29132	-0.56784	25.8	null	null	13113	60
2026-05-27T17:10:16.210	WT901BLE68(F3:F0:16:BF:DC:AE)	-0.726	0.095	0.865	109.985	-11.292	-77.026	-3.15	43.42	-80.02	-92.473	30.627	-12.833	0.74399	0.19431	0.32092	-0.55283	25.8	null	null	13113	60
2026-05-27T17:10:16.336	WT901BLE68(F3:F0:16:BF:DC:AE)	-0.713	0.159	0.858	83.374	-14.465	-90.637	-0.48	41.82	-91.54	-92.473	30.627	-12.833	0.74399	0.19431	0.32092	-0.55283	25.8	null	null	13113	60
2026-05-27T17:10:16.424	WT901BLE68(F3:F0:16:BF:DC:AE)	-0.704	0.101	0.751	54.260	14.343	-96.741	-1.53	41.48	-104.60	-92.473	30.627	-12.833	0.74399	0.19431	0.32092	-0.55283	25.8	null	null	13113	60
2026-05-27T17:10:16.543	WT901BLE68(F3:F0:16:BF:DC:AE)	-0.678	0.127	0.629	72.876	-21.606	-89.783	-3.46	41.53	-117.72	-92.473	30.627	-12.833	0.74399	0.19431	0.32092	-0.55283	25.8	null	null	13113	60
2026-05-27T17:10:16.633	WT901BLE68(F3:F0:16:BF:DC:AE)	-0.510	0.188	0.598	124.146	-96.680	-68.542	0.03	36.71	-128.69	-92.473	30.627	-12.833	0.74399	0.19431	0.32092	-0.55283	25.8	null	null	13113	60
2026-05-27T17:10:16.785	WT901BLE68(F3:F0:16:BF:DC:AE)	0.071	0.417	0.985	99.609	-51.575	-19.043	8.81	26.43	-136.41	-92.473	30.627	-12.833	0.74399	0.19431	0.32092	-0.55283	25.8	null	null	13113	60
2026-05-27T17:10:16.815	WT901BLE68(F3:F0:16:BF:DC:AE)	-0.236	0.645	1.288	-11.780	69.336	55.298	15.74	26.12	-134.59	-92.473	30.627	-12.833	0.74399	0.19431	0.32092	-0.55283	25.8	null	null	13113	60
2026-05-27T17:10:16.964	WT901BLE68(F3:F0:16:BF:DC:AE)	-0.539	0.369	1.071	-113.098	78.918	82.153	14.94	30.92	-124.92	-77.260	-3.573	-2.173	0.74399	0.19431	0.32092	-0.55283	25.8	null	null	13113	60
2026-05-27T17:10:17.021	WT901BLE68(F3:F0:16:BF:DC:AE)	-0.655	0.207	0.745	-147.949	31.616	81.299	8.10	33.96	-114.38	-77.260	-3.573	-2.173	0.74399	0.19431	0.32092	-0.55283	25.8	null	null	13113	60
2026-05-27T17:10:17.141	WT901BLE68(F3:F0:16:BF:DC:AE)	-0.768	0.049	0.556	-115.723	13.428	62.622	0.38	35.71	-105.60	-77.260	-3.573	-2.173	0.51236	0.27615	0.11459	-0.80496	25.8	null	null	13113	60
2026-05-27T17:10:17.234	WT901BLE68(F3:F0:16:BF:DC:AE)	-0.649	-0.153	0.716	-73.792	-23.071	40.161	-4.54	36.04	-99.90	-77.260	-3.573	-2.173	0.51236	0.27615	0.11459	-0.80496	25.8	null	null	13113	60
2026-05-27T17:10:17.359	WT901BLE68(F3:F0:16:BF:DC:AE)	-0.471	-0.189	0.812	-76.294	-24.963	55.054	-8.17	34.61	-94.74	-77.260	-3.573	-2.173	0.51236	0.27615	0.11459	-0.80496	25.8	null	null	13113	60
2026-05-27T17:10:17.444	WT901BLE68(F3:F0:16:BF:DC:AE)	-0.550	-0.080	0.646	-40.466	-10.315	75.378	-9.85	34.92	-86.82	-77.260	-3.573	-2.173	0.51236	0.27615	0.11459	-0.80496	25.8	null	null	13113	60
2026-05-27T17:10:17.564	WT901BLE68(F3:F0:16:BF:DC:AE)	-0.755	-0.100	0.582	34.912	-58.838	36.804	-5.90	32.58	-79.62	-77.260	-3.573	-2.173	0.51236	0.27615	0.11459	-0.80496	25.8	null	null	13113	60
2026-05-27T17:10:17.622	WT901BLE68(F3:F0:16:BF:DC:AE)	-0.641	-0.225	1.079	-22.095	36.743	-2.686	-3.46	30.84	-78.17	-77.260	-3.573	-2.173	0.51236	0.27615	0.11459	-0.80496	25.8	null	null	13113	60
2026-05-27T17:10:17.743	WT901BLE68(F3:F0:16:BF:DC:AE)	-0.524	-0.214	0.854	-37.170	43.030	-14.893	-8.38	34.65	-80.25	-77.260	-3.573	-2.173	0.51236	0.27615	0.11459	-0.80496	25.8	null	null	13113	60
2026-05-27T17:10:17.832	WT901BLE68(F3:F0:16:BF:DC:AE)	-0.672	-0.179	0.479	16.541	2.075	-8.789	-11.72	39.03	-83.29	-90.293	28.820	-12.033	0.51236	0.27615	0.11459	-0.80496	25.8	null	null	13113	60
2026-05-27T17:10:17.951	WT901BLE68(F3:F0:16:BF:DC:AE)	-0.736	-0.092	0.435	93.933	-20.142	-21.973	-7.28	37.09	-84.86	-90.293	28.820	-12.033	0.51236	0.27615	0.11459	-0.80496	25.8	null	null	13113	60
2026-05-27T17:10:18.043	WT901BLE68(F3:F0:16:BF:DC:AE)	-0.761	-0.047	0.857	85.083	11.475	-51.636	-1.31	36.24	-89.44	-90.293	28.820	-12.033	0.70154	0.18567	0.25311	-0.63968	25.8	null	null	13113	60
2026-05-27T17:10:18.165	WT901BLE68(F3:F0:16:BF:DC:AE)	-0.738	0.080	0.914	73.364	-2.808	-86.304	1.14	36.74	-98.39	-90.293	28.820	-12.033	0.70154	0.18567	0.25311	-0.63968	25.8	null	null	13113	60
2026-05-27T17:10:18.260	WT901BLE68(F3:F0:16:BF:DC:AE)	-0.723	0.129	0.862	57.922	-1.587	-115.479	0.19	36.82	-111.40	-90.293	28.820	-12.033	0.70154	0.18567	0.25311	-0.63968	25.8	null	null	13113	60
2026-05-27T17:10:18.373	WT901BLE68(F3:F0:16:BF:DC:AE)	-0.623	0.080	0.695	52.002	22.217	-131.226	-3.67	37.69	-127.70	-90.293	28.820	-12.033	0.70154	0.18567	0.25311	-0.63968	25.8	null	null	13113	60
2026-05-27T17:10:18.436	WT901BLE68(F3:F0:16:BF:DC:AE)	-0.458	0.033	0.600	82.275	3.052	-99.182	-6.04	38.47	-143.43	-90.293	28.820	-12.033	0.70154	0.18567	0.25311	-0.63968	25.8	null	null	13113	60
2026-05-27T17:10:18.558	WT901BLE68(F3:F0:16:BF:DC:AE)	-0.481	0.214	0.782	124.939	-57.556	-34.302	0.11	35.58	-152.17	-90.293	28.820	-12.033	0.70154	0.18567	0.25311	-0.63968	25.8	null	null	13113	60
2026-05-27T17:10:18.643	WT901BLE68(F3:F0:16:BF:DC:AE)	0.122	0.712	1.078	68.848	-13.733	32.410	10.28	28.41	-153.89	-90.293	28.820	-12.033	0.70154	0.18567	0.25311	-0.63968	25.8	null	null	13113	60
2026-05-27T17:10:18.763	WT901BLE68(F3:F0:16:BF:DC:AE)	-0.358	0.545	1.339	-75.806	81.848	75.256	13.17	30.97	-146.67	-76.760	-6.600	-3.447	0.70154	0.18567	0.25311	-0.63968	25.8	null	null	13113	60
2026-05-27T17:10:18.862	WT901BLE68(F3:F0:16:BF:DC:AE)	-0.595	0.448	0.813	-149.963	61.035	101.318	8.36	35.62	-134.83	-76.760	-6.600	-3.447	0.70154	0.18567	0.25311	-0.63968	25.8	null	null	13113	60
2026-05-27T17:10:18.971	WT901BLE68(F3:F0:16:BF:DC:AE)	-0.888	0.316	0.544	-159.912	33.813	117.004	2.53	38.69	-120.76	-76.760	-6.600	-3.447	0.38446	0.30688	0.08652	-0.86627	25.8	null	null	13113	60
2026-05-27T17:10:19.031	WT901BLE68(F3:F0:16:BF:DC:AE)	-0.978	0.067	0.495	-137.512	9.399	98.938	-1.72	41.06	-107.00	-76.760	-6.600	-3.447	0.38446	0.30688	0.08652	-0.86627	25.8	null	null	13113	60
2026-05-27T17:10:19.157	WT901BLE68(F3:F0:16:BF:DC:AE)	-0.949	-0.199	0.602	-110.291	-24.292	66.345	-5.59	41.93	-96.46	-76.760	-6.600	-3.447	0.38446	0.30688	0.08652	-0.86627	25.8	null	null	13113	60
2026-05-27T17:10:19.244	WT901BLE68(F3:F0:16:BF:DC:AE)	-0.666	-0.241	0.670	-98.755	-27.100	56.335	-10.58	40.47	-88.21	-76.760	-6.600	-3.447	0.38446	0.30688	0.08652	-0.86627	25.8	null	null	13113	60
2026-05-27T17:10:19.363	WT901BLE68(F3:F0:16:BF:DC:AE)	-0.566	-0.202	0.540	-68.359	-38.696	70.557	-13.67	39.08	-79.06	-76.760	-6.600	-3.447	0.38446	0.30688	0.08652	-0.86627	25.8	null	null	13113	60
2026-05-27T17:10:19.460	WT901BLE68(F3:F0:16:BF:DC:AE)	-0.652	-0.343	0.334	25.330	-49.500	58.960	-10.65	37.10	-69.73	-76.760	-6.600	-3.447	0.38446	0.30688	0.08652	-0.86627	25.8	null	null	13113	60
2026-05-27T17:10:19.575	WT901BLE68(F3:F0:16:BF:DC:AE)	-0.827	-0.304	0.991	-15.564	18.799	10.559	-7.06	37.02	-64.73	-76.760	-6.600	-3.447	0.38446	0.30688	0.08652	-0.86627	25.8	null	null	13113	60
2026-05-27T17:10:19.632	WT901BLE68(F3:F0:16:BF:DC:AE)	-0.713	-0.366	0.739	-31.921	23.315	-35.889	-13.03	39.89	-67.43	-85.393	33.433	-9.327	0.38446	0.30688	0.08652	-0.86627	25.8	null	null	13113	60
2026-05-27T17:10:19.787	WT901BLE68(F3:F0:16:BF:DC:AE)	-0.583	-0.289	0.440	10.620	18.066	-33.752	-18.12	40.73	-72.53	-85.393	33.433	-9.327	0.38446	0.30688	0.08652	-0.86627	25.8	null	null	13113	60
2026-05-27T17:10:19.840	WT901BLE68(F3:F0:16:BF:DC:AE)	-0.684	-0.271	0.353	78.857	12.268	-30.518	-16.83	40.86	-76.51	-85.393	33.433	-9.327	0.76788	0.09174	0.36279	-0.51981	25.8	null	null	13113	60
2026-05-27T17:10:19.965	WT901BLE68(F3:F0:16:BF:DC:AE)	-0.885	0.011	0.507	139.465	-22.400	-45.837	-8.81	40.95	-80.68	-85.393	33.433	-9.327	0.76788	0.09174	0.36279	-0.51981	25.8	null	null	13113	60
2026-05-27T17:10:20.059	WT901BLE68(F3:F0:16:BF:DC:AE)	-0.817	0.119	0.826	122.131	-10.437	-83.618	-1.58	39.91	-89.40	-85.393	33.433	-9.327	0.76788	0.09174	0.36279	-0.51981	25.8	null	null	13113	60
2026-05-27T17:10:20.175	WT901BLE68(F3:F0:16:BF:DC:AE)	-0.719	0.187	0.914	91.614	-11.963	-102.844	1.19	38.73	-102.05	-85.393	33.433	-9.327	0.76788	0.09174	0.36279	-0.51981	25.8	null	null	13113	60
2026-05-27T17:10:20.264	WT901BLE68(F3:F0:16:BF:DC:AE)	-0.757	0.220	0.900	58.533	-7.507	-119.629	0.02	37.90	-116.64	-85.393	33.433	-9.327	0.76788	0.09174	0.36279	-0.51981	25.8	null	null	13113	60
2026-05-27T17:10:20.386	WT901BLE68(F3:F0:16:BF:DC:AE)	-0.695	0.163	0.795	30.334	0.854	-138.977	-5.46	37.41	-133.76	-85.393	33.433	-9.327	0.76788	0.09174	0.36279	-0.51981	25.8	null	null	13113	60
2026-05-27T17:10:20.444	WT901BLE68(F3:F0:16:BF:DC:AE)	-0.405	0.021	0.573	59.021	2.014	-103.699	-9.00	35.90	-148.93	-85.393	33.433	-9.327	0.76788	0.09174	0.36279	-0.51981	25.8	null	null	13113	60
2026-05-27T17:10:20.560	WT901BLE68(F3:F0:16:BF:DC:AE)	-0.661	0.139	0.813	122.742	-85.266	-32.410	-1.92	32.34	-155.88	-85.587	-1.540	-15.327	0.76788	0.09174	0.36279	-0.51981	25.8	null	null	13113	60
2026-05-27T17:10:20.660	WT901BLE68(F3:F0:16:BF:DC:AE)	-0.260	0.841	1.239	56.885	-35.400	44.678	10.13	24.48	-154.41	-85.587	-1.540	-15.327	0.76788	0.09174	0.36279	-0.51981	25.8	null	null	13113	60
2026-05-27T17:10:20.776	WT901BLE68(F3:F0:16:BF:DC:AE)	-0.473	0.485	1.155	-59.814	57.495	73.181	12.16	26.11	-146.40	-85.587	-1.540	-15.327	0.20474	0.22092	-0.04550	-0.95242	25.8	null	null	13113	60
2026-05-27T17:10:20.864	WT901BLE68(F3:F0:16:BF:DC:AE)	-0.469	0.353	0.796	-104.736	69.031	96.436	8.77	29.83	-135.76	-85.587	-1.540	-15.327	0.20474	0.22092	-0.04550	-0.95242	25.8	null	null	13113	60
2026-05-27T17:10:20.980	WT901BLE68(F3:F0:16:BF:DC:AE)	-0.717	0.164	0.737	-115.234	69.885	123.108	6.02	34.44	-121.70	-85.587	-1.540	-15.327	0.20474	0.22092	-0.04550	-0.95242	25.8	null	null	13113	60
2026-05-27T17:10:21.073	WT901BLE68(F3:F0:16:BF:DC:AE)	-0.840	0.127	0.590	-118.591	46.509	101.135	3.53	38.74	-107.32	-85.587	-1.540	-15.327	0.20474	0.22092	-0.04550	-0.95242	25.8	null	null	13113	60
2026-05-27T17:10:21.194	WT901BLE68(F3:F0:16:BF:DC:AE)	-0.906	-0.151	0.505	-102.173	47.302	82.092	1.02	42.64	-95.33	-85.587	-1.540	-15.327	0.20474	0.22092	-0.04550	-0.95242	25.8	null	null	13113	60
2026-05-27T17:10:21.254	WT901BLE68(F3:F0:16:BF:DC:AE)	-0.749	-0.047	0.667	-81.726	1.953	61.157	-1.22	45.01	-85.81	-85.587	-1.540	-15.327	0.20474	0.22092	-0.04550	-0.95242	25.8	null	null	13113	60
2026-05-27T17:10:21.374	WT901BLE68(F3:F0:16:BF:DC:AE)	-0.595	-0.055	0.687	-80.688	-5.188	73.608	-2.86	44.51	-76.26	-85.587	-1.540	-15.327	0.20474	0.22092	-0.04550	-0.95242	25.8	null	null	13113	60
2026-05-27T17:10:21.460	WT901BLE68(F3:F0:16:BF:DC:AE)	-0.854	-0.137	0.402	4.089	-49.866	83.679	0.66	42.99	-64.24	-93.273	45.313	-19.947	0.20474	0.22092	-0.04550	-0.95242	25.8	null	null	13113	60
2026-05-27T17:10:21.584	WT901BLE68(F3:F0:16:BF:DC:AE)	-1.020	0.151	0.643	38.635	-16.907	28.992	8.28	39.14	-55.72	-93.273	45.313	-19.947	0.20474	0.22092	-0.04550	-0.95242	25.8	null	null	13113	60
2026-05-27T17:10:21.675	WT901BLE68(F3:F0:16:BF:DC:AE)	-0.777	-0.121	0.833	-16.479	37.537	-38.879	7.62	42.11	-56.38	-93.273	45.313	-19.947	0.81900	0.22455	0.26312	-0.45770	25.8	null	null	13113	60
2026-05-27T17:10:21.795	WT901BLE68(F3:F0:16:BF:DC:AE)	-0.609	0.000	0.550	20.325	0.000	-35.400	3.00	45.14	-61.25	-93.273	45.313	-19.947	0.81900	0.22455	0.26312	-0.45770	25.8	null	null	13113	60
2026-05-27T17:10:21.850	WT901BLE68(F3:F0:16:BF:DC:AE)	-0.808	0.055	0.344	82.153	-29.297	-29.907	4.43	44.23	-65.45	-93.273	45.313	-19.947	0.81900	0.22455	0.26312	-0.45770	25.8	null	null	13113	60
2026-05-27T17:10:21.975	WT901BLE68(F3:F0:16:BF:DC:AE)	-0.836	0.180	0.694	97.656	-13.977	-51.453	10.05	42.79	-70.84	-93.273	45.313	-19.947	0.81900	0.22455	0.26312	-0.45770	25.8	null	null	13113	60
2026-05-27T17:10:22.061	WT901BLE68(F3:F0:16:BF:DC:AE)	-0.824	0.290	0.766	88.562	-27.466	-78.735	13.32	43.52	-79.50	-93.273	45.313	-19.947	0.81900	0.22455	0.26312	-0.45770	25.8	null	null	13113	60
2026-05-27T17:10:22.182	WT901BLE68(F3:F0:16:BF:DC:AE)	-0.667	0.276	0.733	77.026	-31.067	-89.722	13.38	42.81	-91.91	-93.273	45.313	-19.947	0.81900	0.22455	0.26312	-0.45770	25.8	null	null	13113	60
2026-05-27T17:10:22.273	WT901BLE68(F3:F0:16:BF:DC:AE)	-0.747	0.249	0.675	66.589	-20.935	-85.632	12.69	42.50	-104.18	-93.273	45.313	-19.947	0.81900	0.22455	0.26312	-0.45770	25.8	null	null	13113	60
2026-05-27T17:10:22.394	WT901BLE68(F3:F0:16:BF:DC:AE)	-0.820	0.210	0.680	56.030	-19.165	-91.309	11.11	42.62	-116.48	-91.953	22.547	-24.513	0.81900	0.22455	0.26312	-0.45770	25.8	null	null	13113	60
2026-05-27T17:10:22.483	WT901BLE68(F3:F0:16:BF:DC:AE)	-0.767	0.232	0.537	58.594	-29.114	-89.478	8.51	42.81	-129.33	-91.953	22.547	-24.513	0.81900	0.22455	0.26312	-0.45770	25.8	null	null	13113	60
2026-05-27T17:10:22.603	WT901BLE68(F3:F0:16:BF:DC:AE)	-0.505	0.471	0.732	72.510	-75.684	-72.632	8.05	39.28	-141.56	-91.953	22.547	-24.513	0.33844	0.35431	0.07974	-0.86801	25.8	null	null	13113	60
2026-05-27T17:10:22.663	WT901BLE68(F3:F0:16:BF:DC:AE)	-0.200	0.432	0.766	71.899	-114.990	-25.818	11.93	31.33	-150.21	-91.953	22.547	-24.513	0.33844	0.35431	0.07974	-0.86801	25.8	null	null	13113	60
2026-05-27T17:10:22.785	WT901BLE68(F3:F0:16:BF:DC:AE)	-0.079	0.747	0.952	35.278	35.400	53.772	19.47	24.91	-151.03	-91.953	22.547	-24.513	0.33844	0.35431	0.07974	-0.86801	25.8	null	null	13113	60
2026-05-27T17:10:22.874	WT901BLE68(F3:F0:16:BF:DC:AE)	-0.463	0.650	0.952	-73.730	124.268	88.684	23.44	29.77	-139.48	-91.953	22.547	-24.513	0.33844	0.35431	0.07974	-0.86801	25.8	null	null	13113	60
2026-05-27T17:10:22.996	WT901BLE68(F3:F0:16:BF:DC:AE)	-0.655	0.470	0.774	-150.330	172.363	127.136	22.01	36.95	-122.02	-91.953	22.547	-24.513	0.33844	0.35431	0.07974	-0.86801	25.8	null	null	13113	60
2026-05-27T17:10:23.083	WT901BLE68(F3:F0:16:BF:DC:AE)	-1.056	0.352	0.498	-167.969	75.562	109.436	18.56	40.98	-102.49	-91.953	22.547	-24.513	0.33844	0.35431	0.07974	-0.86801	25.8	null	null	13113	60
2026-05-27T17:10:23.205	WT901BLE68(F3:F0:16:BF:DC:AE)	-0.985	0.176	0.407	-125.732	4.517	37.598	11.72	42.57	-92.90	-91.953	22.547	-24.513	0.33844	0.35431	0.07974	-0.86801	25.8	null	null	13113	60
2026-05-27T17:10:23.260	WT901BLE68(F3:F0:16:BF:DC:AE)	-0.754	-0.014	0.478	-87.952	-14.038	17.578	4.37	42.54	-90.34	-91.980	31.193	-27.127	0.33844	0.35431	0.07974	-0.86801	25.8	null	null	13113	60
2026-05-27T17:10:23.385	WT901BLE68(F3:F0:16:BF:DC:AE)	-0.614	-0.027	0.605	-58.899	0.244	39.612	-0.07	42.50	-87.08	-91.980	31.193	-27.127	0.33844	0.35431	0.07974	-0.86801	25.8	null	null	13113	60
2026-05-27T17:10:23.472	WT901BLE68(F3:F0:16:BF:DC:AE)	-0.635	-0.012	0.525	-4.578	-36.987	56.885	0.65	40.15	-80.32	-91.980	31.193	-27.127	0.68845	0.24072	0.26849	-0.62921	25.8	null	null	13113	60
2026-05-27T17:10:23.592	WT901BLE68(F3:F0:16:BF:DC:AE)	-0.918	-0.006	0.855	-2.136	-2.686	40.527	5.26	37.35	-74.01	-91.980	31.193	-27.127	0.68845	0.24072	0.26849	-0.62921	25.8	null	null	13113	60
2026-05-27T17:10:23.687	WT901BLE68(F3:F0:16:BF:DC:AE)	-0.921	-0.152	0.841	-41.809	34.058	-14.221	3.27	39.54	-72.13	-91.980	31.193	-27.127	0.68845	0.24072	0.26849	-0.62921	25.8	null	null	13113	60
2026-05-27T17:10:23.803	WT901BLE68(F3:F0:16:BF:DC:AE)	-0.610	-0.206	0.575	-20.264	34.973	-28.564	-2.88	41.95	-75.58	-91.980	31.193	-27.127	0.68845	0.24072	0.26849	-0.62921	25.8	null	null	13113	60
2026-05-27T17:10:23.897	WT901BLE68(F3:F0:16:BF:DC:AE)	-0.698	-0.148	0.463	26.184	-39.795	23.376	-3.49	45.26	-76.92	-91.980	31.193	-27.127	0.68845	0.24072	0.26849	-0.62921	25.8	null	null	13113	60
2026-05-27T17:10:24.014	WT901BLE68(F3:F0:16:BF:DC:AE)	-0.971	0.178	0.531	77.026	-49.622	-16.357	3.47	42.88	-75.07	-91.980	31.193	-27.127	0.68845	0.24072	0.26849	-0.62921	25.8	null	null	13113	60
2026-05-27T17:10:24.074	WT901BLE68(F3:F0:16:BF:DC:AE)	-0.783	0.135	0.731	81.116	-26.245	-57.556	7.59	41.67	-80.95	-88.747	40.813	-19.420	0.68845	0.24072	0.26849	-0.62921	25.8	null	null	13113	60
2026-05-27T17:10:24.196	WT901BLE68(F3:F0:16:BF:DC:AE)	-0.641	0.218	0.859	73.059	-30.945	-65.125	9.66	40.51	-90.13	-88.747	40.813	-19.420	0.68845	0.24072	0.26849	-0.62921	25.8	null	null	13113	60
2026-05-27T17:10:24.284	WT901BLE68(F3:F0:16:BF:DC:AE)	-0.734	0.175	0.798	56.885	-12.512	-69.275	10.39	39.52	-99.43	-88.747	40.813	-19.420	0.68845	0.24072	0.26849	-0.62921	25.8	null	null	13113	60
2026-05-27T17:10:24.406	WT901BLE68(F3:F0:16:BF:DC:AE)	-0.799	0.176	0.758	31.982	14.526	-94.910	8.17	40.61	-110.30	-88.747	40.813	-19.420	0.56711	0.31461	0.14688	-0.74680	25.8	null	null	13113	60
2026-05-27T17:10:24.492	WT901BLE68(F3:F0:16:BF:DC:AE)	-0.884	0.041	0.619	43.335	12.634	-120.911	2.33	43.65	-125.27	-88.747	40.813	-19.420	0.56711	0.31461	0.14688	-0.74680	25.8	null	null	13113	60
2026-05-27T17:10:24.615	WT901BLE68(F3:F0:16:BF:DC:AE)	-0.688	0.071	0.392	92.957	10.376	-140.686	-3.65	43.31	-144.28	-88.747	40.813	-19.420	0.56711	0.31461	0.14688	-0.74680	25.8	null	null	13113	60
2026-05-27T17:10:24.673	WT901BLE68(F3:F0:16:BF:DC:AE)	-0.468	0.305	0.521	153.320	-56.030	-65.552	0.75	41.86	-159.21	-88.747	40.813	-19.420	0.56711	0.31461	0.14688	-0.74680	25.8	null	null	13113	60
2026-05-27T17:10:24.793	WT901BLE68(F3:F0:16:BF:DC:AE)	0.171	0.672	0.951	99.792	-50.903	27.771	12.44	30.70	-163.59	-88.747	40.813	-19.420	0.56711	0.31461	0.14688	-0.74680	25.8	null	null	13113	60
2026-05-27T17:10:24.885	WT901BLE68(F3:F0:16:BF:DC:AE)	-0.466	0.630	1.347	-33.569	99.365	71.777	19.02	30.29	-157.36	-88.747	40.813	-19.420	0.56711	0.31461	0.14688	-0.74680	25.8	null	null	13113	60
2026-05-27T17:10:25.002	WT901BLE68(F3:F0:16:BF:DC:AE)	-0.655	0.418	1.005	-113.831	78.491	89.294	17.13	33.31	-146.50	-88.747	40.813	-19.420	0.56711	0.31461	0.14688	-0.74680	25.8	null	null	13113	60
2026-05-27T17:10:25.095	WT901BLE68(F3:F0:16:BF:DC:AE)	-0.796	0.292	0.729	-143.982	46.631	81.421	10.87	35.89	-135.55	-86.993	3.613	-14.047	0.56711	0.31461	0.14688	-0.74680	25.8	null	null	13113	60
2026-05-27T17:10:25.215	WT901BLE68(F3:F0:16:BF:DC:AE)	-0.735	0.171	0.587	-133.606	6.287	61.401	3.19	37.79	-127.39	-86.993	3.613	-14.047	0.56711	0.31461	0.14688	-0.74680	25.8	null	null	13113	60
2026-05-27T17:10:25.273	WT901BLE68(F3:F0:16:BF:DC:AE)	-0.810	-0.143	0.642	-107.178	-9.094	41.077	-3.59	38.37	-121.55	-86.993	3.613	-14.047	0.44360	0.28683	0.15448	-0.83484	25.8	null	null	13113	60
2026-05-27T17:10:25.424	WT901BLE68(F3:F0:16:BF:DC:AE)	-0.515	-0.203	0.625	-97.046	8.179	40.588	-10.38	38.30	-117.32	-86.993	3.613	-14.047	0.44360	0.28683	0.15448	-0.83484	25.8	null	null	13113	60
2026-05-27T17:10:25.484	WT901BLE68(F3:F0:16:BF:DC:AE)	-0.633	-0.209	0.485	-71.655	3.052	57.678	-15.47	41.48	-112.12	-86.993	3.613	-14.047	0.44360	0.28683	0.15448	-0.83484	25.8	null	null	13113	60
2026-05-27T17:10:25.604	WT901BLE68(F3:F0:16:BF:DC:AE)	-0.625	-0.370	0.240	24.109	-76.843	50.537	-12.61	38.66	-104.19	-86.993	3.613	-14.047	0.44360	0.28683	0.15448	-0.83484	25.8	null	null	13113	60
2026-05-27T17:10:25.693	WT901BLE68(F3:F0:16:BF:DC:AE)	-0.920	-0.258	0.868	10.254	-10.559	3.845	-7.29	35.82	-99.98	-86.993	3.613	-14.047	0.44360	0.28683	0.15448	-0.83484	25.8	null	null	13113	60
2026-05-27T17:10:25.816	WT901BLE68(F3:F0:16:BF:DC:AE)	-0.762	-0.323	0.783	-29.114	40.405	-35.583	-12.86	40.90	-104.29	-86.993	3.613	-14.047	0.44360	0.28683	0.15448	-0.83484	25.8	null	null	13113	60
2026-05-27T17:10:25.910	WT901BLE68(F3:F0:16:BF:DC:AE)	-0.590	-0.278	0.486	4.883	14.709	-22.827	-17.60	42.90	-109.60	-86.993	3.613	-14.047	0.44360	0.28683	0.15448	-0.83484	25.8	null	null	13113	60
2026-05-27T17:10:26.023	WT901BLE68(F3:F0:16:BF:DC:AE)	-0.614	-0.230	0.214	70.007	-10.864	-0.916	-15.05	42.28	-110.64	-96.060	27.600	-18.120	0.44360	0.28683	0.15448	-0.83484	25.8	null	null	13113	60
2026-05-27T17:10:26.080	WT901BLE68(F3:F0:16:BF:DC:AE)	-0.721	-0.052	0.664	87.158	-12.146	-22.217	-7.38	41.03	-111.88	-96.060	27.600	-18.120	0.54697	0.25110	0.25381	-0.75711	25.8	null	null	13113	60
2026-05-27T17:10:26.204	WT901BLE68(F3:F0:16:BF:DC:AE)	-0.806	0.031	0.728	93.689	16.174	-45.227	-1.94	43.07	-117.15	-96.060	27.600	-18.120	0.54697	0.25110	0.25381	-0.75711	25.8	null	null	13113	60
2026-05-27T17:10:26.293	WT901BLE68(F3:F0:16:BF:DC:AE)	-0.777	0.055	0.797	99.304	2.747	-61.279	2.55	43.95	-125.13	-96.060	27.600	-18.120	0.54697	0.25110	0.25381	-0.75711	25.8	null	null	13113	60
2026-05-27T17:10:26.413	WT901BLE68(F3:F0:16:BF:DC:AE)	-0.854	0.136	0.763	98.083	31.372	-78.186	5.39	46.11	-135.09	-96.060	27.600	-18.120	0.54697	0.25110	0.25381	-0.75711	25.8	null	null	13113	60
2026-05-27T17:10:26.505	WT901BLE68(F3:F0:16:BF:DC:AE)	-0.813	0.172	0.642	75.195	14.221	-99.609	3.86	47.82	-148.82	-96.060	27.600	-18.120	0.54697	0.25110	0.25381	-0.75711	25.8	null	null	13113	60
2026-05-27T17:10:26.621	WT901BLE68(F3:F0:16:BF:DC:AE)	-0.620	0.181	0.546	66.406	10.742	-79.224	1.31	48.76	-162.65	-96.060	27.600	-18.120	0.54697	0.25110	0.25381	-0.75711	25.8	null	null	13113	60
2026-05-27T17:10:26.682	WT901BLE68(F3:F0:16:BF:DC:AE)	-0.617	0.209	0.546	93.018	-9.644	-21.362	4.50	49.57	-170.33	-96.060	27.600	-18.120	0.54697	0.25110	0.25381	-0.75711	25.8	null	null	13113	60
2026-05-27T17:10:26.836	WT901BLE68(F3:F0:16:BF:DC:AE)	-0.388	0.374	0.564	109.375	-105.652	29.541	14.38	40.48	-171.50	-96.060	27.600	-18.120	0.54697	0.25110	0.25381	-0.75711	25.8	null	null	13113	60
2026-05-27T17:10:26.891	WT901BLE68(F3:F0:16:BF:DC:AE)	-0.300	0.592	1.271	-6.226	60.608	59.265	21.80	34.97	-168.13	-84.580	-3.913	-12.147	0.54697	0.25110	0.25381	-0.75711	25.8	null	null	13113	60
2026-05-27T17:10:27.016	WT901BLE68(F3:F0:16:BF:DC:AE)	-0.557	0.585	0.959	-126.526	70.801	73.792	21.57	37.84	-157.81	-84.580	-3.913	-12.147	0.54697	0.25110	0.25381	-0.75711	25.8	null	null	13113	60
2026-05-27T17:10:27.102	WT901BLE68(F3:F0:16:BF:DC:AE)	-1.002	0.455	0.722	-169.739	41.382	64.941	15.26	42.07	-145.83	-84.580	-3.913	-12.147	0.16150	0.35907	-0.07703	-0.91595	25.8	null	null	13113	60
2026-05-27T17:10:27.225	WT901BLE68(F3:F0:16:BF:DC:AE)	-0.875	0.266	0.542	-172.546	-2.441	42.969	4.10	42.80	-139.09	-84.580	-3.913	-12.147	0.16150	0.35907	-0.07703	-0.91595	25.8	null	null	13113	60
2026-05-27T17:10:27.313	WT901BLE68(F3:F0:16:BF:DC:AE)	-0.736	0.030	0.460	-143.005	-18.433	49.805	-6.41	40.99	-133.49	-84.580	-3.913	-12.147	0.16150	0.35907	-0.07703	-0.91595	25.8	null	null	13113	60
2026-05-27T17:10:27.438	WT901BLE68(F3:F0:16:BF:DC:AE)	-0.641	-0.208	0.494	-109.253	-31.982	59.814	-13.13	40.39	-126.64	-84.580	-3.913	-12.147	0.16150	0.35907	-0.07703	-0.91595	25.8	null	null	13113	60
2026-05-27T17:10:27.493	WT901BLE68(F3:F0:16:BF:DC:AE)	-0.707	-0.223	0.546	-77.576	-11.841	66.589	-16.65	41.98	-118.65	-84.580	-3.913	-12.147	0.16150	0.35907	-0.07703	-0.91595	25.8	null	null	13113	60
2026-05-27T17:10:27.616	WT901BLE68(F3:F0:16:BF:DC:AE)	-0.669	-0.294	0.386	-33.936	-49.561	75.256	-16.44	42.56	-108.91	-84.580	-3.913	-12.147	0.16150	0.35907	-0.07703	-0.91595	25.8	null	null	13113	60
2026-05-27T17:10:27.702	WT901BLE68(F3:F0:16:BF:DC:AE)	-0.798	-0.311	0.531	38.635	-53.223	52.429	-10.17	39.62	-98.55	-84.580	-3.913	-12.147	0.16150	0.35907	-0.07703	-0.91595	25.8	null	null	13113	60
2026-05-27T17:10:27.824	WT901BLE68(F3:F0:16:BF:DC:AE)	-0.776	-0.339	0.966	-9.705	35.645	-6.958	-6.55	38.67	-95.39	-87.780	31.420	-11.993	0.16150	0.35907	-0.07703	-0.91595	25.8	null	null	13113	60
2026-05-27T17:10:27.911	WT901BLE68(F3:F0:16:BF:DC:AE)	-0.681	-0.313	0.706	-37.964	48.950	-26.367	-13.17	43.48	-98.68	-87.780	31.420	-11.993	0.16150	0.35907	-0.07703	-0.91595	25.8	null	null	13113	60
2026-05-27T17:10:28.036	WT901BLE68(F3:F0:16:BF:DC:AE)	-0.638	-0.313	0.307	6.714	4.822	-7.751	-18.47	45.47	-102.55	-87.780	31.420	-11.993	0.62717	0.20847	0.33606	-0.67093	25.8	null	null	13113	60
2026-05-27T17:10:28.091	WT901BLE68(F3:F0:16:BF:DC:AE)	-0.824	-0.180	0.225	83.435	0.366	-8.484	-15.62	45.62	-103.20	-87.780	31.420	-11.993	0.62717	0.20847	0.33606	-0.67093	25.8	null	null	13113	60
2026-05-27T17:10:28.250	WT901BLE68(F3:F0:16:BF:DC:AE)	-0.858	-0.072	0.524	114.441	-1.038	-39.063	-8.56	45.41	-105.89	-87.780	31.420	-11.993	0.62717	0.20847	0.33606	-0.67093	25.8	null	null	13113	60
2026-05-27T17:10:28.301	WT901BLE68(F3:F0:16:BF:DC:AE)	-0.856	0.065	0.688	125.488	-14.160	-66.650	-2.13	45.12	-113.13	-87.780	31.420	-11.993	0.62717	0.20847	0.33606	-0.67093	25.8	null	null	13113	60
2026-05-27T17:10:28.427	WT901BLE68(F3:F0:16:BF:DC:AE)	-0.794	0.180	0.837	108.459	-15.015	-91.309	2.36	43.68	-124.26	-87.780	31.420	-11.993	0.62717	0.20847	0.33606	-0.67093	25.8	null	null	13113	60
2026-05-27T17:10:28.512	WT901BLE68(F3:F0:16:BF:DC:AE)	-0.792	0.170	0.763	78.186	-0.671	-108.582	2.54	43.10	-138.26	-87.780	31.420	-11.993	0.62717	0.20847	0.33606	-0.67093	25.8	null	null	13113	60
2026-05-27T17:10:28.636	WT901BLE68(F3:F0:16:BF:DC:AE)	-0.841	0.178	0.588	76.355	16.052	-130.066	-0.89	44.68	-155.09	-87.780	31.420	-11.993	0.62717	0.20847	0.33606	-0.67093	25.8	null	null	13113	60
2026-05-27T17:10:28.752	WT901BLE68(F3:F0:16:BF:DC:AE)	-0.705	0.193	0.543	109.009	6.897	-114.380	-3.76	46.12	-173.63	-92.227	7.300	-22.767	0.62717	0.20847	0.33606	-0.67093	25.8	null	null	13113	60
2026-05-27T17:10:28.846	WT901BLE68(F3:F0:16:BF:DC:AE)	-0.370	0.354	0.715	132.019	-113.403	-56.763	1.14	39.75	174.09	-92.227	7.300	-22.767	-0.04700	0.34387	-0.02200	-0.93753	25.8	null	null	13113	60
2026-05-27T17:10:28.902	WT901BLE68(F3:F0:16:BF:DC:AE)	-0.159	0.767	1.153	45.776	26.611	28.259	10.59	33.74	171.11	-92.227	7.300	-22.767	-0.04700	0.34387	-0.02200	-0.93753	25.8	null	null	13113	60
2026-05-27T17:10:29.021	WT901BLE68(F3:F0:16:BF:DC:AE)	-0.541	0.477	1.167	-79.346	78.918	63.171	13.23	36.58	177.78	-92.227	7.300	-22.767	-0.04700	0.34387	-0.02200	-0.93753	25.8	null	null	13113	60
2026-05-27T17:10:29.117	WT901BLE68(F3:F0:16:BF:DC:AE)	-0.712	0.345	0.816	-154.968	71.960	81.787	8.61	40.34	-171.86	-92.227	7.300	-22.767	-0.04700	0.34387	-0.02200	-0.93753	25.8	null	null	13113	60
2026-05-27T17:10:29.232	WT901BLE68(F3:F0:16:BF:DC:AE)	-0.775	0.266	0.500	-183.838	17.639	87.463	0.55	43.72	-160.18	-92.227	7.300	-22.767	-0.04700	0.34387	-0.02200	-0.93753	25.8	null	null	13113	60
2026-05-27T17:10:29.324	WT901BLE68(F3:F0:16:BF:DC:AE)	-0.832	0.068	0.357	-149.841	-15.198	96.924	-5.50	44.54	-147.82	-92.227	7.300	-22.767	-0.04700	0.34387	-0.02200	-0.93753	25.8	null	null	13113	60
2026-05-27T17:10:29.445	WT901BLE68(F3:F0:16:BF:DC:AE)	-0.915	-0.116	0.412	-109.009	-25.574	81.909	-7.71	44.84	-135.57	-92.227	7.300	-22.767	-0.04700	0.34387	-0.02200	-0.93753	25.8	null	null	13113	60
2026-05-27T17:10:29.508	WT901BLE68(F3:F0:16:BF:DC:AE)	-0.875	-0.163	0.530	-96.863	-15.503	55.054	-10.54	44.85	-125.99	-92.227	7.300	-22.767	-0.04700	0.34387	-0.02200	-0.93753	25.8	null	null	13113	60
2026-05-27T17:10:29.654	WT901BLE68(F3:F0:16:BF:DC:AE)	-0.692	-0.195	0.460	-73.547	-28.564	53.772	-13.75	44.74	-118.25	-95.787	28.567	-24.153	-0.04700	0.34387	-0.02200	-0.93753	25.8	null	null	13113	60
2026-05-27T17:10:29.712	WT901BLE68(F3:F0:16:BF:DC:AE)	-0.987	-0.292	0.454	-24.780	-31.189	62.500	-12.52	43.80	-108.88	-95.787	28.567	-24.153	0.56390	0.24426	0.29849	-0.73016	25.8	null	null	13113	60
2026-05-27T17:10:29.836	WT901BLE68(F3:F0:16:BF:DC:AE)	-0.992	-0.174	0.708	16.357	-10.986	11.841	-8.22	42.35	-101.33	-95.787	28.567	-24.153	0.56390	0.24426	0.29849	-0.73016	25.8	null	null	13113	60
2026-05-27T17:10:29.923	WT901BLE68(F3:F0:16:BF:DC:AE)	-0.822	-0.331	0.823	-13.245	29.602	-26.489	-10.68	45.05	-102.97	-95.787	28.567	-24.153	0.56390	0.24426	0.29849	-0.73016	25.8	null	null	13113	60
2026-05-27T17:10:30.046	WT901BLE68(F3:F0:16:BF:DC:AE)	-0.651	-0.237	0.494	11.902	22.400	-30.762	-15.55	46.98	-108.17	-95.787	28.567	-24.153	0.56390	0.24426	0.29849	-0.73016	25.8	null	null	13113	60
2026-05-27T17:10:30.132	WT901BLE68(F3:F0:16:BF:DC:AE)	-0.727	-0.187	0.311	62.866	6.714	-16.052	-14.88	47.66	-111.47	-95.787	28.567	-24.153	0.56390	0.24426	0.29849	-0.73016	25.8	null	null	13113	60
2026-05-27T17:10:30.258	WT901BLE68(F3:F0:16:BF:DC:AE)	-0.875	-0.014	0.397	111.206	1.404	-22.339	-8.38	48.67	-114.02	-95.787	28.567	-24.153	0.56390	0.24426	0.29849	-0.73016	25.8	null	null	13113	60
2026-05-27T17:10:30.313	WT901BLE68(F3:F0:16:BF:DC:AE)	-0.959	0.108	0.581	130.371	-9.949	-48.157	-0.58	49.11	-119.39	-95.787	28.567	-24.153	0.56390	0.24426	0.29849	-0.73016	25.8	null	null	13113	60
2026-05-27T17:10:30.433	WT901BLE68(F3:F0:16:BF:DC:AE)	-0.929	0.214	0.689	127.075	-34.058	-83.252	4.98	47.66	-129.75	-95.787	28.567	-24.153	0.56390	0.24426	0.29849	-0.73016	25.8	null	null	13113	60
2026-05-27T17:10:30.522	WT901BLE68(F3:F0:16:BF:DC:AE)	-0.859	0.264	0.718	102.417	-21.729	-109.314	6.15	46.07	-144.85	-92.507	23.033	-26.973	0.56390	0.24426	0.29849	-0.73016	25.8	null	null	13113	60
2026-05-27T17:10:30.646	WT901BLE68(F3:F0:16:BF:DC:AE)	-0.795	0.295	0.715	76.782	-20.691	-118.408	3.59	45.55	-162.11	-92.507	23.033	-26.973	0.56390	0.24426	0.29849	-0.73016	25.8	null	null	13113	60
2026-05-27T17:10:30.734	WT901BLE68(F3:F0:16:BF:DC:AE)	-0.561	0.241	0.621	72.693	-19.592	-95.276	0.94	44.12	-178.14	-92.507	23.033	-26.973	0.08130	0.38327	0.01923	-0.91980	25.8	null	null	13113	60
2026-05-27T17:10:30.857	WT901BLE68(F3:F0:16:BF:DC:AE)	-0.381	0.251	0.718	95.337	-51.575	-31.677	4.48	40.70	172.88	-92.507	23.033	-26.973	0.08130	0.38327	0.01923	-0.91980	25.8	null	null	13113	60
2026-05-27T17:10:30.915	WT901BLE68(F3:F0:16:BF:DC:AE)	0.070	0.567	0.913	89.966	-27.161	35.828	14.42	33.18	172.03	-92.507	23.033	-26.973	0.08130	0.38327	0.01923	-0.91980	25.8	null	null	13113	60
2026-05-27T17:10:31.061	WT901BLE68(F3:F0:16:BF:DC:AE)	-0.488	0.768	1.150	-33.936	80.444	78.979	22.74	33.89	-179.47	-92.507	23.033	-26.973	0.08130	0.38327	0.01923	-0.91980	25.8	null	null	13113	60
2026-05-27T17:10:31.122	WT901BLE68(F3:F0:16:BF:DC:AE)	-0.655	0.603	0.866	-127.625	94.421	88.440	22.79	38.37	-165.70	-92.507	23.033	-26.973	0.08130	0.38327	0.01923	-0.91980	25.8	null	null	13113	60
2026-05-27T17:10:31.247	WT901BLE68(F3:F0:16:BF:DC:AE)	-0.907	0.413	0.635	-172.424	65.247	80.872	17.57	42.52	-151.51	-92.507	23.033	-26.973	0.08130	0.38327	0.01923	-0.91980	25.8	null	null	13113	60
2026-05-27T17:10:31.334	WT901BLE68(F3:F0:16:BF:DC:AE)	-0.978	0.035	0.541	-153.809	0.916	41.687	8.04	43.64	-143.17	-92.507	23.033	-26.973	0.08130	0.38327	0.01923	-0.91980	25.8	null	null	13113	60
2026-05-27T17:10:31.450	WT901BLE68(F3:F0:16:BF:DC:AE)	-0.840	-0.055	0.610	-120.178	-53.772	10.864	-2.32	40.16	-141.32	-93.153	21.553	-27.580	0.08130	0.38327	0.01923	-0.91980	25.8	null	null	13113	60
2026-05-27T17:10:31.541	WT901BLE68(F3:F0:16:BF:DC:AE)	-0.605	-0.181	0.508	-94.299	-30.518	6.714	-11.69	37.75	-140.65	-93.153	21.553	-27.580	0.08130	0.38327	0.01923	-0.91980	25.8	null	null	13113	60
2026-05-27T17:10:31.663	WT901BLE68(F3:F0:16:BF:DC:AE)	-0.391	-0.241	0.506	-44.922	-40.710	36.133	-15.99	35.21	-137.19	-93.153	21.553	-27.580	0.35852	0.25623	0.21609	-0.87122	25.8	null	null	13113	60
2026-05-27T17:10:31.724	WT901BLE68(F3:F0:16:BF:DC:AE)	-0.797	-0.214	0.521	13.062	-48.889	27.588	-14.14	33.07	-131.89	-93.153	21.553	-27.580	0.35852	0.25623	0.21609	-0.87122	25.8	null	null	13113	60
2026-05-27T17:10:31.844	WT901BLE68(F3:F0:16:BF:DC:AE)	-0.742	-0.251	1.038	26.917	7.813	-0.427	-9.12	31.43	-129.75	-93.153	21.553	-27.580	0.35852	0.25623	0.21609	-0.87122	25.8	null	null	13113	60
2026-05-27T17:10:31.938	WT901BLE68(F3:F0:16:BF:DC:AE)	-0.578	-0.360	0.905	-20.996	32.227	-22.644	-12.05	34.58	-132.17	-93.153	21.553	-27.580	0.35852	0.25623	0.21609	-0.87122	25.8	null	null	13113	60
2026-05-27T17:10:32.055	WT901BLE68(F3:F0:16:BF:DC:AE)	-0.227	-0.069	0.344	-16.846	30.273	-13.916	-15.85	37.11	-135.85	-93.153	21.553	-27.580	0.35852	0.25623	0.21609	-0.87122	25.8	null	null	13113	60
2026-05-27T17:10:32.145	WT901BLE68(F3:F0:16:BF:DC:AE)	-0.704	-0.221	0.382	42.664	14.099	-14.160	-16.07	39.13	-138.31	-93.153	21.553	-27.580	0.35852	0.25623	0.21609	-0.87122	25.8	null	null	13113	60
2026-05-27T17:10:32.260	WT901BLE68(F3:F0:16:BF:DC:AE)	-0.809	-0.036	0.503	103.149	-5.676	-33.325	-9.61	38.98	-141.14	-93.153	21.553	-27.580	0.35852	0.25623	0.21609	-0.87122	25.8	null	null	13113	60
2026-05-27T17:10:32.325	WT901BLE68(F3:F0:16:BF:DC:AE)	-0.761	0.001	0.720	103.760	17.395	-58.167	-3.66	40.24	-147.86	-90.353	24.040	-16.680	0.35852	0.25623	0.21609	-0.87122	25.8	null	null	13113	60
2026-05-27T17:10:32.472	WT901BLE68(F3:F0:16:BF:DC:AE)	-0.716	0.152	0.768	112.732	-1.648	-72.266	1.60	41.08	-157.13	-90.353	24.040	-16.680	0.35852	0.25623	0.21609	-0.87122	25.8	null	null	13113	60
2026-05-27T17:10:32.532	WT901BLE68(F3:F0:16:BF:DC:AE)	-0.706	0.236	0.874	109.924	-22.034	-90.027	5.92	40.82	-168.70	-90.353	24.040	-16.680	0.11880	0.35287	0.01367	-0.92795	25.8	null	null	13113	60
2026-05-27T17:10:32.654	WT901BLE68(F3:F0:16:BF:DC:AE)	-0.634	0.250	0.825	81.421	-18.005	-88.745	7.70	40.78	178.52	-90.353	24.040	-16.680	0.11880	0.35287	0.01367	-0.92795	25.8	null	null	13113	60
2026-05-27T17:10:32.744	WT901BLE68(F3:F0:16:BF:DC:AE)	-0.477	0.302	0.730	79.834	-10.376	-57.983	9.28	39.75	167.79	-90.353	24.040	-16.680	0.11880	0.35287	0.01367	-0.92795	25.8	null	null	13113	60
2026-05-27T17:10:32.866	WT901BLE68(F3:F0:16:BF:DC:AE)	-0.391	0.394	0.748	73.059	-35.278	-7.202	14.09	37.16	162.17	-90.353	24.040	-16.680	0.11880	0.35287	0.01367	-0.92795	25.8	null	null	13113	60
2026-05-27T17:10:32.953	WT901BLE68(F3:F0:16:BF:DC:AE)	-0.234	0.518	0.779	58.777	-21.301	44.800	21.17	32.88	162.01	-90.353	24.040	-16.680	0.11880	0.35287	0.01367	-0.92795	25.8	null	null	13113	60
2026-05-27T17:10:33.075	WT901BLE68(F3:F0:16:BF:DC:AE)	-0.387	0.750	1.033	-24.048	62.683	65.674	27.74	30.36	168.18	-90.353	24.040	-16.680	0.11880	0.35287	0.01367	-0.92795	25.8	null	null	13113	60
2026-05-27T17:10:33.129	WT901BLE68(F3:F0:16:BF:DC:AE)	-0.661	0.584	0.806	-109.131	116.577	73.914	28.49	35.27	-179.28	-85.200	8.047	-8.747	0.11880	0.35287	0.01367	-0.92795	25.8	null	null	13113	60
2026-05-27T17:10:33.257	WT901BLE68(F3:F0:16:BF:DC:AE)	-0.734	0.435	0.557	-142.151	102.966	74.097	25.57	41.00	-164.76	-85.200	8.047	-8.747	0.11880	0.35287	0.01367	-0.92795	25.8	null	null	13113	60
2026-05-27T17:10:33.344	WT901BLE68(F3:F0:16:BF:DC:AE)	-0.780	0.328	0.449	-134.033	60.181	70.190	21.70	45.04	-151.33	-85.200	8.047	-8.747	0.11880	0.35287	0.01367	-0.92795	25.8	null	null	13113	60
2026-05-27T17:10:33.461	WT901BLE68(F3:F0:16:BF:DC:AE)	-0.841	0.181	0.426	-102.966	22.461	57.922	18.67	47.02	-140.56	-85.200	8.047	-8.747	0.17932	0.41394	-0.05600	-0.89066	25.8	null	null	13113	60
2026-05-27T17:10:33.556	WT901BLE68(F3:F0:16:BF:DC:AE)	-0.782	0.059	0.563	-67.017	2.075	53.528	16.89	46.91	-132.56	-85.200	8.047	-8.747	0.17932	0.41394	-0.05600	-0.89066	25.8	null	null	13113	60
2026-05-27T17:10:33.676	WT901BLE68(F3:F0:16:BF:DC:AE)	-0.769	0.043	0.677	-57.068	-7.874	46.143	15.77	45.99	-125.68	-85.200	8.047	-8.747	0.17932	0.41394	-0.05600	-0.89066	25.8	null	null	13113	60
2026-05-27T17:10:33.733	WT901BLE68(F3:F0:16:BF:DC:AE)	-0.589	0.047	0.685	-39.063	-12.329	55.725	14.89	44.17	-119.56	-85.200	8.047	-8.747	0.17932	0.41394	-0.05600	-0.89066	25.8	null	null	13113	60
2026-05-27T17:10:33.856	WT901BLE68(F3:F0:16:BF:DC:AE)	-0.716	0.284	0.612	-3.601	-47.607	93.872	18.92	40.73	-109.72	-85.200	8.047	-8.747	0.17932	0.41394	-0.05600	-0.89066	25.8	null	null	13113	60
2026-05-27T17:10:33.943	WT901BLE68(F3:F0:16:BF:DC:AE)	-0.823	0.495	0.574	42.236	-122.192	47.363	24.26	32.27	-103.43	-85.200	8.047	-8.747	0.17932	0.41394	-0.05600	-0.89066	25.8	null	null	13113	60
2026-05-27T17:10:34.069	WT901BLE68(F3:F0:16:BF:DC:AE)	-0.369	0.510	1.014	12.573	1.892	-15.869	26.41	25.29	-104.92	-85.200	8.047	-8.747	0.17932	0.41394	-0.05600	-0.89066	25.8	null	null	13113	60
2026-05-27T17:10:34.153	WT901BLE68(F3:F0:16:BF:DC:AE)	-0.410	0.295	0.847	-24.658	52.612	-26.489	24.90	31.26	-101.67	-69.553	58.573	-17.413	0.17932	0.41394	-0.05600	-0.89066	25.8	null	null	13113	60
2026-05-27T17:10:34.276	WT901BLE68(F3:F0:16:BF:DC:AE)	-0.613	0.232	0.812	-25.879	56.213	-30.640	22.60	37.78	-98.03	-69.553	58.573	-17.413	0.17932	0.41394	-0.05600	-0.89066	25.8	null	null	13113	60
2026-05-27T17:10:34.361	WT901BLE68(F3:F0:16:BF:DC:AE)	-0.981	0.288	0.539	22.034	-36.743	-24.902	20.41	38.27	-97.32	-69.553	58.573	-17.413	0.56509	0.36264	0.08673	-0.73587	25.8	null	null	13113	60
2026-05-27T17:10:34.484	WT901BLE68(F3:F0:16:BF:DC:AE)	-0.985	0.309	1.072	-55.237	46.509	-98.145	14.46	38.34	-101.74	-69.553	58.573	-17.413	0.56509	0.36264	0.08673	-0.73587	25.8	null	null	13113	60
2026-05-27T17:10:34.544	WT901BLE68(F3:F0:16:BF:DC:AE)	-0.757	0.033	0.729	-68.970	-10.132	-152.527	-2.93	41.34	-116.20	-69.553	58.573	-17.413	0.56509	0.36264	0.08673	-0.73587	25.8	null	null	13113	60
2026-05-27T17:10:34.663	WT901BLE68(F3:F0:16:BF:DC:AE)	-0.345	-0.106	0.551	-58.472	-26.489	-114.502	-19.35	36.69	-130.63	-69.553	58.573	-17.413	0.56509	0.36264	0.08673	-0.73587	25.8	null	null	13113	60
2026-05-27T17:10:34.755	WT901BLE68(F3:F0:16:BF:DC:AE)	-0.050	-0.382	0.625	-31.738	-22.583	-19.897	-26.51	31.74	-134.64	-69.553	58.573	-17.413	0.56509	0.36264	0.08673	-0.73587	25.8	null	null	13113	60
2026-05-27T17:10:34.877	WT901BLE68(F3:F0:16:BF:DC:AE)	-0.588	-0.186	0.551	36.377	-15.381	32.898	-24.64	31.79	-130.56	-69.553	58.573	-17.413	0.56509	0.36264	0.08673	-0.73587	25.8	null	null	13113	60
2026-05-27T17:10:34.963	WT901BLE68(F3:F0:16:BF:DC:AE)	-0.337	-0.257	0.610	54.626	-54.565	-48.218	-18.21	22.15	-123.95	-81.433	10.300	-4.713	0.56509	0.36264	0.08673	-0.73587	25.8	null	null	13113	60
2026-05-27T17:10:35.083	WT901BLE68(F3:F0:16:BF:DC:AE)	-0.226	-0.265	0.822	49.011	18.799	-5.737	-14.71	23.46	-125.35	-81.433	10.300	-4.713	0.56509	0.36264	0.08673	-0.73587	25.8	null	null	13113	60
2026-05-27T17:10:35.141	WT901BLE68(F3:F0:16:BF:DC:AE)	-0.391	-0.105	0.901	72.327	5.127	1.526	-8.71	26.54	-124.27	-81.433	10.300	-4.713	0.46823	0.16147	0.18161	-0.84946	25.8	null	null	13113	60
2026-05-27T17:10:35.262	WT901BLE68(F3:F0:16:BF:DC:AE)	-0.635	-0.113	0.880	71.106	31.677	-12.939	-2.13	30.01	-123.55	-81.433	10.300	-4.713	0.46823	0.16147	0.18161	-0.84946	25.8	null	null	13113	60
2026-05-27T17:10:35.355	WT901BLE68(F3:F0:16:BF:DC:AE)	-0.619	0.032	0.873	74.707	20.752	-46.509	3.05	31.64	-125.15	-81.433	10.300	-4.713	0.46823	0.16147	0.18161	-0.84946	25.8	null	null	13113	60
2026-05-27T17:10:35.475	WT901BLE68(F3:F0:16:BF:DC:AE)	-0.693	0.108	0.828	82.214	9.705	-69.153	6.68	33.34	-130.65	-81.433	10.300	-4.713	0.46823	0.16147	0.18161	-0.84946	25.8	null	null	13113	60
2026-05-27T17:10:35.570	WT901BLE68(F3:F0:16:BF:DC:AE)	-0.968	0.335	0.927	68.420	-48.340	-101.196	8.66	33.83	-139.40	-81.433	10.300	-4.713	0.46823	0.16147	0.18161	-0.84946	25.8	null	null	13113	60
2026-05-27T17:10:35.684	WT901BLE68(F3:F0:16:BF:DC:AE)	-0.512	0.288	0.778	59.875	-59.875	-148.987	6.27	30.69	-154.78	-81.433	10.300	-4.713	0.46823	0.16147	0.18161	-0.84946	25.8	null	null	13113	60
2026-05-27T17:10:35.775	WT901BLE68(F3:F0:16:BF:DC:AE)	-0.183	0.338	0.774	89.661	-51.147	-95.398	7.22	26.50	-168.31	-81.433	10.300	-4.713	0.46823	0.16147	0.18161	-0.84946	25.8	null	null	13113	60
2026-05-27T17:10:35.893	WT901BLE68(F3:F0:16:BF:DC:AE)	0.120	0.586	0.847	86.914	-38.635	-22.339	14.34	20.86	-174.62	-81.433	10.300	-4.713	0.46823	0.16147	0.18161	-0.84946	25.8	null	null	13113	60
2026-05-27T17:10:35.950	WT901BLE68(F3:F0:16:BF:DC:AE)	0.015	0.728	1.089	10.925	74.463	64.331	21.47	21.26	-166.79	-68.747	-3.700	4.880	0.46823	0.16147	0.18161	-0.84946	25.8	null	null	13113	60
2026-05-27T17:10:36.074	WT901BLE68(F3:F0:16:BF:DC:AE)	-0.437	0.609	0.929	-65.186	143.250	92.957	25.01	28.49	-148.84	-68.747	-3.700	4.880	0.46823	0.16147	0.18161	-0.84946	25.8	null	null	13113	60
2026-05-27T17:10:36.173	WT901BLE68(F3:F0:16:BF:DC:AE)	-0.646	0.356	0.724	-107.605	115.479	104.187	26.02	34.91	-127.05	-68.747	-3.700	4.880	0.25543	0.31952	-0.11514	-0.90515	25.8	null	null	13113	60
2026-05-27T17:10:36.280	WT901BLE68(F3:F0:16:BF:DC:AE)	-0.751	0.347	0.650	-124.084	71.167	99.365	24.46	38.31	-107.03	-68.747	-3.700	4.880	0.25543	0.31952	-0.11514	-0.90515	25.8	null	null	13113	60
2026-05-27T17:10:36.373	WT901BLE68(F3:F0:16:BF:DC:AE)	-0.854	0.306	0.581	-101.807	44.922	70.679	21.69	41.01	-90.23	-68.747	-3.700	4.880	0.25543	0.31952	-0.11514	-0.90515	25.8	null	null	13113	60
2026-05-27T17:10:36.496	WT901BLE68(F3:F0:16:BF:DC:AE)	-0.757	0.201	0.646	-84.778	18.921	49.438	18.11	41.73	-78.88	-68.747	-3.700	4.880	0.25543	0.31952	-0.11514	-0.90515	25.8	null	null	13113	60
2026-05-27T17:10:36.554	WT901BLE68(F3:F0:16:BF:DC:AE)	-0.758	0.113	0.667	-77.271	12.634	36.255	14.14	42.54	-69.66	-68.747	-3.700	4.880	0.25543	0.31952	-0.11514	-0.90515	25.8	null	null	13113	60
2026-05-27T17:10:36.672	WT901BLE68(F3:F0:16:BF:DC:AE)	-0.660	0.052	0.710	-69.885	9.644	25.024	9.73	43.73	-62.37	-68.747	-3.700	4.880	0.25543	0.31952	-0.11514	-0.90515	25.8	null	null	13113	60
2026-05-27T17:10:36.769	WT901BLE68(F3:F0:16:BF:DC:AE)	-0.680	-0.006	0.595	-57.251	14.343	39.734	6.35	44.64	-54.91	-68.747	-3.700	4.880	0.25543	0.31952	-0.11514	-0.90515	25.8	null	null	13113	60
2026-05-27T17:10:36.881	WT901BLE68(F3:F0:16:BF:DC:AE)	-0.782	-0.050	0.498	-29.419	-15.625	59.998	7.25	44.58	-44.57	-90.487	47.280	-22.373	0.25543	0.31952	-0.11514	-0.90515	25.8	null	null	13113	60
2026-05-27T17:10:36.974	WT901BLE68(F3:F0:16:BF:DC:AE)	-0.628	0.037	0.488	58.044	-128.113	-7.324	9.43	33.04	-39.75	-90.487	47.280	-22.373	0.88126	0.17499	0.27304	-0.34369	25.8	null	null	13113	60
2026-05-27T17:10:37.096	WT901BLE68(F3:F0:16:BF:DC:AE)	-0.597	0.037	0.779	39.551	27.039	-41.870	11.45	32.57	-41.95	-90.487	47.280	-22.373	0.88126	0.17499	0.27304	-0.34369	25.8	null	null	13113	60
2026-05-27T17:10:37.182	WT901BLE68(F3:F0:16:BF:DC:AE)	-0.648	0.191	0.738	52.429	4.211	-66.528	11.74	34.82	-46.13	-90.487	47.280	-22.373	0.88126	0.17499	0.27304	-0.34369	25.8	null	null	13113	60
2026-05-27T17:10:37.305	WT901BLE68(F3:F0:16:BF:DC:AE)	-0.569	0.227	0.755	70.068	1.648	-80.383	12.47	36.22	-53.29	-90.487	47.280	-22.373	0.88126	0.17499	0.27304	-0.34369	25.8	null	null	13113	60
2026-05-27T17:10:37.369	WT901BLE68(F3:F0:16:BF:DC:AE)	-0.677	0.205	0.785	76.538	-7.080	-81.238	13.91	37.43	-61.30	-90.487	47.280	-22.373	0.88126	0.17499	0.27304	-0.34369	25.8	null	null	13113	60
2026-05-27T17:10:37.483	WT901BLE68(F3:F0:16:BF:DC:AE)	-0.673	0.284	0.782	69.275	-28.992	-91.553	14.31	37.08	-70.75	-90.487	47.280	-22.373	0.88126	0.17499	0.27304	-0.34369	25.8	null	null	13113	60
2026-05-27T17:10:37.575	WT901BLE68(F3:F0:16:BF:DC:AE)	-0.660	0.314	0.775	59.692	-23.865	-94.116	13.49	36.62	-81.22	-90.487	47.280	-22.373	0.88126	0.17499	0.27304	-0.34369	25.8	null	null	13113	60
2026-05-27T17:10:37.694	WT901BLE68(F3:F0:16:BF:DC:AE)	-0.630	0.297	0.746	51.575	-24.292	-92.957	12.15	36.66	-91.47	-90.487	47.280	-22.373	0.88126	0.17499	0.27304	-0.34369	25.8	null	null	13113	60
2026-05-27T17:10:37.783	WT901BLE68(F3:F0:16:BF:DC:AE)	-0.506	0.348	0.662	64.453	-42.297	-84.412	11.65	35.36	-101.52	-87.600	14.160	-13.873	0.88126	0.17499	0.27304	-0.34369	25.8	null	null	13113	60
2026-05-27T17:10:37.905	WT901BLE68(F3:F0:16:BF:DC:AE)	-0.389	0.429	0.791	67.871	-68.298	-39.185	14.89	31.87	-108.60	-87.600	14.160	-13.873	0.88126	0.17499	0.27304	-0.34369	25.8	null	null	13113	60
2026-05-27T17:10:37.968	WT901BLE68(F3:F0:16:BF:DC:AE)	-0.128	0.585	0.781	56.519	-5.371	29.297	21.47	28.09	-108.36	-87.600	14.160	-13.873	0.51840	0.28900	0.02213	-0.80444	25.8	null	null	13113	60
2026-05-27T17:10:38.086	WT901BLE68(F3:F0:16:BF:DC:AE)	-0.369	0.741	0.972	-47.180	138.916	68.237	26.98	31.50	-96.86	-87.600	14.160	-13.873	0.51840	0.28900	0.02213	-0.80444	25.8	null	null	13113	60
2026-05-27T17:10:38.174	WT901BLE68(F3:F0:16:BF:DC:AE)	-0.588	0.551	0.730	-143.005	110.596	73.853	26.54	37.81	-80.38	-87.600	14.160	-13.873	0.51840	0.28900	0.02213	-0.80444	25.8	null	null	13113	60
2026-05-27T17:10:38.293	WT901BLE68(F3:F0:16:BF:DC:AE)	-0.818	0.257	0.546	-159.851	75.378	70.862	21.11	43.43	-64.89	-87.600	14.160	-13.873	0.51840	0.28900	0.02213	-0.80444	25.8	null	null	13113	60
2026-05-27T17:10:38.381	WT901BLE68(F3:F0:16:BF:DC:AE)	-0.873	0.211	0.523	-140.442	29.907	45.776	14.00	46.68	-53.40	-87.600	14.160	-13.873	0.51840	0.28900	0.02213	-0.80444	25.8	null	null	13113	60
2026-05-27T17:10:38.505	WT901BLE68(F3:F0:16:BF:DC:AE)	-0.835	0.050	0.597	-104.248	-33.203	30.762	6.34	47.09	-47.12	-87.600	14.160	-13.873	0.51840	0.28900	0.02213	-0.80444	25.8	null	null	13113	60
2026-05-27T17:10:38.591	WT901BLE68(F3:F0:16:BF:DC:AE)	-0.760	-0.025	0.630	-75.439	-39.551	18.127	0.08	44.35	-42.90	-92.573	32.953	-27.087	0.51840	0.28900	0.02213	-0.80444	25.8	null	null	13113	60
2026-05-27T17:10:38.717	WT901BLE68(F3:F0:16:BF:DC:AE)	-0.689	-0.108	0.665	-54.688	-33.813	3.540	-5.18	41.62	-40.45	-92.573	32.953	-27.087	0.51840	0.28900	0.02213	-0.80444	25.8	null	null	13113	60
2026-05-27T17:10:38.771	WT901BLE68(F3:F0:16:BF:DC:AE)	-0.532	-0.213	0.766	-72.510	-28.015	32.410	-9.83	38.87	-37.60	-92.573	32.953	-27.087	0.89597	0.03854	0.34018	-0.28275	25.8	null	null	13113	60
2026-05-27T17:10:38.890	WT901BLE68(F3:F0:16:BF:DC:AE)	-0.589	-0.214	0.552	-40.710	13.733	53.711	-12.58	38.34	-30.56	-92.573	32.953	-27.087	0.89597	0.03854	0.34018	-0.28275	25.8	null	null	13113	60
2026-05-27T17:10:39.016	WT901BLE68(F3:F0:16:BF:DC:AE)	-0.776	-0.130	0.418	45.410	-47.302	33.020	-9.30	36.87	-23.17	-92.573	32.953	-27.087	0.89597	0.03854	0.34018	-0.28275	25.8	null	null	13113	60
2026-05-27T17:10:39.103	WT901BLE68(F3:F0:16:BF:DC:AE)	-0.749	-0.033	0.910	49.011	-17.334	-24.353	-3.06	33.19	-20.98	-92.573	32.953	-27.087	0.89597	0.03854	0.34018	-0.28275	25.8	null	null	13113	60
2026-05-27T17:10:39.193	WT901BLE68(F3:F0:16:BF:DC:AE)	-0.555	-0.200	1.174	-20.569	32.471	-37.354	-4.00	34.43	-24.53	-92.573	32.953	-27.087	0.89597	0.03854	0.34018	-0.28275	25.8	null	null	13113	60
2026-05-27T17:10:39.318	WT901BLE68(F3:F0:16:BF:DC:AE)	-0.364	-0.128	0.878	-43.213	6.104	-15.564	-9.95	35.50	-27.72	-92.573	32.953	-27.087	0.89597	0.03854	0.34018	-0.28275	25.8	null	null	13113	60
2026-05-27T17:10:39.374	WT901BLE68(F3:F0:16:BF:DC:AE)	-0.512	-0.184	0.509	-6.287	15.625	32.104	-12.46	36.58	-27.00	-92.573	32.953	-27.087	0.89597	0.03854	0.34018	-0.28275	25.8	null	null	13113	60
2026-05-27T17:10:39.492	WT901BLE68(F3:F0:16:BF:DC:AE)	-0.717	-0.033	0.604	67.322	-25.391	46.082	-6.81	35.74	-20.74	-92.573	32.953	-27.087	0.89597	0.03854	0.34018	-0.28275	25.8	null	null	13113	60
2026-05-27T17:10:39.580	WT901BLE68(F3:F0:16:BF:DC:AE)	-0.640	0.182	0.872	74.768	-37.476	-9.949	2.03	32.00	-17.09	-84.700	38.013	-9.327	0.89597	0.03854	0.34018	-0.28275	25.8	null	null	13113	60
2026-05-27T17:10:39.703	WT901BLE68(F3:F0:16:BF:DC:AE)	-0.596	0.019	0.792	67.627	-17.639	-59.143	6.33	30.46	-21.13	-84.700	38.013	-9.327	0.89597	0.03854	0.34018	-0.28275	25.8	null	null	13113	60
2026-05-27T17:10:39.793	WT901BLE68(F3:F0:16:BF:DC:AE)	-0.573	0.164	0.871	82.886	-32.959	-72.998	9.79	29.73	-28.76	-84.700	38.013	-9.327	0.93829	0.11722	0.24225	-0.21701	25.8	null	null	13113	60
2026-05-27T17:10:39.913	WT901BLE68(F3:F0:16:BF:DC:AE)	-0.580	0.329	0.911	67.200	-27.832	-96.863	12.47	28.92	-38.60	-84.700	38.013	-9.327	0.93829	0.11722	0.24225	-0.21701	25.8	null	null	13113	60
2026-05-27T17:10:40.002	WT901BLE68(F3:F0:16:BF:DC:AE)	-0.579	0.278	0.853	50.781	4.822	-105.286	12.58	30.89	-49.92	-84.700	38.013	-9.327	0.93829	0.11722	0.24225	-0.21701	25.8	null	null	13113	60
2026-05-27T17:10:40.120	WT901BLE68(F3:F0:16:BF:DC:AE)	-0.589	0.274	0.795	55.115	23.071	-97.412	11.77	34.47	-61.18	-84.700	38.013	-9.327	0.93829	0.11722	0.24225	-0.21701	25.8	null	null	13113	60
2026-05-27T17:10:40.183	WT901BLE68(F3:F0:16:BF:DC:AE)	-0.571	0.365	0.727	67.444	-6.592	-81.726	12.05	36.55	-71.55	-84.700	38.013	-9.327	0.93829	0.11722	0.24225	-0.21701	25.8	null	null	13113	60
2026-05-27T17:10:40.305	WT901BLE68(F3:F0:16:BF:DC:AE)	-0.337	0.350	0.607	88.196	-14.893	-42.969	15.19	37.34	-79.76	-84.700	38.013	-9.327	0.93829	0.11722	0.24225	-0.21701	25.8	null	null	13113	60
2026-05-27T17:10:40.391	WT901BLE68(F3:F0:16:BF:DC:AE)	-0.084	0.724	0.868	61.890	-24.658	26.245	22.47	31.25	-82.74	-85.220	7.053	-13.653	0.93829	0.11722	0.24225	-0.21701	25.8	null	null	13113	60
2026-05-27T17:10:40.516	WT901BLE68(F3:F0:16:BF:DC:AE)	-0.375	0.718	1.031	-31.189	73.853	54.565	27.70	31.71	-75.68	-85.220	7.053	-13.653	0.93829	0.11722	0.24225	-0.21701	25.8	null	null	13113	60
2026-05-27T17:10:40.604	WT901BLE68(F3:F0:16:BF:DC:AE)	-0.598	0.525	0.976	-100.281	107.361	76.904	28.41	35.99	-63.10	-85.220	7.053	-13.653	0.73172	0.35617	0.11313	-0.56992	25.8	null	null	13113	60
2026-05-27T17:10:40.724	WT901BLE68(F3:F0:16:BF:DC:AE)	-1.090	0.500	0.595	-160.156	92.163	43.945	25.75	44.59	-47.24	-85.220	7.053	-13.653	0.73172	0.35617	0.11313	-0.56992	25.8	null	null	13113	60
2026-05-27T17:10:40.784	WT901BLE68(F3:F0:16:BF:DC:AE)	-0.907	0.329	0.476	-147.400	15.076	7.690	15.18	48.44	-41.14	-85.220	7.053	-13.653	0.73172	0.35617	0.11313	-0.56992	25.8	null	null	13113	60
2026-05-27T17:10:40.903	WT901BLE68(F3:F0:16:BF:DC:AE)	-0.870	0.129	0.496	-111.633	-34.424	8.972	4.22	47.10	-40.29	-85.220	7.053	-13.653	0.73172	0.35617	0.11313	-0.56992	25.8	null	null	13113	60
2026-05-27T17:10:40.995	WT901BLE68(F3:F0:16:BF:DC:AE)	-0.705	-0.017	0.662	-100.952	-22.339	4.211	-4.42	44.72	-39.55	-85.220	7.053	-13.653	0.73172	0.35617	0.11313	-0.56992	25.8	null	null	13113	60
2026-05-27T17:10:41.118	WT901BLE68(F3:F0:16:BF:DC:AE)	-0.602	-0.250	0.618	-95.398	-17.273	23.682	-12.23	43.70	-37.55	-85.220	7.053	-13.653	0.73172	0.35617	0.11313	-0.56992	25.8	null	null	13113	60
2026-05-27T17:10:41.204	WT901BLE68(F3:F0:16:BF:DC:AE)	-0.585	-0.225	0.421	-47.791	-49.255	61.890	-14.79	42.16	-30.49	-85.220	7.053	-13.653	0.73172	0.35617	0.11313	-0.56992	25.8	null	null	13113	60
2026-05-27T17:10:41.324	WT901BLE68(F3:F0:16:BF:DC:AE)	-0.795	-0.189	0.377	39.307	-94.788	39.307	-9.76	37.18	-21.56	-85.220	7.053	-13.653	0.73172	0.35617	0.11313	-0.56992	25.8	null	null	13113	60
2026-05-27T17:10:41.414	WT901BLE68(F3:F0:16:BF:DC:AE)	-0.665	-0.229	0.798	17.273	-11.841	-15.869	-6.38	34.24	-20.15	-83.553	29.287	-10.327	0.73172	0.35617	0.11313	-0.56992	25.8	null	null	13113	60
2026-05-27T17:10:41.531	WT901BLE68(F3:F0:16:BF:DC:AE)	-0.480	-0.278	0.952	-62.256	82.947	1.343	-11.05	38.68	-21.73	-83.553	29.287	-10.327	0.93536	-0.01215	0.31900	-0.15198	25.8	null	null	13113	60
2026-05-27T17:10:41.593	WT901BLE68(F3:F0:16:BF:DC:AE)	-0.683	-0.241	0.332	9.155	-39.917	-9.033	-15.69	43.53	-23.90	-83.553	29.287	-10.327	0.93536	-0.01215	0.31900	-0.15198	25.8	null	null	13113	60
2026-05-27T17:10:41.718	WT901BLE68(F3:F0:16:BF:DC:AE)	-0.723	-0.051	0.421	91.064	-24.902	-7.813	-9.59	41.48	-23.70	-83.553	29.287	-10.327	0.93536	-0.01215	0.31900	-0.15198	25.8	null	null	13113	60
2026-05-27T17:10:41.803	WT901BLE68(F3:F0:16:BF:DC:AE)	-0.801	0.051	0.649	105.835	-3.418	-28.748	-1.64	42.11	-25.74	-83.553	29.287	-10.327	0.93536	-0.01215	0.31900	-0.15198	25.8	null	null	13113	60
2026-05-27T17:10:41.924	WT901BLE68(F3:F0:16:BF:DC:AE)	-0.789	0.135	0.804	110.718	-8.057	-50.110	5.63	42.20	-30.91	-83.553	29.287	-10.327	0.93536	-0.01215	0.31900	-0.15198	25.8	null	null	13113	60
2026-05-27T17:10:42.014	WT901BLE68(F3:F0:16:BF:DC:AE)	-0.739	0.203	0.838	100.830	-27.100	-74.768	10.39	41.73	-39.66	-83.553	29.287	-10.327	0.93536	-0.01215	0.31900	-0.15198	25.8	null	null	13113	60
2026-05-27T17:10:42.133	WT901BLE68(F3:F0:16:BF:DC:AE)	-0.737	0.272	0.843	80.750	-12.573	-95.825	11.73	41.80	-51.37	-83.553	29.287	-10.327	0.93536	-0.01215	0.31900	-0.15198	25.8	null	null	13113	60
2026-05-27T17:10:42.194	WT901BLE68(F3:F0:16:BF:DC:AE)	-0.854	0.156	0.708	69.092	-28.503	-106.201	10.01	43.05	-65.12	-90.173	18.387	-23.280	0.93536	-0.01215	0.31900	-0.15198	25.8	null	null	13113	60
2026-05-27T17:10:42.343	WT901BLE68(F3:F0:16:BF:DC:AE)	-0.700	0.364	0.561	75.989	-57.251	-103.271	7.38	40.92	-80.41	-90.173	18.387	-23.280	0.93536	-0.01215	0.31900	-0.15198	25.8	null	null	13113	60
2026-05-27T17:10:42.401	WT901BLE68(F3:F0:16:BF:DC:AE)	-0.440	0.497	0.728	94.116	-93.689	-68.298	9.60	34.89	-92.81	-90.173	18.387	-23.280	0.64297	0.27200	0.15823	-0.69818	25.8	null	null	13113	60
2026-05-27T17:10:42.522	WT901BLE68(F3:F0:16:BF:DC:AE)	0.265	0.603	0.859	64.148	42.297	1.282	15.84	30.05	-97.94	-90.173	18.387	-23.280	0.64297	0.27200	0.15823	-0.69818	25.8	null	null	13113	60
2026-05-27T17:10:42.615	WT901BLE68(F3:F0:16:BF:DC:AE)	-0.391	0.571	1.211	-39.612	53.528	59.814	20.49	33.46	-91.51	-90.173	18.387	-23.280	0.64297	0.27200	0.15823	-0.69818	25.8	null	null	13113	60
2026-05-27T17:10:42.734	WT901BLE68(F3:F0:16:BF:DC:AE)	-0.642	0.496	0.930	-123.901	84.351	80.017	18.73	37.68	-79.95	-90.173	18.387	-23.280	0.64297	0.27200	0.15823	-0.69818	25.8	null	null	13113	60
2026-05-27T17:10:42.824	WT901BLE68(F3:F0:16:BF:DC:AE)	-0.825	0.332	0.719	-165.161	50.842	78.064	11.94	41.19	-67.62	-90.173	18.387	-23.280	0.64297	0.27200	0.15823	-0.69818	25.8	null	null	13113	60
2026-05-27T17:10:42.945	WT901BLE68(F3:F0:16:BF:DC:AE)	-0.908	0.184	0.580	-156.799	5.981	52.490	2.37	42.16	-59.21	-90.173	18.387	-23.280	0.64297	0.27200	0.15823	-0.69818	25.8	null	null	13113	60
2026-05-27T17:10:43.000	WT901BLE68(F3:F0:16:BF:DC:AE)	-0.773	0.029	0.512	-125.610	-31.311	48.096	-6.10	39.95	-53.41	-90.173	18.387	-23.280	0.64297	0.27200	0.15823	-0.69818	25.8	null	null	13113	60
2026-05-27T17:10:43.124	WT901BLE68(F3:F0:16:BF:DC:AE)	-0.641	-0.192	0.527	-91.125	-28.381	52.490	-11.44	37.56	-46.86	-90.173	18.387	-23.280	0.64297	0.27200	0.15823	-0.69818	25.8	null	null	13113	60
2026-05-27T17:10:43.211	WT901BLE68(F3:F0:16:BF:DC:AE)	-0.632	-0.304	0.680	-73.059	-20.874	47.974	-14.77	37.22	-40.50	-90.133	24.113	-17.927	0.64297	0.27200	0.15823	-0.69818	25.8	null	null	13113	60
2026-05-27T17:10:43.336	WT901BLE68(F3:F0:16:BF:DC:AE)	-0.573	-0.301	0.685	-62.622	-32.959	50.598	-17.50	36.30	-33.84	-90.133	24.113	-17.927	0.64297	0.27200	0.15823	-0.69818	25.8	null	null	13113	60
2026-05-27T17:10:43.424	WT901BLE68(F3:F0:16:BF:DC:AE)	-0.684	-0.354	0.435	-25.146	-28.748	51.086	-17.98	35.11	-26.36	-90.133	24.113	-17.927	0.92032	-0.06528	0.32950	-0.20020	25.8	null	null	13113	60
2026-05-27T17:10:43.540	WT901BLE68(F3:F0:16:BF:DC:AE)	-0.817	-0.286	0.655	35.461	-38.757	17.395	-13.94	32.89	-21.58	-90.133	24.113	-17.927	0.92032	-0.06528	0.32950	-0.20020	25.8	null	null	13113	60
2026-05-27T17:10:43.605	WT901BLE68(F3:F0:16:BF:DC:AE)	-0.318	-0.137	0.496	-7.446	36.743	-17.517	-13.14	34.01	-22.41	-90.133	24.113	-17.927	0.92032	-0.06528	0.32950	-0.20020	25.8	null	null	13113	60
2026-05-27T17:10:43.724	WT901BLE68(F3:F0:16:BF:DC:AE)	-0.655	-0.274	0.760	-13.306	44.739	-28.259	-17.84	38.13	-27.04	-90.133	24.113	-17.927	0.92032	-0.06528	0.32950	-0.20020	25.8	null	null	13113	60
2026-05-27T17:10:43.813	WT901BLE68(F3:F0:16:BF:DC:AE)	-0.524	-0.283	0.556	39.246	-1.038	-15.686	-18.76	38.37	-30.44	-90.133	24.113	-17.927	0.92032	-0.06528	0.32950	-0.20020	25.8	null	null	13113	60
2026-05-27T17:10:43.935	WT901BLE68(F3:F0:16:BF:DC:AE)	-0.741	-0.102	0.611	88.013	4.639	-5.249	-13.35	39.28	-31.67	-90.133	24.113	-17.927	0.92032	-0.06528	0.32950	-0.20020	25.8	null	null	13113	60
2026-05-27T17:10:44.025	WT901BLE68(F3:F0:16:BF:DC:AE)	-0.841	-0.099	0.708	87.341	11.230	-30.884	-6.70	40.65	-33.93	-87.847	28.440	-14.713	0.92032	-0.06528	0.32950	-0.20020	25.8	null	null	13113	60
2026-05-27T17:10:44.146	WT901BLE68(F3:F0:16:BF:DC:AE)	-0.800	0.026	0.723	88.562	3.052	-58.655	-2.02	41.51	-39.87	-87.847	28.440	-14.713	0.92032	-0.06528	0.32950	-0.20020	25.8	null	null	13113	60
2026-05-27T17:10:44.233	WT901BLE68(F3:F0:16:BF:DC:AE)	-0.732	0.128	0.660	97.107	10.864	-77.942	0.97	42.26	-49.16	-87.847	28.440	-14.713	0.85504	0.14658	0.32767	-0.37405	25.8	null	null	13113	60
2026-05-27T17:10:44.358	WT901BLE68(F3:F0:16:BF:DC:AE)	-0.882	0.174	0.679	106.750	-12.756	-96.313	3.49	43.71	-61.02	-87.847	28.440	-14.713	0.85504	0.14658	0.32767	-0.37405	25.8	null	null	13113	60
2026-05-27T17:10:44.412	WT901BLE68(F3:F0:16:BF:DC:AE)	-0.736	0.280	0.729	99.060	-19.104	-108.032	4.39	43.59	-75.88	-87.847	28.440	-14.713	0.85504	0.14658	0.32767	-0.37405	25.8	null	null	13113	60
2026-05-27T17:10:44.534	WT901BLE68(F3:F0:16:BF:DC:AE)	-0.541	0.316	0.631	100.647	-30.945	-83.862	5.23	42.00	-90.24	-87.847	28.440	-14.713	0.85504	0.14658	0.32767	-0.37405	25.8	null	null	13113	60
2026-05-27T17:10:44.624	WT901BLE68(F3:F0:16:BF:DC:AE)	-0.360	0.430	0.774	95.398	-71.045	-25.024	10.94	38.61	-99.38	-87.847	28.440	-14.713	0.85504	0.14658	0.32767	-0.37405	25.8	null	null	13113	60
2026-05-27T17:10:44.743	WT901BLE68(F3:F0:16:BF:DC:AE)	-0.097	0.589	0.861	56.946	-47.852	24.963	18.53	33.12	-102.21	-87.847	28.440	-14.713	0.85504	0.14658	0.32767	-0.37405	25.8	null	null	13113	60
2026-05-27T17:10:44.835	WT901BLE68(F3:F0:16:BF:DC:AE)	-0.461	0.688	1.117	-37.964	63.782	72.754	24.29	31.83	-96.25	-87.847	28.440	-14.713	0.85504	0.14658	0.32767	-0.37405	25.8	null	null	13113	60
2026-05-27T17:10:44.953	WT901BLE68(F3:F0:16:BF:DC:AE)	-0.706	0.658	0.948	-128.723	81.848	73.547	23.71	35.35	-84.40	-84.567	4.953	-12.500	0.85504	0.14658	0.32767	-0.37405	25.8	null	null	13113	60
2026-05-27T17:10:45.013	WT901BLE68(F3:F0:16:BF:DC:AE)	-0.878	0.270	0.638	-180.481	44.800	61.401	15.91	40.12	-73.11	-84.567	4.953	-12.500	0.85504	0.14658	0.32767	-0.37405	25.8	null	null	13113	60
2026-05-27T17:10:45.134	WT901BLE68(F3:F0:16:BF:DC:AE)	-0.714	0.204	0.477	-151.184	-8.972	51.819	5.17	40.84	-65.57	-84.567	4.953	-12.500	0.85504	0.14658	0.32767	-0.37405	25.8	null	null	13113	60
2026-05-27T17:10:45.221	WT901BLE68(F3:F0:16:BF:DC:AE)	-0.878	-0.076	0.530	-104.797	0.000	39.795	-2.04	41.00	-59.84	-84.567	4.953	-12.500	0.79214	0.20093	0.28360	-0.50162	25.8	null	null	13113	60
2026-05-27T17:10:45.343	WT901BLE68(F3:F0:16:BF:DC:AE)	-0.744	-0.234	0.689	-91.003	-13.550	20.935	-8.29	40.57	-56.09	-84.567	4.953	-12.500	0.79214	0.20093	0.28360	-0.50162	25.8	null	null	13113	60
2026-05-27T17:10:45.434	WT901BLE68(F3:F0:16:BF:DC:AE)	-0.589	-0.240	0.683	-88.623	0.000	33.325	-14.91	40.20	-52.75	-84.567	4.953	-12.500	0.79214	0.20093	0.28360	-0.50162	25.8	null	null	13113	60
2026-05-27T17:10:45.553	WT901BLE68(F3:F0:16:BF:DC:AE)	-0.599	-0.236	0.477	-60.852	-22.156	60.242	-18.64	40.55	-46.63	-84.567	4.953	-12.500	0.79214	0.20093	0.28360	-0.50162	25.8	null	null	13113	60
2026-05-27T17:10:45.645	WT901BLE68(F3:F0:16:BF:DC:AE)	-0.756	-0.182	0.359	37.659	-87.036	52.734	-14.39	38.10	-37.44	-84.567	4.953	-12.500	0.79214	0.20093	0.28360	-0.50162	25.8	null	null	13113	60
2026-05-27T17:10:45.762	WT901BLE68(F3:F0:16:BF:DC:AE)	-0.896	-0.170	0.817	46.570	-40.283	-4.456	-6.78	32.17	-32.09	-84.567	4.953	-12.500	0.79214	0.20093	0.28360	-0.50162	25.8	null	null	13113	60
2026-05-27T17:10:45.823	WT901BLE68(F3:F0:16:BF:DC:AE)	-0.683	-0.283	0.996	-18.738	75.928	-22.888	-7.37	34.73	-34.17	-81.960	30.087	-7.060	0.79214	0.20093	0.28360	-0.50162	25.8	null	null	13113	60
2026-05-27T17:10:45.946	WT901BLE68(F3:F0:16:BF:DC:AE)	-0.481	-0.207	0.703	-17.151	54.260	-20.386	-12.13	38.85	-38.16	-81.960	30.087	-7.060	0.79214	0.20093	0.28360	-0.50162	25.8	null	null	13113	60
2026-05-27T17:10:46.030	WT901BLE68(F3:F0:16:BF:DC:AE)	-0.662	-0.221	0.375	45.532	19.043	-4.211	-13.06	41.26	-40.56	-81.960	30.087	-7.060	0.88904	0.01324	0.36203	-0.27975	25.8	null	null	13113	60
2026-05-27T17:10:46.156	WT901BLE68(F3:F0:16:BF:DC:AE)	-0.701	-0.044	0.406	110.229	-14.221	0.305	-5.61	40.26	-40.46	-81.960	30.087	-7.060	0.88904	0.01324	0.36203	-0.27975	25.8	null	null	13113	60
2026-05-27T17:10:46.241	WT901BLE68(F3:F0:16:BF:DC:AE)	-0.771	0.076	0.841	93.079	2.197	-33.020	3.05	38.95	-42.62	-81.960	30.087	-7.060	0.88904	0.01324	0.36203	-0.27975	25.8	null	null	13113	60
2026-05-27T17:10:46.370	WT901BLE68(F3:F0:16:BF:DC:AE)	-0.793	0.155	0.842	82.703	-6.714	-64.392	7.62	39.78	-48.82	-81.960	30.087	-7.060	0.88904	0.01324	0.36203	-0.27975	25.8	null	null	13113	60
2026-05-27T17:10:46.421	WT901BLE68(F3:F0:16:BF:DC:AE)	-0.777	0.213	0.748	81.726	16.296	-82.764	9.37	41.57	-58.65	-81.960	30.087	-7.060	0.88904	0.01324	0.36203	-0.27975	25.8	null	null	13113	60
2026-05-27T17:10:46.542	WT901BLE68(F3:F0:16:BF:DC:AE)	-0.788	0.276	0.703	75.195	2.441	-92.407	9.56	42.91	-70.30	-81.960	30.087	-7.060	0.88904	0.01324	0.36203	-0.27975	25.8	null	null	13113	60
2026-05-27T17:10:46.629	WT901BLE68(F3:F0:16:BF:DC:AE)	-0.680	0.257	0.686	70.251	0.916	-94.727	8.23	44.48	-83.41	-81.960	30.087	-7.060	0.88904	0.01324	0.36203	-0.27975	25.8	null	null	13113	60
2026-05-27T17:10:46.756	WT901BLE68(F3:F0:16:BF:DC:AE)	-0.603	0.289	0.667	80.688	-30.762	-62.195	8.41	44.84	-94.72	-81.960	30.087	-7.060	0.88904	0.01324	0.36203	-0.27975	25.8	null	null	13113	60
2026-05-27T17:10:46.842	WT901BLE68(F3:F0:16:BF:DC:AE)	-0.513	0.420	0.722	78.918	-79.285	-17.334	12.89	39.61	-100.97	-90.040	4.527	-22.473	0.88904	0.01324	0.36203	-0.27975	25.8	null	null	13113	60
2026-05-27T17:10:46.992	WT901BLE68(F3:F0:16:BF:DC:AE)	-0.051	0.547	0.813	59.631	-52.429	20.447	18.79	31.04	-103.91	-90.040	4.527	-22.473	0.55441	0.31168	0.07431	-0.76801	25.8	null	null	13113	60
2026-05-27T17:10:47.019	WT901BLE68(F3:F0:16:BF:DC:AE)	-0.426	0.594	1.131	-18.494	46.082	59.753	24.11	30.68	-98.36	-90.040	4.527	-22.473	0.55441	0.31168	0.07431	-0.76801	25.8	null	null	13113	60
2026-05-27T17:10:47.174	WT901BLE68(F3:F0:16:BF:DC:AE)	-0.692	0.513	1.002	-91.980	62.866	76.172	24.28	33.84	-87.67	-90.040	4.527	-22.473	0.55441	0.31168	0.07431	-0.76801	25.8	null	null	13113	60
2026-05-27T17:10:47.232	WT901BLE68(F3:F0:16:BF:DC:AE)	-0.795	0.403	0.817	-147.949	70.251	75.256	19.08	37.36	-75.70	-90.040	4.527	-22.473	0.55441	0.31168	0.07431	-0.76801	25.8	null	null	13113	60
2026-05-27T17:10:47.354	WT901BLE68(F3:F0:16:BF:DC:AE)	-0.865	0.268	0.775	-155.151	-14.282	58.411	10.11	38.13	-66.94	-90.040	4.527	-22.473	0.55441	0.31168	0.07431	-0.76801	25.8	null	null	13113	60
2026-05-27T17:10:47.446	WT901BLE68(F3:F0:16:BF:DC:AE)	-0.840	0.117	0.508	-136.047	-5.676	39.429	0.05	37.04	-61.27	-90.040	4.527	-22.473	0.55441	0.31168	0.07431	-0.76801	25.8	null	null	13113	60
2026-05-27T17:10:47.568	WT901BLE68(F3:F0:16:BF:DC:AE)	-0.662	-0.074	0.493	-99.915	-13.611	27.710	-8.12	36.44	-57.67	-90.040	4.527	-22.473	0.55441	0.31168	0.07431	-0.76801	25.8	null	null	13113	60
2026-05-27T17:10:47.651	WT901BLE68(F3:F0:16:BF:DC:AE)	-0.512	-0.225	0.649	-69.214	-6.042	31.250	-13.48	36.73	-54.39	-89.960	22.773	-15.867	0.55441	0.31168	0.07431	-0.76801	25.8	null	null	13113	60
2026-05-27T17:10:47.775	WT901BLE68(F3:F0:16:BF:DC:AE)	-0.460	-0.219	0.679	-52.551	39.917	59.326	-16.22	39.55	-49.16	-89.960	22.773	-15.867	0.55441	0.31168	0.07431	-0.76801	25.8	null	null	13113	60
2026-05-27T17:10:47.832	WT901BLE68(F3:F0:16:BF:DC:AE)	-0.907	-0.282	0.438	-5.249	-12.939	58.533	-14.45	42.29	-41.72	-89.960	22.773	-15.867	0.87799	0.01630	0.37708	-0.29425	25.8	null	null	13113	60
2026-05-27T17:10:47.952	WT901BLE68(F3:F0:16:BF:DC:AE)	-0.968	-0.225	0.665	48.950	-53.650	0.122	-9.00	39.06	-36.69	-89.960	22.773	-15.867	0.87799	0.01630	0.37708	-0.29425	25.8	null	null	13113	60
2026-05-27T17:10:48.048	WT901BLE68(F3:F0:16:BF:DC:AE)	-0.458	-0.254	1.085	-5.127	50.598	-20.935	-8.82	38.56	-38.88	-89.960	22.773	-15.867	0.87799	0.01630	0.37708	-0.29425	25.8	null	null	13113	60
2026-05-27T17:10:48.168	WT901BLE68(F3:F0:16:BF:DC:AE)	-0.505	-0.202	0.740	-12.573	34.607	-7.019	-12.48	42.29	-41.36	-89.960	22.773	-15.867	0.87799	0.01630	0.37708	-0.29425	25.8	null	null	13113	60
2026-05-27T17:10:48.252	WT901BLE68(F3:F0:16:BF:DC:AE)	-0.587	-0.218	0.450	28.137	-3.906	25.940	-10.93	43.30	-40.11	-89.960	22.773	-15.867	0.87799	0.01630	0.37708	-0.29425	25.8	null	null	13113	60
2026-05-27T17:10:48.375	WT901BLE68(F3:F0:16:BF:DC:AE)	-0.891	0.041	0.460	69.397	-13.184	25.024	-3.15	43.31	-35.79	-89.960	22.773	-15.867	0.87799	0.01630	0.37708	-0.29425	25.8	null	null	13113	60
2026-05-27T17:10:48.470	WT901BLE68(F3:F0:16:BF:DC:AE)	-0.864	0.072	0.597	96.252	-58.289	-33.447	4.02	39.55	-37.00	-89.960	22.773	-15.867	0.87799	0.01630	0.37708	-0.29425	25.8	null	null	13113	60
2026-05-27T17:10:48.582	WT901BLE68(F3:F0:16:BF:DC:AE)	-0.729	0.232	0.783	103.271	-32.837	-79.529	9.19	37.27	-45.59	-86.487	38.287	-16.827	0.87799	0.01630	0.37708	-0.29425	25.8	null	null	13113	60
2026-05-27T17:10:48.643	WT901BLE68(F3:F0:16:BF:DC:AE)	-0.649	0.270	0.910	84.839	-21.179	-98.572	11.40	37.34	-57.82	-86.487	38.287	-16.827	0.87799	0.01630	0.37708	-0.29425	25.8	null	null	13113	60
2026-05-27T17:10:48.767	WT901BLE68(F3:F0:16:BF:DC:AE)	-0.602	0.299	0.881	67.627	-28.625	-97.717	11.47	37.21	-70.78	-86.487	38.287	-16.827	0.87799	0.01630	0.37708	-0.29425	25.8	null	null	13113	60
2026-05-27T17:10:48.850	WT901BLE68(F3:F0:16:BF:DC:AE)	-0.617	0.282	0.806	49.011	-33.997	-100.586	9.83	36.21	-83.80	-86.487	38.287	-16.827	0.72882	0.26477	0.19327	-0.60104	25.8	null	null	13113	60
2026-05-27T17:10:48.973	WT901BLE68(F3:F0:16:BF:DC:AE)	-0.496	0.228	0.552	64.453	-31.860	-77.148	8.88	35.05	-95.70	-86.487	38.287	-16.827	0.72882	0.26477	0.19327	-0.60104	25.8	null	null	13113	60
2026-05-27T17:10:49.064	WT901BLE68(F3:F0:16:BF:DC:AE)	-0.359	0.421	0.907	62.622	-30.884	-23.376	12.84	32.23	-102.18	-86.487	38.287	-16.827	0.72882	0.26477	0.19327	-0.60104	25.8	null	null	13113	60
2026-05-27T17:10:49.182	WT901BLE68(F3:F0:16:BF:DC:AE)	-0.165	0.588	0.736	41.565	21.545	48.523	18.73	29.53	-101.06	-86.487	38.287	-16.827	0.72882	0.26477	0.19327	-0.60104	25.8	null	null	13113	60
2026-05-27T17:10:49.241	WT901BLE68(F3:F0:16:BF:DC:AE)	-0.525	0.605	1.035	-55.115	97.412	90.576	22.47	31.38	-90.78	-86.487	38.287	-16.827	0.72882	0.26477	0.19327	-0.60104	25.8	null	null	13113	60
2026-05-27T17:10:49.367	WT901BLE68(F3:F0:16:BF:DC:AE)	-0.845	0.395	0.812	-109.680	55.115	92.712	21.84	33.81	-76.70	-86.487	38.287	-16.827	0.72882	0.26477	0.19327	-0.60104	25.8	null	null	13113	60
2026-05-27T17:10:49.452	WT901BLE68(F3:F0:16:BF:DC:AE)	-0.777	0.283	0.680	-123.352	41.626	55.664	16.41	35.67	-66.34	-86.487	38.287	-16.827	0.72882	0.26477	0.19327	-0.60104	25.8	null	null	13113	60
2026-05-27T17:10:49.573	WT901BLE68(F3:F0:16:BF:DC:AE)	-0.732	0.125	0.650	-105.652	23.682	39.612	9.22	38.01	-59.92	-90.793	32.267	-20.187	0.72882	0.26477	0.19327	-0.60104	25.8	null	null	13113	60
2026-05-27T17:10:49.664	WT901BLE68(F3:F0:16:BF:DC:AE)	-0.706	0.016	0.804	-96.619	0.427	29.236	2.71	39.18	-55.67	-90.793	32.267	-20.187	0.82245	0.19183	0.27405	-0.45996	25.8	null	null	13113	60
2026-05-27T17:10:49.782	WT901BLE68(F3:F0:16:BF:DC:AE)	-0.509	-0.072	0.575	-87.708	23.865	50.110	-3.83	39.15	-51.02	-90.793	32.267	-20.187	0.82245	0.19183	0.27405	-0.45996	25.8	null	null	13113	60
2026-05-27T17:10:49.873	WT901BLE68(F3:F0:16:BF:DC:AE)	-0.806	-0.085	0.220	27.222	-80.261	28.687	-4.70	40.28	-45.38	-90.793	32.267	-20.187	0.82245	0.19183	0.27405	-0.45996	25.8	null	null	13113	60
2026-05-27T17:10:49.997	WT901BLE68(F3:F0:16:BF:DC:AE)	-0.938	-0.038	0.747	85.144	-51.208	-20.203	3.22	35.16	-43.98	-90.793	32.267	-20.187	0.82245	0.19183	0.27405	-0.45996	25.8	null	null	13113	60
2026-05-27T17:10:50.054	WT901BLE68(F3:F0:16:BF:DC:AE)	-0.527	-0.051	1.196	-16.479	59.631	-26.245	4.95	35.69	-46.97	-90.793	32.267	-20.187	0.82245	0.19183	0.27405	-0.45996	25.8	null	null	13113	60
2026-05-27T17:10:50.177	WT901BLE68(F3:F0:16:BF:DC:AE)	-0.472	-0.019	0.818	-23.743	42.297	-17.090	0.32	40.35	-49.52	-90.793	32.267	-20.187	0.82245	0.19183	0.27405	-0.45996	25.8	null	null	13113	60
2026-05-27T17:10:50.268	WT901BLE68(F3:F0:16:BF:DC:AE)	-0.613	-0.103	0.547	-11.597	51.575	9.216	-2.12	43.93	-50.27	-90.793	32.267	-20.187	0.82245	0.19183	0.27405	-0.45996	25.8	null	null	13113	60
2026-05-27T17:10:50.389	WT901BLE68(F3:F0:16:BF:DC:AE)	-0.987	0.000	0.245	40.527	37.476	-10.620	-1.49	49.19	-49.96	-90.793	32.267	-20.187	0.82245	0.19183	0.27405	-0.45996	25.8	null	null	13113	60
2026-05-27T17:10:50.471	WT901BLE68(F3:F0:16:BF:DC:AE)	-1.009	0.161	0.376	117.493	-36.865	-62.012	2.85	50.06	-55.04	-94.320	38.293	-27.480	0.82245	0.19183	0.27405	-0.45996	25.8	null	null	13113	60
2026-05-27T17:10:50.594	WT901BLE68(F3:F0:16:BF:DC:AE)	-0.906	0.232	0.553	142.029	-16.418	-107.727	6.14	49.09	-68.86	-94.320	38.293	-27.480	0.76382	0.25302	0.33203	-0.49216	25.8	null	null	13113	60
2026-05-27T17:10:50.651	WT901BLE68(F3:F0:16:BF:DC:AE)	-0.853	0.163	0.621	153.564	-44.800	-132.629	7.51	48.12	-88.37	-94.320	38.293	-27.480	0.76382	0.25302	0.33203	-0.49216	25.8	null	null	13113	60
2026-05-27T17:10:50.776	WT901BLE68(F3:F0:16:BF:DC:AE)	-0.697	0.588	0.720	131.836	-85.144	-145.081	7.60	42.75	-110.99	-94.320	38.293	-27.480	0.76382	0.25302	0.33203	-0.49216	25.8	null	null	13113	60
2026-05-27T17:10:50.868	WT901BLE68(F3:F0:16:BF:DC:AE)	-0.207	0.415	0.846	69.031	-39.368	-109.985	7.29	37.88	-131.12	-94.320	38.293	-27.480	0.76382	0.25302	0.33203	-0.49216	25.8	null	null	13113	60
2026-05-27T17:10:50.983	WT901BLE68(F3:F0:16:BF:DC:AE)	-0.026	0.186	0.749	41.504	-30.762	16.174	9.33	35.36	-139.42	-94.320	38.293	-27.480	0.76382	0.25302	0.33203	-0.49216	25.8	null	null	13113	60
2026-05-27T17:10:51.076	WT901BLE68(F3:F0:16:BF:DC:AE)	-0.227	0.493	0.824	14.587	125.977	136.169	19.32	37.60	-129.26	-94.320	38.293	-27.480	0.76382	0.25302	0.33203	-0.49216	25.8	null	null	13113	60
2026-05-27T17:10:51.193	WT901BLE68(F3:F0:16:BF:DC:AE)	-0.642	0.651	0.735	-42.236	87.036	166.565	33.78	40.13	-105.19	-94.320	38.293	-27.480	0.76382	0.25302	0.33203	-0.49216	25.8	null	null	13113	60
2026-05-27T17:10:51.284	WT901BLE68(F3:F0:16:BF:DC:AE)	-0.859	0.606	0.429	-66.956	115.601	119.385	44.47	40.10	-81.71	-93.387	21.753	-25.633	0.76382	0.25302	0.33203	-0.49216	25.8	null	null	13113	60
2026-05-27T17:10:51.407	WT901BLE68(F3:F0:16:BF:DC:AE)	-0.751	0.589	0.272	-60.486	46.875	82.275	49.67	39.53	-65.02	-93.387	21.753	-25.633	0.76382	0.25302	0.33203	-0.49216	25.8	null	null	13113	60
2026-05-27T17:10:51.466	WT901BLE68(F3:F0:16:BF:DC:AE)	-0.573	0.606	0.357	-33.325	106.079	59.204	54.18	39.14	-53.23	-93.387	21.753	-25.633	0.67749	0.51236	0.06802	-0.52319	25.8	null	null	13113	60
2026-05-27T17:10:51.585	WT901BLE68(F3:F0:16:BF:DC:AE)	-0.645	0.655	0.256	-21.301	88.928	52.551	61.77	40.47	-38.69	-93.387	21.753	-25.633	0.67749	0.51236	0.06802	-0.52319	25.8	null	null	13113	60
2026-05-27T17:10:51.672	WT901BLE68(F3:F0:16:BF:DC:AE)	-0.589	0.812	0.285	-9.033	10.559	53.284	66.02	38.08	-31.09	-93.387	21.753	-25.633	0.67749	0.51236	0.06802	-0.52319	25.8	null	null	13113	60
2026-05-27T17:10:51.789	WT901BLE68(F3:F0:16:BF:DC:AE)	-0.637	0.867	0.277	3.418	1.831	23.926	68.35	35.29	-28.11	-93.387	21.753	-25.633	0.67749	0.51236	0.06802	-0.52319	25.8	null	null	13113	60
2026-05-27T17:10:51.882	WT901BLE68(F3:F0:16:BF:DC:AE)	-0.574	0.805	0.272	8.972	6.897	3.967	69.36	34.34	-28.64	-93.387	21.753	-25.633	0.67749	0.51236	0.06802	-0.52319	25.8	null	null	13113	60
2026-05-27T17:10:52.010	WT901BLE68(F3:F0:16:BF:DC:AE)	-0.566	0.823	0.300	6.165	-3.967	3.967	70.57	34.16	-28.72	-93.387	21.753	-25.633	0.67749	0.51236	0.06802	-0.52319	25.8	null	null	13113	60
2026-05-27T17:10:52.065	WT901BLE68(F3:F0:16:BF:DC:AE)	-0.466	0.808	0.286	2.747	14.160	0.000	70.90	34.07	-29.84	-93.387	21.753	-25.633	0.67749	0.51236	0.06802	-0.52319	25.8	null	null	13113	60
2026-05-27T17:10:52.183	WT901BLE68(F3:F0:16:BF:DC:AE)	-0.499	0.847	0.244	3.052	-6.836	8.606	71.48	33.38	-29.87	-93.387	21.753	-25.633	0.67749	0.51236	0.06802	-0.52319	25.8	null	null	13113	60
2026-05-27T17:10:52.271	WT901BLE68(F3:F0:16:BF:DC:AE)	-0.561	0.824	0.247	0.000	0.183	5.310	71.87	32.61	-30.20	-72.100	64.840	-59.527	0.67749	0.51236	0.06802	-0.52319	25.8	null	null	13113	60
2026-05-27T17:10:52.395	WT901BLE68(F3:F0:16:BF:DC:AE)	-0.507	0.821	0.266	0.122	3.784	3.296	72.02	32.26	-30.75	-72.100	64.840	-59.527	0.67749	0.51236	0.06802	-0.52319	25.8	null	null	13113	60
2026-05-27T17:10:52.480	WT901BLE68(F3:F0:16:BF:DC:AE)	-0.524	0.808	0.226	3.174	-3.601	1.404	72.33	32.05	-31.12	-72.100	64.840	-59.527	0.70547	0.60489	0.06558	-0.36331	25.8	null	null	13113	60
2026-05-27T17:10:52.603	WT901BLE68(F3:F0:16:BF:DC:AE)	-0.550	0.884	0.276	0.122	9.216	-3.235	72.44	31.98	-31.88	-72.100	64.840	-59.527	0.70547	0.60489	0.06558	-0.36331	25.8	null	null	13113	60
