time	DeviceName	AccX(g)	AccY(g)	AccZ(g)	AsX(°/s)	AsY(°/s)	AsZ(°/s)	AngleX(°)	AngleY(°)	AngleZ(°)	HX(uT)	HY(uT)	HZ(uT)	Q0()	Q1()	Q2()	Q3()	Temperature(°C)	Height(m)	Pressure(kPa)	Version()	Battery level(%)
2026-05-27T17:18:13.155	WT901BLE68(F3:F0:16:BF:DC:AE)	-0.000	1.003	-0.104	19.104	73.608	29.907	93.05	3.01	-70.49	-74.933	19.733	-18.853	0.50082	0.58224	-0.40747	-0.49396	25.7	null	null	13113	60
2026-05-27T17:18:13.270	WT901BLE68(F3:F0:16:BF:DC:AE)	-0.044	1.051	-0.101	9.460	87.402	35.339	94.72	-1.01	-62.58	-74.933	19.733	-18.853	0.56082	0.61157	-0.39890	-0.39017	25.7	null	null	13113	60
2026-05-27T17:18:13.334	WT901BLE68(F3:F0:16:BF:DC:AE)	-0.215	1.021	-0.057	-6.714	64.392	16.602	94.28	-3.98	-55.06	-74.933	19.733	-18.853	0.56082	0.61157	-0.39890	-0.39017	25.7	null	null	13113	60
2026-05-27T17:18:13.454	WT901BLE68(F3:F0:16:BF:DC:AE)	0.031	1.024	0.023	-23.315	49.133	1.404	92.42	-4.47	-50.54	-74.933	19.733	-18.853	0.56082	0.61157	-0.39890	-0.39017	25.7	null	null	13113	60
2026-05-27T17:18:13.542	WT901BLE68(F3:F0:16:BF:DC:AE)	0.093	0.995	0.013	-24.658	49.683	-2.319	89.13	-4.00	-45.96	-74.933	19.733	-18.853	0.56082	0.61157	-0.39890	-0.39017	25.7	null	null	13113	60
2026-05-27T17:18:13.664	WT901BLE68(F3:F0:16:BF:DC:AE)	-0.206	1.063	-0.408	9.766	32.166	-1.282	89.93	-4.18	-44.85	-74.933	19.733	-18.853	0.56082	0.61157	-0.39890	-0.39017	25.7	null	null	13113	60
2026-05-27T17:18:13.752	WT901BLE68(F3:F0:16:BF:DC:AE)	0.284	1.105	-0.172	58.044	-104.065	-5.737	91.92	-1.74	-49.26	-74.933	19.733	-18.853	0.56082	0.61157	-0.39890	-0.39017	25.7	null	null	13113	60
2026-05-27T17:18:13.872	WT901BLE68(F3:F0:16:BF:DC:AE)	0.269	1.027	0.103	33.630	35.461	-18.066	96.93	-0.22	-52.74	-74.933	19.733	-18.853	0.56082	0.61157	-0.39890	-0.39017	25.7	null	null	13113	60
2026-05-27T17:18:13.931	WT901BLE68(F3:F0:16:BF:DC:AE)	0.239	1.000	-0.088	18.982	10.071	-2.197	99.40	-0.11	-50.22	-63.807	26.440	-42.320	0.56082	0.61157	-0.39890	-0.39017	25.7	null	null	13113	60
2026-05-27T17:18:14.084	WT901BLE68(F3:F0:16:BF:DC:AE)	0.161	1.006	-0.096	5.249	39.124	-3.113	100.06	-0.94	-48.09	-63.807	26.440	-42.320	0.56082	0.61157	-0.39890	-0.39017	25.7	null	null	13113	60
2026-05-27T17:18:14.140	WT901BLE68(F3:F0:16:BF:DC:AE)	0.033	0.980	-0.190	-3.174	32.898	-7.080	99.45	-1.44	-44.75	-63.807	26.440	-42.320	0.59744	0.70074	-0.30493	-0.24277	25.7	null	null	13113	60
2026-05-27T17:18:14.262	WT901BLE68(F3:F0:16:BF:DC:AE)	0.036	0.990	-0.217	0.793	-4.883	-1.648	99.18	-1.51	-43.07	-63.807	26.440	-42.320	0.59744	0.70074	-0.30493	-0.24277	25.7	null	null	13113	60
2026-05-27T17:18:14.354	WT901BLE68(F3:F0:16:BF:DC:AE)	0.011	0.973	-0.204	-2.502	21.606	-4.150	99.19	-1.52	-43.04	-63.807	26.440	-42.320	0.59744	0.70074	-0.30493	-0.24277	25.7	null	null	13113	60
2026-05-27T17:18:14.472	WT901BLE68(F3:F0:16:BF:DC:AE)	0.059	0.987	-0.178	6.836	17.517	-11.780	99.53	-0.94	-41.86	-63.807	26.440	-42.320	0.59744	0.70074	-0.30493	-0.24277	25.7	null	null	13113	60
2026-05-27T17:18:14.564	WT901BLE68(F3:F0:16:BF:DC:AE)	0.077	0.977	-0.143	0.916	23.621	-14.526	99.85	-0.02	-40.13	-63.807	26.440	-42.320	0.59744	0.70074	-0.30493	-0.24277	25.7	null	null	13113	60
2026-05-27T17:18:14.682	WT901BLE68(F3:F0:16:BF:DC:AE)	0.030	1.021	-0.122	8.423	9.583	-13.367	100.46	0.97	-38.98	-63.807	26.440	-42.320	0.59744	0.70074	-0.30493	-0.24277	25.7	null	null	13113	60
2026-05-27T17:18:14.743	WT901BLE68(F3:F0:16:BF:DC:AE)	-0.131	1.048	0.084	-65.308	-27.100	1.892	97.54	1.28	-40.02	-63.807	26.440	-42.320	0.59744	0.70074	-0.30493	-0.24277	25.7	null	null	13113	60
2026-05-27T17:18:14.862	WT901BLE68(F3:F0:16:BF:DC:AE)	-0.166	1.138	0.194	-101.013	-49.500	17.700	86.59	0.13	-44.07	-61.060	24.773	-50.473	0.59744	0.70074	-0.30493	-0.24277	25.7	null	null	13113	60
2026-05-27T17:18:14.952	WT901BLE68(F3:F0:16:BF:DC:AE)	-0.081	0.895	-0.281	-45.959	-85.083	-3.967	78.09	-0.84	-51.96	-61.060	24.773	-50.473	0.59744	0.70074	-0.30493	-0.24277	25.7	null	null	13113	60
2026-05-27T17:18:15.071	WT901BLE68(F3:F0:16:BF:DC:AE)	0.338	0.842	-0.165	31.250	17.761	-5.493	79.46	-0.46	-56.70	-61.060	24.773	-50.473	0.69720	0.55746	-0.28845	-0.34613	25.7	null	null	13113	60
2026-05-27T17:18:15.165	WT901BLE68(F3:F0:16:BF:DC:AE)	-0.125	0.992	0.532	55.603	56.030	-7.507	85.29	1.01	-50.09	-61.060	24.773	-50.473	0.69720	0.55746	-0.28845	-0.34613	25.7	null	null	13113	60
2026-05-27T17:18:15.285	WT901BLE68(F3:F0:16:BF:DC:AE)	-0.027	1.026	0.419	-4.761	-58.594	-1.221	86.42	1.69	-52.45	-61.060	24.773	-50.473	0.69720	0.55746	-0.28845	-0.34613	25.7	null	null	13113	60
2026-05-27T17:18:15.378	WT901BLE68(F3:F0:16:BF:DC:AE)	-0.180	0.835	-0.230	-4.456	-48.706	-5.737	81.90	1.00	-57.42	-61.060	24.773	-50.473	0.69720	0.55746	-0.28845	-0.34613	25.7	null	null	13113	60
2026-05-27T17:18:15.494	WT901BLE68(F3:F0:16:BF:DC:AE)	0.038	1.013	0.203	29.175	-17.883	0.183	83.22	1.24	-58.60	-61.060	24.773	-50.473	0.69720	0.55746	-0.28845	-0.34613	25.7	null	null	13113	60
2026-05-27T17:18:15.552	WT901BLE68(F3:F0:16:BF:DC:AE)	-0.008	0.985	0.177	16.479	28.381	-8.789	85.27	2.01	-57.35	-61.060	24.773	-50.473	0.69720	0.55746	-0.28845	-0.34613	25.7	null	null	13113	60
2026-05-27T17:18:15.674	WT901BLE68(F3:F0:16:BF:DC:AE)	-0.007	0.986	0.059	20.020	42.236	-0.183	87.12	2.41	-54.22	-61.060	24.773	-50.473	0.69720	0.55746	-0.28845	-0.34613	25.7	null	null	13113	60
2026-05-27T17:18:15.765	WT901BLE68(F3:F0:16:BF:DC:AE)	-0.084	0.960	-0.039	52.734	28.076	-0.488	90.58	2.49	-51.17	-65.300	28.153	-39.680	0.69720	0.55746	-0.28845	-0.34613	25.7	null	null	13113	60
2026-05-27T17:18:15.881	WT901BLE68(F3:F0:16:BF:DC:AE)	0.015	1.039	-0.040	21.912	54.443	-3.174	95.36	2.08	-46.77	-65.300	28.153	-39.680	0.69720	0.55746	-0.28845	-0.34613	25.7	null	null	13113	60
2026-05-27T17:18:15.971	WT901BLE68(F3:F0:16:BF:DC:AE)	-0.026	0.985	-0.079	29.358	21.851	-2.441	96.85	1.89	-42.62	-65.300	28.153	-39.680	0.61459	0.69122	-0.27103	-0.26630	25.7	null	null	13113	60
2026-05-27T17:18:16.091	WT901BLE68(F3:F0:16:BF:DC:AE)	-0.054	0.973	-0.206	6.653	22.278	1.709	98.77	1.70	-40.56	-65.300	28.153	-39.680	0.61459	0.69122	-0.27103	-0.26630	25.7	null	null	13113	60
2026-05-27T17:18:16.153	WT901BLE68(F3:F0:16:BF:DC:AE)	-0.016	1.008	-0.242	15.930	-10.803	5.859	100.17	1.25	-40.44	-65.300	28.153	-39.680	0.61459	0.69122	-0.27103	-0.26630	25.7	null	null	13113	60
2026-05-27T17:18:16.274	WT901BLE68(F3:F0:16:BF:DC:AE)	0.043	0.990	-0.186	5.127	-4.578	4.395	100.87	0.87	-41.41	-65.300	28.153	-39.680	0.61459	0.69122	-0.27103	-0.26630	25.7	null	null	13113	60
2026-05-27T17:18:16.363	WT901BLE68(F3:F0:16:BF:DC:AE)	-0.061	0.954	-0.221	-2.441	-9.583	4.150	101.03	0.37	-42.13	-65.300	28.153	-39.680	0.61459	0.69122	-0.27103	-0.26630	25.7	null	null	13113	60
2026-05-27T17:18:16.485	WT901BLE68(F3:F0:16:BF:DC:AE)	0.015	0.985	-0.184	-4.272	-29.053	5.615	100.82	0.15	-44.20	-65.300	28.153	-39.680	0.61459	0.69122	-0.27103	-0.26630	25.7	null	null	13113	60
2026-05-27T17:18:16.574	WT901BLE68(F3:F0:16:BF:DC:AE)	-0.007	0.987	-0.174	-7.751	-29.053	4.822	100.37	0.08	-47.09	-65.300	28.153	-39.680	0.61459	0.69122	-0.27103	-0.26630	25.7	null	null	13113	60
2026-05-27T17:18:16.692	WT901BLE68(F3:F0:16:BF:DC:AE)	-0.013	0.983	-0.192	-9.094	-35.278	6.042	99.72	0.09	-50.63	-59.827	23.420	-53.827	0.61459	0.69122	-0.27103	-0.26630	25.7	null	null	13113	60
2026-05-27T17:18:16.785	WT901BLE68(F3:F0:16:BF:DC:AE)	-0.019	0.992	-0.166	-7.935	-40.283	8.057	98.98	0.04	-54.66	-59.827	23.420	-53.827	0.61459	0.69122	-0.27103	-0.26630	25.7	null	null	13113	60
2026-05-27T17:18:16.903	WT901BLE68(F3:F0:16:BF:DC:AE)	-0.050	0.997	-0.156	-13.489	-46.326	12.390	97.94	-0.27	-58.91	-59.827	23.420	-53.827	0.57462	0.66852	-0.35815	-0.30740	25.7	null	null	13113	60
2026-05-27T17:18:16.963	WT901BLE68(F3:F0:16:BF:DC:AE)	0.030	0.987	-0.166	-10.559	-56.519	10.559	96.82	-0.64	-64.47	-59.827	23.420	-53.827	0.57462	0.66852	-0.35815	-0.30740	25.7	null	null	13113	60
2026-05-27T17:18:17.085	WT901BLE68(F3:F0:16:BF:DC:AE)	0.096	0.993	-0.079	-2.502	-35.217	-0.427	96.38	-0.54	-68.90	-59.827	23.420	-53.827	0.57462	0.66852	-0.35815	-0.30740	25.7	null	null	13113	60
2026-05-27T17:18:17.173	WT901BLE68(F3:F0:16:BF:DC:AE)	0.233	1.047	0.026	-8.972	-3.723	-1.587	96.06	0.04	-71.72	-59.827	23.420	-53.827	0.57462	0.66852	-0.35815	-0.30740	25.7	null	null	13113	60
2026-05-27T17:18:17.295	WT901BLE68(F3:F0:16:BF:DC:AE)	0.053	0.999	-0.109	-18.005	14.099	-3.479	94.45	-0.06	-70.26	-59.827	23.420	-53.827	0.57462	0.66852	-0.35815	-0.30740	25.7	null	null	13113	60
2026-05-27T17:18:17.384	WT901BLE68(F3:F0:16:BF:DC:AE)	-0.050	0.980	-0.174	-12.878	19.043	-7.935	93.07	0.15	-68.74	-59.827	23.420	-53.827	0.57462	0.66852	-0.35815	-0.30740	25.7	null	null	13113	60
2026-05-27T17:18:17.503	WT901BLE68(F3:F0:16:BF:DC:AE)	0.059	1.056	0.190	-35.400	57.861	-3.418	91.76	0.87	-65.30	-59.827	23.420	-53.827	0.57462	0.66852	-0.35815	-0.30740	25.7	null	null	13113	60
2026-05-27T17:18:17.563	WT901BLE68(F3:F0:16:BF:DC:AE)	0.014	1.033	0.180	-38.086	21.362	6.226	87.03	0.63	-61.08	-65.867	29.127	-35.187	0.57462	0.66852	-0.35815	-0.30740	25.7	null	null	13113	60
2026-05-27T17:18:17.681	WT901BLE68(F3:F0:16:BF:DC:AE)	0.005	0.367	-0.308	-100.952	-3.357	19.958	80.93	-0.40	-58.85	-65.867	29.127	-35.187	0.57462	0.66852	-0.35815	-0.30740	25.7	null	null	13113	60
2026-05-27T17:18:17.772	WT901BLE68(F3:F0:16:BF:DC:AE)	-0.231	1.052	-0.083	56.885	114.502	16.235	84.36	-1.46	-55.83	-65.867	29.127	-35.187	0.65903	0.56219	-0.33099	-0.37411	25.7	null	null	13113	60
2026-05-27T17:18:17.895	WT901BLE68(F3:F0:16:BF:DC:AE)	-0.224	1.051	0.354	64.758	50.659	-12.939	89.39	0.26	-46.52	-65.867	29.127	-35.187	0.65903	0.56219	-0.33099	-0.37411	25.7	null	null	13113	60
2026-05-27T17:18:17.985	WT901BLE68(F3:F0:16:BF:DC:AE)	0.111	1.031	-0.009	39.612	-35.889	-0.854	95.83	0.76	-48.51	-65.867	29.127	-35.187	0.65903	0.56219	-0.33099	-0.37411	25.7	null	null	13113	60
2026-05-27T17:18:18.105	WT901BLE68(F3:F0:16:BF:DC:AE)	-0.038	1.047	-0.214	0.671	90.515	-6.714	97.44	0.88	-44.13	-65.867	29.127	-35.187	0.65903	0.56219	-0.33099	-0.37411	25.7	null	null	13113	60
2026-05-27T17:18:18.195	WT901BLE68(F3:F0:16:BF:DC:AE)	-0.225	0.806	-0.269	-59.143	-41.992	2.502	93.86	0.49	-41.37	-65.867	29.127	-35.187	0.65903	0.56219	-0.33099	-0.37411	25.7	null	null	13113	60
2026-05-27T17:18:18.314	WT901BLE68(F3:F0:16:BF:DC:AE)	0.047	0.987	-0.131	7.263	37.781	1.526	94.96	0.28	-43.47	-65.867	29.127	-35.187	0.65903	0.56219	-0.33099	-0.37411	25.7	null	null	13113	60
2026-05-27T17:18:18.370	WT901BLE68(F3:F0:16:BF:DC:AE)	0.023	1.008	-0.161	42.542	45.227	-8.545	97.83	0.16	-38.68	-65.867	29.127	-35.187	0.65903	0.56219	-0.33099	-0.37411	25.7	null	null	13113	60
2026-05-27T17:18:18.493	WT901BLE68(F3:F0:16:BF:DC:AE)	0.070	1.081	0.051	3.113	-2.991	1.587	99.78	-0.09	-35.82	-55.807	24.967	-56.607	0.65903	0.56219	-0.33099	-0.37411	25.7	null	null	13113	60
2026-05-27T17:18:18.584	WT901BLE68(F3:F0:16:BF:DC:AE)	0.047	0.985	-0.282	3.357	-48.340	8.545	100.38	-0.40	-39.45	-55.807	24.967	-56.607	0.65903	0.56219	-0.33099	-0.37411	25.7	null	null	13113	60
2026-05-27T17:18:18.704	WT901BLE68(F3:F0:16:BF:DC:AE)	-0.076	1.010	-0.146	3.052	-42.236	8.667	100.78	-0.60	-43.67	-55.807	24.967	-56.607	0.60065	0.72003	-0.26947	-0.21921	25.7	null	null	13113	60
2026-05-27T17:18:18.793	WT901BLE68(F3:F0:16:BF:DC:AE)	0.006	0.950	-0.213	-3.540	-75.439	15.198	99.43	-0.87	-50.33	-55.807	24.967	-56.607	0.60065	0.72003	-0.26947	-0.21921	25.7	null	null	13113	60
2026-05-27T17:18:18.915	WT901BLE68(F3:F0:16:BF:DC:AE)	-0.061	0.960	-0.204	-6.836	-55.542	12.634	99.13	-1.24	-56.42	-55.807	24.967	-56.607	0.60065	0.72003	-0.26947	-0.21921	25.7	null	null	13113	60
2026-05-27T17:18:18.973	WT901BLE68(F3:F0:16:BF:DC:AE)	0.020	0.983	-0.120	-5.798	-65.918	11.230	98.88	-1.41	-62.52	-55.807	24.967	-56.607	0.60065	0.72003	-0.26947	-0.21921	25.7	null	null	13113	60
2026-05-27T17:18:19.094	WT901BLE68(F3:F0:16:BF:DC:AE)	0.079	0.983	-0.129	-7.690	-39.429	8.240	98.28	-1.59	-67.96	-55.807	24.967	-56.607	0.60065	0.72003	-0.26947	-0.21921	25.7	null	null	13113	60
2026-05-27T17:18:19.183	WT901BLE68(F3:F0:16:BF:DC:AE)	0.089	0.997	-0.105	-4.028	-8.911	0.122	97.87	-1.77	-69.80	-55.807	24.967	-56.607	0.60065	0.72003	-0.26947	-0.21921	25.7	null	null	13113	60
2026-05-27T17:18:19.304	WT901BLE68(F3:F0:16:BF:DC:AE)	0.017	0.989	-0.131	0.244	-2.686	-5.127	97.75	-1.54	-69.80	-55.807	24.967	-56.607	0.60065	0.72003	-0.26947	-0.21921	25.7	null	null	13113	60
2026-05-27T17:18:19.395	WT901BLE68(F3:F0:16:BF:DC:AE)	0.099	0.995	-0.139	-1.648	2.625	-3.174	97.40	-0.98	-69.61	-64.893	28.893	-38.473	0.60065	0.72003	-0.26947	-0.21921	25.7	null	null	13113	60
2026-05-27T17:18:19.512	WT901BLE68(F3:F0:16:BF:DC:AE)	0.126	0.987	-0.121	0.854	38.757	-10.803	97.16	-0.76	-67.49	-64.893	28.893	-38.473	0.60065	0.72003	-0.26947	-0.21921	25.7	null	null	13113	60
2026-05-27T17:18:19.571	WT901BLE68(F3:F0:16:BF:DC:AE)	-0.077	0.985	-0.117	-4.578	36.316	-14.160	96.78	-0.27	-62.16	-64.893	28.893	-38.473	0.56177	0.63107	-0.40375	-0.35080	25.7	null	null	13113	60
2026-05-27T17:18:19.724	WT901BLE68(F3:F0:16:BF:DC:AE)	-0.031	1.001	-0.136	-1.648	10.437	-9.766	96.73	0.65	-60.02	-64.893	28.893	-38.473	0.56177	0.63107	-0.40375	-0.35080	25.7	null	null	13113	60
2026-05-27T17:18:19.783	WT901BLE68(F3:F0:16:BF:DC:AE)	-0.026	1.028	-0.070	-11.169	6.287	-5.737	96.03	1.29	-58.95	-64.893	28.893	-38.473	0.56177	0.63107	-0.40375	-0.35080	25.7	null	null	13113	60
2026-05-27T17:18:19.902	WT901BLE68(F3:F0:16:BF:DC:AE)	0.022	1.174	0.198	-64.331	18.799	5.066	92.75	1.40	-58.25	-64.893	28.893	-38.473	0.56177	0.63107	-0.40375	-0.35080	25.7	null	null	13113	60
2026-05-27T17:18:19.993	WT901BLE68(F3:F0:16:BF:DC:AE)	-0.215	0.943	0.212	-168.091	-26.306	1.282	81.56	0.68	-57.42	-64.893	28.893	-38.473	0.56177	0.63107	-0.40375	-0.35080	25.7	null	null	13113	60
2026-05-27T17:18:20.115	WT901BLE68(F3:F0:16:BF:DC:AE)	-0.033	0.864	-0.265	4.822	-16.052	-19.653	80.64	1.60	-60.09	-64.893	28.893	-38.473	0.56177	0.63107	-0.40375	-0.35080	25.7	null	null	13113	60
2026-05-27T17:18:20.205	WT901BLE68(F3:F0:16:BF:DC:AE)	-0.228	0.898	0.029	42.908	58.044	-13.733	84.86	3.84	-55.90	-64.893	28.893	-38.473	0.56177	0.63107	-0.40375	-0.35080	25.7	null	null	13113	60
2026-05-27T17:18:20.325	WT901BLE68(F3:F0:16:BF:DC:AE)	-0.057	1.090	0.082	79.041	-107.544	13.062	91.01	4.17	-59.78	-66.993	28.260	-36.873	0.56177	0.63107	-0.40375	-0.35080	25.7	null	null	13113	60
2026-05-27T17:18:20.381	WT901BLE68(F3:F0:16:BF:DC:AE)	0.209	1.011	0.120	23.499	28.564	1.953	94.13	3.53	-62.90	-66.993	28.260	-36.873	0.56177	0.63107	-0.40375	-0.35080	25.7	null	null	13113	60
2026-05-27T17:18:20.503	WT901BLE68(F3:F0:16:BF:DC:AE)	-0.229	1.008	-0.177	24.353	7.141	2.380	95.99	2.84	-58.38	-66.993	28.260	-36.873	0.57471	0.64688	-0.35263	-0.35605	25.7	null	null	13113	60
2026-05-27T17:18:20.592	WT901BLE68(F3:F0:16:BF:DC:AE)	0.110	1.013	-0.169	20.264	9.338	8.545	98.09	2.49	-58.86	-66.993	28.260	-36.873	0.57471	0.64688	-0.35263	-0.35605	25.7	null	null	13113	60
2026-05-27T17:18:20.715	WT901BLE68(F3:F0:16:BF:DC:AE)	0.006	1.048	-0.015	4.456	-6.287	7.935	98.78	1.52	-57.59	-66.993	28.260	-36.873	0.57471	0.64688	-0.35263	-0.35605	25.7	null	null	13113	60
2026-05-27T17:18:20.802	WT901BLE68(F3:F0:16:BF:DC:AE)	0.004	0.972	-0.207	-1.404	-4.822	10.559	98.73	0.53	-58.35	-66.993	28.260	-36.873	0.57471	0.64688	-0.35263	-0.35605	25.7	null	null	13113	60
2026-05-27T17:18:20.926	WT901BLE68(F3:F0:16:BF:DC:AE)	-0.087	0.953	-0.263	4.333	-17.090	9.827	98.74	-0.21	-59.23	-66.993	28.260	-36.873	0.57471	0.64688	-0.35263	-0.35605	25.7	null	null	13113	60
2026-05-27T17:18:21.012	WT901BLE68(F3:F0:16:BF:DC:AE)	-0.021	0.996	-0.139	0.977	-33.752	11.475	99.09	-0.77	-61.63	-66.993	28.260	-36.873	0.57471	0.64688	-0.35263	-0.35605	25.7	null	null	13113	60
2026-05-27T17:18:21.138	WT901BLE68(F3:F0:16:BF:DC:AE)	0.067	0.983	-0.145	2.441	-24.475	9.705	99.35	-1.32	-64.63	-66.993	28.260	-36.873	0.57471	0.64688	-0.35263	-0.35605	25.7	null	null	13113	60
2026-05-27T17:18:21.191	WT901BLE68(F3:F0:16:BF:DC:AE)	0.057	1.002	-0.114	8.789	-7.141	1.038	100.10	-1.54	-65.59	-62.793	27.893	-42.000	0.57471	0.64688	-0.35263	-0.35605	25.7	null	null	13113	60
2026-05-27T17:18:21.312	WT901BLE68(F3:F0:16:BF:DC:AE)	0.019	0.975	-0.162	5.615	-1.648	2.014	100.50	-1.86	-65.32	-62.793	27.893	-42.000	0.57471	0.64688	-0.35263	-0.35605	25.7	null	null	13113	60
2026-05-27T17:18:21.401	WT901BLE68(F3:F0:16:BF:DC:AE)	0.106	0.990	-0.181	8.545	25.818	-4.456	101.01	-2.09	-64.12	-62.793	27.893	-42.000	0.54547	0.64291	-0.42300	-0.33176	25.7	null	null	13113	60
2026-05-27T17:18:21.523	WT901BLE68(F3:F0:16:BF:DC:AE)	0.116	1.002	-0.104	4.150	43.152	-6.348	101.53	-2.29	-60.52	-62.793	27.893	-42.000	0.54547	0.64291	-0.42300	-0.33176	25.7	null	null	13113	60
2026-05-27T17:18:21.616	WT901BLE68(F3:F0:16:BF:DC:AE)	-0.024	0.958	-0.303	4.028	61.340	-11.536	101.37	-2.92	-54.50	-62.793	27.893	-42.000	0.54547	0.64291	-0.42300	-0.33176	25.7	null	null	13113	60
2026-05-27T17:18:21.732	WT901BLE68(F3:F0:16:BF:DC:AE)	0.020	0.954	-0.336	11.841	32.166	-7.813	101.87	-2.75	-49.88	-62.793	27.893	-42.000	0.54547	0.64291	-0.42300	-0.33176	25.7	null	null	13113	60
2026-05-27T17:18:21.792	WT901BLE68(F3:F0:16:BF:DC:AE)	0.071	1.010	-0.133	1.587	17.029	-4.089	102.73	-2.45	-47.49	-62.793	27.893	-42.000	0.54547	0.64291	-0.42300	-0.33176	25.7	null	null	13113	60
2026-05-27T17:18:21.913	WT901BLE68(F3:F0:16:BF:DC:AE)	-0.001	0.982	-0.214	0.671	10.620	-1.587	102.66	-2.60	-45.93	-62.793	27.893	-42.000	0.54547	0.64291	-0.42300	-0.33176	25.7	null	null	13113	60
2026-05-27T17:18:22.005	WT901BLE68(F3:F0:16:BF:DC:AE)	0.020	0.954	-0.237	-2.197	-7.751	2.136	102.40	-2.66	-45.57	-62.793	27.893	-42.000	0.54547	0.64291	-0.42300	-0.33176	25.7	null	null	13113	60
2026-05-27T17:18:22.124	WT901BLE68(F3:F0:16:BF:DC:AE)	0.078	0.966	-0.253	0.244	3.723	-1.099	102.37	-2.76	-45.90	-55.500	24.460	-55.487	0.54547	0.64291	-0.42300	-0.33176	25.7	null	null	13113	60
2026-05-27T17:18:22.213	WT901BLE68(F3:F0:16:BF:DC:AE)	0.082	0.952	-0.250	4.822	7.141	-5.554	102.66	-2.68	-45.31	-55.500	24.460	-55.487	0.54547	0.64291	-0.42300	-0.33176	25.7	null	null	13113	60
2026-05-27T17:18:22.334	WT901BLE68(F3:F0:16:BF:DC:AE)	0.049	0.969	-0.229	2.441	9.399	-3.479	103.11	-2.52	-44.43	-55.500	24.460	-55.487	0.58246	0.71631	-0.31281	-0.22290	25.7	null	null	13113	60
2026-05-27T17:18:22.422	WT901BLE68(F3:F0:16:BF:DC:AE)	0.077	0.989	-0.226	-2.441	-0.183	1.587	103.17	-2.62	-44.17	-55.500	24.460	-55.487	0.58246	0.71631	-0.31281	-0.22290	25.7	null	null	13113	60
2026-05-27T17:18:22.547	WT901BLE68(F3:F0:16:BF:DC:AE)	0.052	0.986	-0.238	-5.371	-20.020	0.671	102.90	-2.42	-45.82	-55.500	24.460	-55.487	0.58246	0.71631	-0.31281	-0.22290	25.7	null	null	13113	60
2026-05-27T17:18:22.602	WT901BLE68(F3:F0:16:BF:DC:AE)	0.070	0.959	-0.228	-6.531	-14.954	-1.648	102.27	-2.11	-47.74	-55.500	24.460	-55.487	0.58246	0.71631	-0.31281	-0.22290	25.7	null	null	13113	60
2026-05-27T17:18:22.724	WT901BLE68(F3:F0:16:BF:DC:AE)	0.065	0.995	-0.165	-6.409	-7.813	-3.662	101.74	-1.57	-49.30	-55.500	24.460	-55.487	0.58246	0.71631	-0.31281	-0.22290	25.7	null	null	13113	60
2026-05-27T17:18:22.813	WT901BLE68(F3:F0:16:BF:DC:AE)	-0.019	0.987	-0.176	-9.827	-26.123	-1.465	100.95	-1.05	-50.70	-55.500	24.460	-55.487	0.58246	0.71631	-0.31281	-0.22290	25.7	null	null	13113	60
2026-05-27T17:18:22.930	WT901BLE68(F3:F0:16:BF:DC:AE)	-0.014	0.993	-0.170	-11.475	-52.551	1.526	99.92	-0.26	-54.67	-55.500	24.460	-55.487	0.58246	0.71631	-0.31281	-0.22290	25.7	null	null	13113	60
2026-05-27T17:18:23.023	WT901BLE68(F3:F0:16:BF:DC:AE)	-0.032	0.984	-0.160	-11.414	-35.339	1.831	98.68	0.28	-59.04	-62.287	24.380	-47.647	0.58246	0.71631	-0.31281	-0.22290	25.7	null	null	13113	60
2026-05-27T17:18:23.144	WT901BLE68(F3:F0:16:BF:DC:AE)	-0.054	1.002	-0.101	-13.245	-46.387	4.761	97.45	0.58	-62.96	-62.287	24.380	-47.647	0.58246	0.71631	-0.31281	-0.22290	25.7	null	null	13113	60
2026-05-27T17:18:23.199	WT901BLE68(F3:F0:16:BF:DC:AE)	-0.017	1.003	-0.117	-12.268	-46.387	6.104	96.21	0.62	-67.40	-62.287	24.380	-47.647	0.55652	0.63086	-0.40106	-0.36240	25.7	null	null	13113	60
2026-05-27T17:18:23.324	WT901BLE68(F3:F0:16:BF:DC:AE)	0.064	1.000	-0.045	-10.193	-31.616	2.747	95.00	0.58	-71.19	-62.287	24.380	-47.647	0.55652	0.63086	-0.40106	-0.36240	25.7	null	null	13113	60
2026-05-27T17:18:23.413	WT901BLE68(F3:F0:16:BF:DC:AE)	0.025	0.993	0.010	-6.104	-2.319	-4.150	94.10	0.74	-71.85	-62.287	24.380	-47.647	0.55652	0.63086	-0.40106	-0.36240	25.7	null	null	13113	60
2026-05-27T17:18:23.534	WT901BLE68(F3:F0:16:BF:DC:AE)	-0.058	0.998	-0.014	-10.193	-2.075	-1.953	93.21	0.88	-71.30	-62.287	24.380	-47.647	0.55652	0.63086	-0.40106	-0.36240	25.7	null	null	13113	60
2026-05-27T17:18:23.622	WT901BLE68(F3:F0:16:BF:DC:AE)	-0.011	0.998	-0.063	-5.432	7.507	-4.272	92.31	1.14	-70.93	-62.287	24.380	-47.647	0.55652	0.63086	-0.40106	-0.36240	25.7	null	null	13113	60
2026-05-27T17:18:23.748	WT901BLE68(F3:F0:16:BF:DC:AE)	-0.023	1.011	-0.012	-3.357	31.738	-8.850	91.99	1.74	-68.57	-62.287	24.380	-47.647	0.55652	0.63086	-0.40106	-0.36240	25.7	null	null	13113	60
2026-05-27T17:18:23.801	WT901BLE68(F3:F0:16:BF:DC:AE)	-0.048	1.009	-0.007	-4.639	36.377	-8.057	91.64	2.42	-64.88	-62.287	24.380	-47.647	0.55652	0.63086	-0.40106	-0.36240	25.7	null	null	13113	60
2026-05-27T17:18:23.954	WT901BLE68(F3:F0:16:BF:DC:AE)	-0.055	1.037	0.039	-11.169	48.401	-9.460	91.30	3.20	-60.51	-68.493	26.533	-35.887	0.55652	0.63086	-0.40106	-0.36240	25.7	null	null	13113	60
2026-05-27T17:18:24.016	WT901BLE68(F3:F0:16:BF:DC:AE)	-0.104	1.031	0.122	-25.269	43.396	-1.770	89.41	3.66	-55.60	-68.493	26.533	-35.887	0.55652	0.63086	-0.40106	-0.36240	25.7	null	null	13113	60
2026-05-27T17:18:24.132	WT901BLE68(F3:F0:16:BF:DC:AE)	-0.007	0.988	0.018	-20.996	4.028	9.338	87.09	3.52	-53.59	-68.493	26.533	-35.887	0.62262	0.63217	-0.30182	-0.34857	25.7	null	null	13113	60
2026-05-27T17:18:24.223	WT901BLE68(F3:F0:16:BF:DC:AE)	-0.114	0.876	-0.257	4.639	13.245	5.920	86.84	2.45	-52.60	-68.493	26.533	-35.887	0.62262	0.63217	-0.30182	-0.34857	25.7	null	null	13113	60
2026-05-27T17:18:24.346	WT901BLE68(F3:F0:16:BF:DC:AE)	-0.061	1.177	0.019	51.453	57.373	-0.061	91.83	2.54	-50.13	-68.493	26.533	-35.887	0.62262	0.63217	-0.30182	-0.34857	25.7	null	null	13113	60
2026-05-27T17:18:24.434	WT901BLE68(F3:F0:16:BF:DC:AE)	-0.169	1.008	-0.010	59.021	-5.798	4.211	97.11	2.52	-45.85	-68.493	26.533	-35.887	0.62262	0.63217	-0.30182	-0.34857	25.7	null	null	13113	60
2026-05-27T17:18:24.554	WT901BLE68(F3:F0:16:BF:DC:AE)	0.049	1.047	-0.043	14.160	7.263	3.174	99.48	2.21	-47.58	-68.493	26.533	-35.887	0.62262	0.63217	-0.30182	-0.34857	25.7	null	null	13113	60
2026-05-27T17:18:24.613	WT901BLE68(F3:F0:16:BF:DC:AE)	-0.118	0.965	-0.182	11.169	23.926	1.160	100.57	1.39	-45.63	-68.493	26.533	-35.887	0.62262	0.63217	-0.30182	-0.34857	25.7	null	null	13113	60
2026-05-27T17:18:24.734	WT901BLE68(F3:F0:16:BF:DC:AE)	-0.003	1.013	-0.126	6.165	9.888	5.310	101.44	0.92	-44.59	-68.493	26.533	-35.887	0.62262	0.63217	-0.30182	-0.34857	25.7	null	null	13113	60
2026-05-27T17:18:24.823	WT901BLE68(F3:F0:16:BF:DC:AE)	0.000	0.997	-0.218	0.000	-14.893	11.536	101.48	0.38	-45.90	-68.493	26.533	-35.887	0.62262	0.63217	-0.30182	-0.34857	25.7	null	null	13113	60
2026-05-27T17:18:24.945	WT901BLE68(F3:F0:16:BF:DC:AE)	-0.043	0.950	-0.288	0.916	-32.654	11.536	101.37	-0.33	-48.39	-68.493	26.533	-35.887	0.62262	0.63217	-0.30182	-0.34857	25.7	null	null	13113	60
2026-05-27T17:18:25.035	WT901BLE68(F3:F0:16:BF:DC:AE)	0.056	0.984	-0.217	3.906	-25.269	10.620	101.98	-0.66	-51.78	-68.493	26.533	-35.887	0.62262	0.63217	-0.30182	-0.34857	25.5	null	null	13113	60
2026-05-27T17:18:25.156	WT901BLE68(F3:F0:16:BF:DC:AE)	0.019	0.991	-0.171	-3.357	-42.236	14.526	101.99	-1.21	-54.77	-68.493	26.533	-35.887	0.62262	0.63217	-0.30182	-0.34857	25.5	null	null	13113	60
2026-05-27T17:18:25.213	WT901BLE68(F3:F0:16:BF:DC:AE)	0.087	0.965	-0.233	-4.150	-30.518	13.062	101.56	-1.83	-58.86	-68.493	26.533	-35.887	0.62262	0.63217	-0.30182	-0.34857	25.5	null	null	13113	60
2026-05-27T17:18:25.366	WT901BLE68(F3:F0:16:BF:DC:AE)	0.075	0.961	-0.214	0.549	-7.141	4.822	101.53	-2.36	-60.52	-61.460	25.560	-47.993	0.62262	0.63217	-0.30182	-0.34857	25.5	null	null	13113	60
2026-05-27T17:18:25.423	WT901BLE68(F3:F0:16:BF:DC:AE)	0.119	0.973	-0.187	-0.427	13.611	0.061	101.56	-2.87	-59.92	-61.460	25.560	-47.993	0.62262	0.63217	-0.30182	-0.34857	25.5	null	null	13113	60
2026-05-27T17:18:25.542	WT901BLE68(F3:F0:16:BF:DC:AE)	0.054	0.988	-0.165	-0.305	23.865	-5.859	101.46	-3.10	-57.69	-61.460	25.560	-47.993	0.55862	0.66388	-0.39883	-0.29666	25.5	null	null	13113	60
2026-05-27T17:18:25.635	WT901BLE68(F3:F0:16:BF:DC:AE)	0.088	0.981	-0.219	5.310	33.752	-9.827	101.59	-2.99	-54.64	-61.460	25.560	-47.993	0.55862	0.66388	-0.39883	-0.29666	25.5	null	null	13113	60
2026-05-27T17:18:25.755	WT901BLE68(F3:F0:16:BF:DC:AE)	0.098	0.978	-0.201	5.066	32.715	-12.207	101.93	-2.65	-51.38	-61.460	25.560	-47.993	0.55862	0.66388	-0.39883	-0.29666	25.5	null	null	13113	60
2026-05-27T17:18:25.846	WT901BLE68(F3:F0:16:BF:DC:AE)	0.103	0.987	-0.202	0.061	42.908	-16.479	102.01	-2.14	-47.54	-61.460	25.560	-47.993	0.55862	0.66388	-0.39883	-0.29666	25.5	null	null	13113	60
2026-05-27T17:18:25.968	WT901BLE68(F3:F0:16:BF:DC:AE)	0.016	0.975	-0.238	0.732	39.185	-18.860	101.98	-1.40	-43.63	-61.460	25.560	-47.993	0.55862	0.66388	-0.39883	-0.29666	25.5	null	null	13113	60
2026-05-27T17:18:26.022	WT901BLE68(F3:F0:16:BF:DC:AE)	-0.039	0.962	-0.222	-2.808	18.372	-12.756	101.82	-0.73	-40.90	-61.460	25.560	-47.993	0.55862	0.66388	-0.39883	-0.29666	25.5	null	null	13113	60
2026-05-27T17:18:26.141	WT901BLE68(F3:F0:16:BF:DC:AE)	-0.013	0.984	-0.193	-0.977	13.062	-11.047	101.72	0.19	-39.76	-61.460	25.560	-47.993	0.55862	0.66388	-0.39883	-0.29666	25.5	null	null	13113	60
2026-05-27T17:18:26.230	WT901BLE68(F3:F0:16:BF:DC:AE)	-0.054	0.974	-0.185	-3.296	-11.414	-9.033	101.43	1.25	-40.03	-56.727	21.780	-58.493	0.55862	0.66388	-0.39883	-0.29666	25.5	null	null	13113	60
2026-05-27T17:18:26.354	WT901BLE68(F3:F0:16:BF:DC:AE)	-0.003	0.989	-0.208	-3.113	9.094	-11.414	101.29	2.29	-40.32	-56.727	21.780	-58.493	0.55862	0.66388	-0.39883	-0.29666	25.5	null	null	13113	60
2026-05-27T17:18:26.445	WT901BLE68(F3:F0:16:BF:DC:AE)	-0.221	0.958	-0.252	-7.263	-16.602	-3.845	100.88	2.95	-40.11	-56.727	21.780	-58.493	0.59085	0.73096	-0.24976	-0.23260	25.5	null	null	13113	60
2026-05-27T17:18:26.566	WT901BLE68(F3:F0:16:BF:DC:AE)	-0.097	0.972	-0.223	-8.606	-66.345	3.784	99.87	3.97	-45.73	-56.727	21.780	-58.493	0.59085	0.73096	-0.24976	-0.23260	25.5	null	null	13113	60
2026-05-27T17:18:26.626	WT901BLE68(F3:F0:16:BF:DC:AE)	-0.040	0.999	-0.119	-13.367	-35.645	2.930	98.44	4.58	-50.75	-56.727	21.780	-58.493	0.59085	0.73096	-0.24976	-0.23260	25.5	null	null	13113	60
2026-05-27T17:18:26.777	WT901BLE68(F3:F0:16:BF:DC:AE)	-0.117	1.009	-0.063	-12.512	-36.804	3.967	96.92	4.67	-54.26	-56.727	21.780	-58.493	0.59085	0.73096	-0.24976	-0.23260	25.5	null	null	13113	60
2026-05-27T17:18:26.834	WT901BLE68(F3:F0:16:BF:DC:AE)	-0.083	0.993	-0.081	-15.381	-51.025	6.165	95.13	4.67	-59.25	-56.727	21.780	-58.493	0.59085	0.73096	-0.24976	-0.23260	25.5	null	null	13113	60
2026-05-27T17:18:26.956	WT901BLE68(F3:F0:16:BF:DC:AE)	-0.125	0.983	-0.025	-30.212	-46.082	6.531	91.28	4.35	-64.03	-56.727	21.780	-58.493	0.59085	0.73096	-0.24976	-0.23260	25.5	null	null	13113	60
2026-05-27T17:18:27.044	WT901BLE68(F3:F0:16:BF:DC:AE)	-0.100	0.970	-0.064	5.432	-54.443	3.784	89.89	4.00	-69.48	-56.727	21.780	-58.493	0.59085	0.73096	-0.24976	-0.23260	25.5	null	null	13113	60
2026-05-27T17:18:27.164	WT901BLE68(F3:F0:16:BF:DC:AE)	-0.010	1.010	0.021	13.367	-21.118	1.282	90.85	3.91	-73.83	-70.460	26.267	-33.920	0.59085	0.73096	-0.24976	-0.23260	25.5	null	null	13113	60
2026-05-27T17:18:27.254	WT901BLE68(F3:F0:16:BF:DC:AE)	-0.048	1.032	0.099	10.742	-21.240	3.235	91.88	3.76	-75.83	-70.460	26.267	-33.920	0.59085	0.73096	-0.24976	-0.23260	25.5	null	null	13113	60
2026-05-27T17:18:27.376	WT901BLE68(F3:F0:16:BF:DC:AE)	-0.025	0.992	0.016	6.348	-11.475	2.502	92.10	3.36	-77.89	-70.460	26.267	-33.920	0.53058	0.57825	-0.42834	-0.44778	25.5	null	null	13113	60
2026-05-27T17:18:27.436	WT901BLE68(F3:F0:16:BF:DC:AE)	-0.038	0.999	-0.020	6.592	22.461	-0.305	92.59	3.18	-77.54	-70.460	26.267	-33.920	0.53058	0.57825	-0.42834	-0.44778	25.5	null	null	13113	60
2026-05-27T17:18:27.556	WT901BLE68(F3:F0:16:BF:DC:AE)	-0.084	1.002	-0.036	5.676	8.484	1.709	93.02	2.97	-75.61	-70.460	26.267	-33.920	0.53058	0.57825	-0.42834	-0.44778	25.5	null	null	13113	60
2026-05-27T17:18:27.644	WT901BLE68(F3:F0:16:BF:DC:AE)	0.038	0.994	-0.033	7.751	32.349	-4.517	93.71	2.91	-74.08	-70.460	26.267	-33.920	0.53058	0.57825	-0.42834	-0.44778	25.5	null	null	13113	60
2026-05-27T17:18:27.765	WT901BLE68(F3:F0:16:BF:DC:AE)	-0.064	1.000	-0.053	6.897	52.979	-7.141	94.61	3.02	-69.15	-70.460	26.267	-33.920	0.53058	0.57825	-0.42834	-0.44778	25.5	null	null	13113	60
2026-05-27T17:18:27.865	WT901BLE68(F3:F0:16:BF:DC:AE)	-0.056	0.999	-0.081	4.028	29.175	-6.226	95.27	3.25	-64.59	-70.460	26.267	-33.920	0.53058	0.57825	-0.42834	-0.44778	25.5	null	null	13113	60
2026-05-27T17:18:27.974	WT901BLE68(F3:F0:16:BF:DC:AE)	0.006	0.980	-0.144	9.888	36.438	-9.766	95.99	3.64	-61.25	-70.460	26.267	-33.920	0.53058	0.57825	-0.42834	-0.44778	25.5	null	null	13113	60
2026-05-27T17:18:28.033	WT901BLE68(F3:F0:16:BF:DC:AE)	-0.052	0.995	-0.137	10.193	57.434	-13.245	97.30	4.04	-55.93	-68.013	23.507	-43.773	0.53058	0.57825	-0.42834	-0.44778	25.5	null	null	13113	60
2026-05-27T17:18:28.188	WT901BLE68(F3:F0:16:BF:DC:AE)	-0.079	1.003	-0.099	-4.700	59.143	-5.493	98.05	4.13	-50.13	-68.013	23.507	-43.773	0.53058	0.57825	-0.42834	-0.44778	25.5	null	null	13113	60
2026-05-27T17:18:28.244	WT901BLE68(F3:F0:16:BF:DC:AE)	-0.070	0.997	-0.160	-23.987	41.321	0.732	96.87	3.82	-45.61	-68.013	23.507	-43.773	0.59290	0.69821	-0.27991	-0.28723	25.5	null	null	13113	60
2026-05-27T17:18:28.365	WT901BLE68(F3:F0:16:BF:DC:AE)	-0.146	1.006	-0.175	-26.245	27.039	3.052	94.10	3.46	-42.59	-68.013	23.507	-43.773	0.59290	0.69821	-0.27991	-0.28723	25.5	null	null	13113	60
2026-05-27T17:18:28.452	WT901BLE68(F3:F0:16:BF:DC:AE)	-0.087	0.972	-0.204	-7.690	-21.362	2.380	92.75	3.35	-42.94	-68.013	23.507	-43.773	0.59290	0.69821	-0.27991	-0.28723	25.5	null	null	13113	60
2026-05-27T17:18:28.576	WT901BLE68(F3:F0:16:BF:DC:AE)	-0.022	0.993	-0.160	13.794	-8.850	3.113	93.58	3.36	-44.92	-68.013	23.507	-43.773	0.59290	0.69821	-0.27991	-0.28723	25.5	null	null	13113	60
2026-05-27T17:18:28.665	WT901BLE68(F3:F0:16:BF:DC:AE)	-0.101	0.980	-0.118	21.790	-14.648	2.380	95.46	3.15	-45.74	-68.013	23.507	-43.773	0.59290	0.69821	-0.27991	-0.28723	25.5	null	null	13113	60
2026-05-27T17:18:28.786	WT901BLE68(F3:F0:16:BF:DC:AE)	-0.042	0.976	-0.185	41.565	-35.278	3.296	98.58	3.32	-48.65	-68.013	23.507	-43.773	0.59290	0.69821	-0.27991	-0.28723	25.5	null	null	13113	60
2026-05-27T17:18:28.844	WT901BLE68(F3:F0:16:BF:DC:AE)	-0.022	0.979	-0.179	16.785	-24.536	2.930	101.40	3.62	-51.76	-68.013	23.507	-43.773	0.59290	0.69821	-0.27991	-0.28723	25.5	null	null	13113	60
2026-05-27T17:18:28.965	WT901BLE68(F3:F0:16:BF:DC:AE)	-0.054	1.025	-0.104	1.831	-39.429	8.545	102.07	3.59	-54.57	-63.387	22.253	-52.747	0.59290	0.69821	-0.27991	-0.28723	25.5	null	null	13113	60
2026-05-27T17:18:29.055	WT901BLE68(F3:F0:16:BF:DC:AE)	-0.083	1.005	-0.149	-10.559	-51.147	15.991	101.02	3.21	-59.04	-63.387	22.253	-52.747	0.59290	0.69821	-0.27991	-0.28723	25.5	null	null	13113	60
2026-05-27T17:18:29.173	WT901BLE68(F3:F0:16:BF:DC:AE)	-0.034	0.983	-0.244	-12.512	-58.777	19.409	99.39	2.44	-64.89	-63.387	22.253	-52.747	0.54150	0.67340	-0.37210	-0.33871	25.5	null	null	13113	60
2026-05-27T17:18:29.266	WT901BLE68(F3:F0:16:BF:DC:AE)	0.037	0.967	-0.162	-5.859	-52.673	10.986	98.48	1.80	-70.38	-63.387	22.253	-52.747	0.54150	0.67340	-0.37210	-0.33871	25.5	null	null	13113	60
2026-05-27T17:18:29.384	WT901BLE68(F3:F0:16:BF:DC:AE)	0.105	1.022	-0.024	-2.258	-21.545	3.967	98.19	1.58	-73.73	-63.387	22.253	-52.747	0.54150	0.67340	-0.37210	-0.33871	25.5	null	null	13113	60
2026-05-27T17:18:29.444	WT901BLE68(F3:F0:16:BF:DC:AE)	-0.014	1.002	-0.095	-3.357	-4.333	1.343	97.61	1.19	-74.15	-63.387	22.253	-52.747	0.54150	0.67340	-0.37210	-0.33871	25.5	null	null	13113	60
2026-05-27T17:18:29.569	WT901BLE68(F3:F0:16:BF:DC:AE)	-0.057	0.973	-0.138	-3.662	-14.038	2.625	97.04	1.01	-74.32	-63.387	22.253	-52.747	0.54150	0.67340	-0.37210	-0.33871	25.5	null	null	13113	60
2026-05-27T17:18:29.664	WT901BLE68(F3:F0:16:BF:DC:AE)	0.060	0.985	-0.113	4.822	21.851	-5.981	97.12	1.06	-73.78	-63.387	22.253	-52.747	0.54150	0.67340	-0.37210	-0.33871	25.5	null	null	13113	60
2026-05-27T17:18:29.775	WT901BLE68(F3:F0:16:BF:DC:AE)	-0.028	1.019	-0.059	2.808	44.373	-11.536	97.53	1.39	-69.18	-63.387	22.253	-52.747	0.54150	0.67340	-0.37210	-0.33871	25.5	null	null	13113	60
2026-05-27T17:18:29.866	WT901BLE68(F3:F0:16:BF:DC:AE)	-0.043	0.986	-0.120	-2.808	25.940	-6.897	97.40	1.71	-65.40	-67.533	26.653	-38.547	0.54150	0.67340	-0.37210	-0.33871	25.5	null	null	13113	60
2026-05-27T17:18:29.985	WT901BLE68(F3:F0:16:BF:DC:AE)	-0.036	0.984	-0.142	-1.709	25.757	-6.165	97.15	1.99	-62.30	-67.533	26.653	-38.547	0.54150	0.67340	-0.37210	-0.33871	25.5	null	null	13113	60
2026-05-27T17:18:30.072	WT901BLE68(F3:F0:16:BF:DC:AE)	-0.052	0.980	-0.169	-4.028	23.804	-7.446	97.05	2.31	-59.47	-67.533	26.653	-38.547	0.56317	0.65182	-0.37006	-0.34772	25.5	null	null	13113	60
2026-05-27T17:18:30.196	WT901BLE68(F3:F0:16:BF:DC:AE)	-0.030	0.956	-0.096	-5.798	29.541	-4.089	96.20	2.55	-56.63	-67.533	26.653	-38.547	0.56317	0.65182	-0.37006	-0.34772	25.5	null	null	13113	60
2026-05-27T17:18:30.252	WT901BLE68(F3:F0:16:BF:DC:AE)	-0.034	0.975	-0.100	20.569	34.119	-3.845	97.25	2.55	-53.53	-67.533	26.653	-38.547	0.56317	0.65182	-0.37006	-0.34772	25.5	null	null	13113	60
2026-05-27T17:18:30.375	WT901BLE68(F3:F0:16:BF:DC:AE)	-0.123	0.996	-0.161	0.916	24.475	-1.282	98.69	2.41	-50.63	-67.533	26.653	-38.547	0.56317	0.65182	-0.37006	-0.34772	25.5	null	null	13113	60
2026-05-27T17:18:30.464	WT901BLE68(F3:F0:16:BF:DC:AE)	-0.109	0.970	-0.225	2.380	-19.897	4.272	98.94	2.40	-50.78	-67.533	26.653	-38.547	0.56317	0.65182	-0.37006	-0.34772	25.5	null	null	13113	60
2026-05-27T17:18:30.582	WT901BLE68(F3:F0:16:BF:DC:AE)	-0.014	0.973	-0.203	4.761	-14.648	2.197	99.50	2.45	-52.64	-67.533	26.653	-38.547	0.56317	0.65182	-0.37006	-0.34772	25.5	null	null	13113	60
2026-05-27T17:18:30.675	WT901BLE68(F3:F0:16:BF:DC:AE)	-0.051	0.992	-0.146	9.033	-9.033	1.099	100.33	2.50	-53.47	-67.533	26.653	-38.547	0.56317	0.65182	-0.37006	-0.34772	25.5	null	null	13113	60
2026-05-27T17:18:30.794	WT901BLE68(F3:F0:16:BF:DC:AE)	-0.013	1.009	-0.120	0.488	-16.174	4.272	100.56	2.45	-54.78	-64.467	23.013	-50.073	0.56317	0.65182	-0.37006	-0.34772	25.5	null	null	13113	60
2026-05-27T17:18:30.862	WT901BLE68(F3:F0:16:BF:DC:AE)	-0.045	0.969	-0.214	-2.930	-22.705	5.249	100.09	2.24	-56.80	-64.467	23.013	-50.073	0.56317	0.65182	-0.37006	-0.34772	25.5	null	null	13113	60
2026-05-27T17:18:30.973	WT901BLE68(F3:F0:16:BF:DC:AE)	-0.061	0.976	-0.210	-0.610	-18.982	5.066	99.88	2.08	-58.82	-64.467	23.013	-50.073	0.55728	0.67914	-0.35480	-0.31970	25.5	null	null	13113	60
2026-05-27T17:18:31.067	WT901BLE68(F3:F0:16:BF:DC:AE)	-0.050	0.990	-0.169	-1.587	-24.231	7.385	99.83	1.90	-61.03	-64.467	23.013	-50.073	0.55728	0.67914	-0.35480	-0.31970	25.5	null	null	13113	60
2026-05-27T17:18:31.182	WT901BLE68(F3:F0:16:BF:DC:AE)	-0.033	0.989	-0.159	-4.822	-28.381	9.644	99.38	1.53	-63.59	-64.467	23.013	-50.073	0.55728	0.67914	-0.35480	-0.31970	25.5	null	null	13113	60
2026-05-27T17:18:31.273	WT901BLE68(F3:F0:16:BF:DC:AE)	0.027	0.988	-0.131	-2.136	-18.066	4.639	98.96	1.25	-66.03	-64.467	23.013	-50.073	0.55728	0.67914	-0.35480	-0.31970	25.5	null	null	13113	60
2026-05-27T17:18:31.397	WT901BLE68(F3:F0:16:BF:DC:AE)	0.004	0.998	-0.124	0.061	-2.380	0.000	98.88	1.14	-66.43	-64.467	23.013	-50.073	0.55728	0.67914	-0.35480	-0.31970	25.5	null	null	13113	60
2026-05-27T17:18:31.483	WT901BLE68(F3:F0:16:BF:DC:AE)	-0.000	0.988	-0.152	-1.831	-4.578	0.427	98.73	1.16	-66.54	-64.467	23.013	-50.073	0.55728	0.67914	-0.35480	-0.31970	25.5	null	null	13113	60
2026-05-27T17:18:31.604	WT901BLE68(F3:F0:16:BF:DC:AE)	0.015	0.984	-0.129	-0.549	8.301	-2.075	98.57	1.17	-66.02	-64.467	23.013	-50.073	0.55728	0.67914	-0.35480	-0.31970	25.5	null	null	13113	60
2026-05-27T17:18:31.662	WT901BLE68(F3:F0:16:BF:DC:AE)	-0.009	0.988	-0.143	3.113	21.362	-6.470	98.80	1.29	-64.00	-67.127	26.747	-39.693	0.55728	0.67914	-0.35480	-0.31970	25.5	null	null	13113	60
2026-05-27T17:18:31.787	WT901BLE68(F3:F0:16:BF:DC:AE)	-0.014	0.978	-0.168	2.930	29.236	-9.338	99.16	1.59	-61.14	-67.127	26.747	-39.693	0.55728	0.67914	-0.35480	-0.31970	25.5	null	null	13113	60
2026-05-27T17:18:31.871	WT901BLE68(F3:F0:16:BF:DC:AE)	0.001	0.977	-0.186	4.517	41.870	-13.550	99.70	2.06	-57.34	-67.127	26.747	-39.693	0.55490	0.66516	-0.37213	-0.33325	25.5	null	null	13113	60
2026-05-27T17:18:31.995	WT901BLE68(F3:F0:16:BF:DC:AE)	-0.048	1.000	-0.157	1.587	48.706	-16.541	100.23	2.65	-52.34	-67.127	26.747	-39.693	0.55490	0.66516	-0.37213	-0.33325	25.5	null	null	13113	60
2026-05-27T17:18:32.083	WT901BLE68(F3:F0:16:BF:DC:AE)	-0.020	1.000	-0.131	-1.953	33.447	-12.573	100.30	3.35	-48.67	-67.127	26.747	-39.693	0.55490	0.66516	-0.37213	-0.33325	25.5	null	null	13113	60
2026-05-27T17:18:32.204	WT901BLE68(F3:F0:16:BF:DC:AE)	-0.041	0.986	-0.162	-6.836	44.128	-11.169	100.00	3.69	-44.85	-67.127	26.747	-39.693	0.55490	0.66516	-0.37213	-0.33325	25.5	null	null	13113	60
2026-05-27T17:18:32.264	WT901BLE68(F3:F0:16:BF:DC:AE)	-0.086	0.981	-0.179	-12.634	32.288	-7.141	99.20	3.84	-41.37	-67.127	26.747	-39.693	0.55490	0.66516	-0.37213	-0.33325	25.5	null	null	13113	60
2026-05-27T17:18:32.386	WT901BLE68(F3:F0:16:BF:DC:AE)	-0.125	0.994	-0.210	-22.217	29.053	-4.333	97.62	3.96	-38.91	-67.127	26.747	-39.693	0.55490	0.66516	-0.37213	-0.33325	25.5	null	null	13113	60
2026-05-27T17:18:32.472	WT901BLE68(F3:F0:16:BF:DC:AE)	-0.208	0.981	-0.219	-13.733	2.136	-0.366	96.01	4.10	-37.67	-67.127	26.747	-39.693	0.55490	0.66516	-0.37213	-0.33325	25.5	null	null	13113	60
2026-05-27T17:18:32.596	WT901BLE68(F3:F0:16:BF:DC:AE)	-0.112	0.972	-0.172	10.803	-35.645	3.296	96.22	4.45	-40.63	-59.627	24.253	-56.113	0.55490	0.66516	-0.37213	-0.33325	25.5	null	null	13113	60
2026-05-27T17:18:32.685	WT901BLE68(F3:F0:16:BF:DC:AE)	-0.132	0.991	-0.112	11.841	-33.203	2.502	97.57	4.63	-44.29	-59.627	24.253	-56.113	0.55490	0.66516	-0.37213	-0.33325	25.5	null	null	13113	60
2026-05-27T17:18:32.803	WT901BLE68(F3:F0:16:BF:DC:AE)	-0.067	0.981	-0.164	13.977	-32.715	5.676	98.81	4.73	-48.38	-59.627	24.253	-56.113	0.59311	0.70517	-0.26627	-0.28271	25.5	null	null	13113	60
2026-05-27T17:18:32.898	WT901BLE68(F3:F0:16:BF:DC:AE)	-0.074	0.979	-0.172	7.874	-31.677	5.310	99.42	4.76	-51.73	-59.627	24.253	-56.113	0.59311	0.70517	-0.26627	-0.28271	25.5	null	null	13113	60
2026-05-27T17:18:33.014	WT901BLE68(F3:F0:16:BF:DC:AE)	-0.055	0.994	-0.151	3.906	-39.978	9.155	99.66	4.68	-55.57	-59.627	24.253	-56.113	0.59311	0.70517	-0.26627	-0.28271	25.5	null	null	13113	60
2026-05-27T17:18:33.076	WT901BLE68(F3:F0:16:BF:DC:AE)	-0.058	1.003	-0.115	-0.610	-28.809	10.986	99.48	4.20	-59.00	-59.627	24.253	-56.113	0.59311	0.70517	-0.26627	-0.28271	25.5	null	null	13113	60
2026-05-27T17:18:33.196	WT901BLE68(F3:F0:16:BF:DC:AE)	-0.097	1.003	-0.110	-2.441	-38.940	13.489	98.99	3.53	-62.19	-59.627	24.253	-56.113	0.59311	0.70517	-0.26627	-0.28271	25.5	null	null	13113	60
2026-05-27T17:18:33.283	WT901BLE68(F3:F0:16:BF:DC:AE)	-0.061	0.984	-0.144	-3.174	-47.852	14.587	98.21	2.82	-66.38	-59.627	24.253	-56.113	0.59311	0.70517	-0.26627	-0.28271	25.5	null	null	13113	60
2026-05-27T17:18:33.409	WT901BLE68(F3:F0:16:BF:DC:AE)	0.085	0.992	-0.096	-0.854	-33.386	6.714	97.75	2.38	-70.62	-59.627	24.253	-56.113	0.59311	0.70517	-0.26627	-0.28271	25.5	null	null	13113	60
2026-05-27T17:18:33.492	WT901BLE68(F3:F0:16:BF:DC:AE)	0.027	0.994	-0.088	1.160	9.460	-1.770	97.70	1.97	-71.11	-68.760	26.553	-37.727	0.59311	0.70517	-0.26627	-0.28271	25.5	null	null	13113	60
2026-05-27T17:18:33.616	WT901BLE68(F3:F0:16:BF:DC:AE)	-0.102	0.978	-0.178	-0.916	-4.822	2.136	97.66	1.74	-70.08	-68.760	26.553	-37.727	0.59311	0.70517	-0.26627	-0.28271	25.5	null	null	13113	60
2026-05-27T17:18:33.675	WT901BLE68(F3:F0:16:BF:DC:AE)	0.022	0.979	-0.166	3.906	10.925	-2.380	97.69	1.74	-69.86	-68.760	26.553	-37.727	0.53229	0.62125	-0.42447	-0.38782	25.5	null	null	13113	60
2026-05-27T17:18:33.794	WT901BLE68(F3:F0:16:BF:DC:AE)	0.001	0.998	-0.106	5.676	29.785	-6.775	98.38	1.89	-67.29	-68.760	26.553	-37.727	0.53229	0.62125	-0.42447	-0.38782	25.5	null	null	13113	60
2026-05-27T17:18:33.885	WT901BLE68(F3:F0:16:BF:DC:AE)	0.000	0.989	-0.150	2.380	35.034	-7.690	98.82	1.94	-63.87	-68.760	26.553	-37.727	0.53229	0.62125	-0.42447	-0.38782	25.5	null	null	13113	60
2026-05-27T17:18:34.003	WT901BLE68(F3:F0:16:BF:DC:AE)	0.008	0.987	-0.164	7.080	59.692	-17.029	99.43	2.22	-58.71	-68.760	26.553	-37.727	0.53229	0.62125	-0.42447	-0.38782	25.5	null	null	13113	60
2026-05-27T17:18:34.096	WT901BLE68(F3:F0:16:BF:DC:AE)	-0.042	0.995	-0.162	10.376	58.777	-20.020	100.53	2.95	-52.58	-68.760	26.553	-37.727	0.53229	0.62125	-0.42447	-0.38782	25.5	null	null	13113	60
2026-05-27T17:18:34.216	WT901BLE68(F3:F0:16:BF:DC:AE)	-0.067	1.000	-0.142	-1.404	46.631	-12.695	101.12	3.54	-47.54	-68.760	26.553	-37.727	0.53229	0.62125	-0.42447	-0.38782	25.5	null	null	13113	60
2026-05-27T17:18:34.304	WT901BLE68(F3:F0:16:BF:DC:AE)	-0.108	0.977	-0.186	-12.085	42.969	-5.249	100.62	3.46	-43.03	-68.760	26.553	-37.727	0.53229	0.62125	-0.42447	-0.38782	25.5	null	null	13113	60
2026-05-27T17:18:34.425	WT901BLE68(F3:F0:16:BF:DC:AE)	-0.147	0.979	-0.238	-17.212	8.728	1.343	99.41	3.32	-40.95	-62.033	21.353	-55.693	0.53229	0.62125	-0.42447	-0.38782	25.5	null	null	13113	60
2026-05-27T17:18:34.484	WT901BLE68(F3:F0:16:BF:DC:AE)	-0.099	0.967	-0.238	-10.437	-13.550	2.258	98.07	3.39	-42.09	-62.033	21.353	-55.693	0.53229	0.62125	-0.42447	-0.38782	25.5	null	null	13113	60
2026-05-27T17:18:34.606	WT901BLE68(F3:F0:16:BF:DC:AE)	-0.093	0.976	-0.199	4.883	-9.583	3.479	98.17	3.44	-43.65	-62.033	21.353	-55.693	0.60342	0.71033	-0.25427	-0.25800	25.5	null	null	13113	60
2026-05-27T17:18:34.695	WT901BLE68(F3:F0:16:BF:DC:AE)	-0.084	0.995	-0.157	8.362	-23.621	3.967	98.90	3.44	-45.61	-62.033	21.353	-55.693	0.60342	0.71033	-0.25427	-0.25800	25.5	null	null	13113	60
2026-05-27T17:18:34.815	WT901BLE68(F3:F0:16:BF:DC:AE)	-0.062	0.992	-0.168	5.371	-21.240	3.967	99.61	3.38	-47.91	-62.033	21.353	-55.693	0.60342	0.71033	-0.25427	-0.25800	25.5	null	null	13113	60
2026-05-27T17:18:34.904	WT901BLE68(F3:F0:16:BF:DC:AE)	-0.060	0.997	-0.162	-4.761	-29.419	7.263	99.51	3.24	-50.62	-62.033	21.353	-55.693	0.60342	0.71033	-0.25427	-0.25800	25.5	null	null	13113	60
2026-05-27T17:18:35.022	WT901BLE68(F3:F0:16:BF:DC:AE)	-0.078	0.972	-0.147	-9.033	-34.607	5.493	98.76	3.14	-54.17	-62.033	21.353	-55.693	0.60342	0.71033	-0.25427	-0.25800	25.5	null	null	13113	60
2026-05-27T17:18:35.086	WT901BLE68(F3:F0:16:BF:DC:AE)	-0.048	1.016	-0.129	-15.320	-33.752	13.794	97.29	2.58	-57.24	-62.033	21.353	-55.693	0.60342	0.71033	-0.25427	-0.25800	25.5	null	null	13113	60
2026-05-27T17:18:35.203	WT901BLE68(F3:F0:16:BF:DC:AE)	-0.138	0.973	-0.182	-13.916	-62.500	11.658	95.42	1.86	-61.75	-62.033	21.353	-55.693	0.60342	0.71033	-0.25427	-0.25800	25.5	null	null	13113	60
2026-05-27T17:18:35.292	WT901BLE68(F3:F0:16:BF:DC:AE)	0.082	0.974	-0.161	12.573	-51.575	8.728	95.66	1.77	-67.82	-65.600	27.180	-41.880	0.60342	0.71033	-0.25427	-0.25800	25.5	null	null	13113	60
2026-05-27T17:18:35.418	WT901BLE68(F3:F0:16:BF:DC:AE)	0.040	0.994	-0.084	16.663	-9.521	-1.160	97.33	1.50	-70.15	-65.600	27.180	-41.880	0.60342	0.71033	-0.25427	-0.25800	25.5	null	null	13113	60
2026-05-27T17:18:35.505	WT901BLE68(F3:F0:16:BF:DC:AE)	0.037	1.015	-0.037	11.963	-13.062	-3.906	98.87	1.76	-70.59	-65.600	27.180	-41.880	0.53036	0.62259	-0.42682	-0.38574	25.5	null	null	13113	60
2026-05-27T17:18:35.627	WT901BLE68(F3:F0:16:BF:DC:AE)	-0.006	1.002	-0.073	-3.723	4.333	0.732	98.87	1.56	-70.14	-65.600	27.180	-41.880	0.53036	0.62259	-0.42682	-0.38574	25.5	null	null	13113	60
2026-05-27T17:18:35.713	WT901BLE68(F3:F0:16:BF:DC:AE)	0.038	0.973	-0.129	-3.357	14.526	-3.357	98.18	1.37	-68.93	-65.600	27.180	-41.880	0.53036	0.62259	-0.42682	-0.38574	25.5	null	null	13113	60
2026-05-27T17:18:35.833	WT901BLE68(F3:F0:16:BF:DC:AE)	0.035	1.001	-0.096	-0.244	39.307	-8.606	97.97	1.47	-65.34	-65.600	27.180	-41.880	0.53036	0.62259	-0.42682	-0.38574	25.5	null	null	13113	60
2026-05-27T17:18:35.895	WT901BLE68(F3:F0:16:BF:DC:AE)	-0.049	1.002	-0.116	-4.944	27.100	-5.981	97.61	1.55	-61.59	-65.600	27.180	-41.880	0.53036	0.62259	-0.42682	-0.38574	25.5	null	null	13113	60
2026-05-27T17:18:36.014	WT901BLE68(F3:F0:16:BF:DC:AE)	-0.057	0.979	-0.173	-4.700	20.813	-6.287	96.99	1.80	-59.14	-65.600	27.180	-41.880	0.53036	0.62259	-0.42682	-0.38574	25.5	null	null	13113	60
2026-05-27T17:18:36.106	WT901BLE68(F3:F0:16:BF:DC:AE)	-0.007	1.001	-0.113	1.709	41.443	-9.888	97.42	2.25	-56.20	-65.600	27.180	-41.880	0.53036	0.62259	-0.42682	-0.38574	25.5	null	null	13113	60
2026-05-27T17:18:36.226	WT901BLE68(F3:F0:16:BF:DC:AE)	-0.039	1.006	-0.109	-2.136	41.077	-8.301	97.58	2.54	-52.00	-65.600	25.273	-45.167	0.53036	0.62259	-0.42682	-0.38574	25.5	null	null	13113	60
2026-05-27T17:18:36.315	WT901BLE68(F3:F0:16:BF:DC:AE)	-0.062	1.006	-0.146	-13.489	33.264	-6.409	96.89	2.82	-49.06	-65.600	25.273	-45.167	0.53036	0.62259	-0.42682	-0.38574	25.5	null	null	13113	60
2026-05-27T17:18:36.436	WT901BLE68(F3:F0:16:BF:DC:AE)	-0.176	0.997	-0.173	-16.785	12.329	-1.038	95.36	2.87	-46.57	-65.600	25.273	-45.167	0.60114	0.68784	-0.28772	-0.28751	25.5	null	null	13113	60
2026-05-27T17:18:36.496	WT901BLE68(F3:F0:16:BF:DC:AE)	-0.064	0.966	-0.172	-2.930	-13.428	0.366	94.45	3.14	-47.46	-65.600	25.273	-45.167	0.60114	0.68784	-0.28772	-0.28751	25.5	null	null	13113	60
2026-05-27T17:18:36.616	WT901BLE68(F3:F0:16:BF:DC:AE)	-0.083	1.010	-0.102	8.423	-4.211	0.671	95.06	3.20	-48.46	-65.600	25.273	-45.167	0.60114	0.68784	-0.28772	-0.28751	25.5	null	null	13113	60
2026-05-27T17:18:36.703	WT901BLE68(F3:F0:16:BF:DC:AE)	-0.082	0.989	-0.072	15.442	-11.230	0.916	96.42	3.28	-49.35	-65.600	25.273	-45.167	0.60114	0.68784	-0.28772	-0.28751	25.5	null	null	13113	60
2026-05-27T17:18:36.824	WT901BLE68(F3:F0:16:BF:DC:AE)	-0.041	1.004	-0.124	3.235	-12.817	2.441	97.20	3.36	-50.94	-65.600	25.273	-45.167	0.60114	0.68784	-0.28772	-0.28751	25.5	null	null	13113	60
2026-05-27T17:18:36.912	WT901BLE68(F3:F0:16:BF:DC:AE)	-0.087	0.996	-0.164	-6.287	-24.292	4.700	96.78	3.26	-53.06	-65.600	25.273	-45.167	0.60114	0.68784	-0.28772	-0.28751	25.5	null	null	13113	60
2026-05-27T17:18:37.038	WT901BLE68(F3:F0:16:BF:DC:AE)	-0.079	1.000	-0.155	4.639	-22.278	6.470	96.75	3.06	-55.72	-65.600	25.273	-45.167	0.60114	0.68784	-0.28772	-0.28751	25.5	null	null	13113	60
2026-05-27T17:18:37.122	WT901BLE68(F3:F0:16:BF:DC:AE)	-0.105	1.002	-0.149	7.996	-30.396	8.972	97.40	2.79	-58.60	-65.573	25.513	-46.193	0.60114	0.68784	-0.28772	-0.28751	25.5	null	null	13113	60
2026-05-27T17:18:37.247	WT901BLE68(F3:F0:16:BF:DC:AE)	0.021	0.979	-0.161	10.071	-40.833	8.362	98.20	2.66	-62.43	-65.573	25.513	-46.193	0.60114	0.68784	-0.28772	-0.28751	25.5	null	null	13113	60
2026-05-27T17:18:37.304	WT901BLE68(F3:F0:16:BF:DC:AE)	0.010	1.005	-0.063	5.920	-12.756	7.751	98.63	1.95	-64.15	-65.573	25.513	-46.193	0.54688	0.65051	-0.38782	-0.35672	25.5	null	null	13113	60
2026-05-27T17:18:37.423	WT901BLE68(F3:F0:16:BF:DC:AE)	0.063	1.004	-0.091	1.892	-14.160	4.028	98.71	1.61	-65.91	-65.573	25.513	-46.193	0.54688	0.65051	-0.38782	-0.35672	25.5	null	null	13113	60
2026-05-27T17:18:37.516	WT901BLE68(F3:F0:16:BF:DC:AE)	-0.062	0.992	-0.153	-0.793	-6.287	2.319	98.60	1.30	-66.16	-65.573	25.513	-46.193	0.54688	0.65051	-0.38782	-0.35672	25.5	null	null	13113	60
2026-05-27T17:18:37.634	WT901BLE68(F3:F0:16:BF:DC:AE)	0.028	0.992	-0.155	1.648	-0.977	0.366	98.44	1.19	-66.58	-65.573	25.513	-46.193	0.54688	0.65051	-0.38782	-0.35672	25.5	null	null	13113	60
2026-05-27T17:18:37.725	WT901BLE68(F3:F0:16:BF:DC:AE)	0.007	0.991	-0.109	3.906	22.400	-6.287	98.77	1.25	-64.61	-65.573	25.513	-46.193	0.54688	0.65051	-0.38782	-0.35672	25.5	null	null	13113	60
2026-05-27T17:18:37.847	WT901BLE68(F3:F0:16:BF:DC:AE)	-0.004	0.999	-0.106	-2.930	14.526	-5.005	98.81	1.44	-62.51	-65.573	25.513	-46.193	0.54688	0.65051	-0.38782	-0.35672	25.5	null	null	13113	60
2026-05-27T17:18:37.905	WT901BLE68(F3:F0:16:BF:DC:AE)	0.040	0.983	-0.188	-0.488	26.733	-7.629	98.61	1.58	-60.30	-65.573	25.513	-46.193	0.54688	0.65051	-0.38782	-0.35672	25.5	null	null	13113	60
2026-05-27T17:18:38.023	WT901BLE68(F3:F0:16:BF:DC:AE)	0.032	0.986	-0.174	2.258	50.537	-13.855	98.98	1.94	-56.09	-65.607	26.040	-43.520	0.54688	0.65051	-0.38782	-0.35672	25.5	null	null	13113	60
2026-05-27T17:18:38.114	WT901BLE68(F3:F0:16:BF:DC:AE)	-0.047	0.988	-0.156	-3.906	57.129	-15.198	99.40	2.29	-50.49	-65.607	26.040	-43.520	0.54688	0.65051	-0.38782	-0.35672	25.5	null	null	13113	60
2026-05-27T17:18:38.232	WT901BLE68(F3:F0:16:BF:DC:AE)	-0.109	0.991	-0.165	-13.062	32.410	-10.620	98.82	2.75	-45.89	-65.607	26.040	-43.520	0.58102	0.69821	-0.30627	-0.28458	25.5	null	null	13113	60
2026-05-27T17:18:38.328	WT901BLE68(F3:F0:16:BF:DC:AE)	-0.081	0.980	-0.148	-17.639	19.409	-7.935	97.50	3.41	-43.97	-65.607	26.040	-43.520	0.58102	0.69821	-0.30627	-0.28458	25.5	null	null	13113	60
2026-05-27T17:18:38.446	WT901BLE68(F3:F0:16:BF:DC:AE)	-0.124	0.979	-0.189	-16.724	10.437	-8.850	96.08	4.09	-42.63	-65.607	26.040	-43.520	0.58102	0.69821	-0.30627	-0.28458	25.5	null	null	13113	60
2026-05-27T17:18:38.536	WT901BLE68(F3:F0:16:BF:DC:AE)	-0.178	0.970	-0.198	-1.526	-15.869	-5.737	95.42	4.93	-42.93	-65.607	26.040	-43.520	0.58102	0.69821	-0.30627	-0.28458	25.5	null	null	13113	60
2026-05-27T17:18:38.655	WT901BLE68(F3:F0:16:BF:DC:AE)	-0.123	0.986	-0.136	4.150	-28.809	-3.540	95.63	5.82	-45.58	-65.607	26.040	-43.520	0.58102	0.69821	-0.30627	-0.28458	25.5	null	null	13113	60
2026-05-27T17:18:38.712	WT901BLE68(F3:F0:16:BF:DC:AE)	-0.156	1.011	-0.112	1.648	-33.630	0.061	95.77	6.32	-48.76	-65.607	26.040	-43.520	0.58102	0.69821	-0.30627	-0.28458	25.5	null	null	13113	60
2026-05-27T17:18:38.839	WT901BLE68(F3:F0:16:BF:DC:AE)	-0.115	0.988	-0.044	-2.869	-41.748	2.991	95.50	6.71	-52.95	-65.607	26.040	-43.520	0.58102	0.69821	-0.30627	-0.28458	25.5	null	null	13113	60
2026-05-27T17:18:38.923	WT901BLE68(F3:F0:16:BF:DC:AE)	-0.088	1.029	0.087	-28.748	-43.640	9.766	93.49	6.56	-57.58	-68.113	23.593	-47.100	0.58102	0.69821	-0.30627	-0.28458	25.5	null	null	13113	60
2026-05-27T17:18:39.045	WT901BLE68(F3:F0:16:BF:DC:AE)	-0.167	1.071	0.056	-40.039	-56.885	9.949	88.92	5.60	-62.29	-68.113	23.593	-47.100	0.58102	0.69821	-0.30627	-0.28458	25.5	null	null	13113	60
2026-05-27T17:18:39.134	WT901BLE68(F3:F0:16:BF:DC:AE)	-0.020	0.902	-0.034	-23.987	-74.951	12.756	84.79	4.54	-68.48	-68.113	23.593	-47.100	0.59525	0.59772	-0.34036	-0.41525	25.5	null	null	13113	60
2026-05-27T17:18:39.256	WT901BLE68(F3:F0:16:BF:DC:AE)	-0.004	0.894	-0.104	26.978	-20.630	4.578	85.23	2.71	-74.07	-68.113	23.593	-47.100	0.59525	0.59772	-0.34036	-0.41525	25.5	null	null	13113	60
2026-05-27T17:18:39.313	WT901BLE68(F3:F0:16:BF:DC:AE)	-0.145	1.120	0.040	63.843	-23.987	1.892	89.43	2.43	-75.62	-68.113	23.593	-47.100	0.59525	0.59772	-0.34036	-0.41525	25.5	null	null	13113	60
2026-05-27T17:18:39.434	WT901BLE68(F3:F0:16:BF:DC:AE)	0.054	0.969	0.107	41.138	-14.038	0.488	92.61	2.69	-74.99	-68.113	23.593	-47.100	0.59525	0.59772	-0.34036	-0.41525	25.5	null	null	13113	60
2026-05-27T17:18:39.527	WT901BLE68(F3:F0:16:BF:DC:AE)	0.007	1.000	0.059	5.981	-1.526	3.540	94.06	1.94	-75.87	-68.113	23.593	-47.100	0.59525	0.59772	-0.34036	-0.41525	25.5	null	null	13113	60
2026-05-27T17:18:39.643	WT901BLE68(F3:F0:16:BF:DC:AE)	-0.013	0.968	-0.146	15.076	26.001	4.761	95.03	1.27	-74.07	-68.113	23.593	-47.100	0.59525	0.59772	-0.34036	-0.41525	25.5	null	null	13113	60
2026-05-27T17:18:39.736	WT901BLE68(F3:F0:16:BF:DC:AE)	-0.015	1.013	-0.148	26.978	36.072	-5.066	97.10	1.01	-70.92	-68.113	23.593	-47.100	0.59525	0.59772	-0.34036	-0.41525	25.5	null	null	13113	60
2026-05-27T17:18:39.856	WT901BLE68(F3:F0:16:BF:DC:AE)	0.018	0.984	-0.184	21.606	48.340	-9.155	99.57	0.92	-66.13	-66.953	28.447	-37.133	0.59525	0.59772	-0.34036	-0.41525	25.5	null	null	13113	60
2026-05-27T17:18:39.945	WT901BLE68(F3:F0:16:BF:DC:AE)	0.071	0.976	-0.222	12.329	73.975	-12.817	101.28	0.68	-59.68	-66.953	28.447	-37.133	0.59525	0.59772	-0.34036	-0.41525	25.5	null	null	13113	60
2026-05-27T17:18:40.064	WT901BLE68(F3:F0:16:BF:DC:AE)	0.035	0.989	-0.231	12.756	84.045	-18.494	102.89	0.37	-51.30	-66.953	28.447	-37.133	0.55292	0.68384	-0.36661	-0.30347	25.5	null	null	13113	60
2026-05-27T17:18:40.124	WT901BLE68(F3:F0:16:BF:DC:AE)	0.052	1.017	-0.184	4.578	57.739	-11.536	103.62	0.08	-44.23	-66.953	28.447	-37.133	0.55292	0.68384	-0.36661	-0.30347	25.5	null	null	13113	60
2026-05-27T17:18:40.246	WT901BLE68(F3:F0:16:BF:DC:AE)	0.060	0.960	-0.284	1.343	43.518	-12.512	103.63	-0.19	-39.51	-66.953	28.447	-37.133	0.55292	0.68384	-0.36661	-0.30347	25.5	null	null	13113	60
2026-05-27T17:18:40.335	WT901BLE68(F3:F0:16:BF:DC:AE)	0.052	0.973	-0.304	-1.282	33.203	-15.564	103.87	-0.02	-35.88	-66.953	28.447	-37.133	0.55292	0.68384	-0.36661	-0.30347	25.5	null	null	13113	60
2026-05-27T17:18:40.452	WT901BLE68(F3:F0:16:BF:DC:AE)	-0.154	0.964	-0.292	-7.019	-9.766	-5.310	103.33	0.76	-34.75	-66.953	28.447	-37.133	0.55292	0.68384	-0.36661	-0.30347	25.5	null	null	13113	60
2026-05-27T17:18:40.541	WT901BLE68(F3:F0:16:BF:DC:AE)	-0.101	0.958	-0.326	-12.939	-51.636	2.197	102.53	1.75	-38.36	-66.953	28.447	-37.133	0.55292	0.68384	-0.36661	-0.30347	25.5	null	null	13113	60
2026-05-27T17:18:40.666	WT901BLE68(F3:F0:16:BF:DC:AE)	-0.028	0.956	-0.243	-6.104	-60.181	-2.075	101.29	2.97	-44.36	-66.953	28.447	-37.133	0.55292	0.68384	-0.36661	-0.30347	25.5	null	null	13113	60
2026-05-27T17:18:40.723	WT901BLE68(F3:F0:16:BF:DC:AE)	-0.073	1.011	-0.096	-8.118	-37.659	-2.380	100.80	4.16	-49.18	-61.553	21.620	-57.087	0.55292	0.68384	-0.36661	-0.30347	25.5	null	null	13113	60
2026-05-27T17:18:40.846	WT901BLE68(F3:F0:16:BF:DC:AE)	-0.136	1.046	0.003	-46.204	-51.392	10.681	97.87	4.45	-53.52	-61.553	21.620	-57.087	0.55292	0.68384	-0.36661	-0.30347	25.5	null	null	13113	60
2026-05-27T17:18:40.932	WT901BLE68(F3:F0:16:BF:DC:AE)	-0.172	1.034	-0.020	-73.303	-76.477	16.846	90.74	3.57	-60.09	-61.553	21.620	-57.087	0.57901	0.67001	-0.32214	-0.33456	25.5	null	null	13113	60
2026-05-27T17:18:41.056	WT901BLE68(F3:F0:16:BF:DC:AE)	-0.074	0.939	-0.182	-22.217	-78.491	7.202	86.01	2.23	-68.47	-61.553	21.620	-57.087	0.57901	0.67001	-0.32214	-0.33456	25.5	null	null	13113	60
2026-05-27T17:18:41.143	WT901BLE68(F3:F0:16:BF:DC:AE)	0.013	0.897	-0.115	26.245	-28.503	-1.709	87.18	2.07	-73.54	-61.553	21.620	-57.087	0.57901	0.67001	-0.32214	-0.33456	25.5	null	null	13113	60
2026-05-27T17:18:41.267	WT901BLE68(F3:F0:16:BF:DC:AE)	-0.085	1.075	0.252	25.574	13.489	2.808	90.51	1.94	-73.14	-61.553	21.620	-57.087	0.57901	0.67001	-0.32214	-0.33456	25.5	null	null	13113	60
2026-05-27T17:18:41.352	WT901BLE68(F3:F0:16:BF:DC:AE)	0.061	1.016	0.188	13.367	-58.960	10.132	92.53	1.71	-77.05	-61.553	21.620	-57.087	0.57901	0.67001	-0.32214	-0.33456	25.5	null	null	13113	60
2026-05-27T17:18:41.475	WT901BLE68(F3:F0:16:BF:DC:AE)	0.140	0.999	-0.050	25.879	15.381	-6.592	93.44	1.17	-77.88	-61.553	21.620	-57.087	0.57901	0.67001	-0.32214	-0.33456	25.5	null	null	13113	60
2026-05-27T17:18:41.535	WT901BLE68(F3:F0:16:BF:DC:AE)	-0.139	1.011	-0.059	23.254	48.157	-7.080	96.04	1.32	-72.48	-61.553	21.620	-57.087	0.57901	0.67001	-0.32214	-0.33456	25.5	null	null	13113	60
2026-05-27T17:18:41.654	WT901BLE68(F3:F0:16:BF:DC:AE)	0.063	0.992	-0.188	10.742	-1.221	2.136	97.21	1.25	-70.71	-67.580	28.240	-33.860	0.57901	0.67001	-0.32214	-0.33456	25.5	null	null	13113	60
2026-05-27T17:18:41.746	WT901BLE68(F3:F0:16:BF:DC:AE)	0.107	1.006	-0.084	10.132	68.787	-12.207	98.22	1.12	-66.78	-67.580	28.240	-33.860	0.57901	0.67001	-0.32214	-0.33456	25.5	null	null	13113	60
2026-05-27T17:18:41.863	WT901BLE68(F3:F0:16:BF:DC:AE)	-0.070	0.990	-0.187	7.446	71.045	-12.268	99.23	0.94	-58.82	-67.580	28.240	-33.860	0.54727	0.64282	-0.40070	-0.35580	25.5	null	null	13113	60
2026-05-27T17:18:41.966	WT901BLE68(F3:F0:16:BF:DC:AE)	-0.062	0.974	-0.211	7.202	50.598	-7.141	99.85	0.86	-53.12	-67.580	28.240	-33.860	0.54727	0.64282	-0.40070	-0.35580	25.5	null	null	13113	60
2026-05-27T17:18:42.073	WT901BLE68(F3:F0:16:BF:DC:AE)	-0.028	0.972	-0.222	11.475	50.476	-9.216	100.96	0.76	-48.19	-67.580	28.240	-33.860	0.54727	0.64282	-0.40070	-0.35580	25.5	null	null	13113	60
2026-05-27T17:18:42.134	WT901BLE68(F3:F0:16:BF:DC:AE)	-0.047	1.005	-0.152	3.601	20.203	-4.333	101.93	0.81	-44.74	-67.580	28.240	-33.860	0.54727	0.64282	-0.40070	-0.35580	25.5	null	null	13113	60
2026-05-27T17:18:42.260	WT901BLE68(F3:F0:16:BF:DC:AE)	-0.056	0.970	-0.276	2.319	19.897	-0.732	102.18	0.63	-43.07	-67.580	28.240	-33.860	0.54727	0.64282	-0.40070	-0.35580	25.5	null	null	13113	60
2026-05-27T17:18:42.343	WT901BLE68(F3:F0:16:BF:DC:AE)	-0.025	0.965	-0.290	3.296	-2.014	2.502	102.49	0.52	-43.09	-67.580	28.240	-33.860	0.54727	0.64282	-0.40070	-0.35580	25.5	null	null	13113	60
2026-05-27T17:18:42.461	WT901BLE68(F3:F0:16:BF:DC:AE)	-0.019	0.976	-0.219	-0.366	-13.672	5.737	102.58	0.35	-44.25	-67.580	28.240	-33.860	0.54727	0.64282	-0.40070	-0.35580	25.5	null	null	13113	60
2026-05-27T17:18:42.554	WT901BLE68(F3:F0:16:BF:DC:AE)	0.011	0.974	-0.219	-1.953	-29.358	8.179	102.46	0.19	-47.00	-58.233	23.027	-57.693	0.54727	0.64282	-0.40070	-0.35580	25.5	null	null	13113	60
2026-05-27T17:18:42.673	WT901BLE68(F3:F0:16:BF:DC:AE)	0.037	0.985	-0.214	-1.404	-23.315	5.859	102.40	0.02	-49.68	-58.233	23.027	-57.693	0.54727	0.64282	-0.40070	-0.35580	25.5	null	null	13113	60
2026-05-27T17:18:42.732	WT901BLE68(F3:F0:16:BF:DC:AE)	-0.001	0.976	-0.212	-2.869	-32.959	5.798	102.15	-0.01	-52.66	-58.233	23.027	-57.693	0.56613	0.70261	-0.33572	-0.27020	25.5	null	null	13113	60
2026-05-27T17:18:42.888	WT901BLE68(F3:F0:16:BF:DC:AE)	0.009	0.975	-0.212	-3.967	-34.180	6.592	101.76	0.03	-56.12	-58.233	23.027	-57.693	0.56613	0.70261	-0.33572	-0.27020	25.5	null	null	13113	60
2026-05-27T17:18:42.942	WT901BLE68(F3:F0:16:BF:DC:AE)	-0.025	0.991	-0.204	-7.324	-32.104	9.949	101.27	-0.10	-59.32	-58.233	23.027	-57.693	0.56613	0.70261	-0.33572	-0.27020	25.5	null	null	13113	60
2026-05-27T17:18:43.065	WT901BLE68(F3:F0:16:BF:DC:AE)	0.017	0.971	-0.191	-9.216	-57.007	14.038	100.50	-0.31	-64.12	-58.233	23.027	-57.693	0.56613	0.70261	-0.33572	-0.27020	25.5	null	null	13113	60
2026-05-27T17:18:43.152	WT901BLE68(F3:F0:16:BF:DC:AE)	0.108	0.983	-0.128	-1.831	-18.799	2.380	100.09	-0.45	-67.49	-58.233	23.027	-57.693	0.56613	0.70261	-0.33572	-0.27020	25.5	null	null	13113	60
2026-05-27T17:18:43.275	WT901BLE68(F3:F0:16:BF:DC:AE)	0.026	0.996	-0.129	-1.953	-6.165	-1.404	99.94	-0.43	-67.62	-58.233	23.027	-57.693	0.56613	0.70261	-0.33572	-0.27020	25.5	null	null	13113	60
2026-05-27T17:18:43.365	WT901BLE68(F3:F0:16:BF:DC:AE)	0.000	0.974	-0.178	-1.709	0.000	-2.136	99.60	-0.35	-67.52	-58.233	23.027	-57.693	0.56613	0.70261	-0.33572	-0.27020	25.5	null	null	13113	60
2026-05-27T17:18:43.485	WT901BLE68(F3:F0:16:BF:DC:AE)	0.029	0.984	-0.139	4.333	18.311	-7.874	99.80	-0.03	-65.95	-65.147	28.033	-40.147	0.56613	0.70261	-0.33572	-0.27020	25.5	null	null	13113	60
2026-05-27T17:18:43.544	WT901BLE68(F3:F0:16:BF:DC:AE)	0.015	0.987	-0.155	5.798	31.189	-12.146	100.30	0.43	-62.86	-65.147	28.033	-40.147	0.56613	0.70261	-0.33572	-0.27020	25.5	null	null	13113	60
2026-05-27T17:18:43.667	WT901BLE68(F3:F0:16:BF:DC:AE)	0.017	0.987	-0.193	7.080	51.392	-16.907	100.88	0.99	-58.68	-65.147	28.033	-40.147	0.54578	0.65799	-0.39606	-0.33496	25.5	null	null	13113	60
2026-05-27T17:18:43.752	WT901BLE68(F3:F0:16:BF:DC:AE)	-0.020	0.998	-0.150	3.113	50.842	-17.761	101.51	1.57	-52.97	-65.147	28.033	-40.147	0.54578	0.65799	-0.39606	-0.33496	25.5	null	null	13113	60
2026-05-27T17:18:43.873	WT901BLE68(F3:F0:16:BF:DC:AE)	0.030	0.981	-0.203	1.160	71.899	-14.404	101.51	1.90	-47.55	-65.147	28.033	-40.147	0.54578	0.65799	-0.39606	-0.33496	25.5	null	null	13113	60
2026-05-27T17:18:43.968	WT901BLE68(F3:F0:16:BF:DC:AE)	-0.074	0.986	-0.198	-18.982	57.556	-9.277	101.03	1.74	-41.33	-65.147	28.033	-40.147	0.54578	0.65799	-0.39606	-0.33496	25.5	null	null	13113	60
2026-05-27T17:18:44.088	WT901BLE68(F3:F0:16:BF:DC:AE)	-0.090	0.975	-0.193	-31.372	23.315	-2.808	98.62	1.63	-37.72	-65.147	28.033	-40.147	0.54578	0.65799	-0.39606	-0.33496	25.5	null	null	13113	60
2026-05-27T17:18:44.175	WT901BLE68(F3:F0:16:BF:DC:AE)	-0.094	1.000	-0.212	-18.066	10.315	-1.221	96.50	1.72	-36.71	-65.147	28.033	-40.147	0.54578	0.65799	-0.39606	-0.33496	25.5	null	null	13113	60
2026-05-27T17:18:44.294	WT901BLE68(F3:F0:16:BF:DC:AE)	-0.162	0.979	-0.247	-0.244	-25.452	0.183	95.71	2.02	-37.63	-65.147	28.033	-40.147	0.54578	0.65799	-0.39606	-0.33496	25.5	null	null	13113	60
2026-05-27T17:18:44.361	WT901BLE68(F3:F0:16:BF:DC:AE)	0.000	0.985	-0.139	19.043	-30.823	3.357	97.04	2.49	-41.31	-57.953	25.307	-56.767	0.54578	0.65799	-0.39606	-0.33496	25.5	null	null	13113	60
2026-05-27T17:18:44.472	WT901BLE68(F3:F0:16:BF:DC:AE)	-0.046	0.991	-0.103	24.597	-29.358	2.136	99.31	2.58	-44.21	-57.953	25.307	-56.767	0.54578	0.65799	-0.39606	-0.33496	25.5	null	null	13113	60
2026-05-27T17:18:44.562	WT901BLE68(F3:F0:16:BF:DC:AE)	-0.068	0.981	-0.214	6.653	-44.922	5.676	100.71	2.76	-47.96	-57.953	25.307	-56.767	0.58575	0.71243	-0.28168	-0.26428	25.5	null	null	13113	60
2026-05-27T17:18:44.686	WT901BLE68(F3:F0:16:BF:DC:AE)	-0.097	0.973	-0.230	2.563	-42.908	9.155	100.81	2.86	-52.43	-57.953	25.307	-56.767	0.58575	0.71243	-0.28168	-0.26428	25.5	null	null	13113	60
2026-05-27T17:18:44.774	WT901BLE68(F3:F0:16:BF:DC:AE)	-0.063	0.986	-0.170	1.282	-51.880	12.939	100.89	2.77	-57.17	-57.953	25.307	-56.767	0.58575	0.71243	-0.28168	-0.26428	25.5	null	null	13113	60
2026-05-27T17:18:44.896	WT901BLE68(F3:F0:16:BF:DC:AE)	-0.015	0.996	-0.152	-3.418	-50.598	17.944	100.52	2.28	-62.46	-57.953	25.307	-56.767	0.58575	0.71243	-0.28168	-0.26428	25.5	null	null	13113	60
2026-05-27T17:18:44.959	WT901BLE68(F3:F0:16:BF:DC:AE)	0.009	0.981	-0.148	-4.089	-50.171	14.282	99.92	1.52	-67.51	-57.953	25.307	-56.767	0.58575	0.71243	-0.28168	-0.26428	25.5	null	null	13113	60
2026-05-27T17:18:45.075	WT901BLE68(F3:F0:16:BF:DC:AE)	0.089	0.992	-0.129	2.075	-18.372	5.371	99.67	1.09	-71.08	-57.953	25.307	-56.767	0.58575	0.71243	-0.28168	-0.26428	25.5	null	null	13113	60
2026-05-27T17:18:45.164	WT901BLE68(F3:F0:16:BF:DC:AE)	0.002	0.997	-0.129	1.587	-2.686	1.465	99.72	0.80	-71.20	-57.953	25.307	-56.767	0.58575	0.71243	-0.28168	-0.26428	25.5	null	null	13113	60
2026-05-27T17:18:45.282	WT901BLE68(F3:F0:16:BF:DC:AE)	0.004	0.979	-0.176	-2.930	-3.845	2.197	99.47	0.55	-71.26	-67.040	27.133	-38.053	0.58575	0.71243	-0.28168	-0.26428	25.5	null	null	13113	60
2026-05-27T17:18:45.377	WT901BLE68(F3:F0:16:BF:DC:AE)	0.032	0.977	-0.165	2.808	19.775	-5.371	99.52	0.47	-70.04	-67.040	27.133	-38.053	0.58575	0.71243	-0.28168	-0.26428	25.5	null	null	13113	60
2026-05-27T17:18:45.494	WT901BLE68(F3:F0:16:BF:DC:AE)	0.007	0.982	-0.174	5.920	34.729	-7.996	100.03	0.59	-66.84	-67.040	27.133	-38.053	0.52890	0.63031	-0.43170	-0.36948	25.5	null	null	13113	60
2026-05-27T17:18:45.584	WT901BLE68(F3:F0:16:BF:DC:AE)	0.032	0.980	-0.199	6.287	47.913	-12.939	100.60	0.80	-62.45	-67.040	27.133	-38.053	0.52890	0.63031	-0.43170	-0.36948	25.5	null	null	13113	60
2026-05-27T17:18:45.703	WT901BLE68(F3:F0:16:BF:DC:AE)	-0.040	0.998	-0.171	2.869	48.279	-14.771	101.22	1.19	-57.24	-67.040	27.133	-38.053	0.52890	0.63031	-0.43170	-0.36948	25.5	null	null	13113	60
2026-05-27T17:18:45.764	WT901BLE68(F3:F0:16:BF:DC:AE)	-0.013	0.986	-0.222	2.869	40.039	-11.841	101.49	1.63	-53.11	-67.040	27.133	-38.053	0.52890	0.63031	-0.43170	-0.36948	25.5	null	null	13113	60
2026-05-27T17:18:45.885	WT901BLE68(F3:F0:16:BF:DC:AE)	-0.060	0.990	-0.192	3.296	48.889	-9.399	101.90	1.77	-48.67	-67.040	27.133	-38.053	0.52890	0.63031	-0.43170	-0.36948	25.5	null	null	13113	60
2026-05-27T17:18:45.971	WT901BLE68(F3:F0:16:BF:DC:AE)	-0.046	0.983	-0.194	-0.732	22.400	-6.775	102.08	1.88	-45.79	-67.040	27.133	-38.053	0.52890	0.63031	-0.43170	-0.36948	25.5	null	null	13113	60
2026-05-27T17:18:46.098	WT901BLE68(F3:F0:16:BF:DC:AE)	-0.082	0.972	-0.240	0.122	21.179	-4.272	102.17	1.99	-43.70	-67.040	27.133	-38.053	0.52890	0.63031	-0.43170	-0.36948	25.5	null	null	13113	60
2026-05-27T17:18:46.184	WT901BLE68(F3:F0:16:BF:DC:AE)	-0.113	0.962	-0.288	-3.540	-15.747	2.991	102.04	2.13	-43.85	-60.707	21.680	-57.833	0.52890	0.63031	-0.43170	-0.36948	25.5	null	null	13113	60
2026-05-27T17:18:46.301	WT901BLE68(F3:F0:16:BF:DC:AE)	-0.068	0.949	-0.285	-0.610	-20.996	4.333	101.84	2.35	-46.35	-60.707	21.680	-57.833	0.52890	0.63031	-0.43170	-0.36948	25.5	null	null	13113	60
2026-05-27T17:18:46.364	WT901BLE68(F3:F0:16:BF:DC:AE)	-0.039	1.002	-0.130	0.000	-17.700	5.798	102.09	2.38	-48.60	-60.707	21.680	-57.833	0.56897	0.71603	-0.30182	-0.26904	25.5	null	null	13113	60
2026-05-27T17:18:46.484	WT901BLE68(F3:F0:16:BF:DC:AE)	-0.012	0.988	-0.177	-5.188	-30.090	10.498	101.69	2.10	-51.56	-60.707	21.680	-57.833	0.56897	0.71603	-0.30182	-0.26904	25.5	null	null	13113	60
2026-05-27T17:18:46.573	WT901BLE68(F3:F0:16:BF:DC:AE)	-0.049	0.960	-0.245	-6.470	-41.260	9.583	100.85	1.80	-55.24	-60.707	21.680	-57.833	0.56897	0.71603	-0.30182	-0.26904	25.5	null	null	13113	60
2026-05-27T17:18:46.695	WT901BLE68(F3:F0:16:BF:DC:AE)	-0.028	0.971	-0.220	-0.671	-35.645	8.789	100.55	1.63	-58.92	-60.707	21.680	-57.833	0.56897	0.71603	-0.30182	-0.26904	25.5	null	null	13113	60
2026-05-27T17:18:46.785	WT901BLE68(F3:F0:16:BF:DC:AE)	-0.043	0.999	-0.146	-2.075	-39.917	12.329	100.44	1.30	-62.52	-60.707	21.680	-57.833	0.56897	0.71603	-0.30182	-0.26904	25.5	null	null	13113	60
2026-05-27T17:18:46.902	WT901BLE68(F3:F0:16:BF:DC:AE)	0.004	0.993	-0.138	-2.136	-42.175	10.864	100.03	0.89	-66.54	-60.707	21.680	-57.833	0.56897	0.71603	-0.30182	-0.26904	25.5	null	null	13113	60
2026-05-27T17:18:46.993	WT901BLE68(F3:F0:16:BF:DC:AE)	0.061	0.995	-0.118	0.366	-20.447	5.493	99.84	0.60	-69.41	-60.707	21.680	-57.833	0.56897	0.71603	-0.30182	-0.26904	25.5	null	null	13113	60
2026-05-27T17:18:47.116	WT901BLE68(F3:F0:16:BF:DC:AE)	0.070	0.996	-0.115	0.488	-1.648	0.000	99.75	0.42	-70.07	-66.260	27.467	-40.333	0.56897	0.71603	-0.30182	-0.26904	25.5	null	null	13113	60
2026-05-27T17:18:47.174	WT901BLE68(F3:F0:16:BF:DC:AE)	0.051	0.991	-0.166	-0.671	15.625	-1.648	99.64	0.29	-68.75	-66.260	27.467	-40.333	0.56897	0.71603	-0.30182	-0.26904	25.5	null	null	13113	60
2026-05-27T17:18:47.296	WT901BLE68(F3:F0:16:BF:DC:AE)	0.002	0.969	-0.187	-2.014	11.902	-2.197	99.28	0.14	-67.13	-66.260	27.467	-40.333	0.53278	0.63223	-0.42844	-0.36438	25.5	null	null	13113	60
2026-05-27T17:18:47.384	WT901BLE68(F3:F0:16:BF:DC:AE)	0.050	0.985	-0.143	0.305	30.273	-7.690	99.31	0.23	-64.73	-66.260	27.467	-40.333	0.53278	0.63223	-0.42844	-0.36438	25.5	null	null	13113	60
2026-05-27T17:18:47.504	WT901BLE68(F3:F0:16:BF:DC:AE)	-0.000	0.983	-0.174	1.099	38.818	-9.644	99.50	0.42	-60.90	-66.260	27.467	-40.333	0.53278	0.63223	-0.42844	-0.36438	25.5	null	null	13113	60
2026-05-27T17:18:47.596	WT901BLE68(F3:F0:16:BF:DC:AE)	0.005	0.979	-0.177	1.282	40.405	-12.268	99.74	0.76	-56.95	-66.260	27.467	-40.333	0.53278	0.63223	-0.42844	-0.36438	25.5	null	null	13113	60
2026-05-27T17:18:47.716	WT901BLE68(F3:F0:16:BF:DC:AE)	0.040	0.979	-0.173	2.136	45.898	-15.076	99.99	1.36	-52.48	-66.260	27.467	-40.333	0.53278	0.63223	-0.42844	-0.36438	25.5	null	null	13113	60
2026-05-27T17:18:47.774	WT901BLE68(F3:F0:16:BF:DC:AE)	-0.073	0.990	-0.148	-1.526	56.458	-15.869	100.34	1.69	-46.51	-66.260	27.467	-40.333	0.53278	0.63223	-0.42844	-0.36438	25.5	null	null	13113	60
2026-05-27T17:18:47.893	WT901BLE68(F3:F0:16:BF:DC:AE)	-0.065	0.996	-0.169	-4.883	19.226	-8.728	100.05	2.22	-43.41	-66.260	27.467	-40.333	0.53278	0.63223	-0.42844	-0.36438	25.5	null	null	13113	60
2026-05-27T17:18:47.982	WT901BLE68(F3:F0:16:BF:DC:AE)	-0.138	0.969	-0.232	-13.733	25.452	-4.089	99.18	2.44	-41.46	-61.600	22.600	-55.220	0.53278	0.63223	-0.42844	-0.36438	25.5	null	null	13113	60
2026-05-27T17:18:48.107	WT901BLE68(F3:F0:16:BF:DC:AE)	-0.175	0.962	-0.289	6.348	-6.104	0.916	99.21	2.64	-41.13	-61.600	22.600	-55.220	0.53278	0.63223	-0.42844	-0.36438	25.5	null	null	13113	60
2026-05-27T17:18:48.194	WT901BLE68(F3:F0:16:BF:DC:AE)	-0.124	0.976	-0.208	5.554	-24.170	2.930	100.28	3.00	-43.26	-61.600	22.600	-55.220	0.59531	0.71927	-0.25839	-0.24771	25.5	null	null	13113	60
2026-05-27T17:18:48.318	WT901BLE68(F3:F0:16:BF:DC:AE)	-0.018	0.994	-0.183	5.066	-37.903	6.226	100.63	3.30	-46.98	-61.600	22.600	-55.220	0.59531	0.71927	-0.25839	-0.24771	25.5	null	null	13113	60
2026-05-27T17:18:48.402	WT901BLE68(F3:F0:16:BF:DC:AE)	-0.031	0.992	-0.140	0.488	-29.419	8.057	100.68	3.27	-50.39	-61.600	22.600	-55.220	0.59531	0.71927	-0.25839	-0.24771	25.5	null	null	13113	60
2026-05-27T17:18:48.525	WT901BLE68(F3:F0:16:BF:DC:AE)	-0.060	0.976	-0.191	-2.014	-48.889	10.193	100.20	3.11	-54.71	-61.600	22.600	-55.220	0.59531	0.71927	-0.25839	-0.24771	25.5	null	null	13113	60
2026-05-27T17:18:48.584	WT901BLE68(F3:F0:16:BF:DC:AE)	-0.024	0.979	-0.198	-0.549	-39.856	10.864	99.81	2.89	-59.53	-61.600	22.600	-55.220	0.59531	0.71927	-0.25839	-0.24771	25.5	null	null	13113	60
2026-05-27T17:18:48.708	WT901BLE68(F3:F0:16:BF:DC:AE)	-0.026	0.996	-0.139	-0.977	-30.518	12.695	99.67	2.31	-62.82	-61.600	22.600	-55.220	0.59531	0.71927	-0.25839	-0.24771	25.5	null	null	13113	60
2026-05-27T17:18:48.793	WT901BLE68(F3:F0:16:BF:DC:AE)	-0.057	1.001	-0.107	-6.042	-47.607	16.357	99.12	1.51	-66.67	-61.600	22.600	-55.220	0.59531	0.71927	-0.25839	-0.24771	25.5	null	null	13113	60
2026-05-27T17:18:48.915	WT901BLE68(F3:F0:16:BF:DC:AE)	0.088	0.980	-0.169	-2.319	-42.542	12.634	98.56	0.92	-71.40	-66.933	26.487	-40.973	0.59531	0.71927	-0.25839	-0.24771	25.5	null	null	13113	60
2026-05-27T17:18:49.004	WT901BLE68(F3:F0:16:BF:DC:AE)	0.149	0.988	-0.086	2.502	-4.456	4.761	98.58	0.42	-73.05	-66.933	26.487	-40.973	0.59531	0.71927	-0.25839	-0.24771	25.5	null	null	13113	60
2026-05-27T17:18:49.124	WT901BLE68(F3:F0:16:BF:DC:AE)	0.001	1.005	-0.120	2.197	4.089	-0.916	98.75	0.06	-72.09	-66.933	26.487	-40.973	0.52368	0.61139	-0.44885	-0.38776	25.5	null	null	13113	60
2026-05-27T17:18:49.185	WT901BLE68(F3:F0:16:BF:DC:AE)	-0.050	0.975	-0.218	-0.122	-1.221	0.122	98.62	-0.08	-71.47	-66.933	26.487	-40.973	0.52368	0.61139	-0.44885	-0.38776	25.5	null	null	13113	60
2026-05-27T17:18:49.308	WT901BLE68(F3:F0:16:BF:DC:AE)	0.066	0.972	-0.156	6.714	20.264	-7.080	98.90	-0.03	-70.40	-66.933	26.487	-40.973	0.52368	0.61139	-0.44885	-0.38776	25.5	null	null	13113	60
2026-05-27T17:18:49.396	WT901BLE68(F3:F0:16:BF:DC:AE)	0.038	0.982	-0.148	12.146	47.974	-16.479	99.96	0.43	-66.47	-66.933	26.487	-40.973	0.52368	0.61139	-0.44885	-0.38776	25.5	null	null	13113	60
2026-05-27T17:18:49.515	WT901BLE68(F3:F0:16:BF:DC:AE)	-0.060	0.994	-0.194	4.211	38.940	-14.648	100.88	1.01	-61.24	-66.933	26.487	-40.973	0.52368	0.61139	-0.44885	-0.38776	25.5	null	null	13113	60
2026-05-27T17:18:49.603	WT901BLE68(F3:F0:16:BF:DC:AE)	-0.040	0.990	-0.181	0.000	23.438	-13.184	101.08	1.85	-58.16	-66.933	26.487	-40.973	0.52368	0.61139	-0.44885	-0.38776	25.5	null	null	13113	60
2026-05-27T17:18:49.722	WT901BLE68(F3:F0:16:BF:DC:AE)	0.005	0.994	-0.139	-4.395	36.133	-9.216	100.79	2.27	-54.78	-66.933	26.487	-40.973	0.52368	0.61139	-0.44885	-0.38776	25.5	null	null	13113	60
2026-05-27T17:18:49.782	WT901BLE68(F3:F0:16:BF:DC:AE)	-0.042	0.980	-0.152	-8.423	29.114	-7.324	99.99	2.38	-51.43	-66.267	23.033	-48.813	0.52368	0.61139	-0.44885	-0.38776	25.5	null	null	13113	60
2026-05-27T17:18:49.934	WT901BLE68(F3:F0:16:BF:DC:AE)	-0.117	1.024	-0.182	-45.654	37.231	-1.770	98.31	2.19	-47.87	-66.267	23.033	-48.813	0.52368	0.61139	-0.44885	-0.38776	25.5	null	null	13113	60
2026-05-27T17:18:49.991	WT901BLE68(F3:F0:16:BF:DC:AE)	-0.093	0.978	-0.269	0.366	-3.052	2.319	96.27	2.15	-46.61	-66.267	23.033	-48.813	0.60733	0.68924	-0.28250	-0.27594	25.5	null	null	13113	60
2026-05-27T17:18:50.115	WT901BLE68(F3:F0:16:BF:DC:AE)	-0.062	0.977	-0.170	15.503	1.038	1.221	97.45	2.18	-47.19	-66.267	23.033	-48.813	0.60733	0.68924	-0.28250	-0.27594	25.5	null	null	13113	60
2026-05-27T17:18:50.206	WT901BLE68(F3:F0:16:BF:DC:AE)	-0.072	0.994	-0.098	11.780	-2.197	1.892	99.32	2.15	-47.41	-66.267	23.033	-48.813	0.60733	0.68924	-0.28250	-0.27594	25.5	null	null	13113	60
2026-05-27T17:18:50.327	WT901BLE68(F3:F0:16:BF:DC:AE)	-0.040	0.994	-0.164	4.028	-16.235	5.432	100.04	2.06	-48.70	-66.267	23.033	-48.813	0.60733	0.68924	-0.28250	-0.27594	25.5	null	null	13113	60
2026-05-27T17:18:50.413	WT901BLE68(F3:F0:16:BF:DC:AE)	-0.043	0.981	-0.223	0.000	-22.827	6.287	100.13	1.86	-50.71	-66.267	23.033	-48.813	0.60733	0.68924	-0.28250	-0.27594	25.5	null	null	13113	60
2026-05-27T17:18:50.536	WT901BLE68(F3:F0:16:BF:DC:AE)	-0.066	0.961	-0.260	2.197	-38.330	5.737	100.26	1.83	-53.81	-66.267	23.033	-48.813	0.60733	0.68924	-0.28250	-0.27594	25.5	null	null	13113	60
2026-05-27T17:18:50.596	WT901BLE68(F3:F0:16:BF:DC:AE)	-0.002	0.968	-0.276	15.503	-34.607	4.700	101.31	2.14	-57.60	-66.267	23.033	-48.813	0.60733	0.68924	-0.28250	-0.27594	25.5	null	null	13113	60
2026-05-27T17:18:50.714	WT901BLE68(F3:F0:16:BF:DC:AE)	-0.019	1.042	-0.041	2.563	-28.748	10.254	102.16	1.91	-59.56	-65.440	23.967	-48.340	0.60733	0.68924	-0.28250	-0.27594	25.5	null	null	13113	60
2026-05-27T17:18:50.803	WT901BLE68(F3:F0:16:BF:DC:AE)	0.036	0.980	-0.174	-10.376	-51.941	15.198	101.07	1.37	-64.14	-65.440	23.967	-48.340	0.60733	0.68924	-0.28250	-0.27594	25.5	null	null	13113	60
2026-05-27T17:18:50.925	WT901BLE68(F3:F0:16:BF:DC:AE)	0.021	0.986	-0.160	-0.793	-3.357	1.831	100.35	0.88	-66.71	-65.440	23.967	-48.340	0.53250	0.65329	-0.40860	-0.35010	25.5	null	null	13113	60
2026-05-27T17:18:51.013	WT901BLE68(F3:F0:16:BF:DC:AE)	-0.035	0.983	-0.181	-3.296	-14.709	3.357	100.16	0.71	-67.20	-65.440	23.967	-48.340	0.53250	0.65329	-0.40860	-0.35010	25.5	null	null	13113	60
2026-05-27T17:18:51.136	WT901BLE68(F3:F0:16:BF:DC:AE)	0.034	0.984	-0.160	-0.610	2.747	-0.732	99.88	0.65	-67.76	-65.440	23.967	-48.340	0.53250	0.65329	-0.40860	-0.35010	25.5	null	null	13113	60
2026-05-27T17:18:51.225	WT901BLE68(F3:F0:16:BF:DC:AE)	0.031	0.995	-0.133	1.221	23.376	-6.165	99.91	0.69	-65.93	-65.440	23.967	-48.340	0.53250	0.65329	-0.40860	-0.35010	25.5	null	null	13113	60
2026-05-27T17:18:51.346	WT901BLE68(F3:F0:16:BF:DC:AE)	-0.005	0.987	-0.166	-2.014	25.696	-7.019	99.85	0.82	-63.09	-65.440	23.967	-48.340	0.53250	0.65329	-0.40860	-0.35010	25.5	null	null	13113	60
2026-05-27T17:18:51.405	WT901BLE68(F3:F0:16:BF:DC:AE)	0.000	0.983	-0.187	-1.404	31.494	-8.484	99.71	1.07	-60.21	-65.440	23.967	-48.340	0.53250	0.65329	-0.40860	-0.35010	25.5	null	null	13113	60
2026-05-27T17:18:51.522	WT901BLE68(F3:F0:16:BF:DC:AE)	-0.045	0.979	-0.203	0.671	26.917	-7.141	99.78	1.32	-57.01	-65.440	23.967	-48.340	0.53250	0.65329	-0.40860	-0.35010	25.5	null	null	13113	60
2026-05-27T17:18:51.613	WT901BLE68(F3:F0:16:BF:DC:AE)	-0.006	0.978	-0.220	7.324	33.325	-8.179	100.37	1.53	-54.10	-65.413	24.613	-46.500	0.53250	0.65329	-0.40860	-0.35010	25.5	null	null	13113	60
2026-05-27T17:18:51.732	WT901BLE68(F3:F0:16:BF:DC:AE)	-0.051	0.984	-0.173	6.775	30.273	-8.545	101.20	1.76	-50.74	-65.413	24.613	-46.500	0.53250	0.65329	-0.40860	-0.35010	25.5	null	null	13113	60
2026-05-27T17:18:51.824	WT901BLE68(F3:F0:16:BF:DC:AE)	-0.102	0.992	-0.210	0.183	10.864	-2.930	101.61	1.91	-48.43	-65.413	24.613	-46.500	0.56937	0.70749	-0.31461	-0.27597	25.5	null	null	13113	60
2026-05-27T17:18:51.944	WT901BLE68(F3:F0:16:BF:DC:AE)	-0.116	0.962	-0.275	-5.981	-23.987	4.944	101.33	2.07	-49.31	-65.413	24.613	-46.500	0.56937	0.70749	-0.31461	-0.27597	25.5	null	null	13113	60
2026-05-27T17:18:52.007	WT901BLE68(F3:F0:16:BF:DC:AE)	0.008	0.965	-0.226	-2.075	-12.878	3.479	101.06	2.22	-51.87	-65.413	24.613	-46.500	0.56937	0.70749	-0.31461	-0.27597	25.5	null	null	13113	60
2026-05-27T17:18:52.126	WT901BLE68(F3:F0:16:BF:DC:AE)	-0.037	0.979	-0.170	6.287	-5.554	0.000	101.54	2.26	-52.78	-65.413	24.613	-46.500	0.56937	0.70749	-0.31461	-0.27597	25.5	null	null	13113	60
2026-05-27T17:18:52.215	WT901BLE68(F3:F0:16:BF:DC:AE)	-0.039	0.988	-0.183	2.502	-17.334	2.136	101.91	2.43	-54.20	-65.413	24.613	-46.500	0.56937	0.70749	-0.31461	-0.27597	25.5	null	null	13113	60
2026-05-27T17:18:52.338	WT901BLE68(F3:F0:16:BF:DC:AE)	-0.057	0.989	-0.204	-1.892	-24.353	5.615	101.72	2.47	-56.45	-65.413	24.613	-46.500	0.56937	0.70749	-0.31461	-0.27597	25.5	null	null	13113	60
2026-05-27T17:18:52.422	WT901BLE68(F3:F0:16:BF:DC:AE)	-0.074	0.987	-0.196	-5.188	-25.085	10.193	101.28	2.26	-59.02	-65.413	24.613	-46.500	0.56937	0.70749	-0.31461	-0.27597	25.5	null	null	13113	60
2026-05-27T17:18:52.545	WT901BLE68(F3:F0:16:BF:DC:AE)	-0.064	0.973	-0.213	-5.676	-45.593	14.954	100.63	1.68	-62.35	-66.493	24.180	-45.940	0.56937	0.70749	-0.31461	-0.27597	25.5	null	null	13113	60
2026-05-27T17:18:52.634	WT901BLE68(F3:F0:16:BF:DC:AE)	0.101	0.987	-0.140	-1.160	-32.349	8.301	100.19	1.38	-66.65	-66.493	24.180	-45.940	0.56937	0.70749	-0.31461	-0.27597	25.5	null	null	13113	60
2026-05-27T17:18:52.754	WT901BLE68(F3:F0:16:BF:DC:AE)	0.017	0.997	-0.127	0.427	-5.066	1.404	100.15	1.09	-67.69	-66.493	24.180	-45.940	0.52921	0.64188	-0.41959	-0.36298	25.5	null	null	13113	60
2026-05-27T17:18:52.814	WT901BLE68(F3:F0:16:BF:DC:AE)	-0.029	1.001	-0.146	-5.127	-7.751	4.028	99.78	0.80	-68.04	-66.493	24.180	-45.940	0.52921	0.64188	-0.41959	-0.36298	25.5	null	null	13113	60
2026-05-27T17:18:52.939	WT901BLE68(F3:F0:16:BF:DC:AE)	0.032	0.978	-0.174	0.488	6.897	-0.122	99.45	0.60	-68.14	-66.493	24.180	-45.940	0.52921	0.64188	-0.41959	-0.36298	25.5	null	null	13113	60
2026-05-27T17:18:53.025	WT901BLE68(F3:F0:16:BF:DC:AE)	0.057	0.995	-0.120	3.296	35.767	-8.484	99.70	0.62	-65.32	-66.493	24.180	-45.940	0.52921	0.64188	-0.41959	-0.36298	25.5	null	null	13113	60
2026-05-27T17:18:53.144	WT901BLE68(F3:F0:16:BF:DC:AE)	0.011	0.991	-0.163	2.380	36.804	-11.719	99.94	0.87	-61.39	-66.493	24.180	-45.940	0.52921	0.64188	-0.41959	-0.36298	25.5	null	null	13113	60
2026-05-27T17:18:53.234	WT901BLE68(F3:F0:16:BF:DC:AE)	-0.020	0.978	-0.211	5.493	45.959	-13.977	100.37	1.29	-56.90	-66.493	24.180	-45.940	0.52921	0.64188	-0.41959	-0.36298	25.5	null	null	13113	60
2026-05-27T17:18:53.356	WT901BLE68(F3:F0:16:BF:DC:AE)	-0.018	0.995	-0.150	2.380	53.833	-12.878	100.97	1.62	-51.76	-66.493	24.180	-45.940	0.52921	0.64188	-0.41959	-0.36298	25.5	null	null	13113	60
2026-05-27T17:18:53.412	WT901BLE68(F3:F0:16:BF:DC:AE)	-0.024	0.993	-0.158	-1.221	41.687	-7.629	101.12	1.61	-47.16	-63.700	22.713	-50.927	0.52921	0.64188	-0.41959	-0.36298	25.5	null	null	13113	60
2026-05-27T17:18:53.535	WT901BLE68(F3:F0:16:BF:DC:AE)	-0.051	0.976	-0.197	-4.089	36.926	-5.249	100.89	1.44	-43.81	-63.700	22.713	-50.927	0.52921	0.64188	-0.41959	-0.36298	25.5	null	null	13113	60
2026-05-27T17:18:53.622	WT901BLE68(F3:F0:16:BF:DC:AE)	-0.059	0.988	-0.228	-7.629	23.132	-1.770	100.56	1.37	-41.65	-63.700	22.713	-50.927	0.58960	0.72000	-0.27438	-0.24200	25.5	null	null	13113	60
2026-05-27T17:18:53.745	WT901BLE68(F3:F0:16:BF:DC:AE)	-0.079	0.981	-0.238	-15.991	-14.038	1.709	99.28	1.42	-42.03	-63.700	22.713	-50.927	0.58960	0.72000	-0.27438	-0.24200	25.5	null	null	13113	60
2026-05-27T17:18:53.835	WT901BLE68(F3:F0:16:BF:DC:AE)	-0.072	0.972	-0.217	-9.644	-13.550	1.099	98.12	1.59	-44.04	-63.700	22.713	-50.927	0.58960	0.72000	-0.27438	-0.24200	25.5	null	null	13113	60
2026-05-27T17:18:53.957	WT901BLE68(F3:F0:16:BF:DC:AE)	-0.066	0.968	-0.212	6.348	-15.503	2.319	98.23	1.76	-45.82	-63.700	22.713	-50.927	0.58960	0.72000	-0.27438	-0.24200	25.5	null	null	13113	60
2026-05-27T17:18:54.044	WT901BLE68(F3:F0:16:BF:DC:AE)	-0.011	0.977	-0.212	14.160	-30.579	1.465	99.57	2.07	-48.58	-63.700	22.713	-50.927	0.58960	0.72000	-0.27438	-0.24200	25.5	null	null	13113	60
2026-05-27T17:18:54.167	WT901BLE68(F3:F0:16:BF:DC:AE)	-0.061	0.997	-0.115	2.197	-23.499	3.235	100.31	2.25	-51.06	-63.700	22.713	-50.927	0.58960	0.72000	-0.27438	-0.24200	25.5	null	null	13113	60
2026-05-27T17:18:54.225	WT901BLE68(F3:F0:16:BF:DC:AE)	-0.054	1.001	-0.136	-9.277	-47.913	12.390	99.54	2.03	-55.15	-63.700	22.713	-50.927	0.58960	0.72000	-0.27438	-0.24200	25.5	null	null	13113	60
2026-05-27T17:18:54.345	WT901BLE68(F3:F0:16:BF:DC:AE)	-0.082	0.976	-0.213	-2.563	-46.875	10.681	98.70	1.66	-59.95	-64.787	24.847	-47.807	0.58960	0.72000	-0.27438	-0.24200	25.5	null	null	13113	60
2026-05-27T17:18:54.438	WT901BLE68(F3:F0:16:BF:DC:AE)	0.006	0.987	-0.171	5.676	-46.204	11.841	99.12	1.45	-64.76	-64.787	24.847	-47.807	0.58960	0.72000	-0.27438	-0.24200	25.5	null	null	13113	60
2026-05-27T17:18:54.552	WT901BLE68(F3:F0:16:BF:DC:AE)	0.088	0.996	-0.097	4.395	-31.189	6.104	99.59	1.20	-68.22	-64.787	24.847	-47.807	0.53894	0.64392	-0.40704	-0.35931	25.5	null	null	13113	60
2026-05-27T17:18:54.649	WT901BLE68(F3:F0:16:BF:DC:AE)	0.053	1.010	-0.050	-0.427	-2.136	0.977	99.50	0.86	-68.87	-64.787	24.847	-47.807	0.53894	0.64392	-0.40704	-0.35931	25.5	null	null	13113	60
2026-05-27T17:18:54.763	WT901BLE68(F3:F0:16:BF:DC:AE)	-0.009	0.983	-0.178	-2.625	-0.427	0.000	99.19	0.65	-68.53	-64.787	24.847	-47.807	0.53894	0.64392	-0.40704	-0.35931	25.5	null	null	13113	60
2026-05-27T17:18:54.825	WT901BLE68(F3:F0:16:BF:DC:AE)	-0.004	0.986	-0.163	2.625	13.855	-3.174	99.16	0.59	-67.29	-64.787	24.847	-47.807	0.53894	0.64392	-0.40704	-0.35931	25.5	null	null	13113	60
2026-05-27T17:18:54.945	WT901BLE68(F3:F0:16:BF:DC:AE)	0.041	0.991	-0.148	3.113	29.846	-6.592	99.41	0.70	-64.92	-64.787	24.847	-47.807	0.53894	0.64392	-0.40704	-0.35931	25.5	null	null	13113	60
2026-05-27T17:18:55.033	WT901BLE68(F3:F0:16:BF:DC:AE)	-0.034	0.985	-0.157	-1.160	27.222	-4.578	99.55	0.71	-61.63	-64.787	24.847	-47.807	0.53894	0.64392	-0.40704	-0.35931	25.5	null	null	13113	60
2026-05-27T17:18:55.160	WT901BLE68(F3:F0:16:BF:DC:AE)	-0.001	0.979	-0.198	1.953	20.508	-4.456	99.52	0.76	-59.21	-64.787	24.847	-47.807	0.53894	0.64392	-0.40704	-0.35931	25.5	null	null	13113	60
2026-05-27T17:18:55.244	WT901BLE68(F3:F0:16:BF:DC:AE)	-0.012	0.990	-0.184	9.705	39.734	-7.385	100.16	0.84	-56.24	-65.440	25.100	-46.027	0.53894	0.64392	-0.40704	-0.35931	25.5	null	null	13113	60
2026-05-27T17:18:55.365	WT901BLE68(F3:F0:16:BF:DC:AE)	-0.037	0.991	-0.162	6.226	22.156	-5.554	101.06	0.93	-53.06	-65.440	25.100	-46.027	0.53894	0.64392	-0.40704	-0.35931	25.5	null	null	13113	60
2026-05-27T17:18:55.426	WT901BLE68(F3:F0:16:BF:DC:AE)	0.013	0.981	-0.205	1.465	24.475	-4.456	101.45	1.02	-51.04	-65.440	25.100	-46.027	0.56665	0.69711	-0.33450	-0.28448	25.5	null	null	13113	60
2026-05-27T17:18:55.576	WT901BLE68(F3:F0:16:BF:DC:AE)	-0.081	0.983	-0.223	-4.150	4.761	-0.610	101.37	0.96	-49.35	-65.440	25.100	-46.027	0.56665	0.69711	-0.33450	-0.28448	25.5	null	null	13113	60
2026-05-27T17:18:55.634	WT901BLE68(F3:F0:16:BF:DC:AE)	-0.001	0.975	-0.226	-6.348	-7.751	2.319	100.82	1.04	-49.93	-65.440	25.100	-46.027	0.56665	0.69711	-0.33450	-0.28448	25.5	null	null	13113	60
2026-05-27T17:18:55.752	WT901BLE68(F3:F0:16:BF:DC:AE)	-0.052	0.982	-0.198	-4.883	-13.977	2.380	100.20	1.04	-51.07	-65.440	25.100	-46.027	0.56665	0.69711	-0.33450	-0.28448	25.5	null	null	13113	60
2026-05-27T17:18:55.847	WT901BLE68(F3:F0:16:BF:DC:AE)	-0.014	0.973	-0.198	3.418	-15.076	2.441	100.07	1.06	-52.62	-65.440	25.100	-46.027	0.56665	0.69711	-0.33450	-0.28448	25.5	null	null	13113	60
2026-05-27T17:18:55.965	WT901BLE68(F3:F0:16:BF:DC:AE)	-0.025	0.987	-0.177	0.610	-13.916	1.892	100.33	1.08	-53.76	-65.440	25.100	-46.027	0.56665	0.69711	-0.33450	-0.28448	25.5	null	null	13113	60
2026-05-27T17:18:56.062	WT901BLE68(F3:F0:16:BF:DC:AE)	-0.064	0.973	-0.222	-2.380	-35.400	4.639	100.18	1.16	-56.03	-65.440	25.100	-46.027	0.56665	0.69711	-0.33450	-0.28448	25.5	null	null	13113	60
2026-05-27T17:18:56.173	WT901BLE68(F3:F0:16:BF:DC:AE)	-0.077	0.962	-0.292	5.127	-40.161	5.310	100.24	1.43	-59.79	-64.740	25.167	-47.967	0.56665	0.69711	-0.33450	-0.28448	25.5	null	null	13113	60
2026-05-27T17:18:56.231	WT901BLE68(F3:F0:16:BF:DC:AE)	0.036	0.994	-0.189	8.606	-16.907	6.348	101.27	1.57	-63.11	-64.740	25.167	-47.967	0.56665	0.69711	-0.33450	-0.28448	25.5	null	null	13113	60
2026-05-27T17:18:56.350	WT901BLE68(F3:F0:16:BF:DC:AE)	0.033	1.034	-0.044	-4.944	-32.471	8.545	101.49	1.28	-64.75	-64.740	25.167	-47.967	0.53354	0.66306	-0.39899	-0.34119	25.5	null	null	13113	60
2026-05-27T17:18:56.444	WT901BLE68(F3:F0:16:BF:DC:AE)	0.055	0.985	-0.159	-5.310	-13.428	4.150	100.40	0.82	-67.26	-64.740	25.167	-47.967	0.53354	0.66306	-0.39899	-0.34119	25.5	null	null	13113	60
2026-05-27T17:18:56.567	WT901BLE68(F3:F0:16:BF:DC:AE)	-0.039	0.973	-0.181	-3.357	-5.737	0.916	99.84	0.58	-67.62	-64.740	25.167	-47.967	0.53354	0.66306	-0.39899	-0.34119	25.5	null	null	13113	60
2026-05-27T17:18:56.652	WT901BLE68(F3:F0:16:BF:DC:AE)	-0.022	0.977	-0.179	-1.465	6.104	-2.380	99.57	0.62	-67.35	-64.740	25.167	-47.967	0.53354	0.66306	-0.39899	-0.34119	25.5	null	null	13113	60
2026-05-27T17:18:56.776	WT901BLE68(F3:F0:16:BF:DC:AE)	0.013	0.979	-0.175	3.113	15.076	-6.836	99.67	0.87	-65.99	-64.740	25.167	-47.967	0.53354	0.66306	-0.39899	-0.34119	25.5	null	null	13113	60
2026-05-27T17:18:56.833	WT901BLE68(F3:F0:16:BF:DC:AE)	-0.051	0.986	-0.174	2.075	17.639	-6.897	100.02	1.28	-63.95	-64.740	25.167	-47.967	0.53354	0.66306	-0.39899	-0.34119	25.5	null	null	13113	60
2026-05-27T17:18:56.989	WT901BLE68(F3:F0:16:BF:DC:AE)	-0.048	0.993	-0.173	2.136	10.620	-5.737	100.27	1.63	-62.12	-64.740	25.167	-47.967	0.53354	0.66306	-0.39899	-0.34119	25.5	null	null	13113	60
2026-05-27T17:18:57.044	WT901BLE68(F3:F0:16:BF:DC:AE)	0.032	0.998	-0.131	2.747	19.592	-6.165	100.46	1.96	-60.57	-67.020	24.720	-43.220	0.53354	0.66306	-0.39899	-0.34119	25.5	null	null	13113	60
2026-05-27T17:18:57.166	WT901BLE68(F3:F0:16:BF:DC:AE)	0.041	0.992	-0.154	4.639	54.993	-14.404	100.87	2.13	-56.90	-67.020	24.720	-43.220	0.53354	0.66306	-0.39899	-0.34119	25.5	null	null	13113	60
2026-05-27T17:18:57.261	WT901BLE68(F3:F0:16:BF:DC:AE)	-0.026	0.979	-0.198	5.310	55.298	-16.907	101.52	2.32	-50.88	-67.020	24.720	-43.220	0.55801	0.69208	-0.34253	-0.30365	25.5	null	null	13113	60
2026-05-27T17:18:57.371	WT901BLE68(F3:F0:16:BF:DC:AE)	-0.059	0.972	-0.245	0.488	51.208	-14.160	101.99	2.64	-45.49	-67.020	24.720	-43.220	0.55801	0.69208	-0.34253	-0.30365	25.5	null	null	13113	60
2026-05-27T17:18:57.468	WT901BLE68(F3:F0:16:BF:DC:AE)	-0.163	0.972	-0.260	-3.540	20.630	-6.409	102.13	2.86	-41.86	-67.020	24.720	-43.220	0.55801	0.69208	-0.34253	-0.30365	25.5	null	null	13113	60
2026-05-27T17:18:57.582	WT901BLE68(F3:F0:16:BF:DC:AE)	-0.119	0.973	-0.245	-3.601	-4.456	0.732	102.02	3.21	-41.80	-67.020	24.720	-43.220	0.55801	0.69208	-0.34253	-0.30365	25.5	null	null	13113	60
2026-05-27T17:18:57.644	WT901BLE68(F3:F0:16:BF:DC:AE)	-0.087	0.971	-0.222	-4.517	-17.456	3.967	101.50	3.34	-43.36	-67.020	24.720	-43.220	0.55801	0.69208	-0.34253	-0.30365	25.5	null	null	13113	60
2026-05-27T17:18:57.766	WT901BLE68(F3:F0:16:BF:DC:AE)	-0.069	0.965	-0.251	0.549	-23.132	4.700	101.22	3.44	-45.97	-67.020	24.720	-43.220	0.55801	0.69208	-0.34253	-0.30365	25.5	null	null	13113	60
2026-05-27T17:18:57.859	WT901BLE68(F3:F0:16:BF:DC:AE)	-0.066	0.965	-0.220	2.197	-22.461	4.395	101.37	3.50	-48.43	-67.020	24.720	-43.220	0.55801	0.69208	-0.34253	-0.30365	25.5	null	null	13113	60
2026-05-27T17:18:57.972	WT901BLE68(F3:F0:16:BF:DC:AE)	-0.057	0.975	-0.186	0.366	-32.227	6.348	101.53	3.55	-51.37	-63.907	21.833	-53.647	0.55801	0.69208	-0.34253	-0.30365	25.5	null	null	13113	60
2026-05-27T17:18:58.064	WT901BLE68(F3:F0:16:BF:DC:AE)	-0.094	0.985	-0.203	-1.709	-43.640	10.803	101.31	3.46	-55.24	-63.907	21.833	-53.647	0.55801	0.69208	-0.34253	-0.30365	25.5	null	null	13113	60
2026-05-27T17:18:58.182	WT901BLE68(F3:F0:16:BF:DC:AE)	-0.041	0.986	-0.169	-1.526	-36.804	13.306	100.82	3.05	-59.49	-63.907	21.833	-53.647	0.54794	0.68857	-0.34967	-0.32129	25.5	null	null	13113	60
2026-05-27T17:18:58.246	WT901BLE68(F3:F0:16:BF:DC:AE)	-0.048	0.990	-0.166	-0.793	-41.138	12.756	100.47	2.46	-63.09	-63.907	21.833	-53.647	0.54794	0.68857	-0.34967	-0.32129	25.5	null	null	13113	60
2026-05-27T17:18:58.397	WT901BLE68(F3:F0:16:BF:DC:AE)	0.060	1.004	-0.112	-2.319	-27.344	8.789	100.07	2.03	-66.90	-63.907	21.833	-53.647	0.54794	0.68857	-0.34967	-0.32129	25.5	null	null	13113	60
2026-05-27T17:18:58.457	WT901BLE68(F3:F0:16:BF:DC:AE)	-0.015	0.986	-0.155	-1.953	-9.705	3.357	99.74	1.58	-68.04	-63.907	21.833	-53.647	0.54794	0.68857	-0.34967	-0.32129	25.5	null	null	13113	60
2026-05-27T17:18:58.575	WT901BLE68(F3:F0:16:BF:DC:AE)	-0.037	0.975	-0.201	-1.770	-9.338	2.808	99.49	1.38	-68.64	-63.907	21.833	-53.647	0.54794	0.68857	-0.34967	-0.32129	25.5	null	null	13113	60
2026-05-27T17:18:58.663	WT901BLE68(F3:F0:16:BF:DC:AE)	0.002	0.980	-0.160	2.014	-0.366	-0.793	99.46	1.35	-68.94	-63.907	21.833	-53.647	0.54794	0.68857	-0.34967	-0.32129	25.5	null	null	13113	60
2026-05-27T17:18:58.784	WT901BLE68(F3:F0:16:BF:DC:AE)	0.041	0.995	-0.130	3.479	20.569	-6.287	99.71	1.43	-67.51	-63.907	21.833	-53.647	0.54794	0.68857	-0.34967	-0.32129	25.5	null	null	13113	60
2026-05-27T17:18:58.877	WT901BLE68(F3:F0:16:BF:DC:AE)	-0.032	0.982	-0.164	1.465	37.415	-9.155	99.85	1.55	-64.03	-67.540	26.260	-39.613	0.54794	0.68857	-0.34967	-0.32129	25.5	null	null	13113	60
2026-05-27T17:18:58.995	WT901BLE68(F3:F0:16:BF:DC:AE)	-0.026	0.980	-0.195	3.418	47.913	-12.451	100.28	1.79	-59.58	-67.540	26.260	-39.613	0.54794	0.68857	-0.34967	-0.32129	25.5	null	null	13113	60
2026-05-27T17:18:59.059	WT901BLE68(F3:F0:16:BF:DC:AE)	-0.059	0.975	-0.199	4.333	40.283	-11.475	100.85	2.08	-55.09	-67.540	26.260	-39.613	0.55518	0.68124	-0.35733	-0.31604	25.5	null	null	13113	60
2026-05-27T17:18:59.175	WT901BLE68(F3:F0:16:BF:DC:AE)	-0.033	0.981	-0.186	2.869	36.621	-9.949	101.36	2.42	-51.41	-67.540	26.260	-39.613	0.55518	0.68124	-0.35733	-0.31604	25.5	null	null	13113	60
2026-05-27T17:18:59.262	WT901BLE68(F3:F0:16:BF:DC:AE)	0.000	0.989	-0.177	-1.648	38.086	-9.766	101.52	2.58	-47.87	-67.540	26.260	-39.613	0.55518	0.68124	-0.35733	-0.31604	25.5	null	null	13113	60
2026-05-27T17:18:59.385	WT901BLE68(F3:F0:16:BF:DC:AE)	-0.100	0.982	-0.216	-11.414	35.461	-8.240	100.91	2.76	-44.40	-67.540	26.260	-39.613	0.55518	0.68124	-0.35733	-0.31604	25.5	null	null	13113	60
2026-05-27T17:18:59.476	WT901BLE68(F3:F0:16:BF:DC:AE)	-0.211	0.975	-0.239	-17.029	-5.005	2.197	99.55	2.80	-43.24	-67.540	26.260	-39.613	0.55518	0.68124	-0.35733	-0.31604	25.5	null	null	13113	60
2026-05-27T17:18:59.593	WT901BLE68(F3:F0:16:BF:DC:AE)	-0.063	0.960	-0.248	-2.747	-27.466	7.568	98.76	2.85	-46.03	-67.540	26.260	-39.613	0.55518	0.68124	-0.35733	-0.31604	25.5	null	null	13113	60
2026-05-27T17:18:59.657	WT901BLE68(F3:F0:16:BF:DC:AE)	-0.051	0.977	-0.190	8.911	-9.033	1.465	99.42	2.79	-47.95	-67.540	26.260	-39.613	0.55518	0.68124	-0.35733	-0.31604	25.5	null	null	13113	60
2026-05-27T17:18:59.804	WT901BLE68(F3:F0:16:BF:DC:AE)	-0.047	0.991	-0.166	7.080	-22.339	3.723	100.17	2.77	-49.48	-62.820	23.513	-53.173	0.55518	0.68124	-0.35733	-0.31604	25.5	null	null	13113	60
2026-05-27T17:18:59.864	WT901BLE68(F3:F0:16:BF:DC:AE)	-0.041	0.986	-0.173	2.808	-35.889	3.235	100.46	2.96	-52.71	-62.820	23.513	-53.173	0.56525	0.69675	-0.32419	-0.29968	25.5	null	null	13113	60
2026-05-27T17:18:59.985	WT901BLE68(F3:F0:16:BF:DC:AE)	-0.090	0.979	-0.187	1.892	-35.400	7.568	100.49	2.98	-55.99	-62.820	23.513	-53.173	0.56525	0.69675	-0.32419	-0.29968	25.5	null	null	13113	60
2026-05-27T17:19:00.080	WT901BLE68(F3:F0:16:BF:DC:AE)	-0.075	0.988	-0.204	1.343	-42.969	14.587	100.50	2.69	-60.25	-62.820	23.513	-53.173	0.56525	0.69675	-0.32419	-0.29968	25.5	null	null	13113	60
2026-05-27T17:19:00.199	WT901BLE68(F3:F0:16:BF:DC:AE)	-0.033	0.985	-0.172	-0.793	-45.471	16.113	100.28	1.93	-64.39	-62.820	23.513	-53.173	0.56525	0.69675	-0.32419	-0.29968	25.5	null	null	13113	60
2026-05-27T17:19:00.283	WT901BLE68(F3:F0:16:BF:DC:AE)	0.089	1.009	-0.085	-0.916	-29.297	9.094	100.00	1.40	-68.06	-62.820	23.513	-53.173	0.56525	0.69675	-0.32419	-0.29968	25.5	null	null	13113	60
2026-05-27T17:19:00.407	WT901BLE68(F3:F0:16:BF:DC:AE)	-0.005	0.991	-0.148	-2.869	-9.583	4.395	99.57	0.86	-69.10	-62.820	23.513	-53.173	0.56525	0.69675	-0.32419	-0.29968	25.5	null	null	13113	60
2026-05-27T17:19:00.462	WT901BLE68(F3:F0:16:BF:DC:AE)	0.007	0.976	-0.163	-2.563	-2.197	3.235	99.24	0.50	-69.52	-62.820	23.513	-53.173	0.56525	0.69675	-0.32419	-0.29968	25.5	null	null	13113	60
2026-05-27T17:19:00.584	WT901BLE68(F3:F0:16:BF:DC:AE)	0.072	0.979	-0.169	3.357	13.489	-2.808	99.21	0.25	-68.90	-62.820	23.513	-53.173	0.56525	0.69675	-0.32419	-0.29968	25.5	null	null	13113	60
2026-05-27T17:19:00.673	WT901BLE68(F3:F0:16:BF:DC:AE)	0.015	0.996	-0.136	5.432	36.865	-8.789	99.72	0.29	-65.88	-66.100	28.207	-38.287	0.56525	0.69675	-0.32419	-0.29968	25.5	null	null	13113	60
2026-05-27T17:19:00.795	WT901BLE68(F3:F0:16:BF:DC:AE)	-0.028	0.987	-0.174	1.831	32.593	-7.263	100.01	0.36	-62.20	-66.100	28.207	-38.287	0.56525	0.69675	-0.32419	-0.29968	25.5	null	null	13113	60
2026-05-27T17:19:00.885	WT901BLE68(F3:F0:16:BF:DC:AE)	0.027	0.992	-0.136	5.554	31.677	-8.118	100.31	0.59	-58.93	-66.100	28.207	-38.287	0.55249	0.66275	-0.38525	-0.32709	25.5	null	null	13113	60
2026-05-27T17:19:01.005	WT901BLE68(F3:F0:16:BF:DC:AE)	0.025	0.997	-0.154	6.775	41.443	-11.108	100.93	0.81	-55.41	-66.100	28.207	-38.287	0.55249	0.66275	-0.38525	-0.32709	25.5	null	null	13113	60
2026-05-27T17:19:01.064	WT901BLE68(F3:F0:16:BF:DC:AE)	-0.052	0.978	-0.208	0.854	34.485	-6.348	101.29	0.81	-51.04	-66.100	28.207	-38.287	0.55249	0.66275	-0.38525	-0.32709	25.5	null	null	13113	60
2026-05-27T17:19:01.217	WT901BLE68(F3:F0:16:BF:DC:AE)	-0.047	0.972	-0.253	-1.648	19.714	-2.502	101.33	0.76	-48.68	-66.100	28.207	-38.287	0.55249	0.66275	-0.38525	-0.32709	25.5	null	null	13113	60
2026-05-27T17:19:01.272	WT901BLE68(F3:F0:16:BF:DC:AE)	-0.023	0.979	-0.224	-4.456	1.831	-0.610	101.27	0.80	-47.79	-66.100	28.207	-38.287	0.55249	0.66275	-0.38525	-0.32709	25.5	null	null	13113	60
2026-05-27T17:19:01.396	WT901BLE68(F3:F0:16:BF:DC:AE)	-0.047	0.995	-0.226	-9.583	-4.028	0.671	100.85	0.86	-48.14	-66.100	28.207	-38.287	0.55249	0.66275	-0.38525	-0.32709	25.5	null	null	13113	60
2026-05-27T17:19:01.486	WT901BLE68(F3:F0:16:BF:DC:AE)	-0.039	0.969	-0.228	0.488	-14.343	1.404	100.33	1.00	-49.32	-66.100	28.207	-38.287	0.55249	0.66275	-0.38525	-0.32709	25.5	null	null	13113	60
2026-05-27T17:19:01.608	WT901BLE68(F3:F0:16:BF:DC:AE)	-0.013	0.968	-0.246	7.751	-20.020	0.488	100.96	1.27	-51.27	-62.113	24.840	-52.367	0.55249	0.66275	-0.38525	-0.32709	25.5	null	null	13113	60
2026-05-27T17:19:01.693	WT901BLE68(F3:F0:16:BF:DC:AE)	-0.044	0.977	-0.234	7.935	-20.203	1.709	101.85	1.64	-53.30	-62.113	24.840	-52.367	0.55249	0.66275	-0.38525	-0.32709	25.5	null	null	13113	60
2026-05-27T17:19:01.813	WT901BLE68(F3:F0:16:BF:DC:AE)	-0.039	1.001	-0.164	0.122	-28.809	7.446	102.23	1.80	-55.91	-62.113	24.840	-52.367	0.55432	0.69662	-0.34537	-0.29675	25.5	null	null	13113	60
2026-05-27T17:19:01.875	WT901BLE68(F3:F0:16:BF:DC:AE)	-0.014	0.988	-0.190	-3.418	-29.114	10.193	101.79	1.59	-58.91	-62.113	24.840	-52.367	0.55432	0.69662	-0.34537	-0.29675	25.5	null	null	13113	60
2026-05-27T17:19:01.993	WT901BLE68(F3:F0:16:BF:DC:AE)	-0.056	0.979	-0.201	-5.798	-32.471	11.169	101.21	1.14	-61.78	-62.113	24.840	-52.367	0.55432	0.69662	-0.34537	-0.29675	25.5	null	null	13113	60
2026-05-27T17:19:02.086	WT901BLE68(F3:F0:16:BF:DC:AE)	0.081	0.979	-0.170	-3.174	-30.029	7.202	100.61	0.92	-65.36	-62.113	24.840	-52.367	0.55432	0.69662	-0.34537	-0.29675	25.5	null	null	13113	60
2026-05-27T17:19:02.205	WT901BLE68(F3:F0:16:BF:DC:AE)	0.046	1.003	-0.133	0.854	-0.488	0.244	100.52	0.71	-66.34	-62.113	24.840	-52.367	0.55432	0.69662	-0.34537	-0.29675	25.5	null	null	13113	60
2026-05-27T17:19:02.292	WT901BLE68(F3:F0:16:BF:DC:AE)	0.000	0.992	-0.174	-2.441	1.404	-0.244	100.31	0.60	-66.16	-62.113	24.840	-52.367	0.55432	0.69662	-0.34537	-0.29675	25.5	null	null	13113	60
2026-05-27T17:19:02.415	WT901BLE68(F3:F0:16:BF:DC:AE)	-0.003	0.976	-0.188	-0.122	6.531	-1.404	100.10	0.58	-65.58	-62.113	24.840	-52.367	0.55432	0.69662	-0.34537	-0.29675	25.5	null	null	13113	60
2026-05-27T17:19:02.473	WT901BLE68(F3:F0:16:BF:DC:AE)	0.041	0.982	-0.150	3.113	21.851	-6.348	100.30	0.67	-63.94	-66.153	27.007	-40.920	0.55432	0.69662	-0.34537	-0.29675	25.5	null	null	13113	60
2026-05-27T17:19:02.593	WT901BLE68(F3:F0:16:BF:DC:AE)	-0.003	1.000	-0.149	1.648	38.330	-9.766	100.55	0.78	-60.45	-66.153	27.007	-40.920	0.55432	0.69662	-0.34537	-0.29675	25.5	null	null	13113	60
2026-05-27T17:19:02.682	WT901BLE68(F3:F0:16:BF:DC:AE)	-0.043	0.987	-0.190	-1.404	26.245	-6.592	100.42	0.93	-57.19	-66.153	27.007	-40.920	0.55255	0.67065	-0.37650	-0.32101	25.5	null	null	13113	60
2026-05-27T17:19:02.809	WT901BLE68(F3:F0:16:BF:DC:AE)	-0.031	0.982	-0.172	-2.380	29.480	-6.531	100.26	1.05	-54.34	-66.153	27.007	-40.920	0.55255	0.67065	-0.37650	-0.32101	25.5	null	null	13113	60
2026-05-27T17:19:02.892	WT901BLE68(F3:F0:16:BF:DC:AE)	-0.014	0.977	-0.197	2.930	29.358	-5.798	100.33	1.11	-51.47	-66.153	27.007	-40.920	0.55255	0.67065	-0.37650	-0.32101	25.5	null	null	13113	60
2026-05-27T17:19:03.017	WT901BLE68(F3:F0:16:BF:DC:AE)	0.014	0.987	-0.182	2.686	28.320	-5.920	100.60	1.18	-48.74	-66.153	27.007	-40.920	0.55255	0.67065	-0.37650	-0.32101	25.5	null	null	13113	60
2026-05-27T17:19:03.104	WT901BLE68(F3:F0:16:BF:DC:AE)	-0.050	0.978	-0.210	-0.305	31.494	-6.104	100.76	1.14	-45.87	-66.153	27.007	-40.920	0.55255	0.67065	-0.37650	-0.32101	25.5	null	null	13113	60
2026-05-27T17:19:03.225	WT901BLE68(F3:F0:16:BF:DC:AE)	-0.123	0.969	-0.268	-1.770	11.658	-0.671	100.79	1.08	-43.87	-66.153	27.007	-40.920	0.55255	0.67065	-0.37650	-0.32101	25.5	null	null	13113	60
2026-05-27T17:19:03.283	WT901BLE68(F3:F0:16:BF:DC:AE)	-0.059	0.965	-0.276	0.732	-9.949	2.197	100.85	1.14	-44.39	-66.153	27.007	-40.920	0.55255	0.67065	-0.37650	-0.32101	25.5	null	null	13113	60
2026-05-27T17:19:03.406	WT901BLE68(F3:F0:16:BF:DC:AE)	-0.053	0.989	-0.199	3.235	-14.038	0.854	101.28	1.38	-45.96	-60.300	23.573	-56.060	0.55255	0.67065	-0.37650	-0.32101	25.5	null	null	13113	60
2026-05-27T17:19:03.493	WT901BLE68(F3:F0:16:BF:DC:AE)	-0.003	0.974	-0.218	4.639	-22.583	3.418	101.73	1.63	-48.31	-60.300	23.573	-56.060	0.55255	0.67065	-0.37650	-0.32101	25.5	null	null	13113	60
2026-05-27T17:19:03.615	WT901BLE68(F3:F0:16:BF:DC:AE)	0.002	0.974	-0.214	8.911	-8.362	-0.366	102.41	1.80	-50.01	-60.300	23.573	-56.060	0.56906	0.71051	-0.31274	-0.27100	25.5	null	null	13113	60
2026-05-27T17:19:03.704	WT901BLE68(F3:F0:16:BF:DC:AE)	-0.035	1.011	-0.110	1.038	-24.536	3.479	102.74	1.96	-51.55	-60.300	23.573	-56.060	0.56906	0.71051	-0.31274	-0.27100	25.5	null	null	13113	60
2026-05-27T17:19:03.825	WT901BLE68(F3:F0:16:BF:DC:AE)	-0.046	0.975	-0.206	-5.432	-28.198	7.751	102.07	1.93	-54.57	-60.300	23.573	-56.060	0.56906	0.71051	-0.31274	-0.27100	25.5	null	null	13113	60
2026-05-27T17:19:03.888	WT901BLE68(F3:F0:16:BF:DC:AE)	-0.110	0.976	-0.234	-4.395	-24.719	10.254	101.47	1.53	-56.92	-60.300	23.573	-56.060	0.56906	0.71051	-0.31274	-0.27100	25.5	null	null	13113	60
2026-05-27T17:19:04.004	WT901BLE68(F3:F0:16:BF:DC:AE)	-0.047	0.980	-0.180	-7.813	-44.739	15.625	100.79	1.01	-60.77	-60.300	23.573	-56.060	0.56906	0.71051	-0.31274	-0.27100	25.5	null	null	13113	60
2026-05-27T17:19:04.096	WT901BLE68(F3:F0:16:BF:DC:AE)	0.054	0.980	-0.149	-4.639	-30.396	8.545	100.03	0.48	-64.66	-60.300	23.573	-56.060	0.56906	0.71051	-0.31274	-0.27100	25.5	null	null	13113	60
2026-05-27T17:19:04.214	WT901BLE68(F3:F0:16:BF:DC:AE)	0.015	0.993	-0.130	-2.197	-15.625	4.761	99.74	0.19	-66.46	-60.300	23.573	-56.060	0.56906	0.71051	-0.31274	-0.27100	25.5	null	null	13113	60
2026-05-27T17:19:04.305	WT901BLE68(F3:F0:16:BF:DC:AE)	0.033	0.982	-0.162	-1.953	-3.296	1.770	99.44	-0.03	-67.34	-65.487	27.707	-40.187	0.56906	0.71051	-0.31274	-0.27100	25.5	null	null	13113	60
2026-05-27T17:19:04.426	WT901BLE68(F3:F0:16:BF:DC:AE)	0.062	0.982	-0.153	4.700	29.297	-8.728	99.61	0.01	-65.56	-65.487	27.707	-40.187	0.56906	0.71051	-0.31274	-0.27100	25.5	null	null	13113	60
2026-05-27T17:19:04.514	WT901BLE68(F3:F0:16:BF:DC:AE)	0.000	0.994	-0.164	3.174	37.109	-12.695	100.04	0.42	-61.65	-65.487	27.707	-40.187	0.54617	0.65063	-0.40277	-0.34061	25.5	null	null	13113	60
2026-05-27T17:19:04.638	WT901BLE68(F3:F0:16:BF:DC:AE)	-0.039	0.991	-0.175	-0.305	34.424	-8.545	100.10	0.76	-58.07	-65.487	27.707	-40.187	0.54617	0.65063	-0.40277	-0.34061	25.5	null	null	13113	60
2026-05-27T17:19:04.692	WT901BLE68(F3:F0:16:BF:DC:AE)	-0.041	0.989	-0.179	2.441	23.621	-7.813	100.27	1.06	-55.27	-65.487	27.707	-40.187	0.54617	0.65063	-0.40277	-0.34061	25.5	null	null	13113	60
2026-05-27T17:19:04.818	WT901BLE68(F3:F0:16:BF:DC:AE)	-0.005	0.987	-0.155	4.089	26.917	-7.507	100.64	1.36	-52.80	-65.487	27.707	-40.187	0.54617	0.65063	-0.40277	-0.34061	25.5	null	null	13113	60
2026-05-27T17:19:04.903	WT901BLE68(F3:F0:16:BF:DC:AE)	-0.072	0.985	-0.200	0.916	23.621	-5.432	100.81	1.48	-50.36	-65.487	27.707	-40.187	0.54617	0.65063	-0.40277	-0.34061	25.5	null	null	13113	60
2026-05-27T17:19:05.024	WT901BLE68(F3:F0:16:BF:DC:AE)	-0.082	0.978	-0.238	-2.258	7.019	-1.099	100.77	1.52	-49.17	-65.487	27.707	-40.187	0.54617	0.65063	-0.40277	-0.34061	25.5	null	null	13113	60
2026-05-27T17:19:05.119	WT901BLE68(F3:F0:16:BF:DC:AE)	-0.053	0.972	-0.234	-3.418	-7.813	0.671	100.46	1.70	-49.96	-65.487	27.707	-40.187	0.54617	0.65063	-0.40277	-0.34061	25.5	null	null	13113	60
2026-05-27T17:19:05.232	WT901BLE68(F3:F0:16:BF:DC:AE)	-0.079	0.992	-0.180	-1.526	-7.996	1.953	100.36	1.78	-50.88	-62.620	23.567	-51.593	0.54617	0.65063	-0.40277	-0.34061	25.5	null	null	13113	60
2026-05-27T17:19:05.295	WT901BLE68(F3:F0:16:BF:DC:AE)	-0.033	0.989	-0.159	-2.380	-22.705	6.958	100.24	1.70	-52.84	-62.620	23.567	-51.593	0.54617	0.65063	-0.40277	-0.34061	25.5	null	null	13113	60
2026-05-27T17:19:05.415	WT901BLE68(F3:F0:16:BF:DC:AE)	0.014	0.979	-0.178	0.122	-14.893	3.601	100.16	1.57	-55.16	-62.620	23.567	-51.593	0.56848	0.69046	-0.33453	-0.29678	25.5	null	null	13113	60
2026-05-27T17:19:05.503	WT901BLE68(F3:F0:16:BF:DC:AE)	-0.037	0.982	-0.175	2.930	-13.428	1.709	100.29	1.53	-56.37	-62.620	23.567	-51.593	0.56848	0.69046	-0.33453	-0.29678	25.5	null	null	13113	60
2026-05-27T17:19:05.623	WT901BLE68(F3:F0:16:BF:DC:AE)	-0.043	0.980	-0.211	4.456	-23.376	3.967	100.60	1.61	-58.36	-62.620	23.567	-51.593	0.56848	0.69046	-0.33453	-0.29678	25.5	null	null	13113	60
2026-05-27T17:19:05.713	WT901BLE68(F3:F0:16:BF:DC:AE)	-0.063	0.993	-0.192	0.610	-19.958	7.690	100.79	1.44	-60.20	-62.620	23.567	-51.593	0.56848	0.69046	-0.33453	-0.29678	25.5	null	null	13113	60
2026-05-27T17:19:05.833	WT901BLE68(F3:F0:16:BF:DC:AE)	0.034	0.985	-0.167	-3.967	-40.283	11.169	100.51	1.18	-63.48	-62.620	23.567	-51.593	0.56848	0.69046	-0.33453	-0.29678	25.5	null	null	13113	60
2026-05-27T17:19:05.925	WT901BLE68(F3:F0:16:BF:DC:AE)	0.044	0.992	-0.136	0.122	-16.724	3.601	100.25	0.94	-65.99	-62.620	23.567	-51.593	0.56848	0.69046	-0.33453	-0.29678	25.5	null	null	13113	60
2026-05-27T17:19:06.045	WT901BLE68(F3:F0:16:BF:DC:AE)	-0.012	0.984	-0.176	-3.967	-10.864	2.869	99.93	0.77	-66.84	-62.620	23.567	-51.593	0.56848	0.69046	-0.33453	-0.29678	25.5	null	null	13113	60
2026-05-27T17:19:06.102	WT901BLE68(F3:F0:16:BF:DC:AE)	0.006	0.987	-0.151	-2.258	1.282	1.038	99.57	0.62	-67.08	-66.947	27.793	-40.647	0.56848	0.69046	-0.33453	-0.29678	25.5	null	null	13113	60
2026-05-27T17:19:06.226	WT901BLE68(F3:F0:16:BF:DC:AE)	0.065	0.994	-0.124	1.526	21.790	-6.042	99.59	0.59	-65.93	-66.947	27.793	-40.647	0.56848	0.69046	-0.33453	-0.29678	25.5	null	null	13113	60
2026-05-27T17:19:06.312	WT901BLE68(F3:F0:16:BF:DC:AE)	-0.001	0.986	-0.172	2.014	36.560	-8.911	99.77	0.69	-62.55	-66.947	27.793	-40.647	0.54486	0.65054	-0.40112	-0.34479	25.5	null	null	13113	60
2026-05-27T17:19:06.435	WT901BLE68(F3:F0:16:BF:DC:AE)	-0.037	0.971	-0.234	2.380	27.039	-8.972	99.98	0.90	-59.06	-66.947	27.793	-40.647	0.54486	0.65054	-0.40112	-0.34479	25.5	null	null	13113	60
2026-05-27T17:19:06.528	WT901BLE68(F3:F0:16:BF:DC:AE)	-0.041	0.984	-0.174	2.197	24.719	-6.592	100.38	1.30	-56.35	-66.947	27.793	-40.647	0.54486	0.65054	-0.40112	-0.34479	25.5	null	null	13113	60
2026-05-27T17:19:06.645	WT901BLE68(F3:F0:16:BF:DC:AE)	-0.017	0.983	-0.157	1.892	20.935	-5.676	100.72	1.51	-54.10	-66.947	27.793	-40.647	0.54486	0.65054	-0.40112	-0.34479	25.5	null	null	13113	60
2026-05-27T17:19:06.704	WT901BLE68(F3:F0:16:BF:DC:AE)	-0.017	0.986	-0.179	0.732	22.400	-5.249	100.93	1.64	-52.05	-66.947	27.793	-40.647	0.54486	0.65054	-0.40112	-0.34479	25.5	null	null	13113	60
2026-05-27T17:19:06.825	WT901BLE68(F3:F0:16:BF:DC:AE)	-0.083	0.982	-0.227	-1.770	12.695	-3.052	100.91	1.71	-50.11	-66.947	27.793	-40.647	0.54486	0.65054	-0.40112	-0.34479	25.5	null	null	13113	60
2026-05-27T17:19:06.917	WT901BLE68(F3:F0:16:BF:DC:AE)	-0.080	0.974	-0.245	-3.662	-9.155	1.892	100.72	1.86	-50.18	-66.947	27.793	-40.647	0.54486	0.65054	-0.40112	-0.34479	25.5	null	null	13113	60
2026-05-27T17:19:07.036	WT901BLE68(F3:F0:16:BF:DC:AE)	-0.025	0.972	-0.207	1.038	-5.371	1.953	100.72	1.92	-51.30	-63.440	23.633	-51.400	0.54486	0.65054	-0.40112	-0.34479	25.5	null	null	13113	60
2026-05-27T17:19:07.125	WT901BLE68(F3:F0:16:BF:DC:AE)	-0.035	0.990	-0.159	3.723	-9.216	2.319	101.07	1.87	-51.89	-63.440	23.633	-51.400	0.54486	0.65054	-0.40112	-0.34479	25.5	null	null	13113	60
2026-05-27T17:19:07.248	WT901BLE68(F3:F0:16:BF:DC:AE)	-0.031	0.988	-0.182	-2.625	-22.400	4.028	101.05	1.87	-53.54	-63.440	23.633	-51.400	0.56445	0.69800	-0.33081	-0.29095	25.5	null	null	13113	60
2026-05-27T17:19:07.334	WT901BLE68(F3:F0:16:BF:DC:AE)	-0.045	0.979	-0.191	-3.235	-21.667	4.822	100.57	1.85	-55.82	-63.440	23.633	-51.400	0.56445	0.69800	-0.33081	-0.29095	25.5	null	null	13113	60
2026-05-27T17:19:07.469	WT901BLE68(F3:F0:16:BF:DC:AE)	-0.054	0.987	-0.204	-0.183	-24.414	6.470	100.34	1.73	-58.08	-63.440	23.633	-51.400	0.56445	0.69800	-0.33081	-0.29095	25.5	null	null	13113	60
2026-05-27T17:19:07.513	WT901BLE68(F3:F0:16:BF:DC:AE)	-0.060	0.973	-0.222	1.709	-26.917	8.545	100.47	1.57	-60.84	-63.440	23.633	-51.400	0.56445	0.69800	-0.33081	-0.29095	25.5	null	null	13113	60
2026-05-27T17:19:07.638	WT901BLE68(F3:F0:16:BF:DC:AE)	0.031	1.005	-0.133	-0.916	-33.630	8.606	100.56	1.40	-64.04	-63.440	23.633	-51.400	0.56445	0.69800	-0.33081	-0.29095	25.5	null	null	13113	60
2026-05-27T17:19:07.724	WT901BLE68(F3:F0:16:BF:DC:AE)	0.028	1.002	-0.105	-4.761	-15.808	6.653	100.06	1.01	-66.25	-63.440	23.633	-51.400	0.56445	0.69800	-0.33081	-0.29095	25.5	null	null	13113	60
2026-05-27T17:19:07.844	WT901BLE68(F3:F0:16:BF:DC:AE)	0.013	0.980	-0.192	-2.258	-7.996	2.136	99.49	0.68	-67.26	-63.440	23.633	-51.400	0.56445	0.69800	-0.33081	-0.29095	25.5	null	null	13113	60
2026-05-27T17:19:07.937	WT901BLE68(F3:F0:16:BF:DC:AE)	-0.008	0.980	-0.170	0.916	2.869	-0.610	99.38	0.58	-67.23	-67.213	26.927	-38.947	0.56445	0.69800	-0.33081	-0.29095	25.5	null	null	13113	60
2026-05-27T17:19:08.053	WT901BLE68(F3:F0:16:BF:DC:AE)	0.019	0.990	-0.146	4.028	19.531	-5.920	99.68	0.67	-66.01	-67.213	26.927	-38.947	0.56445	0.69800	-0.33081	-0.29095	25.5	null	null	13113	60
2026-05-27T17:19:08.116	WT901BLE68(F3:F0:16:BF:DC:AE)	-0.012	1.002	-0.145	2.014	34.485	-8.118	100.09	0.85	-63.02	-67.213	26.927	-38.947	0.54065	0.64902	-0.40594	-0.34866	25.5	null	null	13113	60
2026-05-27T17:19:08.233	WT901BLE68(F3:F0:16:BF:DC:AE)	-0.032	0.982	-0.200	-0.732	25.330	-5.249	100.01	0.91	-59.66	-67.213	26.927	-38.947	0.54065	0.64902	-0.40594	-0.34866	25.5	null	null	13113	60
2026-05-27T17:19:08.325	WT901BLE68(F3:F0:16:BF:DC:AE)	-0.002	0.977	-0.190	2.258	31.311	-5.005	100.11	0.99	-57.07	-67.213	26.927	-38.947	0.54065	0.64902	-0.40594	-0.34866	25.5	null	null	13113	60
2026-05-27T17:19:08.448	WT901BLE68(F3:F0:16:BF:DC:AE)	0.003	0.992	-0.164	5.249	28.381	-6.897	100.61	1.03	-53.99	-67.213	26.927	-38.947	0.54065	0.64902	-0.40594	-0.34866	25.5	null	null	13113	60
2026-05-27T17:19:08.534	WT901BLE68(F3:F0:16:BF:DC:AE)	0.010	0.998	-0.156	4.944	34.241	-8.484	101.23	1.15	-50.87	-67.213	26.927	-38.947	0.54065	0.64902	-0.40594	-0.34866	25.5	null	null	13113	60
2026-05-27T17:19:08.659	WT901BLE68(F3:F0:16:BF:DC:AE)	-0.032	0.993	-0.213	1.221	25.024	-6.897	101.57	1.29	-48.05	-67.213	26.927	-38.947	0.54065	0.64902	-0.40594	-0.34866	25.5	null	null	13113	60
2026-05-27T17:19:08.742	WT901BLE68(F3:F0:16:BF:DC:AE)	-0.103	0.973	-0.246	-4.456	1.892	0.427	101.40	1.30	-46.76	-67.213	26.927	-38.947	0.54065	0.64902	-0.40594	-0.34866	25.5	null	null	13113	60
2026-05-27T17:19:08.868	WT901BLE68(F3:F0:16:BF:DC:AE)	-0.036	0.967	-0.220	-5.066	-15.259	3.174	100.94	1.37	-48.01	-61.633	23.427	-53.907	0.54065	0.64902	-0.40594	-0.34866	25.5	null	null	13113	60
2026-05-27T17:19:08.924	WT901BLE68(F3:F0:16:BF:DC:AE)	-0.007	0.972	-0.209	-0.122	-6.165	1.343	100.76	1.40	-49.38	-61.633	23.427	-53.907	0.54065	0.64902	-0.40594	-0.34866	25.5	null	null	13113	60
2026-05-27T17:19:09.046	WT901BLE68(F3:F0:16:BF:DC:AE)	-0.043	0.976	-0.220	0.671	-11.108	1.526	100.99	1.44	-50.23	-61.633	23.427	-53.907	0.57501	0.70288	-0.31528	-0.27527	25.5	null	null	13113	60
2026-05-27T17:19:09.133	WT901BLE68(F3:F0:16:BF:DC:AE)	-0.034	0.975	-0.213	0.000	-23.987	3.296	101.07	1.59	-52.33	-61.633	23.427	-53.907	0.57501	0.70288	-0.31528	-0.27527	25.5	null	null	13113	60
2026-05-27T17:19:09.258	WT901BLE68(F3:F0:16:BF:DC:AE)	-0.056	0.969	-0.227	4.639	-24.292	3.357	101.37	1.78	-54.87	-61.633	23.427	-53.907	0.57501	0.70288	-0.31528	-0.27527	25.5	null	null	13113	60
2026-05-27T17:19:09.345	WT901BLE68(F3:F0:16:BF:DC:AE)	-0.042	0.988	-0.193	3.662	-26.184	7.019	101.80	1.83	-57.32	-61.633	23.427	-53.907	0.57501	0.70288	-0.31528	-0.27527	25.5	null	null	13113	60
2026-05-27T17:19:09.464	WT901BLE68(F3:F0:16:BF:DC:AE)	0.009	1.002	-0.144	-3.540	-33.508	11.047	101.63	1.64	-60.48	-61.633	23.427	-53.907	0.57501	0.70288	-0.31528	-0.27527	25.5	null	null	13113	60
2026-05-27T17:19:09.529	WT901BLE68(F3:F0:16:BF:DC:AE)	0.025	0.982	-0.183	-3.113	-29.724	7.690	101.01	1.32	-63.69	-61.633	23.427	-53.907	0.57501	0.70288	-0.31528	-0.27527	25.5	null	null	13113	60
2026-05-27T17:19:09.645	WT901BLE68(F3:F0:16:BF:DC:AE)	0.000	0.992	-0.154	-0.366	-2.502	1.709	100.79	1.04	-64.63	-61.633	23.427	-53.907	0.57501	0.70288	-0.31528	-0.27527	25.5	null	null	13113	60
2026-05-27T17:19:09.733	WT901BLE68(F3:F0:16:BF:DC:AE)	-0.029	0.980	-0.190	-2.991	-9.399	3.418	100.54	0.82	-64.97	-66.527	26.153	-43.113	0.57501	0.70288	-0.31528	-0.27527	25.5	null	null	13113	60
2026-05-27T17:19:09.857	WT901BLE68(F3:F0:16:BF:DC:AE)	0.055	0.985	-0.169	-0.244	10.071	-1.038	100.27	0.63	-64.84	-66.527	26.153	-43.113	0.57501	0.70288	-0.31528	-0.27527	25.5	null	null	13113	60
2026-05-27T17:19:09.943	WT901BLE68(F3:F0:16:BF:DC:AE)	0.010	0.987	-0.168	-0.122	30.090	-5.981	100.24	0.55	-62.30	-66.527	26.153	-43.113	0.54144	0.65247	-0.40405	-0.34317	25.5	null	null	13113	60
2026-05-27T17:19:10.067	WT901BLE68(F3:F0:16:BF:DC:AE)	-0.042	0.980	-0.205	-0.183	24.963	-6.531	100.16	0.64	-59.26	-66.527	26.153	-43.113	0.54144	0.65247	-0.40405	-0.34317	25.5	null	null	13113	60
2026-05-27T17:19:10.160	WT901BLE68(F3:F0:16:BF:DC:AE)	0.006	0.989	-0.173	3.540	24.475	-7.202	100.40	0.92	-57.08	-66.527	26.153	-43.113	0.54144	0.65247	-0.40405	-0.34317	25.5	null	null	13113	60
2026-05-27T17:19:10.273	WT901BLE68(F3:F0:16:BF:DC:AE)	-0.018	0.983	-0.178	2.991	32.715	-6.592	100.69	1.03	-53.98	-66.527	26.153	-43.113	0.54144	0.65247	-0.40405	-0.34317	25.5	null	null	13113	60
2026-05-27T17:19:10.330	WT901BLE68(F3:F0:16:BF:DC:AE)	-0.026	0.978	-0.214	4.150	24.414	-6.348	101.07	1.12	-51.33	-66.527	26.153	-43.113	0.54144	0.65247	-0.40405	-0.34317	25.5	null	null	13113	60
2026-05-27T17:19:10.457	WT901BLE68(F3:F0:16:BF:DC:AE)	-0.032	0.980	-0.211	3.174	20.081	-4.761	101.57	1.27	-49.18	-66.527	26.153	-43.113	0.54144	0.65247	-0.40405	-0.34317	25.5	null	null	13113	60
2026-05-27T17:19:10.547	WT901BLE68(F3:F0:16:BF:DC:AE)	-0.075	0.977	-0.244	-0.366	2.502	0.549	101.72	1.31	-48.28	-66.527	26.153	-43.113	0.54144	0.65247	-0.40405	-0.34317	25.5	null	null	13113	60
2026-05-27T17:19:10.663	WT901BLE68(F3:F0:16:BF:DC:AE)	-0.028	0.972	-0.254	-1.038	-10.071	3.052	101.73	1.29	-49.11	-61.900	23.100	-53.467	0.54144	0.65247	-0.40405	-0.34317	25.5	null	null	13113	60
2026-05-27T17:19:10.757	WT901BLE68(F3:F0:16:BF:DC:AE)	-0.018	0.986	-0.181	1.770	-7.996	1.221	101.83	1.32	-50.28	-61.900	23.100	-53.467	0.54144	0.65247	-0.40405	-0.34317	25.5	null	null	13113	60
2026-05-27T17:19:10.873	WT901BLE68(F3:F0:16:BF:DC:AE)	0.007	0.993	-0.161	0.488	-12.878	1.892	101.88	1.38	-51.45	-61.900	23.100	-53.467	0.56552	0.70511	-0.32535	-0.27759	25.5	null	null	13113	60
2026-05-27T17:19:10.932	WT901BLE68(F3:F0:16:BF:DC:AE)	-0.045	0.973	-0.223	-4.822	-22.522	3.479	101.41	1.43	-53.44	-61.900	23.100	-53.467	0.56552	0.70511	-0.32535	-0.27759	25.5	null	null	13113	60
2026-05-27T17:19:11.056	WT901BLE68(F3:F0:16:BF:DC:AE)	-0.053	0.970	-0.237	-1.465	-25.513	4.333	101.05	1.53	-55.94	-61.900	23.100	-53.467	0.56552	0.70511	-0.32535	-0.27759	25.5	null	null	13113	60
2026-05-27T17:19:11.146	WT901BLE68(F3:F0:16:BF:DC:AE)	-0.056	0.982	-0.206	-0.916	-27.161	7.080	100.89	1.52	-58.57	-61.900	23.100	-53.467	0.56552	0.70511	-0.32535	-0.27759	25.5	null	null	13113	60
2026-05-27T17:19:11.265	WT901BLE68(F3:F0:16:BF:DC:AE)	-0.023	0.990	-0.194	-2.441	-35.767	8.484	100.71	1.48	-61.86	-61.900	23.100	-53.467	0.56552	0.70511	-0.32535	-0.27759	25.5	null	null	13113	60
2026-05-27T17:19:11.360	WT901BLE68(F3:F0:16:BF:DC:AE)	0.025	0.993	-0.158	-3.113	-22.583	6.531	100.38	1.26	-64.63	-61.900	23.100	-53.467	0.56552	0.70511	-0.32535	-0.27759	25.5	null	null	13113	60
2026-05-27T17:19:11.477	WT901BLE68(F3:F0:16:BF:DC:AE)	0.014	0.991	-0.144	-5.249	-12.939	4.089	99.89	1.00	-66.04	-61.900	23.100	-53.467	0.56552	0.70511	-0.32535	-0.27759	25.5	null	null	13113	60
2026-05-27T17:19:11.564	WT901BLE68(F3:F0:16:BF:DC:AE)	0.010	0.970	-0.189	-1.404	6.165	-2.380	99.51	0.87	-66.13	-66.427	27.247	-40.440	0.56552	0.70511	-0.32535	-0.27759	25.5	null	null	13113	60
2026-05-27T17:19:11.684	WT901BLE68(F3:F0:16:BF:DC:AE)	-0.005	0.990	-0.141	1.343	9.277	-5.981	99.61	1.06	-65.04	-66.427	27.247	-40.440	0.56552	0.70511	-0.32535	-0.27759	25.5	null	null	13113	60
2026-05-27T17:19:11.742	WT901BLE68(F3:F0:16:BF:DC:AE)	-0.063	0.982	-0.156	-1.282	13.062	-6.470	99.61	1.37	-63.50	-66.427	27.247	-40.440	0.54190	0.65042	-0.40060	-0.35025	25.5	null	null	13113	60
2026-05-27T17:19:11.863	WT901BLE68(F3:F0:16:BF:DC:AE)	-0.037	0.989	-0.174	0.977	18.066	-6.226	99.59	1.77	-61.90	-66.427	27.247	-40.440	0.54190	0.65042	-0.40060	-0.35025	25.5	null	null	13113	60
2026-05-27T17:19:11.956	WT901BLE68(F3:F0:16:BF:DC:AE)	0.049	0.978	-0.175	4.333	34.302	-10.376	99.87	2.07	-59.11	-66.427	27.247	-40.440	0.54190	0.65042	-0.40060	-0.35025	25.5	null	null	13113	60
2026-05-27T17:19:12.075	WT901BLE68(F3:F0:16:BF:DC:AE)	-0.044	0.983	-0.156	5.249	48.218	-15.442	100.37	2.42	-54.65	-66.427	27.247	-40.440	0.54190	0.65042	-0.40060	-0.35025	25.5	null	null	13113	60
2026-05-27T17:19:12.163	WT901BLE68(F3:F0:16:BF:DC:AE)	-0.039	0.999	-0.140	-1.038	35.095	-11.169	100.78	2.89	-50.28	-66.427	27.247	-40.440	0.54190	0.65042	-0.40060	-0.35025	25.5	null	null	13113	60
2026-05-27T17:19:12.283	WT901BLE68(F3:F0:16:BF:DC:AE)	-0.055	0.978	-0.208	-3.967	42.664	-10.620	100.56	3.19	-46.72	-66.427	27.247	-40.440	0.54190	0.65042	-0.40060	-0.35025	25.5	null	null	13113	60
2026-05-27T17:19:12.343	WT901BLE68(F3:F0:16:BF:DC:AE)	-0.197	0.977	-0.218	-8.484	24.658	-5.127	100.27	3.40	-43.19	-66.427	27.247	-40.440	0.54190	0.65042	-0.40060	-0.35025	25.5	null	null	13113	60
2026-05-27T17:19:12.462	WT901BLE68(F3:F0:16:BF:DC:AE)	-0.163	0.960	-0.276	-4.150	-35.278	4.395	99.65	3.75	-44.04	-62.460	22.047	-54.933	0.54190	0.65042	-0.40060	-0.35025	25.5	null	null	13113	60
2026-05-27T17:19:12.556	WT901BLE68(F3:F0:16:BF:DC:AE)	-0.025	0.967	-0.241	6.165	-24.170	3.113	99.77	4.08	-47.83	-62.460	22.047	-54.933	0.54190	0.65042	-0.40060	-0.35025	25.5	null	null	13113	60
2026-05-27T17:19:12.674	WT901BLE68(F3:F0:16:BF:DC:AE)	-0.086	0.990	-0.143	11.353	-6.653	2.319	100.84	4.13	-49.24	-62.460	22.047	-54.933	0.57516	0.70752	-0.29218	-0.28827	25.5	null	null	13113	60
2026-05-27T17:19:12.762	WT901BLE68(F3:F0:16:BF:DC:AE)	-0.090	0.997	-0.146	-0.122	-33.203	8.728	101.32	4.00	-50.96	-62.460	22.047	-54.933	0.57516	0.70752	-0.29218	-0.28827	25.5	null	null	13113	60
2026-05-27T17:19:12.887	WT901BLE68(F3:F0:16:BF:DC:AE)	-0.038	0.981	-0.193	-4.028	-35.706	12.512	100.65	3.68	-54.88	-62.460	22.047	-54.933	0.57516	0.70752	-0.29218	-0.28827	25.5	null	null	13113	60
2026-05-27T17:19:12.975	WT901BLE68(F3:F0:16:BF:DC:AE)	-0.049	0.992	-0.164	0.000	-24.048	10.742	100.28	3.08	-58.00	-62.460	22.047	-54.933	0.57516	0.70752	-0.29218	-0.28827	25.5	null	null	13113	60
2026-05-27T17:19:13.097	WT901BLE68(F3:F0:16:BF:DC:AE)	-0.068	1.004	-0.124	0.366	-29.419	12.634	100.12	2.39	-60.53	-62.460	22.047	-54.933	0.57516	0.70752	-0.29218	-0.28827	25.5	null	null	13113	60
2026-05-27T17:19:13.153	WT901BLE68(F3:F0:16:BF:DC:AE)	-0.017	0.993	-0.144	-1.465	-26.428	11.108	99.78	1.65	-63.63	-62.460	22.047	-54.933	0.57516	0.70752	-0.29218	-0.28827	25.5	null	null	13113	60
2026-05-27T17:19:13.276	WT901BLE68(F3:F0:16:BF:DC:AE)	0.018	0.989	-0.138	1.709	-1.404	4.639	99.65	1.07	-64.97	-62.460	22.047	-54.933	0.57516	0.70752	-0.29218	-0.28827	25.5	null	null	13113	60
2026-05-27T17:19:13.362	WT901BLE68(F3:F0:16:BF:DC:AE)	-0.007	0.991	-0.147	2.502	9.033	0.854	99.79	0.69	-64.14	-65.833	27.740	-42.173	0.57516	0.70752	-0.29218	-0.28827	25.5	null	null	13113	60
2026-05-27T17:19:13.485	WT901BLE68(F3:F0:16:BF:DC:AE)	0.004	0.981	-0.175	2.136	2.869	2.869	99.83	0.37	-63.46	-65.833	27.740	-42.173	0.57516	0.70752	-0.29218	-0.28827	25.5	null	null	13113	60
2026-05-27T17:19:13.572	WT901BLE68(F3:F0:16:BF:DC:AE)	0.059	0.988	-0.167	5.066	14.648	-1.465	100.24	0.17	-62.48	-65.833	27.740	-42.173	0.54709	0.65302	-0.39972	-0.33817	25.5	null	null	13113	60
2026-05-27T17:19:13.694	WT901BLE68(F3:F0:16:BF:DC:AE)	0.099	0.988	-0.189	5.920	42.236	-5.005	100.87	-0.12	-59.72	-65.833	27.740	-42.173	0.54709	0.65302	-0.39972	-0.33817	25.5	null	null	13113	60
2026-05-27T17:19:13.754	WT901BLE68(F3:F0:16:BF:DC:AE)	-0.002	0.972	-0.237	7.263	53.650	-8.362	101.38	-0.52	-55.04	-65.833	27.740	-42.173	0.54709	0.65302	-0.39972	-0.33817	25.5	null	null	13113	60
2026-05-27T17:19:13.876	WT901BLE68(F3:F0:16:BF:DC:AE)	0.012	0.982	-0.180	0.488	49.377	-4.395	101.81	-0.92	-49.94	-65.833	27.740	-42.173	0.54709	0.65302	-0.39972	-0.33817	25.5	null	null	13113	60
2026-05-27T17:19:13.971	WT901BLE68(F3:F0:16:BF:DC:AE)	0.041	0.981	-0.202	-3.418	35.522	-2.502	101.59	-1.46	-46.29	-65.833	27.740	-42.173	0.54709	0.65302	-0.39972	-0.33817	25.5	null	null	13113	60
2026-05-27T17:19:14.083	WT901BLE68(F3:F0:16:BF:DC:AE)	0.070	1.002	-0.153	-18.188	33.875	-0.916	100.51	-2.03	-43.03	-65.833	27.740	-42.173	0.54709	0.65302	-0.39972	-0.33817	25.5	null	null	13113	60
2026-05-27T17:19:14.173	WT901BLE68(F3:F0:16:BF:DC:AE)	-0.033	0.918	-0.272	-24.902	22.949	-0.977	97.11	-2.43	-40.40	-65.833	27.740	-42.173	0.54709	0.65302	-0.39972	-0.33817	25.5	null	null	13113	60
2026-05-27T17:19:14.293	WT901BLE68(F3:F0:16:BF:DC:AE)	0.001	1.002	-0.244	0.916	15.015	0.427	96.45	-2.61	-39.18	-53.720	26.760	-55.727	0.54709	0.65302	-0.39972	-0.33817	25.5	null	null	13113	60
2026-05-27T17:19:14.360	WT901BLE68(F3:F0:16:BF:DC:AE)	-0.004	0.986	-0.177	12.634	-10.498	5.981	97.49	-2.83	-39.51	-53.720	26.760	-55.727	0.54709	0.65302	-0.39972	-0.33817	25.5	null	null	13113	60
2026-05-27T17:19:14.501	WT901BLE68(F3:F0:16:BF:DC:AE)	0.074	1.002	-0.034	5.432	-16.235	9.583	98.75	-3.27	-41.35	-53.720	26.760	-55.727	0.62546	0.70221	-0.27081	-0.20560	25.5	null	null	13113	60
2026-05-27T17:19:14.562	WT901BLE68(F3:F0:16:BF:DC:AE)	0.148	1.011	-0.150	-29.053	-5.920	13.672	95.81	-4.48	-42.98	-53.720	26.760	-55.727	0.62546	0.70221	-0.27081	-0.20560	25.5	null	null	13113	60
2026-05-27T17:19:14.682	WT901BLE68(F3:F0:16:BF:DC:AE)	0.026	0.986	-0.146	-4.028	-16.113	8.850	94.29	-5.28	-44.37	-53.720	26.760	-55.727	0.62546	0.70221	-0.27081	-0.20560	25.5	null	null	13113	60
2026-05-27T17:19:14.771	WT901BLE68(F3:F0:16:BF:DC:AE)	0.186	0.942	-0.051	-2.563	-30.212	6.165	94.64	-5.68	-47.02	-53.720	26.760	-55.727	0.62546	0.70221	-0.27081	-0.20560	25.5	null	null	13113	60
2026-05-27T17:19:14.892	WT901BLE68(F3:F0:16:BF:DC:AE)	0.143	0.965	-0.017	-11.047	-7.751	1.526	93.98	-6.08	-48.26	-53.720	26.760	-55.727	0.62546	0.70221	-0.27081	-0.20560	25.5	null	null	13113	60
2026-05-27T17:19:14.982	WT901BLE68(F3:F0:16:BF:DC:AE)	0.102	0.999	-0.009	-2.319	6.104	1.526	93.86	-6.33	-48.44	-53.720	26.760	-55.727	0.62546	0.70221	-0.27081	-0.20560	25.5	null	null	13113	60
2026-05-27T17:19:15.102	WT901BLE68(F3:F0:16:BF:DC:AE)	0.116	0.996	-0.031	4.211	-11.902	0.122	94.33	-6.30	-48.88	-53.720	26.760	-55.727	0.62546	0.70221	-0.27081	-0.20560	25.5	null	null	13113	60
2026-05-27T17:19:15.161	WT901BLE68(F3:F0:16:BF:DC:AE)	0.122	0.982	-0.062	-0.549	-3.052	0.366	94.56	-6.38	-49.55	-51.280	30.420	-52.447	0.62546	0.70221	-0.27081	-0.20560	25.5	null	null	13113	60
