time	DeviceName	AccX(g)	AccY(g)	AccZ(g)	AsX(°/s)	AsY(°/s)	AsZ(°/s)	AngleX(°)	AngleY(°)	AngleZ(°)	HX(uT)	HY(uT)	HZ(uT)	Q0()	Q1()	Q2()	Q3()	Temperature(°C)	Height(m)	Pressure(kPa)	Version()	Battery level(%)
2026-05-27T17:14:03.132	WT901BLE68(F3:F0:16:BF:DC:AE)	0.599	0.805	0.283	-1.221	-8.545	0.732	72.69	-36.97	-54.20	-27.473	44.067	-18.853	0.76517	0.38412	-0.48398	-0.18057	25.8	null	null	13113	75
2026-05-27T17:14:03.191	WT901BLE68(F3:F0:16:BF:DC:AE)	0.608	0.791	0.239	-6.042	4.272	0.061	72.62	-37.19	-54.94	-27.473	44.067	-18.853	0.76517	0.38412	-0.48398	-0.18057	25.8	null	null	13113	75
2026-05-27T17:14:03.312	WT901BLE68(F3:F0:16:BF:DC:AE)	0.612	0.808	0.241	-10.742	0.732	-2.808	71.86	-36.94	-55.06	-27.473	44.067	-18.853	0.76517	0.38412	-0.48398	-0.18057	25.8	null	null	13113	75
2026-05-27T17:14:03.403	WT901BLE68(F3:F0:16:BF:DC:AE)	0.555	0.830	0.291	-12.878	4.211	-3.784	70.52	-36.37	-54.82	-27.473	44.067	-18.853	0.76517	0.38412	-0.48398	-0.18057	25.8	null	null	13113	75
2026-05-27T17:14:03.523	WT901BLE68(F3:F0:16:BF:DC:AE)	0.579	0.843	0.269	-14.404	15.198	-7.324	68.77	-35.26	-54.12	-27.473	44.067	-18.853	0.76517	0.38412	-0.48398	-0.18057	25.8	null	null	13113	75
2026-05-27T17:14:03.611	WT901BLE68(F3:F0:16:BF:DC:AE)	0.681	0.857	0.267	-8.484	33.813	15.869	66.37	-34.56	-51.78	-27.473	44.067	-18.853	0.76517	0.38412	-0.48398	-0.18057	25.8	null	null	13113	75
2026-05-27T17:14:03.730	WT901BLE68(F3:F0:16:BF:DC:AE)	0.904	0.865	0.403	-16.235	112.610	85.083	58.18	-35.48	-39.11	-27.473	44.067	-18.853	0.76517	0.38412	-0.48398	-0.18057	25.8	null	null	13113	75
2026-05-27T17:14:03.789	WT901BLE68(F3:F0:16:BF:DC:AE)	0.978	0.363	0.698	-51.941	119.934	114.380	43.26	-36.67	-20.54	-22.893	42.560	-11.427	0.76517	0.38412	-0.48398	-0.18057	25.8	null	null	13113	75
2026-05-27T17:14:03.943	WT901BLE68(F3:F0:16:BF:DC:AE)	0.641	0.077	0.755	-86.792	98.022	106.201	24.24	-33.43	-2.08	-22.893	42.560	-11.427	0.76517	0.38412	-0.48398	-0.18057	25.8	null	null	13113	75
2026-05-27T17:14:03.999	WT901BLE68(F3:F0:16:BF:DC:AE)	0.264	0.064	0.741	-47.852	118.469	41.992	10.76	-25.83	7.41	-22.893	42.560	-11.427	0.95642	0.13461	-0.24802	0.07440	25.8	null	null	13113	75
2026-05-27T17:14:04.123	WT901BLE68(F3:F0:16:BF:DC:AE)	0.206	0.525	0.980	51.758	94.421	13.000	11.49	-19.73	8.14	-22.893	42.560	-11.427	0.95642	0.13461	-0.24802	0.07440	25.8	null	null	13113	75
2026-05-27T17:14:04.211	WT901BLE68(F3:F0:16:BF:DC:AE)	-0.010	0.804	1.589	-68.237	43.579	20.569	11.96	-8.99	8.87	-22.893	42.560	-11.427	0.95642	0.13461	-0.24802	0.07440	25.8	null	null	13113	75
2026-05-27T17:14:04.335	WT901BLE68(F3:F0:16:BF:DC:AE)	-0.007	-0.232	0.886	-144.165	-10.437	5.249	-0.54	-11.74	6.99	-22.893	42.560	-11.427	0.95642	0.13461	-0.24802	0.07440	25.8	null	null	13113	75
2026-05-27T17:14:04.423	WT901BLE68(F3:F0:16:BF:DC:AE)	0.196	-0.219	0.465	-13.794	1.892	8.728	-7.58	-14.05	3.49	-22.893	42.560	-11.427	0.95642	0.13461	-0.24802	0.07440	25.8	null	null	13113	75
2026-05-27T17:14:04.542	WT901BLE68(F3:F0:16:BF:DC:AE)	0.064	-0.017	0.791	15.869	56.702	65.735	-5.47	-12.00	4.44	-22.893	42.560	-11.427	0.95642	0.13461	-0.24802	0.07440	25.8	null	null	13113	75
2026-05-27T17:14:04.601	WT901BLE68(F3:F0:16:BF:DC:AE)	-0.038	-0.348	1.105	-66.528	-46.204	-3.845	-9.70	-16.18	4.25	-22.893	42.560	-11.427	0.95642	0.13461	-0.24802	0.07440	25.8	null	null	13113	75
2026-05-27T17:14:04.721	WT901BLE68(F3:F0:16:BF:DC:AE)	0.334	-0.542	0.628	-78.491	12.451	-32.532	-16.66	-19.51	-0.59	-8.880	4.707	27.187	0.95642	0.13461	-0.24802	0.07440	25.8	null	null	13113	75
2026-05-27T17:14:04.813	WT901BLE68(F3:F0:16:BF:DC:AE)	0.325	-0.362	0.366	57.861	-103.760	-54.260	-17.81	-22.29	-6.69	-8.880	4.707	27.187	0.95642	0.13461	-0.24802	0.07440	25.8	null	null	13113	75
2026-05-27T17:14:04.931	WT901BLE68(F3:F0:16:BF:DC:AE)	0.902	0.476	0.940	125.305	108.154	-15.320	-6.28	-26.08	-12.51	-8.880	4.707	27.187	0.96036	-0.13193	-0.22296	-0.10251	25.8	null	null	13113	75
2026-05-27T17:14:05.023	WT901BLE68(F3:F0:16:BF:DC:AE)	0.208	0.139	1.258	-32.471	-31.433	28.931	-1.27	-21.82	-13.49	-8.880	4.707	27.187	0.96036	-0.13193	-0.22296	-0.10251	25.8	null	null	13113	75
2026-05-27T17:14:05.145	WT901BLE68(F3:F0:16:BF:DC:AE)	0.219	-0.042	1.099	-88.989	-12.573	-12.451	-6.91	-23.91	-15.18	-8.880	4.707	27.187	0.96036	-0.13193	-0.22296	-0.10251	25.8	null	null	13113	75
2026-05-27T17:14:05.235	WT901BLE68(F3:F0:16:BF:DC:AE)	0.382	-0.318	0.826	-93.689	9.460	-50.476	-14.24	-23.82	-20.77	-8.880	4.707	27.187	0.96036	-0.13193	-0.22296	-0.10251	25.8	null	null	13113	75
2026-05-27T17:14:05.352	WT901BLE68(F3:F0:16:BF:DC:AE)	0.100	-0.077	0.638	-80.139	151.123	-156.250	-18.69	-18.28	-35.31	-8.880	4.707	27.187	0.96036	-0.13193	-0.22296	-0.10251	25.8	null	null	13113	75
2026-05-27T17:14:05.410	WT901BLE68(F3:F0:16:BF:DC:AE)	0.098	0.042	0.311	51.819	-24.109	-243.042	-14.98	-13.23	-61.58	-8.880	4.707	27.187	0.96036	-0.13193	-0.22296	-0.10251	25.8	null	null	13113	75
2026-05-27T17:14:05.531	WT901BLE68(F3:F0:16:BF:DC:AE)	0.816	0.446	0.726	218.750	9.766	-211.853	4.66	-16.09	-86.90	-8.880	4.707	27.187	0.96036	-0.13193	-0.22296	-0.10251	25.8	null	null	13113	75
2026-05-27T17:14:05.623	WT901BLE68(F3:F0:16:BF:DC:AE)	1.338	0.970	1.176	143.555	-52.979	-65.735	30.23	-14.69	-102.85	-39.920	14.647	22.407	0.96036	-0.13193	-0.22296	-0.10251	25.8	null	null	13113	75
2026-05-27T17:14:05.742	WT901BLE68(F3:F0:16:BF:DC:AE)	0.717	0.310	1.294	-13.672	-107.544	-8.240	37.85	-20.07	-109.09	-39.920	14.647	22.407	0.96036	-0.13193	-0.22296	-0.10251	25.8	null	null	13113	75
2026-05-27T17:14:05.829	WT901BLE68(F3:F0:16:BF:DC:AE)	0.882	0.408	1.126	-44.678	6.958	76.233	35.01	-27.95	-108.91	-39.920	14.647	22.407	0.58017	0.01575	-0.37198	-0.72433	25.8	null	null	13113	75
2026-05-27T17:14:05.952	WT901BLE68(F3:F0:16:BF:DC:AE)	0.560	0.039	0.569	-43.213	7.874	109.680	23.70	-31.52	-96.19	-39.920	14.647	22.407	0.58017	0.01575	-0.37198	-0.72433	25.8	null	null	13113	75
2026-05-27T17:14:06.011	WT901BLE68(F3:F0:16:BF:DC:AE)	0.684	-0.036	0.655	14.709	26.489	102.478	15.03	-33.06	-82.45	-39.920	14.647	22.407	0.58017	0.01575	-0.37198	-0.72433	25.8	null	null	13113	75
2026-05-27T17:14:06.131	WT901BLE68(F3:F0:16:BF:DC:AE)	1.155	0.083	0.943	15.076	17.151	185.547	7.98	-34.27	-65.57	-39.920	14.647	22.407	0.58017	0.01575	-0.37198	-0.72433	25.8	null	null	13113	75
2026-05-27T17:14:06.224	WT901BLE68(F3:F0:16:BF:DC:AE)	0.913	-0.082	0.911	-44.250	17.578	229.980	-8.92	-35.43	-39.31	-39.920	14.647	22.407	0.58017	0.01575	-0.37198	-0.72433	25.8	null	null	13113	75
2026-05-27T17:14:06.345	WT901BLE68(F3:F0:16:BF:DC:AE)	0.334	-0.293	0.354	-25.452	22.705	142.700	-25.11	-27.88	-20.47	-39.920	14.647	22.407	0.58017	0.01575	-0.37198	-0.72433	25.8	null	null	13113	75
2026-05-27T17:14:06.431	WT901BLE68(F3:F0:16:BF:DC:AE)	0.458	0.419	0.957	115.417	31.738	48.645	-22.93	-22.18	-16.21	-39.920	14.647	22.407	0.58017	0.01575	-0.37198	-0.72433	25.8	null	null	13113	75
2026-05-27T17:14:06.554	WT901BLE68(F3:F0:16:BF:DC:AE)	0.157	0.491	1.205	-2.319	-1.831	40.100	-14.72	-19.32	-18.15	-7.387	-0.253	27.740	0.58017	0.01575	-0.37198	-0.72433	25.8	null	null	13113	75
2026-05-27T17:14:06.643	WT901BLE68(F3:F0:16:BF:DC:AE)	0.260	-0.539	1.027	-109.192	-68.420	10.864	-21.69	-24.97	-19.86	-7.387	-0.253	27.740	0.58017	0.01575	-0.37198	-0.72433	25.8	null	null	13113	75
2026-05-27T17:14:06.769	WT901BLE68(F3:F0:16:BF:DC:AE)	0.088	-0.749	0.681	-86.670	14.160	-12.390	-31.37	-26.11	-23.29	-7.387	-0.253	27.740	0.92371	-0.25620	-0.18069	-0.21991	25.8	null	null	13113	75
2026-05-27T17:14:06.852	WT901BLE68(F3:F0:16:BF:DC:AE)	0.108	-0.670	0.292	15.625	24.109	-55.115	-34.10	-25.41	-29.77	-7.387	-0.253	27.740	0.92371	-0.25620	-0.18069	-0.21991	25.8	null	null	13113	75
2026-05-27T17:14:06.942	WT901BLE68(F3:F0:16:BF:DC:AE)	0.426	-0.003	0.739	152.588	43.945	-31.311	-23.32	-23.54	-36.74	-7.387	-0.253	27.740	0.92371	-0.25620	-0.18069	-0.21991	25.8	null	null	13113	75
2026-05-27T17:14:07.035	WT901BLE68(F3:F0:16:BF:DC:AE)	0.116	0.198	1.364	8.545	-32.776	-27.832	-12.27	-21.24	-42.73	-7.387	-0.253	27.740	0.92371	-0.25620	-0.18069	-0.21991	25.8	null	null	13113	75
2026-05-27T17:14:07.155	WT901BLE68(F3:F0:16:BF:DC:AE)	0.246	0.070	0.965	-51.514	-27.405	-43.701	-13.35	-24.52	-48.41	-7.387	-0.253	27.740	0.92371	-0.25620	-0.18069	-0.21991	25.8	null	null	13113	75
2026-05-27T17:14:07.245	WT901BLE68(F3:F0:16:BF:DC:AE)	0.195	-0.105	0.793	-48.645	54.626	-106.812	-14.21	-24.90	-58.49	-7.387	-0.253	27.740	0.92371	-0.25620	-0.18069	-0.21991	25.8	null	null	13113	75
2026-05-27T17:14:07.361	WT901BLE68(F3:F0:16:BF:DC:AE)	0.413	-0.022	0.855	-43.762	49.072	-210.510	-10.32	-23.38	-78.09	-7.387	-0.253	27.740	0.92371	-0.25620	-0.18069	-0.21991	25.8	null	null	13113	75
2026-05-27T17:14:07.421	WT901BLE68(F3:F0:16:BF:DC:AE)	0.877	0.043	0.507	-42.419	5.615	-240.356	-3.92	-25.85	-103.38	-21.140	0.767	29.153	0.92371	-0.25620	-0.18069	-0.21991	25.8	null	null	13113	75
2026-05-27T17:14:07.542	WT901BLE68(F3:F0:16:BF:DC:AE)	0.727	0.062	0.468	68.909	16.174	-223.022	7.71	-23.24	-127.19	-21.140	0.767	29.153	0.92371	-0.25620	-0.18069	-0.21991	25.8	null	null	13113	75
2026-05-27T17:14:07.634	WT901BLE68(F3:F0:16:BF:DC:AE)	0.531	0.659	1.012	153.687	66.345	-169.312	25.48	-9.49	-141.42	-21.140	0.767	29.153	0.37155	-0.05844	-0.19962	-0.90475	25.8	null	null	13113	75
2026-05-27T17:14:07.753	WT901BLE68(F3:F0:16:BF:DC:AE)	0.634	0.765	1.020	62.866	-35.217	-39.063	37.57	-6.89	-148.73	-21.140	0.767	29.153	0.37155	-0.05844	-0.19962	-0.90475	25.8	null	null	13113	75
2026-05-27T17:14:07.845	WT901BLE68(F3:F0:16:BF:DC:AE)	0.787	0.424	0.986	12.878	-20.203	29.602	40.91	-12.51	-149.30	-21.140	0.767	29.153	0.37155	-0.05844	-0.19962	-0.90475	25.8	null	null	13113	75
2026-05-27T17:14:07.963	WT901BLE68(F3:F0:16:BF:DC:AE)	0.700	0.454	0.814	16.174	33.630	118.774	40.39	-17.48	-138.48	-21.140	0.767	29.153	0.37155	-0.05844	-0.19962	-0.90475	25.8	null	null	13113	75
2026-05-27T17:14:08.053	WT901BLE68(F3:F0:16:BF:DC:AE)	0.976	0.466	0.687	15.686	14.648	175.415	36.54	-26.80	-122.39	-21.140	0.767	29.153	0.37155	-0.05844	-0.19962	-0.90475	25.8	null	null	13113	75
2026-05-27T17:14:08.175	WT901BLE68(F3:F0:16:BF:DC:AE)	0.928	0.494	0.674	38.025	63.293	234.192	27.14	-34.56	-96.72	-21.140	0.767	29.153	0.37155	-0.05844	-0.19962	-0.90475	25.8	null	null	13113	75
2026-05-27T17:14:08.231	WT901BLE68(F3:F0:16:BF:DC:AE)	0.834	0.357	0.637	43.152	64.697	249.817	13.27	-37.36	-64.65	-21.140	0.767	29.153	0.37155	-0.05844	-0.19962	-0.90475	25.8	null	null	13113	75
2026-05-27T17:14:08.351	WT901BLE68(F3:F0:16:BF:DC:AE)	0.649	0.223	0.747	35.767	48.584	218.018	0.66	-35.41	-35.06	-14.607	23.700	15.380	0.37155	-0.05844	-0.19962	-0.90475	25.8	null	null	13113	75
2026-05-27T17:14:08.444	WT901BLE68(F3:F0:16:BF:DC:AE)	0.445	0.208	0.394	23.438	41.382	132.874	-7.45	-32.84	-16.45	-14.607	23.700	15.380	0.37155	-0.05844	-0.19962	-0.90475	25.8	null	null	13113	75
2026-05-27T17:14:08.565	WT901BLE68(F3:F0:16:BF:DC:AE)	0.337	0.585	0.712	87.952	24.170	72.449	-5.99	-30.86	-8.54	-14.607	23.700	15.380	0.95377	-0.09344	-0.26263	-0.11191	25.8	null	null	13113	75
2026-05-27T17:14:08.651	WT901BLE68(F3:F0:16:BF:DC:AE)	0.086	0.403	1.045	2.075	29.236	36.438	-3.16	-33.76	-3.86	-14.607	23.700	15.380	0.95377	-0.09344	-0.26263	-0.11191	25.8	null	null	13113	75
2026-05-27T17:14:08.772	WT901BLE68(F3:F0:16:BF:DC:AE)	0.563	-0.200	0.990	-40.894	-15.198	21.790	-6.40	-39.52	2.03	-14.607	23.700	15.380	0.95377	-0.09344	-0.26263	-0.11191	25.8	null	null	13113	75
2026-05-27T17:14:08.832	WT901BLE68(F3:F0:16:BF:DC:AE)	0.401	-0.391	0.635	-31.189	-6.409	-2.258	-11.70	-41.95	6.69	-14.607	23.700	15.380	0.95377	-0.09344	-0.26263	-0.11191	25.8	null	null	13113	75
2026-05-27T17:14:08.952	WT901BLE68(F3:F0:16:BF:DC:AE)	0.518	0.097	0.616	53.833	-16.052	-50.964	-8.44	-41.79	5.56	-14.607	23.700	15.380	0.95377	-0.09344	-0.26263	-0.11191	25.8	null	null	13113	75
2026-05-27T17:14:09.045	WT901BLE68(F3:F0:16:BF:DC:AE)	0.718	0.403	0.784	83.313	65.979	-15.564	4.17	-38.49	1.67	-14.607	23.700	15.380	0.95377	-0.09344	-0.26263	-0.11191	25.8	null	null	13113	75
2026-05-27T17:14:09.166	WT901BLE68(F3:F0:16:BF:DC:AE)	0.472	-0.076	1.120	-50.110	-49.438	-11.658	5.05	-39.87	1.54	-14.607	23.700	15.380	0.95377	-0.09344	-0.26263	-0.11191	25.8	null	null	13113	75
2026-05-27T17:14:09.252	WT901BLE68(F3:F0:16:BF:DC:AE)	0.586	-0.184	0.713	-65.735	-36.072	-24.536	0.05	-44.63	-0.17	13.047	18.107	3.880	0.95377	-0.09344	-0.26263	-0.11191	25.8	null	null	13113	75
2026-05-27T17:14:09.373	WT901BLE68(F3:F0:16:BF:DC:AE)	0.402	-0.067	0.477	4.700	-20.325	-34.180	-0.37	-46.09	-2.31	13.047	18.107	3.880	0.95377	-0.09344	-0.26263	-0.11191	25.8	null	null	13113	75
2026-05-27T17:14:09.430	WT901BLE68(F3:F0:16:BF:DC:AE)	0.847	0.645	0.920	65.979	-5.493	-69.763	10.83	-49.06	-8.61	13.047	18.107	3.880	0.91159	0.01367	-0.41013	-0.02237	25.8	null	null	13113	75
2026-05-27T17:14:09.583	WT901BLE68(F3:F0:16:BF:DC:AE)	0.650	0.738	0.870	-24.658	-24.109	-13.062	15.76	-44.20	-11.48	13.047	18.107	3.880	0.91159	0.01367	-0.41013	-0.02237	25.8	null	null	13113	75
2026-05-27T17:14:09.646	WT901BLE68(F3:F0:16:BF:DC:AE)	0.581	0.348	0.828	-113.647	-36.560	-73.181	13.78	-45.86	-18.18	13.047	18.107	3.880	0.91159	0.01367	-0.41013	-0.02237	25.8	null	null	13113	75
2026-05-27T17:14:09.765	WT901BLE68(F3:F0:16:BF:DC:AE)	0.719	0.243	0.662	-172.791	-1.526	-139.771	11.19	-44.26	-34.28	13.047	18.107	3.880	0.91159	0.01367	-0.41013	-0.02237	25.8	null	null	13113	75
2026-05-27T17:14:09.854	WT901BLE68(F3:F0:16:BF:DC:AE)	0.824	0.113	0.463	-176.514	54.443	-146.667	7.80	-41.63	-54.36	13.047	18.107	3.880	0.91159	0.01367	-0.41013	-0.02237	25.8	null	null	13113	75
2026-05-27T17:14:09.973	WT901BLE68(F3:F0:16:BF:DC:AE)	0.628	0.127	0.231	-119.202	60.120	-145.752	5.89	-36.83	-73.53	13.047	18.107	3.880	0.91159	0.01367	-0.41013	-0.02237	25.8	null	null	13113	75
2026-05-27T17:14:10.067	WT901BLE68(F3:F0:16:BF:DC:AE)	0.577	0.171	0.413	-22.400	-25.269	-148.315	9.87	-35.02	-90.59	13.047	18.107	3.880	0.91159	0.01367	-0.41013	-0.02237	25.8	null	null	13113	75
2026-05-27T17:14:10.181	WT901BLE68(F3:F0:16:BF:DC:AE)	0.989	0.586	0.616	42.114	-208.130	-193.115	31.98	-45.16	-118.55	-24.127	9.393	24.140	0.91159	0.01367	-0.41013	-0.02237	25.8	null	null	13113	75
2026-05-27T17:14:10.242	WT901BLE68(F3:F0:16:BF:DC:AE)	1.013	0.707	0.372	26.917	49.805	-116.577	46.05	-36.23	-133.52	-24.127	9.393	24.140	0.91159	0.01367	-0.41013	-0.02237	25.8	null	null	13113	75
2026-05-27T17:14:10.364	WT901BLE68(F3:F0:16:BF:DC:AE)	1.047	0.528	0.613	18.921	-13.672	-12.817	51.55	-32.42	-135.97	-24.127	9.393	24.140	0.44394	-0.08713	-0.46564	-0.76053	25.8	null	null	13113	75
2026-05-27T17:14:10.453	WT901BLE68(F3:F0:16:BF:DC:AE)	0.990	0.419	0.601	20.142	23.132	54.626	52.52	-34.93	-132.16	-24.127	9.393	24.140	0.44394	-0.08713	-0.46564	-0.76053	25.8	null	null	13113	75
2026-05-27T17:14:10.573	WT901BLE68(F3:F0:16:BF:DC:AE)	0.971	0.463	0.516	24.414	48.950	103.333	48.59	-39.59	-120.47	-24.127	9.393	24.140	0.44394	-0.08713	-0.46564	-0.76053	25.8	null	null	13113	75
2026-05-27T17:14:10.666	WT901BLE68(F3:F0:16:BF:DC:AE)	1.022	0.410	0.515	36.133	55.725	147.461	40.20	-45.34	-102.22	-24.127	9.393	24.140	0.44394	-0.08713	-0.46564	-0.76053	25.8	null	null	13113	75
2026-05-27T17:14:10.785	WT901BLE68(F3:F0:16:BF:DC:AE)	1.140	0.446	0.636	27.527	72.144	192.383	25.13	-50.05	-76.15	-24.127	9.393	24.140	0.44394	-0.08713	-0.46564	-0.76053	25.8	null	null	13113	75
2026-05-27T17:14:10.842	WT901BLE68(F3:F0:16:BF:DC:AE)	1.001	0.263	0.568	-8.423	42.480	199.280	2.29	-49.65	-44.53	-24.127	9.393	24.140	0.44394	-0.08713	-0.46564	-0.76053	25.8	null	null	13113	75
2026-05-27T17:14:10.996	WT901BLE68(F3:F0:16:BF:DC:AE)	0.535	0.067	0.488	-6.409	60.425	158.325	-16.12	-42.75	-21.24	-24.127	9.393	24.140	0.44394	-0.08713	-0.46564	-0.76053	25.8	null	null	13113	75
2026-05-27T17:14:11.051	WT901BLE68(F3:F0:16:BF:DC:AE)	0.202	0.059	0.393	61.951	83.069	80.811	-20.52	-33.24	-12.86	-5.813	6.087	23.267	0.44394	-0.08713	-0.46564	-0.76053	25.8	null	null	13113	75
2026-05-27T17:14:11.171	WT901BLE68(F3:F0:16:BF:DC:AE)	0.342	0.440	0.873	81.726	32.715	36.987	-13.10	-27.61	-12.69	-5.813	6.087	23.267	0.44394	-0.08713	-0.46564	-0.76053	25.8	null	null	13113	75
2026-05-27T17:14:11.265	WT901BLE68(F3:F0:16:BF:DC:AE)	0.326	0.024	1.258	-38.452	-62.134	58.411	-11.38	-26.76	-11.42	-5.813	6.087	23.267	0.96179	-0.11420	-0.21231	-0.12939	25.8	null	null	13113	75
2026-05-27T17:14:11.383	WT901BLE68(F3:F0:16:BF:DC:AE)	0.320	-0.596	1.034	-62.317	-37.231	48.340	-18.76	-30.29	-8.04	-5.813	6.087	23.267	0.96179	-0.11420	-0.21231	-0.12939	25.8	null	null	13113	75
2026-05-27T17:14:11.505	WT901BLE68(F3:F0:16:BF:DC:AE)	0.129	-0.514	0.539	-24.658	25.024	18.616	-25.34	-28.75	-6.71	-5.813	6.087	23.267	0.96179	-0.11420	-0.21231	-0.12939	25.8	null	null	13113	75
2026-05-27T17:14:11.592	WT901BLE68(F3:F0:16:BF:DC:AE)	0.238	-0.061	0.718	75.134	-20.569	-36.926	-22.60	-26.80	-10.25	-5.813	6.087	23.267	0.96179	-0.11420	-0.21231	-0.12939	25.8	null	null	13113	75
2026-05-27T17:14:11.654	WT901BLE68(F3:F0:16:BF:DC:AE)	0.409	0.063	1.145	32.227	24.658	8.423	-13.03	-25.11	-16.43	-5.813	6.087	23.267	0.96179	-0.11420	-0.21231	-0.12939	25.8	null	null	13113	75
2026-05-27T17:14:11.773	WT901BLE68(F3:F0:16:BF:DC:AE)	0.343	-0.605	1.049	-75.745	-53.589	5.920	-16.02	-26.86	-17.87	-5.813	6.087	23.267	0.96179	-0.11420	-0.21231	-0.12939	25.8	null	null	13113	75
2026-05-27T17:14:11.865	WT901BLE68(F3:F0:16:BF:DC:AE)	0.302	-0.589	0.522	-47.058	-6.042	4.333	-23.78	-29.07	-17.84	-5.813	6.087	23.267	0.96179	-0.11420	-0.21231	-0.12939	25.8	null	null	13113	75
2026-05-27T17:14:11.981	WT901BLE68(F3:F0:16:BF:DC:AE)	0.213	-0.255	0.523	58.228	31.067	-25.940	-23.33	-28.21	-20.64	-1.633	-4.340	25.280	0.96179	-0.11420	-0.21231	-0.12939	25.8	null	null	13113	75
2026-05-27T17:14:12.074	WT901BLE68(F3:F0:16:BF:DC:AE)	0.458	0.297	0.801	81.665	53.101	-18.738	-13.14	-26.14	-26.42	-1.633	-4.340	25.280	0.96179	-0.11420	-0.21231	-0.12939	25.8	null	null	13113	75
2026-05-27T17:14:12.193	WT901BLE68(F3:F0:16:BF:DC:AE)	0.058	0.236	1.083	-32.349	-25.757	-12.756	-9.80	-25.31	-29.91	-1.633	-4.340	25.280	0.93814	-0.13318	-0.18820	-0.25815	25.8	null	null	13113	75
2026-05-27T17:14:12.251	WT901BLE68(F3:F0:16:BF:DC:AE)	0.023	0.041	0.959	-60.486	-8.057	-112.671	-10.16	-26.99	-39.03	-1.633	-4.340	25.280	0.93814	-0.13318	-0.18820	-0.25815	25.8	null	null	13113	75
2026-05-27T17:14:12.406	WT901BLE68(F3:F0:16:BF:DC:AE)	0.573	0.027	0.731	-79.102	28.320	-219.238	-6.86	-29.48	-59.83	-1.633	-4.340	25.280	0.93814	-0.13318	-0.18820	-0.25815	25.8	null	null	13113	75
2026-05-27T17:14:12.459	WT901BLE68(F3:F0:16:BF:DC:AE)	0.888	0.184	0.480	-62.927	-32.349	-251.404	0.24	-29.77	-88.30	-1.633	-4.340	25.280	0.93814	-0.13318	-0.18820	-0.25815	25.8	null	null	13113	75
2026-05-27T17:14:12.588	WT901BLE68(F3:F0:16:BF:DC:AE)	0.826	0.338	0.483	60.059	4.700	-243.408	13.06	-25.84	-115.05	-1.633	-4.340	25.280	0.93814	-0.13318	-0.18820	-0.25815	25.8	null	null	13113	75
2026-05-27T17:14:12.676	WT901BLE68(F3:F0:16:BF:DC:AE)	0.718	0.993	1.088	125.305	26.245	-196.594	31.60	-10.62	-132.03	-1.633	-4.340	25.280	0.93814	-0.13318	-0.18820	-0.25815	25.8	null	null	13113	75
2026-05-27T17:14:12.797	WT901BLE68(F3:F0:16:BF:DC:AE)	0.620	0.776	0.971	45.593	-61.157	-48.523	42.25	-5.27	-140.21	-1.633	-4.340	25.280	0.93814	-0.13318	-0.18820	-0.25815	25.8	null	null	13113	75
2026-05-27T17:14:12.885	WT901BLE68(F3:F0:16:BF:DC:AE)	0.701	0.465	1.034	-6.287	-33.325	17.395	44.67	-10.56	-143.17	-53.873	13.127	15.467	0.93814	-0.13318	-0.18820	-0.25815	25.8	null	null	13113	75
2026-05-27T17:14:13.001	WT901BLE68(F3:F0:16:BF:DC:AE)	0.840	0.443	0.892	-20.447	7.568	87.402	42.48	-16.42	-137.64	-53.873	13.127	15.467	0.93814	-0.13318	-0.18820	-0.25815	25.8	null	null	13113	75
2026-05-27T17:14:13.063	WT901BLE68(F3:F0:16:BF:DC:AE)	0.873	0.410	0.891	-21.545	18.799	158.264	36.11	-24.00	-123.50	-53.873	13.127	15.467	0.43958	-0.01303	-0.37192	-0.81741	25.8	null	null	13113	75
2026-05-27T17:14:13.181	WT901BLE68(F3:F0:16:BF:DC:AE)	0.885	0.418	0.771	-14.709	34.851	225.403	24.32	-31.51	-100.79	-53.873	13.127	15.467	0.43958	-0.01303	-0.37192	-0.81741	25.8	null	null	13113	75
2026-05-27T17:14:13.274	WT901BLE68(F3:F0:16:BF:DC:AE)	0.851	0.284	0.666	-0.061	26.001	250.732	7.60	-36.43	-71.27	-53.873	13.127	15.467	0.43958	-0.01303	-0.37192	-0.81741	25.8	null	null	13113	75
2026-05-27T17:14:13.397	WT901BLE68(F3:F0:16:BF:DC:AE)	0.658	0.226	0.723	1.465	4.089	222.168	-8.12	-35.18	-43.11	-53.873	13.127	15.467	0.43958	-0.01303	-0.37192	-0.81741	25.8	null	null	13113	75
2026-05-27T17:14:13.485	WT901BLE68(F3:F0:16:BF:DC:AE)	0.502	0.013	0.609	-2.930	-28.259	146.851	-19.63	-34.22	-23.52	-53.873	13.127	15.467	0.43958	-0.01303	-0.37192	-0.81741	25.8	null	null	13113	75
2026-05-27T17:14:13.635	WT901BLE68(F3:F0:16:BF:DC:AE)	0.320	0.117	0.543	59.204	-38.513	84.595	-23.29	-32.89	-14.73	-53.873	13.127	15.467	0.43958	-0.01303	-0.37192	-0.81741	25.8	null	null	13113	75
2026-05-27T17:14:13.662	WT901BLE68(F3:F0:16:BF:DC:AE)	0.385	0.404	0.922	107.117	58.899	72.144	-16.14	-29.74	-11.96	-53.873	13.127	15.467	0.43958	-0.01303	-0.37192	-0.81741	25.8	null	null	13113	75
2026-05-27T17:14:13.817	WT901BLE68(F3:F0:16:BF:DC:AE)	0.155	0.100	1.598	-16.357	-8.972	66.406	-13.05	-26.19	-9.37	-1.047	4.360	23.753	0.43958	-0.01303	-0.37192	-0.81741	25.8	null	null	13113	75
2026-05-27T17:14:13.870	WT901BLE68(F3:F0:16:BF:DC:AE)	0.299	-0.519	0.987	-93.750	-73.792	22.766	-21.64	-30.61	-6.92	-1.047	4.360	23.753	0.43958	-0.01303	-0.37192	-0.81741	25.8	null	null	13113	75
2026-05-27T17:14:13.992	WT901BLE68(F3:F0:16:BF:DC:AE)	0.145	-0.528	0.381	-17.395	-3.540	-19.043	-28.72	-30.93	-3.48	-1.047	4.360	23.753	0.93445	-0.23096	-0.25308	-0.09659	25.8	null	null	13113	75
2026-05-27T17:14:14.083	WT901BLE68(F3:F0:16:BF:DC:AE)	0.207	0.162	0.872	98.877	22.583	-42.175	-21.19	-30.41	-6.03	-1.047	4.360	23.753	0.93445	-0.23096	-0.25308	-0.09659	25.8	null	null	13113	75
2026-05-27T17:14:14.208	WT901BLE68(F3:F0:16:BF:DC:AE)	0.146	0.467	1.127	-0.671	13.062	-19.897	-12.05	-29.65	-14.47	-1.047	4.360	23.753	0.93445	-0.23096	-0.25308	-0.09659	25.8	null	null	13113	75
2026-05-27T17:14:14.299	WT901BLE68(F3:F0:16:BF:DC:AE)	0.422	0.084	0.867	-73.486	-19.714	-80.078	-13.31	-35.94	-25.51	-1.047	4.360	23.753	0.93445	-0.23096	-0.25308	-0.09659	25.8	null	null	13113	75
2026-05-27T17:14:14.417	WT901BLE68(F3:F0:16:BF:DC:AE)	0.615	-0.016	1.000	-80.444	55.481	-170.410	-9.45	-35.41	-45.90	-1.047	4.360	23.753	0.93445	-0.23096	-0.25308	-0.09659	25.8	null	null	13113	75
2026-05-27T17:14:14.470	WT901BLE68(F3:F0:16:BF:DC:AE)	0.993	0.000	0.867	-125.000	57.861	-175.476	-6.55	-33.31	-69.07	-1.047	4.360	23.753	0.93445	-0.23096	-0.25308	-0.09659	25.8	null	null	13113	75
2026-05-27T17:14:14.594	WT901BLE68(F3:F0:16:BF:DC:AE)	0.707	-0.103	0.441	-122.864	84.290	-173.462	-7.98	-29.98	-90.37	-1.047	4.360	23.753	0.93445	-0.23096	-0.25308	-0.09659	25.8	null	null	13113	75
2026-05-27T17:14:14.681	WT901BLE68(F3:F0:16:BF:DC:AE)	0.514	-0.183	0.369	-34.851	79.529	-188.782	-5.11	-27.05	-111.33	-19.027	-3.093	28.973	0.93445	-0.23096	-0.25308	-0.09659	25.8	null	null	13113	75
2026-05-27T17:14:14.805	WT901BLE68(F3:F0:16:BF:DC:AE)	0.831	0.135	0.998	98.694	82.947	-204.773	8.83	-20.48	-131.89	-19.027	-3.093	28.973	0.93445	-0.23096	-0.25308	-0.09659	25.8	null	null	13113	75
2026-05-27T17:14:14.891	WT901BLE68(F3:F0:16:BF:DC:AE)	1.140	0.590	1.235	72.388	-3.540	-80.566	22.65	-13.44	-142.97	-19.027	-3.093	28.973	0.36545	-0.07205	-0.17532	-0.91129	25.8	null	null	13113	75
2026-05-27T17:14:15.014	WT901BLE68(F3:F0:16:BF:DC:AE)	0.960	-0.045	0.963	22.766	-37.354	26.672	25.81	-16.32	-142.55	-19.027	-3.093	28.973	0.36545	-0.07205	-0.17532	-0.91129	25.8	null	null	13113	75
2026-05-27T17:14:15.071	WT901BLE68(F3:F0:16:BF:DC:AE)	0.806	0.039	1.019	20.142	-2.258	157.104	24.09	-23.16	-130.00	-19.027	-3.093	28.973	0.36545	-0.07205	-0.17532	-0.91129	25.8	null	null	13113	75
2026-05-27T17:14:15.194	WT901BLE68(F3:F0:16:BF:DC:AE)	0.717	0.238	0.912	19.409	120.300	219.482	16.21	-25.38	-105.41	-19.027	-3.093	28.973	0.36545	-0.07205	-0.17532	-0.91129	25.8	null	null	13113	75
2026-05-27T17:14:15.286	WT901BLE68(F3:F0:16:BF:DC:AE)	0.522	0.280	0.962	9.155	-171.631	280.945	3.58	-34.94	-75.92	-19.027	-3.093	28.973	0.36545	-0.07205	-0.17532	-0.91129	25.8	null	null	13113	75
2026-05-27T17:14:15.403	WT901BLE68(F3:F0:16:BF:DC:AE)	0.745	0.011	0.269	106.079	-301.392	272.522	-25.12	-57.19	-28.36	-19.027	-3.093	28.973	0.36545	-0.07205	-0.17532	-0.91129	25.8	null	null	13113	75
2026-05-27T17:14:15.493	WT901BLE68(F3:F0:16:BF:DC:AE)	0.581	0.031	0.365	128.723	-122.070	109.680	-51.21	-60.17	22.89	-19.027	-3.093	28.973	0.36545	-0.07205	-0.17532	-0.91129	25.8	null	null	13113	75
2026-05-27T17:14:15.612	WT901BLE68(F3:F0:16:BF:DC:AE)	0.852	0.034	0.615	62.927	9.583	30.090	-47.52	-56.60	35.63	25.753	-2.273	-9.760	0.36545	-0.07205	-0.17532	-0.91129	25.8	null	null	13113	75
2026-05-27T17:14:15.705	WT901BLE68(F3:F0:16:BF:DC:AE)	0.457	-0.340	0.884	20.386	266.602	18.555	-30.47	-40.36	24.38	25.753	-2.273	-9.760	0.36545	-0.07205	-0.17532	-0.91129	25.8	null	null	13113	75
2026-05-27T17:14:15.822	WT901BLE68(F3:F0:16:BF:DC:AE)	-0.015	-0.631	0.817	-18.250	264.771	1.892	-24.57	-17.38	13.53	25.753	-2.273	-9.760	0.92493	-0.16837	-0.32217	0.11066	25.8	null	null	13113	75
2026-05-27T17:14:15.882	WT901BLE68(F3:F0:16:BF:DC:AE)	-0.264	0.116	0.825	111.450	105.713	-33.020	-20.96	-2.92	0.62	25.753	-2.273	-9.760	0.92493	-0.16837	-0.32217	0.11066	25.8	null	null	13113	75
2026-05-27T17:14:16.005	WT901BLE68(F3:F0:16:BF:DC:AE)	-0.450	0.586	1.291	38.635	117.981	36.865	-9.28	2.91	-5.27	25.753	-2.273	-9.760	0.92493	-0.16837	-0.32217	0.11066	25.8	null	null	13113	75
2026-05-27T17:14:16.094	WT901BLE68(F3:F0:16:BF:DC:AE)	-0.237	-0.468	0.927	-93.811	-53.955	-69.214	-12.02	0.18	-10.57	25.753	-2.273	-9.760	0.92493	-0.16837	-0.32217	0.11066	25.8	null	null	13113	75
2026-05-27T17:14:16.215	WT901BLE68(F3:F0:16:BF:DC:AE)	0.107	-0.659	0.042	-5.005	-63.904	-80.383	-18.02	-7.86	-18.91	25.753	-2.273	-9.760	0.92493	-0.16837	-0.32217	0.11066	25.8	null	null	13113	75
2026-05-27T17:14:16.305	WT901BLE68(F3:F0:16:BF:DC:AE)	0.146	0.499	1.427	136.597	63.171	-48.279	-10.18	-11.52	-25.21	25.753	-2.273	-9.760	0.92493	-0.16837	-0.32217	0.11066	25.8	null	null	13113	75
2026-05-27T17:14:16.424	WT901BLE68(F3:F0:16:BF:DC:AE)	-0.247	0.778	1.441	3.357	29.358	-13.428	1.44	-6.37	-31.04	25.753	-2.273	-9.760	0.92493	-0.16837	-0.32217	0.11066	25.8	null	null	13113	75
2026-05-27T17:14:16.482	WT901BLE68(F3:F0:16:BF:DC:AE)	0.221	0.237	0.965	-95.215	-30.334	-117.554	-1.54	-12.74	-39.31	25.753	-2.273	-9.760	0.92493	-0.16837	-0.32217	0.11066	25.8	null	null	13113	60
2026-05-27T17:14:16.604	WT901BLE68(F3:F0:16:BF:DC:AE)	0.434	-0.012	0.779	-85.571	16.785	-207.458	-5.43	-16.11	-57.45	25.753	-2.273	-9.760	0.92493	-0.16837	-0.32217	0.11066	25.8	null	null	13113	60
2026-05-27T17:14:16.695	WT901BLE68(F3:F0:16:BF:DC:AE)	0.499	-0.096	0.583	-81.604	56.824	-252.625	-6.11	-17.23	-82.23	25.753	-2.273	-9.760	0.92493	-0.16837	-0.32217	0.11066	25.8	null	null	13113	60
2026-05-27T17:14:16.815	WT901BLE68(F3:F0:16:BF:DC:AE)	0.852	-0.103	0.413	32.043	-6.531	-233.398	-1.54	-18.22	-107.89	25.753	-2.273	-9.760	0.92493	-0.16837	-0.32217	0.11066	25.8	null	null	13113	60
2026-05-27T17:14:16.903	WT901BLE68(F3:F0:16:BF:DC:AE)	0.512	0.244	0.870	132.751	138.367	-139.404	12.52	-7.87	-124.99	25.753	-2.273	-9.760	0.92493	-0.16837	-0.32217	0.11066	25.8	null	null	13113	60
2026-05-27T17:14:17.020	WT901BLE68(F3:F0:16:BF:DC:AE)	0.599	0.441	1.196	70.618	13.672	-74.585	25.15	-4.46	-133.35	-53.493	3.853	21.233	0.92493	-0.16837	-0.32217	0.11066	25.8	null	null	13113	60
2026-05-27T17:14:17.113	WT901BLE68(F3:F0:16:BF:DC:AE)	0.713	0.399	1.347	9.949	-37.598	26.245	30.25	-6.05	-134.39	-53.493	3.853	21.233	0.92493	-0.16837	-0.32217	0.11066	25.8	null	null	13113	60
2026-05-27T17:14:17.236	WT901BLE68(F3:F0:16:BF:DC:AE)	0.798	0.170	1.203	-34.790	-5.310	138.428	27.27	-13.84	-126.96	-53.493	3.853	21.233	0.40063	0.03842	-0.26575	-0.87595	25.8	null	null	13113	60
2026-05-27T17:14:17.294	WT901BLE68(F3:F0:16:BF:DC:AE)	0.787	0.246	1.202	-58.533	54.138	215.515	17.07	-20.12	-107.47	-53.493	3.853	21.233	0.40063	0.03842	-0.26575	-0.87595	25.8	null	null	13113	60
2026-05-27T17:14:17.416	WT901BLE68(F3:F0:16:BF:DC:AE)	0.662	0.250	0.962	-73.547	7.629	242.126	0.97	-22.46	-81.70	-53.493	3.853	21.233	0.40063	0.03842	-0.26575	-0.87595	25.8	null	null	13113	60
2026-05-27T17:14:17.503	WT901BLE68(F3:F0:16:BF:DC:AE)	0.334	0.124	0.533	-53.467	-51.025	193.909	-14.13	-22.05	-58.38	-53.493	3.853	21.233	0.40063	0.03842	-0.26575	-0.87595	25.8	null	null	13113	60
2026-05-27T17:14:17.622	WT901BLE68(F3:F0:16:BF:DC:AE)	0.126	0.175	0.485	37.598	-23.010	120.667	-20.72	-22.97	-42.86	-53.493	3.853	21.233	0.40063	0.03842	-0.26575	-0.87595	25.8	null	null	13113	60
2026-05-27T17:14:17.716	WT901BLE68(F3:F0:16:BF:DC:AE)	0.277	0.342	0.930	75.867	4.028	73.181	-16.15	-22.69	-36.50	-53.493	3.853	21.233	0.40063	0.03842	-0.26575	-0.87595	25.8	null	null	13113	60
2026-05-27T17:14:17.833	WT901BLE68(F3:F0:16:BF:DC:AE)	0.381	-0.192	1.393	-10.193	-41.565	50.842	-14.10	-24.53	-32.59	-53.493	3.853	21.233	0.40063	0.03842	-0.26575	-0.87595	25.8	null	null	13113	60
2026-05-27T17:14:17.895	WT901BLE68(F3:F0:16:BF:DC:AE)	0.203	-0.316	1.009	-34.851	-12.634	33.691	-18.19	-25.12	-30.32	-9.280	3.220	27.913	0.40063	0.03842	-0.26575	-0.87595	25.8	null	null	13113	60
2026-05-27T17:14:18.012	WT901BLE68(F3:F0:16:BF:DC:AE)	0.079	-0.244	0.540	26.611	5.493	-5.371	-19.51	-25.14	-30.76	-9.280	3.220	27.913	0.40063	0.03842	-0.26575	-0.87595	25.8	null	null	13113	60
2026-05-27T17:14:18.103	WT901BLE68(F3:F0:16:BF:DC:AE)	0.126	0.173	1.096	109.558	61.218	-33.936	-10.35	-21.14	-35.33	-9.280	3.220	27.913	0.91953	-0.20370	-0.15939	-0.29568	25.8	null	null	13113	60
2026-05-27T17:14:18.229	WT901BLE68(F3:F0:16:BF:DC:AE)	-0.033	0.535	1.454	6.897	6.042	-10.498	-0.91	-13.91	-40.26	-9.280	3.220	27.913	0.91953	-0.20370	-0.15939	-0.29568	25.8	null	null	13113	60
2026-05-27T17:14:18.313	WT901BLE68(F3:F0:16:BF:DC:AE)	0.027	0.181	1.029	-67.444	-68.054	-75.623	-2.93	-18.54	-46.02	-9.280	3.220	27.913	0.91953	-0.20370	-0.15939	-0.29568	25.8	null	null	13113	60
2026-05-27T17:14:18.434	WT901BLE68(F3:F0:16:BF:DC:AE)	0.221	0.094	0.884	-77.637	-28.198	-180.969	-4.55	-21.15	-61.17	-9.280	3.220	27.913	0.91953	-0.20370	-0.15939	-0.29568	25.8	null	null	13113	60
2026-05-27T17:14:18.524	WT901BLE68(F3:F0:16:BF:DC:AE)	0.609	0.057	0.874	-66.467	-10.132	-210.327	-3.22	-21.93	-83.20	-9.280	3.220	27.913	0.91953	-0.20370	-0.15939	-0.29568	25.8	null	null	13113	60
2026-05-27T17:14:18.645	WT901BLE68(F3:F0:16:BF:DC:AE)	0.608	-0.014	0.684	-27.771	16.418	-207.703	0.74	-21.88	-105.18	-9.280	3.220	27.913	0.91953	-0.20370	-0.15939	-0.29568	25.8	null	null	13113	60
2026-05-27T17:14:18.703	WT901BLE68(F3:F0:16:BF:DC:AE)	0.415	0.043	0.523	50.354	73.975	-206.787	8.83	-15.06	-124.95	-9.280	3.220	27.913	0.91953	-0.20370	-0.15939	-0.29568	25.8	null	null	13113	60
2026-05-27T17:14:18.824	WT901BLE68(F3:F0:16:BF:DC:AE)	0.312	0.475	1.199	167.969	279.846	-182.007	23.24	2.98	-138.10	-43.747	3.013	25.547	0.91953	-0.20370	-0.15939	-0.29568	25.8	null	null	13113	60
2026-05-27T17:14:18.914	WT901BLE68(F3:F0:16:BF:DC:AE)	0.349	0.737	1.360	73.792	57.312	-19.653	36.29	11.18	-140.38	-43.747	3.013	25.547	0.91953	-0.20370	-0.15939	-0.29568	25.8	null	null	13113	60
2026-05-27T17:14:19.032	WT901BLE68(F3:F0:16:BF:DC:AE)	0.382	0.546	1.215	-23.804	12.268	87.097	37.84	7.17	-134.59	-43.747	3.013	25.547	0.31015	0.19266	-0.27454	-0.88950	25.8	null	null	13113	60
2026-05-27T17:14:19.127	WT901BLE68(F3:F0:16:BF:DC:AE)	0.403	0.563	1.140	-62.012	1.892	169.128	33.59	-0.93	-120.48	-43.747	3.013	25.547	0.31015	0.19266	-0.27454	-0.88950	25.8	null	null	13113	60
2026-05-27T17:14:19.242	WT901BLE68(F3:F0:16:BF:DC:AE)	0.331	0.385	0.989	-73.181	-0.549	206.604	24.42	-10.21	-101.46	-43.747	3.013	25.547	0.31015	0.19266	-0.27454	-0.88950	25.8	null	null	13113	60
2026-05-27T17:14:19.307	WT901BLE68(F3:F0:16:BF:DC:AE)	0.384	0.278	0.881	-54.810	-9.155	206.299	13.26	-17.58	-80.39	-43.747	3.013	25.547	0.31015	0.19266	-0.27454	-0.88950	25.8	null	null	13113	60
2026-05-27T17:14:19.423	WT901BLE68(F3:F0:16:BF:DC:AE)	0.593	0.189	0.980	24.353	-61.890	176.392	5.34	-23.74	-60.72	-43.747	3.013	25.547	0.31015	0.19266	-0.27454	-0.88950	25.8	null	null	13113	60
2026-05-27T17:14:19.511	WT901BLE68(F3:F0:16:BF:DC:AE)	-0.045	0.255	0.509	26.367	-45.654	120.178	2.29	-21.92	-45.47	-43.747	3.013	25.547	0.31015	0.19266	-0.27454	-0.88950	25.8	null	null	13113	60
2026-05-27T17:14:19.635	WT901BLE68(F3:F0:16:BF:DC:AE)	0.454	0.668	0.968	108.398	71.167	58.167	6.76	-26.75	-37.91	-43.747	3.013	25.547	0.31015	0.19266	-0.27454	-0.88950	25.8	null	null	13113	60
2026-05-27T17:14:19.722	WT901BLE68(F3:F0:16:BF:DC:AE)	-0.022	0.665	1.007	6.348	61.157	55.054	12.13	-17.94	-31.92	-13.600	25.820	17.433	0.31015	0.19266	-0.27454	-0.88950	25.8	null	null	13113	60
2026-05-27T17:14:19.846	WT901BLE68(F3:F0:16:BF:DC:AE)	0.170	0.004	1.115	-77.271	-44.495	29.602	6.66	-21.92	-29.09	-13.600	25.820	17.433	0.31015	0.19266	-0.27454	-0.88950	25.8	null	null	13113	60
2026-05-27T17:14:19.933	WT901BLE68(F3:F0:16:BF:DC:AE)	0.134	-0.236	0.487	-33.875	-76.904	-0.061	0.33	-26.86	-28.39	-13.600	25.820	17.433	0.94879	-0.02783	-0.20892	-0.23511	25.8	null	null	13113	60
2026-05-27T17:14:20.054	WT901BLE68(F3:F0:16:BF:DC:AE)	0.301	0.265	0.759	87.402	18.005	-29.724	4.65	-29.30	-30.27	-13.600	25.820	17.433	0.94879	-0.02783	-0.20892	-0.23511	25.8	null	null	13113	60
2026-05-27T17:14:20.115	WT901BLE68(F3:F0:16:BF:DC:AE)	0.500	0.810	0.969	58.899	38.940	11.963	13.86	-22.59	-30.66	-13.600	25.820	17.433	0.94879	-0.02783	-0.20892	-0.23511	25.8	null	null	13113	60
2026-05-27T17:14:20.237	WT901BLE68(F3:F0:16:BF:DC:AE)	-0.174	0.604	1.293	-65.125	-46.021	0.183	12.22	-20.32	-29.06	-13.600	25.820	17.433	0.94879	-0.02783	-0.20892	-0.23511	25.8	null	null	13113	60
2026-05-27T17:14:20.324	WT901BLE68(F3:F0:16:BF:DC:AE)	-0.028	0.459	0.974	-126.831	-46.570	-94.788	5.77	-24.36	-36.10	-13.600	25.820	17.433	0.94879	-0.02783	-0.20892	-0.23511	25.8	null	null	13113	60
2026-05-27T17:14:20.441	WT901BLE68(F3:F0:16:BF:DC:AE)	0.546	0.252	0.771	-126.465	21.606	-197.144	1.76	-26.59	-55.10	-13.600	25.820	17.433	0.94879	-0.02783	-0.20892	-0.23511	25.8	null	null	13113	60
2026-05-27T17:14:20.536	WT901BLE68(F3:F0:16:BF:DC:AE)	0.848	0.199	0.658	-69.336	70.190	-229.309	3.57	-21.74	-79.90	-13.600	25.820	17.433	0.94879	-0.02783	-0.20892	-0.23511	25.8	null	null	13113	60
2026-05-27T17:14:20.651	WT901BLE68(F3:F0:16:BF:DC:AE)	0.881	0.216	0.654	-19.714	2.380	-187.805	7.87	-18.53	-101.18	-25.340	11.533	24.920	0.94879	-0.02783	-0.20892	-0.23511	25.8	null	null	13113	60
2026-05-27T17:14:20.717	WT901BLE68(F3:F0:16:BF:DC:AE)	0.555	0.259	0.792	21.057	57.373	-155.884	13.21	-12.52	-116.08	-25.340	11.533	24.920	0.94879	-0.02783	-0.20892	-0.23511	25.8	null	null	13113	60
2026-05-27T17:14:20.836	WT901BLE68(F3:F0:16:BF:DC:AE)	0.515	0.333	0.826	51.575	-23.376	-127.197	19.98	-9.50	-127.99	-25.340	11.533	24.920	0.49640	-0.00891	-0.16116	-0.85291	25.8	null	null	13113	60
2026-05-27T17:14:20.924	WT901BLE68(F3:F0:16:BF:DC:AE)	0.473	0.545	1.130	100.342	154.480	-63.477	30.03	2.96	-130.38	-25.340	11.533	24.920	0.49640	-0.00891	-0.16116	-0.85291	25.8	null	null	13113	60
2026-05-27T17:14:21.047	WT901BLE68(F3:F0:16:BF:DC:AE)	0.350	0.471	1.086	19.348	-108.093	4.822	34.85	2.02	-130.28	-25.340	11.533	24.920	0.49640	-0.00891	-0.16116	-0.85291	25.8	null	null	13113	60
2026-05-27T17:14:21.132	WT901BLE68(F3:F0:16:BF:DC:AE)	0.483	0.319	1.079	1.770	-8.545	50.415	35.07	-6.14	-128.72	-25.340	11.533	24.920	0.49640	-0.00891	-0.16116	-0.85291	25.8	null	null	13113	60
2026-05-27T17:14:21.257	WT901BLE68(F3:F0:16:BF:DC:AE)	0.566	0.309	0.955	-0.061	9.216	96.497	33.38	-11.12	-119.66	-25.340	11.533	24.920	0.49640	-0.00891	-0.16116	-0.85291	25.8	null	null	13113	60
2026-05-27T17:14:21.343	WT901BLE68(F3:F0:16:BF:DC:AE)	0.650	0.454	1.144	-25.085	-7.080	147.766	28.97	-16.32	-105.28	-25.340	11.533	24.920	0.49640	-0.00891	-0.16116	-0.85291	25.8	null	null	13113	60
2026-05-27T17:14:21.466	WT901BLE68(F3:F0:16:BF:DC:AE)	0.741	0.451	1.032	-50.232	-19.165	210.144	18.07	-25.46	-86.34	-25.340	11.533	24.920	0.49640	-0.00891	-0.16116	-0.85291	25.8	null	null	13113	60
2026-05-27T17:14:21.522	WT901BLE68(F3:F0:16:BF:DC:AE)	0.555	0.425	0.976	-82.886	68.115	209.229	1.51	-27.86	-62.27	-32.953	18.853	20.107	0.49640	-0.00891	-0.16116	-0.85291	25.8	null	null	13113	60
2026-05-27T17:14:21.645	WT901BLE68(F3:F0:16:BF:DC:AE)	0.200	0.055	0.464	-64.087	12.695	138.184	-13.49	-22.34	-45.29	-32.953	18.853	20.107	0.49640	-0.00891	-0.16116	-0.85291	25.8	null	null	13113	60
2026-05-27T17:14:21.732	WT901BLE68(F3:F0:16:BF:DC:AE)	0.101	0.179	0.712	83.069	-3.052	100.525	-16.19	-18.53	-36.54	-32.953	18.853	20.107	0.90039	-0.19528	-0.11752	-0.37045	25.8	null	null	13113	60
2026-05-27T17:14:21.854	WT901BLE68(F3:F0:16:BF:DC:AE)	-0.024	0.419	0.978	61.829	65.002	75.684	-7.31	-14.91	-31.57	-32.953	18.853	20.107	0.90039	-0.19528	-0.11752	-0.37045	25.8	null	null	13113	60
2026-05-27T17:14:21.943	WT901BLE68(F3:F0:16:BF:DC:AE)	0.059	-0.227	1.214	-80.750	-84.961	21.240	-8.38	-16.97	-28.74	-32.953	18.853	20.107	0.90039	-0.19528	-0.11752	-0.37045	25.8	null	null	13113	60
2026-05-27T17:14:22.069	WT901BLE68(F3:F0:16:BF:DC:AE)	0.069	-0.405	0.670	-48.645	-46.875	-10.010	-15.47	-22.70	-29.15	-32.953	18.853	20.107	0.90039	-0.19528	-0.11752	-0.37045	25.8	null	null	13113	60
2026-05-27T17:14:22.121	WT901BLE68(F3:F0:16:BF:DC:AE)	0.197	-0.035	0.692	82.458	-48.645	-26.001	-14.34	-27.35	-30.78	-32.953	18.853	20.107	0.90039	-0.19528	-0.11752	-0.37045	25.8	null	null	13113	60
2026-05-27T17:14:22.245	WT901BLE68(F3:F0:16:BF:DC:AE)	0.273	0.374	0.973	56.274	85.510	-1.221	-3.70	-25.52	-34.83	-32.953	18.853	20.107	0.90039	-0.19528	-0.11752	-0.37045	25.8	null	null	13113	60
2026-05-27T17:14:22.332	WT901BLE68(F3:F0:16:BF:DC:AE)	0.064	0.233	1.169	-52.063	-56.946	-48.645	-1.71	-23.61	-38.01	-32.953	18.853	20.107	0.90039	-0.19528	-0.11752	-0.37045	25.8	null	null	13113	60
2026-05-27T17:14:22.455	WT901BLE68(F3:F0:16:BF:DC:AE)	0.144	0.135	0.958	-72.937	1.526	-143.311	-3.07	-24.73	-49.47	-9.247	12.040	24.007	0.90039	-0.19528	-0.11752	-0.37045	25.8	null	null	13113	60
2026-05-27T17:14:22.542	WT901BLE68(F3:F0:16:BF:DC:AE)	0.416	0.167	0.825	-69.519	46.448	-205.994	-1.56	-23.13	-69.79	-9.247	12.040	24.007	0.90039	-0.19528	-0.11752	-0.37045	25.8	null	null	13113	60
2026-05-27T17:14:22.666	WT901BLE68(F3:F0:16:BF:DC:AE)	0.474	0.159	0.537	-45.288	46.448	-225.952	1.74	-20.02	-93.70	-9.247	12.040	24.007	0.72971	-0.12625	-0.14355	-0.65640	25.8	null	null	13113	60
2026-05-27T17:14:22.754	WT901BLE68(F3:F0:16:BF:DC:AE)	0.540	0.013	0.600	33.752	95.764	-193.481	8.32	-18.81	-115.01	-9.247	12.040	24.007	0.72971	-0.12625	-0.14355	-0.65640	25.8	null	null	13113	60
2026-05-27T17:14:22.874	WT901BLE68(F3:F0:16:BF:DC:AE)	0.685	0.673	1.106	133.972	27.344	-182.434	22.23	-7.32	-130.22	-9.247	12.040	24.007	0.72971	-0.12625	-0.14355	-0.65640	25.8	null	null	13113	60
2026-05-27T17:14:22.935	WT901BLE68(F3:F0:16:BF:DC:AE)	0.628	0.592	1.101	40.405	-51.575	-34.912	32.07	-3.23	-137.41	-9.247	12.040	24.007	0.72971	-0.12625	-0.14355	-0.65640	25.8	null	null	13113	60
2026-05-27T17:14:23.056	WT901BLE68(F3:F0:16:BF:DC:AE)	0.642	0.259	1.137	-6.348	-26.184	17.700	33.44	-9.03	-138.70	-9.247	12.040	24.007	0.72971	-0.12625	-0.14355	-0.65640	25.8	null	null	13113	60
2026-05-27T17:14:23.145	WT901BLE68(F3:F0:16:BF:DC:AE)	0.735	0.359	1.092	-28.931	-15.137	87.952	30.93	-14.70	-132.70	-9.247	12.040	24.007	0.72971	-0.12625	-0.14355	-0.65640	25.8	null	null	13113	60
2026-05-27T17:14:23.263	WT901BLE68(F3:F0:16:BF:DC:AE)	1.002	0.243	0.854	-28.503	-27.527	169.922	24.08	-25.95	-121.12	-9.247	12.040	24.007	0.72971	-0.12625	-0.14355	-0.65640	25.8	null	null	13113	60
2026-05-27T17:14:23.353	WT901BLE68(F3:F0:16:BF:DC:AE)	0.875	0.114	0.692	-2.014	9.155	197.693	12.42	-32.80	-99.46	-38.147	10.667	24.433	0.72971	-0.12625	-0.14355	-0.65640	25.8	null	null	13113	60
2026-05-27T17:14:23.474	WT901BLE68(F3:F0:16:BF:DC:AE)	0.808	0.165	0.695	15.015	24.109	196.716	0.10	-33.88	-75.01	-38.147	10.667	24.433	0.72971	-0.12625	-0.14355	-0.65640	25.8	null	null	13113	60
2026-05-27T17:14:23.533	WT901BLE68(F3:F0:16:BF:DC:AE)	0.629	0.186	0.674	18.494	-0.427	164.978	-9.24	-32.46	-54.27	-38.147	10.667	24.433	0.80566	-0.18671	-0.21951	-0.51743	25.8	null	null	13113	60
2026-05-27T17:14:23.655	WT901BLE68(F3:F0:16:BF:DC:AE)	0.315	0.265	0.677	58.960	62.866	130.615	-13.25	-28.27	-40.51	-38.147	10.667	24.433	0.80566	-0.18671	-0.21951	-0.51743	25.8	null	null	13113	60
2026-05-27T17:14:23.745	WT901BLE68(F3:F0:16:BF:DC:AE)	0.159	0.432	0.831	82.764	35.706	114.380	-8.32	-20.60	-31.67	-38.147	10.667	24.433	0.80566	-0.18671	-0.21951	-0.51743	25.8	null	null	13113	60
2026-05-27T17:14:23.893	WT901BLE68(F3:F0:16:BF:DC:AE)	0.028	0.008	1.255	-36.438	-72.754	69.946	-7.61	-20.60	-24.81	-38.147	10.667	24.433	0.80566	-0.18671	-0.21951	-0.51743	25.8	null	null	13113	60
2026-05-27T17:14:23.951	WT901BLE68(F3:F0:16:BF:DC:AE)	0.280	-0.361	0.772	-53.833	-76.721	28.320	-14.44	-27.43	-21.30	-38.147	10.667	24.433	0.80566	-0.18671	-0.21951	-0.51743	25.8	null	null	13113	60
2026-05-27T17:14:24.071	WT901BLE68(F3:F0:16:BF:DC:AE)	0.148	-0.083	0.779	60.913	1.587	-9.094	-15.70	-30.56	-19.83	-38.147	10.667	24.433	0.80566	-0.18671	-0.21951	-0.51743	25.8	null	null	13113	60
2026-05-27T17:14:24.191	WT901BLE68(F3:F0:16:BF:DC:AE)	0.112	0.443	0.895	81.909	17.578	-46.753	-4.42	-27.24	-23.90	-38.147	10.667	24.433	0.80566	-0.18671	-0.21951	-0.51743	25.8	null	null	13113	60
2026-05-27T17:14:24.280	WT901BLE68(F3:F0:16:BF:DC:AE)	0.064	0.471	1.182	-25.940	-57.983	-70.801	2.04	-26.30	-30.82	-4.027	14.947	20.320	0.80566	-0.18671	-0.21951	-0.51743	25.8	null	null	13113	60
2026-05-27T17:14:24.339	WT901BLE68(F3:F0:16:BF:DC:AE)	0.359	0.321	1.071	-77.820	-34.119	-150.452	3.97	-30.09	-44.40	-4.027	14.947	20.320	0.80566	-0.18671	-0.21951	-0.51743	25.8	null	null	13113	60
2026-05-27T17:14:24.459	WT901BLE68(F3:F0:16:BF:DC:AE)	0.837	0.257	0.915	-117.981	-7.324	-175.720	5.00	-30.84	-64.80	-4.027	14.947	20.320	0.86584	-0.08292	-0.25525	-0.42212	25.8	null	null	13113	60
2026-05-27T17:14:24.551	WT901BLE68(F3:F0:16:BF:DC:AE)	0.800	0.180	0.524	-126.099	32.776	-162.598	2.96	-29.49	-84.11	-4.027	14.947	20.320	0.86584	-0.08292	-0.25525	-0.42212	25.8	null	null	13113	60
2026-05-27T17:14:24.673	WT901BLE68(F3:F0:16:BF:DC:AE)	0.557	0.066	0.343	-61.584	70.313	-168.274	2.89	-27.41	-102.21	-4.027	14.947	20.320	0.86584	-0.08292	-0.25525	-0.42212	25.8	null	null	13113	60
2026-05-27T17:14:24.767	WT901BLE68(F3:F0:16:BF:DC:AE)	0.695	0.357	0.721	111.755	195.740	-199.951	13.56	-14.87	-119.33	-4.027	14.947	20.320	0.86584	-0.08292	-0.25525	-0.42212	25.8	null	null	13113	60
2026-05-27T17:14:24.885	WT901BLE68(F3:F0:16:BF:DC:AE)	0.199	0.714	1.064	105.530	44.617	-44.739	28.64	-0.42	-123.62	-4.027	14.947	20.320	0.86584	-0.08292	-0.25525	-0.42212	25.8	null	null	13113	60
2026-05-27T17:14:24.942	WT901BLE68(F3:F0:16:BF:DC:AE)	0.429	0.240	1.383	13.306	-45.349	-14.282	33.74	-4.48	-126.00	-4.027	14.947	20.320	0.86584	-0.08292	-0.25525	-0.42212	25.8	null	null	13113	60
2026-05-27T17:14:25.064	WT901BLE68(F3:F0:16:BF:DC:AE)	0.520	0.322	1.104	-14.832	-3.601	45.959	32.74	-9.08	-124.12	-4.027	14.947	20.320	0.86584	-0.08292	-0.25525	-0.42212	25.8	null	null	13113	60
2026-05-27T17:14:25.152	WT901BLE68(F3:F0:16:BF:DC:AE)	0.611	0.253	0.973	-29.297	-4.578	100.830	28.12	-14.69	-115.81	-55.187	11.613	16.120	0.86584	-0.08292	-0.25525	-0.42212	25.8	null	null	13113	60
2026-05-27T17:14:25.273	WT901BLE68(F3:F0:16:BF:DC:AE)	0.739	0.228	0.872	-14.893	16.296	150.940	21.68	-20.45	-101.80	-55.187	11.613	16.120	0.86584	-0.08292	-0.25525	-0.42212	25.8	null	null	13113	60
2026-05-27T17:14:25.364	WT901BLE68(F3:F0:16:BF:DC:AE)	0.822	0.312	0.804	-1.648	18.188	197.998	13.58	-24.95	-81.95	-55.187	11.613	16.120	0.68011	-0.03265	-0.24710	-0.68933	25.8	null	null	13113	60
2026-05-27T17:14:25.481	WT901BLE68(F3:F0:16:BF:DC:AE)	0.768	0.374	0.761	3.967	10.559	219.971	3.85	-27.14	-58.39	-55.187	11.613	16.120	0.68011	-0.03265	-0.24710	-0.68933	25.8	null	null	13113	60
2026-05-27T17:14:25.573	WT901BLE68(F3:F0:16:BF:DC:AE)	0.517	0.351	0.628	16.663	-19.348	196.350	-4.83	-28.06	-36.18	-55.187	11.613	16.120	0.68011	-0.03265	-0.24710	-0.68933	25.8	null	null	13113	60
2026-05-27T17:14:25.696	WT901BLE68(F3:F0:16:BF:DC:AE)	0.266	0.304	0.633	69.092	16.541	155.945	-8.93	-28.18	-19.36	-55.187	11.613	16.120	0.68011	-0.03265	-0.24710	-0.68933	25.8	null	null	13113	60
2026-05-27T17:14:25.754	WT901BLE68(F3:F0:16:BF:DC:AE)	0.128	0.587	1.256	82.275	38.879	93.811	-3.77	-24.43	-10.11	-55.187	11.613	16.120	0.68011	-0.03265	-0.24710	-0.68933	25.8	null	null	13113	60
2026-05-27T17:14:25.874	WT901BLE68(F3:F0:16:BF:DC:AE)	0.136	0.178	1.145	-48.889	-58.472	58.899	-5.66	-25.98	-3.83	-55.187	11.613	16.120	0.68011	-0.03265	-0.24710	-0.68933	25.8	null	null	13113	60
2026-05-27T17:14:25.966	WT901BLE68(F3:F0:16:BF:DC:AE)	0.313	-0.389	0.440	-17.700	-88.379	8.179	-11.59	-33.14	0.76	-55.187	11.613	16.120	0.68011	-0.03265	-0.24710	-0.68933	25.8	null	null	13113	60
2026-05-27T17:14:26.083	WT901BLE68(F3:F0:16:BF:DC:AE)	0.301	0.276	1.038	74.097	49.561	-32.227	-6.36	-30.84	0.08	8.133	8.340	16.800	0.68011	-0.03265	-0.24710	-0.68933	25.8	null	null	13113	60
2026-05-27T17:14:26.175	WT901BLE68(F3:F0:16:BF:DC:AE)	0.321	0.604	0.772	39.917	43.518	-34.485	3.45	-26.57	-4.06	8.133	8.340	16.800	0.68011	-0.03265	-0.24710	-0.68933	25.8	null	null	13113	60
2026-05-27T17:14:26.291	WT901BLE68(F3:F0:16:BF:DC:AE)	0.367	0.425	1.077	-57.434	-84.656	-75.989	5.10	-30.23	-10.34	8.133	8.340	16.800	0.97244	0.02838	-0.22809	-0.03763	25.8	null	null	13113	60
2026-05-27T17:14:26.368	WT901BLE68(F3:F0:16:BF:DC:AE)	0.512	0.333	0.986	-81.970	-39.185	-138.550	5.95	-32.28	-24.01	8.133	8.340	16.800	0.97244	0.02838	-0.22809	-0.03763	25.8	null	null	13113	60
2026-05-27T17:14:26.473	WT901BLE68(F3:F0:16:BF:DC:AE)	0.872	0.346	0.939	-104.675	-12.207	-158.569	7.16	-32.19	-42.56	8.133	8.340	16.800	0.97244	0.02838	-0.22809	-0.03763	25.8	null	null	13113	60
2026-05-27T17:14:26.565	WT901BLE68(F3:F0:16:BF:DC:AE)	0.910	0.272	0.806	-129.517	24.414	-138.672	4.39	-29.12	-59.79	8.133	8.340	16.800	0.97244	0.02838	-0.22809	-0.03763	25.8	null	null	13113	60
2026-05-27T17:14:26.686	WT901BLE68(F3:F0:16:BF:DC:AE)	0.696	0.098	0.493	-125.000	27.893	-137.024	-0.87	-26.86	-75.28	8.133	8.340	16.800	0.97244	0.02838	-0.22809	-0.03763	25.8	null	null	13113	60
2026-05-27T17:14:26.774	WT901BLE68(F3:F0:16:BF:DC:AE)	0.383	-0.111	0.271	-40.649	68.298	-160.583	-1.20	-24.51	-92.22	8.133	8.340	16.800	0.97244	0.02838	-0.22809	-0.03763	25.8	null	null	13113	60
2026-05-27T17:14:26.895	WT901BLE68(F3:F0:16:BF:DC:AE)	0.262	0.253	0.917	143.555	21.667	-210.022	12.81	-18.90	-111.31	8.133	8.340	16.800	0.97244	0.02838	-0.22809	-0.03763	25.8	null	null	13113	60
2026-05-27T17:14:26.981	WT901BLE68(F3:F0:16:BF:DC:AE)	1.242	1.159	1.083	115.417	27.161	-103.516	33.12	-14.98	-127.82	-42.847	7.167	23.400	0.97244	0.02838	-0.22809	-0.03763	25.8	null	null	13113	60
2026-05-27T17:14:27.105	WT901BLE68(F3:F0:16:BF:DC:AE)	0.813	0.179	1.069	-2.075	-38.391	33.142	36.41	-19.10	-129.26	-42.847	7.167	23.400	0.97244	0.02838	-0.22809	-0.03763	25.8	null	null	13113	60
2026-05-27T17:14:27.165	WT901BLE68(F3:F0:16:BF:DC:AE)	0.881	0.328	0.839	1.953	26.367	90.027	34.31	-24.05	-122.81	-42.847	7.167	23.400	0.47012	-0.02902	-0.35123	-0.80911	25.8	null	null	13113	60
2026-05-27T17:14:27.284	WT901BLE68(F3:F0:16:BF:DC:AE)	0.804	0.314	0.893	-9.338	0.549	148.376	27.98	-28.91	-108.10	-42.847	7.167	23.400	0.47012	-0.02902	-0.35123	-0.80911	25.8	null	null	13113	60
2026-05-27T17:14:27.380	WT901BLE68(F3:F0:16:BF:DC:AE)	0.853	0.280	0.781	0.977	11.047	185.852	17.36	-36.20	-88.76	-42.847	7.167	23.400	0.47012	-0.02902	-0.35123	-0.80911	25.8	null	null	13113	60
2026-05-27T17:14:27.493	WT901BLE68(F3:F0:16:BF:DC:AE)	0.836	0.263	0.771	1.709	24.475	197.754	3.38	-38.54	-64.73	-42.847	7.167	23.400	0.47012	-0.02902	-0.35123	-0.80911	25.8	null	null	13113	60
2026-05-27T17:14:27.585	WT901BLE68(F3:F0:16:BF:DC:AE)	0.681	0.109	0.691	-5.127	21.118	183.655	-10.56	-36.24	-41.82	-42.847	7.167	23.400	0.47012	-0.02902	-0.35123	-0.80911	25.8	null	null	13113	60
2026-05-27T17:14:27.708	WT901BLE68(F3:F0:16:BF:DC:AE)	0.390	-0.075	0.574	7.690	27.832	130.127	-19.92	-31.35	-26.16	-42.847	7.167	23.400	0.47012	-0.02902	-0.35123	-0.80911	25.8	null	null	13113	60
2026-05-27T17:14:27.764	WT901BLE68(F3:F0:16:BF:DC:AE)	0.263	0.065	0.788	55.054	24.292	83.740	-20.93	-25.52	-19.85	-42.847	7.167	23.400	0.47012	-0.02902	-0.35123	-0.80911	25.8	null	null	13113	60
2026-05-27T17:14:27.886	WT901BLE68(F3:F0:16:BF:DC:AE)	-0.012	0.250	0.868	77.698	22.522	59.082	-14.92	-18.88	-18.25	-10.707	1.553	28.780	0.47012	-0.02902	-0.35123	-0.80911	25.8	null	null	13113	60
2026-05-27T17:14:27.973	WT901BLE68(F3:F0:16:BF:DC:AE)	0.064	0.230	1.324	-11.230	-28.931	54.199	-10.42	-17.22	-16.71	-10.707	1.553	28.780	0.47012	-0.02902	-0.35123	-0.80911	25.8	null	null	13113	60
2026-05-27T17:14:28.093	WT901BLE68(F3:F0:16:BF:DC:AE)	0.110	-0.366	1.065	-77.148	-87.646	20.325	-15.46	-21.48	-15.31	-10.707	1.553	28.780	0.96967	-0.12485	-0.14383	-0.15292	25.8	null	null	13113	60
2026-05-27T17:14:28.182	WT901BLE68(F3:F0:16:BF:DC:AE)	-0.008	-0.514	0.444	-14.282	-43.396	-28.198	-21.78	-26.11	-15.52	-10.707	1.553	28.780	0.96967	-0.12485	-0.14383	-0.15292	25.8	null	null	13113	60
2026-05-27T17:14:28.304	WT901BLE68(F3:F0:16:BF:DC:AE)	0.438	0.084	0.910	105.469	50.293	-49.561	-15.31	-27.04	-19.91	-10.707	1.553	28.780	0.96967	-0.12485	-0.14383	-0.15292	25.8	null	null	13113	60
2026-05-27T17:14:28.427	WT901BLE68(F3:F0:16:BF:DC:AE)	0.291	-0.002	1.366	16.296	24.597	3.113	-5.14	-20.84	-25.41	-10.707	1.553	28.780	0.96967	-0.12485	-0.14383	-0.15292	25.8	null	null	13113	60
2026-05-27T17:14:28.514	WT901BLE68(F3:F0:16:BF:DC:AE)	0.383	-0.362	1.045	-82.336	-63.782	-7.080	-9.01	-23.87	-26.63	-10.707	1.553	28.780	0.96967	-0.12485	-0.14383	-0.15292	25.8	null	null	13113	60
2026-05-27T17:14:28.574	WT901BLE68(F3:F0:16:BF:DC:AE)	0.184	-0.378	0.622	-23.987	-11.536	-23.865	-15.40	-27.39	-27.97	-10.707	1.553	28.780	0.96967	-0.12485	-0.14383	-0.15292	25.8	null	null	13113	60
2026-05-27T17:14:28.692	WT901BLE68(F3:F0:16:BF:DC:AE)	0.233	0.159	0.755	82.153	16.418	-45.776	-9.82	-25.04	-33.28	-10.707	1.553	28.780	0.96967	-0.12485	-0.14383	-0.15292	25.8	null	null	13113	60
2026-05-27T17:14:28.781	WT901BLE68(F3:F0:16:BF:DC:AE)	0.195	0.501	1.135	11.719	15.381	-9.766	-1.97	-19.81	-38.58	-5.387	8.540	24.380	0.96967	-0.12485	-0.14383	-0.15292	25.8	null	null	13113	60
2026-05-27T17:14:28.905	WT901BLE68(F3:F0:16:BF:DC:AE)	0.301	0.057	1.086	-46.631	-15.869	-47.913	-2.75	-23.94	-42.51	-5.387	8.540	24.380	0.96967	-0.12485	-0.14383	-0.15292	25.8	null	null	13113	60
2026-05-27T17:14:28.994	WT901BLE68(F3:F0:16:BF:DC:AE)	0.433	0.008	0.961	-100.525	11.230	-141.418	-4.72	-24.06	-53.93	-5.387	8.540	24.380	0.89597	-0.10910	-0.18063	-0.39066	25.8	null	null	13113	60
2026-05-27T17:14:29.116	WT901BLE68(F3:F0:16:BF:DC:AE)	0.818	0.003	0.524	-127.747	26.428	-164.429	-8.76	-26.12	-71.74	-5.387	8.540	24.380	0.89597	-0.10910	-0.18063	-0.39066	25.8	null	null	13113	60
2026-05-27T17:14:29.174	WT901BLE68(F3:F0:16:BF:DC:AE)	0.587	-0.155	0.369	-58.105	14.465	-186.462	-9.48	-27.10	-91.49	-5.387	8.540	24.380	0.89597	-0.10910	-0.18063	-0.39066	25.8	null	null	13113	60
2026-05-27T17:14:29.296	WT901BLE68(F3:F0:16:BF:DC:AE)	0.176	-0.037	0.268	118.896	154.053	-218.384	2.02	-20.59	-113.23	-5.387	8.540	24.380	0.89597	-0.10910	-0.18063	-0.39066	25.8	null	null	13113	60
2026-05-27T17:14:29.385	WT901BLE68(F3:F0:16:BF:DC:AE)	0.769	1.130	1.398	209.045	-10.376	-174.561	26.39	-8.56	-129.88	-5.387	8.540	24.380	0.89597	-0.10910	-0.18063	-0.39066	25.8	null	null	13113	60
2026-05-27T17:14:29.503	WT901BLE68(F3:F0:16:BF:DC:AE)	0.754	0.528	1.620	-6.104	-82.703	15.808	37.55	-6.12	-133.24	-5.387	8.540	24.380	0.89597	-0.10910	-0.18063	-0.39066	25.8	null	null	13113	60
2026-05-27T17:14:29.590	WT901BLE68(F3:F0:16:BF:DC:AE)	0.648	0.251	1.240	-58.533	-19.714	91.919	33.17	-14.26	-128.46	-5.387	8.540	24.380	0.89597	-0.10910	-0.18063	-0.39066	25.8	null	null	13113	60
2026-05-27T17:14:29.717	WT901BLE68(F3:F0:16:BF:DC:AE)	0.775	0.301	0.997	-87.036	-13.977	155.212	21.81	-21.92	-115.39	-49.473	15.507	16.693	0.89597	-0.10910	-0.18063	-0.39066	25.8	null	null	13113	60
2026-05-27T17:14:29.803	WT901BLE68(F3:F0:16:BF:DC:AE)	0.730	0.136	0.757	-73.730	-17.517	196.594	5.44	-28.34	-95.12	-49.473	15.507	16.693	0.89597	-0.10910	-0.18063	-0.39066	25.8	null	null	13113	60
2026-05-27T17:14:29.923	WT901BLE68(F3:F0:16:BF:DC:AE)	0.604	0.017	0.660	-32.227	-83.801	199.341	-10.78	-31.73	-71.92	-49.473	15.507	16.693	0.70511	-0.18356	-0.17990	-0.66080	25.8	null	null	13113	60
2026-05-27T17:14:29.984	WT901BLE68(F3:F0:16:BF:DC:AE)	0.673	-0.109	0.363	20.508	-55.054	188.660	-25.50	-36.40	-47.31	-49.473	15.507	16.693	0.70511	-0.18356	-0.17990	-0.66080	25.8	null	null	13113	60
2026-05-27T17:14:30.104	WT901BLE68(F3:F0:16:BF:DC:AE)	0.258	-0.115	0.289	109.985	48.279	120.422	-29.44	-33.09	-31.27	-49.473	15.507	16.693	0.70511	-0.18356	-0.17990	-0.66080	25.8	null	null	13113	60
2026-05-27T17:14:30.196	WT901BLE68(F3:F0:16:BF:DC:AE)	-0.005	0.385	1.072	185.486	17.090	53.711	-15.50	-24.22	-29.15	-49.473	15.507	16.693	0.70511	-0.18356	-0.17990	-0.66080	25.8	null	null	13113	60
2026-05-27T17:14:30.313	WT901BLE68(F3:F0:16:BF:DC:AE)	-0.045	0.588	1.876	36.743	-92.407	37.842	-2.90	-23.10	-28.44	-49.473	15.507	16.693	0.70511	-0.18356	-0.17990	-0.66080	25.8	null	null	13113	60
2026-05-27T17:14:30.407	WT901BLE68(F3:F0:16:BF:DC:AE)	0.250	-0.230	1.121	-73.669	-77.087	22.156	-7.99	-28.27	-26.81	-49.473	15.507	16.693	0.70511	-0.18356	-0.17990	-0.66080	25.8	null	null	13113	60
2026-05-27T17:14:30.526	WT901BLE68(F3:F0:16:BF:DC:AE)	0.241	-0.304	0.694	-43.579	-14.771	8.057	-14.77	-31.76	-24.55	-49.473	15.507	16.693	0.70511	-0.18356	-0.17990	-0.66080	25.8	null	null	13113	60
2026-05-27T17:14:30.581	WT901BLE68(F3:F0:16:BF:DC:AE)	0.177	-0.158	0.424	46.387	45.044	-44.128	-13.33	-31.09	-26.89	1.600	3.587	22.113	0.70511	-0.18356	-0.17990	-0.66080	25.8	null	null	13113	60
2026-05-27T17:14:30.707	WT901BLE68(F3:F0:16:BF:DC:AE)	0.590	0.313	1.339	81.909	-5.798	-48.462	-1.42	-28.45	-33.30	1.600	3.587	22.113	0.70511	-0.18356	-0.17990	-0.66080	25.8	null	null	13113	60
2026-05-27T17:14:30.792	WT901BLE68(F3:F0:16:BF:DC:AE)	0.456	-0.060	1.323	-55.176	-80.994	-6.287	0.60	-28.56	-35.52	1.600	3.587	22.113	0.92679	-0.06332	-0.23410	-0.28656	25.8	null	null	13113	60
2026-05-27T17:14:30.918	WT901BLE68(F3:F0:16:BF:DC:AE)	0.265	-0.350	0.674	-46.875	0.854	-30.884	-5.34	-32.41	-37.08	1.600	3.587	22.113	0.92679	-0.06332	-0.23410	-0.28656	25.8	null	null	13113	60
2026-05-27T17:14:31.002	WT901BLE68(F3:F0:16:BF:DC:AE)	0.326	0.259	0.974	40.833	32.471	-61.035	-1.77	-27.84	-42.56	1.600	3.587	22.113	0.92679	-0.06332	-0.23410	-0.28656	25.8	null	null	13113	60
2026-05-27T17:14:31.125	WT901BLE68(F3:F0:16:BF:DC:AE)	0.504	0.558	1.136	-48.035	-35.828	-25.635	1.47	-26.52	-47.69	1.600	3.587	22.113	0.92679	-0.06332	-0.23410	-0.28656	25.8	null	null	13113	60
2026-05-27T17:14:31.216	WT901BLE68(F3:F0:16:BF:DC:AE)	0.425	0.067	0.874	-120.300	14.709	-95.886	-4.14	-28.46	-55.03	1.600	3.587	22.113	0.92679	-0.06332	-0.23410	-0.28656	25.8	null	null	13113	60
2026-05-27T17:14:31.335	WT901BLE68(F3:F0:16:BF:DC:AE)	0.365	-0.057	0.619	-84.961	89.172	-218.811	-6.00	-20.32	-75.33	1.600	3.587	22.113	0.92679	-0.06332	-0.23410	-0.28656	25.8	null	null	13113	60
2026-05-27T17:14:31.395	WT901BLE68(F3:F0:16:BF:DC:AE)	0.269	-0.056	0.531	19.348	85.327	-231.201	-0.93	-14.43	-99.91	1.600	3.587	22.113	0.92679	-0.06332	-0.23410	-0.28656	25.8	null	null	13113	60
2026-05-27T17:14:31.515	WT901BLE68(F3:F0:16:BF:DC:AE)	0.546	0.419	0.879	143.555	14.648	-225.159	14.13	-10.58	-121.63	-38.973	3.147	27.467	0.92679	-0.06332	-0.23410	-0.28656	25.8	null	null	13113	60
2026-05-27T17:14:31.600	WT901BLE68(F3:F0:16:BF:DC:AE)	0.888	0.765	1.067	123.901	8.301	-126.465	31.35	-4.05	-135.44	-38.973	3.147	27.467	0.92679	-0.06332	-0.23410	-0.28656	25.8	null	null	13113	60
2026-05-27T17:14:31.724	WT901BLE68(F3:F0:16:BF:DC:AE)	0.855	0.494	1.352	5.005	-55.237	14.771	37.98	-6.56	-137.19	-38.973	3.147	27.467	0.36215	0.08508	-0.28323	-0.88388	25.8	null	null	13113	60
2026-05-27T17:14:31.815	WT901BLE68(F3:F0:16:BF:DC:AE)	0.646	0.352	1.167	-31.433	-12.390	88.501	34.95	-13.38	-131.03	-38.973	3.147	27.467	0.36215	0.08508	-0.28323	-0.88388	25.8	null	null	13113	60
2026-05-27T17:14:31.935	WT901BLE68(F3:F0:16:BF:DC:AE)	0.604	0.324	1.039	-55.969	-0.122	152.527	26.32	-20.39	-116.64	-38.973	3.147	27.467	0.36215	0.08508	-0.28323	-0.88388	25.8	null	null	13113	60
2026-05-27T17:14:31.992	WT901BLE68(F3:F0:16:BF:DC:AE)	0.748	0.200	0.900	-53.650	-29.663	192.322	13.25	-28.14	-97.58	-38.973	3.147	27.467	0.36215	0.08508	-0.28323	-0.88388	25.8	null	null	13113	60
2026-05-27T17:14:32.115	WT901BLE68(F3:F0:16:BF:DC:AE)	0.518	0.033	0.539	-23.621	-14.221	177.979	-1.09	-31.62	-75.57	-38.973	3.147	27.467	0.36215	0.08508	-0.28323	-0.88388	25.8	null	null	13113	60
2026-05-27T17:14:32.204	WT901BLE68(F3:F0:16:BF:DC:AE)	0.487	0.165	0.399	71.350	33.508	117.432	-7.05	-33.82	-59.27	-38.973	3.147	27.467	0.36215	0.08508	-0.28323	-0.88388	25.8	null	null	13113	60
2026-05-27T17:14:32.327	WT901BLE68(F3:F0:16:BF:DC:AE)	0.375	0.690	1.335	124.268	37.842	77.515	1.16	-28.50	-49.85	-38.973	3.147	27.467	0.36215	0.08508	-0.28323	-0.88388	25.8	null	null	13113	60
2026-05-27T17:14:32.414	WT901BLE68(F3:F0:16:BF:DC:AE)	0.085	0.279	1.193	-41.382	-55.481	60.486	1.72	-27.78	-43.90	-16.807	17.813	22.500	0.36215	0.08508	-0.28323	-0.88388	25.8	null	null	13113	60
2026-05-27T17:14:32.533	WT901BLE68(F3:F0:16:BF:DC:AE)	0.494	-0.303	0.577	-39.001	-35.645	13.611	-4.92	-35.49	-41.61	-16.807	17.813	22.500	0.36215	0.08508	-0.28323	-0.88388	25.8	null	null	13113	60
2026-05-27T17:14:32.593	WT901BLE68(F3:F0:16:BF:DC:AE)	0.336	0.086	0.766	57.983	13.062	-2.991	-2.94	-34.06	-41.37	-16.807	17.813	22.500	0.88666	-0.14627	-0.26639	-0.34839	25.8	null	null	13113	60
2026-05-27T17:14:32.747	WT901BLE68(F3:F0:16:BF:DC:AE)	0.350	0.513	0.973	44.678	61.523	8.179	4.92	-29.49	-42.07	-16.807	17.813	22.500	0.88666	-0.14627	-0.26639	-0.34839	25.8	null	null	13113	60
2026-05-27T17:14:32.802	WT901BLE68(F3:F0:16:BF:DC:AE)	0.071	0.325	1.182	-77.515	-40.833	-15.076	3.64	-27.95	-41.82	-16.807	17.813	22.500	0.88666	-0.14627	-0.26639	-0.34839	25.8	null	null	13113	60
2026-05-27T17:14:32.925	WT901BLE68(F3:F0:16:BF:DC:AE)	0.334	0.076	0.938	-90.515	23.254	-88.379	-0.97	-30.31	-48.19	-16.807	17.813	22.500	0.88666	-0.14627	-0.26639	-0.34839	25.8	null	null	13113	60
2026-05-27T17:14:33.015	WT901BLE68(F3:F0:16:BF:DC:AE)	0.586	0.124	0.734	-107.666	5.615	-142.944	-3.18	-29.12	-62.27	-16.807	17.813	22.500	0.88666	-0.14627	-0.26639	-0.34839	25.8	null	null	13113	60
2026-05-27T17:14:33.136	WT901BLE68(F3:F0:16:BF:DC:AE)	0.497	0.004	0.498	-86.121	57.312	-186.401	-3.97	-28.53	-81.15	-16.807	17.813	22.500	0.88666	-0.14627	-0.26639	-0.34839	25.8	null	null	13113	60
2026-05-27T17:14:33.223	WT901BLE68(F3:F0:16:BF:DC:AE)	0.300	0.068	0.405	65.735	86.365	-252.075	4.23	-22.69	-105.03	-16.807	17.813	22.500	0.88666	-0.14627	-0.26639	-0.34839	25.8	null	null	13113	60
2026-05-27T17:14:33.343	WT901BLE68(F3:F0:16:BF:DC:AE)	1.132	0.877	1.080	145.020	108.215	-208.618	24.91	-13.83	-127.91	-34.747	3.947	26.627	0.88666	-0.14627	-0.26639	-0.34839	25.8	null	null	13113	60
2026-05-27T17:14:33.406	WT901BLE68(F3:F0:16:BF:DC:AE)	0.859	0.643	1.260	25.024	-16.724	-33.813	36.23	-4.25	-134.09	-34.747	3.947	26.627	0.88666	-0.14627	-0.26639	-0.34839	25.8	null	null	13113	60
2026-05-27T17:14:33.524	WT901BLE68(F3:F0:16:BF:DC:AE)	0.670	0.333	1.105	-15.747	7.507	64.087	36.51	-7.73	-131.04	-34.747	3.947	26.627	0.38373	0.08224	-0.30936	-0.86612	25.8	null	null	13113	60
2026-05-27T17:14:33.616	WT901BLE68(F3:F0:16:BF:DC:AE)	0.744	0.377	0.904	-33.997	36.072	140.320	32.01	-13.09	-119.68	-34.747	3.947	26.627	0.38373	0.08224	-0.30936	-0.86612	25.8	null	null	13113	60
2026-05-27T17:14:33.734	WT901BLE68(F3:F0:16:BF:DC:AE)	0.793	0.444	0.946	-32.410	34.058	215.454	23.65	-18.98	-100.24	-34.747	3.947	26.627	0.38373	0.08224	-0.30936	-0.86612	25.8	null	null	13113	60
2026-05-27T17:14:33.824	WT901BLE68(F3:F0:16:BF:DC:AE)	0.602	0.430	0.864	-42.175	28.198	243.591	10.94	-24.27	-74.95	-34.747	3.947	26.627	0.38373	0.08224	-0.30936	-0.86612	25.8	null	null	13113	60
2026-05-27T17:14:33.945	WT901BLE68(F3:F0:16:BF:DC:AE)	0.417	0.313	0.630	-7.568	0.671	199.951	-1.72	-25.89	-50.75	-34.747	3.947	26.627	0.38373	0.08224	-0.30936	-0.86612	25.8	null	null	13113	60
2026-05-27T17:14:34.034	WT901BLE68(F3:F0:16:BF:DC:AE)	0.298	0.252	0.581	34.973	-1.770	126.526	-6.98	-25.16	-34.66	-34.747	3.947	26.627	0.38373	0.08224	-0.30936	-0.86612	25.8	null	null	13113	60
2026-05-27T17:14:34.158	WT901BLE68(F3:F0:16:BF:DC:AE)	0.283	0.395	0.707	74.097	-94.849	87.830	-4.91	-27.34	-26.31	-34.747	3.947	26.627	0.38373	0.08224	-0.30936	-0.86612	25.8	null	null	13113	60
2026-05-27T17:14:34.213	WT901BLE68(F3:F0:16:BF:DC:AE)	0.120	0.374	1.146	69.580	13.184	86.487	0.21	-28.13	-19.42	-7.867	15.847	22.167	0.38373	0.08224	-0.30936	-0.86612	25.8	null	null	13113	60
2026-05-27T17:14:34.335	WT901BLE68(F3:F0:16:BF:DC:AE)	0.202	0.095	1.449	-33.997	-36.987	58.044	0.44	-28.28	-13.22	-7.867	15.847	22.167	0.38373	0.08224	-0.30936	-0.86612	25.8	null	null	13113	60
2026-05-27T17:14:34.423	WT901BLE68(F3:F0:16:BF:DC:AE)	0.294	-0.258	0.722	-76.721	-40.833	20.447	-8.34	-33.25	-7.88	-7.867	15.847	22.167	0.96100	-0.04269	-0.25439	-0.09930	25.8	null	null	13113	60
2026-05-27T17:14:34.544	WT901BLE68(F3:F0:16:BF:DC:AE)	0.290	-0.284	0.325	44.067	18.799	-33.752	-10.69	-34.72	-7.86	-7.867	15.847	22.167	0.96100	-0.04269	-0.25439	-0.09930	25.8	null	null	13113	60
2026-05-27T17:14:34.633	WT901BLE68(F3:F0:16:BF:DC:AE)	0.365	0.401	1.007	113.892	75.195	-56.213	1.90	-28.58	-13.34	-7.867	15.847	22.167	0.96100	-0.04269	-0.25439	-0.09930	25.8	null	null	13113	60
2026-05-27T17:14:34.753	WT901BLE68(F3:F0:16:BF:DC:AE)	0.156	0.517	1.423	-20.996	-11.475	-25.757	9.66	-22.85	-17.69	-7.867	15.847	22.167	0.96100	-0.04269	-0.25439	-0.09930	25.8	null	null	13113	60
2026-05-27T17:14:34.814	WT901BLE68(F3:F0:16:BF:DC:AE)	0.251	0.157	1.056	-53.528	5.676	-53.467	7.06	-23.23	-22.45	-7.867	15.847	22.167	0.96100	-0.04269	-0.25439	-0.09930	25.8	null	null	13113	60
2026-05-27T17:14:34.935	WT901BLE68(F3:F0:16:BF:DC:AE)	0.241	0.393	1.006	-66.284	14.404	-70.618	4.26	-19.79	-29.71	-7.867	15.847	22.167	0.96100	-0.04269	-0.25439	-0.09930	25.8	null	null	13113	60
2026-05-27T17:14:35.023	WT901BLE68(F3:F0:16:BF:DC:AE)	0.335	0.364	0.885	-92.468	-12.024	-139.160	0.55	-18.81	-41.82	-7.867	15.847	22.167	0.96100	-0.04269	-0.25439	-0.09930	25.8	null	null	13113	60
2026-05-27T17:14:35.144	WT901BLE68(F3:F0:16:BF:DC:AE)	0.392	0.304	0.660	-81.909	-26.306	-213.928	-1.42	-18.53	-62.26	-15.387	14.960	24.547	0.96100	-0.04269	-0.25439	-0.09930	25.8	null	null	13113	60
2026-05-27T17:14:35.231	WT901BLE68(F3:F0:16:BF:DC:AE)	0.357	0.195	0.441	-6.226	29.785	-259.033	2.34	-16.85	-88.38	-15.387	14.960	24.547	0.96100	-0.04269	-0.25439	-0.09930	25.8	null	null	13113	60
2026-05-27T17:14:35.353	WT901BLE68(F3:F0:16:BF:DC:AE)	0.650	0.416	0.688	79.041	-43.274	-247.009	14.81	-14.14	-114.59	-15.387	14.960	24.547	0.66327	-0.07318	-0.12637	-0.73392	25.8	null	null	13113	60
2026-05-27T17:14:35.447	WT901BLE68(F3:F0:16:BF:DC:AE)	1.353	0.596	0.942	46.814	24.353	-159.424	28.04	-11.66	-134.93	-15.387	14.960	24.547	0.66327	-0.07318	-0.12637	-0.73392	25.8	null	null	13113	60
2026-05-27T17:14:35.563	WT901BLE68(F3:F0:16:BF:DC:AE)	0.855	0.288	1.090	-5.127	-103.394	-9.338	31.92	-9.44	-137.80	-15.387	14.960	24.547	0.66327	-0.07318	-0.12637	-0.73392	25.8	null	null	13113	60
2026-05-27T17:14:35.623	WT901BLE68(F3:F0:16:BF:DC:AE)	0.792	0.216	1.098	-33.386	22.095	78.430	29.09	-15.89	-133.75	-15.387	14.960	24.547	0.66327	-0.07318	-0.12637	-0.73392	25.8	null	null	13113	60
2026-05-27T17:14:35.744	WT901BLE68(F3:F0:16:BF:DC:AE)	0.764	0.256	1.107	-60.059	-11.169	164.429	19.92	-22.61	-119.62	-15.387	14.960	24.547	0.66327	-0.07318	-0.12637	-0.73392	25.8	null	null	13113	60
2026-05-27T17:14:35.833	WT901BLE68(F3:F0:16:BF:DC:AE)	0.657	0.035	0.943	-61.523	14.954	201.477	4.93	-27.41	-98.19	-15.387	14.960	24.547	0.66327	-0.07318	-0.12637	-0.73392	25.8	null	null	13113	60
2026-05-27T17:14:35.956	WT901BLE68(F3:F0:16:BF:DC:AE)	0.493	-0.038	0.688	-39.001	12.939	195.068	-9.81	-25.49	-76.15	-15.387	14.960	24.547	0.66327	-0.07318	-0.12637	-0.73392	25.8	null	null	13113	60
2026-05-27T17:14:36.042	WT901BLE68(F3:F0:16:BF:DC:AE)	0.321	-0.089	0.655	8.972	15.991	136.292	-17.22	-22.06	-59.56	-29.087	-1.573	29.947	0.66327	-0.07318	-0.12637	-0.73392	25.8	null	null	13113	60
2026-05-27T17:14:36.164	WT901BLE68(F3:F0:16:BF:DC:AE)	0.176	-0.096	0.503	50.171	25.574	76.477	-17.44	-17.74	-52.03	-29.087	-1.573	29.947	0.66327	-0.07318	-0.12637	-0.73392	25.8	null	null	13113	60
2026-05-27T17:14:36.220	WT901BLE68(F3:F0:16:BF:DC:AE)	-0.137	0.356	1.296	110.901	38.269	60.181	-8.54	-10.64	-48.86	-29.087	-1.573	29.947	0.88675	-0.15427	-0.05524	-0.43210	25.8	null	null	13113	60
2026-05-27T17:14:36.342	WT901BLE68(F3:F0:16:BF:DC:AE)	-0.026	0.227	1.402	-44.312	-17.822	38.086	-4.76	-12.07	-46.23	-29.087	-1.573	29.947	0.88675	-0.15427	-0.05524	-0.43210	25.8	null	null	13113	60
2026-05-27T17:14:36.438	WT901BLE68(F3:F0:16:BF:DC:AE)	0.228	-0.435	0.892	-70.190	-32.837	20.386	-11.78	-18.11	-44.58	-29.087	-1.573	29.947	0.88675	-0.15427	-0.05524	-0.43210	25.8	null	null	13113	60
2026-05-27T17:14:36.561	WT901BLE68(F3:F0:16:BF:DC:AE)	0.198	-0.253	0.702	-0.916	-7.874	17.639	-16.02	-20.49	-43.41	-29.087	-1.573	29.947	0.88675	-0.15427	-0.05524	-0.43210	25.8	null	null	13113	60
2026-05-27T17:14:36.643	WT901BLE68(F3:F0:16:BF:DC:AE)	0.115	-0.076	0.899	54.260	14.587	-0.732	-12.71	-18.79	-44.19	-29.087	-1.573	29.947	0.88675	-0.15427	-0.05524	-0.43210	25.8	null	null	13113	60
2026-05-27T17:14:36.765	WT901BLE68(F3:F0:16:BF:DC:AE)	0.488	0.159	1.418	-7.751	-35.767	-19.653	-9.00	-19.87	-46.77	-29.087	-1.573	29.947	0.88675	-0.15427	-0.05524	-0.43210	25.8	null	null	13113	60
2026-05-27T17:14:36.852	WT901BLE68(F3:F0:16:BF:DC:AE)	0.319	0.051	1.042	-27.222	-20.630	-39.795	-9.72	-19.11	-51.88	-29.087	-1.573	29.947	0.88675	-0.15427	-0.05524	-0.43210	25.8	null	null	13113	60
2026-05-27T17:14:36.972	WT901BLE68(F3:F0:16:BF:DC:AE)	0.275	0.084	0.983	-32.532	106.628	-70.068	-9.98	-13.22	-60.61	-19.340	3.473	29.673	0.88675	-0.15427	-0.05524	-0.43210	25.8	null	null	13113	60
2026-05-27T17:14:37.034	WT901BLE68(F3:F0:16:BF:DC:AE)	0.033	-0.054	0.875	-27.649	71.167	-142.456	-10.50	-5.81	-74.74	-19.340	3.473	29.673	0.88675	-0.15427	-0.05524	-0.43210	25.8	null	null	13113	60
2026-05-27T17:14:37.152	WT901BLE68(F3:F0:16:BF:DC:AE)	0.274	-0.204	0.617	32.959	12.878	-184.448	-7.93	-5.99	-92.85	-19.340	3.473	29.673	0.76929	-0.10004	0.02109	-0.63058	25.8	null	null	13113	60
2026-05-27T17:14:37.242	WT901BLE68(F3:F0:16:BF:DC:AE)	0.553	-0.048	0.858	94.543	1.099	-168.152	1.66	-8.67	-109.64	-19.340	3.473	29.673	0.76929	-0.10004	0.02109	-0.63058	25.8	null	null	13113	60
2026-05-27T17:14:37.364	WT901BLE68(F3:F0:16:BF:DC:AE)	0.344	0.072	0.939	106.689	30.334	-136.841	13.52	-6.82	-122.38	-19.340	3.473	29.673	0.76929	-0.10004	0.02109	-0.63058	25.8	null	null	13113	60
2026-05-27T17:14:37.485	WT901BLE68(F3:F0:16:BF:DC:AE)	0.356	0.369	1.150	119.751	37.476	-105.103	25.37	-1.68	-130.91	-19.340	3.473	29.673	0.76929	-0.10004	0.02109	-0.63058	25.8	null	null	13113	60
2026-05-27T17:14:37.574	WT901BLE68(F3:F0:16:BF:DC:AE)	0.346	0.614	1.281	57.434	36.682	-8.362	34.33	2.77	-130.63	-19.340	3.473	29.673	0.76929	-0.10004	0.02109	-0.63058	25.8	null	null	13113	60
2026-05-27T17:14:37.633	WT901BLE68(F3:F0:16:BF:DC:AE)	0.483	0.467	1.371	-39.612	8.484	76.538	33.40	-0.83	-124.54	-19.340	3.473	29.673	0.76929	-0.10004	0.02109	-0.63058	25.8	null	null	13113	60
2026-05-27T17:14:37.753	WT901BLE68(F3:F0:16:BF:DC:AE)	0.479	0.395	1.167	-84.778	-1.709	145.935	25.33	-7.41	-111.87	-19.340	3.473	29.673	0.76929	-0.10004	0.02109	-0.63058	25.8	null	null	13113	60
2026-05-27T17:14:37.845	WT901BLE68(F3:F0:16:BF:DC:AE)	0.465	0.241	0.996	-86.670	-10.010	188.721	13.11	-14.16	-94.06	-54.473	14.240	15.813	0.76929	-0.10004	0.02109	-0.63058	25.8	null	null	13113	60
2026-05-27T17:14:37.962	WT901BLE68(F3:F0:16:BF:DC:AE)	0.373	0.179	0.916	-62.073	0.000	200.134	0.75	-16.73	-73.26	-54.473	14.240	15.813	0.76929	-0.10004	0.02109	-0.63058	25.8	null	null	13113	60
2026-05-27T17:14:38.052	WT901BLE68(F3:F0:16:BF:DC:AE)	0.242	0.106	0.850	-49.316	-2.075	161.926	-8.98	-16.06	-55.63	-54.473	14.240	15.813	0.82898	-0.10492	-0.10757	-0.53864	25.8	null	null	13113	60
2026-05-27T17:14:38.175	WT901BLE68(F3:F0:16:BF:DC:AE)	0.252	0.006	0.655	-3.723	-30.396	96.619	-14.14	-16.81	-44.57	-54.473	14.240	15.813	0.82898	-0.10492	-0.10757	-0.53864	25.8	null	null	13113	60
2026-05-27T17:14:38.265	WT901BLE68(F3:F0:16:BF:DC:AE)	-0.061	0.291	0.806	72.632	3.601	70.435	-11.12	-12.96	-40.38	-54.473	14.240	15.813	0.82898	-0.10492	-0.10757	-0.53864	25.8	null	null	13113	60
2026-05-27T17:14:38.382	WT901BLE68(F3:F0:16:BF:DC:AE)	-0.255	0.324	1.083	44.556	34.973	81.482	-4.00	-11.42	-35.34	-54.473	14.240	15.813	0.82898	-0.10492	-0.10757	-0.53864	25.8	null	null	13113	60
2026-05-27T17:14:38.442	WT901BLE68(F3:F0:16:BF:DC:AE)	0.104	-0.241	1.194	-26.672	-124.756	6.836	-3.19	-16.53	-32.07	-54.473	14.240	15.813	0.82898	-0.10492	-0.10757	-0.53864	25.8	null	null	13113	60
2026-05-27T17:14:38.565	WT901BLE68(F3:F0:16:BF:DC:AE)	0.388	-0.164	0.830	-18.005	-33.203	-7.080	-6.08	-23.37	-32.63	-54.473	14.240	15.813	0.82898	-0.10492	-0.10757	-0.53864	25.8	null	null	13113	60
2026-05-27T17:14:38.654	WT901BLE68(F3:F0:16:BF:DC:AE)	0.030	0.224	0.864	79.407	82.275	0.122	-2.82	-16.46	-34.99	-54.473	14.240	15.813	0.82898	-0.10492	-0.10757	-0.53864	25.8	null	null	13113	60
2026-05-27T17:14:38.778	WT901BLE68(F3:F0:16:BF:DC:AE)	-0.117	0.491	1.237	0.671	2.563	1.526	3.15	-12.13	-35.96	-14.540	14.907	26.380	0.82898	-0.10492	-0.10757	-0.53864	25.8	null	null	13113	60
2026-05-27T17:14:38.862	WT901BLE68(F3:F0:16:BF:DC:AE)	0.068	0.299	1.108	-69.031	-19.165	-28.381	0.51	-14.32	-38.57	-14.540	14.907	26.380	0.82898	-0.10492	-0.10757	-0.53864	25.8	null	null	13113	60
2026-05-27T17:14:38.981	WT901BLE68(F3:F0:16:BF:DC:AE)	0.114	0.121	0.976	-70.435	-7.202	-83.740	-4.14	-15.11	-45.44	-14.540	14.907	26.380	0.93073	-0.05319	-0.11353	-0.34338	25.8	null	null	13113	60
2026-05-27T17:14:39.047	WT901BLE68(F3:F0:16:BF:DC:AE)	0.270	0.017	0.805	-61.157	69.092	-188.354	-6.55	-12.84	-60.60	-14.540	14.907	26.380	0.93073	-0.05319	-0.11353	-0.34338	25.8	null	null	13113	60
2026-05-27T17:14:39.162	WT901BLE68(F3:F0:16:BF:DC:AE)	0.295	0.223	0.740	13.123	9.521	-274.170	-5.41	-6.25	-86.02	-14.540	14.907	26.380	0.93073	-0.05319	-0.11353	-0.34338	25.8	null	null	13113	60
2026-05-27T17:14:39.262	WT901BLE68(F3:F0:16:BF:DC:AE)	0.521	0.364	0.761	82.153	-17.761	-241.211	2.25	-4.82	-112.32	-14.540	14.907	26.380	0.93073	-0.05319	-0.11353	-0.34338	25.8	null	null	13113	60
2026-05-27T17:14:39.373	WT901BLE68(F3:F0:16:BF:DC:AE)	0.435	0.484	1.018	161.743	29.114	-161.987	16.25	0.02	-130.45	-14.540	14.907	26.380	0.93073	-0.05319	-0.11353	-0.34338	25.8	null	null	13113	60
2026-05-27T17:14:39.465	WT901BLE68(F3:F0:16:BF:DC:AE)	0.313	0.698	1.092	116.577	-8.301	-106.323	31.43	6.22	-139.77	-14.540	14.907	26.380	0.93073	-0.05319	-0.11353	-0.34338	25.8	null	null	13113	60
2026-05-27T17:14:39.580	WT901BLE68(F3:F0:16:BF:DC:AE)	0.627	0.563	1.314	7.446	-43.823	2.502	37.24	4.54	-144.88	-14.540	14.907	26.380	0.93073	-0.05319	-0.11353	-0.34338	25.8	null	null	13113	60
2026-05-27T17:14:39.640	WT901BLE68(F3:F0:16:BF:DC:AE)	0.468	0.427	1.237	-48.584	-20.630	72.876	35.03	-1.60	-140.31	-61.267	7.907	14.140	0.93073	-0.05319	-0.11353	-0.34338	25.8	null	null	13113	60
2026-05-27T17:14:39.795	WT901BLE68(F3:F0:16:BF:DC:AE)	0.549	0.331	1.091	-79.407	0.122	143.188	27.20	-9.48	-129.29	-61.267	7.907	14.140	0.93073	-0.05319	-0.11353	-0.34338	25.8	null	null	13113	60
2026-05-27T17:14:39.852	WT901BLE68(F3:F0:16:BF:DC:AE)	0.643	0.176	0.929	-70.557	-1.404	186.462	15.75	-16.98	-111.71	-61.267	7.907	14.140	0.51199	-0.01569	-0.21460	-0.83154	25.8	null	null	13113	60
2026-05-27T17:14:39.974	WT901BLE68(F3:F0:16:BF:DC:AE)	0.614	0.134	0.837	-44.312	-0.122	208.557	3.28	-21.63	-90.22	-61.267	7.907	14.140	0.51199	-0.01569	-0.21460	-0.83154	25.8	null	null	13113	60
2026-05-27T17:14:40.063	WT901BLE68(F3:F0:16:BF:DC:AE)	0.463	0.118	0.748	-16.968	-20.081	190.491	-7.66	-23.04	-68.51	-61.267	7.907	14.140	0.51199	-0.01569	-0.21460	-0.83154	25.8	null	null	13113	60
2026-05-27T17:14:40.186	WT901BLE68(F3:F0:16:BF:DC:AE)	0.426	0.065	0.643	12.939	-38.208	148.315	-14.29	-23.79	-51.59	-61.267	7.907	14.140	0.51199	-0.01569	-0.21460	-0.83154	25.8	null	null	13113	60
2026-05-27T17:14:40.272	WT901BLE68(F3:F0:16:BF:DC:AE)	0.101	0.072	0.686	68.604	23.254	113.953	-15.10	-21.21	-40.17	-61.267	7.907	14.140	0.51199	-0.01569	-0.21460	-0.83154	25.8	null	null	13113	60
2026-05-27T17:14:40.395	WT901BLE68(F3:F0:16:BF:DC:AE)	0.004	0.375	1.093	73.486	28.381	82.336	-8.92	-18.11	-33.37	-61.267	7.907	14.140	0.51199	-0.01569	-0.21460	-0.83154	25.8	null	null	13113	60
2026-05-27T17:14:40.451	WT901BLE68(F3:F0:16:BF:DC:AE)	-0.102	0.011	1.266	-37.292	-21.179	56.519	-7.71	-17.45	-29.01	-61.267	7.907	14.140	0.51199	-0.01569	-0.21460	-0.83154	25.8	null	null	13113	60
2026-05-27T17:14:40.572	WT901BLE68(F3:F0:16:BF:DC:AE)	0.104	-0.378	0.827	-64.575	-36.072	18.921	-13.97	-21.56	-26.74	-12.533	7.880	28.887	0.51199	-0.01569	-0.21460	-0.83154	25.8	null	null	13113	60
2026-05-27T17:14:40.666	WT901BLE68(F3:F0:16:BF:DC:AE)	0.115	-0.224	0.656	28.809	-14.893	-13.245	-16.25	-23.54	-27.35	-12.533	7.880	28.887	0.51199	-0.01569	-0.21460	-0.83154	25.8	null	null	13113	60
2026-05-27T17:14:40.780	WT901BLE68(F3:F0:16:BF:DC:AE)	0.172	0.300	1.023	75.745	67.566	-24.170	-8.33	-21.82	-30.82	-12.533	7.880	28.887	0.93518	-0.17322	-0.16599	-0.26038	25.8	null	null	13113	60
2026-05-27T17:14:40.873	WT901BLE68(F3:F0:16:BF:DC:AE)	-0.100	0.247	1.233	-10.620	-10.864	-14.587	-3.47	-17.39	-34.93	-12.533	7.880	28.887	0.93518	-0.17322	-0.16599	-0.26038	25.8	null	null	13113	60
2026-05-27T17:14:40.994	WT901BLE68(F3:F0:16:BF:DC:AE)	0.213	0.178	0.980	-57.251	-29.419	-53.284	-5.19	-19.93	-40.22	-12.533	7.880	28.887	0.93518	-0.17322	-0.16599	-0.26038	25.8	null	null	13113	60
2026-05-27T17:14:41.059	WT901BLE68(F3:F0:16:BF:DC:AE)	0.185	-0.035	0.844	-62.866	-17.944	-129.395	-6.96	-21.80	-51.80	-12.533	7.880	28.887	0.93518	-0.17322	-0.16599	-0.26038	25.8	null	null	13113	60
2026-05-27T17:14:41.205	WT901BLE68(F3:F0:16:BF:DC:AE)	0.452	0.074	0.717	-42.236	-11.841	-199.341	-4.44	-22.60	-71.30	-12.533	7.880	28.887	0.93518	-0.17322	-0.16599	-0.26038	25.8	null	null	13113	60
2026-05-27T17:14:41.264	WT901BLE68(F3:F0:16:BF:DC:AE)	0.717	0.148	0.645	-28.992	-26.001	-216.919	1.67	-24.22	-94.40	-12.533	7.880	28.887	0.93518	-0.17322	-0.16599	-0.26038	25.8	null	null	13113	60
2026-05-27T17:14:41.381	WT901BLE68(F3:F0:16:BF:DC:AE)	0.933	0.143	0.709	11.536	-15.381	-190.491	10.79	-24.93	-115.83	-12.533	7.880	28.887	0.93518	-0.17322	-0.16599	-0.26038	25.8	null	null	13113	60
2026-05-27T17:14:41.469	WT901BLE68(F3:F0:16:BF:DC:AE)	0.733	0.244	0.809	47.791	45.715	-154.419	21.01	-19.83	-130.61	-29.907	10.007	25.813	0.93518	-0.17322	-0.16599	-0.26038	25.8	null	null	13113	60
2026-05-27T17:14:41.592	WT901BLE68(F3:F0:16:BF:DC:AE)	0.657	0.482	0.893	70.984	24.170	-137.695	30.34	-11.02	-139.77	-29.907	10.007	25.813	0.93518	-0.17322	-0.16599	-0.26038	25.8	null	null	13113	60
2026-05-27T17:14:41.681	WT901BLE68(F3:F0:16:BF:DC:AE)	0.607	0.627	0.978	42.969	-12.024	-25.146	37.61	-5.98	-141.78	-29.907	10.007	25.813	0.32971	0.03540	-0.29938	-0.89459	25.8	null	null	13113	60
2026-05-27T17:14:41.803	WT901BLE68(F3:F0:16:BF:DC:AE)	0.690	0.432	1.104	-28.564	-27.283	66.528	37.15	-10.98	-137.95	-29.907	10.007	25.813	0.32971	0.03540	-0.29938	-0.89459	25.8	null	null	13113	60
2026-05-27T17:14:41.865	WT901BLE68(F3:F0:16:BF:DC:AE)	0.740	0.347	1.034	-48.828	-3.479	130.371	30.71	-18.61	-126.86	-29.907	10.007	25.813	0.32971	0.03540	-0.29938	-0.89459	25.8	null	null	13113	60
2026-05-27T17:14:41.986	WT901BLE68(F3:F0:16:BF:DC:AE)	0.813	0.278	1.001	-59.448	1.404	180.603	19.22	-26.29	-109.42	-29.907	10.007	25.813	0.32971	0.03540	-0.29938	-0.89459	25.8	null	null	13113	60
2026-05-27T17:14:42.070	WT901BLE68(F3:F0:16:BF:DC:AE)	0.812	0.218	0.871	-54.199	0.305	217.529	2.81	-30.99	-85.71	-29.907	10.007	25.813	0.32971	0.03540	-0.29938	-0.89459	25.8	null	null	13113	60
2026-05-27T17:14:42.195	WT901BLE68(F3:F0:16:BF:DC:AE)	0.456	0.077	0.707	-44.067	-51.575	198.181	-13.95	-31.48	-61.46	-29.907	10.007	25.813	0.32971	0.03540	-0.29938	-0.89459	25.8	null	null	13113	60
2026-05-27T17:14:42.285	WT901BLE68(F3:F0:16:BF:DC:AE)	0.479	-0.037	0.269	57.861	-107.971	130.432	-25.98	-37.85	-40.15	-29.907	10.007	25.813	0.32971	0.03540	-0.29938	-0.89459	25.8	null	null	13113	60
2026-05-27T17:14:42.404	WT901BLE68(F3:F0:16:BF:DC:AE)	0.641	0.244	0.712	128.235	-34.607	55.664	-21.95	-40.46	-30.76	-5.280	-3.387	25.433	0.32971	0.03540	-0.29938	-0.89459	25.8	null	null	13113	60
2026-05-27T17:14:42.461	WT901BLE68(F3:F0:16:BF:DC:AE)	0.479	-0.077	1.259	11.169	-4.639	59.875	-17.11	-37.28	-29.12	-5.280	-3.387	25.433	0.32971	0.03540	-0.29938	-0.89459	25.8	null	null	13113	60
2026-05-27T17:14:42.616	WT901BLE68(F3:F0:16:BF:DC:AE)	0.543	-0.380	0.875	-44.434	-2.441	50.537	-23.57	-38.52	-24.16	-5.280	-3.387	25.433	0.89362	-0.22772	-0.27524	-0.27151	25.8	null	null	13113	60
2026-05-27T17:14:42.675	WT901BLE68(F3:F0:16:BF:DC:AE)	0.082	-0.320	0.698	17.395	7.202	-12.146	-24.96	-35.24	-25.73	-5.280	-3.387	25.433	0.89362	-0.22772	-0.27524	-0.27151	25.8	null	null	13113	60
2026-05-27T17:14:42.794	WT901BLE68(F3:F0:16:BF:DC:AE)	0.302	0.170	0.901	88.440	73.242	-44.128	-13.99	-31.34	-33.50	-5.280	-3.387	25.433	0.89362	-0.22772	-0.27524	-0.27151	25.8	null	null	13113	60
2026-05-27T17:14:42.885	WT901BLE68(F3:F0:16:BF:DC:AE)	0.106	0.239	1.286	6.836	39.307	-18.372	-6.27	-23.97	-39.94	-5.280	-3.387	25.433	0.89362	-0.22772	-0.27524	-0.27151	25.8	null	null	13113	60
2026-05-27T17:14:43.005	WT901BLE68(F3:F0:16:BF:DC:AE)	0.371	-0.001	0.929	-85.693	-97.778	-58.899	-9.14	-27.54	-45.94	-5.280	-3.387	25.433	0.89362	-0.22772	-0.27524	-0.27151	25.8	null	null	13113	60
2026-05-27T17:14:43.124	WT901BLE68(F3:F0:16:BF:DC:AE)	0.278	-0.188	0.824	-92.773	3.174	-103.149	-13.07	-29.25	-57.18	-5.280	-3.387	25.433	0.89362	-0.22772	-0.27524	-0.27151	25.8	null	null	13113	60
2026-05-27T17:14:43.209	WT901BLE68(F3:F0:16:BF:DC:AE)	0.295	-0.080	0.867	-70.374	41.443	-153.625	-12.90	-26.39	-74.33	-5.280	-3.387	25.433	0.89362	-0.22772	-0.27524	-0.27151	25.8	null	null	13113	60
2026-05-27T17:14:43.269	WT901BLE68(F3:F0:16:BF:DC:AE)	0.523	0.019	0.444	-87.158	42.236	-214.600	-11.11	-27.41	-96.38	-14.593	-2.600	29.013	0.89362	-0.22772	-0.27524	-0.27151	25.8	null	null	13113	60
2026-05-27T17:14:43.394	WT901BLE68(F3:F0:16:BF:DC:AE)	0.543	-0.103	0.333	12.024	57.800	-211.670	-2.92	-29.59	-119.82	-14.593	-2.600	29.013	0.89362	-0.22772	-0.27524	-0.27151	25.8	null	null	13113	60
2026-05-27T17:14:43.481	WT901BLE68(F3:F0:16:BF:DC:AE)	0.813	0.391	0.886	135.986	126.892	-207.825	17.39	-22.52	-140.14	-14.593	-2.600	29.013	0.43381	-0.20801	-0.13376	-0.86633	25.8	null	null	13113	60
2026-05-27T17:14:43.604	WT901BLE68(F3:F0:16:BF:DC:AE)	0.955	0.725	0.956	80.688	-1.587	-124.573	33.15	-12.81	-151.77	-14.593	-2.600	29.013	0.43381	-0.20801	-0.13376	-0.86633	25.8	null	null	13113	60
2026-05-27T17:14:43.694	WT901BLE68(F3:F0:16:BF:DC:AE)	1.002	0.328	1.128	-7.874	-39.917	16.418	36.61	-16.11	-153.72	-14.593	-2.600	29.013	0.43381	-0.20801	-0.13376	-0.86633	25.8	null	null	13113	60
2026-05-27T17:14:43.816	WT901BLE68(F3:F0:16:BF:DC:AE)	0.816	0.342	0.996	-28.809	4.578	84.412	33.10	-21.38	-145.76	-14.593	-2.600	29.013	0.43381	-0.20801	-0.13376	-0.86633	25.8	null	null	13113	60
2026-05-27T17:14:43.873	WT901BLE68(F3:F0:16:BF:DC:AE)	0.866	0.280	0.863	-30.518	13.550	153.625	24.64	-27.65	-130.72	-14.593	-2.600	29.013	0.43381	-0.20801	-0.13376	-0.86633	25.8	null	null	13113	60
2026-05-27T17:14:44.025	WT901BLE68(F3:F0:16:BF:DC:AE)	0.854	0.157	0.923	-28.137	-4.883	196.716	12.17	-32.94	-109.49	-14.593	-2.600	29.013	0.43381	-0.20801	-0.13376	-0.86633	25.8	null	null	13113	60
2026-05-27T17:14:44.082	WT901BLE68(F3:F0:16:BF:DC:AE)	0.712	0.007	0.822	-34.546	-17.639	214.294	-4.79	-35.22	-83.51	-14.593	-2.600	29.013	0.43381	-0.20801	-0.13376	-0.86633	25.8	null	null	13113	60
2026-05-27T17:14:44.205	WT901BLE68(F3:F0:16:BF:DC:AE)	0.346	-0.150	0.491	-31.128	-42.603	151.306	-20.56	-33.25	-61.71	-21.387	3.793	27.587	0.43381	-0.20801	-0.13376	-0.86633	25.8	null	null	13113	60
2026-05-27T17:14:44.295	WT901BLE68(F3:F0:16:BF:DC:AE)	0.361	-0.037	0.402	73.853	-8.911	98.389	-26.59	-31.10	-49.69	-21.387	3.793	27.587	0.43381	-0.20801	-0.13376	-0.86633	25.8	null	null	13113	60
2026-05-27T17:14:44.414	WT901BLE68(F3:F0:16:BF:DC:AE)	0.307	0.197	1.093	88.684	23.132	94.849	-19.51	-25.82	-43.76	-21.387	3.793	27.587	0.83945	-0.29608	-0.14728	-0.43112	25.8	null	null	13113	60
2026-05-27T17:14:44.504	WT901BLE68(F3:F0:16:BF:DC:AE)	0.043	-0.248	1.289	-54.016	-90.515	52.368	-19.89	-26.09	-37.87	-21.387	3.793	27.587	0.83945	-0.29608	-0.14728	-0.43112	25.8	null	null	13113	60
2026-05-27T17:14:44.626	WT901BLE68(F3:F0:16:BF:DC:AE)	0.125	-0.524	0.696	-31.616	4.272	7.141	-26.88	-29.63	-35.89	-21.387	3.793	27.587	0.83945	-0.29608	-0.14728	-0.43112	25.8	null	null	13113	60
2026-05-27T17:14:44.681	WT901BLE68(F3:F0:16:BF:DC:AE)	0.205	-0.101	0.899	79.346	-10.986	-18.494	-23.78	-28.95	-38.97	-21.387	3.793	27.587	0.83945	-0.29608	-0.14728	-0.43112	25.8	null	null	13113	60
2026-05-27T17:14:44.806	WT901BLE68(F3:F0:16:BF:DC:AE)	0.338	0.268	1.033	34.302	74.036	-8.423	-14.25	-26.21	-44.98	-21.387	3.793	27.587	0.83945	-0.29608	-0.14728	-0.43112	25.8	null	null	13113	60
2026-05-27T17:14:44.892	WT901BLE68(F3:F0:16:BF:DC:AE)	0.208	-0.001	1.136	-59.143	-16.907	-41.199	-13.49	-25.56	-50.02	-21.387	3.793	27.587	0.83945	-0.29608	-0.14728	-0.43112	25.8	null	null	13113	60
2026-05-27T17:14:45.016	WT901BLE68(F3:F0:16:BF:DC:AE)	0.313	-0.176	0.940	-74.829	45.593	-111.267	-15.42	-26.36	-60.38	-21.387	3.793	27.587	0.83945	-0.29608	-0.14728	-0.43112	25.8	null	null	13113	60
2026-05-27T17:14:45.104	WT901BLE68(F3:F0:16:BF:DC:AE)	0.545	-0.073	0.652	-91.553	-14.832	-175.232	-15.80	-26.20	-78.33	-10.920	-3.080	28.580	0.83945	-0.29608	-0.14728	-0.43112	25.8	null	null	13113	60
2026-05-27T17:14:45.224	WT901BLE68(F3:F0:16:BF:DC:AE)	0.313	-0.033	0.298	-37.720	22.339	-228.088	-12.77	-28.62	-101.26	-10.920	-3.080	28.580	0.83945	-0.29608	-0.14728	-0.43112	25.8	null	null	13113	60
2026-05-27T17:14:45.282	WT901BLE68(F3:F0:16:BF:DC:AE)	0.787	0.187	0.720	112.488	106.628	-237.610	4.58	-29.30	-128.20	-10.920	-3.080	28.580	0.50693	-0.26379	-0.10535	-0.81378	25.8	null	null	13113	60
2026-05-27T17:14:45.436	WT901BLE68(F3:F0:16:BF:DC:AE)	1.115	0.571	0.980	108.093	46.631	-138.611	25.53	-19.09	-145.11	-10.920	-3.080	28.580	0.50693	-0.26379	-0.10535	-0.81378	25.8	null	null	13113	60
2026-05-27T17:14:45.496	WT901BLE68(F3:F0:16:BF:DC:AE)	1.083	0.127	1.234	-20.996	-66.406	-20.752	31.75	-19.99	-150.66	-10.920	-3.080	28.580	0.50693	-0.26379	-0.10535	-0.81378	25.8	null	null	13113	60
2026-05-27T17:14:45.613	WT901BLE68(F3:F0:16:BF:DC:AE)	0.932	0.174	0.895	-21.973	10.620	62.012	28.72	-24.55	-146.48	-10.920	-3.080	28.580	0.50693	-0.26379	-0.10535	-0.81378	25.8	null	null	13113	60
2026-05-27T17:14:45.706	WT901BLE68(F3:F0:16:BF:DC:AE)	0.871	0.176	0.745	-10.071	20.569	121.155	22.22	-28.28	-133.37	-10.920	-3.080	28.580	0.50693	-0.26379	-0.10535	-0.81378	25.8	null	null	13113	60
2026-05-27T17:14:45.824	WT901BLE68(F3:F0:16:BF:DC:AE)	0.874	0.092	0.724	13.855	-0.610	163.513	14.18	-32.61	-115.18	-10.920	-3.080	28.580	0.50693	-0.26379	-0.10535	-0.81378	25.8	null	null	13113	60
2026-05-27T17:14:45.912	WT901BLE68(F3:F0:16:BF:DC:AE)	1.076	0.118	0.794	19.531	-61.890	214.661	2.87	-40.16	-91.50	-10.920	-3.080	28.580	0.50693	-0.26379	-0.10535	-0.81378	25.8	null	null	13113	60
2026-05-27T17:14:46.031	WT901BLE68(F3:F0:16:BF:DC:AE)	0.754	-0.016	0.733	15.808	-38.330	218.018	-15.07	-42.81	-61.24	-17.747	8.527	25.180	0.50693	-0.26379	-0.10535	-0.81378	25.8	null	null	13113	60
2026-05-27T17:14:46.093	WT901BLE68(F3:F0:16:BF:DC:AE)	0.479	-0.066	0.414	25.757	6.348	157.715	-28.34	-38.26	-39.16	-17.747	8.527	25.180	0.50693	-0.26379	-0.10535	-0.81378	25.8	null	null	13113	60
2026-05-27T17:14:46.213	WT901BLE68(F3:F0:16:BF:DC:AE)	0.247	0.049	0.520	122.131	77.576	98.572	-27.54	-30.28	-31.29	-17.747	8.527	25.180	0.84351	-0.32526	-0.21597	-0.36871	25.8	null	null	13113	60
2026-05-27T17:14:46.303	WT901BLE68(F3:F0:16:BF:DC:AE)	0.276	0.303	1.419	83.008	25.208	65.308	-16.25	-23.84	-28.76	-17.747	8.527	25.180	0.84351	-0.32526	-0.21597	-0.36871	25.8	null	null	13113	60
2026-05-27T17:14:46.456	WT901BLE68(F3:F0:16:BF:DC:AE)	0.348	-0.300	1.082	-71.655	-105.774	27.710	-18.80	-27.30	-26.60	-17.747	8.527	25.180	0.84351	-0.32526	-0.21597	-0.36871	25.8	null	null	13113	60
2026-05-27T17:14:46.510	WT901BLE68(F3:F0:16:BF:DC:AE)	0.231	-0.265	0.683	24.170	-15.320	14.282	-24.15	-32.27	-25.15	-17.747	8.527	25.180	0.84351	-0.32526	-0.21597	-0.36871	25.8	null	null	13113	60
2026-05-27T17:14:46.634	WT901BLE68(F3:F0:16:BF:DC:AE)	-0.091	0.176	0.951	81.726	85.327	-20.630	-15.42	-25.68	-30.24	-17.747	8.527	25.180	0.84351	-0.32526	-0.21597	-0.36871	25.8	null	null	13113	60
2026-05-27T17:14:46.694	WT901BLE68(F3:F0:16:BF:DC:AE)	0.026	0.262	1.368	-9.338	-12.756	-31.616	-8.78	-22.24	-37.06	-17.747	8.527	25.180	0.84351	-0.32526	-0.21597	-0.36871	25.8	null	null	13113	60
2026-05-27T17:14:46.816	WT901BLE68(F3:F0:16:BF:DC:AE)	0.229	0.145	1.025	-86.609	-16.785	-65.613	-11.14	-26.41	-44.96	-17.747	8.527	25.180	0.84351	-0.32526	-0.21597	-0.36871	25.8	null	null	13113	60
2026-05-27T17:14:46.901	WT901BLE68(F3:F0:16:BF:DC:AE)	0.338	-0.084	0.755	-100.037	21.362	-145.508	-13.73	-29.55	-60.17	-2.473	1.760	25.120	0.84351	-0.32526	-0.21597	-0.36871	25.8	null	null	13113	60
2026-05-27T17:14:47.025	WT901BLE68(F3:F0:16:BF:DC:AE)	0.408	-0.182	0.758	-58.777	70.862	-204.773	-10.21	-28.66	-83.12	-2.473	1.760	25.120	0.84351	-0.32526	-0.21597	-0.36871	25.8	null	null	13113	60
2026-05-27T17:14:47.112	WT901BLE68(F3:F0:16:BF:DC:AE)	0.779	0.096	0.775	-60.791	56.213	-188.843	-4.74	-26.73	-106.01	-2.473	1.760	25.120	0.65543	-0.22464	-0.12363	-0.71030	25.8	null	null	13113	60
2026-05-27T17:14:47.236	WT901BLE68(F3:F0:16:BF:DC:AE)	0.500	-0.161	0.517	-22.827	78.613	-166.504	-0.90	-24.38	-124.01	-2.473	1.760	25.120	0.65543	-0.22464	-0.12363	-0.71030	25.8	null	null	13113	60
2026-05-27T17:14:47.325	WT901BLE68(F3:F0:16:BF:DC:AE)	0.549	0.019	0.877	87.036	94.482	-169.189	9.42	-16.19	-139.34	-2.473	1.760	25.120	0.65543	-0.22464	-0.12363	-0.71030	25.8	null	null	13113	60
2026-05-27T17:14:47.447	WT901BLE68(F3:F0:16:BF:DC:AE)	0.877	0.332	0.946	80.078	31.860	-93.445	21.47	-10.87	-149.58	-2.473	1.760	25.120	0.65543	-0.22464	-0.12363	-0.71030	25.8	null	null	13113	60
2026-05-27T17:14:47.499	WT901BLE68(F3:F0:16:BF:DC:AE)	0.919	0.066	1.207	0.977	-36.438	25.391	25.99	-14.63	-149.57	-2.473	1.760	25.120	0.65543	-0.22464	-0.12363	-0.71030	25.8	null	null	13113	60
2026-05-27T17:14:47.626	WT901BLE68(F3:F0:16:BF:DC:AE)	0.852	0.072	1.070	-21.484	-2.625	91.125	22.65	-20.61	-141.61	-2.473	1.760	25.120	0.65543	-0.22464	-0.12363	-0.71030	25.8	null	null	13113	60
2026-05-27T17:14:47.712	WT901BLE68(F3:F0:16:BF:DC:AE)	0.832	0.107	0.959	-30.823	-17.456	153.259	14.46	-26.87	-126.23	-2.473	1.760	25.120	0.65543	-0.22464	-0.12363	-0.71030	25.8	null	null	13113	60
2026-05-27T17:14:47.836	WT901BLE68(F3:F0:16:BF:DC:AE)	0.777	0.084	0.957	-32.410	-16.296	185.913	1.63	-32.31	-105.11	-34.627	7.687	26.360	0.65543	-0.22464	-0.12363	-0.71030	25.8	null	null	13113	60
2026-05-27T17:14:47.923	WT901BLE68(F3:F0:16:BF:DC:AE)	0.472	-0.069	0.859	-38.086	-24.902	176.086	-13.37	-32.85	-82.62	-34.627	7.687	26.360	0.65543	-0.22464	-0.12363	-0.71030	25.8	null	null	13113	60
2026-05-27T17:14:48.045	WT901BLE68(F3:F0:16:BF:DC:AE)	0.316	-0.198	0.556	-8.789	-1.892	123.596	-24.25	-30.57	-66.45	-34.627	7.687	26.360	0.71725	-0.28589	-0.12628	-0.62271	25.8	null	null	13113	60
2026-05-27T17:14:48.104	WT901BLE68(F3:F0:16:BF:DC:AE)	0.223	0.090	0.904	87.830	3.662	83.862	-22.26	-24.45	-59.70	-34.627	7.687	26.360	0.71725	-0.28589	-0.12628	-0.62271	25.8	null	null	13113	60
2026-05-27T17:14:48.224	WT901BLE68(F3:F0:16:BF:DC:AE)	-0.066	0.079	1.156	14.709	7.874	75.378	-17.20	-19.59	-55.19	-34.627	7.687	26.360	0.71725	-0.28589	-0.12628	-0.62271	25.8	null	null	13113	60
2026-05-27T17:14:48.316	WT901BLE68(F3:F0:16:BF:DC:AE)	0.157	-0.544	0.889	-74.219	-57.373	32.288	-24.09	-24.40	-50.80	-34.627	7.687	26.360	0.71725	-0.28589	-0.12628	-0.62271	25.8	null	null	13113	60
2026-05-27T17:14:48.433	WT901BLE68(F3:F0:16:BF:DC:AE)	0.014	-0.515	0.509	14.526	6.775	0.549	-27.73	-24.41	-50.25	-34.627	7.687	26.360	0.71725	-0.28589	-0.12628	-0.62271	25.8	null	null	13113	60
2026-05-27T17:14:48.526	WT901BLE68(F3:F0:16:BF:DC:AE)	0.200	0.063	0.949	74.341	55.603	-24.048	-20.01	-22.27	-54.03	-34.627	7.687	26.360	0.71725	-0.28589	-0.12628	-0.62271	25.8	null	null	13113	60
2026-05-27T17:14:48.644	WT901BLE68(F3:F0:16:BF:DC:AE)	-0.222	0.070	1.271	-14.038	-5.737	-35.034	-14.98	-15.28	-60.35	-34.627	7.687	26.360	0.71725	-0.28589	-0.12628	-0.62271	25.8	null	null	13113	60
2026-05-27T17:14:48.734	WT901BLE68(F3:F0:16:BF:DC:AE)	0.110	-0.245	1.011	-59.998	-24.902	-103.516	-16.81	-19.11	-69.64	-17.233	-3.293	31.267	0.71725	-0.28589	-0.12628	-0.62271	25.8	null	null	13113	60
2026-05-27T17:14:48.853	WT901BLE68(F3:F0:16:BF:DC:AE)	0.337	-0.270	0.808	-59.937	11.963	-145.386	-17.55	-22.14	-84.09	-17.233	-3.293	31.267	0.71725	-0.28589	-0.12628	-0.62271	25.8	null	null	13113	60
2026-05-27T17:14:48.911	WT901BLE68(F3:F0:16:BF:DC:AE)	0.465	-0.248	0.500	-37.354	34.912	-170.349	-15.57	-25.56	-100.95	-17.233	-3.293	31.267	0.64276	-0.25409	-0.04086	-0.72147	25.8	null	null	13113	60
2026-05-27T17:14:49.039	WT901BLE68(F3:F0:16:BF:DC:AE)	0.501	-0.170	0.456	37.659	29.358	-176.575	-6.58	-28.23	-119.16	-17.233	-3.293	31.267	0.64276	-0.25409	-0.04086	-0.72147	25.8	null	null	13113	60
2026-05-27T17:14:49.124	WT901BLE68(F3:F0:16:BF:DC:AE)	0.721	0.149	0.891	115.845	57.129	-163.940	10.85	-26.04	-136.02	-17.233	-3.293	31.267	0.64276	-0.25409	-0.04086	-0.72147	25.8	null	null	13113	60
2026-05-27T17:14:49.243	WT901BLE68(F3:F0:16:BF:DC:AE)	0.770	0.326	1.025	91.980	23.010	-96.375	26.45	-19.62	-145.21	-17.233	-3.293	31.267	0.64276	-0.25409	-0.04086	-0.72147	25.8	null	null	13113	60
2026-05-27T17:14:49.334	WT901BLE68(F3:F0:16:BF:DC:AE)	0.893	0.237	1.186	33.081	1.282	18.433	32.44	-19.98	-144.17	-17.233	-3.293	31.267	0.64276	-0.25409	-0.04086	-0.72147	25.8	null	null	13113	60
2026-05-27T17:14:49.456	WT901BLE68(F3:F0:16:BF:DC:AE)	0.888	0.214	1.000	-12.268	6.348	100.037	30.55	-23.62	-134.71	-17.233	-3.293	31.267	0.64276	-0.25409	-0.04086	-0.72147	25.8	null	null	13113	60
2026-05-27T17:14:49.511	WT901BLE68(F3:F0:16:BF:DC:AE)	0.983	0.194	0.822	-7.446	-60.608	166.992	22.89	-31.57	-119.19	-17.233	-3.293	31.267	0.64276	-0.25409	-0.04086	-0.72147	25.8	null	null	13113	60
2026-05-27T17:14:49.633	WT901BLE68(F3:F0:16:BF:DC:AE)	1.069	0.184	0.798	21.301	1.038	224.365	10.19	-41.67	-94.95	-27.907	18.167	21.173	0.64276	-0.25409	-0.04086	-0.72147	25.8	null	null	13113	60
2026-05-27T17:14:49.725	WT901BLE68(F3:F0:16:BF:DC:AE)	0.673	0.111	0.696	8.057	21.729	201.538	-7.20	-40.46	-64.98	-27.907	18.167	21.173	0.64276	-0.25409	-0.04086	-0.72147	25.8	null	null	13113	60
2026-05-27T17:14:49.848	WT901BLE68(F3:F0:16:BF:DC:AE)	0.448	0.094	0.534	17.578	50.293	146.545	-18.00	-34.76	-45.37	-27.907	18.167	21.173	0.79663	-0.24020	-0.25049	-0.49478	25.8	null	null	13113	60
2026-05-27T17:14:49.933	WT901BLE68(F3:F0:16:BF:DC:AE)	0.213	0.173	0.677	65.125	7.141	90.637	-19.18	-27.36	-36.94	-27.907	18.167	21.173	0.79663	-0.24020	-0.25049	-0.49478	25.8	null	null	13113	60
2026-05-27T17:14:50.054	WT901BLE68(F3:F0:16:BF:DC:AE)	0.013	0.136	1.138	67.078	14.160	72.449	-13.90	-23.20	-32.70	-27.907	18.167	21.173	0.79663	-0.24020	-0.25049	-0.49478	25.8	null	null	13113	60
2026-05-27T17:14:50.145	WT901BLE68(F3:F0:16:BF:DC:AE)	0.123	-0.003	1.207	-20.020	1.282	20.264	-10.94	-22.06	-31.47	-27.907	18.167	21.173	0.79663	-0.24020	-0.25049	-0.49478	25.8	null	null	13113	60
2026-05-27T17:14:50.264	WT901BLE68(F3:F0:16:BF:DC:AE)	0.094	-0.419	0.805	-57.556	-88.623	2.441	-15.90	-25.11	-31.33	-27.907	18.167	21.173	0.79663	-0.24020	-0.25049	-0.49478	25.8	null	null	13113	60
2026-05-27T17:14:50.323	WT901BLE68(F3:F0:16:BF:DC:AE)	0.105	-0.078	0.836	51.453	35.889	-11.353	-16.78	-27.39	-31.92	-27.907	18.167	21.173	0.79663	-0.24020	-0.25049	-0.49478	25.8	null	null	13113	60
2026-05-27T17:14:50.443	WT901BLE68(F3:F0:16:BF:DC:AE)	0.250	0.236	0.925	55.481	28.381	-39.673	-8.43	-25.41	-36.04	-27.907	18.167	21.173	0.79663	-0.24020	-0.25049	-0.49478	25.8	null	null	13113	60
2026-05-27T17:14:50.535	WT901BLE68(F3:F0:16:BF:DC:AE)	0.191	0.266	1.179	-42.114	-50.293	-49.744	-4.54	-24.97	-41.35	-1.860	6.380	24.307	0.79663	-0.24020	-0.25049	-0.49478	25.8	null	null	13113	60
2026-05-27T17:14:50.661	WT901BLE68(F3:F0:16:BF:DC:AE)	0.291	0.093	0.952	-72.815	-32.104	-121.216	-5.43	-28.49	-51.19	-1.860	6.380	24.307	0.79663	-0.24020	-0.25049	-0.49478	25.8	null	null	13113	60
2026-05-27T17:14:50.744	WT901BLE68(F3:F0:16:BF:DC:AE)	0.692	0.114	0.956	-94.727	-8.423	-168.640	-4.43	-29.15	-68.58	-1.860	6.380	24.307	0.83884	-0.16077	-0.20007	-0.47995	25.8	null	null	13113	60
2026-05-27T17:14:50.866	WT901BLE68(F3:F0:16:BF:DC:AE)	0.837	0.014	0.671	-126.770	-2.075	-156.067	-5.71	-29.79	-87.50	-1.860	6.380	24.307	0.83884	-0.16077	-0.20007	-0.47995	25.8	null	null	13113	60
2026-05-27T17:14:50.923	WT901BLE68(F3:F0:16:BF:DC:AE)	0.721	-0.217	0.295	-88.684	42.297	-148.193	-7.87	-31.11	-104.49	-1.860	6.380	24.307	0.83884	-0.16077	-0.20007	-0.47995	25.8	null	null	13113	60
2026-05-27T17:14:51.046	WT901BLE68(F3:F0:16:BF:DC:AE)	0.428	-0.245	0.413	60.486	126.282	-184.143	-0.54	-25.74	-122.39	-1.860	6.380	24.307	0.83884	-0.16077	-0.20007	-0.47995	25.8	null	null	13113	60
2026-05-27T17:14:51.132	WT901BLE68(F3:F0:16:BF:DC:AE)	1.249	0.376	1.187	119.324	111.572	-137.756	17.50	-17.70	-138.28	-1.860	6.380	24.307	0.83884	-0.16077	-0.20007	-0.47995	25.8	null	null	13113	60
2026-05-27T17:14:51.259	WT901BLE68(F3:F0:16:BF:DC:AE)	0.879	0.172	1.276	9.949	-67.322	5.859	25.95	-13.90	-139.35	-1.860	6.380	24.307	0.83884	-0.16077	-0.20007	-0.47995	25.8	null	null	13113	60
2026-05-27T17:14:51.344	WT901BLE68(F3:F0:16:BF:DC:AE)	0.612	0.053	1.026	-16.968	4.211	62.500	24.20	-18.95	-134.51	-1.860	6.380	24.307	0.83884	-0.16077	-0.20007	-0.47995	25.8	null	null	13113	60
2026-05-27T17:14:51.466	WT901BLE68(F3:F0:16:BF:DC:AE)	0.773	0.078	0.934	-22.217	-1.465	113.708	18.64	-24.01	-123.24	-43.053	12.347	22.320	0.83884	-0.16077	-0.20007	-0.47995	25.8	null	null	13113	60
2026-05-27T17:14:51.552	WT901BLE68(F3:F0:16:BF:DC:AE)	0.811	0.096	0.887	-21.790	-11.292	163.391	9.47	-29.31	-106.36	-43.053	12.347	22.320	0.83884	-0.16077	-0.20007	-0.47995	25.8	null	null	13113	60
2026-05-27T17:14:51.674	WT901BLE68(F3:F0:16:BF:DC:AE)	0.696	0.083	0.864	-14.648	-21.118	184.143	-2.72	-32.54	-84.94	-43.053	12.347	22.320	0.63354	-0.17319	-0.20731	-0.72491	25.8	null	null	13113	60
2026-05-27T17:14:51.734	WT901BLE68(F3:F0:16:BF:DC:AE)	0.481	-0.017	0.747	-13.489	-5.920	164.551	-14.75	-32.10	-64.06	-43.053	12.347	22.320	0.63354	-0.17319	-0.20731	-0.72491	25.8	null	null	13113	60
2026-05-27T17:14:51.857	WT901BLE68(F3:F0:16:BF:DC:AE)	0.254	-0.160	0.461	24.597	-35.706	97.168	-21.81	-30.26	-50.68	-43.053	12.347	22.320	0.63354	-0.17319	-0.20731	-0.72491	25.8	null	null	13113	60
2026-05-27T17:14:51.946	WT901BLE68(F3:F0:16:BF:DC:AE)	0.323	0.136	0.823	112.244	19.043	64.941	-18.05	-28.61	-44.25	-43.053	12.347	22.320	0.63354	-0.17319	-0.20731	-0.72491	25.8	null	null	13113	60
2026-05-27T17:14:52.062	WT901BLE68(F3:F0:16:BF:DC:AE)	0.201	0.296	1.390	22.461	18.005	65.674	-10.96	-24.89	-40.65	-43.053	12.347	22.320	0.63354	-0.17319	-0.20731	-0.72491	25.8	null	null	13113	60
2026-05-27T17:14:52.161	WT901BLE68(F3:F0:16:BF:DC:AE)	0.162	-0.307	0.848	-69.885	-70.251	21.179	-16.04	-27.86	-37.48	-43.053	12.347	22.320	0.63354	-0.17319	-0.20731	-0.72491	25.8	null	null	13113	60
2026-05-27T17:14:52.277	WT901BLE68(F3:F0:16:BF:DC:AE)	0.262	-0.262	0.548	29.907	-3.418	-13.245	-19.06	-31.70	-37.03	-43.053	12.347	22.320	0.63354	-0.17319	-0.20731	-0.72491	25.8	null	null	13113	60
2026-05-27T17:14:52.331	WT901BLE68(F3:F0:16:BF:DC:AE)	0.457	0.254	0.989	90.393	58.594	-39.307	-8.89	-27.89	-41.81	-0.540	0.713	23.947	0.63354	-0.17319	-0.20731	-0.72491	25.8	null	null	13113	60
2026-05-27T17:14:52.457	WT901BLE68(F3:F0:16:BF:DC:AE)	-0.229	0.307	1.270	-23.010	-22.400	-45.410	-2.89	-17.28	-47.80	-0.540	0.713	23.947	0.63354	-0.17319	-0.20731	-0.72491	25.8	null	null	13113	60
2026-05-27T17:14:52.541	WT901BLE68(F3:F0:16:BF:DC:AE)	0.141	0.014	1.033	-81.421	-18.127	-119.995	-5.24	-20.76	-58.04	-0.540	0.713	23.947	0.89133	-0.09540	-0.13724	-0.42126	25.8	null	null	13113	60
2026-05-27T17:14:52.665	WT901BLE68(F3:F0:16:BF:DC:AE)	0.541	-0.044	0.810	-84.900	9.949	-168.701	-6.99	-22.54	-74.84	-0.540	0.713	23.947	0.89133	-0.09540	-0.13724	-0.42126	25.8	null	null	13113	60
2026-05-27T17:14:52.760	WT901BLE68(F3:F0:16:BF:DC:AE)	0.613	-0.061	0.614	-79.834	25.574	-176.392	-7.39	-23.82	-93.68	-0.540	0.713	23.947	0.89133	-0.09540	-0.13724	-0.42126	25.8	null	null	13113	60
2026-05-27T17:14:52.873	WT901BLE68(F3:F0:16:BF:DC:AE)	0.272	-0.208	0.308	-5.859	-13.367	-203.125	-3.39	-25.51	-113.63	-0.540	0.713	23.947	0.89133	-0.09540	-0.13724	-0.42126	25.8	null	null	13113	60
2026-05-27T17:14:52.966	WT901BLE68(F3:F0:16:BF:DC:AE)	1.035	0.466	1.139	125.061	101.685	-219.788	13.61	-21.65	-134.83	-0.540	0.713	23.947	0.89133	-0.09540	-0.13724	-0.42126	25.8	null	null	13113	60
2026-05-27T17:14:53.085	WT901BLE68(F3:F0:16:BF:DC:AE)	0.967	0.613	1.123	45.715	-31.311	-41.260	26.67	-14.25	-143.56	-0.540	0.713	23.947	0.89133	-0.09540	-0.13724	-0.42126	25.8	null	null	13113	60
2026-05-27T17:14:53.145	WT901BLE68(F3:F0:16:BF:DC:AE)	0.852	-0.034	1.098	-13.367	-33.447	11.353	28.08	-20.31	-144.14	-0.540	0.713	23.947	0.89133	-0.09540	-0.13724	-0.42126	25.8	null	null	13113	60
2026-05-27T17:14:53.265	WT901BLE68(F3:F0:16:BF:DC:AE)	0.852	0.200	0.928	-11.230	9.888	82.031	24.82	-24.18	-136.77	-41.947	9.247	23.440	0.89133	-0.09540	-0.13724	-0.42126	25.8	null	null	13113	60
2026-05-27T17:14:53.352	WT901BLE68(F3:F0:16:BF:DC:AE)	0.827	0.136	0.844	-14.099	-3.967	133.972	18.00	-28.77	-122.20	-41.947	9.247	23.440	0.89133	-0.09540	-0.13724	-0.42126	25.8	null	null	13113	60
2026-05-27T17:14:53.472	WT901BLE68(F3:F0:16:BF:DC:AE)	0.768	0.089	0.832	-13.428	-22.705	171.631	7.48	-33.57	-102.94	-41.947	9.247	23.440	0.52402	-0.15182	-0.24591	-0.80109	25.8	null	null	13113	60
2026-05-27T17:14:53.563	WT901BLE68(F3:F0:16:BF:DC:AE)	0.634	0.030	0.830	-18.555	-41.382	180.176	-6.18	-36.40	-80.38	-41.947	9.247	23.440	0.52402	-0.15182	-0.24591	-0.80109	25.8	null	null	13113	60
2026-05-27T17:14:53.685	WT901BLE68(F3:F0:16:BF:DC:AE)	0.528	-0.093	0.465	-7.629	-51.208	145.142	-19.80	-37.93	-60.24	-41.947	9.247	23.440	0.52402	-0.15182	-0.24591	-0.80109	25.8	null	null	13113	60
2026-05-27T17:14:53.743	WT901BLE68(F3:F0:16:BF:DC:AE)	0.664	0.029	0.482	131.348	-7.935	99.304	-21.93	-37.64	-46.66	-41.947	9.247	23.440	0.52402	-0.15182	-0.24591	-0.80109	25.8	null	null	13113	60
2026-05-27T17:14:53.864	WT901BLE68(F3:F0:16:BF:DC:AE)	0.613	0.350	1.088	93.445	42.297	98.511	-11.82	-30.81	-39.92	-41.947	9.247	23.440	0.52402	-0.15182	-0.24591	-0.80109	25.8	null	null	13113	60
2026-05-27T17:14:53.956	WT901BLE68(F3:F0:16:BF:DC:AE)	0.033	-0.199	1.028	-74.524	-44.006	60.974	-17.79	-30.37	-33.13	-41.947	9.247	23.440	0.52402	-0.15182	-0.24591	-0.80109	25.8	null	null	13113	60
2026-05-27T17:14:54.076	WT901BLE68(F3:F0:16:BF:DC:AE)	0.037	-0.266	0.671	3.235	25.879	-18.311	-21.90	-31.44	-33.46	-41.947	9.247	23.440	0.52402	-0.15182	-0.24591	-0.80109	25.8	null	null	13113	60
2026-05-27T17:14:54.162	WT901BLE68(F3:F0:16:BF:DC:AE)	0.558	0.323	0.858	70.679	26.489	-50.964	-11.88	-30.14	-40.79	-1.673	-1.800	24.747	0.52402	-0.15182	-0.24591	-0.80109	25.8	null	null	13113	60
2026-05-27T17:14:54.284	WT901BLE68(F3:F0:16:BF:DC:AE)	0.107	0.146	1.303	-39.734	-72.998	-68.542	-6.96	-28.77	-48.75	-1.673	-1.800	24.747	0.52402	-0.15182	-0.24591	-0.80109	25.8	null	null	13113	60
2026-05-27T17:14:54.374	WT901BLE68(F3:F0:16:BF:DC:AE)	0.564	0.015	0.997	-103.027	-20.264	-128.479	-8.10	-32.66	-62.30	-1.673	-1.800	24.747	0.84558	-0.17850	-0.20901	-0.45752	25.8	null	null	13113	60
2026-05-27T17:14:54.493	WT901BLE68(F3:F0:16:BF:DC:AE)	0.874	-0.116	0.679	-115.479	11.963	-139.038	-9.40	-33.38	-79.58	-1.673	-1.800	24.747	0.84558	-0.17850	-0.20901	-0.45752	25.8	null	null	13113	60
2026-05-27T17:14:54.553	WT901BLE68(F3:F0:16:BF:DC:AE)	0.701	-0.155	0.352	-101.379	52.307	-155.029	-10.16	-33.72	-97.59	-1.673	-1.800	24.747	0.84558	-0.17850	-0.20901	-0.45752	25.8	null	null	13113	60
2026-05-27T17:14:54.676	WT901BLE68(F3:F0:16:BF:DC:AE)	0.857	-0.090	0.311	9.338	-18.738	-179.871	-2.46	-34.73	-117.39	-1.673	-1.800	24.747	0.84558	-0.17850	-0.20901	-0.45752	25.8	null	null	13113	60
2026-05-27T17:14:54.764	WT901BLE68(F3:F0:16:BF:DC:AE)	0.988	0.172	0.782	68.420	38.940	-159.729	14.13	-30.73	-135.25	-1.673	-1.800	24.747	0.84558	-0.17850	-0.20901	-0.45752	25.8	null	null	13113	60
2026-05-27T17:14:54.883	WT901BLE68(F3:F0:16:BF:DC:AE)	1.033	0.324	0.945	31.189	-15.564	-62.744	24.08	-27.14	-143.99	-1.673	-1.800	24.747	0.84558	-0.17850	-0.20901	-0.45752	25.8	null	null	13113	60
2026-05-27T17:14:54.975	WT901BLE68(F3:F0:16:BF:DC:AE)	0.874	0.028	0.877	-3.052	-5.981	25.879	25.33	-29.80	-143.84	-1.673	-1.800	24.747	0.84558	-0.17850	-0.20901	-0.45752	25.8	null	null	13113	60
2026-05-27T17:14:55.094	WT901BLE68(F3:F0:16:BF:DC:AE)	0.877	0.004	0.701	6.775	5.493	64.026	22.42	-32.10	-135.93	-32.033	6.667	26.293	0.84558	-0.17850	-0.20901	-0.45752	25.8	null	null	13113	60
2026-05-27T17:14:55.151	WT901BLE68(F3:F0:16:BF:DC:AE)	0.851	-0.005	0.649	34.058	-23.438	105.530	18.51	-36.55	-124.23	-32.033	6.667	26.293	0.84558	-0.17850	-0.20901	-0.45752	25.8	null	null	13113	60
2026-05-27T17:14:55.275	WT901BLE68(F3:F0:16:BF:DC:AE)	1.093	0.252	0.809	52.063	28.992	162.964	12.93	-40.44	-106.28	-32.033	6.667	26.293	0.49170	-0.20535	-0.28168	-0.79788	25.8	null	null	13113	60
2026-05-27T17:14:55.363	WT901BLE68(F3:F0:16:BF:DC:AE)	1.013	0.241	0.805	20.081	10.254	204.102	0.72	-41.92	-80.97	-32.033	6.667	26.293	0.49170	-0.20535	-0.28168	-0.79788	25.8	null	null	13113	60
2026-05-27T17:14:55.485	WT901BLE68(F3:F0:16:BF:DC:AE)	0.642	0.093	0.569	5.737	13.245	176.819	-14.13	-38.97	-55.99	-32.033	6.667	26.293	0.49170	-0.20535	-0.28168	-0.79788	25.8	null	null	13113	60
2026-05-27T17:14:55.571	WT901BLE68(F3:F0:16:BF:DC:AE)	0.456	0.083	0.493	41.626	25.696	152.527	-22.38	-33.90	-39.34	-32.033	6.667	26.293	0.49170	-0.20535	-0.28168	-0.79788	25.8	null	null	13113	60
2026-05-27T17:14:55.696	WT901BLE68(F3:F0:16:BF:DC:AE)	0.057	0.104	0.947	100.220	103.882	109.253	-20.30	-24.42	-30.48	-32.033	6.667	26.293	0.49170	-0.20535	-0.28168	-0.79788	25.8	null	null	13113	60
2026-05-27T17:14:55.785	WT901BLE68(F3:F0:16:BF:DC:AE)	0.109	0.336	1.295	59.326	16.724	45.837	-11.64	-18.39	-27.95	-32.033	6.667	26.293	0.49170	-0.20535	-0.28168	-0.79788	25.8	null	null	13113	60
2026-05-27T17:14:55.907	WT901BLE68(F3:F0:16:BF:DC:AE)	0.144	-0.247	1.185	-68.481	-91.431	20.874	-12.95	-20.95	-26.91	-32.033	6.667	26.293	0.49170	-0.20535	-0.28168	-0.79788	25.8	null	null	13113	60
2026-05-27T17:14:55.964	WT901BLE68(F3:F0:16:BF:DC:AE)	0.098	-0.338	0.741	-10.559	-18.250	0.549	-18.42	-25.49	-25.89	-5.367	1.600	27.267	0.49170	-0.20535	-0.28168	-0.79788	25.8	null	null	13113	60
2026-05-27T17:14:56.081	WT901BLE68(F3:F0:16:BF:DC:AE)	-0.016	0.048	0.894	66.284	15.686	-38.452	-13.82	-22.71	-29.70	-5.367	1.600	27.267	0.49170	-0.20535	-0.28168	-0.79788	25.8	null	null	13113	60
2026-05-27T17:14:56.172	WT901BLE68(F3:F0:16:BF:DC:AE)	-0.077	0.378	1.129	9.888	13.306	-42.297	-6.06	-18.31	-36.93	-5.367	1.600	27.267	0.93497	-0.13943	-0.15698	-0.28571	25.8	null	null	13113	60
2026-05-27T17:14:56.293	WT901BLE68(F3:F0:16:BF:DC:AE)	0.366	0.286	0.999	-64.209	-8.423	-69.702	-6.22	-21.26	-44.83	-5.367	1.600	27.267	0.93497	-0.13943	-0.15698	-0.28571	25.8	null	null	13113	60
2026-05-27T17:14:56.380	WT901BLE68(F3:F0:16:BF:DC:AE)	0.365	-0.174	1.040	-32.104	75.378	-144.531	-6.53	-19.36	-57.65	-5.367	1.600	27.267	0.93497	-0.13943	-0.15698	-0.28571	25.8	null	null	13113	60
2026-05-27T17:14:56.505	WT901BLE68(F3:F0:16:BF:DC:AE)	0.292	0.048	0.863	-33.081	-4.761	-238.647	-3.46	-13.21	-78.81	-5.367	1.600	27.267	0.93497	-0.13943	-0.15698	-0.28571	25.8	null	null	13113	60
2026-05-27T17:14:56.571	WT901BLE68(F3:F0:16:BF:DC:AE)	0.658	0.104	0.569	-39.795	-23.926	-261.353	-0.68	-16.80	-104.91	-5.367	1.600	27.267	0.93497	-0.13943	-0.15698	-0.28571	25.8	null	null	13113	60
2026-05-27T17:14:56.683	WT901BLE68(F3:F0:16:BF:DC:AE)	0.788	-0.010	0.687	55.176	33.020	-179.199	7.62	-19.00	-126.71	-5.367	1.600	27.267	0.93497	-0.13943	-0.15698	-0.28571	25.8	null	null	13113	60
2026-05-27T17:14:56.776	WT901BLE68(F3:F0:16:BF:DC:AE)	1.049	0.354	1.335	85.205	338.928	-111.572	19.62	-6.62	-136.05	-5.367	1.600	27.267	0.93497	-0.13943	-0.15698	-0.28571	25.8	null	null	13113	60
2026-05-27T17:14:56.895	WT901BLE68(F3:F0:16:BF:DC:AE)	0.564	0.283	1.059	38.513	-44.128	-17.334	25.79	5.78	-134.06	-52.093	6.107	21.133	0.93497	-0.13943	-0.15698	-0.28571	25.8	null	null	13113	60
2026-05-27T17:14:56.991	WT901BLE68(F3:F0:16:BF:DC:AE)	0.220	0.160	1.228	-5.859	-41.931	52.979	26.98	2.22	-130.09	-52.093	6.107	21.133	0.93497	-0.13943	-0.15698	-0.28571	25.8	null	null	13113	60
2026-05-27T17:14:57.103	WT901BLE68(F3:F0:16:BF:DC:AE)	0.333	0.201	1.207	-36.987	-31.067	100.159	24.02	-5.37	-122.23	-52.093	6.107	21.133	0.42413	0.09836	-0.20734	-0.87598	25.8	null	null	13113	60
2026-05-27T17:14:57.193	WT901BLE68(F3:F0:16:BF:DC:AE)	0.645	0.208	1.241	-67.383	-29.907	159.729	16.56	-13.72	-109.20	-52.093	6.107	21.133	0.42413	0.09836	-0.20734	-0.87598	25.8	null	null	13113	60
2026-05-27T17:14:57.315	WT901BLE68(F3:F0:16:BF:DC:AE)	0.362	0.196	1.132	-94.299	59.265	201.111	3.36	-14.05	-88.87	-52.093	6.107	21.133	0.42413	0.09836	-0.20734	-0.87598	25.8	null	null	13113	60
2026-05-27T17:14:57.376	WT901BLE68(F3:F0:16:BF:DC:AE)	0.138	0.064	0.805	-88.379	-7.690	180.969	-9.67	-10.75	-69.18	-52.093	6.107	21.133	0.42413	0.09836	-0.20734	-0.87598	25.8	null	null	13113	60
2026-05-27T17:14:57.499	WT901BLE68(F3:F0:16:BF:DC:AE)	0.076	-0.074	0.542	-22.888	-57.190	133.362	-17.78	-12.17	-54.15	-52.093	6.107	21.133	0.42413	0.09836	-0.20734	-0.87598	25.8	null	null	13113	60
2026-05-27T17:14:57.583	WT901BLE68(F3:F0:16:BF:DC:AE)	-0.117	0.159	1.099	84.656	61.218	97.290	-15.83	-12.21	-43.57	-52.093	6.107	21.133	0.42413	0.09836	-0.20734	-0.87598	25.8	null	null	13113	60
2026-05-27T17:14:57.708	WT901BLE68(F3:F0:16:BF:DC:AE)	-0.151	0.259	1.322	-11.230	-6.042	51.636	-10.51	-8.33	-39.38	-52.093	6.107	21.133	0.42413	0.09836	-0.20734	-0.87598	25.8	null	null	13113	60
2026-05-27T17:14:57.791	WT901BLE68(F3:F0:16:BF:DC:AE)	0.018	-0.330	0.814	-77.515	-94.055	2.502	-15.78	-13.71	-38.42	-22.053	5.073	30.673	0.42413	0.09836	-0.20734	-0.87598	25.8	null	null	13113	60
2026-05-27T17:14:57.915	WT901BLE68(F3:F0:16:BF:DC:AE)	0.217	-0.349	0.590	21.118	-73.608	0.000	-19.29	-22.02	-37.01	-22.053	5.073	30.673	0.42413	0.09836	-0.20734	-0.87598	25.8	null	null	13113	60
2026-05-27T17:14:57.971	WT901BLE68(F3:F0:16:BF:DC:AE)	0.134	0.121	0.991	103.027	73.486	-13.916	-11.29	-20.70	-38.75	-22.053	5.073	30.673	0.91031	-0.19388	-0.14499	-0.33560	25.8	null	null	13113	60
2026-05-27T17:14:58.095	WT901BLE68(F3:F0:16:BF:DC:AE)	-0.192	0.447	1.215	4.028	13.916	-23.926	-3.89	-12.34	-43.03	-22.053	5.073	30.673	0.91031	-0.19388	-0.14499	-0.33560	25.8	null	null	13113	60
2026-05-27T17:14:58.181	WT901BLE68(F3:F0:16:BF:DC:AE)	0.002	0.180	0.916	-45.532	-56.580	-85.388	-4.75	-16.53	-50.42	-22.053	5.073	30.673	0.91031	-0.19388	-0.14499	-0.33560	25.8	null	null	13113	60
2026-05-27T17:14:58.302	WT901BLE68(F3:F0:16:BF:DC:AE)	0.361	0.063	0.797	-20.386	-20.691	-140.442	-2.96	-21.03	-63.65	-22.053	5.073	30.673	0.91031	-0.19388	-0.14499	-0.33560	25.8	null	null	13113	60
2026-05-27T17:14:58.396	WT901BLE68(F3:F0:16:BF:DC:AE)	0.457	0.146	0.825	-42.053	38.452	-201.355	1.57	-20.95	-82.07	-22.053	5.073	30.673	0.91031	-0.19388	-0.14499	-0.33560	25.8	null	null	13113	60
2026-05-27T17:14:58.515	WT901BLE68(F3:F0:16:BF:DC:AE)	0.546	0.038	0.439	13.428	0.000	-245.728	8.07	-19.50	-105.79	-22.053	5.073	30.673	0.91031	-0.19388	-0.14499	-0.33560	25.8	null	null	13113	60
2026-05-27T17:14:58.605	WT901BLE68(F3:F0:16:BF:DC:AE)	0.772	0.389	0.999	120.544	103.943	-198.242	23.11	-13.26	-125.61	-22.053	5.073	30.673	0.91031	-0.19388	-0.14499	-0.33560	25.8	null	null	13113	60
2026-05-27T17:14:58.722	WT901BLE68(F3:F0:16:BF:DC:AE)	0.651	0.634	0.896	58.899	20.142	-91.064	34.51	-4.83	-133.90	-45.147	17.053	18.460	0.91031	-0.19388	-0.14499	-0.33560	25.8	null	null	13113	60
2026-05-27T17:14:58.784	WT901BLE68(F3:F0:16:BF:DC:AE)	0.770	0.313	1.163	-11.658	-47.913	14.282	36.78	-8.38	-135.16	-45.147	17.053	18.460	0.91031	-0.19388	-0.14499	-0.33560	25.8	null	null	13113	60
2026-05-27T17:14:58.904	WT901BLE68(F3:F0:16:BF:DC:AE)	0.672	0.271	0.892	-15.503	2.075	77.759	34.30	-13.72	-128.86	-45.147	17.053	18.460	0.38727	0.04947	-0.31818	-0.86383	25.8	null	null	13113	60
2026-05-27T17:14:58.993	WT901BLE68(F3:F0:16:BF:DC:AE)	0.764	0.321	0.843	-4.944	29.053	136.963	30.12	-19.18	-115.40	-45.147	17.053	18.460	0.38727	0.04947	-0.31818	-0.86383	25.8	null	null	13113	60
2026-05-27T17:14:59.118	WT901BLE68(F3:F0:16:BF:DC:AE)	0.772	0.425	0.807	5.127	33.997	189.453	23.51	-25.46	-96.09	-45.147	17.053	18.460	0.38727	0.04947	-0.31818	-0.86383	25.8	null	null	13113	60
2026-05-27T17:14:59.206	WT901BLE68(F3:F0:16:BF:DC:AE)	0.687	0.475	0.673	37.598	13.306	193.665	15.82	-30.99	-73.47	-45.147	17.053	18.460	0.38727	0.04947	-0.31818	-0.86383	25.8	null	null	13113	60
2026-05-27T17:14:59.327	WT901BLE68(F3:F0:16:BF:DC:AE)	0.549	0.451	0.745	44.434	13.794	167.480	9.90	-32.93	-52.29	-45.147	17.053	18.460	0.38727	0.04947	-0.31818	-0.86383	25.8	null	null	13113	60
2026-05-27T17:14:59.382	WT901BLE68(F3:F0:16:BF:DC:AE)	0.315	0.366	0.540	42.358	61.829	118.103	6.00	-31.35	-36.25	-45.147	17.053	18.460	0.38727	0.04947	-0.31818	-0.86383	25.8	null	null	13113	60
2026-05-27T17:14:59.504	WT901BLE68(F3:F0:16:BF:DC:AE)	-0.068	0.531	1.173	78.430	62.439	68.115	8.84	-24.08	-26.77	-45.147	17.053	18.460	0.38727	0.04947	-0.31818	-0.86383	25.8	null	null	13113	60
2026-05-27T17:14:59.592	WT901BLE68(F3:F0:16:BF:DC:AE)	0.305	0.534	0.741	25.513	34.668	30.579	13.97	-24.51	-23.24	-6.207	25.500	14.647	0.38727	0.04947	-0.31818	-0.86383	25.8	null	null	13113	60
2026-05-27T17:14:59.720	WT901BLE68(F3:F0:16:BF:DC:AE)	0.240	0.156	0.784	-50.293	-163.696	-14.893	12.46	-28.82	-24.27	-6.207	25.500	14.647	0.38727	0.04947	-0.31818	-0.86383	25.8	null	null	13113	60
2026-05-27T17:14:59.805	WT901BLE68(F3:F0:16:BF:DC:AE)	0.465	0.338	0.973	32.349	10.071	-35.217	14.52	-34.93	-28.52	-6.207	25.500	14.647	0.93326	0.03397	-0.30490	-0.18661	25.8	null	null	13113	60
2026-05-27T17:14:59.924	WT901BLE68(F3:F0:16:BF:DC:AE)	0.466	0.619	0.830	29.175	50.598	-12.939	19.54	-26.15	-28.11	-6.207	25.500	14.647	0.93326	0.03397	-0.30490	-0.18661	25.8	null	null	13113	60
2026-05-27T17:15:00.014	WT901BLE68(F3:F0:16:BF:DC:AE)	-0.120	0.587	1.118	-63.049	-62.805	-16.113	17.19	-22.54	-28.01	-6.207	25.500	14.647	0.93326	0.03397	-0.30490	-0.18661	25.8	null	null	13113	60
2026-05-27T17:15:00.131	WT901BLE68(F3:F0:16:BF:DC:AE)	0.133	0.516	0.882	-113.770	-91.858	-57.312	11.78	-31.26	-34.51	-6.207	25.500	14.647	0.93326	0.03397	-0.30490	-0.18661	25.8	null	null	13113	60
2026-05-27T17:15:00.191	WT901BLE68(F3:F0:16:BF:DC:AE)	0.500	0.410	0.718	-145.081	18.799	-170.044	8.03	-32.72	-49.76	-6.207	25.500	14.647	0.93326	0.03397	-0.30490	-0.18661	25.8	null	null	13113	60
2026-05-27T17:15:00.313	WT901BLE68(F3:F0:16:BF:DC:AE)	1.092	0.470	0.567	-155.884	-25.208	-189.148	7.77	-35.32	-74.09	-6.207	25.500	14.647	0.93326	0.03397	-0.30490	-0.18661	25.8	null	null	13113	60
2026-05-27T17:15:00.405	WT901BLE68(F3:F0:16:BF:DC:AE)	1.094	0.214	0.179	-124.756	15.259	-159.180	7.54	-35.88	-95.42	-6.207	25.500	14.647	0.93326	0.03397	-0.30490	-0.18661	25.8	null	null	13113	60
2026-05-27T17:15:00.523	WT901BLE68(F3:F0:16:BF:DC:AE)	0.780	0.077	0.257	3.235	64.148	-170.715	13.45	-29.97	-113.44	-18.673	9.620	24.700	0.93326	0.03397	-0.30490	-0.18661	25.8	null	null	13113	60
2026-05-27T17:15:00.611	WT901BLE68(F3:F0:16:BF:DC:AE)	1.029	0.461	0.666	89.172	105.896	-111.938	26.41	-17.73	-124.72	-18.673	9.620	24.700	0.93326	0.03397	-0.30490	-0.18661	25.8	null	null	13113	60
2026-05-27T17:15:00.735	WT901BLE68(F3:F0:16:BF:DC:AE)	1.048	0.260	1.030	30.945	-56.946	-3.784	34.26	-16.62	-127.93	-18.673	9.620	24.700	0.46698	0.01337	-0.28177	-0.83801	25.8	null	null	13113	60
2026-05-27T17:15:00.793	WT901BLE68(F3:F0:16:BF:DC:AE)	0.814	0.234	0.968	28.625	-1.831	55.542	36.54	-21.07	-124.73	-18.673	9.620	24.700	0.46698	0.01337	-0.28177	-0.83801	25.8	null	null	13113	60
2026-05-27T17:15:00.915	WT901BLE68(F3:F0:16:BF:DC:AE)	0.810	0.361	1.033	4.272	12.695	117.432	34.37	-25.96	-114.06	-18.673	9.620	24.700	0.46698	0.01337	-0.28177	-0.83801	25.8	null	null	13113	60
2026-05-27T17:15:01.008	WT901BLE68(F3:F0:16:BF:DC:AE)	0.808	0.393	0.936	-27.161	-91.492	153.137	26.41	-34.97	-99.57	-18.673	9.620	24.700	0.46698	0.01337	-0.28177	-0.83801	25.8	null	null	13113	60
2026-05-27T17:15:01.121	WT901BLE68(F3:F0:16:BF:DC:AE)	0.676	0.284	0.574	-24.719	-28.381	159.973	11.85	-44.99	-80.47	-18.673	9.620	24.700	0.46698	0.01337	-0.28177	-0.83801	25.8	null	null	13113	60
2026-05-27T17:15:01.215	WT901BLE68(F3:F0:16:BF:DC:AE)	0.572	0.112	0.340	15.625	-2.747	103.638	-2.36	-48.59	-61.01	-18.673	9.620	24.700	0.46698	0.01337	-0.28177	-0.83801	25.8	null	null	13113	60
2026-05-27T17:15:01.333	WT901BLE68(F3:F0:16:BF:DC:AE)	0.619	0.309	0.598	122.498	20.813	25.146	-2.76	-48.82	-52.26	-18.673	9.620	24.700	0.46698	0.01337	-0.28177	-0.83801	25.8	null	null	13113	60
2026-05-27T17:15:01.391	WT901BLE68(F3:F0:16:BF:DC:AE)	0.507	0.767	0.905	62.378	127.502	43.457	7.86	-38.67	-50.10	-6.580	16.560	17.760	0.46698	0.01337	-0.28177	-0.83801	25.8	null	null	13113	60
2026-05-27T17:15:01.545	WT901BLE68(F3:F0:16:BF:DC:AE)	0.524	0.087	0.882	-39.185	-123.718	29.541	5.94	-39.67	-45.69	-6.580	16.560	17.760	0.46698	0.01337	-0.28177	-0.83801	25.8	null	null	13113	60
2026-05-27T17:15:01.601	WT901BLE68(F3:F0:16:BF:DC:AE)	0.597	-0.036	0.612	42.236	7.935	15.442	3.88	-45.25	-43.81	-6.580	16.560	17.760	0.86026	-0.11465	-0.36191	-0.34012	25.8	null	null	13113	60
2026-05-27T17:15:01.724	WT901BLE68(F3:F0:16:BF:DC:AE)	0.493	0.412	1.081	59.082	73.425	-8.789	9.92	-39.23	-42.29	-6.580	16.560	17.760	0.86026	-0.11465	-0.36191	-0.34012	25.8	null	null	13113	60
2026-05-27T17:15:01.814	WT901BLE68(F3:F0:16:BF:DC:AE)	0.250	0.436	1.120	-32.288	-26.001	-28.442	12.89	-33.55	-42.40	-6.580	16.560	17.760	0.86026	-0.11465	-0.36191	-0.34012	25.8	null	null	13113	60
2026-05-27T17:15:01.935	WT901BLE68(F3:F0:16:BF:DC:AE)	0.595	0.328	0.929	-106.689	-47.363	-57.129	9.83	-37.16	-49.14	-6.580	16.560	17.760	0.86026	-0.11465	-0.36191	-0.34012	25.8	null	null	13113	60
2026-05-27T17:15:02.023	WT901BLE68(F3:F0:16:BF:DC:AE)	0.597	0.080	0.726	-123.413	19.287	-86.426	4.54	-37.94	-58.38	-6.580	16.560	17.760	0.86026	-0.11465	-0.36191	-0.34012	25.8	null	null	13113	60
2026-05-27T17:15:02.175	WT901BLE68(F3:F0:16:BF:DC:AE)	0.652	0.036	0.528	-118.469	51.575	-121.338	0.60	-34.86	-72.13	-6.580	16.560	17.760	0.86026	-0.11465	-0.36191	-0.34012	25.8	null	null	13113	60
2026-05-27T17:15:02.202	WT901BLE68(F3:F0:16:BF:DC:AE)	0.506	-0.008	0.480	-51.392	115.601	-159.790	0.76	-28.98	-88.99	-6.580	16.560	17.760	0.86026	-0.11465	-0.36191	-0.34012	25.8	null	null	13113	60
2026-05-27T17:15:02.322	WT901BLE68(F3:F0:16:BF:DC:AE)	0.590	0.178	0.879	75.439	188.110	-178.406	8.92	-17.16	-106.41	-25.793	1.773	28.087	0.86026	-0.11465	-0.36191	-0.34012	25.8	null	null	13113	60
2026-05-27T17:15:02.414	WT901BLE68(F3:F0:16:BF:DC:AE)	0.337	0.531	1.044	108.093	90.271	-70.740	21.57	-0.19	-114.94	-25.793	1.773	28.087	0.86026	-0.11465	-0.36191	-0.34012	25.8	null	null	13113	60
2026-05-27T17:15:02.533	WT901BLE68(F3:F0:16:BF:DC:AE)	0.427	0.260	1.128	17.334	-57.312	9.094	27.18	-1.15	-115.76	-25.793	1.773	28.087	0.52246	0.11752	-0.16702	-0.82779	25.8	null	null	13113	60
2026-05-27T17:15:02.624	WT901BLE68(F3:F0:16:BF:DC:AE)	0.491	0.214	1.039	5.493	-24.963	61.279	27.42	-9.33	-113.93	-25.793	1.773	28.087	0.52246	0.11752	-0.16702	-0.82779	25.8	null	null	13113	60
2026-05-27T17:15:02.744	WT901BLE68(F3:F0:16:BF:DC:AE)	0.426	0.355	0.830	2.625	3.418	89.844	25.98	-14.05	-105.77	-25.793	1.773	28.087	0.52246	0.11752	-0.16702	-0.82779	25.8	null	null	13113	60
2026-05-27T17:15:02.832	WT901BLE68(F3:F0:16:BF:DC:AE)	0.416	0.332	0.775	19.165	-26.733	104.675	24.29	-18.37	-95.17	-25.793	1.773	28.087	0.52246	0.11752	-0.16702	-0.82779	25.8	null	null	13113	60
2026-05-27T17:15:02.959	WT901BLE68(F3:F0:16:BF:DC:AE)	0.714	0.438	0.853	37.109	-31.189	129.639	23.45	-24.53	-83.80	-25.793	1.773	28.087	0.52246	0.11752	-0.16702	-0.82779	25.8	null	null	13113	60
2026-05-27T17:15:03.014	WT901BLE68(F3:F0:16:BF:DC:AE)	0.483	0.543	0.956	10.193	-40.222	160.461	18.96	-30.93	-68.26	-25.793	1.773	28.087	0.52246	0.11752	-0.16702	-0.82779	25.8	null	null	13113	60
2026-05-27T17:15:03.135	WT901BLE68(F3:F0:16:BF:DC:AE)	0.368	0.369	0.542	58.533	47.485	148.926	13.05	-34.23	-50.91	-25.793	1.773	28.087	0.52246	0.11752	-0.16702	-0.82779	25.8	null	null	13113	60
2026-05-27T17:15:03.221	WT901BLE68(F3:F0:16:BF:DC:AE)	0.358	0.560	0.891	91.736	131.348	134.583	12.62	-31.20	-34.21	-19.553	26.053	15.133	0.52246	0.11752	-0.16702	-0.82779	25.8	null	null	13113	60
2026-05-27T17:15:03.344	WT901BLE68(F3:F0:16:BF:DC:AE)	0.127	0.472	0.625	1.831	45.715	75.134	12.98	-24.85	-21.51	-19.553	26.053	15.133	0.52246	0.11752	-0.16702	-0.82779	25.8	null	null	13113	60
2026-05-27T17:15:03.433	WT901BLE68(F3:F0:16:BF:DC:AE)	0.516	0.152	0.802	-45.166	-131.714	7.019	10.54	-31.39	-20.87	-19.553	26.053	15.133	0.96024	0.06265	-0.23080	-0.14365	25.8	null	null	13113	60
2026-05-27T17:15:03.556	WT901BLE68(F3:F0:16:BF:DC:AE)	0.394	0.218	0.670	17.822	-30.701	0.610	9.69	-36.37	-22.14	-19.553	26.053	15.133	0.96024	0.06265	-0.23080	-0.14365	25.8	null	null	13113	60
2026-05-27T17:15:03.612	WT901BLE68(F3:F0:16:BF:DC:AE)	0.433	0.518	0.944	50.842	118.469	-26.917	15.50	-30.15	-22.79	-19.553	26.053	15.133	0.96024	0.06265	-0.23080	-0.14365	25.8	null	null	13113	60
2026-05-27T17:15:03.733	WT901BLE68(F3:F0:16:BF:DC:AE)	-0.001	0.663	1.012	-10.742	-72.083	-72.754	19.52	-22.73	-26.31	-19.553	26.053	15.133	0.96024	0.06265	-0.23080	-0.14365	25.8	null	null	13113	60
2026-05-27T17:15:03.825	WT901BLE68(F3:F0:16:BF:DC:AE)	0.375	0.561	0.850	-70.801	-105.042	-132.446	21.64	-27.47	-41.60	-19.553	26.053	15.133	0.96024	0.06265	-0.23080	-0.14365	25.8	null	null	13113	60
2026-05-27T17:15:03.945	WT901BLE68(F3:F0:16:BF:DC:AE)	0.660	0.542	0.733	-115.540	-93.933	-162.476	22.51	-29.67	-61.59	-19.553	26.053	15.133	0.96024	0.06265	-0.23080	-0.14365	25.8	null	null	13113	60
2026-05-27T17:15:04.033	WT901BLE68(F3:F0:16:BF:DC:AE)	0.578	0.308	0.603	-113.037	42.114	-170.959	20.78	-27.09	-81.19	-19.553	26.053	15.133	0.96024	0.06265	-0.23080	-0.14365	25.8	null	null	13113	60
2026-05-27T17:15:04.158	WT901BLE68(F3:F0:16:BF:DC:AE)	0.607	0.323	0.426	1.648	44.922	-196.167	21.78	-18.09	-98.77	-29.407	19.887	19.127	0.96024	0.06265	-0.23080	-0.14365	25.8	null	null	13113	60
2026-05-27T17:15:04.246	WT901BLE68(F3:F0:16:BF:DC:AE)	0.873	0.706	0.854	70.007	-99.670	-125.061	32.16	-12.51	-113.54	-29.407	19.887	19.127	0.96024	0.06265	-0.23080	-0.14365	25.8	null	null	13113	60
2026-05-27T17:15:04.364	WT901BLE68(F3:F0:16:BF:DC:AE)	1.105	0.389	0.557	53.528	-25.330	51.941	41.68	-24.64	-123.51	-29.407	19.887	19.127	0.50558	0.02069	-0.34534	-0.79031	25.8	null	null	13113	60
2026-05-27T17:15:04.421	WT901BLE68(F3:F0:16:BF:DC:AE)	0.959	0.411	0.613	71.716	-10.437	53.223	46.49	-31.73	-119.31	-29.407	19.887	19.127	0.50558	0.02069	-0.34534	-0.79031	25.8	null	null	13113	60
2026-05-27T17:15:04.543	WT901BLE68(F3:F0:16:BF:DC:AE)	0.593	0.568	0.389	90.210	41.565	62.561	49.23	-34.12	-108.19	-29.407	19.887	19.127	0.50558	0.02069	-0.34534	-0.79031	25.8	null	null	13113	60
2026-05-27T17:15:04.633	WT901BLE68(F3:F0:16:BF:DC:AE)	0.556	0.712	0.394	98.206	83.862	61.584	52.39	-35.18	-95.13	-29.407	19.887	19.127	0.50558	0.02069	-0.34534	-0.79031	25.8	null	null	13113	60
2026-05-27T17:15:04.758	WT901BLE68(F3:F0:16:BF:DC:AE)	0.633	0.787	0.432	84.290	49.805	51.270	55.96	-36.42	-84.12	-29.407	19.887	19.127	0.50558	0.02069	-0.34534	-0.79031	25.8	null	null	13113	60
2026-05-27T17:15:04.844	WT901BLE68(F3:F0:16:BF:DC:AE)	0.438	0.830	0.438	57.922	41.748	37.292	57.44	-36.55	-73.80	-29.407	19.887	19.127	0.50558	0.02069	-0.34534	-0.79031	25.8	null	null	13113	60
2026-05-27T17:15:04.966	WT901BLE68(F3:F0:16:BF:DC:AE)	0.385	0.846	0.440	33.447	26.794	18.677	59.18	-36.82	-68.47	-29.407	19.887	19.127	0.50558	0.02069	-0.34534	-0.79031	25.8	null	null	13113	60
2026-05-27T17:15:05.021	WT901BLE68(F3:F0:16:BF:DC:AE)	0.438	0.838	0.429	22.034	24.353	8.667	60.56	-36.60	-65.41	-27.087	43.100	-11.787	0.50558	0.02069	-0.34534	-0.79031	25.8	null	null	13113	60
2026-05-27T17:15:05.145	WT901BLE68(F3:F0:16:BF:DC:AE)	0.487	0.874	0.510	14.343	-0.488	8.911	60.91	-35.62	-61.88	-27.087	43.100	-11.787	0.50558	0.02069	-0.34534	-0.79031	25.8	null	null	13113	60
2026-05-27T17:15:05.232	WT901BLE68(F3:F0:16:BF:DC:AE)	0.545	0.758	0.436	4.089	-35.156	4.089	63.11	-36.80	-63.42	-27.087	43.100	-11.787	0.78156	0.28006	-0.47800	-0.28656	25.8	null	null	13113	60
2026-05-27T17:15:05.356	WT901BLE68(F3:F0:16:BF:DC:AE)	0.603	0.743	0.367	2.747	-6.958	-1.282	64.46	-37.43	-64.62	-27.087	43.100	-11.787	0.78156	0.28006	-0.47800	-0.28656	25.8	null	null	13113	60
2026-05-27T17:15:05.444	WT901BLE68(F3:F0:16:BF:DC:AE)	0.694	0.709	0.346	4.944	-13.977	-1.770	65.77	-37.67	-65.32	-27.087	43.100	-11.787	0.78156	0.28006	-0.47800	-0.28656	25.8	null	null	13113	60
2026-05-27T17:15:05.563	WT901BLE68(F3:F0:16:BF:DC:AE)	0.655	0.706	0.320	1.160	-3.662	6.165	65.88	-38.10	-64.46	-27.087	43.100	-11.787	0.78156	0.28006	-0.47800	-0.28656	25.8	null	null	13113	60
2026-05-27T17:15:05.652	WT901BLE68(F3:F0:16:BF:DC:AE)	0.606	0.680	0.305	5.554	3.784	0.061	65.87	-38.22	-63.03	-27.087	43.100	-11.787	0.78156	0.28006	-0.47800	-0.28656	25.8	null	null	13113	60
2026-05-27T17:15:05.775	WT901BLE68(F3:F0:16:BF:DC:AE)	0.587	0.819	0.384	1.953	3.540	3.967	65.58	-37.84	-61.17	-27.087	43.100	-11.787	0.78156	0.28006	-0.47800	-0.28656	25.8	null	null	13113	60
