Left_Wrist_Acc_X,Left_Wrist_Acc_Y,Left_Wrist_Acc_Z,Right_Wrist_Acc_X,Right_Wrist_Acc_Y,Right_Wrist_Acc_Z,Upper_Leg_Acc_X,Upper_Leg_Acc_Y,Upper_Leg_Acc_Z,Activity
2.626373,-2.780852,-0.4494,-3.677941,0.889419,1.994536,0.280295,0.073345,0.130209,0
4.582242,-2.388393,-0.822181,-3.764436,1.478484,1.104357,0.269952,0.048826,0.085855,0
4.233922,-1.353336,-0.69316,-3.992572,0.828035,0.079023,0.213406,0.067431,0.041294,0
1.159249,-0.97857,-0.88664,-2.399814,0.550562,-1.979808,-0.057224,-0.084089,0.038763,0
-1.561547,0.67799,-0.10583,-0.518977,-3.213671,-3.980386,-0.291715,-0.222597,0.152113,0
-0.848971,1.068617,-0.054957,1.869248,-3.953388,-1.232465,-0.273349,-0.220816,0.037821,0
0.594274,2.788728,-0.361033,3.443484,-4.033106,-0.528824,-0.039092,0.059611,0.204679,0
-0.746179,1.491722,1.004383,4.053894,-4.197419,-2.134387,0.173848,0.089984,0.170682,0
-0.357375,0.524536,2.075473,5.376775,-3.490046,-1.061221,0.328215,0.373471,0.096669,0
-0.225619,0.94328,0.234069,4.882298,-2.773422,-0.002549,0.35527,0.239834,0.222148,0
-1.27253,0.331427,0.125952,2.590984,-0.999604,-0.086097,0.205564,-0.000478,0.251448,0
-1.659963,-0.623275,0.079156,-1.511968,0.792242,0.022034,0.130878,-0.462046,0.025829,0
-1.522192,-0.994689,-0.194263,2.0577,1.500958,3.793174,-0.213063,-0.019821,0.097894,0
-1.317928,-0.023947,-0.909328,-2.915901,5.025158,0.485386,-0.76477,0.133183,0.270473,0
-0.764752,-0.049501,-0.880027,-4.885142,4.047274,1.525029,-1.59841,0.46313,0.295486,0
0.334836,0.311673,-0.666533,-1.550808,1.846245,2.911064,-2.477969,0.925005,0.708426,0
-0.280755,-0.265832,-1.645051,-1.264023,1.347163,1.128257,-3.133539,1.343195,0.695033,0
0.463733,0.118646,-0.618265,-1.125997,0.283653,0.059418,-2.311051,1.844521,1.261303,0
0.282049,-0.233191,-0.443007,-0.659355,-0.24226,0.836056,-0.380402,2.199391,2.483941,0
-0.213496,-0.872997,-1.235939,-1.360176,0.23146,-0.064598,-0.148879,1.647541,0.122782,0
1.434875,-0.136599,0.301908,-1.003715,-0.279272,-0.971177,3.485534,-3.268825,-0.324098,0
1.822361,0.194333,-0.124171,-0.732367,-0.803105,-1.449908,2.879687,-2.418543,-2.257642,0
1.6165,-0.440595,0.223714,-0.938432,-1.875917,-2.584818,5.519867,-3.249132,-2.236433,0
1.356094,0.395,0.411296,-0.069661,-2.127867,-2.282956,2.924291,-3.869059,-1.896661,0
0.700857,0.455752,-0.143779,-1.07245,-1.601671,-2.571245,0.495547,0.09107,-2.371664,0
0.588152,0.074579,-0.427106,-0.087206,-1.932704,-3.391387,-1.257687,0.155373,-0.080688,0
0.58208,0.037665,-0.587366,0.657926,-2.378077,-3.41685,-6.198864,0.885453,5.275135,0
0.200407,-0.002574,0.370427,1.286742,-2.338578,0.058766,-0.939032,4.269561,-0.086329,0
0.14011,0.06231,0.505217,1.516368,-0.19065,-0.586864,2.667246,0.732143,-0.303167,0
-0.111949,-0.769318,0.445646,1.736383,1.49682,0.096169,0.724919,-2.403303,0.4899,0
-0.18279,-0.301291,-0.036434,1.866097,1.049472,2.217768,0.154538,-0.521895,0.738641,0
0.069056,0.844981,0.518441,0.374348,1.893014,1.480067,-0.361423,1.187128,0.2082,0
-1.349916,0.482479,0.499582,-0.462118,1.591939,1.011421,-0.846739,1.186867,-0.223429,0
-0.985253,1.576874,0.400452,-0.540064,1.01947,2.201118,0.309038,0.134907,-0.315528,0
-0.571228,0.782846,0.502985,0.043898,1.64777,3.209055,0.586424,-0.079065,0.382007,0
-0.601073,-0.270551,1.040809,-0.205273,2.341864,2.401362,0.756308,-0.088641,0.600919,0
-0.909402,-0.10819,0.476222,-0.200838,1.839561,2.48223,0.441046,-0.237161,0.129929,0
0.150607,0.77051,0.708533,-0.766503,1.760528,1.231461,0.496477,-0.87451,0.171093,0
0.019055,-0.23796,-0.106133,-0.953295,1.16795,-0.032672,0.305855,-0.557134,0.10928,0
-0.490807,-1.916346,-1.068502,-1.628316,0.595457,0.167038,0.010357,0.349809,0.132088,0
1.700888,-0.530672,2.401297,-2.146508,-0.129837,-0.220959,0.179512,0.407037,0.110765,0
1.756332,-0.858636,2.241991,-2.336539,-0.12607,-0.762849,0.262762,-0.325657,0.023039,0
1.682221,-1.08274,2.159854,-0.407672,-1.018076,0.497103,0.088151,-0.675418,0.084936,0
1.700788,-0.749259,1.779367,0.184369,-1.47813,-0.630213,0.096091,-0.441092,0.222425,0
1.126426,-0.384506,0.765492,1.044221,-2.250574,0.480799,0.209358,0.14109,0.127079,0
0.489817,-0.462344,0.125817,1.47468,-2.744678,0.781354,0.276228,-0.19989,0.194354,0
0.121785,-0.21521,-0.037963,1.102609,-2.547572,0.299494,-0.042157,-0.112846,0.322635,0
0.018855,0.131142,0.300904,1.154245,-2.469553,0.191196,-0.298431,-0.184376,0.08866,0
-0.286128,0.109427,0.129283,1.116248,-1.891808,-0.607828,-0.487701,-0.07848,0.02485,0
-0.529916,-0.004133,-0.01694,0.429448,0.177663,-1.125431,-0.688732,0.219099,-0.067418,0
-0.534562,0.027454,0.237564,2.574876,-0.483613,1.010002,-0.740876,0.261108,0.037466,0
-0.6949,0.262098,0.155352,1.854582,-0.687621,1.5047,-0.800186,0.368754,0.048858,0
-0.988687,-0.013291,-0.349159,0.689396,0.449317,0.866295,-0.221835,0.070966,-0.0588,0
-0.952103,0.514403,-0.586215,0.645814,1.243177,0.835497,0.315321,0.090404,0.100705,0
-0.589108,0.58979,-0.511128,0.599187,2.657591,-0.897385,0.147738,0.030464,0.322283,0
-0.677672,0.513105,-0.515536,-0.604848,2.166981,0.163031,-0.077107,-0.049746,0.169089,0
-0.457296,0.746596,-0.53305,-0.346569,1.624373,0.385519,0.08861,-0.080622,0.091721,0
-0.425087,0.357788,-0.488354,-0.112801,1.288427,0.217125,0.175995,0.289557,0.072652,0
-1.08046,0.469238,-0.947625,-0.734033,1.045249,0.578425,0.258788,0.351573,0.007814,0
-0.747138,0.881731,-1.604664,-0.606038,1.32406,-0.703807,0.266465,-0.110223,0.114033,0
-0.188369,0.434659,-1.346132,-0.58009,0.815449,-0.932459,0.147854,-0.276352,0.084852,0
0.342472,-0.798134,-0.254776,-1.43682,0.60108,-0.575562,0.257828,-0.246947,0.191912,0
2.080198,-1.221815,2.024419,-1.498296,0.862531,-0.343968,0.29939,-0.453354,0.201675,0
2.066279,-1.372993,3.855801,-1.454708,1.222639,0.292496,0.142313,-0.218068,0.283135,0
1.503235,-1.808598,2.137997,-0.783264,1.183035,0.6632,0.096013,0.192661,0.149558,0
1.450209,-0.608554,0.869069,-1.006369,0.586213,-0.686885,0.112121,0.119041,0.085693,0
0.974707,-0.467659,-0.115331,-1.530313,-0.639803,-0.408492,-0.002826,0.132774,0.004678,0
0.381795,-0.067423,-0.54011,-1.143269,-2.139856,-0.920829,-0.109389,0.324458,0.152717,0
0.66416,0.181299,-0.584362,-0.318952,-3.264252,-0.717724,-0.197385,0.127769,0.077487,0
0.915787,0.418963,-0.555182,0.262912,-3.739857,-0.046328,-0.217748,-0.088333,0.046143,0
0.831055,-0.012724,0.145951,0.916402,-3.455166,-0.409719,0.04712,-0.561039,0.035028,0
0.565428,-0.459436,-0.201734,0.886392,-3.288781,0.683714,-0.007204,-0.874056,0.081039,0
-0.182839,-0.080432,-0.649793,1.054394,-1.368521,-0.049701,-0.164103,-0.212502,-0.05991,0
-0.673497,0.182727,-0.880068,1.110545,0.517819,-0.609191,0.01674,0.281447,-0.148924,0
-1.328957,0.417095,-1.404681,1.209929,0.848193,-0.726696,0.152387,0.853432,-0.030896,0
-1.463664,0.45544,-1.343647,1.238565,1.369991,-1.481395,0.372861,0.949159,0.072682,0
-1.351247,0.455452,-0.692249,0.729533,2.403057,-1.675982,0.293474,0.631851,0.400845,0
-0.962815,0.034705,-0.299586,0.434738,2.358808,-0.731073,0.278044,-0.230466,0.065709,0
-0.497887,0.33706,-0.458036,0.366711,2.929438,0.523794,-0.022446,-0.304575,0.185635,0
-0.241721,0.609302,-0.532866,-0.491487,2.888876,0.088401,0.252143,-0.126293,0.357723,0
-0.291915,0.695198,-0.291583,-0.684015,1.675725,0.297914,0.29434,-0.402487,0.32562,0
-0.20328,0.594643,0.211021,-0.041144,0.607851,1.850601,0.311002,0.286442,0.274044,0
-0.310068,0.590032,0.075383,-0.942951,0.44722,0.691021,0.355269,0.795931,-0.033325,0
-0.213797,0.611976,-0.005138,-0.934144,0.001519,-0.451503,0.5148,0.672286,0.288845,0
-0.051399,0.040002,0.503891,-0.430267,-0.875849,-0.724194,0.008554,1.166614,0.067119,0
-0.033939,-0.306396,0.727685,-0.518646,-1.297775,-0.725376,-0.047402,0.229364,-0.321893,0
0.464713,-0.380479,0.74894,-1.303204,-1.282064,-0.462687,0.041178,-0.552078,0.087326,0
0.542602,-0.353064,0.988377,-1.089993,-1.119678,-0.660525,-0.43568,-0.773675,-0.015592,0
0.397781,-0.56732,0.87991,-0.223511,-1.364059,0.56023,-0.46393,-0.326275,-0.28042,0
0.55877,0.018508,0.887524,-0.284872,-1.209349,0.890093,0.258251,-0.117895,0.196136,0
0.651893,-0.004803,1.01269,-0.444687,-0.884556,0.408965,0.326757,0.661445,0.328298,0
0.513854,-0.234886,0.82266,-0.169501,-0.928714,0.442038,-0.053399,1.114416,-0.067883,0
0.265351,-0.136999,0.619523,0.437506,-1.414427,0.854607,-0.015144,0.859411,-0.09903,0
0.019323,-0.215968,0.544263,0.349904,-0.894576,-0.148852,0.050121,-0.19624,0.288158,0
0.162559,-0.390882,-0.038908,0.148615,-1.305675,-0.45785,-0.046598,-1.121979,-0.126321,0
0.5572,0.673284,-0.128674,-0.227329,-1.563859,0.166175,0.621668,-0.908982,0.363017,0
0.064103,0.479767,-0.342121,-0.284198,-0.676566,-0.33369,0.828555,-0.218219,0.718639,0
-0.195044,0.426375,-0.696203,0.006534,0.18994,-0.758792,0.210672,-0.097639,0.313925,0
-0.045611,0.260626,-0.726798,0.033897,0.744594,-0.690422,0.901726,-0.571112,0.373008,0
-0.25682,-0.617227,-0.911752,0.168867,1.988075,-0.481497,0.741385,0.496992,-0.315402,0
-0.506262,-0.515145,-0.394638,0.836238,1.613295,1.003962,0.470047,0.265148,0.111777,0
-0.136735,0.454315,-0.142946,0.245351,1.979676,2.379613,0.61579,0.172204,0.17453,0
-0.523158,0.593991,-0.274929,0.552294,2.737345,2.105339,0.338805,-0.074278,0.50601,0
-0.426514,0.438082,-0.166183,0.576265,2.451777,2.41836,0.340855,-0.532186,0.405759,0
0.049367,0.885035,0.07795,0.313981,1.215156,2.307515,-0.008603,-0.612143,0.267075,0
0.30306,0.757023,1.059067,-0.43539,0.772322,0.162984,0.009803,-0.485134,0.214364,0
1.742657,-0.437657,2.013523,-0.191295,0.075097,-0.487823,0.371132,-0.336616,0.212889,0
2.387904,0.263187,2.489179,-0.132301,-0.623958,-0.924176,0.444423,0.014631,0.386016,0
2.170113,-1.862921,1.298598,-0.912014,-1.622178,-1.675865,0.758131,0.221569,0.607156,0
1.188099,-2.217247,1.868681,-1.475363,-2.422297,-2.402026,0.640097,0.555975,0.33461,0
0.771444,-1.709427,1.458077,-1.603099,-2.510641,-3.207035,0.68625,0.900638,0.225426,0
-0.080027,-1.594197,0.703878,-0.470743,-2.437172,-2.927691,0.62544,0.437328,0.016657,0
0.049749,-1.005826,0.190231,0.311851,-2.183713,-2.657751,0.103805,-0.012774,0.154645,0
0.312119,0.266145,-0.275133,1.944001,-1.956908,-1.19087,-0.37403,0.028147,-0.146356,0
-0.400822,0.450253,0.02607,2.249891,-0.826478,-0.719646,-0.466072,0.046478,-0.253591,0
-0.828871,0.840634,0.361974,1.738207,1.044856,-0.625825,-0.094092,-0.113403,-0.472682,0
-1.35555,0.273089,0.174898,1.398985,1.773639,0.677982,0.125781,0.143174,0.218313,0
-1.758339,0.927573,-0.069419,0.011851,1.343384,3.709359,0.524173,-0.065564,0.549991,0
-1.680187,0.914286,-0.182297,0.437702,1.14278,3.692885,0.117777,-0.212127,0.270203,0
-1.858418,1.241252,-0.078027,1.301085,1.537196,3.523072,-0.072431,-0.204774,0.390877,0
-1.365711,1.093674,-0.870362,1.25433,1.2638,3.64267,-0.062481,0.048772,0.057215,0
-0.44277,1.31954,-0.945043,-0.022676,1.493255,3.06502,0.007856,0.571915,0.351247,0
-0.356973,0.666048,-0.358918,-0.656417,0.809838,2.481066,0.45099,0.369973,0.131598,0
0.391334,-0.304491,-0.05451,-0.995836,0.372146,2.974468,0.67076,0.447203,0.259411,0
0.577274,-1.02904,0.443143,-1.383974,0.956463,1.901228,0.610576,0.779703,0.298176,0
1.2669,-1.62875,1.035605,-2.175516,0.093524,1.332751,0.626646,0.610281,0.298995,0
2.347715,-0.247068,1.678571,-2.622792,0.057982,-0.12063,0.426886,0.093568,0.245197,0
1.381977,0.28223,2.467982,-3.052224,-0.452969,-1.296275,0.19907,-0.252378,-0.141223,0
0.631296,-0.282404,1.891682,-2.205016,-1.338346,-1.88743,0.104638,-0.476468,0.163768,0
0.383185,0.225835,1.385892,-0.980992,-1.639653,-2.932487,-0.037204,-0.728919,0.323409,0
0.157938,-0.528495,0.940581,-0.769699,-1.735525,-3.520494,-0.23457,-0.681459,-0.091618,0
0.625583,0.39789,1.620062,-0.606139,-0.97801,-2.37821,-0.128218,-0.785887,-0.044811,0
0.199484,0.068738,1.684743,0.808548,-0.833876,0.216627,-0.276522,0.193819,-0.140018,0
-0.552247,-0.707583,1.020748,2.506521,-1.080053,1.831889,-0.127952,0.319269,-0.105409,0
-0.932328,-0.682796,0.884166,3.195005,-0.850793,1.445065,0.161012,0.582197,-0.027986,0
-0.84721,-0.563861,1.118117,2.469425,-0.144713,2.314903,0.098484,0.835726,-0.139336,0
-0.7795,-0.190283,0.989973,2.324272,1.634094,2.314999,0.676342,1.065136,0.693272,0
-1.088027,0.705964,0.089462,1.337508,1.283357,2.902344,0.666672,0.787193,-0.131241,0
-1.234817,-0.222476,0.555323,1.468002,1.46354,3.300607,0.528417,0.984286,0.732741,0
-0.362415,1.206219,0.733659,0.643456,0.868866,3.768776,0.877702,0.074894,0.957272,0
-0.761733,1.138265,1.024061,-1.223349,2.654176,2.101234,1.167694,-0.808386,0.761868,0
-0.575894,0.252836,1.039445,-1.111374,2.599606,1.052271,0.768245,-0.652053,0.644331,0
0.147599,-0.013751,0.757616,-0.820742,0.732637,1.079153,0.485456,-0.623925,0.208663,0
0.782048,-0.297357,0.395427,-0.565582,-0.017188,1.709617,0.264009,-0.49521,0.036736,0
1.366925,-0.345573,0.285936,-0.641175,0.622262,0.073285,-0.177823,-0.475472,0.084152,0
1.005181,-0.761771,0.452127,-0.7759,-0.34578,-0.0219,-0.290551,-0.674248,-0.203296,0
0.84882,-1.207519,-0.001689,-0.697885,-1.417725,-0.902365,-0.400715,-0.58556,-0.223086,0
1.428159,-1.093073,0.358597,-0.769406,-1.731553,-2.324959,-0.257801,-0.265726,-0.093671,0
1.303052,-1.353904,0.409629,-1.00468,-1.931687,-2.462341,0.089112,0.218065,-0.2704,0
1.376656,-0.236742,0.848888,-0.640895,-2.714957,-1.873325,0.056846,0.244505,0.097083,0
0.107074,0.052109,0.688354,-0.613732,-2.103551,-2.116851,0.016713,0.595178,0.06112,0
0.432321,-0.114281,0.964667,-0.197704,-1.819469,-2.389966,0.090859,0.388372,0.096052,0
-0.10061,0.456614,0.928584,0.534484,-2.188801,-1.462822,0.35807,-0.114344,0.237122,0
-0.861626,0.396643,0.851396,0.774881,-1.817432,-0.859345,0.430201,-0.433789,0.462537,0
-0.887944,0.312249,0.067748,0.747307,0.454899,-0.688878,0.332668,-0.301461,0.134558,0
-1.530982,0.570773,-0.309289,0.29748,0.838399,0.762304,0.391208,-0.121625,0.014742,0
-1.646024,0.412571,-0.941092,0.759752,0.996049,1.266461,0.162137,0.01998,0.097063,0
-1.646898,0.371596,-2.108319,1.82015,1.509932,0.942593,0.136906,0.208069,-0.053305,0
-1.66956,0.357885,-2.096931,1.345141,1.167536,1.487752,0.094046,0.394138,-0.161444,0
-1.076148,0.615829,-2.243617,-0.101969,2.739445,0.139267,-0.003499,0.547409,-0.013811,0
-0.642961,0.37004,-1.91911,0.131204,1.981476,0.917772,-0.023381,0.594408,0.269829,0
0.125956,0.007091,-1.248675,0.363698,1.483227,1.171444,-0.264567,0.534226,0.058659,0
0.722648,-0.400593,-0.510496,-0.539587,1.850956,0.608267,-0.013869,0.084251,-0.006413,0
1.304233,-0.427754,0.251259,-1.12455,1.459295,0.21841,-0.005293,0.075274,0.070884,0
1.773531,-0.368948,0.471944,-0.92348,-0.012349,1.326754,-0.066843,-0.200865,0.21096,0
2.025463,-0.109222,0.617961,-1.280996,0.2075,0.632499,-0.103757,-0.408313,0.347891,0
1.487097,-0.570549,0.955229,-1.532804,0.171012,-0.66109,0.493854,-0.411658,0.083864,0
0.837218,-0.892275,1.335129,-1.57564,-0.295586,-0.152522,0.125524,-0.241318,0.122323,0
1.029107,-0.922634,1.288493,-1.730227,-1.017917,-0.75393,0.219938,0.252484,0.106573,0
1.005812,-0.6318,1.620544,-1.243841,-1.103206,-0.555574,0.337364,0.340321,0.194038,0
0.747813,-0.186319,1.621777,-0.430172,-0.826141,-0.761305,0.435464,-0.299532,0.314234,0
0.868751,-0.429879,1.210423,0.675035,-1.427099,-0.952318,0.674286,-0.505317,0.279322,0
0.142068,-0.12304,1.041844,0.827434,-0.743845,-1.321958,0.374943,0.087254,0.245021,0
0.015251,0.310731,0.998968,1.337917,-1.111152,-1.995297,0.287166,0.181359,0.132911,0
-0.28985,0.815783,-0.118516,1.794637,-1.159453,-1.026034,0.560957,-0.227637,0.156497,0
-1.156714,1.054607,-0.326146,1.596227,-0.926567,-1.058069,0.114159,-0.387914,0.035492,0
-0.934406,1.466852,-0.992055,1.159883,0.510124,-1.400502,-0.027917,0.080114,-0.074733,0
-1.639131,0.635104,-1.181037,0.709336,1.188485,-0.145246,-0.027102,0.540512,0.075042,0
-1.820658,0.253182,-1.442701,0.42138,0.159639,1.50878,-0.359745,0.759521,0.082036,0
-1.29906,0.585644,-2.126955,0.82438,1.085665,0.354322,-0.624518,0.506285,-0.129378,0
-1.128775,0.637235,-1.416936,-0.350125,1.580897,-0.100919,-0.148487,0.270988,0.196136,0
-1.028858,0.186415,-1.348643,-1.224463,1.103877,0.52478,-0.22724,-0.022009,0.180886,0
-0.184913,0.024341,-0.883589,-0.465401,1.30081,0.064935,-0.208034,-0.119088,0.269505,0
0.833072,-0.127308,-0.341617,-0.505341,0.641067,0.561295,0.16694,0.275889,0.119732,0
1.365887,-0.938864,-0.039454,-0.024098,0.871884,1.836167,0.192046,-0.058462,0.056231,0
1.881343,-1.415317,0.359082,-0.707693,2.689273,0.94382,0.780885,-0.682516,0.428744,0
1.928953,-0.801726,1.010501,-0.845754,0.966172,2.405534,0.744768,-0.481284,0.183427,0
1.465021,-0.937164,1.259265,-0.535688,0.337039,2.32663,0.894001,-0.146184,0.080168,0
1.577377,-0.2076,1.094093,-1.874932,0.981758,0.043586,0.290811,-0.577387,0.012652,0
0.981776,-0.688714,0.650558,-1.458088,-1.418634,0.008138,-0.491258,-0.26298,-0.227366,0
0.325195,-0.590133,0.606105,-1.077909,-1.983042,-0.626046,-0.703582,0.128357,-0.116217,0
-0.008586,0.347482,0.361134,-1.462813,-2.311382,-1.983736,-1.352899,0.537441,0.069322,0
-0.405089,0.449965,-0.062737,-1.274781,-3.48345,-2.099863,-1.595063,0.656045,0.334288,0
-0.629816,1.138401,-0.244121,0.033893,-3.818399,-2.628484,-0.462243,0.270447,0.306502,0
-0.789712,1.211694,0.402224,1.37079,-3.404933,-3.456173,-0.302744,-0.187104,0.238402,0
-0.934283,0.79864,0.488455,2.192277,-2.179578,-2.964397,-0.762772,0.171356,0.451032,0
-1.130401,0.354896,0.528358,2.570484,-0.411661,-2.474926,0.68104,0.34151,-0.031584,0
-0.929534,0.047315,0.347679,1.589196,1.709404,-1.378785,0.816024,-0.53604,0.01098,0
-1.469724,-0.453007,-0.114798,1.347133,2.322195,1.586401,0.037372,0.237418,0.214782,0
-1.085112,-0.499229,-0.491599,1.198089,3.029561,1.372404,-0.2174,-0.238735,-0.093544,0
-0.748554,-0.388311,-0.988441,-0.204199,3.17655,0.97874,-0.535275,-0.180827,0.140131,0
-0.713739,-0.512386,-0.942808,-0.890577,2.146893,1.401231,-0.567514,0.342956,0.509384,0
-0.337577,-0.039573,-1.111259,-0.626832,1.535412,0.847314,-0.60969,-0.128348,0.053058,0
0.053965,0.228094,-1.19225,-0.256565,0.911226,0.389035,-0.686429,0.301005,0.108081,0
0.163737,0.307276,-1.065689,-0.388107,0.473803,1.019206,-0.496181,0.433274,0.381294,0
0.360391,0.149828,-0.739891,-0.606945,0.786955,0.969531,-0.00983,0.304179,0.313251,0
0.825953,0.138609,-0.493225,-0.600539,-0.040339,1.290352,0.542738,-0.11819,-0.023245,0
0.982302,-0.009149,-0.270576,-0.70011,-0.036681,1.096904,0.24534,-0.046732,0.029171,0
1.064388,-0.139642,-0.146664,-0.899409,0.117017,0.173394,0.046582,-0.064311,0.116085,0
1.598033,0.0002,0.100484,-0.741877,-0.378647,0.632789,0.073821,-0.185841,0.068217,0
1.087549,-0.450397,0.331456,-1.263477,-0.507289,1.198101,0.194501,0.111163,0.313864,0
0.662761,-0.380211,0.833498,-1.021824,-0.887444,0.86388,-0.129556,0.130928,0.116899,0
1.061209,0.280822,1.368681,-1.097269,-1.080223,0.02877,-0.439199,0.340776,0.154571,0
0.554007,-0.055764,1.34773,-0.868831,-1.189241,-0.421144,-0.506335,0.180896,0.182573,0
0.24983,-0.035128,1.299639,-0.282682,-1.52919,-0.977778,-0.021389,-0.116571,0.419927,0
-0.10971,0.355354,1.237267,0.143598,-1.678411,-1.656816,0.266699,0.032086,0.005796,0
-0.584313,0.525199,0.677863,0.273973,-1.565712,-2.492504,0.548733,-0.167075,-0.01967,0
-0.465571,0.503182,0.107562,0.916607,-1.206808,-2.58458,0.598365,-0.232564,0.257737,0
-0.502387,0.012703,-0.035629,1.327512,-0.859709,-2.001616,0.544809,-0.171826,0.002299,0
-1.087715,-0.255487,0.197523,1.828042,0.108174,-0.312724,0.409896,-0.020058,0.015829,0
-0.937158,-0.506599,-0.338174,1.356383,0.637064,-0.089968,0.087277,-0.158547,-0.057179,0
-0.511562,-0.259535,-0.375128,1.709225,0.889972,0.319936,0.161638,-0.380824,-0.010829,0
-0.692374,-0.481817,-0.277448,1.334353,1.004725,0.934048,0.043755,-0.202928,0.167261,0
-0.802921,-0.718584,-0.632398,0.725994,1.143028,1.282097,-0.184917,-0.181526,0.075793,0
-0.384603,-0.630824,-0.840776,0.366105,0.947443,1.311287,-0.387056,-0.063583,0.108997,0
-0.095254,-0.647021,-1.080791,-0.088098,0.577073,1.07233,-0.570366,0.074329,0.198033,0
0.359485,-0.547116,-1.245808,-0.228588,0.517152,1.247205,-0.838818,0.319944,0.199803,0
0.451939,-0.664592,-0.659338,0.261978,0.826151,1.253555,-0.82531,0.422496,0.244341,0
0.478582,-0.565548,-0.805965,-0.0783,0.562159,0.974881,-0.45497,0.279465,0.201047,0
0.68265,-0.595275,-0.696023,0.349321,0.220502,1.479576,-0.263612,0.005755,0.119108,0
1.379892,-0.335438,0.153705,-0.611777,0.514228,0.63295,0.112456,-0.060798,0.10061,0
1.403042,-0.255873,0.623163,-0.094016,0.083411,0.700156,0.187249,0.003665,0.132149,0
1.186927,-0.310385,0.789786,-0.314571,0.200073,0.763506,0.10001,-0.173605,0.144878,0
0.940697,0.047319,1.194739,-0.402793,-0.573802,-0.108909,0.131984,-0.005022,0.094123,0
0.558524,0.388218,1.107811,-0.995014,-1.015267,-0.803291,0.168415,0.08775,0.194503,0
0.277982,0.469419,0.846472,-0.76086,-1.356753,-1.201742,0.17025,0.129466,0.138182,0
0.073767,0.188604,0.60278,0.015625,-1.321364,-1.104408,0.23752,-0.026698,0.173701,0
-0.188892,-0.047918,0.358212,-0.179217,-0.871752,-1.451129,0.256671,-0.147112,0.083775,0
-0.591293,0.742189,0.543614,-0.007305,-0.512681,-1.508173,0.182115,-0.171335,0.098683,0
-0.504735,0.983309,0.468366,0.111484,-0.162699,-0.819093,0.042179,-0.203778,0.072773,0
-0.563853,0.772119,0.06743,-0.053482,0.080318,-0.883972,-0.086,-0.112867,0.129303,0
-0.517434,0.336376,-0.272831,0.071994,0.201724,-0.699668,-0.197092,-0.002431,0.103242,0
-0.798117,-0.054725,-0.208574,0.153872,0.295823,0.268383,-0.192614,0.005857,0.062263,0
-0.812145,-0.439415,-0.37573,-0.301193,0.341199,0.053544,-0.194994,-0.10824,0.093848,0
,,,-0.305117,0.36418,-0.183034,-0.149252,-0.074571,0.13987,0
,,,-0.484422,-0.019033,-0.41769,-0.062304,-0.00535,0.089251,0
1.330602,-1.039902,0.158533,0.442652,-0.560916,0.504105,1.080601,0.199016,-0.413306,0
1.552324,-1.88502,-0.583129,0.606331,-0.264438,0.661569,0.659324,-1.38164,-0.004516,0
1.073182,-2.767915,-1.240648,0.597832,0.103463,0.212909,0.045199,-0.785247,0.134223,0
0.604303,-3.330403,-1.573737,0.730527,0.29299,-0.431538,-0.330275,0.235746,0.698746,0
0.426727,-3.421722,-1.436846,0.759089,0.318592,-0.440761,-0.670111,-0.646142,0.375658,0
0.111287,-3.81483,-0.921956,0.779605,0.360337,-0.21493,-0.123413,-1.06885,-0.184296,0
-0.646781,-4.083834,-0.275167,0.621511,0.860617,-0.041698,-0.003972,-0.743412,0.342645,0
-1.263671,-3.681896,-0.41207,0.515839,1.250362,0.227808,-0.72078,-0.420423,0.194331,0
-1.521756,-2.878977,-0.703321,0.416421,1.265155,0.27008,-0.813702,0.026672,-0.004925,0
-1.283573,-2.295571,-0.865615,0.380646,1.305055,0.077824,-0.063257,-0.448301,0.101742,0
-0.743841,-1.811204,-0.698174,0.695219,1.530049,-0.098184,0.425304,-0.78092,0.031251,0
-0.447356,-1.609046,-0.164155,1.185639,1.444728,0.048286,0.47563,-0.658276,0.226323,0
-0.435423,-1.454459,0.487946,1.524974,1.242426,-0.05256,-0.087799,-0.146536,0.226842,0
-0.196029,-0.692924,0.903045,1.621556,0.92825,-0.531587,-1.072848,0.636294,0.165542,0
0.251603,0.097179,1.066476,1.297266,0.476424,-0.869862,-0.97867,0.672405,0.035623,0
0.632536,0.701585,1.169072,1.006546,-0.050683,-0.835105,-0.13015,-0.242307,0.124395,0
0.786964,1.200624,1.361375,0.801348,-0.493545,-0.44162,0.01877,0.058742,0.16183,0
0.731187,1.662795,1.185548,0.435003,-0.415097,-0.152074,-0.122867,0.415873,0.020058,0
0.633305,1.97938,0.487635,-0.042126,-0.241702,0.145495,0.136275,0.038592,0.16287,0
0.586747,2.282786,-0.168439,-0.464937,-0.184432,0.305372,0.546022,-0.577591,0.15498,0
0.445617,2.611214,-0.448467,-0.757892,-0.504192,0.446282,0.410748,-0.104236,0.033315,0
0.181321,2.551742,-0.514378,-0.869796,-0.973978,0.565178,-0.168726,0.243629,0.036607,0
0.099349,2.418633,-0.58109,-0.85092,-1.358938,0.600781,-0.414574,-0.122692,0.134422,0
-0.099712,2.197788,-0.318387,-1.043182,-1.479996,0.710114,-0.209983,-0.227963,0.162311,0
-0.180756,1.709724,-0.048934,-1.10221,-1.332429,0.704799,-0.093023,-0.178683,0.079202,0
-0.029238,1.475165,0.235645,-0.875788,-1.265237,0.531593,-0.048103,-0.031266,0.148383,0
-0.179262,1.141329,0.607413,-0.636925,-1.305377,0.441544,0.091728,0.133073,0.128588,0
-0.420267,0.544933,0.87027,-0.328876,-1.143406,0.336838,0.128869,0.308688,0.11069,0
-0.513618,0.175701,0.952491,-0.132964,-0.917424,0.351822,0.138059,0.16175,0.164897,0
-0.489928,-0.052068,0.912242,0.036025,-0.684331,0.218771,0.121832,-0.101972,0.110043,0
-0.494343,-0.461203,0.803315,0.321151,-0.557124,0.194729,0.099984,-0.049373,0.130649,0
-0.550109,-0.794585,0.548934,0.455815,-0.414464,0.1281,0.083865,0.095939,0.087711,0
-0.488006,-0.68012,0.442809,0.656952,-0.61749,0.211072,0.056107,0.113679,0.128231,0
-0.459336,-0.365286,0.438512,0.593846,-0.535802,0.137628,-0.0312,0.17391,0.09944,0
-0.412358,-0.01945,0.633681,0.872675,-1.058717,0.458823,-0.063891,0.009509,0.108967,0
-0.261157,-0.313604,0.301567,0.810875,-0.496983,0.088907,-0.058371,-0.049059,0.111202,0
-0.079097,-0.276805,0.208772,0.493609,-0.210549,-0.188161,-0.126025,0.033335,0.168687,0
0.115545,-0.115585,0.283323,0.541912,-0.508088,-0.027759,-0.255971,0.092395,0.124394,0
0.321882,-0.265459,0.136295,0.379369,0.219254,-0.162827,-0.149457,0.125283,0.115483,0
0.57097,-0.501381,-0.135268,0.021058,0.740579,-0.216339,-0.050066,-0.050525,0.088523,0
0.660063,-0.654174,-0.129215,-0.073768,0.949569,-0.196178,0.016523,-0.121601,0.163161,0
0.774864,-0.765239,-0.1888,-0.197182,1.305663,-0.265543,-0.011052,-0.247313,0.099378,0
0.845563,-0.628697,-0.058784,0.056659,0.925602,0.063771,-0.053202,-0.148734,0.059568,0
0.49295,-0.692511,-0.06772,-0.695537,0.975084,0.345498,-0.141721,-0.040604,0.050549,0
0.211547,-0.302753,0.066827,-1.076457,1.144895,0.050801,-0.16955,0.148868,0.15907,0
-0.067411,0.098314,-0.088846,-0.722734,0.143039,0.329169,-0.16159,0.108216,0.122026,0
-0.240302,0.209895,-0.149566,-0.50262,-0.438673,0.53446,-0.075092,0.060309,0.11678,0
-0.109226,0.438527,-0.073489,-0.871239,-0.222269,0.100063,0.113627,0.104203,0.150716,0
-0.077295,0.268139,0.088783,-0.079293,-0.913018,0.314127,0.223013,-0.091728,0.089481,0
0.079232,0.02746,-0.064435,-0.165976,-0.9946,0.674638,0.188245,-0.083456,0.091145,0
0.420907,0.149058,0.100677,-0.477857,-0.435151,0.371261,0.038297,-0.010427,0.127295,0
0.461036,0.253279,0.311321,-0.130978,-0.109635,0.186276,-0.131329,-0.009816,0.114403,0
0.297434,0.351273,0.422466,0.65711,-0.709598,0.549697,-0.111898,0.127967,0.128294,0
0.337681,0.836345,0.395462,0.64923,-0.241626,-0.012867,-0.030606,0.093736,0.124668,0
0.280558,1.038264,0.327227,0.960112,-0.752686,-0.297022,0.072585,0.058855,0.122873,0
-0.022924,1.407925,0.102192,0.581428,-1.710227,-0.054041,0.116642,-0.019855,0.125053,0
-0.646682,2.068514,0.047485,0.876005,-1.898575,-0.894463,0.041476,-0.010346,0.131721,0
-0.692134,1.989863,0.884194,1.454996,-2.557791,0.059131,0.061337,-0.015075,0.158028,0
-0.546942,0.977841,0.730526,1.148494,-1.819157,0.629424,0.085657,0.009746,0.095805,0
-1.387008,-0.238989,1.530359,0.210442,-0.168037,0.052452,0.032362,0.02912,0.135343,0
-1.197536,-0.991233,1.627955,-0.772075,-0.437181,0.563138,-0.074361,-0.178525,0.054737,0
-1.475497,-1.893995,1.083912,0.782406,3.331105,-0.492853,-0.144576,-0.27135,0.081939,0
-0.828256,-1.820654,0.468854,-1.87744,4.63991,0.413727,-0.283288,-0.141504,0.110919,0
0.142568,-1.350113,-1.019094,-0.650071,3.004131,0.706783,-0.39967,-0.045318,0.02468,0
-0.137098,-1.190553,-1.53164,-0.176644,2.067135,0.395437,-0.362454,-0.010275,0.144934,0
-0.08361,-0.298798,-1.634856,-0.477457,1.122891,-0.811149,-0.248514,0.074388,0.125949,0
0.5251,-0.009683,-0.828888,-0.289371,0.319608,-0.648829,-0.137274,0.004406,0.151941,0
2.11319,0.167387,-0.298152,0.242312,-0.432179,-0.430983,-0.206007,0.051135,0.189681,0
2.85717,0.272718,-1.357008,-0.064745,-0.99026,0.263138,-0.13751,0.15218,0.180036,0
2.545295,-0.050236,-0.727373,0.698339,-1.668174,0.317204,0.060763,0.132761,0.117924,0
1.765432,-0.802219,-0.820935,0.568786,-1.49164,0.545456,0.130801,0.081821,0.116514,0
0.998747,-1.602336,-1.243679,-0.017981,-0.566796,0.109525,0.165015,0.018929,0.121531,0
0.681143,-1.555436,0.608336,-0.736019,-0.007059,0.185807,0.070003,0.041337,0.163895,0
-0.05668,-0.923771,0.934322,-0.535342,0.291018,0.591942,-0.065733,-0.160658,0.121676,0
-0.236023,0.231131,1.26019,-0.138684,0.670969,0.022584,-0.084888,-0.055684,0.120327,0
-0.34163,0.324623,1.229222,-0.053398,0.801398,-0.456783,-0.061539,-0.003352,0.083364,0
-0.156332,0.263291,0.997996,0.457996,0.268599,0.079951,0.006892,-0.043714,0.117496,0
-0.032458,0.071632,0.490604,0.583755,-0.112462,0.029927,0.023327,-0.031739,0.097211,0
-0.00468,0.088108,0.203406,0.424474,-0.374002,0.163038,-0.069724,-0.032083,0.082273,0
0.161481,-0.018169,0.056952,0.720882,-0.05732,0.00742,-0.16207,0.021314,0.153728,0
0.416381,0.008559,0.051755,1.055849,0.639731,-0.666478,-0.225761,0.278,0.231823,0
0.136372,0.158827,0.277923,0.414254,-0.039031,-0.744822,-0.204002,0.276216,0.134841,0
0.189194,0.30053,0.586606,0.120039,-0.410181,-0.644395,-0.0306,0.027437,0.007849,0
-0.128824,0.285627,0.402292,0.699117,-0.559893,-0.632992,0.06364,-0.065566,0.012589,0
-0.471022,0.311363,0.357785,0.321428,-0.485095,-0.348615,0.141719,0.08516,0.200559,0
-0.382831,0.294985,0.061384,-0.023062,-0.40491,0.34414,0.010001,0.362119,0.133551,0
-0.375156,0.403124,-0.021489,0.612648,-0.254391,0.697469,-0.866184,0.569929,0.365088,0
-0.634169,0.319004,-0.337549,-0.0429,0.224019,0.964536,-1.401673,0.88882,0.598502,0
-0.301313,0.493818,-0.778507,-0.525842,0.631989,1.508286,-0.80087,0.881654,0.677094,0
-0.383142,0.624877,-1.114814,-0.51166,0.621659,1.569429,-0.998227,1.2032,0.774907,0
-0.431161,0.623072,-1.204161,-0.892444,0.424057,0.947005,-0.139203,1.129547,1.005798,0
0.427993,0.849292,-1.587373,-0.978952,0.334346,0.949966,0.626098,0.97738,0.748313,0
1.340707,0.261744,-0.567403,-1.330846,-0.373908,0.949341,0.97208,0.367602,0.374668,0
2.319245,0.40037,0.921469,-1.988015,-1.288084,1.682638,0.994667,-0.417851,-1.1678,0
2.55367,-0.093454,0.468876,-2.751559,-2.053954,0.292742,2.829312,-2.527638,-1.596184,0
3.393223,0.310491,-0.021344,-2.531246,-2.406976,-1.71967,3.930757,-4.125709,-2.07483,0
2.110902,0.07876,1.024489,-1.514998,-3.518181,-3.32636,3.834464,-4.166971,-1.476489,0
-1.782873,-0.749415,2.248146,-0.7431,-3.948526,-2.845291,3.290439,-1.915535,-0.569441,0
-2.634369,-0.258446,2.911831,0.242513,-2.267377,-2.617106,1.037092,-0.018926,0.964214,0
-2.701321,0.860812,1.883922,1.913234,-1.028966,-1.844061,-1.95763,3.412332,2.664225,0
-1.758422,1.356353,1.721704,2.522861,-0.521152,-0.243753,-2.708279,4.666899,-0.763448,0
-1.236423,0.883026,1.076062,1.952982,0.911642,-0.003072,-2.983016,0.968847,0.566461,0
-0.970124,0.525106,0.704432,1.181365,2.20724,1.37018,-2.287436,0.101481,-0.122957,0
-0.241107,-0.0999,0.611902,1.327966,2.536517,3.386933,-2.003835,1.926599,0.988518,0
-1.322537,-0.522035,-0.433784,1.632241,2.663433,4.249163,-1.137549,0.280854,0.397456,0
-0.688686,-0.31453,-1.265541,1.576154,2.820191,2.728459,-0.529485,-1.600627,-0.032073,0
0.04937,-0.385329,-2.124295,0.065561,2.580217,1.55707,0.41252,-1.202836,-0.304056,0
0.988858,-0.466876,-1.819283,-0.866973,1.710672,1.203903,0.942043,1.268167,0.064339,0
1.951336,-0.192323,-1.753057,-2.62688,1.329485,-0.499735,-0.107304,1.012073,0.031102,0
3.073411,-0.153723,-0.423923,-2.551366,-0.880009,-1.647563,-0.189019,-0.16537,0.340191,0
3.740807,0.851524,0.903096,-1.918223,-2.204231,-1.282649,0.003482,-0.163573,0.360066,0
2.111526,-1.39689,0.06941,-1.747137,-1.922352,-1.783463,-0.285793,-0.410275,0.422958,0
0.524048,-1.816291,-0.100204,-0.692637,-2.136149,-1.213291,-1.866467,0.398877,0.829894,0
-0.365288,-0.9481,-0.777601,-0.150846,-2.932502,-1.653425,-3.02091,0.245927,0.360847,0
-0.655092,-0.611318,-1.038647,2.236583,-3.100201,-2.969965,-2.571124,-0.810648,-0.458051,0
0.100815,-0.573417,-1.449919,2.845733,-2.244277,-2.385675,-2.32112,-0.783277,-0.25626,0
-0.828205,0.265307,-2.545205,1.27621,-1.463601,-2.644287,-0.04445,0.307591,-0.583913,0
-1.638738,-0.514121,-0.783035,2.406519,-0.499254,-2.277436,1.708842,0.567242,-0.311545,0
-1.658108,-0.121837,-1.80833,3.856472,1.077784,-0.139781,2.011188,-1.046616,0.203681,0
-2.072783,-0.018818,-1.255932,1.608289,2.111425,0.087234,1.441009,-2.014451,-0.021815,0
-1.721324,-0.459362,0.636275,0.542958,2.58667,0.937179,1.53765,-0.461698,0.131587,0
-0.821313,-0.005383,0.843015,0.560479,3.148496,1.735997,1.594963,0.11139,0.530319,0
-0.619428,0.238639,0.792941,-0.239102,2.960546,1.038862,-0.073478,1.192876,0.398037,0
-1.263582,0.273556,-0.979962,-0.845383,1.957006,1.681486,-0.192959,0.36873,-0.365848,0
-0.277555,0.289348,-0.964276,-0.77941,1.450466,1.104782,0.470675,-2.175138,0.326928,0
-0.10901,0.432714,-0.442345,-0.661315,0.582897,1.019017,-0.317685,-1.13655,0.402885,0
0.023798,0.040265,-0.712958,-1.57287,-0.353898,0.623434,-0.920074,0.984944,-0.345553,0
1.033001,-0.26582,-0.032661,-1.467012,-0.740803,-0.762744,-0.298404,1.069733,0.123343,0
2.024093,-0.055526,0.652608,-0.729879,-1.734292,-0.213097,-0.231746,-0.694906,-0.418494,0
3.22555,0.34904,0.246857,-1.58114,-2.126304,-1.122756,0.094691,-1.58068,0.083084,0
4.328539,0.921894,1.426432,-0.152703,-2.483423,0.030457,0.537153,1.106075,0.014473,0
3.151757,0.621479,1.646197,0.293843,-3.144745,-0.441886,0.64994,1.723072,0.08105,0
0.633065,-1.189382,2.984803,-0.461898,-4.518036,-0.375909,0.752731,-0.006718,0.303815,0
-1.435756,-1.481651,3.118575,0.296491,-3.796885,0.471601,0.502802,-1.056728,0.685762,0
-2.970155,-1.616689,2.112521,0.649693,-2.7219,0.662984,0.17768,-1.520792,0.375071,0
-2.408332,-0.123316,0.712241,-0.554918,-0.936897,-0.117009,0.174213,-1.216172,0.081225,0
-1.096809,1.129443,-0.285012,0.247477,0.339322,-0.660348,0.0711,-0.141293,0.360398,0
-0.804266,1.305981,-1.095777,1.113218,1.196634,-0.699154,0.067329,-0.040214,0.146796,0
0.254739,1.532932,0.023446,3.96357,2.064483,-0.223006,0.265142,0.700016,-0.018557,0
-0.329097,1.187555,-0.86111,2.92864,2.580085,2.657279,0.548894,1.147778,0.052756,0
-0.461947,1.24715,-1.422464,-0.362447,4.120713,2.362942,0.497105,0.798101,0.37449,0
-0.679286,1.443146,-1.510181,0.921593,3.784223,1.877816,0.066595,-0.029892,0.060406,0
-0.939663,-0.252474,-2.090457,0.540451,4.710114,1.442206,0.021614,0.233996,0.081768,0
0.321622,-0.859932,-1.122543,-1.91358,3.421861,0.296155,0.354278,0.203142,0.058634,0
2.246113,-1.239287,-1.609473,-3.030377,2.618058,-1.805439,0.58165,0.354817,0.340218,0
3.327504,-0.906794,-0.697448,-3.095184,0.184735,-2.373458,0.426027,0.072619,0.293047,0
2.512911,-1.064131,-0.485631,-3.208619,-3.941082,-3.235837,0.313125,-0.167374,0.088279,0
1.859439,-1.584363,1.376761,-3.386437,-4.357916,-6.003222,0.249818,0.497157,-0.018999,0
3.0729,-0.29771,0.049108,-2.008848,-3.587586,-6.058536,0.25344,0.447909,0.002247,0
-0.338343,-1.868766,0.523599,-0.856135,-4.996593,-2.577894,0.136221,0.969377,0.026368,0
-1.620499,-0.589849,0.830977,2.198246,-5.000899,0.560798,-0.567171,1.450997,-0.30147,0
-0.497969,0.852045,0.517612,3.151088,-2.611478,1.546683,0.006933,0.453266,-0.111131,0
-1.619788,0.904047,-0.384972,2.022515,-0.639113,3.977397,-0.150832,-0.882509,0.166629,0
-2.390635,1.154469,0.472408,1.613954,1.123406,3.639877,-0.707552,-2.443561,-0.185063,0
-1.8187,1.160267,0.304434,2.698933,2.418677,3.120466,-0.486546,-1.242795,-0.133326,0
-1.988293,0.375757,0.934353,2.512604,1.535819,4.985057,-0.287148,1.220816,0.058766,0
-2.173086,0.069657,1.369447,0.269463,4.685927,1.08793,0.076347,1.888021,-0.110212,0
-0.35751,0.31103,1.067713,-0.333662,2.983214,1.186929,0.475804,2.234548,0.007943,0
0.249136,1.103829,1.340221,-0.146535,1.637568,1.300035,0.835331,1.641975,0.129163,0
-0.773332,0.07845,0.57518,-1.875989,-0.095654,0.095082,1.167332,0.607619,0.530257,0
-0.200365,0.241198,-0.266144,-1.757259,-0.271442,-0.410968,1.759028,-0.066041,1.184038,0
0.882583,0.345578,-0.470062,-1.627854,-0.136269,-1.46538,1.775532,-0.590669,0.970448,0
1.415827,0.280935,0.412908,-1.329982,-0.34378,-1.579682,0.773749,-1.409859,0.356558,0
2.398494,-0.091295,0.268652,-0.296925,-1.542822,-1.214197,-0.933688,-2.690937,-0.102248,0
1.9479,-0.082084,1.307626,0.467584,-0.977669,-1.731436,-0.851953,-2.068683,-0.149145,0
1.206108,-0.58899,1.369721,-0.108792,-1.114926,-1.096761,-0.835532,-1.547275,-0.21963,0
0.977456,-0.894176,0.931176,-0.541584,-1.543645,1.631104,-0.647738,1.935561,-0.862935,0
0.822146,-0.869988,0.893197,0.998767,-0.604966,2.165016,0.180846,1.876904,-0.18125,0
0.312205,-0.723308,0.804848,1.930483,0.257745,2.352789,0.536587,2.236012,0.109458,0
-0.210898,0.037887,1.163991,1.389958,1.16138,1.941086,0.432772,0.271084,0.378963,0
-0.817395,0.640548,1.611687,0.578901,1.161143,2.559948,0.853879,-0.585688,0.658489,0
-1.157581,0.830422,2.200123,0.344136,2.186842,3.028591,0.771957,-0.536249,0.916519,0
-0.470017,0.441626,1.523714,0.549083,2.669886,2.900367,1.018609,-0.54695,1.063159,0
0.751795,1.530033,2.31431,0.992121,1.98785,1.776036,0.715603,0.833985,0.777163,0
0.178899,-0.044558,1.373443,0.657123,0.097406,2.468762,1.117811,0.58816,0.642905,0
0.195933,-0.664457,0.284071,-0.466357,0.587098,0.915769,0.625436,-0.281112,0.597333,0
1.941861,-1.399939,0.636254,-1.11594,-0.536447,-0.596082,0.04901,-0.476298,0.084281,0
4.210905,-0.756151,0.630497,-1.541952,-1.634155,-0.345387,0.142492,0.185312,0.079782,0
2.416362,-1.209763,1.420814,-1.741869,-1.840073,-1.81221,0.205696,0.093846,0.03762,0
0.232949,-2.491788,1.851404,-2.148385,-2.198393,-0.948353,0.302092,-0.399273,0.202368,0
0.571212,-0.757765,1.851006,-1.214968,-2.270604,-0.534824,-0.331721,-0.216722,0.045426,0
0.213054,0.604341,2.091899,0.136048,-1.074428,-0.835587,-0.097708,0.244979,0.32187,0
-1.68084,-0.659805,0.408968,1.431356,0.255949,-0.97225,0.246484,0.507625,0.11378,0
-1.555733,1.438588,1.197259,0.943325,0.242166,0.842255,0.191187,0.524888,0.034065,0
-1.25332,1.429357,0.03325,0.616592,1.296524,1.271688,-0.074665,0.095926,0.220757,0
-1.398958,2.541965,-0.022895,2.370979,2.009584,2.462852,-0.13897,-0.35625,0.015849,0
-2.506567,1.947193,-2.28576,4.67667,1.240606,3.057224,-0.09634,-0.404003,0.104521,0
-1.662984,1.148373,-4.358094,0.329311,1.204617,1.657707,0.131793,0.352466,0.014287,0
-2.323222,0.10282,-0.493716,-0.79222,0.491185,0.827252,0.425734,0.815824,-0.153882,0
-2.045009,-1.31415,-0.470847,-0.042077,1.073248,2.489958,0.396702,1.108906,0.203719,0
-1.504677,-1.291534,1.505312,-0.911373,1.768581,2.037914,-0.037381,0.532812,0.167007,0
1.646838,-2.100547,0.159,-2.294911,0.601528,3.682758,0.179087,-0.387791,0.191623,0
5.802763,-0.442747,1.321974,-3.197421,0.389523,2.792562,0.307434,-0.558086,0.323412,0
4.226862,0.459595,3.57983,-2.983663,-0.682676,-0.755949,0.5799,-0.481221,0.191519,0
0.994267,-0.989235,3.238086,-3.230416,-2.256707,-3.586116,0.825907,-0.287995,0.143167,0
0.571634,0.347779,2.614658,-2.362114,-2.915317,-4.605357,0.913762,-0.247898,0.539665,0
0.631462,0.261732,2.800006,0.069519,-4.315485,-2.466085,0.607506,-0.165763,0.289174,0
0.112839,-0.432411,1.555043,2.78565,-2.986282,-0.88797,0.366147,-0.393751,-0.013764,0
-1.499469,-1.09947,2.676685,4.106762,-1.569546,0.302989,-0.012776,0.142535,-0.156898,0
-1.488529,0.751347,1.626577,4.238505,-0.987453,3.322119,-0.124596,0.264589,-0.310156,0
-1.786017,0.789422,-0.239715,2.006608,0.637842,1.289924,-0.221132,0.458461,-0.125047,0
-2.558843,0.959136,-2.394252,0.298845,1.843098,0.656646,-0.300637,0.32239,0.072524,0
-1.885704,0.646282,-2.56379,2.261623,1.084047,0.405309,-0.151595,-0.360155,-0.022742,0
-0.762013,0.634537,-1.256308,0.833196,1.776901,0.140277,-0.158962,-0.589025,-0.14681,0
-1.044737,0.127208,-0.906216,-1.277311,1.167657,0.732451,-0.227984,-0.1264,-0.046988,0
0.035242,-0.015649,-2.148524,-1.18666,2.039599,0.558121,-0.493944,0.252286,-0.126451,0
0.144967,0.445762,-0.60443,-0.981698,1.538505,-0.305209,-0.159078,0.305179,-0.104205,0
0.356427,-0.591234,-1.124295,-0.802155,0.83242,0.502119,-0.133473,0.411687,0.061015,0
0.60112,-0.976219,-0.828366,-0.471722,1.211985,0.624891,-0.060702,0.46237,0.169964,0
1.194825,-0.633927,0.678491,-0.997406,0.538615,0.043058,0.139091,0.365616,0.052387,0
2.956668,-3.07615,-2.690798,-2.647134,0.582739,0.374733,0.050086,0.482312,0.086116,0
3.006298,0.897583,2.491854,-1.78933,0.550789,-0.773997,-0.058241,-0.564045,0.316089,0
0.053124,-1.842839,0.470782,-0.691845,-2.029978,-1.115602,-0.105373,-0.736928,0.101185,0
0.526574,-0.287991,0.36948,-2.132651,-1.642869,-1.621411,0.438295,-0.202631,-0.017037,0
0.54316,0.430052,1.014756,-1.250456,-2.06312,-2.481769,0.131334,-0.074816,0.183668,0
-0.472909,0.156538,0.21543,-0.896705,-1.406985,-2.515249,0.093374,0.281412,0.051875,0
-1.016477,0.027133,1.26201,0.61045,-1.06794,-1.906012,-0.259794,0.302338,0.029867,0
-0.18687,0.446668,1.892509,1.971755,-1.508429,-0.284276,-0.00606,0.097012,0.061558,0
-1.060991,0.431926,0.871794,2.016039,-0.666546,0.59901,0.50088,-0.303356,0.214866,0
-1.375065,-0.192534,1.235369,2.26812,0.570312,0.700712,0.186132,0.231396,0.140567,0
-0.621579,0.114738,0.595006,2.414657,0.974332,1.525241,-0.216966,0.441539,0.217117,0
-1.228345,-0.062896,0.180146,2.309594,1.058797,1.911648,-0.100897,-0.239767,0.045499,0
-0.358391,-0.173472,-0.780797,1.07202,1.2582,2.242213,-0.340214,-0.35231,0.027378,0
-0.014617,-0.469649,-1.454458,1.157307,2.036041,0.731256,-0.155912,-0.114502,0.050703,0
0.243905,-0.240451,-1.342868,0.615402,1.178705,0.88873,-0.370265,0.3773,-0.109033,0
0.255475,-0.854172,-1.130181,0.390489,1.330063,1.649095,0.179514,-0.061605,0.157791,0
0.688579,-0.799677,0.05273,-0.477964,1.598199,-0.855184,0.467167,-0.449914,-0.001847,0
1.358723,-1.654146,-4.131257,-0.404071,0.431357,-0.478119,-0.015485,0.318407,0.234939,0
4.942533,0.466084,-0.262606,-0.399434,0.885144,-0.852533,0.485698,0.024375,0.045535,0
2.612003,-1.488935,1.95929,-0.809238,0.958082,-0.837035,0.191044,0.027643,0.224125,0
1.334541,-2.006496,0.913903,-1.070272,0.444525,-0.888396,0.006247,0.399523,-0.031713,0
2.377521,-0.189164,0.710976,-1.301858,-0.180199,-0.275631,0.182282,-0.13722,-0.030914,0
0.740212,-0.718663,-0.049745,-0.62303,0.088186,-1.826611,-0.141502,0.074897,-0.053471,0
0.410935,0.118071,-0.154413,-0.830874,-0.632915,-1.816695,-0.618496,0.422888,-0.01499,0
0.230913,1.331407,-0.88412,-1.269552,-2.20393,-0.90357,-0.710691,-0.237416,0.549026,0
-1.019199,1.017793,-2.054557,-0.928239,-2.222626,-1.784126,-0.357051,-0.231704,0.139671,0
-0.450865,2.403305,-0.727108,0.029687,-1.895356,-2.843296,-0.461389,-0.312734,-0.036362,0
-1.43356,1.980839,-1.148393,-0.302052,-1.836737,-3.223278,-0.728902,0.254734,0.663629,0
-1.315166,1.719361,-0.821196,-0.721213,-1.287034,-2.838371,-0.759142,0.653069,0.247303,0
-1.11718,1.631917,-0.305995,-0.214947,-1.09912,-0.084476,-0.62453,0.505548,-0.024726,0
-1.622507,1.209367,-0.510572,0.015359,0.760543,0.219121,-0.165309,0.523268,0.083926,0
-1.597834,0.583278,0.416501,1.350186,1.613547,1.665809,0.178007,-0.3998,0.138866,0
-1.62971,0.080627,0.202551,1.295217,0.991111,3.226154,0.260675,-0.716886,0.200175,0
-1.50194,0.087384,-0.779282,-0.040524,0.688977,0.9177,0.28471,-0.140723,0.13466,0
-1.097759,-0.235034,-0.289105,0.086648,0.346573,-0.124958,0.059164,-0.12234,0.13517,0
-0.400391,-0.194103,-0.290382,-0.296686,-0.009634,-0.573565,-0.319936,0.138846,0.131899,0
0.203894,-0.206566,-0.168306,-0.208266,-0.720597,-0.187414,-0.053573,0.248845,0.228072,0
0.641052,-0.244727,-0.060783,-0.4834,-0.594341,-0.619762,-0.094253,0.287934,0.253885,0
0.852633,-0.095681,0.20379,-0.727464,-0.603926,-0.427794,-0.067687,0.218996,0.154723,0
0.655855,-0.070171,-0.122867,-0.256045,-0.6588,0.449426,0.162867,-0.015931,0.094296,0
0.53414,-0.059222,-0.277396,-0.526483,-0.605841,0.208881,0.465847,-0.117869,0.200143,0
0.280276,0.003038,-0.725748,-0.61185,-0.48607,-0.128555,0.500738,-0.192065,0.118621,0
0.061946,0.081619,-1.339218,-0.320515,-0.297631,-0.050182,0.440141,-0.25215,0.103374,0
0.023728,0.068445,-1.536237,-0.164536,-0.228941,-0.610127,0.083999,-0.086356,0.073186,0
-0.296515,-0.015039,-1.974783,-0.374271,-0.393514,-1.143423,-0.19551,-0.00703,0.178068,0
-0.380559,-0.076152,-2.827193,-0.47479,-0.33905,-1.813392,-0.229591,-0.056488,0.099299,0
-0.60821,-0.839925,-2.404086,-0.383912,-0.269133,-2.420612,-0.032905,0.024355,0.133114,0
-0.360388,-1.091843,-2.930647,-1.217056,0.185486,-4.298773,-0.051207,-0.02324,0.076435,0
0.472771,-1.368115,-2.659039,-1.008716,0.396796,-3.960417,-0.043504,-0.039645,0.093341,0
0.97882,-2.129998,-1.358296,-1.262908,1.287017,-3.722639,-0.118656,-0.064267,0.185205,0
1.031194,-3.099463,0.349661,-1.605337,2.61155,-2.993721,0.087389,-0.171356,0.058573,0
1.603104,-3.577075,1.749393,-1.299339,3.520338,-2.054438,0.05274,-0.119885,0.086831,0
2.168966,-3.725569,3.470422,-0.867426,4.402025,-0.294351,-0.082414,0.089255,0.106625,0
1.433345,-2.719974,5.523043,-0.502711,4.701432,2.165118,-0.172485,-0.048745,0.093586,0
3.3e-05,-2.273297,4.709962,-0.220706,3.780904,4.449701,-0.266841,0.059899,0.143204,0
-0.22399,-1.828507,3.338714,-0.443459,2.712715,5.012191,-0.227804,-0.010083,0.066285,0
0.572897,-0.026077,1.966037,-1.198412,2.722585,4.150509,-0.3059,0.107507,0.17272,0
0.336267,2.044199,1.188404,-1.087297,2.698236,3.041251,-0.298822,0.029505,0.112586,0
-0.442916,2.864131,0.565825,0.660218,1.007818,2.665109,-0.198616,-0.116464,0.130347,0
,,,,,,-0.20852,-0.052618,0.133833,0
-0.045508,1.290195,0.460315,1.592999,-3.406162,-0.664004,0.634585,-0.067542,0.142195,0
0.27283,0.954605,0.566957,1.435022,-2.988007,-0.429482,0.89818,-0.600488,-0.149645,0
0.56526,0.59707,0.522346,1.201712,-2.524122,-0.19572,0.851732,-0.014415,-0.009142,0
0.797658,0.24458,0.424796,1.004632,-2.023783,0.020462,0.37647,0.051056,-0.120907,0
1.039733,-0.127581,0.33926,0.781746,-1.464698,0.193341,0.019073,-0.089014,0.088403,0
1.31667,-0.54783,0.183405,0.519576,-0.844589,0.365016,-0.157837,-0.471302,0.226196,0
1.633062,-0.951762,0.265183,0.329927,-0.184394,0.850322,-0.257725,-0.293596,0.203221,0
1.51197,-1.759143,0.472494,0.136928,0.327326,1.175691,-0.651846,-0.259941,0.296932,0
1.522122,-1.918323,0.051065,-0.148409,0.716679,1.076142,-1.034683,-0.178518,0.184121,0
0.959457,-2.177096,-0.188897,-0.464782,1.060111,1.056994,-1.54065,-0.038248,0.294415,0
0.244427,-1.895536,0.300138,-0.730473,0.648743,1.785337,-1.420906,-0.253442,0.158829,0
-0.199028,-1.461876,1.000061,-0.432007,-0.894744,3.283718,-0.965944,-0.226925,0.264475,0
-1.391566,-1.435094,0.963829,-1.23964,0.124535,2.652654,-0.763097,-0.10465,-0.037235,0
-2.058195,-0.34027,1.678706,0.498263,-0.534594,3.941925,-0.152536,-0.792962,0.217983,0
-1.124437,1.443957,1.833396,0.302364,-1.467251,4.609544,-0.108039,-0.652557,0.231504,0
-0.51954,1.680444,0.751576,0.199783,-2.179884,2.907172,0.470004,-0.086706,0.226855,0
-1.071194,0.552747,-0.255287,0.426626,-1.246732,-0.348608,0.807546,0.194869,-0.04628,0
-0.981509,0.750907,-0.585708,0.032087,-1.619159,-2.834671,0.836157,-0.236749,-0.065386,0
-0.042528,1.117286,-0.964737,-0.559111,-1.124128,-7.236874,0.45238,0.014375,0.163455,0
-1.025572,1.511504,-0.708935,-1.32695,-3.065266,-10.375612,-0.008027,0.49154,0.220162,0
-1.480445,1.960127,0.29419,-1.248358,-0.256076,-5.428177,-0.025563,0.155193,0.195083,0
-1.468917,0.453868,0.914919,1.378845,4.137525,2.268791,0.159354,0.167849,0.141176,0
-0.679093,-1.652126,0.42834,6.223703,9.033272,1.382653,0.143834,-0.199039,-0.031602,0
0.020358,-3.023246,-0.583078,0.233342,5.783478,2.922701,-0.421311,-0.471662,0.072212,0
-0.066373,-3.022381,-1.30943,-2.263757,2.190983,1.323362,-1.129233,-0.227983,0.160784,0
0.17324,-2.238964,-2.235862,-0.72339,1.436285,-0.850266,-1.055656,0.286065,0.076267,0
0.687478,-0.765381,-3.564999,-1.442079,0.584241,0.207862,-0.477639,0.212895,0.232439,0
1.485838,-0.374527,-2.558242,-1.80837,-0.400721,3.002784,-0.092545,0.207304,0.168086,0
2.429634,-0.998187,-0.395859,-2.298167,-1.280142,3.091887,0.210841,0.178023,0.130461,0
2.75105,-1.186353,1.199668,-2.929255,-0.809863,1.159157,0.309974,0.123806,0.217304,0
3.786276,-0.822823,-0.113954,-2.591021,-0.745846,-1.711561,0.293076,-0.258443,0.431695,0
3.019449,-0.438671,0.543214,-1.385984,-2.228249,-2.629327,-0.108329,0.09285,0.065899,0
0.598304,0.52901,2.038989,-0.718189,-1.995409,-4.093956,-0.476776,0.184018,0.038549,0
-0.585233,1.090077,1.606334,1.136446,-2.023994,-4.174541,-0.669808,0.341658,0.169228,0
1.442389,2.340175,-0.016934,2.814466,-2.527478,-1.358227,-1.023542,0.260241,0.329625,0
-0.987938,0.290313,-0.991384,3.045789,-2.422965,0.138358,-1.459445,0.732166,0.215695,0
-1.814764,-0.084984,-0.103629,2.416474,-0.947176,-0.424252,-1.82943,0.461479,0.327984,0
-0.918803,-0.258566,-2.264729,1.837234,-0.55073,-0.210353,-1.391138,-0.134558,-0.314601,0
-0.77171,-0.194881,-2.151904,2.715388,-0.33529,-0.036455,-1.388751,0.118057,0.011348,0
-1.386106,-0.82701,-1.200001,0.163952,0.345956,-0.389436,-2.09368,2.915057,-1.042809,0
-0.50584,-0.512233,-0.234275,-1.053948,1.260386,-0.312228,-0.693226,1.157905,-0.358889,0
0.098385,-0.130424,0.047862,-0.505481,1.564118,1.287142,1.317367,-0.655993,-0.178023,0
-0.490616,0.114661,0.481905,-0.605281,0.801027,1.885665,1.790449,-0.863877,0.352435,0
-0.630991,0.600607,0.288064,-0.683582,1.046893,1.16525,1.010676,-1.44491,-0.051625,0
-0.558465,0.871955,-0.860806,0.732137,1.202966,1.176895,-0.042975,0.735812,0.199123,0
-0.508393,0.969119,-0.721313,0.590116,0.807015,1.197297,0.422599,-0.089521,0.154131,0
-0.237479,0.785012,-0.645739,-0.438496,0.538702,0.724327,0.180626,-1.795089,0.190317,0
-0.096148,0.317771,-0.748326,-1.854577,0.203887,0.312165,0.003391,-0.998961,-0.100361,0
0.288702,-0.014829,0.461206,-1.245477,-0.049921,-0.68724,-0.022614,-0.227691,0.212038,0
0.790323,-0.784271,0.834765,-1.884573,-0.616414,-0.580791,0.745537,-0.92726,0.454127,0
1.55286,-0.419871,0.932528,-1.340426,-1.686585,-0.674262,1.439733,-0.146494,0.138559,0
1.448529,-0.462878,1.290566,-1.271289,-2.189447,-1.268661,0.978906,-0.745249,0.81476,0
1.531353,-0.732612,1.373003,-0.805947,-2.389732,-1.099095,1.299827,-0.636827,0.607478,0
2.037561,-0.317187,1.013201,-0.20612,-2.688149,-0.843372,1.238288,0.074662,0.42917,0
1.644014,-0.132564,1.424418,0.028155,-2.142835,-1.266186,0.654991,0.124477,0.587221,0
0.960823,-0.165642,0.818066,-0.015892,-2.039954,-1.159973,0.477173,0.156444,0.142834,0
0.671482,0.162572,-0.044087,0.47794,-1.784603,-1.140304,0.617196,0.118818,0.049335,0
-0.679607,0.261321,0.159606,1.950982,-1.066157,-0.261706,0.239448,1.614738,0.054329,0
-1.341304,0.043251,-0.314963,1.606913,-0.341059,0.297329,-0.013289,0.4426,0.096002,0
-0.972095,-0.018416,-0.393283,2.25716,-1.165073,2.280193,-0.16407,0.195632,0.174307,0
-0.892853,0.612298,-0.999485,1.068458,0.069286,2.620436,-0.087621,0.002045,-0.007503,0
-1.23123,0.708592,-0.587467,0.592621,2.174461,1.649011,-0.617886,0.182376,0.12326,0
-0.648646,1.219202,-0.120055,0.667318,2.521273,1.9571,-0.941933,0.49741,-0.220284,0
-0.842433,0.454956,-0.799711,-0.145221,2.012721,1.604576,-0.768581,-0.154438,-0.434399,0
-0.409019,0.260496,-0.955722,0.232893,1.669112,0.562541,-0.270467,-0.405848,-0.007424,0
-0.046881,0.669542,-0.32712,-0.168851,1.146717,0.709743,-0.326519,-0.344839,0.25351,0
-0.313331,-0.164283,0.379524,-0.503694,0.426895,1.048971,0.446415,-0.30824,0.024302,0
0.52102,0.470587,1.10215,-0.329827,0.548763,0.11299,0.604544,0.405226,0.239484,0
0.051079,-0.058494,2.429031,-1.645337,0.78004,0.141644,0.559667,0.521505,0.362207,0
-0.0996,-1.341547,1.734593,-1.847692,-1.22072,0.253118,0.424347,-0.352779,0.449149,0
1.263543,-0.990883,0.930707,-2.11862,-2.113285,-1.051539,0.196241,-1.236626,0.401804,0
1.94089,-1.049258,1.220907,-2.952311,-2.546118,-2.87445,0.136767,-1.314651,0.321673,0
1.705949,-0.349077,0.951731,-1.646103,-2.648238,-3.064238,0.260595,-1.106393,0.378542,0
1.850218,0.705356,0.37357,1.335115,-3.284791,-2.141388,0.812328,-0.030869,0.154263,0
1.021298,0.406919,-0.771985,2.252794,-2.978433,-1.756128,0.501696,1.690728,0.250496,0
-0.153143,0.448626,-1.588963,3.597759,-2.63475,-1.271275,0.383376,1.047232,0.202399,0
-0.507366,0.447683,-1.805043,3.052758,-1.417707,-1.109281,-0.280579,0.576429,-0.080547,0
-0.463168,0.083392,-1.827393,1.28359,1.019387,-0.122536,-0.86965,-0.151123,-0.094442,0
-1.520159,0.374523,-2.156612,-0.04646,2.764539,0.60085,-0.85718,-0.575872,-0.352668,0
-2.11874,1.020525,-2.577019,-0.03448,2.423588,-0.3859,-0.438157,-0.284538,-0.204662,0
-1.748985,1.24505,-2.330151,2.130622,1.425828,3.133101,-0.23148,0.392956,0.053302,0
-1.73075,-0.621415,-1.015656,-1.080274,2.922719,3.435562,0.064957,0.302423,0.056485,0
-0.209846,-0.606111,1.256709,-1.087584,2.930498,4.72189,0.209486,0.358879,0.161098,0
1.191438,-0.959558,2.605246,0.08147,3.807009,3.077962,0.169479,0.382752,0.257722,0
1.733511,-1.414853,2.175826,-0.149387,0.490275,2.472999,0.102455,0.319548,0.071276,0
1.352064,-0.490689,2.145419,-1.261261,-0.674991,-0.677682,0.017759,0.115858,0.081417,0
1.902359,-1.13874,0.35017,-1.64494,-2.305919,-3.0419,0.018624,-0.332001,0.240008,0
1.877788,-0.707144,1.762727,-2.254852,-4.629703,-3.872712,0.230566,-0.471612,0.28622,0
1.637877,-0.249936,2.335788,-1.165759,-4.984962,-3.972025,0.354176,-0.222819,0.180383,0
1.372484,0.649328,1.475983,-0.165018,-4.112031,-4.130808,0.300309,0.284138,0.079327,0
0.218926,0.715593,1.017075,-0.348317,-2.482091,-2.600346,-0.214223,1.226632,-0.151903,0
-0.998009,-1.000969,-1.175403,-0.457219,-0.883145,-0.039872,-0.696861,0.409918,-0.171186,0
-1.352041,-0.270131,-1.644794,0.879942,0.712274,1.246875,-1.090834,-0.236624,-0.461822,0
-1.721014,0.698014,-1.416899,2.139373,0.572861,2.281445,-0.542405,-0.101727,-0.205873,0
-2.284793,0.469152,-1.58837,3.006679,-0.251069,5.013586,-0.187521,-0.043165,0.04873,0
-1.706461,1.154201,-0.922035,0.810633,2.62445,2.183537,0.04682,0.884448,-0.142883,0
-1.528278,1.047025,-0.897078,-0.246472,2.318872,0.92339,0.454638,2.198751,0.162518,0
-1.20769,1.181532,-0.769514,-0.172407,0.48444,0.47223,0.052754,1.719271,-0.234305,0
-0.368417,0.772651,-0.5499,-0.252548,0.596585,-1.815108,0.232185,-0.613092,-0.156808,0
0.799041,0.041021,-0.503876,-1.294791,0.619134,-3.000605,0.352689,-0.466917,0.515157,0
1.923798,0.14845,1.269996,-2.13869,-1.000924,-1.890632,0.371115,-1.364635,0.402497,0
1.774008,-0.698287,2.288322,-1.31355,-1.590641,-0.777282,0.226639,-0.795574,0.392183,0
2.647278,-0.823133,3.022371,-0.423501,-1.60951,0.735497,0.174697,-0.132961,0.444356,0
1.919416,-0.685724,3.841319,-0.109612,-1.857686,1.447504,0.162311,-0.95954,0.259383,0
0.216094,-1.176293,3.094407,0.867417,-1.486412,1.024673,0.096659,-0.670493,0.37576,0
0.192112,-0.184375,2.10983,0.993632,-1.867357,1.482582,0.310237,-0.560929,0.381665,0
-0.535531,0.393627,1.039041,0.09474,-0.098905,-0.033844,0.24001,-0.143318,0.234779,0
-1.086736,0.506713,-0.1391,0.386057,0.538833,0.457105,0.130279,1.05023,0.057675,0
-1.298848,0.869797,-0.666313,1.024716,-0.518135,1.86666,0.490628,1.327818,0.065132,0
-1.304799,0.915581,-0.702088,0.522391,0.778612,3.009684,0.487942,0.650457,0.230036,0
-0.858262,1.037343,-0.930109,0.38415,1.243246,3.74927,0.062538,0.64204,0.294442,0
-0.515397,0.894724,-0.771658,1.062671,1.061259,3.619451,0.532091,-0.045723,0.32359,0
0.1653,0.540757,-0.15339,-0.089057,1.998553,2.392322,0.345246,0.479938,0.433634,0
0.85589,-0.261584,0.428736,-0.741055,0.455909,2.716628,0.587984,0.592968,0.566011,0
0.20243,-2.157274,1.338587,0.294627,0.084553,2.784973,0.464768,-0.203443,0.411206,0
-0.006484,-1.359127,2.234684,-0.568707,0.787226,1.222508,0.191159,-0.588808,0.338736,0
-0.291049,-2.892501,1.667931,-0.313406,-1.994434,0.713582,0.032155,-0.602823,0.40593,0
2.323111,-0.696373,2.508559,-1.249176,-1.048001,-0.868205,0.135444,-0.713473,0.286726,0
1.83324,-1.188593,2.202868,-0.606598,-1.928563,-1.847322,0.091209,-0.31777,0.249315,0
2.087724,1.19781,2.636766,-1.150027,-1.967086,-3.699251,0.038881,-0.070542,0.181389,0
0.864618,0.170849,2.752326,0.537198,-2.399606,-3.794179,0.249672,-0.04342,0.189462,0
0.766468,1.380799,1.80917,1.666617,-2.472578,-3.153238,0.489497,0.244208,0.145667,0
0.116319,1.020134,2.336156,1.616935,-1.20718,-1.415685,0.69591,0.426826,0.328872,0
-0.672363,0.360894,0.829042,0.695583,0.539379,0.197757,0.50611,0.468605,0.300896,0
-1.607494,-0.542551,-0.954294,1.133602,0.368578,2.250751,0.069149,0.486126,0.072236,0
-0.621982,0.862031,-0.238736,1.051671,1.709615,3.37035,-0.253406,-0.210898,-0.043828,0
-1.655067,-0.00032,-1.176986,0.878759,2.329105,3.54294,-0.870021,-0.456813,-0.103108,0
-1.520285,-0.208311,-2.41151,1.312891,0.875905,3.206023,-0.624389,-0.631168,-0.033618,0
-0.833193,0.615912,-1.587577,0.805723,0.292169,3.735318,0.036741,-0.775163,0.110499,0
-1.690483,-0.609195,-3.101098,-0.755293,0.577526,3.209112,0.299435,0.223982,0.125903,0
-0.901266,-0.566831,-0.972192,-1.731108,0.788477,2.580737,0.620772,0.30795,0.195833,0
-0.114465,0.267946,1.686723,-2.425657,1.265738,1.403359,0.82658,0.260605,0.320572,0
0.426458,0.316746,2.359365,-1.360883,-0.138839,0.922958,0.639291,0.319227,0.327459,0
1.050721,0.4125,1.838279,-0.471054,-1.451,1.293994,0.132908,0.390067,0.019632,0
1.363912,-0.312117,1.452805,-1.368004,-0.327108,0.549163,-0.140947,0.232976,0.128229,0
1.377283,-1.041321,1.43701,-1.914525,-0.995322,-1.255486,-0.197288,-0.421473,-0.089108,0
1.05217,-0.450563,2.032955,-0.946513,-2.479587,-2.012889,-0.106176,-0.273273,-0.054212,0
1.169768,0.312312,1.610395,-1.507342,-1.967279,-3.798503,0.067541,0.159025,0.188899,0
1.184116,-0.578799,0.805024,-1.678243,-2.217612,-4.068204,-0.245285,0.297713,0.075644,0
1.037747,0.264926,0.955062,-0.420777,-2.511092,-3.878291,-0.267493,-0.076854,0.056024,0
0.65396,0.179613,0.698788,0.401914,-1.759643,-3.052515,-0.281325,-0.078785,0.0572,0
0.3859,0.923378,0.405281,2.252753,-2.068856,-2.154786,-0.497915,0.388834,-0.084257,0
-0.862362,-0.322346,0.144631,2.110927,-0.811547,-0.8822,-0.04278,0.738114,0.044107,0
-0.554061,-0.257801,0.246367,2.327659,0.780761,0.922801,-0.298195,1.09124,0.205686,0
-1.281364,0.803055,-0.586971,1.178803,1.045743,1.398198,-0.278961,0.454106,0.00782,0
-1.923479,-0.214664,-2.361526,1.309681,0.682378,1.644801,0.014622,-0.288283,-0.057433,0
-1.340912,0.815472,-1.860301,1.759875,0.057401,1.396433,0.206182,-0.191771,0.001944,0
-1.378304,0.772536,-1.392576,0.978468,1.525319,1.585283,0.163285,0.458664,0.107581,0
-1.423819,-0.341383,-1.381088,-0.48983,3.256968,2.212479,0.154619,0.186351,0.198055,0
-0.781591,0.213256,-0.000728,-0.896186,1.533638,2.118047,0.320932,-0.318163,0.162313,0
-0.295342,-0.143593,-0.139899,-0.083128,-0.186953,1.872553,0.413221,-0.548541,0.250807,0
0.001762,-0.365527,-0.655699,-0.568261,0.289886,1.18374,0.024254,-0.247941,0.227322,0
0.655474,-0.852801,-1.225788,-0.653035,0.586306,0.369705,0.182371,-0.607314,0.177679,0
1.420504,-0.642445,0.240722,-0.965957,-0.637353,0.767214,0.096599,-0.64505,0.050101,0
1.10753,-0.92538,1.064419,-1.350541,0.190587,0.078066,0.16546,0.173161,0.061911,0
1.271938,-0.937916,1.147597,-1.79347,0.435329,-0.112764,-0.054019,0.717056,0.112565,0
1.626534,-0.422273,1.922547,-1.1547,-0.873375,1.845597,0.061283,0.505604,0.168987,0
1.548642,-0.437941,1.768584,-0.964747,-0.559412,-0.340615,-0.203215,-0.114247,0.24724,0
1.475313,-0.170267,2.011054,-1.375472,-0.42551,-1.317367,-0.244965,-0.368488,0.145133,0
1.112111,-0.448973,1.688038,-0.963101,-0.980292,-2.724635,0.094793,-0.553399,0.116402,0
0.763679,0.495426,1.30618,1.2007,-2.473402,-2.258928,0.023142,-0.666114,0.115417,0
0.014493,0.591926,1.085979,1.461683,-2.252228,-2.363674,0.00514,-0.020775,0.045658,0
-0.391059,0.586854,0.554644,1.26162,-1.008829,-2.390195,0.314576,0.199179,0.003337,0
-0.872073,0.563032,0.201943,1.68407,-1.05762,-0.72125,0.204859,0.355337,0.120427,0
-1.3261,0.253807,-0.646296,0.561049,-0.971699,0.751221,-0.054284,0.569933,0.055983,0
-1.451028,0.079543,-1.329461,0.786276,0.24429,0.498765,-0.359707,0.04089,0.058414,0
-1.48846,0.194898,-1.590723,1.274507,0.864076,1.343889,-0.532053,-0.327755,0.026461,0
-1.527821,0.359735,-1.876575,0.211299,0.904854,1.832705,-0.39398,-0.070672,0.018166,0
-1.408966,0.335483,-1.887205,-0.102569,1.075997,1.784761,-0.533876,0.126863,0.059054,0
-1.252561,0.152721,-1.274263,0.376424,1.078008,1.562165,-0.351932,0.188164,0.095417,0
-1.090093,-0.309829,-1.122769,0.147897,0.254748,2.196425,-0.248315,0.013976,0.039478,0
-0.418925,-0.667075,-1.230531,-0.55868,1.258353,0.271915,-0.52118,0.256208,0.097257,0
0.662785,-0.759483,-2.11266,-0.870696,0.731513,0.405885,-0.273374,0.283903,0.064653,0
1.99633,-0.755139,-0.866103,-1.001536,-0.285789,1.704155,-0.325462,0.190071,0.084204,0
2.487863,-0.491643,2.715542,-1.176719,-0.267053,0.217726,-0.34008,-0.075643,0.156783,0
2.72417,-0.444075,3.435192,-1.002564,-0.705448,-0.188561,0.333378,-0.375687,0.078338,0
2.388469,-0.535039,3.0401,-0.897151,-1.18354,-1.358785,0.126476,-0.04553,0.112306,0
1.640927,-0.421138,1.854564,0.171189,-2.305311,-1.998489,-0.136088,0.193989,0.294635,0
0.941214,0.004138,1.033537,0.38723,-2.527726,-2.880315,-0.125832,0.23666,0.111723,0
0.386746,0.574334,0.197194,0.236269,-2.279248,-2.713487,0.070603,0.276453,0.082373,0
0.27723,1.051788,0.152325,0.462088,-1.636928,-2.360969,0.21312,0.242234,0.285867,0
0.489104,1.206894,0.386364,0.727086,-0.727253,-1.894454,0.168771,-0.266233,0.092179,0
0.136832,0.988625,0.415689,1.215177,0.681678,-0.502785,0.113297,-0.238665,0.145821,0
-0.313253,0.756276,-0.364737,2.058677,1.721338,0.552153,0.209359,-0.561173,0.068276,0
-0.827755,0.553043,-1.237801,1.170043,2.177709,0.076406,0.405668,-0.043068,0.138758,0
-0.914477,0.359077,-1.971226,0.702698,2.029668,-0.74327,0.592514,-0.218272,0.016047,0
-1.23402,0.065131,-2.497288,0.262318,1.868707,-0.880401,0.708691,-0.482464,-0.007719,0
-2.253038,-0.32976,-2.826623,-0.559559,1.442794,-0.753217,0.559114,0.099083,0.115194,0
-1.227726,0.16932,-2.292104,-1.374488,1.016938,-0.796475,0.717246,-0.119681,-0.048783,0
-0.898854,-0.526307,-1.305138,-1.404373,0.759129,-0.965161,0.705853,-0.248691,-0.06508,0
0.034474,-0.352316,-0.792617,-1.092931,0.420923,-0.626538,0.150364,-0.021272,-0.04243,0
0.831561,-0.420913,-1.497432,-1.113211,0.044734,-0.405782,0.153552,0.164839,0.252877,0
1.635551,-0.118949,-0.281135,-1.188092,-0.352304,-0.186342,-0.357221,0.256952,0.338417,0
0.948697,-0.449043,0.553442,-1.148803,-0.688702,-0.180543,-1.548462,0.663445,0.31793,0
0.516241,-0.266132,-1.007802,-0.862321,-1.077786,-0.07795,-2.480659,0.989819,0.316459,0
0.776985,0.116883,-0.472474,-0.580131,-1.232729,-0.027773,-2.180418,0.923474,0.281818,0
0.718771,0.119831,0.550019,-0.001906,-1.51742,0.917685,-0.67275,0.543975,0.278191,0
0.562582,0.352009,0.890479,-0.114993,-1.309493,0.967487,0.500574,0.090259,0.220412,0
0.669473,0.903615,1.216508,-0.330686,-1.203645,0.936846,0.713426,-0.491514,-0.04277,0
0.109869,0.748971,0.709208,-0.063932,-1.444713,1.548499,0.690143,-0.629549,0.050708,0
-0.306512,0.695201,0.790564,0.138709,-1.311578,1.069554,0.478555,-0.489947,0.079608,0
-0.61875,0.491202,0.503612,-0.193946,-1.156163,0.402115,0.16629,-0.286041,0.118553,0
-0.563743,0.58537,0.555505,-0.324997,-1.167247,0.157475,-0.260636,0.005125,0.098776,0
-0.699173,0.371607,0.547516,-0.392044,-1.18368,0.306649,-0.504549,0.228889,0.11031,0
-0.502684,0.177543,0.1556,-0.519323,-1.087813,-0.163277,-0.330293,0.060431,0.126399,0
-0.205324,0.00268,0.43366,-0.262873,-1.361411,0.042407,-0.109866,-0.127042,0.125019,0
-0.25511,-0.294834,0.290954,-0.313075,-1.093988,-0.133338,-0.020561,-0.187418,0.071997,0
-0.017991,-0.393422,0.19048,-0.582487,-0.918182,-0.611243,0.134434,-0.074944,0.096508,0
0.105633,-0.404207,0.48461,-0.156204,-0.620972,-0.61227,0.057043,-0.102147,0.153398,0
0.071091,-0.432079,0.391661,0.3174,-0.338509,-0.634392,-0.151488,-0.045514,0.05642,0
0.040119,-0.290512,0.333267,0.196272,-0.229284,-0.526973,-0.179034,0.047675,0.136809,0
0.120586,-0.118218,0.150359,0.431164,-0.315309,-0.40576,-0.244015,0.01317,0.114003,0
0.001569,-0.182976,0.059335,0.908673,-0.193797,-0.320332,-0.282869,-0.017036,0.052736,0
0.409826,0.087766,0.522369,0.860812,0.202367,-0.722675,-0.167028,-0.006774,0.122203,0
-0.132152,-0.032801,0.400513,1.034137,0.336245,-0.581117,-0.025381,-0.152519,0.131251,0
-0.053864,-0.094442,0.024832,0.924619,0.618201,0.504178,-0.060471,-0.155549,0.05452,0
0.014136,-0.039766,0.03217,0.724757,1.366127,0.11212,-0.137786,-0.033015,0.081708,0
-0.279055,-0.278863,-0.272512,0.651723,1.48796,0.646482,-0.166439,0.005727,0.159923,0
-0.125056,-0.225443,-0.61587,0.244697,1.141115,1.040236,-0.192099,-0.084912,0.124237,0
0.015468,-0.194072,-0.817836,-0.091222,0.654055,0.599358,-0.239153,0.049999,0.148064,0
0.017139,-0.158078,-0.731289,-0.270981,0.298399,0.527421,-0.256211,0.094891,0.152627,0
0.121392,-0.03442,-0.57935,-0.389493,0.034353,0.344151,-0.229631,-0.035029,0.133873,0
0.358309,0.116718,-0.359437,-0.511227,-0.212738,0.046086,-0.162894,0.095833,0.141592,0
0.439465,-0.118826,0.114778,-0.595387,-0.485872,0.103574,0.004708,-0.056126,0.094719,0
0.663129,0.152145,0.505449,-0.548542,-0.557477,0.253361,0.03285,-0.080453,0.139881,0
0.620731,0.15367,0.606273,-0.418201,-0.521826,0.213144,0.02487,-0.134744,0.132384,0
0.518516,0.217722,0.497087,-0.440857,-0.412882,0.234413,-0.010009,0.084755,0.110519,0
0.32218,0.182424,0.485763,-0.438519,-0.348293,0.16034,-0.116652,0.0657,0.136837,0
0.099748,0.142702,0.401236,-0.351407,-0.258091,0.210009,-0.142224,0.02821,0.162514,0
-0.023195,0.086636,0.247578,-0.212055,-0.185858,0.171176,-0.080897,-0.006134,0.088515,0
0.086832,0.227921,0.272142,-0.072069,-0.137235,-0.033149,-0.01018,-0.133548,0.13004,0
0.023412,0.095347,0.25704,0.025428,-0.071748,-0.055157,-0.007217,-0.135955,0.113619,0
0.005745,0.124082,0.169224,-0.057859,0.085245,-0.292248,-0.041893,-0.066727,0.095408,0
-0.038686,0.124437,0.03768,0.017164,0.2156,-0.422641,-0.112668,0.01045,0.128097,0
-0.018156,0.11527,-0.07857,0.021679,0.545432,-0.983997,-0.139401,-0.000819,0.153953,0
-0.031819,-0.231798,0.372289,-1.772498,1.554199,-1.895324,-0.128046,-0.015632,0.107242,0
0.390658,-0.0639,0.609818,-0.41231,1.924976,-1.613567,-0.102051,-0.004708,0.109535,0
1.024207,0.529311,0.113384,1.835121,0.77775,1.784657,-0.144239,-0.144771,0.102983,0
0.480903,0.170513,0.493413,0.623446,0.032396,0.934607,-0.136964,-0.101695,0.115929,0
-0.518056,-0.443635,-0.5504,-0.817478,0.378675,-1.690262,-0.142015,-0.093635,0.139329,0
-0.217393,-0.004915,-0.298172,-0.668896,-0.137553,-1.69226,-0.119003,-0.042418,0.101406,0
-0.170596,-0.066491,-2.056327,-0.305128,-1.794755,2.723972,-0.108473,-0.023105,0.130118,0
0.54371,-0.339598,0.644526,0.524963,-0.895599,0.690936,-0.066768,0.045722,0.11786,0
0.20612,-0.468713,1.528156,0.854953,-0.609012,0.734741,0.018455,0.08378,0.136724,0
0.161587,0.056884,1.107949,0.202865,-1.745935,2.359716,0.069073,0.070736,0.148109,0
-0.199398,0.016269,0.364206,0.12604,-1.930448,1.52651,0.022799,0.021675,0.170243,0
-0.306753,0.196614,0.222271,-0.179159,-1.658618,0.395139,-0.042793,-0.086242,0.109979,0
-0.216592,0.298414,-0.005988,-0.034719,-1.131388,-0.242546,-0.051429,-0.086539,0.075431,0
-0.07134,0.277984,-0.029332,0.181574,-1.065812,0.634146,-0.062532,-0.09545,0.094524,0
0.064786,0.204775,0.210796,-0.19653,-0.541016,0.095503,-0.137671,-0.117072,0.085825,0
0.231369,0.076817,0.267797,-0.052286,-0.362873,-0.066142,-0.189658,-0.068415,0.122302,0
0.291621,-0.258507,0.396366,0.286152,0.042751,-0.599962,-0.212031,-0.079139,0.141528,0
0.314413,-0.364718,0.527245,0.13744,0.45558,-0.97669,-0.23949,-0.046193,0.082722,0
0.360726,-0.403945,0.115755,-0.336962,0.725345,-0.917649,-0.197035,-0.070128,0.088479,0
0.213544,-0.591848,-0.11801,-0.147733,0.577298,-0.563364,-0.12989,-0.039637,0.130207,0
0.272304,-0.632544,-0.280755,0.209232,0.068966,0.138986,-0.158482,-0.024994,0.152326,0
0.281298,-0.633163,0.240752,-0.106843,0.174631,-0.177547,-0.219046,0.022197,0.103932,0
0.112867,-0.489714,0.229068,-0.276988,0.074984,-0.174354,-0.221841,-0.007455,0.10663,0
0.007956,-0.280097,-0.036908,-0.211489,-0.218959,0.170748,-0.245504,0.117045,0.150047,0
0.04261,-0.101632,0.11005,-0.035012,-0.390969,0.359598,-0.280341,-5e-05,0.151441,0
0.064327,-0.005102,0.173771,-0.034309,-0.303031,0.047752,-0.100352,5.4e-05,0.14648,0
0.060644,0.089283,0.134227,-0.083573,-0.196999,-0.116835,0.113884,-0.130227,0.11008,0
0.125201,0.246427,0.207798,0.041213,-0.229391,0.090492,0.21975,-0.155606,0.072156,0
0.117626,0.241589,0.238791,0.040111,-0.164225,0.144073,0.322058,-0.167323,0.105781,0
0.194775,0.249046,0.163333,0.04946,-0.06291,0.064026,0.213921,-0.121625,0.096441,0
0.18328,0.176185,0.066386,-0.005879,-0.05528,-0.009299,0.035133,-0.080514,0.104552,0
0.19241,0.181076,0.098843,-0.067291,-0.004946,-0.117551,-0.029147,-0.009608,0.104987,0
0.224502,0.16889,0.105788,-0.123823,0.05291,-0.097214,-0.123629,-0.033947,0.119367,0
0.221361,0.105634,0.140998,-0.137311,0.165492,-0.069216,-0.119018,-0.058533,0.1085,0
0.183258,0.072028,0.088397,-0.146166,0.171463,-0.032671,-0.01811,-0.02453,0.092937,0
0.129173,0.024956,0.093776,-0.196715,0.151272,-0.115032,0.016311,-0.09487,0.090082,0
0.117799,-0.003828,0.135115,-0.152656,0.139619,-0.196731,0.017092,-0.062846,0.143416,0
0.072064,-0.010449,0.131218,-0.137452,0.098585,-0.175955,-0.070889,-0.004764,0.113801,0
0.072265,0.007849,0.109453,-0.092405,0.05323,-0.089973,-0.162725,0.02024,0.131866,0
0.07369,-0.002423,0.11359,-0.055428,0.060583,0.007428,-0.207804,-0.006619,0.109866,0
0.137974,0.033129,0.193861,-0.063557,0.031125,0.016967,-0.160624,0.092905,0.156046,0
0.11421,0.08186,0.237703,-0.025855,-0.023784,0.064892,-0.124297,0.014194,0.097965,0
0.1139,0.150823,0.215612,-0.09341,-0.092463,0.04988,-0.065732,-0.07218,0.120152,0
0.061254,0.216543,0.201378,-0.111961,-0.122194,0.04438,-0.051435,-0.001726,0.131454,0
0.007434,0.15757,0.152065,-0.149069,-0.179519,0.001399,-0.02079,-0.042263,0.080956,0
0.055014,0.147865,0.180928,-0.156696,-0.162011,-0.00648,-0.009553,-0.024606,0.15645,0
,,,-0.161766,-0.199981,0.038937,,,,0
-0.508382,-1.682811,-0.795561,1.098583,2.264344,-0.33252,-1.871745,-2.840061,-0.231003,0
-0.931306,-1.754061,-0.806726,2.39967,3.055825,-0.880938,-0.526191,-1.457129,-0.046265,0
-0.827041,-1.756805,-0.920899,2.354883,3.438991,-1.909754,0.408697,0.010536,0.01999,0
-0.30188,-1.653169,-0.609774,2.165122,3.072562,-2.822423,0.180355,0.303478,0.210668,0
0.086514,-1.455482,-0.085079,1.891506,2.199951,-2.079987,-0.186953,0.720575,0.347948,0
0.070447,-1.349445,0.043673,1.12013,2.121088,-1.406146,-0.057911,0.846463,0.226855,0
0.023016,-0.850581,-0.02264,0.470158,1.544259,-1.067852,0.038936,-0.140164,0.213979,0
-0.00023,-0.1444,-0.023426,-0.498607,0.370984,0.025082,-0.100303,-0.711286,0.073176,0
0.032366,0.322047,-0.180964,-0.514111,0.108437,0.163757,0.059623,-0.613426,0.074759,0
-0.205969,0.445815,-0.130003,-0.479466,-0.459579,0.828519,-0.020527,-0.086984,0.136244,0
-0.327651,0.494527,0.031723,-0.549978,-0.587402,0.837316,0.184299,-0.055529,0.079159,0
-0.126794,0.631624,0.10998,-0.850282,-0.387954,0.814865,0.25697,-0.007284,0.209009,0
-0.096699,0.510614,0.196161,-0.89155,-0.325363,0.677093,0.119546,-0.134246,0.126562,0
-0.348361,0.229879,0.389471,-0.725651,-0.300599,0.288993,0.002423,-0.279564,0.089602,0
-0.220203,0.112329,0.314857,-0.901789,-0.462091,0.175101,-0.069582,-0.233281,0.102759,0
0.008233,0.172221,0.372253,-0.585436,-0.616822,0.495045,-0.099651,0.046676,0.163363,0
-0.201363,-0.107731,0.572474,0.04728,-0.856733,0.870705,-0.049751,0.156094,0.139623,0
-0.056312,0.078536,0.708225,-0.95401,-0.871644,1.186223,0.219901,-0.073422,0.106807,0
0.446634,1.144931,0.335236,-1.394361,-0.29741,0.44366,0.215329,-0.304435,0.137935,0
0.574219,2.208004,0.61539,-0.7151,-1.073984,0.26997,0.148894,-0.254009,0.101431,0
0.203383,2.254693,0.42689,0.315642,-1.645151,-1.015053,0.103501,-0.106305,0.143882,0
-0.481695,1.7362,0.596695,0.692812,-2.110416,-1.960273,0.162457,0.056902,0.157641,0
-0.890107,1.218134,0.36141,0.626694,-1.714178,-1.025478,0.124139,0.129007,0.12668,0
-1.769561,-0.114142,0.22925,1.660596,-0.24364,-1.209701,0.16363,0.111707,0.103948,0
-2.018776,-1.121882,-0.131413,2.884757,-0.576126,1.200886,0.021037,-0.141793,0.129004,0
-2.157459,-1.762319,-0.690104,3.847031,-1.039029,2.203089,-0.406778,-0.273967,0.138733,0
-1.323462,-1.934111,-1.192478,3.289497,0.905804,1.322132,-0.649456,-0.133747,0.079493,0
-0.400048,-1.278369,-0.809975,0.371681,2.822789,-0.022339,-0.551763,0.011329,0.085649,0
-0.045439,-1.096683,-0.417405,-1.436938,2.86497,-0.539961,-0.427457,0.049987,0.129182,0
0.67055,-1.922152,0.388692,-2.207742,2.597733,0.028198,-0.427638,0.193185,0.214863,0
2.301254,-2.095142,1.077057,-2.033761,2.159441,0.918922,-0.77801,0.255282,0.24282,0
3.838768,-1.502856,0.8005,-1.998124,1.570887,2.13437,-0.801705,0.339164,0.30758,0
3.836765,-0.712441,1.032082,-2.374188,1.332546,0.966325,-0.350683,0.263808,0.745557,0
3.102929,-0.49586,0.625732,-3.363184,-0.822829,-0.215746,-1.079555,0.437551,0.122378,0
2.599702,0.408347,0.820052,-3.139583,-1.370876,-2.491188,-0.869201,0.304852,0.709645,0
1.120422,1.021442,-0.56044,-0.16755,-4.752401,-2.163254,-0.063118,0.455832,-0.713257,0
-0.193918,0.912507,-0.489986,-0.098568,-5.514841,-2.87063,2.013356,-1.180509,-0.510571,0
-0.553543,0.91113,-0.16321,1.30171,-4.495092,-2.005887,2.465613,-0.651139,0.253035,0
-1.549005,0.214473,0.073217,2.969378,-2.719051,-1.061152,1.389503,-0.787411,0.054831,0
-1.695035,-0.08669,0.618584,3.428775,-1.242305,1.651586,1.052899,-0.50549,-0.013618,0
-1.499975,0.159499,-0.324614,2.436088,1.591566,1.465131,0.477607,-0.170413,0.19237,0
-2.054338,0.435961,-0.708104,2.609297,0.838489,2.686124,0.15569,-0.123818,0.022733,0
-2.163967,0.423382,-0.393925,1.488611,0.314034,2.65567,-0.09884,-0.050868,0.095037,0
-1.534886,0.193476,-0.330403,0.684021,0.793127,0.677517,-0.476214,0.272041,0.128175,0
-0.908852,0.308525,-1.500643,0.020782,1.38387,-0.246094,-1.303271,0.731033,0.282608,0
-0.545414,0.303406,-0.29657,-1.261089,1.521199,-0.92887,-1.88482,1.120619,0.514929,0
-0.381927,-0.656887,-2.078919,-1.613636,0.73383,-0.182552,-2.123182,1.146656,0.217236,0
1.281645,0.472463,-1.259406,-2.4642,0.37149,-0.401711,-1.754399,0.772877,0.074021,0
0.684699,-0.391107,0.350197,-2.973391,-0.027914,-1.140182,-1.490911,-0.099167,-0.303349,0
1.805547,-0.41611,-0.75743,-4.105112,-0.4084,-1.577487,0.28501,-0.488685,-0.362674,0
2.542738,0.395917,-0.158845,-2.536754,-1.495811,-2.259878,-0.497942,-0.911116,-0.74968,0
1.145964,-0.423488,-0.020152,-0.592551,-2.035258,-2.739314,0.466651,0.565328,0.059572,0
0.830702,0.115869,-1.033388,-0.444267,-2.545197,-2.82054,0.446321,-0.189522,0.247396,0
0.015431,0.49874,-0.936625,-0.867231,-1.909247,-2.309952,0.397076,-0.363187,-0.039515,0
-0.774783,0.018509,-0.194268,3.063099,-2.213225,-0.322935,0.67727,0.541104,0.209492,0
-0.816446,-0.060144,0.277364,2.488107,-0.556542,0.248463,0.663263,0.467617,0.287595,0
-0.592122,-0.194796,0.123676,0.115164,1.491757,0.865362,1.239825,-0.328057,0.249883,0
-0.560322,0.132307,0.875168,0.60482,0.655643,2.540931,0.936424,0.153769,0.381621,0
-0.773708,0.413883,1.096233,1.75256,0.728409,2.515691,0.332531,-0.538185,0.315999,0
-0.919674,0.687959,0.975601,0.934087,1.652117,1.990479,0.393678,-1.970107,0.239227,0
-0.889691,0.536744,0.012742,0.513485,1.479471,1.79559,0.478429,-1.77461,0.449581,0
-0.860389,0.394343,0.468618,0.629993,1.200848,1.328341,0.146787,-0.235476,0.193305,0
-0.711192,0.060726,0.520823,0.439088,1.40241,1.180708,0.153912,-0.301103,0.154878,0
-0.23443,-0.304116,-0.365287,-1.088453,1.454633,0.497921,0.545294,-0.428588,0.259993,0
0.191733,-0.563561,0.586883,-2.130318,0.26493,-0.117537,0.179354,-0.093954,0.016442,0
0.884119,-0.830414,-0.133489,-0.475717,-1.925329,-0.072919,5.4e-05,0.460372,0.013352,0
1.646747,-0.920308,-0.032956,-0.807237,-1.86824,-2.181402,0.091992,0.576357,0.115492,0
2.20048,-0.660486,0.964654,-1.388489,-2.852991,-2.905562,0.333064,0.237209,0.091499,0
2.496395,-0.349255,0.503036,-1.494284,-3.216233,-2.531323,0.184497,0.315814,0.094199,0
2.114866,0.055489,0.883265,-0.811603,-2.891572,-1.989288,-0.102923,1.079773,0.13446,0
0.652378,-0.370881,0.357895,-0.380325,-1.663776,-0.957141,-0.184828,0.581221,-0.009836,0
-0.548603,0.166599,-0.054584,0.260832,-0.804288,0.217466,0.042022,0.077868,0.109149,0
-1.695598,0.033284,-0.266881,0.460842,-0.171526,1.557979,0.004949,-0.765758,0.179074,0
-2.053446,0.431018,-0.623905,0.66904,-0.095253,1.650537,-0.140852,-0.864253,0.164461,0
-2.247558,0.803157,-0.669775,1.124276,1.22224,0.756898,-0.115106,0.068081,0.104533,0
-1.644041,1.143499,-0.84114,0.843966,1.481496,1.002621,0.216975,0.339533,-0.121512,0
-1.076462,1.122769,-0.328695,0.333974,0.735218,1.721854,0.351739,0.361668,0.316998,0
-0.620678,0.298443,0.286764,1.927468,1.136556,2.737303,0.226646,0.261703,0.376584,0
-0.034688,0.13708,0.479078,0.710614,2.313117,1.743285,-0.084304,0.315782,-0.084948,0
0.245689,-0.335246,0.951688,-0.197386,2.385472,1.290028,-0.091891,0.157345,-0.186962,0
0.750065,-0.952012,1.224057,-0.149349,1.600141,0.834202,-0.010536,0.036634,0.063723,0
1.670736,-0.566756,0.781857,-1.281827,0.812165,0.131395,0.083381,-0.10909,0.078902,0
1.65392,-0.923171,1.384341,-1.846107,-1.068865,-1.115335,-0.046923,-0.059368,0.026532,0
1.851627,-1.076961,1.562718,-2.207648,-2.012776,-3.198216,-0.286968,0.318043,-0.161261,0
1.894925,-0.483242,0.562445,-1.280722,-3.468691,-3.323169,-0.113263,0.17219,0.068411,0
1.536204,-0.395143,-0.382109,-0.756804,-4.153164,-2.276933,0.381204,0.099495,0.25984,0
0.906367,-0.295803,-1.245575,-0.087446,-3.016637,-2.345689,0.500223,-0.018079,0.280324,0
0.116715,-0.223598,-1.373582,0.866096,-2.415164,-1.374452,0.786625,-0.64056,0.365532,0
-0.792906,-0.285431,-1.411999,0.744877,-1.793279,0.403443,0.5753,-0.048012,0.079294,0
-1.079106,0.189969,-1.683868,2.007001,-1.59462,2.724444,0.095348,0.217247,0.212384,0
-2.467295,0.089295,-0.390476,1.670094,0.568643,2.252531,0.090055,-0.085412,0.0584,0
-1.933649,0.251639,-0.264763,0.866497,2.983365,1.96467,0.001753,-0.670244,0.276976,0
-1.010733,0.315368,0.608079,2.256836,2.993078,2.641316,-0.334718,-0.881651,0.084978,0
-0.458909,0.31513,1.145771,1.317645,3.145528,1.151649,-0.032344,-0.215965,0.093359,0
0.28309,0.277275,0.278465,0.152782,1.950713,0.298767,0.371426,0.497285,0.263723,0
0.457326,-0.103638,0.001105,-1.031223,1.33506,0.048159,0.574898,0.812918,0.43806,0
0.866565,-0.777446,0.687954,-2.527824,0.561155,-1.228027,0.631894,0.863825,0.239071,0
1.982308,-0.291043,0.13154,-2.740795,-0.925599,-3.372472,0.536328,1.082366,0.341272,0
1.9091,0.047936,1.294062,-2.559529,-1.876002,-4.009223,0.592699,0.231299,0.397762,0
1.603087,0.283359,1.087372,-0.255687,-3.084022,-3.228342,0.356495,-0.517139,0.198835,0
0.983829,0.723324,0.40249,-0.897279,-2.856152,-2.26694,-0.093446,-0.329791,0.016531,0
-0.126095,1.103522,0.402436,0.224103,-3.340567,0.271228,-0.261413,0.089101,-0.072028,0
-1.099303,0.696312,-0.366025,1.823688,-3.150718,0.675313,-0.251428,-0.038075,0.03159,0
-1.086864,0.378731,-1.462359,1.446639,-0.625215,-0.577303,0.0815,0.12707,0.098557,0
-0.670235,0.042929,0.292887,-0.150862,0.869593,0.505927,0.165646,0.265374,0.033772,0
-2.099808,-0.187838,0.448008,1.880668,3.085941,1.785441,0.152601,0.95865,0.288244,0
-2.058981,0.427556,0.162753,1.0647,0.673338,5.082232,0.109925,0.506405,0.091063,0
-0.677835,0.369764,-0.508366,-0.458472,1.580831,5.273788,0.119101,0.490335,0.191358,0
-0.284814,-0.844302,-0.746045,-0.191934,2.456079,4.658664,-0.048946,-0.130312,0.171741,0
1.011079,-1.133315,-0.142548,0.210394,1.712879,4.384555,0.117958,-0.547127,0.284375,0
1.267079,-0.734957,2.120403,0.434599,1.446412,4.418781,0.028894,-0.487481,0.176896,0
1.63136,-0.131136,1.83819,-0.550813,-0.592165,0.939943,0.132659,0.008604,0.081919,0
0.734179,-0.515522,1.466551,-0.932543,-1.710979,-2.606963,0.297664,0.419189,0.198314,0
1.617728,-0.588769,1.123257,-1.235267,-2.585381,-5.178358,0.305533,0.059556,0.117699,0
0.804728,-0.335801,1.282861,-2.329107,-2.828956,-5.093676,0.0939,-0.168604,-0.008588,0
-0.883708,0.136299,1.383147,-2.589938,-2.534304,-3.738673,-0.117026,-0.424306,0.052638,0
-0.729057,0.35332,1.118579,-0.029812,-1.414583,-2.441652,-0.316153,-0.086269,-0.126847,0
-0.591921,0.530246,0.742415,4.205972,-0.642478,-0.550558,-0.120459,0.027047,-0.269498,0
-0.336726,0.733601,0.662436,2.724429,0.802308,0.146622,0.206722,0.29824,0.214185,0
-1.402411,0.140926,-0.398851,1.592081,0.090286,1.685849,0.4163,0.238074,0.261147,0
0.10483,0.699196,-0.797116,1.399083,-0.418806,1.764885,0.464895,0.10152,0.544351,0
-1.652854,0.124385,-1.23598,1.084461,1.106396,2.335265,0.033493,1.034446,0.273494,0
-1.361985,0.293796,0.330527,0.769175,1.545129,3.790537,0.552528,1.077865,0.520164,0
-0.893506,-1.010345,0.50198,0.025579,1.742508,4.596751,0.852164,0.982693,0.347481,0
-0.875494,-2.343445,1.462626,-1.417634,0.855353,2.736367,0.854407,0.073635,0.407834,0
2.296838,-1.338402,0.938669,0.00981,-1.109775,4.166409,0.346538,-0.604456,0.389158,0
1.375556,-0.765689,1.790845,-1.435591,-1.387029,4.270552,0.221001,-1.033326,0.275673,0
0.41608,-0.524571,1.357393,-2.955127,0.506592,1.647602,-0.057494,-0.870194,0.152641,0
1.566545,1.028197,1.206289,-1.58485,-0.688075,1.130921,0.270179,-0.435373,-0.009716,0
-0.284575,-1.789003,0.395541,-1.21487,-1.408361,-0.157103,0.536285,0.272478,0.263371,0
1.594923,0.978579,1.234124,-2.101258,-0.660965,-1.809458,0.493074,0.302982,0.278473,0
0.977732,0.913813,2.418192,0.678484,-2.646529,-1.512806,0.363139,0.020115,0.372138,0
1.248651,-0.624681,2.791017,1.604566,-2.193594,-2.957108,0.313276,-0.034124,0.079769,0
1.264995,1.410927,2.190957,1.985305,-1.7541,-3.17753,0.299893,0.122167,0.129932,0
-0.703266,0.019411,1.719787,1.138829,-1.073826,-4.439289,0.169701,0.116517,0.065527,0
1.257294,1.402321,-2.698161,0.553427,-1.303363,-1.571003,-0.106477,-0.332326,-0.053472,0
-2.476894,1.988992,-0.739552,-0.665782,-0.472857,-1.381695,0.19168,-0.473994,0.162768,0
-3.015753,-0.347995,0.095973,-0.930013,1.818904,0.593339,0.074711,-0.292141,-0.023407,0
-2.285183,-0.61544,-2.55211,2.992594,1.206079,2.836774,-0.216039,0.058807,-0.091416,0
-2.053803,0.085651,-0.066138,0.696637,2.360353,2.596761,-0.112085,0.660764,0.266938,0
-2.259304,-1.313233,-1.891962,-0.033975,2.156488,2.818219,0.21453,0.613137,0.078941,0
-1.784263,-0.479107,-1.364809,0.091445,0.934828,2.710392,0.357564,0.539694,0.059395,0
-0.846649,-1.127047,-1.228848,-1.726609,2.641694,1.470119,0.237399,0.104397,0.2616,0
0.180573,-0.669238,-0.119855,-1.594444,1.220084,2.466081,0.084561,-0.233794,-0.005389,0
1.074256,-1.366152,0.515189,-2.601907,1.693256,1.115629,-0.035663,-0.082914,0.019585,0
1.431009,-1.488232,1.446389,-1.79099,-0.186905,0.275739,0.063093,-0.323698,0.168467,0
3.638548,-0.276013,0.572111,-1.327166,-0.997279,-0.337062,0.118032,-0.285497,0.120062,0
3.41375,1.147161,1.042919,-0.395263,-3.383381,-2.611564,0.127608,-0.162723,0.098071,0
2.760424,0.533782,1.293896,-0.579924,-3.921829,-3.443431,0.314653,-0.065853,0.226888,0
1.062514,0.401845,1.657467,-0.089819,-5.407608,-2.724255,0.284548,-0.127374,0.201715,0
0.592261,0.607562,1.085934,1.301236,-4.989543,-2.027251,0.189924,0.091304,0.064556,0
-0.69652,0.855936,0.225989,2.689739,-4.360757,-1.479629,0.056825,0.303393,-0.063743,0
-1.990367,0.332478,0.432602,0.512873,-1.221981,-0.253488,-0.04609,0.676657,0.004445,0
-2.630842,1.546151,-1.006547,1.080323,0.734095,0.952656,-0.214661,0.637167,-0.037282,0
-2.727337,1.684442,-0.527937,1.925112,3.275822,-0.864913,-0.4034,0.181052,-0.06273,0
-2.464284,-0.364076,-0.997699,0.97409,2.668632,1.01344,-0.186007,-0.315387,-0.016582,0
-0.944157,0.228554,-0.214052,0.473116,5.892461,-0.885277,-0.167338,-0.025595,0.141541,0
-0.363297,-0.851888,0.039881,0.700046,5.1289,-0.045575,0.194108,0.037686,0.190187,0
0.442372,-1.335576,-0.014978,-0.093603,3.287156,1.986933,0.517678,0.161141,0.248502,0
0.638018,-0.445573,-0.097371,-0.046819,2.262348,3.561104,0.56712,0.213729,0.410112,0
0.585782,-1.187446,0.332547,-0.1557,2.240512,1.378383,0.379242,0.328126,0.337543,0
1.483438,-1.774713,1.01436,-0.996351,-0.676526,2.532417,0.479501,0.202329,0.30856,0
2.869277,-0.899548,-0.033608,-0.450969,-1.95271,1.972462,0.575022,-0.151029,0.304845,0
2.85583,0.53133,1.438705,-0.781476,-3.384181,0.736938,0.360684,-0.395559,0.151807,0
1.755451,0.757875,1.415956,-1.230616,-4.377934,-0.904493,0.356644,-0.641213,0.067181,0
0.868862,0.249177,1.110912,-0.538726,-5.177897,-0.794687,0.194733,-0.377775,0.199414,0
0.855188,0.37479,1.335288,-0.21303,-4.80655,-1.503181,0.053246,-0.139399,0.148296,0
0.129333,-0.677274,2.338275,0.446381,-2.689329,-3.078726,0.102958,0.000325,-0.046265,0
-0.802704,-2.585203,1.157441,0.009189,0.162137,-1.506435,-0.217705,0.582922,-0.004229,0
-1.56842,0.912436,0.964744,0.758383,0.67786,0.365161,-0.344298,1.239283,0.123116,0
-2.216059,0.68709,0.855884,0.902944,1.305185,0.097453,0.231701,0.280997,0.117188,0
-2.161948,0.546668,0.472615,-0.145276,2.537174,0.633024,0.508787,-0.134377,0.342587,0
-2.230851,1.328246,0.075119,0.793984,3.953933,-0.122204,0.463465,-0.114047,0.135423,0
-1.485647,1.100346,-0.777451,0.746524,2.175406,1.619331,0.369012,-0.218191,0.164562,0
-0.808489,0.746574,-0.505974,0.022446,2.153164,1.587894,0.191405,-0.289445,0.087204,0
-0.360912,0.224952,-1.624185,-0.065105,1.649605,0.701957,-0.02085,-0.078685,0.105042,0
0.130871,0.072061,-1.617719,-0.488107,0.773594,0.502979,-0.177483,0.19065,0.00107,0
0.491665,-0.648971,-1.436684,-1.030225,0.452585,0.213749,-0.319695,0.021321,-0.004296,0
1.04243,-0.663179,-0.924978,-0.355682,0.353285,-0.005756,0.059173,-0.067233,0.064241,0
1.341323,-0.808787,-0.171117,-0.75847,-0.336095,0.604699,-0.32644,0.747685,0.005618,0
1.852119,-0.953912,-0.03562,-1.371993,-0.431764,0.590428,-0.238523,-0.089888,0.128907,0
1.224067,-0.749155,0.988183,-1.051891,-0.357012,-0.374822,-0.073124,-0.70021,0.304283,0
1.438184,-0.556,0.962333,-1.080208,-1.264763,-0.390977,-0.393956,-0.482796,0.005646,0
1.377161,-0.183746,1.370888,-1.767616,-1.831301,-0.497603,-0.411819,-0.689351,-0.030439,0
0.608282,-0.298015,1.287912,-0.374697,-2.638893,-1.427526,0.553624,-0.770594,0.058327,0
0.433182,-0.159551,1.112843,-0.079531,-2.847363,-0.934756,0.393225,0.698068,0.165146,0
0.20556,0.121662,1.0194,0.50264,-2.116956,-1.061113,0.052114,0.892414,0.175409,0
-0.142897,0.310963,0.370075,0.804953,-2.10055,-0.342758,0.38383,-0.223356,0.213262,0
-0.006772,0.476906,0.425635,0.690657,-2.010705,0.270378,0.188247,0.013884,0.041769,0
-0.910203,-0.07646,0.025143,0.681599,-0.652915,-0.985051,-0.28249,0.260256,0.122253,0
-1.370955,0.472803,-0.216986,1.210583,1.23544,-2.11533,-0.153007,0.156974,0.067542,0
-1.455467,-0.04429,-0.728598,3.29102,2.475437,-2.567173,0.041814,-0.050472,0.111374,0
-1.780594,0.387196,-0.948565,1.864043,2.468019,0.194843,-0.276855,0.0239,0.136622,0
-1.886112,-0.053279,-0.635262,0.950576,1.119617,1.919042,-0.157497,-0.242485,0.087252,0
-1.276151,0.093471,-1.036583,1.087167,1.016078,2.41023,0.014379,-0.18929,0.00293,0
-1.094047,0.345297,-0.380635,0.594981,2.248977,0.721395,-0.324268,0.575218,0.006061,0
-0.790739,-0.114447,-0.225771,-1.160581,1.880472,0.59338,-0.267361,1.798874,0.26572,0
0.163298,-0.074216,-0.182336,-1.581541,0.916623,0.853656,-0.686341,0.269316,0.223351,0
1.09967,-0.323153,-0.133908,-1.210188,0.444065,0.606721,0.52134,-1.591562,0.120234,0
1.963531,-0.587019,-0.653766,-1.393815,-0.713574,0.699815,0.371703,-0.974694,0.105879,0
2.273766,-0.289961,-0.337964,-1.603061,-0.676101,0.169614,0.117508,-0.093919,-0.021366,0
1.922444,-0.022063,0.154016,-1.433693,-0.731096,-0.451038,-0.102746,-0.330386,0.088687,0
1.960664,-0.027722,0.070723,-1.229496,-1.539041,-0.157851,-0.006532,-0.23196,0.161207,0
2.10939,0.510361,0.452029,-1.105529,-1.584816,-0.333787,-0.142669,0.20186,0.194031,0
1.658078,0.930378,0.624732,-0.911418,-1.219093,-1.121731,-0.141128,-0.306064,0.029981,0
1.172847,0.561152,1.716283,-0.367794,-1.371004,-1.125218,-0.276557,-0.070166,0.169004,0
-0.380822,-1.097433,1.006032,0.672596,-1.237659,-1.114745,0.380773,-0.105077,0.052794,0
0.182863,0.950099,1.252188,0.989458,-1.061334,-1.134865,0.337184,0.093468,0.106242,0
-1.876622,-0.443715,-0.054287,1.281285,-0.48641,-1.093562,-0.005765,0.038701,0.094983,0
-1.679942,-0.298247,-0.567416,1.223534,-0.27527,-0.607615,0.107016,0.374575,0.214599,0
-2.020503,-0.132086,-0.878563,1.113304,0.050656,0.235558,0.10968,0.191768,-0.124724,0
-1.755474,-0.128448,-1.534271,1.267562,1.455624,-1.18813,-0.472723,0.010405,0.150387,0
-1.685866,-0.225395,-1.307313,0.489571,1.393765,-0.129805,-0.928132,-0.023611,0.108858,0
-1.241278,-0.021975,-1.113865,-0.44341,1.748579,-0.661507,-0.47178,0.159567,0.110407,0
-0.801567,-0.351395,-0.730224,-0.08072,1.6746,-0.656663,-0.364584,0.357763,0.42023,0
-0.269567,-0.562924,-0.220791,0.046807,0.798834,-0.057261,0.319576,-0.157158,0.089954,0
-0.002973,-0.154312,-0.32765,-0.12478,0.411294,-0.369907,0.085536,0.152556,-0.045858,0
0.70088,0.604663,-0.807497,-0.608377,0.078353,-0.454686,-0.246185,0.355796,0.189364,0
,,,-0.65253,0.16395,-1.013311,0.077548,-0.091064,0.258192,0
0.397645,1.048528,0.390313,-1.045495,0.513502,-0.778796,0.731977,0.459248,-0.236094,1
0.366553,0.854251,0.429071,-0.79352,0.391476,-0.744609,0.18833,0.56066,-0.029898,1
0.433296,0.661041,0.277339,-0.539848,0.306066,-0.702003,-0.096859,-0.028762,0.049059,1
0.428737,0.486151,0.059164,-0.279288,0.200468,-0.49002,-0.506673,-0.504484,0.144452,1
0.437006,0.419115,-0.05775,0.029141,-0.026192,-0.211666,-0.492935,-0.921727,0.097518,1
0.449983,0.428349,-0.037626,0.326147,-0.239839,0.07881,0.426095,-0.761446,-0.558697,1
0.38081,0.413109,0.014577,0.490669,-0.614631,0.23704,1.171989,-0.345391,-0.193054,1
0.325555,0.393371,0.263439,0.486326,-0.870771,0.369469,1.303212,-1.41781,0.153417,1
0.259607,0.340747,0.629261,0.389383,-1.142802,0.440619,1.913554,1.371247,-0.130491,1
0.235957,0.107781,0.926465,0.310704,-1.313995,0.46148,0.167578,1.24935,0.512978,1
0.123731,-0.287994,0.957068,0.334776,-1.376557,0.329789,-1.172645,0.065418,0.094368,1
0.103918,-0.72308,0.690583,0.576391,-1.442237,0.070539,-1.067152,0.243809,0.688693,1
0.030508,-0.912796,0.416344,0.808148,-1.68123,0.186841,-0.574124,2.010395,0.359121,1
-0.075431,-0.943841,0.101356,0.909241,-1.493531,0.446287,-0.991289,1.241482,0.297524,1
0.005589,-0.731474,-0.228017,0.345647,-1.019505,0.474658,-0.871136,-0.183402,0.55832,1
-0.021288,-0.564714,-0.364656,0.012486,-0.727004,0.602697,-0.576982,-0.391772,0.281653,1
-0.133098,-0.484935,-0.444708,-0.110971,-0.672065,0.619236,-0.106979,-0.064313,0.052697,1
-0.199955,-0.411416,-0.450194,-0.189399,-0.364095,0.578115,0.09683,0.065855,-0.099722,1
-0.185226,-0.375787,-0.305119,-0.363568,-0.005182,0.43944,0.128304,-0.0903,0.07929,1
-0.183188,-0.34839,-0.10556,-0.427242,0.3582,0.382243,0.020066,-0.17209,0.335775,1
-0.267145,-0.355959,0.139034,-0.33525,0.66206,0.33796,-0.225864,-0.154715,0.143934,1
-0.289898,-0.338754,0.293789,-0.222366,0.833737,0.108581,-0.22448,0.100986,0.067888,1
-0.317185,-0.308364,0.291629,-0.129368,0.96815,-0.203528,-0.058433,-0.051824,0.114827,1
-0.199594,-0.205989,0.304962,-0.119154,0.986628,-0.523665,0.03999,-0.224707,0.069858,1
-0.17246,-0.051474,0.26969,-0.126662,0.950161,-0.799323,0.091699,-0.229057,0.105847,1
-0.067219,0.070491,0.316682,-0.19225,0.955721,-0.909945,-0.184661,-0.144168,0.139065,1
-0.038736,0.068845,0.254621,-0.240612,0.916106,-0.822641,-0.250672,-0.119493,0.177591,1
0.06822,-0.021655,0.154544,-0.154859,0.735524,-0.627163,-0.420254,0.01707,0.151429,1
0.108935,-0.114964,0.10212,-0.006113,0.509886,-0.324235,-0.371917,0.290459,0.103074,1
0.137174,-0.122267,0.060511,0.153915,0.28346,-0.045549,-0.150127,-0.019535,0.165612,1
0.113133,-0.139433,0.095125,0.244853,0.027173,0.252279,0.041381,-0.211858,0.078991,1
0.057355,-0.189626,0.065397,0.350722,-0.179691,0.460627,0.237632,-0.251082,0.098975,1
-0.00845,-0.200253,-0.057871,0.42382,-0.388924,0.54093,0.219475,-0.187574,0.116336,1
-0.10857,-0.180255,-0.09,0.542233,-0.556338,0.510985,0.201607,-0.196961,0.064095,1
-0.178924,-0.144148,-0.021009,0.675949,-0.765679,0.47573,0.213241,-0.111871,0.071013,1
-0.210762,-0.115869,0.053662,0.695967,-0.826152,0.318377,-0.006467,0.012231,0.133982,1
-0.245329,-0.095068,0.07936,0.667966,-0.828001,0.205093,-0.064929,-0.024792,0.154523,1
-0.26938,0.002089,0.163008,0.65288,-0.83149,0.128227,0.115494,-0.146534,0.121221,1
-0.297603,0.108812,0.178163,0.582655,-0.753686,0.031994,0.106161,-0.151478,0.115546,1
-0.316071,0.157732,0.208314,0.554376,-0.653866,0.1186,-0.036544,0.122161,0.114831,1
-0.24842,0.176434,0.275796,0.482305,-0.498932,0.198597,-0.026322,0.066362,0.161139,1
-0.225124,0.182658,0.290122,0.407202,-0.343499,0.213232,-0.091704,0.11344,0.122238,1
-0.152864,0.225328,0.26724,0.317059,-0.191182,0.170835,-0.075853,0.147211,0.101355,1
-0.063005,0.271001,0.264828,0.179976,-0.073404,0.121036,0.003292,0.006935,0.101719,1
0.010023,0.245462,0.227977,0.070431,0.079735,0.013308,0.004953,-0.064932,0.115031,1
0.091305,0.209671,0.176974,-0.068366,0.239835,-0.069004,0.05965,-0.056881,0.067543,1
0.133416,0.156806,0.089311,-0.166959,0.30887,-0.138659,0.127025,-0.045365,0.074095,1
0.17516,0.124614,0.062683,-0.278429,0.389069,-0.165776,0.038508,0.030373,0.151466,1
0.189144,0.06951,0.063279,-0.346858,0.448431,-0.200158,-0.103967,0.060459,0.114388,1
0.19005,-0.01151,0.088604,-0.374251,0.522072,-0.202088,-0.018481,-0.051562,0.097384,1
0.189788,-0.081415,0.062437,-0.396178,0.51747,-0.180865,0.055994,-0.098535,0.129951,1
0.115887,-0.102494,0.08444,-0.392769,0.48251,-0.178741,0.053851,0.016312,0.059856,1
0.09603,-0.132943,0.003447,-0.379819,0.502227,-0.128602,-0.053165,0.36695,0.179617,1
0.032708,-0.184459,0.017619,-0.324113,0.372906,-0.008822,-0.296631,0.282725,0.105064,1
0.022388,-0.155342,0.06847,-0.282419,0.234526,-0.0667,-0.20698,0.450793,0.023282,1
-0.030293,-0.146299,0.025477,-0.162717,0.108229,-0.116244,-0.276682,-0.150507,0.17405,1
-0.023651,-0.191618,0.16027,-0.054279,-0.011667,0.043623,-0.243436,-0.553365,0.208791,1
-0.049795,-0.232523,0.244566,0.08564,-0.040006,0.169263,0.183523,-0.685307,0.066881,1
-0.162398,-0.313373,0.198532,0.262384,-0.120723,0.170447,0.325589,-0.364271,0.052159,1
-0.305513,-0.403594,0.14396,0.472922,-0.199863,0.132946,0.400298,-0.909787,0.072798,1
-0.39353,-0.510515,0.155663,0.698013,-0.294651,0.157866,0.116673,-0.76549,0.075584,1
-0.428906,-0.603233,0.16069,0.946842,-0.340031,0.194154,-0.119178,-0.571036,0.096427,1
-0.433227,-0.70954,0.148102,1.066518,-0.409502,0.205976,-0.143192,-0.593944,0.142169,1
-0.459364,-0.761707,0.044879,1.210712,-0.441555,0.150167,-0.258803,0.058749,0.112623,1
-0.41083,-0.667226,-0.095954,1.323536,-0.531129,0.136115,-0.473798,0.514683,0.479579,1
-0.355637,-0.550614,-0.143751,1.410056,-0.509787,0.275569,-1.060487,0.581279,0.560359,1
-0.276039,-0.435485,-0.132964,1.333061,-0.418677,0.364007,-1.406633,0.616504,0.796353,1
-0.10891,-0.296291,-0.087481,1.131223,-0.345789,0.353317,-1.010185,0.994951,0.740369,1
0.0375,-0.19603,0.074697,0.841467,-0.385349,0.358844,-0.262063,0.302143,0.392262,1
0.279241,0.024239,0.321825,0.485678,-0.283327,0.42736,-0.206168,0.098032,0.708761,1
0.375005,0.185125,0.459629,0.016503,-0.156537,0.468926,0.239029,-0.158682,0.549523,1
0.502738,0.331961,0.369074,-0.419336,0.023591,0.296556,0.414792,-0.41973,0.286295,1
0.448926,0.554639,0.167132,-0.902081,-0.098702,0.07653,1.084872,0.164994,-0.165854,1
0.36905,0.903335,-0.080256,-1.317721,0.0772,-0.330061,1.384666,-0.515142,-1.27215,1
0.289547,1.166395,-0.009084,-1.733738,0.358563,-0.794245,2.124051,-5.1963,-2.047465,1
0.242705,1.188203,0.329203,-1.822279,0.295227,-0.950774,1.128496,-6.055058,-1.002024,1
0.151916,0.811367,0.602618,-2.772546,-0.20173,-1.002923,2.001693,-2.270963,-1.136067,1
0.691003,1.765899,1.876522,-2.868649,0.254688,-0.305605,4.858364,7.478112,0.036311,1
0.243912,1.863003,3.057927,0.216888,-0.857327,1.50349,-2.066298,7.888006,1.418501,1
0.994242,0.633969,1.976579,2.319695,-2.441248,3.595829,-2.737138,-2.806634,2.558167,1
0.107194,1.598997,1.80557,0.45033,-1.238378,1.556363,-2.067209,-1.453576,-1.141556,1
-0.65037,1.439648,1.13198,0.491509,-1.329276,0.086044,-0.164889,3.698816,-0.05861,1
-0.921227,0.843674,0.004355,0.787291,-1.028137,-0.816361,-1.412682,0.561893,-0.169469,1
-0.733011,0.550378,-1.16924,1.062234,-0.89391,-0.866781,-1.158609,-1.4099,1.231527,1
-0.512329,-0.334465,-1.736588,0.529543,-0.407715,-1.360684,-0.515351,-1.09613,0.640118,1
-0.226292,-1.200677,-2.036454,-0.081679,0.383217,-1.130246,-0.320652,0.923483,-0.130271,1
0.25218,-1.031176,-1.069415,0.04597,0.776918,-0.679135,0.336571,1.162156,-0.176172,1
0.229991,-0.989282,-0.406741,-0.430334,1.489167,-0.908838,0.783644,0.022753,0.501421,1
0.370203,-1.242928,-0.694973,-0.622074,1.64127,-0.779054,0.545634,-0.023149,0.170618,1
0.397656,-1.306193,-0.909086,-0.919553,2.025554,-1.149484,0.167484,-0.231068,0.028999,1
0.404449,-1.369399,-1.124485,-1.095856,2.177094,-1.573005,0.017448,-0.140864,0.039856,1
0.565046,-1.34176,-1.228486,-1.028707,1.745063,-1.120462,0.293041,-0.354827,0.179956,1
0.526757,-1.139382,-0.930813,-1.022673,0.983957,-0.29231,0.098638,0.068032,0.06307,1
0.708156,-0.720203,-1.00233,-0.429682,1.147649,-0.081674,-0.082872,0.356123,0.120148,1
0.999142,-0.535471,-0.893153,-0.247806,2.086541,-0.465478,-0.218068,-0.001065,0.163138,1
0.86078,-1.04735,-0.450039,-0.812832,2.132923,-0.359273,-0.109755,-0.194044,0.107049,1
0.418753,-1.584907,0.383957,-1.441381,1.57532,0.218818,0.057111,-0.106343,0.089482,1
0.018709,-1.466466,1.5129,-1.160161,0.816288,1.001123,0.184449,-0.0536,0.102403,1
0.009221,-0.695198,1.905649,-0.468642,0.109122,1.512634,0.204915,-0.188867,0.11139,1
-0.090032,-0.198143,1.725518,0.012649,-0.375071,1.463075,0.040064,-0.127282,0.101859,1
-0.130903,0.231705,1.308656,0.422169,-0.625635,1.106276,-0.02941,-0.021323,0.145001,1
-0.276247,0.715337,0.900649,0.702568,-0.983938,0.683277,-0.108235,0.032178,0.091027,1
-0.551382,1.294267,0.649451,1.030869,-1.416659,0.344631,-0.304972,0.039216,0.170082,1
-0.775815,1.778572,0.412824,1.352332,-1.806849,0.083188,-0.201897,-0.058752,0.206888,1
-0.923988,2.138562,0.191528,1.582528,-2.0493,-0.054402,0.01055,-0.065782,0.125998,1
-1.014909,2.268969,-0.037142,1.594199,-2.188816,-0.104929,0.089213,-0.12407,0.169183,1
-0.991272,2.210115,-0.084882,1.504141,-2.180683,-0.114167,0.035533,-0.004322,0.139114,1
-0.84878,1.951939,0.026425,1.355667,-2.096509,0.048155,0.099534,-0.020895,0.107113,1
-0.633189,1.605378,0.26435,1.229903,-1.953065,0.317733,0.063914,-0.137627,0.124137,1
-0.412661,1.286813,0.526607,1.02951,-1.679667,0.525001,-0.045339,-0.001724,0.137929,1
-0.235324,0.826525,0.682683,0.79695,-1.329081,0.517949,-0.046572,0.047563,0.13681,1
-0.041598,0.396783,0.578398,0.567855,-0.971549,0.519733,-0.049745,0.077572,0.115817,1
0.082158,0.132089,0.422688,0.395903,-0.619843,0.529667,0.110005,-0.011951,0.08448,1
0.232742,-0.053016,0.346731,0.219053,-0.227348,0.46225,0.257607,-0.149995,0.068819,1
0.298055,-0.290433,0.228756,-0.002195,0.138607,0.328641,0.218155,-0.093398,0.065919,1
0.339072,-0.608909,0.037266,-0.270631,0.45105,0.148609,0.107244,-0.104806,0.132398,1
0.342688,-0.922261,-0.172982,-0.502657,0.696671,-0.02519,-0.017468,-0.030546,0.124014,1
0.360321,-1.110672,-0.332136,-0.633755,0.965625,-0.248376,-0.116864,0.12317,0.116791,1
0.407822,-1.254704,-0.454316,-0.754248,1.098574,-0.403595,-0.188538,0.118266,0.134953,1
0.396016,-1.339093,-0.500687,-0.823348,1.211264,-0.522444,-0.138536,-0.085585,0.152383,1
0.32526,-1.432455,-0.430337,-0.898686,1.272759,-0.58764,-0.021673,-0.133191,0.127683,1
0.179416,-1.376757,-0.208112,-0.908102,1.324821,-0.58601,-0.042061,-0.062682,0.100286,1
0.164913,-1.218565,-0.151147,-0.856902,1.344702,-0.498246,-0.092093,-0.010004,0.163548,1
0.070599,-1.071074,-0.100738,-0.784187,1.231561,-0.433028,-0.036775,-0.015094,0.121824,1
0.03032,-0.87488,-0.081355,-0.672684,1.037742,-0.434786,-0.013207,-0.049833,0.145031,1
-0.001213,-0.654502,0.01007,-0.51692,0.892636,-0.326054,-0.06545,0.06789,0.121288,1
-0.047837,-0.438362,0.125033,-0.359515,0.683391,-0.186103,0.020191,0.03939,0.119888,1
-0.116527,-0.161609,0.27155,-0.188353,0.38189,0.036142,0.054097,0.065591,0.106565,1
-0.199394,0.171826,0.310742,-0.06738,0.101873,0.20952,0.058852,-0.102218,0.122312,1
-0.241596,0.416632,0.332668,0.063733,-0.123374,0.376128,-0.055244,-0.037546,0.128574,1
-0.2119,0.562378,0.339656,0.18454,-0.310427,0.510797,-0.108455,0.05595,0.125285,1
-0.211283,0.69234,0.330555,0.341903,-0.522746,0.578048,-0.141104,0.012967,0.18381,1
-0.201435,0.833585,0.311755,0.525966,-0.722406,0.503818,-0.193651,0.112962,0.135783,1
-0.222613,1.023305,0.265864,0.662038,-0.844042,0.376454,-0.132036,0.084788,0.153912,1
-0.22085,1.213342,0.210558,0.739645,-0.860394,0.252652,-0.143694,0.052413,0.19259,1
-0.250929,1.26288,0.21031,0.816434,-0.930473,0.143237,-0.214279,0.092179,0.191423,1
-0.302227,1.24383,0.204741,0.877783,-0.935003,0.16708,-0.234798,0.216929,0.197865,1
-0.295075,1.146931,0.169312,0.868196,-0.806005,0.217724,-0.202023,0.285845,0.154645,1
-0.308691,0.95573,0.140994,0.729731,-0.64442,0.254027,-0.148501,0.189573,0.150287,1
-0.247798,0.735802,0.123425,0.632488,-0.393162,0.34729,-0.192066,0.155106,0.216226,1
-0.241261,0.532999,0.048548,0.53385,-0.1839,0.323648,-0.32905,0.407065,0.233315,1
-0.163612,0.388446,-0.058477,0.401995,0.096687,0.218496,-0.220819,0.587685,0.282598,1
-0.095982,0.293087,-0.085682,0.265863,0.310814,0.20207,-0.025791,0.565719,0.284794,1
-0.087801,0.188046,-0.077744,0.112834,0.516225,0.251129,0.186474,0.546693,0.28342,1
-0.017799,0.063423,-0.151708,-0.162424,0.656379,0.249359,0.311229,0.422186,0.200263,1
0.044458,-0.070128,-0.290639,-0.464416,0.966553,0.328842,0.487532,0.405794,0.318401,1
0.073839,-0.16332,-0.386903,-0.750003,1.356663,0.09048,0.530592,0.42561,0.080701,1
0.131293,-0.205793,-0.407213,-0.903835,1.309181,-0.084773,0.597009,0.217515,0.623337,1
0.230145,-0.160424,-0.038833,-1.038935,1.057994,0.021983,0.61823,0.107727,-0.011499,1
0.266313,-0.243546,0.538545,-1.243322,1.121362,-0.150056,0.449004,0.146211,-0.144035,1
0.352412,-0.441882,0.809908,-1.505525,1.056358,-0.483211,0.286834,0.154447,0.114565,1
0.440774,-0.576057,0.867497,-1.511417,0.849944,-0.765759,0.621828,-0.073536,-0.387705,1
0.392516,-0.45679,1.035804,-0.96861,0.752974,-0.97575,0.93552,-0.173299,-0.184721,1
0.551834,-0.332518,1.088732,-0.922492,0.646757,-1.103648,1.228873,0.533138,-0.574126,1
0.550596,-0.284109,0.963967,-0.626818,0.414955,-1.105661,1.275377,0.476954,-0.298527,1
0.379248,-0.569921,0.696215,-0.184337,0.007976,-0.857999,1.133903,0.166299,-0.20767,1
0.356555,-0.592429,0.47295,0.23622,-0.425567,-0.556283,0.490233,-0.081611,-0.096794,1
0.312286,-0.596711,0.208654,0.454277,-0.88093,-0.088616,0.036806,-0.619876,-0.071887,1
0.286068,-0.512234,-0.040698,0.676454,-1.33459,0.237497,-0.162626,-0.676034,-0.176627,1
0.319721,-0.33912,-0.21657,0.375273,-1.450185,0.390946,-0.15249,-0.533672,-0.120938,1
0.372888,-0.170437,-0.286812,0.274563,-1.579527,0.505108,0.188485,-0.735181,-0.219401,1
0.393025,-0.038788,-0.239566,0.129309,-1.791505,0.533623,0.432658,-1.368944,-0.491623,1
0.504678,0.070339,-0.115383,-0.095369,-1.855388,0.496972,1.523424,-0.65473,-0.332143,1
0.65303,0.19108,0.166755,-0.291828,-1.882885,0.551026,-0.559568,-1.824901,0.840988,1
0.654628,0.32491,0.388826,-0.447045,-1.746522,0.687205,-0.197124,-0.913991,0.572239,1
0.870464,0.600762,0.580781,-0.546194,-1.495557,0.884923,-0.028029,1.525367,1.346321,1
1.080853,0.75223,0.476388,-0.612652,-1.053162,0.769001,0.03602,3.21022,0.626954,1
0.951542,1.002299,0.169703,-0.678812,-0.518604,0.294035,-1.504339,1.086678,-0.067465,1
0.726444,1.159233,-0.127863,-0.543077,-0.108233,-0.047988,-1.425535,0.430702,0.328342,1
0.579652,1.293961,-0.120647,-0.369963,0.31478,-0.116284,-0.753013,1.374571,0.478862,1
0.431753,1.090099,0.070539,-0.218191,0.696681,-0.066085,-0.43299,-0.135782,0.098297,1
0.254723,0.635227,0.185428,-0.065312,0.875453,-0.098046,-0.104432,-1.126786,-0.025683,1
0.13445,0.216916,0.12791,0.131683,1.009042,-0.395845,0.073234,-0.971147,0.191096,1
0.036346,-0.059129,0.175184,0.287346,1.077701,-0.716367,-0.032275,-0.577397,0.234467,1
-0.092151,-0.226131,0.360441,0.338882,1.032713,-0.853717,-0.159772,-0.628072,0.032491,1
-0.570262,-0.816527,0.565249,1.207738,0.442602,-0.57867,-0.119737,-0.29288,0.07444,1
-1.262339,-1.739934,0.825076,2.14306,0.21825,-0.046899,-0.179924,-0.058587,0.111053,1
-0.919476,-1.864028,0.413742,-0.575694,1.288531,-0.927704,-0.539353,0.526372,0.119823,1
-0.918581,-1.770081,-0.143137,-1.142172,1.239569,-0.582285,-0.507531,0.303596,0.081473,1
-1.054126,-1.446981,-0.178451,-0.348187,0.698509,0.11727,0.002732,-0.400777,0.071183,1
-0.936556,-1.292343,-0.18612,-0.050534,0.379133,0.296306,-0.01376,-0.816882,0.303435,1
-0.595553,-1.265387,-0.404031,0.648243,-0.166972,0.378782,-0.164469,-0.528351,-0.019181,1
-0.19007,-1.188058,-0.490039,1.452507,-0.869929,0.542627,-0.142988,-0.487998,0.129004,1
0.209773,-0.809554,-0.246465,1.621287,-1.224473,0.737165,-0.581124,-0.407874,0.167936,1
0.51761,-0.403709,0.068688,0.916255,-1.087143,0.688387,-0.587713,-0.040124,0.161033,1
0.462526,-0.035852,0.232913,0.344847,-1.035087,0.540774,-0.738294,0.009702,0.141259,1
0.433365,0.404018,0.03131,0.307934,-1.058463,0.520506,-0.257333,0.035743,0.179378,1
0.324275,0.841065,-0.188334,0.651089,-1.099204,0.576305,0.043472,-0.078511,0.182626,1
-0.002767,1.128753,-0.259648,0.64073,-0.937165,0.429592,0.146175,-0.066884,0.114116,1
-0.184236,0.930355,-0.389681,0.624122,-0.703391,0.341495,-0.041787,-0.004981,0.158972,1
-0.8092,0.878141,0.006382,0.607199,-0.386916,0.365759,0.011503,-0.219363,0.111025,1
-1.384125,0.984393,0.39521,0.606143,-0.088563,0.272252,-0.033717,-0.240217,0.117074,1
-1.678481,1.147473,0.514302,0.551785,0.205623,0.062422,-0.173813,-0.299578,0.202213,1
-1.951245,0.394506,0.792577,0.512346,0.385036,-0.177057,0.135848,-0.554572,0.131075,1
-1.623102,0.056582,0.848927,0.531119,0.427338,-0.136878,0.124823,-0.717858,0.253036,1
-1.223236,-0.319307,0.771727,0.561627,0.49134,-0.215261,-0.100298,-0.140167,0.089209,1
-0.671696,-0.511643,0.397758,0.346423,0.64202,-0.306358,0.145175,-0.128525,0.073225,1
-0.40265,-0.700684,0.075306,0.176813,0.682586,-0.237629,0.224323,-0.304812,0.123589,1
-0.21277,-0.633593,-0.196404,0.173259,0.730495,-0.186048,0.245924,-0.345203,0.058355,1
-0.104972,-0.274172,-0.273494,0.205015,0.770097,-0.139334,0.150884,-0.372703,0.086251,1
0.070322,-0.118223,-0.313354,0.160132,0.781196,-0.027801,-0.1336,-0.339544,0.078371,1
0.160327,-0.207521,-0.335935,0.259921,0.703483,-0.019055,-0.128302,-0.508636,0.088499,1
0.045736,-0.506324,-0.256243,0.363983,0.522144,-0.063268,-0.287329,-0.557769,0.065956,1
0.005832,-0.812184,-0.203031,0.419711,0.312608,-0.038156,-0.343755,-0.488477,0.068407,1
-0.0806,-0.981057,-0.097571,0.453311,0.145514,-0.045152,-0.342453,-0.608217,0.114202,1
-0.227248,-1.212966,-0.008259,0.501536,-0.024602,-0.004231,-0.303004,-0.429074,0.094757,1
-0.410133,-1.379604,-0.048796,0.627158,-0.181433,-0.175567,-0.44857,-0.525889,0.107853,1
-0.506818,-1.405857,0.339593,0.844578,-0.217041,0.072496,-0.954126,-0.782842,0.09096,1
-0.650157,-1.418159,0.576388,1.044184,-0.383538,0.094337,-0.669969,-0.947851,-0.127658,1
-0.431995,-1.263109,0.679194,1.364627,-0.355784,0.409243,-0.57405,-0.763008,0.100801,1
-0.297331,-1.094226,0.862272,1.534287,-0.534891,0.507523,-0.766039,0.049903,-0.048529,1
-0.10438,-0.918954,0.275749,1.520357,-0.843969,-0.122821,-0.38059,0.698613,0.187204,1
0.063895,-0.728921,-0.502017,1.558653,-1.024082,-0.541621,0.07383,0.769842,0.197058,1
0.191498,-0.446554,-0.7366,1.365621,-1.002237,-0.19995,0.516747,0.390932,0.216908,1
0.331546,0.011802,-0.460013,0.91989,-0.685741,0.238576,0.760458,0.301027,0.26871,1
0.515309,0.396439,-0.317145,0.50907,-0.457497,0.317257,1.0641,0.124342,0.573594,1
0.68983,0.690156,-0.195825,0.241291,-0.270108,0.391263,1.437147,-0.072037,0.426269,1
0.775524,0.970871,0.068169,0.019189,-0.181314,0.623365,1.218307,-0.542814,0.302818,1
0.76493,1.243153,0.399056,-0.215986,-0.045362,0.818127,1.111516,-0.634985,0.534009,1
0.626372,1.464786,0.837343,-0.916023,0.362346,0.928377,0.538949,0.412279,0.572452,1
0.476036,1.577236,0.858381,-1.223469,-0.092984,2.341741,-0.355297,1.326583,0.440175,1
0.304388,1.656232,0.443646,0.495089,-0.387815,2.510339,-0.851774,1.845198,0.65497,1
0.152452,1.806291,0.188866,-3.037344,0.952357,0.201596,-0.816487,0.837837,0.167313,1
-0.000797,1.873343,0.070194,-3.534068,1.420068,-0.538345,-0.110761,-1.264396,-0.367747,1
-0.093379,1.756223,-0.098823,-2.884816,1.463056,-0.707648,0.355041,-1.39515,-0.539305,1
-0.197372,1.721273,-0.110966,-1.795987,1.220503,-0.671295,1.165714,-0.41446,-0.824086,1
-0.226142,1.692329,-0.03746,-0.797751,1.089185,-0.49546,1.279669,0.998249,-0.114797,1
-0.202132,1.642353,0.14356,-0.139382,0.701928,-0.393141,0.280512,0.275093,0.007371,1
-0.208143,1.359625,0.354717,0.097002,0.647019,-0.493473,-0.46946,-0.768449,-0.113426,1
-0.176359,1.138319,0.577211,0.252986,0.564135,-0.448138,0.210998,-0.414545,-0.124707,1
-0.139126,0.88049,0.889312,0.39239,0.276323,-0.231982,0.73728,0.970839,0.492025,1
-0.068895,0.525727,0.917727,0.557271,-0.156173,-0.073463,-0.177626,2.047774,0.595944,1
-0.000925,0.073055,0.710175,0.587081,-0.461574,-0.070374,-0.249195,1.131208,0.085815,1
0.087771,-0.290863,0.501222,0.409662,-0.597795,-0.000129,-0.485785,0.448547,0.627722,1
0.143713,-0.471931,0.356943,0.37048,-0.850309,0.200315,-0.132172,-0.522368,-0.054235,1
0.154463,-0.64757,0.161584,0.383056,-1.003087,0.427706,0.521612,-1.321156,-0.292849,1
0.280924,-0.753981,-0.21886,0.305063,-1.143468,0.447257,0.720914,-1.630315,-0.764182,1
0.399506,-0.629712,-0.412765,0.195538,-1.252034,0.399929,0.180713,-0.721929,-0.286679,1
0.360567,-0.633387,-0.600284,0.084508,-1.260608,0.185375,-0.270757,0.802578,0.19468,1
0.32901,-0.703158,-0.583447,-0.059936,-1.155424,0.051834,-0.292362,1.354765,0.763808,1
0.313534,-0.73105,-0.247301,-0.201409,-0.955913,0.107867,-0.625209,1.169111,0.441154,1
0.302928,-0.772082,0.157962,-0.282296,-0.722484,0.197992,-0.720621,1.363218,0.55291,1
0.225517,-0.827347,0.266929,-0.347446,-0.443019,0.167855,-0.573992,0.641091,0.402443,1
0.165289,-0.822488,0.261446,-0.528256,0.064843,0.207463,-0.477242,-0.048791,0.173849,1
0.080639,-0.592211,0.247391,-0.633344,0.41901,0.197001,-0.109943,-0.454756,-0.014874,1
0.041971,-0.297861,0.297678,-0.540038,0.36079,0.152965,0.000697,-0.444099,-0.066995,1
-0.014998,-0.18157,0.321752,-0.217943,0.285718,0.170552,0.034995,-0.056705,-0.062864,1
-0.102078,-0.111223,0.301215,-0.206133,0.310219,0.107593,-0.003346,0.233063,0.128423,1
-0.090359,-0.032847,0.274613,-0.446837,0.577876,-0.150393,-0.301959,0.281188,0.171776,1
-0.082786,0.013014,0.282395,-0.433577,0.39658,-0.335678,-0.409948,0.123859,0.299132,1
-0.006541,0.029236,0.284473,-0.409636,0.270106,-0.209198,-0.140921,-0.029086,0.209626,1
0.018927,0.148719,0.242181,-0.258817,0.288317,-0.06407,-0.044705,-0.27958,-0.00825,1
0.090598,0.297701,0.151047,-0.208743,0.19967,-0.027483,0.11745,0.000733,0.039347,1
0.065326,0.389373,0.140914,-0.107894,0.156188,0.003382,0.067774,0.074641,0.058831,1
0.060812,0.320563,0.113759,-0.083004,0.069689,0.103292,0.141115,0.171096,0.030993,1
0.044755,0.209355,0.018734,-0.156929,0.084825,0.031076,0.148301,0.401091,0.081901,1
0.024847,0.025895,0.292384,-0.105228,0.113588,-0.006247,0.146484,0.185001,-0.015536,1
0.11146,-0.106803,0.244897,-0.085275,0.054133,-0.021416,0.107933,0.098128,0.122135,1
0.154615,-0.06855,0.11307,-0.057826,0.00523,-0.086977,0.028746,0.066865,0.128331,1
0.117369,0.046642,0.134747,-0.077302,-0.017183,-0.051407,0.017736,0.092687,0.121289,1
0.068659,-0.042524,0.357871,-0.10733,0.083261,0.214301,-0.057509,0.182162,0.139058,1
0.125942,0.01608,0.158834,-0.02775,0.161991,0.203618,-0.022348,0.252449,0.148509,1
0.091689,0.034681,0.250481,-0.090041,0.016303,0.202081,-0.040078,0.149211,0.117771,1
0.011142,0.067753,0.58106,-0.146615,0.038955,0.54358,-0.064246,0.126924,0.027038,1
0.034703,0.010259,0.706418,-0.160534,0.173477,0.802625,-0.038833,0.133868,0.074639,1
0.024526,-0.006896,0.745248,-0.281782,0.411761,0.728026,0.237619,0.011547,-0.051954,1
-0.121051,-0.125888,1.05005,-0.398375,0.183667,1.110625,0.447826,-0.630978,-0.576769,1
-0.012961,-0.192356,1.16909,-0.357554,0.225761,1.379972,0.057706,-0.51234,-0.201838,1
-0.03168,-0.466465,1.382099,-0.133342,0.412827,1.192643,0.213273,0.494015,0.04691,1
0.010444,-0.548809,1.482035,0.228373,0.775224,0.868513,0.071675,1.298263,0.484909,1
0.033651,-0.670537,0.954043,0.156528,0.238792,0.982067,-0.289479,0.961108,1.0574,1
0.16178,-0.155082,0.806631,0.74265,-0.416008,1.264329,0.068102,0.150714,0.425782,1
0.44161,0.289329,0.525784,-1.495372,0.129326,0.238368,-0.419028,0.098886,0.441705,1
0.707263,0.822782,0.382114,-2.618128,0.191505,0.143469,0.155178,0.237197,0.000869,1
0.444459,0.638191,0.349913,-1.521268,-0.439612,0.446613,0.343726,-0.068025,-0.111717,1
0.624062,0.373805,0.811691,-0.632642,0.008832,0.05725,0.382176,-0.231826,-0.117534,1
1.36442,0.079382,1.01204,-0.672581,0.789184,-0.224707,0.335961,-0.506017,0.005976,1
0.979376,0.057945,0.742667,-1.491236,1.012574,0.336663,0.24367,0.123345,0.191769,1
0.322407,0.358761,0.344691,-0.853259,-0.152051,-0.73828,0.031414,0.00068,0.164841,1
-0.247015,0.59931,-0.590049,1.559167,-0.588004,-0.835867,0.128578,0.205516,0.02187,1
-0.28932,1.251397,-1.30099,1.68215,-1.529511,-0.675146,0.029356,0.370977,0.186028,1
-0.602903,1.381167,-0.940147,2.817063,-3.28981,0.145266,-0.041408,0.242753,0.128589,1
-0.450643,1.298836,-1.814964,0.488043,-1.611524,-1.717174,-0.116417,-0.162403,0.033873,1
-0.342674,1.357155,-2.121785,-0.131287,-1.298047,-2.20175,-0.264448,0.001405,0.228683,1
-0.657642,0.925277,-0.75827,2.30553,-1.912158,-1.45294,-0.513049,0.41449,0.087192,1
-0.214758,-0.424566,-0.575355,1.206044,-2.066525,-0.132536,-0.344927,0.180727,0.174631,1
0.844988,1.290969,-0.662787,-0.204699,-1.286629,-0.161589,0.028001,-0.388991,0.126436,1
1.160566,0.83614,-0.524481,0.708552,-0.302456,-1.46018,0.239453,-0.823596,0.18032,1
1.090214,0.739195,0.221214,1.16764,0.094046,-1.905404,0.268555,-0.495982,0.016642,1
0.560601,-0.204919,-0.081484,0.040748,0.868955,-1.274797,0.033736,-0.307938,0.114308,1
-0.489809,-1.460773,0.603536,-1.1167,-0.511209,0.706412,-0.147931,-0.552629,0.170139,1
-0.556961,-1.772354,-0.000826,0.245265,0.696636,1.608464,-0.227082,-0.55578,0.08314,1
-0.856925,-2.76617,0.983003,-1.039732,2.165617,0.824216,-0.00454,-0.210849,0.033885,1
-1.159142,-2.100235,0.77144,-1.296745,2.272176,0.726872,-0.112362,-0.397063,0.234273,1
-1.693165,-2.418863,0.511969,-0.699274,2.184437,0.127206,-0.61294,-0.254164,0.180358,1
-1.833289,-1.949568,-0.78615,-0.033295,1.309643,-0.279752,-0.631219,-0.020212,0.215575,1
-1.34496,0.174808,-1.098718,-0.063714,-0.777838,-0.451692,-0.44626,0.164835,0.206581,1
-1.267398,1.327188,-1.396033,2.122553,-1.021812,-0.759444,-0.392191,0.221559,0.188785,1
-0.98849,1.663414,-1.348859,3.036315,-0.749429,-0.64095,0.05272,-0.119462,0.093679,1
-0.6329,2.027333,-0.594224,1.90203,-1.320596,-0.314588,0.187188,-0.29311,0.186119,1
-0.404746,2.195406,0.402787,1.427589,-0.353558,-0.096738,0.228739,-0.540844,0.102956,1
-0.18487,0.950101,-0.432535,1.476043,0.40299,-1.456012,0.045193,-0.722613,0.141602,1
-0.364808,0.267993,-1.293282,-0.729212,-1.01796,0.645322,-0.400845,-0.566013,0.181336,1
0.145075,-0.135162,-1.702554,0.425769,-0.747635,-0.420883,-0.579929,-0.232647,0.079935,1
-0.575549,-1.259917,-0.428206,0.303786,-0.271751,-0.96102,-0.412804,0.044605,0.030514,1
-1.103445,-1.076985,0.043415,-0.836583,0.048028,-1.306377,-0.566822,-0.117421,0.223758,1
-0.642935,-1.050848,0.767762,0.281491,0.014215,-0.994825,-0.803722,-0.114199,0.174915,1
-0.114544,-0.56772,0.963738,0.193963,-0.649942,-0.812665,-0.482515,-0.204706,0.202698,1
-0.159221,-0.015288,0.786191,1.424263,-0.016119,1.627172,-0.529359,-0.346881,0.120439,1
-0.257148,-0.690322,0.949639,1.733854,-0.224092,0.533977,-0.400135,-0.41563,0.073563,1
-0.251064,-0.540085,1.113368,0.771172,-0.488411,2.899749,-0.170096,-0.255953,-0.068817,1
-0.090581,-0.832305,0.301502,-0.780858,0.103988,1.583691,0.01567,-0.261194,0.097751,1
0.096165,-1.829126,0.15453,-0.801408,0.470367,0.272955,-0.032866,-0.241276,0.162784,1
-0.208402,-1.706062,0.02529,-0.88949,0.653064,-1.127214,0.116676,0.164236,0.058938,1
0.228885,-1.047542,0.522033,-1.021344,0.413105,-0.846052,0.322729,0.251655,0.099116,1
0.79791,-0.270783,0.573835,-1.268756,0.174892,-0.012365,0.355831,0.166837,0.148221,1
0.58318,0.134039,-0.114691,-0.489647,-0.18904,0.580663,0.498528,0.046709,0.081884,1
0.515438,0.077937,-0.421761,0.427034,0.286603,0.647046,0.623099,-0.020088,0.001981,1
0.666092,0.01661,-0.14742,0.695701,0.257089,0.573958,0.620545,-0.141792,0.118593,1
0.734259,0.051055,0.411648,0.276324,0.55462,0.217147,0.504766,-0.21717,0.064723,1
0.38085,-0.093164,0.597014,0.102668,0.502474,0.348322,0.356209,-0.383274,0.034004,1
-0.017847,-0.321798,0.491439,-0.114622,0.154309,0.325842,0.289496,-0.286959,0.184356,1
-0.309741,-0.381995,0.875299,-1.070115,0.658376,-0.177997,0.177906,0.033423,0.173246,1
-0.019188,0.311723,1.306329,-0.377109,0.585579,0.284502,-0.094951,0.479572,0.150293,1
0.417143,0.005309,-0.282377,0.387977,0.446841,0.112186,-0.383422,0.713662,0.477774,1
0.920109,-0.067521,-0.372356,0.365366,0.796786,-0.106076,-0.235989,0.797929,1.593819,1
0.152419,0.236134,0.110638,-1.088759,0.418097,0.646166,-0.311544,1.303803,0.537959,1
0.016826,0.630848,0.354521,-1.202251,0.278746,0.409458,-0.241082,0.36375,-0.311325,1
0.497927,0.586121,0.369304,-0.906245,0.497147,0.031801,0.553401,-0.407098,0.095235,1
0.593525,0.32229,0.135848,-0.144832,0.339072,0.346217,1.064285,-0.80735,-0.032452,1
0.426324,0.190671,0.285385,0.105253,0.109939,-0.082182,1.019905,-1.289527,-0.497696,1
0.101746,-0.123745,0.209029,0.29289,-0.049405,-0.800113,0.679609,-0.907151,-0.253263,1
-0.606328,-0.121637,0.47216,-0.443959,-0.045535,-0.381344,0.404193,-0.393723,-0.083898,1
-0.619733,-0.108809,0.078714,-0.304192,-0.16746,-0.06279,0.123222,-0.244982,-0.042893,1
0.130715,-0.010704,0.130376,-0.046323,-0.001327,-0.033602,-0.233759,0.041939,0.057196,1
0.3391,0.268061,0.379431,0.14517,0.003238,0.203569,-0.464778,0.806424,0.06683,1
0.339894,0.337605,0.451252,-0.498579,0.142118,-0.023789,-0.500338,1.034167,0.308793,1
0.504262,0.267734,0.400682,-0.556072,0.149649,0.233209,-0.4603,1.16487,0.954995,1
0.518836,0.044916,0.30158,-0.367194,-0.177202,0.52765,-0.457217,1.252193,0.885313,1
0.325196,-0.098467,0.35473,0.264809,-0.239749,0.484141,-0.333758,0.83053,0.426631,1
0.311968,0.075713,0.351159,0.223366,-0.350122,0.430253,-0.442931,1.234193,0.761799,1
0.144909,0.208303,0.734979,-0.285884,0.141721,-0.163147,-0.385571,-0.071494,0.274058,1
-0.122739,0.257412,0.383434,-0.262322,0.202992,-0.117835,0.401358,-0.559279,-0.2949,1
-0.465007,-0.087794,-0.421401,-0.233065,0.036129,0.080992,0.838122,-0.689329,-0.586707,1
-0.323698,-0.182929,-0.430585,-0.273339,0.079518,-0.109515,0.349322,-1.555786,-0.950257,1
-0.20721,-0.214884,-0.209346,-0.00924,-0.072752,-0.022339,-0.208444,-2.229914,-0.966182,1
-0.237742,-0.064629,0.117192,-0.038756,-0.361818,-0.060437,0.245955,-1.892206,-0.590174,1
-0.112796,0.05182,0.193117,0.341857,-0.03988,0.285475,1.463439,-0.675615,0.219547,1
0.23174,0.162551,0.29441,-0.178838,-0.011919,0.020045,1.024978,1.023251,0.613708,1
0.349184,-0.054861,0.213562,-0.233484,-0.277932,0.194383,-0.127714,0.83851,0.136342,1
0.002656,-0.049236,0.432685,-0.139249,-0.026457,0.122779,-0.864221,1.33262,0.518982,1
-0.524807,0.094728,0.475764,-0.38756,0.122142,0.252594,-1.002107,1.515269,0.750805,1
0.237904,0.255719,0.200428,-0.617128,0.105544,0.67524,-1.163835,1.751727,0.954524,1
0.425597,0.139691,-0.006666,-0.477592,0.216583,0.372742,-0.897275,1.084077,0.505404,1
0.203222,0.194983,0.162495,0.065264,0.39983,0.186007,-0.942974,0.586244,0.360746,1
0.13923,0.122744,-0.087243,-0.258371,0.200975,-0.052073,-0.822799,0.291259,0.338897,1
0.182883,0.202477,-0.009134,-0.683151,0.148732,-0.090148,-0.46491,-0.218155,0.08216,1
-0.094614,0.009546,0.087249,-0.554485,-0.141621,-0.241845,-0.355392,-0.585788,0.14275,1
-0.225419,0.033098,0.41959,-0.170336,-0.367348,-0.143633,0.008364,-0.605109,-0.146306,1
-0.153635,0.073365,0.721918,-0.102462,-0.356243,-0.243845,0.295215,-0.617973,-0.138842,1
0.271803,0.1104,0.384199,-0.294518,-0.335511,-0.212673,0.24813,-0.896016,-0.568417,1
0.088633,0.14328,0.152605,-0.685071,-0.302394,-0.118649,0.58602,-0.715958,-0.831583,1
0.122856,0.327647,0.196249,-0.633842,-0.296609,-0.349637,0.725041,-0.276083,-0.260267,1
0.118734,0.297724,-0.063598,-0.485951,-0.152708,-0.301263,-2.602902,-2.798253,1.242593,1
0.017468,-0.055518,0.234914,-0.363864,-0.327646,0.785609,2.582654,-0.543074,-1.905312,1
0.161455,-0.26216,0.429525,-0.538345,-0.470976,0.881145,3.776194,3.882787,1.710628,1
0.213693,-0.333122,0.638572,-0.591047,-0.313351,0.392223,1.50695,-0.057273,-0.037909,1
-0.157567,-0.361039,0.655594,0.016442,-0.343368,0.114631,0.866639,-0.726004,-0.007124,1
-0.041179,-0.283194,-0.094098,0.086577,-0.238483,-0.249535,1.86606,-0.805396,-0.298779,1
-0.017451,-0.160773,-0.415288,-0.111828,0.091796,-0.540195,0.484845,0.030138,0.63059,1
0.285768,0.035903,-0.362092,0.357858,0.222273,-0.129691,-0.727409,-0.005354,0.206278,1
0.749917,0.286241,-0.28767,0.955805,0.123269,0.227724,0.032441,0.845464,-0.291379,1
0.765798,0.357289,-0.028781,0.792423,0.046763,0.245049,0.48333,0.122105,0.47548,1
0.403729,0.206195,0.298374,0.124204,0.162779,-0.256519,-0.080064,-0.390367,0.04537,1
-0.010515,0.007253,0.327864,-0.620264,0.471898,-0.470172,-0.615649,0.458076,0.115784,1
-0.150254,-0.263484,0.087363,-0.366289,0.430478,-0.250686,-0.525818,0.997071,0.331904,1
-0.074015,-0.354793,0.120785,0.07232,0.04652,0.26789,-0.728421,0.531427,0.368504,1
-0.085547,-0.380882,0.101936,0.226917,0.087332,0.148268,-1.392829,0.863846,0.174903,1
-0.054465,-0.384111,0.255313,0.035464,0.329875,-0.321992,-1.29535,0.839269,0.235574,1
-0.3635,-0.36707,0.246224,-0.072062,0.33037,-0.410214,-0.397718,-0.16678,0.132236,1
-0.296916,-0.194638,-0.064577,0.805619,-0.033291,0.81565,0.373665,-0.603595,0.154342,1
-0.106338,-0.022586,-0.111221,0.789058,-0.089512,0.421937,0.412174,-0.636904,0.09088,1
-0.186674,0.010332,-0.102609,0.413221,0.118153,-0.170606,0.217175,-0.458458,0.058026,1
-0.077578,0.093263,0.235883,0.372299,0.010451,-0.138876,0.093095,-0.145411,0.090794,1
0.267693,0.355074,0.563911,0.25676,0.121451,-0.084941,0.150655,-0.089679,0.168442,1
0.030411,0.095647,0.523344,0.336004,0.162109,0.044639,-0.080342,0.008549,0.160022,1
-0.463484,-0.354227,0.122239,0.363166,0.140542,0.166006,-0.335461,0.068859,0.068578,1
-0.408735,-0.597201,-0.250718,0.238918,0.047361,0.135334,-0.067272,-0.289858,0.108928,1
-0.096029,-0.348421,-0.038366,0.375859,-0.038597,0.122954,0.278259,-0.469636,0.066471,1
0.05984,-0.251067,0.126517,0.420803,-0.090947,-0.115795,0.080935,-0.684786,0.142398,1
-0.090434,-0.438243,0.17904,0.466373,-0.145735,-0.250781,-0.13818,-0.381927,0.036862,1
-0.186837,-0.574441,0.29788,0.560947,-0.303493,-0.056158,-0.215303,-0.227278,0.15082,1
-0.250495,-0.646777,0.428151,0.636524,-0.360704,0.043071,-0.180871,0.096799,0.007073,1
-0.276964,-0.588375,0.273659,0.613577,-0.31191,-0.027342,-0.217704,-0.038348,0.18243,1
-0.218576,-0.50312,0.059224,0.525116,-0.323658,0.033442,-0.305689,-0.135567,0.229994,1
-0.275733,-0.266135,-0.137684,0.461578,-0.414644,0.202435,-0.065179,-0.388352,0.099152,1
-0.577267,-0.159435,-0.164405,0.266294,-0.400516,0.42957,0.028282,-0.372917,0.160364,1
-0.62658,-0.098174,-0.064904,0.169225,-0.33002,0.60381,-0.462941,-0.110952,0.151426,1
-0.39396,-0.137203,-0.034005,0.130271,-0.157652,0.665617,-0.466906,-0.228108,0.151945,1
-0.326271,-0.085244,0.055662,0.16095,0.144608,0.261332,-0.332684,-0.055534,0.106548,1
-0.34244,-0.171381,0.058016,0.300177,0.116318,-0.084324,-0.225438,-0.380712,0.156271,1
-0.630075,-0.418716,0.14884,0.499906,-0.134878,-0.100269,-0.429532,-0.437635,0.099623,1
-0.536937,-0.514792,0.435292,0.695778,-0.405751,0.104977,-0.534253,-0.467404,0.171922,1
-0.388341,-0.395516,0.557914,0.749778,-0.453156,0.254984,-0.352901,-0.495594,0.112362,1
-0.271927,-0.568826,0.455546,0.945094,-0.394057,0.12768,0.080237,-0.550378,0.143975,1
-0.248075,-0.595498,0.19448,0.839196,-0.336752,-0.062135,0.217321,0.065226,0.04642,1
-0.30398,-0.418609,-0.108956,0.495645,-0.292361,-0.286628,0.071054,-0.094612,0.14889,1
-0.225045,-0.198624,-0.126188,0.375952,-0.200146,-0.102631,-0.080956,-0.169226,0.031374,1
-0.164327,0.032321,0.133668,0.193193,-0.020449,0.15878,-0.073655,-0.141433,0.126143,1
-0.106004,0.220032,0.299288,-0.080711,0.145369,0.23657,-0.165541,0.077105,0.083269,1
-0.111043,0.273789,0.139544,-0.225643,0.264515,0.139795,-0.198779,0.180049,0.17381,1
-0.136004,0.265392,0.069481,-0.354717,0.336499,0.01859,-0.125732,0.391516,0.019218,1
-0.103222,0.343555,0.068304,-0.293,0.372369,-0.021157,0.112119,0.280828,0.097921,1
-0.111459,0.450896,0.06878,-0.14715,0.455183,-0.017185,0.075491,0.187363,0.105384,1
-0.078454,0.436044,0.026483,-0.089949,0.43427,-0.001487,0.018508,0.029116,0.069858,1
-0.050463,0.399229,0.040537,-0.127488,0.342235,0.015677,0.025933,0.1756,0.117005,1
-0.051482,0.392139,0.174254,-0.104908,0.295029,-0.022088,0.070684,0.064453,0.149501,1
-0.047324,0.314833,0.161749,-0.025896,0.226506,-0.004579,0.046886,0.160495,0.189983,1
-0.074313,0.189645,0.11113,-0.002302,0.233003,-0.00307,0.032549,0.499661,0.820159,1
-0.07565,0.106054,0.074991,0.08068,0.22337,-0.011945,-0.220565,0.355663,1.031541,1
-0.042216,0.006808,0.056658,0.115966,0.209787,-0.057335,-1.025498,0.484285,0.043171,1
-0.012492,0.012015,0.04318,0.143715,0.138696,-0.006102,-0.739882,0.83173,0.381639,1
0.025205,0.046647,0.011285,0.090202,0.072344,-0.004341,-0.028441,-0.03316,-0.893161,1
0.049621,0.174931,0.052155,0.080478,0.068405,-0.067192,1.57961,-0.957686,0.07016,1
0.050792,0.257675,0.145075,-0.028773,0.136105,-0.11101,1.369813,-1.583943,-0.109062,1
0.048805,0.272986,0.361975,-0.098107,0.275745,-0.134451,0.871305,-1.274598,0.046169,1
0.085959,0.237963,0.501546,0.343766,0.076716,0.077354,0.276967,-0.263567,0.212994,1
0.06536,0.179863,0.396516,0.283125,-0.16168,0.117862,0.059304,0.25029,0.253429,1
0.050528,0.014196,0.187071,-0.046247,-0.267653,0.141022,0.049025,0.585969,0.288693,1
0.195218,0.014484,0.13789,-0.376567,-0.336096,0.228356,-0.061653,0.432048,0.220467,1
0.292259,0.028572,0.190863,-0.624954,-0.222666,0.336377,-0.113926,0.32545,0.220913,1
0.412762,0.02574,0.302566,-0.770699,-0.113954,0.309591,-0.138619,0.234927,0.298703,1
0.455526,0.063031,0.298578,-0.736796,-0.186802,0.255953,-0.146168,0.080228,0.156474,1
0.408467,0.113954,0.23774,-0.582314,-0.242817,0.066646,-0.064039,-0.008299,0.05619,1
0.359248,0.131274,0.109547,-0.543797,-0.285372,-0.174721,0.034088,0.241572,0.035831,1
0.318318,0.041533,0.028036,-0.414686,-0.370438,-0.100625,0.151598,0.438918,0.037578,1
0.279536,-0.066103,0.140434,-0.403612,-0.23506,0.014581,0.181984,0.27267,-0.003383,1
0.241647,-0.184887,0.17602,-0.423444,0.006398,-0.071983,-0.029565,0.348202,0.145447,1
0.206133,-0.300293,0.151527,-0.335657,0.014427,0.000521,-0.146674,0.335149,0.129197,1
0.187653,-0.198087,0.176225,-0.352252,-0.060684,0.078878,-0.150344,-0.004244,0.076819,1
0.174124,0.035883,0.236416,-0.405523,-0.153519,0.046875,-0.143245,-0.009807,-0.008616,1
0.161487,0.208772,0.189779,-0.477508,-0.172361,-0.057736,-0.15538,0.034137,-0.032757,1
0.096485,0.31463,0.121367,-0.564236,-0.111322,-0.097217,-0.214918,0.53955,0.099955,1
0.046071,0.364717,0.179788,-0.529851,-0.06243,-0.02946,-0.13735,0.544,0.073306,1
0.061427,0.408869,0.295998,-0.501943,0.023021,0.051538,0.08069,0.387427,0.147087,1
0.3368,0.216818,0.243266,-0.553014,0.105582,0.07785,0.16708,0.027933,0.029959,1
0.407335,0.096856,0.309406,-0.563724,0.07973,0.014887,0.316392,-0.126634,0.095749,1
0.325661,0.143337,0.234474,-0.590455,-0.082281,0.00423,0.274374,-0.443649,-0.000516,1
0.223232,0.238295,0.259599,-0.492098,-0.156013,0.152363,0.102743,-1.181357,-0.118725,1
0.21346,0.32679,0.464836,-0.444553,-0.241897,0.535853,1.151323,-0.859844,-0.326927,1
0.125301,0.443943,0.376259,-0.456402,-0.046911,0.221972,0.603115,0.897778,0.307014,1
0.047044,0.422158,-0.015635,-0.592792,0.132472,-0.248574,0.571372,1.47931,0.354823,1
0.008252,0.389577,-0.110717,-0.448455,0.225457,-0.232013,0.047013,1.164278,0.196951,1
0.099611,0.354027,0.124748,-0.27261,0.142664,0.10943,-0.351985,0.438418,0.194768,1
0.271963,0.215639,0.257408,-0.325828,0.156364,0.231928,-0.476302,0.14308,0.407496,1
0.331704,0.065887,0.234159,-0.29119,0.150899,0.11111,-0.47174,0.319356,0.307832,1
0.222616,-0.021569,0.060432,-0.084752,0.048588,0.000283,-0.449056,0.355856,0.168775,1
0.005827,-0.083549,-0.051919,0.118201,-0.041523,-0.05665,-0.378847,0.15442,0.235213,1
-0.132338,-0.088236,0.043829,0.205614,-0.038531,-0.000147,-0.03544,0.150184,0.35442,1
-0.177557,-0.00332,0.092166,0.205806,0.057459,-0.006222,0.553585,0.052248,-0.104674,1
-0.237644,0.060876,0.022707,0.170467,0.177171,-0.032006,0.9156,-0.886066,0.048746,1
-0.28268,0.135095,-0.000149,0.166,0.182278,0.056503,0.226706,-0.087951,0.121316,1
-0.399262,0.09137,0.194,0.148265,0.162883,0.160361,-0.501592,-0.069881,0.11616,1
-0.284751,-0.090789,0.295315,0.23389,0.196203,0.136382,-0.684753,-0.357569,0.219954,1
-0.132262,-0.315587,0.295354,0.353137,0.090349,0.014632,-0.671318,-0.096338,0.079516,1
-0.163698,-0.477792,0.293217,0.439494,0.028452,-0.093505,-0.497559,-0.335172,0.123222,1
-0.380013,-0.644067,0.144885,0.62877,-0.054576,-0.051349,-0.082396,-0.431787,0.121635,1
-0.532476,-0.588058,0.081073,0.73709,-0.037262,-0.080152,0.14992,-0.548344,0.079914,1
-0.586098,-0.295247,0.234541,0.85449,-0.050949,-0.252168,0.114541,-0.557544,0.11632,1
-0.505041,-0.306033,0.162627,0.879947,-0.153117,-0.237089,0.108437,-0.439838,0.059779,1
-0.397508,-0.470956,0.05045,0.883505,-0.199334,-0.094505,0.023279,-0.273011,0.137679,1
-0.283543,-0.477912,0.08042,0.783405,-0.17832,0.098442,-0.241993,-0.244255,0.133862,1
-0.144098,-0.466752,0.075195,0.545366,-0.074603,0.088693,-0.160759,-0.026861,0.096699,1
-0.174131,-0.47474,0.070373,0.330236,-0.002289,0.048684,-0.160384,-0.177685,0.12243,1
-0.24515,-0.403292,0.107059,0.175139,-0.046731,0.114235,-0.237427,-0.354493,0.128059,1
-0.249747,-0.363707,0.085087,0.069164,-0.184021,0.12432,-0.112106,-0.29998,0.146902,1
-0.258076,-0.318136,0.005342,0.134337,-0.372867,0.179919,-0.17332,-0.360409,0.18889,1
-0.314103,-0.268127,-0.044019,0.315302,-0.395424,0.099668,-0.075083,-0.01135,0.101289,1
-0.360786,-0.207651,0.142455,0.393768,-0.351144,0.140912,-0.116816,-0.283461,0.156187,1
-0.415884,-0.189688,0.200204,0.47032,-0.376773,0.252359,-0.10484,-0.195792,0.069874,1
-0.353905,-0.247059,0.100616,0.420333,-0.308522,0.218084,-0.153825,-0.073514,0.104007,1
-0.273878,-0.299521,0.070552,0.35903,-0.152429,0.030401,-0.291492,-0.267327,0.093256,1
-0.280305,-0.362154,0.124639,0.313824,-0.118877,0.016081,-0.114157,-0.212439,0.134211,1
-0.354094,-0.424443,0.083766,0.185935,-0.097029,-0.101121,-0.19406,-0.247636,0.101675,1
-0.282427,-0.312249,0.012163,0.356185,-0.259681,0.125849,-0.12901,-0.203443,0.06293,1
-0.282627,-0.294101,0.034575,0.328951,-0.289067,0.004507,-0.21847,-0.195012,0.146423,1
-0.197906,-0.357416,0.190624,0.341802,-0.361726,0.073426,-0.555748,-0.147425,0.193003,1
-0.227873,-0.438092,0.371767,0.442546,-0.336788,0.310225,-0.497317,-0.068209,0.119722,1
-0.137883,-0.454166,0.324146,0.304695,-0.21993,0.000971,-0.314199,-0.14506,0.143055,1
-0.377515,-0.448291,0.183375,0.403435,-0.233069,-0.034492,-0.190321,-0.089213,0.041784,1
-0.409751,-0.432161,0.083798,0.390462,-0.324827,-0.052035,0.052814,-0.455762,0.045088,1
-0.284193,-0.346704,0.165663,0.4621,-0.282894,-0.094481,0.195772,-0.5676,0.079131,1
-0.26297,-0.360402,0.232327,0.552651,-0.164951,-0.053921,0.118787,-0.543164,0.076844,1
-0.222893,-0.398789,0.175612,0.559557,-0.036512,-0.058244,-0.044303,-0.28989,0.124315,1
-0.143854,-0.321668,0.07303,0.474566,0.085556,-0.151752,-0.199895,0.093979,0.146485,1
-0.086685,-0.218807,-0.017882,0.300395,0.142567,-0.154949,-0.320903,0.469468,0.197302,1
-0.044122,-0.042975,0.079309,0.036627,0.021267,0.148503,-0.373851,0.51703,0.170074,1
0.020633,0.174419,0.217979,-0.252428,0.167789,0.205931,-0.35187,0.594354,0.285458,1
0.19468,0.191208,0.163088,-0.278337,0.269784,0.180393,-0.283063,0.530304,0.247231,1
0.262472,0.118799,0.076722,-0.316431,0.312179,0.095787,-0.08233,0.214036,0.290118,1
0.215977,0.089824,0.063437,-0.185646,0.168274,0.18426,0.254744,0.17709,0.260748,1
0.142342,0.157322,0.11926,-0.187483,0.047411,0.230341,0.499436,-0.050752,0.294086,1
0.076696,0.281291,0.20832,-0.284977,0.056096,0.188118,0.901046,-0.306858,0.427627,1
0.082549,0.419909,0.271819,-0.334596,0.226463,0.165121,0.89213,-0.376848,0.195501,1
0.124739,0.535896,0.301101,-0.407521,0.313985,0.147389,0.75613,-0.393078,-0.072745,1
0.189702,0.496551,0.176217,-0.461203,0.298125,0.001961,0.353786,0.047377,0.000123,1
0.273854,0.405705,0.033263,-0.502657,0.165608,-0.062779,-0.046638,0.403817,0.018517,1
0.358161,0.331884,-0.006305,-0.397411,0.08923,-0.047624,-0.069373,0.280651,0.065223,1
0.419681,0.27219,0.045595,-0.355527,0.07444,-0.033399,-0.007357,0.30033,0.050882,1
0.395652,0.238621,0.1277,-0.361217,0.125833,-0.03883,0.176824,0.139888,0.17053,1
0.302823,0.201014,0.232112,-0.253911,0.158802,-0.037341,0.163497,0.041926,-0.054345,1
0.150542,0.196294,0.220942,-0.24967,0.115959,-0.093409,0.279022,-0.008726,-0.053549,1
0.086171,0.187982,0.154654,-0.254529,0.090367,-0.145426,0.229812,0.075986,0.012481,1
0.043146,0.267719,0.208158,-0.242138,0.052328,-0.143156,0.201092,0.030035,-0.010458,1
0.022428,0.350983,0.216721,-0.285932,0.051193,-0.13512,0.058653,0.057775,0.079032,1
0.012291,0.411811,0.192829,-0.309706,0.090821,-0.072262,-0.057842,0.214663,0.08495,1
0.078148,0.443576,0.195388,-0.332855,0.289457,-0.091944,-0.046596,-0.044625,-0.002474,1
0.095167,0.434066,0.206823,-0.140931,0.266023,0.066024,0.152329,0.0957,0.158525,1
0.070913,0.463193,0.308029,-0.633801,0.143601,0.020792,0.127386,-0.058566,0.10585,1
0.148406,0.525218,0.363474,-0.54428,-0.030673,0.006746,0.157326,-0.068114,-0.00612,1
0.214996,0.397861,0.167356,-0.311993,-0.036809,-0.008411,0.215383,0.205983,0.016619,1
0.176805,0.40971,0.127542,-0.457431,-0.015426,-0.020666,0.031538,0.660051,0.077207,1
0.106984,0.486052,0.142074,-0.564174,0.132654,-0.086476,-0.101122,0.826881,0.145972,1
0.171982,0.509845,0.135169,-0.612571,0.226973,-0.016819,-0.210168,0.567633,0.181593,1
0.234466,0.557521,0.215,-0.712393,0.218496,0.093561,-0.12337,0.67241,0.188807,1
0.295704,0.58535,0.303122,-0.678683,0.135223,0.253604,0.167389,0.527158,0.343586,1
0.287575,0.580572,0.285074,-0.693569,0.014172,0.275995,0.268505,0.145425,0.164498,1
0.194534,0.564747,0.202773,-0.71761,-0.043951,0.110266,0.158299,0.031946,0.026881,1
0.110636,0.436668,0.065974,-0.556564,-0.091869,-0.049451,0.313916,0.145611,0.148125,1
0.076397,0.350383,0.14379,-0.399247,-0.151636,0.082909,0.294056,0.376607,0.085515,1
0.055032,0.25452,0.211201,-0.240553,-0.202296,0.062758,-0.068185,0.471542,0.152838,1
0.110353,0.118441,0.164202,-0.290405,-0.100053,-0.050148,-0.518879,0.484505,0.308137,1
0.106558,-0.028649,0.21525,-0.166213,-0.066246,0.054411,-0.583939,0.705155,0.368608,1
0.090432,-0.161793,0.241235,0.03689,0.008319,0.159117,-0.304232,0.539544,0.155999,1
0.03605,-0.247591,0.094484,0.018446,0.016288,0.06286,-0.087389,0.251967,0.083998,1
0.002489,-0.236688,0.075694,0.075455,-0.004104,-0.042704,-0.057174,-0.452258,0.085055,1
-0.155863,-0.246124,0.129173,0.226933,-0.072869,-0.053127,0.270358,-0.569053,0.091093,1
-0.323867,-0.266713,0.215717,0.321111,-0.166495,0.043586,0.417858,-0.777165,0.021093,1
-0.436276,-0.268261,0.245375,0.477072,-0.200543,0.08412,0.010154,-0.53617,0.107888,1
-0.467223,-0.314379,0.230203,0.55826,-0.183369,0.089664,-0.42483,0.065013,0.127808,1
-0.456102,-0.328561,0.228059,0.541722,-0.137318,0.025605,-0.596022,0.05986,0.149828,1
-0.351105,-0.306437,0.207685,0.557866,-0.129004,0.108562,-0.383391,0.041163,0.159191,1
-0.226856,-0.310677,0.130846,0.491711,0.0087,0.061259,-0.179191,-0.383809,0.097802,1
-0.196156,-0.319929,0.112399,0.382831,0.029092,0.058666,-0.230045,-0.410909,0.126738,1
-0.418864,-0.390418,0.045088,0.365773,-0.095095,-0.0018,-0.128469,-0.307332,0.050508,1
-0.338111,-0.254936,0.164598,0.250629,-0.14218,-0.082776,-0.045306,-0.419189,0.101196,1
-0.281801,-0.246511,0.183991,0.351113,-0.174185,-0.027791,-0.258675,-0.13203,0.143131,1
-0.355848,-0.260143,0.046899,0.472992,-0.21354,0.058545,-0.164699,-0.08007,0.120927,1
-0.471483,-0.288014,0.03562,0.456416,-0.253914,0.111282,-0.072942,-0.155333,0.04818,1
-0.079913,-0.247241,-0.05208,0.484804,-0.158793,-0.041511,-0.140551,-0.290142,0.183096,1
-0.020268,-0.245644,0.078735,0.368797,-0.091376,-0.058246,-0.021091,-0.204277,0.03942,1
-0.18968,-0.368079,-0.007766,0.301169,-0.215151,0.111191,0.019755,-0.345632,0.152001,1
-0.229263,-0.476319,-0.087337,0.226801,-0.239254,0.115003,-0.072441,-0.163051,0.089399,1
-0.210467,-0.37084,0.087831,0.207516,-0.174241,0.013024,-0.030399,-0.251957,0.10485,1
-0.174709,-0.3594,0.12311,0.245724,-0.204032,0.03735,-0.133899,-0.127235,0.148623,1
-0.226216,-0.415207,0.211415,0.357907,-0.145136,0.077864,-0.192714,-0.084015,0.100179,1
-0.209047,-0.453102,0.214355,0.384812,-0.166677,0.116654,-0.229203,-0.176694,0.155842,1
-0.179263,-0.461529,0.231478,0.36536,-0.191705,0.092006,-0.227007,-0.178941,0.105134,1
-0.285794,-0.513725,0.062248,0.338586,-0.236977,0.021491,-0.067639,-0.170492,0.071643,1
-0.204829,-0.536233,-0.022823,0.314626,-0.300146,0.061053,-0.101402,-0.301575,0.154598,1
-0.250061,-0.381982,0.089381,0.410155,-0.319213,0.130275,-0.128515,-0.204556,0.078007,1
-0.213447,-0.279516,0.17065,0.392395,-0.27325,0.121628,-0.025323,-0.291259,0.111328,1
-0.169268,-0.298286,0.08017,0.351411,-0.185641,0.021684,-0.044376,-0.185769,0.086545,1
-0.1744,-0.381974,0.067368,0.31146,-0.172066,0.073693,-0.225477,-0.209547,0.167257,1
-0.159259,-0.394933,0.060015,0.269429,-0.228109,0.059417,-0.096448,-0.102559,0.015384,1
-0.14441,-0.486792,-0.022903,0.284993,-0.165061,-0.02782,0.09723,-0.107563,0.135042,1
-0.148179,-0.447787,0.001359,0.34194,-0.118906,-0.052128,-0.099169,-0.274962,0.106076,1
-0.234783,-0.409078,0.032495,0.463293,-0.162778,0.070645,-0.060581,-0.444513,0.096343,1
-0.174908,-0.383992,-0.051565,0.434963,-0.301337,0.262611,-0.033563,-0.294068,0.078084,1
-0.450106,-0.283068,0.132701,0.256748,-0.25419,0.166994,-0.334268,-0.260607,0.103559,1
-0.521296,-0.144488,0.317182,0.279688,-0.146785,0.201771,-0.3839,-0.165193,0.134223,1
-0.341623,-0.174681,0.532195,0.469496,-0.065096,0.134546,-0.341624,-0.001503,0.15016,1
-0.292814,-0.270675,0.560594,0.516664,0.078403,-0.147075,-0.408872,0.12642,0.14465,1
-0.699357,-0.414957,0.349423,0.3704,0.011294,-0.181597,-0.428448,0.181419,0.103203,1
-0.345669,-0.339912,0.234987,0.283388,-0.19533,0.114501,-0.378776,0.165628,0.217945,1
-0.008295,-0.231984,0.191363,0.11612,-0.229032,0.224843,-0.327534,0.29192,0.200735,1
-0.060754,0.028525,0.168245,0.01138,-0.189434,0.311907,-0.179412,0.276239,0.214996,1
0.216937,0.103396,-0.055281,-0.303454,-0.030262,0.213223,-0.120026,0.307748,0.21994,1
0.620103,0.074954,0.3543,-0.380162,0.272466,0.205283,-0.026737,0.305619,0.288539,1
-0.008591,-0.590114,1.334174,-0.604581,0.927901,0.224016,0.208661,0.113775,0.203698,1
0.13715,-1.018444,1.329791,-0.585257,1.087196,0.49901,0.267768,-0.00292,0.381599,1
0.391227,-0.95217,1.301929,-0.297096,0.933196,1.033499,0.401528,0.250281,0.443565,1
0.38774,-0.893649,0.910284,-0.482828,1.005953,0.900339,0.323392,0.217162,0.225307,1
0.466159,-0.649486,0.081533,-0.020699,0.469195,1.534371,0.199042,0.040442,0.150777,1
0.175548,-0.238877,0.016415,0.757175,0.336336,2.21401,0.117991,0.129588,0.052741,1
-0.078495,0.138458,0.39714,0.146529,1.59151,0.814504,0.029002,0.047809,-0.005685,1
0.604812,0.580474,0.185936,-0.168376,0.863621,0.3461,0.114384,-0.335065,-0.014819,1
0.662237,0.820095,-0.036792,-0.744431,0.11065,0.168892,0.213935,-0.311922,0.06835,1
-0.046087,0.623345,0.432877,-0.840007,0.096549,-0.325541,0.097892,-0.151864,0.069668,1
-0.299662,0.522389,0.652326,-1.158022,-0.178395,-0.247015,0.103539,-0.051155,0.086385,1
-0.125228,0.477876,0.146745,-1.29368,-0.506729,0.26606,0.133169,0.224522,0.113585,1
-0.248883,0.223906,0.102161,-2.207685,-0.174642,-0.407866,0.224924,0.289776,0.132512,1
-0.907124,-0.548135,-0.531875,-1.389946,-0.223015,-0.165423,0.362821,0.267821,0.181194,1
-0.52779,-0.284693,-0.261697,-1.318499,-0.379621,0.381751,0.477267,0.275419,0.205897,1
-0.713664,0.002066,0.2889,-2.494714,-0.005291,-0.18272,0.412372,0.142352,-0.031664,1
-1.062147,-0.30339,-0.27499,-2.308663,-0.048851,-0.305634,0.288703,-0.138322,0.023007,1
-0.841959,-0.146622,-0.358562,-1.100501,-0.612418,0.577522,0.218124,-0.054619,0.0492,1
-0.322569,0.166258,-0.176201,0.405427,-0.053086,0.212399,0.427528,0.33585,0.016421,1
-0.103229,0.535166,-0.430846,0.269873,0.22401,-1.253846,0.441942,0.484619,0.146299,1
-0.010906,1.461782,-0.562628,0.291333,0.120093,-1.932199,0.249622,0.249343,0.172068,1
0.276701,2.152706,-1.16143,0.505645,-1.18086,-4.030509,-0.120748,-0.032452,0.132092,1
0.595457,2.04262,-2.56713,1.688734,-2.212363,-2.95161,-0.255314,-0.436858,-0.213331,1
0.507116,2.846919,-2.864889,1.899344,-1.585011,-2.432147,-0.029456,-0.274967,-0.308743,1
1.312702,2.70347,-0.788205,1.524129,-1.586936,-3.286936,0.592439,0.01686,-0.145643,1
1.736591,3.449204,0.643908,1.10212,-2.672823,-1.743562,0.343319,-0.390651,-0.142738,1
0.848331,4.293405,-0.460619,0.803199,-2.009556,-0.282864,0.479243,-1.214489,-0.409355,1
1.34337,4.435165,-1.326514,0.430064,-0.478636,-1.071433,0.841906,0.090451,0.059825,1
1.165775,3.533181,-1.326164,0.823975,0.087099,-1.408143,1.078267,0.59014,0.053963,1
0.902212,1.428383,-0.141011,1.381366,0.849999,-1.52776,0.894044,0.041081,0.075362,1
1.686352,1.115487,0.180653,1.511106,1.143834,-0.774611,0.619836,-0.099886,-0.018919,1
1.88113,0.343694,1.266918,0.935928,1.323541,1.356868,0.495182,0.273231,0.142118,1
1.253886,-0.635945,2.406961,0.363244,1.947097,3.329693,0.129912,0.170612,0.34414,1
1.130327,-1.679059,3.513513,-0.646409,2.839474,4.316859,-0.472682,-0.042136,0.571962,1
0.510934,-3.697932,4.180771,-2.357272,3.967449,3.688908,-0.792497,-0.066875,0.46432,1
-1.05504,-5.371103,2.474072,-4.572911,4.921951,1.948011,-0.469151,0.493648,0.598861,1
-1.662669,-5.965499,-0.209004,-4.827748,4.354837,0.176423,-0.801454,1.258394,0.294463,1
-1.097618,-4.946299,-1.975995,-3.714839,2.889974,-0.284428,-0.908368,1.135838,0.187664,1
-0.003908,-3.462829,-2.108346,-2.054287,1.702382,-0.494134,-0.427732,0.831092,0.316555,1
0.417443,-1.762569,-1.177612,-0.678164,0.804019,-0.512696,0.11568,0.49444,0.270916,1
0.124229,-1.436683,0.774472,-0.121751,0.504044,-0.447595,0.218053,0.007465,0.142884,1
-0.27746,-1.961154,1.366016,-0.124581,0.112758,0.178007,0.075236,0.11033,0.091367,1
-0.303397,-1.832515,0.945682,-0.124934,-0.121806,0.744115,-0.236114,-0.506839,0.080904,1
-0.176128,-1.130601,0.389268,-0.473631,0.394685,0.337469,-0.607518,-0.099042,0.059638,1
0.288454,-0.403317,0.462392,0.243044,0.422024,0.283443,-0.439313,0.025915,0.229082,1
0.306791,0.263657,0.9317,0.676876,-0.817163,0.782633,-0.279116,-0.141134,0.14058,1
0.212199,1.130947,0.867797,0.873951,-1.784858,0.813376,-0.405731,-0.018939,0.173785,1
0.265573,1.481326,0.350043,1.17709,-2.334799,0.650213,-0.33776,-0.379183,0.092309,1
0.238431,1.762565,0.091595,1.203194,-2.410106,0.33731,0.02315,-0.698936,0.064762,1
0.018663,2.144924,0.03436,1.146792,-2.557449,0.171533,0.267239,-0.774995,0.057577,1
-0.090696,2.761512,-0.344436,1.391831,-2.710711,0.022618,0.129529,-0.582981,0.126215,1
-0.187852,3.105633,-0.742767,1.756562,-2.865827,-0.187982,-0.111218,-0.20996,0.138957,1
-0.428637,3.242141,-0.916787,2.030454,-3.048708,-0.375629,-0.11874,-0.101567,0.085407,1
-0.526099,3.16222,-0.999942,2.214119,-3.029662,-0.270167,-0.196606,-0.158388,0.158338,1
-0.793303,2.892066,-0.866735,2.226044,-2.777642,-0.065284,-0.276156,-0.197782,0.130176,1
-1.044593,2.926208,-0.448796,2.095861,-2.238843,0.152119,-0.323813,-0.231868,0.13969,1
-1.099537,2.63137,0.198433,1.847905,-1.711329,0.329949,-0.096883,-0.297812,0.03651,1
-1.001319,2.246633,0.68006,1.711982,-1.260089,0.61249,0.01767,-0.37042,0.168304,1
-0.572179,2.078285,1.014102,1.525613,-0.801778,0.762942,-0.137048,-0.159405,0.12782,1
-1.107894,-0.082552,2.342035,1.293158,-0.21068,0.905863,-0.036629,-0.157681,0.116056,1
-0.873575,-1.134255,2.355203,0.959601,0.428394,1.056766,-0.053644,-0.225311,0.108419,1
-0.048766,-1.088058,1.402442,0.494922,1.044284,1.031582,-0.115158,-0.172593,0.124938,1
0.323191,-1.415297,0.698809,0.003275,1.681269,0.687035,-0.047829,-0.260798,0.092745,1
0.199186,-1.976715,0.153808,-0.471535,2.077632,0.234636,-0.056907,-0.318899,0.074219,1
0.220565,-2.004533,-0.228053,-0.855533,2.191062,-0.296022,-0.223241,-0.190482,0.070998,1
0.418717,-2.008568,-0.703796,-1.079971,2.150627,-0.817253,-0.4177,-0.313709,0.14525,1
0.35114,-2.231351,-1.04829,-1.248617,2.055156,-1.250605,-0.300248,-0.39617,0.041929,1
0.305895,-2.410272,-1.103947,-1.408678,1.976505,-1.464231,-0.248796,-0.507908,0.152651,1
0.138146,-2.684262,-1.015448,-1.471765,1.7244,-1.373469,-0.34253,-0.300779,0.047459,1
-0.200339,-2.902585,-0.724514,-1.398042,1.636322,-1.135279,-0.217731,-0.29942,0.072124,1
-0.687554,-3.056687,-0.413657,-1.240988,1.57778,-0.78343,-0.214245,-0.241795,0.126624,1
-1.062743,-2.851292,-0.024027,-1.003764,1.348623,-0.344393,-0.17571,0.071665,0.074426,1
-0.803786,-2.146755,0.10222,-0.771283,1.104456,-0.068435,-0.051392,0.125408,0.059548,1
-0.492273,-1.277068,0.203773,-0.362275,0.850185,0.127293,-0.040477,-0.015966,0.10999,1
-0.77534,-1.137947,0.01696,-0.109165,0.515808,0.414679,-0.07624,-0.098988,0.080259,1
-0.768521,-0.943064,-0.101969,0.281801,0.099683,0.63812,-0.022973,-0.079561,0.099917,1
-0.426061,-0.51853,-0.021502,0.614359,-0.333993,0.783849,-0.042186,0.000325,0.064309,1
-0.158682,-0.239669,0.051772,0.885222,-0.74188,0.789507,-0.16318,0.032024,0.129519,1
-0.063702,-0.157946,0.101298,1.05687,-1.159921,0.66778,-0.157228,0.12837,0.111445,1
0.042512,0.0497,0.280669,1.182104,-1.518182,0.50104,-0.033269,0.140871,0.066442,1
0.182023,0.496289,0.515382,1.222439,-1.787784,0.319655,0.016183,0.167538,0.222233,1
0.271395,0.794114,0.589384,1.17099,-1.855596,0.156626,-0.065884,0.125543,0.222858,1
0.377212,1.100203,0.531841,1.011456,-1.777585,0.010775,-0.110301,0.14526,0.200713,1
0.537252,1.400655,0.395284,0.901048,-1.662149,-0.063575,-0.036257,0.093105,0.217428,1
0.831425,1.710327,0.251048,0.808584,-1.547903,-0.017834,0.059607,0.329283,0.382699,1
0.61044,2.013973,0.2355,0.687413,-1.307984,0.06655,-0.095474,0.747133,0.581535,1
0.398328,1.85896,0.155003,0.610948,-0.886876,0.122241,-0.220059,0.718529,0.546912,1
0.427151,1.712281,0.134655,0.614921,-0.795332,0.39416,-0.141029,0.557298,0.555117,1
0.246264,1.529268,0.137727,0.425257,-0.550724,0.668622,0.223731,0.484701,0.501275,1
0.0176,1.382973,0.089376,0.079305,-0.143432,0.757048,0.482596,0.125385,0.235939,1
-0.083759,1.323624,0.072772,-0.23449,0.379439,0.771941,0.715722,-0.234953,0.003771,1
-0.126638,1.298601,0.115703,0.015041,-0.213966,1.788805,0.445746,-0.462545,-0.06293,1
-0.127657,1.20545,0.305936,0.121595,1.208327,1.211813,0.290193,-0.743407,-0.074025,1
-0.127307,0.915953,0.482611,-1.961345,2.00465,0.07295,0.255191,-1.045675,-0.267253,1
-0.094437,0.679042,0.572403,-2.029271,2.125953,-0.569101,0.618412,-0.825852,-0.339953,1
-0.091198,0.393243,0.444423,-2.174361,2.15974,-0.962841,0.905184,-0.700762,-0.267333,1
-0.029436,0.1603,0.273379,-1.611899,1.76324,-0.9329,0.964926,-0.241362,-0.342362,1
-0.017236,-0.06995,0.133388,-1.576125,1.706616,-0.926171,0.797469,0.962753,0.082808,1
0.079907,-0.202881,0.010568,-1.097666,1.523057,-0.586895,0.328919,0.733068,0.362638,1
0.126281,-0.333725,-0.104452,-0.428759,1.299019,-0.236252,-0.127102,0.156582,0.45335,1
0.15732,-0.39372,-0.259789,-0.13176,1.03674,0.061795,0.355283,0.899388,0.742946,1
0.254671,-0.349363,-0.322021,0.012846,0.964374,0.216498,0.799106,1.275859,0.695315,1
0.299724,-0.359239,-0.305829,0.069491,0.77387,0.397077,0.439105,0.467859,0.219056,1
0.285788,-0.419415,-0.41853,0.120781,0.43329,0.080095,1.754258,2.216439,0.542718,1
0.328577,-0.356927,-0.259563,0.265848,0.098286,-0.241368,1.644538,0.751373,-0.39956,1
0.340481,-0.278713,0.315253,0.362065,-0.383847,-0.104444,-0.32678,-0.896377,0.024516,1
0.28837,-0.268379,0.818489,0.380601,-0.850847,0.015741,-0.784727,-0.211926,0.193906,1
0.268736,-0.344492,1.055467,0.260226,-1.103144,0.118815,-0.626549,-0.136543,-0.46445,1
0.123632,-0.434236,1.160042,0.15126,-1.429066,0.127348,-0.099235,-1.205049,-1.137444,1
0.099112,-0.449188,1.06578,-0.351419,-0.777967,-0.149867,0.426287,-0.698059,-0.420958,1
0.221638,-0.406473,0.864566,-0.076031,-2.263825,-0.024981,0.981529,-0.553692,-0.387882,1
0.336416,-0.380746,0.648443,-0.41252,-2.080629,-0.342659,1.017668,-0.558856,-0.315282,1
0.418257,-0.323654,0.376872,-0.68689,-1.254276,-0.605237,0.262834,-0.764657,-0.147032,1
0.585704,-0.297078,0.064581,-0.650383,-0.927204,-0.268708,-0.037531,-1.053748,-0.067616,1
0.729496,-0.104251,-0.154578,-0.594197,-0.540483,0.050369,-0.17048,-1.190056,-0.486107,1
0.892936,0.12532,-0.233257,-0.371231,-0.451483,0.548557,0.614799,-2.122747,-0.449427,1
0.980286,0.273371,-0.256601,-0.501859,-0.193742,0.898928,1.202226,-1.515363,0.495007,1
1.100876,0.324346,-0.245456,-0.611119,0.267298,1.090109,-2.24453,-0.386523,3.58576,1
1.341959,0.383306,0.404879,-0.827209,0.77362,1.529859,0.330424,1.955379,-0.020237,1
1.267133,0.392786,0.482756,-0.896803,1.001101,1.136062,0.291983,3.756568,0.835795,1
1.090207,0.511679,-0.024315,-0.698228,1.2186,0.130672,-2.471337,-0.281754,-0.611164,1
0.885042,0.899011,-0.494756,-0.491779,1.367301,-0.639993,-1.120968,0.26273,-0.157354,1
0.741456,1.364593,-0.477238,-0.180182,1.470483,-0.937967,1.161658,3.304617,0.466917,1
0.58611,1.35037,-0.147847,0.115244,1.688662,-0.898537,-0.672283,0.481537,-0.321391,1
0.336753,0.786353,0.125013,0.174339,1.852201,-0.638776,-0.897992,0.500166,0.210617,1
0.040866,0.281859,0.130541,0.191043,1.810679,-0.729942,-0.439386,0.455675,0.84516,1
-0.12177,0.123415,0.115932,0.312619,1.639076,-0.933666,-0.885654,-0.006629,0.176167,1
-0.207434,0.178353,0.151322,0.353852,1.176768,-0.935002,-0.577717,-0.11056,-0.10049,1
-0.490911,0.151161,0.225768,0.246432,0.854483,-0.721531,0.325682,-0.144329,-0.242244,1
-1.603183,-0.160034,0.451855,-0.014056,0.907476,-0.390608,0.348202,-0.555297,0.162254,1
-2.430703,-0.81632,0.297256,-0.224185,0.88759,0.071021,-0.233142,-0.052649,0.039851,1
-2.626734,-0.782098,0.50189,-0.143798,0.757387,0.402077,-0.755007,0.524337,0.217682,1
-2.281541,-0.783827,0.42022,0.086801,0.358112,0.62958,-1.132966,-0.003301,0.1696,1
-1.537908,-0.75928,0.121761,0.254353,-0.201201,0.712749,-0.285568,-0.716341,0.03139,1
-0.93057,-0.429781,0.077034,0.378841,-0.754333,0.593871,0.207971,-0.396815,0.06037,1
-0.531637,-0.124513,-0.032557,0.469873,-1.199454,0.471385,-0.023154,-0.285319,0.061295,1
-0.135833,0.067225,-0.050379,0.525821,-1.568192,0.410007,-0.285444,-0.395726,0.170831,1
0.015771,0.132191,-0.106521,0.489897,-1.817921,0.389462,-0.350058,0.100662,0.205925,1
0.205182,0.012271,-0.041327,0.416492,-2.04087,0.276505,-0.422783,0.215019,0.080176,1
0.204055,0.03137,-0.030511,0.294121,-2.177695,0.255672,-0.430271,-0.019695,0.186309,1
0.187556,0.120513,-0.065097,0.166088,-2.305826,0.239339,-0.135377,0.072191,0.046412,1
0.037056,0.187819,0.073196,0.029193,-2.376385,0.236429,0.048721,-0.166449,0.14986,1
-0.25485,0.176084,0.183359,0.095765,-2.106148,0.275282,0.031452,-0.1287,0.138231,1
-0.549205,0.07441,0.338632,0.159518,-1.758328,0.500533,0.031277,0.12498,0.056508,1
-0.815058,-0.076911,0.229742,0.27287,-1.527772,0.463245,-0.291704,-0.104025,0.181015,1
-0.859913,-0.12838,0.359193,0.434924,-1.240269,0.298853,-0.209276,-0.115447,0.147979,1
-0.841929,-0.104685,0.405093,0.5325,-0.852164,0.228696,-0.131612,0.098333,0.093512,1
-0.708955,-0.077535,0.320441,0.543038,-0.51073,0.159073,-0.23397,-0.209567,0.162735,1
-0.497087,-0.077842,0.20843,0.532488,-0.094892,0.075727,-0.33926,-0.406112,0.125764,1
-0.401803,-0.096244,0.062606,0.504436,0.243631,-0.017453,-0.204855,-0.090476,0.081894,1
-0.258005,-0.161523,-0.052262,0.459436,0.547782,-0.067776,-0.431339,-0.074307,0.166754,1
-0.137401,-0.168715,-0.029354,0.334396,0.778522,-0.197572,-0.361417,0.102383,0.11031,1
-0.084325,-0.274188,0.016913,0.213812,0.973928,-0.326396,-0.30653,-0.103202,0.117051,1
-0.14259,-0.421395,-0.003243,0.01526,1.088494,-0.440313,-0.321123,-0.08619,0.120085,1
-0.248105,-0.492107,-0.01207,-0.113652,1.206971,-0.509048,-0.276056,-0.251369,0.138326,1
-0.372344,-0.576224,0.026319,-0.242113,1.20924,-0.449402,-0.270708,-0.114395,0.088504,1
-0.555336,-0.623581,0.001238,-0.298502,1.06556,-0.347195,-0.435184,-0.1936,0.15004,1
-0.617913,-0.554169,0.028934,-0.306833,0.871341,-0.203912,-0.369054,-0.156439,0.081577,1
-0.659444,-0.460347,0.124984,-0.331908,0.62735,-0.013139,-0.37333,-0.05399,0.115384,1
-0.715924,-0.301771,0.082432,-0.347924,0.322757,0.068969,-0.258552,-0.244572,0.095641,1
-0.637482,-0.221844,0.045012,-0.314517,0.122852,0.198787,-0.028048,0.134021,0.027642,1
-0.654451,-0.032328,0.109804,-0.285863,-0.151007,0.327165,-0.231961,-0.01556,0.116782,1
-0.532767,0.125375,0.130333,-0.277145,-0.415137,0.325434,-0.418212,0.079665,0.0183,1
-0.536732,0.116023,0.120123,-0.214557,-0.591025,0.315904,-0.401127,0.03245,0.029267,1
-0.462685,0.145045,0.399028,-0.037399,-0.768374,0.548212,-0.327655,0.134794,0.061048,1
-0.419808,0.20338,0.459563,0.025529,-1.00228,0.548034,-0.138973,0.106335,0.007866,1
-0.350467,0.183879,0.198447,0.052241,-1.177079,0.260469,-0.254191,-0.015225,0.052461,1
-0.265169,0.162121,0.147994,0.076854,-1.320866,0.080579,-0.398533,0.234424,0.13354,1
-0.271914,0.018544,0.212431,0.113987,-1.336809,0.094886,-0.376027,0.294148,0.093331,1
-0.124409,-0.116077,0.170426,0.090963,-1.117453,0.044732,-0.514877,0.340733,0.254375,1
0.008595,-0.075221,0.215574,0.063276,-0.903127,0.021349,-0.425705,0.687732,0.210052,1
0.126856,0.023664,0.2294,0.021911,-0.798738,0.063049,-0.32766,0.370776,0.303403,1
0.167915,-0.067581,0.190538,0.14376,-0.752375,0.105147,-0.05305,0.15658,0.259139,1
0.093737,-0.098953,0.288763,0.098364,-0.490832,0.181614,0.342371,-0.15409,0.325415,1
0.130719,-0.223657,0.216369,0.284958,-0.211146,0.174253,0.484475,-0.227997,0.326827,1
0.360167,-0.352577,0.115522,0.23404,0.253377,0.12284,0.306798,-0.221949,0.218295,1
0.685742,-0.46765,-0.067886,0.154254,0.293913,0.080335,0.219953,-0.136174,0.049764,1
0.182642,-0.709134,-0.122177,0.039979,0.595334,0.029608,0.219074,0.069071,0.140037,1
0.243546,-0.822242,-0.278919,0.016363,0.921644,-0.082626,0.080123,0.190011,0.231274,1
0.860077,-0.575889,-0.258502,-0.151935,1.040103,-0.131262,-0.131715,0.421904,0.048135,1
0.109745,-0.167934,-0.01423,-0.083004,1.127495,-0.168699,-0.285239,0.53142,0.088431,1
0.042619,-0.364425,-0.418259,-0.078431,1.315804,-0.134925,-0.044956,0.68271,0.232221,1
0.478297,-0.165046,-0.419591,-0.3103,1.307738,-0.065716,-0.047287,0.432869,0.39834,1
0.349977,0.00247,-0.043324,-0.540336,1.365474,0.009416,-0.106959,0.319257,0.310505,1
-0.482202,-0.299754,0.182395,-0.670687,1.459064,-0.1191,-0.259039,0.57872,0.333772,1
0.382118,0.144096,0.185985,-0.944554,1.263562,-0.152006,-0.841286,0.105698,-0.140611,1
0.512557,0.36218,0.101772,-0.926771,1.066511,-0.260446,-0.809645,-0.51663,0.045403,1
0.164118,0.032311,-0.08671,-0.792899,1.08457,-0.203222,-0.92043,0.030284,0.8014,1
0.367965,0.209016,0.066701,-0.614669,0.714678,0.166555,0.369876,0.671698,0.195872,1
0.352442,0.095261,0.17283,-0.614679,0.422346,0.371221,1.564775,0.814905,0.397068,1
0.453,0.204415,0.467908,-0.642879,0.436378,0.098832,1.610386,0.530048,0.16104,1
1.046978,0.383792,0.546897,-0.233099,-0.308537,0.111964,1.745957,-1.089129,-0.361483,1
0.877504,0.196017,0.466597,-0.064718,-0.563223,-0.310264,2.387117,-1.992221,-0.463829,1
-0.579764,-0.007731,0.982973,-0.39928,0.198998,-0.600167,0.746443,-2.78879,-0.608175,1
1.175527,1.867389,1.032437,-0.00321,-0.223692,-0.283656,0.961334,-0.815706,-0.173809,1
0.973026,1.130319,0.543259,-0.114094,-0.763023,0.145104,-0.00812,-0.041001,-0.081202,1
0.530322,0.991251,0.721042,-0.533889,-0.252142,0.013406,-0.840691,-0.628092,-0.099939,1
0.362195,0.800027,0.256341,-0.512589,-0.19858,-0.09262,-0.288963,0.126031,-0.308895,1
0.218191,0.83694,0.424255,-0.347673,-0.652403,-0.035606,-0.427227,0.852262,-0.449319,1
0.588175,0.768223,0.230512,-0.391286,-0.340909,-0.257011,-0.731747,1.124979,-0.104412,1
-0.588432,0.690565,0.685686,-0.385134,-0.377481,-0.274339,-1.04387,1.157799,-0.283393,1
-0.903801,0.033175,0.254062,-0.314757,-0.450773,-0.251732,-1.455792,1.374841,1.118385,1
0.734621,0.168193,-0.017076,-0.662465,-0.216622,-0.139674,0.402054,0.427553,-0.453483,1
1.508628,0.758314,0.883988,-0.548651,-0.311718,0.490133,3.162732,0.86909,0.533401,1
1.102123,0.015034,1.177703,-0.736084,-0.218094,0.761039,1.71917,0.209598,1.101514,1
0.643926,-0.242245,0.715714,-0.698574,0.353373,0.636185,-0.869469,-1.671706,0.316033,1
0.531028,-0.262041,-0.223976,-0.439702,-0.403805,0.253667,-0.424459,-0.82891,-0.102808,1
0.344774,-0.22896,-0.610302,-0.533651,0.197786,0.108638,0.509962,2.450942,0.405959,1
0.615696,0.281082,-0.457684,-1.383129,-0.374868,0.236009,-0.090161,1.519992,0.254798,1
0.405489,-0.245245,-0.171329,-0.365759,-0.312257,0.20553,-0.438148,-0.625194,0.161118,1
0.854622,-0.579414,-0.30797,-0.210058,0.047796,0.078836,-0.175664,0.149471,0.471431,1
0.757737,-0.639108,-0.222059,-0.249857,0.703007,-0.23055,0.120201,0.00366,0.089418,1
0.742665,-0.338045,-0.174402,-0.182786,1.217706,-0.561919,0.524745,-0.852771,-0.316151,1
0.724383,-0.135806,-0.187656,-1.689998,0.131959,-0.583864,1.015041,-0.875006,0.029443,1
0.336299,-0.573847,-0.100513,-0.788069,-0.577066,0.039762,0.829884,-0.953262,0.252445,1
0.479799,-0.085015,0.157373,1.728794,0.202996,-0.1079,0.793164,-0.820765,-0.224077,1
0.12485,-0.379616,-0.063206,2.412023,0.344351,-0.079156,0.416373,-0.28466,0.091139,1
-0.126924,-0.063562,0.075203,1.499637,0.205843,0.28333,0.142004,-0.352005,0.185735,1
-0.312772,0.202265,0.032436,0.77692,0.418304,0.174992,0.25675,-0.560944,-0.138944,1
-0.464529,-0.146711,-0.526522,0.907455,0.442562,-0.34404,-0.174317,-0.02576,0.141047,1
-0.697771,-0.51975,-0.316894,0.946757,0.529252,0.124441,-1.46524,0.453486,0.240374,1
-0.727491,-0.084881,0.32176,1.656083,0.186121,0.450749,-1.161505,0.175873,0.387543,1
-1.340694,-0.409052,0.706192,1.775704,0.432708,0.378468,-0.488433,-0.4436,0.139146,1
-1.567987,-0.592562,0.683457,0.487439,0.496147,0.239192,-0.311126,-0.022559,0.084654,1
-1.595179,0.143656,0.538655,0.265565,0.123643,0.373061,-0.344815,-0.291619,0.09261,1
-1.387955,0.502175,0.204082,0.778798,-0.170218,0.30237,0.080851,-0.713461,0.097445,1
-1.164184,0.49723,0.060678,0.760294,0.077798,-0.160177,0.303813,-0.400057,0.076989,1
-0.809401,0.350262,-0.041544,0.409171,0.075645,-0.24899,-0.004962,-0.274296,0.139017,1
-0.401917,0.296422,0.019031,0.240749,0.0123,-0.351562,-0.19451,-0.109728,0.127133,1
-0.351954,0.208852,0.271541,0.285304,-0.129664,-0.194449,-0.24886,-0.104002,0.170432,1
-0.201342,-0.044826,0.196524,0.149727,-0.137193,0.080222,-0.26144,-0.110735,0.175406,1
-0.242538,-0.298516,0.161847,-0.27562,-0.23431,0.264668,-0.29165,0.092296,0.115525,1
-0.296373,-0.376388,-0.049608,0.096321,-0.068904,0.289926,-0.190995,-0.257524,0.142,1
-0.077305,-0.044974,-0.160414,0.673201,0.014354,0.570962,-0.125535,-0.280222,0.087976,1
-0.420882,-0.165925,-0.050609,0.25648,-0.069591,0.516014,-0.219505,-0.323574,0.179022,1
-0.837847,-0.570815,0.087459,-0.191282,-0.298438,0.320177,-0.33028,-0.204015,0.130786,1
-0.528896,-0.495763,-0.129627,-0.115368,-0.030256,0.058474,-0.174633,-0.220235,0.121999,1
-0.342981,-0.098255,-0.057428,0.097609,-0.246625,0.108896,-0.12257,-0.280311,0.139811,1
-0.632486,-0.299082,0.20719,0.358857,-0.328964,0.090867,-0.121982,-0.131445,0.091276,1
-0.653098,-0.367197,0.160517,0.459842,0.2082,0.001659,-0.282466,-0.356676,0.177507,1
-0.554328,-0.142409,0.279327,0.111683,0.246575,0.092809,-0.474734,-0.342517,0.06479,1
-0.753904,-0.206049,0.606225,0.245684,0.111334,0.148613,-0.385595,-0.329893,0.141688,1
-0.864115,-0.475764,0.595786,0.480361,-0.132853,0.16234,-0.367473,-0.482388,0.103561,1
-0.297385,-0.149191,0.443561,0.889583,-0.04818,0.224498,-0.29289,-0.24214,0.052656,1
-0.382384,-0.064834,0.382996,1.021393,-0.211318,0.056491,-0.157906,-0.080622,0.051712,1
-0.501355,-0.56462,-0.144635,0.765322,-0.329561,0.076771,-0.089335,0.051073,0.029791,1
-0.278422,-0.240676,-0.114166,0.660073,-0.261409,0.035566,-0.023344,0.060406,0.043692,1
-0.224085,-0.30634,-0.066068,0.639836,-0.226662,0.305457,-0.007808,-0.225193,0.115769,1
0.473537,-0.011064,-0.479421,0.248883,-1.012211,0.693589,-0.030729,0.09538,0.153504,1
-0.186582,-0.048454,0.361453,0.314808,0.255905,-0.336824,-0.169138,0.336879,0.354686,1
-0.003378,-0.16795,-0.130335,-0.320334,0.457205,-0.434642,-0.263525,0.286007,0.733026,1
1.080064,0.863103,-0.537866,0.278668,0.111263,-0.187376,-0.467726,0.256768,0.594687,1
0.279535,0.337128,-0.068754,0.291632,0.210696,-0.241334,-0.294632,0.453708,1.110879,1
-0.241431,0.1523,0.162049,0.745135,0.729521,-0.487774,0.485426,0.233946,-1.49878,1
-0.081069,0.349174,-0.046433,0.258148,0.607776,-0.406614,2.007673,-1.506157,-0.235217,1
0.117404,0.903317,0.197087,-0.066379,0.822799,-0.365647,1.794356,-1.374287,0.01792,1
0.391336,0.726943,0.197797,0.884072,1.132781,-0.424213,0.857204,-0.647168,0.017023,1
0.347095,0.564736,0.40586,1.007248,1.254817,-0.595246,0.236364,0.473442,0.2336,1
0.27082,0.405307,0.581542,-0.620715,-0.138656,0.431336,0.135582,0.612596,0.345842,1
0.500438,0.325885,0.379847,-1.099094,0.239469,0.066639,-0.040288,0.212815,0.222774,1
0.644531,0.358631,0.242281,-0.86965,0.305078,-0.19379,-0.138426,0.576965,0.269355,1
0.693784,0.409756,0.323538,-1.207562,0.156181,-0.033563,-0.101565,0.590994,0.292675,1
0.547024,0.366844,0.415854,-1.42293,0.011366,0.35295,0.083626,0.204778,0.215548,1
0.462876,0.2728,0.321408,-1.947583,0.693457,0.299109,-0.044703,0.162858,0.138313,1
0.436711,0.222587,0.200347,-1.698278,-0.588459,0.561924,-0.191765,0.304898,0.098904,1
0.427862,0.222973,0.253257,-1.333949,-1.333721,0.641475,-0.133369,0.167206,0.052856,1
0.487478,0.187197,0.244522,-0.932283,-1.050066,0.244708,-0.134131,0.566276,0.161664,1
0.500252,0.120946,0.160298,-0.454625,-0.830032,0.021496,-0.206337,0.484478,0.088547,1
0.503924,0.092018,0.12888,-0.101355,-0.785028,0.003546,-0.093592,0.268654,0.05007,1
0.565814,0.082504,0.09904,-0.042103,-0.67819,-0.094456,0.073703,0.132258,0.097496,1
0.525196,0.090859,0.170804,-0.057631,-0.323502,-0.239498,0.076947,-0.045242,-0.101176,1
0.356991,-0.031567,0.176438,0.155153,-0.16968,-0.220577,0.047361,0.051858,0.011377,1
0.38378,-0.202247,0.146612,0.256447,-0.177699,-0.070839,-0.093786,0.314043,0.186303,1
0.362686,-0.060659,0.220355,0.319188,-0.327412,-0.007213,-0.056849,0.134542,0.058866,1
0.363993,-0.006961,0.135306,0.23525,-0.279666,-0.050071,-0.029282,0.020052,-0.093339,1
0.267831,-0.01279,0.024594,0.104365,-0.218026,-0.106775,0.062439,0.174647,0.070297,1
0.213618,0.045623,0.087933,-0.136407,-0.175697,-0.006666,0.1558,0.185279,-0.011344,1
0.177142,0.148232,0.146607,-0.364273,-0.139808,0.038173,0.199467,0.306831,0.137671,1
0.107676,0.283451,0.206644,-0.655799,0.012108,0.033454,0.148108,0.42892,0.250737,1
0.095046,0.32316,0.300027,-0.820705,0.07028,0.128819,0.078836,0.457059,0.263071,1
0.125504,0.359524,0.284363,-0.775886,0.158071,0.121824,0.14079,0.169681,0.257357,1
0.102258,0.44812,0.29676,-0.720425,0.207252,0.099491,0.182926,0.364902,0.195598,1
0.121628,0.568118,0.281713,-0.617379,0.227715,0.112933,0.14661,0.066346,0.19476,1
0.126055,0.697467,0.225843,-0.526774,0.273763,0.063947,0.151004,0.019471,0.24478,1
0.133395,0.744118,0.151525,-0.542541,0.287739,-0.049225,0.149791,-0.092468,0.070056,1
0.045076,0.728319,0.147233,-0.546495,0.350551,-0.157599,0.167731,-0.280631,0.041427,1
0.020259,0.743306,0.151286,-0.454277,0.336859,-0.181465,0.144031,-0.016097,0.105547,1
0.002128,0.711075,0.137486,-0.382466,0.354546,-0.156081,0.014665,0.301721,0.178166,1
0.058051,0.685476,0.161176,-0.341759,0.38113,-0.124519,-0.002451,0.28317,0.174365,1
-0.049816,0.682273,0.224588,-0.273997,0.300301,-0.145295,0.149051,0.06905,0.019167,1
-0.131693,0.660131,0.173206,-0.234954,0.360436,-0.108374,0.113871,0.041366,0.033423,1
-0.11309,0.550037,0.077911,-0.212498,0.312075,0.036391,0.066907,-0.210758,0.140915,1
-0.052144,0.437416,0.133333,-0.203929,0.2317,0.076366,-0.06044,-0.315594,0.03176,1
-0.103313,0.303031,0.204124,-0.220219,0.233457,0.035723,-0.155438,-0.181376,0.111644,1
-0.086004,0.154616,0.122215,-0.160581,0.207258,-0.126182,-0.304753,-0.021529,0.089053,1
-0.135846,0.035657,0.174196,-0.080115,0.161287,-0.228648,-0.566865,0.254269,0.37807,1
-0.230782,-0.181761,0.294598,0.039542,0.012874,-0.294839,-0.229252,-0.163747,0.176457,1
-0.26828,-0.137488,0.169212,0.156759,-0.105686,-0.233596,0.30129,-0.167891,0.051244,1
-0.373307,-0.23934,0.179709,0.254596,-0.174484,-0.227921,0.104248,-0.262144,0.013005,1
-0.375981,-0.417513,0.392347,0.310643,-0.293834,-0.175867,-0.190329,-0.458738,-0.149889,1
-0.348623,-0.607519,0.281991,0.412697,-0.330588,-0.297008,-0.618014,-0.210314,0.416097,1
-0.31074,-0.66526,0.014733,0.468888,-0.316968,-0.310049,0.310774,0.138184,0.068904,1
-0.173324,-0.731716,-0.067907,0.571199,-0.312336,-0.153406,0.634231,-0.133219,0.034281,1
-0.074004,-0.717853,-0.14383,0.598399,-0.475587,0.061511,0.589774,-0.210449,-0.086497,1
-0.041881,-0.749682,-0.194078,0.603433,-0.618536,0.259241,0.456265,-0.024629,0.011773,1
0.018726,-0.749921,-0.238106,0.468829,-0.543819,0.379724,-0.183254,-0.131797,0.081203,1
0.168286,-0.610234,-0.226843,0.382393,-0.58571,0.62984,0.552976,-0.560367,0.161893,1
0.135622,-0.56108,-0.215449,0.288876,-0.587202,0.779085,0.337775,-0.162299,-0.003491,1
0.089367,-0.50928,-0.092249,0.17589,-0.447368,0.854401,-0.396834,-0.524126,0.315484,1
0.065212,-0.322839,-0.046784,0.173978,-0.319765,0.721532,-1.154781,0.326286,0.474295,1
0.020884,-0.146164,-0.015242,0.270124,-0.357432,0.482601,-1.557402,0.444172,0.359584,1
-0.099138,-0.108242,0.043214,0.408557,-0.284933,0.29392,-0.679707,0.07032,0.217872,1
-0.165428,-0.054617,0.125042,0.536682,-0.145763,0.199282,0.10166,-0.232049,0.080488,1
-0.256169,-0.165102,0.251502,0.584956,0.010849,0.036864,0.267281,-0.493752,0.140084,1
-0.324096,-0.257771,0.243583,0.609849,0.144542,-0.157875,0.219642,-0.104754,0.064157,1
-0.355609,-0.428737,0.293565,0.653831,0.299385,-0.170149,0.102257,-0.276294,0.129121,1
-0.456877,-0.439897,0.277834,0.670151,0.437976,-0.20722,0.255413,-0.490698,0.013103,1
-0.385327,-0.331942,0.147322,0.733554,0.517269,-0.207317,-0.060359,-0.275337,0.187519,1
-0.392969,-0.536417,0.029228,0.829744,0.513057,-0.153691,-0.313162,-0.203834,0.151421,1
-0.449,-0.537697,0.049542,0.8558,0.358778,-0.07653,-0.125558,-0.065278,0.055366,1
-0.375587,-0.530447,0.004977,0.809471,0.237301,0.056215,-0.123374,-0.225195,0.109966,1
-0.346968,-0.526455,0.119567,0.720549,0.265546,0.109186,-0.18523,-0.392693,0.171362,1
-0.332748,-0.483526,0.198152,0.591713,0.139067,0.120237,-0.38846,-0.227307,0.139537,1
-0.33059,-0.476556,0.300861,0.545842,0.052783,0.219605,-0.526067,-0.08443,0.140574,1
-0.326909,-0.485114,0.30746,0.506354,-0.075295,0.108253,-0.534086,-0.089989,0.188501,1
-0.306524,-0.475398,0.317689,0.418788,-0.240841,0.080307,-0.528307,-0.113021,0.111899,1
-0.320872,-0.454296,0.272502,0.352216,-0.341539,0.09028,-0.446352,-0.108956,0.168386,1
-0.314472,-0.400865,0.181461,0.258169,-0.397989,0.116791,-0.361539,-0.152428,0.165984,1
-0.337445,-0.305294,0.089012,0.163043,-0.46819,0.091168,-0.281935,-0.158903,0.139642,1
-0.326032,-0.20821,0.031559,0.109783,-0.465916,0.122913,-0.345421,-0.030207,0.27932,1
-0.335053,-0.211604,-0.017725,0.069366,-0.463036,0.157041,-0.456942,0.132281,0.439951,1
-0.342564,-0.159849,-0.001049,0.060448,-0.466587,0.152248,-0.575684,0.293616,0.121175,1
-0.386013,-0.119482,-0.014499,0.050654,-0.424192,0.113004,-0.602661,0.240248,0.144174,1
-0.360502,-0.079318,0.047502,0.06091,-0.34683,0.146035,0.454339,-0.605205,-0.363951,1
-0.362311,-0.10235,0.152289,0.072499,-0.29013,0.252474,0.919931,-0.71246,-0.222588,1
-0.340591,-0.091206,0.285253,0.069394,-0.090107,0.244137,1.277342,-0.805218,-0.119551,1
-0.296941,-0.091401,0.289224,0.035322,-0.010623,0.192876,1.002051,-0.337201,0.140526,1
-0.196245,-0.066689,0.180538,0.03465,0.04151,0.115887,0.653466,0.067191,0.23328,1
-0.117294,-0.012114,-0.01574,-0.027829,0.011013,0.006375,0.423419,0.32375,0.165152,1
0.051285,0.087259,-0.290654,-0.039642,0.132682,-0.056291,0.184908,0.7275,0.400928,1
0.191861,0.195592,-0.328617,-0.112245,0.16957,0.094757,0.162634,0.675131,0.34938,1
0.295395,0.245478,-0.322191,-0.142702,0.267216,0.151947,0.346647,0.189476,0.395167,1
0.452745,0.296914,-0.202859,-0.291931,0.38828,0.284652,0.561344,0.107062,0.32869,1
0.543608,0.4036,-0.067142,-0.45625,0.477841,0.316977,0.453291,0.165867,0.382937,1
0.636333,0.508912,0.15007,-0.783888,0.481413,0.377588,0.336083,0.227109,0.327861,1
0.735621,0.632876,0.42445,-0.981541,0.581947,0.085871,0.261783,0.954332,0.237946,1
0.817112,0.733097,0.624183,-1.213092,0.629281,-0.314904,-0.16018,1.076503,0.137598,1
0.857238,0.743823,0.764414,-1.343148,0.519633,-0.583495,-0.138218,0.86701,0.093563,1
0.902558,0.716672,0.787658,-1.302758,0.488463,-0.743616,-0.211831,0.497371,0.049915,1
0.941629,0.744246,0.782164,-1.248458,0.52195,-0.770639,-0.416525,-0.296682,-0.105442,1
0.957839,0.787506,0.662815,-0.935078,0.321504,-0.520711,-0.18259,-0.98215,-0.419086,1
0.905436,0.737975,0.48644,-0.686531,0.212491,-0.306396,-0.177329,-0.900774,-0.209585,1
0.881708,0.661036,0.25351,-0.56743,0.122639,-0.187507,-0.368022,-0.382901,-0.256763,1
0.817275,0.556566,0.126458,-0.409271,0.066019,-0.080446,0.484367,-0.835885,-0.641235,1
0.770029,0.477862,0.085078,-0.362257,-0.039738,-0.089137,1.294972,-0.299843,-0.358394,1
0.720619,0.402843,0.082399,-0.353037,-0.1474,-0.12592,1.134429,-0.766199,-0.413404,1
0.707278,0.327301,0.038224,-0.340648,-0.177242,-0.163411,0.751335,-1.584184,-0.208839,1
0.693413,0.263906,0.011442,-0.265369,-0.193274,-0.068789,1.736539,-0.933898,0.233414,1
0.725409,0.26275,0.129514,-0.258731,-0.177954,0.065053,0.795383,1.172,1.216779,1
0.773377,0.272415,0.251875,-0.203917,-0.021863,0.25043,-0.792156,3.882847,1.712088,1
0.792117,0.324482,0.266226,-0.218785,0.184856,0.41109,0.1418,2.498319,-0.536202,1
0.69289,0.377448,0.041842,-0.230503,0.405321,0.214201,-0.643546,-0.365744,0.495538,1
0.493798,0.585882,-0.161521,-0.211198,0.572135,-0.062398,0.189824,-1.406552,-0.052382,1
0.259142,0.763783,-0.114492,-0.08282,0.745289,-0.112424,0.091136,0.298086,0.07621,1
0.034885,0.701723,-0.018719,-0.091575,0.960007,-0.131359,-0.206983,0.452536,0.004391,1
-0.119973,0.544658,0.12131,-0.241436,1.03898,-0.280573,-0.699448,0.664089,0.274762,1
-0.291789,0.432532,0.272238,-0.244979,0.925053,-0.495385,-0.574141,0.070811,0.024454,1
-0.305056,0.348915,0.353712,-0.289759,0.787787,-0.673677,-0.512714,0.103446,0.166398,1
-0.311603,0.273658,0.530865,-0.40232,0.6559,-0.490162,-0.135707,0.098915,-0.007051,1
-0.395623,0.159378,0.707392,-0.485417,0.633401,-0.249032,-0.68005,0.829826,0.09439,1
-0.457569,0.086316,0.689632,-0.612939,0.498457,-0.103471,-1.095787,-0.333356,0.149281,1
-0.596306,0.018643,0.549279,-0.507234,0.36082,-0.060428,-0.256795,-1.112916,0.126201,1
-0.785216,-0.023676,0.487313,-0.31961,0.229948,0.043339,0.166095,-0.822161,0.049997,1
-1.129513,-0.233742,0.523411,-0.099035,0.037608,0.103202,0.234347,-0.66493,0.10337,1
-1.255313,-0.640227,0.28533,0.117034,-0.10318,0.197512,-0.555285,0.055951,0.18321,1
-1.248285,-0.778806,0.103193,0.382518,-0.186425,0.240089,-0.239399,0.147686,0.152571,1
-1.32394,-1.214787,-0.240431,0.613755,-0.461269,0.266459,-0.153697,0.34119,0.059072,1
-1.157997,-1.179122,-0.462868,0.90662,-0.704955,0.336434,-0.41022,-0.151942,0.182674,1
-0.935861,-0.974105,-0.395405,1.13524,-0.917657,0.450406,-0.103132,-0.400223,0.158962,1
-0.605398,-0.562851,-0.222018,1.248183,-1.08764,0.469872,-0.176335,-0.022938,0.122446,1
-0.322155,-0.291132,-0.074971,1.304555,-1.13824,0.494691,-0.31094,-0.562856,0.233591,1
-0.224353,-0.352181,-0.059958,1.310524,-1.15659,0.417208,0.009012,-0.36538,0.131097,1
-0.047821,-0.281036,-0.060789,1.280342,-1.184775,0.256575,-0.038532,0.065564,0.089218,1
0.056323,-0.160789,0.01136,1.219993,-1.205213,0.113783,-0.052467,-0.499878,0.118294,1
0.112124,-0.076697,-0.046839,1.093373,-1.126428,-0.033469,0.412399,-0.401496,0.050751,1
0.051154,-0.00159,-0.017423,0.868509,-0.941941,-0.140172,0.241496,-0.497003,0.045224,1
-0.035362,-0.013733,0.038908,0.753357,-0.779688,-0.18395,0.099306,-0.548095,0.092265,1
0.039046,-0.078866,0.135049,0.702698,-0.669173,-0.05048,0.115627,-0.653397,0.113958,1
-0.039653,-0.155422,0.239922,0.659669,-0.557772,-0.068449,-0.002202,-0.471293,0.052558,1
-0.077942,-0.307382,0.280305,0.604966,-0.543926,-0.055244,-0.120315,-0.813247,0.120159,1
-0.146404,-0.434018,0.352902,0.543976,-0.561087,-0.031851,-0.132569,-0.239417,0.133484,1
-0.155941,-0.630174,0.374262,0.380727,-0.537786,0.086588,-0.198902,0.172744,0.143543,1
-0.060238,-0.668898,0.248513,0.226439,-0.548133,0.071507,-0.306727,-0.074991,0.351105,1
0.149123,-0.782603,-0.048281,0.066112,-0.563292,0.057882,-0.174426,0.041577,0.051642,1
0.474726,-0.081285,0.197577,-0.131761,-0.511689,0.112535,0.042359,-0.105286,-0.047085,1
-0.627083,-1.809547,-0.155313,-0.292641,-0.42341,0.246139,-0.039644,-0.146223,0.177146,1
-0.055695,-1.431966,-0.513592,-0.335237,-0.257881,0.375926,0.152076,-0.466501,0.033802,1
0.029863,-1.009625,-0.384958,-0.349107,-0.075485,0.466014,0.311947,-0.223153,-0.056299,1
-0.310795,-1.043665,-0.490587,-0.26487,0.023055,0.418602,0.464969,-0.236266,-0.087853,1
-0.306489,-0.787522,-0.448569,-0.078922,0.014471,0.410329,0.068502,0.112946,0.019581,1
-0.293465,-0.45981,-0.316351,0.097941,0.079846,0.378899,-0.277874,0.295454,0.591386,1
-0.181389,-0.372321,-0.388857,0.143304,0.17659,0.398217,-0.812729,0.681233,0.356957,1
0.104373,-0.082091,-0.268546,0.192114,0.247807,0.375811,-1.061879,0.892855,0.419676,1
0.013158,-0.068659,-0.238717,0.15624,0.385619,0.312788,-0.83794,0.912263,0.502667,1
-0.539618,0.313601,0.213175,0.077099,0.502692,0.328536,-0.52776,0.741336,0.271646,1
-0.326763,0.597553,0.059789,0.02495,0.588869,0.325483,-0.295693,0.35305,-0.011348,1
-0.071753,0.842039,0.038422,-0.147445,0.746036,0.182607,0.038444,-0.013134,0.062131,1
-0.143759,0.894726,0.3335,-0.403124,0.80301,0.164612,0.255277,-0.316478,0.017057,1
-0.193115,0.895186,0.530474,-0.581451,0.928852,0.015282,0.437681,-0.487744,-0.05934,1
0.24126,0.979117,0.456263,-1.076776,0.732145,0.02469,0.272834,-0.087593,0.082219,1
-0.129903,1.032152,0.780249,-1.260491,0.8711,-0.241841,0.005804,0.242954,0.154115,1
-0.449955,1.281462,0.936002,-1.335185,0.882829,-0.39361,-0.510276,0.393893,0.168048,1
0.096743,1.327398,0.384001,-1.021351,0.524258,-0.272961,-0.990127,0.69547,0.251075,1
0.205826,1.583898,0.203039,-0.724334,0.383353,-0.198273,-1.21777,1.166578,0.545765,1
0.028208,1.329,0.086439,-0.554366,0.43901,-0.170911,-1.574892,0.679389,1.164748,1
0.038145,1.180348,0.047063,-0.561298,0.467831,-0.046886,-0.500194,0.329973,1.035997,1
0.07262,0.999793,0.072083,-0.426726,0.604243,0.049315,-0.611587,1.07615,0.043421,1
0.210723,0.75541,-0.018081,-0.257059,0.50156,-0.065698,0.473531,1.463596,0.216888,1
0.226695,0.653597,0.181962,0.072215,0.299616,-0.297885,1.149686,-0.651441,-0.249738,1
0.177603,0.39265,0.39176,0.328253,0.170253,-0.458684,2.008619,-2.114595,-0.72476,1
0.374363,0.482076,0.696932,0.487141,-0.009398,-0.445022,2.185782,-3.126089,-0.432742,1
0.406043,0.196285,0.603498,0.515488,-0.224209,-0.541371,1.04099,-1.056716,-0.200808,1
0.175109,0.102648,0.538737,0.065861,-0.330117,-0.566854,0.144292,0.033209,-0.095806,1
0.047114,-0.023166,0.431566,-0.158139,-0.33712,-0.522404,-0.437711,0.08765,-0.18811,1
-0.055143,0.012113,0.340128,-0.385575,-0.639272,-0.385108,-0.147179,0.36637,-0.6143,1
0.178796,-0.088045,0.122264,-0.424816,-0.855436,-0.271606,-0.27261,0.654622,-0.714157,1
0.177988,-0.043235,0.338703,-0.509848,-0.959133,-0.121993,-0.083068,0.32133,-0.728556,1
-0.219048,-0.19757,0.601815,-0.612851,-1.077111,0.109372,-0.292697,-0.011884,-1.01679,1
-0.251278,-0.275806,0.617435,-0.597377,-1.067578,0.17917,-0.000121,-0.941877,-0.218336,1
0.059588,-0.291546,0.720378,-0.752465,-1.021501,0.400158,1.450675,-0.029995,1.524772,1
0.257918,-0.300717,0.586632,-0.821496,-0.912983,0.455096,-1.099715,1.945071,1.608823,1
0.197813,-0.300611,0.407836,-0.741457,-0.850535,0.405999,-0.716911,1.050706,0.463651,1
0.154741,-0.077299,0.036584,-0.708412,-0.894102,0.414467,-1.188291,0.779751,0.528963,1
0.060501,0.185343,-0.281583,-0.490958,-0.783281,0.388575,-0.893515,1.570984,0.302815,1
-0.039978,0.406428,-0.401409,-0.326899,-0.56718,0.460052,-0.168762,1.425974,0.347087,1
-0.070624,0.480557,-0.344853,-0.322574,-0.346221,0.599133,0.566933,0.619011,0.037479,1
0.094204,0.570998,-0.267107,-0.327526,0.027967,0.439462,0.638013,-0.161495,0.263264,1
0.272151,0.64015,-0.041683,-0.36054,0.221838,0.336219,0.629675,-0.724549,0.106664,1
0.362105,0.737987,0.141162,-0.390282,0.36067,0.09521,0.297802,-0.73878,0.026335,1
0.360366,0.914937,0.217109,-0.428536,0.597778,-0.249289,0.30194,0.137093,-0.002001,1
0.214226,1.102757,0.341649,-0.437982,0.65556,-0.357744,0.271163,0.285583,-0.017648,1
0.08284,1.151331,0.366044,-0.405321,0.750434,-0.472334,0.213943,-0.182608,0.056897,1
0.082129,1.152411,0.372471,-0.393511,0.855873,-0.414545,-0.030249,0.001778,0.257568,1
-0.049939,0.780808,0.706328,-0.372442,0.873222,-0.288918,-0.048596,-0.03402,0.09863,1
0.078545,0.428884,0.931153,-0.485591,0.951186,-0.012253,-0.144849,0.225987,0.11871,1
-0.421578,-0.330197,1.513096,-0.167238,0.729877,0.386127,-0.365311,0.241342,0.173196,1
-0.378679,-1.484748,2.68706,0.092598,0.623287,0.741055,-0.003521,0.198574,-0.008221,1
0.398347,-2.386697,2.861777,0.162499,0.161985,1.48443,0.25109,-0.120816,0.194311,1
0.782142,-2.772975,2.022313,0.132597,0.26807,1.901955,0.265394,-0.601739,0.151727,1
0.943393,-2.502293,1.656,0.171432,0.823019,2.661699,0.351695,-0.516213,-0.03266,1
0.585266,-1.994148,1.360014,0.602902,1.260048,2.778252,0.52491,-0.55475,0.033866,1
0.164854,-2.043577,0.973929,1.315277,1.257767,2.651792,0.429607,-0.804718,0.032391,1
0.231834,-1.595246,0.269755,1.194841,1.534848,1.636011,0.232103,-0.601485,0.202679,1
0.235083,-0.912087,-0.635926,0.363013,1.405612,0.066108,0.026142,-0.737555,0.042551,1
-0.036743,-0.513063,-1.252816,-0.007026,1.151177,-1.081009,-0.356464,-0.698447,0.295249,1
-0.236581,0.491225,-1.527377,0.406263,0.089507,-0.73245,-0.719679,-0.175348,0.228856,1
-0.392155,1.603472,-1.512401,2.430258,-0.409411,1.102588,-0.967884,0.421382,0.223404,1
-0.773309,2.180273,-1.867095,1.855252,2.020442,-2.956932,-0.84744,0.345014,0.077117,1
-1.119163,2.982151,-1.939624,3.714897,-0.751512,-3.407145,-0.127218,-0.335298,0.159554,1
-0.552257,3.348244,-3.0452,3.513231,-3.754223,-0.670115,0.308059,-0.5825,0.113674,1
-0.832747,3.143347,-2.753561,1.862153,-5.245622,-1.383017,0.38234,-0.781283,0.168177,1
-1.454248,2.170738,-2.057799,-1.138481,-3.982561,-3.686088,0.54553,-0.59343,-0.016569,1
-1.758718,0.816615,-0.953032,-0.477292,-2.681355,-1.461457,0.579895,-0.210883,0.098126,1
-0.991392,-0.833207,0.334804,1.549578,-0.820056,-0.276682,0.333599,-0.529869,0.141358,1
-0.625828,-1.43666,0.526185,2.677021,0.713137,-0.497427,-0.211823,-0.698217,0.30427,1
-0.401873,-1.074462,0.474954,0.005046,0.399419,-0.157463,-0.819014,0.270591,0.223702,1
-0.209402,0.28906,-0.566399,-0.101395,-0.337884,0.669078,-1.071305,-0.012265,0.189346,1
0.344117,0.126459,0.239303,-0.094279,1.480821,-0.306849,-1.112557,-0.180389,0.020857,1
0.358125,-1.184139,1.959817,0.752589,1.442289,-2.189439,-0.674734,-0.056241,0.052758,1
0.335674,-2.441156,1.48086,0.057566,-0.590708,-1.040689,-0.240832,-0.30302,0.105072,1
-0.314639,-3.195513,0.391229,-2.205158,-0.141624,1.071808,0.137912,-0.159908,0.128938,1
1.513785,-0.716637,-1.338859,-0.36117,0.367923,0.533893,0.312201,0.240337,0.168573,1
0.266797,0.318696,0.48244,0.283145,1.075985,1.600796,0.401599,0.255656,0.123869,1
-0.677714,-0.475499,0.062037,-0.971693,0.667339,1.734939,0.311572,-0.061685,0.031698,1
-0.3052,-0.02521,-0.017559,-2.438556,0.207065,0.509427,0.111073,-0.138886,0.283354,1
0.000418,0.231873,-0.595997,-1.816352,0.743189,-1.41528,-0.013844,-0.031439,0.120711,1
0.712676,0.891859,-1.053333,1.017494,0.520749,-1.792793,0.171805,0.088313,0.24162,1
1.476404,0.610841,-0.802488,1.454726,0.092277,1.068713,0.076548,0.255554,0.118771,1
0.296283,0.381635,0.165898,0.393008,-0.274401,1.413204,-0.031219,0.252401,0.189498,1
0.027061,0.034789,1.474627,-0.379505,0.438704,-0.178458,-0.14878,0.348717,0.220661,1
0.109309,-0.210198,1.878002,-1.274436,0.931339,-0.228834,-0.158038,0.570876,0.336398,1
0.81116,-0.036964,-0.433046,0.113176,0.08739,0.873058,0.043875,0.633925,0.299394,1
0.359711,-0.202059,-0.01682,0.574739,0.581726,-0.29006,0.218203,0.489683,0.49326,1
0.457459,-0.328398,0.723773,1.433167,-0.317473,-0.309309,0.260009,0.306789,0.30397,1
-0.767619,-0.555881,0.402422,-0.906634,0.026312,-1.610417,0.082563,0.205014,0.320938,1
-0.233583,-0.257873,-0.520686,-3.42111,0.359325,-1.797321,0.238318,0.291876,0.146753,1
1.235112,0.546465,-0.44467,-1.952242,-0.433412,-0.38315,0.346292,0.215779,0.173959,1
0.718562,0.910515,-0.247513,-0.191814,0.042303,-1.020513,0.409851,-0.232845,-0.043473,1
-0.064916,0.586787,-0.969274,1.075941,-0.352006,-0.487826,0.582367,-0.476231,-0.039259,1
0.30238,0.341391,-0.092243,0.213143,0.228531,0.57876,0.441152,-0.522166,-0.28893,1
0.538691,0.258849,0.76174,-0.972215,0.31514,1.548584,0.290084,-0.643775,-0.35747,1
-0.486891,0.110119,0.66175,-1.171449,0.744955,1.417198,0.06474,-0.790771,-0.235993,1
-0.753737,-0.287795,0.438639,-0.746812,1.016495,0.604379,-0.077359,-1.006798,-0.046165,1
-0.150926,-0.213658,0.289051,-0.32149,0.732493,0.171713,-0.002572,-0.531768,-0.168147,1
0.298076,-0.106986,0.473284,-0.008668,0.248451,-0.000914,0.302374,1.155055,1.239045,1
0.540827,-0.019421,0.429523,-0.242403,0.009819,0.14502,-0.690324,2.83328,1.561244,1
0.615906,0.094735,0.674235,-0.183359,0.098791,0.272243,-0.024599,2.041484,0.363267,1
0.477994,0.112029,0.710821,-0.305354,0.107075,0.381975,0.657303,3.29166,1.203632,1
0.293267,0.123444,0.4472,-0.155007,0.009018,0.752325,0.028867,1.514439,0.859348,1
-0.037842,0.094662,0.108027,-0.272467,0.236846,0.215214,-1.019588,-0.114904,-0.224064,1
-0.00424,0.394661,0.209443,-0.853534,1.068195,-0.49986,1.56504,-2.76529,-1.927548,1
-0.173635,0.619979,0.553806,-1.164779,0.376824,-0.396685,1.263024,-3.124495,-1.851654,1
-0.099453,0.567718,0.577045,-0.889764,-0.224491,-0.91701,1.272809,-3.394991,-1.833867,1
-0.033814,0.251804,0.389341,-0.472128,-0.517453,-1.116993,0.962429,-2.590878,-1.080095,1
0.005938,0.003116,0.372555,-0.317009,-0.707834,-0.913232,0.003269,-1.071243,-0.301898,1
-0.017824,-0.184051,0.289997,-0.217267,-0.550534,-0.446568,-0.762004,0.623563,0.083862,1
0.025739,-0.304046,0.09126,-0.134336,-0.421728,0.196633,-1.172859,1.161114,0.417182,1
0.332852,-0.106719,0.383688,-0.672722,-0.0132,0.729038,0.701132,0.545113,1.583306,1
0.497615,0.115247,0.629647,-0.638622,-0.163591,1.540565,1.304607,5.592747,2.685781,1
0.424475,0.196662,0.518037,-0.393978,-0.200992,1.233137,-0.116933,1.822039,-0.434516,1
0.338185,0.300294,0.191985,-0.382061,0.190806,0.252922,-2.675427,0.417025,0.743928,1
0.193566,0.415657,-0.219334,-0.858408,0.421036,-0.106327,-1.482774,-1.579801,0.332627,1
0.203589,0.717768,-0.118662,-0.885021,0.62828,-0.457042,0.401503,0.917723,0.259631,1
0.148807,0.861174,0.097794,0.143152,0.442544,-0.232584,0.355416,0.370741,-0.236818,1
0.051273,0.705436,0.290172,0.303078,0.150359,0.433778,-0.017805,-0.252088,0.006141,1
-0.043382,0.371476,0.213909,-0.44293,-0.247523,0.73532,0.112541,0.058464,0.394918,1
-0.041075,0.104209,0.19274,-0.978927,0.212616,-0.220244,0.333318,0.3834,0.300353,1
-0.103883,-0.049378,0.194028,-0.149459,0.334377,-0.552229,0.127537,0.175586,0.039336,1
-0.141241,-0.070638,0.195864,0.236237,0.118058,-0.13834,0.103776,-0.419017,-0.096748,1
-0.159801,-0.177329,0.074154,0.225817,-0.07165,0.13467,0.346396,-0.9107,0.047357,1
-0.082483,-0.233508,0.023004,0.292545,-0.0562,0.055463,0.506616,-0.489997,0.12921,1
-0.042738,-0.238668,0.150507,0.219566,0.118384,-0.095621,0.232551,0.356254,0.091839,1
-0.022514,-0.182001,0.262539,0.259324,0.205141,-0.074469,-0.119287,-0.014873,0.035285,1
-0.024519,-0.252713,0.253616,0.324214,0.247444,-0.030377,-0.098344,-0.51687,0.156761,1
0.018384,-0.325886,0.262733,0.33113,0.194971,-0.034446,0.369817,-0.247019,0.039706,1
0.057633,-0.483318,0.224724,0.480137,0.133097,-0.21861,0.580208,-0.437945,0.001869,1
0.080902,-0.626136,0.172892,0.596266,0.030291,-0.389651,0.633194,-1.218649,0.01351,1
0.091597,-0.764887,0.147797,0.642505,-0.132128,-0.393616,0.64298,-0.859198,-0.052519,1
0.027818,-0.885294,0.252114,0.700523,-0.178984,-0.356249,-0.010135,-0.638038,0.147563,1
-0.02451,-0.976069,0.262002,0.763049,-0.290502,-0.186938,-0.711565,0.458729,0.092865,1
-0.001005,-1.000505,0.166208,0.870149,-0.305833,0.003203,-1.044829,0.661301,0.2185,1
-0.110549,-1.006427,0.110006,0.818462,-0.328057,0.111506,-1.019634,0.571673,0.293745,1
-0.269198,-0.837961,0.019555,0.604415,-0.432562,0.347761,-0.787926,0.198979,0.237615,1
-0.336745,-0.481965,-0.007413,0.409958,-0.353405,0.321716,-0.339586,-0.327539,0.076601,1
-0.363563,0.015061,0.134252,0.038413,-0.320555,0.222844,-0.017095,-0.439306,0.136806,1
-0.494906,0.376866,0.192483,-0.156471,-0.344673,0.202781,0.015627,-0.41611,0.021679,1
-0.538594,0.499615,0.129484,-0.092958,-0.262767,0.052552,-0.005334,-0.210129,0.147826,1
-0.454738,0.355347,0.054234,0.080007,-0.176347,-0.02338,-0.187958,-0.176229,0.063645,1
-0.360515,0.097026,0.036758,0.221603,-0.123663,0.018812,-0.152507,0.122764,0.127377,1
-0.227393,-0.094642,0.000996,0.326287,-0.027995,0.12321,-0.20893,0.023511,0.176381,1
-0.121309,-0.220559,-0.077698,0.288319,0.114729,0.146778,-0.017039,0.098678,0.058784,1
-0.121555,-0.27007,-0.255871,0.137916,0.174314,-0.09637,0.072947,-0.458345,0.172235,1
-0.21266,-0.34729,-0.124269,0.085267,0.053167,-0.045092,-0.231309,-0.472214,0.099098,1
-0.531213,-0.541476,0.142217,0.293676,-0.103891,0.143172,-0.316645,-0.28759,0.24608,1
-0.81353,-0.354589,0.410576,0.529891,-0.107195,0.266725,-0.414001,-0.075065,0.139992,1
-0.716037,0.046416,0.388967,0.615802,-0.114258,0.228648,-0.33368,-0.201031,0.172555,1
-0.663091,0.202608,0.126661,0.477503,-0.38983,0.178544,-0.222832,0.23632,0.033648,1
-0.613902,0.101616,-0.092307,0.159157,-0.436,-0.10839,-0.251949,-0.181441,0.131348,1
-0.458521,-0.123378,-0.222076,0.134795,-0.37396,-0.135048,-0.310658,-0.650556,0.075521,1
-0.290409,-0.367449,0.214921,0.432979,-0.274007,0.359988,-0.394761,-0.501935,0.198434,1
-0.068709,-0.280819,0.613786,0.756342,-0.06129,0.527472,-0.338179,0.055163,0.124396,1
-0.001625,-0.408184,0.474768,0.690652,0.246068,0.102748,-0.078077,-0.085762,0.197536,1
-0.288412,-0.694436,0.058624,0.468555,0.218606,-0.254836,-0.371738,-0.357149,0.081234,1
-0.563561,-0.703642,-0.057818,0.3207,0.053829,-0.382741,-0.236352,-0.250314,0.021562,1
-0.436807,-0.35113,0.036264,0.235731,-0.140785,-0.185875,-0.190241,-0.147332,0.160818,1
-0.304942,0.02723,0.367852,0.301759,-0.264784,0.285131,-0.203191,-0.058352,0.158653,1
-0.189892,0.208094,0.369009,0.268761,-0.144226,0.295802,-0.058442,0.155498,0.117373,1
-0.015023,0.220025,0.23473,0.126563,0.133834,-0.028989,-0.250227,0.246966,0.056608,1
0.18454,0.064149,0.00844,0.033895,0.186174,-0.065921,-0.395198,0.174296,0.06999,1
0.294474,-0.028964,-0.059666,0.061131,0.172265,0.057541,-0.168129,0.177987,0.087489,1
0.325948,-0.012669,0.039419,-0.011074,0.319042,-0.029366,0.042943,0.385512,0.152483,1
0.316706,-0.020405,0.022313,-0.069342,0.447202,-0.123606,0.007301,0.435862,0.179085,1
0.329709,0.002891,-0.048863,-0.138406,0.421151,-0.135331,0.015738,0.229487,0.206705,1
0.284832,0.065701,0.048211,-0.101035,0.397403,-0.117673,0.316489,-0.08138,0.272655,1
0.213777,0.120409,0.136411,-0.021978,0.35164,-0.106454,0.580103,-0.167979,0.18539,1
0.207242,0.116096,0.090802,0.000481,0.319818,-0.064038,0.721679,-0.125766,0.277848,1
0.212788,0.133717,0.061147,-0.03448,0.39363,-0.03271,0.938447,-0.16501,0.166397,1
0.247029,0.2272,0.111358,-0.010403,0.347835,0.127859,1.105211,-0.385119,0.249993,1
0.266674,0.378462,0.199445,-0.342386,0.406155,0.146637,1.260661,-0.317263,0.155281,1
0.30366,0.527318,0.25563,-0.375904,0.595808,0.115942,1.1985,-0.385809,0.120853,1
0.353652,0.619895,0.105576,-0.408667,0.753121,-0.011561,1.077584,-0.381109,-0.09278,1
0.351658,0.658641,-0.165832,-0.462946,0.762995,-0.07109,0.941092,-0.103274,0.03281,1
0.379041,0.703572,-0.210908,-0.507152,0.703025,-0.052806,0.827465,0.20014,-0.034247,1
0.393013,0.736466,-0.099466,-0.620065,0.561441,0.056522,0.449946,0.529967,0.353313,1
0.385269,0.797531,0.030185,-0.539336,0.509008,0.038353,0.23577,1.447193,0.261744,1
0.281045,0.740472,0.122237,-0.497081,0.482904,0.039684,-0.04563,1.38572,0.547582,1
0.239865,0.72474,0.176364,-0.41206,0.35819,0.146366,-0.452152,1.717221,0.520883,1
0.234432,0.649237,0.202637,-0.430181,-0.007244,0.280351,-1.276313,0.828803,0.473244,1
0.293298,0.582974,0.40595,-0.658291,-0.215777,0.1057,-1.062872,0.48707,0.254696,1
0.339592,0.448562,0.829012,-0.90777,-0.435637,-0.027365,-0.77391,0.578874,0.15273,1
0.253159,0.147268,1.06549,-0.789609,-0.733198,0.0572,-0.517722,-0.304,-0.29937,1
0.033666,-0.218297,0.834376,-0.635367,-1.064091,0.081077,-0.184356,-1.134843,0.027093,1
-0.184811,-0.397753,0.380886,-0.602408,-1.124002,-0.256855,0.922058,-0.296498,-0.728635,1
-0.241632,-0.305391,0.240137,-0.572719,-0.959889,-0.464182,1.418097,-1.527718,-2.497579,1
-0.281447,-0.182121,0.156531,-0.348406,-0.523373,-1.000298,1.946992,-4.20909,-1.367473,1
-0.142293,-0.099901,-0.039796,-0.518146,-0.038207,-1.093965,2.37873,-2.528413,-0.30864,1
0.081477,0.056812,0.029675,-0.541363,-0.109435,-0.576941,0.008164,-0.12773,1.105242,1
0.457152,0.285217,0.55204,-0.541732,-0.132728,0.317896,-0.62891,4.393063,2.399637,1
0.730935,0.427565,1.031598,-0.400888,-0.229893,1.460593,-2.433884,2.46197,0.110753,1
0.630966,0.108637,0.68586,0.115049,-0.582135,1.866667,-2.586399,0.859654,0.528551,1
0.362919,-0.258759,-0.525414,-0.469422,0.326085,-0.043449,-0.969928,1.491637,0.159348,1
0.522174,-0.090802,-1.016419,-1.085055,0.892959,-1.103904,-0.027402,1.009041,0.17292,1
0.289155,0.186966,-0.555449,-0.487294,0.214994,-0.228231,0.220061,-0.646599,-0.052445,1
0.147092,0.589973,0.343655,0.127166,0.140944,0.381529,0.143871,-0.775169,0.037263,1
-0.136192,0.534546,0.631088,0.241416,0.203584,0.225848,0.313768,-0.377723,0.29504,1
-0.46577,0.355451,0.529071,0.019554,0.028886,0.026231,0.178125,0.114275,0.298159,1
-0.735756,0.298468,0.335367,0.014816,0.124372,-0.193137,0.079294,0.161959,0.129379,1
-0.631316,0.333763,0.268023,-0.066573,0.302544,-0.292609,0.201995,0.236418,0.053104,1
-0.260493,0.35754,0.109433,-0.05402,0.407215,-0.083268,0.165325,0.43597,0.029811,1
0.050992,0.375409,0.08338,0.038393,0.533383,-0.026453,-0.191462,0.221333,0.159299,1
0.089269,0.332445,0.021965,0.126399,0.554936,-0.039698,0.007388,-0.058308,0.10771,1
-0.046082,0.198772,0.010056,0.114945,0.498129,-0.152426,0.049814,-0.051531,0.067643,1
-0.167354,0.171989,0.08869,0.107553,0.295972,-0.107384,-0.053506,0.010311,0.050139,1
-0.216815,0.056367,0.110789,0.106566,0.134055,-0.00167,0.07065,-0.01561,0.067577,1
-0.307487,-0.031299,0.130886,0.256268,0.065296,0.081197,-0.109972,-0.402782,0.115704,1
-0.434809,-0.09645,0.216586,0.296173,0.017321,0.100224,-0.164342,-0.397881,0.188167,1
-0.535933,-0.190062,0.233314,0.338294,-0.03653,0.107831,-0.374928,0.104121,0.145662,1
-0.610673,-0.238547,0.233109,0.374297,-0.130056,0.196054,-0.486031,0.149708,0.146574,1
-0.502751,-0.169396,0.264629,0.440761,-0.296647,0.20689,-0.582885,-0.089636,0.194843,1
-0.390203,-0.219861,0.127863,0.203276,-0.47748,0.232617,-0.329573,0.125998,0.094733,1
-0.215288,-0.26846,0.065271,0.142449,-0.446389,0.130527,-0.170036,-0.323311,0.142303,1
-0.147292,-0.273138,0.093758,0.276787,-0.452016,0.120974,0.018788,-0.11616,0.112042,1
-0.149753,-0.364238,0.008264,0.18296,-0.321358,-0.075331,-0.071148,-0.250738,0.09935,1
-0.180568,-0.478514,0.014456,0.124259,-0.252472,-0.152372,-0.219581,-0.367107,0.188508,1
-0.194806,-0.5367,0.013512,0.181699,-0.307889,-0.085256,-0.023164,0.023945,0.042914,1
-0.207836,-0.624786,0.122113,0.320125,-0.249199,0.031988,-0.304663,-0.05161,0.148076,1
-0.194676,-0.616951,0.218511,0.296385,-0.313874,0.111202,-0.444988,-0.116712,0.226893,1
-0.219199,-0.639005,0.22923,0.192786,-0.398103,0.130914,-0.302443,-0.108312,0.122854,1
-0.262862,-0.570234,0.165325,0.264261,-0.414462,0.028595,-0.294322,-0.176484,0.140375,1
-0.227345,-0.524396,0.116508,0.218597,-0.39142,-0.03674,-0.151656,-0.295949,0.112032,1
-0.262653,-0.5415,0.108572,0.232074,-0.321867,-0.095144,0.073093,-0.243961,0.078442,1
-0.249087,-0.51312,0.057504,0.322876,-0.310735,-0.070085,-0.003859,-0.339583,0.078592,1
-0.284895,-0.538599,-0.013402,0.26714,-0.382073,0.023683,0.022419,-0.353654,0.123212,1
-0.301917,-0.608281,0.007398,0.193854,-0.445112,0.097785,-0.059174,-0.268979,0.076408,1
-0.297469,-0.577093,0.139811,0.336605,-0.396681,0.163568,-0.323442,-0.350536,0.170962,1
-0.340643,-0.538814,0.197973,0.417051,-0.415668,0.141274,-0.239186,-0.260205,0.115788,1
-0.42911,-0.494416,0.148117,0.447829,-0.420217,0.097397,-0.371256,-0.200864,0.053931,1
-0.441507,-0.468521,0.092644,0.474017,-0.404637,0.00403,-0.46144,-0.239252,0.197088,1
-0.381694,-0.427059,0.129502,0.372191,-0.399104,0.030898,-0.074769,-0.294731,0.02761,1
-0.336512,-0.509301,0.075216,0.363838,-0.345473,-0.01314,-0.001411,-0.417235,0.047773,1
-0.324648,-0.548631,0.031759,0.408041,-0.310878,-0.036052,-0.062856,-0.566669,0.084846,1
-0.357127,-0.538417,0.050414,0.521298,-0.305699,-0.039151,-0.079172,-0.457536,0.11908,1
-0.437515,-0.516437,0.137142,0.595702,-0.27442,0.04546,-0.366114,-0.161464,0.108394,1
-0.436628,-0.439674,0.196973,0.596446,-0.24431,0.121769,-0.351569,-0.022651,0.098008,1
-0.36999,-0.393127,0.246824,0.484462,-0.091062,0.144286,-0.3559,1.7e-05,0.200467,1
-0.358936,-0.335503,0.288528,0.434534,0.05621,0.141534,-0.468401,0.161895,0.083803,1
-0.266612,-0.219739,0.298341,0.44332,0.163126,0.097334,-0.448974,0.140723,0.09928,1
-0.289298,-0.09838,0.145178,0.265289,0.220781,-0.071932,-0.28226,0.211491,0.117724,1
-0.235548,-0.039929,-0.047213,0.175543,0.299424,-0.281678,-0.091725,0.13654,-0.011886,1
-0.146209,0.061373,-0.048825,0.132593,0.315978,-0.244715,0.086271,0.105339,0.040692,1
-0.105728,0.108783,0.023822,0.105104,0.333271,-0.086957,-0.059909,0.120024,0.219748,1
0.006098,0.169783,0.10368,0.054453,0.403841,-0.03842,0.189424,0.174017,0.261132,1
0.051471,0.169553,0.149314,-0.071123,0.377652,-0.044062,0.066106,0.063986,0.269282,1
0.094993,0.214832,0.133992,-0.189471,0.388389,-0.005182,0.007395,0.126957,0.316602,1
0.090761,0.297602,0.083212,-0.26966,0.363186,0.101121,0.083274,0.18929,0.365261,1
0.140044,0.465178,0.168372,-0.313528,0.399365,0.216479,0.29484,0.029359,0.361303,1
0.157864,0.640494,0.186054,-0.47257,0.456315,0.315759,0.395663,-0.067092,0.3423,1
0.269108,0.775142,0.17723,-0.624034,0.587685,0.304617,0.51599,0.005868,0.227528,1
0.380962,0.858788,0.212247,-0.624347,0.764803,0.193122,0.613011,-0.216951,0.184036,1
0.386923,0.84153,0.185635,-0.614597,0.813852,0.063906,0.645234,-0.127109,0.31073,1
0.407355,0.741106,0.192936,-0.412738,0.664917,0.10142,0.391063,0.144665,0.13649,1
0.380085,0.563049,0.121934,-0.354946,0.441056,0.049426,0.071835,0.086393,0.090299,1
0.341609,0.37892,0.064808,-0.406942,0.348235,-0.036464,-0.015868,0.065161,0.026286,1
0.335141,0.293001,0.125906,-0.465194,0.277038,-0.0052,0.088702,0.392704,0.054829,1
0.345581,0.245885,0.156089,-0.397257,0.27339,-0.041035,0.125541,0.414225,0.075762,1
0.327691,0.224048,0.194859,-0.316225,0.184107,-0.048393,0.074421,0.256449,0.108284,1
0.269062,0.127256,0.234204,-0.285982,0.12718,-0.056456,-0.007122,0.197317,0.105752,1
0.210492,0.016698,0.211317,-0.305096,0.060262,-0.065476,-0.142032,0.090031,-0.017326,1
0.176916,-0.051579,0.232282,-0.354592,0.025865,-0.107592,-0.00391,0.214632,0.09406,1
0.146759,-0.097092,0.245811,-0.418141,-0.049571,-0.014948,-0.078709,0.073969,0.141371,1
0.15269,-0.07889,0.276493,-0.414473,-0.110144,0.033301,-0.299812,-0.262279,-0.036391,1
0.132635,-0.067578,0.235574,-0.384412,-0.042425,-0.009315,-0.041028,-0.200102,-0.000201,1
0.17328,-0.025987,0.252851,-0.427822,-0.050561,-0.005775,0.097895,-0.125053,-0.010358,1
0.195166,0.048247,0.262587,-0.418278,-0.027547,-0.020679,0.164048,-0.223777,-0.048044,1
0.163454,0.048028,0.177673,-0.414054,0.00114,-0.030641,0.155309,-0.0573,-0.035645,1
0.144186,0.023438,0.109491,-0.415571,0.080312,-0.00681,0.256865,-0.04736,0.014185,1
0.160432,0.056038,0.111373,-0.326042,0.229789,-0.002895,0.635716,0.185175,0.191874,1
0.215883,0.09034,0.149472,-0.214728,0.347753,0.027331,0.444993,0.236703,0.38415,1
0.22767,0.080521,0.10238,-0.181707,0.423191,0.113445,1.184349,1.371392,0.87369,1
0.184165,0.110991,-0.009625,-0.239879,0.568576,-0.025726,2.147995,3.189159,0.792923,1
0.139482,0.271004,0.088256,-0.346264,0.568065,0.094848,1.16218,0.96188,-0.318481,1
0.127459,0.433457,0.195595,-0.555551,0.589347,0.264023,0.791211,-0.07889,-0.294023,1
0.200673,0.583758,0.127141,-0.670534,0.670065,-0.130331,-0.027702,0.134118,-0.209639,1
0.304633,0.587707,-0.028972,-0.72589,0.524118,-0.623654,-2.145715,-1.356265,-0.43479,1
0.330842,0.585278,0.270756,-0.596104,-0.243093,-0.13799,-1.58613,-1.094691,-0.25002,1
0.302785,0.504747,0.556874,-0.681156,-0.945213,0.371974,-0.319357,0.400635,-0.09432,1
0.353326,0.340313,0.549282,-0.807768,-0.554261,-0.031814,0.635779,-0.669499,-0.656868,1
0.20343,0.217494,0.422035,-0.700385,0.200368,-0.637192,0.431042,-2.076375,-0.566918,1
0.065611,0.156997,0.257214,-0.550756,0.545344,-0.335808,1.605551,-1.267063,0.235079,1
0.062763,0.088321,0.153448,-0.521111,0.370138,0.075894,0.462717,-0.035086,0.549361,1
0.216669,0.213305,0.36551,-0.547645,0.399016,0.414814,3.384578,3.035387,1.013607,1
0.359215,0.437518,0.478399,-0.387296,0.344522,0.475917,-0.348482,1.914848,0.80279,1
0.498346,0.479375,0.534931,-0.397083,0.358604,0.784789,-2.213865,0.065298,0.654132,1
0.674237,0.549634,0.269724,-0.758961,0.867786,0.469079,-1.876442,-0.720857,0.20871,1
0.69946,0.593289,-0.233774,-0.668111,1.196883,-0.159506,0.380226,0.77024,0.083529,1
0.680848,0.666871,-0.568164,-0.474086,0.813177,-0.319988,0.352286,0.822939,0.040085,1
0.546781,0.592845,-0.481152,-0.290923,0.586895,-0.279704,0.073838,-0.232457,0.171959,1
0.310029,0.263643,-0.124661,0.091172,0.454616,-0.125747,0.138091,-0.346445,0.158939,1
0.003746,-0.112029,0.186102,0.383524,0.276002,-0.090198,0.398336,0.11468,0.186867,1
-0.429214,-0.461501,0.214172,0.570955,0.16364,-0.270761,0.078567,-0.110817,-0.006804,1
-0.801499,-0.654658,0.248593,0.674008,0.059854,-0.256633,-0.807153,0.289055,0.264131,1
-0.999482,-0.51595,0.468377,0.713493,-0.147158,0.036348,-0.77106,0.253026,0.181069,1
-1.122434,-0.390458,0.704225,0.696364,-0.428315,0.358484,-0.440045,-0.132186,0.048438,1
-0.894166,-0.3066,0.515532,0.725072,-0.586519,0.323197,-0.577508,-0.061973,0.13424,1
-0.61236,-0.267305,0.068399,0.400611,-0.650957,0.156676,0.114559,-0.520829,0.080353,1
-0.331904,-0.346253,-0.177901,0.139114,-0.459696,-0.179023,0.166977,-0.625075,0.026864,1
-0.371409,-0.497815,0.022886,0.259788,-0.312902,-0.168187,0.446524,-0.747942,0.095025,1
-0.442208,-0.593307,0.060926,0.489483,-0.255443,0.033575,0.116762,-0.69032,0.128404,1
-0.620072,-0.450394,0.119019,0.584121,-0.248188,0.185311,-0.197822,-0.269317,0.089125,1
-0.482761,-0.183841,0.263978,0.264876,-0.221119,0.127457,-0.298732,0.100763,0.081968,1
-0.411806,-0.099075,0.375458,0.17659,-0.245643,0.088241,-0.800773,0.202386,0.155038,1
-0.329166,-0.198043,0.225786,0.233675,-0.296447,0.230151,-0.694462,0.055816,0.189144,1
-0.312106,-0.378195,-0.017263,0.253793,-0.232205,-0.054977,-0.048648,0.041506,0.003001,1
-0.329578,-0.474036,-0.02556,0.229522,-0.144118,-0.165901,-0.168797,-0.363935,0.149056,1
-0.258514,-0.429944,-0.004147,0.296336,-0.206707,-0.042536,0.232192,-0.574189,0.094663,1
-0.236456,-0.37852,0.085116,0.3239,-0.220686,-0.00173,0.041961,-0.300207,0.105873,1
-0.291292,-0.333012,0.137279,0.193066,-0.260762,0.140489,-0.107289,-0.282015,0.145998,1
-0.315221,-0.304533,0.170366,0.1628,-0.218171,0.09885,-0.122252,-0.187869,0.103848,1
-0.314342,-0.347833,0.094336,0.157483,-0.203373,0.100851,-0.181353,0.022267,0.06513,1
-0.258689,-0.31018,0.109508,0.142895,-0.213256,0.088668,-0.168763,-0.117997,0.118715,1
-0.186055,-0.326375,0.085871,0.181003,-0.166075,0.035322,-0.092093,-0.287994,0.138322,1
-0.238719,-0.392419,0.081183,0.200983,-0.186047,0.013123,-0.226838,-0.150146,0.106571,1
-0.294034,-0.425524,0.088286,0.20487,-0.215682,0.051977,-0.280369,-0.081549,0.21048,1
-0.274319,-0.433864,0.081426,0.186084,-0.219875,0.064734,-0.077625,-0.119971,0.077253,1
-0.30651,-0.397551,0.077867,0.176576,-0.225044,0.030799,-0.154611,0.022197,0.089212,1
-0.263884,-0.385739,0.163545,0.13579,-0.270828,0.081601,-0.168315,-0.290631,0.167297,1
-0.329387,-0.431768,0.082103,0.203789,-0.284356,0.078449,-0.037876,-0.203733,0.104769,1
-0.381654,-0.407583,0.129105,0.250121,-0.327948,0.097258,-0.171052,-0.341591,0.144558,1
-0.386302,-0.304153,0.222901,0.219863,-0.325928,0.049578,-0.098526,-0.487994,0.121131,1
-0.405269,-0.33146,0.168315,0.263077,-0.324113,-0.01888,0.193788,-0.380246,0.016908,1
-0.369183,-0.363511,0.086135,0.263809,-0.340558,0.00962,0.014101,-0.498992,0.102405,1
-0.376129,-0.391939,0.092196,0.280856,-0.307418,-0.037312,-0.002457,-0.452141,0.077483,1
-0.360855,-0.472022,0.071171,0.359317,-0.304277,-0.05407,-0.119779,-0.192135,0.065028,1
-0.431752,-0.52102,-0.002323,0.386178,-0.330388,-0.032942,-0.303363,-0.224238,0.128675,1
-0.405953,-0.47947,-0.011122,0.36828,-0.348555,-0.034573,-0.333265,-0.045206,0.085093,1
-0.460075,-0.390499,0.045481,0.286136,-0.382224,0.012699,-0.316028,-0.176964,0.169597,1
-0.525143,-0.300583,0.139032,0.337626,-0.360338,0.016216,-0.35638,0.095927,-0.032174,1
-0.622907,-0.269781,0.231247,0.369794,-0.343587,0.08755,-0.533948,-0.279209,0.105907,1
-0.700139,-0.27514,0.375049,0.428751,-0.407216,0.259491,-0.579156,-0.054002,0.098944,1
-0.65591,-0.281264,0.472116,0.544613,-0.433774,0.318357,-0.576788,0.014376,0.018715,1
-0.708611,-0.305567,0.366806,0.511247,-0.38554,0.121678,-0.491567,-0.158337,-0.012382,1
-0.69641,-0.247491,0.354908,0.426333,-0.266539,0.102006,-0.365136,-0.173958,0.07007,1
-0.581047,-0.134578,0.364398,0.481568,-0.227403,0.154928,-0.363059,0.160172,0.044785,1
-0.34669,-0.067324,0.202637,0.383768,0.033702,-0.126698,-0.285351,0.125821,0.325607,1
-0.361614,-0.113667,-0.037309,0.264174,0.224102,-0.308129,-0.210242,0.537431,0.092302,1
-0.152359,-0.060119,-0.005514,0.197958,0.293046,-0.245484,-0.182811,0.519351,0.263077,1
0.064437,0.051042,-0.009495,0.105392,0.399479,-0.192752,-0.099977,0.403742,0.265106,1
0.234005,0.036412,-0.192134,-0.048173,0.665223,-0.320266,0.245877,0.18109,0.13574,1
0.456681,0.002439,-0.202293,-0.209387,0.806064,-0.261989,0.3526,0.068381,0.095005,1
0.64172,0.08656,-0.094247,-0.285409,0.811637,-0.072676,0.432098,-0.199262,0.281149,1
0.74895,0.222543,0.026122,-0.267687,0.725673,0.180133,0.531284,-0.538762,0.285234,1
0.780464,0.3916,0.080056,-0.409486,0.711311,0.286038,0.620759,-0.39581,0.435736,1
0.752985,0.600092,0.070282,-0.540088,0.764972,0.295669,0.596218,-0.074322,0.491491,1
0.659446,0.779051,0.126208,-0.651019,0.833582,0.355895,0.018907,0.172696,0.448677,1
0.574161,0.88478,0.126517,-0.923177,0.90812,0.467429,0.264557,0.27847,0.434795,1
0.533803,0.944422,0.160283,-1.06521,0.980904,0.391413,0.527581,0.973039,0.465594,1
0.514486,1.028208,0.217612,-0.976994,0.797888,0.188433,0.179478,0.989985,0.067893,1
0.471175,1.087162,0.281385,-0.860796,0.471552,0.062094,0.043632,0.164939,-0.023229,1
0.410944,0.969956,0.302229,-0.607893,0.18892,0.007507,0.206668,-0.018398,0.044739,1
0.222631,0.581715,0.290361,-0.403975,0.058206,-0.0518,0.373641,-0.197787,-0.152954,1
0.04929,0.198596,0.353067,-0.309627,-0.030379,-0.130799,0.50549,-0.526519,-0.162935,1
-0.012286,-0.099495,0.304506,-0.201075,-0.051256,-0.115175,0.464363,-0.181809,-0.145824,1
-0.053397,-0.241866,0.200955,-0.418912,-0.007726,-0.086767,0.244838,-0.102474,-0.016872,1
0.017011,-0.179233,0.147957,-0.396986,0.065183,-0.113332,0.024662,0.070145,-0.071048,1
0.186533,-0.01597,0.13982,-0.367285,0.144028,-0.111032,-0.113806,0.455763,-0.029163,1
0.309707,0.07971,0.253023,-0.310077,0.13546,-0.050411,-0.134644,0.519706,0.077694,1
0.419409,0.103566,0.368193,-0.274937,0.193188,0.317474,-0.235044,0.138414,0.101747,1
0.372581,0.031695,0.457695,-0.293374,0.290161,0.388776,-0.203919,0.099864,0.041508,1
0.249797,-0.069673,0.431207,-0.569851,0.642832,0.387107,0.033381,0.165113,0.044644,1
0.136429,-0.151386,0.297602,-0.311194,0.625586,0.03522,0.222025,0.11973,0.094471,1
0.067285,-0.178026,0.014787,0.09725,0.143107,0.542929,0.276272,-0.010835,0.017473,1
0.087463,-0.065783,-0.031424,-0.232836,0.282868,-0.119272,0.214641,0.078098,0.035179,1
0.11526,0.063278,-0.081031,-0.533454,0.224902,-0.52299,0.238976,0.138691,0.0005,1
0.197743,0.151661,-0.132254,-0.351012,-0.074247,0.043282,0.259599,0.288854,0.117462,1
0.260125,0.346977,0.042199,0.219746,-0.287507,0.889363,0.2781,0.22978,0.052015,1
0.268268,0.400416,0.162691,-0.229396,0.269217,0.084001,0.314115,0.083413,0.009209,1
0.250623,0.44793,0.218256,-0.916363,0.909662,0.029082,0.297321,-0.051765,0.006237,1
0.182473,0.508436,0.297265,-0.807834,1.109911,0.475322,0.257362,-0.010382,0.030166,1
0.28302,0.436296,0.480123,-0.782206,2.14613,1.67193,0.230653,0.041238,-0.156251,1
0.18143,0.449079,0.591625,-1.075264,3.591805,2.701595,0.082317,0.13152,-0.025444,1
0.103428,0.256012,0.102847,-1.259205,4.630212,1.78004,0.030681,0.033678,0.057243,1
-0.263361,-0.278239,-0.5842,-1.508941,3.828931,1.138179,-0.220712,0.079672,0.080132,1
0.144611,0.09881,-0.306819,-3.642101,4.071145,0.383761,-0.432521,-0.152322,-0.132131,1
0.332552,0.653763,0.195547,-3.674896,1.465235,-0.282851,0.054667,0.238895,0.541794,1
0.526843,0.726548,0.165285,-2.971519,-0.49052,-1.804029,0.75209,1.607164,1.053466,1
0.94157,1.056332,0.437074,-1.286608,-1.838282,-3.106659,0.55349,0.982311,0.597053,1
1.135359,1.432461,0.671634,0.37785,-2.64922,-4.583607,0.451419,0.581215,0.256521,1
0.965976,1.396131,0.257841,2.157652,-3.954731,-3.884746,0.661504,-0.266654,0.129158,1
0.204131,0.841387,-0.310883,2.052913,-3.445828,-2.457121,0.487113,-0.528335,0.076374,1
-0.088745,0.630149,0.194049,1.025073,-3.73586,-0.158581,0.350803,-0.523039,0.04449,1
-0.221292,0.195851,0.56127,2.483823,-2.313972,1.505438,0.211006,-0.372418,0.099499,1
-0.467087,-0.320273,0.565281,0.835962,0.872903,1.758811,-0.295565,-1.013966,0.076237,1
-0.571222,-0.686857,0.293156,-0.601822,5.306201,-3.300829,-0.013409,-0.149736,0.323014,1
-0.438547,-0.821284,-0.245616,-0.384889,4.631305,-0.820739,0.235088,0.638912,0.122934,1
-0.228216,-0.851476,-0.477963,-1.998214,3.790855,0.830645,0.176107,0.559462,-0.099348,1
-0.132598,-0.997323,-0.431299,1.787786,4.163023,-1.646049,-0.725169,0.533773,0.19899,1
-0.151266,-1.14922,0.124931,2.209255,1.941771,2.542457,-0.895991,0.158054,0.021414,1
-0.194803,-1.004451,0.93117,2.02509,-1.792561,4.598257,-1.036328,-0.123119,0.210063,1
-0.399533,-0.714441,1.102542,2.153951,-3.863476,2.252501,-1.099192,-0.167111,0.160902,1
-0.531179,-0.176423,0.67426,1.246955,-3.737588,0.134255,-0.60429,-0.098774,0.045173,1
-0.543559,0.120752,0.129302,0.450934,-3.319345,-1.367189,0.163805,-0.630708,-0.032676,1
-0.426607,0.143697,-0.325891,-0.040402,-3.167221,-2.104168,0.703275,-0.932214,0.037052,1
-0.24735,0.08922,-0.30303,0.09623,-2.828266,-2.746068,0.678767,-0.754445,0.085732,1
-0.178412,-0.177315,0.041722,0.687967,-2.128385,-3.180237,0.449468,-0.994581,0.17977,1
-0.289602,-0.485233,0.193954,1.158782,-1.701233,-3.159226,0.559937,-0.521162,-0.041713,1
-0.450884,-0.656414,0.031371,1.337155,-1.157087,-2.597944,0.045683,-0.390771,0.158108,1
-0.417711,-0.600601,0.0973,1.124419,-0.355922,-0.454301,-0.216795,-0.084042,0.117306,1
-0.341528,-0.53944,0.227958,2.041323,0.02825,-0.358525,-0.181388,0.13848,-0.000548,1
-0.363568,-0.755117,0.180331,2.768201,0.313135,-0.151127,-0.423545,-0.111782,0.246849,1
-0.379598,-0.800829,0.101241,1.502164,-1.0289,2.31563,-0.557821,0.295539,0.196652,1
-0.299973,-0.658853,0.171331,-0.149858,-2.671468,4.020706,-0.560906,0.398262,0.114845,1
-0.353796,-0.50839,0.397426,-1.830152,-3.360376,4.289976,-0.711205,-0.048974,0.157245,1
-0.543483,-0.580796,0.30991,-2.478339,-1.144439,4.459535,-0.730207,-0.098832,0.278101,1
-0.70376,-0.677284,0.119338,-2.159381,2.386378,3.272217,-0.686154,-0.326301,0.040195,1
-0.578118,-0.608821,0.001667,-1.696787,3.908341,0.778502,-0.275876,-0.436505,0.075512,1
-0.122627,-0.296546,0.131391,-1.052192,2.733409,-1.088632,-0.042042,-0.327291,0.155124,1
0.014212,0.06846,0.219954,-1.42573,1.941314,-1.306993,0.168451,-0.258992,0.095934,1
-0.146427,0.226934,0.022337,-1.441899,1.334563,-0.849721,0.140563,-0.098191,0.111245,1
-0.330536,0.150577,-0.16633,-0.519094,0.980906,-0.753956,-0.038938,-0.357227,0.148499,1
-0.302905,-0.025051,-0.214581,0.251799,0.99515,-0.65228,0.115283,-0.258357,0.013585,1
-0.357618,-0.198851,-0.084688,0.881137,0.847767,-0.440373,-0.08654,-0.01167,0.11887,1
-0.383415,-0.287795,0.083831,1.091816,0.595853,-0.026572,-0.414819,-0.114615,0.143215,1
-0.407182,-0.304128,0.143512,1.305205,0.365647,0.293553,-0.383629,-0.012934,0.092848,1
-0.364696,-0.236573,0.220534,1.549256,0.168812,0.347747,-0.444086,0.132098,0.105858,1
-0.274462,-0.159434,0.227375,1.655375,0.150296,0.261228,-0.358732,0.101521,0.122797,1
-0.280246,-0.17636,0.081876,1.542499,0.011018,0.027353,-0.100904,-0.017109,0.110126,1
-0.270545,-0.181151,-0.105164,1.352792,-0.278464,-0.172445,0.064408,0.050937,0.00096,1
-0.204416,-0.070935,-0.138219,1.192149,-0.692095,-0.199087,0.099521,-0.387873,0.087917,1
-0.178078,0.047918,0.016458,1.079171,-0.939402,-0.162351,0.065982,-0.333744,0.05808,1
-0.24319,0.115107,0.177413,0.700177,-0.815422,-0.052688,0.023996,-0.113603,0.093695,1
-0.322947,0.111986,0.263166,0.46191,-0.550611,0.128791,-0.096537,-0.157363,0.114635,1
-0.374591,0.140521,0.300512,-0.006575,-0.517824,0.365808,-0.080266,0.089046,0.12947,1
-0.356661,0.083728,0.248577,-0.462041,-0.553035,0.452521,-0.130477,0.151516,0.082881,1
-0.540692,-0.214247,-0.006721,-0.690071,-0.413037,0.441133,-0.241286,0.184987,0.074568,1
-0.413918,-0.305918,0.011119,-0.745974,-0.325516,0.65789,-0.38186,-0.18363,0.135475,1
-0.101785,-0.104713,0.370297,-0.755416,-0.169846,0.838546,-0.270943,-0.092751,0.051497,1
0.025927,0.009794,0.381222,-0.8014,0.14963,0.733925,-0.149574,-0.097667,0.089081,1
-0.084174,0.015771,0.182359,-0.789751,0.481237,0.46384,-0.052229,-0.071887,0.078958,1
-0.103863,-0.03402,0.025075,-0.562724,0.537225,0.151081,0.127845,0.003074,0.111119,1
-0.122673,-0.056837,0.040268,-0.259572,0.422378,-0.047608,0.062882,0.087879,0.141824,1
-0.08878,-0.039595,0.11433,-0.001562,0.445497,-0.218484,-0.151906,0.220101,0.142929,1
-0.075166,-0.101755,0.192009,0.256827,0.497449,-0.36237,-0.255731,0.440177,0.171746,1
-0.093714,-0.286198,0.159056,0.660745,0.269002,-0.436864,-0.363127,0.527927,0.183537,1
-0.019395,-0.384845,0.021988,0.667493,0.535743,-0.581834,-0.363124,0.471103,0.312432,1
0.011926,-0.436359,-0.053331,0.724522,0.518834,-0.561459,-0.156121,0.222243,0.401268,1
0.195193,-0.290887,0.071263,0.796713,0.56226,-0.52141,0.206412,0.096267,0.401791,1
0.273149,-0.069171,0.246705,0.635033,0.530284,-0.361129,0.356764,-0.03933,0.407553,1
0.409009,0.168788,0.345192,0.617089,0.622727,-0.104739,0.36269,-0.193708,0.431724,1
0.450399,0.366094,0.344395,0.209855,0.614189,0.192911,0.486812,-0.294897,0.353607,1
0.50855,0.5212,0.372727,-0.021324,0.677531,0.328848,0.429656,-0.090521,0.348525,1
0.557425,0.659227,0.301464,-0.573045,0.612403,0.42476,0.446361,-0.174306,0.104386,1
0.52504,0.632478,0.161839,-0.966446,0.713317,0.43124,0.366983,-0.1363,-0.019594,1
0.433162,0.519897,0.042272,-1.222106,0.809148,0.259933,0.033646,-0.176023,-0.082173,1
0.349775,0.415972,0.049807,-1.411945,0.782986,0.188592,0.257855,-0.127349,-0.07656,1
0.309284,0.316135,0.053511,-1.451378,0.595769,0.185294,0.42901,0.160043,0.167839,1
0.265592,0.202977,0.107212,-1.222685,0.409073,0.219061,0.336737,-0.054894,-0.003347,1
0.119361,0.196641,0.172903,-0.907766,0.427129,0.252208,0.385777,-0.172703,-0.097809,1
0.058547,0.295357,0.26869,-0.549228,0.392431,0.178376,0.469334,0.193618,0.0131,1
0.081999,0.426577,0.281741,-0.284501,0.28406,0.040942,0.409294,0.283308,-0.028296,1
0.084139,0.488704,0.310124,-0.062535,0.152051,-0.143221,0.269397,-0.046635,-0.037914,1
0.210321,0.474845,0.314634,0.018859,-0.010356,-0.223065,0.280007,-0.115842,-0.107285,1
0.2755,0.351852,0.238393,0.079975,-0.134789,-0.307946,0.260234,-0.029575,-0.053104,1
0.24202,0.224119,0.194451,0.014039,-0.194379,-0.298048,0.161258,0.073214,-0.04575,1
0.141219,0.145344,0.199062,-0.195761,-0.260027,-0.168196,0.158675,0.306821,0.032058,1
0.165384,0.135532,0.208606,-0.280405,-0.088709,-0.075783,0.011379,0.419186,0.155045,1
0.097393,0.133915,0.194905,-0.370733,0.030348,-0.003557,0.040651,0.39957,0.059541,1
0.13621,0.242375,0.230849,-0.504598,0.018308,0.043324,0.16912,0.153768,0.316545,1
0.222752,0.332922,0.268662,-0.526789,0.052553,-0.002169,0.011505,-0.466916,0.072618,1
0.258332,0.390772,0.377158,-0.621881,0.182675,0.092546,0.238326,-0.624553,-0.344883,1
0.203671,0.398367,0.392197,-0.713208,0.270629,0.053184,0.625123,-0.331453,-0.187442,1
0.107038,0.362422,0.228395,-0.728177,0.35357,-0.041755,0.310831,-0.036336,-0.13113,1
0.07782,0.35826,0.100032,-0.811979,0.380385,0.019176,0.190861,0.205111,0.007247,1
0.220201,0.416148,0.106215,-0.906552,0.406781,0.054163,0.093364,0.609489,0.068417,1
0.404805,0.471272,0.152555,-0.849257,0.436627,0.102693,0.412329,0.798303,0.506891,1
0.527185,0.510456,0.326865,-0.834065,0.42248,0.331928,0.405636,1.143304,0.700992,1
0.506753,0.487513,0.436437,-0.804904,0.461023,0.487053,0.220753,0.251611,0.388838,1
0.399748,0.404448,0.335264,-0.707604,0.490366,0.384319,-0.517072,0.116808,0.322473,1
0.268908,0.356452,0.090476,-0.606184,0.413075,0.26376,-0.538533,0.205653,0.200263,1
0.211463,0.267772,-0.123019,-0.469406,0.338574,0.158764,0.248084,0.485502,0.191525,1
0.166019,0.230131,-0.136472,-0.310512,0.325315,0.099173,0.433178,0.463117,0.179079,1
0.143616,0.207044,-0.046021,-0.211848,0.30393,-0.034881,-0.017491,0.206049,0.153579,1
0.127123,0.082341,0.043218,-0.085735,0.394532,-0.071795,-0.072918,0.210458,0.247992,1
0.06488,-0.090938,0.051791,-0.182624,0.373747,0.052115,0.049214,0.323305,0.123002,1
-0.076073,-0.186705,-0.002342,-0.240655,0.480534,0.090936,-0.065708,0.101099,0.127616,1
-0.150829,-0.242885,-0.095127,-1.079646,1.009244,0.49222,0.125007,0.24597,0.1766,1
-0.145674,-0.279178,0.056142,-0.694066,2.060541,0.411231,0.097128,0.51914,0.076178,1
-0.251559,-0.306015,0.284763,-1.158503,2.839318,0.966733,-0.309007,-0.678489,0.199905,1
-0.385881,-0.417591,0.262052,0.035918,1.633949,0.669783,-0.56896,-0.096665,0.0717,1
-0.512486,-0.415578,0.344859,0.761636,-0.369936,0.303394,-0.871497,-0.44055,0.089853,1
-0.500495,-0.327933,0.477891,0.407224,-0.008119,-0.904789,-0.595805,-0.200142,0.086466,1
-0.490784,-0.173784,0.289155,-0.645389,-0.715307,-0.570081,-0.168353,-0.315927,0.031258,1
-0.383489,-0.12858,0.188994,-0.014893,-2.302831,0.207307,0.018121,-0.103252,0.083868,1
-0.48531,-0.413068,0.133541,1.073432,-1.996441,0.304346,-0.107404,-0.011959,0.107663,1
-0.595949,-0.775347,0.064174,1.655844,-0.686584,0.064211,-0.103531,-0.292709,0.048192,1
-0.5205,-0.771309,0.145517,2.108675,-1.391536,0.207468,-0.22408,-0.467643,0.085102,1
-0.218397,-0.490806,0.216225,2.498338,-1.60261,0.31553,-0.27802,-0.17241,0.119748,1
-0.006261,-0.213589,0.153088,2.749759,-1.260369,-1.803846,-0.375509,-0.244166,0.148968,1
-0.099409,-0.019713,0.12723,1.681582,-0.746891,-2.735322,-0.146709,-0.015789,0.139673,1
-0.129972,0.00371,0.091074,0.317482,-2.474804,-0.291391,-0.071351,-0.082296,0.159541,1
-0.325297,-0.163004,0.138488,1.149589,-1.243553,-0.561652,0.058995,-0.093771,0.074292,1
-0.416164,-0.416551,0.100702,-0.005979,1.300321,0.110924,0.10711,-0.446755,0.051652,1
-0.42267,-0.392108,0.088262,0.730349,-2.45617,2.727603,-0.051563,-0.628114,0.05257,1
-0.368459,-0.32081,0.162758,-0.085505,-3.056659,3.469082,0.131855,-0.465988,0.039689,1
-0.346003,-0.306108,-0.017988,0.000267,-0.158316,1.050604,-0.108429,-0.299998,0.164275,1
-0.215453,-0.009895,-0.132502,0.607385,0.306761,-0.025186,-0.189601,0.169219,0.084043,1
-0.07287,0.204312,-0.003785,0.627454,-1.628265,0.94145,-0.18563,0.284013,0.126832,1
-0.091322,0.018534,-0.009629,1.18116,-1.285865,1.015162,-0.165073,0.016791,0.168447,1
-0.1629,-0.254618,0.055041,1.676462,0.990147,-1.957697,-0.132984,-0.045329,0.148337,1
-0.266857,-0.252827,0.251021,1.153533,3.411594,-3.42613,-0.121432,-0.179966,0.166793,1
-0.425882,-0.214295,0.337755,0.087789,3.438699,-2.279304,-0.213139,-0.34564,0.132376,1
-0.50631,-0.307215,0.151451,-0.275344,2.355448,-1.268261,-0.022813,-0.121717,0.050917,1
-0.493339,-0.381447,-0.023265,-0.841292,2.289047,-0.875709,-0.128323,-0.048013,0.112316,1
-0.374591,-0.439939,-0.015317,-1.48709,2.498214,-0.658098,-0.258873,0.014973,0.144142,1
-0.237343,-0.398633,0.073591,-1.893477,2.740368,-0.369363,-0.29586,-0.030666,0.105523,1
-0.146689,-0.219073,0.09903,-2.057313,2.579835,0.027434,-0.400708,-0.040995,0.12518,1
-0.221504,-0.079953,0.103376,-1.083863,2.189553,0.335478,-0.322098,-0.04376,0.126702,1
-0.280866,0.051369,0.07046,-0.060613,1.232543,0.549774,-0.207237,-0.042617,0.086111,1
-0.281851,0.199067,0.185629,0.171664,0.537951,0.768751,-0.005826,0.025601,0.096951,1
-0.25607,0.094833,0.148656,-0.090371,0.439513,0.843573,-0.051051,-0.219254,0.120123,1
-0.261334,-0.094036,0.134709,-0.069546,0.290443,0.981586,-0.042029,-0.26566,0.089311,1
-0.201016,-0.192811,0.153335,0.324219,-1.200162,1.608393,0.050614,-0.188581,0.085251,1
-0.182412,-0.246222,0.069001,1.578824,-4.046229,1.982853,-0.038063,-0.163504,0.019219,1
-0.187606,-0.238761,0.024126,1.138859,-2.1444,0.964586,-0.138644,-0.198297,0.070185,1
-0.07001,-0.104062,0.176448,0.704469,-1.015395,0.778285,-0.117136,-0.148686,0.071678,1
0.050038,0.030822,0.150218,1.077294,-1.39254,-0.042016,-0.108635,-0.102851,0.127507,1
0.063953,0.113857,0.130393,0.812078,-1.537311,-0.780641,-0.030244,0.221427,0.086154,1
0.018516,0.086589,0.039934,0.241499,-2.322861,-0.821487,0.084561,0.156299,0.135313,1
-0.100392,-0.069438,-0.004464,0.102904,-2.376627,-0.622277,0.073605,-0.060111,0.195069,1
-0.137822,-0.224502,0.267608,0.85229,-3.705611,0.187382,0.032449,0.067262,0.185094,1
-0.133184,-0.334456,0.458076,0.673206,-1.119804,0.138738,-0.229593,0.287026,0.121897,1
-0.176148,-0.398578,0.313581,0.111932,0.643122,0.155005,-0.507956,0.17741,0.255063,1
-0.182142,-0.396366,0.050739,-0.568274,1.572576,0.393262,-0.54624,0.206105,0.138027,1
-0.109626,-0.407678,-0.022099,-0.25262,1.482034,0.146875,-0.388761,0.283534,0.255988,1
0.00428,-0.32484,0.110615,-0.258141,1.419881,-0.103003,-0.184562,0.531694,0.271958,1
0.07646,-0.20342,0.296936,-0.476012,1.414355,-0.169354,0.014902,0.504276,0.356303,1
0.049302,-0.128661,0.189041,-0.237979,1.499347,-0.419896,0.129007,0.013232,0.420648,1
0.083823,-0.005884,0.231166,-0.120808,1.418814,-0.490115,0.320484,-0.267864,0.459152,1
0.153044,0.122389,0.379071,0.19195,1.020575,-0.358518,0.437292,-0.373788,0.288165,1
0.21608,0.170362,0.429366,0.170007,1.330574,-0.460997,0.399608,-0.486213,0.234979,1
0.214985,0.158716,0.317484,0.235855,1.366406,-0.473369,0.503282,-0.290845,0.007205,1
0.265036,0.193207,0.150256,-0.045955,1.545026,-0.470981,0.426628,-0.374757,-0.062864,1
0.288253,0.265568,0.063827,-0.564579,1.290189,-0.115538,0.389414,-0.432994,-0.172359,1
0.35867,0.261679,0.032109,-0.738827,0.957949,0.193503,0.38547,-0.259395,0.000717,1
0.349244,0.219868,0.058854,-0.658553,0.553356,0.377242,0.231995,-0.119863,-0.017686,1
0.406047,0.218506,0.105574,-0.653823,0.055189,0.672824,0.291039,0.035328,-0.009839,1
0.383698,0.192009,0.09679,-0.93456,-0.604661,0.815647,0.302893,0.07085,0.128596,1
0.219853,0.145106,0.105723,-0.244297,-0.88984,0.324006,0.220949,0.093218,0.015742,1
0.267011,0.151033,0.305126,-0.301352,-0.663329,0.291288,0.189308,0.091912,0.094646,1
0.218103,0.224133,0.47123,-0.583939,-0.378505,0.266614,0.178221,0.289655,0.056107,1
0.1438,0.134694,0.156751,-0.341078,-0.407295,0.041224,0.084358,0.33528,0.001227,1
0.033375,-0.016582,-0.161467,-0.524686,-0.785817,0.079758,-0.031246,0.034951,0.12464,1
0.227674,0.112202,-0.08866,-0.61762,-1.127001,0.246743,0.194397,0.090234,0.129121,1
0.305183,0.285134,0.446236,-0.451631,-1.323098,0.309335,0.271751,0.048679,0.178815,1
0.287015,0.303191,0.40117,-0.397047,-0.835724,0.362037,0.159187,-0.212444,0.103889,1
0.172708,0.300986,0.254705,-0.403921,-0.464843,0.303194,0.266089,-0.030355,0.078743,1
0.12418,0.306974,0.095854,-0.164146,0.056882,0.048805,0.226202,0.074115,0.081861,1
0.08714,0.252191,-0.031016,-0.290572,0.105555,0.034041,0.192283,0.145288,-0.074171,1
0.10581,0.156432,-0.06674,-0.152907,0.200706,-0.096731,0.179907,0.138141,0.028425,1
0.135397,0.152842,0.05548,-0.133279,0.350893,-0.144366,0.259354,0.234468,0.111512,1
0.181942,0.198397,0.178371,-0.300513,0.670933,-0.038173,0.204693,0.054683,0.158097,1
0.20387,0.259147,0.259469,-0.449747,0.811821,0.056753,0.268022,0.09568,0.111923,1
0.170227,0.334192,0.393751,-0.348756,0.864312,-0.012262,0.138437,0.007055,0.076934,1
0.137355,0.435159,0.376163,-0.38205,0.963742,-0.019834,0.005637,-0.227583,-0.019442,1
0.096317,0.467661,0.391912,-0.388276,1.020054,-0.035718,0.140975,-0.075217,0.028269,1
0.207635,0.519326,0.571859,-0.364165,1.052573,-0.141234,0.29964,-0.036201,-0.008909,1
0.224141,0.654821,2.11068,-0.419838,0.909023,-0.086247,0.359235,-0.057554,0.042244,1
-0.023942,0.513813,2.930698,-0.552117,0.888707,0.074782,0.523013,0.316715,0.182086,1
-0.020769,0.0655,1.203167,-0.527372,0.896813,0.14931,0.254855,0.823065,0.339533,1
-0.069375,0.009384,-0.238206,-0.447376,0.759253,0.062055,-0.216735,0.887892,0.38038,1
-0.291706,-0.061754,-0.702909,-0.394938,0.583875,-0.074911,-0.368202,0.429695,0.59985,1
-0.512861,-0.032176,-0.734136,-0.385378,0.423861,0.014172,-0.225023,0.33058,0.22579,1
-0.737761,-0.201602,-0.871062,-0.347031,0.303588,0.110717,-0.124071,0.21418,0.120399,1
0.000777,-0.130461,-0.22783,-0.165442,0.101603,0.13378,0.079851,-0.102642,0.062884,1
0.159533,-0.173204,0.465417,-0.036909,-0.044157,0.145748,0.255556,-0.246781,0.02256,1
-0.206376,-0.247099,0.686947,0.017716,-0.021707,0.029815,0.257599,-0.387007,0.127372,1
-0.374725,-0.545458,0.007766,-0.327811,-0.118478,0.151465,0.128082,-0.121681,0.084259,1
-0.021057,-0.863415,-0.034178,-0.401563,-0.260356,0.011743,0.116457,0.238495,0.194782,1
-0.020297,-0.978293,0.118807,-0.148439,-0.412532,-0.199593,-0.08919,0.596051,0.215129,1
-0.215751,-1.124214,-0.046991,-0.056636,-0.4933,-0.098774,0.015518,0.464677,0.231314,1
-0.493214,-0.98662,0.131518,0.079957,-0.485886,-0.035644,0.078558,0.413658,0.136268,1
-0.569971,-1.145114,-0.047812,0.031756,-0.437577,-0.021431,-0.147926,0.395231,0.121089,1
-0.340552,-1.198462,-0.253329,-0.018207,-0.462987,0.032843,-0.214406,0.400319,0.160347,1
0.497913,-0.607954,0.214453,0.061443,-0.405784,0.037173,-0.243769,0.29488,0.156039,1
0.632719,-0.344129,0.661931,0.135142,-0.484406,0.094001,0.068701,0.118614,-0.068872,1
0.915064,0.312226,0.639948,0.23509,-0.451759,0.018853,0.268077,-0.224995,0.037044,1
0.506117,0.284024,0.142346,0.143103,-0.403973,-0.068442,-0.122282,-0.549498,0.031703,1
-0.126299,-0.104673,-0.487265,-0.016891,-0.400339,-0.173729,-0.162819,-0.611973,0.039975,1
-0.070258,-0.229571,-0.796394,0.00182,-0.561077,-0.207107,-0.302786,-0.35438,0.058946,1
0.753742,0.112978,-1.203111,0.015601,-0.589095,-0.159206,-0.415618,-0.300915,0.167458,1
1.005915,0.78086,-1.729972,0.07983,-0.612121,-0.240456,-0.199898,-0.298899,0.096874,1
0.835152,1.622548,-2.418376,0.100639,-0.607786,-0.435475,-0.091622,-0.533657,0.130515,1
0.864305,0.457533,-0.768684,0.040005,-1.141224,0.002772,0.06321,-0.126481,-0.034176,1
0.544665,-0.083617,-1.004212,0.294268,-1.323569,0.151846,0.043323,-0.679493,0.115525,1
0.720487,0.954816,-1.775109,0.496835,-1.067348,0.129403,0.01183,-0.575019,0.089355,1
0.812899,2.512127,-1.915709,0.419779,-0.921441,0.366763,-0.00032,-0.26789,0.128168,1
1.389589,3.139951,-0.123086,0.230951,-0.652285,0.737812,-0.338788,-0.002029,0.147551,1
0.700379,2.520179,0.298605,0.289103,-0.799823,0.499365,-0.525496,0.202196,0.156506,1
-0.466508,0.675609,0.262692,0.557883,-0.951533,0.425178,-0.547977,0.285977,0.185364,1
-0.878854,-1.201513,0.498761,0.522059,-0.834392,0.725938,-0.345559,0.406867,0.167276,1
-0.876513,-0.910335,1.972831,0.753496,-0.476237,0.803322,-0.338319,0.070784,0.180436,1
-1.473029,-1.411236,2.96636,0.612701,0.078048,1.012508,-0.162165,-0.072359,0.169832,1
-1.632079,-2.525619,2.208494,0.71663,0.546907,1.092306,-0.225951,-0.140501,0.195696,1
-1.031519,-1.681693,1.586406,0.60159,1.183693,0.748404,-0.059911,0.022191,0.179905,1
-1.551582,-2.291773,0.471993,0.564527,1.826169,0.052522,0.239784,-0.077029,0.159199,1
-1.781413,-2.215343,-0.161239,0.504874,1.784757,-0.497294,-0.053659,-0.059342,0.146001,1
-1.254936,-0.956087,0.06548,0.555504,1.468614,-0.970514,-0.078509,-0.245318,0.10086,1
-0.82498,-0.213863,0.088618,0.620564,1.367758,-1.269408,-0.038628,-0.310415,0.069529,1
-0.640046,0.07758,0.107331,0.518999,1.436877,-1.170556,-0.11706,-0.377085,0.065031,1
-0.423076,0.32928,0.071758,0.378235,1.448364,-0.749823,-0.086778,-0.263352,0.093344,1
-0.168619,0.441996,0.001671,0.406322,1.50043,-0.427128,-0.247569,-0.322275,0.170163,1
0.052363,0.526325,0.131737,0.448813,1.436769,-0.077042,-0.356015,-0.376387,0.145037,1
0.194879,0.529087,0.430016,0.507835,1.336164,0.135007,-0.21291,-0.200403,0.068308,1
0.296734,0.4647,0.534173,0.58772,0.973889,0.270103,-0.187708,-0.462523,0.159329,1
0.310526,0.529853,0.565984,0.508954,0.509377,0.294747,-0.101298,-0.311366,0.057835,1
0.412553,0.319291,0.386621,0.428201,0.161746,0.109702,0.029172,-0.348077,0.090206,1
0.543254,0.116484,0.166099,0.51384,-0.747303,0.052999,-0.057861,-0.321864,0.052295,1
0.611948,-0.044493,0.13586,0.391792,-0.792247,-0.072557,0.088254,-0.254154,0.040282,1
0.558667,-0.221379,0.176799,0.477149,-1.40145,0.058245,0.232212,-0.207226,0.079885,1
0.400935,-0.41902,0.166035,0.396076,-1.631238,0.277386,0.095816,-0.192034,0.174562,1
0.196279,-0.516589,0.078849,0.279246,-1.993511,0.44206,0.301348,0.125331,0.073925,1
0.026057,-0.554488,-0.127627,0.144692,-2.185613,0.440231,0.506546,-0.0698,0.057377,1
-0.11166,-0.638861,-0.291139,0.028626,-2.166093,0.530987,0.248942,-0.537342,0.124557,1
-0.124973,-0.647575,-0.142762,0.112735,-2.120369,0.67693,0.084181,-0.305497,0.149104,1
-0.145811,-0.728344,0.009265,0.055345,-1.874654,0.658187,0.09158,-0.064342,0.232997,1
-0.077805,-0.780231,-0.124469,0.139355,-1.768012,0.566582,0.297995,0.316809,0.319575,1
0.031524,-0.627153,-0.321489,0.128641,-1.367552,0.542579,0.281068,0.355921,0.282582,1
0.171136,-0.351433,-0.408935,0.122083,-0.957764,0.524652,0.187917,0.616347,0.423063,1
0.258182,-0.134304,-0.515571,0.127529,-0.362707,0.523745,0.152932,1.046424,0.522154,1
0.271163,0.150427,-0.534088,0.026384,0.19598,0.541972,0.18954,0.893928,0.697098,1
0.306973,0.463636,-0.371683,-0.227012,0.934261,0.783454,0.324079,0.739092,0.492266,1
0.346222,0.678413,-0.03689,-0.527879,1.629275,0.925794,0.322387,0.354267,0.316195,1
0.300962,0.860377,0.247004,-0.664972,2.038866,0.447569,0.453075,-0.202984,0.183462,1
0.277287,0.991604,0.427685,-1.125035,1.909287,0.292652,0.785045,0.174993,-0.184446,1
0.212329,1.159875,0.497217,-1.913247,2.723011,-1.027984,0.523734,0.592468,0.003882,1
0.206188,1.423695,0.543496,-2.045049,2.695652,-1.675568,-0.037285,0.014737,-0.333127,1
0.192686,1.733993,0.76206,-1.824628,2.315756,-1.874245,-0.567791,-0.163411,0.363469,1
0.131509,1.931036,1.118749,-1.22503,1.535811,-1.463652,-0.977525,-0.162374,0.335131,1
0.124949,1.83068,1.356854,-0.679933,1.048416,-1.089829,-0.565261,0.410098,-0.256196,1
0.073192,1.433468,1.196793,-0.646046,0.924588,-0.848987,0.124634,0.423504,-0.223355,1
-0.014899,1.095908,0.953594,-0.336603,0.483632,-0.522489,0.010497,0.084784,-0.250134,1
-0.083022,0.877853,0.682089,0.001835,0.16027,-0.217013,0.437769,-1.227374,-1.14585,1
-0.124953,0.761992,0.515407,0.141897,-0.231694,0.05283,0.825444,-1.360225,-1.189311,1
-0.156348,0.692333,0.306528,0.170936,-0.822709,0.222377,1.00375,-1.388136,-0.771531,1
-0.136831,0.514497,0.166539,-0.151804,-1.214732,0.36823,0.811418,-1.391599,-0.205523,1
-0.078172,0.293967,0.092764,-0.201521,-1.852427,0.510377,1.769202,0.362157,0.166047,1
-0.042482,0.087247,-0.010673,-0.250997,-2.195268,0.446841,0.234523,1.060072,0.720996,1
0.053195,-0.085936,-0.089952,-0.45217,-2.100238,0.343764,-2.381051,0.207161,0.632678,1
0.147363,-0.123073,-0.128613,-0.562316,-1.830751,0.35194,-0.24415,0.420945,0.577377,1
0.27286,-0.079889,0.018435,-0.559044,-1.523999,0.579928,-0.213701,2.513601,1.377676,1
0.267581,-0.049376,0.041824,-0.42145,-1.213614,0.584521,-1.213678,2.421072,0.545468,1
0.230921,0.128145,0.07365,-0.258367,-0.977962,0.44276,-2.317858,0.775364,0.143032,1
0.105134,0.162168,-0.030884,-0.124901,-0.627954,0.240331,-0.807656,1.168309,0.331709,1
0.155578,0.331942,0.141047,-0.026624,-0.186475,0.219297,0.073536,1.076464,0.267364,1
0.268489,0.285309,0.302218,-0.08363,0.182877,0.224604,0.016131,-0.036948,-0.194432,1
0.218138,0.106061,0.311357,-0.280758,0.474211,0.100386,-0.012674,-0.460094,0.041711,1
0.089622,-0.043596,0.251506,-0.435337,0.918535,-0.278284,0.12643,-0.343328,0.085855,1
0.201011,-0.193523,0.286689,-0.453604,1.115359,-0.559606,0.233181,-0.338866,0.033879,1
0.300764,-0.161364,0.331179,-0.061734,1.921301,-0.815579,0.180383,-0.183404,-0.066609,1
0.155134,-0.226596,0.320333,-0.986836,1.588549,-0.291155,0.130692,-0.196046,0.116289,1
0.357147,-0.069771,0.262621,-0.992375,0.584167,0.309467,0.176292,-0.15406,0.199529,1
0.418147,-0.020514,0.179504,-0.859442,0.673735,-0.051753,0.225097,0.164565,0.108891,1
0.285375,-0.092838,0.142582,-0.255664,0.668556,-0.336147,0.359009,0.344928,0.078423,1
-0.006289,-0.338529,0.048801,-0.112111,0.363542,-0.131907,0.373142,0.294976,-0.015335,1
0.113145,-0.434153,-0.106937,-0.173385,0.336663,-0.189331,0.117624,-0.349148,0.101501,1
0.20067,-0.407874,-0.072486,-0.245829,0.301693,0.089637,-0.032214,-0.520757,0.129427,1
0.094388,-0.61937,0.068409,0.168992,0.29263,0.101376,0.070763,-0.265059,0.062294,1
0.347281,-0.684199,-0.037521,0.362489,0.029092,-0.053295,0.286594,-0.291424,0.110838,1
0.230815,-0.774312,0.086789,0.357212,-0.408228,-0.022373,0.279451,-0.466551,0.196173,1
0.388514,-0.722257,0.090653,0.414397,-0.940138,0.009169,0.372079,-0.284585,0.174613,1
0.531879,-0.638442,0.00561,0.46079,-1.188012,-0.040713,-0.064531,-0.054597,0.065381,1
0.295044,-0.574697,0.248699,0.594672,-1.051581,-0.112119,-0.21867,0.027459,0.035836,1
0.258988,-0.546299,0.180073,0.746722,-0.871069,-0.149285,-0.190055,-0.250195,0.168728,1
0.451517,-0.20223,0.085288,0.771618,-0.780319,-0.073507,-0.087605,-0.291059,0.148424,1
-0.615403,-0.474196,0.590963,0.768365,-0.74937,0.150291,-0.049944,-0.323907,0.097146,1
0.082839,0.004049,0.265603,0.6471,-0.66781,0.334078,0.181257,-0.324477,0.153786,1
0.271028,0.140149,0.060384,0.435356,-0.478989,0.375187,0.449949,-0.33766,0.258837,1
-0.054913,-0.167202,0.009572,0.376611,-0.27979,0.207599,0.61629,-0.451822,0.06708,1
-0.775968,-0.241028,0.295877,0.320593,-0.523692,0.151469,0.63408,-0.446111,0.110711,1
-0.715681,0.061631,0.213466,0.15882,-0.554649,0.239674,0.318736,-0.090391,0.080409,1
-0.39966,-0.452944,-0.425863,-0.343832,-0.18108,0.311265,0.242972,-0.073243,0.096202,1
-0.183931,0.182651,-0.295158,-0.241042,0.265971,0.121437,-0.06444,0.406041,0.133341,1
-0.652973,0.157265,0.022815,-0.121457,0.419845,-0.06787,-1.078451,0.587139,0.141572,1
-0.134375,0.928812,-0.128465,0.025807,0.216792,0.403039,-1.309955,0.456752,0.112964,1
-0.48873,0.810791,0.001328,0.304326,0.333037,0.670892,-1.135978,0.031037,0.343367,1
-0.641057,0.7582,0.075276,0.403663,0.568163,0.575852,-0.837816,0.061711,0.152314,1
-0.6862,0.999872,0.159128,0.442536,0.784645,0.299216,-0.522161,0.022286,0.179885,1
-0.792579,1.214144,0.320961,0.460399,0.763094,-0.06064,-0.225651,-0.338359,0.078328,1
-0.753932,0.879706,0.281823,0.452288,0.655622,-0.434096,0.173986,-0.201298,0.066959,1
-0.490292,0.67731,0.267612,0.459823,0.525471,-0.598052,0.150479,-0.224707,0.056904,1
0.008021,0.399965,0.163093,0.513592,0.334031,-0.50362,0.135154,-0.270614,0.127639,1
0.121203,0.160158,0.308815,0.542763,0.145113,-0.30963,0.089042,-0.211918,0.136153,1
-0.048867,-0.305012,0.429713,0.567041,0.04896,-0.044333,0.051134,-0.227076,0.144422,1
0.408436,-0.499942,-0.071643,0.563396,-0.144768,0.247581,0.126492,-0.221296,0.072557,1
0.30224,-0.731337,-0.234888,0.517478,-0.429822,0.396856,0.260765,-0.205336,0.093324,1
-0.077259,-1.021968,-0.267526,0.448975,-0.682265,0.504438,0.162909,-0.408406,0.092382,1
-0.343102,-1.179316,-0.289431,0.412234,-0.836299,0.519266,0.413826,-0.343476,0.042605,1
-0.159915,-0.736178,-0.508867,0.278496,-0.961675,0.439432,0.260221,-0.234047,0.059391,1
-0.312892,-0.637709,-0.35522,0.240143,-0.98878,0.377614,-0.068138,-0.375778,0.106071,1
-0.565765,-0.93677,-0.288915,0.16887,-0.963772,0.341078,-0.228466,-0.331981,0.158367,1
-0.689528,-0.800886,-0.094682,0.173226,-0.9347,0.246325,-0.461437,-0.28566,0.051593,1
-0.637679,-0.559084,0.047235,0.274779,-0.914097,0.15841,-0.523976,-0.242194,0.085452,1
-0.681179,-0.436229,0.267143,0.313602,-0.920166,0.03944,-0.690714,-0.374714,0.108344,1
-0.579069,-0.313459,0.501702,0.46153,-0.811956,0.118794,-0.900057,-0.529877,0.16355,1
-0.49495,-0.20614,0.639804,0.459401,-0.833859,0.043676,-0.806054,0.023575,0.042155,1
-0.296919,-0.125185,0.610398,0.513597,-0.834181,-0.07396,-0.764488,-0.104484,0.052651,1
-0.293293,-0.223429,0.700461,0.461547,-1.060634,-0.015618,-0.749853,-0.222229,0.042639,1
-0.198572,-0.111079,0.611696,0.338603,-1.216826,-0.119156,-0.350997,-0.24036,-0.115675,1
-0.087938,0.009824,0.387288,0.371972,-1.568447,-0.188473,-0.158465,-0.247856,0.031831,1
-0.037292,-0.019696,0.246655,0.413092,-1.774224,-0.278153,-0.297091,0.022937,0.081933,1
-0.205453,-0.168561,0.286313,0.209326,-1.6228,-0.167047,-0.179334,0.351369,0.115659,1
-0.171879,-0.293639,0.205109,0.037875,-1.31464,0.079768,-0.102655,0.399618,0.192017,1
-0.004379,-0.265202,0.17917,0.096104,-1.256276,0.410862,-0.277475,0.675226,0.201526,1
0.20843,0.477134,0.464503,0.357124,-1.471661,0.82827,-0.42593,0.739806,0.390288,1
0.463924,0.749694,0.129918,0.385538,-1.024238,1.001342,-0.706434,0.875734,0.395582,1
0.036869,0.858045,0.438498,0.424886,-0.947067,1.621146,-0.752131,1.095325,0.476244,1
-0.219542,1.195172,0.747136,0.424056,-0.519405,1.77922,-0.591209,1.518186,0.459208,1
-0.105022,1.440061,0.650681,0.077335,0.458465,1.441082,-0.515388,1.644956,0.648056,1
0.228453,2.210683,0.565295,-0.427239,1.115014,0.983774,-0.609856,0.781715,0.865105,1
0.202982,1.66696,-0.067894,0.087828,1.272101,0.988546,-0.502905,0.095981,0.811977,1
0.341927,1.33482,-0.454187,-0.154092,1.661093,0.176132,0.503135,0.747426,0.276114,1
0.234424,1.361527,-0.690182,-0.778666,2.410989,-0.431825,1.224436,0.112139,0.363542,1
0.277202,0.848084,-0.468985,-1.752558,3.102087,-1.343916,1.197675,-0.295495,0.353618,1
0.638444,0.64097,-0.601116,-1.793664,3.452323,-2.100131,1.664714,-0.713895,-0.42802,1
0.693085,0.373943,-0.42907,-1.672552,3.268272,-2.091995,1.902526,-1.221371,-0.715008,1
0.684582,-0.234983,-0.421394,-2.052417,2.838154,-2.138438,2.404458,-1.096965,-0.786014,1
0.960117,-0.48571,-0.242743,-2.124441,2.49468,-2.127232,1.972419,-1.810077,-0.478822,1
1.016028,-0.699017,-0.090357,-2.202225,2.368128,-1.774879,1.35191,-1.584263,-0.465501,1
0.921326,-0.783231,0.145959,-1.372387,2.025863,-1.060126,0.533305,0.325229,-0.0262,1
0.877185,-0.700608,-0.021328,-0.691244,1.408353,-0.370295,-0.180529,1.027434,0.55444,1
0.871604,-0.654082,-0.327577,-0.497903,1.111937,-0.243499,-0.262014,1.215476,0.200438,1
0.517394,-0.816217,-0.354854,0.04259,0.603453,-0.154828,-0.367107,1.084531,0.049704,1
0.338643,-0.795099,-0.370654,0.17315,0.952018,-0.584811,-0.549805,0.638415,0.112702,1
0.106227,-0.877166,-0.39948,0.022138,1.261533,-0.442258,-0.790313,0.596169,-0.120602,1
0.770098,-0.471826,-0.091574,0.009474,1.495608,-0.040568,-0.929126,0.485481,-0.056555,1
-0.743929,-1.529704,0.251118,0.246369,1.016251,0.48227,-0.348186,-0.192798,-0.357522,1
-1.560961,-2.18559,0.749972,0.685581,0.217605,0.813906,-0.045829,-0.469148,-0.22348,1
-0.76575,-0.832759,1.696357,0.702132,-0.802401,0.890985,0.157804,-0.55157,-0.487308,1
-0.040616,0.159468,1.828409,0.51296,-1.091745,0.770777,0.268337,-1.104301,-0.450026,1
0.420509,0.228233,1.16164,-0.043444,-0.97637,0.515376,0.834856,-1.203817,-0.379031,1
0.930406,0.298681,0.628097,-0.432604,-1.635466,0.458897,1.598475,0.158283,0.423237,1
1.252763,1.160221,0.556417,-0.566833,-2.665075,0.506509,0.065625,0.767465,1.302445,1
1.4409,2.009506,0.584363,-0.823984,-2.875461,0.649425,1.592239,1.669379,0.336,1
1.277201,2.192687,0.494945,-0.994626,-2.684815,0.652112,1.822503,1.338135,0.761698,1
1.017385,2.387376,0.15205,-1.081535,-2.361648,0.685412,-0.263426,-0.171507,0.265318,1
0.652181,2.632644,-0.388164,-1.070127,-2.049661,0.456807,-0.789521,-0.62064,0.082202,1
0.350966,2.925228,-0.655916,-0.999208,-1.832523,0.332564,-0.209539,0.85894,0.366209,1
0.277354,2.959306,-0.520528,-0.795192,-1.494483,0.440425,-0.043948,1.416695,0.221417,1
0.273037,2.945733,-0.331775,-0.483191,-1.195453,0.59211,-0.361143,0.497946,0.267022,1
0.297119,2.562344,-0.002739,-0.296988,-0.837759,0.683449,-0.374053,0.017781,0.154654,1
0.341457,2.122126,0.165127,-0.085622,-0.258502,0.426909,0.197846,0.293009,0.21598,1
0.423313,1.782358,0.256601,0.098679,0.21988,0.132796,-0.101893,-0.174261,0.190801,1
0.485514,1.536853,0.411369,0.361836,0.605823,-0.144144,-0.428437,-0.650652,-0.007924,1
0.6462,1.169428,0.655455,0.591712,0.858432,-0.307385,-0.34428,-0.735049,0.061479,1
0.655344,0.448172,0.99366,0.732504,1.028045,-0.411137,-0.315257,-0.719412,0.155167,1
0.209515,-0.562219,1.327751,0.825319,1.169335,-0.551881,-0.635215,-0.171988,0.199847,1
-0.345733,-1.695949,1.435401,0.914541,1.234139,-0.585523,-0.722566,0.190624,0.151875,1
-0.522421,-2.412963,0.946249,0.984505,1.231405,-0.502607,-0.568681,-0.195005,0.179023,1
-1.253048,-3.22297,0.300535,1.041462,1.069083,-0.401226,-0.185853,-0.112304,0.026599,1
-1.851837,-3.734286,-0.67388,1.352179,0.756594,-0.309566,-0.17646,-0.301084,0.112514,1
-2.178835,-3.409029,-0.915262,1.10027,0.877072,-0.426138,-0.167174,-0.2372,0.106666,1
-2.111956,-3.135895,-1.307194,0.994269,0.802474,-0.4468,-0.023138,-0.269564,0.151363,1
-1.492581,-2.602407,-1.421152,0.823973,0.658038,-0.376826,-0.129413,-0.117779,0.097465,1
-1.057361,-2.14678,-1.181572,0.68663,0.421047,-0.314095,-0.128175,-0.008526,0.121866,1
-0.534587,-1.856719,-0.851232,0.618103,0.192152,-0.213097,-0.230466,-0.217434,0.089884,1
0.016859,-1.485182,-0.319079,0.486514,0.017741,-0.033864,-0.163661,-0.18824,0.05087,1
0.340191,-1.21969,0.169997,0.269242,-0.248894,0.155273,-0.07943,-0.220568,0.129569,1
0.639034,-0.816996,0.523925,0.027015,-0.388863,0.299719,-0.097091,-0.257005,0.083006,1
0.787129,-0.340195,0.720192,-0.254925,-0.676058,0.379049,0.049023,-0.360218,0.093403,1
0.748886,0.105224,0.765409,-0.333789,-0.939344,0.33655,0.069369,-0.176313,0.099648,1
0.706091,0.513875,0.630889,-0.46186,-1.146481,0.310307,-0.152839,-0.218594,0.221947,1
0.679356,0.909397,0.475725,-0.373763,-1.257359,0.387276,-0.144912,0.046592,0.077266,1
0.487604,1.144593,0.356275,-0.408206,-1.40158,0.406787,-0.103921,-0.001212,0.153682,1
0.235922,1.27228,0.214973,-0.294153,-1.462795,0.462791,-0.293025,-0.167736,0.108209,1
-0.246928,1.3486,0.16645,-0.174518,-1.582866,0.413376,-0.100198,-0.058087,0.154286,1
-0.49876,1.420105,0.110684,-0.097365,-1.62737,0.339658,-0.003702,-0.244021,-0.019193,1
-0.652649,1.331717,-0.0608,0.034741,-1.482546,0.162109,0.04253,-0.240214,0.123412,1
-0.738182,0.890253,-0.002126,0.07681,-1.384771,0.22093,-0.090134,-0.4743,0.175972,1
-0.662268,0.783703,0.343858,0.176139,-1.206616,0.355,-0.147617,-0.240456,0.049947,1
-0.676075,0.251833,0.541274,0.317615,-1.001851,0.40121,-0.285308,-0.202615,0.162261,1
-0.753918,-0.295458,0.516287,0.406677,-0.833312,0.396827,-0.275505,-0.082325,0.067978,1
-0.573158,-0.40975,0.411099,0.428792,-0.599367,0.28206,-0.238626,-0.153344,0.188906,1
-0.171851,-0.243581,0.135812,0.591021,-0.593687,0.152013,-0.348913,-0.147652,0.091955,1
-0.001137,-0.220342,-0.033977,0.796288,-0.598383,0.109241,-0.279554,-0.22935,0.157652,1
-0.174028,-0.567158,0.021484,1.013478,-0.439789,0.179061,-0.167944,-0.33291,0.072685,1
-0.330135,-0.887036,0.082759,1.036184,-0.190187,0.123952,-0.058414,-0.348377,0.176733,1
-0.262601,-1.020708,0.021604,0.908578,0.068791,0.009706,-0.053714,-0.190646,0.081864,1
-0.169104,-1.110159,-0.058501,0.649441,0.265666,-0.2503,0.000275,-0.130511,0.072861,1
-0.184711,-1.169747,-0.226559,0.576712,0.163603,-0.578841,0.131757,-0.061915,0.024305,1
-0.10715,-1.051091,-0.268414,0.471625,0.178049,-0.485581,0.083979,-0.216672,0.170046,1
-0.038044,-0.880783,-0.076831,0.638331,0.238242,-0.082831,-0.042964,-0.012287,0.103382,1
0.022948,-0.767636,-0.010628,0.62771,0.50737,0.164457,-0.060361,0.095375,0.155838,1
0.053686,-0.631786,-0.032821,0.46674,0.765453,0.21003,-0.326706,0.040366,0.03216,1
0.060119,-0.458682,-0.02538,0.220148,0.996435,0.087722,-0.233967,-0.112874,0.126558,1
0.064428,-0.174271,0.097227,-0.054222,1.065828,-0.161294,-0.142221,-0.081817,0.121075,1
0.104062,-0.005553,0.106244,-0.18402,1.027459,-0.411544,-0.0603,0.143049,0.042841,1
0.091503,0.10123,0.126677,-0.313122,0.953554,-0.454847,-0.08168,0.104437,0.092563,1
0.129103,0.342063,0.295553,-0.411119,0.899831,-0.274355,-0.037793,0.033632,0.086981,1
-0.050719,0.565813,0.363091,-0.351438,0.735087,-0.134899,-0.020411,-0.065517,0.143222,1
-0.108931,0.722341,0.365149,-0.391711,0.540612,-0.038067,-0.102442,-0.01521,0.139926,1
-0.119468,0.682685,0.283292,-0.379371,0.394464,0.002063,-0.096398,-0.078548,0.129092,1
-0.147813,0.691075,0.331905,-0.299397,0.287969,0.026099,-0.081472,0.087667,0.15035,1
-0.193773,0.700842,0.355686,-0.20967,0.077284,0.120513,-0.059093,0.386733,0.141601,1
-0.095491,0.740901,0.256447,-0.040403,-0.079436,0.203901,-0.094467,0.466237,0.152629,1
0.01439,0.764658,0.208323,0.047904,-0.182655,0.276686,-0.147052,0.521449,0.259073,1
-0.059378,0.686298,0.190945,0.099628,-0.250729,0.348991,-0.162099,0.49943,0.300599,1
-0.013318,0.675448,0.207367,0.177682,-0.346454,0.303759,0.016986,0.268906,0.332625,1
0.137638,0.564932,0.156232,0.193712,-0.406829,0.308238,0.189394,0.092175,0.447145,1
0.202627,0.501285,0.119272,0.190418,-0.337158,0.309298,0.327483,0.307504,0.310891,1
0.296128,0.50607,0.083809,0.0175,-0.17631,0.229829,0.298456,0.472627,0.438314,1
,,,-0.046844,-0.019978,0.206894,0.407863,0.365158,0.251307,1
,,,-0.123326,0.130376,0.189608,0.46102,0.119483,0.185383,1
-0.345792,0.186559,-0.603914,-0.647926,-1.161065,-0.724193,-0.105645,-0.929756,0.30642,2
-1.031081,-1.041091,0.348071,-0.282294,-1.197931,-0.156923,-0.305829,-0.124925,-0.154224,2
-0.590676,-0.716116,0.529133,0.321515,-1.342706,0.217411,-1.00527,1.257033,0.46786,2
-0.455701,-0.534746,0.587573,0.354862,-1.34954,-0.132242,-1.441803,0.310093,0.106709,2
-0.754025,-0.575913,0.412183,0.946104,-1.606844,0.189912,-1.275649,-0.09513,-0.007065,2
-0.851727,-0.544513,0.38082,0.64619,-1.707824,0.325264,-0.857165,0.559253,-0.10805,2
-0.964171,-0.416066,0.170187,0.762323,-1.64728,-0.409221,-1.010941,0.713541,-0.119223,2
-1.461411,-0.526598,-0.051676,0.967674,-1.645861,-0.384718,-0.988977,-0.501072,-0.034195,2
-1.383566,-0.181089,-0.20373,0.988597,-1.304538,-0.384972,-0.704581,-0.515758,-0.087698,2
-1.325244,-0.16336,-0.163245,0.332008,-1.046101,-0.134433,-0.934561,-0.127329,-0.046657,2
-1.389264,-0.18093,0.045671,-0.099467,-0.941334,0.048586,-1.541605,0.685991,-0.194252,2
-1.246589,0.068228,0.147408,0.499827,-0.664198,-0.564402,-2.397333,1.53938,-0.162412,2
-0.711778,0.721611,0.150691,-0.085754,-0.356417,-0.319876,-3.007138,2.352941,-0.082097,2
-0.97398,0.705574,-0.004294,-0.686176,-0.037207,0.580622,-4.266548,3.347865,0.098467,2
-1.224904,0.762539,-0.220201,0.123781,0.478666,0.382255,-5.379312,4.455262,-0.586597,2
-0.598005,0.845164,0.083968,0.047297,0.95515,1.233265,-3.739918,5.279567,-1.045077,2
0.865878,1.511969,0.337056,0.240534,1.332767,1.086835,-2.085831,2.660904,2.052794,2
-0.552042,1.129294,-1.187725,1.197268,1.812133,-0.117206,-0.081264,0.277979,4.570977,2
0.146338,0.677876,0.646428,-1.387911,1.313014,-0.064609,0.410719,1.182854,3.073287,2
1.706574,0.82294,2.018414,-0.89298,1.631483,0.307803,2.348593,-2.293772,1.367573,2
-0.137625,0.193181,-0.606407,-0.903242,1.27487,-0.087854,4.265799,-5.469439,0.776626,2
1.077357,1.017468,0.351674,-1.718306,0.422099,-1.721155,6.04602,-6.209665,-0.956965,2
0.749402,1.040364,-0.573228,-0.858385,0.707386,-1.4591,4.598659,-4.241471,-2.681539,2
1.182663,1.176367,0.125267,0.506517,0.761077,1.119179,5.069512,-4.244073,-2.710227,2
0.139723,0.222332,0.493479,-1.713308,-0.493554,0.76552,4.780326,-3.648996,-2.532396,2
0.243425,0.155245,0.669275,-1.183745,-0.817421,1.314423,3.489507,-2.519614,-1.712335,2
0.562188,0.587584,0.095899,-0.497386,-0.670734,0.33578,2.957958,1.568519,-1.699984,2
0.319201,0.668261,-1.004551,-1.10773,-0.381434,0.155162,-7.648544,0.944601,3.419756,2
0.803454,0.244756,0.784882,-0.158693,-0.437174,0.929144,0.256421,4.181254,-1.532288,2
1.175184,0.28744,0.841591,-0.044892,0.815406,0.50445,3.787466,8.336579,2.472822,2
0.848533,-0.072586,0.408559,-0.070155,1.351266,0.342021,-2.625969,1.379262,0.187906,2
0.776226,-0.220705,-0.037716,0.131475,1.129916,0.027684,-1.216672,-3.44835,0.014146,2
-0.294616,-0.333293,-1.116311,0.060826,0.508012,-0.495971,0.383784,-1.736231,-0.08042,2
-0.486434,-0.475307,-0.277964,0.536961,0.483811,-0.751668,0.708047,0.636009,0.198792,2
-0.870666,-0.605634,-0.292756,0.288919,0.468713,-0.873449,0.448839,-0.491863,-0.57211,2
-0.413879,-0.380955,0.0942,0.426475,0.533061,-0.061912,0.892921,-1.343871,0.486885,2
-0.126704,-0.383676,0.562038,0.407948,0.36286,0.259259,0.430166,0.489139,0.400013,2
0.014215,-0.187989,0.757509,0.523629,0.279959,0.611039,-0.311989,0.328716,0.131225,2
-0.126298,-0.186511,0.697495,0.151698,-0.120044,0.402115,-1.263188,-0.612023,-0.020373,2
-0.213625,-0.094484,0.105694,-0.007643,-0.458618,0.457144,-0.85848,-0.649408,0.35522,2
-0.247714,-0.181429,-0.061005,0.12499,-0.57877,0.564517,-0.632825,0.213218,0.038166,2
-0.159844,-0.422226,0.059305,0.062888,-0.635149,0.458265,-0.48922,0.191895,0.111918,2
-0.124746,-0.58016,0.036016,0.043948,-0.466109,0.593546,0.146057,-0.529781,0.151666,2
0.033541,-0.541113,0.217586,0.463795,-0.048701,0.619311,0.460241,-0.434251,0.027451,2
0.05497,-0.425213,0.23588,0.265842,-0.019619,0.441228,0.279501,-0.468021,0.084672,2
-0.036579,-0.193599,0.074462,0.212345,-0.035488,0.144137,0.110233,-0.191766,0.235454,2
-0.173345,-0.205783,0.169577,0.565651,0.080403,0.09514,-0.156154,0.193968,0.165147,2
-0.293322,-0.005305,0.255287,0.440376,0.130049,-0.023555,-0.39896,0.381178,0.106818,2
-0.184199,0.034309,0.274954,0.16295,0.166106,0.176993,-0.096761,0.107495,0.115332,2
-0.146948,0.1643,0.328218,0.091419,0.177788,0.277081,-0.05551,0.079577,0.107805,2
-0.196035,0.043936,0.059029,0.148905,0.078054,0.127096,-0.035062,-0.221801,0.131366,2
-0.051247,0.125602,-0.148052,0.292026,-0.532022,0.892882,-0.046155,-0.23021,0.114045,2
-0.232625,0.151764,-0.397758,-0.465172,-0.698751,0.908954,-0.046229,-0.193613,0.115289,2
-0.200594,0.256622,-0.192405,-0.845925,-0.808081,0.181726,-0.11938,-0.002611,0.126762,2
-0.07482,0.432903,0.211185,-0.654102,-0.284783,0.49319,-0.17942,0.22858,0.162995,2
0.001172,0.372683,0.618983,-1.059403,-0.015092,0.953579,-0.107828,0.208413,0.143191,2
0.039107,0.315848,0.709794,-0.075722,-0.641157,0.785089,0.01785,0.223856,0.151125,2
0.119928,0.431487,0.430598,-0.191479,-2.111864,0.709416,0.11566,-0.070061,0.172608,2
0.210868,0.469258,0.309676,-0.646226,-5.01638,-1.17725,0.219808,-0.164715,0.114751,2
-0.426558,0.279193,-0.154589,-1.007073,-5.971908,-1.525601,0.301824,-0.276842,0.16581,2
-0.371776,0.790971,0.296693,-2.732276,-4.811527,-0.763334,0.327283,-0.098093,0.104731,2
-0.873916,1.088052,1.598113,-1.34223,-1.816887,0.685207,0.405453,-0.113305,0.090457,2
-2.160136,0.939853,2.735249,-0.900612,3.08389,2.811213,0.252739,-0.16512,0.105437,2
-3.423682,0.424713,1.948979,3.450194,5.962416,-2.244795,0.004707,-0.201714,0.039139,2
-2.940088,0.578248,0.658326,9.607516,7.912083,-0.250671,-0.273802,-0.300871,-0.001226,2
-2.585311,0.229991,-0.450746,2.820037,5.635058,-0.156765,-0.637923,-0.399776,0.037045,2
-2.244319,0.446146,-1.553451,-1.49976,4.261467,1.20749,-0.873505,-0.102116,0.081582,2
-1.908939,0.103521,-3.242497,1.699198,2.815713,0.876441,-0.789081,0.131683,0.098472,2
-0.022737,-1.095262,-2.729611,0.754741,1.05009,0.31789,-0.462314,0.267123,0.173209,2
2.344139,-1.988162,-1.14865,-0.39741,1.110451,1.39327,-0.094382,0.232079,0.161056,2
4.375038,-2.539012,-0.838451,-0.273618,1.276459,1.579501,0.17082,0.372993,0.141132,2
7.728926,-2.70423,0.191453,-0.265702,0.238813,2.246448,0.566469,0.184314,0.097254,2
6.488977,-3.960941,-0.166342,-2.176736,0.153594,2.308435,0.726953,0.128524,0.118621,2
4.613955,-4.328113,-0.506768,-2.546213,-2.398616,0.451793,0.559476,0.050522,0.055647,2
3.138373,0.170845,2.556452,-2.334548,-4.111089,-1.234861,0.260147,-0.063317,0.097841,2
0.434434,1.201585,3.409728,-0.119079,-4.454401,-1.326001,0.148041,-0.121979,0.188662,2
0.390191,1.545075,1.589532,-0.173898,-5.855062,-1.138556,0.047465,-0.093873,0.164632,2
-0.961951,2.509246,1.315344,-0.445305,-3.980319,-1.160708,-0.291876,-0.073125,0.153098,2
-0.401197,1.382076,2.571474,0.429034,-2.014076,-0.712372,-0.396267,-0.003539,0.100195,2
-1.203573,1.362561,1.928795,1.569464,0.281208,-1.03046,-0.348619,-0.143197,0.1488,2
-2.425523,0.748313,0.369296,4.590797,2.890286,-2.46786,-0.427135,0.051055,0.05107,2
-2.224706,-0.35276,-0.257136,5.027801,5.125501,0.754562,-0.335976,0.107124,0.098644,2
-2.649521,-0.938649,-0.650949,-0.44587,6.268628,3.121225,-0.183858,0.081424,0.043631,2
-2.65646,-1.000893,-2.004694,-0.225827,4.384515,3.305942,-0.119065,0.047689,0.089119,2
-1.654211,-0.371492,-1.949424,1.582533,2.205146,5.58672,-0.123698,-0.081682,0.144845,2
-1.71438,-0.132902,-2.359794,-1.815135,0.708935,4.132174,-0.118309,-0.007024,0.110959,2
-1.528818,-0.26251,-2.885508,-0.314834,-0.568719,3.776061,0.016982,0.037463,0.181458,2
0.065094,0.065241,-2.443085,-1.48025,0.578212,4.984825,-0.015008,0.194169,0.129083,2
1.357812,-0.576089,-1.345165,-1.769741,0.379341,3.591108,0.092678,0.311186,0.100009,2
2.536629,-0.294514,-0.88581,-1.661095,0.894661,2.680702,0.127861,0.133934,0.138806,2
3.309659,-0.672634,0.108153,-2.66712,-1.07327,1.296566,-0.035268,-0.071282,0.099379,2
2.647958,-0.78398,2.342773,-1.574994,-1.679814,-0.281029,-0.165985,-0.188924,0.128684,2
1.666676,-0.148237,3.375516,-0.496076,-2.59359,-1.578207,-0.143667,-0.265173,0.070562,2
0.946069,0.253297,4.389479,-0.481463,-4.255068,-2.644456,-0.030272,-0.107952,0.121519,2
-0.341592,0.660324,4.666488,0.658151,-4.080028,-3.703977,-0.031112,-0.012936,0.118177,2
-0.643086,0.772577,4.848173,1.658576,-3.332209,-4.391962,0.051907,-0.043555,0.115535,2
-0.425536,0.574681,3.638691,2.640752,-1.465535,-3.760164,0.141184,-0.121833,0.149434,2
-0.5301,0.362069,2.233929,3.773182,1.052345,-3.274493,0.102621,-0.028544,0.096525,2
-1.00251,0.25659,1.194979,4.012931,1.171117,-2.580048,0.007457,0.048734,0.13136,2
-1.315583,-0.009492,-0.292603,3.356319,2.05314,-2.947689,-0.10808,0.067641,0.12148,2
-1.446348,0.030367,-0.730113,1.766068,2.187878,-2.479673,-0.08734,0.110804,0.092683,2
-1.169326,-0.341,-1.663174,-0.922996,4.248003,-0.494362,-0.151763,0.122879,0.109095,2
-0.665151,-0.591321,-2.043743,-0.476997,2.393769,-0.601397,-0.115082,0.087011,0.122168,2
-1.907365,0.968996,-3.375869,-0.168704,0.905352,0.477921,-0.135012,-0.071598,0.102159,2
-3.364186,1.596374,-2.85379,0.708381,0.05672,1.423756,-0.091726,-0.1129,0.115923,2
-3.206481,0.941528,-2.315768,0.773962,0.461595,1.269691,-0.040281,-0.087689,0.102085,2
-2.184677,-0.820383,-2.284127,0.212596,0.989646,1.796666,-0.030371,-0.108256,0.113142,2
-0.19584,-1.987014,-2.301699,-1.229391,1.336362,1.813268,0.088336,-0.086426,0.092609,2
4.671279,-2.382795,-2.301049,-2.860594,1.776316,1.338072,0.139647,0.017919,0.104358,2
4.569736,-4.309589,-0.937785,-1.991414,2.820713,0.761495,0.113752,-0.019068,0.112429,2
4.335599,-3.516318,-1.313945,-2.312583,2.149397,-2.504998,0.048923,0.024306,0.108127,2
2.7227,-1.534378,-0.924761,-2.866188,0.726967,-5.159882,-0.12298,-0.085539,0.028712,2
1.688394,-0.854719,-0.322921,-2.550508,-0.010131,-5.456184,-0.28122,-0.100599,0.129423,2
2.195617,-0.565123,-0.61624,-0.251447,0.345256,-5.967299,-0.539741,0.09568,0.112736,2
1.210531,0.751875,-0.403089,-0.176984,-1.38015,-5.276241,-0.604753,0.140822,0.165023,2
0.626111,0.387388,-0.99542,3.15401,-4.527839,-3.316257,-0.462116,0.107251,0.143513,2
-0.033595,2.278824,-0.377288,4.78311,-3.640645,-0.966461,-0.139156,0.065366,0.102845,2
-0.595887,2.668138,0.251574,4.923444,-3.949265,1.866323,0.3151,0.228736,0.167717,2
0.203678,2.107149,-0.325457,4.923285,-3.975994,2.165855,0.697557,-0.02399,0.193498,2
-0.285994,2.616832,0.230047,3.377378,-2.732792,3.689629,0.682653,-0.079021,0.157589,2
-0.27813,1.057975,0.516339,1.877108,-0.990015,4.344074,0.457597,-0.161969,0.104643,2
-0.196687,0.158322,-0.604599,0.867499,1.123496,5.09703,0.283445,-0.215486,0.081125,2
-0.384038,0.491371,-1.273939,1.120784,2.130065,3.868839,0.026886,-0.292247,0.08787,2
-1.39143,-0.051782,-0.711501,-2.690195,2.482387,3.212217,-0.425445,0.063153,0.065521,2
-1.566535,-0.515342,-1.218618,-1.766022,2.868774,3.355515,-0.633189,-0.038261,0.120217,2
-2.300645,-0.772738,-1.642572,-1.224276,3.670768,3.909096,-0.66463,0.187066,0.157399,2
-2.948478,-1.515558,-1.756006,-3.43522,2.620019,2.602613,-0.446818,0.234347,0.097592,2
-1.724203,-1.201808,-1.691287,-1.512737,2.154982,2.848603,-0.188376,0.044816,0.137379,2
-0.600713,-0.962595,-2.021783,-1.62989,2.234232,2.35837,-0.154431,-0.091906,0.137533,2
-0.198157,-1.873471,-0.27784,-1.450678,-0.071341,0.775884,-0.135379,-0.083375,0.089912,2
2.019783,-0.859341,2.382892,-0.838986,-0.8117,-0.699023,-0.058027,-0.048219,0.11517,2
2.492207,-1.236737,4.00588,-1.023192,-2.110795,-0.930012,0.026471,0.024898,0.129026,2
4.343228,0.058894,5.217531,-1.099784,-2.979824,-0.392433,0.089061,0.259376,0.164917,2
2.522876,-0.00693,5.942748,0.079911,-2.599307,-0.903909,0.210943,0.203567,0.136192,2
0.758477,0.504102,4.624047,0.376319,-2.746777,-0.68361,0.382593,0.209394,0.158987,2
-0.854226,1.352904,2.867725,-0.165723,-2.390332,0.085195,0.320336,-0.026919,0.109135,2
-1.741657,1.589576,0.933199,0.618378,-2.429335,-1.094171,0.091256,-0.217666,0.12604,2
-2.212644,0.719281,1.197102,1.436158,-1.471017,-1.474325,-0.164395,-0.148441,0.123885,2
-1.395197,1.033292,0.842417,1.237816,-0.587048,-1.285724,-0.1955,-0.032958,0.115624,2
-1.609419,0.497204,0.066671,1.207188,0.712759,-0.300612,-0.14928,-0.00903,0.099784,2
-0.860244,-0.068696,0.566119,1.995351,2.154641,0.210365,-0.103532,-0.004468,0.014143,2
-0.940541,-0.275194,-0.158904,2.208254,2.993155,0.480053,0.039834,-0.106404,0.133567,2
-1.071833,-0.45022,-1.242856,1.200887,3.813347,1.768691,-0.00023,-0.272022,-0.020615,2
-1.411536,-0.468112,-1.586505,0.786332,4.059863,1.461908,0.016765,0.053322,0.148852,2
-1.620628,-0.099664,-2.680956,-1.811512,2.525775,1.7508,-0.22675,0.051949,0.042734,2
-1.934909,0.065361,-3.405674,-1.637914,1.789864,2.346927,-0.175605,0.160911,0.249623,2
-1.672707,0.239787,-3.33859,-1.001167,2.386463,2.739267,-0.188109,0.161813,0.144009,2
-0.713151,0.899291,-2.28153,-1.632892,2.534441,1.985712,-0.167188,0.224282,0.28836,2
0.694275,1.372577,-0.529551,-0.957562,2.63419,0.711146,-0.181018,-0.224449,0.178851,2
1.509153,1.99905,-0.782932,-1.324525,3.1276,0.808647,-0.070616,0.085273,0.054963,2
3.415565,3.159607,-1.033951,-2.098751,2.430782,-1.484868,0.192063,-0.186671,0.18444,2
3.412621,2.093085,0.959511,-1.913663,1.682537,-0.910463,0.309385,-0.142117,0.018938,2
1.964318,0.783896,1.946229,-1.700951,1.705176,-1.052327,0.296194,0.081297,0.244452,2
1.72531,1.212041,2.161975,0.237174,1.787308,-0.489619,0.010099,-0.024828,0.131336,2
1.601679,1.485371,1.595195,0.390674,1.451224,0.069425,0.179693,-0.251624,0.145801,2
1.908874,1.221462,1.740052,1.468814,2.013762,-0.142459,0.168666,-0.157465,0.279231,2
1.835584,0.461149,1.566451,3.125994,1.196523,1.511216,-0.098987,-0.364274,0.158428,2
1.46697,-0.161255,1.183521,3.164286,0.271184,0.975825,-0.059509,-0.242571,0.138448,2
0.51984,-0.836974,1.218717,3.565049,-0.876763,-0.297135,0.098054,-0.07345,0.264522,2
0.161976,-1.192614,1.536634,2.824327,-2.109384,-0.194215,0.000338,-0.013746,0.003535,2
-0.030318,-1.47841,1.69112,1.805408,-3.227317,-3.123515,0.108733,0.175513,0.017831,2
-0.416547,-1.705546,2.100732,0.029486,-2.76217,-3.992236,0.268162,0.409144,0.137273,2
-0.467387,-1.734461,1.847737,-0.080733,-3.002966,-2.998822,0.004546,0.124037,-0.098848,2
0.195893,-1.521933,1.740326,-0.703769,-2.18289,-3.243248,-0.232667,0.152713,-0.020926,2
0.181221,-1.607845,1.239738,-1.192043,-0.711957,-2.601051,-0.455635,0.298727,0.062223,2
-0.236596,-1.773893,-0.062585,-0.279165,-0.711217,-3.124566,-0.712952,0.221673,0.119361,2
-0.542565,-1.370231,-1.338011,0.234191,-0.481878,-2.185711,-0.714465,0.24155,0.144684,2
0.087537,-1.375676,-2.433066,0.590159,-0.526814,-0.689663,-0.461859,0.099927,0.043359,2
-0.398118,-0.461908,-3.212694,0.845652,-4.996587,6.741337,-0.330729,0.148685,0.035947,2
-1.564034,-0.580579,-2.740461,0.327222,-7.41419,9.157316,-0.119094,0.25623,0.064317,2
-2.810699,-1.248404,-1.725955,0.241895,-4.422335,6.53009,0.0075,0.079951,0.185199,2
-4.157171,-1.647665,-2.293718,-1.270964,-3.580012,2.724859,0.056749,-0.066956,0.259974,2
-5.289277,-0.830967,-1.293925,-3.624685,-2.105274,3.207749,0.046803,-0.061018,0.153361,2
-5.541551,0.015921,-0.888875,-3.3555,-1.652474,2.136761,0.163017,0.033664,0.124038,2
-4.724639,-1.914513,-0.636439,-2.086086,-2.055881,1.212506,0.420143,0.394388,0.13835,2
-4.596579,-2.903586,-0.263302,-1.034999,-1.957726,1.326886,0.600265,0.533372,0.099971,2
-4.474683,-3.55105,-0.177496,-0.155005,-1.895496,1.600043,0.356537,-0.035795,0.106709,2
-2.911439,-3.931356,0.748624,0.298393,-2.311693,1.047096,0.034562,-0.223946,0.026729,2
-1.05509,-3.98522,2.189895,0.948335,-2.484501,0.99473,-0.111524,-0.010381,0.04051,2
-0.614145,-2.808827,2.297929,1.161494,-1.620282,0.881055,-0.192919,0.125181,0.135543,2
1.296334,-2.503531,3.273396,1.132089,-1.32408,0.785556,-0.325959,0.129461,0.159288,2
2.613723,-1.060528,3.612438,1.678711,-1.457444,1.412621,-0.295896,0.223598,0.161585,2
3.394447,0.586783,3.811586,2.156821,-1.068775,1.074499,-0.238746,0.230217,0.138238,2
3.543835,1.246747,2.889617,2.155368,-0.816991,1.121947,-0.101497,0.104921,0.086145,2
3.227963,2.678165,1.92526,2.605922,-0.794533,0.989139,-0.096262,-0.103931,0.052243,2
2.126382,3.485213,0.933573,2.905388,-0.501667,0.381458,0.00703,-0.20377,0.089071,2
1.588014,2.827345,0.156159,2.121496,-0.28052,-0.732037,0.079948,-0.245619,0.033015,2
0.967154,2.360514,-0.1728,2.245142,-0.418774,-1.008634,0.174852,-0.230719,0.077235,2
0.53109,1.858422,-0.45944,2.458243,-0.090565,-1.416751,0.126636,-0.132813,0.189685,2
0.114062,1.009063,-0.749186,1.391539,0.789007,-1.863586,-0.057833,0.087174,0.202693,2
-0.226515,0.838285,-0.590101,2.040349,1.616687,-2.304853,-0.203896,0.131189,0.220089,2
0.13662,0.652853,-1.190077,1.788753,3.121119,-1.738865,-0.190497,0.343283,0.184564,2
-0.120236,0.530413,-0.531197,-0.126177,1.951592,-1.294951,-0.167178,0.426568,0.227722,2
-0.310089,0.571285,0.034693,-1.599591,1.920111,-2.551982,-0.009104,0.12673,0.160671,2
-1.728431,0.6108,-0.794604,-1.611751,3.811881,-1.422498,0.007828,0.143155,0.123774,2
-2.318677,0.709326,-0.758293,-1.148054,5.138753,-1.123602,0.013626,-0.049193,0.085093,2
-1.68751,0.416688,-0.365141,-1.771163,5.537662,0.123438,0.171062,-0.318572,0.077729,2
-1.349759,0.408711,-0.579077,-2.494297,5.375034,0.508909,0.110571,-0.189042,0.127786,2
-1.358101,0.890511,-1.706525,-1.740205,5.592719,1.398593,-0.044604,-0.138606,0.101682,2
-0.891221,0.649168,-1.500426,-1.647285,4.128806,2.291924,-0.110394,0.078217,0.123166,2
-0.012745,0.247854,-1.422503,-1.477412,2.522276,2.333829,-0.132374,-0.006792,0.09082,2
-0.425031,0.791991,-2.485056,-1.056557,1.455854,2.038159,0.018857,0.190337,0.204959,2
0.486688,-0.573886,-1.449827,-1.555642,0.242373,1.354129,0.073129,-0.038089,0.154627,2
2.547112,-1.042231,-0.49861,-1.186542,-0.917406,1.070929,0.295053,0.280895,0.194166,2
4.005977,0.800302,-0.858252,-1.177747,-1.400517,1.077177,0.307412,0.041831,0.18351,2
3.946323,0.417726,-1.412912,-1.024269,-2.061554,0.713347,0.14038,0.362008,0.145948,2
3.184247,0.114508,0.024487,-0.777406,-1.991055,-0.459725,0.216261,0.133791,0.157773,2
2.336891,-0.302605,1.821346,-0.025149,-2.120453,-0.595963,0.248979,-0.19641,0.020699,2
1.460628,-0.596268,1.220466,0.453404,-2.069536,-0.926394,0.415417,-0.607566,0.062415,2
0.252093,0.339517,1.578412,0.550343,-2.022446,-1.370091,0.123895,-0.34742,0.061178,2
0.259168,-0.389797,2.124012,0.765095,-2.564851,-1.601978,-0.25708,0.075096,0.126106,2
0.201459,-0.547998,2.121778,1.892386,-1.72275,-1.336995,-0.401985,0.250381,0.047401,2
-0.20935,-0.028486,1.772006,2.223462,-1.361806,-1.882807,-0.314736,0.39113,0.192429,2
-0.340495,-0.5955,1.486608,2.172637,-0.931289,-2.01327,-0.15152,0.477562,0.088145,2
-1.159092,-0.787917,1.13391,1.080488,0.281687,-1.55564,0.024293,0.170265,0.144087,2
-1.561303,-0.046528,0.354486,1.440956,1.423703,-0.774506,0.106389,-0.30193,0.019821,2
-2.410244,0.19852,-1.034452,0.967755,1.912486,-0.554521,0.133876,-0.316889,0.122585,2
-3.377171,0.235039,-0.978956,-0.201554,2.950659,0.660786,-0.13164,-0.136408,0.03365,2
-2.718209,0.145774,-0.859802,-0.85657,3.629363,2.592177,-0.273934,-0.012921,0.131621,2
-2.04262,0.145805,-1.780841,0.19566,4.159328,2.900454,-0.438846,0.135051,0.120041,2
-2.124815,0.222717,-2.83984,-1.716969,2.05535,1.894483,-0.493295,0.059687,0.182874,2
-1.727547,0.09083,-3.899516,-1.282743,3.083164,2.343624,-0.420645,0.072587,0.05484,2
0.719062,-0.94216,-3.006105,-0.448669,0.337746,1.68516,-0.123664,0.042324,0.070716,2
2.970993,-1.658217,-0.603518,-0.694917,-1.783188,2.241974,-0.099297,0.071168,0.147606,2
5.970758,-0.765253,1.934675,-1.367107,-2.94662,1.750457,0.016127,0.253477,0.231577,2
5.148274,-0.386009,1.890459,-1.035903,-4.246226,1.074607,0.314876,0.250607,0.134279,2
3.761875,0.591954,2.387604,-1.157129,-3.97295,0.175173,0.499179,0.251058,0.121766,2
1.527361,0.484478,2.088769,-0.047629,-3.159534,-0.715013,1.190895,-0.50315,0.097289,2
0.658947,0.073969,1.919481,1.225007,-2.475083,-1.578383,1.341143,-0.795435,0.051108,2
-1.007734,0.547685,1.371841,2.896179,-1.725538,-2.517431,0.721573,-0.568852,0.079938,2
-2.069659,-0.234832,1.267303,3.050809,-1.242688,-3.084554,-0.057275,-0.169628,0.126646,2
-1.685547,-0.437144,1.840677,3.14488,0.526415,-2.852114,-0.810444,0.37468,0.119637,2
-2.233885,-0.700962,1.435636,3.005537,2.689055,-0.911916,-1.161681,0.247282,0.179146,2
-2.085884,-0.545034,0.417673,1.036059,3.406483,0.732004,-1.001971,0.027475,0.179048,2
-2.070166,-0.397723,-0.43325,0.320375,4.740341,0.44396,-0.606898,-0.161014,0.158517,2
-2.528479,-0.818894,-0.729843,-1.791644,5.037874,-0.157206,-0.650267,-0.810946,0.190753,2
-2.414477,-0.314767,-1.599031,-4.040139,2.372299,1.253016,-0.579262,-0.705549,0.116491,2
-2.572714,0.374363,-2.44566,-2.971991,1.725435,2.883998,-0.459332,-0.607756,0.05213,2
-2.304461,0.974647,-2.760012,-2.133104,1.302042,2.569123,-0.496229,-0.511275,0.113042,2
-1.813663,1.455847,-2.804027,-1.809127,1.839601,1.900896,-0.516478,-0.753221,0.037789,2
-0.323333,1.203246,-1.88772,-0.822535,1.736961,1.02136,-0.916836,-1.066324,0.237246,2
1.141238,0.547194,-0.974377,-0.054749,1.954283,0.721851,-0.721911,-0.019981,0.198688,2
2.352187,1.092225,-1.326709,0.663181,2.27759,0.393012,0.019231,0.412216,0.053823,2
3.743973,1.122581,-0.768166,0.754401,1.709716,-0.837426,0.095828,0.533985,0.125115,2
3.096414,0.156863,0.730252,0.65234,1.330316,-1.215441,-0.301852,0.589536,0.557648,2
2.411025,0.117906,1.913022,1.821936,1.334242,-0.83335,-1.012491,0.735665,0.49808,2
1.308372,0.372663,1.46296,1.934538,1.230303,-0.495784,-0.550082,0.966816,-0.5757,2
1.129181,0.43274,0.821948,1.927527,1.019778,-0.937331,0.978103,-0.035504,0.192693,2
0.75571,0.1119,0.468353,2.444705,0.642245,-0.189675,2.028286,-0.859496,0.156205,2
0.46377,0.081106,0.484587,2.984514,-0.031383,0.529085,2.585482,-2.030353,-0.265781,2
0.502544,-0.159919,0.554214,2.49928,-0.772076,0.803761,2.159901,-1.772529,0.114022,2
0.925454,-0.390584,0.735058,2.241569,-1.605048,0.723778,1.202305,-0.253102,0.400518,2
1.2811,-0.590431,1.116011,1.305811,-1.711804,0.390742,0.245947,1.139391,0.464458,2
1.202833,-0.91679,1.418833,-0.085065,-0.346041,-0.327679,-0.695888,1.625643,0.722319,2
0.859504,-1.023874,1.826426,0.731761,-1.38281,-0.212639,-1.470223,0.557769,0.214994,2
0.714226,-0.788867,1.779775,-1.10297,-1.158155,-1.372274,-1.115306,1.763297,0.560395,2
0.21759,-0.603455,1.630634,-3.079664,-0.314216,-3.574562,-0.734119,2.171554,-0.000286,2
-0.006939,-0.024902,1.131661,-2.721903,-0.095474,-2.490832,0.382772,-0.305532,-0.691023,2
0.159133,-0.33848,1.051583,-1.540471,-2.040952,1.749688,0.820281,-3.799894,-2.009969,2
-0.088213,-0.666015,0.066873,-0.521695,-4.019406,3.425535,2.011861,-3.586233,-1.701094,2
-0.502418,-1.241607,-0.990118,1.071555,-3.075553,1.388257,0.047969,0.549273,1.267519,2
-1.496999,-0.809078,-1.6281,3.299995,-5.172587,0.797955,-0.562901,2.442591,0.770354,2
-2.268311,-0.555921,-1.42102,0.299021,-6.050319,2.935649,0.258313,0.308023,0.796767,2
-3.351817,-0.344294,-0.635621,-2.870579,-3.849085,3.192095,-0.589276,1.328263,0.001099,2
-2.652725,0.201594,-3.286294,-3.950536,-2.736147,0.902372,-0.765065,1.513712,0.411257,2
-3.241103,-0.845415,-3.006528,-3.217932,-2.713907,-0.421124,-0.540513,1.467158,0.381895,2
-4.284276,-1.106899,-2.248258,-1.670705,-3.573848,-0.088033,-0.435859,0.708752,0.147642,2
-4.98076,-1.85042,-0.91028,-0.656083,-2.661159,1.276721,-0.266339,-0.239892,0.007964,2
-4.016667,-2.164396,0.829197,0.026284,-1.833769,1.799828,-0.092031,-0.724835,0.213519,2
-2.490225,-3.757163,2.212011,0.547113,-1.841686,0.726809,0.198562,-0.352977,0.126077,2
-1.926599,-2.837496,2.016589,0.730918,-2.263192,0.901719,0.314593,0.073207,0.073119,2
-1.19998,-2.110855,1.563099,0.600053,-2.086974,1.144823,0.093475,-0.019233,-0.062528,2
1.116003,-2.415257,2.216941,0.713821,-1.562609,1.043568,-0.097217,-0.119061,0.168166,2
1.317223,-0.922829,2.358141,1.25051,-1.732816,0.721451,-0.265561,0.168705,0.179177,2
1.978686,-0.106559,2.058231,1.201339,-1.259431,0.656163,-0.396638,0.440599,0.27368,2
2.956811,0.473756,2.074032,1.310073,-0.92048,0.581357,-0.528661,0.41152,0.226478,2
2.589535,1.17164,1.152162,1.160631,-0.336422,0.492635,-0.363857,0.351754,0.188782,2
2.239293,1.453987,0.189733,2.045144,-0.332679,-0.15894,-0.23199,0.219415,0.199863,2
1.540821,1.857602,-0.427835,2.261445,0.249388,-1.4823,-0.052438,-0.039948,0.120781,2
0.737313,2.113768,-1.030972,2.352485,0.622845,-2.313639,0.179323,-0.155834,0.085734,2
0.075002,2.249136,-1.764361,2.271548,0.840192,-2.839688,0.333635,-0.291879,0.099882,2
-0.630758,1.814454,-1.497505,2.191983,1.671889,-4.891399,0.459019,-0.215134,0.062745,2
-0.6067,1.506926,-0.4318,1.557319,2.529886,-6.655514,0.245705,-0.088588,0.19235,2
-0.333563,1.107813,0.139219,0.894777,4.78959,-3.575648,0.302868,0.014249,0.173912,2
-0.387081,1.033035,-1.111099,0.999202,6.021312,-0.179852,0.284821,-0.116815,0.032543,2
-0.394055,0.953895,-1.642775,0.171396,6.260928,2.82515,0.345054,-0.287093,0.133595,2
-0.830902,0.717369,-1.957541,-1.414557,5.774205,2.63033,0.363957,-0.014837,0.028104,2
-0.862972,0.541577,-2.463047,-1.258253,3.785306,4.714997,0.095081,-0.235735,0.104098,2
-0.692356,0.34186,-2.508317,-1.178202,1.903581,4.536489,0.100257,-0.559994,0.063914,2
-0.507692,-0.271694,-1.027681,-2.116433,0.379576,4.145305,-0.193167,-0.335513,0.011134,2
0.374517,-0.131498,-0.804413,-1.691553,-0.473827,4.037198,-0.560108,-0.127559,0.12044,2
0.597006,-0.238531,0.831957,-1.318482,-0.30791,2.090493,-0.806221,0.11741,0.145034,2
1.468115,0.525822,2.834537,0.082141,-0.834979,2.557486,-0.443274,0.312722,0.26283,2
2.359777,0.296926,2.359347,-0.074626,-1.118958,1.464933,-0.279454,0.24144,0.187834,2
2.75811,-1.425642,2.326491,0.41723,-1.803617,-0.350705,-0.079008,0.302574,0.233031,2
0.483079,-1.711905,4.101385,1.151474,-2.132389,-0.071515,-0.017024,0.27261,0.153662,2
-0.572007,-1.065324,3.913795,0.373334,-1.295807,-1.507857,0.172198,0.234106,0.108675,2
0.33633,-0.800871,3.334723,0.520204,-1.072864,-2.692217,0.185519,-0.206914,0.103619,2
0.887292,0.587985,2.207767,0.048525,-1.10728,-2.343278,-0.060785,-0.018455,0.132097,2
-0.856659,0.309471,1.663706,-2.573813,-1.054971,-2.984539,-0.21171,-0.170658,0.082647,2
-1.224916,0.533932,-0.241353,-2.519139,-0.03187,-4.064383,-0.065943,-0.44882,0.135514,2
-0.793611,1.186559,-0.776113,2.828419,-0.016468,0.132461,-0.06087,-0.014586,0.089273,2
-1.399164,0.207683,-1.563383,4.695719,-0.681284,4.35809,-0.216445,0.282357,0.062274,2
-1.49204,-0.348551,-2.017241,0.256561,1.703542,0.568358,-0.176338,0.077877,0.073197,2
-1.156182,-0.537062,-2.274239,-2.649523,2.186666,0.554398,-0.1401,-0.317134,0.102714,2
-0.88045,-0.82168,-2.544326,-1.815438,0.947934,2.748485,-0.260566,0.006765,0.143279,2
-0.721743,-0.741904,-2.222323,-0.57238,0.55395,2.212266,-0.358042,-0.040874,0.092008,2
-0.42177,-0.169481,-2.198515,-0.312409,-0.088182,1.437458,-0.257336,0.010244,0.128031,2
-0.156076,0.185613,-0.94494,-1.278037,-1.211764,0.879191,-0.095504,0.167122,0.13552,2
0.324242,0.282562,0.839823,-0.608512,-1.221653,0.197495,0.03023,0.297852,0.142947,2
0.487667,0.090927,-0.009634,0.586561,-1.410832,-0.177165,0.055342,0.327638,0.183029,2
1.849353,1.213377,0.641929,1.401968,-0.840594,1.248878,0.108567,0.179125,0.108146,2
1.747629,1.880913,2.435313,0.015826,-0.065806,1.140194,0.377861,-0.042239,0.198642,2
1.366474,0.945874,1.875511,-1.802785,0.426413,2.679841,0.08001,0.256649,0.158874,2
0.672968,2.771735,3.236382,-2.867655,1.607577,2.717467,0.090491,0.138884,0.033574,2
-0.827449,1.842207,3.062032,-2.45439,2.155035,5.132228,0.08159,-0.196907,0.07352,2
-2.088582,1.238327,3.179257,-3.453429,2.631899,5.36256,-0.114948,-0.617285,0.093745,2
-1.85985,1.163504,3.448867,-2.812144,0.977109,4.645417,-0.223242,-0.328158,0.071827,2
-1.317122,1.372884,3.643023,-2.432708,0.592734,4.502089,-0.095852,0.000936,0.116834,2
-1.099244,1.040132,3.033743,-0.022358,-0.136683,2.408138,0.135411,0.11694,0.175972,2
-0.420195,0.738291,3.014249,0.67791,-1.253048,0.666354,0.304773,0.168674,0.159212,2
0.473172,0.592031,2.855378,1.546002,-1.233703,-0.956021,0.334014,0.22909,0.17785,2
0.327373,-0.018092,1.576929,2.181264,-1.771703,-3.048157,0.297964,0.135908,0.19928,2
0.275904,-0.596848,0.745391,1.636054,-3.465883,-6.109861,0.053163,0.037377,0.138509,2
-0.069275,-0.759871,-0.386746,2.696588,-4.895087,-6.986427,-0.177009,0.10246,0.150091,2
-0.021878,-1.110917,-1.141533,0.838319,-3.170772,-6.728909,-0.256849,0.380823,0.135507,2
0.123331,-1.000675,-2.155407,3.862473,0.512463,-2.680109,-0.286438,0.254112,0.095904,2
-0.253603,-0.725066,-2.446379,1.325152,2.535942,-1.086785,-0.29338,0.008852,0.116652,2
-0.687037,-0.783301,-2.58571,1.310185,3.015336,-3.15064,-0.210752,0.163205,0.059699,2
-0.445167,0.094803,-2.852649,3.900377,3.273082,-3.088319,-0.101711,-0.066614,0.041999,2
-0.691446,-0.249452,-2.255542,1.247625,3.60443,0.381909,0.012159,-0.455278,0.006444,2
-0.35427,-0.749717,-2.238647,-0.498407,1.917185,1.369511,0.131629,-0.399747,0.044919,2
-0.250647,-0.253508,-2.973279,0.532793,0.541394,2.047894,0.100635,-0.207137,0.057778,2
-0.960308,-0.699648,-3.372296,0.253624,-0.227543,2.98385,0.097934,-0.149746,0.147858,2
-0.010971,-3.030744,-2.281653,0.17225,-0.450326,3.55713,-0.053555,0.095058,0.165996,2
0.738963,-2.285826,-1.502747,-0.808864,-1.170055,2.350773,-0.068003,0.300757,0.116032,2
1.066421,-1.584014,-2.241922,-0.529761,-1.721192,1.151553,-0.117314,0.181173,0.217712,2
3.496295,-0.297735,-2.968493,-0.994161,-2.023926,0.141177,-0.120108,0.071036,0.145563,2
1.855214,-1.217968,0.431114,-0.892748,-1.856069,-1.016486,-0.130224,-0.051258,0.120073,2
0.044389,-1.375357,3.80553,0.22173,-2.450751,-1.636085,-0.109708,-0.151908,0.056117,2
-0.041492,-0.196772,2.184119,-0.1278,-2.774025,-3.038575,-0.068444,-0.269597,0.146808,2
0.454461,0.054681,1.28517,-0.119608,-3.053809,-4.123607,-0.032331,0.015493,0.122067,2
-0.051553,0.09252,1.488077,0.944824,-3.508132,-4.89689,0.002105,0.130663,0.100799,2
-1.499827,1.156319,0.469775,1.506419,-0.953232,-5.146855,0.102238,0.008929,0.178514,2
-2.028735,0.614151,0.621414,0.255764,2.017202,-1.364989,0.113205,-0.006759,0.178124,2
-1.653417,-0.268382,0.778221,0.16041,3.706134,0.389262,0.181921,0.188509,0.016763,2
-1.018445,-0.256654,-0.481989,2.608055,6.131048,3.180801,0.18178,-0.175399,0.078059,2
0.074985,0.313558,-1.69392,0.418678,5.675692,4.471237,0.132204,-0.242373,0.204576,2
0.370034,0.276061,-1.672654,-0.909869,4.6154,4.633301,-0.185372,-0.139701,0.042194,2
0.833014,0.546306,-1.106653,-0.908735,3.775569,3.960596,-0.303472,-0.140305,0.062111,2
0.939888,-0.555517,0.174411,-1.309413,3.032243,2.416871,-0.285416,-0.152615,0.067339,2
0.205803,0.161186,-0.294805,-1.260696,2.807688,1.234411,-0.239759,0.056124,0.131115,2
-0.230228,2.013477,-3.697332,-1.812637,2.3237,-1.115382,-0.259967,0.121829,0.120854,2
1.059404,0.237207,-1.39852,0.630506,1.338988,-2.374222,-0.286461,0.033997,0.228005,2
1.186977,-0.670158,1.163402,0.68611,1.443716,-1.189012,0.102686,0.029239,0.040552,2
1.194559,-0.16961,1.073668,0.288448,1.894756,-0.692069,0.275455,-0.212542,0.124149,2
1.381566,0.108172,0.953637,0.198329,1.813947,-0.529469,0.280766,-0.18272,0.019926,2
1.228699,0.328981,0.779216,1.379599,1.809646,0.306744,0.241856,-0.343228,0.081688,2
0.669042,0.171807,0.491889,2.665997,0.931386,0.252115,0.084678,-0.180776,0.046793,2
0.865525,0.056225,0.665624,2.037461,0.090263,-0.280839,0.078715,-0.081495,0.154193,2
0.611279,0.417039,0.273008,1.402347,-0.683542,-2.01619,0.05466,0.177328,0.177953,2
0.399131,0.781364,0.367093,1.836273,-2.634816,-2.793633,-0.091068,0.33431,0.17947,2
1.194388,0.55081,1.393838,0.849286,-2.775998,-3.050496,-0.152241,0.394422,0.219828,2
0.887596,0.240731,1.617445,-0.149557,-1.734257,-3.440675,-0.058832,0.372496,0.277773,2
0.861378,-0.136964,1.499983,1.064318,-3.104988,-1.899283,-0.034191,0.120665,0.099093,2
0.477627,-1.004856,1.754346,1.633669,-4.86361,0.393092,0.250946,0.021379,0.097733,2
0.293615,-1.399603,1.24998,0.960181,-4.268571,3.50521,0.35937,-0.096615,0.090649,2
0.462189,-2.030651,0.720434,0.244175,-3.152997,4.145743,0.19916,-0.067658,0.100559,2
0.549894,-2.337882,-0.062984,0.36851,-3.924903,3.652831,0.055798,-0.060871,0.10269,2
-0.207674,-1.32875,-1.105684,0.076259,-3.938908,2.482061,-0.15096,-0.149298,0.065179,2
-0.231736,-1.221833,-1.39848,-1.942373,-1.57051,2.24701,-0.257765,0.054398,0.10259,2
-0.210812,-1.198694,-1.778195,-3.346469,-1.041475,2.837905,-0.357858,0.170542,0.101967,2
-2.931056,-0.056387,0.260042,-3.143581,-0.763434,1.919676,-0.387423,0.133599,0.072919,2
-2.041096,0.422879,-0.39378,-2.540236,-0.7303,2.415264,-0.226719,0.229675,0.10307,2
-2.701415,0.028429,-2.362553,-1.756099,-0.92022,2.269152,-0.237854,0.068894,0.088456,2
-5.279024,0.693989,-1.150062,-1.20721,-0.747466,1.159129,-0.156499,0.20319,0.103403,2
-6.587554,-0.219293,-1.438026,-0.858313,-1.140311,0.476628,-0.064588,0.285245,0.097311,2
-5.975465,-1.78854,0.191145,-0.731038,-1.287231,0.067434,0.001433,0.251639,0.109497,2
-5.423373,-1.432246,1.65533,-0.964015,-1.369526,-0.438704,0.0662,0.095023,0.088497,2
-4.446565,-1.838867,2.208402,-0.961072,-2.043075,-0.725319,-0.068816,-0.252434,0.048977,2
-2.798717,-2.985924,1.675253,0.248157,-3.608403,-0.331985,-0.131462,-0.302098,0.12344,2
-1.364096,-3.522499,0.88519,0.748063,-3.429333,-0.486811,-0.113396,0.058293,0.08867,2
-0.161896,-3.104717,0.712027,0.481473,-2.100428,-0.561511,-0.130991,0.210073,0.091246,2
1.509323,-2.761153,1.308241,1.379308,-2.502681,0.06011,-0.339883,0.09667,0.098074,2
2.523482,-1.773464,1.646363,2.523836,-2.880596,0.814137,-0.365283,0.108427,0.097769,2
3.431015,-1.16845,1.559909,2.468327,-1.86802,1.153196,-0.390551,-0.027134,0.059653,2
3.244714,-0.51359,1.034936,2.44352,-1.035086,1.376812,-0.454027,-0.1876,0.105719,2
3.277121,0.282925,0.556472,3.194542,-0.840123,2.063957,-0.34849,-0.073266,0.083169,2
3.094723,1.386289,0.318439,2.511256,0.186882,2.103862,-0.183571,-0.030734,0.056895,2
2.628371,1.785655,0.043032,3.518488,0.832314,2.371162,-0.028427,-0.032392,0.054857,2
2.329879,1.589753,0.007773,2.307235,1.51285,2.077184,0.142282,-0.144627,0.152209,2
1.824126,1.439409,-0.059022,0.415356,1.104213,1.201242,0.265283,-0.222603,0.103376,2
1.824792,1.765745,-0.329898,0.717002,0.822658,0.397599,0.467776,-0.338646,0.213943,2
0.796348,1.982514,-0.111288,0.913933,0.811956,-0.810099,0.432476,-0.177078,0.165384,2
-0.047382,1.658706,0.54178,0.595989,0.944779,-1.952631,0.472014,-0.08791,0.137532,2
-1.340092,2.066366,0.761831,0.299605,2.101264,-2.284166,0.618935,-0.270404,0.169731,2
-1.756019,1.631071,0.925372,-4.771003,0.242738,-1.44453,0.541307,-0.218612,0.232224,2
-1.346042,1.045877,1.600669,-4.113817,0.9975,-1.613083,0.079015,0.095369,0.095261,2
-1.446625,0.608744,1.082397,-2.417953,4.300922,-2.811065,-0.309611,0.153133,0.179643,2
-1.071258,0.686812,0.55812,0.007027,7.345854,-1.966245,-0.686444,0.513959,0.052839,2
-0.531731,0.829829,0.129026,-2.11876,6.626376,2.204942,-0.653603,0.407857,0.086925,2
-0.956259,0.80121,-0.156447,-0.8946,3.415403,3.474216,-0.457698,0.248362,0.268375,2
-1.321869,1.638185,-0.358313,1.481184,2.25802,2.656218,-0.341809,0.265586,0.152017,2
-1.723097,2.092739,-0.915534,-0.888109,0.760132,2.615644,0.063324,0.509588,0.144889,2
-1.525727,1.23821,-1.401138,0.043849,0.347786,1.69803,0.53794,0.535249,0.20941,2
-1.361644,0.886478,-2.947742,-0.757226,-0.017837,0.906313,0.676397,0.397954,0.100473,2
-1.875536,-0.147759,-4.397426,-1.695783,-0.508359,0.453769,0.788508,-0.155402,0.160469,2
1.399104,-0.859479,-2.105388,-1.530473,-0.707259,-0.1547,0.750167,-0.427953,0.153445,2
3.93607,-1.850774,0.989216,-2.726711,-1.390694,-1.293363,0.643952,-0.157892,0.074766,2
4.43999,-0.904589,1.117277,-0.658942,-0.448478,0.107608,0.352619,0.054523,0.085009,2
2.709677,0.459037,-1.223188,-0.213134,-0.133738,-0.445877,0.01688,0.081965,0.15521,2
2.945371,1.300086,2.540236,-0.497636,-1.859996,-1.818082,-0.380688,0.198374,0.176118,2
0.251351,0.063289,2.400005,0.536821,-1.812521,-1.742233,-0.438257,0.140952,0.106604,2
0.013461,0.424889,1.610472,1.430745,-1.781575,-1.59868,-0.278088,0.013527,0.116047,2
-1.198719,-0.011033,1.396041,1.430744,-1.594178,-1.959514,-0.286708,0.110058,0.116343,2
-0.703119,-0.748979,1.702694,2.36901,-1.421953,-1.918508,-0.137884,0.150058,0.080709,2
0.045126,-0.605988,1.303181,0.595588,-0.712092,-1.151653,0.073618,0.094718,0.075772,2
0.152033,-0.60147,0.700234,-0.275839,0.309709,-0.221717,0.041092,-0.377702,0.09717,2
-0.064764,-1.587171,0.751589,-0.328835,1.177088,-0.354986,0.023492,-0.518613,0.091763,2
-0.044528,-1.351107,0.150599,-0.130716,2.941963,0.489097,0.131365,-0.508159,0.083719,2
-0.33818,-0.569755,-1.047081,0.311353,3.344237,1.762117,-0.092781,-0.210017,0.016579,2
-1.061369,-0.576426,-1.607757,0.785085,1.979701,2.993042,-0.102549,-0.413336,0.08357,2
-1.356588,0.263399,-2.30425,2.254723,1.20316,3.157403,-0.165004,-0.163125,0.086097,2
-1.363951,0.991658,-3.116999,1.400403,0.122851,2.441491,-0.29283,0.006566,0.165712,2
-1.086551,0.704617,-2.676717,1.373853,-1.00056,1.69811,-0.260419,0.01589,0.195577,2
0.346567,0.828394,-1.778961,0.727178,-1.622836,1.465598,-0.104987,0.202372,0.409179,2
-0.065847,1.595621,-2.852061,0.003887,-1.320125,-0.176713,-0.009276,0.176639,0.606943,2
2.312836,0.647409,-1.467863,-0.006302,-1.914554,0.278171,-0.280983,0.299728,0.25448,2
2.908734,-2.00867,1.445237,0.257042,-1.386514,-0.691343,-0.540751,0.315296,-0.065269,2
2.473688,-1.555724,4.053316,-0.312355,-1.965696,-2.511907,0.033917,0.382412,-0.143282,2
0.236408,-0.71059,4.173484,-0.027424,-2.178493,-2.78515,0.565932,-0.072745,-0.110439,2
-0.673961,0.116731,3.193019,0.324256,-1.409301,-2.145854,0.626889,-0.610388,-0.062696,2
-1.14333,-0.004616,2.237717,-0.330426,-0.132605,-1.096507,0.269662,-0.27675,0.149387,2
-1.005713,-0.052682,1.138772,-1.275562,0.815955,0.267322,-0.034081,0.319816,0.144718,2
-0.702932,0.058463,-0.237761,-2.910067,2.157844,1.263469,-0.064142,0.135409,0.040563,2
-0.370959,-0.887245,-0.580953,-2.052445,3.978544,-0.512989,-0.440407,0.285548,0.194965,2
-0.455965,0.247768,-1.760371,-0.100915,5.529685,-0.298493,-0.446887,0.298933,0.090509,2
-0.547997,0.94136,-2.327302,-0.566134,5.370177,1.22856,-0.271247,-0.038861,0.041303,2
-0.284312,1.134567,-2.183626,-0.455108,4.3273,1.474333,-0.103926,-0.157832,-0.002685,2
-0.570502,1.432872,-2.117837,-1.141349,3.094948,0.244989,-0.100976,-0.275756,0.094546,2
-0.903408,2.109341,-2.521603,-0.758757,2.391354,-0.190868,-0.244176,-0.100795,0.23064,2
-0.047957,2.263623,-2.337234,-1.207985,1.517219,0.024202,-0.260466,0.048954,0.157529,2
0.555853,0.911553,-1.702058,-2.530215,0.829035,-0.420685,-0.241712,0.176997,0.08327,2
2.630746,0.672953,0.747247,-1.804279,0.797485,-0.691014,-0.214657,0.222819,0.151698,2
2.117349,0.984838,0.943807,-0.317817,0.877332,0.215232,0.077009,0.121664,0.15939,2
1.488987,0.970837,1.164248,1.003637,1.787342,0.986371,0.233697,0.180736,0.170292,2
1.173755,0.729504,1.637693,2.538175,1.714029,1.06859,0.256587,-0.383948,0.2082,2
0.870176,0.653919,1.209494,4.425634,0.636444,1.46523,0.198203,0.287594,0.064431,2
0.646696,0.496129,1.079556,4.710237,-0.345973,1.444247,0.02185,0.15475,0.128051,2
0.370338,0.108767,1.09085,4.027894,-1.479461,0.647453,-0.127762,0.086855,0.123055,2
0.536913,-0.153342,0.949403,3.064549,-2.121191,-0.255017,-0.137295,0.34017,0.160984,2
0.575501,-0.3373,0.675091,1.646576,-1.994063,-1.518092,0.000524,0.137611,0.220363,2
0.525753,-0.468641,0.484859,0.744876,-1.643358,-2.014802,0.105609,0.050287,0.124683,2
0.705453,-0.789553,0.405917,2.948344,-4.371266,-1.040969,0.077217,-0.145715,0.100856,2
0.759031,-0.892559,0.370271,-0.680375,-1.260189,-2.936929,0.102442,0.070215,0.153259,2
0.702031,-1.034712,0.613042,-1.368606,-0.024141,-3.922651,0.126354,0.116297,0.144466,2
0.479828,-1.494558,1.311125,-1.031885,-0.480555,-2.687898,0.234149,0.121787,0.147195,2
0.096097,-1.929328,1.857209,-0.582059,0.370186,-1.099108,0.244994,0.009258,0.075544,2
0.119232,-1.614384,2.012614,0.467784,-1.580582,3.155354,0.130929,-0.063201,-0.014913,2
0.080381,-1.315693,1.04948,0.350854,-2.890213,5.269807,0.039016,-0.059824,0.03089,2
0.182611,-1.29451,-0.030625,1.047309,-2.356825,3.357832,-0.191031,-0.136556,0.056691,2
-0.104704,-0.739792,-1.022946,2.607726,-3.272871,0.737384,-0.370625,-0.123317,0.098874,2
-0.194921,-0.500494,-1.483422,-0.160337,-3.228941,2.554033,-0.428791,0.195935,0.111383,2
-0.265686,0.154025,-2.32925,-1.953056,-2.281445,3.49129,-0.468988,0.090812,0.041393,2
-0.048424,0.240227,-2.507264,-2.819673,-2.044092,1.953679,-0.358327,0.089845,0.142955,2
0.013551,-0.183274,-2.200311,-2.584776,-2.228739,1.396263,-0.182682,0.103213,0.111508,2
-1.372429,-1.227568,-0.622939,-1.868464,-1.538432,1.187509,-0.117559,0.069096,0.093613,2
-2.667982,-1.755676,0.88201,-1.305405,-0.810383,1.549553,0.030811,-0.025641,0.100635,2
-3.77333,-2.112788,2.514099,-0.786881,-0.652436,1.716441,0.071071,-0.029611,0.036901,2
-4.428834,-0.413008,2.010654,-0.332603,-0.656462,1.047308,0.041734,0.077031,0.182456,2
-4.546371,0.652636,-2.831176,-0.147618,-1.003543,0.498238,0.187024,0.076796,0.130688,2
-3.753724,-2.053565,-0.542646,-0.133247,-1.181829,0.459924,0.16866,0.123882,0.069109,2
-2.625394,-0.354519,1.667748,-0.25095,-0.811103,-0.082737,0.020391,0.062726,0.128808,2
-1.550457,-0.586489,2.586116,-0.470612,-1.172424,-0.303655,-0.132831,0.1186,0.17779,2
-1.055679,-0.412142,1.047542,-0.417563,-2.404166,-0.746839,-0.17578,0.037812,0.105704,2
-0.528564,-0.222059,0.764066,-0.120877,-2.932325,-0.048295,-0.255012,0.111663,0.056823,2
-0.03453,-0.655683,1.283642,0.000997,-2.537444,0.293672,-0.308045,-0.034252,0.201076,2
0.59422,-0.561446,1.627584,0.292198,-2.618209,1.281007,-0.239793,0.140092,0.10465,2
-0.076629,-0.232883,1.139279,0.365198,-2.109985,1.993271,-0.262903,0.17197,0.227524,2
0.046576,-0.362856,0.806177,1.224511,-2.281202,2.504306,-0.098781,0.15458,0.095004,2
0.518625,-0.801701,1.285566,1.875143,-1.761382,2.547928,0.029226,0.143907,0.024256,2
0.455851,-0.715297,1.23506,2.602182,-0.974529,2.911528,-0.038156,0.08301,0.183371,2
0.544284,-0.632036,0.947659,2.533669,0.099966,2.091161,-0.009158,-0.040906,0.091907,2
0.69795,-0.980205,0.929384,1.763977,0.899414,1.63863,0.026714,0.037849,0.083472,2
0.879985,-0.905376,0.323298,2.030206,0.955028,1.671432,0.082723,0.138342,0.121555,2
0.931511,-0.807468,0.160907,1.943012,1.050871,0.891489,0.035483,0.188915,0.166888,2
0.597355,-0.75257,-0.269761,0.142505,0.96477,0.047562,0.070877,0.11684,0.138027,2
1.077529,0.069647,-0.775774,1.00869,-0.254718,0.38664,0.034632,0.404434,0.203956,2
1.369706,0.318414,0.063334,2.876457,-0.07185,-0.028863,-0.081793,0.383761,0.165426,2
0.459195,0.305104,0.380977,1.449021,0.027904,-1.983234,-0.034177,-0.138134,0.053858,2
0.053486,0.747545,-0.086969,0.525004,0.224721,-3.655788,0.100503,-0.348879,0.056799,2
-0.135245,0.407028,-0.244477,0.0363,1.346033,-4.655718,0.328877,-0.488332,0.071435,2
-0.411918,-0.216919,0.205577,-1.841929,3.284707,-4.381074,0.352074,-0.637129,0.023769,2
0.015673,-0.39708,0.372454,-2.935065,3.840066,-3.011634,0.38136,-0.509312,0.034181,2
0.077447,-0.008175,0.077407,-1.057231,5.218684,-2.721182,0.259249,-0.071117,0.110703,2
-0.239637,0.281948,-0.30706,0.504564,6.816867,-2.377333,-0.155286,0.183402,0.01752,2
-0.833762,1.279424,-1.670221,-1.901899,4.886912,-0.606803,-0.62357,0.44444,0.186268,2
-0.441167,1.827106,-2.434408,-4.346734,0.368043,1.541538,-1.005818,0.31127,0.262289,2
-0.571459,1.970125,-2.110454,0.097424,1.101547,2.209777,-0.850065,0.575121,0.267744,2
-0.320367,1.854922,-1.801445,-0.461618,0.165363,1.769197,-0.532676,0.436966,0.220379,2
-0.116894,2.228162,-2.240199,-0.717742,0.126601,2.265924,-0.244313,0.434969,0.160481,2
0.651781,2.292997,-2.155206,-0.836472,-0.070869,2.623047,0.376579,0.00715,0.225082,2
1.238868,1.668014,-1.372211,-0.798583,0.798421,2.694529,0.667118,-0.122349,0.091529,2
1.547738,1.625297,-1.724511,-1.221263,-0.232058,1.758383,0.76736,-0.349003,0.091578,2
2.072212,0.190897,-0.643818,-1.125601,-1.050455,0.503191,0.696172,-0.13419,0.065962,2
2.120163,-0.005437,0.796679,-1.30544,-2.00656,0.192673,0.296903,0.177677,0.151248,2
1.821524,0.306839,2.965625,0.194687,-2.428757,0.614424,0.31691,-0.213395,0.203865,2
0.233035,-0.516517,3.411425,0.127947,-3.861426,-0.433775,0.552585,-0.024852,0.183653,2
0.190674,-0.299423,3.1575,1.456074,-3.127709,-0.601134,0.569848,0.252423,0.136643,2
0.467051,-0.287583,1.917234,1.36512,-2.256958,-2.370297,0.660251,0.006882,0.140622,2
0.327365,-1.18496,1.571219,-0.880775,-0.473275,-3.082737,0.698401,-0.247643,0.109697,2
-0.715417,-1.850523,1.125998,0.372706,1.963823,-2.413258,0.362122,-0.110103,0.126701,2
-0.145715,-1.243437,0.187893,1.348707,3.565764,-2.321585,-0.32485,-0.104169,0.078258,2
-0.105174,-0.105526,-0.987378,1.859778,3.821324,-1.551375,-0.581536,0.000247,0.085875,2
-2.723453,-1.143955,-1.275412,-0.796941,5.355383,1.73419,-0.706742,-0.294115,0.086091,2
-2.281379,-0.931665,-0.921058,-1.315352,1.815571,1.898211,-0.755508,-0.15289,0.071515,2
-1.788854,-0.110819,-0.724568,-0.073355,0.909713,0.968768,-0.626445,0.066558,0.07752,2
-1.30639,0.232044,-0.651077,-0.259234,1.010396,2.006003,-0.453584,0.063172,0.132889,2
-0.243925,0.459302,-1.274991,0.109007,-0.252797,2.830287,-0.277419,-0.069174,0.173683,2
0.078968,0.686867,-1.805735,0.208239,0.10034,3.587592,-0.06949,-0.097372,0.095693,2
0.865985,-0.258004,-1.902573,0.262423,-1.414708,2.980428,0.132221,-0.121953,0.109035,2
2.296699,0.341443,-1.280937,0.391761,-1.747262,1.988127,0.239066,-0.219249,0.132362,2
3.565882,0.681409,-1.16011,0.012419,-1.855984,1.184308,0.213176,-0.153715,0.142732,2
1.82821,0.146562,-1.412082,0.038141,-1.546811,0.399492,0.20671,-0.234383,0.137265,2
2.1363,-0.378292,2.358689,0.296216,-1.874605,-0.82876,0.150563,-0.212797,0.14707,2
-0.178641,-1.41837,3.086143,1.070216,-1.851132,-1.604442,0.077236,-0.120677,0.104543,2
0.022225,-0.866837,2.596931,0.636723,-2.385862,-2.24402,0.097039,0.041747,0.092655,2
0.582359,-0.494001,2.545985,-0.2414,-2.190586,-2.725197,0.093696,0.017529,0.167715,2
-0.484342,-0.005851,1.344534,1.022658,-1.521146,-2.6419,0.105591,0.121371,0.169896,2
-0.503647,0.166485,1.071282,-0.057541,-1.098025,-3.157294,0.020169,0.304176,0.080755,2
-0.914214,0.23941,0.140782,1.029832,0.391751,-2.694158,0.009345,0.126922,0.123124,2
-1.38017,0.028984,-0.436275,0.084974,2.83446,0.248506,-0.029721,-0.126182,0.049675,2
-1.425781,-0.257685,-0.69249,-0.251635,3.717875,0.902423,-0.055087,-0.113514,0.057181,2
-1.221458,-0.434457,-1.075868,0.52453,4.453476,1.932877,-0.149573,-0.146198,0.059012,2
-0.951096,0.256426,-1.944508,0.541342,3.527556,3.227777,-0.309861,-0.09409,0.075825,2
-0.67743,0.648407,-1.926404,-1.145597,2.214688,3.166701,-0.407138,-0.00769,0.131016,2
-0.567654,0.535739,-1.409344,-0.289722,-0.404286,2.441009,-0.424098,0.202503,0.162748,2
0.255794,1.276938,-1.7456,-0.331396,-1.522057,1.142277,-0.388991,0.245031,0.117059,2
0.354797,0.23633,-0.9532,-1.595567,-1.537312,0.816934,-0.213974,0.362542,0.110567,2
1.109566,-0.573953,-0.134842,-0.221872,-2.163679,1.523282,-0.02976,0.028032,0.141627,2
1.488414,-1.652805,-0.734271,0.121379,-1.761104,0.644797,0.13097,-0.021834,0.153725,2
2.795979,-1.057759,1.425253,-0.196117,-1.988837,-0.705689,0.279089,-0.129386,0.112249,2
2.091319,-0.312111,2.093204,1.041815,-1.932968,-1.023691,0.324606,-0.144411,0.092514,2
0.875518,-0.175642,1.551123,0.902014,-1.820394,-1.082006,0.360434,-0.13687,0.102267,2
-0.51707,0.045246,0.975496,0.688426,-1.44691,-2.097167,0.157457,-0.017499,0.109828,2
-0.476729,1.018413,0.670467,2.697278,-0.740318,-1.730679,0.013838,0.207996,0.112078,2
-0.71921,0.877979,0.193122,2.911097,-0.789939,-2.531864,-0.075519,0.181648,0.138112,2
-2.431363,-0.239706,0.613517,0.749879,0.75694,-1.365922,-0.211526,0.151548,0.088051,2
-1.745932,-0.287337,0.645943,-1.478971,1.186138,0.842734,-0.137031,-0.051775,0.115389,2
-1.042123,-0.443458,-0.15879,-0.56267,2.370037,-0.620727,-0.050648,-0.101075,0.257947,2
0.079639,-0.36863,-0.283063,-0.885401,3.396443,0.045259,-0.099051,-0.00335,0.037084,2
0.534686,-0.820501,-0.049265,-2.614516,2.483455,3.672494,0.088182,0.014331,0.090539,2
0.974357,-0.090135,-0.730935,-1.918419,2.197457,3.280329,-0.054423,0.013816,0.090247,2
0.689198,0.604156,-1.864457,-0.238792,2.301202,2.234758,-0.180045,-0.014958,0.069204,2
0.581847,0.495522,-1.630222,-0.253389,0.652325,1.323157,-0.176162,-0.185893,0.069231,2
0.702652,0.472775,-1.074501,-0.355519,0.52692,0.380137,-0.286379,-0.199931,0.105241,2
0.668937,0.667024,-1.794299,-0.340558,0.531958,-0.723791,-0.119133,0.045979,0.100382,2
2.025331,0.325578,-0.944803,-0.269689,0.782827,-1.07985,0.096539,0.041185,0.07765,2
2.352646,-1.059301,-0.76768,-0.615279,-0.013708,-1.24209,0.196916,-0.338711,0.09481,2
2.188874,-0.770829,-0.740913,0.258659,-2.026536,-0.464222,0.363273,0.207233,0.147167,2
0.663252,0.777991,-0.570602,0.902943,-2.633047,-1.420163,-0.001795,0.009272,0.150902,2
-0.051854,0.519352,0.054776,1.142735,-3.391588,-3.638295,-0.088297,0.252834,0.168765,2
-0.482455,0.319405,0.184043,1.314712,-3.882854,-3.068068,-0.008994,0.303882,0.221272,2
-0.601312,0.117873,1.095534,0.696461,-4.541015,-2.005043,0.048407,0.313026,0.1394,2
-0.219907,-0.358214,1.648973,-0.239908,-3.854635,-1.768806,0.219239,0.06465,0.083367,2
-0.177774,-0.657578,1.550688,0.940115,-2.65464,-1.884441,0.335312,-0.248444,0.152094,2
-0.192773,-0.526953,1.049796,0.940236,-1.930437,0.038004,0.17186,-0.166112,0.100687,2
-0.525418,-0.166491,1.27488,0.116786,-0.961006,1.194112,-0.036531,-0.267676,0.055116,2
-1.690288,-0.065065,1.754934,1.408964,0.260345,1.343993,-0.032535,0.098927,0.105236,2
-1.277311,0.419262,1.283336,2.940952,0.546656,1.807709,-0.073896,-0.022941,0.071105,2
-2.506966,0.448172,1.202893,0.886954,1.678137,1.967787,-0.129262,-0.27402,0.024362,2
-2.77303,0.71075,0.046348,-1.318239,2.188156,5.079766,-0.230255,-0.134128,0.142492,2
-2.252657,-0.010906,-0.418591,1.84663,1.882683,5.875732,-0.50469,-0.321361,0.015569,2
-1.529848,-0.380673,-0.337347,-2.446825,2.805749,3.239461,-0.54616,-0.144871,0.081445,2
-0.464795,-0.529423,-0.265985,-2.774522,1.10901,2.450883,-0.56708,0.19422,0.149041,2
0.415539,-0.545928,-0.864296,-2.774417,0.684851,1.328964,-0.483613,0.319654,0.1386,2
0.748165,-0.343329,-0.592363,0.82465,-0.290559,2.359797,-0.277696,0.355766,0.215284,2
1.502006,-0.11304,0.183347,-0.909638,-0.24701,1.60143,-0.075201,0.328198,0.148032,2
1.898747,0.017985,1.02377,-1.78539,-0.324492,0.375694,0.151698,0.022084,0.136594,2
1.84756,-0.337415,1.1457,-0.592291,-0.992383,0.859326,0.197744,0.155279,0.172166,2
2.01703,0.241134,1.501093,-0.929476,-1.207875,0.400545,0.163309,-0.08391,0.14652,2
1.860845,0.457208,1.167481,-1.434787,-1.460188,-0.444039,0.063205,-0.064086,0.109407,2
0.830403,0.23666,0.927295,-0.669087,-1.172199,-0.480032,-0.037229,-0.116117,0.122046,2
0.633662,0.590838,1.551341,0.374388,-1.036949,-0.530364,-0.071081,0.281218,0.135594,2
-0.245586,-0.057149,1.36432,0.569514,-0.707302,-0.941653,-0.049748,0.094293,0.143538,2
-0.581165,-0.267972,0.727739,0.770618,-0.636942,-0.971409,0.050375,0.042674,0.101683,2
-0.526176,0.104653,0.850705,1.564766,-0.592246,-0.734294,0.15085,0.044768,0.101444,2
-1.504847,-0.008379,0.17079,2.47691,-0.333775,-0.936585,0.085163,-0.139015,0.125978,2
-1.485424,0.08781,0.08675,2.382595,-0.167895,-1.462078,0.093564,-0.150913,0.108965,2
-1.404836,0.036362,0.006751,1.773691,0.332817,-1.650941,0.03883,0.101997,0.113559,2
-1.311251,0.187865,0.252335,1.840749,0.455669,0.10793,-0.129745,0.02593,0.102968,2
-1.942775,-0.392274,0.319921,0.431677,0.578763,0.502745,-0.074705,-0.136008,0.089067,2
-0.932556,0.263059,-0.226853,0.576528,0.525428,1.290201,-0.049222,-0.052524,0.057676,2
-1.150398,-0.039927,-0.217423,0.392562,1.656535,-0.167154,-0.093655,-0.236997,0.101052,2
-1.005299,-0.416739,-0.370485,-0.819516,1.006214,0.460568,-0.060938,-0.154119,0.087578,2
0.147978,0.190727,-0.564544,-2.21052,-0.321562,1.742737,-0.049099,0.032854,0.117878,2
0.274216,0.098422,-1.026073,-2.556418,-0.872382,1.581932,-0.096961,0.080454,0.130995,2
0.609166,0.246077,-0.756409,-2.270166,-0.94532,1.20164,-0.072917,0.099459,0.136705,2
1.29952,0.378298,-0.271154,-1.908585,-1.02081,0.95929,-0.02481,-0.048588,0.102784,2
1.536146,0.289001,-0.089869,-1.854717,-0.791543,0.321916,0.032915,-0.095765,0.105565,2
2.010496,0.566056,-0.046487,-1.695288,-0.921772,0.079524,0.023799,0.165298,0.1261,2
2.379347,1.169093,0.285872,-0.677167,-0.442043,1.158642,0.040196,-0.064411,0.13315,2
1.370861,0.387668,-0.074347,0.37681,-0.681554,-0.052745,0.106866,0.015825,0.105132,2
1.000282,0.468287,0.849087,0.845471,-0.540422,-1.200285,0.045834,-0.015197,0.115881,2
0.013201,0.216652,0.950894,0.959469,-0.524844,-1.024458,-0.02106,0.05252,0.105433,2
-0.54505,0.652228,0.446297,1.470361,-0.747459,-1.480967,0.051699,0.004441,0.116302,2
-1.345913,0.457487,0.21107,1.952302,-0.313255,-2.075997,0.05256,0.054408,0.128716,2
-2.224762,0.149543,0.127079,2.314448,0.060473,-1.867756,0.033458,0.036652,0.109101,2
-2.155784,0.09988,0.146676,1.445579,0.174001,-0.99962,0.122342,0.344682,0.138982,2
-1.79769,-0.006852,0.278269,0.199263,0.12653,0.368725,0.185074,-0.214445,0.063859,2
-1.286847,-0.254921,0.444154,-0.897002,0.911962,1.260975,0.161652,-0.067111,0.119774,2
-0.702099,-0.246294,0.362896,-0.858167,1.707424,1.721003,0.078094,-0.042744,0.083101,2
-0.362472,-0.220205,0.542669,-1.350405,2.514538,1.836486,-0.058682,0.005105,0.164204,2
0.125053,0.106562,0.05537,-1.54929,2.694547,1.504226,-0.187736,-0.134239,0.163897,2
0.027434,0.611443,-0.421672,-1.853747,2.482623,1.788592,-0.280074,0.076555,0.106569,2
0.182067,1.057455,-0.661059,-2.423293,2.123017,1.226093,-0.154026,0.063643,0.123982,2
0.528904,1.480479,-0.467546,-2.341157,2.080772,0.770338,-0.04193,0.04097,0.127047,2
0.892797,1.810882,-0.409488,-1.752661,2.114147,0.865339,-0.125126,-0.118162,0.126929,2
1.472368,1.963479,-0.433794,-1.399663,2.259968,0.712655,-0.067521,0.115778,0.160432,2
1.712359,1.883203,-0.16669,-0.968727,2.132022,0.555909,0.003145,0.108516,0.139441,2
1.300102,1.501074,-0.062061,-0.243693,1.818033,0.868512,-0.010201,-0.040706,0.119028,2
1.330352,1.459949,0.094283,0.027798,1.472017,0.302487,-0.037868,0.169193,0.210073,2
1.370103,1.3187,0.571408,0.569434,1.384081,0.154312,-0.046181,0.178658,0.140365,2
1.503489,1.048941,0.656613,1.056355,0.985115,-0.45831,0.021418,-0.052062,0.113991,2
1.374916,0.552639,0.821087,1.455997,0.560349,-0.633997,-0.00659,0.032295,0.146207,2
1.126512,0.205257,0.938986,2.140528,0.295905,-0.717995,0.089515,-0.002672,0.14666,2
0.948778,-0.22137,0.842844,2.543574,-0.132978,-1.332799,0.108965,-0.021572,0.146522,2
0.723491,-0.538485,0.993752,2.619168,-0.576278,-2.433596,-0.013409,-0.099472,0.12618,2
0.494879,-0.877329,1.097493,2.602614,-1.240322,-3.100892,0.059069,0.128362,0.188969,2
0.127124,-1.172855,1.076909,1.60022,-1.105754,-4.760837,0.071304,0.093918,0.149549,2
-0.136002,-1.241796,1.087214,1.218756,-0.95889,-4.665204,0.092084,0.11087,0.112929,2
-0.067277,-1.375348,0.920657,1.658417,-0.591098,-3.778234,0.078058,0.018484,0.094625,2
0.083643,-1.607336,0.762854,2.994391,-1.841964,-2.156836,0.056156,0.010956,0.092787,2
-0.191245,-1.689435,0.918652,2.545414,-2.726936,1.154477,-0.037798,-0.00806,0.046651,2
-0.289826,-1.655646,0.20276,0.797982,-3.513154,4.909076,-0.15861,-0.08548,0.099905,2
-0.564254,-1.444832,-0.479859,-0.544028,-2.346379,4.755684,-0.217352,-0.055196,0.063025,2
-0.91209,-1.370107,-1.133816,1.048501,-2.643738,2.483368,-0.274967,-0.016367,0.099936,2
-0.950056,-1.25738,-1.458414,0.246145,-2.57308,1.508445,-0.252978,0.094738,0.12155,2
-1.345157,-0.775889,-2.078223,-2.425459,-3.023383,3.235968,-0.217095,0.17951,0.089718,2
-1.796748,-0.280995,-2.020446,-4.070794,-2.654365,2.642961,-0.126589,0.125339,0.098646,2
-1.822513,-0.858664,-0.095352,-4.339851,-2.687689,1.441433,-0.072576,0.045467,0.159618,2
-1.890812,-0.441416,0.765002,-3.474406,-2.429473,0.794648,0.032769,-0.061954,0.128769,2
-1.746549,-0.394986,-0.147928,-2.849867,-2.211712,1.133982,0.129547,-0.099374,0.065021,2
-2.77566,-0.512647,-2.663155,-2.284076,-1.436071,1.303853,0.115082,-0.05119,0.093839,2
-3.452471,-1.916287,-1.419246,-1.617175,-1.07552,1.44081,-0.039339,0.030662,0.099797,2
-3.45357,-0.739856,0.703113,-0.926611,-1.137796,0.900174,-0.116929,0.124097,0.103187,2
-2.028033,-0.399608,2.130271,-0.588749,-1.247838,0.210697,-0.080702,0.155525,0.13296,2
-1.476061,-0.291709,2.585336,-0.535615,-2.199226,-0.187078,-0.09859,0.064181,0.112172,2
-1.753751,-0.078497,1.034003,-0.213638,-2.850516,-0.235093,-0.178881,0.056222,0.074663,2
-1.08724,-0.307285,0.671716,0.176058,-2.66226,-0.097424,-0.268106,-0.029591,0.110533,2
-0.708876,-0.958427,1.109664,0.394727,-2.545813,0.540058,-0.178323,0.11168,0.141176,2
-0.441422,-0.655008,0.738315,0.839583,-2.657542,1.137923,-0.154623,0.120548,0.153507,2
-0.264592,-0.617015,0.750324,1.077629,-2.175034,1.151669,-0.168375,0.170629,0.160027,2
-0.090512,-0.663432,0.888906,1.030397,-1.30314,1.405807,-0.202887,0.295672,0.195839,2
0.45234,-0.372744,0.841729,0.857282,-0.611364,1.538413,-0.070676,0.448577,0.142582,2
0.666567,-0.377411,0.28617,0.888167,-0.311101,1.585119,-0.026029,0.233068,0.093338,2
0.971994,-0.15857,0.315739,0.896343,0.065727,1.408694,0.043913,0.123138,0.111459,2
1.018687,-0.18939,0.576811,0.807845,0.669447,1.229574,0.040028,-0.109321,0.071958,2
0.798557,-0.285933,0.495804,0.125903,1.731508,1.161655,0.093117,-0.204256,0.074573,2
1.020951,-0.316865,0.263652,1.139859,1.616091,1.324331,0.186024,-0.22853,0.092389,2
1.085811,-0.064479,0.242662,1.960605,1.288245,0.25498,0.238049,-0.15574,0.079465,2
0.878029,0.236695,-0.230083,0.626612,1.656464,-1.503413,0.176808,0.017222,0.178331,2
0.700374,0.951496,-0.214182,0.992234,1.232633,-2.374944,0.124224,0.190476,0.202637,2
0.219658,1.279318,-0.201891,0.825115,0.94651,-3.70286,0.133965,0.127657,0.139068,2
-0.098424,1.242772,-0.226667,-0.005043,1.153428,-4.035987,0.147462,0.217481,0.20303,2
-0.143503,1.087959,0.016062,-0.448388,2.514646,-2.722659,0.270539,0.033781,0.099159,2
-0.399397,1.062403,-0.3122,-0.211063,3.732935,-0.449224,0.642262,-0.370551,0.101361,2
-0.389141,0.614462,0.031545,0.929,4.443962,0.634777,0.849354,-0.532473,0.11366,2
-0.512527,0.520581,-0.292979,2.313112,4.765522,-0.926809,0.959627,-0.661348,0.03072,2
-0.508897,0.418461,-0.636411,1.432243,4.84046,-0.710859,0.822214,-0.31597,0.043818,2
-0.3349,0.454125,-0.805251,-0.251727,3.222774,0.748121,0.278273,-0.308389,0.093357,2
-0.117161,0.733434,-1.004372,-0.934815,1.817305,0.928267,-0.128294,0.193478,0.090819,2
0.230409,1.034999,-0.939908,-0.179961,1.104923,0.71127,-0.620367,0.566536,0.200621,2
0.348966,1.323276,-0.860394,-0.204418,0.528865,1.875927,-0.913032,0.726709,0.270314,2
0.339004,1.264464,-0.819342,-1.178614,0.526864,2.206912,-0.775514,0.663511,0.233535,2
0.520444,0.955736,-1.055035,-1.365067,-0.389094,1.552847,-0.34579,0.348019,0.191847,2
0.866203,0.446547,-0.824323,-1.542161,-0.819301,2.001868,-0.010838,0.099576,0.085138,2
1.658206,0.040659,-0.092176,-1.877426,-1.051244,1.903095,0.292855,-0.19782,0.125312,2
2.003214,-0.412672,0.70614,-1.262157,-0.940288,1.743811,0.356947,-0.556023,0.028776,2
1.713175,-0.434001,0.473393,-1.32738,-0.797207,0.89694,0.348701,-0.47353,0.085519,2
1.522162,-0.682254,1.2511,-1.046929,-0.875701,0.111964,0.304461,-0.436592,0.078918,2
0.266101,-1.029471,1.200954,-0.459951,-1.40325,-0.401413,0.241401,-0.321976,0.103537,2
-0.139751,-1.236161,0.222229,-0.270196,-1.433792,-1.304392,0.159841,-0.244568,0.041522,2
-0.327902,-1.616284,-0.275515,0.495546,-1.37181,-1.696927,0.085508,0.074088,0.068769,2
-0.982635,-0.510276,0.230807,0.856862,-1.707553,-2.329678,-0.055051,0.183422,0.151962,2
-0.809766,-0.102403,1.305364,1.196329,-1.606462,-2.515341,-0.280347,0.294927,0.178744,2
-0.661264,0.017063,1.867282,1.16441,-0.897359,-1.988715,-0.38224,0.275738,0.207325,2
-1.531367,0.007227,2.325685,1.079423,-0.379468,-1.40363,-0.415592,0.217368,0.161912,2
-1.780839,0.047118,1.496589,0.985921,1.018759,-0.934259,-0.386054,0.070119,0.111664,2
-1.588061,-0.355374,0.756322,2.443134,1.915321,-0.10124,-0.257545,0.011337,0.030435,2
-1.792482,-0.721663,-0.111176,2.529483,2.449695,1.164687,-0.2118,-0.148226,0.090416,2
-1.49117,-0.672083,-1.224871,0.321727,1.408794,2.522042,-0.29961,-0.119327,0.088264,2
-0.78084,-0.15612,-2.025465,-0.240392,0.646537,3.45046,-0.228538,0.131029,0.104306,2
-0.224285,-0.141717,-2.08792,-0.389261,-0.339786,3.266581,-0.120885,0.178559,0.167447,2
0.512075,-0.073618,-1.820696,-0.675001,-0.72092,2.99272,-0.047617,0.218659,0.122861,2
1.377196,-0.23236,-1.093039,-0.71246,-0.972438,2.27973,-0.087246,0.231844,0.16812,2
2.08943,-0.137782,-0.661551,-0.319357,-1.325403,1.351533,-0.019859,0.045564,0.110264,2
2.702789,0.47213,-0.452591,-0.303376,-1.4962,0.125399,0.146572,-0.183782,0.160978,2
2.131869,0.706042,-0.159847,-1.066192,-1.366451,-0.738312,0.229742,0.043817,0.048215,2
0.90215,0.223537,1.71455,-1.006258,-1.612182,-1.619785,0.08943,0.018093,0.091243,2
-0.39495,0.256217,1.621652,-0.781467,-1.523536,-2.516268,0.10548,-0.125816,0.13885,2
-0.660736,0.460231,1.358571,-0.862787,-1.357056,-3.044535,0.1606,0.027392,0.083877,2
-0.889929,0.175964,1.390342,-0.059732,-0.621575,-2.977793,0.138535,-0.034414,0.106268,2
-1.047821,0.12175,1.191024,1.050353,0.243289,-1.66634,0.166758,0.100213,0.163839,2
-0.917788,0.158087,1.122652,0.067118,1.162417,-1.037086,0.088592,0.148966,0.106814,2
-1.007286,0.297139,0.583703,0.365763,2.165029,-0.388686,0.155581,0.06682,0.099396,2
-0.990467,0.297847,0.282033,0.864731,3.201322,0.020649,0.099137,0.09585,0.121261,2
-0.849318,0.183589,0.092653,0.527884,3.462632,1.088527,0.005517,-0.035021,0.095832,2
-0.96151,0.196158,-0.290537,-0.467106,2.582408,2.685497,-0.009548,-0.013293,0.165191,2
-0.578313,0.504635,-0.936711,-1.173935,2.407599,2.776828,-0.107193,-0.154163,0.091437,2
-0.382269,0.583763,-1.293461,-0.674124,2.533783,2.026525,-0.069318,0.012882,0.185505,2
-0.146491,0.579679,-1.514318,-0.921595,2.302078,1.300732,-0.153293,0.036326,0.087455,2
0.292392,0.717046,-1.508846,-0.978403,2.145908,1.109924,-0.1294,0.082544,0.141716,2
0.480431,0.57962,-1.162857,0.43103,1.847913,1.2454,-0.212169,-0.001456,0.103002,2
0.636698,0.213747,-0.741509,0.108125,1.509407,0.424062,-0.149016,0.018404,0.110715,2
1.933432,1.378221,-0.712421,-0.937094,1.074839,0.294516,-0.094758,0.035401,0.084697,2
1.455929,1.087432,-0.023917,-0.503665,1.030415,0.570192,-0.162755,-0.023478,0.078486,2
1.283904,1.118071,-0.562016,0.137285,0.521443,-0.866977,-0.056128,0.001616,0.169591,2
2.64157,0.748028,0.380087,0.165536,0.432658,-1.155234,-0.025991,-0.037009,0.099399,2
1.646348,0.077251,0.767453,0.744688,0.567409,-0.667987,0.067985,-0.002344,0.102324,2
1.09931,-0.23665,1.037742,1.728522,0.137869,-1.387441,0.090223,-0.077102,0.097261,2
0.854847,-0.37705,0.900072,1.827706,-0.587873,-2.761488,0.062209,-0.104628,0.099553,2
0.681413,-0.358958,0.940192,0.847687,-0.439235,-3.556734,0.072131,0.015873,0.144493,2
0.308995,-0.371982,0.880886,1.49893,-1.249426,-4.52394,0.060106,0.082295,0.159449,2
0.058546,-0.721947,0.905665,-0.336635,0.39014,-1.381114,0.119225,0.100146,0.165447,2
-0.099147,-0.808665,1.310426,-0.221067,0.264111,-2.19811,0.079377,0.076354,0.145896,2
-0.289349,-0.902606,0.952671,2.627966,-2.676829,1.529228,0.119765,0.150774,0.185403,2
-0.228954,-1.107501,1.20407,0.971307,-2.240937,4.217739,0.148989,0.053508,0.101608,2
-0.341438,-1.029379,0.482587,-0.027046,-2.6094,3.845178,0.134147,-0.075462,0.110223,2
-0.419456,-0.684373,-0.152446,0.792845,-0.504537,-1.944558,0.107581,-0.036299,0.122845,2
-0.051503,-0.55762,-0.418164,3.357412,-1.743363,-0.377065,0.000903,-0.038691,0.147055,2
-0.015683,-0.584081,-0.865099,0.605843,-2.673364,2.917563,-0.044012,0.051587,0.094979,2
-0.493908,-0.488696,-1.070925,-1.378991,-1.094,3.781966,-0.07997,0.043133,0.112672,2
-0.766359,-0.561887,-0.891584,-1.99409,-1.670489,3.006459,-0.053393,0.054711,0.108178,2
-1.179428,-0.463065,-0.492822,-1.83706,-2.464251,2.446301,-0.086826,-0.018238,0.117586,2
-1.654349,-0.226599,0.564864,-1.711234,-2.176929,1.850646,-0.087495,-0.099379,0.07381,2
-1.904958,0.161545,0.980573,-1.73034,-1.071259,1.341279,-0.046371,-0.114715,0.096658,2
-1.593647,-0.303071,0.175791,-1.480757,-0.290448,1.27513,0.011283,-0.11201,0.049519,2
-2.17656,-0.569106,-1.903116,-0.927747,-0.048286,0.852802,0.083253,-0.101371,0.067655,2
-3.259098,-1.39544,-1.367888,-0.526592,-0.108641,0.197843,-0.010511,-0.10916,0.012652,2
-2.564382,-1.152399,0.543378,-0.312405,-0.291397,-0.339534,-0.13169,-0.049792,0.095007,2
-1.729189,-0.421237,2.109118,-0.195088,-0.423684,-1.207067,-0.189563,0.010518,0.120266,2
-1.335094,-0.277086,1.633429,-0.126881,-0.838248,-1.928785,-0.159853,0.088087,0.147535,2
-1.331051,-0.480015,0.129327,-0.624284,-1.786644,-1.01236,-0.180847,0.121123,0.109183,2
-1.288568,-0.494638,-0.128527,-1.20147,-2.470177,0.368964,-0.241175,-0.010243,0.087274,2
-0.937035,-0.628085,0.250881,-0.673053,-2.868986,0.911012,-0.223265,-0.015241,0.116424,2
-0.983975,-0.800956,0.236691,-0.110277,-2.486726,0.355477,-0.083108,-0.023863,0.158234,2
-1.004702,-1.002045,-0.293989,0.175273,-2.043008,0.419612,0.060876,0.132733,0.120419,2
-0.785732,-0.86151,-0.187209,0.564858,-2.027493,0.753943,0.117492,0.10325,0.128164,2
-0.487506,-1.223365,0.227562,0.94162,-1.854735,0.616282,0.221518,0.139891,0.158062,2
-0.594032,-1.49976,0.230004,1.076494,-1.188001,0.365295,0.165334,0.036998,0.125237,2
-0.711962,-1.424646,0.05232,1.919215,-1.912922,1.167272,0.178453,0.012392,0.0897,2
-0.254246,-1.648496,0.400207,2.004472,-1.572693,2.062156,0.165382,-0.029577,0.119785,2
0.217917,-1.679892,0.461303,1.353096,-0.606101,1.555694,0.190513,-0.05747,0.1276,2
0.219946,-1.130932,0.537472,0.858191,0.006572,1.474719,0.218863,0.032502,0.109868,2
0.633863,-0.67423,0.414124,0.83706,0.070046,2.005731,0.209669,0.155796,0.127888,2
1.211625,0.179338,0.668159,0.777754,0.49592,2.029061,0.083107,0.208287,0.170752,2
1.440725,1.148592,1.09594,0.623368,0.532102,1.631985,-0.0264,0.149422,0.14011,2
1.504931,1.165039,1.215709,0.846611,0.545228,1.387845,-0.004254,-0.017618,0.120851,2
1.450095,1.032353,1.234217,0.807006,0.798118,1.20128,-0.001596,-0.119095,0.079829,2
1.343786,1.220633,0.872421,0.742293,1.102169,0.760633,-0.002867,-0.239329,0.074788,2
1.184814,1.553079,0.609762,1.152457,1.290946,0.026196,-0.010258,-0.174509,0.081751,2
1.038633,1.535541,0.28776,0.86658,1.358649,-1.079876,-9.4e-05,0.124257,0.137518,2
0.78229,1.540391,0.08532,0.528242,1.117637,-2.272478,-0.075942,0.195394,0.097554,2
0.549391,1.387782,0.069695,0.954974,1.557814,-3.323548,-0.1257,0.309789,0.154202,2
0.44472,1.221164,0.078349,0.629014,1.786366,-2.841565,-0.257355,0.232961,0.169062,2
0.025615,0.907559,0.261539,-0.67799,1.855684,-3.073688,-0.349366,0.254744,0.179965,2
-0.53196,0.702752,0.321048,-1.971699,2.237959,-1.906351,-0.358554,0.101391,0.126156,2
-0.845177,0.408771,-0.040083,-2.453269,2.071139,-0.572388,-0.296307,0.023033,0.070428,2
-0.997886,0.346749,-0.335541,-1.134559,2.8797,-1.550497,-0.281474,0.037222,0.107426,2
-0.96167,0.611709,-0.970963,-1.606024,4.477621,-0.910072,-0.329946,-0.331856,0.125434,2
-1.321903,0.304713,-0.90601,-2.467674,1.858236,2.409183,-0.13197,-0.086809,0.140902,2
-0.433321,0.567358,-1.425097,-1.042793,1.162962,3.332228,0.128287,0.003924,0.104313,2
-0.360428,0.306757,-1.595063,-1.749064,-0.103138,2.089636,0.137426,0.011843,0.157161,2
0.189922,0.476246,-1.216866,-1.290502,-0.669795,2.627208,0.134373,0.138702,0.151626,2
0.748269,0.3549,-0.893395,-0.133896,-0.273689,2.4638,0.2638,0.338242,0.12223,2
0.705384,0.532456,-0.691299,-0.474032,-0.383048,1.745474,0.211896,0.146271,0.135414,2
1.050378,1.396881,-1.658787,-0.552765,-0.521465,1.014842,0.324258,-0.205276,0.083256,2
2.513076,1.389044,0.043791,-0.054581,-0.451096,0.201807,0.365443,-0.218795,0.088768,2
2.182694,0.782526,1.031482,0.562941,-0.135996,-0.167147,0.255963,-0.195654,0.067236,2
1.465481,0.787175,0.954806,-0.527232,-1.056072,-1.268745,0.129989,-0.257933,0.105936,2
0.70448,0.732263,1.395308,0.174494,-1.258922,-1.554439,-0.101969,-0.012767,0.122828,2
-0.072359,0.529135,1.69905,0.424434,-1.635331,-2.471105,-0.28046,0.180948,0.145177,2
-1.050915,-0.029907,1.815467,0.557467,-1.278511,-2.689608,-0.334377,0.283113,0.18022,2
-1.597969,-0.388098,1.595209,1.23817,-0.751935,-2.293792,-0.30501,0.229322,0.161682,2
-1.867888,0.103797,0.999654,0.540937,-0.152861,-1.155652,-0.241203,0.168807,0.1045,2
-2.391461,-0.388695,0.044171,0.527423,0.5016,0.31963,-0.059688,0.065946,0.058198,2
-2.091267,-1.283805,0.921101,1.10775,1.013722,0.326021,-0.035613,-0.233898,0.101184,2
-1.427328,-1.439271,0.942044,2.036692,1.806832,-0.559278,0.009356,-0.242075,0.115224,2
-0.699423,-0.920314,0.164052,0.75145,0.469422,1.271784,-0.052745,-0.099007,0.103546,2
-0.204713,-0.649412,-0.393098,-0.307286,-0.424238,3.061994,-0.094823,0.003132,0.074536,2
0.481465,-0.35401,-0.329969,-0.233068,-0.05131,3.242249,-0.090712,0.085015,0.135024,2
0.425614,-0.412967,-0.830054,0.205865,0.270209,3.011529,0.006426,0.127788,0.125367,2
0.671194,-0.158417,-1.093927,0.088904,0.043625,2.348047,0.056353,-0.041857,0.093737,2
0.978182,-0.048624,-1.114807,-0.167716,-0.058206,2.180681,0.060868,-0.038959,0.095273,2
0.976402,0.058336,-1.548235,-0.362948,-0.262751,1.871844,0.133608,-0.193782,0.06907,2
1.437355,0.24368,-1.509207,-0.336928,-0.630851,1.197152,0.087114,-0.200853,0.084147,2
2.137113,0.442703,0.016463,-0.307719,-0.643827,-0.094966,0.015555,-0.091755,0.077447,2
1.514938,0.935478,-0.774924,-0.029573,-0.628696,-0.794405,-0.024808,0.021217,0.116698,2
1.968286,1.031673,-0.311804,-0.141661,-1.405755,-1.402011,-0.040557,0.021341,0.114185,2
1.27137,0.823266,1.425382,0.090306,-1.587241,-2.287921,0.032928,0.064075,0.131725,2
-0.16017,0.345446,1.57754,0.055953,-1.561801,-2.943388,0.031269,-0.000815,0.114543,2
-0.826871,-0.065259,2.100231,0.130612,-1.401463,-3.020267,0.041298,0.00892,0.096748,2
-1.154167,-0.276962,1.930411,0.509794,-0.917451,-2.840207,0.020967,-0.071945,0.109311,2
-1.364765,-0.372086,1.926202,0.032434,-0.07835,-1.861799,0.129632,0.080303,0.142956,2
-1.619063,-0.623037,1.126513,-0.481328,0.825478,-0.110189,0.182021,0.066358,0.084217,2
-1.507063,-0.415221,0.309283,-0.347128,2.419454,-0.152675,0.220646,0.070086,0.114106,2
-1.385579,-0.387807,-0.719037,0.206825,3.289372,0.060913,0.151595,-0.080288,0.123674,2
-0.95856,-0.341529,-1.2042,-0.437153,2.794529,3.316337,0.011227,-0.171297,0.07596,2
-0.831145,-0.019017,-1.759443,-1.055322,2.402971,3.552554,-0.014464,0.003578,0.131846,2
-0.421935,0.379826,-1.85254,-1.273898,1.408269,1.825146,-0.173839,-0.012431,0.104074,2
-0.155525,1.082685,-2.050162,-0.919176,1.143461,1.10037,-0.252366,0.073021,0.145484,2
0.104747,1.469638,-1.712637,-1.124215,1.080948,0.941881,-0.26563,0.109196,0.120606,2
0.496814,1.683541,-1.408403,-1.075474,0.790759,0.463455,-0.172447,0.043867,0.132678,2
0.552549,1.303159,-1.182964,-0.445618,0.920636,0.339944,-0.06215,-0.028865,0.103426,2
1.06277,1.618882,-1.008776,0.06435,1.366644,0.74096,-0.086386,-0.089644,0.110319,2
2.032359,1.437903,0.283017,-0.829808,1.250005,-0.098845,-0.004709,-0.008226,0.1092,2
1.795799,0.794428,1.248971,0.363892,1.198438,0.322187,0.031784,-0.032059,0.091356,2
1.604209,1.018643,1.16972,0.209079,0.621753,-0.538012,-0.00291,0.079469,0.124799,2
1.785162,1.215408,1.35835,-0.978663,-0.015382,-1.520107,0.057026,0.236265,0.154553,2
1.390383,1.086801,1.30823,0.791383,0.196393,-0.188799,0.104157,0.209298,0.192172,2
0.896964,1.125522,0.894416,0.453245,0.546865,0.372384,0.135482,0.082587,0.114126,2
0.817406,0.978957,0.680396,0.271148,0.943432,0.064678,0.151234,0.022697,0.154298,2
0.652033,0.50411,0.629832,1.406174,1.031968,0.777451,0.079575,-0.048317,0.098022,2
0.484852,-0.068094,0.668086,1.239095,0.789278,0.379783,0.035085,-0.085202,0.119741,2
0.44803,-0.519871,0.872446,0.932537,1.187355,-0.140771,-0.002913,-0.051208,0.108331,2
0.175703,-0.73904,0.751546,1.561089,0.712653,-1.020566,-0.055098,-0.039377,0.103065,2
0.099095,-0.83979,0.764954,1.350463,-0.08379,-2.164973,-0.069258,0.012154,0.126806,2
-0.076816,-0.936798,0.77612,0.765217,-0.199075,-2.441356,-0.129889,-0.041436,0.128518,2
-0.219977,-0.890453,0.564153,0.409343,-0.131632,-2.468234,-0.084277,0.09055,0.141484,2
-0.230858,-0.880114,0.817334,-0.0625,-0.297373,-3.538732,-0.041011,0.145143,0.113115,2
-0.129752,-0.855199,0.917635,0.262542,-0.325168,-3.818507,0.030853,0.246118,0.157809,2
-0.354611,-1.062279,1.340503,1.147064,-0.617825,-1.325759,0.037818,0.149295,0.182405,2
-0.470892,-1.030471,1.246193,1.666178,-1.490748,1.299371,0.098811,0.081405,0.046198,2
-0.173608,-0.97951,1.109858,2.154514,-3.028111,2.612951,0.115403,-0.084394,0.065954,2
-0.069282,-0.892515,0.503126,3.435215,-3.187887,3.184885,0.042318,-0.159857,0.045259,2
0.119311,-0.73894,-0.566435,3.824663,-2.157684,3.767906,-0.16534,-0.203863,0.062984,2
0.601291,-0.918,-1.576109,1.121077,-2.334691,4.053613,-0.246174,0.015727,0.151558,2
0.663686,-0.977719,-2.462793,-1.292785,-2.352532,3.246301,-0.17093,0.206723,0.103849,2
0.502809,-0.828703,-2.210004,-2.875278,-2.447673,2.381547,-0.09781,0.060475,0.11852,2
-0.223171,-0.598725,-2.081204,-3.540103,-2.525034,1.548756,-0.103098,-0.028448,0.139315,2
-0.71436,-0.839078,-1.237512,-3.398829,-2.436729,1.434345,-0.050411,-0.004709,0.153888,2
-1.960203,-0.666724,0.364178,-2.665433,-1.449706,1.582555,0.025898,-0.090157,0.10148,2
-2.471022,-0.071785,0.897856,-1.945093,-0.526074,1.804091,0.115248,-0.08026,0.097616,2
-2.499105,-0.404918,-1.186076,-1.241935,-0.362014,1.766191,0.139563,-0.074374,0.073087,2
-4.812063,-2.553714,-2.910285,-0.699879,-0.631081,1.438063,0.067573,-0.040262,0.083866,2
-5.255888,-0.6039,0.240299,-0.323843,-0.576175,0.785581,-0.004498,-0.013702,0.099069,2
-2.605539,-0.011317,3.591822,-0.101856,-0.666844,0.20563,0.014779,-0.043031,0.0864,2
-2.225179,-0.057837,3.471896,-0.258795,-1.230528,-0.232295,-0.031894,-0.015973,0.139231,2
-2.599331,-0.556257,0.740451,-0.666969,-1.894212,-0.243563,-0.182764,0.124821,0.106049,2
-2.928993,-0.899843,-0.243312,-0.677904,-2.481928,0.016394,-0.19782,0.115006,0.080953,2
-2.058037,-1.802934,0.322041,-0.202526,-3.623126,0.536606,-0.142499,0.08971,0.101061,2
-1.405121,-1.908858,0.643465,0.314971,-3.351322,0.503054,-0.193656,0.039849,0.138859,2
-0.674145,-1.598633,0.687113,0.245675,-2.250925,0.750362,-0.071714,0.2016,0.158119,2
-0.023604,-1.505968,0.706183,0.76282,-2.727287,1.160724,-0.009148,0.041177,0.125311,2
1.354689,-0.57192,0.893753,1.023958,-2.58446,0.969193,0.027321,-0.167904,0.013044,2
2.352311,0.329353,1.318045,1.075859,-1.864723,0.510356,-0.104876,-0.757652,0.037081,2
2.614253,0.506803,1.10904,1.279341,-1.047128,0.411676,-0.02771,-0.208032,0.137593,2
2.425719,0.61095,0.97497,1.167228,0.104665,0.852925,-0.160489,-0.271066,0.016046,2
1.804815,0.450693,1.195689,1.531067,0.43085,1.582682,-0.045443,-0.020697,0.067542,2
1.64569,0.545612,0.709929,1.97534,0.81241,1.9251,-0.017833,0.308903,0.14425,2
0.862687,0.346307,0.393041,2.026042,1.358389,1.332608,-0.129631,0.33083,0.147622,2
-0.029281,-0.150718,0.164227,1.684162,1.54202,1.104741,-0.201368,0.342111,0.149919,2
0.511025,-0.142523,0.049482,1.919104,1.30203,-0.030122,-0.189555,0.202202,0.169459,2
0.874566,0.05645,-0.304614,1.68093,1.132246,-1.617479,-0.125593,0.172877,0.137649,2
0.62014,0.24429,-0.462623,1.448887,0.909301,-2.557018,-0.085303,0.230043,0.183488,2
0.470528,0.347086,-0.093149,1.15056,1.009893,-3.270894,-0.062334,0.336145,0.162127,2
-0.017771,0.571237,-0.037425,0.047849,1.614851,-3.819003,0.027312,0.076118,0.134996,2
-0.636001,0.931495,-0.149469,-0.675887,1.861057,-2.757555,0.00639,0.117812,0.111382,2
-0.891722,1.165906,-0.063784,-1.01987,2.722583,-1.800369,0.065088,0.121217,0.104199,2
-1.213871,0.632283,0.062638,-0.394618,3.255275,-1.036007,0.145523,-0.228666,0.059903,2
-1.064914,0.090264,0.015245,-1.32665,3.834762,-0.073266,0.138634,-0.380881,0.08104,2
-0.717413,0.077952,-0.570167,-2.176637,3.557962,1.972255,0.056941,-0.262456,0.118274,2
-0.119601,0.253072,-1.013246,-1.165886,2.566278,3.668218,-0.029921,0.069961,0.122219,2
0.284049,0.973979,-1.655066,-1.126887,1.277181,3.315708,-0.201018,0.2591,0.212266,2
-0.513567,1.017481,-2.210446,-1.179998,0.27932,2.631387,-0.294211,0.612906,0.220841,2
-0.24354,0.847363,-1.650508,-0.062157,-0.053247,2.355148,-0.1785,0.735124,0.191132,2
1.403946,0.736083,-0.501784,0.172407,-0.241036,1.779683,0.103224,0.421151,0.13319,2
1.418071,0.568924,0.180045,-0.33384,-0.336586,0.835891,0.135364,0.609063,0.121395,2
1.150185,0.718711,0.146511,-0.681744,-0.600314,0.197352,0.205878,-0.115955,0.051556,2
1.701353,1.357694,-1.210214,-0.432692,-0.892431,-0.431662,0.202362,-0.318709,0.136597,2
3.470859,1.551009,-0.588572,0.135062,-1.153631,-1.030746,0.324759,-0.752936,0.15571,2
0.820494,-1.071252,1.8341,-0.2462,-1.766409,-1.459993,0.392362,-0.643112,0.102493,2
-0.178957,-0.863088,2.443049,0.250967,-1.950939,-2.050346,0.64952,-0.553338,0.088974,2
-0.686848,0.054254,1.56828,0.790031,-2.276975,-2.437427,0.735122,-0.306147,0.094759,2
-1.199074,-0.167973,1.226268,1.211229,-2.689696,-2.785583,0.666782,-0.177577,0.182029,2
-0.899604,-0.164481,1.373064,0.606566,-1.463327,-1.999746,0.671782,-0.322798,0.066085,2
-0.458186,-0.358875,1.330334,0.81287,0.217973,-1.186582,0.755643,-0.348086,0.081721,2
-0.512093,-1.039282,1.068292,-0.314103,1.118891,-1.489859,0.405991,-0.215663,0.087002,2
-0.308514,-0.837992,0.049038,-0.543139,2.888944,0.067207,0.33186,-0.467118,-0.005639,2
-0.384954,-0.952882,-0.641626,-0.115676,3.486609,1.659198,0.255632,-0.293131,0.047548,2
-0.549235,-1.897493,0.505733,0.218682,4.20726,2.977189,-0.027978,-0.060698,0.021016,2
-0.212107,-0.502654,-0.584799,-0.563121,2.971524,2.3441,-0.476185,0.100975,0.075219,2
-1.209019,0.344508,-2.7684,0.627725,0.773752,2.678272,-0.842436,0.169578,0.178706,2
-0.310078,0.650448,-1.947692,0.249166,0.328267,3.467036,-0.843589,0.441068,0.193239,2
-0.667497,0.544037,-1.355719,0.316391,-1.565091,2.458085,-0.59031,0.526927,0.19593,2
-0.358513,1.08871,-1.243009,0.99526,-1.558962,1.672885,-0.205818,0.199866,0.112511,2
0.383977,0.964145,-0.687591,0.956935,-1.912417,0.947095,-0.068699,0.072587,0.154664,2
0.780574,0.253586,-0.17385,0.550512,-1.715265,0.017142,0.065758,-0.059657,0.107094,2
1.604391,0.607336,-0.991899,0.68065,-1.522694,-1.518202,0.126314,-0.043353,0.065723,2
2.634275,-0.005536,0.485052,0.684132,-1.266934,-2.030053,0.004579,-0.153337,0.147703,2
2.117524,-1.440556,2.616571,-0.442193,-1.263013,-2.044799,-0.060214,-0.038325,0.071725,2
0.301471,-0.413979,2.56466,-0.268606,-0.765556,-1.326118,-0.103941,0.06937,0.102683,2
-0.646467,0.084604,2.801106,0.32526,-0.540965,-0.922487,-0.186602,0.145029,0.150949,2
-1.641376,-0.128991,2.435455,0.26027,0.606228,0.064606,-0.15107,0.087454,0.115679,2
-1.513517,-0.235711,1.714185,-0.367134,1.303062,0.447762,-0.073804,0.028789,0.157043,2
-0.841148,-0.30165,0.733577,-0.10436,1.900912,0.108394,-0.094171,0.077938,0.094426,2
-0.491621,-0.166126,-0.606281,-0.81116,2.699045,1.219503,-0.05456,0.146067,0.106825,2
-0.340133,-0.035784,-1.215563,-1.841997,2.067387,1.923277,-0.046087,0.218482,0.122166,2
0.063371,0.414515,-1.962733,-0.99222,1.415519,1.204441,-0.075296,-0.003437,0.09816,2
0.188391,0.967498,-2.178484,-1.204739,1.572339,0.528749,-0.078381,0.025625,0.140867,2
0.378398,1.036296,-2.107284,-0.745333,1.849961,0.43892,-0.053339,0.010014,0.093049,2
0.990104,1.059932,-1.645289,-0.831606,2.681499,0.423755,-0.109143,-0.143488,0.065524,2
0.95759,0.764206,-1.002835,-0.889138,3.506228,-0.034871,-0.120359,0.013028,0.120805,2
1.222197,1.166552,-1.201932,-0.348027,3.447368,-0.107612,-0.168214,-0.060681,0.036193,2
1.803552,1.753727,-1.367049,-0.268449,2.839497,-0.617655,-0.28636,-0.068908,0.074308,2
1.316588,1.776605,-2.143991,-1.566993,1.214432,-1.501677,-0.307305,0.119161,0.128178,2
1.734603,1.509959,-1.128432,-1.222523,0.789756,-1.396976,-0.249856,0.0721,0.149021,2
1.335422,0.695996,-0.319271,-0.552148,0.521104,-1.401148,0.015294,0.087606,0.107447,2
0.448324,-0.040185,0.741488,-0.694988,0.267124,-1.552251,0.129941,-0.073775,0.177942,2
0.08646,-0.156041,1.270123,0.147098,0.55106,-1.192357,0.213716,0.219487,0.137075,2
-0.06065,-0.49672,1.712861,2.592758,0.343717,-0.4637,0.362058,0.106884,0.195958,2
-0.311964,-0.559431,1.944623,2.359025,-0.379241,-0.900763,0.471226,0.162711,0.194502,2
-0.046089,-0.469602,1.641515,1.792022,-0.738467,-0.809916,0.443826,0.1501,0.096638,2
0.011402,-0.475573,1.36942,3.012146,-2.031777,-0.177202,0.384008,0.044091,0.142083,2
0.176462,-0.385319,0.87369,1.421105,-1.796671,-1.597262,0.248983,0.040135,0.109911,2
-0.129323,-0.356208,0.770774,0.325814,-0.854938,-2.628006,-0.005844,-0.144243,0.107142,2
0.024523,-0.21653,0.597428,0.363003,-0.261487,-2.19609,-0.154319,-0.017581,0.058935,2
0.225,-0.402695,0.686325,0.77362,-0.376627,-1.380708,-0.121118,0.247441,0.107374,2
-0.273785,-0.487542,0.666507,0.929242,-0.117265,-1.203526,-0.00819,0.142272,0.136251,2
-0.246944,-0.605626,0.409812,0.260053,2.405833,1.234259,-0.10395,-0.142573,0.067868,2
-0.247921,-0.896393,0.388873,3.376356,-1.201514,2.626809,-0.164823,-0.144845,0.039949,2
-0.211967,-0.902689,-0.185515,2.940693,-5.833388,3.526381,-0.249449,-0.078562,0.110018,2
0.239357,-0.810211,-0.473874,2.396511,-1.69396,0.732023,-0.258343,-0.011915,0.128333,2
-0.050537,-0.670194,-0.406861,1.069871,1.024879,1.495106,-0.213936,0.010438,0.074994,2
-0.132985,-0.70988,-0.163802,0.039234,0.794032,2.794931,-0.076637,-0.031981,0.083141,2
-0.093126,-0.657666,-0.559001,-0.513341,-1.085176,2.989465,-0.000194,-0.218592,0.102428,2
0.055971,-0.977211,-0.344282,-1.160646,-2.636284,2.567201,-0.06653,-0.26608,0.079952,2
-0.39873,-0.899953,-0.139037,-2.056054,-3.602751,2.478852,-0.169173,-0.160316,0.110189,2
-1.119294,-0.579734,0.631024,-2.574145,-2.940479,2.196006,-0.114883,-0.01929,0.121882,2
-1.532776,-0.24023,0.611497,-2.735466,-2.22855,1.854489,-0.042891,0.047844,0.129809,2
-2.141838,-0.316909,-0.241367,-2.773379,-2.340717,1.56575,0.017521,0.168532,0.14818,2
-2.860562,-1.029316,-2.222758,-2.551353,-2.597912,1.491709,0.02512,0.176629,0.14177,2
-3.029428,-1.944732,-0.439892,-2.11636,-2.964806,1.617493,0.055468,0.212819,0.161609,2
-3.017862,-0.747479,1.374419,-1.597625,-2.513718,1.591067,0.091708,0.076803,0.091086,2
-2.265341,-0.105729,2.746019,-1.148256,-2.581345,1.700249,-0.006854,-0.054549,0.153734,2
-2.125138,-0.41373,2.446481,-1.012256,-2.951107,1.854802,-0.110965,-0.093717,0.109447,2
-2.085271,-0.014268,1.269399,-0.727797,-2.696322,1.729035,-0.153471,-0.010604,0.052753,2
-0.991416,0.00286,1.403582,-0.266676,-2.312449,1.265861,-0.200354,0.033892,0.096104,2
-0.762868,-0.466833,1.355439,0.257109,-2.246999,0.655875,-0.264486,0.016246,0.132472,2
-0.565942,-0.419454,0.595339,0.671107,-2.46606,0.476155,-0.178952,0.024035,0.128695,2
-0.380525,-0.763843,0.341473,1.02494,-2.514525,0.354705,-0.093672,0.029869,0.093402,2
0.15319,-0.70315,0.288009,1.225094,-1.347214,-0.300642,-0.066013,0.027016,0.108476,2
0.462753,-0.713008,0.137047,1.686418,-0.962955,-0.74915,0.015985,-0.020426,0.10792,2
0.65961,-0.8623,-0.495158,2.106845,-0.988768,-0.827579,0.089316,-0.099122,0.106707,2
1.152814,-0.919771,-0.79336,2.469614,-0.590717,-1.365179,0.133948,-0.084424,0.091612,2
1.085612,-0.847039,-1.077296,2.073166,0.247609,-2.156429,0.127612,0.001169,0.110476,2
1.162143,-0.431955,-1.039165,1.873223,0.621076,-2.117737,0.027232,0.034676,0.098736,2
1.163166,-0.118623,-0.713348,1.347815,0.923209,-1.967687,-0.020072,0.016397,0.104735,2
1.11158,0.21022,-0.616645,1.088487,1.205662,-2.170718,0.074861,0.260892,0.129311,2
1.230719,0.590951,-0.429123,1.064392,1.505868,-2.146804,0.049692,0.192659,0.110541,2
1.04349,0.850274,-0.282617,0.519858,1.643842,-2.442879,-0.131009,-0.140565,0.091612,2
0.81994,0.946891,0.012249,0.0954,2.632085,-2.172,-0.134707,-0.164549,0.097249,2
0.705668,1.002275,-0.16509,-0.820022,3.525097,-1.068469,-0.188154,-0.032418,0.09933,2
0.215499,0.728009,0.109591,0.349942,3.498479,2.031667,-0.231197,-0.000576,0.115476,2
-0.050285,0.205383,0.363201,0.315358,3.936744,1.838397,-0.282813,0.159707,0.171747,2
-0.126198,0.041291,-0.137534,-0.37211,4.04761,1.488729,-0.232666,0.149704,0.139012,2
-0.185151,0.222619,-0.180061,-0.384025,2.819739,2.283963,-0.17446,-0.153966,0.064519,2
0.302331,0.833382,-0.243386,-0.83377,2.070885,1.642826,-0.068325,-0.114342,0.097927,2
-0.826782,0.438377,-0.839514,-1.165601,0.667915,1.269491,0.037643,-0.02085,0.129574,2
-0.41522,1.264803,-0.492617,-0.486522,-0.450417,1.969241,0.158267,0.025372,0.166777,2
-0.199648,1.38356,-0.129784,-0.848663,-0.615256,1.201551,0.288654,0.189617,0.166309,2
-0.540181,0.622144,0.233475,-1.558897,-0.456351,1.053346,0.466879,0.214069,0.178073,2
0.105117,0.567041,-0.790495,-1.119867,-0.250364,0.908869,0.60745,0.196896,0.118351,2
1.790965,0.575023,0.292045,0.344035,-0.171248,0.984845,0.625639,-0.190277,0.124765,2
0.866419,-0.052019,1.496078,-0.689531,0.473899,-0.203538,0.583231,-0.21648,0.10511,2
0.332966,0.379805,2.276225,-0.501603,0.488466,-0.546708,0.477277,-0.360951,0.096926,2
0.26435,0.887143,2.035509,0.378907,0.082703,-1.258938,0.333111,-0.232595,0.061966,2
0.164358,0.94861,1.067413,-0.110847,-0.103522,-1.915229,0.135563,0.022081,0.130077,2
-0.285507,0.839639,0.934243,-0.141304,-0.474334,-1.635489,-0.042064,0.116701,0.137749,2
0.024192,0.766925,0.262871,0.299765,-0.517067,-1.165082,-0.14416,0.201302,0.151111,2
-0.205134,0.415646,0.090201,0.24024,-0.157313,-1.16042,-0.164462,0.216055,0.12373,2
-0.120748,0.075498,-0.131922,1.159992,0.31734,-0.090162,-0.189813,0.228748,0.132633,2
-0.112908,-0.315659,-0.192484,2.296284,1.4576,-0.106327,-0.096134,0.25361,0.128557,2
-0.528221,-0.690463,-0.498097,1.202353,1.372127,1.109299,-0.089039,-0.173709,0.120975,2
-0.634953,-0.741242,-0.673258,-0.399052,1.990112,1.084958,-0.022002,0.053631,0.042973,2
-0.437329,-0.535152,-1.245226,-1.23366,1.907446,0.77116,0.000825,-0.115758,0.080024,2
-0.399618,-0.415423,-0.927097,-1.671876,1.98282,1.200574,-0.052797,-0.160324,0.073546,2
0.007096,-0.259051,-0.586968,-2.061829,2.526344,0.410488,-0.007568,-0.176421,0.107203,2
0.333824,0.020426,-0.892222,-1.956566,2.342901,-0.45804,-0.062743,-0.068041,0.149662,2
0.751747,0.195686,-0.544484,-1.620824,1.86582,-0.541286,-0.037469,-0.003383,0.143236,2
1.300775,0.579906,-0.242671,-0.905851,1.629834,0.386326,-0.043953,-0.134293,0.072321,2
1.274765,0.792119,-0.035886,-1.539798,1.801466,0.347902,-0.139689,0.036096,0.144131,2
1.237941,0.694682,0.160582,-0.920097,1.799113,0.767207,-0.172072,0.190218,0.173879,2
1.169595,0.731063,0.5005,0.841684,1.087109,1.008532,-0.155742,0.114312,0.124062,2
1.264137,0.895176,0.875572,1.040255,0.593323,0.739788,0.002937,0.055264,0.118917,2
0.980501,0.852403,1.126897,0.752574,0.56247,-0.115112,-0.05947,-0.036325,0.119739,2
0.75077,0.596784,1.18231,1.710672,-0.134731,-0.299767,0.008719,-0.0195,0.085932,2
0.410385,0.207421,1.250502,1.943199,-0.755012,-0.813253,0.006972,-0.077702,0.121037,2
0.113542,-0.043506,1.157606,1.718427,-0.639038,-1.072161,0.018095,0.038668,0.117289,2
0.119078,-0.314864,1.293589,1.942653,-0.696994,-1.152657,0.074411,0.070741,0.109495,2
-0.232722,-0.463807,1.418372,2.462359,-0.429446,-2.998615,0.052311,0.054739,0.118867,2
-0.20571,-0.570969,1.099339,0.219657,-0.192674,-1.488782,0.045145,0.126735,0.1262,2
0.119725,-0.661936,1.196006,0.16903,-0.218929,-1.843559,-0.034327,0.018075,0.121049,2
-0.332218,-0.533398,0.677246,1.174131,-0.702793,-2.288665,-0.044521,0.098219,0.12545,2
-0.271554,-0.652567,0.226354,0.46105,-0.987203,0.289716,-0.1272,0.145835,0.108668,2
0.020087,-0.948366,-0.205923,0.810336,-1.015544,0.968526,-0.201987,0.099541,0.140247,2
-0.503419,-0.953843,-0.924065,2.831688,-1.702907,0.210895,-0.18225,0.069099,0.116958,2
-0.406176,-0.944194,-0.73675,2.41616,-3.331685,1.767338,-0.238858,-0.126807,0.111517,2
-0.663433,-1.121874,-1.193516,1.424841,-3.70998,2.942822,-0.131349,-0.015321,0.076429,2
-1.444167,-0.875111,-0.359291,0.020417,-3.467368,2.461101,-0.09802,-0.102366,0.07478,2
-2.745253,-0.060646,2.546253,-1.538749,-2.491205,1.679368,-0.058558,-0.13446,0.072441,2
2.309824,-1.725941,-1.642747,-2.88328,-1.972751,1.620067,0.06449,-0.046684,0.123607,2
-1.969245,-0.326296,-4.804994,-3.311431,-2.386199,1.181992,0.105751,0.045473,0.170432,2
-2.924323,-0.142305,-1.917714,-3.699506,-2.794828,0.728354,0.062007,0.033439,0.154456,2
-4.892336,0.167493,-1.007361,-3.831203,-3.207458,0.967405,0.172283,0.212618,0.108428,2
-3.436615,-1.142877,0.754034,-3.201884,-3.105091,1.287964,0.111093,-0.050537,0.109142,2
-2.005435,-0.871353,2.086302,-2.136334,-2.627964,1.339025,0.034925,-0.181185,0.100831,2
-2.014661,-0.394506,2.149076,-1.421005,-3.082719,1.276565,-0.049498,-0.071761,0.142866,2
-2.279727,-0.765431,1.0951,-0.960713,-3.954699,1.266509,-0.158848,0.085094,0.084297,2
-1.951096,-1.235713,0.281205,-0.266567,-2.542318,1.057141,-0.269414,0.081524,0.149361,2
-1.303923,-1.670092,0.390384,-0.094805,-2.548622,1.190838,-0.237232,0.226408,0.143461,2
-0.917071,-1.88532,0.401431,0.477067,-3.160964,1.799171,-0.118166,0.233515,0.109747,2
-0.091263,-1.620924,0.289284,1.586546,-2.659882,1.037354,-0.041351,0.043267,0.128409,2
0.356574,-0.772479,0.537279,1.914726,-2.030255,0.663748,0.018081,-0.087878,0.094185,2
0.751076,-0.644395,0.563182,2.208908,-1.417236,0.524187,0.092312,-0.110107,0.094181,2
1.45916,-0.280104,0.862965,2.54807,-0.532631,0.231059,0.098312,-0.137165,0.059556,2
1.233605,-0.127907,0.73771,2.115676,0.014432,-0.499749,-0.011417,-0.258139,0.07735,2
1.365605,0.028841,0.804734,2.551749,0.435525,-0.169006,-0.138963,-0.144349,0.093588,2
1.453138,-0.032235,0.924266,3.193079,0.859619,0.511764,-0.267776,-0.032677,0.091835,2
1.390102,-0.090857,0.770857,2.825833,1.621471,0.636093,-0.351416,0.113139,0.142965,2
1.404954,0.00142,0.646511,1.918544,2.172461,0.742609,-0.365718,0.219898,0.139563,2
1.26566,0.249693,0.332628,1.822563,2.52182,0.575323,-0.247639,0.055306,0.112128,2
1.066481,0.538408,0.132991,1.437225,2.285832,-0.103809,0.022687,-0.035441,0.144403,2
0.946154,0.901891,-0.167688,1.1418,2.123264,-0.07389,0.008698,0.179745,0.144666,2
0.772768,1.368916,-0.015018,0.976216,2.183097,-0.610879,-0.078763,0.126767,0.128194,2
0.366495,1.300106,-0.170289,1.130464,2.440888,-1.600383,-0.111594,0.014257,0.135594,2
0.256327,1.206004,-0.002133,0.635272,2.43419,-1.940175,-0.035935,0.051956,0.09734,2
0.012259,1.227045,0.02857,-1.837697,2.122281,-2.253172,-0.011618,0.048606,0.101709,2
-0.310672,0.947343,-0.133947,-2.119192,2.04777,-1.574542,-0.020118,-0.024784,0.134784,2
-0.288827,0.954472,-0.329449,-2.042342,2.460685,-1.520847,-0.039953,-0.062147,0.121523,2
-0.691992,0.757885,-0.835752,-2.396158,2.771537,-1.650456,0.071143,-0.111266,0.152314,2
-0.779755,0.513622,-1.062193,-2.237517,2.65361,-0.177868,-0.066974,0.106634,0.136086,2
-0.753803,0.575267,-1.562811,-1.611929,1.834125,0.780181,-0.085327,0.041575,0.123595,2
-0.701115,0.423504,-1.225627,-2.159422,0.792708,-0.11745,-0.048268,0.201095,0.143382,2
-0.356747,0.785457,-1.198837,-2.252934,0.139839,1.46461,0.27062,-0.666087,0.135127,2
0.036956,1.364611,-0.387378,-1.732515,-0.014189,2.097767,0.343299,0.005766,0.108556,2
-0.140531,1.159531,-0.64844,-1.64377,-0.639893,1.765252,0.471393,-0.044349,0.150695,2
0.223772,0.720523,0.119535,-1.004379,-0.742351,1.996639,0.598515,-0.100626,0.101747,2
0.526818,0.313696,1.583183,-0.668911,-0.87955,0.955727,0.634438,-0.006969,0.167045,2
0.274571,0.192396,-0.699752,-0.051528,-0.868528,0.598443,0.420325,0.244375,0.137037,2
2.642227,1.036531,-0.568654,0.082193,-1.064974,-0.059718,0.212172,0.013773,0.123588,2
2.647061,0.179689,1.486296,0.429232,-1.399068,-0.420742,-0.063696,0.169122,0.151346,2
0.581258,-0.205611,2.676116,1.641975,-1.052902,-0.700929,-0.204562,0.258972,0.160295,2
-0.453258,0.701841,1.916838,1.882655,-0.967133,-1.952724,-0.042234,0.596237,0.146161,2
-1.00534,0.735862,0.892324,1.663881,-0.808814,-2.376374,0.106844,0.425368,0.108318,2
-1.326121,0.195903,0.708133,1.745182,-0.120927,-1.146917,0.17012,-0.395238,0.139805,2
-0.984529,-0.189349,0.586763,0.312139,0.04779,-0.37115,0.011198,-0.346288,0.110989,2
-0.4488,-0.405809,0.343563,-0.414239,0.657882,-0.032318,-0.136461,-0.679339,0.078465,2
-0.471515,-0.68941,0.445344,-1.232756,1.532438,-0.091671,-0.217582,-0.644746,0.083158,2
-0.496742,-0.335327,-0.050926,-1.873085,1.985727,0.804021,-0.014646,-0.228135,0.036206,2
-0.603598,-0.13269,-0.242138,-1.863556,2.029968,1.839281,0.080934,0.129678,0.043715,2
-0.671977,-0.168053,-0.635839,-1.721703,1.419687,1.361072,0.032198,0.048921,0.115325,2
-0.643982,0.255848,-1.378876,-1.354171,0.870063,1.968045,-0.091433,0.082309,0.178152,2
-0.588343,0.586941,-1.249055,-1.467473,1.214592,1.904619,-0.323628,0.037216,0.132895,2
-0.227093,0.52878,-0.514074,-1.245576,1.767576,1.128916,-0.418815,0.190258,0.182431,2
-0.166479,1.18932,-1.828408,-1.132261,1.915636,0.791446,-0.369731,0.164689,0.124456,2
1.808871,2.058289,-1.944013,-1.720351,1.658137,-0.324704,-0.22405,0.096458,0.12325,2
2.31825,1.30413,-0.387224,-0.941154,1.988788,-0.692577,-0.167798,0.109754,0.134565,2
1.369005,0.250676,1.053589,-0.252417,2.185097,-1.118697,-0.13104,-0.067725,0.117126,2
1.267462,0.562384,1.014225,-0.202852,2.001894,-1.76485,-0.05209,-0.074319,0.136119,2
1.01085,0.695648,0.601153,0.674353,1.710735,-1.608706,-0.021666,-0.015858,0.072065,2
0.764034,0.573474,0.9213,1.924278,1.249723,-0.593569,0.094805,-0.034223,0.121917,2
0.604483,0.506097,0.665019,1.885744,0.886744,-0.971877,0.065509,-0.006175,0.147899,2
0.511327,0.308672,0.685118,1.553462,0.543367,-1.322437,0.034717,0.060099,0.109935,2
0.414262,0.196369,0.613391,2.302594,-0.175383,-0.816951,0.013388,0.085356,0.132382,2
0.674161,0.16701,0.602386,2.965538,-0.457625,-1.244118,0.054692,0.076832,0.13304,2
0.955178,0.01842,1.053792,2.165611,-0.261943,-0.918939,0.053971,-0.038122,0.083355,2
0.711936,-0.296204,0.923213,1.319337,-0.099456,-1.367894,0.128941,0.029619,0.147371,2
0.619045,-0.392108,1.047127,1.193506,-0.3498,-1.528461,0.025963,-0.144035,0.107046,2
0.41007,-0.535465,1.057194,1.275498,-0.356066,-1.843368,-0.049649,-0.084396,0.089701,2
0.43323,-0.581135,0.699924,1.279752,-0.214459,-1.802322,-0.123155,-0.007688,0.109399,2
0.237756,-0.727421,0.769371,1.475288,0.219294,-1.34879,-0.176868,0.008943,0.105488,2
-0.130665,-0.948904,0.612853,1.839141,0.054548,0.976383,-0.171306,0.054432,0.101594,2
0.089518,-1.224204,0.204142,2.15467,0.592369,1.964357,-0.215551,-0.083755,0.085791,2
0.206947,-1.408238,-0.124626,3.053503,-0.409815,2.464178,-0.202965,0.025548,0.091166,2
0.125319,-1.319313,-0.372879,1.908618,-4.235566,3.913772,-0.178364,0.027158,0.102106,2
-0.586684,-0.97528,-0.958104,-0.242413,-5.655787,3.795001,-0.16702,-0.056271,0.145831,2
0.010143,-0.893897,-0.684997,-1.722022,-4.249331,3.13629,-0.089576,0.049673,0.111517,2
-0.580254,-0.584849,-0.743381,-2.677362,-2.879102,2.259612,-0.038937,-0.043556,0.134507,2
-1.033189,-0.004397,-0.903714,-3.55263,-3.167009,1.760691,0.024575,-0.068616,0.119274,2
-1.696118,-0.000698,0.912589,-3.873732,-4.546396,1.16755,0.137257,-0.084398,0.141355,2
-2.045504,0.090294,2.147072,-4.150396,-5.045815,1.518424,0.161098,-0.129598,0.106691,2
-1.888076,0.295893,0.152685,-3.681675,-3.900998,1.879265,0.115923,-0.188058,0.142846,2
-2.030284,-0.521659,-0.47631,-3.120476,-3.040907,2.292768,0.149648,0.086998,0.122417,2
-2.218644,-1.841665,-3.202382,-1.78247,-2.579614,2.016212,0.131948,0.120033,0.108382,2
-2.706955,-0.896415,-0.701118,-0.671307,-2.715726,2.179971,0.119481,0.178278,0.097726,2
-1.916254,-0.255982,2.415928,0.17528,-2.310551,2.161065,0.027002,0.03138,0.108268,2
-0.927145,-0.240354,2.50561,0.8645,-2.167001,1.967066,-0.120051,-0.058137,0.118506,2
-1.27816,-0.321859,0.718828,1.402897,-1.959342,1.508248,-0.228722,-0.053115,0.094501,2
-1.069328,-0.187072,0.610339,1.477544,-1.372174,1.063225,-0.20701,-0.046297,0.065207,2
-0.889302,-0.534201,0.843881,2.146133,-1.69416,1.088635,-0.184992,-0.026456,0.090715,2
-0.424803,-1.230234,1.364985,1.966672,-1.477899,0.727955,-0.09498,0.066331,0.111396,2
-0.681358,-0.906122,1.045584,1.478461,-0.225224,0.108058,-0.09612,0.034799,0.111836,2
-0.513564,-1.117486,0.473947,1.229188,0.656251,-0.338277,-0.068355,0.057103,0.13016,2
0.446215,-1.304169,0.453653,1.878342,0.299393,-0.221521,0.058145,-0.005828,0.11841,2
0.352099,-0.785883,0.336608,2.071536,0.785353,0.601705,0.05848,0.02753,0.120794,2
-0.115977,-0.801379,0.43922,0.962005,2.005823,-0.341291,-0.001409,0.030352,0.095084,2
0.463249,-0.515645,0.108495,0.900104,2.02831,-0.483781,-0.099744,-0.037026,0.077931,2
0.371121,-0.671574,0.368173,1.498605,2.100258,-0.23769,-0.228045,0.016352,0.122051,2
0.127559,-0.78599,0.392719,-0.306394,2.504194,-1.229834,-0.326347,0.002393,0.11254,2
0.588451,-0.370407,0.039396,-0.821237,1.939575,-1.38551,-0.286877,0.094871,0.102489,2
1.001133,-0.202645,0.060703,0.865,1.450163,-1.000993,-0.197381,0.152959,0.126395,2
0.557374,-0.125486,-0.634187,0.888985,1.304781,-1.013296,-0.087208,0.1495,0.150944,2
0.844786,0.20291,-0.255178,-0.668852,1.010558,-1.749423,-0.014353,0.156228,0.133433,2
0.448928,0.38572,-0.367639,-0.089011,0.51851,-1.94042,-0.010787,0.00785,0.131775,2
0.106847,0.847287,-0.44086,-0.214048,0.16905,-2.03652,0.024253,0.013358,0.093471,2
0.083931,1.202382,-0.598467,0.671637,-0.073926,-1.424041,0.119592,-0.05158,0.140053,2
-0.250715,1.147413,-0.310771,1.992702,0.553438,-0.671179,0.183357,-0.120326,0.107846,2
-0.125767,0.939345,-0.082969,1.439996,1.017022,-0.127781,0.236191,0.059764,0.124667,2
0.084909,0.466482,0.042749,-0.64236,1.664544,0.286424,0.289709,-0.037909,0.098746,2
0.082262,0.135556,-0.064333,-0.984898,1.855785,-0.8222,0.289118,-0.174955,0.062177,2
0.166947,0.150797,-0.406646,0.780238,2.62945,0.134541,0.224479,-0.271355,0.081397,2
0.108114,0.269019,-0.649625,-1.40628,2.588588,0.776683,0.034202,-0.230499,0.09438,2
-0.134375,0.122766,-1.031188,-2.02318,2.229312,1.363786,0.011498,-0.134842,0.113287,2
0.084154,-0.163129,-1.045908,-2.087573,1.386268,1.219437,-0.024108,-0.007791,0.110821,2
0.852794,0.498927,-1.185719,-1.363819,0.790388,2.145247,-0.139014,0.009341,0.121745,2
1.301676,1.077784,-1.486522,-1.147499,-0.020722,2.037584,-0.082501,0.102087,0.168431,2
1.735216,1.591659,-0.958242,-0.679339,-0.472156,1.779542,-0.059087,0.059538,0.109899,2
1.625319,1.411388,-0.713597,-0.340453,-0.802794,0.469643,-0.064873,0.055641,0.148479,2
1.52665,0.91708,-0.042451,-0.363551,-0.912549,0.324822,-0.057726,0.087806,0.140674,2
1.001658,0.500532,0.829575,-0.359251,-0.850646,-0.358612,0.004528,0.047649,0.110832,2
-0.048474,-0.194706,1.378032,-0.333817,-1.111549,-1.430049,0.034183,-0.016447,0.101969,2
-0.496452,-0.385384,1.482675,-0.29144,-0.999573,-1.989226,-0.019656,-0.055089,0.111957,2
-0.793125,-0.270475,1.419841,0.439059,-0.78038,-2.061944,-0.103603,0.063808,0.112869,2
-0.752236,-0.549915,1.192084,0.353125,-0.612898,-2.172721,-0.075822,0.161582,0.141936,2
-0.899754,-0.955985,1.458096,0.429424,-0.117602,-1.524857,-0.003366,0.237577,0.135519,2
-1.046306,-0.711807,0.995987,0.887724,0.891549,-0.228867,0.056878,0.190966,0.114629,2
-0.992844,-0.619871,0.420568,0.889274,1.778454,-0.454427,0.082744,0.065142,0.104195,2
-0.926376,-0.650298,-0.056236,1.128884,2.491333,1.017137,0.151341,-0.045854,0.086824,2
-0.827627,-0.172575,-0.935818,0.289588,1.91243,1.802391,0.141998,-0.130209,0.073377,2
-0.526792,0.481403,-1.430397,-0.637479,1.344721,2.42133,0.182646,-0.193721,0.104121,2
-0.338895,0.807288,-1.340178,-1.24063,1.638965,1.965347,-0.067285,-0.201536,0.11188,2
-0.031121,0.663161,-1.337628,-1.374165,0.7683,1.497527,-0.241897,-0.143363,0.10781,2
0.801667,1.32348,-1.243998,-1.323476,1.484011,1.934133,-0.309956,0.128434,0.134411,2
1.568804,1.636626,-1.122143,-1.311412,1.219748,1.793609,-0.331334,0.036409,0.124656,2
0.994896,0.96591,-0.85906,-1.756074,0.901394,1.73688,-0.166277,0.044961,0.114971,2
1.548628,0.568045,0.456403,-2.042599,0.354237,1.490368,-0.053117,-0.132753,0.133784,2
1.238155,0.592658,0.833616,-1.138875,0.096039,1.058172,0.080755,-0.252977,0.099106,2
1.353205,1.050789,1.144043,-0.262965,-0.668738,0.141005,0.303551,-0.110349,0.114799,2
1.119501,1.113078,1.534595,-0.07346,-1.433509,-0.819874,0.354333,-0.10573,0.126373,2
0.915921,1.055957,1.588282,-0.34584,-1.954304,-1.754209,0.290549,0.019799,0.115273,2
0.7846,0.81414,1.439734,-0.119247,-2.088207,-2.251694,0.095785,0.069099,0.139748,2
0.693712,0.349829,1.493633,0.789175,-2.446586,-3.011658,-0.026938,0.104508,0.161035,2
0.259349,0.011089,1.17695,-0.285181,-1.9759,-3.563674,-0.078605,0.205311,0.164411,2
0.038628,-0.173956,1.150832,0.230881,-0.749175,-3.426007,-0.085901,0.186032,0.163166,2
-0.221278,-0.453993,0.88133,1.450998,0.806751,-1.935332,-0.118616,0.162797,0.091076,2
-0.163456,-0.666165,0.489673,2.736703,1.225342,-1.813164,-0.123698,0.097643,0.119446,2
-1.002477,-0.770483,0.372637,5.426027,1.870016,0.195415,-0.084529,0.11306,0.096538,2
-1.330577,-1.068663,0.116623,3.457051,2.202452,2.711146,-0.020478,0.034427,0.076545,2
-1.368998,-0.515214,-0.675946,1.538737,1.38445,3.313211,0.035809,-0.167193,0.112275,2
-1.510117,-0.036106,-1.26953,0.840854,-0.09658,3.398292,0.043039,-0.144419,0.070697,2
-1.096267,0.135596,-1.642832,0.186811,-0.496026,3.613524,-0.056902,-0.142798,0.102015,2
-0.760195,-0.304638,-1.896599,-0.602869,-0.307046,3.676905,-0.112738,-0.029788,0.086706,2
-0.506524,-0.776283,-2.179454,-1.074927,-0.475542,2.705962,-0.177856,-0.152716,0.189105,2
-1.041654,-1.470818,-1.946883,-1.610465,-0.634799,1.512452,-0.039866,0.352516,0.098954,2
0.291813,-2.170331,-1.521751,-2.061971,-0.58402,0.48839,-0.196049,0.234705,0.094645,2
1.720064,-2.674551,-0.93593,-0.802859,-0.558204,0.420751,-0.190975,-0.066138,0.140916,2
0.740687,-2.317174,0.870769,-0.431072,-0.791748,-0.817248,-0.144307,-0.149986,0.107912,2
0.728253,-1.160463,2.452532,-0.409984,-1.530937,-2.151766,-0.143548,0.001512,0.085478,2
0.262392,-0.223145,2.27984,-0.550429,-1.96403,-2.630906,-0.163557,-0.054028,0.122482,2
0.080072,-0.201544,2.22754,-0.558543,-2.079388,-2.531584,-0.161682,0.035894,0.101645,2
-0.410227,-0.198029,1.833312,0.180409,-1.63293,-1.757841,-0.104186,0.078458,0.111417,2
-0.886096,-0.271441,1.140429,0.313043,-1.182382,-1.247636,-0.116679,0.116754,0.158234,2
-0.94233,-0.305975,0.315556,1.914325,-0.702958,-1.396247,-0.115608,0.068045,0.096855,2
-1.251973,-0.410459,-0.10816,3.101541,0.423192,-0.05856,-0.188114,0.018103,0.109712,2
-1.429478,-0.301169,-0.523095,2.905862,1.498788,1.986582,-0.270243,0.069915,0.098167,2
-1.273154,-0.209513,-1.540039,2.484485,1.036737,2.15287,-0.188101,-0.131786,0.068419,2
-1.472797,-0.414149,-1.613419,2.0168,0.590867,2.784381,-0.103905,-0.104545,0.126387,2
-1.454809,-0.898223,-1.3543,0.384804,0.904327,2.361544,-0.072124,0.017288,0.072645,2
-1.314333,-1.578114,-1.216063,0.013191,0.168508,1.166482,-0.018201,-0.011824,0.10663,2
-1.114593,-1.932365,-2.307856,-0.177029,-0.408207,0.9421,0.02101,0.091116,0.129276,2
1.056758,-3.227632,-2.893289,-0.080587,-0.624467,0.932215,0.059079,0.116881,0.07858,2
1.578345,-3.850266,-2.030852,-0.108157,-0.270906,0.613733,0.164027,-0.013315,0.111285,2
1.88459,-2.21866,0.409753,-0.408625,-0.340688,-0.127545,0.23091,-0.084381,0.12801,2
2.086945,-2.135484,0.254718,0.120792,-1.019466,0.207591,0.237338,-0.036753,0.109763,2
2.807829,-0.34455,1.39911,0.174232,-1.022337,-0.622508,0.199195,-0.019382,0.108522,2
1.264129,0.480103,2.354297,-0.226123,-1.582501,-1.19194,0.074716,-0.076947,0.111143,2
1.678467,0.808759,2.188738,0.147991,-1.922653,-1.609144,-0.056391,-0.10826,0.105277,2
0.079274,2.25803,1.740911,-0.230074,-1.623349,-2.078453,-0.155251,-0.06435,0.094593,2
-0.669783,2.106154,1.443625,-0.149218,-1.510151,-2.009002,-0.261908,-0.115436,0.115131,2
-0.44971,2.014317,1.249333,1.879676,-0.634515,-1.698306,-0.226643,0.00414,0.124801,2
-1.350657,2.030102,1.153986,1.217707,0.320791,-1.05154,-0.138028,0.056514,0.120116,2
-1.095224,1.47409,0.992056,0.244937,0.615869,-0.865852,-0.075862,-0.003261,0.117784,2
-1.185923,0.502101,0.976465,-0.253872,1.343027,0.056448,-0.059133,-0.020158,0.12191,2
-1.293077,0.102315,-0.175644,-0.889818,1.900137,0.69705,-0.111963,-0.008331,0.129675,2
-0.775449,-0.296194,-0.573072,-0.91746,2.635289,1.371288,-0.127424,-0.053689,0.092118,2
-0.510468,-0.555669,-1.229393,-1.415098,2.872484,2.415847,-0.107359,0.028881,0.122813,2
-0.268097,-0.637779,-1.585066,-2.133456,1.945835,3.228092,-0.06215,0.109366,0.095072,2
0.147994,-0.171192,-1.863174,-1.860104,0.834679,3.535018,-0.035221,-0.059146,0.100237,2
0.25124,0.24747,-2.001791,-1.572583,-0.012208,2.676049,0.034647,-0.071138,0.153807,2
0.18516,0.929409,-1.503845,-1.405795,-0.666685,1.429432,0.150865,0.06475,0.122301,2
0.619113,1.227922,-1.072257,-0.942637,-1.037338,0.345695,0.190137,-0.040151,0.127185,2
1.197953,1.816524,-0.047091,-1.216496,-1.029108,-0.595801,0.318479,0.028441,0.144256,2
1.692122,1.571468,1.818156,-0.615691,-1.161318,-0.468552,0.332408,0.049491,0.111916,2
1.139254,1.18641,2.280229,1.042256,-0.425907,-0.54838,0.350945,-0.033583,0.137166,2
0.913122,1.67427,2.60612,0.669121,-0.237919,-1.788136,0.24604,-0.105247,0.134373,2
-0.114684,1.040764,3.17124,0.377994,-0.137198,-1.819863,0.156709,-0.046905,0.106229,2
-0.828622,0.839103,2.963248,0.762853,0.642292,-0.420484,0.053349,-0.041885,0.126975,2
-1.024777,0.892257,2.399879,-0.635905,0.964857,-0.503577,-0.007081,0.052668,0.128202,2
-0.877532,0.625693,1.490097,-1.527101,1.012006,0.214346,0.007972,0.26521,0.136029,2
-0.562238,0.768091,-0.069169,-5.037072,1.623167,-1.137666,-0.009163,0.023742,0.106194,2
-3.78627,-0.445251,-4.332731,-0.550788,2.459009,6.26162,0.074234,0.033547,0.111825,2
1.62353,2.264693,-0.029342,-2.95736,3.025906,-0.728397,-0.078529,-0.285333,0.092369,2
-2.480725,-1.173014,-2.44556,-3.027063,3.708132,-3.218203,-0.175698,-0.24958,0.064526,2
-1.365753,0.495584,-2.345943,-0.05582,4.27152,1.364942,-0.201335,-0.088018,0.146591,2
-0.483421,0.755288,-2.171131,-0.081411,4.00103,2.430677,-0.284774,0.040207,0.092821,2
0.795452,1.001462,-1.59019,-0.815207,3.15964,0.531056,-0.345858,0.095184,0.147869,2
2.855281,0.796902,-0.248854,0.968054,3.10742,1.85003,-0.311429,0.210881,0.117558,2
3.248704,0.672559,0.272736,2.012765,2.717614,2.717429,-0.175002,0.130856,0.05256,2
2.433695,0.156522,1.044744,1.015654,1.142849,1.075761,0.057919,0.046065,0.171802,2
1.791822,0.604085,1.71577,2.210907,-0.001587,0.63708,0.244307,-0.050829,0.135829,2
1.097361,1.452317,0.869637,2.139534,-1.048506,-0.488615,0.236429,-0.026914,0.120197,2
0.839218,1.508335,0.898582,1.924378,-1.380041,-1.870814,0.157597,0.031012,0.146651,2
0.630264,0.978744,0.946774,2.331693,-1.796199,-1.511946,0.102946,0.112587,0.153392,2
0.793659,0.494874,0.961861,2.083437,-2.273141,-2.449262,0.101618,0.028945,0.164322,2
1.040038,-0.109603,0.996894,0.810538,-1.89642,-2.458737,0.002815,-0.177701,0.117397,2
1.045715,-0.544163,1.117077,0.651223,-1.447573,-1.059746,-0.107042,-0.250098,0.12174,2
0.935183,-1.102006,1.441198,1.195806,-2.150924,-2.661012,-0.101212,-0.286889,0.124655,2
0.730513,-1.825689,1.601932,0.001799,-1.300972,-3.22364,0.139783,0.412734,0.43148,2
0.7248,-1.696517,1.119088,0.602395,-0.855317,-0.403628,0.218408,0.120243,0.0132,2
0.579312,-1.373941,0.642994,1.321264,-1.610439,2.064467,0.121446,0.099008,0.027318,2
0.537987,-1.224615,-0.21871,0.76256,-1.369594,3.466481,0.255211,0.576294,0.196914,2
-0.01495,-0.860601,-1.454949,2.430979,-0.289978,0.976587,-0.101245,-0.029162,0.058333,2
-0.365076,-1.059288,-1.540264,1.861083,-1.405449,2.771109,-0.311151,-0.300336,0.062863,2
-0.702633,-0.880476,-2.564006,0.555866,-1.603705,3.399064,-0.357293,-0.260652,0.008556,2
-0.688729,-0.930793,-2.430577,-0.897433,-1.428698,2.125765,-0.41654,-0.212436,0.064878,2
-1.311505,-0.611376,-1.074989,-1.442299,-1.683139,1.138904,-0.21319,0.240711,0.159541,2
-1.048672,-0.280802,-1.282027,-1.73848,-2.118644,1.247508,-0.07337,0.320098,0.116755,2
-1.621768,-1.220652,0.172316,-2.122001,-1.8961,1.233934,-0.160125,0.141533,0.094225,2
-2.606364,-1.456413,2.099642,-2.046113,-1.620591,0.966198,-0.149567,0.140772,0.111063,2
-2.499366,-1.145297,2.643835,-1.761857,-1.140693,0.55918,-0.085265,-0.146096,0.072495,2
-4.183835,0.754141,-1.030413,-1.403894,-0.916811,0.442232,0.027115,-0.189031,0.068368,2
-4.912095,-2.74272,-1.653685,-1.185393,-0.834158,0.433587,0.140993,-0.012162,0.060871,2
-4.039688,-1.787455,0.646424,-1.080846,-0.88659,-0.106543,0.122242,0.145949,0.085625,2
-3.150489,-0.011494,2.307561,-1.124037,-1.628536,-0.477758,-0.071602,0.117714,0.111081,2
-2.26617,-0.736691,2.297956,-1.22123,-2.311325,-0.297506,-0.21314,0.060777,0.109091,2
-1.509708,-0.577786,1.07986,-1.151528,-2.788019,-0.179296,-0.259933,-0.053022,0.100733,2
-1.195382,-0.829513,0.437237,-0.544932,-3.94218,0.421058,-0.203482,-0.053007,0.074999,2
-1.019674,-1.530949,0.373829,0.038914,-4.751652,1.309896,-0.153583,-0.054367,0.069154,2
-0.607053,-1.663403,0.286722,0.320746,-2.812317,0.538738,-0.137944,-0.120447,0.099929,2
0.194487,-1.63248,0.546634,0.742222,-1.920976,0.62072,-0.138131,-0.164078,0.081339,2
0.53909,-1.854381,0.233008,1.471678,-2.250816,1.621295,-0.079427,-0.079398,0.142739,2
0.558342,-1.347297,0.419483,1.422448,-1.27476,1.85759,0.066471,0.176717,0.151087,2
0.632555,-1.331421,0.327439,1.338696,-0.642727,2.283698,-0.027612,-0.150702,0.08919,2
0.954935,-1.022219,0.502093,2.044537,-0.375269,2.495991,0.01081,-0.002966,0.152699,2
0.499417,-0.382492,0.373701,1.917331,0.317844,2.178679,-0.034491,0.176201,0.110427,2
1.554107,-0.37913,0.694391,1.391152,1.133459,1.2917,-0.163536,0.007751,0.163464,2
1.807416,0.072285,0.867145,1.268408,1.306659,0.92803,-0.150944,0.16567,0.131575,2
1.974849,0.590405,0.752578,0.763866,1.554692,0.402248,-0.093157,-0.131238,0.040129,2
1.941331,0.788919,0.067035,0.519832,1.555209,-0.248511,0.021376,-0.234062,0.131407,2
1.726731,0.96439,-0.071844,1.234444,1.486889,-0.406824,0.0095,-0.081103,0.141742,2
1.525582,1.113109,-0.269336,1.345304,1.457347,-0.590518,-0.070647,-0.041004,0.08402,2
1.275517,1.243348,-0.606903,0.657813,1.328054,-1.446649,-0.021014,0.002948,0.088466,2
0.873688,1.348051,-0.432697,0.73231,1.216444,-2.293308,0.012511,0.100873,0.123019,2
0.236756,1.22733,-0.338842,0.974803,0.93497,-2.38273,0.08942,0.038806,0.137691,2
-0.011153,0.958793,-0.225008,0.086393,1.47752,-1.853716,-0.018123,-0.032737,0.187638,2
-0.348112,0.544677,0.319917,-0.097501,1.993964,-1.817807,-0.143281,-0.130919,0.159506,2
-0.596271,0.361896,0.345785,1.204571,2.903997,-2.081355,-0.244383,0.280518,0.148161,2
-1.010645,0.147042,0.228627,0.119051,3.560023,-1.528637,-0.172469,0.197895,0.110976,2
-1.013436,0.278543,-0.256027,-1.87912,3.082606,-0.573573,-0.02453,0.052293,0.106041,2
-0.979844,0.266878,-0.91376,-1.733652,2.742468,1.432269,0.069919,-0.027223,0.148499,2
-0.857503,0.419584,-1.330796,-1.436908,1.799315,2.430549,0.148796,-0.253814,0.124662,2
-0.847364,0.900027,-2.138202,-1.849248,0.96178,2.753183,0.16789,0.091199,0.102127,2
-0.012676,0.882139,-2.049239,-1.494956,0.147201,2.369132,0.317142,0.149072,0.178535,2
1.206897,0.808548,-1.532295,-1.0649,-0.505632,1.875506,0.181083,0.429963,0.172,2
1.898612,0.460177,0.329068,-0.809127,-0.63331,0.798204,0.202817,0.574402,0.072388,2
0.450356,1.197741,-0.367306,-0.6187,-0.922985,-0.393966,0.084352,0.381664,0.114074,2
1.956651,2.966923,-0.366821,-0.694185,-1.212826,-0.939287,0.164092,-0.309695,0.172267,2
1.679914,1.151203,2.272799,-0.522504,-1.516941,-1.57934,0.319667,-0.398093,0.132059,2
-1.248363,-0.499755,3.200929,-0.248996,-1.711904,-2.071893,0.386782,-0.454536,0.104024,2
-1.204274,0.025734,2.379158,-0.576857,-1.8509,-2.314628,0.384361,-0.312894,0.190532,2
-1.273616,-0.173144,1.441796,-0.468615,-0.723287,-1.739192,0.104004,0.157161,0.111502,2
-0.936393,-0.94321,1.503565,0.092088,0.41119,-0.959387,-0.172265,0.295261,0.100518,2
-0.493307,-0.749736,0.763293,0.471557,1.483917,-0.332632,-0.139317,0.093147,0.184604,2
-0.463439,-0.53432,-0.214424,1.777477,2.691753,0.632251,-0.082764,-0.028726,0.117807,2
-0.238137,-0.264151,-0.684961,1.248013,3.074153,2.082028,-0.140311,0.063018,0.073236,2
-0.347777,-0.071871,-1.376687,-0.403055,1.490547,2.649765,-0.091262,-0.353487,0.153786,2
-0.385511,0.161008,-1.82728,0.25838,0.59205,2.790716,-0.07162,-0.248835,0.083644,2
-0.089404,0.332756,-1.848601,0.227089,0.002186,2.412159,-0.09247,-0.073274,0.110954,2
0.178514,0.072402,-1.513273,-0.298485,-0.10885,2.35081,-0.087175,0.023668,0.141386,2
0.494998,-0.134351,-1.198627,-0.355865,-0.04154,2.015643,0.011591,-0.112318,0.109786,2
1.032754,-0.319218,-0.678706,-0.476524,-0.34519,0.768432,0.04254,-0.090879,0.090549,2
1.34167,0.361408,-0.715712,-0.339929,-0.809456,-0.397353,0.082909,-0.170116,0.136463,2
1.485901,-0.142115,0.183546,0.000923,-1.095559,-1.087404,0.092809,-0.220471,0.05514,2
1.291265,-0.208695,1.127596,0.116722,-2.00212,-1.36287,-0.007957,-0.112935,0.085774,2
0.557492,0.249712,1.499672,0.617041,-2.187003,-1.885022,-0.037697,-0.075086,0.13215,2
0.151635,0.250171,1.430352,0.783924,-2.041122,-2.426111,0.042145,0.085935,0.09203,2
-0.452783,0.094152,1.433531,0.906649,-1.481222,-1.839223,-0.004398,0.429116,0.164509,2
-0.989334,-0.345058,1.180079,0.743669,-0.562825,-0.817877,-0.090299,0.416972,0.137239,2
-0.786792,-0.37506,0.570996,-0.009234,0.254307,-0.792018,-0.077527,0.192984,0.155281,2
-0.778359,-0.199579,-0.062403,0.186227,1.074925,-1.296971,-0.025439,-0.00256,0.164556,2
-0.752376,-0.021802,-0.59942,-0.909134,2.568857,-0.84628,-0.012804,-0.196662,0.039925,2
-0.366852,0.195374,-0.908713,-1.278821,3.892167,0.668755,-0.042105,-0.134667,0.26688,2
0.056894,0.21008,-0.932787,-1.261068,5.109099,1.313995,-0.154947,-0.25167,-0.021808,2
0.107064,0.504058,-1.380794,-2.239518,4.368337,0.604561,0.02194,-0.143483,0.067997,2
0.485077,0.544765,-1.033895,-1.802594,3.521773,0.85848,-0.169986,-0.099683,0.100104,2
0.392976,0.557527,-0.797105,-1.936389,2.906429,0.46768,-0.411817,-0.014552,0.116373,2
0.594406,0.876178,-0.626476,-1.875763,1.966752,-0.263837,-0.496203,0.080038,0.113601,2
0.754807,1.212243,-0.701136,-0.787094,1.599028,0.341125,-0.244156,0.085312,0.075088,2
0.856144,1.188908,-0.47236,-0.150212,1.506119,1.057216,0.00725,-0.025833,0.136343,2
1.225955,1.04144,0.425229,0.145472,1.479335,1.239922,0.066838,-0.041359,0.104518,2
1.073798,1.012596,0.317962,1.23889,1.514936,1.717231,0.294941,-0.019595,0.15449,2
1.40903,0.914645,0.75957,2.568041,0.928282,1.536409,0.377219,-0.26633,0.183519,2
1.225198,0.755833,0.638305,2.785345,-0.151355,0.196984,0.266155,-0.204584,0.066733,2
0.742514,0.368909,0.597278,2.390029,-0.894367,-0.754238,0.178037,-0.04504,0.122058,2
0.692986,0.31733,0.52024,2.718056,-1.693621,-2.509612,0.15226,0.022812,0.129438,2
0.663986,0.047191,0.59801,3.354496,-2.636879,-1.245315,0.04261,-0.01993,0.119515,2
0.860665,-0.167906,0.884999,2.430516,-2.288291,-0.026294,-0.02308,0.142636,0.128988,2
1.004012,-0.478402,1.056719,1.762078,-1.865721,-0.155551,-0.104546,0.144981,0.176263,2
0.836928,-0.729592,1.257317,1.547426,-2.197588,-0.634119,-0.201253,0.142497,0.159187,2
0.634965,-0.798075,1.283145,-0.03344,-1.309139,-1.34323,-0.15538,0.200377,0.160519,2
0.576074,-1.017851,1.03225,-0.367673,-1.555989,0.895737,-0.065363,0.208008,0.181197,2
0.264557,-1.044326,0.838629,-0.31163,-2.001479,1.353842,-0.042341,0.119218,0.115235,2
0.013869,-1.222013,0.344872,0.07499,-2.879101,1.386094,-0.060963,0.095577,0.143991,2
-0.549654,-1.335282,-0.189805,0.462125,-2.968919,1.738464,-0.039695,0.08792,0.121945,2
-0.490233,-1.170719,-1.072311,0.914584,-0.56546,1.523426,0.017528,-0.038194,0.078198,2
-0.712627,-0.884851,-1.256146,-0.163348,-0.328732,2.961328,0.035017,-0.087726,0.110468,2
-0.960765,-0.357904,-2.056275,-1.442183,-0.91619,3.134226,-0.033549,-0.074497,0.152342,2
-0.790126,-0.678805,-1.881612,-2.168445,-1.703707,2.302122,-0.029487,0.071437,0.102152,2
-1.477214,-1.207288,0.247372,-1.940886,-2.008646,1.019754,-0.009711,-0.001327,0.034684,2
-1.921992,-0.783709,0.975947,-1.445301,-1.696396,0.429189,-0.130903,-0.173397,0.054317,2
-1.734412,-1.043719,-0.142409,-1.204949,-0.645947,0.503974,-0.223046,0.051414,0.097559,2
-3.278971,-1.332265,-1.914098,-0.957328,-0.228143,0.700521,-0.3121,0.028789,0.111442,2
-4.20663,-1.928192,-0.766983,-0.841463,-0.47279,0.491033,-0.248646,0.064654,0.09682,2
-4.192585,-0.232356,1.13579,-0.83922,-0.859916,-0.132198,-0.143475,0.097003,0.103011,2
-3.526779,0.099742,3.04857,-0.568846,-2.026085,-0.364377,-0.066698,0.090577,0.086825,2
-2.300674,-0.128123,3.17985,-0.832799,-2.312402,-0.298243,-0.169114,-0.052305,0.087104,2
-2.362737,-0.038801,1.834208,-0.749462,-2.767822,-0.194363,-0.182882,-0.047072,0.149275,2
-1.663429,-0.831772,1.365532,0.000507,-4.094658,0.985291,-0.21953,-0.118655,0.094623,2
-1.669662,-1.570215,1.001721,0.301062,-3.70593,1.856716,-0.145273,-0.093911,0.109375,2
-1.464872,-1.885896,0.82259,0.104381,-2.550726,1.320197,-0.051138,0.036229,0.094354,2
-0.453606,-2.045691,1.196524,0.659981,-2.444206,2.269382,-0.059005,0.034348,0.108397,2
0.363924,-1.915033,0.86357,1.17867,-2.26498,2.69626,-0.063582,0.101373,0.155242,2
1.024951,-1.913328,0.576543,1.160304,-1.225859,2.255868,-0.02484,0.087259,0.106301,2
1.655963,-1.396091,0.463717,1.438656,-0.488751,1.829612,-0.086495,-0.084891,0.035412,2
1.76641,-0.821677,0.18592,1.809887,0.055754,1.773287,-0.130593,0.100083,0.130432,2
2.233907,-0.629116,-0.000425,2.049939,0.520157,1.363465,-0.158548,0.070966,0.083434,2
2.183815,-0.388834,-0.303175,2.012092,1.399523,0.674843,-0.186558,-0.142055,0.094237,2
1.827643,-0.095641,-0.660167,2.020749,1.588194,-0.193122,-0.184334,0.01189,0.099217,2
1.785263,0.017505,-0.885535,1.257257,1.715306,-0.740649,-0.196905,0.031043,0.127563,2
1.758227,0.358315,-1.187866,0.920173,1.708252,-1.401205,-0.0684,-0.157129,0.092412,2
1.357531,0.38921,-0.662704,0.699142,1.178255,-2.186574,0.12453,-0.21702,0.125844,2
0.73327,0.524428,-0.375939,0.380984,0.910494,-2.634896,0.077712,-0.184464,0.108758,2
0.332938,0.676682,-0.067325,0.345458,0.846653,-2.634112,0.174531,-0.232933,0.179674,2
-0.499004,0.633398,0.650295,0.113739,0.682505,-2.525103,0.397267,0.038043,0.130649,2
-1.074305,0.597833,0.484716,-0.170568,1.783391,-2.148028,0.456153,-0.074291,0.048378,2
-0.901789,0.639803,0.077312,1.106723,2.414137,-1.510144,0.4184,-0.030084,0.152212,2
-1.123957,0.943684,-0.280512,0.9154,2.746561,-1.547198,0.314643,-0.047076,0.159636,2
-0.715695,0.796476,0.248292,0.355981,2.885338,-0.579675,0.062518,0.212018,0.172293,2
-0.546619,0.619844,0.296698,-0.33662,3.061759,0.769695,-0.269947,0.378081,0.134109,2
-0.103174,0.711569,0.098573,-1.480695,2.354447,1.765624,-0.425176,0.411168,0.144592,2
-0.179707,1.254319,-0.737975,-2.899711,1.499177,2.953434,-0.407579,0.550143,0.190756,2
-0.906096,1.159522,-1.697431,-3.806478,0.643293,4.185042,-0.33553,0.278537,0.145087,2
0.163862,0.674662,-1.508319,-2.871874,0.279545,3.563591,-0.152774,0.007552,0.138962,2
0.749678,0.842989,-1.117508,-1.219316,0.349714,1.597177,0.213871,-0.265226,0.115634,2
3.390247,1.390377,0.757882,0.931825,0.330468,0.377291,0.334659,-0.196669,0.172153,2
1.272551,1.437572,0.276047,-0.253348,-0.845356,-0.710681,0.420228,-0.361206,0.157623,2
0.972854,3.130249,-2.359612,-0.836611,-1.826003,-1.532277,0.337618,-0.055071,0.083175,2
1.536739,1.914083,-0.01895,-0.16261,-1.806034,-1.742452,0.219718,-0.025437,0.055826,2
0.482806,0.042915,1.97886,0.281837,-1.363198,-2.075859,0.029271,0.113983,0.09794,2
-0.927858,-0.710988,2.149766,-0.118669,-1.424857,-2.308585,-0.229441,0.389853,0.197996,2
-1.481771,-0.40243,1.457569,0.347233,-0.368774,-1.456921,-0.367241,0.302381,0.085715,2
-1.167438,-0.358174,1.457281,0.712093,0.479183,-0.804514,-0.214856,0.131504,0.147172,2
-0.961113,-0.544855,0.522435,-0.046239,0.489633,-0.836205,-0.128723,0.0355,0.145205,2
-1.191509,-0.492298,-0.486483,0.044038,1.494366,-0.469952,-0.017531,0.270371,0.105187,2
-0.617058,-0.250873,-0.697273,1.410418,2.560922,1.717738,-0.06311,0.043512,0.088884,2
-0.256891,-0.571707,-0.576556,-0.919921,2.062331,1.105808,-0.051497,-0.240653,0.130833,2
-0.24691,-0.682456,-0.532574,-0.088677,1.834668,1.955601,-0.008473,-0.137487,0.056642,2
-0.290912,-0.473402,-0.922017,0.62244,1.203927,2.707676,-0.080696,-0.29996,0.07592,2
0.328039,-0.669075,-0.852544,0.48635,0.556532,2.846165,-0.142735,-0.265302,0.131582,2
-0.599496,-0.34354,-1.257631,0.489039,0.004025,2.859736,-0.101844,-0.127378,0.132307,2
-0.239715,0.738466,-2.629129,0.198979,-1.147504,1.809794,-0.081236,-0.061303,0.139838,2
3.078278,1.003122,-1.057282,-0.206311,-2.177737,0.018209,-0.014711,0.146445,0.14389,2
3.144607,-0.49234,1.240909,0.008974,-2.230944,-1.336476,0.064912,0.158066,0.133096,2
1.728283,-0.617184,0.935935,0.338391,-1.944895,-2.016978,0.228836,0.109534,0.13107,2
1.349284,-0.178086,0.810407,-0.03165,-2.362189,-2.104225,0.350251,-0.002994,0.157985,2
-0.967943,-0.369825,1.330362,0.676603,-1.305822,-1.828846,0.14671,-0.119296,0.132538,2
-1.005377,-0.190574,1.393826,0.467903,-1.014918,-1.517454,-0.02233,-0.183877,0.097631,2
-0.88843,-0.158913,1.440874,0.658035,-0.438687,-0.90537,-0.141324,-0.088826,0.152731,2
-0.390431,0.26336,1.124249,0.103791,-0.071007,-0.034845,-0.291086,0.108334,0.114697,2
-0.589974,0.65282,0.270149,-0.059264,1.197167,-0.987473,-0.246991,0.102066,0.092828,2
-0.724373,0.354218,0.15898,-1.497356,2.009683,-1.361094,-0.23878,0.140482,0.064994,2
-0.89746,-0.025704,-0.178076,-0.101994,3.218928,1.665936,-0.105773,-0.149738,0.059792,2
-1.118177,-0.324663,-0.811201,-0.980296,1.861888,2.587569,0.067787,-0.269855,0.086265,2
-0.843213,-0.009553,-0.875351,-0.663296,1.750016,1.977448,-0.054915,0.068653,0.130363,2
-0.626787,0.70103,-1.100757,-0.550662,2.395994,1.293978,-0.1813,-0.074837,0.155391,2
-0.241935,1.433978,-1.849004,-1.691596,2.470354,-0.008452,-0.120746,0.21062,0.126959,2
0.658888,1.842235,-1.413994,-1.832321,2.605553,-1.006909,-0.066966,0.059661,0.128715,2
0.686955,1.820911,-1.584846,-1.836042,2.554911,-1.311362,-0.217113,-0.117181,0.103577,2
1.321975,1.835148,-1.131601,-1.647627,2.558673,-1.49511,-0.203933,-0.16445,0.091913,2
1.99268,1.666673,-0.192071,-1.422881,2.752916,-1.009682,-0.02305,-0.088494,0.061958,2
1.159199,0.827415,-0.317642,-1.608838,2.58687,0.395156,0.043405,-0.102383,0.088911,2
0.895917,0.432679,0.425198,-0.815194,2.241325,0.041613,-0.004032,-0.041399,0.105706,2
1.027396,0.516778,0.727899,1.442536,1.847342,0.009192,-0.040521,-0.073637,0.066796,2
0.713807,0.286509,1.117148,0.372021,0.937899,0.769606,0.010929,-0.062447,0.138577,2
0.560519,0.459808,1.020492,0.190034,0.814793,0.898206,0.062655,0.071282,0.120903,2
0.257871,0.382448,1.009267,1.341531,0.580419,0.769951,0.119197,0.157764,0.161005,2
0.21523,0.269669,1.126873,1.794579,-0.312414,-0.376601,0.247425,0.114879,0.189111,2
0.2285,0.238166,0.410402,0.941011,-0.079036,-0.697383,0.282058,0.036031,0.138818,2
0.658783,-0.019471,0.406436,3.384728,-0.860179,0.703134,0.238798,-0.024569,0.11742,2
0.946353,-0.492284,1.438389,3.789804,-2.422641,0.50087,0.178379,-0.042716,0.141973,2
0.815834,-0.381585,0.723842,1.507758,-2.527509,-1.370684,0.113178,0.117196,0.145803,2
0.809352,-0.556871,0.810295,-0.082084,-2.025176,-3.813905,0.032846,0.083787,0.130165,2
0.057521,-0.408581,0.777778,0.884839,-2.122388,-1.715003,0.010768,0.187618,0.147413,2
0.292725,-0.767106,0.747641,1.206559,-2.256474,0.920909,-0.065135,0.046213,0.099236,2
0.30625,-1.277193,0.505327,0.905963,-3.249541,2.028024,-0.043039,0.057863,0.116806,2
0.098186,-1.53422,0.217597,0.848832,-2.507031,2.486662,-0.000822,-0.030323,0.127163,2
-0.005426,-1.30493,-0.967269,4.740126,-1.717013,0.736596,-0.017854,0.020802,0.075574,2
-0.00372,-1.310447,-1.420521,1.793241,-3.301876,4.309034,-0.077509,-0.077146,0.101105,2
-0.395399,-1.404725,-0.773633,-1.444107,-2.871098,4.677007,-0.106956,0.013381,0.10576,2
-0.495873,-0.921358,-1.427261,-2.969656,-2.375792,2.564175,-0.131357,0.033503,0.083028,2
-0.653707,-0.826551,-0.432044,-2.510555,-2.315571,1.531475,-0.146612,-0.06393,0.077519,2
-1.798399,-1.016898,1.929107,-2.015943,-0.953411,1.010484,-0.104475,0.040255,0.107629,2
-1.044782,-0.804755,1.956806,-1.592814,-0.120786,1.362051,-0.194761,-0.096671,0.105441,2
-2.95956,0.101461,0.288459,-1.003983,-0.073102,1.453757,-0.26196,-0.099545,0.083158,2
-4.533117,0.259973,-2.283394,-0.640188,0.037524,0.997932,-0.288757,-0.011641,0.085654,2
-4.842903,-3.198257,-1.719336,-0.523057,0.065173,0.12934,-0.294933,0.094328,0.075303,2
-3.263386,-2.038976,0.872643,-0.298839,-0.542405,-0.359781,-0.240891,0.110167,0.113599,2
-2.111523,-0.555118,2.895768,-0.245251,-1.172244,-0.815684,-0.099204,0.165722,0.127245,2
-1.804347,-0.267135,2.145185,-0.441117,-2.152699,-0.911095,-0.002134,0.133942,0.11659,2
-1.368801,-0.208835,0.626649,-0.55321,-3.019748,-0.540618,-0.037213,0.07478,0.12085,2
-0.897499,-0.265215,0.602438,-0.557945,-2.886233,-0.245502,-0.088097,-0.002979,0.103778,2
-0.670061,-1.095343,0.729673,-0.09133,-3.320273,0.321939,-0.100103,-0.131796,0.093632,2
-0.355368,-1.101073,0.351844,0.504814,-3.375764,1.048062,-0.05412,-0.113796,0.092523,2
0.218762,-1.094851,0.574848,0.652048,-2.501946,1.305218,-0.039535,-0.029466,0.084896,2
0.49568,-1.080481,0.411092,0.862129,-1.898773,1.218066,-0.053378,-0.14218,0.118187,2
0.984575,-0.62327,0.262209,1.075851,-1.471371,1.353207,-0.003744,-0.01461,0.079636,2
0.91325,-0.518875,0.020011,1.207682,-1.056766,1.525071,-0.078139,-0.001397,0.073976,2
1.178979,-0.299119,-0.206081,0.977442,-0.23621,1.500487,-0.178704,0.191374,0.136532,2
1.128378,-0.031993,-0.268052,0.877701,0.213576,1.607353,-0.369059,-0.012699,0.121818,2
1.188044,-0.0349,-0.34234,1.614692,0.411261,1.92037,-0.389782,0.067081,0.177551,2
1.051432,-0.0187,-0.338848,1.119411,1.198316,1.061845,-0.274811,0.0972,0.077435,2
0.728499,-0.034143,-0.326998,0.415484,1.49591,0.19538,-0.089207,-0.007455,0.169256,2
0.769165,0.334301,-0.359431,1.170159,1.424118,-0.195409,0.038194,0.049439,0.136573,2
0.65846,0.621068,-0.239396,1.099413,1.221696,-1.085497,0.132971,-0.040492,0.116708,2
0.537735,0.731308,0.228066,0.556538,0.852822,-1.540262,0.138193,-0.096862,0.122079,2
0.183523,0.868298,0.444655,0.249629,0.991407,-2.071393,0.131467,-0.013404,0.127927,2
0.138513,1.172728,0.661167,1.067298,0.987643,-2.462266,0.146343,0.13523,0.157674,2
-0.209137,1.162113,0.707171,0.494321,1.425526,-1.870556,0.067125,0.135983,0.100874,2
-0.333719,1.228035,0.106238,-0.491607,2.538449,-0.859736,0.01853,0.183817,0.148875,2
-0.966829,0.853286,0.354241,0.038641,3.163455,-0.187388,0.030413,0.101123,0.113274,2
-0.941466,0.630425,0.59144,0.664312,4.153689,-0.592701,0.056975,0.048483,0.079757,2
-0.966073,0.692545,0.090798,-2.221044,3.903234,-0.765433,0.026419,-0.007874,0.094038,2
-0.926745,0.519823,0.132181,-1.32631,3.734471,2.218607,-0.056135,-0.272628,0.098816,2
-0.634157,0.833883,-0.632246,-1.77107,2.203984,1.242769,-0.037197,-0.098555,0.146092,2
-0.747258,0.739339,-1.116379,-1.554344,0.846136,1.305115,-0.094792,0.238435,0.120209,2
-0.542686,0.407239,-0.754562,-1.303431,0.064235,1.440771,-0.177035,0.090764,0.180237,2
0.22492,0.077043,0.122782,-1.531297,-0.234141,1.007172,-0.00216,0.143438,0.140769,2
0.720733,-0.088713,0.205118,-1.535925,-0.77195,0.025352,0.204904,0.317829,0.124873,2
1.092612,1.123638,-3.051825,-0.838665,-1.319645,1.248035,0.255811,0.080495,0.135822,2
4.261117,0.595239,-1.134254,-1.157057,-1.804679,0.705503,0.474808,-0.163941,0.175851,2
2.420762,-0.570025,1.487604,-0.244415,-1.555853,-0.295311,0.554221,-0.170785,0.053948,2
0.501986,-0.209627,2.227571,0.115074,-1.908481,-1.17557,0.458855,-0.253185,0.044361,2
0.21052,0.733179,1.413062,1.004506,-1.777148,-2.097764,0.214667,-0.356333,0.187551,2
-0.092164,0.76728,0.793273,1.771682,-1.404288,-1.699663,-0.000865,-0.209033,0.109153,2
-0.720568,0.015252,0.859579,1.590611,-0.698893,-1.445312,-0.201413,0.25211,0.09618,2
-0.633119,-0.595117,0.672258,0.751878,0.339816,-1.307354,-0.37946,0.240132,0.123326,2
-0.295161,-0.62254,0.42757,0.408743,1.600157,-0.813778,-0.292154,0.095192,0.080474,2
-0.928758,-0.982548,-0.416298,0.632442,2.4019,-0.78611,-0.159208,-0.00143,0.039628,2
-0.96555,-1.426576,-0.281837,-0.492046,3.061389,2.344927,-0.08896,-0.177169,0.049537,2
-0.253027,-0.684625,-1.522426,-0.934527,2.025904,2.593497,-0.119058,-0.225702,0.062103,2
-0.442544,-0.24992,-2.158569,-0.481296,0.279876,1.501056,-0.199688,-0.356156,0.111608,2
-0.409891,-0.004781,-1.826002,-0.64484,-0.534655,1.316902,-0.302975,0.030194,0.074431,2
-0.362078,0.39585,-1.584991,-0.315589,-0.94447,0.894196,-0.345478,-0.015762,0.158709,2
-0.159198,0.283831,-0.974525,0.304725,-0.248547,0.79247,-0.262843,0.039532,0.153596,2
0.392976,0.199577,-0.632859,0.77461,-0.609288,1.528245,-0.195888,0.310432,0.15113,2
0.94887,-0.017667,0.181617,-0.162351,-0.583365,2.071296,-0.162349,0.286357,0.11932,2
0.839202,-0.192944,0.245314,-0.189193,-0.906202,1.402071,0.089898,0.050775,0.144314,2
2.140971,-0.176996,2.636504,0.389727,-1.203684,-0.217263,0.197275,0.04674,0.186064,2
0.476492,0.062704,2.585629,0.354257,-1.795079,-0.768175,0.214044,0.044346,0.148058,2
0.528013,0.320718,2.570585,0.844892,-2.049224,-1.489943,0.193858,0.029603,0.13885,2
0.364098,0.647728,2.741213,0.799624,-1.955201,-1.864565,0.268186,-0.089027,0.134912,2
-0.516706,0.240199,2.196614,-0.050169,-1.392682,-1.607306,0.263149,-0.147217,0.104705,2
-1.15935,-0.307615,0.878201,-0.704445,0.086442,-1.261305,0.098908,-0.106148,0.093138,2
-1.023872,-0.871006,0.401371,-0.447783,1.08587,0.178176,-0.129714,-0.15596,0.11661,2
-0.824128,-0.785768,-0.63748,0.474153,3.100598,-0.45184,-0.014497,-0.310238,0.088021,2
-0.956031,-0.545354,-1.946566,-0.864125,3.858162,-0.89972,-0.12395,-0.005965,0.069461,2
-0.521059,0.099946,-2.576283,-0.472201,3.569109,1.754922,0.048109,0.137804,0.140675,2
-0.097525,0.502381,-2.503249,-1.898649,3.059285,0.856042,0.018154,0.05457,0.059941,2
0.011713,0.543086,-1.988399,-2.709902,2.613256,0.093229,-0.016364,-0.233575,0.014785,2
0.329309,0.49603,-1.635697,-1.717517,2.166967,0.717228,-0.094505,-0.048183,0.148547,2
0.948995,0.996397,-1.315298,-1.788457,1.81066,0.622525,-0.400602,-0.032005,0.093157,2
1.233984,1.837621,-1.558215,-1.249791,1.765254,0.494209,-0.354483,0.062271,0.134786,2
1.646793,1.514938,-0.262846,-0.276396,1.764148,0.780694,-0.251662,0.049865,0.135755,2
0.983455,0.893323,1.007143,0.181024,1.514095,1.057014,-0.073137,0.070834,0.067616,2
0.966054,1.090052,0.938862,0.662614,1.67694,0.99807,0.107479,0.019596,0.173225,2
1.387886,0.912144,0.974496,1.482075,1.565058,0.525431,0.132554,0.036617,0.123717,2
1.377176,0.636453,0.807261,1.396777,0.846667,-0.55329,0.193258,-0.208144,0.113403,2
1.209408,0.561739,0.704066,1.658522,0.037046,-1.427369,0.134227,-0.12077,0.131682,2
0.910884,0.176877,0.919863,2.430368,-0.787631,-2.117376,0.031823,0.029487,0.100164,2
0.709081,-0.120717,0.76961,1.30733,-1.038315,-3.939309,0.061314,0.043843,0.138886,2
0.50815,-0.228051,0.361849,0.181315,-1.149225,-4.687222,0.092202,0.133586,0.160259,2
0.169081,-0.06865,0.815234,0.901174,-1.288981,-3.519895,0.264604,0.238085,0.236903,2
0.212809,-0.067037,1.007178,1.5655,-1.60322,-1.523695,0.325224,0.213923,0.153757,2
0.266095,-0.628778,1.386758,1.50911,-2.366926,0.250519,0.289985,0.123194,0.14776,2
0.052618,-1.113216,1.174398,2.245623,-3.899315,3.262903,0.072507,-0.095608,0.051063,2
0.31146,-1.489829,1.083995,1.484103,-1.438552,1.290998,-0.095282,-0.218151,0.086247,2
-0.313159,-1.405323,0.313318,0.126963,0.861619,2.818161,-0.328453,-0.295023,0.10745,2
-0.236221,-0.808575,-1.350524,0.141542,-2.272464,5.322305,-0.29304,-0.021068,0.150308,2
-0.421003,-0.363344,-2.022306,-1.145339,-3.871908,5.009032,-0.122353,0.138772,0.181371,2
-0.72191,0.01837,-2.420152,-2.77659,-2.999419,2.743957,-0.054148,0.143804,0.111857,2
-1.561767,-0.544904,-0.639168,-3.048722,-2.07109,1.295994,-0.065192,0.068783,0.04618,2
-2.193086,-1.030212,1.71055,-2.189567,-2.435845,1.244471,-0.229205,-0.040409,0.01041,2
-1.727188,-0.729948,0.286118,-1.321496,-2.236945,1.500037,-0.470334,-0.170015,0.092659,2
-4.351939,-0.731513,-2.932368,-1.0757,-1.057168,1.120921,-0.40245,0.160496,0.126392,2
-4.082417,-2.983407,0.152621,-0.627626,-1.077571,0.834403,-0.318043,0.180091,0.127051,2
-3.414714,-1.402578,3.171897,-0.369436,-1.838166,0.030215,-0.196319,0.265436,0.130893,2
-2.556865,-0.192785,3.601139,-0.239368,-2.326746,-0.265069,-0.164116,0.086919,0.062656,2
-1.899323,-0.511724,1.971639,-0.522958,-2.285997,-0.43117,-0.081069,-0.066177,0.111726,2
-1.469748,-0.830218,0.732102,-0.099162,-2.889046,-0.148518,-0.133591,-0.054129,0.076324,2
-0.523921,-0.895408,1.045914,0.27859,-2.905381,0.289144,-0.123038,0.060019,0.098043,2
-0.663805,-1.023156,1.061705,0.33289,-2.503625,0.882535,-0.134118,0.064237,0.079416,2
-0.01635,-1.170038,0.433391,0.871857,-2.161621,1.541751,-0.206288,0.227983,0.117942,2
0.849658,-1.069741,0.235042,1.420615,-1.882696,2.279078,-0.219887,0.201275,0.163906,2
0.909379,-0.994104,-0.007346,0.950928,-1.343623,2.480666,-0.161113,0.097132,0.13181,2
0.923223,-0.758704,-0.278577,1.283387,-0.640393,2.553576,-0.04779,0.146294,0.140059,2
1.126269,-0.503674,-0.245205,1.966615,-0.14285,2.375534,-0.000668,0.002205,0.10435,2
1.097861,-0.302144,-0.200381,2.091061,0.546095,1.857038,0.113126,-0.07408,0.100623,2
1.087014,0.194388,-0.412773,1.782445,1.229655,1.050432,0.237941,-0.364443,0.0678,2
1.448018,0.32135,0.063762,1.333256,1.723782,0.090123,0.231494,-0.249688,0.072769,2
0.87184,0.535504,0.134763,1.32519,1.790355,-1.165817,0.224253,-0.292996,0.107926,2
0.536155,0.668945,0.087547,0.947189,1.605954,-2.546747,0.235057,-0.174756,0.121266,2
0.570175,0.819426,0.302894,0.701513,1.331402,-3.19237,0.068383,0.057553,0.114856,2
0.392256,0.983093,0.361921,0.192566,1.299844,-3.69173,-0.057319,0.136163,0.121566,2
-0.20689,0.801476,0.205746,-0.896473,1.705917,-3.398715,-0.159802,0.185905,0.135599,2
-0.293208,0.644562,0.280646,-0.726608,2.584682,-2.692563,-0.165858,0.20412,0.144162,2
-0.528895,0.792402,-0.283582,0.479698,4.583313,-1.873164,-0.118582,0.215631,0.109388,2
-0.81329,0.48907,-0.589133,-0.21694,4.958173,-0.948372,0.02157,-0.05347,0.109303,2
-1.074745,0.49568,-0.73106,-0.728813,4.062326,1.042579,0.083138,-0.10955,0.08007,2
-1.209461,0.628279,-1.175487,-1.115179,2.393507,1.643693,0.090386,-0.273991,0.136655,2
-1.208977,0.940025,-1.543239,-1.049921,1.111913,1.816818,-0.059596,-0.221248,0.116633,2
-0.807148,1.352543,-1.663937,-1.126587,-0.090115,1.797159,-0.047799,-0.217469,0.206888,2
-0.087095,1.166426,-1.170318,-1.130733,-0.41087,1.93712,-0.032508,0.416606,0.143455,2
1.187956,0.527502,-0.605543,-0.791017,-0.484779,2.088608,0.082602,0.267475,0.145955,2
3.250246,0.688111,0.939019,-0.976374,-0.515936,1.749019,0.137643,0.117178,0.169245,2
2.209957,0.476904,0.515713,-1.053828,-0.550086,1.305858,0.212796,0.156401,0.151019,2
2.296402,1.06941,-0.914395,-0.989221,-0.972082,0.105927,0.322787,-0.080867,0.150813,2
2.471343,0.199416,1.650995,0.104698,-1.412326,-0.920772,0.310052,-0.286826,0.138813,2
0.027587,-0.491125,2.287134,0.43665,-2.091035,-2.181732,0.208277,-0.168731,0.115043,2
-0.477817,0.096863,1.545113,0.344412,-2.350718,-2.807174,0.13584,-0.053323,0.085843,2
-0.111049,-0.151506,1.509355,0.186466,-2.387496,-2.417147,-0.008622,-0.062185,0.074215,2
-0.808624,-1.052983,1.753109,-0.728379,-1.352652,-1.899302,-0.073857,0.032843,0.151165,2
-0.830834,-0.692379,0.642058,-0.886456,0.745866,-0.156631,-0.133124,0.119055,0.077985,2
-0.768332,-0.441712,-0.369645,-0.033324,1.933535,-0.428612,-0.120627,0.094955,0.061978,2
-1.212578,-0.56294,-1.222384,2.528893,4.794362,-1.102664,-0.131782,0.246277,0.096036,2
-1.642749,-0.323841,-1.820341,0.802795,3.650133,3.544137,-0.160118,0.021969,0.078263,2
-1.49683,0.065409,-2.20974,-0.901136,1.652237,4.000725,-0.221159,-0.041979,0.194024,2
-1.301815,0.749368,-2.063748,-0.492661,1.2369,1.985869,-0.412318,0.119362,0.125144,2
-0.898957,1.029241,-1.605326,-0.340432,1.502945,1.557605,-0.35668,0.160881,0.11381,2
-0.653874,0.789067,-1.682903,-1.01936,1.6523,1.106571,-0.13088,0.034385,0.117202,2
1.700626,0.757075,-1.001934,-0.639529,1.885417,0.550779,-0.007368,-0.074428,0.11845,2
2.610796,0.571141,-0.825702,-0.44533,1.956969,0.141583,-0.013072,-0.012819,0.122532,2
2.569023,-0.440923,1.418377,-1.152861,2.314639,0.564063,0.1295,-0.332567,0.03953,2
1.311018,-0.078241,1.785852,-1.515056,1.882131,-0.083495,0.20431,-0.176614,0.123934,2
0.537684,0.976867,1.438219,-1.067828,1.101182,-0.542376,0.000456,-0.215292,0.061782,2
0.455596,1.18971,1.129849,-0.16454,1.0341,-0.45496,0.040799,-0.079122,0.125474,2
0.277584,0.895209,0.777509,0.278781,0.64999,-0.750061,0.025615,0.104606,0.153992,2
0.612579,0.7037,0.297544,-0.097456,0.249777,-1.643048,-0.08588,0.050581,0.046589,2
1.091933,0.467967,-0.020217,0.666598,-0.12826,-1.783851,-0.050563,0.061799,0.210234,2
0.960874,0.228501,-0.259733,2.052932,-0.779211,-1.333544,-0.153443,0.183483,0.108179,2
0.681918,0.058255,-0.032935,1.398943,-1.367938,-2.110602,-0.097887,0.166713,0.128585,2
0.733233,0.005023,0.224018,0.236574,-1.132372,-2.959274,-0.031293,0.154647,0.149397,2
0.777161,-0.103652,0.556732,0.603055,-0.857426,-3.098203,0.042876,0.102767,0.124233,2
0.590683,-0.443021,0.704815,0.792688,-1.427719,-3.878855,0.145439,0.081568,0.143154,2
0.654755,-0.621506,0.891611,2.081713,-1.725574,-0.982587,0.106712,-0.041951,0.124348,2
0.34047,-0.660502,0.547809,2.61467,-2.926903,2.636558,0.103197,-0.025214,0.109377,2
0.237023,-0.87989,0.376946,1.666782,-2.938082,3.577096,0.072031,0.000968,0.07815,2
-0.037292,-0.609889,-0.062407,1.707292,0.698539,0.564887,0.034579,0.039667,0.154244,2
-0.048964,-0.400299,-0.711487,0.851534,-0.351378,1.997486,-0.069796,-0.031625,0.105664,2
-0.526563,-0.192738,-0.969308,-0.012483,-1.512197,4.791593,-0.042803,-0.066296,0.126342,2
-0.625709,0.24425,-1.719688,-0.69079,-3.339558,5.07275,-0.043724,-0.05385,0.106477,2
-0.343577,-0.12587,-1.236351,-1.288751,-3.174428,2.712151,-0.054691,-0.058996,0.108778,2
-0.692703,-0.448203,-0.709238,-1.233659,-1.896509,0.925653,-0.057876,-0.05288,0.072883,2
-1.497881,-1.220444,0.77821,-1.274594,-0.891383,1.175414,-0.129378,0.006465,0.110728,2
-0.945261,-1.652926,1.948341,-0.872956,-0.379655,1.521907,-0.172147,0.043366,0.148736,2
-1.756693,-0.944588,-0.580857,-0.376482,-0.382391,0.64421,-0.196219,0.111512,0.113965,2
-2.344683,-1.710616,-0.203184,-0.036871,-0.415042,0.249007,-0.214839,0.12473,0.146358,2
-3.202852,-0.926012,1.178196,-0.147457,-0.29046,0.113583,-0.238301,0.146648,0.151483,2
-2.047833,-1.072908,1.251268,-0.130097,-0.566351,-0.081472,-0.217229,0.098124,0.062248,2
-1.837411,-0.461422,1.754228,0.023321,-1.209503,0.104347,-0.088638,0.065665,0.122111,2
-1.415591,-0.27177,1.649944,-0.188103,-1.441242,0.020396,-0.090179,0.034982,0.099394,2
-1.138684,-0.571541,1.025929,-0.192611,-1.879815,-0.248479,-0.006105,-0.054695,0.109862,2
-1.078694,-0.627282,0.78406,0.05503,-2.565871,0.323073,-0.014556,-0.085798,0.106503,2
-0.652686,-0.812697,0.612968,0.250736,-2.594275,1.017742,0.002989,-0.021831,0.097329,2
-0.358849,-0.987362,0.308275,0.28482,-2.214644,1.45668,0.031197,-0.142432,0.104745,2
0.115741,-0.735922,0.217068,0.699503,-2.034101,1.855174,0.027378,0.024019,0.160902,2
0.5904,-0.566317,0.255399,1.101161,-1.669349,2.066942,0.021675,-0.015366,0.087913,2
0.18969,-0.724542,0.043523,1.021383,-0.985991,1.832242,0.044696,0.01984,0.137097,2
0.556248,-0.130631,-0.1213,1.08405,-0.44755,1.352118,0.02639,0.096863,0.129827,2
0.755079,-0.187958,0.152158,0.809807,0.025889,1.333213,0.031785,-0.022893,0.065017,2
0.229014,-0.466636,0.259927,1.352897,0.209589,1.224344,0.005326,-0.110546,0.063358,2
0.577685,0.010351,0.379489,1.158316,0.781099,0.616385,0.041197,-0.112016,0.097938,2
0.582471,0.056089,0.472262,0.855638,1.159688,-0.024871,-0.047992,-0.233314,0.086493,2
0.398074,0.066287,0.357457,1.335307,1.342945,-0.142006,-0.095061,-0.248922,0.08901,2
0.581264,0.345358,0.14755,1.17068,1.483238,-0.602162,-0.082595,0.148765,0.124232,2
0.372276,0.263436,-0.116096,0.463251,1.220978,-0.969544,-0.084111,0.156234,0.090956,2
0.464554,0.425629,-0.101827,0.587555,0.975749,-1.271409,0.034273,0.073372,0.130078,2
0.076884,0.499646,-0.017688,0.34078,0.962829,-1.648563,0.073131,0.031639,0.168159,2
-0.025714,0.360851,-0.026515,-0.088731,0.368968,-1.792555,-0.009096,-0.070827,0.110023,2
-0.068033,0.614529,-0.013209,-0.49877,0.53251,-1.764188,0.013881,0.047041,0.166346,2
-0.217365,0.500018,-0.040257,-0.328231,0.832864,-1.194269,-0.056561,0.035062,0.122243,2
-0.25019,0.144875,-0.143911,-0.686195,1.184459,-1.000401,-0.067369,0.179036,0.152714,2
-0.123395,0.211253,-0.084982,-0.611983,1.825453,-1.414561,-0.106847,0.114246,0.121294,2
-0.131366,0.336916,-0.313633,-0.115657,2.598559,-0.460846,-0.099213,0.217261,0.147901,2
-0.328991,0.410881,-0.664268,-0.465822,2.970644,-0.319584,-0.078702,0.099767,0.15981,2
-0.620501,0.438732,-1.291583,-0.67441,3.205406,-0.382199,0.055084,0.102202,0.116653,2
-0.889939,0.732625,-1.921429,-1.211637,2.180825,0.350796,0.240538,-0.076425,0.106853,2
-1.148854,1.523231,-1.981102,-1.719227,1.04295,1.032454,0.392054,-0.204,0.09514,2
-1.150806,1.816538,-1.635504,-1.354935,0.789893,1.706787,0.266118,-0.293862,0.076741,2
-0.349501,0.981296,-1.114041,-0.172763,0.4517,2.012572,0.08493,-0.197928,0.081127,2
1.060698,0.173667,-0.432574,-0.308595,-0.122596,2.523126,-0.129323,-0.047908,0.161533,2
2.072637,1.1e-05,0.053421,-0.23412,-0.522005,2.284227,-0.252101,0.186123,0.131869,2
2.437397,-0.056122,0.774968,-0.164718,-0.945805,1.397364,-0.286621,0.315552,0.178655,2
3.007377,0.302517,0.655091,-0.585608,-1.355973,0.753865,-0.266566,0.302918,0.153026,2
2.550766,0.179922,1.916602,-0.347375,-1.492549,-0.261033,-0.268831,0.292101,0.166132,2
0.842344,0.032394,2.697231,0.18463,-1.93208,-1.505987,-0.112925,0.0449,0.058019,2
-0.426426,0.394755,2.244322,0.260909,-1.762737,-1.900534,0.033956,-0.107164,0.092551,2
-1.405316,-0.054466,1.973588,-0.03779,-1.48274,-1.893885,0.085883,-0.163907,0.072542,2
-1.41697,-0.506692,1.174673,0.500448,-0.568841,-1.148263,-0.048483,-0.112705,0.086818,2
-1.238834,-0.794776,0.25817,0.584833,0.592481,-0.963782,-0.106772,0.02961,0.116962,2
-1.21509,-0.777526,-0.397681,0.383421,1.380743,-0.186044,-0.056344,0.01852,0.130127,2
-1.056472,-0.825316,-0.826806,0.786952,2.093929,0.711739,-0.063761,0.094352,0.086613,2
-0.598399,-0.248857,-1.573213,0.598657,1.654,1.44562,-0.160339,-0.002911,0.118347,2
-0.186605,-0.063691,-1.770621,0.337709,0.688308,2.170139,-0.125849,-0.081359,0.12722,2
0.139658,0.073195,-1.677665,0.387541,0.000796,2.22627,-0.066467,-0.120906,0.120345,2
0.26126,0.368625,-1.329947,0.292047,-0.73385,1.680127,-0.096183,0.011554,0.129709,2
0.397884,0.184593,-0.494343,0.126286,-0.886323,1.244918,-0.079578,-0.000618,0.13908,2
0.955265,-0.172313,0.766559,-0.012332,-0.878101,0.889475,-0.076424,0.082816,0.11902,2
-0.488655,0.293139,-0.911861,-0.317578,-1.074239,0.267591,0.049969,0.03191,0.141819,2
1.385681,0.249457,-0.46249,-0.580041,-0.949866,-0.564875,0.061263,-0.046768,0.098032,2
1.527744,-0.884911,2.204375,0.345893,-0.797308,-1.198407,0.084298,-0.175605,0.090835,2
0.769302,-0.261602,2.789754,-0.427465,-0.959633,-1.775202,0.08699,-0.14997,0.094571,2
-0.489368,0.250948,2.086926,-0.443891,-1.2862,-1.911188,0.069525,-0.060154,0.124352,2
-1.087511,0.251193,1.228096,-0.347706,-0.809059,-1.21227,0.009638,0.029592,0.088168,2
-1.11681,0.082619,0.674057,-0.533151,-0.045831,-0.25215,-0.021513,0.066219,0.128889,2
-0.784944,0.191019,-0.457763,0.131788,0.888481,-0.684608,-0.049733,0.07756,0.173332,2
-1.040614,-0.178187,-0.513434,0.692198,2.737058,-0.260515,-0.009876,0.18519,0.091916,2
-1.167954,-0.375248,-1.109394,-0.013986,3.066221,1.640302,0.157398,0.089609,0.105858,2
-0.653853,0.111748,-1.180769,0.223037,2.611934,3.190576,0.076962,-0.116158,0.115232,2
0.004438,0.267734,-0.839947,-0.437291,1.598525,1.964798,-0.064817,-0.035221,0.09973,2
0.337727,0.742995,-1.099314,-0.58751,1.603291,1.347077,-0.106416,-0.074415,0.100814,2
0.946286,1.012087,-0.839578,-0.868296,2.054773,0.693109,-0.062945,0.009581,0.14574,2
1.618261,0.850992,-0.226727,-0.883617,2.085207,-0.321384,-0.115145,0.004959,0.074656,2
1.24856,0.802499,-0.170074,-0.970513,2.245406,-0.588322,-0.059672,0.031245,0.12162,2
1.025903,0.555617,0.350895,-1.541813,1.764251,-0.717189,-0.048112,-0.040348,0.08814,2
0.649519,0.912327,0.16405,-1.577784,1.597986,-1.019681,-0.069571,-0.091625,0.104106,2
0.628155,1.269201,-0.149591,-0.672056,1.875274,-0.920963,-0.060924,-0.030123,0.061048,2
0.989529,1.084688,0.039839,-0.098533,1.65292,-0.627363,-0.04353,0.041714,0.105886,2
0.710289,0.729403,0.089642,-0.284982,1.651424,-0.241713,-0.017504,0.057565,0.089779,2
0.701278,0.753204,0.023078,-0.098771,1.367283,0.001183,0.111084,-0.024417,0.125267,2
0.938425,0.698422,0.172182,0.918422,1.042056,0.261124,0.177608,0.080114,0.14317,2
0.506103,0.328292,0.202749,1.912549,0.58936,0.427145,0.245019,0.043346,0.115487,2
0.271808,0.192889,0.353535,1.688313,0.048664,-0.38231,0.251741,-0.029487,0.131276,2
0.101291,0.100015,0.514766,0.738217,0.020691,-1.416969,0.277627,0.086076,0.153738,2
0.313448,-0.050672,0.725568,1.436662,-0.720105,-1.289183,0.218397,0.09633,0.179214,2
0.037843,-0.105689,0.607998,2.324871,-1.486204,-1.138928,0.180823,0.014069,0.150072,2
0.279256,0.104573,0.561467,0.832588,-2.22144,-2.688151,0.160545,0.087382,0.120252,2
0.499673,0.172221,0.748603,-1.036897,-0.798508,-3.778562,0.150074,0.114623,0.1707,2
0.76105,-0.545246,0.855137,-0.059568,-1.079251,0.39285,0.080675,0.158044,0.160929,2
0.312076,-1.188132,0.291157,2.594506,-3.648514,2.730126,0.025713,0.147975,0.111192,2
0.073646,-0.838669,0.031522,2.250184,-0.532339,1.59316,0.057797,0.163577,0.133659,2
-0.077733,-0.705798,-0.022571,3.607278,0.189337,0.71785,0.013306,-0.196074,0.038821,2
-0.075716,-0.65478,-0.345867,2.94198,-1.456981,2.080384,-0.037134,-0.340507,0.15757,2
0.139187,-0.576923,-0.705349,-0.203113,-1.52965,4.629901,-0.101292,-0.205935,-0.019324,2
0.483409,-0.449807,-1.10289,-1.766014,-2.325396,4.100402,-0.210036,-0.045292,0.022323,2
0.814377,-0.546944,-1.247463,-2.047714,-3.28043,2.513217,-0.361633,0.041605,0.163106,2
0.669525,-0.884736,-0.60759,-1.95349,-2.730531,1.633456,-0.501016,0.178762,0.175128,2
-0.181585,-1.088825,0.132699,-2.158694,-1.74198,1.598228,-0.390807,0.327911,0.140532,2
-0.595148,-1.191951,0.326075,-1.836674,-1.35265,1.642847,-0.276878,0.179502,0.096734,2
-2.185791,-0.966981,0.62277,-1.386365,-1.000984,1.019469,-0.158474,0.003791,0.030634,2
-3.426919,-0.256096,-0.033662,-1.110457,-1.045139,0.71127,-0.209256,-0.138318,0.09021,2
-4.280028,-1.677916,-1.017812,-0.967271,-1.183701,0.913616,-0.152824,0.127775,0.107439,2
-5.520626,-1.451084,0.548865,-0.759224,-1.20896,0.572385,-0.078027,0.17993,0.093027,2
-4.2336,-0.159203,2.110932,-0.807753,-1.438373,-0.148663,-0.116884,0.198272,0.118997,2
-2.7789,0.253149,3.235684,-1.082618,-2.172919,-0.575522,-0.184614,0.109609,0.153997,2
-2.381299,-0.226152,2.421224,-0.927942,-3.179841,-0.452754,-0.137876,0.212769,0.137974,2
-2.376442,-0.802935,0.710947,-0.406205,-3.536654,-0.151787,-0.12016,-0.018464,0.065631,2
-1.503684,-1.187359,0.374948,-0.063894,-3.104787,0.284363,-0.013538,-0.015055,0.062493,2
-0.269736,-1.888324,0.513374,0.340555,-2.493514,0.513854,-0.036743,-0.109073,0.070538,2
0.319694,-1.966228,0.289583,0.913148,-2.503917,0.811629,-0.060734,0.032446,0.117885,2
0.900457,-1.184933,0.329527,0.948217,-1.681488,1.145308,-0.08742,0.148203,0.140151,2
1.039447,-1.502491,0.216634,1.05253,-1.363999,1.328439,-0.077131,0.148684,0.12888,2
1.216122,-1.347185,-0.024946,1.461928,-0.95472,1.249484,-0.160783,-0.01708,0.068572,2
1.41008,-0.529675,-0.097218,1.882729,-0.36727,1.553578,-0.127013,-0.004306,0.107136,2
1.681655,-0.673377,-0.144246,1.685381,0.161658,1.577703,-0.162632,-0.099286,0.081722,2
1.560358,0.137986,-0.173997,1.95945,0.457343,1.441944,-0.135136,-0.10778,0.055894,2
1.146663,0.287803,0.122434,1.895736,1.270278,0.981642,-0.050366,0.069151,0.113522,2
1.272863,0.176494,0.328088,1.650403,1.455761,-0.119683,-0.084442,0.102594,0.127067,2
1.054838,0.664693,0.275912,1.444029,1.503369,-0.535299,-0.159474,0.194104,0.135962,2
0.882261,0.583922,0.163715,1.327095,1.563127,-0.962609,-0.087983,-0.001136,0.116536,2
0.866423,0.772055,0.137798,0.980693,1.274701,-1.484443,0.079228,-0.249136,0.146506,2
0.368649,0.971406,0.066668,0.875211,1.009971,-2.195617,0.114853,-0.148857,0.139133,2
-0.047691,1.00553,-0.037627,0.75384,0.508054,-2.632749,-0.011867,0.049775,0.136175,2
-0.03255,0.946678,0.23072,-0.179096,1.275296,-2.86018,-0.055881,0.072845,0.122333,2
-0.382415,0.646103,-0.064467,-0.459202,2.501384,-1.672029,0.014711,0.092522,0.142446,2
-0.351589,0.697586,-0.335253,0.341006,3.719233,-1.472601,-0.109811,0.283999,0.1186,2
-0.510406,0.390581,-0.512234,0.51207,5.184063,-0.044571,0.001389,-0.047849,0.118577,2
-0.592401,0.351499,-0.700934,-1.251343,3.831032,1.271671,0.142869,-0.053244,0.081873,2
-0.653954,0.653972,-0.906545,-2.22516,2.339088,1.682099,0.241497,0.044038,0.129498,2
-0.536701,0.812922,-1.04582,-1.979314,1.018846,1.751898,0.19423,-0.156826,0.107153,2
-0.384557,1.42065,-1.49344,-1.795454,0.361409,2.140514,0.218526,-0.015232,0.182,2
0.00594,1.611708,-1.356132,-1.705618,-0.243302,2.277122,0.299133,0.310989,0.149571,2
0.75305,1.089327,-0.907719,-1.043776,-0.723309,1.634202,0.363177,0.440742,0.097733,2
1.111656,0.795543,0.189688,-0.983198,-0.738654,1.233047,0.462754,-0.052029,0.219347,2
0.966986,0.331799,1.603671,-1.068908,-1.256616,0.12333,0.37474,-0.05316,0.240099,2
1.28425,0.968593,0.583556,-0.732821,-1.42563,-0.933942,0.050052,-0.052977,0.113498,2
1.532174,0.769706,2.348216,-0.212098,-1.187009,-1.998888,0.010555,0.00357,0.139153,2
-0.289902,0.2303,2.279531,0.627535,-1.257408,-2.410903,0.071105,-0.114209,0.141331,2
-0.710538,0.575963,1.478247,0.591688,-0.904141,-1.931182,0.202604,0.017565,0.114591,2
-1.454731,-0.052016,1.050525,1.099938,-0.165069,-1.170341,0.191185,-0.195116,0.135652,2
-1.052768,-0.277041,0.592141,0.43166,0.649464,0.097378,0.277307,-0.222928,0.166621,2
-0.519905,-0.249189,-0.547068,-0.263287,1.33158,0.554573,0.208093,-0.062583,0.018527,2
-0.226687,-0.44195,-0.948014,0.259899,2.090142,0.688404,0.177524,0.056454,0.084408,2
-0.36567,-0.405063,-1.382865,-0.091132,2.891542,2.313362,0.260708,-0.371457,0.078089,2
-0.111178,-0.308104,-1.837587,-0.789008,2.347456,3.092813,0.311753,-0.470398,0.077253,2
-0.12731,-0.089157,-2.449532,-0.618042,0.223889,2.368528,0.25229,-0.371049,0.103219,2
0.312126,-0.434322,-1.526465,-0.282635,-0.698214,1.166173,-0.039726,-0.125038,0.089029,2
1.531579,-0.543581,0.796702,0.157961,-1.347711,0.599636,-0.215327,-0.169907,0.121806,2
0.867964,1.163327,-0.719977,0.038182,-1.598291,0.381735,-0.285718,0.224919,0.124543,2
2.355098,1.109532,0.667737,-0.072277,-1.538767,-0.252595,-0.329881,0.406085,0.117206,2
2.145698,0.516404,1.839479,0.786845,-1.747097,-1.013926,-0.295657,0.289295,0.168251,2
-0.2568,-0.299225,2.477364,0.482912,-1.575347,-1.527527,-0.194392,0.00511,0.13692,2
-0.55875,-0.0596,1.7315,0.065213,-1.964844,-2.323757,-0.184695,-0.034795,0.105437,2
-0.591287,-0.01826,0.786656,0.225896,-1.462951,-2.275472,-0.216148,-0.048305,0.076536,2
-0.52259,0.016384,0.230689,0.531311,-0.523828,-0.93619,-0.217464,0.028137,0.137741,2
-0.574642,-0.553405,0.042643,-0.311425,0.11721,-0.421198,-0.288448,0.276525,0.14143,2
-0.574179,-0.332634,-0.536467,0.196354,0.780261,-0.614846,-0.278148,0.311128,0.151054,2
-0.978138,-0.18722,-0.591942,-0.006281,1.895818,0.56758,-0.075221,0.051542,0.119238,2
-0.954351,0.077068,-0.850152,-0.677331,2.640064,1.251592,-0.05073,-0.077696,0.101961,2
-0.704085,0.126344,-1.158468,-0.139119,2.701157,1.404428,-0.126239,0.021642,0.068357,2
-0.641314,0.326365,-1.092014,-1.234977,2.332502,1.982771,-0.117974,0.026012,0.075353,2
-0.341349,0.104917,-0.552588,-1.495191,2.161476,1.599029,-0.080334,-0.032021,0.109839,2
-0.034647,0.556854,-0.750419,-1.361668,1.887283,0.619544,-0.189602,0.014238,0.180336,2
1.248063,1.452574,-0.572615,-1.210825,2.010016,0.178841,-0.264491,0.047317,0.035906,2
1.627095,1.015652,-0.458547,-1.909492,1.96818,-0.234514,-0.107586,0.060377,0.137487,2
1.514666,0.283974,0.994745,0.217632,1.815575,0.639769,-0.072632,-0.012484,0.121644,2
0.639714,0.111139,0.982641,-0.425743,1.04715,-0.457417,-0.100009,-0.062545,0.097421,2
0.338837,0.540538,0.525071,-0.397448,0.657097,-1.076648,-0.101198,0.096194,0.115889,2
0.158384,0.716421,0.402411,0.564904,0.574215,-0.252362,-0.038619,-0.031758,0.107236,2
0.218297,0.670749,0.123007,0.571352,0.323,-0.08792,0.02314,0.102592,0.149992,2
0.249907,0.401658,-0.016253,0.740618,0.235668,-0.132092,0.100022,0.050192,0.106346,2
0.274182,0.290697,0.058226,0.659282,0.272489,-0.162287,0.162574,0.082392,0.114176,2
0.556963,0.308781,-0.115973,1.253527,0.228452,0.548044,0.15261,-0.112288,0.137086,2
0.583636,0.196052,-0.020782,1.261788,-0.103595,0.419355,0.110919,-0.105174,0.100661,2
0.55494,0.213097,0.280973,0.765932,-0.181248,-0.384326,0.05356,0.04237,0.111918,2
0.502835,0.399882,0.111769,0.471002,0.064899,-0.364893,0.005357,0.042215,0.11023,2
0.580308,0.307109,0.383298,0.725923,-0.565316,-1.169785,-0.039702,0.154753,0.181609,2
0.679645,0.318206,0.553888,-0.02492,-0.959797,-2.075633,-0.082081,0.048608,0.12323,2
0.280222,0.087616,0.827033,0.511224,-0.947601,-2.481344,0.074371,0.221464,0.1816,2
-0.315446,-0.057335,0.964323,0.092082,-0.885758,-3.354163,0.112907,0.040496,0.168669,2
-0.270528,-0.099551,0.723272,-0.756994,-0.138073,-2.80033,0.153473,-0.029411,0.123941,2
0.146543,-0.285618,0.957444,-0.353801,0.390296,-2.500753,0.232873,-0.025909,0.101016,2
0.233562,-0.305123,0.661911,0.459997,0.532089,-2.062872,0.103964,-0.047743,0.123966,2
0.594506,-0.476177,0.557834,1.201352,-0.621342,0.735785,-0.102092,0.054905,0.158672,2
0.465861,-0.39019,-0.292791,1.137546,-0.831095,4.729568,-0.148555,0.25854,0.091603,2
0.752684,-0.500325,-0.821395,5.726854,-2.068451,1.094594,-0.096019,0.135264,0.040647,2
0.631969,-0.567295,-1.357608,4.369141,-3.890345,5.853279,-0.098932,0.01544,0.172423,2
0.812939,-0.28032,-2.606711,-0.275687,-2.76846,6.455141,-0.128385,-0.138578,0.123774,2
0.927845,-0.633294,-2.287266,-2.176341,-1.601796,3.55622,-0.10825,-0.270678,0.085542,2
0.201112,-0.974003,-1.155252,-2.550456,-1.650023,2.045167,-0.066459,-0.079445,0.09078,2
-0.804768,-1.488006,1.305447,-2.268741,-2.226458,1.918829,0.043,-0.020405,0.091311,2
-1.512031,-1.057159,2.968889,-1.957952,-1.992096,2.131565,0.019165,0.000183,0.118021,2
-1.141909,-0.729696,1.472485,-1.493559,-0.739546,1.715193,-0.13668,-0.015821,0.102459,2
-4.956951,1.537364,-2.598532,-0.939364,-0.387317,1.699462,-0.067549,-0.010898,0.111295,2
-4.398077,-2.864728,-0.467487,-0.46468,0.052133,1.073252,-0.046575,-0.065944,0.048466,2
-2.932475,-1.626749,3.37575,-0.292062,0.012836,0.571915,-0.020208,-0.018808,0.084711,2
-2.502718,0.065002,3.335853,-0.303767,-0.468735,0.104679,0.013403,0.154728,0.064498,2
-1.629239,-0.404321,1.607985,-0.208272,-1.180198,-0.27651,-0.146259,0.030203,0.121774,2
-1.352272,-0.307927,0.327266,-0.405592,-1.726879,-0.393113,-0.23573,0.027114,0.084671,2
-1.201156,-0.947676,0.44022,-0.451309,-1.734069,-0.355462,-0.158904,-0.020515,0.072706,2
-0.801599,-1.444413,0.347348,-0.310873,-1.90746,-0.460759,-0.14514,-0.070625,0.068482,2
-0.537581,-1.294722,0.294256,0.07497,-2.468517,-0.055559,-0.053863,0.078901,0.108336,2
-0.181364,-1.574113,0.11886,-0.056894,-2.694282,0.394606,0.025851,0.08981,0.11359,2
0.079808,-0.872747,0.044485,-0.026517,-2.55921,0.322001,-0.016883,0.012307,0.0986,2
0.328367,-0.508813,-0.192652,0.261993,-2.35771,0.453382,-0.061806,0.028957,0.114707,2
0.485484,-0.868626,0.134395,0.599712,-2.217378,0.912665,-0.069903,0.051285,0.122564,2
0.303088,-0.41551,0.125113,1.052501,-1.684798,1.187029,-0.044313,-0.097555,0.096,2
0.803407,-0.255703,-0.031358,1.437917,-1.025039,1.304353,-0.033556,0.037853,0.122602,2
0.760813,-0.130624,-0.112389,1.819418,-0.558416,1.397398,-0.087693,-0.044778,0.098497,2
0.691125,-0.003374,-0.097036,1.751833,0.053604,1.104109,-0.081855,-0.030605,0.102419,2
0.904028,-0.095724,-0.117673,1.644941,0.443488,0.336411,0.005373,0.181038,0.142749,2
0.63356,0.076137,-0.348109,1.560544,0.596243,0.346615,-0.019314,0.000167,0.108519,2
0.685903,0.337208,-0.374789,1.51915,0.999714,0.41044,-0.028009,-0.050972,0.111969,2
0.888643,0.19651,-0.054806,1.397317,1.246087,-0.128663,0.001039,-0.060181,0.135087,2
0.398345,0.277351,-0.149793,1.24821,1.393622,-0.514371,-0.009424,-0.024223,0.138673,2
0.41905,0.281768,-0.293489,1.159941,1.394286,-0.931495,-0.125309,0.035376,0.129111,2
0.630251,0.49174,-0.308637,0.658056,1.252495,-1.460469,-0.14245,0.178115,0.188217,2
0.458775,0.435499,-0.045544,0.659877,0.92225,-1.937815,-0.031545,0.08302,0.13251,2
0.139677,0.382744,0.197623,0.545515,0.418177,-2.565384,0.075378,0.08847,0.134916,2
-0.137532,1.017323,0.084452,-0.629791,0.446083,-2.63082,0.160159,0.07106,0.114636,2
-0.574424,0.856593,0.211803,-0.755768,1.155995,-1.721931,0.225452,-0.005667,0.111229,2
-0.991183,0.504435,0.498655,-0.4254,2.040653,-1.667739,0.245693,-0.242062,0.085653,2
-0.783916,0.394937,0.526701,-0.786523,3.131556,-1.297491,0.133973,-0.20976,0.122196,2
-0.86703,0.671111,0.212831,-0.590495,4.654097,0.328086,0.001926,-0.13542,0.072376,2
-1.031373,0.293504,-0.108437,-1.814999,4.440218,1.816965,-0.101951,-0.179745,0.118693,2
-1.059203,0.184623,-0.84621,-2.001907,3.179124,2.391126,-0.113596,-0.178286,0.14861,2
-0.678068,0.512875,-1.696357,-1.801372,1.273147,2.57697,-0.139967,0.163658,0.118316,2
-0.129612,0.500128,-1.893053,-1.371551,-0.087893,2.672831,-0.199251,0.108798,0.133539,2
1.31003,0.170392,-0.723152,-0.98012,-0.605087,2.293056,-0.017121,0.055193,0.227377,2
1.774828,0.389578,-0.582535,-0.542899,-0.860389,1.679704,0.054026,0.374881,0.182748,2
2.696206,1.864793,-0.600977,-0.557542,-1.162228,0.490892,0.073966,0.415188,0.157248,2
2.97043,1.609854,0.707717,-0.021919,-1.240741,-0.030643,0.163616,0.220774,0.147768,2
1.248521,0.016757,2.131859,-0.273002,-1.707388,-0.823862,0.298875,-0.028005,0.157621,2
0.175789,0.268946,2.025805,0.447933,-1.603807,-1.591769,0.283329,-0.083394,0.067552,2
-0.190308,0.533508,1.716086,0.360682,-1.867129,-2.415204,0.228743,-0.163927,0.092025,2
-0.846986,-0.135434,1.809999,0.237996,-1.480544,-2.241635,0.219603,-0.135435,0.079204,2
-0.920776,-0.035453,1.466632,0.708493,-0.159719,-1.343681,0.085499,0.073378,0.1138,2
-1.035416,-0.242211,0.761765,0.246731,0.77916,-0.843107,0.018507,0.149505,0.125901,2
-1.091066,-0.707637,-0.036155,0.637295,2.222858,0.328496,0.022889,-0.043973,0.084481,2
-1.113212,-0.685767,-1.089278,0.72211,3.048208,0.5694,0.169598,-0.125567,0.121185,2
-0.998993,-0.741265,-1.683372,0.133716,2.882312,2.119718,0.091181,-0.218835,0.084326,2
-0.758308,-0.487349,-2.329906,-0.415824,1.13478,2.854939,-0.149537,-0.219866,0.090178,2
-0.302361,-0.231443,-2.26081,-0.418624,0.243889,2.646198,-0.293063,-0.012416,0.106726,2
0.279263,0.093816,-1.728275,-0.32205,-0.44696,1.966137,-0.363394,0.097223,0.193996,2
1.248069,0.211846,-1.060739,-0.011741,-1.115704,1.08969,-0.346402,0.285908,0.117984,2
1.36104,0.976435,-0.730016,-0.082943,-1.547804,0.507279,-0.221929,0.187109,0.149596,2
1.494674,0.429631,0.912988,0.366454,-1.637303,-0.271461,-0.105714,-0.049814,0.101453,2
0.872364,-0.294304,2.005801,0.332793,-1.730693,-0.849958,0.061539,-0.191083,0.127335,2
0.258876,-0.19126,2.187563,0.686645,-1.803257,-1.297743,0.173551,-0.132761,0.057666,2
-0.033893,0.372885,1.538037,0.674597,-2.030236,-1.786553,0.046751,-0.093795,0.221373,2
0.011173,-0.112638,1.888385,0.394479,-2.012165,-2.403697,-0.105877,0.187784,0.099544,2
-0.698136,-0.394414,1.38533,0.653135,-1.415934,-1.85904,0.033014,0.219459,0.147651,2
-0.656893,-0.361294,0.962212,-0.847347,-0.644665,-1.137194,0.072162,0.076529,0.116245,2
-0.615677,-0.21894,0.491769,-1.845335,1.606987,0.445619,0.118034,-0.170711,0.11265,2
-0.820388,-0.246795,0.017822,0.037656,3.210078,1.012491,0.094674,-0.10826,0.061739,2
-1.032259,0.086799,-0.832105,0.924116,5.425657,1.098529,-0.032463,-0.362303,0.078414,2
-0.810341,0.565525,-1.836824,-0.146496,4.217801,2.236075,-0.041423,-0.000353,0.08392,2
-0.448334,0.7594,-1.886635,-1.198874,3.278814,2.132956,-0.022326,0.032771,0.098706,2
-0.019038,0.872735,-1.800148,-1.806355,2.561588,0.438861,-0.07861,0.073359,0.143154,2
0.257506,0.734131,-1.453776,-1.451653,2.276646,-0.223874,-0.181391,0.182194,0.13515,2
0.826264,0.977044,-1.281949,-1.246921,2.175396,-0.149838,-0.20873,0.086666,0.144595,2
1.246006,1.565172,-1.535811,-0.794013,2.039026,-0.423007,-0.219174,-0.041103,0.110929,2
1.583548,1.799997,-0.877183,-0.546479,2.102373,0.013017,-0.044367,-0.029948,0.098278,2
1.573501,1.342724,0.379539,-0.16295,2.060114,0.43878,-0.004144,0.083823,0.110964,2
1.312658,0.830984,1.105329,0.238068,1.829046,0.015498,0.124699,-0.114209,0.131631,2
0.927769,0.862428,0.783317,0.435851,1.228639,-0.432207,0.127972,0.165124,0.120553,2
0.982492,0.384546,0.949986,0.468461,0.86301,-0.15291,0.021412,0.179548,0.130355,2
0.595786,0.028033,1.006978,1.592876,0.431555,-0.432302,0.207044,0.047277,0.161279,2
0.47189,0.145934,0.650108,2.182925,0.020502,-0.378528,0.225908,0.074794,0.143804,2
0.156261,-0.182559,1.039205,2.373478,-0.44706,-0.737367,0.274034,0.12635,0.208275,2
0.216821,-0.230181,1.086603,1.772087,-1.623481,-2.348686,0.216552,0.056704,0.15736,2
0.163888,-0.324469,1.11207,0.740288,-1.994253,-2.756578,0.069933,0.100999,0.181928,2
0.148992,-0.374233,1.246704,-0.346701,-1.599125,-3.65898,0.137359,0.178076,0.120152,2
0.216593,-0.347989,0.931352,0.509332,-1.779352,-2.427123,0.154741,0.206579,0.154252,2
0.476044,-0.742051,0.786992,1.169721,-1.644656,1.326354,0.147002,0.179266,0.122625,2
0.496451,-1.029393,0.47328,0.243728,-1.452143,3.404272,0.053484,-0.081443,0.12977,2
0.576679,-0.932855,-0.276196,2.456239,-0.241636,-0.379421,0.025968,-0.084932,0.110561,2
0.665354,-0.948713,-0.932009,5.301309,-2.810089,2.576381,-0.08978,-0.243999,0.02834,2
0.198046,-0.791007,-1.549581,1.033014,-1.875021,6.655647,-0.177346,-0.163509,0.059935,2
0.081777,-0.374352,-1.969135,-2.048779,-1.343792,5.273515,-0.295791,-0.109142,0.058478,2
-0.007901,-0.073482,-1.942848,-2.02689,-2.953623,2.298817,-0.273051,0.058834,0.133312,2
-0.572439,-0.47811,-1.07465,-2.079601,-2.865158,0.854547,-0.219713,0.005943,0.127018,2
-1.425939,-1.899586,1.820231,-2.022235,-1.629989,0.896502,-0.106703,-0.003265,0.107462,2
-2.167511,-1.234904,2.352153,-1.637131,-1.102216,0.819898,-0.064307,-0.015805,0.085922,2
-2.38503,-0.428385,-0.115864,-0.771612,-0.900544,0.798985,-0.073391,0.06965,0.106169,2
-3.879169,-1.45729,-3.062826,-0.115055,-0.843287,0.674814,-0.101709,0.013591,0.026334,2
-3.03544,-2.468112,-0.044778,0.030147,-0.567583,-0.062595,-0.112522,0.022876,0.097706,2
-2.93061,0.039294,2.739223,-0.109057,-0.606194,-0.741451,-0.148956,0.073319,0.112066,2
-2.539508,0.031846,3.316683,-0.241781,-1.099505,-0.852332,-0.168912,-0.029747,0.116263,2
-1.579137,-0.350225,1.572422,-0.298388,-1.997744,-0.678473,-0.156146,-0.041392,0.065194,2
-1.51235,-0.621549,0.65007,-0.402002,-2.508917,-0.253612,-0.204661,-0.051968,0.077536,2
-1.1061,-0.749457,0.837573,-0.574501,-2.504607,-0.239506,-0.220283,0.021729,0.129032,2
-0.928533,-0.805388,0.898085,-0.465988,-2.756951,0.211273,-0.173633,0.031655,0.080522,2
-0.792491,-1.271152,0.3745,-0.228808,-2.82395,0.618727,-0.102475,0.172786,0.138146,2
-0.147138,-0.823177,0.27507,0.316672,-2.977955,1.03351,-0.087005,0.11671,0.113832,2
0.161991,-0.758379,0.369326,0.85395,-2.604702,1.408079,-0.017805,-0.011714,0.129326,2
0.196235,-1.246134,0.094408,1.352939,-2.102156,1.819668,0.041166,0.114519,0.129498,2
0.617353,-0.782821,-0.012012,1.514235,-1.38989,1.793089,-0.070425,0.010993,0.138127,2
0.596187,-0.607488,0.367604,1.300925,-1.018479,1.970282,-0.130638,0.109433,0.129502,2
0.501272,-0.588484,0.020276,1.689931,-0.439971,2.563922,-0.162676,0.120698,0.10156,2
0.893209,0.159803,0.042543,1.673208,0.32541,2.192279,-0.211221,-0.00669,0.110774,2
0.598473,0.055161,0.001444,1.300383,0.589781,1.685478,-0.219316,-0.175553,0.129693,2
0.76939,-0.048083,-0.18489,1.380636,0.917455,1.277494,-0.161111,-0.0451,0.140911,2
0.955037,0.085338,-0.122993,1.002409,1.613132,0.493346,-0.074314,0.126727,0.12632,2
0.803566,-0.132704,-0.410097,0.404282,1.621714,-0.419632,0.0047,0.023183,0.134205,2
0.826601,0.177974,-0.289036,0.824042,1.397046,-1.137471,-0.015756,0.084939,0.17157,2
0.693215,0.534449,-0.175609,0.990129,1.609294,-2.198089,0.051977,0.180266,0.104871,2
0.378391,0.738639,0.109109,0.440097,0.957065,-2.956327,0.219455,0.061517,0.340797,2
-0.464418,0.718157,0.630616,0.193364,0.70455,-3.009315,-0.067272,0.166303,0.155414,2
-0.74553,0.74952,0.740979,0.230332,0.938763,-3.008255,-0.037587,-0.197564,0.244227,2
-1.015638,0.393398,0.458433,-0.905206,1.514033,-2.632362,-0.002347,0.121982,-0.392083,2
-0.466703,0.256834,-0.195691,-2.041268,2.754855,-2.908152,0.324059,-0.457329,0.003746,2
-0.376433,0.443198,-1.044814,0.126497,4.227481,-1.40449,0.749882,-0.385153,0.047606,2
-0.594491,0.605651,-1.677551,-0.505159,5.252302,0.685514,0.558841,-0.213362,0.107946,2
-0.432143,0.715865,-2.197077,-1.972692,3.120394,2.380465,0.38229,-0.094623,0.124296,2
0.026632,0.381467,-1.970538,-1.193808,1.314644,3.180214,0.248806,0.285453,0.137712,2
0.755431,0.227802,-1.031186,-0.774236,0.216401,2.5474,-0.198304,0.440483,0.140273,2
1.202205,0.469009,-0.145915,-0.435436,-0.25893,2.223635,-0.457901,0.655009,0.24297,2
3.022827,2.579876,0.791397,-0.595251,-0.529638,2.216333,-0.048868,0.350488,0.24373,2
1.439262,1.642632,0.192042,-0.883183,-0.816882,1.377169,0.623512,0.387842,0.117561,2
1.670467,0.93845,0.759621,-0.33566,-0.596088,0.588766,0.476195,-0.164967,0.128145,2
0.911529,0.577998,1.050796,-0.263618,-0.836872,-0.222136,0.337052,-0.173584,0.119337,2
-0.381776,0.149796,1.472417,-0.246197,-1.432894,-1.672522,0.07833,-0.058199,0.178908,2
-1.086284,0.36246,1.923396,-0.135282,-1.631008,-2.671175,0.045733,0.192639,0.124899,2
-0.966587,0.461274,1.584724,-0.123092,-1.789697,-2.801382,0.173273,0.246472,0.120551,2
-1.23934,0.108587,0.876211,-1.161924,-0.57538,-1.961896,0.086376,0.190769,0.08726,2
-1.071868,0.000945,0.099763,-2.255986,0.9321,-0.730612,0.011609,-0.107729,0.152313,2
-0.762063,-0.316573,-0.481329,-0.439426,2.803623,0.094019,-0.016438,-0.079255,0.054541,2
-0.771451,-0.827458,-0.634062,1.858505,5.200569,0.202939,-0.135756,-0.083658,0.07982,2
-0.345821,-0.448617,-1.501567,-0.48123,3.791465,0.621375,-0.250742,0.023978,0.09265,2
-0.257645,0.070819,-1.903608,-0.055141,1.376007,3.208221,-0.162861,0.031402,0.11643,2
-0.013992,0.75701,-1.59654,-0.256259,0.831882,2.72201,-0.279191,-0.151376,0.093122,2
0.168161,0.924915,-0.937679,-0.563516,0.117829,1.393555,-0.258417,0.149582,0.157417,2
0.613689,0.945781,-0.362578,-0.008982,-0.944685,2.046353,-0.245168,0.060934,0.163796,2
0.686952,1.250376,-0.21944,0.477929,0.401437,1.869805,-0.053861,0.031501,0.149931,2
0.888571,0.921863,0.065665,0.660692,1.483348,1.082305,0.209224,0.055137,0.104756,2
0.44863,0.816907,0.233809,0.154498,2.098426,0.459313,0.350107,-0.112615,0.022264,2
0.859109,0.765718,0.170129,0.186229,2.540235,0.464076,0.186978,-0.583063,0.060059,2
0.679312,0.12698,-0.086692,-0.328981,2.20767,-0.502573,-0.110931,0.009294,0.022063,2
1.111126,0.044365,0.381191,-0.773299,1.407976,-1.550491,-0.247006,-0.15933,0.211642,2
0.907105,0.246506,0.169811,-0.381074,1.283005,-1.381443,-0.299812,0.230917,0.05439,2
1.070324,0.398623,0.311116,-0.258829,0.817735,-1.469786,-0.415895,0.312416,0.170815,2
0.871875,0.35663,0.056228,-0.31402,0.515696,-1.651762,-0.292451,0.1501,0.176174,2
0.750704,0.047237,0.317104,-0.678607,0.405819,-1.856695,-0.227485,0.195836,0.093966,2
0.673974,-0.02528,0.38772,-0.191637,0.537685,-1.597464,-0.036729,0.140111,0.165364,2
0.585401,-0.445483,0.353265,0.855898,-0.18851,-1.630749,0.097894,-0.013679,0.133137,2
-0.00056,-0.723351,0.482488,0.782239,-1.178768,-2.066153,0.099131,-0.014887,0.225705,2
-0.122299,-0.475313,0.285079,1.558991,-1.312222,-1.586519,0.136094,0.265373,0.10648,2
0.175373,-0.625417,0.450406,4.024635,-2.592977,-0.178442,0.240817,0.12296,0.104936,2
-0.166126,-0.776105,0.695501,2.093407,-2.0957,-0.814217,0.330901,-0.105122,0.150994,2
-0.477522,-0.726227,0.608959,0.851215,-1.314184,-1.662108,0.164552,-0.148012,0.065798,2
-0.211403,-0.521118,0.62095,1.52472,-2.407299,-0.410326,0.096933,-0.007291,0.068157,2
-0.117,-0.545931,1.009219,2.3067,-3.545221,3.373304,-0.014812,0.055479,0.111871,2
-0.492275,-0.335574,0.189766,1.093937,-3.207453,2.107318,0.005295,0.232244,0.106709,2
0.151527,-0.633367,0.061625,-0.541719,-0.963338,1.798825,-0.096093,0.028223,0.134459,2
0.012192,-0.729318,0.292215,-1.024923,1.015619,1.55124,-0.10485,0.03286,0.086143,2
-0.12029,-0.332578,-0.790868,1.161677,-0.352215,0.959261,-0.115852,-0.124992,0.068227,2
-0.089818,-0.473708,-0.859788,0.468514,-1.668054,3.557528,-0.158359,-0.144371,0.035574,2
-0.567436,0.423617,-2.047008,-1.806838,-1.340575,3.850909,-0.233531,-0.158026,0.159828,2
-1.936758,-0.032006,-0.113935,-2.269096,-1.683408,2.987924,-0.226894,0.127849,0.058467,2
-2.90362,0.307582,1.144376,-1.691838,-1.475059,1.422736,-0.175446,0.13235,0.119575,2
-1.798657,0.099247,0.2831,-0.996362,-0.887412,0.539776,-0.117941,0.115681,0.122784,2
-1.488085,-2.779286,-2.791814,-0.318329,-0.367933,0.766514,-0.033436,0.136413,0.105536,2
-1.846112,-3.32003,0.956519,0.02867,0.008462,0.472402,0.055582,-0.016664,0.137228,2
-1.977754,-0.581539,3.79401,0.267588,0.032759,-0.310781,0.088756,0.019056,0.058213,2
-0.909602,0.083026,3.299616,0.219751,-0.31324,-0.848969,-0.0008,-0.002777,0.139809,2
-1.044289,-0.167304,1.090948,0.064809,-1.114031,-0.425745,-0.169753,0.009506,0.063762,2
-1.402269,-0.237062,0.535241,0.025498,-1.749194,0.041878,-0.293393,-0.079282,0.144242,2
-1.059489,-0.499938,0.70977,-0.054525,-1.832442,0.072265,-0.23417,-0.017514,0.045048,2
-0.789169,-1.096982,0.534796,0.166373,-2.108562,0.253239,-0.102729,0.123876,0.123996,2
-0.720329,-0.815857,0.150158,0.24547,-2.236516,0.724515,0.0258,0.243655,0.225646,2
-0.206681,-1.016737,0.49675,0.189463,-1.936454,1.198895,0.202776,0.248317,0.10275,2
0.086923,-1.075105,0.333396,0.367626,-1.801057,1.097102,0.294971,0.133652,0.117955,2
0.258046,-0.42416,0.138726,0.390759,-1.492974,1.11086,0.224878,-0.014753,0.068923,2
0.434291,-0.358013,0.353299,0.507264,-1.104823,1.491106,0.112335,-0.06664,0.077796,2
0.347369,-0.425617,0.226719,0.712848,-0.833794,1.578619,-0.001152,-0.28951,0.164583,2
0.27198,0.262387,0.091909,0.858873,-0.555713,1.635921,-0.17386,-0.081211,0.068609,2
0.519517,0.379508,0.206778,1.699309,-0.578922,2.21055,-0.304383,0.239457,0.1273,2
0.516786,0.049102,0.252843,1.181054,-0.013339,1.915797,-0.287485,0.293711,0.138766,2
0.490336,0.51329,-0.022404,1.236986,0.439609,1.486645,-0.170569,0.276202,0.168959,2
0.37336,0.48844,-0.341859,1.26814,0.510537,1.434774,-0.039708,0.032639,0.127047,2
0.583355,0.147769,-0.038362,1.30805,0.632808,1.005856,-0.017461,-0.040686,0.088071,2
0.36298,0.262728,0.002546,0.867852,1.193681,0.247193,0.086997,-0.005387,0.063532,2
0.558513,0.37439,-0.355982,0.923064,1.047795,-0.47984,0.193661,-0.065213,0.112638,2
0.608052,0.432427,-0.282335,1.029836,1.177434,-1.306104,0.159428,-0.066198,0.074227,2
0.477183,0.33829,-0.266823,0.043968,1.135286,-1.84084,0.149097,-0.037793,0.118657,2
0.519736,0.470616,-0.239373,-0.617776,0.865266,-2.115145,0.008006,0.026611,0.121127,2
0.095019,0.345299,-0.283259,-0.529262,0.8632,-2.353115,-0.146235,-2.2e-05,0.126793,2
0.341263,0.404191,-0.251743,-0.529561,0.798599,-2.294822,-0.195755,0.168528,0.088055,2
-0.00177,0.34268,0.026611,-0.716395,0.41838,-2.240166,-0.195751,0.132004,0.150378,2
-0.349536,0.24408,0.149044,-0.401395,0.167135,-1.681973,-0.111526,0.052471,0.127742,2
-0.405151,0.62053,0.119804,-1.303415,-0.059203,-0.946077,-0.009045,0.017913,0.119204,2
-0.657599,0.817764,0.486903,-0.551744,0.255736,-2.383575,0.133156,-0.021272,0.131757,2
-1.137286,0.972143,0.570745,-0.39783,1.406193,-2.135079,0.140665,-0.099761,0.075891,2
-2.251951,0.733439,0.255643,0.476254,3.59443,1.01105,0.133317,0.038739,0.140264,2
-1.969767,0.420285,-0.157644,0.061233,3.95905,2.572223,-0.015255,-0.139541,0.108957,2
-1.643675,0.379348,-1.297033,-0.148688,2.97995,3.030618,-0.066728,-0.023811,0.080053,2
-1.428815,-0.310907,-1.602858,-0.511239,1.218901,2.76942,-0.030612,0.011451,0.118392,2
0.125081,-0.209718,-1.253948,-1.198701,0.140249,2.317259,-0.006399,0.143717,0.188336,2
0.73276,0.50034,-2.011451,-1.001697,-0.515761,1.679408,0.092498,0.078762,0.168658,2
2.245811,0.63866,-0.808187,-0.754569,-0.833426,1.440855,0.226584,0.240346,0.133606,2
3.074629,-0.286278,0.546894,-0.34838,-0.704284,0.862565,0.347405,0.020141,0.100672,2
2.88528,-0.231163,0.294157,-0.196095,-0.562352,0.321281,0.308189,-0.135834,0.123564,2
3.031703,0.113896,1.858849,0.548733,-0.981014,-0.276432,0.14675,-0.082613,0.085784,2
1.713008,0.192134,1.640319,0.36682,-1.744349,-1.125586,0.008411,-0.028074,0.14749,2
0.978237,-0.637867,1.523483,0.911318,-1.533812,-1.361608,-0.114825,0.046617,0.113605,2
0.898166,-1.376437,1.875126,0.633647,-1.539087,-2.074346,-0.217411,0.122884,0.134131,2
0.934452,-0.45388,2.113187,0.931222,-1.344058,-2.32819,-0.213664,0.181282,0.096934,2
-0.22387,0.064129,1.114126,1.209244,0.015173,-2.004902,-0.094019,0.129534,0.177496,2
-2.377246,-0.357121,0.395936,0.661732,0.566541,-0.990538,-0.126483,0.000932,0.089504,2
-2.55763,-0.247257,-0.566848,0.404596,1.360121,0.896248,-0.17167,0.051687,0.082412,2
-2.357873,-0.395707,-1.369822,0.352255,2.030259,1.599473,-0.094734,-0.120639,0.091478,2
-2.040904,-0.280565,-2.474308,-0.000348,1.549672,2.345326,-0.072887,-0.253394,0.106131,2
-1.24335,-0.421165,-2.816516,-0.200095,0.535401,3.397207,-0.009408,-0.124708,0.103029,2
-0.208853,-0.062667,-2.459321,-0.712506,-0.056738,3.508971,0.053211,0.043047,0.13449,2
0.898636,0.676843,-1.92249,-0.502899,-0.542951,2.155111,0.036489,-0.044089,0.125383,2
0.855131,0.353772,-0.947034,-0.034001,-0.709379,1.090387,0.093184,-0.045195,0.139302,2
0.825087,1.034546,-1.052667,0.143744,-1.023705,-0.015151,0.085433,-0.112274,0.11285,2
1.783833,0.868726,0.626427,0.373021,-0.902979,-1.37659,0.052414,-0.169927,0.1342,2
1.51098,-0.245662,3.053895,0.286741,-1.051679,-2.192375,0.006912,-0.125774,0.110504,2
0.692505,0.113884,3.699684,0.36614,-1.166849,-1.905331,0.037929,-0.022697,0.088428,2
-0.011398,0.895409,3.238077,0.072447,-1.102782,-1.741372,0.153347,0.103905,0.150474,2
-0.705833,1.01336,2.652038,0.347055,-0.867461,-1.579276,0.161011,0.074472,0.127954,2
-1.10261,0.936754,1.057109,-0.15902,-0.258309,-1.210552,0.113449,0.076998,0.172391,2
-1.303001,0.278469,0.379532,-1.584488,0.54224,-0.429844,-0.074228,0.056306,0.114742,2
-1.311142,-0.246638,-0.248399,-1.199972,2.378611,0.959503,-0.082408,0.221478,0.153051,2
-1.117199,0.006841,-1.426785,-0.490753,4.090806,1.361567,-0.169852,0.041821,0.098884,2
-0.775909,0.056715,-1.882449,-2.223423,4.072112,0.676628,-0.185703,0.059501,0.145254,2
-0.286711,0.20531,-2.037911,-1.420324,4.505352,1.581066,-0.286654,0.060826,0.066476,2
0.022611,0.630415,-2.201523,-2.2564,3.548488,1.300295,-0.258198,-0.020213,0.094553,2
0.680047,0.931632,-1.930122,-2.430668,2.676696,-0.024571,-0.209479,-0.069115,0.144774,2
1.095897,1.181926,-1.34777,-1.988726,1.990861,-0.787628,0.00839,-0.01718,0.090605,2
0.904269,0.948074,-1.102852,-1.711122,1.610343,-1.283511,0.149911,-0.155944,0.102449,2
1.413392,1.08147,0.203315,-0.836461,1.531799,-0.734232,0.316564,-0.303525,0.028322,2
1.533437,1.159699,0.780098,-0.025954,1.631889,0.431499,0.382444,-0.212864,0.096832,2
0.997488,1.045908,0.67073,0.405708,1.835217,1.357213,0.363737,-0.007641,0.090135,2
0.843534,1.219897,1.399877,0.825297,1.852323,1.816423,0.389272,-0.16641,0.195569,2
0.945526,0.728602,1.473918,2.24077,1.530237,2.207826,0.333706,0.153363,0.097614,2
0.864703,0.372021,0.962661,2.875354,1.242635,2.063052,0.187119,0.152455,0.11928,2
0.513667,0.470432,0.439942,3.469031,0.066917,0.43075,0.187148,0.242482,0.253854,2
0.261041,0.844762,0.348075,3.905473,-1.14331,-0.482862,0.07951,0.166236,0.081139,2
0.318941,1.022632,0.412411,4.327979,-2.591187,-1.303605,0.018597,-0.087711,0.154215,2
0.837724,0.767046,0.852542,1.369232,-2.268513,-4.034698,-0.273594,0.229401,0.195261,2
0.862539,0.400823,1.005603,-0.155732,-1.483567,-4.881364,-0.460834,0.215732,0.178323,2
0.984707,0.093999,1.213984,0.264184,-1.232073,-3.105185,-0.317715,0.426709,0.250961,2
1.198366,-0.555025,1.263651,0.33417,-0.222921,0.353142,-0.179394,0.448766,0.161045,2
1.07309,-1.183507,0.912988,1.098837,-1.073923,3.232561,0.002647,0.247557,0.133423,2
1.052332,-1.558008,0.202178,2.222172,-3.317697,4.379098,0.121397,0.069931,0.084565,2
0.794046,-1.616321,-0.318336,4.026927,-3.609838,1.78359,-0.040608,-0.240288,0.064003,2
0.501842,-1.605689,-0.412458,1.484246,-2.04743,1.523388,-0.14336,-0.273756,0.078197,2
0.278906,-1.199007,-1.285538,-1.579916,-1.687321,3.570443,-0.158331,-0.145915,0.020941,2
0.176463,-1.252895,-1.649316,-2.835061,-2.402472,2.763747,-0.128441,-0.015318,0.083284,2
-0.227626,-1.21374,-2.044109,-2.590321,-3.12878,1.365,-0.123669,0.074006,0.13389,2
-0.985812,-1.307897,-1.90106,-1.949982,-2.479326,0.578459,-0.119249,0.10342,0.078712,2
-1.857501,-1.458756,-0.688373,-1.878725,-1.572633,0.886234,-0.180727,-0.002352,0.090072,2
-2.594306,-2.154865,2.442437,-1.668744,-1.240843,0.763146,-0.21819,0.028835,0.135036,2
-3.378976,-1.35122,2.321577,-1.150032,-1.347357,0.587563,-0.168107,0.041162,0.096143,2
-5.740284,1.456032,-0.923732,-0.883982,-1.05434,0.689737,-0.071414,-0.071395,0.06392,2
-5.326396,-2.481098,-0.92998,-0.668055,-0.778704,0.342196,-0.01326,-0.094553,0.04423,2
-4.527465,-1.389319,1.219875,-0.77602,-1.080027,-0.333509,-0.008059,-0.120001,0.063088,2
-3.26953,0.159892,2.150598,-0.8972,-1.780851,-0.503747,-0.050416,-0.112912,0.082136,2
-2.307547,-0.728104,1.804027,-0.942087,-2.185192,-0.264787,-0.072345,0.071888,0.140041,2
-1.854803,-1.06278,0.883743,-0.926753,-2.831122,-0.423206,-0.112367,0.09164,0.135272,2
-0.700661,-0.729047,0.500817,-0.647642,-3.533813,-0.118286,-0.156898,0.056399,0.089538,2
-0.57171,-1.362341,0.912041,-0.277377,-3.380175,0.516899,-0.210282,-0.052956,0.117274,2
0.187646,-1.592977,0.428394,0.177575,-3.153472,0.874648,-0.187038,-0.012894,0.133862,2
0.774239,-0.490408,0.164966,1.283459,-3.521194,1.805202,-0.098298,0.025082,0.141947,2
0.856132,-0.61444,0.857147,1.431692,-2.18928,1.740333,-0.021886,-0.080837,0.087547,2
0.821626,-0.042335,0.507547,1.105505,-1.188113,1.510097,-0.053853,0.052182,0.074404,2
0.870141,0.147964,0.222755,1.488536,-0.968457,2.17362,-0.17143,-0.05009,0.197044,2
1.331427,-0.653077,0.319826,1.606475,-0.616519,3.118904,-0.085252,0.040668,0.139322,2
1.125659,-0.08568,0.27514,0.878797,0.652623,2.86813,0.017549,0.114606,0.044776,2
1.02267,0.117941,0.375287,1.383086,1.266858,2.584361,0.070522,0.071551,0.126248,2
1.432325,0.414539,-0.00271,1.806504,1.913989,2.783718,0.126827,0.06085,0.105303,2
1.064167,0.592856,0.001025,1.288457,2.37022,1.38226,0.13069,-0.195385,0.109704,2
0.868855,0.516005,-0.35253,1.073424,2.800843,-0.835759,0.119936,-0.211076,0.026683,2
1.240067,0.964834,-0.794484,0.941182,2.341961,-1.456728,0.080051,-0.068773,0.138022,2
0.982197,1.097808,-1.107373,-0.180261,1.72186,-2.788307,-0.082923,0.100805,0.187574,2
0.694175,1.216062,-1.495415,-0.486514,1.193227,-3.756102,-0.204003,0.119528,0.171608,2
0.638342,1.170402,-0.392313,-1.018138,0.873981,-4.06812,-0.118693,0.26866,0.113304,2
-0.515269,0.94393,0.473572,-1.00218,1.140595,-3.502262,-0.059656,0.569708,0.195503,2
-0.763919,0.736953,1.190749,0.107262,2.247747,-2.07221,0.038653,0.419975,0.126401,2
-0.821964,0.520239,1.700047,0.025487,3.731937,-0.691048,0.25067,-0.116406,0.139831,2
-1.157188,0.238086,1.72535,-0.049202,4.070006,-1.703819,0.229606,-0.048694,0.132378,2
-1.176334,0.326539,1.164177,0.759363,4.72701,-1.807262,0.194019,-0.006798,0.06764,2
-1.046222,1.226961,-0.21608,-1.597982,2.924396,1.360937,0.281128,-0.072923,0.141467,2
-0.568913,1.871705,-0.861951,-1.756146,1.514519,3.328029,0.133927,-0.052605,0.138988,2
-0.348259,2.029264,-1.460463,-0.367766,1.106075,3.141828,-0.020976,0.100252,0.12487,2
-0.343041,1.430347,-1.992847,-0.076615,0.489294,2.68341,0.260963,0.208807,0.188528,2
0.330537,0.665984,-1.70981,0.458289,-0.259848,1.937294,0.440472,0.186022,0.141146,2
1.081496,-0.839889,-0.69318,0.271669,-0.853305,1.019478,0.610825,0.270622,0.137761,2
0.740921,-1.085161,-1.800225,-0.064469,-1.274919,-0.093064,0.726847,0.186668,0.051363,2
3.116537,-1.3509,-1.191405,-0.327684,-1.386935,0.146617,0.464173,-0.119497,0.145103,2
1.82993,-1.423787,0.692266,-0.822978,-1.562049,-0.56982,0.373009,-0.353035,-0.001822,2
0.820599,-0.567411,2.274639,-0.448974,-2.273738,-1.796187,0.03446,-0.420992,0.158711,2
-0.213075,0.429081,1.949572,-0.039758,-2.402872,-2.605858,-0.265938,-0.399164,0.080084,2
-0.74955,-0.000351,1.608812,1.168365,-2.156824,-2.224193,-0.38802,-0.231088,0.063596,2
-1.270573,-0.233754,1.183849,0.775438,-0.819601,-0.749812,-0.448512,0.099238,0.05654,2
-0.859155,-0.237287,0.308634,0.424197,0.628292,0.421856,-0.588457,0.199011,0.147345,2
-1.384935,-1.366436,0.343702,0.719731,1.38598,0.509447,-0.415584,0.315165,0.180252,2
-1.285331,-1.148893,-0.365548,0.835023,2.191547,1.255517,-0.332323,0.14388,0.124667,2
-0.272717,-0.905576,-1.072643,-0.160712,2.373898,2.003227,-0.207217,-0.088013,0.078494,2
-0.136006,-0.839086,-1.269375,0.901035,1.587558,2.177732,-0.077808,-0.112212,0.103974,2
-0.268077,-0.491792,-1.279931,-0.459214,0.358984,2.025604,-0.133311,-0.249527,0.080751,2
0.047629,0.071009,-1.031366,-0.046473,-0.563596,1.536772,-0.18184,-0.194543,0.151011,2
0.28769,-0.170522,-0.089764,0.28916,-1.291188,0.770922,-0.0386,-0.026352,0.099954,2
0.551577,0.094963,0.747901,0.144244,-1.764604,0.224503,0.032489,0.246976,0.136276,2
-0.247064,0.006089,-0.382058,0.310183,-2.050558,-0.179723,0.125508,0.145167,0.112174,2
1.591477,0.337128,-2.121618,0.23244,-1.655475,-0.732327,0.170776,0.107126,0.181431,2
1.903845,-0.897394,1.04723,-0.076862,-1.875982,-2.028985,0.246814,0.089291,0.085901,2
0.267781,0.047973,2.12187,0.018918,-2.197412,-3.361292,0.313155,-0.069525,0.137055,2
0.103475,1.157442,1.484123,-0.964846,-0.963402,-2.492486,0.291951,-0.139397,0.10708,2
-0.910758,1.21794,0.523458,0.107841,0.557951,-0.22998,0.13783,-0.028953,0.149739,2
-1.182358,0.947571,0.218196,-0.474539,2.044391,1.636453,-0.214855,0.239778,0.111827,2
-0.16006,0.585708,0.060187,-0.363473,3.412147,-0.480419,-0.158141,0.164223,0.136841,2
-0.214083,-0.039949,-0.428285,2.091331,5.62852,0.146026,-0.096737,0.019324,0.13931,2
-0.132398,0.21936,-1.016247,-0.984234,5.014383,2.214651,-0.198896,0.101304,0.074846,2
0.164328,0.758826,-1.430207,-2.182237,4.426655,2.645454,-0.051777,-0.145795,0.061811,2
0.147584,0.179499,-0.838886,-0.293739,3.715395,0.539591,-0.146319,-0.221351,0.081135,2
0.366669,0.072789,-0.106569,-0.72414,2.585514,-0.016398,-0.173071,-0.114012,0.131013,2
-0.294846,1.457595,-2.639746,-1.980713,1.874179,0.099452,-0.145851,0.024281,0.134716,2
2.116111,1.172464,-1.269583,-1.445431,1.388508,-0.268783,-0.046174,0.161503,0.084328,2
0.887515,0.543012,-0.581107,-0.392911,1.047402,-0.485392,0.134832,0.104978,0.141335,2
0.877226,0.693762,0.514314,-0.123096,1.218214,-0.405865,0.314393,-0.274813,0.247037,2
1.048195,0.806344,1.062273,-0.048325,0.647383,-0.370444,0.25903,0.072799,0.066621,2
0.530962,0.599117,1.160286,1.439954,0.591424,0.322449,0.175976,0.168305,0.093623,2
0.461831,0.326388,1.409498,2.435758,-0.166265,0.078647,0.246806,-0.211202,0.152127,2
0.35449,0.359383,1.138883,2.581096,-1.131907,0.591409,0.21517,-0.180481,0.108578,2
0.231733,0.265274,0.64805,1.867728,-1.568717,-0.115503,0.054341,0.03395,0.093627,2
0.461628,0.002331,0.499396,0.488873,-1.502027,-1.522975,-0.04551,0.194778,0.201804,2
0.603344,-0.256833,0.43134,0.941605,-1.637006,-2.381212,-0.132577,0.229151,0.200811,2
0.56594,-0.408821,0.245085,1.360028,-1.353307,-1.755375,0.107593,0.391227,0.135118,2
0.563798,-0.375657,0.040154,1.146383,-1.356511,-2.688921,0.214747,0.304962,0.168844,2
0.114731,-0.096572,0.086627,1.250628,-2.309627,-2.537013,0.076312,0.033734,0.131849,2
-0.027249,-0.215787,0.401097,0.7124,-1.563706,-0.809676,0.095107,-0.073762,0.145826,2
0.310898,-0.55399,0.566902,0.238006,-1.256556,-2.400913,0.078329,-0.106356,0.080348,2
0.361582,-0.847528,0.451733,0.217152,-0.67156,-1.621813,0.092156,-0.090509,0.132494,2
0.520972,-1.204787,0.284148,0.198976,-0.890534,2.95027,0.001935,-0.027564,0.036307,2
0.217339,-1.418272,-0.024467,-0.904167,-2.584729,5.725109,-0.07772,-0.017048,0.067941,2
-0.204555,-1.466759,-0.350198,1.178884,-0.287078,2.424459,-0.25918,0.064297,0.074817,2
-0.527206,-1.187063,-0.907909,3.686529,-1.476828,1.632902,-0.45683,0.006466,0.145736,2
-0.312429,-1.264272,-1.000249,-0.239036,-2.383158,4.825911,-0.526137,-0.02244,0.086947,2
-0.683934,-1.099947,-0.592945,-2.516001,-2.344094,4.745534,-0.395129,0.004889,0.073784,2
-1.056037,-0.68841,0.321454,-3.088094,-3.05529,2.438657,-0.170513,0.058813,0.114678,2
-1.429721,0.374514,0.797203,-3.107049,-2.285181,1.484738,-0.02859,0.055483,0.141982,2
-1.865665,0.955422,-0.245905,-2.627048,-1.896063,1.075158,-0.020502,-0.070828,0.099941,2
-3.019165,0.236022,-0.540684,-2.209133,-1.336242,1.386875,0.027883,-0.043772,0.098466,2
-3.442044,-0.849092,-0.315287,-1.535761,-0.883025,1.357299,0.083508,0.100879,0.101995,2
-4.643243,-1.634785,-0.254968,-0.922116,-0.585724,1.09247,0.098954,0.002138,0.101341,2
-4.202611,-0.87928,0.551851,-0.539089,-0.69658,0.576406,0.096007,0.134297,0.112144,2
-2.352774,-1.070934,2.178538,-0.463302,-0.986696,-0.122231,-0.059697,0.071575,0.02699,2
-1.713926,-0.663848,2.34341,-0.427127,-1.639475,-0.222204,-0.170978,-0.010919,0.122243,2
-1.619459,-0.654057,1.001516,-0.142004,-2.232977,-0.278549,-0.281975,0.061988,0.099033,2
-1.792725,-1.559058,0.410416,0.039302,-2.3405,-0.101323,-0.267084,0.269496,0.09172,2
-1.023515,-2.524005,0.267152,0.304317,-2.493479,0.276389,-0.18564,0.225095,0.143437,2
0.436218,-1.667873,0.359597,0.92364,-2.596507,0.752818,-0.233778,0.09351,0.099228,2
0.475208,-1.465276,0.882424,1.079663,-2.325517,0.537185,-0.184316,0.098377,0.12853,2
0.794914,-1.241718,0.724174,1.210656,-2.009903,0.698902,-0.173593,0.099054,0.185626,2
1.54843,-0.350922,0.675621,1.694915,-1.872056,1.283772,-0.16798,0.128996,0.07443,2
1.210259,-0.423451,0.959265,1.775501,-1.636571,1.299362,-0.187462,0.033609,0.128148,2
1.390563,0.457587,0.32965,1.801005,-1.03982,1.325743,-0.290425,0.088797,0.110928,2
1.496894,1.022929,0.336886,1.836642,-0.512391,1.696809,-0.302757,-0.058858,0.081961,2
1.612103,0.666588,0.692452,1.879269,0.122251,1.770963,-0.174743,-0.067578,0.122669,2
1.464009,0.809374,0.406033,1.281743,0.969443,1.246505,0.017521,-0.058547,0.115295,2
1.561233,0.996917,0.419618,1.687667,1.566825,0.432744,0.087397,-0.130228,0.043679,2
1.33455,0.802616,0.273415,2.001566,2.022765,-0.239257,0.250321,-0.381658,0.087419,2
1.047523,1.087412,-0.0148,1.020406,2.120642,-2.147086,0.291161,-0.043672,0.121887,2
0.829861,1.353485,-0.113097,0.488463,1.642067,-2.963426,0.273226,-0.105152,0.109292,2
0.531147,1.432162,0.088527,0.656829,1.744042,-3.036049,0.045039,0.001765,0.126455,2
-0.317715,1.022469,0.160686,0.352621,1.881933,-3.01619,-0.364106,0.172863,0.127067,2
-0.850991,0.880205,-0.112319,-0.56316,2.429447,-1.783673,-0.397295,0.124123,0.116267,2
-1.1563,1.011222,-0.454189,-1.296437,2.763224,-0.120749,-0.3005,0.091793,0.119998,2
-1.405146,0.317885,-0.441754,0.071228,3.428348,-1.026897,-0.257366,0.188458,0.106363,2
-1.658373,0.370719,-1.278872,-0.803648,4.995898,-0.592633,-0.055873,-0.158941,0.111932,2
-1.789907,0.435658,-1.890423,-2.577853,3.476674,3.39695,0.237806,-0.240088,0.04365,2
-1.225548,0.146861,-1.841312,-2.138225,2.263775,3.891055,0.488648,-0.652509,0.133557,2
-0.060405,-0.191342,-1.212309,-1.200719,0.2459,2.141799,0.250247,0.16879,0.136242,2
1.375551,-0.383011,0.57582,-0.623436,-0.710833,2.098941,0.193213,-0.085029,0.179727,2
2.435116,0.92178,1.416595,-0.748874,-1.289934,1.40683,0.046909,0.3156,0.2378,2
1.492135,1.944317,-1.814108,-0.471609,-1.605866,-0.014265,0.100998,0.554691,0.195976,2
3.840383,2.336358,-0.423211,0.32619,-1.171052,-0.829019,0.294135,0.649487,0.085179,2
1.75474,0.273913,1.487153,0.508818,-1.254397,-1.692429,0.525841,-0.044323,0.238317,2
-0.060992,-0.481003,2.380068,0.586669,-1.126468,-2.083154,0.688844,-0.27705,0.092588,2
-0.53084,0.084142,1.744458,0.009037,-1.539601,-2.00824,0.520788,-0.149154,0.075847,2
-0.435119,0.213439,0.793165,0.148022,-1.387934,-2.064165,0.130602,-0.267852,0.123421,2
-0.938113,-0.3133,0.905518,0.301707,-0.428671,-1.441899,-0.021042,-0.257499,0.176051,2
-0.850214,-0.241264,0.449622,0.343996,0.139385,-0.65283,-0.131178,-0.015177,0.114103,2
-0.483406,0.777252,-1.043689,-0.029034,0.471126,0.019822,-0.200111,0.176787,0.069577,2
-0.974691,-0.031295,-0.501422,-0.856557,1.099383,1.192078,-0.246212,0.054292,0.139138,2
-0.995941,-1.011948,-0.149117,-1.14035,1.590316,0.522661,-0.217143,-0.050659,0.095623,2
-0.440537,-0.490484,-1.189393,-0.463928,2.753826,3.380188,-0.07103,-0.063624,0.085765,2
0.119855,-0.565529,-1.244133,-0.949553,1.024049,3.391523,0.046577,-0.173961,0.09461,2
0.615799,-1.016047,-0.322202,-0.06637,-0.130055,2.830851,0.027089,-0.199067,0.136869,2
0.414263,-0.856703,0.068927,0.221955,-0.760304,1.646812,-0.013924,-0.113861,0.105681,2
0.750023,1.335885,-1.357241,0.261428,-1.300998,-0.16854,0.031035,0.144223,0.156286,2
1.85253,1.299882,-0.427355,0.77821,-1.231224,-0.766374,-0.060744,0.165459,0.127134,2
1.439187,0.578611,0.971114,0.747911,-1.684289,-1.460898,0.092879,0.043017,0.195492,2
0.819148,0.601232,2.40522,0.910055,-1.482844,-2.067463,0.266726,-0.268662,0.159281,2
-0.656818,0.254768,1.933758,0.780039,-1.233294,-2.541091,0.410413,-0.146254,0.080752,2
-0.988367,0.330254,1.142949,0.148306,-0.770379,-2.342673,0.352087,0.03012,0.021194,2
-1.144349,0.16885,0.605678,-0.462984,-0.012686,-0.89261,0.081672,0.353172,0.244495,2
-1.085168,-0.265258,0.039975,-1.586761,1.162153,0.903337,-0.039109,0.108405,0.092254,2
-0.693923,-0.113243,-0.49326,-1.288409,2.5651,0.383159,0.089991,-0.170713,0.1703,2
-0.564585,-0.081037,-0.883574,-0.997583,4.504151,0.125952,-0.056987,0.238584,0.067244,2
-0.372987,0.004294,-1.527,-2.686574,4.175883,0.799882,0.045871,-0.111537,0.143269,2
0.19801,0.8656,-1.91935,-2.994875,3.266025,1.834863,-0.024905,-0.084875,-0.017318,2
0.653355,1.082296,-1.777006,-2.260065,2.550819,1.14431,0.169195,-0.723394,0.107963,2
0.525441,0.856305,-1.501455,-1.36241,2.268107,0.155724,0.109811,-0.163715,0.105246,2
0.925204,1.138014,-0.805094,-1.027835,1.809316,0.035849,-0.08378,-0.142887,0.074026,2
0.80862,1.39531,-0.890318,-0.641736,1.498584,0.456341,-0.159624,0.174744,0.072881,2
1.562096,1.608368,0.097425,-0.176342,1.293666,0.451945,-0.123273,0.31429,0.117648,2
1.159611,1.16928,0.482449,0.26907,0.936541,0.54305,-0.171818,0.367975,0.101338,2
0.676928,0.957256,0.795163,0.705161,1.08879,1.144856,-0.144954,0.050151,0.240188,2
1.08422,1.032774,1.216127,1.552098,1.252305,1.172338,-0.184345,0.124832,0.111967,2
0.96522,0.58055,1.307666,2.108454,0.886025,0.718472,-0.066632,-0.132353,0.133389,2
0.859808,0.560446,1.429184,2.656716,0.068255,0.322965,-0.002059,-0.197876,0.146397,2
0.753579,0.413832,1.41063,3.137746,-0.81471,-0.293173,0.096532,-0.093002,0.069139,2
0.553582,0.188694,1.28648,2.349702,-1.311671,-2.138686,0.202563,0.110328,0.132908,2
0.377542,-0.131957,1.30036,1.258806,-1.516813,-3.527388,0.122547,0.126527,0.172896,2
0.341451,-0.464205,1.236838,0.492367,-1.342208,-3.462058,-0.000492,0.131226,0.12742,2
0.463525,-0.760967,1.057778,0.465544,-2.03942,-4.826389,-0.065619,0.219063,0.222514,2
0.441392,-0.800619,0.856207,0.326301,-2.215405,-5.266783,-0.193734,0.165889,0.157754,2
0.684221,-0.712604,0.581697,0.285031,-0.736584,-3.193707,-0.289061,0.148945,0.169667,2
1.403302,-0.784531,0.169233,1.076084,-1.342103,1.504021,-0.306573,0.033738,0.085379,2
1.194038,-0.467163,-0.535077,2.399476,-3.529899,6.291067,-0.239559,0.097337,0.031016,2
0.521828,-1.002559,-0.825564,6.675432,0.022152,1.957811,-0.207194,-0.106768,0.134611,2
0.543033,-1.331517,-1.171604,2.389929,-1.515041,4.333245,-0.207819,-0.135847,0.092474,2
-0.132088,-0.629123,-2.063264,-1.134627,-3.475852,5.924309,-0.248588,-0.250875,0.096484,2
-0.665478,-0.71287,-1.391007,-3.086725,-4.163228,3.776804,-0.172016,-0.04423,-0.06891,2
-2.163246,-0.708527,-0.710238,-2.840829,-3.404291,2.311312,-0.077825,0.024728,0.077175,2
-1.997007,-0.551665,0.525779,-2.197914,-1.832029,1.936472,-0.055076,0.173359,0.151432,2
-0.56263,-0.777272,0.05654,-1.495607,-0.701056,1.565642,0.134083,0.073148,0.264623,2
-2.50649,-0.585392,-1.808578,-1.281395,-0.602852,1.348076,0.532633,-0.012764,0.142964,2
-4.543845,-1.859886,-1.431514,-1.238477,-0.371093,0.778011,0.478066,-0.223785,0.011897,2
-4.582861,-2.042289,0.862597,-0.732559,-0.824064,0.284076,0.175094,-0.348484,-0.024613,2
-2.750311,-1.256316,2.57487,-0.473238,-2.156848,0.826585,-0.274953,0.047241,-0.016923,2
-2.062194,-1.278288,2.822753,-0.192117,-2.684415,1.161795,-0.733192,0.289369,0.107656,2
-2.640904,-1.017041,1.342686,-0.449932,-2.372266,0.708837,-0.572943,0.476435,0.278247,2
-2.263443,-0.769559,0.607683,-0.72998,-2.734305,0.213228,-0.01659,0.479222,0.185681,2
-1.627568,-1.533627,0.618793,-0.935213,-3.431017,0.126764,0.257235,0.059102,0.057536,2
-0.521637,-0.343835,0.999895,-0.653061,-3.582511,-0.035275,0.328636,-0.167008,-0.033768,2
-0.574375,-0.288069,2.031562,-0.030356,-3.486215,0.134395,0.05207,-0.089345,0.053472,2
-0.073441,-1.188546,1.713855,1.150626,-3.666729,1.637109,-0.200337,-0.018577,0.1461,2
0.563982,-0.403299,1.377323,1.788219,-2.65614,2.435247,-0.055288,0.117885,0.113782,2
1.050071,-0.752244,1.042618,2.681017,-1.9463,3.145906,0.015983,0.025332,0.158268,2
1.326422,-0.959701,0.491125,3.185102,-0.861596,2.673162,-0.000262,0.004669,0.077374,2
1.393098,-0.41014,-0.386531,2.858309,0.569549,2.164376,0.006846,0.036898,0.10044,2
2.271099,-0.471575,-0.344493,2.779694,1.240458,1.310214,-0.066708,-0.044633,0.064267,2
1.761508,-0.261631,-0.58209,2.434182,2.158103,0.125117,-0.176398,-0.094699,0.12161,2
1.958029,0.151419,-0.783345,2.085582,2.538005,-1.476471,-0.206176,0.039435,0.08737,2
2.294514,1.060871,-1.08257,1.701406,2.729568,-2.560204,-0.116647,-0.071071,0.098101,2
0.408287,0.741665,-1.325006,1.352706,2.254647,-3.634116,-0.096064,-0.271817,0.060865,2
0.583024,0.775472,-0.638509,0.362088,2.04549,-4.322026,0.055971,-0.233328,0.202736,2
0.343279,0.821018,-0.207932,-1.062491,1.970234,-4.649801,0.192636,-0.081796,0.086597,2
-0.075513,0.32277,0.650718,-2.849475,2.186842,-3.341311,0.228072,-0.046287,-0.001354,2
-0.555537,0.291013,0.760427,-1.975338,3.001451,-2.255167,0.265021,0.044877,0.106895,2
-0.541618,0.57417,0.571449,-0.665321,4.013449,-2.297017,0.256239,0.115762,0.108017,2
-1.085604,0.93911,-0.28764,-0.605444,5.338133,0.549269,-0.053485,-0.145317,0.222499,2
-1.376853,0.163902,-0.06627,-2.786899,3.274182,1.611909,-0.219847,0.220891,0.094532,2
-1.026855,0.420646,-0.43217,-1.459913,2.238672,3.219809,-0.31171,0.569498,0.118721,2
-0.960426,1.266705,-1.433011,-0.912643,0.956789,3.699378,-0.385583,0.355073,0.142117,2
-0.312691,1.481383,-1.74582,-1.691683,-0.373064,3.322781,-0.530088,0.108763,0.173527,2
0.56682,0.975556,-0.721931,-1.556522,-1.066597,2.645815,-0.254112,0.083521,0.164354,2
1.36734,1.490098,-0.508869,-1.067734,-1.046383,2.265866,-0.007467,-0.00507,0.129363,2
1.921962,2.3152,-1.50546,-0.708852,-0.781041,1.187452,0.315219,0.131531,0.227986,2
2.258398,1.414303,-0.637284,-0.432074,-1.224762,0.51327,0.346007,0.332452,0.147863,2
1.912777,0.131607,0.474294,-0.047337,-1.703684,-1.211148,0.239502,0.211062,0.121282,2
1.454135,0.565341,1.943138,1.038936,-1.609327,-2.458994,0.255883,-0.176895,0.181511,2
0.121809,0.151194,1.615746,0.797682,-1.975443,-2.858748,0.297612,-0.154823,0.086288,2
-0.794091,-0.04242,1.584069,0.381205,-1.532104,-2.635719,0.143697,0.085207,0.116961,2
-0.755706,-0.380487,2.07336,0.76764,-0.992333,-1.797956,0.04633,-0.07904,0.126781,2
-0.621476,-0.952406,1.621151,0.910449,-0.042767,-1.123199,-0.007941,-0.086767,0.127155,2
-0.630646,-0.172861,-0.100149,0.373901,0.535131,-0.59764,-0.079135,-0.093776,0.149256,2
-1.189974,-0.065333,-0.345597,-0.197707,1.428771,-0.779379,0.134613,-0.201155,0.114721,2
-1.6031,-0.196046,-0.94572,-1.545354,3.012151,1.18846,0.336974,0.05545,0.201665,2
-0.990975,-0.199813,-1.434188,-1.274523,3.798975,2.718174,0.144777,-0.024877,0.047285,2
-0.15895,-0.202419,-1.509799,-2.14051,2.527568,2.469551,0.089525,0.08909,0.130775,2
0.104368,0.903214,-1.572943,-2.387022,2.317367,1.948115,0.015037,-0.034092,0.111279,2
0.31459,1.720893,-1.551123,-1.547124,2.643685,0.969271,-0.363104,0.207791,0.163836,2
0.306544,1.699561,-1.38705,-1.238896,2.447675,0.107885,-0.607273,0.199982,0.101498,2
0.143763,2.259367,-2.376471,-1.452167,2.149506,-0.55936,-0.315091,-0.042423,0.101364,2
1.651124,2.108196,-1.884046,-0.889385,2.150352,-0.172077,-0.228873,-0.037666,0.067409,2
1.810082,0.582522,0.086816,-0.462279,1.797091,-0.41028,-0.118833,0.01006,0.062978,2
0.44655,-0.574368,0.869395,-0.301197,1.727044,-0.886025,0.24517,-0.143523,0.082873,2
0.241314,-0.307294,1.300736,0.110791,1.62358,-0.37223,0.528649,-0.31329,0.096308,2
1.263301,0.461976,1.704229,0.768805,1.675808,-0.180861,0.467525,-0.39351,0.103644,2
1.206197,0.521183,1.730011,0.955901,1.250231,-0.822232,0.378418,-0.096986,0.101572,2
0.967869,0.535834,1.57636,2.419481,0.669734,-0.38344,0.304491,-0.346258,0.122697,2
0.828522,0.220319,1.505668,2.926312,0.203924,0.625631,0.085789,0.014695,0.132112,2
0.852994,0.083932,1.144197,2.265899,-0.267423,-0.238499,-0.084115,0.190044,0.151768,2
0.466866,-0.218255,0.735768,2.055897,-0.405128,-1.426976,-0.222403,0.309895,0.152855,2
0.285239,-0.60307,0.729223,1.453447,-0.229797,-2.134101,-0.293071,0.26028,0.104818,2
0.318158,-0.8175,0.374016,2.061008,-0.803965,-0.648277,-0.173153,0.149801,0.170556,2
0.634357,-0.861777,0.326636,1.53572,-1.121417,-1.021074,-0.139381,0.101285,0.078737,2
-0.126498,-0.896864,0.370651,1.058394,-2.164909,-2.769076,-0.038722,0.093734,0.166662,2
-0.141751,-0.760159,0.369378,0.553643,-2.238137,-2.509112,0.08411,0.086721,0.219165,2
0.130103,-0.659575,0.333632,0.868887,-2.540809,-0.771242,0.217829,0.163123,0.037283,2
0.019155,-0.883784,0.5328,0.83589,-2.724168,2.37841,0.211007,0.058893,0.120684,2
0.01241,-0.943144,0.202745,-0.209785,-3.088936,4.335834,0.101946,-0.050378,0.063164,2
0.098913,-0.73805,-0.536558,0.023094,-2.119303,3.172178,0.089038,-0.015375,0.117164,2
0.388182,-0.719358,-0.574502,4.159383,-2.779233,0.60533,0.050906,-0.165909,0.041198,2
0.553699,-0.415051,-0.960471,1.106676,-2.414124,3.134288,0.051054,-0.282351,0.031238,2
0.745951,-0.581603,-0.955991,-1.234806,-1.458731,4.255787,0.019777,-0.105285,0.121865,2
0.511692,-0.408758,-1.163136,-2.509393,-1.409401,3.198562,-0.222329,-0.10079,0.105593,2
0.186866,-0.244695,-1.495729,-2.640586,-2.035558,2.160542,-0.276868,-0.022998,0.120205,2
-1.015492,-0.608623,-0.179651,-2.244302,-1.877426,1.51752,-0.307795,0.051857,0.113817,2
-2.986217,-0.291897,2.292955,-1.805393,-1.18029,1.334053,-0.268569,0.125273,0.071164,2
-2.083189,0.518674,1.320108,-1.120759,-0.584854,1.448444,-0.188564,-0.04426,0.139689,2
-2.502101,0.01837,-4.522384,-0.579986,-0.631173,1.241008,-0.173182,-0.0356,0.123143,2
-6.061853,-3.588868,-1.641334,-0.346147,-1.245582,0.943971,0.003751,0.095037,0.088416,2
-4.930496,-1.028574,2.531899,-0.297704,-1.269331,0.264759,0.034491,0.377989,0.094248,2
-2.094403,-0.115375,4.643111,-0.427354,-1.533424,-0.552078,-0.057646,-0.024167,0.084818,2
-1.387332,-0.445565,3.131345,-0.905719,-2.455705,-0.495638,-0.081872,-0.058995,0.138967,2
-1.614535,0.310661,1.272245,-0.670551,-3.772704,0.224079,-0.211466,0.066743,0.107467,2
-1.590962,-0.59218,1.020901,-0.539618,-3.497745,0.704788,-0.242642,0.005046,0.08162,2
-0.325776,-1.268931,1.224887,-0.24597,-2.777879,1.401198,-0.26518,-0.175417,0.055784,2
-0.459112,-1.061354,0.836306,0.331363,-2.748442,1.948844,-0.180895,0.007198,0.155306,2
-0.434116,-1.209176,0.388637,0.687089,-2.541642,2.931347,-0.141591,0.21266,0.111136,2
0.367762,-1.228491,0.524978,0.969638,-1.630262,2.999422,-0.105272,0.228219,0.185954,2
0.492753,-1.199198,0.331671,1.268043,-0.615034,2.790131,-0.08091,0.166047,0.047177,2
0.584065,-0.993507,-0.10649,1.965401,-0.108493,2.785258,-0.068018,0.058481,0.193673,2
0.984168,-0.722561,-0.418131,1.895631,0.956416,1.649842,-0.104419,0.167802,0.124352,2
1.335017,-0.459143,-0.416537,1.529054,1.342188,0.58908,-0.119848,0.083056,0.020769,2
1.362973,-0.159531,-0.716516,1.622839,1.188455,-0.7871,0.017681,-0.346977,0.099737,2
1.388337,0.237117,-1.064421,1.79515,1.246795,-2.567085,0.178278,-0.198422,0.025264,2
1.142051,0.314333,-0.909824,1.001481,0.688238,-3.92869,0.133593,-0.319899,0.090932,2
1.084699,0.540887,-0.81751,0.39617,0.069967,-4.692428,0.11518,-0.188035,0.060949,2
1.401926,0.67118,-0.515941,-0.611969,0.011043,-5.638827,0.142227,0.051904,0.1539,2
0.426974,0.783342,-0.136205,0.457099,1.356032,-4.822246,0.055522,0.154154,0.060864,2
0.235101,1.120384,0.079343,1.481914,3.558934,-2.157535,0.036272,0.211635,0.12696,2
-0.09342,1.127911,-0.508733,1.689276,4.447856,-1.997293,-0.233731,0.323176,0.197168,2
-0.591909,0.761454,-0.693822,0.829861,6.046549,-1.90439,-0.480157,0.072638,0.188251,2
-1.22629,0.293357,-1.022277,-0.937571,4.894511,2.34379,-0.502718,0.205893,0.113451,2
-1.476115,0.507349,-1.422621,-1.6878,3.050138,3.413669,-0.480617,0.272939,0.208724,2
-1.384193,0.696315,-1.781763,-2.277424,1.834221,3.543591,-0.186149,0.021157,0.244462,2
0.037809,0.422573,-1.035271,-1.612034,0.519054,3.103921,0.019658,0.177055,0.099684,2
1.434991,-0.087488,0.006971,-0.286948,-0.253801,3.933314,0.229525,0.345618,0.116513,2
1.115787,0.390733,0.334001,-0.363903,-1.111777,2.975513,0.594054,0.338624,0.392783,2
2.004999,2.798227,-0.373371,-1.099099,-1.320436,1.392497,0.677518,0.125142,-0.035737,2
2.360166,0.925098,0.931755,-0.528385,-1.235861,0.021627,0.973992,-0.203506,0.141706,2
0.095724,-0.535588,2.909009,-0.377235,-1.522098,-1.880747,0.872568,-0.291484,0.07479,2
-0.936098,-0.405393,3.199645,-0.480666,-2.154199,-3.371813,0.75513,-0.558041,0.167244,2
0.088352,0.642772,2.132157,-0.612083,-2.105525,-3.622559,0.654334,-0.436494,0.04615,2
-0.162123,0.642107,1.077358,1.20541,-1.548141,-2.478353,0.483762,-0.054573,0.04329,2
-0.665499,0.149552,0.705077,-0.216259,-0.017938,-1.507821,0.187021,-0.024813,0.082784,2
-0.03105,0.230576,-0.627314,0.00551,1.276244,-0.011725,-0.082743,0.018516,0.207012,2
-0.969748,-0.445199,-1.017545,1.629458,2.685818,-0.414346,-0.140032,0.027745,0.075109,2
-0.805585,-1.049526,-0.82811,1.425528,4.752395,1.180765,-0.334,-0.154721,0.118234,2
0.024085,-0.222806,-1.585171,-0.783661,3.853176,3.111855,-0.181758,0.072298,0.134466,2
-0.212048,0.207276,-2.08689,-0.799904,2.473024,2.7149,-0.078324,-0.16846,0.068916,2
-0.859634,0.476527,-1.922226,-1.451039,1.254382,2.151935,0.000988,0.006136,0.146583,2
-0.536312,0.28812,-1.395042,-1.128432,1.345997,2.063671,-0.113084,-0.054558,-0.019073,2
-0.269534,1.444245,-1.537416,-1.566783,1.685144,0.953666,-0.086695,0.35673,0.101939,2
1.968969,1.358272,-0.491714,-1.141731,2.227487,0.903769,-0.409422,0.033678,0.147321,2
1.452997,-0.455557,1.254197,-0.099253,2.845367,0.877294,-0.603045,0.263401,0.145792,2
0.655313,-0.388132,1.580848,-0.265844,2.179545,-0.240174,-0.491153,0.369842,0.146257,2
0.110689,0.617725,1.087575,-0.739326,1.072907,-0.729799,-0.159127,0.136104,0.158682,2
-0.034191,0.942954,0.750972,-0.49382,0.583251,-0.250273,0.08388,-0.242994,0.17355,2
0.13003,0.5778,0.542489,0.415282,0.692243,-0.790837,0.018163,-0.330056,0.104011,2
0.671732,0.254468,0.244921,1.310553,0.418936,-0.959749,0.150546,-0.017781,0.409366,2
0.855802,-0.048619,0.258334,0.554623,0.20555,-1.1649,-0.010542,0.146409,0.41233,2
0.721279,-0.066337,0.052688,0.908047,-0.015466,-1.397161,0.014209,0.437642,-0.068742,2
0.76994,-0.123978,-0.148947,2.849554,-0.716553,-1.391114,0.367615,0.052086,-0.199316,2
0.88568,-0.16931,0.043233,2.060997,-1.175053,-1.771338,0.431699,-0.331363,0.129774,2
0.981113,-0.013137,0.200005,0.581786,-0.683546,-2.035691,0.261106,-0.568656,-0.002169,2
1.001062,-0.014616,0.076801,0.160667,-0.643741,-2.74891,0.118494,-0.29091,0.058501,2
0.641348,-0.016303,0.11712,1.158785,-1.726315,-2.945838,-0.161816,0.390528,0.103419,2
0.763613,-0.202209,0.559834,0.737395,-2.95509,-4.177542,-0.589085,0.413108,0.189841,2
0.574139,-0.173201,0.464705,-0.647589,-1.938741,-5.636957,-0.378032,0.698921,0.198884,2
0.238282,-0.199721,0.678444,0.456352,-1.289968,-3.71994,-0.248395,0.506992,0.203159,2
0.264356,-0.484202,0.743736,1.009435,-0.941093,0.766929,0.049482,-0.057928,0.104939,2
0.423576,-1.106347,0.775272,0.807115,-0.809311,1.761152,0.278827,-0.178965,0.143293,2
0.20752,-1.305555,0.357661,1.711326,0.485654,3.576599,0.101122,-0.263065,-0.034711,2
-0.2845,-1.428214,-0.400892,4.7558,-2.725817,5.429818,0.020799,-0.187141,0.105289,2
-0.323401,-0.669011,-1.418314,0.915646,-0.043312,5.59541,-0.017823,-0.018806,0.11525,2
-0.175102,-0.241352,-1.455085,-1.473945,-0.517413,5.880551,-0.156112,0.164001,0.068982,2
-0.139881,0.437427,-1.770873,-2.766009,-2.202362,5.554852,-0.198694,0.046196,0.187101,2
0.32814,0.247919,-1.660346,-3.534611,-2.560302,3.845374,-0.120669,-0.042089,0.067891,2
-0.305424,-0.09899,-0.438901,-3.326985,-2.041598,2.340212,-0.266912,0.106427,0.10503,2
-0.947811,-0.661475,1.608223,-2.416699,-1.560571,1.627944,-0.240946,0.119702,0.038716,2
-1.9317,-0.110843,1.546852,-1.447796,-1.304161,1.535423,-0.188796,0.119574,0.195028,2
-2.413229,-0.572248,0.304949,-0.747319,-0.828701,1.501107,-0.002844,-0.04811,0.055123,2
-5.691154,-1.003094,-0.867001,-0.276609,-0.466242,0.85233,0.020878,0.113067,0.102814,2
-6.103703,-0.745923,0.711297,-0.015695,-0.946185,0.304797,-0.044441,0.239727,0.115513,2
-3.267658,-0.031171,2.538911,-0.269778,-1.392798,-0.270633,0.039722,0.213018,0.099921,2
-1.757669,-0.712255,3.313722,-0.553545,-1.792531,-0.809593,0.028721,0.14176,0.184859,2
-2.216478,-0.634794,1.411963,-0.616406,-2.679388,-0.578083,-0.044912,-0.104243,0.004339,2
-1.743014,-0.088478,0.581084,-0.443281,-2.861492,-0.020445,-0.214862,-0.150731,0.006584,2
-0.781245,-1.259779,0.711605,-0.195722,-2.963887,-0.161428,-0.155528,-0.313168,0.282095,2
-0.514131,-1.840086,0.33392,0.28673,-3.302045,0.225596,-0.158867,0.119593,0.033227,2
-0.188905,-1.315325,-0.057906,0.850088,-3.521585,1.242002,-0.241092,0.237603,0.096321,2
0.195167,-1.423705,-0.08784,1.259904,-2.704322,1.081786,-0.219443,0.270738,0.106053,2
0.027532,-1.948575,0.041154,1.59365,-1.93877,0.804516,-0.202486,0.147397,0.242375,2
-0.000617,-1.925224,-0.06877,1.977938,-1.466079,1.409741,0.0451,0.235078,0.166308,2
-0.253128,-1.947589,0.479223,2.11353,-0.74987,1.839746,0.014081,0.011474,-0.014175,2
0.686576,-0.253873,0.671373,2.005786,0.123638,1.962424,0.02673,-0.143008,0.121134,2
1.388819,0.200363,0.701816,2.193009,0.57337,1.828465,0.200001,0.06395,0.241412,2
1.655687,0.016373,0.590711,2.554305,0.959869,1.373609,0.195588,-0.125092,0.055278,2
1.6101,0.414464,-0.000632,2.027312,1.449265,0.465458,0.035683,-0.345027,-0.004924,2
2.031921,0.465921,-0.281347,1.488902,1.426368,-0.049627,0.071971,-0.176962,0.100755,2
1.631305,0.65392,-0.236953,1.33442,1.583744,-0.992614,0.063823,-0.201332,0.10903,2
1.436922,1.084459,-0.504626,1.303989,1.337431,-1.64202,0.016339,-0.274488,0.070243,2
1.443114,1.490673,-0.520135,1.796464,2.110172,-2.475753,0.08068,-0.165774,0.113779,2
1.53366,1.528286,-0.792725,0.367725,1.163229,-4.313436,0.158894,-0.008262,0.177027,2
0.950495,1.173043,0.327319,-1.542661,1.32394,-3.246744,0.058218,0.035109,0.118823,2
-0.08335,0.830796,0.995623,-2.782109,1.963428,-2.351439,-0.060207,0.088535,0.093977,2
-0.622797,0.503743,0.842988,-1.852924,2.830439,-0.996682,-0.180267,0.193324,0.161308,2
-0.998743,0.473572,0.500917,-0.900887,3.14154,-1.350524,-0.184726,0.335239,0.132504,2
-1.396435,0.60546,0.198577,-1.18897,4.246291,-0.48789,-0.062021,0.213758,0.108382,2
-1.566991,0.593376,-0.296757,-2.711257,3.818565,0.002729,0.090168,-0.078957,0.169375,2
-1.441561,1.370916,-1.183399,-0.998017,3.247578,2.485207,0.339496,0.060383,0.12326,2
-1.611019,1.799288,-2.158367,-1.441367,1.565378,3.307895,0.558612,-0.023316,0.088585,2
-1.491292,1.530608,-2.552975,-1.56744,1.052366,3.887658,0.383858,-0.008954,0.158184,2
0.875152,-1.185528,0.115396,-0.665499,0.151721,2.283385,0.149996,0.035892,0.250085,2
2.601054,-0.529049,1.461646,-0.598711,-0.647458,1.281282,0.083904,0.088435,0.127317,2
1.917913,2.04879,-3.566859,-0.926509,-1.377069,0.857183,0.065644,0.602591,0.137695,2
4.139085,0.159514,-1.182446,-0.626399,-2.038861,-0.027456,0.029771,0.153887,0.177279,2
2.064413,-0.381773,1.51061,-0.300203,-2.272696,-1.169587,0.136186,0.044267,0.08657,2
1.04482,0.47807,2.765809,-0.008429,-2.777939,-2.482769,0.365762,-0.197368,0.103393,2
-0.603749,0.352822,2.489182,0.179858,-2.806936,-2.890717,0.365222,-0.263506,0.067802,2
-1.213676,0.0867,1.723914,1.150663,-1.668862,-2.601022,0.136891,-0.371045,0.102335,2
-1.125167,0.659263,0.449665,1.195583,-0.058727,-1.902637,-0.167307,0.027277,0.120106,2
-1.282756,0.089245,-0.320712,1.122769,1.313228,-0.836578,-0.289134,-0.263028,0.13728,2
-1.190775,-0.411008,-0.291091,0.407639,2.141328,-0.025145,-0.267461,0.260755,0.117762,2
-0.890835,-0.458049,-1.212045,-0.323375,3.203231,0.688521,-0.210707,0.21544,0.048891,2
-0.640843,-0.262375,-1.968821,-0.439304,2.776226,1.882391,-0.106215,0.150518,0.114892,2
-0.418339,-0.839517,-1.724565,-0.831952,1.063073,3.310054,-0.132785,-0.306136,0.045354,2
1.064624,-0.57152,-0.984934,-0.873827,0.015478,3.180402,-0.138944,-0.537871,0.080079,2
1.340182,-0.583312,-0.189221,-0.073512,-0.411145,2.620767,-0.223815,-0.02414,0.135528,2
0.948572,-0.379618,0.167014,0.106293,-0.824375,1.981578,-0.218212,0.243266,0.181027,2
1.544916,1.029668,0.395317,0.412792,-1.125358,1.295268,-0.163298,0.260846,0.114366,2
1.209109,0.209532,0.423488,0.938682,-1.889683,0.188876,-0.058726,0.226545,0.187891,2
1.060331,0.290126,1.435273,0.913011,-1.947341,-0.500034,0.04083,0.017032,0.114774,2
0.455699,0.564745,1.448012,1.08312,-2.10906,-1.904773,0.08825,0.010274,0.114263,2
-0.901247,0.35182,1.615951,1.715993,-1.342805,-2.566536,0.184922,-0.067674,0.127119,2
-1.454768,-0.152501,1.519665,1.100619,-0.668627,-2.389759,0.165831,0.064166,0.15879,2
-1.063526,0.284462,0.79733,0.101698,0.212128,-1.543015,-0.141663,0.325147,0.139983,2
-1.038157,0.065028,0.169219,-1.526597,0.852472,-0.866917,-0.580233,0.491052,0.205231,2
-0.903189,-0.778862,0.779076,-1.135585,2.9981,-0.357362,-0.387893,0.2936,0.131103,2
-0.502061,-0.492018,0.186394,-0.923543,4.795769,-0.355894,-0.014397,0.090758,0.154258,2
-0.243617,0.736035,-1.533352,-2.396725,5.164433,1.500918,-0.052676,-0.129935,0.024175,2
-0.262731,1.134134,-2.299963,-2.544667,4.210022,1.947029,0.189889,-0.430787,-0.032917,2
0.368704,1.252134,-2.066359,-1.705146,3.564838,0.867083,0.19121,-0.475684,0.049614,2
0.611452,1.29931,-1.614768,-1.647633,2.888691,0.383818,-0.034908,-0.5019,0.067533,2
0.925702,1.822978,-1.607453,-2.037677,1.999754,-0.041851,-0.290909,0.055923,0.038651,2
1.701835,2.231849,-1.697699,-1.546477,1.35174,-0.054997,-0.127375,0.242954,0.148526,2
1.715524,1.95059,-1.295663,-0.310482,1.27601,0.919891,-0.004046,0.17239,0.145564,2
1.611008,1.353962,0.29237,-0.005593,1.088434,1.780593,0.13058,0.067983,0.088199,2
1.383925,1.229379,0.384363,0.15054,1.062159,1.477895,0.271967,0.003753,0.187366,2
1.458848,0.96408,1.164234,2.305306,1.055674,2.351232,0.414024,0.128011,0.084302,2
0.679759,0.170874,2.490705,3.586183,-0.043574,2.061472,0.399591,-0.250412,0.143406,2
0.458405,0.479935,1.990986,2.919509,-0.879569,1.001672,0.408387,-0.269005,0.126042,2
0.634592,0.252137,1.855851,2.347125,-1.261216,-0.209802,0.427562,0.061696,0.121737,2
0.510992,-0.188229,1.65287,2.793073,-1.732608,-1.161573,0.320923,0.01301,0.129054,2
0.449506,-0.434275,0.925441,1.771924,-1.956768,-2.33666,0.196833,0.125804,0.16188,2
0.590101,-0.759348,0.539044,0.877109,-1.640653,-2.560951,-0.013014,0.237892,0.139764,2
0.764712,-1.148291,0.296581,1.566088,-2.802617,-2.439013,-0.124504,0.276737,0.130457,2
0.41564,-1.205448,0.242247,0.872761,-2.705575,-3.096707,-0.119354,0.298061,0.194602,2
0.19609,-1.21107,0.007467,-1.059405,-1.215764,-4.16291,0.030588,-0.061648,0.073181,2
-0.01117,-1.214703,0.159531,-1.302621,-0.201882,-3.627445,0.257888,0.041765,0.228868,2
0.006137,-1.302414,0.249616,-0.007204,-0.343833,-0.144094,0.07727,-0.08102,0.027342,2
0.052561,-1.593278,0.729239,0.82031,-2.590679,4.411628,-0.043474,-0.177273,0.059993,2
-0.347403,-1.63676,0.446389,1.590724,-4.168335,4.944066,-0.041926,-0.14426,0.058499,2
-0.321232,-1.590226,-0.12545,4.54905,0.160042,-0.314726,-0.21441,-0.036424,0.074848,2
-0.373258,-1.386245,-0.67552,1.677445,-0.48625,2.84994,-0.324836,-0.024632,0.112638,2
-0.489654,-1.174955,-1.103562,-0.545579,-1.200635,4.606579,-0.396459,-0.011578,0.01822,2
-0.469642,-0.754635,-1.407943,-2.841951,-2.744646,3.375343,-0.405454,0.101855,0.112923,2
-0.770309,-0.13507,-2.041126,-3.420621,-3.136541,1.836446,-0.350449,0.172132,0.133758,2
-1.182752,-0.289063,-1.035613,-2.738198,-3.184308,1.225048,-0.19505,0.190191,0.162091,2
-3.300133,-0.055371,1.587029,-1.815069,-2.202702,1.561606,0.002165,0.129789,0.108995,2
-2.394948,0.51893,1.605201,-0.980039,-1.469297,1.442763,0.138612,0.100374,0.134129,2
-2.965182,0.333339,-0.319047,-0.474056,-1.442476,0.737457,0.079121,-0.000495,0.146228,2
-4.793038,0.206267,-3.373864,-0.373681,-1.351651,0.365043,0.001894,-0.077557,0.099357,2
-5.116179,-1.25586,-0.173605,-0.433146,-1.256191,-0.604045,0.016651,0.206722,0.101974,2
-2.419229,0.37202,3.410329,-0.400369,-1.733788,-0.728166,-0.000611,0.138429,0.088978,2
-1.149177,0.254674,4.616809,-0.369658,-2.086317,-0.420078,-0.039988,0.059888,0.137255,2
-1.363917,0.134468,2.417153,-0.268989,-2.071255,0.095035,-0.143192,-0.052012,0.070304,2
-1.484022,-0.437069,0.997936,-0.002226,-1.856068,0.493275,-0.270528,-0.03341,0.071928,2
-1.074528,-1.516878,0.852044,0.620238,-2.20085,1.165162,-0.429448,-0.046347,0.105288,2
-0.55861,-1.658844,0.265388,0.991212,-2.210671,1.845056,-0.31075,0.189296,0.110855,2
-0.338569,-1.379026,-0.218165,0.553513,-1.262446,1.539834,-0.166596,0.260024,0.143483,2
0.241994,-1.503778,0.097081,0.794966,-0.926621,1.522637,-0.151263,0.171673,0.118909,2
1.008552,-1.05162,0.648821,2.002749,-1.662746,2.278609,-0.150213,0.219225,0.149448,2
0.979213,-1.052344,0.696017,1.600722,-0.603474,1.962814,-0.074927,0.198808,0.142758,2
1.343826,-0.702929,0.134877,0.615889,0.569328,1.073382,-0.087669,0.129919,0.117738,2
1.636753,-0.280147,-0.020061,0.596985,0.940035,0.429631,-0.030515,0.102224,0.118946,2
1.224687,0.073972,-0.287085,0.921623,1.217226,-0.412326,0.115688,-0.131572,0.091841,2
1.410695,0.29899,-0.11343,0.73117,1.366273,-1.133182,0.197699,-0.157209,0.04292,2
0.782988,0.072261,-0.040835,0.643061,2.077886,-1.648101,0.225801,-0.096688,0.06729,2
0.393485,-0.173098,0.133493,0.587838,1.792771,-3.17548,0.133579,-0.157425,0.052435,2
0.439322,0.114888,-0.193451,0.255187,1.732146,-3.124038,0.159489,-0.022731,0.097736,2
0.274475,0.508794,-0.340142,0.059591,1.405112,-2.686032,0.215703,-0.234349,0.118816,2
0.153858,0.996086,-0.424239,-0.472143,2.004975,-1.469155,0.092246,-0.076493,0.208582,2
-0.029691,1.350559,-0.792971,0.475064,2.225813,-1.288324,0.103801,0.004125,0.136835,2
-0.064133,1.594133,-1.418118,2.344069,4.001013,0.584177,0.132598,0.06672,0.140247,2
0.067342,1.196173,-1.420411,-0.621514,4.743123,1.558091,-0.034913,0.151271,0.075657,2
-0.006718,1.166146,-2.178123,-0.544115,2.547211,3.039866,-0.065568,0.231198,0.121545,2
0.264069,1.338946,-2.145579,-0.090236,0.15876,2.751137,-0.041117,0.270422,0.147577,2
0.450513,1.139772,-1.621691,-1.033178,-0.355768,2.476666,0.012979,0.193132,0.086489,2
0.486444,0.576402,-0.800422,-1.526491,-0.212568,2.161891,-0.042835,-0.067072,0.125007,2
0.569188,-0.356268,0.372458,-1.364719,-0.38416,1.226253,0.159476,-0.295088,0.118773,2
1.589565,0.107243,0.924475,-1.190781,-0.586064,0.420457,0.249203,0.176398,0.080066,2
0.403785,-0.669195,1.351902,-1.052993,-0.928293,-0.195379,0.230826,-0.179393,0.156392,2
0.535176,-0.205133,1.513539,-0.830727,-1.159664,-1.32709,0.344903,-0.389208,0.127941,2
0.310365,-0.028425,2.261805,0.13298,-1.524428,-2.27062,0.28831,-0.135895,0.174507,2
-0.749835,0.065011,2.05096,0.486571,-1.452054,-2.983622,0.089087,-0.043468,0.043421,2
-0.908537,0.742146,1.529213,0.696796,-0.846097,-2.613243,0.106869,0.163029,0.305301,2
0.128539,0.964239,1.704642,0.624773,0.343263,-0.808568,-0.159926,0.312337,0.077812,2
-1.280317,0.178866,-0.146502,0.133468,1.944684,0.65095,-0.015276,0.106951,0.116964,2
-0.89588,0.04788,-1.471871,0.706555,3.131099,0.346597,0.009543,0.157335,0.215846,2
0.314655,0.256657,-1.353978,0.882609,3.796422,0.642655,-0.05069,0.05355,0.074419,2
0.224122,0.209977,-1.826707,-0.631859,2.881967,1.467507,-0.12214,-0.132862,0.092524,2
0.52758,0.542058,-1.726161,-2.050369,2.600322,1.575408,-0.188065,-0.134077,0.084829,2
0.907016,0.514203,-1.07554,-1.660157,2.157271,0.781865,-0.141448,-0.141977,0.094812,2
0.902835,0.42608,-0.616653,-1.324506,1.938065,0.506878,-0.114183,-0.031707,0.085903,2
0.750961,0.486114,-0.709524,-1.036727,1.850115,0.275737,-0.160945,0.076416,0.07459,2
1.335009,0.810281,-0.471925,-0.331233,1.773618,0.33447,-0.000543,-0.097566,0.105244,2
1.846158,1.250448,-0.562323,-0.086245,1.610924,0.166644,0.201102,-0.02356,0.100308,2
1.284017,0.885635,-0.45609,-0.261978,1.241802,0.221866,0.138591,-0.034889,0.068604,2
1.771628,0.689342,0.634408,0.16841,0.872832,0.032882,0.249144,-0.233028,0.143046,2
0.427042,0.501286,0.45467,0.77606,0.711561,0.114972,0.266819,-0.281386,0.131194,2
0.258845,0.229292,1.221897,1.223132,0.97894,0.117496,0.256616,-0.027478,0.133319,2
0.174684,-0.095771,1.514184,2.617824,0.829824,0.087909,0.20729,0.002112,0.163223,2
-0.216805,-0.440673,1.392889,2.398107,-0.281627,1.082729,0.130252,0.219099,0.129118,2
-0.396421,-0.502044,1.326024,1.569833,-0.991217,0.557551,0.06509,0.081554,0.135409,2
-0.616259,-0.24173,0.928166,0.934545,-0.995918,-0.430387,0.045986,0.10933,0.145226,2
-0.358045,-0.030103,0.693061,0.262851,-1.537306,-2.089327,-0.053247,0.028854,0.098716,2
0.040845,-0.051105,0.779119,-0.179015,-1.74243,-3.299178,-0.033927,0.156466,0.129011,2
0.121186,-0.155302,0.649257,0.155489,-1.838561,-3.036064,0.003966,0.020664,0.123744,2
0.447509,-0.442608,0.665127,0.283435,-1.469002,-2.19825,0.060253,0.089064,0.086845,2
0.357174,-0.608784,0.364031,0.850333,-1.350342,-1.832,0.079272,0.109033,0.142388,2
0.243555,-0.808847,0.430676,1.622375,-1.743192,-0.809869,-0.012371,0.097166,0.076688,2
0.332258,-0.891195,-0.051834,1.518499,-2.354719,2.386597,-0.116879,0.043365,0.122858,2
0.590751,-0.916817,-0.620634,0.903907,-2.666861,3.029973,-0.127936,0.149045,0.120658,2
0.304162,-1.033738,-0.426276,1.155168,-2.137249,1.96504,-0.205917,0.034587,0.10599,2
0.235089,-0.782371,-0.98743,0.721672,0.501741,2.244588,-0.298357,-0.073473,0.148042,2
0.284479,-0.806867,-1.288906,0.418974,-0.273948,1.489179,-0.223662,0.164209,0.136253,2
0.090367,-0.73486,-1.536119,-1.041626,-1.000622,2.562243,-0.199224,0.020313,0.105849,2
-0.305196,-0.620499,-1.710433,-1.889108,-2.066466,3.145258,-0.08153,-0.046941,0.115969,2
-1.043217,-0.635062,-0.269011,-2.611788,-1.752607,2.433062,-0.028148,0.02055,0.10811,2
-2.240222,-0.33835,2.625456,-2.321088,-1.242178,1.878176,-0.015548,-0.116344,0.073332,2
-1.737045,1.628046,1.308942,-1.398674,-0.786667,1.508952,0.055268,0.005566,0.104137,2
-1.590949,0.843516,-4.899451,-0.848653,-0.454579,0.964293,0.005573,-0.041595,0.119325,2
-4.012656,-3.032266,-2.360178,-0.475252,-0.288923,0.795268,-0.064871,0.040827,0.093204,2
-4.392707,-0.4692,2.74582,-0.192382,-0.599784,0.682487,-0.053853,0.079903,0.114368,2
-3.301897,0.739853,4.511924,0.087427,-0.88038,0.064794,-0.049257,0.017188,0.097795,2
-2.003997,0.098256,2.839235,-0.159316,-1.012871,-0.538676,-0.006074,0.010134,0.145749,2
-2.151254,-0.207036,1.605521,-0.722859,-1.662329,-0.64302,-0.0343,0.103565,0.093995,2
-2.240493,-0.439946,1.038444,-0.92488,-2.56492,-0.13084,-0.10565,0.229218,0.105926,2
-1.439405,-0.106688,0.831985,-0.597099,-3.020432,0.425438,-0.191856,0.057076,0.073488,2
-1.138103,-0.850201,0.652204,-0.63527,-2.64897,0.809636,-0.127286,0.024038,0.184,2
-1.323185,-1.379662,0.27203,-0.433615,-2.864311,1.391645,-0.16195,-0.071098,0.125661,2
-0.708089,-1.300964,0.271697,0.250787,-3.104783,1.871282,-0.089317,0.072496,0.104683,2
-0.01762,-1.349123,0.312828,0.296854,-2.231695,1.841509,0.037042,0.01416,0.085043,2
0.468322,-1.891534,-0.014454,0.522056,-1.899058,1.728849,0.121409,-0.071016,0.12923,2
1.160583,-0.598278,-0.113241,1.449245,-2.072524,1.634966,0.188651,0.06593,0.081406,2
1.325769,-0.552446,0.053672,1.810154,-1.512334,1.39576,0.115272,-0.111188,0.102853,2
1.40839,-0.502742,-0.203246,1.623769,-0.379198,1.028886,0.023937,-0.112809,0.073497,2
1.645576,0.08687,-0.436655,1.64112,0.298937,0.511816,0.021829,0.034878,0.127452,2
1.304806,-0.078903,0.040124,1.822596,0.506637,0.121082,-0.042357,-0.039359,0.102921,2
0.940536,0.028417,-0.143576,1.92772,0.733281,0.310098,-0.16968,-0.042749,0.109683,2
0.797535,0.020761,-0.271581,1.543641,1.125496,-0.00187,-0.160376,0.259313,0.121933,2
1.06795,-0.149544,-0.104497,1.171586,1.276727,-0.179749,-0.128044,0.241922,0.129867,2
0.779153,-0.133824,-0.015927,1.397478,1.446694,-0.780639,-0.074056,0.04256,0.087569,2
0.424212,0.06272,-0.241133,1.282407,1.294317,-0.986535,-0.004605,-0.132883,0.070857,2
0.747363,0.187526,0.341938,0.763494,1.121128,-1.382107,0.132932,-0.432893,0.118181,2
-0.004813,0.194057,0.303566,0.363139,0.871987,-2.584465,0.160725,-0.33982,0.114602,2
-0.022762,0.505733,0.347646,-0.181252,0.732206,-3.450103,0.034896,-0.093958,0.071449,2
-0.264144,0.617007,0.463689,-0.218242,1.216227,-3.086487,0.058477,0.163228,0.104243,2
-0.662122,0.443801,0.549947,-1.176237,2.217141,-1.691914,-0.038415,0.157371,0.142397,2
-0.605244,0.208444,-0.192281,-2.312193,2.986144,-0.908801,-0.219027,0.117245,0.145226,2
-1.201617,0.151781,-0.878871,1.329897,4.819924,1.337005,-0.258244,0.110905,0.112919,2
0.714074,0.13841,-0.099541,-1.728816,3.044085,-1.096918,-0.251119,0.023781,0.07619,2
-1.173761,-0.412201,-1.149632,-2.125519,1.918175,0.199057,-0.258049,0.084038,0.106657,2
-0.604744,0.57569,-1.515383,-0.598329,1.592248,3.944008,-0.141752,-0.473974,0.165833,2
-0.776794,0.76169,-1.968834,-1.127222,0.604839,3.227739,-0.057978,0.335712,0.1408,2
0.831701,1.043352,-0.567072,-0.692197,-0.231215,2.569703,0.118117,0.222048,0.138366,2
2.087775,0.794786,1.142128,-0.860961,-0.761366,2.37995,0.150047,0.322469,0.196103,2
0.512207,0.964333,-0.783638,-0.989783,-0.935268,1.421492,0.169864,0.153905,0.180276,2
2.280835,1.735795,0.190775,-0.570968,-0.836968,0.246989,0.326353,0.155855,0.167879,2
2.128309,1.760888,1.164794,-0.112963,-0.950818,-0.97395,0.458312,-0.023658,0.09678,2
0.671844,0.962229,1.256705,0.444254,-1.360914,-2.123765,0.506925,-0.006007,0.159282,2
-0.61543,0.998649,1.235745,-0.011798,-1.573029,-2.582398,0.373535,-0.086979,0.098215,2
-1.161158,0.761475,1.434752,-0.064989,-1.399346,-2.43786,0.34426,-0.145269,0.153646,2
-0.958153,0.626454,0.897774,-0.365884,-0.430066,-1.546574,0.251275,0.041994,0.108596,2
-0.741537,0.508309,0.212154,-0.749945,1.398392,0.9959,0.056812,0.375387,0.163749,2
-0.766258,-0.124149,0.054653,-0.434915,3.347332,1.094102,-0.110309,0.267704,0.15293,2
-0.560573,-0.208913,-0.922106,0.701939,5.079045,-0.307062,0.014947,-0.036107,0.093537,2
-0.454847,0.010833,-1.501755,-1.904026,4.067512,0.332915,0.060996,-0.045951,0.150456,2
-0.2028,0.342247,-1.635603,-3.179171,2.786137,1.01223,-0.006825,-0.248297,0.007801,2
0.001258,0.602321,-1.362915,-2.357254,2.303388,0.866037,0.1148,-0.326979,0.058313,2
0.043021,0.889087,-1.66928,-2.30626,1.668013,-0.731339,0.095221,-0.39169,0.123525,2
0.856956,1.615729,-2.070791,-1.696174,1.456375,-0.874525,-0.033201,-0.044247,0.137835,2
1.670293,1.629189,-1.448886,-1.794117,1.398381,-0.470133,-0.110283,0.205538,0.06561,2
1.586761,0.949398,0.000712,-1.386971,1.796721,-0.211239,-0.143407,0.145038,0.110207,2
1.105029,0.738041,0.796332,-0.439622,2.255245,0.059771,-0.244503,0.245189,0.14297,2
0.872264,0.746004,0.813712,1.310876,2.394663,1.009065,-0.193255,0.10795,0.140542,2
1.33338,0.721709,1.36505,1.866867,1.86565,1.089782,-0.022219,0.029039,0.158756,2
0.999187,0.462442,1.047134,1.799784,1.343048,0.342766,0.007612,-0.033134,0.11981,2
0.759254,0.200709,1.16428,2.809166,0.443529,0.300595,-0.019042,0.024952,0.067705,2
0.395267,0.034313,1.282015,3.698915,-0.748044,0.39289,0.014478,-0.102028,0.158035,2
0.408281,-0.035956,1.053167,3.194769,-1.047294,-0.92435,0.024396,-0.137662,0.124109,2
0.493845,-0.394403,0.984171,2.514465,-1.005002,-1.565157,0.055315,0.062401,0.116182,2
0.612655,-0.76658,1.253182,1.872608,-0.861468,-1.523578,0.111139,0.185361,0.164214,2
0.427746,-1.025592,1.247885,1.22262,-1.269431,-2.370221,-0.019717,0.162503,0.117565,2
0.309923,-0.959019,0.990637,0.984865,-1.746214,-2.920836,-0.037684,0.141806,0.148509,2
0.324449,-0.976535,0.9194,0.729235,-1.694671,-2.496404,-0.062539,0.122955,0.182684,2
0.32332,-1.167369,0.775163,1.023447,-1.805033,0.534743,-0.042791,0.174777,0.082546,2
0.089984,-1.286821,0.337003,0.730596,-2.875285,4.176359,0.023765,0.167972,0.074466,2
0.280183,-1.485111,-0.339454,0.811112,-3.072305,3.94731,0.141046,-0.01835,0.131833,2
0.134768,-1.254529,-0.845962,4.02234,-0.851135,-0.000317,0.067515,-0.248074,0.023629,2
-0.152197,-0.871615,-1.234194,1.622555,-2.063779,2.55772,-0.020248,-0.267203,0.07679,2
0.043984,-0.015054,-2.729527,-0.921276,-2.126185,4.89597,-0.127044,-0.171374,0.060265,2
-0.007186,-0.714152,-1.112422,-2.761665,-2.857997,3.274323,-0.171688,-0.117971,0.07817,2
-0.677008,0.060582,-0.895835,-3.297779,-3.040439,1.67345,-0.142895,0.06175,0.124897,2
-0.657683,-0.102566,-0.880344,-2.93583,-2.36855,1.339424,-0.103153,-0.001097,0.128512,2
-2.147801,-0.891022,1.5484,-2.0892,-1.266245,1.455048,-0.038639,-0.014715,0.096507,2
-2.392341,-0.70127,2.892118,-1.377343,-0.803153,1.250696,-0.028578,-0.093604,0.070866,2
-2.666063,0.171382,1.228222,-0.784755,-0.929892,1.088576,0.021516,-0.082501,0.060388,2
-4.38093,0.908789,-3.779462,-0.529697,-0.845023,0.962139,-0.002926,-0.032313,0.119824,2
-5.571553,-2.282926,-1.802628,-0.44557,-1.169162,0.740458,-0.064167,0.106845,0.101893,2
-3.13697,-1.258251,1.251779,-0.392427,-1.490942,0.155652,-0.104993,0.17954,0.11537,2
-1.195614,-0.027725,3.339928,-0.655713,-1.68444,-0.301243,-0.078939,0.284141,0.143434,2
-0.88124,-0.197735,2.475446,-1.085812,-2.128306,-0.223605,-0.228757,-0.033059,0.124204,2
-1.047411,-0.061197,0.643428,-1.018563,-3.108189,0.201534,-0.222902,0.010333,0.08416,2
-0.96948,-0.732247,0.122142,-0.621568,-3.467581,0.353585,-0.196605,-0.149945,0.083771,2
-0.218029,-0.863811,0.38645,-0.283369,-2.881515,0.783351,-0.148667,-0.099435,0.065393,2
-0.060213,-0.745823,0.442514,-0.05283,-2.458943,1.213164,-0.037158,-0.160002,0.107744,2
0.036138,-1.062918,0.267552,0.640187,-3.049408,2.407416,0.074853,-0.082601,0.120605,2
0.543228,-0.735374,0.344022,1.329196,-2.080705,2.337687,0.020863,0.127322,0.091148,2
0.519002,-0.864937,0.294132,1.831924,-1.343262,2.136714,-0.000441,0.062758,0.168286,2
0.607505,-0.917294,0.141616,1.820644,-0.270596,2.268949,0.036866,0.079597,0.142247,2
0.962467,-0.507358,0.078067,1.801238,0.629951,1.383956,0.045595,0.042535,0.084839,2
0.752265,-0.502132,-0.085241,1.990627,0.755606,0.04932,0.02716,0.0258,0.08314,2
0.690171,-0.16005,-0.394069,2.0039,0.766555,-0.823073,-0.021333,-0.037264,0.096751,2
0.556229,0.214867,-0.56537,1.665451,1.097114,-1.858119,-0.03074,-0.030692,0.143283,2
0.729286,-0.007864,-0.567681,1.61645,1.158339,-2.575083,-0.048285,-0.027155,0.080837,2
0.375123,-0.047046,-0.000555,1.185253,1.153493,-3.040336,-0.138648,-0.02752,0.103734,2
0.258609,-0.136399,0.431887,0.53692,1.079084,-3.393541,-0.238752,0.099829,0.169649,2
0.350163,0.174984,0.812632,-0.316442,1.620616,-3.880416,-0.282435,0.226058,0.154403,2
-0.228254,0.08841,1.016783,-0.991254,2.516543,-3.273311,-0.354148,0.224837,0.183789,2
-0.346602,0.060652,1.220418,-0.683281,3.867156,-1.639907,-0.507272,0.333242,0.1466,2
-0.377579,0.420192,0.429879,1.100174,5.196057,0.220664,-0.381155,0.110091,0.127769,2
-0.653718,0.295178,-0.201122,0.107284,4.504682,1.306034,-0.277868,0.145728,0.074539,2
-1.165909,0.492445,-0.686615,-0.588759,2.990985,2.54239,-0.119099,-0.092392,0.124784,2
-1.164952,0.844501,-1.284205,-0.697251,1.293317,2.596631,0.169622,-0.283019,0.123585,2
-0.452076,1.314914,-1.468468,-1.029436,0.498592,2.785357,0.422674,-0.031363,0.140993,2
-0.120907,1.226592,-1.645335,-0.60108,0.684937,3.191774,0.535062,-0.080021,0.13052,2
1.506268,0.121545,-0.490947,-1.232382,-0.114149,2.166631,0.692109,0.142926,0.140397,2
2.902145,0.599247,0.328321,-1.403952,-0.333902,1.098215,0.761623,-0.108958,0.135098,2
-0.233878,-0.023389,-0.940068,-0.302798,-0.048957,0.479905,0.790785,-0.081964,0.085158,2
2.52452,-0.053828,-0.307967,-0.864907,-0.481532,-0.734375,0.618809,-0.183332,0.188394,2
1.879807,0.374142,1.07056,-1.109581,-1.320034,-2.21703,0.502646,-0.225944,0.13086,2
-0.261835,1.143443,1.406056,0.199346,-1.978239,-3.117318,0.379429,-0.105996,0.124562,2
-1.258204,1.51037,1.242688,0.854502,-2.068469,-3.380112,0.365779,0.030691,0.161935,2
-0.723866,1.601238,0.824202,-0.065249,-1.183012,-2.468083,0.140018,0.125252,0.094754,2
-0.110159,1.111095,0.465884,-1.261822,0.138181,-0.655715,-0.031908,0.004965,0.136909,2
-0.615875,-0.200726,0.175231,-1.492858,2.549704,2.090274,-0.156592,0.044208,0.15695,2
-0.48016,-0.551678,-0.168159,0.205032,3.611763,-0.752415,-0.113881,0.037736,0.103032,2
-0.075486,0.133275,-1.324349,0.570795,5.100648,0.57008,-0.045233,0.185236,0.099433,2
-0.223674,0.347865,-1.817597,-1.712372,4.344303,1.449047,-0.12906,0.077849,0.133211,2
0.460542,0.797487,-1.779473,-0.320719,3.660102,2.193619,-0.300098,-0.202084,0.032056,2
0.508259,0.647635,-1.321029,-0.958109,2.552579,0.932416,-0.346387,-0.007595,0.090021,2
0.751727,0.57424,-0.958855,-1.884613,1.889264,0.079785,-0.618353,-0.052403,0.13002,2
0.724528,0.413076,-1.21922,-1.172358,1.475343,-0.086465,-0.562007,0.167773,0.195862,2
1.583409,0.372288,-0.589582,0.525758,1.364111,0.73087,-0.38306,0.278895,0.132924,2
2.027015,0.326032,-0.277383,0.141279,1.227491,0.694504,-0.116273,0.340369,0.142285,2
0.885344,0.057422,0.326399,0.414126,1.120792,0.220843,0.098305,-0.090669,0.201349,2
0.491823,0.00941,1.535626,1.639832,0.517664,0.395437,0.120016,-0.073661,0.051089,2
0.375475,0.119787,1.531584,2.249033,-0.142494,0.631282,0.094676,-0.252387,0.084182,2
0.206388,0.175591,1.186172,1.575609,-0.304924,-0.165164,0.094234,-0.245504,0.154678,2
0.047436,0.003334,1.113334,1.549789,-0.7625,-0.590467,0.21505,-0.100145,0.097726,2
0.066391,-0.306027,0.960907,1.501394,-1.086917,-1.167794,0.261978,0.097685,0.156465,2
-0.008101,-0.70021,0.733902,1.606222,-1.223668,-1.752725,0.122079,0.119592,0.104705,2
-0.133079,-0.716841,0.54038,1.574997,-1.204412,-1.499072,-0.006302,0.102366,0.143867,2
0.191733,-0.754935,0.599468,1.878072,-2.029074,-1.142416,0.016929,0.032745,0.087039,2
0.472982,-0.805358,0.517057,0.984814,-2.173497,-1.884391,0.059617,-0.006522,0.090552,2
0.006825,-0.646345,0.592495,-0.148614,-1.553805,-2.654852,0.01693,-0.090649,0.104355,2
0.04017,-0.790609,0.819012,-0.390911,-1.05443,-2.408267,0.062531,-0.01987,0.121406,2
0.150579,-0.772289,0.652863,0.10497,-1.326689,0.071396,0.151378,0.022786,0.093473,2
0.087185,-1.022526,0.7598,-0.111559,-1.908327,2.962385,-0.002226,-0.06595,0.08025,2
0.144902,-1.091714,0.175208,0.070152,-2.913471,4.057846,-0.05893,0.004269,0.064939,2
0.408592,-0.951022,-0.453979,2.660654,-1.004408,-0.328967,-0.19455,-0.075804,0.088318,2
0.315393,-0.797944,-0.539618,1.446075,-1.769014,1.887384,-0.286797,-0.047884,0.10393,2
-0.019395,-0.66309,-0.867218,-0.426483,-0.838695,4.489854,-0.301499,0.053113,0.102729,2
-0.379784,-0.18769,-0.944903,-2.288399,-1.56406,4.183205,-0.228543,-0.022977,0.095049,2
-0.499102,0.548752,-1.482529,-3.000636,-2.341858,2.547873,-0.122314,-0.032295,0.14268,2
-1.251482,0.215467,-0.348328,-2.675592,-2.432702,1.378326,-0.02255,0.060973,0.089841,2
-3.229303,0.103997,2.649731,-2.054688,-1.62273,1.060818,-0.00393,0.030463,0.115458,2
-1.423791,1.007454,0.367018,-1.323443,-0.937912,1.107929,0.064745,0.101638,0.124096,2
-1.955003,0.141154,-5.798342,-0.617147,-0.453454,1.178038,0.086646,0.078715,0.129681,2
-5.16336,-2.982162,-1.583384,-0.08837,-0.334467,0.736156,0.022776,-0.017616,0.080922,2
-4.35167,-0.24752,2.176101,0.104037,-0.583865,-0.095119,0.013174,0.052228,0.089976,2
-2.480151,-0.059226,3.91778,-0.044628,-1.015504,-0.42891,0.005505,0.092973,0.127158,2
-1.711386,-0.797028,2.147473,-0.357641,-1.3655,-0.494022,0.012458,0.10337,0.14059,2
-1.921765,-0.049505,0.513733,-0.540911,-1.778618,-0.600239,-0.131138,0.047201,0.067768,2
-1.487355,-0.950182,0.560997,-0.177418,-2.594378,-0.255216,-0.178282,-0.058454,0.0741,2
-1.340413,-1.985717,0.22954,0.121142,-2.667862,0.601202,-0.121987,-0.130078,0.104736,2
-0.474427,-0.737794,0.02571,0.169942,-1.830005,0.958791,-0.055532,-0.073572,0.045078,2
0.015378,-0.886572,0.5406,0.289711,-1.569525,0.961848,0.017639,-0.013593,0.177751,2
0.652151,-1.666984,0.723577,0.547877,-2.007955,1.299112,0.06731,0.131566,0.114709,2
0.818,-0.779356,0.28725,0.817086,-1.916351,1.741805,0.022903,0.057938,0.101915,2
0.944659,-0.956819,0.070352,0.717732,-1.398368,1.41796,0.025075,-0.033127,0.148486,2
1.173648,-0.788027,0.171014,1.215182,-1.332452,1.509857,-0.028631,-0.120478,0.057181,2
1.151324,0.260354,0.086235,1.92593,-1.064908,1.937985,-0.103671,-0.152501,0.108201,2
1.024733,0.133246,0.111446,1.058864,-0.32248,1.464512,-0.023094,-0.060105,0.19593,2
1.330109,0.516852,0.233783,1.238088,0.101276,1.492043,0.05457,0.062369,0.154007,2
1.402985,0.590251,0.29357,1.946025,0.53476,1.054319,0.186126,0.237187,0.098536,2
1.177972,0.366754,0.182016,1.588238,1.010084,-0.131948,0.238638,0.053731,0.080233,2
0.857239,0.225867,0.212252,1.382863,1.143963,-1.331521,0.236485,-0.115618,0.025751,2
0.462739,0.298904,0.217827,1.764036,1.337556,-2.3606,0.279895,-0.077471,0.096755,2
0.451666,0.299945,0.15678,2.020134,1.276494,-3.216591,0.157096,-0.262523,0.021269,2
0.329307,0.257573,0.410006,0.977695,0.922897,-3.618567,0.083179,-0.158017,0.092424,2
-0.041332,-0.016648,0.447856,-0.10527,1.387886,-3.49192,-0.032842,0.274724,0.130895,2
-0.122068,0.136521,0.035718,-2.670715,2.185261,-1.706285,-0.184058,0.329626,0.160798,2
-0.331827,0.173038,-0.128096,-2.224052,3.057274,0.387639,-0.333544,0.411158,0.16613,2
-0.529526,0.002773,-0.931718,0.188987,5.308804,2.135748,-0.524466,0.464743,0.168489,2
-0.496547,-0.458654,-0.664332,-1.078551,4.638487,1.851713,-0.517846,0.193218,0.13637,2
-0.377909,-0.028873,-0.921166,-1.639572,1.983377,3.064912,-0.427049,-0.047608,0.138491,2
-0.456275,0.882394,-1.372711,-1.008046,0.385901,3.188773,-0.28001,-0.057462,0.157719,2
-0.173681,1.715291,-1.652175,-0.730316,-0.496368,2.085446,-0.13324,0.121187,0.123728,2
0.451587,1.260861,-0.530103,-0.801942,-1.159395,1.224076,0.10219,0.25149,0.192212,2
1.072058,0.547667,1.140524,-0.166839,-0.900782,0.327209,0.185676,0.117267,0.178926,2
1.258777,1.191317,-0.535,0.342713,-1.103445,-1.236686,0.330343,0.083394,0.137245,2
2.449435,1.166539,0.667124,-0.165495,-1.422598,-1.591542,0.565266,0.042649,0.143875,2
1.84337,1.22175,1.151203,0.086546,-1.103592,-2.718322,0.530349,-0.240665,0.09667,2
0.405299,0.984038,0.970019,-0.512885,-1.36363,-3.79808,0.528961,-0.227921,0.09617,2
-0.998612,1.243724,0.547628,-1.485206,-0.86318,-2.748998,0.372567,-0.079461,0.133609,2
-2.126413,0.274759,1.112245,-3.222674,0.137451,-1.419381,0.243419,-0.068286,0.073672,2
-1.718733,0.49561,0.424912,-1.806957,2.299636,2.044286,0.317576,0.141312,0.108354,2
-0.734415,0.543127,-0.312744,-0.118416,3.739136,1.358695,0.217033,0.050957,0.083061,2
-0.702609,-0.914987,0.245637,-0.13139,4.54003,-1.436007,-0.010349,-0.3473,0.086932,2
-0.150215,-0.163743,-0.997689,-1.986397,3.39736,1.973451,-0.178353,-0.089519,0.093541,2
0.091597,0.895542,-2.273921,-1.224722,2.50788,3.514844,-0.306029,0.098766,0.109375,2
0.572291,0.839936,-1.807508,-0.358915,1.666171,2.221989,-0.296915,0.200772,0.161657,2
0.359463,0.694275,-1.02341,-1.119239,0.863511,0.808894,-0.215695,0.250795,0.146191,2
0.01107,0.766089,-0.823266,-0.809775,1.184374,0.587566,-0.080564,0.356405,0.129344,2
0.446449,1.18711,-0.93727,0.573697,0.763579,1.069131,0.072041,-0.056816,0.112741,2
1.485489,1.778599,-1.186197,0.385285,0.606663,0.569983,0.207973,-0.046619,0.17469,2
2.162895,1.209691,0.933947,-0.302772,0.769309,0.058166,0.132409,-0.216471,0.060462,2
2.061793,0.807594,1.866449,0.378472,0.726686,-0.101708,0.092074,-0.009533,0.087716,2
1.595341,1.09156,1.218108,0.220864,-0.000117,-0.67345,0.04754,-0.065312,0.139653,2
1.59597,1.177596,1.106269,0.180267,-0.123468,-0.482908,-0.065391,0.045897,0.130265,2
1.010877,0.732489,1.249136,1.000251,0.583804,-0.207467,-0.087538,0.107381,0.123439,2
1.024449,0.447565,0.671115,1.678216,0.604393,-0.636411,-0.093213,-0.010092,0.171195,2
1.060653,-0.000157,0.607741,2.113285,0.410897,-0.626986,-0.05396,-0.115623,0.10124,2
0.897437,-0.383823,0.599616,1.449489,0.50408,-0.715701,0.084904,-0.013104,0.083027,2
0.583235,-0.884448,0.462941,1.494799,0.613729,-0.54352,0.040423,-0.085011,0.099176,2
0.409729,-1.016374,0.437983,2.051832,0.565781,-0.60579,0.024522,0.079152,0.142317,2
0.001234,-1.153331,0.24585,1.853343,0.461242,-0.701735,0.040138,0.118638,0.120076,2
-0.196433,-1.390254,0.362445,1.586911,0.61017,-1.428686,0.120917,0.003341,0.051035,2
-0.439345,-1.354785,0.379844,1.994612,-0.594495,-1.273396,0.144295,-0.17347,0.151376,2
-0.32208,-1.267693,0.432675,2.197461,-2.176863,-1.080222,0.050385,-0.044814,0.132978,2
-0.538236,-1.234363,0.822874,0.027264,-1.132341,-2.649384,0.006065,0.041072,0.119797,2
-0.580503,-0.692077,0.636993,-1.248747,-0.426038,-3.930213,0.011221,0.2716,0.197529,2
-0.179372,-0.66606,0.897157,-0.661647,-0.850519,0.110916,-0.03124,0.09287,0.163084,2
-0.411842,-0.629296,0.627537,1.247447,-3.735971,4.297996,0.10755,0.226326,0.162548,2
-0.552524,-0.783046,-0.02091,1.313978,-0.731367,2.343952,0.04237,-0.026148,0.093225,2
-0.540799,-0.742249,-0.775136,3.833262,-2.87309,2.048547,-0.080645,-0.165443,0.130884,2
-0.319884,-0.637512,-1.495667,0.945949,-2.54383,4.700037,-0.011748,-0.163725,0.071147,2
-0.412925,-0.665346,-1.523228,-1.754243,-2.311811,4.660927,0.015623,-0.239301,0.026838,2
-0.562732,0.086332,-1.858791,-3.21962,-1.688051,2.693026,-0.047457,-0.208539,0.110266,2
-0.806412,-0.032654,-1.87849,-2.920829,-1.864488,1.379841,-0.168271,0.028493,0.138352,2
-2.354164,-1.07809,1.996401,-2.286816,-1.261929,1.333085,-0.209901,0.211726,0.064298,2
-1.617295,-0.65668,2.910675,-1.53072,-0.665419,1.592686,-0.176749,0.166253,0.124738,2
-2.287054,0.142035,-0.019882,-0.901709,-0.726306,1.314966,-0.129099,0.199545,0.134857,2
-4.873539,0.759458,-3.423304,-0.593713,-1.073615,0.817042,-0.148532,0.099853,0.117736,2
-5.902285,-0.495926,-1.081526,-0.749022,-1.201934,0.1991,-0.112541,0.038084,0.090658,2
-2.765879,-0.055754,1.379574,-0.94069,-1.58283,-0.411008,-0.119003,-0.046916,0.05938,2
-0.768275,-0.894037,3.688361,-1.248531,-2.262274,-0.799131,-0.002103,0.091486,0.07476,2
-1.250767,0.394295,2.495447,-1.346095,-2.854453,-0.414491,-0.035853,0.060869,0.118587,2
-1.57027,0.290832,0.964561,-1.072297,-3.504934,0.043439,-0.127417,0.068022,0.091374,2
-1.29313,-1.145496,0.497949,-0.93533,-3.370339,0.441237,-0.145055,-0.093069,0.111728,2
-0.773224,-1.213508,0.425473,-0.515577,-3.376663,0.830594,-0.167399,-0.028929,0.084123,2
-0.433916,-1.15499,0.517827,0.001463,-3.02317,1.311316,-0.154567,0.095097,0.123274,2
-0.52923,-1.45968,0.325336,0.205344,-2.203501,1.745209,-0.098487,0.0072,0.134446,2
-0.045206,-1.407155,0.186789,0.748511,-1.77098,1.889715,-0.050796,-0.047462,0.118849,2
0.25343,-1.174394,0.337324,0.869586,-1.131741,2.165889,-0.060182,-0.039673,0.098171,2
0.445788,-1.425991,0.221814,1.190157,-0.513748,2.589116,-0.155816,-0.105048,0.115072,2
0.891337,-0.863143,0.171465,1.644136,0.139168,2.469245,-0.182897,-0.048867,0.107268,2
0.898656,-0.57377,0.005569,1.639401,0.824975,1.886885,-0.228233,0.047994,0.15831,2
1.264324,-0.621193,0.237088,1.712289,1.11063,1.253893,-0.221592,0.127492,0.135589,2
1.261162,-0.125484,-0.001102,1.980298,1.170921,0.214684,-0.071049,0.157875,0.108762,2
1.164422,0.315296,-0.585541,1.112872,1.386037,-0.903491,0.0626,0.133551,0.138996,2
0.77375,0.865406,-1.248724,1.063546,0.899544,-1.752641,0.000728,0.027046,0.099353,2
0.270553,1.179993,-1.103099,0.937669,0.513564,-2.787594,0.138633,0.091988,0.146353,2
0.44299,0.511418,-0.261565,0.849119,0.092806,-3.62134,0.253241,-0.095231,0.088836,2
0.631465,0.307661,0.236158,0.264271,0.589286,-3.251855,0.165926,-0.166344,0.073878,2
0.324289,0.118013,0.901089,0.328801,1.611611,-2.252492,0.159596,-0.087696,0.138673,2
-0.141428,-0.108531,1.74341,0.980317,2.689272,-0.926706,0.24358,-0.059339,0.104709,2
-0.600292,0.06979,1.064668,0.52068,2.935483,-1.320981,0.391119,-0.031662,0.076125,2
-0.820723,0.127153,0.986378,1.068011,3.465767,-1.315195,0.406445,-0.101556,0.124434,2
-0.958827,0.224991,0.200452,1.16256,4.085939,0.910197,0.287749,-0.024612,0.085464,2
-0.682935,0.470219,-0.941756,-1.357814,3.084754,1.591691,0.286431,-0.066192,0.096767,2
-0.43975,0.433948,-1.257788,-0.773989,2.100008,2.850023,0.092221,0.185243,0.122108,2
0.35679,0.847094,-1.677988,-0.791921,1.010545,3.061493,-0.156693,-0.273031,0.185431,2
0.723235,0.355639,-1.28252,-0.925747,0.198435,2.476947,-0.260513,0.051069,0.168601,2
1.69022,0.666081,-0.534383,-1.117896,-0.289001,1.663277,-0.278274,0.231725,0.171046,2
1.749056,1.736766,-1.287723,-1.016903,-0.615914,-0.017227,-0.135614,0.19303,0.145123,2
2.249056,2.063335,-2.87976,-0.207496,-0.858945,-0.661285,0.038485,0.189239,0.161525,2
2.221582,0.254268,0.722122,-1.008876,-1.097693,-1.757472,0.091132,0.016938,0.118234,2
-0.31287,-0.139614,2.804548,-0.629434,-1.001629,-2.310263,0.318315,-0.157022,0.086464,2
-0.569395,0.672541,1.652314,-1.1725,-0.793141,-2.333763,0.365135,-0.165611,0.129337,2
-0.531121,0.640844,0.729258,-2.420384,-0.186407,-1.451952,0.217191,0.054155,0.10137,2
-0.818031,-0.036084,0.779278,-0.396891,1.501393,0.368811,0.098064,0.294515,0.163358,2
-0.608016,-0.436829,0.51173,0.537531,2.281774,0.797373,-0.08118,0.340789,0.147786,2
-0.448663,-0.174186,-0.384443,1.728258,3.438824,-1.040336,-0.127023,0.128205,0.133193,2
-0.201334,0.182332,-1.005267,1.054367,3.544729,0.963935,0.031214,0.110193,0.161056,2
-0.205082,0.47132,-1.313972,0.544977,2.502915,3.255902,0.010809,-0.074448,0.121978,2
-0.043396,0.503921,-1.077558,-0.799341,1.821188,2.287729,0.071828,-0.137956,0.053191,2
0.050146,0.61804,-0.734341,-0.508582,1.09457,1.262422,0.154676,-0.244803,0.116618,2
0.129639,0.544908,-0.745422,0.025723,1.139462,0.914946,0.205176,-0.182255,0.106219,2
1.546363,1.434264,-1.550334,-0.302734,1.44062,0.552011,0.253349,-0.13793,0.101592,2
2.395652,0.67304,-0.935012,-0.237859,1.692745,0.24361,0.181803,0.065837,0.127523,2
1.244857,-0.155503,0.43459,0.25374,1.610232,-0.055582,0.021165,-0.169564,0.127816,2
1.283211,-0.030345,1.022104,-0.256333,1.326688,-0.738268,0.090559,-0.024537,0.094516,2
1.033029,0.277333,0.686025,-0.12009,1.101894,-0.890944,-0.068876,0.083394,0.181046,2
1.004846,0.276054,0.585723,0.834017,0.964008,-0.797005,-0.183649,0.09917,0.130366,2
0.84617,-0.082072,0.655369,1.396148,0.715902,-0.786573,-0.126306,0.122284,0.200862,2
0.29646,-0.194288,0.410019,1.209726,0.446317,-0.696611,-0.080034,0.259317,0.138899,2
-0.059661,-0.194215,0.33387,1.721994,-0.211131,-0.558429,-0.060266,0.113431,0.149673,2
0.324876,-0.382253,0.409668,1.213394,-0.820034,-0.726042,0.117041,0.289575,0.183203,2
-0.158481,-0.313407,0.417683,0.915896,-1.251907,-0.721809,0.276728,0.036952,0.089795,2
-0.196963,-0.360348,0.328257,1.844346,-2.490031,-0.229598,0.346774,-0.122633,0.11746,2
-0.010211,-0.360828,0.257814,1.166364,-2.415758,-0.990156,0.392306,-0.085377,0.112759,2
0.233169,-0.599942,0.407824,0.420976,-2.22062,-2.095195,0.290139,-0.347919,0.05153,2
0.143877,-0.747502,0.471066,0.491085,-2.330353,-1.723599,0.22317,-0.343644,0.090126,2
-0.11855,-0.823387,0.383618,0.652114,-1.959788,-0.496213,0.129237,-0.160402,0.073168,2
-0.042264,-0.914305,0.074712,0.602223,-2.017347,0.961387,0.034135,-0.069812,0.064327,2
-0.156246,-0.965109,-0.371688,0.102838,-1.414597,2.183827,-0.088063,-0.040049,0.082991,2
-0.31435,-1.040967,-0.35697,-0.577908,0.200801,2.090695,-0.229124,0.126745,0.104269,2
-0.375342,-0.818287,-0.893919,2.216055,-1.658656,-0.741175,-0.388413,0.145524,0.136414,2
-0.354425,-1.200215,-0.617614,0.857966,-2.000131,0.690331,-0.369688,0.201527,0.127832,2
-0.631239,-1.024612,-0.576012,-0.203188,-1.005015,3.053455,-0.305127,0.092018,0.082582,2
-0.81142,-0.770348,-0.472803,-1.792253,-0.790444,3.98996,-0.238606,-0.003063,0.119551,2
-1.428542,-0.55166,0.958968,-2.375748,-0.994845,2.548761,-0.18065,-0.075696,0.070129,2
-1.813901,-0.209074,2.282509,-2.24354,-1.180547,1.276713,-0.094945,-0.028203,0.107493,2
-1.517226,0.474705,0.746459,-1.574001,-1.142274,1.415597,-0.157008,-0.027775,0.095176,2
-3.120193,1.764765,-1.628058,-1.07734,-0.836312,1.117868,-0.089985,0.083819,0.099614,2
-3.466404,-1.030247,-1.687997,-0.747448,-0.825866,0.731739,-0.135348,-0.017721,0.104374,2
-2.872252,-0.598967,0.551831,-0.457471,-1.066711,0.285336,-0.158727,-0.028733,0.086553,2
-1.978421,0.292591,2.410103,-0.457711,-1.064534,-0.399181,-0.139952,0.071614,0.084184,2
-1.671816,0.355663,2.349088,-0.724754,-1.258655,-0.627915,-0.093504,0.141893,0.110831,2
-1.664619,-0.046777,1.039023,-0.820247,-2.07883,-0.391973,-0.092581,0.139409,0.100636,2
-1.192677,-0.260742,0.589341,-0.434632,-2.70957,0.392166,-0.162436,0.106384,0.118637,2
-1.0324,-0.637649,0.713569,-0.343034,-2.507178,0.696301,-0.182233,0.097703,0.161069,2
-1.137862,-1.026268,0.566318,-0.179174,-2.193023,1.273458,-0.1892,0.105784,0.119222,2
-0.872776,-0.938058,0.598135,-0.018152,-2.406999,1.777404,-0.097667,-0.014346,0.17335,2
-0.476124,-1.246588,0.69767,0.314734,-2.11561,2.144719,0.010227,0.056642,0.099445,2
-0.234081,-1.263971,0.426035,0.259368,-1.435338,2.165201,0.067292,0.073988,0.122956,2
0.31576,-0.87063,0.433563,0.548926,-1.254984,2.526294,0.083245,0.06721,0.079244,2
0.712273,-0.554942,0.450557,1.288727,-1.128766,2.487422,0.026145,-0.295667,0.065316,2
1.114728,-0.629502,0.355055,1.133951,-0.308354,2.039152,0.003188,-0.339075,0.075256,2
1.392253,-0.083404,0.119818,1.415929,-0.060373,1.508822,0.092818,0.000949,0.060951,2
1.467532,-0.08922,-0.551132,2.042172,-0.131056,0.786498,-0.022504,-0.17729,0.101151,2
1.707113,-0.193799,-1.141009,1.829548,0.362389,-0.368392,-0.051537,-0.035458,0.133205,2
1.106688,0.082554,-1.486115,2.011992,0.088842,-1.516331,0.001027,0.187849,0.173732,2
0.649268,-0.074464,-0.964962,1.880512,-0.088392,-2.570634,0.014265,0.179454,0.138213,2
0.401807,-0.149409,-0.208955,1.400303,-0.08738,-3.215657,-0.06945,0.045409,0.128996,2
-0.053043,0.005325,0.501694,-0.265639,0.792878,-3.26952,-0.038101,0.223151,0.162815,2
-0.840556,0.817028,0.008445,-0.789278,1.444604,-2.713881,-0.101012,0.024139,0.120197,2
-1.029126,0.237225,2.20215,-0.297044,2.194415,-2.485511,0.099138,-0.056268,0.121815,2
-3.179247,-0.615052,3.83967,0.936658,3.435727,-1.403048,0.111869,-0.002413,0.078988,2
-1.524555,-0.501096,1.460403,0.672024,4.281078,0.28626,0.194505,-0.143913,0.078774,2
-0.162878,-0.443791,-0.307832,0.43129,4.236688,0.442376,0.310447,-0.292847,0.083836,2
0.327231,-0.56977,-1.0756,0.208166,2.560306,0.953751,0.18324,-0.260987,0.166262,2
1.032185,0.468219,-2.013739,-0.414133,1.315625,1.408087,-0.044731,-0.099073,0.109489,2
1.354684,1.224379,-2.605274,-0.660451,0.425364,1.27862,-0.18936,0.165005,0.146891,2
2.053323,1.353797,-1.888561,-0.254554,0.649012,1.702523,-0.131392,0.359465,0.164424,2
2.051147,0.40971,-0.822988,-0.321093,0.731008,1.915947,-0.090852,0.301466,0.149279,2
0.968762,1.180067,-1.497635,-0.540917,0.530295,1.984371,0.116825,-0.161596,0.161609,2
1.655617,0.638124,-0.486525,-0.635332,0.244844,1.54144,0.250928,-0.039883,0.109099,2
0.592613,1.019278,-1.397284,-0.895434,-0.533547,0.85465,0.337029,-0.198986,0.103395,2
0.637981,0.16657,-0.654975,-0.598425,-0.929145,-0.003302,0.293147,-0.259132,0.136167,2
0.662113,-0.228964,1.791218,-0.464854,-1.667365,-0.897333,0.289538,0.128249,0.136037,2
1.252416,1.020894,2.499647,-0.646139,-1.854591,-1.496063,0.262603,0.037215,0.148054,2
0.418505,1.500473,2.04845,-0.25669,-1.501304,-1.928875,0.215047,0.304312,0.150234,2
-2.366768,-0.118688,2.316172,0.070169,-1.138272,-1.833374,0.064829,-0.09026,0.157712,2
-1.82146,-0.49018,1.811159,0.047968,0.248441,-0.592532,-0.016748,-0.063692,0.099973,2
-1.340123,-0.394062,0.09329,0.361353,2.133947,0.828999,-0.02561,-0.19097,0.109669,2
-1.077636,-0.775378,-0.565721,1.320724,3.809928,2.061769,-0.178815,-0.052378,0.101218,2
-0.727762,-1.090955,-1.408317,-0.854827,2.609595,0.309148,-0.153664,-0.113168,0.088967,2
-0.120127,-0.138509,-2.329735,-0.646425,0.753431,2.153453,-0.033149,-0.035842,0.086932,2
0.569334,0.652094,-2.578056,-0.546268,-0.402077,2.544566,0.024941,-0.004962,0.117678,2
1.184719,0.775031,-1.472366,-0.99209,-1.23101,1.037754,0.014152,0.072756,0.124754,2
0.650707,0.641676,-0.926621,0.089314,-1.329075,0.57515,0.063691,-0.100738,0.123711,2
1.580925,0.815612,-0.907498,0.303859,-1.310226,0.151026,0.141905,-0.083758,0.103477,2
3.442507,1.349247,0.810967,0.248439,-0.90625,-0.36959,0.197515,0.049142,0.116773,2
0.302955,-0.478087,2.006459,-0.127383,-0.914844,-0.988731,0.195821,-0.203431,0.091937,2
0.389241,-0.138573,3.42203,0.867491,-0.732596,-0.9181,0.104816,-0.168683,0.093809,2
-0.732534,0.083968,1.954475,-0.354853,-1.250095,-1.80633,-0.042049,-0.092494,0.086859,2
-0.724392,0.067604,1.252773,-0.467192,-1.360192,-1.785675,-0.136902,-0.028135,0.158609,2
-0.225478,-0.345073,1.180702,0.314747,-0.71051,-1.238724,-0.233146,0.291933,0.169284,2
-0.467044,-0.488921,0.629764,-0.441509,0.067813,-0.179704,-0.249056,0.302171,0.128137,2
-0.553111,-0.310743,0.175241,-0.669503,1.13068,0.592333,-0.219767,0.214865,0.14686,2
-0.625896,0.01776,-0.651914,0.642119,2.410473,0.283004,-0.141108,-0.020166,0.135905,2
-1.023067,-0.244151,-0.939404,1.072973,3.631628,1.011817,-0.005176,-0.10276,0.102061,2
-0.859425,-0.251105,-1.284724,-1.267635,2.310478,1.967675,0.078581,-0.100033,0.092073,2
-0.614916,0.463148,-1.923388,-1.265407,2.6996,3.063504,0.118901,0.02539,0.087023,2
-0.275286,0.598663,-1.732482,-1.718611,2.521933,1.653965,0.058354,0.003111,0.137171,2
0.061505,0.380337,-1.118363,-2.010013,2.489942,0.647582,0.029739,-0.067393,0.068493,2
0.194357,0.361518,-1.2485,-1.921883,2.609105,-0.048022,-0.066573,-0.103658,0.10627,2
1.718945,1.843759,-1.533236,-2.258968,2.151641,-0.898642,-0.246594,-0.091481,0.14106,2
2.668988,2.067111,-1.114587,-2.10024,1.819784,-1.073887,-0.356619,0.008197,0.085041,2
2.089105,1.15097,0.409122,-0.996803,2.005122,-0.740922,-0.246857,0.122403,0.068033,2
0.812823,1.000491,0.98204,-0.398239,1.744563,-0.538042,-0.126359,0.03119,0.209554,2
0.674378,1.437098,0.788607,0.197685,1.894329,0.02781,-0.012382,0.109183,0.093042,2
0.38106,1.054796,0.908762,0.963972,1.40592,0.332576,0.273065,-0.006285,0.177032,2
0.216423,0.606946,1.186756,3.203964,0.885298,1.420285,0.340921,-0.087391,0.136688,2
0.122931,0.324576,1.154514,3.062975,0.024869,1.183552,0.418489,0.018686,0.136532,2
0.330853,0.074015,1.156851,2.801571,-1.011841,0.509415,0.347431,0.150897,0.158163,2
0.574032,0.091338,0.894463,2.460581,-1.648965,0.20132,0.2663,0.005182,0.176276,2
0.515992,0.139409,0.855421,2.155801,-1.934885,-0.414723,0.237223,0.065213,0.187578,2
0.566078,0.14684,0.822561,1.318494,-1.717474,-1.482261,0.067443,-0.037039,0.118271,2
0.529696,0.094986,0.337337,1.454433,-1.756289,-1.610455,0.04305,0.204804,0.153011,2
0.750498,-0.375961,0.443499,0.775159,-2.046903,-2.450001,0.036517,0.156022,0.187396,2
0.628072,-0.607648,0.154967,-0.185862,-1.949398,-3.36398,-0.00697,0.141302,0.148081,2
0.440684,-0.84981,-0.046999,0.015289,-1.548136,-1.443253,-0.004824,0.07434,0.096961,2
0.333111,-1.343608,-0.024899,0.82105,-1.679402,1.867685,-0.025758,-0.034925,0.07604,2
0.130895,-1.748434,-0.491973,1.185476,-2.173161,2.188464,-0.061872,-0.138043,0.031339,2
-0.077747,-1.620298,-0.901944,1.502135,-2.81249,1.00931,-0.167181,-0.163515,0.076835,2
-0.153352,-1.5077,-0.990859,1.584546,-0.828546,-1.497574,-0.248366,-0.004715,0.087132,2
-0.28621,-1.387617,-1.025551,-0.204667,-0.601251,-0.493829,-0.294334,-0.018622,0.075083,2
-0.612438,-1.05418,-0.771317,-1.126704,-1.345951,1.430036,-0.309639,-0.008093,0.024223,2
-1.902599,-0.543116,-0.01635,-2.339202,-2.042006,2.170662,-0.355979,-0.062649,0.063695,2
-1.456969,-0.144113,-0.689624,-2.149087,-2.879136,1.72196,-0.261143,-0.033164,0.119146,2
-1.848566,-1.193847,-0.402049,-1.81843,-1.886536,0.983084,-0.207972,-0.066479,0.041713,2
-2.49946,-1.249758,-0.300915,-1.658839,-0.63366,1.544279,-0.069817,-0.039494,0.053353,2
-4.117023,-0.808789,-1.352892,-1.288569,-0.842991,2.705194,0.020103,0.01209,0.073377,2
-5.111798,-1.942836,-0.550392,-1.265897,-0.02042,2.192775,0.048535,0.039106,0.108254,2
-3.912326,-1.821655,1.143188,-1.149393,-0.129505,1.184956,-0.054925,0.124994,0.13845,2
-0.898015,-0.661988,2.717289,-0.934729,-0.899574,0.690222,-0.121684,0.12288,0.072599,2
0.181493,-0.092185,2.541132,-1.324324,-1.02637,0.044147,-0.085465,0.101175,0.152542,2
0.194442,1.008688,1.202639,-1.351463,-1.5163,0.112946,-0.157241,0.051843,0.115184,2
0.319586,0.745287,0.61621,-0.907548,-2.082837,0.539799,-0.237162,-0.022911,0.039986,2
0.718509,-0.175262,0.768609,-0.421797,-2.104043,0.241713,-0.338731,-0.022995,0.036568,2
0.516689,-0.547866,0.538247,-0.064009,-1.957894,-0.232404,-0.349133,0.096712,0.109169,2
0.275327,-0.951029,0.077802,0.003339,-1.741861,-0.101381,-0.24444,-0.102081,0.148928,2
0.552611,-1.596039,-0.404898,0.123269,-1.462529,0.079878,0.008951,0.207606,0.128332,2
0.328843,-1.810017,-1.048307,0.568517,-1.358107,0.187272,0.16998,0.428737,0.130519,2
0.396099,-1.721893,-1.210257,0.941744,-0.912016,-0.368596,0.419573,0.149872,0.104476,2
0.914638,-1.402791,-0.961525,1.282236,-0.720659,-0.407049,0.674717,-0.209868,0.106918,2
1.384007,-1.178319,-0.695995,1.467772,-0.604829,-0.103937,0.604406,-0.297177,0.098821,2
1.390136,-1.082303,-0.531308,1.422889,-0.162934,-0.135314,0.461024,-0.402115,0.084557,2
1.449981,-1.025368,-0.083732,1.183535,0.31436,0.428996,0.469102,-0.283927,0.103824,2
1.846048,-0.67991,0.29988,0.991147,0.748509,0.471857,0.256473,-0.002392,0.142511,2
1.616825,-0.354388,0.421525,1.061803,0.696477,0.123919,-0.169554,0.189462,0.159729,2
1.569815,0.164464,0.641675,1.029497,0.606058,-0.069711,-0.236647,0.623642,0.253049,2
1.907796,0.981266,1.098547,0.886181,0.657147,-0.210533,0.149748,0.16653,0.026917,2
1.34615,1.579707,0.94775,0.636097,0.726562,-0.360547,0.467299,-0.173305,0.164322,2
,,,,,,0.20855,-0.262707,0.174165,2
0.088971,0.32323,0.325739,0.000939,-0.084817,0.079015,0.134257,0.054499,0.088597,3
-0.267013,0.130079,0.127024,-0.102109,0.037602,0.115762,0.082508,0.038859,0.130692,3
-0.20938,0.088512,0.124915,-0.08951,-0.142446,0.269853,0.035114,0.098837,0.120161,3
-0.078869,-0.293568,0.111177,0.167633,-0.141729,0.107476,-0.062196,0.060216,0.092914,3
-0.303451,-0.018309,0.06361,0.086145,-0.136462,0.086219,0.078352,0.044683,0.149529,3
-0.264491,0.046557,0.013374,-0.011276,-0.164661,0.106626,0.003845,0.0398,0.100233,3
0.026648,0.109939,0.235056,-0.098783,-0.139174,0.117908,0.050462,0.028437,0.158997,3
0.120809,0.215106,0.249635,-0.061254,-0.09717,0.110335,0.042949,0.084029,0.097262,3
-0.112021,0.296065,0.114171,-0.198108,-0.12371,0.235106,-0.016139,0.038754,0.113034,3
-0.281465,0.165806,0.119805,-0.074259,0.079812,0.124542,-0.018515,-0.032226,0.083385,3
-0.009502,0.204665,0.109102,-0.008579,-0.029024,0.104321,0.022612,-0.067751,0.037631,3
-0.128837,0.149902,0.065082,-0.008431,-0.196931,0.072918,-0.055831,-0.028396,0.060901,3
0.001162,0.496645,0.472025,0.022054,0.203271,-0.003137,0.190764,0.195083,0.131988,3
0.347417,0.299136,0.400964,-0.027695,0.087094,0.055783,0.188595,0.404697,0.166934,3
0.208855,0.095454,0.236912,-0.249246,0.019307,0.091335,-0.05775,0.29347,0.214808,3
-0.002195,0.151998,0.141121,-0.59572,-0.261247,0.209864,-0.340671,0.169687,0.125798,3
-0.033272,-0.067263,0.029917,-0.846954,-0.275756,0.386058,-0.305739,0.176513,0.179984,3
0.112912,0.080909,0.035934,-0.603105,-0.080773,0.349296,-0.155085,0.112338,0.117332,3
-0.02652,0.680238,0.191032,-0.221539,0.039612,0.184815,-0.208498,0.154484,0.164412,3
0.370293,0.795333,0.340556,-0.152499,-0.096547,0.223413,0.167069,0.292432,0.255754,3
0.276191,1.193259,0.55526,-0.155785,0.112438,0.123353,0.520917,0.488467,0.307671,3
-0.067152,0.857788,-0.011782,-0.533672,0.034242,0.268582,0.880856,0.766285,0.347418,3
0.214972,0.689676,0.109971,-0.749822,0.018868,0.248733,1.086927,1.036588,0.618575,3
0.562226,0.479521,0.194378,-0.539263,0.117834,-0.111739,1.234308,1.301667,0.794674,3
0.6019,0.1034,0.180925,0.183517,0.324821,-0.400834,1.321819,1.161321,1.045599,3
0.535413,-0.060234,-0.065199,0.599547,0.014826,-0.513787,0.112008,0.969504,0.42247,3
0.733073,-0.294637,0.01676,0.06829,0.380671,-0.35755,-0.246344,-0.040081,0.379584,3
0.608939,-0.84916,-0.478919,-0.064509,0.175809,-0.332961,0.142409,-0.323514,0.485757,3
0.314907,-1.208712,-0.407297,0.501798,0.355706,-0.356412,0.454212,-1.409964,0.307922,3
-0.397045,0.968233,1.015903,-1.223874,1.318495,1.351909,-1.209865,-1.708477,-0.456532,3
-0.224648,2.747394,0.600992,-1.224001,-0.292962,0.680981,-2.629595,-1.218759,-0.643365,3
0.575057,0.75138,0.353881,-0.466109,0.456248,0.543757,-1.931502,-2.209396,-1.166394,3
0.129706,0.498093,0.343727,-0.113407,-0.10156,-0.022578,-1.299032,-1.857706,-1.046242,3
-0.142996,-0.676468,-0.523532,0.061909,0.172757,-0.468375,-0.821726,-0.844749,-0.412326,3
0.160737,-0.761376,0.052756,-0.110536,0.246072,-0.388476,0.494208,0.001654,-0.167577,3
0.354033,0.084343,0.106468,-0.650415,0.432176,0.394077,1.811521,1.065579,-0.143976,3
0.369513,0.477642,0.322485,-0.339565,0.232972,0.28545,2.118022,1.639366,-0.193492,3
0.394446,0.581346,0.664227,-0.245602,0.329084,0.390515,1.674263,1.183469,-1.173157,3
0.355867,0.515917,0.492087,-0.052286,-0.228579,0.037858,0.368513,0.84676,-0.003426,3
0.282932,0.015256,0.171599,-0.158745,-0.33587,-0.19549,0.592337,-0.580333,0.323896,3
0.273988,0.056,0.524161,0.034741,0.613774,0.113366,-1.081247,-0.908891,-0.805352,3
0.1287,-0.259204,0.101513,0.266062,-0.195924,0.02353,-0.286309,-0.827169,0.485237,3
0.569722,-0.515544,0.284824,-0.401481,0.271996,0.578773,2.791018,1.052485,1.917432,3
0.479271,-0.252874,0.313581,-0.570171,-0.055212,0.388241,0.062568,0.551218,0.708362,3
0.310906,0.086859,0.05573,-0.570149,-0.360547,0.403703,1.188188,1.697386,0.415915,3
-0.271041,0.414907,-0.217299,0.244587,-0.33778,-0.362736,1.656616,0.844255,0.142235,3
-0.631477,0.624506,-0.32371,-0.074263,0.162386,-0.579599,1.339486,-0.419388,0.185135,3
-0.643119,1.007258,0.294904,-0.107014,0.428349,0.104826,-0.196831,-0.670664,0.102028,3
-0.766266,0.464769,-0.027708,-0.120707,0.250618,-0.015199,-2.108958,0.005757,0.332546,3
-0.594734,0.133853,0.062876,-0.354547,0.357413,0.201723,-1.749377,0.361243,0.180842,3
0.267245,-0.093035,-0.191087,-0.869834,-0.830189,0.137338,-0.401416,-0.155194,-0.228159,3
0.310528,0.705968,0.167047,-0.666697,0.130868,0.073286,-0.826481,-0.883469,0.276288,3
-0.765593,1.257117,0.314405,-0.254636,0.757896,0.068229,0.530544,-0.03241,0.209246,3
-0.231875,-0.144256,-0.220607,-0.294447,-0.470602,0.018854,-0.209452,0.347813,0.110339,3
0.48101,-0.238651,0.323789,-0.749543,0.106831,0.484241,-0.226666,0.118914,-0.030146,3
-0.758969,0.3963,-0.490909,-0.005602,-0.982536,-0.001878,-0.733477,0.137612,0.157152,3
0.215999,0.33261,0.318469,0.099548,0.548834,-0.288144,-0.332603,0.124929,0.064667,3
0.143243,0.927732,0.551661,-0.725089,-0.238278,0.695521,0.012833,0.064421,0.01064,3
-0.177067,0.50961,0.510385,-0.397052,-0.100512,0.66708,0.408144,0.2089,0.102686,3
-0.20636,-0.140322,-0.265401,-0.071846,0.507267,-0.176628,0.296099,0.634878,0.216084,3
-0.370339,-0.008111,0.087467,-0.031396,-0.269499,0.291543,-0.119872,0.731611,-0.004341,3
-0.602708,0.202082,-0.102737,0.40074,-0.61399,-0.145712,-0.138956,1.036362,0.085073,3
-0.211804,0.321634,0.317885,0.36046,-0.149617,0.100535,0.411302,1.499539,0.034262,3
-0.495897,0.640866,0.478169,-0.132449,-0.5707,0.477951,-0.309376,1.486062,0.109583,3
-0.049722,-0.048513,0.48665,0.526948,-0.975569,0.294758,-0.088554,1.873554,-0.010193,3
-0.153237,-0.207475,0.316392,0.465934,-0.900137,0.331446,0.666577,2.184898,-0.317301,3
-0.286287,-0.452114,-0.101607,0.477613,-0.108378,0.118006,0.277032,2.605784,0.513408,3
-0.40022,-0.218951,0.244738,0.841616,-0.010761,0.129946,0.862172,3.038715,1.151294,3
-0.084173,-0.457137,0.274033,1.291299,-0.803111,0.065214,2.262446,3.619759,1.549483,3
0.100858,0.113858,0.932205,0.31641,0.195082,0.610781,4.796487,4.930349,-0.013021,3
-0.058002,-0.136772,0.033981,-0.340761,0.035573,-0.295978,5.673975,3.47278,-1.721223,3
-0.730621,-0.188447,-0.289701,-0.497402,1.000507,-0.352838,0.930603,-0.018592,0.19383,3
-0.75973,-0.765694,-0.678363,0.977352,-0.921456,-0.712381,-1.987998,-2.083849,2.304212,3
-0.155318,-0.75298,-0.1909,1.036945,0.094896,-0.005136,-3.713144,-2.907839,2.247117,3
0.505975,0.398951,0.464908,0.510247,-0.217592,0.255619,-2.894786,-2.988181,0.849562,3
1.113581,0.656628,1.013516,-0.972101,-0.205892,0.830784,-3.047089,-3.573704,0.748186,3
0.84798,0.441169,0.699883,-1.292208,0.286303,0.22406,-3.137491,-2.220281,-0.021824,3
0.00843,0.504249,0.170505,-0.72641,-0.303367,0.046078,-2.479581,-2.105327,-0.929598,3
-0.234078,0.20296,-0.248409,-0.166263,0.020589,0.00618,-1.044618,-2.539727,-0.883733,3
-0.113123,0.673493,-0.116384,0.193239,-0.424659,0.054844,0.322722,-2.302901,-0.488151,3
0.042487,0.62729,0.118282,0.053011,0.031381,-0.143402,0.998957,-1.929376,-0.678304,3
0.982175,0.251285,0.44954,-0.481443,1.420962,-0.013328,0.670249,-1.057124,-0.380633,3
0.514815,0.349826,0.515604,-0.844102,0.765005,0.410629,0.020631,-0.344253,-0.40152,3
0.869554,-0.315889,0.581223,-0.335916,0.084817,0.68031,-0.385366,-0.845747,-0.804859,3
0.183034,0.199998,-0.07295,0.187812,0.406246,-0.250162,-0.492117,-0.206708,-0.253646,3
0.108215,-0.271516,-0.341338,0.493177,-0.566503,-0.417276,-0.272956,0.48399,0.306849,3
0.027391,-0.227384,-0.046117,0.001721,-0.348612,-0.018517,0.028855,0.446281,-0.050937,3
0.375452,-1.330314,0.0627,0.120897,0.092984,0.088372,0.682543,0.758746,0.117407,3
-0.026533,-0.288968,-0.341313,0.19674,0.067501,-0.486071,0.880652,0.948921,0.212362,3
0.02013,0.892251,0.717078,0.445631,0.084823,-0.031235,0.608966,0.23121,-0.757732,3
0.08541,0.396929,0.247999,0.342385,0.552536,-0.054173,0.161302,-0.733719,-1.31012,3
0.012796,-0.321536,-0.060402,0.135764,-0.192706,-0.039922,-0.675051,-1.47753,-1.012004,3
0.431464,-0.307604,0.10057,-0.444575,0.360988,0.161529,-1.834497,-2.701937,-1.210134,3
-0.003238,-0.066786,0.149619,-0.125164,0.139741,0.267799,-2.239529,-3.009113,1.568343,3
0.410427,-0.141475,0.215032,-0.200967,0.307745,-0.080006,5.5805,2.736681,2.254251,3
0.13903,0.087961,0.850559,-0.19669,-0.080915,0.416916,4.777404,0.510006,1.755562,3
0.415262,0.041503,0.276434,-0.55954,-0.041696,0.355408,-2.192477,1.291316,0.923099,3
0.389525,-0.047129,0.151632,0.173772,-0.3637,0.309704,1.624716,1.159521,-0.009299,3
-0.103637,-0.339048,-0.14097,0.665812,0.367961,-0.338661,0.209625,-1.411675,-0.487581,3
-0.507436,-0.506568,0.113544,0.301198,-0.256881,0.097458,-0.151286,-1.705046,-0.418773,3
-0.153457,-0.385824,0.122881,0.301771,0.171139,0.138525,-1.193858,-1.408263,-0.214944,3
-0.613933,-0.09412,-0.031393,-0.00458,-0.556704,0.233512,-0.893294,-1.515988,-0.00606,3
-0.340606,0.276537,0.162015,-0.145922,-0.001432,0.102589,-0.903431,-0.869794,0.280854,3
-0.127768,-0.024112,-0.137526,-0.092662,0.293285,0.100609,0.230156,0.496973,0.268564,3
0.472838,-0.035055,0.371077,-0.439629,0.095161,0.623616,0.142242,0.752022,0.360233,3
0.191578,-0.26901,0.255529,-0.015505,0.11899,0.140584,-0.769934,0.515275,0.355458,3
0.337872,0.280821,0.280375,-0.369459,-0.021887,0.158244,-0.470172,0.460619,0.085616,3
-0.53231,0.768619,0.454674,-0.348766,-0.13053,0.253574,0.026926,0.112198,-0.065184,3
-0.093168,0.087586,0.276707,-0.07488,0.008137,0.097097,-0.621769,-0.427688,0.041427,3
-0.591667,0.019615,0.003259,0.491187,-0.86689,0.211651,-0.396161,-0.432681,0.036323,3
-0.22737,-0.020884,-0.093167,0.049478,-0.351118,0.298036,-0.469089,-0.455629,-0.038835,3
-0.193917,-0.166486,-0.00816,0.262982,-0.536585,-0.061171,-0.29292,-0.153507,0.047318,3
-0.203638,0.337731,0.121968,-0.448136,0.198201,0.13745,-0.170005,0.264106,0.232496,3
-0.071388,-0.044739,0.53165,-0.157379,-0.022142,0.590142,0.075792,1.172047,0.172298,3
-0.413623,0.140162,-0.17514,-0.052964,-0.1365,0.009011,-0.053159,1.217683,0.041311,3
-0.517251,0.326318,0.01231,0.057849,-0.140469,-0.201248,0.021958,0.608046,0.037709,3
-0.12025,0.146171,0.169683,-0.140851,0.066649,0.331083,0.010793,0.512821,-0.045545,3
-0.525734,0.617044,0.359114,0.011563,-0.23235,-0.092612,-0.144705,0.597588,-0.032312,3
0.088612,0.181461,0.010837,-0.04279,0.022305,0.164918,-0.103271,1.063353,0.079732,3
0.178097,0.320263,0.785187,-0.644165,0.66031,0.609665,-0.03254,1.481418,-0.056915,3
-0.213161,-0.080406,-0.01307,0.478629,0.536918,-0.552996,0.199068,2.283123,0.027719,3
-0.072861,0.270009,-0.005052,-0.311058,-1.388348,0.449946,0.286335,2.973598,-0.039019,3
-0.156592,-0.133839,-0.011714,-1.051871,-0.203281,0.725554,1.114421,3.135363,-0.287441,3
0.005942,-0.376005,0.307063,0.167178,-0.347533,0.124619,1.746264,2.772719,0.111486,3
0.114782,-0.092086,0.066138,-0.03306,-0.190379,-0.200336,2.712069,1.880009,0.807599,3
0.670702,0.120037,0.301213,-0.113135,0.177022,-0.007363,2.728051,1.961413,1.708213,3
-0.137935,0.357596,0.67436,0.21701,-0.509946,0.430301,2.347567,2.783544,0.748493,3
0.623402,-0.686377,0.156043,0.476302,0.005727,-0.384143,0.96055,0.80682,0.347038,3
0.494161,0.00757,-0.217908,0.360814,0.608354,-0.427417,-0.876956,-0.880945,1.328903,3
0.063739,0.141796,0.299611,0.762876,-0.709064,0.070268,-1.536912,-2.493336,1.262808,3
-0.383024,0.250017,0.147763,0.231591,0.438346,-0.2677,-2.174096,-2.956954,0.927188,3
0.112246,-0.162334,0.322832,-0.386128,0.126274,0.205115,-2.099936,-2.667747,0.551133,3
-0.129069,-0.04249,-0.100253,-0.783581,0.047429,0.19849,-1.07156,-1.581199,0.125185,3
0.241923,-0.348802,-0.155261,-0.481729,0.263777,0.153166,-0.823502,-1.570906,0.248515,3
0.448956,0.18596,0.007938,0.058559,0.043126,-0.149314,-0.180794,-1.980103,-0.18623,3
0.163246,0.825649,0.466198,-0.396365,0.392656,0.43293,0.094778,-2.097264,-0.618951,3
0.169939,0.400783,0.046924,-0.491297,0.215114,0.083611,-0.522151,-1.922738,-0.965326,3
0.256448,-0.049401,0.386353,0.341452,0.261645,0.03227,-0.719605,-1.570685,-1.11321,3
0.222458,0.333281,0.283006,0.482563,0.323143,-0.167381,-0.266677,-1.361348,-1.454858,3
0.018331,-0.114879,0.177078,0.138251,-0.394689,-0.10967,-0.016428,-1.311253,-1.631519,3
-0.091863,-0.066739,-0.20121,-0.11178,0.107548,-0.259581,-0.199584,-0.480589,-0.792924,3
-0.299218,0.270021,0.218665,-0.148645,-0.098275,0.376555,-0.300862,-0.101074,-0.502699,3
0.318485,-0.469901,0.160862,0.206488,0.448746,-0.174335,0.699847,0.861602,-0.148523,3
0.33625,-0.115465,0.449068,0.614044,-0.015775,0.189006,1.680969,3.358703,0.818361,3
0.549155,0.160456,0.456386,0.471,-0.077747,0.24803,1.81125,2.939687,-0.112899,3
-0.104012,0.196686,0.826626,-0.079268,0.225457,0.386894,-0.342331,-0.046324,-1.655896,3
-0.000642,-1.078446,-0.260836,-0.252923,0.139741,0.550056,-2.054078,-3.319395,-0.506185,3
-0.504,0.103644,0.149199,-0.155469,0.078156,0.535752,1.418093,1.111687,3.987899,3
-0.017872,-0.373551,-0.182445,0.813259,0.182157,-0.526701,5.064722,-0.927752,3.321919,3
0.942499,-0.485895,0.357658,-0.356796,1.041424,0.683305,-1.72608,-1.63635,-0.852687,3
-0.061635,0.061936,0.159478,-0.521234,0.651542,0.483949,-1.419762,-0.526609,-0.765286,3
-0.417576,0.342293,0.316859,-0.238409,-0.953783,0.227268,-0.165635,-1.995087,-0.174126,3
0.166061,-0.002767,0.075834,-0.239247,-1.551873,0.148946,0.671647,-1.433552,-0.03597,3
0.293901,0.090133,-0.124568,0.148531,-0.719616,-1.120421,-0.286407,-0.803942,-0.085789,3
-0.140326,-0.266726,0.141907,0.616177,-0.962192,-0.302078,-1.250296,-0.239724,0.151194,3
-0.910526,-0.574859,-0.227539,-0.639838,0.707463,0.513483,-1.610189,0.258981,0.315933,3
-0.330299,-0.268118,-0.06618,-0.520452,0.859322,0.249099,-0.348199,0.453201,0.118108,3
-0.102185,0.571811,0.254401,-0.359688,-0.230475,0.243246,0.116307,0.159887,0.198401,3
-0.18986,0.638659,0.119697,0.325778,-0.374651,-0.206787,0.118404,0.276356,0.047519,3
0.190971,0.52666,0.272935,0.426284,0.101892,-0.299755,-0.412835,-0.212793,0.101965,3
-0.723088,0.092365,0.005124,-0.209703,0.341192,0.095983,-0.295399,-0.393514,0.006997,3
-0.29929,-0.148893,0.24807,-0.42285,-0.072686,0.336566,-0.361024,-0.35006,-0.012782,3
-0.449193,-0.035923,-0.234793,0.061374,-0.419019,-0.00345,-0.145504,0.06792,0.153591,3
0.697687,-0.245494,0.24243,0.114331,0.26945,-0.076682,-0.254949,0.546505,0.216751,3
-0.253906,0.255932,0.028944,-0.081809,0.310124,-0.038363,-0.10584,0.880254,0.13941,3
-0.144407,0.429001,0.855685,-0.298967,-0.225167,0.952114,-0.002677,0.782683,0.103163,3
-0.171341,0.08514,-0.511028,0.186275,-0.602485,-0.298642,-0.029627,0.840791,0.066795,3
-0.053335,0.166986,0.211432,-0.139137,-0.149533,0.076014,-0.503048,0.858116,0.130477,3
-0.220822,0.175874,0.542164,-0.127521,0.06116,0.257646,-0.214364,0.812132,-0.123855,3
-0.342147,-0.054254,-0.147912,0.277146,-0.285356,-0.153156,-0.157168,0.868509,0.145454,3
-0.031556,0.127477,0.232265,-0.097391,0.098722,0.244473,0.026399,0.99944,-0.09715,3
-0.071192,0.218146,0.185178,-0.193248,0.416511,0.084493,0.238776,1.215905,0.080646,3
0.005053,0.446164,0.232128,-0.412362,0.086478,0.673291,0.143769,1.860051,0.222361,3
-0.092725,0.030895,-0.103653,-0.022283,-0.272949,-0.112037,0.499905,1.974432,0.024295,3
0.214917,0.047606,0.692758,-0.174814,-0.10279,0.360752,1.016299,2.396856,0.312132,3
0.245417,-0.228615,-0.199265,0.3312,-0.132991,-0.21953,2.049445,3.231674,0.213621,3
0.293721,0.163075,0.63909,-0.191848,-0.152135,0.248101,3.026239,3.75537,0.65804,3
0.263162,-0.361374,0.003517,0.311974,0.432584,-0.011013,3.070004,3.676154,-0.399219,3
0.251694,-0.529233,-0.133966,0.472834,0.278877,-0.167568,2.539725,1.798949,0.476007,3
-0.260006,0.174971,-0.120421,0.458309,-0.359862,-0.290165,-0.316317,-0.9624,2.141085,3
0.067234,-0.061505,0.42782,0.334743,-0.135671,0.003392,-2.266922,-2.831752,1.924048,3
0.341873,-0.555813,-0.028323,0.062985,0.599192,-0.107614,-3.184887,-3.5965,1.165966,3
0.169015,-0.202472,0.463194,-0.307743,0.183076,0.749129,-2.660058,-2.897261,0.87423,3
0.439643,-0.321671,0.492973,0.198004,-0.709587,0.016224,-1.681908,-2.110605,0.194567,3
-0.035821,0.160178,0.291753,0.128196,-0.20787,0.112977,-0.776352,-2.445375,-0.11012,3
-0.269561,0.080065,-0.390813,0.205724,-0.219249,-0.109614,-0.628129,-2.427397,-0.539662,3
-0.136719,0.390912,0.168046,0.064713,0.21733,0.100855,-0.325273,-2.487226,-0.979339,3
0.326476,0.225088,0.301871,-0.064423,-0.202767,-0.048512,-0.061309,-2.103793,-1.275589,3
0.158783,0.034897,0.359321,-0.29802,0.290768,0.237454,-0.052455,-1.397527,-1.181327,3
0.557499,-0.006932,0.113493,0.19797,1.128329,-0.409191,0.304195,-1.000756,-1.196526,3
0.680185,-0.063719,-0.013267,0.22162,0.035918,-0.180805,0.236714,-0.503704,-0.999599,3
0.278838,0.278299,0.409316,-0.146827,-0.289934,0.07709,-0.342671,0.190028,-0.497858,3
-0.400128,0.111761,-0.139743,-0.016637,0.363238,-0.17152,-0.260483,0.5009,-0.049562,3
0.470314,-0.041591,-0.081834,0.119695,-0.465771,-0.314329,0.502974,1.310106,0.087623,3
0.522833,0.258867,0.665112,-0.701003,1.141618,1.01934,2.167198,2.740143,1.257703,3
0.019394,0.382609,0.456034,0.361154,-0.225912,0.263398,2.200814,2.648933,-0.364566,3
0.402653,-0.093331,0.297486,0.327864,-0.491619,-0.035159,-0.774924,-0.671211,-2.211563,3
-0.308527,0.064576,-0.008192,0.191521,0.017772,-0.193122,-2.914568,-3.947341,-1.877798,3
0.417156,-0.231275,0.148867,0.187559,-0.081106,0.21777,-1.547657,-0.609404,3.860909,3
0.299659,-0.301235,0.295685,0.54395,0.354594,-0.23499,6.397506,0.800699,2.441277,3
0.445568,-0.474016,0.725636,-0.78358,0.405996,1.444774,1.840656,-0.978029,3.304929,3
0.661419,-0.160924,0.150017,-0.553974,-0.690745,0.470524,-0.872988,-0.812774,-1.419431,3
-0.247156,0.442869,0.506252,-0.323111,-0.430149,0.721648,-1.508056,-0.591144,-0.865141,3
-1.31901,0.311715,-0.161737,0.371973,-1.220147,0.048949,0.421745,-1.557101,0.107216,3
-0.813167,-0.50157,-0.32049,0.178434,0.361433,-0.351044,0.747526,-0.665623,0.103745,3
-0.075282,-1.071614,-0.640434,0.544445,0.473463,-0.437932,-0.634522,-0.48542,-0.173429,3
0.248376,-0.832127,0.21245,0.04794,0.437641,0.431499,-1.736823,-0.599615,0.223234,3
0.108931,-0.367998,0.041739,0.154954,0.429973,-0.271761,-1.134058,0.428294,0.054566,3
0.128292,0.108327,0.025357,-0.01193,-0.888187,0.136359,0.099178,0.61915,0.383279,3
-0.028487,0.866481,0.50467,-0.868306,-1.009304,0.754694,0.174207,0.507359,0.162845,3
-0.137642,1.028774,0.804119,-0.327171,0.2526,0.324477,-0.29272,0.366625,-0.014073,3
-0.560964,-0.03098,-0.227593,0.810629,-0.297681,-0.446341,-0.3775,-0.067553,0.030082,3
-0.557018,-0.186054,-0.295285,0.1485,-0.091722,-0.131641,-0.21016,-0.273974,-0.004095,3
-0.013094,-0.492334,-0.289352,-0.179172,0.204058,0.295941,0.040179,-0.473797,-0.044329,3
-0.414345,0.039223,-0.141336,-0.516471,-0.19564,0.519548,-0.185893,-0.452613,0.096247,3
-0.019791,0.540788,0.47375,-0.470339,-0.015601,0.47626,-0.172192,0.107797,0.048084,3
-0.220429,0.705448,0.308901,0.00033,-0.59344,0.174176,-0.197608,0.324344,0.129244,3
-0.27845,0.629077,-0.043144,-0.072557,-0.353338,0.027507,0.035302,0.357077,0.073248,3
0.458086,0.533259,0.382962,-0.514019,-0.042141,0.476052,-0.022449,0.543176,0.105461,3
0.41618,0.255183,0.346557,0.080709,-0.005579,0.184781,-0.096849,0.996154,0.071145,3
-0.05874,-0.335002,-0.74276,0.168881,0.174971,-0.172333,-0.062488,1.123268,0.087399,3
-0.112815,0.25793,0.41573,-0.636575,0.114452,0.140915,-0.352571,0.914826,0.03684,3
-0.241413,0.282512,-0.00276,-0.303655,-0.333855,0.101486,-0.12874,0.846858,-0.038236,3
-0.142722,0.50534,0.032821,-0.321139,-0.195164,0.374494,0.161753,1.337196,0.023723,3
0.21061,0.149865,0.630136,-0.091259,1.015748,0.1415,0.257331,1.70447,0.127256,3
-0.084199,0.06404,0.453039,0.010749,0.245389,0.386126,0.151871,1.699325,0.511979,3
0.333121,-0.078041,0.498048,-0.26717,-0.765012,0.599627,0.353583,1.418853,1.076686,3
0.257896,-0.052409,0.504131,0.344753,-0.4965,0.094888,1.76257,1.266571,1.672227,3
0.839808,-0.412067,0.949231,0.27779,-0.118307,0.636015,2.256641,1.749258,0.509764,3
0.146937,-0.276811,0.121614,0.251431,0.325383,0.001222,2.894617,2.74691,-0.672335,3
-0.790731,-0.500011,-0.241326,1.265422,-0.573775,-0.373456,3.527931,2.533811,-1.495723,3
-1.007265,-0.336353,-0.460703,0.696262,-1.350914,-0.069484,2.991226,2.265741,-0.699969,3
-0.043902,-0.386903,-0.058689,0.570908,-0.128333,-0.252565,-0.867084,0.790929,1.239654,3
0.179743,-0.316349,-0.04655,-0.228009,0.490416,0.26165,-2.723803,0.013764,1.954402,3
0.045702,-0.252788,0.406208,-0.185776,0.692162,0.292231,-3.504203,-2.484221,1.864412,3
0.730459,-0.433503,0.309635,-0.739352,0.098331,0.46689,-3.122411,-1.900949,1.235129,3
0.583755,0.463679,0.695444,-0.333852,-0.362754,0.700052,-1.892122,-1.916281,0.510115,3
0.042504,0.11385,-0.133695,-0.037592,-0.367338,-0.07862,0.511184,-2.310765,-0.045239,3
-0.732169,0.787338,0.314132,0.359102,-0.815168,0.311725,0.061874,-1.919106,-0.424629,3
0.00944,-0.464881,0.162749,0.2389,0.560061,-0.227825,-0.844978,-2.263895,-0.432268,3
0.45795,-0.596353,0.305889,3.7e-05,0.307188,0.363607,-0.503099,-2.311941,-0.572739,3
0.325066,-0.529227,0.144278,0.193098,0.494654,0.091837,-0.083121,-2.222893,-1.02134,3
0.67256,-0.322864,0.304305,0.310978,0.331426,-0.030319,0.410292,-1.694865,-1.15064,3
-0.165437,0.304678,0.389248,-0.039142,-0.343964,0.436704,0.391359,-0.779932,-0.97156,3
-0.757136,0.664919,-0.028523,-0.127427,-0.13888,0.319114,-0.836162,-1.148615,-1.194844,3
-0.183125,-0.378296,0.037937,0.423876,0.026103,-0.22499,-1.119769,-1.020687,-1.11553,3
-0.065597,-0.337645,-0.659828,0.262496,0.3675,-0.603312,-0.30594,0.423287,0.460719,3
0.611458,0.004153,0.602849,-0.653489,0.166048,0.860075,-0.048508,1.651922,0.345036,3
0.063166,0.410921,0.133489,0.395585,0.170426,-0.69912,2.042967,3.475936,0.579454,3
0.362621,1.067808,1.062436,-0.61259,0.755936,0.994285,3.001556,1.264281,-2.084777,3
0.071417,-0.410634,0.184377,0.765721,-0.352154,-0.159908,-0.960666,-3.170575,-0.981606,3
0.010242,-0.300751,0.251788,0.125203,-0.256298,0.375274,-2.096004,-2.845571,1.155793,3
0.536187,-0.1111,-0.071671,-0.543871,-0.338492,0.295724,3.007961,0.955138,2.232288,3
-0.052329,0.117191,0.595725,-0.472132,0.102738,0.223166,3.809737,-1.115553,2.533854,3
0.52039,-0.736746,0.503177,-0.210375,0.215768,0.685073,-0.696259,-0.641649,0.705205,3
0.67593,-0.021631,0.435878,0.027124,-0.321257,0.242006,-0.94419,0.000957,-0.746864,3
-0.35435,0.287469,0.079398,0.45893,-0.234117,0.067612,-0.609559,-0.645258,-0.67947,3
-1.013148,-0.246723,-0.191419,0.569008,0.244968,-0.38397,0.499745,-0.608807,-0.172524,3
-0.374047,-1.149657,-0.735805,0.473414,-0.068461,-0.533293,-0.20796,-0.34713,0.042671,3
-0.751027,-0.49453,-0.658665,0.232881,-0.709974,-0.047567,-0.626211,-0.409052,-0.230037,3
-0.041274,-0.094236,0.340878,0.034933,-0.250594,0.169656,-0.825152,-0.473939,0.335827,3
0.379094,0.138338,0.288644,-0.167827,0.31509,0.013684,-0.000663,-0.394771,0.389731,3
0.146957,0.799219,1.266269,-0.318246,0.044172,1.672042,-0.989965,-0.034651,0.243053,3
-0.653577,-0.061567,-0.482036,0.280681,-1.15491,-0.21708,-0.855539,0.071612,0.251205,3
0.017915,0.102007,0.418556,-0.560788,-0.519269,0.243379,-0.484843,-0.029408,0.059992,3
0.187904,-0.363258,0.585225,0.33631,0.848989,0.037895,0.330576,-0.156843,-0.081443,3
-0.670673,-0.110774,-0.107442,0.82039,0.046958,-0.175829,0.105818,-0.101232,0.193246,3
-0.519906,-0.666489,-0.087039,0.430087,-0.075699,0.107936,-0.092124,-0.124146,-0.080853,3
-0.396955,-0.4496,-0.355608,0.233287,-0.567388,0.164046,-0.646986,-0.437991,0.062881,3
-0.462054,0.267266,0.069395,-0.191053,-0.548186,0.230062,-0.420172,-0.278572,0.09002,3
-0.211209,0.27855,0.341122,0.009394,-0.006367,0.084628,-0.086182,-0.144291,0.111623,3
-0.283234,0.526335,0.401712,-0.262258,0.094025,0.42319,-0.049519,0.127341,0.113173,3
0.078723,0.293931,-0.059707,0.012055,-0.118155,-0.010251,0.077186,0.168513,0.073055,3
0.049126,0.35031,0.562472,-0.02917,-0.257076,0.292232,0.170073,0.57456,0.055489,3
-0.269006,-0.350245,-0.018408,0.200407,-0.210537,0.106047,-0.064398,0.683222,0.013326,3
0.017507,-0.122978,-0.325211,-0.102525,0.423413,-0.36145,-0.578984,1.057905,0.029416,3
-0.63751,0.525549,0.869013,-0.193657,-0.34708,0.850184,-0.286904,1.368793,0.101604,3
-0.051545,0.179631,-0.135017,-0.343502,-0.303743,-0.163543,0.274493,1.345175,0.024367,3
0.2777,0.046,-0.006536,-0.560772,0.253183,0.333268,0.330439,1.215278,0.069052,3
-0.470611,0.200492,0.498262,-0.554858,0.229451,0.607387,0.747882,1.797604,-0.127702,3
-0.330062,-0.171854,0.454829,0.343809,-0.506984,0.489846,-0.07887,2.152466,0.32296,3
0.105872,-0.075108,-0.043701,-0.065182,-0.811596,0.600199,-0.258853,1.808224,0.665098,3
0.207921,-0.442827,0.311091,-0.163392,-0.432438,0.70874,0.777782,1.15005,1.780013,3
0.020512,-0.036067,0.345827,0.106625,-1.208776,0.487103,1.80924,1.055989,1.130046,3
0.158135,0.093787,0.64809,-0.506069,-0.101506,0.577648,2.265577,1.994522,-0.011065,3
-0.387883,-0.427348,-0.048373,0.385455,0.756143,-0.487046,3.226144,2.534551,-0.745171,3
-0.701511,-0.566324,-0.662523,1.61253,-0.775156,-0.983999,4.574112,2.35498,-1.359079,3
-0.047469,-0.465953,-0.448084,2.096656,-0.251913,-1.31294,2.387378,1.525252,-0.066846,3
0.409151,0.233645,0.143703,0.978875,-0.28981,-0.810788,-0.982131,-0.552914,1.663738,3
0.430295,-0.03734,0.23889,-0.129894,0.033709,0.021633,-2.510245,-1.501997,1.893188,3
0.483664,0.602028,0.817467,-0.595076,1.835039,0.289072,-2.8705,-2.829132,1.586272,3
1.102779,-0.088569,0.895831,-1.351641,1.075091,0.669824,-3.276375,-3.041341,0.79386,3
0.787222,-0.30419,0.413016,-0.607942,-0.330859,0.416488,-3.381663,-2.190669,0.271475,3
-0.123788,-0.176527,-0.53871,-0.187609,0.833205,-0.261642,-1.929748,-2.092678,-0.23173,3
-0.313976,0.353126,-0.139061,-0.883602,1.55241,0.084461,-0.855448,-2.163367,-0.460018,3
-0.401719,0.684327,0.005822,-0.620776,0.820135,0.007455,0.04651,-2.179381,-0.615479,3
0.699773,-0.033369,0.962345,0.098179,-1.580687,0.168627,0.403318,-2.019207,-0.896918,3
0.086008,0.421197,-0.234368,-0.0123,-0.658554,-0.290606,0.113849,-1.712327,-1.08824,3
0.665856,0.136163,0.160268,-0.012308,-0.080211,-0.144132,0.286316,-0.834175,-0.897717,3
0.585583,0.218256,0.938045,-0.07391,-2.99057,0.497116,-0.022494,-0.847132,-0.783845,3
-0.462228,0.363973,-0.196351,0.283802,0.309684,-0.200076,-0.657269,-0.55858,-1.009407,3
0.508111,-0.204592,0.583886,0.938189,0.869233,-0.001339,-0.65361,-0.338358,-0.584028,3
-0.239815,-0.316664,-0.722457,0.849637,-2.024621,-0.505267,0.130794,0.360301,-0.208214,3
0.327623,-0.212361,1.115405,-0.078412,0.000729,0.64964,1.065028,2.248897,0.569524,3
-0.356848,-0.357887,-0.306171,0.417586,0.486435,0.53175,0.948721,2.68986,0.033608,3
-0.217772,0.091222,0.212932,-0.008125,-0.270668,0.557824,1.213005,0.9111,-1.338031,3
-0.324683,-0.233064,-0.434746,0.060687,-0.153684,0.074378,-0.98194,-2.578105,-1.296589,3
0.36574,-0.489534,0.778238,-0.064413,0.78068,0.489662,1.43483,-0.966694,4.269223,3
-0.171198,-0.010697,0.086697,0.231664,-0.782489,-0.167432,3.991464,-0.673002,3.36711,3
0.598716,-0.340146,0.050725,-0.426577,-0.850486,0.369925,0.008916,-1.139578,-1.218726,3
-0.937196,0.437635,-0.003164,0.326545,-0.216415,0.120787,-2.215707,-0.549018,-0.690322,3
-0.996214,-0.228421,-0.171615,0.800595,-0.418991,-0.442386,-0.610698,-1.325534,-0.298324,3
0.429547,-0.654098,0.119272,0.034252,-0.42731,0.390181,-0.090833,-0.989369,0.419368,3
-0.376017,-0.367027,-0.235443,0.002624,-0.643841,0.21098,-0.683739,-0.108138,0.080532,3
-0.297794,-0.508737,0.092217,0.365338,-0.718237,-0.030434,-0.33741,-0.05464,0.036936,3
-0.321391,-0.372834,-0.071971,0.47235,0.081763,0.047853,-0.950747,-0.331439,0.169443,3
-0.419941,0.189623,0.161473,0.052912,-0.132918,0.321745,-0.704188,-0.438925,-0.028295,3
-0.217132,0.190461,0.197269,0.214055,-0.398132,0.071422,-0.479644,-0.886307,-0.01598,3
-0.018448,0.037798,0.382864,0.309871,-0.106326,0.145906,-0.064567,-0.372703,0.171632,3
-0.363368,-0.32608,0.041578,0.092553,-0.176627,0.088052,-0.061853,0.046745,0.117781,3
-0.43892,-0.046762,-0.117219,0.255516,-0.1682,0.017912,-0.439577,-0.018008,0.161834,3
-0.340736,0.355416,0.110608,0.438035,-0.448735,-0.154783,-0.778911,-0.014227,0.084935,3
0.10711,0.112456,-0.06268,0.169548,-0.243839,-0.186716,-0.536529,0.485822,0.127033,3
0.074928,0.494476,0.406883,-0.863837,-0.022473,0.644274,-0.12956,0.720374,0.162666,3
-0.059611,0.419893,0.397866,-0.264986,-0.202595,0.377191,-0.204536,0.533742,0.178278,3
-0.170897,0.225513,0.263669,-0.042231,0.149576,0.125931,-0.451613,0.29592,0.200377,3
-0.35092,0.091042,-0.292183,0.294425,0.297467,0.184064,-0.537047,0.130859,-0.029189,3
-0.375613,-0.490603,-0.913867,0.062964,-0.700852,0.339035,-0.553501,-0.0322,0.088632,3
-0.512076,-0.004808,0.324258,-0.304262,-0.691697,-0.082222,-0.30966,0.191685,0.068844,3
0.242233,0.267511,0.65392,0.096182,0.096095,0.132629,-0.091719,0.449185,0.029025,3
0.128443,0.321804,0.176301,0.202533,-0.091854,-0.00572,-0.277073,0.701226,0.08449,3
0.328681,0.452468,0.732111,-0.452064,0.040725,0.437275,-0.285575,1.151183,0.050745,3
0.308636,0.091129,0.224137,-0.1466,-0.235168,0.173326,-0.412789,1.407057,-0.04084,3
0.1059,-0.157195,-0.266247,-0.217163,-0.135297,0.030588,-0.90276,1.685479,-0.08531,3
-0.056813,0.107128,0.3751,-0.275776,0.301376,0.245543,-0.917782,1.334392,-0.160594,3
-0.878232,1.588663,0.29043,0.37787,-0.018766,0.26658,-0.193379,0.690275,-0.228656,3
-0.211565,0.988111,0.131859,-0.16857,-0.396743,0.405555,-0.172615,0.31547,0.141547,3
0.292192,0.255258,0.7205,-0.024725,-0.383289,0.351076,-0.084102,0.427539,0.379137,3
-0.226501,-0.461479,0.337022,-0.34691,-0.339206,0.433108,0.179828,0.747938,1.906635,3
0.009274,-0.507741,0.202955,-0.379461,-0.119296,0.401898,1.564196,0.713304,1.851335,3
0.347645,-1.1356,0.293221,0.039229,0.372781,0.5315,1.573772,1.049722,1.756442,3
0.105836,-0.917712,0.082133,0.479117,0.052535,-0.080769,1.784699,0.567805,1.054778,3
-0.211336,-0.515006,-0.021212,0.995435,0.469147,-0.272082,0.888754,0.299548,-0.089395,3
-0.393583,-0.359156,-0.015981,0.697909,0.424197,-0.173115,0.710148,-0.190427,-0.150084,3
-0.092554,-0.467464,0.183821,0.215662,0.43984,0.394976,-1.791248,-0.182749,-0.241412,3
-0.039333,-0.660188,0.317098,0.416528,0.014825,-0.097963,-3.976916,0.861314,-0.278515,3
0.066164,-0.892975,0.084191,0.471691,0.049417,-0.129268,-3.615988,1.481912,-0.65451,3
0.043431,-0.550364,-0.035499,0.303832,0.040008,-0.248404,-2.530042,0.962247,-0.001444,3
0.090408,0.139544,0.000152,-0.000671,0.261785,0.163108,-1.34474,-0.25456,0.11637,3
0.437645,-0.169302,0.52225,0.130228,0.450855,0.116673,-0.514667,-0.211351,0.354354,3
0.497383,0.224029,0.330519,0.155344,0.20712,-0.043562,0.649109,-0.84234,0.513109,3
0.341694,0.383661,0.353775,0.323446,0.205773,-0.02943,1.89835,-1.571995,0.158927,3
0.28952,0.263025,0.141854,-0.064511,0.218484,-0.071554,2.421551,-1.682467,-0.018314,3
0.505024,0.153685,0.399355,-0.384797,0.428562,0.252013,2.219145,-1.214688,-0.058758,3
0.430721,0.17989,0.23235,-0.211123,0.427807,0.077792,2.287534,-1.034037,-0.263761,3
0.388134,0.036973,0.19576,0.134447,0.461787,0.16721,2.172014,-0.866008,-0.568207,3
0.391499,0.291188,0.264572,-0.371627,-0.156437,-0.094054,1.880577,-1.191455,-0.888762,3
0.372654,0.190598,0.300856,-0.19758,0.245292,0.41646,1.766762,-1.051244,-1.292832,3
0.17,0.307229,0.071212,0.017562,0.436595,-0.151579,1.500262,-0.533713,-1.244092,3
0.1084,0.341224,0.003155,-0.175371,0.243094,0.029027,1.286607,-0.439737,-0.673645,3
0.227009,0.490662,-0.119852,-0.333942,0.187304,0.076482,1.48998,-0.599975,-0.292208,3
0.382793,0.155858,0.323359,0.244925,0.728337,0.72438,1.072101,-0.862414,-0.268771,3
0.679165,0.071081,-0.013774,0.085866,-0.534856,-0.958892,0.757927,-0.480672,-0.990309,3
0.673394,0.708005,0.771578,-0.902615,1.043401,1.065473,0.168407,-0.245529,-0.259024,3
0.55824,-0.16497,0.555401,0.032963,0.244093,0.651731,-2.926489,-0.217447,3.028131,3
0.291762,0.13963,-0.042555,-0.231384,-0.212009,-0.489949,-2.01512,2.073091,3.568353,3
0.317479,-0.051616,0.349904,-0.715361,0.436785,0.991924,4.160028,-0.311026,-0.630042,3
0.442539,-0.414765,0.784406,-0.251656,0.661013,0.611178,1.491315,0.390923,0.634528,3
-0.097286,-0.297618,-0.127575,-0.132807,-0.634624,-0.093064,1.15587,-0.492496,0.244522,3
-0.327462,-0.564373,-0.174703,0.831784,0.32628,-0.442262,1.277815,-1.534094,0.071721,3
-0.603154,-0.416599,-0.519267,0.780445,0.699063,0.079646,-2.095915,-0.485267,-3.281523,3
-0.884302,-0.259681,-0.252769,0.480561,0.503687,0.498113,-3.059098,-3.583957,0.350428,3
-0.773543,0.037274,0.16806,-0.272873,-0.459837,0.367881,-1.8167,-1.505684,0.140857,3
-0.224653,0.56426,-0.013648,-0.449764,-0.481971,0.390483,-0.693354,-1.298055,0.390291,3
0.399824,-0.526031,0.599792,0.262726,-0.21948,0.177278,-0.7191,-0.976334,0.142849,3
0.182891,-0.231534,-0.065585,0.603935,0.487518,-0.111901,-0.585988,-0.569948,0.104121,3
-0.076015,-0.673583,0.185727,0.832127,-0.090669,-0.387568,0.295388,0.630727,0.159354,3
-0.352509,-0.19685,-0.374001,0.703283,0.871225,-0.090856,1.492339,1.913457,0.149482,3
-0.091135,-0.022143,0.047723,-0.377,0.359836,0.172197,1.277005,1.578895,0.034747,3
0.362559,0.526508,0.452524,0.194471,0.462898,0.26607,1.038257,1.115803,-0.275407,3
0.133162,0.256899,-0.058734,-0.29874,0.058631,0.096076,0.027465,0.207182,-0.24162,3
0.441819,0.157765,0.62284,0.010151,0.601829,0.449204,-0.766879,-0.392894,0.017723,3
0.018639,0.420998,-0.06562,-0.458471,-0.40833,0.282739,-1.666053,-1.376223,0.12682,3
-0.093187,-0.028737,-0.254617,-0.281529,-0.260429,-0.040129,-1.006315,-1.131692,0.110552,3
-0.174406,-0.229305,0.639624,0.726504,0.82592,0.550398,0.00995,-0.455483,0.111271,3
-0.262555,0.15669,0.200523,0.168619,-0.087727,0.013884,-0.329333,0.231026,0.158028,3
-0.316136,0.022803,0.198101,0.267594,0.175148,0.230229,0.106261,0.896638,0.200096,3
-0.025225,-0.344214,0.27282,0.254681,0.391826,0.415721,0.717524,1.329792,0.098114,3
-0.303526,0.346721,-0.105936,-0.317462,-0.043737,0.013724,0.598863,0.948238,0.048262,3
-0.616207,0.870523,0.055137,0.436346,0.239075,0.366998,-0.325999,0.491388,0.754316,3
-0.319846,0.092207,-0.20998,-0.622081,-0.59926,-0.040669,-0.370279,0.105528,0.800675,3
0.147884,-0.251129,0.570786,0.103628,0.039836,0.268746,-0.25728,-0.201956,1.041508,3
0.067237,-0.328521,0.536447,0.368745,0.20256,0.125209,0.734758,-0.709289,0.603297,3
-0.448094,0.104639,-0.181444,0.427292,0.028577,-0.446886,-0.234866,0.258847,0.286758,3
-0.729977,0.100535,-0.114492,0.535762,0.351529,0.367182,0.565196,0.520418,0.259712,3
-0.286605,0.162409,-0.180216,0.49816,-0.720391,-0.323481,1.891401,0.522421,0.114474,3
-0.281228,-0.367792,-0.028914,0.168175,-0.316608,0.006886,2.940126,0.932707,-0.138088,3
-0.088772,-0.515515,0.505892,0.739981,0.276217,0.282931,3.843568,1.161724,-0.127035,3
-0.138234,-0.402613,0.2617,0.314973,0.145023,0.083176,3.365082,1.278536,0.302776,3
0.269472,-0.609672,0.509698,0.854172,0.322009,0.122663,2.031337,1.031494,0.694834,3
-0.285594,-0.5683,0.539699,0.788485,0.198394,-0.009991,0.772083,0.329988,0.374992,3
-0.439802,-0.289182,-0.12217,0.666755,0.23115,0.161792,-0.412749,-0.507884,0.430058,3
-0.344437,-0.064003,-0.13648,0.669803,0.387976,-0.054639,-0.675344,-0.917247,0.747111,3
-0.148254,-0.089272,0.264733,0.336242,0.211198,0.026005,-0.6166,0.161167,0.514424,3
0.706397,0.149057,0.071658,0.318736,0.324099,0.097034,-0.462279,-0.296342,0.710188,3
0.521441,-0.375197,0.51598,0.559636,0.657286,0.36459,-0.930939,-0.395129,0.399732,3
0.538913,-0.227531,0.415764,0.58289,0.708419,0.07726,-1.2903,-0.650573,0.267384,3
0.618901,0.30443,0.148191,0.325687,0.796496,0.273695,-1.006629,-1.290501,-0.19999,3
0.39477,-0.04405,0.135886,-0.597223,0.408724,0.295569,-0.785685,-1.396829,-0.728333,3
1.008632,0.304356,0.172238,-0.915027,0.730279,0.142892,-0.24742,-1.530209,-1.04832,3
0.547394,0.237755,0.372122,0.662513,0.908791,0.406015,-0.01108,-1.331392,-1.371594,3
0.421403,-0.177125,0.169718,-0.005547,0.490173,-0.086214,0.127648,-1.034094,-1.329967,3
0.046433,-0.184684,-0.154715,0.602146,0.69388,0.279564,1.07051,-0.568458,-0.452625,3
-0.055746,-1.016991,0.445236,1.365496,1.592851,1.107275,1.409811,-0.935424,0.057471,3
0.257258,-0.074328,0.153609,0.437767,-0.288594,-0.999645,0.704406,-1.697434,-1.220963,3
-0.387845,0.376894,-0.565367,-0.142446,-0.471472,-0.728175,-0.510616,-1.187941,-0.973108,3
0.278416,-0.064282,0.422848,0.408051,0.364416,-0.003084,-2.261213,-0.194432,2.61202,3
-0.134643,-1.423364,1.023471,1.904323,0.950442,0.318808,-0.112295,-1.018997,3.740678,3
0.403692,-0.415157,0.602304,0.230065,1.243415,1.02167,3.776433,-1.321498,-2.588511,3
-0.443689,0.135228,0.637073,0.214227,0.089507,0.154593,-3.308768,-0.649612,-1.000549,3
-1.289156,-0.317633,0.010264,0.393775,0.003607,-0.128722,-2.343878,-2.26619,0.226165,3
-0.830276,0.045901,-0.218588,1.052898,-0.395496,-0.454581,-2.143692,0.108641,-0.15967,3
-0.088488,0.04332,0.035837,1.14751,0.170218,0.076843,-1.431274,-0.826425,0.103759,3
-0.526778,0.429081,0.003037,0.474644,-0.051476,0.023107,-0.088301,0.053648,0.356072,3
-0.371014,0.268977,-0.082761,0.473628,0.700254,0.514854,0.362446,-0.061726,0.101142,3
-0.172527,0.37238,0.064273,-0.180843,0.579896,0.791994,-0.145635,-0.19697,0.217305,3
-0.907814,-0.401318,0.359975,1.142894,-1.196298,-0.50366,-0.250307,0.109064,0.175211,3
-0.044753,0.147599,-0.291273,-0.01447,0.483426,0.353413,-1.107774,0.604496,0.347179,3
0.138568,0.302169,0.334371,0.125708,-0.474559,-0.085644,-0.420365,0.677042,0.250311,3
-0.390021,0.29801,-0.027634,0.703964,-0.114912,-0.077818,0.343311,0.53239,0.188508,3
0.198099,0.048447,-0.08384,0.455647,0.611917,0.249926,0.215183,0.046944,0.235739,3
0.024198,-0.006447,0.205683,0.473797,0.165514,0.461708,0.181916,-0.417503,-0.128024,3
-0.184022,0.419456,-0.165746,-0.1225,-0.021771,-0.526634,0.540792,-0.51051,-0.026601,3
0.212803,0.105251,0.211403,0.667588,0.713306,0.233736,0.463023,-0.140287,-0.083799,3
0.333072,-0.081876,0.393118,-0.066667,0.218101,0.264423,0.570621,0.19828,0.19058,3
-0.222186,-0.130582,0.227445,0.416609,-0.041405,0.2922,0.295341,0.602701,0.248339,3
-0.179298,-0.061835,0.074271,0.284456,-0.138414,-0.396166,-0.040462,0.35542,0.165884,3
0.388321,0.441526,0.490976,0.684294,1.083214,0.811671,-0.058783,0.273293,0.177197,3
-0.274878,0.445207,-0.099269,-0.441539,-0.193197,-0.349649,-0.066495,0.196277,0.122608,3
-0.148648,-0.166203,0.379086,1.265092,0.461975,0.468122,0.075146,0.034958,-0.00955,3
0.058493,0.000566,0.273746,0.892836,0.010592,0.229212,0.310007,-0.18921,0.162074,3
0.466429,0.26725,0.302646,0.169398,0.617844,0.466759,0.150776,-0.005197,0.058875,3
0.412042,0.095969,0.294926,0.334991,0.150334,0.248867,0.510438,0.577015,0.203227,3
0.265776,0.098726,0.286621,0.295338,0.251962,0.218123,0.840989,0.553516,0.447717,3
0.214571,0.190532,-0.133486,-0.007123,0.460987,-0.244991,0.91875,0.244617,0.321073,3
0.395477,0.306364,0.358729,0.377808,0.825713,0.599136,0.821326,0.697946,0.628822,3
0.111721,-0.236529,0.780562,-0.006915,-0.072361,0.246675,1.074364,0.244678,0.668405,3
-0.221409,-0.385314,0.870155,0.374937,-0.11414,-0.003143,1.55547,-0.223294,1.214751,3
-0.18914,-0.20426,0.227419,1.384708,0.10403,0.285978,2.689792,-1.484924,0.194441,3
-0.955567,0.109776,0.084892,1.279667,-0.733496,-0.092935,2.818482,-0.91844,-0.317517,3
-1.660375,0.121215,-0.280177,0.367108,-1.317287,-0.526434,3.342187,-1.518492,-0.728801,3
-1.36494,0.607946,-0.609685,0.133199,-0.523537,0.0103,4.105097,-1.563467,-0.925781,3
-0.663061,0.468108,-0.255572,0.429206,-0.608636,-0.153198,3.87212,-1.686342,-0.768361,3
-0.604907,0.051241,-0.033613,0.607744,-0.013292,0.065237,2.472166,-0.368555,0.475643,3
-0.421827,0.027199,0.21737,1.193647,-0.026449,0.057244,0.851424,1.222768,1.76963,3
0.33533,-0.485782,0.432815,0.871487,0.421413,0.139016,-1.267408,0.977143,1.820882,3
0.098043,-0.722992,0.489464,0.582551,0.000494,0.058276,-2.345299,0.313557,1.125244,3
0.233768,-0.494376,0.550568,0.389502,0.327537,0.115385,-1.478647,0.303185,0.900108,3
0.409887,0.225591,-0.197845,0.764172,0.599956,0.26548,-1.471711,1.78073,0.787669,3
0.510952,0.112472,0.046987,0.957898,0.026907,-0.004452,-1.537911,0.518208,0.60444,3
0.430705,-0.284699,0.022875,0.207792,0.903706,-0.071276,-1.586396,-0.180512,0.339478,3
0.29028,-0.765463,0.395022,0.670734,0.724703,0.197337,-1.86301,0.485736,-0.125008,3
0.109086,-0.67421,0.420359,0.967245,0.199837,-0.098133,-1.976582,0.222287,-0.563618,3
0.072002,-0.356031,0.064524,0.607844,0.927754,-0.143725,-1.930873,-0.597641,-1.132612,3
0.366027,-0.273966,0.589084,1.242748,0.156437,0.376652,-1.556844,-0.934511,-1.392235,3
0.391786,-0.208715,0.139064,0.461345,0.379126,0.014849,-1.352897,-1.438672,-1.908978,3
0.158952,0.132843,0.154494,0.350141,-0.006487,-0.145854,-1.770338,-1.44464,-2.009939,3
-0.504015,0.183853,0.0341,0.195549,0.578991,0.234529,-0.982902,-1.704667,-1.900473,3
-0.397308,0.116344,0.095886,0.171271,-0.061176,0.229753,0.951238,-1.622026,0.69534,3
-0.537013,-0.183724,-0.041745,0.148618,0.369187,0.057794,0.916092,-0.605375,0.081481,3
0.131774,-0.180867,0.436723,0.877793,-0.103539,0.060545,1.123131,-0.9629,-0.012553,3
0.517554,-0.306129,0.129308,0.949397,0.602057,0.384299,0.764863,-2.457301,-0.078067,3
0.314489,-0.305212,0.335701,1.350647,0.324961,0.023137,-1.040294,-0.647724,-0.791948,3
0.123953,-0.461658,0.382577,1.175728,-0.222048,0.269809,-4.277729,1.277826,1.316293,3
-0.615285,0.26569,0.10891,0.733698,0.173495,0.378374,2.871066,1.218714,5.639793,3
0.11112,0.08243,0.251095,1.02305,0.724327,0.50564,-1.928065,-4.441201,-0.323778,3
-0.979087,-0.496832,0.797456,0.511328,-0.160798,0.725502,-1.759968,-0.578006,-0.154556,3
-1.92038,-0.564408,0.700047,-0.022887,-1.236152,-0.568876,-2.041921,0.512072,-1.085814,3
-0.256468,0.768315,-0.677248,0.01435,-0.9409,-0.448564,-1.701418,-0.258902,-1.388521,3
-0.485502,1.090284,-0.57524,0.063194,-0.687295,-0.217361,-2.216711,1.155905,0.791131,3
-0.61579,1.593416,-0.60398,0.341152,0.857823,0.581759,-0.943786,0.940852,0.206469,3
-0.398723,0.489836,-0.173739,0.20322,0.271224,0.120734,0.064755,0.766751,0.288782,3
-0.218192,-0.707195,0.920759,0.901454,-0.496562,0.216044,1.338512,0.239278,0.903948,3
-0.047322,-0.787839,0.388394,1.182066,-0.28604,0.113701,1.696689,-1.752499,0.345416,3
-0.108356,-0.250896,0.027631,0.907378,-0.286995,0.298794,0.857918,-0.592991,0.149693,3
-0.084593,0.836074,-0.297271,0.418053,0.361982,-0.123405,0.062146,0.087533,0.078691,3
-0.16992,0.852823,-0.174735,0.434245,0.552554,0.277808,-0.249395,-0.06738,-0.059202,3
-0.319806,-0.168928,0.613834,0.431017,-0.554915,-0.093326,-0.634236,0.262136,-0.122735,3
0.331172,-0.538067,0.331144,0.37361,-0.483661,-0.337039,-0.75382,0.876709,-0.079651,3
0.084947,-0.213626,0.189834,0.81375,0.427627,0.441029,-0.489238,0.365669,0.074625,3
0.160281,0.098193,0.379491,0.865166,0.157247,0.127859,-0.135267,-0.252358,0.08417,3
0.240477,0.610204,-0.111386,1.047743,-0.131735,0.312251,0.092377,-0.363192,0.02839,3
0.264809,-0.034069,0.022529,0.964111,-0.044321,-0.09357,0.127622,-0.371096,0.149238,3
0.360482,-0.005247,0.028262,1.478976,-0.228059,0.292117,0.195506,-0.297254,-0.061892,3
0.330434,-0.03853,0.276766,0.375597,0.191125,-0.056389,0.406657,-0.278625,0.138057,3
-0.22279,-0.133336,0.083871,1.098135,0.242422,-0.011848,0.44763,-0.347385,0.067915,3
0.27112,0.087402,0.147919,0.733096,0.270819,0.14663,0.294813,-0.719429,0.20018,3
-0.131358,-0.051046,0.136824,1.083231,-0.148117,0.110158,0.40924,-0.93888,0.008715,3
-0.137687,-0.032631,0.607326,1.858849,-1.140745,0.092524,0.446448,-0.858008,0.004414,3
0.69071,0.044148,-0.139104,0.553265,0.513326,0.172538,0.741622,-0.790335,-0.004713,3
0.254046,-0.493146,0.483678,0.3109,0.349874,0.549025,0.987468,-0.395965,-0.066558,3
-0.681211,0.077498,0.2369,0.283902,-0.794504,-0.154956,1.000008,-0.400493,0.315453,3
0.079702,-0.341412,0.31782,1.173828,0.757615,0.811586,0.733661,-1.128124,0.191082,3
-0.587188,0.474241,-0.157494,0.138351,0.180044,0.197165,1.187881,-1.156122,0.48468,3
-1.047832,-0.345158,0.549039,0.984925,0.154926,0.805991,1.525172,-1.845281,1.487082,3
-0.806338,0.352181,0.507801,-0.061381,-0.384435,0.064808,0.934365,-3.149019,0.093213,3
-0.278501,0.788907,-0.044152,-0.518518,-0.271369,-0.455371,0.823544,-3.548332,-0.703559,3
-0.021985,0.831811,0.084936,0.26812,-1.477446,-0.419277,1.098887,-5.129468,-1.231467,3
0.279618,0.91643,-0.888748,-0.226932,0.128559,-0.212911,-0.44692,-5.288246,-1.26491,3
0.16906,0.231857,-0.081902,0.327789,0.132388,0.137001,0.584988,-1.114544,0.696989,3
-0.660785,0.646033,0.023812,0.863726,-0.367192,-0.167691,0.771146,1.412138,2.598364,3
-1.284015,0.196494,0.643994,1.325538,-0.630163,0.454899,-0.623966,2.603893,2.778913,3
-1.222758,-0.086022,0.914646,1.328586,-0.603712,0.365441,-1.053719,3.634603,1.50884,3
-0.641213,-0.428181,0.49923,0.457578,-0.746573,0.044458,-1.204319,3.415305,0.635511,3
-0.327163,0.357632,0.026425,0.64729,-0.149772,0.15686,-1.108208,2.485706,0.032797,3
0.702657,0.327718,-0.290518,0.66966,0.189016,0.113566,-1.023056,1.596079,-0.080962,3
0.307926,0.571176,0.028143,0.305198,-0.551284,-0.451537,-1.452521,1.364685,-0.259746,3
0.074897,0.02895,0.067356,1.327346,-0.374759,0.339827,-2.030298,0.578492,-0.228018,3
-0.640273,0.024826,-0.034899,0.811634,-0.100092,0.288853,-1.550522,0.055945,-0.161055,3
-0.398234,-0.338724,0.639197,0.881999,-0.454199,0.119246,-1.715441,-0.002023,-0.631202,3
-0.248277,-0.188788,0.588952,0.900219,-0.836248,0.110865,-1.217155,0.768787,-1.01697,3
-0.165937,0.07696,0.396842,0.607119,-0.429893,0.081261,-0.76025,1.337789,-1.110811,3
0.032358,0.292788,-0.124447,0.411549,0.029793,-0.119557,-0.716084,1.16993,-1.229321,3
-0.069631,0.358819,-0.113194,0.650192,0.007118,-0.157068,-0.448827,0.324578,-1.019315,3
-0.452729,0.168397,0.376728,0.442655,-0.170397,0.077257,-0.105377,-0.569158,-0.37211,3
-0.496393,-0.009829,0.667588,1.872833,-0.800261,0.957918,-0.130408,-0.69076,-1.108967,3
-0.159335,0.103605,0.312253,0.074647,-0.167034,-0.065276,-0.348851,-0.957372,-0.847896,3
-0.099128,-0.120483,0.615868,0.749556,-0.23121,0.416135,-0.736591,-1.592146,-0.257611,3
0.197142,0.176114,0.048389,0.185045,0.215932,-0.267071,-1.103499,-1.835135,-0.060205,3
0.106398,0.132015,-0.091917,0.401149,-0.183595,0.120525,-0.104476,1.769106,2.991426,3
-0.329073,0.366529,0.157964,1.220749,0.185733,1.200238,-0.019873,0.950557,4.620161,3
0.016327,-0.323607,0.527377,0.35285,-0.272192,0.453175,-2.65416,-2.449077,-1.76059,3
-0.012793,0.446156,0.529058,-0.426322,-0.089241,0.092412,-0.423165,0.640369,0.094152,3
-0.333433,0.845723,-0.018608,0.285153,-0.091414,-0.003977,-0.885453,0.101537,-0.60727,3
-0.113385,0.813013,0.328922,0.481257,-0.55015,0.200104,-0.93251,1.19772,-0.292498,3
-0.351039,1.238896,-0.256503,-0.10556,-0.424512,-0.207731,0.493341,1.251453,-0.052972,3
-0.313123,1.125799,-0.125918,0.097356,-0.452092,-0.135461,0.50297,1.635711,-0.078644,3
0.431635,0.38922,-0.023581,0.190381,-0.415483,-0.077806,0.305206,0.926632,0.311246,3
0.093563,0.09839,0.31201,0.252457,-0.169149,0.244214,-0.028352,0.220579,0.142864,3
0.739755,-0.010366,-0.192007,0.211173,1.017614,0.275619,-0.026929,-0.228135,0.233712,3
-0.316854,0.368043,0.234383,0.576343,0.335368,0.505697,0.056014,-0.733193,0.35851,3
-0.251014,0.058535,0.276753,0.438224,-0.574042,0.068413,0.072722,-0.249637,0.099058,3
0.044857,0.240562,-0.041383,0.01709,-0.217279,-0.490802,0.206567,-0.034865,0.176963,3
0.303364,0.083653,0.215544,0.679282,-0.502517,0.020295,0.230933,-0.277891,0.053537,3
-0.033814,0.361271,0.026374,0.331081,-0.260565,0.229344,0.302493,-0.172674,-0.076132,3
0.13907,0.111587,-0.306432,0.025008,0.42658,-0.153876,-0.017617,-0.183707,0.065204,3
-0.569488,0.106359,0.465,0.815629,-0.553523,0.593717,-0.495924,-0.659069,0.224021,3
-0.211963,-0.21538,0.51658,0.744243,-0.423342,0.513243,-0.129732,-0.443424,-0.203711,3
0.562601,0.219727,-0.17866,0.578219,0.348173,-0.043522,0.034199,-0.151971,0.196112,3
0.101787,0.070974,0.325582,0.871432,-0.51049,0.337151,0.112026,-0.224655,0.015997,3
0.240231,0.137025,-0.267308,0.166554,-0.076701,-0.336508,0.479683,0.123465,0.103172,3
-0.157671,0.156706,0.045218,0.484205,-0.205033,-0.084867,0.279638,-0.205794,0.118818,3
-0.002816,-0.20884,0.412856,0.697789,-0.624584,0.223307,0.343137,-0.858813,0.12054,3
0.187284,-0.139847,0.41607,0.794802,-0.140235,0.360525,0.329874,-1.411351,0.216691,3
-0.218049,-0.082013,0.183442,0.295458,-0.727004,-0.257977,0.088056,-1.455109,0.108331,3
0.008755,0.263642,0.177193,0.313408,-0.820975,-0.124564,-0.356212,-1.625431,-0.026184,3
0.687402,-0.417677,0.060597,1.10953,-0.318572,0.440817,-0.196224,-1.957103,0.264815,3
-0.162258,0.444492,0.253428,-0.095039,-0.426509,0.188008,0.270298,-2.654335,0.725134,3
-0.046598,0.696126,0.591166,0.740124,0.411165,0.848869,-0.293036,-3.596336,1.676165,3
-0.222375,0.587156,0.319576,0.287527,0.284348,0.283149,-1.746915,-3.952305,0.217808,3
-0.433254,0.716428,0.549082,0.002562,-0.96962,-0.450461,-1.455144,-3.915844,-0.729082,3
0.390458,0.896273,-0.420703,-0.964536,-0.996113,-0.666246,-1.29748,-3.55542,-0.856274,3
0.523932,1.248528,-0.895621,-0.715887,0.189,-0.079822,-1.864948,-1.528075,-0.68105,3
0.809565,0.425066,-0.65416,0.864397,-0.179103,0.387772,0.800106,0.23784,1.079296,3
0.268535,0.277474,0.078823,0.907564,-0.533434,0.289175,1.200883,2.710667,2.667496,3
-1.059986,1.076162,0.322912,0.536239,-1.041941,-0.165361,0.814894,2.747621,1.688549,3
-1.322915,-0.200942,1.242875,0.958156,-0.58788,0.486876,0.262005,2.616631,0.903857,3
-0.707549,-0.396689,0.395096,-0.166305,0.173719,-0.178147,-0.061936,1.920301,0.552516,3
0.447398,-0.380904,-0.190671,0.560456,-0.141318,0.098128,-0.358887,1.781971,0.098972,3
0.340329,0.059424,-0.210522,0.345222,-0.107641,-0.029521,-0.050873,2.021359,-0.533238,3
0.036802,0.571671,0.251343,0.84673,-0.433765,0.498613,0.326964,2.03887,-0.819309,3
-0.344635,0.49357,0.105432,0.536965,-0.461226,-0.137131,-0.150507,1.776956,-0.563331,3
-0.305926,0.246486,0.447975,0.142856,-0.889025,-0.102479,-0.581974,1.228439,-0.511118,3
-0.442499,0.109105,-0.007882,0.830261,-0.902563,-0.009793,-0.587248,1.095033,-0.806675,3
-0.350222,0.145516,0.51196,0.451461,-0.51879,0.463022,-0.509662,1.272531,-1.22657,3
0.112772,0.091699,-0.00677,0.265672,-0.211052,-0.080657,-0.005488,0.94611,-1.27844,3
0.189635,0.143685,-0.102187,0.425294,0.028222,-0.113119,0.18749,0.459434,-0.721895,3
-0.200181,0.459776,0.592453,0.088641,-0.383054,0.052268,-0.598892,-0.204492,-0.766869,3
-0.188233,0.071915,0.057707,0.724796,-0.873979,0.258395,-0.101655,-0.976264,0.207916,3
-0.346394,-0.202569,0.388369,0.300239,-1.175736,0.515962,-0.132473,-0.05951,-0.246621,3
-1.151183,0.901587,0.611437,0.736379,-0.098928,0.35747,-1.536934,-0.310822,-1.061001,3
0.248806,-0.241662,0.055051,0.596888,0.507804,0.167327,0.179317,0.053395,-0.367805,3
-0.184024,-0.299806,0.612515,-0.013652,0.116953,-0.732176,1.390332,2.211246,-0.240061,3
-0.237428,0.885513,0.542048,0.95571,-0.383058,1.304592,-1.983253,0.434997,5.843861,3
-0.757865,1.08775,0.370151,0.407291,-0.173637,0.269468,-4.49658,0.307219,0.037909,3
-0.568907,0.04132,0.794139,0.693605,-0.933971,0.542871,0.821991,0.409188,0.011618,3
0.454564,-0.049295,0.203919,0.099928,-0.304162,0.281273,-0.520603,0.72041,-0.750264,3
1.173407,0.886219,-1.001755,0.26626,0.09899,-0.091853,-1.236115,0.785462,-0.005234,3
0.600498,1.491646,-0.817114,0.142692,0.014049,-0.281868,0.280206,0.0485,0.198748,3
-0.09057,0.720527,-0.282752,-0.064443,-0.191041,-0.107341,1.520944,0.460742,0.09925,3
-0.04403,0.109296,0.44637,0.147853,-0.306053,-0.033459,1.0488,0.67573,0.235361,3
0.177336,-0.218854,0.488346,0.53874,-0.368996,0.495347,1.642739,0.79305,0.090634,3
0.061275,-0.040065,-0.046446,0.5528,0.030237,0.082572,0.520612,0.397977,0.279197,3
0.031151,0.34697,0.308671,0.568479,0.057218,0.183485,-0.1982,-0.210542,0.14636,3
0.529556,0.60141,-0.207789,-0.075543,-0.812745,-0.277304,-0.716838,-0.481917,0.158838,3
0.162179,0.620187,-0.272619,0.184836,-0.408773,0.004616,-1.015634,-0.453538,0.11109,3
0.219161,0.641849,-0.269191,-0.145566,-0.288141,-0.498754,-0.131494,-0.171285,0.088814,3
-0.07005,-0.092259,0.234813,0.733397,-0.89154,0.452573,0.25855,-0.068951,0.100688,3
0.411012,0.455238,0.459261,0.213495,-0.712804,0.497952,0.026113,0.146908,-0.027767,3
-0.351923,0.793894,0.019338,0.144061,-1.00134,0.04291,0.025751,0.006292,0.15205,3
-0.22945,0.912672,0.712784,-0.362609,-1.021128,0.290102,-0.030673,-0.08823,0.068276,3
0.578779,0.392839,-0.077706,0.216147,-1.116402,0.092489,-0.234477,-0.14814,0.061228,3
0.515359,0.321102,0.044909,0.106532,-0.606816,0.082866,-0.293335,-0.36909,0.049747,3
-0.005548,-0.121677,0.165858,0.796882,-0.336403,0.398643,-0.08746,-0.516309,0.017333,3
0.01436,-0.625028,0.27973,0.979246,-0.133101,0.478067,-0.567467,-0.856003,0.015106,3
0.539247,-0.338761,0.014102,0.6108,0.290468,-0.058524,-1.051008,-1.235951,0.209359,3
-0.018735,0.117995,0.492873,0.965803,0.028326,0.814572,-1.499659,-0.783198,-0.174817,3
-0.167679,-0.224531,-0.012389,0.289087,-0.737093,0.080437,-1.195198,-0.673411,-0.021698,3
0.08027,0.073093,0.382559,0.13853,-0.271428,0.104299,-1.218916,-1.041891,0.348645,3
0.267929,0.223422,-0.157529,0.424355,0.021508,0.179043,-0.317091,-2.134188,0.553469,3
-0.072151,0.179596,0.578743,0.513026,0.45489,0.293748,-2.030247,-2.271298,0.828417,3
-0.248154,0.357979,0.548788,1.061494,0.841426,0.21649,-3.312049,-1.509615,0.62972,3
-0.142717,0.65225,0.532429,-0.302306,-0.907702,-0.496387,-3.324733,-1.107929,0.478814,3
-0.113619,0.434494,0.407391,-0.280962,-0.413559,-0.097089,-3.386942,-1.069325,-0.057321,3
0.52936,0.921041,-0.203414,-0.31013,-0.959063,0.051641,-2.331378,-0.527433,-1.19362,3
0.982957,-0.078452,-0.478831,0.172499,-0.91724,-0.296712,0.138384,0.624814,0.718796,3
0.512017,0.53501,0.200429,-0.098306,-1.139871,0.00263,1.367054,-0.011011,1.119627,3
0.487786,-0.006203,-0.019547,-0.067938,-1.52643,0.337568,2.84393,0.251196,1.476083,3
-0.424862,1.609367,0.236547,0.054753,0.120734,-0.403624,3.614674,0.804932,1.301208,3
-0.038672,-0.463729,0.462909,0.029044,-0.410082,0.290152,2.309422,0.700395,0.637225,3
0.142667,-0.725001,0.185985,0.234134,-0.406987,0.094522,0.284001,0.807306,0.533618,3
0.413411,-0.84995,-0.066636,0.278454,0.110878,0.051722,0.065586,1.359708,0.138476,3
-0.049947,0.495827,-0.003675,0.711745,-0.607055,0.254376,0.424794,0.871873,0.225458,3
-0.241137,0.526021,0.288618,0.526073,0.163296,0.276553,0.451652,0.838932,0.033904,3
-0.227977,0.135067,0.029848,0.324935,-0.017064,-0.167326,0.219773,1.358481,-0.648172,3
0.000445,-0.301492,0.578926,0.522044,-0.267646,0.284987,0.149319,1.280421,-0.845263,3
-0.088883,1.202776,-0.206266,0.045332,-0.638527,-0.347864,0.005482,1.25085,-1.148607,3
-0.339611,0.060628,0.638071,0.276638,-0.661074,0.533626,0.590659,1.159575,-1.404359,3
0.166037,-0.023557,0.065628,0.181118,-0.256612,-0.063618,1.312947,0.976822,-1.808167,3
0.632449,0.330498,0.11862,0.282329,-0.145995,0.347008,1.060785,0.285347,-1.075366,3
0.450025,-0.044313,0.045363,0.132396,-0.088832,0.081038,0.408207,-0.553576,0.256251,3
0.647343,0.401275,-0.156539,0.033996,-0.142957,-0.175241,-0.842271,0.247942,-0.436432,3
-0.775643,-0.005609,1.172419,0.032788,-0.710733,0.239418,-1.61136,-0.490769,-0.200641,3
0.087383,-0.249425,0.369761,-0.316243,-0.882406,-0.104181,-1.401855,-0.625218,-0.183293,3
0.234296,-0.161545,-0.087935,0.881173,-0.085177,0.330355,0.671602,2.424992,0.385921,3
-0.128648,-0.042951,0.232829,0.883677,-1.025709,1.033063,-2.329509,-0.027366,3.069056,3
0.073919,0.344586,0.047886,0.070285,-0.090396,-0.61864,-2.301546,0.486421,1.891248,3
0.322532,0.118325,0.049995,0.329595,-0.226971,0.113529,0.696132,-0.127807,-0.474784,3
0.032761,-0.06078,0.927856,0.577667,-0.587929,1.037616,1.449659,0.049003,-0.72623,3
0.879258,0.65319,-0.2947,-0.094709,0.169077,-0.533034,0.290311,0.884437,0.201147,3
0.719768,0.467304,-0.345528,0.391799,-0.519626,0.072724,-0.161925,-0.042338,0.080145,3
0.416394,0.361905,-0.079925,-0.028031,-0.549231,0.298847,0.294287,-0.272107,0.105535,3
0.292264,0.544834,0.071159,-0.580584,-0.665316,-0.309909,0.376766,-0.119911,-0.027385,3
0.347933,0.242393,-0.258299,0.328805,-0.039476,0.198009,0.244229,0.136061,0.11576,3
0.059256,-0.79162,0.20715,1.168365,0.740722,0.938055,0.371158,-0.212202,0.216599,3
0.151442,-0.093676,0.105163,0.142767,0.72828,-0.320358,-0.006145,-0.207698,0.038715,3
0.163702,-0.304952,0.280738,0.400478,-0.82694,0.344986,0.286766,-0.209182,0.254247,3
0.124645,0.382099,0.441191,0.294361,-0.524526,0.731012,-0.026515,0.055961,0.024858,3
0.42908,0.059239,-0.192051,-0.091955,0.268917,-0.5038,-0.110269,0.412064,-0.074626,3
0.515856,-0.267064,-0.107838,0.174177,-0.148863,-0.168446,0.027374,0.362926,-0.077907,3
-0.090108,0.023683,0.154929,0.400105,-0.009674,-0.079072,0.021491,0.262229,-0.113387,3
0.106494,0.184001,0.228106,0.466086,-0.420495,0.543914,0.244929,0.046675,0.056426,3
-0.089839,0.243183,0.428967,0.33527,-0.512232,0.600992,-0.15396,-0.062598,0.024888,3
0.289395,-0.191127,-0.00138,0.553717,0.526022,0.279104,-0.044016,-0.026294,0.18142,3
0.10532,-0.774925,0.252769,0.601123,0.186594,0.450507,-0.274896,-0.102875,0.118216,3
-0.259723,0.030063,0.217953,0.586375,0.305723,0.312236,0.075785,-0.085533,0.168128,3
-0.215611,0.941986,0.122883,-0.038612,-0.5965,-0.008704,-0.249043,-0.032953,0.093334,3
0.145073,0.542148,0.315382,-0.076267,-0.862476,0.356176,-0.315449,-0.215218,0.05707,3
0.126657,-0.588281,-0.088012,0.4457,0.204602,-0.196386,-0.317597,-0.412131,0.269276,3
0.441757,-0.351849,0.351355,0.520901,-0.169561,0.360713,-0.464666,-0.363816,0.073512,3
-0.136469,0.302852,0.355189,-0.154931,-0.292595,0.091973,-1.09794,-0.52457,0.118832,3
0.159019,0.042769,0.308486,0.209354,-0.982362,0.417083,-0.784988,-1.312566,0.456159,3
-0.030536,0.464844,0.250026,0.220096,0.303339,0.386667,-0.797926,-1.605915,0.964878,3
0.590353,0.230416,-0.01403,0.710574,0.379123,0.375597,-1.417995,-1.813679,1.556362,3
-0.087789,0.169017,0.601293,1.565581,-0.22673,1.518181,-3.539532,-1.190542,0.888765,3
0.246859,0.84958,0.510733,0.256953,-0.961534,0.990572,-4.022914,-1.177713,-0.458011,3
0.485649,0.50767,0.105027,0.189137,-0.604432,0.693609,-3.935742,-1.133201,-1.818286,3
1.018185,0.565011,-0.71384,-0.961276,0.342834,-1.184644,-2.71246,0.120791,-1.320148,3
0.442365,0.392533,-0.259188,-1.506892,0.803034,-1.252409,-1.250877,-0.111911,-0.3297,3
0.369871,-0.16235,0.202555,-1.896746,1.486702,-1.600809,0.854169,0.422205,1.464056,3
0.118404,0.874886,0.145654,0.463308,-0.490672,0.690438,0.526979,0.238447,1.471281,3
0.132842,0.416173,0.47407,0.659448,-1.407361,1.029842,2.038651,1.391624,1.809793,3
-0.130102,0.634001,0.457376,0.314087,-0.667289,0.419595,1.967697,2.115335,1.360606,3
0.077178,-0.459221,0.218829,0.480465,0.313343,0.070827,0.953296,1.5002,0.757923,3
0.586381,-0.287334,0.041042,-0.105759,0.254449,-0.048858,1.738145,1.567295,0.353008,3
0.590761,0.491771,-0.567627,0.260738,0.385835,-0.284252,1.646673,1.712369,-0.060018,3
0.055798,0.32831,0.051006,0.976332,-0.479445,0.432263,1.284602,1.162169,-0.518737,3
-0.14953,0.138019,0.132554,0.447453,-0.860666,0.112257,1.318305,0.13413,-0.272546,3
-0.579615,0.648939,0.871874,-0.269303,-1.025874,0.423466,1.248221,0.143297,-0.464094,3
0.054848,0.176619,0.205271,-0.563551,-0.621079,-0.400707,0.995194,0.612611,-0.906599,3
0.172245,0.270828,0.44099,-0.104921,-0.325617,0.351255,2.168064,0.393857,-1.228449,3
0.113339,0.115972,0.019443,-0.251928,0.092611,-0.149114,1.681781,0.102832,-1.249628,3
0.600869,0.150304,-0.255745,-0.151424,0.404924,-0.364612,0.578492,-0.250099,-0.697483,3
0.155687,0.295514,0.205637,0.388759,-0.375027,0.135265,0.092412,-0.848069,-0.397072,3
-0.345135,0.254287,0.373271,0.489561,0.090673,0.126797,-0.467004,-0.80536,-0.079689,3
-0.025568,0.047771,0.219015,0.362348,-0.001094,0.009665,-2.857924,-0.432465,0.790135,3
-0.089947,-0.194373,0.282137,-0.051703,-0.644096,0.084578,-2.86733,-0.540338,-0.09831,3
-0.147133,0.697001,0.295742,0.387086,-0.809553,0.758165,0.073283,0.197315,-1.254056,3
-0.066831,0.168826,0.162911,-0.150164,-0.751028,-0.068947,3.842751,1.176757,-1.164148,3
0.106145,0.496939,0.367761,-0.083055,-0.047984,0.154143,0.356397,3.251678,1.805413,3
-0.150557,0.454186,0.221032,-0.554849,-0.980912,0.037174,-5.806107,3.618899,2.994315,3
0.588262,-0.208248,-0.086175,0.424629,0.045421,0.408926,2.165222,0.763891,1.763899,3
0.141506,0.276707,0.123939,0.788745,0.024656,0.525143,0.313917,-0.806278,-0.80602,3
0.556396,-0.484685,0.074739,0.165529,0.170778,0.258529,0.574914,0.426738,-0.759642,3
1.02161,-0.004285,-0.392284,0.345145,0.064139,0.136831,0.966757,1.605641,-0.033218,3
0.859574,0.679903,-0.239346,-0.193355,0.370754,-0.342332,1.157004,0.362589,0.059444,3
0.168331,0.624373,-0.094633,-0.184803,-0.753643,-0.147176,1.082786,-0.374927,-0.207868,3
0.090621,-0.105444,0.333444,-0.031668,0.012206,-0.045782,1.375258,-1.022809,0.404404,3
-0.43618,0.352861,0.785786,0.290134,-0.448063,0.736155,-0.859176,-1.128661,0.365692,3
-0.117697,-0.226845,0.320686,0.034434,-0.547535,0.154019,-1.310613,-1.000771,0.340646,3
0.057561,-0.516223,0.401224,0.559184,-0.084512,0.407949,-0.271824,-0.619168,0.163065,3
0.594678,-0.239431,-0.018378,0.465997,-0.302267,0.176097,0.740258,-0.084015,-0.138083,3
-0.014155,-0.138146,-0.252065,0.583878,-0.330588,-0.125512,1.312841,-0.025636,-0.113524,3
0.067788,-0.158507,0.286847,0.495906,-0.091772,0.350948,1.236717,0.067236,-0.207015,3
-0.108566,0.360729,0.102532,0.345528,-0.478927,0.320313,0.375376,0.08619,0.167747,3
-0.022947,-0.35672,0.212638,0.624611,-1.081316,0.549621,-0.664774,-0.198732,0.232721,3
0.375529,-0.233561,0.101992,0.295687,-0.506129,0.328056,-1.198485,-0.423593,0.047559,3
0.055825,-0.583598,0.143916,0.196441,-0.585679,0.323069,-1.033624,-0.72754,0.136268,3
0.208333,-0.421688,0.310591,0.192076,0.400831,0.073005,-0.53889,-0.846776,-0.050254,3
0.082038,0.368245,0.276113,0.088301,-0.189265,0.25323,-0.156293,-0.615724,-0.036032,3
0.390082,-0.107738,-0.265632,0.124186,-0.135678,-0.20144,-0.009564,-0.737963,-0.060741,3
-0.097938,-0.145964,0.337868,0.155711,-0.65147,-0.041341,-0.370046,-0.989467,0.072663,3
0.260379,-0.573772,0.415914,0.417725,-0.393133,0.29794,-0.66913,-1.033965,-0.06957,3
0.077599,-0.310382,0.474892,0.234551,-0.786956,0.662063,-0.933133,-1.405673,0.077674,3
0.34517,-0.120982,0.135044,0.305972,0.021653,-0.127462,-1.174337,-1.956542,0.133769,3
0.003766,-0.256947,0.540504,0.717632,0.622966,0.45389,-1.97026,-2.001865,0.18746,3
0.12077,0.350869,0.468373,0.066563,-0.20458,0.363835,-2.434507,-1.275303,1.263382,3
-0.098515,0.815206,0.733996,0.05599,-0.231062,0.747655,-2.606608,0.169273,1.718698,3
0.844648,0.558168,-0.115955,-0.311191,0.50636,-0.136084,-2.870041,0.011469,1.046658,3
0.534825,0.927997,0.014107,-0.348226,0.197779,0.02389,-3.841712,-0.686692,-0.662909,3
1.033279,-0.558959,-0.420351,0.047809,0.585569,0.093423,-3.658381,0.668878,-1.018189,3
0.988603,0.128069,-0.083612,-0.416578,0.472735,-0.589671,-2.011699,-0.245805,0.248414,3
0.472227,0.705564,-0.110421,-0.290878,0.029416,-0.00747,1.189876,0.702902,1.441802,3
-0.134323,0.817755,0.575855,0.454726,-0.285438,0.618357,3.659204,1.017782,2.158294,3
-0.17969,1.25506,0.218403,-0.197264,-0.550628,-0.006587,4.202507,0.462777,1.065878,3
-0.174765,0.612983,0.299536,-0.071571,-0.59235,0.115436,2.714987,-0.178667,-0.054694,3
0.245615,-0.314772,0.255515,0.102638,-0.24708,0.265451,1.752606,0.664446,0.077893,3
0.605978,-0.6731,-0.211354,0.051596,0.531024,0.074715,0.274924,1.256674,-0.215651,3
0.566279,-0.264109,-0.147326,0.080425,0.148111,-0.184197,0.257933,1.403114,0.080626,3
-0.071367,-0.145791,0.257201,0.191067,-0.394606,-0.036085,0.703011,1.367846,-0.205603,3
-0.10583,0.889967,-0.101785,0.41919,-0.280408,-0.084657,0.687821,1.151906,-0.250207,3
-0.645458,0.306597,0.725368,0.406474,-1.192515,0.603955,0.321598,1.141232,-0.409461,3
-0.216609,-0.160691,0.38616,0.265852,-0.662656,0.267644,0.194536,1.037387,-0.957438,3
-0.047394,-0.1502,0.294233,0.227042,-0.688092,0.111705,0.808617,0.587622,-1.326355,3
0.00017,-0.357892,-0.011249,0.341024,-0.09129,-0.225967,1.560977,0.060037,-1.360044,3
-0.112669,0.064715,0.034434,0.138047,-0.674758,-0.104663,1.906199,-0.237049,-1.159515,3
-0.252854,-0.059386,0.22536,0.158533,-0.491073,0.075698,0.963768,-0.267843,-0.498569,3
-0.343255,0.336552,0.310012,0.273485,-0.398042,0.287298,-0.166739,0.146587,-0.475155,3
-0.277348,-0.247109,0.28688,0.421181,-0.253737,0.020169,-1.491004,0.31778,0.394873,3
-0.024526,-0.215991,0.411167,0.907233,-0.223492,0.62047,-2.637129,-0.573606,0.170285,3
-0.414414,-0.130755,0.23138,0.227166,-0.857135,0.016709,-1.375325,-0.380844,-0.720037,3
0.088072,0.372146,0.302512,-0.020805,-0.563379,0.27178,2.704298,1.936091,-1.117443,3
0.267587,0.500069,0.085448,-0.034344,-0.294647,0.122435,-2.284361,1.732607,5.297349,3
-0.336794,0.179763,0.649644,1.044415,-0.521436,1.189958,-3.262349,2.698969,3.05087,3
0.222393,0.531448,0.567072,0.520483,-0.188456,0.709925,2.314018,-0.067905,-0.443009,3
0.433635,-0.088343,-0.050307,-0.012357,0.719071,0.081643,0.409706,-0.291934,-1.109549,3
0.465723,-0.018472,-0.005555,-0.225493,-0.020935,0.117736,1.843905,0.842806,-0.805265,3
0.792977,0.392296,-0.059346,-0.725407,0.101644,-0.554663,0.045138,1.62656,-0.013209,3
1.135967,0.203796,-0.647037,-0.188359,0.305422,-0.28849,0.263916,0.488441,-0.075206,3
0.561109,0.524707,-0.560642,-0.512927,0.098389,-0.69563,1.680116,-0.545,0.196967,3
0.177117,0.26111,0.522702,-0.159873,-0.423318,-0.029242,1.475294,-0.671917,0.31623,3
-0.639229,0.232312,0.732344,-0.017974,-0.142795,0.402815,0.082921,-0.45539,0.049329,3
0.152861,-0.287462,0.004569,0.509688,-0.265544,0.298915,-0.364894,-0.313444,0.444082,3
0.29638,-0.512131,0.246803,0.481716,-0.89781,0.471044,-0.337542,-0.581459,-0.033558,3
1.017743,-0.229404,-0.069241,0.274625,-0.00033,0.209148,0.42311,-0.496868,-0.159597,3
0.632856,0.218515,-0.074387,0.091931,0.047293,0.030757,0.725313,-0.019983,-0.0363,3
0.660056,-0.11172,-0.135329,-0.01359,0.208917,-0.117503,0.657665,0.133266,-0.021608,3
0.110925,-0.032654,0.35131,0.275344,-0.503745,0.027558,0.110967,-0.026874,0.092225,3
0.093586,-0.336127,0.664424,0.734965,0.825164,0.951359,-0.187929,-0.241436,0.017673,3
0.187514,-1.156006,0.080156,0.796268,0.295038,0.176663,0.164926,-0.216197,0.07728,3
0.388327,-0.326426,-0.074903,0.16387,0.904849,0.096515,0.301744,-0.281543,0.087214,3
0.343827,-0.253521,-0.097402,0.004017,-0.222872,-0.043648,-0.115508,-0.399462,0.056318,3
0.024207,0.127218,-0.096252,0.107359,-0.421034,-0.221673,-0.380769,-0.709203,-0.04035,3
-0.130422,0.156145,0.514254,0.159289,-0.452412,0.499158,-0.623368,-1.148171,0.14693,3
0.040466,-0.411985,-0.023701,0.583693,-0.250692,0.143818,-0.707067,-1.220605,0.130671,3
0.095114,-0.181675,0.38276,0.536489,-0.280578,0.35542,-0.92555,-1.122891,-0.107106,3
-0.115647,-0.229959,0.416981,0.395526,-0.581862,0.401082,-1.107542,-1.385312,-0.07678,3
0.652701,-0.215616,-0.186577,0.089249,0.406014,0.152311,-0.801494,-1.691951,0.186032,3
0.53216,-0.262725,0.221209,0.419376,0.532403,0.288926,-0.801678,-1.449691,0.504876,3
0.62174,0.10183,0.335302,0.639023,1.328561,0.757854,-1.368152,-0.452952,1.305996,3
0.189054,0.325951,0.715901,0.283071,0.566017,0.389263,-2.239251,-0.169473,2.424005,3
-0.059595,0.465988,0.947822,-0.20049,0.138271,0.20218,-3.42892,-0.610646,0.344533,3
0.146573,0.213091,0.463584,-0.500623,0.128323,0.005536,-3.999656,-1.274856,-1.005258,3
0.753348,0.149328,-0.269376,-1.019331,0.247974,-0.691178,-3.650949,-0.165107,-1.703558,3
1.204888,0.239666,-0.647935,-1.503802,0.866717,-1.150482,-1.470432,-0.396445,0.10146,3
0.804773,0.295615,-0.742823,-0.689851,1.183118,-0.421019,0.978773,-0.677628,1.486298,3
0.06715,0.27354,-0.099123,0.093331,-0.35113,0.070056,3.464038,0.590042,2.019107,3
-0.180892,0.327633,0.432676,0.768792,-0.51072,0.372684,4.395199,1.298028,1.337104,3
-0.880525,0.529395,0.966373,0.642649,-1.261705,0.48868,3.751822,0.6411,0.369988,3
-0.808632,0.115497,0.696492,0.490843,-0.637998,0.430325,1.985423,1.513612,0.081873,3
-0.331155,0.086996,-0.02478,0.108905,-0.281763,0.107484,1.037385,1.738575,-0.35548,3
-0.006152,-0.159623,-0.080558,0.06909,-0.170144,-0.032817,0.756093,1.538178,-0.390208,3
0.542798,-0.422992,-0.044209,0.489669,-0.319077,0.631713,0.557576,1.364433,-0.288075,3
0.002804,0.354204,-0.356552,-0.297434,-0.134774,-0.620902,0.687152,1.075803,-0.126416,3
-0.475199,0.860091,0.434849,-0.129734,-0.350379,0.231294,0.497622,1.041175,-0.359339,3
-0.216544,0.567068,0.14469,0.190256,-0.731064,0.080453,0.208205,1.052242,-0.772303,3
-0.622246,0.015611,0.719581,0.220809,-1.121489,0.678446,0.499343,0.878023,-1.058362,3
0.310897,-0.03724,0.081611,-0.027271,0.075833,0.022986,0.439351,0.856986,-1.05905,3
0.052356,0.275872,-0.017674,0.18557,-0.2541,-0.051378,0.404707,0.453125,-0.666129,3
0.05948,-0.436875,0.137292,0.267778,0.00058,0.101761,0.301959,0.040545,-0.264383,3
0.044443,0.206897,0.282771,0.085085,-0.510587,0.055058,-0.238585,-0.359533,-0.470644,3
-0.03974,0.074199,-0.235518,0.028856,-0.027473,-0.297962,-0.979375,-1.060501,0.37678,3
-0.47052,0.322208,0.423786,0.158821,-0.919642,0.65836,-2.158109,-0.458856,0.178116,3
0.167196,0.015507,0.009535,0.145125,0.252284,0.006461,-1.964143,0.218673,-0.572412,3
-0.055164,-0.147852,0.183795,0.225439,-0.388413,0.174128,0.300094,0.815127,-1.387246,3
-0.070487,-0.03321,0.362117,0.28086,-0.358555,0.191944,2.509068,2.128937,-0.190789,3
-0.297609,1.358815,0.369611,0.02708,-0.24309,0.523415,-1.285065,-0.073968,3.467847,3
-0.551754,0.420849,0.512037,0.563351,-0.680867,0.180915,-1.382984,1.708522,3.700704,3
-0.646278,0.582291,0.591516,0.635254,-0.622731,0.955908,-0.207973,1.161652,-0.686246,3
-0.358107,-0.040548,0.128377,0.272495,-0.506238,0.323526,1.059423,-0.252858,-0.592284,3
0.966058,-0.568048,-0.006602,-0.070272,0.120722,-0.004015,1.572486,0.68345,-0.441674,3
0.924307,0.456526,-0.101027,-0.265643,0.705053,-0.262336,0.514984,0.896172,0.134955,3
1.018499,0.314687,-0.389749,0.095253,0.212879,-0.588134,0.673696,0.139551,0.029556,3
0.358071,0.819631,-0.514208,0.122556,-0.334232,-0.107179,1.514822,-0.201198,-0.194606,3
0.69338,-0.034469,-0.085045,0.200126,0.049873,-0.00707,1.336798,0.192996,0.147774,3
0.268359,-0.432165,0.536417,0.3971,-0.067472,0.601474,0.421298,-0.233283,0.123351,3
0.393942,-0.569052,0.201663,-0.086335,0.278303,-0.350752,-0.507174,-0.3418,0.310349,3
-0.266181,-0.256722,0.573708,0.6215,0.470371,0.770327,-0.758955,-0.648181,0.30296,3
1.06706,-0.834947,0.14078,0.480264,1.514254,0.126642,-0.327702,-0.743538,0.039642,3
0.419364,0.45984,0.023409,-0.017911,0.401315,-0.072354,0.171682,-0.537419,0.115951,3
0.990318,-0.277759,-0.406955,-0.534126,-0.353676,-0.544169,0.907233,-0.062232,-0.083655,3
0.17357,0.372007,0.195131,0.127148,-0.039497,0.33749,0.88698,0.092666,0.022384,3
0.35787,-0.190222,0.027451,0.635975,0.110467,0.403603,0.194978,0.241904,0.059199,3
0.028074,-0.160078,0.338993,0.674102,-0.249935,0.63672,0.115921,0.143733,0.117706,3
0.077828,-0.386454,0.22027,0.460435,0.562875,0.309689,-0.066704,0.006378,0.10995,3
-0.224248,-0.453915,0.276611,0.37488,0.105052,0.150107,-0.364464,-0.390027,0.100054,3
0.219891,-0.281316,0.18584,0.185624,0.029897,0.305792,-0.715386,-0.695165,-0.017845,3
0.263538,-0.111732,0.056262,-0.179846,-0.019033,-0.461463,-0.642288,-0.996997,0.201602,3
0.485347,-0.407768,0.095088,0.561355,0.663265,0.504252,-0.198648,-0.996359,-0.10246,3
1.323409,-0.619409,0.018764,0.37915,1.345064,0.038325,-0.043144,-1.074764,0.127306,3
-0.382898,-0.286037,0.407312,0.248596,0.307952,0.235596,-0.18157,-0.960874,-0.123755,3
-0.407354,-0.06354,0.449537,0.077387,-0.222161,0.187771,-0.404581,-0.814369,0.04859,3
-0.070476,-0.048721,0.28681,0.208579,-0.602585,0.326441,-0.645832,-1.225251,0.010499,3
0.128695,-0.14043,-0.031742,0.059527,-0.266678,0.15885,-0.878021,-1.485782,0.369342,3
0.598089,-0.047089,-0.31215,0.246732,0.644454,-0.255022,-0.895296,-1.541896,0.902652,3
-0.054487,0.080157,0.602873,0.689879,0.596246,0.654593,-2.527609,-1.651452,1.661237,3
-1.031201,0.385127,1.012386,0.016797,0.431989,0.675176,-4.21615,-1.55183,0.62203,3
0.058276,-0.274529,0.87996,-0.17629,-0.050408,0.493929,-5.132856,-1.769673,-0.561375,3
0.879288,0.650884,-0.153028,-0.710015,0.00618,-0.323654,-4.889098,-0.707232,-1.868032,3
1.123146,0.450796,-0.727643,-0.70437,0.29639,-0.184622,-1.610112,0.354784,0.222643,3
0.734716,0.436139,-0.188472,-0.608245,0.532997,-0.477666,1.406428,0.212156,1.900526,3
0.589431,0.395365,-0.192966,-0.112404,0.466122,0.094732,4.195964,0.737869,2.35712,3
0.004428,0.306679,0.657807,0.498547,0.446611,0.356647,4.788482,1.652833,1.517179,3
-0.076151,-0.146714,1.030311,0.297768,0.059497,-0.054569,3.949793,0.422681,0.309491,3
-0.159629,-0.07149,0.632742,0.39751,-0.395396,0.223256,1.416849,1.166939,-0.222347,3
-0.130112,0.230552,-0.168421,-0.340712,-0.44638,-0.067432,0.3282,1.908222,-0.429595,3
0.189728,0.821135,-0.415871,-0.620063,-0.414258,-0.203931,0.741676,1.76343,-0.719259,3
0.294548,0.117171,-0.414184,0.142871,0.307829,0.266418,1.185897,1.527289,-0.488638,3
0.00267,-0.116193,0.089053,0.736985,0.127725,0.127601,0.584215,1.435325,-0.215752,3
-0.206237,0.123328,0.259294,0.929984,-0.031478,0.566165,-0.672034,1.013207,-0.121325,3
-0.539382,-0.272534,0.591102,0.4776,-0.424035,0.113706,-1.23349,0.785717,-0.004794,3
-0.525842,0.005826,0.327681,0.218866,-0.647694,0.21761,-1.515315,0.077141,-0.053235,3
-0.106082,0.174352,0.036592,-0.134515,-0.269479,-0.097948,-0.367598,-0.55505,0.052349,3
0.072601,0.483317,-0.019885,0.117939,-0.377725,-0.290808,0.242508,-0.082661,-0.434973,3
-0.177846,0.108856,0.055222,0.117742,-0.323464,0.114521,0.111704,0.191369,-0.647717,3
-0.283029,0.120481,0.412682,0.315918,-0.077636,0.411645,0.143517,0.280578,-0.927018,3
-0.06361,0.003631,0.106663,0.188698,0.022356,-0.266658,0.761167,-0.130467,-0.748827,3
0.067775,0.013087,0.14514,0.241933,-0.229589,0.039116,0.78986,0.160294,-1.071139,3
0.036645,0.396908,-0.235697,0.517454,-0.363211,0.185487,0.841712,0.511573,-1.155963,3
-0.084011,-0.128855,0.325982,0.598155,-0.069355,0.670588,1.655153,0.911957,-1.528516,3
0.052242,0.580209,-0.02129,-0.416605,0.01784,-0.644179,2.397375,1.113233,-1.798139,3
-0.510052,0.148196,0.354382,0.857863,-0.029994,0.607571,2.693321,1.896485,-1.674111,3
-0.102547,0.470886,0.219482,0.007522,0.098973,0.150352,-1.386704,4.147888,4.12223,3
-0.546032,0.754924,0.291928,0.233765,-0.196805,-0.190994,-10.007855,-0.533218,5.123799,3
-1.222208,0.402914,0.829649,0.385665,-0.904352,0.405438,-0.845473,-0.265771,1.779265,3
-1.360023,0.273685,1.109125,-0.052591,0.219584,0.13565,2.98807,-1.902547,1.190978,3
-0.908398,-0.385497,0.417056,0.593635,-0.270177,0.110008,-2.298568,0.319349,-0.578932,3
0.861381,-0.342355,-0.512156,-0.027701,-0.045183,0.151088,1.465982,1.948787,-1.132747,3
1.387772,0.949336,-0.442744,-0.260895,0.326547,-0.05878,1.55637,2.035561,-0.668761,3
1.536609,1.175957,-0.402517,-0.050942,0.19739,-0.142909,1.488028,0.497966,-0.246326,3
1.120775,1.032625,-0.083251,-0.194055,0.140934,-0.110544,2.365026,0.229124,-0.173368,3
0.920743,0.504018,-0.036651,-0.272396,0.306906,0.145494,0.844472,0.030953,0.835107,3
0.134475,-0.245292,0.38072,-0.109762,0.389961,0.088673,-0.784365,-1.437525,0.330503,3
-0.072072,-0.564116,0.543913,0.278979,0.386761,0.468381,-1.05304,-1.825554,0.393513,3
0.645195,-0.16484,0.220275,0.208072,1.020299,0.433925,-0.735677,-1.342737,0.270345,3
0.553164,0.089135,0.233712,0.748104,0.809701,0.720374,0.046081,-0.26943,0.017574,3
0.717385,0.0936,-0.186285,-0.050772,0.525812,-0.026778,0.454283,0.530765,-0.112454,3
0.536696,0.263323,-0.12851,-0.38023,0.258315,-0.282597,0.683124,0.45029,-0.124839,3
0.504119,0.264828,-0.119491,-0.002463,0.250524,0.205926,0.455048,0.522264,-0.041974,3
0.439333,-0.092002,0.147468,0.017759,0.200633,-0.004482,-0.529531,0.314519,0.029534,3
0.221062,-0.170949,0.024667,0.138077,0.313441,0.204962,-0.680243,-0.057703,0.200724,3
0.217834,-0.285735,0.551398,-0.009637,0.262973,0.187546,-0.021381,-0.320764,-0.064516,3
0.418074,-0.21183,0.045576,-0.332912,0.738213,0.089407,0.522745,-0.836003,0.029772,3
0.723593,0.286935,-0.240472,-0.053674,0.60452,-0.375115,0.584025,-0.735601,0.013701,3
-0.050205,0.479753,0.046857,0.372477,0.242949,0.36233,-0.138222,-0.408249,-0.09915,3
0.255922,-0.277856,0.423357,0.467996,0.237269,0.397494,-0.632706,-0.519953,-0.027081,3
0.21084,0.007346,0.224326,0.622196,0.063355,0.286901,-0.524134,-0.840605,0.010666,3
0.241732,0.2455,-0.258403,0.441694,0.202564,0.170023,-0.593052,-1.030072,-0.201354,3
-0.494237,0.035024,0.019168,0.494049,0.041175,0.104576,-0.764136,-1.287785,-0.16164,3
-1.040911,-0.599229,0.449991,0.463804,-0.250104,-0.265506,-0.992725,-1.162211,-0.038194,3
-1.947541,-0.231773,-0.269855,1.212831,-0.625862,0.234543,-0.704928,-1.506654,0.211766,3
-1.749258,-0.718854,-0.106045,2.023542,-0.731791,0.301503,-1.018541,-2.041059,0.622334,3
-0.612362,-0.815577,1.396582,2.513586,-0.33132,0.872188,-2.819584,-2.141283,1.309782,3
0.058335,-0.68054,0.401357,1.582808,0.378248,1.017864,-5.328805,-1.357319,1.331516,3
-0.536359,-0.301387,0.114871,0.476908,1.38316,0.670637,-3.733729,-0.261481,0.1903,3
0.401602,-0.650245,0.439191,-0.060158,1.325071,0.023763,-2.646685,-0.627867,-1.038601,3
1.294546,0.053126,-0.479445,-0.221621,0.487868,-0.82487,-0.675799,-1.733835,-0.698672,3
1.147838,-0.043856,0.010119,-0.632336,0.475691,-0.438294,4.321768,-2.199054,1.228258,3
1.192275,-0.290697,0.229158,-0.539262,0.357564,-0.233643,6.530817,-1.486224,2.009601,3
0.270675,-0.344332,0.376357,-0.326953,1.076404,0.181087,4.973007,-0.769029,1.184715,3
-0.04433,-1.019621,1.283255,-0.253711,1.598449,0.643734,3.881387,0.114778,0.736228,3
0.33571,-1.110163,0.851296,0.603413,0.831111,0.574717,1.932397,-0.295172,0.123047,3
1.207563,0.311335,-0.422004,0.461058,0.659608,0.034525,1.012839,0.169826,0.125281,3
0.506337,0.857653,-0.407531,-0.022647,0.79983,0.269929,0.733167,0.484974,-0.083211,3
0.032697,0.245473,0.25003,-0.137751,0.146696,-0.034649,-0.132803,0.460009,0.140751,3
-0.387233,0.634807,-0.332508,-0.221335,-0.011939,0.059216,-0.931476,0.173576,0.507169,3
-0.608783,0.71514,-0.394647,0.039252,0.602844,0.306716,-0.87739,-0.031747,0.380461,3
-0.197719,0.447588,-0.250054,0.241287,0.144542,-0.327172,-0.139558,0.222456,0.016242,3
0.617456,-0.680811,0.747255,0.205046,0.791739,0.476439,0.476151,0.447036,-0.420047,3
0.38008,-0.552239,0.063837,0.424564,0.212422,-0.437371,0.85612,1.192416,-0.947386,3
0.44965,-0.347752,0.50955,0.297995,0.385014,0.304859,0.688536,1.633921,-1.180067,3
0.314943,-0.356872,0.289166,0.394656,0.732947,0.039289,0.782874,1.394161,-1.060311,3
-0.467694,0.169841,0.215325,0.346947,1.001939,0.598813,1.416009,1.015875,-1.079306,3
-0.205787,0.423875,-0.733391,0.029832,1.046524,-0.209757,1.351949,0.869529,-1.386603,3
-0.299593,-0.321859,0.501413,0.79253,0.241474,0.263832,0.546646,0.620207,-0.865753,3
-0.665212,-0.745959,0.142317,0.861441,0.188822,-0.504402,0.957672,-0.632161,-0.015963,3
-0.285858,-0.927614,0.180367,0.533927,1.455142,1.015497,-0.182178,-2.052207,-0.172672,3
0.438223,-0.42055,0.049116,0.3615,0.885842,0.052797,-0.159078,-1.465436,-1.452822,3
0.893044,-0.525489,0.964765,0.616016,1.037729,0.807669,1.503528,3.950382,-2.098252,3
0.630204,0.518564,0.03191,-0.305089,0.534994,-0.097987,-1.856358,3.444196,4.965851,3
-0.770744,-0.097023,0.64482,-0.170161,0.78668,0.353851,-9.468268,-4.198525,7.048016,3
0.203382,-0.425956,0.592361,-0.868005,1.683992,0.39884,-0.706776,1.898912,0.93178,3
0.061868,-0.919626,0.265899,-1.247471,1.137289,0.394195,4.350907,2.651222,-2.372077,3
1.639408,0.257197,-0.233495,-1.003031,0.684067,0.201492,1.576683,2.211815,-1.662238,3
1.121076,1.995544,-0.391985,-0.716362,0.018789,-0.513441,-0.803747,3.061765,-0.75056,3
-1.034543,2.228186,-0.314207,-0.452719,-0.126373,-0.453583,-0.303756,2.662795,-0.607175,3
-1.399284,0.996859,-0.626724,-0.156278,0.4606,-0.174862,2.026892,2.195697,-0.151601,3
0.238847,-1.240981,0.641789,-0.872711,0.949732,0.509801,2.250447,0.232349,0.770498,3
0.486742,-1.021428,0.467374,-0.111528,0.627374,0.391599,0.815563,-3.464525,1.141676,3
1.420399,-0.16777,0.677315,-0.466333,1.00846,0.232286,-0.868952,-4.008946,0.175069,3
1.491956,0.486902,0.504875,-0.649813,1.24678,0.873882,-0.619452,-1.315254,0.047518,3
0.575071,1.366492,-0.291902,-0.40496,0.556709,-0.140106,1.010399,1.169979,0.217612,3
-0.541947,1.079293,-0.451539,-0.604474,0.443093,-0.205741,0.994082,1.608826,-0.647974,3
-0.699464,-0.636115,-0.172077,0.160747,0.764364,-0.125408,1.214338,2.047561,-0.274215,3
0.512252,0.275334,0.338098,-0.10604,0.688591,0.411135,0.478044,1.039553,-0.171609,3
-0.442752,-0.002692,-0.268267,-0.421334,1.006822,0.687881,0.074953,-0.34348,0.280556,3
1.196763,-0.497072,0.884474,0.063278,1.121888,0.179347,0.202836,-1.789056,0.253605,3
0.692871,-0.490863,0.266305,0.049583,1.054718,0.349134,0.422812,-1.65084,-0.109434,3
0.081977,0.605219,-0.265638,0.021297,0.821326,-0.273059,0.98563,-0.788611,0.023742,3
-0.17962,-0.102665,0.107525,0.017012,0.860584,0.216313,0.985152,-0.610308,-0.236557,3
-0.279989,-0.146911,-0.144424,0.003874,0.610472,0.169932,0.722888,-0.643685,-0.154569,3
0.150997,-0.767031,0.176583,-0.30958,0.735477,0.370582,0.46522,-0.603407,0.0154,3
0.986556,0.247066,0.250694,0.230894,1.094138,-0.107385,0.610088,-0.399621,-0.192152,3
0.110136,-0.168725,0.238205,0.304621,1.022955,0.079998,1.268676,-1.090604,-0.346308,3
1.576239,0.801443,0.419637,-1.157064,1.258238,0.529556,1.793631,-1.398007,-0.150951,3
-0.261954,-0.496831,0.432087,-0.440482,0.982915,0.167179,2.12151,-1.223298,1.06176,3
0.07486,1.051014,0.018767,-0.997734,0.74154,0.142966,0.817382,-3.207594,2.317427,3
0.496716,-0.696096,1.082767,-1.677478,0.756771,0.949889,-0.545783,-4.827225,0.355381,3
0.164806,0.0871,0.544044,-1.19559,0.130614,0.486059,-1.648052,-2.711003,0.426004,3
0.021271,1.285929,-0.314056,-0.599503,-0.152849,-0.379306,-0.27314,-2.681407,-0.145667,3
-0.296769,0.282561,-0.431704,-0.062858,-0.086155,-0.713444,2.682733,0.0827,-0.497034,3
-0.612728,0.941866,-0.46756,-0.934634,0.250423,-0.078955,4.249616,2.735106,0.973684,3
-0.782967,-0.34765,0.295648,-1.074901,0.831187,0.669598,3.03769,5.02668,1.447602,3
-0.165384,-0.210483,0.569826,-0.726833,0.454662,0.280483,1.45893,4.058526,0.524932,3
0.284119,1.075599,0.106537,-1.097268,0.431061,0.04722,1.421235,3.251989,0.309711,3
0.29799,0.819629,0.205607,-0.492738,0.297029,-0.033275,0.343794,2.661133,-0.158046,3
0.366821,0.16244,0.182478,-0.664855,0.322574,0.08117,0.204445,2.421725,-0.271999,3
-0.382894,-0.355253,-0.035089,-0.313872,0.703545,0.20434,0.109722,2.0551,-0.046587,3
-0.777153,-0.037309,-0.57624,-0.354047,0.899149,-0.146331,-0.542115,0.882353,0.089457,3
-0.975453,0.099318,-0.046205,-0.86205,0.997191,0.575572,-0.680959,-0.69559,0.216455,3
-0.326922,0.121659,-0.046301,-0.299557,0.626013,-0.212423,-0.480624,-0.949117,0.499618,3
0.695222,-0.68662,0.402848,-0.278703,0.904153,0.023299,-0.296539,-0.950319,-0.017838,3
1.206802,1.102472,0.463293,-1.55247,0.5653,0.503183,0.099157,-0.703598,-0.037127,3
0.031417,0.258197,0.383352,-0.306764,0.821796,0.149881,-0.064593,0.152743,-0.294304,3
0.200133,-0.23249,-0.037513,-0.697984,1.003016,0.332375,-0.121019,0.818425,-0.452598,3
0.517462,-0.137878,0.370239,-0.948576,0.490304,0.544648,0.365218,1.840388,-0.370516,3
0.076561,0.037523,0.090809,-0.737271,0.771779,0.032939,0.2033,1.638594,-0.722595,3
-0.057215,-0.474756,-0.270765,-0.911156,1.166962,-0.071757,-0.374796,1.719964,-1.086212,3
0.959535,0.357701,0.66885,-0.784377,1.312337,0.037461,-0.267665,1.819453,-1.119549,3
0.126999,0.217044,-0.267674,-0.435727,0.909444,-0.79118,-0.090553,1.214214,-0.72435,3
0.390365,0.615195,0.237369,-2.083015,0.890955,0.590632,-0.016238,0.653867,-0.919703,3
-0.07549,0.421112,0.259833,-1.146925,0.670606,0.033255,-0.328121,0.718363,-1.172411,3
-0.243233,0.013291,-0.387112,-0.983144,0.207332,-0.248257,-0.918429,1.63229,-0.576013,3
0.538469,1.319883,0.704244,-2.36583,0.141277,1.416016,-4.679607,-0.180308,0.227202,3
-1.04942,0.578748,0.544221,-1.570328,-0.279385,0.468178,1.699095,-7.766244,8.86849,3
-0.405448,0.485748,0.472715,-2.536515,-0.985499,1.001352,0.962799,-6.321816,0.229003,3
0.655573,0.269497,0.712858,-0.697857,-1.069829,0.382674,-3.261378,5.267403,-0.894014,3
0.327962,0.374669,0.12114,0.073461,-0.792947,-0.37552,-0.836069,5.145386,-1.605288,3
-0.26961,-0.364439,-0.201122,0.195083,0.156715,-0.694256,-2.185253,1.042765,-0.874339,3
-1.558995,0.895874,-0.287961,-0.638781,-0.402095,0.118163,-1.664484,-2.3873,0.334408,3
-1.49749,0.08272,-0.060221,-1.037341,-0.260558,0.385297,-1.935064,0.968701,-0.129414,3
-1.017756,0.595266,-0.392446,-1.436721,-0.005394,-0.135573,-1.035871,1.578893,0.086545,3
0.149026,1.253039,0.725525,-0.982337,-0.511949,0.374007,-0.349089,1.308288,-0.263754,3
0.099243,0.55189,0.179274,0.300228,0.051253,-0.719231,0.872285,-0.402122,0.552118,3
-0.180014,0.120818,0.241405,-0.970139,0.399763,0.492718,2.423942,-0.982855,0.18856,3
-0.605449,-0.28269,-0.210255,-1.261622,0.676845,0.19626,1.445744,1.1546,-0.015495,3
-0.853039,0.147943,-0.369885,-1.233065,-0.292738,0.080573,0.419523,1.808035,0.003049,3
0.342298,0.054616,0.297995,-1.439529,0.109615,0.090436,-0.668117,1.029932,-0.06969,3
0.261745,1.211431,0.551759,-1.144868,0.244491,0.520099,-1.309146,0.614849,-0.059838,3
0.14707,0.257595,0.473501,-0.849556,-0.108736,0.465225,-0.516341,-0.026409,0.094712,3
-0.223487,0.403152,-0.00475,-0.896901,-0.090881,0.186689,0.19619,-0.235044,0.15577,3
-0.341433,0.971808,0.110983,-0.927089,-0.155722,-0.087384,0.338208,0.247471,0.134866,3
-0.361782,0.329866,0.149469,-0.712544,-0.631958,0.221421,0.653499,0.611534,-0.143917,3
-0.919161,0.190837,-0.134823,-0.323965,-0.417659,0.040527,0.579703,0.903072,-0.026194,3
-0.511705,0.182311,-0.053702,-0.804874,-0.104892,0.014243,0.147331,0.825011,-0.019017,3
-0.111623,0.241979,-0.202901,-0.781545,0.08285,0.142392,0.334776,0.28138,0.273796,3
-1.105294,2.13919,0.33596,-0.168024,-1.84745,-0.500703,0.93972,0.311673,0.254735,3
-0.412203,0.582662,1.34427,-1.147047,0.808653,1.012374,1.555622,1.207984,0.225617,3
-0.406642,-0.029582,-0.3378,-0.1343,-0.621999,-0.060378,2.881778,1.946523,0.832366,3
0.397677,0.091365,0.883581,-0.255314,-0.758205,0.361135,4.28561,0.736279,1.461212,3
-0.791056,0.300849,0.231168,-1.210169,0.449568,0.667513,4.646079,0.264928,0.580564,3
-0.10664,-0.611387,-0.205513,-0.470093,0.039101,0.187163,5.792638,-0.378334,-0.894577,3
-0.581579,-0.896345,-0.279596,0.074778,-0.268227,-0.682499,5.498255,-0.257374,-2.317114,3
-0.497669,-0.196474,-0.544542,0.132214,-0.545982,-0.047706,1.50386,1.45168,0.295366,3
-0.518649,0.107333,0.387093,0.185872,-0.370473,0.003057,-2.539964,3.811084,2.358419,3
-0.771964,-0.29459,-0.08739,-0.498935,0.383267,-0.125122,-4.724822,3.660013,1.919988,3
-0.673315,-0.241042,0.100044,-1.021628,-0.080735,0.356072,-5.717623,2.307023,1.163303,3
-0.085827,0.358108,0.794718,-0.943219,0.032925,0.566113,-4.720937,1.435963,0.363385,3
-0.014407,-0.361756,-0.068278,-0.222163,0.10497,0.013893,-4.697394,1.057531,-0.68821,3
-0.105322,-0.007936,0.251614,-0.672624,-0.141956,0.144053,-3.968795,-0.194408,-0.438896,3
-0.258612,-0.576507,-0.551072,-0.339551,0.333785,-0.508272,-1.702333,-1.370643,-0.570695,3
0.416694,0.060154,0.361451,-0.522502,0.687178,0.152032,-1.482397,-1.099038,-0.087361,3
-0.244458,0.03629,-0.174349,-1.104886,0.178284,-0.061124,-0.694166,-1.287939,0.140381,3
-0.168833,-0.166077,-0.122232,-1.132282,0.258173,0.232835,0.735036,-1.222131,0.125274,3
0.412738,0.664213,0.376925,-0.94652,0.209481,-0.080042,0.630367,-1.097847,-0.140566,3
0.655572,0.568644,0.635584,-0.635581,0.332416,-0.051651,0.471105,-0.668776,0.033595,3
0.499097,-0.396445,0.228891,-0.702623,0.925144,0.072113,-0.257285,-1.161561,-0.48255,3
-0.696789,-0.09134,-0.36837,-0.502736,-0.435408,-0.120542,-1.069474,-0.604091,-0.305456,3
-0.445848,-0.17379,0.638411,-0.527888,0.601058,0.584977,-0.986908,-0.228986,-0.085535,3
-0.236531,0.037896,0.154221,-0.470138,0.201964,-0.198479,-0.530563,-0.128043,-0.850265,3
0.10416,0.278895,0.348468,-0.745483,0.373057,-0.079213,-0.48007,0.136273,-0.800181,3
-0.259228,-0.057976,0.152472,-0.937251,0.314226,0.251602,-0.085852,0.43563,-0.482968,3
-0.123896,0.276287,-0.202583,-1.0735,-0.37244,0.068526,0.055075,1.055685,0.148504,3
0.41187,0.613979,1.015981,-0.917955,0.186617,0.605367,0.324374,0.470118,-0.566598,3
0.347576,0.047557,0.3719,-0.669295,0.464988,-0.057698,0.541426,0.152489,-1.116222,3
0.313354,0.410895,0.530098,-1.03441,0.143593,0.481999,-0.469193,-0.490539,-1.757244,3
-0.808817,-0.205211,0.153216,-1.229093,0.354614,0.474074,0.249976,-4.36495,2.876996,3
-0.540075,-0.620738,0.00827,0.027477,-1.613228,0.497725,6.822253,0.152963,6.010339,3
0.662838,-0.48634,0.863936,-0.097961,-1.271599,0.6453,2.261888,-0.762394,-1.630588,3
-0.54081,0.507067,0.931458,0.24268,0.923903,-0.290421,-1.897456,0.788214,-0.382621,3
-0.767217,-0.720839,-0.77419,0.482857,0.735452,-0.8273,-1.627215,-0.943503,-0.781625,3
-0.735989,-1.346347,-0.175367,0.292781,0.094325,-0.188503,-0.035767,-0.958888,0.318617,3
-0.883773,-1.323154,-1.513518,-0.155484,-0.50645,-0.844281,-0.451646,-0.069687,-0.184477,3
-0.671393,0.110919,0.434357,-1.151791,-0.564443,0.704457,-0.858437,0.324648,0.139115,3
0.035492,-0.253611,0.200035,-1.351502,0.030427,0.549574,-0.398193,0.74128,0.206512,3
0.226487,0.546692,0.994728,-0.475146,-0.429576,0.757843,0.337882,0.294886,0.110441,3
-0.318171,0.015132,0.18068,0.072551,-0.893776,0.335189,0.143315,-0.70106,-0.000105,3
-0.701646,-0.32819,0.232618,0.119129,-0.677978,0.060145,-1.419775,-1.068452,0.067983,3
-0.941161,-0.777341,-0.108687,0.129187,0.147825,-0.280252,-2.328286,-1.496327,-0.414813,3
0.00596,-0.932713,-0.007284,0.592898,0.622121,-0.231559,-2.074038,-1.424071,0.172,3
-0.388914,-0.783603,-0.602133,0.828713,0.257499,-0.907071,-1.134693,-0.521187,0.065487,3
-0.485966,-0.153224,0.276091,-0.742831,-0.454064,0.442329,-0.594261,-0.283865,-0.046084,3
-1.04738,0.091704,0.032089,-0.77565,-0.486744,0.139649,0.218693,0.024875,0.095124,3
-0.341263,0.136195,-0.073124,-0.991036,-0.359441,0.167811,0.767489,0.839124,0.263233,3
-0.112048,0.551883,0.431742,-1.337767,-0.257844,0.623074,1.706371,1.635283,-0.020189,3
0.592825,0.123922,0.518463,-0.680124,-0.224331,0.67641,1.094106,0.801211,-0.01998,3
-0.320793,0.130624,0.051342,-0.579079,-0.034617,-0.032474,0.24262,0.61029,0.177868,3
-0.786176,0.310496,-0.208604,-0.428967,-0.717376,0.11906,-0.421694,1.261657,0.343146,3
-0.357433,0.374044,0.275108,-0.459576,-0.215177,0.180772,-0.600317,1.516138,0.004116,3
-0.686767,-0.00058,0.202961,-0.087018,-0.422565,0.113118,-0.521934,1.352738,-0.092357,3
-0.650143,-0.362399,-0.13951,-0.118195,-0.082829,-0.208092,0.232039,1.647441,-0.004492,3
-0.371576,-0.294594,0.480557,-0.161235,-0.432664,0.386688,0.368142,1.985416,0.062281,3
-1.085155,0.52376,0.215349,-0.008477,-0.740389,0.086832,0.041063,1.941917,0.566225,3
-0.529647,-0.979087,-0.214728,0.341443,-0.504086,-0.223159,0.338107,1.86218,0.76545,3
-0.4968,-0.442829,0.400019,-0.315305,-0.313045,0.437684,2.078638,2.21168,1.714942,3
0.353505,-0.459249,0.451442,-0.334995,-0.122686,0.295148,2.37911,1.851153,0.832495,3
0.767855,-0.465113,0.611905,-0.37228,0.368639,0.307889,1.392769,2.009544,0.037803,3
0.150173,-0.263922,0.207608,0.351917,0.588486,-0.320603,1.581108,3.00642,-1.036061,3
-0.117187,-0.662047,-0.609927,0.600395,-0.219248,-0.563924,3.254214,2.184858,-0.836512,3
-0.220497,-0.390904,-0.369564,0.066769,0.174949,-0.415338,1.304504,2.10516,-0.137702,3
-0.385237,-0.098405,-0.435831,-0.594993,-0.569557,-0.285365,-1.365824,0.361538,1.62106,3
0.273281,0.277754,0.694759,-1.507449,1.13758,0.502187,-1.771101,-1.049168,2.021107,3
0.534539,-0.100707,0.473388,-1.925253,0.338398,0.703639,-2.525388,-3.253058,1.393813,3
-0.023263,0.286032,0.04631,-0.538836,-0.401327,0.206467,-2.393761,-2.793636,0.625942,3
0.846359,-0.39438,0.247544,-0.737699,0.933745,-0.301703,-2.251589,-2.450309,0.059803,3
-0.072543,0.270636,-0.230729,0.012032,-0.624187,-0.245738,-0.828985,-1.748259,-0.732012,3
0.022143,0.200897,1.316196,-0.112927,0.400795,0.841739,-0.828071,-1.654363,-0.470473,3
0.231686,-0.709308,-0.34231,-0.406323,0.864753,-0.199241,-0.983647,-1.939427,-0.4552,3
0.492088,-0.593054,-0.134862,-0.497007,0.624206,-0.039742,-0.537063,-2.358509,-0.797143,3
0.02599,0.68353,0.372532,-1.337553,0.130723,0.340711,0.406535,-1.77312,-1.278679,3
0.085333,0.430061,0.295794,-1.181392,0.267237,0.184121,1.297481,-0.833334,-1.15907,3
-0.269894,0.374822,-0.057247,-0.447691,-0.22098,-0.032478,0.40467,-0.596286,-0.904923,3
0.04266,-0.397486,0.214046,0.033968,-0.45612,-0.513933,0.058798,-0.213066,-0.606778,3
0.745051,0.041647,0.697864,-1.194756,0.659068,0.621454,0.456438,0.586949,0.219249,3
0.328003,-0.182594,-0.517974,0.296087,0.067735,-0.591584,1.324579,0.972169,-0.574689,3
2.7e-05,-0.140827,0.096831,-0.665786,0.105741,0.133522,0.496048,2.793007,1.198654,3
0.266332,-0.204749,0.550304,-0.236179,0.899792,-0.158251,1.437634,4.488351,0.10511,3
-0.101349,0.212666,0.209304,-1.56181,-0.016037,0.321839,1.92384,1.088616,-1.153637,3
-0.006735,-0.023127,0.787778,-0.337438,0.170261,0.921405,-0.866174,-3.490787,-1.573694,3
-0.122053,-0.556368,0.174779,-0.193374,0.291894,0.007903,-1.038938,-3.715622,6.841539,3
0.948286,-1.790596,0.182167,-0.793065,-0.431324,0.82455,4.930669,-0.584836,1.174854,3
-0.220934,-0.52085,0.137589,0.280572,-0.650463,0.199306,0.740905,-1.90134,-1.332046,3
-0.47621,-0.190757,0.352643,0.255501,0.36531,0.02289,-3.303398,-1.280832,-1.68586,3
-1.321715,-0.476748,-0.146897,-0.146268,-0.300718,-0.319727,-0.343156,-2.215249,-0.538461,3
-1.044195,-1.19728,-0.462771,0.581412,-0.049723,-0.633827,0.265039,-1.329226,0.188358,3
0.002414,-1.320709,-0.611284,0.114049,0.329163,-0.478745,-0.694885,-0.084735,0.421399,3
-0.211473,-0.095787,0.135893,-0.804923,-0.048328,0.560907,-1.720015,0.628122,0.511644,3
-0.255362,0.458991,0.817599,-1.241125,0.23477,0.82966,-0.473531,1.361611,0.241755,3
0.366166,0.20532,0.415418,-0.744336,0.005811,0.610114,-0.161976,1.059951,0.386867,3
0.206085,0.222578,0.543283,-0.70136,-0.480149,0.548326,0.681824,0.316637,-0.081481,3
-0.299764,-0.064303,0.078296,0.03574,0.296469,-0.159417,0.19763,0.235766,-0.182853,3
-0.569856,-0.877928,-0.201885,0.048247,0.365421,-0.42802,-0.529948,-0.351529,0.045671,3
-1.075518,-0.047267,-0.395136,-0.68255,-1.439344,0.609287,-1.049142,-0.645256,-0.14435,3
-0.36768,0.04748,0.019866,-0.094979,-0.243694,-0.272865,-0.992033,-0.622317,-0.086852,3
0.637473,-0.03974,0.756806,-1.10107,0.497616,0.596416,-0.710818,-0.409903,0.009158,3
-0.280707,0.233972,-0.077421,-0.829097,-0.435528,-0.0071,-0.455033,-0.13902,-0.032057,3
0.209619,0.241522,0.860691,-0.994324,0.522945,0.557994,-0.509975,0.093819,0.060762,3
-1.302868,-0.448849,-1.119481,-0.069475,-0.267073,-0.378214,0.041316,0.812983,0.157245,3
-0.985771,-0.231801,-0.393687,-0.383934,-1.159211,0.36966,0.174753,1.528588,0.016766,3
-0.351039,0.16375,0.535996,-0.397247,-0.27328,0.473317,-0.125583,1.684001,0.039223,3
0.426652,0.045416,0.588936,-0.295608,0.261677,-0.060152,-0.140392,1.673002,-0.10044,3
-0.213891,-0.095219,0.744688,-0.250798,0.565345,0.418859,0.108031,1.649676,-0.191195,3
-1.174432,-0.259886,0.412839,0.11805,-0.268773,0.181758,-1.040822,1.900171,1.334891,3
-0.471301,-1.052139,-0.084887,0.570481,-0.997702,-0.170198,-0.049691,1.907123,0.668691,3
-0.248551,-0.371464,0.520877,-0.332271,-0.595066,0.384314,2.112137,2.920531,1.83828,3
0.299301,-0.708153,0.397888,-0.269353,-0.048739,0.384171,2.90889,3.471052,0.221434,3
0.144211,-0.255686,0.493474,-0.344715,0.657879,0.366693,2.411365,3.914988,-0.62412,3
0.178228,-0.604869,-0.273854,1.048238,0.061386,-0.748925,2.786835,3.69437,-1.245727,3
0.069598,-0.898265,-0.330306,1.266958,-0.148349,-0.638318,1.750304,2.192027,-0.955532,3
-0.674919,-0.544356,-0.583565,0.263332,-0.238516,-0.324313,-1.562927,-0.950568,2.237776,3
-0.280109,-0.288821,0.340331,-0.98878,0.006907,0.297465,-2.323658,-3.051227,2.521778,3
0.43697,0.023299,0.628321,-1.054201,0.406539,0.297055,-2.401443,-3.544514,1.794316,3
0.650194,-0.134898,0.605776,-1.297625,0.383812,0.563789,-2.189587,-1.909928,0.607594,3
0.750976,0.061475,0.082058,-0.636257,0.509344,0.073159,-1.760756,-2.095312,0.557257,3
0.250798,0.089884,0.548204,-0.510933,-0.281956,0.594483,-1.190536,-2.30441,-0.312508,3
0.209784,-0.252132,0.166656,0.024595,0.609122,-0.260103,-0.017082,-2.183955,-0.917848,3
-0.353587,0.280213,-0.021008,-0.309873,-1.17947,0.197119,0.357033,-1.945947,-1.035805,3
-0.597534,0.438234,0.139958,-1.211366,-0.141275,0.532552,0.703752,-1.869245,-0.865123,3
0.416361,0.60947,0.165947,-0.36741,0.840709,-0.713411,1.094543,-1.616559,-1.002412,3
0.391163,0.109237,0.959405,-1.012188,0.432169,1.131079,1.302003,-1.132874,-1.413637,3
0.422004,0.000992,0.035256,-0.188071,0.549721,-0.360106,0.29949,-1.208612,-0.875772,3
-0.409743,-0.517155,-0.054126,-0.424621,-0.280356,0.458816,-0.370128,-0.263258,-0.324903,3
-0.312706,-0.133018,0.077688,-0.017401,-0.052911,-0.357763,-0.132167,0.59749,0.063176,3
-0.158792,-0.372147,-0.19668,-0.360934,-0.150124,0.180785,0.773552,0.80483,-0.631739,3
0.039075,0.06512,0.19719,-0.366092,-0.020254,0.102923,0.865264,2.203867,0.023135,3
0.351296,0.185346,0.858029,-0.961095,0.527568,0.738228,1.13823,2.274382,-0.695638,3
0.33002,0.088037,0.342355,-0.464783,0.163501,-0.010325,0.837437,0.737667,-1.335144,3
0.007653,-0.181167,0.387177,-0.281834,0.372759,0.183793,0.092527,-4.321773,1.110072,3
0.258342,-0.781551,0.01349,-0.264145,0.194457,0.182835,2.553565,0.810823,5.757057,3
0.213142,-0.306035,0.144454,-0.731439,-0.621297,0.698305,2.141602,-1.575904,0.62603,3
0.357114,-0.507618,0.420267,0.060135,0.351424,0.371429,-1.744725,-1.035776,-1.074259,3
-0.669848,-0.295091,-0.013038,0.15593,-0.28992,0.236268,-1.293492,-1.304333,-0.712784,3
-0.683475,-0.451925,0.173164,0.23645,-0.763842,-0.110247,-0.071192,-2.079487,-0.434668,3
-0.492989,-0.84045,-0.316855,0.326763,-0.381141,0.012683,-0.149458,-0.874738,0.143389,3
-0.766205,-1.245944,-0.538757,-0.283225,0.291041,-0.154677,-1.035551,0.117161,0.253484,3
0.080934,-1.310067,-0.386595,-0.357386,0.024016,-0.052897,-1.528946,0.585747,0.281091,3
-0.081556,0.175015,0.338672,-0.208234,-0.45897,0.127822,-1.302878,0.573843,0.052334,3
0.083928,1.047153,1.001767,-0.644765,-0.405793,0.680491,0.132788,0.444749,0.265026,3
-0.993624,0.76723,0.185677,-0.038114,-0.161913,-0.048077,0.63619,0.832301,0.00022,3
0.212546,-0.531149,0.149872,-0.531564,1.153935,-0.285213,-0.181153,0.511931,-0.044024,3
-0.47616,-0.234253,0.085573,-0.74735,-0.211228,0.52762,-0.38229,-0.231034,0.133475,3
-0.520009,-0.81694,-0.498664,0.297819,-0.030903,-0.534957,-0.006317,-0.917775,-0.295474,3
0.580896,-0.206245,0.001806,-0.884016,0.235921,0.104403,-0.662708,-1.198056,-0.042412,3
-0.115114,0.621676,0.638412,-0.824739,-0.451846,1.083936,-0.666162,-0.883178,0.022264,3
-0.668238,0.395588,0.098627,-0.174834,-0.936353,0.124021,-0.562362,-0.518413,0.068874,3
0.130775,0.001352,0.431187,-0.354681,-0.050364,0.143533,-0.508469,-0.114061,0.081443,3
-0.614454,-0.374382,-0.561189,-0.366041,0.043004,0.069461,-0.030707,0.52291,0.104626,3
-0.477938,0.310504,0.115055,-1.129729,-0.248085,0.070571,-0.05919,1.584187,0.109447,3
-0.17221,0.143457,-0.098512,-0.00209,-0.654342,-0.003116,0.180996,2.231011,-0.044405,3
0.070304,0.101583,0.371037,-0.803745,0.572596,0.114968,-0.152195,2.191884,0.019247,3
0.294072,-0.170564,0.072508,-0.12157,-0.186314,0.1267,0.134331,2.140426,-0.145153,3
-0.796053,0.433812,0.68407,-1.107619,-0.2345,1.017896,0.185411,2.011986,0.068637,3
-0.970776,-0.277985,-0.310404,0.339802,-0.665104,-0.101787,0.169378,1.694167,0.670959,3
-0.170718,-1.191987,0.057384,0.089701,-0.73697,0.246466,0.758381,1.548203,1.464913,3
-0.13658,-0.924382,0.277966,0.527852,-0.618781,0.21525,1.69109,2.166058,1.981011,3
0.216933,-0.705658,0.760602,0.122021,-0.312921,0.541181,2.236369,3.103816,0.772915,3
0.598008,-0.857938,0.669617,0.396737,0.623972,0.124782,1.976005,4.084441,-0.827263,3
-0.095476,-1.190754,-0.743634,0.974236,0.767167,-0.790293,2.732112,2.058161,-1.940695,3
-0.399437,-1.420519,-0.40336,1.225081,-0.075548,-0.737109,-0.682944,0.661662,0.348744,3
-0.756626,-0.546036,-0.25116,0.804752,-0.495182,-0.245766,-2.116586,-0.354972,1.666001,3
-0.350955,0.295943,0.224804,-0.330808,-0.390921,0.015572,-2.483557,-2.701496,1.749166,3
0.597062,-0.014167,0.716329,-1.535461,0.34026,0.839036,-2.457203,-3.10001,1.210973,3
0.937492,-0.112134,0.507549,-0.811249,0.164589,0.204103,-2.734818,-2.047948,0.358298,3
0.03175,0.676985,0.682679,-0.773785,-0.597466,0.884809,-1.953283,-1.930829,-0.311798,3
0.171844,-0.147233,0.236267,-0.306436,0.723242,-0.138377,-0.690303,-2.266721,-0.669929,3
-0.185627,0.006647,-0.245559,0.051951,-0.500924,-0.156888,0.855342,-1.561814,-0.565751,3
0.282661,-0.33645,-0.477325,-0.596672,0.250518,-0.163829,1.012731,-0.498174,0.198442,3
0.288078,-0.176067,0.441042,-0.467581,0.782074,0.312665,1.068451,-0.55419,0.226106,3
-0.017579,0.380172,0.374246,-0.910183,-0.017608,0.431045,1.090671,-0.665216,-0.257431,3
0.31205,0.198758,0.429873,-0.029465,-0.154048,-0.028646,0.668185,-0.885576,-0.646647,3
0.463383,-0.144725,0.648081,-0.344214,0.265076,0.170461,0.285204,-0.883673,-0.95651,3
-0.178901,0.484719,-0.017471,-0.29782,-0.070652,0.069958,0.069195,-0.729107,-0.904569,3
0.072647,-0.387874,-0.092814,-0.345235,-0.085911,-0.045363,-0.197949,-0.527268,-0.455497,3
-0.085481,0.196816,0.073495,-0.730088,-0.263092,0.413234,0.023535,0.146227,-0.279604,3
0.131935,0.587664,0.29551,-0.564882,0.085373,0.213631,-0.051622,0.447146,-0.306224,3
-0.150299,0.15589,-0.144849,-0.344866,0.003257,-0.345338,0.185981,0.495015,-0.41617,3
-0.011386,-0.263055,-0.167044,0.273262,-0.394821,-0.674669,0.485583,0.109529,-0.560788,3
0.663627,1.138446,1.442149,-1.375819,0.187626,0.767289,0.469629,-0.55989,-0.937684,3
0.587469,-0.120014,-0.46883,-0.58959,0.490396,-0.058485,0.295574,-0.397536,-0.538121,3
0.032579,0.469693,-0.014298,-1.592915,-0.04572,0.437241,0.138441,-2.389401,-0.908364,3
-0.190927,0.136009,0.360558,-0.896636,-0.305877,0.208179,2.030155,-0.204744,4.693106,3
-0.244168,-0.638529,0.32993,-0.764788,-0.192576,0.483558,5.259442,1.963911,3.51547,3
0.667606,-0.791688,0.060715,0.352927,-0.064918,-0.022966,-1.529646,-0.666932,0.037871,3
0.219322,-0.032924,0.678914,0.420276,0.520549,-0.304858,-1.387846,0.379347,-1.650541,3
-0.799595,-0.491088,0.293884,0.983126,-0.214749,0.026793,-0.999833,-1.727209,-0.84713,3
-1.048499,-1.386718,-0.465928,0.631785,-0.529967,-0.092972,1.362718,-1.377894,0.516011,3
-0.755597,-1.51086,-0.504869,0.877453,0.200022,-0.363328,0.410621,-0.932355,0.680467,3
-1.02679,-1.252548,-0.269413,0.445817,0.024823,0.117709,-1.396115,-1.002229,-0.956335,3
-0.886626,-1.050554,-0.296997,-0.233217,-0.979267,0.653081,-1.166687,-0.684798,0.044044,3
0.207235,0.296539,1.1518,-0.590861,-0.783426,0.674143,-0.1402,-0.185663,0.006433,3
1.203452,0.343948,0.656013,0.846546,-0.470932,0.110597,-0.222215,-0.271657,0.154524,3
-0.256749,-0.347519,-0.056905,0.113103,0.108456,-0.097822,-0.614148,0.09916,-0.027655,3
-0.081003,-0.667539,-0.525114,-0.491458,0.179057,-0.237166,-0.633561,-0.285228,-0.081868,3
-0.557262,-0.415643,0.073286,-0.633562,-0.10096,0.374571,-0.55265,-0.534068,-0.058951,3
-0.927137,-0.270669,-0.893149,-0.051531,-0.386284,-0.906556,-0.384395,-0.370391,0.130532,3
0.214082,0.242003,0.405336,-0.59736,-0.002217,0.19299,0.399402,-0.088279,0.031423,3
0.241133,0.474594,0.725247,-0.891013,0.009291,0.738714,0.048134,0.18758,0.392273,3
0.406196,0.908207,1.030779,-0.820892,0.098267,0.938481,-0.091773,0.852178,0.16508,3
-0.561744,0.467063,0.02083,-0.09848,-0.428059,0.113985,-0.206348,0.726953,0.057702,3
0.300082,-0.090712,0.356838,-0.252243,-0.290855,0.02813,-0.370898,0.571437,0.066514,3
-0.600815,-0.167938,-0.894681,-0.475972,-0.549122,-0.035484,-0.641131,0.851423,0.140615,3
0.081342,0.225147,0.884372,-0.002827,-0.161488,0.477029,-0.796598,1.087033,-0.017069,3
-0.091614,-0.034106,0.467584,-0.146646,0.074879,0.349956,-0.820816,1.318196,0.000772,3
-0.064156,-0.578126,0.112741,-0.443049,-0.395962,0.291571,-0.148268,1.526758,0.098586,3
-0.694999,-0.987687,-0.169387,0.709738,-0.674181,0.425145,0.099232,1.945398,0.393537,3
-0.399524,-0.595409,0.300123,0.513369,-0.973861,-0.108747,0.159737,2.569978,0.732345,3
-0.900291,-0.118913,0.769897,0.572293,-0.285419,0.377639,0.750799,3.48794,1.090858,3
0.019064,-0.99359,0.701116,0.637946,-0.700138,0.259157,1.552982,4.745617,1.489075,3
0.309302,-0.558188,0.273069,0.022889,-0.492198,0.346257,3.142088,6.218368,-1.110789,3
0.626294,-0.846077,0.404787,0.709517,1.033235,-0.489285,3.910453,3.72567,-1.121469,3
-0.441861,-0.177135,-0.506287,0.905837,0.373802,-0.758637,1.034865,1.609413,0.315218,3
-0.146004,-0.394384,0.206927,0.856508,0.675085,-0.337281,-1.782595,-1.650584,3.033397,3
-0.307054,-0.784444,-0.75593,-0.242061,0.419311,0.053273,-2.530187,-4.318006,2.635102,3
0.333561,-0.08281,0.100515,-1.445323,-0.606193,0.351045,-1.687316,-4.665523,1.224181,3
1.235166,0.282542,0.810416,-0.790891,-0.667892,0.315592,-1.517363,-3.981046,0.507072,3
0.151041,1.706228,0.84293,-1.677119,0.89076,0.525543,-1.243254,-3.483185,-0.281813,3
0.063362,0.089656,-0.139318,0.150382,0.229252,-0.139236,-0.23782,-3.025825,-1.330617,3
-0.213454,-0.832402,-0.464946,0.248292,-0.090699,0.041826,-0.332246,-3.10933,-1.17355,3
-0.320475,-0.712227,-0.872978,-0.303784,-0.351692,-0.123554,0.283897,-2.807144,-1.046579,3
0.397536,0.273024,0.415243,-1.196741,0.143487,0.413962,1.004751,-1.395835,-0.9408,3
-0.119017,0.728941,0.324614,-0.847247,-0.287043,0.707379,0.831099,-0.865781,-0.902541,3
0.409838,0.506471,0.040086,0.033704,-1.128365,-0.110353,0.109615,-0.665642,-0.91119,3
0.098037,0.275694,0.335308,-0.776299,0.402451,0.080957,-1.204162,-1.491422,-1.105977,3
-0.088296,0.281125,-0.066123,-0.386087,-0.434236,0.250187,-0.956864,-1.178764,-1.284373,3
0.446964,-0.431065,-0.118194,0.187867,0.454954,-0.472286,0.059298,0.147714,-0.413182,3
0.280048,-0.425471,0.072166,-0.095137,0.29971,-0.087137,-0.043014,1.399073,0.342921,3
-0.109419,-0.595797,0.560875,-0.150791,0.377204,0.572783,0.045787,2.622981,0.489744,3
-0.193445,-0.420434,-0.000487,0.162811,0.510154,-0.297745,2.647018,3.38179,0.057743,3
0.205847,-0.1796,0.090239,0.545854,-1.203305,-0.13844,1.873402,1.253352,-0.624325,3
-0.20525,-0.080047,0.592023,1.081615,-0.452743,-0.145552,-0.15613,-3.837248,-1.657526,3
-0.348739,-0.777295,-0.301456,0.714465,-0.409989,-1.253706,0.504033,-1.349773,5.327863,3
0.273426,-1.400349,0.00633,-1.181928,0.44614,1.472381,3.475102,-0.553305,3.617066,3
0.676316,0.084745,0.532994,-1.129703,0.535755,1.299616,-0.891192,-0.889854,-1.720175,3
0.29619,0.316974,0.605508,0.412611,-0.352297,0.485651,-1.889774,-0.579255,-0.979874,3
0.203689,-0.615806,0.35281,-0.203101,-0.371372,0.637068,0.010718,-1.560264,0.059504,3
-0.355574,-1.321426,-0.402716,0.260698,-0.083797,-0.071336,0.933458,-0.81358,0.356982,3
-1.282804,-1.327811,-0.86799,0.819401,0.42725,-0.499928,-0.307114,-0.073935,-0.056985,3
-1.173678,-1.151996,-0.397822,0.366824,0.255916,-0.194222,-1.33477,-0.049355,0.1162,3
-0.863537,-0.30536,-0.01753,-0.201894,-0.242335,0.114799,-1.130776,-0.353319,0.007582,3
0.187345,-0.022987,0.70096,-0.041746,-0.515759,0.546621,-0.679931,-0.150129,0.098972,3
0.371692,0.499845,0.867497,0.179042,0.032803,0.119506,-0.274406,-0.197322,-0.008536,3
0.385075,0.417154,0.801391,-0.155165,0.082615,0.32288,-0.264587,-0.409294,-0.186098,3
-0.660541,-0.158052,-0.310754,0.19878,-0.285683,-0.032375,-0.405829,-0.528585,0.056817,3
-0.303827,-0.900928,-0.320674,0.022609,0.28637,-0.190038,0.288969,-0.207053,0.108108,3
-0.569496,-0.574612,-0.193573,0.110799,-0.606164,-0.071336,0.347802,-0.027185,0.189626,3
-0.166541,0.13425,-0.282925,-0.030461,-0.407193,-0.113966,0.263687,0.643287,0.151685,3
0.069457,0.638778,0.652803,-0.791743,0.293591,0.282007,-0.178486,0.666603,0.110598,3
0.183953,0.468225,0.677917,-0.721476,0.667365,0.480394,-0.278862,0.596126,0.06066,3
0.059213,0.218626,-0.06097,-0.209792,0.041403,0.172772,-0.343823,0.122898,-0.014711,3
0.044543,0.175904,-0.091324,-0.116161,-0.288058,-0.269873,-0.456971,-0.349929,-0.160583,3
0.289813,0.03686,0.437394,-0.710367,0.725515,0.249727,-0.379992,-0.37359,0.184795,3
-0.499593,0.197485,0.175406,0.097225,-0.187358,0.131462,-0.453362,-0.003328,0.044741,3
-0.111427,0.085109,0.146788,-0.468758,-0.366094,0.498076,-0.348983,1.028579,0.180599,3
-0.429318,0.355226,0.417291,-0.390842,-0.731546,0.5958,-0.183402,1.753841,-0.03098,3
0.383467,-0.436794,0.400544,0.61858,0.331176,-0.195577,0.090233,1.972125,-0.155594,3
-0.542768,0.103721,0.052347,0.063304,-0.18837,0.231711,0.241193,1.988663,0.103805,3
-0.290119,-0.427344,0.546191,-0.040925,0.073458,0.406092,0.467422,1.872434,0.596326,3
-0.216005,0.422952,0.264359,0.108824,-0.420759,0.005447,0.884941,2.121682,1.114077,3
0.321527,-0.005998,0.703971,-0.387641,-0.538792,0.718513,1.591382,3.158877,1.634731,3
0.621577,-0.406288,0.414334,-0.602377,-0.048163,0.474378,2.731193,3.748915,0.577403,3
0.164616,-0.410745,0.427797,0.396442,0.424844,-0.23629,2.728996,3.479851,-0.32614,3
-0.195993,0.030914,-0.235139,0.78758,-0.06335,-0.366759,3.132452,1.651857,-0.21704,3
-0.365355,-0.149504,-0.457485,0.723004,0.005804,-0.767195,-0.759097,-0.410138,0.715669,3
-0.559893,-0.377337,-0.459942,0.20302,0.074036,-0.349224,-2.833498,-2.162421,1.680841,3
-0.237076,0.258956,-0.053742,-0.821665,-0.232501,0.518932,-3.250688,-4.018676,1.859965,3
1.207373,0.217172,0.442163,-1.345013,0.155485,0.462079,-1.436371,-4.444194,0.194176,3
1.581644,-0.094147,0.931436,-0.724186,1.176058,0.254274,-1.780619,-2.781722,-0.138558,3
0.937033,-0.066795,0.300591,-0.077399,1.460518,-0.037761,-1.042641,-2.508441,-0.235811,3
0.438068,-0.10952,0.171004,0.022913,0.258478,0.375507,-0.576402,-2.620881,-0.675307,3
0.066266,0.219463,-0.419871,-0.082108,0.299198,-0.194994,-0.736569,-1.8647,-0.726172,3
-0.064341,-0.395895,-0.418845,-0.079046,-0.206482,-0.084834,-0.372235,-1.588112,-0.695272,3
0.075339,-0.487705,0.135181,-0.023732,0.245722,0.290263,0.631566,-1.423719,-1.046698,3
0.102909,-0.146663,-0.13101,-0.439944,-0.321668,0.104152,0.70173,-0.579105,-1.04855,3
0.416454,-0.065696,0.528478,-0.080803,0.658422,0.282036,-0.22589,-0.435026,-0.487449,3
0.428369,-0.787737,-0.147107,0.204946,1.315369,-0.073591,-0.548251,-0.937926,-0.52516,3
0.754012,-0.816434,0.808373,0.020059,1.289764,0.203473,0.623303,-0.611446,-0.880528,3
-0.035022,-0.421549,-0.316962,0.162539,-0.139117,-0.322229,1.183771,-0.025931,-0.214024,3
0.446345,-0.289392,0.846287,-0.024229,1.362282,0.737304,0.786775,1.071285,-0.230693,3
-0.144367,-0.0236,0.122738,-0.276005,0.388988,0.469443,0.869556,0.808265,-0.153361,3
-0.260752,-0.16032,0.116438,0.234796,0.115704,0.146878,2.985783,1.060274,-0.430601,3
-0.208972,-0.374906,0.134317,0.495975,0.451662,0.051096,2.052489,0.206555,-0.485991,3
0.027434,-0.738124,0.086827,0.395302,0.489215,-0.043873,-0.707365,-2.261146,-0.3479,3
0.06875,-0.273128,0.220039,-0.27268,0.196172,0.267123,-1.324695,1.003963,4.483969,3
0.19531,-0.390812,0.375591,-0.239323,0.626542,0.556207,2.779015,-1.869507,1.672843,3
0.274233,-0.457729,0.20661,0.240031,0.406044,0.200817,-0.446149,-0.911272,-0.548892,3
-0.327632,-0.215838,0.125518,0.291255,0.553088,0.080893,-1.010625,-1.182889,0.051272,3
-0.530567,-0.321599,-0.122151,0.286899,0.238824,0.363851,0.204586,-0.978386,0.409095,3
-0.451985,-0.510938,-0.405337,0.448686,-0.253231,-0.213297,0.006494,-0.890835,-0.189875,3
-0.462536,-0.308633,-0.288403,0.094737,0.000634,0.028792,-0.839968,-0.624991,-0.102294,3
-0.004151,-0.31318,0.305006,-0.050008,0.437405,0.170566,-1.463796,-0.107499,0.063483,3
-0.271441,-0.206932,0.440446,0.055412,0.354232,0.286002,-1.335651,0.457751,0.117408,3
0.319328,-0.669086,0.435596,0.330708,0.098725,0.05933,-0.424709,0.237705,0.130818,3
0.040775,0.25712,0.025477,0.25784,0.292652,-0.502855,0.291185,0.137941,0.084655,3
-0.014764,0.186307,0.222833,-0.120723,-0.121888,0.07629,0.253524,0.452863,0.150025,3
-0.255594,-0.307602,0.014682,-0.279035,-0.26248,0.092772,0.019482,0.194682,0.190333,3
-0.482301,0.262361,-0.075763,-0.191504,0.335799,0.093874,-0.09803,-0.317602,-0.012499,3
-0.337452,-0.138834,0.005849,0.158738,0.208757,-0.213485,-0.341148,-0.121518,0.031294,3
-0.080418,0.051501,0.058425,-0.226645,0.763151,0.088339,-0.174377,0.256031,0.156041,3
0.509115,0.225524,0.261421,-0.242999,0.789464,0.214332,-0.083943,0.314741,0.079581,3
0.489097,0.216857,0.396795,-0.054335,0.307157,0.392779,0.103623,0.379287,0.085251,3
0.36071,-0.272447,0.156654,-0.059102,0.096877,0.164119,0.278642,0.574524,0.100101,3
0.473338,-0.115995,0.001365,-0.477906,0.266536,-0.017337,0.646908,0.633629,0.04768,3
0.490008,0.274476,0.481351,-0.218505,1.010876,0.432092,0.704156,0.541638,0.000261,3
0.140479,0.239529,0.053953,-0.040507,-0.039758,-0.00091,0.37169,0.538768,-0.197986,3
-0.078078,0.448925,-0.104891,0.311844,0.572992,-0.044725,0.168404,0.850475,0.085486,3
-0.052462,0.648764,0.025515,0.226598,0.779985,0.284077,0.337178,1.309125,-0.040876,3
0.074589,0.427926,0.090663,-0.028956,0.090607,-0.319777,0.447802,1.847126,-0.049409,3
0.005637,-0.154605,0.343572,0.142486,0.661961,0.091543,0.589484,1.754946,0.010516,3
0.393933,0.515607,0.355189,0.188007,0.967208,0.521964,1.272285,1.458294,0.156082,3
0.092052,0.011141,0.346776,-0.140717,-0.550595,0.182416,2.268285,1.651414,0.790418,3
-0.236175,-1.372038,-0.225701,0.107307,-0.361695,-0.0947,3.499782,1.079691,1.680689,3
-0.134471,-1.04813,0.389469,-0.016358,0.968407,0.213679,4.226967,0.059925,1.97783,3
0.236079,-0.759894,0.753658,0.072775,1.321969,0.602412,4.893857,-0.063485,1.131376,3
-0.300886,-0.758789,0.033557,0.685756,-0.636741,-0.172145,1.518004,1.176144,-0.531003,3
-0.478836,-0.07966,-0.042253,1.01108,-0.288488,-0.130996,-0.836485,2.037908,-1.018888,3
-0.530215,0.05422,-0.487485,0.276948,-0.353934,-0.128675,-1.538285,-0.67858,2.303692,3
-0.529126,-0.877456,0.283673,0.430034,0.288803,-0.058068,-3.530189,-2.547619,1.43657,3
-0.683117,-0.406502,-0.259969,0.216636,0.342588,-0.019144,-2.996018,-2.335756,0.469801,3
-0.250477,-1.071397,0.155726,0.526225,0.194118,-0.34716,-3.282227,-0.490792,-0.235911,3
0.12062,-0.737039,0.387873,0.855556,0.192476,-0.146174,-2.462042,-1.057509,-0.650711,3
0.527128,0.169406,0.32507,0.129859,0.760016,0.400144,-1.739258,-2.023468,-1.125648,3
-0.021074,-0.083918,0.183606,0.506378,0.58587,0.279007,-0.953198,-1.892717,-1.361696,3
-0.172456,-0.682635,-0.269018,0.702823,0.230567,-0.440087,-0.869193,-1.164278,-1.309846,3
0.342294,-0.555081,0.020669,-0.093604,0.640184,-0.044944,-0.271248,-0.954809,-1.068004,3
0.970556,-0.111433,1.276776,0.404479,0.913662,0.661865,0.181962,-0.844993,-0.803993,3
0.32193,-0.297234,0.260562,0.644399,-0.07965,-0.050307,0.459744,-0.427906,-0.92944,3
-0.13016,-0.707308,0.158412,0.720862,0.541543,0.197799,1.619469,-0.040947,-0.192121,3
-0.155204,-0.485267,-0.14291,-0.667658,-0.025104,0.311288,0.931593,-0.228908,-0.133569,3
-0.059261,-0.182455,0.104828,-0.057003,-0.546183,-0.607197,-0.419086,0.032562,0.754852,3
-0.243108,-0.892509,0.443871,0.945416,0.562808,0.097187,0.855054,-1.371019,-2.038113,3
-0.320347,-0.335091,0.188781,0.52785,1.435998,0.589445,0.732855,-0.468208,-0.371661,3
0.10611,0.07833,0.420633,1.044083,0.279578,0.092,-3.642166,-0.538948,-0.807997,3
-0.694481,0.051303,-0.067765,0.323115,-0.448839,0.073054,1.66797,-3.32496,6.900515,3
-0.289171,-0.377237,0.188471,0.704192,0.884304,0.238571,4.411275,-3.471917,-0.146055,3
-0.090516,0.295074,0.273807,0.425304,-0.012006,-0.026119,0.623759,-0.165453,-0.541345,3
-0.772207,0.647584,-0.218886,0.093881,0.726773,0.735358,-1.124876,-1.825789,0.376445,3
-0.83212,-0.38334,-0.413869,-0.394564,1.122202,0.537087,-1.116941,-1.054501,0.13481,3
-0.011277,-0.162168,0.076982,0.692459,-0.046583,-0.480569,-1.84239,0.245677,-0.310368,3
-0.584069,-0.456303,-0.164028,0.685436,-0.835339,-0.354963,-1.735537,1.457973,-0.022851,3
-0.005029,-0.345176,0.280681,0.321662,0.295207,-0.180057,-0.622301,0.974287,0.33321,3
0.113128,-0.297471,0.718947,0.174426,0.32258,0.274087,-0.014905,0.21588,0.193687,3
0.39598,0.230945,0.538261,0.369624,0.336027,0.368284,0.36415,0.149392,0.137422,3
0.509347,-0.334873,0.324438,0.352606,0.130675,0.328888,0.778532,-0.008771,-0.045846,3
-0.621115,-0.538881,0.299667,0.530376,0.101872,-0.004811,0.699851,0.319544,0.131699,3
-0.320581,0.257824,0.22295,0.717925,0.39484,-0.282542,0.018414,0.482361,0.015144,3
-0.656642,0.203202,-0.142732,-0.12952,-0.052794,-0.031923,0.09191,0.345388,-0.087396,3
-0.340852,0.385651,-0.194646,-0.422006,-0.280967,-0.213086,-0.06021,0.006314,-0.050431,3
0.756092,0.434396,0.035886,0.313982,0.891467,0.065525,-0.344189,-0.00362,-0.097959,3
0.485653,-0.218643,0.161523,-0.107876,0.6828,0.358831,-0.280731,0.312292,0.039959,3
0.645533,-0.565281,0.477541,0.636665,0.821741,0.145874,-0.465778,0.236898,-0.01395,3
0.50945,-0.133761,0.356223,0.782934,0.678504,0.272629,0.052886,0.188526,0.09969,3
0.189323,0.094418,0.15934,0.715429,0.855461,0.226132,0.812256,0.187107,0.106013,3
0.417489,-0.154096,-0.245152,-0.172621,0.836699,0.549984,1.682166,0.51941,0.061976,3
0.330223,-0.806235,0.236017,0.688692,0.646642,0.166428,2.475816,0.719695,-0.114975,3
0.281684,-0.075116,0.30278,0.105028,-0.261849,-0.335598,2.586303,0.778116,-0.165215,3
0.32539,-0.148858,0.358335,0.365923,0.543464,0.17942,2.697436,-0.071628,-0.209074,3
-0.068112,-0.257581,0.46137,0.750887,0.22985,0.026467,2.607664,0.002496,0.654034,3
-0.588455,-0.913221,0.53619,0.414515,-0.868763,0.286862,2.923675,-1.055682,1.516763,3
-1.235653,-1.046869,0.85514,0.845407,0.226183,-0.048603,3.418712,-1.954148,2.430872,3
-1.839451,-0.210189,0.138122,0.993163,0.261014,-0.277369,4.56052,-2.016349,1.150063,3
-1.34011,0.01365,0.072847,0.726668,-0.218121,-0.128401,2.545165,-2.711755,0.553657,3
-0.863881,0.364447,-0.201753,-0.114208,-1.432786,-0.412957,-0.841339,1.105662,1.012003,3
-0.415539,0.634483,-0.536244,-0.196841,-1.271237,-0.124373,-2.094579,0.880706,0.813167,3
-0.514144,0.337864,-0.457291,0.576386,-0.209689,-0.175283,-3.874341,-0.552525,1.770686,3
-0.493962,0.001657,0.195118,1.585324,0.168961,0.031807,-4.704302,-0.985797,0.50477,3
-0.514505,-0.758921,0.30351,0.978394,1.038708,0.333285,-3.017144,0.684967,-0.525178,3
0.049675,-1.10518,1.052647,1.777536,0.792385,0.26345,-2.730608,0.092304,-0.873976,3
-0.561179,-0.432422,0.073452,0.363945,-0.061739,-0.317904,-2.396148,-0.683105,-1.612346,3
-0.371698,0.155993,-0.127958,0.683356,-0.252553,0.25693,-1.82772,0.745697,-1.149774,3
0.0918,0.042062,-0.539111,-0.244816,-0.210792,-0.437238,-1.312628,1.723623,-0.71237,3
0.039455,-0.587053,0.428379,0.771667,0.413698,-0.074238,-1.032839,0.511844,-0.844015,3
0.254725,-0.965892,0.535268,0.57262,0.757016,0.364743,-0.276524,-0.550841,-1.061981,3
-0.090518,-0.774367,0.390268,1.50807,0.307472,-0.012874,-0.121882,-0.232831,-0.64396,3
-0.492141,-0.760207,0.721871,1.417365,-0.147948,0.014979,-0.238778,-0.348031,-0.977694,3
-0.518554,-0.448069,0.234314,1.159415,0.565323,0.326335,-0.178127,-1.088013,-1.242785,3
-0.406452,-0.514617,-0.045498,-0.09753,1.126533,-0.050192,0.477598,-0.456505,0.185177,3
0.081855,-0.703437,0.262811,0.293537,-0.439873,-0.753598,1.65952,-0.686455,0.235621,3
0.386195,-0.010964,0.331684,0.075904,-0.244095,-0.275917,0.444076,-2.901644,-1.086171,3
-0.891875,0.384862,-0.21979,1.028464,-0.581166,-0.464676,0.642741,-3.064289,-0.265847,3
-0.466958,0.81801,-0.540607,0.924226,0.773731,0.242088,-2.954576,1.059042,1.092979,3
-0.321162,0.059214,0.336832,1.718881,0.465067,0.635472,-1.078151,0.234021,6.212965,3
-0.291559,-0.796458,0.905816,0.746438,-0.157226,0.467958,-1.258292,-4.952026,-1.816415,3
-0.67599,-0.396786,0.54558,1.112615,-0.656189,0.16679,-0.872749,0.645303,-0.809261,3
-0.8017,0.564636,0.249944,0.311706,-0.467507,0.214637,-1.755412,-1.139512,0.337821,3
-1.230106,0.996128,-0.466307,-0.12749,-0.471149,-0.395176,-0.972201,-0.950039,0.126337,3
-0.350865,1.38086,-0.968487,-0.453437,-0.019075,-0.56866,0.007386,0.889987,0.022879,3
0.353234,1.373317,-0.908662,0.560512,0.034205,-0.107938,0.444985,1.444556,0.101675,3
-0.821591,-0.768225,1.271331,0.467237,0.221355,0.505466,0.355609,0.84897,0.244373,3
0.039599,-0.655391,0.688898,0.696511,-0.333068,0.222343,0.155233,0.269741,0.292789,3
-0.234246,-0.631294,0.388682,0.255099,-0.234522,0.192146,0.078964,0.267118,0.190269,3
-0.203352,-0.510196,0.430298,0.141038,0.43657,0.192226,-0.034632,-0.009927,-0.009485,3
-0.055256,0.201824,-0.27434,0.195179,0.279362,0.020478,0.026929,0.122596,0.006091,3
-0.197956,0.757944,-0.262839,-0.040189,-0.135754,-0.014169,0.208179,0.073148,0.163852,3
-0.15931,0.722966,-0.156942,0.613316,-0.14407,-0.344974,0.21567,-0.095715,0.023108,3
-0.143616,-0.075171,0.170003,-0.031696,0.234562,0.09534,0.214827,-0.248391,0.044497,3
-0.066099,-0.502466,0.505713,1.357589,0.080909,0.220421,0.175061,0.103183,0.079619,3
0.257234,-0.354311,0.398856,1.353849,-0.131268,0.38975,0.081572,0.307368,-0.048509,3
-0.166383,-0.30198,0.545278,0.700947,-0.442036,-0.018356,0.077765,0.213112,0.078798,3
0.13568,-0.034754,-0.258711,0.355626,0.695569,0.176239,0.221119,0.006044,0.008213,3
-0.17197,-0.25932,0.296127,0.719292,0.343752,-0.052099,0.455409,0.006885,0.053239,3
0.205036,0.087237,0.174264,0.550494,0.025818,0.184932,1.103646,-0.728807,0.102704,3
-0.489008,-0.209993,0.171319,0.493325,-0.260023,-0.007439,1.674493,-0.962301,0.009265,3
0.168891,-0.33397,0.307912,0.943554,0.25173,0.145926,1.768593,-1.10388,-0.129752,3
-0.200707,-0.307466,-0.00453,0.354439,0.177925,0.007829,1.665533,-1.236284,-0.14912,3
-0.302978,-0.165645,0.316663,1.133423,-0.573771,-0.033397,1.717852,-1.531224,-0.298284,3
0.174784,0.272552,-0.002587,0.128447,-0.121821,0.448448,1.612453,-1.82215,0.273344,3
-0.456926,-0.377544,0.178119,0.783945,-0.04745,0.13963,1.073929,-1.784823,1.299827,3
-0.869146,0.14983,0.677778,0.414115,-0.271073,-0.05331,0.71502,-3.300775,2.029247,3
-1.467323,0.538458,0.469852,0.492991,0.204688,0.23941,1.59268,-4.282408,1.228038,3
-1.688291,0.390279,0.469235,0.292147,-0.572527,0.014195,1.520077,-6.736972,-0.302676,3
0.269374,0.441824,-0.573566,0.640544,-0.933899,-0.202048,-1.591888,-1.098834,0.725683,3
-0.002014,0.462921,-0.273207,-0.120458,-2.124158,-0.259815,0.122917,1.898479,1.127353,3
-0.010559,0.905242,-0.294834,-0.764046,0.380988,-0.791938,-2.510025,3.469465,1.62532,3
-0.721876,1.124998,-0.048415,0.257447,0.87683,-0.011191,-3.380332,3.86293,1.013661,3
-0.957676,0.634059,-0.049645,1.068134,0.482539,0.174328,-1.6992,3.079808,-0.241712,3
-0.764776,-0.592935,0.724828,1.545824,-0.209824,0.679537,-0.728825,2.641832,-0.403992,3
-0.327185,-1.129681,0.620148,1.468186,-0.755545,0.380035,-0.524592,2.221676,-0.704713,3
-0.229494,-0.911233,0.441888,1.185503,-1.339007,0.016163,-0.644897,1.950767,-0.799989,3
-0.885632,0.505365,-0.076293,0.922765,0.102932,-0.166907,-0.820033,1.497448,-1.088876,3
-0.536015,-0.023586,0.048562,0.039022,-0.270986,-0.576634,-1.362964,0.75739,-1.266619,3
-0.445143,-0.450099,0.401149,0.478316,-0.727834,-0.558925,-1.278601,-0.144436,-0.45107,3
-0.685105,-0.075486,0.980602,1.133389,-1.697656,-0.137505,-0.878854,-0.165645,-0.663624,3
0.102095,0.134581,-0.150815,1.534837,-0.106619,0.385161,-0.575261,0.18928,-0.831299,3
-0.672397,0.722851,0.58411,0.456732,-0.701247,0.064393,-0.207794,-0.135979,-0.379699,3
0.128522,0.674002,0.137939,0.194613,-0.812304,0.108006,-0.093891,-0.424868,-0.404779,3
0.091951,1.025392,-0.224012,0.403807,-0.992236,0.442106,-0.698154,-0.813161,-1.014302,3
0.028024,0.936976,0.034163,-0.200637,-0.632006,0.168794,-1.330892,-2.931091,-1.085009,3
-0.028433,0.853532,0.128245,0.248556,0.507988,0.315751,-1.899655,-1.66367,-1.118179,3
0.259308,0.872291,0.605136,0.40953,0.226354,0.276387,-3.177235,1.172282,3.623916,3
-0.323161,0.749694,0.643841,-0.210445,-1.540224,-0.204595,0.485643,-2.133561,3.409935,3
0.290209,0.674839,0.095387,0.403164,-0.366278,0.281968,-2.76352,0.972772,-0.781426,3
0.294011,0.338906,-0.061334,1.442692,0.188959,0.614621,0.052762,1.914308,-0.166795,3
0.06674,0.383643,0.333131,1.030445,-0.973632,0.149686,-0.39065,0.049941,0.443122,3
-0.395855,0.552504,-0.242879,0.256988,-0.470754,-0.732398,1.195652,0.8002,-0.008079,3
-0.652451,-0.609581,0.327826,1.852304,-0.978443,0.521277,1.456512,0.490142,0.442121,3
-0.303145,-0.657319,0.67438,0.432135,-1.176617,-0.489486,0.169397,-0.304702,0.46087,3
-0.705904,0.424567,-0.107428,0.154586,0.095697,-0.095756,-0.882946,-1.269945,0.299341,3
0.063587,0.453713,-0.180874,1.178159,-0.351629,0.656928,-0.441561,-0.882957,0.223689,3
0.825088,0.27522,-0.499321,0.864291,-0.129164,-0.154662,-0.07327,-0.163613,-0.166028,3
0.457902,0.354994,-0.071744,-0.091222,0.202303,-0.247031,0.808921,0.538847,-0.16251,3
0.253258,0.102088,0.191683,-0.39813,0.72567,-0.510694,0.762155,0.656282,-0.010011,3
0.303552,-0.180074,0.242582,0.366917,0.084622,-0.069485,0.709924,0.633097,0.004833,3
-0.371014,-0.250934,0.432761,1.395755,-0.3282,0.593923,0.271911,0.63515,0.037576,3
0.349254,-0.353444,0.226752,0.924027,-0.311752,0.16622,-0.381214,0.226479,0.065106,3
0.591521,0.156454,-0.020818,-0.363755,0.639619,-0.179981,-0.219086,0.040522,0.029985,3
0.143891,0.657914,-0.003822,0.06471,-0.499614,-0.025329,-0.141617,-0.250291,0.030148,3
0.178842,0.011539,-0.142035,0.679356,-1.037241,-0.463219,0.239647,-0.307079,0.152842,3
0.191467,-0.484887,0.264137,1.146287,0.187061,0.504914,0.065801,-1.027242,-0.020064,3
-0.086471,-0.393557,0.316332,0.954032,-0.648368,0.367868,-0.228871,-1.33996,-0.017776,3
0.131062,-0.57991,0.106099,0.868826,-0.216185,0.145807,-0.18205,-1.180651,-0.106076,3
0.168634,-0.379958,0.104203,0.687516,0.139371,0.037733,0.635391,-0.92808,-0.076939,3
-0.054344,-0.477352,0.04334,0.913117,0.22827,0.14386,0.369347,-1.299909,-0.096172,3
-0.008508,-0.354451,0.460075,1.275308,-0.462308,0.289215,0.487154,-1.288256,-0.117264,3
-0.039116,-0.084254,-0.162756,0.299266,-0.643033,-0.458932,0.488318,-1.129255,-0.083886,3
0.179746,-0.535726,0.402459,0.505827,0.167773,0.377265,0.97791,-1.233947,0.507949,3
-0.475999,0.213338,0.596859,1.298549,-1.014111,0.799776,0.124032,-1.423114,0.861119,3
-0.840998,0.168228,0.409137,0.688466,0.56696,0.871708,-1.714101,-1.165293,1.09411,3
-1.005057,1.076422,-0.149916,0.386854,-0.226348,-0.361776,-2.030328,-1.199224,1.525366,3
-0.191123,0.487101,0.244124,0.039669,-0.713574,-0.339139,-1.589818,-1.391658,0.69727,3
-0.380474,0.587723,0.10503,-1.18485,-1.185518,-0.540569,-1.972856,-2.065894,0.130644,3
0.972701,-0.106676,-0.576598,0.019509,-0.292381,-0.207969,-1.301751,-2.840932,0.41324,3
-0.035066,0.795599,-0.068139,-0.084324,0.153762,-0.327535,0.031453,-3.155406,-0.287601,3
-0.341721,0.493275,0.378691,0.650684,-0.554991,0.065423,0.047665,0.052122,0.743255,3
-0.766716,0.28752,0.539927,0.702232,-1.002006,0.385732,0.392913,2.251037,1.439359,3
-1.308786,0.315393,0.495587,0.552416,-1.343742,0.068772,1.245114,2.645957,0.172823,3
-1.035164,0.636643,0.638716,0.142351,-1.963213,-0.172231,1.41135,1.625873,-0.009867,3
0.583838,0.109197,-0.275494,0.175632,0.002996,-0.097985,-0.412624,1.519596,-0.415934,3
0.072782,0.360658,0.126043,-0.262807,-0.082922,-0.189438,-0.979087,1.390985,-0.181863,3
-0.272975,0.445773,0.280978,-0.371376,-0.681433,-0.339262,0.534338,1.377939,-0.005993,3
-0.440826,0.594534,0.090798,-0.088502,-0.262615,-0.280822,0.751149,1.510936,-0.30648,3
-0.601366,0.634637,0.425917,0.116213,-0.860571,0.047945,0.421597,1.393301,-0.339577,3
-0.251984,0.440962,0.113787,0.538664,-0.802037,0.015971,-0.225148,0.984143,-0.27604,3
-0.282064,0.255361,0.667403,0.183248,-1.058634,0.214258,-0.374637,0.303168,-0.21792,3
0.185859,0.422879,0.040656,0.314697,-0.400421,0.10861,-0.642028,0.330126,-0.717886,3
-0.258972,0.331821,0.219351,0.245269,-0.236234,-0.151131,-1.117588,0.711922,-1.431544,3
0.099273,0.00773,0.362952,0.011479,-1.026488,0.188815,-1.105077,0.136123,-0.793048,3
-0.021029,0.538746,0.237404,0.052955,-0.099516,0.050674,-0.634998,-0.414516,-0.223343,3
-0.199175,0.24261,0.248382,0.510286,-0.524033,0.219316,-0.947851,-0.771371,-0.46177,3
0.062569,0.090244,0.100043,0.79755,-0.051911,0.273521,-1.437564,-1.105118,-0.697315,3
-0.314602,0.004696,0.144853,0.334339,-0.740217,-0.217306,-0.680539,-0.91234,-0.421693,3
-0.449423,-0.050941,0.385868,0.393342,-0.765586,0.417964,2.539665,1.007518,-1.595161,3
-0.195239,0.453613,0.126319,0.421511,-1.033326,0.316855,0.216771,3.679451,4.844659,3
-0.707049,0.44714,0.361506,0.321659,-0.512336,0.398749,-4.7125,0.753196,2.625033,3
-0.089931,-0.303304,0.101301,0.341665,-0.850818,0.43006,-0.056972,-0.07698,-0.900742,3
-0.081679,-0.336968,0.212316,0.207941,-0.872502,0.634665,-0.620369,0.518256,-1.31719,3
0.132358,0.665968,-0.397799,-0.458187,-1.455305,-0.108146,-0.623835,1.629614,0.864407,3
-0.068102,1.23867,-0.387258,-0.234967,-0.880385,-0.033962,-1.122718,0.424157,0.042428,3
0.20054,0.721481,-0.089006,0.603091,-0.647661,-0.249699,1.313584,0.431766,-0.196056,3
-0.042796,0.934456,-0.148971,0.757648,-0.31413,0.146716,2.005096,0.101465,0.048221,3
-0.241655,0.718757,0.103894,0.174494,-1.026303,0.219797,1.043754,0.235435,0.259562,3
-0.715402,0.296998,0.338816,-0.165159,-1.014547,-0.251171,0.183766,-0.199497,0.359251,3
-0.684292,-0.258718,0.826989,0.436199,-0.906824,0.286839,-0.309781,-0.875031,0.077003,3
0.492006,-0.214648,0.157786,0.959997,0.251061,0.491811,-0.387219,-0.874309,0.021583,3
0.335463,0.60209,-0.617517,0.321083,0.495457,-0.207427,0.304681,-0.524393,0.146659,3
0.182558,-0.261542,0.125064,0.108008,-0.318043,-0.112249,0.178585,-0.150431,0.075804,3
-0.026051,-0.36414,0.3047,0.371983,-0.12464,0.280805,0.062556,-0.186165,0.00609,3
0.352771,-0.522183,-0.004196,0.725297,-0.062252,0.049848,-0.080323,-0.159565,-0.031322,3
-0.018217,-0.229635,-0.144679,0.807156,-0.117277,0.07534,-0.262568,-0.428207,0.077903,3
-0.271418,-0.417319,0.380147,0.719523,-0.351118,0.543161,0.001706,-0.675355,-0.054831,3
-0.259098,0.088386,-0.037821,-0.092644,-0.872316,-0.333712,-0.37576,-0.762144,-0.009401,3
-0.323786,0.260834,0.361658,0.382137,-0.938664,-0.041368,-0.201064,-1.168727,-0.023772,3
0.09067,-0.098612,-0.021666,0.684335,-0.046515,0.222713,0.152894,-1.49773,-0.008869,3
-0.060072,0.074128,0.131107,0.912153,0.033078,0.3351,-0.401369,-1.637277,-0.122586,3
-0.00999,0.227045,0.012205,0.286695,-0.415524,-0.10958,-0.833249,-1.884749,-0.227266,3
0.403445,0.124435,-0.096997,-0.068802,-0.729007,0.116275,-1.066821,-2.325924,-0.134208,3
0.556975,-0.309143,0.194214,0.37078,-0.267162,0.453887,-1.761932,-3.044333,0.076964,3
0.363574,0.288387,0.085555,0.323596,1.139299,0.362986,-3.14148,-2.652527,1.299734,3
-0.660253,1.007119,1.316898,0.55008,1.800454,0.750578,-4.266028,-1.277752,2.217395,3
-0.200206,1.310128,0.417594,-0.172553,0.308402,-0.088747,-4.175467,-1.587226,1.10286,3
0.277876,1.378465,0.334003,-0.764202,-0.376661,-0.421229,-3.705496,-0.450388,0.002076,3
1.063701,0.775704,-0.507915,-1.386224,-0.290395,-0.647116,-0.807749,-0.401287,-0.239631,3
1.552137,0.249926,-0.668821,-1.308591,0.076987,-0.563234,1.80946,2.069435,1.44299,3
1.00998,0.330084,-0.426507,-0.698785,-0.058489,-0.229827,2.777768,3.203633,1.202015,3
0.018801,0.893754,0.227538,0.270609,-0.417439,0.124662,2.835841,2.697805,0.772323,3
-0.868082,1.297862,0.543195,1.299432,-0.435334,0.442209,1.693691,1.609492,0.029635,3
-0.584079,0.114585,0.429072,0.799125,-0.980693,0.407985,1.887754,1.319782,0.359518,3
-0.460325,-0.082546,0.623131,-0.061447,-1.192056,0.184897,1.107839,1.608927,-0.063929,3
-0.036984,-0.357086,0.234482,0.431798,-0.316589,0.369769,0.545216,1.77077,-0.625866,3
-0.101501,0.300431,0.329094,0.100086,-0.239076,-0.004263,0.607724,1.528713,-0.416672,3
-0.257774,0.045932,-0.175152,0.257921,-0.389194,-0.317071,0.446922,1.331693,-0.579848,3
-0.67291,0.04119,0.83715,0.251918,-0.747959,0.456172,0.042539,1.037761,-0.789972,3
-0.444336,-0.077574,0.143278,0.808339,-0.299143,-0.050952,0.177658,0.553721,-1.285943,3
-0.205191,0.219205,0.648476,0.200563,-0.662812,0.407586,0.685775,0.124068,-1.088638,3
0.218453,0.494892,0.154904,-0.253737,-0.66128,0.099175,0.975632,-0.067204,-0.610034,3
-0.196442,0.658049,-0.038843,0.225945,-0.568096,0.197333,0.948131,0.142426,-0.716492,3
-0.270086,0.197829,-0.094529,0.462562,-0.569553,-0.072687,-0.620325,0.37607,-0.543395,3
-0.241408,0.060879,0.399712,0.520132,-0.068411,0.31471,-1.983661,-0.407116,0.474273,3
-0.618588,0.757677,0.27868,-0.018923,-1.020146,0.419034,-1.486479,-1.183032,0.042909,3
-0.230717,0.0787,0.233562,-0.022857,-0.561742,0.018135,-1.48585,-0.371552,-0.725771,3
0.108492,-0.351391,0.589952,0.356623,0.318655,0.698508,1.588476,0.512724,-1.264627,3
-0.16224,0.788802,0.202951,0.486752,-0.011047,0.288172,2.197768,2.181423,1.040496,3
-0.180255,0.700052,0.15279,-0.218989,0.177646,-0.120536,-6.495703,1.800075,3.635156,3
-0.060604,0.378194,0.229655,-0.035376,-0.533401,-0.140897,-1.725045,1.241699,2.837522,3
-0.010521,-0.116394,0.379772,-0.003301,-1.317109,0.451221,1.091213,-0.592482,-1.055873,3
0.665112,-0.100007,-0.109607,0.684586,0.038096,0.375748,1.419882,0.468943,-0.46386,3
0.466062,0.240935,0.456755,0.398998,-0.65571,0.462726,1.120714,1.770513,0.084826,3
1.102561,0.709627,-0.524718,-0.452846,0.382199,-0.719554,-0.378524,0.585344,0.021208,3
0.751801,0.793227,-0.198537,0.125744,0.127739,0.31465,0.687355,0.307672,-0.328423,3
0.503927,0.461778,-0.117361,0.264136,0.023959,0.360572,1.707143,-0.271877,-0.04315,3
0.534135,0.47363,0.060856,0.227231,-0.154363,0.217072,0.93982,-0.682933,0.208742,3
0.032507,0.022148,0.409678,0.002783,-0.626062,0.40468,-0.287731,-0.499554,0.020637,3
-0.086811,-0.298277,0.22623,-0.033824,-0.216461,0.438551,-0.212836,-0.623732,0.473791,3
-0.045335,0.153725,0.050757,0.158708,-0.261196,0.239353,-0.107932,-0.41717,0.006448,3
0.120392,0.111419,-0.026298,0.33389,-0.554988,0.032466,0.039396,0.246946,0.084445,3
0.423099,-0.029695,0.280132,0.306197,-0.701037,0.196373,0.455473,0.404581,-0.179353,3
0.557636,-0.091924,0.0101,0.533496,-0.040685,0.082375,1.107237,0.270599,-0.109787,3
0.330956,-0.234256,0.012646,0.235894,-0.149946,-0.036242,1.195189,0.110742,-0.236478,3
0.030911,-0.135457,0.378537,0.520208,-0.281991,0.464644,0.830216,-0.212764,0.230447,3
-0.158814,-0.029708,-0.002706,0.425462,-0.126503,0.362045,-0.279587,-0.425636,0.15182,3
-0.236682,-0.045982,0.112944,-0.044408,-1.381566,-0.160837,-0.656956,-0.535495,0.148896,3
-0.165683,-0.629146,0.486088,0.447103,-1.010188,0.292797,-0.404016,-0.559277,0.053049,3
0.141019,-0.023216,-0.027058,0.50587,-0.260378,-0.147403,-0.429495,-0.593005,0.019078,3
0.107602,-0.149032,0.276719,0.043229,-1.152293,0.565396,-0.771015,-0.8003,0.012561,3
0.039601,-0.114539,-0.16207,0.147349,0.530679,-0.227057,-0.72055,-1.497372,0.042218,3
-0.207241,-0.068865,0.209348,0.20608,-0.358014,-0.255582,-0.665772,-1.669501,-0.103609,3
-0.117046,-0.110701,0.613331,0.603887,-0.685469,0.46825,-1.065278,-1.746652,-0.066792,3
0.056021,0.338878,0.154544,0.251567,-0.806637,0.40247,-1.557488,-1.620612,0.110555,3
0.336355,-0.376701,0.851633,1.129428,0.787571,1.039849,-1.781679,-1.429517,0.264365,3
0.364627,0.190404,0.287839,0.73099,0.763984,-0.08207,-3.008599,-1.240101,0.904021,3
0.457989,0.880999,0.038033,0.271124,-0.120658,0.349657,-3.547132,-0.771315,1.864539,3
0.221484,0.576854,0.634694,0.119756,-0.86036,0.423983,-3.395236,-0.920546,0.980125,3
0.069328,0.719601,0.510105,-0.878958,0.390484,-0.23226,-4.226201,-1.31004,-0.422832,3
0.095232,-0.246514,-0.28064,-0.685663,0.687218,-0.37438,-3.069734,0.404569,-0.452443,3
0.585036,0.116299,-0.440403,-0.888038,0.942798,-0.546796,-0.744209,-0.881223,0.933475,3
1.164291,1.399707,-0.365968,-0.318073,0.722092,-0.260308,1.978474,0.756765,1.607384,3
0.422861,0.245909,-0.285894,0.31793,-0.715191,0.44931,3.592022,1.284293,1.9336,3
0.090103,0.861341,0.568506,0.465567,-0.531088,0.397074,3.475971,1.515444,0.923707,3
-0.694815,1.08195,0.61179,0.474846,-1.193478,0.141607,2.283571,0.716779,-0.376592,3
-1.069047,-0.563334,0.898032,0.672557,-0.977523,0.50817,1.762713,1.0851,-0.200066,3
-0.229596,-0.289624,0.319587,-0.459634,-0.729214,-0.144808,1.835247,1.468761,-0.769074,3
0.113384,-0.08273,-0.321689,-0.170223,0.000635,-0.162784,1.6271,1.958337,-0.880952,3
0.299009,0.155699,-0.493045,0.420182,-0.39766,0.030324,1.278654,1.564709,-1.049089,3
-0.251661,0.330956,0.115099,0.525437,-0.686355,-0.021938,1.340247,0.978383,-1.048476,3
-0.519045,-0.198219,0.419336,0.663746,-1.085328,0.4877,0.708597,0.828686,-1.130874,3
-0.511791,0.01313,0.283573,0.663087,-0.261026,0.24111,0.246211,0.723824,-1.348434,3
-0.315859,0.087199,0.576831,0.000471,-1.47278,0.421429,-0.208189,-0.116257,-0.499406,3
0.074303,0.163159,-0.068542,-0.205188,-0.455618,-0.280192,-0.729882,-0.566549,0.154219,3
0.298252,-0.42524,-0.274179,0.940122,0.500579,-0.098047,-1.441254,-0.467903,-0.032389,3
-0.047615,0.577182,0.786291,-0.478534,-1.142728,0.610629,-2.917805,-0.691836,0.423846,3
0.090273,0.084708,-0.137813,0.05292,-0.759086,0.180309,-3.300528,-0.482231,-0.274385,3
-0.44976,0.078214,0.715764,0.189141,-0.925617,0.422636,-0.587717,0.196907,-1.444637,3
-0.210032,0.528829,0.443177,-0.346449,-0.683579,0.05866,3.977516,3.053983,-1.898392,3
0.48136,0.122359,-0.023952,0.293951,0.379236,-0.195997,-0.155463,2.068736,6.395216,3
0.623737,0.061662,0.210473,0.719313,-0.244259,-0.149962,-2.588009,3.759525,3.299556,3
0.269935,0.478371,0.542062,0.895181,-0.188407,-0.043281,1.80357,0.386524,-1.668911,3
-0.431185,0.091624,1.019656,0.849731,-0.740307,1.426869,2.185619,-0.498637,-1.262166,3
0.172598,-0.180313,-0.409452,-0.488787,0.199432,0.032578,0.97039,1.66422,-0.424459,3
0.957804,0.733376,-1.06324,-1.027643,0.797215,-1.066994,-0.056006,1.223101,0.072065,3
1.286255,0.818133,-0.737225,-0.832867,0.098121,-0.263855,1.224483,0.083173,-0.102868,3
1.693015,0.508422,-0.454042,0.031548,-0.118921,-0.349662,1.737267,-0.872462,0.304406,3
1.143193,-0.211381,0.441839,0.46903,-0.517955,0.77603,0.118,-0.780245,0.382317,3
-0.016063,-0.240323,0.724227,0.711956,0.022851,0.432484,-0.617444,-0.708863,0.328093,3
-0.450527,0.233164,0.658509,0.400714,-0.44425,0.425198,-0.821149,-0.952085,0.585002,3
-0.448825,0.085405,0.350076,0.038824,-0.046628,0.088686,-0.54584,-0.59624,-0.090335,3
0.279782,0.103289,-0.174502,-0.510407,-0.027368,-0.533678,0.081776,-0.093431,-0.067862,3
0.761955,-0.082852,-0.07129,-0.091558,0.091967,0.266277,0.710349,0.200271,-0.001093,3
0.956296,-0.346332,-0.228266,0.000327,-0.108503,-0.452175,1.223512,0.284361,-0.207231,3
0.125444,-0.109089,0.360137,0.328321,-0.467389,0.113908,1.195385,0.134509,-0.051532,3
0.461787,-0.14868,-0.227366,0.333093,-0.30782,-0.17466,0.648721,-0.089041,0.137727,3
-0.343589,-0.153609,0.374322,0.32572,-0.986328,0.448966,0.00172,-0.192198,0.104423,3
-0.461904,-0.490673,0.405806,0.542037,-0.174222,-0.108317,-0.701407,-0.241909,0.224747,3
0.063215,-0.86392,0.323424,0.471572,-0.249537,0.602174,-1.098481,-0.351459,-0.09107,3
0.252438,0.035867,-0.067557,0.077462,-0.068397,-0.125978,-0.682641,-0.444198,0.113095,3
0.387152,-0.270794,-0.29895,0.982233,0.034329,0.216458,-0.477466,-0.683724,0.07193,3
0.155562,0.227607,0.033662,0.237781,-0.449716,-0.056584,-0.438926,-1.13783,0.044604,3
-0.092905,-0.445654,0.134079,0.240988,-0.964969,-0.05783,-0.606607,-1.183096,0.043686,3
0.059089,0.632622,0.231372,0.058188,-0.502275,0.065102,-0.821166,-0.835491,0.062546,3
0.082842,-0.451991,0.201373,0.201583,-0.697289,-0.132111,-1.407273,-0.627587,-0.127977,3
0.667197,-0.240708,0.02734,0.269636,0.577231,-0.130574,-1.484347,-0.9564,0.408039,3
0.370522,-0.153838,0.704432,0.735793,0.291792,0.803339,-1.656894,-1.01532,0.637908,3
0.670255,0.120998,0.122185,0.01068,0.698558,-0.180997,-2.214722,-0.297333,1.709258,3
-0.053011,0.664193,0.883318,0.282126,-0.379773,0.629577,-2.879401,0.135899,0.997112,3
0.023115,0.230999,0.499983,0.239501,0.404473,0.096035,-3.462016,-0.027554,0.028422,3
0.145306,0.729384,0.427448,-0.45942,-0.012083,0.208294,-3.99617,-0.273111,-1.125929,3
0.36807,0.487296,-0.337964,-1.11811,0.560307,-0.723059,-3.345196,0.232082,-0.814694,3
0.892338,0.681119,-0.46221,-1.26643,0.926052,-0.735978,0.073752,-1.317547,0.888677,3
1.124411,0.302709,-0.353951,-0.065372,0.404766,-0.077814,2.704322,-1.054016,1.820731,3
0.647626,0.233066,0.247791,0.090378,-0.31576,0.10111,4.263683,-0.165681,1.80847,3
0.280999,0.425255,0.301355,0.419189,-0.66289,0.44688,3.817863,-0.141331,0.843741,3
-0.18932,0.626789,0.482883,0.557716,-1.051483,0.450209,2.746003,-0.274314,0.107574,3
-0.486133,0.888994,0.602393,-0.571705,-0.56782,0.283411,1.58676,0.909427,-0.140331,3
-0.129353,-0.442873,-0.232643,-0.079812,0.229701,-0.090564,1.09231,1.529991,-0.223667,3
0.291384,-0.00749,0.159419,0.096523,0.484,-0.171324,0.801607,1.814329,-0.325139,3
0.329275,0.188346,0.024648,0.1871,-0.559487,0.00508,0.793963,1.79963,-0.384616,3
0.043468,0.566287,-0.165328,0.746077,-0.607658,0.343099,0.303152,1.737706,-0.606981,3
-0.675707,-0.176293,0.646814,0.19329,-0.67437,0.332879,-0.350921,1.330353,-0.50533,3
-0.542802,-0.595245,0.33792,-0.000886,-0.942272,0.136167,-0.091455,0.86382,-0.64554,3
-0.374022,0.045776,0.428872,0.07066,-1.007107,0.280552,0.762313,0.723725,-1.023086,3
0.022648,0.282331,-0.258966,0.335244,0.136973,-0.375596,1.024297,-0.006567,-0.759004,3
-0.239938,0.18758,0.36972,0.320778,-0.692856,0.2859,0.474519,-0.004248,-0.851628,3
-0.237929,0.013009,0.112113,-0.008287,-0.265025,-0.221868,0.26386,-0.021096,-0.700115,3
-0.459636,-0.139117,0.677145,0.503466,-0.367177,0.645432,-0.260421,-0.117968,-0.323701,3
-0.005737,-0.403156,-0.189981,0.502342,-0.510728,-0.021359,-1.456602,0.141182,0.011074,3
-0.140644,-0.087156,0.550957,0.565666,-0.837051,0.252875,-1.965952,0.092924,0.378083,3
-0.261445,0.027087,-0.221321,0.448798,-0.605331,-0.100488,-0.564301,1.101277,-1.378068,3
-0.27968,0.255254,0.343018,0.129951,-0.459838,0.361088,1.48335,2.298233,1.786705,3
-0.455613,0.222031,0.518416,0.651834,-0.884536,0.540447,-1.500759,0.043371,4.515943,3
-0.049616,0.38442,0.349238,0.716081,0.402714,0.258456,-0.417536,2.220345,0.27424,3
-0.221056,0.313439,0.342534,0.1598,-0.62612,-0.145241,0.512618,-0.283616,-1.000813,3
0.304837,-0.163598,0.256023,-0.661075,0.299761,0.580738,2.387475,0.104587,-0.618321,3
1.059982,-0.001139,-0.239021,-0.091252,0.381108,-0.189194,1.208708,0.15353,0.109222,3
1.172537,0.521482,-0.345378,-0.521659,0.501956,-0.537509,-0.33093,-0.174018,0.241353,3
1.060376,0.005323,-0.56592,-0.081323,0.542442,-0.604471,0.18109,-0.182406,0.012725,3
0.877488,0.685005,-0.130678,0.34752,-0.094233,0.346911,0.366683,-0.068,0.071507,3
0.344655,0.041944,0.582897,-0.228417,-0.616736,0.163487,0.641245,-0.580308,0.148987,3
0.437194,-0.416084,0.233273,-0.036733,-0.298956,0.765897,0.158504,-0.726463,0.253177,3
0.180595,-0.069747,0.096935,0.329104,0.165892,0.125863,-0.457006,-0.548857,0.313,3
0.378928,0.384919,-0.169271,-0.159316,0.188153,-0.567934,-0.133124,-0.401732,-0.131238,3
-0.08018,-0.16702,0.223062,0.457826,-0.288753,0.362833,0.176043,-0.089992,0.077649,3
0.192666,-0.348428,0.373811,0.26638,0.171455,0.581542,0.597656,-0.02661,-0.00894,3
0.610593,-0.654865,-0.328674,0.018661,-0.13657,-0.638943,0.62484,0.091592,-0.13799,3
0.51513,-0.269038,-0.079672,0.745061,0.051497,-0.105888,0.620548,-0.182727,0.084681,3
0.072481,-0.265721,0.313857,0.935186,-0.85661,0.293352,0.139516,-0.090643,0.075102,3
0.197952,-0.322712,0.126437,0.563338,0.008913,0.333121,0.075374,-0.120376,0.141206,3
-0.190191,0.18588,0.056176,0.291456,-0.281831,0.263573,-0.358721,-0.347763,0.108423,3
-0.437518,-0.091401,0.243428,0.295469,-0.313124,0.08183,-0.4393,-0.365284,0.101275,3
0.317027,-0.667369,-0.156278,0.374005,0.271697,-0.152602,-0.550196,-0.583682,0.124514,3
0.956484,0.380781,-0.34876,-0.159128,0.69117,-0.380284,-0.716157,-0.99956,-0.055992,3
0.136633,-0.258565,0.40769,0.466921,0.012836,0.448063,-0.547237,-1.361721,0.030816,3
-0.162514,-0.845023,0.57282,0.555704,-0.190494,0.60589,-0.581244,-1.258293,0.042602,3
0.038729,0.661396,0.107497,0.075666,0.272377,-0.114992,-0.618418,-1.216475,0.11474,3
0.289078,0.775115,0.230579,0.143607,0.205904,0.574727,-0.674411,-1.366293,0.646214,3
0.383806,-0.793248,0.242767,0.117139,0.498971,-0.387357,-1.624396,-0.701544,0.947286,3
0.010386,0.471529,0.769853,-0.135174,0.269116,0.00051,-3.146047,-0.246064,1.041856,3
0.20596,0.338573,0.604012,0.322777,-0.352108,0.835006,-3.662064,-0.884444,0.290367,3
0.433623,0.235414,0.024556,-0.46798,0.475357,-0.289957,-4.056636,-1.004905,-0.360158,3
0.316973,-0.029647,0.328782,-0.283783,0.593306,0.173266,-4.099715,-1.224485,-0.924208,3
0.702608,0.497226,-0.357504,-0.328639,0.415368,-0.273134,-2.693126,-0.197578,-0.490801,3
0.846335,0.261403,0.016529,0.055157,0.250623,0.379995,0.077386,-1.284479,1.34406,3
1.042914,0.448046,-0.211222,-0.263989,0.000669,-0.216058,3.278029,-0.527649,2.200609,3
0.469334,0.479216,0.249854,0.033946,-0.080827,0.149518,3.799478,0.340215,1.625273,3
-0.296477,0.219252,0.506718,0.471762,-0.756619,0.532143,3.625337,-0.119853,0.862564,3
-0.839109,0.074858,0.446899,0.502496,-0.186367,0.562545,2.517675,0.454543,0.23689,3
-0.128024,-0.219365,-0.046274,0.386376,-0.062289,0.257968,0.303988,1.971088,-0.071356,3
0.351428,0.49405,0.053696,-0.147354,-0.090862,-0.099236,0.354746,2.092282,-0.055701,3
0.107684,0.275972,-0.015968,0.192702,-0.390368,-0.117091,1.22329,1.572925,-0.051612,3
0.006751,-0.166145,-0.08306,0.840898,-0.10873,0.559758,1.015694,1.683671,-0.254148,3
-0.184454,-0.014682,0.385027,0.036619,-0.114913,-0.307212,0.534189,1.540779,-0.823943,3
0.143382,0.719259,-0.089255,0.056472,-0.35259,-0.198387,0.624102,1.378645,-1.182477,3
-0.389402,-0.757643,0.231191,0.958654,-0.397775,0.319125,0.825046,1.140848,-1.431412,3
-0.652675,-0.273737,0.581628,0.536134,-0.605774,0.306746,1.449857,0.659165,-1.295045,3
0.15597,-0.072184,-0.014398,0.219413,-0.480948,-0.158738,1.573641,0.156831,-1.081807,3
-0.055787,-0.621345,0.292413,1.02383,-0.132224,0.349207,0.729733,0.209285,-1.183924,3
-0.144482,0.128524,0.684959,0.186376,-0.453123,0.241451,-0.693921,-0.601405,-0.363778,3
-0.240909,-0.020368,0.257872,0.443448,-0.190448,0.435522,-2.425127,-1.361913,0.360168,3
-0.048969,-0.343566,0.043198,0.473778,-0.193712,-0.036649,-2.910783,-1.631342,0.33849,3
0.050935,0.125025,-0.079918,0.434808,0.353577,0.059267,0.792738,2.638211,-2.00671,3
0.112391,0.255772,0.071801,0.226702,-0.330229,-0.197153,0.539679,0.766499,4.887576,3
0.151573,0.186596,0.221816,0.772432,0.345038,1.037999,-3.760719,2.754641,2.566223,3
-0.627162,1.12054,0.361547,-0.063996,-0.843464,-0.082234,1.101993,1.059072,1.494078,3
-0.581626,-0.133302,0.70278,0.661506,1.446814,0.779342,1.578247,-0.115068,-1.36396,3
0.855994,-0.465139,0.135329,-0.206913,0.722926,0.025445,2.600158,0.135684,-0.831476,3
1.495753,0.961519,0.057365,-0.647312,0.79892,-0.267173,1.397282,1.09374,-0.229544,3
1.471183,0.729109,-0.363553,-0.504998,0.110977,-0.305421,0.269159,0.204188,-0.055385,3
0.863028,0.791837,-0.463764,-0.784928,0.268033,-0.215569,0.776997,-0.499272,0.103605,3
0.59019,0.122618,-0.227176,-0.339773,0.464307,0.085946,0.332894,-0.020252,0.253826,3
0.187198,0.433017,0.219199,-0.018436,-0.20127,0.024495,0.308828,0.040557,-0.011224,3
0.528082,-0.143929,0.329533,0.667553,0.871611,0.356795,-0.174143,-0.057409,0.219559,3
0.85208,-0.489068,-0.193989,0.394851,0.838174,-0.096364,0.292208,-0.681341,0.288209,3
-0.103417,-0.463128,0.752349,0.417521,0.592419,0.223204,0.442041,-0.693217,0.146127,3
0.412922,0.130737,-0.44113,0.021403,0.160681,-0.057954,0.371379,-0.443111,0.051344,3
0.171192,-0.007575,0.272696,0.550123,-0.417682,0.219678,0.500284,-0.195883,0.029225,3
0.423426,-0.184144,0.061039,0.417882,-0.26897,0.128812,0.319897,0.100342,0.081665,3
0.000831,0.319575,0.167755,0.475697,0.035045,0.490526,0.021542,0.041906,0.029402,3
-0.028885,-0.16042,0.063593,0.296955,0.106345,-0.064288,0.040223,-0.109051,0.261292,3
-0.686209,0.013504,0.574751,0.614229,-0.217221,0.539037,0.165745,0.118261,0.057377,3
0.188882,-0.465041,0.139018,0.342921,0.658268,0.183111,0.208242,0.0751,0.16405,3
0.612796,-0.686808,0.188738,0.200519,0.666466,0.050956,0.157897,-0.441038,0.083969,3
0.221596,0.137623,0.057323,0.285524,0.089636,-0.065938,-0.227862,-0.632188,0.059933,3
0.507472,0.089954,-0.128078,0.213787,0.288,-0.047932,-0.305604,-0.837195,0.034933,3
0.130276,0.194765,0.227569,-0.096699,-0.495782,-0.218427,-0.156483,-0.906578,-0.040745,3
0.005814,-0.33457,0.322719,0.500034,0.368819,0.263654,-0.324912,-1.017069,0.381136,3
0.772996,-0.444367,0.191322,0.493597,1.152833,0.642661,-0.544006,-0.761729,0.045116,3
0.029174,0.295007,0.38241,-0.119092,-0.336507,-0.096869,-0.75536,-1.149897,-0.056296,3
0.405054,-0.375743,0.222713,0.207699,0.907933,0.495372,-0.431166,-1.518138,0.609704,3
0.087666,0.428241,0.37741,-0.177169,0.441885,-0.039257,-0.509032,-1.231494,0.767017,3
-0.109433,0.041204,0.384979,0.136154,0.521427,0.211426,-1.122173,-0.058249,0.458351,3
-0.052664,0.219035,0.299178,0.005057,-0.401799,-0.05132,-0.918931,-0.489127,0.238281,3
0.183721,0.385896,0.315325,-0.086605,-0.056135,0.231062,-1.543231,-0.96177,-0.558654,3
0.740009,0.333386,-0.355947,-0.764127,0.521465,-0.241604,-2.214286,-0.513609,0.005289,3
0.205967,0.453972,0.016059,-0.473327,0.980816,-0.119877,-2.944429,-0.943225,-0.279284,3
0.310716,0.078645,0.225889,-0.254955,0.389561,0.149493,-2.373227,-0.912025,-0.304522,3
0.053832,0.407739,0.169112,0.16671,-0.359874,0.183476,-1.599395,-0.729434,0.620872,3
-0.080442,0.683525,0.150053,-0.192019,-0.255463,-0.020044,0.818385,-0.556239,1.17245,3
0.161024,0.248727,0.247869,0.130239,-0.047826,0.481431,2.618232,-0.214769,0.867117,3
0.344915,0.553794,0.018005,-0.142688,0.096671,-0.066566,3.796171,0.500526,1.046498,3
-0.094997,0.180301,0.350433,0.318346,0.026294,0.431086,3.510935,1.015634,0.600019,3
0.078716,0.144932,0.14935,0.275156,0.052939,0.114632,2.636398,0.943344,0.395239,3
-0.217869,0.145679,0.202266,0.110816,0.056065,0.090997,1.024948,1.534222,-0.03479,3
-0.010097,-0.129396,0.194271,-0.00572,0.065853,0.115953,0.023307,1.679194,-0.139531,3
0.000205,0.166942,-0.031894,0.059009,-0.068086,-0.092017,0.496777,1.498821,-0.062014,3
-0.065546,0.376954,0.201081,0.434897,-0.028138,0.260579,0.448485,1.455905,-0.225465,3
0.195234,0.140317,0.02914,0.399732,0.252595,0.007508,0.180421,1.365409,-0.373655,3
0.178735,-0.195318,0.345002,0.56226,-0.04865,0.292042,-0.129218,1.037183,-0.45325,3
-0.02354,-0.01555,0.439155,0.220101,-0.102618,0.348435,-0.225638,0.660991,-0.653133,3
0.070048,0.00436,0.099237,0.125726,0.104522,0.054121,0.362867,0.366976,-0.512009,3
0.145749,0.135632,0.163438,0.478133,0.089866,0.195172,0.378586,-0.317809,-0.267781,3
0.221909,0.177758,0.15887,0.305673,-0.141296,0.030655,0.438946,-1.027981,0.133563,3
0.276713,0.132608,0.061188,0.202478,0.050524,0.042506,-0.269362,-0.10419,-1.007691,3
-0.215634,0.035182,0.194952,0.253409,0.07999,-0.005844,-0.585707,0.07842,-0.729407,3
0.032382,-0.652648,0.633401,0.710527,0.782919,0.557424,-0.33237,0.093425,-0.411504,3
0.356376,0.194508,0.147036,0.122679,-0.330493,-0.012815,-0.247759,1.527079,-0.762978,3
-0.023133,0.054727,0.239643,0.486328,0.226145,0.250655,-0.82971,3.309643,1.053211,3
0.067761,0.14686,0.004135,0.204164,0.437517,0.086916,-2.413679,0.038077,2.884946,3
-0.288948,0.451619,0.440316,-0.044535,0.03223,0.022361,1.148585,0.692381,-0.243772,3
-0.247376,0.377313,-0.12303,0.302803,0.094889,0.179171,-0.598231,0.583719,-0.166132,3
0.697578,-0.035969,-0.001225,0.288551,0.418146,0.392884,1.041839,1.061661,-0.182268,3
0.689424,0.365781,0.206144,-0.197316,0.266431,-0.022479,0.837214,0.955922,0.264166,3
0.200957,0.774925,-0.0651,-0.242003,0.204802,-0.318876,0.506427,-0.539665,0.60828,3
0.241358,0.789127,-0.239659,0.26687,0.194702,0.267031,-0.34287,-0.994695,0.427745,3
-0.119591,0.746139,-0.708031,0.011073,-0.388832,-0.07859,-0.462892,-0.489389,0.104841,3
0.06362,-0.247028,0.399848,0.142268,-0.216122,0.224803,0.149461,0.251014,-0.073449,3
0.098207,-0.995998,0.895585,0.815393,0.640514,1.002681,0.958722,-0.03901,0.274466,3
-0.119506,-0.41106,0.815455,0.672668,0.716365,0.219879,0.151676,-0.768573,0.270408,3
0.301897,-0.06638,0.193513,0.242983,0.992997,0.344535,-0.141787,-0.905289,0.088203,3
0.444364,0.547251,-0.723938,-0.488155,0.215285,-0.446234,0.287187,-0.477161,0.014979,3
0.471617,0.14153,0.02222,0.077341,-0.23714,-0.036797,0.359535,-0.096131,0.092613,3
0.238269,0.038305,-0.017091,0.38145,-0.085133,0.097058,0.364126,0.260827,0.031918,3
0.329351,-0.552708,0.230936,0.971796,0.535095,0.68006,0.098986,0.458308,0.106759,3
0.036744,-0.056436,0.275898,0.646807,0.313185,0.184103,0.234632,0.345854,0.018672,3
-0.512521,-0.359376,0.498079,0.958027,-0.016396,0.505863,0.141186,-0.115046,0.213902,3
-0.697159,0.422643,-0.594698,2.119191,-2.515705,-0.797129,-0.379266,-0.566193,0.080621,3
1.292222,-1.232538,-0.340034,1.128432,1.387401,0.453125,-0.581586,-0.614028,-0.033257,3
0.622124,0.200466,-0.012704,-0.313746,0.391774,-0.17542,0.015242,-0.618197,0.045549,3
-0.521937,0.443168,0.287598,0.575871,-0.105127,0.396638,0.298782,-1.02827,0.24563,3
0.538068,-0.372308,0.518165,0.135711,0.445934,-0.000174,0.154082,-0.863407,-0.05685,3
0.139201,0.884044,0.236641,-1.090518,0.442385,-0.407514,0.124512,-0.82658,0.233116,3
-0.10413,0.758137,0.03396,0.201266,-0.506763,0.102604,-0.276122,-1.410054,0.494779,3
-0.222362,0.092281,0.316726,0.783216,-0.127412,0.932561,-0.724401,-1.815104,0.022839,3
-0.827074,0.023727,0.221072,0.296593,-0.377214,0.00982,-1.054205,-1.900267,-0.136049,3
-0.26813,-0.043344,0.233167,0.235364,0.028152,0.288869,-1.491073,-1.97368,-0.033955,3
0.10299,0.549109,0.200228,0.060465,-0.139638,0.43595,-1.826418,-1.250555,0.225686,3
-0.256845,0.862938,0.097214,-0.289526,0.429859,-0.1328,-2.091562,-1.418175,0.407021,3
0.118923,0.201529,0.113288,0.075748,0.788134,0.053852,-3.025536,-2.281053,0.216551,3
0.482093,-0.264422,0.098264,-0.243243,0.903581,-0.126665,-3.868958,-3.533796,0.126482,3
0.385294,0.134665,0.271668,-0.189481,0.401184,-0.154927,-3.589236,-2.553223,0.291039,3
0.581834,-0.069659,0.266088,0.378134,0.893127,0.494874,0.627418,-0.444184,1.967181,3
0.224514,0.06802,0.13168,-0.021582,0.038326,-0.13879,2.925038,0.047636,1.568279,3
-0.145613,0.222518,-0.106965,0.327479,0.728868,0.141771,2.702085,1.515484,1.072201,3
-0.279127,0.12447,0.077467,0.687813,0.548363,0.304382,2.059558,3.157297,0.892721,3
-0.158849,-0.265227,0.317306,0.607338,0.665123,0.360773,1.385656,2.613074,-0.188221,3
-0.61487,-0.184534,0.124555,0.562311,0.05815,-0.094643,-0.322413,2.313498,-0.522751,3
-0.049819,-0.86715,0.244247,1.073008,0.293967,0.285722,-0.413843,2.097592,-0.986389,3
-0.149098,-0.085661,0.1566,0.779039,0.436664,0.070335,0.344738,2.367043,-1.380981,3
-0.352949,0.186383,0.058629,0.821366,0.426651,0.050738,0.357059,2.036322,-1.363591,3
-0.083324,-0.137293,0.143084,0.450927,0.283835,0.00021,-0.467293,1.13413,-1.289382,3
-0.226201,0.203525,-0.149172,0.292143,0.656846,-0.079391,-1.811034,0.226346,-1.144335,3
0.033944,-0.172955,0.094238,0.41804,0.884508,0.265545,-0.486316,-0.191669,-1.602292,3
0.105264,-0.049234,0.486974,0.244949,-0.049616,-0.300899,0.237827,-0.209595,-0.89665,3
-0.145707,0.283119,0.356213,-0.019479,0.962274,0.851243,-0.737362,-2.337074,0.835482,3
-0.146674,0.697686,0.159903,-0.437538,0.062881,-0.322706,-0.539521,-3.481169,0.554926,3
-0.177295,0.680195,-0.006195,-0.08698,0.673117,-0.137757,0.910719,-1.512498,-1.743576,3
-0.625378,0.289388,0.3437,0.060181,1.363379,0.839049,0.145873,6.01324,-1.411576,3
-0.923371,1.30169,-0.350969,-0.51507,0.390409,-0.218585,-4.349756,-1.42145,13.536808,3
-2.536151,-0.254907,0.966971,-0.742903,0.866342,0.076358,0.973213,1.704009,-3.125568,3
0.733568,-2.474378,0.512086,-0.209164,0.644947,0.853546,6.900512,3.510515,-1.172826,3
0.857117,-0.428615,-0.069751,0.147721,0.329354,0.402,0.173532,-0.207246,-1.679849,3
1.190584,1.193434,0.00692,-0.743692,0.252845,0.160272,1.225941,2.656897,-0.533652,3
0.660724,1.797916,-0.220295,-0.869047,-0.225278,-0.86257,2.205031,2.509317,-0.216306,3
-0.492707,0.821277,-0.187735,-0.879783,-0.14535,-0.664404,1.612278,0.161682,0.281153,3
-0.309038,0.359948,-0.379671,-0.192075,0.69391,0.652621,0.544291,-2.86077,1.108444,3
0.414988,-0.070165,0.309956,-0.193624,1.266792,0.71091,0.425969,-2.339939,0.106536,3
0.764386,-0.612243,0.517548,-0.179175,0.272162,-0.002017,0.682622,-0.164515,-0.558265,3
1.156564,-0.069082,0.232588,-0.028951,0.358611,-0.124046,1.124658,1.251209,0.161679,3
0.731394,0.274568,-0.054693,-0.156909,1.164362,0.452138,-0.01216,0.425027,0.008954,3
0.85883,0.74317,0.020194,-0.38304,0.960536,0.228492,-0.666643,0.569012,-0.050082,3
0.348819,0.823903,-0.262818,-0.363446,0.602953,-0.25226,0.146342,0.786976,0.056831,3
0.059172,-0.096637,0.305757,0.060079,0.807513,0.135971,1.583534,0.716208,-0.051695,3
0.025712,-0.103974,-0.016675,0.045681,0.858478,0.418931,0.744618,-0.600215,0.042942,3
0.219757,-0.277274,0.401829,0.017296,0.677451,0.222816,0.069787,-1.488533,0.190438,3
-0.380993,-0.153429,0.107315,0.055708,-0.014093,-0.176184,0.084484,-1.740213,0.040911,3
0.339607,-0.101938,0.152734,0.065651,0.849866,0.213722,0.810703,-1.290028,-0.070675,3
0.459674,0.348366,0.176338,0.286132,0.85476,0.317451,1.014501,-0.965943,-0.005753,3
0.048664,0.387126,-0.057354,-0.174839,0.419075,-0.138843,0.635815,-0.811117,-0.218463,3
-0.283116,-0.14265,0.031765,0.452984,0.991711,0.244995,0.439114,-1.24942,-0.249319,3
0.452804,-0.334582,0.452311,0.911578,0.982817,0.27282,0.251599,-1.490849,-0.068974,3
0.340675,-0.218695,0.139833,0.189222,0.695421,0.113445,-0.008097,-1.706338,-0.303954,3
0.573875,0.085658,0.241359,-0.300871,1.23451,0.100487,1.991045,-1.400941,0.113873,3
-0.662539,-0.648371,-0.23313,0.358114,0.893359,0.021132,1.84227,-1.80311,0.064243,3
0.282914,-1.398815,0.600635,1.288154,0.997354,-0.152609,-0.049848,-1.209296,1.40259,3
1.098838,-0.378786,0.987319,-0.232615,1.770437,0.929916,-1.483918,-0.953686,1.464429,3
-0.42634,-0.291596,0.267245,-0.115198,1.157498,0.440398,-0.318682,-2.196184,1.116522,3
0.490208,-0.189823,0.108906,-0.504048,0.597868,0.042022,-1.28765,-3.392156,-0.049823,3
0.207818,0.338806,-0.292062,-0.341406,0.434626,-0.323952,-0.628479,-4.194337,-0.739429,3
-0.077248,0.645132,0.090192,-0.383503,0.442362,-0.143574,0.228498,-3.004013,-0.585921,3
-0.03948,0.488205,-0.18674,-0.363128,0.788365,0.179424,2.770398,0.091398,1.187253,3
-0.237009,0.030264,0.40066,-0.03755,0.551284,0.211193,3.860919,2.610755,1.471063,3
-0.661168,-0.04572,0.187809,-0.187299,0.679054,0.186028,2.973234,4.138934,1.21397,3
-0.323058,0.04971,0.121075,-0.651267,0.772807,0.071627,2.431587,3.518319,0.702225,3
-0.163466,0.102992,0.024154,0.13722,0.640452,-0.201521,1.691548,2.920723,-0.024536,3
0.457529,0.266469,0.098964,-0.373516,0.803365,0.427588,0.439204,1.805869,-0.117181,3
0.304211,0.217646,-0.017604,-0.350745,0.554228,-0.014109,0.116479,1.473003,-0.135032,3
0.415962,0.206249,0.362316,-0.147664,0.575006,0.154802,-0.120019,1.51737,0.150474,3
-0.334469,0.357105,-0.356164,-0.485631,0.486587,-0.393295,-0.921121,0.834909,0.125522,3
0.221768,-0.601205,0.732921,-0.279301,1.595865,0.913713,-1.215221,-0.034184,-0.375826,3
0.047045,-0.323191,0.051005,-0.119446,0.566507,-0.019245,-1.206954,-0.429275,-0.707644,3
0.500308,-0.363669,0.792276,-0.248629,0.712839,0.668395,-0.841079,-0.531806,-0.610591,3
0.227963,0.560263,0.035809,0.087076,0.788445,-0.060143,-0.714441,0.289078,-0.445006,3
-0.127615,-0.322174,0.289969,-0.112622,0.567118,0.478441,-0.269005,0.301786,-0.40595,3
0.048732,-0.158872,0.229913,0.260942,0.50161,-0.181028,0.092508,0.996492,-0.570052,3
-0.262291,-0.082081,-0.034605,-1.005515,0.745025,0.343764,0.05847,0.926077,-0.708457,3
-0.10295,0.437633,0.087673,-0.926987,0.464659,-0.101635,0.524652,1.196306,-0.908281,3
-0.155797,-0.014464,0.325649,-0.241373,0.659994,0.042526,1.524967,0.549256,-0.446177,3
-0.406949,0.215953,-0.386909,-0.726037,0.340537,-0.438627,1.669434,-0.875142,-0.638568,3
-0.480333,-0.04121,0.449254,-0.266621,0.657365,0.1535,1.002262,0.135956,-0.480059,3
-0.200238,-0.170819,-0.158383,-0.637208,0.665835,0.174891,-4.109187,3.249185,-1.650034,3
-0.405564,-0.455328,-0.112097,-0.485472,0.610682,-0.085939,-2.079659,-3.579288,7.53084,3
0.422063,-0.574031,0.866552,-1.000855,0.998376,0.604817,-2.997723,-5.776608,1.010422,3
0.522391,-0.721886,0.563851,-1.301649,0.383794,0.269308,-0.819715,4.898102,-0.07689,3
1.073593,0.630368,0.562294,-1.325769,-0.117491,0.449756,0.91717,2.199273,-1.845053,3
0.066466,1.135219,-0.179225,-0.756873,0.056076,-0.081693,-1.498721,0.822397,-0.4309,3
-1.609688,0.992556,-0.857232,0.133716,0.100735,-0.621007,-1.548783,-0.420555,0.429165,3
-1.593548,0.282714,-0.931029,0.395736,0.161524,-0.541848,0.853934,1.610469,0.156368,3
0.106125,-0.054728,0.317815,-1.135056,0.418034,0.617555,1.353081,1.443551,0.145585,3
0.104402,0.251401,0.04759,-0.991597,0.197452,-0.246708,1.379012,1.030369,0.478044,3
0.362772,0.672664,0.480404,-1.605741,0.171741,0.544224,0.789049,-0.311146,-0.040339,3
0.379957,0.919218,0.115804,-1.012885,0.482668,0.087347,0.335036,-0.482057,-0.117718,3
-0.649171,1.027158,0.134219,-0.172233,0.450222,0.235866,0.108446,0.836406,0.005656,3
-0.382295,0.348447,-0.016955,-0.128818,0.581676,0.086625,-0.508531,1.260868,-0.287135,3
-0.182949,0.403379,-0.042556,-0.681889,0.172309,-0.232251,-0.871547,1.299706,-0.386971,3
0.225702,0.097762,0.541197,-1.284548,0.482768,0.597227,-0.022774,0.720117,0.108205,3
0.279403,0.048929,0.269734,-0.792463,1.153399,0.522812,-0.052351,0.241107,0.051346,3
0.516853,0.033088,0.249413,-0.629565,0.902633,0.311806,-0.420274,0.192739,0.020248,3
0.862835,0.212562,0.48187,-0.78358,0.935105,0.20064,0.278793,0.028569,0.673309,3
-0.010133,0.228414,-0.055822,-0.519698,0.550458,-0.117302,1.384795,-0.598293,-0.067857,3
-0.848635,0.233563,-1.139129,-0.204882,0.3379,-1.01123,1.814228,-0.135794,-0.121422,3
-5.6e-05,-0.430041,-0.13041,-0.580102,0.904761,-0.233455,1.960234,0.330433,-0.05835,3
0.25172,1.470819,0.563734,-1.605551,0.62128,0.884829,1.400995,0.254947,0.070137,3
-0.109581,0.764482,0.159583,-1.169274,0.481983,0.00124,1.178317,-0.011563,0.030888,3
-0.054584,0.650458,0.124449,-0.673494,0.341082,0.089516,1.467084,-0.169618,-0.052325,3
-0.063305,0.281941,0.222088,-0.836582,0.097877,-0.03341,1.978744,0.016308,-0.094102,3
-0.604733,0.995456,0.243237,-0.991867,0.407213,0.155469,2.860647,1.155501,1.234747,3
-0.852426,-0.698371,-0.125326,-0.785761,-0.287302,0.050089,2.996613,-0.319815,2.060616,3
0.941412,-0.600702,1.180425,-0.558218,-0.109999,0.385128,3.351112,-2.549002,-0.184404,3
0.132609,-0.090631,0.16908,-0.642698,-0.149889,0.053003,0.362478,-1.91434,0.442286,3
-0.998353,0.664215,-0.310317,-0.940766,-0.156031,0.254131,0.579934,-1.63452,-0.540377,3
-1.19375,0.408418,-0.196788,-0.94988,-0.218279,0.149269,1.221395,-0.980945,-0.593684,3
-0.881685,-0.316183,-0.35687,0.113043,-0.065576,-0.430125,1.237895,1.424751,0.115573,3
1.200667,-0.298705,1.071936,-0.219296,0.147597,-0.056307,-0.562824,4.191729,1.210755,3
-0.140665,0.951584,0.532283,-1.024857,0.30955,0.449335,-1.674362,3.705657,0.811854,3
-0.927136,0.418205,0.344087,-2.075501,0.383968,1.532503,-2.361187,2.988605,0.721189,3
-0.758052,-0.547978,-0.389091,-1.005536,-0.096936,-0.136977,-1.532786,2.47564,-0.232672,3
-0.308432,0.388711,0.323041,-0.098957,-0.190902,-0.208103,-2.032739,0.997195,-0.264996,3
-0.801885,0.480655,-0.31285,-0.686584,-0.154987,-0.066112,-1.095685,0.392267,-0.231958,3
-0.555187,-0.247581,0.09451,-0.359058,0.684799,0.022071,-0.736798,1.040885,-0.026037,3
0.073166,0.11553,0.488437,-0.885622,0.546203,0.282892,0.130345,0.276425,0.542186,3
0.062036,0.039455,0.158216,-1.356624,0.241968,0.397474,1.131096,0.109483,0.755692,3
0.291984,0.074575,0.762471,-0.868783,0.225,0.424172,0.954948,-0.409707,0.5115,3
0.419176,0.036219,0.272766,-0.279474,0.553778,-0.090397,0.263696,-0.095158,0.576927,3
-0.668851,1.045702,0.260825,-0.687879,-0.07973,0.209057,-0.558394,0.095827,0.085591,3
-0.703119,-0.172757,-0.282393,-1.135345,-0.132331,0.091021,-0.329903,0.251853,0.1764,3
0.363889,-0.005751,0.122931,-0.725387,0.153872,-0.289474,-0.347381,0.346281,-0.078537,3
-0.636779,0.725827,0.052907,-1.140995,-0.316196,0.044482,-0.379215,1.097431,-0.15804,3
-0.5001,-0.414933,-0.200859,-1.087972,0.317706,0.144119,-0.973682,0.976919,-0.529666,3
0.747576,-0.203031,0.657257,-0.193682,0.112803,0.138593,-1.460228,0.954815,-1.088503,3
-0.423323,0.361405,-0.280663,-0.932529,0.094349,0.04065,-2.169523,0.606988,-1.598971,3
0.002407,-0.250082,0.297616,-0.452379,0.064402,0.135723,-0.988228,0.318896,-1.22396,3
0.27254,0.01493,0.173968,-0.848549,0.894773,0.206422,-0.482806,0.356816,-0.855414,3
-0.323004,-0.09129,0.138421,-0.88466,0.248029,0.498227,0.062862,0.114071,-0.863585,3
-0.230879,0.13063,-0.039844,-1.065856,-0.101685,-0.04314,-0.110925,-0.094496,-0.878767,3
0.222868,0.460897,0.891446,-1.256495,0.188687,0.740114,-3.228243,0.294597,-1.268813,3
-0.057051,0.217821,-0.080523,-0.816035,-0.132871,-0.12624,-1.091776,-4.247998,3.985147,3
0.492622,0.11564,0.786875,-1.364475,-0.423311,0.527431,9.468493,-6.186359,4.454932,3
0.186701,-0.03655,0.352945,-0.658934,-0.973229,0.366864,-1.123664,-0.63907,1.434517,3
-0.294977,-0.369413,0.09667,-0.285199,-0.448335,0.422234,-2.765468,2.259241,-1.382642,3
-0.973129,-0.326016,-0.323223,0.679755,-0.442685,-0.541799,-1.935416,0.598215,-1.207898,3
-1.251814,-0.638221,-0.334968,0.070984,0.052747,-0.365012,-1.889951,-2.823524,-0.538606,3
-1.635079,-0.650904,-0.442206,-0.115724,0.039462,-0.192704,-0.072331,-2.01362,-0.040128,3
-1.083184,-0.226074,-0.341808,0.092726,-0.495804,-0.322336,-2.544828,0.549193,-0.199934,3
0.361276,0.458391,0.670279,-0.364359,-0.738572,0.266347,-2.851388,0.424199,0.172091,3
-0.21984,0.754873,0.959961,-1.349938,-1.117449,1.062863,-0.860434,0.696355,0.284484,3
-0.696487,0.668813,0.468875,-1.575292,0.355519,0.681253,1.617668,0.445289,0.245809,3
-0.575451,-0.182147,-0.085219,-0.423731,0.086298,-0.198928,2.116306,0.751352,0.376946,3
-0.341025,-0.87276,-0.348286,-0.45166,0.630081,-0.217455,0.592693,1.296506,0.029064,3
-0.436398,-0.624455,-0.599005,-0.605403,-0.147528,-0.164617,-0.930493,0.61051,0.100391,3
0.128385,1.306838,1.281141,-1.112295,-0.775844,0.897165,-1.594746,-0.384818,-0.150395,3
-0.235888,0.465675,0.233997,-0.85429,0.029573,0.220382,-1.141683,-0.194003,0.000787,3
-0.805436,0.180666,0.139161,-1.165791,-0.748611,0.599702,0.127511,0.276759,0.106275,3
-0.329519,-0.026743,-0.084783,-1.001064,0.060699,0.198834,0.303617,0.627102,0.271652,3
-0.686455,-0.074768,-0.027323,-0.451614,-0.271188,-0.019687,0.549054,0.931712,0.176275,3
-1.570208,0.694236,0.302527,-0.481297,-0.686185,0.371626,0.735034,0.968233,-0.095951,3
-0.672771,-0.580177,0.243182,0.494094,-0.345812,-0.181348,0.145456,0.997258,-0.13818,3
-0.094116,-0.655127,-0.30868,0.256192,-0.152073,-0.142473,-0.343459,1.453749,0.04323,3
-0.262281,0.266073,0.265852,-0.356396,0.007973,-0.010736,0.629547,1.322639,0.088691,3
-0.380395,0.383669,0.530802,-0.50297,-0.436855,0.333198,1.140288,1.270498,0.236089,3
0.129041,0.007075,0.322046,-0.622338,0.171514,0.332649,0.752068,1.560064,-0.040711,3
-0.176523,0.117574,0.285151,-0.464479,-0.594584,0.361571,0.541379,1.930676,0.127717,3
-0.16557,0.007807,0.059296,-0.266731,-0.157679,-0.13657,0.445276,2.198924,1.39662,3
-0.621777,0.125569,0.094069,-0.152165,-0.708726,0.166586,2.07785,1.898239,2.02413,3
-0.300513,0.108986,0.52602,-0.380386,-1.205787,0.315678,2.477467,1.810414,0.548785,3
-0.568297,-0.044082,0.160874,-0.925942,0.062116,0.444064,3.721421,2.274724,-0.586925,3
-0.594014,-0.324303,0.03667,-0.186922,-0.400821,-0.067375,4.323553,1.105845,-1.366873,3
0.086895,-0.61366,0.088274,0.114754,0.284828,-0.374956,3.017479,1.974381,-0.766075,3
-0.519761,-1.174391,-0.579365,0.712639,0.395302,-0.485025,-1.194129,1.770927,1.338995,3
0.294752,-0.828082,0.245822,-0.15417,0.468709,0.076571,-4.286517,0.986782,2.144275,3
-0.477326,-0.077053,-0.126215,-0.968372,-0.537077,0.33652,-5.625942,-1.322997,1.935538,3
0.232793,-0.220913,0.760903,-1.28817,0.147205,0.609138,-5.198259,-1.922866,0.73841,3
-0.012161,0.083011,0.525655,-0.518838,-0.059886,0.313031,-4.093635,-1.582495,-0.318254,3
0.463021,0.394263,0.336029,-0.252055,0.521162,-0.236465,-3.875561,-2.403698,-0.777781,3
-0.33542,-0.464926,-0.214753,0.299498,0.053337,-0.414288,-1.383416,-2.014645,-0.88341,3
-0.65512,-0.675453,-0.660246,-0.310035,-0.639521,-0.330505,-0.915879,-1.523904,-0.236908,3
-0.47269,-0.244249,-0.187803,-0.433863,0.288265,-0.117867,0.935746,-2.238979,0.040618,3
0.002717,0.400298,0.482501,-1.469737,-0.038292,0.488619,2.462218,-1.574509,-0.148536,3
0.766677,0.609649,1.056952,-1.326554,0.060245,0.674281,1.563653,-0.35487,0.023367,3
0.263562,0.261852,0.298923,-0.848847,-0.023519,0.339636,-0.024262,0.159806,0.190202,3
-0.459743,-0.124396,-0.22752,-0.279768,-0.487938,-0.198199,-0.898893,0.045552,-0.047325,3
-0.556923,0.053982,-0.125906,-0.734912,-0.123741,-0.030358,-1.315036,-0.596259,-0.572633,3
-0.015055,0.456901,0.223463,-0.682491,-0.014747,0.090506,-1.356581,-0.783927,-0.408349,3
0.397042,-0.675056,0.341876,-0.909813,1.099443,-0.080673,-0.823686,-0.033926,-0.566948,3
-0.01055,0.007899,0.227834,-0.247934,-0.891924,0.873984,-0.378869,0.154851,-0.34139,3
0.455123,0.370691,0.433884,-1.244298,0.473751,0.125965,0.026698,0.578198,0.018523,3
-0.783857,0.266418,-0.454636,-0.379822,-0.890402,-0.137839,0.45998,0.813712,-0.127622,3
-0.239523,0.528544,0.710939,-0.841462,-0.674153,0.711106,0.531847,0.110477,-0.649482,3
0.488316,0.270463,0.418013,0.070667,0.968112,-0.615094,0.393094,-0.555878,-1.107887,3
0.124085,0.102627,0.291059,-1.149945,-0.408211,0.36715,-0.758128,-1.03665,-0.757823,3
-0.274833,0.035911,0.353913,-1.171843,-0.257437,0.76196,-0.663557,-2.150434,-0.82053,3
-0.288255,-0.073272,-0.053276,-0.681835,0.149147,-0.17536,1.343181,-1.936022,2.511841,3
-0.776171,0.010894,0.378786,0.307419,-1.731306,0.044748,5.327217,1.681838,4.569674,3
0.058487,-0.672016,0.122068,-0.038677,0.228412,-0.603372,1.599419,-0.21541,-0.574878,3
0.739527,-0.667392,0.700603,-0.154165,0.711304,0.093729,-0.395275,0.748182,-0.839239,3
-0.87577,-0.277884,0.532093,-0.361187,0.199579,0.405725,-0.470252,-1.917088,-0.695223,3
-0.806966,-1.682682,-0.488609,0.225358,-0.487909,0.484011,0.86597,-1.326531,0.42229,3
-0.551668,-0.46577,-0.34786,0.121649,-0.641003,-0.156263,0.307485,0.157584,0.10213,3
0.311385,-0.528133,0.245293,-0.208132,-0.267905,0.497301,-0.439819,0.182623,0.108484,3
-0.232609,-0.300549,-0.049939,-0.512025,0.139258,0.074068,-0.775871,0.134982,0.437727,3
0.134119,0.177667,0.537311,-0.300209,-0.594128,0.432385,0.167652,0.370251,0.160169,3
-0.176984,-0.17548,0.121608,-0.606814,0.056068,-0.106872,0.030264,0.350496,0.316132,3
-0.456508,-0.18666,0.239057,-0.711876,-0.273393,0.664646,-0.233172,0.126511,-0.076706,3
-0.412197,-0.228877,0.299726,0.363538,-0.543229,0.086516,-1.070729,-0.35332,0.031221,3
-0.173575,-0.115375,0.068117,-0.275288,-0.171535,0.159622,-0.510166,-0.355751,0.082582,3
0.27236,-0.748078,0.434067,-0.363779,0.343325,0.630222,-0.230869,-0.074947,0.004815,3
-0.679134,-0.292595,-0.217665,-0.062679,-0.21958,0.21771,-0.615957,-0.11263,-0.085112,3
-0.631901,-0.007941,-0.229102,-0.411452,0.090929,-0.489946,0.086765,-0.076456,-0.042737,3
0.022734,-0.631552,-0.424918,0.046577,-0.44947,-0.114655,0.346273,-0.323706,0.04581,3
0.141982,0.120659,0.603977,-0.722077,-0.607425,0.529149,0.046871,-0.054717,0.127044,3
-0.115755,1.048742,0.105631,-0.921246,-0.177918,-0.244446,-2.5e-05,0.333838,0.049833,3
-0.265549,0.247611,0.70061,-1.29178,0.382057,0.699562,-0.164918,0.494468,-0.080842,3
-0.048122,-0.039307,0.281818,-1.119565,0.230061,0.484422,-0.381313,0.796224,0.056087,3
-0.584209,0.180166,0.044383,-0.11813,-0.705791,0.321869,-0.161414,1.559618,0.183875,3
-0.001684,-0.180801,0.625443,-0.059228,0.150787,0.089951,0.081322,2.131325,0.101981,3
-0.871118,-0.156227,-0.241682,-0.113921,-0.691566,0.060306,0.247296,2.356754,-0.140252,3
-0.651044,-0.555912,0.156161,-0.274066,-0.399183,0.393565,0.53004,2.457915,0.079423,3
0.384753,-1.253402,-0.281273,0.508751,0.030454,-0.507423,-0.152615,2.831787,1.233519,3
0.019019,-1.120748,-0.030046,0.330269,-0.138653,0.073906,2.048794,4.740119,2.202506,3
1.081277,-0.660062,0.448609,-0.439341,0.152223,0.046269,3.716745,4.345674,0.635272,3
0.626446,-0.162793,1.035064,-0.004589,0.302814,0.137206,1.635358,4.464638,-0.241442,3
0.271739,0.020822,0.337595,0.111316,0.247538,0.049352,2.584915,3.2881,-2.823794,3
-0.43435,-0.603159,-0.538429,1.272221,0.02112,-0.515273,-0.792,0.475755,0.639247,3
-0.663241,-0.820606,-0.583306,0.703613,-0.563479,-0.484142,-3.330836,-1.06381,2.300323,3
-0.207786,-0.528819,-0.006623,-0.840887,-0.266913,-0.027835,-3.169561,-2.290812,2.162576,3
0.291655,0.043757,0.383058,-1.704197,-0.183545,0.514532,-1.875727,-2.395191,1.308205,3
0.614244,0.110899,0.344612,-1.289101,-0.027594,0.453407,-1.641499,-2.329649,1.108461,3
0.718842,0.504466,0.455019,-0.837944,0.515331,0.092853,-1.793162,-3.077907,0.580265,3
-0.249783,1.017835,0.346066,-0.709895,0.002127,0.386472,-1.314956,-3.242436,-0.257478,3
-0.179125,0.123606,-0.150318,-0.736659,-0.142774,-0.209821,0.196858,-2.806501,-1.121307,3
-0.028475,0.135709,0.003395,-0.8454,-0.579462,0.133752,0.927726,-2.206319,-1.189222,3
-0.469913,0.263198,0.348578,-1.709666,-0.195651,0.504922,0.955658,-1.514232,-1.554744,3
0.046791,-0.019317,0.527974,-0.955347,1.307663,0.115546,1.004912,-1.020478,-1.07698,3
0.724364,0.609974,0.817815,-1.158338,0.823858,0.584892,1.006353,-1.562464,-1.281096,3
-0.295346,0.289234,-0.034011,0.036859,-1.524613,0.00968,-0.471364,-2.556276,-1.54967,3
-0.071119,-0.324517,0.158184,-0.541236,-0.719696,0.115904,-1.744551,-1.948316,-1.071172,3
-0.743016,0.015616,-0.083623,0.430536,-1.06039,0.097586,-0.783257,-0.205355,-0.579053,3
-0.429773,0.057304,0.296901,-0.681695,0.1609,0.372536,0.784894,1.727006,-0.578032,3
0.111036,0.123552,0.403625,-0.924333,0.80859,0.059175,-0.311887,3.249845,-0.014885,3
0.247321,-0.250352,0.083657,-0.532244,-0.544897,0.419345,0.446827,4.067448,0.645373,3
0.083177,-0.53499,-0.032166,-0.244302,-0.171329,-0.09601,1.728606,-1.379128,-1.900474,3
0.333944,-0.553348,0.575965,0.011311,0.632972,0.283263,0.845489,-2.65819,7.370108,3
0.161905,-0.921319,0.242333,0.321488,-0.767466,0.501205,3.342134,0.019159,3.269855,3
0.699518,-0.147169,0.889993,-0.231929,-1.01281,0.557846,0.685804,-1.169152,-1.570646,3
-0.836859,0.273434,0.52995,0.170983,0.2044,0.351643,-2.30796,-1.406873,-1.633312,3
-0.354537,-1.100196,-0.541851,1.175657,0.912336,-0.615488,0.336756,-2.127015,-0.042063,3
-1.016329,-1.095784,-0.277633,0.226972,-0.071363,-0.504051,1.560356,-0.695352,-0.112247,3
-0.56519,-1.574818,-0.514496,0.03369,-0.12001,-0.238276,0.423325,-0.10286,0.135061,3
0.512495,-1.233192,-0.181943,-0.293269,0.235381,-0.249606,-0.949581,-0.460684,0.195403,3
-0.093351,0.150153,0.328497,-0.301003,-0.220615,0.378702,-0.820772,-0.306702,0.137291,3
0.233449,0.384451,0.329618,-0.9191,0.032738,0.214878,-0.618693,0.172815,0.298313,3
-0.734958,0.584687,1.105305,-1.551532,-0.440686,1.204561,-0.433044,0.409966,0.188733,3
-0.11313,-0.367048,0.219721,-0.126231,-0.301581,0.367626,-0.265069,0.741151,-0.226573,3
0.337494,-0.629119,-0.651299,0.087161,0.258337,-0.654532,-0.430682,0.291741,0.033805,3
-0.042996,-0.335264,0.621141,-0.687813,0.103571,0.452914,-0.016635,-0.517272,-0.049882,3
0.505351,-0.28826,0.181127,0.158691,0.527169,-0.309713,-0.112626,-0.805188,-0.004674,3
-0.398339,0.342397,0.047689,-0.193509,-0.883843,0.555071,-0.032739,-0.125131,-0.005609,3
0.286327,0.279971,-0.117641,0.031727,-0.923736,-0.634428,-0.241636,0.751063,0.319369,3
-0.205142,0.553247,0.634397,-1.642543,0.657541,0.258068,0.015158,0.864095,0.033249,3
0.340397,-0.291672,0.145056,-0.310286,0.122053,0.446472,-0.075469,0.886879,0.089742,3
-0.410979,-0.085262,-0.518402,-0.500503,-0.207952,-0.333552,0.094518,0.407899,0.025105,3
-1.433112,0.188722,0.434867,-0.850046,-0.399405,0.43279,0.276616,-0.620545,-0.055197,3
-0.261722,-0.129142,0.270437,-0.386856,-0.351423,0.558782,-0.440156,-0.583101,-0.065038,3
-0.55945,0.316527,0.021955,-0.041273,-0.482709,0.326578,-0.771644,-0.038687,-0.25414,3
0.119364,-0.275868,-0.438416,-0.251665,0.11972,-0.442713,-0.502845,0.856395,0.200779,3
0.384198,-0.23331,-0.058281,-0.756903,-0.097655,0.450598,0.177946,1.395517,0.457006,3
0.069534,0.469804,0.175953,-0.594128,-0.278971,-0.091212,0.337093,1.562238,0.144958,3
-0.139196,-0.091341,-0.288787,-0.408381,-1.046697,0.103933,-0.080728,2.391935,0.073117,3
-1.205816,0.252596,0.490804,-0.237515,-0.584483,0.368816,-0.797222,3.188363,0.99895,3
0.61202,-0.605144,0.02009,0.405798,-0.645392,-0.140555,-0.430122,4.785614,1.39397,3
0.963136,-0.337031,1.15647,-0.079607,0.010696,0.306769,2.674615,6.137326,-0.206717,3
0.872201,-0.241964,0.530538,-0.262634,0.094526,0.555789,2.315435,3.879286,-1.152406,3
-0.361321,0.099424,0.301977,0.036724,0.145432,0.332483,1.274601,2.417914,-0.734573,3
-1.123034,-1.012828,-0.704924,1.20861,0.443524,-0.765512,-1.85393,-0.303886,1.458923,3
-0.178189,-1.330615,-0.487916,0.14062,-0.507848,0.128634,-4.078719,-2.183642,2.599091,3
0.899534,-1.012511,-0.254539,-0.874258,0.199375,-0.169419,-3.223344,-2.285433,1.686762,3
0.533669,0.228042,1.107772,-0.425627,-0.601096,1.045445,-1.700678,-2.887687,1.567338,3
-0.11699,0.66773,0.849064,-0.46986,-0.126322,0.374951,-1.401714,-2.137355,1.342218,3
-0.179852,-0.294181,-0.11385,0.307673,0.305159,-0.250068,-0.069514,-2.036615,0.224283,3
-0.529306,-0.124985,-0.495978,0.083178,-0.352181,-0.240799,0.475208,-2.504381,-0.514808,3
0.318505,-0.006771,0.329978,-0.094668,-0.39415,-0.199529,0.598943,-2.918287,-1.00139,3
0.214978,0.079418,0.294898,-1.021419,-0.254347,0.376573,1.700269,-1.556953,-1.147701,3
-0.09684,0.566414,0.540586,-1.076069,-0.176404,0.732218,0.929674,-0.148733,-0.25567,3
0.976761,0.993695,1.46092,-1.735148,1.042734,0.957522,1.053938,-0.146188,-0.669905,3
-0.530405,-0.426023,-0.641958,0.334139,-0.043523,-0.46225,1.145958,0.179766,-0.354122,3
0.160865,0.058496,0.831961,-0.730435,-0.374711,0.905091,1.428408,-1.140271,-2.12551,3
-0.010514,-0.419043,-0.839417,0.553132,-0.152423,-0.878253,-0.310513,-2.480153,-2.592072,3
0.031725,0.002339,0.441301,-0.864654,0.308614,0.490564,-0.743493,-2.337962,-2.038577,3
0.0254,-0.362943,-0.314722,0.165505,0.366866,-0.380243,-0.697524,-0.236816,0.371758,3
-0.071726,-0.324154,0.545333,0.001037,-0.519631,0.499676,-0.165055,0.919608,0.759588,3
0.007433,0.148877,0.051677,0.120321,0.153169,-0.438074,1.158893,2.180298,-0.156461,3
0.361422,0.365821,0.913026,-0.399986,0.23144,0.426566,1.487252,3.266247,0.956548,3
-0.015912,0.607194,0.456969,-0.516717,0.647273,0.007754,1.022548,-1.026946,-0.897809,3
-0.166063,-0.642374,-0.154626,-0.213263,-0.574237,0.639893,-1.314963,-2.854719,6.184448,3
0.327944,-1.022698,0.02871,0.105547,-0.965713,0.710191,0.637324,0.274546,3.009092,3
0.207054,-0.048361,1.157569,-0.111967,-0.555632,0.849187,0.682857,-0.31354,-2.389615,3
-0.235801,-0.250794,0.637194,0.496783,0.427972,-0.180461,-0.541637,-1.52062,-1.298455,3
-0.184327,-1.632793,-0.803662,0.516561,-0.25505,-0.402156,0.241238,-1.815763,-0.127454,3
-0.017118,-1.873953,-0.1081,0.441901,0.738704,-0.125343,0.4256,-1.298299,-0.111815,3
-0.21037,-1.406719,-0.4909,0.886626,0.39304,-0.593444,0.693566,-0.868054,-0.035945,3
-1.028281,-0.573054,-0.370191,0.169854,-0.951473,0.131773,0.297033,-0.223929,0.644218,3
0.049646,0.655278,0.601985,-0.538663,-1.118864,0.638535,-0.12185,0.410862,0.113544,3
0.04929,0.222811,0.492209,-0.62082,-0.665917,0.640977,-0.572833,-0.393521,0.029501,3
-0.379663,-0.472946,0.504241,-0.168615,-0.209035,0.443201,-0.798642,-0.850656,-0.074117,3
0.166737,-1.043092,-0.319215,-0.048458,1.086929,-0.613859,-0.496673,-0.363652,0.046766,3
-0.301736,-0.679655,-0.359529,0.070063,0.400223,-0.253486,-0.190377,-0.633894,-0.114716,3
-0.028224,-0.245292,0.283676,-0.251231,-0.103905,-0.043554,0.157478,-0.218485,0.056403,3
-0.125191,0.264793,0.535061,-0.167087,-0.433163,0.394994,-0.17861,0.257754,0.095875,3
-0.384405,-0.01145,0.326993,-0.300849,-0.421372,0.134861,-0.659612,-0.396399,0.028176,3
0.097437,0.124227,0.627485,-0.439515,0.012004,0.440681,-0.336817,-0.758673,0.113732,3
0.213713,-0.023662,-0.188519,0.036229,0.156034,-0.200696,-0.238666,0.102964,0.190269,3
0.276314,0.012924,0.177118,-0.761328,0.022953,0.094367,-0.549375,0.056464,0.141071,3
-0.927074,0.067573,0.33243,-0.054704,-0.773079,0.403627,0.116987,0.371412,0.080323,3
-0.044669,-0.013983,0.144621,-0.587767,0.248031,-0.029362,0.176887,0.35699,0.069726,3
-0.583345,0.440339,0.368322,-1.254958,-0.046483,0.709305,-0.509268,0.481585,0.194161,3
0.306103,-0.505373,-0.372529,0.443426,-0.215487,-0.316632,-0.43373,1.164029,0.108073,3
0.030768,0.516012,0.199075,-1.060308,0.034891,0.343947,-0.442422,1.235775,-0.071691,3
0.397348,-0.111742,0.510629,-0.563687,0.764368,0.377509,-0.488742,1.122226,0.15977,3
-0.862676,-0.201149,-0.680646,0.315652,-1.657889,-0.219861,-0.226845,1.116513,0.05938,3
-0.609141,0.138691,0.066266,-0.407729,-0.374325,-0.00386,-0.375728,0.885309,0.603526,3
-0.843268,0.6384,0.512868,0.143036,-0.526147,0.073685,-0.795403,0.934758,0.276677,3
-0.24631,0.020143,0.943644,0.333459,-0.493308,0.167282,-0.764246,1.335117,0.785317,3
-0.051503,-0.748624,-0.247628,0.209294,-0.644112,-0.30856,-0.171366,1.505824,1.237395,3
0.419369,0.116594,0.892575,-0.569211,0.030331,1.039918,1.095989,2.080777,0.723984,3
0.169551,-0.744983,0.40343,0.689085,-0.164571,0.348619,1.029815,2.691058,-0.418856,3
-0.520621,-1.044465,-0.516992,1.115552,-0.674027,-0.226525,0.883128,3.603735,-0.854597,3
-0.243625,-0.821647,-0.155618,0.815057,-0.298863,-0.346962,1.934553,3.717585,-0.979221,3
-0.148394,-0.708418,0.057494,0.131771,-0.156647,0.150938,0.248026,2.858296,0.147065,3
0.509634,-1.20258,0.066364,0.51914,0.92883,-0.34209,-1.914004,0.599708,1.520332,3
0.203657,-0.443392,0.10869,-0.121267,-0.428425,0.317597,-1.644837,-1.796172,1.66647,3
0.403984,0.141663,0.617497,-0.661162,0.650177,0.341156,-0.864911,-2.56051,1.210527,3
0.33531,-0.357082,0.364314,-0.069604,0.309871,0.150219,-0.85978,-2.236762,0.582012,3
0.720054,-0.651975,0.065938,-0.239584,0.74278,0.224577,-1.056499,-1.756442,0.584918,3
0.035423,-0.028296,-0.056408,-0.291183,-0.294182,0.218686,0.727774,-1.532587,1.110972,3
-5.5e-05,-0.014009,0.209686,-0.360208,-0.102463,0.217121,1.276813,-1.238926,0.375131,3
0.0642,0.2095,0.051023,-0.106976,-0.324514,-0.072907,1.10617,-1.605701,-0.016419,3
-0.039445,0.045974,-0.200611,-0.427204,-0.701794,0.109598,0.86494,-2.08541,-0.764885,3
0.471719,-0.009534,0.41268,-0.56396,0.844095,0.041277,0.688652,-1.705143,-1.140326,3
0.383689,0.121786,0.172791,-0.416993,0.769367,-0.060323,0.430085,-1.112203,-1.164156,3
0.586867,-0.079903,0.151165,-0.861521,0.46187,0.304659,0.125629,-0.881926,-1.236716,3
-0.242761,0.270245,0.321683,-0.002162,-0.453187,0.116867,-0.463303,-0.829404,-1.211071,3
0.108705,-0.218401,0.164058,-0.086874,0.830759,0.174664,-0.396034,-0.352656,-1.149736,3
0.559114,-0.127163,0.230953,-0.312397,0.357684,-0.078867,-0.522294,0.837784,0.199658,3
0.277834,0.62202,0.5708,-0.094237,0.110524,0.303255,0.28992,0.789689,-0.208328,3
0.193885,0.457073,0.290619,-0.396451,-0.363666,0.132927,2.089156,1.254787,-0.5439,3
0.275091,0.03351,-0.076189,-0.601257,-0.259773,0.298192,2.488105,0.941927,-0.428246,3
0.604903,0.119186,0.535586,-0.625677,1.339429,0.330663,1.231704,0.028696,-0.985641,3
0.290008,0.328391,0.560808,-0.274067,0.090761,0.431195,0.162439,-1.520995,-1.693699,3
-0.35265,-0.144781,-0.300424,-0.332829,-0.037767,0.099159,-1.276971,-3.300514,3.94161,3
0.149433,-0.334693,0.445232,-0.245529,0.751648,0.481147,2.691036,1.918135,5.494683,3
0.447942,-0.798624,0.673994,-0.510567,0.3206,0.710192,2.908259,0.226494,-0.695985,3
0.726392,0.161183,0.717042,-0.510523,0.180077,0.350078,-0.86095,-0.572163,-0.746454,3
0.724279,-0.182719,0.668213,0.288559,1.233716,0.227394,-1.519348,-1.886966,-1.507416,3
-0.078606,-1.556422,-0.579335,0.917113,0.100752,-0.364834,1.054227,-2.294007,-0.097394,3
-1.14979,-1.258144,-0.716274,0.152025,-0.531772,-0.069551,1.377769,-1.413799,0.219921,3
-1.261396,-0.537716,-0.688806,-0.850716,-0.087792,-0.012086,-0.345775,-0.516387,-0.136636,3
-0.056192,0.274188,0.371659,-0.559368,0.214883,0.543459,-0.581542,0.624286,0.318336,3
0.316422,-0.138906,0.5006,0.012416,0.540668,0.334955,0.390928,0.987295,0.118792,3
0.605781,-0.223005,0.303785,-0.006452,0.179907,0.298474,0.358908,-0.104125,-0.124463,3
0.18319,-0.37636,0.335327,0.016375,0.294954,-0.048945,-0.706625,-0.922308,-0.12925,3
0.445506,-1.141422,0.126785,0.593962,0.839958,-0.681658,-0.997278,-0.842049,0.060001,3
-0.271059,-0.66073,-0.192983,0.441874,0.172702,-0.252336,-0.503139,-1.163821,-0.229363,3
-0.366201,-0.100017,0.024753,-0.066958,-0.079831,-0.044681,-0.675901,-0.825313,0.050899,3
-0.286609,-0.1135,-0.02443,-0.109366,-0.218454,0.105379,-0.390673,-0.344331,0.033781,3
-0.354887,-0.261484,0.017386,-0.080125,-0.046994,0.338115,0.030891,-0.57658,0.070379,3
-0.296536,-0.381919,0.186095,0.202179,-0.767328,0.470858,-0.347073,-0.840918,0.056799,3
0.072589,-0.094441,0.205706,-0.024412,0.223649,0.228807,-0.248921,-0.662032,0.293768,3
0.098409,-0.107445,0.050291,0.315699,0.348921,0.012127,-0.023542,0.182495,0.282493,3
-0.297344,-0.089458,-0.109437,0.341298,0.141007,-0.090488,-0.41388,0.412047,0.161735,3
-0.432231,0.447576,0.056971,-0.806148,0.08329,0.154038,-0.289147,0.599702,0.038573,3
0.139226,0.100024,0.124259,0.111691,0.400519,-0.383924,-0.052455,1.508873,0.231175,3
0.262139,0.213981,0.09095,-0.669588,0.128046,0.215787,0.215513,2.230574,0.030275,3
0.649155,0.690621,0.2763,-1.092079,0.221314,0.409898,0.4761,1.713622,0.040625,3
0.368052,1.039186,0.552069,-0.778902,0.437823,0.452553,0.149358,1.391214,0.092803,3
0.290008,0.453266,0.621939,-0.397374,0.313434,0.418261,-0.400191,1.480725,0.550597,3
-0.247524,0.188998,-0.021178,-0.257017,-0.139711,0.096753,-0.20578,1.724885,0.983372,3
0.266162,-0.243895,0.597711,-0.21315,-0.135622,-0.009941,1.152174,2.607563,1.12854,3
0.638629,-0.985292,0.774244,0.037839,0.106764,0.024074,2.567773,3.30601,1.124698,3
-0.067962,-1.136943,0.427111,0.485299,0.227799,-0.354867,2.742159,3.720195,0.021549,3
-0.074391,-0.93004,0.094021,0.629822,0.923,0.396094,2.905477,4.443383,-1.168297,3
-0.257941,-1.310238,-0.167106,1.503228,-0.125093,-0.399648,3.478802,2.282115,-1.820994,3
-0.830256,-0.486052,-0.452091,0.734927,-0.342621,-0.374801,0.306387,0.629305,1.666071,3
-0.131872,-1.018118,-0.042921,0.772933,0.236834,-0.076062,-1.758494,-1.557615,2.650648,3
0.005087,-0.737574,-0.294638,0.008799,-0.343934,-0.263464,-1.31405,-2.838186,1.82446,3
0.114569,-0.462211,0.60983,-0.38061,1.5121,0.496112,-0.915865,-3.048769,1.226095,3
0.360381,-0.326783,0.234232,0.493174,0.664112,0.156005,-1.399578,-2.009846,0.120382,3
0.457007,-0.088107,0.384082,0.535235,0.589527,-0.145337,-1.235287,-1.748497,-0.061024,3
0.278918,-0.54458,-0.258798,0.267452,0.33323,-0.411911,-1.549,-1.57363,-0.307717,3
-0.104793,-0.317328,-0.112682,-0.027932,0.225994,-0.173952,-1.597253,-1.615903,-0.447897,3
0.234495,0.818897,-0.417446,-1.041537,0.17558,-0.170808,-0.77943,-1.550899,-0.407066,3
0.80935,0.530195,0.679655,-1.022319,0.836095,0.410492,0.089516,-1.724188,-0.818799,3
0.870597,0.159264,0.410375,-0.696879,0.528706,0.575458,0.339772,-1.813678,-1.319449,3
0.849172,0.085906,0.462391,-0.476558,1.411753,0.295405,0.415338,-1.594724,-1.466659,3
0.412604,-0.141497,0.182956,0.093555,0.80974,0.253012,0.279374,-1.106462,-1.08497,3
0.390235,-0.428917,0.063358,0.510235,0.44358,-0.243072,0.033063,-0.836205,-0.804356,3
0.002801,0.067739,0.114877,0.404433,0.153843,-0.421143,0.659105,0.173251,-0.206569,3
0.089436,-0.114784,0.214101,-0.281441,-0.940443,0.755582,0.759996,1.349115,0.40853,3
0.351203,0.039734,-0.19663,-0.222412,0.352185,-0.204103,0.572438,1.604443,0.437705,3
0.130779,-0.22585,-0.150476,-0.495293,0.302241,-0.082709,2.937362,0.405672,-0.550951,3
0.081921,-0.630759,0.22327,0.98803,0.766547,-0.293931,3.111669,-0.794227,-0.488311,3
0.334049,-0.533375,0.068345,0.307364,0.015971,-0.010991,-0.643843,-1.040899,-1.236491,3
0.400178,0.321396,0.432414,0.185451,0.569884,0.377727,-2.832787,-3.116418,-0.167155,3
0.101117,0.118338,0.314873,0.430037,0.186083,0.238124,0.468752,-0.245531,6.28463,3
0.092061,-1.091301,0.354967,-0.782636,1.167144,0.682445,4.258201,-1.783248,1.874969,3
0.44651,-0.644938,0.467292,-0.507888,0.301993,0.944764,0.104087,-0.641985,-0.961711,3
0.670523,-1.033075,0.602958,0.531676,0.637474,0.018958,-1.673395,-0.96242,-1.428793,3
-0.132867,-0.817018,0.016528,1.00289,0.511096,0.191987,-0.302572,-2.719831,-0.622624,3
-0.915699,-0.240885,-0.320284,1.204284,1.041628,-0.078941,0.17246,-2.180135,-0.013836,3
-1.148776,-0.453055,-0.780391,0.33831,-0.464173,-0.298155,-0.980448,-0.735437,0.43547,3
-1.130872,-0.375426,-0.407497,-0.409301,-1.172248,-0.543276,-0.124324,0.482656,-0.038956,3
0.129906,0.28827,0.826871,-0.22158,0.776019,0.545266,-0.973241,0.22347,0.103851,3
0.217323,-0.075372,0.517805,0.327442,-0.024992,0.452142,-0.983173,-0.400891,0.069972,3
0.4057,-1.165521,0.558386,1.173865,0.886842,0.423475,-0.375493,0.665585,0.127434,3
-0.570321,-0.12352,-0.271969,0.466495,0.222967,0.051562,-0.118988,1.167677,0.263384,3
-0.360206,0.132604,-0.077129,-0.25026,-0.153455,-0.412412,0.377949,0.448784,0.075494,3
-0.591876,0.247665,0.035527,-0.510924,-0.901329,-0.318917,0.459732,0.20036,-0.113825,3
-0.267413,-0.038189,-0.248462,-0.517439,-0.126213,-0.024929,0.395244,0.331811,0.077636,3
0.378694,0.295167,0.227871,0.256632,0.684225,0.258349,-0.209672,-0.081795,-0.009459,3
0.339171,0.199299,0.280621,0.012922,0.820862,0.389483,-0.493388,-0.37746,-0.093575,3
0.537671,-0.083235,-0.030653,0.246605,0.421759,0.204944,0.306513,-0.159547,0.106766,3
0.363061,-0.415652,0.202478,0.09031,0.244487,0.166753,0.24928,-0.014149,0.048528,3
0.361337,-0.100051,0.513716,-0.017754,0.680408,0.211136,0.054619,-0.099682,-0.003059,3
0.266039,0.460624,-0.223702,-0.613677,0.439995,0.152633,0.175521,0.365894,0.214712,3
0.09721,-0.659075,-0.043159,0.232904,0.567603,0.075,-0.038007,0.884931,0.21364,3
0.767095,-0.169882,0.144205,0.517179,0.920989,0.020548,0.32789,0.859649,0.095162,3
0.494219,-0.252263,0.530005,0.320369,0.896627,0.067066,0.593173,1.002003,0.162205,3
0.513823,-0.17353,0.494679,-0.025508,0.26256,0.190154,1.163887,0.803391,0.211663,3
0.431841,-0.076689,0.134671,0.145186,0.869591,0.32973,1.541947,0.707128,0.277902,3
0.025503,-0.549535,0.218963,0.622745,0.819847,-0.001071,2.030102,1.401893,0.773965,3
-0.392123,-0.726706,0.404725,0.767095,0.347954,0.07845,3.275347,2.032179,1.375306,3
-0.958711,-1.002995,0.750861,0.313518,-0.281249,0.284343,5.043558,1.664159,1.113739,3
-1.195894,-0.759675,0.091259,-0.845371,-0.541112,-0.098232,7.332237,0.984801,-0.857311,3
-0.920082,-0.649661,-0.439698,1.139317,0.200474,-0.410131,4.133598,-1.023619,-0.72562,3
-1.165101,-0.271211,-0.195649,2.452588,-1.215988,-0.551334,-0.275047,0.154985,1.708846,3
-0.892031,0.660315,-0.554918,-0.293918,-0.96763,-0.392159,-3.708697,-0.55174,2.877482,3
-0.60963,-0.303266,-0.086055,0.52902,0.499939,-0.054923,-3.900037,-1.716915,1.299791,3
-0.631619,-1.19784,0.426794,0.698458,0.351254,0.081704,-3.546547,-2.336144,0.665954,3
-0.64082,-0.986125,1.012299,0.672818,0.566625,1.042477,-2.571037,-0.954139,-0.019876,3
0.558824,0.100884,0.225231,0.22533,0.599983,0.346649,-1.78578,-1.303111,-0.25563,3
-0.041197,-0.501918,0.286152,0.913128,-0.052136,-0.145829,-1.904488,-1.089901,-0.870834,3
-0.364272,-0.143338,-0.244249,-0.040974,0.127254,0.059647,-2.118294,-0.433102,-0.956448,3
-0.352268,-0.301091,-0.12513,0.453859,0.367861,-0.064032,-1.481107,-0.790226,-0.667646,3
0.437017,0.007217,0.059104,0.106957,0.47305,0.018895,-0.092076,-1.162358,-0.725184,3
1.054585,0.078934,0.562802,-0.44745,0.736354,0.424477,0.042898,-0.847947,-0.887841,3
0.342683,-0.895647,0.160203,0.95629,1.051303,0.088181,-0.447291,-0.266765,-0.609797,3
0.073864,-0.705951,0.523785,0.448675,0.806236,0.441106,-0.349378,-0.208077,-0.610551,3
-0.150024,-0.006703,0.023191,-0.037203,0.392669,0.030725,0.676696,-0.347603,-0.304164,3
0.224931,-0.325329,0.229908,0.417213,0.821161,0.219533,1.459549,-0.767661,0.181053,3
0.055519,-0.080788,-0.132555,0.426694,0.201646,-0.315917,1.457342,-1.13322,-0.201211,3
-0.104459,-0.313548,-0.099376,0.38474,0.463694,-0.114458,1.004483,-0.710148,0.327446,3
0.031341,-0.438528,0.197184,0.681899,0.592343,0.331383,-0.358918,-0.53556,-0.956963,3
0.124248,-0.37771,0.65087,0.74066,0.046278,-0.003991,-0.478399,-1.193858,-2.089077,3
-0.082657,-0.121709,0.135598,0.742974,0.56817,-0.028307,-0.356745,-0.512144,-1.151873,3
0.052588,-0.303271,0.115965,0.614111,0.529061,-0.14461,-3.660367,-1.534489,0.808327,3
-0.320657,-0.190098,0.514427,0.971819,0.52168,0.561463,0.910872,-2.377093,8.198509,3
-0.100549,-1.028934,0.640907,0.174524,0.221538,0.281917,1.95793,-3.510298,-1.996386,3
0.266469,-1.026345,0.952521,1.242479,0.535718,0.733607,0.197338,0.925303,-0.299371,3
-0.425022,-0.309748,0.345437,0.253735,-0.210598,0.377896,-2.080485,-0.507621,-1.201366,3
-1.036053,0.067023,-0.24934,0.751964,-0.259003,-0.173531,-1.558358,-1.22577,0.045173,3
-1.136013,0.269555,-0.345116,0.483112,-0.696192,-0.502005,-0.685319,0.554801,-0.213342,3
-0.511644,0.741166,-0.326165,0.461682,0.457152,0.003165,-0.230564,0.704758,0.670957,3
-0.316139,0.300235,0.388712,0.583678,0.112621,0.151175,0.8905,-0.493334,0.290022,3
-0.314083,-0.016097,0.207968,0.497108,-0.114441,-0.200695,1.064337,-0.577777,0.160497,3
-0.277948,-0.476654,0.245831,0.582447,0.283587,0.36383,1.058313,-0.282056,0.185486,3
0.468621,0.269736,0.477679,0.673281,0.431276,0.577173,-0.186107,0.641105,-0.188097,3
-0.774093,-0.244129,-0.079396,0.624223,-0.294733,-0.0207,-0.718326,0.907848,0.07093,3
-0.515432,0.09402,-0.398911,-0.053741,0.513103,0.090294,-0.954918,0.751682,-0.141429,3
-0.126017,-0.49151,0.395737,0.277872,0.256999,0.091166,-1.038606,0.130231,0.001166,3
-0.102581,0.021554,-0.361843,0.10527,-0.133554,-0.261013,-0.847237,0.02428,0.142483,3
0.265177,-0.05605,0.127358,-0.362384,0.896855,0.515784,-0.46083,-0.270179,0.136826,3
-0.173945,-0.163354,-0.078913,0.926778,0.22526,-0.338382,0.101971,-0.341119,0.014368,3
0.256152,-0.491048,0.190324,1.354781,0.807681,0.046133,0.265036,0.109749,0.209757,3
0.351052,-0.344914,0.49167,1.702905,0.756481,0.243927,0.255356,0.195375,0.008796,3
0.244553,-0.075077,-0.221861,0.42465,0.518248,-0.188238,0.548483,0.402436,0.240768,3
0.034564,-0.484465,0.780108,1.236597,0.5588,0.18047,1.134589,0.283517,0.127854,3
0.226094,-0.047033,0.376483,0.400246,0.539503,-0.095787,1.182586,0.007814,0.058732,3
0.292589,-0.288774,0.65492,1.054582,0.497841,0.611526,1.047742,-0.237294,0.097835,3
0.073888,0.037819,0.377561,0.53224,-0.062326,0.393878,1.323691,-0.835045,0.18155,3
-0.307303,0.067607,-0.194761,0.587351,-0.499017,-0.01993,1.670374,-0.553058,0.788761,3
-0.199221,0.166816,0.240089,-0.37504,-0.023831,0.236873,2.089073,-0.594737,1.068391,3
-0.95306,0.179217,0.486922,-0.064644,-0.078465,-0.006224,2.623271,-1.495277,1.164268,3
-1.254556,0.609079,0.17246,0.738073,-0.019174,-0.032919,3.165925,-2.009547,1.226028,3
-1.193065,0.088487,0.315581,0.774951,-0.476065,0.429708,3.268082,-2.314506,-0.453662,3
-0.317493,-0.557856,0.356791,0.092312,-1.3411,0.047273,3.204137,-2.946651,-1.254835,3
-0.468363,0.146231,-0.34489,-0.048309,-1.111914,-0.042845,2.173537,-4.091747,-1.310019,3
-1.68515,0.448013,-0.126301,0.280139,0.042082,-0.173059,-0.587743,-0.956836,1.656118,3
-0.569639,0.889782,-0.147247,0.070395,0.222086,-0.121017,-1.710116,1.090841,2.244596,3
-0.352973,-0.026314,0.324361,0.668739,-0.048488,-0.262241,-3.255645,1.415864,2.022736,3
-0.782907,-0.422779,0.413182,0.825106,0.455316,0.480363,-3.154898,0.678291,0.758387,3
-0.384004,-0.114188,0.405906,1.458861,-0.148036,0.630804,-2.122367,1.020037,-0.014763,3
-0.488642,-0.298119,0.008926,0.558708,-0.190281,-0.060361,-1.948482,1.739053,-0.572576,3
-0.016476,-0.096162,-0.169014,0.081658,0.297861,-0.012136,-1.283624,1.990867,-0.915388,3
0.226777,-0.261118,0.243845,0.425519,0.048844,0.083298,-0.805326,2.459985,-0.661063,3
-0.443807,-0.315271,0.285896,1.022938,0.38223,0.131156,-0.922643,1.498452,-0.641972,3
0.104897,0.029792,-0.205957,0.813505,0.12579,-0.212749,-0.624407,-0.08437,-0.789748,3
0.323719,-0.875428,0.23781,0.751027,1.148367,0.166065,-0.289817,-0.619795,-0.745534,3
-0.83712,-0.754142,1.001788,2.015259,-0.844761,0.03477,-0.339128,-0.480929,-0.56236,3
-0.128288,-0.093263,0.209391,0.344094,0.208643,0.229473,-0.320519,-1.170931,-0.801517,3
-0.039869,1.4e-05,-0.02758,1.17086,0.244507,0.433195,-0.074617,-1.511825,-0.736062,3
0.227687,-0.090026,-0.313803,-0.086319,0.309851,-0.418048,0.391089,-1.397257,-0.143932,3
-0.100035,-0.03322,0.169429,0.353941,0.551055,0.012321,0.594661,-0.868714,-0.061029,3
-0.540936,-0.191024,0.495609,0.580083,-0.328383,0.188995,-0.396338,-1.21108,-1.171605,3
-0.504386,-0.174123,-0.070681,0.836615,-0.326198,-0.314095,-0.807582,-1.485575,-0.58765,3
-0.363269,-0.755343,0.702273,1.738036,0.042018,0.672062,-1.222239,0.802561,-1.41214,3
0.028062,0.01626,0.299957,-0.219048,-0.027609,0.03723,-4.12781,1.602391,5.206506,3
-0.685387,0.283908,0.15979,0.514477,-0.255063,-0.418809,-1.77186,-4.345333,3.576462,3
-1.075782,-0.352092,0.788418,0.684877,-0.389838,0.030055,-1.495719,-3.00101,-2.397088,3
-0.242219,-0.454347,0.615664,1.155506,-0.041595,0.397342,-0.965357,1.423156,-1.039603,3
-0.196031,0.136433,-0.055125,0.808116,-0.732468,0.280044,-2.926594,0.695528,0.199646,3
0.165832,0.895416,-0.997025,0.089783,-1.121273,-0.47271,-1.813502,0.145477,-0.541405,3
-0.32479,1.260458,-0.712225,0.081296,-0.224684,0.222242,0.392778,1.910292,0.512347,3
-0.073519,0.86014,-0.069836,0.683446,0.287557,0.074478,1.394615,0.97916,0.649708,3
0.009638,-0.318802,0.729543,0.639656,0.131355,0.279653,0.970419,-0.865327,0.404328,3
-0.535919,-0.992535,0.591337,0.122827,0.150984,0.523244,0.84097,-0.76841,0.32697,3
-0.414251,-0.537228,0.249546,0.836189,-0.129158,-0.026456,0.241435,-0.837422,0.079573,3
-0.344608,-0.046913,-0.047388,0.735,-0.383033,0.094338,0.166683,-0.88363,0.102758,3
-0.104552,0.458692,-0.065126,0.316103,-0.135321,0.258534,-0.238585,-0.559883,-0.237117,3
0.226003,0.320003,-0.448945,0.282437,0.742381,-0.027183,-0.380294,0.632609,-0.087303,3
-0.351589,-0.204544,0.20264,0.23492,-0.019256,-0.39838,-0.079237,1.078196,-0.114288,3
-0.18597,-0.181966,0.424883,0.613697,-0.358209,0.129527,-0.173132,0.565733,-0.096334,3
-0.316826,-0.191003,-0.006509,0.806979,-0.270402,0.13587,-0.017021,-0.050737,0.091292,3
-0.364327,-0.05848,0.28093,0.518127,-0.188556,0.308305,0.045306,-0.254803,-0.003936,3
-0.112956,-0.063844,0.320317,0.692796,0.033489,0.386061,-0.061033,0.284268,0.111906,3
0.047275,-0.094465,0.173744,0.068857,0.522209,-0.146475,-0.086378,0.108455,0.190105,3
0.053648,-0.045609,-0.015562,0.761225,0.123033,-0.16995,0.272237,-0.21192,0.15377,3
-0.263841,-0.05207,-0.406731,1.071319,-0.739965,-0.325903,0.657032,-0.572465,0.073392,3
-0.259368,-0.589921,1.002153,1.539685,-0.561866,0.807574,0.680173,-0.605204,0.194983,3
-0.499494,-0.403417,0.267043,0.93729,-0.493184,0.046367,0.536833,-1.042823,0.291549,3
0.290332,-0.390367,0.070638,-0.109302,0.934145,-0.099763,0.412866,-1.332973,-0.008189,3
-0.561673,-0.126242,0.604869,1.222727,-0.331097,0.521653,0.326018,-1.591787,0.275882,3
-0.247547,-0.003168,0.135366,1.334669,-1.362791,0.225305,0.645097,-1.53803,0.758296,3
-0.50637,-0.138425,0.63658,-0.016212,-0.716013,0.235353,0.800343,-2.974211,0.856538,3
-1.113233,0.220474,1.022202,0.29545,-0.217928,0.595295,0.981208,-4.451178,1.964514,3
-1.288808,0.950841,0.596245,-0.019855,0.188849,0.094358,0.194818,-5.62768,-0.488327,3
-0.696371,0.675224,0.17049,-0.11571,-0.705523,-0.344471,-0.455725,-6.227523,-2.309125,3
0.452123,0.424652,-0.353058,-0.922138,-1.13711,-0.28001,-1.979572,-2.300686,-0.425288,3
0.362902,1.096222,-0.433316,-0.916863,-0.552882,-0.186553,-0.4851,-0.403724,1.514112,3
0.024878,0.911608,-0.549274,0.768164,0.227578,-0.038934,-0.564668,2.315016,2.378448,3
-0.846825,1.220202,0.118111,0.968664,-0.656802,0.424344,-1.047122,2.63417,1.781955,3
-1.35785,0.453635,0.710938,0.694986,-0.78332,0.163831,-1.046904,2.623922,1.332219,3
-0.897953,-0.368503,0.627659,0.851847,-1.123538,0.221956,-0.766188,1.899934,0.477516,3
0.093172,-0.2588,0.150279,-0.193707,-0.547812,0.083445,-0.898308,2.343798,0.280128,3
-0.02551,0.508172,-0.173328,0.129816,0.126701,0.260272,-0.305837,2.318168,-0.457179,3
-0.041929,0.485871,0.042694,0.441477,0.109075,0.30996,0.199415,2.09268,-0.358674,3
-0.228566,0.056393,0.220158,0.674919,-0.605061,0.251665,-0.123597,1.346262,-0.62499,3
-0.894594,-0.006146,0.491373,0.637953,-0.327034,0.128465,-0.779265,1.003112,-0.877789,3
-0.314872,-0.147493,0.260496,1.028283,-1.050064,0.230256,-0.852207,1.024446,-1.415915,3
-0.274983,0.04737,0.238226,1.048646,-0.808639,0.058462,-0.118094,1.205215,-1.185628,3
-0.122497,0.198885,0.053704,0.172216,0.199806,0.175587,0.704218,0.850931,-0.71133,3
-0.71855,0.233375,0.378199,0.685604,-1.28588,0.142078,0.874259,0.10462,-0.378147,3
-0.514652,0.312851,0.556956,0.023394,-0.549649,-0.189864,-0.184188,-1.012057,-0.514927,3
-0.003615,0.209919,0.429438,-0.08689,-0.645222,-0.123713,-1.349237,-0.929058,-1.195562,3
-0.027577,0.167672,-0.21075,1.081611,0.387483,0.157133,-1.752752,-1.215958,-0.747213,3
-0.521245,0.033026,0.368476,0.139359,-0.682716,-0.381124,-2.636831,-1.208985,-0.579067,3
-0.1674,0.267466,0.449615,-0.212617,-1.39025,-0.335941,-1.617626,2.714298,0.525813,3
-0.393485,0.619602,0.180776,0.583103,-0.795061,0.575481,0.438791,1.457087,8.822218,3
-0.107864,0.366735,0.391955,0.442455,0.446604,0.889863,-3.244472,-1.136983,-2.006638,3
0.184989,-0.430551,0.888556,0.214892,0.543227,0.637712,0.215946,0.790147,-0.721223,3
0.826613,0.914376,-0.1406,-1.270638,0.622287,-0.318664,0.791023,2.959586,-1.461409,3
0.175804,1.881165,-0.44641,-0.623256,-0.721247,-0.309483,-0.410505,1.709997,-0.035934,3
0.647164,1.955164,-0.598685,-0.207242,-0.596024,0.069101,0.182396,0.508881,0.287949,3
0.487693,1.175888,-0.315182,0.411742,-0.302543,0.01012,0.843371,0.067247,0.581286,3
0.153079,-0.330365,0.726603,0.468355,-0.114886,0.510844,0.598005,-0.09564,0.16915,3
-0.447155,0.038642,0.599863,-0.425129,0.023195,0.180535,-0.103745,0.395494,0.053104,3
-0.116809,0.639271,-0.102566,0.326442,-0.478427,-0.042072,0.495867,0.058732,0.312361,3
0.218441,0.863332,-0.096214,0.276684,-0.222652,0.006527,-0.063329,-0.159859,-0.115259,3
0.494188,0.284396,0.168791,-0.014696,-0.504767,0.045439,0.24921,0.969418,-0.194087,3
0.475169,0.358852,-0.138082,-0.432933,0.396946,-0.133205,0.419142,0.704914,0.125516,3
0.443766,0.420379,-0.159291,0.264705,0.868592,0.231601,0.063035,0.437414,0.088189,3
0.323807,-0.05563,0.142925,0.637064,0.114748,0.185163,-0.033304,-0.015726,0.052226,3
0.28902,0.284002,-0.131496,0.583893,-0.089483,0.223644,0.202492,-0.278431,0.196571,3
0.1419,-0.075604,0.235125,0.732336,-0.733201,0.33567,-0.149518,-0.48915,0.098922,3
-0.012211,-0.042679,0.356141,0.327857,-1.182027,0.047233,-0.615382,-0.533856,-0.013267,3
0.235605,0.594769,-0.210881,0.186651,0.132863,0.130639,-0.396537,-0.733007,0.098469,3
0.114709,-0.374787,0.408184,0.320579,-0.323933,0.184854,0.55,-1.022911,0.314104,3
0.062214,-0.081105,0.579307,0.487281,-0.717674,0.174312,-0.093861,-1.550568,0.006421,3
-0.271844,0.52683,0.358544,0.511625,-1.053846,0.138622,-0.196356,-2.218459,0.393217,3
-0.023253,0.512252,0.546959,-0.059638,-0.680607,0.131605,-0.887633,-2.38111,1.074204,3
-0.170262,0.820432,0.374853,0.140779,-0.099565,-0.014544,-2.844891,-0.982701,0.467307,3
0.20434,0.521811,0.212347,0.612531,-0.064022,0.35815,-1.06655,-0.218936,0.542646,3
0.600509,0.492426,-0.108374,0.146612,0.152826,0.123774,-0.816008,-0.47677,0.230979,3
0.212296,0.661177,-0.037742,-0.370492,-0.836984,-0.178179,-1.144584,-1.072726,-0.277795,3
0.528199,0.284673,-0.405959,-0.728174,0.0283,-0.402164,-1.723186,-1.496283,-0.318913,3
0.01571,0.449169,-0.157244,0.017702,0.165857,-0.405138,-2.686365,-1.626779,-0.338107,3
-0.213317,0.199953,0.497985,0.514937,-1.153759,0.461692,-3.136022,-1.374972,-0.347449,3
-0.191187,0.345681,0.074791,0.727311,-0.545434,0.138447,0.496473,0.162491,0.584082,3
-0.759492,0.367261,0.59063,0.689158,-0.800563,0.622848,1.590692,0.603799,1.403045,3
-0.295887,0.593589,0.196445,0.122487,-0.187494,0.126431,2.049637,1.696668,1.014746,3
-0.404016,0.45019,0.26598,0.326512,-0.40367,0.128847,1.976998,1.686206,0.568274,3
0.120291,0.049772,-0.179867,0.646332,-0.66632,0.347616,0.948015,1.06768,0.127044,3
0.195482,-0.374923,0.159044,0.411118,-0.629516,0.540735,0.194802,0.89922,0.367437,3
-0.021678,-0.183283,0.131473,0.34342,-0.184735,-0.184731,0.166846,0.607659,0.289045,3
-0.184299,0.060441,0.024137,0.338599,0.033201,-0.051806,0.32172,0.733383,0.003884,3
-0.282002,0.427103,0.106868,0.653236,-0.645928,0.141769,-0.043534,0.64475,-0.172775,3
-0.26417,-0.343086,0.402561,0.834816,-0.729986,0.448072,-0.427773,0.231233,-0.286741,3
-0.211102,-0.009429,0.265224,0.246813,-0.787431,-0.106809,-0.665686,-0.028104,-0.312351,3
-0.115974,0.141565,0.042985,0.535318,-0.55353,0.189597,-0.775168,0.052919,-0.224042,3
-0.239473,0.121481,0.378761,0.308914,-0.044541,0.000716,-0.237563,0.226421,-0.392511,3
-0.419387,0.243273,0.501999,0.494607,-0.801262,0.382819,-0.056174,0.437113,-0.68337,3
-0.154746,0.110389,0.317225,0.255026,-0.517163,0.203992,-0.101586,0.545782,-0.734705,3
-0.162634,0.141318,0.204118,0.317333,-0.602014,-0.162547,-0.13577,0.362445,-0.437876,3
0.086952,0.191559,0.203225,0.38124,-0.486526,0.111165,0.315127,0.25781,-0.534346,3
-0.195205,0.138619,0.256708,0.197949,-0.267157,-0.011724,0.118251,0.501002,-0.667202,3
0.370824,-0.063801,-0.053712,0.553971,-0.589061,-0.107613,-0.706142,0.220946,-0.791773,3
-0.144229,-0.162412,0.341672,0.493784,-0.263885,0.365534,-0.871863,-0.020168,-0.572451,3
-0.200984,0.057329,0.246487,0.354757,-0.568153,0.429111,0.317376,1.162112,-1.055178,3
-0.013297,0.324645,-0.026281,0.674313,-0.485842,0.266931,0.791794,1.251251,4.309757,3
-0.162678,0.565099,0.363257,0.135876,-0.184312,-0.16291,-1.982181,-0.978999,3.830557,3
-0.692896,0.20362,0.431946,0.258139,-0.664759,0.258769,-1.877399,0.159222,-1.529579,3
0.04137,-0.110851,0.496021,-0.416443,-1.080421,0.074214,-0.087351,0.447394,-1.075296,3
0.602052,0.093394,-0.173636,-0.418267,-0.266101,-0.573435,0.069146,1.632042,-0.300821,3
0.844145,0.990039,-0.529625,-0.240794,-0.155927,-0.124541,0.757179,1.817657,-0.079266,3
0.871731,1.173214,-0.682228,0.051646,-0.183839,-0.17457,0.948429,0.550035,0.282503,3
0.467239,0.627809,0.072304,0.386725,0.156494,0.638174,0.610079,-0.713707,0.576292,3
-0.131495,0.061951,0.419505,0.364926,-0.116036,0.415504,-0.106572,-1.077915,0.251984,3
-0.114823,-0.484574,0.644409,0.695652,-0.195264,0.696577,0.047399,-0.256135,-0.01761,3
0.18565,-0.182541,0.225698,0.394017,0.0091,0.108968,0.621868,0.343102,0.041037,3
0.333779,0.236704,-0.050136,0.109611,0.279906,-0.027134,1.012681,0.692693,-0.274226,3
0.710328,0.101284,-0.270316,-0.206553,0.322054,-0.380549,1.058121,0.679184,-0.106704,3
0.707335,0.605324,-0.379643,-0.280784,0.45512,-0.675447,0.527426,0.362315,0.068077,3
0.348186,-0.1311,0.059805,0.773034,0.142529,0.193209,-0.098919,0.132116,0.142361,3
-0.344583,-0.287143,0.299432,0.973372,-0.037862,0.331075,-0.426822,-0.259885,0.328849,3
-0.269626,-0.95891,0.676181,1.085845,-0.459492,0.401508,-1.009139,-0.555906,0.113364,3
0.079438,-0.5316,0.271182,0.385179,-0.384023,-0.090312,-0.373087,-0.552088,0.034807,3
0.0647,0.221826,-0.169633,0.338943,-0.753386,-0.069583,-0.339253,-0.156347,-0.019549,3
0.435641,-0.139925,-0.066862,0.520799,-0.522811,-0.095073,0.282395,-0.12547,-0.000951,3
-0.465541,-0.002043,0.308591,0.679006,-0.77374,0.459496,0.254179,-0.280201,-0.013827,3
-0.129062,0.433814,0.319384,-0.217739,-0.19801,0.066772,0.312627,-0.82344,0.063482,3
0.29716,-0.210405,0.136045,0.559059,-0.438269,0.60731,-0.534384,-1.087619,0.339557,3
0.321368,-0.13708,0.147307,0.496596,-0.380571,-0.104581,-1.143714,-1.080838,0.294449,3
0.114563,-0.088092,0.593423,0.456163,-0.242583,0.736276,-0.82607,-1.600535,0.756794,3
0.406583,0.587837,0.128178,0.066805,0.197652,0.16803,-1.240073,-1.521718,1.160141,3
-0.150485,0.89401,0.37849,0.534654,-0.348505,0.382822,-2.332596,-0.697921,1.047956,3
0.212953,-0.02129,0.442451,0.729881,-0.085754,0.3947,-2.257892,-1.02912,0.780335,3
0.503278,0.12248,0.152659,-0.135875,0.344098,-0.06443,-2.847049,-1.997446,-0.146896,3
0.448318,0.128022,-0.346088,-0.247556,0.561576,-0.326767,-3.865247,-2.955565,-1.321355,3
0.386401,0.310432,-0.425656,-0.602566,0.273786,-0.58757,-3.80283,-1.83506,-1.698984,3
0.07428,0.307092,0.130974,-0.197447,-0.322504,-0.153162,-2.470853,-1.377936,-0.140041,3
-0.184563,0.110437,0.182109,0.315401,-0.819377,0.070444,1.306411,-0.737882,2.132153,3
-0.303361,0.816234,0.005659,0.167424,-0.58341,-0.052364,3.3758,0.046041,2.626104,3
-0.538768,1.010125,0.533685,0.871944,-1.137975,0.708202,2.540095,1.633425,1.310938,3
-0.585698,0.650766,0.403523,0.756044,-0.499624,0.384478,2.310776,1.745905,0.576122,3
-0.139258,-0.41419,0.566096,0.01389,-0.284393,0.175508,1.835451,1.036499,0.596904,3
0.332311,-0.669287,-0.111784,-0.247798,0.159425,-0.030483,0.873949,1.35235,-0.027023,3
0.154195,-0.338364,-0.181271,0.427998,-0.377538,-0.064968,0.830393,1.32457,-0.315307,3
0.190961,0.190616,-0.247838,0.299198,-0.210293,-0.19053,0.929849,1.687261,-0.720405,3
-0.368096,0.209397,-0.083413,0.745748,-0.618432,-0.148118,0.440377,1.725306,-1.156453,3
-0.494251,-0.592174,0.47707,1.130607,-0.983106,0.432815,0.006651,1.520235,-1.217035,3
-0.272706,0.061037,0.310769,0.511069,-0.643737,-0.094352,-0.267253,1.038937,-1.203201,3
-0.407722,-0.238428,-0.073967,0.763621,-1.496186,-0.108732,0.212278,1.048928,-1.222154,3
-0.889078,0.317535,0.456698,-0.328269,-0.406408,-0.144862,1.191113,0.907337,-1.052772,3
-0.699802,0.329062,0.363621,0.582201,-0.869846,0.080122,0.315073,-0.540248,0.799295,3
-0.596729,0.06535,0.834105,0.145078,-1.415317,0.821234,-1.315537,-0.562979,-1.063681,3
0.387273,-0.068986,0.178277,0.602502,-0.709943,0.04095,-1.183379,-1.007247,-1.042002,3
-0.105876,0.119184,0.336719,0.397319,-0.380055,0.19438,-1.134424,-1.015253,-0.505085,3
,,,,,,0.913795,2.403512,1.096894,3
