sep=,
DeviceTag:,2B_Left
FirmwareVersion:,2.2.1
AppVersion:,2023.6.0
SyncStatus:,Synced
OutputRate:,30Hz
FilterProfile:,General
Measurement Mode:,Sensor fusion Mode - Complete(Quaternion)
StartTime: ,2026-05-27_15:38:54_208 AEST
© Movella Technologies B. V. 2005-2026

PacketCounter,SampleTimeFine,Quat_W,Quat_X,Quat_Y,Quat_Z,FreeAcc_X,FreeAcc_Y,FreeAcc_Z
1,907611617,-0.201457,-0.205889,0.266415,-0.919809,-0.274995,-0.618298,-0.847302
2,907644951,-0.208153,-0.190659,0.264488,-0.922154,-0.871857,0.243075,-0.049088
3,907678285,-0.216279,-0.181087,0.263164,-0.922592,-0.419498,0.843148,0.233743
4,907711619,-0.223704,-0.179837,0.261780,-0.921459,0.803761,0.652566,0.289343
5,907744953,-0.227803,-0.184654,0.260025,-0.919998,0.534504,0.265937,-0.383687
6,907778287,-0.229121,-0.185053,0.258051,-0.920146,-0.023639,0.083591,-0.392189
7,907811621,-0.229627,-0.185004,0.256961,-0.920335,0.446515,-0.006701,0.067865
8,907844955,-0.229345,-0.182216,0.256508,-0.921088,-0.181562,1.044298,0.300688
9,907878289,-0.228039,-0.183842,0.256432,-0.921110,0.225114,0.842376,0.293517
10,907911623,-0.225022,-0.188593,0.256714,-0.920813,0.205999,0.329761,0.154798
11,907944957,-0.220793,-0.195509,0.256919,-0.920337,0.264593,0.022457,0.230328
12,907978291,-0.216500,-0.202795,0.256568,-0.919878,0.122827,0.108186,0.110795
13,908011625,-0.212994,-0.208097,0.255613,-0.919778,0.001868,0.363178,-0.070446
14,908044959,-0.211523,-0.207266,0.254022,-0.920746,0.317911,0.287452,0.175947
15,908078293,-0.210595,-0.206203,0.252806,-0.921531,0.304114,0.188755,0.358535
16,908111627,-0.212801,-0.197522,0.250635,-0.923517,-1.670456,0.441892,0.413678
17,908144961,-0.220619,-0.172988,0.246495,-0.927709,-0.372175,0.143868,1.079119
18,908178295,-0.229020,-0.152896,0.241213,-0.930586,0.554432,-0.590196,0.339482
19,908211629,-0.238541,-0.132784,0.234476,-0.933000,-0.476181,0.155517,1.464605
20,908244963,-0.249648,-0.111330,0.226522,-0.934864,-0.241218,-0.708268,0.277347
21,908278297,-0.260429,-0.098460,0.220818,-0.934731,-0.845790,-0.440827,-0.202330
22,908311631,-0.271200,-0.090528,0.217383,-0.933274,-0.035508,-0.366105,-2.153787
23,908344965,-0.284426,-0.089031,0.216920,-0.929581,-1.457203,0.252941,-1.067420
24,908378299,-0.302250,-0.079459,0.216076,-0.925010,-1.714612,0.149416,-0.076736
25,908411633,-0.320029,-0.065800,0.216515,-0.919986,-0.161881,0.144813,-0.624165
26,908444967,-0.333354,-0.060290,0.220255,-0.914729,1.165755,-0.184114,-1.044456
27,908478301,-0.339147,-0.057806,0.226422,-0.911247,2.120348,0.366088,-0.995034
28,908511635,-0.337467,-0.048543,0.230910,-0.911285,3.958045,-0.790761,-0.517078
29,908544969,-0.327183,-0.046880,0.234397,-0.914227,2.961425,-0.189994,0.888378
30,908578303,-0.314667,-0.052587,0.238091,-0.917351,0.189584,2.135267,1.952154
31,908611637,-0.311545,-0.057245,0.238561,-0.918015,-2.259169,3.048303,1.995324
32,908644971,-0.312750,-0.061007,0.237934,-0.917526,1.446682,-1.222396,0.485808
33,908678305,-0.311647,-0.068322,0.238586,-0.917216,0.810182,-0.360466,0.559983
34,908711639,-0.310290,-0.074537,0.239564,-0.916937,0.163898,-0.274901,0.554343
35,908744973,-0.308712,-0.081533,0.241844,-0.916276,0.057783,0.288687,0.489867
36,908778307,-0.307682,-0.085853,0.243138,-0.915885,0.480677,0.214612,-0.287855
37,908811641,-0.307037,-0.085775,0.242357,-0.916316,0.616558,0.431362,0.054268
38,908844975,-0.305198,-0.084176,0.240387,-0.917596,1.160475,-0.021265,-0.071341
39,908878309,-0.303257,-0.080982,0.238207,-0.919095,1.334752,-0.280973,0.521381
40,908911643,-0.300754,-0.079813,0.236947,-0.920344,1.493439,-0.544675,0.375834
41,908944977,-0.297194,-0.080696,0.237277,-0.921338,0.419131,0.314002,0.082050
42,908978311,-0.292853,-0.080908,0.239343,-0.922175,0.011960,0.702870,-0.139925
43,909011645,-0.288917,-0.078619,0.242345,-0.922830,-0.136326,0.714588,-0.300691
44,909044979,-0.284933,-0.074135,0.245457,-0.923618,-0.997379,0.278309,0.608253
45,909078313,-0.279891,-0.069942,0.248085,-0.924783,-0.983819,-0.318176,0.647741
46,909111647,-0.274509,-0.065030,0.249891,-0.926267,-0.562066,-0.003896,0.291121
47,909144981,-0.269156,-0.060908,0.250935,-0.927835,-0.237520,0.165648,-0.009743
48,909178315,-0.264368,-0.055880,0.251152,-0.929468,-0.377953,0.351893,0.167786
49,909211649,-0.260097,-0.049300,0.250289,-0.931276,-0.845645,0.719153,0.344328
50,909244983,-0.257245,-0.040271,0.248433,-0.932998,-1.486400,1.213035,0.249004
51,909278317,-0.255904,-0.028616,0.245503,-0.934571,-1.428258,1.548674,0.874612
52,909311651,-0.255467,-0.018686,0.241158,-0.936072,-1.519115,1.797230,1.149549
53,909344985,-0.254993,-0.017638,0.236792,-0.937335,-0.891270,1.141917,0.186154
54,909378319,-0.253709,-0.025974,0.234231,-0.938133,-0.101194,1.080945,-0.068844
55,909411653,-0.251477,-0.044865,0.234930,-0.937846,0.146386,0.580326,-2.113814
56,909444987,-0.254816,-0.049229,0.233760,-0.937018,1.387222,-1.149382,-1.692075
57,909478321,-0.254684,-0.056528,0.235005,-0.936330,2.837034,-2.721711,-0.239384
58,909511655,-0.248470,-0.064429,0.236093,-0.937215,2.857820,-3.236952,2.153222
59,909544989,-0.243189,-0.073611,0.235270,-0.938131,0.395331,-1.469843,1.245463
60,909578323,-0.237668,-0.088793,0.236353,-0.937959,0.336845,-0.867822,-0.248217
61,909611657,-0.232805,-0.102260,0.237422,-0.937537,-0.314315,0.558698,0.023575
62,909644991,-0.229161,-0.110296,0.237838,-0.937419,-0.404626,1.019621,-0.450171
63,909678325,-0.226891,-0.112085,0.237923,-0.937737,0.248654,0.898385,-0.614919
64,909711659,-0.225569,-0.112463,0.238353,-0.937901,0.678560,-0.223816,0.747025
65,909744993,-0.225274,-0.113319,0.239393,-0.937605,0.229823,-0.757020,0.746255
66,909778327,-0.225211,-0.115209,0.241455,-0.936860,-0.081227,-0.401293,-0.129437
67,909811661,-0.226684,-0.114308,0.243295,-0.936139,0.237369,-0.618080,0.009431
68,909844995,-0.228035,-0.114043,0.245062,-0.935382,0.006141,-0.736571,0.396502
69,909878329,-0.228201,-0.115201,0.246662,-0.934779,-0.088109,-0.952587,0.462559
70,909911663,-0.226750,-0.116496,0.248255,-0.934550,0.221190,-0.634012,0.267834
71,909944997,-0.224173,-0.117866,0.249398,-0.934695,0.300637,-0.694076,0.518799
72,909978331,-0.220327,-0.120927,0.250731,-0.934862,-0.365943,-0.045649,0.242452
73,910011665,-0.216311,-0.125176,0.252534,-0.934756,-0.146393,-0.297384,0.627376
74,910044999,-0.212498,-0.127946,0.253939,-0.934875,0.021544,0.540133,0.179613
75,910078333,-0.210125,-0.127281,0.254816,-0.935263,0.442853,0.702493,0.041820
76,910111667,-0.209052,-0.124882,0.256144,-0.935464,0.059921,0.707712,-0.513163
77,910145001,-0.209293,-0.120443,0.256858,-0.935797,0.098332,0.184986,0.349379
78,910178335,-0.209210,-0.118101,0.257581,-0.935915,0.020767,0.181331,0.168225
79,910211669,-0.209025,-0.115923,0.258552,-0.935960,-0.239015,0.837736,0.262237
80,910245003,-0.209220,-0.113860,0.259669,-0.935861,-0.103349,0.606169,0.197849
81,910278337,-0.209339,-0.110584,0.261102,-0.935828,-0.225560,1.122936,0.650704
82,910311671,-0.208851,-0.108986,0.262627,-0.935698,-0.116596,0.803216,0.085656
83,910345005,-0.207228,-0.109406,0.264020,-0.935618,0.182000,0.195185,-1.457878
84,910378339,-0.205717,-0.104109,0.264217,-0.936500,0.532646,0.380405,0.884593
85,910411673,-0.203756,-0.101128,0.263673,-0.937408,0.438347,0.584202,0.632397
86,910445007,-0.201510,-0.100030,0.262347,-0.938383,0.025964,0.890742,0.232767
87,910478341,-0.199358,-0.099814,0.260246,-0.939450,0.042128,0.473359,0.250674
88,910511675,-0.196392,-0.100869,0.257725,-0.940656,0.195359,-0.016276,-0.826484
89,910545009,-0.193450,-0.098946,0.255117,-0.942180,-0.117725,-0.073699,0.776591
90,910578343,-0.189933,-0.098167,0.252899,-0.943574,0.429047,-0.810975,0.323104
91,910611677,-0.184971,-0.098178,0.251776,-0.944858,-0.313404,-0.340975,0.077429
92,910645011,-0.179292,-0.098620,0.251833,-0.945891,-0.168275,-0.322236,-0.051283
93,910678345,-0.171969,-0.099360,0.254201,-0.946539,-0.093823,-0.193468,-0.306674
94,910711679,-0.161753,-0.102009,0.258451,-0.946908,-0.430537,-0.634557,0.913531
95,910745013,-0.151356,-0.107531,0.263283,-0.946684,-0.392808,-0.619651,0.458010
96,910778347,-0.145276,-0.107861,0.267458,-0.946429,0.608979,-0.366770,-0.038113
97,910811681,-0.142938,-0.103893,0.270529,-0.946356,0.695033,0.180528,-0.050256
98,910845015,-0.141515,-0.098366,0.272517,-0.946590,0.514765,0.435990,-0.321205
99,910878349,-0.138545,-0.094215,0.273225,-0.947248,-0.049019,-0.071630,0.501235
100,910911683,-0.133008,-0.092104,0.272811,-0.948367,-0.479426,0.015969,0.348797
101,910945017,-0.124815,-0.092083,0.271306,-0.949913,-0.176346,0.590755,-0.023698
102,910978351,-0.114813,-0.095887,0.269845,-0.951214,-0.385597,0.236741,0.535429
103,911011685,-0.104660,-0.100530,0.267714,-0.952507,0.352994,-0.317955,0.313396
104,911045019,-0.095568,-0.102726,0.265094,-0.953960,0.175516,-0.143057,0.159640
105,911078353,-0.088559,-0.103394,0.262294,-0.955337,0.609118,-0.116388,0.106378
106,911111687,-0.083723,-0.103407,0.259516,-0.956530,0.378454,-0.319920,0.139880
107,911145021,-0.080511,-0.102510,0.257056,-0.957566,-0.223041,-0.197882,0.283120
108,911178355,-0.077544,-0.101730,0.255110,-0.958414,0.251394,-0.461136,0.387454
109,911211689,-0.074236,-0.102546,0.252908,-0.959172,0.052799,-0.713156,0.419828
110,911245023,-0.071659,-0.102788,0.250735,-0.959913,0.334586,-0.425443,0.002135
111,911278357,-0.070822,-0.101994,0.248931,-0.960529,0.001906,-0.605053,0.016948
112,911311691,-0.071615,-0.101351,0.247197,-0.960986,0.363578,-0.808064,0.236068
113,911345025,-0.074091,-0.101207,0.245362,-0.961283,0.288971,-0.636473,-0.095981
114,911378359,-0.078789,-0.100061,0.243486,-0.961507,-0.010521,-0.585999,-0.084091
115,911411693,-0.085642,-0.097738,0.240796,-0.961837,-0.004848,-0.821900,0.529655
116,911445027,-0.093605,-0.096006,0.237734,-0.962031,0.288408,-0.203206,0.175464
117,911478361,-0.102971,-0.095214,0.234041,-0.962058,-0.420336,-0.496580,0.012247
118,911511695,-0.114192,-0.093486,0.230261,-0.961874,-0.188105,-0.219478,0.269282
119,911545029,-0.125875,-0.093092,0.227072,-0.961212,0.024809,-0.467219,-0.653015
120,911578363,-0.138434,-0.091697,0.225019,-0.960102,-0.307351,-0.505949,-0.112599
121,911611697,-0.151647,-0.087672,0.225079,-0.958466,-0.324596,-0.676441,1.089778
122,911645031,-0.164343,-0.086719,0.228161,-0.955727,0.181566,-0.648073,0.791778
123,911678365,-0.176864,-0.085213,0.231309,-0.952866,0.099165,-0.855667,0.139194
124,911711699,-0.188598,-0.084850,0.234955,-0.949751,0.080109,-0.139849,-0.488644
125,911745033,-0.200407,-0.080674,0.237615,-0.947031,0.662841,-0.275043,-0.156647
126,911778367,-0.209186,-0.076728,0.239491,-0.944986,-0.463864,-0.458333,1.037251
127,911811701,-0.211978,-0.078163,0.241660,-0.943693,0.200286,-0.700101,0.648533
128,911845035,-0.211199,-0.082289,0.243863,-0.942950,-0.268578,-0.448504,-0.271873
129,911878369,-0.210337,-0.084434,0.244528,-0.942781,0.134341,-0.332079,0.357563
130,911911703,-0.209326,-0.085779,0.244777,-0.942820,-0.067041,-0.049247,-0.326262
131,911945037,-0.207439,-0.087429,0.242997,-0.943545,0.023878,-0.007085,0.174273
132,911978371,-0.204432,-0.087425,0.238725,-0.945291,0.538377,-0.354252,0.308021
133,912011705,-0.198848,-0.088192,0.235309,-0.947265,-0.196775,-0.081775,-0.557029
134,912045039,-0.189951,-0.086630,0.230616,-0.950384,0.997966,-0.528668,0.722676
135,912078373,-0.176168,-0.090086,0.230334,-0.952783,-0.150553,0.668318,0.438206
136,912111707,-0.159828,-0.096758,0.232106,-0.954579,1.161520,-1.813644,1.552203
137,912145041,-0.140335,-0.108875,0.236475,-0.955266,0.862374,-0.600927,0.393856
138,912178375,-0.124964,-0.119302,0.241234,-0.954965,0.048031,0.528077,-0.371078
139,912211709,-0.114833,-0.125824,0.246725,-0.953997,0.212039,0.541929,0.494207
140,912245043,-0.105039,-0.133063,0.251482,-0.952900,1.358852,0.294100,0.631585
141,912278377,-0.095107,-0.146600,0.256272,-0.950678,-1.964727,1.160400,-0.601244
142,912311711,-0.090402,-0.152674,0.258555,-0.949562,0.847283,-0.358037,-0.641845
143,912345045,-0.086512,-0.156442,0.260610,-0.948749,-0.076694,0.523260,0.120720
144,912378379,-0.082351,-0.160594,0.261424,-0.948202,0.252153,0.141532,-0.324048
145,912411713,-0.078350,-0.162704,0.260643,-0.948396,-0.126609,0.542624,0.087696
146,912445047,-0.074734,-0.165359,0.257736,-0.949023,0.355561,0.605060,-0.686987
147,912478381,-0.073985,-0.167124,0.252839,-0.950089,0.369015,0.035724,0.266274
148,912511715,-0.076038,-0.169435,0.248347,-0.950702,-0.626107,0.196617,0.074375
149,912545049,-0.080720,-0.169593,0.244391,-0.951313,1.336588,-0.398075,0.297105
150,912578383,-0.087066,-0.171199,0.240498,-0.951458,-0.088637,-0.096969,-0.041733
151,912611717,-0.094781,-0.170193,0.239695,-0.951104,-0.738474,0.639722,0.307924
152,912645051,-0.101874,-0.168855,0.241838,-0.950066,0.366538,-0.133929,0.540645
153,912678385,-0.106898,-0.170245,0.245727,-0.948266,-0.449689,-0.216406,0.546000
154,912711719,-0.111652,-0.170014,0.250900,-0.946403,-0.287281,0.144031,0.340059
155,912745053,-0.117962,-0.167118,0.255312,-0.944972,-0.362755,0.153314,-0.236913
156,912778387,-0.125723,-0.161465,0.259684,-0.943763,0.267228,0.139344,0.109399
157,912811721,-0.131448,-0.156998,0.263242,-0.942750,0.374376,0.233434,-0.189377
158,912845055,-0.134477,-0.153784,0.264870,-0.942397,0.540465,-0.361382,0.249342
159,912878389,-0.134118,-0.153694,0.266672,-0.941954,-1.429608,1.653147,-0.327360
160,912911723,-0.132004,-0.151956,0.265821,-0.942775,1.776828,-0.682500,0.013793
161,912945057,-0.128085,-0.153813,0.263413,-0.943690,-0.172002,-0.123288,0.234756
162,912978391,-0.124596,-0.155771,0.262141,-0.944190,-0.360900,0.658523,-0.397452
163,913011725,-0.122495,-0.152384,0.259347,-0.945787,0.219022,-1.242682,1.266332
164,913045059,-0.118634,-0.150006,0.257155,-0.947257,-1.261680,1.021547,0.274127
165,913078393,-0.114426,-0.145485,0.254334,-0.949240,1.083465,-1.134691,-0.645370
166,913111727,-0.110134,-0.139969,0.251309,-0.951380,0.063834,-0.341423,0.670922
167,913145061,-0.105921,-0.134725,0.249339,-0.953132,-0.737806,0.417435,1.194786
168,913178395,-0.101820,-0.128651,0.248996,-0.954507,0.363554,0.254217,-0.002894
169,913211729,-0.094665,-0.125136,0.251606,-0.955026,0.092862,0.019473,0.469512
170,913245063,-0.085164,-0.123077,0.255601,-0.955127,0.405516,0.484408,-0.523924
171,913278397,-0.077732,-0.118884,0.260460,-0.954980,0.199892,1.000914,-1.059882
172,913311731,-0.072492,-0.113000,0.264833,-0.954903,0.159163,0.779740,-0.150141
173,913345065,-0.069443,-0.103061,0.269262,-0.955016,-0.854219,-0.090693,-0.420849
174,913378399,-0.066603,-0.091927,0.273689,-0.955096,0.279205,0.121465,0.349893
175,913411733,-0.061242,-0.089048,0.275955,-0.955076,-0.264022,-0.265517,0.730550
176,913445067,-0.055983,-0.086481,0.277268,-0.955254,0.278437,0.223052,0.052775
177,913478401,-0.053621,-0.082777,0.278515,-0.955355,1.266761,-0.576981,0.567999
178,913511735,-0.052755,-0.082638,0.278573,-0.955398,0.328092,-0.494248,-0.793457
179,913545069,-0.054020,-0.081494,0.278634,-0.955408,1.268110,-0.054707,-0.039636
180,913578403,-0.056262,-0.082014,0.278150,-0.955375,-0.394907,0.245568,0.437803
181,913611737,-0.057882,-0.084417,0.274222,-0.956204,1.435636,-1.060411,0.285480
182,913645071,-0.060185,-0.087516,0.269483,-0.957130,-0.366070,-0.054294,1.200296
183,913678405,-0.063021,-0.091938,0.262977,-0.958342,0.225684,-0.363284,-0.755352
184,913711739,-0.068545,-0.093264,0.256900,-0.959482,0.771557,0.102980,0.713384
185,913745073,-0.073873,-0.096710,0.251452,-0.960189,-1.477770,0.159297,0.803312
186,913778407,-0.078687,-0.103466,0.245722,-0.960586,0.856850,-0.664488,-1.049019
187,913811741,-0.086194,-0.110470,0.244033,-0.959591,0.322595,-0.227947,0.148375
188,913845075,-0.096309,-0.113650,0.244504,-0.958137,0.572259,0.078083,1.015895
189,913878409,-0.107075,-0.114063,0.248059,-0.956029,-1.595013,0.782972,0.844398
190,913911743,-0.115782,-0.109553,0.252873,-0.954279,-0.156540,-0.439176,0.305164
191,913945077,-0.120537,-0.105983,0.259331,-0.952358,-0.532943,0.622568,0.066561
192,913978411,-0.121733,-0.103002,0.267457,-0.950284,-0.728017,1.078791,0.476483
193,914011745,-0.119112,-0.103686,0.274554,-0.948516,0.051954,0.697007,-0.072780
194,914045079,-0.119967,-0.102956,0.281857,-0.946343,-0.718057,0.651434,-0.214784
195,914078413,-0.127255,-0.090703,0.288587,-0.944615,0.963645,0.407655,0.011285
196,914111747,-0.138755,-0.076456,0.294220,-0.942516,0.257725,0.471936,-0.131051
197,914145081,-0.146638,-0.068594,0.297062,-0.941035,0.275521,0.453439,-0.341332
198,914178415,-0.150004,-0.066815,0.296419,-0.940835,-1.553379,-0.263770,0.507729
199,914211749,-0.149388,-0.069906,0.294776,-0.941225,-0.463375,0.169285,-0.280924
200,914245083,-0.147681,-0.072271,0.291309,-0.942394,-0.507286,-0.001862,0.275962
201,914278417,-0.145565,-0.074712,0.286794,-0.943917,0.201720,-0.514434,0.163192
202,914311751,-0.142719,-0.076344,0.281193,-0.945904,0.596507,-0.183937,0.353206
203,914345085,-0.139273,-0.077574,0.275156,-0.948090,0.432625,0.055287,0.604811
204,914378419,-0.133763,-0.082023,0.268384,-0.950448,0.467114,0.639039,-1.356524
205,914411753,-0.128431,-0.086085,0.262820,-0.952377,-1.032406,0.592260,-0.226574
206,914445087,-0.120551,-0.093616,0.258630,-0.953842,-0.345051,-0.218957,1.101439
207,914478421,-0.108785,-0.105628,0.256060,-0.954695,-0.095004,-0.405429,0.803374
208,914511755,-0.094902,-0.117886,0.256670,-0.954577,-0.685179,-0.706082,1.475879
209,914545089,-0.082432,-0.126995,0.258509,-0.954071,-0.862660,-0.220117,0.270525
210,914578423,-0.073243,-0.128867,0.260882,-0.953924,0.670074,0.432255,-0.144349
211,914611757,-0.064966,-0.129679,0.261732,-0.954180,1.103610,0.710123,0.205769
212,914645091,-0.056610,-0.132988,0.261339,-0.954365,-0.266769,0.636786,-0.967360
213,914678425,-0.047542,-0.138409,0.259876,-0.954488,-0.521613,0.250343,-0.032573
214,914711759,-0.037784,-0.146420,0.257599,-0.954346,-0.655874,-0.365095,0.864164
215,914745093,-0.030862,-0.149385,0.256408,-0.954457,-0.713095,-0.340112,0.457449
216,914778427,-0.028477,-0.146983,0.255501,-0.955146,0.828020,-0.379644,0.006560
217,914811761,-0.028985,-0.143420,0.254872,-0.955841,0.775590,1.012700,-0.548714
218,914845095,-0.033201,-0.140291,0.251533,-0.957052,0.304625,0.781002,0.089920
219,914878429,-0.039802,-0.138755,0.247056,-0.958189,0.008641,0.349854,-1.391990
220,914911763,-0.048473,-0.133902,0.242577,-0.959624,0.337692,0.157053,0.940993
221,914945097,-0.057568,-0.134557,0.235977,-0.960675,-0.416366,-0.977862,-0.446318
222,914978431,-0.066950,-0.134857,0.229802,-0.961521,0.453703,0.069774,0.769845
223,915011765,-0.076893,-0.136329,0.223003,-0.962171,0.507114,-0.515650,-0.419344
224,915045099,-0.088697,-0.139068,0.216418,-0.962266,0.390900,-1.016211,1.494132
225,915078433,-0.101915,-0.146459,0.209740,-0.961339,1.175196,-1.131691,0.014053
226,915111767,-0.117232,-0.153183,0.207672,-0.958992,0.403201,0.480002,1.209749
227,915145101,-0.132385,-0.159910,0.209356,-0.955549,1.130558,-0.237807,1.127569
228,915178435,-0.148089,-0.160261,0.215111,-0.951900,0.869597,-0.187179,0.981705
229,915211769,-0.163584,-0.161117,0.223480,-0.947280,-0.051365,-0.560899,1.092589
230,915245103,-0.178331,-0.165272,0.233834,-0.941385,-0.571067,-0.174494,-1.017327
231,915278437,-0.192721,-0.163861,0.246430,-0.935565,-1.960685,1.008339,-1.413045
232,915311771,-0.206688,-0.150307,0.259603,-0.931287,-1.508011,0.172551,-0.177526
233,915345105,-0.218275,-0.133095,0.271269,-0.927931,-0.540541,0.993641,0.870915
234,915378439,-0.222338,-0.128840,0.278792,-0.925333,-1.072204,1.234344,0.415048
235,915411773,-0.222939,-0.125357,0.279462,-0.925465,-0.132960,0.071594,1.906373
236,915445107,-0.217845,-0.123466,0.278994,-0.927072,2.092285,3.302052,-1.220546
237,915478441,-0.212927,-0.119672,0.280534,-0.928247,2.802655,2.564031,-1.847681
238,915511775,-0.213934,-0.114631,0.281809,-0.928265,-0.555974,0.581629,-0.382387
239,915545109,-0.218367,-0.104775,0.282755,-0.928110,-2.051675,0.558148,-0.489863
240,915578443,-0.225327,-0.091627,0.282201,-0.928006,0.346818,-1.914917,1.613703
241,915611777,-0.227955,-0.089561,0.277713,-0.928920,-0.376727,-2.990781,-0.019290
242,915645111,-0.233156,-0.078224,0.274120,-0.929719,-1.604425,-0.050232,0.734016
243,915678445,-0.243871,-0.065398,0.270644,-0.928979,-1.155133,0.416242,0.256518
244,915711779,-0.256087,-0.054906,0.268681,-0.926939,-0.605053,1.180226,-1.236121
245,915745113,-0.265268,-0.050014,0.267792,-0.924889,-0.536948,0.875051,0.192433
246,915778447,-0.272482,-0.055249,0.267929,-0.922451,-1.092974,1.058448,-0.516292
247,915811781,-0.281289,-0.057990,0.269954,-0.919042,-0.635272,1.880093,0.782712
248,915845115,-0.289312,-0.061730,0.273522,-0.915246,-1.349406,-0.075303,0.552930
249,915878449,-0.296911,-0.061434,0.280519,-0.910703,-1.097851,-0.049942,1.771022
250,915911783,-0.306377,-0.057018,0.285046,-0.906439,0.750913,0.466106,-1.448185
251,915945117,-0.319113,-0.048959,0.288097,-0.901538,2.191462,1.433211,-1.847842
252,915978451,-0.331378,-0.047070,0.288836,-0.896966,-0.154843,1.032513,0.574597
253,916011785,-0.340775,-0.047514,0.285843,-0.894376,0.880107,-0.363031,0.782142
254,916045119,-0.347037,-0.049305,0.283184,-0.892716,1.622417,0.012913,0.881869
255,916078453,-0.350813,-0.049938,0.279900,-0.892241,0.785345,-1.300517,1.265753
256,916111787,-0.352337,-0.048078,0.277252,-0.892569,1.037977,-0.980712,-0.818399
257,916145121,-0.355130,-0.045015,0.274436,-0.892492,-0.346627,-0.839472,0.354698
258,916178455,-0.358366,-0.040624,0.272007,-0.892152,0.006611,-0.101421,0.760373
259,916211789,-0.361494,-0.036080,0.271280,-0.891307,0.966277,-1.600045,-1.422102
260,916245123,-0.366374,-0.031580,0.271525,-0.889409,-1.422531,-0.534048,1.112387
261,916278457,-0.371316,-0.026850,0.272171,-0.887314,0.611961,-0.197892,-0.278327
262,916311791,-0.377106,-0.025039,0.272268,-0.884892,-0.550757,-0.804787,0.170513
263,916345125,-0.383989,-0.026016,0.272917,-0.881699,-1.042118,-0.431404,0.122276
264,916378459,-0.391112,-0.026059,0.273237,-0.878462,0.190062,-0.829357,0.151654
265,916411793,-0.398978,-0.024489,0.273062,-0.875017,-0.784545,0.868513,0.598162
266,916445127,-0.406504,-0.022336,0.270969,-0.872257,1.331962,0.034918,-1.114158
267,916478461,-0.413405,-0.025657,0.269583,-0.869347,-0.771349,0.474071,-0.181769
268,916511795,-0.419943,-0.027918,0.268189,-0.866570,0.265534,-0.466188,0.877957
269,916545129,-0.425588,-0.025529,0.268504,-0.863788,0.461824,0.109297,1.360101
270,916578463,-0.428316,-0.022330,0.271462,-0.861601,-0.508093,0.116704,1.418376
271,916611797,-0.427596,-0.020404,0.275913,-0.860592,0.056308,-0.201014,-0.787150
272,916645131,-0.426535,-0.020981,0.280086,-0.859756,0.136051,0.096993,-0.125234
273,916678465,-0.426368,-0.023792,0.285573,-0.857958,-0.095435,0.588483,-0.092134
274,916711799,-0.429272,-0.020261,0.289397,-0.855316,-0.154402,-0.664152,0.419282
275,916745133,-0.432695,-0.013895,0.293417,-0.852343,-0.096803,-0.595734,-0.046273
276,916778467,-0.435548,-0.004486,0.296888,-0.849786,-0.073712,-0.510157,0.844868
277,916811801,-0.437514,0.002553,0.298444,-0.848237,0.227413,0.619073,1.045434
278,916845135,-0.436548,0.006522,0.299322,-0.848405,0.154851,0.444227,-0.193029
279,916878469,-0.433975,0.008655,0.298353,-0.850045,-1.084020,0.342568,-1.209463
280,916911803,-0.430371,0.009845,0.295594,-0.852824,0.354068,-0.787333,0.097406
281,916945137,-0.425680,0.010451,0.293181,-0.855998,0.199597,0.249394,0.515425
282,916978471,-0.420394,0.010269,0.290923,-0.859376,0.089935,-0.012882,0.108282
283,917011805,-0.413222,0.005991,0.290433,-0.863054,-0.190868,-0.621377,0.622950
284,917045139,-0.405184,0.004429,0.289753,-0.867093,-0.103321,-0.354464,-0.183009
285,917078473,-0.400391,0.007637,0.288098,-0.869844,-1.547571,0.341428,0.591677
286,917111807,-0.395840,0.018395,0.284442,-0.872964,-1.260242,0.565476,0.362548
287,917145141,-0.391176,0.036487,0.279709,-0.876021,0.164569,0.384135,-0.113270
288,917178475,-0.382752,0.049517,0.275429,-0.880448,0.144839,-0.324247,1.290202
289,917211809,-0.369261,0.049475,0.276781,-0.885772,1.372964,0.506793,0.420030
290,917245143,-0.356536,0.046506,0.280925,-0.889832,-1.466740,0.979941,0.119308
291,917278477,-0.348806,0.057257,0.281899,-0.891958,0.658362,-0.373607,0.771220
292,917311811,-0.345531,0.072192,0.280573,-0.892567,-1.077784,1.866695,-0.215711
293,917345145,-0.343071,0.091969,0.276399,-0.893000,-0.116344,1.010725,-0.980399
294,917378479,-0.339814,0.105230,0.273798,-0.893582,0.823161,0.353755,-1.857303
295,917411813,-0.332049,0.106026,0.275333,-0.895932,-0.095069,0.123177,0.116787
296,917445147,-0.323522,0.101753,0.279136,-0.898367,0.076085,-0.032398,-0.759776
297,917478481,-0.319900,0.098936,0.283075,-0.898746,0.443046,-0.948267,0.779964
298,917511815,-0.320404,0.095611,0.286197,-0.897937,-0.228024,0.010640,0.155676
299,917545149,-0.326047,0.097650,0.287875,-0.895146,0.886349,0.073483,0.233827
300,917578483,-0.333642,0.097003,0.288872,-0.892091,-0.050394,0.230610,0.384212
301,917611817,-0.340877,0.095411,0.288839,-0.889535,-0.605969,0.590585,0.411914
302,917645151,-0.347958,0.093352,0.287430,-0.887466,-0.936457,0.379890,-0.214375
303,917678485,-0.354214,0.089590,0.285113,-0.886125,-0.406649,-0.140582,0.249843
304,917711819,-0.362549,0.086378,0.282630,-0.883865,-0.521415,0.142135,1.157056
305,917745153,-0.372080,0.083716,0.279414,-0.881179,-0.399556,-0.613806,0.351953
306,917778487,-0.383569,0.082266,0.276226,-0.877386,-0.241990,-0.173572,-0.206333
307,917811821,-0.397286,0.079922,0.273476,-0.872346,-1.335560,0.459807,0.008379
308,917845155,-0.408606,0.079060,0.272499,-0.867488,-1.154839,0.620572,1.986684
309,917878489,-0.415651,0.078487,0.273620,-0.863833,-0.507175,-0.019990,0.200018
310,917911823,-0.422682,0.077380,0.275785,-0.859823,-0.419580,0.153374,0.149547
311,917945157,-0.432687,0.078001,0.278533,-0.853884,0.187463,0.282956,-0.276502
312,917978491,-0.446673,0.082251,0.280263,-0.845678,-0.271006,0.439165,-0.450006
313,918011825,-0.461757,0.087925,0.281108,-0.836677,-0.199446,0.252445,0.526649
314,918045159,-0.474249,0.091636,0.282364,-0.828832,-0.187580,1.138626,0.493523
315,918078493,-0.484660,0.095873,0.283074,-0.822060,0.626223,-0.825739,0.630216
316,918111827,-0.492943,0.096161,0.285081,-0.816389,-0.774510,1.115600,0.187123
317,918145161,-0.501335,0.100580,0.286233,-0.810320,0.578214,0.477446,-0.279314
318,918178495,-0.510159,0.103084,0.286437,-0.804404,0.330218,-0.556938,1.036277
319,918211829,-0.518581,0.102193,0.285665,-0.799391,-1.736624,0.947947,-0.162251
320,918245163,-0.527503,0.104554,0.282238,-0.794450,0.513553,0.212642,-0.867070
321,918278497,-0.536077,0.105093,0.279087,-0.789740,0.189056,0.125754,0.723569
322,918311831,-0.544013,0.106387,0.275394,-0.785424,-0.385820,-0.308813,0.636048
323,918345165,-0.552566,0.107962,0.271389,-0.780617,-0.573798,0.345242,-0.043489
324,918378499,-0.563729,0.111269,0.266104,-0.773962,-0.728941,0.779127,-0.698363
325,918411833,-0.574746,0.115639,0.260636,-0.767049,0.405106,-0.516790,1.491505
326,918445167,-0.585685,0.119011,0.253840,-0.760510,0.068178,-0.221514,-1.070241
327,918478501,-0.596114,0.120759,0.250018,-0.753364,-0.200396,1.288080,-0.239512
328,918511835,-0.604334,0.121436,0.247987,-0.747354,-0.060888,-0.608645,0.509496
329,918545169,-0.609078,0.118064,0.253002,-0.742345,-0.928815,3.367229,0.145652
330,918578503,-0.612015,0.118804,0.259996,-0.737378,0.638505,0.587337,2.197681
331,918611837,-0.618175,0.118654,0.265528,-0.730258,-0.155929,0.332771,-0.760553
332,918645171,-0.627979,0.119017,0.268726,-0.720600,-0.154711,0.361277,0.539745
333,918678505,-0.638717,0.121926,0.268961,-0.710518,0.100553,-0.354720,0.720881
334,918711839,-0.649233,0.123796,0.266691,-0.701461,-0.075670,0.061093,-0.353912
335,918745173,-0.657739,0.126590,0.264380,-0.693873,0.676547,0.404050,-0.460969
336,918778507,-0.664912,0.128813,0.263068,-0.687092,0.487319,0.680087,0.280440
337,918811841,-0.672704,0.133298,0.261201,-0.679321,0.380128,0.350880,-0.350054
338,918845175,-0.684141,0.139606,0.258769,-0.667458,0.008576,0.695773,0.322690
339,918878509,-0.697055,0.147182,0.255932,-0.653415,0.226678,-0.141390,-0.253558
340,918911843,-0.710011,0.151499,0.253563,-0.639248,-0.252803,0.221167,-0.164315
341,918945177,-0.721559,0.154290,0.252160,-0.626070,0.338160,0.031039,0.100625
342,918978511,-0.733814,0.154251,0.250745,-0.612251,-0.837943,0.592004,-0.538904
343,919011845,-0.746025,0.154118,0.248833,-0.598145,0.074378,1.209589,0.484748
344,919045179,-0.758173,0.156359,0.244990,-0.583700,-1.859241,-0.759871,-1.897664
345,919078513,-0.769371,0.154168,0.245054,-0.569429,-2.395391,1.493179,3.336326
346,919111847,-0.783987,0.153644,0.239083,-0.551904,-0.475311,0.945163,-0.429863
347,919145181,-0.801058,0.155340,0.231780,-0.529580,0.799656,-0.529542,-1.181479
348,919178515,-0.817500,0.160545,0.228796,-0.503560,1.606414,0.824577,0.588464
349,919211849,-0.830808,0.165524,0.228355,-0.479807,0.047666,1.067510,1.385326
350,919245183,-0.841657,0.170400,0.227166,-0.459319,-0.416765,0.387007,-1.099471
351,919278517,-0.852236,0.173916,0.226376,-0.438407,0.770589,0.836990,0.074846
352,919311851,-0.862638,0.175972,0.223937,-0.418022,-0.244245,0.272217,0.089920
353,919345185,-0.871283,0.177443,0.221267,-0.400527,0.536912,0.979093,-0.365696
354,919378519,-0.877711,0.178792,0.219381,-0.386691,0.010409,0.538456,0.420397
355,919411853,-0.882528,0.178628,0.219104,-0.375805,0.590151,1.002925,-0.861536
356,919445187,-0.887086,0.180839,0.218114,-0.364421,1.601060,0.381152,1.050593
357,919478521,-0.892578,0.184218,0.215241,-0.350772,1.224455,-0.163493,0.529433
358,919511855,-0.898967,0.186690,0.211454,-0.335103,-0.127635,1.052385,-0.282320
359,919545189,-0.904453,0.190265,0.206601,-0.321063,0.700960,-1.058406,0.145564
360,919578523,-0.908965,0.190842,0.203947,-0.309465,0.408222,0.198987,-0.539508
361,919611857,-0.912624,0.190570,0.201764,-0.300154,1.036488,0.770210,0.538033
362,919645191,-0.916032,0.191250,0.197415,-0.292125,0.771721,0.104076,1.582358
363,919678525,-0.918687,0.191007,0.194580,-0.285779,0.878746,0.916362,-0.265244
364,919711859,-0.919119,0.192771,0.198124,-0.280728,1.589500,0.757237,0.273562
365,919745193,-0.919768,0.196267,0.202413,-0.273011,1.453667,0.460881,0.058918
366,919778527,-0.921995,0.201660,0.202457,-0.261288,-0.908690,-0.717022,0.675770
367,919811861,-0.924755,0.207973,0.200393,-0.247829,1.229342,-0.020365,-0.036532
368,919845195,-0.927707,0.214400,0.195726,-0.234700,1.381349,-0.475009,-0.118016
369,919878529,-0.930629,0.219979,0.190303,-0.222092,1.118499,-0.846148,-1.168030
370,919911863,-0.932431,0.225015,0.185460,-0.213415,0.814259,-0.958586,0.347180
371,919945197,-0.933830,0.225715,0.183914,-0.207825,0.613911,0.963141,0.242953
372,919978531,-0.935788,0.225339,0.181008,-0.201892,0.254423,0.490416,1.231812
373,920011865,-0.937837,0.226011,0.177794,-0.194347,0.687556,0.018660,-0.102519
374,920045199,-0.940191,0.226539,0.175475,-0.184204,1.169600,0.088086,-0.004272
375,920078533,-0.942932,0.228583,0.171792,-0.170639,1.006466,0.347486,0.094905
376,920111867,-0.946059,0.231573,0.165816,-0.154438,0.282093,0.452991,0.846523
377,920145201,-0.948659,0.232957,0.162668,-0.138986,0.820911,0.020862,0.543886
378,920178535,-0.950646,0.232986,0.161842,-0.125685,0.242481,-0.486632,0.256508
379,920211869,-0.952466,0.231162,0.162378,-0.114050,0.428394,-0.521008,-0.057476
380,920245203,-0.954453,0.227967,0.162721,-0.102827,0.128633,-0.586603,0.452299
381,920278537,-0.956205,0.225208,0.163066,-0.091454,0.616359,-0.368005,-0.502520
382,920311871,-0.957540,0.223636,0.162833,-0.081181,-0.285659,-0.476759,0.543618
383,920345205,-0.958250,0.224073,0.162013,-0.072802,0.171077,-0.340747,1.517370
384,920378539,-0.957991,0.225805,0.163982,-0.066149,0.106509,-0.254677,0.103822
385,920411873,-0.957272,0.227420,0.168330,-0.059800,0.268686,-0.659443,-1.042515
386,920445207,-0.957363,0.227130,0.170836,-0.051804,0.786747,0.032804,0.555883
387,920478541,-0.957386,0.228541,0.171320,-0.042791,1.276826,-0.384139,0.325633
388,920511875,-0.957246,0.231528,0.169952,-0.034514,0.923449,-0.527309,-0.031827
389,920545209,-0.957071,0.235476,0.166713,-0.027814,0.838679,-0.483422,0.710943
390,920578543,-0.957283,0.237802,0.162976,-0.022330,0.426507,-0.271495,0.131270
391,920611877,-0.957606,0.239273,0.159604,-0.016304,0.425223,-1.261134,-1.184096
392,920645211,-0.958434,0.239261,0.155246,-0.007601,0.109935,-0.290356,-0.238063
393,920678545,-0.959785,0.238315,0.148356,0.003192,0.236387,-0.118265,0.405647
394,920711879,-0.960835,0.235867,0.144986,0.011928,-0.112806,-0.242763,-0.651328
395,920745213,-0.961904,0.232220,0.143206,0.017509,-0.343149,0.144207,0.600262
396,920778547,-0.962656,0.228572,0.143618,0.020585,-0.013812,0.223574,0.702837
397,920811881,-0.963031,0.225159,0.146356,0.021334,-0.352757,-0.079813,0.093383
398,920845215,-0.963651,0.221775,0.147544,0.020576,-0.040689,0.126389,0.728251
399,920878549,-0.964092,0.218799,0.149416,0.018161,0.090409,-0.656457,0.522297
400,920911883,-0.964339,0.216721,0.151185,0.015014,-0.043687,-0.378546,0.277114
401,920945217,-0.963254,0.217091,0.157842,0.010001,1.611476,0.488345,1.260709
402,920978551,-0.961368,0.220728,0.164394,0.005183,0.428042,0.075057,-0.067886
403,921011885,-0.959804,0.225755,0.166749,0.002370,-0.155379,-0.006847,0.198917
404,921045219,-0.959145,0.229438,0.165524,0.000723,-0.185409,-0.742586,-0.084170
405,921078553,-0.959381,0.231266,0.161569,-0.000880,-0.189532,-1.623899,-0.526954
406,921111887,-0.959974,0.231001,0.158359,-0.003461,1.028673,-0.711438,0.049852
407,921145221,-0.959846,0.229704,0.160794,-0.008841,0.935304,-0.167707,0.821321
408,921178555,-0.959644,0.228080,0.163774,-0.015530,0.657571,-0.048020,1.050215
409,921211889,-0.959947,0.227548,0.161989,-0.021996,-0.952314,-0.722987,-0.076155
410,921245223,-0.958398,0.230226,0.166050,-0.029956,-0.101410,-2.131934,-0.618255
411,921278557,-0.957814,0.234401,0.162975,-0.032993,0.045484,-1.706951,0.134788
412,921311891,-0.957851,0.238253,0.157568,-0.030486,0.398941,-0.393703,-0.128129
413,921345225,-0.958099,0.242197,0.150884,-0.024944,-0.207202,-0.351594,-0.299899
414,921378559,-0.958567,0.245243,0.143749,-0.018479,-0.131801,-0.699927,-0.316848
415,921411893,-0.959280,0.246433,0.137598,-0.010966,0.047075,-0.563091,0.599386
416,921445227,-0.959764,0.246027,0.135327,-0.003235,0.128763,-0.362692,-0.303580
417,921478561,-0.959946,0.244945,0.135969,0.004370,-0.190655,-0.244133,0.274627
418,921511895,-0.960270,0.242648,0.137442,0.010702,-0.350937,0.121885,0.739351
419,921545229,-0.960463,0.241094,0.138211,0.016811,0.434373,-0.560233,0.285664
420,921578563,-0.960639,0.239799,0.138195,0.023911,0.139094,-0.164763,0.538876
421,921611897,-0.961031,0.237555,0.138015,0.030650,-0.028646,-0.396414,0.023751
422,921645231,-0.961565,0.235080,0.136755,0.037796,0.190348,-0.551217,-1.094349
423,921678565,-0.961915,0.233662,0.133983,0.046601,0.599830,-1.250736,-0.135382
424,921711899,-0.962262,0.232911,0.128921,0.056425,0.030766,-0.530089,0.477406
425,921745233,-0.961828,0.235917,0.121942,0.066040,-0.048561,0.131015,1.180444
426,921778567,-0.960688,0.239218,0.118834,0.075711,0.511409,0.059693,0.016147
427,921811901,-0.960014,0.240380,0.114146,0.086965,0.558366,-0.630614,-0.678255
428,921845235,-0.959981,0.239495,0.105481,0.099761,0.149458,-0.773438,-0.014102
429,921878569,-0.959792,0.238419,0.096965,0.112046,0.504157,-0.301943,0.780989
430,921911903,-0.959123,0.238427,0.091802,0.121692,0.942589,0.295231,1.379571
431,921945237,-0.957663,0.240956,0.092549,0.127503,1.127469,-0.426316,0.599075
432,921978571,-0.955542,0.246126,0.099069,0.128640,-0.389763,-0.301178,0.969947
433,922011905,-0.953421,0.251159,0.106980,0.128310,0.152706,-0.019603,0.480350
434,922045239,-0.951614,0.255342,0.114989,0.126532,0.429835,-0.728788,-0.830861
435,922078573,-0.950619,0.258163,0.115870,0.127478,-0.135260,-1.217992,-0.184036
436,922111907,-0.950167,0.258827,0.112765,0.132193,-0.186252,-0.858521,-0.288597
437,922145241,-0.949999,0.258290,0.109351,0.137228,-0.068351,-0.461851,-0.071953
438,922178575,-0.950047,0.257199,0.106412,0.141200,0.702151,-0.306823,0.178725
439,922211909,-0.949919,0.256418,0.105817,0.143898,1.015520,-0.169000,0.149117
440,922245243,-0.949617,0.256018,0.108018,0.144968,0.980096,-0.089972,0.441680
441,922278577,-0.949113,0.255772,0.111345,0.146179,0.892381,-0.166852,-0.219425
442,922311911,-0.948366,0.255309,0.114362,0.149470,0.806829,-0.425359,-0.395561
443,922345245,-0.947889,0.252859,0.115618,0.155572,-0.018767,0.074170,0.208692
444,922378579,-0.947114,0.250557,0.117123,0.162723,-0.196555,-0.246259,-0.810500
445,922411913,-0.946472,0.248262,0.115987,0.170599,-0.297181,-0.197672,0.586863
446,922445247,-0.946021,0.245130,0.115777,0.177630,-0.289775,0.145157,0.061831
447,922478581,-0.945670,0.241897,0.116361,0.183454,0.342158,0.195013,0.394578
448,922511915,-0.945655,0.238024,0.115889,0.188815,-0.273526,0.408635,0.272799
449,922545249,-0.945846,0.233947,0.114947,0.193474,-0.396033,0.098512,0.733341
450,922578583,-0.945972,0.230890,0.113868,0.197132,-0.384478,-0.623259,-0.216831
451,922611917,-0.946076,0.229876,0.111723,0.199035,-0.787106,-0.741355,0.518256
452,922645251,-0.946439,0.230516,0.111121,0.196899,-1.062607,0.558489,1.844612
453,922678585,-0.946310,0.233974,0.115538,0.190801,0.095464,0.548221,0.203157
454,922711919,-0.945853,0.239203,0.119688,0.183899,0.826947,-0.591106,-0.256823
455,922745253,-0.946521,0.241121,0.116791,0.179776,0.358330,-0.232435,0.277346
456,922778587,-0.947252,0.241363,0.117016,0.175403,0.351246,-1.465238,-0.900579
457,922811921,-0.948291,0.240203,0.115137,0.172601,0.471169,-1.754821,-0.818582
458,922845255,-0.949345,0.238597,0.113162,0.170322,0.162127,-1.236328,-0.304029
459,922878589,-0.950097,0.237896,0.112189,0.167739,0.136859,-1.032836,0.611552
460,922911923,-0.950436,0.238004,0.111868,0.165869,0.343438,-0.897363,0.830558
461,922945257,-0.949999,0.240175,0.112497,0.164814,-0.056547,-0.355093,-0.296734
462,922978591,-0.949544,0.242831,0.111841,0.163984,-0.087086,-0.241063,0.897862
463,923011925,-0.948932,0.244859,0.113221,0.163568,-0.592295,-0.574522,0.480585
464,923045259,-0.948573,0.245371,0.115382,0.163371,-0.637529,-0.594491,-0.478453
465,923078593,-0.948738,0.244631,0.117023,0.162354,-0.445944,-0.513642,-0.232221
466,923111927,-0.949335,0.242438,0.119918,0.160022,-0.555909,0.011940,-0.375381
467,923145261,-0.949823,0.239936,0.123646,0.158047,0.287268,-0.074091,-0.432399
468,923178595,-0.950198,0.237498,0.125098,0.158333,0.438465,0.367842,-0.052979
469,923211929,-0.950733,0.234086,0.125152,0.160153,-0.268037,0.602223,0.616696
470,923245263,-0.951080,0.230665,0.125477,0.162779,-0.212965,-0.110971,0.112352
471,923278597,-0.951245,0.227292,0.125323,0.166631,-0.018666,-0.121987,-0.113877
472,923311931,-0.951489,0.223105,0.125583,0.170657,-0.185673,0.450741,0.529613
473,923345265,-0.951634,0.219279,0.126798,0.173875,-0.496418,0.065155,-0.094901
474,923378599,-0.951632,0.215499,0.128706,0.177181,-0.301958,-0.419376,0.531253
475,923411933,-0.951427,0.211978,0.131613,0.180361,0.110389,-1.005533,-0.038371
476,923445267,-0.951267,0.210305,0.131237,0.183417,-0.627432,-0.654444,-0.005173
477,923478601,-0.950714,0.210735,0.128757,0.187498,0.397897,0.365908,1.166718
478,923511935,-0.949594,0.215911,0.126004,0.189151,0.001754,-0.351297,1.259962
479,923545269,-0.947907,0.224991,0.123720,0.188534,0.133542,-0.989895,0.379579
480,923578603,-0.946406,0.233264,0.121370,0.187545,0.327983,-0.460960,-0.549770
481,923611937,-0.944734,0.240584,0.116041,0.190084,0.302882,-0.201384,-0.326001
482,923645271,-0.943296,0.245735,0.110177,0.194084,-0.350735,-0.170399,-0.124552
483,923678605,-0.941826,0.250053,0.104985,0.198535,-0.245224,-0.241629,-0.033073
484,923711939,-0.940487,0.254514,0.103261,0.200114,-0.636445,-0.542331,-0.202349
485,923745273,-0.939221,0.260497,0.101618,0.199199,-0.771132,-1.005234,0.026801
486,923778607,-0.938260,0.266282,0.099394,0.197189,-0.758825,0.825858,1.301585
487,923811941,-0.937781,0.270965,0.098826,0.193335,-0.002993,-0.092455,-0.245199
488,923845275,-0.936964,0.276077,0.097905,0.190512,-0.763401,-0.882933,-0.546575
489,923878609,-0.936447,0.279744,0.095906,0.188713,-0.979834,0.909295,0.265641
490,923911943,-0.936811,0.281400,0.094496,0.185123,0.618742,-1.011104,0.154873
491,923945277,-0.937614,0.281967,0.092930,0.180939,-0.088196,-0.312311,-0.514570
492,923978611,-0.938941,0.280534,0.091208,0.177123,-0.006789,-0.208662,0.348456
493,924011945,-0.940485,0.277671,0.092464,0.172734,0.449607,-0.354618,0.019267
494,924045279,-0.941981,0.274362,0.095676,0.168060,0.714053,-1.122498,-0.218763
495,924078613,-0.943537,0.270571,0.097612,0.164324,0.326503,-0.657937,-0.099647
496,924111947,-0.945066,0.265982,0.099116,0.162111,-0.055453,0.035375,0.796323
497,924145281,-0.946319,0.260673,0.103656,0.160580,-0.552388,-0.428775,0.500358
498,924178615,-0.946952,0.257176,0.109153,0.158834,0.261716,-2.036773,-0.320558
499,924211949,-0.947032,0.255658,0.113684,0.157623,0.702306,-0.348579,1.003437
500,924245283,-0.945921,0.259287,0.120080,0.153572,0.494639,0.121750,1.169355
501,924278617,-0.943787,0.268280,0.123436,0.148510,0.012617,0.496100,1.348224
502,924311951,-0.941728,0.277352,0.123028,0.145221,-1.034274,-0.506330,-0.612729
503,924345285,-0.940689,0.283455,0.115506,0.146344,0.214823,-2.139307,-1.085770
504,924378619,-0.940576,0.286409,0.106210,0.148346,-0.454957,-1.371946,-0.409250
505,924411953,-0.941049,0.287350,0.099988,0.147849,1.095587,-1.188086,-0.364779
506,924445287,-0.941983,0.287149,0.097266,0.144063,0.716410,-0.565878,0.467426
507,924478621,-0.943095,0.285933,0.100236,0.136997,0.752942,0.100696,0.892314
508,924511955,-0.944175,0.284881,0.105477,0.127480,-0.465439,-0.453104,-0.137638
509,924545289,-0.945445,0.282650,0.110539,0.118424,-0.547034,-0.042434,0.314928
510,924578623,-0.946325,0.280204,0.116460,0.111325,-0.235047,-0.033612,0.590020
511,924611957,-0.946560,0.277789,0.124090,0.107051,0.000559,-0.060274,0.026812
512,924645291,-0.946856,0.275083,0.127274,0.107678,-0.919984,-0.151725,-0.348512
513,924678625,-0.947335,0.271311,0.128119,0.111952,0.356436,-0.188794,-0.223321
514,924711959,-0.947861,0.267573,0.126739,0.117911,-0.020464,-1.049366,0.060328
515,924745293,-0.948665,0.262565,0.127241,0.122083,-1.253016,-0.386304,-0.363325
516,924778627,-0.950040,0.255480,0.128378,0.125193,0.462218,-0.062230,0.354480
517,924811961,-0.951457,0.247847,0.128985,0.129097,-0.065345,-0.711877,0.164268
518,924845295,-0.952596,0.239205,0.132109,0.133754,0.038759,0.172170,0.710339
519,924878629,-0.953193,0.231415,0.135933,0.139261,0.428411,0.031727,-0.300243
520,924911963,-0.952973,0.225639,0.139709,0.146326,0.340535,0.731315,0.151877
521,924945297,-0.951987,0.221998,0.144228,0.153743,0.146800,0.925672,0.965745
522,924978631,-0.949970,0.222440,0.148052,0.161740,-0.459805,-0.902843,0.449429
523,925011965,-0.946818,0.227063,0.149778,0.171886,-0.003253,-0.098322,0.084143
524,925045299,-0.943549,0.233174,0.146563,0.184027,-0.556695,0.322920,0.798368
525,925078633,-0.939967,0.238567,0.142989,0.197746,-0.043510,-0.776993,-0.467911
526,925111967,-0.936684,0.241709,0.138350,0.212276,0.209459,-0.748384,-0.555774
527,925145301,-0.933958,0.243776,0.128869,0.227351,-0.166406,-0.435357,-0.242754
528,925178635,-0.931186,0.246077,0.119020,0.241191,0.517981,-0.319851,0.316822
529,925211969,-0.928944,0.247910,0.109604,0.252172,0.144112,0.589017,1.197259
530,925245303,-0.926976,0.251865,0.105089,0.257367,0.347349,-0.686736,-0.077362
531,925278637,-0.926230,0.255766,0.100549,0.258018,0.082067,-0.423268,-0.742761
532,925311971,-0.926555,0.258129,0.092835,0.257386,-0.373919,0.273633,0.501083
533,925345305,-0.927255,0.258275,0.085436,0.257282,-0.015851,-0.396503,0.720115
534,925378639,-0.927930,0.257837,0.086551,0.254905,-0.508182,-0.334398,-0.137017
535,925411973,-0.928965,0.255271,0.089228,0.252783,0.458920,-0.092122,-0.460132
536,925445307,-0.930434,0.251511,0.090906,0.250542,0.119830,-0.354488,-0.366907
537,925478641,-0.932188,0.246718,0.092076,0.248349,0.260418,-0.254213,0.316083
538,925511975,-0.933644,0.242895,0.094164,0.245855,0.116920,-0.165796,0.587457
539,925545309,-0.934864,0.239490,0.095211,0.244149,-0.144720,0.219912,0.494544
540,925578643,-0.935729,0.236994,0.096390,0.242805,0.073745,-0.315816,-0.131470
541,925611977,-0.936600,0.234403,0.097847,0.241376,-0.058854,-0.503889,-0.111819
542,925645311,-0.937340,0.232249,0.099377,0.239959,0.446023,-0.360915,-0.283903
543,925678645,-0.938193,0.231882,0.101428,0.236090,-0.137071,-0.306657,0.800391
544,925711979,-0.938418,0.234885,0.105923,0.230178,0.451470,-0.630460,1.007309
545,925745313,-0.937666,0.241416,0.110554,0.224231,0.010677,-0.327530,0.517871
546,925778647,-0.935986,0.250040,0.114203,0.219929,-0.528782,-0.449662,-0.268871
547,925811981,-0.934968,0.254886,0.111985,0.219835,-1.014931,0.272386,0.044497
548,925845315,-0.934573,0.256959,0.104557,0.222740,-0.570762,-1.201002,-0.274071
549,925878649,-0.934362,0.257827,0.097099,0.225977,0.322643,-1.391000,-0.680089
550,925911983,-0.934730,0.258303,0.091928,0.226073,0.036464,-0.267774,0.176867
551,925945317,-0.935776,0.258482,0.091423,0.221706,0.585949,-0.166100,1.055120
552,925978651,-0.937136,0.258695,0.095879,0.213686,0.781523,-0.362112,0.140620
553,926011985,-0.938713,0.257971,0.101978,0.204624,0.557351,-0.394251,-0.117116
554,926045319,-0.940182,0.256683,0.107303,0.196617,-0.059107,-0.512620,-0.390859
555,926078653,-0.941221,0.255031,0.112162,0.191005,0.181899,-0.436871,-0.061473
556,926111987,-0.941841,0.253452,0.117217,0.186975,-0.908665,-0.272786,-0.012600
557,926145321,-0.942059,0.251774,0.121142,0.185634,-0.610353,0.097941,-0.127690
558,926178655,-0.941823,0.249479,0.123532,0.188335,0.600008,0.587722,0.824689
559,926211989,-0.941416,0.247318,0.124189,0.192737,-0.518206,-0.283806,0.314306
560,926245323,-0.941071,0.244698,0.124407,0.197563,-0.709624,-0.453116,-0.129409
561,926278657,-0.940921,0.241234,0.124147,0.202637,0.067367,-0.376854,0.369176
562,926311991,-0.940847,0.237466,0.125072,0.206823,0.560532,-0.458773,0.003448
563,926345325,-0.940850,0.233140,0.126520,0.210810,-0.126917,0.492732,-0.422442
564,926378659,-0.941003,0.227875,0.127784,0.215079,0.001484,0.403501,0.621932
565,926411993,-0.940643,0.222225,0.131479,0.220276,0.553299,0.167047,0.066482
566,926445327,-0.939670,0.217689,0.134735,0.226889,-0.461048,-0.473003,0.116699
567,926478661,-0.937755,0.215468,0.137085,0.235369,0.382182,0.190910,0.245954
568,926511995,-0.935101,0.216946,0.135869,0.245072,-0.007356,0.782700,1.237645
569,926545329,-0.931294,0.224885,0.132690,0.253994,-0.296061,-0.114769,1.068156
570,926578663,-0.926934,0.234506,0.131702,0.261642,-0.100026,0.448316,0.473934
571,926611997,-0.922666,0.242382,0.130266,0.270130,0.496140,-0.883124,-0.370589
572,926645331,-0.918332,0.248912,0.127697,0.280008,-0.353188,-1.269073,-0.539667
573,926678665,-0.914597,0.253049,0.122781,0.290523,-0.967293,0.146048,-0.135428
574,926711999,-0.911148,0.257269,0.117282,0.299779,0.482054,-0.360947,0.927803
575,926745333,-0.908182,0.262906,0.114388,0.304963,0.203300,-0.480474,-0.079960
576,926778667,-0.905761,0.269284,0.112616,0.307250,0.770348,-0.610566,-1.377163
577,926812001,-0.903653,0.276270,0.107833,0.308964,1.122308,-0.267651,1.228729
578,926845335,-0.901689,0.282504,0.104763,0.310119,-0.283632,0.442413,0.777943
579,926878669,-0.899854,0.287588,0.103673,0.311141,-0.352956,-0.957788,-0.756577
580,926912003,-0.898351,0.289831,0.098406,0.315087,-0.283990,-0.588621,0.131880
581,926945337,-0.897732,0.290336,0.094177,0.317670,-1.095564,0.397187,0.090405
582,926978671,-0.897772,0.289895,0.092884,0.318337,-0.231363,-0.727125,-0.119007
583,927012005,-0.898760,0.287741,0.091932,0.317781,-0.287124,0.039666,0.844003
584,927045339,-0.899667,0.286271,0.094099,0.315902,0.195492,-1.084919,-0.298189
585,927078673,-0.900476,0.283878,0.096229,0.315112,0.076427,0.096336,0.235833
586,927112007,-0.900745,0.280602,0.099102,0.316388,0.110680,0.082022,0.310091
587,927145341,-0.900090,0.279247,0.101970,0.318531,-0.739888,-1.164568,-0.770849
588,927178675,-0.898430,0.277402,0.099447,0.325549,0.137234,0.615726,1.177876
589,927212009,-0.895637,0.277662,0.099086,0.333048,1.118578,-0.433748,1.037722
590,927245343,-0.892113,0.280750,0.098419,0.340041,-0.409890,-0.728608,0.219449
591,927278677,-0.887824,0.285704,0.094016,0.348285,-0.219610,-0.880750,0.593102
592,927312011,-0.883016,0.291607,0.086599,0.357421,-0.163032,-0.508582,1.196173
593,927345345,-0.878929,0.296926,0.079254,0.364743,-0.027053,-0.199380,1.051450
594,927378679,-0.875325,0.302785,0.074532,0.369558,-0.101385,-1.319552,-0.461454
595,927412013,-0.872774,0.306855,0.068143,0.373447,-0.432453,-1.022634,-1.215692
596,927445347,-0.871345,0.307860,0.057782,0.377680,0.308666,-2.039154,-0.850542
597,927478681,-0.870506,0.307982,0.048789,0.380771,-0.599688,-1.341144,-1.485176
598,927512015,-0.870290,0.307583,0.041582,0.382440,-0.459742,-1.337501,-0.647963
599,927545349,-0.870606,0.305787,0.034314,0.383879,0.220071,-0.770337,0.829292
600,927578683,-0.870986,0.305845,0.034318,0.382968,-0.590544,0.188509,0.472979
601,927612017,-0.871083,0.307296,0.036024,0.381427,-0.588005,-0.137899,0.236094
602,927645351,-0.870377,0.308715,0.036472,0.381851,-0.468999,-0.193963,0.603896
603,927678685,-0.868819,0.309583,0.036262,0.384704,-0.958828,-0.150750,-0.039199
604,927712019,-0.866506,0.309497,0.035257,0.390048,-0.431718,-0.316434,0.526864
605,927745353,-0.864438,0.307795,0.035429,0.395922,-0.810944,-0.098456,0.240063
606,927778687,-0.862733,0.305308,0.038020,0.401290,-0.465517,-0.381867,-0.029948
607,927812021,-0.860866,0.302408,0.040495,0.407210,-0.438105,-0.380953,-0.003887
608,927845355,-0.858031,0.299567,0.042852,0.414979,-0.475457,-0.106644,-0.013631
609,927878689,-0.853315,0.296713,0.043630,0.426512,-0.242890,0.018069,0.484909
610,927912023,-0.846600,0.293614,0.043099,0.441817,-0.344403,-0.122574,0.130280
611,927945357,-0.837833,0.290362,0.039941,0.460576,-0.525402,-0.140569,0.074355
612,927978691,-0.827671,0.286963,0.035725,0.480975,-0.757093,0.352621,0.326409
613,928012025,-0.817421,0.283046,0.031670,0.500704,-0.693245,0.452112,0.390862
614,928045359,-0.807328,0.279132,0.026694,0.519225,-0.414966,0.091471,0.462266
615,928078693,-0.797126,0.277081,0.022678,0.536005,-0.702724,0.524301,0.437730
616,928112027,-0.787312,0.275876,0.018472,0.551083,-0.371209,0.386052,0.430836
617,928145361,-0.778244,0.276455,0.014974,0.563635,0.241604,0.306192,0.688181
618,928178695,-0.770059,0.278110,0.011131,0.574056,0.050111,0.373563,0.495481
619,928212029,-0.762618,0.281219,0.007646,0.582471,0.050282,0.123283,0.504865
620,928245363,-0.755069,0.284973,0.005054,0.590454,0.384298,-0.041201,-0.213760
621,928278697,-0.746630,0.286477,-0.000040,0.600396,0.958529,-0.579610,-0.725319
622,928312031,-0.737235,0.285392,-0.007901,0.612352,1.078863,-0.676797,-0.061785
623,928345365,-0.727578,0.284163,-0.014815,0.624230,1.197829,-0.786351,0.224894
624,928378699,-0.718028,0.283879,-0.020701,0.635153,1.329823,-1.207622,0.745527
625,928412033,-0.709118,0.284836,-0.026293,0.644460,0.682314,-0.747985,0.554434
626,928445367,-0.701033,0.286665,-0.030508,0.652262,0.668394,-0.113154,0.465576
627,928478701,-0.694326,0.287914,-0.033861,0.658689,0.339049,0.585304,-0.365726
628,928512035,-0.689635,0.286893,-0.037329,0.663854,-0.351223,1.317109,-0.911175
629,928545369,-0.687298,0.283548,-0.040645,0.667511,-0.389565,1.157976,-0.425912
630,928578703,-0.686939,0.280622,-0.041072,0.669088,-0.167980,0.543771,0.181061
631,928612037,-0.688187,0.278865,-0.039508,0.668635,0.007597,0.958986,-0.038115
632,928645371,-0.689602,0.277260,-0.038098,0.667926,0.333068,1.125502,0.459227
633,928678705,-0.690069,0.276457,-0.036576,0.667861,0.574080,0.171088,0.850659
634,928712039,-0.689654,0.275885,-0.036734,0.668518,0.373885,0.505037,0.812225
635,928745373,-0.688885,0.275347,-0.037026,0.669516,-0.010989,0.562491,0.309533
636,928778707,-0.687329,0.275587,-0.035832,0.671079,0.752174,0.378417,-0.118100
637,928812041,-0.685218,0.276011,-0.035122,0.673098,0.084437,0.015440,-0.039013
638,928845375,-0.682137,0.275771,-0.035967,0.676274,-0.478545,-0.836121,0.654423
639,928878709,-0.677363,0.275456,-0.035969,0.681183,0.047437,-0.485714,-0.248468
640,928912043,-0.671142,0.277248,-0.038769,0.686440,0.397726,-0.794232,0.065150
641,928945377,-0.663913,0.280441,-0.048870,0.691509,0.725511,-0.579228,1.580608
642,928978711,-0.656238,0.285161,-0.058939,0.696105,0.813414,0.485100,0.333003
643,929012045,-0.648855,0.289849,-0.067320,0.700317,-0.067843,-0.079042,-1.011146
644,929045379,-0.641406,0.283992,-0.084034,0.707732,-0.464149,-2.284979,-2.043287
645,929078713,-0.631061,0.268386,-0.113768,0.718880,-1.385199,-0.867435,-0.772779
646,929112047,-0.623548,0.262832,-0.130660,0.724594,-0.605397,-0.770428,1.079600
647,929145381,-0.619984,0.263058,-0.138713,0.726071,0.793999,-0.521747,1.896684
648,929178715,-0.617830,0.264557,-0.144380,0.726258,0.300110,-0.351425,0.308006
649,929212049,-0.613583,0.265015,-0.151234,0.728294,-0.369115,0.500805,-0.058020
650,929245383,-0.607868,0.264519,-0.157213,0.731992,-0.302071,0.125749,-0.045752
651,929278717,-0.601518,0.263941,-0.161731,0.736448,-0.048486,0.424193,0.003546
652,929312051,-0.594534,0.262120,-0.165796,0.741846,0.343345,0.346805,-0.066554
653,929345385,-0.587675,0.260067,-0.167975,0.747521,0.129269,0.507479,0.244987
654,929378719,-0.579709,0.257495,-0.169805,0.754189,-0.020913,0.714475,-0.386679
655,929412053,-0.569483,0.253889,-0.171484,0.762774,0.551390,0.732631,0.159867
656,929445387,-0.556835,0.249418,-0.174453,0.772847,0.281718,-0.125911,1.834958
657,929478721,-0.541720,0.243524,-0.178662,0.784421,0.494597,0.161645,0.278206
658,929512055,-0.524062,0.235701,-0.185240,0.797177,0.050587,-0.717629,-0.416683
659,929545389,-0.504918,0.225799,-0.192401,0.810589,-0.368501,-0.813828,0.257121
660,929578723,-0.485576,0.216716,-0.197626,0.823526,-0.821925,-1.388161,0.273667
661,929612057,-0.466438,0.209425,-0.201552,0.835436,-0.903366,-0.987850,-0.255339
662,929645391,-0.447806,0.205665,-0.206876,0.845207,-0.708214,-1.528781,0.121025
663,929678725,-0.430194,0.203568,-0.210798,0.853849,0.236699,-0.529131,-0.260820
664,929712059,-0.409477,0.200032,-0.214209,0.863962,-0.516515,-0.666103,-1.081371
665,929745393,-0.388045,0.198124,-0.216403,0.873692,0.082456,-0.723348,1.403191
666,929778727,-0.371265,0.198582,-0.216699,0.880778,-0.058683,-0.796508,0.451738
667,929812061,-0.359667,0.198900,-0.216654,0.885517,0.079763,0.086492,-0.085111
668,929845395,-0.351830,0.199663,-0.216021,0.888643,0.645336,0.497049,0.208819
669,929878729,-0.344141,0.199129,-0.216639,0.891618,0.986609,0.060253,0.235095
670,929912063,-0.335138,0.196210,-0.218771,0.895167,1.050301,-0.414995,0.581814
671,929945397,-0.325583,0.190818,-0.221711,0.899127,1.005406,-0.239136,0.468459
672,929978731,-0.317127,0.186127,-0.222989,0.902809,0.518905,-0.488406,-0.085315
673,930012065,-0.309471,0.181152,-0.224323,0.906141,0.064269,-0.802615,0.236983
674,930045399,-0.302703,0.177646,-0.225344,0.908864,0.105032,-0.855759,0.088195
675,930078733,-0.295848,0.174668,-0.226443,0.911422,-0.332785,-0.919168,-0.148044
676,930112067,-0.287642,0.169827,-0.228821,0.914364,-0.618113,-0.885308,0.048624
677,930145401,-0.277920,0.165195,-0.229837,0.917958,0.045056,-1.025668,-0.314012
678,930178735,-0.266271,0.162215,-0.228817,0.922187,0.000589,-0.862621,0.444457
679,930212069,-0.254107,0.161157,-0.226215,0.926437,-0.086793,-0.232387,-0.242569
680,930245403,-0.241877,0.163212,-0.223444,0.930016,-1.227322,-0.984541,-0.515702
681,930278737,-0.232028,0.168349,-0.221531,0.932065,-0.789326,-0.677375,2.322074
682,930312071,-0.225649,0.178340,-0.220684,0.931975,-1.300664,-1.119428,2.560034
683,930345405,-0.218502,0.178926,-0.224506,0.932652,-0.372540,-0.137223,0.295184
684,930378739,-0.207013,0.169381,-0.231932,0.935235,0.053880,0.104073,-1.328940
685,930412073,-0.192395,0.156724,-0.240145,0.938484,-0.386217,-0.327664,-0.323556
686,930445407,-0.180876,0.148544,-0.246243,0.940523,-0.262337,0.288738,-1.112387
687,930478741,-0.172221,0.140646,-0.253903,0.941325,-1.902265,-0.197125,-0.838660
688,930512075,-0.163817,0.130882,-0.265760,0.940960,-0.949879,-0.163030,0.576735
689,930545409,-0.155045,0.122571,-0.277433,0.940196,0.163913,-0.315901,-0.111923
690,930578743,-0.142986,0.108520,-0.291390,0.939612,1.500818,0.206285,-0.003341
691,930612077,-0.127564,0.089812,-0.305198,0.939423,0.091751,-0.578628,0.664559
692,930645411,-0.111902,0.069561,-0.316546,0.939382,0.121362,-0.014223,0.929580
693,930678745,-0.099369,0.053973,-0.323355,0.939497,-0.341829,-0.195166,-0.061318
694,930712079,-0.092160,0.042489,-0.327529,0.939376,-0.755030,-0.049552,0.340553
695,930745413,-0.090800,0.038342,-0.327577,0.939669,-0.085764,-0.144796,-0.485472
696,930778747,-0.092520,0.038545,-0.325971,0.940052,-0.611263,-0.284551,-0.322810
697,930812081,-0.092403,0.037808,-0.323869,0.940820,-0.333889,-1.086021,-0.184150
698,930845415,-0.088529,0.031884,-0.321931,0.942076,0.226008,-0.467066,0.345465
699,930878749,-0.081174,0.022363,-0.320635,0.943453,0.684420,-0.070317,-0.262129
700,930912083,-0.070192,0.013158,-0.318562,0.945208,-0.671875,-0.693181,0.272732
701,930945417,-0.058437,0.005374,-0.316753,0.946691,-0.166255,0.195506,0.303590
702,930978751,-0.045997,-0.000308,-0.314962,0.947989,-0.420773,-0.353867,0.035048
703,931012085,-0.033469,-0.003535,-0.313094,0.949126,-0.038905,-0.052641,0.547863
704,931045419,-0.020305,-0.003027,-0.309650,0.950629,-0.323110,-0.428380,-0.828705
705,931078753,-0.004528,-0.002407,-0.307498,0.951535,-0.659404,0.030909,0.295982
706,931112087,0.012019,-0.000566,-0.306088,0.951928,-0.888738,-0.304157,-0.016204
707,931145421,0.026001,0.002748,-0.305339,0.951885,-1.810388,-0.068515,0.474445
708,931178755,0.036867,0.008339,-0.303214,0.952173,1.009059,1.032897,0.104163
709,931212089,0.047894,0.019853,-0.300264,0.952446,-0.757304,0.570712,-0.614164
710,931245423,0.059778,0.032362,-0.297776,0.952213,-0.332677,0.395229,-0.252367
711,931278757,0.070662,0.044096,-0.295700,0.951643,-1.730565,-0.125991,0.229712
712,931312091,0.082989,0.050300,-0.294293,0.950776,-2.594055,-0.746507,0.883512
713,931345425,0.095233,0.052182,-0.296202,0.948933,-0.592836,0.558929,-0.276354
714,931378759,0.109981,0.051039,-0.298265,0.946751,-0.279829,-0.591050,1.200620
715,931412093,0.123971,0.051841,-0.300792,0.944176,0.516293,-0.333438,0.155673
716,931445427,0.136300,0.053080,-0.301928,0.942043,-0.317403,-0.166484,0.312137
717,931478761,0.145558,0.056906,-0.303358,0.939973,-0.579622,1.060877,-0.335354
718,931512095,0.150103,0.064654,-0.302447,0.939050,0.439523,0.808146,-0.475009
719,931545429,0.148646,0.077429,-0.299379,0.939299,-1.486282,0.941916,-0.025305
720,931578763,0.145768,0.083418,-0.294876,0.940660,1.290946,-0.380788,0.568026
721,931612097,0.138569,0.089105,-0.288447,0.943217,-2.232431,0.266089,0.966131
722,931645431,0.128644,0.093836,-0.281893,0.946141,0.563528,-0.290229,-0.481200
723,931678765,0.120613,0.096538,-0.276105,0.948630,0.672750,0.038063,-0.857598
724,931712099,0.117709,0.096808,-0.272240,0.950084,1.047786,-0.657758,0.826637
725,931745433,0.120210,0.095533,-0.269653,0.950637,1.218919,-0.012058,0.250800
726,931778767,0.123748,0.093377,-0.269338,0.950487,0.124041,0.328293,0.046292
727,931812101,0.125550,0.091577,-0.266820,0.951135,-0.706273,-1.057031,0.810950
728,931845435,0.123000,0.093009,-0.263802,0.952171,-0.407266,0.619296,0.368408
729,931878769,0.118555,0.094897,-0.261141,0.953281,0.110657,0.511237,-0.817761
730,931912103,0.114175,0.096378,-0.259569,0.954097,-0.627414,-0.433852,0.610188
731,931945437,0.109950,0.097509,-0.260456,0.954236,0.304309,-0.109113,1.182674
732,931978771,0.106163,0.097134,-0.263754,0.953797,0.169753,0.061675,0.289218
733,932012105,0.102473,0.096431,-0.268488,0.952951,0.361475,1.537854,-0.910383
734,932045439,0.099383,0.093869,-0.271812,0.952591,0.240175,0.386341,0.422596
735,932078773,0.094020,0.094683,-0.274221,0.952365,0.117224,0.695129,-0.686795
736,932112107,0.087941,0.096840,-0.275319,0.952412,0.147217,0.769972,0.397219
737,932145441,0.081682,0.101532,-0.275603,0.952399,0.014901,0.748592,0.612136
738,932178775,0.075418,0.106035,-0.276030,0.952301,-0.622466,1.061733,-0.593357
739,932212109,0.070773,0.107492,-0.274958,0.952804,0.685000,-0.176123,0.019149
740,932245443,0.065702,0.109879,-0.273175,0.953408,0.572684,1.220709,-0.392786
741,932278777,0.062518,0.109940,-0.269982,0.954524,0.422176,-0.180583,-0.167516
742,932312111,0.059626,0.110695,-0.266804,0.955514,-0.272402,0.588072,0.151485
743,932345445,0.057916,0.110110,-0.262857,0.956780,0.138386,0.552515,0.285465
744,932378779,0.057963,0.108262,-0.258636,0.958138,-0.005471,0.183224,-0.509511
745,932412113,0.059086,0.106380,-0.254343,0.959428,-0.277719,-0.431074,0.164062
746,932445447,0.059454,0.105491,-0.252054,0.960107,0.177261,0.258039,0.761619
747,932478781,0.060853,0.105314,-0.247289,0.961278,1.445297,-1.185503,-0.201067
748,932512115,0.063651,0.102612,-0.243983,0.962233,0.582704,-0.694083,0.415474
749,932545449,0.066516,0.101621,-0.240772,0.962953,1.098993,0.564683,0.172898
750,932578783,0.072801,0.098977,-0.240425,0.962860,0.030702,-0.080003,0.361190
751,932612117,0.078270,0.094289,-0.244154,0.961963,-2.591379,0.266989,1.053993
752,932645451,0.079115,0.093792,-0.249952,0.960452,0.238567,0.558141,0.998326
753,932678785,0.079740,0.092175,-0.254485,0.959366,0.693733,1.285991,0.379071
754,932712119,0.084320,0.087220,-0.258739,0.958299,-0.759971,0.993611,0.225344
755,932745453,0.090683,0.079449,-0.262355,0.957411,-0.818683,-0.157196,-0.841895
756,932778787,0.094505,0.073301,-0.265422,0.956686,-0.414075,0.659298,0.669321
757,932812121,0.094733,0.071516,-0.267980,0.956085,0.170887,1.122571,0.154730
758,932845455,0.094064,0.070026,-0.271731,0.955202,0.086840,0.374481,0.585602
759,932878789,0.093319,0.068671,-0.273721,0.954805,-0.102247,-0.576650,-0.914438
760,932912123,0.093123,0.066374,-0.275051,0.954605,0.635907,0.713238,0.689557
761,932945457,0.093518,0.064665,-0.274905,0.954725,0.307731,0.487632,-0.776879
762,932978791,0.093039,0.064165,-0.272071,0.955617,0.015899,-0.371240,-0.609265
763,933012125,0.090338,0.065249,-0.268334,0.956859,-0.035527,0.049364,-0.300290
764,933045459,0.086676,0.065230,-0.264151,0.958362,0.227554,0.257091,0.130809
765,933078793,0.081844,0.065055,-0.258124,0.960438,-0.060825,-0.077577,0.453883
766,933112127,0.074946,0.065189,-0.251508,0.962745,-0.638321,-0.546139,0.227755
767,933145461,0.067059,0.062340,-0.246524,0.964802,0.481330,0.641556,0.254883
768,933178795,0.058422,0.061131,-0.243027,0.966327,-0.808397,-0.122634,0.367469
769,933212129,0.048768,0.063246,-0.243435,0.966624,-0.707416,0.704219,1.175139
770,933245463,0.042262,0.067593,-0.246488,0.965862,-0.128534,-0.126541,0.976027
771,933278797,0.040984,0.066696,-0.251837,0.964599,0.166228,0.138963,-0.231877
772,933312131,0.042917,0.062282,-0.258485,0.963050,-0.204372,1.118799,-0.501812
773,933345465,0.044735,0.058797,-0.263119,0.961931,-1.407482,1.448642,0.193178
774,933378799,0.043675,0.058619,-0.267022,0.960914,-0.563404,0.968457,0.088731
775,933412133,0.037745,0.061088,-0.268095,0.960713,-0.575610,0.702675,-0.083358
776,933445467,0.028446,0.067320,-0.267770,0.960707,-1.169205,1.137722,-0.259998
777,933478801,0.021018,0.069887,-0.267821,0.960701,-0.086497,1.120846,0.551305
778,933512135,0.016295,0.070659,-0.268685,0.960495,0.750863,0.938038,-0.454806
779,933545469,0.015313,0.070275,-0.270063,0.960153,-0.077402,0.748839,0.113519
780,933578803,0.017616,0.068736,-0.272121,0.959644,-0.000748,1.132316,0.012831
781,933612137,0.021219,0.067537,-0.273477,0.959270,-0.003766,0.690868,-0.105599
782,933645471,0.025077,0.067635,-0.273564,0.959145,0.162376,0.503489,-0.211741
783,933678805,0.030119,0.066850,-0.272882,0.959250,-0.572943,0.515258,0.269333
784,933712139,0.036469,0.064917,-0.270255,0.959906,-0.359030,0.840766,-0.165817
785,933745473,0.043764,0.063851,-0.266897,0.960611,0.432732,0.790264,-0.429873
786,933778807,0.050767,0.061912,-0.263517,0.961327,-0.160611,0.430016,0.183422
787,933812141,0.056898,0.060170,-0.259502,0.962186,0.159897,0.576798,-0.665295
788,933845475,0.063186,0.058820,-0.256670,0.962636,-0.324510,0.472310,-0.029580
789,933878809,0.072397,0.058529,-0.253109,0.962948,0.802301,0.661457,-0.108582
790,933912143,0.083096,0.062473,-0.248926,0.962927,0.253956,0.185654,-0.815994
791,933945477,0.094371,0.063113,-0.246212,0.962544,-1.180590,-0.139965,1.129474
792,933978811,0.105499,0.059699,-0.245990,0.961663,-0.839842,-0.307393,1.969283
793,934012145,0.114985,0.056033,-0.248329,0.960194,0.138461,-0.060783,0.614335
794,934045479,0.124624,0.054471,-0.249673,0.958732,-0.090984,0.799645,-1.011664
795,934078813,0.135524,0.052123,-0.248111,0.957788,-0.524619,0.739012,-0.127006
796,934112147,0.144673,0.050355,-0.246342,0.957001,-0.744319,0.494355,0.844381
797,934145481,0.148945,0.053065,-0.245737,0.956354,-1.047088,-0.076324,1.588626
798,934178815,0.148872,0.056102,-0.247264,0.955798,-0.058979,-0.078663,1.769199
799,934212149,0.146595,0.060389,-0.251583,0.954762,0.493257,-0.107066,0.498014
800,934245483,0.144856,0.061267,-0.256748,0.953596,1.226889,-0.109481,-0.236536
801,934278817,0.144953,0.061150,-0.261018,0.952428,0.404582,0.082943,-0.175876
802,934312151,0.146693,0.060700,-0.264027,0.951361,0.518761,0.427895,-0.787106
803,934345485,0.149481,0.059280,-0.263860,0.951063,-0.028041,0.465504,-0.478131
804,934378819,0.150540,0.056002,-0.261739,0.951680,-0.829117,0.703420,-0.019041
805,934412153,0.148040,0.056795,-0.259053,0.952759,-0.186225,0.471958,0.365329
806,934445487,0.143050,0.060975,-0.255754,0.954154,-0.311969,0.228606,0.936229
807,934478821,0.139545,0.064405,-0.252023,0.955439,0.053031,-0.110260,0.045215
808,934512155,0.137699,0.067493,-0.247851,0.956585,0.555404,-0.322780,-0.730967
809,934545489,0.137776,0.070419,-0.244400,0.957251,0.066877,-0.492604,0.284301
810,934578823,0.140292,0.071334,-0.239900,0.957955,0.562788,-0.879429,0.571653
811,934612157,0.143422,0.073193,-0.235594,0.958420,0.299944,-0.392528,-0.243846
812,934645491,0.146818,0.074068,-0.230457,0.959087,0.424542,-0.338626,0.190172
813,934678825,0.148033,0.075724,-0.225362,0.959982,1.103194,0.003405,-0.543424
814,934712159,0.146413,0.080843,-0.220422,0.960959,-0.100972,0.135673,0.491299
815,934745493,0.142548,0.086730,-0.215511,0.962140,0.162780,-0.073258,0.495875
816,934778827,0.137901,0.092081,-0.211320,0.963249,0.387769,0.114829,0.274163
817,934812161,0.134674,0.091712,-0.209817,0.964069,0.279569,0.862444,1.120757
818,934845495,0.132679,0.088089,-0.213169,0.963948,-0.337881,0.453517,1.550606
819,934878829,0.130030,0.084686,-0.219726,0.963142,0.383716,-0.123122,1.034421
820,934912163,0.126455,0.080555,-0.225234,0.962700,0.255680,0.384300,0.313467
821,934945497,0.122176,0.074987,-0.228409,0.962954,0.054802,1.039909,-0.588600
822,934978831,0.116286,0.073356,-0.230670,0.963270,-1.026050,1.570407,-0.584989
823,935012165,0.111865,0.071729,-0.230337,0.963995,-1.361119,0.869762,0.410956
824,935045499,0.105743,0.076269,-0.229571,0.964520,-0.119492,0.484226,0.746072
825,935078833,0.094296,0.091587,-0.229459,0.964401,0.191407,0.399640,0.505218
826,935112167,0.079920,0.112776,-0.229087,0.963543,0.543324,0.093848,0.007352
827,935145501,0.064779,0.131916,-0.229070,0.962252,0.815264,0.437555,-0.056946
828,935178835,0.052525,0.142915,-0.228268,0.961619,-0.130279,-0.395156,0.015915
829,935212169,0.043962,0.147806,-0.226873,0.961639,0.675990,-0.297041,-0.007292
830,935245503,0.038496,0.150486,-0.226791,0.961477,0.227093,0.907651,-1.067403
831,935278837,0.037743,0.149899,-0.226718,0.961616,0.247686,0.311996,-0.324594
832,935312171,0.039154,0.147873,-0.227053,0.961794,0.718626,0.373042,-0.242763
833,935345505,0.041644,0.145769,-0.227865,0.961819,-0.246801,0.342789,-0.132369
834,935378839,0.043658,0.143291,-0.228386,0.961978,0.593137,0.275135,-0.126001
835,935412173,0.045168,0.142324,-0.227146,0.962346,0.473095,0.163593,0.140146
836,935445507,0.045692,0.142499,-0.224586,0.962896,-0.054268,0.059620,0.138155
837,935478841,0.048132,0.140537,-0.222110,0.963639,-0.603849,0.217394,0.127176
838,935512175,0.051037,0.140368,-0.218248,0.964397,0.530922,0.103878,0.216986
839,935545509,0.054601,0.141831,-0.214308,0.964871,-0.223181,0.506330,0.224648
840,935578843,0.058731,0.143627,-0.211799,0.964916,-0.144238,0.609022,0.851953
841,935612177,0.063373,0.142191,-0.212313,0.964723,-0.207083,0.108056,0.832621
842,935645511,0.067266,0.139428,-0.215665,0.964118,-0.288908,-0.347413,0.852124
843,935678845,0.069743,0.136255,-0.221090,0.963167,-0.038064,0.164033,0.111630
844,935712179,0.071367,0.134266,-0.225922,0.962205,0.140955,0.576449,-0.996877
845,935745513,0.073548,0.131802,-0.229030,0.961647,0.395998,0.335647,-0.552845
846,935778847,0.077208,0.127910,-0.231466,0.961302,-0.158978,0.122038,-0.205501
847,935812181,0.079216,0.124204,-0.234010,0.961009,0.431896,0.154782,0.466057
848,935845515,0.079051,0.121240,-0.237375,0.960576,0.045791,0.101364,1.108002
849,935878849,0.077381,0.119263,-0.242201,0.959754,-0.540796,-0.119424,0.543116
850,935912183,0.074151,0.116127,-0.248565,0.958766,0.149859,0.641388,-0.139479
851,935945517,0.071578,0.113867,-0.253541,0.957929,0.003541,0.103825,-0.127490
852,935978851,0.069661,0.111859,-0.256401,0.957546,0.138623,0.655438,-0.127545
853,936012185,0.069237,0.109692,-0.257480,0.957538,0.892629,0.834022,0.560964
854,936045519,0.069561,0.108525,-0.257969,0.957516,-1.265155,0.228787,-0.832159
855,936078853,0.068086,0.107122,-0.255765,0.958371,1.198761,-1.467505,0.221342
856,936112187,0.064772,0.107822,-0.253231,0.959194,-0.505248,0.475292,1.475048
857,936145521,0.060337,0.109162,-0.250099,0.960153,-0.188028,1.082892,0.103923
858,936178855,0.057867,0.109574,-0.246586,0.961166,-0.127246,-0.485818,-0.157414
859,936212189,0.054607,0.110407,-0.242329,0.962344,1.227154,-0.285442,-0.089609
860,936245523,0.052487,0.111615,-0.238071,0.963385,-0.429504,0.958061,-0.092451
861,936278857,0.053186,0.108187,-0.235835,0.964287,0.731724,1.279213,1.509519
862,936312191,0.054465,0.106348,-0.235253,0.964562,0.269692,-0.409371,0.285708
863,936345525,0.052879,0.107797,-0.237045,0.964051,1.192658,0.099275,0.805143
864,936378859,0.049869,0.113233,-0.243030,0.962096,-0.313081,0.563960,0.449862
865,936412193,0.048918,0.116755,-0.251262,0.959606,-0.608685,-0.131106,0.755359
866,936445527,0.051358,0.115786,-0.258519,0.957666,0.053008,0.418189,-0.284059
867,936478861,0.055170,0.111896,-0.264314,0.956334,0.015868,1.107176,-1.352616
868,936512195,0.058330,0.106035,-0.268191,0.955735,-0.793546,1.052226,-0.947586
869,936545529,0.060024,0.098511,-0.270156,0.955881,-1.273711,0.296513,-0.156669
870,936578863,0.058297,0.092503,-0.271414,0.956232,-0.294373,0.387630,0.183290
871,936612197,0.052084,0.091553,-0.272548,0.956359,-0.593888,0.835249,-0.013166
872,936645531,0.046320,0.089810,-0.274274,0.956328,0.316561,0.638038,0.090477
873,936678865,0.043684,0.085270,-0.276674,0.956176,1.251713,0.523476,0.809498
874,936712199,0.043762,0.080365,-0.278731,0.956000,0.284990,-0.204006,-0.302376
875,936745533,0.046524,0.073402,-0.280528,0.955904,1.040755,-0.024982,-0.121200
876,936778867,0.050912,0.068447,-0.281193,0.955852,-0.046899,0.088642,0.172976
877,936812201,0.055059,0.066476,-0.279634,0.956219,0.085234,-0.335217,0.080862
878,936845535,0.060418,0.064986,-0.276419,0.956932,-0.166819,0.005540,-0.007414
879,936878869,0.064364,0.065893,-0.271769,0.957945,0.781788,-0.371607,0.976398
880,936912203,0.068026,0.069482,-0.267450,0.958653,-1.605808,0.480923,0.108935
881,936945537,0.072157,0.071129,-0.264090,0.959162,1.027556,-0.087807,0.167573
882,936978871,0.075910,0.073101,-0.260960,0.959580,-0.235818,-0.838881,0.754257
883,937012205,0.078591,0.074564,-0.259116,0.959752,-0.773314,-0.024845,-0.386538
884,937045539,0.081159,0.074506,-0.259055,0.959559,0.489653,0.708468,0.127578
885,937078873,0.083442,0.075079,-0.261554,0.958640,0.249453,-0.030187,1.419698
886,937112207,0.085020,0.076683,-0.265607,0.957259,-0.519146,-0.164733,-0.367356
887,937145541,0.088305,0.076305,-0.269782,0.955823,-0.056100,0.475371,-0.552276
888,937178875,0.095155,0.074630,-0.274129,0.954060,0.037380,0.772184,0.137616
889,937212209,0.102966,0.074158,-0.277820,0.952216,-1.198121,0.306926,0.316213
890,937245543,0.108846,0.072128,-0.280933,0.950803,0.052715,0.378112,-0.345632
891,937278877,0.112101,0.071100,-0.283749,0.949666,-0.725425,0.971527,0.931147
892,937312211,0.114275,0.069737,-0.286573,0.948659,-0.061231,0.417579,-0.309021
893,937345545,0.116177,0.068354,-0.287689,0.948191,-0.419067,-0.575540,-0.036173
894,937378879,0.118445,0.066100,-0.287654,0.948081,-0.362901,-0.229574,-0.021021
895,937412213,0.121056,0.063381,-0.286797,0.948196,-0.154151,0.158923,0.305598
896,937445547,0.123133,0.060829,-0.284976,0.948645,1.024840,0.235720,0.668088
897,937478881,0.124567,0.060297,-0.282135,0.949341,-0.258453,0.012462,-0.436584
898,937512215,0.125521,0.061356,-0.278020,0.950361,-0.347301,-0.586884,0.522226
899,937545549,0.127595,0.059575,-0.274127,0.951328,0.398644,1.187267,0.356775
900,937578883,0.129470,0.061353,-0.268859,0.952465,-0.807162,0.145720,-0.256864
901,937612217,0.132228,0.061118,-0.264047,0.953447,0.054550,-0.381933,1.115691
902,937645551,0.134344,0.061032,-0.260268,0.954195,-0.473919,0.651428,-0.223001
903,937678885,0.135121,0.061741,-0.258708,0.954464,0.363377,0.041277,0.496032
904,937712219,0.135658,0.062597,-0.260919,0.953730,-1.053713,0.556936,0.159304
905,937745553,0.136569,0.063508,-0.267507,0.951712,-1.021589,0.087054,1.120317
906,937778887,0.137539,0.059733,-0.276982,0.949103,1.479114,0.592720,0.991328
907,937812221,0.142326,0.053812,-0.284279,0.946591,-0.804160,0.561025,-0.804091
908,937845555,0.150269,0.042274,-0.289526,0.944356,0.732793,1.327202,0.012351
909,937878889,0.157066,0.035451,-0.292444,0.942630,-0.523688,1.816631,-0.314222
910,937912223,0.161355,0.032394,-0.292265,0.942071,-0.837927,0.286015,-0.814275
911,937945557,0.161615,0.030555,-0.291188,0.942421,0.037347,0.714367,0.003110
912,937978891,0.159251,0.030593,-0.289312,0.943400,0.511657,0.210768,0.539254
913,938012225,0.157993,0.027929,-0.288453,0.943956,0.460123,0.662053,1.065791
914,938045559,0.160928,0.021535,-0.288306,0.943673,0.467132,0.570810,0.042401
915,938078893,0.167185,0.015000,-0.288407,0.942680,0.224829,0.099240,-0.437590
916,938112227,0.176219,0.008934,-0.287973,0.941244,-0.208193,0.271608,0.214794
917,938145561,0.186190,0.004713,-0.287121,0.939613,0.236580,-0.151435,0.602423
918,938178895,0.196924,0.001792,-0.284795,0.938142,-0.011683,0.133360,0.585066
919,938212229,0.207850,0.003380,-0.280829,0.936975,-0.055783,-0.391275,0.758186
920,938245563,0.217896,0.005978,-0.276184,0.936060,0.398000,-0.295316,-0.753696
921,938278897,0.227315,0.009802,-0.271653,0.935113,0.052289,-0.510961,-0.072343
922,938312231,0.236568,0.013200,-0.267477,0.933980,-0.290466,-0.443827,0.867455
923,938345565,0.245753,0.015622,-0.263517,0.932696,-0.087420,0.445652,-0.467952
924,938378899,0.256005,0.018678,-0.260319,0.930778,-0.784188,-0.043970,0.530627
925,938412233,0.265138,0.020502,-0.257143,0.929064,0.551408,0.327130,0.948371
926,938445567,0.272443,0.022370,-0.255691,0.927306,-0.450187,1.170749,0.433681
927,938478901,0.278200,0.024131,-0.256021,0.925460,-1.218450,0.406956,0.418875
928,938512235,0.283188,0.026168,-0.257704,0.923422,-0.360610,0.009457,0.709935
929,938545569,0.290338,0.025576,-0.260245,0.920501,0.514544,0.967542,-0.145993
930,938578903,0.301411,0.025612,-0.263436,0.916022,0.120866,0.390463,-0.176407
931,938612237,0.313367,0.026855,-0.267723,0.910717,0.118920,0.222090,0.774539
932,938645571,0.322840,0.028678,-0.272360,0.905965,-0.198637,0.109925,0.726416
933,938678905,0.330800,0.027280,-0.277599,0.901536,-0.740692,0.828214,-0.533728
934,938712239,0.337746,0.024360,-0.282025,0.897662,-0.832977,0.040182,0.655803
935,938745573,0.345380,0.019229,-0.285511,0.893771,0.129714,0.649167,0.244744
936,938778907,0.353308,0.014168,-0.287467,0.890133,0.261107,0.531746,-0.548307
937,938812241,0.360998,0.009329,-0.287989,0.886937,-0.014070,0.163706,0.573540
938,938845575,0.367704,0.004917,-0.287120,0.884496,0.253592,0.961212,0.603504
939,938878909,0.374337,0.000490,-0.285793,0.882153,-0.379848,0.773178,-0.487150
940,938912243,0.381966,-0.004355,-0.283444,0.879627,-0.989935,-0.076893,0.222700
941,938945577,0.388421,-0.008701,-0.280977,0.877557,-0.617157,-0.683406,0.163332
942,938978911,0.394227,-0.013539,-0.277863,0.875896,0.012189,0.502742,-0.024371
943,939012245,0.400415,-0.017131,-0.274548,0.874070,-0.703788,0.432704,0.864797
944,939045579,0.406304,-0.021273,-0.270210,0.872612,0.209657,0.619187,1.195657
945,939078913,0.412556,-0.024040,-0.266116,0.870863,-0.366757,0.280855,-1.139102
946,939112247,0.419251,-0.024995,-0.265084,0.867949,-1.570599,1.202152,-0.101264
947,939145581,0.425555,-0.025102,-0.267245,0.864207,-0.216872,-0.053553,1.138105
948,939178915,0.432685,-0.027111,-0.271591,0.859237,-0.313355,1.081342,0.316368
949,939212249,0.441505,-0.032096,-0.275119,0.853436,0.386984,-0.348472,-0.735540
950,939245583,0.450803,-0.038969,-0.277833,0.847389,0.530820,0.902492,-0.496220
951,939278917,0.457090,-0.044567,-0.279931,0.843043,0.064022,0.605920,-0.166400
952,939312251,0.461720,-0.049443,-0.280914,0.839915,-0.406867,1.572244,0.927801
953,939345585,0.463151,-0.053017,-0.281840,0.838598,0.287216,1.277767,-0.074610
954,939378919,0.463593,-0.054674,-0.282930,0.837880,0.049574,0.531334,0.019083
955,939412253,0.464466,-0.057697,-0.285275,0.836398,0.210916,0.285383,0.142892
956,939445587,0.469144,-0.061614,-0.287220,0.832834,0.499300,-0.006300,0.803744
957,939478921,0.477301,-0.067197,-0.288933,0.827155,0.061870,1.024361,0.012225
958,939512255,0.487655,-0.074141,-0.289726,0.820216,0.229249,0.624926,-0.290647
959,939545589,0.496972,-0.080387,-0.290612,0.813697,0.457973,0.218338,-0.053866
960,939578923,0.504559,-0.084264,-0.290797,0.808553,0.000118,0.369311,-0.461589
961,939612257,0.511869,-0.086572,-0.289901,0.804023,-0.176285,0.893759,0.961903
962,939645591,0.519948,-0.088003,-0.287659,0.799477,0.157248,0.041760,0.023234
963,939678925,0.528131,-0.088950,-0.286030,0.794578,0.519220,0.478645,-0.254845
964,939712259,0.538380,-0.089514,-0.282933,0.788723,-0.702920,0.501864,1.324482
965,939745593,0.549554,-0.090526,-0.278712,0.782378,0.028713,0.000861,-0.105241
966,939778927,0.562115,-0.090752,-0.274198,0.774988,-0.219935,0.461454,-0.206046
967,939812261,0.576296,-0.090615,-0.269156,0.766308,-0.286741,0.950484,0.469242
968,939845595,0.591569,-0.089595,-0.263768,0.756601,-0.084818,-0.226861,-0.154183
969,939878929,0.605946,-0.088646,-0.260094,0.746540,0.128309,0.575098,0.543793
970,939912263,0.620232,-0.088530,-0.257818,0.735530,-0.342335,0.695273,-0.812998
971,939945597,0.632730,-0.087185,-0.256712,0.725363,-1.536706,0.598732,1.035341
972,939978931,0.641706,-0.088882,-0.256873,0.717168,0.812931,0.748106,-0.081752
973,940012265,0.650630,-0.086969,-0.257439,0.709114,-0.596466,0.254696,-0.055773
974,940045599,0.659703,-0.087577,-0.258466,0.700227,0.779731,0.690563,-0.577925
975,940078933,0.670355,-0.088266,-0.259653,0.689502,0.352435,-0.656557,-0.011678
976,940112267,0.681678,-0.090190,-0.261237,0.677448,-0.500265,1.335908,0.759934
977,940145601,0.693452,-0.094094,-0.261684,0.664675,-0.409714,1.534292,0.650143
978,940178935,0.703203,-0.100372,-0.262213,0.653204,0.472689,1.330673,0.884058
979,940212269,0.711414,-0.107287,-0.263601,0.642568,0.438710,1.131270,-0.328376
980,940245603,0.718525,-0.113566,-0.264209,0.633261,0.225194,0.173671,-0.274615
981,940278937,0.724349,-0.118804,-0.264676,0.625421,0.489281,0.257690,-0.516369
982,940312271,0.730475,-0.125202,-0.263447,0.617517,1.116510,0.344549,0.003853
983,940345605,0.738049,-0.129330,-0.260648,0.608787,-0.332743,1.038529,0.709153
984,940378939,0.744273,-0.133120,-0.257264,0.601791,0.852568,0.194584,0.985687
985,940412273,0.749311,-0.134494,-0.255071,0.596141,0.749440,0.260470,-0.194525
986,940445607,0.753204,-0.132908,-0.254128,0.591979,0.394363,1.074276,0.124666
987,940478941,0.756569,-0.131630,-0.252859,0.588506,0.952535,0.245757,0.310454
988,940512275,0.759834,-0.127730,-0.253017,0.585082,0.023751,0.760565,0.091159
989,940545609,0.764026,-0.126316,-0.251410,0.580605,0.293140,-0.143193,-0.008347
990,940578943,0.769100,-0.124982,-0.249582,0.574956,0.146268,-0.364906,-0.025844
991,940612277,0.775643,-0.123975,-0.247143,0.567388,0.441912,0.612539,0.643274
992,940645611,0.782444,-0.123588,-0.244652,0.559154,0.456576,-0.080481,0.442914
993,940678945,0.788366,-0.125048,-0.244574,0.550478,0.649302,0.796393,-0.120058
994,940712279,0.792385,-0.128650,-0.246722,0.542866,-0.246247,1.141310,1.228427
995,940745613,0.794836,-0.133945,-0.250738,0.536121,0.085974,0.252572,0.642119
996,940778947,0.798973,-0.140239,-0.252848,0.527299,0.171302,0.211054,0.450027
997,940812281,0.804384,-0.150199,-0.250370,0.517420,1.260860,-1.156903,-0.716091
998,940845615,0.811288,-0.158289,-0.247468,0.505486,0.846076,0.629662,-1.152253
999,940878949,0.818500,-0.165950,-0.241233,0.494292,-0.259142,1.010608,0.621368
1000,940912283,0.823540,-0.170935,-0.236779,0.486312,1.046951,0.832140,1.142607
1001,940945617,0.826145,-0.171986,-0.236099,0.481834,0.929883,0.137431,0.012468
1002,940978951,0.828203,-0.174972,-0.236101,0.477201,0.335561,0.218792,0.124060
1003,941012285,0.832762,-0.183811,-0.232161,0.467786,-1.030274,-0.435334,0.428044
1004,941045619,0.838977,-0.196498,-0.225885,0.454403,-0.134621,-0.221498,-0.589966
1005,941078953,0.845649,-0.208611,-0.218691,0.439926,0.105108,0.194549,-0.294479
1006,941112287,0.851844,-0.220672,-0.210866,0.425679,1.107132,-0.049257,0.190269
1007,941145621,0.857812,-0.227449,-0.206028,0.412285,0.588107,1.015331,0.273472
1008,941178955,0.862506,-0.232811,-0.201935,0.401379,0.665732,-0.401060,-0.040849
1009,941212289,0.867434,-0.234241,-0.199870,0.390821,0.131590,1.214460,-0.060921
1010,941245623,0.872241,-0.234771,-0.198448,0.380391,0.640011,1.077892,0.960643
1011,941278957,0.876835,-0.235338,-0.197655,0.369744,0.810944,-0.601162,-0.166801
1012,941312291,0.881793,-0.234506,-0.197604,0.358332,-0.996701,-0.034929,-0.175109
1013,941345625,0.887408,-0.233739,-0.195836,0.345719,0.332775,0.241392,0.427208
1014,941378959,0.893145,-0.233503,-0.194131,0.331787,-0.319229,0.317712,-0.214229
1015,941412293,0.898751,-0.232074,-0.192902,0.318085,-0.396933,0.744458,0.781549
1016,941445627,0.904480,-0.230513,-0.190198,0.304311,0.038857,0.098695,-0.318570
1017,941478961,0.910879,-0.229589,-0.186781,0.287578,-0.943741,1.227296,-1.053208
1018,941512295,0.917261,-0.230046,-0.181254,0.269922,-1.015606,1.218652,0.590230
1019,941545629,0.921173,-0.231459,-0.180260,0.255685,1.089081,0.532155,1.635445
1020,941578963,0.923339,-0.232967,-0.181562,0.245373,1.354249,0.406135,0.701511
1021,941612297,0.925101,-0.232059,-0.184319,0.237412,1.712314,0.008747,-0.692094
1022,941645631,0.927422,-0.228787,-0.186399,0.229783,0.625472,-0.725850,-1.658051
1023,941678965,0.930107,-0.221964,-0.190373,0.222243,-0.024375,-0.158960,0.161651
1024,941712299,0.931648,-0.214526,-0.197730,0.216597,1.199948,0.413524,0.792350
1025,941745633,0.932129,-0.209178,-0.204577,0.213374,1.306269,0.256817,0.559066
1026,941778967,0.931750,-0.205766,-0.210817,0.212271,1.055027,-0.249379,-0.001626
1027,941812301,0.930238,-0.204019,-0.218405,0.212915,1.207828,-0.088522,0.261043
1028,941845635,0.928878,-0.204760,-0.224226,0.212092,1.510809,-0.393335,-0.361184
1029,941878969,0.929496,-0.207419,-0.223304,0.207728,-0.568677,-0.841280,0.046423
1030,941912303,0.932188,-0.211796,-0.216486,0.198249,0.255088,-0.356722,-0.216197
1031,941945637,0.936309,-0.217667,-0.203321,0.186032,-0.081775,-0.765225,-0.198306
1032,941978971,0.940354,-0.222276,-0.190373,0.173454,0.752576,-0.729973,-0.267489
1033,942012305,0.944027,-0.222815,-0.181018,0.162477,0.541243,0.253980,0.119348
1034,942045639,0.947387,-0.222859,-0.170274,0.154272,1.440901,-0.156154,0.528472
1035,942078973,0.950245,-0.220853,-0.162083,0.148286,0.284678,-0.229787,-0.258512
1036,942112307,0.953094,-0.217411,-0.154348,0.143253,0.441388,-0.089440,-0.012944
1037,942145641,0.956212,-0.213238,-0.144954,0.138482,0.763223,0.079962,-0.154174
1038,942178975,0.959177,-0.208950,-0.135544,0.133970,0.248308,-0.144820,0.238794
1039,942212309,0.961097,-0.203197,-0.133452,0.131131,1.040621,0.244486,0.382764
1040,942245643,0.961651,-0.199864,-0.135654,0.129923,0.232738,0.000897,0.941734
1041,942278977,0.961311,-0.199528,-0.140629,0.127651,0.443269,1.012032,1.146483
1042,942312311,0.960692,-0.204573,-0.142808,0.121771,-0.148464,0.403887,0.864271
1043,942345645,0.960535,-0.211824,-0.141517,0.111700,-0.122560,-0.151245,0.043916
1044,942378979,0.961320,-0.218269,-0.135972,0.098666,0.181048,-0.287831,-0.340713
1045,942412313,0.962710,-0.221703,-0.128507,0.086741,0.224167,-0.678016,-0.400151
1046,942445647,0.964022,-0.221218,-0.124410,0.079038,1.064604,-0.429844,0.398518
1047,942478981,0.964549,-0.219134,-0.125273,0.077024,1.142398,0.032293,-0.091026
1048,942512315,0.964785,-0.216201,-0.128469,0.077097,2.157457,0.757277,0.529963
1049,942545649,0.964007,-0.215519,-0.134681,0.078129,0.482233,-0.730703,0.246404
1050,942578983,0.962820,-0.216327,-0.142166,0.077264,0.886551,0.092434,-0.144565
1051,942612317,0.962162,-0.218570,-0.144729,0.074340,-0.532962,-0.184971,0.383911
1052,942645651,0.961704,-0.222267,-0.144408,0.069787,-0.437850,-0.749114,-0.797666
1053,942678985,0.961908,-0.224856,-0.142234,0.062793,0.471205,-0.128340,0.207443
1054,942712319,0.962284,-0.226781,-0.140098,0.054345,0.002647,-0.335161,-0.381216
1055,942745653,0.962785,-0.228341,-0.137438,0.044899,0.027404,-0.412255,0.812832
1056,942778987,0.963843,-0.228678,-0.132462,0.034182,0.327952,0.235987,0.874565
1057,942812321,0.964012,-0.231697,-0.127901,0.025276,-0.495886,-1.299924,-0.643733
1058,942845655,0.963748,-0.234212,-0.126723,0.016593,1.281078,0.020715,0.245872
1059,942878989,0.964002,-0.235079,-0.123869,0.009698,-0.760373,0.302149,0.406511
1060,942912323,0.964154,-0.235800,-0.121573,0.005190,0.733350,-0.173424,0.251365
1061,942945657,0.964499,-0.235514,-0.119473,0.001316,0.219275,-0.097867,0.143385
1062,942978991,0.964851,-0.234644,-0.118310,-0.002814,0.406715,-0.912334,-0.575854
1063,943012325,0.965558,-0.231856,-0.117721,-0.009072,0.338911,-0.051568,0.022974
1064,943045659,0.966286,-0.229657,-0.115042,-0.017766,0.428737,-0.303433,0.543239
1065,943078993,0.966767,-0.227868,-0.112507,-0.027945,0.105868,-0.132331,0.377644
1066,943112327,0.967032,-0.225605,-0.111868,-0.037932,-0.105660,0.228364,0.085865
1067,943145661,0.967071,-0.224924,-0.109308,-0.047273,0.627305,-0.125842,0.628462
1068,943178995,0.966429,-0.227404,-0.105602,-0.056136,0.753334,-0.318396,0.534944
1069,943212329,0.964991,-0.232613,-0.103412,-0.063170,0.880873,0.451034,0.688707
1070,943245663,0.963218,-0.237811,-0.104397,-0.068984,0.929799,1.200750,0.509900
1071,943278997,0.961898,-0.241328,-0.105233,-0.073751,-0.467136,0.091714,-0.437178
1072,943312331,0.961003,-0.243142,-0.104437,-0.080299,0.419126,-0.515009,-1.252913
1073,943345665,0.960359,-0.243890,-0.101215,-0.089352,0.157011,-0.312485,0.085510
1074,943378999,0.959347,-0.245114,-0.098689,-0.099167,0.652058,-0.294169,0.125948
1075,943412333,0.957754,-0.248892,-0.096635,-0.106876,-0.048761,-0.450291,0.130543
1076,943445667,0.956053,-0.254157,-0.092998,-0.112776,0.729929,-0.238474,1.109010
1077,943479001,0.953983,-0.260980,-0.091086,-0.116228,0.298544,-0.380641,1.130606
1078,943512335,0.952124,-0.267044,-0.090227,-0.118353,0.098265,-0.326384,-0.191264
1079,943545669,0.950692,-0.271230,-0.087411,-0.122390,1.041292,-0.882116,0.151250
1080,943579003,0.949539,-0.273871,-0.083889,-0.127806,-0.178640,-1.246395,-1.227618
1081,943612337,0.948976,-0.273585,-0.080934,-0.134333,0.568101,-0.831723,-0.325034
1082,943645671,0.948963,-0.271127,-0.077966,-0.141003,0.260079,-0.503516,0.486213
1083,943679005,0.949071,-0.267470,-0.078411,-0.146889,0.621715,-0.626169,-0.151392
1084,943712339,0.949269,-0.263503,-0.078842,-0.152444,0.655313,-0.292461,0.183867
1085,943745673,0.949439,-0.259764,-0.078049,-0.158107,0.693126,-0.657111,-0.471349
1086,943779007,0.949608,-0.256381,-0.077836,-0.162654,0.334341,-0.760197,0.877530
1087,943812341,0.949868,-0.252705,-0.080255,-0.165682,0.366682,-0.253581,0.464101
1088,943845675,0.950654,-0.247764,-0.081497,-0.168012,-0.713814,0.261453,0.488164
1089,943879009,0.951261,-0.244019,-0.082216,-0.169699,-1.204946,-0.290551,0.596666
1090,943912343,0.950892,-0.244275,-0.085619,-0.169719,-0.071331,-1.046132,0.190674
1091,943945677,0.949979,-0.246808,-0.084535,-0.171700,0.493261,0.634532,1.901998
1092,943979011,0.948211,-0.252592,-0.084130,-0.173254,-1.035672,0.422062,-0.049248
1093,944012345,0.946809,-0.257689,-0.081497,-0.174666,-0.342421,-0.301742,-0.538467
1094,944045679,0.946417,-0.259969,-0.078909,-0.174598,0.303132,-1.519076,-0.481355
1095,944079013,0.946783,-0.259523,-0.083883,-0.170921,0.045393,-1.647185,-0.886436
1096,944112347,0.947468,-0.257214,-0.089292,-0.167849,1.948544,-1.405626,-0.806159
1097,944145681,0.948325,-0.254769,-0.093944,-0.164155,0.357874,-0.501713,0.726834
1098,944179015,0.948982,-0.253103,-0.096099,-0.161673,-0.190824,-0.142747,1.405118
1099,944212349,0.948646,-0.254383,-0.099004,-0.159872,-0.998909,-0.325512,0.067175
1100,944245683,0.948127,-0.256694,-0.099425,-0.158996,-1.268162,-0.227651,0.084676
1101,944279017,0.947854,-0.258188,-0.099560,-0.158114,-0.981545,-0.239787,0.229336
1102,944312351,0.947785,-0.258678,-0.101365,-0.156574,-0.020172,-0.758103,-0.579473
1103,944345685,0.948017,-0.257861,-0.102984,-0.155457,0.180128,-0.510287,-0.569095
1104,944379019,0.948257,-0.256107,-0.105124,-0.155458,0.915560,-0.505330,0.023612
1105,944412353,0.948642,-0.252979,-0.105956,-0.157652,0.603507,0.045848,0.037508
1106,944445687,0.948952,-0.249968,-0.106107,-0.160461,-0.417053,0.235472,0.398911
1107,944479021,0.949440,-0.246189,-0.105886,-0.163533,-0.458049,0.335682,0.606459
1108,944512355,0.949912,-0.242169,-0.105020,-0.167313,-0.151321,-0.176172,0.371529
1109,944545689,0.950216,-0.237470,-0.103141,-0.173380,0.598985,-0.538350,0.422059
1110,944579023,0.950573,-0.231230,-0.103642,-0.179452,-0.830261,0.415680,0.190073
1111,944612357,0.950961,-0.225144,-0.106591,-0.183366,0.073240,-0.147125,0.172576
1112,944645691,0.951336,-0.219054,-0.108973,-0.187352,0.103904,-0.027554,0.163113
1113,944679025,0.951145,-0.215122,-0.113763,-0.190013,0.465780,-0.545798,-0.067516
1114,944712359,0.950483,-0.214500,-0.115282,-0.193090,0.948909,-0.372767,1.844418
1115,944745693,0.948764,-0.219754,-0.116005,-0.195191,0.649875,0.119723,1.156210
1116,944779027,0.946597,-0.226707,-0.119959,-0.195367,-0.198789,-0.118117,-0.393465
1117,944812361,0.945095,-0.231396,-0.123566,-0.194893,-0.735859,-1.150914,-1.118388
1118,944845695,0.944390,-0.233314,-0.123463,-0.196087,-0.657531,-1.202741,-0.545595
1119,944879029,0.943519,-0.234337,-0.121657,-0.200147,0.152105,-0.156070,0.378253
1120,944912363,0.942711,-0.235961,-0.118789,-0.203733,-0.345162,0.153775,0.918213
1121,944945697,0.942056,-0.239064,-0.117089,-0.204133,-0.270929,0.284542,0.960408
1122,944979031,0.941783,-0.243432,-0.112413,-0.202853,0.403885,-0.222944,0.156566
1123,945012365,0.941621,-0.248580,-0.107345,-0.200091,0.100337,-0.069743,0.452410
1124,945045699,0.941398,-0.254306,-0.104817,-0.195222,0.332573,-1.359151,-0.237385
1125,945079033,0.941137,-0.258962,-0.102085,-0.191779,0.114769,-0.314478,0.202311
1126,945112367,0.941279,-0.260835,-0.101114,-0.189041,-0.140779,0.071277,-0.048024
1127,945145701,0.941576,-0.261075,-0.100551,-0.187522,-0.494048,-0.763358,-0.513647
1128,945179035,0.942240,-0.259198,-0.100241,-0.186954,-0.431126,0.183874,-0.342325
1129,945212369,0.943491,-0.255558,-0.100753,-0.185376,-0.953022,0.207565,-0.174913
1130,945245703,0.944939,-0.251836,-0.102259,-0.182245,-0.236419,-0.175778,0.158795
1131,945279037,0.946604,-0.247282,-0.102981,-0.179410,0.408015,0.875721,0.754090
1132,945312371,0.948194,-0.242636,-0.105114,-0.176089,0.060902,-1.061407,0.223065
1133,945345705,0.949472,-0.237568,-0.109859,-0.173191,-0.045785,0.028340,0.355215
1134,945379039,0.950873,-0.231931,-0.115714,-0.169291,-0.071295,-0.531105,0.288669
1135,945412373,0.951729,-0.228058,-0.121763,-0.165459,0.145847,-0.641842,-0.745584
1136,945445707,0.951861,-0.228437,-0.127811,-0.159506,0.171770,-0.269689,0.748088
1137,945479041,0.951667,-0.232063,-0.131672,-0.152115,-0.047404,0.913712,1.243452
1138,945512375,0.951301,-0.238204,-0.132613,-0.143872,0.228836,-0.092732,0.876382
1139,945545709,0.951755,-0.242433,-0.131824,-0.134211,0.042330,-0.959420,-0.269889
1140,945579043,0.952902,-0.244537,-0.129139,-0.124515,0.165798,-2.045359,-1.413418
1141,945612377,0.954961,-0.241829,-0.127706,-0.115150,-1.022789,-0.601327,-0.496254
1142,945645711,0.957191,-0.236940,-0.129771,-0.103943,0.686145,-0.646388,0.234508
1143,945679045,0.958616,-0.231615,-0.139090,-0.089802,0.168861,-0.474290,1.078174
1144,945712379,0.958803,-0.228093,-0.152012,-0.074582,0.656206,-0.326508,0.386704
1145,945745713,0.958421,-0.226468,-0.162065,-0.062272,0.537504,0.343208,0.955114
1146,945779047,0.957411,-0.228012,-0.168361,-0.055050,0.402421,0.301092,-0.133316
1147,945812381,0.956450,-0.232016,-0.169197,-0.052400,-1.299946,-0.055709,-0.058755
1148,945845715,0.956361,-0.235343,-0.165206,-0.051924,-1.041563,-0.521918,-0.630597
1149,945879049,0.956718,-0.236890,-0.160245,-0.053810,0.188466,-0.758406,-0.707337
1150,945912383,0.957251,-0.237254,-0.155338,-0.057025,-0.198750,-1.135569,-0.098660
1151,945945717,0.957461,-0.235582,-0.155083,-0.060986,0.542903,-0.279405,0.393028
1152,945979051,0.957757,-0.232240,-0.157120,-0.063875,-0.947662,0.518766,-0.780644
1153,946012385,0.958588,-0.227929,-0.157080,-0.066963,-0.339171,-0.051845,0.474347
1154,946045719,0.959372,-0.222967,-0.157408,-0.071510,0.685282,-0.036267,0.600619
1155,946079053,0.960151,-0.218569,-0.156403,-0.076660,-0.256717,-0.219968,0.440191
1156,946112387,0.960166,-0.215502,-0.157720,-0.082252,0.629383,-0.106004,0.585864
1157,946145721,0.959996,-0.212241,-0.160328,-0.087501,-0.756819,1.121588,0.805659
1158,946179055,0.959483,-0.210928,-0.162194,-0.092713,0.332326,0.036386,-0.987241
1159,946212389,0.958883,-0.211076,-0.161770,-0.099098,-0.451602,0.319143,0.140723
1160,946245723,0.958131,-0.212361,-0.160372,-0.105687,-0.118655,0.103597,1.577109
1161,946279057,0.956785,-0.216622,-0.158648,-0.111667,0.469056,-0.375340,0.571798
1162,946312391,0.955094,-0.222532,-0.157452,-0.116127,-0.758863,-0.016772,-0.394996
1163,946345725,0.953585,-0.227602,-0.156088,-0.120461,0.183489,-0.874355,-0.073259
1164,946379059,0.952582,-0.230694,-0.152520,-0.126908,-1.151349,0.045621,-0.656256
1165,946412393,0.951980,-0.232723,-0.146855,-0.134192,0.161369,-0.839979,-0.335337
1166,946445727,0.951128,-0.235023,-0.140573,-0.142690,-0.262621,-0.104238,0.386311
1167,946479061,0.949503,-0.238605,-0.140248,-0.147794,-0.430710,-0.389354,1.600815
1168,946512395,0.947632,-0.242036,-0.145300,-0.149337,0.028450,0.099089,0.779880
1169,946545729,0.945145,-0.247806,-0.154711,-0.146145,1.592602,-0.794734,-0.902218
1170,946579063,0.942672,-0.253979,-0.160582,-0.145186,0.441001,-0.374056,-1.473083
1171,946612397,0.941123,-0.258903,-0.160914,-0.146166,-0.877086,-0.737604,-0.320560
1172,946645731,0.939979,-0.260767,-0.162947,-0.147947,-0.096892,0.267257,0.354206
1173,946679065,0.939350,-0.262424,-0.162429,-0.149571,1.323217,-0.717984,0.504197
1174,946712399,0.939932,-0.262113,-0.159020,-0.150125,-0.927218,0.928688,0.266531
1175,946745733,0.940681,-0.261033,-0.157811,-0.148584,2.124246,-1.148757,0.468447
1176,946779067,0.942089,-0.257648,-0.156404,-0.147052,-0.303465,0.625554,0.279116
1177,946812401,0.943853,-0.252797,-0.155509,-0.145096,-0.277955,0.009936,-0.155735
1178,946845735,0.945415,-0.247639,-0.154804,-0.144577,0.110543,0.333644,-0.017119
1179,946879069,0.946906,-0.242670,-0.154820,-0.143220,-0.163664,0.615506,0.358036
1180,946912403,0.948212,-0.238146,-0.154000,-0.143058,0.140333,-0.183681,0.569630
1181,946945737,0.949400,-0.234610,-0.152896,-0.142200,-0.528571,-0.288548,0.724222
1182,946979071,0.950460,-0.232390,-0.151516,-0.140229,0.699657,-0.627071,0.294570
1183,947012405,0.951314,-0.232392,-0.148785,-0.137329,-0.496163,-0.296793,0.738551
1184,947045739,0.951524,-0.235250,-0.146132,-0.133813,0.688598,-0.669003,0.578671
1185,947079073,0.950983,-0.241292,-0.141940,-0.131392,-0.133246,-0.309062,0.881316
1186,947112407,0.949699,-0.247929,-0.140689,-0.129657,1.191384,-0.681133,1.969296
1187,947145741,0.948395,-0.254995,-0.137753,-0.128648,1.788428,-1.322734,1.651720
1188,947179075,0.948002,-0.258248,-0.132874,-0.130171,0.342602,-1.272414,-0.975358
1189,947212409,0.948127,-0.259135,-0.129864,-0.130536,0.286516,-1.887143,-1.937171
1190,947245743,0.948366,-0.259301,-0.130132,-0.128183,-0.191945,-2.015058,-1.944288
1191,947279077,0.948704,-0.260111,-0.129921,-0.124193,-1.000507,-1.367347,-0.798583
1192,947312411,0.948949,-0.260670,-0.131936,-0.118917,-1.165442,-1.145874,-0.074860
1193,947345745,0.948676,-0.262440,-0.134611,-0.114107,0.821687,-0.419370,0.870927
1194,947379079,0.948371,-0.265377,-0.131459,-0.113524,0.361212,0.117862,0.194271
1195,947412413,0.947769,-0.270516,-0.124098,-0.114698,0.031340,-0.334769,-0.178189
1196,947445747,0.947306,-0.275829,-0.113298,-0.117021,-0.242845,-1.057098,-0.116964
1197,947479081,0.946685,-0.279307,-0.105646,-0.120892,-0.389552,-0.863751,1.039366
1198,947512415,0.946108,-0.279952,-0.104181,-0.125117,0.030927,-0.240936,0.486376
1199,947545749,0.945896,-0.278779,-0.105236,-0.128408,0.320439,0.348574,-0.210349
1200,947579083,0.946007,-0.277139,-0.105003,-0.131297,0.012994,0.093605,0.078331
1201,947612417,0.946179,-0.275325,-0.103645,-0.134907,0.199163,0.029485,0.364396
1202,947645751,0.946290,-0.272709,-0.102545,-0.140178,0.169397,0.280764,0.469646
1203,947679085,0.946191,-0.270456,-0.100145,-0.146795,-0.294221,-0.351547,-0.087170
1204,947712419,0.945949,-0.267505,-0.099436,-0.154061,0.808193,0.712923,0.132236
1205,947745753,0.945903,-0.264102,-0.098785,-0.160497,0.325412,0.338666,0.265850
1206,947779087,0.945606,-0.260370,-0.101025,-0.166827,0.928888,0.222800,0.621279
1207,947812421,0.945010,-0.257774,-0.101714,-0.173678,-0.184753,-0.127381,0.186903
1208,947845755,0.943806,-0.256376,-0.102102,-0.181875,0.197386,0.417314,0.088298
1209,947879089,0.941895,-0.256799,-0.103883,-0.189993,0.031169,0.402641,0.078365
1210,947912423,0.939048,-0.259331,-0.105904,-0.199302,0.402350,-0.333823,0.198862
1211,947945757,0.936051,-0.262795,-0.105598,-0.208799,0.613420,-0.219328,0.035495
1212,947979091,0.933082,-0.266999,-0.102677,-0.218007,0.347759,-0.407253,0.707789
1213,948012425,0.929439,-0.272806,-0.100774,-0.227077,0.407222,-0.554465,-0.200870
1214,948045759,0.925437,-0.278158,-0.096701,-0.238420,-0.541178,-0.038901,0.195480
1215,948079093,0.920963,-0.282892,-0.091840,-0.251725,-0.559275,-0.659032,-0.760305
1216,948112427,0.916194,-0.286705,-0.085484,-0.266611,0.192764,-1.046464,0.588916
1217,948145761,0.911393,-0.290521,-0.078627,-0.280677,0.491001,-0.855542,-0.444407
1218,948179095,0.907165,-0.293499,-0.073593,-0.292396,1.668923,-0.326523,0.228568
1219,948212429,0.903693,-0.297586,-0.066788,-0.300534,0.262087,-0.816824,0.700991
1220,948245763,0.901073,-0.300384,-0.059794,-0.307023,-0.249982,-0.631968,0.333464
1221,948279097,0.898721,-0.302615,-0.052805,-0.312948,0.472444,-0.324650,1.074057
1222,948312431,0.896246,-0.303533,-0.044510,-0.320361,0.116202,-0.342083,-0.593899
1223,948345765,0.893709,-0.303111,-0.036282,-0.328773,0.034628,-0.587996,-0.393246
1224,948379099,0.891620,-0.301292,-0.030476,-0.336614,0.531513,-0.570073,-0.401213
1225,948412433,0.889810,-0.298946,-0.025097,-0.343861,0.438123,-0.026948,0.036575
1226,948445767,0.887828,-0.296521,-0.019753,-0.351351,0.686352,0.234972,0.849248
1227,948479101,0.884922,-0.295388,-0.012034,-0.359883,0.397492,-0.446359,0.358630
1228,948512435,0.880627,-0.294480,-0.002129,-0.371180,0.358266,0.310701,0.236794
1229,948545769,0.875672,-0.293573,0.007099,-0.383358,0.881722,0.206671,0.394648
1230,948579103,0.870779,-0.292421,0.017309,-0.394886,-0.643096,-0.178393,-0.088435
1231,948612437,0.865519,-0.290688,0.025071,-0.407125,0.384892,-0.240130,0.182372
1232,948645771,0.860108,-0.288971,0.032082,-0.419144,-0.691103,0.342844,-0.311199
1233,948679105,0.854580,-0.287862,0.035353,-0.430789,1.179210,-0.691663,0.165214
1234,948712439,0.848950,-0.287711,0.039594,-0.441520,0.709884,-0.006165,1.068033
1235,948745773,0.842793,-0.288778,0.044684,-0.452007,0.280508,-1.244852,0.781648
1236,948779107,0.835324,-0.291217,0.050144,-0.463587,0.220826,-0.282461,1.114604
1237,948812441,0.826844,-0.292717,0.058741,-0.476651,0.404707,-1.192558,0.322495
1238,948845775,0.818218,-0.292268,0.069092,-0.490231,0.239762,-1.269687,-0.370392
1239,948879109,0.810648,-0.289571,0.079537,-0.502667,0.561750,-1.318968,0.677579
1240,948912443,0.805035,-0.284667,0.086434,-0.513238,0.389691,-1.078256,0.500371
1241,948945777,0.800380,-0.277850,0.094727,-0.522703,-0.623512,-0.876049,-0.633106
1242,948979111,0.796175,-0.271739,0.100033,-0.531278,-1.056188,-0.748763,-1.342912
1243,949012445,0.792790,-0.268265,0.101978,-0.537698,-1.039459,-0.635265,-0.812631
1244,949045779,0.788720,-0.267089,0.103827,-0.543879,-0.679092,-0.519706,0.493815
1245,949079113,0.783755,-0.267346,0.104631,-0.550733,-0.032198,-0.328771,0.785211
1246,949112447,0.777490,-0.266935,0.108001,-0.559099,0.072207,-0.500982,-0.062810
1247,949145781,0.770464,-0.265918,0.114056,-0.568036,-0.861201,-0.012246,0.278002
1248,949179115,0.762827,-0.264905,0.120898,-0.577325,-0.694905,0.552386,-0.201990
1249,949212449,0.754708,-0.263782,0.125590,-0.587420,0.377719,-1.622947,0.372294
1250,949245783,0.745943,-0.261063,0.133290,-0.598039,-0.573307,-0.725195,0.526454
1251,949279117,0.737014,-0.258477,0.140072,-0.608588,-0.692347,-0.071201,0.018178
1252,949312451,0.727908,-0.256761,0.143114,-0.619470,0.480203,-1.315125,-0.204079
1253,949345785,0.719075,-0.254552,0.147849,-0.629504,-0.062057,0.017179,0.136086
1254,949379119,0.709520,-0.252230,0.153112,-0.639937,0.065315,0.098255,0.291283
1255,949412453,0.699119,-0.249394,0.158986,-0.650968,0.106936,-0.193623,-0.109283
1256,949445787,0.688077,-0.246286,0.164511,-0.662442,0.317204,-0.487174,0.242996
1257,949479121,0.676686,-0.242683,0.170031,-0.674011,0.166603,0.092259,0.015674
1258,949512455,0.665175,-0.240144,0.173725,-0.685342,0.860368,0.348829,-0.136225
1259,949545789,0.652294,-0.238060,0.176829,-0.697547,0.448623,-0.481721,-0.344176
1260,949579123,0.637570,-0.238016,0.176777,-0.711058,0.774902,-0.454816,-0.169719
1261,949612457,0.621054,-0.239340,0.175674,-0.725360,0.651695,-0.386613,1.010226
1262,949645791,0.602101,-0.238712,0.176709,-0.741125,0.347423,-0.721067,0.455977
1263,949679125,0.582269,-0.236272,0.181268,-0.756493,0.328533,-0.597125,0.876010
1264,949712459,0.563538,-0.234697,0.187388,-0.769564,0.375664,-2.163170,1.375048
1265,949745793,0.546942,-0.229813,0.195278,-0.780966,0.289678,-1.780070,0.377818
1266,949779127,0.531903,-0.223700,0.201454,-0.791489,-0.976314,-0.031816,-0.324845
1267,949812461,0.517835,-0.219867,0.202608,-0.801533,-1.304677,-0.202559,-0.654365
1268,949845795,0.503795,-0.218141,0.200581,-0.811402,-0.806179,-0.744199,-0.649727
1269,949879129,0.489204,-0.217181,0.198713,-0.820990,-0.673256,-1.074620,0.087988
1270,949912463,0.473681,-0.215499,0.198853,-0.830449,-1.300030,-1.047533,0.806261
1271,949945797,0.460737,-0.212255,0.202211,-0.837723,-0.393061,0.006311,0.593164
1272,949979131,0.452107,-0.211717,0.203234,-0.842302,-0.082624,-0.802620,0.828690
1273,950012465,0.444751,-0.208924,0.206420,-0.846132,-0.338110,-0.247416,-0.084805
1274,950045799,0.436513,-0.204160,0.210500,-0.850568,0.044853,1.003312,-0.549150
1275,950079133,0.426974,-0.199431,0.213515,-0.855764,-0.788368,0.778674,-0.696701
1276,950112467,0.415652,-0.195350,0.215212,-0.861833,-0.517459,0.305464,0.371222
1277,950145801,0.403805,-0.192544,0.214415,-0.868271,-1.057404,-0.459571,-0.148494
1278,950179135,0.392935,-0.189265,0.213480,-0.874190,-0.998478,-0.151600,0.543809
1279,950212469,0.384703,-0.186570,0.211789,-0.878830,-0.262206,-0.204037,0.870500
1280,950245803,0.377485,-0.184517,0.209921,-0.882832,-0.780742,-0.557016,-0.481041
1281,950279137,0.370287,-0.182163,0.208042,-0.886805,-0.373253,0.159177,0.074850
1282,950312471,0.361846,-0.180637,0.206240,-0.891013,-0.305016,0.121040,-0.868641
1283,950345805,0.351604,-0.179578,0.204303,-0.895761,0.207459,0.165515,-0.246468
1284,950379139,0.340482,-0.177986,0.203099,-0.900636,-0.638539,0.028683,0.172836
1285,950412473,0.329740,-0.175322,0.203546,-0.905043,-0.680261,-0.323524,0.367244
1286,950445807,0.321146,-0.172855,0.205656,-0.908126,-0.204226,-0.430342,1.216396
1287,950479141,0.313309,-0.172200,0.209174,-0.910182,-0.734298,-0.807404,0.415519
1288,950512475,0.305364,-0.173633,0.213701,-0.911557,-0.641626,-0.216848,-0.026918
1289,950545809,0.295596,-0.173258,0.220851,-0.913143,-0.691184,0.285609,0.098431
1290,950579143,0.284006,-0.170457,0.228408,-0.915487,-1.313675,-0.156314,0.590972
1291,950612477,0.272147,-0.162472,0.236517,-0.918477,-0.700788,0.352813,0.101582
1292,950645811,0.262681,-0.154848,0.240864,-0.921415,-0.590157,0.504465,-0.492846
1293,950679145,0.255972,-0.148959,0.242061,-0.923957,-0.930130,0.585126,-0.278477
1294,950712479,0.251150,-0.144312,0.241016,-0.926288,-1.007609,-0.143273,0.103369
1295,950745813,0.247193,-0.139449,0.240106,-0.928331,-0.769285,-0.189230,0.738630
1296,950779147,0.243644,-0.136728,0.239457,-0.929841,-0.293171,-0.335808,0.095186
1297,950812481,0.240002,-0.134685,0.242035,-0.930418,-0.178967,0.519252,-0.640535
1298,950845815,0.234153,-0.135975,0.244485,-0.931081,-0.497039,-0.677232,0.864947
1299,950879149,0.224198,-0.134840,0.247749,-0.932831,-0.230612,0.262535,0.638811
1300,950912483,0.213269,-0.131257,0.251572,-0.934880,0.531895,0.408648,-0.812424
1301,950945817,0.202420,-0.127998,0.255252,-0.936744,-1.157915,-0.433429,-0.073108
1302,950979151,0.191227,-0.123289,0.259221,-0.938636,-1.285164,-0.068004,0.242072
1303,951012485,0.182531,-0.122153,0.260138,-0.940261,-0.525548,-0.577414,0.631469
1304,951045819,0.176393,-0.121121,0.260537,-0.941455,-0.007944,0.471682,0.280570
1305,951079153,0.170349,-0.121030,0.260671,-0.942541,-0.751624,0.066268,0.509314
1306,951112487,0.162328,-0.119052,0.261038,-0.944106,-0.312183,0.371130,-0.092650
1307,951145821,0.152688,-0.117663,0.261039,-0.945886,-0.296955,-0.158605,0.174021
1308,951179155,0.142601,-0.117092,0.260365,-0.947716,0.183433,-0.022192,0.031360
1309,951212489,0.132025,-0.116682,0.259581,-0.949512,-0.222712,-0.014225,-0.164478
1310,951245823,0.121315,-0.115254,0.259284,-0.951195,0.132212,-0.127538,0.416987
1311,951279157,0.109799,-0.113194,0.257817,-0.953238,-0.484264,-0.426517,0.011931
1312,951312491,0.096532,-0.109185,0.255665,-0.955718,0.325138,-0.231641,0.294992
1313,951345825,0.083719,-0.106060,0.251597,-0.958354,-0.031067,0.200301,0.412216
1314,951379159,0.070928,-0.103549,0.247176,-0.960808,-0.411538,0.348007,-0.551428
1315,951412493,0.058791,-0.101162,0.243204,-0.962893,-0.721282,-0.275131,0.672142
1316,951445827,0.049086,-0.099539,0.240405,-0.964307,-1.145128,-0.637573,0.540641
1317,951479161,0.042122,-0.097006,0.240256,-0.964932,-0.077552,-0.418720,0.864779
1318,951512495,0.035958,-0.095524,0.239897,-0.965418,-0.577291,0.246502,0.101995
1319,951545829,0.027442,-0.092419,0.240014,-0.965971,0.255342,0.966104,-0.432374
1320,951579163,0.016966,-0.091650,0.240336,-0.966205,-0.623239,0.177732,0.004513
1321,951612497,0.005851,-0.090572,0.242240,-0.965962,-0.989705,0.055209,0.492366
1322,951645831,-0.004164,-0.087963,0.246547,-0.965122,-0.873907,0.113980,0.852663
1323,951679165,-0.010948,-0.085123,0.252688,-0.963734,-0.551512,0.560896,0.310885
1324,951712499,-0.016900,-0.082226,0.259055,-0.962208,-0.571768,0.664519,0.411555
1325,951745833,-0.023771,-0.078542,0.264423,-0.960910,-0.456587,1.025444,-0.203158
1326,951779167,-0.031698,-0.075478,0.267769,-0.959999,-0.040665,0.779381,-0.499216
1327,951812501,-0.040241,-0.071852,0.269470,-0.959481,0.340542,0.988710,-0.631506
1328,951845835,-0.048822,-0.070581,0.267175,-0.959819,-1.095362,0.143468,0.275373
1329,951879169,-0.055429,-0.069983,0.264578,-0.960223,-0.577945,0.767324,-0.941643
1330,951912503,-0.060848,-0.068451,0.260737,-0.961056,-0.805798,0.300758,0.829360
1331,951945837,-0.065861,-0.068187,0.254688,-0.962366,-1.062608,0.000610,0.789631
1332,951979171,-0.070029,-0.069818,0.247156,-0.963917,-0.389758,0.885805,0.201157
1333,952012505,-0.074178,-0.072888,0.238524,-0.965553,-0.144821,0.527346,-0.821287
1334,952045839,-0.078121,-0.074536,0.229596,-0.967279,-0.037042,-0.469810,0.345971
1335,952079173,-0.082094,-0.076249,0.222339,-0.968510,-0.250954,-0.178920,0.418765
1336,952112507,-0.086742,-0.077934,0.216994,-0.969184,0.079057,0.189484,0.332752
1337,952145841,-0.091278,-0.080433,0.213406,-0.969359,0.626502,-0.161285,-0.308426
1338,952179175,-0.094780,-0.082560,0.212594,-0.969023,0.258799,-0.114995,0.449210
1339,952212509,-0.097600,-0.082822,0.215414,-0.968097,0.094731,0.484807,0.574700
1340,952245843,-0.099969,-0.083293,0.220698,-0.966624,-0.203295,0.028129,0.612174
1341,952279177,-0.101262,-0.081962,0.226903,-0.965165,0.558702,-0.087790,0.494464
1342,952312511,-0.101652,-0.081403,0.233166,-0.963678,-0.119803,0.654199,-0.140536
1343,952345845,-0.101932,-0.079796,0.237468,-0.962732,0.070317,0.344269,0.302826
1344,952379179,-0.101671,-0.077759,0.240155,-0.962259,-0.454967,1.072447,-0.804243
1345,952412513,-0.100181,-0.076966,0.240641,-0.962358,-0.407473,0.637290,0.218303
1346,952445847,-0.096254,-0.078233,0.239330,-0.962983,0.178622,0.556395,-0.061655
1347,952479181,-0.090170,-0.082968,0.237772,-0.963562,-1.105950,0.593964,0.310179
1348,952512515,-0.083689,-0.086677,0.236594,-0.964109,0.808740,0.146028,0.453713
1349,952545849,-0.077314,-0.090996,0.236662,-0.964227,-0.461043,0.506834,-0.127636
1350,952579183,-0.073560,-0.092872,0.237651,-0.964099,-0.082788,0.327197,0.450050
1351,952612517,-0.072328,-0.093388,0.239107,-0.963782,-0.015453,0.455241,-0.163140
1352,952645851,-0.072230,-0.091392,0.240807,-0.963558,1.014347,0.665926,-0.129879
1353,952679185,-0.073173,-0.090970,0.242674,-0.963058,-0.558953,0.255267,0.043541
1354,952712519,-0.075601,-0.089036,0.244155,-0.962677,-0.231323,0.061781,0.360810
1355,952745853,-0.077458,-0.088719,0.244520,-0.962465,0.864718,-0.198367,0.460493
1356,952779187,-0.078611,-0.089433,0.244481,-0.962316,-0.299588,0.108405,0.057715
1357,952812521,-0.080287,-0.089982,0.243650,-0.962337,-0.169956,0.299459,0.169819
1358,952845855,-0.082727,-0.090699,0.241629,-0.962572,0.296966,0.048924,0.181355
1359,952879189,-0.085873,-0.091579,0.237977,-0.963123,0.087925,-0.162441,-0.093868
1360,952912523,-0.089807,-0.091907,0.234424,-0.963605,-0.026348,0.388281,-0.489408
1361,952945857,-0.094934,-0.092691,0.230060,-0.964090,-0.177711,-0.083927,0.989395
1362,952979191,-0.101559,-0.094198,0.225272,-0.964399,-0.339037,0.088904,0.228753
1363,953012525,-0.109212,-0.095423,0.221408,-0.964337,0.144377,0.950847,0.574890
1364,953045859,-0.116504,-0.097357,0.219202,-0.963794,0.864593,-0.276878,0.565228
1365,953079193,-0.121923,-0.098503,0.220619,-0.962684,0.012582,0.529759,0.909323
1366,953112527,-0.127440,-0.100563,0.224652,-0.960822,-0.541129,0.588474,0.698991
1367,953145861,-0.133985,-0.102919,0.228257,-0.958830,-0.077151,0.277038,-0.352210
1368,953179195,-0.141242,-0.103809,0.231130,-0.957003,-0.948911,1.628941,-0.821577
1369,953212529,-0.150096,-0.099512,0.233554,-0.955522,0.308303,0.918017,0.124660
1370,953245863,-0.158658,-0.093021,0.235641,-0.954279,-0.033344,0.154664,0.974877
1371,953279197,-0.162735,-0.091027,0.238769,-0.953006,-0.176665,0.331803,0.234518
1372,953312531,-0.162413,-0.091382,0.242319,-0.952131,-0.238108,0.128629,0.050495
1373,953345865,-0.159868,-0.091395,0.246656,-0.951447,-0.222622,0.378689,0.002131
1374,953379199,-0.155638,-0.092479,0.249467,-0.951310,0.033827,0.780663,-0.506391
1375,953412533,-0.152119,-0.092184,0.250482,-0.951642,0.280765,0.801194,-0.252586
1376,953445867,-0.149071,-0.092525,0.249610,-0.952320,-0.325453,0.783716,0.252704
1377,953479201,-0.146181,-0.093806,0.246935,-0.953339,0.079854,0.032087,0.062242
1378,953512535,-0.143118,-0.095867,0.243488,-0.954485,-0.127815,0.474582,-0.130001
1379,953545869,-0.141162,-0.097150,0.240184,-0.955483,-0.074059,-0.141386,0.221146
1380,953579203,-0.139393,-0.097840,0.236958,-0.956477,-0.076556,0.007689,-0.177428
1381,953612537,-0.137441,-0.098468,0.234410,-0.957323,0.128433,0.317645,0.414692
1382,953645871,-0.136391,-0.098220,0.231055,-0.958313,-0.357243,-0.008381,0.706210
1383,953679205,-0.134746,-0.099274,0.227125,-0.959376,0.756692,0.070815,0.044985
1384,953712539,-0.133238,-0.100859,0.223013,-0.960386,-0.976105,0.558414,-0.200825
1385,953745873,-0.131135,-0.100453,0.218697,-0.961709,0.404946,0.208603,1.015083
1386,953779207,-0.128402,-0.101645,0.215543,-0.962664,-0.287167,0.393214,0.218689
1387,953812541,-0.124568,-0.103587,0.213883,-0.963331,0.690777,-0.005962,0.541924
1388,953845875,-0.119278,-0.105353,0.215386,-0.963474,-0.275168,1.533971,0.806791
1389,953879209,-0.113840,-0.108487,0.217732,-0.963257,0.123736,-0.512666,0.824514
1390,953912543,-0.107469,-0.112257,0.221668,-0.962659,-0.194828,0.962021,-0.134449
1391,953945877,-0.102793,-0.113180,0.224919,-0.962308,-0.483472,0.793432,-0.093398
1392,953979211,-0.098073,-0.112467,0.226912,-0.962416,0.054814,0.866339,-0.774371
1393,954012545,-0.092485,-0.110980,0.227762,-0.962941,-0.414792,0.480314,0.345227
1394,954045879,-0.084484,-0.110422,0.226259,-0.964094,-0.066355,1.122117,0.397234
1395,954079213,-0.073696,-0.115924,0.224129,-0.964830,-1.168041,0.959117,-0.699690
1396,954112547,-0.062319,-0.120975,0.220776,-0.965785,-0.026912,0.305627,0.629805
1397,954145881,-0.048661,-0.129113,0.217387,-0.966284,0.297262,0.740734,0.792077
1398,954179215,-0.035925,-0.139176,0.215201,-0.965934,-1.177138,0.403039,0.136573
1399,954212549,-0.026549,-0.146116,0.214330,-0.965406,0.529952,0.056811,0.014540
1400,954245883,-0.021098,-0.148488,0.216532,-0.964687,0.121604,0.228687,-0.116451
1401,954279217,-0.020626,-0.146155,0.220301,-0.964200,1.042238,0.393237,0.715200
1402,954312551,-0.023119,-0.143423,0.223319,-0.963859,0.064804,0.969978,-0.123422
1403,954345885,-0.026446,-0.141620,0.225733,-0.963478,-0.105559,1.198305,-0.499166
1404,954379219,-0.030189,-0.140757,0.226446,-0.963327,0.066845,0.084671,-0.000127
1405,954412553,-0.033223,-0.140505,0.226110,-0.963343,-0.132968,-0.175771,-0.129190
1406,954445887,-0.036391,-0.140901,0.226026,-0.963190,-0.787211,0.085839,0.011314
1407,954479221,-0.040383,-0.140041,0.225538,-0.963271,0.491883,-0.655375,0.004703
1408,954512555,-0.044915,-0.140218,0.224400,-0.963310,0.354207,-1.424619,1.002451
1409,954545889,-0.050206,-0.141748,0.222768,-0.963204,-0.310858,-0.025472,0.101218
1410,954579223,-0.058077,-0.142368,0.221304,-0.963007,-0.166839,-0.018236,0.198018
1411,954612557,-0.067041,-0.142132,0.219853,-0.962792,0.522231,-0.237172,-0.187475
1412,954645891,-0.076597,-0.141239,0.219228,-0.962353,0.059615,0.655837,-0.253912
1413,954679225,-0.086877,-0.140985,0.218760,-0.961624,1.506080,-0.911238,0.992400
1414,954712559,-0.096305,-0.144344,0.219667,-0.960019,0.650629,0.369357,0.633543
1415,954745893,-0.105236,-0.148884,0.222944,-0.957630,0.420416,0.544528,0.674548
1416,954779227,-0.113355,-0.152592,0.226987,-0.955167,-0.010944,0.230126,0.275380
1417,954812561,-0.121844,-0.152411,0.230822,-0.953230,-0.848230,1.095178,-0.008797
1418,954845895,-0.129026,-0.148950,0.232546,-0.952413,-0.427915,0.908641,-0.318420
1419,954879229,-0.135370,-0.146506,0.233585,-0.951656,-0.766353,0.713505,-1.210956
1420,954912563,-0.139078,-0.143705,0.234072,-0.951429,0.430285,-0.327802,-0.127891
1421,954945897,-0.138944,-0.144138,0.233804,-0.951449,-0.200770,-0.510119,1.082028
1422,954979231,-0.134928,-0.148653,0.236641,-0.950631,-2.225423,1.345765,1.270439
1423,955012565,-0.129745,-0.150238,0.241526,-0.949874,0.969319,0.289843,-0.037195
1424,955045899,-0.122141,-0.154067,0.247585,-0.948708,-0.104532,0.239824,-0.300571
1425,955079233,-0.115727,-0.156392,0.252359,-0.947874,-0.152776,0.725808,0.610527
1426,955112567,-0.111521,-0.158599,0.255778,-0.947094,0.298586,1.162895,0.021873
1427,955145901,-0.110521,-0.158017,0.257245,-0.946912,-0.577360,0.607866,-0.736312
1428,955179235,-0.110871,-0.155657,0.256890,-0.947358,0.280578,-0.062303,0.101593
1429,955212569,-0.108652,-0.154987,0.254825,-0.948282,-0.394401,0.158554,0.586374
1430,955245903,-0.104188,-0.155577,0.252293,-0.949363,-0.871956,0.368249,0.005940
1431,955279237,-0.098859,-0.156304,0.249013,-0.950678,0.369247,0.063170,0.220543
1432,955312571,-0.093574,-0.158161,0.245224,-0.951890,0.190459,-0.072978,0.240638
1433,955345905,-0.088792,-0.160400,0.240526,-0.953171,0.158831,0.732705,-0.316462
1434,955379239,-0.086111,-0.161551,0.235079,-0.954581,0.984185,0.629760,-0.630728
1435,955412573,-0.084391,-0.162803,0.229906,-0.955781,-0.262677,0.390656,0.211035
1436,955445907,-0.083658,-0.165825,0.224610,-0.956585,-0.793360,-0.121345,1.054224
1437,955479241,-0.082372,-0.170311,0.219791,-0.957027,0.313296,-0.561282,1.318572
1438,955512575,-0.078251,-0.179311,0.216026,-0.956586,-0.036415,0.703852,-0.726895
1439,955545909,-0.073081,-0.186179,0.215651,-0.955768,0.008662,-0.349944,0.354115
1440,955579243,-0.069168,-0.194297,0.218590,-0.953773,-0.390621,-0.061272,1.136773
1441,955612577,-0.068411,-0.199232,0.223859,-0.951585,-0.230605,0.103391,0.249771
1442,955645911,-0.069590,-0.198710,0.230447,-0.950035,0.240080,0.811692,0.201983
1443,955679245,-0.070173,-0.196549,0.236499,-0.948954,-0.030993,0.690750,-0.436848
1444,955712579,-0.069716,-0.191990,0.240046,-0.949030,-0.678899,0.254551,-0.151176
1445,955745913,-0.068965,-0.187701,0.241680,-0.949528,-1.514949,1.476299,-0.683939
1446,955779247,-0.067843,-0.182621,0.240608,-0.950871,-0.453639,-0.086069,-0.216846
1447,955812581,-0.063725,-0.179343,0.238614,-0.952281,-0.710316,0.992105,0.290390
1448,955845915,-0.058374,-0.178323,0.236423,-0.953361,-0.243098,0.582190,0.186814
1449,955879249,-0.054678,-0.177165,0.234650,-0.954234,-0.920370,-0.036637,1.137856
1450,955912583,-0.050884,-0.175818,0.234391,-0.954757,0.781896,0.976541,0.556406
1451,955945917,-0.046959,-0.175144,0.234973,-0.954939,0.618440,0.839567,-0.356637
1452,955979251,-0.045160,-0.173393,0.235974,-0.955098,-0.915052,0.920879,-0.207545
1453,956012585,-0.045518,-0.170672,0.236100,-0.955540,-0.007985,0.071416,-0.037825
1454,956045919,-0.046045,-0.168209,0.235558,-0.956085,-0.242872,0.782723,0.428924
1455,956079253,-0.046503,-0.167302,0.233719,-0.956673,-0.084403,0.502748,-0.211279
1456,956112587,-0.046437,-0.167794,0.231370,-0.957161,-0.003311,0.495958,-0.344298
1457,956145921,-0.047317,-0.168642,0.228428,-0.957676,-0.391424,-0.324378,0.733277
1458,956179255,-0.048904,-0.168598,0.226176,-0.958138,0.209795,-0.051709,0.238858
1459,956212589,-0.052058,-0.168123,0.224258,-0.958506,0.012626,0.191042,0.015657
1460,956245923,-0.056056,-0.167327,0.222560,-0.958815,0.335281,0.142704,-0.091312
1461,956279257,-0.060379,-0.167033,0.219899,-0.959218,-0.141737,-0.110597,0.397510
1462,956312591,-0.064680,-0.167640,0.215950,-0.959729,-0.725209,-0.289874,0.402354
1463,956345925,-0.069161,-0.167615,0.211145,-0.960490,0.170574,-0.498686,0.115982
1464,956379259,-0.074365,-0.167155,0.206254,-0.961243,-1.269506,-0.020008,1.457639
1465,956412593,-0.081925,-0.163475,0.203548,-0.961838,0.022571,-0.397795,0.540708
1466,956445927,-0.091367,-0.162160,0.202838,-0.961360,0.287966,-0.437715,-0.815156
1467,956479261,-0.101671,-0.160275,0.205130,-0.960155,0.579103,0.201896,-0.730639
1468,956512595,-0.112832,-0.157331,0.209612,-0.958425,-0.421688,0.454389,0.917009
1469,956545929,-0.123467,-0.155183,0.215467,-0.956164,-0.580245,-0.830170,0.669531
1470,956579263,-0.133533,-0.152698,0.222499,-0.953597,-0.987250,0.209559,0.356023
1471,956612597,-0.144971,-0.149751,0.229269,-0.950786,-0.662895,0.470189,-0.203158
1472,956645931,-0.159016,-0.145837,0.234976,-0.947751,0.044972,0.350935,0.093602
1473,956679265,-0.175230,-0.141367,0.239399,-0.944457,-0.783886,0.357387,0.342874
1474,956712599,-0.190882,-0.135241,0.244477,-0.941013,0.082369,1.206202,-0.311304
1475,956745933,-0.206053,-0.129371,0.249117,-0.937415,-0.666287,-0.708300,0.350647
1476,956779267,-0.218180,-0.123443,0.254257,-0.934084,-1.308815,-0.153252,1.462913
1477,956812601,-0.227846,-0.116190,0.259829,-0.931169,0.211266,0.766285,0.007831
1478,956845935,-0.238159,-0.108968,0.264970,-0.928008,-0.592776,0.755385,-0.325007
1479,956879269,-0.250316,-0.100148,0.269239,-0.924567,-1.493285,0.183952,-0.019932
1480,956912603,-0.263313,-0.089730,0.272523,-0.921058,-0.238777,0.260706,0.245369
1481,956945937,-0.274983,-0.079608,0.274647,-0.917942,0.308130,0.408862,0.147223
1482,956979271,-0.286758,-0.070677,0.275093,-0.914931,-1.467064,0.947488,0.615562
1483,957012605,-0.297693,-0.061215,0.274821,-0.912198,-0.462375,-0.024997,0.650273
1484,957045939,-0.307972,-0.052909,0.273652,-0.909653,-0.211226,0.113091,-0.387098
1485,957079273,-0.319051,-0.045685,0.272399,-0.906598,-1.239972,0.628745,0.737856
1486,957112607,-0.330661,-0.037608,0.270987,-0.903225,-0.338923,0.335647,-0.026401
1487,957145941,-0.341914,-0.031495,0.269141,-0.899815,-0.759887,-0.039685,0.151040
1488,957179275,-0.353421,-0.024419,0.267068,-0.896199,-0.768315,0.229601,-0.055271
1489,957212609,-0.363632,-0.020245,0.266328,-0.892431,-1.078237,0.400440,0.036316
1490,957245943,-0.373575,-0.012502,0.267095,-0.888227,0.097346,1.157327,0.564241
1491,957279277,-0.384815,-0.005913,0.269460,-0.882765,-1.163603,1.388257,-0.233840
1492,957312611,-0.395950,0.005258,0.272638,-0.876850,-0.165179,1.314691,0.005733
1493,957345945,-0.406719,0.018325,0.275003,-0.870987,-1.035406,2.129799,-0.462183
1494,957379279,-0.417241,0.036297,0.274257,-0.865665,0.873502,0.673125,-0.550355
1495,957412613,-0.424917,0.049259,0.273076,-0.861655,1.037730,0.434460,-0.587241
1496,957445947,-0.429938,0.055104,0.271430,-0.859327,0.282786,1.095048,-0.034414
1497,957479281,-0.433603,0.058076,0.269447,-0.857913,0.223231,0.390997,-0.155170
1498,957512615,-0.437696,0.059670,0.267697,-0.856272,0.211274,-0.032945,-0.266194
1499,957545949,-0.444480,0.063499,0.266339,-0.852918,-0.309161,0.702815,1.532978
1500,957579283,-0.456304,0.073143,0.263132,-0.846876,0.203368,-0.705399,1.327601
1501,957612617,-0.469020,0.082651,0.259970,-0.840003,0.287243,-0.136925,-0.639356
1502,957645951,-0.482824,0.091919,0.256649,-0.832204,0.129704,0.838748,-0.123387
1503,957679285,-0.496581,0.101459,0.252963,-0.824089,0.571805,0.638342,0.049853
1504,957712619,-0.509212,0.106633,0.250106,-0.816566,-0.251981,0.402664,-0.262832
1505,957745953,-0.521057,0.109899,0.247424,-0.809446,-0.527424,0.200634,0.627432
1506,957779287,-0.533146,0.112640,0.243445,-0.802373,-0.475215,-0.201843,0.434116
1507,957812621,-0.544736,0.113511,0.240143,-0.795431,-0.359380,0.199000,-0.499263
1508,957845955,-0.555957,0.113994,0.237104,-0.788479,-0.258864,0.695835,0.258366
1509,957879289,-0.567921,0.115624,0.233573,-0.780731,-0.294925,0.539019,0.311978
1510,957912623,-0.581113,0.117931,0.230163,-0.771638,-0.323278,0.233337,0.290771
1511,957945957,-0.595411,0.120717,0.226724,-0.761255,-0.399552,-0.260483,-0.066607
1512,957979291,-0.611549,0.124560,0.222319,-0.749044,-0.577730,-0.058762,0.363441
1513,958012625,-0.628376,0.129143,0.218436,-0.735358,0.003250,0.175795,-0.072845
1514,958045959,-0.644804,0.134998,0.216197,-0.720600,-0.187647,0.576793,0.633858
1515,958079293,-0.659600,0.142032,0.215295,-0.705977,-0.120542,1.557127,0.777772
1516,958112627,-0.672495,0.149568,0.215136,-0.692168,-0.225479,0.954746,0.455636
1517,958145961,-0.684784,0.156084,0.213538,-0.679051,0.289582,-0.274273,-0.707238
1518,958179295,-0.696496,0.160604,0.211245,-0.666691,0.684957,-0.269619,-0.747623
1519,958212629,-0.709703,0.166869,0.206480,-0.652567,0.124587,0.816757,0.248924
1520,958245963,-0.722196,0.173938,0.200968,-0.638585,-0.514505,0.511199,0.384963
1521,958279297,-0.732367,0.181400,0.196487,-0.626200,-1.119332,1.260322,1.247420
1522,958312631,-0.740520,0.189112,0.193895,-0.615038,-0.162455,1.224568,0.950588
1523,958345965,-0.747387,0.194148,0.193362,-0.605253,0.332299,0.725637,-0.537419
1524,958379299,-0.753831,0.198151,0.192306,-0.596234,0.228185,-0.260558,-1.054594
1525,958412633,-0.760133,0.199006,0.189919,-0.588665,-0.546077,-0.761276,0.307057
1526,958445967,-0.766014,0.198555,0.186887,-0.582127,1.105789,0.549110,0.075728
1527,958479301,-0.772434,0.197710,0.182944,-0.575143,0.296640,-0.248715,-0.287867
1528,958512635,-0.778047,0.195398,0.178910,-0.569609,-1.154904,0.481994,-0.028499
1529,958545969,-0.781780,0.194188,0.174999,-0.566115,0.453051,1.021631,0.931735
1530,958579303,-0.784260,0.191873,0.173184,-0.564029,1.041065,0.581688,0.331790
1531,958612637,-0.785867,0.187536,0.174069,-0.562978,0.226252,0.629669,-0.175316
1532,958645971,-0.788578,0.183151,0.174178,-0.560592,0.225113,0.377243,0.089791
1533,958679305,-0.792219,0.178604,0.175460,-0.556512,0.285042,0.004493,-0.098190
1534,958712639,-0.796971,0.178293,0.173482,-0.550411,-0.148089,-0.072112,0.160586
1535,958745973,-0.800614,0.179819,0.173064,-0.544731,0.076739,0.781495,0.835603
1536,958779307,-0.803060,0.182030,0.175313,-0.539653,0.017665,0.579390,0.697358
1537,958812641,-0.804110,0.185264,0.179298,-0.535665,0.525761,0.687266,0.790230
1538,958845975,-0.805412,0.190717,0.181353,-0.531084,0.859998,0.213861,-0.218625
1539,958879309,-0.807408,0.195715,0.180552,-0.526488,0.408051,0.316525,-0.545698
1540,958912643,-0.808642,0.199110,0.179197,-0.523777,0.898372,0.196647,-0.401402
1541,958945977,-0.808733,0.197573,0.179956,-0.523958,1.048717,0.843074,0.241348
1542,958979311,-0.808338,0.194458,0.181743,-0.525116,1.463706,0.606657,0.018552
1543,959012645,-0.808483,0.191412,0.183475,-0.525409,0.695297,-0.082698,-0.066846
1544,959045979,-0.809758,0.189231,0.183269,-0.524305,-0.040256,-0.042477,0.317800
1545,959079313,-0.812510,0.191189,0.180303,-0.520351,0.538258,-0.372335,0.555964
1546,959112647,-0.816983,0.192145,0.176583,-0.514236,0.109493,-0.611984,-0.328841
1547,959145981,-0.821984,0.193927,0.173614,-0.506550,0.865204,0.202320,-0.400361
1548,959179315,-0.827002,0.195640,0.171074,-0.498526,-0.250368,0.651686,0.284501
1549,959212649,-0.832946,0.198714,0.166986,-0.488703,0.281432,0.527593,0.560164
1550,959245983,-0.839329,0.200495,0.163252,-0.478204,0.293016,-0.507551,0.407259
1551,959279317,-0.846277,0.202150,0.160062,-0.466188,-0.078820,-0.415493,-0.079399
1552,959312651,-0.853358,0.206047,0.156306,-0.452652,-0.075774,-0.104793,-0.016477
1553,959345985,-0.860624,0.210312,0.153004,-0.437819,-0.367891,0.804742,0.422965
1554,959379319,-0.867176,0.212525,0.150051,-0.424647,0.333698,0.125817,0.297327
1555,959412653,-0.873534,0.211812,0.149659,-0.411918,0.124192,0.398306,-0.107270
1556,959445987,-0.880165,0.208495,0.151668,-0.398543,0.074748,0.519236,-0.077283
1557,959479321,-0.887258,0.203962,0.155477,-0.383406,-0.942676,0.894506,0.085159
1558,959512655,-0.893420,0.202459,0.160716,-0.367400,-0.347389,0.923922,0.355922
1559,959545989,-0.897284,0.205774,0.168672,-0.352262,-0.012110,1.118766,0.555881
1560,959579323,-0.899977,0.213646,0.176744,-0.336392,0.020271,0.699163,0.518760
1561,959612657,-0.902769,0.222457,0.183636,-0.319060,0.271834,-0.601525,0.047792
1562,959645991,-0.906491,0.232220,0.186920,-0.299015,0.035889,0.100860,-0.041645
1563,959679325,-0.910868,0.244202,0.183428,-0.277559,0.802110,-0.040879,0.155988
1564,959712659,-0.914395,0.254140,0.180870,-0.258034,-0.469211,0.460117,-0.354869
1565,959745993,-0.916233,0.261467,0.180751,-0.243888,0.900290,0.414149,0.627689
1566,959779327,-0.917178,0.265764,0.183144,-0.233693,1.142992,0.014121,0.069826
1567,959812661,-0.918277,0.267956,0.185073,-0.225202,0.840324,-0.027306,-0.603629
1568,959845995,-0.920426,0.267961,0.183950,-0.217201,-0.545203,0.382103,-0.173773
1569,959879329,-0.922561,0.265941,0.182770,-0.211549,0.970082,-0.616947,-0.212461
1570,959912663,-0.924760,0.263386,0.180648,-0.206915,0.989863,-0.291376,-0.110694
1571,959945997,-0.927467,0.260444,0.177416,-0.201245,-0.022976,0.899761,0.682897
1572,959979331,-0.929969,0.256682,0.175303,-0.196321,0.635263,0.139061,0.676569
1573,960012665,-0.932312,0.252475,0.174100,-0.191680,-0.033134,-0.414482,-0.240530
1574,960045999,-0.934753,0.248611,0.172575,-0.186140,0.827713,0.043735,-0.233553
1575,960079333,-0.937923,0.244269,0.168449,-0.179610,-0.100064,-0.333573,0.048024
1576,960112667,-0.940891,0.238824,0.165676,-0.173894,0.420901,-0.311476,-0.275960
1577,960146001,-0.943742,0.232647,0.162790,-0.169493,0.940048,-0.744805,-0.216273
1578,960179335,-0.946645,0.227365,0.156705,-0.166172,1.047936,-0.951197,0.155065
1579,960212669,-0.948554,0.225596,0.148740,-0.165011,1.012644,-0.219277,1.279325
1580,960246003,-0.948637,0.225061,0.147232,-0.166609,0.554132,0.222146,1.193329
1581,960279337,-0.947993,0.224612,0.151825,-0.166759,1.072953,-0.071088,-0.360324
1582,960312671,-0.949007,0.224474,0.151561,-0.161332,1.751160,-0.833101,-0.078874
1583,960346005,-0.950966,0.225205,0.147085,-0.152688,0.171684,-2.096272,-1.050056
1584,960379339,-0.953037,0.225086,0.140908,-0.145608,0.438945,-1.224000,0.196608
1585,960412673,-0.954152,0.224054,0.137879,-0.142776,1.251898,0.055724,0.204585
1586,960446007,-0.954116,0.222928,0.139573,-0.143128,1.977194,1.438475,0.271537
1587,960479341,-0.953637,0.224041,0.140279,-0.143891,0.361754,0.191408,0.037541
1588,960512675,-0.953696,0.226619,0.137354,-0.142276,-0.634370,-0.672745,0.051455
1589,960546009,-0.954544,0.229242,0.131947,-0.137420,-0.606144,-1.329504,0.491475
1590,960579343,-0.955473,0.230835,0.130861,-0.129085,0.513267,-0.180002,0.384975
1591,960612677,-0.956725,0.232892,0.128503,-0.118012,-0.048782,0.207429,-0.134077
1592,960646011,-0.957956,0.235512,0.124857,-0.106138,0.402865,-0.152866,0.065793
1593,960679345,-0.958846,0.238460,0.122014,-0.094152,0.626217,0.706872,-0.330654
1594,960712679,-0.959630,0.241282,0.118919,-0.082178,0.752897,0.425627,0.824903
1595,960746013,-0.960188,0.244246,0.115848,-0.070445,0.861296,0.227954,-0.117101
1596,960779347,-0.960951,0.246347,0.111855,-0.058093,0.405312,0.774491,0.454295
1597,960812681,-0.961855,0.246764,0.108601,-0.046368,0.404235,0.438848,0.310010
1598,960846015,-0.962798,0.245593,0.107064,-0.035249,0.054238,0.590074,0.327166
1599,960879349,-0.963828,0.243037,0.106318,-0.025806,-0.706515,0.195268,0.357229
1600,960912683,-0.964580,0.240256,0.107621,-0.016783,0.029559,0.419696,-0.592360
1601,960946017,-0.965494,0.236774,0.108259,-0.006358,0.231074,1.600268,0.449399
1602,960979351,-0.966148,0.234662,0.107097,0.004802,0.093428,0.030582,0.510214
1603,961012685,-0.966195,0.234278,0.106330,0.016582,0.440202,0.920887,-0.317306
1604,961046019,-0.965550,0.237007,0.104028,0.026828,0.332924,0.297323,0.512737
1605,961079353,-0.964564,0.240224,0.103281,0.035250,0.114044,-0.014972,0.289985
1606,961112687,-0.963750,0.242345,0.103085,0.042772,0.320782,-0.533929,0.382345
1607,961146021,-0.963368,0.242788,0.101910,0.050902,-0.271252,-1.493669,0.313354
1608,961179355,-0.963027,0.242229,0.100162,0.062230,1.311891,-0.769290,-0.728027
1609,961212689,-0.962615,0.242143,0.096096,0.074203,0.106019,0.218262,0.483185
1610,961246023,-0.962156,0.242536,0.092111,0.083356,1.527962,-0.444136,0.925072
1611,961279357,-0.961280,0.245520,0.088082,0.088905,0.217572,-0.396214,0.401769
1612,961312691,-0.959961,0.250666,0.084053,0.092612,1.141477,-0.656424,-0.031241
1613,961346025,-0.958373,0.256747,0.079583,0.096283,0.720222,-0.771907,1.015957
1614,961379359,-0.957051,0.261365,0.075162,0.100468,-0.366006,-0.939680,-0.362321
1615,961412693,-0.956183,0.263538,0.070714,0.106124,1.005943,-1.081591,0.168363
1616,961446027,-0.955826,0.263460,0.065063,0.112934,0.531655,-0.478241,0.153863
1617,961479361,-0.955794,0.262310,0.060372,0.118353,0.365682,-0.164814,0.039959
1618,961512695,-0.956115,0.260266,0.057090,0.121847,0.465306,-0.468399,0.355963
1619,961546029,-0.956459,0.258190,0.055742,0.124171,0.358824,-0.563375,-0.012939
1620,961579363,-0.956724,0.256790,0.053735,0.125900,0.187589,-0.864547,-0.269695
1621,961612697,-0.957166,0.254712,0.050842,0.127952,0.245799,-0.007865,0.519703
1622,961646031,-0.957506,0.253108,0.049586,0.129075,0.130846,-0.495217,0.045004
1623,961679365,-0.957804,0.251234,0.047765,0.131196,0.680065,-0.476861,0.647858
1624,961712699,-0.958195,0.248891,0.047146,0.133018,-0.065759,-0.486105,0.227956
1625,961746033,-0.958928,0.245698,0.048272,0.133268,-0.380968,-0.616446,-0.217179
1626,961779367,-0.960139,0.241428,0.053110,0.130480,1.166657,-0.243189,0.543051
1627,961812701,-0.960865,0.238747,0.058746,0.127626,0.243030,-0.715508,0.641816
1628,961846035,-0.960509,0.239441,0.065361,0.125776,0.576276,-0.977758,0.373222
1629,961879369,-0.959686,0.241577,0.067449,0.126862,0.262790,-0.005420,0.557452
1630,961912703,-0.958573,0.244434,0.067047,0.129986,-0.481066,-0.356979,0.193888
1631,961946037,-0.957710,0.245596,0.065376,0.134913,-0.001947,-0.835793,-1.419956
1632,961979371,-0.957711,0.243693,0.060172,0.140653,0.064010,-1.024956,-0.149283
1633,962012705,-0.958166,0.240606,0.058025,0.143738,0.095706,-1.104297,-0.021464
1634,962046039,-0.958837,0.237791,0.058260,0.143854,0.794169,-0.445152,1.104658
1635,962079373,-0.959204,0.236694,0.058611,0.143068,0.629980,-0.299216,0.834352
1636,962112707,-0.958855,0.238258,0.056747,0.143563,0.169209,-0.754094,0.388309
1637,962146041,-0.958215,0.240442,0.054015,0.145237,-0.391014,-0.757472,-0.050006
1638,962179375,-0.957288,0.242986,0.052493,0.147658,0.121374,-1.230624,-0.482086
1639,962212709,-0.956645,0.244194,0.052497,0.149815,-0.032913,-0.730912,0.219801
1640,962246043,-0.956133,0.244658,0.054247,0.151689,-0.160897,-0.792083,-0.203218
1641,962279377,-0.955666,0.244709,0.056388,0.153755,-0.261466,-0.442697,-0.031263
1642,962312711,-0.955037,0.245318,0.057304,0.156334,-0.377033,-0.664235,-0.029590
1643,962346045,-0.954119,0.246573,0.056900,0.160066,-0.085302,-0.519578,0.084893
1644,962379379,-0.952964,0.247997,0.054827,0.165381,0.398009,-0.265295,0.363240
1645,962412713,-0.952031,0.248561,0.051648,0.170844,-0.121023,-0.020654,0.348311
1646,962446047,-0.951530,0.248322,0.048785,0.174777,-0.434382,-0.226567,0.301588
1647,962479381,-0.951462,0.246884,0.048685,0.177196,0.591429,-0.154514,-0.283947
1648,962512715,-0.951753,0.244561,0.049866,0.178521,0.270975,0.081527,0.110073
1649,962546049,-0.951872,0.242528,0.052654,0.179858,0.524752,0.118264,0.433948
1650,962579383,-0.951715,0.240812,0.054956,0.182289,-0.305153,0.350960,0.092907
1651,962612717,-0.951327,0.238553,0.057223,0.186536,0.080067,0.253458,0.248424
1652,962646051,-0.950541,0.236275,0.057565,0.193215,0.106946,-0.142881,0.306988
1653,962679385,-0.949229,0.234461,0.056871,0.201886,0.115699,0.221079,0.338067
1654,962712719,-0.948184,0.232372,0.056184,0.209273,-0.235238,-0.056770,0.800057
1655,962746053,-0.947247,0.232217,0.057475,0.213298,-0.273321,-0.888722,-0.395753
1656,962779387,-0.946661,0.231755,0.059416,0.215854,0.308340,0.221066,0.359438
1657,962812721,-0.945958,0.232611,0.061939,0.217303,0.461542,-0.991073,0.084069
1658,962846055,-0.945038,0.233900,0.065109,0.218986,0.493510,-0.409899,0.056727
1659,962879389,-0.943806,0.236321,0.069226,0.220433,-0.169116,-0.260967,0.499464
1660,962912723,-0.942249,0.239150,0.071493,0.223304,-0.584756,-0.384623,-0.285313
1661,962946057,-0.940154,0.242186,0.071812,0.228691,-0.533849,-0.647840,-0.191131
1662,962979391,-0.937813,0.244804,0.069121,0.236222,-0.809477,-0.077935,0.285424
1663,963012725,-0.935322,0.248144,0.064452,0.243813,0.067946,-0.424020,0.698289
1664,963046059,-0.932815,0.252485,0.059739,0.250077,0.035693,-0.269238,0.501105
1665,963079393,-0.930760,0.258087,0.055700,0.252936,-0.013748,-0.505652,0.339636
1666,963112727,-0.929473,0.263643,0.052567,0.252608,-0.193828,-0.859386,-0.608889
1667,963146061,-0.928708,0.267599,0.050344,0.251711,0.511278,-0.586925,0.210723
1668,963179395,-0.928547,0.269196,0.048671,0.250930,0.278800,-0.319663,-0.000488
1669,963212729,-0.928830,0.268648,0.047321,0.250730,-0.167678,-0.528427,-0.285671
1670,963246063,-0.929553,0.266347,0.045861,0.250775,-0.429020,-0.320886,-0.009870
1671,963279397,-0.930350,0.263929,0.045397,0.250459,0.004559,-0.312837,0.354602
1672,963312731,-0.931345,0.261950,0.046061,0.248712,0.163960,-0.212977,0.401146
1673,963346065,-0.932457,0.260303,0.047588,0.245974,0.404288,-0.425590,0.176141
1674,963379399,-0.933475,0.259164,0.049054,0.243007,-0.021102,-0.096704,0.482842
1675,963412733,-0.934591,0.257828,0.051187,0.239676,0.132069,-0.077854,0.488594
1676,963446067,-0.935812,0.255931,0.053255,0.236474,-0.113212,-0.456616,-0.109845
1677,963479401,-0.937347,0.252983,0.055403,0.233048,-0.341590,-0.264243,0.371427
1678,963512735,-0.939242,0.248950,0.056620,0.229443,-0.025591,-0.500364,-0.136225
1679,963546069,-0.941488,0.245076,0.058722,0.223809,0.038856,-0.799557,0.275794
1680,963579403,-0.943695,0.243162,0.062215,0.215502,0.629377,-0.705699,0.453445
1681,963612737,-0.945340,0.244464,0.068428,0.204668,0.123604,-0.135498,0.357130
1682,963646071,-0.946638,0.247352,0.073952,0.192938,-0.603296,-0.116210,0.367968
1683,963679405,-0.947287,0.250633,0.077709,0.183826,0.236110,-0.364507,0.213477
1684,963712739,-0.947555,0.253117,0.077463,0.179085,-0.322962,-0.847358,-0.352520
1685,963746073,-0.947915,0.254428,0.075759,0.176023,-0.746000,-1.045306,-0.330073
1686,963779407,-0.948836,0.254378,0.076291,0.170828,-0.400750,-0.897279,-0.469619
1687,963812741,-0.950550,0.252847,0.080088,0.161582,0.390085,-0.485535,0.190928
1688,963846075,-0.952448,0.250145,0.086555,0.150929,1.185123,-0.558314,0.598970
1689,963879409,-0.953927,0.247805,0.093344,0.141077,0.241188,-0.428691,0.334558
1690,963912743,-0.954708,0.246696,0.099655,0.133206,-0.490581,0.055836,0.410203
1691,963946077,-0.954891,0.246747,0.104187,0.128237,-0.318734,0.541169,-0.155496
1692,963979411,-0.954974,0.247531,0.103779,0.126430,-0.394720,0.239380,0.074748
1693,964012745,-0.955006,0.247817,0.102373,0.126771,-0.709737,0.272487,0.170920
1694,964046079,-0.954931,0.247968,0.100815,0.128281,0.065357,-0.361183,-0.250031
1695,964079413,-0.954834,0.247766,0.099117,0.130688,0.087126,-0.327539,-0.010554
1696,964112747,-0.954890,0.246400,0.098133,0.133575,0.446608,0.142715,0.483420
1697,964146081,-0.955144,0.244315,0.098456,0.135345,-0.583562,0.041856,0.198561
1698,964179415,-0.955410,0.241991,0.100437,0.136181,0.333012,-0.360630,-0.102365
1699,964212749,-0.955857,0.238973,0.101383,0.137665,-0.615902,0.490865,0.331115
1700,964246083,-0.956217,0.235426,0.103349,0.139798,0.244124,0.224450,0.476523
1701,964279417,-0.956540,0.230843,0.105456,0.143603,0.345389,-0.078044,-0.715352
1702,964312751,-0.956984,0.225697,0.106054,0.148306,-0.507645,0.246689,0.470946
1703,964346085,-0.957258,0.220732,0.108371,0.152288,-0.314557,-0.008578,0.623370
1704,964379419,-0.957277,0.215382,0.112803,0.156548,-0.113324,0.338516,0.162168
1705,964412753,-0.956904,0.210283,0.118514,0.161468,-0.041884,0.056570,-0.131706
1706,964446087,-0.956080,0.205844,0.124199,0.167671,0.218482,-0.114628,0.033416
1707,964479421,-0.955106,0.201660,0.127552,0.175603,0.355818,0.560423,0.503499
1708,964512755,-0.953595,0.200410,0.128869,0.184080,-0.356536,0.260558,0.319628
1709,964546089,-0.951698,0.203060,0.127617,0.191710,-0.289050,0.062287,0.872370
1710,964579423,-0.949120,0.208920,0.126861,0.198573,-0.191161,0.064891,0.825589
1711,964612757,-0.945935,0.215735,0.127219,0.206111,-0.131038,-0.792813,0.143440
1712,964646091,-0.942854,0.221317,0.128065,0.213647,-1.407569,-0.188891,-0.880995
1713,964679425,-0.940675,0.224333,0.125846,0.221291,-0.709357,-0.682945,0.147871
1714,964712759,-0.938837,0.226238,0.121555,0.229403,0.047244,-1.136537,0.432189
1715,964746093,-0.936778,0.228738,0.118283,0.236928,0.513770,-0.980807,0.444927
1716,964779427,-0.934561,0.232976,0.116903,0.242184,0.678212,-0.315108,0.800199
1717,964812761,-0.932299,0.238982,0.119910,0.243576,0.223232,-0.023699,0.196488
1718,964846095,-0.930511,0.244420,0.123659,0.243138,0.561446,-0.257069,-0.615372
1719,964879429,-0.929590,0.247587,0.124433,0.243066,0.325250,-0.084316,0.088052
1720,964912763,-0.929152,0.248596,0.123525,0.244170,0.009315,-0.489891,-0.000953
1721,964946097,-0.928700,0.248332,0.123240,0.246291,-0.466025,-0.495927,-0.239728
1722,964979431,-0.928462,0.247576,0.122753,0.248188,-0.176304,-0.808387,-0.312971
1723,965012765,-0.928870,0.245026,0.120332,0.250366,-0.083139,0.323752,0.687066
1724,965046099,-0.929483,0.242460,0.120478,0.250521,0.377931,0.129378,0.336637
1725,965079433,-0.930395,0.240177,0.122136,0.248522,0.011148,-0.225866,-0.092550
1726,965112767,-0.931774,0.236013,0.121489,0.247662,0.538489,0.067771,0.478061
1727,965146101,-0.933001,0.232321,0.122337,0.246110,-0.002309,-0.231344,0.506705
1728,965179435,-0.934215,0.229188,0.125536,0.242811,-0.338830,-0.322628,0.245759
1729,965212769,-0.935473,0.226454,0.128796,0.238790,-0.421759,-0.764428,0.237413
1730,965246103,-0.936523,0.224178,0.131958,0.235066,-0.705171,0.417057,0.769438
1731,965279437,-0.936956,0.224220,0.137860,0.229855,-0.101604,0.215169,0.310038
1732,965312771,-0.936741,0.227673,0.138698,0.226816,1.299960,-0.247592,0.140089
1733,965346105,-0.936497,0.232778,0.132300,0.226464,-0.443338,0.819275,0.413841
1734,965379439,-0.935848,0.238437,0.126824,0.226391,-0.847455,-0.151154,-0.161115
1735,965412773,-0.935276,0.242441,0.121577,0.227378,0.167850,-0.987978,0.052982
1736,965446107,-0.935514,0.243572,0.114801,0.228711,-0.088736,-1.169435,-0.122979
1737,965479441,-0.936293,0.242885,0.111807,0.227732,0.274781,-1.527682,-0.274980
1738,965512775,-0.937905,0.240588,0.113330,0.222732,0.193560,-1.064660,-0.121513
1739,965546109,-0.940347,0.237201,0.115934,0.214576,-0.087094,-0.575710,0.111969
1740,965579443,-0.942858,0.233610,0.122444,0.203600,-0.187036,-0.328276,0.427657
1741,965612777,-0.945194,0.231346,0.128127,0.191496,-0.891509,-0.172223,0.512518
1742,965646111,-0.947085,0.229903,0.133462,0.179896,-0.950639,-0.081374,0.170953
1743,965679445,-0.948785,0.228632,0.136228,0.170225,-0.267942,-0.764636,-0.291805
1744,965712779,-0.950010,0.227962,0.137311,0.163285,0.158830,-1.290793,-0.354296
1745,965746113,-0.951256,0.225881,0.135232,0.160632,-0.209983,-0.004930,0.085397
1746,965779447,-0.952420,0.223236,0.132482,0.159719,0.048213,-0.213054,0.366702
1747,965812781,-0.953120,0.221055,0.130952,0.159841,-0.338471,-0.621708,-0.158516
1748,965846115,-0.953196,0.218967,0.131186,0.162053,0.471348,-0.193282,-0.129192
1749,965879449,-0.953274,0.216170,0.130208,0.166089,0.060253,0.142926,0.501183
1750,965912783,-0.953042,0.212916,0.130649,0.171198,-0.146908,-0.033091,0.524914
1751,965946117,-0.952884,0.208270,0.132629,0.176198,-0.449552,0.375389,0.370101
1752,965979451,-0.952827,0.203075,0.135656,0.180219,-0.342524,-0.380777,0.285167
1753,966012785,-0.952868,0.197589,0.138994,0.183529,0.099117,-0.203278,0.315125
1754,966046119,-0.952455,0.193189,0.143145,0.187129,0.104157,-0.184166,0.326719
1755,966079453,-0.951448,0.191627,0.146918,0.190895,0.118469,0.008429,0.274990
1756,966112787,-0.949766,0.193610,0.149893,0.194916,-0.611058,0.227687,0.406624
1757,966146121,-0.947693,0.198484,0.151968,0.198467,-0.190878,-0.171985,0.786152
1758,966179455,-0.945593,0.205161,0.152770,0.201058,-0.523253,0.227372,0.528547
1759,966212789,-0.943339,0.212437,0.151588,0.204948,-0.442946,-0.038064,-0.591594
1760,966246123,-0.941390,0.217781,0.146981,0.211550,-0.089604,-0.572631,-0.496606
1761,966279457,-0.939603,0.221428,0.141747,0.219146,-0.006678,-0.887102,-0.519769
1762,966312791,-0.938172,0.223802,0.136204,0.226266,0.217395,-0.641383,0.049255
1763,966346125,-0.937571,0.225895,0.130731,0.229876,-0.059216,-0.644437,0.500907
1764,966379459,-0.937610,0.227621,0.127237,0.229975,0.246973,-0.156861,0.232707
1765,966412793,-0.938013,0.229826,0.124133,0.227821,0.490028,0.068681,0.943689
1766,966446127,-0.938364,0.233263,0.123478,0.223193,-0.301019,-0.636030,0.130146
1767,966479461,-0.938309,0.236923,0.124754,0.218818,-0.257908,-0.456223,-0.541552
1768,966512795,-0.938502,0.238473,0.124440,0.216470,-0.167751,-0.403693,0.063982
1769,966546129,-0.938514,0.239607,0.124377,0.215200,0.326421,-0.524312,0.027059
1770,966579463,-0.939354,0.239319,0.121570,0.213453,-0.044302,0.040821,-0.164765
1771,966612797,-0.940645,0.238157,0.119199,0.210380,0.027272,-0.080363,0.544756
1772,966646131,-0.942172,0.236414,0.118635,0.205786,-0.165406,-0.124159,0.438231
1773,966679465,-0.943305,0.235520,0.120050,0.200737,-0.333544,-0.223015,0.058507
1774,966712799,-0.944265,0.234010,0.120909,0.197444,-0.018162,0.130768,0.629033
1775,966746133,-0.944983,0.232179,0.121783,0.195630,-0.035968,-0.354600,-0.280573
1776,966779467,-0.945847,0.229225,0.122139,0.194710,-0.309363,-0.064674,-0.072098
1777,966812801,-0.946948,0.225577,0.122376,0.193468,-0.312840,0.105780,-0.042481
1778,966846135,-0.948223,0.221811,0.122794,0.191300,-0.176568,-0.316851,0.393211
1779,966879469,-0.949364,0.217992,0.123997,0.189244,0.164681,-0.063074,0.466542
1780,966912803,-0.950058,0.215596,0.126039,0.187142,0.215872,-0.455781,0.415410
1781,966946137,-0.950217,0.214920,0.128721,0.185281,-0.161328,0.045898,0.448695
1782,966979471,-0.949363,0.218148,0.131511,0.183922,0.079291,-0.213592,0.366811
1783,967012805,-0.947849,0.223346,0.134458,0.183360,-0.138557,0.127865,0.979063
1784,967046139,-0.945280,0.231147,0.139323,0.183321,0.504675,-0.998389,-0.307865
1785,967079473,-0.943407,0.237103,0.140879,0.184174,-0.611465,0.044256,-0.168827
1786,967112807,-0.942282,0.240489,0.143057,0.183860,-0.039490,-0.953992,-0.091483
1787,967146141,-0.941651,0.241701,0.146292,0.182957,0.472409,-0.947387,-0.414876
1788,967179475,-0.942367,0.240018,0.147124,0.180808,0.120841,-0.370836,-0.145996
1789,967212809,-0.943748,0.237783,0.148917,0.174994,0.236045,-1.027513,0.001036
1790,967246143,-0.945145,0.236168,0.151757,0.167021,-0.139565,0.087003,0.596163
1791,967279477,-0.946198,0.235988,0.155889,0.157221,0.196348,-0.091414,1.026587
1792,967312811,-0.946461,0.237641,0.160420,0.148338,0.008808,-0.291138,0.107918
1793,967346145,-0.946075,0.240086,0.164994,0.141698,-0.173304,-0.341480,-0.471756
1794,967379479,-0.945609,0.242071,0.167706,0.138205,-0.475161,-0.340498,0.334828
1795,967412813,-0.944895,0.243528,0.170742,0.136807,-0.515103,-0.302776,0.077823
1796,967446147,-0.944377,0.244726,0.173049,0.135338,0.179526,-0.255088,-0.131928
1797,967479481,-0.944221,0.245801,0.173784,0.133524,-0.058450,-0.334697,0.175638
1798,967512815,-0.944161,0.246863,0.173857,0.131880,0.132073,-0.197317,-0.054758
1799,967546149,-0.944364,0.247150,0.174328,0.129243,-0.552467,0.023829,0.045994
1800,967579483,-0.944601,0.246753,0.175469,0.126706,-0.164395,0.070072,-0.054672
1801,967612817,-0.945117,0.245123,0.176234,0.124946,0.200980,0.418006,0.409340
1802,967646151,-0.945782,0.242822,0.177110,0.123153,-0.282628,0.244660,0.008508
1803,967679485,-0.946665,0.239639,0.177519,0.122006,-0.190921,0.223306,0.468021
1804,967712819,-0.947434,0.236310,0.178615,0.120930,-0.000389,0.193706,0.544956
1805,967746153,-0.947949,0.233487,0.180421,0.119692,-0.168428,0.041695,0.212510
1806,967779487,-0.948118,0.230828,0.182813,0.119881,0.530342,0.226003,-0.008181
1807,967812821,-0.948180,0.228425,0.184784,0.120968,-0.558043,0.675961,0.502591
1808,967846155,-0.948048,0.226340,0.186949,0.122579,0.052932,0.120708,0.046123
1809,967879489,-0.947648,0.225697,0.188223,0.124888,-0.723481,-0.105341,-0.251100
1810,967912823,-0.946927,0.226352,0.189330,0.127475,0.318246,-0.101676,0.445817
1811,967946157,-0.945704,0.229148,0.190618,0.129621,0.349534,0.081604,0.572377
1812,967979491,-0.944188,0.233323,0.191434,0.131995,-0.298376,0.584522,-0.055319
1813,968012825,-0.943028,0.237089,0.189602,0.136159,0.158491,-0.419700,0.114368
1814,968046159,-0.942030,0.239953,0.186447,0.142269,0.263713,-0.549857,-0.315897
1815,968079493,-0.941323,0.241761,0.182182,0.149240,0.604551,-0.036612,-1.002840
1816,968112827,-0.941111,0.243847,0.175726,0.154820,-0.481190,-0.120227,0.023877
1817,968146161,-0.940649,0.245068,0.172481,0.159285,0.686926,0.629346,1.881648
1818,968179495,-0.939407,0.249513,0.171130,0.161160,-0.759096,-0.041053,0.006884
1819,968212829,-0.938281,0.254667,0.168044,0.162894,0.016266,-0.399346,-0.234161
1820,968246163,-0.937824,0.258578,0.162657,0.164823,-0.965075,0.372040,0.288540
1821,968279497,-0.937746,0.260270,0.157898,0.167215,0.663760,-0.267155,-0.123342
1822,968312831,-0.937832,0.260905,0.153221,0.170071,0.275435,-0.027252,-0.802481
1823,968346165,-0.938871,0.258800,0.147935,0.172222,-0.262842,0.804472,0.745958
1824,968379499,-0.940321,0.255787,0.143881,0.172246,0.475522,-0.165717,0.571625
1825,968412833,-0.941710,0.253104,0.140450,0.171453,-0.324919,0.058026,-0.820714
1826,968446167,-0.943384,0.249524,0.137773,0.169658,0.071295,0.110341,0.589846
1827,968479501,-0.944696,0.246512,0.134632,0.169284,-0.549402,0.405545,-0.278045
1828,968512835,-0.945412,0.243016,0.133361,0.171331,1.363479,0.099280,0.583179
1829,968546169,-0.946125,0.238796,0.130681,0.175351,-0.620863,0.176239,1.179089
1830,968579503,-0.945790,0.235848,0.130228,0.181378,0.545816,-1.020870,-0.424495
1831,968612837,-0.945136,0.233798,0.128971,0.188210,-0.372417,0.879771,-0.548241
1832,968646171,-0.943893,0.234065,0.128312,0.194465,0.377014,0.140210,0.221132
1833,968679505,-0.941596,0.238626,0.128270,0.200005,0.197953,-0.933186,0.844538
1834,968712839,-0.938317,0.246370,0.128390,0.205864,0.082052,0.113687,0.507381
1835,968746173,-0.934734,0.255270,0.126793,0.212214,-0.680965,-0.471518,-0.387976
1836,968779507,-0.931424,0.262218,0.124544,0.219500,-0.708627,-0.991748,-0.754032
1837,968812841,-0.929048,0.265285,0.120889,0.227773,0.302740,-0.829847,0.015988
1838,968846175,-0.927846,0.265764,0.115920,0.234596,0.163210,-1.197081,0.175971
1839,968879509,-0.927463,0.264063,0.112373,0.239699,0.919526,-0.489719,0.497223
1840,968912843,-0.927631,0.261939,0.110228,0.242361,0.951723,-0.540953,0.523664
1841,968946177,-0.927804,0.260665,0.108374,0.243905,0.085305,-0.602863,0.170182
1842,968979511,-0.927507,0.260487,0.107614,0.245554,-0.613734,-0.519365,-0.014694
1843,969012845,-0.926187,0.261861,0.108094,0.248844,-0.278830,-0.651549,-0.104378
1844,969046179,-0.924218,0.263197,0.108980,0.254309,-0.329469,-0.003387,0.315066
1845,969079513,-0.922312,0.263492,0.110102,0.260365,-0.097506,-0.275908,0.216292
1846,969112847,-0.920494,0.262440,0.112185,0.266891,0.093614,-0.286721,-0.111773
1847,969146181,-0.918663,0.260360,0.115075,0.273914,-0.137950,-0.223013,-0.189628
1848,969179515,-0.916285,0.257577,0.120590,0.282019,0.043282,-0.017366,0.442323
1849,969212849,-0.913566,0.254292,0.125923,0.291337,0.111935,0.047371,0.260159
1850,969246183,-0.910312,0.251537,0.129564,0.302117,-0.298363,0.047452,-0.097303
1851,969279517,-0.906303,0.249391,0.133001,0.314215,-0.655868,0.501240,0.147511
1852,969312851,-0.901707,0.248482,0.134503,0.327248,-0.289769,0.493125,0.353018
1853,969346185,-0.896157,0.248830,0.134003,0.342096,-0.071438,0.709278,0.590475
1854,969379519,-0.889364,0.250668,0.131542,0.359019,-0.205422,0.192353,0.798746
1855,969412853,-0.881038,0.253961,0.127251,0.378264,-0.022111,-0.075563,0.094450
1856,969446187,-0.871663,0.258947,0.120981,0.398138,0.282134,0.340752,0.258818
1857,969479521,-0.862053,0.265064,0.112762,0.417002,0.633239,1.213409,1.105583
1858,969512855,-0.853067,0.272627,0.102880,0.432860,0.325163,0.194794,0.044936
1859,969546189,-0.844640,0.279516,0.091885,0.447227,0.442527,-0.262581,0.231363
1860,969579523,-0.836359,0.284331,0.082749,0.461318,0.808356,-0.587044,0.081107
1861,969612857,-0.827411,0.287857,0.075029,0.476340,1.025865,-1.479911,-0.702070
1862,969646191,-0.817614,0.290243,0.067172,0.492701,0.662131,-0.719551,0.014638
1863,969679525,-0.807713,0.292731,0.058833,0.508378,0.690367,-0.924221,0.662774
1864,969712859,-0.799250,0.295354,0.048568,0.521159,0.285804,-0.855763,0.019265
1865,969746193,-0.792581,0.297421,0.038829,0.530894,0.814220,-1.182213,0.454829
1866,969779527,-0.787814,0.297825,0.030644,0.538248,0.770431,-1.084040,-0.121812
1867,969812861,-0.783639,0.296538,0.025328,0.545284,0.119131,-0.281529,-0.405651
1868,969846195,-0.779195,0.293937,0.022612,0.553124,-0.225524,-0.180538,0.504164
1869,969879529,-0.775704,0.291094,0.023033,0.559480,0.326159,-0.466249,0.548821
1870,969912863,-0.773145,0.288981,0.023922,0.564061,0.289114,-0.277545,-0.321280
1871,969946197,-0.771564,0.287589,0.025354,0.566868,0.348026,-0.194407,0.343156
1872,969979531,-0.770337,0.286813,0.025854,0.568903,0.087893,-0.174908,0.260984
1873,970012865,-0.768537,0.286694,0.025878,0.571392,-0.058155,0.099283,-0.204257
1874,970046199,-0.765721,0.287196,0.024254,0.574980,-0.285670,0.346886,-0.049362
1875,970079533,-0.762575,0.287554,0.023206,0.579012,1.141053,-0.215629,0.342869
1876,970112867,-0.758082,0.286829,0.018380,0.585408,-0.286421,-0.037400,0.466806
1877,970146201,-0.753895,0.285918,0.015159,0.591325,-0.087254,-0.157637,-0.194779
1878,970179535,-0.750731,0.287086,0.012490,0.594836,0.123532,0.045130,0.401280
1879,970212869,-0.747884,0.289204,0.008870,0.597454,0.311165,-0.484984,1.044356
1880,970246203,-0.743726,0.290173,0.001817,0.602220,0.348165,-1.099056,0.344455
1881,970279537,-0.738861,0.289764,-0.009549,0.608302,-0.607976,-0.523355,-0.026071
1882,970312871,-0.734542,0.287280,-0.020184,0.614420,0.082124,-0.355418,0.287490
1883,970346205,-0.731243,0.281242,-0.032803,0.620573,0.344030,-0.238083,0.697809
1884,970379539,-0.729312,0.272753,-0.044967,0.625850,-0.187067,-0.578033,0.221055
1885,970412873,-0.727550,0.264699,-0.053789,0.630644,-0.600557,-1.019045,-0.742412
1886,970446207,-0.724752,0.259582,-0.059580,0.635455,-0.727470,-0.448707,-0.755386
1887,970479541,-0.721118,0.257935,-0.061532,0.640057,0.094277,-0.605832,0.297186
1888,970512875,-0.716578,0.257082,-0.064556,0.645180,0.117814,-0.714360,0.311400
1889,970546209,-0.711295,0.256800,-0.068667,0.650690,0.031731,-0.288759,-0.128188
1890,970579543,-0.706007,0.256688,-0.073170,0.655982,-0.131692,0.468360,-0.237990
1891,970612877,-0.700959,0.256731,-0.076428,0.660988,-0.081279,0.017898,0.293762
1892,970646211,-0.695381,0.256379,-0.079676,0.666609,-0.249146,-0.438705,0.324749
1893,970679545,-0.688467,0.255293,-0.082694,0.673796,0.271348,-0.321493,-0.066594
1894,970712879,-0.680362,0.253179,-0.087758,0.682135,-0.452067,0.205187,-0.126669
1895,970746213,-0.671170,0.251652,-0.091688,0.691227,-0.051133,0.254973,0.451389
1896,970779547,-0.661261,0.250312,-0.094654,0.700799,0.237383,0.029096,0.233787
1897,970812881,-0.650444,0.248874,-0.097131,0.711021,0.213824,-0.100875,0.284040
1898,970846215,-0.638625,0.247154,-0.100320,0.721810,-0.224531,0.322522,-0.144838
1899,970879549,-0.626082,0.246222,-0.101225,0.732906,0.736103,0.355447,0.240616
1900,970912883,-0.611920,0.244746,-0.102102,0.745138,0.049177,0.885838,0.951579
1901,970946217,-0.595963,0.243684,-0.102158,0.758294,0.050172,0.591592,-0.071605
1902,970979551,-0.577933,0.244401,-0.104374,0.771601,0.522369,0.926691,-0.033796
1903,971012885,-0.560536,0.248128,-0.107713,0.782707,0.543175,-0.028037,1.054925
1904,971046219,-0.544237,0.250451,-0.114083,0.792506,0.158425,-0.170874,0.742943
1905,971079553,-0.528593,0.250867,-0.121300,0.801836,-0.105953,-0.482878,-0.094558
1906,971112887,-0.513813,0.250138,-0.128790,0.810457,-0.821461,-0.654987,-0.405523
1907,971146221,-0.499228,0.249573,-0.134496,0.818777,-1.334150,-1.047429,-0.755157
1908,971179555,-0.484980,0.248576,-0.137904,0.827035,-0.997903,-0.445659,0.055539
1909,971212889,-0.472441,0.247845,-0.139067,0.834286,-0.415929,-0.589147,-0.283596
1910,971246223,-0.460955,0.247291,-0.141248,0.840486,-0.327283,-0.953932,0.426752
1911,971279557,-0.448867,0.245859,-0.146356,0.846553,-0.133750,-0.914973,0.548074
1912,971312891,-0.435434,0.243777,-0.154308,0.852737,-0.301048,-0.556762,0.345329
1913,971346225,-0.422075,0.242153,-0.162356,0.858403,0.006925,-0.231871,0.041639
1914,971379559,-0.410356,0.241017,-0.168861,0.863137,0.295208,0.504454,0.522330
1915,971412893,-0.402265,0.241064,-0.171648,0.866377,0.202696,0.352080,0.069408
1916,971446227,-0.399216,0.244554,-0.169552,0.867221,-0.212371,-0.167229,-0.199071
1917,971479561,-0.398917,0.247253,-0.166250,0.867233,0.004015,-0.371666,0.089527
1918,971512895,-0.400932,0.248748,-0.162906,0.866511,0.159694,0.322879,-0.219126
1919,971546229,-0.403050,0.250132,-0.158973,0.865860,-0.068176,-0.585980,0.461162
1920,971579563,-0.403309,0.249199,-0.157092,0.866351,-0.284723,-0.570017,0.731741
1921,971612897,-0.402243,0.246012,-0.158045,0.867584,0.208302,0.166596,0.782910
1922,971646231,-0.400214,0.241896,-0.160499,0.869227,0.282511,-0.270637,0.155453
1923,971679565,-0.396835,0.236497,-0.164646,0.871483,0.331667,-0.276366,0.403339
1924,971712899,-0.392709,0.229715,-0.169780,0.874177,0.233634,-0.266942,-0.091888
1925,971746233,-0.388215,0.222353,-0.174348,0.877184,0.669894,0.219060,0.183500
1926,971779567,-0.383933,0.215175,-0.178138,0.880093,0.305476,-0.183048,-0.296727
1927,971812901,-0.382049,0.210734,-0.181839,0.881229,0.081903,-0.780805,0.298934
1928,971846235,-0.379333,0.206255,-0.187868,0.882197,0.043758,-1.232136,0.769588
1929,971879569,-0.375727,0.200465,-0.197452,0.882982,-0.019812,-0.042056,0.167646
1930,971912903,-0.371545,0.194901,-0.208497,0.883458,-0.432784,0.100475,0.091505
1931,971946237,-0.367020,0.189349,-0.219401,0.883916,-0.930569,-0.278667,-0.157104
1932,971979571,-0.363410,0.181387,-0.230552,0.884239,-0.617498,0.270889,-0.444598
1933,972012905,-0.362662,0.175892,-0.236572,0.884066,-0.955813,-1.033123,-0.178372
1934,972046239,-0.363693,0.170884,-0.240374,0.883599,-0.813517,-0.080464,0.285542
1935,972079573,-0.365519,0.168279,-0.242148,0.882861,-0.557248,0.597827,0.015761
1936,972112907,-0.365181,0.167023,-0.245355,0.882354,-0.404531,-0.284565,0.665642
1937,972146241,-0.360095,0.162240,-0.252644,0.883279,-0.431224,-0.505601,0.780787
1938,972179575,-0.350811,0.153820,-0.263416,0.885372,-0.563833,0.164828,-0.235314
1939,972212909,-0.340847,0.146679,-0.272599,0.887693,-0.601350,0.477614,-0.127568
1940,972246243,-0.331696,0.140503,-0.279285,0.890077,-0.724174,0.332111,-0.240530
1941,972279577,-0.323633,0.135141,-0.284088,0.892353,-0.112197,0.906102,0.072541
1942,972312911,-0.317081,0.131524,-0.287156,0.894261,-0.383710,0.442682,0.380065
1943,972346245,-0.311491,0.128110,-0.288057,0.896429,-0.608787,-0.068344,0.206785
1944,972379579,-0.305344,0.124858,-0.288036,0.899006,-0.313527,-0.179721,0.098359
1945,972412913,-0.298450,0.123006,-0.287511,0.901740,-0.292882,-0.405990,-0.062996
1946,972446247,-0.289143,0.119553,-0.289822,0.904493,-1.075870,-1.612919,-1.759745
1947,972479581,-0.281276,0.116778,-0.292581,0.906446,2.293359,0.448350,3.316223
1948,972512915,-0.273691,0.116858,-0.290975,0.909270,-0.681395,-1.972597,0.818298
1949,972546249,-0.258319,0.106739,-0.293922,0.914051,-0.661000,-0.668793,-0.254941
1950,972579583,-0.237586,0.095674,-0.296362,0.920092,0.291061,1.189756,-0.263578
1951,972612917,-0.218205,0.090954,-0.296538,0.925300,0.102759,0.768319,-0.501873
1952,972646251,-0.201015,0.087135,-0.298451,0.928939,-0.872850,-0.073105,0.653976
1953,972679585,-0.187357,0.082212,-0.300310,0.931640,0.301932,0.969369,0.334512
1954,972712919,-0.175935,0.080460,-0.300131,0.934075,-0.719393,0.378525,-0.069941
1955,972746253,-0.162994,0.077327,-0.298740,0.937128,-0.730321,0.149406,-0.050789
1956,972779587,-0.148179,0.072176,-0.294956,0.941188,-0.174854,0.344788,-0.100311
1957,972812921,-0.131054,0.068036,-0.290011,0.945563,-0.152425,0.410435,0.242837
1958,972846255,-0.112892,0.064590,-0.285488,0.949516,-0.986045,0.344203,0.611260
1959,972879589,-0.097239,0.061101,-0.282202,0.952457,-0.663015,0.341825,0.146532
1960,972912923,-0.086155,0.059930,-0.279210,0.954478,-0.834442,0.241491,0.284608
1961,972946257,-0.079808,0.061710,-0.274994,0.956139,-0.109347,0.495883,-0.184798
1962,972979591,-0.073144,0.066489,-0.270220,0.957711,-0.042474,0.899365,-0.090851
1963,973012925,-0.063568,0.073030,-0.265328,0.959285,-0.207055,0.630883,-0.276484
1964,973046259,-0.051680,0.078370,-0.260050,0.961021,0.511591,0.445278,-0.181466
1965,973079593,-0.040858,0.084961,-0.254083,0.962577,-0.415327,0.163139,0.448824
1966,973112927,-0.032721,0.088220,-0.248519,0.964046,-0.385099,0.256431,1.066577
1967,973146261,-0.028026,0.091709,-0.240911,0.965799,-0.702664,-0.171426,0.822934
1968,973179595,-0.025550,0.094974,-0.230800,0.968018,-0.405789,0.283364,-0.334250
1969,973212929,-0.024615,0.099510,-0.221494,0.969759,-1.076588,0.904748,0.244807
1970,973246263,-0.023450,0.102537,-0.213573,0.971249,-0.735034,0.536234,0.405384
1971,973279597,-0.019588,0.104154,-0.208712,0.972218,-1.057479,-0.423376,0.944449
1972,973312931,-0.012506,0.101373,-0.206628,0.973074,-0.103983,-0.141865,1.087866
1973,973346265,-0.005797,0.096378,-0.204088,0.974180,-0.285654,1.292488,0.055037
1974,973379599,-0.002158,0.096204,-0.199623,0.975137,-0.613268,1.370703,-0.946609
1975,973412933,0.000629,0.101076,-0.195290,0.975523,-0.881205,1.460107,-0.191342
1976,973446267,0.003971,0.107423,-0.192600,0.975372,0.277789,0.911330,-0.529024
1977,973479601,0.009073,0.113076,-0.192361,0.974746,-0.401151,0.179079,-0.224802
1978,973512935,0.016963,0.114840,-0.194234,0.974063,0.732970,0.367350,0.991776
1979,973546269,0.027414,0.116600,-0.196234,0.973214,0.376473,-0.156215,0.183447
1980,973579603,0.038493,0.116271,-0.197855,0.972550,1.513928,0.769701,-0.307678
1981,973612937,0.048679,0.117575,-0.198311,0.971844,0.938921,1.053399,0.307399
1982,973646271,0.059692,0.118442,-0.197159,0.971359,0.185599,-0.001840,0.178694
1983,973679605,0.070031,0.116798,-0.195725,0.971157,1.642934,1.357604,-0.253494
1984,973712939,0.080703,0.118769,-0.194451,0.970345,-0.137304,0.673711,0.239029
1985,973746273,0.095103,0.119252,-0.193179,0.969235,-0.083447,0.343908,0.466297
1986,973779607,0.112202,0.121459,-0.191925,0.967380,-0.219635,0.615927,0.200654
1987,973812941,0.130073,0.122722,-0.190491,0.965264,0.896684,0.803346,0.230831
1988,973846275,0.148396,0.124966,-0.188580,0.962705,-0.602163,1.081871,0.195707
1989,973879609,0.167265,0.126780,-0.187772,0.959527,0.687774,0.851562,0.257401
1990,973912943,0.183355,0.130694,-0.189731,0.955669,1.331416,0.374279,1.290355
1991,973946277,0.195588,0.140883,-0.192081,0.951317,0.520655,-0.321292,-0.017387
1992,973979611,0.205564,0.152550,-0.194243,0.946965,-0.797166,0.380452,-0.115671
1993,974012945,0.217878,0.157217,-0.194646,0.943359,-0.646376,0.296252,-0.235871
1994,974046279,0.230582,0.158684,-0.193734,0.940276,-0.297714,0.611363,0.161459
1995,974079613,0.240032,0.162316,-0.192438,0.937553,-0.710979,0.861602,0.044444
1996,974112947,0.246682,0.165108,-0.190964,0.935639,-0.711079,0.672306,0.421432
1997,974146281,0.249892,0.170450,-0.189321,0.934162,-0.876060,0.277967,0.403580
1998,974179615,0.250733,0.175446,-0.187275,0.933424,-0.364551,0.374454,0.264445
1999,974212949,0.250574,0.180347,-0.185295,0.932928,0.023720,0.738011,-0.208736
2000,974246283,0.250112,0.184010,-0.182421,0.932903,0.458183,0.177673,-0.062241
2001,974279617,0.249356,0.187005,-0.179357,0.933104,0.323369,0.390254,0.336569
2002,974312951,0.247658,0.190590,-0.176151,0.933441,0.001558,0.213054,-0.013443
2003,974346285,0.245498,0.193698,-0.173403,0.933887,-0.386498,0.605713,0.095345
2004,974379619,0.242943,0.195643,-0.170784,0.934631,0.102328,0.020859,0.526990
2005,974412953,0.239138,0.197659,-0.168258,0.935646,1.000846,-0.418798,0.243048
2006,974446287,0.234281,0.200879,-0.165764,0.936634,-0.294559,0.619017,0.101184
2007,974479621,0.229061,0.203424,-0.163511,0.937771,0.282295,0.267147,-0.067708
2008,974512955,0.222635,0.206719,-0.161123,0.939011,0.000715,0.426850,-0.152867
2009,974546289,0.214909,0.210607,-0.158192,0.940444,0.242503,0.522179,-0.125575
2010,974579623,0.206788,0.215111,-0.154399,0.941874,0.027310,0.107953,-0.076818
2011,974612957,0.197993,0.219710,-0.149859,0.943435,-0.520678,0.474280,0.476534
2012,974646291,0.188978,0.223875,-0.144812,0.945091,-0.060765,0.183708,-0.066625
2013,974679625,0.177078,0.229561,-0.141478,0.946536,0.035767,0.261311,1.091287
2014,974712959,0.164640,0.235407,-0.138275,0.947817,-0.096274,0.272612,1.012519
2015,974746293,0.154156,0.237904,-0.135931,0.949295,-0.391756,0.805030,0.172205
2016,974779627,0.145568,0.239034,-0.133768,0.950673,-0.224996,0.810045,-0.503045
2017,974812961,0.136903,0.241601,-0.130756,0.951730,1.028470,0.677530,-0.044108
2018,974846295,0.127969,0.248636,-0.127543,0.951597,-0.358137,0.880731,0.137366
2019,974879629,0.120309,0.255238,-0.126443,0.950995,-0.550960,0.828264,-0.084565
2020,974912963,0.115926,0.259704,-0.127828,0.950145,-0.309307,0.726745,0.097736
2021,974946297,0.113676,0.263118,-0.131430,0.948986,-0.215587,-0.009588,0.454920
2022,974979631,0.114977,0.264439,-0.136207,0.947787,-0.860302,0.278347,0.982903
2023,975012965,0.118830,0.261469,-0.142386,0.947228,-0.019470,1.258679,0.104196
2024,975046299,0.125827,0.259078,-0.148576,0.946029,-0.086126,1.638114,-0.580846
2025,975079633,0.137440,0.256427,-0.155459,0.944028,-0.306620,1.530529,0.778721
2026,975112967,0.152313,0.250469,-0.163970,0.941902,0.253356,0.541518,0.158534
2027,975146301,0.168142,0.240701,-0.172566,0.940219,0.037175,0.355266,-0.100966
2028,975179635,0.181281,0.229645,-0.181620,0.938837,-1.556170,0.931050,-0.057347
2029,975212969,0.190401,0.219926,-0.190571,0.937584,-0.019241,0.767665,1.114504
2030,975246303,0.193923,0.217499,-0.196346,0.936235,0.152188,0.598142,0.536036
2031,975279637,0.193054,0.218976,-0.200441,0.935202,-0.025464,0.768905,-0.689245
2032,975312971,0.191522,0.218831,-0.202853,0.935031,0.504874,0.356954,-0.275819
2033,975346305,0.190527,0.219282,-0.204021,0.934875,0.024280,0.194172,0.545378
2034,975379639,0.189246,0.219919,-0.202838,0.935243,0.037901,-0.133207,-0.029957
2035,975412973,0.188579,0.219286,-0.200441,0.936043,0.065907,0.262888,-0.084995
2036,975446307,0.188220,0.217761,-0.197424,0.937111,0.259219,0.086118,-0.146186
2037,975479641,0.187332,0.215889,-0.194809,0.938269,0.113049,-0.112544,0.324727
2038,975512975,0.184901,0.215235,-0.192863,0.939303,-0.322203,-0.207836,0.656419
2039,975546309,0.181272,0.215429,-0.191818,0.940179,-0.232852,-0.080367,-0.001536
2040,975579643,0.178042,0.215758,-0.191083,0.940871,0.315952,0.107698,0.268034
2041,975612977,0.175140,0.217464,-0.190626,0.941115,-0.187262,0.136770,-0.258638
2042,975646311,0.171613,0.217873,-0.190143,0.941768,0.221413,-0.325581,0.759179
2043,975679645,0.167722,0.217726,-0.189379,0.942656,0.035601,-0.395762,0.102490
2044,975712979,0.164452,0.217088,-0.188608,0.943534,-0.082152,-0.164168,-0.049958
2045,975746313,0.162579,0.215670,-0.187742,0.944356,-0.470534,-0.132236,0.101953
2046,975779647,0.161258,0.213319,-0.186536,0.945355,-0.669365,0.160291,-0.110516
2047,975812981,0.158891,0.210931,-0.184532,0.946684,0.167644,-0.280109,0.095588
2048,975846315,0.152480,0.211046,-0.180413,0.948505,2.190456,-0.901313,0.488557
2049,975879649,0.141977,0.214381,-0.175455,0.950315,-0.413686,0.039688,0.366432
2050,975912983,0.131489,0.215173,-0.170954,0.952464,0.488947,0.445408,-0.461437
2051,975946317,0.120479,0.215671,-0.166691,0.954560,0.574087,-0.148990,0.050151
2052,975979651,0.106459,0.217895,-0.163225,0.956319,-0.141227,0.081347,0.918662
2053,976012985,0.090515,0.218343,-0.160364,0.958341,0.118423,0.275191,0.299974
2054,976046319,0.076604,0.215190,-0.159052,0.960483,-0.101112,0.165589,-0.331702
2055,976079653,0.064682,0.209928,-0.159660,0.962422,-0.397701,0.022189,0.599935
2056,976112987,0.052003,0.204361,-0.161373,0.964101,-1.227887,-0.039075,0.855640
2057,976146321,0.038062,0.196871,-0.163817,0.965897,-1.242225,0.098180,0.257277
2058,976179655,0.023249,0.187588,-0.167605,0.967564,-1.316061,0.820333,0.463358
2059,976212989,0.008530,0.178788,-0.172182,0.968667,-0.584503,1.037494,-0.471915
2060,976246323,-0.004192,0.173129,-0.176879,0.968877,-0.165693,0.666902,0.022174
2061,976279657,-0.013493,0.166419,-0.182698,0.968888,0.643823,0.979448,-0.350695
2062,976312991,-0.019791,0.164251,-0.188111,0.968114,-0.154014,0.636622,-0.152957
2063,976346325,-0.023468,0.164483,-0.192422,0.967145,-0.092998,0.709563,-0.260072
2064,976379659,-0.024888,0.166728,-0.195450,0.966117,0.098852,0.383940,-0.137841
2065,976412993,-0.024465,0.169335,-0.198567,0.965038,-0.171787,0.227543,0.263106
2066,976446327,-0.022789,0.170494,-0.201414,0.964285,0.220665,0.242922,0.253232
2067,976479661,-0.020877,0.171443,-0.203808,0.963657,0.374682,0.279390,-0.245995
2068,976512995,-0.018809,0.172663,-0.205489,0.963124,0.452205,0.639495,0.171647
2069,976546329,-0.017115,0.174473,-0.205926,0.962736,0.510605,0.579908,0.312771
2070,976579663,-0.016108,0.177350,-0.205531,0.962313,0.124353,0.234211,0.128460
2071,976612997,-0.014425,0.179550,-0.204807,0.962086,-0.626964,-0.086368,0.239594
2072,976646331,-0.010606,0.178724,-0.204982,0.962252,0.173110,0.390243,0.344401
2073,976679665,-0.005704,0.177832,-0.205165,0.962419,0.591426,0.467711,0.038783
2074,976712999,0.000466,0.177922,-0.205031,0.962448,-0.110904,0.200702,-0.603449
2075,976746333,0.008368,0.177671,-0.204994,0.962466,0.018797,-0.179196,0.489586
2076,976779667,0.016752,0.177793,-0.203783,0.962591,0.986638,-0.443723,0.247486
2077,976813001,0.026635,0.177668,-0.203550,0.962441,-0.373884,-0.115495,0.244132
2078,976846335,0.037734,0.176289,-0.205045,0.962006,-0.445512,0.004824,0.434111
2079,976879669,0.046198,0.174759,-0.208304,0.961215,0.174283,0.308774,0.875017
2080,976913003,0.051045,0.175461,-0.211910,0.960053,-0.754099,0.529508,-0.186562
2081,976946337,0.055214,0.176509,-0.215262,0.958884,-0.215165,0.355449,0.532799
2082,976979671,0.059291,0.178244,-0.217828,0.957740,0.443097,0.350087,-0.461909
2083,977013005,0.065198,0.181007,-0.219701,0.956409,-0.477696,0.065809,-0.122004
2084,977046339,0.071951,0.181852,-0.221844,0.955269,0.043941,0.103680,0.629464
2085,977079673,0.077222,0.182748,-0.223632,0.954269,0.402882,-0.049945,0.545096
2086,977113007,0.081066,0.183750,-0.226036,0.953191,0.011790,0.100616,0.202651
2087,977146341,0.085752,0.184072,-0.227805,0.952297,-0.528770,-0.272876,0.175944
2088,977179675,0.090286,0.183882,-0.227896,0.951893,1.024846,-0.372886,-0.014856
2089,977213009,0.094756,0.184945,-0.226484,0.951589,-0.446612,0.205929,-0.482799
2090,977246343,0.098786,0.185253,-0.224198,0.951661,0.540109,-0.011552,-0.160144
2091,977279677,0.102296,0.186618,-0.220411,0.951908,-0.782709,-0.710228,0.223218
2092,977313011,0.103714,0.188375,-0.215866,0.952450,0.223683,-0.816333,-0.152632
2093,977346345,0.104328,0.189533,-0.211733,0.953080,0.398533,-0.002580,0.871261
2094,977379679,0.104082,0.192268,-0.207844,0.953416,-0.570299,-0.083876,-0.009166
2095,977413013,0.104159,0.193860,-0.205757,0.953538,-0.405335,-0.193997,0.523376
2096,977446347,0.104791,0.194365,-0.205461,0.953429,-0.212333,-0.362685,-0.014548
2097,977479681,0.106704,0.194205,-0.205528,0.953235,0.210290,-0.157329,0.302442
2098,977513015,0.109396,0.192847,-0.208027,0.952663,1.066670,1.121841,0.657176
2099,977546349,0.112133,0.192621,-0.212133,0.951485,0.069844,0.059923,0.822234
2100,977579683,0.114130,0.190791,-0.217560,0.950390,0.739883,-0.022438,0.420397
2101,977613017,0.116925,0.188305,-0.224055,0.949036,-0.311899,0.276573,0.418364
2102,977646351,0.121329,0.184026,-0.230839,0.947696,-0.236850,1.240466,-0.392337
2103,977679685,0.125880,0.181013,-0.235901,0.946436,-0.490816,1.338860,-0.344596
2104,977713019,0.127330,0.180994,-0.238529,0.945586,-0.604544,1.270509,-0.898667
2105,977746353,0.125921,0.181536,-0.241212,0.944990,-0.129719,1.535459,0.758783
2106,977779687,0.124088,0.183508,-0.242111,0.944622,0.071968,-0.053520,0.907632
2107,977813021,0.122491,0.183606,-0.245160,0.944024,0.200989,0.661543,-0.066040
2108,977846355,0.124519,0.181357,-0.248782,0.943246,0.466392,0.630716,1.002680
2109,977879689,0.128312,0.179766,-0.250979,0.942460,0.254683,0.559303,-0.827043
2110,977913023,0.134746,0.178976,-0.252048,0.941426,-0.593541,0.625657,-0.308837
2111,977946357,0.142554,0.177885,-0.251262,0.940693,0.463289,0.370338,0.080613
2112,977979691,0.150649,0.177381,-0.248579,0.940239,-0.208498,0.760605,-0.596423
2113,978013025,0.157392,0.180129,-0.246047,0.939278,-0.926793,-3.402920,0.111147
2114,978046359,0.162899,0.181436,-0.240608,0.939496,-0.633437,0.011755,1.201977
2115,978079693,0.170432,0.176415,-0.238612,0.939625,0.072166,3.890790,1.897605
2116,978113027,0.175237,0.174576,-0.237375,0.939398,-0.474776,1.014243,1.055020
2117,978146361,0.172217,0.177579,-0.239649,0.938816,-1.189433,0.687041,2.508120
2118,978179695,0.164291,0.180872,-0.246110,0.937936,-1.713305,1.157905,0.413138
2119,978213029,0.157187,0.180012,-0.254452,0.937093,0.588787,0.954565,0.115623
2120,978246363,0.151840,0.180749,-0.262138,0.935713,1.530478,1.145631,-0.779223
2121,978279697,0.149303,0.177547,-0.266394,0.935532,0.895615,0.727039,-0.700357
2122,978313031,0.147039,0.173120,-0.266255,0.936759,-0.317171,1.803037,-1.060274
2123,978346365,0.141375,0.173691,-0.261386,0.938894,-0.641423,2.381747,-0.799163
2124,978379699,0.129889,0.179961,-0.251577,0.942047,-0.694168,1.786453,-1.187707
2125,978413033,0.113284,0.187098,-0.240521,0.945680,-1.499584,1.236108,0.673894
2126,978446367,0.093675,0.194196,-0.230515,0.948882,-0.970652,0.877969,1.276136
2127,978479701,0.073755,0.197919,-0.223417,0.951564,0.076445,0.069856,0.769129