time	DeviceName	AccX(g)	AccY(g)	AccZ(g)	AsX(°/s)	AsY(°/s)	AsZ(°/s)	AngleX(°)	AngleY(°)	AngleZ(°)	HX(uT)	HY(uT)	HZ(uT)	Q0()	Q1()	Q2()	Q3()	Temperature(°C)	Height(m)	Pressure(kPa)	Version()	Battery level(%)
2026-05-27T16:46:31.603	WT901BLE68(F3:F0:16:BF:DC:AE)	-0.146	0.617	0.748	-0.366	9.338	34.485	38.90	10.98	-106.29	-61.767	-13.080	13.073	-0.41989	-0.27756	0.21249	0.83749	26.2	null	null	13113	60
2026-05-27T16:46:31.690	WT901BLE68(F3:F0:16:BF:DC:AE)	-0.213	0.636	0.703	2.441	-0.732	20.264	39.40	9.70	-103.62	-61.513	-7.327	10.347	-0.41989	-0.27756	0.21249	0.83749	26.2	null	null	13113	60
2026-05-27T16:46:31.812	WT901BLE68(F3:F0:16:BF:DC:AE)	-0.166	0.615	0.773	-2.808	1.404	17.090	39.66	8.83	-101.74	-61.513	-7.327	10.347	-0.41989	-0.27756	0.21249	0.83749	26.2	null	null	13113	60
2026-05-27T16:46:31.901	WT901BLE68(F3:F0:16:BF:DC:AE)	-0.094	0.624	0.794	-6.714	10.132	11.536	39.36	8.34	-100.44	-61.513	-7.327	10.347	-0.57693	-0.26819	0.21603	0.74057	26.2	null	null	13113	60
2026-05-27T16:46:31.989	WT901BLE68(F3:F0:16:BF:DC:AE)	-0.015	0.551	0.801	-18.555	18.555	15.991	38.31	8.41	-98.87	-61.513	-7.327	10.347	-0.57693	-0.26819	0.21603	0.74057	26.2	null	null	13113	60
2026-05-27T16:46:32.085	WT901BLE68(F3:F0:16:BF:DC:AE)	-0.259	0.574	0.781	-8.362	-4.578	-5.066	37.52	7.85	-99.00	-61.513	-7.327	10.347	-0.57693	-0.26819	0.21603	0.74057	26.2	null	null	13113	60
2026-05-27T16:46:32.203	WT901BLE68(F3:F0:16:BF:DC:AE)	-0.149	0.626	0.831	7.446	12.207	5.066	37.52	8.06	-98.88	-61.513	-7.327	10.347	-0.57693	-0.26819	0.21603	0.74057	26.2	null	null	13113	60
2026-05-27T16:46:32.289	WT901BLE68(F3:F0:16:BF:DC:AE)	-0.243	0.642	0.817	9.155	0.183	-0.977	38.77	8.26	-98.19	-61.513	-7.327	10.347	-0.57693	-0.26819	0.21603	0.74057	26.2	null	null	13113	60
2026-05-27T16:46:32.411	WT901BLE68(F3:F0:16:BF:DC:AE)	-0.125	0.620	0.842	5.798	10.071	4.944	39.83	8.42	-97.11	-61.513	-7.327	10.347	-0.57693	-0.26819	0.21603	0.74057	26.2	null	null	13113	60
2026-05-27T16:46:32.500	WT901BLE68(F3:F0:16:BF:DC:AE)	-0.169	0.620	0.668	-6.592	19.409	8.911	40.34	8.28	-96.33	-61.560	-0.140	5.447	-0.57693	-0.26819	0.21603	0.74057	26.2	null	null	13113	60
2026-05-27T16:46:32.621	WT901BLE68(F3:F0:16:BF:DC:AE)	-0.221	0.625	0.970	-15.320	0.488	30.945	39.19	7.42	-94.28	-61.560	-0.140	5.447	-0.57693	-0.26819	0.21603	0.74057	26.2	null	null	13113	60
2026-05-27T16:46:32.678	WT901BLE68(F3:F0:16:BF:DC:AE)	-0.038	0.645	0.823	-12.634	5.859	49.133	38.25	4.10	-91.15	-61.560	-0.140	5.447	-0.64749	-0.25516	0.21027	0.68652	26.2	null	null	13113	60
2026-05-27T16:46:32.804	WT901BLE68(F3:F0:16:BF:DC:AE)	-0.129	0.620	0.744	1.770	19.958	46.814	38.01	2.65	-85.95	-61.560	-0.140	5.447	-0.64749	-0.25516	0.21027	0.68652	26.2	null	null	13113	60
2026-05-27T16:46:32.889	WT901BLE68(F3:F0:16:BF:DC:AE)	0.010	0.631	0.813	-3.479	33.813	27.161	38.41	2.37	-82.29	-61.560	-0.140	5.447	-0.64749	-0.25516	0.21027	0.68652	26.2	null	null	13113	60
2026-05-27T16:46:33.009	WT901BLE68(F3:F0:16:BF:DC:AE)	-0.027	0.542	0.825	-4.150	35.339	21.606	38.22	4.00	-77.84	-61.560	-0.140	5.447	-0.64749	-0.25516	0.21027	0.68652	26.2	null	null	13113	60
2026-05-27T16:46:33.102	WT901BLE68(F3:F0:16:BF:DC:AE)	-0.112	0.619	0.860	-9.094	8.362	-3.357	37.88	4.23	-77.09	-61.560	-0.140	5.447	-0.64749	-0.25516	0.21027	0.68652	26.2	null	null	13113	60
2026-05-27T16:46:33.224	WT901BLE68(F3:F0:16:BF:DC:AE)	-0.099	0.546	0.883	-16.785	21.301	-0.061	36.41	5.17	-76.28	-61.560	-0.140	5.447	-0.64749	-0.25516	0.21027	0.68652	26.2	null	null	13113	60
2026-05-27T16:46:33.278	WT901BLE68(F3:F0:16:BF:DC:AE)	-0.082	0.588	0.784	-29.846	33.264	-21.912	34.35	6.74	-76.64	-61.560	-0.140	5.447	-0.64749	-0.25516	0.21027	0.68652	26.2	null	null	13113	60
2026-05-27T16:46:33.403	WT901BLE68(F3:F0:16:BF:DC:AE)	-0.179	0.476	0.758	-22.766	17.273	-20.447	31.38	10.23	-77.09	-61.560	-0.140	5.447	-0.64749	-0.25516	0.21027	0.68652	26.2	null	null	13113	60
2026-05-27T16:46:33.488	WT901BLE68(F3:F0:16:BF:DC:AE)	-0.224	0.368	0.937	25.146	-21.851	-10.193	31.61	10.67	-79.01	-62.793	7.853	-1.353	-0.64749	-0.25516	0.21027	0.68652	26.2	null	null	13113	60
2026-05-27T16:46:33.616	WT901BLE68(F3:F0:16:BF:DC:AE)	-0.157	0.648	0.870	18.188	-67.688	-23.315	33.56	7.22	-83.68	-62.793	7.853	-1.353	-0.64749	-0.25516	0.21027	0.68652	26.2	null	null	13113	60
2026-05-27T16:46:33.700	WT901BLE68(F3:F0:16:BF:DC:AE)	-0.135	0.497	1.003	-5.737	-2.258	-41.077	33.90	5.83	-88.19	-62.793	7.853	-1.353	-0.68982	-0.24698	0.16187	0.66092	26.2	null	null	13113	60
2026-05-27T16:46:33.824	WT901BLE68(F3:F0:16:BF:DC:AE)	-0.136	0.427	0.532	-4.211	-56.396	-73.975	31.84	6.55	-95.34	-62.793	7.853	-1.353	-0.68982	-0.24698	0.16187	0.66092	26.2	null	null	13113	60
2026-05-27T16:46:33.943	WT901BLE68(F3:F0:16:BF:DC:AE)	0.384	0.836	0.881	-14.282	46.875	63.171	32.48	8.71	-95.00	-62.793	7.853	-1.353	-0.68982	-0.24698	0.16187	0.66092	26.2	null	null	13113	60
2026-05-27T16:46:34.035	WT901BLE68(F3:F0:16:BF:DC:AE)	-0.110	0.450	0.937	-24.780	1.892	13.062	32.07	11.43	-88.97	-62.793	7.853	-1.353	-0.68982	-0.24698	0.16187	0.66092	26.2	null	null	13113	60
2026-05-27T16:46:34.089	WT901BLE68(F3:F0:16:BF:DC:AE)	-0.299	0.574	0.762	-7.629	35.767	36.377	30.84	11.65	-86.00	-62.793	7.853	-1.353	-0.68982	-0.24698	0.16187	0.66092	26.2	null	null	13113	60
2026-05-27T16:46:34.216	WT901BLE68(F3:F0:16:BF:DC:AE)	-0.192	0.535	0.915	11.902	12.268	29.480	32.51	12.50	-81.56	-62.793	7.853	-1.353	-0.68982	-0.24698	0.16187	0.66092	26.2	null	null	13113	60
2026-05-27T16:46:34.302	WT901BLE68(F3:F0:16:BF:DC:AE)	-0.164	0.548	0.737	3.235	13.367	44.495	34.13	11.78	-77.87	-62.793	7.853	-1.353	-0.68982	-0.24698	0.16187	0.66092	26.2	null	null	13113	60
2026-05-27T16:46:34.422	WT901BLE68(F3:F0:16:BF:DC:AE)	-0.214	0.613	0.780	0.916	6.165	12.085	35.32	11.35	-74.35	-61.947	11.967	-2.800	-0.68982	-0.24698	0.16187	0.66092	26.2	null	null	13113	60
2026-05-27T16:46:34.511	WT901BLE68(F3:F0:16:BF:DC:AE)	-0.193	0.568	0.876	-16.174	9.766	-2.625	35.02	11.66	-73.81	-61.947	11.967	-2.800	-0.73959	-0.29816	0.10471	0.59415	26.2	null	null	13113	60
2026-05-27T16:46:34.632	WT901BLE68(F3:F0:16:BF:DC:AE)	-0.194	0.550	0.875	-36.743	16.602	-19.043	32.34	13.32	-73.79	-61.947	11.967	-2.800	-0.73959	-0.29816	0.10471	0.59415	26.2	null	null	13113	60
2026-05-27T16:46:34.693	WT901BLE68(F3:F0:16:BF:DC:AE)	-0.309	0.429	0.910	-29.724	-11.963	-24.048	28.48	15.72	-75.65	-61.947	11.967	-2.800	-0.73959	-0.29816	0.10471	0.59415	26.2	null	null	13113	60
2026-05-27T16:46:34.814	WT901BLE68(F3:F0:16:BF:DC:AE)	-0.250	0.473	0.833	15.808	-3.296	-15.869	27.23	16.00	-77.82	-61.947	11.967	-2.800	-0.73959	-0.29816	0.10471	0.59415	26.2	null	null	13113	60
2026-05-27T16:46:34.904	WT901BLE68(F3:F0:16:BF:DC:AE)	-0.287	0.419	0.761	27.222	-0.305	-15.747	28.60	16.20	-79.91	-61.947	11.967	-2.800	-0.73959	-0.29816	0.10471	0.59415	26.2	null	null	13113	60
2026-05-27T16:46:35.022	WT901BLE68(F3:F0:16:BF:DC:AE)	-0.255	0.519	0.826	12.329	-0.916	-9.399	30.31	16.05	-81.33	-61.947	11.967	-2.800	-0.73959	-0.29816	0.10471	0.59415	26.2	null	null	13113	60
2026-05-27T16:46:35.113	WT901BLE68(F3:F0:16:BF:DC:AE)	-0.246	0.476	0.810	2.075	-13.916	-9.216	30.59	15.64	-82.56	-61.947	11.967	-2.800	-0.73959	-0.29816	0.10471	0.59415	26.2	null	null	13113	60
2026-05-27T16:46:35.233	WT901BLE68(F3:F0:16:BF:DC:AE)	-0.246	0.431	0.860	-9.644	6.775	5.615	30.14	15.41	-83.03	-61.947	11.967	-2.800	-0.73959	-0.29816	0.10471	0.59415	26.2	null	null	13113	60
2026-05-27T16:46:35.322	WT901BLE68(F3:F0:16:BF:DC:AE)	-0.279	0.438	0.851	-8.606	1.770	6.531	29.28	14.97	-82.12	-64.013	9.833	-1.700	-0.73959	-0.29816	0.10471	0.59415	26.2	null	null	13113	60
2026-05-27T16:46:35.441	WT901BLE68(F3:F0:16:BF:DC:AE)	-0.351	0.506	0.949	5.554	0.793	15.015	29.23	14.38	-81.50	-64.013	9.833	-1.700	-0.73959	-0.29816	0.10471	0.59415	26.2	null	null	13113	60
2026-05-27T16:46:35.503	WT901BLE68(F3:F0:16:BF:DC:AE)	-0.263	0.597	0.771	11.841	-12.024	7.141	30.57	13.75	-80.28	-64.013	9.833	-1.700	-0.71069	-0.27310	0.07474	0.64392	26.2	null	null	13113	60
2026-05-27T16:46:35.623	WT901BLE68(F3:F0:16:BF:DC:AE)	-0.285	0.500	0.792	-1.648	8.789	6.409	31.05	13.43	-79.71	-64.013	9.833	-1.700	-0.71069	-0.27310	0.07474	0.64392	26.2	null	null	13113	60
2026-05-27T16:46:35.713	WT901BLE68(F3:F0:16:BF:DC:AE)	-0.194	0.572	0.843	3.418	3.235	-5.066	31.35	13.71	-79.34	-64.013	9.833	-1.700	-0.71069	-0.27310	0.07474	0.64392	26.2	null	null	13113	60
2026-05-27T16:46:35.831	WT901BLE68(F3:F0:16:BF:DC:AE)	-0.163	0.476	0.895	-10.437	-3.784	-14.404	30.87	14.44	-80.01	-64.013	9.833	-1.700	-0.71069	-0.27310	0.07474	0.64392	26.2	null	null	13113	60
2026-05-27T16:46:35.923	WT901BLE68(F3:F0:16:BF:DC:AE)	-0.308	0.435	0.832	-4.272	-1.343	-33.142	29.23	15.43	-82.11	-64.013	9.833	-1.700	-0.71069	-0.27310	0.07474	0.64392	26.2	null	null	13113	60
2026-05-27T16:46:36.042	WT901BLE68(F3:F0:16:BF:DC:AE)	-0.385	0.456	0.886	6.897	-2.319	-31.616	28.13	16.65	-85.20	-64.013	9.833	-1.700	-0.71069	-0.27310	0.07474	0.64392	26.2	null	null	13113	60
2026-05-27T16:46:36.101	WT901BLE68(F3:F0:16:BF:DC:AE)	-0.226	0.470	0.851	16.235	5.249	-13.916	29.04	17.33	-86.97	-64.567	8.073	-0.973	-0.71069	-0.27310	0.07474	0.64392	26.2	null	null	13113	60
2026-05-27T16:46:36.224	WT901BLE68(F3:F0:16:BF:DC:AE)	-0.361	0.442	0.871	25.574	-20.386	-16.113	30.40	17.46	-88.97	-64.567	8.073	-0.973	-0.71069	-0.27310	0.07474	0.64392	26.2	null	null	13113	60
2026-05-27T16:46:36.310	WT901BLE68(F3:F0:16:BF:DC:AE)	-0.255	0.559	0.726	17.761	-11.475	3.174	32.22	16.64	-89.25	-64.567	8.073	-0.973	-0.71069	-0.27310	0.07474	0.64392	26.2	null	null	13113	60
2026-05-27T16:46:36.429	WT901BLE68(F3:F0:16:BF:DC:AE)	-0.292	0.606	0.644	3.296	1.770	-10.864	32.53	15.52	-89.71	-64.567	8.073	-0.973	-0.64816	-0.29303	0.09561	0.69626	26.2	null	null	13113	60
2026-05-27T16:46:36.521	WT901BLE68(F3:F0:16:BF:DC:AE)	-0.239	0.444	1.060	-7.751	-6.714	-1.770	32.96	14.83	-91.15	-64.567	8.073	-0.973	-0.64816	-0.29303	0.09561	0.69626	26.2	null	null	13113	60
2026-05-27T16:46:36.644	WT901BLE68(F3:F0:16:BF:DC:AE)	-0.279	0.495	0.806	-6.409	-12.878	-2.747	32.03	14.80	-90.52	-64.567	8.073	-0.973	-0.64816	-0.29303	0.09561	0.69626	26.2	null	null	13113	60
2026-05-27T16:46:36.731	WT901BLE68(F3:F0:16:BF:DC:AE)	-0.253	0.478	0.940	-7.690	-2.441	13.428	31.31	14.05	-90.31	-64.567	8.073	-0.973	-0.64816	-0.29303	0.09561	0.69626	26.2	null	null	13113	60
2026-05-27T16:46:36.853	WT901BLE68(F3:F0:16:BF:DC:AE)	-0.205	0.462	0.888	12.329	-6.531	27.161	31.85	13.41	-87.49	-64.567	8.073	-0.973	-0.64816	-0.29303	0.09561	0.69626	26.2	null	null	13113	60
2026-05-27T16:46:36.913	WT901BLE68(F3:F0:16:BF:DC:AE)	-0.236	0.501	0.780	3.418	-31.677	13.306	32.81	11.43	-86.51	-64.567	8.073	-0.973	-0.64816	-0.29303	0.09561	0.69626	26.2	null	null	13113	60
2026-05-27T16:46:37.034	WT901BLE68(F3:F0:16:BF:DC:AE)	-0.214	0.493	0.794	-2.441	16.113	23.743	32.85	10.20	-84.87	-64.567	8.073	-0.973	-0.64816	-0.29303	0.09561	0.69626	26.2	null	null	13113	60
2026-05-27T16:46:37.120	WT901BLE68(F3:F0:16:BF:DC:AE)	-0.239	0.531	0.800	4.272	-8.362	-9.460	32.94	10.29	-83.60	-60.000	11.700	1.160	-0.64816	-0.29303	0.09561	0.69626	26.2	null	null	13113	60
2026-05-27T16:46:37.243	WT901BLE68(F3:F0:16:BF:DC:AE)	-0.217	0.521	0.776	-16.296	4.456	-21.973	31.96	11.54	-85.08	-60.000	11.700	1.160	-0.64816	-0.29303	0.09561	0.69626	26.2	null	null	13113	60
2026-05-27T16:46:37.330	WT901BLE68(F3:F0:16:BF:DC:AE)	-0.191	0.441	0.885	-14.099	4.639	-34.851	29.83	13.45	-86.93	-60.000	11.700	1.160	-0.68271	-0.26578	0.10544	0.67236	26.2	null	null	13113	60
2026-05-27T16:46:37.452	WT901BLE68(F3:F0:16:BF:DC:AE)	-0.238	0.462	0.967	-6.226	-23.804	-54.932	28.08	14.52	-92.05	-60.000	11.700	1.160	-0.68271	-0.26578	0.10544	0.67236	26.2	null	null	13113	60
2026-05-27T16:46:37.509	WT901BLE68(F3:F0:16:BF:DC:AE)	-0.323	0.413	0.852	14.954	-0.610	-19.775	27.81	15.36	-94.93	-60.000	11.700	1.160	-0.68271	-0.26578	0.10544	0.67236	26.2	null	null	13113	60
2026-05-27T16:46:37.630	WT901BLE68(F3:F0:16:BF:DC:AE)	-0.363	0.455	0.849	31.006	-31.799	-45.837	28.87	15.57	-98.36	-60.000	11.700	1.160	-0.68271	-0.26578	0.10544	0.67236	26.2	null	null	13113	60
2026-05-27T16:46:37.722	WT901BLE68(F3:F0:16:BF:DC:AE)	-0.296	0.525	0.831	23.132	-14.160	-20.691	30.43	15.45	-101.45	-60.000	11.700	1.160	-0.68271	-0.26578	0.10544	0.67236	26.2	null	null	13113	60
2026-05-27T16:46:37.844	WT901BLE68(F3:F0:16:BF:DC:AE)	-0.291	0.474	0.840	4.211	-18.494	-17.761	30.94	15.33	-103.15	-60.000	11.700	1.160	-0.68271	-0.26578	0.10544	0.67236	26.2	null	null	13113	60
2026-05-27T16:46:37.931	WT901BLE68(F3:F0:16:BF:DC:AE)	-0.331	0.493	0.809	-9.338	9.827	-5.432	30.04	15.74	-103.32	-60.000	11.700	1.160	-0.68271	-0.26578	0.10544	0.67236	26.2	null	null	13113	60
2026-05-27T16:46:38.050	WT901BLE68(F3:F0:16:BF:DC:AE)	-0.294	0.372	0.861	-6.409	-2.991	-15.869	28.92	16.77	-103.14	-60.000	11.700	1.160	-0.68271	-0.26578	0.10544	0.67236	26.2	null	null	13113	60
2026-05-27T16:46:38.144	WT901BLE68(F3:F0:16:BF:DC:AE)	-0.315	0.486	0.801	5.005	-10.437	-25.085	28.01	17.14	-105.14	-60.000	11.700	1.160	-0.68271	-0.26578	0.10544	0.67236	26.2	null	null	13113	60
2026-05-27T16:46:38.260	WT901BLE68(F3:F0:16:BF:DC:AE)	-0.361	0.490	0.872	14.709	1.099	-6.409	27.97	17.16	-106.41	-60.000	11.700	1.160	-0.68271	-0.26578	0.10544	0.67236	26.4	null	null	13113	60
2026-05-27T16:46:38.324	WT901BLE68(F3:F0:16:BF:DC:AE)	-0.228	0.533	0.734	26.245	-20.874	-24.719	29.73	16.80	-107.71	-60.000	11.700	1.160	-0.68271	-0.26578	0.10544	0.67236	26.4	null	null	13113	60
2026-05-27T16:46:38.444	WT901BLE68(F3:F0:16:BF:DC:AE)	-0.232	0.486	0.805	13.672	-46.631	-6.714	30.55	13.89	-111.17	-60.000	11.700	1.160	-0.68271	-0.26578	0.10544	0.67236	26.4	null	null	13113	60
2026-05-27T16:46:38.528	WT901BLE68(F3:F0:16:BF:DC:AE)	-0.218	0.534	0.832	10.132	9.033	-3.662	31.66	13.66	-110.10	-61.540	-1.227	9.687	-0.68271	-0.26578	0.10544	0.67236	26.4	null	null	13113	60
2026-05-27T16:46:38.659	WT901BLE68(F3:F0:16:BF:DC:AE)	-0.169	0.520	0.829	2.075	-8.179	-17.578	31.73	13.22	-111.34	-61.540	-1.227	9.687	-0.68271	-0.26578	0.10544	0.67236	26.4	null	null	13113	60
2026-05-27T16:46:38.743	WT901BLE68(F3:F0:16:BF:DC:AE)	-0.264	0.452	0.758	-1.587	-5.127	-41.870	30.81	14.61	-113.25	-61.540	-1.227	9.687	-0.50842	-0.24667	0.15826	0.80963	26.4	null	null	13113	60
2026-05-27T16:46:38.892	WT901BLE68(F3:F0:16:BF:DC:AE)	-0.255	0.507	0.896	4.761	-11.230	-51.941	29.78	15.58	-117.84	-61.540	-1.227	9.687	-0.50842	-0.24667	0.15826	0.80963	26.4	null	null	13113	60
2026-05-27T16:46:38.920	WT901BLE68(F3:F0:16:BF:DC:AE)	-0.304	0.509	0.896	11.963	-24.536	-61.462	28.74	16.99	-122.29	-61.540	-1.227	9.687	-0.50842	-0.24667	0.15826	0.80963	26.4	null	null	13113	60
2026-05-27T16:46:39.042	WT901BLE68(F3:F0:16:BF:DC:AE)	-0.275	0.464	0.871	36.804	-35.461	-49.072	28.89	16.96	-127.89	-61.540	-1.227	9.687	-0.50842	-0.24667	0.15826	0.80963	26.4	null	null	13113	60
2026-05-27T16:46:39.133	WT901BLE68(F3:F0:16:BF:DC:AE)	-0.257	0.493	0.759	36.682	-40.466	-41.443	31.11	15.60	-132.54	-61.540	-1.227	9.687	-0.50842	-0.24667	0.15826	0.80963	26.4	null	null	13113	60
2026-05-27T16:46:39.254	WT901BLE68(F3:F0:16:BF:DC:AE)	-0.361	0.546	0.800	14.404	-24.048	-20.325	32.20	14.28	-136.09	-61.540	-1.227	9.687	-0.50842	-0.24667	0.15826	0.80963	26.4	null	null	13113	60
2026-05-27T16:46:39.341	WT901BLE68(F3:F0:16:BF:DC:AE)	-0.302	0.458	0.755	10.803	-7.385	-18.921	32.72	14.35	-136.44	-61.540	-1.227	9.687	-0.50842	-0.24667	0.15826	0.80963	26.4	null	null	13113	60
2026-05-27T16:46:39.463	WT901BLE68(F3:F0:16:BF:DC:AE)	-0.237	0.521	0.781	-1.770	-7.507	-23.254	32.55	14.50	-137.82	-52.373	-7.673	19.547	-0.50842	-0.24667	0.15826	0.80963	26.4	null	null	13113	60
2026-05-27T16:46:39.554	WT901BLE68(F3:F0:16:BF:DC:AE)	-0.280	0.451	0.865	-5.432	-7.813	-18.860	31.54	14.98	-138.41	-52.373	-7.673	19.547	-0.30618	-0.21301	0.20914	0.90390	26.4	null	null	13113	60
2026-05-27T16:46:39.674	WT901BLE68(F3:F0:16:BF:DC:AE)	-0.205	0.541	0.838	1.648	-12.573	-25.879	30.56	14.71	-139.65	-52.373	-7.673	19.547	-0.30618	-0.21301	0.20914	0.90390	26.4	null	null	13113	60
2026-05-27T16:46:39.731	WT901BLE68(F3:F0:16:BF:DC:AE)	-0.280	0.486	0.789	17.273	-4.028	-25.879	30.14	15.07	-141.34	-52.373	-7.673	19.547	-0.30618	-0.21301	0.20914	0.90390	26.4	null	null	13113	60
2026-05-27T16:46:39.855	WT901BLE68(F3:F0:16:BF:DC:AE)	-0.343	0.528	0.721	24.597	-11.475	-19.409	31.66	15.64	-141.61	-52.373	-7.673	19.547	-0.30618	-0.21301	0.20914	0.90390	26.4	null	null	13113	60
2026-05-27T16:46:39.941	WT901BLE68(F3:F0:16:BF:DC:AE)	-0.404	0.530	0.761	14.160	2.441	-11.414	32.37	15.49	-142.25	-52.373	-7.673	19.547	-0.30618	-0.21301	0.20914	0.90390	26.4	null	null	13113	60
2026-05-27T16:46:40.065	WT901BLE68(F3:F0:16:BF:DC:AE)	-0.213	0.616	0.665	23.499	-67.322	-37.170	33.31	13.85	-144.51	-52.373	-7.673	19.547	-0.30618	-0.21301	0.20914	0.90390	26.4	null	null	13113	60
2026-05-27T16:46:40.154	WT901BLE68(F3:F0:16:BF:DC:AE)	-0.235	0.565	0.792	-2.808	-29.053	-35.583	32.89	11.82	-149.01	-52.373	-7.673	19.547	-0.30618	-0.21301	0.20914	0.90390	26.4	null	null	13113	60
2026-05-27T16:46:40.275	WT901BLE68(F3:F0:16:BF:DC:AE)	-0.240	0.496	0.893	-11.658	-38.269	-54.016	30.79	12.29	-152.20	-52.373	-7.673	19.547	-0.30618	-0.21301	0.20914	0.90390	26.4	null	null	13113	60
2026-05-27T16:46:40.330	WT901BLE68(F3:F0:16:BF:DC:AE)	-0.182	0.460	0.880	3.235	-30.090	-63.904	28.86	12.04	-157.56	-36.720	-10.360	24.947	-0.30618	-0.21301	0.20914	0.90390	26.4	null	null	13113	60
2026-05-27T16:46:40.452	WT901BLE68(F3:F0:16:BF:DC:AE)	-0.188	0.389	0.967	8.545	-15.564	-79.468	27.79	13.19	-163.15	-36.720	-10.360	24.947	-0.30618	-0.21301	0.20914	0.90390	26.4	null	null	13113	60
2026-05-27T16:46:40.539	WT901BLE68(F3:F0:16:BF:DC:AE)	-0.272	0.433	0.838	23.621	-34.180	-63.416	28.00	15.08	-167.83	-36.720	-10.360	24.947	-0.09903	-0.14767	0.21957	0.95920	26.4	null	null	13113	60
2026-05-27T16:46:40.661	WT901BLE68(F3:F0:16:BF:DC:AE)	-0.383	0.478	0.783	14.099	-16.724	-28.992	28.39	15.16	-171.09	-36.720	-10.360	24.947	-0.09903	-0.14767	0.21957	0.95920	26.4	null	null	13113	60
2026-05-27T16:46:40.753	WT901BLE68(F3:F0:16:BF:DC:AE)	-0.280	0.503	0.848	1.648	-11.169	-4.578	28.49	15.36	-169.95	-36.720	-10.360	24.947	-0.09903	-0.14767	0.21957	0.95920	26.4	null	null	13113	60
2026-05-27T16:46:40.905	WT901BLE68(F3:F0:16:BF:DC:AE)	-0.190	0.420	0.968	4.883	-37.720	-7.874	28.22	14.05	-169.46	-36.720	-10.360	24.947	-0.09903	-0.14767	0.21957	0.95920	26.4	null	null	13113	60
2026-05-27T16:46:40.929	WT901BLE68(F3:F0:16:BF:DC:AE)	-0.223	0.385	0.972	-3.540	-13.000	12.695	28.16	12.43	-167.67	-36.720	-10.360	24.947	-0.09903	-0.14767	0.21957	0.95920	26.4	null	null	13113	60
2026-05-27T16:46:41.082	WT901BLE68(F3:F0:16:BF:DC:AE)	-0.180	0.426	0.842	7.080	-25.085	12.390	28.20	10.54	-164.70	-36.720	-10.360	24.947	-0.09903	-0.14767	0.21957	0.95920	26.4	null	null	13113	60
2026-05-27T16:46:41.140	WT901BLE68(F3:F0:16:BF:DC:AE)	-0.188	0.460	0.937	36.743	-58.838	23.010	29.20	6.37	-163.43	-23.840	-5.760	22.400	-0.09903	-0.14767	0.21957	0.95920	26.4	null	null	13113	60
2026-05-27T16:46:41.263	WT901BLE68(F3:F0:16:BF:DC:AE)	-0.098	0.501	0.830	35.767	-101.257	22.888	32.73	-0.75	-162.40	-23.840	-5.760	22.400	-0.09903	-0.14767	0.21957	0.95920	26.4	null	null	13113	60
2026-05-27T16:46:41.352	WT901BLE68(F3:F0:16:BF:DC:AE)	0.073	0.712	0.717	31.372	-49.011	14.771	36.31	-9.24	-165.01	-23.840	-5.760	22.400	-0.09903	-0.14767	0.21957	0.95920	26.4	null	null	13113	60
2026-05-27T16:46:41.473	WT901BLE68(F3:F0:16:BF:DC:AE)	0.183	0.638	0.814	27.832	-23.804	5.676	39.19	-10.95	-162.52	-23.840	-5.760	22.400	-0.15405	0.03906	0.32468	0.93231	26.4	null	null	13113	60
2026-05-27T16:46:41.562	WT901BLE68(F3:F0:16:BF:DC:AE)	0.168	0.651	0.647	4.272	-16.296	-12.695	41.27	-12.75	-162.86	-23.840	-5.760	22.400	-0.15405	0.03906	0.32468	0.93231	26.4	null	null	13113	60
2026-05-27T16:46:41.686	WT901BLE68(F3:F0:16:BF:DC:AE)	0.158	0.635	0.746	-4.578	-9.888	-26.733	41.76	-11.94	-162.21	-23.840	-5.760	22.400	-0.15405	0.03906	0.32468	0.93231	26.4	null	null	13113	60
2026-05-27T16:46:41.738	WT901BLE68(F3:F0:16:BF:DC:AE)	0.255	0.577	0.774	-18.921	-25.452	-31.128	41.25	-11.46	-162.91	-23.840	-5.760	22.400	-0.15405	0.03906	0.32468	0.93231	26.4	null	null	13113	60
2026-05-27T16:46:41.864	WT901BLE68(F3:F0:16:BF:DC:AE)	0.210	0.602	0.780	-33.508	-30.029	-30.518	39.24	-11.62	-164.04	-23.840	-5.760	22.400	-0.15405	0.03906	0.32468	0.93231	26.4	null	null	13113	60
2026-05-27T16:46:41.952	WT901BLE68(F3:F0:16:BF:DC:AE)	0.125	0.668	0.906	-31.311	-19.775	-27.527	36.48	-11.61	-164.41	-23.840	-5.760	22.400	-0.15405	0.03906	0.32468	0.93231	26.4	null	null	13113	60
2026-05-27T16:46:42.073	WT901BLE68(F3:F0:16:BF:DC:AE)	0.100	0.650	0.775	-20.142	-6.775	-24.658	34.67	-10.41	-162.70	-23.840	-5.760	22.400	-0.15405	0.03906	0.32468	0.93231	26.4	null	null	13113	60
2026-05-27T16:46:42.161	WT901BLE68(F3:F0:16:BF:DC:AE)	-0.027	0.636	0.690	-27.832	-16.907	-23.987	32.84	-11.10	-163.59	-9.880	3.287	12.793	-0.15405	0.03906	0.32468	0.93231	26.4	null	null	13113	60
2026-05-27T16:46:42.280	WT901BLE68(F3:F0:16:BF:DC:AE)	0.340	0.427	0.853	-7.568	-27.588	-17.273	32.17	-11.96	-164.46	-9.880	3.287	12.793	-0.15405	0.03906	0.32468	0.93231	26.4	null	null	13113	60
2026-05-27T16:46:42.343	WT901BLE68(F3:F0:16:BF:DC:AE)	0.274	0.569	0.772	-13.672	-27.466	-27.222	32.23	-12.86	-165.57	-9.880	3.287	12.793	-0.15460	0.06741	0.28812	0.94257	26.4	null	null	13113	60
2026-05-27T16:46:42.494	WT901BLE68(F3:F0:16:BF:DC:AE)	0.072	0.430	0.805	-23.499	47.607	-16.907	30.82	-10.32	-163.82	-9.880	3.287	12.793	-0.15460	0.06741	0.28812	0.94257	26.4	null	null	13113	60
2026-05-27T16:46:42.552	WT901BLE68(F3:F0:16:BF:DC:AE)	0.141	0.460	0.890	-16.968	12.634	-21.545	29.32	-7.49	-161.64	-9.880	3.287	12.793	-0.15460	0.06741	0.28812	0.94257	26.4	null	null	13113	60
2026-05-27T16:46:42.672	WT901BLE68(F3:F0:16:BF:DC:AE)	0.011	0.539	0.866	0.916	32.837	-25.940	28.69	-4.88	-160.27	-9.880	3.287	12.793	-0.15460	0.06741	0.28812	0.94257	26.4	null	null	13113	60
2026-05-27T16:46:42.761	WT901BLE68(F3:F0:16:BF:DC:AE)	0.015	0.528	0.775	19.714	-20.081	-41.382	30.08	-2.71	-160.03	-9.880	3.287	12.793	-0.15460	0.06741	0.28812	0.94257	26.4	null	null	13113	60
2026-05-27T16:46:42.886	WT901BLE68(F3:F0:16:BF:DC:AE)	-0.044	0.589	0.745	2.686	5.310	-24.109	31.26	-2.39	-160.84	-9.880	3.287	12.793	-0.15460	0.06741	0.28812	0.94257	26.4	null	null	13113	60
2026-05-27T16:46:42.971	WT901BLE68(F3:F0:16:BF:DC:AE)	0.018	0.549	0.885	-2.380	20.752	-15.747	31.25	0.35	-158.48	-16.767	3.627	14.713	-0.15460	0.06741	0.28812	0.94257	26.4	null	null	13113	60
2026-05-27T16:46:43.093	WT901BLE68(F3:F0:16:BF:DC:AE)	-0.093	0.566	0.871	-0.793	-5.554	-28.748	31.17	1.83	-157.13	-16.767	3.627	14.713	-0.15460	0.06741	0.28812	0.94257	26.4	null	null	13113	60
2026-05-27T16:46:43.151	WT901BLE68(F3:F0:16:BF:DC:AE)	-0.104	0.532	0.831	-4.456	8.606	-31.860	30.88	3.24	-157.12	-16.767	3.627	14.713	-0.18362	-0.07639	0.25668	0.94577	26.4	null	null	13113	60
2026-05-27T16:46:43.270	WT901BLE68(F3:F0:16:BF:DC:AE)	-0.195	0.496	0.844	-14.587	32.349	-25.146	29.63	8.83	-153.44	-16.767	3.627	14.713	-0.18362	-0.07639	0.25668	0.94577	26.4	null	null	13113	60
2026-05-27T16:46:43.363	WT901BLE68(F3:F0:16:BF:DC:AE)	-0.315	0.525	0.963	-13.306	-9.766	-44.861	27.91	10.46	-154.51	-16.767	3.627	14.713	-0.18362	-0.07639	0.25668	0.94577	26.4	null	null	13113	60
2026-05-27T16:46:43.482	WT901BLE68(F3:F0:16:BF:DC:AE)	-0.390	0.464	0.893	-0.183	-9.094	-42.236	26.34	11.90	-156.24	-16.767	3.627	14.713	-0.18362	-0.07639	0.25668	0.94577	26.4	null	null	13113	60
2026-05-27T16:46:43.571	WT901BLE68(F3:F0:16:BF:DC:AE)	-0.064	0.487	0.806	17.944	-57.373	-45.715	26.85	10.09	-158.79	-16.767	3.627	14.713	-0.18362	-0.07639	0.25668	0.94577	26.4	null	null	13113	60
2026-05-27T16:46:43.697	WT901BLE68(F3:F0:16:BF:DC:AE)	-0.207	0.529	0.925	18.250	-52.979	-23.499	27.89	7.23	-161.80	-16.767	3.627	14.713	-0.18362	-0.07639	0.25668	0.94577	26.4	null	null	13113	60
2026-05-27T16:46:43.785	WT901BLE68(F3:F0:16:BF:DC:AE)	-0.054	0.515	0.831	17.151	-27.344	-25.696	29.20	5.93	-161.59	-16.767	3.627	14.713	-0.18362	-0.07639	0.25668	0.94577	26.4	null	null	13113	60
2026-05-27T16:46:43.906	WT901BLE68(F3:F0:16:BF:DC:AE)	-0.137	0.499	0.814	-4.639	-23.560	-34.241	29.23	5.06	-162.22	-16.767	3.627	14.713	-0.18362	-0.07639	0.25668	0.94577	26.4	null	null	13113	60
2026-05-27T16:46:43.961	WT901BLE68(F3:F0:16:BF:DC:AE)	-0.057	0.395	0.987	-20.996	14.526	-13.184	27.82	6.31	-160.42	-16.873	6.133	12.740	-0.18362	-0.07639	0.25668	0.94577	26.4	null	null	13113	60
2026-05-27T16:46:44.082	WT901BLE68(F3:F0:16:BF:DC:AE)	-0.062	0.477	1.053	-15.076	-16.479	-13.977	26.19	7.86	-157.67	-16.873	6.133	12.740	-0.18362	-0.07639	0.25668	0.94577	26.4	null	null	13113	60
2026-05-27T16:46:44.170	WT901BLE68(F3:F0:16:BF:DC:AE)	-0.090	0.484	0.976	13.306	0.061	3.845	26.35	8.16	-154.14	-16.873	6.133	12.740	-0.18173	-0.11105	0.20480	0.95529	26.4	null	null	13113	60
2026-05-27T16:46:44.292	WT901BLE68(F3:F0:16:BF:DC:AE)	-0.183	0.520	0.823	25.757	-18.860	3.662	29.05	7.47	-150.28	-16.873	6.133	12.740	-0.18173	-0.11105	0.20480	0.95529	26.4	null	null	13113	60
2026-05-27T16:46:44.383	WT901BLE68(F3:F0:16:BF:DC:AE)	-0.129	0.548	0.811	7.751	7.141	10.254	30.56	6.53	-146.46	-16.873	6.133	12.740	-0.18173	-0.11105	0.20480	0.95529	26.4	null	null	13113	60
2026-05-27T16:46:44.507	WT901BLE68(F3:F0:16:BF:DC:AE)	-0.050	0.509	0.826	7.690	10.803	8.484	31.60	6.71	-141.93	-16.873	6.133	12.740	-0.18173	-0.11105	0.20480	0.95529	26.4	null	null	13113	60
2026-05-27T16:46:44.560	WT901BLE68(F3:F0:16:BF:DC:AE)	-0.052	0.484	0.841	-5.432	2.319	-0.183	32.18	6.79	-138.41	-16.873	6.133	12.740	-0.18173	-0.11105	0.20480	0.95529	26.4	null	null	13113	60
2026-05-27T16:46:44.687	WT901BLE68(F3:F0:16:BF:DC:AE)	-0.085	0.515	0.880	-12.756	0.977	-16.602	31.29	7.28	-135.92	-16.873	6.133	12.740	-0.18173	-0.11105	0.20480	0.95529	26.4	null	null	13113	60
2026-05-27T16:46:44.768	WT901BLE68(F3:F0:16:BF:DC:AE)	-0.030	0.446	0.800	-4.517	2.808	-23.560	30.15	8.39	-135.11	-16.873	6.133	12.740	-0.18173	-0.11105	0.20480	0.95529	26.4	null	null	13113	60
2026-05-27T16:46:44.891	WT901BLE68(F3:F0:16:BF:DC:AE)	-0.142	0.524	0.912	-11.536	5.615	-20.996	29.06	9.82	-133.97	-16.880	7.413	10.187	-0.18173	-0.11105	0.20480	0.95529	26.4	null	null	13113	60
2026-05-27T16:46:44.983	WT901BLE68(F3:F0:16:BF:DC:AE)	-0.192	0.512	0.917	29.419	-13.184	-18.005	29.19	10.64	-133.28	-16.880	7.413	10.187	-0.18173	-0.11105	0.20480	0.95529	26.4	null	null	13113	60
2026-05-27T16:46:45.106	WT901BLE68(F3:F0:16:BF:DC:AE)	-0.161	0.508	0.809	20.081	-32.654	-21.667	31.45	9.62	-133.14	-16.880	7.413	10.187	-0.36142	-0.18375	0.20105	0.89166	26.4	null	null	13113	60
2026-05-27T16:46:45.191	WT901BLE68(F3:F0:16:BF:DC:AE)	-0.165	0.590	0.836	13.977	0.732	6.409	32.85	8.61	-131.33	-16.880	7.413	10.187	-0.36142	-0.18375	0.20105	0.89166	26.4	null	null	13113	60
2026-05-27T16:46:45.313	WT901BLE68(F3:F0:16:BF:DC:AE)	-0.042	0.552	0.726	10.864	-21.912	9.583	34.33	7.99	-127.52	-16.880	7.413	10.187	-0.36142	-0.18375	0.20105	0.89166	26.4	null	null	13113	60
2026-05-27T16:46:45.376	WT901BLE68(F3:F0:16:BF:DC:AE)	-0.184	0.534	0.901	-13.977	12.695	21.851	34.66	6.51	-122.98	-16.880	7.413	10.187	-0.36142	-0.18375	0.20105	0.89166	26.4	null	null	13113	60
2026-05-27T16:46:45.493	WT901BLE68(F3:F0:16:BF:DC:AE)	-0.077	0.583	0.761	-9.888	21.790	13.184	33.52	7.45	-116.61	-16.880	7.413	10.187	-0.36142	-0.18375	0.20105	0.89166	26.4	null	null	13113	60
2026-05-27T16:46:45.583	WT901BLE68(F3:F0:16:BF:DC:AE)	-0.077	0.565	0.830	-10.437	-9.583	0.244	32.60	7.89	-113.25	-16.880	7.413	10.187	-0.36142	-0.18375	0.20105	0.89166	26.4	null	null	13113	60
2026-05-27T16:46:45.706	WT901BLE68(F3:F0:16:BF:DC:AE)	-0.208	0.565	0.760	1.465	24.597	16.174	31.96	8.27	-109.80	-16.880	7.413	10.187	-0.36142	-0.18375	0.20105	0.89166	26.4	null	null	13113	60
2026-05-27T16:46:45.792	WT901BLE68(F3:F0:16:BF:DC:AE)	-0.068	0.541	0.811	13.794	1.099	13.550	33.22	8.32	-106.08	-14.927	9.713	6.253	-0.36142	-0.18375	0.20105	0.89166	26.4	null	null	13113	60
2026-05-27T16:46:45.918	WT901BLE68(F3:F0:16:BF:DC:AE)	-0.197	0.566	0.800	0.366	11.475	22.644	34.28	7.72	-102.39	-14.927	9.713	6.253	-0.36142	-0.18375	0.20105	0.89166	26.4	null	null	13113	60
2026-05-27T16:46:45.974	WT901BLE68(F3:F0:16:BF:DC:AE)	-0.092	0.543	0.819	2.869	15.198	27.771	34.69	7.37	-97.72	-14.927	9.713	6.253	-0.59854	-0.23813	0.18628	0.74179	26.4	null	null	13113	60
2026-05-27T16:46:46.089	WT901BLE68(F3:F0:16:BF:DC:AE)	-0.108	0.655	0.907	-8.484	26.978	12.390	35.10	7.66	-93.50	-14.927	9.713	6.253	-0.59854	-0.23813	0.18628	0.74179	26.4	null	null	13113	60
2026-05-27T16:46:46.187	WT901BLE68(F3:F0:16:BF:DC:AE)	-0.125	0.607	0.867	-21.790	18.494	3.479	33.90	9.69	-90.13	-14.927	9.713	6.253	-0.59854	-0.23813	0.18628	0.74179	26.4	null	null	13113	60
2026-05-27T16:46:46.305	WT901BLE68(F3:F0:16:BF:DC:AE)	-0.141	0.367	0.728	-32.288	30.396	-5.920	31.16	11.40	-88.79	-14.927	9.713	6.253	-0.59854	-0.23813	0.18628	0.74179	26.4	null	null	13113	60
2026-05-27T16:46:46.392	WT901BLE68(F3:F0:16:BF:DC:AE)	-0.268	0.464	0.902	-18.494	3.662	-7.385	28.65	12.77	-88.30	-14.927	9.713	6.253	-0.59854	-0.23813	0.18628	0.74179	26.4	null	null	13113	60
2026-05-27T16:46:46.514	WT901BLE68(F3:F0:16:BF:DC:AE)	-0.201	0.402	0.921	-4.578	-0.916	-15.991	27.11	13.44	-89.26	-14.927	9.713	6.253	-0.59854	-0.23813	0.18628	0.74179	26.4	null	null	13113	60
2026-05-27T16:46:46.604	WT901BLE68(F3:F0:16:BF:DC:AE)	-0.188	0.489	0.914	26.367	-10.071	-14.404	27.97	13.50	-91.04	-17.387	5.520	8.207	-0.59854	-0.23813	0.18628	0.74179	26.4	null	null	13113	60
2026-05-27T16:46:46.721	WT901BLE68(F3:F0:16:BF:DC:AE)	-0.280	0.416	0.826	18.372	-12.756	-22.888	29.83	13.64	-92.13	-17.387	5.520	8.207	-0.59854	-0.23813	0.18628	0.74179	26.4	null	null	13113	60
2026-05-27T16:46:46.780	WT901BLE68(F3:F0:16:BF:DC:AE)	-0.268	0.492	0.885	12.939	-5.249	1.465	30.93	13.43	-92.75	-17.387	5.520	8.207	-0.63724	-0.26321	0.11285	0.71539	26.4	null	null	13113	60
2026-05-27T16:46:46.903	WT901BLE68(F3:F0:16:BF:DC:AE)	-0.188	0.498	0.842	13.977	-15.930	11.108	32.40	12.94	-90.54	-17.387	5.520	8.207	-0.63724	-0.26321	0.11285	0.71539	26.4	null	null	13113	60
2026-05-27T16:46:46.992	WT901BLE68(F3:F0:16:BF:DC:AE)	-0.076	0.487	0.862	-12.207	-8.118	12.268	32.85	11.85	-88.91	-17.387	5.520	8.207	-0.63724	-0.26321	0.11285	0.71539	26.4	null	null	13113	60
2026-05-27T16:46:47.113	WT901BLE68(F3:F0:16:BF:DC:AE)	-0.229	0.379	0.866	-25.269	20.996	19.897	31.39	11.84	-85.71	-17.387	5.520	8.207	-0.63724	-0.26321	0.11285	0.71539	26.4	null	null	13113	60
2026-05-27T16:46:47.206	WT901BLE68(F3:F0:16:BF:DC:AE)	-0.109	0.536	0.968	-17.273	4.272	15.198	29.72	11.87	-83.00	-17.387	5.520	8.207	-0.63724	-0.26321	0.11285	0.71539	26.4	null	null	13113	60
2026-05-27T16:46:47.324	WT901BLE68(F3:F0:16:BF:DC:AE)	-0.195	0.447	0.980	9.521	4.944	23.499	30.22	12.19	-79.45	-17.387	5.520	8.207	-0.63724	-0.26321	0.11285	0.71539	26.4	null	null	13113	60
2026-05-27T16:46:47.380	WT901BLE68(F3:F0:16:BF:DC:AE)	-0.271	0.596	0.778	14.832	-14.709	-0.061	32.18	11.95	-77.89	-17.387	5.520	8.207	-0.63724	-0.26321	0.11285	0.71539	26.4	null	null	13113	60
2026-05-27T16:46:47.507	WT901BLE68(F3:F0:16:BF:DC:AE)	-0.269	0.630	0.741	5.371	0.549	18.616	32.99	11.07	-76.96	-17.387	5.520	8.207	-0.63724	-0.26321	0.11285	0.71539	26.4	null	null	13113	60
2026-05-27T16:46:47.592	WT901BLE68(F3:F0:16:BF:DC:AE)	-0.179	0.589	0.711	-0.610	7.446	19.653	33.59	10.45	-74.25	-17.653	9.233	3.360	-0.63724	-0.26321	0.11285	0.71539	26.4	null	null	13113	60
2026-05-27T16:46:47.716	WT901BLE68(F3:F0:16:BF:DC:AE)	-0.125	0.533	0.820	-8.728	-5.676	-2.502	33.01	10.40	-73.25	-17.653	9.233	3.360	-0.63724	-0.26321	0.11285	0.71539	26.4	null	null	13113	60
2026-05-27T16:46:47.805	WT901BLE68(F3:F0:16:BF:DC:AE)	-0.221	0.469	0.822	-15.564	23.193	-23.621	31.72	11.78	-73.85	-17.653	9.233	3.360	-0.75027	-0.27701	0.09708	0.59232	26.4	null	null	13113	60
2026-05-27T16:46:47.922	WT901BLE68(F3:F0:16:BF:DC:AE)	-0.243	0.477	0.959	-9.888	-1.526	-27.588	30.10	13.41	-75.83	-17.653	9.233	3.360	-0.75027	-0.27701	0.09708	0.59232	26.4	null	null	13113	60
2026-05-27T16:46:48.012	WT901BLE68(F3:F0:16:BF:DC:AE)	-0.255	0.538	0.905	12.451	6.409	-6.775	29.88	14.56	-76.71	-17.653	9.233	3.360	-0.75027	-0.27701	0.09708	0.59232	26.4	null	null	13113	60
2026-05-27T16:46:48.134	WT901BLE68(F3:F0:16:BF:DC:AE)	-0.347	0.512	0.734	18.799	-6.287	-5.920	31.23	15.02	-76.12	-17.653	9.233	3.360	-0.75027	-0.27701	0.09708	0.59232	26.4	null	null	13113	60
2026-05-27T16:46:48.191	WT901BLE68(F3:F0:16:BF:DC:AE)	-0.189	0.565	0.828	11.780	-15.869	-13.733	32.38	14.14	-77.81	-17.653	9.233	3.360	-0.75027	-0.27701	0.09708	0.59232	26.4	null	null	13113	60
2026-05-27T16:46:48.311	WT901BLE68(F3:F0:16:BF:DC:AE)	-0.294	0.545	0.870	4.089	-14.282	0.977	33.11	13.15	-78.01	-17.653	9.233	3.360	-0.75027	-0.27701	0.09708	0.59232	26.4	null	null	13113	60
2026-05-27T16:46:48.403	WT901BLE68(F3:F0:16:BF:DC:AE)	-0.190	0.463	0.833	-6.958	-10.254	2.869	32.54	12.44	-76.89	-17.653	9.233	3.360	-0.75027	-0.27701	0.09708	0.59232	26.4	null	null	13113	60
2026-05-27T16:46:48.521	WT901BLE68(F3:F0:16:BF:DC:AE)	-0.126	0.491	0.886	-4.700	-12.756	6.104	31.64	11.98	-75.64	-20.173	13.700	1.080	-0.75027	-0.27701	0.09708	0.59232	26.4	null	null	13113	60
2026-05-27T16:46:48.613	WT901BLE68(F3:F0:16:BF:DC:AE)	-0.208	0.480	0.936	-13.000	-2.197	-3.418	30.68	11.71	-74.56	-20.173	13.700	1.080	-0.74509	-0.27142	0.08307	0.60349	26.4	null	null	13113	60
2026-05-27T16:46:48.736	WT901BLE68(F3:F0:16:BF:DC:AE)	-0.275	0.491	0.826	-1.526	-6.775	1.282	29.76	10.84	-74.25	-20.173	13.700	1.080	-0.74509	-0.27142	0.08307	0.60349	26.4	null	null	13113	60
2026-05-27T16:46:48.793	WT901BLE68(F3:F0:16:BF:DC:AE)	-0.253	0.529	0.772	33.752	-10.986	-5.554	31.13	10.42	-73.08	-20.173	13.700	1.080	-0.74509	-0.27142	0.08307	0.60349	26.4	null	null	13113	60
2026-05-27T16:46:48.912	WT901BLE68(F3:F0:16:BF:DC:AE)	-0.152	0.532	0.710	10.315	-26.245	-25.269	32.39	9.66	-75.46	-20.173	13.700	1.080	-0.74509	-0.27142	0.08307	0.60349	26.4	null	null	13113	60
2026-05-27T16:46:49.001	WT901BLE68(F3:F0:16:BF:DC:AE)	-0.173	0.614	0.838	-8.423	2.869	-4.639	32.09	9.52	-75.54	-20.173	13.700	1.080	-0.74509	-0.27142	0.08307	0.60349	26.4	null	null	13113	60
2026-05-27T16:46:49.126	WT901BLE68(F3:F0:16:BF:DC:AE)	-0.192	0.586	0.768	7.751	-24.231	-20.874	31.83	8.92	-75.71	-20.173	13.700	1.080	-0.74509	-0.27142	0.08307	0.60349	26.4	null	null	13113	60
2026-05-27T16:46:49.244	WT901BLE68(F3:F0:16:BF:DC:AE)	-0.265	0.522	0.844	0.732	-17.395	-25.146	32.00	8.36	-76.72	-20.173	13.700	1.080	-0.74509	-0.27142	0.08307	0.60349	26.4	null	null	13113	60
2026-05-27T16:46:49.334	WT901BLE68(F3:F0:16:BF:DC:AE)	-0.083	0.552	0.890	-2.075	-6.165	-27.588	31.59	8.62	-77.90	-20.593	20.647	-2.513	-0.74509	-0.27142	0.08307	0.60349	26.4	null	null	13113	60
2026-05-27T16:46:49.424	WT901BLE68(F3:F0:16:BF:DC:AE)	-0.157	0.462	0.896	-3.601	-12.085	-40.527	30.64	9.73	-79.33	-20.593	20.647	-2.513	-0.74509	-0.27142	0.08307	0.60349	26.4	null	null	13113	60
2026-05-27T16:46:49.509	WT901BLE68(F3:F0:16:BF:DC:AE)	-0.309	0.514	0.918	-2.258	-14.648	-50.720	29.64	10.72	-82.15	-20.593	20.647	-2.513	-0.71490	-0.25241	0.10175	0.64398	26.4	null	null	13113	60
2026-05-27T16:46:49.606	WT901BLE68(F3:F0:16:BF:DC:AE)	-0.238	0.538	0.836	4.578	-32.349	-37.231	28.61	10.90	-85.03	-20.593	20.647	-2.513	-0.71490	-0.25241	0.10175	0.64398	26.4	null	null	13113	60
2026-05-27T16:46:49.721	WT901BLE68(F3:F0:16:BF:DC:AE)	-0.215	0.568	0.780	21.973	-18.799	-30.579	29.34	11.02	-86.65	-20.593	20.647	-2.513	-0.71490	-0.25241	0.10175	0.64398	26.4	null	null	13113	60
2026-05-27T16:46:49.817	WT901BLE68(F3:F0:16:BF:DC:AE)	-0.111	0.529	0.782	17.456	-22.644	-23.254	30.78	10.39	-87.89	-20.593	20.647	-2.513	-0.71490	-0.25241	0.10175	0.64398	26.4	null	null	13113	60
2026-05-27T16:46:49.932	WT901BLE68(F3:F0:16:BF:DC:AE)	-0.184	0.490	0.859	9.521	-27.771	-12.512	31.15	9.38	-88.28	-20.593	20.647	-2.513	-0.71490	-0.25241	0.10175	0.64398	26.4	null	null	13113	60
2026-05-27T16:46:50.023	WT901BLE68(F3:F0:16:BF:DC:AE)	-0.161	0.469	0.866	-7.690	-16.418	-11.414	30.55	7.96	-88.09	-20.593	20.647	-2.513	-0.71490	-0.25241	0.10175	0.64398	26.4	null	null	13113	60
2026-05-27T16:46:50.144	WT901BLE68(F3:F0:16:BF:DC:AE)	-0.130	0.461	0.872	-5.188	-19.348	-16.907	29.47	6.98	-88.23	-20.593	20.647	-2.513	-0.71490	-0.25241	0.10175	0.64398	26.4	null	null	13113	60
2026-05-27T16:46:50.200	WT901BLE68(F3:F0:16:BF:DC:AE)	-0.150	0.466	0.896	-2.563	-7.446	-17.273	28.52	6.44	-88.09	-30.613	27.547	-6.287	-0.71490	-0.25241	0.10175	0.64398	26.4	null	null	13113	60
2026-05-27T16:46:50.326	WT901BLE68(F3:F0:16:BF:DC:AE)	-0.145	0.467	0.920	24.170	-26.306	-19.897	29.00	6.38	-87.52	-30.613	27.547	-6.287	-0.71490	-0.25241	0.10175	0.64398	26.4	null	null	13113	60
2026-05-27T16:46:50.416	WT901BLE68(F3:F0:16:BF:DC:AE)	-0.064	0.521	0.776	19.104	-67.322	-36.804	30.98	3.75	-90.18	-30.613	27.547	-6.287	-0.71490	-0.25241	0.10175	0.64398	26.4	null	null	13113	60
2026-05-27T16:46:50.535	WT901BLE68(F3:F0:16:BF:DC:AE)	-0.121	0.511	0.796	-0.977	-14.587	-17.822	31.46	1.46	-92.33	-30.613	27.547	-6.287	-0.66983	-0.20688	0.17401	0.69147	26.4	null	null	13113	60
2026-05-27T16:46:50.620	WT901BLE68(F3:F0:16:BF:DC:AE)	-0.031	0.497	0.856	12.390	-12.573	-21.484	31.79	1.36	-92.03	-30.613	27.547	-6.287	-0.66983	-0.20688	0.17401	0.69147	26.4	null	null	13113	60
2026-05-27T16:46:50.743	WT901BLE68(F3:F0:16:BF:DC:AE)	-0.043	0.508	0.790	10.742	-23.865	-35.339	33.07	1.79	-92.90	-30.613	27.547	-6.287	-0.66983	-0.20688	0.17401	0.69147	26.4	null	null	13113	60
2026-05-27T16:46:50.832	WT901BLE68(F3:F0:16:BF:DC:AE)	-0.029	0.545	0.856	0.671	-34.119	-41.504	33.49	1.67	-95.14	-30.613	27.547	-6.287	-0.66983	-0.20688	0.17401	0.69147	26.4	null	null	13113	60
2026-05-27T16:46:50.955	WT901BLE68(F3:F0:16:BF:DC:AE)	-0.053	0.491	0.825	-9.277	-32.349	-48.279	32.96	1.44	-98.39	-30.613	27.547	-6.287	-0.66983	-0.20688	0.17401	0.69147	26.4	null	null	13113	60
2026-05-27T16:46:51.008	WT901BLE68(F3:F0:16:BF:DC:AE)	-0.027	0.475	0.872	-10.986	-39.856	-56.946	31.77	1.24	-101.99	-30.613	27.547	-6.287	-0.66983	-0.20688	0.17401	0.69147	26.4	null	null	13113	60
2026-05-27T16:46:51.135	WT901BLE68(F3:F0:16:BF:DC:AE)	-0.053	0.548	0.914	-11.475	-29.724	-59.814	30.42	1.06	-106.68	-30.613	27.547	-6.287	-0.66983	-0.20688	0.17401	0.69147	26.4	null	null	13113	60
2026-05-27T16:46:51.220	WT901BLE68(F3:F0:16:BF:DC:AE)	-0.022	0.574	0.815	1.770	-28.015	-47.729	30.07	1.23	-109.88	-51.173	27.053	-3.987	-0.66983	-0.20688	0.17401	0.69147	26.4	null	null	13113	60
2026-05-27T16:46:51.340	WT901BLE68(F3:F0:16:BF:DC:AE)	-0.110	0.523	0.862	5.249	-44.983	-41.504	29.77	1.82	-112.25	-51.173	27.053	-3.987	-0.66983	-0.20688	0.17401	0.69147	26.4	null	null	13113	60
2026-05-27T16:46:51.433	WT901BLE68(F3:F0:16:BF:DC:AE)	-0.089	0.556	0.802	10.681	-38.330	-30.334	30.67	0.12	-115.02	-51.173	27.053	-3.987	-0.52600	-0.15015	0.21152	0.80988	26.4	null	null	13113	60
2026-05-27T16:46:51.553	WT901BLE68(F3:F0:16:BF:DC:AE)	-0.003	0.577	0.889	-3.418	-31.250	-33.203	31.12	-0.94	-116.54	-51.173	27.053	-3.987	-0.52600	-0.15015	0.21152	0.80988	26.4	null	null	13113	60
2026-05-27T16:46:51.612	WT901BLE68(F3:F0:16:BF:DC:AE)	-0.022	0.567	0.904	-7.263	-23.987	-27.405	30.74	-1.83	-118.09	-51.173	27.053	-3.987	-0.52600	-0.15015	0.21152	0.80988	26.4	null	null	13113	60
2026-05-27T16:46:51.734	WT901BLE68(F3:F0:16:BF:DC:AE)	-0.032	0.532	0.863	-9.094	-27.344	-32.715	30.09	-2.12	-119.30	-51.173	27.053	-3.987	-0.52600	-0.15015	0.21152	0.80988	26.4	null	null	13113	60
2026-05-27T16:46:51.824	WT901BLE68(F3:F0:16:BF:DC:AE)	0.009	0.551	0.878	-15.930	-2.869	-25.330	29.38	-1.54	-120.14	-51.173	27.053	-3.987	-0.52600	-0.15015	0.21152	0.80988	26.4	null	null	13113	60
2026-05-27T16:46:51.945	WT901BLE68(F3:F0:16:BF:DC:AE)	-0.067	0.503	0.928	-6.287	14.160	-25.085	28.17	0.27	-119.81	-51.173	27.053	-3.987	-0.52600	-0.15015	0.21152	0.80988	26.4	null	null	13113	60
2026-05-27T16:46:52.031	WT901BLE68(F3:F0:16:BF:DC:AE)	0.088	0.552	0.669	18.066	-38.818	-38.818	29.90	0.00	-121.66	-60.733	13.627	6.233	-0.52600	-0.15015	0.21152	0.80988	26.4	null	null	13113	60
2026-05-27T16:46:52.160	WT901BLE68(F3:F0:16:BF:DC:AE)	-0.006	0.558	0.838	-3.845	-11.719	-20.935	30.30	0.19	-123.01	-60.733	13.627	6.233	-0.52600	-0.15015	0.21152	0.80988	26.4	null	null	13113	60
2026-05-27T16:46:52.244	WT901BLE68(F3:F0:16:BF:DC:AE)	-0.006	0.522	0.820	7.385	-13.245	-33.386	30.38	0.81	-123.44	-60.733	13.627	6.233	-0.45743	-0.12915	0.22668	0.85004	26.4	null	null	13113	60
2026-05-27T16:46:52.363	WT901BLE68(F3:F0:16:BF:DC:AE)	-0.023	0.492	0.825	2.930	-19.653	-51.758	31.10	1.14	-126.17	-60.733	13.627	6.233	-0.45743	-0.12915	0.22668	0.85004	26.4	null	null	13113	60
2026-05-27T16:46:52.421	WT901BLE68(F3:F0:16:BF:DC:AE)	-0.138	0.525	0.882	0.916	-16.052	-43.823	31.34	1.75	-129.12	-60.733	13.627	6.233	-0.45743	-0.12915	0.22668	0.85004	26.4	null	null	13113	60
2026-05-27T16:46:52.543	WT901BLE68(F3:F0:16:BF:DC:AE)	-0.072	0.551	0.872	-15.076	-12.939	-37.109	30.50	2.29	-131.08	-60.733	13.627	6.233	-0.45743	-0.12915	0.22668	0.85004	26.4	null	null	13113	60
2026-05-27T16:46:52.635	WT901BLE68(F3:F0:16:BF:DC:AE)	-0.027	0.486	0.883	-18.616	-16.724	-39.368	28.62	3.08	-132.43	-60.733	13.627	6.233	-0.45743	-0.12915	0.22668	0.85004	26.4	null	null	13113	60
2026-05-27T16:46:52.752	WT901BLE68(F3:F0:16:BF:DC:AE)	-0.052	0.550	0.896	-0.244	-28.870	-43.823	27.78	3.48	-134.80	-60.733	13.627	6.233	-0.45743	-0.12915	0.22668	0.85004	26.4	null	null	13113	60
2026-05-27T16:46:52.845	WT901BLE68(F3:F0:16:BF:DC:AE)	-0.101	0.509	0.889	-3.906	-10.620	-41.199	27.28	4.37	-136.97	-60.733	13.627	6.233	-0.45743	-0.12915	0.22668	0.85004	26.4	null	null	13113	60
2026-05-27T16:46:52.963	WT901BLE68(F3:F0:16:BF:DC:AE)	-0.141	0.543	0.919	16.968	-37.598	-36.133	27.70	4.70	-139.16	-60.733	13.627	6.233	-0.45743	-0.12915	0.22668	0.85004	26.4	null	null	13113	60
2026-05-27T16:46:53.021	WT901BLE68(F3:F0:16:BF:DC:AE)	-0.141	0.522	0.827	12.634	-25.879	-40.222	28.98	4.21	-141.22	-61.760	-5.600	12.760	-0.45743	-0.12915	0.22668	0.85004	26.4	null	null	13113	60
2026-05-27T16:46:53.149	WT901BLE68(F3:F0:16:BF:DC:AE)	-0.167	0.576	0.890	-10.559	-2.075	-25.024	28.78	4.82	-142.49	-61.760	-5.600	12.760	-0.45743	-0.12915	0.22668	0.85004	26.4	null	null	13113	60
2026-05-27T16:46:53.229	WT901BLE68(F3:F0:16:BF:DC:AE)	-0.093	0.447	0.906	-8.301	0.793	-37.354	27.65	6.67	-142.78	-61.760	-5.600	12.760	-0.30109	-0.12238	0.21729	0.92035	26.4	null	null	13113	60
2026-05-27T16:46:53.354	WT901BLE68(F3:F0:16:BF:DC:AE)	-0.073	0.440	0.876	-6.287	1.709	-24.719	26.78	8.48	-143.18	-61.760	-5.600	12.760	-0.30109	-0.12238	0.21729	0.92035	26.4	null	null	13113	60
2026-05-27T16:46:53.439	WT901BLE68(F3:F0:16:BF:DC:AE)	-0.135	0.421	0.908	-16.113	3.113	-4.883	25.52	9.54	-141.84	-61.760	-5.600	12.760	-0.30109	-0.12238	0.21729	0.92035	26.4	null	null	13113	60
2026-05-27T16:46:53.565	WT901BLE68(F3:F0:16:BF:DC:AE)	-0.121	0.350	0.920	-19.531	0.366	11.841	23.72	9.61	-139.63	-61.760	-5.600	12.760	-0.30109	-0.12238	0.21729	0.92035	26.4	null	null	13113	60
2026-05-27T16:46:53.621	WT901BLE68(F3:F0:16:BF:DC:AE)	-0.094	0.415	0.858	5.981	-8.179	7.996	23.42	8.90	-136.98	-61.760	-5.600	12.760	-0.30109	-0.12238	0.21729	0.92035	26.4	null	null	13113	60
2026-05-27T16:46:53.779	WT901BLE68(F3:F0:16:BF:DC:AE)	-0.110	0.467	0.907	-0.977	-2.747	9.216	23.82	8.29	-134.93	-61.760	-5.600	12.760	-0.30109	-0.12238	0.21729	0.92035	26.4	null	null	13113	60
2026-05-27T16:46:53.830	WT901BLE68(F3:F0:16:BF:DC:AE)	-0.200	0.409	0.932	-1.709	2.075	8.423	23.76	8.42	-132.00	-62.440	-11.500	11.660	-0.30109	-0.12238	0.21729	0.92035	26.4	null	null	13113	60
2026-05-27T16:46:53.955	WT901BLE68(F3:F0:16:BF:DC:AE)	-0.149	0.479	0.850	10.498	9.338	5.127	24.43	8.95	-129.46	-62.440	-11.500	11.660	-0.30109	-0.12238	0.21729	0.92035	26.4	null	null	13113	60
2026-05-27T16:46:54.043	WT901BLE68(F3:F0:16:BF:DC:AE)	-0.033	0.469	0.817	7.019	16.418	3.967	25.67	9.90	-126.99	-62.440	-11.500	11.660	-0.41083	-0.17020	0.15991	0.88123	26.4	null	null	13113	60
2026-05-27T16:46:54.168	WT901BLE68(F3:F0:16:BF:DC:AE)	-0.176	0.348	0.953	-5.798	15.747	3.479	25.86	11.70	-124.21	-62.440	-11.500	11.660	-0.41083	-0.17020	0.15991	0.88123	26.4	null	null	13113	60
2026-05-27T16:46:54.252	WT901BLE68(F3:F0:16:BF:DC:AE)	-0.137	0.353	0.918	-5.066	8.240	-6.287	25.48	12.89	-122.52	-62.440	-11.500	11.660	-0.41083	-0.17020	0.15991	0.88123	26.4	null	null	13113	60
2026-05-27T16:46:54.373	WT901BLE68(F3:F0:16:BF:DC:AE)	-0.263	0.358	0.953	-5.188	1.709	-17.883	24.58	13.84	-122.24	-62.440	-11.500	11.660	-0.41083	-0.17020	0.15991	0.88123	26.4	null	null	13113	60
2026-05-27T16:46:54.433	WT901BLE68(F3:F0:16:BF:DC:AE)	-0.285	0.452	0.909	17.395	-2.625	-10.559	24.65	14.32	-122.32	-62.440	-11.500	11.660	-0.41083	-0.17020	0.15991	0.88123	26.4	null	null	13113	60
2026-05-27T16:46:54.555	WT901BLE68(F3:F0:16:BF:DC:AE)	-0.203	0.433	0.794	16.724	-3.296	-2.563	26.52	13.97	-121.35	-62.440	-11.500	11.660	-0.41083	-0.17020	0.15991	0.88123	26.4	null	null	13113	60
2026-05-27T16:46:54.644	WT901BLE68(F3:F0:16:BF:DC:AE)	-0.229	0.482	0.893	12.329	4.883	7.751	27.70	13.97	-120.19	-62.440	-11.500	11.660	-0.41083	-0.17020	0.15991	0.88123	26.4	null	null	13113	60
2026-05-27T16:46:54.762	WT901BLE68(F3:F0:16:BF:DC:AE)	-0.246	0.512	0.757	22.949	-9.644	2.563	29.62	13.66	-118.12	-62.440	-11.500	11.660	-0.41083	-0.17020	0.15991	0.88123	26.4	null	null	13113	60
2026-05-27T16:46:54.850	WT901BLE68(F3:F0:16:BF:DC:AE)	-0.230	0.522	0.811	8.240	-10.437	14.771	31.22	12.57	-116.67	-65.927	-5.420	6.340	-0.41083	-0.17020	0.15991	0.88123	26.4	null	null	13113	60
2026-05-27T16:46:54.971	WT901BLE68(F3:F0:16:BF:DC:AE)	-0.140	0.493	0.855	-2.563	-20.325	16.052	31.01	10.83	-114.69	-65.927	-5.420	6.340	-0.48911	-0.22699	0.17258	0.82422	26.4	null	null	13113	60
2026-05-27T16:46:55.035	WT901BLE68(F3:F0:16:BF:DC:AE)	-0.164	0.501	0.880	-8.545	-7.080	3.723	30.06	9.85	-112.94	-65.927	-5.420	6.340	-0.48911	-0.22699	0.17258	0.82422	26.4	null	null	13113	60
2026-05-27T16:46:55.186	WT901BLE68(F3:F0:16:BF:DC:AE)	-0.186	0.528	0.862	-8.118	-1.770	18.127	29.32	8.61	-111.21	-65.927	-5.420	6.340	-0.48911	-0.22699	0.17258	0.82422	26.4	null	null	13113	60
2026-05-27T16:46:55.243	WT901BLE68(F3:F0:16:BF:DC:AE)	-0.164	0.558	0.864	19.470	21.729	36.743	30.28	8.33	-106.69	-65.927	-5.420	6.340	-0.48911	-0.22699	0.17258	0.82422	26.4	null	null	13113	60
2026-05-27T16:46:55.367	WT901BLE68(F3:F0:16:BF:DC:AE)	-0.205	0.582	0.672	18.188	-0.122	29.663	32.90	7.78	-101.94	-65.927	-5.420	6.340	-0.48911	-0.22699	0.17258	0.82422	26.4	null	null	13113	60
2026-05-27T16:46:55.456	WT901BLE68(F3:F0:16:BF:DC:AE)	-0.214	0.550	0.669	12.390	-36.926	14.709	33.71	5.51	-100.53	-65.927	-5.420	6.340	-0.48911	-0.22699	0.17258	0.82422	26.4	null	null	13113	60
2026-05-27T16:46:55.573	WT901BLE68(F3:F0:16:BF:DC:AE)	-0.047	0.646	0.621	20.386	-25.269	10.986	35.54	2.61	-99.23	-65.927	-5.420	6.340	-0.48911	-0.22699	0.17258	0.82422	26.4	null	null	13113	60
2026-05-27T16:46:55.664	WT901BLE68(F3:F0:16:BF:DC:AE)	0.035	0.620	0.771	-9.277	-0.122	-0.061	36.13	1.86	-97.93	-58.360	8.900	5.300	-0.48911	-0.22699	0.17258	0.82422	26.4	null	null	13113	60
2026-05-27T16:46:55.785	WT901BLE68(F3:F0:16:BF:DC:AE)	-0.056	0.573	0.856	-6.409	-10.437	-13.306	35.02	3.26	-97.27	-58.360	8.900	5.300	-0.48911	-0.22699	0.17258	0.82422	26.4	null	null	13113	60
2026-05-27T16:46:55.842	WT901BLE68(F3:F0:16:BF:DC:AE)	-0.065	0.520	0.855	-12.329	-11.536	-6.165	33.93	3.02	-97.85	-58.360	8.900	5.300	-0.62225	-0.21213	0.20404	0.72531	26.4	null	null	13113	60
2026-05-27T16:46:55.994	WT901BLE68(F3:F0:16:BF:DC:AE)	-0.141	0.550	0.924	-16.296	-9.094	-8.667	31.92	2.82	-98.15	-58.360	8.900	5.300	-0.62225	-0.21213	0.20404	0.72531	26.4	null	null	13113	60
2026-05-27T16:46:56.051	WT901BLE68(F3:F0:16:BF:DC:AE)	-0.017	0.552	0.903	-0.427	11.719	2.075	30.99	2.87	-97.92	-58.360	8.900	5.300	-0.62225	-0.21213	0.20404	0.72531	26.4	null	null	13113	60
2026-05-27T16:46:56.176	WT901BLE68(F3:F0:16:BF:DC:AE)	-0.183	0.580	0.820	-1.221	-16.418	-17.883	31.16	3.18	-97.88	-58.360	8.900	5.300	-0.62225	-0.21213	0.20404	0.72531	26.4	null	null	13113	60
2026-05-27T16:46:56.259	WT901BLE68(F3:F0:16:BF:DC:AE)	0.116	0.628	0.891	11.658	-160.278	5.188	31.51	-1.64	-101.43	-58.360	8.900	5.300	-0.62225	-0.21213	0.20404	0.72531	26.4	null	null	13113	60
2026-05-27T16:46:56.381	WT901BLE68(F3:F0:16:BF:DC:AE)	0.301	0.508	0.672	7.874	-39.124	-7.507	33.17	-8.07	-105.61	-58.360	8.900	5.300	-0.62225	-0.21213	0.20404	0.72531	26.4	null	null	13113	60
2026-05-27T16:46:56.443	WT901BLE68(F3:F0:16:BF:DC:AE)	0.112	0.478	0.838	-13.306	28.198	-6.775	33.13	-7.57	-105.19	-58.360	8.900	5.300	-0.62225	-0.21213	0.20404	0.72531	26.4	null	null	13113	60
2026-05-27T16:46:56.593	WT901BLE68(F3:F0:16:BF:DC:AE)	0.096	0.465	0.748	-12.695	25.085	-11.353	31.38	-5.46	-103.91	-58.360	8.900	5.300	-0.62225	-0.21213	0.20404	0.72531	26.4	null	null	13113	60
2026-05-27T16:46:56.654	WT901BLE68(F3:F0:16:BF:DC:AE)	0.112	0.517	0.956	0.305	-19.592	1.770	30.52	-4.76	-103.24	-52.287	4.993	12.453	-0.62225	-0.21213	0.20404	0.72531	26.4	null	null	13113	60
2026-05-27T16:46:56.774	WT901BLE68(F3:F0:16:BF:DC:AE)	0.026	0.554	0.874	28.503	-8.240	4.028	31.84	-5.20	-102.17	-52.287	4.993	12.453	-0.62225	-0.21213	0.20404	0.72531	26.4	null	null	13113	60
2026-05-27T16:46:56.860	WT901BLE68(F3:F0:16:BF:DC:AE)	0.093	0.625	0.813	13.489	75.500	-3.967	34.46	-3.35	-100.33	-52.287	4.993	12.453	-0.61368	-0.14584	0.24738	0.73541	26.4	null	null	13113	60
2026-05-27T16:46:56.984	WT901BLE68(F3:F0:16:BF:DC:AE)	0.023	0.657	0.934	-13.306	103.516	2.075	34.48	3.35	-95.02	-52.287	4.993	12.453	-0.61368	-0.14584	0.24738	0.73541	26.4	null	null	13113	60
2026-05-27T16:46:57.075	WT901BLE68(F3:F0:16:BF:DC:AE)	-0.251	0.485	0.720	5.554	14.343	1.648	34.40	8.86	-90.10	-52.287	4.993	12.453	-0.61368	-0.14584	0.24738	0.73541	26.4	null	null	13113	60
2026-05-27T16:46:57.196	WT901BLE68(F3:F0:16:BF:DC:AE)	-0.151	0.661	0.782	5.371	-7.690	-6.958	35.35	8.09	-90.70	-52.287	4.993	12.453	-0.61368	-0.14584	0.24738	0.73541	26.4	null	null	13113	60
2026-05-27T16:46:57.251	WT901BLE68(F3:F0:16:BF:DC:AE)	-0.158	0.513	0.850	-4.028	-12.878	-16.113	35.28	8.04	-92.02	-52.287	4.993	12.453	-0.61368	-0.14584	0.24738	0.73541	26.4	null	null	13113	60
2026-05-27T16:46:57.374	WT901BLE68(F3:F0:16:BF:DC:AE)	-0.201	0.461	0.854	-10.559	5.859	-15.747	34.13	8.61	-93.13	-52.287	4.993	12.453	-0.61368	-0.14584	0.24738	0.73541	26.4	null	null	13113	60
2026-05-27T16:46:57.459	WT901BLE68(F3:F0:16:BF:DC:AE)	-0.190	0.478	0.930	-19.287	4.761	-13.489	32.36	9.87	-93.50	-61.867	5.607	3.760	-0.61368	-0.14584	0.24738	0.73541	26.4	null	null	13113	60
2026-05-27T16:46:57.583	WT901BLE68(F3:F0:16:BF:DC:AE)	-0.221	0.523	0.908	-11.902	3.052	-18.066	30.50	11.59	-94.17	-61.867	5.607	3.760	-0.61368	-0.14584	0.24738	0.73541	26.4	null	null	13113	60
2026-05-27T16:46:57.674	WT901BLE68(F3:F0:16:BF:DC:AE)	-0.256	0.510	0.940	-2.319	4.089	-12.024	29.93	12.58	-94.39	-61.867	5.607	3.760	-0.63263	-0.25055	0.11841	0.72308	26.4	null	null	13113	60
2026-05-27T16:46:57.792	WT901BLE68(F3:F0:16:BF:DC:AE)	-0.197	0.482	0.742	17.639	-18.982	-35.950	29.88	13.25	-97.23	-61.867	5.607	3.760	-0.63263	-0.25055	0.11841	0.72308	26.4	null	null	13113	60
2026-05-27T16:46:57.855	WT901BLE68(F3:F0:16:BF:DC:AE)	-0.333	0.538	1.007	25.391	-32.288	8.362	32.11	12.00	-98.92	-61.867	5.607	3.760	-0.63263	-0.25055	0.11841	0.72308	26.4	null	null	13113	60
2026-05-27T16:46:58.007	WT901BLE68(F3:F0:16:BF:DC:AE)	-0.146	0.587	0.702	3.723	-8.911	-11.108	33.23	10.24	-99.97	-61.867	5.607	3.760	-0.63263	-0.25055	0.11841	0.72308	26.4	null	null	13113	60
2026-05-27T16:46:58.059	WT901BLE68(F3:F0:16:BF:DC:AE)	-0.181	0.540	0.858	-8.118	5.432	-8.118	32.93	11.31	-100.02	-61.867	5.607	3.760	-0.63263	-0.25055	0.11841	0.72308	26.4	null	null	13113	60
2026-05-27T16:46:58.184	WT901BLE68(F3:F0:16:BF:DC:AE)	-0.229	0.449	0.951	-12.817	-5.859	-18.188	31.85	11.87	-100.98	-61.867	5.607	3.760	-0.63263	-0.25055	0.11841	0.72308	26.4	null	null	13113	60
2026-05-27T16:46:58.274	WT901BLE68(F3:F0:16:BF:DC:AE)	-0.271	0.477	0.920	-27.405	20.508	-13.550	29.75	13.06	-102.22	-61.867	5.607	3.760	-0.63263	-0.25055	0.11841	0.72308	26.4	null	null	13113	60
2026-05-27T16:46:58.394	WT901BLE68(F3:F0:16:BF:DC:AE)	-0.131	0.449	0.897	20.264	-3.662	-3.967	30.07	15.44	-100.66	-61.867	5.607	3.760	-0.63263	-0.25055	0.11841	0.72308	26.4	null	null	13113	60
2026-05-27T16:46:58.481	WT901BLE68(F3:F0:16:BF:DC:AE)	-0.268	0.502	0.597	7.202	-11.169	0.000	31.28	14.45	-101.94	-63.747	-0.560	5.440	-0.63263	-0.25055	0.11841	0.72308	26.4	null	null	13113	60
2026-05-27T16:46:58.604	WT901BLE68(F3:F0:16:BF:DC:AE)	-0.320	0.556	0.961	2.441	5.676	19.714	31.89	14.43	-99.35	-63.747	-0.560	5.440	-0.58484	-0.26575	0.13034	0.75513	26.4	null	null	13113	60
2026-05-27T16:46:58.662	WT901BLE68(F3:F0:16:BF:DC:AE)	-0.225	0.584	0.801	10.254	-28.137	-3.296	32.75	12.64	-99.50	-63.747	-0.560	5.440	-0.58484	-0.26575	0.13034	0.75513	26.4	null	null	13113	60
2026-05-27T16:46:58.785	WT901BLE68(F3:F0:16:BF:DC:AE)	-0.239	0.497	0.812	-0.488	0.854	1.160	33.09	12.31	-99.15	-63.747	-0.560	5.440	-0.58484	-0.26575	0.13034	0.75513	26.4	null	null	13113	60
2026-05-27T16:46:58.875	WT901BLE68(F3:F0:16:BF:DC:AE)	-0.189	0.523	0.852	4.517	-10.803	-15.198	33.00	12.80	-99.48	-63.747	-0.560	5.440	-0.58484	-0.26575	0.13034	0.75513	26.4	null	null	13113	60
2026-05-27T16:46:58.994	WT901BLE68(F3:F0:16:BF:DC:AE)	-0.268	0.467	0.810	-4.272	-4.639	-22.095	32.40	12.97	-101.56	-63.747	-0.560	5.440	-0.58484	-0.26575	0.13034	0.75513	26.4	null	null	13113	60
2026-05-27T16:46:59.082	WT901BLE68(F3:F0:16:BF:DC:AE)	-0.276	0.464	0.944	-12.146	-15.869	-30.945	30.56	13.83	-103.61	-63.747	-0.560	5.440	-0.58484	-0.26575	0.13034	0.75513	26.4	null	null	13113	60
2026-05-27T16:46:59.204	WT901BLE68(F3:F0:16:BF:DC:AE)	-0.265	0.505	0.882	7.935	-24.902	-26.123	28.99	13.89	-106.56	-63.747	-0.560	5.440	-0.58484	-0.26575	0.13034	0.75513	26.4	null	null	13113	60
2026-05-27T16:46:59.259	WT901BLE68(F3:F0:16:BF:DC:AE)	-0.129	0.583	0.817	18.433	-33.508	-28.564	29.78	12.85	-109.41	-61.013	-2.880	11.547	-0.58484	-0.26575	0.13034	0.75513	26.4	null	null	13113	60
2026-05-27T16:46:59.414	WT901BLE68(F3:F0:16:BF:DC:AE)	-0.274	0.498	0.830	14.038	-28.992	-29.053	30.56	12.15	-112.99	-61.013	-2.880	11.547	-0.58484	-0.26575	0.13034	0.75513	26.4	null	null	13113	60
2026-05-27T16:46:59.472	WT901BLE68(F3:F0:16:BF:DC:AE)	-0.226	0.515	0.870	12.329	-28.625	-12.512	31.40	10.88	-114.76	-61.013	-2.880	11.547	-0.49841	-0.22571	0.17062	0.81940	26.4	null	null	13113	60
2026-05-27T16:46:59.593	WT901BLE68(F3:F0:16:BF:DC:AE)	-0.200	0.515	0.825	9.338	-20.020	-28.442	32.23	9.56	-117.06	-61.013	-2.880	11.547	-0.49841	-0.22571	0.17062	0.81940	26.4	null	null	13113	60
2026-05-27T16:46:59.716	WT901BLE68(F3:F0:16:BF:DC:AE)	-0.123	0.405	0.877	-0.732	-9.644	-27.710	31.96	9.38	-120.03	-61.013	-2.880	11.547	-0.49841	-0.22571	0.17062	0.81940	26.4	null	null	13113	60
2026-05-27T16:46:59.803	WT901BLE68(F3:F0:16:BF:DC:AE)	-0.090	0.480	0.877	-7.751	-37.842	-44.189	31.37	10.35	-122.67	-61.013	-2.880	11.547	-0.49841	-0.22571	0.17062	0.81940	26.4	null	null	13113	60
2026-05-27T16:46:59.893	WT901BLE68(F3:F0:16:BF:DC:AE)	-0.216	0.460	0.893	23.621	-15.625	-49.255	31.18	12.17	-126.75	-61.013	-2.880	11.547	-0.49841	-0.22571	0.17062	0.81940	26.4	null	null	13113	60
2026-05-27T16:47:00.015	WT901BLE68(F3:F0:16:BF:DC:AE)	-0.104	0.598	0.805	35.034	-30.823	-31.128	33.27	12.79	-129.14	-61.013	-2.880	11.547	-0.49841	-0.22571	0.17062	0.81940	26.4	null	null	13113	60
2026-05-27T16:47:00.070	WT901BLE68(F3:F0:16:BF:DC:AE)	-0.288	0.644	0.687	11.719	17.883	-35.706	34.77	14.18	-130.93	-61.013	-2.880	11.547	-0.49841	-0.22571	0.17062	0.81940	26.4	null	null	13113	60
2026-05-27T16:47:00.196	WT901BLE68(F3:F0:16:BF:DC:AE)	-0.313	0.573	0.756	7.507	9.033	-25.452	34.86	16.23	-131.63	-61.013	-2.880	11.547	-0.49841	-0.22571	0.17062	0.81940	26.4	null	null	13113	60
2026-05-27T16:47:00.280	WT901BLE68(F3:F0:16:BF:DC:AE)	-0.178	0.570	0.712	16.296	-16.968	-43.213	35.41	17.03	-134.71	-54.087	-6.493	18.793	-0.49841	-0.22571	0.17062	0.81940	26.4	null	null	13113	60
2026-05-27T16:47:00.404	WT901BLE68(F3:F0:16:BF:DC:AE)	-0.285	0.540	0.785	-2.808	-20.630	-29.968	34.83	17.63	-136.94	-54.087	-6.493	18.793	-0.49841	-0.22571	0.17062	0.81940	26.4	null	null	13113	60
2026-05-27T16:47:00.491	WT901BLE68(F3:F0:16:BF:DC:AE)	-0.311	0.548	0.882	-0.549	-27.466	-41.443	33.44	17.06	-140.11	-54.087	-6.493	18.793	-0.29596	-0.23853	0.22122	0.89804	26.4	null	null	13113	60
2026-05-27T16:47:00.613	WT901BLE68(F3:F0:16:BF:DC:AE)	-0.340	0.511	0.776	2.075	-15.930	-62.378	31.43	17.97	-144.68	-54.087	-6.493	18.793	-0.29596	-0.23853	0.22122	0.89804	26.4	null	null	13113	60
2026-05-27T16:47:00.672	WT901BLE68(F3:F0:16:BF:DC:AE)	-0.397	0.435	0.822	9.705	-10.315	-41.077	31.17	19.07	-147.81	-54.087	-6.493	18.793	-0.29596	-0.23853	0.22122	0.89804	26.4	null	null	13113	60
2026-05-27T16:47:00.794	WT901BLE68(F3:F0:16:BF:DC:AE)	-0.359	0.525	0.760	22.644	-43.762	-48.096	30.99	19.77	-151.96	-54.087	-6.493	18.793	-0.29596	-0.23853	0.22122	0.89804	26.4	null	null	13113	60
2026-05-27T16:47:00.885	WT901BLE68(F3:F0:16:BF:DC:AE)	-0.375	0.508	0.791	18.188	-5.859	-18.311	31.79	20.02	-153.23	-54.087	-6.493	18.793	-0.29596	-0.23853	0.22122	0.89804	26.4	null	null	13113	60
2026-05-27T16:47:01.005	WT901BLE68(F3:F0:16:BF:DC:AE)	-0.358	0.521	0.766	12.207	-16.907	-35.706	32.12	20.07	-155.19	-54.087	-6.493	18.793	-0.29596	-0.23853	0.22122	0.89804	26.4	null	null	13113	60
2026-05-27T16:47:01.093	WT901BLE68(F3:F0:16:BF:DC:AE)	-0.420	0.528	0.816	1.709	1.892	-23.010	31.50	20.75	-156.01	-43.400	-9.727	23.453	-0.29596	-0.23853	0.22122	0.89804	26.4	null	null	13113	60
2026-05-27T16:47:01.214	WT901BLE68(F3:F0:16:BF:DC:AE)	-0.350	0.375	0.749	-0.549	-5.859	-31.189	30.43	21.07	-156.90	-43.400	-9.727	23.453	-0.29596	-0.23853	0.22122	0.89804	26.4	null	null	13113	60
2026-05-27T16:47:01.301	WT901BLE68(F3:F0:16:BF:DC:AE)	-0.411	0.501	0.725	8.972	-8.301	-27.527	29.42	21.70	-157.73	-43.400	-9.727	23.453	-0.13785	-0.22531	0.21158	0.94095	26.4	null	null	13113	60
2026-05-27T16:47:01.423	WT901BLE68(F3:F0:16:BF:DC:AE)	-0.492	0.424	0.907	25.085	-5.798	-26.123	29.66	22.09	-158.45	-43.400	-9.727	23.453	-0.13785	-0.22531	0.21158	0.94095	26.4	null	null	13113	60
2026-05-27T16:47:01.484	WT901BLE68(F3:F0:16:BF:DC:AE)	-0.329	0.529	0.692	23.315	-27.954	-16.846	31.12	21.49	-159.27	-43.400	-9.727	23.453	-0.13785	-0.22531	0.21158	0.94095	26.4	null	null	13113	60
2026-05-27T16:47:01.605	WT901BLE68(F3:F0:16:BF:DC:AE)	-0.372	0.557	0.688	1.038	-9.888	-5.981	31.59	21.01	-158.77	-43.400	-9.727	23.453	-0.13785	-0.22531	0.21158	0.94095	26.4	null	null	13113	60
2026-05-27T16:47:01.693	WT901BLE68(F3:F0:16:BF:DC:AE)	-0.406	0.511	0.873	9.827	-4.822	-10.620	31.84	20.81	-157.37	-43.400	-9.727	23.453	-0.13785	-0.22531	0.21158	0.94095	26.4	null	null	13113	60
2026-05-27T16:47:01.813	WT901BLE68(F3:F0:16:BF:DC:AE)	-0.328	0.556	0.735	17.029	-19.836	-21.362	32.61	20.51	-157.36	-43.400	-9.727	23.453	-0.13785	-0.22531	0.21158	0.94095	26.4	null	null	13113	60
2026-05-27T16:47:01.901	WT901BLE68(F3:F0:16:BF:DC:AE)	-0.352	0.504	0.815	5.676	-7.568	-23.376	32.62	20.79	-157.91	-43.400	-9.727	23.453	-0.13785	-0.22531	0.21158	0.94095	26.4	null	null	13113	60
2026-05-27T16:47:02.023	WT901BLE68(F3:F0:16:BF:DC:AE)	-0.358	0.488	0.820	10.986	-19.958	-32.288	32.34	21.43	-158.55	-38.787	-5.540	21.280	-0.13785	-0.22531	0.21158	0.94095	26.4	null	null	13113	60
2026-05-27T16:47:02.083	WT901BLE68(F3:F0:16:BF:DC:AE)	-0.369	0.425	0.824	9.521	-21.423	-36.438	31.60	21.32	-160.41	-38.787	-5.540	21.280	-0.13785	-0.22531	0.21158	0.94095	26.4	null	null	13113	60
2026-05-27T16:47:02.205	WT901BLE68(F3:F0:16:BF:DC:AE)	-0.384	0.474	0.799	11.658	-30.518	-44.312	30.46	21.15	-162.97	-38.787	-5.540	21.280	-0.13785	-0.22531	0.21158	0.94095	26.4	null	null	13113	60
2026-05-27T16:47:02.291	WT901BLE68(F3:F0:16:BF:DC:AE)	-0.354	0.469	0.738	20.813	-26.428	-33.569	30.15	20.75	-165.48	-38.787	-5.540	21.280	-0.08615	-0.21048	0.22861	0.94653	26.4	null	null	13113	60
2026-05-27T16:47:02.410	WT901BLE68(F3:F0:16:BF:DC:AE)	-0.443	0.561	0.779	18.860	-27.527	-45.959	30.25	20.79	-167.48	-38.787	-5.540	21.280	-0.08615	-0.21048	0.22861	0.94653	26.4	null	null	13113	60
2026-05-27T16:47:02.503	WT901BLE68(F3:F0:16:BF:DC:AE)	-0.412	0.565	0.819	24.109	-26.611	-21.729	30.60	20.66	-169.34	-38.787	-5.540	21.280	-0.08615	-0.21048	0.22861	0.94653	26.4	null	null	13113	60
2026-05-27T16:47:02.622	WT901BLE68(F3:F0:16:BF:DC:AE)	-0.339	0.506	0.854	19.470	-39.185	-29.724	31.82	20.07	-169.79	-38.787	-5.540	21.280	-0.08615	-0.21048	0.22861	0.94653	26.4	null	null	13113	60
2026-05-27T16:47:02.717	WT901BLE68(F3:F0:16:BF:DC:AE)	-0.368	0.525	0.757	7.874	-31.555	-24.292	31.85	19.13	-171.19	-38.787	-5.540	21.280	-0.08615	-0.21048	0.22861	0.94653	26.4	null	null	13113	60
2026-05-27T16:47:02.834	WT901BLE68(F3:F0:16:BF:DC:AE)	-0.269	0.433	0.836	-9.521	-6.836	-13.367	30.79	18.68	-170.24	-38.787	-5.540	21.280	-0.08615	-0.21048	0.22861	0.94653	26.4	null	null	13113	60
2026-05-27T16:47:02.889	WT901BLE68(F3:F0:16:BF:DC:AE)	-0.373	0.500	0.852	-3.662	-7.874	-21.118	29.56	18.91	-169.24	-30.173	-0.793	18.027	-0.08615	-0.21048	0.22861	0.94653	26.4	null	null	13113	60
2026-05-27T16:47:03.016	WT901BLE68(F3:F0:16:BF:DC:AE)	-0.304	0.460	0.768	11.719	5.554	-21.484	29.09	19.85	-167.94	-30.173	-0.793	18.027	-0.08615	-0.21048	0.22861	0.94653	26.4	null	null	13113	60
2026-05-27T16:47:03.099	WT901BLE68(F3:F0:16:BF:DC:AE)	-0.385	0.530	0.839	19.592	-25.269	-13.000	30.08	20.09	-167.33	-30.173	-0.793	18.027	-0.05820	-0.19839	0.23187	0.95047	26.4	null	null	13113	60
2026-05-27T16:47:03.226	WT901BLE68(F3:F0:16:BF:DC:AE)	-0.319	0.606	0.708	7.996	-7.935	-9.094	30.94	18.84	-166.48	-30.173	-0.793	18.027	-0.05820	-0.19839	0.23187	0.95047	26.4	null	null	13113	60
2026-05-27T16:47:03.313	WT901BLE68(F3:F0:16:BF:DC:AE)	-0.316	0.565	0.769	12.695	-7.080	-19.226	31.34	19.22	-165.45	-30.173	-0.793	18.027	-0.05820	-0.19839	0.23187	0.95047	26.4	null	null	13113	60
2026-05-27T16:47:03.433	WT901BLE68(F3:F0:16:BF:DC:AE)	-0.309	0.542	0.813	15.320	-4.456	-13.367	32.44	19.40	-164.22	-30.173	-0.793	18.027	-0.05820	-0.19839	0.23187	0.95047	26.4	null	null	13113	60
2026-05-27T16:47:03.494	WT901BLE68(F3:F0:16:BF:DC:AE)	-0.301	0.555	0.778	11.841	-11.169	-18.555	33.39	19.03	-163.36	-30.173	-0.793	18.027	-0.05820	-0.19839	0.23187	0.95047	26.4	null	null	13113	60
2026-05-27T16:47:03.612	WT901BLE68(F3:F0:16:BF:DC:AE)	-0.396	0.563	0.799	4.028	-4.395	-24.109	33.62	19.41	-162.11	-30.173	-0.793	18.027	-0.05820	-0.19839	0.23187	0.95047	26.4	null	null	13113	60
2026-05-27T16:47:03.701	WT901BLE68(F3:F0:16:BF:DC:AE)	-0.320	0.567	0.783	-11.169	18.677	-32.349	32.86	20.87	-161.14	-30.173	-0.793	18.027	-0.05820	-0.19839	0.23187	0.95047	26.4	null	null	13113	60
2026-05-27T16:47:03.827	WT901BLE68(F3:F0:16:BF:DC:AE)	-0.364	0.543	0.754	-1.160	-10.315	-43.213	31.46	23.31	-160.89	-30.173	-0.793	18.027	-0.05820	-0.19839	0.23187	0.95047	26.4	null	null	13113	60
2026-05-27T16:47:03.914	WT901BLE68(F3:F0:16:BF:DC:AE)	-0.420	0.475	0.786	11.047	-19.226	-53.040	29.69	25.10	-163.26	-27.833	2.953	14.847	-0.05820	-0.19839	0.23187	0.95047	26.4	null	null	13113	60
2026-05-27T16:47:04.031	WT901BLE68(F3:F0:16:BF:DC:AE)	-0.355	0.454	0.763	20.264	-7.690	-47.363	29.24	25.97	-165.31	-27.833	2.953	14.847	-0.07016	-0.24438	0.21600	0.94266	26.4	null	null	13113	60
2026-05-27T16:47:04.124	WT901BLE68(F3:F0:16:BF:DC:AE)	-0.410	0.451	0.809	12.024	-21.851	-44.922	28.47	26.28	-167.49	-27.833	2.953	14.847	-0.07016	-0.24438	0.21600	0.94266	26.4	null	null	13113	60
2026-05-27T16:47:04.247	WT901BLE68(F3:F0:16:BF:DC:AE)	-0.312	0.459	0.771	22.217	-77.820	4.028	28.84	25.14	-166.85	-27.833	2.953	14.847	-0.07016	-0.24438	0.21600	0.94266	26.4	null	null	13113	60
2026-05-27T16:47:04.300	WT901BLE68(F3:F0:16:BF:DC:AE)	-0.412	0.427	0.631	8.484	-7.690	-11.658	29.70	24.69	-163.77	-27.833	2.953	14.847	-0.07016	-0.24438	0.21600	0.94266	26.4	null	null	13113	60
2026-05-27T16:47:04.423	WT901BLE68(F3:F0:16:BF:DC:AE)	-0.468	0.409	0.839	0.244	3.235	-7.507	29.44	23.80	-161.44	-27.833	2.953	14.847	-0.07016	-0.24438	0.21600	0.94266	26.4	null	null	13113	60
2026-05-27T16:47:04.515	WT901BLE68(F3:F0:16:BF:DC:AE)	-0.385	0.435	0.747	6.470	8.362	-16.846	29.33	25.36	-157.62	-27.833	2.953	14.847	-0.07016	-0.24438	0.21600	0.94266	26.4	null	null	13113	60
2026-05-27T16:47:04.631	WT901BLE68(F3:F0:16:BF:DC:AE)	-0.445	0.415	0.859	11.719	-8.362	-20.142	29.69	25.61	-155.59	-27.833	2.953	14.847	-0.07016	-0.24438	0.21600	0.94266	26.4	null	null	13113	60
2026-05-27T16:47:04.722	WT901BLE68(F3:F0:16:BF:DC:AE)	-0.479	0.451	0.881	-1.038	-32.227	-13.916	28.98	24.49	-154.34	-25.587	9.900	10.560	-0.07016	-0.24438	0.21600	0.94266	26.4	null	null	13113	60
2026-05-27T16:47:04.844	WT901BLE68(F3:F0:16:BF:DC:AE)	-0.346	0.409	0.952	-0.916	-12.817	-5.371	27.84	22.84	-152.18	-25.587	9.900	10.560	-0.07016	-0.24438	0.21600	0.94266	26.4	null	null	13113	60
2026-05-27T16:47:04.900	WT901BLE68(F3:F0:16:BF:DC:AE)	-0.402	0.427	0.719	1.892	-52.979	-8.301	26.36	20.63	-149.94	-25.587	9.900	10.560	-0.19711	-0.23886	0.17596	0.93436	26.4	null	null	13113	60
2026-05-27T16:47:05.027	WT901BLE68(F3:F0:16:BF:DC:AE)	-0.343	0.556	0.677	17.456	6.592	9.155	26.76	19.20	-147.12	-25.587	9.900	10.560	-0.19711	-0.23886	0.17596	0.93436	26.4	null	null	13113	60
2026-05-27T16:47:05.115	WT901BLE68(F3:F0:16:BF:DC:AE)	-0.363	0.456	0.811	-4.883	8.362	18.555	27.36	19.86	-141.06	-25.587	9.900	10.560	-0.19711	-0.23886	0.17596	0.93436	26.4	null	null	13113	60
2026-05-27T16:47:05.233	WT901BLE68(F3:F0:16:BF:DC:AE)	-0.257	0.445	0.829	14.160	-13.306	-1.709	27.87	18.74	-137.24	-25.587	9.900	10.560	-0.19711	-0.23886	0.17596	0.93436	26.4	null	null	13113	60
2026-05-27T16:47:05.322	WT901BLE68(F3:F0:16:BF:DC:AE)	-0.323	0.486	0.819	18.127	-11.719	-6.409	29.40	17.84	-134.59	-25.587	9.900	10.560	-0.19711	-0.23886	0.17596	0.93436	26.4	null	null	13113	60
2026-05-27T16:47:05.446	WT901BLE68(F3:F0:16:BF:DC:AE)	-0.217	0.524	0.801	9.277	-0.549	-3.113	30.35	17.66	-131.14	-25.587	9.900	10.560	-0.19711	-0.23886	0.17596	0.93436	26.4	null	null	13113	60
2026-05-27T16:47:05.534	WT901BLE68(F3:F0:16:BF:DC:AE)	-0.297	0.510	0.888	1.465	-3.296	-4.822	30.89	17.70	-127.72	-25.587	9.900	10.560	-0.19711	-0.23886	0.17596	0.93436	26.4	null	null	13113	60
2026-05-27T16:47:05.651	WT901BLE68(F3:F0:16:BF:DC:AE)	-0.271	0.469	0.832	-0.610	0.732	-13.123	30.79	18.08	-124.73	-19.773	14.327	6.547	-0.19711	-0.23886	0.17596	0.93436	26.4	null	null	13113	60
2026-05-27T16:47:05.713	WT901BLE68(F3:F0:16:BF:DC:AE)	-0.273	0.490	0.900	-6.897	-11.108	-29.419	29.71	18.36	-123.52	-19.773	14.327	6.547	-0.19711	-0.23886	0.17596	0.93436	26.4	null	null	13113	60
2026-05-27T16:47:05.834	WT901BLE68(F3:F0:16:BF:DC:AE)	-0.347	0.428	0.929	3.662	-10.925	-26.794	28.75	18.97	-122.85	-19.773	14.327	6.547	-0.19711	-0.23886	0.17596	0.93436	26.4	null	null	13113	60
2026-05-27T16:47:05.918	WT901BLE68(F3:F0:16:BF:DC:AE)	-0.318	0.452	0.845	12.756	-34.485	-23.804	28.48	18.39	-122.24	-19.773	14.327	6.547	-0.42374	-0.25720	0.13702	0.85754	26.4	null	null	13113	60
2026-05-27T16:47:06.044	WT901BLE68(F3:F0:16:BF:DC:AE)	-0.206	0.423	0.769	5.981	-41.260	-20.996	28.26	15.46	-122.32	-19.773	14.327	6.547	-0.42374	-0.25720	0.13702	0.85754	26.4	null	null	13113	60
2026-05-27T16:47:06.130	WT901BLE68(F3:F0:16:BF:DC:AE)	-0.261	0.471	0.874	14.954	-45.593	-20.081	28.42	11.93	-123.04	-19.773	14.327	6.547	-0.42374	-0.25720	0.13702	0.85754	26.4	null	null	13113	60
2026-05-27T16:47:06.256	WT901BLE68(F3:F0:16:BF:DC:AE)	-0.169	0.469	0.792	9.094	-11.353	6.042	29.31	9.74	-120.53	-19.773	14.327	6.547	-0.42374	-0.25720	0.13702	0.85754	26.4	null	null	13113	60
2026-05-27T16:47:06.311	WT901BLE68(F3:F0:16:BF:DC:AE)	-0.127	0.523	0.830	-4.272	27.222	25.085	29.80	9.58	-114.70	-19.773	14.327	6.547	-0.42374	-0.25720	0.13702	0.85754	26.4	null	null	13113	60
2026-05-27T16:47:06.436	WT901BLE68(F3:F0:16:BF:DC:AE)	-0.137	0.459	0.909	-8.728	21.057	21.912	29.41	10.32	-107.69	-19.773	14.327	6.547	-0.42374	-0.25720	0.13702	0.85754	26.4	null	null	13113	60
2026-05-27T16:47:06.522	WT901BLE68(F3:F0:16:BF:DC:AE)	-0.093	0.505	0.880	-0.977	-1.099	1.038	29.20	10.03	-103.82	-17.667	18.447	0.907	-0.42374	-0.25720	0.13702	0.85754	26.4	null	null	13113	60
2026-05-27T16:47:06.642	WT901BLE68(F3:F0:16:BF:DC:AE)	-0.231	0.449	0.836	-20.935	25.269	21.973	28.37	10.14	-98.88	-17.667	18.447	0.907	-0.42374	-0.25720	0.13702	0.85754	26.4	null	null	13113	60
2026-05-27T16:47:06.729	WT901BLE68(F3:F0:16:BF:DC:AE)	-0.178	0.396	0.982	-12.756	9.521	17.334	27.00	10.39	-92.95	-17.667	18.447	0.907	-0.64136	-0.22339	0.11334	0.72513	26.4	null	null	13113	60
2026-05-27T16:47:06.854	WT901BLE68(F3:F0:16:BF:DC:AE)	-0.122	0.485	0.917	9.216	-7.751	4.395	27.18	10.24	-90.43	-17.667	18.447	0.907	-0.64136	-0.22339	0.11334	0.72513	26.4	null	null	13113	60
2026-05-27T16:47:06.944	WT901BLE68(F3:F0:16:BF:DC:AE)	-0.179	0.472	0.856	-4.700	9.583	30.762	28.11	9.68	-86.42	-17.667	18.447	0.907	-0.64136	-0.22339	0.11334	0.72513	26.4	null	null	13113	60
2026-05-27T16:47:07.063	WT901BLE68(F3:F0:16:BF:DC:AE)	-0.198	0.460	0.766	-1.221	14.404	28.381	28.32	8.83	-80.89	-17.667	18.447	0.907	-0.64136	-0.22339	0.11334	0.72513	26.4	null	null	13113	60
2026-05-27T16:47:07.122	WT901BLE68(F3:F0:16:BF:DC:AE)	-0.205	0.423	0.894	12.573	10.498	31.311	28.95	8.16	-76.48	-17.667	18.447	0.907	-0.64136	-0.22339	0.11334	0.72513	26.4	null	null	13113	60
2026-05-27T16:47:07.243	WT901BLE68(F3:F0:16:BF:DC:AE)	-0.057	0.510	0.850	-1.099	12.329	37.109	30.25	7.72	-70.09	-17.667	18.447	0.907	-0.64136	-0.22339	0.11334	0.72513	26.4	null	null	13113	60
2026-05-27T16:47:07.331	WT901BLE68(F3:F0:16:BF:DC:AE)	-0.170	0.500	0.830	-6.836	3.845	5.066	30.38	8.21	-65.31	-17.667	18.447	0.907	-0.64136	-0.22339	0.11334	0.72513	26.4	null	null	13113	60
2026-05-27T16:47:07.449	WT901BLE68(F3:F0:16:BF:DC:AE)	-0.219	0.468	0.847	-9.155	12.146	0.854	29.85	8.25	-63.81	-13.367	15.020	1.807	-0.64136	-0.22339	0.11334	0.72513	26.4	null	null	13113	60
2026-05-27T16:47:07.542	WT901BLE68(F3:F0:16:BF:DC:AE)	-0.143	0.480	0.858	-16.663	5.920	-14.465	28.58	8.86	-63.03	-13.367	15.020	1.807	-0.64136	-0.22339	0.11334	0.72513	26.4	null	null	13113	60
2026-05-27T16:47:07.661	WT901BLE68(F3:F0:16:BF:DC:AE)	-0.185	0.412	0.875	-6.714	6.226	-20.691	26.87	10.09	-63.63	-13.367	15.020	1.807	-0.81339	-0.24344	0.05450	0.52539	26.4	null	null	13113	60
2026-05-27T16:47:07.725	WT901BLE68(F3:F0:16:BF:DC:AE)	-0.222	0.391	0.935	13.062	-4.150	-8.545	27.08	10.85	-63.69	-13.367	15.020	1.807	-0.81339	-0.24344	0.05450	0.52539	26.4	null	null	13113	60
2026-05-27T16:47:07.843	WT901BLE68(F3:F0:16:BF:DC:AE)	-0.138	0.446	0.831	2.502	-6.104	-22.583	27.55	11.07	-64.26	-13.367	15.020	1.807	-0.81339	-0.24344	0.05450	0.52539	26.4	null	null	13113	60
2026-05-27T16:47:07.933	WT901BLE68(F3:F0:16:BF:DC:AE)	-0.186	0.499	0.802	6.226	9.033	-5.371	27.31	11.32	-65.23	-13.367	15.020	1.807	-0.81339	-0.24344	0.05450	0.52539	26.4	null	null	13113	60
2026-05-27T16:47:08.055	WT901BLE68(F3:F0:16:BF:DC:AE)	-0.162	0.423	0.947	8.240	8.667	17.334	28.52	11.63	-62.99	-13.367	15.020	1.807	-0.81339	-0.24344	0.05450	0.52539	26.4	null	null	13113	60
2026-05-27T16:47:08.145	WT901BLE68(F3:F0:16:BF:DC:AE)	-0.158	0.546	0.799	1.953	-2.502	5.249	29.42	11.78	-60.78	-13.367	15.020	1.807	-0.81339	-0.24344	0.05450	0.52539	26.4	null	null	13113	60
2026-05-27T16:47:08.260	WT901BLE68(F3:F0:16:BF:DC:AE)	-0.249	0.478	0.949	-11.719	5.432	11.536	29.09	12.30	-58.83	-13.367	15.020	1.807	-0.81339	-0.24344	0.05450	0.52539	26.4	null	null	13113	60
2026-05-27T16:47:08.349	WT901BLE68(F3:F0:16:BF:DC:AE)	-0.189	0.424	0.891	-21.301	15.747	12.939	28.05	12.89	-56.19	-17.113	17.787	1.813	-0.81339	-0.24344	0.05450	0.52539	26.4	null	null	13113	60
2026-05-27T16:47:08.470	WT901BLE68(F3:F0:16:BF:DC:AE)	-0.247	0.422	0.829	-9.277	55.664	24.353	26.65	14.29	-53.20	-17.113	17.787	1.813	-0.81339	-0.24344	0.05450	0.52539	26.4	null	null	13113	60
2026-05-27T16:47:08.528	WT901BLE68(F3:F0:16:BF:DC:AE)	-0.175	0.478	0.832	6.775	2.441	37.659	27.60	15.27	-48.35	-17.113	17.787	1.813	-0.85876	-0.26422	-0.02100	0.43835	26.4	null	null	13113	60
2026-05-27T16:47:08.655	WT901BLE68(F3:F0:16:BF:DC:AE)	-0.234	0.520	0.796	-8.972	44.312	23.804	28.57	15.31	-44.88	-17.113	17.787	1.813	-0.85876	-0.26422	-0.02100	0.43835	26.4	null	null	13113	60
2026-05-27T16:47:08.743	WT901BLE68(F3:F0:16:BF:DC:AE)	-0.387	0.434	0.808	-17.273	27.649	29.480	28.21	17.48	-40.71	-17.113	17.787	1.813	-0.85876	-0.26422	-0.02100	0.43835	26.4	null	null	13113	60
2026-05-27T16:47:08.863	WT901BLE68(F3:F0:16:BF:DC:AE)	-0.264	0.470	0.847	-1.099	18.494	22.949	28.09	17.62	-38.64	-17.113	17.787	1.813	-0.85876	-0.26422	-0.02100	0.43835	26.4	null	null	13113	60
2026-05-27T16:47:08.950	WT901BLE68(F3:F0:16:BF:DC:AE)	-0.426	0.458	0.829	-0.671	8.972	-2.991	28.54	18.37	-38.51	-17.113	17.787	1.813	-0.85876	-0.26422	-0.02100	0.43835	26.4	null	null	13113	60
2026-05-27T16:47:09.074	WT901BLE68(F3:F0:16:BF:DC:AE)	-0.352	0.436	0.801	-12.207	20.630	-13.306	27.79	19.05	-40.17	-17.113	17.787	1.813	-0.85876	-0.26422	-0.02100	0.43835	26.4	null	null	13113	60
2026-05-27T16:47:09.133	WT901BLE68(F3:F0:16:BF:DC:AE)	-0.303	0.411	0.840	-12.207	15.625	-21.912	26.03	20.68	-42.46	-17.113	17.787	1.813	-0.85876	-0.26422	-0.02100	0.43835	26.4	null	null	13113	60
2026-05-27T16:47:09.254	WT901BLE68(F3:F0:16:BF:DC:AE)	-0.395	0.340	0.853	8.972	10.864	-31.616	24.90	22.46	-45.75	-17.113	17.787	1.813	-0.85876	-0.26422	-0.02100	0.43835	26.4	null	null	13113	60
2026-05-27T16:47:09.340	WT901BLE68(F3:F0:16:BF:DC:AE)	-0.454	0.411	0.812	19.714	-2.563	-14.709	25.64	23.56	-48.54	-21.513	13.633	7.187	-0.85876	-0.26422	-0.02100	0.43835	26.4	null	null	13113	60
2026-05-27T16:47:09.461	WT901BLE68(F3:F0:16:BF:DC:AE)	-0.386	0.443	0.809	14.709	-13.855	-22.217	26.49	23.69	-50.76	-21.513	13.633	7.187	-0.84598	-0.28549	-0.09000	0.44113	26.4	null	null	13113	60
2026-05-27T16:47:09.550	WT901BLE68(F3:F0:16:BF:DC:AE)	-0.469	0.407	0.832	15.015	-20.630	-9.766	26.68	23.19	-53.34	-21.513	13.633	7.187	-0.84598	-0.28549	-0.09000	0.44113	26.4	null	null	13113	60
2026-05-27T16:47:09.674	WT901BLE68(F3:F0:16:BF:DC:AE)	-0.437	0.435	0.796	10.132	2.869	9.460	28.20	22.79	-52.56	-21.513	13.633	7.187	-0.84598	-0.28549	-0.09000	0.44113	26.4	null	null	13113	60
2026-05-27T16:47:09.764	WT901BLE68(F3:F0:16:BF:DC:AE)	-0.332	0.493	0.739	-3.540	4.333	-1.465	28.60	22.54	-52.36	-21.513	13.633	7.187	-0.84598	-0.28549	-0.09000	0.44113	26.4	null	null	13113	60
2026-05-27T16:47:09.886	WT901BLE68(F3:F0:16:BF:DC:AE)	-0.430	0.445	0.819	-15.991	10.437	5.310	27.52	22.93	-51.83	-21.513	13.633	7.187	-0.84598	-0.28549	-0.09000	0.44113	26.4	null	null	13113	60
2026-05-27T16:47:09.942	WT901BLE68(F3:F0:16:BF:DC:AE)	-0.453	0.438	0.880	-20.752	12.207	-0.061	26.09	24.32	-50.52	-21.513	13.633	7.187	-0.84598	-0.28549	-0.09000	0.44113	26.4	null	null	13113	60
2026-05-27T16:47:10.066	WT901BLE68(F3:F0:16:BF:DC:AE)	-0.484	0.385	0.894	5.127	13.000	26.917	25.76	24.18	-48.87	-21.513	13.633	7.187	-0.84598	-0.28549	-0.09000	0.44113	26.4	null	null	13113	60
2026-05-27T16:47:10.153	WT901BLE68(F3:F0:16:BF:DC:AE)	-0.376	0.440	0.828	6.897	-38.574	5.371	26.97	22.39	-47.97	-24.133	18.433	5.147	-0.84598	-0.28549	-0.09000	0.44113	26.4	null	null	13113	60
2026-05-27T16:47:10.274	WT901BLE68(F3:F0:16:BF:DC:AE)	-0.314	0.456	0.764	-10.315	-29.907	17.761	26.45	18.03	-49.26	-24.133	18.433	5.147	-0.84598	-0.28549	-0.09000	0.44113	26.4	null	null	13113	60
2026-05-27T16:47:10.364	WT901BLE68(F3:F0:16:BF:DC:AE)	-0.279	0.405	0.894	-11.536	-1.099	29.358	25.98	16.91	-46.02	-24.133	18.433	5.147	-0.87051	-0.26208	-0.04446	0.41403	26.4	null	null	13113	60
2026-05-27T16:47:10.483	WT901BLE68(F3:F0:16:BF:DC:AE)	-0.273	0.439	0.878	13.062	-12.390	-1.648	26.69	15.55	-45.49	-24.133	18.433	5.147	-0.87051	-0.26208	-0.04446	0.41403	26.4	null	null	13113	60
2026-05-27T16:47:10.543	WT901BLE68(F3:F0:16:BF:DC:AE)	-0.188	0.422	0.856	-2.991	2.686	7.996	27.22	14.44	-45.90	-24.133	18.433	5.147	-0.87051	-0.26208	-0.04446	0.41403	26.4	null	null	13113	60
2026-05-27T16:47:10.662	WT901BLE68(F3:F0:16:BF:DC:AE)	-0.207	0.417	0.899	-14.160	11.902	5.066	26.30	14.58	-44.70	-24.133	18.433	5.147	-0.87051	-0.26208	-0.04446	0.41403	26.4	null	null	13113	60
2026-05-27T16:47:10.753	WT901BLE68(F3:F0:16:BF:DC:AE)	-0.315	0.373	0.905	-8.850	-1.831	-23.621	24.83	15.61	-45.12	-24.133	18.433	5.147	-0.87051	-0.26208	-0.04446	0.41403	26.4	null	null	13113	60
2026-05-27T16:47:10.875	WT901BLE68(F3:F0:16:BF:DC:AE)	-0.336	0.400	0.835	12.878	-5.798	-28.931	24.15	16.21	-47.86	-24.133	18.433	5.147	-0.87051	-0.26208	-0.04446	0.41403	26.4	null	null	13113	60
2026-05-27T16:47:10.965	WT901BLE68(F3:F0:16:BF:DC:AE)	-0.377	0.367	0.948	6.409	-2.563	-21.179	24.44	16.91	-50.03	-24.133	18.433	5.147	-0.87051	-0.26208	-0.04446	0.41403	26.4	null	null	13113	60
2026-05-27T16:47:11.082	WT901BLE68(F3:F0:16:BF:DC:AE)	-0.245	0.389	0.846	11.292	-11.353	-20.081	24.93	17.23	-51.52	-21.947	21.767	2.767	-0.87051	-0.26208	-0.04446	0.41403	26.4	null	null	13113	60
2026-05-27T16:47:11.177	WT901BLE68(F3:F0:16:BF:DC:AE)	-0.258	0.418	0.902	13.245	-20.081	-11.169	25.80	16.68	-53.39	-21.947	21.767	2.767	-0.87051	-0.26208	-0.04446	0.41403	26.4	null	null	13113	60
2026-05-27T16:47:11.292	WT901BLE68(F3:F0:16:BF:DC:AE)	-0.290	0.396	0.873	3.845	2.625	-7.813	26.07	16.95	-53.41	-21.947	21.767	2.767	-0.84604	-0.26276	-0.02640	0.46301	26.4	null	null	13113	60
2026-05-27T16:47:11.353	WT901BLE68(F3:F0:16:BF:DC:AE)	-0.298	0.370	0.848	-3.723	-12.451	-1.892	25.46	16.07	-53.77	-21.947	21.767	2.767	-0.84604	-0.26276	-0.02640	0.46301	26.4	null	null	13113	60
2026-05-27T16:47:11.473	WT901BLE68(F3:F0:16:BF:DC:AE)	-0.321	0.397	0.807	-7.202	15.503	5.676	24.76	16.00	-52.95	-21.947	21.767	2.767	-0.84604	-0.26276	-0.02640	0.46301	26.4	null	null	13113	60
2026-05-27T16:47:11.562	WT901BLE68(F3:F0:16:BF:DC:AE)	-0.278	0.402	0.865	-14.343	2.686	-1.770	23.70	15.62	-52.29	-21.947	21.767	2.767	-0.84604	-0.26276	-0.02640	0.46301	26.4	null	null	13113	60
2026-05-27T16:47:11.686	WT901BLE68(F3:F0:16:BF:DC:AE)	-0.298	0.359	0.965	-15.076	-16.357	-3.418	21.87	14.71	-52.59	-21.947	21.767	2.767	-0.84604	-0.26276	-0.02640	0.46301	26.4	null	null	13113	60
2026-05-27T16:47:11.775	WT901BLE68(F3:F0:16:BF:DC:AE)	-0.319	0.335	0.875	29.236	-12.817	26.611	23.28	13.66	-50.17	-21.947	21.767	2.767	-0.84604	-0.26276	-0.02640	0.46301	26.4	null	null	13113	60
2026-05-27T16:47:11.896	WT901BLE68(F3:F0:16:BF:DC:AE)	-0.163	0.500	0.702	33.142	-16.724	20.142	26.88	10.97	-48.35	-21.947	21.767	2.767	-0.84604	-0.26276	-0.02640	0.46301	26.4	null	null	13113	60
2026-05-27T16:47:11.949	WT901BLE68(F3:F0:16:BF:DC:AE)	-0.223	0.540	0.818	4.150	77.026	42.175	29.52	12.32	-43.05	-19.920	27.260	-1.647	-0.84604	-0.26276	-0.02640	0.46301	26.4	null	null	13113	60
2026-05-27T16:47:12.074	WT901BLE68(F3:F0:16:BF:DC:AE)	-0.414	0.370	0.834	-2.075	55.786	13.672	31.01	18.12	-36.24	-19.920	27.260	-1.647	-0.84604	-0.26276	-0.02640	0.46301	26.4	null	null	13113	60
2026-05-27T16:47:12.160	WT901BLE68(F3:F0:16:BF:DC:AE)	-0.346	0.501	0.856	10.315	-8.484	-9.766	31.38	17.79	-36.15	-19.920	27.260	-1.647	-0.89243	-0.29861	-0.06076	0.33261	26.4	null	null	13113	60
2026-05-27T16:47:12.286	WT901BLE68(F3:F0:16:BF:DC:AE)	-0.287	0.437	0.807	3.845	-9.949	-19.043	31.08	16.99	-38.65	-19.920	27.260	-1.647	-0.89243	-0.29861	-0.06076	0.33261	26.4	null	null	13113	60
2026-05-27T16:47:12.372	WT901BLE68(F3:F0:16:BF:DC:AE)	-0.353	0.439	0.877	4.089	-25.635	-39.063	30.05	16.88	-41.76	-19.920	27.260	-1.647	-0.89243	-0.29861	-0.06076	0.33261	26.4	null	null	13113	60
2026-05-27T16:47:12.496	WT901BLE68(F3:F0:16:BF:DC:AE)	-0.255	0.450	0.863	15.076	-38.025	-54.504	29.36	16.45	-46.82	-19.920	27.260	-1.647	-0.89243	-0.29861	-0.06076	0.33261	26.4	null	null	13113	60
2026-05-27T16:47:12.582	WT901BLE68(F3:F0:16:BF:DC:AE)	-0.400	0.508	0.966	19.287	-24.780	-36.621	29.31	16.84	-51.98	-19.920	27.260	-1.647	-0.89243	-0.29861	-0.06076	0.33261	26.4	null	null	13113	60
2026-05-27T16:47:12.706	WT901BLE68(F3:F0:16:BF:DC:AE)	-0.382	0.579	0.754	32.471	-45.471	-34.973	30.62	15.27	-55.39	-19.920	27.260	-1.647	-0.89243	-0.29861	-0.06076	0.33261	26.4	null	null	13113	60
2026-05-27T16:47:12.766	WT901BLE68(F3:F0:16:BF:DC:AE)	-0.282	0.572	0.728	19.104	-37.292	-48.340	31.53	13.85	-60.81	-19.920	27.260	-1.647	-0.89243	-0.29861	-0.06076	0.33261	26.4	null	null	13113	60
2026-05-27T16:47:12.885	WT901BLE68(F3:F0:16:BF:DC:AE)	-0.263	0.529	0.829	11.108	-12.024	-3.418	32.40	13.86	-62.99	-31.140	33.860	-8.540	-0.89243	-0.29861	-0.06076	0.33261	26.4	null	null	13113	60
2026-05-27T16:47:12.973	WT901BLE68(F3:F0:16:BF:DC:AE)	-0.193	0.479	0.810	0.488	-33.813	-8.972	32.76	12.98	-62.75	-31.140	33.860	-8.540	-0.89243	-0.29861	-0.06076	0.33261	26.4	null	null	13113	60
2026-05-27T16:47:13.095	WT901BLE68(F3:F0:16:BF:DC:AE)	-0.218	0.521	0.790	0.427	-63.477	0.366	32.01	9.95	-63.86	-31.140	33.860	-8.540	-0.79813	-0.28763	0.06241	0.52557	26.4	null	null	13113	60
2026-05-27T16:47:13.182	WT901BLE68(F3:F0:16:BF:DC:AE)	0.076	0.385	0.920	0.000	7.935	2.136	31.96	7.77	-63.95	-31.140	33.860	-8.540	-0.79813	-0.28763	0.06241	0.52557	26.4	null	null	13113	60
2026-05-27T16:47:13.305	WT901BLE68(F3:F0:16:BF:DC:AE)	-0.051	0.459	0.895	-5.554	49.438	-21.667	31.88	10.05	-62.18	-31.140	33.860	-8.540	-0.79813	-0.28763	0.06241	0.52557	26.4	null	null	13113	60
2026-05-27T16:47:13.360	WT901BLE68(F3:F0:16:BF:DC:AE)	-0.346	0.491	0.741	10.742	73.608	1.038	32.57	16.78	-57.93	-31.140	33.860	-8.540	-0.79813	-0.28763	0.06241	0.52557	26.4	null	null	13113	60
2026-05-27T16:47:13.485	WT901BLE68(F3:F0:16:BF:DC:AE)	-0.491	0.553	0.552	11.230	153.381	-25.452	36.91	28.02	-49.36	-31.140	33.860	-8.540	-0.79813	-0.28763	0.06241	0.52557	26.4	null	null	13113	60
2026-05-27T16:47:13.571	WT901BLE68(F3:F0:16:BF:DC:AE)	-0.563	0.606	0.576	0.061	61.340	-22.949	39.28	34.41	-45.75	-31.140	33.860	-8.540	-0.79813	-0.28763	0.06241	0.52557	26.4	null	null	13113	60
2026-05-27T16:47:13.692	WT901BLE68(F3:F0:16:BF:DC:AE)	-0.675	0.465	0.645	21.851	-17.944	-34.302	41.17	38.69	-44.58	-31.140	33.860	-8.540	-0.79813	-0.28763	0.06241	0.52557	26.4	null	null	13113	60
2026-05-27T16:47:13.781	WT901BLE68(F3:F0:16:BF:DC:AE)	-0.644	0.448	0.799	23.499	-14.099	-52.246	39.84	40.59	-49.59	-46.020	38.813	-19.153	-0.79813	-0.28763	0.06241	0.52557	26.4	null	null	13113	60
2026-05-27T16:47:13.904	WT901BLE68(F3:F0:16:BF:DC:AE)	-0.813	0.417	0.639	37.842	-63.049	-51.025	36.10	40.76	-58.19	-46.020	38.813	-19.153	-0.79813	-0.28763	0.06241	0.52557	26.4	null	null	13113	60
2026-05-27T16:47:13.989	WT901BLE68(F3:F0:16:BF:DC:AE)	-0.790	0.468	0.523	25.635	-44.739	-22.461	34.28	38.86	-64.95	-46.020	38.813	-19.153	-0.70999	-0.40686	-0.12387	0.56119	26.4	null	null	13113	60
2026-05-27T16:47:14.118	WT901BLE68(F3:F0:16:BF:DC:AE)	-0.638	0.516	0.483	37.842	-27.893	-16.052	34.54	37.29	-67.94	-46.020	38.813	-19.153	-0.70999	-0.40686	-0.12387	0.56119	26.4	null	null	13113	60
2026-05-27T16:47:14.170	WT901BLE68(F3:F0:16:BF:DC:AE)	-0.760	0.580	0.669	36.194	7.141	-24.109	37.22	37.53	-69.52	-46.020	38.813	-19.153	-0.70999	-0.40686	-0.12387	0.56119	26.4	null	null	13113	60
2026-05-27T16:47:14.296	WT901BLE68(F3:F0:16:BF:DC:AE)	-0.641	0.372	0.700	8.423	-24.414	-17.944	37.86	38.92	-69.77	-46.020	38.813	-19.153	-0.70999	-0.40686	-0.12387	0.56119	26.4	null	null	13113	60
2026-05-27T16:47:14.384	WT901BLE68(F3:F0:16:BF:DC:AE)	-0.811	0.425	0.682	21.667	-53.589	-4.028	37.68	37.78	-70.46	-46.020	38.813	-19.153	-0.70999	-0.40686	-0.12387	0.56119	26.4	null	null	13113	60
2026-05-27T16:47:14.505	WT901BLE68(F3:F0:16:BF:DC:AE)	-0.495	0.471	0.629	14.160	-45.837	2.136	36.34	32.91	-74.29	-46.020	38.813	-19.153	-0.70999	-0.40686	-0.12387	0.56119	26.4	null	null	13113	60
2026-05-27T16:47:14.592	WT901BLE68(F3:F0:16:BF:DC:AE)	-0.493	0.460	0.702	4.517	-25.452	6.775	36.00	30.21	-74.77	-46.020	38.813	-19.153	-0.70999	-0.40686	-0.12387	0.56119	26.4	null	null	13113	60
2026-05-27T16:47:14.712	WT901BLE68(F3:F0:16:BF:DC:AE)	-0.502	0.586	0.682	6.714	-51.758	2.014	35.79	27.53	-74.89	-67.067	35.973	-22.947	-0.70999	-0.40686	-0.12387	0.56119	26.4	null	null	13113	60
2026-05-27T16:47:14.771	WT901BLE68(F3:F0:16:BF:DC:AE)	-0.355	0.537	0.652	-5.920	-30.518	-2.075	34.61	24.83	-76.32	-67.067	35.973	-22.947	-0.70999	-0.40686	-0.12387	0.56119	26.4	null	null	13113	60
2026-05-27T16:47:14.891	WT901BLE68(F3:F0:16:BF:DC:AE)	-0.417	0.530	0.805	6.165	-3.540	-16.785	34.26	25.43	-76.32	-67.067	35.973	-22.947	-0.70999	-0.40686	-0.12387	0.56119	26.4	null	null	13113	60
2026-05-27T16:47:14.977	WT901BLE68(F3:F0:16:BF:DC:AE)	-0.386	0.519	0.745	19.226	-3.357	-40.649	34.34	26.07	-78.22	-67.067	35.973	-22.947	-0.69089	-0.35611	0.01273	0.62897	26.4	null	null	13113	60
2026-05-27T16:47:15.101	WT901BLE68(F3:F0:16:BF:DC:AE)	-0.499	0.475	0.880	23.315	4.517	-59.021	34.29	28.61	-82.12	-67.067	35.973	-22.947	-0.69089	-0.35611	0.01273	0.62897	26.4	null	null	13113	60
2026-05-27T16:47:15.193	WT901BLE68(F3:F0:16:BF:DC:AE)	-0.651	0.478	0.729	37.231	-30.396	-40.710	34.32	29.84	-86.77	-67.067	35.973	-22.947	-0.69089	-0.35611	0.01273	0.62897	26.4	null	null	13113	60
2026-05-27T16:47:15.310	WT901BLE68(F3:F0:16:BF:DC:AE)	-0.453	0.516	0.622	41.504	-56.946	-39.124	35.23	28.19	-92.41	-67.067	35.973	-22.947	-0.69089	-0.35611	0.01273	0.62897	26.4	null	null	13113	60
2026-05-27T16:47:15.400	WT901BLE68(F3:F0:16:BF:DC:AE)	-0.517	0.580	0.703	18.799	-40.588	-23.010	35.47	26.49	-97.47	-67.067	35.973	-22.947	-0.69089	-0.35611	0.01273	0.62897	26.4	null	null	13113	60
2026-05-27T16:47:15.520	WT901BLE68(F3:F0:16:BF:DC:AE)	-0.462	0.550	0.749	9.644	-32.715	-12.817	35.39	25.04	-99.82	-67.067	35.973	-22.947	-0.69089	-0.35611	0.01273	0.62897	26.4	null	null	13113	60
2026-05-27T16:47:15.581	WT901BLE68(F3:F0:16:BF:DC:AE)	-0.428	0.521	0.761	0.061	-28.259	-10.986	34.45	23.40	-102.42	-88.160	16.867	-10.360	-0.69089	-0.35611	0.01273	0.62897	26.4	null	null	13113	60
2026-05-27T16:47:15.704	WT901BLE68(F3:F0:16:BF:DC:AE)	-0.339	0.545	0.774	-0.122	-13.428	3.235	33.90	22.36	-102.67	-88.160	16.867	-10.360	-0.69089	-0.35611	0.01273	0.62897	26.4	null	null	13113	60
2026-05-27T16:47:15.789	WT901BLE68(F3:F0:16:BF:DC:AE)	-0.340	0.468	0.791	9.399	-31.677	-0.061	34.02	20.21	-103.40	-88.160	16.867	-10.360	-0.54346	-0.31592	0.11563	0.76901	26.4	null	null	13113	60
2026-05-27T16:47:15.916	WT901BLE68(F3:F0:16:BF:DC:AE)	-0.330	0.460	0.816	10.803	-6.958	-0.549	34.46	18.68	-104.32	-88.160	16.867	-10.360	-0.54346	-0.31592	0.11563	0.76901	26.4	null	null	13113	60
2026-05-27T16:47:16.003	WT901BLE68(F3:F0:16:BF:DC:AE)	-0.325	0.574	0.807	25.513	-67.688	2.258	35.91	16.18	-105.57	-88.160	16.867	-10.360	-0.54346	-0.31592	0.11563	0.76901	26.4	null	null	13113	60
2026-05-27T16:47:16.124	WT901BLE68(F3:F0:16:BF:DC:AE)	-0.141	0.635	0.639	4.089	-51.025	-3.967	36.27	11.20	-109.47	-88.160	16.867	-10.360	-0.54346	-0.31592	0.11563	0.76901	26.4	null	null	13113	60
2026-05-27T16:47:16.183	WT901BLE68(F3:F0:16:BF:DC:AE)	-0.259	0.641	0.801	7.080	25.452	1.953	36.78	12.00	-108.30	-88.160	16.867	-10.360	-0.54346	-0.31592	0.11563	0.76901	26.4	null	null	13113	60
2026-05-27T16:47:16.302	WT901BLE68(F3:F0:16:BF:DC:AE)	-0.213	0.626	0.744	8.301	-23.376	-16.846	37.53	11.07	-109.39	-88.160	16.867	-10.360	-0.54346	-0.31592	0.11563	0.76901	26.4	null	null	13113	60
2026-05-27T16:47:16.393	WT901BLE68(F3:F0:16:BF:DC:AE)	-0.188	0.615	0.792	6.592	16.602	-21.851	37.90	11.76	-110.76	-88.160	16.867	-10.360	-0.54346	-0.31592	0.11563	0.76901	26.4	null	null	13113	60
2026-05-27T16:47:16.516	WT901BLE68(F3:F0:16:BF:DC:AE)	-0.171	0.606	0.799	4.639	-16.785	-26.367	37.91	13.20	-112.12	-81.447	14.067	5.933	-0.54346	-0.31592	0.11563	0.76901	26.4	null	null	13113	60
2026-05-27T16:47:16.604	WT901BLE68(F3:F0:16:BF:DC:AE)	-0.234	0.607	0.817	4.822	-6.775	-44.434	37.31	14.58	-115.07	-81.447	14.067	5.933	-0.54346	-0.31592	0.11563	0.76901	26.4	null	null	13113	60
2026-05-27T16:47:16.722	WT901BLE68(F3:F0:16:BF:DC:AE)	-0.293	0.591	0.710	14.282	-19.409	-35.461	37.34	15.73	-118.15	-81.447	14.067	5.933	-0.45526	-0.27527	0.20206	0.82220	26.4	null	null	13113	60
2026-05-27T16:47:16.813	WT901BLE68(F3:F0:16:BF:DC:AE)	-0.317	0.622	0.747	3.723	-20.203	-36.560	36.74	17.06	-122.18	-81.447	14.067	5.933	-0.45526	-0.27527	0.20206	0.82220	26.4	null	null	13113	60
2026-05-27T16:47:16.935	WT901BLE68(F3:F0:16:BF:DC:AE)	-0.316	0.566	0.655	8.118	-19.348	-6.958	36.18	16.12	-124.85	-81.447	14.067	5.933	-0.45526	-0.27527	0.20206	0.82220	26.4	null	null	13113	60
2026-05-27T16:47:16.990	WT901BLE68(F3:F0:16:BF:DC:AE)	-0.244	0.585	0.724	4.089	-29.480	-19.714	36.33	14.68	-127.81	-81.447	14.067	5.933	-0.45526	-0.27527	0.20206	0.82220	26.4	null	null	13113	60
2026-05-27T16:47:17.115	WT901BLE68(F3:F0:16:BF:DC:AE)	-0.272	0.636	0.803	-0.061	10.986	-5.310	36.18	14.95	-128.68	-81.447	14.067	5.933	-0.45526	-0.27527	0.20206	0.82220	26.4	null	null	13113	60
2026-05-27T16:47:17.204	WT901BLE68(F3:F0:16:BF:DC:AE)	-0.299	0.571	0.731	-2.136	11.963	-17.700	35.94	16.53	-128.52	-81.447	14.067	5.933	-0.45526	-0.27527	0.20206	0.82220	26.4	null	null	13113	60
2026-05-27T16:47:17.324	WT901BLE68(F3:F0:16:BF:DC:AE)	-0.265	0.565	0.853	-3.784	24.414	-19.409	35.47	18.26	-129.39	-81.447	14.067	5.933	-0.45526	-0.27527	0.20206	0.82220	26.4	null	null	13113	60
2026-05-27T16:47:17.416	WT901BLE68(F3:F0:16:BF:DC:AE)	-0.371	0.569	0.737	-0.977	18.250	-16.052	34.83	20.45	-130.03	-81.327	-2.787	9.293	-0.45526	-0.27527	0.20206	0.82220	26.4	null	null	13113	60
2026-05-27T16:47:17.534	WT901BLE68(F3:F0:16:BF:DC:AE)	-0.361	0.581	0.835	13.123	-11.658	-11.658	36.00	22.16	-129.95	-81.327	-2.787	9.293	-0.45526	-0.27527	0.20206	0.82220	26.4	null	null	13113	60
2026-05-27T16:47:17.592	WT901BLE68(F3:F0:16:BF:DC:AE)	-0.428	0.580	0.593	0.183	-7.324	-9.460	35.55	21.00	-132.20	-81.327	-2.787	9.293	-0.33273	-0.28378	0.20322	0.87598	26.4	null	null	13113	60
2026-05-27T16:47:17.714	WT901BLE68(F3:F0:16:BF:DC:AE)	-0.461	0.522	0.747	-2.625	40.039	-2.747	35.94	23.85	-130.14	-81.327	-2.787	9.293	-0.33273	-0.28378	0.20322	0.87598	26.4	null	null	13113	60
2026-05-27T16:47:17.802	WT901BLE68(F3:F0:16:BF:DC:AE)	-0.445	0.513	0.768	9.705	-8.118	-11.536	36.46	25.27	-129.90	-81.327	-2.787	9.293	-0.33273	-0.28378	0.20322	0.87598	26.4	null	null	13113	60
2026-05-27T16:47:17.924	WT901BLE68(F3:F0:16:BF:DC:AE)	-0.392	0.524	0.765	14.587	-17.151	-14.404	36.60	24.79	-132.05	-81.327	-2.787	9.293	-0.33273	-0.28378	0.20322	0.87598	26.4	null	null	13113	60
2026-05-27T16:47:18.013	WT901BLE68(F3:F0:16:BF:DC:AE)	-0.428	0.541	0.733	8.240	-25.269	-19.897	36.52	24.36	-134.52	-81.327	-2.787	9.293	-0.33273	-0.28378	0.20322	0.87598	26.4	null	null	13113	60
2026-05-27T16:47:18.133	WT901BLE68(F3:F0:16:BF:DC:AE)	-0.363	0.520	0.722	4.272	-10.498	-19.897	35.74	24.38	-137.22	-81.327	-2.787	9.293	-0.33273	-0.28378	0.20322	0.87598	26.4	null	null	13113	60
2026-05-27T16:47:18.225	WT901BLE68(F3:F0:16:BF:DC:AE)	-0.491	0.561	0.692	5.188	-5.920	-9.460	35.38	25.00	-138.66	-81.327	-2.787	9.293	-0.33273	-0.28378	0.20322	0.87598	26.4	null	null	13113	60
2026-05-27T16:47:18.314	WT901BLE68(F3:F0:16:BF:DC:AE)	-0.369	0.489	0.706	13.733	-21.667	-15.869	35.35	25.10	-140.31	-79.647	-8.127	6.240	-0.33273	-0.28378	0.20322	0.87598	26.4	null	null	13113	60
2026-05-27T16:47:18.401	WT901BLE68(F3:F0:16:BF:DC:AE)	-0.447	0.620	0.735	15.259	-40.222	4.211	35.61	22.68	-143.12	-79.647	-8.127	6.240	-0.33273	-0.28378	0.20322	0.87598	26.4	null	null	13113	60
2026-05-27T16:47:18.525	WT901BLE68(F3:F0:16:BF:DC:AE)	-0.306	0.555	0.725	4.456	-39.001	-3.174	36.01	20.21	-144.50	-79.647	-8.127	6.240	-0.23657	-0.26151	0.23270	0.90631	26.4	null	null	13113	60
2026-05-27T16:47:18.612	WT901BLE68(F3:F0:16:BF:DC:AE)	-0.365	0.569	0.768	-3.357	-5.127	-6.714	35.64	18.91	-146.32	-79.647	-8.127	6.240	-0.23657	-0.26151	0.23270	0.90631	26.4	null	null	13113	60
2026-05-27T16:47:18.732	WT901BLE68(F3:F0:16:BF:DC:AE)	-0.329	0.526	0.792	0.244	-6.653	3.601	35.33	18.84	-146.53	-79.647	-8.127	6.240	-0.23657	-0.26151	0.23270	0.90631	26.4	null	null	13113	60
2026-05-27T16:47:18.822	WT901BLE68(F3:F0:16:BF:DC:AE)	-0.348	0.590	0.877	-3.296	-69.336	1.404	34.68	15.79	-148.52	-79.647	-8.127	6.240	-0.23657	-0.26151	0.23270	0.90631	26.4	null	null	13113	60
2026-05-27T16:47:18.946	WT901BLE68(F3:F0:16:BF:DC:AE)	-0.160	0.545	0.903	6.348	-50.964	-9.521	33.48	11.05	-149.92	-79.647	-8.127	6.240	-0.23657	-0.26151	0.23270	0.90631	26.4	null	null	13113	60
2026-05-27T16:47:18.999	WT901BLE68(F3:F0:16:BF:DC:AE)	-0.177	0.574	0.882	11.780	-80.383	-13.367	33.49	6.16	-151.94	-79.647	-8.127	6.240	-0.23657	-0.26151	0.23270	0.90631	26.4	null	null	13113	60
2026-05-27T16:47:19.128	WT901BLE68(F3:F0:16:BF:DC:AE)	0.073	0.554	0.713	-1.404	-31.494	2.014	33.56	1.21	-153.30	-79.647	-8.127	6.240	-0.23657	-0.26151	0.23270	0.90631	26.4	null	null	13113	60
2026-05-27T16:47:19.211	WT901BLE68(F3:F0:16:BF:DC:AE)	-0.054	0.592	0.835	-2.197	3.113	9.277	33.39	1.02	-150.21	-56.353	-5.833	22.840	-0.23657	-0.26151	0.23270	0.90631	26.4	null	null	13113	60
2026-05-27T16:47:19.334	WT901BLE68(F3:F0:16:BF:DC:AE)	0.022	0.575	0.827	-0.488	-1.221	7.629	33.34	0.91	-146.70	-56.353	-5.833	22.840	-0.23657	-0.26151	0.23270	0.90631	26.4	null	null	13113	60
2026-05-27T16:47:19.424	WT901BLE68(F3:F0:16:BF:DC:AE)	-0.002	0.559	0.814	-3.235	15.076	-6.165	33.11	0.97	-144.22	-56.353	-5.833	22.840	-0.28671	-0.09113	0.27081	0.91437	26.4	null	null	13113	60
2026-05-27T16:47:19.544	WT901BLE68(F3:F0:16:BF:DC:AE)	0.031	0.518	0.882	-17.639	3.479	-11.169	32.17	1.10	-143.23	-56.353	-5.833	22.840	-0.28671	-0.09113	0.27081	0.91437	26.4	null	null	13113	60
2026-05-27T16:47:19.634	WT901BLE68(F3:F0:16:BF:DC:AE)	0.119	0.487	0.790	-17.639	16.602	-23.010	30.39	2.18	-142.65	-56.353	-5.833	22.840	-0.28671	-0.09113	0.27081	0.91437	26.4	null	null	13113	60
2026-05-27T16:47:19.755	WT901BLE68(F3:F0:16:BF:DC:AE)	-0.231	0.368	1.070	-15.869	-9.216	-34.912	29.10	4.09	-142.93	-56.353	-5.833	22.840	-0.28671	-0.09113	0.27081	0.91437	26.4	null	null	13113	60
2026-05-27T16:47:19.813	WT901BLE68(F3:F0:16:BF:DC:AE)	-0.074	0.488	0.857	-0.549	-23.254	-27.161	28.11	3.38	-144.34	-56.353	-5.833	22.840	-0.28671	-0.09113	0.27081	0.91437	26.4	null	null	13113	60
2026-05-27T16:47:19.934	WT901BLE68(F3:F0:16:BF:DC:AE)	0.007	0.524	0.834	14.099	8.301	-23.865	28.55	3.74	-144.55	-56.353	-5.833	22.840	-0.28671	-0.09113	0.27081	0.91437	26.4	null	null	13113	60
2026-05-27T16:47:20.021	WT901BLE68(F3:F0:16:BF:DC:AE)	0.003	0.507	0.779	3.906	15.503	-24.536	29.39	5.56	-145.09	-56.353	-5.833	22.840	-0.28671	-0.09113	0.27081	0.91437	26.4	null	null	13113	60
2026-05-27T16:47:20.142	WT901BLE68(F3:F0:16:BF:DC:AE)	-0.200	0.479	0.846	3.906	36.560	-0.977	30.23	8.36	-142.36	-57.427	-12.993	20.367	-0.28671	-0.09113	0.27081	0.91437	26.4	null	null	13113	60
2026-05-27T16:47:20.234	WT901BLE68(F3:F0:16:BF:DC:AE)	-0.149	0.526	0.747	14.343	2.014	-19.287	31.38	10.12	-140.24	-57.427	-12.993	20.367	-0.28671	-0.09113	0.27081	0.91437	26.4	null	null	13113	60
2026-05-27T16:47:20.350	WT901BLE68(F3:F0:16:BF:DC:AE)	-0.271	0.526	0.828	-4.089	14.465	-18.311	31.79	11.72	-139.31	-57.427	-12.993	20.367	-0.30502	-0.18207	0.22437	0.90738	26.4	null	null	13113	60
2026-05-27T16:47:20.412	WT901BLE68(F3:F0:16:BF:DC:AE)	-0.260	0.534	0.773	-7.446	18.005	-21.973	30.95	14.28	-138.49	-57.427	-12.993	20.367	-0.30502	-0.18207	0.22437	0.90738	26.4	null	null	13113	60
2026-05-27T16:47:20.534	WT901BLE68(F3:F0:16:BF:DC:AE)	-0.151	0.509	0.958	8.179	-13.367	-4.639	30.70	15.39	-137.85	-57.427	-12.993	20.367	-0.30502	-0.18207	0.22437	0.90738	26.4	null	null	13113	60
2026-05-27T16:47:20.620	WT901BLE68(F3:F0:16:BF:DC:AE)	-0.202	0.554	0.882	16.785	-8.362	1.770	31.62	15.42	-136.58	-57.427	-12.993	20.367	-0.30502	-0.18207	0.22437	0.90738	26.4	null	null	13113	60
2026-05-27T16:47:20.745	WT901BLE68(F3:F0:16:BF:DC:AE)	-0.271	0.530	0.696	10.498	-9.033	14.954	33.07	13.77	-134.75	-57.427	-12.993	20.367	-0.30502	-0.18207	0.22437	0.90738	26.4	null	null	13113	60
2026-05-27T16:47:20.835	WT901BLE68(F3:F0:16:BF:DC:AE)	-0.242	0.550	0.781	-6.836	3.296	9.094	33.31	13.03	-132.25	-57.427	-12.993	20.367	-0.30502	-0.18207	0.22437	0.90738	26.4	null	null	13113	60
2026-05-27T16:47:20.954	WT901BLE68(F3:F0:16:BF:DC:AE)	-0.217	0.516	0.875	1.648	-2.991	-3.906	33.30	13.74	-130.47	-57.427	-12.993	20.367	-0.30502	-0.18207	0.22437	0.90738	26.4	null	null	13113	60
2026-05-27T16:47:21.009	WT901BLE68(F3:F0:16:BF:DC:AE)	-0.275	0.538	0.766	3.967	5.127	-10.437	33.60	14.40	-129.30	-62.580	-11.527	12.760	-0.30502	-0.18207	0.22437	0.90738	26.4	null	null	13113	60
2026-05-27T16:47:21.159	WT901BLE68(F3:F0:16:BF:DC:AE)	-0.217	0.479	0.739	-5.005	6.042	-27.954	32.69	15.20	-129.97	-62.580	-11.527	12.760	-0.30502	-0.18207	0.22437	0.90738	26.4	null	null	13113	60
2026-05-27T16:47:21.222	WT901BLE68(F3:F0:16:BF:DC:AE)	-0.166	0.480	0.837	-7.813	-20.874	-28.015	31.04	15.57	-131.90	-62.580	-11.527	12.760	-0.36072	-0.23065	0.19330	0.88272	26.4	null	null	13113	60
2026-05-27T16:47:21.343	WT901BLE68(F3:F0:16:BF:DC:AE)	-0.184	0.402	0.914	-10.864	-13.794	-19.226	29.15	14.08	-133.88	-62.580	-11.527	12.760	-0.36072	-0.23065	0.19330	0.88272	26.4	null	null	13113	60
2026-05-27T16:47:21.435	WT901BLE68(F3:F0:16:BF:DC:AE)	-0.381	0.524	1.010	10.925	-27.161	-11.169	28.60	13.24	-134.59	-62.580	-11.527	12.760	-0.36072	-0.23065	0.19330	0.88272	26.4	null	null	13113	60
2026-05-27T16:47:21.557	WT901BLE68(F3:F0:16:BF:DC:AE)	-0.159	0.376	0.659	25.879	-21.790	-27.100	29.85	12.92	-135.08	-62.580	-11.527	12.760	-0.36072	-0.23065	0.19330	0.88272	26.4	null	null	13113	60
2026-05-27T16:47:21.642	WT901BLE68(F3:F0:16:BF:DC:AE)	-0.250	0.622	0.895	17.822	-69.458	-2.258	31.14	8.28	-138.38	-62.580	-11.527	12.760	-0.36072	-0.23065	0.19330	0.88272	26.4	null	null	13113	60
2026-05-27T16:47:21.763	WT901BLE68(F3:F0:16:BF:DC:AE)	-0.138	0.612	0.845	9.155	-18.616	12.451	32.24	5.80	-137.69	-62.580	-11.527	12.760	-0.36072	-0.23065	0.19330	0.88272	26.4	null	null	13113	60
2026-05-27T16:47:21.821	WT901BLE68(F3:F0:16:BF:DC:AE)	-0.074	0.523	0.814	0.610	-8.606	15.137	32.90	3.87	-136.26	-62.580	-11.527	12.760	-0.36072	-0.23065	0.19330	0.88272	26.4	null	null	13113	60
2026-05-27T16:47:21.942	WT901BLE68(F3:F0:16:BF:DC:AE)	-0.088	0.537	0.856	-2.625	11.108	12.207	32.90	3.79	-133.52	-51.127	-12.840	19.093	-0.36072	-0.23065	0.19330	0.88272	26.4	null	null	13113	60
2026-05-27T16:47:22.035	WT901BLE68(F3:F0:16:BF:DC:AE)	-0.109	0.492	0.754	-8.179	46.143	24.902	32.57	5.14	-129.43	-51.127	-12.840	19.093	-0.36072	-0.23065	0.19330	0.88272	26.4	null	null	13113	60
2026-05-27T16:47:22.150	WT901BLE68(F3:F0:16:BF:DC:AE)	-0.084	0.520	0.853	-15.564	34.973	46.692	32.27	6.87	-123.25	-51.127	-12.840	19.093	-0.41827	-0.17471	0.22537	0.86234	26.4	null	null	13113	60
2026-05-27T16:47:22.242	WT901BLE68(F3:F0:16:BF:DC:AE)	-0.218	0.571	0.993	2.869	57.983	70.740	32.21	7.92	-114.08	-51.127	-12.840	19.093	-0.41827	-0.17471	0.22537	0.86234	26.4	null	null	13113	60
2026-05-27T16:47:22.366	WT901BLE68(F3:F0:16:BF:DC:AE)	0.024	0.635	0.803	23.193	-21.484	58.533	34.57	5.63	-107.38	-51.127	-12.840	19.093	-0.41827	-0.17471	0.22537	0.86234	26.4	null	null	13113	60
2026-05-27T16:47:22.453	WT901BLE68(F3:F0:16:BF:DC:AE)	-0.068	0.593	0.756	3.540	10.559	45.715	35.89	1.85	-102.74	-51.127	-12.840	19.093	-0.41827	-0.17471	0.22537	0.86234	26.4	null	null	13113	60
2026-05-27T16:47:22.574	WT901BLE68(F3:F0:16:BF:DC:AE)	0.007	0.521	0.666	0.488	5.615	20.813	35.71	1.05	-99.41	-51.127	-12.840	19.093	-0.41827	-0.17471	0.22537	0.86234	26.4	null	null	13113	60
2026-05-27T16:47:22.632	WT901BLE68(F3:F0:16:BF:DC:AE)	0.059	0.618	0.925	-0.488	16.541	6.531	36.16	1.48	-97.12	-51.127	-12.840	19.093	-0.41827	-0.17471	0.22537	0.86234	26.4	null	null	13113	60
2026-05-27T16:47:22.760	WT901BLE68(F3:F0:16:BF:DC:AE)	0.020	0.538	0.808	-4.211	12.817	1.160	35.93	2.42	-95.81	-51.127	-12.840	19.093	-0.41827	-0.17471	0.22537	0.86234	26.4	null	null	13113	60
2026-05-27T16:47:22.840	WT901BLE68(F3:F0:16:BF:DC:AE)	0.028	0.463	0.856	-7.690	9.155	-4.700	35.20	3.34	-95.15	-58.860	4.187	9.493	-0.41827	-0.17471	0.22537	0.86234	26.4	null	null	13113	60
2026-05-27T16:47:22.958	WT901BLE68(F3:F0:16:BF:DC:AE)	-0.101	0.589	0.910	-2.686	11.536	-14.160	34.80	4.06	-95.60	-58.860	4.187	9.493	-0.41827	-0.17471	0.22537	0.86234	26.4	null	null	13113	60
2026-05-27T16:47:23.052	WT901BLE68(F3:F0:16:BF:DC:AE)	-0.080	0.581	0.708	2.136	-3.296	-18.433	34.93	5.13	-96.32	-58.860	4.187	9.493	-0.63049	-0.22943	0.19626	0.71500	26.4	null	null	13113	60
2026-05-27T16:47:23.175	WT901BLE68(F3:F0:16:BF:DC:AE)	-0.248	0.625	0.783	-3.418	20.264	9.277	34.67	6.06	-96.25	-58.860	4.187	9.493	-0.63049	-0.22943	0.19626	0.71500	26.4	null	null	13113	60
2026-05-27T16:47:23.230	WT901BLE68(F3:F0:16:BF:DC:AE)	-0.040	0.555	0.820	6.897	10.803	-2.502	35.01	7.36	-94.72	-58.860	4.187	9.493	-0.63049	-0.22943	0.19626	0.71500	26.4	null	null	13113	60
2026-05-27T16:47:23.353	WT901BLE68(F3:F0:16:BF:DC:AE)	-0.190	0.553	0.745	-5.005	5.981	-9.033	35.47	8.76	-94.80	-58.860	4.187	9.493	-0.63049	-0.22943	0.19626	0.71500	26.4	null	null	13113	60
2026-05-27T16:47:23.443	WT901BLE68(F3:F0:16:BF:DC:AE)	-0.179	0.672	0.826	-38.818	42.603	29.968	33.88	10.92	-91.57	-58.860	4.187	9.493	-0.63049	-0.22943	0.19626	0.71500	26.4	null	null	13113	60
2026-05-27T16:47:23.565	WT901BLE68(F3:F0:16:BF:DC:AE)	-0.115	0.558	0.887	4.333	13.550	27.283	32.24	11.74	-87.06	-58.860	4.187	9.493	-0.63049	-0.22943	0.19626	0.71500	26.4	null	null	13113	60
2026-05-27T16:47:23.650	WT901BLE68(F3:F0:16:BF:DC:AE)	-0.155	0.519	0.781	12.817	-3.052	33.691	33.85	9.93	-84.86	-58.860	4.187	9.493	-0.63049	-0.22943	0.19626	0.71500	26.4	null	null	13113	60
2026-05-27T16:47:23.773	WT901BLE68(F3:F0:16:BF:DC:AE)	-0.138	0.568	0.741	0.854	14.099	33.081	35.16	7.57	-81.71	-62.780	7.520	2.853	-0.63049	-0.22943	0.19626	0.71500	26.4	null	null	13113	60
2026-05-27T16:47:23.861	WT901BLE68(F3:F0:16:BF:DC:AE)	-0.099	0.549	0.777	9.888	0.000	-3.479	35.93	7.14	-80.41	-62.780	7.520	2.853	-0.63049	-0.22943	0.19626	0.71500	26.4	null	null	13113	60
2026-05-27T16:47:23.981	WT901BLE68(F3:F0:16:BF:DC:AE)	-0.091	0.538	0.816	1.709	12.695	2.686	36.52	7.71	-80.40	-62.780	7.520	2.853	-0.71063	-0.27640	0.15479	0.62814	26.4	null	null	13113	60
2026-05-27T16:47:24.042	WT901BLE68(F3:F0:16:BF:DC:AE)	-0.153	0.546	0.820	6.714	3.235	-7.202	36.63	8.13	-80.29	-62.780	7.520	2.853	-0.71063	-0.27640	0.15479	0.62814	26.4	null	null	13113	60
2026-05-27T16:47:24.164	WT901BLE68(F3:F0:16:BF:DC:AE)	-0.081	0.567	0.775	5.188	5.920	-22.827	36.55	8.89	-81.72	-62.780	7.520	2.853	-0.71063	-0.27640	0.15479	0.62814	26.4	null	null	13113	60
2026-05-27T16:47:24.251	WT901BLE68(F3:F0:16:BF:DC:AE)	-0.179	0.500	0.805	-4.517	1.465	-30.151	35.84	10.25	-84.02	-62.780	7.520	2.853	-0.71063	-0.27640	0.15479	0.62814	26.4	null	null	13113	60
2026-05-27T16:47:24.373	WT901BLE68(F3:F0:16:BF:DC:AE)	-0.229	0.649	0.858	1.892	11.719	-10.010	35.08	11.67	-85.14	-62.780	7.520	2.853	-0.71063	-0.27640	0.15479	0.62814	26.4	null	null	13113	60
2026-05-27T16:47:24.464	WT901BLE68(F3:F0:16:BF:DC:AE)	-0.180	0.561	0.677	7.751	-39.795	-21.790	35.06	12.98	-86.75	-62.780	7.520	2.853	-0.71063	-0.27640	0.15479	0.62814	26.4	null	null	13113	60
2026-05-27T16:47:24.585	WT901BLE68(F3:F0:16:BF:DC:AE)	-0.275	0.567	0.854	5.981	15.503	-5.371	35.27	11.69	-88.52	-62.780	7.520	2.853	-0.71063	-0.27640	0.15479	0.62814	26.4	null	null	13113	60
2026-05-27T16:47:24.640	WT901BLE68(F3:F0:16:BF:DC:AE)	-0.216	0.602	0.815	-0.305	-5.676	-10.925	35.91	12.29	-88.79	-63.707	6.220	1.887	-0.71063	-0.27640	0.15479	0.62814	26.4	null	null	13113	60
2026-05-27T16:47:24.763	WT901BLE68(F3:F0:16:BF:DC:AE)	-0.355	0.545	0.877	-18.738	8.728	14.404	34.84	13.58	-87.84	-63.707	6.220	1.887	-0.71063	-0.27640	0.15479	0.62814	26.4	null	null	13113	60
2026-05-27T16:47:24.847	WT901BLE68(F3:F0:16:BF:DC:AE)	-0.238	0.526	0.872	-31.433	37.659	23.560	33.12	14.67	-84.62	-63.707	6.220	1.887	-0.67053	-0.29083	0.11108	0.67331	26.4	null	null	13113	60
2026-05-27T16:47:24.970	WT901BLE68(F3:F0:16:BF:DC:AE)	-0.146	0.603	0.674	-9.888	85.815	24.780	32.18	17.83	-79.60	-63.707	6.220	1.887	-0.67053	-0.29083	0.11108	0.67331	26.4	null	null	13113	60
2026-05-27T16:47:25.064	WT901BLE68(F3:F0:16:BF:DC:AE)	-0.277	0.506	0.756	-12.512	-5.066	41.809	32.84	18.09	-75.28	-63.707	6.220	1.887	-0.67053	-0.29083	0.11108	0.67331	26.4	null	null	13113	60
2026-05-27T16:47:25.186	WT901BLE68(F3:F0:16:BF:DC:AE)	-0.328	0.437	0.846	-16.541	13.855	44.617	32.36	15.08	-71.98	-63.707	6.220	1.887	-0.67053	-0.29083	0.11108	0.67331	26.4	null	null	13113	60
2026-05-27T16:47:25.242	WT901BLE68(F3:F0:16:BF:DC:AE)	-0.200	0.502	0.870	-13.123	-12.451	7.996	31.45	14.52	-69.94	-63.707	6.220	1.887	-0.67053	-0.29083	0.11108	0.67331	26.4	null	null	13113	60
2026-05-27T16:47:25.395	WT901BLE68(F3:F0:16:BF:DC:AE)	-0.289	0.438	0.789	-11.169	-2.563	5.798	30.12	13.58	-70.55	-63.707	6.220	1.887	-0.67053	-0.29083	0.11108	0.67331	26.4	null	null	13113	60
2026-05-27T16:47:25.450	WT901BLE68(F3:F0:16:BF:DC:AE)	-0.267	0.431	0.856	-5.127	-2.930	-5.005	29.22	13.34	-71.17	-63.707	6.220	1.887	-0.67053	-0.29083	0.11108	0.67331	26.4	null	null	13113	60
2026-05-27T16:47:25.575	WT901BLE68(F3:F0:16:BF:DC:AE)	-0.315	0.482	0.877	5.005	2.686	-32.532	28.50	14.38	-73.17	-61.860	11.473	-0.580	-0.67053	-0.29083	0.11108	0.67331	26.4	null	null	13113	60
2026-05-27T16:47:25.660	WT901BLE68(F3:F0:16:BF:DC:AE)	-0.327	0.470	0.930	21.729	-18.188	-34.485	28.96	15.56	-77.41	-61.860	11.473	-0.580	-0.67053	-0.29083	0.11108	0.67331	26.4	null	null	13113	60
2026-05-27T16:47:25.779	WT901BLE68(F3:F0:16:BF:DC:AE)	-0.316	0.448	0.852	24.231	-9.583	-39.612	29.99	16.28	-81.16	-61.860	11.473	-0.580	-0.71381	-0.27890	0.05945	0.63959	26.4	null	null	13113	60
2026-05-27T16:47:25.874	WT901BLE68(F3:F0:16:BF:DC:AE)	-0.314	0.452	0.739	19.836	-30.823	-48.889	30.66	16.99	-86.77	-61.860	11.473	-0.580	-0.71381	-0.27890	0.05945	0.63959	26.4	null	null	13113	60
2026-05-27T16:47:25.995	WT901BLE68(F3:F0:16:BF:DC:AE)	-0.335	0.555	0.884	-10.254	-19.775	2.197	30.42	15.62	-90.55	-61.860	11.473	-0.580	-0.71381	-0.27890	0.05945	0.63959	26.4	null	null	13113	60
2026-05-27T16:47:26.052	WT901BLE68(F3:F0:16:BF:DC:AE)	-0.234	0.416	0.847	-7.446	-20.813	-9.460	29.51	15.59	-89.89	-61.860	11.473	-0.580	-0.71381	-0.27890	0.05945	0.63959	26.4	null	null	13113	60
2026-05-27T16:47:26.176	WT901BLE68(F3:F0:16:BF:DC:AE)	-0.399	0.454	0.850	-4.944	-4.395	-18.372	28.30	16.04	-91.91	-61.860	11.473	-0.580	-0.71381	-0.27890	0.05945	0.63959	26.4	null	null	13113	60
2026-05-27T16:47:26.263	WT901BLE68(F3:F0:16:BF:DC:AE)	-0.403	0.464	0.852	-7.996	10.559	-0.366	27.24	16.81	-92.26	-61.860	11.473	-0.580	-0.71381	-0.27890	0.05945	0.63959	26.4	null	null	13113	60
2026-05-27T16:47:26.384	WT901BLE68(F3:F0:16:BF:DC:AE)	-0.451	0.522	0.738	25.757	36.011	-21.667	28.34	19.38	-91.24	-61.860	11.473	-0.580	-0.71381	-0.27890	0.05945	0.63959	26.4	null	null	13113	60
2026-05-27T16:47:26.470	WT901BLE68(F3:F0:16:BF:DC:AE)	-0.210	0.504	0.910	3.540	-0.793	-6.042	29.77	19.96	-93.28	-66.420	2.173	1.107	-0.71381	-0.27890	0.05945	0.63959	26.4	null	null	13113	60
2026-05-27T16:47:26.592	WT901BLE68(F3:F0:16:BF:DC:AE)	-0.350	0.387	0.795	6.348	-41.748	23.193	29.39	16.97	-92.77	-66.420	2.173	1.107	-0.71381	-0.27890	0.05945	0.63959	26.4	null	null	13113	60
2026-05-27T16:47:26.654	WT901BLE68(F3:F0:16:BF:DC:AE)	-0.218	0.436	0.854	11.780	-61.340	-28.137	29.43	13.14	-96.01	-66.420	2.173	1.107	-0.63177	-0.26450	0.09827	0.72189	26.4	null	null	13113	60
2026-05-27T16:47:26.806	WT901BLE68(F3:F0:16:BF:DC:AE)	-0.238	0.445	0.767	3.967	3.174	-33.020	29.10	12.94	-99.04	-66.420	2.173	1.107	-0.63177	-0.26450	0.09827	0.72189	26.4	null	null	13113	60
2026-05-27T16:47:26.860	WT901BLE68(F3:F0:16:BF:DC:AE)	-0.224	0.416	0.891	0.305	-12.268	-23.315	28.68	13.55	-101.63	-66.420	2.173	1.107	-0.63177	-0.26450	0.09827	0.72189	26.4	null	null	13113	60
2026-05-27T16:47:26.989	WT901BLE68(F3:F0:16:BF:DC:AE)	-0.234	0.456	0.896	14.771	-21.362	-36.194	28.58	13.51	-104.51	-66.420	2.173	1.107	-0.63177	-0.26450	0.09827	0.72189	26.4	null	null	13113	60
2026-05-27T16:47:27.071	WT901BLE68(F3:F0:16:BF:DC:AE)	-0.311	0.472	0.814	24.292	-50.720	-44.617	29.45	12.62	-109.15	-66.420	2.173	1.107	-0.63177	-0.26450	0.09827	0.72189	26.4	null	null	13113	60
2026-05-27T16:47:27.192	WT901BLE68(F3:F0:16:BF:DC:AE)	-0.221	0.505	0.894	10.010	-44.373	-36.865	29.61	10.94	-114.49	-66.420	2.173	1.107	-0.63177	-0.26450	0.09827	0.72189	26.4	null	null	13113	60
2026-05-27T16:47:27.290	WT901BLE68(F3:F0:16:BF:DC:AE)	-0.053	0.495	0.769	4.333	-44.312	-12.024	29.53	9.33	-117.33	-66.420	2.173	1.107	-0.63177	-0.26450	0.09827	0.72189	26.4	null	null	13113	60
2026-05-27T16:47:27.401	WT901BLE68(F3:F0:16:BF:DC:AE)	-0.234	0.551	0.812	0.488	-16.357	-23.804	29.63	8.68	-118.47	-56.807	-4.227	14.760	-0.63177	-0.26450	0.09827	0.72189	26.4	null	null	13113	60
2026-05-27T16:47:27.463	WT901BLE68(F3:F0:16:BF:DC:AE)	-0.184	0.462	0.913	-8.240	-15.686	-8.484	28.85	8.26	-119.98	-56.807	-4.227	14.760	-0.63177	-0.26450	0.09827	0.72189	26.4	null	null	13113	60
2026-05-27T16:47:27.584	WT901BLE68(F3:F0:16:BF:DC:AE)	-0.124	0.483	0.800	-5.981	-13.245	4.517	28.14	6.84	-119.82	-56.807	-4.227	14.760	-0.46863	-0.17920	0.18018	0.84598	26.4	null	null	13113	60
2026-05-27T16:47:27.672	WT901BLE68(F3:F0:16:BF:DC:AE)	-0.036	0.565	0.942	10.376	-15.015	-14.771	28.64	6.45	-119.68	-56.807	-4.227	14.760	-0.46863	-0.17920	0.18018	0.84598	26.4	null	null	13113	60
2026-05-27T16:47:27.794	WT901BLE68(F3:F0:16:BF:DC:AE)	-0.228	0.476	0.706	-8.789	4.944	-39.185	28.21	8.66	-121.48	-56.807	-4.227	14.760	-0.46863	-0.17920	0.18018	0.84598	26.4	null	null	13113	60
2026-05-27T16:47:27.884	WT901BLE68(F3:F0:16:BF:DC:AE)	-0.276	0.466	0.826	5.554	-4.883	-15.442	28.09	10.20	-122.00	-56.807	-4.227	14.760	-0.46863	-0.17920	0.18018	0.84598	26.4	null	null	13113	60
2026-05-27T16:47:28.003	WT901BLE68(F3:F0:16:BF:DC:AE)	0.057	0.383	0.885	12.451	-26.611	-24.353	28.77	7.99	-125.24	-56.807	-4.227	14.760	-0.46863	-0.17920	0.18018	0.84598	26.4	null	null	13113	60
2026-05-27T16:47:28.061	WT901BLE68(F3:F0:16:BF:DC:AE)	-0.173	0.450	0.915	4.395	-10.315	-37.476	29.25	7.26	-128.06	-56.807	-4.227	14.760	-0.46863	-0.17920	0.18018	0.84598	26.4	null	null	13113	60
2026-05-27T16:47:28.220	WT901BLE68(F3:F0:16:BF:DC:AE)	-0.158	0.470	0.933	-3.418	-0.427	-40.771	28.56	8.33	-130.78	-56.807	-4.227	14.760	-0.46863	-0.17920	0.18018	0.84598	26.4	null	null	13113	60
2026-05-27T16:47:28.268	WT901BLE68(F3:F0:16:BF:DC:AE)	-0.203	0.439	0.903	5.005	-2.625	-47.546	27.81	10.07	-133.43	-51.220	-10.580	20.267	-0.46863	-0.17920	0.18018	0.84598	26.4	null	null	13113	60
2026-05-27T16:47:28.394	WT901BLE68(F3:F0:16:BF:DC:AE)	-0.164	0.454	0.832	15.137	-11.658	-50.476	28.03	11.88	-137.03	-51.220	-10.580	20.267	-0.46863	-0.17920	0.18018	0.84598	26.4	null	null	13113	60
2026-05-27T16:47:28.482	WT901BLE68(F3:F0:16:BF:DC:AE)	-0.236	0.447	0.797	10.803	-34.302	-45.471	28.11	11.73	-141.22	-51.220	-10.580	20.267	-0.31644	-0.18152	0.18997	0.91144	26.4	null	null	13113	60
2026-05-27T16:47:28.603	WT901BLE68(F3:F0:16:BF:DC:AE)	-0.218	0.531	0.921	9.583	-27.344	-27.161	28.33	10.87	-144.42	-51.220	-10.580	20.267	-0.31644	-0.18152	0.18997	0.91144	26.4	null	null	13113	60
2026-05-27T16:47:28.695	WT901BLE68(F3:F0:16:BF:DC:AE)	-0.174	0.491	0.787	10.864	-17.029	-27.588	28.93	10.57	-145.93	-51.220	-10.580	20.267	-0.31644	-0.18152	0.18997	0.91144	26.4	null	null	13113	60
2026-05-27T16:47:28.811	WT901BLE68(F3:F0:16:BF:DC:AE)	-0.189	0.464	0.822	0.854	-12.512	-12.878	28.84	9.95	-147.05	-51.220	-10.580	20.267	-0.31644	-0.18152	0.18997	0.91144	26.4	null	null	13113	60
2026-05-27T16:47:28.871	WT901BLE68(F3:F0:16:BF:DC:AE)	-0.110	0.445	1.069	-6.958	-4.822	-6.348	28.35	9.33	-146.72	-51.220	-10.580	20.267	-0.31644	-0.18152	0.18997	0.91144	26.4	null	null	13113	60
2026-05-27T16:47:28.994	WT901BLE68(F3:F0:16:BF:DC:AE)	-0.219	0.435	0.863	-14.893	58.167	0.549	27.22	12.54	-143.43	-51.220	-10.580	20.267	-0.31644	-0.18152	0.18997	0.91144	26.4	null	null	13113	60
2026-05-27T16:47:29.083	WT901BLE68(F3:F0:16:BF:DC:AE)	-0.386	0.468	0.758	4.822	18.066	-3.601	27.41	18.46	-139.26	-51.220	-10.580	20.267	-0.31644	-0.18152	0.18997	0.91144	26.4	null	null	13113	60
2026-05-27T16:47:29.200	WT901BLE68(F3:F0:16:BF:DC:AE)	-0.357	0.477	0.937	10.559	-20.935	2.136	28.42	17.27	-138.81	-49.053	-13.953	21.220	-0.31644	-0.18152	0.18997	0.91144	26.4	null	null	13113	60
2026-05-27T16:47:29.293	WT901BLE68(F3:F0:16:BF:DC:AE)	-0.278	0.507	0.747	-0.854	31.494	5.310	28.95	17.16	-137.23	-49.053	-13.953	21.220	-0.31644	-0.18152	0.18997	0.91144	26.4	null	null	13113	60
2026-05-27T16:47:29.413	WT901BLE68(F3:F0:16:BF:DC:AE)	-0.327	0.486	0.853	10.132	-1.770	-1.099	29.75	17.84	-135.04	-49.053	-13.953	21.220	-0.32443	-0.23386	0.17532	0.89957	26.4	null	null	13113	60
2026-05-27T16:47:29.471	WT901BLE68(F3:F0:16:BF:DC:AE)	-0.248	0.517	0.780	12.268	-11.963	-12.817	30.61	16.77	-135.25	-49.053	-13.953	21.220	-0.32443	-0.23386	0.17532	0.89957	26.4	null	null	13113	60
2026-05-27T16:47:29.624	WT901BLE68(F3:F0:16:BF:DC:AE)	-0.266	0.437	0.801	4.272	6.165	-23.560	30.89	16.80	-136.16	-49.053	-13.953	21.220	-0.32443	-0.23386	0.17532	0.89957	26.4	null	null	13113	60
2026-05-27T16:47:29.686	WT901BLE68(F3:F0:16:BF:DC:AE)	-0.285	0.444	0.865	6.958	-5.554	-30.273	30.77	17.88	-137.29	-49.053	-13.953	21.220	-0.32443	-0.23386	0.17532	0.89957	26.4	null	null	13113	60
2026-05-27T16:47:29.806	WT901BLE68(F3:F0:16:BF:DC:AE)	-0.347	0.442	0.834	15.320	-17.212	-42.847	30.62	18.30	-140.02	-49.053	-13.953	21.220	-0.32443	-0.23386	0.17532	0.89957	26.4	null	null	13113	60
2026-05-27T16:47:29.892	WT901BLE68(F3:F0:16:BF:DC:AE)	-0.361	0.430	0.785	22.888	-0.427	-39.673	31.05	19.42	-142.99	-49.053	-13.953	21.220	-0.32443	-0.23386	0.17532	0.89957	26.4	null	null	13113	60
2026-05-27T16:47:30.014	WT901BLE68(F3:F0:16:BF:DC:AE)	-0.369	0.507	0.756	19.287	-14.343	-33.447	31.61	19.86	-145.64	-49.053	-13.953	21.220	-0.32443	-0.23386	0.17532	0.89957	26.4	null	null	13113	60
2026-05-27T16:47:30.104	WT901BLE68(F3:F0:16:BF:DC:AE)	-0.399	0.555	0.745	25.513	-11.414	-48.279	32.30	20.76	-148.33	-44.800	-8.793	20.440	-0.32443	-0.23386	0.17532	0.89957	26.4	null	null	13113	60
2026-05-27T16:47:30.226	WT901BLE68(F3:F0:16:BF:DC:AE)	-0.453	0.544	0.741	19.287	-13.489	-15.625	33.38	22.09	-150.34	-44.800	-8.793	20.440	-0.32443	-0.23386	0.17532	0.89957	26.4	null	null	13113	60
2026-05-27T16:47:30.282	WT901BLE68(F3:F0:16:BF:DC:AE)	-0.297	0.521	0.745	17.395	-23.376	-18.188	34.16	21.25	-150.96	-44.800	-8.793	20.440	-0.18384	-0.24438	0.23367	0.92291	26.4	null	null	13113	60
2026-05-27T16:47:30.404	WT901BLE68(F3:F0:16:BF:DC:AE)	-0.419	0.543	0.738	9.583	0.000	-7.446	34.71	20.75	-151.63	-44.800	-8.793	20.440	-0.18384	-0.24438	0.23367	0.92291	26.4	null	null	13113	60
2026-05-27T16:47:30.495	WT901BLE68(F3:F0:16:BF:DC:AE)	-0.377	0.571	0.666	7.324	-5.188	-13.550	35.18	21.46	-149.78	-44.800	-8.793	20.440	-0.18384	-0.24438	0.23367	0.92291	26.4	null	null	13113	60
2026-05-27T16:47:30.613	WT901BLE68(F3:F0:16:BF:DC:AE)	-0.411	0.461	0.772	2.563	10.437	-10.071	35.22	22.04	-148.13	-44.800	-8.793	20.440	-0.18384	-0.24438	0.23367	0.92291	26.4	null	null	13113	60
2026-05-27T16:47:30.706	WT901BLE68(F3:F0:16:BF:DC:AE)	-0.411	0.571	0.826	16.724	-27.649	-3.723	36.12	21.15	-147.60	-44.800	-8.793	20.440	-0.18384	-0.24438	0.23367	0.92291	26.4	null	null	13113	60
2026-05-27T16:47:30.825	WT901BLE68(F3:F0:16:BF:DC:AE)	-0.388	0.645	0.699	-0.854	-14.465	2.563	36.63	19.48	-146.85	-44.800	-8.793	20.440	-0.18384	-0.24438	0.23367	0.92291	26.4	null	null	13113	60
2026-05-27T16:47:30.885	WT901BLE68(F3:F0:16:BF:DC:AE)	-0.219	0.548	0.772	-4.822	-24.475	1.343	36.15	18.11	-145.94	-44.800	-8.793	20.440	-0.18384	-0.24438	0.23367	0.92291	26.4	null	null	13113	60
2026-05-27T16:47:31.034	WT901BLE68(F3:F0:16:BF:DC:AE)	-0.273	0.584	0.782	2.747	-15.198	-8.179	35.79	16.75	-145.44	-39.040	-2.827	18.867	-0.18384	-0.24438	0.23367	0.92291	26.4	null	null	13113	60
2026-05-27T16:47:31.092	WT901BLE68(F3:F0:16:BF:DC:AE)	-0.263	0.562	0.831	5.920	-15.259	-16.479	35.87	15.81	-145.74	-39.040	-2.827	18.867	-0.18384	-0.24438	0.23367	0.92291	26.4	null	null	13113	60
2026-05-27T16:47:31.211	WT901BLE68(F3:F0:16:BF:DC:AE)	-0.322	0.549	0.780	5.737	-11.353	-21.423	35.95	15.81	-146.13	-39.040	-2.827	18.867	-0.23529	-0.21320	0.25400	0.91354	26.4	null	null	13113	60
2026-05-27T16:47:31.304	WT901BLE68(F3:F0:16:BF:DC:AE)	-0.271	0.473	0.811	2.625	-6.714	-27.588	35.56	16.55	-146.61	-39.040	-2.827	18.867	-0.23529	-0.21320	0.25400	0.91354	26.4	null	null	13113	60
2026-05-27T16:47:31.423	WT901BLE68(F3:F0:16:BF:DC:AE)	-0.342	0.547	0.830	10.742	-21.423	-44.006	35.00	17.55	-148.13	-39.040	-2.827	18.867	-0.23529	-0.21320	0.25400	0.91354	26.4	null	null	13113	60
2026-05-27T16:47:31.512	WT901BLE68(F3:F0:16:BF:DC:AE)	-0.367	0.561	0.807	17.212	-26.245	-49.194	34.52	18.07	-151.78	-39.040	-2.827	18.867	-0.23529	-0.21320	0.25400	0.91354	26.4	null	null	13113	60
2026-05-27T16:47:31.632	WT901BLE68(F3:F0:16:BF:DC:AE)	-0.240	0.530	0.650	15.320	-34.302	-36.926	34.58	18.40	-154.50	-39.040	-2.827	18.867	-0.23529	-0.21320	0.25400	0.91354	26.4	null	null	13113	60
2026-05-27T16:47:31.697	WT901BLE68(F3:F0:16:BF:DC:AE)	-0.352	0.603	0.807	16.968	-19.104	-44.312	34.60	18.48	-156.90	-39.040	-2.827	18.867	-0.23529	-0.21320	0.25400	0.91354	26.4	null	null	13113	60
2026-05-27T16:47:31.823	WT901BLE68(F3:F0:16:BF:DC:AE)	-0.427	0.625	0.778	11.047	-33.325	-26.367	34.83	17.40	-159.63	-39.040	-2.827	18.867	-0.23529	-0.21320	0.25400	0.91354	26.4	null	null	13113	60
2026-05-27T16:47:31.899	WT901BLE68(F3:F0:16:BF:DC:AE)	-0.264	0.586	0.739	6.165	-30.945	-17.212	34.79	15.83	-160.31	-30.740	-0.587	17.247	-0.23529	-0.21320	0.25400	0.91354	26.4	null	null	13113	60
2026-05-27T16:47:32.022	WT901BLE68(F3:F0:16:BF:DC:AE)	-0.285	0.561	0.766	-1.038	-21.301	-8.911	34.35	14.22	-160.78	-30.740	-0.587	17.247	-0.23529	-0.21320	0.25400	0.91354	26.4	null	null	13113	60
