time	DeviceName	AccX(g)	AccY(g)	AccZ(g)	AsX(°/s)	AsY(°/s)	AsZ(°/s)	AngleX(°)	AngleY(°)	AngleZ(°)	HX(uT)	HY(uT)	HZ(uT)	Q0()	Q1()	Q2()	Q3()	Temperature(°C)	Height(m)	Pressure(kPa)	Version()	Battery level(%)
2026-05-27T16:53:26.169	WT901BLE68(F3:F0:16:BF:DC:AE)	0.191	0.612	0.743	2.075	16.663	11.169	41.14	-11.89	-67.79	-56.660	21.287	7.100	-0.76962	-0.23880	0.28268	0.52020	26.0	null	null	13113	60
2026-05-27T16:53:26.291	WT901BLE68(F3:F0:16:BF:DC:AE)	0.104	0.609	0.996	-10.681	-2.747	-8.057	40.81	-11.15	-67.49	-56.660	21.287	7.100	-0.76962	-0.23880	0.28268	0.52020	26.0	null	null	13113	60
2026-05-27T16:53:26.380	WT901BLE68(F3:F0:16:BF:DC:AE)	0.168	0.688	0.725	3.723	-1.160	-11.353	40.51	-9.84	-67.13	-56.660	21.287	7.100	-0.76962	-0.23880	0.28268	0.52020	26.0	null	null	13113	60
2026-05-27T16:53:26.501	WT901BLE68(F3:F0:16:BF:DC:AE)	0.221	0.626	0.756	-11.292	9.460	2.991	39.83	-9.64	-67.93	-55.340	23.427	3.047	-0.76962	-0.23880	0.28268	0.52020	26.0	null	null	13113	60
2026-05-27T16:53:26.560	WT901BLE68(F3:F0:16:BF:DC:AE)	0.185	0.554	0.770	-20.020	-22.949	-8.362	38.57	-10.81	-69.59	-55.340	23.427	3.047	-0.76962	-0.23880	0.28268	0.52020	26.0	null	null	13113	60
2026-05-27T16:53:26.680	WT901BLE68(F3:F0:16:BF:DC:AE)	0.156	0.572	0.828	-15.137	-1.465	-2.014	36.81	-11.10	-70.61	-55.340	23.427	3.047	-0.76962	-0.23880	0.28268	0.52020	26.0	null	null	13113	60
2026-05-27T16:53:26.767	WT901BLE68(F3:F0:16:BF:DC:AE)	0.279	0.617	0.880	-12.878	-2.197	-18.494	35.83	-10.25	-71.60	-55.340	23.427	3.047	-0.78802	-0.20157	0.25336	0.52353	26.0	null	null	13113	60
2026-05-27T16:53:26.891	WT901BLE68(F3:F0:16:BF:DC:AE)	0.145	0.539	0.831	-15.137	-10.437	-17.700	34.65	-10.03	-74.32	-55.340	23.427	3.047	-0.78802	-0.20157	0.25336	0.52353	26.0	null	null	13113	60
2026-05-27T16:53:26.979	WT901BLE68(F3:F0:16:BF:DC:AE)	0.208	0.528	0.830	-12.756	-10.559	-14.343	33.79	-9.73	-76.16	-55.340	23.427	3.047	-0.78802	-0.20157	0.25336	0.52353	26.0	null	null	13113	60
2026-05-27T16:53:27.100	WT901BLE68(F3:F0:16:BF:DC:AE)	0.154	0.495	0.778	-7.263	-13.062	-9.949	33.34	-9.64	-77.84	-55.340	23.427	3.047	-0.78802	-0.20157	0.25336	0.52353	26.0	null	null	13113	60
2026-05-27T16:53:27.159	WT901BLE68(F3:F0:16:BF:DC:AE)	0.222	0.540	0.826	-4.883	-25.513	-15.015	33.02	-9.91	-79.92	-55.340	23.427	3.047	-0.78802	-0.20157	0.25336	0.52353	26.0	null	null	13113	60
2026-05-27T16:53:27.280	WT901BLE68(F3:F0:16:BF:DC:AE)	0.143	0.585	0.757	13.000	-8.118	-12.329	34.12	-10.33	-81.89	-55.340	23.427	3.047	-0.78802	-0.20157	0.25336	0.52353	26.0	null	null	13113	60
2026-05-27T16:53:27.367	WT901BLE68(F3:F0:16:BF:DC:AE)	0.113	0.547	0.810	-2.197	-10.559	-10.803	34.70	-10.56	-83.47	-54.980	14.853	8.647	-0.78802	-0.20157	0.25336	0.52353	26.0	null	null	13113	60
2026-05-27T16:53:27.490	WT901BLE68(F3:F0:16:BF:DC:AE)	0.252	0.598	0.788	7.263	-5.127	1.892	35.43	-10.70	-84.35	-54.980	14.853	8.647	-0.78802	-0.20157	0.25336	0.52353	26.0	null	null	13113	60
2026-05-27T16:53:27.580	WT901BLE68(F3:F0:16:BF:DC:AE)	0.159	0.552	0.884	-19.104	-13.794	-0.183	35.01	-11.41	-84.86	-54.980	14.853	8.647	-0.72076	-0.16083	0.27213	0.61682	26.0	null	null	13113	60
2026-05-27T16:53:27.702	WT901BLE68(F3:F0:16:BF:DC:AE)	0.210	0.479	0.935	-13.245	-9.949	11.780	33.49	-12.67	-84.97	-54.980	14.853	8.647	-0.72076	-0.16083	0.27213	0.61682	26.0	null	null	13113	60
2026-05-27T16:53:27.789	WT901BLE68(F3:F0:16:BF:DC:AE)	0.247	0.497	0.827	-11.353	-16.602	15.198	32.13	-14.12	-84.51	-54.980	14.853	8.647	-0.72076	-0.16083	0.27213	0.61682	26.0	null	null	13113	60
2026-05-27T16:53:27.912	WT901BLE68(F3:F0:16:BF:DC:AE)	0.217	0.522	0.850	5.127	-15.320	0.488	31.38	-15.97	-84.18	-54.980	14.853	8.647	-0.72076	-0.16083	0.27213	0.61682	26.0	null	null	13113	60
2026-05-27T16:53:27.971	WT901BLE68(F3:F0:16:BF:DC:AE)	0.300	0.528	0.797	22.522	0.000	3.723	33.06	-16.55	-84.41	-54.980	14.853	8.647	-0.72076	-0.16083	0.27213	0.61682	26.0	null	null	13113	60
2026-05-27T16:53:28.093	WT901BLE68(F3:F0:16:BF:DC:AE)	0.292	0.575	0.777	12.573	3.357	-2.441	34.65	-16.42	-84.05	-54.980	14.853	8.647	-0.72076	-0.16083	0.27213	0.61682	26.0	null	null	13113	60
2026-05-27T16:53:28.181	WT901BLE68(F3:F0:16:BF:DC:AE)	0.295	0.528	0.773	9.949	7.141	-6.531	36.02	-15.89	-84.16	-54.980	14.853	8.647	-0.72076	-0.16083	0.27213	0.61682	26.0	null	null	13113	60
2026-05-27T16:53:28.303	WT901BLE68(F3:F0:16:BF:DC:AE)	0.183	0.589	0.693	-1.953	10.193	-7.874	36.32	-14.84	-83.79	-54.980	14.853	8.647	-0.72076	-0.16083	0.27213	0.61682	26.0	null	null	13113	60
2026-05-27T16:53:28.390	WT901BLE68(F3:F0:16:BF:DC:AE)	0.228	0.568	0.811	-4.822	6.836	-19.653	35.85	-13.89	-84.01	-49.233	17.893	5.007	-0.72076	-0.16083	0.27213	0.61682	26.0	null	null	13113	60
2026-05-27T16:53:28.510	WT901BLE68(F3:F0:16:BF:DC:AE)	0.305	0.474	0.785	-7.019	-18.494	-29.541	35.85	-12.83	-86.37	-49.233	17.893	5.007	-0.71991	-0.15128	0.28677	0.61359	26.0	null	null	13113	60
2026-05-27T16:53:28.571	WT901BLE68(F3:F0:16:BF:DC:AE)	0.223	0.548	0.703	13.611	-10.803	-23.865	36.32	-12.39	-88.38	-49.233	17.893	5.007	-0.71991	-0.15128	0.28677	0.61359	26.0	null	null	13113	60
2026-05-27T16:53:28.692	WT901BLE68(F3:F0:16:BF:DC:AE)	0.188	0.682	0.709	11.169	12.695	-11.658	38.28	-10.74	-88.75	-49.233	17.893	5.007	-0.71991	-0.15128	0.28677	0.61359	26.0	null	null	13113	60
2026-05-27T16:53:28.783	WT901BLE68(F3:F0:16:BF:DC:AE)	0.186	0.634	0.734	5.981	2.014	-11.292	38.64	-9.77	-89.36	-49.233	17.893	5.007	-0.71991	-0.15128	0.28677	0.61359	26.0	null	null	13113	60
2026-05-27T16:53:28.897	WT901BLE68(F3:F0:16:BF:DC:AE)	0.110	0.663	0.641	3.479	4.944	7.324	39.34	-9.53	-88.48	-49.233	17.893	5.007	-0.71991	-0.15128	0.28677	0.61359	26.0	null	null	13113	60
2026-05-27T16:53:28.989	WT901BLE68(F3:F0:16:BF:DC:AE)	0.161	0.588	0.877	-23.438	-15.686	13.672	37.98	-10.71	-87.49	-49.233	17.893	5.007	-0.71991	-0.15128	0.28677	0.61359	26.0	null	null	13113	60
2026-05-27T16:53:29.111	WT901BLE68(F3:F0:16:BF:DC:AE)	0.102	0.515	0.846	-20.020	-13.489	20.996	35.95	-12.72	-86.27	-49.233	17.893	5.007	-0.71991	-0.15128	0.28677	0.61359	26.0	null	null	13113	60
2026-05-27T16:53:29.202	WT901BLE68(F3:F0:16:BF:DC:AE)	0.320	0.555	0.861	16.357	-11.230	13.855	35.46	-14.36	-84.89	-48.440	18.173	4.340	-0.71991	-0.15128	0.28677	0.61359	26.0	null	null	13113	60
2026-05-27T16:53:29.319	WT901BLE68(F3:F0:16:BF:DC:AE)	0.175	0.677	0.619	29.541	25.574	11.658	37.80	-14.62	-83.02	-48.440	18.173	4.340	-0.71991	-0.15128	0.28677	0.61359	26.0	null	null	13113	60
2026-05-27T16:53:29.379	WT901BLE68(F3:F0:16:BF:DC:AE)	0.299	0.610	0.722	1.526	-2.502	-3.723	39.07	-14.50	-81.68	-48.440	18.173	4.340	-0.73474	-0.17255	0.30673	0.57980	26.0	null	null	13113	60
2026-05-27T16:53:29.502	WT901BLE68(F3:F0:16:BF:DC:AE)	0.303	0.650	0.728	1.099	-2.930	3.723	39.39	-14.36	-81.36	-48.440	18.173	4.340	-0.73474	-0.17255	0.30673	0.57980	26.0	null	null	13113	60
2026-05-27T16:53:29.592	WT901BLE68(F3:F0:16:BF:DC:AE)	0.301	0.597	0.773	-11.230	0.977	8.911	38.83	-14.48	-80.07	-48.440	18.173	4.340	-0.73474	-0.17255	0.30673	0.57980	26.0	null	null	13113	60
2026-05-27T16:53:29.713	WT901BLE68(F3:F0:16:BF:DC:AE)	0.292	0.562	0.751	-3.845	4.456	-0.793	37.82	-14.34	-79.09	-48.440	18.173	4.340	-0.73474	-0.17255	0.30673	0.57980	26.0	null	null	13113	60
2026-05-27T16:53:29.800	WT901BLE68(F3:F0:16:BF:DC:AE)	0.272	0.583	0.815	-13.123	-8.118	0.122	36.79	-14.06	-78.71	-48.440	18.173	4.340	-0.73474	-0.17255	0.30673	0.57980	26.0	null	null	13113	60
2026-05-27T16:53:29.923	WT901BLE68(F3:F0:16:BF:DC:AE)	0.243	0.529	0.834	22.888	8.118	-15.869	37.53	-13.67	-79.41	-48.440	18.173	4.340	-0.73474	-0.17255	0.30673	0.57980	26.0	null	null	13113	60
2026-05-27T16:53:29.982	WT901BLE68(F3:F0:16:BF:DC:AE)	0.269	0.661	0.727	8.179	4.028	-4.944	39.30	-12.28	-78.52	-48.440	18.173	4.340	-0.73474	-0.17255	0.30673	0.57980	26.0	null	null	13113	60
2026-05-27T16:53:30.099	WT901BLE68(F3:F0:16:BF:DC:AE)	0.312	0.641	0.787	5.371	2.197	-12.329	39.50	-11.27	-78.97	-48.440	18.173	4.340	-0.73474	-0.17255	0.30673	0.57980	26.0	null	null	13113	60
2026-05-27T16:53:30.195	WT901BLE68(F3:F0:16:BF:DC:AE)	0.176	0.636	0.693	8.667	11.108	-2.563	40.71	-10.01	-78.47	-47.673	23.547	-0.280	-0.73474	-0.17255	0.30673	0.57980	26.0	null	null	13113	60
2026-05-27T16:53:30.311	WT901BLE68(F3:F0:16:BF:DC:AE)	0.118	0.659	0.703	-6.165	3.357	3.662	40.34	-9.66	-77.52	-47.673	23.547	-0.280	-0.73474	-0.17255	0.30673	0.57980	26.0	null	null	13113	60
2026-05-27T16:53:30.400	WT901BLE68(F3:F0:16:BF:DC:AE)	0.249	0.587	0.767	-12.573	-4.639	8.118	39.27	-10.10	-76.58	-47.673	23.547	-0.280	-0.75015	-0.21573	0.27548	0.56100	26.0	null	null	13113	60
2026-05-27T16:53:30.523	WT901BLE68(F3:F0:16:BF:DC:AE)	0.133	0.639	0.790	-9.277	-1.953	9.644	37.93	-10.99	-75.43	-47.673	23.547	-0.280	-0.75015	-0.21573	0.27548	0.56100	26.0	null	null	13113	60
2026-05-27T16:53:30.610	WT901BLE68(F3:F0:16:BF:DC:AE)	0.184	0.581	0.896	20.508	8.545	-2.991	38.74	-11.11	-74.78	-47.673	23.547	-0.280	-0.75015	-0.21573	0.27548	0.56100	26.0	null	null	13113	60
2026-05-27T16:53:30.731	WT901BLE68(F3:F0:16:BF:DC:AE)	0.150	0.659	0.781	7.324	0.671	-4.578	40.69	-10.09	-73.39	-47.673	23.547	-0.280	-0.75015	-0.21573	0.27548	0.56100	26.0	null	null	13113	60
2026-05-27T16:53:30.789	WT901BLE68(F3:F0:16:BF:DC:AE)	0.117	0.737	0.701	11.536	4.333	-10.986	41.82	-9.37	-73.56	-47.673	23.547	-0.280	-0.75015	-0.21573	0.27548	0.56100	26.0	null	null	13113	60
2026-05-27T16:53:30.911	WT901BLE68(F3:F0:16:BF:DC:AE)	0.067	0.665	0.641	4.211	4.089	-0.732	42.77	-8.78	-73.31	-47.673	23.547	-0.280	-0.75015	-0.21573	0.27548	0.56100	26.0	null	null	13113	60
2026-05-27T16:53:30.999	WT901BLE68(F3:F0:16:BF:DC:AE)	0.114	0.659	0.766	-5.981	-1.831	-10.803	42.26	-8.70	-72.88	-46.713	25.960	-4.033	-0.75015	-0.21573	0.27548	0.56100	26.0	null	null	13113	60
2026-05-27T16:53:31.121	WT901BLE68(F3:F0:16:BF:DC:AE)	0.124	0.655	0.752	0.122	7.751	-16.113	42.18	-7.58	-73.49	-46.713	25.960	-4.033	-0.75015	-0.21573	0.27548	0.56100	26.0	null	null	13113	60
2026-05-27T16:53:31.214	WT901BLE68(F3:F0:16:BF:DC:AE)	0.087	0.692	0.738	8.362	-8.972	-16.235	42.65	-6.53	-74.05	-46.713	25.960	-4.033	-0.75717	-0.25662	0.26007	0.54138	26.0	null	null	13113	60
2026-05-27T16:53:31.331	WT901BLE68(F3:F0:16:BF:DC:AE)	0.146	0.721	0.639	8.667	5.920	-0.427	43.99	-5.74	-73.43	-46.713	25.960	-4.033	-0.75717	-0.25662	0.26007	0.54138	26.0	null	null	13113	60
2026-05-27T16:53:31.389	WT901BLE68(F3:F0:16:BF:DC:AE)	0.014	0.732	0.784	-10.620	-9.094	-4.456	43.59	-5.62	-73.21	-46.713	25.960	-4.033	-0.75717	-0.25662	0.26007	0.54138	26.0	null	null	13113	60
2026-05-27T16:53:31.513	WT901BLE68(F3:F0:16:BF:DC:AE)	-0.049	0.711	0.771	-8.179	5.005	8.057	43.27	-5.43	-72.50	-46.713	25.960	-4.033	-0.75717	-0.25662	0.26007	0.54138	26.0	null	null	13113	60
2026-05-27T16:53:31.601	WT901BLE68(F3:F0:16:BF:DC:AE)	0.198	0.606	0.779	-20.752	-5.859	12.085	41.69	-6.34	-71.47	-46.713	25.960	-4.033	-0.75717	-0.25662	0.26007	0.54138	26.0	null	null	13113	60
2026-05-27T16:53:31.723	WT901BLE68(F3:F0:16:BF:DC:AE)	0.104	0.674	0.644	-0.916	6.958	13.550	40.31	-7.22	-70.52	-46.713	25.960	-4.033	-0.75717	-0.25662	0.26007	0.54138	26.0	null	null	13113	60
2026-05-27T16:53:31.809	WT901BLE68(F3:F0:16:BF:DC:AE)	0.104	0.656	0.785	9.521	0.610	2.686	39.85	-8.37	-70.17	-46.713	25.960	-4.033	-0.75717	-0.25662	0.26007	0.54138	26.0	null	null	13113	60
2026-05-27T16:53:31.931	WT901BLE68(F3:F0:16:BF:DC:AE)	0.231	0.651	0.707	12.817	8.423	10.193	41.04	-8.55	-69.25	-45.413	26.340	-2.433	-0.75717	-0.25662	0.26007	0.54138	26.0	null	null	13113	60
2026-05-27T16:53:32.020	WT901BLE68(F3:F0:16:BF:DC:AE)	0.222	0.688	0.737	2.136	-0.610	-7.019	41.45	-8.48	-68.88	-45.413	26.340	-2.433	-0.75717	-0.25662	0.26007	0.54138	26.0	null	null	13113	60
2026-05-27T16:53:32.141	WT901BLE68(F3:F0:16:BF:DC:AE)	0.104	0.669	0.670	23.499	28.015	-7.751	42.98	-6.27	-67.87	-45.413	26.340	-2.433	-0.78268	-0.26437	0.25101	0.50436	26.0	null	null	13113	60
2026-05-27T16:53:32.199	WT901BLE68(F3:F0:16:BF:DC:AE)	0.023	0.729	0.754	0.916	0.732	-18.921	44.18	-4.19	-67.34	-45.413	26.340	-2.433	-0.78268	-0.26437	0.25101	0.50436	26.0	null	null	13113	60
2026-05-27T16:53:32.322	WT901BLE68(F3:F0:16:BF:DC:AE)	0.137	0.695	0.730	-7.874	-3.479	-16.541	43.78	-3.52	-68.65	-45.413	26.340	-2.433	-0.78268	-0.26437	0.25101	0.50436	26.0	null	null	13113	60
2026-05-27T16:53:32.413	WT901BLE68(F3:F0:16:BF:DC:AE)	0.006	0.676	0.724	-5.859	-9.521	-24.170	42.86	-3.18	-71.03	-45.413	26.340	-2.433	-0.78268	-0.26437	0.25101	0.50436	26.0	null	null	13113	60
2026-05-27T16:53:32.529	WT901BLE68(F3:F0:16:BF:DC:AE)	0.051	0.665	0.808	8.057	-40.649	-38.635	43.12	-2.93	-75.31	-45.413	26.340	-2.433	-0.78268	-0.26437	0.25101	0.50436	26.0	null	null	13113	60
2026-05-27T16:53:32.621	WT901BLE68(F3:F0:16:BF:DC:AE)	0.075	0.753	0.601	20.142	4.211	-23.926	45.53	-0.87	-76.41	-45.413	26.340	-2.433	-0.78268	-0.26437	0.25101	0.50436	26.0	null	null	13113	60
2026-05-27T16:53:32.739	WT901BLE68(F3:F0:16:BF:DC:AE)	0.019	0.688	0.709	-6.897	-38.574	-19.165	45.40	-0.82	-79.64	-45.413	26.340	-2.433	-0.78268	-0.26437	0.25101	0.50436	26.0	null	null	13113	60
2026-05-27T16:53:32.804	WT901BLE68(F3:F0:16:BF:DC:AE)	-0.091	0.683	0.691	-3.723	-9.399	-7.874	45.26	-1.01	-81.44	-53.540	22.520	-2.920	-0.78268	-0.26437	0.25101	0.50436	26.0	null	null	13113	60
2026-05-27T16:53:32.917	WT901BLE68(F3:F0:16:BF:DC:AE)	0.009	0.637	0.662	-16.113	-23.315	9.827	44.26	-1.79	-81.51	-53.540	22.520	-2.920	-0.78268	-0.26437	0.25101	0.50436	26.0	null	null	13113	60
2026-05-27T16:53:33.010	WT901BLE68(F3:F0:16:BF:DC:AE)	0.077	0.677	0.763	-14.587	-11.780	18.250	42.51	-3.71	-81.10	-53.540	22.520	-2.920	-0.71030	-0.26266	0.25845	0.59964	26.0	null	null	13113	60
2026-05-27T16:53:33.133	WT901BLE68(F3:F0:16:BF:DC:AE)	0.151	0.703	0.742	-18.738	-24.719	27.466	40.76	-5.81	-79.55	-53.540	22.520	-2.920	-0.71030	-0.26266	0.25845	0.59964	26.0	null	null	13113	60
2026-05-27T16:53:33.224	WT901BLE68(F3:F0:16:BF:DC:AE)	0.156	0.545	0.716	17.151	-3.784	12.573	40.37	-8.46	-79.18	-53.540	22.520	-2.920	-0.71030	-0.26266	0.25845	0.59964	26.0	null	null	13113	60
2026-05-27T16:53:33.344	WT901BLE68(F3:F0:16:BF:DC:AE)	0.063	0.756	0.735	9.460	9.949	21.851	41.80	-8.97	-76.57	-53.540	22.520	-2.920	-0.71030	-0.26266	0.25845	0.59964	26.0	null	null	13113	60
2026-05-27T16:53:33.464	WT901BLE68(F3:F0:16:BF:DC:AE)	0.164	0.613	0.745	1.770	-15.869	-0.122	42.16	-10.29	-75.71	-53.540	22.520	-2.920	-0.71030	-0.26266	0.25845	0.59964	26.0	null	null	13113	60
2026-05-27T16:53:33.556	WT901BLE68(F3:F0:16:BF:DC:AE)	0.138	0.650	0.703	-2.686	-5.066	7.324	42.28	-10.87	-75.36	-53.540	22.520	-2.920	-0.71030	-0.26266	0.25845	0.59964	26.0	null	null	13113	60
2026-05-27T16:53:33.607	WT901BLE68(F3:F0:16:BF:DC:AE)	0.078	0.669	0.793	-13.672	-4.883	-3.235	41.47	-11.54	-74.88	-53.540	22.520	-2.920	-0.71030	-0.26266	0.25845	0.59964	26.0	null	null	13113	60
2026-05-27T16:53:33.730	WT901BLE68(F3:F0:16:BF:DC:AE)	0.017	0.705	0.717	-8.362	-9.338	-0.793	40.32	-12.63	-75.68	-53.540	22.520	-2.920	-0.71030	-0.26266	0.25845	0.59964	26.0	null	null	13113	60
2026-05-27T16:53:33.817	WT901BLE68(F3:F0:16:BF:DC:AE)	0.241	0.632	0.809	-2.441	-26.611	-16.418	39.89	-13.08	-76.36	-41.707	24.173	3.600	-0.71030	-0.26266	0.25845	0.59964	26.0	null	null	13113	60
2026-05-27T16:53:33.937	WT901BLE68(F3:F0:16:BF:DC:AE)	0.225	0.631	0.698	5.432	-4.089	-12.146	41.11	-13.10	-78.26	-41.707	24.173	3.600	-0.75128	-0.20044	0.30005	0.55252	26.0	null	null	13113	60
2026-05-27T16:53:34.070	WT901BLE68(F3:F0:16:BF:DC:AE)	0.292	0.636	0.714	-16.479	-18.738	-10.803	40.65	-13.10	-79.05	-41.707	24.173	3.600	-0.75128	-0.20044	0.30005	0.55252	26.0	null	null	13113	60
2026-05-27T16:53:34.152	WT901BLE68(F3:F0:16:BF:DC:AE)	0.168	0.661	0.712	2.686	-1.953	-16.357	40.07	-13.21	-80.74	-41.707	24.173	3.600	-0.75128	-0.20044	0.30005	0.55252	26.0	null	null	13113	60
2026-05-27T16:53:34.209	WT901BLE68(F3:F0:16:BF:DC:AE)	0.177	0.592	0.717	-3.845	-2.625	-10.925	40.40	-12.48	-81.44	-41.707	24.173	3.600	-0.75128	-0.20044	0.30005	0.55252	26.0	null	null	13113	60
2026-05-27T16:53:34.330	WT901BLE68(F3:F0:16:BF:DC:AE)	0.195	0.655	0.724	-4.639	0.854	-8.789	40.03	-11.80	-81.76	-41.707	24.173	3.600	-0.75128	-0.20044	0.30005	0.55252	26.0	null	null	13113	60
2026-05-27T16:53:34.419	WT901BLE68(F3:F0:16:BF:DC:AE)	0.186	0.583	0.838	-13.123	-12.390	-5.676	39.59	-11.79	-82.35	-41.707	24.173	3.600	-0.75128	-0.20044	0.30005	0.55252	26.0	null	null	13113	60
2026-05-27T16:53:34.541	WT901BLE68(F3:F0:16:BF:DC:AE)	0.276	0.722	0.769	-3.113	-17.761	-3.357	39.02	-12.46	-82.60	-41.707	24.173	3.600	-0.75128	-0.20044	0.30005	0.55252	26.0	null	null	13113	60
2026-05-27T16:53:34.629	WT901BLE68(F3:F0:16:BF:DC:AE)	0.252	0.665	0.748	10.193	-8.057	-15.137	40.01	-12.81	-84.33	-41.707	24.173	3.600	-0.75128	-0.20044	0.30005	0.55252	26.0	null	null	13113	60
2026-05-27T16:53:34.751	WT901BLE68(F3:F0:16:BF:DC:AE)	0.224	0.666	0.654	7.629	-6.348	-11.230	41.32	-12.33	-85.59	-41.707	24.173	3.600	-0.75128	-0.20044	0.30005	0.55252	26.0	null	null	13113	60
2026-05-27T16:53:34.839	WT901BLE68(F3:F0:16:BF:DC:AE)	0.139	0.652	0.727	10.071	1.587	-15.991	42.63	-11.71	-86.40	-42.940	20.773	8.247	-0.75128	-0.20044	0.30005	0.55252	26.0	null	null	13113	60
2026-05-27T16:53:34.960	WT901BLE68(F3:F0:16:BF:DC:AE)	0.242	0.655	0.688	-6.226	-8.667	-22.339	43.01	-10.83	-87.22	-42.940	20.773	8.247	-0.75128	-0.20044	0.30005	0.55252	26.0	null	null	13113	60
2026-05-27T16:53:35.017	WT901BLE68(F3:F0:16:BF:DC:AE)	0.222	0.631	0.805	-28.748	-35.217	-46.448	41.68	-10.04	-90.94	-42.940	20.773	8.247	-0.68558	-0.19724	0.31293	0.62695	26.0	null	null	13113	60
2026-05-27T16:53:35.139	WT901BLE68(F3:F0:16:BF:DC:AE)	0.248	0.639	0.769	-9.705	-20.203	-55.542	40.68	-8.68	-96.04	-42.940	20.773	8.247	-0.68558	-0.19724	0.31293	0.62695	26.0	null	null	13113	60
2026-05-27T16:53:35.231	WT901BLE68(F3:F0:16:BF:DC:AE)	0.160	0.678	0.769	20.020	-20.508	-69.092	41.75	-6.27	-102.06	-42.940	20.773	8.247	-0.68558	-0.19724	0.31293	0.62695	26.0	null	null	13113	60
2026-05-27T16:53:35.351	WT901BLE68(F3:F0:16:BF:DC:AE)	0.090	0.749	0.615	18.616	-12.939	-51.147	44.56	-3.24	-106.27	-42.940	20.773	8.247	-0.68558	-0.19724	0.31293	0.62695	26.0	null	null	13113	60
2026-05-27T16:53:35.441	WT901BLE68(F3:F0:16:BF:DC:AE)	0.015	0.711	0.679	10.071	-31.250	-44.983	45.85	-1.74	-110.37	-42.940	20.773	8.247	-0.68558	-0.19724	0.31293	0.62695	26.0	null	null	13113	60
2026-05-27T16:53:35.559	WT901BLE68(F3:F0:16:BF:DC:AE)	-0.023	0.723	0.583	10.681	-16.602	-27.710	47.19	-0.45	-112.93	-42.940	20.773	8.247	-0.68558	-0.19724	0.31293	0.62695	26.0	null	null	13113	60
2026-05-27T16:53:35.618	WT901BLE68(F3:F0:16:BF:DC:AE)	-0.027	0.735	0.697	-8.057	-22.278	-8.911	47.22	-0.65	-114.47	-50.440	11.040	14.140	-0.68558	-0.19724	0.31293	0.62695	26.0	null	null	13113	60
2026-05-27T16:53:35.743	WT901BLE68(F3:F0:16:BF:DC:AE)	0.017	0.737	0.716	-12.390	-6.226	-4.944	46.33	-1.14	-114.87	-50.440	11.040	14.140	-0.68558	-0.19724	0.31293	0.62695	26.0	null	null	13113	60
2026-05-27T16:53:35.831	WT901BLE68(F3:F0:16:BF:DC:AE)	-0.025	0.689	0.797	-19.592	-28.625	-12.085	44.67	-1.77	-115.24	-50.440	11.040	14.140	-0.68558	-0.19724	0.31293	0.62695	26.0	null	null	13113	60
2026-05-27T16:53:35.952	WT901BLE68(F3:F0:16:BF:DC:AE)	0.071	0.677	0.731	-8.057	-31.982	-17.639	43.31	-2.80	-117.19	-50.440	11.040	14.140	-0.49881	-0.18738	0.32788	0.78003	26.0	null	null	13113	60
2026-05-27T16:53:36.069	WT901BLE68(F3:F0:16:BF:DC:AE)	-0.006	0.698	0.775	17.822	-13.062	-36.133	44.10	-2.54	-119.81	-50.440	11.040	14.140	-0.49881	-0.18738	0.32788	0.78003	26.0	null	null	13113	60
2026-05-27T16:53:36.161	WT901BLE68(F3:F0:16:BF:DC:AE)	0.057	0.701	0.704	14.404	-18.982	-20.508	45.76	-1.81	-121.57	-50.440	11.040	14.140	-0.49881	-0.18738	0.32788	0.78003	26.0	null	null	13113	60
2026-05-27T16:53:36.247	WT901BLE68(F3:F0:16:BF:DC:AE)	-0.008	0.756	0.760	11.414	-23.865	-21.606	47.01	-1.83	-123.19	-50.440	11.040	14.140	-0.49881	-0.18738	0.32788	0.78003	26.0	null	null	13113	60
2026-05-27T16:53:36.372	WT901BLE68(F3:F0:16:BF:DC:AE)	0.056	0.754	0.566	3.174	-24.048	-15.869	47.47	-1.98	-124.84	-50.440	11.040	14.140	-0.49881	-0.18738	0.32788	0.78003	26.0	null	null	13113	60
2026-05-27T16:53:36.429	WT901BLE68(F3:F0:16:BF:DC:AE)	0.040	0.706	0.731	-19.531	-47.424	-21.912	46.71	-3.08	-127.42	-50.440	11.040	14.140	-0.49881	-0.18738	0.32788	0.78003	26.0	null	null	13113	60
2026-05-27T16:53:36.550	WT901BLE68(F3:F0:16:BF:DC:AE)	0.038	0.699	0.764	-14.709	-29.602	-24.109	45.16	-3.92	-130.41	-50.440	11.040	14.140	-0.49881	-0.18738	0.32788	0.78003	26.0	null	null	13113	60
2026-05-27T16:53:36.638	WT901BLE68(F3:F0:16:BF:DC:AE)	0.071	0.735	0.722	-5.859	-16.357	-29.297	44.29	-3.65	-132.52	-37.247	4.713	21.373	-0.49881	-0.18738	0.32788	0.78003	26.0	null	null	13113	60
2026-05-27T16:53:36.761	WT901BLE68(F3:F0:16:BF:DC:AE)	0.034	0.652	0.821	16.235	-25.513	-49.194	44.62	-2.92	-135.97	-37.247	4.713	21.373	-0.49881	-0.18738	0.32788	0.78003	26.0	null	null	13113	60
2026-05-27T16:53:36.850	WT901BLE68(F3:F0:16:BF:DC:AE)	0.030	0.692	0.575	31.860	4.333	-30.701	47.57	-0.13	-137.31	-37.247	4.713	21.373	-0.34253	-0.12912	0.36749	0.85489	26.0	null	null	13113	60
2026-05-27T16:53:36.974	WT901BLE68(F3:F0:16:BF:DC:AE)	-0.003	0.758	0.658	-2.502	-37.842	-30.457	48.36	0.68	-138.91	-37.247	4.713	21.373	-0.34253	-0.12912	0.36749	0.85489	26.0	null	null	13113	60
2026-05-27T16:53:37.030	WT901BLE68(F3:F0:16:BF:DC:AE)	-0.126	0.712	0.639	0.488	-30.334	-25.940	48.24	0.81	-141.54	-37.247	4.713	21.373	-0.34253	-0.12912	0.36749	0.85489	26.0	null	null	13113	60
2026-05-27T16:53:37.153	WT901BLE68(F3:F0:16:BF:DC:AE)	-0.052	0.752	0.681	-8.972	-28.748	-11.536	47.88	0.51	-142.73	-37.247	4.713	21.373	-0.34253	-0.12912	0.36749	0.85489	26.0	null	null	13113	60
2026-05-27T16:53:37.240	WT901BLE68(F3:F0:16:BF:DC:AE)	-0.082	0.770	0.770	-11.536	-17.639	-10.071	46.72	-0.60	-143.32	-37.247	4.713	21.373	-0.34253	-0.12912	0.36749	0.85489	26.0	null	null	13113	60
2026-05-27T16:53:37.361	WT901BLE68(F3:F0:16:BF:DC:AE)	0.060	0.741	0.747	-28.015	-30.090	-1.709	44.62	-2.11	-144.19	-37.247	4.713	21.373	-0.34253	-0.12912	0.36749	0.85489	26.0	null	null	13113	60
2026-05-27T16:53:37.450	WT901BLE68(F3:F0:16:BF:DC:AE)	0.053	0.658	0.875	-38.818	-40.894	-14.526	41.07	-4.91	-146.45	-37.247	4.713	21.373	-0.34253	-0.12912	0.36749	0.85489	26.0	null	null	13113	60
2026-05-27T16:53:37.569	WT901BLE68(F3:F0:16:BF:DC:AE)	0.086	0.707	0.806	4.578	-39.307	-28.809	39.89	-6.51	-148.98	-23.727	-0.207	22.733	-0.34253	-0.12912	0.36749	0.85489	26.0	null	null	13113	60
2026-05-27T16:53:37.660	WT901BLE68(F3:F0:16:BF:DC:AE)	0.041	0.693	0.657	25.574	-6.042	-18.311	42.62	-6.20	-151.40	-23.727	-0.207	22.733	-0.24960	-0.03833	0.36032	0.89792	26.0	null	null	13113	60
2026-05-27T16:53:37.783	WT901BLE68(F3:F0:16:BF:DC:AE)	0.185	0.723	0.747	2.441	-29.663	-12.939	43.68	-6.71	-151.78	-23.727	-0.207	22.733	-0.24960	-0.03833	0.36032	0.89792	26.0	null	null	13113	60
2026-05-27T16:53:37.841	WT901BLE68(F3:F0:16:BF:DC:AE)	0.051	0.765	0.736	13.916	3.662	-20.081	44.98	-5.93	-152.24	-23.727	-0.207	22.733	-0.24960	-0.03833	0.36032	0.89792	26.0	null	null	13113	60
2026-05-27T16:53:37.961	WT901BLE68(F3:F0:16:BF:DC:AE)	0.070	0.702	0.677	1.038	-14.832	-16.357	45.85	-5.19	-151.88	-23.727	-0.207	22.733	-0.24960	-0.03833	0.36032	0.89792	26.0	null	null	13113	60
2026-05-27T16:53:38.051	WT901BLE68(F3:F0:16:BF:DC:AE)	0.101	0.707	0.694	-10.071	-18.005	-16.296	45.27	-5.48	-152.47	-23.727	-0.207	22.733	-0.24960	-0.03833	0.36032	0.89792	26.0	null	null	13113	60
2026-05-27T16:53:38.168	WT901BLE68(F3:F0:16:BF:DC:AE)	0.074	0.698	0.679	-7.385	-16.541	-25.818	44.35	-5.69	-153.93	-23.727	-0.207	22.733	-0.24960	-0.03833	0.36032	0.89792	26.0	null	null	13113	60
2026-05-27T16:53:38.258	WT901BLE68(F3:F0:16:BF:DC:AE)	0.143	0.703	0.759	-10.681	-34.729	-38.757	43.66	-5.29	-155.93	-23.727	-0.207	22.733	-0.24960	-0.03833	0.36032	0.89792	26.0	null	null	13113	60
2026-05-27T16:53:38.383	WT901BLE68(F3:F0:16:BF:DC:AE)	0.003	0.699	0.727	9.338	-16.235	-37.415	44.64	-4.37	-159.25	-23.727	-0.207	22.733	-0.24960	-0.03833	0.36032	0.89792	26.0	null	null	13113	60
2026-05-27T16:53:38.468	WT901BLE68(F3:F0:16:BF:DC:AE)	0.114	0.669	0.692	-11.780	-29.480	-30.273	44.65	-3.66	-160.61	-16.127	6.113	17.113	-0.24960	-0.03833	0.36032	0.89792	26.0	null	null	13113	60
2026-05-27T16:53:38.560	WT901BLE68(F3:F0:16:BF:DC:AE)	-0.017	0.695	0.744	8.606	-2.991	-29.785	44.62	-2.50	-161.22	-16.127	6.113	17.113	-0.16107	-0.03757	0.37692	0.91132	26.0	null	null	13113	60
2026-05-27T16:53:38.649	WT901BLE68(F3:F0:16:BF:DC:AE)	0.000	0.713	0.649	8.362	-2.136	-20.142	45.46	-0.65	-159.93	-16.127	6.113	17.113	-0.16107	-0.03757	0.37692	0.91132	26.0	null	null	13113	60
2026-05-27T16:53:38.773	WT901BLE68(F3:F0:16:BF:DC:AE)	-0.061	0.694	0.726	6.409	10.315	-18.372	45.70	0.61	-158.45	-16.127	6.113	17.113	-0.16107	-0.03757	0.37692	0.91132	26.0	null	null	13113	60
2026-05-27T16:53:38.859	WT901BLE68(F3:F0:16:BF:DC:AE)	-0.082	0.747	0.708	-4.883	-5.310	-21.912	45.67	2.46	-156.37	-16.127	6.113	17.113	-0.16107	-0.03757	0.37692	0.91132	26.0	null	null	13113	60
2026-05-27T16:53:38.977	WT901BLE68(F3:F0:16:BF:DC:AE)	-0.006	0.692	0.684	-13.428	-20.813	-8.423	44.72	2.75	-155.79	-16.127	6.113	17.113	-0.16107	-0.03757	0.37692	0.91132	26.0	null	null	13113	60
2026-05-27T16:53:39.071	WT901BLE68(F3:F0:16:BF:DC:AE)	-0.012	0.735	0.810	-10.864	-45.715	-20.691	43.32	1.20	-155.30	-16.127	6.113	17.113	-0.16107	-0.03757	0.37692	0.91132	26.0	null	null	13113	60
2026-05-27T16:53:39.191	WT901BLE68(F3:F0:16:BF:DC:AE)	-0.060	0.729	0.696	9.888	-4.272	-12.146	43.87	1.00	-155.13	-16.127	6.113	17.113	-0.16107	-0.03757	0.37692	0.91132	26.0	null	null	13113	60
2026-05-27T16:53:39.250	WT901BLE68(F3:F0:16:BF:DC:AE)	-0.094	0.795	0.611	15.686	-7.996	-17.700	45.00	2.07	-152.96	-17.513	10.193	14.920	-0.16107	-0.03757	0.37692	0.91132	26.0	null	null	13113	60
2026-05-27T16:53:39.373	WT901BLE68(F3:F0:16:BF:DC:AE)	-0.088	0.739	0.653	20.569	7.080	-16.968	46.90	3.12	-151.77	-17.513	10.193	14.920	-0.16107	-0.03757	0.37692	0.91132	26.0	null	null	13113	60
2026-05-27T16:53:39.458	WT901BLE68(F3:F0:16:BF:DC:AE)	-0.038	0.717	0.678	0.244	-10.864	-13.306	48.23	4.50	-149.26	-17.513	10.193	14.920	-0.16107	-0.03757	0.37692	0.91132	26.0	null	null	13113	60
2026-05-27T16:53:39.577	WT901BLE68(F3:F0:16:BF:DC:AE)	-0.117	0.771	0.809	-8.911	-7.690	-17.395	48.09	5.10	-147.31	-17.513	10.193	14.920	-0.22940	-0.14517	0.38333	0.88275	26.0	null	null	13113	60
2026-05-27T16:53:39.668	WT901BLE68(F3:F0:16:BF:DC:AE)	-0.192	0.780	0.685	-3.845	-5.127	-26.245	47.68	6.42	-145.69	-17.513	10.193	14.920	-0.22940	-0.14517	0.38333	0.88275	26.0	null	null	13113	60
2026-05-27T16:53:39.787	WT901BLE68(F3:F0:16:BF:DC:AE)	-0.059	0.671	0.679	-1.831	-12.024	-27.649	47.09	7.69	-145.29	-17.513	10.193	14.920	-0.22940	-0.14517	0.38333	0.88275	26.0	null	null	13113	60
2026-05-27T16:53:39.902	WT901BLE68(F3:F0:16:BF:DC:AE)	-0.218	0.740	0.745	21.301	-15.137	-23.621	47.27	8.48	-144.95	-17.513	10.193	14.920	-0.22940	-0.14517	0.38333	0.88275	26.0	null	null	13113	60
2026-05-27T16:53:39.997	WT901BLE68(F3:F0:16:BF:DC:AE)	-0.187	0.749	0.461	12.085	-15.686	-14.343	49.64	9.46	-143.31	-17.513	10.193	14.920	-0.22940	-0.14517	0.38333	0.88275	26.0	null	null	13113	60
2026-05-27T16:53:40.057	WT901BLE68(F3:F0:16:BF:DC:AE)	-0.145	0.705	0.632	-12.207	-54.382	-11.230	48.49	7.64	-144.44	-17.513	10.193	14.920	-0.22940	-0.14517	0.38333	0.88275	26.0	null	null	13113	60
2026-05-27T16:53:40.179	WT901BLE68(F3:F0:16:BF:DC:AE)	-0.197	0.719	0.579	22.034	32.227	-3.296	49.05	7.31	-142.43	-19.627	15.813	11.247	-0.22940	-0.14517	0.38333	0.88275	26.0	null	null	13113	60
2026-05-27T16:53:40.299	WT901BLE68(F3:F0:16:BF:DC:AE)	-0.196	0.706	0.640	-6.714	-8.545	-6.042	50.12	8.99	-137.88	-19.627	15.813	11.247	-0.22940	-0.14517	0.38333	0.88275	26.0	null	null	13113	60
2026-05-27T16:53:40.389	WT901BLE68(F3:F0:16:BF:DC:AE)	-0.167	0.745	0.640	0.000	21.240	2.319	49.95	9.79	-134.41	-19.627	15.813	11.247	-0.31357	-0.23187	0.35916	0.84781	26.0	null	null	13113	60
2026-05-27T16:53:40.480	WT901BLE68(F3:F0:16:BF:DC:AE)	-0.115	0.726	0.632	-20.752	1.038	13.977	48.66	9.84	-130.65	-19.627	15.813	11.247	-0.31357	-0.23187	0.35916	0.84781	26.0	null	null	13113	60
2026-05-27T16:53:40.603	WT901BLE68(F3:F0:16:BF:DC:AE)	0.047	0.787	0.729	-23.499	1.221	31.433	46.39	7.59	-127.12	-19.627	15.813	11.247	-0.31357	-0.23187	0.35916	0.84781	26.0	null	null	13113	60
2026-05-27T16:53:40.659	WT901BLE68(F3:F0:16:BF:DC:AE)	0.046	0.671	0.768	-6.042	-7.080	23.132	44.95	5.02	-124.54	-19.627	15.813	11.247	-0.31357	-0.23187	0.35916	0.84781	26.0	null	null	13113	60
2026-05-27T16:53:40.781	WT901BLE68(F3:F0:16:BF:DC:AE)	-0.085	0.730	0.519	5.310	13.245	11.841	45.17	4.28	-121.16	-19.627	15.813	11.247	-0.31357	-0.23187	0.35916	0.84781	26.0	null	null	13113	60
2026-05-27T16:53:40.873	WT901BLE68(F3:F0:16:BF:DC:AE)	-0.079	0.754	0.720	4.272	-2.686	0.061	45.10	3.55	-120.20	-19.627	15.813	11.247	-0.31357	-0.23187	0.35916	0.84781	26.0	null	null	13113	60
2026-05-27T16:53:40.994	WT901BLE68(F3:F0:16:BF:DC:AE)	-0.109	0.774	0.697	7.385	7.019	8.545	46.35	3.76	-118.15	-19.627	15.813	11.247	-0.31357	-0.23187	0.35916	0.84781	26.0	null	null	13113	60
2026-05-27T16:53:41.081	WT901BLE68(F3:F0:16:BF:DC:AE)	-0.010	0.698	0.663	-9.399	-19.226	2.869	46.21	2.92	-117.01	-17.700	9.593	13.427	-0.31357	-0.23187	0.35916	0.84781	26.0	null	null	13113	60
2026-05-27T16:53:41.203	WT901BLE68(F3:F0:16:BF:DC:AE)	-0.071	0.714	0.732	-7.263	-21.179	-1.221	45.14	1.33	-117.93	-17.700	9.593	13.427	-0.31357	-0.23187	0.35916	0.84781	26.0	null	null	13113	60
2026-05-27T16:53:41.259	WT901BLE68(F3:F0:16:BF:DC:AE)	0.018	0.679	0.632	-7.996	-18.372	1.404	44.51	0.35	-118.06	-17.700	9.593	13.427	-0.47473	-0.19931	0.32312	0.79398	26.0	null	null	13113	60
2026-05-27T16:53:41.384	WT901BLE68(F3:F0:16:BF:DC:AE)	0.095	0.694	0.824	18.127	-10.254	-4.517	44.64	-1.24	-119.23	-17.700	9.593	13.427	-0.47473	-0.19931	0.32312	0.79398	26.0	null	null	13113	60
2026-05-27T16:53:41.470	WT901BLE68(F3:F0:16:BF:DC:AE)	0.015	0.805	0.564	2.014	-5.920	3.662	46.28	-0.83	-117.53	-17.700	9.593	13.427	-0.47473	-0.19931	0.32312	0.79398	26.0	null	null	13113	60
2026-05-27T16:53:41.590	WT901BLE68(F3:F0:16:BF:DC:AE)	0.008	0.733	0.794	-9.399	-26.245	-12.085	45.57	-1.89	-118.84	-17.700	9.593	13.427	-0.47473	-0.19931	0.32312	0.79398	26.0	null	null	13113	60
2026-05-27T16:53:41.678	WT901BLE68(F3:F0:16:BF:DC:AE)	0.024	0.688	0.707	1.648	11.719	5.310	45.63	-1.72	-118.13	-17.700	9.593	13.427	-0.47473	-0.19931	0.32312	0.79398	26.0	null	null	13113	60
2026-05-27T16:53:41.802	WT901BLE68(F3:F0:16:BF:DC:AE)	-0.033	0.707	0.752	-23.438	-17.639	-0.610	44.44	-1.88	-116.87	-17.700	9.593	13.427	-0.47473	-0.19931	0.32312	0.79398	26.0	null	null	13113	60
2026-05-27T16:53:41.891	WT901BLE68(F3:F0:16:BF:DC:AE)	0.107	0.678	0.784	-13.550	-0.610	11.963	42.66	-3.07	-116.53	-17.700	9.593	13.427	-0.47473	-0.19931	0.32312	0.79398	26.0	null	null	13113	60
2026-05-27T16:53:42.010	WT901BLE68(F3:F0:16:BF:DC:AE)	0.063	0.649	0.717	-8.423	2.502	24.414	41.48	-4.38	-115.03	-10.627	4.693	11.893	-0.47473	-0.19931	0.32312	0.79398	26.0	null	null	13113	60
2026-05-27T16:53:42.072	WT901BLE68(F3:F0:16:BF:DC:AE)	0.146	0.639	0.758	1.526	-11.475	12.512	40.84	-6.03	-114.22	-10.627	4.693	11.893	-0.47473	-0.19931	0.32312	0.79398	26.0	null	null	13113	60
2026-05-27T16:53:42.190	WT901BLE68(F3:F0:16:BF:DC:AE)	0.083	0.693	0.688	4.089	7.813	15.381	41.29	-6.55	-113.27	-10.627	4.693	11.893	-0.47473	-0.19931	0.32312	0.79398	26.0	null	null	13113	60
2026-05-27T16:53:42.311	WT901BLE68(F3:F0:16:BF:DC:AE)	0.202	0.710	0.764	2.319	3.113	4.517	41.23	-7.50	-113.20	-10.627	4.693	11.893	-0.53333	-0.14880	0.32416	0.76697	26.0	null	null	13113	60
2026-05-27T16:53:42.403	WT901BLE68(F3:F0:16:BF:DC:AE)	0.096	0.688	0.653	9.766	7.080	4.211	41.96	-7.45	-113.32	-10.627	4.693	11.893	-0.53333	-0.14880	0.32416	0.76697	26.0	null	null	13113	60
2026-05-27T16:53:42.492	WT901BLE68(F3:F0:16:BF:DC:AE)	0.087	0.733	0.796	-15.808	-5.127	0.671	41.30	-8.11	-113.61	-10.627	4.693	11.893	-0.53333	-0.14880	0.32416	0.76697	26.0	null	null	13113	60
2026-05-27T16:53:42.614	WT901BLE68(F3:F0:16:BF:DC:AE)	0.069	0.632	0.798	-10.132	-2.014	-9.766	40.08	-8.52	-115.50	-10.627	4.693	11.893	-0.53333	-0.14880	0.32416	0.76697	26.0	null	null	13113	60
2026-05-27T16:53:42.670	WT901BLE68(F3:F0:16:BF:DC:AE)	0.134	0.561	0.692	-18.311	-11.841	-5.493	39.13	-8.43	-117.00	-10.627	4.693	11.893	-0.53333	-0.14880	0.32416	0.76697	26.0	null	null	13113	60
2026-05-27T16:53:42.791	WT901BLE68(F3:F0:16:BF:DC:AE)	0.138	0.531	0.805	12.695	-6.958	-22.827	39.30	-9.03	-120.21	-10.627	4.693	11.893	-0.53333	-0.14880	0.32416	0.76697	26.0	null	null	13113	60
2026-05-27T16:53:42.882	WT901BLE68(F3:F0:16:BF:DC:AE)	0.216	0.689	0.671	-2.991	-0.854	-12.451	40.11	-7.66	-120.72	-10.627	4.693	11.893	-0.53333	-0.14880	0.32416	0.76697	26.0	null	null	13113	60
2026-05-27T16:53:43.000	WT901BLE68(F3:F0:16:BF:DC:AE)	0.085	0.590	0.783	6.714	-0.549	-32.532	40.09	-7.06	-123.84	-7.813	0.500	9.287	-0.53333	-0.14880	0.32416	0.76697	26.0	null	null	13113	60
2026-05-27T16:53:43.090	WT901BLE68(F3:F0:16:BF:DC:AE)	0.006	0.725	0.763	8.911	27.466	-4.944	41.22	-4.41	-123.07	-7.813	0.500	9.287	-0.45560	-0.12720	0.32764	0.81781	26.0	null	null	13113	60
2026-05-27T16:53:43.211	WT901BLE68(F3:F0:16:BF:DC:AE)	0.026	0.644	0.849	-0.061	11.536	-5.432	41.16	-3.67	-122.45	-7.813	0.500	9.287	-0.45560	-0.12720	0.32764	0.81781	26.0	null	null	13113	60
2026-05-27T16:53:43.300	WT901BLE68(F3:F0:16:BF:DC:AE)	0.130	0.645	0.643	3.601	27.771	7.568	40.96	-2.87	-120.89	-7.813	0.500	9.287	-0.45560	-0.12720	0.32764	0.81781	26.0	null	null	13113	60
2026-05-27T16:53:43.421	WT901BLE68(F3:F0:16:BF:DC:AE)	-0.033	0.614	0.862	-18.188	-20.264	6.104	39.74	-3.59	-120.38	-7.813	0.500	9.287	-0.45560	-0.12720	0.32764	0.81781	26.0	null	null	13113	60
2026-05-27T16:53:43.480	WT901BLE68(F3:F0:16:BF:DC:AE)	0.139	0.641	0.719	7.813	-14.221	5.371	39.83	-4.67	-119.26	-7.813	0.500	9.287	-0.45560	-0.12720	0.32764	0.81781	26.0	null	null	13113	60
2026-05-27T16:53:43.598	WT901BLE68(F3:F0:16:BF:DC:AE)	0.167	0.656	0.637	28.320	17.395	7.446	41.57	-5.15	-119.02	-7.813	0.500	9.287	-0.45560	-0.12720	0.32764	0.81781	26.0	null	null	13113	60
2026-05-27T16:53:43.692	WT901BLE68(F3:F0:16:BF:DC:AE)	0.016	0.805	0.675	8.606	-0.671	1.892	43.16	-4.91	-117.53	-7.813	0.500	9.287	-0.45560	-0.12720	0.32764	0.81781	26.0	null	null	13113	60
2026-05-27T16:53:43.812	WT901BLE68(F3:F0:16:BF:DC:AE)	0.036	0.710	0.745	1.587	-0.488	1.099	43.69	-5.44	-117.42	-7.813	0.500	9.287	-0.45560	-0.12720	0.32764	0.81781	26.0	null	null	13113	60
2026-05-27T16:53:43.901	WT901BLE68(F3:F0:16:BF:DC:AE)	0.041	0.686	0.813	-11.536	-4.150	-2.502	43.66	-5.20	-116.60	-7.793	3.093	6.587	-0.45560	-0.12720	0.32764	0.81781	26.0	null	null	13113	60
2026-05-27T16:53:44.020	WT901BLE68(F3:F0:16:BF:DC:AE)	0.114	0.673	0.670	-14.221	-8.362	0.610	42.66	-5.15	-116.24	-7.793	3.093	6.587	-0.50433	-0.15839	0.33389	0.78036	26.0	null	null	13113	60
2026-05-27T16:53:44.078	WT901BLE68(F3:F0:16:BF:DC:AE)	0.075	0.657	0.792	-17.700	-13.733	-2.502	40.88	-5.91	-116.66	-7.793	3.093	6.587	-0.50433	-0.15839	0.33389	0.78036	26.0	null	null	13113	60
2026-05-27T16:53:44.203	WT901BLE68(F3:F0:16:BF:DC:AE)	0.176	0.641	0.802	-1.892	-15.686	-8.301	39.92	-6.19	-117.34	-7.793	3.093	6.587	-0.50433	-0.15839	0.33389	0.78036	26.0	null	null	13113	60
2026-05-27T16:53:44.293	WT901BLE68(F3:F0:16:BF:DC:AE)	0.085	0.541	0.661	29.602	19.470	-9.705	41.26	-5.91	-117.77	-7.793	3.093	6.587	-0.50433	-0.15839	0.33389	0.78036	26.0	null	null	13113	60
2026-05-27T16:53:44.411	WT901BLE68(F3:F0:16:BF:DC:AE)	0.062	0.668	0.632	-8.850	-13.367	-9.094	42.07	-4.51	-115.84	-7.793	3.093	6.587	-0.50433	-0.15839	0.33389	0.78036	26.0	null	null	13113	60
2026-05-27T16:53:44.503	WT901BLE68(F3:F0:16:BF:DC:AE)	0.145	0.648	0.757	4.517	0.366	-15.686	41.78	-4.54	-116.21	-7.793	3.093	6.587	-0.50433	-0.15839	0.33389	0.78036	26.0	null	null	13113	60
2026-05-27T16:53:44.619	WT901BLE68(F3:F0:16:BF:DC:AE)	0.047	0.683	0.751	-7.751	-7.080	-9.766	42.02	-3.32	-114.83	-7.793	3.093	6.587	-0.50433	-0.15839	0.33389	0.78036	26.0	null	null	13113	60
2026-05-27T16:53:44.709	WT901BLE68(F3:F0:16:BF:DC:AE)	0.028	0.621	0.779	-4.150	9.949	5.981	41.17	-3.36	-113.81	-6.807	4.873	4.560	-0.50433	-0.15839	0.33389	0.78036	26.0	null	null	13113	60
2026-05-27T16:53:44.827	WT901BLE68(F3:F0:16:BF:DC:AE)	-0.019	0.647	0.826	-14.343	1.831	2.563	40.61	-3.13	-110.98	-6.807	4.873	4.560	-0.50433	-0.15839	0.33389	0.78036	26.0	null	null	13113	60
2026-05-27T16:53:44.895	WT901BLE68(F3:F0:16:BF:DC:AE)	0.003	0.627	0.731	-3.357	0.854	3.296	39.27	-3.39	-109.51	-6.807	4.873	4.560	-0.54672	-0.17227	0.29404	0.76474	26.0	null	null	13113	60
2026-05-27T16:53:45.011	WT901BLE68(F3:F0:16:BF:DC:AE)	0.125	0.659	0.809	12.695	-2.258	11.047	39.41	-4.31	-107.72	-6.807	4.873	4.560	-0.54672	-0.17227	0.29404	0.76474	26.0	null	null	13113	60
2026-05-27T16:53:45.128	WT901BLE68(F3:F0:16:BF:DC:AE)	0.077	0.639	0.765	8.606	-5.066	14.587	41.12	-4.89	-104.96	-6.807	4.873	4.560	-0.54672	-0.17227	0.29404	0.76474	26.0	null	null	13113	60
2026-05-27T16:53:45.219	WT901BLE68(F3:F0:16:BF:DC:AE)	0.005	0.735	0.778	-0.977	-13.184	1.831	42.12	-5.40	-101.68	-6.807	4.873	4.560	-0.54672	-0.17227	0.29404	0.76474	26.0	null	null	13113	60
2026-05-27T16:53:45.311	WT901BLE68(F3:F0:16:BF:DC:AE)	0.167	0.728	0.722	9.766	-10.132	-8.240	42.70	-5.98	-100.34	-6.807	4.873	4.560	-0.54672	-0.17227	0.29404	0.76474	26.0	null	null	13113	60
2026-05-27T16:53:45.461	WT901BLE68(F3:F0:16:BF:DC:AE)	0.088	0.678	0.631	11.292	7.690	4.822	43.91	-5.86	-98.12	-6.807	4.873	4.560	-0.54672	-0.17227	0.29404	0.76474	26.0	null	null	13113	60
2026-05-27T16:53:45.489	WT901BLE68(F3:F0:16:BF:DC:AE)	0.128	0.724	0.728	-6.042	-3.601	-2.808	43.76	-6.05	-95.46	-6.807	4.873	4.560	-0.54672	-0.17227	0.29404	0.76474	26.0	null	null	13113	60
2026-05-27T16:53:45.611	WT901BLE68(F3:F0:16:BF:DC:AE)	0.161	0.682	0.779	-9.766	-12.451	-9.827	42.78	-6.39	-93.89	-6.807	4.873	4.560	-0.54672	-0.17227	0.29404	0.76474	26.0	null	null	13113	60
2026-05-27T16:53:45.698	WT901BLE68(F3:F0:16:BF:DC:AE)	0.127	0.635	0.856	-3.113	-16.052	-11.108	42.41	-7.42	-93.33	-3.700	7.253	0.513	-0.54672	-0.17227	0.29404	0.76474	26.0	null	null	13113	60
2026-05-27T16:53:45.823	WT901BLE68(F3:F0:16:BF:DC:AE)	0.182	0.642	0.699	17.212	-7.874	-9.888	43.49	-7.27	-91.12	-3.700	7.253	0.513	-0.54672	-0.17227	0.29404	0.76474	26.0	null	null	13113	60
2026-05-27T16:53:45.909	WT901BLE68(F3:F0:16:BF:DC:AE)	0.062	0.753	0.655	2.563	-0.122	-16.235	45.20	-6.43	-88.21	-3.700	7.253	0.513	-0.67032	-0.22565	0.30618	0.63708	26.0	null	null	13113	60
2026-05-27T16:53:46.035	WT901BLE68(F3:F0:16:BF:DC:AE)	0.189	0.667	0.739	-9.399	-18.494	-16.479	44.30	-6.65	-86.74	-3.700	7.253	0.513	-0.67032	-0.22565	0.30618	0.63708	26.0	null	null	13113	60
2026-05-27T16:53:46.123	WT901BLE68(F3:F0:16:BF:DC:AE)	0.052	0.735	0.690	5.615	6.653	-13.489	44.45	-5.95	-84.58	-3.700	7.253	0.513	-0.67032	-0.22565	0.30618	0.63708	26.0	null	null	13113	60
2026-05-27T16:53:46.240	WT901BLE68(F3:F0:16:BF:DC:AE)	0.102	0.650	0.734	-12.878	-15.869	-4.883	44.13	-5.92	-82.00	-3.700	7.253	0.513	-0.67032	-0.22565	0.30618	0.63708	26.0	null	null	13113	60
2026-05-27T16:53:46.301	WT901BLE68(F3:F0:16:BF:DC:AE)	0.134	0.688	0.719	-3.906	-7.385	0.854	43.65	-6.53	-79.30	-3.700	7.253	0.513	-0.67032	-0.22565	0.30618	0.63708	26.0	null	null	13113	60
2026-05-27T16:53:46.420	WT901BLE68(F3:F0:16:BF:DC:AE)	0.124	0.666	0.709	-18.555	-18.494	9.277	42.40	-7.84	-76.53	-3.700	7.253	0.513	-0.67032	-0.22565	0.30618	0.63708	26.0	null	null	13113	60
2026-05-27T16:53:46.510	WT901BLE68(F3:F0:16:BF:DC:AE)	0.145	0.627	0.794	-16.113	-20.813	3.174	40.62	-9.70	-73.63	-2.173	12.207	-6.260	-0.67032	-0.22565	0.30618	0.63708	26.0	null	null	13113	60
2026-05-27T16:53:46.632	WT901BLE68(F3:F0:16:BF:DC:AE)	0.259	0.670	0.789	9.033	-6.958	-2.319	40.19	-11.00	-70.73	-2.173	12.207	-6.260	-0.67032	-0.22565	0.30618	0.63708	26.0	null	null	13113	60
2026-05-27T16:53:46.718	WT901BLE68(F3:F0:16:BF:DC:AE)	0.169	0.672	0.633	17.883	2.808	-4.211	41.74	-10.96	-67.96	-2.173	12.207	-6.260	-0.78769	-0.23849	0.27286	0.49808	26.0	null	null	13113	60
2026-05-27T16:53:46.839	WT901BLE68(F3:F0:16:BF:DC:AE)	0.183	0.751	0.718	-1.038	-0.061	-9.094	42.56	-10.51	-64.69	-2.173	12.207	-6.260	-0.78769	-0.23849	0.27286	0.49808	26.0	null	null	13113	60
2026-05-27T16:53:46.898	WT901BLE68(F3:F0:16:BF:DC:AE)	0.195	0.715	0.767	-4.761	-23.193	-27.710	42.66	-10.61	-64.10	-2.173	12.207	-6.260	-0.78769	-0.23849	0.27286	0.49808	26.0	null	null	13113	60
2026-05-27T16:53:47.023	WT901BLE68(F3:F0:16:BF:DC:AE)	0.143	0.682	0.671	-0.488	-11.230	-19.104	43.43	-10.09	-63.59	-2.173	12.207	-6.260	-0.78769	-0.23849	0.27286	0.49808	26.0	null	null	13113	60
2026-05-27T16:53:47.114	WT901BLE68(F3:F0:16:BF:DC:AE)	0.235	0.653	0.724	-16.235	-19.897	-27.466	43.06	-9.46	-62.81	-2.173	12.207	-6.260	-0.78769	-0.23849	0.27286	0.49808	26.0	null	null	13113	60
2026-05-27T16:53:47.233	WT901BLE68(F3:F0:16:BF:DC:AE)	0.165	0.665	0.719	-17.822	-11.536	-32.898	41.90	-8.29	-63.05	-2.173	12.207	-6.260	-0.78769	-0.23849	0.27286	0.49808	26.0	null	null	13113	60
2026-05-27T16:53:47.319	WT901BLE68(F3:F0:16:BF:DC:AE)	0.226	0.642	0.813	-14.709	-18.982	-38.696	40.80	-7.33	-63.81	-2.173	12.207	-6.260	-0.78769	-0.23849	0.27286	0.49808	26.0	null	null	13113	60
2026-05-27T16:53:47.437	WT901BLE68(F3:F0:16:BF:DC:AE)	0.119	0.680	0.802	-1.282	-7.813	-52.246	40.67	-5.49	-65.41	-6.120	21.393	-11.527	-0.78769	-0.23849	0.27286	0.49808	26.0	null	null	13113	60
2026-05-27T16:53:47.532	WT901BLE68(F3:F0:16:BF:DC:AE)	0.071	0.641	0.728	23.132	-29.053	-46.631	42.25	-3.84	-68.04	-6.120	21.393	-11.527	-0.78769	-0.23849	0.27286	0.49808	26.0	null	null	13113	60
2026-05-27T16:53:47.618	WT901BLE68(F3:F0:16:BF:DC:AE)	0.021	0.729	0.652	5.432	-33.569	-39.429	44.46	-3.30	-70.25	-6.120	21.393	-11.527	-0.76730	-0.29248	0.23669	0.51920	26.0	null	null	13113	60
2026-05-27T16:53:47.714	WT901BLE68(F3:F0:16:BF:DC:AE)	0.061	0.685	0.740	-17.395	-48.340	-30.457	43.81	-3.91	-72.87	-6.120	21.393	-11.527	-0.76730	-0.29248	0.23669	0.51920	26.0	null	null	13113	60
2026-05-27T16:53:47.834	WT901BLE68(F3:F0:16:BF:DC:AE)	0.048	0.666	0.748	-7.202	-25.452	-19.714	42.92	-4.83	-74.38	-6.120	21.393	-11.527	-0.76730	-0.29248	0.23669	0.51920	26.0	null	null	13113	60
2026-05-27T16:53:47.923	WT901BLE68(F3:F0:16:BF:DC:AE)	0.060	0.631	0.785	0.977	-24.780	-14.771	43.02	-5.26	-74.16	-6.120	21.393	-11.527	-0.76730	-0.29248	0.23669	0.51920	26.0	null	null	13113	60
2026-05-27T16:53:48.043	WT901BLE68(F3:F0:16:BF:DC:AE)	0.111	0.647	0.761	1.099	-9.460	-12.329	43.17	-5.38	-73.77	-6.120	21.393	-11.527	-0.76730	-0.29248	0.23669	0.51920	26.0	null	null	13113	60
2026-05-27T16:53:48.133	WT901BLE68(F3:F0:16:BF:DC:AE)	0.039	0.679	0.795	-4.578	-8.606	-17.700	42.97	-4.97	-72.56	-6.120	21.393	-11.527	-0.76730	-0.29248	0.23669	0.51920	26.0	null	null	13113	60
2026-05-27T16:53:48.254	WT901BLE68(F3:F0:16:BF:DC:AE)	0.099	0.640	0.803	-9.827	-4.395	-13.672	42.43	-4.54	-71.85	-6.120	21.393	-11.527	-0.76730	-0.29248	0.23669	0.51920	26.0	null	null	13113	60
2026-05-27T16:53:48.311	WT901BLE68(F3:F0:16:BF:DC:AE)	0.071	0.654	0.768	-10.254	-40.710	-25.391	41.12	-5.13	-72.48	-18.940	30.807	-16.740	-0.76730	-0.29248	0.23669	0.51920	26.0	null	null	13113	60
2026-05-27T16:53:48.436	WT901BLE68(F3:F0:16:BF:DC:AE)	0.055	0.635	0.710	11.292	-20.630	-20.447	41.78	-5.70	-73.88	-18.940	30.807	-16.740	-0.76730	-0.29248	0.23669	0.51920	26.0	null	null	13113	60
2026-05-27T16:53:48.519	WT901BLE68(F3:F0:16:BF:DC:AE)	0.044	0.699	0.785	4.639	-28.198	-21.179	42.86	-6.04	-74.31	-18.940	30.807	-16.740	-0.75421	-0.26025	0.25644	0.54547	26.0	null	null	13113	60
2026-05-27T16:53:48.648	WT901BLE68(F3:F0:16:BF:DC:AE)	0.194	0.758	0.591	-0.488	-56.824	-21.790	43.64	-8.74	-77.09	-18.940	30.807	-16.740	-0.75421	-0.26025	0.25644	0.54547	26.0	null	null	13113	60
2026-05-27T16:53:48.735	WT901BLE68(F3:F0:16:BF:DC:AE)	0.158	0.621	0.695	3.540	-28.564	-12.146	44.16	-10.00	-78.55	-18.940	30.807	-16.740	-0.75421	-0.26025	0.25644	0.54547	26.0	null	null	13113	60
2026-05-27T16:53:48.851	WT901BLE68(F3:F0:16:BF:DC:AE)	0.141	0.590	0.704	0.183	-16.174	-6.287	44.57	-11.15	-77.84	-18.940	30.807	-16.740	-0.75421	-0.26025	0.25644	0.54547	26.0	null	null	13113	60
2026-05-27T16:53:48.939	WT901BLE68(F3:F0:16:BF:DC:AE)	0.204	0.703	0.732	-0.244	-13.489	-19.958	44.73	-10.56	-76.93	-18.940	30.807	-16.740	-0.75421	-0.26025	0.25644	0.54547	26.0	null	null	13113	60
2026-05-27T16:53:49.060	WT901BLE68(F3:F0:16:BF:DC:AE)	0.104	0.675	0.773	-5.493	-20.386	-31.860	45.09	-9.92	-77.86	-18.940	30.807	-16.740	-0.75421	-0.26025	0.25644	0.54547	26.0	null	null	13113	60
2026-05-27T16:53:49.151	WT901BLE68(F3:F0:16:BF:DC:AE)	0.142	0.736	0.771	-15.259	-44.800	-45.166	44.76	-9.68	-80.62	-18.940	30.807	-16.740	-0.75421	-0.26025	0.25644	0.54547	26.0	null	null	13113	60
2026-05-27T16:53:49.238	WT901BLE68(F3:F0:16:BF:DC:AE)	0.059	0.702	0.737	1.526	-36.621	-44.006	45.36	-9.50	-84.62	-34.507	34.373	-17.440	-0.75421	-0.26025	0.25644	0.54547	26.0	null	null	13113	60
2026-05-27T16:53:49.335	WT901BLE68(F3:F0:16:BF:DC:AE)	0.075	0.771	0.640	5.127	-15.747	-30.640	46.51	-8.34	-86.44	-34.507	34.373	-17.440	-0.75421	-0.26025	0.25644	0.54547	26.0	null	null	13113	60
2026-05-27T16:53:49.448	WT901BLE68(F3:F0:16:BF:DC:AE)	0.104	0.717	0.650	-7.629	-30.273	-24.170	46.63	-7.78	-87.56	-34.507	34.373	-17.440	-0.68402	-0.24466	0.31680	0.60974	26.0	null	null	13113	60
2026-05-27T16:53:49.539	WT901BLE68(F3:F0:16:BF:DC:AE)	0.125	0.745	0.625	-0.427	-9.460	-9.277	46.72	-7.60	-87.89	-34.507	34.373	-17.440	-0.68402	-0.24466	0.31680	0.60974	26.0	null	null	13113	60
2026-05-27T16:53:49.661	WT901BLE68(F3:F0:16:BF:DC:AE)	0.149	0.688	0.671	-13.733	-12.634	-2.319	45.86	-8.18	-87.64	-34.507	34.373	-17.440	-0.68402	-0.24466	0.31680	0.60974	26.0	null	null	13113	60
2026-05-27T16:53:49.719	WT901BLE68(F3:F0:16:BF:DC:AE)	0.206	0.688	0.710	-19.287	-22.461	-0.793	44.07	-9.33	-87.14	-34.507	34.373	-17.440	-0.68402	-0.24466	0.31680	0.60974	26.0	null	null	13113	60
2026-05-27T16:53:49.842	WT901BLE68(F3:F0:16:BF:DC:AE)	0.116	0.708	0.520	-9.766	-12.634	-0.854	42.28	-10.74	-86.76	-34.507	34.373	-17.440	-0.68402	-0.24466	0.31680	0.60974	26.0	null	null	13113	60
2026-05-27T16:53:49.931	WT901BLE68(F3:F0:16:BF:DC:AE)	0.183	0.664	0.745	-14.404	-36.377	8.972	41.33	-12.23	-85.81	-34.507	34.373	-17.440	-0.68402	-0.24466	0.31680	0.60974	26.0	null	null	13113	60
2026-05-27T16:53:50.051	WT901BLE68(F3:F0:16:BF:DC:AE)	0.241	0.634	0.675	12.085	-40.955	1.526	41.53	-15.14	-86.02	-34.507	34.373	-17.440	-0.68402	-0.24466	0.31680	0.60974	26.0	null	null	13113	60
2026-05-27T16:53:50.141	WT901BLE68(F3:F0:16:BF:DC:AE)	0.279	0.716	0.589	6.531	12.695	6.287	42.69	-15.43	-83.80	-40.860	33.167	-8.693	-0.68402	-0.24466	0.31680	0.60974	26.0	null	null	13113	60
2026-05-27T16:53:50.264	WT901BLE68(F3:F0:16:BF:DC:AE)	0.279	0.674	0.703	-3.357	-27.222	-11.658	42.91	-15.89	-83.28	-40.860	33.167	-8.693	-0.68402	-0.24466	0.31680	0.60974	26.0	null	null	13113	60
2026-05-27T16:53:50.317	WT901BLE68(F3:F0:16:BF:DC:AE)	0.275	0.645	0.660	-2.075	-3.540	-5.676	43.53	-16.34	-83.44	-40.860	33.167	-8.693	-0.72052	-0.18445	0.34137	0.57462	26.0	null	null	13113	60
2026-05-27T16:53:50.472	WT901BLE68(F3:F0:16:BF:DC:AE)	0.271	0.653	0.714	-18.799	-17.395	-16.296	43.02	-16.36	-83.02	-40.860	33.167	-8.693	-0.72052	-0.18445	0.34137	0.57462	26.0	null	null	13113	60
2026-05-27T16:53:50.529	WT901BLE68(F3:F0:16:BF:DC:AE)	0.268	0.634	0.740	-23.926	-22.705	-28.015	41.84	-16.30	-84.39	-40.860	33.167	-8.693	-0.72052	-0.18445	0.34137	0.57462	26.0	null	null	13113	60
2026-05-27T16:53:50.652	WT901BLE68(F3:F0:16:BF:DC:AE)	0.386	0.639	0.713	-34.241	-29.602	-47.424	40.26	-15.60	-87.46	-40.860	33.167	-8.693	-0.72052	-0.18445	0.34137	0.57462	26.0	null	null	13113	60
2026-05-27T16:53:50.740	WT901BLE68(F3:F0:16:BF:DC:AE)	0.211	0.590	0.821	-18.982	-37.170	-67.566	39.09	-14.53	-92.75	-40.860	33.167	-8.693	-0.72052	-0.18445	0.34137	0.57462	26.0	null	null	13113	60
2026-05-27T16:53:50.864	WT901BLE68(F3:F0:16:BF:DC:AE)	0.125	0.633	0.704	-5.310	-14.221	-43.884	39.49	-13.13	-97.23	-40.860	33.167	-8.693	-0.72052	-0.18445	0.34137	0.57462	26.0	null	null	13113	60
2026-05-27T16:53:50.952	WT901BLE68(F3:F0:16:BF:DC:AE)	0.126	0.656	0.712	-13.794	-24.231	-48.218	39.70	-11.36	-100.18	-40.860	33.167	-8.693	-0.72052	-0.18445	0.34137	0.57462	26.0	null	null	13113	60
2026-05-27T16:53:51.071	WT901BLE68(F3:F0:16:BF:DC:AE)	0.118	0.653	0.757	-0.732	-14.038	-35.767	39.55	-10.20	-103.61	-53.200	21.107	3.940	-0.72052	-0.18445	0.34137	0.57462	26.0	null	null	13113	60
2026-05-27T16:53:51.132	WT901BLE68(F3:F0:16:BF:DC:AE)	0.108	0.647	0.736	0.427	-0.183	-25.940	40.18	-8.26	-104.55	-53.200	21.107	3.940	-0.72052	-0.18445	0.34137	0.57462	26.0	null	null	13113	60
2026-05-27T16:53:51.255	WT901BLE68(F3:F0:16:BF:DC:AE)	0.134	0.671	0.749	-12.634	-19.226	-20.691	39.78	-7.40	-105.72	-53.200	21.107	3.940	-0.72052	-0.18445	0.34137	0.57462	26.0	null	null	13113	60
2026-05-27T16:53:51.339	WT901BLE68(F3:F0:16:BF:DC:AE)	0.147	0.589	0.817	-16.174	-5.371	-0.854	38.52	-7.75	-105.69	-53.200	21.107	3.940	-0.58240	-0.15298	0.30603	0.73730	26.0	null	null	13113	60
2026-05-27T16:53:51.463	WT901BLE68(F3:F0:16:BF:DC:AE)	0.100	0.547	0.796	-13.672	-14.771	-7.629	37.06	-8.02	-105.11	-53.200	21.107	3.940	-0.58240	-0.15298	0.30603	0.73730	26.0	null	null	13113	60
2026-05-27T16:53:51.551	WT901BLE68(F3:F0:16:BF:DC:AE)	0.095	0.560	0.852	-9.888	-9.521	-7.690	36.28	-8.28	-104.90	-53.200	21.107	3.940	-0.58240	-0.15298	0.30603	0.73730	26.0	null	null	13113	60
2026-05-27T16:53:51.673	WT901BLE68(F3:F0:16:BF:DC:AE)	0.064	0.617	0.878	-5.127	-0.793	0.916	35.67	-8.46	-104.07	-53.200	21.107	3.940	-0.58240	-0.15298	0.30603	0.73730	26.0	null	null	13113	60
2026-05-27T16:53:51.734	WT901BLE68(F3:F0:16:BF:DC:AE)	0.245	0.606	0.829	20.874	-8.789	-4.456	36.48	-8.92	-103.71	-53.200	21.107	3.940	-0.58240	-0.15298	0.30603	0.73730	26.0	null	null	13113	60
2026-05-27T16:53:51.885	WT901BLE68(F3:F0:16:BF:DC:AE)	0.176	0.628	0.643	25.085	4.822	4.761	38.72	-8.84	-102.75	-53.200	21.107	3.940	-0.58240	-0.15298	0.30603	0.73730	26.0	null	null	13113	60
2026-05-27T16:53:51.939	WT901BLE68(F3:F0:16:BF:DC:AE)	0.119	0.693	0.835	4.517	2.930	-9.460	39.98	-8.07	-100.76	-54.033	16.560	5.540	-0.58240	-0.15298	0.30603	0.73730	26.0	null	null	13113	60
2026-05-27T16:53:52.064	WT901BLE68(F3:F0:16:BF:DC:AE)	0.164	0.632	0.763	10.376	11.536	-10.010	40.98	-7.08	-100.33	-54.033	16.560	5.540	-0.58240	-0.15298	0.30603	0.73730	26.0	null	null	13113	60
2026-05-27T16:53:52.149	WT901BLE68(F3:F0:16:BF:DC:AE)	0.183	0.653	0.711	-12.939	-3.479	-5.737	41.09	-6.56	-99.45	-54.033	16.560	5.540	-0.61819	-0.18677	0.30380	0.70038	26.0	null	null	13113	60
2026-05-27T16:53:52.274	WT901BLE68(F3:F0:16:BF:DC:AE)	0.140	0.583	0.826	-24.719	-23.193	-13.367	39.16	-7.45	-99.84	-54.033	16.560	5.540	-0.61819	-0.18677	0.30380	0.70038	26.0	null	null	13113	60
2026-05-27T16:53:52.361	WT901BLE68(F3:F0:16:BF:DC:AE)	0.193	0.604	0.776	-8.667	-7.446	-21.729	37.77	-7.30	-100.91	-54.033	16.560	5.540	-0.61819	-0.18677	0.30380	0.70038	26.0	null	null	13113	60
2026-05-27T16:53:52.484	WT901BLE68(F3:F0:16:BF:DC:AE)	0.185	0.606	0.772	-1.038	-41.992	-38.025	37.75	-7.02	-103.36	-54.033	16.560	5.540	-0.61819	-0.18677	0.30380	0.70038	26.0	null	null	13113	60
2026-05-27T16:53:52.540	WT901BLE68(F3:F0:16:BF:DC:AE)	0.150	0.631	0.762	17.273	-15.259	-25.696	39.54	-7.21	-106.45	-54.033	16.560	5.540	-0.61819	-0.18677	0.30380	0.70038	26.0	null	null	13113	60
2026-05-27T16:53:52.663	WT901BLE68(F3:F0:16:BF:DC:AE)	0.142	0.646	0.749	-13.123	-24.780	-22.949	40.09	-6.60	-107.95	-54.033	16.560	5.540	-0.61819	-0.18677	0.30380	0.70038	26.0	null	null	13113	60
2026-05-27T16:53:52.755	WT901BLE68(F3:F0:16:BF:DC:AE)	0.144	0.599	0.669	13.184	17.456	-9.949	40.35	-5.40	-107.61	-54.033	16.560	5.540	-0.61819	-0.18677	0.30380	0.70038	26.0	null	null	13113	60
2026-05-27T16:53:52.870	WT901BLE68(F3:F0:16:BF:DC:AE)	0.027	0.636	0.824	-1.404	6.653	-4.517	40.73	-3.89	-105.86	-54.033	16.560	5.540	-0.61819	-0.18677	0.30380	0.70038	26.0	null	null	13113	60
2026-05-27T16:53:52.961	WT901BLE68(F3:F0:16:BF:DC:AE)	0.024	0.577	0.761	-3.845	12.451	-5.493	40.17	-2.96	-104.64	-54.033	16.560	5.540	-0.61819	-0.18677	0.30380	0.70038	26.0	null	null	13113	60
2026-05-27T16:53:53.082	WT901BLE68(F3:F0:16:BF:DC:AE)	0.044	0.696	0.744	-2.563	9.705	-5.432	39.62	-1.49	-102.86	-54.033	16.560	5.540	-0.61819	-0.18677	0.30380	0.70038	26.0	null	null	13113	60
2026-05-27T16:53:53.141	WT901BLE68(F3:F0:16:BF:DC:AE)	0.153	0.662	0.771	-14.832	-20.752	12.024	38.62	-2.34	-101.90	-54.033	16.560	5.540	-0.61819	-0.18677	0.30380	0.70038	26.0	null	null	13113	60
2026-05-27T16:53:53.294	WT901BLE68(F3:F0:16:BF:DC:AE)	-0.007	0.645	0.792	15.930	14.343	10.132	39.14	-3.52	-100.23	-54.033	16.560	5.540	-0.61819	-0.18677	0.30380	0.70038	26.0	null	null	13113	60
2026-05-27T16:53:53.349	WT901BLE68(F3:F0:16:BF:DC:AE)	0.100	0.675	0.791	6.104	1.892	11.597	40.20	-3.18	-97.59	-56.127	13.600	3.133	-0.61819	-0.18677	0.30380	0.70038	26.0	null	null	13113	60
2026-05-27T16:53:53.473	WT901BLE68(F3:F0:16:BF:DC:AE)	0.042	0.705	0.754	13.672	11.475	0.793	41.27	-3.39	-96.08	-56.127	13.600	3.133	-0.61819	-0.18677	0.30380	0.70038	26.0	null	null	13113	60
2026-05-27T16:53:53.562	WT901BLE68(F3:F0:16:BF:DC:AE)	0.047	0.683	0.656	-8.728	-6.836	1.465	41.52	-3.34	-95.03	-56.127	13.600	3.133	-0.63669	-0.21979	0.28073	0.68365	26.0	null	null	13113	60
2026-05-27T16:53:53.685	WT901BLE68(F3:F0:16:BF:DC:AE)	0.150	0.636	0.745	-8.972	-10.071	6.409	40.17	-4.39	-94.45	-56.127	13.600	3.133	-0.63669	-0.21979	0.28073	0.68365	26.0	null	null	13113	60
2026-05-27T16:53:53.772	WT901BLE68(F3:F0:16:BF:DC:AE)	0.181	0.601	0.771	0.000	2.625	4.944	39.64	-4.86	-93.39	-56.127	13.600	3.133	-0.63669	-0.21979	0.28073	0.68365	26.0	null	null	13113	60
2026-05-27T16:53:53.895	WT901BLE68(F3:F0:16:BF:DC:AE)	0.144	0.628	0.825	-13.855	-19.531	-1.465	39.13	-5.35	-92.94	-56.127	13.600	3.133	-0.63669	-0.21979	0.28073	0.68365	26.0	null	null	13113	60
2026-05-27T16:53:53.949	WT901BLE68(F3:F0:16:BF:DC:AE)	0.100	0.659	0.762	-0.366	-32.898	-4.578	38.54	-7.20	-94.26	-56.127	13.600	3.133	-0.63669	-0.21979	0.28073	0.68365	26.0	null	null	13113	60
2026-05-27T16:53:54.071	WT901BLE68(F3:F0:16:BF:DC:AE)	0.069	0.709	0.643	8.606	19.226	-0.061	39.23	-7.26	-93.50	-56.127	13.600	3.133	-0.63669	-0.21979	0.28073	0.68365	26.0	null	null	13113	60
2026-05-27T16:53:54.161	WT901BLE68(F3:F0:16:BF:DC:AE)	0.112	0.708	0.769	5.615	10.010	-2.686	39.55	-6.84	-92.79	-56.127	13.600	3.133	-0.63669	-0.21979	0.28073	0.68365	26.0	null	null	13113	60
2026-05-27T16:53:54.281	WT901BLE68(F3:F0:16:BF:DC:AE)	0.082	0.688	0.737	11.292	26.062	7.202	40.65	-5.56	-90.69	-52.120	17.287	4.060	-0.63669	-0.21979	0.28073	0.68365	26.0	null	null	13113	60
2026-05-27T16:53:54.372	WT901BLE68(F3:F0:16:BF:DC:AE)	0.067	0.635	0.812	2.625	14.282	2.502	41.07	-4.67	-88.53	-52.120	17.287	4.060	-0.63669	-0.21979	0.28073	0.68365	26.0	null	null	13113	60
2026-05-27T16:53:54.493	WT901BLE68(F3:F0:16:BF:DC:AE)	0.038	0.629	0.712	-14.893	9.033	7.019	40.37	-3.62	-86.24	-52.120	17.287	4.060	-0.68689	-0.23148	0.26352	0.63641	26.0	null	null	13113	60
2026-05-27T16:53:54.550	WT901BLE68(F3:F0:16:BF:DC:AE)	0.229	0.634	0.849	-5.432	-8.545	20.386	38.62	-5.20	-84.84	-52.120	17.287	4.060	-0.68689	-0.23148	0.26352	0.63641	26.0	null	null	13113	60
2026-05-27T16:53:54.706	WT901BLE68(F3:F0:16:BF:DC:AE)	0.134	0.638	0.939	10.376	-16.235	8.057	39.61	-6.48	-83.61	-52.120	17.287	4.060	-0.68689	-0.23148	0.26352	0.63641	26.0	null	null	13113	60
2026-05-27T16:53:54.761	WT901BLE68(F3:F0:16:BF:DC:AE)	0.124	0.690	0.716	17.151	27.344	13.672	41.36	-6.19	-81.28	-52.120	17.287	4.060	-0.68689	-0.23148	0.26352	0.63641	26.0	null	null	13113	60
2026-05-27T16:53:54.884	WT901BLE68(F3:F0:16:BF:DC:AE)	0.109	0.635	0.723	-2.502	-12.939	-13.855	41.29	-6.00	-80.89	-52.120	17.287	4.060	-0.68689	-0.23148	0.26352	0.63641	26.0	null	null	13113	60
2026-05-27T16:53:54.975	WT901BLE68(F3:F0:16:BF:DC:AE)	0.062	0.692	0.677	29.358	40.161	-3.967	43.11	-4.65	-80.30	-52.120	17.287	4.060	-0.68689	-0.23148	0.26352	0.63641	26.0	null	null	13113	60
2026-05-27T16:53:55.094	WT901BLE68(F3:F0:16:BF:DC:AE)	0.080	0.706	0.702	-8.972	-4.456	-8.972	43.44	-3.57	-79.45	-52.120	17.287	4.060	-0.68689	-0.23148	0.26352	0.63641	26.0	null	null	13113	60
2026-05-27T16:53:55.179	WT901BLE68(F3:F0:16:BF:DC:AE)	0.137	0.588	0.744	-9.888	2.747	5.920	42.16	-4.18	-80.36	-51.700	22.207	-2.127	-0.68689	-0.23148	0.26352	0.63641	26.0	null	null	13113	60
2026-05-27T16:53:55.304	WT901BLE68(F3:F0:16:BF:DC:AE)	0.049	0.615	0.792	-12.329	-1.526	5.676	40.89	-4.49	-78.72	-51.700	22.207	-2.127	-0.68689	-0.23148	0.26352	0.63641	26.0	null	null	13113	60
2026-05-27T16:53:55.361	WT901BLE68(F3:F0:16:BF:DC:AE)	0.107	0.602	0.764	-5.859	-27.222	-0.977	39.79	-5.23	-78.50	-51.700	22.207	-2.127	-0.73703	-0.23672	0.24808	0.58234	26.0	null	null	13113	60
2026-05-27T16:53:55.484	WT901BLE68(F3:F0:16:BF:DC:AE)	0.063	0.633	0.745	36.499	50.598	-10.803	41.39	-4.77	-78.90	-51.700	22.207	-2.127	-0.73703	-0.23672	0.24808	0.58234	26.0	null	null	13113	60
2026-05-27T16:53:55.574	WT901BLE68(F3:F0:16:BF:DC:AE)	0.038	0.737	0.595	-11.963	-2.136	-10.620	43.03	-1.65	-76.42	-51.700	22.207	-2.127	-0.73703	-0.23672	0.24808	0.58234	26.0	null	null	13113	60
2026-05-27T16:53:55.694	WT901BLE68(F3:F0:16:BF:DC:AE)	0.057	0.677	0.918	8.118	31.799	-10.742	41.90	-2.59	-78.26	-51.700	22.207	-2.127	-0.73703	-0.23672	0.24808	0.58234	26.0	null	null	13113	60
2026-05-27T16:53:55.779	WT901BLE68(F3:F0:16:BF:DC:AE)	0.024	0.688	0.680	2.502	13.489	3.296	43.54	1.13	-74.98	-51.700	22.207	-2.127	-0.73703	-0.23672	0.24808	0.58234	26.0	null	null	13113	60
2026-05-27T16:53:55.900	WT901BLE68(F3:F0:16:BF:DC:AE)	-0.011	0.617	0.780	-16.296	-23.682	14.893	43.05	0.58	-74.11	-51.700	22.207	-2.127	-0.73703	-0.23672	0.24808	0.58234	26.0	null	null	13113	60
2026-05-27T16:53:55.963	WT901BLE68(F3:F0:16:BF:DC:AE)	0.144	0.739	0.787	1.404	15.869	16.541	42.29	-0.66	-72.81	-51.700	22.207	-2.127	-0.73703	-0.23672	0.24808	0.58234	26.0	null	null	13113	60
2026-05-27T16:53:56.111	WT901BLE68(F3:F0:16:BF:DC:AE)	-0.028	0.699	0.680	-11.597	5.432	25.452	41.35	-1.07	-70.68	-52.007	23.593	-3.780	-0.73703	-0.23672	0.24808	0.58234	26.0	null	null	13113	60
2026-05-27T16:53:56.174	WT901BLE68(F3:F0:16:BF:DC:AE)	0.078	0.642	0.784	7.080	-33.752	6.958	41.14	-3.33	-70.22	-52.007	23.593	-3.780	-0.73703	-0.23672	0.24808	0.58234	26.0	null	null	13113	60
2026-05-27T16:53:56.290	WT901BLE68(F3:F0:16:BF:DC:AE)	0.044	0.642	0.630	12.939	19.836	21.301	42.47	-3.80	-69.33	-52.007	23.593	-3.780	-0.76999	-0.27200	0.23257	0.52817	26.0	null	null	13113	60
2026-05-27T16:53:56.382	WT901BLE68(F3:F0:16:BF:DC:AE)	0.140	0.688	0.681	2.686	-7.874	4.150	42.64	-4.72	-67.47	-52.007	23.593	-3.780	-0.76999	-0.27200	0.23257	0.52817	26.0	null	null	13113	60
2026-05-27T16:53:56.502	WT901BLE68(F3:F0:16:BF:DC:AE)	0.132	0.697	0.744	3.296	-8.423	5.737	43.25	-5.59	-68.10	-52.007	23.593	-3.780	-0.76999	-0.27200	0.23257	0.52817	26.0	null	null	13113	60
2026-05-27T16:53:56.590	WT901BLE68(F3:F0:16:BF:DC:AE)	0.098	0.662	0.727	-4.761	16.785	11.536	43.32	-5.64	-66.53	-52.007	23.593	-3.780	-0.76999	-0.27200	0.23257	0.52817	26.0	null	null	13113	60
2026-05-27T16:53:56.716	WT901BLE68(F3:F0:16:BF:DC:AE)	0.015	0.700	0.760	2.136	28.503	-6.653	42.98	-3.67	-64.40	-52.007	23.593	-3.780	-0.76999	-0.27200	0.23257	0.52817	26.0	null	null	13113	60
2026-05-27T16:53:56.773	WT901BLE68(F3:F0:16:BF:DC:AE)	0.046	0.721	0.775	3.784	16.418	-19.531	42.96	-0.49	-63.23	-52.007	23.593	-3.780	-0.76999	-0.27200	0.23257	0.52817	26.0	null	null	13113	60
2026-05-27T16:53:56.893	WT901BLE68(F3:F0:16:BF:DC:AE)	0.006	0.709	0.596	10.376	1.099	-7.202	44.17	1.76	-63.45	-52.007	23.593	-3.780	-0.76999	-0.27200	0.23257	0.52817	26.0	null	null	13113	60
2026-05-27T16:53:56.981	WT901BLE68(F3:F0:16:BF:DC:AE)	-0.026	0.726	0.854	-5.737	-59.509	-16.357	44.30	0.60	-66.16	-49.980	25.940	-7.233	-0.76999	-0.27200	0.23257	0.52817	26.0	null	null	13113	60
2026-05-27T16:53:57.101	WT901BLE68(F3:F0:16:BF:DC:AE)	-0.040	0.628	0.680	1.648	-34.851	-13.550	44.36	-1.44	-70.15	-49.980	25.940	-7.233	-0.76999	-0.27200	0.23257	0.52817	26.0	null	null	13113	60
2026-05-27T16:53:57.189	WT901BLE68(F3:F0:16:BF:DC:AE)	-0.008	0.712	0.765	-18.188	-43.274	-9.277	43.81	-3.17	-73.25	-49.980	25.940	-7.233	-0.75543	-0.29501	0.23505	0.53564	26.0	null	null	13113	60
2026-05-27T16:53:57.313	WT901BLE68(F3:F0:16:BF:DC:AE)	0.089	0.671	0.805	-13.000	-22.339	-0.427	42.39	-5.25	-75.79	-49.980	25.940	-7.233	-0.75543	-0.29501	0.23505	0.53564	26.0	null	null	13113	60
2026-05-27T16:53:57.372	WT901BLE68(F3:F0:16:BF:DC:AE)	0.039	0.705	0.649	-7.935	-29.846	-5.920	41.53	-6.90	-77.21	-49.980	25.940	-7.233	-0.75543	-0.29501	0.23505	0.53564	26.0	null	null	13113	60
2026-05-27T16:53:57.494	WT901BLE68(F3:F0:16:BF:DC:AE)	0.162	0.598	0.798	-0.916	-31.006	-15.076	41.74	-9.04	-80.41	-49.980	25.940	-7.233	-0.75543	-0.29501	0.23505	0.53564	26.0	null	null	13113	60
2026-05-27T16:53:57.582	WT901BLE68(F3:F0:16:BF:DC:AE)	0.107	0.663	0.646	0.977	-24.475	-19.165	42.85	-8.67	-81.99	-49.980	25.940	-7.233	-0.75543	-0.29501	0.23505	0.53564	26.0	null	null	13113	60
2026-05-27T16:53:57.703	WT901BLE68(F3:F0:16:BF:DC:AE)	0.093	0.730	0.681	13.184	-6.104	-19.287	43.83	-8.12	-83.05	-49.980	25.940	-7.233	-0.75543	-0.29501	0.23505	0.53564	26.0	null	null	13113	60
2026-05-27T16:53:57.790	WT901BLE68(F3:F0:16:BF:DC:AE)	0.189	0.701	0.716	-4.883	-7.019	-3.906	44.86	-7.53	-83.61	-49.980	25.940	-7.233	-0.75543	-0.29501	0.23505	0.53564	26.0	null	null	13113	60
2026-05-27T16:53:57.910	WT901BLE68(F3:F0:16:BF:DC:AE)	0.143	0.658	0.760	-18.677	-21.423	-18.005	43.85	-7.89	-84.91	-46.593	23.033	2.740	-0.75543	-0.29501	0.23505	0.53564	26.0	null	null	13113	60
2026-05-27T16:53:58.001	WT901BLE68(F3:F0:16:BF:DC:AE)	0.140	0.629	0.798	-12.512	-27.283	-27.039	42.59	-8.64	-88.08	-46.593	23.033	2.740	-0.75543	-0.29501	0.23505	0.53564	26.0	null	null	13113	60
2026-05-27T16:53:58.118	WT901BLE68(F3:F0:16:BF:DC:AE)	0.228	0.706	0.704	-13.489	-33.020	-36.072	41.86	-8.34	-91.25	-46.593	23.033	2.740	-0.67715	-0.20572	0.30179	0.63870	26.0	null	null	13113	60
2026-05-27T16:53:58.180	WT901BLE68(F3:F0:16:BF:DC:AE)	0.039	0.603	0.767	7.446	-28.687	-39.246	42.39	-9.37	-96.67	-46.593	23.033	2.740	-0.67715	-0.20572	0.30179	0.63870	26.0	null	null	13113	60
2026-05-27T16:53:58.304	WT901BLE68(F3:F0:16:BF:DC:AE)	0.171	0.721	0.613	-21.057	-39.124	-29.846	42.17	-8.92	-100.10	-46.593	23.033	2.740	-0.67715	-0.20572	0.30179	0.63870	26.0	null	null	13113	60
2026-05-27T16:53:58.390	WT901BLE68(F3:F0:16:BF:DC:AE)	-0.005	0.642	0.737	-7.874	-3.784	-14.221	41.14	-9.27	-102.58	-46.593	23.033	2.740	-0.67715	-0.20572	0.30179	0.63870	26.0	null	null	13113	60
2026-05-27T16:53:58.513	WT901BLE68(F3:F0:16:BF:DC:AE)	0.223	0.649	0.664	-13.306	-29.175	-23.071	40.76	-8.81	-103.46	-46.593	23.033	2.740	-0.67715	-0.20572	0.30179	0.63870	26.0	null	null	13113	60
2026-05-27T16:53:58.603	WT901BLE68(F3:F0:16:BF:DC:AE)	0.091	0.629	0.812	-17.944	-19.592	-10.803	39.53	-10.13	-106.25	-46.593	23.033	2.740	-0.67715	-0.20572	0.30179	0.63870	26.0	null	null	13113	60
2026-05-27T16:53:58.723	WT901BLE68(F3:F0:16:BF:DC:AE)	0.213	0.615	0.744	-17.700	-7.141	1.099	38.25	-10.41	-105.94	-46.593	23.033	2.740	-0.67715	-0.20572	0.30179	0.63870	26.0	null	null	13113	60
2026-05-27T16:53:58.778	WT901BLE68(F3:F0:16:BF:DC:AE)	0.350	0.767	0.738	3.052	-17.151	-8.484	37.11	-11.46	-105.94	-43.093	11.767	15.700	-0.67715	-0.20572	0.30179	0.63870	26.0	null	null	13113	60
2026-05-27T16:53:58.902	WT901BLE68(F3:F0:16:BF:DC:AE)	0.197	0.632	0.750	23.560	5.371	-13.977	38.55	-12.12	-107.74	-43.093	11.767	15.700	-0.67715	-0.20572	0.30179	0.63870	26.0	null	null	13113	60
2026-05-27T16:53:58.989	WT901BLE68(F3:F0:16:BF:DC:AE)	0.247	0.660	0.762	2.014	-3.967	-9.094	40.07	-11.18	-106.79	-43.093	11.767	15.700	-0.58405	-0.12619	0.32651	0.73230	26.0	null	null	13113	60
2026-05-27T16:53:59.111	WT901BLE68(F3:F0:16:BF:DC:AE)	0.230	0.656	0.754	10.010	-17.700	-15.930	41.31	-11.43	-108.37	-43.093	11.767	15.700	-0.58405	-0.12619	0.32651	0.73230	26.0	null	null	13113	60
2026-05-27T16:53:59.204	WT901BLE68(F3:F0:16:BF:DC:AE)	0.190	0.693	0.717	-8.850	-16.846	-12.451	41.89	-11.23	-108.75	-43.093	11.767	15.700	-0.58405	-0.12619	0.32651	0.73230	26.0	null	null	13113	60
2026-05-27T16:53:59.322	WT901BLE68(F3:F0:16:BF:DC:AE)	0.171	0.628	0.761	-16.602	-22.522	-25.269	41.02	-11.22	-110.52	-43.093	11.767	15.700	-0.58405	-0.12619	0.32651	0.73230	26.0	null	null	13113	60
2026-05-27T16:53:59.415	WT901BLE68(F3:F0:16:BF:DC:AE)	0.174	0.619	0.771	-16.724	-14.526	-24.719	39.97	-10.70	-112.40	-43.093	11.767	15.700	-0.58405	-0.12619	0.32651	0.73230	26.0	null	null	13113	60
2026-05-27T16:53:59.533	WT901BLE68(F3:F0:16:BF:DC:AE)	0.165	0.598	0.771	-19.165	-19.836	-30.823	38.73	-10.16	-114.55	-43.093	11.767	15.700	-0.58405	-0.12619	0.32651	0.73230	26.0	null	null	13113	60
2026-05-27T16:53:59.589	WT901BLE68(F3:F0:16:BF:DC:AE)	0.215	0.637	0.766	-5.310	-60.730	-48.096	38.43	-11.09	-119.88	-43.093	11.767	15.700	-0.58405	-0.12619	0.32651	0.73230	26.0	null	null	13113	60
2026-05-27T16:53:59.712	WT901BLE68(F3:F0:16:BF:DC:AE)	0.049	0.743	0.597	-2.441	3.845	-43.152	39.20	-9.78	-122.84	-38.313	5.693	20.607	-0.58405	-0.12619	0.32651	0.73230	26.0	null	null	13113	60
2026-05-27T16:53:59.803	WT901BLE68(F3:F0:16:BF:DC:AE)	0.165	0.683	0.677	-13.062	-34.241	-35.522	38.92	-9.51	-126.62	-38.313	5.693	20.607	-0.58405	-0.12619	0.32651	0.73230	26.0	null	null	13113	60
2026-05-27T16:53:59.917	WT901BLE68(F3:F0:16:BF:DC:AE)	0.142	0.660	0.705	5.859	2.625	-21.362	39.60	-8.87	-128.38	-38.313	5.693	20.607	-0.43582	-0.07697	0.33450	0.83194	26.0	null	null	13113	60
2026-05-27T16:54:00.010	WT901BLE68(F3:F0:16:BF:DC:AE)	0.138	0.629	0.762	-3.479	-18.860	-13.306	40.02	-8.70	-129.06	-38.313	5.693	20.607	-0.43582	-0.07697	0.33450	0.83194	26.0	null	null	13113	60
2026-05-27T16:54:00.134	WT901BLE68(F3:F0:16:BF:DC:AE)	0.145	0.573	0.708	-0.366	-9.705	-9.460	39.89	-9.01	-129.38	-38.313	5.693	20.607	-0.43582	-0.07697	0.33450	0.83194	26.0	null	null	13113	60
2026-05-27T16:54:00.192	WT901BLE68(F3:F0:16:BF:DC:AE)	0.151	0.661	0.780	-19.836	-29.236	-15.869	39.19	-9.60	-130.52	-38.313	5.693	20.607	-0.43582	-0.07697	0.33450	0.83194	26.0	null	null	13113	60
2026-05-27T16:54:00.312	WT901BLE68(F3:F0:16:BF:DC:AE)	0.198	0.591	0.810	-23.865	-21.057	5.737	37.19	-11.44	-131.39	-38.313	5.693	20.607	-0.43582	-0.07697	0.33450	0.83194	26.0	null	null	13113	60
2026-05-27T16:54:00.405	WT901BLE68(F3:F0:16:BF:DC:AE)	0.265	0.585	0.843	-4.150	-4.028	-2.686	36.00	-12.93	-131.01	-38.313	5.693	20.607	-0.43582	-0.07697	0.33450	0.83194	26.0	null	null	13113	60
2026-05-27T16:54:00.522	WT901BLE68(F3:F0:16:BF:DC:AE)	0.209	0.636	0.795	19.043	-28.015	-20.508	37.96	-12.85	-131.86	-38.313	5.693	20.607	-0.43582	-0.07697	0.33450	0.83194	26.0	null	null	13113	60
2026-05-27T16:54:00.613	WT901BLE68(F3:F0:16:BF:DC:AE)	0.305	0.648	0.696	2.808	-1.770	-4.333	39.45	-13.29	-132.42	-29.187	0.533	22.200	-0.43582	-0.07697	0.33450	0.83194	26.0	null	null	13113	60
2026-05-27T16:54:00.734	WT901BLE68(F3:F0:16:BF:DC:AE)	0.229	0.640	0.765	-11.475	-27.283	-26.611	39.29	-13.72	-133.16	-29.187	0.533	22.200	-0.43582	-0.07697	0.33450	0.83194	26.0	null	null	13113	60
2026-05-27T16:54:00.823	WT901BLE68(F3:F0:16:BF:DC:AE)	0.267	0.624	0.738	-9.033	-34.790	-36.804	39.42	-14.01	-136.79	-29.187	0.533	22.200	-0.39645	-0.02280	0.35159	0.84769	26.0	null	null	13113	60
2026-05-27T16:54:00.942	WT901BLE68(F3:F0:16:BF:DC:AE)	0.238	0.625	0.819	-9.033	-10.986	-23.804	39.46	-13.32	-139.36	-29.187	0.533	22.200	-0.39645	-0.02280	0.35159	0.84769	26.0	null	null	13113	60
2026-05-27T16:54:01.002	WT901BLE68(F3:F0:16:BF:DC:AE)	0.210	0.638	0.771	-18.311	-26.978	-31.128	39.11	-12.97	-141.02	-29.187	0.533	22.200	-0.39645	-0.02280	0.35159	0.84769	26.0	null	null	13113	60
2026-05-27T16:54:01.124	WT901BLE68(F3:F0:16:BF:DC:AE)	0.116	0.611	0.764	-23.621	-38.696	-34.607	38.02	-13.16	-144.15	-29.187	0.533	22.200	-0.39645	-0.02280	0.35159	0.84769	26.0	null	null	13113	60
2026-05-27T16:54:01.215	WT901BLE68(F3:F0:16:BF:DC:AE)	0.188	0.589	0.801	-17.212	-20.813	-31.128	36.85	-13.28	-146.84	-29.187	0.533	22.200	-0.39645	-0.02280	0.35159	0.84769	26.0	null	null	13113	60
2026-05-27T16:54:01.334	WT901BLE68(F3:F0:16:BF:DC:AE)	0.176	0.572	0.836	-14.099	-31.616	-46.021	36.28	-13.00	-149.80	-29.187	0.533	22.200	-0.39645	-0.02280	0.35159	0.84769	26.0	null	null	13113	60
2026-05-27T16:54:01.425	WT901BLE68(F3:F0:16:BF:DC:AE)	0.209	0.658	0.774	2.441	-29.602	-44.373	36.95	-12.67	-153.92	-29.187	0.533	22.200	-0.39645	-0.02280	0.35159	0.84769	26.0	null	null	13113	60
2026-05-27T16:54:01.540	WT901BLE68(F3:F0:16:BF:DC:AE)	0.195	0.616	0.705	-8.057	-15.076	-42.847	37.85	-11.69	-156.90	-18.880	-3.627	19.980	-0.39645	-0.02280	0.35159	0.84769	26.0	null	null	13113	60
2026-05-27T16:54:01.603	WT901BLE68(F3:F0:16:BF:DC:AE)	0.184	0.634	0.811	-21.912	-41.138	-54.260	37.39	-10.89	-160.64	-18.880	-3.627	19.980	-0.39645	-0.02280	0.35159	0.84769	26.0	null	null	13113	60
2026-05-27T16:54:01.720	WT901BLE68(F3:F0:16:BF:DC:AE)	0.193	0.550	0.718	-0.977	-21.729	-30.762	37.23	-11.02	-164.95	-18.880	-3.627	19.980	-0.16089	0.04614	0.32632	0.93027	26.0	null	null	13113	60
2026-05-27T16:54:01.812	WT901BLE68(F3:F0:16:BF:DC:AE)	0.196	0.633	0.733	-9.094	-21.362	-29.907	37.41	-10.55	-166.20	-18.880	-3.627	19.980	-0.16089	0.04614	0.32632	0.93027	26.0	null	null	13113	60
2026-05-27T16:54:01.935	WT901BLE68(F3:F0:16:BF:DC:AE)	0.048	0.629	0.946	-22.095	-21.240	-26.733	36.73	-10.73	-167.78	-18.880	-3.627	19.980	-0.16089	0.04614	0.32632	0.93027	26.0	null	null	13113	60
2026-05-27T16:54:02.021	WT901BLE68(F3:F0:16:BF:DC:AE)	0.232	0.544	0.790	-19.897	-23.926	-15.747	35.66	-11.21	-168.80	-18.880	-3.627	19.980	-0.16089	0.04614	0.32632	0.93027	26.0	null	null	13113	60
2026-05-27T16:54:02.141	WT901BLE68(F3:F0:16:BF:DC:AE)	0.164	0.567	0.819	-14.465	-16.113	-18.372	34.38	-11.80	-169.25	-18.880	-3.627	19.980	-0.16089	0.04614	0.32632	0.93027	26.0	null	null	13113	60
2026-05-27T16:54:02.232	WT901BLE68(F3:F0:16:BF:DC:AE)	0.229	0.669	0.750	25.513	-32.532	-25.085	35.78	-12.53	-170.51	-18.880	-3.627	19.980	-0.16089	0.04614	0.32632	0.93027	26.0	null	null	13113	60
2026-05-27T16:54:02.355	WT901BLE68(F3:F0:16:BF:DC:AE)	0.284	0.706	0.653	18.677	14.282	-5.310	38.52	-12.45	-169.93	-18.880	-3.627	19.980	-0.16089	0.04614	0.32632	0.93027	26.0	null	null	13113	60
2026-05-27T16:54:02.409	WT901BLE68(F3:F0:16:BF:DC:AE)	0.258	0.658	0.813	-13.367	-39.978	-29.480	39.00	-12.17	-169.84	-10.493	-1.793	14.893	-0.16089	0.04614	0.32632	0.93027	26.0	null	null	13113	60
2026-05-27T16:54:02.532	WT901BLE68(F3:F0:16:BF:DC:AE)	0.229	0.630	0.720	4.395	-4.578	-19.958	39.37	-12.58	-171.47	-10.493	-1.793	14.893	-0.16089	0.04614	0.32632	0.93027	26.0	null	null	13113	60
2026-05-27T16:54:02.619	WT901BLE68(F3:F0:16:BF:DC:AE)	0.201	0.632	0.795	-12.634	-5.371	-20.081	39.67	-11.40	-170.66	-10.493	-1.793	14.893	-0.10767	0.07339	0.34354	0.92999	26.0	null	null	13113	60
2026-05-27T16:54:02.749	WT901BLE68(F3:F0:16:BF:DC:AE)	0.230	0.602	0.857	-23.254	-17.151	-20.264	38.25	-11.05	-170.74	-10.493	-1.793	14.893	-0.10767	0.07339	0.34354	0.92999	26.0	null	null	13113	60
2026-05-27T16:54:02.831	WT901BLE68(F3:F0:16:BF:DC:AE)	0.121	0.656	0.865	-13.428	-11.108	-19.836	37.06	-11.21	-170.78	-10.493	-1.793	14.893	-0.10767	0.07339	0.34354	0.92999	26.0	null	null	13113	60
2026-05-27T16:54:02.953	WT901BLE68(F3:F0:16:BF:DC:AE)	0.278	0.619	0.691	-1.709	-45.715	-33.569	36.49	-11.69	-171.99	-10.493	-1.793	14.893	-0.10767	0.07339	0.34354	0.92999	26.0	null	null	13113	60
2026-05-27T16:54:03.012	WT901BLE68(F3:F0:16:BF:DC:AE)	0.131	0.581	0.542	8.118	2.625	-22.583	38.06	-12.56	-174.58	-10.493	-1.793	14.893	-0.10767	0.07339	0.34354	0.92999	26.0	null	null	13113	60
2026-05-27T16:54:03.133	WT901BLE68(F3:F0:16:BF:DC:AE)	0.278	0.583	0.748	-21.179	-42.542	-29.175	37.63	-12.22	-174.56	-10.493	-1.793	14.893	-0.10767	0.07339	0.34354	0.92999	26.0	null	null	13113	60
2026-05-27T16:54:03.222	WT901BLE68(F3:F0:16:BF:DC:AE)	0.203	0.566	0.814	3.235	-8.362	-17.822	37.58	-13.28	-176.23	-10.493	-1.793	14.893	-0.10767	0.07339	0.34354	0.92999	26.0	null	null	13113	60
2026-05-27T16:54:03.338	WT901BLE68(F3:F0:16:BF:DC:AE)	0.224	0.627	0.792	1.221	-4.578	-10.132	38.50	-11.90	-174.24	-3.940	0.867	9.047	-0.10767	0.07339	0.34354	0.92999	26.0	null	null	13113	60
2026-05-27T16:54:03.431	WT901BLE68(F3:F0:16:BF:DC:AE)	0.155	0.635	0.844	-5.554	-16.296	-13.428	38.64	-11.61	-172.90	-3.940	0.867	9.047	-0.10767	0.07339	0.34354	0.92999	26.0	null	null	13113	60
2026-05-27T16:54:03.549	WT901BLE68(F3:F0:16:BF:DC:AE)	0.120	0.565	0.731	-4.333	-2.625	-6.104	38.56	-11.69	-171.54	-3.940	0.867	9.047	-0.09659	0.07465	0.33481	0.93430	26.0	null	null	13113	60
2026-05-27T16:54:03.642	WT901BLE68(F3:F0:16:BF:DC:AE)	0.152	0.595	0.792	-7.507	0.610	9.155	37.78	-11.87	-168.77	-3.940	0.867	9.047	-0.09659	0.07465	0.33481	0.93430	26.0	null	null	13113	60
2026-05-27T16:54:03.766	WT901BLE68(F3:F0:16:BF:DC:AE)	0.181	0.588	0.842	2.930	-13.123	-1.831	37.58	-12.04	-165.72	-3.940	0.867	9.047	-0.09659	0.07465	0.33481	0.93430	26.0	null	null	13113	60
2026-05-27T16:54:03.821	WT901BLE68(F3:F0:16:BF:DC:AE)	0.226	0.618	0.683	15.869	7.385	-2.258	38.93	-11.91	-163.98	-3.940	0.867	9.047	-0.09659	0.07465	0.33481	0.93430	26.0	null	null	13113	60
2026-05-27T16:54:03.939	WT901BLE68(F3:F0:16:BF:DC:AE)	0.236	0.692	0.712	4.639	31.311	0.366	39.60	-10.52	-159.79	-3.940	0.867	9.047	-0.09659	0.07465	0.33481	0.93430	26.0	null	null	13113	60
2026-05-27T16:54:04.034	WT901BLE68(F3:F0:16:BF:DC:AE)	0.134	0.628	0.745	2.625	3.113	-8.484	39.96	-9.76	-157.53	-3.940	0.867	9.047	-0.09659	0.07465	0.33481	0.93430	26.0	null	null	13113	60
2026-05-27T16:54:04.152	WT901BLE68(F3:F0:16:BF:DC:AE)	0.130	0.642	0.762	-3.906	10.742	0.305	40.15	-8.64	-155.02	-3.940	0.867	9.047	-0.09659	0.07465	0.33481	0.93430	26.0	null	null	13113	60
2026-05-27T16:54:04.241	WT901BLE68(F3:F0:16:BF:DC:AE)	0.136	0.598	0.785	-15.991	1.770	-9.094	38.92	-7.50	-152.50	-5.420	2.087	8.173	-0.09659	0.07465	0.33481	0.93430	26.0	null	null	13113	60
2026-05-27T16:54:04.362	WT901BLE68(F3:F0:16:BF:DC:AE)	0.079	0.597	0.828	-12.329	-1.343	-12.573	37.42	-7.19	-151.82	-5.420	2.087	8.173	-0.09659	0.07465	0.33481	0.93430	26.0	null	null	13113	60
2026-05-27T16:54:04.420	WT901BLE68(F3:F0:16:BF:DC:AE)	0.150	0.604	0.831	-5.920	-1.892	-16.479	36.82	-6.39	-151.08	-5.420	2.087	8.173	-0.25131	-0.02353	0.32156	0.91257	26.0	null	null	13113	60
2026-05-27T16:54:04.542	WT901BLE68(F3:F0:16:BF:DC:AE)	0.093	0.563	0.813	26.123	12.024	-16.541	38.04	-5.75	-151.27	-5.420	2.087	8.173	-0.25131	-0.02353	0.32156	0.91257	26.0	null	null	13113	60
2026-05-27T16:54:04.631	WT901BLE68(F3:F0:16:BF:DC:AE)	0.118	0.687	0.736	0.244	1.038	-10.071	39.74	-3.38	-147.78	-5.420	2.087	8.173	-0.25131	-0.02353	0.32156	0.91257	26.0	null	null	13113	60
2026-05-27T16:54:04.756	WT901BLE68(F3:F0:16:BF:DC:AE)	0.108	0.635	0.822	-2.930	-15.320	-21.423	39.15	-3.53	-148.45	-5.420	2.087	8.173	-0.25131	-0.02353	0.32156	0.91257	26.0	null	null	13113	60
2026-05-27T16:54:04.842	WT901BLE68(F3:F0:16:BF:DC:AE)	0.049	0.684	0.791	6.348	21.118	-2.136	39.83	-2.09	-145.81	-5.420	2.087	8.173	-0.25131	-0.02353	0.32156	0.91257	26.0	null	null	13113	60
2026-05-27T16:54:04.966	WT901BLE68(F3:F0:16:BF:DC:AE)	0.002	0.605	0.825	-0.549	-0.305	-5.798	39.94	-1.51	-143.42	-5.420	2.087	8.173	-0.25131	-0.02353	0.32156	0.91257	26.0	null	null	13113	60
2026-05-27T16:54:05.052	WT901BLE68(F3:F0:16:BF:DC:AE)	0.031	0.631	0.849	-9.399	1.892	-4.517	39.28	-1.07	-141.17	-5.420	2.087	8.173	-0.25131	-0.02353	0.32156	0.91257	26.0	null	null	13113	60
2026-05-27T16:54:05.174	WT901BLE68(F3:F0:16:BF:DC:AE)	0.039	0.642	0.826	-14.709	0.305	9.521	37.94	-1.33	-138.89	-7.313	5.280	8.707	-0.25131	-0.02353	0.32156	0.91257	26.0	null	null	13113	60
2026-05-27T16:54:05.234	WT901BLE68(F3:F0:16:BF:DC:AE)	0.069	0.699	0.852	9.155	-4.578	11.230	37.82	-2.20	-135.77	-7.313	5.280	8.707	-0.25131	-0.02353	0.32156	0.91257	26.0	null	null	13113	60
2026-05-27T16:54:05.350	WT901BLE68(F3:F0:16:BF:DC:AE)	-0.064	0.602	0.742	17.700	15.808	16.479	39.29	-2.97	-132.59	-7.313	5.280	8.707	-0.37140	-0.10541	0.31238	0.86792	26.0	null	null	13113	60
2026-05-27T16:54:05.442	WT901BLE68(F3:F0:16:BF:DC:AE)	0.012	0.626	0.744	-1.648	-4.822	-4.944	39.96	-2.79	-129.67	-7.313	5.280	8.707	-0.37140	-0.10541	0.31238	0.86792	26.0	null	null	13113	60
2026-05-27T16:54:05.565	WT901BLE68(F3:F0:16:BF:DC:AE)	0.085	0.673	0.738	9.155	-1.465	-11.719	40.49	-2.33	-128.80	-7.313	5.280	8.707	-0.37140	-0.10541	0.31238	0.86792	26.0	null	null	13113	60
2026-05-27T16:54:05.653	WT901BLE68(F3:F0:16:BF:DC:AE)	-0.071	0.670	0.779	9.705	11.169	-4.578	41.85	-1.38	-126.39	-7.313	5.280	8.707	-0.37140	-0.10541	0.31238	0.86792	26.0	null	null	13113	60
2026-05-27T16:54:05.774	WT901BLE68(F3:F0:16:BF:DC:AE)	0.017	0.650	0.780	-14.587	-12.634	-14.893	41.34	-0.77	-124.77	-7.313	5.280	8.707	-0.37140	-0.10541	0.31238	0.86792	26.0	null	null	13113	60
2026-05-27T16:54:05.831	WT901BLE68(F3:F0:16:BF:DC:AE)	0.054	0.625	0.828	-12.085	-10.071	-14.038	39.94	-0.36	-123.83	-7.313	5.280	8.707	-0.37140	-0.10541	0.31238	0.86792	26.0	null	null	13113	60
2026-05-27T16:54:05.953	WT901BLE68(F3:F0:16:BF:DC:AE)	-0.016	0.595	0.712	1.282	-5.249	-2.930	39.42	-0.25	-121.94	-7.313	5.280	8.707	-0.37140	-0.10541	0.31238	0.86792	26.0	null	null	13113	60
2026-05-27T16:54:06.039	WT901BLE68(F3:F0:16:BF:DC:AE)	0.123	0.672	0.917	3.113	-43.518	2.502	39.43	-2.85	-120.22	-5.373	7.887	5.780	-0.37140	-0.10541	0.31238	0.86792	26.0	null	null	13113	60
2026-05-27T16:54:06.166	WT901BLE68(F3:F0:16:BF:DC:AE)	0.082	0.694	0.625	31.921	15.930	-6.287	42.24	-3.32	-117.23	-5.373	7.887	5.780	-0.37140	-0.10541	0.31238	0.86792	26.0	null	null	13113	60
2026-05-27T16:54:06.251	WT901BLE68(F3:F0:16:BF:DC:AE)	0.079	0.725	0.668	-9.583	-23.499	-22.949	42.94	-2.58	-113.98	-5.373	7.887	5.780	-0.50537	-0.17648	0.32117	0.78113	26.0	null	null	13113	60
2026-05-27T16:54:06.377	WT901BLE68(F3:F0:16:BF:DC:AE)	0.005	0.605	0.700	22.095	31.067	-16.785	43.16	-1.50	-111.55	-5.373	7.887	5.780	-0.50537	-0.17648	0.32117	0.78113	26.0	null	null	13113	60
2026-05-27T16:54:06.464	WT901BLE68(F3:F0:16:BF:DC:AE)	-0.106	0.773	0.747	8.850	4.639	-4.395	45.40	1.80	-105.27	-5.373	7.887	5.780	-0.50537	-0.17648	0.32117	0.78113	26.0	null	null	13113	60
2026-05-27T16:54:06.584	WT901BLE68(F3:F0:16:BF:DC:AE)	-0.023	0.662	0.725	-3.845	0.916	-4.395	45.57	2.33	-101.11	-5.373	7.887	5.780	-0.50537	-0.17648	0.32117	0.78113	26.0	null	null	13113	60
2026-05-27T16:54:06.642	WT901BLE68(F3:F0:16:BF:DC:AE)	-0.008	0.678	0.704	-15.869	-1.221	-1.282	44.93	3.35	-96.55	-5.373	7.887	5.780	-0.50537	-0.17648	0.32117	0.78113	26.0	null	null	13113	60
2026-05-27T16:54:06.766	WT901BLE68(F3:F0:16:BF:DC:AE)	0.044	0.720	0.695	-10.193	-9.521	7.202	43.28	2.84	-93.18	-5.373	7.887	5.780	-0.50537	-0.17648	0.32117	0.78113	26.0	null	null	13113	60
2026-05-27T16:54:06.852	WT901BLE68(F3:F0:16:BF:DC:AE)	0.005	0.608	0.746	3.967	-8.667	22.583	42.99	0.67	-89.77	-5.373	7.887	5.780	-0.50537	-0.17648	0.32117	0.78113	26.0	null	null	13113	60
2026-05-27T16:54:06.971	WT901BLE68(F3:F0:16:BF:DC:AE)	0.031	0.729	0.647	0.793	18.860	15.808	43.63	0.43	-83.73	-4.767	13.080	1.240	-0.50537	-0.17648	0.32117	0.78113	26.0	null	null	13113	60
2026-05-27T16:54:07.060	WT901BLE68(F3:F0:16:BF:DC:AE)	0.021	0.769	0.730	-4.761	-12.451	-1.404	43.22	-0.04	-80.16	-4.767	13.080	1.240	-0.50537	-0.17648	0.32117	0.78113	26.0	null	null	13113	60
2026-05-27T16:54:07.183	WT901BLE68(F3:F0:16:BF:DC:AE)	-0.064	0.739	0.674	7.019	10.925	-0.977	43.56	-0.19	-77.29	-4.767	13.080	1.240	-0.71609	-0.28192	0.23666	0.59296	26.0	null	null	13113	60
2026-05-27T16:54:07.240	WT901BLE68(F3:F0:16:BF:DC:AE)	-0.004	0.680	0.665	-7.507	-13.306	-3.540	43.66	-0.36	-74.65	-4.767	13.080	1.240	-0.71609	-0.28192	0.23666	0.59296	26.0	null	null	13113	60
2026-05-27T16:54:07.361	WT901BLE68(F3:F0:16:BF:DC:AE)	0.007	0.721	0.755	-7.935	-0.427	-1.892	42.79	-0.86	-72.42	-4.767	13.080	1.240	-0.71609	-0.28192	0.23666	0.59296	26.0	null	null	13113	60
2026-05-27T16:54:07.452	WT901BLE68(F3:F0:16:BF:DC:AE)	-0.006	0.675	0.736	-9.277	0.977	7.935	41.97	-1.14	-69.19	-4.767	13.080	1.240	-0.71609	-0.28192	0.23666	0.59296	26.0	null	null	13113	60
2026-05-27T16:54:07.575	WT901BLE68(F3:F0:16:BF:DC:AE)	0.074	0.635	0.790	-15.808	-17.883	2.808	40.64	-2.39	-66.41	-4.767	13.080	1.240	-0.71609	-0.28192	0.23666	0.59296	26.0	null	null	13113	60
2026-05-27T16:54:07.660	WT901BLE68(F3:F0:16:BF:DC:AE)	0.070	0.601	0.927	14.648	-16.541	-13.489	40.85	-3.81	-65.46	-4.767	13.080	1.240	-0.71609	-0.28192	0.23666	0.59296	26.0	null	null	13113	60
2026-05-27T16:54:07.784	WT901BLE68(F3:F0:16:BF:DC:AE)	0.111	0.755	0.754	2.380	14.771	2.014	42.19	-2.40	-61.28	-4.767	13.080	1.240	-0.71609	-0.28192	0.23666	0.59296	26.0	null	null	13113	60
2026-05-27T16:54:07.840	WT901BLE68(F3:F0:16:BF:DC:AE)	0.014	0.705	0.818	-9.827	-30.884	-19.714	41.66	-2.58	-59.91	-1.553	14.527	-2.940	-0.71609	-0.28192	0.23666	0.59296	26.0	null	null	13113	60
2026-05-27T16:54:07.992	WT901BLE68(F3:F0:16:BF:DC:AE)	-0.036	0.690	0.752	4.944	12.634	0.183	41.90	-2.18	-57.79	-1.553	14.527	-2.940	-0.71609	-0.28192	0.23666	0.59296	26.0	null	null	13113	60
2026-05-27T16:54:08.051	WT901BLE68(F3:F0:16:BF:DC:AE)	0.090	0.664	0.780	-2.136	-2.686	3.906	41.98	-1.70	-54.58	-1.553	14.527	-2.940	-0.82724	-0.31113	0.17950	0.43188	26.0	null	null	13113	60
2026-05-27T16:54:08.174	WT901BLE68(F3:F0:16:BF:DC:AE)	0.090	0.627	0.772	-3.296	-7.935	16.663	41.52	-2.60	-51.34	-1.553	14.527	-2.940	-0.82724	-0.31113	0.17950	0.43188	26.0	null	null	13113	60
2026-05-27T16:54:08.262	WT901BLE68(F3:F0:16:BF:DC:AE)	0.066	0.701	0.799	-7.446	6.409	10.376	41.08	-2.83	-47.42	-1.553	14.527	-2.940	-0.82724	-0.31113	0.17950	0.43188	26.0	null	null	13113	60
2026-05-27T16:54:08.382	WT901BLE68(F3:F0:16:BF:DC:AE)	0.098	0.690	0.780	-8.850	-21.729	8.362	40.35	-3.72	-44.76	-1.553	14.527	-2.940	-0.82724	-0.31113	0.17950	0.43188	26.0	null	null	13113	60
2026-05-27T16:54:08.475	WT901BLE68(F3:F0:16:BF:DC:AE)	0.052	0.723	0.779	7.874	-2.258	11.719	40.39	-5.63	-42.46	-1.553	14.527	-2.940	-0.82724	-0.31113	0.17950	0.43188	26.0	null	null	13113	60
2026-05-27T16:54:08.595	WT901BLE68(F3:F0:16:BF:DC:AE)	0.103	0.706	0.685	8.606	2.258	9.460	41.31	-6.40	-39.30	-1.553	14.527	-2.940	-0.82724	-0.31113	0.17950	0.43188	26.0	null	null	13113	60
2026-05-27T16:54:08.651	WT901BLE68(F3:F0:16:BF:DC:AE)	0.173	0.654	0.746	2.441	-9.155	3.296	41.83	-7.07	-36.60	-1.553	14.527	-2.940	-0.82724	-0.31113	0.17950	0.43188	26.0	null	null	13113	60
2026-05-27T16:54:08.773	WT901BLE68(F3:F0:16:BF:DC:AE)	0.146	0.710	0.713	10.559	-2.808	-0.488	42.75	-7.55	-34.69	1.307	15.093	-6.653	-0.82724	-0.31113	0.17950	0.43188	26.0	null	null	13113	60
2026-05-27T16:54:08.860	WT901BLE68(F3:F0:16:BF:DC:AE)	0.172	0.706	0.686	8.362	-13.428	-6.531	43.92	-7.90	-33.44	1.307	15.093	-6.653	-0.82724	-0.31113	0.17950	0.43188	26.0	null	null	13113	60
2026-05-27T16:54:08.979	WT901BLE68(F3:F0:16:BF:DC:AE)	0.188	0.699	0.709	3.784	-11.719	-1.831	44.93	-8.60	-32.53	1.307	15.093	-6.653	-0.89276	-0.34338	0.17065	0.23624	26.0	null	null	13113	60
2026-05-27T16:54:09.074	WT901BLE68(F3:F0:16:BF:DC:AE)	0.222	0.748	0.768	-10.376	-27.039	-21.179	45.12	-9.18	-32.37	1.307	15.093	-6.653	-0.89276	-0.34338	0.17065	0.23624	26.0	null	null	13113	60
2026-05-27T16:54:09.193	WT901BLE68(F3:F0:16:BF:DC:AE)	0.212	0.664	0.723	-11.047	-35.034	-37.964	44.47	-9.52	-35.07	1.307	15.093	-6.653	-0.89276	-0.34338	0.17065	0.23624	26.0	null	null	13113	60
2026-05-27T16:54:09.285	WT901BLE68(F3:F0:16:BF:DC:AE)	0.121	0.647	0.829	1.892	-19.531	-48.218	44.81	-8.84	-38.26	1.307	15.093	-6.653	-0.89276	-0.34338	0.17065	0.23624	26.0	null	null	13113	60
2026-05-27T16:54:09.402	WT901BLE68(F3:F0:16:BF:DC:AE)	0.066	0.692	0.725	27.222	-2.380	-42.603	46.88	-6.61	-40.48	1.307	15.093	-6.653	-0.89276	-0.34338	0.17065	0.23624	26.0	null	null	13113	60
2026-05-27T16:54:09.463	WT901BLE68(F3:F0:16:BF:DC:AE)	-0.064	0.754	0.609	17.578	6.531	-37.415	49.14	-3.78	-41.25	1.307	15.093	-6.653	-0.89276	-0.34338	0.17065	0.23624	26.0	null	null	13113	60
2026-05-27T16:54:09.580	WT901BLE68(F3:F0:16:BF:DC:AE)	-0.022	0.827	0.705	-5.005	-40.894	-34.851	49.68	-1.99	-43.26	1.307	15.093	-6.653	-0.89276	-0.34338	0.17065	0.23624	26.0	null	null	13113	60
2026-05-27T16:54:09.674	WT901BLE68(F3:F0:16:BF:DC:AE)	-0.027	0.757	0.586	-4.944	-35.156	-24.902	49.75	-2.30	-46.09	-8.727	29.667	-19.407	-0.89276	-0.34338	0.17065	0.23624	26.0	null	null	13113	60
2026-05-27T16:54:09.790	WT901BLE68(F3:F0:16:BF:DC:AE)	0.086	0.733	0.598	-18.860	-30.090	-7.813	48.43	-3.10	-47.94	-8.727	29.667	-19.407	-0.89276	-0.34338	0.17065	0.23624	26.0	null	null	13113	60
2026-05-27T16:54:09.884	WT901BLE68(F3:F0:16:BF:DC:AE)	0.030	0.721	0.781	-14.648	-3.052	11.963	47.03	-4.24	-47.06	-8.727	29.667	-19.407	-0.84024	-0.35776	0.19037	0.36005	26.0	null	null	13113	60
2026-05-27T16:54:10.000	WT901BLE68(F3:F0:16:BF:DC:AE)	0.104	0.722	0.661	-16.602	-18.738	-3.784	45.73	-4.35	-44.91	-8.727	29.667	-19.407	-0.84024	-0.35776	0.19037	0.36005	26.0	null	null	13113	60
2026-05-27T16:54:10.062	WT901BLE68(F3:F0:16:BF:DC:AE)	0.122	0.674	0.693	-10.376	-33.936	-10.437	44.25	-6.03	-46.31	-8.727	29.667	-19.407	-0.84024	-0.35776	0.19037	0.36005	26.0	null	null	13113	60
2026-05-27T16:54:10.182	WT901BLE68(F3:F0:16:BF:DC:AE)	0.134	0.646	0.744	28.564	3.174	-6.653	45.31	-6.77	-45.96	-8.727	29.667	-19.407	-0.84024	-0.35776	0.19037	0.36005	26.0	null	null	13113	60
2026-05-27T16:54:10.274	WT901BLE68(F3:F0:16:BF:DC:AE)	0.048	0.743	0.607	35.522	-3.723	-14.160	48.99	-5.66	-45.44	-8.727	29.667	-19.407	-0.84024	-0.35776	0.19037	0.36005	26.0	null	null	13113	60
2026-05-27T16:54:10.393	WT901BLE68(F3:F0:16:BF:DC:AE)	0.045	0.799	0.574	9.888	-30.884	-11.658	50.95	-5.71	-45.97	-8.727	29.667	-19.407	-0.84024	-0.35776	0.19037	0.36005	26.0	null	null	13113	60
2026-05-27T16:54:10.481	WT901BLE68(F3:F0:16:BF:DC:AE)	0.060	0.820	0.679	6.897	-12.878	-21.179	51.78	-5.48	-47.32	-8.727	29.667	-19.407	-0.84024	-0.35776	0.19037	0.36005	26.0	null	null	13113	60
2026-05-27T16:54:10.604	WT901BLE68(F3:F0:16:BF:DC:AE)	0.106	0.798	0.529	9.705	-5.310	-11.963	52.88	-4.44	-46.99	-16.080	35.500	-26.573	-0.84024	-0.35776	0.19037	0.36005	26.0	null	null	13113	60
2026-05-27T16:54:10.695	WT901BLE68(F3:F0:16:BF:DC:AE)	0.155	0.830	0.584	-11.169	-40.039	-14.343	52.94	-4.59	-47.97	-16.080	35.500	-26.573	-0.84024	-0.35776	0.19037	0.36005	26.0	null	null	13113	60
2026-05-27T16:54:10.811	WT901BLE68(F3:F0:16:BF:DC:AE)	0.159	0.757	0.617	-13.977	-53.955	-11.597	51.95	-6.82	-51.33	-16.080	35.500	-26.573	-0.82285	-0.38403	0.22256	0.35464	26.0	null	null	13113	60
2026-05-27T16:54:10.872	WT901BLE68(F3:F0:16:BF:DC:AE)	0.193	0.765	0.678	-1.892	-61.523	-20.447	51.97	-9.27	-55.27	-16.080	35.500	-26.573	-0.82285	-0.38403	0.22256	0.35464	26.0	null	null	13113	60
2026-05-27T16:54:10.992	WT901BLE68(F3:F0:16:BF:DC:AE)	0.014	0.707	0.573	-4.822	-34.790	-19.104	52.99	-10.83	-58.82	-16.080	35.500	-26.573	-0.82285	-0.38403	0.22256	0.35464	26.0	null	null	13113	60
2026-05-27T16:54:11.084	WT901BLE68(F3:F0:16:BF:DC:AE)	0.130	0.780	0.754	-39.795	-22.583	-19.287	50.53	-10.05	-59.85	-16.080	35.500	-26.573	-0.82285	-0.38403	0.22256	0.35464	26.0	null	null	13113	60
2026-05-27T16:54:11.203	WT901BLE68(F3:F0:16:BF:DC:AE)	0.091	0.709	0.734	-20.386	-11.230	-18.738	47.95	-9.71	-61.04	-16.080	35.500	-26.573	-0.82285	-0.38403	0.22256	0.35464	26.0	null	null	13113	60
2026-05-27T16:54:11.292	WT901BLE68(F3:F0:16:BF:DC:AE)	0.161	0.713	0.660	-15.198	-13.489	-11.841	46.82	-9.16	-61.12	-16.080	35.500	-26.573	-0.82285	-0.38403	0.22256	0.35464	26.0	null	null	13113	60
2026-05-27T16:54:11.412	WT901BLE68(F3:F0:16:BF:DC:AE)	0.220	0.680	0.727	-21.790	-29.602	0.305	45.28	-10.51	-61.90	-16.080	35.500	-26.573	-0.82285	-0.38403	0.22256	0.35464	26.0	null	null	13113	60
2026-05-27T16:54:11.470	WT901BLE68(F3:F0:16:BF:DC:AE)	0.321	0.678	0.681	-35.278	-59.570	9.949	43.06	-14.60	-63.58	-29.600	39.680	-19.287	-0.82285	-0.38403	0.22256	0.35464	26.0	null	null	13113	60
2026-05-27T16:54:11.594	WT901BLE68(F3:F0:16:BF:DC:AE)	0.251	0.643	0.796	-23.560	-12.085	1.709	40.35	-16.70	-63.79	-29.600	39.680	-19.287	-0.82285	-0.38403	0.22256	0.35464	26.0	null	null	13113	60
2026-05-27T16:54:11.681	WT901BLE68(F3:F0:16:BF:DC:AE)	0.289	0.655	1.142	7.996	12.146	-10.864	39.86	-16.95	-62.90	-29.600	39.680	-19.287	-0.81744	-0.21210	0.29492	0.44690	26.0	null	null	13113	60
2026-05-27T16:54:11.802	WT901BLE68(F3:F0:16:BF:DC:AE)	0.114	0.670	0.638	15.442	59.937	-6.165	41.03	-12.84	-59.59	-29.600	39.680	-19.287	-0.81744	-0.21210	0.29492	0.44690	26.0	null	null	13113	60
2026-05-27T16:54:11.890	WT901BLE68(F3:F0:16:BF:DC:AE)	0.203	0.690	0.703	-8.240	-9.094	-12.024	40.78	-11.14	-58.19	-29.600	39.680	-19.287	-0.81744	-0.21210	0.29492	0.44690	26.0	null	null	13113	60
2026-05-27T16:54:12.013	WT901BLE68(F3:F0:16:BF:DC:AE)	0.157	0.660	0.711	-2.258	-13.550	-2.747	40.70	-11.50	-58.46	-29.600	39.680	-19.287	-0.81744	-0.21210	0.29492	0.44690	26.0	null	null	13113	60
2026-05-27T16:54:12.102	WT901BLE68(F3:F0:16:BF:DC:AE)	0.185	0.625	0.754	9.216	-20.752	-6.409	41.19	-12.00	-58.30	-29.600	39.680	-19.287	-0.81744	-0.21210	0.29492	0.44690	26.0	null	null	13113	60
2026-05-27T16:54:12.224	WT901BLE68(F3:F0:16:BF:DC:AE)	0.165	0.683	0.682	6.653	-8.545	-18.982	42.31	-11.68	-58.64	-29.600	39.680	-19.287	-0.81744	-0.21210	0.29492	0.44690	26.0	null	null	13113	60
2026-05-27T16:54:12.281	WT901BLE68(F3:F0:16:BF:DC:AE)	0.165	0.646	0.660	0.366	-27.527	-37.415	43.51	-11.29	-61.02	-29.600	39.680	-19.287	-0.81744	-0.21210	0.29492	0.44690	26.0	null	null	13113	60
2026-05-27T16:54:12.402	WT901BLE68(F3:F0:16:BF:DC:AE)	0.037	0.602	0.749	19.592	-91.431	-56.030	45.08	-10.88	-66.19	-37.233	42.887	-15.407	-0.81744	-0.21210	0.29492	0.44690	26.0	null	null	13113	60
2026-05-27T16:54:12.490	WT901BLE68(F3:F0:16:BF:DC:AE)	0.315	0.875	0.579	-11.353	-33.081	-35.583	48.50	-16.13	-78.26	-37.233	42.887	-15.407	-0.81744	-0.21210	0.29492	0.44690	26.0	null	null	13113	60
2026-05-27T16:54:12.611	WT901BLE68(F3:F0:16:BF:DC:AE)	0.339	0.708	0.639	-32.227	-51.453	-25.635	47.71	-15.53	-81.42	-37.233	42.887	-15.407	-0.73309	-0.23425	0.35486	0.53073	26.0	null	null	13113	60
2026-05-27T16:54:12.703	WT901BLE68(F3:F0:16:BF:DC:AE)	0.310	0.708	0.778	-41.138	-36.987	-27.588	45.70	-16.22	-84.94	-37.233	42.887	-15.407	-0.73309	-0.23425	0.35486	0.53073	26.0	null	null	13113	60
2026-05-27T16:54:12.822	WT901BLE68(F3:F0:16:BF:DC:AE)	0.272	0.717	0.761	-22.949	-21.057	-18.616	43.52	-15.55	-86.45	-37.233	42.887	-15.407	-0.73309	-0.23425	0.35486	0.53073	26.0	null	null	13113	60
2026-05-27T16:54:12.882	WT901BLE68(F3:F0:16:BF:DC:AE)	0.186	0.680	0.715	-11.719	-3.845	-14.099	42.47	-15.23	-87.00	-37.233	42.887	-15.407	-0.73309	-0.23425	0.35486	0.53073	26.0	null	null	13113	60
2026-05-27T16:54:13.005	WT901BLE68(F3:F0:16:BF:DC:AE)	0.156	0.669	0.520	-15.808	-8.911	-21.851	41.39	-14.18	-87.69	-37.233	42.887	-15.407	-0.73309	-0.23425	0.35486	0.53073	26.0	null	null	13113	60
2026-05-27T16:54:13.093	WT901BLE68(F3:F0:16:BF:DC:AE)	0.268	0.685	0.644	3.479	3.296	-16.846	41.19	-13.24	-88.60	-37.233	42.887	-15.407	-0.73309	-0.23425	0.35486	0.53073	26.0	null	null	13113	60
2026-05-27T16:54:13.213	WT901BLE68(F3:F0:16:BF:DC:AE)	0.233	0.651	0.761	-10.742	-18.066	-12.756	41.53	-13.07	-89.30	-37.233	42.887	-15.407	-0.73309	-0.23425	0.35486	0.53073	26.0	null	null	13113	60
2026-05-27T16:54:13.301	WT901BLE68(F3:F0:16:BF:DC:AE)	0.238	0.649	0.771	-14.160	-23.132	0.305	40.85	-14.07	-90.10	-53.260	30.547	3.320	-0.73309	-0.23425	0.35486	0.53073	26.0	null	null	13113	60
2026-05-27T16:54:13.423	WT901BLE68(F3:F0:16:BF:DC:AE)	0.263	0.689	0.722	-11.963	-26.733	-20.874	40.05	-15.14	-91.31	-53.260	30.547	3.320	-0.73309	-0.23425	0.35486	0.53073	26.0	null	null	13113	60
2026-05-27T16:54:13.481	WT901BLE68(F3:F0:16:BF:DC:AE)	0.246	0.682	0.706	-6.592	-8.423	-10.864	39.72	-15.57	-92.89	-53.260	30.547	3.320	-0.67722	-0.14215	0.33170	0.64114	26.0	null	null	13113	60
2026-05-27T16:54:13.633	WT901BLE68(F3:F0:16:BF:DC:AE)	0.269	0.712	0.688	4.395	6.897	-17.334	39.96	-14.68	-93.07	-53.260	30.547	3.320	-0.67722	-0.14215	0.33170	0.64114	26.0	null	null	13113	60
2026-05-27T16:54:13.693	WT901BLE68(F3:F0:16:BF:DC:AE)	0.282	0.656	0.681	8.423	12.573	-19.836	41.04	-12.20	-92.95	-53.260	30.547	3.320	-0.67722	-0.14215	0.33170	0.64114	26.0	null	null	13113	60
2026-05-27T16:54:13.811	WT901BLE68(F3:F0:16:BF:DC:AE)	0.255	0.624	0.748	-15.991	-18.250	-19.592	41.19	-11.31	-93.64	-53.260	30.547	3.320	-0.67722	-0.14215	0.33170	0.64114	26.0	null	null	13113	60
2026-05-27T16:54:13.904	WT901BLE68(F3:F0:16:BF:DC:AE)	0.273	0.611	0.780	-19.043	-33.936	-33.630	40.20	-12.03	-96.68	-53.260	30.547	3.320	-0.67722	-0.14215	0.33170	0.64114	26.0	null	null	13113	60
2026-05-27T16:54:14.023	WT901BLE68(F3:F0:16:BF:DC:AE)	0.185	0.657	0.760	-4.089	-24.231	-34.790	40.00	-11.95	-100.26	-53.260	30.547	3.320	-0.67722	-0.14215	0.33170	0.64114	26.0	null	null	13113	60
2026-05-27T16:54:14.109	WT901BLE68(F3:F0:16:BF:DC:AE)	0.206	0.688	0.795	-3.479	-51.697	-57.312	40.75	-10.91	-103.99	-53.260	30.547	3.320	-0.67722	-0.14215	0.33170	0.64114	26.0	null	null	13113	60
2026-05-27T16:54:14.234	WT901BLE68(F3:F0:16:BF:DC:AE)	0.204	0.692	0.604	27.344	12.878	-28.442	42.85	-9.51	-107.20	-55.933	17.320	11.520	-0.67722	-0.14215	0.33170	0.64114	26.0	null	null	13113	60
2026-05-27T16:54:14.292	WT901BLE68(F3:F0:16:BF:DC:AE)	0.137	0.670	0.623	-4.333	-25.696	-42.480	44.00	-7.37	-108.63	-55.933	17.320	11.520	-0.67722	-0.14215	0.33170	0.64114	26.0	null	null	13113	60
2026-05-27T16:54:14.411	WT901BLE68(F3:F0:16:BF:DC:AE)	0.062	0.705	0.735	23.621	42.419	-24.292	44.58	-5.54	-110.18	-55.933	17.320	11.520	-0.54883	-0.16785	0.33896	0.74539	26.0	null	null	13113	60
2026-05-27T16:54:14.499	WT901BLE68(F3:F0:16:BF:DC:AE)	-0.018	0.749	0.759	0.549	4.028	-13.855	46.08	-2.30	-107.96	-55.933	17.320	11.520	-0.54883	-0.16785	0.33896	0.74539	26.0	null	null	13113	60
2026-05-27T16:54:14.620	WT901BLE68(F3:F0:16:BF:DC:AE)	0.058	0.671	0.692	-11.963	3.662	0.549	45.39	-1.62	-107.08	-55.933	17.320	11.520	-0.54883	-0.16785	0.33896	0.74539	26.0	null	null	13113	60
2026-05-27T16:54:14.712	WT901BLE68(F3:F0:16:BF:DC:AE)	0.082	0.605	0.695	-18.799	-6.714	16.174	43.47	-2.52	-105.75	-55.933	17.320	11.520	-0.54883	-0.16785	0.33896	0.74539	26.0	null	null	13113	60
2026-05-27T16:54:14.830	WT901BLE68(F3:F0:16:BF:DC:AE)	0.022	0.708	0.729	-14.526	-0.977	31.921	41.57	-4.41	-102.72	-55.933	17.320	11.520	-0.54883	-0.16785	0.33896	0.74539	26.0	null	null	13113	60
2026-05-27T16:54:14.921	WT901BLE68(F3:F0:16:BF:DC:AE)	0.107	0.717	0.782	-11.475	-15.564	18.127	40.24	-6.74	-100.76	-55.933	17.320	11.520	-0.54883	-0.16785	0.33896	0.74539	26.0	null	null	13113	60
2026-05-27T16:54:15.041	WT901BLE68(F3:F0:16:BF:DC:AE)	0.221	0.612	0.688	1.099	-7.751	23.071	40.06	-8.96	-99.20	-55.933	17.320	11.520	-0.54883	-0.16785	0.33896	0.74539	26.0	null	null	13113	60
2026-05-27T16:54:15.099	WT901BLE68(F3:F0:16:BF:DC:AE)	0.231	0.654	0.747	-4.333	-0.183	10.437	39.90	-10.00	-96.99	-55.213	15.073	8.133	-0.54883	-0.16785	0.33896	0.74539	26.0	null	null	13113	60
2026-05-27T16:54:15.219	WT901BLE68(F3:F0:16:BF:DC:AE)	0.192	0.616	0.803	-1.160	6.592	13.611	39.63	-10.35	-95.16	-55.213	15.073	8.133	-0.54883	-0.16785	0.33896	0.74539	26.0	null	null	13113	60
2026-05-27T16:54:15.308	WT901BLE68(F3:F0:16:BF:DC:AE)	0.250	0.627	0.710	-8.850	-4.456	8.850	39.15	-10.84	-92.86	-55.213	15.073	8.133	-0.66052	-0.16653	0.30508	0.66544	26.0	null	null	13113	60
2026-05-27T16:54:15.432	WT901BLE68(F3:F0:16:BF:DC:AE)	0.223	0.600	0.860	-21.057	-27.344	-8.240	37.66	-12.30	-93.34	-55.213	15.073	8.133	-0.66052	-0.16653	0.30508	0.66544	26.0	null	null	13113	60
2026-05-27T16:54:15.520	WT901BLE68(F3:F0:16:BF:DC:AE)	0.257	0.566	0.849	-9.705	-15.320	-17.822	37.06	-12.80	-95.26	-55.213	15.073	8.133	-0.66052	-0.16653	0.30508	0.66544	26.0	null	null	13113	60
2026-05-27T16:54:15.641	WT901BLE68(F3:F0:16:BF:DC:AE)	0.167	0.627	0.852	17.761	-0.061	-15.076	38.10	-12.52	-96.26	-55.213	15.073	8.133	-0.66052	-0.16653	0.30508	0.66544	26.0	null	null	13113	60
2026-05-27T16:54:15.702	WT901BLE68(F3:F0:16:BF:DC:AE)	0.167	0.707	0.709	10.803	7.080	-17.639	40.22	-11.18	-95.94	-55.213	15.073	8.133	-0.66052	-0.16653	0.30508	0.66544	26.0	null	null	13113	60
2026-05-27T16:54:15.822	WT901BLE68(F3:F0:16:BF:DC:AE)	0.137	0.629	0.784	-6.897	-10.376	-20.264	40.43	-10.43	-97.53	-55.213	15.073	8.133	-0.66052	-0.16653	0.30508	0.66544	26.0	null	null	13113	60
2026-05-27T16:54:15.911	WT901BLE68(F3:F0:16:BF:DC:AE)	0.147	0.638	0.742	5.737	13.550	-3.418	40.79	-9.40	-97.12	-55.213	15.073	8.133	-0.66052	-0.16653	0.30508	0.66544	26.0	null	null	13113	60
2026-05-27T16:54:16.030	WT901BLE68(F3:F0:16:BF:DC:AE)	0.149	0.656	0.758	-10.864	1.038	-0.244	40.13	-8.97	-95.88	-53.853	15.220	6.460	-0.66052	-0.16653	0.30508	0.66544	26.0	null	null	13113	60
2026-05-27T16:54:16.123	WT901BLE68(F3:F0:16:BF:DC:AE)	0.167	0.618	0.804	-7.019	6.104	4.639	39.08	-8.88	-94.70	-53.853	15.220	6.460	-0.66052	-0.16653	0.30508	0.66544	26.0	null	null	13113	60
2026-05-27T16:54:16.271	WT901BLE68(F3:F0:16:BF:DC:AE)	0.135	0.608	0.823	-7.751	-3.052	13.733	38.29	-9.30	-93.32	-53.853	15.220	6.460	-0.65826	-0.17197	0.29239	0.67194	26.0	null	null	13113	60
2026-05-27T16:54:16.298	WT901BLE68(F3:F0:16:BF:DC:AE)	0.214	0.576	0.770	10.437	4.395	26.978	38.25	-10.55	-90.31	-53.853	15.220	6.460	-0.65826	-0.17197	0.29239	0.67194	26.0	null	null	13113	60
2026-05-27T16:54:16.453	WT901BLE68(F3:F0:16:BF:DC:AE)	0.224	0.583	0.761	13.245	8.301	16.479	39.09	-11.23	-87.74	-53.853	15.220	6.460	-0.65826	-0.17197	0.29239	0.67194	26.0	null	null	13113	60
2026-05-27T16:54:16.508	WT901BLE68(F3:F0:16:BF:DC:AE)	0.166	0.680	0.768	-1.831	8.728	-0.549	39.30	-10.99	-85.83	-53.853	15.220	6.460	-0.65826	-0.17197	0.29239	0.67194	26.0	null	null	13113	60
2026-05-27T16:54:16.633	WT901BLE68(F3:F0:16:BF:DC:AE)	0.154	0.655	0.783	2.991	11.536	-17.273	39.51	-9.56	-85.80	-53.853	15.220	6.460	-0.65826	-0.17197	0.29239	0.67194	26.0	null	null	13113	60
2026-05-27T16:54:16.725	WT901BLE68(F3:F0:16:BF:DC:AE)	0.202	0.649	0.678	8.484	16.907	4.761	40.35	-8.06	-84.49	-53.853	15.220	6.460	-0.65826	-0.17197	0.29239	0.67194	26.0	null	null	13113	60
2026-05-27T16:54:16.843	WT901BLE68(F3:F0:16:BF:DC:AE)	0.144	0.642	0.869	-5.371	1.953	-3.296	39.97	-8.05	-83.23	-53.853	15.220	6.460	-0.65826	-0.17197	0.29239	0.67194	26.0	null	null	13113	60
2026-05-27T16:54:16.930	WT901BLE68(F3:F0:16:BF:DC:AE)	0.132	0.622	0.779	2.502	-1.709	-18.921	40.08	-7.09	-83.80	-51.953	19.320	0.480	-0.65826	-0.17197	0.29239	0.67194	26.0	null	null	13113	60
2026-05-27T16:54:17.051	WT901BLE68(F3:F0:16:BF:DC:AE)	0.066	0.658	0.813	25.513	27.405	-17.761	41.50	-5.05	-84.13	-51.953	19.320	0.480	-0.65826	-0.17197	0.29239	0.67194	26.0	null	null	13113	60
2026-05-27T16:54:17.108	WT901BLE68(F3:F0:16:BF:DC:AE)	-0.005	0.695	0.755	20.203	8.118	-26.245	43.92	-2.05	-83.55	-51.953	19.320	0.480	-0.70047	-0.25513	0.26352	0.61209	26.0	null	null	13113	60
2026-05-27T16:54:17.231	WT901BLE68(F3:F0:16:BF:DC:AE)	0.068	0.764	0.627	10.315	13.550	-42.847	45.52	1.32	-84.89	-51.953	19.320	0.480	-0.70047	-0.25513	0.26352	0.61209	26.0	null	null	13113	60
2026-05-27T16:54:17.320	WT901BLE68(F3:F0:16:BF:DC:AE)	-0.117	0.779	0.639	-21.179	14.832	-27.588	44.71	5.16	-85.50	-51.953	19.320	0.480	-0.70047	-0.25513	0.26352	0.61209	26.0	null	null	13113	60
2026-05-27T16:54:17.441	WT901BLE68(F3:F0:16:BF:DC:AE)	-0.299	0.538	0.680	4.944	-18.860	-11.230	43.21	5.74	-87.64	-51.953	19.320	0.480	-0.70047	-0.25513	0.26352	0.61209	26.0	null	null	13113	60
2026-05-27T16:54:17.529	WT901BLE68(F3:F0:16:BF:DC:AE)	0.186	0.808	0.868	20.386	-24.719	7.690	44.54	3.28	-89.24	-51.953	19.320	0.480	-0.70047	-0.25513	0.26352	0.61209	26.0	null	null	13113	60
2026-05-27T16:54:17.657	WT901BLE68(F3:F0:16:BF:DC:AE)	-0.215	0.709	0.724	0.854	7.263	10.010	45.49	3.24	-87.06	-51.953	19.320	0.480	-0.70047	-0.25513	0.26352	0.61209	26.0	null	null	13113	60
2026-05-27T16:54:17.743	WT901BLE68(F3:F0:16:BF:DC:AE)	-0.152	0.705	0.668	-15.808	-11.719	5.737	44.32	1.87	-86.35	-51.953	19.320	0.480	-0.70047	-0.25513	0.26352	0.61209	26.0	null	null	13113	60
2026-05-27T16:54:17.861	WT901BLE68(F3:F0:16:BF:DC:AE)	0.016	0.660	0.768	0.061	2.380	18.982	42.67	-0.14	-86.02	-58.193	17.540	-2.993	-0.70047	-0.25513	0.26352	0.61209	26.0	null	null	13113	60
2026-05-27T16:54:17.920	WT901BLE68(F3:F0:16:BF:DC:AE)	-0.049	0.735	0.701	27.283	35.645	10.559	44.10	0.01	-82.98	-58.193	17.540	-2.993	-0.70047	-0.25513	0.26352	0.61209	26.0	null	null	13113	60
2026-05-27T16:54:18.039	WT901BLE68(F3:F0:16:BF:DC:AE)	0.019	0.747	0.625	9.277	46.875	15.869	45.97	1.72	-78.50	-58.193	17.540	-2.993	-0.69626	-0.28760	0.24747	0.60922	26.0	null	null	13113	60
2026-05-27T16:54:18.129	WT901BLE68(F3:F0:16:BF:DC:AE)	0.084	0.692	0.719	-8.301	-20.813	-3.113	46.04	2.09	-76.71	-58.193	17.540	-2.993	-0.69626	-0.28760	0.24747	0.60922	26.0	null	null	13113	60
2026-05-27T16:54:18.253	WT901BLE68(F3:F0:16:BF:DC:AE)	-0.110	0.714	0.698	1.648	10.681	2.380	46.12	1.93	-76.66	-58.193	17.540	-2.993	-0.69626	-0.28760	0.24747	0.60922	26.0	null	null	13113	60
2026-05-27T16:54:18.339	WT901BLE68(F3:F0:16:BF:DC:AE)	-0.060	0.716	0.661	-12.207	-5.188	1.648	45.75	1.88	-76.10	-58.193	17.540	-2.993	-0.69626	-0.28760	0.24747	0.60922	26.0	null	null	13113	60
2026-05-27T16:54:18.461	WT901BLE68(F3:F0:16:BF:DC:AE)	0.038	0.663	0.757	-15.015	-22.278	2.136	44.03	0.47	-77.05	-58.193	17.540	-2.993	-0.69626	-0.28760	0.24747	0.60922	26.0	null	null	13113	60
2026-05-27T16:54:18.520	WT901BLE68(F3:F0:16:BF:DC:AE)	0.018	0.685	0.763	-9.888	11.414	4.333	42.71	-0.15	-76.76	-58.193	17.540	-2.993	-0.69626	-0.28760	0.24747	0.60922	26.0	null	null	13113	60
2026-05-27T16:54:18.642	WT901BLE68(F3:F0:16:BF:DC:AE)	0.056	0.712	0.757	1.709	-0.366	-8.484	41.92	-0.05	-76.58	-58.193	17.540	-2.993	-0.69626	-0.28760	0.24747	0.60922	26.0	null	null	13113	60
2026-05-27T16:54:18.727	WT901BLE68(F3:F0:16:BF:DC:AE)	-0.029	0.662	0.868	24.719	12.268	-11.780	42.86	-0.30	-77.50	-53.647	21.640	-4.473	-0.69626	-0.28760	0.24747	0.60922	26.0	null	null	13113	60
2026-05-27T16:54:18.851	WT901BLE68(F3:F0:16:BF:DC:AE)	0.116	0.727	0.723	1.404	1.770	-3.479	44.46	1.60	-76.05	-53.647	21.640	-4.473	-0.69626	-0.28760	0.24747	0.60922	26.0	null	null	13113	60
2026-05-27T16:54:18.939	WT901BLE68(F3:F0:16:BF:DC:AE)	-0.028	0.754	0.699	5.127	-1.282	-14.160	43.95	1.61	-77.11	-53.647	21.640	-4.473	-0.72568	-0.30820	0.21994	0.57437	26.0	null	null	13113	60
2026-05-27T16:54:19.061	WT901BLE68(F3:F0:16:BF:DC:AE)	-0.069	0.693	0.700	5.615	25.818	4.578	44.30	2.36	-76.70	-53.647	21.640	-4.473	-0.72568	-0.30820	0.21994	0.57437	26.0	null	null	13113	60
2026-05-27T16:54:19.150	WT901BLE68(F3:F0:16:BF:DC:AE)	-0.032	0.667	0.764	-11.475	-0.061	17.395	44.06	2.49	-74.54	-53.647	21.640	-4.473	-0.72568	-0.30820	0.21994	0.57437	26.0	null	null	13113	60
2026-05-27T16:54:19.275	WT901BLE68(F3:F0:16:BF:DC:AE)	0.097	0.570	0.688	-8.911	18.921	22.705	42.76	1.61	-72.29	-53.647	21.640	-4.473	-0.72568	-0.30820	0.21994	0.57437	26.0	null	null	13113	60
2026-05-27T16:54:19.332	WT901BLE68(F3:F0:16:BF:DC:AE)	-0.065	0.735	0.716	3.357	-6.592	6.470	42.68	1.14	-70.09	-53.647	21.640	-4.473	-0.72568	-0.30820	0.21994	0.57437	26.0	null	null	13113	60
2026-05-27T16:54:19.450	WT901BLE68(F3:F0:16:BF:DC:AE)	-0.072	0.727	0.740	25.635	27.893	6.470	44.03	0.80	-69.33	-53.647	21.640	-4.473	-0.72568	-0.30820	0.21994	0.57437	26.0	null	null	13113	60
2026-05-27T16:54:19.543	WT901BLE68(F3:F0:16:BF:DC:AE)	-0.073	0.800	0.611	12.878	29.602	4.944	46.03	2.32	-66.32	-53.647	21.640	-4.473	-0.72568	-0.30820	0.21994	0.57437	26.0	null	null	13113	60
2026-05-27T16:54:19.665	WT901BLE68(F3:F0:16:BF:DC:AE)	-0.026	0.804	0.664	-2.319	-11.841	-6.775	46.24	2.51	-66.25	-51.727	25.853	-9.580	-0.72568	-0.30820	0.21994	0.57437	26.0	null	null	13113	60
2026-05-27T16:54:19.753	WT901BLE68(F3:F0:16:BF:DC:AE)	-0.027	0.686	0.744	5.066	2.930	-8.728	46.22	2.48	-67.11	-51.727	25.853	-9.580	-0.72568	-0.30820	0.21994	0.57437	26.0	null	null	13113	60
2026-05-27T16:54:19.874	WT901BLE68(F3:F0:16:BF:DC:AE)	-0.125	0.761	0.643	-13.123	1.099	-3.296	45.91	2.90	-67.50	-51.727	25.853	-9.580	-0.76013	-0.34134	0.19800	0.51611	26.0	null	null	13113	60
2026-05-27T16:54:19.934	WT901BLE68(F3:F0:16:BF:DC:AE)	-0.092	0.667	0.643	-23.376	-31.372	7.935	43.99	0.97	-69.03	-51.727	25.853	-9.580	-0.76013	-0.34134	0.19800	0.51611	26.0	null	null	13113	60
2026-05-27T16:54:20.051	WT901BLE68(F3:F0:16:BF:DC:AE)	0.285	0.669	0.929	47.974	6.531	-15.137	44.38	-2.18	-71.44	-51.727	25.853	-9.580	-0.76013	-0.34134	0.19800	0.51611	26.0	null	null	13113	60
2026-05-27T16:54:20.142	WT901BLE68(F3:F0:16:BF:DC:AE)	-0.205	0.764	0.542	82.458	133.423	10.803	51.76	1.92	-66.37	-51.727	25.853	-9.580	-0.76013	-0.34134	0.19800	0.51611	26.0	null	null	13113	60
2026-05-27T16:54:20.263	WT901BLE68(F3:F0:16:BF:DC:AE)	-0.133	0.951	0.389	12.085	13.184	-13.733	57.25	6.34	-58.96	-51.727	25.853	-9.580	-0.76013	-0.34134	0.19800	0.51611	26.0	null	null	13113	60
2026-05-27T16:54:20.353	WT901BLE68(F3:F0:16:BF:DC:AE)	-0.055	0.829	0.603	3.906	-6.714	-9.216	56.88	5.62	-62.61	-51.727	25.853	-9.580	-0.76013	-0.34134	0.19800	0.51611	26.0	null	null	13113	60
2026-05-27T16:54:20.473	WT901BLE68(F3:F0:16:BF:DC:AE)	-0.114	0.870	0.606	-3.662	8.301	1.953	57.16	6.00	-61.90	-51.727	25.853	-9.580	-0.76013	-0.34134	0.19800	0.51611	26.0	null	null	13113	60
2026-05-27T16:54:20.528	WT901BLE68(F3:F0:16:BF:DC:AE)	-0.229	0.829	0.549	-10.132	4.089	-2.869	56.56	6.70	-61.35	-52.800	27.507	-18.920	-0.76013	-0.34134	0.19800	0.51611	26.0	null	null	13113	60
2026-05-27T16:54:20.686	WT901BLE68(F3:F0:16:BF:DC:AE)	-0.135	0.813	0.678	-26.550	-7.202	12.939	54.35	6.10	-61.41	-52.800	27.507	-18.920	-0.76013	-0.34134	0.19800	0.51611	26.0	null	null	13113	60
2026-05-27T16:54:20.740	WT901BLE68(F3:F0:16:BF:DC:AE)	-0.104	0.824	0.698	-35.583	-33.752	15.076	51.22	3.53	-61.84	-52.800	27.507	-18.920	-0.76096	-0.39828	0.19443	0.47369	26.0	null	null	13113	60
2026-05-27T16:54:20.862	WT901BLE68(F3:F0:16:BF:DC:AE)	-0.040	0.701	0.632	-10.254	-17.456	4.333	49.49	1.03	-63.84	-52.800	27.507	-18.920	-0.76096	-0.39828	0.19443	0.47369	26.0	null	null	13113	60
2026-05-27T16:54:20.952	WT901BLE68(F3:F0:16:BF:DC:AE)	0.034	0.786	0.683	-3.235	7.874	11.108	49.05	0.47	-63.15	-52.800	27.507	-18.920	-0.76096	-0.39828	0.19443	0.47369	26.0	null	null	13113	60
2026-05-27T16:54:21.074	WT901BLE68(F3:F0:16:BF:DC:AE)	0.110	0.860	0.619	-4.333	-12.695	-9.644	49.17	0.90	-63.25	-52.800	27.507	-18.920	-0.76096	-0.39828	0.19443	0.47369	26.0	null	null	13113	60
2026-05-27T16:54:21.163	WT901BLE68(F3:F0:16:BF:DC:AE)	0.002	0.751	0.610	-14.893	-26.245	3.784	48.50	-0.12	-65.05	-52.800	27.507	-18.920	-0.76096	-0.39828	0.19443	0.47369	26.0	null	null	13113	60
2026-05-27T16:54:21.284	WT901BLE68(F3:F0:16:BF:DC:AE)	0.046	0.668	0.603	-11.108	7.935	4.639	47.40	-0.34	-64.29	-52.800	27.507	-18.920	-0.76096	-0.39828	0.19443	0.47369	26.0	null	null	13113	60
2026-05-27T16:54:21.341	WT901BLE68(F3:F0:16:BF:DC:AE)	-0.033	0.724	0.742	-18.860	-3.113	-0.305	46.07	0.12	-63.87	-52.800	27.507	-18.920	-0.76096	-0.39828	0.19443	0.47369	26.0	null	null	13113	60
2026-05-27T16:54:21.462	WT901BLE68(F3:F0:16:BF:DC:AE)	0.067	0.734	0.720	-16.357	-9.644	-4.761	44.49	-0.18	-64.31	-48.373	27.333	-8.220	-0.76096	-0.39828	0.19443	0.47369	26.0	null	null	13113	60
2026-05-27T16:54:21.552	WT901BLE68(F3:F0:16:BF:DC:AE)	0.042	0.701	0.805	9.888	17.334	-9.094	44.22	0.73	-64.61	-48.373	27.333	-8.220	-0.76096	-0.39828	0.19443	0.47369	26.0	null	null	13113	60
2026-05-27T16:54:21.675	WT901BLE68(F3:F0:16:BF:DC:AE)	-0.159	0.834	0.571	6.836	3.174	-8.789	45.86	2.98	-63.48	-48.373	27.333	-8.220	-0.78088	-0.32736	0.19250	0.49585	26.0	null	null	13113	60
2026-05-27T16:54:21.761	WT901BLE68(F3:F0:16:BF:DC:AE)	0.005	0.748	0.748	-6.775	-35.034	-15.808	45.27	1.53	-67.23	-48.373	27.333	-8.220	-0.78088	-0.32736	0.19250	0.49585	26.0	null	null	13113	60
2026-05-27T16:54:21.882	WT901BLE68(F3:F0:16:BF:DC:AE)	-0.094	0.711	0.640	10.193	-15.686	-12.756	45.76	1.39	-69.21	-48.373	27.333	-8.220	-0.78088	-0.32736	0.19250	0.49585	26.0	null	null	13113	60
2026-05-27T16:54:21.943	WT901BLE68(F3:F0:16:BF:DC:AE)	-0.047	0.694	0.684	3.052	-19.653	-3.479	46.14	0.59	-71.08	-48.373	27.333	-8.220	-0.78088	-0.32736	0.19250	0.49585	26.0	null	null	13113	60
2026-05-27T16:54:22.093	WT901BLE68(F3:F0:16:BF:DC:AE)	0.030	0.686	0.685	-4.578	-22.583	-4.333	45.86	-0.31	-72.67	-48.373	27.333	-8.220	-0.78088	-0.32736	0.19250	0.49585	26.0	null	null	13113	60
2026-05-27T16:54:22.181	WT901BLE68(F3:F0:16:BF:DC:AE)	0.041	0.673	0.666	-17.334	-26.367	-1.465	44.58	-1.67	-74.55	-48.373	27.333	-8.220	-0.78088	-0.32736	0.19250	0.49585	26.0	null	null	13113	60
2026-05-27T16:54:22.273	WT901BLE68(F3:F0:16:BF:DC:AE)	-0.023	0.613	0.657	-31.250	-51.208	-9.033	42.10	-4.26	-77.72	-48.373	27.333	-8.220	-0.78088	-0.32736	0.19250	0.49585	26.0	null	null	13113	60
2026-05-27T16:54:22.359	WT901BLE68(F3:F0:16:BF:DC:AE)	0.089	0.634	0.866	-20.630	-35.217	-11.841	39.79	-6.86	-80.92	-47.193	23.067	0.973	-0.78088	-0.32736	0.19250	0.49585	26.0	null	null	13113	60
2026-05-27T16:54:22.482	WT901BLE68(F3:F0:16:BF:DC:AE)	0.182	0.635	0.808	13.245	-29.175	-24.414	40.60	-8.12	-84.23	-47.193	23.067	0.973	-0.78088	-0.32736	0.19250	0.49585	26.0	null	null	13113	60
2026-05-27T16:54:22.573	WT901BLE68(F3:F0:16:BF:DC:AE)	0.151	0.700	0.600	6.653	-13.916	-1.953	41.75	-9.11	-85.89	-47.193	23.067	0.973	-0.70377	-0.21082	0.28995	0.61325	26.0	null	null	13113	60
2026-05-27T16:54:22.694	WT901BLE68(F3:F0:16:BF:DC:AE)	0.243	0.688	0.706	2.136	-34.058	-22.583	42.26	-10.22	-88.21	-47.193	23.067	0.973	-0.70377	-0.21082	0.28995	0.61325	26.0	null	null	13113	60
2026-05-27T16:54:22.751	WT901BLE68(F3:F0:16:BF:DC:AE)	0.179	0.670	0.714	6.653	-21.545	-18.677	43.43	-10.81	-91.14	-47.193	23.067	0.973	-0.70377	-0.21082	0.28995	0.61325	26.0	null	null	13113	60
2026-05-27T16:54:22.873	WT901BLE68(F3:F0:16:BF:DC:AE)	0.228	0.683	0.733	-10.132	-21.729	-17.090	43.78	-10.79	-92.60	-47.193	23.067	0.973	-0.70377	-0.21082	0.28995	0.61325	26.0	null	null	13113	60
2026-05-27T16:54:22.962	WT901BLE68(F3:F0:16:BF:DC:AE)	0.244	0.653	0.735	-20.203	-37.170	-22.766	42.81	-11.80	-95.47	-47.193	23.067	0.973	-0.70377	-0.21082	0.28995	0.61325	26.0	null	null	13113	60
2026-05-27T16:54:23.083	WT901BLE68(F3:F0:16:BF:DC:AE)	0.209	0.660	0.758	-18.555	-27.161	-14.160	41.63	-13.95	-98.97	-47.193	23.067	0.973	-0.70377	-0.21082	0.28995	0.61325	26.0	null	null	13113	60
2026-05-27T16:54:23.175	WT901BLE68(F3:F0:16:BF:DC:AE)	0.255	0.612	0.767	-18.066	-36.133	-24.048	40.92	-14.95	-101.24	-47.193	23.067	0.973	-0.70377	-0.21082	0.28995	0.61325	26.0	null	null	13113	60
2026-05-27T16:54:23.292	WT901BLE68(F3:F0:16:BF:DC:AE)	0.348	0.645	0.791	-1.526	-29.236	-41.016	40.62	-15.54	-104.88	-40.433	16.127	13.233	-0.70377	-0.21082	0.28995	0.61325	26.0	null	null	13113	60
2026-05-27T16:54:23.350	WT901BLE68(F3:F0:16:BF:DC:AE)	0.099	0.664	0.663	11.780	13.184	-44.556	42.42	-14.43	-108.74	-40.433	16.127	13.233	-0.70377	-0.21082	0.28995	0.61325	26.0	null	null	13113	60
2026-05-27T16:54:23.504	WT901BLE68(F3:F0:16:BF:DC:AE)	0.181	0.710	0.750	-14.404	-20.508	-52.979	42.82	-8.92	-108.97	-40.433	16.127	13.233	-0.57397	-0.11713	0.35931	0.72638	26.0	null	null	13113	60
2026-05-27T16:54:23.562	WT901BLE68(F3:F0:16:BF:DC:AE)	0.057	0.623	0.699	-18.555	-41.321	-46.753	42.11	-8.70	-114.69	-40.433	16.127	13.233	-0.57397	-0.11713	0.35931	0.72638	26.0	null	null	13113	60
2026-05-27T16:54:23.685	WT901BLE68(F3:F0:16:BF:DC:AE)	0.114	0.743	0.715	-15.259	-18.616	-26.550	41.09	-8.38	-117.88	-40.433	16.127	13.233	-0.57397	-0.11713	0.35931	0.72638	26.0	null	null	13113	60
2026-05-27T16:54:23.773	WT901BLE68(F3:F0:16:BF:DC:AE)	0.111	0.582	0.760	-14.587	-6.775	-15.076	39.98	-8.25	-119.13	-40.433	16.127	13.233	-0.57397	-0.11713	0.35931	0.72638	26.0	null	null	13113	60
2026-05-27T16:54:23.895	WT901BLE68(F3:F0:16:BF:DC:AE)	0.224	0.569	0.728	-16.602	-14.709	-7.507	38.69	-7.98	-119.48	-40.433	16.127	13.233	-0.57397	-0.11713	0.35931	0.72638	26.0	null	null	13113	60
2026-05-27T16:54:23.981	WT901BLE68(F3:F0:16:BF:DC:AE)	0.167	0.626	0.758	-19.653	-27.649	-12.878	37.12	-9.26	-120.86	-40.433	16.127	13.233	-0.57397	-0.11713	0.35931	0.72638	26.0	null	null	13113	60
2026-05-27T16:54:24.102	WT901BLE68(F3:F0:16:BF:DC:AE)	0.223	0.593	0.870	2.441	-24.658	-17.090	36.41	-10.66	-122.72	-40.433	16.127	13.233	-0.57397	-0.11713	0.35931	0.72638	26.0	null	null	13113	60
2026-05-27T16:54:24.161	WT901BLE68(F3:F0:16:BF:DC:AE)	0.204	0.575	0.773	12.695	-38.879	-15.137	38.28	-12.23	-125.26	-38.073	3.587	21.280	-0.57397	-0.11713	0.35931	0.72638	26.0	null	null	13113	60
2026-05-27T16:54:24.281	WT901BLE68(F3:F0:16:BF:DC:AE)	0.220	0.660	0.657	2.136	-13.550	-8.728	39.74	-13.29	-126.53	-38.073	3.587	21.280	-0.57397	-0.11713	0.35931	0.72638	26.0	null	null	13113	60
2026-05-27T16:54:24.369	WT901BLE68(F3:F0:16:BF:DC:AE)	0.321	0.671	0.821	-11.353	-16.113	-18.860	39.74	-13.59	-127.37	-38.073	3.587	21.280	-0.45441	-0.05325	0.35211	0.81644	26.0	null	null	13113	60
2026-05-27T16:54:24.493	WT901BLE68(F3:F0:16:BF:DC:AE)	0.222	0.613	0.744	2.930	-11.414	-22.156	40.25	-13.61	-129.29	-38.073	3.587	21.280	-0.45441	-0.05325	0.35211	0.81644	26.0	null	null	13113	60
2026-05-27T16:54:24.581	WT901BLE68(F3:F0:16:BF:DC:AE)	0.208	0.661	0.760	0.793	1.709	-19.165	40.91	-12.28	-129.72	-38.073	3.587	21.280	-0.45441	-0.05325	0.35211	0.81644	26.0	null	null	13113	60
2026-05-27T16:54:24.703	WT901BLE68(F3:F0:16:BF:DC:AE)	0.170	0.632	0.733	-13.245	-26.184	-24.658	40.81	-11.85	-130.65	-38.073	3.587	21.280	-0.45441	-0.05325	0.35211	0.81644	26.0	null	null	13113	60
2026-05-27T16:54:24.764	WT901BLE68(F3:F0:16:BF:DC:AE)	0.144	0.651	0.751	-15.503	-29.053	-23.743	40.08	-12.38	-133.17	-38.073	3.587	21.280	-0.45441	-0.05325	0.35211	0.81644	26.0	null	null	13113	60
2026-05-27T16:54:24.913	WT901BLE68(F3:F0:16:BF:DC:AE)	0.262	0.604	0.797	-19.226	-37.292	-16.113	39.09	-13.20	-135.23	-38.073	3.587	21.280	-0.45441	-0.05325	0.35211	0.81644	26.0	null	null	13113	60
2026-05-27T16:54:24.971	WT901BLE68(F3:F0:16:BF:DC:AE)	0.250	0.621	0.760	-15.320	-39.368	-40.527	38.62	-14.80	-138.55	-38.073	3.587	21.280	-0.45441	-0.05325	0.35211	0.81644	26.0	null	null	13113	60
2026-05-27T16:54:25.092	WT901BLE68(F3:F0:16:BF:DC:AE)	0.185	0.604	0.704	2.869	-45.776	-53.711	39.63	-14.81	-143.75	-27.127	-0.840	23.307	-0.45441	-0.05325	0.35211	0.81644	26.0	null	null	13113	60
2026-05-27T16:54:25.183	WT901BLE68(F3:F0:16:BF:DC:AE)	0.265	0.664	0.746	-6.531	1.770	-34.058	40.53	-13.39	-146.75	-27.127	-0.840	23.307	-0.45441	-0.05325	0.35211	0.81644	26.0	null	null	13113	60
2026-05-27T16:54:25.305	WT901BLE68(F3:F0:16:BF:DC:AE)	0.269	0.626	0.733	-2.075	-14.526	-44.312	40.69	-12.07	-149.49	-27.127	-0.840	23.307	-0.30136	0.00281	0.35992	0.88290	26.0	null	null	13113	60
2026-05-27T16:54:25.392	WT901BLE68(F3:F0:16:BF:DC:AE)	0.129	0.686	0.672	14.709	31.738	-20.508	42.03	-9.29	-149.36	-27.127	-0.840	23.307	-0.30136	0.00281	0.35992	0.88290	26.0	null	null	13113	60
2026-05-27T16:54:25.516	WT901BLE68(F3:F0:16:BF:DC:AE)	0.144	0.713	0.622	3.723	11.353	-18.799	43.11	-6.04	-147.04	-27.127	-0.840	23.307	-0.30136	0.00281	0.35992	0.88290	26.0	null	null	13113	60
2026-05-27T16:54:25.571	WT901BLE68(F3:F0:16:BF:DC:AE)	0.085	0.671	0.763	-13.062	-17.822	-22.583	42.76	-5.26	-147.06	-27.127	-0.840	23.307	-0.30136	0.00281	0.35992	0.88290	26.0	null	null	13113	60
2026-05-27T16:54:25.695	WT901BLE68(F3:F0:16:BF:DC:AE)	0.002	0.671	0.815	-15.930	-20.996	-14.221	41.51	-5.78	-147.93	-27.127	-0.840	23.307	-0.30136	0.00281	0.35992	0.88290	26.0	null	null	13113	60
2026-05-27T16:54:25.782	WT901BLE68(F3:F0:16:BF:DC:AE)	0.051	0.633	0.792	-10.620	-17.639	-7.690	40.46	-6.05	-148.00	-27.127	-0.840	23.307	-0.30136	0.00281	0.35992	0.88290	26.0	null	null	13113	60
2026-05-27T16:54:25.904	WT901BLE68(F3:F0:16:BF:DC:AE)	0.053	0.586	0.715	-5.737	-7.568	-7.080	39.80	-6.09	-147.11	-27.127	-0.840	23.307	-0.30136	0.00281	0.35992	0.88290	26.0	null	null	13113	60
2026-05-27T16:54:25.992	WT901BLE68(F3:F0:16:BF:DC:AE)	0.071	0.594	0.827	-0.366	-28.992	-15.320	39.89	-6.22	-147.11	-25.613	-2.007	20.860	-0.30136	0.00281	0.35992	0.88290	26.0	null	null	13113	60
2026-05-27T16:54:26.110	WT901BLE68(F3:F0:16:BF:DC:AE)	0.046	0.588	0.715	7.568	-15.381	-9.338	40.85	-6.78	-147.74	-25.613	-2.007	20.860	-0.30136	0.00281	0.35992	0.88290	26.0	null	null	13113	60
2026-05-27T16:54:26.177	WT901BLE68(F3:F0:16:BF:DC:AE)	0.203	0.645	0.749	-1.831	-15.503	-5.798	41.41	-6.98	-147.41	-25.613	-2.007	20.860	-0.28073	-0.04385	0.35269	0.89151	26.0	null	null	13113	60
2026-05-27T16:54:26.323	WT901BLE68(F3:F0:16:BF:DC:AE)	0.195	0.828	0.704	-3.906	-16.235	-21.667	41.24	-7.54	-147.83	-25.613	-2.007	20.860	-0.28073	-0.04385	0.35269	0.89151	26.0	null	null	13113	60
2026-05-27T16:54:26.414	WT901BLE68(F3:F0:16:BF:DC:AE)	0.190	0.680	0.690	-3.967	-35.034	-26.062	41.35	-8.37	-150.66	-25.613	-2.007	20.860	-0.28073	-0.04385	0.35269	0.89151	26.0	null	null	13113	60
2026-05-27T16:54:26.500	WT901BLE68(F3:F0:16:BF:DC:AE)	0.168	0.660	0.713	-12.207	-41.870	-15.198	41.57	-10.67	-153.35	-25.613	-2.007	20.860	-0.28073	-0.04385	0.35269	0.89151	26.0	null	null	13113	60
2026-05-27T16:54:26.592	WT901BLE68(F3:F0:16:BF:DC:AE)	0.205	0.634	0.745	-26.733	-45.105	-30.945	40.40	-12.27	-156.17	-25.613	-2.007	20.860	-0.28073	-0.04385	0.35269	0.89151	26.0	null	null	13113	60
