time	DeviceName	AccX(g)	AccY(g)	AccZ(g)	AsX(°/s)	AsY(°/s)	AsZ(°/s)	AngleX(°)	AngleY(°)	AngleZ(°)	HX(uT)	HY(uT)	HZ(uT)	Q0()	Q1()	Q2()	Q3()	Temperature(°C)	Height(m)	Pressure(kPa)	Version()	Battery level(%)
2026-05-27T14:09:30.584	WT901BLE68(F3:F0:16:BF:DC:AE)	0.908	0.352	0.381	1.099	0.793	-5.737	39.77	-61.91	59.49	32.073	-5.913	-48.193	-0.58725	-0.49130	0.29694	-0.57050	25.4	null	null	13113	75
2026-05-27T14:09:30.638	WT901BLE68(F3:F0:16:BF:DC:AE)	0.936	0.476	0.555	10.498	20.630	-38.208	42.05	-59.77	57.41	31.513	-1.727	-47.727	-0.58725	-0.49130	0.29694	-0.57050	25.4	null	null	13113	75
2026-05-27T14:09:30.762	WT901BLE68(F3:F0:16:BF:DC:AE)	0.971	0.849	0.857	16.541	88.013	-104.187	45.05	-50.55	55.09	31.513	-1.727	-47.727	-0.58725	-0.49130	0.29694	-0.57050	25.4	null	null	13113	75
2026-05-27T14:09:30.850	WT901BLE68(F3:F0:16:BF:DC:AE)	0.707	0.859	0.770	-13.184	127.380	-164.734	45.20	-32.50	52.06	31.513	-1.727	-47.727	-0.58725	-0.49130	0.29694	-0.57050	25.4	null	null	13113	75
2026-05-27T14:09:30.969	WT901BLE68(F3:F0:16:BF:DC:AE)	0.521	0.734	0.646	-81.055	129.150	-173.035	39.12	-12.44	46.74	31.513	-1.727	-47.727	-0.77209	-0.42758	0.03870	-0.46841	25.4	null	null	13113	75
2026-05-27T14:09:31.056	WT901BLE68(F3:F0:16:BF:DC:AE)	0.193	0.475	0.667	-106.628	123.901	-168.091	28.25	5.71	36.49	31.513	-1.727	-47.727	-0.77209	-0.42758	0.03870	-0.46841	25.4	null	null	13113	75
2026-05-27T14:09:31.180	WT901BLE68(F3:F0:16:BF:DC:AE)	-0.194	0.088	0.755	-119.446	117.554	-118.408	13.91	19.93	23.18	31.513	-1.727	-47.727	-0.77209	-0.42758	0.03870	-0.46841	25.4	null	null	13113	75
2026-05-27T14:09:31.236	WT901BLE68(F3:F0:16:BF:DC:AE)	-0.529	-0.089	0.785	-98.022	104.309	-71.655	-1.07	30.59	10.32	31.513	-1.727	-47.727	-0.77209	-0.42758	0.03870	-0.46841	25.4	null	null	13113	75
2026-05-27T14:09:31.359	WT901BLE68(F3:F0:16:BF:DC:AE)	-0.677	-0.342	0.593	-109.253	75.256	-45.288	-16.99	37.77	-2.33	31.513	-1.727	-47.727	-0.77209	-0.42758	0.03870	-0.46841	25.4	null	null	13113	75
2026-05-27T14:09:31.447	WT901BLE68(F3:F0:16:BF:DC:AE)	-0.753	-0.378	0.388	-83.923	35.217	-13.184	-29.63	41.70	-11.56	31.513	-1.727	-47.727	-0.77209	-0.42758	0.03870	-0.46841	25.4	null	null	13113	75
2026-05-27T14:09:31.569	WT901BLE68(F3:F0:16:BF:DC:AE)	-0.716	-0.483	0.206	-52.795	-10.559	17.456	-36.57	43.29	-14.58	31.513	-1.727	-47.727	-0.77209	-0.42758	0.03870	-0.46841	25.4	null	null	13113	75
2026-05-27T14:09:31.658	WT901BLE68(F3:F0:16:BF:DC:AE)	-0.473	-0.360	0.295	-15.564	-41.138	53.101	-35.38	43.82	-9.85	-65.453	-11.160	28.253	-0.77209	-0.42758	0.03870	-0.46841	25.4	null	null	13113	75
2026-05-27T14:09:31.779	WT901BLE68(F3:F0:16:BF:DC:AE)	-0.135	-0.068	0.284	22.217	-64.880	57.739	-27.86	42.48	-1.54	-65.453	-11.160	28.253	-0.77209	-0.42758	0.03870	-0.46841	25.4	null	null	13113	75
2026-05-27T14:09:31.838	WT901BLE68(F3:F0:16:BF:DC:AE)	-0.304	0.045	0.702	47.119	-44.373	-10.559	-21.76	38.24	-1.15	-65.453	-11.160	28.253	-0.91620	0.19907	-0.33957	-0.07455	25.4	null	null	13113	75
2026-05-27T14:09:31.991	WT901BLE68(F3:F0:16:BF:DC:AE)	-0.524	-0.121	0.804	72.266	-47.913	-33.691	-15.78	32.66	-7.47	-65.453	-11.160	28.253	-0.91620	0.19907	-0.33957	-0.07455	25.4	null	null	13113	75
2026-05-27T14:09:32.052	WT901BLE68(F3:F0:16:BF:DC:AE)	-0.771	-0.153	1.210	73.181	-37.476	-32.043	-9.30	27.49	-13.04	-65.453	-11.160	28.253	-0.91620	0.19907	-0.33957	-0.07455	25.4	null	null	13113	75
2026-05-27T14:09:32.167	WT901BLE68(F3:F0:16:BF:DC:AE)	-0.881	-0.468	1.303	13.000	14.648	-33.203	-7.37	26.43	-18.56	-65.453	-11.160	28.253	-0.91620	0.19907	-0.33957	-0.07455	25.4	null	null	13113	75
2026-05-27T14:09:32.258	WT901BLE68(F3:F0:16:BF:DC:AE)	-0.764	-0.394	0.833	-42.664	58.289	-4.822	-12.78	30.90	-23.15	-65.453	-11.160	28.253	-0.91620	0.19907	-0.33957	-0.07455	25.4	null	null	13113	75
2026-05-27T14:09:32.380	WT901BLE68(F3:F0:16:BF:DC:AE)	-0.646	-0.298	0.505	-58.899	48.035	33.875	-18.58	36.91	-24.61	-65.453	-11.160	28.253	-0.91620	0.19907	-0.33957	-0.07455	25.4	null	null	13113	75
2026-05-27T14:09:32.470	WT901BLE68(F3:F0:16:BF:DC:AE)	-0.601	-0.336	0.276	-17.212	-23.438	76.233	-19.71	40.45	-18.92	-53.953	1.627	32.673	-0.91620	0.19907	-0.33957	-0.07455	25.4	null	null	13113	75
2026-05-27T14:09:32.592	WT901BLE68(F3:F0:16:BF:DC:AE)	-0.158	0.368	0.455	23.499	-102.966	63.782	-11.13	35.96	-7.92	-53.953	1.627	32.673	-0.91620	0.19907	-0.33957	-0.07455	25.4	null	null	13113	75
2026-05-27T14:09:32.650	WT901BLE68(F3:F0:16:BF:DC:AE)	-0.346	0.259	0.950	38.757	-56.824	-28.931	-8.43	27.85	-10.44	-53.953	1.627	32.673	-0.96365	0.05481	-0.25436	0.05984	25.4	null	null	13113	75
2026-05-27T14:09:32.770	WT901BLE68(F3:F0:16:BF:DC:AE)	-0.220	0.017	0.549	58.594	-39.490	-56.519	-4.14	22.08	-18.99	-53.953	1.627	32.673	-0.96365	0.05481	-0.25436	0.05984	25.4	null	null	13113	75
2026-05-27T14:09:32.860	WT901BLE68(F3:F0:16:BF:DC:AE)	-0.505	-0.174	1.201	52.734	-9.399	-42.725	0.02	19.60	-26.23	-53.953	1.627	32.673	-0.96365	0.05481	-0.25436	0.05984	25.4	null	null	13113	75
2026-05-27T14:09:32.980	WT901BLE68(F3:F0:16:BF:DC:AE)	-0.572	-0.309	1.192	-3.540	28.748	-13.489	0.81	21.07	-29.65	-53.953	1.627	32.673	-0.96365	0.05481	-0.25436	0.05984	25.4	null	null	13113	75
2026-05-27T14:09:33.070	WT901BLE68(F3:F0:16:BF:DC:AE)	-0.570	-0.234	0.779	-42.236	47.546	46.570	-2.24	25.61	-27.99	-53.953	1.627	32.673	-0.96365	0.05481	-0.25436	0.05984	25.4	null	null	13113	75
2026-05-27T14:09:33.190	WT901BLE68(F3:F0:16:BF:DC:AE)	-0.697	-0.104	0.384	-26.062	-38.208	73.853	-3.47	27.99	-21.36	-53.953	1.627	32.673	-0.96365	0.05481	-0.25436	0.05984	25.4	null	null	13113	75
2026-05-27T14:09:33.247	WT901BLE68(F3:F0:16:BF:DC:AE)	-0.108	0.269	0.714	2.197	-113.159	65.063	-1.24	21.50	-11.79	-53.953	1.627	32.673	-0.96365	0.05481	-0.25436	0.05984	25.4	null	null	13113	75
2026-05-27T14:09:33.370	WT901BLE68(F3:F0:16:BF:DC:AE)	0.038	0.513	1.206	25.452	-57.739	-24.109	1.24	11.90	-10.29	-53.953	1.627	32.673	-0.96365	0.05481	-0.25436	0.05984	25.4	null	null	13113	75
2026-05-27T14:09:33.457	WT901BLE68(F3:F0:16:BF:DC:AE)	-0.079	0.296	1.136	40.833	-25.269	-79.224	4.64	7.37	-18.36	-14.587	17.787	30.967	-0.96365	0.05481	-0.25436	0.05984	25.4	null	null	13113	75
2026-05-27T14:09:33.582	WT901BLE68(F3:F0:16:BF:DC:AE)	-0.372	0.049	1.172	32.532	-3.906	-109.802	8.39	6.83	-29.23	-14.587	17.787	30.967	-0.96365	0.05481	-0.25436	0.05984	25.4	null	null	13113	75
2026-05-27T14:09:33.670	WT901BLE68(F3:F0:16:BF:DC:AE)	-0.328	-0.208	1.060	-21.606	19.470	-67.444	7.93	9.27	-38.45	-14.587	17.787	30.967	-0.95111	-0.09387	-0.04050	0.29129	25.4	null	null	13113	75
2026-05-27T14:09:33.790	WT901BLE68(F3:F0:16:BF:DC:AE)	-0.309	-0.271	0.728	-17.395	-10.864	-4.456	4.76	11.11	-41.71	-14.587	17.787	30.967	-0.95111	-0.09387	-0.04050	0.29129	25.4	null	null	13113	75
2026-05-27T14:09:33.877	WT901BLE68(F3:F0:16:BF:DC:AE)	0.066	0.007	0.907	-13.672	-57.190	58.228	1.87	7.82	-38.38	-14.587	17.787	30.967	-0.95111	-0.09387	-0.04050	0.29129	25.4	null	null	13113	75
2026-05-27T14:09:34.001	WT901BLE68(F3:F0:16:BF:DC:AE)	0.188	0.261	1.058	28.625	-47.791	48.523	2.61	1.89	-32.60	-14.587	17.787	30.967	-0.95111	-0.09387	-0.04050	0.29129	25.4	null	null	13113	75
2026-05-27T14:09:34.063	WT901BLE68(F3:F0:16:BF:DC:AE)	0.043	0.247	1.137	35.889	-15.930	22.766	6.03	-2.10	-29.52	-14.587	17.787	30.967	-0.95111	-0.09387	-0.04050	0.29129	25.4	null	null	13113	75
2026-05-27T14:09:34.180	WT901BLE68(F3:F0:16:BF:DC:AE)	-0.096	0.202	1.227	29.480	28.198	18.250	9.56	-2.18	-27.25	-14.587	17.787	30.967	-0.95111	-0.09387	-0.04050	0.29129	25.4	null	null	13113	75
2026-05-27T14:09:34.272	WT901BLE68(F3:F0:16:BF:DC:AE)	-0.287	0.225	1.391	-19.409	88.379	-1.099	10.16	3.00	-24.68	-14.587	17.787	30.967	-0.95111	-0.09387	-0.04050	0.29129	25.4	null	null	13113	75
2026-05-27T14:09:34.390	WT901BLE68(F3:F0:16:BF:DC:AE)	-0.515	0.062	1.218	-102.722	137.329	-53.040	3.64	14.28	-25.99	-11.727	28.613	19.473	-0.95111	-0.09387	-0.04050	0.29129	25.4	null	null	13113	75
2026-05-27T14:09:34.480	WT901BLE68(F3:F0:16:BF:DC:AE)	-0.639	-0.158	0.875	-141.357	153.992	-44.922	-10.95	28.71	-33.56	-11.727	28.613	19.473	-0.94403	-0.00800	-0.21701	0.24805	25.4	null	null	13113	75
2026-05-27T14:09:34.599	WT901BLE68(F3:F0:16:BF:DC:AE)	-0.737	-0.384	0.276	-116.394	87.097	-1.953	-27.81	39.13	-43.99	-11.727	28.613	19.473	-0.94403	-0.00800	-0.21701	0.24805	25.4	null	null	13113	75
2026-05-27T14:09:34.662	WT901BLE68(F3:F0:16:BF:DC:AE)	-0.507	-0.336	0.242	-47.729	8.423	61.829	-35.04	44.64	-44.98	-11.727	28.613	19.473	-0.94403	-0.00800	-0.21701	0.24805	25.4	null	null	13113	75
2026-05-27T14:09:34.810	WT901BLE68(F3:F0:16:BF:DC:AE)	-0.227	-0.125	0.362	-3.174	-33.997	60.730	-31.07	46.88	-37.34	-11.727	28.613	19.473	-0.94403	-0.00800	-0.21701	0.24805	25.4	null	null	13113	75
2026-05-27T14:09:34.872	WT901BLE68(F3:F0:16:BF:DC:AE)	-0.218	0.090	0.390	35.950	-4.395	-7.263	-24.98	46.15	-34.89	-11.727	28.613	19.473	-0.94403	-0.00800	-0.21701	0.24805	25.4	null	null	13113	75
2026-05-27T14:09:34.990	WT901BLE68(F3:F0:16:BF:DC:AE)	-0.390	-0.154	0.554	48.035	-18.616	-58.472	-23.87	42.21	-43.89	-11.727	28.613	19.473	-0.94403	-0.00800	-0.21701	0.24805	25.4	null	null	13113	75
2026-05-27T14:09:35.080	WT901BLE68(F3:F0:16:BF:DC:AE)	-0.642	-0.292	0.710	61.890	-52.734	-30.884	-19.96	36.97	-50.31	-11.727	28.613	19.473	-0.94403	-0.00800	-0.21701	0.24805	25.4	null	null	13113	75
2026-05-27T14:09:35.202	WT901BLE68(F3:F0:16:BF:DC:AE)	-0.606	-0.185	0.882	86.243	-92.712	4.150	-10.92	29.94	-49.80	-11.727	28.613	19.473	-0.94403	-0.00800	-0.21701	0.24805	25.4	null	null	13113	75
2026-05-27T14:09:35.290	WT901BLE68(F3:F0:16:BF:DC:AE)	-0.498	0.038	1.069	111.267	-95.886	35.095	-0.27	21.13	-45.80	-41.820	8.607	33.540	-0.94403	-0.00800	-0.21701	0.24805	25.4	null	null	13113	75
2026-05-27T14:09:35.412	WT901BLE68(F3:F0:16:BF:DC:AE)	-0.423	0.064	1.315	48.340	-67.261	9.155	6.59	13.35	-43.60	-41.820	8.607	33.540	-0.91522	-0.09134	-0.11124	0.37625	25.4	null	null	13113	75
2026-05-27T14:09:35.469	WT901BLE68(F3:F0:16:BF:DC:AE)	-0.345	0.235	1.167	23.560	-18.616	-7.202	9.72	9.87	-42.71	-41.820	8.607	33.540	-0.91522	-0.09134	-0.11124	0.37625	25.4	null	null	13113	75
2026-05-27T14:09:35.590	WT901BLE68(F3:F0:16:BF:DC:AE)	-0.325	0.035	1.068	3.357	16.235	-4.944	10.39	10.49	-42.66	-41.820	8.607	33.540	-0.91522	-0.09134	-0.11124	0.37625	25.4	null	null	13113	75
2026-05-27T14:09:35.684	WT901BLE68(F3:F0:16:BF:DC:AE)	-0.346	0.088	0.986	14.832	27.466	10.254	11.65	12.84	-40.78	-41.820	8.607	33.540	-0.91522	-0.09134	-0.11124	0.37625	25.4	null	null	13113	75
2026-05-27T14:09:35.800	WT901BLE68(F3:F0:16:BF:DC:AE)	-0.479	0.260	0.710	31.494	15.137	-3.662	14.82	15.44	-38.73	-41.820	8.607	33.540	-0.91522	-0.09134	-0.11124	0.37625	25.4	null	null	13113	75
2026-05-27T14:09:35.888	WT901BLE68(F3:F0:16:BF:DC:AE)	-0.491	0.530	0.646	33.447	-34.790	-21.057	17.58	15.89	-38.81	-41.820	8.607	33.540	-0.91522	-0.09134	-0.11124	0.37625	25.4	null	null	13113	75
2026-05-27T14:09:36.014	WT901BLE68(F3:F0:16:BF:DC:AE)	-0.334	0.535	0.863	43.823	-117.310	-87.708	18.85	10.50	-45.35	-41.820	8.607	33.540	-0.91522	-0.09134	-0.11124	0.37625	25.4	null	null	13113	75
2026-05-27T14:09:36.068	WT901BLE68(F3:F0:16:BF:DC:AE)	-0.245	0.651	0.994	17.456	-115.845	-138.184	20.72	3.74	-58.97	-23.880	40.127	9.547	-0.91522	-0.09134	-0.11124	0.37625	25.4	null	null	13113	75
2026-05-27T14:09:36.192	WT901BLE68(F3:F0:16:BF:DC:AE)	0.013	0.512	0.981	-0.916	-72.998	-137.695	21.32	1.19	-73.93	-23.880	40.127	9.547	-0.91522	-0.09134	-0.11124	0.37625	25.4	null	null	13113	75
2026-05-27T14:09:36.280	WT901BLE68(F3:F0:16:BF:DC:AE)	0.157	0.341	0.693	1.404	-92.346	-95.276	23.29	-1.09	-85.77	-23.880	40.127	9.547	-0.74252	-0.15250	0.12753	0.63956	25.4	null	null	13113	75
2026-05-27T14:09:36.401	WT901BLE68(F3:F0:16:BF:DC:AE)	0.386	0.332	0.698	-46.509	-117.798	-45.288	21.95	-8.66	-93.93	-23.880	40.127	9.547	-0.74252	-0.15250	0.12753	0.63956	25.4	null	null	13113	75
2026-05-27T14:09:36.518	WT901BLE68(F3:F0:16:BF:DC:AE)	0.579	0.227	0.699	-118.408	-115.295	-11.719	14.16	-19.26	-98.03	-23.880	40.127	9.547	-0.74252	-0.15250	0.12753	0.63956	25.4	null	null	13113	75
2026-05-27T14:09:36.612	WT901BLE68(F3:F0:16:BF:DC:AE)	0.828	-0.133	0.789	-41.626	-79.163	-11.658	6.06	-28.87	-99.34	-23.880	40.127	9.547	-0.74252	-0.15250	0.12753	0.63956	25.4	null	null	13113	75
2026-05-27T14:09:36.699	WT901BLE68(F3:F0:16:BF:DC:AE)	0.964	-0.211	0.843	14.954	-29.297	-8.423	5.50	-34.84	-98.90	-23.880	40.127	9.547	-0.74252	-0.15250	0.12753	0.63956	25.4	null	null	13113	75
2026-05-27T14:09:36.825	WT901BLE68(F3:F0:16:BF:DC:AE)	0.897	-0.193	0.758	75.989	22.888	1.404	8.99	-35.51	-97.09	-23.880	40.127	9.547	-0.74252	-0.15250	0.12753	0.63956	25.4	null	null	13113	75
2026-05-27T14:09:36.878	WT901BLE68(F3:F0:16:BF:DC:AE)	0.805	0.099	0.624	125.977	58.899	34.668	17.71	-32.65	-91.15	-23.880	40.127	9.547	-0.74252	-0.15250	0.12753	0.63956	25.4	null	null	13113	75
2026-05-27T14:09:37.000	WT901BLE68(F3:F0:16:BF:DC:AE)	0.713	0.434	0.605	109.253	77.454	83.008	25.34	-29.86	-79.58	-23.880	40.127	9.547	-0.74252	-0.15250	0.12753	0.63956	25.4	null	null	13113	75
2026-05-27T14:09:37.088	WT901BLE68(F3:F0:16:BF:DC:AE)	0.583	0.787	0.699	134.094	99.670	135.681	29.74	-28.38	-61.74	-22.327	38.893	5.453	-0.74252	-0.15250	0.12753	0.63956	25.4	null	null	13113	75
2026-05-27T14:09:37.212	WT901BLE68(F3:F0:16:BF:DC:AE)	0.379	0.922	0.650	101.318	133.301	118.530	32.56	-25.19	-41.41	-22.327	38.893	5.453	-0.74252	-0.15250	0.12753	0.63956	25.4	null	null	13113	75
2026-05-27T14:09:37.300	WT901BLE68(F3:F0:16:BF:DC:AE)	0.103	0.838	0.558	62.378	121.277	79.102	34.01	-19.61	-24.35	-22.327	38.893	5.453	-0.91653	-0.21475	0.26172	0.21274	25.4	null	null	13113	75
2026-05-27T14:09:37.418	WT901BLE68(F3:F0:16:BF:DC:AE)	-0.002	0.841	0.719	15.076	87.219	35.156	34.48	-14.17	-13.40	-22.327	38.893	5.453	-0.91653	-0.21475	0.26172	0.21274	25.4	null	null	13113	75
2026-05-27T14:09:37.482	WT901BLE68(F3:F0:16:BF:DC:AE)	-0.160	0.740	0.993	-23.071	78.613	-14.648	33.11	-7.27	-7.87	-22.327	38.893	5.453	-0.91653	-0.21475	0.26172	0.21274	25.4	null	null	13113	75
2026-05-27T14:09:37.601	WT901BLE68(F3:F0:16:BF:DC:AE)	-0.296	0.564	1.329	-117.859	112.488	-62.256	24.44	3.15	-7.00	-22.327	38.893	5.453	-0.91653	-0.21475	0.26172	0.21274	25.4	null	null	13113	75
2026-05-27T14:09:37.690	WT901BLE68(F3:F0:16:BF:DC:AE)	-0.362	0.154	1.036	-157.532	192.139	-64.819	10.17	20.68	-9.63	-22.327	38.893	5.453	-0.91653	-0.21475	0.26172	0.21274	25.4	null	null	13113	75
2026-05-27T14:09:37.812	WT901BLE68(F3:F0:16:BF:DC:AE)	-0.604	0.054	0.594	-139.771	162.415	-58.899	-6.80	37.99	-18.37	-22.327	38.893	5.453	-0.91653	-0.21475	0.26172	0.21274	25.4	null	null	13113	75
2026-05-27T14:09:37.900	WT901BLE68(F3:F0:16:BF:DC:AE)	-0.747	-0.211	0.306	-106.140	79.895	-47.791	-25.12	46.60	-33.04	-55.147	2.953	30.240	-0.91653	-0.21475	0.26172	0.21274	25.4	null	null	13113	75
2026-05-27T14:09:38.021	WT901BLE68(F3:F0:16:BF:DC:AE)	-0.793	-0.375	0.285	-59.204	13.123	-24.719	-36.92	48.24	-42.92	-55.147	2.953	30.240	-0.91653	-0.21475	0.26172	0.21274	25.4	null	null	13113	75
2026-05-27T14:09:38.110	WT901BLE68(F3:F0:16:BF:DC:AE)	-0.519	-0.347	-0.060	-29.785	-49.805	17.761	-37.99	47.07	-40.84	-55.147	2.953	30.240	-0.85339	0.14056	-0.46384	0.19162	25.4	null	null	13113	75
2026-05-27T14:09:38.231	WT901BLE68(F3:F0:16:BF:DC:AE)	-0.118	-0.163	0.575	14.404	-48.767	30.640	-32.64	44.50	-33.18	-55.147	2.953	30.240	-0.85339	0.14056	-0.46384	0.19162	25.4	null	null	13113	75
2026-05-27T14:09:38.290	WT901BLE68(F3:F0:16:BF:DC:AE)	-0.211	-0.167	0.607	51.514	-6.042	-36.865	-29.11	41.53	-36.81	-55.147	2.953	30.240	-0.85339	0.14056	-0.46384	0.19162	25.4	null	null	13113	75
2026-05-27T14:09:38.411	WT901BLE68(F3:F0:16:BF:DC:AE)	-0.586	-0.381	0.522	51.453	-24.658	-20.691	-25.66	38.18	-42.45	-55.147	2.953	30.240	-0.85339	0.14056	-0.46384	0.19162	25.4	null	null	13113	75
2026-05-27T14:09:38.499	WT901BLE68(F3:F0:16:BF:DC:AE)	-0.816	-0.340	0.461	92.712	-115.112	21.179	-15.81	31.96	-39.67	-55.147	2.953	30.240	-0.85339	0.14056	-0.46384	0.19162	25.4	null	null	13113	75
2026-05-27T14:09:38.621	WT901BLE68(F3:F0:16:BF:DC:AE)	-0.255	0.221	1.379	41.931	-172.913	21.423	-3.93	17.66	-32.49	-55.147	2.953	30.240	-0.85339	0.14056	-0.46384	0.19162	25.4	null	null	13113	75
2026-05-27T14:09:38.712	WT901BLE68(F3:F0:16:BF:DC:AE)	-0.269	-0.015	1.513	55.786	-44.861	-52.429	1.57	8.89	-36.02	-55.147	2.953	30.240	-0.85339	0.14056	-0.46384	0.19162	25.4	null	null	13113	75
2026-05-27T14:09:38.832	WT901BLE68(F3:F0:16:BF:DC:AE)	-0.068	-0.132	1.283	29.419	33.020	-28.442	5.00	9.00	-40.31	-23.120	23.073	26.607	-0.85339	0.14056	-0.46384	0.19162	25.4	null	null	13113	75
2026-05-27T14:09:38.889	WT901BLE68(F3:F0:16:BF:DC:AE)	-0.203	-0.169	1.117	-9.033	80.139	21.545	6.15	14.40	-40.70	-23.120	23.073	26.607	-0.85339	0.14056	-0.46384	0.19162	25.4	null	null	13113	75
2026-05-27T14:09:39.010	WT901BLE68(F3:F0:16:BF:DC:AE)	-0.533	-0.011	0.949	-57.434	87.585	55.176	4.26	22.01	-36.02	-23.120	23.073	26.607	-0.85339	0.14056	-0.46384	0.19162	25.4	null	null	13113	75
2026-05-27T14:09:39.098	WT901BLE68(F3:F0:16:BF:DC:AE)	-0.671	0.127	0.546	-71.472	59.326	44.739	-0.58	29.36	-30.54	-23.120	23.073	26.607	-0.93228	-0.08652	-0.19418	0.29251	25.4	null	null	13113	75
2026-05-27T14:09:39.218	WT901BLE68(F3:F0:16:BF:DC:AE)	-0.660	0.044	0.094	-7.263	-21.179	39.917	-1.97	32.83	-25.65	-23.120	23.073	26.607	-0.93228	-0.08652	-0.19418	0.29251	25.4	null	null	13113	75
2026-05-27T14:09:39.313	WT901BLE68(F3:F0:16:BF:DC:AE)	-0.500	0.199	0.216	185.425	-136.475	28.931	6.93	26.89	-19.07	-23.120	23.073	26.607	-0.93228	-0.08652	-0.19418	0.29251	25.4	null	null	13113	75
2026-05-27T14:09:39.431	WT901BLE68(F3:F0:16:BF:DC:AE)	-0.208	0.892	0.912	149.231	-177.734	-25.452	20.02	12.70	-18.53	-23.120	23.073	26.607	-0.93228	-0.08652	-0.19418	0.29251	25.4	null	null	13113	75
2026-05-27T14:09:39.522	WT901BLE68(F3:F0:16:BF:DC:AE)	-0.167	0.926	1.217	38.940	-112.610	-140.869	26.13	2.74	-30.94	-23.120	23.073	26.607	-0.93228	-0.08652	-0.19418	0.29251	25.4	null	null	13113	75
2026-05-27T14:09:39.639	WT901BLE68(F3:F0:16:BF:DC:AE)	-0.011	0.583	0.919	-12.207	-70.740	-169.861	25.47	2.22	-48.32	-23.120	23.073	26.607	-0.93228	-0.08652	-0.19418	0.29251	25.4	null	null	13113	75
2026-05-27T14:09:39.699	WT901BLE68(F3:F0:16:BF:DC:AE)	0.091	0.507	0.804	-3.967	-62.561	-148.621	22.65	3.13	-64.70	-30.687	41.413	5.260	-0.93228	-0.08652	-0.19418	0.29251	25.4	null	null	13113	75
2026-05-27T14:09:39.822	WT901BLE68(F3:F0:16:BF:DC:AE)	0.233	0.455	0.756	-22.217	-69.641	-111.511	20.75	1.62	-78.22	-30.687	41.413	5.260	-0.93228	-0.08652	-0.19418	0.29251	25.4	null	null	13113	75
2026-05-27T14:09:39.907	WT901BLE68(F3:F0:16:BF:DC:AE)	0.382	0.242	0.734	-19.897	-70.251	-60.913	18.61	-2.55	-87.79	-30.687	41.413	5.260	-0.72760	-0.11774	0.11731	0.66547	25.4	null	null	13113	75
2026-05-27T14:09:40.031	WT901BLE68(F3:F0:16:BF:DC:AE)	0.452	0.178	0.831	-67.810	-89.844	-3.601	17.23	-9.70	-92.30	-30.687	41.413	5.260	-0.72760	-0.11774	0.11731	0.66547	25.4	null	null	13113	75
2026-05-27T14:09:40.150	WT901BLE68(F3:F0:16:BF:DC:AE)	0.629	0.101	0.933	-26.184	-99.060	12.085	10.93	-19.88	-92.65	-30.687	41.413	5.260	-0.72760	-0.11774	0.11731	0.66547	25.4	null	null	13113	75
2026-05-27T14:09:40.241	WT901BLE68(F3:F0:16:BF:DC:AE)	0.742	-0.175	0.964	9.094	-64.941	29.663	8.83	-28.61	-90.00	-30.687	41.413	5.260	-0.72760	-0.11774	0.11731	0.66547	25.4	null	null	13113	75
2026-05-27T14:09:40.300	WT901BLE68(F3:F0:16:BF:DC:AE)	0.688	0.123	0.958	6.836	-26.245	35.461	8.57	-33.68	-84.90	-30.687	41.413	5.260	-0.72760	-0.11774	0.11731	0.66547	25.4	null	null	13113	75
2026-05-27T14:09:40.422	WT901BLE68(F3:F0:16:BF:DC:AE)	0.729	0.180	0.795	23.315	-1.404	23.743	8.01	-35.93	-79.66	-30.687	41.413	5.260	-0.72760	-0.11774	0.11731	0.66547	25.4	null	null	13113	75
2026-05-27T14:09:40.508	WT901BLE68(F3:F0:16:BF:DC:AE)	0.808	0.140	0.845	70.007	35.278	25.818	11.07	-35.02	-74.97	-30.687	41.413	5.260	-0.72760	-0.11774	0.11731	0.66547	25.4	null	null	13113	75
2026-05-27T14:09:40.628	WT901BLE68(F3:F0:16:BF:DC:AE)	0.773	0.152	0.780	81.848	80.322	43.518	15.92	-31.17	-68.10	-30.687	41.413	5.260	-0.72760	-0.11774	0.11731	0.66547	25.4	null	null	13113	75
2026-05-27T14:09:40.719	WT901BLE68(F3:F0:16:BF:DC:AE)	0.592	0.379	0.863	71.594	111.816	68.054	19.43	-24.49	-57.55	-19.447	33.920	11.793	-0.72760	-0.11774	0.11731	0.66547	25.4	null	null	13113	75
2026-05-27T14:09:40.837	WT901BLE68(F3:F0:16:BF:DC:AE)	0.294	0.571	0.945	29.053	148.621	69.885	20.54	-15.28	-44.97	-19.447	33.920	11.793	-0.89148	-0.09006	0.22488	0.38275	25.4	null	null	13113	75
2026-05-27T14:09:40.929	WT901BLE68(F3:F0:16:BF:DC:AE)	-0.070	0.556	0.910	-29.846	161.072	51.086	19.08	-3.25	-33.87	-19.447	33.920	11.793	-0.89148	-0.09006	0.22488	0.38275	25.4	null	null	13113	75
2026-05-27T14:09:41.053	WT901BLE68(F3:F0:16:BF:DC:AE)	-0.295	0.454	0.797	-62.256	143.738	34.729	15.23	9.46	-25.92	-19.447	33.920	11.793	-0.89148	-0.09006	0.22488	0.38275	25.4	null	null	13113	75
2026-05-27T14:09:41.109	WT901BLE68(F3:F0:16:BF:DC:AE)	-0.506	0.298	0.755	-80.750	106.262	11.230	10.12	20.68	-22.09	-19.447	33.920	11.793	-0.89148	-0.09006	0.22488	0.38275	25.4	null	null	13113	75
2026-05-27T14:09:41.230	WT901BLE68(F3:F0:16:BF:DC:AE)	-0.595	0.138	0.689	-71.594	76.782	-3.662	3.64	29.27	-22.40	-19.447	33.920	11.793	-0.89148	-0.09006	0.22488	0.38275	25.4	null	null	13113	75
2026-05-27T14:09:41.319	WT901BLE68(F3:F0:16:BF:DC:AE)	-0.748	0.002	0.662	-64.453	62.134	-18.616	-2.90	36.19	-25.33	-19.447	33.920	11.793	-0.89148	-0.09006	0.22488	0.38275	25.4	null	null	13113	75
2026-05-27T14:09:41.440	WT901BLE68(F3:F0:16:BF:DC:AE)	-0.766	-0.177	0.646	-69.336	49.744	-31.494	-11.58	41.47	-31.48	-19.447	33.920	11.793	-0.89148	-0.09006	0.22488	0.38275	25.4	null	null	13113	75
2026-05-27T14:09:41.531	WT901BLE68(F3:F0:16:BF:DC:AE)	-0.678	-0.266	0.520	-52.490	36.621	-19.287	-20.43	45.24	-38.02	-61.567	5.727	26.600	-0.89148	-0.09006	0.22488	0.38275	25.4	null	null	13113	75
2026-05-27T14:09:41.650	WT901BLE68(F3:F0:16:BF:DC:AE)	-0.737	-0.365	0.423	-32.166	23.621	-4.456	-26.80	47.72	-42.82	-61.567	5.727	26.600	-0.89148	-0.09006	0.22488	0.38275	25.4	null	null	13113	75
2026-05-27T14:09:41.710	WT901BLE68(F3:F0:16:BF:DC:AE)	-0.892	-0.441	0.381	-20.935	6.042	8.667	-29.72	49.44	-44.44	-61.567	5.727	26.600	-0.85443	0.06119	-0.45944	0.23459	25.4	null	null	13113	75
2026-05-27T14:09:41.830	WT901BLE68(F3:F0:16:BF:DC:AE)	-0.849	-0.453	0.219	-7.568	-26.672	36.011	-29.26	50.62	-41.58	-61.567	5.727	26.600	-0.85443	0.06119	-0.45944	0.23459	25.4	null	null	13113	75
2026-05-27T14:09:41.918	WT901BLE68(F3:F0:16:BF:DC:AE)	-0.502	-0.170	0.394	6.592	-84.473	53.833	-22.74	47.94	-31.09	-61.567	5.727	26.600	-0.85443	0.06119	-0.45944	0.23459	25.4	null	null	13113	75
2026-05-27T14:09:42.042	WT901BLE68(F3:F0:16:BF:DC:AE)	-0.396	0.063	0.765	37.476	-41.443	-7.935	-17.59	42.52	-26.89	-61.567	5.727	26.600	-0.85443	0.06119	-0.45944	0.23459	25.4	null	null	13113	75
2026-05-27T14:09:42.130	WT901BLE68(F3:F0:16:BF:DC:AE)	-0.504	-0.158	0.608	49.011	-41.321	-17.944	-13.73	37.89	-31.10	-61.567	5.727	26.600	-0.85443	0.06119	-0.45944	0.23459	25.4	null	null	13113	75
2026-05-27T14:09:42.251	WT901BLE68(F3:F0:16:BF:DC:AE)	-0.526	-0.131	0.875	68.054	-65.369	24.109	-6.30	32.15	-31.44	-61.567	5.727	26.600	-0.85443	0.06119	-0.45944	0.23459	25.4	null	null	13113	75
2026-05-27T14:09:42.341	WT901BLE68(F3:F0:16:BF:DC:AE)	-0.604	0.028	1.119	64.880	-56.396	51.392	3.32	25.96	-27.74	-61.567	5.727	26.600	-0.85443	0.06119	-0.45944	0.23459	25.4	null	null	13113	75
2026-05-27T14:09:42.460	WT901BLE68(F3:F0:16:BF:DC:AE)	-0.835	0.055	1.237	10.193	-11.536	39.978	8.50	22.40	-23.55	-32.453	22.580	27.747	-0.85443	0.06119	-0.45944	0.23459	25.4	null	null	13113	75
2026-05-27T14:09:42.518	WT901BLE68(F3:F0:16:BF:DC:AE)	-0.858	0.216	0.896	-26.489	28.503	-19.958	7.39	24.15	-22.25	-32.453	22.580	27.747	-0.85443	0.06119	-0.45944	0.23459	25.4	null	null	13113	75
2026-05-27T14:09:42.673	WT901BLE68(F3:F0:16:BF:DC:AE)	-0.606	0.151	0.642	-5.737	14.832	-55.481	4.32	28.10	-26.07	-32.453	22.580	27.747	-0.85443	0.06119	-0.45944	0.23459	25.4	null	null	13113	75
2026-05-27T14:09:42.727	WT901BLE68(F3:F0:16:BF:DC:AE)	-0.473	-0.153	0.446	15.442	-55.298	-38.757	2.25	27.31	-31.22	-32.453	22.580	27.747	-0.93787	-0.08667	-0.23322	0.24164	25.4	null	null	13113	75
2026-05-27T14:09:42.849	WT901BLE68(F3:F0:16:BF:DC:AE)	-0.034	-0.099	0.800	-3.540	-134.521	24.536	1.77	18.05	-31.54	-32.453	22.580	27.747	-0.93787	-0.08667	-0.23322	0.24164	25.4	null	null	13113	75
2026-05-27T14:09:42.942	WT901BLE68(F3:F0:16:BF:DC:AE)	0.359	0.187	1.171	20.325	-105.713	40.833	2.86	5.49	-28.39	-32.453	22.580	27.747	-0.93787	-0.08667	-0.23322	0.24164	25.4	null	null	13113	75
2026-05-27T14:09:43.060	WT901BLE68(F3:F0:16:BF:DC:AE)	0.274	0.283	1.142	58.838	-49.316	6.226	6.94	-2.17	-27.25	-32.453	22.580	27.747	-0.93787	-0.08667	-0.23322	0.24164	25.4	null	null	13113	75
2026-05-27T14:09:43.120	WT901BLE68(F3:F0:16:BF:DC:AE)	0.215	0.255	1.148	50.964	-31.921	2.625	12.33	-6.57	-27.67	-32.453	22.580	27.747	-0.93787	-0.08667	-0.23322	0.24164	25.4	null	null	13113	75
2026-05-27T14:09:43.241	WT901BLE68(F3:F0:16:BF:DC:AE)	0.047	0.321	1.152	45.288	11.597	16.174	17.12	-7.28	-25.61	-32.453	22.580	27.747	-0.93787	-0.08667	-0.23322	0.24164	25.4	null	null	13113	75
2026-05-27T14:09:43.359	WT901BLE68(F3:F0:16:BF:DC:AE)	-0.119	0.239	1.138	19.897	59.631	26.550	19.41	-4.03	-21.19	-1.693	33.367	8.880	-0.93787	-0.08667	-0.23322	0.24164	25.4	null	null	13113	75
2026-05-27T14:09:43.451	WT901BLE68(F3:F0:16:BF:DC:AE)	-0.224	0.267	0.959	-16.968	76.416	22.278	18.98	2.21	-15.45	-1.693	33.367	8.880	-0.93787	-0.08667	-0.23322	0.24164	25.4	null	null	13113	75
2026-05-27T14:09:43.539	WT901BLE68(F3:F0:16:BF:DC:AE)	-0.322	0.248	0.671	-21.240	54.321	7.324	17.11	8.67	-11.43	-1.693	33.367	8.880	-0.97952	-0.15872	-0.04364	0.11536	25.4	null	null	13113	75
2026-05-27T14:09:43.662	WT901BLE68(F3:F0:16:BF:DC:AE)	-0.430	0.191	0.346	8.362	-39.673	1.648	16.72	9.72	-10.49	-1.693	33.367	8.880	-0.97952	-0.15872	-0.04364	0.11536	25.4	null	null	13113	75
2026-05-27T14:09:43.750	WT901BLE68(F3:F0:16:BF:DC:AE)	-0.086	0.699	0.601	27.161	-154.846	-25.391	19.08	0.72	-12.62	-1.693	33.367	8.880	-0.97952	-0.15872	-0.04364	0.11536	25.4	null	null	13113	75
2026-05-27T14:09:43.873	WT901BLE68(F3:F0:16:BF:DC:AE)	0.269	0.898	1.085	-28.198	-150.574	-118.408	22.75	-10.37	-24.92	-1.693	33.367	8.880	-0.97952	-0.15872	-0.04364	0.11536	25.4	null	null	13113	75
2026-05-27T14:09:43.929	WT901BLE68(F3:F0:16:BF:DC:AE)	0.328	0.720	0.969	-36.133	-96.497	-153.931	25.74	-14.09	-41.88	-1.693	33.367	8.880	-0.97952	-0.15872	-0.04364	0.11536	25.4	null	null	13113	75
2026-05-27T14:09:44.049	WT901BLE68(F3:F0:16:BF:DC:AE)	0.544	0.614	0.901	-89.600	-58.411	-149.658	23.31	-14.55	-57.84	-1.693	33.367	8.880	-0.97952	-0.15872	-0.04364	0.11536	25.4	null	null	13113	75
2026-05-27T14:09:44.140	WT901BLE68(F3:F0:16:BF:DC:AE)	0.492	0.398	0.704	-61.707	-38.818	-116.272	21.42	-13.74	-70.99	-1.693	33.367	8.880	-0.97952	-0.15872	-0.04364	0.11536	25.4	null	null	13113	75
2026-05-27T14:09:44.259	WT901BLE68(F3:F0:16:BF:DC:AE)	0.535	0.270	0.636	-12.634	-57.983	-59.692	21.85	-15.62	-79.32	-29.553	38.027	8.267	-0.97952	-0.15872	-0.04364	0.11536	25.4	null	null	13113	75
2026-05-27T14:09:44.350	WT901BLE68(F3:F0:16:BF:DC:AE)	0.700	0.214	0.623	-129.333	-107.117	-8.606	14.73	-24.21	-82.85	-29.553	38.027	8.267	-0.97952	-0.15872	-0.04364	0.11536	25.4	null	null	13113	75
2026-05-27T14:09:44.469	WT901BLE68(F3:F0:16:BF:DC:AE)	0.969	-0.226	0.824	-22.766	-39.307	-9.155	4.14	-33.77	-84.11	-29.553	38.027	8.267	-0.72528	0.13599	0.23807	0.63144	25.4	null	null	13113	75
2026-05-27T14:09:44.526	WT901BLE68(F3:F0:16:BF:DC:AE)	0.806	-0.188	0.778	18.250	10.498	-0.671	4.84	-35.44	-83.70	-29.553	38.027	8.267	-0.72528	0.13599	0.23807	0.63144	25.4	null	null	13113	75
2026-05-27T14:09:44.680	WT901BLE68(F3:F0:16:BF:DC:AE)	0.802	-0.157	0.837	56.824	30.762	35.522	5.95	-34.39	-80.03	-29.553	38.027	8.267	-0.72528	0.13599	0.23807	0.63144	25.4	null	null	13113	75
2026-05-27T14:09:44.741	WT901BLE68(F3:F0:16:BF:DC:AE)	0.880	0.031	0.824	180.908	79.285	57.617	13.14	-31.02	-72.32	-29.553	38.027	8.267	-0.72528	0.13599	0.23807	0.63144	25.4	null	null	13113	75
2026-05-27T14:09:44.858	WT901BLE68(F3:F0:16:BF:DC:AE)	0.715	0.503	0.906	115.601	150.940	73.425	23.60	-24.11	-59.62	-29.553	38.027	8.267	-0.72528	0.13599	0.23807	0.63144	25.4	null	null	13113	75
2026-05-27T14:09:44.952	WT901BLE68(F3:F0:16:BF:DC:AE)	0.276	0.943	1.008	-11.108	198.914	56.274	25.83	-12.26	-44.23	-29.553	38.027	8.267	-0.72528	0.13599	0.23807	0.63144	25.4	null	null	13113	75
2026-05-27T14:09:45.072	WT901BLE68(F3:F0:16:BF:DC:AE)	-0.144	0.832	0.773	-111.877	201.843	12.634	19.88	4.13	-33.47	-29.553	38.027	8.267	-0.72528	0.13599	0.23807	0.63144	25.4	null	null	13113	75
2026-05-27T14:09:45.159	WT901BLE68(F3:F0:16:BF:DC:AE)	-0.317	0.535	0.447	-146.118	140.503	13.489	9.39	19.76	-28.94	-37.973	35.547	13.927	-0.72528	0.13599	0.23807	0.63144	25.4	null	null	13113	75
2026-05-27T14:09:45.282	WT901BLE68(F3:F0:16:BF:DC:AE)	-0.623	0.179	0.434	-152.405	71.045	-9.766	-3.93	28.89	-30.28	-37.973	35.547	13.927	-0.72528	0.13599	0.23807	0.63144	25.4	null	null	13113	75
2026-05-27T14:09:45.339	WT901BLE68(F3:F0:16:BF:DC:AE)	-0.790	-0.284	0.607	-106.506	50.354	-20.508	-16.41	33.71	-36.44	-37.973	35.547	13.927	-0.92447	0.01199	-0.28714	0.25031	25.4	null	null	13113	75
2026-05-27T14:09:45.459	WT901BLE68(F3:F0:16:BF:DC:AE)	-0.840	-0.483	0.460	-75.500	42.297	-15.076	-26.76	38.28	-42.34	-37.973	35.547	13.927	-0.92447	0.01199	-0.28714	0.25031	25.4	null	null	13113	75
2026-05-27T14:09:45.552	WT901BLE68(F3:F0:16:BF:DC:AE)	-0.738	-0.551	0.343	-58.044	29.846	12.268	-35.82	41.97	-46.10	-37.973	35.547	13.927	-0.92447	0.01199	-0.28714	0.25031	25.4	null	null	13113	75
2026-05-27T14:09:45.672	WT901BLE68(F3:F0:16:BF:DC:AE)	-0.585	-0.521	0.304	4.456	2.563	55.725	-39.10	45.73	-45.13	-37.973	35.547	13.927	-0.92447	0.01199	-0.28714	0.25031	25.4	null	null	13113	75
2026-05-27T14:09:45.760	WT901BLE68(F3:F0:16:BF:DC:AE)	-0.493	-0.259	0.195	28.687	-49.683	64.026	-32.88	48.07	-36.64	-37.973	35.547	13.927	-0.92447	0.01199	-0.28714	0.25031	25.4	null	null	13113	75
2026-05-27T14:09:45.879	WT901BLE68(F3:F0:16:BF:DC:AE)	-0.478	0.136	0.568	33.020	-78.430	36.499	-22.51	45.16	-25.77	-37.973	35.547	13.927	-0.92447	0.01199	-0.28714	0.25031	25.4	null	null	13113	75
2026-05-27T14:09:45.971	WT901BLE68(F3:F0:16:BF:DC:AE)	-0.541	0.186	0.718	74.463	-71.716	-13.550	-14.05	38.71	-24.57	-37.973	35.547	13.927	-0.92447	0.01199	-0.28714	0.25031	25.4	null	null	13113	75
2026-05-27T14:09:46.062	WT901BLE68(F3:F0:16:BF:DC:AE)	-0.486	0.049	0.924	111.084	-92.773	-26.428	-4.88	30.06	-28.76	-50.127	6.253	32.347	-0.92447	0.01199	-0.28714	0.25031	25.4	null	null	13113	75
2026-05-27T14:09:46.150	WT901BLE68(F3:F0:16:BF:DC:AE)	-0.412	0.007	1.259	106.873	-74.768	-0.793	5.64	21.45	-31.78	-50.127	6.253	32.347	-0.92447	0.01199	-0.28714	0.25031	25.4	null	null	13113	75
2026-05-27T14:09:46.268	WT901BLE68(F3:F0:16:BF:DC:AE)	-0.409	-0.039	1.430	38.391	-31.860	16.479	13.13	16.03	-32.39	-50.127	6.253	32.347	-0.94031	-0.12961	-0.12656	0.28796	25.4	null	null	13113	75
2026-05-27T14:09:46.360	WT901BLE68(F3:F0:16:BF:DC:AE)	-0.604	0.042	1.287	-59.753	30.945	21.179	11.11	15.58	-30.55	-50.127	6.253	32.347	-0.94031	-0.12961	-0.12656	0.28796	25.4	null	null	13113	75
2026-05-27T14:09:46.483	WT901BLE68(F3:F0:16:BF:DC:AE)	-0.489	0.148	0.668	-59.448	60.608	20.142	5.13	21.04	-27.92	-50.127	6.253	32.347	-0.94031	-0.12961	-0.12656	0.28796	25.4	null	null	13113	75
2026-05-27T14:09:46.569	WT901BLE68(F3:F0:16:BF:DC:AE)	-0.431	-0.090	0.269	-23.376	-31.860	75.439	2.44	23.66	-22.93	-50.127	6.253	32.347	-0.94031	-0.12961	-0.12656	0.28796	25.4	null	null	13113	75
2026-05-27T14:09:46.692	WT901BLE68(F3:F0:16:BF:DC:AE)	0.203	0.566	0.786	-8.179	-145.081	79.468	4.49	14.32	-13.21	-50.127	6.253	32.347	-0.94031	-0.12961	-0.12656	0.28796	25.4	null	null	13113	75
2026-05-27T14:09:46.748	WT901BLE68(F3:F0:16:BF:DC:AE)	0.223	0.522	1.038	44.128	-115.295	-58.350	5.67	0.69	-15.40	-50.127	6.253	32.347	-0.94031	-0.12961	-0.12656	0.28796	25.4	null	null	13113	75
2026-05-27T14:09:46.871	WT901BLE68(F3:F0:16:BF:DC:AE)	0.112	0.183	1.302	54.321	-67.566	-80.322	12.78	-7.50	-25.20	-50.127	6.253	32.347	-0.94031	-0.12961	-0.12656	0.28796	25.4	null	null	13113	75
2026-05-27T14:09:46.958	WT901BLE68(F3:F0:16:BF:DC:AE)	0.052	0.033	1.343	21.667	3.052	-41.443	17.63	-8.85	-31.22	-3.013	31.880	12.360	-0.94031	-0.12961	-0.12656	0.28796	25.4	null	null	13113	75
2026-05-27T14:09:47.080	WT901BLE68(F3:F0:16:BF:DC:AE)	0.045	0.186	1.170	-14.771	52.734	-18.433	18.01	-5.10	-31.81	-3.013	31.880	12.360	-0.94031	-0.12961	-0.12656	0.28796	25.4	null	null	13113	75
2026-05-27T14:09:47.169	WT901BLE68(F3:F0:16:BF:DC:AE)	-0.106	0.184	0.970	-37.170	73.608	-6.592	14.92	1.53	-30.20	-3.013	31.880	12.360	-0.95346	-0.13538	0.05832	0.26285	25.4	null	null	13113	75
2026-05-27T14:09:47.291	WT901BLE68(F3:F0:16:BF:DC:AE)	-0.269	-0.002	0.961	-65.979	60.791	23.254	9.98	7.75	-27.78	-3.013	31.880	12.360	-0.95346	-0.13538	0.05832	0.26285	25.4	null	null	13113	75
2026-05-27T14:09:47.350	WT901BLE68(F3:F0:16:BF:DC:AE)	-0.344	0.083	0.634	-27.954	3.296	60.242	6.01	11.02	-22.47	-3.013	31.880	12.360	-0.95346	-0.13538	0.05832	0.26285	25.4	null	null	13113	75
2026-05-27T14:09:47.470	WT901BLE68(F3:F0:16:BF:DC:AE)	-0.215	0.419	0.602	11.169	-83.801	41.748	6.29	7.18	-16.68	-3.013	31.880	12.360	-0.95346	-0.13538	0.05832	0.26285	25.4	null	null	13113	75
2026-05-27T14:09:47.561	WT901BLE68(F3:F0:16:BF:DC:AE)	0.125	0.725	0.882	11.353	-138.855	-42.725	8.21	-3.44	-17.12	-3.013	31.880	12.360	-0.95346	-0.13538	0.05832	0.26285	25.4	null	null	13113	75
2026-05-27T14:09:47.681	WT901BLE68(F3:F0:16:BF:DC:AE)	0.389	0.696	1.106	11.963	-114.258	-145.630	12.69	-13.78	-28.87	-3.013	31.880	12.360	-0.95346	-0.13538	0.05832	0.26285	25.4	null	null	13113	75
2026-05-27T14:09:47.770	WT901BLE68(F3:F0:16:BF:DC:AE)	0.421	0.499	1.106	-38.940	-65.369	-181.396	17.10	-17.01	-47.42	-3.013	31.880	12.360	-0.95346	-0.13538	0.05832	0.26285	25.4	null	null	13113	75
2026-05-27T14:09:47.888	WT901BLE68(F3:F0:16:BF:DC:AE)	0.407	0.233	1.046	-43.030	-20.630	-151.428	18.05	-15.25	-63.83	-14.520	37.553	8.733	-0.95346	-0.13538	0.05832	0.26285	25.4	null	null	13113	75
2026-05-27T14:09:47.980	WT901BLE68(F3:F0:16:BF:DC:AE)	0.488	0.219	0.851	-37.231	-24.353	-113.525	16.55	-13.87	-75.90	-14.520	37.553	8.733	-0.95346	-0.13538	0.05832	0.26285	25.4	null	null	13113	75
2026-05-27T14:09:48.103	WT901BLE68(F3:F0:16:BF:DC:AE)	0.363	0.228	0.756	-14.893	-23.621	-74.585	16.92	-14.17	-84.18	-14.520	37.553	8.733	-0.76526	-0.03281	0.18332	0.61609	25.4	null	null	13113	75
2026-05-27T14:09:48.159	WT901BLE68(F3:F0:16:BF:DC:AE)	0.359	0.192	0.634	-31.982	-41.321	-47.119	16.90	-15.92	-89.44	-14.520	37.553	8.733	-0.76526	-0.03281	0.18332	0.61609	25.4	null	null	13113	75
2026-05-27T14:09:48.281	WT901BLE68(F3:F0:16:BF:DC:AE)	0.642	0.282	0.702	-100.342	-91.003	4.333	15.06	-22.59	-91.80	-14.520	37.553	8.733	-0.76526	-0.03281	0.18332	0.61609	25.4	null	null	13113	75
2026-05-27T14:09:48.375	WT901BLE68(F3:F0:16:BF:DC:AE)	0.904	-0.322	0.857	-61.340	-67.505	-18.066	4.45	-31.94	-93.50	-14.520	37.553	8.733	-0.76526	-0.03281	0.18332	0.61609	25.4	null	null	13113	75
2026-05-27T14:09:48.490	WT901BLE68(F3:F0:16:BF:DC:AE)	0.667	-0.049	0.939	18.982	-11.597	9.949	5.83	-35.11	-92.19	-14.520	37.553	8.733	-0.76526	-0.03281	0.18332	0.61609	25.4	null	null	13113	75
2026-05-27T14:09:48.578	WT901BLE68(F3:F0:16:BF:DC:AE)	0.762	-0.020	0.795	47.485	10.498	34.119	5.99	-35.73	-87.50	-14.520	37.553	8.733	-0.76526	-0.03281	0.18332	0.61609	25.4	null	null	13113	75
2026-05-27T14:09:48.699	WT901BLE68(F3:F0:16:BF:DC:AE)	0.856	0.083	0.615	106.384	43.274	57.800	10.09	-34.05	-79.62	-14.520	37.553	8.733	-0.76526	-0.03281	0.18332	0.61609	25.4	null	null	13113	75
2026-05-27T14:09:48.759	WT901BLE68(F3:F0:16:BF:DC:AE)	0.770	0.277	0.701	130.615	60.120	98.389	16.61	-31.51	-67.58	-23.507	28.533	17.340	-0.76526	-0.03281	0.18332	0.61609	25.4	null	null	13113	75
2026-05-27T14:09:48.881	WT901BLE68(F3:F0:16:BF:DC:AE)	0.625	0.523	0.889	104.248	73.303	142.273	19.89	-30.40	-50.21	-23.507	28.533	17.340	-0.76526	-0.03281	0.18332	0.61609	25.4	null	null	13113	75
2026-05-27T14:09:48.967	WT901BLE68(F3:F0:16:BF:DC:AE)	0.448	0.627	0.868	41.931	102.478	139.282	17.58	-26.70	-30.96	-23.507	28.533	17.340	-0.91565	-0.07040	0.28299	0.27649	25.4	null	null	13113	75
2026-05-27T14:09:49.091	WT901BLE68(F3:F0:16:BF:DC:AE)	0.282	0.693	0.821	27.466	116.333	109.436	15.42	-19.62	-14.89	-23.507	28.533	17.340	-0.91565	-0.07040	0.28299	0.27649	25.4	null	null	13113	75
2026-05-27T14:09:49.179	WT901BLE68(F3:F0:16:BF:DC:AE)	0.016	0.585	0.886	-7.263	101.685	61.035	14.61	-11.49	-4.45	-23.507	28.533	17.340	-0.91565	-0.07040	0.28299	0.27649	25.4	null	null	13113	75
2026-05-27T14:09:49.301	WT901BLE68(F3:F0:16:BF:DC:AE)	-0.173	0.414	0.868	-9.460	94.116	12.634	14.49	-2.82	0.26	-23.507	28.533	17.340	-0.91565	-0.07040	0.28299	0.27649	25.4	null	null	13113	75
2026-05-27T14:09:49.390	WT901BLE68(F3:F0:16:BF:DC:AE)	-0.310	0.301	0.982	-18.982	80.994	-24.597	14.07	5.76	0.63	-23.507	28.533	17.340	-0.91565	-0.07040	0.28299	0.27649	25.4	null	null	13113	75
2026-05-27T14:09:49.513	WT901BLE68(F3:F0:16:BF:DC:AE)	-0.345	0.120	0.939	-36.682	79.773	-50.049	11.15	14.60	-2.94	-23.507	28.533	17.340	-0.91565	-0.07040	0.28299	0.27649	25.4	null	null	13113	75
2026-05-27T14:09:49.571	WT901BLE68(F3:F0:16:BF:DC:AE)	-0.414	0.006	0.846	-36.560	64.026	-47.546	6.52	22.38	-8.56	-23.507	28.533	17.340	-0.91565	-0.07040	0.28299	0.27649	25.4	null	null	13113	75
2026-05-27T14:09:49.690	WT901BLE68(F3:F0:16:BF:DC:AE)	-0.565	-0.091	0.913	-57.129	61.646	-39.185	0.05	28.62	-14.64	-32.133	22.013	27.633	-0.91565	-0.07040	0.28299	0.27649	25.4	null	null	13113	75
2026-05-27T14:09:49.782	WT901BLE68(F3:F0:16:BF:DC:AE)	-0.736	-0.236	0.823	-76.782	65.613	-35.706	-9.92	34.74	-21.45	-32.133	22.013	27.633	-0.91565	-0.07040	0.28299	0.27649	25.4	null	null	13113	75
2026-05-27T14:09:49.898	WT901BLE68(F3:F0:16:BF:DC:AE)	-0.762	-0.366	0.589	-76.843	56.213	-21.790	-21.09	40.06	-29.20	-32.133	22.013	27.633	-0.92334	0.05597	-0.34225	0.16461	25.4	null	null	13113	75
2026-05-27T14:09:49.992	WT901BLE68(F3:F0:16:BF:DC:AE)	-0.731	-0.579	0.438	-65.918	5.493	15.991	-29.37	43.18	-33.68	-32.133	22.013	27.633	-0.92334	0.05597	-0.34225	0.16461	25.4	null	null	13113	75
2026-05-27T14:09:50.108	WT901BLE68(F3:F0:16:BF:DC:AE)	-0.547	-0.502	0.482	-18.433	-45.593	41.992	-31.06	43.60	-29.26	-32.133	22.013	27.633	-0.92334	0.05597	-0.34225	0.16461	25.4	null	null	13113	75
2026-05-27T14:09:50.174	WT901BLE68(F3:F0:16:BF:DC:AE)	-0.278	-0.042	0.670	8.423	-31.799	27.893	-26.81	41.83	-23.74	-32.133	22.013	27.633	-0.92334	0.05597	-0.34225	0.16461	25.4	null	null	13113	75
2026-05-27T14:09:50.295	WT901BLE68(F3:F0:16:BF:DC:AE)	-0.413	0.013	0.563	50.476	-33.936	-21.118	-22.37	38.98	-25.32	-32.133	22.013	27.633	-0.92334	0.05597	-0.34225	0.16461	25.4	null	null	13113	75
2026-05-27T14:09:50.380	WT901BLE68(F3:F0:16:BF:DC:AE)	-0.466	-0.149	0.752	68.298	-54.688	-39.673	-17.38	33.27	-31.50	-32.133	22.013	27.633	-0.92334	0.05597	-0.34225	0.16461	25.4	null	null	13113	75
2026-05-27T14:09:50.504	WT901BLE68(F3:F0:16:BF:DC:AE)	-0.447	-0.105	1.067	92.590	-54.565	-39.368	-9.73	26.70	-36.46	-32.133	22.013	27.633	-0.92334	0.05597	-0.34225	0.16461	25.4	null	null	13113	75
2026-05-27T14:09:50.589	WT901BLE68(F3:F0:16:BF:DC:AE)	-0.502	-0.336	1.249	71.960	-51.086	-28.625	-1.77	20.89	-40.87	-39.847	8.993	34.607	-0.92334	0.05597	-0.34225	0.16461	25.4	null	null	13113	75
2026-05-27T14:09:50.708	WT901BLE68(F3:F0:16:BF:DC:AE)	-0.516	-0.517	1.374	-7.019	-2.686	41.321	1.35	17.73	-40.85	-39.847	8.993	34.607	-0.92334	0.05597	-0.34225	0.16461	25.4	null	null	13113	75
2026-05-27T14:09:50.772	WT901BLE68(F3:F0:16:BF:DC:AE)	-0.529	-0.152	0.865	-59.387	25.635	92.468	-0.47	19.51	-33.53	-39.847	8.993	34.607	-0.93378	-0.05612	-0.14764	0.32098	25.4	null	null	13113	75
2026-05-27T14:09:50.919	WT901BLE68(F3:F0:16:BF:DC:AE)	-0.396	0.026	0.574	-44.250	-23.804	102.966	-3.35	21.29	-22.71	-39.847	8.993	34.607	-0.93378	-0.05612	-0.14764	0.32098	25.4	null	null	13113	75
2026-05-27T14:09:50.979	WT901BLE68(F3:F0:16:BF:DC:AE)	-0.223	0.333	0.859	-9.460	-70.251	62.073	-2.57	17.57	-12.72	-39.847	8.993	34.607	-0.93378	-0.05612	-0.14764	0.32098	25.4	null	null	13113	75
2026-05-27T14:09:51.101	WT901BLE68(F3:F0:16:BF:DC:AE)	-0.104	0.414	1.128	22.339	-47.241	-45.288	-0.86	11.20	-13.19	-39.847	8.993	34.607	-0.93378	-0.05612	-0.14764	0.32098	25.4	null	null	13113	75
2026-05-27T14:09:51.190	WT901BLE68(F3:F0:16:BF:DC:AE)	-0.119	0.084	1.077	28.137	-29.419	-85.876	1.78	6.90	-22.79	-39.847	8.993	34.607	-0.93378	-0.05612	-0.14764	0.32098	25.4	null	null	13113	75
2026-05-27T14:09:51.313	WT901BLE68(F3:F0:16:BF:DC:AE)	-0.107	-0.104	1.106	40.833	-9.094	-67.505	5.06	5.30	-31.29	-39.847	8.993	34.607	-0.93378	-0.05612	-0.14764	0.32098	25.4	null	null	13113	75
2026-05-27T14:09:51.400	WT901BLE68(F3:F0:16:BF:DC:AE)	-0.165	-0.156	1.106	16.968	8.667	-24.902	7.36	5.95	-35.35	-39.847	8.993	34.607	-0.93378	-0.05612	-0.14764	0.32098	25.4	null	null	13113	75
2026-05-27T14:09:51.522	WT901BLE68(F3:F0:16:BF:DC:AE)	-0.288	-0.090	1.054	-14.893	15.442	6.897	6.59	7.38	-35.35	-15.600	25.593	24.840	-0.93378	-0.05612	-0.14764	0.32098	25.4	null	null	13113	75
2026-05-27T14:09:51.579	WT901BLE68(F3:F0:16:BF:DC:AE)	-0.390	-0.003	0.860	-24.780	7.385	32.104	3.99	8.82	-32.45	-15.600	25.593	24.840	-0.93378	-0.05612	-0.14764	0.32098	25.4	null	null	13113	75
2026-05-27T14:09:51.698	WT901BLE68(F3:F0:16:BF:DC:AE)	-0.390	0.092	0.550	0.366	-55.603	20.447	2.91	7.60	-28.58	-15.600	25.593	24.840	-0.96066	-0.04593	-0.06873	0.26489	25.4	null	null	13113	75
2026-05-27T14:09:51.794	WT901BLE68(F3:F0:16:BF:DC:AE)	0.013	0.592	1.006	12.878	-98.022	-30.396	4.69	0.15	-27.08	-15.600	25.593	24.840	-0.96066	-0.04593	-0.06873	0.26489	25.4	null	null	13113	75
2026-05-27T14:09:51.910	WT901BLE68(F3:F0:16:BF:DC:AE)	0.209	0.583	1.228	10.010	-52.246	-127.136	8.26	-5.95	-35.07	-15.600	25.593	24.840	-0.96066	-0.04593	-0.06873	0.26489	25.4	null	null	13113	75
2026-05-27T14:09:52.001	WT901BLE68(F3:F0:16:BF:DC:AE)	0.289	0.388	1.171	-23.682	-15.503	-157.959	11.05	-6.47	-49.14	-15.600	25.593	24.840	-0.96066	-0.04593	-0.06873	0.26489	25.4	null	null	13113	75
2026-05-27T14:09:52.122	WT901BLE68(F3:F0:16:BF:DC:AE)	0.254	0.193	0.984	-38.147	-5.493	-161.316	10.83	-4.19	-64.09	-15.600	25.593	24.840	-0.96066	-0.04593	-0.06873	0.26489	25.4	null	null	13113	75
2026-05-27T14:09:52.210	WT901BLE68(F3:F0:16:BF:DC:AE)	0.172	0.105	0.812	-29.785	-25.024	-127.258	9.10	-3.36	-77.49	-15.600	25.593	24.840	-0.96066	-0.04593	-0.06873	0.26489	25.4	null	null	13113	75
2026-05-27T14:09:52.328	WT901BLE68(F3:F0:16:BF:DC:AE)	0.246	0.095	0.751	40.039	-67.444	-65.491	10.54	-6.76	-86.61	-15.600	25.593	24.840	-0.96066	-0.04593	-0.06873	0.26489	25.4	null	null	13113	75
2026-05-27T14:09:52.388	WT901BLE68(F3:F0:16:BF:DC:AE)	0.506	0.222	0.802	56.702	-84.778	-6.104	13.14	-14.35	-89.31	-36.787	27.927	19.013	-0.96066	-0.04593	-0.06873	0.26489	25.4	null	null	13113	75
2026-05-27T14:09:52.509	WT901BLE68(F3:F0:16:BF:DC:AE)	0.603	0.354	0.806	-20.020	-84.106	13.245	14.66	-23.17	-88.78	-36.787	27.927	19.013	-0.96066	-0.04593	-0.06873	0.26489	25.4	null	null	13113	75
2026-05-27T14:09:52.629	WT901BLE68(F3:F0:16:BF:DC:AE)	0.656	0.229	0.847	-63.110	-65.796	-12.512	9.99	-31.18	-88.53	-36.787	27.927	19.013	-0.71124	0.07690	0.23987	0.65619	25.4	null	null	13113	75
2026-05-27T14:09:52.722	WT901BLE68(F3:F0:16:BF:DC:AE)	0.738	-0.034	0.893	-14.648	-38.025	-12.268	7.75	-36.36	-89.66	-36.787	27.927	19.013	-0.71124	0.07690	0.23987	0.65619	25.4	null	null	13113	75
2026-05-27T14:09:52.811	WT901BLE68(F3:F0:16:BF:DC:AE)	0.705	-0.082	0.849	5.920	-5.005	7.751	7.86	-38.49	-88.15	-36.787	27.927	19.013	-0.71124	0.07690	0.23987	0.65619	25.4	null	null	13113	75
2026-05-27T14:09:52.932	WT901BLE68(F3:F0:16:BF:DC:AE)	0.727	-0.058	0.806	35.767	9.155	29.297	8.06	-38.52	-83.27	-36.787	27.927	19.013	-0.71124	0.07690	0.23987	0.65619	25.4	null	null	13113	75
2026-05-27T14:09:52.990	WT901BLE68(F3:F0:16:BF:DC:AE)	0.801	0.102	0.683	72.571	30.334	36.682	10.73	-37.22	-76.70	-36.787	27.927	19.013	-0.71124	0.07690	0.23987	0.65619	25.4	null	null	13113	75
2026-05-27T14:09:53.111	WT901BLE68(F3:F0:16:BF:DC:AE)	0.768	0.168	0.730	103.027	63.110	52.185	16.00	-34.35	-68.37	-36.787	27.927	19.013	-0.71124	0.07690	0.23987	0.65619	25.4	null	null	13113	75
2026-05-27T14:09:53.200	WT901BLE68(F3:F0:16:BF:DC:AE)	0.571	0.326	0.996	91.614	91.797	69.031	20.65	-29.76	-56.96	-36.787	27.927	19.013	-0.71124	0.07690	0.23987	0.65619	25.4	null	null	13113	75
2026-05-27T14:09:53.319	WT901BLE68(F3:F0:16:BF:DC:AE)	0.451	0.456	1.202	24.963	141.968	74.768	20.35	-21.93	-43.89	-15.680	39.807	3.927	-0.71124	0.07690	0.23987	0.65619	25.4	null	null	13113	75
2026-05-27T14:09:53.408	WT901BLE68(F3:F0:16:BF:DC:AE)	0.301	0.659	0.942	-24.536	184.265	49.561	17.24	-8.37	-31.72	-15.680	39.807	3.927	-0.71124	0.07690	0.23987	0.65619	25.4	null	null	13113	75
2026-05-27T14:09:53.531	WT901BLE68(F3:F0:16:BF:DC:AE)	-0.030	0.487	0.663	-60.242	148.132	11.780	12.89	6.11	-25.49	-15.680	39.807	3.927	-0.95914	-0.12674	0.06644	0.24387	25.4	null	null	13113	75
2026-05-27T14:09:53.620	WT901BLE68(F3:F0:16:BF:DC:AE)	-0.342	0.213	0.686	-76.233	102.539	-1.831	6.73	16.68	-25.21	-15.680	39.807	3.927	-0.95914	-0.12674	0.06644	0.24387	25.4	null	null	13113	75
2026-05-27T14:09:53.742	WT901BLE68(F3:F0:16:BF:DC:AE)	-0.590	0.009	0.771	-87.341	75.378	-5.737	0.10	24.60	-27.19	-15.680	39.807	3.927	-0.95914	-0.12674	0.06644	0.24387	25.4	null	null	13113	75
2026-05-27T14:09:53.800	WT901BLE68(F3:F0:16:BF:DC:AE)	-0.727	-0.182	0.709	-87.341	64.941	-6.042	-7.65	31.78	-29.86	-15.680	39.807	3.927	-0.95914	-0.12674	0.06644	0.24387	25.4	null	null	13113	75
2026-05-27T14:09:53.921	WT901BLE68(F3:F0:16:BF:DC:AE)	-0.765	-0.302	0.583	-68.176	47.363	-7.690	-16.24	37.40	-33.27	-15.680	39.807	3.927	-0.95914	-0.12674	0.06644	0.24387	25.4	null	null	13113	75
2026-05-27T14:09:54.010	WT901BLE68(F3:F0:16:BF:DC:AE)	-0.738	-0.329	0.542	-57.983	30.090	-6.287	-23.82	41.06	-36.99	-15.680	39.807	3.927	-0.95914	-0.12674	0.06644	0.24387	25.4	null	null	13113	75
2026-05-27T14:09:54.130	WT901BLE68(F3:F0:16:BF:DC:AE)	-0.799	-0.426	0.426	-44.495	9.827	11.292	-29.77	43.28	-38.86	-15.680	39.807	3.927	-0.95914	-0.12674	0.06644	0.24387	25.4	null	null	13113	75
2026-05-27T14:09:54.220	WT901BLE68(F3:F0:16:BF:DC:AE)	-0.721	-0.422	0.315	-9.949	-17.029	42.969	-30.09	44.85	-35.67	-62.667	-7.153	29.153	-0.95914	-0.12674	0.06644	0.24387	25.4	null	null	13113	75
2026-05-27T14:09:54.340	WT901BLE68(F3:F0:16:BF:DC:AE)	-0.457	-0.169	0.568	0.793	-37.354	47.852	-25.08	44.52	-28.48	-62.667	-7.153	29.153	-0.95914	-0.12674	0.06644	0.24387	25.4	null	null	13113	75
2026-05-27T14:09:54.399	WT901BLE68(F3:F0:16:BF:DC:AE)	-0.239	0.032	0.363	29.053	-16.541	-3.052	-20.73	42.87	-27.16	-62.667	-7.153	29.153	-0.90262	0.09348	-0.39703	0.13721	25.4	null	null	13113	75
2026-05-27T14:09:54.522	WT901BLE68(F3:F0:16:BF:DC:AE)	-0.648	-0.281	0.598	37.720	-27.954	-16.113	-18.11	40.10	-31.38	-62.667	-7.153	29.153	-0.90262	0.09348	-0.39703	0.13721	25.4	null	null	13113	75
2026-05-27T14:09:54.610	WT901BLE68(F3:F0:16:BF:DC:AE)	-0.595	-0.132	0.828	45.532	-46.204	-4.761	-12.17	36.18	-32.51	-62.667	-7.153	29.153	-0.90262	0.09348	-0.39703	0.13721	25.4	null	null	13113	75
2026-05-27T14:09:54.732	WT901BLE68(F3:F0:16:BF:DC:AE)	-0.594	-0.136	1.006	38.513	-30.090	-10.986	-8.10	32.46	-34.02	-62.667	-7.153	29.153	-0.90262	0.09348	-0.39703	0.13721	25.4	null	null	13113	75
2026-05-27T14:09:54.819	WT901BLE68(F3:F0:16:BF:DC:AE)	-0.679	-0.292	1.126	29.541	-13.062	-11.963	-5.50	30.27	-36.25	-62.667	-7.153	29.153	-0.90262	0.09348	-0.39703	0.13721	25.4	null	null	13113	75
2026-05-27T14:09:54.945	WT901BLE68(F3:F0:16:BF:DC:AE)	-0.693	-0.281	0.854	-13.184	1.160	0.244	-5.68	30.24	-37.08	-62.667	-7.153	29.153	-0.90262	0.09348	-0.39703	0.13721	25.4	null	null	13113	75
2026-05-27T14:09:55.030	WT901BLE68(F3:F0:16:BF:DC:AE)	-0.670	-0.253	0.643	-13.245	4.700	22.888	-6.81	31.51	-35.86	-62.667	-7.153	29.153	-0.90262	0.09348	-0.39703	0.13721	25.4	null	null	13113	75
2026-05-27T14:09:55.151	WT901BLE68(F3:F0:16:BF:DC:AE)	-0.578	-0.319	0.473	-15.625	-45.532	73.120	-6.29	30.50	-29.76	-42.360	12.647	31.727	-0.90262	0.09348	-0.39703	0.13721	25.4	null	null	13113	75
2026-05-27T14:09:55.210	WT901BLE68(F3:F0:16:BF:DC:AE)	-0.046	0.217	1.018	13.367	-89.478	80.933	-2.58	23.94	-18.37	-42.360	12.647	31.727	-0.90262	0.09348	-0.39703	0.13721	25.4	null	null	13113	75
2026-05-27T14:09:55.328	WT901BLE68(F3:F0:16:BF:DC:AE)	-0.275	0.256	0.922	13.367	-56.152	1.221	-0.04	16.91	-17.98	-42.360	12.647	31.727	-0.97351	-0.01718	-0.17767	0.14264	25.4	null	null	13113	75
2026-05-27T14:09:55.427	WT901BLE68(F3:F0:16:BF:DC:AE)	-0.228	0.163	1.072	36.499	-44.922	-28.625	3.65	11.41	-21.93	-42.360	12.647	31.727	-0.97351	-0.01718	-0.17767	0.14264	25.4	null	null	13113	75
2026-05-27T14:09:55.540	WT901BLE68(F3:F0:16:BF:DC:AE)	-0.158	0.127	1.081	41.931	-23.560	-32.043	7.49	8.21	-25.70	-42.360	12.647	31.727	-0.97351	-0.01718	-0.17767	0.14264	25.4	null	null	13113	75
2026-05-27T14:09:55.632	WT901BLE68(F3:F0:16:BF:DC:AE)	-0.119	0.060	1.134	31.006	0.671	-11.108	11.01	7.33	-28.13	-42.360	12.647	31.727	-0.97351	-0.01718	-0.17767	0.14264	25.4	null	null	13113	75
2026-05-27T14:09:55.749	WT901BLE68(F3:F0:16:BF:DC:AE)	-0.173	0.093	1.172	-5.493	26.489	8.789	12.10	8.54	-27.38	-42.360	12.647	31.727	-0.97351	-0.01718	-0.17767	0.14264	25.4	null	null	13113	75
2026-05-27T14:09:55.809	WT901BLE68(F3:F0:16:BF:DC:AE)	-0.325	0.104	1.019	-27.954	54.077	28.503	10.42	12.07	-24.68	-42.360	12.647	31.727	-0.97351	-0.01718	-0.17767	0.14264	25.4	null	null	13113	75
2026-05-27T14:09:55.931	WT901BLE68(F3:F0:16:BF:DC:AE)	-0.461	0.164	0.683	-18.677	39.063	34.424	9.38	16.64	-20.46	-42.360	12.647	31.727	-0.97351	-0.01718	-0.17767	0.14264	25.4	null	null	13113	75
2026-05-27T14:09:56.019	WT901BLE68(F3:F0:16:BF:DC:AE)	-0.617	0.016	0.203	-7.324	-59.082	32.104	8.72	17.09	-16.39	-18.060	23.580	25.347	-0.97351	-0.01718	-0.17767	0.14264	25.4	null	null	13113	75
2026-05-27T14:09:56.137	WT901BLE68(F3:F0:16:BF:DC:AE)	0.005	0.389	0.850	-8.667	-145.752	31.982	7.61	7.28	-11.76	-18.060	23.580	25.347	-0.97351	-0.01718	-0.17767	0.14264	25.4	null	null	13113	75
2026-05-27T14:09:56.234	WT901BLE68(F3:F0:16:BF:DC:AE)	0.313	0.728	1.403	18.799	-73.669	-56.580	8.50	-3.96	-11.97	-18.060	23.580	25.347	-0.99310	-0.06760	-0.01147	0.09445	25.4	null	null	13113	75
2026-05-27T14:09:56.349	WT901BLE68(F3:F0:16:BF:DC:AE)	0.017	0.450	0.997	25.269	-30.151	-125.427	12.58	-6.50	-20.57	-18.060	23.580	25.347	-0.99310	-0.06760	-0.01147	0.09445	25.4	null	null	13113	75
2026-05-27T14:09:56.440	WT901BLE68(F3:F0:16:BF:DC:AE)	0.111	0.398	0.979	2.686	-35.278	-147.400	16.09	-5.91	-33.88	-18.060	23.580	25.347	-0.99310	-0.06760	-0.01147	0.09445	25.4	null	null	13113	75
2026-05-27T14:09:56.562	WT901BLE68(F3:F0:16:BF:DC:AE)	0.155	0.387	0.915	-2.014	-39.856	-150.391	18.36	-4.82	-48.12	-18.060	23.580	25.347	-0.99310	-0.06760	-0.01147	0.09445	25.4	null	null	13113	75
2026-05-27T14:09:56.618	WT901BLE68(F3:F0:16:BF:DC:AE)	0.194	0.259	0.939	-17.212	-40.894	-115.967	17.52	-4.83	-61.18	-18.060	23.580	25.347	-0.99310	-0.06760	-0.01147	0.09445	25.4	null	null	13113	75
2026-05-27T14:09:56.741	WT901BLE68(F3:F0:16:BF:DC:AE)	0.205	0.248	0.843	19.287	-29.480	-77.759	17.25	-5.52	-70.29	-18.060	23.580	25.347	-0.99310	-0.06760	-0.01147	0.09445	25.4	null	null	13113	75
2026-05-27T14:09:56.832	WT901BLE68(F3:F0:16:BF:DC:AE)	0.170	0.444	0.826	11.230	-39.307	-57.129	18.23	-7.03	-76.03	-18.060	23.580	25.347	-0.99310	-0.06760	-0.01147	0.09445	25.4	null	null	13113	75
2026-05-27T14:09:56.951	WT901BLE68(F3:F0:16:BF:DC:AE)	0.236	0.457	0.774	0.671	-57.922	-46.753	20.29	-9.85	-81.36	-35.167	35.613	10.880	-0.99310	-0.06760	-0.01147	0.09445	25.4	null	null	13113	75
2026-05-27T14:09:57.039	WT901BLE68(F3:F0:16:BF:DC:AE)	0.447	0.398	0.842	-23.682	-76.172	-36.316	20.78	-15.03	-86.20	-35.167	35.613	10.880	-0.99310	-0.06760	-0.01147	0.09445	25.4	null	null	13113	75
2026-05-27T14:09:57.162	WT901BLE68(F3:F0:16:BF:DC:AE)	0.594	0.281	0.915	-17.395	-67.566	-15.015	24.01	-20.69	-90.43	-35.167	35.613	10.880	-0.71884	-0.02927	0.23093	0.65497	25.4	null	null	13113	75
2026-05-27T14:09:57.220	WT901BLE68(F3:F0:16:BF:DC:AE)	0.527	0.207	0.708	-107.422	-70.068	6.165	19.61	-27.42	-91.35	-35.167	35.613	10.880	-0.71884	-0.02927	0.23093	0.65497	25.4	null	null	13113	75
2026-05-27T14:09:57.342	WT901BLE68(F3:F0:16:BF:DC:AE)	0.710	0.100	0.943	17.700	-13.855	16.968	15.73	-32.51	-89.90	-35.167	35.613	10.880	-0.71884	-0.02927	0.23093	0.65497	25.4	null	null	13113	75
2026-05-27T14:09:57.433	WT901BLE68(F3:F0:16:BF:DC:AE)	0.603	0.163	0.901	9.399	3.723	29.541	15.17	-33.76	-85.51	-35.167	35.613	10.880	-0.71884	-0.02927	0.23093	0.65497	25.4	null	null	13113	75
2026-05-27T14:09:57.551	WT901BLE68(F3:F0:16:BF:DC:AE)	0.665	0.170	0.839	35.278	19.653	41.321	14.82	-33.59	-79.26	-35.167	35.613	10.880	-0.71884	-0.02927	0.23093	0.65497	25.4	null	null	13113	75
2026-05-27T14:09:57.644	WT901BLE68(F3:F0:16:BF:DC:AE)	0.661	0.242	0.756	71.228	44.617	49.683	17.52	-31.78	-71.46	-35.167	35.613	10.880	-0.71884	-0.02927	0.23093	0.65497	25.4	null	null	13113	75
2026-05-27T14:09:57.760	WT901BLE68(F3:F0:16:BF:DC:AE)	0.668	0.292	0.800	77.454	69.153	57.739	21.08	-28.77	-62.25	-35.167	35.613	10.880	-0.71884	-0.02927	0.23093	0.65497	25.4	null	null	13113	75
2026-05-27T14:09:57.818	WT901BLE68(F3:F0:16:BF:DC:AE)	0.513	0.485	0.856	63.660	92.896	79.834	24.45	-24.60	-50.54	-20.233	39.047	5.140	-0.71884	-0.02927	0.23093	0.65497	25.4	null	null	13113	75
2026-05-27T14:09:57.971	WT901BLE68(F3:F0:16:BF:DC:AE)	0.325	0.610	0.979	13.306	127.197	75.867	24.28	-18.63	-37.39	-20.233	39.047	5.140	-0.71884	-0.02927	0.23093	0.65497	25.4	null	null	13113	75
2026-05-27T14:09:58.030	WT901BLE68(F3:F0:16:BF:DC:AE)	0.166	0.646	1.033	-43.457	158.264	59.998	20.65	-8.50	-25.25	-20.233	39.047	5.140	-0.94708	-0.15955	0.15762	0.22946	25.4	null	null	13113	75
2026-05-27T14:09:58.150	WT901BLE68(F3:F0:16:BF:DC:AE)	-0.062	0.509	0.854	-81.421	161.316	38.025	14.05	4.92	-16.50	-20.233	39.047	5.140	-0.94708	-0.15955	0.15762	0.22946	25.4	null	null	13113	75
2026-05-27T14:09:58.240	WT901BLE68(F3:F0:16:BF:DC:AE)	-0.314	0.384	0.593	-82.336	119.751	7.141	8.12	17.29	-13.50	-20.233	39.047	5.140	-0.94708	-0.15955	0.15762	0.22946	25.4	null	null	13113	75
2026-05-27T14:09:58.363	WT901BLE68(F3:F0:16:BF:DC:AE)	-0.539	0.087	0.629	-65.979	76.965	-17.151	1.84	25.77	-16.16	-20.233	39.047	5.140	-0.94708	-0.15955	0.15762	0.22946	25.4	null	null	13113	75
2026-05-27T14:09:58.450	WT901BLE68(F3:F0:16:BF:DC:AE)	-0.718	-0.167	0.719	-56.702	49.622	-25.391	-4.35	31.54	-21.31	-20.233	39.047	5.140	-0.94708	-0.15955	0.15762	0.22946	25.4	null	null	13113	75
2026-05-27T14:09:58.570	WT901BLE68(F3:F0:16:BF:DC:AE)	-0.749	-0.283	0.720	-47.058	47.974	-16.418	-10.75	36.34	-25.91	-20.233	39.047	5.140	-0.94708	-0.15955	0.15762	0.22946	25.4	null	null	13113	75
2026-05-27T14:09:58.630	WT901BLE68(F3:F0:16:BF:DC:AE)	-0.759	-0.269	0.576	-50.964	46.936	-8.606	-17.44	41.08	-30.31	-20.233	39.047	5.140	-0.94708	-0.15955	0.15762	0.22946	25.4	null	null	13113	75
2026-05-27T14:09:58.750	WT901BLE68(F3:F0:16:BF:DC:AE)	-0.861	-0.288	0.420	-37.964	41.748	-9.888	-24.20	45.23	-34.89	-58.413	2.360	28.900	-0.94708	-0.15955	0.15762	0.22946	25.4	null	null	13113	75
2026-05-27T14:09:58.840	WT901BLE68(F3:F0:16:BF:DC:AE)	-0.825	-0.369	0.297	-20.020	16.479	4.822	-28.86	48.46	-38.00	-58.413	2.360	28.900	-0.94708	-0.15955	0.15762	0.22946	25.4	null	null	13113	75
2026-05-27T14:09:58.962	WT901BLE68(F3:F0:16:BF:DC:AE)	-0.765	-0.436	0.257	0.000	-42.236	29.358	-27.58	48.39	-34.95	-58.413	2.360	28.900	-0.86697	0.08676	-0.45316	0.18802	25.4	null	null	13113	75
2026-05-27T14:09:59.049	WT901BLE68(F3:F0:16:BF:DC:AE)	-0.354	-0.105	0.843	-6.470	-63.782	23.987	-23.12	44.41	-27.21	-58.413	2.360	28.900	-0.86697	0.08676	-0.45316	0.18802	25.4	null	null	13113	75
2026-05-27T14:09:59.172	WT901BLE68(F3:F0:16:BF:DC:AE)	-0.474	-0.051	0.762	37.170	-17.944	-10.925	-18.98	40.99	-27.71	-58.413	2.360	28.900	-0.86697	0.08676	-0.45316	0.18802	25.4	null	null	13113	75
2026-05-27T14:09:59.230	WT901BLE68(F3:F0:16:BF:DC:AE)	-0.495	-0.147	0.750	54.749	-22.339	-28.198	-15.32	38.15	-32.52	-58.413	2.360	28.900	-0.86697	0.08676	-0.45316	0.18802	25.4	null	null	13113	75
2026-05-27T14:09:59.380	WT901BLE68(F3:F0:16:BF:DC:AE)	-0.506	-0.123	0.864	70.190	-28.809	-23.010	-10.01	34.90	-36.91	-58.413	2.360	28.900	-0.86697	0.08676	-0.45316	0.18802	25.4	null	null	13113	75
2026-05-27T14:09:59.440	WT901BLE68(F3:F0:16:BF:DC:AE)	-0.555	-0.163	0.998	73.914	-28.198	-5.676	-3.14	31.82	-39.26	-58.413	2.360	28.900	-0.86697	0.08676	-0.45316	0.18802	25.4	null	null	13113	75
2026-05-27T14:09:59.560	WT901BLE68(F3:F0:16:BF:DC:AE)	-0.729	-0.223	1.116	19.104	-6.592	17.456	1.59	29.95	-39.05	-58.413	2.360	28.900	-0.86697	0.08676	-0.45316	0.18802	25.4	null	null	13113	75
2026-05-27T14:09:59.649	WT901BLE68(F3:F0:16:BF:DC:AE)	-0.724	-0.113	0.924	-36.804	19.470	24.719	1.31	31.25	-36.53	-44.427	21.547	24.893	-0.86697	0.08676	-0.45316	0.18802	25.4	null	null	13113	75
2026-05-27T14:09:59.770	WT901BLE68(F3:F0:16:BF:DC:AE)	-0.780	-0.061	0.621	-53.894	16.296	16.418	-2.59	33.51	-34.37	-44.427	21.547	24.893	-0.86697	0.08676	-0.45316	0.18802	25.4	null	null	13113	75
2026-05-27T14:09:59.859	WT901BLE68(F3:F0:16:BF:DC:AE)	-0.636	-0.152	0.393	-27.588	-16.479	36.743	-5.36	34.59	-31.22	-44.427	21.547	24.893	-0.91779	-0.04819	-0.29370	0.26263	25.4	null	null	13113	75
2026-05-27T14:09:59.983	WT901BLE68(F3:F0:16:BF:DC:AE)	-0.383	-0.126	0.395	7.813	-120.483	73.242	-3.24	28.43	-22.75	-44.427	21.547	24.893	-0.91779	-0.04819	-0.29370	0.26263	25.4	null	null	13113	75
2026-05-27T14:10:00.038	WT901BLE68(F3:F0:16:BF:DC:AE)	0.095	0.453	1.265	24.109	-102.539	19.592	0.46	16.25	-17.33	-44.427	21.547	24.893	-0.91779	-0.04819	-0.29370	0.26263	25.4	null	null	13113	75
2026-05-27T14:10:00.162	WT901BLE68(F3:F0:16:BF:DC:AE)	-0.116	0.233	1.207	51.086	-53.162	-19.897	4.75	8.98	-20.24	-44.427	21.547	24.893	-0.91779	-0.04819	-0.29370	0.26263	25.4	null	null	13113	75
2026-05-27T14:10:00.251	WT901BLE68(F3:F0:16:BF:DC:AE)	-0.138	0.309	1.237	38.269	-10.742	-39.246	9.33	6.72	-23.91	-44.427	21.547	24.893	-0.91779	-0.04819	-0.29370	0.26263	25.4	null	null	13113	75
2026-05-27T14:10:00.370	WT901BLE68(F3:F0:16:BF:DC:AE)	-0.183	0.217	1.113	31.433	21.301	-59.143	12.04	8.60	-28.80	-44.427	21.547	24.893	-0.91779	-0.04819	-0.29370	0.26263	25.4	null	null	13113	75
2026-05-27T14:10:00.460	WT901BLE68(F3:F0:16:BF:DC:AE)	-0.234	0.034	1.060	-12.024	40.771	-36.499	11.43	12.86	-32.91	-44.427	21.547	24.893	-0.91779	-0.04819	-0.29370	0.26263	25.4	null	null	13113	75
2026-05-27T14:10:00.581	WT901BLE68(F3:F0:16:BF:DC:AE)	-0.318	0.029	0.839	-20.569	37.964	4.211	9.49	16.93	-33.27	-22.113	31.033	20.000	-0.91779	-0.04819	-0.29370	0.26263	25.4	null	null	13113	75
2026-05-27T14:10:00.639	WT901BLE68(F3:F0:16:BF:DC:AE)	-0.456	-0.058	0.616	-20.142	-6.653	42.786	8.14	18.09	-30.24	-22.113	31.033	20.000	-0.91779	-0.04819	-0.29370	0.26263	25.4	null	null	13113	75
2026-05-27T14:10:00.788	WT901BLE68(F3:F0:16:BF:DC:AE)	-0.355	-0.099	0.327	-10.254	-99.670	89.661	7.76	12.23	-23.06	-22.113	31.033	20.000	-0.95523	-0.10229	-0.12506	0.24765	25.4	null	null	13113	75
2026-05-27T14:10:00.851	WT901BLE68(F3:F0:16:BF:DC:AE)	0.396	0.565	1.157	2.075	-146.851	69.519	8.46	-2.10	-15.41	-22.113	31.033	20.000	-0.95523	-0.10229	-0.12506	0.24765	25.4	null	null	13113	75
2026-05-27T14:10:00.973	WT901BLE68(F3:F0:16:BF:DC:AE)	0.407	0.542	1.368	17.029	-53.406	-28.076	10.73	-11.66	-15.60	-22.113	31.033	20.000	-0.95523	-0.10229	-0.12506	0.24765	25.4	null	null	13113	75
2026-05-27T14:10:01.063	WT901BLE68(F3:F0:16:BF:DC:AE)	0.198	0.320	1.142	11.658	14.160	-60.669	14.28	-12.19	-19.42	-22.113	31.033	20.000	-0.95523	-0.10229	-0.12506	0.24765	25.4	null	null	13113	75
2026-05-27T14:10:01.181	WT901BLE68(F3:F0:16:BF:DC:AE)	0.071	0.293	1.135	-10.742	55.420	-68.176	15.70	-7.05	-23.55	-22.113	31.033	20.000	-0.95523	-0.10229	-0.12506	0.24765	25.4	null	null	13113	75
2026-05-27T14:10:01.270	WT901BLE68(F3:F0:16:BF:DC:AE)	-0.048	0.186	0.931	-24.780	63.477	-73.425	14.19	0.60	-28.19	-22.113	31.033	20.000	-0.95523	-0.10229	-0.12506	0.24765	25.4	null	null	13113	75
2026-05-27T14:10:01.388	WT901BLE68(F3:F0:16:BF:DC:AE)	-0.259	0.157	0.731	-4.089	33.142	-63.843	11.94	7.17	-33.49	-22.113	31.033	20.000	-0.95523	-0.10229	-0.12506	0.24765	25.4	null	null	13113	75
2026-05-27T14:10:01.449	WT901BLE68(F3:F0:16:BF:DC:AE)	-0.451	0.097	0.553	10.498	-41.870	-34.607	11.94	8.79	-38.14	-22.287	34.373	15.740	-0.95523	-0.10229	-0.12506	0.24765	25.4	null	null	13113	75
2026-05-27T14:10:01.570	WT901BLE68(F3:F0:16:BF:DC:AE)	0.118	0.685	0.964	59.814	-107.666	-32.776	12.83	2.29	-41.14	-22.287	34.373	15.740	-0.95523	-0.10229	-0.12506	0.24765	25.4	null	null	13113	75
2026-05-27T14:10:01.658	WT901BLE68(F3:F0:16:BF:DC:AE)	0.270	0.703	1.182	-17.517	-44.617	-128.296	14.45	-3.61	-50.05	-22.287	34.373	15.740	-0.92297	-0.11221	0.05078	0.36450	25.4	null	null	13113	75
2026-05-27T14:10:01.782	WT901BLE68(F3:F0:16:BF:DC:AE)	0.113	0.192	0.980	-23.254	-16.479	-134.705	13.99	-3.13	-63.68	-22.287	34.373	15.740	-0.92297	-0.11221	0.05078	0.36450	25.4	null	null	13113	75
2026-05-27T14:10:01.871	WT901BLE68(F3:F0:16:BF:DC:AE)	0.130	0.176	0.895	-7.751	-22.461	-105.042	13.30	-2.23	-74.86	-22.287	34.373	15.740	-0.92297	-0.11221	0.05078	0.36450	25.4	null	null	13113	75
2026-05-27T14:10:01.990	WT901BLE68(F3:F0:16:BF:DC:AE)	0.125	0.135	0.790	49.500	-40.710	-70.374	15.05	-3.32	-83.08	-22.287	34.373	15.740	-0.92297	-0.11221	0.05078	0.36450	25.4	null	null	13113	75
2026-05-27T14:10:02.049	WT901BLE68(F3:F0:16:BF:DC:AE)	0.239	0.571	0.556	237.122	-71.716	-21.851	32.04	-7.04	-88.68	-22.287	34.373	15.740	-0.92297	-0.11221	0.05078	0.36450	25.4	null	null	13113	75
2026-05-27T14:10:02.199	WT901BLE68(F3:F0:16:BF:DC:AE)	0.557	0.669	0.539	-18.860	-107.788	79.895	43.30	-16.25	-89.83	-22.287	34.373	15.740	-0.92297	-0.11221	0.05078	0.36450	25.4	null	null	13113	75
2026-05-27T14:10:02.257	WT901BLE68(F3:F0:16:BF:DC:AE)	0.863	0.477	0.745	-71.533	-69.397	73.547	36.52	-29.64	-87.60	-22.287	34.373	15.740	-0.92297	-0.11221	0.05078	0.36450	25.4	null	null	13113	75
2026-05-27T14:10:02.378	WT901BLE68(F3:F0:16:BF:DC:AE)	0.752	0.594	0.828	50.659	3.418	23.987	37.45	-35.28	-83.39	-28.347	40.240	-2.500	-0.92297	-0.11221	0.05078	0.36450	25.4	null	null	13113	75
2026-05-27T14:10:02.471	WT901BLE68(F3:F0:16:BF:DC:AE)	0.733	0.527	0.653	51.025	30.029	13.794	39.63	-35.35	-77.93	-28.347	40.240	-2.500	-0.92297	-0.11221	0.05078	0.36450	25.4	null	null	13113	75
2026-05-27T14:10:02.625	WT901BLE68(F3:F0:16:BF:DC:AE)	0.700	0.520	0.621	75.562	61.890	19.470	42.24	-33.43	-70.76	-28.347	40.240	-2.500	-0.76895	-0.08569	0.42487	0.46982	25.4	null	null	13113	75
2026-05-27T14:10:02.678	WT901BLE68(F3:F0:16:BF:DC:AE)	0.681	0.783	0.645	64.270	102.112	16.479	45.94	-29.67	-60.66	-28.347	40.240	-2.500	-0.76895	-0.08569	0.42487	0.46982	25.4	null	null	13113	75
2026-05-27T14:10:02.800	WT901BLE68(F3:F0:16:BF:DC:AE)	0.494	0.938	0.622	55.481	148.743	2.502	48.43	-22.12	-48.52	-28.347	40.240	-2.500	-0.76895	-0.08569	0.42487	0.46982	25.4	null	null	13113	75
2026-05-27T14:10:02.861	WT901BLE68(F3:F0:16:BF:DC:AE)	0.239	1.008	0.626	-0.549	172.485	-1.160	46.74	-12.10	-35.28	-28.347	40.240	-2.500	-0.76895	-0.08569	0.42487	0.46982	25.4	null	null	13113	75
2026-05-27T14:10:02.980	WT901BLE68(F3:F0:16:BF:DC:AE)	-0.102	0.976	0.662	-97.595	167.175	-12.878	41.26	-0.09	-23.88	-28.347	40.240	-2.500	-0.76895	-0.08569	0.42487	0.46982	25.4	null	null	13113	75
2026-05-27T14:10:03.072	WT901BLE68(F3:F0:16:BF:DC:AE)	-0.248	0.680	0.500	-130.981	140.320	-16.968	29.70	12.76	-16.69	-28.347	40.240	-2.500	-0.76895	-0.08569	0.42487	0.46982	25.4	null	null	13113	75
2026-05-27T14:10:03.192	WT901BLE68(F3:F0:16:BF:DC:AE)	-0.386	0.348	0.495	-81.970	69.214	-35.156	20.91	22.57	-16.21	-28.347	40.240	-2.500	-0.76895	-0.08569	0.42487	0.46982	25.4	null	null	13113	75
2026-05-27T14:10:03.279	WT901BLE68(F3:F0:16:BF:DC:AE)	-0.482	0.112	0.774	-54.626	31.616	-22.888	14.94	27.37	-19.84	-39.053	37.500	12.287	-0.76895	-0.08569	0.42487	0.46982	25.4	null	null	13113	75
2026-05-27T14:10:03.401	WT901BLE68(F3:F0:16:BF:DC:AE)	-0.651	-0.011	0.950	-61.035	25.085	19.653	10.66	30.36	-20.82	-39.053	37.500	12.287	-0.76895	-0.08569	0.42487	0.46982	25.4	null	null	13113	75
2026-05-27T14:10:03.457	WT901BLE68(F3:F0:16:BF:DC:AE)	-0.753	-0.109	0.788	-70.190	30.945	4.761	5.86	32.90	-19.44	-39.053	37.500	12.287	-0.94180	-0.11795	-0.25403	0.18561	25.4	null	null	13113	75
2026-05-27T14:10:03.613	WT901BLE68(F3:F0:16:BF:DC:AE)	-0.723	-0.095	0.608	-68.726	49.927	-28.625	-2.60	37.31	-22.45	-39.053	37.500	12.287	-0.94180	-0.11795	-0.25403	0.18561	25.4	null	null	13113	75
2026-05-27T14:10:03.670	WT901BLE68(F3:F0:16:BF:DC:AE)	-0.793	-0.156	0.606	-41.077	51.208	-28.503	-11.06	42.54	-28.44	-39.053	37.500	12.287	-0.94180	-0.11795	-0.25403	0.18561	25.4	null	null	13113	75
2026-05-27T14:10:03.791	WT901BLE68(F3:F0:16:BF:DC:AE)	-0.852	-0.341	0.590	-39.734	19.531	-17.944	-17.90	45.91	-34.35	-39.053	37.500	12.287	-0.94180	-0.11795	-0.25403	0.18561	25.4	null	null	13113	75
2026-05-27T14:10:03.880	WT901BLE68(F3:F0:16:BF:DC:AE)	-0.559	-0.191	0.511	-36.194	-24.658	16.907	-20.34	45.94	-34.85	-39.053	37.500	12.287	-0.94180	-0.11795	-0.25403	0.18561	25.4	null	null	13113	75
2026-05-27T14:10:04.000	WT901BLE68(F3:F0:16:BF:DC:AE)	-0.418	0.021	0.636	25.818	-26.062	12.756	-18.09	44.23	-32.73	-39.053	37.500	12.287	-0.94180	-0.11795	-0.25403	0.18561	25.4	null	null	13113	75
2026-05-27T14:10:04.089	WT901BLE68(F3:F0:16:BF:DC:AE)	-0.415	0.123	0.721	66.650	-18.616	-22.644	-12.43	41.77	-35.09	-39.053	37.500	12.287	-0.94180	-0.11795	-0.25403	0.18561	25.4	null	null	13113	75
2026-05-27T14:10:04.211	WT901BLE68(F3:F0:16:BF:DC:AE)	-0.509	-0.021	0.741	69.031	-25.146	-17.273	-6.86	38.73	-39.75	-39.053	37.500	12.287	-0.94180	-0.11795	-0.25403	0.18561	25.4	null	null	13113	75
2026-05-27T14:10:04.269	WT901BLE68(F3:F0:16:BF:DC:AE)	-0.716	-0.036	0.947	73.120	-18.677	-0.854	0.17	36.12	-41.79	-39.053	37.500	12.287	-0.94180	-0.11795	-0.25403	0.18561	25.4	null	null	13113	75
2026-05-27T14:10:04.392	WT901BLE68(F3:F0:16:BF:DC:AE)	-0.811	-0.140	1.085	27.100	1.343	-12.817	4.59	35.21	-43.24	-39.053	37.500	12.287	-0.94180	-0.11795	-0.25403	0.18561	25.4	null	null	13113	75
2026-05-27T14:10:04.478	WT901BLE68(F3:F0:16:BF:DC:AE)	-0.737	-0.219	0.895	-29.907	27.832	-7.446	1.93	36.98	-45.38	-39.053	37.500	12.287	-0.94180	-0.11795	-0.25403	0.18561	25.5	null	null	13113	75
2026-05-27T14:10:04.602	WT901BLE68(F3:F0:16:BF:DC:AE)	-0.795	-0.134	0.500	-59.875	23.987	21.973	-2.92	39.94	-44.24	-39.053	37.500	12.287	-0.94180	-0.11795	-0.25403	0.18561	25.5	null	null	13113	75
2026-05-27T14:10:04.689	WT901BLE68(F3:F0:16:BF:DC:AE)	-0.648	-0.150	0.350	-22.278	-21.423	42.358	-4.81	40.79	-40.48	-58.620	19.873	22.740	-0.94180	-0.11795	-0.25403	0.18561	25.5	null	null	13113	75
2026-05-27T14:10:04.814	WT901BLE68(F3:F0:16:BF:DC:AE)	-0.305	-0.006	0.399	22.034	-121.216	83.740	0.03	34.38	-31.46	-58.620	19.873	22.740	-0.94180	-0.11795	-0.25403	0.18561	25.5	null	null	13113	75
2026-05-27T14:10:04.868	WT901BLE68(F3:F0:16:BF:DC:AE)	0.175	0.543	1.219	48.218	-127.441	44.983	6.89	20.60	-24.61	-58.620	19.873	22.740	-0.94223	-0.08627	-0.22559	0.23190	25.5	null	null	13113	75
2026-05-27T14:10:04.990	WT901BLE68(F3:F0:16:BF:DC:AE)	-0.133	0.445	1.195	75.745	-78.369	7.996	14.20	10.35	-25.86	-58.620	19.873	22.740	-0.94223	-0.08627	-0.22559	0.23190	25.5	null	null	13113	75
2026-05-27T14:10:05.081	WT901BLE68(F3:F0:16:BF:DC:AE)	-0.187	0.497	1.223	67.444	-34.363	-16.907	20.97	4.95	-28.12	-58.620	19.873	22.740	-0.94223	-0.08627	-0.22559	0.23190	25.5	null	null	13113	75
2026-05-27T14:10:05.199	WT901BLE68(F3:F0:16:BF:DC:AE)	-0.301	0.365	1.178	20.203	9.827	-32.349	24.37	5.11	-30.56	-58.620	19.873	22.740	-0.94223	-0.08627	-0.22559	0.23190	25.5	null	null	13113	75
2026-05-27T14:10:05.291	WT901BLE68(F3:F0:16:BF:DC:AE)	-0.299	0.347	1.146	-33.203	65.369	-30.701	22.73	10.61	-31.14	-58.620	19.873	22.740	-0.94223	-0.08627	-0.22559	0.23190	25.5	null	null	13113	75
2026-05-27T14:10:05.411	WT901BLE68(F3:F0:16:BF:DC:AE)	-0.363	0.267	0.885	-44.861	87.708	-7.813	18.47	18.81	-29.56	-58.620	19.873	22.740	-0.94223	-0.08627	-0.22559	0.23190	25.5	null	null	13113	75
2026-05-27T14:10:05.500	WT901BLE68(F3:F0:16:BF:DC:AE)	-0.496	0.237	0.758	-49.622	72.266	-3.784	14.12	26.35	-27.76	-58.620	19.873	22.740	-0.94223	-0.08627	-0.22559	0.23190	25.5	null	null	13113	75
2026-05-27T14:10:05.620	WT901BLE68(F3:F0:16:BF:DC:AE)	-0.600	0.163	0.673	-43.274	54.932	0.732	10.00	32.26	-26.93	-35.573	34.173	19.373	-0.94223	-0.08627	-0.22559	0.23190	25.5	null	null	13113	75
2026-05-27T14:10:05.681	WT901BLE68(F3:F0:16:BF:DC:AE)	-0.716	0.122	0.616	-28.870	29.236	-4.822	6.86	36.34	-27.06	-35.573	34.173	19.373	-0.94223	-0.08627	-0.22559	0.23190	25.5	null	null	13113	75
2026-05-27T14:10:05.800	WT901BLE68(F3:F0:16:BF:DC:AE)	-0.733	0.014	0.579	-13.611	11.230	-10.315	4.71	38.61	-28.60	-35.573	34.173	19.373	-0.91666	-0.12610	-0.29333	0.24017	25.5	null	null	13113	75
2026-05-27T14:10:05.889	WT901BLE68(F3:F0:16:BF:DC:AE)	-0.409	-0.118	0.416	-6.531	-77.332	39.795	4.46	35.61	-26.80	-35.573	34.173	19.373	-0.91666	-0.12610	-0.29333	0.24017	25.5	null	null	13113	75
2026-05-27T14:10:06.012	WT901BLE68(F3:F0:16:BF:DC:AE)	0.180	0.452	1.132	14.832	-89.905	32.776	7.26	25.29	-23.03	-35.573	34.173	19.373	-0.91666	-0.12610	-0.29333	0.24017	25.5	null	null	13113	75
2026-05-27T14:10:06.098	WT901BLE68(F3:F0:16:BF:DC:AE)	-0.140	0.279	0.997	52.979	-64.941	12.207	12.48	17.58	-24.35	-35.573	34.173	19.373	-0.91666	-0.12610	-0.29333	0.24017	25.5	null	null	13113	75
2026-05-27T14:10:06.222	WT901BLE68(F3:F0:16:BF:DC:AE)	-0.185	0.381	1.303	42.725	-41.260	4.089	17.40	11.28	-25.68	-35.573	34.173	19.373	-0.91666	-0.12610	-0.29333	0.24017	25.5	null	null	13113	75
2026-05-27T14:10:06.279	WT901BLE68(F3:F0:16:BF:DC:AE)	-0.470	0.269	1.352	11.353	26.306	-15.686	20.27	11.44	-26.21	-35.573	34.173	19.373	-0.91666	-0.12610	-0.29333	0.24017	25.5	null	null	13113	75
2026-05-27T14:10:06.402	WT901BLE68(F3:F0:16:BF:DC:AE)	-0.531	0.183	1.119	-57.068	98.145	-44.922	16.39	19.31	-27.14	-35.573	34.173	19.373	-0.91666	-0.12610	-0.29333	0.24017	25.5	null	null	13113	75
2026-05-27T14:10:06.487	WT901BLE68(F3:F0:16:BF:DC:AE)	-0.578	0.120	0.743	-81.116	111.572	-54.626	7.32	31.18	-30.50	-27.507	32.400	18.640	-0.91666	-0.12610	-0.29333	0.24017	25.5	null	null	13113	75
2026-05-27T14:10:06.614	WT901BLE68(F3:F0:16:BF:DC:AE)	-0.639	-0.105	0.468	-45.288	68.054	-45.471	-2.87	40.42	-37.60	-27.507	32.400	18.640	-0.91666	-0.12610	-0.29333	0.24017	25.5	null	null	13113	75
2026-05-27T14:10:06.699	WT901BLE68(F3:F0:16:BF:DC:AE)	-0.632	-0.252	0.285	-6.042	-15.320	-4.089	-8.12	43.54	-42.19	-27.507	32.400	18.640	-0.87997	-0.08047	-0.35666	0.30304	25.5	null	null	13113	75
2026-05-27T14:10:06.820	WT901BLE68(F3:F0:16:BF:DC:AE)	-0.402	-0.102	0.122	47.180	-128.418	47.546	-5.04	38.45	-37.97	-27.507	32.400	18.640	-0.87997	-0.08047	-0.35666	0.30304	25.5	null	null	13113	75
2026-05-27T14:10:06.910	WT901BLE68(F3:F0:16:BF:DC:AE)	0.116	0.504	0.828	72.998	-203.491	39.001	2.72	22.70	-30.03	-27.507	32.400	18.640	-0.87997	-0.08047	-0.35666	0.30304	25.5	null	null	13113	75
2026-05-27T14:10:07.031	WT901BLE68(F3:F0:16:BF:DC:AE)	-0.011	0.782	1.465	84.717	-129.761	-74.463	10.85	5.03	-34.23	-27.507	32.400	18.640	-0.87997	-0.08047	-0.35666	0.30304	25.5	null	null	13113	75
2026-05-27T14:10:07.091	WT901BLE68(F3:F0:16:BF:DC:AE)	-0.032	0.473	1.363	32.532	-64.331	-154.724	18.26	-1.30	-47.45	-27.507	32.400	18.640	-0.87997	-0.08047	-0.35666	0.30304	25.5	null	null	13113	75
2026-05-27T14:10:07.210	WT901BLE68(F3:F0:16:BF:DC:AE)	0.122	0.334	1.065	17.212	-37.354	-156.616	20.91	-0.26	-62.79	-27.507	32.400	18.640	-0.87997	-0.08047	-0.35666	0.30304	25.5	null	null	13113	75
2026-05-27T14:10:07.301	WT901BLE68(F3:F0:16:BF:DC:AE)	0.135	0.336	0.825	14.709	-47.729	-130.310	21.49	1.26	-76.22	-27.507	32.400	18.640	-0.87997	-0.08047	-0.35666	0.30304	25.5	null	null	13113	75
2026-05-27T14:10:07.421	WT901BLE68(F3:F0:16:BF:DC:AE)	0.125	0.341	0.815	11.047	-70.435	-90.210	23.03	-0.32	-87.46	-39.307	36.940	7.567	-0.87997	-0.08047	-0.35666	0.30304	25.5	null	null	13113	75
2026-05-27T14:10:07.541	WT901BLE68(F3:F0:16:BF:DC:AE)	0.104	0.336	0.805	29.358	-66.589	-52.734	22.87	-4.20	-94.55	-39.307	36.940	7.567	-0.87997	-0.08047	-0.35666	0.30304	25.5	null	null	13113	75
2026-05-27T14:10:07.628	WT901BLE68(F3:F0:16:BF:DC:AE)	0.416	0.271	0.616	77.148	-85.205	-16.663	28.54	-9.20	-99.24	-39.307	36.940	7.567	-0.65997	-0.10480	0.18665	0.72009	25.5	null	null	13113	75
2026-05-27T14:10:07.688	WT901BLE68(F3:F0:16:BF:DC:AE)	0.742	0.237	0.687	-21.851	-119.446	61.523	29.62	-20.20	-100.20	-39.307	36.940	7.567	-0.65997	-0.10480	0.18665	0.72009	25.5	null	null	13113	75
2026-05-27T14:10:07.812	WT901BLE68(F3:F0:16:BF:DC:AE)	0.863	0.632	0.868	46.509	-69.580	75.012	29.01	-33.27	-96.70	-39.307	36.940	7.567	-0.65997	-0.10480	0.18665	0.72009	25.5	null	null	13113	75
2026-05-27T14:10:07.900	WT901BLE68(F3:F0:16:BF:DC:AE)	0.834	0.589	1.033	37.415	-5.005	45.349	27.47	-40.83	-89.95	-39.307	36.940	7.567	-0.65997	-0.10480	0.18665	0.72009	25.5	null	null	13113	75
2026-05-27T14:10:08.021	WT901BLE68(F3:F0:16:BF:DC:AE)	0.741	0.428	0.816	37.476	58.594	22.583	26.85	-39.62	-81.83	-39.307	36.940	7.567	-0.65997	-0.10480	0.18665	0.72009	25.5	null	null	13113	75
2026-05-27T14:10:08.111	WT901BLE68(F3:F0:16:BF:DC:AE)	0.792	0.486	0.726	53.406	89.600	6.958	28.83	-34.06	-73.84	-39.307	36.940	7.567	-0.65997	-0.10480	0.18665	0.72009	25.5	null	null	13113	75
2026-05-27T14:10:08.229	WT901BLE68(F3:F0:16:BF:DC:AE)	0.642	0.475	0.597	86.670	111.206	8.545	34.02	-26.25	-65.43	-39.307	36.940	7.567	-0.65997	-0.10480	0.18665	0.72009	25.5	null	null	13113	75
2026-05-27T14:10:08.320	WT901BLE68(F3:F0:16:BF:DC:AE)	0.465	0.626	0.681	47.485	110.718	38.025	38.65	-19.79	-55.21	-23.993	44.353	-5.920	-0.65997	-0.10480	0.18665	0.72009	25.5	null	null	13113	75
2026-05-27T14:10:08.443	WT901BLE68(F3:F0:16:BF:DC:AE)	0.268	0.696	0.758	21.118	125.610	52.734	39.39	-14.52	-43.03	-23.993	44.353	-5.920	-0.65997	-0.10480	0.18665	0.72009	25.5	null	null	13113	75
2026-05-27T14:10:08.498	WT901BLE68(F3:F0:16:BF:DC:AE)	0.060	0.840	0.723	-31.677	138.367	52.734	37.11	-7.89	-30.05	-23.993	44.353	-5.920	-0.90356	-0.28491	0.18790	0.25879	25.5	null	null	13113	75
2026-05-27T14:10:08.623	WT901BLE68(F3:F0:16:BF:DC:AE)	-0.095	0.725	0.768	-62.317	130.981	44.067	30.63	0.37	-18.85	-23.993	44.353	-5.920	-0.90356	-0.28491	0.18790	0.25879	25.5	null	null	13113	75
2026-05-27T14:10:08.709	WT901BLE68(F3:F0:16:BF:DC:AE)	-0.340	0.545	0.740	-66.223	103.638	11.414	24.90	8.92	-11.56	-23.993	44.353	-5.920	-0.90356	-0.28491	0.18790	0.25879	25.5	null	null	13113	75
2026-05-27T14:10:08.832	WT901BLE68(F3:F0:16:BF:DC:AE)	-0.462	0.329	0.735	-56.519	69.824	-24.719	20.37	16.96	-10.28	-23.993	44.353	-5.920	-0.90356	-0.28491	0.18790	0.25879	25.5	null	null	13113	75
2026-05-27T14:10:08.920	WT901BLE68(F3:F0:16:BF:DC:AE)	-0.487	0.187	0.852	-47.852	62.378	-31.006	15.55	23.97	-12.37	-23.993	44.353	-5.920	-0.90356	-0.28491	0.18790	0.25879	25.5	null	null	13113	75
2026-05-27T14:10:09.042	WT901BLE68(F3:F0:16:BF:DC:AE)	-0.560	0.090	0.792	-37.537	59.326	-28.687	11.10	30.66	-15.54	-23.993	44.353	-5.920	-0.90356	-0.28491	0.18790	0.25879	25.5	null	null	13113	75
2026-05-27T14:10:09.099	WT901BLE68(F3:F0:16:BF:DC:AE)	-0.699	0.044	0.770	-46.448	48.462	-31.250	5.89	36.36	-19.40	-23.993	44.353	-5.920	-0.90356	-0.28491	0.18790	0.25879	25.5	null	null	13113	75
2026-05-27T14:10:09.219	WT901BLE68(F3:F0:16:BF:DC:AE)	-0.757	-0.021	0.654	-44.067	42.053	-39.063	-1.11	40.97	-25.23	-48.527	25.653	22.240	-0.90356	-0.28491	0.18790	0.25879	25.5	null	null	13113	75
2026-05-27T14:10:09.313	WT901BLE68(F3:F0:16:BF:DC:AE)	-0.761	-0.153	0.595	-37.964	40.344	-33.691	-8.81	44.84	-32.23	-48.527	25.653	22.240	-0.90356	-0.28491	0.18790	0.25879	25.5	null	null	13113	75
2026-05-27T14:10:09.431	WT901BLE68(F3:F0:16:BF:DC:AE)	-0.819	-0.239	0.521	-28.564	34.790	-26.123	-15.53	48.07	-38.61	-48.527	25.653	22.240	-0.88913	-0.03244	-0.39291	0.23215	25.5	null	null	13113	75
2026-05-27T14:10:09.552	WT901BLE68(F3:F0:16:BF:DC:AE)	-0.853	-0.358	0.453	-25.391	20.569	-12.390	-21.85	50.45	-44.04	-48.527	25.653	22.240	-0.88913	-0.03244	-0.39291	0.23215	25.5	null	null	13113	75
2026-05-27T14:10:09.638	WT901BLE68(F3:F0:16:BF:DC:AE)	-0.796	-0.377	0.365	-19.409	-3.540	10.803	-24.48	51.48	-45.22	-48.527	25.653	22.240	-0.88913	-0.03244	-0.39291	0.23215	25.5	null	null	13113	75
2026-05-27T14:10:09.732	WT901BLE68(F3:F0:16:BF:DC:AE)	-0.614	-0.296	0.440	8.057	-49.133	37.354	-21.82	50.09	-40.39	-48.527	25.653	22.240	-0.88913	-0.03244	-0.39291	0.23215	25.5	null	null	13113	75
2026-05-27T14:10:09.849	WT901BLE68(F3:F0:16:BF:DC:AE)	-0.509	0.025	0.634	27.588	-55.298	34.302	-14.68	46.39	-33.28	-48.527	25.653	22.240	-0.88913	-0.03244	-0.39291	0.23215	25.5	null	null	13113	75
2026-05-27T14:10:09.911	WT901BLE68(F3:F0:16:BF:DC:AE)	-0.503	-0.003	0.688	33.569	-58.716	16.174	-8.21	41.18	-30.57	-48.527	25.653	22.240	-0.88913	-0.03244	-0.39291	0.23215	25.5	null	null	13113	75
2026-05-27T14:10:10.032	WT901BLE68(F3:F0:16:BF:DC:AE)	-0.391	0.224	0.864	76.111	-74.341	19.714	-0.76	34.69	-29.06	-48.527	25.653	22.240	-0.88913	-0.03244	-0.39291	0.23215	25.5	null	null	13113	75
2026-05-27T14:10:10.118	WT901BLE68(F3:F0:16:BF:DC:AE)	-0.488	0.317	1.063	88.623	-68.176	-2.747	8.06	27.37	-30.23	-47.467	20.147	28.833	-0.88913	-0.03244	-0.39291	0.23215	25.5	null	null	13113	75
2026-05-27T14:10:10.243	WT901BLE68(F3:F0:16:BF:DC:AE)	-0.534	0.071	1.211	56.335	-47.668	-11.780	14.16	21.88	-33.59	-47.467	20.147	28.833	-0.88913	-0.03244	-0.39291	0.23215	25.5	null	null	13113	75
2026-05-27T14:10:10.331	WT901BLE68(F3:F0:16:BF:DC:AE)	-0.559	0.042	1.150	5.249	0.000	5.493	16.43	19.90	-34.39	-47.467	20.147	28.833	-0.92410	-0.18039	-0.12787	0.31155	25.5	null	null	13113	75
2026-05-27T14:10:10.450	WT901BLE68(F3:F0:16:BF:DC:AE)	-0.531	0.110	0.947	-30.457	43.335	4.883	14.97	22.45	-32.73	-47.467	20.147	28.833	-0.92410	-0.18039	-0.12787	0.31155	25.5	null	null	13113	75
2026-05-27T14:10:10.540	WT901BLE68(F3:F0:16:BF:DC:AE)	-0.541	0.067	0.660	-33.508	42.297	16.418	12.03	27.11	-30.35	-47.467	20.147	28.833	-0.92410	-0.18039	-0.12787	0.31155	25.5	null	null	13113	75
2026-05-27T14:10:10.633	WT901BLE68(F3:F0:16:BF:DC:AE)	-0.604	0.058	0.576	-37.842	7.813	30.334	10.27	29.77	-26.82	-47.467	20.147	28.833	-0.92410	-0.18039	-0.12787	0.31155	25.5	null	null	13113	75
2026-05-27T14:10:10.720	WT901BLE68(F3:F0:16:BF:DC:AE)	-0.603	0.051	0.525	-3.601	-46.143	29.053	9.70	27.98	-23.58	-47.467	20.147	28.833	-0.92410	-0.18039	-0.12787	0.31155	25.5	null	null	13113	75
2026-05-27T14:10:10.841	WT901BLE68(F3:F0:16:BF:DC:AE)	-0.439	0.083	0.448	25.269	-134.216	46.570	12.06	18.88	-20.47	-47.467	20.147	28.833	-0.92410	-0.18039	-0.12787	0.31155	25.5	null	null	13113	75
2026-05-27T14:10:10.931	WT901BLE68(F3:F0:16:BF:DC:AE)	1.601	7.059	8.570	55.054	-171.082	23.560	16.97	2.90	-19.67	-47.467	20.147	28.833	-0.92410	-0.18039	-0.12787	0.31155	25.5	null	null	13113	75
2026-05-27T14:10:11.053	WT901BLE68(F3:F0:16:BF:DC:AE)	0.232	0.897	1.310	8.850	-91.736	-73.975	20.23	-7.83	-26.71	-8.227	36.107	15.333	-0.92410	-0.18039	-0.12787	0.31155	25.5	null	null	13113	75
2026-05-27T14:10:11.143	WT901BLE68(F3:F0:16:BF:DC:AE)	0.171	0.583	1.035	-13.123	-44.373	-119.080	22.79	-8.91	-37.71	-8.227	36.107	15.333	-0.92410	-0.18039	-0.12787	0.31155	25.5	null	null	13113	75
2026-05-27T14:10:11.262	WT901BLE68(F3:F0:16:BF:DC:AE)	0.293	0.487	0.926	-44.250	-35.156	-133.606	21.96	-7.25	-50.26	-8.227	36.107	15.333	-0.91772	-0.15872	0.13785	0.33691	25.5	null	null	13113	75
2026-05-27T14:10:11.320	WT901BLE68(F3:F0:16:BF:DC:AE)	0.285	0.376	0.840	-70.007	-30.518	-120.483	17.87	-6.09	-62.45	-8.227	36.107	15.333	-0.91772	-0.15872	0.13785	0.33691	25.5	null	null	13113	75
2026-05-27T14:10:11.440	WT901BLE68(F3:F0:16:BF:DC:AE)	0.282	0.239	0.843	-46.082	-25.940	-94.788	14.04	-6.41	-72.49	-8.227	36.107	15.333	-0.91772	-0.15872	0.13785	0.33691	25.5	null	null	13113	75
2026-05-27T14:10:11.530	WT901BLE68(F3:F0:16:BF:DC:AE)	0.323	0.195	0.869	-25.024	-27.039	-70.435	12.08	-7.83	-79.84	-8.227	36.107	15.333	-0.91772	-0.15872	0.13785	0.33691	25.5	null	null	13113	75
2026-05-27T14:10:11.650	WT901BLE68(F3:F0:16:BF:DC:AE)	0.303	0.128	0.838	-18.188	-33.813	-51.453	11.33	-10.09	-85.22	-8.227	36.107	15.333	-0.91772	-0.15872	0.13785	0.33691	25.5	null	null	13113	75
2026-05-27T14:10:11.743	WT901BLE68(F3:F0:16:BF:DC:AE)	0.390	0.071	0.809	-18.982	-51.758	-24.353	10.65	-14.31	-88.36	-8.227	36.107	15.333	-0.91772	-0.15872	0.13785	0.33691	25.5	null	null	13113	75
2026-05-27T14:10:11.861	WT901BLE68(F3:F0:16:BF:DC:AE)	0.566	0.088	0.899	-13.916	-59.509	-10.864	9.03	-20.33	-89.68	-8.227	36.107	15.333	-0.91772	-0.15872	0.13785	0.33691	25.5	null	null	13113	75
2026-05-27T14:10:11.919	WT901BLE68(F3:F0:16:BF:DC:AE)	0.564	-0.044	0.916	-18.005	-38.147	5.371	6.02	-25.42	-88.98	-33.987	20.960	22.500	-0.91772	-0.15872	0.13785	0.33691	25.5	null	null	13113	75
2026-05-27T14:10:12.040	WT901BLE68(F3:F0:16:BF:DC:AE)	0.628	-0.023	0.936	13.611	-11.719	26.184	5.09	-28.31	-85.80	-33.987	20.960	22.500	-0.91772	-0.15872	0.13785	0.33691	25.5	null	null	13113	75
2026-05-27T14:10:12.129	WT901BLE68(F3:F0:16:BF:DC:AE)	0.616	0.025	0.820	36.560	10.071	42.664	5.25	-28.78	-80.72	-33.987	20.960	22.500	-0.72421	0.13446	0.21152	0.64233	25.5	null	null	13113	75
2026-05-27T14:10:12.252	WT901BLE68(F3:F0:16:BF:DC:AE)	0.646	0.081	0.860	73.181	30.151	60.120	7.84	-27.98	-73.60	-33.987	20.960	22.500	-0.72421	0.13446	0.21152	0.64233	25.5	null	null	13113	75
2026-05-27T14:10:12.339	WT901BLE68(F3:F0:16:BF:DC:AE)	0.600	0.246	0.960	86.426	53.467	79.407	12.08	-25.86	-64.02	-33.987	20.960	22.500	-0.72421	0.13446	0.21152	0.64233	25.5	null	null	13113	75
2026-05-27T14:10:12.462	WT901BLE68(F3:F0:16:BF:DC:AE)	0.439	0.408	1.034	61.829	93.262	74.585	15.92	-21.42	-53.10	-33.987	20.960	22.500	-0.72421	0.13446	0.21152	0.64233	25.5	null	null	13113	75
2026-05-27T14:10:12.550	WT901BLE68(F3:F0:16:BF:DC:AE)	0.241	0.473	0.996	31.616	128.174	72.327	17.10	-13.45	-41.89	-33.987	20.960	22.500	-0.72421	0.13446	0.21152	0.64233	25.5	null	null	13113	75
2026-05-27T14:10:12.673	WT901BLE68(F3:F0:16:BF:DC:AE)	0.053	0.506	0.926	2.869	143.127	51.147	17.37	-2.89	-31.66	-33.987	20.960	22.500	-0.72421	0.13446	0.21152	0.64233	25.5	null	null	13113	75
2026-05-27T14:10:12.729	WT901BLE68(F3:F0:16:BF:DC:AE)	-0.242	0.498	0.840	-25.696	131.470	13.733	16.71	8.56	-24.97	-33.987	20.960	22.500	-0.72421	0.13446	0.21152	0.64233	25.5	null	null	13113	75
2026-05-27T14:10:12.852	WT901BLE68(F3:F0:16:BF:DC:AE)	-0.452	0.264	0.738	-62.805	104.736	-15.564	13.22	19.46	-23.21	-28.187	37.887	11.613	-0.72421	0.13446	0.21152	0.64233	25.5	null	null	13113	75
2026-05-27T14:10:12.939	WT901BLE68(F3:F0:16:BF:DC:AE)	-0.590	0.100	0.720	-71.899	73.059	-27.649	6.95	28.20	-25.24	-28.187	37.887	11.613	-0.72421	0.13446	0.21152	0.64233	25.5	null	null	13113	75
2026-05-27T14:10:13.060	WT901BLE68(F3:F0:16:BF:DC:AE)	-0.659	-0.080	0.732	-78.369	59.326	-28.076	-1.83	34.71	-29.64	-28.187	37.887	11.613	-0.93732	-0.09930	-0.24249	0.22949	25.5	null	null	13113	75
2026-05-27T14:10:13.151	WT901BLE68(F3:F0:16:BF:DC:AE)	-0.752	-0.203	0.663	-75.989	54.688	-22.461	-11.84	40.09	-34.96	-28.187	37.887	11.613	-0.93732	-0.09930	-0.24249	0.22949	25.5	null	null	13113	75
2026-05-27T14:10:13.302	WT901BLE68(F3:F0:16:BF:DC:AE)	-0.790	-0.315	0.517	-73.608	47.424	-22.156	-22.65	44.56	-41.25	-28.187	37.887	11.613	-0.93732	-0.09930	-0.24249	0.22949	25.5	null	null	13113	75
2026-05-27T14:10:13.328	WT901BLE68(F3:F0:16:BF:DC:AE)	-0.814	-0.346	0.378	-47.791	39.246	-18.127	-32.49	47.76	-47.89	-28.187	37.887	11.613	-0.93732	-0.09930	-0.24249	0.22949	25.5	null	null	13113	75
2026-05-27T14:10:13.479	WT901BLE68(F3:F0:16:BF:DC:AE)	-0.777	-0.426	0.302	-24.109	20.386	0.732	-39.34	50.18	-53.25	-28.187	37.887	11.613	-0.93732	-0.09930	-0.24249	0.22949	25.5	null	null	13113	75
2026-05-27T14:10:13.541	WT901BLE68(F3:F0:16:BF:DC:AE)	-0.729	-0.309	0.202	-2.686	-14.954	27.771	-39.36	51.61	-52.87	-28.187	37.887	11.613	-0.93732	-0.09930	-0.24249	0.22949	25.5	null	null	13113	75
2026-05-27T14:10:13.662	WT901BLE68(F3:F0:16:BF:DC:AE)	-0.548	-0.181	0.480	12.695	-49.194	24.841	-34.42	50.77	-46.63	-28.187	37.887	11.613	-0.93732	-0.09930	-0.24249	0.22949	25.5	null	null	13113	75
2026-05-27T14:10:13.751	WT901BLE68(F3:F0:16:BF:DC:AE)	-0.514	-0.061	0.595	48.096	-41.016	7.813	-26.98	47.89	-42.03	-71.407	-3.627	25.580	-0.93732	-0.09930	-0.24249	0.22949	25.5	null	null	13113	75
2026-05-27T14:10:13.897	WT901BLE68(F3:F0:16:BF:DC:AE)	-0.539	-0.069	0.613	84.961	-59.082	5.310	-17.20	43.59	-40.53	-71.407	-3.627	25.580	-0.93732	-0.09930	-0.24249	0.22949	25.5	null	null	13113	75
2026-05-27T14:10:13.958	WT901BLE68(F3:F0:16:BF:DC:AE)	-0.511	0.059	0.788	117.859	-86.182	17.029	-4.75	36.60	-38.85	-71.407	-3.627	25.580	-0.88977	-0.03210	-0.35440	0.28561	25.5	null	null	13113	75
2026-05-27T14:10:14.083	WT901BLE68(F3:F0:16:BF:DC:AE)	-0.481	0.086	1.141	96.375	-84.900	22.156	7.81	27.80	-37.68	-71.407	-3.627	25.580	-0.88977	-0.03210	-0.35440	0.28561	25.5	null	null	13113	75
2026-05-27T14:10:14.139	WT901BLE68(F3:F0:16:BF:DC:AE)	-0.410	0.162	1.269	59.082	-55.603	34.302	15.68	19.98	-36.78	-71.407	-3.627	25.580	-0.88977	-0.03210	-0.35440	0.28561	25.5	null	null	13113	75
2026-05-27T14:10:14.261	WT901BLE68(F3:F0:16:BF:DC:AE)	-0.445	0.075	1.257	-23.987	7.568	55.298	17.45	16.48	-33.35	-71.407	-3.627	25.580	-0.88977	-0.03210	-0.35440	0.28561	25.5	null	null	13113	75
2026-05-27T14:10:14.352	WT901BLE68(F3:F0:16:BF:DC:AE)	-0.416	0.128	1.062	-66.772	61.646	96.497	14.84	18.15	-24.61	-71.407	-3.627	25.580	-0.88977	-0.03210	-0.35440	0.28561	25.5	null	null	13113	75
2026-05-27T14:10:14.469	WT901BLE68(F3:F0:16:BF:DC:AE)	-0.515	0.222	0.921	-83.313	61.768	95.398	11.11	22.48	-12.90	-71.407	-3.627	25.580	-0.88977	-0.03210	-0.35440	0.28561	25.5	null	null	13113	75
2026-05-27T14:10:14.562	WT901BLE68(F3:F0:16:BF:DC:AE)	-0.522	0.167	0.689	-54.016	49.194	81.543	8.27	26.82	-3.11	-71.407	-3.627	25.580	-0.88977	-0.03210	-0.35440	0.28561	25.5	null	null	13113	75
2026-05-27T14:10:14.681	WT901BLE68(F3:F0:16:BF:DC:AE)	-0.359	0.364	0.737	-14.160	7.263	81.421	11.23	28.59	6.10	-24.080	21.500	33.127	-0.88977	-0.03210	-0.35440	0.28561	25.5	null	null	13113	75
2026-05-27T14:10:14.739	WT901BLE68(F3:F0:16:BF:DC:AE)	-0.269	0.535	0.812	-13.855	-27.161	55.847	13.46	26.06	11.95	-24.080	21.500	33.127	-0.88977	-0.03210	-0.35440	0.28561	25.5	null	null	13113	75
2026-05-27T14:10:14.889	WT901BLE68(F3:F0:16:BF:DC:AE)	-0.089	0.695	0.753	31.128	-48.462	-1.038	14.80	20.89	9.38	-24.080	21.500	33.127	-0.96545	-0.09137	-0.23135	-0.07706	25.5	null	null	13113	75
2026-05-27T14:10:14.951	WT901BLE68(F3:F0:16:BF:DC:AE)	-0.139	0.585	0.796	39.490	-71.777	-68.787	15.77	15.00	-3.01	-24.080	21.500	33.127	-0.96545	-0.09137	-0.23135	-0.07706	25.5	null	null	13113	75
2026-05-27T14:10:15.070	WT901BLE68(F3:F0:16:BF:DC:AE)	-0.123	0.407	1.138	34.241	-71.045	-78.064	18.51	9.44	-15.36	-24.080	21.500	33.127	-0.96545	-0.09137	-0.23135	-0.07706	25.5	null	null	13113	75
2026-05-27T14:10:15.160	WT901BLE68(F3:F0:16:BF:DC:AE)	-0.058	0.231	0.530	68.604	-76.782	-98.022	21.81	5.93	-24.36	-24.080	21.500	33.127	-0.96545	-0.09137	-0.23135	-0.07706	25.5	null	null	13113	75
2026-05-27T14:10:15.282	WT901BLE68(F3:F0:16:BF:DC:AE)	-0.154	0.196	1.184	26.245	-55.725	-103.882	23.37	3.71	-35.61	-24.080	21.500	33.127	-0.96545	-0.09137	-0.23135	-0.07706	25.5	null	null	13113	75
2026-05-27T14:10:15.371	WT901BLE68(F3:F0:16:BF:DC:AE)	-0.307	0.083	1.088	-15.808	-6.470	-61.096	21.53	4.54	-42.98	-24.080	21.500	33.127	-0.96545	-0.09137	-0.23135	-0.07706	25.5	null	null	13113	75
2026-05-27T14:10:15.490	WT901BLE68(F3:F0:16:BF:DC:AE)	-0.351	0.146	0.749	-30.518	-6.226	-3.479	18.06	5.80	-44.12	-24.080	21.500	33.127	-0.96545	-0.09137	-0.23135	-0.07706	25.5	null	null	13113	75
2026-05-27T14:10:15.550	WT901BLE68(F3:F0:16:BF:DC:AE)	-0.227	0.216	0.446	-13.245	-75.867	45.898	15.42	2.46	-40.97	-18.007	39.267	14.907	-0.96545	-0.09137	-0.23135	-0.07706	25.5	null	null	13113	75
2026-05-27T14:10:15.671	WT901BLE68(F3:F0:16:BF:DC:AE)	0.292	0.760	1.091	8.118	-88.501	8.545	15.31	-6.49	-38.28	-18.007	39.267	14.907	-0.96545	-0.09137	-0.23135	-0.07706	25.5	null	null	13113	75
2026-05-27T14:10:15.758	WT901BLE68(F3:F0:16:BF:DC:AE)	0.191	0.667	1.182	-1.038	-26.855	-96.436	17.47	-9.78	-43.64	-18.007	39.267	14.907	-0.93372	-0.10593	0.11737	0.32108	25.5	null	null	13113	75
2026-05-27T14:10:15.882	WT901BLE68(F3:F0:16:BF:DC:AE)	0.085	0.383	0.952	-23.743	-2.686	-131.348	17.64	-7.03	-54.32	-18.007	39.267	14.907	-0.93372	-0.10593	0.11737	0.32108	25.5	null	null	13113	75
2026-05-27T14:10:15.971	WT901BLE68(F3:F0:16:BF:DC:AE)	0.062	0.386	0.908	-15.503	-1.648	-120.911	16.84	-3.27	-65.18	-18.007	39.267	14.907	-0.93372	-0.10593	0.11737	0.32108	25.5	null	null	13113	75
2026-05-27T14:10:16.093	WT901BLE68(F3:F0:16:BF:DC:AE)	0.097	0.489	0.795	-24.170	-20.630	-127.075	15.08	-0.99	-75.72	-18.007	39.267	14.907	-0.93372	-0.10593	0.11737	0.32108	25.5	null	null	13113	75
2026-05-27T14:10:16.148	WT901BLE68(F3:F0:16:BF:DC:AE)	0.296	0.200	0.800	-22.095	-47.913	-107.727	13.04	-1.87	-87.03	-18.007	39.267	14.907	-0.93372	-0.10593	0.11737	0.32108	25.5	null	null	13113	75
2026-05-27T14:10:16.274	WT901BLE68(F3:F0:16:BF:DC:AE)	0.331	0.141	0.769	-12.634	-74.402	-62.561	13.18	-6.47	-95.04	-18.007	39.267	14.907	-0.93372	-0.10593	0.11737	0.32108	25.5	null	null	13113	75
2026-05-27T14:10:16.390	WT901BLE68(F3:F0:16:BF:DC:AE)	0.495	0.190	0.977	-27.344	-98.389	-26.428	14.53	-14.72	-99.65	-18.007	39.267	14.907	-0.93372	-0.10593	0.11737	0.32108	25.5	null	null	13113	75
2026-05-27T14:10:16.480	WT901BLE68(F3:F0:16:BF:DC:AE)	0.676	0.095	1.086	-17.151	-52.734	-12.451	12.19	-22.30	-101.29	-39.633	24.233	19.753	-0.93372	-0.10593	0.11737	0.32108	25.5	null	null	13113	75
2026-05-27T14:10:16.571	WT901BLE68(F3:F0:16:BF:DC:AE)	0.625	0.217	1.138	26.917	-7.996	4.028	11.65	-25.54	-100.06	-39.633	24.233	19.753	-0.93372	-0.10593	0.11737	0.32108	25.5	null	null	13113	75
2026-05-27T14:10:16.691	WT901BLE68(F3:F0:16:BF:DC:AE)	0.570	0.104	0.931	31.128	21.729	17.517	12.16	-25.20	-96.43	-39.633	24.233	19.753	-0.64621	0.10422	0.21835	0.72369	25.5	null	null	13113	75
2026-05-27T14:10:16.779	WT901BLE68(F3:F0:16:BF:DC:AE)	0.645	0.097	0.882	76.477	53.955	33.569	15.63	-22.50	-90.69	-39.633	24.233	19.753	-0.64621	0.10422	0.21835	0.72369	25.5	null	null	13113	75
2026-05-27T14:10:16.901	WT901BLE68(F3:F0:16:BF:DC:AE)	0.525	0.280	0.813	103.027	77.332	49.988	22.21	-18.23	-82.16	-39.633	24.233	19.753	-0.64621	0.10422	0.21835	0.72369	25.5	null	null	13113	75
2026-05-27T14:10:16.961	WT901BLE68(F3:F0:16:BF:DC:AE)	0.383	0.542	0.835	84.778	90.393	62.500	27.59	-13.93	-71.54	-39.633	24.233	19.753	-0.64621	0.10422	0.21835	0.72369	25.5	null	null	13113	75
2026-05-27T14:10:17.080	WT901BLE68(F3:F0:16:BF:DC:AE)	0.234	0.661	0.888	31.982	106.812	80.994	29.56	-9.42	-59.00	-39.633	24.233	19.753	-0.64621	0.10422	0.21835	0.72369	25.5	null	null	13113	75
2026-05-27T14:10:17.171	WT901BLE68(F3:F0:16:BF:DC:AE)	0.060	0.762	0.962	-13.977	125.793	90.149	27.78	-3.77	-45.05	-39.633	24.233	19.753	-0.64621	0.10422	0.21835	0.72369	25.5	null	null	13113	75
2026-05-27T14:10:17.290	WT901BLE68(F3:F0:16:BF:DC:AE)	-0.136	0.741	0.800	-32.654	133.789	75.195	26.20	3.96	-31.88	-39.633	24.233	19.753	-0.64621	0.10422	0.21835	0.72369	25.5	null	null	13113	75
2026-05-27T14:10:17.411	WT901BLE68(F3:F0:16:BF:DC:AE)	-0.360	0.695	0.718	-59.082	108.582	42.053	23.71	12.05	-21.93	-27.200	44.080	3.920	-0.64621	0.10422	0.21835	0.72369	25.5	null	null	13113	75
2026-05-27T14:10:17.499	WT901BLE68(F3:F0:16:BF:DC:AE)	-0.486	0.477	0.750	-74.951	77.148	-9.644	19.10	19.70	-18.72	-27.200	44.080	3.920	-0.95410	-0.19077	-0.13626	0.18616	25.5	null	null	13113	75
2026-05-27T14:10:17.560	WT901BLE68(F3:F0:16:BF:DC:AE)	-0.530	0.222	0.757	-89.783	58.899	-29.358	11.74	26.65	-20.49	-27.200	44.080	3.920	-0.95410	-0.19077	-0.13626	0.18616	25.5	null	null	13113	75
2026-05-27T14:10:17.678	WT901BLE68(F3:F0:16:BF:DC:AE)	-0.629	-0.001	0.767	-74.646	48.462	-35.095	3.13	32.32	-24.74	-27.200	44.080	3.920	-0.95410	-0.19077	-0.13626	0.18616	25.5	null	null	13113	75
2026-05-27T14:10:17.772	WT901BLE68(F3:F0:16:BF:DC:AE)	-0.679	-0.160	0.629	-47.119	38.086	-29.053	-5.09	36.77	-29.98	-27.200	44.080	3.920	-0.95410	-0.19077	-0.13626	0.18616	25.5	null	null	13113	75
2026-05-27T14:10:17.893	WT901BLE68(F3:F0:16:BF:DC:AE)	-0.695	-0.175	0.636	-32.166	30.212	-24.353	-11.13	39.85	-35.03	-27.200	44.080	3.920	-0.95410	-0.19077	-0.13626	0.18616	25.5	null	null	13113	75
2026-05-27T14:10:17.980	WT901BLE68(F3:F0:16:BF:DC:AE)	-0.765	-0.284	0.623	-26.917	33.508	-14.404	-16.25	42.62	-39.53	-27.200	44.080	3.920	-0.95410	-0.19077	-0.13626	0.18616	25.5	null	null	13113	75
2026-05-27T14:10:18.102	WT901BLE68(F3:F0:16:BF:DC:AE)	-0.825	-0.302	0.568	-31.250	34.058	-11.169	-21.37	45.56	-43.60	-27.200	44.080	3.920	-0.95410	-0.19077	-0.13626	0.18616	25.5	null	null	13113	75
2026-05-27T14:10:18.194	WT901BLE68(F3:F0:16:BF:DC:AE)	-0.828	-0.281	0.445	-20.081	29.419	-8.057	-26.61	48.45	-47.87	-27.200	44.080	3.920	-0.95410	-0.19077	-0.13626	0.18616	25.5	null	null	13113	75
2026-05-27T14:10:18.309	WT901BLE68(F3:F0:16:BF:DC:AE)	-0.801	-0.357	0.353	-29.114	-9.705	2.136	-30.40	49.93	-50.13	-69.380	0.060	25.913	-0.95410	-0.19077	-0.13626	0.18616	25.5	null	null	13113	75
2026-05-27T14:10:18.369	WT901BLE68(F3:F0:16:BF:DC:AE)	-0.646	-0.376	0.270	-13.184	-57.129	43.945	-30.14	48.88	-45.82	-69.380	0.060	25.913	-0.84793	0.06036	-0.46387	0.24924	25.5	null	null	13113	75
2026-05-27T14:10:18.489	WT901BLE68(F3:F0:16:BF:DC:AE)	-0.328	0.083	0.777	19.287	-38.269	27.771	-23.97	45.76	-37.14	-69.380	0.060	25.913	-0.84793	0.06036	-0.46387	0.24924	25.5	null	null	13113	75
2026-05-27T14:10:18.580	WT901BLE68(F3:F0:16:BF:DC:AE)	-0.542	-0.065	0.620	56.824	-24.231	0.122	-17.73	43.29	-37.13	-69.380	0.060	25.913	-0.84793	0.06036	-0.46387	0.24924	25.5	null	null	13113	75
2026-05-27T14:10:18.702	WT901BLE68(F3:F0:16:BF:DC:AE)	-0.627	0.129	0.672	100.403	-64.514	1.038	-8.90	39.16	-37.69	-69.380	0.060	25.913	-0.84793	0.06036	-0.46387	0.24924	25.5	null	null	13113	75
2026-05-27T14:10:18.790	WT901BLE68(F3:F0:16:BF:DC:AE)	-0.729	-0.136	1.061	87.830	-56.396	-4.456	0.55	32.75	-38.96	-69.380	0.060	25.913	-0.84793	0.06036	-0.46387	0.24924	25.5	null	null	13113	75
2026-05-27T14:10:18.913	WT901BLE68(F3:F0:16:BF:DC:AE)	-0.601	0.026	1.084	54.504	-31.494	-19.531	6.73	28.73	-40.81	-69.380	0.060	25.913	-0.84793	0.06036	-0.46387	0.24924	25.5	null	null	13113	75
2026-05-27T14:10:18.969	WT901BLE68(F3:F0:16:BF:DC:AE)	-0.588	-0.113	1.020	1.648	1.404	-3.052	7.98	27.37	-42.69	-69.380	0.060	25.913	-0.84793	0.06036	-0.46387	0.24924	25.5	null	null	13113	75
2026-05-27T14:10:19.090	WT901BLE68(F3:F0:16:BF:DC:AE)	-0.635	-0.024	0.845	-21.973	28.198	23.743	6.55	28.91	-41.06	-69.380	0.060	25.913	-0.84793	0.06036	-0.46387	0.24924	25.5	null	null	13113	75
2026-05-27T14:10:19.177	WT901BLE68(F3:F0:16:BF:DC:AE)	-0.631	-0.052	0.676	-30.029	20.752	39.856	4.77	31.67	-37.00	-43.580	27.967	23.867	-0.84793	0.06036	-0.46387	0.24924	25.5	null	null	13113	75
2026-05-27T14:10:19.301	WT901BLE68(F3:F0:16:BF:DC:AE)	-0.515	0.004	0.534	-6.836	-42.908	57.068	5.22	31.14	-31.17	-43.580	27.967	23.867	-0.84793	0.06036	-0.46387	0.24924	25.5	null	null	13113	75
2026-05-27T14:10:19.392	WT901BLE68(F3:F0:16:BF:DC:AE)	-0.161	0.413	0.941	30.762	-95.276	46.631	8.87	23.58	-25.18	-43.580	27.967	23.867	-0.93378	-0.11374	-0.22797	0.25107	25.5	null	null	13113	75
2026-05-27T14:10:19.511	WT901BLE68(F3:F0:16:BF:DC:AE)	-0.145	0.493	1.054	42.908	-60.242	-7.751	13.01	15.47	-25.36	-43.580	27.967	23.867	-0.93378	-0.11374	-0.22797	0.25107	25.5	null	null	13113	75
2026-05-27T14:10:19.571	WT901BLE68(F3:F0:16:BF:DC:AE)	-0.156	0.420	1.055	50.171	-44.495	-27.771	17.74	10.56	-29.03	-43.580	27.967	23.867	-0.93378	-0.11374	-0.22797	0.25107	25.5	null	null	13113	75
2026-05-27T14:10:19.726	WT901BLE68(F3:F0:16:BF:DC:AE)	-0.218	0.308	1.124	17.639	-4.211	-34.363	20.88	9.24	-32.73	-43.580	27.967	23.867	-0.93378	-0.11374	-0.22797	0.25107	25.5	null	null	13113	75
2026-05-27T14:10:19.778	WT901BLE68(F3:F0:16:BF:DC:AE)	-0.237	0.238	1.058	-14.709	28.687	-18.188	20.68	11.51	-34.18	-43.580	27.967	23.867	-0.93378	-0.11374	-0.22797	0.25107	25.5	null	null	13113	75
2026-05-27T14:10:19.900	WT901BLE68(F3:F0:16:BF:DC:AE)	-0.307	0.205	0.896	-27.588	35.828	5.310	18.20	14.80	-33.20	-43.580	27.967	23.867	-0.93378	-0.11374	-0.22797	0.25107	25.5	null	null	13113	75
2026-05-27T14:10:19.993	WT901BLE68(F3:F0:16:BF:DC:AE)	-0.400	0.212	0.816	-30.701	29.358	20.020	15.70	17.67	-30.50	-43.580	27.967	23.867	-0.93378	-0.11374	-0.22797	0.25107	25.5	null	null	13113	75
2026-05-27T14:10:20.109	WT901BLE68(F3:F0:16:BF:DC:AE)	-0.465	0.104	0.718	-19.348	3.540	33.142	13.95	19.22	-27.24	-26.027	35.607	18.100	-0.93378	-0.11374	-0.22797	0.25107	25.5	null	null	13113	75
2026-05-27T14:10:20.202	WT901BLE68(F3:F0:16:BF:DC:AE)	-0.322	0.190	0.576	-3.052	-77.148	62.866	13.43	15.64	-22.20	-26.027	35.607	18.100	-0.93378	-0.11374	-0.22797	0.25107	25.5	null	null	13113	75
2026-05-27T14:10:20.320	WT901BLE68(F3:F0:16:BF:DC:AE)	0.317	1.813	2.469	17.761	-90.759	-13.550	15.40	6.26	-20.35	-26.027	35.607	18.100	-0.96878	-0.13614	-0.08508	0.18866	25.5	null	null	13113	75
2026-05-27T14:10:20.379	WT901BLE68(F3:F0:16:BF:DC:AE)	-0.001	0.460	1.020	14.038	-59.387	-91.003	18.28	1.10	-28.66	-26.027	35.607	18.100	-0.96878	-0.13614	-0.08508	0.18866	25.5	null	null	13113	75
2026-05-27T14:10:20.503	WT901BLE68(F3:F0:16:BF:DC:AE)	0.022	0.322	1.035	12.146	-28.992	-84.045	20.30	-0.05	-37.96	-26.027	35.607	18.100	-0.96878	-0.13614	-0.08508	0.18866	25.5	null	null	13113	75
2026-05-27T14:10:20.622	WT901BLE68(F3:F0:16:BF:DC:AE)	0.048	0.484	1.011	-0.854	-12.939	-93.689	21.41	1.14	-45.72	-26.027	35.607	18.100	-0.96878	-0.13614	-0.08508	0.18866	25.5	null	null	13113	75
2026-05-27T14:10:20.714	WT901BLE68(F3:F0:16:BF:DC:AE)	-0.036	0.355	0.850	-8.789	-26.184	-104.248	20.26	2.96	-54.97	-26.027	35.607	18.100	-0.96878	-0.13614	-0.08508	0.18866	25.5	null	null	13113	75
2026-05-27T14:10:20.798	WT901BLE68(F3:F0:16:BF:DC:AE)	-0.062	0.432	0.979	-15.869	-48.828	-107.605	18.90	2.58	-65.32	-26.027	35.607	18.100	-0.96878	-0.13614	-0.08508	0.18866	25.5	null	null	13113	75
2026-05-27T14:10:20.923	WT901BLE68(F3:F0:16:BF:DC:AE)	-0.027	0.340	0.958	-29.602	-41.809	-114.868	17.03	1.97	-76.29	-26.027	35.607	18.100	-0.96878	-0.13614	-0.08508	0.18866	25.5	null	null	13113	75
2026-05-27T14:10:20.977	WT901BLE68(F3:F0:16:BF:DC:AE)	0.070	0.290	0.918	-9.216	-46.814	-95.093	14.98	0.69	-86.15	-44.653	31.560	12.047	-0.96878	-0.13614	-0.08508	0.18866	25.5	null	null	13113	75
2026-05-27T14:10:21.133	WT901BLE68(F3:F0:16:BF:DC:AE)	0.211	0.253	0.808	31.250	-55.847	-69.092	17.41	-2.07	-94.16	-44.653	31.560	12.047	-0.96878	-0.13614	-0.08508	0.18866	25.5	null	null	13113	75
2026-05-27T14:10:21.187	WT901BLE68(F3:F0:16:BF:DC:AE)	0.347	0.158	0.787	-6.592	-78.369	-11.353	20.20	-7.51	-98.48	-44.653	31.560	12.047	-0.65607	-0.08511	0.15567	0.73346	25.5	null	null	13113	75
2026-05-27T14:10:21.311	WT901BLE68(F3:F0:16:BF:DC:AE)	0.657	0.086	1.013	13.794	-70.129	24.414	20.41	-16.22	-98.29	-44.653	31.560	12.047	-0.65607	-0.08511	0.15567	0.73346	25.5	null	null	13113	75
2026-05-27T14:10:21.402	WT901BLE68(F3:F0:16:BF:DC:AE)	0.618	0.184	0.937	15.564	-39.856	25.452	20.96	-22.55	-96.12	-44.653	31.560	12.047	-0.65607	-0.08511	0.15567	0.73346	25.5	null	null	13113	75
2026-05-27T14:10:21.523	WT901BLE68(F3:F0:16:BF:DC:AE)	0.548	0.349	0.937	21.606	11.658	19.714	22.77	-24.54	-92.33	-44.653	31.560	12.047	-0.65607	-0.08511	0.15567	0.73346	25.5	null	null	13113	75
2026-05-27T14:10:21.612	WT901BLE68(F3:F0:16:BF:DC:AE)	0.624	0.311	0.794	72.327	53.162	32.654	25.37	-22.90	-86.56	-44.653	31.560	12.047	-0.65607	-0.08511	0.15567	0.73346	25.5	null	null	13113	75
2026-05-27T14:10:21.730	WT901BLE68(F3:F0:16:BF:DC:AE)	0.554	0.433	0.796	87.158	91.125	47.302	30.78	-19.04	-77.22	-44.653	31.560	12.047	-0.65607	-0.08511	0.15567	0.73346	25.5	null	null	13113	75
2026-05-27T14:10:21.788	WT901BLE68(F3:F0:16:BF:DC:AE)	0.434	0.616	0.866	65.369	122.070	58.960	35.10	-13.85	-65.09	-34.513	41.433	-1.987	-0.65607	-0.08511	0.15567	0.73346	25.5	null	null	13113	75
2026-05-27T14:10:21.912	WT901BLE68(F3:F0:16:BF:DC:AE)	0.197	0.772	0.731	-0.977	148.926	79.041	34.66	-7.23	-50.30	-34.513	41.433	-1.987	-0.65607	-0.08511	0.15567	0.73346	25.5	null	null	13113	75
2026-05-27T14:10:22.001	WT901BLE68(F3:F0:16:BF:DC:AE)	-0.042	0.702	0.631	-39.490	132.263	83.984	31.44	-0.58	-35.47	-34.513	41.433	-1.987	-0.65607	-0.08511	0.15567	0.73346	25.5	null	null	13113	75
2026-05-27T14:10:22.119	WT901BLE68(F3:F0:16:BF:DC:AE)	-0.184	0.653	0.635	-40.283	98.816	67.627	29.73	4.74	-23.85	-34.513	41.433	-1.987	-0.92368	-0.25836	0.07095	0.27374	25.5	null	null	13113	75
2026-05-27T14:10:22.210	WT901BLE68(F3:F0:16:BF:DC:AE)	-0.331	0.611	0.752	-37.598	74.768	43.457	28.06	9.23	-15.74	-34.513	41.433	-1.987	-0.92368	-0.25836	0.07095	0.27374	25.5	null	null	13113	75
2026-05-27T14:10:22.332	WT901BLE68(F3:F0:16:BF:DC:AE)	-0.417	0.436	0.903	-64.087	60.730	2.258	24.51	14.37	-11.94	-34.513	41.433	-1.987	-0.92368	-0.25836	0.07095	0.27374	25.5	null	null	13113	75
2026-05-27T14:10:22.419	WT901BLE68(F3:F0:16:BF:DC:AE)	-0.498	0.250	0.907	-69.580	63.538	-15.808	18.35	20.63	-11.45	-34.513	41.433	-1.987	-0.92368	-0.25836	0.07095	0.27374	25.5	null	null	13113	75
2026-05-27T14:10:22.542	WT901BLE68(F3:F0:16:BF:DC:AE)	-0.551	0.135	0.820	-58.044	60.242	-27.222	11.97	27.38	-13.28	-34.513	41.433	-1.987	-0.92368	-0.25836	0.07095	0.27374	25.5	null	null	13113	75
2026-05-27T14:10:22.600	WT901BLE68(F3:F0:16:BF:DC:AE)	-0.667	0.022	0.767	-63.293	51.392	-34.790	4.82	33.32	-17.32	-34.513	41.433	-1.987	-0.92368	-0.25836	0.07095	0.27374	25.5	null	null	13113	75
2026-05-27T14:10:22.720	WT901BLE68(F3:F0:16:BF:DC:AE)	-0.713	-0.021	0.690	-46.692	48.950	-39.185	-2.81	38.46	-23.19	-34.513	41.433	-1.987	-0.92368	-0.25836	0.07095	0.27374	25.5	null	null	13113	75
2026-05-27T14:10:22.809	WT901BLE68(F3:F0:16:BF:DC:AE)	-0.771	-0.153	0.635	-47.913	48.035	-35.034	-10.89	42.98	-30.49	-52.033	16.833	26.593	-0.92368	-0.25836	0.07095	0.27374	25.5	null	null	13113	75
2026-05-27T14:10:22.933	WT901BLE68(F3:F0:16:BF:DC:AE)	-0.866	-0.302	0.502	-35.156	30.334	-17.578	-17.91	46.41	-36.29	-52.033	16.833	26.593	-0.92368	-0.25836	0.07095	0.27374	25.5	null	null	13113	75
2026-05-27T14:10:23.020	WT901BLE68(F3:F0:16:BF:DC:AE)	-0.803	-0.348	0.478	-34.241	-16.052	20.935	-21.45	47.46	-36.60	-52.033	16.833	26.593	-0.87665	0.02576	-0.42551	0.22281	25.5	null	null	13113	75
2026-05-27T14:10:23.140	WT901BLE68(F3:F0:16:BF:DC:AE)	-0.422	-0.046	0.637	-19.409	-46.448	35.278	-18.56	45.70	-30.33	-52.033	16.833	26.593	-0.87665	0.02576	-0.42551	0.22281	25.5	null	null	13113	75
2026-05-27T14:10:23.200	WT901BLE68(F3:F0:16:BF:DC:AE)	-0.301	0.104	0.762	24.658	-11.230	1.221	-14.95	43.27	-29.33	-52.033	16.833	26.593	-0.87665	0.02576	-0.42551	0.22281	25.5	null	null	13113	75
2026-05-27T14:10:23.321	WT901BLE68(F3:F0:16:BF:DC:AE)	-0.525	0.003	0.658	59.692	-22.461	-22.827	-11.03	40.77	-34.23	-52.033	16.833	26.593	-0.87665	0.02576	-0.42551	0.22281	25.5	null	null	13113	75
2026-05-27T14:10:23.412	WT901BLE68(F3:F0:16:BF:DC:AE)	-0.605	0.001	0.857	66.833	-37.842	-13.916	-5.52	37.03	-38.17	-52.033	16.833	26.593	-0.87665	0.02576	-0.42551	0.22281	25.5	null	null	13113	75
2026-05-27T14:10:23.532	WT901BLE68(F3:F0:16:BF:DC:AE)	-0.683	-0.025	0.943	66.711	-33.875	-12.329	0.41	33.27	-40.57	-52.033	16.833	26.593	-0.87665	0.02576	-0.42551	0.22281	25.5	null	null	13113	75
2026-05-27T14:10:23.618	WT901BLE68(F3:F0:16:BF:DC:AE)	-0.685	-0.057	1.019	42.419	-17.883	-18.738	5.44	30.76	-42.82	-52.033	16.833	26.593	-0.87665	0.02576	-0.42551	0.22281	25.5	null	null	13113	75
2026-05-27T14:10:23.740	WT901BLE68(F3:F0:16:BF:DC:AE)	-0.688	-0.103	1.030	-5.920	17.029	-6.592	6.04	30.87	-44.54	-49.540	26.587	23.713	-0.87665	0.02576	-0.42551	0.22281	25.5	null	null	13113	75
2026-05-27T14:10:23.800	WT901BLE68(F3:F0:16:BF:DC:AE)	-0.645	-0.048	0.797	-32.715	38.879	5.188	3.33	34.00	-44.58	-49.540	26.587	23.713	-0.87665	0.02576	-0.42551	0.22281	25.5	null	null	13113	75
2026-05-27T14:10:23.981	WT901BLE68(F3:F0:16:BF:DC:AE)	-0.739	0.011	0.613	-20.142	30.457	10.620	1.00	37.86	-43.47	-49.540	26.587	23.713	-0.88083	-0.13519	-0.26404	0.36884	25.5	null	null	13113	75
2026-05-27T14:10:24.008	WT901BLE68(F3:F0:16:BF:DC:AE)	-0.752	-0.164	0.562	-18.799	-5.005	18.250	-0.01	39.79	-42.01	-49.540	26.587	23.713	-0.88083	-0.13519	-0.26404	0.36884	25.5	null	null	13113	75
2026-05-27T14:10:24.132	WT901BLE68(F3:F0:16:BF:DC:AE)	-0.583	-0.070	0.582	3.601	-58.228	45.898	0.79	37.60	-37.60	-49.540	26.587	23.713	-0.88083	-0.13519	-0.26404	0.36884	25.5	null	null	13113	75
2026-05-27T14:10:24.222	WT901BLE68(F3:F0:16:BF:DC:AE)	-0.375	0.229	0.868	8.789	-63.782	49.561	3.99	31.43	-31.61	-49.540	26.587	23.713	-0.88083	-0.13519	-0.26404	0.36884	25.5	null	null	13113	75
2026-05-27T14:10:24.341	WT901BLE68(F3:F0:16:BF:DC:AE)	-0.289	0.312	0.969	28.503	-39.246	19.287	7.14	25.80	-28.86	-49.540	26.587	23.713	-0.88083	-0.13519	-0.26404	0.36884	25.5	null	null	13113	75
2026-05-27T14:10:24.430	WT901BLE68(F3:F0:16:BF:DC:AE)	-0.356	0.360	0.869	46.631	-40.100	16.174	11.45	21.79	-28.43	-49.540	26.587	23.713	-0.88083	-0.13519	-0.26404	0.36884	25.5	null	null	13113	75
2026-05-27T14:10:24.551	WT901BLE68(F3:F0:16:BF:DC:AE)	-0.278	0.330	0.985	38.208	-50.049	11.292	16.25	17.13	-28.51	-49.540	26.587	23.713	-0.88083	-0.13519	-0.26404	0.36884	25.5	null	null	13113	75
2026-05-27T14:10:24.609	WT901BLE68(F3:F0:16:BF:DC:AE)	-0.239	0.354	1.122	22.400	-28.015	4.395	19.52	13.04	-28.77	-24.007	35.927	18.733	-0.88083	-0.13519	-0.26404	0.36884	25.5	null	null	13113	75
2026-05-27T14:10:24.731	WT901BLE68(F3:F0:16:BF:DC:AE)	-0.249	0.284	1.137	-8.362	3.662	-1.526	20.14	11.84	-28.99	-24.007	35.927	18.733	-0.88083	-0.13519	-0.26404	0.36884	25.5	null	null	13113	75
2026-05-27T14:10:24.850	WT901BLE68(F3:F0:16:BF:DC:AE)	-0.303	0.223	0.981	-10.864	27.710	6.653	19.24	13.38	-27.83	-24.007	35.927	18.733	-0.94434	-0.19116	-0.05801	0.26120	25.5	null	null	13113	75
2026-05-27T14:10:24.940	WT901BLE68(F3:F0:16:BF:DC:AE)	-0.393	0.063	0.846	-31.982	26.611	29.358	17.50	15.71	-25.11	-24.007	35.927	18.733	-0.94434	-0.19116	-0.05801	0.26120	25.5	null	null	13113	75
2026-05-27T14:10:25.031	WT901BLE68(F3:F0:16:BF:DC:AE)	-0.300	0.222	0.616	-33.936	-9.827	58.289	15.29	15.60	-19.94	-24.007	35.927	18.733	-0.94434	-0.19116	-0.05801	0.26120	25.5	null	null	13113	75
2026-05-27T14:10:25.151	WT901BLE68(F3:F0:16:BF:DC:AE)	-0.271	0.241	0.558	-13.489	-85.449	36.133	14.37	10.59	-16.42	-24.007	35.927	18.733	-0.94434	-0.19116	-0.05801	0.26120	25.5	null	null	13113	75
2026-05-27T14:10:25.240	WT901BLE68(F3:F0:16:BF:DC:AE)	0.042	0.724	1.041	0.977	-112.915	-19.897	14.22	0.80	-16.91	-24.007	35.927	18.733	-0.94434	-0.19116	-0.05801	0.26120	25.5	null	null	13113	75
2026-05-27T14:10:25.364	WT901BLE68(F3:F0:16:BF:DC:AE)	0.147	0.677	1.062	-2.136	-79.407	-124.329	16.15	-5.85	-25.82	-24.007	35.927	18.733	-0.94434	-0.19116	-0.05801	0.26120	25.5	null	null	13113	75
2026-05-27T14:10:25.418	WT901BLE68(F3:F0:16:BF:DC:AE)	0.333	0.520	1.094	-31.982	-53.101	-167.175	17.65	-7.69	-41.45	-8.873	35.633	8.487	-0.94434	-0.19116	-0.05801	0.26120	25.5	null	null	13113	75
2026-05-27T14:10:25.542	WT901BLE68(F3:F0:16:BF:DC:AE)	0.406	0.412	0.949	-40.100	-33.691	-179.077	17.03	-6.44	-58.51	-8.873	35.633	8.487	-0.94434	-0.19116	-0.05801	0.26120	25.5	null	null	13113	75
2026-05-27T14:10:25.630	WT901BLE68(F3:F0:16:BF:DC:AE)	0.385	0.322	0.910	-40.894	-24.475	-150.513	15.91	-5.20	-74.28	-8.873	35.633	8.487	-0.81790	-0.09021	0.12048	0.55524	25.5	null	null	13113	75
2026-05-27T14:10:25.754	WT901BLE68(F3:F0:16:BF:DC:AE)	0.292	0.157	0.824	-13.367	-30.457	-110.474	15.03	-4.93	-86.17	-8.873	35.633	8.487	-0.81790	-0.09021	0.12048	0.55524	25.5	null	null	13113	75
2026-05-27T14:10:25.838	WT901BLE68(F3:F0:16:BF:DC:AE)	0.295	0.328	0.848	-24.109	-60.791	-68.359	19.01	-7.40	-94.94	-8.873	35.633	8.487	-0.81790	-0.09021	0.12048	0.55524	25.5	null	null	13113	75
2026-05-27T14:10:25.962	WT901BLE68(F3:F0:16:BF:DC:AE)	0.577	0.095	0.960	-1.221	-52.490	-15.320	18.34	-12.65	-99.04	-8.873	35.633	8.487	-0.81790	-0.09021	0.12048	0.55524	25.5	null	null	13113	75
2026-05-27T14:10:26.018	WT901BLE68(F3:F0:16:BF:DC:AE)	0.425	0.245	1.006	20.203	-2.075	18.005	19.99	-15.39	-97.48	-8.873	35.633	8.487	-0.81790	-0.09021	0.12048	0.55524	25.5	null	null	13113	75
2026-05-27T14:10:26.140	WT901BLE68(F3:F0:16:BF:DC:AE)	0.461	0.276	1.011	29.114	27.344	46.753	20.75	-16.08	-92.16	-8.873	35.633	8.487	-0.81790	-0.09021	0.12048	0.55524	25.5	null	null	13113	75
2026-05-27T14:10:26.230	WT901BLE68(F3:F0:16:BF:DC:AE)	0.458	0.361	0.920	65.247	76.782	78.918	23.14	-13.92	-82.14	-8.873	35.633	8.487	-0.81790	-0.09021	0.12048	0.55524	25.5	null	null	13113	75
2026-05-27T14:10:26.350	WT901BLE68(F3:F0:16:BF:DC:AE)	0.336	0.558	0.906	32.043	115.112	96.436	25.76	-9.48	-68.37	-8.873	35.633	8.487	-0.81790	-0.09021	0.12048	0.55524	25.5	null	null	13113	75
2026-05-27T14:10:26.440	WT901BLE68(F3:F0:16:BF:DC:AE)	0.167	0.621	0.893	1.160	147.278	98.022	26.15	-2.49	-53.08	-36.633	39.620	2.467	-0.81790	-0.09021	0.12048	0.55524	25.5	null	null	13113	75
2026-05-27T14:10:26.560	WT901BLE68(F3:F0:16:BF:DC:AE)	-0.071	0.640	0.791	-39.307	134.644	94.666	24.76	5.38	-38.20	-36.633	39.620	2.467	-0.81790	-0.09021	0.12048	0.55524	25.5	null	null	13113	75
2026-05-27T14:10:26.650	WT901BLE68(F3:F0:16:BF:DC:AE)	-0.301	0.655	0.737	-60.364	104.309	67.322	22.17	12.26	-26.55	-36.633	39.620	2.467	-0.93454	-0.21542	-0.01782	0.28247	25.5	null	null	13113	75
2026-05-27T14:10:26.771	WT901BLE68(F3:F0:16:BF:DC:AE)	-0.473	0.466	0.743	-64.453	79.956	26.611	18.75	18.73	-20.24	-36.633	39.620	2.467	-0.93454	-0.21542	-0.01782	0.28247	25.5	null	null	13113	75
2026-05-27T14:10:26.828	WT901BLE68(F3:F0:16:BF:DC:AE)	-0.556	0.321	0.750	-53.772	60.730	-0.793	15.17	24.91	-18.19	-36.633	39.620	2.467	-0.93454	-0.21542	-0.01782	0.28247	25.5	null	null	13113	75
2026-05-27T14:10:26.950	WT901BLE68(F3:F0:16:BF:DC:AE)	-0.617	0.200	0.775	-43.457	47.302	-18.311	11.03	30.37	-19.17	-36.633	39.620	2.467	-0.93454	-0.21542	-0.01782	0.28247	25.5	null	null	13113	75
2026-05-27T14:10:27.044	WT901BLE68(F3:F0:16:BF:DC:AE)	-0.665	0.074	0.771	-42.114	38.330	-34.180	6.27	35.04	-22.90	-36.633	39.620	2.467	-0.93454	-0.21542	-0.01782	0.28247	25.5	null	null	13113	75
2026-05-27T14:10:27.161	WT901BLE68(F3:F0:16:BF:DC:AE)	-0.686	-0.042	0.705	-44.922	36.011	-30.945	-0.26	39.09	-28.08	-36.633	39.620	2.467	-0.93454	-0.21542	-0.01782	0.28247	25.5	null	null	13113	75
2026-05-27T14:10:27.252	WT901BLE68(F3:F0:16:BF:DC:AE)	-0.742	-0.136	0.634	-57.373	33.752	-22.522	-7.43	42.54	-33.20	-55.020	16.100	24.720	-0.93454	-0.21542	-0.01782	0.28247	25.5	null	null	13113	75
2026-05-27T14:10:27.370	WT901BLE68(F3:F0:16:BF:DC:AE)	-0.781	-0.236	0.585	-37.842	23.132	-11.719	-13.97	45.18	-37.42	-55.020	16.100	24.720	-0.93454	-0.21542	-0.01782	0.28247	25.5	null	null	13113	75
2026-05-27T14:10:27.428	WT901BLE68(F3:F0:16:BF:DC:AE)	-0.729	-0.351	0.351	-31.372	-11.292	18.311	-17.53	45.98	-38.31	-55.020	16.100	24.720	-0.87811	0.00302	-0.41043	0.24564	25.5	null	null	13113	75
2026-05-27T14:10:27.551	WT901BLE68(F3:F0:16:BF:DC:AE)	-0.694	-0.329	0.491	-25.757	-46.143	41.687	-17.36	44.18	-32.94	-55.020	16.100	24.720	-0.87811	0.00302	-0.41043	0.24564	25.5	null	null	13113	75
2026-05-27T14:10:27.640	WT901BLE68(F3:F0:16:BF:DC:AE)	-0.364	0.093	0.862	8.362	-58.472	51.086	-12.35	40.00	-25.00	-55.020	16.100	24.720	-0.87811	0.00302	-0.41043	0.24564	25.5	null	null	13113	75
2026-05-27T14:10:27.763	WT901BLE68(F3:F0:16:BF:DC:AE)	-0.443	0.158	0.801	33.813	-17.578	-5.432	-8.11	36.85	-25.07	-55.020	16.100	24.720	-0.87811	0.00302	-0.41043	0.24564	25.5	null	null	13113	75
2026-05-27T14:10:27.849	WT901BLE68(F3:F0:16:BF:DC:AE)	-0.535	-0.019	0.753	46.875	-38.818	-9.460	-4.13	33.52	-28.91	-55.020	16.100	24.720	-0.87811	0.00302	-0.41043	0.24564	25.5	null	null	13113	75
2026-05-27T14:10:27.973	WT901BLE68(F3:F0:16:BF:DC:AE)	-0.464	0.048	0.975	50.842	-57.129	-13.733	1.19	28.23	-31.23	-55.020	16.100	24.720	-0.87811	0.00302	-0.41043	0.24564	25.5	null	null	13113	75
2026-05-27T14:10:28.060	WT901BLE68(F3:F0:16:BF:DC:AE)	-0.408	0.026	1.076	42.725	-47.791	-15.686	5.11	23.15	-34.05	-55.020	16.100	24.720	-0.87811	0.00302	-0.41043	0.24564	25.5	null	null	13113	75
2026-05-27T14:10:28.148	WT901BLE68(F3:F0:16:BF:DC:AE)	-0.381	0.011	1.101	32.715	-26.978	-6.287	8.23	19.70	-35.90	-32.373	24.060	25.167	-0.87811	0.00302	-0.41043	0.24564	25.5	null	null	13113	75
2026-05-27T14:10:28.242	WT901BLE68(F3:F0:16:BF:DC:AE)	-0.425	-0.010	1.066	2.136	1.709	15.625	9.68	18.83	-35.37	-32.373	24.060	25.167	-0.87811	0.00302	-0.41043	0.24564	25.5	null	null	13113	75
2026-05-27T14:10:28.360	WT901BLE68(F3:F0:16:BF:DC:AE)	-0.526	0.081	1.040	-20.386	31.738	35.217	9.07	20.63	-31.73	-32.373	24.060	25.167	-0.87811	0.00302	-0.41043	0.24564	25.5	null	null	13113	75
2026-05-27T14:10:28.448	WT901BLE68(F3:F0:16:BF:DC:AE)	-0.556	0.072	0.903	-47.546	49.438	21.423	6.06	24.77	-28.31	-32.373	24.060	25.167	-0.94150	-0.11810	-0.16379	0.26959	25.5	null	null	13113	75
2026-05-27T14:10:28.570	WT901BLE68(F3:F0:16:BF:DC:AE)	-0.616	-0.152	0.380	-30.823	2.991	50.049	3.30	28.01	-23.91	-32.373	24.060	25.167	-0.94150	-0.11810	-0.16379	0.26959	25.5	null	null	13113	75
2026-05-27T14:10:28.657	WT901BLE68(F3:F0:16:BF:DC:AE)	-0.298	0.058	0.503	11.719	-99.365	85.388	4.56	22.40	-15.33	-32.373	24.060	25.167	-0.94150	-0.11810	-0.16379	0.26959	25.5	null	null	13113	75
2026-05-27T14:10:28.782	WT901BLE68(F3:F0:16:BF:DC:AE)	1.577	4.932	9.955	18.250	-98.816	32.043	6.93	11.13	-10.60	-32.373	24.060	25.167	-0.94150	-0.11810	-0.16379	0.26959	25.5	null	null	13113	75
2026-05-27T14:10:28.842	WT901BLE68(F3:F0:16:BF:DC:AE)	0.012	0.289	1.104	28.992	-32.593	-34.546	9.14	4.96	-14.79	-32.373	24.060	25.167	-0.94150	-0.11810	-0.16379	0.26959	25.5	null	null	13113	75
2026-05-27T14:10:28.961	WT901BLE68(F3:F0:16:BF:DC:AE)	0.004	0.291	1.080	20.996	-17.944	-51.941	12.21	2.82	-19.67	-32.373	24.060	25.167	-0.94150	-0.11810	-0.16379	0.26959	25.5	null	null	13113	75
2026-05-27T14:10:29.047	WT901BLE68(F3:F0:16:BF:DC:AE)	-0.030	0.117	1.206	28.870	7.751	-59.326	15.02	3.17	-25.24	-6.620	27.000	19.353	-0.94150	-0.11810	-0.16379	0.26959	25.5	null	null	13113	75
2026-05-27T14:10:29.172	WT901BLE68(F3:F0:16:BF:DC:AE)	-0.138	0.122	1.147	6.653	42.542	-34.912	16.33	6.55	-28.68	-6.620	27.000	19.353	-0.94150	-0.11810	-0.16379	0.26959	25.5	null	null	13113	75
2026-05-27T14:10:29.260	WT901BLE68(F3:F0:16:BF:DC:AE)	-0.356	0.078	0.991	-21.057	72.510	-10.925	14.69	12.57	-29.11	-6.620	27.000	19.353	-0.95151	-0.15268	-0.05399	0.26132	25.5	null	null	13113	75
2026-05-27T14:10:29.380	WT901BLE68(F3:F0:16:BF:DC:AE)	-0.545	0.119	0.893	-60.730	86.243	-5.249	10.70	20.20	-27.86	-6.620	27.000	19.353	-0.95151	-0.15268	-0.05399	0.26132	25.5	null	null	13113	75
2026-05-27T14:10:29.471	WT901BLE68(F3:F0:16:BF:DC:AE)	-0.677	0.042	0.290	-26.672	63.232	-7.568	4.94	29.00	-27.43	-6.620	27.000	19.353	-0.95151	-0.15268	-0.05399	0.26132	25.5	null	null	13113	75
2026-05-27T14:10:29.589	WT901BLE68(F3:F0:16:BF:DC:AE)	-0.557	0.215	0.287	20.081	-54.138	-3.174	3.53	30.93	-27.05	-6.620	27.000	19.353	-0.95151	-0.15268	-0.05399	0.26132	25.5	null	null	13113	75
2026-05-27T14:10:29.654	WT901BLE68(F3:F0:16:BF:DC:AE)	-0.306	0.558	0.682	60.547	-126.587	-51.086	6.14	23.05	-28.59	-6.620	27.000	19.353	-0.95151	-0.15268	-0.05399	0.26132	25.5	null	null	13113	75
2026-05-27T14:10:29.771	WT901BLE68(F3:F0:16:BF:DC:AE)	-0.110	0.555	1.072	71.716	-118.896	-115.173	10.21	11.97	-39.79	-6.620	27.000	19.353	-0.95151	-0.15268	-0.05399	0.26132	25.5	null	null	13113	75
2026-05-27T14:10:29.862	WT901BLE68(F3:F0:16:BF:DC:AE)	0.083	0.387	1.033	20.996	-108.826	-150.330	14.14	3.92	-55.76	-6.620	27.000	19.353	-0.95151	-0.15268	-0.05399	0.26132	25.5	null	null	13113	75
2026-05-27T14:10:29.981	WT901BLE68(F3:F0:16:BF:DC:AE)	0.198	0.341	1.032	42.603	-84.656	-131.653	18.62	-1.72	-71.36	-6.620	27.000	19.353	-0.95151	-0.15268	-0.05399	0.26132	25.5	null	null	13113	75
2026-05-27T14:10:30.068	WT901BLE68(F3:F0:16:BF:DC:AE)	0.333	0.549	0.834	28.992	-98.206	-112.854	24.33	-5.62	-84.18	-31.360	36.640	9.907	-0.95151	-0.15268	-0.05399	0.26132	25.5	null	null	13113	75
2026-05-27T14:10:30.188	WT901BLE68(F3:F0:16:BF:DC:AE)	0.518	0.500	0.860	-58.289	-93.994	-89.966	24.81	-10.43	-95.56	-31.360	36.640	9.907	-0.68945	-0.09665	0.20581	0.68765	25.5	null	null	13113	75
2026-05-27T14:10:30.281	WT901BLE68(F3:F0:16:BF:DC:AE)	0.619	0.182	0.851	-79.468	-62.622	-51.697	20.95	-15.51	-103.58	-31.360	36.640	9.907	-0.68945	-0.09665	0.20581	0.68765	25.5	null	null	13113	75
2026-05-27T14:10:30.373	WT901BLE68(F3:F0:16:BF:DC:AE)	0.605	0.068	0.842	-14.282	-46.265	-18.616	18.96	-19.90	-106.63	-31.360	36.640	9.907	-0.68945	-0.09665	0.20581	0.68765	25.5	null	null	13113	75
2026-05-27T14:10:30.458	WT901BLE68(F3:F0:16:BF:DC:AE)	0.570	0.201	1.022	21.606	2.075	13.855	19.55	-22.88	-105.29	-31.360	36.640	9.907	-0.68945	-0.09665	0.20581	0.68765	25.5	null	null	13113	75
2026-05-27T14:10:30.581	WT901BLE68(F3:F0:16:BF:DC:AE)	0.617	0.227	0.993	33.752	48.645	46.936	19.69	-22.46	-99.10	-31.360	36.640	9.907	-0.68945	-0.09665	0.20581	0.68765	25.5	null	null	13113	75
2026-05-27T14:10:30.668	WT901BLE68(F3:F0:16:BF:DC:AE)	0.634	0.387	1.062	48.523	114.197	71.533	21.26	-17.76	-88.13	-31.360	36.640	9.907	-0.68945	-0.09665	0.20581	0.68765	25.5	null	null	13113	75
2026-05-27T14:10:30.794	WT901BLE68(F3:F0:16:BF:DC:AE)	0.416	0.661	1.035	8.484	176.880	81.238	22.33	-7.83	-73.72	-31.360	36.640	9.907	-0.68945	-0.09665	0.20581	0.68765	25.5	null	null	13113	75
2026-05-27T14:10:30.851	WT901BLE68(F3:F0:16:BF:DC:AE)	-0.044	0.609	0.732	-50.964	182.556	75.745	20.29	5.44	-59.10	-42.000	36.340	7.267	-0.68945	-0.09665	0.20581	0.68765	25.5	null	null	13113	75
2026-05-27T14:10:31.003	WT901BLE68(F3:F0:16:BF:DC:AE)	-0.354	0.523	0.619	-85.815	136.047	59.204	16.65	17.49	-47.49	-42.000	36.340	7.267	-0.68945	-0.09665	0.20581	0.68765	25.5	null	null	13113	75
2026-05-27T14:10:31.060	WT901BLE68(F3:F0:16:BF:DC:AE)	-0.601	0.295	0.530	-87.036	76.111	36.072	11.91	25.87	-40.70	-42.000	36.340	7.267	-0.89658	-0.18317	-0.14075	0.37769	25.5	null	null	13113	75
2026-05-27T14:10:31.180	WT901BLE68(F3:F0:16:BF:DC:AE)	-0.707	0.103	0.703	-92.346	36.377	23.926	6.16	30.67	-37.38	-42.000	36.340	7.267	-0.89658	-0.18317	-0.14075	0.37769	25.5	null	null	13113	75
2026-05-27T14:10:31.270	WT901BLE68(F3:F0:16:BF:DC:AE)	-0.752	-0.071	0.853	-91.248	39.429	7.568	-1.70	34.55	-35.99	-42.000	36.340	7.267	-0.89658	-0.18317	-0.14075	0.37769	25.5	null	null	13113	75
2026-05-27T14:10:31.391	WT901BLE68(F3:F0:16:BF:DC:AE)	-0.766	-0.209	0.637	-91.187	44.006	-4.028	-10.78	39.17	-37.35	-42.000	36.340	7.267	-0.89658	-0.18317	-0.14075	0.37769	25.5	null	null	13113	75
2026-05-27T14:10:31.480	WT901BLE68(F3:F0:16:BF:DC:AE)	-0.805	-0.414	0.446	-85.815	32.776	20.752	-20.31	43.54	-39.03	-42.000	36.340	7.267	-0.89658	-0.18317	-0.14075	0.37769	25.5	null	null	13113	75
2026-05-27T14:10:31.602	WT901BLE68(F3:F0:16:BF:DC:AE)	-0.810	-0.287	0.390	-65.063	-6.287	28.320	-25.96	46.46	-37.11	-42.000	36.340	7.267	-0.89658	-0.18317	-0.14075	0.37769	25.5	null	null	13113	75
2026-05-27T14:10:31.660	WT901BLE68(F3:F0:16:BF:DC:AE)	-0.675	-0.277	0.179	-28.748	-56.091	42.175	-27.37	45.79	-30.80	-42.000	36.340	7.267	-0.89658	-0.18317	-0.14075	0.37769	25.5	null	null	13113	75
2026-05-27T14:10:31.782	WT901BLE68(F3:F0:16:BF:DC:AE)	-0.470	-0.128	0.611	-11.597	-70.251	45.227	-23.49	42.22	-21.52	-42.000	36.340	7.267	-0.89658	-0.18317	-0.14075	0.37769	25.5	null	null	13113	75
2026-05-27T14:10:31.868	WT901BLE68(F3:F0:16:BF:DC:AE)	-0.317	0.108	0.851	32.227	-31.433	-3.662	-18.76	38.13	-19.42	-51.993	-6.307	34.120	-0.89658	-0.18317	-0.14075	0.37769	25.5	null	null	13113	75
2026-05-27T14:10:31.993	WT901BLE68(F3:F0:16:BF:DC:AE)	-0.430	-0.061	0.818	57.983	-12.878	-53.284	-15.32	34.65	-26.91	-51.993	-6.307	34.120	-0.89658	-0.18317	-0.14075	0.37769	25.5	null	null	13113	75
2026-05-27T14:10:32.078	WT901BLE68(F3:F0:16:BF:DC:AE)	-0.498	-0.214	0.868	83.252	-13.550	-52.917	-10.78	31.55	-36.07	-51.993	-6.307	34.120	-0.92603	0.03610	-0.30493	0.21933	25.5	null	null	13113	75
2026-05-27T14:10:32.199	WT901BLE68(F3:F0:16:BF:DC:AE)	-0.567	-0.211	1.125	69.275	-2.319	-29.785	-5.69	29.94	-41.75	-51.993	-6.307	34.120	-0.92603	0.03610	-0.30493	0.21933	25.5	null	null	13113	75
2026-05-27T14:10:32.259	WT901BLE68(F3:F0:16:BF:DC:AE)	-0.614	-0.267	1.067	33.997	31.250	-30.518	-2.97	31.07	-45.99	-51.993	-6.307	34.120	-0.92603	0.03610	-0.30493	0.21933	25.5	null	null	13113	75
2026-05-27T14:10:32.410	WT901BLE68(F3:F0:16:BF:DC:AE)	-0.800	-0.421	0.718	-31.372	47.424	8.789	-5.44	35.16	-48.18	-51.993	-6.307	34.120	-0.92603	0.03610	-0.30493	0.21933	25.5	null	null	13113	75
2026-05-27T14:10:32.472	WT901BLE68(F3:F0:16:BF:DC:AE)	-0.886	-0.273	0.418	-53.955	14.160	40.283	-9.78	38.99	-45.01	-51.993	-6.307	34.120	-0.92603	0.03610	-0.30493	0.21933	25.5	null	null	13113	75
2026-05-27T14:10:32.588	WT901BLE68(F3:F0:16:BF:DC:AE)	-0.709	-0.098	0.171	-33.508	-74.158	70.068	-10.50	38.07	-36.34	-51.993	-6.307	34.120	-0.92603	0.03610	-0.30493	0.21933	25.5	null	null	13113	75
2026-05-27T14:10:32.680	WT901BLE68(F3:F0:16:BF:DC:AE)	-0.080	0.272	0.808	1.099	-148.926	51.147	-6.60	27.93	-24.64	-42.973	12.427	32.233	-0.92603	0.03610	-0.30493	0.21933	25.5	null	null	13113	75
2026-05-27T14:10:32.803	WT901BLE68(F3:F0:16:BF:DC:AE)	0.069	0.343	1.216	37.537	-88.562	-14.587	-2.75	15.47	-23.60	-42.973	12.427	32.233	-0.92603	0.03610	-0.30493	0.21933	25.5	null	null	13113	75
2026-05-27T14:10:32.889	WT901BLE68(F3:F0:16:BF:DC:AE)	0.075	0.360	1.301	46.936	-38.574	-58.167	1.59	8.62	-29.40	-42.973	12.427	32.233	-0.96735	-0.02463	-0.08206	0.23837	25.5	null	null	13113	75
2026-05-27T14:10:33.010	WT901BLE68(F3:F0:16:BF:DC:AE)	-0.020	0.168	1.173	56.702	13.245	-75.134	6.05	7.84	-37.35	-42.973	12.427	32.233	-0.96735	-0.02463	-0.08206	0.23837	25.5	null	null	13113	75
2026-05-27T14:10:33.069	WT901BLE68(F3:F0:16:BF:DC:AE)	-0.217	-0.180	1.124	37.842	26.367	-49.011	9.84	10.50	-43.51	-42.973	12.427	32.233	-0.96735	-0.02463	-0.08206	0.23837	25.5	null	null	13113	75
2026-05-27T14:10:33.191	WT901BLE68(F3:F0:16:BF:DC:AE)	-0.417	-0.030	0.973	-3.723	33.813	33.691	10.24	13.28	-42.15	-42.973	12.427	32.233	-0.96735	-0.02463	-0.08206	0.23837	25.5	null	null	13113	75
2026-05-27T14:10:33.278	WT901BLE68(F3:F0:16:BF:DC:AE)	-0.513	0.249	0.856	-34.241	20.996	46.509	8.93	15.39	-36.62	-42.973	12.427	32.233	-0.96735	-0.02463	-0.08206	0.23837	25.5	null	null	13113	75
2026-05-27T14:10:33.402	WT901BLE68(F3:F0:16:BF:DC:AE)	-0.499	0.128	0.601	-5.676	-7.507	56.519	8.39	16.12	-30.16	-42.973	12.427	32.233	-0.96735	-0.02463	-0.08206	0.23837	25.5	null	null	13113	75
2026-05-27T14:10:33.491	WT901BLE68(F3:F0:16:BF:DC:AE)	-0.309	0.336	0.515	28.259	-104.370	56.152	11.87	10.45	-23.81	-42.973	12.427	32.233	-0.96735	-0.02463	-0.08206	0.23837	25.5	null	null	13113	75
2026-05-27T14:10:33.610	WT901BLE68(F3:F0:16:BF:DC:AE)	0.218	0.944	1.215	24.963	-127.869	-7.324	16.17	-1.58	-22.80	-9.727	33.487	17.447	-0.96735	-0.02463	-0.08206	0.23837	25.5	null	null	13113	75
2026-05-27T14:10:33.668	WT901BLE68(F3:F0:16:BF:DC:AE)	0.126	0.723	1.194	-0.610	-66.345	-99.792	18.74	-7.51	-30.94	-9.727	33.487	17.447	-0.96735	-0.02463	-0.08206	0.23837	25.5	null	null	13113	75
2026-05-27T14:10:33.823	WT901BLE68(F3:F0:16:BF:DC:AE)	0.136	0.524	1.019	-22.644	-30.396	-131.042	19.90	-6.94	-42.76	-9.727	33.487	17.447	-0.96735	-0.02463	-0.08206	0.23837	25.5	null	null	13113	75
2026-05-27T14:10:33.878	WT901BLE68(F3:F0:16:BF:DC:AE)	0.206	0.453	0.918	-22.949	-32.898	-123.596	19.82	-5.26	-54.65	-9.727	33.487	17.447	-0.89551	-0.13385	0.11694	0.40787	25.5	null	null	13113	75
2026-05-27T14:10:34.002	WT901BLE68(F3:F0:16:BF:DC:AE)	0.191	0.486	0.891	-50.049	-41.931	-101.746	17.51	-5.43	-65.11	-9.727	33.487	17.447	-0.89551	-0.13385	0.11694	0.40787	25.5	null	null	13113	75
2026-05-27T14:10:34.091	WT901BLE68(F3:F0:16:BF:DC:AE)	0.240	0.428	0.841	-53.284	-43.213	-96.191	15.23	-6.89	-74.78	-9.727	33.487	17.447	-0.89551	-0.13385	0.11694	0.40787	25.5	null	null	13113	75
2026-05-27T14:10:34.211	WT901BLE68(F3:F0:16:BF:DC:AE)	0.303	0.292	0.754	-16.052	-41.931	-85.693	15.29	-8.62	-83.53	-9.727	33.487	17.447	-0.89551	-0.13385	0.11694	0.40787	25.5	null	null	13113	75
2026-05-27T14:10:34.300	WT901BLE68(F3:F0:16:BF:DC:AE)	0.479	0.156	0.671	-57.556	-79.163	-57.556	14.39	-13.18	-90.66	-9.727	33.487	17.447	-0.89551	-0.13385	0.11694	0.40787	25.5	null	null	13113	75
2026-05-27T14:10:34.420	WT901BLE68(F3:F0:16:BF:DC:AE)	0.738	-0.209	1.011	-33.875	-74.768	-12.573	9.87	-21.77	-95.14	-9.727	33.487	17.447	-0.89551	-0.13385	0.11694	0.40787	25.5	null	null	13113	75
2026-05-27T14:10:34.480	WT901BLE68(F3:F0:16:BF:DC:AE)	0.600	-0.094	0.968	-19.348	-34.485	21.423	6.18	-27.88	-93.63	-32.447	19.980	21.840	-0.89551	-0.13385	0.11694	0.40787	25.5	null	null	13113	75
2026-05-27T14:10:34.605	WT901BLE68(F3:F0:16:BF:DC:AE)	0.623	0.000	0.944	1.770	-12.085	20.203	4.10	-30.57	-89.55	-32.447	19.980	21.840	-0.89551	-0.13385	0.11694	0.40787	25.5	null	null	13113	75
2026-05-27T14:10:34.690	WT901BLE68(F3:F0:16:BF:DC:AE)	0.528	0.008	0.885	7.629	-2.014	28.320	3.09	-31.40	-85.43	-32.447	19.980	21.840	-0.70413	0.16400	0.21500	0.65649	25.5	null	null	13113	75
2026-05-27T14:10:34.810	WT901BLE68(F3:F0:16:BF:DC:AE)	0.605	0.019	0.897	24.109	8.484	36.682	2.56	-31.42	-80.22	-32.447	19.980	21.840	-0.70413	0.16400	0.21500	0.65649	25.5	null	null	13113	75
2026-05-27T14:10:34.900	WT901BLE68(F3:F0:16:BF:DC:AE)	0.717	-0.120	0.866	106.445	35.889	33.752	4.67	-29.78	-74.62	-32.447	19.980	21.840	-0.70413	0.16400	0.21500	0.65649	25.5	null	null	13113	75
2026-05-27T14:10:35.021	WT901BLE68(F3:F0:16:BF:DC:AE)	0.683	0.332	0.835	157.471	93.872	45.715	18.02	-24.96	-68.13	-32.447	19.980	21.840	-0.70413	0.16400	0.21500	0.65649	25.5	null	null	13113	75
2026-05-27T14:10:35.080	WT901BLE68(F3:F0:16:BF:DC:AE)	0.442	0.561	0.837	59.753	125.977	63.965	27.83	-18.00	-57.00	-32.447	19.980	21.840	-0.70413	0.16400	0.21500	0.65649	25.5	null	null	13113	75
2026-05-27T14:10:35.229	WT901BLE68(F3:F0:16:BF:DC:AE)	0.185	0.674	0.870	-3.845	118.958	63.538	30.78	-11.10	-44.15	-32.447	19.980	21.840	-0.70413	0.16400	0.21500	0.65649	25.5	null	null	13113	75
2026-05-27T14:10:35.289	WT901BLE68(F3:F0:16:BF:DC:AE)	-0.015	0.701	0.774	-36.499	130.249	56.213	27.75	-3.78	-32.78	-32.447	19.980	21.840	-0.70413	0.16400	0.21500	0.65649	25.5	null	null	13113	75
2026-05-27T14:10:35.408	WT901BLE68(F3:F0:16:BF:DC:AE)	-0.217	0.619	0.716	-52.368	125.183	39.490	24.74	5.49	-23.42	-24.387	44.500	0.187	-0.70413	0.16400	0.21500	0.65649	25.5	null	null	13113	75
2026-05-27T14:10:35.499	WT901BLE68(F3:F0:16:BF:DC:AE)	-0.416	0.416	0.717	-79.590	105.591	17.761	19.69	14.68	-17.00	-24.387	44.500	0.187	-0.70413	0.16400	0.21500	0.65649	25.5	null	null	13113	75
2026-05-27T14:10:35.618	WT901BLE68(F3:F0:16:BF:DC:AE)	-0.567	0.239	0.783	-59.570	76.111	-10.376	14.67	23.06	-14.99	-24.387	44.500	0.187	-0.96277	-0.16605	-0.14658	0.15463	25.5	null	null	13113	75
2026-05-27T14:10:35.741	WT901BLE68(F3:F0:16:BF:DC:AE)	-0.658	0.107	0.760	-35.950	60.364	-32.349	9.88	30.16	-17.10	-24.387	44.500	0.187	-0.96277	-0.16605	-0.14658	0.15463	25.5	null	null	13113	75
2026-05-27T14:10:35.830	WT901BLE68(F3:F0:16:BF:DC:AE)	-0.683	0.059	0.714	-41.443	51.575	-44.739	4.54	36.28	-22.13	-24.387	44.500	0.187	-0.96277	-0.16605	-0.14658	0.15463	25.5	null	null	13113	75
2026-05-27T14:10:35.890	WT901BLE68(F3:F0:16:BF:DC:AE)	-0.720	-0.089	0.654	-43.335	46.753	-39.612	-3.20	41.33	-29.00	-24.387	44.500	0.187	-0.96277	-0.16605	-0.14658	0.15463	25.5	null	null	13113	75
2026-05-27T14:10:36.012	WT901BLE68(F3:F0:16:BF:DC:AE)	-0.813	-0.123	0.619	-26.794	34.546	-28.625	-9.76	45.13	-35.47	-24.387	44.500	0.187	-0.96277	-0.16605	-0.14658	0.15463	25.5	null	null	13113	75
2026-05-27T14:10:36.099	WT901BLE68(F3:F0:16:BF:DC:AE)	-0.843	-0.251	0.474	-39.978	20.874	-19.531	-16.66	47.70	-41.09	-24.387	44.500	0.187	-0.96277	-0.16605	-0.14658	0.15463	25.5	null	null	13113	75
2026-05-27T14:10:36.220	WT901BLE68(F3:F0:16:BF:DC:AE)	-0.690	-0.253	0.224	-22.827	-27.222	23.987	-20.72	47.95	-42.00	-24.387	44.500	0.187	-0.96277	-0.16605	-0.14658	0.15463	25.5	null	null	13113	75
2026-05-27T14:10:36.309	WT901BLE68(F3:F0:16:BF:DC:AE)	-0.346	-0.000	0.721	3.174	-62.012	32.043	-18.12	44.45	-35.89	-65.207	4.560	27.133	-0.96277	-0.16605	-0.14658	0.15463	25.5	null	null	13113	75
2026-05-27T14:10:36.431	WT901BLE68(F3:F0:16:BF:DC:AE)	-0.508	0.094	0.851	41.748	-23.315	6.592	-12.12	40.61	-33.66	-65.207	4.560	27.133	-0.96277	-0.16605	-0.14658	0.15463	25.5	null	null	13113	75
2026-05-27T14:10:36.489	WT901BLE68(F3:F0:16:BF:DC:AE)	-0.587	-0.072	0.828	53.101	-16.174	-7.996	-6.48	38.25	-35.76	-65.207	4.560	27.133	-0.90417	-0.02679	-0.34344	0.25241	25.5	null	null	13113	75
2026-05-27T14:10:36.639	WT901BLE68(F3:F0:16:BF:DC:AE)	-0.718	-0.009	0.779	56.641	-21.240	-9.644	-0.60	36.18	-37.77	-65.207	4.560	27.133	-0.90417	-0.02679	-0.34344	0.25241	25.5	null	null	13113	75
2026-05-27T14:10:36.700	WT901BLE68(F3:F0:16:BF:DC:AE)	-0.779	-0.080	0.896	35.095	-19.104	-12.634	4.42	33.99	-39.80	-65.207	4.560	27.133	-0.90417	-0.02679	-0.34344	0.25241	25.5	null	null	13113	75
2026-05-27T14:10:36.820	WT901BLE68(F3:F0:16:BF:DC:AE)	-0.741	-0.111	0.934	-1.282	11.780	-18.005	6.16	34.04	-41.80	-65.207	4.560	27.133	-0.90417	-0.02679	-0.34344	0.25241	25.5	null	null	13113	75
2026-05-27T14:10:36.910	WT901BLE68(F3:F0:16:BF:DC:AE)	-0.715	-0.113	0.792	-26.123	32.532	-10.376	3.86	36.96	-43.55	-65.207	4.560	27.133	-0.90417	-0.02679	-0.34344	0.25241	25.5	null	null	13113	75
2026-05-27T14:10:37.032	WT901BLE68(F3:F0:16:BF:DC:AE)	-0.688	-0.217	0.578	-53.589	15.747	18.616	-0.34	39.81	-43.67	-65.207	4.560	27.133	-0.90417	-0.02679	-0.34344	0.25241	25.5	null	null	13113	75
2026-05-27T14:10:37.121	WT901BLE68(F3:F0:16:BF:DC:AE)	-0.564	-0.087	0.429	-22.888	-45.227	68.542	-1.29	39.34	-37.77	-65.207	4.560	27.133	-0.90417	-0.02679	-0.34344	0.25241	25.5	null	null	13113	75
2026-05-27T14:10:37.240	WT901BLE68(F3:F0:16:BF:DC:AE)	-0.272	0.222	0.778	8.728	-105.957	79.285	3.04	32.05	-27.84	-48.467	23.160	26.420	-0.90417	-0.02679	-0.34344	0.25241	25.5	null	null	13113	75
2026-05-27T14:10:37.298	WT901BLE68(F3:F0:16:BF:DC:AE)	-0.151	0.474	1.231	26.367	-68.787	17.273	7.25	22.47	-24.16	-48.467	23.160	26.420	-0.90417	-0.02679	-0.34344	0.25241	25.5	null	null	13113	75
2026-05-27T14:10:37.418	WT901BLE68(F3:F0:16:BF:DC:AE)	-0.287	0.372	1.098	41.016	-29.968	-27.466	10.72	18.26	-27.27	-48.467	23.160	26.420	-0.95532	-0.11188	-0.15277	0.22668	25.5	null	null	13113	75
2026-05-27T14:10:37.510	WT901BLE68(F3:F0:16:BF:DC:AE)	-0.280	0.210	1.068	33.508	-13.794	-47.974	13.30	16.62	-32.67	-48.467	23.160	26.420	-0.95532	-0.11188	-0.15277	0.22668	25.5	null	null	13113	75
2026-05-27T14:10:37.631	WT901BLE68(F3:F0:16:BF:DC:AE)	-0.354	0.217	0.994	23.499	-0.366	-33.386	15.41	16.97	-36.57	-48.467	23.160	26.420	-0.95532	-0.11188	-0.15277	0.22668	25.5	null	null	13113	75
2026-05-27T14:10:37.718	WT901BLE68(F3:F0:16:BF:DC:AE)	-0.417	0.149	1.002	1.038	13.550	-18.311	15.74	18.34	-38.88	-48.467	23.160	26.420	-0.95532	-0.11188	-0.15277	0.22668	25.5	null	null	13113	75
2026-05-27T14:10:37.842	WT901BLE68(F3:F0:16:BF:DC:AE)	-0.448	0.146	0.911	-20.142	28.076	-0.427	14.83	20.79	-38.64	-48.467	23.160	26.420	-0.95532	-0.11188	-0.15277	0.22668	25.5	null	null	13113	75
2026-05-27T14:10:37.898	WT901BLE68(F3:F0:16:BF:DC:AE)	-0.535	-0.003	0.462	-24.536	11.047	35.461	13.03	23.14	-35.83	-48.467	23.160	26.420	-0.95532	-0.11188	-0.15277	0.22668	25.5	null	null	13113	75
2026-05-27T14:10:38.020	WT901BLE68(F3:F0:16:BF:DC:AE)	-0.336	0.039	0.557	-19.043	-78.003	85.693	12.07	18.86	-29.36	-48.467	23.160	26.420	-0.95532	-0.11188	-0.15277	0.22668	25.5	null	null	13113	75
2026-05-27T14:10:38.111	WT901BLE68(F3:F0:16:BF:DC:AE)	0.145	0.526	1.194	-1.526	-91.064	78.857	12.85	8.28	-21.95	-20.853	33.033	20.107	-0.95532	-0.11188	-0.15277	0.22668	25.5	null	null	13113	75
2026-05-27T14:10:38.231	WT901BLE68(F3:F0:16:BF:DC:AE)	0.161	0.588	1.213	12.512	-26.123	16.602	14.33	1.53	-18.90	-20.853	33.033	20.107	-0.95532	-0.11188	-0.15277	0.22668	25.5	null	null	13113	75
2026-05-27T14:10:38.321	WT901BLE68(F3:F0:16:BF:DC:AE)	0.044	0.480	1.038	11.658	-2.136	-27.039	16.34	0.62	-20.08	-20.853	33.033	20.107	-0.97617	-0.13586	0.01797	0.16791	25.5	null	null	13113	75
2026-05-27T14:10:38.443	WT901BLE68(F3:F0:16:BF:DC:AE)	-0.019	0.322	0.995	10.681	8.179	-42.053	18.11	1.80	-23.40	-20.853	33.033	20.107	-0.97617	-0.13586	0.01797	0.16791	25.5	null	null	13113	75
2026-05-27T14:10:38.530	WT901BLE68(F3:F0:16:BF:DC:AE)	-0.122	0.256	1.087	10.315	41.016	-18.188	19.50	5.09	-24.99	-20.853	33.033	20.107	-0.97617	-0.13586	0.01797	0.16791	25.5	null	null	13113	75
2026-05-27T14:10:38.652	WT901BLE68(F3:F0:16:BF:DC:AE)	-0.200	0.231	1.004	-12.573	57.617	-2.258	19.28	10.21	-23.83	-20.853	33.033	20.107	-0.97617	-0.13586	0.01797	0.16791	25.5	null	null	13113	75
2026-05-27T14:10:38.709	WT901BLE68(F3:F0:16:BF:DC:AE)	-0.327	0.129	0.834	-32.959	42.236	14.893	16.98	14.64	-21.45	-20.853	33.033	20.107	-0.97617	-0.13586	0.01797	0.16791	25.5	null	null	13113	75
2026-05-27T14:10:38.831	WT901BLE68(F3:F0:16:BF:DC:AE)	-0.466	0.067	0.578	-30.029	-9.216	38.513	14.55	15.62	-18.15	-20.853	33.033	20.107	-0.97617	-0.13586	0.01797	0.16791	25.5	null	null	13113	75
2026-05-27T14:10:38.926	WT901BLE68(F3:F0:16:BF:DC:AE)	-0.155	0.196	0.669	-6.775	-108.521	68.176	12.78	8.45	-13.32	-20.853	33.033	20.107	-0.97617	-0.13586	0.01797	0.16791	25.5	null	null	13113	75
2026-05-27T14:10:39.038	WT901BLE68(F3:F0:16:BF:DC:AE)	0.190	0.859	1.176	16.479	-106.934	-6.836	14.85	-2.94	-12.11	-5.853	28.233	17.080	-0.97617	-0.13586	0.01797	0.16791	25.5	null	null	13113	75
2026-05-27T14:10:39.132	WT901BLE68(F3:F0:16:BF:DC:AE)	0.176	0.709	1.123	4.700	-56.702	-116.821	17.59	-7.77	-20.91	-5.853	28.233	17.080	-0.97617	-0.13586	0.01797	0.16791	25.5	null	null	13113	75
2026-05-27T14:10:39.250	WT901BLE68(F3:F0:16:BF:DC:AE)	0.138	0.560	0.921	-6.409	-39.124	-157.410	20.49	-6.72	-35.11	-5.853	28.233	17.080	-0.95447	-0.14847	0.10471	0.23636	25.5	null	null	13113	75
2026-05-27T14:10:39.310	WT901BLE68(F3:F0:16:BF:DC:AE)	0.194	0.486	0.819	-29.663	-58.167	-173.401	21.31	-5.10	-51.87	-5.853	28.233	17.080	-0.95447	-0.14847	0.10471	0.23636	25.5	null	null	13113	75
2026-05-27T14:10:39.434	WT901BLE68(F3:F0:16:BF:DC:AE)	0.314	0.354	0.882	-48.889	-72.571	-133.972	19.88	-6.41	-67.70	-5.853	28.233	17.080	-0.95447	-0.14847	0.10471	0.23636	25.5	null	null	13113	75
2026-05-27T14:10:39.518	WT901BLE68(F3:F0:16:BF:DC:AE)	0.383	0.323	0.733	-38.330	-67.871	-92.407	18.27	-9.57	-78.72	-5.853	28.233	17.080	-0.95447	-0.14847	0.10471	0.23636	25.5	null	null	13113	75
2026-05-27T14:10:39.642	WT901BLE68(F3:F0:16:BF:DC:AE)	0.439	0.135	0.563	-112.610	-108.765	-59.814	13.57	-16.42	-87.00	-5.853	28.233	17.080	-0.95447	-0.14847	0.10471	0.23636	25.5	null	null	13113	75
2026-05-27T14:10:39.732	WT901BLE68(F3:F0:16:BF:DC:AE)	0.855	-0.196	0.828	-75.073	-93.872	-13.611	3.43	-28.00	-90.91	-5.853	28.233	17.080	-0.95447	-0.14847	0.10471	0.23636	25.5	null	null	13113	75
2026-05-27T14:10:39.850	WT901BLE68(F3:F0:16:BF:DC:AE)	0.810	-0.077	0.783	-36.621	-69.092	-6.836	1.08	-35.90	-91.39	-5.853	28.233	17.080	-0.95447	-0.14847	0.10471	0.23636	25.5	null	null	13113	75
2026-05-27T14:10:39.939	WT901BLE68(F3:F0:16:BF:DC:AE)	0.730	-0.096	0.940	16.357	-21.606	8.728	1.40	-40.26	-89.82	-20.940	15.007	24.547	-0.95447	-0.14847	0.10471	0.23636	25.5	null	null	13113	75
2026-05-27T14:10:40.060	WT901BLE68(F3:F0:16:BF:DC:AE)	0.729	-0.049	0.855	31.677	15.564	26.489	1.19	-40.57	-85.63	-20.940	15.007	24.547	-0.95447	-0.14847	0.10471	0.23636	25.5	null	null	13113	75
2026-05-27T14:10:40.117	WT901BLE68(F3:F0:16:BF:DC:AE)	0.733	-0.067	0.742	46.692	30.029	40.894	1.45	-38.56	-79.80	-20.940	15.007	24.547	-0.70923	0.21539	0.26151	0.61813	25.5	null	null	13113	75
2026-05-27T14:10:40.243	WT901BLE68(F3:F0:16:BF:DC:AE)	1.019	-0.021	0.974	113.098	94.788	62.683	4.43	-34.39	-71.54	-20.940	15.007	24.547	-0.70923	0.21539	0.26151	0.61813	25.5	null	null	13113	75
2026-05-27T14:10:40.331	WT901BLE68(F3:F0:16:BF:DC:AE)	0.783	0.331	1.351	68.115	198.242	68.237	11.15	-21.88	-60.95	-20.940	15.007	24.547	-0.70923	0.21539	0.26151	0.61813	25.5	null	null	13113	75
2026-05-27T14:10:40.450	WT901BLE68(F3:F0:16:BF:DC:AE)	0.168	0.427	1.031	-44.312	240.540	91.064	9.90	-3.13	-48.54	-20.940	15.007	24.547	-0.70923	0.21539	0.26151	0.61813	25.5	null	null	13113	75
2026-05-27T14:10:40.541	WT901BLE68(F3:F0:16:BF:DC:AE)	-0.310	0.285	0.556	-135.010	212.097	83.008	2.32	17.41	-38.15	-20.940	15.007	24.547	-0.70923	0.21539	0.26151	0.61813	25.5	null	null	13113	75
2026-05-27T14:10:40.661	WT901BLE68(F3:F0:16:BF:DC:AE)	-0.585	0.082	0.389	-118.408	117.126	68.604	-6.64	33.34	-32.07	-20.940	15.007	24.547	-0.70923	0.21539	0.26151	0.61813	25.5	null	null	13113	75
2026-05-27T14:10:40.719	WT901BLE68(F3:F0:16:BF:DC:AE)	-0.704	0.017	0.403	-79.712	24.658	42.725	-11.48	40.89	-28.79	-20.940	15.007	24.547	-0.70923	0.21539	0.26151	0.61813	25.5	null	null	13113	75
2026-05-27T14:10:40.842	WT901BLE68(F3:F0:16:BF:DC:AE)	-0.631	0.077	0.523	-19.897	-10.681	14.893	-12.52	42.56	-26.78	-20.940	15.007	24.547	-0.70923	0.21539	0.26151	0.61813	25.5	null	null	13113	75
2026-05-27T14:10:40.933	WT901BLE68(F3:F0:16:BF:DC:AE)	-0.580	0.014	0.607	-1.282	-21.240	-15.503	-12.50	41.08	-28.83	-57.607	9.780	27.513	-0.70923	0.21539	0.26151	0.61813	25.5	null	null	13113	75
2026-05-27T14:10:41.047	WT901BLE68(F3:F0:16:BF:DC:AE)	-0.745	-0.143	0.828	28.687	-3.540	-27.832	-11.61	38.88	-33.65	-57.607	9.780	27.513	-0.91043	0.00500	-0.35275	0.21576	25.5	null	null	13113	75
2026-05-27T14:10:41.142	WT901BLE68(F3:F0:16:BF:DC:AE)	-0.922	-0.325	0.828	21.057	30.518	-30.518	-11.04	39.53	-39.14	-57.607	9.780	27.513	-0.91043	0.00500	-0.35275	0.21576	25.5	null	null	13113	75
2026-05-27T14:10:41.260	WT901BLE68(F3:F0:16:BF:DC:AE)	-0.803	-0.301	0.551	-3.357	37.598	-20.447	-13.60	42.99	-44.53	-57.607	9.780	27.513	-0.91043	0.00500	-0.35275	0.21576	25.5	null	null	13113	75
2026-05-27T14:10:41.350	WT901BLE68(F3:F0:16:BF:DC:AE)	-0.719	-0.222	0.401	-3.540	6.287	-8.972	-16.44	45.41	-47.93	-57.607	9.780	27.513	-0.91043	0.00500	-0.35275	0.21576	25.5	null	null	13113	75
2026-05-27T14:10:41.470	WT901BLE68(F3:F0:16:BF:DC:AE)	-0.630	-0.182	0.328	21.606	-49.683	20.569	-15.19	44.37	-46.86	-57.607	9.780	27.513	-0.91043	0.00500	-0.35275	0.21576	25.5	null	null	13113	75
2026-05-27T14:10:41.531	WT901BLE68(F3:F0:16:BF:DC:AE)	-0.339	0.026	0.603	54.260	-134.521	41.748	-7.51	36.57	-39.69	-57.607	9.780	27.513	-0.91043	0.00500	-0.35275	0.21576	25.5	null	null	13113	75
2026-05-27T14:10:41.653	WT901BLE68(F3:F0:16:BF:DC:AE)	-0.214	0.175	1.045	65.186	-121.399	53.406	1.09	24.35	-33.89	-57.607	9.780	27.513	-0.91043	0.00500	-0.35275	0.21576	25.5	null	null	13113	75
2026-05-27T14:10:41.741	WT901BLE68(F3:F0:16:BF:DC:AE)	-0.174	0.380	1.159	67.688	-97.046	37.720	10.18	13.08	-30.76	-33.307	27.160	26.620	-0.91043	0.00500	-0.35275	0.21576	25.5	null	null	13113	75
2026-05-27T14:10:41.859	WT901BLE68(F3:F0:16:BF:DC:AE)	-0.298	0.371	1.425	31.616	-40.283	18.311	16.05	5.34	-29.57	-33.307	27.160	26.620	-0.91043	0.00500	-0.35275	0.21576	25.5	null	null	13113	75
2026-05-27T14:10:41.950	WT901BLE68(F3:F0:16:BF:DC:AE)	-0.306	0.429	1.182	-3.418	46.692	-31.250	17.34	6.75	-29.62	-33.307	27.160	26.620	-0.95425	-0.15372	-0.00208	0.25623	25.5	null	null	13113	75
2026-05-27T14:10:42.070	WT901BLE68(F3:F0:16:BF:DC:AE)	-0.308	0.246	0.814	-18.555	62.561	-50.354	15.57	13.97	-31.77	-33.307	27.160	26.620	-0.95425	-0.15372	-0.00208	0.25623	25.5	null	null	13113	75
2026-05-27T14:10:42.130	WT901BLE68(F3:F0:16:BF:DC:AE)	-0.364	0.080	0.779	-11.169	39.673	-20.630	13.71	19.95	-34.36	-33.307	27.160	26.620	-0.95425	-0.15372	-0.00208	0.25623	25.5	null	null	13113	75
2026-05-27T14:10:42.252	WT901BLE68(F3:F0:16:BF:DC:AE)	-0.434	0.074	0.742	-19.348	-0.305	20.508	12.28	21.93	-33.49	-33.307	27.160	26.620	-0.95425	-0.15372	-0.00208	0.25623	25.5	null	null	13113	75
2026-05-27T14:10:42.341	WT901BLE68(F3:F0:16:BF:DC:AE)	-0.552	0.083	0.335	3.235	-80.505	28.137	12.23	18.83	-31.15	-33.307	27.160	26.620	-0.95425	-0.15372	-0.00208	0.25623	25.5	null	null	13113	75
2026-05-27T14:10:42.462	WT901BLE68(F3:F0:16:BF:DC:AE)	0.041	0.464	1.093	68.848	-137.573	34.119	13.65	7.25	-28.66	-33.307	27.160	26.620	-0.95425	-0.15372	-0.00208	0.25623	25.5	null	null	13113	75
2026-05-27T14:10:42.550	WT901BLE68(F3:F0:16:BF:DC:AE)	-0.171	0.951	1.274	48.645	-48.950	-85.449	18.30	-0.34	-32.56	-33.307	27.160	26.620	-0.95425	-0.15372	-0.00208	0.25623	25.5	null	null	13113	75
2026-05-27T14:10:42.671	WT901BLE68(F3:F0:16:BF:DC:AE)	-0.166	0.472	0.943	-5.249	-30.396	-149.780	19.87	0.91	-44.80	-17.073	40.473	11.373	-0.95425	-0.15372	-0.00208	0.25623	25.5	null	null	13113	75
2026-05-27T14:10:42.758	WT901BLE68(F3:F0:16:BF:DC:AE)	0.037	0.376	0.906	-5.737	-22.827	-152.466	18.12	3.69	-59.42	-17.073	40.473	11.373	-0.95425	-0.15372	-0.00208	0.25623	25.5	null	null	13113	75
2026-05-27T14:10:42.883	WT901BLE68(F3:F0:16:BF:DC:AE)	0.145	0.197	0.720	0.305	-54.688	-107.910	15.85	3.77	-72.09	-17.073	40.473	11.373	-0.81677	-0.13815	0.04703	0.55811	25.5	null	null	13113	75
2026-05-27T14:10:42.941	WT901BLE68(F3:F0:16:BF:DC:AE)	0.217	0.377	0.804	-26.062	-72.327	-36.560	13.26	-1.32	-79.34	-17.073	40.473	11.373	-0.81677	-0.13815	0.04703	0.55811	25.5	null	null	13113	75
2026-05-27T14:10:43.058	WT901BLE68(F3:F0:16:BF:DC:AE)	0.369	0.164	0.790	-57.495	-89.050	-3.052	9.05	-9.44	-81.66	-17.073	40.473	11.373	-0.81677	-0.13815	0.04703	0.55811	25.5	null	null	13113	75
2026-05-27T14:10:43.152	WT901BLE68(F3:F0:16:BF:DC:AE)	0.488	0.035	0.970	-40.894	-80.811	1.404	5.61	-18.30	-81.86	-17.073	40.473	11.373	-0.81677	-0.13815	0.04703	0.55811	25.5	null	null	13113	75
2026-05-27T14:10:43.268	WT901BLE68(F3:F0:16:BF:DC:AE)	0.528	-0.053	1.007	-16.296	-54.199	-3.418	3.31	-25.32	-81.45	-17.073	40.473	11.373	-0.81677	-0.13815	0.04703	0.55811	25.5	null	null	13113	75
