time	DeviceName	AccX(g)	AccY(g)	AccZ(g)	AsX(°/s)	AsY(°/s)	AsZ(°/s)	AngleX(°)	AngleY(°)	AngleZ(°)	HX(uT)	HY(uT)	HZ(uT)	Q0()	Q1()	Q2()	Q3()	Temperature(°C)	Height(m)	Pressure(kPa)	Version()	Battery level(%)
2026-05-27T14:26:45.583	WT901BLE68(F3:F0:16:BF:DC:AE)	0.929	-0.136	-0.336	-3.967	1.099	1.038	-155.60	-69.49	-128.11	1.700	13.720	-60.160	-0.42429	-0.46036	0.66849	-0.40131	25.7	null	null	13113	75
2026-05-27T14:26:45.641	WT901BLE68(F3:F0:16:BF:DC:AE)	0.934	-0.141	-0.317	-3.174	0.977	0.916	-155.67	-69.51	-128.42	1.700	13.720	-60.160	-0.42429	-0.46036	0.66849	-0.40131	25.7	null	null	13113	75
2026-05-27T14:26:45.762	WT901BLE68(F3:F0:16:BF:DC:AE)	0.927	-0.114	-0.354	-8.423	2.380	2.502	-155.69	-69.55	-128.91	1.700	13.720	-60.160	-0.42429	-0.46036	0.66849	-0.40131	25.7	null	null	13113	75
2026-05-27T14:26:45.852	WT901BLE68(F3:F0:16:BF:DC:AE)	0.932	-0.168	-0.317	-6.592	3.967	2.563	-155.55	-69.70	-130.01	1.700	13.720	-60.160	-0.42429	-0.46036	0.66849	-0.40131	25.7	null	null	13113	75
2026-05-27T14:26:45.974	WT901BLE68(F3:F0:16:BF:DC:AE)	0.945	-0.188	-0.266	4.211	2.075	-2.930	-155.20	-69.92	-130.67	1.700	13.720	-60.160	-0.42429	-0.46036	0.66849	-0.40131	25.7	null	null	13113	75
2026-05-27T14:26:46.059	WT901BLE68(F3:F0:16:BF:DC:AE)	0.935	-0.145	-0.290	10.498	-1.099	-6.348	-155.39	-70.19	-129.63	1.700	13.720	-60.160	-0.42429	-0.46036	0.66849	-0.40131	25.7	null	null	13113	75
2026-05-27T14:26:46.179	WT901BLE68(F3:F0:16:BF:DC:AE)	0.947	-0.149	-0.312	4.700	-0.244	-3.662	-155.91	-70.27	-128.26	2.187	13.620	-59.493	-0.42429	-0.46036	0.66849	-0.40131	25.7	null	null	13113	75
2026-05-27T14:26:46.242	WT901BLE68(F3:F0:16:BF:DC:AE)	0.925	-0.167	-0.338	-4.272	2.136	-1.953	-156.28	-70.42	-128.05	2.187	13.620	-59.493	-0.42429	-0.46036	0.66849	-0.40131	25.7	null	null	13113	75
2026-05-27T14:26:46.390	WT901BLE68(F3:F0:16:BF:DC:AE)	0.932	-0.167	-0.323	-0.305	0.671	-9.094	-157.59	-70.75	-127.08	2.187	13.620	-59.493	-0.43555	-0.45624	0.66678	-0.39676	25.7	null	null	13113	75
2026-05-27T14:26:46.451	WT901BLE68(F3:F0:16:BF:DC:AE)	0.933	-0.045	-0.309	1.648	4.578	-10.864	-159.61	-71.21	-124.65	2.187	13.620	-59.493	-0.43555	-0.45624	0.66678	-0.39676	25.7	null	null	13113	75
2026-05-27T14:26:46.575	WT901BLE68(F3:F0:16:BF:DC:AE)	0.962	-0.121	-0.266	-12.756	6.836	-7.568	-161.66	-71.94	-123.22	2.187	13.620	-59.493	-0.43555	-0.45624	0.66678	-0.39676	25.7	null	null	13113	75
2026-05-27T14:26:46.661	WT901BLE68(F3:F0:16:BF:DC:AE)	0.950	-0.061	-0.286	-25.696	6.714	-4.639	-164.97	-72.80	-121.89	2.187	13.620	-59.493	-0.43555	-0.45624	0.66678	-0.39676	25.7	null	null	13113	75
2026-05-27T14:26:46.783	WT901BLE68(F3:F0:16:BF:DC:AE)	0.971	-0.077	-0.241	-25.085	16.663	-1.099	-167.08	-74.04	-122.10	2.187	13.620	-59.493	-0.43555	-0.45624	0.66678	-0.39676	25.7	null	null	13113	75
2026-05-27T14:26:46.875	WT901BLE68(F3:F0:16:BF:DC:AE)	1.010	-0.161	-0.087	-12.024	42.297	9.949	-165.18	-76.55	-126.49	2.187	13.620	-59.493	-0.43555	-0.45624	0.66678	-0.39676	25.7	null	null	13113	75
2026-05-27T14:26:46.991	WT901BLE68(F3:F0:16:BF:DC:AE)	0.989	-0.052	-0.143	-15.076	57.678	8.301	-151.07	-81.10	-142.10	2.187	13.620	-59.493	-0.43555	-0.45624	0.66678	-0.39676	25.7	null	null	13113	75
2026-05-27T14:26:47.050	WT901BLE68(F3:F0:16:BF:DC:AE)	1.114	0.011	0.055	7.080	71.228	13.245	-98.75	-84.53	165.23	9.760	20.347	-46.987	-0.43555	-0.45624	0.66678	-0.39676	25.7	null	null	13113	75
2026-05-27T14:26:47.169	WT901BLE68(F3:F0:16:BF:DC:AE)	1.022	-0.015	0.132	-36.011	42.175	6.653	-55.79	-82.71	120.70	9.760	20.347	-46.987	-0.43555	-0.45624	0.66678	-0.39676	25.7	null	null	13113	75
2026-05-27T14:26:47.259	WT901BLE68(F3:F0:16:BF:DC:AE)	0.868	-0.168	-0.034	-16.907	21.484	12.512	-47.61	-79.80	110.09	9.760	20.347	-46.987	-0.60480	-0.32275	0.59186	-0.42380	25.7	null	null	13113	75
2026-05-27T14:26:47.385	WT901BLE68(F3:F0:16:BF:DC:AE)	0.896	0.014	0.044	16.113	-2.808	-16.174	-43.39	-79.73	106.73	9.760	20.347	-46.987	-0.60480	-0.32275	0.59186	-0.42380	25.7	null	null	13113	75
2026-05-27T14:26:47.468	WT901BLE68(F3:F0:16:BF:DC:AE)	0.975	-0.021	0.068	14.587	-19.775	-16.357	-41.08	-82.15	105.85	9.760	20.347	-46.987	-0.60480	-0.32275	0.59186	-0.42380	25.7	null	null	13113	75
2026-05-27T14:26:47.597	WT901BLE68(F3:F0:16:BF:DC:AE)	1.016	0.016	0.122	12.939	-35.278	-13.733	-47.78	-85.17	113.19	9.760	20.347	-46.987	-0.60480	-0.32275	0.59186	-0.42380	25.7	null	null	13113	75
2026-05-27T14:26:47.652	WT901BLE68(F3:F0:16:BF:DC:AE)	1.015	-0.084	0.103	-22.644	-35.339	1.648	-107.28	-87.34	171.79	9.760	20.347	-46.987	-0.60480	-0.32275	0.59186	-0.42380	25.7	null	null	13113	75
2026-05-27T14:26:47.771	WT901BLE68(F3:F0:16:BF:DC:AE)	1.067	-0.170	0.049	-7.568	-32.837	-0.610	-148.82	-85.67	-147.66	9.760	20.347	-46.987	-0.60480	-0.32275	0.59186	-0.42380	25.7	null	null	13113	75
2026-05-27T14:26:47.871	WT901BLE68(F3:F0:16:BF:DC:AE)	0.982	-0.051	0.043	17.395	-16.296	11.719	-150.58	-83.33	-144.94	9.760	20.347	-46.987	-0.60480	-0.32275	0.59186	-0.42380	25.7	null	null	13113	75
2026-05-27T14:26:47.979	WT901BLE68(F3:F0:16:BF:DC:AE)	0.995	-0.069	-0.152	-1.099	-30.334	7.751	-152.30	-81.02	-143.14	9.320	20.227	-47.173	-0.60480	-0.32275	0.59186	-0.42380	25.7	null	null	13113	75
2026-05-27T14:26:48.073	WT901BLE68(F3:F0:16:BF:DC:AE)	0.980	-0.104	-0.191	13.977	-27.100	3.845	-155.81	-78.43	-138.83	9.320	20.227	-47.173	-0.60480	-0.32275	0.59186	-0.42380	25.7	null	null	13113	75
2026-05-27T14:26:48.191	WT901BLE68(F3:F0:16:BF:DC:AE)	0.966	-0.107	-0.227	3.540	-21.790	6.042	-157.17	-76.05	-136.08	9.320	20.227	-47.173	-0.51511	-0.39438	0.66498	-0.36990	25.7	null	null	13113	75
2026-05-27T14:26:48.282	WT901BLE68(F3:F0:16:BF:DC:AE)	0.951	-0.125	-0.278	8.423	-18.311	4.700	-157.30	-74.11	-135.18	9.320	20.227	-47.173	-0.51511	-0.39438	0.66498	-0.36990	25.7	null	null	13113	75
2026-05-27T14:26:48.401	WT901BLE68(F3:F0:16:BF:DC:AE)	0.951	-0.131	-0.307	11.230	-13.428	3.967	-157.04	-72.49	-134.09	9.320	20.227	-47.173	-0.51511	-0.39438	0.66498	-0.36990	25.7	null	null	13113	75
2026-05-27T14:26:48.459	WT901BLE68(F3:F0:16:BF:DC:AE)	0.937	-0.142	-0.302	10.071	-9.155	2.136	-156.46	-71.30	-133.28	9.320	20.227	-47.173	-0.51511	-0.39438	0.66498	-0.36990	25.7	null	null	13113	75
2026-05-27T14:26:48.583	WT901BLE68(F3:F0:16:BF:DC:AE)	0.940	-0.220	-0.305	13.733	-10.498	2.014	-156.03	-70.27	-132.39	9.320	20.227	-47.173	-0.51511	-0.39438	0.66498	-0.36990	25.7	null	null	13113	75
2026-05-27T14:26:48.670	WT901BLE68(F3:F0:16:BF:DC:AE)	0.938	-0.201	-0.294	-0.854	-6.287	0.732	-155.74	-69.52	-132.05	9.320	20.227	-47.173	-0.51511	-0.39438	0.66498	-0.36990	25.7	null	null	13113	75
2026-05-27T14:26:48.795	WT901BLE68(F3:F0:16:BF:DC:AE)	0.926	-0.204	-0.362	10.986	-6.165	-5.859	-156.19	-68.97	-130.99	9.320	20.227	-47.173	-0.51511	-0.39438	0.66498	-0.36990	25.7	null	null	13113	75
2026-05-27T14:26:48.882	WT901BLE68(F3:F0:16:BF:DC:AE)	0.911	-0.078	-0.368	-5.127	-0.427	4.272	-156.23	-68.81	-130.13	2.007	14.167	-59.987	-0.51511	-0.39438	0.66498	-0.36990	25.7	null	null	13113	75
2026-05-27T14:26:49.004	WT901BLE68(F3:F0:16:BF:DC:AE)	0.930	-0.174	-0.314	-8.057	1.404	1.038	-156.40	-68.77	-130.64	2.007	14.167	-59.987	-0.51511	-0.39438	0.66498	-0.36990	25.7	null	null	13113	75
2026-05-27T14:26:49.059	WT901BLE68(F3:F0:16:BF:DC:AE)	0.937	-0.157	-0.334	11.108	-0.183	-4.211	-156.59	-68.80	-130.01	2.007	14.167	-59.987	-0.43210	-0.44260	0.68576	-0.38345	25.7	null	null	13113	75
2026-05-27T14:26:49.184	WT901BLE68(F3:F0:16:BF:DC:AE)	0.932	-0.125	-0.354	-10.437	2.502	2.075	-156.65	-68.90	-129.97	2.007	14.167	-59.987	-0.43210	-0.44260	0.68576	-0.38345	25.7	null	null	13113	75
2026-05-27T14:26:49.270	WT901BLE68(F3:F0:16:BF:DC:AE)	0.925	-0.154	-0.325	-6.714	2.747	0.488	-156.78	-69.09	-130.59	2.007	14.167	-59.987	-0.43210	-0.44260	0.68576	-0.38345	25.7	null	null	13113	75
2026-05-27T14:26:49.394	WT901BLE68(F3:F0:16:BF:DC:AE)	0.930	-0.136	-0.351	0.488	-0.671	-0.854	-157.17	-69.04	-130.25	2.007	14.167	-59.987	-0.43210	-0.44260	0.68576	-0.38345	25.7	null	null	13113	75
2026-05-27T14:26:49.481	WT901BLE68(F3:F0:16:BF:DC:AE)	0.924	-0.099	-0.369	-14.648	3.906	4.395	-157.58	-69.04	-130.60	2.007	14.167	-59.987	-0.43210	-0.44260	0.68576	-0.38345	25.7	null	null	13113	75
2026-05-27T14:26:49.603	WT901BLE68(F3:F0:16:BF:DC:AE)	0.933	-0.148	-0.319	-9.338	4.333	4.761	-157.36	-69.20	-132.21	2.007	14.167	-59.987	-0.43210	-0.44260	0.68576	-0.38345	25.7	null	null	13113	75
2026-05-27T14:26:49.721	WT901BLE68(F3:F0:16:BF:DC:AE)	0.938	-0.144	-0.301	-3.235	2.014	2.380	-156.68	-69.35	-133.31	2.007	14.167	-59.987	-0.43210	-0.44260	0.68576	-0.38345	25.7	null	null	13113	75
2026-05-27T14:26:49.780	WT901BLE68(F3:F0:16:BF:DC:AE)	0.936	-0.151	-0.319	-0.427	2.197	1.099	-156.41	-69.44	-133.68	3.040	15.747	-56.993	-0.43210	-0.44260	0.68576	-0.38345	25.7	null	null	13113	75
2026-05-27T14:26:49.873	WT901BLE68(F3:F0:16:BF:DC:AE)	0.928	-0.155	-0.321	3.174	1.953	0.305	-155.71	-69.60	-134.11	3.040	15.747	-56.993	-0.43210	-0.44260	0.68576	-0.38345	25.7	null	null	13113	75
2026-05-27T14:26:49.991	WT901BLE68(F3:F0:16:BF:DC:AE)	0.933	-0.148	-0.314	13.916	1.282	-2.686	-154.82	-69.80	-133.97	3.040	15.747	-56.993	-0.44580	-0.42462	0.69092	-0.37878	25.7	null	null	13113	75
2026-05-27T14:26:50.085	WT901BLE68(F3:F0:16:BF:DC:AE)	0.939	-0.174	-0.307	20.996	-0.793	-4.028	-153.89	-69.89	-133.01	3.040	15.747	-56.993	-0.44580	-0.42462	0.69092	-0.37878	25.7	null	null	13113	75
2026-05-27T14:26:50.201	WT901BLE68(F3:F0:16:BF:DC:AE)	0.931	-0.152	-0.317	20.020	-6.348	-3.784	-153.13	-69.69	-131.63	3.040	15.747	-56.993	-0.44580	-0.42462	0.69092	-0.37878	25.7	null	null	13113	75
2026-05-27T14:26:50.290	WT901BLE68(F3:F0:16:BF:DC:AE)	0.934	-0.118	-0.320	10.315	-2.136	-4.456	-153.33	-69.45	-129.97	3.040	15.747	-56.993	-0.44580	-0.42462	0.69092	-0.37878	25.7	null	null	13113	75
2026-05-27T14:26:50.413	WT901BLE68(F3:F0:16:BF:DC:AE)	0.939	-0.136	-0.312	5.920	-2.747	2.502	-153.38	-69.42	-129.42	3.040	15.747	-56.993	-0.44580	-0.42462	0.69092	-0.37878	25.7	null	null	13113	75
2026-05-27T14:26:50.473	WT901BLE68(F3:F0:16:BF:DC:AE)	0.924	-0.164	-0.338	-20.813	8.850	3.845	-152.53	-69.57	-130.80	3.040	15.747	-56.993	-0.44580	-0.42462	0.69092	-0.37878	25.7	null	null	13113	75
2026-05-27T14:26:50.591	WT901BLE68(F3:F0:16:BF:DC:AE)	0.944	-0.209	-0.286	-13.062	10.925	-1.648	-153.07	-70.27	-132.23	3.040	15.747	-56.993	-0.44580	-0.42462	0.69092	-0.37878	25.7	null	null	13113	75
2026-05-27T14:26:50.680	WT901BLE68(F3:F0:16:BF:DC:AE)	0.948	-0.167	-0.278	-19.836	8.911	-3.540	-153.63	-71.16	-133.22	3.260	13.433	-58.773	-0.44580	-0.42462	0.69092	-0.37878	25.7	null	null	13113	75
2026-05-27T14:26:50.803	WT901BLE68(F3:F0:16:BF:DC:AE)	0.939	-0.181	-0.301	-13.611	9.888	-4.272	-154.96	-72.02	-133.70	3.260	13.433	-58.773	-0.44580	-0.42462	0.69092	-0.37878	25.7	null	null	13113	75
2026-05-27T14:26:50.894	WT901BLE68(F3:F0:16:BF:DC:AE)	0.950	-0.067	-0.231	-5.432	28.748	-5.859	-154.41	-73.70	-134.74	3.260	13.433	-58.773	-0.46335	-0.42496	0.67538	-0.38531	25.7	null	null	13113	75
2026-05-27T14:26:51.011	WT901BLE68(F3:F0:16:BF:DC:AE)	0.988	-0.154	-0.141	-8.972	35.461	3.784	-150.33	-76.23	-140.05	3.260	13.433	-58.773	-0.46335	-0.42496	0.67538	-0.38531	25.7	null	null	13113	75
2026-05-27T14:26:51.104	WT901BLE68(F3:F0:16:BF:DC:AE)	1.018	-0.155	0.009	11.047	70.374	9.155	-134.38	-79.69	-156.11	3.260	13.433	-58.773	-0.46335	-0.42496	0.67538	-0.38531	25.7	null	null	13113	75
2026-05-27T14:26:51.223	WT901BLE68(F3:F0:16:BF:DC:AE)	1.069	0.009	0.002	-14.587	77.637	10.132	-85.07	-81.50	154.58	3.260	13.433	-58.773	-0.46335	-0.42496	0.67538	-0.38531	25.7	null	null	13113	75
2026-05-27T14:26:51.282	WT901BLE68(F3:F0:16:BF:DC:AE)	0.951	-0.182	-0.003	-19.775	28.076	-3.540	-56.14	-79.13	122.59	3.260	13.433	-58.773	-0.46335	-0.42496	0.67538	-0.38531	25.7	null	null	13113	75
2026-05-27T14:26:51.401	WT901BLE68(F3:F0:16:BF:DC:AE)	0.890	-0.214	0.028	13.977	-8.545	-13.306	-51.53	-79.63	117.14	3.260	13.433	-58.773	-0.46335	-0.42496	0.67538	-0.38531	25.7	null	null	13113	75
2026-05-27T14:26:51.492	WT901BLE68(F3:F0:16:BF:DC:AE)	0.958	-0.103	0.071	28.320	-23.926	-12.146	-53.93	-81.60	122.03	3.260	13.433	-58.773	-0.46335	-0.42496	0.67538	-0.38531	25.7	null	null	13113	75
2026-05-27T14:26:51.612	WT901BLE68(F3:F0:16:BF:DC:AE)	1.124	-0.011	0.221	9.949	-10.071	-4.578	-62.75	-83.63	132.83	15.220	17.800	-40.360	-0.46335	-0.42496	0.67538	-0.38531	25.7	null	null	13113	75
2026-05-27T14:26:51.701	WT901BLE68(F3:F0:16:BF:DC:AE)	0.996	-0.005	0.092	-33.020	7.813	1.526	-58.10	-83.47	127.19	15.220	17.800	-40.360	-0.46335	-0.42496	0.67538	-0.38531	25.7	null	null	13113	75
2026-05-27T14:26:51.821	WT901BLE68(F3:F0:16:BF:DC:AE)	0.952	-0.159	0.039	-19.592	1.099	1.282	-57.14	-83.17	123.03	15.220	17.800	-40.360	-0.58514	-0.35275	0.58649	-0.43484	25.7	null	null	13113	75
2026-05-27T14:26:51.882	WT901BLE68(F3:F0:16:BF:DC:AE)	1.002	-0.103	0.089	12.939	-7.385	-2.258	-59.89	-83.40	125.44	15.220	17.800	-40.360	-0.58514	-0.35275	0.58649	-0.43484	25.7	null	null	13113	75
2026-05-27T14:26:52.005	WT901BLE68(F3:F0:16:BF:DC:AE)	1.020	-0.056	0.119	-7.996	0.488	2.258	-61.18	-83.65	127.22	15.220	17.800	-40.360	-0.58514	-0.35275	0.58649	-0.43484	25.7	null	null	13113	75
2026-05-27T14:26:52.090	WT901BLE68(F3:F0:16:BF:DC:AE)	1.149	-0.188	0.279	52.551	12.329	34.180	-62.84	-81.72	129.22	15.220	17.800	-40.360	-0.58514	-0.35275	0.58649	-0.43484	25.7	null	null	13113	75
2026-05-27T14:26:52.213	WT901BLE68(F3:F0:16:BF:DC:AE)	1.012	-0.033	-0.177	-21.729	29.358	17.456	-47.64	-77.74	114.55	15.220	17.800	-40.360	-0.58514	-0.35275	0.58649	-0.43484	25.7	null	null	13113	75
2026-05-27T14:26:52.300	WT901BLE68(F3:F0:16:BF:DC:AE)	0.805	-0.141	0.203	17.334	-5.798	-16.052	-45.76	-77.35	114.25	15.220	17.800	-40.360	-0.58514	-0.35275	0.58649	-0.43484	25.7	null	null	13113	75
2026-05-27T14:26:52.421	WT901BLE68(F3:F0:16:BF:DC:AE)	0.957	-0.103	0.215	41.809	-35.278	-13.428	-45.08	-80.45	115.79	15.220	17.800	-40.360	-0.58514	-0.35275	0.58649	-0.43484	25.7	null	null	13113	75
2026-05-27T14:26:52.480	WT901BLE68(F3:F0:16:BF:DC:AE)	0.952	-0.088	0.024	-47.302	-25.391	-4.028	-50.67	-82.61	120.77	15.813	15.340	-40.873	-0.58514	-0.35275	0.58649	-0.43484	25.7	null	null	13113	75
2026-05-27T14:26:52.631	WT901BLE68(F3:F0:16:BF:DC:AE)	0.988	-0.149	0.173	-27.283	-33.691	2.747	-73.00	-83.13	139.49	15.813	15.340	-40.873	-0.58514	-0.35275	0.58649	-0.43484	25.7	null	null	13113	75
2026-05-27T14:26:52.693	WT901BLE68(F3:F0:16:BF:DC:AE)	1.170	-0.250	0.079	39.673	-35.950	3.174	-104.94	-83.53	171.06	15.813	15.340	-40.873	-0.57147	-0.34955	0.61682	-0.41309	25.7	null	null	13113	75
2026-05-27T14:26:52.813	WT901BLE68(F3:F0:16:BF:DC:AE)	0.926	-0.138	-0.106	-13.245	-35.645	8.362	-125.54	-81.77	-166.25	15.813	15.340	-40.873	-0.57147	-0.34955	0.61682	-0.41309	25.7	null	null	13113	75
2026-05-27T14:26:52.900	WT901BLE68(F3:F0:16:BF:DC:AE)	0.974	-0.183	-0.198	3.906	-36.865	-0.977	-136.66	-79.22	-155.34	15.813	15.340	-40.873	-0.57147	-0.34955	0.61682	-0.41309	25.7	null	null	13113	75
2026-05-27T14:26:53.024	WT901BLE68(F3:F0:16:BF:DC:AE)	0.979	-0.066	-0.225	17.517	-35.583	-5.371	-146.43	-76.66	-143.31	15.813	15.340	-40.873	-0.57147	-0.34955	0.61682	-0.41309	25.7	null	null	13113	75
2026-05-27T14:26:53.111	WT901BLE68(F3:F0:16:BF:DC:AE)	0.950	-0.156	-0.278	11.047	-40.222	-9.521	-155.06	-73.48	-133.42	15.813	15.340	-40.873	-0.57147	-0.34955	0.61682	-0.41309	25.7	null	null	13113	75
2026-05-27T14:26:53.234	WT901BLE68(F3:F0:16:BF:DC:AE)	0.967	-0.174	-0.264	33.264	-18.738	-7.263	-158.64	-71.26	-127.17	15.813	15.340	-40.873	-0.57147	-0.34955	0.61682	-0.41309	25.7	null	null	13113	75
2026-05-27T14:26:53.291	WT901BLE68(F3:F0:16:BF:DC:AE)	0.935	-0.150	-0.335	12.207	-8.362	-1.221	-158.35	-70.43	-125.30	15.813	15.340	-40.873	-0.57147	-0.34955	0.61682	-0.41309	25.7	null	null	13113	75
2026-05-27T14:26:53.412	WT901BLE68(F3:F0:16:BF:DC:AE)	0.923	-0.114	-0.341	20.508	-0.610	1.831	-156.53	-70.14	-125.21	0.080	12.887	-61.120	-0.57147	-0.34955	0.61682	-0.41309	25.7	null	null	13113	75
2026-05-27T14:26:53.501	WT901BLE68(F3:F0:16:BF:DC:AE)	0.932	-0.144	-0.340	4.578	1.953	5.005	-154.76	-70.02	-126.18	0.080	12.887	-61.120	-0.57147	-0.34955	0.61682	-0.41309	25.7	null	null	13113	75
2026-05-27T14:26:53.625	WT901BLE68(F3:F0:16:BF:DC:AE)	0.931	-0.146	-0.322	-0.854	0.122	3.723	-153.63	-69.82	-127.20	0.080	12.887	-61.120	-0.41754	-0.47308	0.65607	-0.41388	25.7	null	null	13113	75
2026-05-27T14:26:53.710	WT901BLE68(F3:F0:16:BF:DC:AE)	0.928	-0.164	-0.334	-6.531	1.465	3.784	-153.05	-69.68	-128.38	0.080	12.887	-61.120	-0.41754	-0.47308	0.65607	-0.41388	25.7	null	null	13113	75
2026-05-27T14:26:53.865	WT901BLE68(F3:F0:16:BF:DC:AE)	0.917	-0.159	-0.348	-2.319	-3.235	0.244	-153.18	-69.40	-128.68	0.080	12.887	-61.120	-0.41754	-0.47308	0.65607	-0.41388	25.7	null	null	13113	75
2026-05-27T14:26:53.890	WT901BLE68(F3:F0:16:BF:DC:AE)	0.922	-0.128	-0.360	-6.653	-2.625	1.587	-153.87	-69.03	-128.27	0.080	12.887	-61.120	-0.41754	-0.47308	0.65607	-0.41388	25.7	null	null	13113	75
2026-05-27T14:26:54.044	WT901BLE68(F3:F0:16:BF:DC:AE)	0.921	-0.144	-0.353	-4.395	-0.610	0.183	-154.62	-68.72	-128.13	0.080	12.887	-61.120	-0.41754	-0.47308	0.65607	-0.41388	25.7	null	null	13113	75
2026-05-27T14:26:54.102	WT901BLE68(F3:F0:16:BF:DC:AE)	0.927	-0.167	-0.333	-11.902	1.526	2.075	-155.26	-68.63	-128.48	0.080	12.887	-61.120	-0.41754	-0.47308	0.65607	-0.41388	25.7	null	null	13113	75
2026-05-27T14:26:54.219	WT901BLE68(F3:F0:16:BF:DC:AE)	0.938	-0.172	-0.301	-8.240	3.113	3.845	-155.20	-68.70	-129.47	0.080	12.887	-61.120	-0.41754	-0.47308	0.65607	-0.41388	25.7	null	null	13113	75
2026-05-27T14:26:54.311	WT901BLE68(F3:F0:16:BF:DC:AE)	0.940	-0.192	-0.305	-8.484	4.089	3.723	-154.46	-68.95	-131.11	0.527	11.560	-60.473	-0.41754	-0.47308	0.65607	-0.41388	25.7	null	null	13113	75
2026-05-27T14:26:54.432	WT901BLE68(F3:F0:16:BF:DC:AE)	0.920	-0.163	-0.340	-4.639	1.953	1.709	-153.90	-69.10	-132.15	0.527	11.560	-60.473	-0.41754	-0.47308	0.65607	-0.41388	25.7	null	null	13113	75
2026-05-27T14:26:54.520	WT901BLE68(F3:F0:16:BF:DC:AE)	0.928	-0.157	-0.325	4.822	-0.061	-2.747	-153.89	-69.11	-131.93	0.527	11.560	-60.473	-0.42975	-0.44205	0.68164	-0.39389	25.7	null	null	13113	75
2026-05-27T14:26:54.644	WT901BLE68(F3:F0:16:BF:DC:AE)	0.925	-0.164	-0.325	9.094	-0.671	-3.967	-153.97	-69.15	-130.96	0.527	11.560	-60.473	-0.42975	-0.44205	0.68164	-0.39389	25.7	null	null	13113	75
2026-05-27T14:26:54.700	WT901BLE68(F3:F0:16:BF:DC:AE)	0.933	-0.167	-0.306	13.550	-1.831	-5.798	-154.09	-69.19	-129.51	0.527	11.560	-60.473	-0.42975	-0.44205	0.68164	-0.39389	25.7	null	null	13113	75
2026-05-27T14:26:54.824	WT901BLE68(F3:F0:16:BF:DC:AE)	0.922	-0.142	-0.322	12.512	-2.625	-6.104	-154.30	-69.25	-127.83	0.527	11.560	-60.473	-0.42975	-0.44205	0.68164	-0.39389	25.7	null	null	13113	75
2026-05-27T14:26:54.913	WT901BLE68(F3:F0:16:BF:DC:AE)	0.929	-0.140	-0.318	14.587	-3.418	-7.263	-154.93	-69.22	-125.64	0.527	11.560	-60.473	-0.42975	-0.44205	0.68164	-0.39389	25.7	null	null	13113	75
2026-05-27T14:26:55.033	WT901BLE68(F3:F0:16:BF:DC:AE)	0.946	-0.147	-0.319	4.333	-0.122	-3.113	-155.44	-69.23	-124.18	0.527	11.560	-60.473	-0.42975	-0.44205	0.68164	-0.39389	25.7	null	null	13113	75
2026-05-27T14:26:55.122	WT901BLE68(F3:F0:16:BF:DC:AE)	0.929	-0.133	-0.337	-2.319	4.089	-2.319	-155.81	-69.48	-124.00	0.527	11.560	-60.473	-0.42975	-0.44205	0.68164	-0.39389	25.7	null	null	13113	75
2026-05-27T14:26:55.244	WT901BLE68(F3:F0:16:BF:DC:AE)	0.929	-0.144	-0.327	-8.118	5.310	-1.404	-156.36	-69.97	-124.15	0.107	10.627	-62.827	-0.42975	-0.44205	0.68164	-0.39389	25.7	null	null	13113	75
2026-05-27T14:26:55.300	WT901BLE68(F3:F0:16:BF:DC:AE)	0.924	-0.155	-0.332	-16.479	2.930	-1.831	-157.56	-70.32	-124.28	0.107	10.627	-62.827	-0.42975	-0.44205	0.68164	-0.39389	25.7	null	null	13113	75
2026-05-27T14:26:55.451	WT901BLE68(F3:F0:16:BF:DC:AE)	0.940	-0.138	-0.294	-16.907	5.188	-5.859	-159.61	-70.80	-123.97	0.107	10.627	-62.827	-0.42883	-0.47101	0.65839	-0.40085	25.7	null	null	13113	75
2026-05-27T14:26:55.509	WT901BLE68(F3:F0:16:BF:DC:AE)	0.937	-0.140	-0.308	-14.709	9.033	-9.277	-162.56	-71.55	-122.70	0.107	10.627	-62.827	-0.42883	-0.47101	0.65839	-0.40085	25.7	null	null	13113	75
2026-05-27T14:26:55.634	WT901BLE68(F3:F0:16:BF:DC:AE)	0.952	-0.066	-0.277	-15.076	12.207	-11.475	-165.35	-72.76	-121.08	0.107	10.627	-62.827	-0.42883	-0.47101	0.65839	-0.40085	25.7	null	null	13113	75
2026-05-27T14:26:55.721	WT901BLE68(F3:F0:16:BF:DC:AE)	0.975	-0.043	-0.226	-19.409	13.489	-6.531	-168.79	-74.16	-119.40	0.107	10.627	-62.827	-0.42883	-0.47101	0.65839	-0.40085	25.7	null	null	13113	75
2026-05-27T14:26:55.843	WT901BLE68(F3:F0:16:BF:DC:AE)	0.966	0.004	-0.224	-18.616	23.743	-2.563	-170.44	-76.26	-119.25	0.107	10.627	-62.827	-0.42883	-0.47101	0.65839	-0.40085	25.7	null	null	13113	75
2026-05-27T14:26:55.934	WT901BLE68(F3:F0:16:BF:DC:AE)	0.988	-0.007	-0.197	-16.724	24.353	-0.854	-171.56	-78.58	-120.32	0.107	10.627	-62.827	-0.42883	-0.47101	0.65839	-0.40085	25.7	null	null	13113	75
2026-05-27T14:26:56.050	WT901BLE68(F3:F0:16:BF:DC:AE)	0.999	0.023	-0.144	-13.611	25.757	0.122	-171.85	-80.89	-121.39	0.107	10.627	-62.827	-0.42883	-0.47101	0.65839	-0.40085	25.7	null	null	13113	75
2026-05-27T14:26:56.110	WT901BLE68(F3:F0:16:BF:DC:AE)	1.012	0.005	-0.047	-15.320	29.724	4.028	-167.64	-83.72	-126.86	5.960	21.867	-49.147	-0.42883	-0.47101	0.65839	-0.40085	25.7	null	null	13113	75
2026-05-27T14:26:56.232	WT901BLE68(F3:F0:16:BF:DC:AE)	1.032	-0.033	0.000	4.089	38.818	7.446	-148.44	-86.67	-147.09	5.960	21.867	-49.147	-0.42883	-0.47101	0.65839	-0.40085	25.7	null	null	13113	75
2026-05-27T14:26:56.321	WT901BLE68(F3:F0:16:BF:DC:AE)	0.965	-0.000	-0.038	-10.071	23.499	3.174	-80.97	-87.75	145.27	5.960	21.867	-49.147	-0.58310	-0.37231	0.61203	-0.38297	25.7	null	null	13113	75
2026-05-27T14:26:56.442	WT901BLE68(F3:F0:16:BF:DC:AE)	0.986	0.016	-0.019	-13.794	2.136	-2.686	-58.57	-87.39	121.44	5.960	21.867	-49.147	-0.58310	-0.37231	0.61203	-0.38297	25.7	null	null	13113	75
2026-05-27T14:26:56.534	WT901BLE68(F3:F0:16:BF:DC:AE)	0.962	-0.016	0.039	-16.968	-3.174	-2.930	-52.29	-87.71	113.81	5.960	21.867	-49.147	-0.58310	-0.37231	0.61203	-0.38297	25.7	null	null	13113	75
2026-05-27T14:26:56.653	WT901BLE68(F3:F0:16:BF:DC:AE)	0.978	-0.048	0.039	-11.353	-7.874	-2.747	-62.80	-88.27	122.64	5.960	21.867	-49.147	-0.58310	-0.37231	0.61203	-0.38297	25.7	null	null	13113	75
2026-05-27T14:26:56.712	WT901BLE68(F3:F0:16:BF:DC:AE)	0.989	-0.021	0.006	1.099	-11.963	-4.761	-89.71	-88.91	149.32	5.960	21.867	-49.147	-0.58310	-0.37231	0.61203	-0.38297	25.7	null	null	13113	75
2026-05-27T14:26:56.862	WT901BLE68(F3:F0:16:BF:DC:AE)	1.001	0.008	0.008	-3.601	-15.686	-3.967	-150.29	-88.47	-150.22	5.960	21.867	-49.147	-0.58310	-0.37231	0.61203	-0.38297	25.7	null	null	13113	75
2026-05-27T14:26:56.921	WT901BLE68(F3:F0:16:BF:DC:AE)	1.023	-0.014	-0.004	-4.089	-10.498	-1.343	-171.77	-87.43	-129.17	5.960	21.867	-49.147	-0.58310	-0.37231	0.61203	-0.38297	25.7	null	null	13113	75
2026-05-27T14:26:57.041	WT901BLE68(F3:F0:16:BF:DC:AE)	1.034	-0.022	0.037	-5.615	6.348	5.127	-170.36	-87.15	-130.91	8.540	24.420	-41.013	-0.58310	-0.37231	0.61203	-0.38297	25.7	null	null	13113	75
2026-05-27T14:26:57.132	WT901BLE68(F3:F0:16:BF:DC:AE)	0.988	-0.011	-0.001	-10.254	11.414	9.338	-144.43	-87.92	-157.59	8.540	24.420	-41.013	-0.58310	-0.37231	0.61203	-0.38297	25.7	null	null	13113	75
2026-05-27T14:26:57.252	WT901BLE68(F3:F0:16:BF:DC:AE)	0.988	-0.043	-0.015	-6.287	6.775	8.362	-106.12	-87.82	163.08	8.540	24.420	-41.013	-0.60785	-0.33682	0.63083	-0.34497	25.7	null	null	13113	75
2026-05-27T14:26:57.340	WT901BLE68(F3:F0:16:BF:DC:AE)	0.997	-0.043	0.016	6.592	-1.038	4.700	-97.42	-87.29	154.64	8.540	24.420	-41.013	-0.60785	-0.33682	0.63083	-0.34497	25.7	null	null	13113	75
2026-05-27T14:26:57.467	WT901BLE68(F3:F0:16:BF:DC:AE)	1.023	-0.062	0.048	10.437	5.798	10.010	-92.53	-86.67	150.44	8.540	24.420	-41.013	-0.60785	-0.33682	0.63083	-0.34497	25.7	null	null	13113	75
2026-05-27T14:26:57.523	WT901BLE68(F3:F0:16:BF:DC:AE)	0.967	-0.034	-0.120	-13.977	-12.085	6.226	-96.79	-85.67	154.57	8.540	24.420	-41.013	-0.60785	-0.33682	0.63083	-0.34497	25.7	null	null	13113	75
2026-05-27T14:26:57.642	WT901BLE68(F3:F0:16:BF:DC:AE)	0.972	-0.087	-0.163	7.629	-32.837	-0.061	-123.26	-84.73	-179.06	8.540	24.420	-41.013	-0.60785	-0.33682	0.63083	-0.34497	25.7	null	null	13113	75
2026-05-27T14:26:57.732	WT901BLE68(F3:F0:16:BF:DC:AE)	0.989	-0.013	-0.179	12.451	-48.279	-4.761	-148.49	-81.77	-152.19	8.540	24.420	-41.013	-0.60785	-0.33682	0.63083	-0.34497	25.7	null	null	13113	75
2026-05-27T14:26:57.853	WT901BLE68(F3:F0:16:BF:DC:AE)	0.974	-0.083	-0.077	4.395	-35.339	-6.714	-161.04	-78.44	-137.76	8.540	24.420	-41.013	-0.60785	-0.33682	0.63083	-0.34497	25.7	null	null	13113	75
2026-05-27T14:26:57.940	WT901BLE68(F3:F0:16:BF:DC:AE)	0.968	-0.109	-0.194	15.930	-15.198	-0.122	-163.30	-76.29	-134.37	6.947	20.680	-48.520	-0.60785	-0.33682	0.63083	-0.34497	25.7	null	null	13113	75
2026-05-27T14:26:58.063	WT901BLE68(F3:F0:16:BF:DC:AE)	0.964	-0.108	-0.250	26.917	-19.714	-2.441	-163.11	-74.85	-132.25	6.947	20.680	-48.520	-0.60785	-0.33682	0.63083	-0.34497	25.7	null	null	13113	75
2026-05-27T14:26:58.119	WT901BLE68(F3:F0:16:BF:DC:AE)	0.940	-0.053	-0.294	24.658	-23.254	-6.226	-163.62	-73.02	-128.58	6.947	20.680	-48.520	-0.49155	-0.41028	0.68106	-0.35510	25.7	null	null	13113	75
2026-05-27T14:26:58.274	WT901BLE68(F3:F0:16:BF:DC:AE)	0.949	-0.138	-0.286	26.062	-20.996	-6.836	-165.30	-71.00	-124.51	6.947	20.680	-48.520	-0.49155	-0.41028	0.68106	-0.35510	25.7	null	null	13113	75
2026-05-27T14:26:58.333	WT901BLE68(F3:F0:16:BF:DC:AE)	0.936	-0.063	-0.316	16.907	-4.517	2.014	-163.67	-70.19	-123.06	6.947	20.680	-48.520	-0.49155	-0.41028	0.68106	-0.35510	25.7	null	null	13113	75
2026-05-27T14:26:58.450	WT901BLE68(F3:F0:16:BF:DC:AE)	0.917	-0.144	-0.358	11.719	-3.296	1.892	-162.32	-69.74	-123.63	6.947	20.680	-48.520	-0.49155	-0.41028	0.68106	-0.35510	25.7	null	null	13113	75
2026-05-27T14:26:58.543	WT901BLE68(F3:F0:16:BF:DC:AE)	0.930	-0.096	-0.332	0.549	-1.526	5.737	-160.76	-69.44	-124.22	6.947	20.680	-48.520	-0.49155	-0.41028	0.68106	-0.35510	25.7	null	null	13113	75
2026-05-27T14:26:58.664	WT901BLE68(F3:F0:16:BF:DC:AE)	0.937	-0.138	-0.339	-7.446	-0.793	8.118	-159.70	-69.09	-125.86	6.947	20.680	-48.520	-0.49155	-0.41028	0.68106	-0.35510	25.7	null	null	13113	75
2026-05-27T14:26:58.751	WT901BLE68(F3:F0:16:BF:DC:AE)	0.923	-0.130	-0.353	-21.729	0.427	11.414	-158.77	-68.72	-128.29	6.947	20.680	-48.520	-0.49155	-0.41028	0.68106	-0.35510	25.7	null	null	13113	75
2026-05-27T14:26:58.872	WT901BLE68(F3:F0:16:BF:DC:AE)	0.914	-0.152	-0.377	-18.005	3.723	9.705	-158.18	-68.43	-131.04	1.013	14.213	-59.613	-0.49155	-0.41028	0.68106	-0.35510	25.7	null	null	13113	75
2026-05-27T14:26:58.931	WT901BLE68(F3:F0:16:BF:DC:AE)	0.918	-0.158	-0.358	-24.231	5.432	10.193	-157.63	-68.35	-133.75	1.013	14.213	-59.613	-0.49155	-0.41028	0.68106	-0.35510	25.7	null	null	13113	75
2026-05-27T14:26:59.051	WT901BLE68(F3:F0:16:BF:DC:AE)	0.927	-0.181	-0.308	-18.921	6.348	7.935	-156.94	-68.51	-136.64	1.013	14.213	-59.613	-0.44495	-0.41650	0.70486	-0.36279	25.7	null	null	13113	75
2026-05-27T14:26:59.143	WT901BLE68(F3:F0:16:BF:DC:AE)	0.921	-0.177	-0.326	-1.404	4.089	0.732	-156.03	-68.81	-138.22	1.013	14.213	-59.613	-0.44495	-0.41650	0.70486	-0.36279	25.7	null	null	13113	75
2026-05-27T14:26:59.262	WT901BLE68(F3:F0:16:BF:DC:AE)	0.920	-0.168	-0.339	6.958	0.427	-2.991	-155.64	-68.99	-138.01	1.013	14.213	-59.613	-0.44495	-0.41650	0.70486	-0.36279	25.7	null	null	13113	75
2026-05-27T14:26:59.354	WT901BLE68(F3:F0:16:BF:DC:AE)	0.931	-0.175	-0.321	12.085	-1.038	-5.615	-155.48	-69.09	-136.91	1.013	14.213	-59.613	-0.44495	-0.41650	0.70486	-0.36279	25.7	null	null	13113	75
2026-05-27T14:26:59.470	WT901BLE68(F3:F0:16:BF:DC:AE)	0.931	-0.171	-0.319	22.095	-3.906	-10.071	-155.64	-69.16	-134.65	1.013	14.213	-59.613	-0.44495	-0.41650	0.70486	-0.36279	25.7	null	null	13113	75
2026-05-27T14:26:59.533	WT901BLE68(F3:F0:16:BF:DC:AE)	0.936	-0.150	-0.323	26.367	-4.761	-11.169	-156.04	-69.14	-131.48	1.013	14.213	-59.613	-0.44495	-0.41650	0.70486	-0.36279	25.7	null	null	13113	75
2026-05-27T14:26:59.683	WT901BLE68(F3:F0:16:BF:DC:AE)	0.920	-0.125	-0.349	20.752	-4.272	-9.705	-156.52	-69.14	-128.42	1.013	14.213	-59.613	-0.44495	-0.41650	0.70486	-0.36279	25.7	null	null	13113	75
2026-05-27T14:26:59.739	WT901BLE68(F3:F0:16:BF:DC:AE)	0.926	-0.119	-0.345	17.822	-2.991	-9.705	-157.42	-69.13	-125.43	1.420	13.280	-59.993	-0.44495	-0.41650	0.70486	-0.36279	25.7	null	null	13113	75
2026-05-27T14:26:59.865	WT901BLE68(F3:F0:16:BF:DC:AE)	0.935	-0.103	-0.365	-7.202	0.549	-2.808	-158.70	-69.20	-123.60	1.420	13.280	-59.993	-0.44495	-0.41650	0.70486	-0.36279	25.7	null	null	13113	75
2026-05-27T14:26:59.953	WT901BLE68(F3:F0:16:BF:DC:AE)	0.915	-0.075	-0.361	-24.597	5.981	2.747	-160.24	-69.47	-123.95	1.420	13.280	-59.993	-0.42258	-0.47287	0.66486	-0.39456	25.7	null	null	13113	75
2026-05-27T14:27:00.073	WT901BLE68(F3:F0:16:BF:DC:AE)	0.939	-0.113	-0.315	-22.095	4.150	2.136	-161.81	-69.72	-124.91	1.420	13.280	-59.993	-0.42258	-0.47287	0.66486	-0.39456	25.7	null	null	13113	75
2026-05-27T14:27:00.164	WT901BLE68(F3:F0:16:BF:DC:AE)	0.941	-0.175	-0.294	-14.893	3.662	-0.427	-162.97	-70.00	-125.74	1.420	13.280	-59.993	-0.42258	-0.47287	0.66486	-0.39456	25.7	null	null	13113	75
2026-05-27T14:27:00.287	WT901BLE68(F3:F0:16:BF:DC:AE)	0.936	-0.141	-0.300	1.465	1.953	-6.836	-163.72	-70.41	-125.31	1.420	13.280	-59.993	-0.42258	-0.47287	0.66486	-0.39456	25.7	null	null	13113	75
2026-05-27T14:27:00.340	WT901BLE68(F3:F0:16:BF:DC:AE)	0.930	-0.086	-0.334	4.456	1.709	-12.146	-165.42	-70.83	-123.01	1.420	13.280	-59.993	-0.42258	-0.47287	0.66486	-0.39456	25.7	null	null	13113	75
2026-05-27T14:27:00.462	WT901BLE68(F3:F0:16:BF:DC:AE)	0.944	-0.062	-0.315	-3.235	5.188	-11.536	-168.13	-71.40	-120.08	1.420	13.280	-59.993	-0.42258	-0.47287	0.66486	-0.39456	25.7	null	null	13113	75
2026-05-27T14:27:00.553	WT901BLE68(F3:F0:16:BF:DC:AE)	0.944	-0.014	-0.314	-13.428	9.705	-7.568	-171.35	-72.32	-117.76	1.420	13.280	-59.993	-0.42258	-0.47287	0.66486	-0.39456	25.7	null	null	13113	75
2026-05-27T14:27:00.672	WT901BLE68(F3:F0:16:BF:DC:AE)	0.965	-0.003	-0.271	-11.841	14.587	-4.883	-174.19	-73.47	-116.24	1.133	19.673	-56.833	-0.42258	-0.47287	0.66486	-0.39456	25.7	null	null	13113	75
2026-05-27T14:27:00.761	WT901BLE68(F3:F0:16:BF:DC:AE)	0.968	0.003	-0.247	-16.113	18.799	1.099	-175.50	-75.14	-116.41	1.133	19.673	-56.833	-0.42258	-0.47287	0.66486	-0.39456	25.7	null	null	13113	75
2026-05-27T14:27:00.882	WT901BLE68(F3:F0:16:BF:DC:AE)	0.982	-0.013	-0.192	-14.587	18.860	1.160	-175.99	-77.00	-117.58	1.133	19.673	-56.833	-0.50650	-0.43338	0.65973	-0.34680	25.7	null	null	13113	75
2026-05-27T14:27:00.940	WT901BLE68(F3:F0:16:BF:DC:AE)	0.972	-0.027	-0.177	-1.953	13.672	-4.089	-176.81	-78.69	-117.62	1.133	19.673	-56.833	-0.50650	-0.43338	0.65973	-0.34680	25.7	null	null	13113	75
2026-05-27T14:27:01.064	WT901BLE68(F3:F0:16:BF:DC:AE)	0.981	0.014	-0.158	9.399	9.155	-8.911	179.85	-79.65	-113.78	1.133	19.673	-56.833	-0.50650	-0.43338	0.65973	-0.34680	25.7	null	null	13113	75
2026-05-27T14:27:01.152	WT901BLE68(F3:F0:16:BF:DC:AE)	1.014	0.073	-0.144	-6.042	13.794	-0.244	177.41	-80.77	-111.18	1.133	19.673	-56.833	-0.50650	-0.43338	0.65973	-0.34680	25.7	null	null	13113	75
2026-05-27T14:27:01.275	WT901BLE68(F3:F0:16:BF:DC:AE)	0.997	-0.000	-0.107	-18.677	23.621	6.470	177.48	-82.81	-113.03	1.133	19.673	-56.833	-0.50650	-0.43338	0.65973	-0.34680	25.7	null	null	13113	75
2026-05-27T14:27:01.361	WT901BLE68(F3:F0:16:BF:DC:AE)	1.010	0.002	-0.059	-6.226	28.320	7.507	-177.22	-85.35	-119.70	1.133	19.673	-56.833	-0.50650	-0.43338	0.65973	-0.34680	25.7	null	null	13113	75
2026-05-27T14:27:01.482	WT901BLE68(F3:F0:16:BF:DC:AE)	0.983	0.031	-0.049	-4.700	20.935	5.310	-158.76	-87.69	-138.74	1.133	19.673	-56.833	-0.50650	-0.43338	0.65973	-0.34680	25.7	null	null	13113	75
2026-05-27T14:27:01.571	WT901BLE68(F3:F0:16:BF:DC:AE)	0.976	0.029	-0.055	-14.404	7.385	3.662	-121.54	-88.63	-177.13	9.160	24.193	-41.620	-0.50650	-0.43338	0.65973	-0.34680	25.7	null	null	13113	75
2026-05-27T14:27:01.691	WT901BLE68(F3:F0:16:BF:DC:AE)	0.967	-0.050	-0.036	-3.845	-8.911	-5.676	-136.85	-88.65	-163.21	9.160	24.193	-41.620	-0.50650	-0.43338	0.65973	-0.34680	25.7	null	null	13113	75
2026-05-27T14:27:01.750	WT901BLE68(F3:F0:16:BF:DC:AE)	1.016	-0.026	-0.002	15.198	-11.230	-6.348	-172.29	-87.81	-127.25	9.160	24.193	-41.620	-0.60214	-0.35519	0.62265	-0.35135	25.7	null	null	13113	75
2026-05-27T14:27:01.873	WT901BLE68(F3:F0:16:BF:DC:AE)	1.043	0.037	0.012	6.042	-7.690	-0.793	179.08	-86.78	-117.38	9.160	24.193	-41.620	-0.60214	-0.35519	0.62265	-0.35135	25.7	null	null	13113	75
2026-05-27T14:27:01.961	WT901BLE68(F3:F0:16:BF:DC:AE)	0.996	0.040	-0.053	-5.737	2.075	6.470	-176.95	-86.75	-121.27	9.160	24.193	-41.620	-0.60214	-0.35519	0.62265	-0.35135	25.7	null	null	13113	75
2026-05-27T14:27:02.084	WT901BLE68(F3:F0:16:BF:DC:AE)	0.983	0.001	-0.087	-4.333	-5.127	5.615	-170.96	-86.53	-127.97	9.160	24.193	-41.620	-0.60214	-0.35519	0.62265	-0.35135	25.7	null	null	13113	75
2026-05-27T14:27:02.174	WT901BLE68(F3:F0:16:BF:DC:AE)	0.986	-0.047	-0.077	2.930	-13.977	2.258	-167.70	-85.66	-131.48	9.160	24.193	-41.620	-0.60214	-0.35519	0.62265	-0.35135	25.7	null	null	13113	75
2026-05-27T14:27:02.292	WT901BLE68(F3:F0:16:BF:DC:AE)	0.999	-0.043	-0.083	17.883	-24.292	-6.042	-171.44	-83.91	-126.71	9.160	24.193	-41.620	-0.60214	-0.35519	0.62265	-0.35135	25.7	null	null	13113	75
2026-05-27T14:27:02.352	WT901BLE68(F3:F0:16:BF:DC:AE)	1.030	0.033	-0.107	14.771	-26.306	-5.005	-175.98	-81.54	-120.24	9.160	24.193	-41.620	-0.60214	-0.35519	0.62265	-0.35135	25.7	null	null	13113	75
2026-05-27T14:27:02.472	WT901BLE68(F3:F0:16:BF:DC:AE)	1.016	-0.012	-0.188	-0.854	-19.287	2.441	-177.60	-79.29	-117.86	6.227	23.133	-47.153	-0.60214	-0.35519	0.62265	-0.35135	25.7	null	null	13113	75
2026-05-27T14:27:02.563	WT901BLE68(F3:F0:16:BF:DC:AE)	0.967	-0.007	-0.209	-15.747	-5.798	10.437	-175.31	-78.27	-120.84	6.227	23.133	-47.153	-0.60214	-0.35519	0.62265	-0.35135	25.7	null	null	13113	75
2026-05-27T14:27:02.683	WT901BLE68(F3:F0:16:BF:DC:AE)	0.971	-0.045	-0.238	0.977	-13.367	5.493	-172.73	-77.24	-124.26	6.227	23.133	-47.153	-0.53265	-0.40277	0.66327	-0.33765	25.7	null	null	13113	75
2026-05-27T14:27:02.770	WT901BLE68(F3:F0:16:BF:DC:AE)	0.966	-0.025	-0.242	3.174	-14.404	1.343	-171.89	-75.87	-124.62	6.227	23.133	-47.153	-0.53265	-0.40277	0.66327	-0.33765	25.7	null	null	13113	75
2026-05-27T14:27:02.894	WT901BLE68(F3:F0:16:BF:DC:AE)	0.956	-0.060	-0.264	6.470	-16.479	-1.892	-172.30	-74.33	-123.78	6.227	23.133	-47.153	-0.53265	-0.40277	0.66327	-0.33765	25.7	null	null	13113	75
2026-05-27T14:27:02.981	WT901BLE68(F3:F0:16:BF:DC:AE)	0.971	-0.079	-0.240	12.634	-9.705	-0.549	-172.18	-73.14	-122.63	6.227	23.133	-47.153	-0.53265	-0.40277	0.66327	-0.33765	25.7	null	null	13113	75
2026-05-27T14:27:03.104	WT901BLE68(F3:F0:16:BF:DC:AE)	0.944	-0.062	-0.306	3.967	-4.883	3.784	-170.69	-72.61	-123.23	6.227	23.133	-47.153	-0.53265	-0.40277	0.66327	-0.33765	25.7	null	null	13113	75
2026-05-27T14:27:03.160	WT901BLE68(F3:F0:16:BF:DC:AE)	0.932	-0.060	-0.343	14.465	-4.761	0.000	-169.27	-72.15	-123.70	6.227	23.133	-47.153	-0.53265	-0.40277	0.66327	-0.33765	25.7	null	null	13113	75
2026-05-27T14:27:03.284	WT901BLE68(F3:F0:16:BF:DC:AE)	0.941	-0.042	-0.330	12.878	-4.700	1.099	-167.98	-71.63	-123.31	6.227	23.133	-47.153	-0.53265	-0.40277	0.66327	-0.33765	25.7	null	null	13113	75
2026-05-27T14:27:03.370	WT901BLE68(F3:F0:16:BF:DC:AE)	0.945	-0.086	-0.315	8.911	-3.357	3.662	-166.76	-71.14	-123.54	1.507	18.447	-56.467	-0.53265	-0.40277	0.66327	-0.33765	25.7	null	null	13113	75
2026-05-27T14:27:03.490	WT901BLE68(F3:F0:16:BF:DC:AE)	0.938	-0.107	-0.306	7.446	-3.113	3.479	-165.12	-70.78	-124.31	1.507	18.447	-56.467	-0.53265	-0.40277	0.66327	-0.33765	25.7	null	null	13113	75
2026-05-27T14:27:03.580	WT901BLE68(F3:F0:16:BF:DC:AE)	0.940	-0.106	-0.315	15.808	-3.906	0.366	-163.57	-70.41	-124.62	1.507	18.447	-56.467	-0.45554	-0.44525	0.67941	-0.36404	25.7	null	null	13113	75
2026-05-27T14:27:03.703	WT901BLE68(F3:F0:16:BF:DC:AE)	0.937	-0.092	-0.339	-0.122	-1.465	5.249	-162.22	-70.07	-125.11	1.507	18.447	-56.467	-0.45554	-0.44525	0.67941	-0.36404	25.7	null	null	13113	75
2026-05-27T14:27:03.763	WT901BLE68(F3:F0:16:BF:DC:AE)	0.925	-0.115	-0.358	-6.958	2.319	6.958	-161.04	-69.87	-126.81	1.507	18.447	-56.467	-0.45554	-0.44525	0.67941	-0.36404	25.7	null	null	13113	75
2026-05-27T14:27:03.883	WT901BLE68(F3:F0:16:BF:DC:AE)	0.930	-0.124	-0.331	-12.024	4.150	7.629	-159.94	-69.86	-129.00	1.507	18.447	-56.467	-0.45554	-0.44525	0.67941	-0.36404	25.7	null	null	13113	75
2026-05-27T14:27:03.973	WT901BLE68(F3:F0:16:BF:DC:AE)	0.938	-0.117	-0.308	-18.555	4.272	8.911	-158.96	-69.92	-131.45	1.507	18.447	-56.467	-0.45554	-0.44525	0.67941	-0.36404	25.7	null	null	13113	75
2026-05-27T14:27:04.092	WT901BLE68(F3:F0:16:BF:DC:AE)	0.929	-0.147	-0.321	-12.573	1.770	6.042	-158.14	-69.92	-133.92	1.507	18.447	-56.467	-0.45554	-0.44525	0.67941	-0.36404	25.7	null	null	13113	75
2026-05-27T14:27:04.182	WT901BLE68(F3:F0:16:BF:DC:AE)	0.933	-0.185	-0.301	-1.709	-0.916	2.441	-157.33	-69.78	-135.24	1.507	18.447	-56.467	-0.45554	-0.44525	0.67941	-0.36404	25.7	null	null	13113	75
2026-05-27T14:27:04.301	WT901BLE68(F3:F0:16:BF:DC:AE)	0.933	-0.164	-0.315	9.583	-3.845	-3.174	-156.94	-69.59	-134.83	3.060	16.240	-55.867	-0.45554	-0.44525	0.67941	-0.36404	25.7	null	null	13113	75
2026-05-27T14:27:04.392	WT901BLE68(F3:F0:16:BF:DC:AE)	0.926	-0.175	-0.322	17.334	-4.883	-6.531	-156.99	-69.37	-133.12	3.060	16.240	-55.867	-0.45554	-0.44525	0.67941	-0.36404	25.7	null	null	13113	75
2026-05-27T14:27:04.542	WT901BLE68(F3:F0:16:BF:DC:AE)	0.937	-0.142	-0.329	22.217	-5.981	-9.705	-157.41	-69.13	-130.31	3.060	16.240	-55.867	-0.44333	-0.42957	0.69159	-0.37485	25.7	null	null	13113	75
2026-05-27T14:27:04.571	WT901BLE68(F3:F0:16:BF:DC:AE)	0.937	-0.106	-0.333	3.052	-2.563	-2.380	-158.01	-68.98	-128.36	3.060	16.240	-55.867	-0.44333	-0.42957	0.69159	-0.37485	25.7	null	null	13113	75
2026-05-27T14:27:04.692	WT901BLE68(F3:F0:16:BF:DC:AE)	0.923	-0.118	-0.362	7.996	-1.770	-3.296	-158.42	-68.90	-127.42	3.060	16.240	-55.867	-0.44333	-0.42957	0.69159	-0.37485	25.7	null	null	13113	75
2026-05-27T14:27:04.781	WT901BLE68(F3:F0:16:BF:DC:AE)	0.936	-0.113	-0.340	0.000	0.305	0.305	-158.63	-68.80	-126.67	3.060	16.240	-55.867	-0.44333	-0.42957	0.69159	-0.37485	25.7	null	null	13113	75
2026-05-27T14:27:04.903	WT901BLE68(F3:F0:16:BF:DC:AE)	0.927	-0.126	-0.347	-7.080	1.648	2.258	-158.77	-68.83	-127.17	3.060	16.240	-55.867	-0.44333	-0.42957	0.69159	-0.37485	25.7	null	null	13113	75
2026-05-27T14:27:04.993	WT901BLE68(F3:F0:16:BF:DC:AE)	0.930	-0.141	-0.340	-5.981	1.282	2.075	-158.88	-68.85	-127.74	3.060	16.240	-55.867	-0.44333	-0.42957	0.69159	-0.37485	25.7	null	null	13113	75
2026-05-27T14:27:05.109	WT901BLE68(F3:F0:16:BF:DC:AE)	0.932	-0.142	-0.326	-10.132	2.441	2.930	-158.92	-68.92	-128.49	3.060	16.240	-55.867	-0.44333	-0.42957	0.69159	-0.37485	25.7	null	null	13113	75
2026-05-27T14:27:05.171	WT901BLE68(F3:F0:16:BF:DC:AE)	0.932	-0.152	-0.329	-7.385	2.991	1.282	-158.96	-69.07	-129.37	1.547	15.047	-59.187	-0.44333	-0.42957	0.69159	-0.37485	25.7	null	null	13113	75
2026-05-27T14:27:05.292	WT901BLE68(F3:F0:16:BF:DC:AE)	0.926	-0.125	-0.349	-6.409	2.625	0.061	-159.12	-69.27	-129.83	1.547	15.047	-59.187	-0.44333	-0.42957	0.69159	-0.37485	25.7	null	null	13113	75
2026-05-27T14:27:05.383	WT901BLE68(F3:F0:16:BF:DC:AE)	0.924	-0.129	-0.346	-4.272	1.953	-2.075	-159.59	-69.47	-129.77	1.547	15.047	-59.187	-0.44400	-0.43555	0.68933	-0.37131	25.7	null	null	13113	75
2026-05-27T14:27:05.502	WT901BLE68(F3:F0:16:BF:DC:AE)	0.938	-0.147	-0.315	-2.014	1.831	-4.761	-160.57	-69.68	-129.00	1.547	15.047	-59.187	-0.44400	-0.43555	0.68933	-0.37131	25.7	null	null	13113	75
2026-05-27T14:27:05.595	WT901BLE68(F3:F0:16:BF:DC:AE)	0.939	-0.135	-0.317	0.244	2.563	-6.409	-161.58	-70.04	-127.92	1.547	15.047	-59.187	-0.44400	-0.43555	0.68933	-0.37131	25.7	null	null	13113	75
2026-05-27T14:27:05.712	WT901BLE68(F3:F0:16:BF:DC:AE)	0.933	-0.106	-0.323	5.310	2.319	-9.155	-162.83	-70.51	-126.18	1.547	15.047	-59.187	-0.44400	-0.43555	0.68933	-0.37131	25.7	null	null	13113	75
2026-05-27T14:27:05.804	WT901BLE68(F3:F0:16:BF:DC:AE)	0.938	-0.105	-0.300	3.357	2.197	-9.888	-164.65	-70.95	-123.79	1.547	15.047	-59.187	-0.44400	-0.43555	0.68933	-0.37131	25.7	null	null	13113	75
2026-05-27T14:27:05.923	WT901BLE68(F3:F0:16:BF:DC:AE)	0.950	-0.093	-0.294	6.592	1.404	-12.878	-167.14	-71.37	-120.68	1.547	15.047	-59.187	-0.44400	-0.43555	0.68933	-0.37131	25.7	null	null	13113	75
2026-05-27T14:27:05.981	WT901BLE68(F3:F0:16:BF:DC:AE)	0.960	-0.061	-0.301	-0.671	5.066	-10.498	-169.89	-71.92	-117.61	1.547	15.047	-59.187	-0.44400	-0.43555	0.68933	-0.37131	25.7	null	null	13113	75
2026-05-27T14:27:06.102	WT901BLE68(F3:F0:16:BF:DC:AE)	0.937	-0.006	-0.322	-14.526	11.597	-7.507	-173.08	-72.93	-115.48	0.960	19.007	-56.687	-0.44400	-0.43555	0.68933	-0.37131	25.7	null	null	13113	75
2026-05-27T14:27:06.191	WT901BLE68(F3:F0:16:BF:DC:AE)	0.958	0.018	-0.291	-14.893	14.404	-5.859	-176.42	-74.24	-113.63	0.960	19.007	-56.687	-0.44400	-0.43555	0.68933	-0.37131	25.7	null	null	13113	75
2026-05-27T14:27:06.309	WT901BLE68(F3:F0:16:BF:DC:AE)	0.998	0.067	-0.227	-23.743	21.545	3.296	-178.68	-75.93	-113.31	0.960	19.007	-56.687	-0.49512	-0.44971	0.65604	-0.34943	25.7	null	null	13113	75
2026-05-27T14:27:06.405	WT901BLE68(F3:F0:16:BF:DC:AE)	0.956	0.017	-0.228	-50.232	24.963	15.198	-177.71	-78.23	-118.61	0.960	19.007	-56.687	-0.49512	-0.44971	0.65604	-0.34943	25.7	null	null	13113	75
2026-05-27T14:27:06.553	WT901BLE68(F3:F0:16:BF:DC:AE)	0.966	-0.074	-0.211	-12.817	13.672	0.366	-176.56	-79.93	-122.96	0.960	19.007	-56.687	-0.49512	-0.44971	0.65604	-0.34943	25.7	null	null	13113	75
2026-05-27T14:27:06.581	WT901BLE68(F3:F0:16:BF:DC:AE)	0.993	-0.000	-0.097	7.813	2.991	-13.000	178.91	-80.44	-117.86	0.960	19.007	-56.687	-0.49512	-0.44971	0.65604	-0.34943	25.7	null	null	13113	75
2026-05-27T14:27:06.702	WT901BLE68(F3:F0:16:BF:DC:AE)	1.021	0.015	-0.063	-1.953	4.211	-7.202	173.35	-80.85	-112.24	0.960	19.007	-56.687	-0.49512	-0.44971	0.65604	-0.34943	25.7	null	null	13113	75
2026-05-27T14:27:06.791	WT901BLE68(F3:F0:16:BF:DC:AE)	0.995	0.036	-0.117	-2.441	7.019	-4.578	169.34	-81.57	-108.41	0.960	19.007	-56.687	-0.49512	-0.44971	0.65604	-0.34943	25.7	null	null	13113	75
2026-05-27T14:27:06.913	WT901BLE68(F3:F0:16:BF:DC:AE)	0.985	0.061	-0.094	3.601	9.399	-1.282	166.18	-82.52	-105.10	0.960	19.007	-56.687	-0.49512	-0.44971	0.65604	-0.34943	25.7	null	null	13113	75
2026-05-27T14:27:07.002	WT901BLE68(F3:F0:16:BF:DC:AE)	0.982	-0.009	-0.103	9.949	6.226	-3.601	162.94	-83.27	-101.55	4.813	26.053	-44.427	-0.49512	-0.44971	0.65604	-0.34943	25.7	null	null	13113	75
2026-05-27T14:27:07.124	WT901BLE68(F3:F0:16:BF:DC:AE)	1.023	0.033	-0.062	27.649	11.536	-4.761	159.10	-83.81	-95.72	4.813	26.053	-44.427	-0.49512	-0.44971	0.65604	-0.34943	25.7	null	null	13113	75
2026-05-27T14:27:07.214	WT901BLE68(F3:F0:16:BF:DC:AE)	1.000	0.082	-0.018	7.813	29.968	9.033	153.25	-85.94	-87.77	4.813	26.053	-44.427	-0.57794	-0.40543	0.61557	-0.35010	25.7	null	null	13113	75
2026-05-27T14:27:07.332	WT901BLE68(F3:F0:16:BF:DC:AE)	0.991	0.016	-0.061	-6.348	24.414	11.597	132.28	-88.98	-67.38	4.813	26.053	-44.427	-0.57794	-0.40543	0.61557	-0.35010	25.7	null	null	13113	75
2026-05-27T14:27:07.391	WT901BLE68(F3:F0:16:BF:DC:AE)	0.974	-0.004	-0.059	14.832	11.780	4.395	0.27	-89.04	64.46	4.813	26.053	-44.427	-0.57794	-0.40543	0.61557	-0.35010	25.7	null	null	13113	75
2026-05-27T14:27:07.514	WT901BLE68(F3:F0:16:BF:DC:AE)	1.006	0.091	0.022	14.099	5.310	2.563	-8.04	-88.54	74.32	4.813	26.053	-44.427	-0.57794	-0.40543	0.61557	-0.35010	25.7	null	null	13113	75
2026-05-27T14:27:07.600	WT901BLE68(F3:F0:16:BF:DC:AE)	1.011	0.055	0.045	-11.780	5.859	1.465	-6.24	-88.13	72.44	4.813	26.053	-44.427	-0.57794	-0.40543	0.61557	-0.35010	25.7	null	null	13113	75
2026-05-27T14:27:07.722	WT901BLE68(F3:F0:16:BF:DC:AE)	0.976	-0.019	0.022	-10.376	-0.671	2.075	-7.13	-87.84	71.85	4.813	26.053	-44.427	-0.57794	-0.40543	0.61557	-0.35010	25.7	null	null	13113	75
2026-05-27T14:27:07.813	WT901BLE68(F3:F0:16:BF:DC:AE)	0.965	0.005	0.015	-1.465	-10.925	-0.244	-11.93	-88.26	75.99	4.813	26.053	-44.427	-0.57794	-0.40543	0.61557	-0.35010	25.7	null	null	13113	75
2026-05-27T14:27:07.932	WT901BLE68(F3:F0:16:BF:DC:AE)	0.991	0.039	0.002	1.221	-21.057	-5.066	-107.42	-89.87	171.21	10.807	23.100	-42.133	-0.57794	-0.40543	0.61557	-0.35010	25.7	null	null	13113	75
2026-05-27T14:27:07.990	WT901BLE68(F3:F0:16:BF:DC:AE)	1.052	0.044	0.034	-0.977	-17.090	-6.714	162.56	-87.94	-98.81	10.807	23.100	-42.133	-0.57794	-0.40543	0.61557	-0.35010	25.7	null	null	13113	75
2026-05-27T14:27:08.114	WT901BLE68(F3:F0:16:BF:DC:AE)	1.011	-0.000	0.010	-15.808	-10.498	0.854	162.47	-86.68	-99.79	10.807	23.100	-42.133	-0.59158	-0.38370	0.60922	-0.36267	25.7	null	null	13113	75
2026-05-27T14:27:08.200	WT901BLE68(F3:F0:16:BF:DC:AE)	1.013	-0.054	-0.022	-6.104	-5.859	6.287	169.78	-86.35	-108.68	10.807	23.100	-42.133	-0.59158	-0.38370	0.60922	-0.36267	25.7	null	null	13113	75
2026-05-27T14:27:08.321	WT901BLE68(F3:F0:16:BF:DC:AE)	0.999	-0.019	-0.072	8.179	-3.723	5.920	-178.86	-86.16	-119.79	10.807	23.100	-42.133	-0.59158	-0.38370	0.60922	-0.36267	25.7	null	null	13113	75
2026-05-27T14:27:08.415	WT901BLE68(F3:F0:16:BF:DC:AE)	0.976	-0.003	-0.083	-8.545	-5.493	5.981	-171.07	-85.75	-127.54	10.807	23.100	-42.133	-0.59158	-0.38370	0.60922	-0.36267	25.7	null	null	13113	75
2026-05-27T14:27:08.538	WT901BLE68(F3:F0:16:BF:DC:AE)	0.995	-0.010	-0.103	-6.165	-10.254	7.141	-165.70	-84.93	-133.54	10.807	23.100	-42.133	-0.59158	-0.38370	0.60922	-0.36267	25.7	null	null	13113	75
2026-05-27T14:27:08.621	WT901BLE68(F3:F0:16:BF:DC:AE)	0.999	-0.017	-0.125	-2.930	-19.165	3.235	-165.33	-83.34	-134.24	10.807	23.100	-42.133	-0.59158	-0.38370	0.60922	-0.36267	25.7	null	null	13113	75
2026-05-27T14:27:08.745	WT901BLE68(F3:F0:16:BF:DC:AE)	0.975	-0.049	-0.137	0.305	-26.062	-0.244	-168.26	-81.10	-131.42	10.807	23.100	-42.133	-0.59158	-0.38370	0.60922	-0.36267	25.7	null	null	13113	75
2026-05-27T14:27:08.800	WT901BLE68(F3:F0:16:BF:DC:AE)	0.980	-0.073	-0.167	11.841	-24.109	-3.479	-171.05	-78.79	-127.84	6.027	22.440	-47.007	-0.59158	-0.38370	0.60922	-0.36267	25.7	null	null	13113	75
2026-05-27T14:27:08.921	WT901BLE68(F3:F0:16:BF:DC:AE)	0.971	-0.066	-0.229	26.184	-25.696	-10.132	-173.28	-76.57	-123.49	6.027	22.440	-47.007	-0.59158	-0.38370	0.60922	-0.36267	25.7	null	null	13113	75
2026-05-27T14:27:09.011	WT901BLE68(F3:F0:16:BF:DC:AE)	0.962	0.001	-0.272	29.907	-22.766	-10.071	-175.16	-74.31	-118.33	6.027	22.440	-47.007	-0.51535	-0.41217	0.67249	-0.33490	25.7	null	null	13113	75
2026-05-27T14:27:09.133	WT901BLE68(F3:F0:16:BF:DC:AE)	0.967	0.030	-0.292	2.014	-8.118	6.592	-174.46	-72.94	-117.03	6.027	22.440	-47.007	-0.51535	-0.41217	0.67249	-0.33490	25.7	null	null	13113	75
2026-05-27T14:27:09.222	WT901BLE68(F3:F0:16:BF:DC:AE)	0.938	-0.049	-0.342	-3.967	-7.507	8.667	-172.61	-72.22	-119.54	6.027	22.440	-47.007	-0.51535	-0.41217	0.67249	-0.33490	25.7	null	null	13113	75
2026-05-27T14:27:09.344	WT901BLE68(F3:F0:16:BF:DC:AE)	0.952	-0.060	-0.291	3.845	-4.761	8.179	-170.40	-71.49	-121.46	6.027	22.440	-47.007	-0.51535	-0.41217	0.67249	-0.33490	25.7	null	null	13113	75
2026-05-27T14:27:09.404	WT901BLE68(F3:F0:16:BF:DC:AE)	0.929	-0.100	-0.330	-4.883	-3.540	8.728	-168.37	-70.96	-123.77	6.027	22.440	-47.007	-0.51535	-0.41217	0.67249	-0.33490	25.7	null	null	13113	75
2026-05-27T14:27:09.523	WT901BLE68(F3:F0:16:BF:DC:AE)	0.935	-0.094	-0.336	1.404	-3.418	6.042	-166.56	-70.46	-125.52	6.027	22.440	-47.007	-0.51535	-0.41217	0.67249	-0.33490	25.7	null	null	13113	75
2026-05-27T14:27:09.613	WT901BLE68(F3:F0:16:BF:DC:AE)	0.931	-0.118	-0.346	-5.676	-1.892	7.263	-165.01	-70.02	-127.23	6.027	22.440	-47.007	-0.51535	-0.41217	0.67249	-0.33490	25.7	null	null	13113	75
2026-05-27T14:27:09.734	WT901BLE68(F3:F0:16:BF:DC:AE)	0.929	-0.119	-0.348	-0.916	-0.793	4.578	-163.84	-69.69	-128.61	1.320	17.940	-56.560	-0.51535	-0.41217	0.67249	-0.33490	25.7	null	null	13113	75
2026-05-27T14:27:09.820	WT901BLE68(F3:F0:16:BF:DC:AE)	0.933	-0.139	-0.336	1.892	-0.183	2.380	-162.87	-69.48	-129.40	1.320	17.940	-56.560	-0.51535	-0.41217	0.67249	-0.33490	25.7	null	null	13113	75
2026-05-27T14:27:09.940	WT901BLE68(F3:F0:16:BF:DC:AE)	0.921	-0.123	-0.354	5.005	0.183	0.488	-161.81	-69.43	-129.85	1.320	17.940	-56.560	-0.45633	-0.42413	0.69818	-0.35257	25.7	null	null	13113	75
2026-05-27T14:27:10.032	WT901BLE68(F3:F0:16:BF:DC:AE)	0.919	-0.119	-0.356	10.559	-1.160	-2.747	-161.31	-69.33	-129.31	1.320	17.940	-56.560	-0.45633	-0.42413	0.69818	-0.35257	25.7	null	null	13113	75
2026-05-27T14:27:10.153	WT901BLE68(F3:F0:16:BF:DC:AE)	0.923	-0.131	-0.349	8.301	-1.709	-3.723	-161.35	-69.21	-128.24	1.320	17.940	-56.560	-0.45633	-0.42413	0.69818	-0.35257	25.7	null	null	13113	75
2026-05-27T14:27:10.210	WT901BLE68(F3:F0:16:BF:DC:AE)	0.925	-0.125	-0.350	15.015	-3.784	-7.751	-161.82	-69.07	-126.43	1.320	17.940	-56.560	-0.45633	-0.42413	0.69818	-0.35257	25.7	null	null	13113	75
2026-05-27T14:27:10.334	WT901BLE68(F3:F0:16:BF:DC:AE)	0.944	-0.089	-0.320	7.324	-1.221	-3.845	-162.30	-68.98	-124.46	1.320	17.940	-56.560	-0.45633	-0.42413	0.69818	-0.35257	25.7	null	null	13113	75
2026-05-27T14:27:10.421	WT901BLE68(F3:F0:16:BF:DC:AE)	0.930	-0.111	-0.362	-2.441	1.831	-0.610	-162.71	-69.09	-124.05	1.320	17.940	-56.560	-0.45633	-0.42413	0.69818	-0.35257	25.7	null	null	13113	75
2026-05-27T14:27:10.543	WT901BLE68(F3:F0:16:BF:DC:AE)	0.932	-0.101	-0.342	-6.531	4.517	0.793	-162.86	-69.38	-124.22	1.320	17.940	-56.560	-0.45633	-0.42413	0.69818	-0.35257	25.7	null	null	13113	75
2026-05-27T14:27:10.631	WT901BLE68(F3:F0:16:BF:DC:AE)	0.938	-0.135	-0.324	-12.268	4.150	0.549	-163.41	-69.74	-124.91	0.687	15.973	-58.213	-0.45633	-0.42413	0.69818	-0.35257	25.7	null	null	13113	75
2026-05-27T14:27:10.753	WT901BLE68(F3:F0:16:BF:DC:AE)	0.937	-0.112	-0.316	-6.042	2.808	-2.991	-164.12	-70.08	-125.02	0.687	15.973	-58.213	-0.45633	-0.42413	0.69818	-0.35257	25.7	null	null	13113	75
2026-05-27T14:27:10.841	WT901BLE68(F3:F0:16:BF:DC:AE)	0.934	-0.097	-0.328	0.000	2.014	-6.226	-165.28	-70.38	-124.05	0.687	15.973	-58.213	-0.45422	-0.44437	0.68231	-0.36133	25.7	null	null	13113	75
2026-05-27T14:27:10.932	WT901BLE68(F3:F0:16:BF:DC:AE)	0.944	-0.082	-0.327	0.000	3.845	-7.019	-166.70	-70.75	-122.48	0.687	15.973	-58.213	-0.45422	-0.44437	0.68231	-0.36133	25.7	null	null	13113	75
2026-05-27T14:27:11.027	WT901BLE68(F3:F0:16:BF:DC:AE)	0.940	-0.058	-0.340	-8.972	8.057	-3.906	-168.15	-71.42	-121.46	0.687	15.973	-58.213	-0.45422	-0.44437	0.68231	-0.36133	25.7	null	null	13113	75
2026-05-27T14:27:11.144	WT901BLE68(F3:F0:16:BF:DC:AE)	0.945	-0.080	-0.301	-6.042	8.301	-6.531	-169.83	-72.24	-120.55	0.687	15.973	-58.213	-0.45422	-0.44437	0.68231	-0.36133	25.7	null	null	13113	75
2026-05-27T14:27:11.232	WT901BLE68(F3:F0:16:BF:DC:AE)	0.953	-0.052	-0.271	2.014	7.751	-10.437	-172.01	-73.08	-118.24	0.687	15.973	-58.213	-0.45422	-0.44437	0.68231	-0.36133	25.7	null	null	13113	75
2026-05-27T14:27:11.352	WT901BLE68(F3:F0:16:BF:DC:AE)	0.968	-0.036	-0.258	1.404	8.972	-12.329	-175.25	-73.97	-114.79	0.687	15.973	-58.213	-0.45422	-0.44437	0.68231	-0.36133	25.7	null	null	13113	75
2026-05-27T14:27:11.440	WT901BLE68(F3:F0:16:BF:DC:AE)	0.973	0.012	-0.237	1.343	15.930	-8.789	-178.42	-75.42	-111.36	0.687	15.973	-58.213	-0.45422	-0.44437	0.68231	-0.36133	25.7	null	null	13113	75
2026-05-27T14:27:11.560	WT901BLE68(F3:F0:16:BF:DC:AE)	0.986	0.039	-0.217	-6.653	22.705	-2.319	179.38	-77.49	-109.57	1.887	21.593	-54.273	-0.45422	-0.44437	0.68231	-0.36133	25.7	null	null	13113	75
2026-05-27T14:27:11.620	WT901BLE68(F3:F0:16:BF:DC:AE)	0.989	0.045	-0.188	-8.545	26.489	1.892	178.12	-79.93	-109.31	1.887	21.593	-54.273	-0.52853	-0.43668	0.63232	-0.36057	25.7	null	null	13113	75
2026-05-27T14:27:11.744	WT901BLE68(F3:F0:16:BF:DC:AE)	1.000	0.059	-0.131	-12.878	23.499	4.395	177.97	-82.31	-110.47	1.887	21.593	-54.273	-0.52853	-0.43668	0.63232	-0.36057	25.7	null	null	13113	75
2026-05-27T14:27:11.834	WT901BLE68(F3:F0:16:BF:DC:AE)	1.021	0.024	-0.063	-15.137	23.499	6.653	179.92	-84.47	-113.97	1.887	21.593	-54.273	-0.52853	-0.43668	0.63232	-0.36057	25.7	null	null	13113	75
2026-05-27T14:27:11.953	WT901BLE68(F3:F0:16:BF:DC:AE)	0.990	-0.016	-0.009	-16.785	25.635	8.423	-169.83	-86.83	-125.90	1.887	21.593	-54.273	-0.52853	-0.43668	0.63232	-0.36057	25.7	null	null	13113	75
2026-05-27T14:27:12.043	WT901BLE68(F3:F0:16:BF:DC:AE)	0.987	-0.032	0.015	-8.606	29.541	12.024	-90.21	-88.30	153.36	1.887	21.593	-54.273	-0.52853	-0.43668	0.63232	-0.36057	25.7	null	null	13113	75
2026-05-27T14:27:12.164	WT901BLE68(F3:F0:16:BF:DC:AE)	0.963	-0.026	-0.039	-7.813	9.888	3.967	-54.68	-87.02	116.83	1.887	21.593	-54.273	-0.52853	-0.43668	0.63232	-0.36057	25.7	null	null	13113	75
2026-05-27T14:27:12.220	WT901BLE68(F3:F0:16:BF:DC:AE)	0.973	-0.042	-0.020	6.470	-12.695	-4.456	-65.02	-87.54	126.95	1.887	21.593	-54.273	-0.52853	-0.43668	0.63232	-0.36057	25.7	null	null	13113	75
2026-05-27T14:27:12.343	WT901BLE68(F3:F0:16:BF:DC:AE)	1.010	0.025	0.034	7.324	-17.212	-6.653	-110.76	-88.31	173.75	1.887	21.593	-54.273	-0.52853	-0.43668	0.63232	-0.36057	25.7	null	null	13113	75
2026-05-27T14:27:12.430	WT901BLE68(F3:F0:16:BF:DC:AE)	1.028	-0.016	0.037	-12.024	-7.874	-0.977	-145.54	-87.99	-151.92	10.160	22.553	-42.013	-0.52853	-0.43668	0.63232	-0.36057	25.7	null	null	13113	75
2026-05-27T14:27:12.553	WT901BLE68(F3:F0:16:BF:DC:AE)	0.968	-0.067	0.045	4.944	7.019	12.146	-123.70	-87.99	-174.67	10.160	22.553	-42.013	-0.52853	-0.43668	0.63232	-0.36057	25.7	null	null	13113	75
2026-05-27T14:27:12.644	WT901BLE68(F3:F0:16:BF:DC:AE)	0.979	-0.028	-0.050	-0.427	-6.165	4.211	-120.83	-87.25	-177.47	10.160	22.553	-42.013	-0.59473	-0.35507	0.61877	-0.37045	25.7	null	null	13113	75
2026-05-27T14:27:12.760	WT901BLE68(F3:F0:16:BF:DC:AE)	1.031	-0.034	-0.038	1.587	-13.672	2.991	-133.01	-86.33	-165.27	10.160	22.553	-42.013	-0.59473	-0.35507	0.61877	-0.37045	25.7	null	null	13113	75
2026-05-27T14:27:12.855	WT901BLE68(F3:F0:16:BF:DC:AE)	0.986	-0.047	-0.068	4.578	-27.832	-1.709	-148.78	-84.72	-149.22	10.160	22.553	-42.013	-0.59473	-0.35507	0.61877	-0.37045	25.7	null	null	13113	75
2026-05-27T14:27:12.973	WT901BLE68(F3:F0:16:BF:DC:AE)	0.995	-0.055	-0.094	14.038	-28.564	-2.686	-159.85	-82.38	-136.98	10.160	22.553	-42.013	-0.59473	-0.35507	0.61877	-0.37045	25.7	null	null	13113	75
2026-05-27T14:27:13.032	WT901BLE68(F3:F0:16:BF:DC:AE)	0.991	-0.053	-0.148	0.000	-20.813	3.784	-163.50	-80.13	-132.30	10.160	22.553	-42.013	-0.59473	-0.35507	0.61877	-0.37045	25.7	null	null	13113	75
2026-05-27T14:27:13.156	WT901BLE68(F3:F0:16:BF:DC:AE)	0.978	-0.071	-0.195	-7.690	-15.686	6.775	-163.47	-78.45	-132.67	10.160	22.553	-42.013	-0.59473	-0.35507	0.61877	-0.37045	25.7	null	null	13113	75
2026-05-27T14:27:13.241	WT901BLE68(F3:F0:16:BF:DC:AE)	0.977	-0.063	-0.208	-2.747	-14.221	7.080	-163.22	-76.82	-133.17	10.160	22.553	-42.013	-0.59473	-0.35507	0.61877	-0.37045	25.7	null	null	13113	75
2026-05-27T14:27:13.361	WT901BLE68(F3:F0:16:BF:DC:AE)	0.955	-0.088	-0.250	-13.123	-13.428	7.690	-162.82	-75.33	-134.29	5.473	20.407	-50.280	-0.59473	-0.35507	0.61877	-0.37045	25.7	null	null	13113	75
2026-05-27T14:27:13.454	WT901BLE68(F3:F0:16:BF:DC:AE)	0.946	-0.122	-0.273	2.991	-14.160	0.366	-163.17	-73.86	-134.55	5.473	20.407	-50.280	-0.59473	-0.35507	0.61877	-0.37045	25.7	null	null	13113	75
2026-05-27T14:27:13.572	WT901BLE68(F3:F0:16:BF:DC:AE)	0.944	-0.099	-0.285	12.573	-14.954	-3.235	-163.80	-72.59	-132.66	5.473	20.407	-50.280	-0.49918	-0.38919	0.69669	-0.33740	25.7	null	null	13113	75
2026-05-27T14:27:13.632	WT901BLE68(F3:F0:16:BF:DC:AE)	0.952	-0.113	-0.293	16.174	-10.742	-2.502	-164.08	-71.49	-130.72	5.473	20.407	-50.280	-0.49918	-0.38919	0.69669	-0.33740	25.7	null	null	13113	75
2026-05-27T14:27:13.752	WT901BLE68(F3:F0:16:BF:DC:AE)	0.935	-0.087	-0.341	16.296	-9.216	-0.854	-163.38	-70.66	-129.45	5.473	20.407	-50.280	-0.49918	-0.38919	0.69669	-0.33740	25.7	null	null	13113	75
2026-05-27T14:27:13.845	WT901BLE68(F3:F0:16:BF:DC:AE)	0.931	-0.102	-0.355	14.343	-5.859	-1.221	-162.73	-69.94	-128.44	5.473	20.407	-50.280	-0.49918	-0.38919	0.69669	-0.33740	25.7	null	null	13113	75
2026-05-27T14:27:13.962	WT901BLE68(F3:F0:16:BF:DC:AE)	0.938	-0.113	-0.347	12.634	-3.174	0.610	-162.06	-69.48	-127.58	5.473	20.407	-50.280	-0.49918	-0.38919	0.69669	-0.33740	25.7	null	null	13113	75
2026-05-27T14:27:14.053	WT901BLE68(F3:F0:16:BF:DC:AE)	0.926	-0.130	-0.357	5.005	-1.282	2.747	-161.20	-69.22	-127.66	5.473	20.407	-50.280	-0.49918	-0.38919	0.69669	-0.33740	25.7	null	null	13113	75
2026-05-27T14:27:14.175	WT901BLE68(F3:F0:16:BF:DC:AE)	0.937	-0.153	-0.333	11.169	-2.502	-0.916	-160.39	-68.91	-127.62	5.473	20.407	-50.280	-0.49918	-0.38919	0.69669	-0.33740	25.7	null	null	13113	75
2026-05-27T14:27:14.231	WT901BLE68(F3:F0:16:BF:DC:AE)	0.928	-0.123	-0.337	-0.488	-2.197	2.930	-159.48	-68.65	-127.73	0.940	14.987	-58.720	-0.49918	-0.38919	0.69669	-0.33740	25.7	null	null	13113	75
2026-05-27T14:27:14.384	WT901BLE68(F3:F0:16:BF:DC:AE)	0.933	-0.158	-0.342	-0.916	-1.587	3.113	-159.04	-68.43	-128.41	0.940	14.987	-58.720	-0.49918	-0.38919	0.69669	-0.33740	25.7	null	null	13113	75
2026-05-27T14:27:14.441	WT901BLE68(F3:F0:16:BF:DC:AE)	0.920	-0.140	-0.375	-7.019	1.587	4.333	-158.46	-68.27	-129.29	0.940	14.987	-58.720	-0.43170	-0.44467	0.68869	-0.37613	25.7	null	null	13113	75
2026-05-27T14:27:14.562	WT901BLE68(F3:F0:16:BF:DC:AE)	0.925	-0.129	-0.359	-12.024	5.249	6.958	-157.83	-68.30	-130.86	0.940	14.987	-58.720	-0.43170	-0.44467	0.68869	-0.37613	25.7	null	null	13113	75
2026-05-27T14:27:14.653	WT901BLE68(F3:F0:16:BF:DC:AE)	0.921	-0.142	-0.355	-15.015	5.493	7.507	-156.99	-68.48	-133.25	0.940	14.987	-58.720	-0.43170	-0.44467	0.68869	-0.37613	25.7	null	null	13113	75
2026-05-27T14:27:14.771	WT901BLE68(F3:F0:16:BF:DC:AE)	0.919	-0.160	-0.345	-10.315	4.578	6.165	-156.09	-68.64	-135.35	0.940	14.987	-58.720	-0.43170	-0.44467	0.68869	-0.37613	25.7	null	null	13113	75
2026-05-27T14:27:14.861	WT901BLE68(F3:F0:16:BF:DC:AE)	0.922	-0.166	-0.345	-14.893	3.662	5.981	-155.62	-68.72	-136.95	0.940	14.987	-58.720	-0.43170	-0.44467	0.68869	-0.37613	25.7	null	null	13113	75
2026-05-27T14:27:14.981	WT901BLE68(F3:F0:16:BF:DC:AE)	0.922	-0.177	-0.336	-4.517	1.404	0.793	-155.60	-68.73	-137.89	0.940	14.987	-58.720	-0.43170	-0.44467	0.68869	-0.37613	25.7	null	null	13113	75
2026-05-27T14:27:15.041	WT901BLE68(F3:F0:16:BF:DC:AE)	0.928	-0.183	-0.323	3.845	1.160	-2.014	-155.50	-68.81	-137.71	3.647	15.920	-55.373	-0.43170	-0.44467	0.68869	-0.37613	25.7	null	null	13113	75
2026-05-27T14:27:15.166	WT901BLE68(F3:F0:16:BF:DC:AE)	0.918	-0.167	-0.340	13.367	-1.160	-6.287	-155.47	-68.91	-136.66	3.647	15.920	-55.373	-0.43170	-0.44467	0.68869	-0.37613	25.7	null	null	13113	75
2026-05-27T14:27:15.252	WT901BLE68(F3:F0:16:BF:DC:AE)	0.930	-0.146	-0.333	19.714	-2.625	-8.667	-155.75	-68.97	-134.40	3.647	15.920	-55.373	-0.43170	-0.44467	0.68869	-0.37613	25.7	null	null	13113	75
2026-05-27T14:27:15.376	WT901BLE68(F3:F0:16:BF:DC:AE)	0.928	-0.148	-0.325	16.296	-2.258	-7.813	-155.99	-69.08	-132.15	3.647	15.920	-55.373	-0.44189	-0.42465	0.69510	-0.37567	25.7	null	null	13113	75
2026-05-27T14:27:15.464	WT901BLE68(F3:F0:16:BF:DC:AE)	0.937	-0.144	-0.320	17.029	-3.845	-9.277	-156.58	-69.10	-129.54	3.647	15.920	-55.373	-0.44189	-0.42465	0.69510	-0.37567	25.7	null	null	13113	75
2026-05-27T14:27:15.582	WT901BLE68(F3:F0:16:BF:DC:AE)	0.935	-0.122	-0.340	-2.563	1.160	-4.272	-157.55	-69.28	-127.81	3.647	15.920	-55.373	-0.44189	-0.42465	0.69510	-0.37567	25.7	null	null	13113	75
2026-05-27T14:27:15.702	WT901BLE68(F3:F0:16:BF:DC:AE)	0.936	-0.124	-0.328	-6.775	2.625	-2.869	-158.66	-69.59	-127.13	3.647	15.920	-55.373	-0.44189	-0.42465	0.69510	-0.37567	25.7	null	null	13113	75
2026-05-27T14:27:15.797	WT901BLE68(F3:F0:16:BF:DC:AE)	0.940	-0.129	-0.322	-14.587	5.676	-1.160	-159.80	-70.05	-127.14	3.647	15.920	-55.373	-0.44189	-0.42465	0.69510	-0.37567	25.7	null	null	13113	75
2026-05-27T14:27:15.851	WT901BLE68(F3:F0:16:BF:DC:AE)	0.938	-0.120	-0.306	-7.568	5.859	-3.235	-160.74	-70.65	-127.29	3.647	15.920	-55.373	-0.44189	-0.42465	0.69510	-0.37567	25.7	null	null	13113	75
2026-05-27T14:27:15.974	WT901BLE68(F3:F0:16:BF:DC:AE)	0.944	-0.098	-0.305	-11.108	5.493	-2.686	-161.83	-71.25	-127.11	3.647	15.920	-55.373	-0.44189	-0.42465	0.69510	-0.37567	25.7	null	null	13113	75
2026-05-27T14:27:16.061	WT901BLE68(F3:F0:16:BF:DC:AE)	0.940	-0.123	-0.294	-7.446	5.188	-5.066	-163.21	-71.83	-126.71	2.207	17.300	-56.880	-0.44189	-0.42465	0.69510	-0.37567	25.7	null	null	13113	75
2026-05-27T14:27:16.182	WT901BLE68(F3:F0:16:BF:DC:AE)	0.953	-0.093	-0.285	1.587	5.127	-10.437	-165.06	-72.49	-124.90	2.207	17.300	-56.880	-0.44189	-0.42465	0.69510	-0.37567	25.7	null	null	13113	75
2026-05-27T14:27:16.271	WT901BLE68(F3:F0:16:BF:DC:AE)	0.957	-0.052	-0.272	1.282	8.240	-10.742	-167.30	-73.41	-122.39	2.207	17.300	-56.880	-0.47388	-0.43985	0.67038	-0.36389	25.7	null	null	13113	75
2026-05-27T14:27:16.393	WT901BLE68(F3:F0:16:BF:DC:AE)	0.959	-0.035	-0.250	0.916	7.507	-9.949	-170.11	-74.35	-119.51	2.207	17.300	-56.880	-0.47388	-0.43985	0.67038	-0.36389	25.7	null	null	13113	75
2026-05-27T14:27:16.452	WT901BLE68(F3:F0:16:BF:DC:AE)	0.971	-0.028	-0.223	3.418	6.409	-10.742	-173.22	-75.16	-116.16	2.207	17.300	-56.880	-0.47388	-0.43985	0.67038	-0.36389	25.7	null	null	13113	75
2026-05-27T14:27:16.573	WT901BLE68(F3:F0:16:BF:DC:AE)	0.981	0.014	-0.214	3.235	10.376	-6.409	-175.92	-76.11	-113.16	2.207	17.300	-56.880	-0.47388	-0.43985	0.67038	-0.36389	25.7	null	null	13113	75
2026-05-27T14:27:16.666	WT901BLE68(F3:F0:16:BF:DC:AE)	0.981	0.033	-0.217	-4.822	14.893	0.793	-176.78	-77.51	-112.59	2.207	17.300	-56.880	-0.47388	-0.43985	0.67038	-0.36389	25.7	null	null	13113	75
2026-05-27T14:27:16.783	WT901BLE68(F3:F0:16:BF:DC:AE)	0.973	0.027	-0.224	-15.198	18.921	4.456	-176.36	-79.20	-114.44	2.207	17.300	-56.880	-0.47388	-0.43985	0.67038	-0.36389	25.7	null	null	13113	75
2026-05-27T14:27:16.873	WT901BLE68(F3:F0:16:BF:DC:AE)	0.982	-0.008	-0.180	-12.695	13.184	3.784	-175.23	-80.62	-117.30	2.207	17.300	-56.880	-0.47388	-0.43985	0.67038	-0.36389	25.7	null	null	13113	75
2026-05-27T14:27:16.991	WT901BLE68(F3:F0:16:BF:DC:AE)	0.990	0.002	-0.126	-18.494	10.681	3.845	-174.55	-81.60	-119.62	5.387	22.340	-49.293	-0.47388	-0.43985	0.67038	-0.36389	25.7	null	null	13113	75
2026-05-27T14:27:17.081	WT901BLE68(F3:F0:16:BF:DC:AE)	0.981	-0.049	-0.109	-9.888	4.944	-0.183	-174.58	-82.24	-121.23	5.387	22.340	-49.293	-0.55365	-0.39758	0.64023	-0.35413	25.7	null	null	13113	75
2026-05-27T14:27:17.204	WT901BLE68(F3:F0:16:BF:DC:AE)	0.994	-0.014	-0.087	0.549	4.639	-2.258	-175.50	-82.74	-120.66	5.387	22.340	-49.293	-0.55365	-0.39758	0.64023	-0.35413	25.7	null	null	13113	75
2026-05-27T14:27:17.261	WT901BLE68(F3:F0:16:BF:DC:AE)	0.999	-0.009	-0.109	-4.456	4.700	-1.770	-176.57	-83.34	-120.03	5.387	22.340	-49.293	-0.55365	-0.39758	0.64023	-0.35413	25.7	null	null	13113	75
2026-05-27T14:27:17.382	WT901BLE68(F3:F0:16:BF:DC:AE)	1.000	0.019	-0.082	-0.305	7.996	0.244	-176.68	-84.10	-120.16	5.387	22.340	-49.293	-0.55365	-0.39758	0.64023	-0.35413	25.7	null	null	13113	75
2026-05-27T14:27:17.472	WT901BLE68(F3:F0:16:BF:DC:AE)	1.007	-0.015	-0.060	-2.502	7.141	1.465	-175.58	-84.84	-121.52	5.387	22.340	-49.293	-0.55365	-0.39758	0.64023	-0.35413	25.7	null	null	13113	75
2026-05-27T14:27:17.594	WT901BLE68(F3:F0:16:BF:DC:AE)	1.007	-0.029	-0.023	4.333	12.878	2.563	-171.22	-85.92	-125.89	5.387	22.340	-49.293	-0.55365	-0.39758	0.64023	-0.35413	25.7	null	null	13113	75
2026-05-27T14:27:17.684	WT901BLE68(F3:F0:16:BF:DC:AE)	0.995	0.007	-0.039	5.859	13.794	4.150	-158.21	-87.24	-138.46	5.387	22.340	-49.293	-0.55365	-0.39758	0.64023	-0.35413	25.7	null	null	13113	75
2026-05-27T14:27:17.805	WT901BLE68(F3:F0:16:BF:DC:AE)	0.995	-0.008	-0.065	2.075	5.981	2.136	-140.11	-87.94	-156.51	5.387	22.340	-49.293	-0.55365	-0.39758	0.64023	-0.35413	25.7	null	null	13113	75
2026-05-27T14:27:17.861	WT901BLE68(F3:F0:16:BF:DC:AE)	0.976	0.021	-0.040	3.601	0.000	0.732	-137.18	-87.98	-159.10	9.327	23.393	-42.147	-0.55365	-0.39758	0.64023	-0.35413	25.7	null	null	13113	75
2026-05-27T14:27:17.984	WT901BLE68(F3:F0:16:BF:DC:AE)	1.015	0.020	-0.021	-10.742	-4.150	2.380	-141.27	-87.73	-155.54	9.327	23.393	-42.147	-0.55365	-0.39758	0.64023	-0.35413	25.7	null	null	13113	75
2026-05-27T14:27:18.069	WT901BLE68(F3:F0:16:BF:DC:AE)	0.996	-0.082	-0.021	1.099	-1.770	2.930	-144.23	-87.37	-153.68	9.327	23.393	-42.147	-0.58884	-0.36673	0.61819	-0.36945	25.7	null	null	13113	75
2026-05-27T14:27:18.194	WT901BLE68(F3:F0:16:BF:DC:AE)	0.966	0.019	-0.031	2.136	-4.211	9.521	-134.32	-86.98	-162.94	9.327	23.393	-42.147	-0.58884	-0.36673	0.61819	-0.36945	25.7	null	null	13113	75
2026-05-27T14:27:18.283	WT901BLE68(F3:F0:16:BF:DC:AE)	0.982	-0.031	-0.122	-6.287	-18.555	2.136	-145.78	-85.60	-152.01	9.327	23.393	-42.147	-0.58884	-0.36673	0.61819	-0.36945	25.7	null	null	13113	75
2026-05-27T14:27:18.400	WT901BLE68(F3:F0:16:BF:DC:AE)	1.027	-0.040	-0.045	6.531	-21.240	0.366	-155.28	-83.77	-142.51	9.327	23.393	-42.147	-0.58884	-0.36673	0.61819	-0.36945	25.7	null	null	13113	75
2026-05-27T14:27:18.490	WT901BLE68(F3:F0:16:BF:DC:AE)	0.980	-0.076	-0.106	2.136	-23.804	1.038	-161.19	-81.65	-136.27	9.327	23.393	-42.147	-0.58884	-0.36673	0.61819	-0.36945	25.7	null	null	13113	75
2026-05-27T14:27:18.616	WT901BLE68(F3:F0:16:BF:DC:AE)	0.997	-0.059	-0.139	8.606	-21.484	1.526	-163.63	-79.67	-132.96	9.327	23.393	-42.147	-0.58884	-0.36673	0.61819	-0.36945	25.7	null	null	13113	75
2026-05-27T14:27:18.672	WT901BLE68(F3:F0:16:BF:DC:AE)	0.990	-0.063	-0.189	2.930	-17.029	6.470	-163.64	-77.76	-132.10	6.313	20.487	-49.553	-0.58884	-0.36673	0.61819	-0.36945	25.7	null	null	13113	75
2026-05-27T14:27:18.795	WT901BLE68(F3:F0:16:BF:DC:AE)	0.962	-0.079	-0.233	-3.174	-17.700	6.775	-162.91	-76.11	-132.82	6.313	20.487	-49.553	-0.58884	-0.36673	0.61819	-0.36945	25.7	null	null	13113	75
2026-05-27T14:27:18.883	WT901BLE68(F3:F0:16:BF:DC:AE)	0.959	-0.102	-0.241	4.211	-14.648	1.587	-162.93	-74.54	-132.58	6.313	20.487	-49.553	-0.58884	-0.36673	0.61819	-0.36945	25.7	null	null	13113	75
2026-05-27T14:27:19.002	WT901BLE68(F3:F0:16:BF:DC:AE)	0.950	-0.109	-0.295	6.409	-13.611	-0.549	-163.78	-73.19	-131.22	6.313	20.487	-49.553	-0.49820	-0.40012	0.68558	-0.34866	25.7	null	null	13113	75
2026-05-27T14:27:19.093	WT901BLE68(F3:F0:16:BF:DC:AE)	0.951	-0.112	-0.297	15.076	-14.893	-5.249	-164.71	-71.89	-128.90	6.313	20.487	-49.553	-0.49820	-0.40012	0.68558	-0.34866	25.7	null	null	13113	75
2026-05-27T14:27:19.211	WT901BLE68(F3:F0:16:BF:DC:AE)	0.953	-0.106	-0.288	14.160	-8.667	-0.305	-164.66	-70.81	-127.02	6.313	20.487	-49.553	-0.49820	-0.40012	0.68558	-0.34866	25.7	null	null	13113	75
2026-05-27T14:27:19.272	WT901BLE68(F3:F0:16:BF:DC:AE)	0.920	-0.122	-0.360	11.047	-6.592	1.038	-163.59	-70.18	-126.90	6.313	20.487	-49.553	-0.49820	-0.40012	0.68558	-0.34866	25.7	null	null	13113	75
2026-05-27T14:27:19.393	WT901BLE68(F3:F0:16:BF:DC:AE)	0.925	-0.093	-0.361	15.686	-4.028	1.526	-162.23	-69.65	-126.69	6.313	20.487	-49.553	-0.49820	-0.40012	0.68558	-0.34866	25.7	null	null	13113	75
2026-05-27T14:27:19.481	WT901BLE68(F3:F0:16:BF:DC:AE)	0.934	-0.116	-0.360	6.409	-3.418	2.991	-161.15	-69.13	-126.72	6.313	20.487	-49.553	-0.49820	-0.40012	0.68558	-0.34866	25.7	null	null	13113	75
2026-05-27T14:27:19.606	WT901BLE68(F3:F0:16:BF:DC:AE)	0.931	-0.142	-0.360	2.869	-2.869	2.625	-160.63	-68.64	-126.80	6.313	20.487	-49.553	-0.49820	-0.40012	0.68558	-0.34866	25.7	null	null	13113	75
2026-05-27T14:27:19.692	WT901BLE68(F3:F0:16:BF:DC:AE)	0.920	-0.130	-0.356	-4.028	0.000	5.066	-159.83	-68.33	-127.61	0.767	15.687	-59.420	-0.49820	-0.40012	0.68558	-0.34866	25.7	null	null	13113	75
2026-05-27T14:27:19.813	WT901BLE68(F3:F0:16:BF:DC:AE)	0.912	-0.138	-0.379	-4.944	0.854	4.089	-159.13	-68.19	-128.91	0.767	15.687	-59.420	-0.49820	-0.40012	0.68558	-0.34866	25.7	null	null	13113	75
2026-05-27T14:27:19.872	WT901BLE68(F3:F0:16:BF:DC:AE)	0.921	-0.157	-0.358	7.751	0.854	0.000	-158.52	-68.09	-129.31	0.767	15.687	-59.420	-0.43243	-0.44174	0.69180	-0.37308	25.7	null	null	13113	75
2026-05-27T14:27:20.023	WT901BLE68(F3:F0:16:BF:DC:AE)	0.911	-0.128	-0.347	-2.441	0.305	0.671	-158.02	-68.09	-129.36	0.767	15.687	-59.420	-0.43243	-0.44174	0.69180	-0.37308	25.7	null	null	13113	75
2026-05-27T14:27:20.081	WT901BLE68(F3:F0:16:BF:DC:AE)	0.927	-0.168	-0.332	-3.601	0.427	0.122	-158.19	-68.04	-129.53	0.767	15.687	-59.420	-0.43243	-0.44174	0.69180	-0.37308	25.7	null	null	13113	75
2026-05-27T14:27:20.204	WT901BLE68(F3:F0:16:BF:DC:AE)	0.929	-0.159	-0.350	-5.127	1.526	-1.099	-158.53	-68.09	-129.69	0.767	15.687	-59.420	-0.43243	-0.44174	0.69180	-0.37308	25.7	null	null	13113	75
2026-05-27T14:27:20.292	WT901BLE68(F3:F0:16:BF:DC:AE)	0.925	-0.141	-0.359	-3.235	1.465	-1.099	-158.83	-68.31	-129.62	0.767	15.687	-59.420	-0.43243	-0.44174	0.69180	-0.37308	25.7	null	null	13113	75
2026-05-27T14:27:20.410	WT901BLE68(F3:F0:16:BF:DC:AE)	0.931	-0.155	-0.332	-9.705	4.211	1.221	-159.07	-68.57	-129.86	0.767	15.687	-59.420	-0.43243	-0.44174	0.69180	-0.37308	25.7	null	null	13113	75
2026-05-27T14:27:20.502	WT901BLE68(F3:F0:16:BF:DC:AE)	0.915	-0.162	-0.343	-12.573	5.493	-0.732	-159.46	-69.00	-130.59	1.647	15.760	-57.500	-0.43243	-0.44174	0.69180	-0.37308	25.7	null	null	13113	75
2026-05-27T14:27:20.623	WT901BLE68(F3:F0:16:BF:DC:AE)	0.938	-0.181	-0.326	-4.089	5.798	-6.348	-160.37	-69.52	-130.45	1.647	15.760	-57.500	-0.43243	-0.44174	0.69180	-0.37308	25.7	null	null	13113	75
2026-05-27T14:27:20.680	WT901BLE68(F3:F0:16:BF:DC:AE)	0.935	-0.144	-0.334	-5.066	6.287	-12.085	-162.37	-70.25	-128.77	1.647	15.760	-57.500	-0.45728	-0.42853	0.69131	-0.35950	25.7	null	null	13113	75
2026-05-27T14:27:20.805	WT901BLE68(F3:F0:16:BF:DC:AE)	0.918	-0.074	-0.371	5.249	8.118	-17.700	-165.37	-71.21	-125.57	1.647	15.760	-57.500	-0.45728	-0.42853	0.69131	-0.35950	25.7	null	null	13113	75
2026-05-27T14:27:20.892	WT901BLE68(F3:F0:16:BF:DC:AE)	0.963	0.002	-0.279	1.709	10.498	-16.724	-169.63	-72.44	-120.51	1.647	15.760	-57.500	-0.45728	-0.42853	0.69131	-0.35950	25.7	null	null	13113	75
2026-05-27T14:27:21.013	WT901BLE68(F3:F0:16:BF:DC:AE)	0.959	-0.003	-0.255	-13.367	16.479	-7.568	-173.32	-73.89	-117.54	1.647	15.760	-57.500	-0.45728	-0.42853	0.69131	-0.35950	25.7	null	null	13113	75
2026-05-27T14:27:21.102	WT901BLE68(F3:F0:16:BF:DC:AE)	0.974	0.015	-0.240	-9.277	19.653	-5.615	-176.54	-75.67	-115.55	1.647	15.760	-57.500	-0.45728	-0.42853	0.69131	-0.35950	25.7	null	null	13113	75
2026-05-27T14:27:21.223	WT901BLE68(F3:F0:16:BF:DC:AE)	0.980	0.033	-0.214	-6.409	17.212	-4.089	-179.10	-77.50	-113.75	1.647	15.760	-57.500	-0.45728	-0.42853	0.69131	-0.35950	25.7	null	null	13113	75
2026-05-27T14:27:21.312	WT901BLE68(F3:F0:16:BF:DC:AE)	0.995	0.019	-0.156	-12.085	15.686	-0.977	178.34	-79.11	-112.35	1.647	15.760	-57.500	-0.45728	-0.42853	0.69131	-0.35950	25.7	null	null	13113	75
2026-05-27T14:27:21.402	WT901BLE68(F3:F0:16:BF:DC:AE)	1.004	-0.021	-0.117	-4.944	13.672	-3.235	175.67	-80.53	-110.87	4.480	24.400	-48.593	-0.45728	-0.42853	0.69131	-0.35950	25.7	null	null	13113	75
2026-05-27T14:27:21.493	WT901BLE68(F3:F0:16:BF:DC:AE)	1.009	0.023	-0.093	8.789	15.686	-4.456	172.37	-81.91	-107.35	4.480	24.400	-48.593	-0.45728	-0.42853	0.69131	-0.35950	25.7	null	null	13113	75
2026-05-27T14:27:21.612	WT901BLE68(F3:F0:16:BF:DC:AE)	1.017	0.049	-0.077	-1.770	18.311	0.854	169.09	-83.73	-103.73	4.480	24.400	-48.593	-0.45728	-0.42853	0.69131	-0.35950	25.7	null	null	13113	75
2026-05-27T14:27:21.702	WT901BLE68(F3:F0:16:BF:DC:AE)	1.004	0.040	-0.057	-1.709	20.020	6.042	167.68	-85.72	-102.80	4.480	24.400	-48.593	-0.57031	-0.40451	0.61975	-0.35626	25.7	null	null	13113	75
2026-05-27T14:27:21.821	WT901BLE68(F3:F0:16:BF:DC:AE)	0.979	0.079	-0.014	0.305	17.822	2.502	169.42	-87.53	-104.68	4.480	24.400	-48.593	-0.57031	-0.40451	0.61975	-0.35626	25.7	null	null	13113	75
2026-05-27T14:27:21.914	WT901BLE68(F3:F0:16:BF:DC:AE)	0.979	0.036	-0.100	0.366	5.066	-1.709	154.59	-88.45	-90.27	4.480	24.400	-48.593	-0.57031	-0.40451	0.61975	-0.35626	25.7	null	null	13113	75
2026-05-27T14:27:22.032	WT901BLE68(F3:F0:16:BF:DC:AE)	0.984	0.040	-0.022	-4.639	-3.479	-3.540	150.23	-88.12	-86.56	4.480	24.400	-48.593	-0.57031	-0.40451	0.61975	-0.35626	25.7	null	null	13113	75
2026-05-27T14:27:22.092	WT901BLE68(F3:F0:16:BF:DC:AE)	1.008	0.007	0.001	8.789	-0.793	3.174	153.95	-87.64	-90.41	4.480	24.400	-48.593	-0.57031	-0.40451	0.61975	-0.35626	25.7	null	null	13113	75
2026-05-27T14:27:22.212	WT901BLE68(F3:F0:16:BF:DC:AE)	1.000	0.015	-0.016	5.981	-11.108	4.089	168.34	-87.52	-104.68	4.480	24.400	-48.593	-0.57031	-0.40451	0.61975	-0.35626	25.7	null	null	13113	75
2026-05-27T14:27:22.300	WT901BLE68(F3:F0:16:BF:DC:AE)	1.000	0.020	-0.011	5.066	-11.230	1.282	172.85	-86.39	-109.01	8.200	23.960	-44.227	-0.57031	-0.40451	0.61975	-0.35626	25.7	null	null	13113	75
2026-05-27T14:27:22.427	WT901BLE68(F3:F0:16:BF:DC:AE)	1.024	-0.018	-0.028	1.770	-13.306	-2.869	171.60	-85.24	-107.74	8.200	23.960	-44.227	-0.57031	-0.40451	0.61975	-0.35626	25.7	null	null	13113	75
2026-05-27T14:27:22.514	WT901BLE68(F3:F0:16:BF:DC:AE)	0.938	0.045	-0.069	2.014	2.319	10.010	177.12	-85.00	-112.90	8.200	23.960	-44.227	-0.57370	-0.39453	0.62326	-0.35587	25.7	null	null	13113	75
2026-05-27T14:27:22.663	WT901BLE68(F3:F0:16:BF:DC:AE)	1.016	-0.031	-0.164	7.019	-14.282	4.211	-174.53	-84.47	-121.42	8.200	23.960	-44.227	-0.57370	-0.39453	0.62326	-0.35587	25.7	null	null	13113	75
2026-05-27T14:27:22.689	WT901BLE68(F3:F0:16:BF:DC:AE)	1.004	0.025	-0.103	7.568	-13.916	8.911	-171.52	-82.78	-123.33	8.200	23.960	-44.227	-0.57370	-0.39453	0.62326	-0.35587	25.7	null	null	13113	75
2026-05-27T14:27:22.844	WT901BLE68(F3:F0:16:BF:DC:AE)	0.979	-0.021	-0.128	-0.732	-18.799	9.766	-166.71	-80.95	-127.53	8.200	23.960	-44.227	-0.57370	-0.39453	0.62326	-0.35587	25.7	null	null	13113	75
2026-05-27T14:27:22.901	WT901BLE68(F3:F0:16:BF:DC:AE)	0.972	-0.046	-0.201	1.160	-20.020	10.925	-163.21	-79.01	-130.87	8.200	23.960	-44.227	-0.57370	-0.39453	0.62326	-0.35587	25.7	null	null	13113	75
2026-05-27T14:27:23.023	WT901BLE68(F3:F0:16:BF:DC:AE)	0.950	-0.077	-0.216	1.953	-13.916	7.874	-161.70	-77.09	-132.02	8.200	23.960	-44.227	-0.57370	-0.39453	0.62326	-0.35587	25.7	null	null	13113	75
2026-05-27T14:27:23.113	WT901BLE68(F3:F0:16:BF:DC:AE)	0.980	-0.140	-0.224	-4.517	-20.508	7.080	-160.36	-75.39	-133.41	8.200	23.960	-44.227	-0.57370	-0.39453	0.62326	-0.35587	25.7	null	null	13113	75
2026-05-27T14:27:23.233	WT901BLE68(F3:F0:16:BF:DC:AE)	0.960	-0.077	-0.254	11.414	-12.634	3.784	-160.25	-73.67	-132.37	8.200	23.960	-44.227	-0.57370	-0.39453	0.62326	-0.35587	25.7	null	null	13113	75
2026-05-27T14:27:23.321	WT901BLE68(F3:F0:16:BF:DC:AE)	0.928	-0.170	-0.354	-1.953	-24.170	3.296	-160.49	-71.98	-131.85	3.733	17.113	-54.693	-0.57370	-0.39453	0.62326	-0.35587	25.7	null	null	13113	75
2026-05-27T14:27:23.441	WT901BLE68(F3:F0:16:BF:DC:AE)	0.966	-0.171	-0.283	28.992	-12.268	-4.761	-161.17	-70.32	-128.81	3.733	17.113	-54.693	-0.46091	-0.42676	0.68872	-0.36197	25.7	null	null	13113	75
2026-05-27T14:27:23.501	WT901BLE68(F3:F0:16:BF:DC:AE)	0.880	-0.120	-0.380	-5.371	-7.751	4.028	-159.54	-69.57	-129.22	3.733	17.113	-54.693	-0.46091	-0.42676	0.68872	-0.36197	25.7	null	null	13113	75
2026-05-27T14:27:23.625	WT901BLE68(F3:F0:16:BF:DC:AE)	0.939	-0.152	-0.317	31.311	-5.066	-9.766	-159.62	-68.93	-127.22	3.733	17.113	-54.693	-0.46091	-0.42676	0.68872	-0.36197	25.7	null	null	13113	75
2026-05-27T14:27:23.714	WT901BLE68(F3:F0:16:BF:DC:AE)	0.914	-0.105	-0.373	6.287	0.549	-0.122	-158.90	-68.92	-126.26	3.733	17.113	-54.693	-0.46091	-0.42676	0.68872	-0.36197	25.7	null	null	13113	75
2026-05-27T14:27:23.831	WT901BLE68(F3:F0:16:BF:DC:AE)	0.921	-0.171	-0.370	18.555	-6.165	-4.028	-158.68	-68.77	-125.46	3.733	17.113	-54.693	-0.46091	-0.42676	0.68872	-0.36197	25.7	null	null	13113	75
2026-05-27T14:27:23.924	WT901BLE68(F3:F0:16:BF:DC:AE)	0.947	-0.115	-0.288	6.165	-1.099	0.549	-158.25	-68.49	-124.18	3.733	17.113	-54.693	-0.46091	-0.42676	0.68872	-0.36197	25.7	null	null	13113	75
2026-05-27T14:27:24.042	WT901BLE68(F3:F0:16:BF:DC:AE)	0.928	-0.119	-0.354	-3.723	1.587	4.211	-157.74	-68.47	-124.82	3.733	17.113	-54.693	-0.46091	-0.42676	0.68872	-0.36197	25.7	null	null	13113	75
2026-05-27T14:27:24.131	WT901BLE68(F3:F0:16:BF:DC:AE)	0.933	-0.157	-0.369	-2.563	-2.014	1.526	-157.70	-68.20	-125.37	0.480	11.847	-62.307	-0.46091	-0.42676	0.68872	-0.36197	25.7	null	null	13113	75
2026-05-27T14:27:24.249	WT901BLE68(F3:F0:16:BF:DC:AE)	0.934	-0.115	-0.354	-16.541	3.296	7.996	-157.80	-67.99	-126.11	0.480	11.847	-62.307	-0.46091	-0.42676	0.68872	-0.36197	25.7	null	null	13113	75
2026-05-27T14:27:24.310	WT901BLE68(F3:F0:16:BF:DC:AE)	0.916	-0.160	-0.394	-36.499	3.601	12.878	-157.49	-68.16	-129.35	0.480	11.847	-62.307	-0.42645	-0.44843	0.68597	-0.38263	25.7	null	null	13113	75
2026-05-27T14:27:24.431	WT901BLE68(F3:F0:16:BF:DC:AE)	0.916	-0.175	-0.351	-13.794	7.507	6.531	-157.59	-68.21	-131.96	0.480	11.847	-62.307	-0.42645	-0.44843	0.68597	-0.38263	25.7	null	null	13113	75
2026-05-27T14:27:24.521	WT901BLE68(F3:F0:16:BF:DC:AE)	0.927	-0.164	-0.324	-13.977	2.991	2.930	-157.41	-68.32	-133.41	0.480	11.847	-62.307	-0.42645	-0.44843	0.68597	-0.38263	25.7	null	null	13113	75
2026-05-27T14:27:24.643	WT901BLE68(F3:F0:16:BF:DC:AE)	0.936	-0.236	-0.300	0.916	0.977	-3.296	-157.72	-68.41	-133.59	0.480	11.847	-62.307	-0.42645	-0.44843	0.68597	-0.38263	25.7	null	null	13113	75
2026-05-27T14:27:24.734	WT901BLE68(F3:F0:16:BF:DC:AE)	0.932	-0.199	-0.320	11.475	-2.441	-10.681	-158.13	-68.60	-132.39	0.480	11.847	-62.307	-0.42645	-0.44843	0.68597	-0.38263	25.7	null	null	13113	75
2026-05-27T14:27:24.853	WT901BLE68(F3:F0:16:BF:DC:AE)	0.916	-0.105	-0.348	24.780	0.854	-12.634	-158.44	-68.79	-129.53	0.480	11.847	-62.307	-0.42645	-0.44843	0.68597	-0.38263	25.7	null	null	13113	75
2026-05-27T14:27:24.911	WT901BLE68(F3:F0:16:BF:DC:AE)	0.916	-0.095	-0.363	25.818	1.831	-14.038	-158.53	-69.38	-126.83	0.480	11.847	-62.307	-0.42645	-0.44843	0.68597	-0.38263	25.7	null	null	13113	75
2026-05-27T14:27:25.034	WT901BLE68(F3:F0:16:BF:DC:AE)	0.931	-0.088	-0.352	18.433	-3.601	-13.855	-159.88	-69.61	-122.79	0.480	11.847	-62.307	-0.42645	-0.44843	0.68597	-0.38263	25.7	null	null	13113	75
2026-05-27T14:27:25.123	WT901BLE68(F3:F0:16:BF:DC:AE)	0.946	-0.096	-0.329	-3.845	-1.465	-7.507	-162.20	-69.65	-119.67	0.173	13.487	-61.767	-0.42645	-0.44843	0.68597	-0.38263	25.7	null	null	13113	75
2026-05-27T14:27:25.241	WT901BLE68(F3:F0:16:BF:DC:AE)	0.929	-0.137	-0.344	-2.869	0.000	-9.399	-164.80	-69.80	-117.66	0.173	13.487	-61.767	-0.42645	-0.44843	0.68597	-0.38263	25.7	null	null	13113	75
2026-05-27T14:27:25.332	WT901BLE68(F3:F0:16:BF:DC:AE)	0.948	-0.060	-0.317	-0.854	0.916	-13.184	-167.73	-70.04	-114.61	0.173	13.487	-61.767	-0.43060	-0.48740	0.65506	-0.38443	25.7	null	null	13113	75
2026-05-27T14:27:25.451	WT901BLE68(F3:F0:16:BF:DC:AE)	0.937	-0.008	-0.354	-26.794	6.653	-4.456	-171.06	-70.63	-112.64	0.173	13.487	-61.767	-0.43060	-0.48740	0.65506	-0.38443	25.7	null	null	13113	75
2026-05-27T14:27:25.510	WT901BLE68(F3:F0:16:BF:DC:AE)	0.933	-0.012	-0.354	-29.846	8.545	-3.174	-174.95	-71.32	-111.86	0.173	13.487	-61.767	-0.43060	-0.48740	0.65506	-0.38443	25.7	null	null	13113	75
2026-05-27T14:27:25.665	WT901BLE68(F3:F0:16:BF:DC:AE)	0.965	0.000	-0.289	-27.466	12.573	-1.648	-178.32	-72.25	-111.26	0.173	13.487	-61.767	-0.43060	-0.48740	0.65506	-0.38443	25.7	null	null	13113	75
2026-05-27T14:27:25.721	WT901BLE68(F3:F0:16:BF:DC:AE)	0.991	0.016	-0.207	-34.119	25.146	9.033	179.79	-74.09	-112.53	0.173	13.487	-61.767	-0.43060	-0.48740	0.65506	-0.38443	25.7	null	null	13113	75
2026-05-27T14:27:25.844	WT901BLE68(F3:F0:16:BF:DC:AE)	0.983	0.008	-0.184	-40.039	35.217	17.639	-178.77	-77.15	-118.03	0.173	13.487	-61.767	-0.43060	-0.48740	0.65506	-0.38443	25.7	null	null	13113	75
2026-05-27T14:27:25.930	WT901BLE68(F3:F0:16:BF:DC:AE)	0.984	-0.054	-0.183	-20.691	31.616	10.559	-173.40	-80.44	-126.64	4.573	23.413	-48.793	-0.43060	-0.48740	0.65506	-0.38443	25.7	null	null	13113	75
2026-05-27T14:27:26.055	WT901BLE68(F3:F0:16:BF:DC:AE)	0.998	-0.024	-0.089	6.775	25.757	0.427	-166.76	-83.13	-133.40	4.573	23.413	-48.793	-0.43060	-0.48740	0.65506	-0.38443	25.7	null	null	13113	75
2026-05-27T14:27:26.141	WT901BLE68(F3:F0:16:BF:DC:AE)	0.980	-0.002	-0.030	0.244	20.996	2.075	-157.89	-85.42	-141.64	4.573	23.413	-48.793	-0.57977	-0.36121	0.64124	-0.34940	25.7	null	null	13113	75
2026-05-27T14:27:26.266	WT901BLE68(F3:F0:16:BF:DC:AE)	0.978	-0.045	-0.060	1.587	6.775	-1.953	-148.15	-86.68	-151.54	4.573	23.413	-48.793	-0.57977	-0.36121	0.64124	-0.34940	25.7	null	null	13113	75
2026-05-27T14:27:26.322	WT901BLE68(F3:F0:16:BF:DC:AE)	0.976	-0.029	-0.041	19.836	-2.502	-6.348	-152.55	-86.99	-146.12	4.573	23.413	-48.793	-0.57977	-0.36121	0.64124	-0.34940	25.7	null	null	13113	75
2026-05-27T14:27:26.441	WT901BLE68(F3:F0:16:BF:DC:AE)	1.026	0.026	-0.009	28.625	1.282	-0.732	-160.18	-86.87	-135.91	4.573	23.413	-48.793	-0.57977	-0.36121	0.64124	-0.34940	25.7	null	null	13113	75
2026-05-27T14:27:26.532	WT901BLE68(F3:F0:16:BF:DC:AE)	0.985	0.063	-0.054	6.165	-3.723	0.244	-159.99	-86.79	-134.63	4.573	23.413	-48.793	-0.57977	-0.36121	0.64124	-0.34940	25.7	null	null	13113	75
2026-05-27T14:27:26.652	WT901BLE68(F3:F0:16:BF:DC:AE)	0.982	0.019	-0.092	-5.615	-7.446	1.953	-161.90	-86.47	-132.99	4.573	23.413	-48.793	-0.57977	-0.36121	0.64124	-0.34940	25.7	null	null	13113	75
2026-05-27T14:27:26.742	WT901BLE68(F3:F0:16:BF:DC:AE)	0.986	-0.004	-0.090	-1.221	-17.456	2.930	-165.57	-85.20	-129.77	4.573	23.413	-48.793	-0.57977	-0.36121	0.64124	-0.34940	25.7	null	null	13113	75
2026-05-27T14:27:26.862	WT901BLE68(F3:F0:16:BF:DC:AE)	0.985	-0.031	-0.095	1.831	-22.644	2.319	-168.55	-83.18	-126.80	8.033	22.667	-46.393	-0.57977	-0.36121	0.64124	-0.34940	25.7	null	null	13113	75
2026-05-27T14:27:26.921	WT901BLE68(F3:F0:16:BF:DC:AE)	0.986	-0.061	-0.153	6.226	-28.381	-2.747	-171.15	-80.89	-123.98	8.033	22.667	-46.393	-0.57977	-0.36121	0.64124	-0.34940	25.7	null	null	13113	75
2026-05-27T14:27:27.073	WT901BLE68(F3:F0:16:BF:DC:AE)	0.997	-0.003	-0.189	25.269	-30.884	-8.179	-175.00	-77.95	-118.41	8.033	22.667	-46.393	-0.57977	-0.36121	0.64124	-0.34940	25.7	null	null	13113	75
2026-05-27T14:27:27.129	WT901BLE68(F3:F0:16:BF:DC:AE)	1.000	0.040	-0.223	0.671	-22.339	5.554	-174.74	-75.73	-117.03	8.033	22.667	-46.393	-0.51001	-0.43277	0.65448	-0.35229	25.7	null	null	13113	75
2026-05-27T14:27:27.255	WT901BLE68(F3:F0:16:BF:DC:AE)	0.957	-0.055	-0.288	-10.193	-11.169	7.813	-174.09	-74.05	-118.93	8.033	22.667	-46.393	-0.51001	-0.43277	0.65448	-0.35229	25.7	null	null	13113	75
2026-05-27T14:27:27.340	WT901BLE68(F3:F0:16:BF:DC:AE)	0.948	-0.051	-0.301	2.991	-10.864	5.249	-171.95	-73.16	-120.97	8.033	22.667	-46.393	-0.51001	-0.43277	0.65448	-0.35229	25.7	null	null	13113	75
2026-05-27T14:27:27.465	WT901BLE68(F3:F0:16:BF:DC:AE)	0.959	-0.064	-0.270	-2.014	-7.996	6.226	-170.46	-72.21	-122.20	8.033	22.667	-46.393	-0.51001	-0.43277	0.65448	-0.35229	25.7	null	null	13113	75
2026-05-27T14:27:27.551	WT901BLE68(F3:F0:16:BF:DC:AE)	0.932	-0.109	-0.310	3.479	-7.080	5.676	-168.57	-71.49	-123.96	8.033	22.667	-46.393	-0.51001	-0.43277	0.65448	-0.35229	25.7	null	null	13113	75
2026-05-27T14:27:27.674	WT901BLE68(F3:F0:16:BF:DC:AE)	0.932	-0.107	-0.340	15.320	-10.437	-1.709	-167.33	-70.66	-124.01	8.033	22.667	-46.393	-0.51001	-0.43277	0.65448	-0.35229	25.7	null	null	13113	75
2026-05-27T14:27:27.730	WT901BLE68(F3:F0:16:BF:DC:AE)	0.939	-0.080	-0.346	19.043	-7.080	-1.892	-166.33	-69.87	-122.94	0.260	17.473	-58.453	-0.51001	-0.43277	0.65448	-0.35229	25.7	null	null	13113	75
2026-05-27T14:27:27.854	WT901BLE68(F3:F0:16:BF:DC:AE)	0.930	-0.103	-0.359	10.254	-2.258	2.747	-164.92	-69.48	-122.94	0.260	17.473	-58.453	-0.51001	-0.43277	0.65448	-0.35229	25.7	null	null	13113	75
2026-05-27T14:27:27.943	WT901BLE68(F3:F0:16:BF:DC:AE)	0.930	-0.129	-0.350	12.390	-2.014	1.404	-163.24	-69.26	-123.39	0.260	17.473	-58.453	-0.44055	-0.45724	0.67831	-0.36957	25.7	null	null	13113	75
2026-05-27T14:27:28.062	WT901BLE68(F3:F0:16:BF:DC:AE)	0.932	-0.118	-0.327	12.451	-1.953	-0.854	-162.12	-69.04	-123.10	0.260	17.473	-58.453	-0.44055	-0.45724	0.67831	-0.36957	25.7	null	null	13113	75
2026-05-27T14:27:28.153	WT901BLE68(F3:F0:16:BF:DC:AE)	0.935	-0.111	-0.348	2.869	-0.183	1.953	-161.20	-68.94	-123.28	0.260	17.473	-58.453	-0.44055	-0.45724	0.67831	-0.36957	25.7	null	null	13113	75
2026-05-27T14:27:28.272	WT901BLE68(F3:F0:16:BF:DC:AE)	0.924	-0.082	-0.371	-4.578	2.014	5.676	-160.29	-68.93	-124.38	0.260	17.473	-58.453	-0.44055	-0.45724	0.67831	-0.36957	25.7	null	null	13113	75
2026-05-27T14:27:28.332	WT901BLE68(F3:F0:16:BF:DC:AE)	0.928	-0.105	-0.354	-11.230	3.113	7.507	-159.49	-68.91	-126.08	0.260	17.473	-58.453	-0.44055	-0.45724	0.67831	-0.36957	25.7	null	null	13113	75
2026-05-27T14:27:28.483	WT901BLE68(F3:F0:16:BF:DC:AE)	0.925	-0.131	-0.342	-18.982	2.808	9.460	-159.01	-68.83	-128.29	0.260	17.473	-58.453	-0.44055	-0.45724	0.67831	-0.36957	25.7	null	null	13113	75
2026-05-27T14:27:28.542	WT901BLE68(F3:F0:16:BF:DC:AE)	0.910	-0.156	-0.364	-17.700	0.000	7.996	-158.72	-68.65	-130.51	0.260	17.473	-58.453	-0.44055	-0.45724	0.67831	-0.36957	25.7	null	null	13113	75
2026-05-27T14:27:28.662	WT901BLE68(F3:F0:16:BF:DC:AE)	0.920	-0.169	-0.330	-1.770	-3.357	0.000	-159.04	-68.19	-130.88	0.260	17.473	-58.453	-0.44055	-0.45724	0.67831	-0.36957	25.7	null	null	13113	75
2026-05-27T14:27:28.752	WT901BLE68(F3:F0:16:BF:DC:AE)	0.922	-0.155	-0.337	0.183	-1.953	-0.061	-158.89	-67.93	-130.73	1.393	14.633	-58.540	-0.44055	-0.45724	0.67831	-0.36957	25.7	null	null	13113	75
2026-05-27T14:27:28.871	WT901BLE68(F3:F0:16:BF:DC:AE)	0.917	-0.166	-0.359	9.827	-0.366	-2.319	-158.44	-67.90	-130.48	1.393	14.633	-58.540	-0.43478	-0.43396	0.69785	-0.36819	25.7	null	null	13113	75
2026-05-27T14:27:28.960	WT901BLE68(F3:F0:16:BF:DC:AE)	0.919	-0.135	-0.350	13.550	-1.343	-4.517	-157.98	-67.89	-129.47	1.393	14.633	-58.540	-0.43478	-0.43396	0.69785	-0.36819	25.7	null	null	13113	75
2026-05-27T14:27:29.086	WT901BLE68(F3:F0:16:BF:DC:AE)	0.915	-0.138	-0.354	10.803	-1.343	-3.784	-157.69	-67.92	-128.36	1.393	14.633	-58.540	-0.43478	-0.43396	0.69785	-0.36819	25.7	null	null	13113	75
2026-05-27T14:27:29.142	WT901BLE68(F3:F0:16:BF:DC:AE)	0.908	-0.186	-0.344	20.325	-4.761	-8.118	-157.66	-67.86	-126.70	1.393	14.633	-58.540	-0.43478	-0.43396	0.69785	-0.36819	25.7	null	null	13113	75
2026-05-27T14:27:29.263	WT901BLE68(F3:F0:16:BF:DC:AE)	0.939	-0.120	-0.333	28.442	-5.493	-11.902	-157.90	-67.69	-123.32	1.393	14.633	-58.540	-0.43478	-0.43396	0.69785	-0.36819	25.7	null	null	13113	75
2026-05-27T14:27:29.353	WT901BLE68(F3:F0:16:BF:DC:AE)	0.935	-0.070	-0.354	-12.939	2.930	3.906	-158.12	-67.79	-122.01	1.393	14.633	-58.540	-0.43478	-0.43396	0.69785	-0.36819	25.7	null	null	13113	75
2026-05-27T14:27:29.474	WT901BLE68(F3:F0:16:BF:DC:AE)	0.915	-0.157	-0.388	-14.648	4.761	6.470	-158.36	-67.98	-123.84	1.393	14.633	-58.540	-0.43478	-0.43396	0.69785	-0.36819	25.7	null	null	13113	75
2026-05-27T14:27:29.561	WT901BLE68(F3:F0:16:BF:DC:AE)	0.932	-0.156	-0.311	-16.174	4.456	5.920	-158.06	-68.15	-125.51	-0.247	12.273	-61.827	-0.43478	-0.43396	0.69785	-0.36819	25.7	null	null	13113	75
2026-05-27T14:27:29.680	WT901BLE68(F3:F0:16:BF:DC:AE)	0.935	-0.166	-0.313	-15.259	5.127	5.859	-157.81	-68.41	-127.60	-0.247	12.273	-61.827	-0.43478	-0.43396	0.69785	-0.36819	25.7	null	null	13113	75
2026-05-27T14:27:29.740	WT901BLE68(F3:F0:16:BF:DC:AE)	0.917	-0.183	-0.335	-13.489	2.625	3.845	-157.43	-68.62	-129.49	-0.247	12.273	-61.827	-0.42981	-0.44711	0.68454	-0.38293	25.7	null	null	13113	75
2026-05-27T14:27:29.891	WT901BLE68(F3:F0:16:BF:DC:AE)	0.925	-0.170	-0.339	5.798	-1.770	-5.798	-157.80	-68.64	-129.55	-0.247	12.273	-61.827	-0.42981	-0.44711	0.68454	-0.38293	25.7	null	null	13113	75
2026-05-27T14:27:29.952	WT901BLE68(F3:F0:16:BF:DC:AE)	0.926	-0.128	-0.345	7.629	-0.793	-7.080	-158.47	-68.70	-127.86	-0.247	12.273	-61.827	-0.42981	-0.44711	0.68454	-0.38293	25.7	null	null	13113	75
2026-05-27T14:27:30.074	WT901BLE68(F3:F0:16:BF:DC:AE)	0.925	-0.145	-0.358	5.005	0.488	-7.141	-159.24	-68.89	-126.29	-0.247	12.273	-61.827	-0.42981	-0.44711	0.68454	-0.38293	25.7	null	null	13113	75
2026-05-27T14:27:30.161	WT901BLE68(F3:F0:16:BF:DC:AE)	0.929	-0.122	-0.336	-2.930	2.625	-6.470	-160.36	-69.25	-124.75	-0.247	12.273	-61.827	-0.42981	-0.44711	0.68454	-0.38293	25.7	null	null	13113	75
2026-05-27T14:27:30.284	WT901BLE68(F3:F0:16:BF:DC:AE)	0.918	-0.153	-0.366	1.038	2.441	-10.803	-162.15	-69.71	-123.20	-0.247	12.273	-61.827	-0.42981	-0.44711	0.68454	-0.38293	25.7	null	null	13113	75
2026-05-27T14:27:30.372	WT901BLE68(F3:F0:16:BF:DC:AE)	0.935	-0.105	-0.337	11.169	3.601	-15.869	-164.61	-70.20	-119.76	-0.247	12.273	-61.827	-0.42981	-0.44711	0.68454	-0.38293	25.7	null	null	13113	75
2026-05-27T14:27:30.494	WT901BLE68(F3:F0:16:BF:DC:AE)	0.953	-0.004	-0.304	-17.334	10.681	-9.094	-167.50	-71.20	-116.69	-0.040	15.607	-60.487	-0.42981	-0.44711	0.68454	-0.38293	25.7	null	null	13113	75
2026-05-27T14:27:30.552	WT901BLE68(F3:F0:16:BF:DC:AE)	0.955	-0.040	-0.298	-33.630	13.794	-2.625	-171.51	-72.39	-115.72	-0.040	15.607	-60.487	-0.42981	-0.44711	0.68454	-0.38293	25.7	null	null	13113	75
2026-05-27T14:27:30.673	WT901BLE68(F3:F0:16:BF:DC:AE)	0.949	-0.020	-0.280	-20.874	16.479	-4.395	-174.62	-73.91	-115.26	-0.040	15.607	-60.487	-0.47665	-0.45801	0.65939	-0.35791	25.7	null	null	13113	75
2026-05-27T14:27:30.761	WT901BLE68(F3:F0:16:BF:DC:AE)	0.986	0.003	-0.210	-20.996	20.264	-1.343	-177.39	-75.71	-114.46	-0.040	15.607	-60.487	-0.47665	-0.45801	0.65939	-0.35791	25.7	null	null	13113	75
2026-05-27T14:27:30.881	WT901BLE68(F3:F0:16:BF:DC:AE)	0.997	0.029	-0.163	-26.855	25.269	3.174	-178.96	-77.90	-115.41	-0.040	15.607	-60.487	-0.47665	-0.45801	0.65939	-0.35791	25.7	null	null	13113	75
2026-05-27T14:27:30.970	WT901BLE68(F3:F0:16:BF:DC:AE)	0.977	0.003	-0.163	-27.100	20.325	3.906	-179.66	-80.35	-117.71	-0.040	15.607	-60.487	-0.47665	-0.45801	0.65939	-0.35791	25.7	null	null	13113	75
2026-05-27T14:27:31.090	WT901BLE68(F3:F0:16:BF:DC:AE)	0.993	0.016	-0.135	0.366	10.620	-4.883	178.16	-81.80	-116.75	-0.040	15.607	-60.487	-0.47665	-0.45801	0.65939	-0.35791	25.7	null	null	13113	75
2026-05-27T14:27:31.151	WT901BLE68(F3:F0:16:BF:DC:AE)	1.007	0.044	-0.098	-9.338	8.118	-3.113	174.28	-82.62	-113.15	-0.040	15.607	-60.487	-0.47665	-0.45801	0.65939	-0.35791	25.7	null	null	13113	75
2026-05-27T14:27:31.301	WT901BLE68(F3:F0:16:BF:DC:AE)	0.988	-0.003	-0.070	6.226	5.188	-5.310	169.91	-83.22	-109.17	-0.040	15.607	-60.487	-0.47665	-0.45801	0.65939	-0.35791	25.7	null	null	13113	75
2026-05-27T14:27:31.359	WT901BLE68(F3:F0:16:BF:DC:AE)	0.984	0.048	-0.059	15.991	10.010	-1.282	166.70	-83.91	-104.88	5.787	25.373	-44.440	-0.47665	-0.45801	0.65939	-0.35791	25.7	null	null	13113	75
2026-05-27T14:27:31.478	WT901BLE68(F3:F0:16:BF:DC:AE)	1.014	0.031	-0.044	9.827	14.832	3.601	165.13	-85.41	-102.05	5.787	25.373	-44.440	-0.47665	-0.45801	0.65939	-0.35791	25.7	null	null	13113	75
2026-05-27T14:27:31.571	WT901BLE68(F3:F0:16:BF:DC:AE)	0.988	0.033	-0.031	9.583	13.428	5.188	166.52	-86.92	-102.67	5.787	25.373	-44.440	-0.58551	-0.38812	0.61569	-0.35684	25.7	null	null	13113	75
2026-05-27T14:27:31.691	WT901BLE68(F3:F0:16:BF:DC:AE)	1.008	0.033	-0.057	16.174	4.639	2.747	171.15	-87.95	-106.22	5.787	25.373	-44.440	-0.58551	-0.38812	0.61569	-0.35684	25.7	null	null	13113	75
2026-05-27T14:27:31.783	WT901BLE68(F3:F0:16:BF:DC:AE)	0.986	0.073	-0.055	11.475	0.671	4.150	177.84	-87.97	-111.73	5.787	25.373	-44.440	-0.58551	-0.38812	0.61569	-0.35684	25.7	null	null	13113	75
2026-05-27T14:27:31.898	WT901BLE68(F3:F0:16:BF:DC:AE)	0.975	0.091	-0.073	-6.409	-9.949	4.639	-177.60	-87.37	-116.17	5.787	25.373	-44.440	-0.58551	-0.38812	0.61569	-0.35684	25.7	null	null	13113	75
2026-05-27T14:27:31.962	WT901BLE68(F3:F0:16:BF:DC:AE)	0.949	0.002	-0.122	-38.452	-16.846	8.118	-177.43	-85.70	-118.81	5.787	25.373	-44.440	-0.58551	-0.38812	0.61569	-0.35684	25.7	null	null	13113	75
2026-05-27T14:27:32.083	WT901BLE68(F3:F0:16:BF:DC:AE)	0.988	-0.070	-0.117	0.427	-32.532	3.174	-174.22	-83.19	-123.99	5.787	25.373	-44.440	-0.58551	-0.38812	0.61569	-0.35684	25.7	null	null	13113	75
2026-05-27T14:27:32.173	WT901BLE68(F3:F0:16:BF:DC:AE)	1.022	0.026	-0.047	12.451	-15.076	9.216	-172.16	-80.81	-125.17	5.787	25.373	-44.440	-0.58551	-0.38812	0.61569	-0.35684	25.7	null	null	13113	75
2026-05-27T14:27:32.289	WT901BLE68(F3:F0:16:BF:DC:AE)	0.956	-0.078	-0.191	-10.559	-29.114	11.292	-167.68	-78.79	-129.82	6.287	21.427	-48.460	-0.58551	-0.38812	0.61569	-0.35684	25.7	null	null	13113	75
2026-05-27T14:27:32.382	WT901BLE68(F3:F0:16:BF:DC:AE)	0.977	-0.151	-0.170	22.095	-21.240	0.244	-166.85	-76.31	-129.65	6.287	21.427	-48.460	-0.58551	-0.38812	0.61569	-0.35684	25.7	null	null	13113	75
2026-05-27T14:27:32.502	WT901BLE68(F3:F0:16:BF:DC:AE)	0.975	-0.105	-0.230	12.268	-19.165	2.014	-166.60	-74.11	-127.89	6.287	21.427	-48.460	-0.50388	-0.40646	0.67926	-0.34558	25.7	null	null	13113	75
2026-05-27T14:27:32.561	WT901BLE68(F3:F0:16:BF:DC:AE)	0.932	-0.114	-0.288	29.297	-18.372	-1.465	-164.87	-72.35	-127.52	6.287	21.427	-48.460	-0.50388	-0.40646	0.67926	-0.34558	25.7	null	null	13113	75
2026-05-27T14:27:32.685	WT901BLE68(F3:F0:16:BF:DC:AE)	0.917	-0.054	-0.377	36.011	-14.404	-5.005	-163.68	-70.86	-124.84	6.287	21.427	-48.460	-0.50388	-0.40646	0.67926	-0.34558	25.7	null	null	13113	75
2026-05-27T14:27:32.774	WT901BLE68(F3:F0:16:BF:DC:AE)	0.955	-0.106	-0.336	17.822	-8.789	2.625	-162.73	-69.60	-123.26	6.287	21.427	-48.460	-0.50388	-0.40646	0.67926	-0.34558	25.7	null	null	13113	75
2026-05-27T14:27:32.890	WT901BLE68(F3:F0:16:BF:DC:AE)	0.910	-0.101	-0.405	3.357	0.549	8.728	-160.44	-69.14	-124.57	6.287	21.427	-48.460	-0.50388	-0.40646	0.67926	-0.34558	25.7	null	null	13113	75
2026-05-27T14:27:32.984	WT901BLE68(F3:F0:16:BF:DC:AE)	0.918	-0.167	-0.340	7.141	0.244	5.066	-158.61	-68.81	-126.02	6.287	21.427	-48.460	-0.50388	-0.40646	0.67926	-0.34558	25.7	null	null	13113	75
2026-05-27T14:27:33.099	WT901BLE68(F3:F0:16:BF:DC:AE)	0.924	-0.197	-0.304	-3.906	0.000	3.967	-157.51	-68.56	-127.25	6.287	21.427	-48.460	-0.50388	-0.40646	0.67926	-0.34558	25.7	null	null	13113	75
2026-05-27T14:27:33.190	WT901BLE68(F3:F0:16:BF:DC:AE)	0.925	-0.174	-0.315	5.127	-2.991	-1.160	-156.93	-68.38	-127.56	0.887	12.100	-61.067	-0.50388	-0.40646	0.67926	-0.34558	25.7	null	null	13113	75
2026-05-27T14:27:33.312	WT901BLE68(F3:F0:16:BF:DC:AE)	0.924	-0.121	-0.359	-1.160	-0.488	-0.549	-156.99	-68.27	-127.01	0.887	12.100	-61.067	-0.50388	-0.40646	0.67926	-0.34558	25.7	null	null	13113	75
2026-05-27T14:27:33.371	WT901BLE68(F3:F0:16:BF:DC:AE)	0.931	-0.094	-0.337	-12.329	3.662	5.310	-156.87	-68.32	-127.86	0.887	12.100	-61.067	-0.41949	-0.46024	0.67706	-0.39197	25.7	null	null	13113	75
2026-05-27T14:27:33.490	WT901BLE68(F3:F0:16:BF:DC:AE)	0.930	-0.217	-0.313	-23.376	4.822	7.690	-156.98	-68.46	-130.13	0.887	12.100	-61.067	-0.41949	-0.46024	0.67706	-0.39197	25.7	null	null	13113	75
2026-05-27T14:27:33.581	WT901BLE68(F3:F0:16:BF:DC:AE)	0.917	-0.154	-0.330	-3.784	2.686	0.671	-156.59	-68.60	-131.41	0.887	12.100	-61.067	-0.41949	-0.46024	0.67706	-0.39197	25.7	null	null	13113	75
2026-05-27T14:27:33.705	WT901BLE68(F3:F0:16:BF:DC:AE)	0.917	-0.159	-0.350	-10.742	1.038	1.343	-156.50	-68.79	-132.17	0.887	12.100	-61.067	-0.41949	-0.46024	0.67706	-0.39197	25.7	null	null	13113	75
2026-05-27T14:27:33.792	WT901BLE68(F3:F0:16:BF:DC:AE)	0.922	-0.180	-0.346	4.211	-3.540	-4.639	-156.85	-68.82	-131.63	0.887	12.100	-61.067	-0.41949	-0.46024	0.67706	-0.39197	25.7	null	null	13113	75
2026-05-27T14:27:33.911	WT901BLE68(F3:F0:16:BF:DC:AE)	0.938	-0.134	-0.331	8.911	-0.732	-6.287	-157.59	-68.79	-129.68	0.887	12.100	-61.067	-0.41949	-0.46024	0.67706	-0.39197	25.7	null	null	13113	75
2026-05-27T14:27:33.971	WT901BLE68(F3:F0:16:BF:DC:AE)	0.930	-0.140	-0.355	7.324	1.709	-6.653	-158.18	-69.07	-128.25	0.887	12.100	-61.067	-0.41949	-0.46024	0.67706	-0.39197	25.7	null	null	13113	75
2026-05-27T14:27:34.092	WT901BLE68(F3:F0:16:BF:DC:AE)	0.932	-0.125	-0.342	2.441	2.747	-4.883	-158.79	-69.34	-126.85	1.287	14.113	-60.053	-0.41949	-0.46024	0.67706	-0.39197	25.7	null	null	13113	75
2026-05-27T14:27:34.181	WT901BLE68(F3:F0:16:BF:DC:AE)	0.918	-0.149	-0.353	-12.024	3.113	-4.761	-160.18	-69.70	-126.19	1.287	14.113	-60.053	-0.41949	-0.46024	0.67706	-0.39197	25.7	null	null	13113	75
2026-05-27T14:27:34.301	WT901BLE68(F3:F0:16:BF:DC:AE)	0.924	-0.130	-0.344	0.793	1.892	-13.733	-162.72	-70.15	-123.98	1.287	14.113	-60.053	-0.44141	-0.45346	0.67599	-0.37744	25.7	null	null	13113	75
2026-05-27T14:27:34.392	WT901BLE68(F3:F0:16:BF:DC:AE)	0.944	-0.106	-0.325	6.165	2.625	-15.137	-165.88	-70.65	-120.17	1.287	14.113	-60.053	-0.44141	-0.45346	0.67599	-0.37744	25.7	null	null	13113	75
2026-05-27T14:27:34.512	WT901BLE68(F3:F0:16:BF:DC:AE)	0.953	-0.008	-0.297	-10.864	12.146	-9.705	-168.96	-71.77	-117.16	1.287	14.113	-60.053	-0.44141	-0.45346	0.67599	-0.37744	25.7	null	null	13113	75
2026-05-27T14:27:34.602	WT901BLE68(F3:F0:16:BF:DC:AE)	0.944	-0.042	-0.318	-22.034	12.024	-9.521	-173.51	-72.96	-114.99	1.287	14.113	-60.053	-0.44141	-0.45346	0.67599	-0.37744	25.7	null	null	13113	75
2026-05-27T14:27:34.723	WT901BLE68(F3:F0:16:BF:DC:AE)	0.968	0.011	-0.278	-8.057	16.479	-5.737	-176.70	-74.39	-112.85	1.287	14.113	-60.053	-0.44141	-0.45346	0.67599	-0.37744	25.7	null	null	13113	75
2026-05-27T14:27:34.783	WT901BLE68(F3:F0:16:BF:DC:AE)	0.975	0.019	-0.216	-28.870	16.479	-2.197	179.64	-75.87	-111.20	1.287	14.113	-60.053	-0.44141	-0.45346	0.67599	-0.37744	25.7	null	null	13113	75
2026-05-27T14:27:34.902	WT901BLE68(F3:F0:16:BF:DC:AE)	0.984	0.012	-0.179	-15.320	16.724	-2.380	176.30	-77.42	-110.15	1.287	14.113	-60.053	-0.44141	-0.45346	0.67599	-0.37744	25.7	null	null	13113	75
2026-05-27T14:27:34.990	WT901BLE68(F3:F0:16:BF:DC:AE)	0.999	0.044	-0.137	-22.034	19.836	0.977	173.41	-79.30	-109.07	3.160	24.387	-50.740	-0.44141	-0.45346	0.67599	-0.37744	25.7	null	null	13113	75
2026-05-27T14:27:35.111	WT901BLE68(F3:F0:16:BF:DC:AE)	0.995	0.016	-0.123	-14.282	21.057	1.160	170.38	-81.40	-108.08	3.160	24.387	-50.740	-0.44141	-0.45346	0.67599	-0.37744	25.7	null	null	13113	75
2026-05-27T14:27:35.202	WT901BLE68(F3:F0:16:BF:DC:AE)	0.995	0.024	-0.084	6.897	15.991	-4.028	166.20	-83.17	-104.39	3.160	24.387	-50.740	-0.57010	-0.39410	0.64066	-0.33035	25.7	null	null	13113	75
2026-05-27T14:27:35.321	WT901BLE68(F3:F0:16:BF:DC:AE)	0.985	0.045	-0.063	17.334	11.536	-3.784	160.25	-84.38	-97.39	3.160	24.387	-50.740	-0.57010	-0.39410	0.64066	-0.33035	25.7	null	null	13113	75
2026-05-27T14:27:35.383	WT901BLE68(F3:F0:16:BF:DC:AE)	0.997	0.049	-0.054	10.986	8.850	0.000	154.86	-85.29	-90.75	3.160	24.387	-50.740	-0.57010	-0.39410	0.64066	-0.33035	25.7	null	null	13113	75
2026-05-27T14:27:35.502	WT901BLE68(F3:F0:16:BF:DC:AE)	0.986	0.030	-0.045	17.395	5.005	-2.380	150.42	-85.91	-85.18	3.160	24.387	-50.740	-0.57010	-0.39410	0.64066	-0.33035	25.7	null	null	13113	75
2026-05-27T14:27:35.593	WT901BLE68(F3:F0:16:BF:DC:AE)	1.002	0.056	-0.027	22.095	5.920	-2.441	144.18	-86.18	-77.06	3.160	24.387	-50.740	-0.57010	-0.39410	0.64066	-0.33035	25.7	null	null	13113	75
2026-05-27T14:27:35.713	WT901BLE68(F3:F0:16:BF:DC:AE)	0.999	0.096	-0.007	7.996	13.489	3.479	135.60	-86.87	-67.07	3.160	24.387	-50.740	-0.57010	-0.39410	0.64066	-0.33035	25.7	null	null	13113	75
2026-05-27T14:27:35.803	WT901BLE68(F3:F0:16:BF:DC:AE)	1.035	0.043	-0.034	-5.554	11.841	5.920	115.84	-88.06	-47.76	3.160	24.387	-50.740	-0.57010	-0.39410	0.64066	-0.33035	25.7	null	null	13113	75
2026-05-27T14:27:35.920	WT901BLE68(F3:F0:16:BF:DC:AE)	1.021	0.032	0.010	4.150	6.409	5.554	95.47	-88.63	-27.59	8.960	24.033	-45.513	-0.57010	-0.39410	0.64066	-0.33035	25.7	null	null	13113	75
2026-05-27T14:27:36.012	WT901BLE68(F3:F0:16:BF:DC:AE)	0.960	0.068	-0.031	-7.019	13.550	10.986	29.92	-88.80	38.00	8.960	24.033	-45.513	-0.57010	-0.39410	0.64066	-0.33035	25.7	null	null	13113	75
2026-05-27T14:27:36.132	WT901BLE68(F3:F0:16:BF:DC:AE)	0.992	0.050	0.033	-1.953	-5.066	1.160	5.36	-88.67	62.09	8.960	24.033	-45.513	-0.59567	-0.39017	0.57922	-0.39664	25.7	null	null	13113	75
2026-05-27T14:27:36.191	WT901BLE68(F3:F0:16:BF:DC:AE)	0.989	-0.022	0.047	2.136	-2.014	4.700	-0.70	-89.07	67.53	8.960	24.033	-45.513	-0.59567	-0.39017	0.57922	-0.39664	25.7	null	null	13113	75
2026-05-27T14:27:36.315	WT901BLE68(F3:F0:16:BF:DC:AE)	1.011	0.022	0.012	-1.160	-8.179	2.563	-28.09	-89.24	95.12	8.960	24.033	-45.513	-0.59567	-0.39017	0.57922	-0.39664	25.7	null	null	13113	75
2026-05-27T14:27:36.405	WT901BLE68(F3:F0:16:BF:DC:AE)	0.998	0.052	0.044	0.305	-13.123	1.526	-142.32	-89.20	-150.70	8.960	24.033	-45.513	-0.59567	-0.39017	0.57922	-0.39664	25.7	null	null	13113	75
2026-05-27T14:27:36.524	WT901BLE68(F3:F0:16:BF:DC:AE)	1.004	-0.036	0.014	-20.874	-14.832	2.441	-166.79	-87.96	-127.61	8.960	24.033	-45.513	-0.59567	-0.39017	0.57922	-0.39664	25.7	null	null	13113	75
2026-05-27T14:27:36.611	WT901BLE68(F3:F0:16:BF:DC:AE)	0.995	-0.019	-0.056	-35.645	-14.648	16.357	-153.40	-86.82	-143.16	8.960	24.033	-45.513	-0.59567	-0.39017	0.57922	-0.39664	25.7	null	null	13113	75
2026-05-27T14:27:36.734	WT901BLE68(F3:F0:16:BF:DC:AE)	0.976	-0.069	-0.130	8.789	-29.907	4.272	-152.60	-84.12	-145.28	8.960	24.033	-45.513	-0.59567	-0.39017	0.57922	-0.39664	25.7	null	null	13113	75
2026-05-27T14:27:36.789	WT901BLE68(F3:F0:16:BF:DC:AE)	0.966	0.036	-0.124	-10.742	-17.944	18.799	-154.78	-81.39	-142.65	8.580	20.307	-47.627	-0.59567	-0.39017	0.57922	-0.39664	25.7	null	null	13113	75
2026-05-27T14:27:36.912	WT901BLE68(F3:F0:16:BF:DC:AE)	1.026	-0.155	-0.268	6.348	-36.194	9.460	-154.83	-78.26	-143.80	8.580	20.307	-47.627	-0.59567	-0.39017	0.57922	-0.39664	25.7	null	null	13113	75
2026-05-27T14:27:36.999	WT901BLE68(F3:F0:16:BF:DC:AE)	0.896	-0.083	-0.315	-2.258	-35.645	2.136	-159.93	-75.04	-137.92	8.580	20.307	-47.627	-0.52512	-0.37003	0.68109	-0.35123	25.7	null	null	13113	75
2026-05-27T14:27:37.121	WT901BLE68(F3:F0:16:BF:DC:AE)	0.965	-0.189	-0.233	22.339	-27.039	-7.568	-164.03	-71.64	-132.50	8.580	20.307	-47.627	-0.52512	-0.37003	0.68109	-0.35123	25.7	null	null	13113	75
2026-05-27T14:27:37.214	WT901BLE68(F3:F0:16:BF:DC:AE)	0.997	-0.155	-0.233	-2.441	-1.404	10.193	-162.28	-70.64	-132.27	8.580	20.307	-47.627	-0.52512	-0.37003	0.68109	-0.35123	25.7	null	null	13113	75
2026-05-27T14:27:37.332	WT901BLE68(F3:F0:16:BF:DC:AE)	0.924	-0.172	-0.361	6.897	-2.625	5.188	-159.78	-70.35	-135.06	8.580	20.307	-47.627	-0.52512	-0.37003	0.68109	-0.35123	25.7	null	null	13113	75
2026-05-27T14:27:37.421	WT901BLE68(F3:F0:16:BF:DC:AE)	0.941	-0.148	-0.340	5.127	-2.563	3.113	-158.12	-69.88	-135.27	8.580	20.307	-47.627	-0.52512	-0.37003	0.68109	-0.35123	25.7	null	null	13113	75
2026-05-27T14:27:37.547	WT901BLE68(F3:F0:16:BF:DC:AE)	0.916	-0.194	-0.359	6.714	-1.343	2.502	-157.03	-69.58	-135.95	8.580	20.307	-47.627	-0.52512	-0.37003	0.68109	-0.35123	25.7	null	null	13113	75
2026-05-27T14:27:37.600	WT901BLE68(F3:F0:16:BF:DC:AE)	0.919	-0.198	-0.340	17.761	-5.676	-8.789	-156.65	-69.31	-134.75	8.580	20.307	-47.627	-0.52512	-0.37003	0.68109	-0.35123	25.7	null	null	13113	75
2026-05-27T14:27:37.722	WT901BLE68(F3:F0:16:BF:DC:AE)	0.949	-0.180	-0.276	31.189	-6.531	-11.658	-157.29	-68.91	-130.86	2.067	14.480	-58.020	-0.52512	-0.37003	0.68109	-0.35123	25.7	null	null	13113	75
2026-05-27T14:27:37.816	WT901BLE68(F3:F0:16:BF:DC:AE)	0.916	-0.136	-0.380	12.085	0.671	-8.606	-157.47	-69.01	-128.66	2.067	14.480	-58.020	-0.52512	-0.37003	0.68109	-0.35123	25.7	null	null	13113	75
2026-05-27T14:27:37.929	WT901BLE68(F3:F0:16:BF:DC:AE)	0.934	-0.091	-0.357	14.832	1.282	-7.019	-157.64	-69.25	-126.52	2.067	14.480	-58.020	-0.42792	-0.45648	0.67542	-0.39014	25.7	null	null	13113	75
2026-05-27T14:27:38.022	WT901BLE68(F3:F0:16:BF:DC:AE)	0.925	-0.160	-0.344	-14.282	2.808	-1.343	-158.67	-69.55	-125.79	2.067	14.480	-58.020	-0.42792	-0.45648	0.67542	-0.39014	25.7	null	null	13113	75
2026-05-27T14:27:38.148	WT901BLE68(F3:F0:16:BF:DC:AE)	0.937	-0.198	-0.327	-13.489	1.831	-4.944	-160.46	-69.89	-125.07	2.067	14.480	-58.020	-0.42792	-0.45648	0.67542	-0.39014	25.7	null	null	13113	75
2026-05-27T14:27:38.201	WT901BLE68(F3:F0:16:BF:DC:AE)	0.939	-0.090	-0.350	-19.531	12.085	-3.906	-162.30	-70.72	-124.50	2.067	14.480	-58.020	-0.42792	-0.45648	0.67542	-0.39014	25.7	null	null	13113	75
2026-05-27T14:27:38.330	WT901BLE68(F3:F0:16:BF:DC:AE)	0.926	-0.066	-0.339	-19.653	8.850	-7.690	-164.65	-71.80	-124.12	2.067	14.480	-58.020	-0.42792	-0.45648	0.67542	-0.39014	25.7	null	null	13113	75
2026-05-27T14:27:38.414	WT901BLE68(F3:F0:16:BF:DC:AE)	0.964	-0.069	-0.237	-7.751	10.376	-10.498	-168.05	-72.59	-121.82	2.067	14.480	-58.020	-0.42792	-0.45648	0.67542	-0.39014	25.7	null	null	13113	75
2026-05-27T14:27:38.536	WT901BLE68(F3:F0:16:BF:DC:AE)	0.963	-0.047	-0.230	-26.489	17.273	-4.700	-171.05	-74.20	-120.81	2.067	14.480	-58.020	-0.42792	-0.45648	0.67542	-0.39014	25.7	null	null	13113	75
2026-05-27T14:27:38.624	WT901BLE68(F3:F0:16:BF:DC:AE)	0.981	-0.038	-0.205	-3.723	19.897	-8.972	-173.68	-76.11	-119.48	2.420	20.467	-54.000	-0.42792	-0.45648	0.67542	-0.39014	25.7	null	null	13113	75
2026-05-27T14:27:38.740	WT901BLE68(F3:F0:16:BF:DC:AE)	0.991	0.034	-0.188	-15.869	26.001	-1.770	-175.30	-78.67	-118.56	2.420	20.467	-54.000	-0.42792	-0.45648	0.67542	-0.39014	25.7	null	null	13113	75
2026-05-27T14:27:38.831	WT901BLE68(F3:F0:16:BF:DC:AE)	0.989	0.014	-0.186	-13.916	18.921	-1.953	-176.86	-80.83	-118.79	2.420	20.467	-54.000	-0.53845	-0.40933	0.64822	-0.34958	25.7	null	null	13113	75
2026-05-27T14:27:38.953	WT901BLE68(F3:F0:16:BF:DC:AE)	0.992	0.029	-0.120	-5.066	14.282	-2.747	-179.73	-82.35	-116.69	2.420	20.467	-54.000	-0.53845	-0.40933	0.64822	-0.34958	25.7	null	null	13113	75
2026-05-27T14:27:39.012	WT901BLE68(F3:F0:16:BF:DC:AE)	1.009	0.019	-0.077	-7.263	12.695	-1.038	177.35	-83.58	-114.41	2.420	20.467	-54.000	-0.53845	-0.40933	0.64822	-0.34958	25.7	null	null	13113	75
2026-05-27T14:27:39.130	WT901BLE68(F3:F0:16:BF:DC:AE)	1.008	0.019	-0.070	0.916	12.329	-1.160	175.42	-84.86	-112.85	2.420	20.467	-54.000	-0.53845	-0.40933	0.64822	-0.34958	25.7	null	null	13113	75
2026-05-27T14:27:39.222	WT901BLE68(F3:F0:16:BF:DC:AE)	0.977	0.029	-0.076	10.071	8.728	0.061	173.68	-85.92	-110.69	2.420	20.467	-54.000	-0.53845	-0.40933	0.64822	-0.34958	25.7	null	null	13113	75
2026-05-27T14:27:39.346	WT901BLE68(F3:F0:16:BF:DC:AE)	0.971	0.048	-0.075	12.207	-3.235	-1.343	171.96	-85.83	-108.07	2.420	20.467	-54.000	-0.53845	-0.40933	0.64822	-0.34958	25.7	null	null	13113	75
2026-05-27T14:27:39.436	WT901BLE68(F3:F0:16:BF:DC:AE)	0.993	0.065	-0.039	-3.540	-8.484	0.854	171.33	-85.21	-107.14	2.420	20.467	-54.000	-0.53845	-0.40933	0.64822	-0.34958	25.7	null	null	13113	75
2026-05-27T14:27:39.552	WT901BLE68(F3:F0:16:BF:DC:AE)	0.993	-0.015	-0.065	-6.836	-13.123	2.197	172.90	-84.35	-109.66	6.780	23.953	-46.080	-0.53845	-0.40933	0.64822	-0.34958	25.7	null	null	13113	75
2026-05-27T14:27:39.613	WT901BLE68(F3:F0:16:BF:DC:AE)	0.998	0.009	-0.085	8.362	-18.982	-0.793	174.97	-82.86	-111.48	6.780	23.953	-46.080	-0.53845	-0.40933	0.64822	-0.34958	25.7	null	null	13113	75
2026-05-27T14:27:39.730	WT901BLE68(F3:F0:16:BF:DC:AE)	0.984	0.030	-0.139	-0.916	-13.672	5.920	177.76	-81.39	-113.91	6.780	23.953	-46.080	-0.56018	-0.40091	0.63791	-0.34412	25.7	null	null	13113	75
2026-05-27T14:27:39.824	WT901BLE68(F3:F0:16:BF:DC:AE)	0.981	0.014	-0.191	-11.047	-17.395	7.507	-179.14	-79.90	-117.69	6.780	23.953	-46.080	-0.56018	-0.40091	0.63791	-0.34412	25.7	null	null	13113	75
2026-05-27T14:27:39.945	WT901BLE68(F3:F0:16:BF:DC:AE)	0.990	-0.013	-0.182	5.676	-12.024	9.705	-175.17	-78.59	-121.55	6.780	23.953	-46.080	-0.56018	-0.40091	0.63791	-0.34412	25.7	null	null	13113	75
2026-05-27T14:27:40.035	WT901BLE68(F3:F0:16:BF:DC:AE)	0.975	-0.020	-0.189	-5.005	-4.517	15.381	-170.07	-77.75	-126.75	6.780	23.953	-46.080	-0.56018	-0.40091	0.63791	-0.34412	25.7	null	null	13113	75
2026-05-27T14:27:40.157	WT901BLE68(F3:F0:16:BF:DC:AE)	0.957	-0.080	-0.254	-0.427	-7.324	13.184	-164.81	-76.89	-132.54	6.780	23.953	-46.080	-0.56018	-0.40091	0.63791	-0.34412	25.7	null	null	13113	75
2026-05-27T14:27:40.245	WT901BLE68(F3:F0:16:BF:DC:AE)	0.954	-0.084	-0.279	11.047	-15.381	2.441	-163.05	-75.46	-133.48	6.780	23.953	-46.080	-0.56018	-0.40091	0.63791	-0.34412	25.7	null	null	13113	75
2026-05-27T14:27:40.365	WT901BLE68(F3:F0:16:BF:DC:AE)	0.944	-0.086	-0.318	21.118	-26.917	-7.019	-164.86	-73.32	-129.80	6.780	23.953	-46.080	-0.56018	-0.40091	0.63791	-0.34412	25.7	null	null	13113	75
2026-05-27T14:27:40.420	WT901BLE68(F3:F0:16:BF:DC:AE)	0.941	-0.071	-0.308	31.616	-23.682	-9.949	-167.20	-70.83	-124.35	6.780	23.953	-46.080	-0.56018	-0.40091	0.63791	-0.34412	25.7	null	null	13113	75
2026-05-27T14:27:40.545	WT901BLE68(F3:F0:16:BF:DC:AE)	0.941	-0.083	-0.324	16.479	-9.583	0.061	-166.79	-69.47	-121.81	6.780	23.953	-46.080	-0.56018	-0.40091	0.63791	-0.34412	25.7	null	null	13113	75
2026-05-27T14:27:40.631	WT901BLE68(F3:F0:16:BF:DC:AE)	0.940	-0.147	-0.325	14.893	-0.977	2.808	-165.12	-69.04	-121.98	6.780	23.953	-46.080	-0.56018	-0.40091	0.63791	-0.34412	25.7	null	null	13113	75
2026-05-27T14:27:40.752	WT901BLE68(F3:F0:16:BF:DC:AE)	0.936	-0.142	-0.328	12.512	-0.977	2.441	-162.86	-68.92	-122.81	6.780	23.953	-46.080	-0.56018	-0.40091	0.63791	-0.34412	25.6	null	null	13113	75
2026-05-27T14:27:40.842	WT901BLE68(F3:F0:16:BF:DC:AE)	0.925	-0.117	-0.367	2.563	-0.671	3.723	-161.21	-68.77	-123.79	6.780	23.953	-46.080	-0.56018	-0.40091	0.63791	-0.34412	25.6	null	null	13113	75
2026-05-27T14:27:40.963	WT901BLE68(F3:F0:16:BF:DC:AE)	0.928	-0.091	-0.358	-7.141	0.610	5.615	-160.59	-68.50	-124.59	-0.160	14.000	-61.760	-0.56018	-0.40091	0.63791	-0.34412	25.6	null	null	13113	75
2026-05-27T14:27:41.022	WT901BLE68(F3:F0:16:BF:DC:AE)	0.916	-0.124	-0.364	-17.029	3.052	9.399	-160.14	-68.35	-126.54	-0.160	14.000	-61.760	-0.56018	-0.40091	0.63791	-0.34412	25.6	null	null	13113	75
2026-05-27T14:27:41.142	WT901BLE68(F3:F0:16:BF:DC:AE)	0.926	-0.169	-0.342	-8.240	4.944	7.568	-159.01	-68.33	-129.02	-0.160	14.000	-61.760	-0.43173	-0.44839	0.68719	-0.37442	25.6	null	null	13113	75
2026-05-27T14:27:41.232	WT901BLE68(F3:F0:16:BF:DC:AE)	0.917	-0.152	-0.333	-12.695	4.517	7.813	-157.57	-68.48	-131.45	-0.160	14.000	-61.760	-0.43173	-0.44839	0.68719	-0.37442	25.6	null	null	13113	75
2026-05-27T14:27:41.355	WT901BLE68(F3:F0:16:BF:DC:AE)	0.913	-0.185	-0.341	-1.892	-0.427	1.404	-156.70	-68.48	-133.10	-0.160	14.000	-61.760	-0.43173	-0.44839	0.68719	-0.37442	25.6	null	null	13113	75
2026-05-27T14:27:41.441	WT901BLE68(F3:F0:16:BF:DC:AE)	0.926	-0.171	-0.319	6.165	-2.808	-3.357	-156.68	-68.30	-132.62	-0.160	14.000	-61.760	-0.43173	-0.44839	0.68719	-0.37442	25.6	null	null	13113	75
2026-05-27T14:27:41.566	WT901BLE68(F3:F0:16:BF:DC:AE)	0.916	-0.159	-0.360	9.827	-2.991	-5.249	-156.91	-68.17	-131.41	-0.160	14.000	-61.760	-0.43173	-0.44839	0.68719	-0.37442	25.6	null	null	13113	75
2026-05-27T14:27:41.652	WT901BLE68(F3:F0:16:BF:DC:AE)	0.914	-0.136	-0.375	10.071	-1.709	-6.165	-157.31	-68.11	-129.77	-0.160	14.000	-61.760	-0.43173	-0.44839	0.68719	-0.37442	25.6	null	null	13113	75
2026-05-27T14:27:41.772	WT901BLE68(F3:F0:16:BF:DC:AE)	0.923	-0.127	-0.347	6.104	0.488	-3.845	-157.74	-68.18	-128.30	-0.160	14.000	-61.760	-0.43173	-0.44839	0.68719	-0.37442	25.6	null	null	13113	75
2026-05-27T14:27:41.830	WT901BLE68(F3:F0:16:BF:DC:AE)	0.927	-0.175	-0.329	11.475	-0.305	-7.141	-158.05	-68.35	-127.14	1.013	14.000	-60.853	-0.43173	-0.44839	0.68719	-0.37442	25.6	null	null	13113	75
2026-05-27T14:27:41.952	WT901BLE68(F3:F0:16:BF:DC:AE)	0.938	-0.122	-0.315	9.460	0.000	-7.324	-158.68	-68.55	-125.26	1.013	14.000	-60.853	-0.43173	-0.44839	0.68719	-0.37442	25.6	null	null	13113	75
2026-05-27T14:27:42.040	WT901BLE68(F3:F0:16:BF:DC:AE)	0.935	-0.136	-0.329	1.526	2.014	-4.211	-159.48	-68.85	-123.97	1.013	14.000	-60.853	-0.42108	-0.46796	0.67145	-0.39084	25.6	null	null	13113	75
2026-05-27T14:27:42.161	WT901BLE68(F3:F0:16:BF:DC:AE)	0.929	-0.117	-0.350	-10.620	2.625	-2.502	-160.41	-69.22	-123.39	1.013	14.000	-60.853	-0.42108	-0.46796	0.67145	-0.39084	25.6	null	null	13113	75
2026-05-27T14:27:42.252	WT901BLE68(F3:F0:16:BF:DC:AE)	0.923	-0.120	-0.365	-23.438	4.333	-1.770	-162.54	-69.53	-123.22	1.013	14.000	-60.853	-0.42108	-0.46796	0.67145	-0.39084	25.6	null	null	13113	75
2026-05-27T14:27:42.373	WT901BLE68(F3:F0:16:BF:DC:AE)	0.928	-0.099	-0.368	-15.686	5.005	-7.690	-165.33	-69.98	-122.40	1.013	14.000	-60.853	-0.42108	-0.46796	0.67145	-0.39084	25.6	null	null	13113	75
2026-05-27T14:27:42.432	WT901BLE68(F3:F0:16:BF:DC:AE)	0.947	-0.099	-0.313	-12.390	7.813	-8.911	-168.55	-70.62	-120.53	1.013	14.000	-60.853	-0.42108	-0.46796	0.67145	-0.39084	25.6	null	null	13113	75
2026-05-27T14:27:42.556	WT901BLE68(F3:F0:16:BF:DC:AE)	0.963	-0.069	-0.264	-19.714	10.132	-7.080	-171.62	-71.65	-118.88	1.013	14.000	-60.853	-0.42108	-0.46796	0.67145	-0.39084	25.6	null	null	13113	75
2026-05-27T14:27:42.643	WT901BLE68(F3:F0:16:BF:DC:AE)	0.956	-0.027	-0.259	-12.146	16.602	-6.592	-174.42	-73.18	-117.67	1.013	14.000	-60.853	-0.42108	-0.46796	0.67145	-0.39084	25.6	null	null	13113	75
2026-05-27T14:27:42.760	WT901BLE68(F3:F0:16:BF:DC:AE)	0.974	-0.009	-0.235	-4.456	19.348	-5.676	-176.57	-75.05	-116.28	1.513	21.607	-54.380	-0.42108	-0.46796	0.67145	-0.39084	25.6	null	null	13113	75
2026-05-27T14:27:42.852	WT901BLE68(F3:F0:16:BF:DC:AE)	0.978	0.005	-0.209	-0.732	19.836	-5.676	-178.74	-77.06	-114.26	1.513	21.607	-54.380	-0.42108	-0.46796	0.67145	-0.39084	25.6	null	null	13113	75
2026-05-27T14:27:42.970	WT901BLE68(F3:F0:16:BF:DC:AE)	1.005	0.013	-0.177	5.371	21.301	-4.944	178.82	-79.01	-111.68	1.513	21.607	-54.380	-0.52240	-0.42923	0.65015	-0.34647	25.6	null	null	13113	75
2026-05-27T14:27:43.064	WT901BLE68(F3:F0:16:BF:DC:AE)	0.998	0.048	-0.100	10.193	27.893	0.000	177.74	-81.64	-109.73	1.513	21.607	-54.380	-0.52240	-0.42923	0.65015	-0.34647	25.6	null	null	13113	75
2026-05-27T14:27:43.183	WT901BLE68(F3:F0:16:BF:DC:AE)	0.965	0.055	-0.153	-16.235	19.958	1.709	176.78	-83.56	-109.48	1.513	21.607	-54.380	-0.52240	-0.42923	0.65015	-0.34647	25.6	null	null	13113	75
2026-05-27T14:27:43.241	WT901BLE68(F3:F0:16:BF:DC:AE)	0.979	0.011	-0.113	0.549	21.240	0.061	173.87	-85.45	-107.50	1.513	21.607	-54.380	-0.52240	-0.42923	0.65015	-0.34647	25.6	null	null	13113	75
2026-05-27T14:27:43.364	WT901BLE68(F3:F0:16:BF:DC:AE)	1.003	0.076	-0.045	9.949	9.766	1.892	174.15	-86.97	-107.10	1.513	21.607	-54.380	-0.52240	-0.42923	0.65015	-0.34647	25.6	null	null	13113	75
2026-05-27T14:27:43.451	WT901BLE68(F3:F0:16:BF:DC:AE)	1.007	0.043	-0.055	-5.920	2.625	-2.380	167.92	-87.31	-101.04	1.513	21.607	-54.380	-0.52240	-0.42923	0.65015	-0.34647	25.6	null	null	13113	75
2026-05-27T14:27:43.572	WT901BLE68(F3:F0:16:BF:DC:AE)	0.984	0.039	-0.062	1.770	-2.380	0.610	163.55	-87.19	-97.05	1.513	21.607	-54.380	-0.52240	-0.42923	0.65015	-0.34647	25.6	null	null	13113	75
2026-05-27T14:27:43.661	WT901BLE68(F3:F0:16:BF:DC:AE)	0.977	0.087	-0.057	0.488	-6.531	3.723	168.89	-86.75	-102.23	8.473	23.333	-46.447	-0.52240	-0.42923	0.65015	-0.34647	25.6	null	null	13113	75
2026-05-27T14:27:43.784	WT901BLE68(F3:F0:16:BF:DC:AE)	0.981	0.043	-0.052	-17.151	-15.015	0.305	171.13	-85.68	-105.65	8.473	23.333	-46.447	-0.52240	-0.42923	0.65015	-0.34647	25.6	null	null	13113	75
2026-05-27T14:27:43.841	WT901BLE68(F3:F0:16:BF:DC:AE)	0.994	-0.055	-0.065	-10.742	-22.095	3.357	172.56	-83.83	-108.80	8.473	23.333	-46.447	-0.57309	-0.39801	0.62201	-0.35513	25.6	null	null	13113	75
2026-05-27T14:27:43.963	WT901BLE68(F3:F0:16:BF:DC:AE)	1.010	-0.006	-0.063	4.395	-23.499	1.282	176.82	-81.69	-113.27	8.473	23.333	-46.447	-0.57309	-0.39801	0.62201	-0.35513	25.6	null	null	13113	75
2026-05-27T14:27:44.052	WT901BLE68(F3:F0:16:BF:DC:AE)	1.021	-0.026	-0.085	15.564	-15.869	3.662	-179.74	-80.12	-115.64	8.473	23.333	-46.447	-0.57309	-0.39801	0.62201	-0.35513	25.6	null	null	13113	75
2026-05-27T14:27:44.173	WT901BLE68(F3:F0:16:BF:DC:AE)	0.965	-0.010	-0.191	12.329	-15.930	5.127	-176.19	-78.91	-117.97	8.473	23.333	-46.447	-0.57309	-0.39801	0.62201	-0.35513	25.6	null	null	13113	75
2026-05-27T14:27:44.262	WT901BLE68(F3:F0:16:BF:DC:AE)	0.977	-0.011	-0.230	18.799	-19.653	3.235	-173.34	-77.25	-119.12	8.473	23.333	-46.447	-0.57309	-0.39801	0.62201	-0.35513	25.6	null	null	13113	75
2026-05-27T14:27:44.381	WT901BLE68(F3:F0:16:BF:DC:AE)	0.962	-0.026	-0.277	10.620	-20.996	4.944	-171.41	-75.31	-119.64	8.473	23.333	-46.447	-0.57309	-0.39801	0.62201	-0.35513	25.6	null	null	13113	75
2026-05-27T14:27:44.474	WT901BLE68(F3:F0:16:BF:DC:AE)	0.949	-0.087	-0.308	16.785	-17.151	3.540	-169.74	-73.41	-119.97	8.473	23.333	-46.447	-0.57309	-0.39801	0.62201	-0.35513	25.6	null	null	13113	75
2026-05-27T14:27:44.594	WT901BLE68(F3:F0:16:BF:DC:AE)	0.930	-0.081	-0.324	23.926	-12.512	5.310	-167.15	-72.02	-120.28	1.867	17.793	-57.760	-0.57309	-0.39801	0.62201	-0.35513	25.6	null	null	13113	75
2026-05-27T14:27:44.653	WT901BLE68(F3:F0:16:BF:DC:AE)	0.942	-0.109	-0.320	6.775	-8.301	10.559	-164.31	-70.68	-121.99	1.867	17.793	-57.760	-0.57309	-0.39801	0.62201	-0.35513	25.6	null	null	13113	75
2026-05-27T14:27:44.772	WT901BLE68(F3:F0:16:BF:DC:AE)	0.931	-0.111	-0.330	3.784	-0.854	9.094	-161.65	-70.06	-124.13	1.867	17.793	-57.760	-0.44305	-0.46063	0.67004	-0.37744	25.6	null	null	13113	75
2026-05-27T14:27:44.862	WT901BLE68(F3:F0:16:BF:DC:AE)	0.924	-0.132	-0.346	-14.587	0.488	10.742	-159.93	-69.72	-126.79	1.867	17.793	-57.760	-0.44305	-0.46063	0.67004	-0.37744	25.6	null	null	13113	75
2026-05-27T14:27:44.982	WT901BLE68(F3:F0:16:BF:DC:AE)	0.919	-0.153	-0.347	-5.493	-1.221	6.226	-159.13	-69.29	-128.80	1.867	17.793	-57.760	-0.44305	-0.46063	0.67004	-0.37744	25.6	null	null	13113	75
2026-05-27T14:27:45.104	WT901BLE68(F3:F0:16:BF:DC:AE)	0.926	-0.155	-0.340	-8.423	-2.441	5.493	-158.58	-68.85	-129.92	1.867	17.793	-57.760	-0.44305	-0.46063	0.67004	-0.37744	25.6	null	null	13113	75
2026-05-27T14:27:45.191	WT901BLE68(F3:F0:16:BF:DC:AE)	0.931	-0.170	-0.332	-1.953	0.122	2.991	-158.25	-68.53	-130.73	1.867	17.793	-57.760	-0.44305	-0.46063	0.67004	-0.37744	25.6	null	null	13113	75
2026-05-27T14:27:45.252	WT901BLE68(F3:F0:16:BF:DC:AE)	0.925	-0.158	-0.331	-6.592	1.770	4.333	-157.51	-68.47	-131.82	1.867	17.793	-57.760	-0.44305	-0.46063	0.67004	-0.37744	25.6	null	null	13113	75
2026-05-27T14:27:45.373	WT901BLE68(F3:F0:16:BF:DC:AE)	0.929	-0.179	-0.326	1.526	2.686	2.441	-156.53	-68.53	-132.97	1.867	17.793	-57.760	-0.44305	-0.46063	0.67004	-0.37744	25.6	null	null	13113	75
2026-05-27T14:27:45.461	WT901BLE68(F3:F0:16:BF:DC:AE)	0.931	-0.162	-0.320	-1.099	4.700	5.249	-154.58	-68.83	-134.58	1.827	14.293	-59.160	-0.44305	-0.46063	0.67004	-0.37744	25.6	null	null	13113	75
2026-05-27T14:27:45.584	WT901BLE68(F3:F0:16:BF:DC:AE)	0.910	-0.168	-0.358	-2.075	5.310	5.615	-152.87	-68.93	-136.49	1.827	14.293	-59.160	-0.44305	-0.46063	0.67004	-0.37744	25.6	null	null	13113	75
2026-05-27T14:27:45.672	WT901BLE68(F3:F0:16:BF:DC:AE)	0.906	-0.159	-0.386	5.188	-3.479	-3.784	-152.33	-68.88	-136.53	1.827	14.293	-59.160	-0.43912	-0.41946	0.69470	-0.38535	25.6	null	null	13113	75
2026-05-27T14:27:45.794	WT901BLE68(F3:F0:16:BF:DC:AE)	0.922	-0.186	-0.322	15.503	-8.728	-14.404	-154.73	-68.48	-132.80	1.827	14.293	-59.160	-0.43912	-0.41946	0.69470	-0.38535	25.6	null	null	13113	75
2026-05-27T14:27:45.883	WT901BLE68(F3:F0:16:BF:DC:AE)	0.944	-0.082	-0.320	-4.028	-5.920	-8.240	-157.60	-68.26	-129.00	1.827	14.293	-59.160	-0.43912	-0.41946	0.69470	-0.38535	25.6	null	null	13113	75
2026-05-27T14:27:46.001	WT901BLE68(F3:F0:16:BF:DC:AE)	0.919	-0.124	-0.372	-17.883	-3.235	-2.869	-160.61	-68.02	-127.46	1.827	14.293	-59.160	-0.43912	-0.41946	0.69470	-0.38535	25.6	null	null	13113	75
2026-05-27T14:27:46.064	WT901BLE68(F3:F0:16:BF:DC:AE)	0.933	-0.210	-0.327	-1.648	3.052	-5.859	-162.65	-68.02	-126.39	1.827	14.293	-59.160	-0.43912	-0.41946	0.69470	-0.38535	25.6	null	null	13113	75
2026-05-27T14:27:46.182	WT901BLE68(F3:F0:16:BF:DC:AE)	0.930	-0.181	-0.313	-0.122	5.615	-9.705	-163.31	-68.70	-125.53	1.827	14.293	-59.160	-0.43912	-0.41946	0.69470	-0.38535	25.6	null	null	13113	75
2026-05-27T14:27:46.272	WT901BLE68(F3:F0:16:BF:DC:AE)	0.918	-0.116	-0.349	8.972	5.371	-17.273	-165.14	-69.55	-123.04	1.827	14.293	-59.160	-0.43912	-0.41946	0.69470	-0.38535	25.6	null	null	13113	75
2026-05-27T14:27:46.390	WT901BLE68(F3:F0:16:BF:DC:AE)	0.947	-0.035	-0.309	5.493	9.399	-17.761	-168.06	-70.52	-118.91	0.667	16.807	-58.913	-0.43912	-0.41946	0.69470	-0.38535	25.6	null	null	13113	75
2026-05-27T14:27:46.481	WT901BLE68(F3:F0:16:BF:DC:AE)	0.946	-0.009	-0.308	-15.320	12.024	-10.742	-171.78	-71.83	-115.60	0.667	16.807	-58.913	-0.43912	-0.41946	0.69470	-0.38535	25.6	null	null	13113	75
2026-05-27T14:27:46.602	WT901BLE68(F3:F0:16:BF:DC:AE)	0.958	-0.032	-0.279	-8.911	13.184	-12.512	-176.22	-73.13	-112.53	0.667	16.807	-58.913	-0.47009	-0.46429	0.65982	-0.35770	25.6	null	null	13113	75
2026-05-27T14:27:46.660	WT901BLE68(F3:F0:16:BF:DC:AE)	0.972	0.055	-0.253	-5.798	16.296	-11.108	179.30	-74.62	-108.42	0.667	16.807	-58.913	-0.47009	-0.46429	0.65982	-0.35770	25.6	null	null	13113	75
2026-05-27T14:27:46.783	WT901BLE68(F3:F0:16:BF:DC:AE)	0.997	0.113	-0.249	-18.433	20.081	-1.160	175.04	-76.23	-105.51	0.667	16.807	-58.913	-0.47009	-0.46429	0.65982	-0.35770	25.6	null	null	13113	75
2026-05-27T14:27:46.873	WT901BLE68(F3:F0:16:BF:DC:AE)	0.999	0.076	-0.205	-26.672	21.973	6.409	171.86	-78.23	-104.74	0.667	16.807	-58.913	-0.47009	-0.46429	0.65982	-0.35770	25.6	null	null	13113	75
2026-05-27T14:27:46.992	WT901BLE68(F3:F0:16:BF:DC:AE)	0.990	0.079	-0.164	-39.063	26.001	13.184	171.05	-80.55	-106.88	0.667	16.807	-58.913	-0.47009	-0.46429	0.65982	-0.35770	25.6	null	null	13113	75
2026-05-27T14:27:47.082	WT901BLE68(F3:F0:16:BF:DC:AE)	1.023	-0.003	-0.105	-24.353	18.738	10.437	172.85	-82.96	-112.43	0.667	16.807	-58.913	-0.47009	-0.46429	0.65982	-0.35770	25.6	null	null	13113	75
2026-05-27T14:27:47.202	WT901BLE68(F3:F0:16:BF:DC:AE)	0.955	0.022	-0.093	-15.808	6.531	-1.465	175.22	-84.15	-116.07	0.667	16.807	-58.913	-0.47009	-0.46429	0.65982	-0.35770	25.6	null	null	13113	75
2026-05-27T14:27:47.262	WT901BLE68(F3:F0:16:BF:DC:AE)	1.007	-0.099	0.044	-24.963	0.183	-7.019	169.97	-84.77	-113.65	7.427	25.287	-43.073	-0.47009	-0.46429	0.65982	-0.35770	25.6	null	null	13113	75
2026-05-27T14:27:47.412	WT901BLE68(F3:F0:16:BF:DC:AE)	1.028	-0.027	-0.009	9.644	3.967	-8.118	162.95	-85.05	-108.09	7.427	25.287	-43.073	-0.47009	-0.46429	0.65982	-0.35770	25.6	null	null	13113	75
2026-05-27T14:27:47.471	WT901BLE68(F3:F0:16:BF:DC:AE)	0.992	0.154	-0.073	1.038	5.920	-1.770	152.31	-85.62	-96.02	7.427	25.287	-43.073	-0.60727	-0.35532	0.63910	-0.31049	25.6	null	null	13113	75
2026-05-27T14:27:47.592	WT901BLE68(F3:F0:16:BF:DC:AE)	0.958	0.057	-0.106	-19.653	-0.061	0.977	149.68	-86.09	-95.20	7.427	25.287	-43.073	-0.60727	-0.35532	0.63910	-0.31049	25.6	null	null	13113	75
2026-05-27T14:27:47.681	WT901BLE68(F3:F0:16:BF:DC:AE)	1.034	0.027	-0.062	31.982	-16.113	-8.850	150.81	-84.86	-95.27	7.427	25.287	-43.073	-0.60727	-0.35532	0.63910	-0.31049	25.6	null	null	13113	75
2026-05-27T14:27:47.805	WT901BLE68(F3:F0:16:BF:DC:AE)	0.998	-0.003	-0.081	46.875	-10.864	-10.681	152.72	-83.06	-93.18	7.427	25.287	-43.073	-0.60727	-0.35532	0.63910	-0.31049	25.6	null	null	13113	75
2026-05-27T14:27:47.891	WT901BLE68(F3:F0:16:BF:DC:AE)	0.985	0.043	-0.071	45.105	7.690	-5.188	152.33	-82.64	-88.10	7.427	25.287	-43.073	-0.60727	-0.35532	0.63910	-0.31049	25.6	null	null	13113	75
2026-05-27T14:27:48.014	WT901BLE68(F3:F0:16:BF:DC:AE)	1.031	0.140	-0.132	24.780	17.456	7.324	151.84	-84.08	-84.27	7.427	25.287	-43.073	-0.60727	-0.35532	0.63910	-0.31049	25.6	null	null	13113	75
2026-05-27T14:27:48.074	WT901BLE68(F3:F0:16:BF:DC:AE)	0.978	0.107	-0.147	3.723	9.949	5.005	150.23	-85.68	-81.77	7.427	25.287	-43.073	-0.60727	-0.35532	0.63910	-0.31049	25.6	null	null	13113	75
2026-05-27T14:27:48.192	WT901BLE68(F3:F0:16:BF:DC:AE)	0.991	0.051	-0.104	-0.061	-0.610	2.380	150.67	-85.97	-82.30	6.433	24.493	-47.827	-0.60727	-0.35532	0.63910	-0.31049	25.6	null	null	13113	75
2026-05-27T14:27:48.282	WT901BLE68(F3:F0:16:BF:DC:AE)	1.011	0.083	-0.048	5.249	-11.414	2.075	157.16	-85.21	-88.71	6.433	24.493	-47.827	-0.60727	-0.35532	0.63910	-0.31049	25.6	null	null	13113	75
2026-05-27T14:27:48.403	WT901BLE68(F3:F0:16:BF:DC:AE)	1.018	0.110	-0.074	-13.428	-13.794	8.728	164.39	-84.11	-96.36	6.433	24.493	-47.827	-0.56650	-0.42307	0.60132	-0.37198	25.6	null	null	13113	75
2026-05-27T14:27:48.494	WT901BLE68(F3:F0:16:BF:DC:AE)	0.976	-0.036	-0.153	-32.715	-28.992	7.385	169.96	-82.34	-104.42	6.433	24.493	-47.827	-0.56650	-0.42307	0.60132	-0.37198	25.6	null	null	13113	75
2026-05-27T14:27:48.614	WT901BLE68(F3:F0:16:BF:DC:AE)	0.991	-0.020	-0.174	1.709	-28.076	3.662	175.40	-79.35	-111.40	6.433	24.493	-47.827	-0.56650	-0.42307	0.60132	-0.37198	25.6	null	null	13113	75
2026-05-27T14:27:48.705	WT901BLE68(F3:F0:16:BF:DC:AE)	0.940	0.041	-0.263	-1.587	-34.851	4.517	178.43	-76.55	-113.75	6.433	24.493	-47.827	-0.56650	-0.42307	0.60132	-0.37198	25.6	null	null	13113	75
2026-05-27T14:27:48.824	WT901BLE68(F3:F0:16:BF:DC:AE)	1.044	0.004	-0.259	8.362	-27.588	3.723	179.91	-73.33	-115.39	6.433	24.493	-47.827	-0.56650	-0.42307	0.60132	-0.37198	25.6	null	null	13113	75
2026-05-27T14:27:48.882	WT901BLE68(F3:F0:16:BF:DC:AE)	0.945	-0.031	-0.229	2.502	-14.404	15.137	-176.47	-71.47	-117.96	6.433	24.493	-47.827	-0.56650	-0.42307	0.60132	-0.37198	25.6	null	null	13113	75
2026-05-27T14:27:49.004	WT901BLE68(F3:F0:16:BF:DC:AE)	0.923	-0.170	-0.314	16.113	-12.024	3.723	-173.38	-70.21	-121.13	6.433	24.493	-47.827	-0.56650	-0.42307	0.60132	-0.37198	25.6	null	null	13113	75
2026-05-27T14:27:49.090	WT901BLE68(F3:F0:16:BF:DC:AE)	0.925	-0.065	-0.345	33.020	-10.315	-1.709	-170.03	-69.29	-121.09	0.107	19.640	-57.513	-0.56650	-0.42307	0.60132	-0.37198	25.6	null	null	13113	75
2026-05-27T14:27:49.211	WT901BLE68(F3:F0:16:BF:DC:AE)	0.930	-0.071	-0.376	16.174	-5.066	3.418	-167.77	-68.57	-121.09	0.107	19.640	-57.513	-0.56650	-0.42307	0.60132	-0.37198	25.6	null	null	13113	75
2026-05-27T14:27:49.301	WT901BLE68(F3:F0:16:BF:DC:AE)	0.914	-0.092	-0.394	-2.319	0.549	10.559	-165.55	-68.24	-122.74	0.107	19.640	-57.513	-0.44073	-0.45746	0.68552	-0.35559	25.6	null	null	13113	75
2026-05-27T14:27:49.422	WT901BLE68(F3:F0:16:BF:DC:AE)	0.911	-0.153	-0.386	0.671	0.916	7.874	-163.38	-67.96	-125.16	0.107	19.640	-57.513	-0.44073	-0.45746	0.68552	-0.35559	25.6	null	null	13113	75
2026-05-27T14:27:49.482	WT901BLE68(F3:F0:16:BF:DC:AE)	0.929	-0.160	-0.336	-2.380	2.014	6.714	-161.53	-67.80	-126.97	0.107	19.640	-57.513	-0.44073	-0.45746	0.68552	-0.35559	25.6	null	null	13113	75
2026-05-27T14:27:49.602	WT901BLE68(F3:F0:16:BF:DC:AE)	0.923	-0.164	-0.356	-0.366	3.174	5.432	-159.93	-67.82	-128.78	0.107	19.640	-57.513	-0.44073	-0.45746	0.68552	-0.35559	25.6	null	null	13113	75
2026-05-27T14:27:49.693	WT901BLE68(F3:F0:16:BF:DC:AE)	0.907	-0.148	-0.368	3.113	0.061	0.854	-158.82	-67.79	-129.59	0.107	19.640	-57.513	-0.44073	-0.45746	0.68552	-0.35559	25.6	null	null	13113	75
2026-05-27T14:27:49.812	WT901BLE68(F3:F0:16:BF:DC:AE)	0.913	-0.125	-0.367	0.183	-2.014	-0.549	-158.74	-67.58	-129.23	0.107	19.640	-57.513	-0.44073	-0.45746	0.68552	-0.35559	25.6	null	null	13113	75
2026-05-27T14:27:49.902	WT901BLE68(F3:F0:16:BF:DC:AE)	0.917	-0.130	-0.374	-7.874	-0.488	1.160	-159.26	-67.37	-129.01	0.107	19.640	-57.513	-0.44073	-0.45746	0.68552	-0.35559	25.6	null	null	13113	75
2026-05-27T14:27:50.023	WT901BLE68(F3:F0:16:BF:DC:AE)	0.914	-0.124	-0.390	-20.569	5.737	7.202	-159.61	-67.44	-130.08	0.820	14.367	-59.433	-0.44073	-0.45746	0.68552	-0.35559	25.6	null	null	13113	75
2026-05-27T14:27:50.112	WT901BLE68(F3:F0:16:BF:DC:AE)	0.911	-0.138	-0.371	-22.156	8.545	9.460	-159.25	-67.79	-132.67	0.820	14.367	-59.433	-0.44073	-0.45746	0.68552	-0.35559	25.6	null	null	13113	75
2026-05-27T14:27:50.232	WT901BLE68(F3:F0:16:BF:DC:AE)	0.927	-0.170	-0.325	-12.451	7.202	6.836	-158.31	-68.20	-135.09	0.820	14.367	-59.433	-0.44562	-0.41437	0.70947	-0.35532	25.6	null	null	13113	75
2026-05-27T14:27:50.292	WT901BLE68(F3:F0:16:BF:DC:AE)	0.919	-0.172	-0.330	-1.709	3.540	0.793	-157.47	-68.48	-136.41	0.820	14.367	-59.433	-0.44562	-0.41437	0.70947	-0.35532	25.6	null	null	13113	75
2026-05-27T14:27:50.414	WT901BLE68(F3:F0:16:BF:DC:AE)	0.918	-0.173	-0.334	7.935	-1.160	-5.188	-157.22	-68.59	-135.94	0.820	14.367	-59.433	-0.44562	-0.41437	0.70947	-0.35532	25.6	null	null	13113	75
2026-05-27T14:27:50.503	WT901BLE68(F3:F0:16:BF:DC:AE)	0.927	-0.166	-0.332	23.926	-3.052	-11.414	-157.58	-68.64	-133.42	0.820	14.367	-59.433	-0.44562	-0.41437	0.70947	-0.35532	25.6	null	null	13113	75
2026-05-27T14:27:50.623	WT901BLE68(F3:F0:16:BF:DC:AE)	0.925	-0.134	-0.348	18.433	-1.587	-9.583	-157.74	-68.82	-130.67	0.820	14.367	-59.433	-0.44562	-0.41437	0.70947	-0.35532	25.6	null	null	13113	75
2026-05-27T14:27:50.712	WT901BLE68(F3:F0:16:BF:DC:AE)	0.915	-0.137	-0.375	17.090	-0.732	-11.841	-158.48	-69.10	-128.03	0.820	14.367	-59.433	-0.44562	-0.41437	0.70947	-0.35532	25.6	null	null	13113	75
2026-05-27T14:27:50.832	WT901BLE68(F3:F0:16:BF:DC:AE)	0.939	-0.113	-0.326	12.756	0.122	-13.550	-160.20	-69.42	-124.55	0.820	14.367	-59.433	-0.44562	-0.41437	0.70947	-0.35532	25.6	null	null	13113	75
2026-05-27T14:27:50.889	WT901BLE68(F3:F0:16:BF:DC:AE)	0.938	-0.101	-0.325	-12.939	5.981	-6.409	-162.38	-70.03	-122.55	0.840	14.820	-60.367	-0.44562	-0.41437	0.70947	-0.35532	25.6	null	null	13113	75
2026-05-27T14:27:51.013	WT901BLE68(F3:F0:16:BF:DC:AE)	0.934	-0.130	-0.330	-11.841	9.460	-8.911	-164.75	-70.98	-121.60	0.840	14.820	-60.367	-0.44562	-0.41437	0.70947	-0.35532	25.6	null	null	13113	75
2026-05-27T14:27:51.100	WT901BLE68(F3:F0:16:BF:DC:AE)	0.958	-0.083	-0.264	-11.963	11.230	-10.803	-167.57	-72.14	-119.61	0.840	14.820	-60.367	-0.45355	-0.46045	0.66541	-0.37338	25.6	null	null	13113	75
2026-05-27T14:27:51.221	WT901BLE68(F3:F0:16:BF:DC:AE)	0.957	-0.026	-0.264	-13.855	19.226	-7.324	-170.65	-73.81	-117.99	0.840	14.820	-60.367	-0.45355	-0.46045	0.66541	-0.37338	25.6	null	null	13113	75
2026-05-27T14:27:51.316	WT901BLE68(F3:F0:16:BF:DC:AE)	0.988	0.000	-0.209	-12.207	25.146	-2.563	-172.21	-76.06	-117.78	0.840	14.820	-60.367	-0.45355	-0.46045	0.66541	-0.37338	25.6	null	null	13113	75
2026-05-27T14:27:51.430	WT901BLE68(F3:F0:16:BF:DC:AE)	0.988	-0.006	-0.212	-14.893	25.330	0.732	-172.32	-78.54	-119.18	0.840	14.820	-60.367	-0.45355	-0.46045	0.66541	-0.37338	25.6	null	null	13113	75
2026-05-27T14:27:51.522	WT901BLE68(F3:F0:16:BF:DC:AE)	1.011	0.002	-0.130	-8.362	26.245	3.052	-170.66	-81.05	-122.01	0.840	14.820	-60.367	-0.45355	-0.46045	0.66541	-0.37338	25.6	null	null	13113	75
2026-05-27T14:27:51.644	WT901BLE68(F3:F0:16:BF:DC:AE)	0.996	-0.009	-0.083	-6.714	24.597	3.540	-166.42	-83.44	-127.07	0.840	14.820	-60.367	-0.45355	-0.46045	0.66541	-0.37338	25.6	null	null	13113	75
2026-05-27T14:27:51.700	WT901BLE68(F3:F0:16:BF:DC:AE)	0.983	-0.012	-0.062	-4.761	21.057	3.479	-155.68	-85.57	-138.49	0.840	14.820	-60.367	-0.45355	-0.46045	0.66541	-0.37338	25.6	null	null	13113	75
2026-05-27T14:27:51.821	WT901BLE68(F3:F0:16:BF:DC:AE)	0.970	-0.018	-0.056	-2.136	5.859	-1.099	-145.47	-86.74	-149.22	9.620	22.313	-46.413	-0.45355	-0.46045	0.66541	-0.37338	25.6	null	null	13113	75
2026-05-27T14:27:51.912	WT901BLE68(F3:F0:16:BF:DC:AE)	0.988	-0.014	-0.024	3.418	-4.700	-3.113	-149.78	-86.87	-144.99	9.620	22.313	-46.413	-0.45355	-0.46045	0.66541	-0.37338	25.6	null	null	13113	75
2026-05-27T14:27:52.034	WT901BLE68(F3:F0:16:BF:DC:AE)	1.015	-0.006	0.000	5.310	-1.282	0.000	-156.47	-86.63	-137.92	9.620	22.313	-46.413	-0.57547	-0.38293	0.61478	-0.37964	25.6	null	null	13113	75
2026-05-27T14:27:52.122	WT901BLE68(F3:F0:16:BF:DC:AE)	1.013	0.004	-0.044	-2.869	-3.052	4.700	-155.64	-86.40	-138.64	9.620	22.313	-46.413	-0.57547	-0.38293	0.61478	-0.37964	25.6	null	null	13113	75
2026-05-27T14:27:52.243	WT901BLE68(F3:F0:16:BF:DC:AE)	0.995	-0.009	-0.081	-3.113	-7.935	5.310	-153.87	-85.79	-140.75	9.620	22.313	-46.413	-0.57547	-0.38293	0.61478	-0.37964	25.6	null	null	13113	75
2026-05-27T14:27:52.332	WT901BLE68(F3:F0:16:BF:DC:AE)	0.991	-0.026	-0.112	-0.977	-18.188	4.028	-156.51	-84.47	-138.41	9.620	22.313	-46.413	-0.57547	-0.38293	0.61478	-0.37964	25.6	null	null	13113	75
2026-05-27T14:27:52.423	WT901BLE68(F3:F0:16:BF:DC:AE)	0.952	-0.005	-0.215	-24.475	-37.781	-0.427	-164.30	-82.07	-131.10	9.620	22.313	-46.413	-0.57547	-0.38293	0.61478	-0.37964	25.6	null	null	13113	75
2026-05-27T14:27:52.511	WT901BLE68(F3:F0:16:BF:DC:AE)	1.045	0.002	-0.200	-2.563	-42.908	-10.925	-172.90	-78.13	-124.07	9.620	22.313	-46.413	-0.57547	-0.38293	0.61478	-0.37964	25.6	null	null	13113	75
2026-05-27T14:27:52.635	WT901BLE68(F3:F0:16:BF:DC:AE)	0.964	-0.063	-0.204	13.123	-29.541	-2.686	-176.79	-74.61	-119.18	9.620	22.313	-46.413	-0.57547	-0.38293	0.61478	-0.37964	25.6	null	null	13113	75
2026-05-27T14:27:52.720	WT901BLE68(F3:F0:16:BF:DC:AE)	1.001	-0.081	-0.186	7.385	-8.484	4.333	-176.02	-73.15	-118.76	3.020	22.640	-53.687	-0.57547	-0.38293	0.61478	-0.37964	25.6	null	null	13113	75
2026-05-27T14:27:52.845	WT901BLE68(F3:F0:16:BF:DC:AE)	0.932	-0.039	-0.330	10.376	-6.348	4.700	-173.09	-72.73	-120.93	3.020	22.640	-53.687	-0.57547	-0.38293	0.61478	-0.37964	25.6	null	null	13113	75
2026-05-27T14:27:52.900	WT901BLE68(F3:F0:16:BF:DC:AE)	0.936	-0.070	-0.317	23.376	-9.338	0.061	-171.10	-71.98	-121.33	3.020	22.640	-53.687	-0.48627	-0.42987	0.68158	-0.33777	25.6	null	null	13113	75
2026-05-27T14:27:53.053	WT901BLE68(F3:F0:16:BF:DC:AE)	0.938	-0.057	-0.330	26.489	-9.521	-1.221	-169.19	-71.05	-120.55	3.020	22.640	-53.687	-0.48627	-0.42987	0.68158	-0.33777	25.6	null	null	13113	75
2026-05-27T14:27:53.112	WT901BLE68(F3:F0:16:BF:DC:AE)	0.943	-0.057	-0.334	12.146	-4.517	4.211	-167.37	-70.33	-120.39	3.020	22.640	-53.687	-0.48627	-0.42987	0.68158	-0.33777	25.6	null	null	13113	75
2026-05-27T14:27:53.232	WT901BLE68(F3:F0:16:BF:DC:AE)	0.932	-0.088	-0.360	-0.244	-0.793	9.155	-165.39	-69.93	-122.03	3.020	22.640	-53.687	-0.48627	-0.42987	0.68158	-0.33777	25.6	null	null	13113	75
2026-05-27T14:27:53.320	WT901BLE68(F3:F0:16:BF:DC:AE)	0.923	-0.104	-0.353	-5.554	-0.488	9.399	-163.47	-69.60	-124.37	3.020	22.640	-53.687	-0.48627	-0.42987	0.68158	-0.33777	25.6	null	null	13113	75
2026-05-27T14:27:53.444	WT901BLE68(F3:F0:16:BF:DC:AE)	0.930	-0.138	-0.335	-6.653	-0.366	8.484	-162.02	-69.25	-126.59	3.020	22.640	-53.687	-0.48627	-0.42987	0.68158	-0.33777	25.6	null	null	13113	75
2026-05-27T14:27:53.530	WT901BLE68(F3:F0:16:BF:DC:AE)	0.922	-0.146	-0.335	-8.850	-0.427	6.897	-160.80	-68.96	-128.57	3.020	22.640	-53.687	-0.48627	-0.42987	0.68158	-0.33777	25.6	null	null	13113	75
2026-05-27T14:27:53.652	WT901BLE68(F3:F0:16:BF:DC:AE)	0.931	-0.157	-0.329	-8.423	0.366	6.714	-159.82	-68.73	-130.25	1.093	15.660	-58.727	-0.48627	-0.42987	0.68158	-0.33777	25.6	null	null	13113	75
2026-05-27T14:27:53.711	WT901BLE68(F3:F0:16:BF:DC:AE)	0.921	-0.165	-0.344	-3.784	-0.488	3.601	-159.10	-68.52	-131.67	1.093	15.660	-58.727	-0.48627	-0.42987	0.68158	-0.33777	25.6	null	null	13113	75
2026-05-27T14:27:53.833	WT901BLE68(F3:F0:16:BF:DC:AE)	0.928	-0.155	-0.346	2.747	-0.488	0.000	-158.51	-68.37	-132.02	1.093	15.660	-58.727	-0.44357	-0.42551	0.70001	-0.36340	25.6	null	null	13113	75
2026-05-27T14:27:53.921	WT901BLE68(F3:F0:16:BF:DC:AE)	0.919	-0.148	-0.365	1.831	1.282	0.000	-158.09	-68.38	-132.13	1.093	15.660	-58.727	-0.44357	-0.42551	0.70001	-0.36340	25.6	null	null	13113	75
2026-05-27T14:27:54.044	WT901BLE68(F3:F0:16:BF:DC:AE)	0.924	-0.175	-0.338	13.123	-0.305	-4.578	-157.82	-68.41	-131.68	1.093	15.660	-58.727	-0.44357	-0.42551	0.70001	-0.36340	25.6	null	null	13113	75
2026-05-27T14:27:54.133	WT901BLE68(F3:F0:16:BF:DC:AE)	0.933	-0.142	-0.329	16.541	-2.136	-8.850	-157.77	-68.49	-129.95	1.093	15.660	-58.727	-0.44357	-0.42551	0.70001	-0.36340	25.6	null	null	13113	75
2026-05-27T14:27:54.254	WT901BLE68(F3:F0:16:BF:DC:AE)	0.937	-0.142	-0.361	11.536	-4.333	-6.042	-158.30	-68.47	-127.64	1.093	15.660	-58.727	-0.44357	-0.42551	0.70001	-0.36340	25.6	null	null	13113	75
2026-05-27T14:27:54.342	WT901BLE68(F3:F0:16:BF:DC:AE)	0.948	-0.146	-0.298	11.475	1.343	-7.813	-159.09	-68.52	-125.74	1.093	15.660	-58.727	-0.44357	-0.42551	0.70001	-0.36340	25.6	null	null	13113	75
2026-05-27T14:27:54.462	WT901BLE68(F3:F0:16:BF:DC:AE)	0.919	-0.143	-0.396	6.531	-3.723	-2.258	-159.05	-68.92	-124.96	1.093	15.660	-58.727	-0.44357	-0.42551	0.70001	-0.36340	25.6	null	null	13113	75
2026-05-27T14:27:54.549	WT901BLE68(F3:F0:16:BF:DC:AE)	0.944	-0.250	-0.382	38.635	-2.930	-10.620	-158.73	-68.78	-122.98	-0.167	12.827	-61.433	-0.44357	-0.42551	0.70001	-0.36340	25.6	null	null	13113	75
2026-05-27T14:27:54.642	WT901BLE68(F3:F0:16:BF:DC:AE)	0.922	-0.053	-0.377	42.664	-2.625	-19.409	-157.55	-69.28	-119.20	-0.167	12.827	-61.433	-0.44357	-0.42551	0.70001	-0.36340	25.6	null	null	13113	75
2026-05-27T14:27:54.732	WT901BLE68(F3:F0:16:BF:DC:AE)	0.957	-0.103	-0.292	13.184	1.160	-9.094	-158.96	-69.69	-115.18	-0.167	12.827	-61.433	-0.39590	-0.51282	0.63269	-0.42410	25.6	null	null	13113	75
2026-05-27T14:27:54.851	WT901BLE68(F3:F0:16:BF:DC:AE)	0.953	-0.116	-0.294	1.160	4.822	-6.348	-160.40	-70.22	-113.28	-0.167	12.827	-61.433	-0.39590	-0.51282	0.63269	-0.42410	25.6	null	null	13113	75
2026-05-27T14:27:54.944	WT901BLE68(F3:F0:16:BF:DC:AE)	0.962	-0.078	-0.294	-11.475	6.409	-4.639	-162.39	-70.73	-112.11	-0.167	12.827	-61.433	-0.39590	-0.51282	0.63269	-0.42410	25.6	null	null	13113	75
2026-05-27T14:27:55.062	WT901BLE68(F3:F0:16:BF:DC:AE)	0.954	-0.068	-0.302	-39.490	13.245	2.319	-164.57	-71.60	-113.11	-0.167	12.827	-61.433	-0.39590	-0.51282	0.63269	-0.42410	25.6	null	null	13113	75
2026-05-27T14:27:55.126	WT901BLE68(F3:F0:16:BF:DC:AE)	0.942	-0.085	-0.307	-47.241	18.066	0.549	-167.15	-73.08	-115.46	-0.167	12.827	-61.433	-0.39590	-0.51282	0.63269	-0.42410	25.6	null	null	13113	75
2026-05-27T14:27:55.242	WT901BLE68(F3:F0:16:BF:DC:AE)	0.984	-0.055	-0.208	-40.649	24.780	-1.160	-169.76	-75.16	-117.18	-0.167	12.827	-61.433	-0.39590	-0.51282	0.63269	-0.42410	25.6	null	null	13113	75
2026-05-27T14:27:55.332	WT901BLE68(F3:F0:16:BF:DC:AE)	0.988	-0.057	-0.161	-33.630	28.137	-1.282	-172.10	-77.57	-118.80	-0.167	12.827	-61.433	-0.39590	-0.51282	0.63269	-0.42410	25.6	null	null	13113	75
2026-05-27T14:27:55.452	WT901BLE68(F3:F0:16:BF:DC:AE)	0.993	0.059	-0.195	-34.607	29.358	4.700	-172.43	-80.38	-121.68	4.320	20.127	-53.580	-0.39590	-0.51282	0.63269	-0.42410	25.6	null	null	13113	75
2026-05-27T14:27:55.541	WT901BLE68(F3:F0:16:BF:DC:AE)	0.984	0.023	-0.119	-45.898	32.654	12.207	-166.53	-83.32	-131.54	4.320	20.127	-53.580	-0.39590	-0.51282	0.63269	-0.42410	25.6	null	null	13113	75
2026-05-27T14:27:55.665	WT901BLE68(F3:F0:16:BF:DC:AE)	0.983	-0.075	-0.076	-34.973	19.287	8.667	-153.97	-85.24	-148.46	4.320	20.127	-53.580	-0.57440	-0.36420	0.64557	-0.34714	25.6	null	null	13113	75
2026-05-27T14:27:55.752	WT901BLE68(F3:F0:16:BF:DC:AE)	0.986	-0.081	-0.007	-1.709	4.272	-2.991	-148.85	-85.88	-155.17	4.320	20.127	-53.580	-0.57440	-0.36420	0.64557	-0.34714	25.6	null	null	13113	75
2026-05-27T14:27:55.872	WT901BLE68(F3:F0:16:BF:DC:AE)	1.009	-0.043	0.028	21.484	7.263	-3.052	-145.09	-86.53	-157.36	4.320	20.127	-53.580	-0.57440	-0.36420	0.64557	-0.34714	25.6	null	null	13113	75
2026-05-27T14:27:55.933	WT901BLE68(F3:F0:16:BF:DC:AE)	0.994	-0.009	-0.010	11.841	6.775	1.526	-130.93	-87.26	-169.89	4.320	20.127	-53.580	-0.57440	-0.36420	0.64557	-0.34714	25.6	null	null	13113	75
2026-05-27T14:27:56.056	WT901BLE68(F3:F0:16:BF:DC:AE)	0.954	-0.025	-0.069	8.179	-3.540	1.160	-123.53	-87.30	-176.42	4.320	20.127	-53.580	-0.57440	-0.36420	0.64557	-0.34714	25.6	null	null	13113	75
2026-05-27T14:27:56.141	WT901BLE68(F3:F0:16:BF:DC:AE)	0.995	-0.003	-0.072	21.301	-16.052	-1.221	-137.77	-86.63	-160.44	4.320	20.127	-53.580	-0.57440	-0.36420	0.64557	-0.34714	25.6	null	null	13113	75
2026-05-27T14:27:56.264	WT901BLE68(F3:F0:16:BF:DC:AE)	1.009	0.028	-0.083	10.254	-23.193	-1.038	-154.53	-85.07	-141.93	4.320	20.127	-53.580	-0.57440	-0.36420	0.64557	-0.34714	25.6	null	null	13113	75
2026-05-27T14:27:56.352	WT901BLE68(F3:F0:16:BF:DC:AE)	0.998	-0.028	-0.105	6.958	-23.071	1.648	-162.71	-83.00	-132.79	8.900	21.827	-46.493	-0.57440	-0.36420	0.64557	-0.34714	25.6	null	null	13113	75
2026-05-27T14:27:56.473	WT901BLE68(F3:F0:16:BF:DC:AE)	0.966	0.000	-0.193	9.827	-38.086	-2.258	-167.62	-80.00	-126.61	8.900	21.827	-46.493	-0.57440	-0.36420	0.64557	-0.34714	25.6	null	null	13113	75
2026-05-27T14:27:56.531	WT901BLE68(F3:F0:16:BF:DC:AE)	1.030	-0.046	-0.184	18.616	-45.898	-6.958	-172.70	-75.94	-120.25	8.900	21.827	-46.493	-0.52014	-0.41489	0.65714	-0.35413	25.6	null	null	13113	75
2026-05-27T14:27:56.652	WT901BLE68(F3:F0:16:BF:DC:AE)	0.941	-0.015	-0.290	20.081	-35.400	-4.333	-173.83	-72.21	-116.76	8.900	21.827	-46.493	-0.52014	-0.41489	0.65714	-0.35413	25.6	null	null	13113	75
2026-05-27T14:27:56.742	WT901BLE68(F3:F0:16:BF:DC:AE)	0.979	-0.053	-0.266	9.460	-9.583	8.850	-172.23	-70.59	-116.68	8.900	21.827	-46.493	-0.52014	-0.41489	0.65714	-0.35413	25.6	null	null	13113	75
2026-05-27T14:27:56.862	WT901BLE68(F3:F0:16:BF:DC:AE)	0.917	-0.048	-0.390	-13.000	-1.648	18.677	-168.70	-70.03	-121.03	8.900	21.827	-46.493	-0.52014	-0.41489	0.65714	-0.35413	25.6	null	null	13113	75
2026-05-27T14:27:56.953	WT901BLE68(F3:F0:16:BF:DC:AE)	0.921	-0.127	-0.352	-4.700	0.671	15.686	-165.01	-69.71	-125.63	8.900	21.827	-46.493	-0.52014	-0.41489	0.65714	-0.35413	25.6	null	null	13113	75
2026-05-27T14:27:57.071	WT901BLE68(F3:F0:16:BF:DC:AE)	0.930	-0.167	-0.322	-15.869	2.014	13.916	-161.98	-69.41	-129.58	8.900	21.827	-46.493	-0.52014	-0.41489	0.65714	-0.35413	25.6	null	null	13113	75
