time	DeviceName	AccX(g)	AccY(g)	AccZ(g)	AsX(°/s)	AsY(°/s)	AsZ(°/s)	AngleX(°)	AngleY(°)	AngleZ(°)	HX(uT)	HY(uT)	HZ(uT)	Q0()	Q1()	Q2()	Q3()	Temperature(°C)	Height(m)	Pressure(kPa)	Version()	Battery level(%)
2026-05-27T14:16:35.200	WT901BLE68(F3:F0:16:BF:DC:AE)	-0.369	-0.435	0.559	4.028	58.289	51.514	-34.15	26.13	158.31	26.633	-10.853	-25.527	-0.35043	-0.03824	0.45670	-0.81674	25.6	null	null	13113	75
2026-05-27T14:16:35.327	WT901BLE68(F3:F0:16:BF:DC:AE)	-0.590	-0.347	0.652	0.916	38.330	23.132	-32.56	31.20	161.03	26.633	-10.853	-25.527	-0.35043	-0.03824	0.45670	-0.81674	25.6	null	null	13113	75
2026-05-27T14:16:35.409	WT901BLE68(F3:F0:16:BF:DC:AE)	-0.952	-0.415	0.718	36.682	41.687	42.725	-30.53	36.06	162.97	26.633	-10.853	-25.527	-0.35043	-0.03824	0.45670	-0.81674	25.6	null	null	13113	75
2026-05-27T14:16:35.533	WT901BLE68(F3:F0:16:BF:DC:AE)	-0.956	-0.147	0.545	63.538	60.425	65.369	-21.86	43.89	167.38	26.633	-10.853	-25.527	-0.35043	-0.03824	0.45670	-0.81674	25.6	null	null	13113	75
2026-05-27T14:16:35.589	WT901BLE68(F3:F0:16:BF:DC:AE)	-1.004	0.062	0.298	71.411	24.353	34.241	-11.66	50.22	172.31	-49.040	-35.107	25.480	-0.35043	-0.03824	0.45670	-0.81674	25.6	null	null	13113	75
2026-05-27T14:16:35.709	WT901BLE68(F3:F0:16:BF:DC:AE)	-0.771	0.064	0.418	53.894	-38.330	-11.963	-4.00	49.50	173.27	-49.040	-35.107	25.480	-0.35043	-0.03824	0.45670	-0.81674	25.6	null	null	13113	75
2026-05-27T14:16:35.799	WT901BLE68(F3:F0:16:BF:DC:AE)	-0.374	-0.043	0.647	54.382	-61.279	-33.936	-0.78	44.32	170.30	-49.040	-35.107	25.480	-0.06104	0.39554	-0.01511	-0.91623	25.6	null	null	13113	75
2026-05-27T14:16:35.921	WT901BLE68(F3:F0:16:BF:DC:AE)	-0.192	-0.106	0.815	-8.179	-5.310	0.916	0.10	40.66	171.74	-49.040	-35.107	25.480	-0.06104	0.39554	-0.01511	-0.91623	25.6	null	null	13113	75
2026-05-27T14:16:36.013	WT901BLE68(F3:F0:16:BF:DC:AE)	-0.494	-0.095	0.724	-49.866	22.461	8.850	-3.48	41.50	177.00	-49.040	-35.107	25.480	-0.06104	0.39554	-0.01511	-0.91623	25.6	null	null	13113	75
2026-05-27T14:16:36.133	WT901BLE68(F3:F0:16:BF:DC:AE)	-0.615	-0.123	0.542	-50.903	11.902	-9.644	-8.94	43.13	179.20	-49.040	-35.107	25.480	-0.06104	0.39554	-0.01511	-0.91623	25.6	null	null	13113	75
2026-05-27T14:16:36.220	WT901BLE68(F3:F0:16:BF:DC:AE)	-0.816	-0.368	0.474	-65.002	-19.104	-48.706	-17.08	42.36	177.28	-49.040	-35.107	25.480	-0.06104	0.39554	-0.01511	-0.91623	25.6	null	null	13113	75
2026-05-27T14:16:36.342	WT901BLE68(F3:F0:16:BF:DC:AE)	-0.763	-0.442	0.813	-78.552	-99.915	-66.223	-27.32	34.77	172.84	-49.040	-35.107	25.480	-0.06104	0.39554	-0.01511	-0.91623	25.6	null	null	13113	75
2026-05-27T14:16:36.401	WT901BLE68(F3:F0:16:BF:DC:AE)	-0.788	-0.646	1.234	-44.434	-78.552	-27.710	-34.18	24.68	172.18	-49.040	-35.107	25.480	-0.06104	0.39554	-0.01511	-0.91623	25.6	null	null	13113	75
2026-05-27T14:16:36.522	WT901BLE68(F3:F0:16:BF:DC:AE)	-0.663	-0.474	1.161	38.635	14.221	38.330	-31.80	22.31	175.47	-22.753	-45.760	22.660	-0.06104	0.39554	-0.01511	-0.91623	25.6	null	null	13113	75
2026-05-27T14:16:36.612	WT901BLE68(F3:F0:16:BF:DC:AE)	-0.666	-0.329	0.797	69.458	96.741	56.580	-25.27	29.83	176.99	-22.753	-45.760	22.660	-0.06104	0.39554	-0.01511	-0.91623	25.6	null	null	13113	75
2026-05-27T14:16:36.727	WT901BLE68(F3:F0:16:BF:DC:AE)	-0.870	0.030	0.326	99.548	88.501	23.743	-16.38	41.34	178.45	-22.753	-45.760	22.660	0.04001	0.31000	0.16519	-0.93536	25.6	null	null	13113	75
2026-05-27T14:16:36.819	WT901BLE68(F3:F0:16:BF:DC:AE)	-0.562	-0.058	0.414	40.283	-4.517	-41.870	-11.17	46.08	175.91	-22.753	-45.760	22.660	0.04001	0.31000	0.16519	-0.93536	25.6	null	null	13113	75
2026-05-27T14:16:36.940	WT901BLE68(F3:F0:16:BF:DC:AE)	-0.219	-0.340	0.517	8.606	-58.472	-58.899	-12.59	42.19	169.94	-22.753	-45.760	22.660	0.04001	0.31000	0.16519	-0.93536	25.6	null	null	13113	75
2026-05-27T14:16:37.002	WT901BLE68(F3:F0:16:BF:DC:AE)	-0.231	-0.693	0.510	-37.537	-73.547	-30.334	-17.46	34.40	168.87	-22.753	-45.760	22.660	0.04001	0.31000	0.16519	-0.93536	25.6	null	null	13113	75
2026-05-27T14:16:37.122	WT901BLE68(F3:F0:16:BF:DC:AE)	-0.300	-0.421	0.733	-66.345	-114.380	-16.174	-22.24	23.89	175.04	-22.753	-45.760	22.660	0.04001	0.31000	0.16519	-0.93536	25.6	null	null	13113	75
2026-05-27T14:16:37.209	WT901BLE68(F3:F0:16:BF:DC:AE)	-0.208	-0.729	1.120	-100.220	-104.065	-19.165	-29.99	12.83	-179.88	-22.753	-45.760	22.660	0.04001	0.31000	0.16519	-0.93536	25.6	null	null	13113	75
2026-05-27T14:16:37.332	WT901BLE68(F3:F0:16:BF:DC:AE)	-0.150	-0.596	1.395	-31.982	-53.650	9.216	-35.57	5.61	-175.17	-22.753	-45.760	22.660	0.04001	0.31000	0.16519	-0.93536	25.6	null	null	13113	75
2026-05-27T14:16:37.418	WT901BLE68(F3:F0:16:BF:DC:AE)	-0.184	-0.494	1.030	-5.127	23.071	-10.742	-37.78	4.68	-175.00	-4.513	-44.460	15.940	0.04001	0.31000	0.16519	-0.93536	25.6	null	null	13113	75
2026-05-27T14:16:37.541	WT901BLE68(F3:F0:16:BF:DC:AE)	-0.361	-0.330	0.699	62.561	46.265	-44.556	-35.72	7.28	-179.41	-4.513	-44.460	15.940	0.04001	0.31000	0.16519	-0.93536	25.6	null	null	13113	75
2026-05-27T14:16:37.601	WT901BLE68(F3:F0:16:BF:DC:AE)	-0.120	-0.499	0.650	60.852	-34.912	-63.721	-30.45	5.98	174.38	-4.513	-44.460	15.940	-0.00476	0.07025	0.28189	-0.95682	25.6	null	null	13113	75
2026-05-27T14:16:37.753	WT901BLE68(F3:F0:16:BF:DC:AE)	0.400	-0.507	0.961	18.982	-53.040	-80.994	-26.64	-1.40	170.58	-4.513	-44.460	15.940	-0.00476	0.07025	0.28189	-0.95682	25.6	null	null	13113	75
2026-05-27T14:16:37.812	WT901BLE68(F3:F0:16:BF:DC:AE)	0.316	-0.443	1.084	-28.992	32.837	-107.422	-27.06	-6.70	163.77	-4.513	-44.460	15.940	-0.00476	0.07025	0.28189	-0.95682	25.6	null	null	13113	75
2026-05-27T14:16:37.928	WT901BLE68(F3:F0:16:BF:DC:AE)	0.260	-0.499	0.936	-22.522	72.021	-143.433	-27.21	-8.18	151.50	-4.513	-44.460	15.940	-0.00476	0.07025	0.28189	-0.95682	25.6	null	null	13113	75
2026-05-27T14:16:38.020	WT901BLE68(F3:F0:16:BF:DC:AE)	0.200	-0.562	0.742	-16.602	85.449	-150.330	-26.63	-7.92	138.95	-4.513	-44.460	15.940	-0.00476	0.07025	0.28189	-0.95682	25.6	null	null	13113	75
2026-05-27T14:16:38.139	WT901BLE68(F3:F0:16:BF:DC:AE)	0.113	-0.577	0.713	-8.789	61.340	-144.348	-25.30	-8.11	128.60	-4.513	-44.460	15.940	-0.00476	0.07025	0.28189	-0.95682	25.6	null	null	13113	75
2026-05-27T14:16:38.230	WT901BLE68(F3:F0:16:BF:DC:AE)	0.065	-0.487	0.687	-9.521	19.592	-117.676	-24.01	-9.49	112.90	-4.513	-44.460	15.940	-0.00476	0.07025	0.28189	-0.95682	25.6	null	null	13113	75
2026-05-27T14:16:38.348	WT901BLE68(F3:F0:16:BF:DC:AE)	0.405	-0.753	0.864	47.485	-34.302	-119.568	-21.67	-14.41	95.40	-14.567	-1.667	25.780	-0.00476	0.07025	0.28189	-0.95682	25.6	null	null	13113	75
2026-05-27T14:16:38.411	WT901BLE68(F3:F0:16:BF:DC:AE)	0.467	-0.532	0.802	29.663	-56.274	-59.753	-15.13	-20.97	81.39	-14.567	-1.667	25.780	-0.00476	0.07025	0.28189	-0.95682	25.6	null	null	13113	75
2026-05-27T14:16:38.534	WT901BLE68(F3:F0:16:BF:DC:AE)	0.421	-0.548	0.876	16.296	-50.476	-1.892	-13.76	-25.84	73.83	-14.567	-1.667	25.780	-0.00476	0.07025	0.28189	-0.95682	25.6	null	null	13113	75
2026-05-27T14:16:38.619	WT901BLE68(F3:F0:16:BF:DC:AE)	0.482	-0.534	0.868	10.315	-41.016	67.322	-15.53	-28.66	73.07	-14.567	-1.667	25.780	-0.79395	-0.04309	0.25583	-0.54974	25.6	null	null	13113	75
2026-05-27T14:16:38.744	WT901BLE68(F3:F0:16:BF:DC:AE)	0.616	-0.725	0.751	12.329	-44.678	139.404	-21.62	-28.52	80.21	-14.567	-1.667	25.780	-0.79395	-0.04309	0.25583	-0.54974	25.6	null	null	13113	75
2026-05-27T14:16:38.831	WT901BLE68(F3:F0:16:BF:DC:AE)	0.624	-0.769	0.760	-7.385	-36.194	189.331	-29.23	-24.54	93.48	-14.567	-1.667	25.780	-0.79395	-0.04309	0.25583	-0.54974	25.6	null	null	13113	75
2026-05-27T14:16:38.952	WT901BLE68(F3:F0:16:BF:DC:AE)	0.577	-0.856	0.827	11.597	-13.611	217.224	-34.70	-15.53	109.86	-14.567	-1.667	25.780	-0.79395	-0.04309	0.25583	-0.54974	25.6	null	null	13113	75
2026-05-27T14:16:39.041	WT901BLE68(F3:F0:16:BF:DC:AE)	0.313	-0.729	0.930	15.320	26.917	216.675	-34.26	-3.66	132.46	-14.567	-1.667	25.780	-0.79395	-0.04309	0.25583	-0.54974	25.6	null	null	13113	75
2026-05-27T14:16:39.163	WT901BLE68(F3:F0:16:BF:DC:AE)	-0.032	-0.641	0.968	42.175	77.881	216.309	-29.46	10.97	152.13	-14.567	-1.667	25.780	-0.79395	-0.04309	0.25583	-0.54974	25.6	null	null	13113	75
2026-05-27T14:16:39.219	WT901BLE68(F3:F0:16:BF:DC:AE)	-0.360	-0.270	0.669	57.983	106.384	182.007	-18.75	26.96	170.75	-15.960	-39.747	23.500	-0.79395	-0.04309	0.25583	-0.54974	25.6	null	null	13113	75
2026-05-27T14:16:39.344	WT901BLE68(F3:F0:16:BF:DC:AE)	-0.607	0.051	0.500	62.866	78.552	85.754	-6.18	38.00	-173.88	-15.960	-39.747	23.500	-0.79395	-0.04309	0.25583	-0.54974	25.6	null	null	13113	75
2026-05-27T14:16:39.431	WT901BLE68(F3:F0:16:BF:DC:AE)	-0.567	0.030	0.347	39.124	7.935	-23.621	-0.72	42.01	-169.68	-15.960	-39.747	23.500	0.09119	0.35095	0.04523	-0.93079	25.6	null	null	13113	75
2026-05-27T14:16:39.551	WT901BLE68(F3:F0:16:BF:DC:AE)	-0.140	-0.299	0.668	-13.000	-32.593	-30.945	-2.86	39.88	-173.38	-15.960	-39.747	23.500	0.09119	0.35095	0.04523	-0.93079	25.6	null	null	13113	75
2026-05-27T14:16:39.641	WT901BLE68(F3:F0:16:BF:DC:AE)	-0.166	-0.308	0.355	-88.379	-53.589	-15.259	-9.84	35.26	-172.07	-15.960	-39.747	23.500	0.09119	0.35095	0.04523	-0.93079	25.6	null	null	13113	75
2026-05-27T14:16:39.763	WT901BLE68(F3:F0:16:BF:DC:AE)	-0.420	-0.262	0.754	-109.924	-81.543	-50.354	-19.23	27.34	-171.16	-15.960	-39.747	23.500	0.09119	0.35095	0.04523	-0.93079	25.6	null	null	13113	75
2026-05-27T14:16:39.819	WT901BLE68(F3:F0:16:BF:DC:AE)	-0.578	-0.668	1.209	-82.825	-87.036	-74.097	-30.60	15.83	-174.18	-15.960	-39.747	23.500	0.09119	0.35095	0.04523	-0.93079	25.6	null	null	13113	75
2026-05-27T14:16:39.941	WT901BLE68(F3:F0:16:BF:DC:AE)	-0.671	-0.771	1.360	6.104	-11.902	-9.644	-34.71	9.93	-174.64	-15.960	-39.747	23.500	0.09119	0.35095	0.04523	-0.93079	25.6	null	null	13113	75
2026-05-27T14:16:40.031	WT901BLE68(F3:F0:16:BF:DC:AE)	-0.595	-0.447	0.984	52.368	107.117	26.855	-30.20	16.10	-176.79	-15.960	-39.747	23.500	0.09119	0.35095	0.04523	-0.93079	25.6	null	null	13113	75
2026-05-27T14:16:40.149	WT901BLE68(F3:F0:16:BF:DC:AE)	-0.575	-0.398	0.766	77.332	133.972	37.476	-24.04	29.34	-179.95	-22.187	-46.967	21.480	0.09119	0.35095	0.04523	-0.93079	25.6	null	null	13113	75
2026-05-27T14:16:40.242	WT901BLE68(F3:F0:16:BF:DC:AE)	-0.854	-0.045	0.242	74.829	70.068	9.338	-16.64	40.39	178.58	-22.187	-46.967	21.480	0.09119	0.35095	0.04523	-0.93079	25.6	null	null	13113	75
2026-05-27T14:16:40.360	WT901BLE68(F3:F0:16:BF:DC:AE)	-0.475	-0.224	0.383	27.649	-44.800	-40.833	-14.20	41.42	174.44	-22.187	-46.967	21.480	0.01636	0.36243	0.10519	-0.92584	25.6	null	null	13113	75
2026-05-27T14:16:40.451	WT901BLE68(F3:F0:16:BF:DC:AE)	-0.121	-0.591	0.451	-41.382	-101.379	-26.611	-17.90	33.57	171.68	-22.187	-46.967	21.480	0.01636	0.36243	0.10519	-0.92584	25.6	null	null	13113	75
2026-05-27T14:16:40.571	WT901BLE68(F3:F0:16:BF:DC:AE)	-0.222	-0.554	0.760	-87.585	-122.620	-28.137	-25.36	21.19	176.92	-22.187	-46.967	21.480	0.01636	0.36243	0.10519	-0.92584	25.6	null	null	13113	75
2026-05-27T14:16:40.630	WT901BLE68(F3:F0:16:BF:DC:AE)	-0.304	-0.822	1.489	-62.317	-83.130	-27.161	-33.42	10.46	-178.73	-22.187	-46.967	21.480	0.01636	0.36243	0.10519	-0.92584	25.6	null	null	13113	75
2026-05-27T14:16:40.751	WT901BLE68(F3:F0:16:BF:DC:AE)	-0.369	-0.613	1.295	-0.793	19.287	17.273	-36.90	8.99	-177.15	-22.187	-46.967	21.480	0.01636	0.36243	0.10519	-0.92584	25.6	null	null	13113	75
2026-05-27T14:16:40.842	WT901BLE68(F3:F0:16:BF:DC:AE)	-0.425	-0.341	0.750	40.894	59.753	7.813	-34.30	14.32	-178.86	-22.187	-46.967	21.480	0.01636	0.36243	0.10519	-0.92584	25.6	null	null	13113	75
2026-05-27T14:16:40.962	WT901BLE68(F3:F0:16:BF:DC:AE)	-0.255	-0.309	0.341	36.621	-10.132	-45.105	-30.56	15.58	177.39	-22.187	-46.967	21.480	0.01636	0.36243	0.10519	-0.92584	25.6	null	null	13113	75
2026-05-27T14:16:41.050	WT901BLE68(F3:F0:16:BF:DC:AE)	-0.049	-0.563	0.803	16.479	-44.067	-81.360	-29.21	8.94	173.29	-13.140	-41.927	22.033	0.01636	0.36243	0.10519	-0.92584	25.6	null	null	13113	75
2026-05-27T14:16:41.174	WT901BLE68(F3:F0:16:BF:DC:AE)	0.028	-0.580	1.062	-2.136	22.766	-112.183	-29.51	3.22	165.97	-13.140	-41.927	22.033	0.01636	0.36243	0.10519	-0.92584	25.6	null	null	13113	75
2026-05-27T14:16:41.228	WT901BLE68(F3:F0:16:BF:DC:AE)	-0.020	-0.425	0.876	-6.897	76.721	-146.118	-30.32	1.90	153.38	-13.140	-41.927	22.033	-0.16638	0.06445	0.25104	-0.95132	25.6	null	null	13113	75
2026-05-27T14:16:41.353	WT901BLE68(F3:F0:16:BF:DC:AE)	0.056	-0.581	0.736	5.615	80.078	-164.124	-31.18	0.40	138.50	-13.140	-41.927	22.033	-0.16638	0.06445	0.25104	-0.95132	25.6	null	null	13113	75
2026-05-27T14:16:41.439	WT901BLE68(F3:F0:16:BF:DC:AE)	0.076	-0.513	0.713	2.686	44.617	-145.630	-30.08	-2.80	128.69	-13.140	-41.927	22.033	-0.16638	0.06445	0.25104	-0.95132	25.6	null	null	13113	75
2026-05-27T14:16:41.563	WT901BLE68(F3:F0:16:BF:DC:AE)	0.234	-0.581	0.664	-16.541	-11.963	-160.278	-30.23	-9.42	121.96	-13.140	-41.927	22.033	-0.16638	0.06445	0.25104	-0.95132	25.6	null	null	13113	75
2026-05-27T14:16:41.650	WT901BLE68(F3:F0:16:BF:DC:AE)	0.416	-0.632	0.545	25.635	-63.110	-130.676	-25.48	-20.04	110.87	-13.140	-41.927	22.033	-0.16638	0.06445	0.25104	-0.95132	25.6	null	null	13113	75
2026-05-27T14:16:41.801	WT901BLE68(F3:F0:16:BF:DC:AE)	0.714	-0.705	0.772	9.766	-82.520	-70.190	-22.81	-29.92	98.56	-13.140	-41.927	22.033	-0.16638	0.06445	0.25104	-0.95132	25.6	null	null	13113	75
2026-05-27T14:16:41.827	WT901BLE68(F3:F0:16:BF:DC:AE)	0.677	-0.607	0.769	33.813	-72.205	-8.118	-20.89	-37.32	92.37	-13.140	-41.927	22.033	-0.16638	0.06445	0.25104	-0.95132	25.6	null	null	13113	75
2026-05-27T14:16:41.982	WT901BLE68(F3:F0:16:BF:DC:AE)	0.754	-0.623	0.564	78.491	-83.862	80.017	-20.76	-42.07	94.81	-1.167	6.113	15.547	-0.16638	0.06445	0.25104	-0.95132	25.6	null	null	13113	75
2026-05-27T14:16:42.041	WT901BLE68(F3:F0:16:BF:DC:AE)	0.835	-0.465	0.561	76.660	-67.810	123.108	-24.60	-44.90	108.07	-1.167	6.113	15.547	-0.16638	0.06445	0.25104	-0.95132	25.6	null	null	13113	75
2026-05-27T14:16:42.161	WT901BLE68(F3:F0:16:BF:DC:AE)	0.835	-0.587	0.617	73.792	-35.278	144.653	-32.37	-43.13	125.54	-1.167	6.113	15.547	-0.55524	-0.19296	0.38727	-0.71021	25.6	null	null	13113	75
2026-05-27T14:16:42.251	WT901BLE68(F3:F0:16:BF:DC:AE)	0.801	-0.642	0.653	63.110	-6.409	168.457	-37.50	-36.13	142.88	-1.167	6.113	15.547	-0.55524	-0.19296	0.38727	-0.71021	25.6	null	null	13113	75
2026-05-27T14:16:42.372	WT901BLE68(F3:F0:16:BF:DC:AE)	0.651	-0.729	0.750	33.081	34.546	160.156	-40.70	-25.39	156.93	-1.167	6.113	15.547	-0.55524	-0.19296	0.38727	-0.71021	25.6	null	null	13113	75
2026-05-27T14:16:42.460	WT901BLE68(F3:F0:16:BF:DC:AE)	0.343	-0.699	0.883	34.851	85.144	160.278	-39.70	-11.56	166.40	-1.167	6.113	15.547	-0.55524	-0.19296	0.38727	-0.71021	25.6	null	null	13113	75
2026-05-27T14:16:42.581	WT901BLE68(F3:F0:16:BF:DC:AE)	-0.036	-0.643	0.818	53.040	112.427	154.175	-35.16	4.79	174.25	-1.167	6.113	15.547	-0.55524	-0.19296	0.38727	-0.71021	25.6	null	null	13113	75
2026-05-27T14:16:42.643	WT901BLE68(F3:F0:16:BF:DC:AE)	-0.353	-0.376	0.646	75.378	117.004	137.939	-27.19	21.28	-176.90	-1.167	6.113	15.547	-0.55524	-0.19296	0.38727	-0.71021	25.6	null	null	13113	75
2026-05-27T14:16:42.764	WT901BLE68(F3:F0:16:BF:DC:AE)	-0.478	-0.203	0.602	64.514	88.867	83.374	-17.28	34.52	-167.55	-1.167	6.113	15.547	-0.55524	-0.19296	0.38727	-0.71021	25.6	null	null	13113	75
2026-05-27T14:16:42.850	WT901BLE68(F3:F0:16:BF:DC:AE)	-0.706	0.095	0.312	56.335	9.888	7.813	-8.16	40.76	-163.03	-42.687	-38.080	26.953	-0.55524	-0.19296	0.38727	-0.71021	25.6	null	null	13113	75
2026-05-27T14:16:42.972	WT901BLE68(F3:F0:16:BF:DC:AE)	-0.603	0.033	0.564	38.879	-30.457	-54.077	-4.65	39.94	-165.95	-42.687	-38.080	26.953	-0.55524	-0.19296	0.38727	-0.71021	25.6	null	null	13113	75
2026-05-27T14:16:43.060	WT901BLE68(F3:F0:16:BF:DC:AE)	-0.316	-0.405	0.687	-18.250	-14.587	-49.316	-6.71	36.99	-172.68	-42.687	-38.080	26.953	0.10513	0.32556	0.07162	-0.93686	25.6	null	null	13113	75
2026-05-27T14:16:43.213	WT901BLE68(F3:F0:16:BF:DC:AE)	-0.408	-0.224	0.579	-42.358	-10.132	-10.620	-11.61	35.56	-173.46	-42.687	-38.080	26.953	0.10513	0.32556	0.07162	-0.93686	25.6	null	null	13113	75
2026-05-27T14:16:43.239	WT901BLE68(F3:F0:16:BF:DC:AE)	-0.460	-0.278	0.512	-72.083	-57.312	-34.241	-18.58	31.90	-173.17	-42.687	-38.080	26.953	0.10513	0.32556	0.07162	-0.93686	25.6	null	null	13113	75
2026-05-27T14:16:43.392	WT901BLE68(F3:F0:16:BF:DC:AE)	-0.601	-0.522	0.917	-72.632	-93.323	-47.607	-27.23	23.26	-174.18	-42.687	-38.080	26.953	0.10513	0.32556	0.07162	-0.93686	25.6	null	null	13113	75
2026-05-27T14:16:43.450	WT901BLE68(F3:F0:16:BF:DC:AE)	-0.595	-0.682	1.313	-34.790	-45.227	-13.611	-33.27	15.42	-174.09	-42.687	-38.080	26.953	0.10513	0.32556	0.07162	-0.93686	25.6	null	null	13113	75
2026-05-27T14:16:43.571	WT901BLE68(F3:F0:16:BF:DC:AE)	-0.608	-0.581	1.234	40.405	49.072	25.879	-32.42	16.29	-173.88	-42.687	-38.080	26.953	0.10513	0.32556	0.07162	-0.93686	25.6	null	null	13113	75
2026-05-27T14:16:43.663	WT901BLE68(F3:F0:16:BF:DC:AE)	-0.649	-0.295	0.801	80.444	104.675	26.978	-26.77	25.37	-176.11	-42.687	-38.080	26.953	0.10513	0.32556	0.07162	-0.93686	25.6	null	null	13113	75
2026-05-27T14:16:43.778	WT901BLE68(F3:F0:16:BF:DC:AE)	-0.831	-0.124	0.500	94.482	93.872	-2.441	-19.68	35.69	-179.48	-28.813	-41.707	26.453	0.10513	0.32556	0.07162	-0.93686	25.6	null	null	13113	75
2026-05-27T14:16:43.868	WT901BLE68(F3:F0:16:BF:DC:AE)	-0.605	-0.238	0.365	60.486	18.311	-47.058	-15.65	41.25	174.61	-28.813	-41.707	26.453	0.10513	0.32556	0.07162	-0.93686	25.6	null	null	13113	75
2026-05-27T14:16:43.987	WT901BLE68(F3:F0:16:BF:DC:AE)	-0.184	-0.536	0.771	8.789	-30.273	-33.875	-17.35	38.72	169.78	-28.813	-41.707	26.453	-0.01541	0.35532	0.10422	-0.92874	25.6	null	null	13113	75
2026-05-27T14:16:44.049	WT901BLE68(F3:F0:16:BF:DC:AE)	-0.357	-0.350	0.601	-34.424	-39.490	13.489	-19.39	34.36	175.22	-28.813	-41.707	26.453	-0.01541	0.35532	0.10422	-0.92874	25.6	null	null	13113	75
2026-05-27T14:16:44.170	WT901BLE68(F3:F0:16:BF:DC:AE)	-0.497	-0.313	0.639	-56.274	-74.646	-13.489	-23.80	28.60	-179.13	-28.813	-41.707	26.453	-0.01541	0.35532	0.10422	-0.92874	25.6	null	null	13113	75
2026-05-27T14:16:44.259	WT901BLE68(F3:F0:16:BF:DC:AE)	-0.448	-0.576	0.855	-67.993	-93.140	-24.597	-30.12	20.26	-176.95	-28.813	-41.707	26.453	-0.01541	0.35532	0.10422	-0.92874	25.6	null	null	13113	75
2026-05-27T14:16:44.379	WT901BLE68(F3:F0:16:BF:DC:AE)	-0.359	-0.635	1.127	-31.128	-76.111	8.850	-34.28	12.73	-173.18	-28.813	-41.707	26.453	-0.01541	0.35532	0.10422	-0.92874	25.6	null	null	13113	75
2026-05-27T14:16:44.468	WT901BLE68(F3:F0:16:BF:DC:AE)	-0.328	-0.562	1.222	-1.038	8.301	31.006	-35.05	11.16	-170.08	-28.813	-41.707	26.453	-0.01541	0.35532	0.10422	-0.92874	25.6	null	null	13113	75
2026-05-27T14:16:44.590	WT901BLE68(F3:F0:16:BF:DC:AE)	-0.507	-0.382	0.847	54.077	79.285	26.550	-32.12	17.51	-170.78	-28.813	-41.707	26.453	-0.01541	0.35532	0.10422	-0.92874	25.6	null	null	13113	75
2026-05-27T14:16:44.649	WT901BLE68(F3:F0:16:BF:DC:AE)	-0.636	-0.273	0.591	50.476	67.810	14.099	-27.97	25.37	-173.39	-19.067	-44.400	22.640	-0.01541	0.35532	0.10422	-0.92874	25.6	null	null	13113	75
2026-05-27T14:16:44.797	WT901BLE68(F3:F0:16:BF:DC:AE)	-0.761	-0.174	0.685	54.504	31.555	-20.203	-22.99	29.84	-176.73	-19.067	-44.400	22.640	-0.01541	0.35532	0.10422	-0.92874	25.6	null	null	13113	75
2026-05-27T14:16:44.861	WT901BLE68(F3:F0:16:BF:DC:AE)	-0.497	-0.380	0.640	34.241	-15.015	-50.049	-19.90	30.05	177.92	-19.067	-44.400	22.640	0.05002	0.25937	0.17517	-0.94839	25.6	null	null	13113	75
2026-05-27T14:16:44.979	WT901BLE68(F3:F0:16:BF:DC:AE)	0.096	-0.690	0.703	-30.945	-54.565	-28.809	-20.06	24.79	174.64	-19.067	-44.400	22.640	0.05002	0.25937	0.17517	-0.94839	25.6	null	null	13113	75
2026-05-27T14:16:45.072	WT901BLE68(F3:F0:16:BF:DC:AE)	-0.117	-0.531	0.675	-46.936	-32.288	44.067	-21.68	20.84	-177.51	-19.067	-44.400	22.640	0.05002	0.25937	0.17517	-0.94839	25.6	null	null	13113	75
2026-05-27T14:16:45.189	WT901BLE68(F3:F0:16:BF:DC:AE)	-0.274	-0.398	0.755	-58.411	-65.186	20.996	-26.30	16.91	-169.31	-19.067	-44.400	22.640	0.05002	0.25937	0.17517	-0.94839	25.6	null	null	13113	75
2026-05-27T14:16:45.279	WT901BLE68(F3:F0:16:BF:DC:AE)	-0.337	-0.594	1.426	-48.950	-55.359	14.343	-31.65	11.57	-164.35	-19.067	-44.400	22.640	0.05002	0.25937	0.17517	-0.94839	25.6	null	null	13113	75
2026-05-27T14:16:45.398	WT901BLE68(F3:F0:16:BF:DC:AE)	-0.568	-0.525	1.415	19.348	58.289	33.203	-32.54	13.52	-163.40	-19.067	-44.400	22.640	0.05002	0.25937	0.17517	-0.94839	25.6	null	null	13113	75
2026-05-27T14:16:45.458	WT901BLE68(F3:F0:16:BF:DC:AE)	-0.502	-0.362	0.654	63.965	104.126	33.630	-27.61	23.54	-165.68	-19.067	-44.400	22.640	0.05002	0.25937	0.17517	-0.94839	25.6	null	null	13113	75
2026-05-27T14:16:45.579	WT901BLE68(F3:F0:16:BF:DC:AE)	-0.622	-0.133	0.404	63.843	47.913	-10.681	-22.63	31.21	-168.83	-25.460	-40.993	26.533	0.05002	0.25937	0.17517	-0.94839	25.6	null	null	13113	75
2026-05-27T14:16:45.668	WT901BLE68(F3:F0:16:BF:DC:AE)	-0.604	-0.164	0.542	44.739	-21.667	-42.480	-19.29	31.57	-173.79	-25.460	-40.993	26.533	0.05002	0.25937	0.17517	-0.94839	25.6	null	null	13113	75
2026-05-27T14:16:45.788	WT901BLE68(F3:F0:16:BF:DC:AE)	-0.146	-0.446	0.948	22.583	-69.824	-61.401	-17.50	25.61	-179.17	-25.460	-40.993	26.533	0.06735	0.24484	0.15778	-0.95422	25.6	null	null	13113	75
2026-05-27T14:16:45.878	WT901BLE68(F3:F0:16:BF:DC:AE)	0.114	-0.746	0.571	-22.949	-46.875	5.066	-20.73	18.41	-178.33	-25.460	-40.993	26.533	0.06735	0.24484	0.15778	-0.95422	25.6	null	null	13113	75
2026-05-27T14:16:46.001	WT901BLE68(F3:F0:16:BF:DC:AE)	-0.243	-0.311	0.853	-63.171	-46.753	-2.869	-25.56	13.79	-173.13	-25.460	-40.993	26.533	0.06735	0.24484	0.15778	-0.95422	25.6	null	null	13113	75
2026-05-27T14:16:46.089	WT901BLE68(F3:F0:16:BF:DC:AE)	-0.272	-0.399	1.075	-56.519	-55.115	-22.461	-31.41	8.17	-172.00	-25.460	-40.993	26.533	0.06735	0.24484	0.15778	-0.95422	25.6	null	null	13113	75
2026-05-27T14:16:46.207	WT901BLE68(F3:F0:16:BF:DC:AE)	-0.200	-0.372	1.123	1.709	-28.931	-25.574	-33.79	3.55	-172.12	-25.460	-40.993	26.533	0.06735	0.24484	0.15778	-0.95422	25.6	null	null	13113	75
2026-05-27T14:16:46.268	WT901BLE68(F3:F0:16:BF:DC:AE)	-0.114	-0.521	0.982	5.554	22.400	-52.307	-32.98	1.69	-176.57	-25.460	-40.993	26.533	0.06735	0.24484	0.15778	-0.95422	25.6	null	null	13113	75
2026-05-27T14:16:46.388	WT901BLE68(F3:F0:16:BF:DC:AE)	-0.054	-0.556	0.853	-3.540	62.744	-60.913	-32.87	2.86	175.52	-25.460	-40.993	26.533	0.06735	0.24484	0.15778	-0.95422	25.6	null	null	13113	75
2026-05-27T14:16:46.478	WT901BLE68(F3:F0:16:BF:DC:AE)	-0.082	-0.570	0.781	4.639	75.195	-56.030	-33.33	5.83	167.27	-2.920	-34.433	20.147	0.06735	0.24484	0.15778	-0.95422	25.6	null	null	13113	75
2026-05-27T14:16:46.597	WT901BLE68(F3:F0:16:BF:DC:AE)	-0.093	-0.552	0.767	24.963	58.960	-64.636	-33.34	7.91	160.72	-2.920	-34.433	20.147	0.06735	0.24484	0.15778	-0.95422	25.6	null	null	13113	75
2026-05-27T14:16:46.687	WT901BLE68(F3:F0:16:BF:DC:AE)	-0.075	-0.520	0.716	28.992	63.660	-88.318	-32.40	8.51	154.46	-2.920	-34.433	20.147	-0.16299	0.12216	0.26523	-0.94238	25.6	null	null	13113	75
2026-05-27T14:16:46.810	WT901BLE68(F3:F0:16:BF:DC:AE)	-0.037	-0.671	0.714	28.748	54.382	-110.352	-31.69	7.50	148.04	-2.920	-34.433	20.147	-0.16299	0.12216	0.26523	-0.94238	25.6	null	null	13113	75
2026-05-27T14:16:46.870	WT901BLE68(F3:F0:16:BF:DC:AE)	-0.050	-0.746	0.726	14.709	32.227	-102.905	-31.44	4.87	143.17	-2.920	-34.433	20.147	-0.16299	0.12216	0.26523	-0.94238	25.6	null	null	13113	75
2026-05-27T14:16:46.987	WT901BLE68(F3:F0:16:BF:DC:AE)	-0.055	-0.617	0.703	26.794	11.475	-88.501	-30.94	1.09	141.10	-2.920	-34.433	20.147	-0.16299	0.12216	0.26523	-0.94238	25.6	null	null	13113	75
2026-05-27T14:16:47.111	WT901BLE68(F3:F0:16:BF:DC:AE)	-0.061	-0.580	0.692	32.959	-18.005	-70.801	-28.53	-3.75	141.44	-2.920	-34.433	20.147	-0.16299	0.12216	0.26523	-0.94238	25.6	null	null	13113	75
2026-05-27T14:16:47.197	WT901BLE68(F3:F0:16:BF:DC:AE)	0.095	-0.480	0.768	-17.273	-35.583	-46.875	-28.21	-9.82	144.95	-2.920	-34.433	20.147	-0.16299	0.12216	0.26523	-0.94238	25.6	null	null	13113	75
2026-05-27T14:16:47.290	WT901BLE68(F3:F0:16:BF:DC:AE)	0.256	-0.624	0.809	-13.000	-43.274	-58.105	-30.60	-16.12	148.95	-2.920	-34.433	20.147	-0.16299	0.12216	0.26523	-0.94238	25.6	null	null	13113	75
2026-05-27T14:16:47.408	WT901BLE68(F3:F0:16:BF:DC:AE)	0.482	-0.763	0.886	-1.892	-34.363	-7.507	-30.61	-21.61	154.52	-14.073	-7.620	25.613	-0.16299	0.12216	0.26523	-0.94238	25.6	null	null	13113	75
2026-05-27T14:16:47.498	WT901BLE68(F3:F0:16:BF:DC:AE)	0.312	-0.724	0.735	-16.052	-30.945	48.584	-33.85	-22.70	165.37	-14.073	-7.620	25.613	-0.16299	0.12216	0.26523	-0.94238	25.6	null	null	13113	75
2026-05-27T14:16:47.617	WT901BLE68(F3:F0:16:BF:DC:AE)	0.288	-0.870	0.646	-19.653	-45.105	99.365	-39.13	-21.48	-179.93	-14.073	-7.620	25.613	-0.13568	-0.16132	0.31522	-0.92526	25.6	null	null	13113	75
2026-05-27T14:16:47.679	WT901BLE68(F3:F0:16:BF:DC:AE)	0.284	-0.795	0.633	11.658	-52.673	129.761	-44.01	-17.69	-161.72	-14.073	-7.620	25.613	-0.13568	-0.16132	0.31522	-0.92526	25.6	null	null	13113	75
2026-05-27T14:16:47.800	WT901BLE68(F3:F0:16:BF:DC:AE)	0.282	-0.812	0.661	5.310	-60.730	129.883	-47.70	-12.57	-143.72	-14.073	-7.620	25.613	-0.13568	-0.16132	0.31522	-0.92526	25.6	null	null	13113	75
2026-05-27T14:16:47.887	WT901BLE68(F3:F0:16:BF:DC:AE)	0.179	-0.834	0.693	2.930	-48.645	123.230	-49.80	-7.19	-129.17	-14.073	-7.620	25.613	-0.13568	-0.16132	0.31522	-0.92526	25.6	null	null	13113	75
2026-05-27T14:16:48.011	WT901BLE68(F3:F0:16:BF:DC:AE)	-0.012	-0.859	0.866	34.485	-10.620	131.042	-49.16	-0.25	-119.31	-14.073	-7.620	25.613	-0.13568	-0.16132	0.31522	-0.92526	25.6	null	null	13113	75
2026-05-27T14:16:48.099	WT901BLE68(F3:F0:16:BF:DC:AE)	-0.187	-0.724	0.803	53.955	41.809	141.113	-44.23	10.21	-113.14	-14.073	-7.620	25.613	-0.13568	-0.16132	0.31522	-0.92526	25.6	null	null	13113	75
2026-05-27T14:16:48.220	WT901BLE68(F3:F0:16:BF:DC:AE)	-0.374	-0.504	0.658	77.087	70.496	142.029	-36.43	23.49	-107.56	-14.073	-7.620	25.613	-0.13568	-0.16132	0.31522	-0.92526	25.6	null	null	13113	75
2026-05-27T14:16:48.277	WT901BLE68(F3:F0:16:BF:DC:AE)	-0.541	-0.272	0.649	57.922	81.055	113.159	-26.99	36.08	-101.40	-25.713	-38.513	25.860	-0.13568	-0.16132	0.31522	-0.92526	25.6	null	null	13113	75
2026-05-27T14:16:48.401	WT901BLE68(F3:F0:16:BF:DC:AE)	-0.694	0.004	0.604	71.777	62.805	51.819	-17.74	46.39	-97.43	-25.713	-38.513	25.860	-0.13568	-0.16132	0.31522	-0.92526	25.6	null	null	13113	75
2026-05-27T14:16:48.490	WT901BLE68(F3:F0:16:BF:DC:AE)	-0.745	0.210	0.433	46.204	-6.226	-6.409	-10.08	49.78	-98.78	-25.713	-38.513	25.860	0.63644	0.23032	0.35544	-0.64453	25.6	null	null	13113	75
2026-05-27T14:16:48.607	WT901BLE68(F3:F0:16:BF:DC:AE)	-0.438	0.016	0.591	4.700	-54.199	-44.189	-9.09	46.04	-105.38	-25.713	-38.513	25.860	0.63644	0.23032	0.35544	-0.64453	25.6	null	null	13113	75
2026-05-27T14:16:48.699	WT901BLE68(F3:F0:16:BF:DC:AE)	-0.088	-0.333	0.643	-30.273	-11.475	-17.639	-10.48	40.78	-111.85	-25.713	-38.513	25.860	0.63644	0.23032	0.35544	-0.64453	25.6	null	null	13113	75
2026-05-27T14:16:48.822	WT901BLE68(F3:F0:16:BF:DC:AE)	-0.418	-0.180	0.639	-62.561	-7.568	-11.658	-15.30	39.34	-113.24	-25.713	-38.513	25.860	0.63644	0.23032	0.35544	-0.64453	25.6	null	null	13113	75
2026-05-27T14:16:48.907	WT901BLE68(F3:F0:16:BF:DC:AE)	-0.628	-0.203	0.706	-77.881	-28.809	-33.203	-23.05	36.46	-116.23	-25.713	-38.513	25.860	0.63644	0.23032	0.35544	-0.64453	25.6	null	null	13113	75
2026-05-27T14:16:49.030	WT901BLE68(F3:F0:16:BF:DC:AE)	-0.754	-0.451	0.848	-77.271	-66.650	-40.344	-31.02	30.53	-120.39	-25.713	-38.513	25.860	0.63644	0.23032	0.35544	-0.64453	25.6	null	null	13113	75
2026-05-27T14:16:49.087	WT901BLE68(F3:F0:16:BF:DC:AE)	-0.909	-0.440	1.277	-10.925	-28.809	-18.311	-34.31	24.20	-123.18	-25.713	-38.513	25.860	0.63644	0.23032	0.35544	-0.64453	25.6	null	null	13113	75
2026-05-27T14:16:49.210	WT901BLE68(F3:F0:16:BF:DC:AE)	-0.723	-0.458	1.049	41.687	81.055	40.405	-31.32	27.28	-127.07	-24.853	-42.100	27.713	0.63644	0.23032	0.35544	-0.64453	25.6	null	null	13113	75
2026-05-27T14:16:49.296	WT901BLE68(F3:F0:16:BF:DC:AE)	-0.775	-0.265	0.426	85.083	90.271	49.316	-24.49	37.90	-130.08	-24.853	-42.100	27.713	0.63644	0.23032	0.35544	-0.64453	25.6	null	null	13113	75
2026-05-27T14:16:49.450	WT901BLE68(F3:F0:16:BF:DC:AE)	-0.951	0.037	0.394	69.214	28.015	29.541	-15.48	45.30	-130.28	-24.853	-42.100	27.713	0.44666	0.23123	0.30612	-0.80820	25.6	null	null	13113	75
2026-05-27T14:16:49.507	WT901BLE68(F3:F0:16:BF:DC:AE)	-0.806	0.027	0.426	50.598	-23.315	-12.268	-7.90	46.28	-132.46	-24.853	-42.100	27.713	0.44666	0.23123	0.30612	-0.80820	25.6	null	null	13113	75
2026-05-27T14:16:49.632	WT901BLE68(F3:F0:16:BF:DC:AE)	-0.356	-0.119	0.618	15.503	-62.866	-47.913	-6.23	41.97	-139.46	-24.853	-42.100	27.713	0.44666	0.23123	0.30612	-0.80820	25.6	null	null	13113	75
2026-05-27T14:16:49.688	WT901BLE68(F3:F0:16:BF:DC:AE)	-0.189	-0.420	0.625	-54.138	-30.945	-5.188	-9.76	36.44	-142.51	-24.853	-42.100	27.713	0.44666	0.23123	0.30612	-0.80820	25.6	null	null	13113	75
2026-05-27T14:16:49.809	WT901BLE68(F3:F0:16:BF:DC:AE)	-0.492	-0.193	0.647	-78.674	-54.626	-19.226	-16.13	31.95	-140.37	-24.853	-42.100	27.713	0.44666	0.23123	0.30612	-0.80820	25.6	null	null	13113	75
2026-05-27T14:16:49.897	WT901BLE68(F3:F0:16:BF:DC:AE)	-0.468	-0.507	0.934	-92.163	-73.425	-33.081	-25.25	24.53	-141.90	-24.853	-42.100	27.713	0.44666	0.23123	0.30612	-0.80820	25.6	null	null	13113	75
2026-05-27T14:16:50.020	WT901BLE68(F3:F0:16:BF:DC:AE)	-0.489	-0.620	1.233	-64.270	-46.875	8.850	-31.57	18.13	-141.11	-24.853	-42.100	27.713	0.44666	0.23123	0.30612	-0.80820	25.6	null	null	13113	75
2026-05-27T14:16:50.107	WT901BLE68(F3:F0:16:BF:DC:AE)	-0.299	-0.206	0.558	4.822	28.748	35.522	-33.90	18.66	-140.57	-18.207	-40.887	25.887	0.44666	0.23123	0.30612	-0.80820	25.6	null	null	13113	75
2026-05-27T14:16:50.229	WT901BLE68(F3:F0:16:BF:DC:AE)	-0.639	-0.148	0.717	57.068	66.772	16.052	-30.48	24.90	-142.92	-18.207	-40.887	25.887	0.44666	0.23123	0.30612	-0.80820	25.6	null	null	13113	75
2026-05-27T14:16:50.286	WT901BLE68(F3:F0:16:BF:DC:AE)	-0.584	-0.062	0.341	66.040	-15.869	-46.204	-25.04	27.32	-148.43	-18.207	-40.887	25.887	0.33463	0.14987	0.29150	-0.88345	25.6	null	null	13113	75
2026-05-27T14:16:50.470	WT901BLE68(F3:F0:16:BF:DC:AE)	-0.104	-0.413	0.546	-7.080	-134.766	-74.829	-21.88	17.54	-154.48	-18.207	-40.887	25.887	0.33463	0.14987	0.29150	-0.88345	25.6	null	null	13113	75
2026-05-27T14:16:50.498	WT901BLE68(F3:F0:16:BF:DC:AE)	0.070	-0.578	1.062	-55.969	-60.181	-13.489	-24.48	6.50	-154.32	-18.207	-40.887	25.887	0.33463	0.14987	0.29150	-0.88345	25.6	null	null	13113	75
2026-05-27T14:16:50.618	WT901BLE68(F3:F0:16:BF:DC:AE)	0.000	-0.479	0.952	-57.495	-28.015	-51.270	-30.72	0.58	-155.67	-18.207	-40.887	25.887	0.33463	0.14987	0.29150	-0.88345	25.6	null	null	13113	75
2026-05-27T14:16:50.710	WT901BLE68(F3:F0:16:BF:DC:AE)	0.013	-0.581	0.995	-30.884	9.888	-55.054	-34.53	-2.85	-161.13	-18.207	-40.887	25.887	0.33463	0.14987	0.29150	-0.88345	25.6	null	null	13113	75
2026-05-27T14:16:50.829	WT901BLE68(F3:F0:16:BF:DC:AE)	0.031	-0.654	0.985	4.089	50.537	-62.378	-34.63	-3.53	-168.90	-18.207	-40.887	25.887	0.33463	0.14987	0.29150	-0.88345	25.6	null	null	13113	75
2026-05-27T14:16:50.920	WT901BLE68(F3:F0:16:BF:DC:AE)	0.019	-0.720	0.913	39.856	77.637	-57.983	-31.52	-1.09	-178.18	-18.207	-40.887	25.887	0.33463	0.14987	0.29150	-0.88345	25.6	null	null	13113	75
2026-05-27T14:16:51.038	WT901BLE68(F3:F0:16:BF:DC:AE)	0.028	-0.566	0.712	38.818	81.787	-62.439	-27.80	2.67	174.83	-2.773	-26.107	21.900	0.33463	0.14987	0.29150	-0.88345	25.6	null	null	13113	75
2026-05-27T14:16:51.097	WT901BLE68(F3:F0:16:BF:DC:AE)	-0.113	-0.451	0.716	28.809	72.815	-85.144	-26.13	5.83	169.74	-2.773	-26.107	21.900	0.33463	0.14987	0.29150	-0.88345	25.6	null	null	13113	75
2026-05-27T14:16:51.218	WT901BLE68(F3:F0:16:BF:DC:AE)	-0.125	-0.489	0.606	39.917	16.663	-110.413	-25.64	4.98	164.69	-2.773	-26.107	21.900	-0.08188	0.07303	0.21857	-0.96957	25.6	null	null	13113	75
2026-05-27T14:16:51.313	WT901BLE68(F3:F0:16:BF:DC:AE)	0.039	-0.520	0.805	15.808	-35.767	-138.062	-25.24	-1.97	160.69	-2.773	-26.107	21.900	-0.08188	0.07303	0.21857	-0.96957	25.6	null	null	13113	75
2026-05-27T14:16:51.435	WT901BLE68(F3:F0:16:BF:DC:AE)	0.366	-0.565	0.857	16.235	-92.346	-131.287	-22.15	-14.58	157.09	-2.773	-26.107	21.900	-0.08188	0.07303	0.21857	-0.96957	25.6	null	null	13113	75
2026-05-27T14:16:51.519	WT901BLE68(F3:F0:16:BF:DC:AE)	0.590	-0.724	1.093	0.732	-70.557	-50.415	-19.94	-26.36	158.07	-2.773	-26.107	21.900	-0.08188	0.07303	0.21857	-0.96957	25.6	null	null	13113	75
2026-05-27T14:16:51.644	WT901BLE68(F3:F0:16:BF:DC:AE)	0.347	-0.614	0.926	-17.395	-30.701	16.357	-22.48	-31.49	166.13	-2.773	-26.107	21.900	-0.08188	0.07303	0.21857	-0.96957	25.6	null	null	13113	75
2026-05-27T14:16:51.701	WT901BLE68(F3:F0:16:BF:DC:AE)	0.351	-0.592	0.929	15.076	-14.771	60.791	-25.42	-31.97	178.71	-2.773	-26.107	21.900	-0.08188	0.07303	0.21857	-0.96957	25.6	null	null	13113	75
2026-05-27T14:16:51.851	WT901BLE68(F3:F0:16:BF:DC:AE)	0.412	-0.707	0.838	32.227	-2.991	114.197	-29.05	-28.49	-164.34	-2.773	-26.107	21.900	-0.08188	0.07303	0.21857	-0.96957	25.6	null	null	13113	75
2026-05-27T14:16:51.909	WT901BLE68(F3:F0:16:BF:DC:AE)	0.423	-0.717	0.822	-0.427	1.770	160.889	-33.57	-21.17	-144.73	1.220	-4.200	16.587	-0.08188	0.07303	0.21857	-0.96957	25.6	null	null	13113	75
2026-05-27T14:16:52.030	WT901BLE68(F3:F0:16:BF:DC:AE)	0.290	-0.674	0.808	10.986	12.390	176.208	-36.97	-10.79	-127.18	1.220	-4.200	16.587	-0.08188	0.07303	0.21857	-0.96957	25.6	null	null	13113	75
2026-05-27T14:16:52.118	WT901BLE68(F3:F0:16:BF:DC:AE)	0.135	-0.653	0.883	21.729	15.747	189.880	-36.97	0.90	-112.80	1.220	-4.200	16.587	0.44864	-0.20279	0.25589	-0.83185	25.6	null	null	13113	75
2026-05-27T14:16:52.245	WT901BLE68(F3:F0:16:BF:DC:AE)	-0.132	-0.473	1.020	31.433	50.232	200.073	-33.26	14.30	-99.89	1.220	-4.200	16.587	0.44864	-0.20279	0.25589	-0.83185	25.6	null	null	13113	75
2026-05-27T14:16:52.331	WT901BLE68(F3:F0:16:BF:DC:AE)	-0.377	-0.270	0.853	40.344	96.008	157.898	-26.15	29.16	-90.57	1.220	-4.200	16.587	0.44864	-0.20279	0.25589	-0.83185	25.6	null	null	13113	75
2026-05-27T14:16:52.450	WT901BLE68(F3:F0:16:BF:DC:AE)	-0.600	0.018	0.682	34.241	105.164	98.450	-17.37	42.61	-84.83	1.220	-4.200	16.587	0.44864	-0.20279	0.25589	-0.83185	25.6	null	null	13113	75
2026-05-27T14:16:52.537	WT901BLE68(F3:F0:16:BF:DC:AE)	-0.754	0.144	0.381	42.297	43.640	24.414	-9.59	50.04	-84.35	1.220	-4.200	16.587	0.44864	-0.20279	0.25589	-0.83185	25.6	null	null	13113	75
2026-05-27T14:16:52.629	WT901BLE68(F3:F0:16:BF:DC:AE)	-0.724	0.148	0.435	26.611	-14.954	-19.470	-6.66	50.65	-88.76	1.220	-4.200	16.587	0.44864	-0.20279	0.25589	-0.83185	25.6	null	null	13113	75
2026-05-27T14:16:52.723	WT901BLE68(F3:F0:16:BF:DC:AE)	-0.459	-0.050	0.495	-9.399	-62.866	-58.350	-9.32	45.40	-98.34	1.220	-4.200	16.587	0.44864	-0.20279	0.25589	-0.83185	25.6	null	null	13113	75
2026-05-27T14:16:52.840	WT901BLE68(F3:F0:16:BF:DC:AE)	-0.211	-0.413	0.678	-53.467	-12.634	-16.418	-14.06	40.44	-105.30	-46.747	-23.687	30.940	0.44864	-0.20279	0.25589	-0.83185	25.6	null	null	13113	75
2026-05-27T14:16:52.932	WT901BLE68(F3:F0:16:BF:DC:AE)	-0.472	-0.227	0.660	-62.866	-38.879	-18.433	-20.47	36.85	-107.20	-46.747	-23.687	30.940	0.44864	-0.20279	0.25589	-0.83185	25.6	null	null	13113	75
2026-05-27T14:16:53.051	WT901BLE68(F3:F0:16:BF:DC:AE)	-0.575	-0.336	0.940	-55.054	-59.448	-42.419	-26.84	30.23	-110.49	-46.747	-23.687	30.940	0.59714	0.13116	0.32278	-0.72244	25.6	null	null	13113	75
2026-05-27T14:16:53.109	WT901BLE68(F3:F0:16:BF:DC:AE)	-0.731	-0.467	1.108	-32.349	-40.466	-28.503	-31.49	23.59	-114.77	-46.747	-23.687	30.940	0.59714	0.13116	0.32278	-0.72244	25.6	null	null	13113	75
2026-05-27T14:16:53.264	WT901BLE68(F3:F0:16:BF:DC:AE)	-0.747	-0.543	1.164	17.944	32.471	23.193	-32.05	22.20	-118.62	-46.747	-23.687	30.940	0.59714	0.13116	0.32278	-0.72244	25.6	null	null	13113	75
2026-05-27T14:16:53.319	WT901BLE68(F3:F0:16:BF:DC:AE)	-0.590	-0.481	0.923	42.358	110.474	70.618	-28.21	30.61	-121.38	-46.747	-23.687	30.940	0.59714	0.13116	0.32278	-0.72244	25.6	null	null	13113	75
2026-05-27T14:16:53.443	WT901BLE68(F3:F0:16:BF:DC:AE)	-0.832	0.039	0.432	60.547	93.323	65.491	-20.52	43.26	-121.92	-46.747	-23.687	30.940	0.59714	0.13116	0.32278	-0.72244	25.6	null	null	13113	75
2026-05-27T14:16:53.531	WT901BLE68(F3:F0:16:BF:DC:AE)	-1.006	0.286	0.263	78.125	37.903	23.865	-10.42	51.51	-120.47	-46.747	-23.687	30.940	0.59714	0.13116	0.32278	-0.72244	25.6	null	null	13113	75
2026-05-27T14:16:53.651	WT901BLE68(F3:F0:16:BF:DC:AE)	-0.846	0.180	0.320	53.711	-34.851	-47.485	-3.33	52.38	-125.05	-46.747	-23.687	30.940	0.59714	0.13116	0.32278	-0.72244	25.6	null	null	13113	75
2026-05-27T14:16:53.739	WT901BLE68(F3:F0:16:BF:DC:AE)	-0.342	-0.207	0.853	19.348	-86.426	-57.739	-3.03	46.28	-136.12	-52.940	-19.860	29.200	0.59714	0.13116	0.32278	-0.72244	25.6	null	null	13113	75
2026-05-27T14:16:53.860	WT901BLE68(F3:F0:16:BF:DC:AE)	-0.259	-0.202	0.707	-46.204	6.897	13.367	-5.32	40.98	-138.55	-52.940	-19.860	29.200	0.59714	0.13116	0.32278	-0.72244	25.6	null	null	13113	75
2026-05-27T14:16:53.917	WT901BLE68(F3:F0:16:BF:DC:AE)	-0.565	-0.096	0.576	-63.110	-7.324	1.038	-10.26	40.37	-135.37	-52.940	-19.860	29.200	0.36865	0.29807	0.18991	-0.85968	25.6	null	null	13113	75
2026-05-27T14:16:54.039	WT901BLE68(F3:F0:16:BF:DC:AE)	-0.674	-0.162	0.605	-75.562	-65.796	-52.185	-18.04	36.49	-137.80	-52.940	-19.860	29.200	0.36865	0.29807	0.18991	-0.85968	25.6	null	null	13113	75
2026-05-27T14:16:54.128	WT901BLE68(F3:F0:16:BF:DC:AE)	-0.631	-0.617	0.877	-64.819	-94.971	-56.152	-26.38	27.39	-142.54	-52.940	-19.860	29.200	0.36865	0.29807	0.18991	-0.85968	25.6	null	null	13113	75
2026-05-27T14:16:54.251	WT901BLE68(F3:F0:16:BF:DC:AE)	-0.560	-0.591	1.168	-34.912	-69.397	-17.212	-30.62	18.51	-144.10	-52.940	-19.860	29.200	0.36865	0.29807	0.18991	-0.85968	25.6	null	null	13113	75
2026-05-27T14:16:54.341	WT901BLE68(F3:F0:16:BF:DC:AE)	-0.663	-0.576	1.311	14.282	31.006	20.081	-31.40	16.57	-144.73	-52.940	-19.860	29.200	0.36865	0.29807	0.18991	-0.85968	25.6	null	null	13113	75
2026-05-27T14:16:54.460	WT901BLE68(F3:F0:16:BF:DC:AE)	-0.550	-0.390	0.689	23.743	91.797	43.030	-28.61	24.74	-147.60	-52.940	-19.860	29.200	0.36865	0.29807	0.18991	-0.85968	25.6	null	null	13113	75
2026-05-27T14:16:54.519	WT901BLE68(F3:F0:16:BF:DC:AE)	-0.752	0.045	0.268	40.649	28.564	15.198	-24.64	32.54	-149.34	-52.940	-19.860	29.200	0.36865	0.29807	0.18991	-0.85968	25.6	null	null	13113	75
2026-05-27T14:16:54.669	WT901BLE68(F3:F0:16:BF:DC:AE)	-0.526	-0.037	0.561	38.025	-75.989	-76.233	-20.28	29.84	-153.93	-30.767	-37.727	29.133	0.36865	0.29807	0.18991	-0.85968	25.6	null	null	13113	75
2026-05-27T14:16:54.733	WT901BLE68(F3:F0:16:BF:DC:AE)	0.343	-0.985	1.058	1.404	-72.510	-40.894	-20.17	19.11	-159.99	-30.767	-37.727	29.133	0.36865	0.29807	0.18991	-0.85968	25.6	null	null	13113	75
2026-05-27T14:16:54.849	WT901BLE68(F3:F0:16:BF:DC:AE)	-0.103	-0.435	0.755	-60.608	-38.879	-4.150	-24.61	14.12	-157.23	-30.767	-37.727	29.133	0.19745	0.11771	0.19934	-0.95255	25.6	null	null	13113	75
2026-05-27T14:16:54.939	WT901BLE68(F3:F0:16:BF:DC:AE)	-0.105	-0.504	0.863	-71.167	-68.481	-35.583	-31.54	7.96	-156.14	-30.767	-37.727	29.133	0.19745	0.11771	0.19934	-0.95255	25.6	null	null	13113	75
2026-05-27T14:16:55.059	WT901BLE68(F3:F0:16:BF:DC:AE)	-0.044	-0.642	1.039	-46.814	-55.359	-57.007	-37.21	-0.13	-157.50	-30.767	-37.727	29.133	0.19745	0.11771	0.19934	-0.95255	25.6	null	null	13113	75
2026-05-27T14:16:55.150	WT901BLE68(F3:F0:16:BF:DC:AE)	-0.003	-0.677	1.021	-5.859	-3.967	-58.350	-39.19	-5.83	-161.48	-30.767	-37.727	29.133	0.19745	0.11771	0.19934	-0.95255	25.6	null	null	13113	75
2026-05-27T14:16:55.269	WT901BLE68(F3:F0:16:BF:DC:AE)	0.092	-0.723	0.925	10.254	70.801	-63.965	-37.71	-6.49	-169.86	-30.767	-37.727	29.133	0.19745	0.11771	0.19934	-0.95255	25.6	null	null	13113	75
2026-05-27T14:16:55.331	WT901BLE68(F3:F0:16:BF:DC:AE)	0.151	-0.683	0.748	6.775	111.084	-75.317	-35.95	-2.86	178.49	-30.767	-37.727	29.133	0.19745	0.11771	0.19934	-0.95255	25.6	null	null	13113	75
2026-05-27T14:16:55.452	WT901BLE68(F3:F0:16:BF:DC:AE)	0.113	-0.673	0.684	8.606	103.394	-85.083	-35.28	0.93	167.83	-30.767	-37.727	29.133	0.19745	0.11771	0.19934	-0.95255	25.6	null	null	13113	75
2026-05-27T14:16:55.537	WT901BLE68(F3:F0:16:BF:DC:AE)	-0.035	-0.585	0.610	4.517	79.529	-91.187	-34.90	2.74	160.33	-7.347	-26.393	22.913	0.19745	0.11771	0.19934	-0.95255	25.6	null	null	13113	75
2026-05-27T14:16:55.662	WT901BLE68(F3:F0:16:BF:DC:AE)	-0.102	-0.509	0.481	-75.989	42.419	-93.750	-38.11	1.59	155.21	-7.347	-26.393	22.913	0.19745	0.11771	0.19934	-0.95255	25.6	null	null	13113	75
2026-05-27T14:16:55.747	WT901BLE68(F3:F0:16:BF:DC:AE)	0.124	-0.842	0.346	-112.793	27.771	-121.399	-50.44	-3.56	151.63	-7.347	-26.393	22.913	-0.21274	0.08295	0.35812	-0.90524	25.6	null	null	13113	75
2026-05-27T14:16:55.871	WT901BLE68(F3:F0:16:BF:DC:AE)	0.241	-0.938	0.216	-86.243	-0.977	-124.695	-58.36	-13.12	149.43	-7.347	-26.393	22.913	-0.21274	0.08295	0.35812	-0.90524	25.6	null	null	13113	75
2026-05-27T14:16:55.931	WT901BLE68(F3:F0:16:BF:DC:AE)	0.430	-0.818	0.354	29.663	-42.297	-101.196	-54.56	-25.02	151.34	-7.347	-26.393	22.913	-0.21274	0.08295	0.35812	-0.90524	25.6	null	null	13113	75
2026-05-27T14:16:56.083	WT901BLE68(F3:F0:16:BF:DC:AE)	0.613	-0.997	0.422	-2.747	-48.035	-25.635	-55.10	-33.67	158.36	-7.347	-26.393	22.913	-0.21274	0.08295	0.35812	-0.90524	25.6	null	null	13113	75
2026-05-27T14:16:56.139	WT901BLE68(F3:F0:16:BF:DC:AE)	0.494	-1.098	0.320	22.278	-51.147	47.607	-59.05	-35.22	171.02	-7.347	-26.393	22.913	-0.21274	0.08295	0.35812	-0.90524	25.6	null	null	13113	75
2026-05-27T14:16:56.264	WT901BLE68(F3:F0:16:BF:DC:AE)	0.517	-1.024	0.245	39.063	-81.238	93.140	-62.91	-32.31	-171.08	-7.347	-26.393	22.913	-0.21274	0.08295	0.35812	-0.90524	25.6	null	null	13113	75
2026-05-27T14:16:56.348	WT901BLE68(F3:F0:16:BF:DC:AE)	0.533	-1.017	0.266	58.899	-96.191	130.249	-65.86	-26.20	-150.66	-7.347	-26.393	22.913	-0.21274	0.08295	0.35812	-0.90524	25.6	null	null	13113	75
2026-05-27T14:16:56.472	WT901BLE68(F3:F0:16:BF:DC:AE)	0.355	-1.007	0.421	58.105	-69.702	154.419	-65.54	-16.77	-133.26	6.340	-29.400	8.707	-0.21274	0.08295	0.35812	-0.90524	25.6	null	null	13113	75
2026-05-27T14:16:56.560	WT901BLE68(F3:F0:16:BF:DC:AE)	0.207	-1.045	0.579	77.637	-25.513	172.668	-61.35	-4.74	-121.83	6.340	-29.400	8.707	-0.21274	0.08295	0.35812	-0.90524	25.6	null	null	13113	75
2026-05-27T14:16:56.684	WT901BLE68(F3:F0:16:BF:DC:AE)	-0.017	-0.900	0.548	71.350	15.869	182.800	-54.09	9.51	-113.21	6.340	-29.400	8.707	0.44446	-0.24994	0.42297	-0.74899	25.6	null	null	13113	75
2026-05-27T14:16:56.739	WT901BLE68(F3:F0:16:BF:DC:AE)	-0.293	-0.560	0.594	71.716	56.824	181.885	-44.92	24.96	-104.90	6.340	-29.400	8.707	0.44446	-0.24994	0.42297	-0.74899	25.6	null	null	13113	75
2026-05-27T14:16:56.861	WT901BLE68(F3:F0:16:BF:DC:AE)	-0.573	-0.254	0.513	65.063	65.674	134.460	-34.37	39.18	-97.46	6.340	-29.400	8.707	0.44446	-0.24994	0.42297	-0.74899	25.6	null	null	13113	75
2026-05-27T14:16:56.950	WT901BLE68(F3:F0:16:BF:DC:AE)	-0.613	-0.140	0.571	32.043	41.138	69.458	-24.46	48.51	-92.69	6.340	-29.400	8.707	0.44446	-0.24994	0.42297	-0.74899	25.6	null	null	13113	75
2026-05-27T14:16:57.074	WT901BLE68(F3:F0:16:BF:DC:AE)	-0.713	0.091	0.367	20.630	-20.325	-2.563	-17.44	50.30	-93.75	6.340	-29.400	8.707	0.44446	-0.24994	0.42297	-0.74899	25.6	null	null	13113	75
2026-05-27T14:16:57.161	WT901BLE68(F3:F0:16:BF:DC:AE)	-0.330	-0.280	0.758	2.869	-54.993	-34.058	-17.59	45.41	-99.56	6.340	-29.400	8.707	0.44446	-0.24994	0.42297	-0.74899	25.6	null	null	13113	75
2026-05-27T14:16:57.280	WT901BLE68(F3:F0:16:BF:DC:AE)	-0.338	-0.587	0.420	-55.115	-31.860	20.630	-22.16	40.91	-101.00	6.340	-29.400	8.707	0.44446	-0.24994	0.42297	-0.74899	25.6	null	null	13113	75
2026-05-27T14:16:57.338	WT901BLE68(F3:F0:16:BF:DC:AE)	-0.520	-0.240	0.642	-82.458	-39.612	-34.546	-28.37	36.86	-102.79	-41.447	-38.367	28.040	0.44446	-0.24994	0.42297	-0.74899	25.6	null	null	13113	75
2026-05-27T14:16:57.463	WT901BLE68(F3:F0:16:BF:DC:AE)	-0.481	-0.445	0.731	-96.680	-65.308	-83.069	-38.25	28.58	-109.07	-41.447	-38.367	28.040	0.44446	-0.24994	0.42297	-0.74899	25.6	null	null	13113	75
2026-05-27T14:16:57.550	WT901BLE68(F3:F0:16:BF:DC:AE)	-0.476	-0.721	1.087	-54.138	-77.148	-75.134	-45.71	17.02	-113.91	-41.447	-38.367	28.040	0.58121	-0.02676	0.39786	-0.70929	25.6	null	null	13113	75
2026-05-27T14:16:57.670	WT901BLE68(F3:F0:16:BF:DC:AE)	-0.560	-0.722	1.218	6.958	18.555	-27.893	-47.01	11.89	-118.91	-41.447	-38.367	28.040	0.58121	-0.02676	0.39786	-0.70929	25.6	null	null	13113	75
2026-05-27T14:16:57.761	WT901BLE68(F3:F0:16:BF:DC:AE)	-0.521	-0.760	0.867	52.307	101.318	25.574	-43.77	17.37	-127.72	-41.447	-38.367	28.040	0.58121	-0.02676	0.39786	-0.70929	25.6	null	null	13113	75
2026-05-27T14:16:57.882	WT901BLE68(F3:F0:16:BF:DC:AE)	-0.623	-0.591	0.709	62.622	119.995	66.467	-38.68	29.69	-134.52	-41.447	-38.367	28.040	0.58121	-0.02676	0.39786	-0.70929	25.6	null	null	13113	75
2026-05-27T14:16:57.972	WT901BLE68(F3:F0:16:BF:DC:AE)	-0.942	-0.083	0.352	81.726	56.946	47.852	-30.01	40.21	-137.70	-41.447	-38.367	28.040	0.58121	-0.02676	0.39786	-0.70929	25.6	null	null	13113	75
2026-05-27T14:16:58.090	WT901BLE68(F3:F0:16:BF:DC:AE)	-0.767	-0.226	0.478	55.481	-4.028	8.484	-22.43	43.41	-139.42	-41.447	-38.367	28.040	0.58121	-0.02676	0.39786	-0.70929	25.6	null	null	13113	75
2026-05-27T14:16:58.152	WT901BLE68(F3:F0:16:BF:DC:AE)	-0.398	-0.466	0.487	-13.306	-43.457	-5.127	-20.61	41.30	-141.08	-41.447	-38.367	28.040	0.58121	-0.02676	0.39786	-0.70929	25.6	null	null	13113	75
2026-05-27T14:16:58.271	WT901BLE68(F3:F0:16:BF:DC:AE)	-0.152	-0.286	0.624	-37.476	-28.809	5.066	-21.20	37.95	-139.56	-42.567	-34.420	29.200	0.58121	-0.02676	0.39786	-0.70929	25.6	null	null	13113	75
2026-05-27T14:16:58.392	WT901BLE68(F3:F0:16:BF:DC:AE)	-0.170	-0.400	0.561	-68.237	-49.500	-24.353	-26.93	33.37	-138.98	-42.567	-34.420	29.200	0.58121	-0.02676	0.39786	-0.70929	25.6	null	null	13113	75
2026-05-27T14:16:58.479	WT901BLE68(F3:F0:16:BF:DC:AE)	-0.366	-0.630	0.745	-113.525	-80.261	-49.683	-36.27	24.87	-138.81	-42.567	-34.420	29.200	0.39169	0.13400	0.33105	-0.84787	25.6	null	null	13113	75
2026-05-27T14:16:58.571	WT901BLE68(F3:F0:16:BF:DC:AE)	-0.499	-0.790	1.154	-65.735	-79.407	-54.810	-44.58	14.67	-139.48	-42.567	-34.420	29.200	0.39169	0.13400	0.33105	-0.84787	25.6	null	null	13113	75
2026-05-27T14:16:58.693	WT901BLE68(F3:F0:16:BF:DC:AE)	-0.497	-0.788	1.128	20.569	12.817	8.301	-46.38	10.93	-140.97	-42.567	-34.420	29.200	0.39169	0.13400	0.33105	-0.84787	25.6	null	null	13113	75
2026-05-27T14:16:58.751	WT901BLE68(F3:F0:16:BF:DC:AE)	-0.595	-0.521	0.783	57.373	79.529	54.688	-43.13	16.88	-144.17	-42.567	-34.420	29.200	0.39169	0.13400	0.33105	-0.84787	25.6	null	null	13113	75
2026-05-27T14:16:58.873	WT901BLE68(F3:F0:16:BF:DC:AE)	-0.701	-0.137	0.583	98.083	83.801	32.715	-35.97	27.05	-148.44	-42.567	-34.420	29.200	0.39169	0.13400	0.33105	-0.84787	25.6	null	null	13113	75
2026-05-27T14:16:58.959	WT901BLE68(F3:F0:16:BF:DC:AE)	-0.707	0.021	0.429	100.769	-7.813	-44.128	-28.13	31.79	-153.42	-42.567	-34.420	29.200	0.39169	0.13400	0.33105	-0.84787	25.6	null	null	13113	75
2026-05-27T14:16:59.081	WT901BLE68(F3:F0:16:BF:DC:AE)	-0.167	-0.379	0.703	46.387	-96.313	-100.403	-21.31	24.88	-161.26	-42.567	-34.420	29.200	0.39169	0.13400	0.33105	-0.84787	25.6	null	null	13113	75
2026-05-27T14:16:59.170	WT901BLE68(F3:F0:16:BF:DC:AE)	0.496	-0.835	0.833	-37.048	-56.274	-25.452	-20.66	13.40	-165.81	-20.727	-33.727	29.647	0.39169	0.13400	0.33105	-0.84787	25.6	null	null	13113	75
2026-05-27T14:16:59.289	WT901BLE68(F3:F0:16:BF:DC:AE)	0.030	-0.471	0.678	-62.866	-60.791	-24.109	-27.11	7.01	-163.05	-20.727	-33.727	29.647	0.39169	0.13400	0.33105	-0.84787	25.6	null	null	13113	75
2026-05-27T14:16:59.380	WT901BLE68(F3:F0:16:BF:DC:AE)	0.143	-0.649	0.913	-82.275	-80.078	-46.387	-35.05	-1.58	-161.58	-20.727	-33.727	29.647	0.15665	-0.01184	0.26288	-0.95190	25.6	null	null	13113	75
2026-05-27T14:16:59.502	WT901BLE68(F3:F0:16:BF:DC:AE)	0.149	-0.766	1.099	-63.293	-52.124	-57.739	-42.13	-10.46	-162.30	-20.727	-33.727	29.647	0.15665	-0.01184	0.26288	-0.95190	25.6	null	null	13113	75
2026-05-27T14:16:59.562	WT901BLE68(F3:F0:16:BF:DC:AE)	0.190	-0.670	0.946	-33.447	21.729	-59.448	-45.03	-15.57	-166.57	-20.727	-33.727	29.647	0.15665	-0.01184	0.26288	-0.95190	25.6	null	null	13113	75
2026-05-27T14:16:59.679	WT901BLE68(F3:F0:16:BF:DC:AE)	0.313	-0.695	0.736	-23.010	85.632	-86.487	-42.91	-16.53	-177.50	-20.727	-33.727	29.647	0.15665	-0.01184	0.26288	-0.95190	25.6	null	null	13113	75
2026-05-27T14:16:59.773	WT901BLE68(F3:F0:16:BF:DC:AE)	0.356	-0.752	0.615	-16.846	115.417	-88.684	-40.99	-14.91	168.13	-20.727	-33.727	29.647	0.15665	-0.01184	0.26288	-0.95190	25.6	null	null	13113	75
2026-05-27T14:16:59.892	WT901BLE68(F3:F0:16:BF:DC:AE)	0.253	-0.665	0.448	-13.367	99.304	-88.135	-40.79	-12.43	156.23	-20.727	-33.727	29.647	0.15665	-0.01184	0.26288	-0.95190	25.6	null	null	13113	75
2026-05-27T14:16:59.982	WT901BLE68(F3:F0:16:BF:DC:AE)	0.201	-0.603	0.356	-82.581	62.866	-105.713	-42.24	-13.12	148.83	-20.727	-33.727	29.647	0.15665	-0.01184	0.26288	-0.95190	25.6	null	null	13113	75
2026-05-27T14:17:00.103	WT901BLE68(F3:F0:16:BF:DC:AE)	0.315	-0.700	0.334	-76.599	34.485	-142.822	-49.06	-18.72	143.11	-2.373	-22.820	19.300	0.15665	-0.01184	0.26288	-0.95190	25.6	null	null	13113	75
2026-05-27T14:17:00.161	WT901BLE68(F3:F0:16:BF:DC:AE)	0.723	-0.827	0.424	53.162	-24.536	-174.316	-43.37	-31.41	136.46	-2.373	-22.820	19.300	0.15665	-0.01184	0.26288	-0.95190	25.6	null	null	13113	75
2026-05-27T14:17:00.282	WT901BLE68(F3:F0:16:BF:DC:AE)	0.842	-0.823	0.521	42.114	-55.176	-92.163	-33.41	-44.47	133.79	-2.373	-22.820	19.300	-0.43069	-0.11481	0.41907	-0.79092	25.6	null	null	13113	75
2026-05-27T14:17:00.369	WT901BLE68(F3:F0:16:BF:DC:AE)	0.757	-0.645	0.635	19.714	-30.396	-22.827	-27.21	-52.13	136.54	-2.373	-22.820	19.300	-0.43069	-0.11481	0.41907	-0.79092	25.6	null	null	13113	75
2026-05-27T14:17:00.490	WT901BLE68(F3:F0:16:BF:DC:AE)	0.726	-0.598	0.630	25.146	-17.883	17.700	-25.31	-53.12	130.52	-2.373	-22.820	19.300	-0.43069	-0.11481	0.41907	-0.79092	25.6	null	null	13113	75
2026-05-27T14:17:00.582	WT901BLE68(F3:F0:16:BF:DC:AE)	0.792	-0.528	0.499	48.828	-24.536	51.392	-26.47	-52.40	130.41	-2.373	-22.820	19.300	-0.43069	-0.11481	0.41907	-0.79092	25.6	null	null	13113	75
2026-05-27T14:17:00.702	WT901BLE68(F3:F0:16:BF:DC:AE)	0.882	-0.440	0.352	42.175	-28.992	70.007	-30.00	-51.12	134.95	-2.373	-22.820	19.300	-0.43069	-0.11481	0.41907	-0.79092	25.6	null	null	13113	75
2026-05-27T14:17:00.790	WT901BLE68(F3:F0:16:BF:DC:AE)	0.809	-0.417	0.337	71.777	-41.992	71.655	-34.58	-49.75	142.48	-2.373	-22.820	19.300	-0.43069	-0.11481	0.41907	-0.79092	25.6	null	null	13113	75
2026-05-27T14:17:00.912	WT901BLE68(F3:F0:16:BF:DC:AE)	0.850	-0.625	0.466	56.885	-41.382	87.708	-39.62	-48.67	152.40	-2.373	-22.820	19.300	-0.43069	-0.11481	0.41907	-0.79092	25.6	null	null	13113	75
2026-05-27T14:17:00.968	WT901BLE68(F3:F0:16:BF:DC:AE)	0.774	-0.784	0.456	25.146	-26.855	122.742	-46.54	-44.02	164.33	18.473	-4.353	-2.507	-0.43069	-0.11481	0.41907	-0.79092	25.6	null	null	13113	75
2026-05-27T14:17:01.093	WT901BLE68(F3:F0:16:BF:DC:AE)	0.650	-0.826	0.616	0.671	-5.798	158.997	-52.75	-34.44	176.26	18.473	-4.353	-2.507	-0.43069	-0.11481	0.41907	-0.79092	25.6	null	null	13113	75
2026-05-27T14:17:01.178	WT901BLE68(F3:F0:16:BF:DC:AE)	0.454	-0.818	0.751	30.579	39.001	175.415	-53.88	-20.71	-174.96	18.473	-4.353	-2.507	-0.12009	-0.22998	0.44202	-0.85861	25.6	null	null	13113	75
2026-05-27T14:17:01.304	WT901BLE68(F3:F0:16:BF:DC:AE)	0.137	-0.804	0.759	26.367	69.214	187.561	-51.53	-3.67	-168.42	18.473	-4.353	-2.507	-0.12009	-0.22998	0.44202	-0.85861	25.6	null	null	13113	75
2026-05-27T14:17:01.391	WT901BLE68(F3:F0:16:BF:DC:AE)	-0.166	-0.740	0.606	51.941	72.449	178.040	-46.87	13.84	-161.11	18.473	-4.353	-2.507	-0.12009	-0.22998	0.44202	-0.85861	25.6	null	null	13113	75
2026-05-27T14:17:01.513	WT901BLE68(F3:F0:16:BF:DC:AE)	-0.446	-0.357	0.586	112.305	84.167	122.986	-34.39	28.54	-153.91	18.473	-4.353	-2.507	-0.12009	-0.22998	0.44202	-0.85861	25.6	null	null	13113	75
2026-05-27T14:17:01.570	WT901BLE68(F3:F0:16:BF:DC:AE)	-0.671	-0.043	0.505	103.882	66.040	57.190	-21.47	38.84	-149.06	18.473	-4.353	-2.507	-0.12009	-0.22998	0.44202	-0.85861	25.6	null	null	13113	75
2026-05-27T14:17:01.691	WT901BLE68(F3:F0:16:BF:DC:AE)	-0.767	-0.009	0.501	68.909	26.001	8.240	-13.65	44.07	-148.17	18.473	-4.353	-2.507	-0.12009	-0.22998	0.44202	-0.85861	25.6	null	null	13113	75
2026-05-27T14:17:01.782	WT901BLE68(F3:F0:16:BF:DC:AE)	-0.616	-0.139	0.594	6.592	-7.935	-35.950	-11.31	44.79	-152.04	18.473	-4.353	-2.507	-0.12009	-0.22998	0.44202	-0.85861	25.6	null	null	13113	75
2026-05-27T14:17:01.902	WT901BLE68(F3:F0:16:BF:DC:AE)	-0.366	-0.395	0.599	-5.981	12.268	-1.099	-11.52	44.01	-155.40	-50.507	-28.727	28.740	-0.12009	-0.22998	0.44202	-0.85861	25.6	null	null	13113	75
2026-05-27T14:17:01.989	WT901BLE68(F3:F0:16:BF:DC:AE)	-0.576	-0.297	0.519	-15.015	31.982	51.575	-9.96	46.48	-149.75	-50.507	-28.727	28.740	-0.12009	-0.22998	0.44202	-0.85861	25.6	null	null	13113	75
2026-05-27T14:17:02.112	WT901BLE68(F3:F0:16:BF:DC:AE)	-0.713	0.071	0.440	-28.076	27.405	85.144	-5.43	50.05	-138.39	-50.507	-28.727	28.740	0.29065	0.36444	0.18387	-0.86533	25.6	null	null	13113	75
2026-05-27T14:17:02.200	WT901BLE68(F3:F0:16:BF:DC:AE)	-0.854	0.356	0.484	-18.677	-8.240	55.786	0.09	51.74	-128.02	-50.507	-28.727	28.740	0.29065	0.36444	0.18387	-0.86533	25.6	null	null	13113	75
2026-05-27T14:17:02.321	WT901BLE68(F3:F0:16:BF:DC:AE)	-0.877	0.667	0.565	-5.615	-62.317	-19.348	1.75	48.16	-126.67	-50.507	-28.727	28.740	0.29065	0.36444	0.18387	-0.86533	25.6	null	null	13113	75
2026-05-27T14:17:02.380	WT901BLE68(F3:F0:16:BF:DC:AE)	-0.685	0.273	0.777	20.874	-81.848	-110.291	-2.50	40.73	-137.74	-50.507	-28.727	28.740	0.29065	0.36444	0.18387	-0.86533	25.6	null	null	13113	75
2026-05-27T14:17:02.500	WT901BLE68(F3:F0:16:BF:DC:AE)	-0.262	-0.409	0.786	-33.691	-51.025	-91.736	-8.61	32.71	-151.14	-50.507	-28.727	28.740	0.29065	0.36444	0.18387	-0.86533	25.6	null	null	13113	75
2026-05-27T14:17:02.589	WT901BLE68(F3:F0:16:BF:DC:AE)	-0.396	-0.353	0.636	-55.725	-31.555	-48.584	-16.05	28.67	-156.98	-50.507	-28.727	28.740	0.29065	0.36444	0.18387	-0.86533	25.6	null	null	13113	75
2026-05-27T14:17:02.713	WT901BLE68(F3:F0:16:BF:DC:AE)	-0.425	-0.409	0.799	-79.163	-66.101	-63.904	-24.66	22.28	-161.05	-50.507	-28.727	28.740	0.29065	0.36444	0.18387	-0.86533	25.6	null	null	13113	75
2026-05-27T14:17:02.802	WT901BLE68(F3:F0:16:BF:DC:AE)	-0.420	-0.719	1.016	-59.753	-74.158	-66.589	-32.94	13.47	-164.96	-21.753	-41.607	27.273	0.29065	0.36444	0.18387	-0.86533	25.6	null	null	13113	75
2026-05-27T14:17:02.919	WT901BLE68(F3:F0:16:BF:DC:AE)	-0.334	-0.595	1.006	-27.527	-44.678	-15.259	-36.40	7.78	-165.29	-21.753	-41.607	27.273	0.29065	0.36444	0.18387	-0.86533	25.6	null	null	13113	75
2026-05-27T14:17:02.981	WT901BLE68(F3:F0:16:BF:DC:AE)	-0.225	-0.561	0.900	-11.230	-16.479	-13.489	-37.12	5.28	-165.87	-21.753	-41.607	27.273	0.13782	0.01093	0.32010	-0.93719	25.6	null	null	13113	75
2026-05-27T14:17:03.102	WT901BLE68(F3:F0:16:BF:DC:AE)	-0.199	-0.644	0.826	-3.479	2.625	-21.118	-37.81	4.22	-168.50	-21.753	-41.607	27.273	0.13782	0.01093	0.32010	-0.93719	25.6	null	null	13113	75
2026-05-27T14:17:03.192	WT901BLE68(F3:F0:16:BF:DC:AE)	-0.172	-0.667	0.820	1.099	12.634	-9.094	-37.92	4.43	-171.31	-21.753	-41.607	27.273	0.13782	0.01093	0.32010	-0.93719	25.6	null	null	13113	75
2026-05-27T14:17:03.314	WT901BLE68(F3:F0:16:BF:DC:AE)	-0.179	-0.667	0.862	1.343	28.137	4.517	-38.17	6.29	-173.59	-21.753	-41.607	27.273	0.13782	0.01093	0.32010	-0.93719	25.6	null	null	13113	75
2026-05-27T14:17:03.401	WT901BLE68(F3:F0:16:BF:DC:AE)	-0.282	-0.587	0.892	17.578	48.950	18.677	-37.55	10.37	-175.54	-21.753	-41.607	27.273	0.13782	0.01093	0.32010	-0.93719	25.6	null	null	13113	75
2026-05-27T14:17:03.525	WT901BLE68(F3:F0:16:BF:DC:AE)	-0.409	-0.605	0.836	55.969	67.932	26.733	-33.96	16.61	-177.71	-21.753	-41.607	27.273	0.13782	0.01093	0.32010	-0.93719	25.6	null	null	13113	75
2026-05-27T14:17:03.612	WT901BLE68(F3:F0:16:BF:DC:AE)	-0.499	-0.388	0.523	39.612	51.697	42.542	-28.77	23.82	-177.98	-21.753	-41.607	27.273	0.13782	0.01093	0.32010	-0.93719	25.6	null	null	13113	75
2026-05-27T14:17:03.732	WT901BLE68(F3:F0:16:BF:DC:AE)	-0.431	-0.229	0.479	16.907	-15.137	0.549	-25.59	26.47	-177.54	-21.500	-40.740	26.593	0.13782	0.01093	0.32010	-0.93719	25.6	null	null	13113	75
2026-05-27T14:17:03.790	WT901BLE68(F3:F0:16:BF:DC:AE)	-0.139	-0.525	0.820	-24.597	-57.983	-27.649	-26.53	21.81	-178.13	-21.500	-40.740	26.593	0.13782	0.01093	0.32010	-0.93719	25.6	null	null	13113	75
2026-05-27T14:17:03.910	WT901BLE68(F3:F0:16:BF:DC:AE)	-0.054	-0.544	0.641	-56.641	-75.256	-21.301	-31.94	14.46	-176.43	-21.500	-40.740	26.593	0.05905	0.17163	0.23480	-0.95490	25.6	null	null	13113	75
2026-05-27T14:17:04.001	WT901BLE68(F3:F0:16:BF:DC:AE)	-0.036	-0.514	0.854	-48.401	-69.458	-28.931	-36.69	6.94	-174.01	-21.500	-40.740	26.593	0.05905	0.17163	0.23480	-0.95490	25.6	null	null	13113	75
2026-05-27T14:17:04.122	WT901BLE68(F3:F0:16:BF:DC:AE)	0.031	-0.556	1.016	-25.879	-45.410	-42.053	-39.55	0.03	-173.42	-21.500	-40.740	26.593	0.05905	0.17163	0.23480	-0.95490	25.6	null	null	13113	75
2026-05-27T14:17:04.214	WT901BLE68(F3:F0:16:BF:DC:AE)	0.062	-0.659	0.918	-10.437	26.184	-62.256	-40.36	-4.09	-177.43	-21.500	-40.740	26.593	0.05905	0.17163	0.23480	-0.95490	25.6	null	null	13113	75
2026-05-27T14:17:04.331	WT901BLE68(F3:F0:16:BF:DC:AE)	0.084	-0.710	0.813	10.071	66.345	-68.604	-39.37	-4.71	174.09	-21.500	-40.740	26.593	0.05905	0.17163	0.23480	-0.95490	25.6	null	null	13113	75
2026-05-27T14:17:04.389	WT901BLE68(F3:F0:16:BF:DC:AE)	0.076	-0.640	0.780	10.437	88.074	-68.298	-37.98	-2.82	164.32	-21.500	-40.740	26.593	0.05905	0.17163	0.23480	-0.95490	25.6	null	null	13113	75
2026-05-27T14:17:04.512	WT901BLE68(F3:F0:16:BF:DC:AE)	0.062	-0.659	0.728	9.583	104.858	-78.857	-37.23	0.23	154.35	-21.500	-40.740	26.593	0.05905	0.17163	0.23480	-0.95490	25.6	null	null	13113	75
2026-05-27T14:17:04.599	WT901BLE68(F3:F0:16:BF:DC:AE)	0.008	-0.657	0.601	-26.123	83.618	-81.848	-38.12	2.73	145.88	-2.853	-29.373	20.447	0.05905	0.17163	0.23480	-0.95490	25.6	null	null	13113	75
2026-05-27T14:17:04.723	WT901BLE68(F3:F0:16:BF:DC:AE)	0.009	-0.635	0.378	-190.247	35.950	-64.697	-47.16	2.26	141.74	-2.853	-29.373	20.447	0.05905	0.17163	0.23480	-0.95490	25.6	null	null	13113	75
2026-05-27T14:17:04.811	WT901BLE68(F3:F0:16:BF:DC:AE)	0.044	-0.682	0.292	-3.723	15.442	-113.586	-56.55	-3.00	140.64	-2.853	-29.373	20.447	-0.29251	0.15686	0.42426	-0.84247	25.6	null	null	13113	75
2026-05-27T14:17:04.932	WT901BLE68(F3:F0:16:BF:DC:AE)	0.353	-1.032	0.431	125.122	3.601	-157.959	-54.28	-14.12	139.36	-2.853	-29.373	20.447	-0.29251	0.15686	0.42426	-0.84247	25.6	null	null	13113	75
2026-05-27T14:17:05.019	WT901BLE68(F3:F0:16:BF:DC:AE)	0.481	-0.820	0.565	31.433	-27.100	-122.864	-39.39	-26.32	135.80	-2.853	-29.373	20.447	-0.29251	0.15686	0.42426	-0.84247	25.6	null	null	13113	75
2026-05-27T14:17:05.142	WT901BLE68(F3:F0:16:BF:DC:AE)	0.646	-0.855	0.761	-25.024	-21.362	-42.664	-35.15	-34.69	136.64	-2.853	-29.373	20.447	-0.29251	0.15686	0.42426	-0.84247	25.6	null	null	13113	75
2026-05-27T14:17:05.202	WT901BLE68(F3:F0:16:BF:DC:AE)	0.493	-0.695	0.707	2.197	-12.756	4.395	-35.73	-37.81	143.23	-2.853	-29.373	20.447	-0.29251	0.15686	0.42426	-0.84247	25.6	null	null	13113	75
2026-05-27T14:17:05.320	WT901BLE68(F3:F0:16:BF:DC:AE)	0.514	-0.747	0.626	18.738	-17.822	44.861	-37.64	-38.13	153.74	-2.853	-29.373	20.447	-0.29251	0.15686	0.42426	-0.84247	25.6	null	null	13113	75
2026-05-27T14:17:05.409	WT901BLE68(F3:F0:16:BF:DC:AE)	0.547	-0.829	0.606	37.415	-32.349	104.553	-41.65	-35.74	169.91	-2.853	-29.373	20.447	-0.29251	0.15686	0.42426	-0.84247	25.6	null	null	13113	75
2026-05-27T14:17:05.530	WT901BLE68(F3:F0:16:BF:DC:AE)	0.506	-0.843	0.532	22.888	-46.448	145.325	-47.18	-30.16	-169.46	1.313	-8.000	15.333	-0.29251	0.15686	0.42426	-0.84247	25.6	null	null	13113	75
2026-05-27T14:17:05.621	WT901BLE68(F3:F0:16:BF:DC:AE)	0.462	-0.958	0.657	28.381	-35.278	166.992	-51.74	-21.37	-150.16	1.313	-8.000	15.333	-0.29251	0.15686	0.42426	-0.84247	25.6	null	null	13113	75
2026-05-27T14:17:05.737	WT901BLE68(F3:F0:16:BF:DC:AE)	0.237	-0.908	0.847	52.612	4.211	203.308	-51.53	-8.10	-136.24	1.313	-8.000	15.333	0.20480	-0.26041	0.37439	-0.86600	25.6	null	null	13113	75
2026-05-27T14:17:05.801	WT901BLE68(F3:F0:16:BF:DC:AE)	-0.079	-0.726	0.820	67.322	66.345	209.229	-45.55	9.12	-125.89	1.313	-8.000	15.333	0.20480	-0.26041	0.37439	-0.86600	25.6	null	null	13113	75
2026-05-27T14:17:05.920	WT901BLE68(F3:F0:16:BF:DC:AE)	-0.375	-0.391	0.669	64.758	93.567	176.270	-36.41	27.39	-116.91	1.313	-8.000	15.333	0.20480	-0.26041	0.37439	-0.86600	25.6	null	null	13113	75
2026-05-27T14:17:06.010	WT901BLE68(F3:F0:16:BF:DC:AE)	-0.641	-0.077	0.458	38.696	57.373	92.590	-26.69	40.50	-109.85	1.313	-8.000	15.333	0.20480	-0.26041	0.37439	-0.86600	25.6	null	null	13113	75
2026-05-27T14:17:06.133	WT901BLE68(F3:F0:16:BF:DC:AE)	-0.599	0.036	0.454	23.315	-8.179	5.371	-20.46	44.56	-108.73	1.313	-8.000	15.333	0.20480	-0.26041	0.37439	-0.86600	25.6	null	null	13113	75
2026-05-27T14:17:06.249	WT901BLE68(F3:F0:16:BF:DC:AE)	-0.129	-0.405	0.527	-41.626	-38.818	-49.316	-21.83	40.68	-114.26	1.313	-8.000	15.333	0.20480	-0.26041	0.37439	-0.86600	25.6	null	null	13113	75
2026-05-27T14:17:06.341	WT901BLE68(F3:F0:16:BF:DC:AE)	-0.105	-0.514	0.525	-33.142	-15.869	3.113	-26.22	36.71	-116.25	1.313	-8.000	15.333	0.20480	-0.26041	0.37439	-0.86600	25.6	null	null	13113	75
2026-05-27T14:17:06.433	WT901BLE68(F3:F0:16:BF:DC:AE)	-0.304	-0.255	0.439	-64.331	-46.753	-11.719	-29.79	33.33	-115.30	-37.700	-37.040	28.540	0.20480	-0.26041	0.37439	-0.86600	25.6	null	null	13113	75
2026-05-27T14:17:06.553	WT901BLE68(F3:F0:16:BF:DC:AE)	-0.377	-0.398	0.677	-104.004	-87.952	-70.984	-38.02	24.96	-116.88	-37.700	-37.040	28.540	0.20480	-0.26041	0.37439	-0.86600	25.6	null	null	13113	75
2026-05-27T14:17:06.608	WT901BLE68(F3:F0:16:BF:DC:AE)	-0.248	-0.709	1.078	-63.049	-102.722	-97.046	-46.55	11.46	-119.47	-37.700	-37.040	28.540	0.51831	-0.06415	0.38867	-0.75897	25.6	null	null	13113	75
2026-05-27T14:17:06.730	WT901BLE68(F3:F0:16:BF:DC:AE)	-0.050	-0.905	1.036	-46.021	-69.702	-72.510	-51.76	-1.68	-121.68	-37.700	-37.040	28.540	0.51831	-0.06415	0.38867	-0.75897	25.6	null	null	13113	75
2026-05-27T14:17:06.825	WT901BLE68(F3:F0:16:BF:DC:AE)	-0.084	-0.905	0.947	-28.015	-1.587	-62.683	-54.49	-9.31	-126.35	-37.700	-37.040	28.540	0.51831	-0.06415	0.38867	-0.75897	25.6	null	null	13113	75
2026-05-27T14:17:06.939	WT901BLE68(F3:F0:16:BF:DC:AE)	-0.083	-0.969	0.794	-10.132	58.655	-25.085	-54.48	-10.91	-135.49	-37.700	-37.040	28.540	0.51831	-0.06415	0.38867	-0.75897	25.6	null	null	13113	75
2026-05-27T14:17:07.031	WT901BLE68(F3:F0:16:BF:DC:AE)	-0.136	-0.919	0.735	9.949	80.627	22.461	-52.94	-5.98	-144.78	-37.700	-37.040	28.540	0.51831	-0.06415	0.38867	-0.75897	25.6	null	null	13113	75
2026-05-27T14:17:07.149	WT901BLE68(F3:F0:16:BF:DC:AE)	-0.223	-0.896	0.718	33.936	78.857	66.589	-49.87	2.96	-150.81	-37.700	-37.040	28.540	0.51831	-0.06415	0.38867	-0.75897	25.6	null	null	13113	75
2026-05-27T14:17:07.210	WT901BLE68(F3:F0:16:BF:DC:AE)	-0.388	-0.681	0.700	77.454	84.534	90.149	-43.51	14.48	-152.94	-37.700	-37.040	28.540	0.51831	-0.06415	0.38867	-0.75897	25.6	null	null	13113	75
2026-05-27T14:17:07.331	WT901BLE68(F3:F0:16:BF:DC:AE)	-0.581	-0.385	0.563	122.803	81.726	74.707	-33.30	26.41	-153.01	-12.887	-47.047	19.507	0.51831	-0.06415	0.38867	-0.75897	25.6	null	null	13113	75
2026-05-27T14:17:07.417	WT901BLE68(F3:F0:16:BF:DC:AE)	-0.679	-0.005	0.468	104.126	34.729	19.897	-20.76	34.25	-153.44	-12.887	-47.047	19.507	0.51831	-0.06415	0.38867	-0.75897	25.6	null	null	13113	75
2026-05-27T14:17:07.537	WT901BLE68(F3:F0:16:BF:DC:AE)	-0.517	-0.105	0.493	4.089	-45.654	-33.508	-16.28	33.71	-156.96	-12.887	-47.047	19.507	0.26041	0.25262	0.21970	-0.90552	25.6	null	null	13113	75
2026-05-27T14:17:07.633	WT901BLE68(F3:F0:16:BF:DC:AE)	0.072	-0.421	0.710	-34.607	-74.890	-62.988	-18.17	25.86	-161.35	-12.887	-47.047	19.507	0.26041	0.25262	0.21970	-0.90552	25.6	null	null	13113	75
2026-05-27T14:17:07.748	WT901BLE68(F3:F0:16:BF:DC:AE)	0.008	-0.473	0.708	-50.842	-44.067	1.282	-22.52	19.68	-159.02	-12.887	-47.047	19.507	0.26041	0.25262	0.21970	-0.90552	25.6	null	null	13113	75
2026-05-27T14:17:07.841	WT901BLE68(F3:F0:16:BF:DC:AE)	-0.090	-0.410	0.718	-64.148	-77.393	-11.902	-27.06	13.11	-154.51	-12.887	-47.047	19.507	0.26041	0.25262	0.21970	-0.90552	25.6	null	null	13113	75
2026-05-27T14:17:07.960	WT901BLE68(F3:F0:16:BF:DC:AE)	-0.034	-0.604	0.929	-69.824	-111.389	-33.936	-33.51	3.10	-151.68	-12.887	-47.047	19.507	0.26041	0.25262	0.21970	-0.90552	25.6	null	null	13113	75
2026-05-27T14:17:08.019	WT901BLE68(F3:F0:16:BF:DC:AE)	0.137	-0.684	1.180	-51.819	-91.797	-25.879	-38.98	-7.07	-149.23	-12.887	-47.047	19.507	0.26041	0.25262	0.21970	-0.90552	25.6	null	null	13113	75
2026-05-27T14:17:08.142	WT901BLE68(F3:F0:16:BF:DC:AE)	0.131	-0.748	1.122	-23.926	-35.767	-23.254	-42.04	-13.27	-149.24	-12.887	-47.047	19.507	0.26041	0.25262	0.21970	-0.90552	25.6	null	null	13113	75
2026-05-27T14:17:08.231	WT901BLE68(F3:F0:16:BF:DC:AE)	0.065	-0.850	0.945	-6.287	21.179	-12.390	-42.46	-14.64	-153.50	10.580	-38.647	7.680	0.26041	0.25262	0.21970	-0.90552	25.6	null	null	13113	75
2026-05-27T14:17:08.353	WT901BLE68(F3:F0:16:BF:DC:AE)	-0.073	-0.703	0.776	20.203	55.115	16.052	-40.46	-10.71	-158.74	10.580	-38.647	7.680	0.26041	0.25262	0.21970	-0.90552	25.6	null	null	13113	75
2026-05-27T14:17:08.442	WT901BLE68(F3:F0:16:BF:DC:AE)	-0.122	-0.545	0.752	43.457	62.317	11.414	-36.44	-4.36	-163.48	10.580	-38.647	7.680	0.13382	-0.11874	0.31503	-0.93201	25.6	null	null	13113	75
2026-05-27T14:17:08.561	WT901BLE68(F3:F0:16:BF:DC:AE)	-0.025	-0.354	0.752	25.146	26.001	-34.058	-32.74	-0.89	-168.86	10.580	-38.647	7.680	0.13382	-0.11874	0.31503	-0.93201	25.6	null	null	13113	75
2026-05-27T14:17:08.621	WT901BLE68(F3:F0:16:BF:DC:AE)	0.369	-0.702	0.670	5.676	6.531	-43.274	-32.38	-2.72	-173.84	10.580	-38.647	7.680	0.13382	-0.11874	0.31503	-0.93201	25.6	null	null	13113	75
2026-05-27T14:17:08.741	WT901BLE68(F3:F0:16:BF:DC:AE)	0.122	-0.532	0.849	-6.470	34.607	-54.932	-33.12	-3.35	-178.61	10.580	-38.647	7.680	0.13382	-0.11874	0.31503	-0.93201	25.6	null	null	13113	75
2026-05-27T14:17:08.832	WT901BLE68(F3:F0:16:BF:DC:AE)	0.111	-0.637	0.883	2.197	69.641	-81.360	-32.71	-3.02	173.49	10.580	-38.647	7.680	0.13382	-0.11874	0.31503	-0.93201	25.6	null	null	13113	75
2026-05-27T14:17:08.949	WT901BLE68(F3:F0:16:BF:DC:AE)	0.032	-0.693	0.755	-22.278	92.773	-81.665	-33.81	-0.64	164.79	10.580	-38.647	7.680	0.13382	-0.11874	0.31503	-0.93201	25.6	null	null	13113	75
2026-05-27T14:17:09.037	WT901BLE68(F3:F0:16:BF:DC:AE)	-0.068	-0.567	0.563	-19.653	84.167	-86.121	-34.55	1.87	157.66	10.580	-38.647	7.680	0.13382	-0.11874	0.31503	-0.93201	25.6	null	null	13113	75
2026-05-27T14:17:09.161	WT901BLE68(F3:F0:16:BF:DC:AE)	-0.046	-0.458	0.423	-65.002	31.921	-98.022	-38.31	0.43	153.01	-12.173	-21.440	26.213	0.13382	-0.11874	0.31503	-0.93201	25.6	null	null	13113	75
2026-05-27T14:17:09.251	WT901BLE68(F3:F0:16:BF:DC:AE)	0.122	-0.571	0.441	-16.479	-13.062	-136.658	-39.74	-7.62	149.39	-12.173	-21.440	26.213	0.13382	-0.11874	0.31503	-0.93201	25.6	null	null	13113	75
2026-05-27T14:17:09.370	WT901BLE68(F3:F0:16:BF:DC:AE)	0.295	-0.640	0.533	27.344	-65.857	-154.907	-36.72	-21.37	146.60	-12.173	-21.440	26.213	-0.29224	-0.00500	0.35550	-0.88773	25.6	null	null	13113	75
2026-05-27T14:17:09.433	WT901BLE68(F3:F0:16:BF:DC:AE)	0.621	-0.505	0.638	9.583	-85.327	-116.028	-29.94	-36.43	145.48	-12.173	-21.440	26.213	-0.29224	-0.00500	0.35550	-0.88773	25.6	null	null	13113	75
2026-05-27T14:17:09.551	WT901BLE68(F3:F0:16:BF:DC:AE)	0.823	-0.537	0.711	-9.583	-60.791	-59.326	-25.66	-47.74	146.77	-12.173	-21.440	26.213	-0.29224	-0.00500	0.35550	-0.88773	25.6	null	null	13113	75
2026-05-27T14:17:09.639	WT901BLE68(F3:F0:16:BF:DC:AE)	0.783	-0.573	0.735	6.287	-18.921	4.150	-25.29	-52.48	153.61	-12.173	-21.440	26.213	-0.29224	-0.00500	0.35550	-0.88773	25.6	null	null	13113	75
2026-05-27T14:17:09.763	WT901BLE68(F3:F0:16:BF:DC:AE)	0.694	-0.582	0.603	23.682	-9.460	54.993	-28.92	-52.51	166.65	-12.173	-21.440	26.213	-0.29224	-0.00500	0.35550	-0.88773	25.6	null	null	13113	75
2026-05-27T14:17:09.852	WT901BLE68(F3:F0:16:BF:DC:AE)	0.704	-0.700	0.560	32.104	-17.029	107.483	-36.17	-49.63	-174.01	-12.173	-21.440	26.213	-0.29224	-0.00500	0.35550	-0.88773	25.6	null	null	13113	75
2026-05-27T14:17:09.971	WT901BLE68(F3:F0:16:BF:DC:AE)	0.804	-0.898	0.478	19.714	-18.982	161.560	-45.28	-42.86	-150.87	-12.173	-21.440	26.213	-0.29224	-0.00500	0.35550	-0.88773	25.6	null	null	13113	75
2026-05-27T14:17:10.029	WT901BLE68(F3:F0:16:BF:DC:AE)	0.732	-1.081	0.466	27.405	-11.780	217.651	-52.67	-30.07	-128.34	9.087	-8.987	9.647	-0.29224	-0.00500	0.35550	-0.88773	25.6	null	null	13113	75
2026-05-27T14:17:10.149	WT901BLE68(F3:F0:16:BF:DC:AE)	0.399	-0.905	0.740	55.969	15.930	246.399	-53.38	-12.08	-112.73	9.087	-8.987	9.647	-0.29224	-0.00500	0.35550	-0.88773	25.6	null	null	13113	75
2026-05-27T14:17:10.239	WT901BLE68(F3:F0:16:BF:DC:AE)	0.027	-0.646	0.774	54.138	65.979	228.577	-47.66	7.88	-101.59	9.087	-8.987	9.647	0.50201	-0.29425	0.32877	-0.74377	25.6	null	null	13113	75
2026-05-27T14:17:10.362	WT901BLE68(F3:F0:16:BF:DC:AE)	-0.280	-0.360	0.507	27.039	72.083	174.744	-41.48	26.04	-93.35	9.087	-8.987	9.647	0.50201	-0.29425	0.32877	-0.74377	25.6	null	null	13113	75
2026-05-27T14:17:10.449	WT901BLE68(F3:F0:16:BF:DC:AE)	-0.560	-0.250	0.455	42.908	53.101	107.666	-34.79	38.79	-87.52	9.087	-8.987	9.647	0.50201	-0.29425	0.32877	-0.74377	25.6	null	null	13113	75
2026-05-27T14:17:10.571	WT901BLE68(F3:F0:16:BF:DC:AE)	-0.737	0.042	0.513	41.565	20.386	30.823	-26.90	45.41	-86.19	9.087	-8.987	9.647	0.50201	-0.29425	0.32877	-0.74377	25.6	null	null	13113	75
2026-05-27T14:17:10.690	WT901BLE68(F3:F0:16:BF:DC:AE)	-0.745	0.186	0.583	34.912	-25.940	-47.546	-22.60	45.07	-90.98	9.087	-8.987	9.647	0.50201	-0.29425	0.32877	-0.74377	25.6	null	null	13113	75
2026-05-27T14:17:10.783	WT901BLE68(F3:F0:16:BF:DC:AE)	-0.222	-0.180	0.930	36.011	-65.857	-79.956	-20.82	37.63	-101.74	9.087	-8.987	9.647	0.50201	-0.29425	0.32877	-0.74377	25.6	null	null	13113	75
2026-05-27T14:17:10.841	WT901BLE68(F3:F0:16:BF:DC:AE)	0.068	-0.492	0.624	-22.888	-13.550	-12.390	-23.54	30.63	-108.13	-35.913	-30.767	32.107	0.50201	-0.29425	0.32877	-0.74377	25.6	null	null	13113	75
2026-05-27T14:17:10.961	WT901BLE68(F3:F0:16:BF:DC:AE)	-0.255	-0.293	0.390	-78.674	-30.762	-5.615	-28.78	28.33	-108.78	-35.913	-30.767	32.107	0.50201	-0.29425	0.32877	-0.74377	25.6	null	null	13113	75
2026-05-27T14:17:11.052	WT901BLE68(F3:F0:16:BF:DC:AE)	-0.246	-0.450	0.521	-93.567	-92.346	-43.518	-35.91	21.79	-109.08	-35.913	-30.767	32.107	0.50201	-0.29425	0.32877	-0.74377	25.6	null	null	13113	75
2026-05-27T14:17:11.171	WT901BLE68(F3:F0:16:BF:DC:AE)	-0.204	-0.875	0.973	-93.262	-111.267	-84.778	-45.20	9.34	-110.54	-35.913	-30.767	32.107	0.58356	-0.05841	0.35352	-0.72867	25.6	null	null	13113	75
2026-05-27T14:17:11.259	WT901BLE68(F3:F0:16:BF:DC:AE)	-0.063	-0.928	1.138	-69.336	-93.567	-62.073	-51.93	-3.31	-111.48	-35.913	-30.767	32.107	0.58356	-0.05841	0.35352	-0.72867	25.6	null	null	13113	75
2026-05-27T14:17:11.382	WT901BLE68(F3:F0:16:BF:DC:AE)	-0.174	-0.863	0.915	-38.147	-27.039	-31.982	-56.27	-10.78	-113.96	-35.913	-30.767	32.107	0.58356	-0.05841	0.35352	-0.72867	25.6	null	null	13113	75
2026-05-27T14:17:11.440	WT901BLE68(F3:F0:16:BF:DC:AE)	-0.076	-0.938	0.836	-2.808	45.471	-6.104	-57.29	-11.54	-120.42	-35.913	-30.767	32.107	0.58356	-0.05841	0.35352	-0.72867	25.6	null	null	13113	75
2026-05-27T14:17:11.561	WT901BLE68(F3:F0:16:BF:DC:AE)	-0.028	-0.876	0.778	22.888	89.233	26.306	-54.50	-6.39	-130.00	-35.913	-30.767	32.107	0.58356	-0.05841	0.35352	-0.72867	25.6	null	null	13113	75
2026-05-27T14:17:11.651	WT901BLE68(F3:F0:16:BF:DC:AE)	-0.157	-0.945	0.750	39.551	101.624	61.646	-52.33	3.08	-138.18	-35.913	-30.767	32.107	0.58356	-0.05841	0.35352	-0.72867	25.6	null	null	13113	75
2026-05-27T14:17:11.773	WT901BLE68(F3:F0:16:BF:DC:AE)	-0.437	-0.604	0.587	97.412	112.488	80.566	-45.30	15.78	-143.67	-35.913	-30.767	32.107	0.58356	-0.05841	0.35352	-0.72867	25.6	null	null	13113	75
2026-05-27T14:17:11.860	WT901BLE68(F3:F0:16:BF:DC:AE)	-0.646	-0.336	0.482	119.202	75.745	62.988	-37.34	27.72	-146.28	-18.600	-48.153	21.187	0.58356	-0.05841	0.35352	-0.72867	25.6	null	null	13113	75
2026-05-27T14:17:11.981	WT901BLE68(F3:F0:16:BF:DC:AE)	-0.735	-0.090	0.362	64.270	11.475	17.334	-28.59	34.34	-148.20	-18.600	-48.153	21.187	0.58356	-0.05841	0.35352	-0.72867	25.6	null	null	13113	75
2026-05-27T14:17:12.038	WT901BLE68(F3:F0:16:BF:DC:AE)	-0.420	-0.194	0.554	28.015	-58.472	-51.086	-24.03	32.39	-152.43	-18.600	-48.153	21.187	0.30551	0.22485	0.27859	-0.88226	25.6	null	null	13113	75
2026-05-27T14:17:12.191	WT901BLE68(F3:F0:16:BF:DC:AE)	0.312	-0.709	0.650	0.183	-55.908	-14.038	-24.70	23.85	-154.85	-18.600	-48.153	21.187	0.30551	0.22485	0.27859	-0.88226	25.6	null	null	13113	75
2026-05-27T14:17:12.251	WT901BLE68(F3:F0:16:BF:DC:AE)	-0.055	-0.401	0.601	-70.068	-64.026	-23.621	-29.86	17.47	-150.17	-18.600	-48.153	21.187	0.30551	0.22485	0.27859	-0.88226	25.6	null	null	13113	75
2026-05-27T14:17:12.370	WT901BLE68(F3:F0:16:BF:DC:AE)	-0.043	-0.824	0.688	-106.018	-115.356	-76.355	-40.16	6.43	-148.75	-18.600	-48.153	21.187	0.30551	0.22485	0.27859	-0.88226	25.6	null	null	13113	75
2026-05-27T14:17:12.460	WT901BLE68(F3:F0:16:BF:DC:AE)	-0.011	-0.917	1.094	-78.674	-127.075	-56.274	-48.79	-7.70	-146.02	-18.600	-48.153	21.187	0.30551	0.22485	0.27859	-0.88226	25.6	null	null	13113	75
2026-05-27T14:17:12.581	WT901BLE68(F3:F0:16:BF:DC:AE)	-0.029	-0.883	1.033	-22.034	-59.448	7.019	-53.36	-14.78	-142.80	-18.600	-48.153	21.187	0.30551	0.22485	0.27859	-0.88226	25.6	null	null	13113	75
2026-05-27T14:17:12.669	WT901BLE68(F3:F0:16:BF:DC:AE)	-0.043	-0.956	0.924	32.837	37.964	38.513	-51.61	-12.76	-144.07	-18.600	-48.153	21.187	0.30551	0.22485	0.27859	-0.88226	25.6	null	null	13113	75
2026-05-27T14:17:12.791	WT901BLE68(F3:F0:16:BF:DC:AE)	-0.057	-0.871	0.785	44.312	99.121	79.895	-46.66	-2.56	-148.54	8.367	-45.993	1.180	0.30551	0.22485	0.27859	-0.88226	25.6	null	null	13113	75
2026-05-27T14:17:12.849	WT901BLE68(F3:F0:16:BF:DC:AE)	-0.212	-0.643	0.647	32.715	106.628	92.346	-43.65	11.21	-151.41	8.367	-45.993	1.180	0.25940	-0.02170	0.38074	-0.88724	25.6	null	null	13113	75
2026-05-27T14:17:12.974	WT901BLE68(F3:F0:16:BF:DC:AE)	-0.569	-0.386	0.423	78.064	71.594	87.708	-38.17	23.66	-151.80	8.367	-45.993	1.180	0.25940	-0.02170	0.38074	-0.88724	25.6	null	null	13113	75
2026-05-27T14:17:13.062	WT901BLE68(F3:F0:16:BF:DC:AE)	-0.709	-0.069	0.250	99.548	13.306	26.672	-28.74	31.10	-151.00	8.367	-45.993	1.180	0.25940	-0.02170	0.38074	-0.88724	25.6	null	null	13113	75
2026-05-27T14:17:13.184	WT901BLE68(F3:F0:16:BF:DC:AE)	-0.418	-0.090	0.359	16.174	-82.092	-41.687	-23.66	28.10	-153.42	8.367	-45.993	1.180	0.25940	-0.02170	0.38074	-0.88724	25.6	null	null	13113	75
2026-05-27T14:17:13.269	WT901BLE68(F3:F0:16:BF:DC:AE)	0.275	-0.480	0.810	-18.921	-130.371	-76.843	-24.51	15.38	-157.62	8.367	-45.993	1.180	0.25940	-0.02170	0.38074	-0.88724	25.6	null	null	13113	75
2026-05-27T14:17:13.393	WT901BLE68(F3:F0:16:BF:DC:AE)	0.382	-0.700	1.027	-62.988	-55.603	-22.217	-29.99	4.30	-156.95	8.367	-45.993	1.180	0.25940	-0.02170	0.38074	-0.88724	25.6	null	null	13113	75
2026-05-27T14:17:13.479	WT901BLE68(F3:F0:16:BF:DC:AE)	0.125	-0.587	0.999	-63.477	-22.095	-42.053	-36.72	-1.08	-157.42	8.367	-45.993	1.180	0.25940	-0.02170	0.38074	-0.88724	25.6	null	null	13113	75
2026-05-27T14:17:13.601	WT901BLE68(F3:F0:16:BF:DC:AE)	-0.027	-0.797	1.033	-43.884	10.986	-55.115	-41.70	-5.15	-161.92	8.367	-45.993	1.180	0.25940	-0.02170	0.38074	-0.88724	25.6	null	null	13113	75
2026-05-27T14:17:13.661	WT901BLE68(F3:F0:16:BF:DC:AE)	-0.071	-0.686	0.831	-5.066	74.097	-66.162	-43.25	-5.43	-170.69	2.973	-42.053	9.613	0.25940	-0.02170	0.38074	-0.88724	25.6	null	null	13113	75
2026-05-27T14:17:13.782	WT901BLE68(F3:F0:16:BF:DC:AE)	0.038	-0.678	0.673	16.663	110.474	-94.788	-41.80	-3.57	176.33	2.973	-42.053	9.613	0.25940	-0.02170	0.38074	-0.88724	25.6	null	null	13113	75
2026-05-27T14:17:13.869	WT901BLE68(F3:F0:16:BF:DC:AE)	0.047	-0.591	0.508	-3.479	91.919	-129.150	-40.79	-2.98	161.96	2.973	-42.053	9.613	-0.08075	0.00275	0.35086	-0.93289	25.6	null	null	13113	75
2026-05-27T14:17:13.990	WT901BLE68(F3:F0:16:BF:DC:AE)	0.130	-0.766	0.476	-24.780	52.917	-141.113	-40.98	-7.12	151.04	2.973	-42.053	9.613	-0.08075	0.00275	0.35086	-0.93289	25.6	null	null	13113	75
2026-05-27T14:17:14.082	WT901BLE68(F3:F0:16:BF:DC:AE)	0.291	-0.565	0.558	26.611	1.587	-183.289	-37.12	-16.12	143.12	2.973	-42.053	9.613	-0.08075	0.00275	0.35086	-0.93289	25.6	null	null	13113	75
2026-05-27T14:17:14.200	WT901BLE68(F3:F0:16:BF:DC:AE)	0.544	-0.525	0.578	23.132	-41.321	-167.664	-29.46	-28.85	135.31	2.973	-42.053	9.613	-0.08075	0.00275	0.35086	-0.93289	25.6	null	null	13113	75
2026-05-27T14:17:14.265	WT901BLE68(F3:F0:16:BF:DC:AE)	0.713	-0.635	0.664	0.916	-53.223	-101.685	-23.57	-40.12	130.94	2.973	-42.053	9.613	-0.08075	0.00275	0.35086	-0.93289	25.6	null	null	13113	75
2026-05-27T14:17:14.386	WT901BLE68(F3:F0:16:BF:DC:AE)	0.712	-0.594	0.754	-10.620	-40.405	-44.739	-19.39	-46.24	120.40	2.973	-42.053	9.613	-0.08075	0.00275	0.35086	-0.93289	25.6	null	null	13113	75
2026-05-27T14:17:14.472	WT901BLE68(F3:F0:16:BF:DC:AE)	0.733	-0.659	0.794	0.916	-14.893	25.208	-18.94	-47.63	114.05	2.973	-42.053	9.613	-0.08075	0.00275	0.35086	-0.93289	25.6	null	null	13113	75
2026-05-27T14:17:14.592	WT901BLE68(F3:F0:16:BF:DC:AE)	0.805	-0.802	0.636	19.104	-1.892	102.905	-24.88	-44.59	117.06	-1.273	6.160	12.867	-0.08075	0.00275	0.35086	-0.93289	25.6	null	null	13113	75
2026-05-27T14:17:14.686	WT901BLE68(F3:F0:16:BF:DC:AE)	0.716	-0.850	0.548	25.146	-10.071	167.969	-33.59	-37.24	127.43	-1.273	6.160	12.867	-0.08075	0.00275	0.35086	-0.93289	25.6	null	null	13113	75
2026-05-27T14:17:14.801	WT901BLE68(F3:F0:16:BF:DC:AE)	0.702	-0.922	0.529	22.095	-26.978	219.482	-41.74	-26.30	144.89	-1.273	6.160	12.867	-0.45752	-0.13364	0.38464	-0.79041	25.6	null	null	13113	75
2026-05-27T14:17:14.892	WT901BLE68(F3:F0:16:BF:DC:AE)	0.494	-0.938	0.712	37.048	-26.611	239.136	-45.76	-13.15	169.83	-1.273	6.160	12.867	-0.45752	-0.13364	0.38464	-0.79041	25.6	null	null	13113	75
2026-05-27T14:17:15.016	WT901BLE68(F3:F0:16:BF:DC:AE)	0.120	-0.859	0.789	-2.258	7.263	246.155	-45.69	2.77	-169.99	-1.273	6.160	12.867	-0.45752	-0.13364	0.38464	-0.79041	25.6	null	null	13113	75
2026-05-27T14:17:15.073	WT901BLE68(F3:F0:16:BF:DC:AE)	-0.198	-0.603	0.632	57.373	50.110	212.097	-38.62	19.49	-153.52	-1.273	6.160	12.867	-0.45752	-0.13364	0.38464	-0.79041	25.6	null	null	13113	75
2026-05-27T14:17:15.196	WT901BLE68(F3:F0:16:BF:DC:AE)	-0.593	-0.026	0.464	74.768	56.030	127.808	-25.65	32.21	-141.23	-1.273	6.160	12.867	-0.45752	-0.13364	0.38464	-0.79041	25.6	null	null	13113	75
2026-05-27T14:17:15.284	WT901BLE68(F3:F0:16:BF:DC:AE)	-0.612	-0.008	0.405	47.668	10.254	32.410	-16.82	37.29	-135.95	-1.273	6.160	12.867	-0.45752	-0.13364	0.38464	-0.79041	25.6	null	null	13113	75
2026-05-27T14:17:15.402	WT901BLE68(F3:F0:16:BF:DC:AE)	-0.246	-0.146	0.588	-24.597	-32.471	-23.926	-14.74	35.65	-138.09	-1.273	6.160	12.867	-0.45752	-0.13364	0.38464	-0.79041	25.6	null	null	13113	75
2026-05-27T14:17:15.497	WT901BLE68(F3:F0:16:BF:DC:AE)	-0.021	-0.372	0.521	-42.786	-22.339	-15.625	-18.35	31.81	-139.98	-40.740	-35.887	27.553	-0.45752	-0.13364	0.38464	-0.79041	25.6	null	null	13113	75
2026-05-27T14:17:15.612	WT901BLE68(F3:F0:16:BF:DC:AE)	-0.225	-0.413	0.510	-105.286	-40.955	-50.293	-25.83	27.34	-141.31	-40.740	-35.887	27.553	-0.45752	-0.13364	0.38464	-0.79041	25.6	null	null	13113	75
2026-05-27T14:17:15.669	WT901BLE68(F3:F0:16:BF:DC:AE)	-0.434	-0.650	0.744	-123.535	-74.097	-102.844	-37.40	18.34	-145.20	-40.740	-35.887	27.553	0.34909	0.09689	0.31757	-0.87622	25.6	null	null	13113	75
2026-05-27T14:17:15.793	WT901BLE68(F3:F0:16:BF:DC:AE)	-0.391	-0.940	0.946	-56.763	-83.435	-90.637	-47.11	5.88	-148.77	-40.740	-35.887	27.553	0.34909	0.09689	0.31757	-0.87622	25.6	null	null	13113	75
2026-05-27T14:17:15.884	WT901BLE68(F3:F0:16:BF:DC:AE)	-0.339	-0.906	0.846	-43.945	-45.654	-56.885	-51.25	-3.58	-150.62	-40.740	-35.887	27.553	0.34909	0.09689	0.31757	-0.87622	25.6	null	null	13113	75
2026-05-27T14:17:16.004	WT901BLE68(F3:F0:16:BF:DC:AE)	-0.309	-0.853	0.792	-6.653	15.991	-32.349	-52.37	-7.32	-154.61	-40.740	-35.887	27.553	0.34909	0.09689	0.31757	-0.87622	25.6	null	null	13113	75
2026-05-27T14:17:16.091	WT901BLE68(F3:F0:16:BF:DC:AE)	-0.187	-0.927	0.702	17.151	61.829	0.000	-50.86	-5.26	-161.20	-40.740	-35.887	27.553	0.34909	0.09689	0.31757	-0.87622	25.6	null	null	13113	75
2026-05-27T14:17:16.214	WT901BLE68(F3:F0:16:BF:DC:AE)	-0.116	-0.925	0.721	8.667	77.942	38.391	-48.75	1.47	-167.39	-40.740	-35.887	27.553	0.34909	0.09689	0.31757	-0.87622	25.6	null	null	13113	75
2026-05-27T14:17:16.299	WT901BLE68(F3:F0:16:BF:DC:AE)	-0.309	-0.944	0.789	48.889	87.463	81.116	-48.78	11.27	-170.48	-7.933	-52.873	10.433	0.34909	0.09689	0.31757	-0.87622	25.6	null	null	13113	75
2026-05-27T14:17:16.424	WT901BLE68(F3:F0:16:BF:DC:AE)	-0.609	-0.584	0.679	140.381	97.656	99.915	-42.29	24.44	-170.76	-7.933	-52.873	10.433	0.34909	0.09689	0.31757	-0.87622	25.6	null	null	13113	75
2026-05-27T14:17:16.480	WT901BLE68(F3:F0:16:BF:DC:AE)	-0.778	-0.210	0.430	106.689	73.792	76.233	-28.64	37.11	-168.49	-7.933	-52.873	10.433	0.16837	0.26807	0.27823	-0.90680	25.6	null	null	13113	75
2026-05-27T14:17:16.604	WT901BLE68(F3:F0:16:BF:DC:AE)	-0.715	-0.055	0.400	52.612	14.526	18.433	-18.37	44.04	-166.33	-7.933	-52.873	10.433	0.16837	0.26807	0.27823	-0.90680	25.6	null	null	13113	75
2026-05-27T14:17:16.689	WT901BLE68(F3:F0:16:BF:DC:AE)	-0.360	-0.063	0.380	-78.369	-46.875	-43.518	-17.80	42.78	-168.99	-7.933	-52.873	10.433	0.16837	0.26807	0.27823	-0.90680	25.6	null	null	13113	75
2026-05-27T14:17:16.845	WT901BLE68(F3:F0:16:BF:DC:AE)	-0.009	-0.718	0.487	-49.561	-52.368	-38.391	-27.99	36.04	-171.69	-7.933	-52.873	10.433	0.16837	0.26807	0.27823	-0.90680	25.6	null	null	13113	75
2026-05-27T14:17:16.901	WT901BLE68(F3:F0:16:BF:DC:AE)	-0.229	-0.554	0.445	-108.398	-71.106	-38.513	-35.51	28.58	-168.16	-7.933	-52.873	10.433	0.16837	0.26807	0.27823	-0.90680	25.6	null	null	13113	75
2026-05-27T14:17:17.020	WT901BLE68(F3:F0:16:BF:DC:AE)	-0.303	-0.610	0.725	-107.971	-105.591	-68.054	-43.67	17.51	-165.27	-7.933	-52.873	10.433	0.16837	0.26807	0.27823	-0.90680	25.6	null	null	13113	75
2026-05-27T14:17:17.082	WT901BLE68(F3:F0:16:BF:DC:AE)	-0.195	-0.940	0.932	-72.998	-104.736	-74.280	-52.31	4.36	-162.56	-7.933	-52.873	10.433	0.16837	0.26807	0.27823	-0.90680	25.6	null	null	13113	75
2026-05-27T14:17:17.201	WT901BLE68(F3:F0:16:BF:DC:AE)	-0.185	-0.933	0.944	-31.250	-58.716	-41.077	-57.41	-4.79	-160.30	-7.933	-52.873	10.433	0.16837	0.26807	0.27823	-0.90680	25.6	null	null	13113	75
2026-05-27T14:17:17.289	WT901BLE68(F3:F0:16:BF:DC:AE)	-0.201	-1.016	0.830	19.348	7.141	10.193	-57.94	-6.84	-161.04	3.007	-53.887	-0.667	0.16837	0.26807	0.27823	-0.90680	25.6	null	null	13113	75
2026-05-27T14:17:17.414	WT901BLE68(F3:F0:16:BF:DC:AE)	-0.220	-0.828	0.703	83.496	69.519	48.157	-51.80	-1.18	-164.51	3.007	-53.887	-0.667	0.16837	0.26807	0.27823	-0.90680	25.6	null	null	13113	75
2026-05-27T14:17:17.500	WT901BLE68(F3:F0:16:BF:DC:AE)	-0.270	-0.560	0.701	71.899	71.411	58.411	-43.88	8.54	-167.84	3.007	-53.887	-0.667	0.11926	-0.02911	0.40829	-0.90451	25.6	null	null	13113	75
2026-05-27T14:17:17.626	WT901BLE68(F3:F0:16:BF:DC:AE)	-0.311	-0.377	0.534	54.688	-5.798	15.442	-37.99	14.44	-168.33	3.007	-53.887	-0.667	0.11926	-0.02911	0.40829	-0.90451	25.6	null	null	13113	75
2026-05-27T14:17:17.711	WT901BLE68(F3:F0:16:BF:DC:AE)	-0.020	-0.555	0.684	22.400	-74.097	-26.489	-34.04	10.57	-167.61	3.007	-53.887	-0.667	0.11926	-0.02911	0.40829	-0.90451	25.6	null	null	13113	75
2026-05-27T14:17:17.834	WT901BLE68(F3:F0:16:BF:DC:AE)	0.279	-0.740	0.654	-11.230	-73.059	-41.504	-34.74	2.37	-166.71	3.007	-53.887	-0.667	0.11926	-0.02911	0.40829	-0.90451	25.6	null	null	13113	75
2026-05-27T14:17:17.891	WT901BLE68(F3:F0:16:BF:DC:AE)	0.285	-0.700	0.799	-43.579	-22.827	-49.866	-37.71	-4.47	-167.31	3.007	-53.887	-0.667	0.11926	-0.02911	0.40829	-0.90451	25.6	null	null	13113	75
2026-05-27T14:17:18.013	WT901BLE68(F3:F0:16:BF:DC:AE)	0.335	-0.770	0.824	-30.640	20.569	-89.233	-40.70	-9.66	-172.68	3.007	-53.887	-0.667	0.11926	-0.02911	0.40829	-0.90451	25.6	null	null	13113	75
2026-05-27T14:17:18.100	WT901BLE68(F3:F0:16:BF:DC:AE)	0.298	-0.755	0.771	-29.053	69.397	-121.765	-41.85	-13.30	176.06	3.007	-53.887	-0.667	0.11926	-0.02911	0.40829	-0.90451	25.6	null	null	13113	75
2026-05-27T14:17:18.226	WT901BLE68(F3:F0:16:BF:DC:AE)	0.300	-0.749	0.568	-28.137	89.355	-143.311	-40.86	-16.05	160.53	9.253	-35.767	6.887	0.11926	-0.02911	0.40829	-0.90451	25.6	null	null	13113	75
2026-05-27T14:17:18.310	WT901BLE68(F3:F0:16:BF:DC:AE)	0.258	-0.678	0.405	-58.777	74.890	-143.311	-40.28	-19.18	145.55	9.253	-35.767	6.887	-0.30035	-0.05338	0.36572	-0.87924	25.6	null	null	13113	75
2026-05-27T14:17:18.432	WT901BLE68(F3:F0:16:BF:DC:AE)	0.326	-0.551	0.370	-95.581	39.856	-144.653	-42.31	-25.04	135.78	9.253	-35.767	6.887	-0.30035	-0.05338	0.36572	-0.87924	25.6	null	null	13113	75
2026-05-27T14:17:18.492	WT901BLE68(F3:F0:16:BF:DC:AE)	0.657	-0.706	0.554	-93.506	21.484	-158.875	-43.30	-34.06	127.46	9.253	-35.767	6.887	-0.30035	-0.05338	0.36572	-0.87924	25.6	null	null	13113	75
2026-05-27T14:17:18.612	WT901BLE68(F3:F0:16:BF:DC:AE)	0.879	-0.775	0.517	-59.204	8.057	-152.527	-43.58	-43.74	118.76	9.253	-35.767	6.887	-0.30035	-0.05338	0.36572	-0.87924	25.6	null	null	13113	75
2026-05-27T14:17:18.702	WT901BLE68(F3:F0:16:BF:DC:AE)	0.748	-0.515	0.366	-21.057	-4.517	-102.966	-38.38	-52.36	112.01	9.253	-35.767	6.887	-0.30035	-0.05338	0.36572	-0.87924	25.6	null	null	13113	75
2026-05-27T14:17:18.819	WT901BLE68(F3:F0:16:BF:DC:AE)	0.912	-0.449	0.348	-19.958	-2.014	-89.539	-29.03	-57.14	91.27	9.253	-35.767	6.887	-0.30035	-0.05338	0.36572	-0.87924	25.6	null	null	13113	75
2026-05-27T14:17:18.909	WT901BLE68(F3:F0:16:BF:DC:AE)	0.952	-0.404	0.388	46.021	-12.146	-31.250	-17.41	-59.33	74.72	9.253	-35.767	6.887	-0.30035	-0.05338	0.36572	-0.87924	25.6	null	null	13113	75
2026-05-27T14:17:19.027	WT901BLE68(F3:F0:16:BF:DC:AE)	0.856	-0.375	0.380	22.827	-16.663	20.630	-17.08	-59.90	70.44	9.253	-35.767	6.887	-0.30035	-0.05338	0.36572	-0.87924	25.6	null	null	13113	75
2026-05-27T14:17:19.089	WT901BLE68(F3:F0:16:BF:DC:AE)	0.947	-0.505	0.364	49.561	-37.659	71.411	-22.88	-59.91	75.37	9.253	-35.767	6.887	-0.30035	-0.05338	0.36572	-0.87924	25.6	null	null	13113	75
2026-05-27T14:17:19.239	WT901BLE68(F3:F0:16:BF:DC:AE)	1.050	-0.739	0.248	112.061	-48.401	155.334	-36.80	-57.49	94.56	9.253	-35.767	6.887	-0.30035	-0.05338	0.36572	-0.87924	25.6	null	null	13113	75
2026-05-27T14:17:19.297	WT901BLE68(F3:F0:16:BF:DC:AE)	0.942	-0.876	0.353	78.125	-26.184	230.591	-52.01	-45.46	117.59	9.253	-35.767	6.887	-0.30035	-0.05338	0.36572	-0.87924	25.7	null	null	13113	75
2026-05-27T14:17:19.422	WT901BLE68(F3:F0:16:BF:DC:AE)	0.797	-1.154	0.499	91.980	28.870	280.090	-54.62	-25.03	138.50	9.253	-35.767	6.887	-0.30035	-0.05338	0.36572	-0.87924	25.7	null	null	13113	75
2026-05-27T14:17:19.509	WT901BLE68(F3:F0:16:BF:DC:AE)	0.369	-0.988	0.447	65.613	67.932	306.274	-48.57	0.56	157.97	9.253	-35.767	6.887	-0.30035	-0.05338	0.36572	-0.87924	25.7	null	null	13113	75
2026-05-27T14:17:19.630	WT901BLE68(F3:F0:16:BF:DC:AE)	-0.084	-0.492	0.441	71.655	58.777	241.150	-36.82	21.86	178.65	-5.960	-42.260	15.140	-0.30035	-0.05338	0.36572	-0.87924	25.7	null	null	13113	75
2026-05-27T14:17:19.722	WT901BLE68(F3:F0:16:BF:DC:AE)	-0.451	-0.158	0.581	85.144	21.790	101.074	-23.16	31.66	-164.38	-5.960	-42.260	15.140	0.16068	0.22992	0.24716	-0.92743	25.7	null	null	13113	75
2026-05-27T14:17:19.840	WT901BLE68(F3:F0:16:BF:DC:AE)	-0.372	-0.091	0.576	35.889	-32.288	-12.085	-17.07	31.37	-159.42	-5.960	-42.260	15.140	0.16068	0.22992	0.24716	-0.92743	25.7	null	null	13113	75
2026-05-27T14:17:19.897	WT901BLE68(F3:F0:16:BF:DC:AE)	-0.095	-0.379	0.788	-11.841	-46.326	-52.856	-18.35	25.42	-161.74	-5.960	-42.260	15.140	0.16068	0.22992	0.24716	-0.92743	25.7	null	null	13113	75
2026-05-27T14:17:20.023	WT901BLE68(F3:F0:16:BF:DC:AE)	-0.277	-0.361	0.697	-40.100	-21.118	-15.442	-22.50	21.07	-161.20	-5.960	-42.260	15.140	0.16068	0.22992	0.24716	-0.92743	25.7	null	null	13113	75
2026-05-27T14:17:20.110	WT901BLE68(F3:F0:16:BF:DC:AE)	-0.339	-0.472	0.590	-65.002	-39.124	-48.828	-29.21	16.68	-161.93	-5.960	-42.260	15.140	0.16068	0.22992	0.24716	-0.92743	25.7	null	null	13113	75
2026-05-27T14:17:20.227	WT901BLE68(F3:F0:16:BF:DC:AE)	-0.256	-0.724	0.691	-75.989	-78.735	-74.280	-37.20	8.27	-163.69	-5.960	-42.260	15.140	0.16068	0.22992	0.24716	-0.92743	25.7	null	null	13113	75
2026-05-27T14:17:20.319	WT901BLE68(F3:F0:16:BF:DC:AE)	-0.131	-0.931	0.835	-76.111	-83.679	-67.322	-45.04	-2.38	-164.19	-5.960	-42.260	15.140	0.16068	0.22992	0.24716	-0.92743	25.7	null	null	13113	75
2026-05-27T14:17:20.437	WT901BLE68(F3:F0:16:BF:DC:AE)	-0.204	-0.797	0.936	-61.096	-56.946	-49.500	-50.53	-10.36	-164.09	-5.960	-42.260	15.140	0.16068	0.22992	0.24716	-0.92743	25.7	null	null	13113	75
2026-05-27T14:17:20.501	WT901BLE68(F3:F0:16:BF:DC:AE)	-0.202	-0.978	1.005	-18.799	2.014	-16.846	-52.98	-13.44	-166.25	2.860	-47.913	4.907	0.16068	0.22992	0.24716	-0.92743	25.7	null	null	13113	75
2026-05-27T14:17:20.618	WT901BLE68(F3:F0:16:BF:DC:AE)	-0.178	-1.008	0.889	54.443	68.665	40.405	-49.47	-8.23	-170.34	2.860	-47.913	4.907	0.04587	-0.12405	0.42007	-0.89774	25.7	null	null	13113	75
2026-05-27T14:17:20.709	WT901BLE68(F3:F0:16:BF:DC:AE)	-0.245	-0.842	0.832	77.271	121.094	90.271	-42.35	4.71	-173.72	2.860	-47.913	4.907	0.04587	-0.12405	0.42007	-0.89774	25.7	null	null	13113	75
2026-05-27T14:17:20.829	WT901BLE68(F3:F0:16:BF:DC:AE)	-0.474	-0.504	0.577	75.256	127.808	108.154	-34.82	21.26	-173.75	2.860	-47.913	4.907	0.04587	-0.12405	0.42007	-0.89774	25.7	null	null	13113	75
2026-05-27T14:17:20.922	WT901BLE68(F3:F0:16:BF:DC:AE)	-0.824	-0.073	0.406	57.617	50.293	72.815	-26.97	34.14	-169.54	2.860	-47.913	4.907	0.04587	-0.12405	0.42007	-0.89774	25.7	null	null	13113	75
2026-05-27T14:17:21.037	WT901BLE68(F3:F0:16:BF:DC:AE)	-0.640	-0.051	0.448	45.898	-27.771	-13.062	-21.11	37.72	-167.82	2.860	-47.913	4.907	0.04587	-0.12405	0.42007	-0.89774	25.7	null	null	13113	75
2026-05-27T14:17:21.130	WT901BLE68(F3:F0:16:BF:DC:AE)	0.036	-0.542	0.537	1.587	-71.045	-73.669	-23.79	31.72	-172.50	2.860	-47.913	4.907	0.04587	-0.12405	0.42007	-0.89774	25.7	null	null	13113	75
2026-05-27T14:17:21.247	WT901BLE68(F3:F0:16:BF:DC:AE)	0.006	-0.705	0.505	-45.227	-34.851	-23.010	-28.06	24.47	-172.78	2.860	-47.913	4.907	0.04587	-0.12405	0.42007	-0.89774	25.7	null	null	13113	75
2026-05-27T14:17:21.307	WT901BLE68(F3:F0:16:BF:DC:AE)	-0.218	-0.508	0.466	-88.928	-102.539	-48.828	-34.91	16.48	-168.28	-24.400	-41.647	27.193	0.04587	-0.12405	0.42007	-0.89774	25.7	null	null	13113	75
2026-05-27T14:17:21.432	WT901BLE68(F3:F0:16:BF:DC:AE)	-0.035	-0.838	1.019	-80.322	-142.700	-61.768	-43.23	2.70	-163.86	-24.400	-41.647	27.193	0.04587	-0.12405	0.42007	-0.89774	25.7	null	null	13113	75
2026-05-27T14:17:21.520	WT901BLE68(F3:F0:16:BF:DC:AE)	0.039	-0.789	1.161	-59.387	-85.632	-45.471	-49.41	-9.37	-159.54	-24.400	-41.647	27.193	0.04587	-0.12405	0.42007	-0.89774	25.7	null	null	13113	75
2026-05-27T14:17:21.640	WT901BLE68(F3:F0:16:BF:DC:AE)	-0.018	-0.869	0.899	-38.025	9.705	-38.513	-54.14	-14.80	-161.02	-24.400	-41.647	27.193	0.12207	-0.16199	0.40311	-0.89233	25.7	null	null	13113	75
2026-05-27T14:17:21.729	WT901BLE68(F3:F0:16:BF:DC:AE)	-0.029	-1.062	0.802	11.719	76.843	-4.822	-53.78	-13.85	-167.93	-24.400	-41.647	27.193	0.12207	-0.16199	0.40311	-0.89233	25.7	null	null	13113	75
2026-05-27T14:17:21.852	WT901BLE68(F3:F0:16:BF:DC:AE)	-0.171	-0.893	0.564	69.458	122.681	42.297	-48.29	-5.27	-176.09	-24.400	-41.647	27.193	0.12207	-0.16199	0.40311	-0.89233	25.7	null	null	13113	75
2026-05-27T14:17:21.909	WT901BLE68(F3:F0:16:BF:DC:AE)	-0.338	-0.453	0.509	93.384	102.478	15.686	-39.64	6.05	177.28	-24.400	-41.647	27.193	0.12207	-0.16199	0.40311	-0.89233	25.7	null	null	13113	75
2026-05-27T14:17:22.063	WT901BLE68(F3:F0:16:BF:DC:AE)	-0.364	-0.306	0.469	27.710	3.906	-25.513	-34.15	11.45	172.25	-24.400	-41.647	27.193	0.12207	-0.16199	0.40311	-0.89233	25.7	null	null	13113	75
2026-05-27T14:17:22.118	WT901BLE68(F3:F0:16:BF:DC:AE)	0.041	-0.637	0.626	-33.691	-82.642	-49.744	-34.09	6.86	169.86	-24.400	-41.647	27.193	0.12207	-0.16199	0.40311	-0.89233	25.7	null	null	13113	75
2026-05-27T14:17:22.240	WT901BLE68(F3:F0:16:BF:DC:AE)	0.411	-1.025	0.755	-44.678	-72.754	7.324	-36.68	-1.99	174.19	-24.400	-41.647	27.193	0.12207	-0.16199	0.40311	-0.89233	25.7	null	null	13113	75
2026-05-27T14:17:22.329	WT901BLE68(F3:F0:16:BF:DC:AE)	0.156	-0.638	0.774	-36.804	-58.838	9.888	-40.51	-6.84	-178.54	-0.320	-34.933	18.600	0.12207	-0.16199	0.40311	-0.89233	25.7	null	null	13113	75
2026-05-27T14:17:22.449	WT901BLE68(F3:F0:16:BF:DC:AE)	0.196	-0.680	0.910	-31.189	-38.391	-4.517	-44.40	-10.39	-175.12	-0.320	-34.933	18.600	0.12207	-0.16199	0.40311	-0.89233	25.7	null	null	13113	75
2026-05-27T14:17:22.537	WT901BLE68(F3:F0:16:BF:DC:AE)	0.179	-0.594	1.053	-0.549	12.878	-18.311	-45.49	-12.26	-175.19	-0.320	-34.933	18.600	0.00479	-0.11127	0.38004	-0.91818	25.7	null	null	13113	75
2026-05-27T14:17:22.660	WT901BLE68(F3:F0:16:BF:DC:AE)	0.216	-0.700	0.875	0.916	87.891	-39.917	-43.12	-10.58	178.15	-0.320	-34.933	18.600	0.00479	-0.11127	0.38004	-0.91818	25.7	null	null	13113	75
2026-05-27T14:17:22.717	WT901BLE68(F3:F0:16:BF:DC:AE)	0.157	-0.680	0.670	2.502	121.338	-49.194	-40.84	-5.61	167.98	-0.320	-34.933	18.600	0.00479	-0.11127	0.38004	-0.91818	25.7	null	null	13113	75
2026-05-27T14:17:22.840	WT901BLE68(F3:F0:16:BF:DC:AE)	0.056	-0.652	0.567	2.808	113.159	-58.838	-40.02	-0.34	158.91	-0.320	-34.933	18.600	0.00479	-0.11127	0.38004	-0.91818	25.7	null	null	13113	75
2026-05-27T14:17:22.929	WT901BLE68(F3:F0:16:BF:DC:AE)	0.031	-0.663	0.576	-5.920	80.261	-82.764	-40.44	1.88	152.00	-0.320	-34.933	18.600	0.00479	-0.11127	0.38004	-0.91818	25.7	null	null	13113	75
2026-05-27T14:17:23.080	WT901BLE68(F3:F0:16:BF:DC:AE)	0.090	-0.723	0.606	9.094	59.692	-87.524	-40.99	0.80	147.17	-0.320	-34.933	18.600	0.00479	-0.11127	0.38004	-0.91818	25.7	null	null	13113	75
2026-05-27T14:17:23.139	WT901BLE68(F3:F0:16:BF:DC:AE)	0.001	-0.738	0.532	3.906	39.978	-110.535	-41.31	-2.40	142.77	-15.260	-25.380	26.460	0.00479	-0.11127	0.38004	-0.91818	25.7	null	null	13113	75
2026-05-27T14:17:23.261	WT901BLE68(F3:F0:16:BF:DC:AE)	0.139	-1.065	0.582	-3.174	13.367	-112.549	-42.70	-8.36	139.58	-15.260	-25.380	26.460	0.00479	-0.11127	0.38004	-0.91818	25.7	null	null	13113	75
2026-05-27T14:17:23.320	WT901BLE68(F3:F0:16:BF:DC:AE)	0.292	-0.970	0.660	113.464	-1.709	-100.220	-37.33	-15.89	137.89	-15.260	-25.380	26.460	-0.37262	0.00897	0.35461	-0.85745	25.7	null	null	13113	75
2026-05-27T14:17:23.470	WT901BLE68(F3:F0:16:BF:DC:AE)	0.339	-0.764	0.767	-8.728	-16.479	-19.653	-33.00	-21.20	140.20	-15.260	-25.380	26.460	-0.37262	0.00897	0.35461	-0.85745	25.7	null	null	13113	75
2026-05-27T14:17:23.529	WT901BLE68(F3:F0:16:BF:DC:AE)	0.217	-0.733	0.742	-0.305	-21.057	12.573	-34.91	-23.55	147.95	-15.260	-25.380	26.460	-0.37262	0.00897	0.35461	-0.85745	25.7	null	null	13113	75
2026-05-27T14:17:23.649	WT901BLE68(F3:F0:16:BF:DC:AE)	0.250	-0.796	0.771	10.132	-26.611	49.622	-36.86	-24.15	158.91	-15.260	-25.380	26.460	-0.37262	0.00897	0.35461	-0.85745	25.7	null	null	13113	75
2026-05-27T14:17:23.739	WT901BLE68(F3:F0:16:BF:DC:AE)	0.199	-0.803	0.643	17.517	-32.471	87.585	-39.41	-22.12	173.44	-15.260	-25.380	26.460	-0.37262	0.00897	0.35461	-0.85745	25.7	null	null	13113	75
2026-05-27T14:17:23.863	WT901BLE68(F3:F0:16:BF:DC:AE)	0.226	-0.888	0.577	18.738	-57.556	118.164	-42.59	-18.96	-168.80	-15.260	-25.380	26.460	-0.37262	0.00897	0.35461	-0.85745	25.7	null	null	13113	75
2026-05-27T14:17:23.951	WT901BLE68(F3:F0:16:BF:DC:AE)	0.238	-0.952	0.617	20.630	-74.280	144.165	-45.25	-14.89	-148.46	-15.260	-25.380	26.460	-0.37262	0.00897	0.35461	-0.85745	25.7	null	null	13113	75
2026-05-27T14:17:24.074	WT901BLE68(F3:F0:16:BF:DC:AE)	0.217	-1.004	0.856	30.884	-56.824	183.228	-46.31	-8.49	-128.24	-0.473	-24.040	18.227	-0.37262	0.00897	0.35461	-0.85745	25.7	null	null	13113	75
2026-05-27T14:17:24.129	WT901BLE68(F3:F0:16:BF:DC:AE)	0.059	-0.781	0.960	41.748	21.912	206.543	-43.05	4.26	-113.47	-0.473	-24.040	18.227	-0.37262	0.00897	0.35461	-0.85745	25.7	null	null	13113	75
2026-05-27T14:17:24.254	WT901BLE68(F3:F0:16:BF:DC:AE)	-0.196	-0.496	0.853	37.109	72.388	181.458	-36.83	20.08	-103.50	-0.473	-24.040	18.227	-0.37262	0.00897	0.35461	-0.85745	25.7	null	null	13113	75
2026-05-27T14:17:24.341	WT901BLE68(F3:F0:16:BF:DC:AE)	-0.439	-0.307	0.658	33.569	81.604	136.963	-29.11	34.32	-95.84	-0.473	-24.040	18.227	0.64511	-0.02148	0.35480	-0.67630	25.7	null	null	13113	75
2026-05-27T14:17:24.461	WT901BLE68(F3:F0:16:BF:DC:AE)	-0.641	-0.007	0.410	43.823	48.828	63.782	-22.05	43.89	-90.90	-0.473	-24.040	18.227	0.64511	-0.02148	0.35480	-0.67630	25.7	null	null	13113	75
2026-05-27T14:17:24.553	WT901BLE68(F3:F0:16:BF:DC:AE)	-0.572	0.077	0.466	24.780	-15.564	-15.869	-17.20	45.45	-92.92	-0.473	-24.040	18.227	0.64511	-0.02148	0.35480	-0.67630	25.7	null	null	13113	75
2026-05-27T14:17:24.669	WT901BLE68(F3:F0:16:BF:DC:AE)	-0.293	-0.102	0.675	-6.653	-51.086	-45.898	-17.57	40.16	-99.75	-0.473	-24.040	18.227	0.64511	-0.02148	0.35480	-0.67630	25.7	null	null	13113	75
2026-05-27T14:17:24.729	WT901BLE68(F3:F0:16:BF:DC:AE)	-0.139	-0.321	0.647	-41.626	-20.386	-19.836	-21.43	34.72	-104.36	-0.473	-24.040	18.227	0.64511	-0.02148	0.35480	-0.67630	25.7	null	null	13113	75
2026-05-27T14:17:24.881	WT901BLE68(F3:F0:16:BF:DC:AE)	-0.380	-0.198	0.694	-52.856	-12.695	-36.621	-26.80	31.77	-108.44	-0.473	-24.040	18.227	0.64511	-0.02148	0.35480	-0.67630	25.7	null	null	13113	75
2026-05-27T14:17:24.937	WT901BLE68(F3:F0:16:BF:DC:AE)	-0.407	-0.458	0.573	-75.623	-31.982	-79.590	-35.66	26.54	-115.99	-31.053	-42.040	24.653	0.64511	-0.02148	0.35480	-0.67630	25.7	null	null	13113	75
2026-05-27T14:17:25.059	WT901BLE68(F3:F0:16:BF:DC:AE)	-0.352	-0.692	0.769	-73.792	-60.730	-99.182	-44.40	16.79	-123.05	-31.053	-42.040	24.653	0.64511	-0.02148	0.35480	-0.67630	25.7	null	null	13113	75
2026-05-27T14:17:25.152	WT901BLE68(F3:F0:16:BF:DC:AE)	-0.240	-0.932	0.892	-59.204	-64.148	-86.975	-50.66	5.61	-128.21	-31.053	-42.040	24.653	0.43695	-0.11795	0.40121	-0.79626	25.7	null	null	13113	75
2026-05-27T14:17:25.271	WT901BLE68(F3:F0:16:BF:DC:AE)	-0.247	-0.991	0.903	-32.166	-22.095	-58.533	-54.15	-2.01	-132.62	-31.053	-42.040	24.653	0.43695	-0.11795	0.40121	-0.79626	25.7	null	null	13113	75
2026-05-27T14:17:25.360	WT901BLE68(F3:F0:16:BF:DC:AE)	-0.377	-0.888	0.701	-1.404	12.207	-19.775	-54.44	-4.13	-138.32	-31.053	-42.040	24.653	0.43695	-0.11795	0.40121	-0.79626	25.7	null	null	13113	75
2026-05-27T14:17:25.481	WT901BLE68(F3:F0:16:BF:DC:AE)	-0.255	-0.969	0.798	14.709	37.537	33.997	-52.20	-1.08	-143.27	-31.053	-42.040	24.653	0.43695	-0.11795	0.40121	-0.79626	25.7	null	null	13113	75
2026-05-27T14:17:25.539	WT901BLE68(F3:F0:16:BF:DC:AE)	-0.307	-1.028	0.836	30.151	75.012	107.483	-49.65	9.21	-145.90	-31.053	-42.040	24.653	0.43695	-0.11795	0.40121	-0.79626	25.7	null	null	13113	75
2026-05-27T14:17:25.661	WT901BLE68(F3:F0:16:BF:DC:AE)	-0.486	-0.618	0.600	76.721	83.679	131.042	-42.71	24.10	-144.95	-31.053	-42.040	24.653	0.43695	-0.11795	0.40121	-0.79626	25.7	null	null	13113	75
2026-05-27T14:17:25.749	WT901BLE68(F3:F0:16:BF:DC:AE)	-0.678	-0.294	0.460	91.980	54.810	106.201	-31.40	36.56	-140.72	-31.053	-42.040	24.653	0.43695	-0.11795	0.40121	-0.79626	25.7	null	null	13113	75
2026-05-27T14:17:25.869	WT901BLE68(F3:F0:16:BF:DC:AE)	-0.735	-0.020	0.475	94.727	5.188	33.203	-17.43	41.96	-136.85	-31.053	-42.040	24.653	0.43695	-0.11795	0.40121	-0.79626	25.7	null	null	13113	75
2026-05-27T14:17:25.957	WT901BLE68(F3:F0:16:BF:DC:AE)	-0.578	0.034	0.678	27.466	-35.950	-31.311	-11.88	40.32	-140.03	-40.607	-32.413	27.827	0.43695	-0.11795	0.40121	-0.79626	25.7	null	null	13113	75
2026-05-27T14:17:26.077	WT901BLE68(F3:F0:16:BF:DC:AE)	-0.221	-0.233	0.680	-11.047	-28.381	-27.100	-15.28	36.07	-144.75	-40.607	-32.413	27.827	0.33228	0.26648	0.21243	-0.87939	25.7	null	null	13113	75
2026-05-27T14:17:26.139	WT901BLE68(F3:F0:16:BF:DC:AE)	-0.176	-0.380	0.506	-47.913	-25.208	-10.559	-20.09	32.81	-144.87	-40.607	-32.413	27.827	0.33228	0.26648	0.21243	-0.87939	25.7	null	null	13113	75
2026-05-27T14:17:26.289	WT901BLE68(F3:F0:16:BF:DC:AE)	-0.299	-0.334	0.568	-87.341	-60.425	-34.363	-27.72	27.09	-144.14	-40.607	-32.413	27.827	0.33228	0.26648	0.21243	-0.87939	25.7	null	null	13113	75
2026-05-27T14:17:26.350	WT901BLE68(F3:F0:16:BF:DC:AE)	-0.262	-0.658	0.831	-94.849	-100.769	-65.063	-37.70	16.90	-145.17	-40.607	-32.413	27.827	0.33228	0.26648	0.21243	-0.87939	25.7	null	null	13113	75
2026-05-27T14:17:26.471	WT901BLE68(F3:F0:16:BF:DC:AE)	-0.137	-1.011	1.066	-75.195	-91.797	-42.725	-46.10	5.41	-144.44	-40.607	-32.413	27.827	0.33228	0.26648	0.21243	-0.87939	25.7	null	null	13113	75
2026-05-27T14:17:26.557	WT901BLE68(F3:F0:16:BF:DC:AE)	-0.331	-0.861	1.181	-86.243	-24.292	5.981	-53.24	-0.32	-143.21	-40.607	-32.413	27.827	0.33228	0.26648	0.21243	-0.87939	25.7	null	null	13113	75
2026-05-27T14:17:26.684	WT901BLE68(F3:F0:16:BF:DC:AE)	-0.373	-0.925	0.923	53.528	71.228	60.303	-56.70	3.80	-145.55	-40.607	-32.413	27.827	0.33228	0.26648	0.21243	-0.87939	25.7	null	null	13113	75
2026-05-27T14:17:26.771	WT901BLE68(F3:F0:16:BF:DC:AE)	-0.364	-0.621	0.698	128.601	124.634	71.045	-46.15	15.66	-151.57	-9.187	-55.047	6.580	0.33228	0.26648	0.21243	-0.87939	25.7	null	null	13113	75
2026-05-27T14:17:26.892	WT901BLE68(F3:F0:16:BF:DC:AE)	-0.532	-0.306	0.460	111.084	92.590	35.950	-36.15	28.10	-156.37	-9.187	-55.047	6.580	0.33228	0.26648	0.21243	-0.87939	25.7	null	null	13113	75
2026-05-27T14:17:26.949	WT901BLE68(F3:F0:16:BF:DC:AE)	-0.509	-0.126	0.256	35.828	-8.545	-30.029	-30.33	33.16	-160.55	-9.187	-55.047	6.580	0.23621	0.22601	0.29840	-0.89664	25.7	null	null	13113	75
2026-05-27T14:17:27.073	WT901BLE68(F3:F0:16:BF:DC:AE)	-0.100	-0.432	0.340	-31.006	-111.267	-84.839	-31.35	26.10	-165.43	-9.187	-55.047	6.580	0.23621	0.22601	0.29840	-0.89664	25.7	null	null	13113	75
2026-05-27T14:17:27.161	WT901BLE68(F3:F0:16:BF:DC:AE)	0.290	-0.783	0.811	-62.683	-116.211	-61.829	-36.47	12.00	-164.55	-9.187	-55.047	6.580	0.23621	0.22601	0.29840	-0.89664	25.7	null	null	13113	75
2026-05-27T14:17:27.283	WT901BLE68(F3:F0:16:BF:DC:AE)	0.156	-0.767	0.945	-72.571	-72.327	-79.407	-44.56	-0.47	-161.94	-9.187	-55.047	6.580	0.23621	0.22601	0.29840	-0.89664	25.7	null	null	13113	75
2026-05-27T14:17:27.370	WT901BLE68(F3:F0:16:BF:DC:AE)	0.118	-0.889	1.070	-43.396	-21.118	-71.960	-50.54	-10.01	-164.26	-9.187	-55.047	6.580	0.23621	0.22601	0.29840	-0.89664	25.7	null	null	13113	75
2026-05-27T14:17:27.495	WT901BLE68(F3:F0:16:BF:DC:AE)	0.140	-0.786	0.933	1.648	62.927	-60.547	-50.68	-13.80	-170.74	-9.187	-55.047	6.580	0.23621	0.22601	0.29840	-0.89664	25.7	null	null	13113	75
2026-05-27T14:17:27.551	WT901BLE68(F3:F0:16:BF:DC:AE)	0.275	-0.894	0.765	8.728	135.193	-59.387	-46.93	-11.71	176.69	-9.187	-55.047	6.580	0.23621	0.22601	0.29840	-0.89664	25.7	null	null	13113	75
2026-05-27T14:17:27.705	WT901BLE68(F3:F0:16:BF:DC:AE)	0.271	-0.812	0.568	-19.165	161.194	-48.340	-44.35	-5.02	163.27	-9.187	-55.047	6.580	0.23621	0.22601	0.29840	-0.89664	25.7	null	null	13113	75
2026-05-27T14:17:27.758	WT901BLE68(F3:F0:16:BF:DC:AE)	0.063	-0.676	0.451	-6.775	133.545	-56.885	-45.90	1.42	153.90	-6.047	-31.380	19.180	0.23621	0.22601	0.29840	-0.89664	25.7	null	null	13113	75
2026-05-27T14:17:27.881	WT901BLE68(F3:F0:16:BF:DC:AE)	-0.055	-0.663	0.397	-28.564	93.689	-92.957	-46.77	3.36	146.32	-6.047	-31.380	19.180	0.23621	0.22601	0.29840	-0.89664	25.7	null	null	13113	75
2026-05-27T14:17:27.973	WT901BLE68(F3:F0:16:BF:DC:AE)	-0.093	-0.736	0.325	1.282	43.213	-107.544	-49.27	0.01	141.14	-6.047	-31.380	19.180	-0.27481	0.14603	0.38113	-0.87051	25.7	null	null	13113	75
2026-05-27T14:17:28.090	WT901BLE68(F3:F0:16:BF:DC:AE)	0.031	-0.715	0.330	29.297	-22.522	-157.837	-48.10	-9.83	138.24	-6.047	-31.380	19.180	-0.27481	0.14603	0.38113	-0.87051	25.7	null	null	13113	75
2026-05-27T14:17:28.181	WT901BLE68(F3:F0:16:BF:DC:AE)	0.430	-0.735	0.507	53.711	-75.378	-137.512	-42.75	-25.08	137.80	-6.047	-31.380	19.180	-0.27481	0.14603	0.38113	-0.87051	25.7	null	null	13113	75
2026-05-27T14:17:28.302	WT901BLE68(F3:F0:16:BF:DC:AE)	0.802	-0.690	0.653	34.241	-80.688	-111.877	-37.08	-40.20	139.42	-6.047	-31.380	19.180	-0.27481	0.14603	0.38113	-0.87051	25.7	null	null	13113	75
2026-05-27T14:17:28.392	WT901BLE68(F3:F0:16:BF:DC:AE)	0.878	-0.759	0.706	37.415	-39.673	-17.700	-33.76	-49.92	144.45	-6.047	-31.380	19.180	-0.27481	0.14603	0.38113	-0.87051	25.7	null	null	13113	75
2026-05-27T14:17:28.480	WT901BLE68(F3:F0:16:BF:DC:AE)	0.680	-0.699	0.602	35.950	-16.418	50.842	-36.02	-51.16	157.16	-6.047	-31.380	19.180	-0.27481	0.14603	0.38113	-0.87051	25.7	null	null	13113	75
2026-05-27T14:17:28.568	WT901BLE68(F3:F0:16:BF:DC:AE)	0.750	-0.760	0.501	59.937	-32.532	105.225	-41.51	-48.35	176.25	-0.520	-3.687	15.573	-0.27481	0.14603	0.38113	-0.87051	25.7	null	null	13113	75
2026-05-27T14:17:28.695	WT901BLE68(F3:F0:16:BF:DC:AE)	0.766	-0.895	0.472	54.626	-43.091	164.307	-48.77	-41.82	-159.45	-0.520	-3.687	15.573	-0.27481	0.14603	0.38113	-0.87051	25.7	null	null	13113	75
2026-05-27T14:17:28.781	WT901BLE68(F3:F0:16:BF:DC:AE)	0.674	-0.891	0.544	29.480	-28.015	203.247	-56.30	-29.66	-136.68	-0.520	-3.687	15.573	0.14462	-0.38599	0.33340	-0.84784	25.7	null	null	13113	75
2026-05-27T14:17:28.903	WT901BLE68(F3:F0:16:BF:DC:AE)	0.464	-0.915	0.671	33.203	-14.343	228.760	-59.15	-13.29	-121.29	-0.520	-3.687	15.573	0.14462	-0.38599	0.33340	-0.84784	25.7	null	null	13113	75
2026-05-27T14:17:28.960	WT901BLE68(F3:F0:16:BF:DC:AE)	0.060	-0.791	0.781	58.105	18.372	236.267	-57.17	5.61	-109.74	-0.520	-3.687	15.573	0.14462	-0.38599	0.33340	-0.84784	25.7	null	null	13113	75
2026-05-27T14:17:29.081	WT901BLE68(F3:F0:16:BF:DC:AE)	-0.283	-0.533	0.606	58.655	52.429	182.800	-49.00	23.74	-101.61	-0.520	-3.687	15.573	0.14462	-0.38599	0.33340	-0.84784	25.7	null	null	13113	75
2026-05-27T14:17:29.170	WT901BLE68(F3:F0:16:BF:DC:AE)	-0.482	-0.151	0.519	72.632	49.133	94.604	-38.02	36.42	-96.72	-0.520	-3.687	15.573	0.14462	-0.38599	0.33340	-0.84784	25.7	null	null	13113	75
2026-05-27T14:17:29.289	WT901BLE68(F3:F0:16:BF:DC:AE)	-0.481	-0.033	0.376	62.866	-23.132	-12.451	-28.53	39.40	-97.73	-0.520	-3.687	15.573	0.14462	-0.38599	0.33340	-0.84784	25.7	null	null	13113	75
2026-05-27T14:17:29.384	WT901BLE68(F3:F0:16:BF:DC:AE)	-0.204	-0.295	0.704	40.222	-66.223	-46.387	-23.77	33.10	-102.93	-0.520	-3.687	15.573	0.14462	-0.38599	0.33340	-0.84784	25.7	null	null	13113	75
2026-05-27T14:17:29.500	WT901BLE68(F3:F0:16:BF:DC:AE)	-0.035	-0.517	0.851	-50.110	-38.696	-19.470	-24.17	26.08	-106.08	-31.167	-30.207	29.713	0.14462	-0.38599	0.33340	-0.84784	25.7	null	null	13113	75
2026-05-27T14:17:29.592	WT901BLE68(F3:F0:16:BF:DC:AE)	-0.264	-0.356	0.938	-54.260	16.724	9.888	-28.64	24.87	-107.05	-31.167	-30.207	29.713	0.14462	-0.38599	0.33340	-0.84784	25.7	null	null	13113	75
2026-05-27T14:17:29.709	WT901BLE68(F3:F0:16:BF:DC:AE)	-0.416	-0.382	0.740	-51.086	25.085	-1.404	-34.58	26.50	-110.09	-31.167	-30.207	29.713	0.59613	0.01617	0.34741	-0.72357	25.7	null	null	13113	75
2026-05-27T14:17:29.774	WT901BLE68(F3:F0:16:BF:DC:AE)	-0.437	-0.469	0.577	-61.096	2.930	-43.762	-41.04	25.79	-116.00	-31.167	-30.207	29.713	0.59613	0.01617	0.34741	-0.72357	25.7	null	null	13113	75
2026-05-27T14:17:29.893	WT901BLE68(F3:F0:16:BF:DC:AE)	-0.605	-0.678	0.401	-73.975	-44.556	-90.637	-48.72	19.54	-123.42	-31.167	-30.207	29.713	0.59613	0.01617	0.34741	-0.72357	25.7	null	null	13113	75
2026-05-27T14:17:29.980	WT901BLE68(F3:F0:16:BF:DC:AE)	-0.573	-0.904	0.871	-52.612	-85.266	-50.598	-54.62	9.60	-126.72	-31.167	-30.207	29.713	0.59613	0.01617	0.34741	-0.72357	25.7	null	null	13113	75
2026-05-27T14:17:30.102	WT901BLE68(F3:F0:16:BF:DC:AE)	-0.567	-0.859	1.223	14.343	5.127	17.334	-55.20	6.75	-128.06	-31.167	-30.207	29.713	0.59613	0.01617	0.34741	-0.72357	25.7	null	null	13113	75
2026-05-27T14:17:30.190	WT901BLE68(F3:F0:16:BF:DC:AE)	-0.418	-0.851	0.912	73.608	96.375	74.280	-49.40	14.53	-133.32	-31.167	-30.207	29.713	0.59613	0.01617	0.34741	-0.72357	25.7	null	null	13113	75
2026-05-27T14:17:30.312	WT901BLE68(F3:F0:16:BF:DC:AE)	-0.589	-0.521	0.582	118.225	97.778	93.994	-40.18	28.25	-136.71	-31.167	-30.207	29.713	0.59613	0.01617	0.34741	-0.72357	25.7	null	null	13113	75
2026-05-27T14:17:30.369	WT901BLE68(F3:F0:16:BF:DC:AE)	-0.673	-0.169	0.317	85.938	39.429	54.565	-28.93	38.38	-136.70	-31.287	-42.233	23.867	0.59613	0.01617	0.34741	-0.72357	25.7	null	null	13113	75
2026-05-27T14:17:30.522	WT901BLE68(F3:F0:16:BF:DC:AE)	-0.619	-0.177	0.350	39.551	-26.245	10.010	-21.84	40.30	-137.14	-31.287	-42.233	23.867	0.59613	0.01617	0.34741	-0.72357	25.7	null	null	13113	75
2026-05-27T14:17:30.580	WT901BLE68(F3:F0:16:BF:DC:AE)	-0.490	-0.061	0.698	14.160	-61.279	-30.823	-18.28	36.36	-139.72	-31.287	-42.233	23.867	0.38171	0.24829	0.26233	-0.85071	25.7	null	null	13113	75
2026-05-27T14:17:30.701	WT901BLE68(F3:F0:16:BF:DC:AE)	0.025	-0.485	0.759	-11.292	-60.486	-23.376	-20.61	28.80	-142.29	-31.287	-42.233	23.867	0.38171	0.24829	0.26233	-0.85071	25.7	null	null	13113	75
2026-05-27T14:17:30.793	WT901BLE68(F3:F0:16:BF:DC:AE)	-0.193	-0.459	0.622	-59.875	-26.184	0.916	-24.95	25.12	-140.48	-31.287	-42.233	23.867	0.38171	0.24829	0.26233	-0.85071	25.7	null	null	13113	75
2026-05-27T14:17:30.909	WT901BLE68(F3:F0:16:BF:DC:AE)	-0.282	-0.496	0.674	-100.220	-68.604	-19.653	-32.32	19.81	-138.67	-31.287	-42.233	23.867	0.38171	0.24829	0.26233	-0.85071	25.7	null	null	13113	75
2026-05-27T14:17:31.002	WT901BLE68(F3:F0:16:BF:DC:AE)	-0.198	-0.678	0.898	-113.464	-113.037	-27.771	-42.40	10.68	-136.39	-31.287	-42.233	23.867	0.38171	0.24829	0.26233	-0.85071	25.7	null	null	13113	75
2026-05-27T14:17:31.120	WT901BLE68(F3:F0:16:BF:DC:AE)	-0.245	-0.775	1.232	-67.932	-74.829	-20.813	-49.18	2.08	-133.85	-31.287	-42.233	23.867	0.38171	0.24829	0.26233	-0.85071	25.7	null	null	13113	75
2026-05-27T14:17:31.183	WT901BLE68(F3:F0:16:BF:DC:AE)	-0.247	-1.021	1.182	-1.221	20.813	8.423	-51.26	0.58	-135.35	-31.287	-42.233	23.867	0.38171	0.24829	0.26233	-0.85071	25.7	null	null	13113	75
2026-05-27T14:17:31.301	WT901BLE68(F3:F0:16:BF:DC:AE)	-0.313	-0.851	0.913	87.280	111.633	42.603	-44.49	8.07	-142.06	-31.287	-42.233	23.867	0.38171	0.24829	0.26233	-0.85071	25.7	null	null	13113	75
2026-05-27T14:17:31.390	WT901BLE68(F3:F0:16:BF:DC:AE)	-0.426	-0.529	0.606	106.873	122.986	51.331	-35.16	21.02	-148.11	-9.273	-50.653	13.880	0.38171	0.24829	0.26233	-0.85071	25.7	null	null	13113	75
2026-05-27T14:17:31.509	WT901BLE68(F3:F0:16:BF:DC:AE)	-0.532	-0.179	0.330	73.730	53.650	20.142	-27.48	30.33	-151.39	-9.273	-50.653	13.880	0.30164	0.15225	0.30536	-0.89023	25.7	null	null	13113	75
2026-05-27T14:17:31.633	WT901BLE68(F3:F0:16:BF:DC:AE)	-0.326	-0.271	0.402	25.452	-44.128	-33.630	-23.49	29.87	-155.08	-9.273	-50.653	13.880	0.30164	0.15225	0.30536	-0.89023	25.7	null	null	13113	75
2026-05-27T14:17:31.724	WT901BLE68(F3:F0:16:BF:DC:AE)	-0.028	-0.472	0.614	-62.500	-88.623	-43.884	-26.14	21.23	-157.08	-9.273	-50.653	13.880	0.30164	0.15225	0.30536	-0.89023	25.7	null	null	13113	75
2026-05-27T14:17:31.782	WT901BLE68(F3:F0:16:BF:DC:AE)	0.002	-0.451	0.812	-75.134	-90.332	-20.569	-31.62	11.63	-153.58	-9.273	-50.653	13.880	0.30164	0.15225	0.30536	-0.89023	25.7	null	null	13113	75
2026-05-27T14:17:31.901	WT901BLE68(F3:F0:16:BF:DC:AE)	0.072	-0.585	1.044	-86.609	-84.900	-58.289	-39.43	1.56	-152.67	-9.273	-50.653	13.880	0.30164	0.15225	0.30536	-0.89023	25.7	null	null	13113	75
2026-05-27T14:17:31.991	WT901BLE68(F3:F0:16:BF:DC:AE)	0.073	-0.682	1.140	-44.556	-40.649	-54.138	-44.47	-6.83	-154.61	-9.273	-50.653	13.880	0.30164	0.15225	0.30536	-0.89023	25.7	null	null	13113	75
2026-05-27T14:17:32.114	WT901BLE68(F3:F0:16:BF:DC:AE)	0.117	-0.647	0.893	2.075	41.199	-65.186	-44.54	-10.54	-160.45	-9.273	-50.653	13.880	0.30164	0.15225	0.30536	-0.89023	25.7	null	null	13113	75
2026-05-27T14:17:32.200	WT901BLE68(F3:F0:16:BF:DC:AE)	0.247	-0.750	0.791	-6.592	95.276	-81.177	-41.47	-10.54	-172.24	7.807	-37.333	8.920	0.30164	0.15225	0.30536	-0.89023	25.7	null	null	13113	75
2026-05-27T14:17:32.322	WT901BLE68(F3:F0:16:BF:DC:AE)	0.221	-0.746	0.681	-16.541	116.943	-76.416	-40.04	-7.52	174.36	7.807	-37.333	8.920	0.30164	0.15225	0.30536	-0.89023	25.7	null	null	13113	75
2026-05-27T14:17:32.410	WT901BLE68(F3:F0:16:BF:DC:AE)	0.084	-0.681	0.579	-22.461	98.877	-70.313	-40.85	-4.16	164.12	7.807	-37.333	8.920	-0.10977	-0.01239	0.34647	-0.93149	25.7	null	null	13113	75
2026-05-27T14:17:32.530	WT901BLE68(F3:F0:16:BF:DC:AE)	0.051	-0.707	0.594	-9.277	71.350	-80.505	-41.66	-3.08	157.77	7.807	-37.333	8.920	-0.10977	-0.01239	0.34647	-0.93149	25.7	null	null	13113	75
2026-05-27T14:17:32.594	WT901BLE68(F3:F0:16:BF:DC:AE)	0.062	-0.712	0.585	-6.409	49.988	-74.341	-41.54	-4.04	153.76	7.807	-37.333	8.920	-0.10977	-0.01239	0.34647	-0.93149	25.7	null	null	13113	75
2026-05-27T14:17:32.713	WT901BLE68(F3:F0:16:BF:DC:AE)	0.094	-0.644	0.522	-7.019	19.714	-101.318	-41.40	-7.27	151.26	7.807	-37.333	8.920	-0.10977	-0.01239	0.34647	-0.93149	25.7	null	null	13113	75
2026-05-27T14:17:32.799	WT901BLE68(F3:F0:16:BF:DC:AE)	0.274	-0.748	0.537	-1.526	-17.029	-119.202	-40.23	-14.53	149.18	7.807	-37.333	8.920	-0.10977	-0.01239	0.34647	-0.93149	25.7	null	null	13113	75
2026-05-27T14:17:32.922	WT901BLE68(F3:F0:16:BF:DC:AE)	0.432	-0.698	0.609	-10.376	-46.875	-116.394	-36.69	-24.72	148.08	7.807	-37.333	8.920	-0.10977	-0.01239	0.34647	-0.93149	25.7	null	null	13113	75
2026-05-27T14:17:33.011	WT901BLE68(F3:F0:16:BF:DC:AE)	0.646	-0.729	0.623	16.785	-62.073	-78.430	-32.59	-35.91	148.70	7.807	-37.333	8.920	-0.10977	-0.01239	0.34647	-0.93149	25.7	null	null	13113	75
2026-05-27T14:17:33.130	WT901BLE68(F3:F0:16:BF:DC:AE)	0.680	-0.678	0.721	15.198	-46.814	-27.893	-31.69	-44.19	154.25	-5.433	-4.160	18.993	-0.10977	-0.01239	0.34647	-0.93149	25.7	null	null	13113	75
2026-05-27T14:17:33.192	WT901BLE68(F3:F0:16:BF:DC:AE)	0.707	-0.680	0.740	14.832	-20.203	12.817	-32.39	-48.04	162.94	-5.433	-4.160	18.993	-0.10977	-0.01239	0.34647	-0.93149	25.7	null	null	13113	75
2026-05-27T14:17:33.313	WT901BLE68(F3:F0:16:BF:DC:AE)	0.692	-0.674	0.687	31.372	-10.315	76.782	-35.55	-47.20	176.92	-5.433	-4.160	18.993	-0.10977	-0.01239	0.34647	-0.93149	25.7	null	null	13113	75
2026-05-27T14:17:33.402	WT901BLE68(F3:F0:16:BF:DC:AE)	0.632	-0.742	0.537	28.748	-11.719	121.887	-41.24	-41.78	-164.36	-5.433	-4.160	18.993	-0.10733	-0.37601	0.28629	-0.87466	25.7	null	null	13113	75
2026-05-27T14:17:33.520	WT901BLE68(F3:F0:16:BF:DC:AE)	0.579	-0.803	0.499	35.034	-22.156	151.611	-46.85	-33.52	-144.04	-5.433	-4.160	18.993	-0.10733	-0.37601	0.28629	-0.87466	25.7	null	null	13113	75
2026-05-27T14:17:33.613	WT901BLE68(F3:F0:16:BF:DC:AE)	0.506	-0.782	0.536	10.193	-20.142	159.912	-50.58	-23.53	-126.47	-5.433	-4.160	18.993	-0.10733	-0.37601	0.28629	-0.87466	25.7	null	null	13113	75
2026-05-27T14:17:33.729	WT901BLE68(F3:F0:16:BF:DC:AE)	0.338	-0.824	0.644	5.493	-19.897	166.931	-54.15	-12.55	-113.73	-5.433	-4.160	18.993	-0.10733	-0.37601	0.28629	-0.87466	25.7	null	null	13113	75
2026-05-27T14:17:33.822	WT901BLE68(F3:F0:16:BF:DC:AE)	0.090	-0.934	0.813	33.508	-1.648	172.241	-54.94	-0.44	-104.40	-5.433	-4.160	18.993	-0.10733	-0.37601	0.28629	-0.87466	25.7	null	null	13113	75
2026-05-27T14:17:33.941	WT901BLE68(F3:F0:16:BF:DC:AE)	-0.208	-0.855	0.738	90.027	54.138	175.964	-49.72	14.11	-98.35	-5.433	-4.160	18.993	-0.10733	-0.37601	0.28629	-0.87466	25.7	null	null	13113	75
2026-05-27T14:17:34.000	WT901BLE68(F3:F0:16:BF:DC:AE)	-0.468	-0.423	0.506	91.980	82.214	140.015	-39.69	29.92	-94.42	-16.967	-45.553	20.220	-0.10733	-0.37601	0.28629	-0.87466	25.7	null	null	13113	75
2026-05-27T14:17:34.123	WT901BLE68(F3:F0:16:BF:DC:AE)	-0.621	-0.104	0.430	93.323	47.241	56.519	-28.29	41.20	-92.72	-16.967	-45.553	20.220	-0.10733	-0.37601	0.28629	-0.87466	25.7	null	null	13113	75
2026-05-27T14:17:34.212	WT901BLE68(F3:F0:16:BF:DC:AE)	-0.568	0.031	0.389	37.476	-39.856	-21.973	-20.51	42.26	-95.78	-16.967	-45.553	20.220	0.67343	0.14178	0.37756	-0.61942	25.7	null	null	13113	75
2026-05-27T14:17:34.332	WT901BLE68(F3:F0:16:BF:DC:AE)	-0.066	-0.264	0.872	-3.235	-84.412	-69.214	-19.25	34.22	-102.66	-16.967	-45.553	20.220	0.67343	0.14178	0.37756	-0.61942	25.7	null	null	13113	75
2026-05-27T14:17:34.421	WT901BLE68(F3:F0:16:BF:DC:AE)	-0.019	-0.543	0.935	-52.368	-31.189	-29.175	-23.30	25.96	-107.95	-16.967	-45.553	20.220	0.67343	0.14178	0.37756	-0.61942	25.7	null	null	13113	75
2026-05-27T14:17:34.545	WT901BLE68(F3:F0:16:BF:DC:AE)	-0.314	-0.424	0.869	-48.523	-12.878	-18.799	-29.86	22.53	-110.02	-16.967	-45.553	20.220	0.67343	0.14178	0.37756	-0.61942	25.7	null	null	13113	75
2026-05-27T14:17:34.599	WT901BLE68(F3:F0:16:BF:DC:AE)	-0.737	-0.425	0.941	-53.589	-2.991	-42.175	-35.84	19.51	-114.74	-16.967	-45.553	20.220	0.67343	0.14178	0.37756	-0.61942	25.7	null	null	13113	75
2026-05-27T14:17:34.721	WT901BLE68(F3:F0:16:BF:DC:AE)	-0.585	-0.642	0.910	-13.916	7.507	-28.381	-39.49	17.31	-121.40	-16.967	-45.553	20.220	0.67343	0.14178	0.37756	-0.61942	25.7	null	null	13113	75
2026-05-27T14:17:34.813	WT901BLE68(F3:F0:16:BF:DC:AE)	-0.434	-0.508	0.763	4.089	28.503	-16.052	-39.38	18.05	-127.91	-16.967	-45.553	20.220	0.67343	0.14178	0.37756	-0.61942	25.7	null	null	13113	75
2026-05-27T14:17:34.930	WT901BLE68(F3:F0:16:BF:DC:AE)	-0.311	-0.661	0.844	31.738	17.822	-11.597	-38.52	19.57	-133.33	-21.027	-41.493	26.173	0.67343	0.14178	0.37756	-0.61942	25.7	null	null	13113	75
2026-05-27T14:17:35.021	WT901BLE68(F3:F0:16:BF:DC:AE)	-0.570	-0.397	0.581	20.691	20.203	-20.630	-35.93	20.40	-138.29	-21.027	-41.493	26.173	0.67343	0.14178	0.37756	-0.61942	25.7	null	null	13113	75
2026-05-27T14:17:35.139	WT901BLE68(F3:F0:16:BF:DC:AE)	-0.345	-0.470	0.645	6.287	-18.799	-33.875	-35.66	19.61	-143.12	-21.027	-41.493	26.173	0.36139	0.05957	0.34128	-0.86560	25.7	null	null	13113	75
2026-05-27T14:17:35.230	WT901BLE68(F3:F0:16:BF:DC:AE)	-0.206	-0.632	0.752	-14.771	-55.542	-16.235	-35.13	14.67	-144.87	-21.027	-41.493	26.173	0.36139	0.05957	0.34128	-0.86560	25.7	null	null	13113	75
2026-05-27T14:17:35.353	WT901BLE68(F3:F0:16:BF:DC:AE)	-0.297	-0.552	0.897	-29.480	-52.307	11.597	-37.48	11.15	-143.22	-21.027	-41.493	26.173	0.36139	0.05957	0.34128	-0.86560	25.7	null	null	13113	75
2026-05-27T14:17:35.409	WT901BLE68(F3:F0:16:BF:DC:AE)	-0.443	-0.746	0.940	-26.062	-41.321	57.983	-41.12	10.66	-140.06	-21.027	-41.493	26.173	0.36139	0.05957	0.34128	-0.86560	25.7	null	null	13113	75
2026-05-27T14:17:35.532	WT901BLE68(F3:F0:16:BF:DC:AE)	-0.367	-0.488	0.788	-6.470	-31.738	100.708	-40.80	14.30	-133.93	-21.027	-41.493	26.173	0.36139	0.05957	0.34128	-0.86560	25.7	null	null	13113	75
2026-05-27T14:17:35.619	WT901BLE68(F3:F0:16:BF:DC:AE)	-0.260	-0.365	0.604	39.124	-62.195	24.048	-37.28	15.42	-129.20	-21.027	-41.493	26.173	0.36139	0.05957	0.34128	-0.86560	25.7	null	null	13113	75
2026-05-27T14:17:35.742	WT901BLE68(F3:F0:16:BF:DC:AE)	0.297	-0.734	1.044	-38.635	-39.673	-38.208	-36.90	9.60	-130.12	-21.027	-41.493	26.173	0.36139	0.05957	0.34128	-0.86560	25.7	null	null	13113	75
2026-05-27T14:17:35.829	WT901BLE68(F3:F0:16:BF:DC:AE)	-0.001	-0.574	0.987	-33.142	16.663	-21.729	-39.96	6.81	-134.21	-8.007	-47.333	16.280	0.36139	0.05957	0.34128	-0.86560	25.7	null	null	13113	75
2026-05-27T14:17:35.951	WT901BLE68(F3:F0:16:BF:DC:AE)	-0.059	-0.672	0.730	16.418	27.588	-28.442	-40.93	6.15	-139.61	-8.007	-47.333	16.280	0.36139	0.05957	0.34128	-0.86560	25.7	null	null	13113	75
2026-05-27T14:17:36.012	WT901BLE68(F3:F0:16:BF:DC:AE)	-0.127	-0.608	0.581	29.236	30.273	-36.255	-39.13	6.56	-145.84	-8.007	-47.333	16.280	0.31824	-0.06000	0.34103	-0.88245	25.7	null	null	13113	75
2026-05-27T14:17:36.131	WT901BLE68(F3:F0:16:BF:DC:AE)	-0.062	-0.700	0.624	-18.433	-2.625	-58.838	-39.00	4.58	-151.68	-8.007	-47.333	16.280	0.31824	-0.06000	0.34103	-0.88245	25.7	null	null	13113	75
2026-05-27T14:17:36.220	WT901BLE68(F3:F0:16:BF:DC:AE)	0.023	-0.893	0.933	4.272	29.968	-77.515	-39.87	0.66	-159.03	-8.007	-47.333	16.280	0.31824	-0.06000	0.34103	-0.88245	25.7	null	null	13113	75
2026-05-27T14:17:36.343	WT901BLE68(F3:F0:16:BF:DC:AE)	-0.063	-0.966	0.980	22.339	76.050	-65.613	-38.09	0.67	-169.10	-8.007	-47.333	16.280	0.31824	-0.06000	0.34103	-0.88245	25.7	null	null	13113	75
2026-05-27T14:17:36.434	WT901BLE68(F3:F0:16:BF:DC:AE)	-0.189	-0.655	0.917	40.222	108.032	-59.692	-35.38	5.27	-179.46	-8.007	-47.333	16.280	0.31824	-0.06000	0.34103	-0.88245	25.7	null	null	13113	75
2026-05-27T14:17:36.549	WT901BLE68(F3:F0:16:BF:DC:AE)	-0.300	-0.564	0.541	49.683	91.370	-55.237	-33.12	10.12	173.31	-8.007	-47.333	16.280	0.31824	-0.06000	0.34103	-0.88245	25.7	null	null	13113	75
2026-05-27T14:17:36.640	WT901BLE68(F3:F0:16:BF:DC:AE)	-0.302	-0.389	0.455	34.912	47.485	-82.520	-32.08	11.85	169.62	-8.007	-47.333	16.280	0.31824	-0.06000	0.34103	-0.88245	25.7	null	null	13113	75
2026-05-27T14:17:36.762	WT901BLE68(F3:F0:16:BF:DC:AE)	-0.182	-0.403	0.499	-0.427	-13.794	-122.131	-33.27	6.91	165.78	-21.120	-18.073	28.340	0.31824	-0.06000	0.34103	-0.88245	25.7	null	null	13113	75
2026-05-27T14:17:36.849	WT901BLE68(F3:F0:16:BF:DC:AE)	0.071	-0.408	0.533	1.221	-98.999	-152.588	-35.37	-6.28	164.13	-21.120	-18.073	28.340	0.31824	-0.06000	0.34103	-0.88245	25.7	null	null	13113	75
2026-05-27T14:17:36.941	WT901BLE68(F3:F0:16:BF:DC:AE)	0.491	-0.454	0.759	23.804	-133.728	-144.409	-34.07	-24.93	165.57	-21.120	-18.073	28.340	-0.16492	-0.07880	0.31534	-0.93115	25.7	null	null	13113	75
2026-05-27T14:17:37.031	WT901BLE68(F3:F0:16:BF:DC:AE)	0.794	-0.477	0.807	24.231	-98.083	-103.882	-28.37	-41.41	167.07	-21.120	-18.073	28.340	-0.16492	-0.07880	0.31534	-0.93115	25.7	null	null	13113	75
2026-05-27T14:17:37.153	WT901BLE68(F3:F0:16:BF:DC:AE)	0.916	-0.563	0.797	-18.005	-43.457	-35.828	-25.29	-50.81	170.07	-21.120	-18.073	28.340	-0.16492	-0.07880	0.31534	-0.93115	25.7	null	null	13113	75
2026-05-27T14:17:37.240	WT901BLE68(F3:F0:16:BF:DC:AE)	0.748	-0.522	0.711	19.592	-16.357	23.743	-26.21	-53.42	-179.96	-21.120	-18.073	28.340	-0.16492	-0.07880	0.31534	-0.93115	25.7	null	null	13113	75
2026-05-27T14:17:37.364	WT901BLE68(F3:F0:16:BF:DC:AE)	0.799	-0.554	0.702	33.936	-7.629	74.890	-29.84	-51.84	-172.79	-21.120	-18.073	28.340	-0.16492	-0.07880	0.31534	-0.93115	25.7	null	null	13113	75
2026-05-27T14:17:37.419	WT901BLE68(F3:F0:16:BF:DC:AE)	0.803	-0.692	0.688	17.700	6.287	135.803	-37.80	-45.23	-166.04	-21.120	-18.073	28.340	-0.16492	-0.07880	0.31534	-0.93115	25.7	null	null	13113	75
2026-05-27T14:17:37.541	WT901BLE68(F3:F0:16:BF:DC:AE)	0.690	-0.854	0.758	-16.541	37.537	168.518	-46.59	-32.96	-159.61	-21.120	-18.073	28.340	-0.16492	-0.07880	0.31534	-0.93115	25.7	null	null	13113	75
2026-05-27T14:17:37.629	WT901BLE68(F3:F0:16:BF:DC:AE)	0.403	-0.951	0.787	13.062	60.364	229.492	-51.37	-14.84	-149.61	8.407	-17.200	10.133	-0.16492	-0.07880	0.31534	-0.93115	25.7	null	null	13113	75
2026-05-27T14:17:37.751	WT901BLE68(F3:F0:16:BF:DC:AE)	0.064	-0.766	0.681	58.228	87.524	248.169	-48.48	7.16	-138.87	8.407	-17.200	10.133	-0.16492	-0.07880	0.31534	-0.93115	25.7	null	null	13113	75
2026-05-27T14:17:37.843	WT901BLE68(F3:F0:16:BF:DC:AE)	-0.350	-0.402	0.429	84.290	98.206	212.769	-39.16	28.79	-126.60	8.407	-17.200	10.133	0.44766	0.01694	0.40103	-0.79901	25.7	null	null	13113	75
2026-05-27T14:17:37.961	WT901BLE68(F3:F0:16:BF:DC:AE)	-0.688	0.164	0.214	35.645	60.608	120.239	-26.43	44.20	-114.21	8.407	-17.200	10.133	0.44766	0.01694	0.40103	-0.79901	25.7	null	null	13113	75
2026-05-27T14:17:38.049	WT901BLE68(F3:F0:16:BF:DC:AE)	-0.650	0.154	0.378	18.433	-15.564	14.709	-18.61	48.98	-108.90	8.407	-17.200	10.133	0.44766	0.01694	0.40103	-0.79901	25.7	null	null	13113	75
2026-05-27T14:17:38.173	WT901BLE68(F3:F0:16:BF:DC:AE)	-0.540	-0.114	0.645	-17.822	-50.964	-31.921	-18.30	45.34	-112.07	8.407	-17.200	10.133	0.44766	0.01694	0.40103	-0.79901	25.7	null	null	13113	75
2026-05-27T14:17:38.233	WT901BLE68(F3:F0:16:BF:DC:AE)	-0.303	-0.262	0.924	-14.038	-26.001	-28.198	-20.77	39.86	-116.81	8.407	-17.200	10.133	0.44766	0.01694	0.40103	-0.79901	25.7	null	null	13113	75
2026-05-27T14:17:38.352	WT901BLE68(F3:F0:16:BF:DC:AE)	-0.405	-0.265	0.766	-28.809	11.353	-6.165	-24.07	38.18	-119.67	8.407	-17.200	10.133	0.44766	0.01694	0.40103	-0.79901	25.7	null	null	13113	75
2026-05-27T14:17:38.441	WT901BLE68(F3:F0:16:BF:DC:AE)	-0.458	-0.322	0.557	-30.151	3.235	-18.616	-28.38	38.09	-122.94	8.407	-17.200	10.133	0.44766	0.01694	0.40103	-0.79901	25.7	null	null	13113	75
2026-05-27T14:17:38.558	WT901BLE68(F3:F0:16:BF:DC:AE)	-0.553	-0.293	0.511	-45.288	-42.358	-46.509	-33.24	35.12	-126.86	-40.067	-38.147	26.860	0.44766	0.01694	0.40103	-0.79901	25.7	null	null	13113	75
2026-05-27T14:17:38.652	WT901BLE68(F3:F0:16:BF:DC:AE)	-0.508	-0.433	0.710	-62.317	-82.092	-90.332	-40.05	26.15	-131.63	-40.067	-38.147	26.860	0.44766	0.01694	0.40103	-0.79901	25.7	null	null	13113	75
2026-05-27T14:17:38.770	WT901BLE68(F3:F0:16:BF:DC:AE)	-0.424	-0.620	1.019	-34.973	-68.115	-94.116	-45.14	14.14	-135.73	-40.067	-38.147	26.860	0.41052	-0.00739	0.39734	-0.82062	25.7	null	null	13113	75
2026-05-27T14:17:38.833	WT901BLE68(F3:F0:16:BF:DC:AE)	-0.614	-0.859	1.420	18.982	37.292	-41.443	-47.46	7.15	-141.91	-40.067	-38.147	26.860	0.41052	-0.00739	0.39734	-0.82062	25.7	null	null	13113	75
2026-05-27T14:17:38.951	WT901BLE68(F3:F0:16:BF:DC:AE)	-0.621	-0.821	1.133	119.446	146.667	50.293	-40.40	14.06	-150.74	-40.067	-38.147	26.860	0.41052	-0.00739	0.39734	-0.82062	25.7	null	null	13113	75
2026-05-27T14:17:39.037	WT901BLE68(F3:F0:16:BF:DC:AE)	-0.700	-0.375	0.765	167.725	175.415	83.923	-26.33	32.03	-154.77	-40.067	-38.147	26.860	0.41052	-0.00739	0.39734	-0.82062	25.7	null	null	13113	75
2026-05-27T14:17:39.160	WT901BLE68(F3:F0:16:BF:DC:AE)	-0.843	-0.029	0.420	160.278	116.760	18.372	-10.67	47.58	-152.61	-40.067	-38.147	26.860	0.41052	-0.00739	0.39734	-0.82062	25.7	null	null	13113	75
2026-05-27T14:17:39.249	WT901BLE68(F3:F0:16:BF:DC:AE)	-0.747	-0.016	0.261	98.267	25.574	-43.213	-0.86	54.19	-153.18	-40.067	-38.147	26.860	0.41052	-0.00739	0.39734	-0.82062	25.7	null	null	13113	75
2026-05-27T14:17:39.371	WT901BLE68(F3:F0:16:BF:DC:AE)	-0.519	-0.019	0.414	40.710	-16.602	-67.688	-3.06	53.94	-158.77	-40.067	-38.147	26.860	0.41052	-0.00739	0.39734	-0.82062	25.7	null	null	13113	75
2026-05-27T14:17:39.464	WT901BLE68(F3:F0:16:BF:DC:AE)	-0.341	-0.352	0.546	-53.162	-13.367	-51.819	-13.21	51.60	-165.18	-59.893	-3.227	23.107	0.41052	-0.00739	0.39734	-0.82062	25.7	null	null	13113	75
2026-05-27T14:17:39.578	WT901BLE68(F3:F0:16:BF:DC:AE)	-0.359	-0.512	0.370	-39.185	4.211	55.725	-18.39	50.44	-160.10	-59.893	-3.227	23.107	0.41052	-0.00739	0.39734	-0.82062	25.7	null	null	13113	75
2026-05-27T14:17:39.639	WT901BLE68(F3:F0:16:BF:DC:AE)	-0.587	-0.231	0.475	-52.551	7.263	96.497	-14.36	51.97	-143.42	-59.893	-3.227	23.107	0.27930	0.38220	0.23035	-0.85016	25.7	null	null	13113	75
2026-05-27T14:17:39.763	WT901BLE68(F3:F0:16:BF:DC:AE)	-0.740	0.004	0.400	-56.030	-15.869	94.604	-8.34	53.08	-124.39	-59.893	-3.227	23.107	0.27930	0.38220	0.23035	-0.85016	25.7	null	null	13113	75
2026-05-27T14:17:39.847	WT901BLE68(F3:F0:16:BF:DC:AE)	-0.814	0.204	0.377	-113.159	-48.767	50.232	-5.70	50.79	-111.09	-59.893	-3.227	23.107	0.27930	0.38220	0.23035	-0.85016	25.7	null	null	13113	75
2026-05-27T14:17:39.969	WT901BLE68(F3:F0:16:BF:DC:AE)	-0.893	-0.251	0.602	-162.476	-82.458	-24.170	-13.90	44.65	-110.39	-59.893	-3.227	23.107	0.27930	0.38220	0.23035	-0.85016	25.7	null	null	13113	75
2026-05-27T14:17:40.059	WT901BLE68(F3:F0:16:BF:DC:AE)	-0.731	-0.087	1.024	-134.888	-99.548	-48.218	-26.86	34.86	-113.49	-59.893	-3.227	23.107	0.27930	0.38220	0.23035	-0.85016	25.7	null	null	13113	75
2026-05-27T14:17:40.181	WT901BLE68(F3:F0:16:BF:DC:AE)	-0.479	-0.077	1.193	-54.688	-79.468	-93.384	-33.68	22.99	-117.20	-59.893	-3.227	23.107	0.27930	0.38220	0.23035	-0.85016	25.7	null	null	13113	75
2026-05-27T14:17:40.243	WT901BLE68(F3:F0:16:BF:DC:AE)	-0.289	-0.607	1.199	-3.967	-1.831	-83.740	-36.42	13.65	-125.87	-59.893	-3.227	23.107	0.27930	0.38220	0.23035	-0.85016	25.7	null	null	13113	75
2026-05-27T14:17:40.362	WT901BLE68(F3:F0:16:BF:DC:AE)	-0.315	-0.557	0.971	44.739	64.331	-82.458	-35.39	11.74	-137.13	-16.160	-42.067	23.073	0.27930	0.38220	0.23035	-0.85016	25.7	null	null	13113	75
2026-05-27T14:17:40.451	WT901BLE68(F3:F0:16:BF:DC:AE)	-0.296	-0.559	0.810	62.927	98.145	-80.566	-31.79	14.44	-150.30	-16.160	-42.067	23.073	0.27930	0.38220	0.23035	-0.85016	25.7	null	null	13113	75
2026-05-27T14:17:40.570	WT901BLE68(F3:F0:16:BF:DC:AE)	-0.296	-0.525	0.611	48.157	95.581	-79.102	-30.34	19.02	-161.93	-16.160	-42.067	23.073	0.23218	0.08411	0.28677	-0.92557	25.7	null	null	13113	75
2026-05-27T14:17:40.661	WT901BLE68(F3:F0:16:BF:DC:AE)	-0.359	-0.466	0.541	51.758	55.298	-79.773	-30.45	21.15	-169.55	-16.160	-42.067	23.073	0.23218	0.08411	0.28677	-0.92557	25.7	null	null	13113	75
2026-05-27T14:17:40.781	WT901BLE68(F3:F0:16:BF:DC:AE)	-0.362	-0.363	0.536	32.043	7.019	-104.126	-31.43	18.68	-174.61	-16.160	-42.067	23.073	0.23218	0.08411	0.28677	-0.92557	25.7	null	null	13113	75
2026-05-27T14:17:40.869	WT901BLE68(F3:F0:16:BF:DC:AE)	-0.209	-0.364	0.537	39.612	-33.325	-146.484	-32.24	10.72	-179.88	-16.160	-42.067	23.073	0.23218	0.08411	0.28677	-0.92557	25.7	null	null	13113	75
2026-05-27T14:17:40.992	WT901BLE68(F3:F0:16:BF:DC:AE)	0.222	-0.604	0.716	-3.723	-66.101	-160.889	-31.82	-2.25	174.49	-16.160	-42.067	23.073	0.23218	0.08411	0.28677	-0.92557	25.7	null	null	13113	75
2026-05-27T14:17:41.052	WT901BLE68(F3:F0:16:BF:DC:AE)	0.542	-0.767	0.768	15.076	-84.595	-149.231	-30.69	-17.38	170.80	-16.160	-42.067	23.073	0.23218	0.08411	0.28677	-0.92557	25.7	null	null	13113	75
2026-05-27T14:17:41.171	WT901BLE68(F3:F0:16:BF:DC:AE)	0.686	-0.519	0.784	37.109	-98.083	-100.464	-25.44	-32.97	169.77	-16.160	-42.067	23.073	0.23218	0.08411	0.28677	-0.92557	25.7	null	null	13113	75
2026-05-27T14:17:41.259	WT901BLE68(F3:F0:16:BF:DC:AE)	0.776	-0.495	0.908	28.931	-55.237	-48.950	-20.35	-43.58	172.27	-7.773	-0.233	19.533	0.23218	0.08411	0.28677	-0.92557	25.7	null	null	13113	75
2026-05-27T14:17:41.380	WT901BLE68(F3:F0:16:BF:DC:AE)	0.722	-0.549	0.800	26.550	-27.527	-0.427	-19.10	-48.38	178.35	-7.773	-0.233	19.533	0.23218	0.08411	0.28677	-0.92557	25.7	null	null	13113	75
2026-05-27T14:17:41.470	WT901BLE68(F3:F0:16:BF:DC:AE)	0.763	-0.606	0.736	25.635	-14.343	56.030	-21.76	-49.87	-168.77	-7.773	-0.233	19.533	-0.04669	-0.41617	0.14349	-0.89664	25.7	null	null	13113	75
2026-05-27T14:17:41.595	WT901BLE68(F3:F0:16:BF:DC:AE)	0.778	-0.862	0.770	10.071	0.122	140.564	-30.92	-46.09	-148.21	-7.773	-0.233	19.533	-0.04669	-0.41617	0.14349	-0.89664	25.7	null	null	13113	75
2026-05-27T14:17:41.651	WT901BLE68(F3:F0:16:BF:DC:AE)	0.770	-0.922	0.809	21.057	15.381	236.816	-43.07	-33.85	-121.95	-7.773	-0.233	19.533	-0.04669	-0.41617	0.14349	-0.89664	25.7	null	null	13113	75
2026-05-27T14:17:41.773	WT901BLE68(F3:F0:16:BF:DC:AE)	0.523	-0.822	1.009	30.457	71.289	271.790	-46.55	-12.83	-103.56	-7.773	-0.233	19.533	-0.04669	-0.41617	0.14349	-0.89664	25.7	null	null	13113	75
2026-05-27T14:17:41.864	WT901BLE68(F3:F0:16:BF:DC:AE)	0.044	-0.591	0.766	78.369	135.376	275.696	-40.00	13.10	-91.83	-7.773	-0.233	19.533	-0.04669	-0.41617	0.14349	-0.89664	25.7	null	null	13113	75
2026-05-27T14:17:41.981	WT901BLE68(F3:F0:16:BF:DC:AE)	-0.403	-0.058	0.522	75.989	147.339	207.214	-25.47	36.71	-79.63	-7.773	-0.233	19.533	-0.04669	-0.41617	0.14349	-0.89664	25.7	null	null	13113	75
2026-05-27T14:17:42.076	WT901BLE68(F3:F0:16:BF:DC:AE)	-0.666	0.168	0.291	30.518	83.984	99.487	-11.99	50.77	-68.77	-7.773	-0.233	19.533	-0.04669	-0.41617	0.14349	-0.89664	25.7	null	null	13113	75
2026-05-27T14:17:42.189	WT901BLE68(F3:F0:16:BF:DC:AE)	-0.698	0.222	0.305	11.108	12.817	11.414	-4.83	55.17	-67.15	-53.140	-15.960	26.300	-0.04669	-0.41617	0.14349	-0.89664	25.7	null	null	13113	75
2026-05-27T14:17:42.281	WT901BLE68(F3:F0:16:BF:DC:AE)	-0.702	0.138	0.374	0.122	-34.119	-30.334	-5.88	52.99	-73.90	-53.140	-15.960	26.300	-0.04669	-0.41617	0.14349	-0.89664	25.7	null	null	13113	75
2026-05-27T14:17:42.400	WT901BLE68(F3:F0:16:BF:DC:AE)	-0.628	0.137	0.640	0.854	-53.528	-42.725	-8.01	47.66	-83.08	-53.140	-15.960	26.300	0.71817	0.22800	0.36890	-0.54410	25.7	null	null	13113	75
2026-05-27T14:17:42.460	WT901BLE68(F3:F0:16:BF:DC:AE)	-0.396	-0.217	0.667	-12.207	-37.476	-23.865	-11.25	42.12	-90.41	-53.140	-15.960	26.300	0.71817	0.22800	0.36890	-0.54410	25.7	null	null	13113	75
2026-05-27T14:17:42.584	WT901BLE68(F3:F0:16:BF:DC:AE)	-0.560	-0.121	0.772	-15.808	4.150	0.366	-11.89	40.86	-92.83	-53.140	-15.960	26.300	0.71817	0.22800	0.36890	-0.54410	25.7	null	null	13113	75
2026-05-27T14:17:42.673	WT901BLE68(F3:F0:16:BF:DC:AE)	-0.559	-0.164	0.651	-20.325	21.423	8.789	-13.13	42.13	-94.54	-53.140	-15.960	26.300	0.71817	0.22800	0.36890	-0.54410	25.7	null	null	13113	75
2026-05-27T14:17:42.791	WT901BLE68(F3:F0:16:BF:DC:AE)	-0.627	-0.149	0.453	-41.626	1.587	1.282	-15.77	43.49	-96.17	-53.140	-15.960	26.300	0.71817	0.22800	0.36890	-0.54410	25.7	null	null	13113	75
2026-05-27T14:17:42.884	WT901BLE68(F3:F0:16:BF:DC:AE)	-0.738	-0.217	0.306	-93.872	-40.344	-49.622	-21.80	40.90	-101.33	-53.140	-15.960	26.300	0.71817	0.22800	0.36890	-0.54410	25.7	null	null	13113	75
2026-05-27T14:17:43.000	WT901BLE68(F3:F0:16:BF:DC:AE)	-0.708	-0.339	0.604	-99.731	-91.064	-102.051	-31.23	31.32	-109.84	-53.140	-15.960	26.300	0.71817	0.22800	0.36890	-0.54410	25.7	null	null	13113	75
2026-05-27T14:17:43.060	WT901BLE68(F3:F0:16:BF:DC:AE)	-0.620	-0.788	0.928	-77.393	-89.111	-109.375	-41.12	17.44	-117.97	-29.100	-37.193	26.933	0.71817	0.22800	0.36890	-0.54410	25.7	null	null	13113	75
2026-05-27T14:17:43.181	WT901BLE68(F3:F0:16:BF:DC:AE)	-0.691	-0.827	0.944	3.906	-53.101	12.390	-44.63	9.00	-121.19	-29.100	-37.193	26.933	0.71817	0.22800	0.36890	-0.54410	25.7	null	null	13113	75
2026-05-27T14:17:43.268	WT901BLE68(F3:F0:16:BF:DC:AE)	-0.567	-0.566	0.727	51.453	-23.315	82.336	-40.16	10.55	-119.17	-29.100	-37.193	26.933	0.48694	-0.11569	0.35068	-0.79147	25.7	null	null	13113	75
2026-05-27T14:17:43.395	WT901BLE68(F3:F0:16:BF:DC:AE)	-0.379	-0.234	0.664	56.519	-39.917	43.579	-31.89	13.35	-116.25	-29.100	-37.193	26.933	0.48694	-0.11569	0.35068	-0.79147	25.7	null	null	13113	75
2026-05-27T14:17:43.479	WT901BLE68(F3:F0:16:BF:DC:AE)	-0.091	-0.265	0.796	11.780	-69.458	-19.470	-27.09	9.99	-116.62	-29.100	-37.193	26.933	0.48694	-0.11569	0.35068	-0.79147	25.7	null	null	13113	75
2026-05-27T14:17:43.600	WT901BLE68(F3:F0:16:BF:DC:AE)	0.301	-0.512	1.010	-22.034	-52.368	-23.804	-26.22	2.66	-119.55	-29.100	-37.193	26.933	0.48694	-0.11569	0.35068	-0.79147	25.7	null	null	13113	75
2026-05-27T14:17:43.692	WT901BLE68(F3:F0:16:BF:DC:AE)	0.208	-0.521	0.975	-35.767	-14.099	-22.339	-28.87	-1.33	-122.68	-29.100	-37.193	26.933	0.48694	-0.11569	0.35068	-0.79147	25.7	null	null	13113	75
2026-05-27T14:17:43.812	WT901BLE68(F3:F0:16:BF:DC:AE)	0.104	-0.529	0.946	-34.363	4.211	-30.396	-31.95	-3.63	-127.33	-29.100	-37.193	26.933	0.48694	-0.11569	0.35068	-0.79147	25.7	null	null	13113	75
2026-05-27T14:17:43.871	WT901BLE68(F3:F0:16:BF:DC:AE)	0.044	-0.597	0.918	-20.325	43.091	-43.945	-34.24	-4.16	-134.24	-29.100	-37.193	26.933	0.48694	-0.11569	0.35068	-0.79147	25.7	null	null	13113	75
2026-05-27T14:17:43.989	WT901BLE68(F3:F0:16:BF:DC:AE)	-0.168	-0.595	0.945	18.250	88.684	-44.556	-33.96	-1.22	-143.98	1.713	-38.127	16.373	0.48694	-0.11569	0.35068	-0.79147	25.7	null	null	13113	75
2026-05-27T14:17:44.082	WT901BLE68(F3:F0:16:BF:DC:AE)	-0.364	-0.460	0.709	21.912	77.759	-34.546	-32.63	4.10	-153.98	1.713	-38.127	16.373	0.48694	-0.11569	0.35068	-0.79147	25.7	null	null	13113	75
2026-05-27T14:17:44.199	WT901BLE68(F3:F0:16:BF:DC:AE)	-0.430	-0.387	0.656	36.804	30.334	-33.630	-30.48	8.09	-161.84	1.713	-38.127	16.373	0.19455	0.00470	0.27753	-0.94073	25.7	null	null	13113	75
2026-05-27T14:17:44.292	WT901BLE68(F3:F0:16:BF:DC:AE)	-0.284	-0.454	0.682	12.817	-28.870	-29.236	-28.28	8.05	-167.61	1.713	-38.127	16.373	0.19455	0.00470	0.27753	-0.94073	25.7	null	null	13113	75
2026-05-27T14:17:44.411	WT901BLE68(F3:F0:16:BF:DC:AE)	0.094	-0.615	0.707	-21.667	-83.069	-31.738	-28.60	2.71	-170.07	1.713	-38.127	16.373	0.19455	0.00470	0.27753	-0.94073	25.7	null	null	13113	75
2026-05-27T14:17:44.469	WT901BLE68(F3:F0:16:BF:DC:AE)	0.426	-0.714	1.035	-31.799	-69.702	9.399	-29.83	-4.92	-167.42	1.713	-38.127	16.373	0.19455	0.00470	0.27753	-0.94073	25.7	null	null	13113	75
2026-05-27T14:17:44.593	WT901BLE68(F3:F0:16:BF:DC:AE)	0.265	-0.471	0.860	-29.968	-36.926	-0.244	-33.12	-9.43	-164.00	1.713	-38.127	16.373	0.19455	0.00470	0.27753	-0.94073	25.7	null	null	13113	75
2026-05-27T14:17:44.681	WT901BLE68(F3:F0:16:BF:DC:AE)	0.298	-0.575	0.961	-30.823	-1.404	-31.921	-36.17	-12.45	-165.25	1.713	-38.127	16.373	0.19455	0.00470	0.27753	-0.94073	25.7	null	null	13113	75
2026-05-27T14:17:44.801	WT901BLE68(F3:F0:16:BF:DC:AE)	0.297	-0.700	1.030	-28.503	57.861	-43.762	-38.34	-12.89	-171.07	1.713	-38.127	16.373	0.19455	0.00470	0.27753	-0.94073	25.7	null	null	13113	75
2026-05-27T14:17:44.890	WT901BLE68(F3:F0:16:BF:DC:AE)	0.193	-0.711	0.862	-4.150	119.202	-46.326	-37.92	-8.80	179.35	7.233	-27.940	13.627	0.19455	0.00470	0.27753	-0.94073	25.7	null	null	13113	75
2026-05-27T14:17:45.013	WT901BLE68(F3:F0:16:BF:DC:AE)	0.110	-0.615	0.674	14.465	137.695	-60.181	-36.18	-1.77	169.49	7.233	-27.940	13.627	0.19455	0.00470	0.27753	-0.94073	25.7	null	null	13113	75
2026-05-27T14:17:45.069	WT901BLE68(F3:F0:16:BF:DC:AE)	-0.066	-0.398	0.397	-5.615	106.995	-88.867	-35.88	3.47	161.08	7.233	-27.940	13.627	-0.11926	0.05106	0.30124	-0.94461	25.7	null	null	13113	75
2026-05-27T14:17:45.223	WT901BLE68(F3:F0:16:BF:DC:AE)	-0.022	-0.410	0.446	-13.184	42.114	-137.573	-36.28	2.97	153.47	7.233	-27.940	13.627	-0.11926	0.05106	0.30124	-0.94461	25.7	null	null	13113	75
2026-05-27T14:17:45.279	WT901BLE68(F3:F0:16:BF:DC:AE)	0.212	-0.517	0.481	13.184	-55.115	-193.542	-35.37	-7.88	146.41	7.233	-27.940	13.627	-0.11926	0.05106	0.30124	-0.94461	25.7	null	null	13113	75
2026-05-27T14:17:45.398	WT901BLE68(F3:F0:16:BF:DC:AE)	0.465	-0.580	0.465	18.616	-80.872	-148.743	-33.71	-24.14	142.67	7.233	-27.940	13.627	-0.11926	0.05106	0.30124	-0.94461	25.7	null	null	13113	75
2026-05-27T14:17:45.493	WT901BLE68(F3:F0:16:BF:DC:AE)	0.782	-0.569	0.660	20.508	-82.214	-98.450	-28.38	-38.95	142.10	7.233	-27.940	13.627	-0.11926	0.05106	0.30124	-0.94461	25.7	null	null	13113	75
2026-05-27T14:17:45.609	WT901BLE68(F3:F0:16:BF:DC:AE)	0.912	-0.765	0.687	32.837	-56.396	-16.724	-23.70	-49.21	145.41	7.233	-27.940	13.627	-0.11926	0.05106	0.30124	-0.94461	25.7	null	null	13113	75
2026-05-27T14:17:45.702	WT901BLE68(F3:F0:16:BF:DC:AE)	0.806	-0.810	0.550	74.646	-48.645	97.534	-26.74	-52.67	162.34	7.233	-27.940	13.627	-0.11926	0.05106	0.30124	-0.94461	25.7	null	null	13113	75
2026-05-27T14:17:45.819	WT901BLE68(F3:F0:16:BF:DC:AE)	0.882	-0.897	0.522	81.970	-43.518	182.068	-37.88	-49.95	-166.45	3.760	2.847	12.107	-0.11926	0.05106	0.30124	-0.94461	25.7	null	null	13113	75
2026-05-27T14:17:45.881	WT901BLE68(F3:F0:16:BF:DC:AE)	0.929	-0.848	0.575	52.124	-13.794	274.780	-48.15	-36.81	-134.32	3.760	2.847	12.107	-0.11926	0.05106	0.30124	-0.94461	25.7	null	null	13113	75
2026-05-27T14:17:46.000	WT901BLE68(F3:F0:16:BF:DC:AE)	0.492	-0.788	0.793	28.809	32.471	274.597	-53.63	-15.34	-116.95	3.760	2.847	12.107	0.29727	-0.38852	0.27625	-0.82721	25.7	null	null	13113	75
2026-05-27T14:17:46.091	WT901BLE68(F3:F0:16:BF:DC:AE)	-0.006	-0.771	0.815	34.973	95.154	246.765	-51.21	7.86	-108.31	3.760	2.847	12.107	0.29727	-0.38852	0.27625	-0.82721	25.7	null	null	13113	75
2026-05-27T14:17:46.212	WT901BLE68(F3:F0:16:BF:DC:AE)	-0.327	-0.489	0.432	82.520	130.981	190.125	-40.00	30.17	-102.93	3.760	2.847	12.107	0.29727	-0.38852	0.27625	-0.82721	25.7	null	null	13113	75
2026-05-27T14:17:46.301	WT901BLE68(F3:F0:16:BF:DC:AE)	-0.575	-0.100	0.168	94.788	71.594	85.571	-28.15	45.24	-97.71	3.760	2.847	12.107	0.29727	-0.38852	0.27625	-0.82721	25.7	null	null	13113	75
2026-05-27T14:17:46.424	WT901BLE68(F3:F0:16:BF:DC:AE)	-0.602	0.035	0.282	63.049	-23.193	4.578	-19.42	48.27	-97.31	3.760	2.847	12.107	0.29727	-0.38852	0.27625	-0.82721	25.7	null	null	13113	75
2026-05-27T14:17:46.511	WT901BLE68(F3:F0:16:BF:DC:AE)	-0.500	-0.055	0.622	0.427	-49.133	-17.700	-15.21	44.01	-100.94	3.760	2.847	12.107	0.29727	-0.38852	0.27625	-0.82721	25.7	null	null	13113	75
