time	DeviceName	AccX(g)	AccY(g)	AccZ(g)	AsX(°/s)	AsY(°/s)	AsZ(°/s)	AngleX(°)	AngleY(°)	AngleZ(°)	HX(uT)	HY(uT)	HZ(uT)	Q0()	Q1()	Q2()	Q3()	Temperature(°C)	Height(m)	Pressure(kPa)	Version()	Battery level(%)
2026-05-27T16:14:16.647	WT901BLE68(F3:F0:16:BF:DC:AE)	0.050	0.977	-0.214	-0.244	0.122	0.366	103.04	-3.59	-51.17	-54.113	17.567	-52.873	-0.56943	-0.69748	0.35550	0.25055	26.2	null	null	13113	60
2026-05-27T16:14:16.738	WT901BLE68(F3:F0:16:BF:DC:AE)	0.063	0.977	-0.216	0.000	-1.465	1.038	103.01	-3.64	-51.17	-54.113	17.567	-52.873	-0.56943	-0.69748	0.35550	0.25055	26.2	null	null	13113	60
2026-05-27T16:14:16.856	WT901BLE68(F3:F0:16:BF:DC:AE)	0.058	0.978	-0.225	0.061	-3.113	1.221	103.01	-3.68	-51.29	-53.747	18.167	-52.020	-0.56943	-0.69748	0.35550	0.25055	26.2	null	null	13113	60
2026-05-27T16:14:16.943	WT901BLE68(F3:F0:16:BF:DC:AE)	0.072	0.972	-0.217	0.305	-1.953	0.610	103.04	-3.68	-51.56	-53.747	18.167	-52.020	-0.56943	-0.69748	0.35550	0.25055	26.2	null	null	13113	60
2026-05-27T16:14:17.063	WT901BLE68(F3:F0:16:BF:DC:AE)	0.060	0.975	-0.221	1.038	-0.488	0.488	103.09	-3.71	-51.54	-53.747	18.167	-52.020	-0.57083	-0.69580	0.35843	0.24783	26.2	null	null	13113	60
2026-05-27T16:14:17.153	WT901BLE68(F3:F0:16:BF:DC:AE)	0.059	0.976	-0.222	1.099	1.160	0.732	103.17	-3.77	-51.38	-53.747	18.167	-52.020	-0.57083	-0.69580	0.35843	0.24783	26.2	null	null	13113	60
2026-05-27T16:14:17.272	WT901BLE68(F3:F0:16:BF:DC:AE)	0.060	0.975	-0.226	0.977	-0.610	0.732	103.26	-3.84	-51.24	-53.747	18.167	-52.020	-0.57083	-0.69580	0.35843	0.24783	26.2	null	null	13113	60
2026-05-27T16:14:17.332	WT901BLE68(F3:F0:16:BF:DC:AE)	0.061	0.978	-0.222	1.343	0.000	0.977	103.39	-3.92	-51.19	-53.747	18.167	-52.020	-0.57083	-0.69580	0.35843	0.24783	26.2	null	null	13113	60
2026-05-27T16:14:17.454	WT901BLE68(F3:F0:16:BF:DC:AE)	0.056	0.974	-0.223	2.014	1.953	2.014	103.54	-4.09	-50.94	-53.747	18.167	-52.020	-0.57083	-0.69580	0.35843	0.24783	26.2	null	null	13113	60
2026-05-27T16:14:17.543	WT901BLE68(F3:F0:16:BF:DC:AE)	0.064	0.975	-0.234	1.160	-1.526	1.648	103.69	-4.27	-50.87	-53.747	18.167	-52.020	-0.57083	-0.69580	0.35843	0.24783	26.2	null	null	13113	60
2026-05-27T16:14:17.664	WT901BLE68(F3:F0:16:BF:DC:AE)	0.118	0.967	-0.249	1.770	3.174	1.160	103.86	-4.51	-50.55	-53.747	18.167	-52.020	-0.57083	-0.69580	0.35843	0.24783	26.2	null	null	13113	60
2026-05-27T16:14:17.752	WT901BLE68(F3:F0:16:BF:DC:AE)	0.071	0.965	-0.249	2.380	21.118	-3.601	104.01	-4.80	-49.03	-53.267	17.993	-53.280	-0.57083	-0.69580	0.35843	0.24783	26.2	null	null	13113	60
2026-05-27T16:14:17.872	WT901BLE68(F3:F0:16:BF:DC:AE)	0.028	0.984	-0.213	1.953	1.526	1.343	104.16	-4.95	-47.89	-53.267	17.993	-53.280	-0.57083	-0.69580	0.35843	0.24783	26.2	null	null	13113	60
2026-05-27T16:14:17.932	WT901BLE68(F3:F0:16:BF:DC:AE)	0.064	0.962	-0.225	3.540	12.695	3.601	104.25	-5.22	-47.35	-53.267	17.993	-53.280	-0.57504	-0.70993	0.34390	0.21674	26.2	null	null	13113	60
2026-05-27T16:14:18.053	WT901BLE68(F3:F0:16:BF:DC:AE)	0.012	0.986	-0.202	6.653	12.573	9.827	104.60	-5.99	-46.25	-53.267	17.993	-53.280	-0.57504	-0.70993	0.34390	0.21674	26.2	null	null	13113	60
2026-05-27T16:14:18.142	WT901BLE68(F3:F0:16:BF:DC:AE)	0.015	0.987	-0.162	9.155	28.992	17.029	104.94	-7.58	-44.46	-53.267	17.993	-53.280	-0.57504	-0.70993	0.34390	0.21674	26.2	null	null	13113	60
2026-05-27T16:14:18.267	WT901BLE68(F3:F0:16:BF:DC:AE)	-0.063	0.992	-0.070	-6.226	-3.296	15.320	105.06	-9.26	-43.00	-53.267	17.993	-53.280	-0.57504	-0.70993	0.34390	0.21674	26.2	null	null	13113	60
2026-05-27T16:14:18.350	WT901BLE68(F3:F0:16:BF:DC:AE)	0.289	1.106	-0.106	-24.475	-8.057	6.165	103.60	-9.63	-44.15	-53.267	17.993	-53.280	-0.57504	-0.70993	0.34390	0.21674	26.2	null	null	13113	60
2026-05-27T16:14:18.476	WT901BLE68(F3:F0:16:BF:DC:AE)	0.194	1.042	-0.093	-67.139	29.053	-28.748	98.38	-8.39	-41.93	-53.267	17.993	-53.280	-0.57504	-0.70993	0.34390	0.21674	26.2	null	null	13113	60
2026-05-27T16:14:18.562	WT901BLE68(F3:F0:16:BF:DC:AE)	0.024	1.056	-0.260	-51.880	-22.217	-37.781	92.43	-5.42	-41.22	-43.373	22.173	-53.707	-0.57504	-0.70993	0.34390	0.21674	26.2	null	null	13113	60
2026-05-27T16:14:18.687	WT901BLE68(F3:F0:16:BF:DC:AE)	0.022	1.023	-0.121	-54.077	-75.928	-46.631	87.63	-1.31	-46.81	-43.373	22.173	-53.707	-0.57504	-0.70993	0.34390	0.21674	26.2	null	null	13113	60
2026-05-27T16:14:18.741	WT901BLE68(F3:F0:16:BF:DC:AE)	0.105	0.975	0.012	-43.396	-59.204	-32.593	83.83	2.05	-53.77	-43.373	22.173	-53.707	-0.65854	-0.60486	0.28937	0.34149	26.2	null	null	13113	60
2026-05-27T16:14:18.866	WT901BLE68(F3:F0:16:BF:DC:AE)	0.100	0.936	0.115	-33.813	-8.057	-33.447	80.34	4.34	-57.55	-43.373	22.173	-53.707	-0.65854	-0.60486	0.28937	0.34149	26.2	null	null	13113	60
2026-05-27T16:14:18.954	WT901BLE68(F3:F0:16:BF:DC:AE)	-0.035	0.781	0.024	-1.221	-7.568	-11.108	78.92	5.80	-57.76	-43.373	22.173	-53.707	-0.65854	-0.60486	0.28937	0.34149	26.2	null	null	13113	60
2026-05-27T16:14:19.075	WT901BLE68(F3:F0:16:BF:DC:AE)	-0.135	0.926	0.152	33.691	-21.179	1.404	81.46	5.41	-58.88	-43.373	22.173	-53.707	-0.65854	-0.60486	0.28937	0.34149	26.2	null	null	13113	60
2026-05-27T16:14:19.164	WT901BLE68(F3:F0:16:BF:DC:AE)	-0.106	1.184	0.437	12.085	-69.641	-0.244	83.37	5.06	-62.25	-43.373	22.173	-53.707	-0.65854	-0.60486	0.28937	0.34149	26.2	null	null	13113	60
2026-05-27T16:14:19.285	WT901BLE68(F3:F0:16:BF:DC:AE)	0.125	1.137	0.231	2.197	-70.557	5.676	84.39	4.00	-66.14	-43.373	22.173	-53.707	-0.65854	-0.60486	0.28937	0.34149	26.2	null	null	13113	60
2026-05-27T16:14:19.341	WT901BLE68(F3:F0:16:BF:DC:AE)	-0.060	0.901	-0.207	63.049	88.623	9.827	87.66	2.99	-61.41	-43.373	22.173	-53.707	-0.65854	-0.60486	0.28937	0.34149	26.2	null	null	13113	60
2026-05-27T16:14:19.466	WT901BLE68(F3:F0:16:BF:DC:AE)	-0.113	0.933	-0.234	58.044	-17.578	41.321	93.87	0.35	-58.15	-43.373	22.173	-53.707	-0.65854	-0.60486	0.28937	0.34149	26.2	null	null	13113	60
2026-05-27T16:14:19.582	WT901BLE68(F3:F0:16:BF:DC:AE)	0.037	1.086	0.165	10.559	16.296	9.521	97.53	-2.11	-59.99	-53.373	20.447	-46.007	-0.65854	-0.60486	0.28937	0.34149	26.2	null	null	13113	60
2026-05-27T16:14:19.671	WT901BLE68(F3:F0:16:BF:DC:AE)	-0.073	0.940	-0.205	13.062	18.250	8.789	98.72	-3.24	-55.17	-53.373	20.447	-46.007	-0.58655	-0.66141	0.36899	0.28671	26.2	null	null	13113	60
2026-05-27T16:14:19.765	WT901BLE68(F3:F0:16:BF:DC:AE)	0.154	1.020	-0.205	21.545	-30.823	25.391	100.60	-4.45	-56.65	-53.373	20.447	-46.007	-0.58655	-0.66141	0.36899	0.28671	26.2	null	null	13113	60
2026-05-27T16:14:19.885	WT901BLE68(F3:F0:16:BF:DC:AE)	0.021	1.030	-0.149	16.541	15.015	13.611	102.66	-6.28	-56.71	-53.373	20.447	-46.007	-0.58655	-0.66141	0.36899	0.28671	26.2	null	null	13113	60
2026-05-27T16:14:19.976	WT901BLE68(F3:F0:16:BF:DC:AE)	0.023	0.970	-0.224	20.752	3.845	29.724	104.17	-8.51	-55.10	-53.373	20.447	-46.007	-0.58655	-0.66141	0.36899	0.28671	26.2	null	null	13113	60
2026-05-27T16:14:20.096	WT901BLE68(F3:F0:16:BF:DC:AE)	0.080	0.960	-0.152	17.700	-2.808	30.762	105.70	-10.78	-55.84	-53.373	20.447	-46.007	-0.58655	-0.66141	0.36899	0.28671	26.2	null	null	13113	60
2026-05-27T16:14:20.156	WT901BLE68(F3:F0:16:BF:DC:AE)	0.155	1.224	-0.105	-3.418	2.869	12.024	106.21	-12.57	-55.38	-53.373	20.447	-46.007	-0.58655	-0.66141	0.36899	0.28671	26.2	null	null	13113	60
2026-05-27T16:14:20.276	WT901BLE68(F3:F0:16:BF:DC:AE)	0.264	1.063	-0.023	-90.027	31.799	-26.306	99.84	-11.57	-51.59	-53.373	20.447	-46.007	-0.58655	-0.66141	0.36899	0.28671	26.2	null	null	13113	60
2026-05-27T16:14:20.367	WT901BLE68(F3:F0:16:BF:DC:AE)	0.138	1.075	-0.310	-66.772	-17.029	-49.744	92.10	-7.57	-50.54	-53.373	20.447	-46.007	-0.58655	-0.66141	0.36899	0.28671	26.2	null	null	13113	60
2026-05-27T16:14:20.486	WT901BLE68(F3:F0:16:BF:DC:AE)	0.112	0.968	-0.155	-55.054	-47.485	-51.880	86.85	-2.52	-54.23	-42.620	23.720	-47.207	-0.58655	-0.66141	0.36899	0.28671	26.2	null	null	13113	60
2026-05-27T16:14:20.572	WT901BLE68(F3:F0:16:BF:DC:AE)	0.166	0.941	-0.019	-43.640	-60.913	-40.466	83.14	1.14	-60.74	-42.620	23.720	-47.207	-0.64484	-0.58350	0.32806	0.36877	26.2	null	null	13113	60
2026-05-27T16:14:20.699	WT901BLE68(F3:F0:16:BF:DC:AE)	0.126	0.883	0.104	-25.757	-5.554	-26.428	80.41	3.16	-64.08	-42.620	23.720	-47.207	-0.64484	-0.58350	0.32806	0.36877	26.2	null	null	13113	60
2026-05-27T16:14:20.754	WT901BLE68(F3:F0:16:BF:DC:AE)	-0.061	0.867	0.078	3.113	-5.005	-9.216	80.01	4.17	-63.46	-42.620	23.720	-47.207	-0.64484	-0.58350	0.32806	0.36877	26.2	null	null	13113	60
2026-05-27T16:14:20.875	WT901BLE68(F3:F0:16:BF:DC:AE)	-0.151	0.963	0.259	14.954	-29.175	-13.550	81.32	5.00	-65.04	-42.620	23.720	-47.207	-0.64484	-0.58350	0.32806	0.36877	26.2	null	null	13113	60
2026-05-27T16:14:20.966	WT901BLE68(F3:F0:16:BF:DC:AE)	0.012	1.067	0.333	8.728	-31.616	-5.981	80.96	4.98	-68.11	-42.620	23.720	-47.207	-0.64484	-0.58350	0.32806	0.36877	26.2	null	null	13113	60
2026-05-27T16:14:21.087	WT901BLE68(F3:F0:16:BF:DC:AE)	0.176	1.091	0.328	-4.211	-1.770	-16.724	81.02	4.92	-70.60	-42.620	23.720	-47.207	-0.64484	-0.58350	0.32806	0.36877	26.2	null	null	13113	60
2026-05-27T16:14:21.174	WT901BLE68(F3:F0:16:BF:DC:AE)	-0.085	1.104	0.063	44.434	32.715	-1.221	85.50	5.68	-66.74	-42.620	23.720	-47.207	-0.64484	-0.58350	0.32806	0.36877	26.2	null	null	13113	60
2026-05-27T16:14:21.292	WT901BLE68(F3:F0:16:BF:DC:AE)	-0.054	0.962	-0.045	40.955	17.212	11.475	89.80	4.36	-64.78	-42.620	23.720	-47.207	-0.64484	-0.58350	0.32806	0.36877	26.2	null	null	13113	60
2026-05-27T16:14:21.352	WT901BLE68(F3:F0:16:BF:DC:AE)	-0.016	0.975	-0.086	29.541	16.602	14.038	93.47	2.92	-62.16	-54.460	21.113	-39.767	-0.64484	-0.58350	0.32806	0.36877	26.2	null	null	13113	60
2026-05-27T16:14:21.508	WT901BLE68(F3:F0:16:BF:DC:AE)	-0.048	0.987	-0.144	34.363	32.959	21.545	96.76	1.08	-58.99	-54.460	21.113	-39.767	-0.64484	-0.58350	0.32806	0.36877	26.2	null	null	13113	60
2026-05-27T16:14:21.562	WT901BLE68(F3:F0:16:BF:DC:AE)	-0.121	1.006	-0.168	31.128	-11.780	40.833	100.03	-1.96	-56.90	-54.460	21.113	-39.767	-0.57352	-0.66483	0.36612	0.30807	26.2	null	null	13113	60
2026-05-27T16:14:21.688	WT901BLE68(F3:F0:16:BF:DC:AE)	0.026	1.022	-0.112	15.686	-7.751	28.137	102.44	-5.13	-58.15	-54.460	21.113	-39.767	-0.57352	-0.66483	0.36612	0.30807	26.2	null	null	13113	60
2026-05-27T16:14:21.775	WT901BLE68(F3:F0:16:BF:DC:AE)	-0.066	1.038	-0.070	7.813	49.500	15.686	103.04	-7.47	-55.45	-54.460	21.113	-39.767	-0.57352	-0.66483	0.36612	0.30807	26.2	null	null	13113	60
2026-05-27T16:14:21.893	WT901BLE68(F3:F0:16:BF:DC:AE)	-0.155	1.378	0.146	-55.786	3.906	-6.348	100.57	-8.45	-51.52	-54.460	21.113	-39.767	-0.57352	-0.66483	0.36612	0.30807	26.2	null	null	13113	60
2026-05-27T16:14:21.988	WT901BLE68(F3:F0:16:BF:DC:AE)	0.191	1.137	-0.268	-70.007	77.271	-35.034	92.31	-6.43	-49.17	-54.460	21.113	-39.767	-0.57352	-0.66483	0.36612	0.30807	26.2	null	null	13113	60
2026-05-27T16:14:22.104	WT901BLE68(F3:F0:16:BF:DC:AE)	0.063	0.999	-0.256	-48.096	-42.908	-41.992	86.23	-2.25	-47.68	-54.460	21.113	-39.767	-0.57352	-0.66483	0.36612	0.30807	26.2	null	null	13113	60
2026-05-27T16:14:22.192	WT901BLE68(F3:F0:16:BF:DC:AE)	0.245	1.019	-0.047	-45.044	-77.026	-14.893	82.71	-0.68	-54.51	-44.587	26.040	-38.747	-0.57352	-0.66483	0.36612	0.30807	26.2	null	null	13113	60
2026-05-27T16:14:22.287	WT901BLE68(F3:F0:16:BF:DC:AE)	0.196	0.926	0.058	-29.053	36.255	-19.409	79.05	0.06	-58.21	-44.587	26.040	-38.747	-0.57352	-0.66483	0.36612	0.30807	26.2	null	null	13113	60
2026-05-27T16:14:22.377	WT901BLE68(F3:F0:16:BF:DC:AE)	0.004	0.848	0.065	-9.338	-24.841	6.470	78.00	0.83	-55.51	-44.587	26.040	-38.747	-0.57352	-0.66483	0.36612	0.30807	26.2	null	null	13113	60
2026-05-27T16:14:22.496	WT901BLE68(F3:F0:16:BF:DC:AE)	-0.020	0.979	0.287	-2.014	-80.627	2.686	78.33	-1.37	-60.93	-44.587	26.040	-38.747	-0.68497	-0.55679	0.29254	0.36758	26.2	null	null	13113	60
2026-05-27T16:14:22.585	WT901BLE68(F3:F0:16:BF:DC:AE)	0.118	1.058	0.563	-12.512	-6.592	-15.442	78.26	-2.02	-65.49	-44.587	26.040	-38.747	-0.68497	-0.55679	0.29254	0.36758	26.2	null	null	13113	60
2026-05-27T16:14:22.707	WT901BLE68(F3:F0:16:BF:DC:AE)	0.002	1.171	0.189	8.728	26.794	-22.949	78.11	0.76	-61.85	-44.587	26.040	-38.747	-0.68497	-0.55679	0.29254	0.36758	26.2	null	null	13113	60
2026-05-27T16:14:22.762	WT901BLE68(F3:F0:16:BF:DC:AE)	-0.098	1.017	0.133	23.682	-124.878	-13.245	76.71	3.09	-66.79	-44.587	26.040	-38.747	-0.68497	-0.55679	0.29254	0.36758	26.2	null	null	13113	60
2026-05-27T16:14:22.917	WT901BLE68(F3:F0:16:BF:DC:AE)	0.112	0.960	-0.217	48.340	21.301	-15.991	79.97	3.29	-73.29	-44.587	26.040	-38.747	-0.68497	-0.55679	0.29254	0.36758	26.2	null	null	13113	60
2026-05-27T16:14:22.973	WT901BLE68(F3:F0:16:BF:DC:AE)	0.171	0.962	-0.016	44.373	-13.000	1.770	84.97	3.22	-75.93	-44.587	26.040	-38.747	-0.68497	-0.55679	0.29254	0.36758	26.2	null	null	13113	60
2026-05-27T16:14:23.097	WT901BLE68(F3:F0:16:BF:DC:AE)	-0.305	0.992	-0.025	40.222	34.790	7.507	90.03	2.98	-71.09	-44.587	26.040	-38.747	-0.68497	-0.55679	0.29254	0.36758	26.2	null	null	13113	60
2026-05-27T16:14:23.183	WT901BLE68(F3:F0:16:BF:DC:AE)	-0.041	0.976	-0.002	38.330	10.193	12.634	94.06	2.10	-68.38	-53.587	22.600	-34.000	-0.68497	-0.55679	0.29254	0.36758	26.2	null	null	13113	60
2026-05-27T16:14:23.305	WT901BLE68(F3:F0:16:BF:DC:AE)	-0.014	0.990	-0.107	44.495	23.560	18.005	97.96	0.74	-65.48	-53.587	22.600	-34.000	-0.68497	-0.55679	0.29254	0.36758	26.2	null	null	13113	60
2026-05-27T16:14:23.392	WT901BLE68(F3:F0:16:BF:DC:AE)	-0.029	0.960	-0.170	50.537	25.635	32.288	102.55	-1.94	-62.59	-53.587	22.600	-34.000	-0.54572	-0.64838	0.40787	0.33966	26.2	null	null	13113	60
2026-05-27T16:14:23.519	WT901BLE68(F3:F0:16:BF:DC:AE)	-0.207	1.074	0.138	16.724	19.531	25.879	105.82	-5.54	-60.53	-53.587	22.600	-34.000	-0.54572	-0.64838	0.40787	0.33966	26.2	null	null	13113	60
2026-05-27T16:14:23.574	WT901BLE68(F3:F0:16:BF:DC:AE)	0.051	1.298	0.196	-53.894	49.500	-26.794	102.56	-5.36	-56.87	-53.587	22.600	-34.000	-0.54572	-0.64838	0.40787	0.33966	26.2	null	null	13113	60
2026-05-27T16:14:23.724	WT901BLE68(F3:F0:16:BF:DC:AE)	-0.010	1.283	-0.090	-96.069	16.418	-45.349	91.85	-2.35	-53.48	-53.587	22.600	-34.000	-0.54572	-0.64838	0.40787	0.33966	26.2	null	null	13113	60
2026-05-27T16:14:23.785	WT901BLE68(F3:F0:16:BF:DC:AE)	0.009	1.088	-0.218	-88.013	-57.068	-40.100	82.55	1.88	-56.79	-53.587	22.600	-34.000	-0.54572	-0.64838	0.40787	0.33966	26.2	null	null	13113	60
2026-05-27T16:14:23.904	WT901BLE68(F3:F0:16:BF:DC:AE)	0.180	0.750	-0.166	-41.931	-79.346	-13.733	77.55	3.62	-62.76	-53.587	22.600	-34.000	-0.54572	-0.64838	0.40787	0.33966	26.2	null	null	13113	60
2026-05-27T16:14:23.990	WT901BLE68(F3:F0:16:BF:DC:AE)	0.213	0.776	-0.028	7.324	-21.057	8.179	76.54	2.01	-68.14	-53.587	22.600	-34.000	-0.54572	-0.64838	0.40787	0.33966	26.2	null	null	13113	60
2026-05-27T16:14:24.119	WT901BLE68(F3:F0:16:BF:DC:AE)	-0.154	1.160	0.523	9.521	-192.749	20.081	79.65	-1.76	-74.28	-52.180	26.553	-25.767	-0.54572	-0.64838	0.40787	0.33966	26.2	null	null	13113	60
2026-05-27T16:14:24.173	WT901BLE68(F3:F0:16:BF:DC:AE)	0.632	1.165	0.194	73.242	97.351	-11.169	84.42	-3.76	-79.91	-52.180	26.553	-25.767	-0.58112	-0.48456	0.45300	0.47137	26.2	null	null	13113	60
2026-05-27T16:14:24.360	WT901BLE68(F3:F0:16:BF:DC:AE)	-0.529	0.896	-0.336	43.823	50.232	-1.831	88.63	-1.60	-70.36	-52.180	26.553	-25.767	-0.58112	-0.48456	0.45300	0.47137	26.2	null	null	13113	60
2026-05-27T16:14:24.381	WT901BLE68(F3:F0:16:BF:DC:AE)	0.087	1.017	0.081	20.813	-43.518	7.019	92.18	-2.19	-73.96	-52.180	26.553	-25.767	-0.58112	-0.48456	0.45300	0.47137	26.2	null	null	13113	60
2026-05-27T16:14:24.509	WT901BLE68(F3:F0:16:BF:DC:AE)	-0.125	0.959	-0.083	23.132	41.992	-1.770	93.94	-1.99	-71.11	-52.180	26.553	-25.767	-0.58112	-0.48456	0.45300	0.47137	26.2	null	null	13113	60
2026-05-27T16:14:24.595	WT901BLE68(F3:F0:16:BF:DC:AE)	-0.015	0.953	-0.174	16.235	-41.443	13.306	95.41	-2.25	-70.98	-52.180	26.553	-25.767	-0.58112	-0.48456	0.45300	0.47137	26.2	null	null	13113	60
2026-05-27T16:14:24.718	WT901BLE68(F3:F0:16:BF:DC:AE)	-0.010	0.972	-0.160	21.851	-35.339	19.470	97.77	-3.59	-73.88	-52.180	26.553	-25.767	-0.58112	-0.48456	0.45300	0.47137	26.2	null	null	13113	60
2026-05-27T16:14:24.806	WT901BLE68(F3:F0:16:BF:DC:AE)	0.054	0.968	-0.184	23.926	-41.626	29.053	100.40	-5.41	-76.73	-52.180	26.553	-25.767	-0.58112	-0.48456	0.45300	0.47137	26.2	null	null	13113	60
2026-05-27T16:14:24.924	WT901BLE68(F3:F0:16:BF:DC:AE)	-0.050	1.018	-0.124	29.114	13.428	33.813	103.75	-8.51	-77.09	-46.907	28.740	-36.547	-0.58112	-0.48456	0.45300	0.47137	26.2	null	null	13113	60
2026-05-27T16:14:24.983	WT901BLE68(F3:F0:16:BF:DC:AE)	-0.191	1.239	0.093	-26.733	-32.349	21.179	103.88	-10.93	-76.25	-46.907	28.740	-36.547	-0.58112	-0.48456	0.45300	0.47137	26.2	null	null	13113	60
2026-05-27T16:14:25.106	WT901BLE68(F3:F0:16:BF:DC:AE)	0.005	1.140	-0.034	-80.750	-38.696	-30.518	96.78	-9.04	-78.66	-46.907	28.740	-36.547	-0.58112	-0.48456	0.45300	0.47137	26.2	null	null	13113	60
2026-05-27T16:14:25.192	WT901BLE68(F3:F0:16:BF:DC:AE)	0.018	1.083	-0.333	-83.435	-64.270	-50.110	89.79	-3.80	-81.18	-46.907	28.740	-36.547	-0.55228	-0.53595	0.50024	0.39673	26.2	null	null	13113	60
2026-05-27T16:14:25.315	WT901BLE68(F3:F0:16:BF:DC:AE)	0.087	0.954	-0.179	-47.607	-92.651	-46.570	84.62	0.71	-89.14	-46.907	28.740	-36.547	-0.55228	-0.53595	0.50024	0.39673	26.2	null	null	13113	60
2026-05-27T16:14:25.404	WT901BLE68(F3:F0:16:BF:DC:AE)	0.255	0.884	-0.010	-36.499	-63.354	-27.832	80.73	2.80	-98.70	-46.907	28.740	-36.547	-0.55228	-0.53595	0.50024	0.39673	26.2	null	null	13113	60
2026-05-27T16:14:25.526	WT901BLE68(F3:F0:16:BF:DC:AE)	0.124	0.773	0.094	-8.545	13.977	-5.249	79.54	3.47	-99.28	-46.907	28.740	-36.547	-0.55228	-0.53595	0.50024	0.39673	26.2	null	null	13113	60
2026-05-27T16:14:25.583	WT901BLE68(F3:F0:16:BF:DC:AE)	-0.461	1.032	0.287	12.451	-51.941	-13.977	81.11	3.10	-99.32	-46.907	28.740	-36.547	-0.55228	-0.53595	0.50024	0.39673	26.2	null	null	13113	60
2026-05-27T16:14:25.736	WT901BLE68(F3:F0:16:BF:DC:AE)	0.008	0.960	0.359	22.827	-58.899	-11.292	80.19	3.63	-105.89	-46.907	28.740	-36.547	-0.55228	-0.53595	0.50024	0.39673	26.2	null	null	13113	60
2026-05-27T16:14:25.792	WT901BLE68(F3:F0:16:BF:DC:AE)	0.504	1.181	0.241	7.629	-31.433	-11.230	82.26	3.12	-109.75	-50.840	28.347	-4.267	-0.55228	-0.53595	0.50024	0.39673	26.2	null	null	13113	60
2026-05-27T16:14:25.918	WT901BLE68(F3:F0:16:BF:DC:AE)	-0.435	1.022	-0.188	57.495	38.086	12.146	88.33	3.63	-100.76	-50.840	28.347	-4.267	-0.55228	-0.53595	0.50024	0.39673	26.2	null	null	13113	60
2026-05-27T16:14:26.005	WT901BLE68(F3:F0:16:BF:DC:AE)	0.100	0.963	-0.046	36.377	-47.913	12.817	91.93	1.75	-105.24	-50.840	28.347	-4.267	-0.42191	-0.44864	0.55344	0.56064	26.2	null	null	13113	60
2026-05-27T16:14:26.126	WT901BLE68(F3:F0:16:BF:DC:AE)	-0.009	0.990	-0.124	34.607	39.307	13.916	95.62	0.14	-101.29	-50.840	28.347	-4.267	-0.42191	-0.44864	0.55344	0.56064	26.2	null	null	13113	60
2026-05-27T16:14:26.212	WT901BLE68(F3:F0:16:BF:DC:AE)	-0.068	0.984	-0.157	33.264	-34.363	30.884	98.79	-1.86	-100.73	-50.840	28.347	-4.267	-0.42191	-0.44864	0.55344	0.56064	26.2	null	null	13113	60
2026-05-27T16:14:26.341	WT901BLE68(F3:F0:16:BF:DC:AE)	-0.044	1.000	-0.075	31.494	-4.211	34.363	102.06	-4.51	-101.73	-50.840	28.347	-4.267	-0.42191	-0.44864	0.55344	0.56064	26.2	null	null	13113	60
2026-05-27T16:14:26.393	WT901BLE68(F3:F0:16:BF:DC:AE)	-0.105	1.024	0.084	8.484	7.019	26.001	103.55	-7.26	-100.00	-50.840	28.347	-4.267	-0.42191	-0.44864	0.55344	0.56064	26.2	null	null	13113	60
2026-05-27T16:14:26.514	WT901BLE68(F3:F0:16:BF:DC:AE)	-0.119	1.463	0.050	-54.016	-12.512	-9.888	100.62	-7.40	-98.14	-50.840	28.347	-4.267	-0.42191	-0.44864	0.55344	0.56064	26.2	null	null	13113	60
2026-05-27T16:14:26.603	WT901BLE68(F3:F0:16:BF:DC:AE)	0.026	1.074	-0.145	-73.120	-8.362	-40.588	91.86	-4.36	-97.56	-50.840	28.347	-4.267	-0.42191	-0.44864	0.55344	0.56064	26.2	null	null	13113	60
2026-05-27T16:14:26.725	WT901BLE68(F3:F0:16:BF:DC:AE)	-0.084	1.159	-0.341	-65.125	-103.210	-42.297	85.44	0.09	-102.38	-50.840	28.347	-4.267	-0.42191	-0.44864	0.55344	0.56064	26.2	null	null	13113	60
2026-05-27T16:14:26.814	WT901BLE68(F3:F0:16:BF:DC:AE)	0.027	0.955	-0.192	-31.921	-111.694	-47.119	81.95	4.10	-112.03	-43.227	28.487	-5.760	-0.42191	-0.44864	0.55344	0.56064	26.2	null	null	13113	60
2026-05-27T16:14:26.932	WT901BLE68(F3:F0:16:BF:DC:AE)	0.314	0.881	0.043	-9.460	-70.129	-18.677	79.74	5.01	-121.87	-43.227	28.487	-5.760	-0.36539	-0.35507	0.53763	0.67175	26.2	null	null	13113	60
2026-05-27T16:14:26.996	WT901BLE68(F3:F0:16:BF:DC:AE)	0.032	0.831	0.144	23.865	-49.988	17.822	80.84	3.71	-123.21	-43.227	28.487	-5.760	-0.36539	-0.35507	0.53763	0.67175	26.2	null	null	13113	60
2026-05-27T16:14:27.149	WT901BLE68(F3:F0:16:BF:DC:AE)	0.108	1.046	0.549	40.833	-45.288	21.179	83.53	0.06	-132.70	-43.227	28.487	-5.760	-0.36539	-0.35507	0.53763	0.67175	26.2	null	null	13113	60
2026-05-27T16:14:27.206	WT901BLE68(F3:F0:16:BF:DC:AE)	-0.101	1.662	0.058	18.494	-78.308	0.183	88.94	-2.43	-127.63	-43.227	28.487	-5.760	-0.36539	-0.35507	0.53763	0.67175	26.2	null	null	13113	60
2026-05-27T16:14:27.325	WT901BLE68(F3:F0:16:BF:DC:AE)	-0.169	0.990	-0.177	34.180	-37.292	9.399	92.79	-3.25	-127.44	-43.227	28.487	-5.760	-0.36539	-0.35507	0.53763	0.67175	26.2	null	null	13113	60
2026-05-27T16:14:27.417	WT901BLE68(F3:F0:16:BF:DC:AE)	0.191	1.025	-0.063	29.053	-43.518	14.709	96.39	-4.36	-129.38	-43.227	28.487	-5.760	-0.36539	-0.35507	0.53763	0.67175	26.2	null	null	13113	60
2026-05-27T16:14:27.534	WT901BLE68(F3:F0:16:BF:DC:AE)	0.027	0.975	-0.122	26.428	5.432	11.841	98.99	-5.39	-127.85	-43.227	28.487	-5.760	-0.36539	-0.35507	0.53763	0.67175	26.2	null	null	13113	60
2026-05-27T16:14:27.624	WT901BLE68(F3:F0:16:BF:DC:AE)	0.031	0.966	-0.169	14.648	-22.644	12.451	100.89	-6.24	-126.23	-27.827	29.747	-15.020	-0.36539	-0.35507	0.53763	0.67175	26.2	null	null	13113	60
2026-05-27T16:14:27.746	WT901BLE68(F3:F0:16:BF:DC:AE)	0.197	0.932	-0.200	22.888	21.057	22.766	102.52	-7.73	-123.72	-27.827	29.747	-15.020	-0.36539	-0.35507	0.53763	0.67175	26.2	null	null	13113	60
2026-05-27T16:14:27.804	WT901BLE68(F3:F0:16:BF:DC:AE)	-0.081	1.014	-0.025	6.104	17.517	14.282	103.73	-9.90	-119.21	-27.827	29.747	-15.020	-0.36560	-0.34735	0.70432	0.49951	26.2	null	null	13113	60
2026-05-27T16:14:27.929	WT901BLE68(F3:F0:16:BF:DC:AE)	-0.111	1.286	0.090	-24.780	-5.188	-0.916	102.01	-10.90	-114.58	-27.827	29.747	-15.020	-0.36560	-0.34735	0.70432	0.49951	26.2	null	null	13113	60
2026-05-27T16:14:28.017	WT901BLE68(F3:F0:16:BF:DC:AE)	-0.036	1.066	-0.215	-76.050	-53.528	-27.832	95.47	-9.46	-113.85	-27.827	29.747	-15.020	-0.36560	-0.34735	0.70432	0.49951	26.2	null	null	13113	60
2026-05-27T16:14:28.133	WT901BLE68(F3:F0:16:BF:DC:AE)	0.132	1.009	-0.366	-69.580	-76.538	-39.673	89.19	-4.83	-117.87	-27.827	29.747	-15.020	-0.36560	-0.34735	0.70432	0.49951	26.2	null	null	13113	60
2026-05-27T16:14:28.225	WT901BLE68(F3:F0:16:BF:DC:AE)	-0.022	0.975	-0.173	-31.738	-101.196	-39.246	85.69	-1.02	-124.46	-27.827	29.747	-15.020	-0.36560	-0.34735	0.70432	0.49951	26.2	null	null	13113	60
2026-05-27T16:14:28.348	WT901BLE68(F3:F0:16:BF:DC:AE)	0.248	0.988	0.052	-41.382	-100.159	-31.006	82.61	1.58	-134.84	-27.827	29.747	-15.020	-0.36560	-0.34735	0.70432	0.49951	26.2	null	null	13113	60
2026-05-27T16:14:28.403	WT901BLE68(F3:F0:16:BF:DC:AE)	0.171	0.868	0.003	-3.906	1.648	-15.747	81.14	2.93	-135.95	-27.827	29.747	-15.020	-0.36560	-0.34735	0.70432	0.49951	26.2	null	null	13113	60
2026-05-27T16:14:28.526	WT901BLE68(F3:F0:16:BF:DC:AE)	-0.080	0.867	0.082	18.127	-35.278	-5.127	82.74	3.46	-134.16	-27.827	29.747	-15.020	-0.36560	-0.34735	0.70432	0.49951	26.2	null	null	13113	60
2026-05-27T16:14:28.612	WT901BLE68(F3:F0:16:BF:DC:AE)	-0.278	1.182	0.603	15.198	-97.229	-3.479	85.40	3.53	-136.66	-27.747	20.453	-2.833	-0.36560	-0.34735	0.70432	0.49951	26.2	null	null	13113	60
2026-05-27T16:14:28.738	WT901BLE68(F3:F0:16:BF:DC:AE)	0.036	1.769	0.232	23.987	-101.501	31.738	88.28	1.33	-138.98	-27.747	20.453	-2.833	-0.36560	-0.34735	0.70432	0.49951	26.2	null	null	13113	60
2026-05-27T16:14:28.820	WT901BLE68(F3:F0:16:BF:DC:AE)	-0.165	0.988	-0.351	59.021	6.165	10.864	92.31	-0.68	-133.95	-27.747	20.453	-2.833	-0.24792	-0.24994	0.65503	0.66849	26.2	null	null	13113	60
2026-05-27T16:14:28.947	WT901BLE68(F3:F0:16:BF:DC:AE)	-0.013	1.047	-0.166	36.804	-44.983	21.484	96.93	-2.59	-131.96	-27.747	20.453	-2.833	-0.24792	-0.24994	0.65503	0.66849	26.2	null	null	13113	60
2026-05-27T16:14:29.034	WT901BLE68(F3:F0:16:BF:DC:AE)	0.139	0.988	-0.124	31.067	35.645	8.484	99.55	-3.58	-129.19	-27.747	20.453	-2.833	-0.24792	-0.24994	0.65503	0.66849	26.2	null	null	13113	60
2026-05-27T16:14:29.157	WT901BLE68(F3:F0:16:BF:DC:AE)	0.000	0.966	-0.283	20.569	-1.709	12.329	101.61	-5.07	-123.63	-27.747	20.453	-2.833	-0.24792	-0.24994	0.65503	0.66849	26.2	null	null	13113	60
2026-05-27T16:14:29.212	WT901BLE68(F3:F0:16:BF:DC:AE)	0.113	0.985	-0.162	17.822	2.502	15.320	103.53	-6.34	-120.93	-27.747	20.453	-2.833	-0.24792	-0.24994	0.65503	0.66849	26.2	null	null	13113	60
2026-05-27T16:14:29.335	WT901BLE68(F3:F0:16:BF:DC:AE)	-0.007	0.996	-0.134	15.869	28.625	18.494	104.74	-8.34	-115.66	-27.747	20.453	-2.833	-0.24792	-0.24994	0.65503	0.66849	26.2	null	null	13113	60
2026-05-27T16:14:29.422	WT901BLE68(F3:F0:16:BF:DC:AE)	-0.091	1.091	-0.076	-0.671	-8.179	13.672	105.16	-10.09	-111.76	-18.340	22.353	-16.753	-0.24792	-0.24994	0.65503	0.66849	26.2	null	null	13113	60
2026-05-27T16:14:29.546	WT901BLE68(F3:F0:16:BF:DC:AE)	0.071	1.086	-0.012	-40.710	-8.789	-11.353	102.53	-9.89	-108.94	-18.340	22.353	-16.753	-0.24792	-0.24994	0.65503	0.66849	26.2	null	null	13113	60
2026-05-27T16:14:29.634	WT901BLE68(F3:F0:16:BF:DC:AE)	0.110	1.114	-0.151	-65.918	-23.499	-36.255	95.63	-7.60	-106.34	-18.340	22.353	-16.753	-0.43637	-0.40781	0.63232	0.49326	26.2	null	null	13113	60
2026-05-27T16:14:29.757	WT901BLE68(F3:F0:16:BF:DC:AE)	0.170	0.931	-0.245	-57.739	-14.893	-29.663	89.69	-3.69	-106.09	-18.340	22.353	-16.753	-0.43637	-0.40781	0.63232	0.49326	26.2	null	null	13113	60
2026-05-27T16:14:29.815	WT901BLE68(F3:F0:16:BF:DC:AE)	0.116	0.987	-0.075	-46.082	-48.767	-32.288	85.63	-0.99	-107.86	-18.340	22.353	-16.753	-0.43637	-0.40781	0.63232	0.49326	26.2	null	null	13113	60
2026-05-27T16:14:29.937	WT901BLE68(F3:F0:16:BF:DC:AE)	0.165	0.921	0.054	-36.194	-27.222	-23.682	82.04	0.97	-111.11	-18.340	22.353	-16.753	-0.43637	-0.40781	0.63232	0.49326	26.2	null	null	13113	60
2026-05-27T16:14:30.026	WT901BLE68(F3:F0:16:BF:DC:AE)	0.058	0.844	0.057	-0.671	18.616	-3.784	80.88	1.89	-109.04	-18.340	22.353	-16.753	-0.43637	-0.40781	0.63232	0.49326	26.2	null	null	13113	60
2026-05-27T16:14:30.145	WT901BLE68(F3:F0:16:BF:DC:AE)	-0.129	0.936	0.155	28.015	-17.212	-15.686	82.85	2.09	-107.55	-18.340	22.353	-16.753	-0.43637	-0.40781	0.63232	0.49326	26.2	null	null	13113	60
2026-05-27T16:14:30.234	WT901BLE68(F3:F0:16:BF:DC:AE)	-0.033	0.975	0.493	14.954	-28.931	-15.015	84.51	3.74	-107.52	-18.340	22.353	-16.753	-0.43637	-0.40781	0.63232	0.49326	26.2	null	null	13113	60
2026-05-27T16:14:30.351	WT901BLE68(F3:F0:16:BF:DC:AE)	0.175	1.470	0.250	8.118	-111.755	20.203	87.15	1.72	-109.64	-18.340	22.353	-16.753	-0.43637	-0.40781	0.63232	0.49326	26.2	null	null	13113	60
2026-05-27T16:14:30.446	WT901BLE68(F3:F0:16:BF:DC:AE)	0.005	0.910	-0.229	70.129	55.176	12.085	91.66	0.10	-104.40	-18.340	22.353	-16.753	-0.43637	-0.40781	0.63232	0.49326	26.2	null	null	13113	60
2026-05-27T16:14:30.566	WT901BLE68(F3:F0:16:BF:DC:AE)	-0.169	1.139	-0.033	30.884	-32.959	16.785	96.70	-2.11	-101.78	-18.340	22.353	-16.753	-0.43637	-0.40781	0.63232	0.49326	26.2	null	null	13113	60
2026-05-27T16:14:30.620	WT901BLE68(F3:F0:16:BF:DC:AE)	0.011	0.980	-0.189	26.489	52.979	5.249	98.73	-3.01	-96.22	-18.340	22.353	-16.753	-0.43637	-0.40781	0.63232	0.49326	26.2	null	null	13113	60
2026-05-27T16:14:30.745	WT901BLE68(F3:F0:16:BF:DC:AE)	-0.026	0.970	-0.224	17.395	-16.052	15.625	100.50	-4.19	-92.17	-18.340	22.353	-16.753	-0.43637	-0.40781	0.63232	0.49326	26.2	null	null	13113	60
2026-05-27T16:14:30.834	WT901BLE68(F3:F0:16:BF:DC:AE)	0.049	1.003	-0.155	15.625	0.854	14.587	102.31	-5.43	-90.90	-12.220	18.640	-14.447	-0.43637	-0.40781	0.63232	0.49326	26.2	null	null	13113	60
2026-05-27T16:14:30.958	WT901BLE68(F3:F0:16:BF:DC:AE)	0.048	0.978	-0.163	9.460	10.315	13.245	103.18	-6.72	-87.85	-12.220	18.640	-14.447	-0.43637	-0.40781	0.63232	0.49326	26.2	null	null	13113	60
2026-05-27T16:14:31.044	WT901BLE68(F3:F0:16:BF:DC:AE)	0.050	0.969	-0.188	10.315	5.005	18.555	103.90	-8.44	-84.58	-12.220	18.640	-14.447	-0.48975	-0.54749	0.56326	0.37817	26.2	null	null	13113	60
2026-05-27T16:14:31.167	WT901BLE68(F3:F0:16:BF:DC:AE)	0.022	1.010	-0.157	-2.258	13.000	14.465	103.88	-9.85	-81.57	-12.220	18.640	-14.447	-0.48975	-0.54749	0.56326	0.37817	26.2	null	null	13113	60
2026-05-27T16:14:31.225	WT901BLE68(F3:F0:16:BF:DC:AE)	-0.037	1.254	0.178	-58.289	-1.831	-29.419	100.56	-9.10	-77.52	-12.220	18.640	-14.447	-0.48975	-0.54749	0.56326	0.37817	26.2	null	null	13113	60
2026-05-27T16:14:31.343	WT901BLE68(F3:F0:16:BF:DC:AE)	0.133	1.149	-0.105	-76.172	-19.653	-40.283	92.36	-5.75	-75.09	-12.220	18.640	-14.447	-0.48975	-0.54749	0.56326	0.37817	26.2	null	null	13113	60
2026-05-27T16:14:31.434	WT901BLE68(F3:F0:16:BF:DC:AE)	0.127	0.997	-0.190	-50.232	1.892	-36.926	86.35	-1.70	-74.01	-12.220	18.640	-14.447	-0.48975	-0.54749	0.56326	0.37817	26.2	null	null	13113	60
2026-05-27T16:14:31.560	WT901BLE68(F3:F0:16:BF:DC:AE)	0.105	0.938	-0.014	-43.030	-58.228	-36.560	82.85	1.48	-76.72	-12.220	18.640	-14.447	-0.48975	-0.54749	0.56326	0.37817	26.2	null	null	13113	60
2026-05-27T16:14:31.645	WT901BLE68(F3:F0:16:BF:DC:AE)	0.178	0.883	0.010	-20.264	-6.409	-16.846	79.96	2.64	-79.62	-12.220	18.640	-14.447	-0.48975	-0.54749	0.56326	0.37817	26.2	null	null	13113	60
2026-05-27T16:14:31.765	WT901BLE68(F3:F0:16:BF:DC:AE)	-0.126	0.834	0.179	9.399	39.246	-7.690	80.44	3.57	-75.12	-10.067	17.540	-7.787	-0.48975	-0.54749	0.56326	0.37817	26.2	null	null	13113	60
2026-05-27T16:14:31.854	WT901BLE68(F3:F0:16:BF:DC:AE)	-0.122	0.971	0.385	-4.944	9.399	-22.949	81.44	6.39	-72.98	-10.067	17.540	-7.787	-0.48975	-0.54749	0.56326	0.37817	26.2	null	null	13113	60
2026-05-27T16:14:31.975	WT901BLE68(F3:F0:16:BF:DC:AE)	-0.108	1.196	0.196	31.616	-40.405	-6.897	82.33	6.50	-72.46	-10.067	17.540	-7.787	-0.58963	-0.55334	0.34818	0.47415	26.2	null	null	13113	60
2026-05-27T16:14:32.032	WT901BLE68(F3:F0:16:BF:DC:AE)	0.380	0.939	-0.127	45.776	53.528	4.944	82.74	6.10	-75.89	-10.067	17.540	-7.787	-0.58963	-0.55334	0.34818	0.47415	26.2	null	null	13113	60
2026-05-27T16:14:32.157	WT901BLE68(F3:F0:16:BF:DC:AE)	-0.309	1.025	-0.122	49.133	-11.963	21.912	89.30	5.22	-68.85	-10.067	17.540	-7.787	-0.58963	-0.55334	0.34818	0.47415	26.2	null	null	13113	60
2026-05-27T16:14:32.245	WT901BLE68(F3:F0:16:BF:DC:AE)	0.043	0.994	-0.077	46.936	33.264	16.907	93.67	3.22	-67.53	-10.067	17.540	-7.787	-0.58963	-0.55334	0.34818	0.47415	26.2	null	null	13113	60
2026-05-27T16:14:32.365	WT901BLE68(F3:F0:16:BF:DC:AE)	-0.137	0.974	-0.204	44.373	30.762	24.963	98.39	0.81	-61.26	-10.067	17.540	-7.787	-0.58963	-0.55334	0.34818	0.47415	26.2	null	null	13113	60
2026-05-27T16:14:32.457	WT901BLE68(F3:F0:16:BF:DC:AE)	-0.013	0.977	-0.205	34.729	-5.920	31.799	102.05	-1.97	-59.41	-10.067	17.540	-7.787	-0.58963	-0.55334	0.34818	0.47415	26.2	null	null	13113	60
2026-05-27T16:14:32.575	WT901BLE68(F3:F0:16:BF:DC:AE)	0.012	0.993	-0.159	37.415	38.635	28.381	105.35	-5.13	-56.74	-10.067	17.540	-7.787	-0.58963	-0.55334	0.34818	0.47415	26.2	null	null	13113	60
2026-05-27T16:14:32.631	WT901BLE68(F3:F0:16:BF:DC:AE)	-0.049	1.002	-0.171	-2.502	38.452	23.315	106.53	-8.34	-51.26	-4.867	18.053	-21.560	-0.58963	-0.55334	0.34818	0.47415	26.2	null	null	13113	60
2026-05-27T16:14:32.757	WT901BLE68(F3:F0:16:BF:DC:AE)	0.031	1.029	-0.114	-6.348	34.912	5.920	105.34	-10.26	-46.47	-4.867	18.053	-21.560	-0.58963	-0.55334	0.34818	0.47415	26.2	null	null	13113	60
2026-05-27T16:14:32.842	WT901BLE68(F3:F0:16:BF:DC:AE)	0.073	1.153	-0.094	-32.654	44.800	-11.841	102.10	-10.75	-40.35	-4.867	18.053	-21.560	-0.59860	-0.70819	0.33978	0.15677	26.2	null	null	13113	60
2026-05-27T16:14:32.965	WT901BLE68(F3:F0:16:BF:DC:AE)	0.161	1.039	-0.083	-68.542	26.733	-44.800	95.14	-8.42	-36.36	-4.867	18.053	-21.560	-0.59860	-0.70819	0.33978	0.15677	26.2	null	null	13113	60
2026-05-27T16:14:33.054	WT901BLE68(F3:F0:16:BF:DC:AE)	0.260	0.967	-0.183	-54.565	10.986	-41.138	88.84	-3.64	-34.32	-4.867	18.053	-21.560	-0.59860	-0.70819	0.33978	0.15677	26.2	null	null	13113	60
2026-05-27T16:14:33.174	WT901BLE68(F3:F0:16:BF:DC:AE)	0.081	0.981	-0.019	-37.659	-34.119	-35.645	85.02	-0.37	-36.51	-4.867	18.053	-21.560	-0.59860	-0.70819	0.33978	0.15677	26.2	null	null	13113	60
2026-05-27T16:14:33.264	WT901BLE68(F3:F0:16:BF:DC:AE)	0.212	0.935	0.053	-34.119	-33.264	-13.550	81.72	1.32	-41.56	-4.867	18.053	-21.560	-0.59860	-0.70819	0.33978	0.15677	26.2	null	null	13113	60
2026-05-27T16:14:33.383	WT901BLE68(F3:F0:16:BF:DC:AE)	0.006	0.838	0.203	-6.104	41.504	-0.916	80.00	1.13	-42.08	-4.867	18.053	-21.560	-0.59860	-0.70819	0.33978	0.15677	26.2	null	null	13113	60
2026-05-27T16:14:33.447	WT901BLE68(F3:F0:16:BF:DC:AE)	-0.091	0.968	0.292	-7.568	72.449	-16.174	79.55	2.97	-38.22	-4.867	18.053	-21.560	-0.59860	-0.70819	0.33978	0.15677	26.2	null	null	13113	60
2026-05-27T16:14:33.565	WT901BLE68(F3:F0:16:BF:DC:AE)	-0.292	0.961	0.215	13.733	12.268	-6.775	78.97	4.65	-33.63	-4.867	18.053	-21.560	-0.59860	-0.70819	0.33978	0.15677	26.2	null	null	13113	60
2026-05-27T16:14:33.652	WT901BLE68(F3:F0:16:BF:DC:AE)	0.222	1.070	0.068	25.574	-2.502	-0.488	80.15	5.20	-37.99	-11.787	17.407	-4.640	-0.59860	-0.70819	0.33978	0.15677	26.2	null	null	13113	60
2026-05-27T16:14:33.773	WT901BLE68(F3:F0:16:BF:DC:AE)	-0.121	0.997	-0.130	59.998	54.810	8.118	85.06	5.11	-35.99	-11.787	17.407	-4.640	-0.70175	-0.63464	0.17853	0.26981	26.2	null	null	13113	60
2026-05-27T16:14:33.865	WT901BLE68(F3:F0:16:BF:DC:AE)	-0.015	0.989	-0.003	44.983	21.973	15.564	90.52	3.51	-34.91	-11.787	17.407	-4.640	-0.70175	-0.63464	0.17853	0.26981	26.2	null	null	13113	60
2026-05-27T16:14:33.987	WT901BLE68(F3:F0:16:BF:DC:AE)	-0.143	1.014	-0.188	32.043	46.631	10.803	94.65	2.29	-30.98	-11.787	17.407	-4.640	-0.70175	-0.63464	0.17853	0.26981	26.2	null	null	13113	60
2026-05-27T16:14:34.042	WT901BLE68(F3:F0:16:BF:DC:AE)	0.105	1.019	-0.124	34.973	43.396	20.508	98.30	0.40	-28.86	-11.787	17.407	-4.640	-0.70175	-0.63464	0.17853	0.26981	26.2	null	null	13113	60
2026-05-27T16:14:34.167	WT901BLE68(F3:F0:16:BF:DC:AE)	-0.133	0.971	-0.224	34.912	77.881	17.822	101.55	-2.22	-23.81	-11.787	17.407	-4.640	-0.70175	-0.63464	0.17853	0.26981	26.2	null	null	13113	60
2026-05-27T16:14:34.253	WT901BLE68(F3:F0:16:BF:DC:AE)	-0.038	1.041	-0.061	21.484	27.832	31.128	104.41	-5.43	-21.29	-11.787	17.407	-4.640	-0.70175	-0.63464	0.17853	0.26981	26.2	null	null	13113	60
2026-05-27T16:14:34.375	WT901BLE68(F3:F0:16:BF:DC:AE)	-0.101	1.139	0.012	7.690	17.761	14.160	104.58	-7.62	-20.01	-11.787	17.407	-4.640	-0.70175	-0.63464	0.17853	0.26981	26.2	null	null	13113	60
2026-05-27T16:14:34.462	WT901BLE68(F3:F0:16:BF:DC:AE)	0.003	1.362	-0.046	-47.974	26.672	-32.837	100.68	-5.58	-18.92	-9.607	18.067	-12.947	-0.70175	-0.63464	0.17853	0.26981	26.2	null	null	13113	60
2026-05-27T16:14:34.586	WT901BLE68(F3:F0:16:BF:DC:AE)	0.063	1.163	-0.296	-63.049	-49.744	-44.373	91.48	-2.40	-21.57	-9.607	18.067	-12.947	-0.70175	-0.63464	0.17853	0.26981	26.2	null	null	13113	60
2026-05-27T16:14:34.675	WT901BLE68(F3:F0:16:BF:DC:AE)	0.166	0.959	-0.094	-55.481	-49.377	-22.644	85.05	-0.23	-29.91	-9.607	18.067	-12.947	-0.70172	-0.67715	0.15872	0.15405	26.2	null	null	13113	60
2026-05-27T16:14:34.796	WT901BLE68(F3:F0:16:BF:DC:AE)	0.032	0.891	-0.051	-38.086	-61.401	-6.592	81.11	0.79	-35.62	-9.607	18.067	-12.947	-0.70172	-0.67715	0.15872	0.15405	26.2	null	null	13113	60
2026-05-27T16:14:34.854	WT901BLE68(F3:F0:16:BF:DC:AE)	0.203	0.722	-0.050	1.648	-56.335	9.949	79.40	-0.43	-43.14	-9.607	18.067	-12.947	-0.70172	-0.67715	0.15872	0.15405	26.2	null	null	13113	60
2026-05-27T16:14:34.981	WT901BLE68(F3:F0:16:BF:DC:AE)	-0.135	1.003	0.562	17.334	-56.824	-5.676	80.95	-3.71	-47.19	-9.607	18.067	-12.947	-0.70172	-0.67715	0.15872	0.15405	26.2	null	null	13113	60
2026-05-27T16:14:35.064	WT901BLE68(F3:F0:16:BF:DC:AE)	0.563	0.818	-0.110	33.142	98.816	-26.062	80.11	-1.45	-48.98	-9.607	18.067	-12.947	-0.70172	-0.67715	0.15872	0.15405	26.2	null	null	13113	60
2026-05-27T16:14:35.186	WT901BLE68(F3:F0:16:BF:DC:AE)	0.176	0.790	-0.507	50.720	14.343	-16.296	82.67	1.85	-43.69	-9.607	18.067	-12.947	-0.70172	-0.67715	0.15872	0.15405	26.2	null	null	13113	60
2026-05-27T16:14:35.273	WT901BLE68(F3:F0:16:BF:DC:AE)	-0.038	0.999	-0.063	47.363	-5.432	9.949	87.63	1.60	-43.29	-9.607	18.067	-12.947	-0.70172	-0.67715	0.15872	0.15405	26.2	null	null	13113	60
2026-05-27T16:14:35.394	WT901BLE68(F3:F0:16:BF:DC:AE)	-0.099	0.975	-0.088	49.683	43.884	20.691	92.54	0.21	-39.48	-7.080	18.787	-19.707	-0.70172	-0.67715	0.15872	0.15405	26.2	null	null	13113	60
2026-05-27T16:14:35.458	WT901BLE68(F3:F0:16:BF:DC:AE)	-0.073	1.018	-0.125	28.809	-46.875	33.630	96.59	-2.33	-38.71	-7.080	18.787	-19.707	-0.70172	-0.67715	0.15872	0.15405	26.2	null	null	13113	60
2026-05-27T16:14:35.579	WT901BLE68(F3:F0:16:BF:DC:AE)	0.123	0.991	-0.052	30.273	28.931	20.325	99.32	-4.53	-38.78	-7.080	18.787	-19.707	-0.70172	-0.67715	0.15872	0.15405	26.2	null	null	13113	60
2026-05-27T16:14:35.663	WT901BLE68(F3:F0:16:BF:DC:AE)	-0.103	0.983	-0.101	6.042	13.733	12.512	100.46	-6.61	-33.85	-7.080	18.787	-19.707	-0.62006	-0.71579	0.27188	0.17075	26.2	null	null	13113	60
2026-05-27T16:14:35.784	WT901BLE68(F3:F0:16:BF:DC:AE)	-0.140	1.067	-0.001	-6.470	20.081	21.606	99.68	-7.39	-31.24	-7.080	18.787	-19.707	-0.62006	-0.71579	0.27188	0.17075	26.2	null	null	13113	60
2026-05-27T16:14:35.879	WT901BLE68(F3:F0:16:BF:DC:AE)	0.061	1.305	0.208	-104.675	-33.264	6.592	94.05	-7.88	-32.76	-7.080	18.787	-19.707	-0.62006	-0.71579	0.27188	0.17075	26.2	null	null	13113	60
2026-05-27T16:14:35.995	WT901BLE68(F3:F0:16:BF:DC:AE)	-0.129	1.005	-0.513	-83.862	-102.661	-52.307	85.10	-4.16	-34.30	-7.080	18.787	-19.707	-0.62006	-0.71579	0.27188	0.17075	26.2	null	null	13113	60
2026-05-27T16:14:36.084	WT901BLE68(F3:F0:16:BF:DC:AE)	-0.237	0.892	-0.450	-40.833	-171.753	-58.044	80.25	0.15	-45.07	-7.080	18.787	-19.707	-0.62006	-0.71579	0.27188	0.17075	26.2	null	null	13113	60
2026-05-27T16:14:36.204	WT901BLE68(F3:F0:16:BF:DC:AE)	0.222	0.978	-0.180	-20.874	-179.077	-38.452	78.06	1.73	-63.52	-7.080	18.787	-19.707	-0.62006	-0.71579	0.27188	0.17075	26.2	null	null	13113	60
2026-05-27T16:14:36.262	WT901BLE68(F3:F0:16:BF:DC:AE)	0.179	0.958	0.081	-20.569	-102.783	-42.664	77.77	4.38	-73.14	-5.900	24.240	-35.267	-0.62006	-0.71579	0.27188	0.17075	26.2	null	null	13113	60
2026-05-27T16:14:36.385	WT901BLE68(F3:F0:16:BF:DC:AE)	0.246	0.839	0.089	-2.380	-62.073	-1.282	77.40	4.03	-78.31	-5.900	24.240	-35.267	-0.62006	-0.71579	0.27188	0.17075	26.2	null	null	13113	60
2026-05-27T16:14:36.504	WT901BLE68(F3:F0:16:BF:DC:AE)	-0.327	1.009	0.311	10.742	-96.069	-20.386	77.92	3.66	-82.57	-5.900	24.240	-35.267	-0.58295	-0.49365	0.38651	0.51669	26.2	null	null	13113	60
2026-05-27T16:14:36.594	WT901BLE68(F3:F0:16:BF:DC:AE)	0.316	1.035	-0.035	49.805	-55.664	-8.362	79.40	2.78	-88.74	-5.900	24.240	-35.267	-0.58295	-0.49365	0.38651	0.51669	26.2	null	null	13113	60
2026-05-27T16:14:36.685	WT901BLE68(F3:F0:16:BF:DC:AE)	0.308	0.934	-0.221	41.504	129.456	-18.860	82.98	3.96	-84.40	-5.900	24.240	-35.267	-0.58295	-0.49365	0.38651	0.51669	26.2	null	null	13113	60
2026-05-27T16:14:36.803	WT901BLE68(F3:F0:16:BF:DC:AE)	-0.314	1.019	-0.113	37.659	-55.664	16.113	88.33	3.84	-78.06	-5.900	24.240	-35.267	-0.58295	-0.49365	0.38651	0.51669	26.2	null	null	13113	60
2026-05-27T16:14:36.866	WT901BLE68(F3:F0:16:BF:DC:AE)	0.016	1.001	-0.013	43.457	-16.968	15.381	91.99	2.55	-79.58	-5.900	24.240	-35.267	-0.58295	-0.49365	0.38651	0.51669	26.2	null	null	13113	60
2026-05-27T16:14:36.986	WT901BLE68(F3:F0:16:BF:DC:AE)	-0.032	0.978	-0.108	33.936	-15.564	23.132	95.63	0.63	-76.62	-5.900	24.240	-35.267	-0.58295	-0.49365	0.38651	0.51669	26.2	null	null	13113	60
2026-05-27T16:14:37.077	WT901BLE68(F3:F0:16:BF:DC:AE)	-0.009	0.977	-0.185	34.241	-29.602	28.870	98.82	-1.55	-76.86	-5.900	24.240	-35.267	-0.58295	-0.49365	0.38651	0.51669	26.2	null	null	13113	60
2026-05-27T16:14:37.192	WT901BLE68(F3:F0:16:BF:DC:AE)	0.129	1.012	-0.088	24.841	-60.791	26.062	102.10	-3.79	-77.68	-18.267	17.540	-63.140	-0.58295	-0.49365	0.38651	0.51669	26.2	null	null	13113	60
2026-05-27T16:14:37.287	WT901BLE68(F3:F0:16:BF:DC:AE)	-0.084	1.017	-0.209	6.958	-0.183	21.545	103.34	-5.48	-77.26	-18.267	17.540	-63.140	-0.58295	-0.49365	0.38651	0.51669	26.2	null	null	13113	60
2026-05-27T16:14:37.404	WT901BLE68(F3:F0:16:BF:DC:AE)	-0.160	1.090	-0.010	-27.649	-45.776	0.366	101.56	-5.71	-76.44	-18.267	17.540	-63.140	-0.51651	-0.59308	0.50681	0.35281	26.2	null	null	13113	60
2026-05-27T16:14:37.492	WT901BLE68(F3:F0:16:BF:DC:AE)	0.204	1.068	-0.081	-79.041	-28.442	3.784	95.63	-4.43	-76.24	-18.267	17.540	-63.140	-0.51651	-0.59308	0.50681	0.35281	26.2	null	null	13113	60
2026-05-27T16:14:37.616	WT901BLE68(F3:F0:16:BF:DC:AE)	-0.067	1.127	-0.236	-58.350	-3.601	-30.090	88.02	-2.56	-74.40	-18.267	17.540	-63.140	-0.51651	-0.59308	0.50681	0.35281	26.2	null	null	13113	60
2026-05-27T16:14:37.676	WT901BLE68(F3:F0:16:BF:DC:AE)	-0.046	0.915	-0.311	-37.048	-77.698	-29.846	83.57	0.99	-76.56	-18.267	17.540	-63.140	-0.51651	-0.59308	0.50681	0.35281	26.2	null	null	13113	60
2026-05-27T16:14:37.796	WT901BLE68(F3:F0:16:BF:DC:AE)	0.092	1.042	-0.148	-8.301	-148.071	-20.081	83.03	2.10	-85.50	-18.267	17.540	-63.140	-0.51651	-0.59308	0.50681	0.35281	26.2	null	null	13113	60
2026-05-27T16:14:37.886	WT901BLE68(F3:F0:16:BF:DC:AE)	0.343	0.882	0.147	-0.854	-59.509	-10.864	83.08	2.21	-93.82	-18.267	17.540	-63.140	-0.51651	-0.59308	0.50681	0.35281	26.2	null	null	13113	60
2026-05-27T16:14:38.004	WT901BLE68(F3:F0:16:BF:DC:AE)	0.013	0.938	0.107	8.972	-8.789	-3.357	84.25	1.72	-92.34	-18.267	17.540	-63.140	-0.51651	-0.59308	0.50681	0.35281	26.2	null	null	13113	60
2026-05-27T16:14:38.093	WT901BLE68(F3:F0:16:BF:DC:AE)	-0.130	1.001	0.274	8.301	-129.578	-0.732	84.40	1.11	-95.67	-50.440	28.313	-50.173	-0.51651	-0.59308	0.50681	0.35281	26.2	null	null	13113	60
2026-05-27T16:14:38.217	WT901BLE68(F3:F0:16:BF:DC:AE)	0.407	1.091	-0.081	68.787	41.931	20.386	86.39	-0.18	-98.43	-50.440	28.313	-50.173	-0.51651	-0.59308	0.50681	0.35281	26.2	null	null	13113	60
2026-05-27T16:14:38.275	WT901BLE68(F3:F0:16:BF:DC:AE)	0.081	0.871	-0.178	42.053	54.443	23.865	91.16	-1.45	-92.21	-50.440	28.313	-50.173	-0.48465	-0.46863	0.52420	0.52020	26.2	null	null	13113	60
2026-05-27T16:14:38.395	WT901BLE68(F3:F0:16:BF:DC:AE)	0.015	1.045	-0.128	37.415	-47.791	23.193	95.74	-3.55	-90.77	-50.440	28.313	-50.173	-0.48465	-0.46863	0.52420	0.52020	26.2	null	null	13113	60
2026-05-27T16:14:38.488	WT901BLE68(F3:F0:16:BF:DC:AE)	0.193	0.948	-0.164	18.616	17.944	2.502	97.92	-4.30	-91.14	-50.440	28.313	-50.173	-0.48465	-0.46863	0.52420	0.52020	26.2	null	null	13113	60
2026-05-27T16:14:38.604	WT901BLE68(F3:F0:16:BF:DC:AE)	0.022	1.000	-0.192	18.860	-3.662	12.024	99.76	-5.26	-86.57	-50.440	28.313	-50.173	-0.48465	-0.46863	0.52420	0.52020	26.2	null	null	13113	60
2026-05-27T16:14:38.695	WT901BLE68(F3:F0:16:BF:DC:AE)	0.068	1.013	-0.128	17.456	-5.737	12.695	101.51	-6.32	-85.61	-50.440	28.313	-50.173	-0.48465	-0.46863	0.52420	0.52020	26.2	null	null	13113	60
2026-05-27T16:14:38.817	WT901BLE68(F3:F0:16:BF:DC:AE)	0.107	0.942	-0.235	19.531	2.197	20.691	102.93	-7.54	-83.31	-50.440	28.313	-50.173	-0.48465	-0.46863	0.52420	0.52020	26.2	null	null	13113	60
2026-05-27T16:14:38.903	WT901BLE68(F3:F0:16:BF:DC:AE)	0.016	1.011	-0.069	13.977	-13.855	26.245	105.13	-9.77	-82.52	-50.440	28.313	-50.173	-0.48465	-0.46863	0.52420	0.52020	26.2	null	null	13113	60
2026-05-27T16:14:39.024	WT901BLE68(F3:F0:16:BF:DC:AE)	-0.015	1.117	-0.193	11.963	2.258	20.752	106.47	-12.06	-80.48	-48.287	20.200	-59.840	-0.48465	-0.46863	0.52420	0.52020	26.2	null	null	13113	60
2026-05-27T16:14:39.083	WT901BLE68(F3:F0:16:BF:DC:AE)	0.193	1.067	0.027	-50.903	-2.441	-9.155	104.24	-12.12	-78.43	-48.287	20.200	-59.840	-0.48465	-0.46863	0.52420	0.52020	26.2	null	null	13113	60
2026-05-27T16:14:39.206	WT901BLE68(F3:F0:16:BF:DC:AE)	-0.095	1.074	-0.151	-68.970	-11.780	-31.921	97.42	-9.74	-75.45	-48.287	20.200	-59.840	-0.54092	-0.56451	0.52756	0.33206	26.2	null	null	13113	60
2026-05-27T16:14:39.296	WT901BLE68(F3:F0:16:BF:DC:AE)	0.096	1.077	-0.263	-65.918	-48.096	-58.533	91.07	-4.48	-76.20	-48.287	20.200	-59.840	-0.54092	-0.56451	0.52756	0.33206	26.2	null	null	13113	60
2026-05-27T16:14:39.420	WT901BLE68(F3:F0:16:BF:DC:AE)	0.188	0.970	-0.107	-65.063	-78.735	-49.622	85.65	0.94	-81.73	-48.287	20.200	-59.840	-0.54092	-0.56451	0.52756	0.33206	26.2	null	null	13113	60
2026-05-27T16:14:39.504	WT901BLE68(F3:F0:16:BF:DC:AE)	0.170	0.832	-0.050	-26.367	-3.174	-34.790	81.66	4.27	-84.92	-48.287	20.200	-59.840	-0.54092	-0.56451	0.52756	0.33206	26.2	null	null	13113	60
2026-05-27T16:14:39.625	WT901BLE68(F3:F0:16:BF:DC:AE)	-0.050	0.777	-0.009	17.090	2.625	-2.380	82.04	5.59	-82.34	-48.287	20.200	-59.840	-0.54092	-0.56451	0.52756	0.33206	26.2	null	null	13113	60
2026-05-27T16:14:39.686	WT901BLE68(F3:F0:16:BF:DC:AE)	-0.339	1.077	0.450	16.541	-96.008	-8.301	84.48	5.53	-84.50	-48.287	20.200	-59.840	-0.54092	-0.56451	0.52756	0.33206	26.2	null	null	13113	60
2026-05-27T16:14:39.806	WT901BLE68(F3:F0:16:BF:DC:AE)	0.318	1.308	-0.061	48.096	-27.649	33.020	85.16	3.62	-90.28	-48.287	20.200	-59.840	-0.54092	-0.56451	0.52756	0.33206	26.2	null	null	13113	60
2026-05-27T16:14:39.891	WT901BLE68(F3:F0:16:BF:DC:AE)	0.036	0.833	-0.310	66.284	52.185	16.541	88.80	2.59	-87.24	-61.260	21.547	-36.340	-0.54092	-0.56451	0.52756	0.33206	26.2	null	null	13113	60
2026-05-27T16:14:40.015	WT901BLE68(F3:F0:16:BF:DC:AE)	-0.109	0.929	-0.333	67.139	-24.109	46.387	95.83	-0.96	-83.54	-61.260	21.547	-36.340	-0.54092	-0.56451	0.52756	0.33206	26.2	null	null	13113	60
2026-05-27T16:14:40.106	WT901BLE68(F3:F0:16:BF:DC:AE)	0.165	0.977	0.031	17.029	37.903	4.211	99.27	-3.23	-84.19	-61.260	21.547	-36.340	-0.49182	-0.54938	0.52597	0.42371	26.2	null	null	13113	60
2026-05-27T16:14:40.227	WT901BLE68(F3:F0:16:BF:DC:AE)	0.023	0.943	-0.225	15.808	27.771	7.324	100.71	-4.75	-77.42	-61.260	21.547	-36.340	-0.49182	-0.54938	0.52597	0.42371	26.2	null	null	13113	60
2026-05-27T16:14:40.316	WT901BLE68(F3:F0:16:BF:DC:AE)	0.006	0.999	-0.167	16.052	-11.353	17.578	102.23	-5.95	-75.23	-61.260	21.547	-36.340	-0.49182	-0.54938	0.52597	0.42371	26.2	null	null	13113	60
2026-05-27T16:14:40.437	WT901BLE68(F3:F0:16:BF:DC:AE)	0.099	0.987	-0.125	6.226	34.363	14.038	103.03	-7.48	-73.39	-61.260	21.547	-36.340	-0.49182	-0.54938	0.52597	0.42371	26.2	null	null	13113	60
2026-05-27T16:14:40.496	WT901BLE68(F3:F0:16:BF:DC:AE)	-0.086	1.060	-0.124	-1.099	29.968	14.771	102.66	-9.44	-68.37	-61.260	21.547	-36.340	-0.49182	-0.54938	0.52597	0.42371	26.2	null	null	13113	60
2026-05-27T16:14:40.616	WT901BLE68(F3:F0:16:BF:DC:AE)	0.136	1.245	0.153	-68.909	-28.809	-15.930	100.32	-9.32	-67.04	-61.260	21.547	-36.340	-0.49182	-0.54938	0.52597	0.42371	26.2	null	null	13113	60
2026-05-27T16:14:40.706	WT901BLE68(F3:F0:16:BF:DC:AE)	0.170	1.113	-0.177	-71.777	23.682	-40.710	92.61	-6.97	-64.56	-61.260	21.547	-36.340	-0.49182	-0.54938	0.52597	0.42371	26.2	null	null	13113	60
2026-05-27T16:14:40.821	WT901BLE68(F3:F0:16:BF:DC:AE)	0.113	1.068	-0.292	-52.002	-15.564	-43.274	87.00	-2.68	-63.19	-45.880	22.747	-47.840	-0.49182	-0.54938	0.52597	0.42371	26.2	null	null	13113	60
2026-05-27T16:14:40.917	WT901BLE68(F3:F0:16:BF:DC:AE)	0.148	0.972	-0.063	-40.100	-102.783	-41.992	84.02	1.06	-69.10	-45.880	22.747	-47.840	-0.49182	-0.54938	0.52597	0.42371	26.2	null	null	13113	60
2026-05-27T16:14:41.033	WT901BLE68(F3:F0:16:BF:DC:AE)	0.198	0.954	0.093	-26.062	-18.677	-33.020	81.25	3.47	-73.83	-45.880	22.747	-47.840	-0.59671	-0.53738	0.37695	0.46146	26.2	null	null	13113	60
2026-05-27T16:14:41.097	WT901BLE68(F3:F0:16:BF:DC:AE)	-0.028	0.828	0.024	2.319	-8.362	-6.653	80.71	4.97	-72.21	-45.880	22.747	-47.840	-0.59671	-0.53738	0.37695	0.46146	26.2	null	null	13113	60
2026-05-27T16:14:41.213	WT901BLE68(F3:F0:16:BF:DC:AE)	-0.028	0.942	0.222	22.034	-27.039	2.136	82.73	4.13	-74.42	-45.880	22.747	-47.840	-0.59671	-0.53738	0.37695	0.46146	26.2	null	null	13113	60
2026-05-27T16:14:41.307	WT901BLE68(F3:F0:16:BF:DC:AE)	-0.040	1.093	0.515	-3.235	-38.513	-10.193	82.66	4.47	-77.42	-45.880	22.747	-47.840	-0.59671	-0.53738	0.37695	0.46146	26.2	null	null	13113	60
2026-05-27T16:14:41.426	WT901BLE68(F3:F0:16:BF:DC:AE)	0.199	1.181	0.334	0.061	-12.756	-17.029	83.01	4.14	-78.94	-45.880	22.747	-47.840	-0.59671	-0.53738	0.37695	0.46146	26.2	null	null	13113	60
2026-05-27T16:14:41.515	WT901BLE68(F3:F0:16:BF:DC:AE)	-0.125	1.080	-0.149	45.166	53.711	1.709	87.96	5.11	-69.97	-45.880	22.747	-47.840	-0.59671	-0.53738	0.37695	0.46146	26.2	null	null	13113	60
2026-05-27T16:14:41.634	WT901BLE68(F3:F0:16:BF:DC:AE)	-0.002	0.971	-0.066	43.823	-21.118	25.146	92.68	2.80	-69.03	-45.880	22.747	-47.840	-0.59671	-0.53738	0.37695	0.46146	26.2	null	null	13113	60
2026-05-27T16:14:41.691	WT901BLE68(F3:F0:16:BF:DC:AE)	-0.086	0.969	-0.102	44.250	26.794	26.550	97.26	0.18	-66.08	-53.293	19.987	-44.987	-0.59671	-0.53738	0.37695	0.46146	26.2	null	null	13113	60
2026-05-27T16:14:41.845	WT901BLE68(F3:F0:16:BF:DC:AE)	-0.100	0.952	-0.135	29.297	11.841	23.560	100.54	-2.47	-63.76	-53.293	19.987	-44.987	-0.59671	-0.53738	0.37695	0.46146	26.2	null	null	13113	60
2026-05-27T16:14:41.902	WT901BLE68(F3:F0:16:BF:DC:AE)	-0.106	1.033	-0.096	6.653	-6.958	21.057	102.04	-4.49	-62.98	-53.293	19.987	-44.987	-0.55072	-0.64966	0.42285	0.30936	26.2	null	null	13113	60
2026-05-27T16:14:42.023	WT901BLE68(F3:F0:16:BF:DC:AE)	0.094	0.956	-0.049	2.563	25.452	23.621	101.94	-5.81	-62.03	-53.293	19.987	-44.987	-0.55072	-0.64966	0.42285	0.30936	26.2	null	null	13113	60
2026-05-27T16:14:42.115	WT901BLE68(F3:F0:16:BF:DC:AE)	-0.120	1.189	-0.067	-14.954	40.466	12.024	100.59	-7.62	-57.29	-53.293	19.987	-44.987	-0.55072	-0.64966	0.42285	0.30936	26.2	null	null	13113	60
2026-05-27T16:14:42.236	WT901BLE68(F3:F0:16:BF:DC:AE)	0.002	1.231	0.144	-82.092	-27.832	-5.798	94.47	-7.40	-57.15	-53.293	19.987	-44.987	-0.55072	-0.64966	0.42285	0.30936	26.2	null	null	13113	60
2026-05-27T16:14:42.325	WT901BLE68(F3:F0:16:BF:DC:AE)	0.225	0.982	-0.324	-63.721	4.150	-50.293	87.61	-3.16	-55.83	-53.293	19.987	-44.987	-0.55072	-0.64966	0.42285	0.30936	26.2	null	null	13113	60
2026-05-27T16:14:42.448	WT901BLE68(F3:F0:16:BF:DC:AE)	0.050	0.852	-0.117	-32.959	-59.082	-31.433	84.20	0.18	-58.76	-53.293	19.987	-44.987	-0.55072	-0.64966	0.42285	0.30936	26.2	null	null	13113	60
2026-05-27T16:14:42.504	WT901BLE68(F3:F0:16:BF:DC:AE)	0.158	0.913	0.128	-31.189	-47.119	-25.940	81.35	1.66	-66.45	-53.293	19.987	-44.987	-0.55072	-0.64966	0.42285	0.30936	26.2	null	null	13113	60
2026-05-27T16:14:42.625	WT901BLE68(F3:F0:16:BF:DC:AE)	0.042	0.877	0.086	-3.601	42.786	-15.137	80.53	3.26	-64.87	-50.613	25.380	-36.067	-0.55072	-0.64966	0.42285	0.30936	26.2	null	null	13113	60
2026-05-27T16:14:42.714	WT901BLE68(F3:F0:16:BF:DC:AE)	-0.088	0.902	0.052	14.160	-29.724	-5.127	81.95	3.72	-63.67	-50.613	25.380	-36.067	-0.55072	-0.64966	0.42285	0.30936	26.2	null	null	13113	60
2026-05-27T16:14:42.834	WT901BLE68(F3:F0:16:BF:DC:AE)	-0.090	0.969	0.334	21.301	-32.959	-10.498	83.81	4.16	-67.07	-50.613	25.380	-36.067	-0.61804	-0.56903	0.33734	0.42462	26.2	null	null	13113	60
2026-05-27T16:14:42.922	WT901BLE68(F3:F0:16:BF:DC:AE)	0.159	1.078	0.202	30.579	-31.128	9.094	85.26	4.03	-69.26	-50.613	25.380	-36.067	-0.61804	-0.56903	0.33734	0.42462	26.2	null	null	13113	60
2026-05-27T16:14:43.047	WT901BLE68(F3:F0:16:BF:DC:AE)	0.067	0.879	-0.101	27.771	62.134	-7.141	86.53	3.03	-69.45	-50.613	25.380	-36.067	-0.61804	-0.56903	0.33734	0.42462	26.2	null	null	13113	60
2026-05-27T16:14:43.133	WT901BLE68(F3:F0:16:BF:DC:AE)	-0.086	1.016	-0.154	43.884	34.485	11.475	91.32	3.58	-61.86	-50.613	25.380	-36.067	-0.61804	-0.56903	0.33734	0.42462	26.2	null	null	13113	60
2026-05-27T16:14:43.258	WT901BLE68(F3:F0:16:BF:DC:AE)	0.073	1.006	-0.086	38.086	7.446	20.203	95.31	1.59	-61.53	-50.613	25.380	-36.067	-0.61804	-0.56903	0.33734	0.42462	26.2	null	null	13113	60
2026-05-27T16:14:43.313	WT901BLE68(F3:F0:16:BF:DC:AE)	-0.080	0.981	-0.102	36.743	33.447	23.254	99.07	-0.91	-58.02	-50.613	25.380	-36.067	-0.61804	-0.56903	0.33734	0.42462	26.2	null	null	13113	60
2026-05-27T16:14:43.466	WT901BLE68(F3:F0:16:BF:DC:AE)	-0.021	0.979	-0.202	22.644	26.428	25.818	101.35	-3.83	-55.32	-50.613	25.380	-36.067	-0.61804	-0.56903	0.33734	0.42462	26.2	null	null	13113	60
2026-05-27T16:14:43.522	WT901BLE68(F3:F0:16:BF:DC:AE)	-0.174	1.040	-0.118	11.108	-2.686	25.513	102.91	-6.28	-53.62	-43.547	19.100	-51.347	-0.61804	-0.56903	0.33734	0.42462	26.2	null	null	13113	60
2026-05-27T16:14:43.646	WT901BLE68(F3:F0:16:BF:DC:AE)	-0.017	1.003	0.154	-3.662	10.986	5.066	102.69	-7.10	-53.29	-43.547	19.100	-51.347	-0.61804	-0.56903	0.33734	0.42462	26.2	null	null	13113	60
2026-05-27T16:14:43.733	WT901BLE68(F3:F0:16:BF:DC:AE)	-0.234	1.349	-0.076	-59.570	25.452	-18.433	99.40	-7.00	-47.71	-43.547	19.100	-51.347	-0.58945	-0.68103	0.36951	0.22824	26.2	null	null	13113	60
2026-05-27T16:14:43.854	WT901BLE68(F3:F0:16:BF:DC:AE)	0.242	1.230	-0.177	-93.994	33.325	-43.640	89.87	-3.57	-48.02	-43.547	19.100	-51.347	-0.58945	-0.68103	0.36951	0.22824	26.2	null	null	13113	60
2026-05-27T16:14:43.916	WT901BLE68(F3:F0:16:BF:DC:AE)	-0.039	0.997	-0.250	-58.105	-4.395	-45.837	83.01	1.63	-45.83	-43.547	19.100	-51.347	-0.58945	-0.68103	0.36951	0.22824	26.2	null	null	13113	60
2026-05-27T16:14:44.035	WT901BLE68(F3:F0:16:BF:DC:AE)	0.093	0.929	-0.121	-20.203	-81.604	-30.457	80.20	4.31	-50.45	-43.547	19.100	-51.347	-0.58945	-0.68103	0.36951	0.22824	26.2	null	null	13113	60
2026-05-27T16:14:44.123	WT901BLE68(F3:F0:16:BF:DC:AE)	0.158	0.848	0.036	1.648	-21.484	-6.836	79.17	4.39	-56.93	-43.547	19.100	-51.347	-0.58945	-0.68103	0.36951	0.22824	26.2	null	null	13113	60
2026-05-27T16:14:44.249	WT901BLE68(F3:F0:16:BF:DC:AE)	0.027	0.826	0.197	18.005	2.930	15.747	81.03	3.31	-55.94	-43.547	19.100	-51.347	-0.58945	-0.68103	0.36951	0.22824	26.2	null	null	13113	60
2026-05-27T16:14:44.335	WT901BLE68(F3:F0:16:BF:DC:AE)	-0.128	1.094	0.553	1.526	-41.260	-0.732	82.06	2.33	-58.68	-43.547	19.100	-51.347	-0.58945	-0.68103	0.36951	0.22824	26.2	null	null	13113	60
2026-05-27T16:14:44.451	WT901BLE68(F3:F0:16:BF:DC:AE)	0.027	0.928	0.039	15.869	-17.212	-2.502	81.02	2.42	-60.26	-48.773	25.100	-34.873	-0.58945	-0.68103	0.36951	0.22824	26.2	null	null	13113	60
2026-05-27T16:14:44.544	WT901BLE68(F3:F0:16:BF:DC:AE)	0.202	1.076	0.379	13.184	30.640	-7.568	81.77	3.10	-63.32	-48.773	25.100	-34.873	-0.58945	-0.68103	0.36951	0.22824	26.2	null	null	13113	60
2026-05-27T16:14:44.665	WT901BLE68(F3:F0:16:BF:DC:AE)	-0.320	0.983	-0.143	59.875	40.222	4.028	86.62	3.73	-57.93	-48.773	25.100	-34.873	-0.63010	-0.58167	0.32388	0.39957	26.2	null	null	13113	60
2026-05-27T16:14:44.724	WT901BLE68(F3:F0:16:BF:DC:AE)	0.101	1.009	0.019	40.588	-52.368	22.095	91.51	1.71	-60.73	-48.773	25.100	-34.873	-0.63010	-0.58167	0.32388	0.39957	26.2	null	null	13113	60
2026-05-27T16:14:44.848	WT901BLE68(F3:F0:16:BF:DC:AE)	-0.028	0.974	-0.121	42.419	16.174	25.513	95.50	-0.41	-60.89	-48.773	25.100	-34.873	-0.63010	-0.58167	0.32388	0.39957	26.2	null	null	13113	60
2026-05-27T16:14:44.933	WT901BLE68(F3:F0:16:BF:DC:AE)	-0.037	0.999	-0.071	22.583	-25.146	18.250	98.40	-2.57	-61.03	-48.773	25.100	-34.873	-0.63010	-0.58167	0.32388	0.39957	26.2	null	null	13113	60
2026-05-27T16:14:45.057	WT901BLE68(F3:F0:16:BF:DC:AE)	0.022	1.042	-0.098	27.039	-10.437	27.893	100.93	-4.19	-61.75	-48.773	25.100	-34.873	-0.63010	-0.58167	0.32388	0.39957	26.2	null	null	13113	60
2026-05-27T16:14:45.146	WT901BLE68(F3:F0:16:BF:DC:AE)	0.031	0.950	-0.221	9.338	29.480	6.775	101.62	-5.84	-60.18	-48.773	25.100	-34.873	-0.63010	-0.58167	0.32388	0.39957	26.2	null	null	13113	60
2026-05-27T16:14:45.266	WT901BLE68(F3:F0:16:BF:DC:AE)	-0.145	1.045	-0.079	1.953	19.226	20.203	101.73	-7.93	-56.41	-48.773	25.100	-34.873	-0.63010	-0.58167	0.32388	0.39957	26.2	null	null	13113	60
2026-05-27T16:14:45.323	WT901BLE68(F3:F0:16:BF:DC:AE)	-0.048	1.343	0.265	-64.697	-56.824	4.028	98.95	-7.81	-57.46	-40.507	21.907	-48.267	-0.63010	-0.58167	0.32388	0.39957	26.2	null	null	13113	60
2026-05-27T16:14:45.444	WT901BLE68(F3:F0:16:BF:DC:AE)	0.081	1.208	-0.295	-80.688	22.766	-57.251	89.93	-4.86	-58.06	-40.507	21.907	-48.267	-0.63010	-0.58167	0.32388	0.39957	26.2	null	null	13113	60
2026-05-27T16:14:45.532	WT901BLE68(F3:F0:16:BF:DC:AE)	-0.158	0.901	-0.310	-67.505	-83.130	-51.636	82.98	0.75	-60.62	-40.507	21.907	-48.267	-0.64380	-0.58969	0.33783	0.35144	26.2	null	null	13113	60
2026-05-27T16:14:45.657	WT901BLE68(F3:F0:16:BF:DC:AE)	0.154	0.883	-0.132	-35.828	-94.971	-44.678	78.06	3.52	-72.48	-40.507	21.907	-48.267	-0.64380	-0.58969	0.33783	0.35144	26.2	null	null	13113	60
2026-05-27T16:14:45.743	WT901BLE68(F3:F0:16:BF:DC:AE)	0.201	0.764	0.034	4.944	1.831	-26.978	76.85	4.96	-78.44	-40.507	21.907	-48.267	-0.64380	-0.58969	0.33783	0.35144	26.2	null	null	13113	60
2026-05-27T16:14:45.865	WT901BLE68(F3:F0:16:BF:DC:AE)	0.079	0.776	0.113	24.475	-39.795	12.085	79.46	5.12	-79.57	-40.507	21.907	-48.267	-0.64380	-0.58969	0.33783	0.35144	26.2	null	null	13113	60
2026-05-27T16:14:45.955	WT901BLE68(F3:F0:16:BF:DC:AE)	-0.228	1.233	0.661	24.841	-103.943	4.822	82.21	2.61	-85.23	-40.507	21.907	-48.267	-0.64380	-0.58969	0.33783	0.35144	26.2	null	null	13113	60
2026-05-27T16:14:46.076	WT901BLE68(F3:F0:16:BF:DC:AE)	0.403	0.912	-0.268	74.951	51.819	28.320	85.19	1.55	-85.95	-40.507	21.907	-48.267	-0.64380	-0.58969	0.33783	0.35144	26.2	null	null	13113	60
2026-05-27T16:14:46.130	WT901BLE68(F3:F0:16:BF:DC:AE)	0.098	0.712	-0.521	61.829	26.978	13.184	88.75	-0.19	-85.40	-40.507	21.907	-48.267	-0.64380	-0.58969	0.33783	0.35144	26.2	null	null	13113	60
2026-05-27T16:14:46.256	WT901BLE68(F3:F0:16:BF:DC:AE)	-0.085	1.093	-0.117	48.157	-61.829	33.997	94.48	-2.22	-83.89	-51.773	29.487	-26.027	-0.64380	-0.58969	0.33783	0.35144	26.2	null	null	13113	60
2026-05-27T16:14:46.346	WT901BLE68(F3:F0:16:BF:DC:AE)	0.185	0.974	0.033	23.987	22.522	4.517	97.35	-3.21	-86.50	-51.773	29.487	-26.027	-0.64380	-0.58969	0.33783	0.35144	26.2	null	null	13113	60
2026-05-27T16:14:46.464	WT901BLE68(F3:F0:16:BF:DC:AE)	-0.090	0.988	-0.202	14.771	-18.799	9.888	98.95	-4.22	-83.02	-51.773	29.487	-26.027	-0.50409	-0.54843	0.52078	0.41687	26.2	null	null	13113	60
2026-05-27T16:14:46.555	WT901BLE68(F3:F0:16:BF:DC:AE)	0.068	1.003	-0.049	12.939	-19.592	12.573	100.43	-4.72	-84.50	-51.773	29.487	-26.027	-0.50409	-0.54843	0.52078	0.41687	26.2	null	null	13113	60
2026-05-27T16:14:46.675	WT901BLE68(F3:F0:16:BF:DC:AE)	0.026	0.958	-0.087	2.991	14.404	2.136	100.91	-5.49	-82.52	-51.773	29.487	-26.027	-0.50409	-0.54843	0.52078	0.41687	26.2	null	null	13113	60
2026-05-27T16:14:46.733	WT901BLE68(F3:F0:16:BF:DC:AE)	-0.007	0.944	-0.190	13.184	10.925	16.602	101.49	-6.70	-78.80	-51.773	29.487	-26.027	-0.50409	-0.54843	0.52078	0.41687	26.2	null	null	13113	60
2026-05-27T16:14:46.856	WT901BLE68(F3:F0:16:BF:DC:AE)	-0.119	1.089	-0.126	-0.488	-53.040	12.939	102.13	-7.38	-80.40	-51.773	29.487	-26.027	-0.50409	-0.54843	0.52078	0.41687	26.2	null	null	13113	60
2026-05-27T16:14:46.946	WT901BLE68(F3:F0:16:BF:DC:AE)	0.109	1.125	0.203	-80.933	-23.193	-2.441	97.53	-6.50	-83.56	-51.773	29.487	-26.027	-0.50409	-0.54843	0.52078	0.41687	26.2	null	null	13113	60
2026-05-27T16:14:47.065	WT901BLE68(F3:F0:16:BF:DC:AE)	0.103	1.100	-0.260	-68.848	7.690	-42.114	89.49	-3.89	-82.40	-51.773	29.487	-26.027	-0.50409	-0.54843	0.52078	0.41687	26.2	null	null	13113	60
2026-05-27T16:14:47.157	WT901BLE68(F3:F0:16:BF:DC:AE)	-0.114	0.987	-0.286	-42.725	-86.487	-36.804	84.24	-0.52	-85.85	-48.947	33.927	-22.387	-0.50409	-0.54843	0.52078	0.41687	26.2	null	null	13113	60
2026-05-27T16:14:47.273	WT901BLE68(F3:F0:16:BF:DC:AE)	0.216	0.951	-0.117	-25.085	-145.203	-27.466	82.12	1.20	-98.97	-48.947	33.927	-22.387	-0.50409	-0.54843	0.52078	0.41687	26.2	null	null	13113	60
2026-05-27T16:14:47.333	WT901BLE68(F3:F0:16:BF:DC:AE)	0.286	0.971	0.080	-2.014	-40.710	-19.836	81.91	2.25	-106.22	-48.947	33.927	-22.387	-0.45801	-0.41229	0.50845	0.60135	26.2	null	null	13113	60
2026-05-27T16:14:47.489	WT901BLE68(F3:F0:16:BF:DC:AE)	0.083	0.808	0.104	18.311	-35.583	6.409	83.31	1.62	-107.84	-48.947	33.927	-22.387	-0.45801	-0.41229	0.50845	0.60135	26.2	null	null	13113	60
2026-05-27T16:14:47.542	WT901BLE68(F3:F0:16:BF:DC:AE)	-0.138	1.010	0.378	19.470	-96.985	5.615	85.26	-0.01	-114.53	-48.947	33.927	-22.387	-0.45801	-0.41229	0.50845	0.60135	26.2	null	null	13113	60
2026-05-27T16:14:47.665	WT901BLE68(F3:F0:16:BF:DC:AE)	0.320	0.960	-0.056	61.523	14.343	10.803	88.25	-1.21	-117.67	-48.947	33.927	-22.387	-0.45801	-0.41229	0.50845	0.60135	26.2	null	null	13113	60
2026-05-27T16:14:47.785	WT901BLE68(F3:F0:16:BF:DC:AE)	0.166	0.857	-0.160	45.349	13.367	21.851	92.50	-2.43	-117.02	-48.947	33.927	-22.387	-0.45801	-0.41229	0.50845	0.60135	26.2	null	null	13113	60
2026-05-27T16:14:47.878	WT901BLE68(F3:F0:16:BF:DC:AE)	-0.012	1.067	-0.084	22.339	-55.054	15.198	96.08	-3.59	-119.32	-48.947	33.927	-22.387	-0.45801	-0.41229	0.50845	0.60135	26.2	null	null	13113	60
2026-05-27T16:14:47.964	WT901BLE68(F3:F0:16:BF:DC:AE)	0.163	0.953	-0.242	17.395	1.160	0.793	97.83	-3.60	-119.90	-48.947	33.927	-22.387	-0.45801	-0.41229	0.50845	0.60135	26.2	null	null	13113	60
2026-05-27T16:14:48.084	WT901BLE68(F3:F0:16:BF:DC:AE)	-0.072	1.000	-0.205	9.583	-6.287	0.427	99.37	-3.66	-117.25	-38.220	34.440	-10.793	-0.45801	-0.41229	0.50845	0.60135	26.2	null	null	13113	60
2026-05-27T16:14:48.144	WT901BLE68(F3:F0:16:BF:DC:AE)	0.121	0.992	-0.143	5.493	1.160	0.366	100.13	-3.47	-116.36	-38.220	34.440	-10.793	-0.45801	-0.41229	0.50845	0.60135	26.2	null	null	13113	60
2026-05-27T16:14:48.263	WT901BLE68(F3:F0:16:BF:DC:AE)	0.094	0.977	-0.158	4.639	26.062	-2.258	100.46	-3.67	-112.53	-38.220	34.440	-10.793	-0.36469	-0.39642	0.65738	0.52686	26.2	null	null	13113	60
2026-05-27T16:14:48.355	WT901BLE68(F3:F0:16:BF:DC:AE)	-0.141	1.042	-0.084	5.310	24.292	6.409	100.76	-4.56	-107.80	-38.220	34.440	-10.793	-0.36469	-0.39642	0.65738	0.52686	26.2	null	null	13113	60
2026-05-27T16:14:48.479	WT901BLE68(F3:F0:16:BF:DC:AE)	0.009	0.970	-0.160	2.014	-9.094	9.888	100.92	-5.20	-105.91	-38.220	34.440	-10.793	-0.36469	-0.39642	0.65738	0.52686	26.2	null	null	13113	60
2026-05-27T16:14:48.566	WT901BLE68(F3:F0:16:BF:DC:AE)	0.044	0.999	-0.109	-2.136	-34.180	16.174	100.80	-6.10	-106.64	-38.220	34.440	-10.793	-0.36469	-0.39642	0.65738	0.52686	26.2	null	null	13113	60
2026-05-27T16:14:48.684	WT901BLE68(F3:F0:16:BF:DC:AE)	0.067	1.022	0.054	-38.757	-27.283	-4.028	98.73	-6.04	-107.35	-38.220	34.440	-10.793	-0.36469	-0.39642	0.65738	0.52686	26.2	null	null	13113	60
2026-05-27T16:14:48.777	WT901BLE68(F3:F0:16:BF:DC:AE)	0.252	1.049	-0.148	-60.791	-14.160	-23.804	92.44	-3.88	-107.17	-38.220	34.440	-10.793	-0.36469	-0.39642	0.65738	0.52686	26.2	null	null	13113	60
2026-05-27T16:14:48.896	WT901BLE68(F3:F0:16:BF:DC:AE)	-0.028	1.104	-0.350	-33.813	-12.573	-26.733	88.03	-0.92	-105.04	-38.220	34.440	-10.793	-0.36469	-0.39642	0.65738	0.52686	26.2	null	null	13113	60
2026-05-27T16:14:48.950	WT901BLE68(F3:F0:16:BF:DC:AE)	0.043	0.964	-0.069	-27.344	-77.087	-12.085	85.07	-0.39	-111.48	-38.327	29.007	-2.800	-0.36469	-0.39642	0.65738	0.52686	26.2	null	null	13113	60
2026-05-27T16:14:49.075	WT901BLE68(F3:F0:16:BF:DC:AE)	0.141	0.953	0.133	-24.109	-48.157	-4.700	83.35	-0.20	-117.13	-38.327	29.007	-2.800	-0.36469	-0.39642	0.65738	0.52686	26.2	null	null	13113	60
2026-05-27T16:14:49.165	WT901BLE68(F3:F0:16:BF:DC:AE)	-0.023	0.952	0.227	-20.752	-23.865	-10.193	81.57	-0.29	-118.09	-38.327	29.007	-2.800	-0.38980	-0.33960	0.56674	0.64142	26.2	null	null	13113	60
2026-05-27T16:14:49.313	WT901BLE68(F3:F0:16:BF:DC:AE)	-0.021	0.819	0.012	19.653	-24.597	-6.042	80.93	0.20	-119.00	-38.327	29.007	-2.800	-0.38980	-0.33960	0.56674	0.64142	26.2	null	null	13113	60
2026-05-27T16:14:49.378	WT901BLE68(F3:F0:16:BF:DC:AE)	0.149	1.257	0.047	68.359	-57.678	-8.606	84.51	1.13	-120.71	-38.327	29.007	-2.800	-0.38980	-0.33960	0.56674	0.64142	26.2	null	null	13113	60
2026-05-27T16:14:49.498	WT901BLE68(F3:F0:16:BF:DC:AE)	0.020	1.022	-0.090	61.279	17.212	9.705	90.41	0.70	-121.21	-38.327	29.007	-2.800	-0.38980	-0.33960	0.56674	0.64142	26.2	null	null	13113	60
2026-05-27T16:14:49.552	WT901BLE68(F3:F0:16:BF:DC:AE)	0.034	1.015	-0.090	43.518	-36.560	16.418	96.16	-0.54	-120.23	-38.327	29.007	-2.800	-0.38980	-0.33960	0.56674	0.64142	26.2	null	null	13113	60
2026-05-27T16:14:49.677	WT901BLE68(F3:F0:16:BF:DC:AE)	0.062	1.002	-0.138	21.118	3.723	4.944	99.35	-1.33	-119.84	-38.327	29.007	-2.800	-0.38980	-0.33960	0.56674	0.64142	26.2	null	null	13113	60
2026-05-27T16:14:49.765	WT901BLE68(F3:F0:16:BF:DC:AE)	-0.012	0.987	-0.139	15.686	38.757	1.526	100.93	-1.93	-115.02	-38.327	29.007	-2.800	-0.38980	-0.33960	0.56674	0.64142	26.2	null	null	13113	60
2026-05-27T16:14:49.882	WT901BLE68(F3:F0:16:BF:DC:AE)	-0.044	0.986	-0.230	10.986	5.737	4.150	101.82	-2.49	-109.96	-29.973	31.587	-12.740	-0.38980	-0.33960	0.56674	0.64142	26.2	null	null	13113	60
2026-05-27T16:14:49.974	WT901BLE68(F3:F0:16:BF:DC:AE)	0.046	1.000	-0.149	12.085	-2.075	13.306	102.97	-3.31	-108.30	-29.973	31.587	-12.740	-0.38980	-0.33960	0.56674	0.64142	26.2	null	null	13113	60
2026-05-27T16:14:50.098	WT901BLE68(F3:F0:16:BF:DC:AE)	0.042	0.972	-0.211	7.507	17.578	7.263	103.66	-4.45	-105.49	-29.973	31.587	-12.740	-0.38599	-0.44626	0.64444	0.48627	26.2	null	null	13113	60
2026-05-27T16:14:50.180	WT901BLE68(F3:F0:16:BF:DC:AE)	0.024	0.965	-0.250	12.756	13.123	10.254	104.44	-5.59	-102.15	-29.973	31.587	-12.740	-0.38599	-0.44626	0.64444	0.48627	26.2	null	null	13113	60
2026-05-27T16:14:50.309	WT901BLE68(F3:F0:16:BF:DC:AE)	0.021	1.019	-0.198	13.672	10.681	15.076	105.59	-6.89	-99.84	-29.973	31.587	-12.740	-0.38599	-0.44626	0.64444	0.48627	26.2	null	null	13113	60
2026-05-27T16:14:50.365	WT901BLE68(F3:F0:16:BF:DC:AE)	-0.027	1.090	-0.035	-17.456	0.671	-1.892	105.40	-7.46	-97.86	-29.973	31.587	-12.740	-0.38599	-0.44626	0.64444	0.48627	26.2	null	null	13113	60
2026-05-27T16:14:50.489	WT901BLE68(F3:F0:16:BF:DC:AE)	0.256	1.115	0.118	-81.909	2.563	-5.920	99.86	-6.51	-96.07	-29.973	31.587	-12.740	-0.38599	-0.44626	0.64444	0.48627	26.2	null	null	13113	60
2026-05-27T16:14:50.572	WT901BLE68(F3:F0:16:BF:DC:AE)	-0.060	1.077	-0.361	-72.144	17.822	-36.072	91.46	-5.15	-91.12	-29.973	31.587	-12.740	-0.38599	-0.44626	0.64444	0.48627	26.2	null	null	13113	60
2026-05-27T16:14:50.694	WT901BLE68(F3:F0:16:BF:DC:AE)	0.061	0.965	-0.240	-39.551	-57.312	-31.433	86.01	-1.83	-93.69	-29.973	31.587	-12.740	-0.38599	-0.44626	0.64444	0.48627	26.2	null	null	13113	60
2026-05-27T16:14:50.786	WT901BLE68(F3:F0:16:BF:DC:AE)	0.161	0.987	-0.005	-29.053	-95.581	-20.508	84.16	0.00	-101.68	-33.033	26.547	-7.027	-0.38599	-0.44626	0.64444	0.48627	26.2	null	null	13113	60
2026-05-27T16:14:50.905	WT901BLE68(F3:F0:16:BF:DC:AE)	0.096	0.902	0.052	-9.460	-20.752	-28.137	82.85	1.79	-106.00	-33.033	26.547	-7.027	-0.38599	-0.44626	0.64444	0.48627	26.2	null	null	13113	60
2026-05-27T16:14:50.960	WT901BLE68(F3:F0:16:BF:DC:AE)	0.023	0.844	0.069	2.258	-39.734	-2.563	82.66	2.30	-107.45	-33.033	26.547	-7.027	-0.43771	-0.40771	0.51917	0.61035	26.2	null	null	13113	60
2026-05-27T16:14:51.088	WT901BLE68(F3:F0:16:BF:DC:AE)	-0.140	0.949	0.164	31.128	-11.169	-22.400	84.68	2.79	-108.65	-33.033	26.547	-7.027	-0.43771	-0.40771	0.51917	0.61035	26.2	null	null	13113	60
2026-05-27T16:14:51.175	WT901BLE68(F3:F0:16:BF:DC:AE)	0.058	1.010	0.037	42.419	-65.674	12.878	86.91	3.57	-110.21	-33.033	26.547	-7.027	-0.43771	-0.40771	0.51917	0.61035	26.2	null	null	13113	60
2026-05-27T16:14:51.294	WT901BLE68(F3:F0:16:BF:DC:AE)	0.323	0.916	0.010	32.837	28.503	8.972	89.65	0.56	-114.19	-33.033	26.547	-7.027	-0.43771	-0.40771	0.51917	0.61035	26.2	null	null	13113	60
2026-05-27T16:14:51.388	WT901BLE68(F3:F0:16:BF:DC:AE)	-0.067	0.966	-0.127	36.804	50.171	7.813	93.53	-0.31	-107.48	-33.033	26.547	-7.027	-0.43771	-0.40771	0.51917	0.61035	26.2	null	null	13113	60
2026-05-27T16:14:51.507	WT901BLE68(F3:F0:16:BF:DC:AE)	0.053	0.994	-0.174	21.301	-1.404	8.850	96.47	-1.78	-104.54	-33.033	26.547	-7.027	-0.43771	-0.40771	0.51917	0.61035	26.2	null	null	13113	60
2026-05-27T16:14:51.596	WT901BLE68(F3:F0:16:BF:DC:AE)	0.019	0.979	-0.200	20.142	32.959	5.432	98.47	-2.75	-100.44	-33.033	26.547	-7.027	-0.43771	-0.40771	0.51917	0.61035	26.2	null	null	13113	60
2026-05-27T16:14:51.716	WT901BLE68(F3:F0:16:BF:DC:AE)	0.023	0.984	-0.176	16.785	10.864	10.376	100.23	-3.71	-96.94	-30.733	27.313	-15.133	-0.43771	-0.40771	0.51917	0.61035	26.2	null	null	13113	60
2026-05-27T16:14:51.773	WT901BLE68(F3:F0:16:BF:DC:AE)	0.028	0.991	-0.191	13.367	2.197	10.132	101.68	-4.72	-95.03	-30.733	27.313	-15.133	-0.43771	-0.40771	0.51917	0.61035	26.2	null	null	13113	60
2026-05-27T16:14:51.893	WT901BLE68(F3:F0:16:BF:DC:AE)	0.007	0.984	-0.203	12.146	-4.517	13.611	102.74	-5.58	-93.64	-30.733	27.313	-15.133	-0.45206	-0.50833	0.58911	0.43600	26.2	null	null	13113	60
2026-05-27T16:14:51.985	WT901BLE68(F3:F0:16:BF:DC:AE)	0.062	0.963	-0.218	10.925	-12.390	18.005	103.77	-6.66	-93.54	-30.733	27.313	-15.133	-0.45206	-0.50833	0.58911	0.43600	26.2	null	null	13113	60
2026-05-27T16:14:52.105	WT901BLE68(F3:F0:16:BF:DC:AE)	-0.001	0.993	-0.152	3.784	-0.183	17.334	104.38	-7.82	-92.75	-30.733	27.313	-15.133	-0.45206	-0.50833	0.58911	0.43600	26.2	null	null	13113	60
2026-05-27T16:14:52.196	WT901BLE68(F3:F0:16:BF:DC:AE)	0.138	1.101	-0.106	-15.991	4.456	4.761	103.41	-8.29	-91.55	-30.733	27.313	-15.133	-0.45206	-0.50833	0.58911	0.43600	26.2	null	null	13113	60
2026-05-27T16:14:52.315	WT901BLE68(F3:F0:16:BF:DC:AE)	0.246	0.996	0.018	-70.007	-14.526	-3.845	98.96	-7.96	-89.94	-30.733	27.313	-15.133	-0.45206	-0.50833	0.58911	0.43600	26.2	null	null	13113	60
2026-05-27T16:14:52.372	WT901BLE68(F3:F0:16:BF:DC:AE)	0.162	1.085	-0.125	-60.120	-10.254	-28.503	92.41	-6.31	-89.28	-30.733	27.313	-15.133	-0.45206	-0.50833	0.58911	0.43600	26.2	null	null	13113	60
2026-05-27T16:14:52.498	WT901BLE68(F3:F0:16:BF:DC:AE)	0.101	1.104	-0.276	-46.875	-42.725	-33.508	87.34	-2.65	-89.97	-30.733	27.313	-15.133	-0.45206	-0.50833	0.58911	0.43600	26.2	null	null	13113	60
2026-05-27T16:14:52.581	WT901BLE68(F3:F0:16:BF:DC:AE)	0.080	0.924	-0.184	-20.813	-91.125	-23.254	85.24	-0.21	-95.88	-31.353	22.740	-9.973	-0.45206	-0.50833	0.58911	0.43600	26.2	null	null	13113	60
2026-05-27T16:14:52.706	WT901BLE68(F3:F0:16:BF:DC:AE)	0.135	0.959	0.007	-2.991	-70.923	-17.151	85.10	0.93	-103.22	-31.353	22.740	-9.973	-0.45206	-0.50833	0.58911	0.43600	26.2	null	null	13113	60
2026-05-27T16:14:52.793	WT901BLE68(F3:F0:16:BF:DC:AE)	0.142	1.036	0.211	7.935	-51.575	-3.967	86.28	0.91	-106.94	-31.353	22.740	-9.973	-0.44098	-0.41730	0.53479	0.58762	26.2	null	null	13113	60
2026-05-27T16:14:52.916	WT901BLE68(F3:F0:16:BF:DC:AE)	-0.029	0.739	-0.019	41.077	-75.256	15.320	87.75	0.91	-112.90	-31.353	22.740	-9.973	-0.44098	-0.41730	0.53479	0.58762	26.2	null	null	13113	60
2026-05-27T16:14:53.003	WT901BLE68(F3:F0:16:BF:DC:AE)	0.179	1.155	-0.169	59.631	-10.498	19.104	92.91	-1.81	-114.28	-31.353	22.740	-9.973	-0.44098	-0.41730	0.53479	0.58762	26.2	null	null	13113	60
2026-05-27T16:14:53.125	WT901BLE68(F3:F0:16:BF:DC:AE)	-0.047	1.031	-0.237	36.560	18.799	8.240	96.91	-3.72	-111.30	-31.353	22.740	-9.973	-0.44098	-0.41730	0.53479	0.58762	26.2	null	null	13113	60
2026-05-27T16:14:53.183	WT901BLE68(F3:F0:16:BF:DC:AE)	0.083	0.978	-0.202	18.311	1.831	1.953	99.18	-4.55	-106.53	-31.353	22.740	-9.973	-0.44098	-0.41730	0.53479	0.58762	26.2	null	null	13113	60
2026-05-27T16:14:53.307	WT901BLE68(F3:F0:16:BF:DC:AE)	0.143	0.948	-0.237	20.325	9.338	7.813	100.74	-4.89	-103.87	-31.353	22.740	-9.973	-0.44098	-0.41730	0.53479	0.58762	26.2	null	null	13113	60
2026-05-27T16:14:53.394	WT901BLE68(F3:F0:16:BF:DC:AE)	-0.006	0.991	-0.176	17.273	-2.563	12.451	102.77	-5.98	-101.41	-31.353	22.740	-9.973	-0.44098	-0.41730	0.53479	0.58762	26.2	null	null	13113	60
2026-05-27T16:14:53.516	WT901BLE68(F3:F0:16:BF:DC:AE)	0.111	0.968	-0.243	13.306	-10.498	12.695	104.32	-6.72	-100.45	-23.847	23.033	-16.633	-0.44098	-0.41730	0.53479	0.58762	26.2	null	null	13113	60
2026-05-27T16:14:53.604	WT901BLE68(F3:F0:16:BF:DC:AE)	0.146	0.962	-0.229	10.193	-6.042	10.681	105.55	-7.38	-99.24	-23.847	23.033	-16.633	-0.44098	-0.41730	0.53479	0.58762	26.2	null	null	13113	60
2026-05-27T16:14:53.724	WT901BLE68(F3:F0:16:BF:DC:AE)	0.112	0.944	-0.232	15.381	23.682	14.404	106.57	-8.82	-96.30	-23.847	23.033	-16.633	-0.43323	-0.48883	0.62967	0.42044	26.2	null	null	13113	60
2026-05-27T16:14:53.785	WT901BLE68(F3:F0:16:BF:DC:AE)	-0.025	1.018	-0.242	12.268	11.780	16.541	107.58	-10.76	-92.93	-23.847	23.033	-16.633	-0.43323	-0.48883	0.62967	0.42044	26.2	null	null	13113	60
2026-05-27T16:14:53.906	WT901BLE68(F3:F0:16:BF:DC:AE)	0.412	1.114	-0.072	-26.733	38.025	-8.972	106.22	-11.04	-88.93	-23.847	23.033	-16.633	-0.43323	-0.48883	0.62967	0.42044	26.2	null	null	13113	60
2026-05-27T16:14:53.993	WT901BLE68(F3:F0:16:BF:DC:AE)	0.063	0.948	-0.065	-37.659	37.964	-25.940	100.61	-10.85	-81.83	-23.847	23.033	-16.633	-0.43323	-0.48883	0.62967	0.42044	26.2	null	null	13113	60
2026-05-27T16:14:54.119	WT901BLE68(F3:F0:16:BF:DC:AE)	0.163	1.021	-0.163	-62.744	15.686	-17.822	94.10	-9.34	-80.06	-23.847	23.033	-16.633	-0.43323	-0.48883	0.62967	0.42044	26.2	null	null	13113	60
2026-05-27T16:14:54.206	WT901BLE68(F3:F0:16:BF:DC:AE)	-0.010	1.046	-0.228	-33.203	2.197	-26.428	89.80	-7.00	-78.45	-23.847	23.033	-16.633	-0.43323	-0.48883	0.62967	0.42044	26.2	null	null	13113	60
2026-05-27T16:14:54.325	WT901BLE68(F3:F0:16:BF:DC:AE)	0.116	0.928	-0.120	-21.729	-91.003	-29.785	88.22	-3.91	-85.17	-23.847	23.033	-16.633	-0.43323	-0.48883	0.62967	0.42044	26.2	null	null	13113	60
2026-05-27T16:14:54.383	WT901BLE68(F3:F0:16:BF:DC:AE)	0.123	1.000	-0.014	-4.456	-49.438	-26.184	88.15	-1.75	-91.41	-22.293	17.607	-6.887	-0.43323	-0.48883	0.62967	0.42044	26.2	null	null	13113	60
2026-05-27T16:14:54.531	WT901BLE68(F3:F0:16:BF:DC:AE)	0.081	1.076	0.103	-22.949	-65.063	-30.334	87.19	0.67	-96.04	-22.293	17.607	-6.887	-0.43323	-0.48883	0.62967	0.42044	26.2	null	null	13113	60
2026-05-27T16:14:54.592	WT901BLE68(F3:F0:16:BF:DC:AE)	0.134	0.903	0.056	-18.433	-11.841	-14.038	84.92	2.02	-98.62	-22.293	17.607	-6.887	-0.47098	-0.45151	0.50806	0.56219	26.2	null	null	13113	60
2026-05-27T16:14:54.719	WT901BLE68(F3:F0:16:BF:DC:AE)	-0.051	0.818	0.026	5.859	-25.024	-8.484	84.52	2.54	-98.77	-22.293	17.607	-6.887	-0.47098	-0.45151	0.50806	0.56219	26.2	null	null	13113	60
2026-05-27T16:14:54.803	WT901BLE68(F3:F0:16:BF:DC:AE)	-0.072	1.049	0.301	24.902	-35.583	-5.859	86.33	3.09	-100.51	-22.293	17.607	-6.887	-0.47098	-0.45151	0.50806	0.56219	26.2	null	null	13113	60
2026-05-27T16:14:54.926	WT901BLE68(F3:F0:16:BF:DC:AE)	0.063	1.411	0.043	44.800	-82.581	53.406	89.09	1.48	-103.49	-22.293	17.607	-6.887	-0.47098	-0.45151	0.50806	0.56219	26.2	null	null	13113	60
2026-05-27T16:14:55.014	WT901BLE68(F3:F0:16:BF:DC:AE)	-0.045	1.001	-0.217	44.312	26.123	5.371	92.59	-0.59	-102.95	-22.293	17.607	-6.887	-0.47098	-0.45151	0.50806	0.56219	26.2	null	null	13113	60
2026-05-27T16:14:55.136	WT901BLE68(F3:F0:16:BF:DC:AE)	0.004	0.973	-0.223	27.771	-9.033	9.949	95.98	-1.63	-98.48	-22.293	17.607	-6.887	-0.47098	-0.45151	0.50806	0.56219	26.2	null	null	13113	60
2026-05-27T16:14:55.199	WT901BLE68(F3:F0:16:BF:DC:AE)	0.047	0.989	-0.178	22.522	39.856	4.700	98.44	-2.53	-93.94	-22.293	17.607	-6.887	-0.47098	-0.45151	0.50806	0.56219	26.2	null	null	13113	60
2026-05-27T16:14:55.315	WT901BLE68(F3:F0:16:BF:DC:AE)	-0.021	0.978	-0.206	18.372	19.226	8.667	100.23	-3.54	-88.02	-13.060	17.333	-16.800	-0.47098	-0.45151	0.50806	0.56219	26.2	null	null	13113	60
2026-05-27T16:14:55.404	WT901BLE68(F3:F0:16:BF:DC:AE)	0.048	0.986	-0.208	18.188	5.310	11.841	101.95	-4.56	-85.01	-13.060	17.333	-16.800	-0.47098	-0.45151	0.50806	0.56219	26.2	null	null	13113	60
2026-05-27T16:14:55.527	WT901BLE68(F3:F0:16:BF:DC:AE)	0.040	0.975	-0.220	13.489	3.601	11.658	103.25	-5.53	-82.44	-13.060	17.333	-16.800	-0.48624	-0.55908	0.54221	0.39609	26.2	null	null	13113	60
2026-05-27T16:14:55.614	WT901BLE68(F3:F0:16:BF:DC:AE)	0.037	0.971	-0.167	11.719	9.644	14.526	104.28	-6.84	-79.98	-13.060	17.333	-16.800	-0.48624	-0.55908	0.54221	0.39609	26.2	null	null	13113	60
2026-05-27T16:14:55.734	WT901BLE68(F3:F0:16:BF:DC:AE)	-0.015	0.995	-0.206	10.498	15.991	14.832	105.01	-8.39	-76.81	-13.060	17.333	-16.800	-0.48624	-0.55908	0.54221	0.39609	26.2	null	null	13113	60
2026-05-27T16:14:55.796	WT901BLE68(F3:F0:16:BF:DC:AE)	0.232	1.153	-0.168	0.000	9.888	8.240	105.28	-9.68	-73.36	-13.060	17.333	-16.800	-0.48624	-0.55908	0.54221	0.39609	26.2	null	null	13113	60
2026-05-27T16:14:55.947	WT901BLE68(F3:F0:16:BF:DC:AE)	0.039	1.027	-0.040	-36.865	39.246	-14.038	102.37	-10.23	-68.81	-13.060	17.333	-16.800	-0.48624	-0.55908	0.54221	0.39609	26.2	null	null	13113	60
2026-05-27T16:14:56.003	WT901BLE68(F3:F0:16:BF:DC:AE)	0.068	1.000	-0.161	-61.279	41.992	-33.569	95.89	-8.63	-63.74	-13.060	17.333	-16.800	-0.48624	-0.55908	0.54221	0.39609	26.2	null	null	13113	60
2026-05-27T16:14:56.124	WT901BLE68(F3:F0:16:BF:DC:AE)	0.097	0.962	-0.283	-45.654	-15.442	-30.701	90.49	-5.05	-61.30	-13.060	17.333	-16.800	-0.48624	-0.55908	0.54221	0.39609	26.2	null	null	13113	60
2026-05-27T16:14:56.210	WT901BLE68(F3:F0:16:BF:DC:AE)	0.046	1.058	-0.048	-27.405	-64.636	-41.687	88.06	-1.65	-65.13	-9.933	15.293	-11.627	-0.48624	-0.55908	0.54221	0.39609	26.2	null	null	13113	60
2026-05-27T16:14:56.331	WT901BLE68(F3:F0:16:BF:DC:AE)	0.181	1.049	0.093	-34.241	-55.542	-29.480	85.44	1.47	-70.92	-9.933	15.293	-11.627	-0.48624	-0.55908	0.54221	0.39609	26.2	null	null	13113	60
2026-05-27T16:14:56.423	WT901BLE68(F3:F0:16:BF:DC:AE)	0.131	0.827	0.055	-22.034	0.732	-4.272	82.72	2.33	-71.67	-9.933	15.293	-11.627	-0.59341	-0.54977	0.38193	0.44678	26.2	null	null	13113	60
2026-05-27T16:14:56.548	WT901BLE68(F3:F0:16:BF:DC:AE)	-0.133	0.893	0.041	16.479	10.376	-2.136	82.88	2.05	-69.25	-9.933	15.293	-11.627	-0.59341	-0.54977	0.38193	0.44678	26.2	null	null	13113	60
2026-05-27T16:14:56.604	WT901BLE68(F3:F0:16:BF:DC:AE)	-0.241	1.021	0.524	11.353	-19.409	-27.954	84.28	4.09	-66.21	-9.933	15.293	-11.627	-0.59341	-0.54977	0.38193	0.44678	26.2	null	null	13113	60
2026-05-27T16:14:56.726	WT901BLE68(F3:F0:16:BF:DC:AE)	-0.084	1.112	0.077	44.495	-35.339	14.893	86.20	4.66	-65.72	-9.933	15.293	-11.627	-0.59341	-0.54977	0.38193	0.44678	26.2	null	null	13113	60
2026-05-27T16:14:56.814	WT901BLE68(F3:F0:16:BF:DC:AE)	0.144	0.818	-0.217	29.785	61.279	-4.639	88.03	4.35	-64.54	-9.933	15.293	-11.627	-0.59341	-0.54977	0.38193	0.44678	26.2	null	null	13113	60
2026-05-27T16:14:56.937	WT901BLE68(F3:F0:16:BF:DC:AE)	-0.187	0.994	-0.190	38.635	-22.766	23.499	93.00	3.30	-58.81	-9.933	15.293	-11.627	-0.59341	-0.54977	0.38193	0.44678	26.2	null	null	13113	60
2026-05-27T16:14:57.025	WT901BLE68(F3:F0:16:BF:DC:AE)	-0.004	0.993	-0.142	29.541	45.776	9.338	96.14	1.88	-57.00	-9.933	15.293	-11.627	-0.59341	-0.54977	0.38193	0.44678	26.2	null	null	13113	60
2026-05-27T16:14:57.145	WT901BLE68(F3:F0:16:BF:DC:AE)	-0.123	0.973	-0.201	17.700	26.794	7.324	98.66	0.42	-50.75	-9.227	19.360	-19.573	-0.59341	-0.54977	0.38193	0.44678	26.2	null	null	13113	60
2026-05-27T16:14:57.205	WT901BLE68(F3:F0:16:BF:DC:AE)	0.015	0.971	-0.207	20.325	7.263	13.000	100.42	-0.70	-48.28	-9.227	19.360	-19.573	-0.59341	-0.54977	0.38193	0.44678	26.2	null	null	13113	60
2026-05-27T16:14:57.356	WT901BLE68(F3:F0:16:BF:DC:AE)	-0.053	0.972	-0.241	29.358	6.531	26.733	102.94	-2.60	-46.38	-9.227	19.360	-19.573	-0.58386	-0.70505	0.31747	0.24716	26.2	null	null	13113	60
2026-05-27T16:14:57.412	WT901BLE68(F3:F0:16:BF:DC:AE)	-0.004	1.013	-0.120	22.644	12.634	28.015	105.64	-5.21	-45.35	-9.227	19.360	-19.573	-0.58386	-0.70505	0.31747	0.24716	26.2	null	null	13113	60
2026-05-27T16:14:57.538	WT901BLE68(F3:F0:16:BF:DC:AE)	-0.115	1.058	-0.169	-6.348	25.391	13.245	105.50	-7.80	-41.62	-9.227	19.360	-19.573	-0.58386	-0.70505	0.31747	0.24716	26.2	null	null	13113	60
2026-05-27T16:14:57.624	WT901BLE68(F3:F0:16:BF:DC:AE)	0.052	1.039	-0.109	-22.339	34.302	-3.967	103.38	-8.33	-37.32	-9.227	19.360	-19.573	-0.58386	-0.70505	0.31747	0.24716	26.2	null	null	13113	60
2026-05-27T16:14:57.749	WT901BLE68(F3:F0:16:BF:DC:AE)	0.156	1.163	0.046	-66.345	13.306	-11.780	98.45	-7.30	-33.64	-9.227	19.360	-19.573	-0.58386	-0.70505	0.31747	0.24716	26.2	null	null	13113	60
2026-05-27T16:14:57.838	WT901BLE68(F3:F0:16:BF:DC:AE)	0.276	1.090	-0.085	-68.787	24.109	-40.344	90.64	-4.45	-31.81	-9.227	19.360	-19.573	-0.58386	-0.70505	0.31747	0.24716	26.2	null	null	13113	60
2026-05-27T16:14:57.957	WT901BLE68(F3:F0:16:BF:DC:AE)	0.081	0.990	-0.192	-51.270	2.747	-41.321	85.03	-0.40	-29.92	-9.227	19.360	-19.573	-0.58386	-0.70505	0.31747	0.24716	26.2	null	null	13113	60
2026-05-27T16:14:58.010	WT901BLE68(F3:F0:16:BF:DC:AE)	0.081	0.879	-0.062	-24.719	-62.683	-34.302	82.67	2.89	-34.62	-8.680	16.847	-9.653	-0.58386	-0.70505	0.31747	0.24716	26.2	null	null	13113	60
2026-05-27T16:14:58.133	WT901BLE68(F3:F0:16:BF:DC:AE)	0.202	0.839	0.034	6.958	-24.231	-12.329	82.29	3.81	-39.96	-8.680	16.847	-9.653	-0.58386	-0.70505	0.31747	0.24716	26.2	null	null	13113	60
2026-05-27T16:14:58.221	WT901BLE68(F3:F0:16:BF:DC:AE)	-0.205	0.922	0.169	29.236	9.583	-1.282	85.04	3.34	-38.87	-8.680	16.847	-9.653	-0.69608	-0.63040	0.20383	0.27643	26.2	null	null	13113	60
2026-05-27T16:14:58.347	WT901BLE68(F3:F0:16:BF:DC:AE)	-0.242	1.095	0.584	-4.700	9.216	-8.850	86.68	5.41	-36.51	-8.680	16.847	-9.653	-0.69608	-0.63040	0.20383	0.27643	26.2	null	null	13113	60
2026-05-27T16:14:58.437	WT901BLE68(F3:F0:16:BF:DC:AE)	0.024	1.048	-0.132	37.109	-15.930	25.269	87.56	4.25	-37.01	-8.680	16.847	-9.653	-0.69608	-0.63040	0.20383	0.27643	26.2	null	null	13113	60
2026-05-27T16:14:58.553	WT901BLE68(F3:F0:16:BF:DC:AE)	0.094	0.919	-0.270	45.898	36.316	18.005	90.99	2.32	-35.29	-8.680	16.847	-9.653	-0.69608	-0.63040	0.20383	0.27643	26.2	null	null	13113	60
2026-05-27T16:14:58.614	WT901BLE68(F3:F0:16:BF:DC:AE)	-0.162	1.053	-0.019	33.508	29.419	19.104	95.22	0.19	-31.89	-8.680	16.847	-9.653	-0.69608	-0.63040	0.20383	0.27643	26.2	null	null	13113	60
2026-05-27T16:14:58.768	WT901BLE68(F3:F0:16:BF:DC:AE)	0.025	0.955	-0.222	20.508	35.156	9.033	97.22	-1.03	-28.38	-8.680	16.847	-9.653	-0.69608	-0.63040	0.20383	0.27643	26.2	null	null	13113	60
2026-05-27T16:14:58.823	WT901BLE68(F3:F0:16:BF:DC:AE)	0.004	0.974	-0.178	15.625	10.010	10.986	98.96	-2.32	-26.30	-8.680	16.847	-9.653	-0.69608	-0.63040	0.20383	0.27643	26.2	null	null	13113	60
2026-05-27T16:14:58.945	WT901BLE68(F3:F0:16:BF:DC:AE)	0.042	0.983	-0.187	15.930	21.240	8.850	100.45	-3.55	-24.87	-6.733	18.860	-16.567	-0.69608	-0.63040	0.20383	0.27643	26.2	null	null	13113	60
2026-05-27T16:14:59.034	WT901BLE68(F3:F0:16:BF:DC:AE)	0.012	0.987	-0.175	9.094	14.832	7.996	101.46	-4.51	-23.63	-6.733	18.860	-16.567	-0.69608	-0.63040	0.20383	0.27643	26.2	null	null	13113	60
2026-05-27T16:14:59.154	WT901BLE68(F3:F0:16:BF:DC:AE)	0.028	0.991	-0.141	6.226	14.099	10.742	101.98	-5.55	-22.30	-6.733	18.860	-16.567	-0.62430	-0.75439	0.18085	0.09122	26.2	null	null	13113	60
2026-05-27T16:14:59.245	WT901BLE68(F3:F0:16:BF:DC:AE)	-0.013	0.984	-0.162	0.122	4.333	9.338	102.08	-6.49	-21.82	-6.733	18.860	-16.567	-0.62430	-0.75439	0.18085	0.09122	26.2	null	null	13113	60
2026-05-27T16:14:59.366	WT901BLE68(F3:F0:16:BF:DC:AE)	-0.052	0.994	-0.179	-2.258	17.578	9.583	101.79	-7.35	-20.68	-6.733	18.860	-16.567	-0.62430	-0.75439	0.18085	0.09122	26.2	null	null	13113	60
2026-05-27T16:14:59.424	WT901BLE68(F3:F0:16:BF:DC:AE)	0.177	1.052	-0.119	-7.568	20.081	8.118	101.13	-8.17	-19.17	-6.733	18.860	-16.567	-0.62430	-0.75439	0.18085	0.09122	26.2	null	null	13113	60
2026-05-27T16:14:59.547	WT901BLE68(F3:F0:16:BF:DC:AE)	0.130	1.030	0.049	-49.133	21.606	-12.268	98.16	-7.91	-17.51	-6.733	18.860	-16.567	-0.62430	-0.75439	0.18085	0.09122	26.2	null	null	13113	60
2026-05-27T16:14:59.636	WT901BLE68(F3:F0:16:BF:DC:AE)	0.144	1.033	-0.080	-48.584	19.348	-27.832	92.60	-6.05	-15.82	-6.733	18.860	-16.567	-0.62430	-0.75439	0.18085	0.09122	26.2	null	null	13113	60
2026-05-27T16:14:59.758	WT901BLE68(F3:F0:16:BF:DC:AE)	0.141	0.941	-0.157	-36.865	14.404	-30.884	88.51	-3.07	-14.47	-6.733	18.860	-16.567	-0.62430	-0.75439	0.18085	0.09122	26.2	null	null	13113	60
2026-05-27T16:14:59.844	WT901BLE68(F3:F0:16:BF:DC:AE)	0.006	0.994	-0.027	-20.569	-51.636	-30.396	86.64	-0.82	-18.89	-6.260	15.407	-9.707	-0.62430	-0.75439	0.18085	0.09122	26.2	null	null	13113	60
2026-05-27T16:14:59.965	WT901BLE68(F3:F0:16:BF:DC:AE)	0.196	0.948	0.049	-20.691	-37.415	-9.094	84.89	0.30	-25.44	-6.260	15.407	-9.707	-0.62430	-0.75439	0.18085	0.09122	26.2	null	null	13113	60
2026-05-27T16:15:00.022	WT901BLE68(F3:F0:16:BF:DC:AE)	0.114	0.916	0.068	-2.502	24.719	-1.282	84.30	0.02	-26.00	-6.260	15.407	-9.707	-0.72073	-0.65408	0.15320	0.17068	26.2	null	null	13113	60
2026-05-27T16:15:00.178	WT901BLE68(F3:F0:16:BF:DC:AE)	-0.198	0.900	0.005	20.508	-6.042	-10.071	85.29	0.32	-24.96	-6.260	15.407	-9.707	-0.72073	-0.65408	0.15320	0.17068	26.2	null	null	13113	60
2026-05-27T16:15:00.236	WT901BLE68(F3:F0:16:BF:DC:AE)	-0.067	1.036	0.373	18.250	-30.579	3.052	87.41	1.35	-26.56	-6.260	15.407	-9.707	-0.72073	-0.65408	0.15320	0.17068	26.2	null	null	13113	60
2026-05-27T16:15:00.357	WT901BLE68(F3:F0:16:BF:DC:AE)	-0.001	1.251	0.065	43.701	-24.963	23.376	89.91	-0.02	-28.57	-6.260	15.407	-9.707	-0.72073	-0.65408	0.15320	0.17068	26.2	null	null	13113	60
2026-05-27T16:15:00.444	WT901BLE68(F3:F0:16:BF:DC:AE)	-0.081	1.035	-0.159	40.771	37.964	7.996	93.35	-0.73	-24.77	-6.260	15.407	-9.707	-0.72073	-0.65408	0.15320	0.17068	26.2	null	null	13113	60
2026-05-27T16:15:00.567	WT901BLE68(F3:F0:16:BF:DC:AE)	-0.034	0.997	-0.185	22.827	12.024	5.737	96.53	-1.68	-22.80	-6.260	15.407	-9.707	-0.72073	-0.65408	0.15320	0.17068	26.2	null	null	13113	60
2026-05-27T16:15:00.654	WT901BLE68(F3:F0:16:BF:DC:AE)	0.045	0.964	-0.273	20.935	51.697	5.493	98.62	-2.65	-19.97	-6.260	15.407	-9.707	-0.72073	-0.65408	0.15320	0.17068	26.2	null	null	13113	60
2026-05-27T16:15:00.773	WT901BLE68(F3:F0:16:BF:DC:AE)	-0.047	0.974	-0.217	14.709	19.958	10.010	100.27	-3.55	-16.74	-5.747	18.860	-17.553	-0.72073	-0.65408	0.15320	0.17068	26.2	null	null	13113	60
2026-05-27T16:15:00.834	WT901BLE68(F3:F0:16:BF:DC:AE)	0.073	0.973	-0.209	12.756	12.512	11.719	101.63	-4.43	-16.66	-5.747	18.860	-17.553	-0.72073	-0.65408	0.15320	0.17068	26.2	null	null	13113	60
2026-05-27T16:15:00.950	WT901BLE68(F3:F0:16:BF:DC:AE)	0.011	0.981	-0.152	5.798	7.263	13.306	102.56	-5.60	-15.83	-5.747	18.860	-17.553	-0.62799	-0.76373	0.13669	0.05981	26.2	null	null	13113	60
2026-05-27T16:15:01.043	WT901BLE68(F3:F0:16:BF:DC:AE)	0.002	0.994	-0.136	3.662	2.625	16.724	103.06	-6.89	-15.51	-5.747	18.860	-17.553	-0.62799	-0.76373	0.13669	0.05981	26.2	null	null	13113	60
2026-05-27T16:15:01.169	WT901BLE68(F3:F0:16:BF:DC:AE)	-0.068	1.016	-0.029	-14.771	15.015	3.784	102.37	-7.63	-14.96	-5.747	18.860	-17.553	-0.62799	-0.76373	0.13669	0.05981	26.2	null	null	13113	60
2026-05-27T16:15:01.260	WT901BLE68(F3:F0:16:BF:DC:AE)	-0.026	1.335	0.037	-40.955	25.085	-27.344	99.06	-7.01	-11.96	-5.747	18.860	-17.553	-0.62799	-0.76373	0.13669	0.05981	26.2	null	null	13113	60
2026-05-27T16:15:01.376	WT901BLE68(F3:F0:16:BF:DC:AE)	0.147	1.104	-0.124	-69.214	11.902	-36.865	91.47	-4.38	-10.76	-5.747	18.860	-17.553	-0.62799	-0.76373	0.13669	0.05981	26.2	null	null	13113	60
2026-05-27T16:15:01.436	WT901BLE68(F3:F0:16:BF:DC:AE)	0.172	1.006	-0.211	-58.655	-17.273	-34.607	85.61	-0.73	-11.82	-5.747	18.860	-17.553	-0.62799	-0.76373	0.13669	0.05981	26.2	null	null	13113	60
2026-05-27T16:15:01.557	WT901BLE68(F3:F0:16:BF:DC:AE)	0.013	0.919	-0.015	-29.358	-37.781	-32.104	82.24	1.99	-15.34	-5.747	18.860	-17.553	-0.62799	-0.76373	0.13669	0.05981	26.2	null	null	13113	60
2026-05-27T16:15:01.642	WT901BLE68(F3:F0:16:BF:DC:AE)	0.121	0.909	0.068	-17.883	-30.884	-16.602	80.10	2.93	-21.63	-5.120	19.080	-8.833	-0.62799	-0.76373	0.13669	0.05981	26.2	null	null	13113	60
2026-05-27T16:15:01.765	WT901BLE68(F3:F0:16:BF:DC:AE)	0.008	0.831	0.110	14.526	18.433	7.751	79.91	3.20	-22.45	-5.120	19.080	-8.833	-0.62799	-0.76373	0.13669	0.05981	26.2	null	null	13113	60
2026-05-27T16:15:01.855	WT901BLE68(F3:F0:16:BF:DC:AE)	-0.256	1.019	0.203	26.367	-47.546	-1.648	82.30	1.57	-23.55	-5.120	19.080	-8.833	-0.74432	-0.63907	0.10800	0.16064	26.2	null	null	13113	60
2026-05-27T16:15:01.975	WT901BLE68(F3:F0:16:BF:DC:AE)	0.283	0.862	0.089	36.316	-33.936	-1.587	83.51	1.51	-29.75	-5.120	19.080	-8.833	-0.74432	-0.63907	0.10800	0.16064	26.2	null	null	13113	60
2026-05-27T16:15:02.065	WT901BLE68(F3:F0:16:BF:DC:AE)	0.296	1.187	0.054	29.236	45.044	3.723	87.25	-0.09	-29.92	-5.120	19.080	-8.833	-0.74432	-0.63907	0.10800	0.16064	26.2	null	null	13113	60
2026-05-27T16:15:02.186	WT901BLE68(F3:F0:16:BF:DC:AE)	-0.215	0.964	-0.064	33.203	16.418	14.526	91.48	-0.90	-24.38	-5.120	19.080	-8.833	-0.74432	-0.63907	0.10800	0.16064	26.2	null	null	13113	60
2026-05-27T16:15:02.246	WT901BLE68(F3:F0:16:BF:DC:AE)	0.082	1.001	-0.090	21.912	-29.846	11.658	94.81	-2.42	-25.33	-5.120	19.080	-8.833	-0.74432	-0.63907	0.10800	0.16064	26.2	null	null	13113	60
2026-05-27T16:15:02.367	WT901BLE68(F3:F0:16:BF:DC:AE)	0.028	0.961	-0.138	18.066	18.616	5.188	96.80	-2.96	-23.88	-5.120	19.080	-8.833	-0.74432	-0.63907	0.10800	0.16064	26.2	null	null	13113	60
2026-05-27T16:15:02.451	WT901BLE68(F3:F0:16:BF:DC:AE)	0.005	0.963	-0.215	21.240	-5.188	12.085	98.76	-3.83	-21.84	-5.120	19.080	-8.833	-0.74432	-0.63907	0.10800	0.16064	26.2	null	null	13113	60
2026-05-27T16:15:02.572	WT901BLE68(F3:F0:16:BF:DC:AE)	-0.038	1.012	-0.112	16.113	-4.883	13.000	100.81	-4.84	-21.30	0.713	19.740	-24.373	-0.74432	-0.63907	0.10800	0.16064	26.2	null	null	13113	60
2026-05-27T16:15:02.665	WT901BLE68(F3:F0:16:BF:DC:AE)	0.024	0.998	-0.062	9.583	7.141	7.568	101.83	-5.67	-19.95	0.713	19.740	-24.373	-0.74432	-0.63907	0.10800	0.16064	26.2	null	null	13113	60
2026-05-27T16:15:02.786	WT901BLE68(F3:F0:16:BF:DC:AE)	-0.128	0.977	-0.179	-2.014	16.357	3.052	101.61	-6.19	-16.80	0.713	19.740	-24.373	-0.62717	-0.75934	0.16043	0.06506	26.2	null	null	13113	60
2026-05-27T16:15:02.842	WT901BLE68(F3:F0:16:BF:DC:AE)	-0.024	1.178	-0.055	-24.353	-6.409	-10.315	99.76	-5.30	-15.57	0.713	19.740	-24.373	-0.62717	-0.75934	0.16043	0.06506	26.2	null	null	13113	60
2026-05-27T16:15:02.964	WT901BLE68(F3:F0:16:BF:DC:AE)	-0.003	1.081	-0.022	-77.759	-10.498	-19.714	93.38	-3.73	-16.01	0.713	19.740	-24.373	-0.62717	-0.75934	0.16043	0.06506	26.2	null	null	13113	60
2026-05-27T16:15:03.056	WT901BLE68(F3:F0:16:BF:DC:AE)	-0.021	0.490	-0.138	-63.843	-20.020	-37.292	86.28	-0.77	-16.06	0.713	19.740	-24.373	-0.62717	-0.75934	0.16043	0.06506	26.2	null	null	13113	60
2026-05-27T16:15:03.207	WT901BLE68(F3:F0:16:BF:DC:AE)	-0.114	0.875	-0.107	-23.376	-72.693	-34.424	82.57	2.53	-19.56	0.713	19.740	-24.373	-0.62717	-0.75934	0.16043	0.06506	26.2	null	null	13113	60
2026-05-27T16:15:03.264	WT901BLE68(F3:F0:16:BF:DC:AE)	0.123	0.931	-0.007	-12.024	-113.647	-18.005	80.96	3.39	-29.92	0.713	19.740	-24.373	-0.62717	-0.75934	0.16043	0.06506	26.2	null	null	13113	60
2026-05-27T16:15:03.385	WT901BLE68(F3:F0:16:BF:DC:AE)	0.125	0.843	0.112	10.010	-25.391	3.540	81.43	2.95	-34.72	0.713	19.740	-24.373	-0.62717	-0.75934	0.16043	0.06506	26.2	null	null	13113	60
2026-05-27T16:15:03.476	WT901BLE68(F3:F0:16:BF:DC:AE)	-0.186	0.995	0.256	4.700	-91.370	14.465	82.96	0.38	-37.89	-0.227	24.413	-26.753	-0.62717	-0.75934	0.16043	0.06506	26.2	null	null	13113	60
2026-05-27T16:15:03.596	WT901BLE68(F3:F0:16:BF:DC:AE)	0.093	1.043	0.408	22.522	-65.491	-2.625	85.14	-1.32	-45.49	-0.227	24.413	-26.753	-0.62717	-0.75934	0.16043	0.06506	26.2	null	null	13113	60
2026-05-27T16:15:03.655	WT901BLE68(F3:F0:16:BF:DC:AE)	0.075	1.145	0.113	27.527	-65.857	3.723	89.25	-2.82	-45.30	-0.227	24.413	-26.753	-0.67368	-0.63452	0.27206	0.26343	26.2	null	null	13113	60
2026-05-27T16:15:03.775	WT901BLE68(F3:F0:16:BF:DC:AE)	-0.141	1.040	-0.088	28.320	-18.372	6.226	93.67	-3.91	-44.37	-0.227	24.413	-26.753	-0.67368	-0.63452	0.27206	0.26343	26.2	null	null	13113	60
2026-05-27T16:15:03.863	WT901BLE68(F3:F0:16:BF:DC:AE)	0.104	0.973	-0.145	19.897	7.141	3.845	95.82	-4.02	-42.75	-0.227	24.413	-26.753	-0.67368	-0.63452	0.27206	0.26343	26.2	null	null	13113	60
2026-05-27T16:15:03.986	WT901BLE68(F3:F0:16:BF:DC:AE)	-0.003	0.988	-0.174	20.264	-10.315	8.728	97.78	-4.52	-40.67	-0.227	24.413	-26.753	-0.67368	-0.63452	0.27206	0.26343	26.2	null	null	13113	60
2026-05-27T16:15:04.074	WT901BLE68(F3:F0:16:BF:DC:AE)	0.057	0.987	-0.181	12.817	-38.696	11.963	99.62	-5.06	-41.56	-0.227	24.413	-26.753	-0.67368	-0.63452	0.27206	0.26343	26.2	null	null	13113	60
2026-05-27T16:15:04.197	WT901BLE68(F3:F0:16:BF:DC:AE)	0.025	1.007	-0.170	9.399	-21.179	10.620	100.98	-5.59	-41.80	-0.227	24.413	-26.753	-0.67368	-0.63452	0.27206	0.26343	26.2	null	null	13113	60
2026-05-27T16:15:04.254	WT901BLE68(F3:F0:16:BF:DC:AE)	0.042	1.012	-0.069	1.465	-7.751	5.188	101.42	-5.78	-41.00	-0.227	24.413	-26.753	-0.67368	-0.63452	0.27206	0.26343	26.2	null	null	13113	60
2026-05-27T16:15:04.405	WT901BLE68(F3:F0:16:BF:DC:AE)	-0.144	1.047	-0.041	-25.818	-40.039	-2.319	100.29	-5.60	-39.98	0.727	14.467	-50.920	-0.67368	-0.63452	0.27206	0.26343	26.2	null	null	13113	60
2026-05-27T16:15:04.464	WT901BLE68(F3:F0:16:BF:DC:AE)	0.032	1.146	0.015	-73.853	-59.753	-11.108	95.15	-3.57	-42.62	0.727	14.467	-50.920	-0.67368	-0.63452	0.27206	0.26343	26.2	null	null	13113	60
2026-05-27T16:15:04.586	WT901BLE68(F3:F0:16:BF:DC:AE)	-0.170	1.116	-0.132	-65.186	-45.898	-29.114	87.99	-1.07	-45.65	0.727	14.467	-50.920	-0.64157	-0.67105	0.28848	0.23392	26.2	null	null	13113	60
2026-05-27T16:15:04.675	WT901BLE68(F3:F0:16:BF:DC:AE)	-0.019	0.941	-0.272	-52.856	-108.887	-39.673	82.99	2.61	-50.93	0.727	14.467	-50.920	-0.64157	-0.67105	0.28848	0.23392	26.2	null	null	13113	60
2026-05-27T16:15:04.797	WT901BLE68(F3:F0:16:BF:DC:AE)	0.063	0.961	-0.225	-16.541	-191.162	-28.992	80.85	4.69	-62.66	0.727	14.467	-50.920	-0.64157	-0.67105	0.28848	0.23392	26.2	null	null	13113	60
2026-05-27T16:15:04.884	WT901BLE68(F3:F0:16:BF:DC:AE)	0.360	0.858	0.035	13.062	-92.346	-10.071	80.33	3.77	-74.91	0.727	14.467	-50.920	-0.64157	-0.67105	0.28848	0.23392	26.2	null	null	13113	60
2026-05-27T16:15:05.007	WT901BLE68(F3:F0:16:BF:DC:AE)	-0.006	0.885	0.189	20.081	-104.858	25.330	82.71	0.12	-79.93	0.727	14.467	-50.920	-0.64157	-0.67105	0.28848	0.23392	26.2	null	null	13113	60
2026-05-27T16:15:05.065	WT901BLE68(F3:F0:16:BF:DC:AE)	0.516	0.805	0.424	48.767	-24.109	-0.488	86.18	-2.82	-90.86	0.727	14.467	-50.920	-0.64157	-0.67105	0.28848	0.23392	26.2	null	null	13113	60
2026-05-27T16:15:05.219	WT901BLE68(F3:F0:16:BF:DC:AE)	-0.223	1.317	0.149	32.776	-45.349	2.563	92.50	-4.21	-80.80	0.727	14.467	-50.920	-0.64157	-0.67105	0.28848	0.23392	26.2	null	null	13113	60
2026-05-27T16:15:05.272	WT901BLE68(F3:F0:16:BF:DC:AE)	-0.091	0.978	-0.195	24.048	-36.072	4.456	95.78	-5.21	-81.80	-39.560	25.820	-67.180	-0.64157	-0.67105	0.28848	0.23392	26.2	null	null	13113	60
2026-05-27T16:15:05.394	WT901BLE68(F3:F0:16:BF:DC:AE)	0.047	1.033	-0.224	13.000	-33.508	1.343	97.67	-5.04	-81.73	-39.560	25.820	-67.180	-0.64157	-0.67105	0.28848	0.23392	26.2	null	null	13113	60
2026-05-27T16:15:05.485	WT901BLE68(F3:F0:16:BF:DC:AE)	0.149	0.989	-0.144	13.977	-32.654	8.972	99.39	-5.15	-83.41	-39.560	25.820	-67.180	-0.51334	-0.55011	0.51935	0.40500	26.2	null	null	13113	60
2026-05-27T16:15:05.605	WT901BLE68(F3:F0:16:BF:DC:AE)	0.038	0.999	-0.192	11.658	-14.282	6.287	100.81	-5.82	-81.96	-39.560	25.820	-67.180	-0.51334	-0.55011	0.51935	0.40500	26.2	null	null	13113	60
2026-05-27T16:15:05.665	WT901BLE68(F3:F0:16:BF:DC:AE)	0.008	1.022	-0.140	6.531	0.916	7.019	101.78	-6.32	-79.83	-39.560	25.820	-67.180	-0.51334	-0.55011	0.51935	0.40500	26.2	null	null	13113	60
2026-05-27T16:15:05.816	WT901BLE68(F3:F0:16:BF:DC:AE)	0.103	0.972	-0.246	3.418	-24.170	4.456	102.21	-6.44	-78.87	-39.560	25.820	-67.180	-0.51334	-0.55011	0.51935	0.40500	26.2	null	null	13113	60
2026-05-27T16:15:05.874	WT901BLE68(F3:F0:16:BF:DC:AE)	0.039	1.011	-0.103	0.122	11.108	5.371	102.42	-6.99	-76.87	-39.560	25.820	-67.180	-0.51334	-0.55011	0.51935	0.40500	26.2	null	null	13113	60
2026-05-27T16:15:05.994	WT901BLE68(F3:F0:16:BF:DC:AE)	-0.036	0.981	-0.225	-5.188	-9.888	9.399	101.74	-7.40	-74.39	-39.560	25.820	-67.180	-0.51334	-0.55011	0.51935	0.40500	26.2	null	null	13113	60
2026-05-27T16:15:06.085	WT901BLE68(F3:F0:16:BF:DC:AE)	0.225	0.983	-0.177	-10.803	-33.081	10.193	100.82	-7.67	-75.29	-39.560	25.820	-67.180	-0.51334	-0.55011	0.51935	0.40500	26.2	null	null	13113	60
2026-05-27T16:15:06.205	WT901BLE68(F3:F0:16:BF:DC:AE)	0.159	1.031	-0.080	-13.733	-10.864	6.348	99.92	-8.13	-75.75	-48.760	23.580	-66.873	-0.51334	-0.55011	0.51935	0.40500	26.2	null	null	13113	60
2026-05-27T16:15:06.294	WT901BLE68(F3:F0:16:BF:DC:AE)	0.048	1.047	0.046	-50.476	-22.888	-11.169	96.70	-8.10	-74.77	-48.760	23.580	-66.873	-0.51334	-0.55011	0.51935	0.40500	26.2	null	null	13113	60
2026-05-27T16:15:06.418	WT901BLE68(F3:F0:16:BF:DC:AE)	0.142	1.086	-0.124	-64.575	-23.132	-35.828	90.58	-5.60	-75.43	-48.760	23.580	-66.873	-0.56540	-0.55615	0.48163	0.37274	26.2	null	null	13113	60
2026-05-27T16:15:06.481	WT901BLE68(F3:F0:16:BF:DC:AE)	0.083	1.065	-0.152	-36.926	-33.020	-38.635	85.71	-1.56	-76.14	-48.760	23.580	-66.873	-0.56540	-0.55615	0.48163	0.37274	26.2	null	null	13113	60
2026-05-27T16:15:06.596	WT901BLE68(F3:F0:16:BF:DC:AE)	0.126	0.962	-0.041	-17.883	-95.032	-32.288	83.62	1.49	-81.63	-48.760	23.580	-66.873	-0.56540	-0.55615	0.48163	0.37274	26.2	null	null	13113	60
2026-05-27T16:15:06.684	WT901BLE68(F3:F0:16:BF:DC:AE)	0.261	0.849	0.058	14.404	-17.029	-16.602	83.59	3.03	-86.91	-48.760	23.580	-66.873	-0.56540	-0.55615	0.48163	0.37274	26.2	null	null	13113	60
2026-05-27T16:15:06.807	WT901BLE68(F3:F0:16:BF:DC:AE)	-0.067	0.901	0.131	36.377	-68.481	-0.732	86.73	3.00	-87.03	-48.760	23.580	-66.873	-0.56540	-0.55615	0.48163	0.37274	26.2	null	null	13113	60
2026-05-27T16:15:06.895	WT901BLE68(F3:F0:16:BF:DC:AE)	0.173	1.202	0.153	60.425	22.827	35.645	90.81	1.49	-88.90	-48.760	23.580	-66.873	-0.56540	-0.55615	0.48163	0.37274	26.2	null	null	13113	60
2026-05-27T16:15:07.019	WT901BLE68(F3:F0:16:BF:DC:AE)	0.106	1.023	0.110	36.743	75.073	8.728	95.82	-0.77	-82.77	-48.760	23.580	-66.873	-0.56540	-0.55615	0.48163	0.37274	26.2	null	null	13113	60
2026-05-27T16:15:07.073	WT901BLE68(F3:F0:16:BF:DC:AE)	-0.158	1.026	-0.290	21.667	-20.142	11.841	97.86	-2.22	-78.34	-64.447	25.120	-47.747	-0.56540	-0.55615	0.48163	0.37274	26.2	null	null	13113	60
2026-05-27T16:15:07.194	WT901BLE68(F3:F0:16:BF:DC:AE)	0.139	0.992	-0.177	12.939	-22.644	10.437	99.38	-2.72	-80.39	-64.447	25.120	-47.747	-0.56540	-0.55615	0.48163	0.37274	26.2	null	null	13113	60
2026-05-27T16:15:07.283	WT901BLE68(F3:F0:16:BF:DC:AE)	0.025	0.976	-0.209	12.878	25.696	4.639	100.66	-3.48	-78.49	-64.447	25.120	-47.747	-0.50412	-0.57324	0.50623	0.40109	26.2	null	null	13113	60
2026-05-27T16:15:07.403	WT901BLE68(F3:F0:16:BF:DC:AE)	0.031	0.986	-0.182	9.705	2.014	9.399	101.69	-4.33	-75.99	-64.447	25.120	-47.747	-0.50412	-0.57324	0.50623	0.40109	26.2	null	null	13113	60
2026-05-27T16:15:07.497	WT901BLE68(F3:F0:16:BF:DC:AE)	0.034	0.985	-0.194	8.423	14.526	11.658	102.45	-5.34	-73.94	-64.447	25.120	-47.747	-0.50412	-0.57324	0.50623	0.40109	26.2	null	null	13113	60
2026-05-27T16:15:07.616	WT901BLE68(F3:F0:16:BF:DC:AE)	-0.072	1.012	-0.123	6.104	8.667	16.724	102.88	-6.80	-71.65	-64.447	25.120	-47.747	-0.50412	-0.57324	0.50623	0.40109	26.2	null	null	13113	60
2026-05-27T16:15:07.703	WT901BLE68(F3:F0:16:BF:DC:AE)	-0.030	1.018	-0.008	-6.653	-0.122	4.333	102.74	-7.82	-70.53	-64.447	25.120	-47.747	-0.50412	-0.57324	0.50623	0.40109	26.2	null	null	13113	60
2026-05-27T16:15:07.824	WT901BLE68(F3:F0:16:BF:DC:AE)	0.137	1.133	-0.077	-44.067	19.958	-16.663	99.51	-7.22	-68.10	-64.447	25.120	-47.747	-0.50412	-0.57324	0.50623	0.40109	26.2	null	null	13113	60
2026-05-27T16:15:07.885	WT901BLE68(F3:F0:16:BF:DC:AE)	0.015	1.133	0.011	-73.547	-12.512	-28.320	93.35	-4.32	-67.12	-64.447	25.120	-47.747	-0.50412	-0.57324	0.50623	0.40109	26.2	null	null	13113	60
2026-05-27T16:15:08.003	WT901BLE68(F3:F0:16:BF:DC:AE)	0.251	1.010	-0.124	-69.702	-4.639	-37.781	86.73	-0.76	-68.24	-57.833	26.180	-48.407	-0.50412	-0.57324	0.50623	0.40109	26.2	null	null	13113	60
2026-05-27T16:15:08.095	WT901BLE68(F3:F0:16:BF:DC:AE)	-0.022	0.894	-0.128	-24.109	-18.066	-35.278	82.72	2.18	-68.10	-57.833	26.180	-48.407	-0.50412	-0.57324	0.50623	0.40109	26.2	null	null	13113	60
2026-05-27T16:15:08.217	WT901BLE68(F3:F0:16:BF:DC:AE)	0.064	0.837	-0.005	-5.310	-63.110	-15.991	81.56	3.67	-73.48	-57.833	26.180	-48.407	-0.61160	-0.55377	0.35635	0.43839	26.2	null	null	13113	60
2026-05-27T16:15:08.303	WT901BLE68(F3:F0:16:BF:DC:AE)	0.025	0.830	0.043	51.636	26.672	-5.615	84.42	3.99	-74.19	-57.833	26.180	-48.407	-0.61160	-0.55377	0.35635	0.43839	26.2	null	null	13113	60
2026-05-27T16:15:08.427	WT901BLE68(F3:F0:16:BF:DC:AE)	-0.223	0.998	0.299	40.466	-70.862	-3.540	89.18	4.28	-75.94	-57.833	26.180	-48.407	-0.61160	-0.55377	0.35635	0.43839	26.2	null	null	13113	60
2026-05-27T16:15:08.485	WT901BLE68(F3:F0:16:BF:DC:AE)	0.312	1.320	0.003	32.654	-123.169	42.542	91.58	2.06	-84.02	-57.833	26.180	-48.407	-0.61160	-0.55377	0.35635	0.43839	26.2	null	null	13113	60
2026-05-27T16:15:08.608	WT901BLE68(F3:F0:16:BF:DC:AE)	-0.009	1.038	-0.171	44.617	83.374	-0.366	93.93	0.67	-83.44	-57.833	26.180	-48.407	-0.61160	-0.55377	0.35635	0.43839	26.2	null	null	13113	60
2026-05-27T16:15:08.692	WT901BLE68(F3:F0:16:BF:DC:AE)	-0.006	0.944	-0.300	23.987	-12.512	11.597	97.15	-0.64	-79.93	-57.833	26.180	-48.407	-0.61160	-0.55377	0.35635	0.43839	26.2	null	null	13113	60
2026-05-27T16:15:08.815	WT901BLE68(F3:F0:16:BF:DC:AE)	0.070	0.999	-0.211	35.034	43.518	15.320	100.34	-2.30	-77.30	-57.833	26.180	-48.407	-0.61160	-0.55377	0.35635	0.43839	26.2	null	null	13113	60
2026-05-27T16:15:08.903	WT901BLE68(F3:F0:16:BF:DC:AE)	-0.050	0.990	-0.158	10.010	15.259	5.249	101.84	-3.21	-74.20	-62.460	21.587	-41.593	-0.61160	-0.55377	0.35635	0.43839	26.2	null	null	13113	60
2026-05-27T16:15:09.026	WT901BLE68(F3:F0:16:BF:DC:AE)	0.010	0.968	-0.256	13.000	15.625	8.423	102.73	-3.95	-71.98	-62.460	21.587	-41.593	-0.61160	-0.55377	0.35635	0.43839	26.2	null	null	13113	60
2026-05-27T16:15:09.114	WT901BLE68(F3:F0:16:BF:DC:AE)	0.056	0.968	-0.178	8.057	6.653	9.766	103.66	-4.86	-70.65	-62.460	21.587	-41.593	-0.52231	-0.62326	0.47519	0.33591	26.2	null	null	13113	60
2026-05-27T16:15:09.235	WT901BLE68(F3:F0:16:BF:DC:AE)	-0.028	0.998	-0.162	7.202	26.245	14.832	104.19	-6.47	-68.16	-62.460	21.587	-41.593	-0.52231	-0.62326	0.47519	0.33591	26.2	null	null	13113	60
2026-05-27T16:15:09.297	WT901BLE68(F3:F0:16:BF:DC:AE)	-0.085	1.025	-0.156	-2.014	12.634	15.808	104.08	-8.14	-65.78	-62.460	21.587	-41.593	-0.52231	-0.62326	0.47519	0.33591	26.2	null	null	13113	60
2026-05-27T16:15:09.415	WT901BLE68(F3:F0:16:BF:DC:AE)	0.078	1.270	-0.025	-34.912	5.554	-2.625	102.34	-8.68	-64.19	-62.460	21.587	-41.593	-0.52231	-0.62326	0.47519	0.33591	26.2	null	null	13113	60
2026-05-27T16:15:09.506	WT901BLE68(F3:F0:16:BF:DC:AE)	0.229	1.064	-0.028	-68.237	3.113	-21.851	95.81	-6.21	-62.61	-62.460	21.587	-41.593	-0.52231	-0.62326	0.47519	0.33591	26.2	null	null	13113	60
2026-05-27T16:15:09.624	WT901BLE68(F3:F0:16:BF:DC:AE)	0.070	1.045	-0.207	-53.406	-0.183	-39.795	89.32	-2.77	-60.94	-62.460	21.587	-41.593	-0.52231	-0.62326	0.47519	0.33591	26.2	null	null	13113	60
2026-05-27T16:15:09.716	WT901BLE68(F3:F0:16:BF:DC:AE)	-0.010	0.961	-0.119	-33.508	-47.668	-47.668	85.14	0.75	-62.87	-62.460	21.587	-41.593	-0.52231	-0.62326	0.47519	0.33591	26.2	null	null	13113	60
2026-05-27T16:15:09.835	WT901BLE68(F3:F0:16:BF:DC:AE)	0.150	0.939	0.063	-32.593	-72.510	-30.457	82.46	3.61	-69.99	-57.040	22.113	-38.320	-0.52231	-0.62326	0.47519	0.33591	26.2	null	null	13113	60
2026-05-27T16:15:09.894	WT901BLE68(F3:F0:16:BF:DC:AE)	0.106	0.878	0.139	-8.118	16.479	-18.372	80.87	5.50	-72.07	-57.040	22.113	-38.320	-0.52231	-0.62326	0.47519	0.33591	26.2	null	null	13113	60
2026-05-27T16:15:10.012	WT901BLE68(F3:F0:16:BF:DC:AE)	-0.078	0.864	0.101	13.306	-7.568	-2.380	81.51	5.75	-71.00	-57.040	22.113	-38.320	-0.59702	-0.54642	0.34979	0.47174	26.2	null	null	13113	60
2026-05-27T16:15:10.107	WT901BLE68(F3:F0:16:BF:DC:AE)	-0.114	1.014	0.264	29.663	1.404	0.549	84.19	5.62	-71.18	-57.040	22.113	-38.320	-0.59702	-0.54642	0.34979	0.47174	26.2	null	null	13113	60
2026-05-27T16:15:10.226	WT901BLE68(F3:F0:16:BF:DC:AE)	0.185	0.990	-0.055	45.227	-7.080	17.517	86.56	4.58	-71.83	-57.040	22.113	-38.320	-0.59702	-0.54642	0.34979	0.47174	26.2	null	null	13113	60
2026-05-27T16:15:10.315	WT901BLE68(F3:F0:16:BF:DC:AE)	0.002	1.010	-0.043	42.358	65.063	13.428	90.64	2.27	-69.19	-57.040	22.113	-38.320	-0.59702	-0.54642	0.34979	0.47174	26.2	null	null	13113	60
2026-05-27T16:15:10.438	WT901BLE68(F3:F0:16:BF:DC:AE)	-0.142	0.998	-0.218	35.828	37.964	18.066	94.69	0.74	-63.72	-57.040	22.113	-38.320	-0.59702	-0.54642	0.34979	0.47174	26.2	null	null	13113	60
2026-05-27T16:15:10.524	WT901BLE68(F3:F0:16:BF:DC:AE)	0.047	0.988	-0.173	21.973	-6.897	13.123	97.37	-0.82	-63.13	-57.040	22.113	-38.320	-0.59702	-0.54642	0.34979	0.47174	26.2	null	null	13113	60
2026-05-27T16:15:10.648	WT901BLE68(F3:F0:16:BF:DC:AE)	0.003	1.006	-0.117	18.677	26.672	9.705	99.32	-1.92	-60.64	-57.040	22.113	-38.320	-0.59702	-0.54642	0.34979	0.47174	26.2	null	null	13113	60
2026-05-27T16:15:10.704	WT901BLE68(F3:F0:16:BF:DC:AE)	0.012	0.978	-0.189	13.489	3.357	9.399	100.72	-2.89	-58.98	-52.860	17.793	-47.700	-0.59702	-0.54642	0.34979	0.47174	26.2	null	null	13113	60
2026-05-27T16:15:10.826	WT901BLE68(F3:F0:16:BF:DC:AE)	0.019	0.999	-0.130	6.226	8.789	7.446	101.64	-3.75	-58.12	-52.860	17.793	-47.700	-0.59702	-0.54642	0.34979	0.47174	26.2	null	null	13113	60
2026-05-27T16:15:10.913	WT901BLE68(F3:F0:16:BF:DC:AE)	-0.043	0.980	-0.175	1.648	8.728	10.986	101.61	-4.64	-56.53	-52.860	17.793	-47.700	-0.56628	-0.66867	0.39221	0.27979	26.2	null	null	13113	60
2026-05-27T16:15:11.036	WT901BLE68(F3:F0:16:BF:DC:AE)	0.041	0.947	-0.213	0.854	9.033	11.841	101.59	-5.60	-55.54	-52.860	17.793	-47.700	-0.56628	-0.66867	0.39221	0.27979	26.2	null	null	13113	60
2026-05-27T16:15:11.124	WT901BLE68(F3:F0:16:BF:DC:AE)	-0.012	0.970	-0.239	1.099	18.066	20.996	101.41	-7.17	-53.92	-52.860	17.793	-47.700	-0.56628	-0.66867	0.39221	0.27979	26.2	null	null	13113	60
2026-05-27T16:15:11.245	WT901BLE68(F3:F0:16:BF:DC:AE)	-0.067	1.167	0.101	-23.804	-37.720	7.202	100.72	-7.89	-55.01	-52.860	17.793	-47.700	-0.56628	-0.66867	0.39221	0.27979	26.2	null	null	13113	60
2026-05-27T16:15:11.304	WT901BLE68(F3:F0:16:BF:DC:AE)	-0.023	1.123	0.076	-79.712	-21.545	-19.226	94.28	-6.65	-57.25	-52.860	17.793	-47.700	-0.56628	-0.66867	0.39221	0.27979	26.2	null	null	13113	60
2026-05-27T16:15:11.426	WT901BLE68(F3:F0:16:BF:DC:AE)	0.139	1.075	-0.298	-74.280	-0.854	-48.279	87.31	-2.30	-56.78	-52.860	17.793	-47.700	-0.56628	-0.66867	0.39221	0.27979	26.2	null	null	13113	60
2026-05-27T16:15:11.516	WT901BLE68(F3:F0:16:BF:DC:AE)	0.018	0.984	-0.148	-49.011	-83.618	-49.438	82.33	1.94	-61.59	-52.860	17.793	-47.700	-0.56628	-0.66867	0.39221	0.27979	26.2	null	null	13113	60
2026-05-27T16:15:11.634	WT901BLE68(F3:F0:16:BF:DC:AE)	0.195	0.852	0.034	-14.526	-28.137	-29.846	79.22	3.77	-69.36	-51.627	23.387	-37.487	-0.56628	-0.66867	0.39221	0.27979	26.2	null	null	13113	60
2026-05-27T16:15:11.727	WT901BLE68(F3:F0:16:BF:DC:AE)	-0.035	0.788	0.043	35.583	8.362	-1.526	80.33	4.50	-68.62	-51.627	23.387	-37.487	-0.56628	-0.66867	0.39221	0.27979	26.2	null	null	13113	60
2026-05-27T16:15:11.847	WT901BLE68(F3:F0:16:BF:DC:AE)	-0.099	1.123	0.468	18.311	-94.788	-3.296	83.34	3.54	-73.74	-51.627	23.387	-37.487	-0.61139	-0.55658	0.34332	0.44543	26.2	null	null	13113	60
2026-05-27T16:15:11.934	WT901BLE68(F3:F0:16:BF:DC:AE)	0.278	0.847	-0.040	45.471	13.000	-3.723	84.03	3.32	-77.10	-51.627	23.387	-37.487	-0.61139	-0.55658	0.34332	0.44543	26.2	null	null	13113	60
2026-05-27T16:15:12.056	WT901BLE68(F3:F0:16:BF:DC:AE)	0.191	0.671	-0.302	46.204	99.915	-4.578	87.19	3.46	-75.92	-51.627	23.387	-37.487	-0.61139	-0.55658	0.34332	0.44543	26.2	null	null	13113	60
2026-05-27T16:15:12.115	WT901BLE68(F3:F0:16:BF:DC:AE)	-0.209	0.984	-0.145	43.701	-35.400	30.640	92.20	2.83	-71.08	-51.627	23.387	-37.487	-0.61139	-0.55658	0.34332	0.44543	26.2	null	null	13113	60
2026-05-27T16:15:12.233	WT901BLE68(F3:F0:16:BF:DC:AE)	0.196	0.982	-0.066	32.959	-5.676	19.836	95.45	0.44	-75.66	-51.627	23.387	-37.487	-0.61139	-0.55658	0.34332	0.44543	26.2	null	null	13113	60
2026-05-27T16:15:12.326	WT901BLE68(F3:F0:16:BF:DC:AE)	-0.077	0.989	-0.178	28.259	26.550	14.038	98.42	-1.32	-71.94	-51.627	23.387	-37.487	-0.61139	-0.55658	0.34332	0.44543	26.2	null	null	13113	60
2026-05-27T16:15:12.448	WT901BLE68(F3:F0:16:BF:DC:AE)	0.043	0.946	-0.225	28.442	-7.813	24.597	100.91	-3.08	-70.89	-51.627	23.387	-37.487	-0.61139	-0.55658	0.34332	0.44543	26.2	null	null	13113	60
2026-05-27T16:15:12.532	WT901BLE68(F3:F0:16:BF:DC:AE)	-0.006	1.070	-0.128	8.484	-3.601	20.569	103.12	-5.55	-70.55	-51.753	20.433	-42.980	-0.61139	-0.55658	0.34332	0.44543	26.2	null	null	13113	60
2026-05-27T16:15:12.658	WT901BLE68(F3:F0:16:BF:DC:AE)	-0.038	1.013	-0.146	-1.038	25.940	19.958	103.21	-7.47	-68.26	-51.753	20.433	-42.980	-0.61139	-0.55658	0.34332	0.44543	26.2	null	null	13113	60
2026-05-27T16:15:12.713	WT901BLE68(F3:F0:16:BF:DC:AE)	-0.173	1.046	-0.018	-19.897	-9.277	8.240	101.82	-8.66	-66.50	-51.753	20.433	-42.980	-0.55170	-0.62427	0.46735	0.29562	26.2	null	null	13113	60
2026-05-27T16:15:12.833	WT901BLE68(F3:F0:16:BF:DC:AE)	0.028	1.409	0.231	-103.088	0.854	-42.786	97.40	-6.98	-66.23	-51.753	20.433	-42.980	-0.55170	-0.62427	0.46735	0.29562	26.2	null	null	13113	60
2026-05-27T16:15:12.925	WT901BLE68(F3:F0:16:BF:DC:AE)	-0.065	1.125	-0.303	-60.791	43.030	-53.894	88.28	-3.16	-63.05	-51.753	20.433	-42.980	-0.55170	-0.62427	0.46735	0.29562	26.2	null	null	13113	60
2026-05-27T16:15:13.048	WT901BLE68(F3:F0:16:BF:DC:AE)	-0.026	1.001	-0.206	-48.645	-93.506	-45.227	82.68	1.41	-66.46	-51.753	20.433	-42.980	-0.55170	-0.62427	0.46735	0.29562	26.2	null	null	13113	60
2026-05-27T16:15:13.134	WT901BLE68(F3:F0:16:BF:DC:AE)	0.143	0.875	-0.101	-7.629	-93.994	-35.278	81.33	4.35	-74.94	-51.753	20.433	-42.980	-0.55170	-0.62427	0.46735	0.29562	26.2	null	null	13113	60
2026-05-27T16:15:13.258	WT901BLE68(F3:F0:16:BF:DC:AE)	0.192	0.895	0.131	15.747	-27.405	-19.409	81.94	5.33	-81.07	-51.753	20.433	-42.980	-0.55170	-0.62427	0.46735	0.29562	26.2	null	null	13113	60
2026-05-27T16:15:13.347	WT901BLE68(F3:F0:16:BF:DC:AE)	-0.296	1.038	0.258	17.456	-2.869	-34.851	83.54	6.32	-80.93	-51.753	20.433	-42.980	-0.55170	-0.62427	0.46735	0.29562	26.2	null	null	13113	60
2026-05-27T16:15:13.467	WT901BLE68(F3:F0:16:BF:DC:AE)	-0.369	0.793	0.200	34.119	-4.578	-23.010	84.64	8.64	-82.51	-59.467	21.380	-25.887	-0.55170	-0.62427	0.46735	0.29562	26.2	null	null	13113	60
2026-05-27T16:15:13.525	WT901BLE68(F3:F0:16:BF:DC:AE)	0.885	0.817	-0.236	39.490	-1.404	14.709	86.75	7.11	-88.94	-59.467	21.380	-25.887	-0.55170	-0.62427	0.46735	0.29562	26.2	null	null	13113	60
2026-05-27T16:15:13.644	WT901BLE68(F3:F0:16:BF:DC:AE)	-0.403	1.005	-0.094	48.035	24.658	33.264	93.32	4.92	-79.97	-59.467	21.380	-25.887	-0.48898	-0.52530	0.44955	0.53174	26.2	null	null	13113	60
2026-05-27T16:15:13.734	WT901BLE68(F3:F0:16:BF:DC:AE)	0.031	0.951	-0.113	27.588	20.874	18.188	95.96	2.60	-81.24	-59.467	21.380	-25.887	-0.48898	-0.52530	0.44955	0.53174	26.2	null	null	13113	60
2026-05-27T16:15:13.857	WT901BLE68(F3:F0:16:BF:DC:AE)	-0.140	0.998	-0.158	23.132	27.344	27.466	98.72	0.09	-76.73	-59.467	21.380	-25.887	-0.48898	-0.52530	0.44955	0.53174	26.2	null	null	13113	60
2026-05-27T16:15:13.945	WT901BLE68(F3:F0:16:BF:DC:AE)	0.044	0.979	-0.163	16.602	-1.099	25.818	100.19	-1.93	-76.83	-59.467	21.380	-25.887	-0.48898	-0.52530	0.44955	0.53174	26.2	null	null	13113	60
2026-05-27T16:15:14.065	WT901BLE68(F3:F0:16:BF:DC:AE)	-0.006	0.966	-0.189	10.254	32.471	24.231	101.15	-4.38	-74.34	-59.467	21.380	-25.887	-0.48898	-0.52530	0.44955	0.53174	26.2	null	null	13113	60
2026-05-27T16:15:14.123	WT901BLE68(F3:F0:16:BF:DC:AE)	-0.061	0.992	-0.182	4.639	8.545	36.743	101.80	-7.42	-72.08	-59.467	21.380	-25.887	-0.48898	-0.52530	0.44955	0.53174	26.2	null	null	13113	60
2026-05-27T16:15:14.249	WT901BLE68(F3:F0:16:BF:DC:AE)	0.048	1.035	-0.066	-23.865	11.963	21.851	100.35	-9.82	-71.35	-59.467	21.380	-25.887	-0.48898	-0.52530	0.44955	0.53174	26.2	null	null	13113	60
2026-05-27T16:15:14.333	WT901BLE68(F3:F0:16:BF:DC:AE)	0.020	1.185	0.055	-54.260	23.315	-5.920	95.58	-10.33	-68.26	-47.307	26.020	-38.867	-0.48898	-0.52530	0.44955	0.53174	26.2	null	null	13113	60
2026-05-27T16:15:14.459	WT901BLE68(F3:F0:16:BF:DC:AE)	0.057	0.997	-0.020	-44.189	-14.648	-41.016	89.63	-7.42	-67.40	-47.307	26.020	-38.867	-0.48898	-0.52530	0.44955	0.53174	26.2	null	null	13113	60
2026-05-27T16:15:14.543	WT901BLE68(F3:F0:16:BF:DC:AE)	0.083	0.950	-0.082	-29.358	-44.556	-46.265	86.08	-3.57	-70.73	-47.307	26.020	-38.867	-0.61270	-0.55374	0.42078	0.37524	26.2	null	null	13113	60
2026-05-27T16:15:14.667	WT901BLE68(F3:F0:16:BF:DC:AE)	0.243	0.962	0.131	-26.794	-6.897	-48.767	84.08	1.02	-75.04	-47.307	26.020	-38.867	-0.61270	-0.55374	0.42078	0.37524	26.2	null	null	13113	60
2026-05-27T16:15:14.754	WT901BLE68(F3:F0:16:BF:DC:AE)	0.226	0.910	0.124	-13.977	20.325	-28.870	82.57	4.27	-73.87	-47.307	26.020	-38.867	-0.61270	-0.55374	0.42078	0.37524	26.2	null	null	13113	60
2026-05-27T16:15:14.876	WT901BLE68(F3:F0:16:BF:DC:AE)	-0.066	0.900	0.067	6.226	46.570	-23.499	82.72	6.11	-69.44	-47.307	26.020	-38.867	-0.61270	-0.55374	0.42078	0.37524	26.2	null	null	13113	60
2026-05-27T16:15:14.935	WT901BLE68(F3:F0:16:BF:DC:AE)	0.043	0.819	0.425	14.282	48.462	-2.258	84.23	8.72	-65.65	-47.307	26.020	-38.867	-0.61270	-0.55374	0.42078	0.37524	26.2	null	null	13113	60
2026-05-27T16:15:15.056	WT901BLE68(F3:F0:16:BF:DC:AE)	-0.110	1.137	0.209	26.978	-82.886	-1.892	87.34	8.89	-66.15	-47.307	26.020	-38.867	-0.61270	-0.55374	0.42078	0.37524	26.2	null	null	13113	60
2026-05-27T16:15:15.146	WT901BLE68(F3:F0:16:BF:DC:AE)	-0.229	1.043	-0.230	62.744	110.046	21.118	93.57	6.44	-59.35	-47.307	26.020	-38.867	-0.61270	-0.55374	0.42078	0.37524	26.2	null	null	13113	60
2026-05-27T16:15:15.264	WT901BLE68(F3:F0:16:BF:DC:AE)	-0.035	0.974	-0.215	36.072	22.522	23.499	98.36	3.21	-55.68	-55.427	18.987	-37.527	-0.61270	-0.55374	0.42078	0.37524	26.2	null	null	13113	60
2026-05-27T16:15:15.354	WT901BLE68(F3:F0:16:BF:DC:AE)	-0.107	0.982	-0.208	26.062	76.660	18.677	101.60	0.35	-50.43	-55.427	18.987	-37.527	-0.61270	-0.55374	0.42078	0.37524	26.2	null	null	13113	60
2026-05-27T16:15:15.475	WT901BLE68(F3:F0:16:BF:DC:AE)	-0.067	0.998	-0.162	6.531	27.222	15.137	102.77	-1.97	-46.07	-55.427	18.987	-37.527	-0.57452	-0.70905	0.32184	0.25189	26.2	null	null	13113	60
2026-05-27T16:15:15.530	WT901BLE68(F3:F0:16:BF:DC:AE)	-0.074	0.969	-0.206	8.911	57.983	18.372	103.02	-4.05	-41.73	-55.427	18.987	-37.527	-0.57452	-0.70905	0.32184	0.25189	26.2	null	null	13113	60
2026-05-27T16:15:15.657	WT901BLE68(F3:F0:16:BF:DC:AE)	-0.007	0.967	-0.196	6.348	7.446	38.757	103.57	-6.94	-40.13	-55.427	18.987	-37.527	-0.57452	-0.70905	0.32184	0.25189	26.2	null	null	13113	60
2026-05-27T16:15:15.744	WT901BLE68(F3:F0:16:BF:DC:AE)	-0.034	1.042	-0.116	-23.376	15.320	33.936	102.26	-10.48	-38.71	-55.427	18.987	-37.527	-0.57452	-0.70905	0.32184	0.25189	26.2	null	null	13113	60
2026-05-27T16:15:15.866	WT901BLE68(F3:F0:16:BF:DC:AE)	0.223	1.083	-0.127	-31.128	29.846	16.113	99.19	-12.28	-37.13	-55.427	18.987	-37.527	-0.57452	-0.70905	0.32184	0.25189	26.2	null	null	13113	60
2026-05-27T16:15:15.954	WT901BLE68(F3:F0:16:BF:DC:AE)	0.092	1.115	0.093	-88.440	51.697	-32.654	91.97	-10.86	-32.30	-55.427	18.987	-37.527	-0.57452	-0.70905	0.32184	0.25189	26.2	null	null	13113	60
2026-05-27T16:15:16.075	WT901BLE68(F3:F0:16:BF:DC:AE)	0.207	0.925	0.051	-41.260	51.086	-54.382	85.59	-6.28	-29.32	-55.427	18.987	-37.527	-0.57452	-0.70905	0.32184	0.25189	26.2	null	null	13113	60
2026-05-27T16:15:16.133	WT901BLE68(F3:F0:16:BF:DC:AE)	0.013	0.942	-0.113	-8.911	-39.551	-72.571	84.22	0.60	-30.35	-33.833	24.967	-41.440	-0.57452	-0.70905	0.32184	0.25189	26.2	null	null	13113	60
2026-05-27T16:15:16.283	WT901BLE68(F3:F0:16:BF:DC:AE)	0.228	0.990	0.061	-4.150	-72.632	-53.955	83.64	5.70	-38.72	-33.833	24.967	-41.440	-0.57452	-0.70905	0.32184	0.25189	26.2	null	null	13113	60
2026-05-27T16:15:16.344	WT901BLE68(F3:F0:16:BF:DC:AE)	0.204	0.877	0.242	17.273	36.987	-30.701	84.44	7.71	-41.22	-33.833	24.967	-41.440	-0.68066	-0.63739	0.19614	0.30307	26.2	null	null	13113	60
2026-05-27T16:15:16.467	WT901BLE68(F3:F0:16:BF:DC:AE)	-0.270	0.897	0.202	5.493	59.631	-14.465	85.16	10.22	-36.88	-33.833	24.967	-41.440	-0.68066	-0.63739	0.19614	0.30307	26.2	null	null	13113	60
2026-05-27T16:15:16.553	WT901BLE68(F3:F0:16:BF:DC:AE)	-0.500	0.957	0.290	6.592	-19.897	-18.616	86.52	11.70	-35.08	-33.833	24.967	-41.440	-0.68066	-0.63739	0.19614	0.30307	26.2	null	null	13113	60
2026-05-27T16:15:16.676	WT901BLE68(F3:F0:16:BF:DC:AE)	0.523	0.944	-0.191	25.635	-33.203	20.020	86.70	9.89	-41.94	-33.833	24.967	-41.440	-0.68066	-0.63739	0.19614	0.30307	26.2	null	null	13113	60
2026-05-27T16:15:16.765	WT901BLE68(F3:F0:16:BF:DC:AE)	-0.317	1.010	-0.114	59.387	18.555	35.339	94.22	7.42	-35.76	-33.833	24.967	-41.440	-0.68066	-0.63739	0.19614	0.30307	26.2	null	null	13113	60
2026-05-27T16:15:16.885	WT901BLE68(F3:F0:16:BF:DC:AE)	-0.016	0.949	-0.029	28.198	46.082	16.846	96.88	4.89	-37.51	-33.833	24.967	-41.440	-0.68066	-0.63739	0.19614	0.30307	26.2	null	null	13113	60
2026-05-27T16:15:16.944	WT901BLE68(F3:F0:16:BF:DC:AE)	-0.236	0.977	-0.227	17.822	7.751	20.752	99.48	2.85	-33.67	-33.833	24.967	-41.440	-0.68066	-0.63739	0.19614	0.30307	26.2	null	null	13113	60
2026-05-27T16:15:17.063	WT901BLE68(F3:F0:16:BF:DC:AE)	-0.037	0.965	-0.210	15.564	15.869	21.301	100.98	1.08	-34.32	-38.487	17.907	-48.300	-0.68066	-0.63739	0.19614	0.30307	26.2	null	null	13113	60
2026-05-27T16:15:17.154	WT901BLE68(F3:F0:16:BF:DC:AE)	-0.045	0.958	-0.211	18.860	19.470	31.616	102.75	-1.64	-32.81	-38.487	17.907	-48.300	-0.68066	-0.63739	0.19614	0.30307	26.2	null	null	13113	60
2026-05-27T16:15:17.274	WT901BLE68(F3:F0:16:BF:DC:AE)	-0.064	1.003	-0.082	-6.104	44.250	26.672	103.59	-5.01	-30.65	-38.487	17.907	-48.300	-0.60126	-0.74799	0.23157	0.15900	26.2	null	null	13113	60
2026-05-27T16:15:17.366	WT901BLE68(F3:F0:16:BF:DC:AE)	0.130	1.309	-0.004	-43.823	68.970	-10.559	100.36	-6.91	-24.57	-38.487	17.907	-48.300	-0.60126	-0.74799	0.23157	0.15900	26.2	null	null	13113	60
2026-05-27T16:15:17.485	WT901BLE68(F3:F0:16:BF:DC:AE)	0.037	1.177	-0.059	-67.627	11.780	-44.006	93.49	-4.65	-20.25	-38.487	17.907	-48.300	-0.60126	-0.74799	0.23157	0.15900	26.2	null	null	13113	60
2026-05-27T16:15:17.576	WT901BLE68(F3:F0:16:BF:DC:AE)	0.309	0.914	-0.169	-51.392	13.062	-40.771	87.81	0.01	-20.44	-38.487	17.907	-48.300	-0.60126	-0.74799	0.23157	0.15900	26.2	null	null	13113	60
2026-05-27T16:15:17.697	WT901BLE68(F3:F0:16:BF:DC:AE)	0.120	0.947	-0.006	-32.288	-12.329	-44.067	84.77	4.09	-20.68	-38.487	17.907	-48.300	-0.60126	-0.74799	0.23157	0.15900	26.2	null	null	13113	60
2026-05-27T16:15:17.752	WT901BLE68(F3:F0:16:BF:DC:AE)	0.217	0.931	0.150	-23.560	29.907	-19.714	81.69	6.31	-22.35	-38.487	17.907	-48.300	-0.60126	-0.74799	0.23157	0.15900	26.2	null	null	13113	60
2026-05-27T16:15:17.877	WT901BLE68(F3:F0:16:BF:DC:AE)	-0.002	0.924	0.102	-20.386	56.885	-8.179	80.72	7.79	-17.55	-38.487	17.907	-48.300	-0.60126	-0.74799	0.23157	0.15900	26.2	null	null	13113	60
2026-05-27T16:15:17.965	WT901BLE68(F3:F0:16:BF:DC:AE)	-0.332	0.876	0.118	5.676	114.685	-26.794	80.67	9.70	-11.75	-32.873	27.780	-36.200	-0.60126	-0.74799	0.23157	0.15900	26.2	null	null	13113	60
2026-05-27T16:15:18.085	WT901BLE68(F3:F0:16:BF:DC:AE)	-0.391	1.058	0.476	-4.700	-29.663	8.606	82.57	12.16	-6.17	-32.873	27.780	-36.200	-0.60126	-0.74799	0.23157	0.15900	26.2	null	null	13113	60
2026-05-27T16:15:18.174	WT901BLE68(F3:F0:16:BF:DC:AE)	0.517	0.859	0.080	21.301	13.123	6.409	82.96	11.61	-12.17	-32.873	27.780	-36.200	-0.74103	-0.65948	-0.02603	0.12308	26.2	null	null	13113	60
2026-05-27T16:15:18.296	WT901BLE68(F3:F0:16:BF:DC:AE)	-0.271	1.000	-0.177	55.359	29.358	23.010	89.80	10.36	-4.94	-32.873	27.780	-36.200	-0.74103	-0.65948	-0.02603	0.12308	26.2	null	null	13113	60
2026-05-27T16:15:18.351	WT901BLE68(F3:F0:16:BF:DC:AE)	-0.130	0.994	-0.178	36.438	52.368	18.555	94.83	7.34	-4.38	-32.873	27.780	-36.200	-0.74103	-0.65948	-0.02603	0.12308	26.2	null	null	13113	60
2026-05-27T16:15:18.478	WT901BLE68(F3:F0:16:BF:DC:AE)	-0.006	0.965	-0.243	36.926	68.237	22.583	98.98	4.61	-0.12	-32.873	27.780	-36.200	-0.74103	-0.65948	-0.02603	0.12308	26.2	null	null	13113	60
2026-05-27T16:15:18.565	WT901BLE68(F3:F0:16:BF:DC:AE)	-0.117	1.008	-0.182	12.024	33.630	12.878	102.04	1.97	3.15	-32.873	27.780	-36.200	-0.74103	-0.65948	-0.02603	0.12308	26.2	null	null	13113	60
2026-05-27T16:15:18.687	WT901BLE68(F3:F0:16:BF:DC:AE)	0.022	0.984	-0.233	6.714	50.171	9.277	102.93	0.40	5.30	-32.873	27.780	-36.200	-0.74103	-0.65948	-0.02603	0.12308	26.2	null	null	13113	60
2026-05-27T16:15:18.779	WT901BLE68(F3:F0:16:BF:DC:AE)	-0.020	0.958	-0.295	9.155	40.955	8.667	103.75	-1.36	8.07	-32.873	27.780	-36.200	-0.74103	-0.65948	-0.02603	0.12308	26.2	null	null	13113	60
2026-05-27T16:15:18.894	WT901BLE68(F3:F0:16:BF:DC:AE)	-0.039	0.969	-0.262	3.113	65.979	8.911	104.43	-3.42	11.59	-15.107	21.027	-48.280	-0.74103	-0.65948	-0.02603	0.12308	26.2	null	null	13113	60
2026-05-27T16:15:18.984	WT901BLE68(F3:F0:16:BF:DC:AE)	-0.185	0.965	-0.199	-5.737	38.879	17.883	104.05	-5.80	15.01	-15.107	21.027	-48.280	-0.74103	-0.65948	-0.02603	0.12308	26.2	null	null	13113	60
2026-05-27T16:15:19.104	WT901BLE68(F3:F0:16:BF:DC:AE)	0.130	0.969	-0.142	-21.179	35.889	18.738	102.31	-7.36	16.13	-15.107	21.027	-48.280	-0.60602	-0.78207	-0.07074	-0.12653	26.2	null	null	13113	60
2026-05-27T16:15:19.164	WT901BLE68(F3:F0:16:BF:DC:AE)	0.148	1.099	-0.096	-28.809	43.762	7.324	99.68	-9.48	17.93	-15.107	21.027	-48.280	-0.60602	-0.78207	-0.07074	-0.12653	26.2	null	null	13113	60
2026-05-27T16:15:19.286	WT901BLE68(F3:F0:16:BF:DC:AE)	0.150	1.062	0.146	-48.035	-16.663	-19.226	95.37	-8.41	19.03	-15.107	21.027	-48.280	-0.60602	-0.78207	-0.07074	-0.12653	26.2	null	null	13113	60
2026-05-27T16:15:19.378	WT901BLE68(F3:F0:16:BF:DC:AE)	0.255	1.037	0.039	-44.922	31.433	-61.157	89.95	-3.95	19.18	-15.107	21.027	-48.280	-0.60602	-0.78207	-0.07074	-0.12653	26.2	null	null	13113	60
2026-05-27T16:15:19.495	WT901BLE68(F3:F0:16:BF:DC:AE)	-0.064	0.931	-0.231	-23.010	0.916	-65.979	85.83	1.83	19.56	-15.107	21.027	-48.280	-0.60602	-0.78207	-0.07074	-0.12653	26.2	null	null	13113	60
2026-05-27T16:15:19.584	WT901BLE68(F3:F0:16:BF:DC:AE)	-0.012	0.905	0.008	-14.648	-25.085	-54.749	83.24	6.79	13.50	-15.107	21.027	-48.280	-0.60602	-0.78207	-0.07074	-0.12653	26.2	null	null	13113	60
2026-05-27T16:15:19.707	WT901BLE68(F3:F0:16:BF:DC:AE)	0.067	0.956	0.177	-2.991	4.761	-24.231	82.85	10.01	8.88	-15.107	21.027	-48.280	-0.60602	-0.78207	-0.07074	-0.12653	26.2	null	null	13113	60
2026-05-27T16:15:19.763	WT901BLE68(F3:F0:16:BF:DC:AE)	-0.064	0.991	0.213	-10.864	7.141	-17.761	82.30	11.26	6.69	-19.507	33.947	-32.900	-0.60602	-0.78207	-0.07074	-0.12653	26.2	null	null	13113	60
2026-05-27T16:15:19.887	WT901BLE68(F3:F0:16:BF:DC:AE)	-0.360	0.886	0.137	4.456	65.918	-14.343	82.17	12.65	9.98	-19.507	33.947	-32.900	-0.60602	-0.78207	-0.07074	-0.12653	26.2	null	null	13113	60
2026-05-27T16:15:19.971	WT901BLE68(F3:F0:16:BF:DC:AE)	-0.080	1.305	-0.045	9.521	-96.558	30.457	82.99	13.19	8.47	-19.507	33.947	-32.900	-0.74969	-0.64490	-0.14813	0.00540	26.2	null	null	13113	60
2026-05-27T16:15:20.097	WT901BLE68(F3:F0:16:BF:DC:AE)	-0.258	1.065	-0.248	80.994	181.152	13.733	88.13	11.10	9.93	-19.507	33.947	-32.900	-0.74969	-0.64490	-0.14813	0.00540	26.2	null	null	13113	60
2026-05-27T16:15:20.187	WT901BLE68(F3:F0:16:BF:DC:AE)	-0.190	1.014	-0.015	25.574	-51.697	35.706	93.87	8.17	11.35	-19.507	33.947	-32.900	-0.74969	-0.64490	-0.14813	0.00540	26.2	null	null	13113	60
2026-05-27T16:15:20.304	WT901BLE68(F3:F0:16:BF:DC:AE)	0.014	0.982	-0.121	21.851	52.185	14.404	96.25	5.81	10.42	-19.507	33.947	-32.900	-0.74969	-0.64490	-0.14813	0.00540	26.2	null	null	13113	60
2026-05-27T16:15:20.398	WT901BLE68(F3:F0:16:BF:DC:AE)	-0.091	0.976	-0.185	12.573	12.756	20.691	98.14	3.74	11.99	-19.507	33.947	-32.900	-0.74969	-0.64490	-0.14813	0.00540	26.2	null	null	13113	60
2026-05-27T16:15:20.518	WT901BLE68(F3:F0:16:BF:DC:AE)	-0.107	0.994	-0.206	12.207	35.156	23.682	99.49	1.40	12.99	-19.507	33.947	-32.900	-0.74969	-0.64490	-0.14813	0.00540	26.2	null	null	13113	60
2026-05-27T16:15:20.573	WT901BLE68(F3:F0:16:BF:DC:AE)	-0.098	0.976	-0.186	14.771	29.724	35.522	100.89	-1.81	14.25	-7.827	28.500	-41.000	-0.74969	-0.64490	-0.14813	0.00540	26.2	null	null	13113	60
2026-05-27T16:15:20.697	WT901BLE68(F3:F0:16:BF:DC:AE)	0.018	0.994	-0.124	-1.892	41.809	35.522	101.57	-5.48	15.67	-7.827	28.500	-41.000	-0.74969	-0.64490	-0.14813	0.00540	26.2	null	null	13113	60
2026-05-27T16:15:20.784	WT901BLE68(F3:F0:16:BF:DC:AE)	0.062	1.208	0.070	-24.536	64.758	8.179	99.37	-8.63	20.11	-7.827	28.500	-41.000	-0.74969	-0.64490	-0.14813	0.00540	26.2	null	null	13113	60
2026-05-27T16:15:20.906	WT901BLE68(F3:F0:16:BF:DC:AE)	0.106	1.070	-0.071	-60.547	10.803	-35.522	93.31	-7.00	22.51	-7.827	28.500	-41.000	-0.63089	-0.75027	-0.08920	-0.17606	26.2	null	null	13113	60
2026-05-27T16:15:20.993	WT901BLE68(F3:F0:16:BF:DC:AE)	0.296	1.018	-0.096	-27.588	28.870	-37.415	89.33	-2.99	21.82	-7.827	28.500	-41.000	-0.63089	-0.75027	-0.08920	-0.17606	26.2	null	null	13113	60
2026-05-27T16:15:21.114	WT901BLE68(F3:F0:16:BF:DC:AE)	0.081	1.029	-0.040	-10.559	-20.691	-55.664	87.91	1.42	19.54	-7.827	28.500	-41.000	-0.63089	-0.75027	-0.08920	-0.17606	26.2	null	null	13113	60
2026-05-27T16:15:21.174	WT901BLE68(F3:F0:16:BF:DC:AE)	0.176	1.022	0.143	-21.545	-17.090	-38.574	86.31	5.43	15.20	-7.827	28.500	-41.000	-0.63089	-0.75027	-0.08920	-0.17606	26.2	null	null	13113	60
2026-05-27T16:15:21.295	WT901BLE68(F3:F0:16:BF:DC:AE)	0.213	0.922	0.076	-22.888	71.838	-15.930	84.00	7.28	15.36	-7.827	28.500	-41.000	-0.63089	-0.75027	-0.08920	-0.17606	26.2	null	null	13113	60
2026-05-27T16:15:21.387	WT901BLE68(F3:F0:16:BF:DC:AE)	-0.232	0.941	-0.015	-10.132	115.662	-23.865	83.54	9.68	22.58	-7.827	28.500	-41.000	-0.63089	-0.75027	-0.08920	-0.17606	26.2	null	null	13113	60
2026-05-27T16:15:21.505	WT901BLE68(F3:F0:16:BF:DC:AE)	-0.329	0.953	0.201	-6.104	15.564	-10.315	83.79	11.92	26.32	-7.827	28.500	-41.000	-0.63089	-0.75027	-0.08920	-0.17606	26.2	null	null	13113	60
2026-05-27T16:15:21.595	WT901BLE68(F3:F0:16:BF:DC:AE)	0.439	0.923	-0.102	28.992	93.567	-4.456	85.08	11.60	25.10	-16.453	34.927	-17.687	-0.63089	-0.75027	-0.08920	-0.17606	26.2	null	null	13113	60
2026-05-27T16:15:21.716	WT901BLE68(F3:F0:16:BF:DC:AE)	-0.426	0.990	-0.026	49.438	-13.123	31.677	93.27	10.15	30.49	-16.453	34.927	-17.687	-0.63089	-0.75027	-0.08920	-0.17606	26.2	null	null	13113	60
2026-05-27T16:15:21.772	WT901BLE68(F3:F0:16:BF:DC:AE)	-0.082	0.958	-0.088	31.006	24.048	20.325	96.01	8.07	25.42	-16.453	34.927	-17.687	-0.67130	-0.69995	-0.22205	-0.10001	26.2	null	null	13113	60
2026-05-27T16:15:21.923	WT901BLE68(F3:F0:16:BF:DC:AE)	-0.130	0.967	-0.268	32.471	28.381	24.414	99.65	5.68	26.13	-16.453	34.927	-17.687	-0.67130	-0.69995	-0.22205	-0.10001	26.2	null	null	13113	60
2026-05-27T16:15:21.986	WT901BLE68(F3:F0:16:BF:DC:AE)	-0.107	0.993	-0.178	25.085	35.828	23.743	102.80	2.71	25.42	-16.453	34.927	-17.687	-0.67130	-0.69995	-0.22205	-0.10001	26.2	null	null	13113	60
2026-05-27T16:15:22.107	WT901BLE68(F3:F0:16:BF:DC:AE)	-0.070	0.965	-0.209	13.611	27.283	25.391	104.52	-0.12	25.45	-16.453	34.927	-17.687	-0.67130	-0.69995	-0.22205	-0.10001	26.2	null	null	13113	60
2026-05-27T16:15:22.197	WT901BLE68(F3:F0:16:BF:DC:AE)	-0.042	0.960	-0.181	4.700	25.024	15.198	105.09	-2.43	24.85	-16.453	34.927	-17.687	-0.67130	-0.69995	-0.22205	-0.10001	26.2	null	null	13113	60
2026-05-27T16:15:22.314	WT901BLE68(F3:F0:16:BF:DC:AE)	0.069	0.980	-0.236	2.075	62.866	13.672	104.96	-4.46	26.85	-16.453	34.927	-17.687	-0.67130	-0.69995	-0.22205	-0.10001	26.2	null	null	13113	60
2026-05-27T16:15:22.404	WT901BLE68(F3:F0:16:BF:DC:AE)	-0.057	1.163	-0.109	-8.057	44.739	13.184	104.31	-7.24	29.17	-16.453	34.927	-17.687	-0.67130	-0.69995	-0.22205	-0.10001	26.2	null	null	13113	60
2026-05-27T16:15:22.524	WT901BLE68(F3:F0:16:BF:DC:AE)	0.253	1.122	0.069	-78.613	43.396	-20.691	98.61	-6.83	29.65	-6.520	29.093	-21.553	-0.67130	-0.69995	-0.22205	-0.10001	26.2	null	null	13113	60
2026-05-27T16:15:22.583	WT901BLE68(F3:F0:16:BF:DC:AE)	0.162	1.006	-0.269	-61.523	49.316	-51.636	90.94	-3.14	32.43	-6.520	29.093	-21.553	-0.66043	-0.69626	-0.17828	-0.21710	26.2	null	null	13113	60
2026-05-27T16:15:22.706	WT901BLE68(F3:F0:16:BF:DC:AE)	-0.007	0.890	-0.115	-32.349	-21.301	-46.509	86.47	0.53	27.84	-6.520	29.093	-21.553	-0.66043	-0.69626	-0.17828	-0.21710	26.2	null	null	13113	60
2026-05-27T16:15:22.797	WT901BLE68(F3:F0:16:BF:DC:AE)	0.079	0.987	0.081	-28.564	-25.085	-37.964	83.29	4.09	18.00	-6.520	29.093	-21.553	-0.66043	-0.69626	-0.17828	-0.21710	26.2	null	null	13113	60
2026-05-27T16:15:22.916	WT901BLE68(F3:F0:16:BF:DC:AE)	-0.016	0.863	0.077	-16.296	20.935	-24.353	80.99	6.90	12.91	-6.520	29.093	-21.553	-0.66043	-0.69626	-0.17828	-0.21710	26.2	null	null	13113	60
2026-05-27T16:15:23.003	WT901BLE68(F3:F0:16:BF:DC:AE)	-0.113	0.856	0.106	2.258	-2.625	-17.334	80.07	8.35	8.18	-6.520	29.093	-21.553	-0.66043	-0.69626	-0.17828	-0.21710	26.2	null	null	13113	60
2026-05-27T16:15:23.125	WT901BLE68(F3:F0:16:BF:DC:AE)	-0.139	0.936	0.451	5.310	-25.635	-2.686	80.06	9.46	2.10	-6.520	29.093	-21.553	-0.66043	-0.69626	-0.17828	-0.21710	26.2	null	null	13113	60
2026-05-27T16:15:23.216	WT901BLE68(F3:F0:16:BF:DC:AE)	0.087	1.358	0.183	28.870	-16.846	1.221	80.37	9.63	-4.05	-6.520	29.093	-21.553	-0.66043	-0.69626	-0.17828	-0.21710	26.2	null	null	13113	60
2026-05-27T16:15:23.338	WT901BLE68(F3:F0:16:BF:DC:AE)	-0.188	1.038	-0.297	60.547	99.670	20.447	84.42	9.54	-2.69	-6.520	29.093	-21.553	-0.66043	-0.69626	-0.17828	-0.21710	26.2	null	null	13113	60
2026-05-27T16:15:23.393	WT901BLE68(F3:F0:16:BF:DC:AE)	-0.175	0.996	-0.098	39.368	13.550	30.334	90.83	6.73	-1.72	-19.760	27.687	-6.360	-0.66043	-0.69626	-0.17828	-0.21710	26.2	null	null	13113	60
2026-05-27T16:15:23.517	WT901BLE68(F3:F0:16:BF:DC:AE)	-0.066	1.001	-0.146	32.715	49.988	20.020	94.82	4.01	-2.89	-19.760	27.687	-6.360	-0.66043	-0.69626	-0.17828	-0.21710	26.2	null	null	13113	60
2026-05-27T16:15:23.606	WT901BLE68(F3:F0:16:BF:DC:AE)	-0.095	0.999	-0.198	21.545	15.076	23.315	98.14	1.51	-2.68	-19.760	27.687	-6.360	-0.66757	-0.74362	-0.00195	0.03546	26.2	null	null	13113	60
2026-05-27T16:15:23.720	WT901BLE68(F3:F0:16:BF:DC:AE)	-0.000	0.971	-0.172	23.254	24.475	26.978	100.29	-0.66	-5.31	-19.760	27.687	-6.360	-0.66757	-0.74362	-0.00195	0.03546	26.2	null	null	13113	60
2026-05-27T16:15:23.818	WT901BLE68(F3:F0:16:BF:DC:AE)	-0.117	0.985	-0.093	10.010	28.992	32.227	102.17	-3.97	-5.92	-19.760	27.687	-6.360	-0.66757	-0.74362	-0.00195	0.03546	26.2	null	null	13113	60
2026-05-27T16:15:23.935	WT901BLE68(F3:F0:16:BF:DC:AE)	-0.035	0.975	-0.097	1.343	8.118	18.066	102.20	-5.91	-8.12	-19.760	27.687	-6.360	-0.66757	-0.74362	-0.00195	0.03546	26.2	null	null	13113	60
2026-05-27T16:15:23.994	WT901BLE68(F3:F0:16:BF:DC:AE)	-0.071	1.184	-0.130	-10.925	30.457	6.348	101.62	-7.16	-7.83	-19.760	27.687	-6.360	-0.66757	-0.74362	-0.00195	0.03546	26.2	null	null	13113	60
2026-05-27T16:15:24.115	WT901BLE68(F3:F0:16:BF:DC:AE)	0.101	1.221	0.096	-79.407	-4.822	-17.090	96.75	-5.97	-9.95	-19.760	27.687	-6.360	-0.66757	-0.74362	-0.00195	0.03546	26.2	null	null	13113	60
2026-05-27T16:15:24.205	WT901BLE68(F3:F0:16:BF:DC:AE)	0.105	1.003	-0.279	-65.308	21.240	-49.377	89.08	-2.10	-11.35	-19.760	27.687	-6.360	-0.66757	-0.74362	-0.00195	0.03546	26.2	null	null	13113	60
2026-05-27T16:15:24.326	WT901BLE68(F3:F0:16:BF:DC:AE)	-0.059	0.900	-0.152	-36.072	-53.406	-49.683	84.11	2.06	-17.03	-15.100	24.827	-3.967	-0.66757	-0.74362	-0.00195	0.03546	26.2	null	null	13113	60
2026-05-27T16:15:24.414	WT901BLE68(F3:F0:16:BF:DC:AE)	0.147	0.913	0.068	-26.306	-52.979	-39.246	81.07	4.81	-29.28	-15.100	24.827	-3.967	-0.66757	-0.74362	-0.00195	0.03546	26.2	null	null	13113	60
2026-05-27T16:15:24.537	WT901BLE68(F3:F0:16:BF:DC:AE)	0.026	0.802	0.101	-2.869	38.696	-22.339	79.88	7.03	-33.38	-15.100	24.827	-3.967	-0.72571	-0.62994	0.14096	0.23782	26.2	null	null	13113	60
2026-05-27T16:15:24.625	WT901BLE68(F3:F0:16:BF:DC:AE)	-0.266	0.902	0.178	11.841	-15.930	-21.851	80.90	8.53	-35.79	-15.100	24.827	-3.967	-0.72571	-0.62994	0.14096	0.23782	26.2	null	null	13113	60
2026-05-27T16:15:24.746	WT901BLE68(F3:F0:16:BF:DC:AE)	-0.318	0.946	0.340	26.428	-42.725	-9.949	81.82	9.97	-41.24	-15.100	24.827	-3.967	-0.72571	-0.62994	0.14096	0.23782	26.2	null	null	13113	60
2026-05-27T16:15:24.804	WT901BLE68(F3:F0:16:BF:DC:AE)	0.292	1.111	0.068	26.489	31.799	-0.549	83.36	8.50	-46.87	-15.100	24.827	-3.967	-0.72571	-0.62994	0.14096	0.23782	26.2	null	null	13113	60
2026-05-27T16:15:24.925	WT901BLE68(F3:F0:16:BF:DC:AE)	-0.420	0.980	-0.214	44.922	1.831	33.508	89.14	7.20	-40.13	-15.100	24.827	-3.967	-0.72571	-0.62994	0.14096	0.23782	26.2	null	null	13113	60
2026-05-27T16:15:25.014	WT901BLE68(F3:F0:16:BF:DC:AE)	-0.044	0.992	-0.090	31.372	40.344	17.761	92.16	4.43	-43.52	-15.100	24.827	-3.967	-0.72571	-0.62994	0.14096	0.23782	26.2	null	null	13113	60
2026-05-27T16:15:25.137	WT901BLE68(F3:F0:16:BF:DC:AE)	-0.146	1.001	-0.148	26.184	24.353	25.696	95.71	2.05	-40.95	-15.100	24.827	-3.967	-0.72571	-0.62994	0.14096	0.23782	26.2	null	null	13113	60
2026-05-27T16:15:25.225	WT901BLE68(F3:F0:16:BF:DC:AE)	0.003	0.964	-0.178	24.963	-11.841	27.954	98.13	-0.35	-43.45	-15.947	27.453	-7.300	-0.72571	-0.62994	0.14096	0.23782	26.2	null	null	13113	60
2026-05-27T16:15:25.345	WT901BLE68(F3:F0:16:BF:DC:AE)	-0.044	0.995	-0.177	24.231	17.090	30.579	100.96	-3.29	-44.13	-15.947	27.453	-7.300	-0.72571	-0.62994	0.14096	0.23782	26.2	null	null	13113	60
2026-05-27T16:15:25.403	WT901BLE68(F3:F0:16:BF:DC:AE)	0.016	0.979	-0.200	13.611	-3.906	29.236	102.46	-5.94	-45.11	-15.947	27.453	-7.300	-0.59549	-0.70798	0.31778	0.20758	26.2	null	null	13113	60
2026-05-27T16:15:25.527	WT901BLE68(F3:F0:16:BF:DC:AE)	-0.038	1.018	-0.077	1.709	15.991	17.334	103.21	-7.96	-45.63	-15.947	27.453	-7.300	-0.59549	-0.70798	0.31778	0.20758	26.2	null	null	13113	60
2026-05-27T16:15:25.613	WT901BLE68(F3:F0:16:BF:DC:AE)	-0.011	0.989	-0.250	-9.155	41.626	9.644	101.80	-9.34	-42.78	-15.947	27.453	-7.300	-0.59549	-0.70798	0.31778	0.20758	26.2	null	null	13113	60
2026-05-27T16:15:25.737	WT901BLE68(F3:F0:16:BF:DC:AE)	0.165	1.145	0.006	-46.997	11.597	4.944	98.43	-9.55	-41.94	-15.947	27.453	-7.300	-0.59549	-0.70798	0.31778	0.20758	26.2	null	null	13113	60
2026-05-27T16:15:25.825	WT901BLE68(F3:F0:16:BF:DC:AE)	0.144	1.029	-0.070	-65.063	-42.664	-24.902	92.68	-8.09	-45.13	-15.947	27.453	-7.300	-0.59549	-0.70798	0.31778	0.20758	26.2	null	null	13113	60
2026-05-27T16:15:25.947	WT901BLE68(F3:F0:16:BF:DC:AE)	0.246	1.037	-0.266	-49.316	-1.770	-42.542	87.58	-4.10	-49.59	-15.947	27.453	-7.300	-0.59549	-0.70798	0.31778	0.20758	26.2	null	null	13113	60
2026-05-27T16:15:26.034	WT901BLE68(F3:F0:16:BF:DC:AE)	0.049	0.976	-0.065	-28.442	-68.054	-48.645	85.07	0.21	-55.26	-10.360	21.073	-1.913	-0.59549	-0.70798	0.31778	0.20758	26.2	null	null	13113	60
2026-05-27T16:15:26.156	WT901BLE68(F3:F0:16:BF:DC:AE)	0.152	1.045	0.134	-25.269	-48.828	-42.480	82.55	3.44	-64.24	-10.360	21.073	-1.913	-0.59549	-0.70798	0.31778	0.20758	26.2	null	null	13113	60
2026-05-27T16:15:26.211	WT901BLE68(F3:F0:16:BF:DC:AE)	0.033	0.886	0.131	-13.000	35.095	-19.714	80.97	5.78	-64.63	-10.360	21.073	-1.913	-0.62360	-0.56769	0.31674	0.43405	26.2	null	null	13113	60
2026-05-27T16:15:26.334	WT901BLE68(F3:F0:16:BF:DC:AE)	-0.205	0.894	0.097	1.709	5.066	-17.761	80.89	7.25	-63.76	-10.360	21.073	-1.913	-0.62360	-0.56769	0.31674	0.43405	26.2	null	null	13113	60
2026-05-27T16:15:26.426	WT901BLE68(F3:F0:16:BF:DC:AE)	-0.333	0.931	0.157	29.602	-25.024	-7.080	82.36	8.67	-64.79	-10.360	21.073	-1.913	-0.62360	-0.56769	0.31674	0.43405	26.2	null	null	13113	60
2026-05-27T16:15:26.544	WT901BLE68(F3:F0:16:BF:DC:AE)	0.196	1.037	0.181	38.269	-2.869	4.761	84.77	7.23	-69.65	-10.360	21.073	-1.913	-0.62360	-0.56769	0.31674	0.43405	26.2	null	null	13113	60
2026-05-27T16:15:26.636	WT901BLE68(F3:F0:16:BF:DC:AE)	-0.234	0.988	-0.222	53.101	14.709	18.372	90.34	5.96	-64.25	-10.360	21.073	-1.913	-0.62360	-0.56769	0.31674	0.43405	26.2	null	null	13113	60
2026-05-27T16:15:26.756	WT901BLE68(F3:F0:16:BF:DC:AE)	0.002	1.026	-0.073	45.288	36.011	21.606	95.29	3.58	-63.09	-10.360	21.073	-1.913	-0.62360	-0.56769	0.31674	0.43405	26.2	null	null	13113	60
2026-05-27T16:15:26.814	WT901BLE68(F3:F0:16:BF:DC:AE)	-0.124	0.998	-0.129	26.123	28.442	22.034	98.90	1.22	-58.62	-10.360	21.073	-1.913	-0.62360	-0.56769	0.31674	0.43405	26.2	null	null	13113	60
2026-05-27T16:15:26.937	WT901BLE68(F3:F0:16:BF:DC:AE)	-0.028	0.973	-0.208	22.644	14.526	20.386	100.82	-0.59	-56.33	-10.360	21.073	-1.913	-0.62360	-0.56769	0.31674	0.43405	26.2	null	null	13113	60
2026-05-27T16:15:27.023	WT901BLE68(F3:F0:16:BF:DC:AE)	-0.005	0.978	-0.226	14.404	7.629	17.700	102.41	-2.36	-55.28	-8.833	26.340	-12.920	-0.62360	-0.56769	0.31674	0.43405	26.2	null	null	13113	60
2026-05-27T16:15:27.146	WT901BLE68(F3:F0:16:BF:DC:AE)	-0.000	0.973	-0.236	7.263	27.222	17.273	103.31	-4.08	-53.17	-8.833	26.340	-12.920	-0.62360	-0.56769	0.31674	0.43405	26.2	null	null	13113	60
2026-05-27T16:15:27.233	WT901BLE68(F3:F0:16:BF:DC:AE)	-0.051	0.981	-0.207	8.728	9.094	19.836	104.05	-5.92	-51.43	-8.833	26.340	-12.920	-0.56958	-0.69336	0.36880	0.24222	26.2	null	null	13113	60
2026-05-27T16:15:27.357	WT901BLE68(F3:F0:16:BF:DC:AE)	0.065	0.969	-0.188	-0.427	14.771	15.015	104.21	-7.28	-50.24	-8.833	26.340	-12.920	-0.56958	-0.69336	0.36880	0.24222	26.2	null	null	13113	60
2026-05-27T16:15:27.420	WT901BLE68(F3:F0:16:BF:DC:AE)	0.036	0.997	-0.216	-8.423	36.743	10.925	103.15	-8.85	-46.51	-8.833	26.340	-12.920	-0.56958	-0.69336	0.36880	0.24222	26.2	null	null	13113	60
2026-05-27T16:15:27.563	WT901BLE68(F3:F0:16:BF:DC:AE)	0.209	1.093	-0.033	-36.133	9.827	3.418	100.73	-9.46	-44.41	-8.833	26.340	-12.920	-0.56958	-0.69336	0.36880	0.24222	26.2	null	null	13113	60
2026-05-27T16:15:27.622	WT901BLE68(F3:F0:16:BF:DC:AE)	0.130	1.077	-0.014	-62.073	0.671	-18.066	95.32	-8.82	-43.51	-8.833	26.340	-12.920	-0.56958	-0.69336	0.36880	0.24222	26.2	null	null	13113	60
2026-05-27T16:15:27.746	WT901BLE68(F3:F0:16:BF:DC:AE)	0.125	0.971	-0.154	-48.035	7.446	-40.222	89.63	-5.62	-43.55	-8.833	26.340	-12.920	-0.56958	-0.69336	0.36880	0.24222	26.2	null	null	13113	60
2026-05-27T16:15:27.832	WT901BLE68(F3:F0:16:BF:DC:AE)	-0.010	0.463	-0.083	-18.860	-16.052	-36.987	86.77	-2.80	-46.88	-8.833	26.340	-12.920	-0.56958	-0.69336	0.36880	0.24222	26.2	null	null	13113	60
2026-05-27T16:15:27.952	WT901BLE68(F3:F0:16:BF:DC:AE)	0.029	1.020	0.026	-11.597	-63.232	-33.936	86.30	0.04	-54.71	-6.213	20.533	-1.433	-0.56958	-0.69336	0.36880	0.24222	26.2	null	null	13113	60
2026-05-27T16:15:28.040	WT901BLE68(F3:F0:16:BF:DC:AE)	0.221	0.969	0.107	-16.602	-14.771	-12.512	84.87	1.48	-59.78	-6.213	20.533	-1.433	-0.63565	-0.59293	0.32730	0.37030	26.2	null	null	13113	60
2026-05-27T16:15:28.166	WT901BLE68(F3:F0:16:BF:DC:AE)	-0.012	0.937	0.076	-1.587	19.348	-9.949	84.29	2.04	-58.79	-6.213	20.533	-1.433	-0.63565	-0.59293	0.32730	0.37030	26.2	null	null	13113	60
2026-05-27T16:15:28.222	WT901BLE68(F3:F0:16:BF:DC:AE)	-0.152	0.949	0.113	2.991	6.592	-13.000	84.61	3.14	-57.94	-6.213	20.533	-1.433	-0.63565	-0.59293	0.32730	0.37030	26.2	null	null	13113	60
