time	DeviceName	AccX(g)	AccY(g)	AccZ(g)	AsX(°/s)	AsY(°/s)	AsZ(°/s)	AngleX(°)	AngleY(°)	AngleZ(°)	HX(uT)	HY(uT)	HZ(uT)	Q0()	Q1()	Q2()	Q3()	Temperature(°C)	Height(m)	Pressure(kPa)	Version()	Battery level(%)
2026-05-27T15:52:20.997	WT901BLE68(F3:F0:16:BF:DC:AE)	0.013	1.004	0.436	24.353	-18.555	11.047	61.16	0.49	-122.68	-68.787	19.853	12.267	-0.26526	-0.16556	0.52777	0.78967	22.5	null	null	13113	75
2026-05-27T15:52:21.083	WT901BLE68(F3:F0:16:BF:DC:AE)	0.066	0.894	0.437	14.587	-21.790	10.132	63.09	-0.90	-121.73	-65.173	17.633	13.600	-0.26526	-0.16556	0.52777	0.78967	22.5	null	null	13113	75
2026-05-27T15:52:21.178	WT901BLE68(F3:F0:16:BF:DC:AE)	0.057	0.893	0.566	0.854	-15.381	13.306	63.85	-2.94	-121.31	-65.173	17.633	13.600	-0.26526	-0.16556	0.52777	0.78967	22.5	null	null	13113	75
2026-05-27T15:52:21.298	WT901BLE68(F3:F0:16:BF:DC:AE)	0.076	0.855	0.522	-2.563	20.691	16.052	63.33	-4.09	-118.94	-65.173	17.633	13.600	-0.26526	-0.16556	0.52777	0.78967	22.5	null	null	13113	75
2026-05-27T15:52:21.385	WT901BLE68(F3:F0:16:BF:DC:AE)	0.167	0.828	0.563	3.601	40.527	29.358	62.84	-4.38	-112.91	-65.173	17.633	13.600	-0.46005	-0.24512	0.46231	0.71722	22.5	null	null	13113	75
2026-05-27T15:52:21.508	WT901BLE68(F3:F0:16:BF:DC:AE)	0.118	0.847	0.499	-2.563	5.188	23.987	62.57	-5.81	-108.35	-65.173	17.633	13.600	-0.46005	-0.24512	0.46231	0.71722	22.5	null	null	13113	75
2026-05-27T15:52:21.592	WT901BLE68(F3:F0:16:BF:DC:AE)	0.205	0.850	0.572	-13.062	-25.024	9.521	62.11	-8.13	-107.40	-65.173	17.633	13.600	-0.46005	-0.24512	0.46231	0.71722	22.5	null	null	13113	75
2026-05-27T15:52:21.713	WT901BLE68(F3:F0:16:BF:DC:AE)	0.197	0.844	0.461	-21.851	-2.747	3.784	60.12	-9.30	-107.18	-65.173	17.633	13.600	-0.46005	-0.24512	0.46231	0.71722	22.5	null	null	13113	75
2026-05-27T15:52:21.771	WT901BLE68(F3:F0:16:BF:DC:AE)	-0.185	0.862	0.410	-19.043	-4.578	-28.137	58.20	-8.89	-106.72	-65.173	17.633	13.600	-0.46005	-0.24512	0.46231	0.71722	22.5	null	null	13113	75
2026-05-27T15:52:21.892	WT901BLE68(F3:F0:16:BF:DC:AE)	0.121	0.705	0.638	-24.353	53.528	-42.664	56.06	-4.28	-105.48	-65.173	17.633	13.600	-0.46005	-0.24512	0.46231	0.71722	22.5	null	null	13113	75
2026-05-27T15:52:21.981	WT901BLE68(F3:F0:16:BF:DC:AE)	-0.060	0.870	0.622	-10.925	20.264	-38.025	54.39	-0.01	-104.49	-61.453	15.780	10.180	-0.46005	-0.24512	0.46231	0.71722	22.5	null	null	13113	75
2026-05-27T15:52:22.104	WT901BLE68(F3:F0:16:BF:DC:AE)	0.023	0.820	0.457	9.399	43.152	-27.405	54.75	3.88	-103.12	-61.453	15.780	10.180	-0.46005	-0.24512	0.46231	0.71722	22.5	null	null	13113	75
2026-05-27T15:52:22.192	WT901BLE68(F3:F0:16:BF:DC:AE)	-0.250	0.900	0.588	14.099	3.845	-19.165	56.19	6.48	-102.37	-61.453	15.780	10.180	-0.53412	-0.32803	0.33524	0.70328	22.5	null	null	13113	75
2026-05-27T15:52:22.317	WT901BLE68(F3:F0:16:BF:DC:AE)	-0.125	0.830	0.562	13.306	-4.761	-9.338	57.80	7.20	-102.40	-61.453	15.780	10.180	-0.53412	-0.32803	0.33524	0.70328	22.5	null	null	13113	75
2026-05-27T15:52:22.403	WT901BLE68(F3:F0:16:BF:DC:AE)	-0.267	0.852	0.627	10.681	-8.911	-5.676	58.96	7.20	-102.75	-61.453	15.780	10.180	-0.53412	-0.32803	0.33524	0.70328	22.5	null	null	13113	75
2026-05-27T15:52:22.526	WT901BLE68(F3:F0:16:BF:DC:AE)	-0.133	0.826	0.613	9.460	-18.311	1.221	59.59	6.28	-103.88	-61.453	15.780	10.180	-0.53412	-0.32803	0.33524	0.70328	22.5	null	null	13113	75
2026-05-27T15:52:22.583	WT901BLE68(F3:F0:16:BF:DC:AE)	-0.053	0.825	0.474	-0.061	-13.184	4.639	59.57	4.92	-104.28	-61.453	15.780	10.180	-0.53412	-0.32803	0.33524	0.70328	22.5	null	null	13113	75
2026-05-27T15:52:22.705	WT901BLE68(F3:F0:16:BF:DC:AE)	-0.100	0.802	0.625	-13.367	-6.714	11.597	58.41	4.17	-103.13	-61.453	15.780	10.180	-0.53412	-0.32803	0.33524	0.70328	22.5	null	null	13113	75
2026-05-27T15:52:22.795	WT901BLE68(F3:F0:16:BF:DC:AE)	-0.100	0.819	0.526	-12.451	-7.935	14.954	56.92	2.60	-102.10	-61.453	15.780	10.180	-0.53412	-0.32803	0.33524	0.70328	22.5	null	null	13113	75
2026-05-27T15:52:22.911	WT901BLE68(F3:F0:16:BF:DC:AE)	-0.077	0.833	0.571	-5.432	0.000	32.898	55.71	-0.10	-100.36	-62.560	13.653	4.587	-0.53412	-0.32803	0.33524	0.70328	22.5	null	null	13113	75
2026-05-27T15:52:23.007	WT901BLE68(F3:F0:16:BF:DC:AE)	0.023	0.889	0.496	-3.052	-1.282	21.362	54.86	-2.19	-98.80	-62.560	13.653	4.587	-0.53412	-0.32803	0.33524	0.70328	22.5	null	null	13113	75
2026-05-27T15:52:23.124	WT901BLE68(F3:F0:16:BF:DC:AE)	0.113	0.872	0.412	15.442	-10.193	21.667	55.83	-4.00	-97.21	-62.560	13.653	4.587	-0.59286	-0.28635	0.36572	0.65778	22.5	null	null	13113	75
2026-05-27T15:52:23.186	WT901BLE68(F3:F0:16:BF:DC:AE)	0.184	0.836	0.488	20.386	-3.296	27.771	57.99	-6.11	-95.36	-62.560	13.653	4.587	-0.59286	-0.28635	0.36572	0.65778	22.5	null	null	13113	75
2026-05-27T15:52:23.303	WT901BLE68(F3:F0:16:BF:DC:AE)	0.195	0.829	0.448	-2.625	7.629	0.671	58.90	-7.43	-93.53	-62.560	13.653	4.587	-0.59286	-0.28635	0.36572	0.65778	22.5	null	null	13113	75
2026-05-27T15:52:23.395	WT901BLE68(F3:F0:16:BF:DC:AE)	0.154	0.785	0.587	-5.127	24.048	-2.197	58.51	-6.55	-90.83	-62.560	13.653	4.587	-0.59286	-0.28635	0.36572	0.65778	22.5	null	null	13113	75
2026-05-27T15:52:23.516	WT901BLE68(F3:F0:16:BF:DC:AE)	-0.063	0.848	0.620	-24.231	31.799	-17.883	56.82	-4.32	-88.36	-62.560	13.653	4.587	-0.59286	-0.28635	0.36572	0.65778	22.5	null	null	13113	75
2026-05-27T15:52:23.605	WT901BLE68(F3:F0:16:BF:DC:AE)	0.061	0.800	0.593	-16.235	4.333	-18.494	54.68	-1.93	-86.92	-62.560	13.653	4.587	-0.59286	-0.28635	0.36572	0.65778	22.5	null	null	13113	75
2026-05-27T15:52:23.723	WT901BLE68(F3:F0:16:BF:DC:AE)	0.103	0.787	0.663	-7.629	0.061	-24.963	53.28	-0.17	-87.55	-62.560	13.653	4.587	-0.59286	-0.28635	0.36572	0.65778	22.5	null	null	13113	75
2026-05-27T15:52:23.783	WT901BLE68(F3:F0:16:BF:DC:AE)	-0.069	0.913	0.496	8.118	29.602	-31.189	53.09	2.46	-87.69	-60.113	17.453	-2.427	-0.59286	-0.28635	0.36572	0.65778	22.5	null	null	13113	75
2026-05-27T15:52:23.936	WT901BLE68(F3:F0:16:BF:DC:AE)	-0.077	0.875	0.448	17.517	15.381	-24.719	54.32	6.32	-87.12	-60.113	17.453	-2.427	-0.59286	-0.28635	0.36572	0.65778	22.5	null	null	13113	75
2026-05-27T15:52:23.994	WT901BLE68(F3:F0:16:BF:DC:AE)	-0.277	0.920	0.409	15.503	-1.526	-22.766	56.03	8.61	-87.58	-60.113	17.453	-2.427	-0.61731	-0.37790	0.27692	0.63190	22.5	null	null	13113	75
2026-05-27T15:52:24.116	WT901BLE68(F3:F0:16:BF:DC:AE)	-0.064	0.790	0.505	21.790	-10.864	-7.690	57.65	8.93	-89.30	-60.113	17.453	-2.427	-0.61731	-0.37790	0.27692	0.63190	22.5	null	null	13113	75
2026-05-27T15:52:24.206	WT901BLE68(F3:F0:16:BF:DC:AE)	-0.236	0.786	0.567	3.540	-3.723	-10.620	58.83	8.98	-90.10	-60.113	17.453	-2.427	-0.61731	-0.37790	0.27692	0.63190	22.5	null	null	13113	75
2026-05-27T15:52:24.323	WT901BLE68(F3:F0:16:BF:DC:AE)	-0.153	0.791	0.627	-7.141	-5.371	0.122	58.39	9.09	-90.22	-60.113	17.453	-2.427	-0.61731	-0.37790	0.27692	0.63190	22.5	null	null	13113	75
2026-05-27T15:52:24.413	WT901BLE68(F3:F0:16:BF:DC:AE)	-0.294	0.869	0.544	-13.733	9.094	-3.906	57.05	9.69	-89.32	-60.113	17.453	-2.427	-0.61731	-0.37790	0.27692	0.63190	22.5	null	null	13113	75
2026-05-27T15:52:24.532	WT901BLE68(F3:F0:16:BF:DC:AE)	-0.135	0.768	0.595	-12.512	-11.169	-1.648	55.46	10.97	-87.87	-60.113	17.453	-2.427	-0.61731	-0.37790	0.27692	0.63190	22.5	null	null	13113	75
2026-05-27T15:52:24.595	WT901BLE68(F3:F0:16:BF:DC:AE)	-0.278	0.837	0.524	2.869	-20.691	0.916	54.54	10.27	-88.13	-60.113	17.453	-2.427	-0.61731	-0.37790	0.27692	0.63190	22.5	null	null	13113	75
2026-05-27T15:52:24.716	WT901BLE68(F3:F0:16:BF:DC:AE)	0.001	0.898	0.446	30.518	-93.445	16.541	55.66	6.48	-91.49	-60.113	17.453	-2.427	-0.61731	-0.37790	0.27692	0.63190	22.5	null	null	13113	75
2026-05-27T15:52:24.803	WT901BLE68(F3:F0:16:BF:DC:AE)	0.194	0.759	0.425	11.169	-87.585	5.066	56.89	-0.88	-100.81	-61.847	15.907	-4.160	-0.61731	-0.37790	0.27692	0.63190	22.5	null	null	13113	75
2026-05-27T15:52:24.922	WT901BLE68(F3:F0:16:BF:DC:AE)	-0.051	0.970	0.443	5.615	95.764	-2.808	58.23	-0.52	-97.99	-61.847	15.907	-4.160	-0.56024	-0.29083	0.38437	0.67355	22.5	null	null	13113	75
2026-05-27T15:52:25.016	WT901BLE68(F3:F0:16:BF:DC:AE)	-0.202	0.828	0.558	-9.583	43.152	3.479	58.20	2.86	-91.04	-61.847	15.907	-4.160	-0.56024	-0.29083	0.38437	0.67355	22.5	null	null	13113	75
2026-05-27T15:52:25.134	WT901BLE68(F3:F0:16:BF:DC:AE)	0.123	0.808	0.590	-1.770	-37.537	3.906	57.33	2.57	-90.16	-61.847	15.907	-4.160	-0.56024	-0.29083	0.38437	0.67355	22.5	null	null	13113	75
2026-05-27T15:52:25.193	WT901BLE68(F3:F0:16:BF:DC:AE)	-0.153	0.902	0.714	-12.268	9.583	-2.197	56.21	2.24	-90.41	-61.847	15.907	-4.160	-0.56024	-0.29083	0.38437	0.67355	22.5	null	null	13113	75
2026-05-27T15:52:25.349	WT901BLE68(F3:F0:16:BF:DC:AE)	0.079	0.777	0.696	-19.714	-0.061	-8.240	54.49	3.77	-89.05	-61.847	15.907	-4.160	-0.56024	-0.29083	0.38437	0.67355	22.5	null	null	13113	75
2026-05-27T15:52:25.403	WT901BLE68(F3:F0:16:BF:DC:AE)	-0.043	0.805	0.601	-13.550	-17.456	-17.395	53.06	4.65	-88.94	-61.847	15.907	-4.160	-0.56024	-0.29083	0.38437	0.67355	22.5	null	null	13113	75
2026-05-27T15:52:25.526	WT901BLE68(F3:F0:16:BF:DC:AE)	-0.064	0.845	0.584	14.099	-28.931	-18.799	53.21	4.61	-91.35	-61.847	15.907	-4.160	-0.56024	-0.29083	0.38437	0.67355	22.5	null	null	13113	75
2026-05-27T15:52:25.611	WT901BLE68(F3:F0:16:BF:DC:AE)	-0.179	0.837	0.525	15.137	6.409	-17.761	54.86	5.82	-91.82	-60.500	15.807	-2.800	-0.56024	-0.29083	0.38437	0.67355	22.5	null	null	13113	75
2026-05-27T15:52:25.734	WT901BLE68(F3:F0:16:BF:DC:AE)	-0.255	0.840	0.502	5.676	-12.024	-14.160	55.99	7.14	-91.70	-60.500	15.807	-2.800	-0.56024	-0.29083	0.38437	0.67355	22.5	null	null	13113	75
2026-05-27T15:52:25.827	WT901BLE68(F3:F0:16:BF:DC:AE)	-0.184	0.809	0.568	1.648	-9.949	-3.906	56.38	7.58	-91.99	-60.500	15.807	-2.800	-0.58963	-0.36710	0.29886	0.65430	22.5	null	null	13113	75
2026-05-27T15:52:25.942	WT901BLE68(F3:F0:16:BF:DC:AE)	-0.090	0.855	0.675	-6.165	-9.033	-6.653	56.35	7.47	-92.18	-60.500	15.807	-2.800	-0.58963	-0.36710	0.29886	0.65430	22.5	null	null	13113	75
2026-05-27T15:52:26.006	WT901BLE68(F3:F0:16:BF:DC:AE)	-0.243	0.801	0.676	-12.024	19.958	0.732	55.63	8.50	-90.25	-60.500	15.807	-2.800	-0.58963	-0.36710	0.29886	0.65430	22.5	null	null	13113	75
2026-05-27T15:52:26.125	WT901BLE68(F3:F0:16:BF:DC:AE)	-0.164	0.768	0.654	-14.160	-9.644	5.920	54.43	8.60	-88.68	-60.500	15.807	-2.800	-0.58963	-0.36710	0.29886	0.65430	22.5	null	null	13113	75
2026-05-27T15:52:26.218	WT901BLE68(F3:F0:16:BF:DC:AE)	-0.125	0.805	0.601	-5.371	-8.972	11.047	53.27	7.09	-88.71	-60.500	15.807	-2.800	-0.58963	-0.36710	0.29886	0.65430	22.5	null	null	13113	75
2026-05-27T15:52:26.337	WT901BLE68(F3:F0:16:BF:DC:AE)	0.049	0.846	0.542	10.376	-22.339	12.817	53.14	5.41	-89.30	-60.500	15.807	-2.800	-0.58963	-0.36710	0.29886	0.65430	22.5	null	null	13113	75
2026-05-27T15:52:26.425	WT901BLE68(F3:F0:16:BF:DC:AE)	-0.075	0.928	0.572	25.146	-31.616	6.897	55.26	3.85	-89.79	-60.500	15.807	-2.800	-0.58963	-0.36710	0.29886	0.65430	22.5	null	null	13113	75
2026-05-27T15:52:26.542	WT901BLE68(F3:F0:16:BF:DC:AE)	0.072	0.820	0.523	14.709	13.184	11.719	57.55	2.88	-89.02	-58.380	17.393	-2.573	-0.58963	-0.36710	0.29886	0.65430	22.5	null	null	13113	75
2026-05-27T15:52:26.605	WT901BLE68(F3:F0:16:BF:DC:AE)	-0.021	0.841	0.469	5.798	-17.334	8.850	58.57	2.05	-87.79	-58.380	17.393	-2.573	-0.58963	-0.36710	0.29886	0.65430	22.5	null	null	13113	75
2026-05-27T15:52:26.757	WT901BLE68(F3:F0:16:BF:DC:AE)	0.078	0.829	0.511	-4.272	-12.146	2.441	58.68	1.04	-87.90	-58.380	17.393	-2.573	-0.58963	-0.36710	0.29886	0.65430	22.5	null	null	13113	75
2026-05-27T15:52:26.813	WT901BLE68(F3:F0:16:BF:DC:AE)	0.202	0.876	0.478	-10.132	-20.081	5.432	57.88	0.20	-87.68	-58.380	17.393	-2.573	-0.62842	-0.35471	0.33417	0.60620	22.5	null	null	13113	75
2026-05-27T15:52:26.938	WT901BLE68(F3:F0:16:BF:DC:AE)	0.058	0.815	0.619	-10.254	-16.541	-0.732	57.21	-0.70	-88.10	-58.380	17.393	-2.573	-0.62842	-0.35471	0.33417	0.60620	22.5	null	null	13113	75
2026-05-27T15:52:27.023	WT901BLE68(F3:F0:16:BF:DC:AE)	-0.001	0.821	0.640	-12.756	-18.494	-7.019	56.13	-1.20	-88.73	-58.380	17.393	-2.573	-0.62842	-0.35471	0.33417	0.60620	22.5	null	null	13113	75
2026-05-27T15:52:27.145	WT901BLE68(F3:F0:16:BF:DC:AE)	0.049	0.801	0.580	-10.742	-16.052	-13.733	55.02	-1.40	-90.10	-58.380	17.393	-2.573	-0.62842	-0.35471	0.33417	0.60620	22.5	null	null	13113	75
2026-05-27T15:52:27.237	WT901BLE68(F3:F0:16:BF:DC:AE)	-0.060	0.833	0.579	4.211	-1.587	-25.574	54.75	-0.48	-91.49	-58.380	17.393	-2.573	-0.62842	-0.35471	0.33417	0.60620	22.5	null	null	13113	75
2026-05-27T15:52:27.359	WT901BLE68(F3:F0:16:BF:DC:AE)	-0.110	0.840	0.461	9.277	1.404	-27.893	55.50	1.39	-92.46	-58.380	17.393	-2.573	-0.62842	-0.35471	0.33417	0.60620	22.5	null	null	13113	75
2026-05-27T15:52:27.411	WT901BLE68(F3:F0:16:BF:DC:AE)	-0.147	0.844	0.560	0.488	-6.531	-22.949	55.98	3.23	-94.14	-55.927	16.393	0.380	-0.62842	-0.35471	0.33417	0.60620	22.5	null	null	13113	75
2026-05-27T15:52:27.535	WT901BLE68(F3:F0:16:BF:DC:AE)	-0.091	0.827	0.592	-0.610	-16.113	-9.094	55.78	3.91	-94.98	-55.927	16.393	0.380	-0.62842	-0.35471	0.33417	0.60620	22.5	null	null	13113	75
2026-05-27T15:52:27.624	WT901BLE68(F3:F0:16:BF:DC:AE)	-0.064	0.790	0.611	-5.188	-32.288	-14.893	55.31	3.47	-96.95	-55.927	16.393	0.380	-0.58041	-0.33240	0.32767	0.66721	22.5	null	null	13113	75
2026-05-27T15:52:27.747	WT901BLE68(F3:F0:16:BF:DC:AE)	-0.134	0.798	0.637	-7.446	-21.118	-11.963	54.33	2.80	-99.47	-55.927	16.393	0.380	-0.58041	-0.33240	0.32767	0.66721	22.5	null	null	13113	75
2026-05-27T15:52:27.835	WT901BLE68(F3:F0:16:BF:DC:AE)	-0.031	0.709	0.572	-11.902	-17.273	1.282	53.20	1.57	-100.57	-55.927	16.393	0.380	-0.58041	-0.33240	0.32767	0.66721	22.5	null	null	13113	75
2026-05-27T15:52:27.957	WT901BLE68(F3:F0:16:BF:DC:AE)	0.068	0.729	0.659	-13.977	-34.058	3.296	51.55	0.37	-101.47	-55.927	16.393	0.380	-0.58041	-0.33240	0.32767	0.66721	22.5	null	null	13113	75
2026-05-27T15:52:28.012	WT901BLE68(F3:F0:16:BF:DC:AE)	0.077	0.747	0.601	-6.287	-42.969	-7.141	50.70	-1.24	-103.11	-55.927	16.393	0.380	-0.58041	-0.33240	0.32767	0.66721	22.5	null	null	13113	75
2026-05-27T15:52:28.166	WT901BLE68(F3:F0:16:BF:DC:AE)	-0.041	0.853	0.529	16.296	-33.691	-8.789	51.44	-2.47	-105.51	-55.927	16.393	0.380	-0.58041	-0.33240	0.32767	0.66721	22.5	null	null	13113	75
2026-05-27T15:52:28.225	WT901BLE68(F3:F0:16:BF:DC:AE)	0.086	0.795	0.397	15.808	-9.644	-8.667	53.53	-3.16	-107.17	-55.927	16.393	0.380	-0.58041	-0.33240	0.32767	0.66721	22.5	null	null	13113	75
2026-05-27T15:52:28.341	WT901BLE68(F3:F0:16:BF:DC:AE)	0.023	0.852	0.551	7.996	7.385	-12.451	54.89	-2.04	-106.29	-48.653	14.813	9.927	-0.58041	-0.33240	0.32767	0.66721	22.5	null	null	13113	75
2026-05-27T15:52:28.433	WT901BLE68(F3:F0:16:BF:DC:AE)	-0.061	0.850	0.563	13.123	3.418	-3.601	56.20	-0.93	-105.05	-48.653	14.813	9.927	-0.58041	-0.33240	0.32767	0.66721	22.5	null	null	13113	75
2026-05-27T15:52:28.550	WT901BLE68(F3:F0:16:BF:DC:AE)	0.044	0.816	0.589	3.479	-23.010	-11.597	56.96	-0.82	-105.97	-48.653	14.813	9.927	-0.53622	-0.28372	0.38150	0.69736	22.5	null	null	13113	75
2026-05-27T15:52:28.645	WT901BLE68(F3:F0:16:BF:DC:AE)	0.073	0.796	0.546	-8.667	-37.170	-12.268	56.45	-1.98	-108.41	-48.653	14.813	9.927	-0.53622	-0.28372	0.38150	0.69736	22.5	null	null	13113	75
2026-05-27T15:52:28.768	WT901BLE68(F3:F0:16:BF:DC:AE)	0.042	0.821	0.624	-10.803	-39.307	-24.109	55.28	-2.48	-111.36	-48.653	14.813	9.927	-0.53622	-0.28372	0.38150	0.69736	22.5	null	null	13113	75
2026-05-27T15:52:28.824	WT901BLE68(F3:F0:16:BF:DC:AE)	-0.001	0.857	0.590	-5.737	-41.504	-32.776	54.77	-2.80	-115.66	-48.653	14.813	9.927	-0.53622	-0.28372	0.38150	0.69736	22.5	null	null	13113	75
2026-05-27T15:52:28.945	WT901BLE68(F3:F0:16:BF:DC:AE)	-0.019	0.883	0.536	4.333	-18.555	-40.466	54.73	-1.79	-119.65	-48.653	14.813	9.927	-0.53622	-0.28372	0.38150	0.69736	22.5	null	null	13113	75
2026-05-27T15:52:29.034	WT901BLE68(F3:F0:16:BF:DC:AE)	-0.079	0.877	0.525	11.292	-38.147	-39.368	55.66	0.17	-122.54	-48.653	14.813	9.927	-0.53622	-0.28372	0.38150	0.69736	22.5	null	null	13113	75
2026-05-27T15:52:29.151	WT901BLE68(F3:F0:16:BF:DC:AE)	-0.051	0.840	0.538	1.160	-19.836	-26.672	56.51	1.31	-125.40	-48.653	14.813	9.927	-0.53622	-0.28372	0.38150	0.69736	22.5	null	null	13113	75
2026-05-27T15:52:29.242	WT901BLE68(F3:F0:16:BF:DC:AE)	-0.026	0.776	0.628	-3.174	-15.808	-17.700	56.20	2.34	-126.43	-41.520	11.520	16.293	-0.53622	-0.28372	0.38150	0.69736	22.5	null	null	13113	75
2026-05-27T15:52:29.363	WT901BLE68(F3:F0:16:BF:DC:AE)	-0.104	0.799	0.646	-8.484	-25.024	-6.592	55.49	2.32	-127.12	-41.520	11.520	16.293	-0.53622	-0.28372	0.38150	0.69736	22.5	null	null	13113	75
2026-05-27T15:52:29.421	WT901BLE68(F3:F0:16:BF:DC:AE)	-0.003	0.788	0.650	-12.695	-23.010	-1.526	54.08	1.73	-127.67	-41.520	11.520	16.293	-0.38455	-0.21680	0.40622	0.79999	22.5	null	null	13113	75
2026-05-27T15:52:29.575	WT901BLE68(F3:F0:16:BF:DC:AE)	-0.073	0.793	0.663	-14.771	-24.963	-2.014	52.64	0.37	-127.93	-41.520	11.520	16.293	-0.38455	-0.21680	0.40622	0.79999	22.5	null	null	13113	75
2026-05-27T15:52:29.633	WT901BLE68(F3:F0:16:BF:DC:AE)	-0.017	0.754	0.664	-10.498	-27.405	-9.766	51.15	-0.63	-128.36	-41.520	11.520	16.293	-0.38455	-0.21680	0.40622	0.79999	22.5	null	null	13113	75
2026-05-27T15:52:29.752	WT901BLE68(F3:F0:16:BF:DC:AE)	-0.059	0.877	0.608	5.615	-30.334	-17.761	50.76	-1.29	-130.13	-41.520	11.520	16.293	-0.38455	-0.21680	0.40622	0.79999	22.5	null	null	13113	75
2026-05-27T15:52:29.846	WT901BLE68(F3:F0:16:BF:DC:AE)	-0.092	0.844	0.564	18.982	-25.330	-10.925	52.26	-1.09	-131.28	-41.520	11.520	16.293	-0.38455	-0.21680	0.40622	0.79999	22.5	null	null	13113	75
2026-05-27T15:52:29.965	WT901BLE68(F3:F0:16:BF:DC:AE)	0.066	0.814	0.504	15.869	-14.526	-1.953	54.24	-1.94	-132.19	-41.520	11.520	16.293	-0.38455	-0.21680	0.40622	0.79999	22.5	null	null	13113	75
2026-05-27T15:52:30.053	WT901BLE68(F3:F0:16:BF:DC:AE)	0.120	0.797	0.598	6.958	-28.625	-6.409	55.54	-2.54	-132.67	-41.520	11.520	16.293	-0.38455	-0.21680	0.40622	0.79999	22.5	null	null	13113	75
2026-05-27T15:52:30.205	WT901BLE68(F3:F0:16:BF:DC:AE)	0.085	0.840	0.666	-5.249	-36.438	-3.418	56.02	-3.91	-133.99	-27.587	11.787	17.833	-0.38455	-0.21680	0.40622	0.79999	22.5	null	null	13113	75
2026-05-27T15:52:30.230	WT901BLE68(F3:F0:16:BF:DC:AE)	0.155	0.755	0.532	-15.991	-17.395	-9.827	54.97	-4.67	-134.74	-27.587	11.787	17.833	-0.38455	-0.21680	0.40622	0.79999	22.5	null	null	13113	75
2026-05-27T15:52:30.352	WT901BLE68(F3:F0:16:BF:DC:AE)	0.067	0.806	0.629	-16.479	-27.527	-17.883	53.43	-4.77	-135.49	-27.587	11.787	17.833	-0.35773	-0.14032	0.43542	0.81403	22.5	null	null	13113	75
2026-05-27T15:52:30.445	WT901BLE68(F3:F0:16:BF:DC:AE)	-0.032	0.857	0.713	-11.841	-36.743	-32.715	52.48	-4.80	-138.02	-27.587	11.787	17.833	-0.35773	-0.14032	0.43542	0.81403	22.5	null	null	13113	75
2026-05-27T15:52:30.569	WT901BLE68(F3:F0:16:BF:DC:AE)	0.151	0.840	0.498	-3.296	-7.690	-42.114	52.04	-3.35	-140.42	-27.587	11.787	17.833	-0.35773	-0.14032	0.43542	0.81403	22.5	null	null	13113	75
2026-05-27T15:52:30.656	WT901BLE68(F3:F0:16:BF:DC:AE)	-0.176	0.821	0.581	12.329	-23.682	-45.471	52.71	0.63	-141.51	-27.587	11.787	17.833	-0.35773	-0.14032	0.43542	0.81403	22.5	null	null	13113	75
2026-05-27T15:52:30.777	WT901BLE68(F3:F0:16:BF:DC:AE)	-0.041	0.847	0.507	3.784	-28.809	-30.518	53.57	1.22	-144.90	-27.587	11.787	17.833	-0.35773	-0.14032	0.43542	0.81403	22.5	null	null	13113	75
2026-05-27T15:52:30.837	WT901BLE68(F3:F0:16:BF:DC:AE)	-0.054	0.803	0.615	-2.136	-10.559	-19.958	53.50	2.35	-145.04	-27.587	11.787	17.833	-0.35773	-0.14032	0.43542	0.81403	22.5	null	null	13113	75
2026-05-27T15:52:30.957	WT901BLE68(F3:F0:16:BF:DC:AE)	-0.061	0.809	0.575	3.845	-23.499	-9.644	53.46	2.50	-145.08	-27.587	11.787	17.833	-0.35773	-0.14032	0.43542	0.81403	22.5	null	null	13113	75
2026-05-27T15:52:31.041	WT901BLE68(F3:F0:16:BF:DC:AE)	-0.097	0.835	0.601	4.395	-15.503	-4.395	53.64	2.03	-144.79	-23.993	12.900	14.447	-0.35773	-0.14032	0.43542	0.81403	22.5	null	null	13113	75
2026-05-27T15:52:31.163	WT901BLE68(F3:F0:16:BF:DC:AE)	0.042	0.829	0.500	-1.038	-28.931	-2.563	53.88	0.94	-144.53	-23.993	12.900	14.447	-0.35773	-0.14032	0.43542	0.81403	22.5	null	null	13113	75
2026-05-27T15:52:31.253	WT901BLE68(F3:F0:16:BF:DC:AE)	-0.100	0.848	0.580	-1.465	18.677	0.854	53.18	0.48	-143.00	-23.993	12.900	14.447	-0.27087	-0.14157	0.42883	0.85004	22.5	null	null	13113	75
2026-05-27T15:52:31.376	WT901BLE68(F3:F0:16:BF:DC:AE)	-0.025	0.839	0.435	10.193	-21.790	-11.841	53.88	0.25	-141.80	-23.993	12.900	14.447	-0.27087	-0.14157	0.42883	0.85004	22.5	null	null	13113	75
2026-05-27T15:52:31.465	WT901BLE68(F3:F0:16:BF:DC:AE)	-0.110	0.988	0.537	11.963	-0.488	-23.682	55.35	0.74	-141.34	-23.993	12.900	14.447	-0.27087	-0.14157	0.42883	0.85004	22.5	null	null	13113	75
2026-05-27T15:52:31.584	WT901BLE68(F3:F0:16:BF:DC:AE)	-0.032	0.850	0.366	29.724	-16.174	-22.156	57.89	2.86	-139.75	-23.993	12.900	14.447	-0.27087	-0.14157	0.42883	0.85004	22.5	null	null	13113	75
2026-05-27T15:52:31.642	WT901BLE68(F3:F0:16:BF:DC:AE)	-0.004	0.896	0.417	18.005	-20.447	-55.298	60.54	4.70	-141.25	-23.993	12.900	14.447	-0.27087	-0.14157	0.42883	0.85004	22.5	null	null	13113	75
2026-05-27T15:52:31.768	WT901BLE68(F3:F0:16:BF:DC:AE)	-0.291	0.884	0.438	15.381	31.494	-46.265	62.21	10.40	-139.16	-23.993	12.900	14.447	-0.27087	-0.14157	0.42883	0.85004	22.5	null	null	13113	75
2026-05-27T15:52:31.855	WT901BLE68(F3:F0:16:BF:DC:AE)	-0.368	0.868	0.594	8.545	-8.301	-28.381	62.90	13.60	-137.36	-23.993	12.900	14.447	-0.27087	-0.14157	0.42883	0.85004	22.5	null	null	13113	75
2026-05-27T15:52:31.972	WT901BLE68(F3:F0:16:BF:DC:AE)	-0.167	0.912	0.434	18.433	-28.809	-32.410	63.09	14.64	-138.54	-29.740	20.393	7.867	-0.27087	-0.14157	0.42883	0.85004	22.5	null	null	13113	75
2026-05-27T15:52:32.064	WT901BLE68(F3:F0:16:BF:DC:AE)	-0.308	0.828	0.380	11.719	-0.610	-22.522	63.96	16.50	-137.35	-29.740	20.393	7.867	-0.27087	-0.14157	0.42883	0.85004	22.5	null	null	13113	75
2026-05-27T15:52:32.184	WT901BLE68(F3:F0:16:BF:DC:AE)	-0.244	0.865	0.363	9.399	7.629	-22.461	64.67	18.22	-135.64	-29.740	20.393	7.867	-0.23505	-0.31430	0.44147	0.80682	22.5	null	null	13113	75
2026-05-27T15:52:32.245	WT901BLE68(F3:F0:16:BF:DC:AE)	-0.323	0.786	0.484	8.118	-16.724	-11.230	65.04	19.51	-133.99	-29.740	20.393	7.867	-0.23505	-0.31430	0.44147	0.80682	22.5	null	null	13113	75
2026-05-27T15:52:32.366	WT901BLE68(F3:F0:16:BF:DC:AE)	-0.177	0.916	0.607	5.371	-109.558	-2.136	65.52	17.75	-135.94	-29.740	20.393	7.867	-0.23505	-0.31430	0.44147	0.80682	22.5	null	null	13113	75
2026-05-27T15:52:32.455	WT901BLE68(F3:F0:16:BF:DC:AE)	-0.130	0.873	0.520	-26.428	-36.011	-21.973	62.96	17.92	-136.10	-29.740	20.393	7.867	-0.23505	-0.31430	0.44147	0.80682	22.5	null	null	13113	75
2026-05-27T15:52:32.577	WT901BLE68(F3:F0:16:BF:DC:AE)	-0.333	0.800	0.638	-16.479	8.484	4.395	60.34	17.67	-133.67	-29.740	20.393	7.867	-0.23505	-0.31430	0.44147	0.80682	22.5	null	null	13113	75
2026-05-27T15:52:32.668	WT901BLE68(F3:F0:16:BF:DC:AE)	-0.271	0.788	0.533	-13.062	-6.348	11.108	58.99	16.49	-130.20	-29.740	20.393	7.867	-0.23505	-0.31430	0.44147	0.80682	22.5	null	null	13113	75
2026-05-27T15:52:32.786	WT901BLE68(F3:F0:16:BF:DC:AE)	-0.216	0.761	0.583	-15.747	3.540	19.958	57.43	14.83	-126.71	-29.740	20.393	7.867	-0.23505	-0.31430	0.44147	0.80682	22.5	null	null	13113	75
2026-05-27T15:52:32.874	WT901BLE68(F3:F0:16:BF:DC:AE)	-0.370	0.730	0.557	-9.277	-7.263	10.559	56.49	14.23	-122.17	-30.160	19.487	8.060	-0.23505	-0.31430	0.44147	0.80682	22.5	null	null	13113	75
2026-05-27T15:52:32.993	WT901BLE68(F3:F0:16:BF:DC:AE)	-0.153	0.681	0.436	-4.211	18.921	22.217	55.77	13.07	-119.43	-30.160	19.487	8.060	-0.23505	-0.31430	0.44147	0.80682	22.5	null	null	13113	75
2026-05-27T15:52:33.052	WT901BLE68(F3:F0:16:BF:DC:AE)	-0.334	0.767	0.512	10.132	-44.128	19.470	55.69	10.93	-116.71	-30.160	19.487	8.060	-0.41495	-0.32101	0.34818	0.77679	22.5	null	null	13113	75
2026-05-27T15:52:33.175	WT901BLE68(F3:F0:16:BF:DC:AE)	-0.200	0.829	0.442	22.156	-39.429	26.245	57.13	6.99	-117.53	-30.160	19.487	8.060	-0.41495	-0.32101	0.34818	0.77679	22.5	null	null	13113	75
2026-05-27T15:52:33.266	WT901BLE68(F3:F0:16:BF:DC:AE)	-0.048	0.820	0.499	6.409	-14.465	22.400	58.19	3.49	-116.35	-30.160	19.487	8.060	-0.41495	-0.32101	0.34818	0.77679	22.5	null	null	13113	75
2026-05-27T15:52:33.386	WT901BLE68(F3:F0:16:BF:DC:AE)	-0.003	0.855	0.638	5.493	-70.984	17.456	58.82	-0.13	-116.72	-30.160	19.487	8.060	-0.41495	-0.32101	0.34818	0.77679	22.5	null	null	13113	75
2026-05-27T15:52:33.473	WT901BLE68(F3:F0:16:BF:DC:AE)	0.002	0.804	0.471	-22.095	-28.931	9.338	57.55	-3.23	-116.67	-30.160	19.487	8.060	-0.41495	-0.32101	0.34818	0.77679	22.5	null	null	13113	75
2026-05-27T15:52:33.593	WT901BLE68(F3:F0:16:BF:DC:AE)	0.066	0.822	0.419	-30.701	-11.230	-13.306	54.62	-3.99	-116.13	-30.160	19.487	8.060	-0.41495	-0.32101	0.34818	0.77679	22.5	null	null	13113	75
2026-05-27T15:52:33.652	WT901BLE68(F3:F0:16:BF:DC:AE)	0.111	0.816	0.627	-22.217	-18.188	-28.259	52.81	-2.98	-116.91	-30.160	19.487	8.060	-0.41495	-0.32101	0.34818	0.77679	22.5	null	null	13113	75
2026-05-27T15:52:33.774	WT901BLE68(F3:F0:16:BF:DC:AE)	-0.013	0.793	0.571	-15.869	3.479	-36.865	51.41	-0.68	-117.44	-18.293	15.120	7.173	-0.41495	-0.32101	0.34818	0.77679	22.5	null	null	13113	75
2026-05-27T15:52:33.866	WT901BLE68(F3:F0:16:BF:DC:AE)	-0.210	0.879	0.707	13.489	-12.756	-48.401	51.62	3.20	-117.42	-18.293	15.120	7.173	-0.41495	-0.32101	0.34818	0.77679	22.5	null	null	13113	75
2026-05-27T15:52:33.984	WT901BLE68(F3:F0:16:BF:DC:AE)	-0.055	0.852	0.491	10.132	-35.889	-24.902	53.12	3.29	-121.02	-18.293	15.120	7.173	-0.44025	-0.24707	0.36795	0.78079	22.5	null	null	13113	75
2026-05-27T15:52:34.071	WT901BLE68(F3:F0:16:BF:DC:AE)	-0.189	0.807	0.635	-2.075	1.770	-16.357	53.17	4.97	-119.82	-18.293	15.120	7.173	-0.44025	-0.24707	0.36795	0.78079	22.5	null	null	13113	75
2026-05-27T15:52:34.199	WT901BLE68(F3:F0:16:BF:DC:AE)	-0.077	0.790	0.616	1.709	-25.146	-9.521	53.07	5.14	-119.65	-18.293	15.120	7.173	-0.44025	-0.24707	0.36795	0.78079	22.5	null	null	13113	75
2026-05-27T15:52:34.282	WT901BLE68(F3:F0:16:BF:DC:AE)	-0.128	0.763	0.642	-3.174	-31.616	-9.033	52.69	4.16	-119.58	-18.293	15.120	7.173	-0.44025	-0.24707	0.36795	0.78079	22.5	null	null	13113	75
2026-05-27T15:52:34.406	WT901BLE68(F3:F0:16:BF:DC:AE)	-0.118	0.825	0.628	0.305	-69.092	-2.808	52.67	0.74	-122.36	-18.293	15.120	7.173	-0.44025	-0.24707	0.36795	0.78079	22.5	null	null	13113	75
2026-05-27T15:52:34.464	WT901BLE68(F3:F0:16:BF:DC:AE)	0.051	0.765	0.615	-1.404	-40.466	9.216	52.34	-2.52	-123.24	-18.293	15.120	7.173	-0.44025	-0.24707	0.36795	0.78079	22.5	null	null	13113	75
2026-05-27T15:52:34.582	WT901BLE68(F3:F0:16:BF:DC:AE)	0.017	0.848	0.605	2.319	-47.180	-0.061	52.60	-5.66	-123.18	-18.293	15.120	7.173	-0.44025	-0.24707	0.36795	0.78079	22.5	null	null	13113	75
2026-05-27T15:52:34.704	WT901BLE68(F3:F0:16:BF:DC:AE)	0.152	0.840	0.537	21.912	-29.358	0.610	53.41	-7.44	-121.92	-12.133	15.107	1.600	-0.44025	-0.24707	0.36795	0.78079	22.5	null	null	13113	75
2026-05-27T15:52:34.796	WT901BLE68(F3:F0:16:BF:DC:AE)	0.180	0.791	0.472	18.250	-0.793	16.541	55.93	-9.10	-119.90	-12.133	15.107	1.600	-0.44025	-0.24707	0.36795	0.78079	22.5	null	null	13113	75
2026-05-27T15:52:34.884	WT901BLE68(F3:F0:16:BF:DC:AE)	0.209	0.900	0.481	12.634	-31.677	18.372	57.64	-11.56	-116.14	-12.133	15.107	1.600	-0.48764	-0.17902	0.44449	0.72971	22.5	null	null	13113	75
2026-05-27T15:52:35.007	WT901BLE68(F3:F0:16:BF:DC:AE)	0.201	0.822	0.445	2.869	-16.418	2.258	58.73	-13.07	-112.60	-12.133	15.107	1.600	-0.48764	-0.17902	0.44449	0.72971	22.5	null	null	13113	75
2026-05-27T15:52:35.064	WT901BLE68(F3:F0:16:BF:DC:AE)	0.306	0.821	0.419	3.784	-31.982	8.789	59.64	-14.90	-109.75	-12.133	15.107	1.600	-0.48764	-0.17902	0.44449	0.72971	22.5	null	null	13113	75
2026-05-27T15:52:35.184	WT901BLE68(F3:F0:16:BF:DC:AE)	0.347	0.863	0.648	-27.222	37.476	-5.249	59.08	-15.19	-105.42	-12.133	15.107	1.600	-0.48764	-0.17902	0.44449	0.72971	22.5	null	null	13113	75
2026-05-27T15:52:35.273	WT901BLE68(F3:F0:16:BF:DC:AE)	0.343	0.792	0.560	-25.574	-18.616	-6.409	56.64	-14.29	-101.00	-12.133	15.107	1.600	-0.48764	-0.17902	0.44449	0.72971	22.5	null	null	13113	75
2026-05-27T15:52:35.393	WT901BLE68(F3:F0:16:BF:DC:AE)	0.260	0.774	0.577	-24.170	-8.179	-1.343	54.44	-14.30	-97.56	-12.133	15.107	1.600	-0.48764	-0.17902	0.44449	0.72971	22.5	null	null	13113	75
2026-05-27T15:52:35.485	WT901BLE68(F3:F0:16:BF:DC:AE)	0.230	0.750	0.559	-15.869	22.400	5.310	52.20	-14.77	-94.17	-12.133	15.107	1.600	-0.48764	-0.17902	0.44449	0.72971	22.5	null	null	13113	75
2026-05-27T15:52:35.604	WT901BLE68(F3:F0:16:BF:DC:AE)	0.263	0.882	0.603	-6.409	0.000	-13.672	51.36	-14.50	-89.97	-4.460	11.880	-4.413	-0.48764	-0.17902	0.44449	0.72971	22.5	null	null	13113	75
2026-05-27T15:52:35.694	WT901BLE68(F3:F0:16:BF:DC:AE)	0.218	0.787	0.524	0.793	16.235	-23.926	51.36	-10.92	-87.16	-4.460	11.880	-4.413	-0.48764	-0.17902	0.44449	0.72971	22.5	null	null	13113	75
2026-05-27T15:52:35.813	WT901BLE68(F3:F0:16:BF:DC:AE)	0.116	0.805	0.587	4.028	13.794	-25.330	52.03	-7.23	-83.94	-4.460	11.880	-4.413	-0.68130	-0.26578	0.35046	0.58502	22.5	null	null	13113	75
2026-05-27T15:52:35.875	WT901BLE68(F3:F0:16:BF:DC:AE)	-0.072	0.804	0.542	-2.502	15.625	-7.080	52.01	-4.54	-80.55	-4.460	11.880	-4.413	-0.68130	-0.26578	0.35046	0.58502	22.5	null	null	13113	75
2026-05-27T15:52:35.998	WT901BLE68(F3:F0:16:BF:DC:AE)	0.011	0.793	0.638	-9.888	22.888	-5.493	51.54	-2.87	-77.02	-4.460	11.880	-4.413	-0.68130	-0.26578	0.35046	0.58502	22.5	null	null	13113	75
2026-05-27T15:52:36.083	WT901BLE68(F3:F0:16:BF:DC:AE)	-0.023	0.777	0.717	-6.958	6.042	0.305	50.58	-1.26	-74.59	-4.460	11.880	-4.413	-0.68130	-0.26578	0.35046	0.58502	22.5	null	null	13113	75
2026-05-27T15:52:36.207	WT901BLE68(F3:F0:16:BF:DC:AE)	-0.020	0.757	0.604	-1.526	-11.597	4.089	50.16	-1.78	-73.33	-4.460	11.880	-4.413	-0.68130	-0.26578	0.35046	0.58502	22.5	null	null	13113	75
2026-05-27T15:52:36.294	WT901BLE68(F3:F0:16:BF:DC:AE)	0.160	0.750	0.674	-0.061	-8.118	8.545	50.32	-3.53	-73.06	-4.460	11.880	-4.413	-0.68130	-0.26578	0.35046	0.58502	22.5	null	null	13113	75
2026-05-27T15:52:36.415	WT901BLE68(F3:F0:16:BF:DC:AE)	0.172	0.722	0.621	-10.132	14.648	12.817	49.71	-4.26	-70.46	-4.460	11.880	-4.413	-0.68130	-0.26578	0.35046	0.58502	22.5	null	null	13113	75
2026-05-27T15:52:36.473	WT901BLE68(F3:F0:16:BF:DC:AE)	0.207	0.695	0.635	3.052	13.611	14.954	49.32	-4.90	-67.62	-8.927	13.120	-3.313	-0.68130	-0.26578	0.35046	0.58502	22.5	null	null	13113	75
2026-05-27T15:52:36.595	WT901BLE68(F3:F0:16:BF:DC:AE)	0.023	0.837	0.671	30.762	-10.254	5.920	50.94	-4.87	-64.64	-8.927	13.120	-3.313	-0.68130	-0.26578	0.35046	0.58502	22.5	null	null	13113	75
2026-05-27T15:52:36.682	WT901BLE68(F3:F0:16:BF:DC:AE)	0.104	0.843	0.382	22.461	22.339	22.034	53.79	-6.47	-62.54	-8.927	13.120	-3.313	-0.77109	-0.34784	0.26843	0.46072	22.5	null	null	13113	75
2026-05-27T15:52:36.808	WT901BLE68(F3:F0:16:BF:DC:AE)	0.186	0.793	0.554	5.249	2.197	18.433	55.01	-7.66	-59.43	-8.927	13.120	-3.313	-0.77109	-0.34784	0.26843	0.46072	22.5	null	null	13113	75
2026-05-27T15:52:36.896	WT901BLE68(F3:F0:16:BF:DC:AE)	0.172	0.853	0.559	-0.061	-8.789	13.733	55.48	-9.40	-57.37	-8.927	13.120	-3.313	-0.77109	-0.34784	0.26843	0.46072	22.5	null	null	13113	75
2026-05-27T15:52:37.015	WT901BLE68(F3:F0:16:BF:DC:AE)	0.235	0.794	0.583	-3.296	5.798	12.634	55.33	-10.54	-54.98	-8.927	13.120	-3.313	-0.77109	-0.34784	0.26843	0.46072	22.5	null	null	13113	75
2026-05-27T15:52:37.106	WT901BLE68(F3:F0:16:BF:DC:AE)	0.191	0.801	0.542	-8.545	-19.470	2.380	54.89	-11.54	-52.99	-8.927	13.120	-3.313	-0.77109	-0.34784	0.26843	0.46072	22.5	null	null	13113	75
2026-05-27T15:52:37.226	WT901BLE68(F3:F0:16:BF:DC:AE)	0.166	0.723	0.648	-22.217	-1.526	-18.799	53.26	-10.70	-52.43	-8.927	13.120	-3.313	-0.77109	-0.34784	0.26843	0.46072	22.5	null	null	13113	75
2026-05-27T15:52:37.286	WT901BLE68(F3:F0:16:BF:DC:AE)	0.302	0.803	0.577	-41.870	3.906	-46.448	50.67	-9.12	-53.16	-8.927	13.120	-3.313	-0.77109	-0.34784	0.26843	0.46072	22.5	null	null	13113	75
2026-05-27T15:52:37.406	WT901BLE68(F3:F0:16:BF:DC:AE)	0.086	0.758	0.739	-62.378	79.285	-90.576	45.91	-0.87	-53.81	-7.180	13.393	-6.960	-0.77109	-0.34784	0.26843	0.46072	22.5	null	null	13113	75
2026-05-27T15:52:37.494	WT901BLE68(F3:F0:16:BF:DC:AE)	-0.491	0.517	0.729	-35.767	90.515	-90.759	40.77	12.42	-53.49	-7.180	13.393	-6.960	-0.77109	-0.34784	0.26843	0.46072	22.5	null	null	13113	75
2026-05-27T15:52:37.611	WT901BLE68(F3:F0:16:BF:DC:AE)	-0.376	0.591	0.644	0.366	39.063	-42.786	38.75	20.19	-55.04	-7.180	13.393	-6.960	-0.80521	-0.35861	0.02869	0.47128	22.5	null	null	13113	75
2026-05-27T15:52:37.708	WT901BLE68(F3:F0:16:BF:DC:AE)	-0.487	0.588	0.792	-2.197	3.052	-17.639	39.00	23.64	-55.84	-7.180	13.393	-6.960	-0.80521	-0.35861	0.02869	0.47128	22.5	null	null	13113	75
2026-05-27T15:52:37.829	WT901BLE68(F3:F0:16:BF:DC:AE)	-0.365	0.530	0.789	6.348	-35.583	24.597	37.32	18.48	-59.17	-7.180	13.393	-6.960	-0.80521	-0.35861	0.02869	0.47128	22.5	null	null	13113	75
2026-05-27T15:52:37.881	WT901BLE68(F3:F0:16:BF:DC:AE)	-0.123	0.707	0.713	23.438	-32.898	15.869	38.34	14.43	-59.39	-7.180	13.393	-6.960	-0.80521	-0.35861	0.02869	0.47128	22.5	null	null	13113	75
2026-05-27T15:52:38.005	WT901BLE68(F3:F0:16:BF:DC:AE)	-0.256	0.571	0.790	16.724	-18.372	22.827	40.52	11.40	-59.52	-7.180	13.393	-6.960	-0.80521	-0.35861	0.02869	0.47128	22.5	null	null	13113	75
2026-05-27T15:52:38.096	WT901BLE68(F3:F0:16:BF:DC:AE)	-0.250	0.650	0.729	-4.089	4.578	26.733	40.97	10.06	-56.60	-7.180	13.393	-6.960	-0.80521	-0.35861	0.02869	0.47128	22.5	null	null	13113	75
2026-05-27T15:52:38.217	WT901BLE68(F3:F0:16:BF:DC:AE)	-0.196	0.690	0.671	9.827	-34.180	35.156	41.30	7.06	-54.95	-7.180	13.393	-6.960	-0.80521	-0.35861	0.02869	0.47128	22.5	null	null	13113	75
2026-05-27T15:52:38.306	WT901BLE68(F3:F0:16:BF:DC:AE)	-0.057	0.710	0.729	23.438	-25.879	33.875	42.96	2.37	-54.00	-14.340	17.947	-3.927	-0.80521	-0.35861	0.02869	0.47128	22.5	null	null	13113	75
2026-05-27T15:52:38.423	WT901BLE68(F3:F0:16:BF:DC:AE)	-0.157	0.776	0.633	13.611	0.732	23.560	44.40	0.09	-51.27	-14.340	17.947	-3.927	-0.80521	-0.35861	0.02869	0.47128	22.5	null	null	13113	75
2026-05-27T15:52:38.513	WT901BLE68(F3:F0:16:BF:DC:AE)	0.137	0.684	0.532	36.133	-9.521	23.193	48.11	-2.93	-49.02	-14.340	17.947	-3.927	-0.83569	-0.34949	0.17712	0.38470	22.5	null	null	13113	75
2026-05-27T15:52:38.638	WT901BLE68(F3:F0:16:BF:DC:AE)	0.117	0.751	0.706	21.057	46.814	37.292	50.21	-3.58	-43.47	-14.340	17.947	-3.927	-0.83569	-0.34949	0.17712	0.38470	22.5	null	null	13113	75
2026-05-27T15:52:38.693	WT901BLE68(F3:F0:16:BF:DC:AE)	0.046	0.742	0.732	-5.371	4.822	19.531	50.45	-4.24	-37.74	-14.340	17.947	-3.927	-0.83569	-0.34949	0.17712	0.38470	22.5	null	null	13113	75
2026-05-27T15:52:38.818	WT901BLE68(F3:F0:16:BF:DC:AE)	0.084	0.696	0.730	-6.775	-1.892	12.085	49.74	-5.08	-35.78	-14.340	17.947	-3.927	-0.83569	-0.34949	0.17712	0.38470	22.5	null	null	13113	75
2026-05-27T15:52:38.904	WT901BLE68(F3:F0:16:BF:DC:AE)	0.166	0.761	0.649	-8.850	-58.777	8.667	48.76	-8.42	-37.05	-14.340	17.947	-3.927	-0.83569	-0.34949	0.17712	0.38470	22.5	null	null	13113	75
2026-05-27T15:52:39.025	WT901BLE68(F3:F0:16:BF:DC:AE)	0.276	0.812	0.785	-17.517	-35.645	-16.663	48.15	-10.96	-39.53	-14.340	17.947	-3.927	-0.83569	-0.34949	0.17712	0.38470	22.5	null	null	13113	75
2026-05-27T15:52:39.113	WT901BLE68(F3:F0:16:BF:DC:AE)	0.189	0.695	0.670	-23.743	-22.461	-32.654	46.43	-9.77	-41.43	-14.340	17.947	-3.927	-0.83569	-0.34949	0.17712	0.38470	22.5	null	null	13113	75
2026-05-27T15:52:39.232	WT901BLE68(F3:F0:16:BF:DC:AE)	0.253	0.644	0.555	7.629	-200.806	-44.739	47.59	-13.36	-48.71	-4.847	18.753	-13.240	-0.83569	-0.34949	0.17712	0.38470	22.5	null	null	13113	75
2026-05-27T15:52:39.295	WT901BLE68(F3:F0:16:BF:DC:AE)	0.338	0.833	0.540	0.854	-22.095	-34.119	50.23	-15.97	-55.82	-4.847	18.753	-13.240	-0.83569	-0.34949	0.17712	0.38470	22.5	null	null	13113	75
2026-05-27T15:52:39.412	WT901BLE68(F3:F0:16:BF:DC:AE)	0.235	0.760	0.593	-5.371	46.875	-22.461	49.86	-11.60	-51.90	-4.847	18.753	-13.240	-0.82202	-0.32108	0.29666	0.36481	22.5	null	null	13113	75
2026-05-27T15:52:39.508	WT901BLE68(F3:F0:16:BF:DC:AE)	0.072	0.750	0.698	-15.503	42.236	-15.686	48.44	-7.25	-47.75	-4.847	18.753	-13.240	-0.82202	-0.32108	0.29666	0.36481	22.5	null	null	13113	75
2026-05-27T15:52:39.625	WT901BLE68(F3:F0:16:BF:DC:AE)	0.031	0.709	0.607	-7.751	59.570	-12.207	47.21	-3.66	-44.34	-4.847	18.753	-13.240	-0.82202	-0.32108	0.29666	0.36481	22.5	null	null	13113	75
2026-05-27T15:52:39.716	WT901BLE68(F3:F0:16:BF:DC:AE)	0.072	0.678	0.726	6.714	65.674	-9.460	47.29	1.25	-39.68	-4.847	18.753	-13.240	-0.82202	-0.32108	0.29666	0.36481	22.5	null	null	13113	75
2026-05-27T15:52:39.837	WT901BLE68(F3:F0:16:BF:DC:AE)	-0.365	0.685	0.624	1.343	76.172	34.424	48.40	5.11	-33.04	-4.847	18.753	-13.240	-0.82202	-0.32108	0.29666	0.36481	22.5	null	null	13113	75
2026-05-27T15:52:39.928	WT901BLE68(F3:F0:16:BF:DC:AE)	-0.021	0.764	0.587	-6.287	-29.480	14.038	48.30	3.32	-30.82	-4.847	18.753	-13.240	-0.82202	-0.32108	0.29666	0.36481	22.5	null	null	13113	75
2026-05-27T15:52:40.044	WT901BLE68(F3:F0:16:BF:DC:AE)	-0.134	0.791	0.649	2.625	1.892	11.658	47.53	1.83	-30.22	-4.847	18.753	-13.240	-0.82202	-0.32108	0.29666	0.36481	22.5	null	null	13113	75
2026-05-27T15:52:40.102	WT901BLE68(F3:F0:16:BF:DC:AE)	0.019	0.792	0.610	22.034	27.832	25.513	48.40	0.99	-27.97	-11.260	24.993	-14.147	-0.82202	-0.32108	0.29666	0.36481	22.5	null	null	13113	75
2026-05-27T15:52:40.227	WT901BLE68(F3:F0:16:BF:DC:AE)	-0.006	0.831	0.566	15.381	15.686	18.372	50.49	0.85	-24.10	-11.260	24.993	-14.147	-0.82202	-0.32108	0.29666	0.36481	22.5	null	null	13113	75
2026-05-27T15:52:40.312	WT901BLE68(F3:F0:16:BF:DC:AE)	0.021	0.841	0.613	7.874	-0.183	19.531	52.02	-0.44	-22.41	-11.260	24.993	-14.147	-0.88321	-0.42313	0.08237	0.18445	22.5	null	null	13113	75
2026-05-27T15:52:40.437	WT901BLE68(F3:F0:16:BF:DC:AE)	0.003	0.800	0.614	3.052	-0.366	8.057	52.65	-1.12	-20.79	-11.260	24.993	-14.147	-0.88321	-0.42313	0.08237	0.18445	22.5	null	null	13113	75
2026-05-27T15:52:40.525	WT901BLE68(F3:F0:16:BF:DC:AE)	0.068	0.773	0.721	0.854	4.456	17.822	52.81	-1.67	-19.35	-11.260	24.993	-14.147	-0.88321	-0.42313	0.08237	0.18445	22.5	null	null	13113	75
2026-05-27T15:52:40.647	WT901BLE68(F3:F0:16:BF:DC:AE)	0.047	0.789	0.676	-1.953	-1.709	19.775	52.59	-2.59	-17.32	-11.260	24.993	-14.147	-0.88321	-0.42313	0.08237	0.18445	22.5	null	null	13113	75
2026-05-27T15:52:40.706	WT901BLE68(F3:F0:16:BF:DC:AE)	0.080	0.812	0.580	-0.366	8.484	-1.953	52.29	-3.34	-16.07	-11.260	24.993	-14.147	-0.88321	-0.42313	0.08237	0.18445	22.5	null	null	13113	75
2026-05-27T15:52:40.826	WT901BLE68(F3:F0:16:BF:DC:AE)	0.171	0.814	0.523	-2.441	3.540	-23.804	52.04	-2.40	-16.16	-11.260	24.993	-14.147	-0.88321	-0.42313	0.08237	0.18445	22.5	null	null	13113	75
2026-05-27T15:52:40.913	WT901BLE68(F3:F0:16:BF:DC:AE)	-0.016	0.846	0.559	4.639	5.798	-24.963	52.02	-0.67	-17.26	-11.260	24.993	-14.147	-0.88321	-0.42313	0.08237	0.18445	22.5	null	null	13113	75
2026-05-27T15:52:41.066	WT901BLE68(F3:F0:16:BF:DC:AE)	-0.098	0.777	0.628	17.151	-8.179	-23.865	53.60	0.73	-18.34	-6.793	26.213	-16.273	-0.88321	-0.42313	0.08237	0.18445	22.5	null	null	13113	75
2026-05-27T15:52:41.124	WT901BLE68(F3:F0:16:BF:DC:AE)	-0.014	0.849	0.558	-0.549	13.367	-24.597	54.57	2.49	-19.38	-6.793	26.213	-16.273	-0.88321	-0.42313	0.08237	0.18445	22.5	null	null	13113	75
2026-05-27T15:52:41.246	WT901BLE68(F3:F0:16:BF:DC:AE)	-0.147	0.805	0.554	1.526	-31.616	-10.498	54.35	4.28	-19.87	-6.793	26.213	-16.273	-0.87369	-0.45551	0.05118	0.16269	22.5	null	null	13113	75
2026-05-27T15:52:41.333	WT901BLE68(F3:F0:16:BF:DC:AE)	0.001	0.836	0.527	7.202	-20.203	-4.761	54.78	3.43	-21.85	-6.793	26.213	-16.273	-0.87369	-0.45551	0.05118	0.16269	22.5	null	null	13113	75
2026-05-27T15:52:41.457	WT901BLE68(F3:F0:16:BF:DC:AE)	-0.021	0.805	0.608	9.766	-21.423	6.165	55.55	2.33	-23.18	-6.793	26.213	-16.273	-0.87369	-0.45551	0.05118	0.16269	22.5	null	null	13113	75
2026-05-27T15:52:41.515	WT901BLE68(F3:F0:16:BF:DC:AE)	0.059	0.811	0.599	6.836	-27.039	15.686	56.46	0.04	-24.17	-6.793	26.213	-16.273	-0.87369	-0.45551	0.05118	0.16269	22.5	null	null	13113	75
2026-05-27T15:52:41.636	WT901BLE68(F3:F0:16:BF:DC:AE)	0.027	0.831	0.591	-3.540	-4.883	18.799	56.34	-1.90	-23.51	-6.793	26.213	-16.273	-0.87369	-0.45551	0.05118	0.16269	22.5	null	null	13113	75
2026-05-27T15:52:41.728	WT901BLE68(F3:F0:16:BF:DC:AE)	-0.011	0.873	0.595	2.930	-6.592	25.635	56.06	-3.72	-22.34	-6.793	26.213	-16.273	-0.87369	-0.45551	0.05118	0.16269	22.5	null	null	13113	75
2026-05-27T15:52:41.848	WT901BLE68(F3:F0:16:BF:DC:AE)	0.125	0.847	0.559	10.315	-2.686	25.146	56.55	-6.11	-21.21	-6.793	26.213	-16.273	-0.87369	-0.45551	0.05118	0.16269	22.5	null	null	13113	75
2026-05-27T15:52:41.932	WT901BLE68(F3:F0:16:BF:DC:AE)	0.120	0.880	0.422	12.573	-9.949	21.362	57.86	-8.01	-20.14	-5.327	29.307	-25.853	-0.87369	-0.45551	0.05118	0.16269	22.5	null	null	13113	75
2026-05-27T15:52:42.057	WT901BLE68(F3:F0:16:BF:DC:AE)	0.175	0.846	0.462	7.874	-13.977	18.860	58.83	-10.20	-19.17	-5.327	29.307	-25.853	-0.87369	-0.45551	0.05118	0.16269	22.5	null	null	13113	75
2026-05-27T15:52:42.113	WT901BLE68(F3:F0:16:BF:DC:AE)	0.199	0.854	0.511	0.732	-16.907	2.991	59.54	-12.04	-18.90	-5.327	29.307	-25.853	-0.86108	-0.47165	0.16531	0.09280	22.5	null	null	13113	75
2026-05-27T15:52:42.235	WT901BLE68(F3:F0:16:BF:DC:AE)	0.317	0.767	0.437	-3.967	-14.893	3.418	59.57	-12.90	-19.71	-5.327	29.307	-25.853	-0.86108	-0.47165	0.16531	0.09280	22.5	null	null	13113	75
2026-05-27T15:52:42.326	WT901BLE68(F3:F0:16:BF:DC:AE)	0.318	0.875	0.389	-19.348	-19.592	-19.226	59.12	-13.24	-21.01	-5.327	29.307	-25.853	-0.86108	-0.47165	0.16531	0.09280	22.5	null	null	13113	75
2026-05-27T15:52:42.447	WT901BLE68(F3:F0:16:BF:DC:AE)	0.256	0.821	0.520	-18.616	-13.489	-28.442	58.10	-12.06	-22.15	-5.327	29.307	-25.853	-0.86108	-0.47165	0.16531	0.09280	22.5	null	null	13113	75
2026-05-27T15:52:42.532	WT901BLE68(F3:F0:16:BF:DC:AE)	0.183	0.864	0.555	-22.461	-12.634	-42.236	57.03	-10.33	-24.63	-5.327	29.307	-25.853	-0.86108	-0.47165	0.16531	0.09280	22.5	null	null	13113	75
2026-05-27T15:52:42.657	WT901BLE68(F3:F0:16:BF:DC:AE)	0.072	0.840	0.583	-17.517	-15.869	-51.819	55.82	-7.31	-27.70	-5.327	29.307	-25.853	-0.86108	-0.47165	0.16531	0.09280	22.5	null	null	13113	75
2026-05-27T15:52:42.746	WT901BLE68(F3:F0:16:BF:DC:AE)	0.119	0.832	0.494	-5.310	-4.272	-48.279	55.27	-4.08	-30.90	-5.327	29.307	-25.853	-0.86108	-0.47165	0.16531	0.09280	22.5	null	null	13113	75
2026-05-27T15:52:42.867	WT901BLE68(F3:F0:16:BF:DC:AE)	0.047	0.866	0.704	1.404	-33.081	-30.518	55.85	-2.49	-34.54	-13.967	36.747	-29.020	-0.86108	-0.47165	0.16531	0.09280	22.5	null	null	13113	75
2026-05-27T15:52:42.923	WT901BLE68(F3:F0:16:BF:DC:AE)	0.015	0.811	0.663	-11.108	-39.917	-9.644	55.41	-3.67	-37.94	-13.967	36.747	-29.020	-0.86108	-0.47165	0.16531	0.09280	22.5	null	null	13113	75
2026-05-27T15:52:43.044	WT901BLE68(F3:F0:16:BF:DC:AE)	0.023	0.783	0.581	-12.878	-25.574	-16.052	54.27	-4.42	-40.61	-13.967	36.747	-29.020	-0.84140	-0.42783	0.18051	0.27625	22.5	null	null	13113	75
2026-05-27T15:52:43.137	WT901BLE68(F3:F0:16:BF:DC:AE)	-0.030	0.818	0.616	-5.981	-25.696	-15.930	53.57	-4.21	-42.01	-13.967	36.747	-29.020	-0.84140	-0.42783	0.18051	0.27625	22.5	null	null	13113	75
2026-05-27T15:52:43.256	WT901BLE68(F3:F0:16:BF:DC:AE)	0.104	0.759	0.617	-4.150	-31.372	-21.301	53.21	-4.07	-44.19	-13.967	36.747	-29.020	-0.84140	-0.42783	0.18051	0.27625	22.5	null	null	13113	75
2026-05-27T15:52:43.346	WT901BLE68(F3:F0:16:BF:DC:AE)	0.110	0.772	0.634	-3.357	-36.987	-17.090	53.00	-4.61	-47.09	-13.967	36.747	-29.020	-0.84140	-0.42783	0.18051	0.27625	22.5	null	null	13113	75
2026-05-27T15:52:43.466	WT901BLE68(F3:F0:16:BF:DC:AE)	0.033	0.792	0.590	10.315	-32.349	-30.396	53.28	-4.24	-49.04	-13.967	36.747	-29.020	-0.84140	-0.42783	0.18051	0.27625	22.5	null	null	13113	75
2026-05-27T15:52:43.523	WT901BLE68(F3:F0:16:BF:DC:AE)	-0.028	0.794	0.516	22.949	-41.016	-24.597	55.48	-3.65	-52.54	-13.967	36.747	-29.020	-0.84140	-0.42783	0.18051	0.27625	22.5	null	null	13113	75
2026-05-27T15:52:43.648	WT901BLE68(F3:F0:16:BF:DC:AE)	0.051	0.833	0.575	13.977	-31.189	-17.639	57.41	-4.12	-55.79	-13.967	36.747	-29.020	-0.84140	-0.42783	0.18051	0.27625	22.5	null	null	13113	75
2026-05-27T15:52:43.731	WT901BLE68(F3:F0:16:BF:DC:AE)	0.041	0.838	0.517	11.719	-53.040	-22.034	59.00	-4.77	-59.34	-33.967	41.220	-32.293	-0.84140	-0.42783	0.18051	0.27625	22.5	null	null	13113	75
2026-05-27T15:52:43.854	WT901BLE68(F3:F0:16:BF:DC:AE)	0.039	0.912	0.498	-4.272	-49.316	-25.391	59.61	-5.27	-63.57	-33.967	41.220	-32.293	-0.84140	-0.42783	0.18051	0.27625	22.5	null	null	13113	75
2026-05-27T15:52:43.945	WT901BLE68(F3:F0:16:BF:DC:AE)	-0.137	1.010	0.488	-6.470	-75.317	-45.349	59.38	-5.02	-68.62	-33.967	41.220	-32.293	-0.74289	-0.39590	0.30035	0.44839	22.5	null	null	13113	75
2026-05-27T15:52:44.064	WT901BLE68(F3:F0:16:BF:DC:AE)	0.123	0.806	0.283	-21.423	-35.339	-72.632	58.29	-1.50	-75.17	-33.967	41.220	-32.293	-0.74289	-0.39590	0.30035	0.44839	22.5	null	null	13113	75
2026-05-27T15:52:44.156	WT901BLE68(F3:F0:16:BF:DC:AE)	-0.136	0.834	0.531	-17.029	-14.709	-68.298	56.21	3.28	-80.25	-33.967	41.220	-32.293	-0.74289	-0.39590	0.30035	0.44839	22.5	null	null	13113	75
2026-05-27T15:52:44.277	WT901BLE68(F3:F0:16:BF:DC:AE)	-0.049	0.788	0.466	-5.676	-37.476	-34.302	55.31	5.08	-84.76	-33.967	41.220	-32.293	-0.74289	-0.39590	0.30035	0.44839	22.5	null	null	13113	75
2026-05-27T15:52:44.332	WT901BLE68(F3:F0:16:BF:DC:AE)	-0.146	0.820	0.539	6.714	-17.517	-28.259	55.03	6.45	-86.43	-33.967	41.220	-32.293	-0.74289	-0.39590	0.30035	0.44839	22.5	null	null	13113	75
2026-05-27T15:52:44.457	WT901BLE68(F3:F0:16:BF:DC:AE)	-0.068	0.771	0.585	15.930	-31.677	-13.245	56.40	5.78	-88.57	-33.967	41.220	-32.293	-0.74289	-0.39590	0.30035	0.44839	22.5	null	null	13113	75
2026-05-27T15:52:44.545	WT901BLE68(F3:F0:16:BF:DC:AE)	-0.136	0.786	0.628	8.118	-36.926	-10.559	57.11	4.87	-90.75	-33.967	41.220	-32.293	-0.74289	-0.39590	0.30035	0.44839	22.5	null	null	13113	75
2026-05-27T15:52:44.666	WT901BLE68(F3:F0:16:BF:DC:AE)	-0.008	0.813	0.598	11.963	-28.625	6.470	57.59	3.11	-91.54	-66.100	27.687	-17.753	-0.74289	-0.39590	0.30035	0.44839	22.5	null	null	13113	75
2026-05-27T15:52:44.756	WT901BLE68(F3:F0:16:BF:DC:AE)	-0.025	0.868	0.623	-3.418	-28.015	2.136	57.67	1.36	-91.71	-66.100	27.687	-17.753	-0.74289	-0.39590	0.30035	0.44839	22.5	null	null	13113	75
2026-05-27T15:52:44.875	WT901BLE68(F3:F0:16:BF:DC:AE)	-0.101	0.841	0.719	-13.245	-28.137	-5.493	56.56	0.03	-92.42	-66.100	27.687	-17.753	-0.60663	-0.33731	0.34140	0.63367	22.5	null	null	13113	75
2026-05-27T15:52:44.931	WT901BLE68(F3:F0:16:BF:DC:AE)	-0.099	0.767	0.651	-26.184	-34.790	-4.028	53.98	-1.33	-94.17	-66.100	27.687	-17.753	-0.60663	-0.33731	0.34140	0.63367	22.5	null	null	13113	75
2026-05-27T15:52:45.058	WT901BLE68(F3:F0:16:BF:DC:AE)	0.072	0.727	0.685	-3.296	-30.518	-7.324	52.47	-2.41	-95.19	-66.100	27.687	-17.753	-0.60663	-0.33731	0.34140	0.63367	22.5	null	null	13113	75
2026-05-27T15:52:45.143	WT901BLE68(F3:F0:16:BF:DC:AE)	0.270	0.983	0.521	18.127	-61.096	-46.265	57.41	-2.69	-99.80	-66.100	27.687	-17.753	-0.60663	-0.33731	0.34140	0.63367	22.5	null	null	13113	75
2026-05-27T15:52:45.269	WT901BLE68(F3:F0:16:BF:DC:AE)	-0.022	0.816	0.660	-7.324	-22.827	-50.842	56.99	3.80	-97.89	-66.100	27.687	-17.753	-0.60663	-0.33731	0.34140	0.63367	22.5	null	null	13113	75
2026-05-27T15:52:45.354	WT901BLE68(F3:F0:16:BF:DC:AE)	0.034	0.853	0.554	3.418	-23.865	-32.593	57.29	6.12	-101.05	-66.100	27.687	-17.753	-0.60663	-0.33731	0.34140	0.63367	22.5	null	null	13113	75
2026-05-27T15:52:45.477	WT901BLE68(F3:F0:16:BF:DC:AE)	-0.024	0.798	0.564	6.104	-25.452	-21.423	57.02	5.92	-104.51	-66.100	27.687	-17.753	-0.60663	-0.33731	0.34140	0.63367	22.5	null	null	13113	75
2026-05-27T15:52:45.532	WT901BLE68(F3:F0:16:BF:DC:AE)	-0.114	0.806	0.409	3.235	-35.828	-20.081	57.24	5.49	-107.58	-69.720	18.067	-3.313	-0.60663	-0.33731	0.34140	0.63367	22.5	null	null	13113	75
2026-05-27T15:52:45.686	WT901BLE68(F3:F0:16:BF:DC:AE)	-0.147	0.807	0.521	10.986	-19.348	-24.109	57.44	5.55	-110.19	-69.720	18.067	-3.313	-0.60663	-0.33731	0.34140	0.63367	22.5	null	null	13113	75
2026-05-27T15:52:45.741	WT901BLE68(F3:F0:16:BF:DC:AE)	-0.121	0.876	0.503	6.775	-37.903	-16.907	57.90	5.88	-112.74	-69.720	18.067	-3.313	-0.47000	-0.30847	0.37408	0.73749	22.5	null	null	13113	75
2026-05-27T15:52:45.869	WT901BLE68(F3:F0:16:BF:DC:AE)	-0.030	0.880	0.615	8.789	-45.227	-23.071	58.07	5.75	-115.24	-69.720	18.067	-3.313	-0.47000	-0.30847	0.37408	0.73749	22.5	null	null	13113	75
2026-05-27T15:52:45.954	WT901BLE68(F3:F0:16:BF:DC:AE)	-0.145	0.854	0.543	3.662	-22.034	-20.020	58.58	6.01	-116.53	-69.720	18.067	-3.313	-0.47000	-0.30847	0.37408	0.73749	22.5	null	null	13113	75
2026-05-27T15:52:46.075	WT901BLE68(F3:F0:16:BF:DC:AE)	-0.195	0.842	0.508	4.089	-11.292	-18.677	58.54	6.73	-117.72	-69.720	18.067	-3.313	-0.47000	-0.30847	0.37408	0.73749	22.5	null	null	13113	75
2026-05-27T15:52:46.166	WT901BLE68(F3:F0:16:BF:DC:AE)	-0.074	0.823	0.526	0.305	-2.686	-1.770	58.68	7.21	-117.13	-69.720	18.067	-3.313	-0.47000	-0.30847	0.37408	0.73749	22.5	null	null	13113	75
2026-05-27T15:52:46.287	WT901BLE68(F3:F0:16:BF:DC:AE)	-0.144	0.835	0.518	-3.784	-17.090	-2.319	58.33	6.89	-117.05	-69.720	18.067	-3.313	-0.47000	-0.30847	0.37408	0.73749	22.5	null	null	13113	75
2026-05-27T15:52:46.344	WT901BLE68(F3:F0:16:BF:DC:AE)	-0.086	0.858	0.493	-3.357	12.695	8.057	57.56	6.38	-116.19	-69.720	18.067	-3.313	-0.47000	-0.30847	0.37408	0.73749	22.5	null	null	13113	75
2026-05-27T15:52:46.464	WT901BLE68(F3:F0:16:BF:DC:AE)	-0.058	0.855	0.528	-2.563	-15.747	5.798	57.31	5.73	-114.69	-69.720	18.067	-3.313	-0.47000	-0.30847	0.37408	0.73749	22.5	null	null	13113	75
2026-05-27T15:52:46.557	WT901BLE68(F3:F0:16:BF:DC:AE)	-0.054	0.836	0.517	0.000	-0.488	13.428	57.17	5.02	-113.10	-69.720	18.067	-3.313	-0.47000	-0.30847	0.37408	0.73749	22.5	null	null	13113	75
2026-05-27T15:52:46.678	WT901BLE68(F3:F0:16:BF:DC:AE)	-0.068	0.826	0.534	9.644	-8.606	18.250	57.74	3.57	-111.07	-69.720	18.067	-3.313	-0.47000	-0.30847	0.37408	0.73749	22.5	null	null	13113	75
2026-05-27T15:52:46.763	WT901BLE68(F3:F0:16:BF:DC:AE)	0.001	0.887	0.485	6.897	-12.268	18.005	58.63	1.11	-109.98	-69.720	18.067	-3.313	-0.47000	-0.30847	0.37408	0.73749	23.2	null	null	13113	75
2026-05-27T15:52:46.888	WT901BLE68(F3:F0:16:BF:DC:AE)	-0.080	0.908	0.503	8.240	-3.906	20.325	59.38	-0.25	-108.48	-69.720	18.067	-3.313	-0.47000	-0.30847	0.37408	0.73749	23.2	null	null	13113	75
2026-05-27T15:52:46.941	WT901BLE68(F3:F0:16:BF:DC:AE)	0.054	0.869	0.539	5.676	-7.568	15.259	60.13	-2.04	-106.81	-59.420	14.427	6.900	-0.47000	-0.30847	0.37408	0.73749	23.2	null	null	13113	75
2026-05-27T15:52:47.099	WT901BLE68(F3:F0:16:BF:DC:AE)	0.140	0.850	0.440	2.075	13.733	13.000	60.41	-3.48	-105.41	-59.420	14.427	6.900	-0.47000	-0.30847	0.37408	0.73749	23.2	null	null	13113	75
2026-05-27T15:52:47.151	WT901BLE68(F3:F0:16:BF:DC:AE)	0.065	0.863	0.476	0.000	-5.493	8.545	60.56	-4.59	-104.30	-59.420	14.427	6.900	-0.54166	-0.28317	0.41827	0.67184	23.2	null	null	13113	75
2026-05-27T15:52:47.277	WT901BLE68(F3:F0:16:BF:DC:AE)	0.090	0.839	0.562	-7.813	-1.404	4.089	60.00	-5.48	-103.38	-59.420	14.427	6.900	-0.54166	-0.28317	0.41827	0.67184	23.2	null	null	13113	75
2026-05-27T15:52:47.367	WT901BLE68(F3:F0:16:BF:DC:AE)	0.080	0.771	0.494	-15.503	22.400	1.038	58.45	-5.76	-102.45	-59.420	14.427	6.900	-0.54166	-0.28317	0.41827	0.67184	23.2	null	null	13113	75
2026-05-27T15:52:47.486	WT901BLE68(F3:F0:16:BF:DC:AE)	0.159	0.748	0.558	-19.104	5.737	-9.216	56.37	-4.95	-100.68	-59.420	14.427	6.900	-0.54166	-0.28317	0.41827	0.67184	23.2	null	null	13113	75
2026-05-27T15:52:47.574	WT901BLE68(F3:F0:16:BF:DC:AE)	0.081	0.849	0.572	-13.367	-3.479	-19.287	54.78	-3.76	-100.84	-59.420	14.427	6.900	-0.54166	-0.28317	0.41827	0.67184	23.2	null	null	13113	75
2026-05-27T15:52:47.696	WT901BLE68(F3:F0:16:BF:DC:AE)	0.040	0.842	0.583	3.723	4.150	-15.137	54.37	-2.01	-100.85	-59.420	14.427	6.900	-0.54166	-0.28317	0.41827	0.67184	23.2	null	null	13113	75
2026-05-27T15:52:47.754	WT901BLE68(F3:F0:16:BF:DC:AE)	-0.035	0.912	0.462	8.667	-14.282	-20.569	55.42	-1.16	-101.78	-59.420	14.427	6.900	-0.54166	-0.28317	0.41827	0.67184	23.2	null	null	13113	75
2026-05-27T15:52:47.873	WT901BLE68(F3:F0:16:BF:DC:AE)	-0.037	0.803	0.588	2.502	-19.775	-17.151	56.14	-0.32	-102.93	-58.587	12.147	7.533	-0.54166	-0.28317	0.41827	0.67184	23.2	null	null	13113	75
2026-05-27T15:52:47.965	WT901BLE68(F3:F0:16:BF:DC:AE)	-0.023	0.799	0.592	5.005	-7.385	2.563	56.17	-0.25	-103.80	-58.587	12.147	7.533	-0.54166	-0.28317	0.41827	0.67184	23.2	null	null	13113	75
2026-05-27T15:52:48.084	WT901BLE68(F3:F0:16:BF:DC:AE)	-0.111	0.832	0.532	-3.418	89.050	9.216	56.06	1.12	-99.08	-58.587	12.147	7.533	-0.54608	-0.28836	0.37277	0.69250	23.2	null	null	13113	75
2026-05-27T15:52:48.181	WT901BLE68(F3:F0:16:BF:DC:AE)	-0.014	0.420	0.253	2.686	-3.296	9.644	55.85	1.29	-96.49	-58.587	12.147	7.533	-0.54608	-0.28836	0.37277	0.69250	23.2	null	null	13113	75
2026-05-27T15:52:48.294	WT901BLE68(F3:F0:16:BF:DC:AE)	-0.055	0.843	0.549	3.052	-2.014	17.334	56.20	-0.24	-95.61	-58.587	12.147	7.533	-0.54608	-0.28836	0.37277	0.69250	23.2	null	null	13113	75
2026-05-27T15:52:48.385	WT901BLE68(F3:F0:16:BF:DC:AE)	0.004	0.872	0.518	13.123	-12.573	24.658	56.98	-2.00	-93.75	-58.587	12.147	7.533	-0.54608	-0.28836	0.37277	0.69250	23.2	null	null	13113	75
2026-05-27T15:52:48.506	WT901BLE68(F3:F0:16:BF:DC:AE)	0.067	0.882	0.439	19.592	-27.954	22.949	58.33	-5.67	-95.46	-58.587	12.147	7.533	-0.54608	-0.28836	0.37277	0.69250	23.2	null	null	13113	75
2026-05-27T15:52:48.564	WT901BLE68(F3:F0:16:BF:DC:AE)	0.188	0.863	0.389	23.132	-5.493	28.687	60.69	-8.88	-94.26	-58.587	12.147	7.533	-0.54608	-0.28836	0.37277	0.69250	23.2	null	null	13113	75
2026-05-27T15:52:48.687	WT901BLE68(F3:F0:16:BF:DC:AE)	0.228	0.873	0.422	8.240	4.456	8.057	62.19	-10.40	-92.92	-58.587	12.147	7.533	-0.54608	-0.28836	0.37277	0.69250	23.2	null	null	13113	75
2026-05-27T15:52:48.771	WT901BLE68(F3:F0:16:BF:DC:AE)	0.211	0.889	0.511	-1.038	-2.991	4.578	62.55	-10.94	-91.91	-51.860	20.887	0.807	-0.54608	-0.28836	0.37277	0.69250	23.2	null	null	13113	75
2026-05-27T15:52:48.897	WT901BLE68(F3:F0:16:BF:DC:AE)	0.215	0.828	0.464	-7.629	10.193	2.136	62.04	-11.13	-91.22	-51.860	20.887	0.807	-0.54608	-0.28836	0.37277	0.69250	23.2	null	null	13113	75
2026-05-27T15:52:48.985	WT901BLE68(F3:F0:16:BF:DC:AE)	0.206	0.846	0.462	-10.925	-23.438	3.662	60.91	-11.69	-91.09	-51.860	20.887	0.807	-0.63528	-0.29736	0.42188	0.57437	23.2	null	null	13113	75
2026-05-27T15:52:49.105	WT901BLE68(F3:F0:16:BF:DC:AE)	0.239	0.863	0.409	-1.221	-21.912	-9.888	60.88	-12.84	-94.06	-51.860	20.887	0.807	-0.63528	-0.29736	0.42188	0.57437	23.2	null	null	13113	75
2026-05-27T15:52:49.196	WT901BLE68(F3:F0:16:BF:DC:AE)	0.243	0.906	0.463	5.005	-9.888	-13.428	61.55	-12.41	-94.55	-51.860	20.887	0.807	-0.63528	-0.29736	0.42188	0.57437	23.2	null	null	13113	75
2026-05-27T15:52:49.284	WT901BLE68(F3:F0:16:BF:DC:AE)	0.200	0.918	0.412	6.714	0.427	-22.156	62.61	-10.92	-94.66	-51.860	20.887	0.807	-0.63528	-0.29736	0.42188	0.57437	23.2	null	null	13113	75
2026-05-27T15:52:49.378	WT901BLE68(F3:F0:16:BF:DC:AE)	0.163	0.908	0.404	7.690	-1.160	-21.545	63.59	-9.07	-94.72	-51.860	20.887	0.807	-0.63528	-0.29736	0.42188	0.57437	23.2	null	null	13113	75
2026-05-27T15:52:49.500	WT901BLE68(F3:F0:16:BF:DC:AE)	0.166	0.905	0.430	3.540	-12.817	-17.029	64.65	-8.06	-95.95	-51.860	20.887	0.807	-0.63528	-0.29736	0.42188	0.57437	23.2	null	null	13113	75
2026-05-27T15:52:49.586	WT901BLE68(F3:F0:16:BF:DC:AE)	0.122	0.907	0.438	-8.606	-7.202	-10.193	64.34	-7.28	-96.26	-51.860	20.887	0.807	-0.63528	-0.29736	0.42188	0.57437	23.2	null	null	13113	75
2026-05-27T15:52:49.735	WT901BLE68(F3:F0:16:BF:DC:AE)	0.122	0.872	0.443	-9.033	-14.526	-2.258	63.65	-7.30	-96.55	-52.633	18.400	1.360	-0.63528	-0.29736	0.42188	0.57437	23.2	null	null	13113	75
2026-05-27T15:52:49.763	WT901BLE68(F3:F0:16:BF:DC:AE)	0.192	0.823	0.483	-11.169	7.751	1.160	62.79	-7.44	-95.21	-52.633	18.400	1.360	-0.63528	-0.29736	0.42188	0.57437	23.2	null	null	13113	75
2026-05-27T15:52:49.916	WT901BLE68(F3:F0:16:BF:DC:AE)	0.052	0.880	0.489	-7.385	13.855	7.751	61.77	-7.60	-93.14	-52.633	18.400	1.360	-0.60068	-0.30988	0.41998	0.60550	23.2	null	null	13113	75
2026-05-27T15:52:49.973	WT901BLE68(F3:F0:16:BF:DC:AE)	0.027	0.870	0.386	-5.310	4.028	15.381	60.89	-8.45	-91.21	-52.633	18.400	1.360	-0.60068	-0.30988	0.41998	0.60550	23.2	null	null	13113	75
2026-05-27T15:52:50.097	WT901BLE68(F3:F0:16:BF:DC:AE)	0.159	0.867	0.435	11.230	18.494	20.935	60.85	-8.99	-88.72	-52.633	18.400	1.360	-0.60068	-0.30988	0.41998	0.60550	23.2	null	null	13113	75
2026-05-27T15:52:50.184	WT901BLE68(F3:F0:16:BF:DC:AE)	0.180	0.882	0.500	20.691	-9.460	31.189	62.44	-11.04	-86.30	-52.633	18.400	1.360	-0.60068	-0.30988	0.41998	0.60550	23.2	null	null	13113	75
2026-05-27T15:52:50.305	WT901BLE68(F3:F0:16:BF:DC:AE)	0.250	0.947	0.335	10.559	16.235	18.677	63.73	-12.94	-84.73	-52.633	18.400	1.360	-0.60068	-0.30988	0.41998	0.60550	23.2	null	null	13113	75
2026-05-27T15:52:50.394	WT901BLE68(F3:F0:16:BF:DC:AE)	0.176	0.836	0.388	10.193	59.937	8.118	64.12	-12.07	-79.88	-52.633	18.400	1.360	-0.60068	-0.30988	0.41998	0.60550	23.2	null	null	13113	75
2026-05-27T15:52:50.515	WT901BLE68(F3:F0:16:BF:DC:AE)	0.298	0.847	0.484	-3.967	28.198	9.399	63.57	-11.27	-75.62	-52.633	18.400	1.360	-0.60068	-0.30988	0.41998	0.60550	23.2	null	null	13113	75
2026-05-27T15:52:50.577	WT901BLE68(F3:F0:16:BF:DC:AE)	0.225	0.863	0.465	-8.850	43.396	13.123	62.11	-10.77	-71.49	-49.927	25.500	-7.987	-0.60068	-0.30988	0.41998	0.60550	23.2	null	null	13113	75
2026-05-27T15:52:50.696	WT901BLE68(F3:F0:16:BF:DC:AE)	0.106	0.890	0.516	-8.057	12.085	6.775	60.69	-10.34	-68.65	-49.927	25.500	-7.987	-0.60068	-0.30988	0.41998	0.60550	23.2	null	null	13113	75
2026-05-27T15:52:50.785	WT901BLE68(F3:F0:16:BF:DC:AE)	0.167	0.862	0.595	-6.836	-19.653	-5.554	60.08	-10.33	-68.40	-49.927	25.500	-7.987	-0.73837	-0.37161	0.34378	0.44547	23.2	null	null	13113	75
2026-05-27T15:52:50.905	WT901BLE68(F3:F0:16:BF:DC:AE)	0.149	0.875	0.443	-12.268	2.625	-13.123	59.09	-9.92	-69.41	-49.927	25.500	-7.987	-0.73837	-0.37161	0.34378	0.44547	23.2	null	null	13113	75
2026-05-27T15:52:50.994	WT901BLE68(F3:F0:16:BF:DC:AE)	0.195	0.820	0.472	-3.662	-5.493	-11.841	58.33	-8.87	-70.07	-49.927	25.500	-7.987	-0.73837	-0.37161	0.34378	0.44547	23.2	null	null	13113	75
2026-05-27T15:52:51.117	WT901BLE68(F3:F0:16:BF:DC:AE)	0.179	0.842	0.526	-1.404	8.484	-27.039	58.36	-7.63	-71.47	-49.927	25.500	-7.987	-0.73837	-0.37161	0.34378	0.44547	23.2	null	null	13113	75
2026-05-27T15:52:51.205	WT901BLE68(F3:F0:16:BF:DC:AE)	0.039	0.801	0.465	12.268	-21.790	-21.790	58.83	-5.52	-72.43	-49.927	25.500	-7.987	-0.73837	-0.37161	0.34378	0.44547	23.2	null	null	13113	75
2026-05-27T15:52:51.326	WT901BLE68(F3:F0:16:BF:DC:AE)	0.120	0.865	0.536	5.859	-28.442	-18.433	60.39	-5.82	-76.61	-49.927	25.500	-7.987	-0.73837	-0.37161	0.34378	0.44547	23.2	null	null	13113	75
2026-05-27T15:52:51.384	WT901BLE68(F3:F0:16:BF:DC:AE)	0.055	0.848	0.534	-6.653	-0.854	-21.118	60.30	-4.40	-78.21	-49.927	25.500	-7.987	-0.73837	-0.37161	0.34378	0.44547	23.2	null	null	13113	75
2026-05-27T15:52:51.501	WT901BLE68(F3:F0:16:BF:DC:AE)	0.025	0.880	0.552	-4.089	10.437	-9.277	59.50	-2.72	-78.54	-54.547	21.733	-6.540	-0.73837	-0.37161	0.34378	0.44547	23.2	null	null	13113	75
2026-05-27T15:52:51.593	WT901BLE68(F3:F0:16:BF:DC:AE)	0.049	0.835	0.457	-0.916	-15.808	-3.967	59.14	-2.54	-79.19	-54.547	21.733	-6.540	-0.73837	-0.37161	0.34378	0.44547	23.2	null	null	13113	75
2026-05-27T15:52:51.717	WT901BLE68(F3:F0:16:BF:DC:AE)	0.049	0.805	0.600	-1.648	-4.333	5.310	58.85	-3.07	-80.18	-54.547	21.733	-6.540	-0.67590	-0.36682	0.33011	0.54727	23.2	null	null	13113	75
2026-05-27T15:52:51.808	WT901BLE68(F3:F0:16:BF:DC:AE)	0.136	0.810	0.497	-1.221	4.456	12.085	58.72	-4.13	-79.97	-54.547	21.733	-6.540	-0.67590	-0.36682	0.33011	0.54727	23.2	null	null	13113	75
2026-05-27T15:52:51.923	WT901BLE68(F3:F0:16:BF:DC:AE)	0.073	0.940	0.505	3.967	-7.263	15.259	58.57	-5.51	-79.38	-54.547	21.733	-6.540	-0.67590	-0.36682	0.33011	0.54727	23.2	null	null	13113	75
2026-05-27T15:52:51.986	WT901BLE68(F3:F0:16:BF:DC:AE)	0.135	0.945	0.440	13.733	6.287	16.235	59.30	-6.70	-77.93	-54.547	21.733	-6.540	-0.67590	-0.36682	0.33011	0.54727	23.2	null	null	13113	75
2026-05-27T15:52:52.107	WT901BLE68(F3:F0:16:BF:DC:AE)	0.226	0.878	0.410	10.376	8.423	10.376	60.48	-6.81	-75.75	-54.547	21.733	-6.540	-0.67590	-0.36682	0.33011	0.54727	23.2	null	null	13113	75
2026-05-27T15:52:52.196	WT901BLE68(F3:F0:16:BF:DC:AE)	0.067	0.862	0.504	5.859	-51.697	-8.972	61.66	-7.54	-76.38	-54.547	21.733	-6.540	-0.67590	-0.36682	0.33011	0.54727	23.2	null	null	13113	75
2026-05-27T15:52:52.316	WT901BLE68(F3:F0:16:BF:DC:AE)	-0.100	0.877	0.445	-31.189	84.351	1.343	60.36	-5.70	-72.56	-54.547	21.733	-6.540	-0.67590	-0.36682	0.33011	0.54727	23.2	null	null	13113	75
2026-05-27T15:52:52.405	WT901BLE68(F3:F0:16:BF:DC:AE)	0.035	0.789	0.568	-4.395	53.467	-20.935	57.99	-0.19	-67.83	-52.620	24.733	-9.673	-0.67590	-0.36682	0.33011	0.54727	23.2	null	null	13113	75
2026-05-27T15:52:52.524	WT901BLE68(F3:F0:16:BF:DC:AE)	-0.609	0.952	0.759	2.747	10.071	-14.465	58.31	-0.15	-69.64	-52.620	24.733	-9.673	-0.67590	-0.36682	0.33011	0.54727	23.2	null	null	13113	75
2026-05-27T15:52:52.583	WT901BLE68(F3:F0:16:BF:DC:AE)	0.273	0.718	0.600	-3.662	120.178	-101.318	57.35	9.49	-68.40	-52.620	24.733	-9.673	-0.71268	-0.40997	0.25565	0.50848	23.2	null	null	13113	75
2026-05-27T15:52:52.737	WT901BLE68(F3:F0:16:BF:DC:AE)	0.492	1.151	0.640	9.949	-49.377	-25.940	56.93	14.78	-69.85	-52.620	24.733	-9.673	-0.71268	-0.40997	0.25565	0.50848	23.2	null	null	13113	75
2026-05-27T15:52:52.794	WT901BLE68(F3:F0:16:BF:DC:AE)	-0.189	0.896	0.725	-2.441	-24.597	30.151	56.79	11.05	-72.99	-52.620	24.733	-9.673	-0.71268	-0.40997	0.25565	0.50848	23.2	null	null	13113	75
2026-05-27T15:52:52.918	WT901BLE68(F3:F0:16:BF:DC:AE)	-0.905	0.892	0.269	-35.828	55.969	-9.705	54.77	10.76	-70.45	-52.620	24.733	-9.673	-0.71268	-0.40997	0.25565	0.50848	23.2	null	null	13113	75
2026-05-27T15:52:53.006	WT901BLE68(F3:F0:16:BF:DC:AE)	-0.286	0.716	0.474	15.015	1.221	-21.484	54.01	14.58	-68.39	-52.620	24.733	-9.673	-0.71268	-0.40997	0.25565	0.50848	23.2	null	null	13113	75
2026-05-27T15:52:53.128	WT901BLE68(F3:F0:16:BF:DC:AE)	-0.572	0.726	0.484	30.945	-1.465	-18.921	56.94	16.14	-70.31	-52.620	24.733	-9.673	-0.71268	-0.40997	0.25565	0.50848	23.2	null	null	13113	75
2026-05-27T15:52:53.217	WT901BLE68(F3:F0:16:BF:DC:AE)	-0.169	0.784	0.683	8.911	-12.756	-5.920	58.33	17.37	-70.93	-52.620	24.733	-9.673	-0.71268	-0.40997	0.25565	0.50848	23.2	null	null	13113	75
2026-05-27T15:52:53.337	WT901BLE68(F3:F0:16:BF:DC:AE)	-0.209	0.828	0.557	-2.380	-38.208	7.690	58.17	16.24	-72.37	-65.393	15.353	-15.847	-0.71268	-0.40997	0.25565	0.50848	23.2	null	null	13113	75
2026-05-27T15:52:53.396	WT901BLE68(F3:F0:16:BF:DC:AE)	-0.343	0.818	0.617	-17.517	11.719	2.014	56.80	15.02	-73.20	-65.393	15.353	-15.847	-0.71268	-0.40997	0.25565	0.50848	23.2	null	null	13113	75
2026-05-27T15:52:53.515	WT901BLE68(F3:F0:16:BF:DC:AE)	-0.240	0.414	0.129	-11.230	36.560	7.507	55.88	16.50	-69.83	-65.393	15.353	-15.847	-0.66489	-0.44611	0.18661	0.56918	23.2	null	null	13113	75
2026-05-27T15:52:53.602	WT901BLE68(F3:F0:16:BF:DC:AE)	-0.436	0.870	0.658	22.705	-3.662	22.217	57.51	15.95	-68.26	-65.393	15.353	-15.847	-0.66489	-0.44611	0.18661	0.56918	23.2	null	null	13113	75
2026-05-27T15:52:53.724	WT901BLE68(F3:F0:16:BF:DC:AE)	-0.256	0.771	0.474	14.221	1.404	9.338	60.21	14.75	-67.04	-65.393	15.353	-15.847	-0.66489	-0.44611	0.18661	0.56918	23.2	null	null	13113	75
2026-05-27T15:52:53.816	WT901BLE68(F3:F0:16:BF:DC:AE)	-0.051	0.708	0.558	16.052	-10.986	-6.836	61.62	15.03	-67.54	-65.393	15.353	-15.847	-0.66489	-0.44611	0.18661	0.56918	23.2	null	null	13113	75
2026-05-27T15:52:53.936	WT901BLE68(F3:F0:16:BF:DC:AE)	-0.060	0.846	0.563	4.272	-39.429	27.283	62.08	12.86	-68.48	-65.393	15.353	-15.847	-0.66489	-0.44611	0.18661	0.56918	23.2	null	null	13113	75
2026-05-27T15:52:54.027	WT901BLE68(F3:F0:16:BF:DC:AE)	-0.172	0.753	0.529	-18.372	5.127	25.330	61.54	9.76	-68.31	-65.393	15.353	-15.847	-0.66489	-0.44611	0.18661	0.56918	23.2	null	null	13113	75
2026-05-27T15:52:54.145	WT901BLE68(F3:F0:16:BF:DC:AE)	0.035	0.954	0.497	-7.874	-23.865	9.521	60.64	7.65	-68.33	-65.393	15.353	-15.847	-0.66489	-0.44611	0.18661	0.56918	23.2	null	null	13113	75
2026-05-27T15:52:54.203	WT901BLE68(F3:F0:16:BF:DC:AE)	-0.037	0.877	0.462	-17.517	-7.996	1.160	58.73	7.21	-69.21	-58.400	22.433	-16.013	-0.66489	-0.44611	0.18661	0.56918	23.2	null	null	13113	75
2026-05-27T15:52:54.323	WT901BLE68(F3:F0:16:BF:DC:AE)	-0.207	0.875	0.609	-17.395	-38.452	-9.644	56.53	6.34	-71.31	-58.400	22.433	-16.013	-0.66489	-0.44611	0.18661	0.56918	23.2	null	null	13113	75
2026-05-27T15:52:54.411	WT901BLE68(F3:F0:16:BF:DC:AE)	-0.122	0.841	0.527	-1.465	-0.244	-3.113	55.54	6.18	-72.39	-58.400	22.433	-16.013	-0.69852	-0.40634	0.23721	0.53906	23.2	null	null	13113	75
2026-05-27T15:52:54.536	WT901BLE68(F3:F0:16:BF:DC:AE)	-0.120	0.765	0.584	-7.141	-14.221	8.728	55.31	4.84	-73.55	-58.400	22.433	-16.013	-0.69852	-0.40634	0.23721	0.53906	23.2	null	null	13113	75
2026-05-27T15:52:54.626	WT901BLE68(F3:F0:16:BF:DC:AE)	-0.276	0.851	0.650	-13.306	-48.157	-6.348	53.77	3.68	-75.99	-58.400	22.433	-16.013	-0.69852	-0.40634	0.23721	0.53906	23.2	null	null	13113	75
2026-05-27T15:52:54.749	WT901BLE68(F3:F0:16:BF:DC:AE)	-0.197	0.778	0.542	-9.827	-14.587	-4.883	52.80	2.72	-77.85	-58.400	22.433	-16.013	-0.69852	-0.40634	0.23721	0.53906	23.2	null	null	13113	75
2026-05-27T15:52:54.806	WT901BLE68(F3:F0:16:BF:DC:AE)	-0.138	0.748	0.576	-7.629	-23.010	-10.925	51.89	1.78	-80.55	-58.400	22.433	-16.013	-0.69852	-0.40634	0.23721	0.53906	23.2	null	null	13113	75
2026-05-27T15:52:54.927	WT901BLE68(F3:F0:16:BF:DC:AE)	-0.017	0.781	0.624	-3.845	-37.048	-11.902	51.32	0.63	-83.81	-58.400	22.433	-16.013	-0.69852	-0.40634	0.23721	0.53906	23.2	null	null	13113	75
2026-05-27T15:52:55.019	WT901BLE68(F3:F0:16:BF:DC:AE)	-0.018	0.838	0.661	-2.625	-49.377	-19.348	50.93	-1.12	-88.32	-58.400	22.433	-16.013	-0.69852	-0.40634	0.23721	0.53906	23.2	null	null	13113	75
2026-05-27T15:52:55.135	WT901BLE68(F3:F0:16:BF:DC:AE)	0.034	0.796	0.595	7.263	-80.322	-19.043	51.32	-3.49	-93.99	-53.913	18.340	0.407	-0.69852	-0.40634	0.23721	0.53906	23.2	null	null	13113	75
2026-05-27T15:52:55.224	WT901BLE68(F3:F0:16:BF:DC:AE)	0.036	0.719	0.658	9.277	-81.116	-23.621	53.56	-6.50	-101.10	-53.913	18.340	0.407	-0.69852	-0.40634	0.23721	0.53906	23.2	null	null	13113	75
2026-05-27T15:52:55.345	WT901BLE68(F3:F0:16:BF:DC:AE)	0.038	0.798	0.529	-4.883	-18.555	-29.968	54.16	-6.24	-104.27	-53.913	18.340	0.407	-0.57834	-0.24182	0.38647	0.67642	23.2	null	null	13113	75
2026-05-27T15:52:55.436	WT901BLE68(F3:F0:16:BF:DC:AE)	0.125	0.823	0.610	-0.793	-3.967	-22.827	54.51	-4.60	-104.94	-53.913	18.340	0.407	-0.57834	-0.24182	0.38647	0.67642	23.2	null	null	13113	75
2026-05-27T15:52:55.555	WT901BLE68(F3:F0:16:BF:DC:AE)	0.113	0.836	0.505	8.362	-22.827	-17.029	55.11	-3.53	-105.62	-53.913	18.340	0.407	-0.57834	-0.24182	0.38647	0.67642	23.2	null	null	13113	75
2026-05-27T15:52:55.612	WT901BLE68(F3:F0:16:BF:DC:AE)	0.035	0.892	0.615	-2.319	-23.682	-23.315	55.59	-3.36	-107.44	-53.913	18.340	0.407	-0.57834	-0.24182	0.38647	0.67642	23.2	null	null	13113	75
2026-05-27T15:52:55.738	WT901BLE68(F3:F0:16:BF:DC:AE)	0.100	0.799	0.625	-8.118	-33.020	-32.349	55.07	-2.34	-109.75	-53.913	18.340	0.407	-0.57834	-0.24182	0.38647	0.67642	23.2	null	null	13113	75
2026-05-27T15:52:55.826	WT901BLE68(F3:F0:16:BF:DC:AE)	0.173	0.860	0.466	-18.555	-47.424	-45.471	53.76	-1.43	-113.97	-53.913	18.340	0.407	-0.57834	-0.24182	0.38647	0.67642	23.2	null	null	13113	75
2026-05-27T15:52:55.944	WT901BLE68(F3:F0:16:BF:DC:AE)	-0.026	0.764	0.670	-18.738	-2.014	-39.673	52.22	0.83	-116.75	-53.913	18.340	0.407	-0.57834	-0.24182	0.38647	0.67642	23.2	null	null	13113	75
2026-05-27T15:52:56.034	WT901BLE68(F3:F0:16:BF:DC:AE)	-0.081	0.732	0.636	1.587	-16.663	-32.471	51.30	2.75	-118.60	-50.193	8.640	11.453	-0.57834	-0.24182	0.38647	0.67642	23.2	null	null	13113	75
2026-05-27T15:52:56.159	WT901BLE68(F3:F0:16:BF:DC:AE)	-0.046	0.768	0.641	2.869	-8.972	-29.663	51.51	3.88	-120.99	-50.193	8.640	11.453	-0.57834	-0.24182	0.38647	0.67642	23.2	null	null	13113	75
2026-05-27T15:52:56.210	WT901BLE68(F3:F0:16:BF:DC:AE)	-0.106	0.697	0.649	3.235	23.804	-10.315	51.70	6.44	-119.30	-50.193	8.640	11.453	-0.42892	-0.25070	0.35703	0.79095	23.2	null	null	13113	75
2026-05-27T15:52:56.337	WT901BLE68(F3:F0:16:BF:DC:AE)	-0.182	0.746	0.667	-3.967	6.470	1.343	51.62	7.47	-117.10	-50.193	8.640	11.453	-0.42892	-0.25070	0.35703	0.79095	23.2	null	null	13113	75
2026-05-27T15:52:56.427	WT901BLE68(F3:F0:16:BF:DC:AE)	-0.093	0.763	0.599	-8.240	21.545	3.357	50.98	7.32	-115.42	-50.193	8.640	11.453	-0.42892	-0.25070	0.35703	0.79095	23.2	null	null	13113	75
2026-05-27T15:52:56.577	WT901BLE68(F3:F0:16:BF:DC:AE)	-0.200	0.754	0.684	-0.549	-18.188	3.479	50.54	6.91	-113.94	-50.193	8.640	11.453	-0.42892	-0.25070	0.35703	0.79095	23.2	null	null	13113	75
2026-05-27T15:52:56.632	WT901BLE68(F3:F0:16:BF:DC:AE)	-0.108	0.776	0.675	21.667	-13.855	5.554	51.24	5.56	-113.93	-50.193	8.640	11.453	-0.42892	-0.25070	0.35703	0.79095	23.2	null	null	13113	75
2026-05-27T15:52:56.756	WT901BLE68(F3:F0:16:BF:DC:AE)	-0.077	0.857	0.500	21.973	-8.911	10.925	53.36	3.38	-114.10	-50.193	8.640	11.453	-0.42892	-0.25070	0.35703	0.79095	23.2	null	null	13113	75
2026-05-27T15:52:56.814	WT901BLE68(F3:F0:16:BF:DC:AE)	-0.019	0.816	0.567	13.977	-19.714	9.033	55.46	1.82	-113.37	-50.193	8.640	11.453	-0.42892	-0.25070	0.35703	0.79095	23.2	null	null	13113	75
2026-05-27T15:52:56.963	WT901BLE68(F3:F0:16:BF:DC:AE)	-0.181	0.898	0.605	12.634	-16.113	6.531	57.13	0.48	-112.24	-47.773	11.180	12.860	-0.42892	-0.25070	0.35703	0.79095	23.2	null	null	13113	75
2026-05-27T15:52:57.024	WT901BLE68(F3:F0:16:BF:DC:AE)	0.057	0.847	0.586	-1.282	-4.578	3.357	57.31	-0.89	-112.67	-47.773	11.180	12.860	-0.42892	-0.25070	0.35703	0.79095	23.2	null	null	13113	75
2026-05-27T15:52:57.146	WT901BLE68(F3:F0:16:BF:DC:AE)	0.055	0.777	0.582	-15.991	-11.353	-4.395	56.60	-1.66	-112.68	-47.773	11.180	12.860	-0.49103	-0.25986	0.40262	0.72742	23.2	null	null	13113	75
2026-05-27T15:52:57.236	WT901BLE68(F3:F0:16:BF:DC:AE)	0.100	0.814	0.590	-20.691	-24.841	-16.724	54.85	-1.99	-113.65	-47.773	11.180	12.860	-0.49103	-0.25986	0.40262	0.72742	23.2	null	null	13113	75
2026-05-27T15:52:57.387	WT901BLE68(F3:F0:16:BF:DC:AE)	0.007	0.791	0.542	-17.944	-18.616	-28.687	53.02	-1.32	-114.93	-47.773	11.180	12.860	-0.49103	-0.25986	0.40262	0.72742	23.2	null	null	13113	75
2026-05-27T15:52:57.443	WT901BLE68(F3:F0:16:BF:DC:AE)	-0.060	0.839	0.594	-11.841	-2.075	-42.542	51.57	0.48	-117.49	-47.773	11.180	12.860	-0.49103	-0.25986	0.40262	0.72742	23.2	null	null	13113	75
2026-05-27T15:52:57.565	WT901BLE68(F3:F0:16:BF:DC:AE)	-0.228	0.796	0.587	8.362	-16.174	-45.654	51.47	3.98	-119.20	-47.773	11.180	12.860	-0.49103	-0.25986	0.40262	0.72742	23.2	null	null	13113	75
2026-05-27T15:52:57.624	WT901BLE68(F3:F0:16:BF:DC:AE)	-0.071	0.753	0.588	7.446	1.404	-37.415	52.19	6.16	-122.73	-47.773	11.180	12.860	-0.49103	-0.25986	0.40262	0.72742	23.2	null	null	13113	75
2026-05-27T15:52:57.745	WT901BLE68(F3:F0:16:BF:DC:AE)	-0.123	0.747	0.691	3.479	-30.884	-20.264	52.40	7.51	-124.31	-47.773	11.180	12.860	-0.49103	-0.25986	0.40262	0.72742	23.2	null	null	13113	75
2026-05-27T15:52:57.831	WT901BLE68(F3:F0:16:BF:DC:AE)	-0.303	0.857	0.696	-9.644	-31.189	-14.587	51.52	7.02	-126.44	-44.067	7.653	18.327	-0.49103	-0.25986	0.40262	0.72742	23.2	null	null	13113	75
2026-05-27T15:52:57.957	WT901BLE68(F3:F0:16:BF:DC:AE)	-0.067	0.736	0.663	-12.268	-18.555	-5.310	50.13	6.28	-127.45	-44.067	7.653	18.327	-0.49103	-0.25986	0.40262	0.72742	23.2	null	null	13113	75
2026-05-27T15:52:58.046	WT901BLE68(F3:F0:16:BF:DC:AE)	-0.171	0.785	0.635	-3.296	-30.029	-7.446	49.04	5.53	-128.69	-44.067	7.653	18.327	-0.37878	-0.22675	0.35580	0.82364	23.2	null	null	13113	75
2026-05-27T15:52:58.166	WT901BLE68(F3:F0:16:BF:DC:AE)	-0.118	0.733	0.629	6.531	-28.137	-11.902	48.99	4.50	-129.97	-44.067	7.653	18.327	-0.37878	-0.22675	0.35580	0.82364	23.2	null	null	13113	75
2026-05-27T15:52:58.224	WT901BLE68(F3:F0:16:BF:DC:AE)	-0.100	0.788	0.573	23.132	-24.414	-17.578	50.69	3.86	-132.11	-44.067	7.653	18.327	-0.37878	-0.22675	0.35580	0.82364	23.2	null	null	13113	75
2026-05-27T15:52:58.373	WT901BLE68(F3:F0:16:BF:DC:AE)	-0.002	0.798	0.623	15.259	-33.997	-7.813	52.57	3.50	-133.31	-44.067	7.653	18.327	-0.37878	-0.22675	0.35580	0.82364	23.2	null	null	13113	75
2026-05-27T15:52:58.435	WT901BLE68(F3:F0:16:BF:DC:AE)	-0.081	0.805	0.613	15.381	-33.142	-14.954	54.06	3.28	-134.54	-44.067	7.653	18.327	-0.37878	-0.22675	0.35580	0.82364	23.2	null	null	13113	75
2026-05-27T15:52:58.557	WT901BLE68(F3:F0:16:BF:DC:AE)	-0.021	0.789	0.630	5.249	-22.888	-12.146	54.81	2.78	-135.84	-44.067	7.653	18.327	-0.37878	-0.22675	0.35580	0.82364	23.2	null	null	13113	75
2026-05-27T15:52:58.646	WT901BLE68(F3:F0:16:BF:DC:AE)	-0.066	0.820	0.614	0.977	-27.466	-21.240	54.79	2.58	-137.14	-44.067	7.653	18.327	-0.37878	-0.22675	0.35580	0.82364	23.2	null	null	13113	75
2026-05-27T15:52:58.764	WT901BLE68(F3:F0:16:BF:DC:AE)	-0.027	0.823	0.568	-0.732	-13.489	-31.433	54.61	3.04	-138.65	-28.600	11.313	18.047	-0.37878	-0.22675	0.35580	0.82364	23.2	null	null	13113	75
2026-05-27T15:52:58.858	WT901BLE68(F3:F0:16:BF:DC:AE)	-0.117	0.807	0.535	7.446	-26.611	-53.162	54.42	6.60	-139.41	-28.600	11.313	18.047	-0.37878	-0.22675	0.35580	0.82364	23.2	null	null	13113	75
2026-05-27T15:52:58.974	WT901BLE68(F3:F0:16:BF:DC:AE)	-0.211	0.842	0.488	14.282	-28.809	-36.926	55.04	8.50	-142.78	-28.600	11.313	18.047	-0.27087	-0.20898	0.41116	0.84485	23.2	null	null	13113	75
2026-05-27T15:52:59.032	WT901BLE68(F3:F0:16:BF:DC:AE)	-0.187	0.832	0.545	12.939	-47.791	-33.020	55.72	8.73	-146.41	-28.600	11.313	18.047	-0.27087	-0.20898	0.41116	0.84485	23.2	null	null	13113	75
2026-05-27T15:52:59.158	WT901BLE68(F3:F0:16:BF:DC:AE)	-0.143	0.742	0.595	7.080	-19.836	-23.926	55.67	9.60	-147.94	-28.600	11.313	18.047	-0.27087	-0.20898	0.41116	0.84485	23.2	null	null	13113	75
2026-05-27T15:52:59.245	WT901BLE68(F3:F0:16:BF:DC:AE)	-0.161	0.771	0.673	2.502	-42.664	-4.456	55.55	8.21	-149.75	-28.600	11.313	18.047	-0.27087	-0.20898	0.41116	0.84485	23.2	null	null	13113	75
2026-05-27T15:52:59.366	WT901BLE68(F3:F0:16:BF:DC:AE)	-0.237	0.835	0.685	-15.869	-19.958	2.869	54.30	6.24	-148.92	-28.600	11.313	18.047	-0.27087	-0.20898	0.41116	0.84485	23.2	null	null	13113	75
2026-05-27T15:52:59.456	WT901BLE68(F3:F0:16:BF:DC:AE)	-0.148	0.828	0.613	-9.705	-22.949	5.859	53.12	4.33	-147.20	-28.600	11.313	18.047	-0.27087	-0.20898	0.41116	0.84485	23.2	null	null	13113	75
2026-05-27T15:52:59.576	WT901BLE68(F3:F0:16:BF:DC:AE)	-0.069	0.786	0.600	3.845	-27.405	12.390	52.87	2.48	-145.87	-28.600	11.313	18.047	-0.27087	-0.20898	0.41116	0.84485	23.2	null	null	13113	75
2026-05-27T15:52:59.633	WT901BLE68(F3:F0:16:BF:DC:AE)	-0.094	0.803	0.467	13.794	-23.865	-0.183	53.83	0.90	-145.22	-19.973	14.433	13.793	-0.27087	-0.20898	0.41116	0.84485	23.2	null	null	13113	75
2026-05-27T15:52:59.789	WT901BLE68(F3:F0:16:BF:DC:AE)	0.034	0.841	0.499	3.845	-27.832	-1.404	54.51	-0.47	-144.92	-19.973	14.433	13.793	-0.27087	-0.20898	0.41116	0.84485	23.2	null	null	13113	75
2026-05-27T15:52:59.842	WT901BLE68(F3:F0:16:BF:DC:AE)	-0.025	0.817	0.547	4.456	-20.630	-6.409	55.15	-1.06	-143.70	-19.973	14.433	13.793	-0.27618	-0.13501	0.44067	0.84332	23.2	null	null	13113	75
2026-05-27T15:52:59.966	WT901BLE68(F3:F0:16:BF:DC:AE)	0.050	0.839	0.560	-0.183	-20.447	-12.207	55.57	-1.81	-143.56	-19.973	14.433	13.793	-0.27618	-0.13501	0.44067	0.84332	23.2	null	null	13113	75
2026-05-27T15:53:00.055	WT901BLE68(F3:F0:16:BF:DC:AE)	-0.023	0.842	0.590	-5.310	-0.183	-24.658	55.25	-1.01	-142.27	-19.973	14.433	13.793	-0.27618	-0.13501	0.44067	0.84332	23.2	null	null	13113	75
2026-05-27T15:53:00.177	WT901BLE68(F3:F0:16:BF:DC:AE)	-0.072	0.842	0.611	-3.540	-26.794	-22.766	54.85	0.54	-141.74	-19.973	14.433	13.793	-0.27618	-0.13501	0.44067	0.84332	23.2	null	null	13113	75
2026-05-27T15:53:00.266	WT901BLE68(F3:F0:16:BF:DC:AE)	0.017	0.834	0.460	0.366	-12.634	-40.344	54.71	1.92	-142.25	-19.973	14.433	13.793	-0.27618	-0.13501	0.44067	0.84332	23.2	null	null	13113	75
2026-05-27T15:53:00.386	WT901BLE68(F3:F0:16:BF:DC:AE)	-0.186	0.856	0.553	3.296	-20.874	-29.846	54.97	3.63	-142.87	-19.973	14.433	13.793	-0.27618	-0.13501	0.44067	0.84332	23.2	null	null	13113	75
2026-05-27T15:53:00.442	WT901BLE68(F3:F0:16:BF:DC:AE)	-0.074	0.847	0.521	3.906	-25.024	-21.790	55.17	3.93	-143.17	-18.993	18.207	8.147	-0.27618	-0.13501	0.44067	0.84332	23.2	null	null	13113	75
2026-05-27T15:53:00.567	WT901BLE68(F3:F0:16:BF:DC:AE)	-0.139	0.840	0.557	8.057	-20.386	-16.846	55.74	4.51	-142.38	-18.993	18.207	8.147	-0.27618	-0.13501	0.44067	0.84332	23.2	null	null	13113	75
2026-05-27T15:53:00.655	WT901BLE68(F3:F0:16:BF:DC:AE)	-0.077	0.856	0.631	-1.099	-7.690	-12.756	55.79	4.88	-140.56	-18.993	18.207	8.147	-0.27618	-0.13501	0.44067	0.84332	23.2	null	null	13113	75
2026-05-27T15:53:00.778	WT901BLE68(F3:F0:16:BF:DC:AE)	-0.115	0.858	0.587	-4.150	-2.014	0.183	55.37	5.28	-137.35	-18.993	18.207	8.147	-0.28427	-0.19766	0.42441	0.83658	23.2	null	null	13113	75
2026-05-27T15:53:00.865	WT901BLE68(F3:F0:16:BF:DC:AE)	-0.086	0.810	0.552	-2.930	-8.728	4.395	54.89	5.04	-133.90	-18.993	18.207	8.147	-0.28427	-0.19766	0.42441	0.83658	23.2	null	null	13113	75
2026-05-27T15:53:00.988	WT901BLE68(F3:F0:16:BF:DC:AE)	-0.049	0.818	0.557	5.493	-13.916	6.592	55.07	3.99	-131.06	-18.993	18.207	8.147	-0.28427	-0.19766	0.42441	0.83658	23.2	null	null	13113	75
2026-05-27T15:53:01.045	WT901BLE68(F3:F0:16:BF:DC:AE)	-0.026	0.833	0.570	6.470	-26.123	3.540	55.61	2.76	-128.90	-18.993	18.207	8.147	-0.28427	-0.19766	0.42441	0.83658	23.2	null	null	13113	75
2026-05-27T15:53:01.196	WT901BLE68(F3:F0:16:BF:DC:AE)	-0.035	0.866	0.516	8.362	-9.583	12.085	56.28	0.96	-127.02	-18.993	18.207	8.147	-0.28427	-0.19766	0.42441	0.83658	23.2	null	null	13113	75
2026-05-27T15:53:01.254	WT901BLE68(F3:F0:16:BF:DC:AE)	0.021	0.839	0.537	1.892	-3.906	15.259	56.64	-0.40	-123.70	-18.993	18.207	8.147	-0.28427	-0.19766	0.42441	0.83658	23.2	null	null	13113	75
2026-05-27T15:53:01.377	WT901BLE68(F3:F0:16:BF:DC:AE)	0.024	0.856	0.530	-2.136	-1.404	11.536	56.60	-1.37	-120.45	-18.993	18.207	8.147	-0.28427	-0.19766	0.42441	0.83658	23.2	null	null	13113	75
2026-05-27T15:53:01.464	WT901BLE68(F3:F0:16:BF:DC:AE)	0.144	0.741	0.579	-15.381	-5.371	-1.160	56.27	-1.91	-117.80	-15.253	18.587	5.620	-0.28427	-0.19766	0.42441	0.83658	23.2	null	null	13113	75
2026-05-27T15:53:01.587	WT901BLE68(F3:F0:16:BF:DC:AE)	0.089	0.818	0.582	-4.395	-2.197	4.028	56.22	-2.22	-115.39	-15.253	18.587	5.620	-0.28427	-0.19766	0.42441	0.83658	23.2	null	null	13113	75
2026-05-27T15:53:01.673	WT901BLE68(F3:F0:16:BF:DC:AE)	0.032	0.831	0.570	-8.057	-12.207	-1.831	55.58	-2.81	-113.14	-15.253	18.587	5.620	-0.48798	-0.23831	0.40472	0.73563	23.2	null	null	13113	75
2026-05-27T15:53:01.798	WT901BLE68(F3:F0:16:BF:DC:AE)	0.126	0.817	0.593	-6.592	-4.150	-8.667	54.81	-2.65	-111.61	-15.253	18.587	5.620	-0.48798	-0.23831	0.40472	0.73563	23.2	null	null	13113	75
2026-05-27T15:53:01.854	WT901BLE68(F3:F0:16:BF:DC:AE)	0.040	0.820	0.526	-4.028	-1.282	-19.775	54.12	-1.66	-110.67	-15.253	18.587	5.620	-0.48798	-0.23831	0.40472	0.73563	23.2	null	null	13113	75
2026-05-27T15:53:01.977	WT901BLE68(F3:F0:16:BF:DC:AE)	0.036	0.820	0.576	4.456	-9.766	-29.175	54.18	-0.25	-110.36	-15.253	18.587	5.620	-0.48798	-0.23831	0.40472	0.73563	23.2	null	null	13113	75
2026-05-27T15:53:02.064	WT901BLE68(F3:F0:16:BF:DC:AE)	-0.035	0.824	0.580	3.601	-8.789	-24.780	54.81	1.76	-110.26	-15.253	18.587	5.620	-0.48798	-0.23831	0.40472	0.73563	23.2	null	null	13113	75
2026-05-27T15:53:02.188	WT901BLE68(F3:F0:16:BF:DC:AE)	-0.087	0.847	0.546	1.160	-14.099	-21.729	55.06	3.15	-109.79	-15.253	18.587	5.620	-0.48798	-0.23831	0.40472	0.73563	23.2	null	null	13113	75
2026-05-27T15:53:02.279	WT901BLE68(F3:F0:16:BF:DC:AE)	-0.121	0.845	0.579	-2.686	1.587	-8.667	54.79	3.96	-109.00	-15.253	18.587	5.620	-0.48798	-0.23831	0.40472	0.73563	23.2	null	null	13113	75
2026-05-27T15:53:02.397	WT901BLE68(F3:F0:16:BF:DC:AE)	-0.074	0.817	0.611	-2.808	-14.587	-6.042	54.42	4.38	-108.18	-18.680	17.213	6.580	-0.48798	-0.23831	0.40472	0.73563	23.2	null	null	13113	75
2026-05-27T15:53:02.453	WT901BLE68(F3:F0:16:BF:DC:AE)	-0.035	0.799	0.593	-2.991	2.625	-2.441	54.06	4.39	-106.84	-18.680	17.213	6.580	-0.48798	-0.23831	0.40472	0.73563	23.2	null	null	13113	75
2026-05-27T15:53:02.573	WT901BLE68(F3:F0:16:BF:DC:AE)	-0.100	0.874	0.594	-1.038	-10.132	2.625	53.76	4.37	-105.17	-18.680	17.213	6.580	-0.51767	-0.29874	0.34338	0.72437	23.2	null	null	13113	75
2026-05-27T15:53:02.666	WT901BLE68(F3:F0:16:BF:DC:AE)	-0.052	0.849	0.562	0.366	12.268	6.348	53.62	4.35	-102.96	-18.680	17.213	6.580	-0.51767	-0.29874	0.34338	0.72437	23.2	null	null	13113	75
2026-05-27T15:53:02.786	WT901BLE68(F3:F0:16:BF:DC:AE)	-0.054	0.875	0.552	28.320	-11.963	-1.892	54.93	4.94	-100.49	-18.680	17.213	6.580	-0.51767	-0.29874	0.34338	0.72437	23.2	null	null	13113	75
2026-05-27T15:53:02.878	WT901BLE68(F3:F0:16:BF:DC:AE)	-0.050	0.886	0.429	16.357	-14.526	13.672	57.65	3.01	-100.49	-18.680	17.213	6.580	-0.51767	-0.29874	0.34338	0.72437	23.2	null	null	13113	75
2026-05-27T15:53:02.997	WT901BLE68(F3:F0:16:BF:DC:AE)	-0.050	0.952	0.538	10.071	-27.222	13.184	58.84	1.10	-99.76	-18.680	17.213	6.580	-0.51767	-0.29874	0.34338	0.72437	23.2	null	null	13113	75
2026-05-27T15:53:03.087	WT901BLE68(F3:F0:16:BF:DC:AE)	0.038	0.880	0.527	5.859	-59.204	15.381	59.51	-1.59	-100.07	-18.680	17.213	6.580	-0.51767	-0.29874	0.34338	0.72437	23.2	null	null	13113	75
2026-05-27T15:53:03.209	WT901BLE68(F3:F0:16:BF:DC:AE)	0.207	0.821	0.429	3.357	-23.682	3.418	60.14	-4.49	-100.68	-18.680	17.213	6.580	-0.51767	-0.29874	0.34338	0.72437	23.2	null	null	13113	75
2026-05-27T15:53:03.261	WT901BLE68(F3:F0:16:BF:DC:AE)	0.147	0.881	0.655	-8.850	-83.862	-13.489	60.38	-6.57	-102.41	-10.827	17.380	-0.553	-0.51767	-0.29874	0.34338	0.72437	23.2	null	null	13113	75
2026-05-27T15:53:03.387	WT901BLE68(F3:F0:16:BF:DC:AE)	0.155	0.861	0.647	-18.311	-96.741	-17.944	60.10	-9.34	-107.59	-10.827	17.380	-0.553	-0.51767	-0.29874	0.34338	0.72437	23.2	null	null	13113	75
2026-05-27T15:53:03.472	WT901BLE68(F3:F0:16:BF:DC:AE)	0.290	0.745	0.508	-31.250	-86.365	-0.977	59.17	-13.66	-111.93	-10.827	17.380	-0.553	-0.53598	-0.22000	0.45331	0.67731	23.2	null	null	13113	75
2026-05-27T15:53:03.593	WT901BLE68(F3:F0:16:BF:DC:AE)	0.207	0.995	0.264	10.254	88.501	-5.188	58.12	-13.61	-107.16	-10.827	17.380	-0.553	-0.53598	-0.22000	0.45331	0.67731	23.2	null	null	13113	75
2026-05-27T15:53:03.685	WT901BLE68(F3:F0:16:BF:DC:AE)	0.199	0.821	0.626	-0.854	28.687	-16.968	57.62	-8.11	-98.59	-10.827	17.380	-0.553	-0.53598	-0.22000	0.45331	0.67731	23.2	null	null	13113	75
2026-05-27T15:53:03.810	WT901BLE68(F3:F0:16:BF:DC:AE)	0.155	0.865	0.559	-2.991	4.944	-17.029	57.69	-5.48	-94.04	-10.827	17.380	-0.553	-0.53598	-0.22000	0.45331	0.67731	23.2	null	null	13113	75
2026-05-27T15:53:03.862	WT901BLE68(F3:F0:16:BF:DC:AE)	0.016	0.874	0.508	-4.272	5.737	-4.700	57.65	-4.10	-90.81	-10.827	17.380	-0.553	-0.53598	-0.22000	0.45331	0.67731	23.2	null	null	13113	75
2026-05-27T15:53:03.985	WT901BLE68(F3:F0:16:BF:DC:AE)	0.049	0.827	0.599	-3.723	-6.592	-8.179	57.32	-3.36	-87.89	-10.827	17.380	-0.553	-0.53598	-0.22000	0.45331	0.67731	23.2	null	null	13113	75
2026-05-27T15:53:04.076	WT901BLE68(F3:F0:16:BF:DC:AE)	0.083	0.808	0.545	-3.357	1.282	9.644	56.89	-3.54	-85.62	-10.827	17.380	-0.553	-0.53598	-0.22000	0.45331	0.67731	23.2	null	null	13113	75
2026-05-27T15:53:04.196	WT901BLE68(F3:F0:16:BF:DC:AE)	0.004	0.826	0.532	-9.277	15.137	14.282	55.97	-4.21	-82.82	-10.680	17.060	-1.987	-0.53598	-0.22000	0.45331	0.67731	23.2	null	null	13113	75
2026-05-27T15:53:04.286	WT901BLE68(F3:F0:16:BF:DC:AE)	0.143	0.843	0.551	-9.888	8.118	19.287	54.65	-5.66	-79.55	-10.680	17.060	-1.987	-0.53598	-0.22000	0.45331	0.67731	23.2	null	null	13113	75
2026-05-27T15:53:04.407	WT901BLE68(F3:F0:16:BF:DC:AE)	-0.009	0.896	0.550	7.813	-14.160	7.507	54.62	-6.86	-76.87	-10.680	17.060	-1.987	-0.70285	-0.32437	0.32462	0.54340	23.2	null	null	13113	75
2026-05-27T15:53:04.496	WT901BLE68(F3:F0:16:BF:DC:AE)	0.094	0.875	0.502	26.978	-15.564	2.563	56.39	-7.98	-76.05	-10.680	17.060	-1.987	-0.70285	-0.32437	0.32462	0.54340	23.2	null	null	13113	75
2026-05-27T15:53:04.615	WT901BLE68(F3:F0:16:BF:DC:AE)	0.137	0.859	0.536	33.020	30.396	6.409	59.92	-8.09	-73.16	-10.680	17.060	-1.987	-0.70285	-0.32437	0.32462	0.54340	23.2	null	null	13113	75
2026-05-27T15:53:04.675	WT901BLE68(F3:F0:16:BF:DC:AE)	0.064	0.871	0.431	6.348	2.625	23.865	61.34	-8.99	-69.47	-10.680	17.060	-1.987	-0.70285	-0.32437	0.32462	0.54340	23.2	null	null	13113	75
2026-05-27T15:53:04.795	WT901BLE68(F3:F0:16:BF:DC:AE)	0.297	0.849	0.463	2.625	5.127	14.221	61.51	-10.38	-66.10	-10.680	17.060	-1.987	-0.70285	-0.32437	0.32462	0.54340	23.2	null	null	13113	75
2026-05-27T15:53:04.884	WT901BLE68(F3:F0:16:BF:DC:AE)	0.225	0.898	0.495	-4.028	2.991	3.967	61.21	-10.50	-63.37	-10.680	17.060	-1.987	-0.70285	-0.32437	0.32462	0.54340	23.2	null	null	13113	75
2026-05-27T15:53:05.009	WT901BLE68(F3:F0:16:BF:DC:AE)	0.128	0.900	0.531	-9.705	-0.488	4.639	60.52	-10.76	-61.40	-10.680	17.060	-1.987	-0.70285	-0.32437	0.32462	0.54340	23.2	null	null	13113	75
2026-05-27T15:53:05.094	WT901BLE68(F3:F0:16:BF:DC:AE)	0.153	0.874	0.499	-9.521	1.831	-2.930	59.66	-10.90	-60.19	-7.167	13.240	-3.413	-0.70285	-0.32437	0.32462	0.54340	23.2	null	null	13113	75
2026-05-27T15:53:05.217	WT901BLE68(F3:F0:16:BF:DC:AE)	0.194	0.850	0.459	-5.249	3.662	-8.362	58.93	-10.22	-59.37	-7.167	13.240	-3.413	-0.70285	-0.32437	0.32462	0.54340	23.2	null	null	13113	75
2026-05-27T15:53:05.272	WT901BLE68(F3:F0:16:BF:DC:AE)	0.165	0.854	0.485	-5.798	1.343	-11.536	58.57	-9.51	-59.14	-7.167	13.240	-3.413	-0.77530	-0.38776	0.30682	0.39282	23.2	null	null	13113	75
2026-05-27T15:53:05.397	WT901BLE68(F3:F0:16:BF:DC:AE)	0.171	0.864	0.544	-2.991	5.615	-19.165	58.19	-7.94	-58.80	-7.167	13.240	-3.413	-0.77530	-0.38776	0.30682	0.39282	23.2	null	null	13113	75
2026-05-27T15:53:05.485	WT901BLE68(F3:F0:16:BF:DC:AE)	0.100	0.842	0.502	-4.333	0.061	-23.743	58.18	-6.05	-59.07	-7.167	13.240	-3.413	-0.77530	-0.38776	0.30682	0.39282	23.2	null	null	13113	75
2026-05-27T15:53:05.607	WT901BLE68(F3:F0:16:BF:DC:AE)	-0.028	0.854	0.534	-5.005	-7.935	-21.667	57.91	-4.11	-59.38	-7.167	13.240	-3.413	-0.77530	-0.38776	0.30682	0.39282	23.2	null	null	13113	75
2026-05-27T15:53:05.696	WT901BLE68(F3:F0:16:BF:DC:AE)	-0.004	0.854	0.542	-5.676	-0.488	-8.545	57.54	-3.19	-59.91	-7.167	13.240	-3.413	-0.77530	-0.38776	0.30682	0.39282	23.2	null	null	13113	75
2026-05-27T15:53:05.815	WT901BLE68(F3:F0:16:BF:DC:AE)	0.095	0.848	0.572	0.000	-5.371	5.676	57.39	-3.29	-59.28	-7.167	13.240	-3.413	-0.77530	-0.38776	0.30682	0.39282	23.2	null	null	13113	75
2026-05-27T15:53:05.906	WT901BLE68(F3:F0:16:BF:DC:AE)	0.067	0.847	0.539	-9.766	5.310	-0.305	56.88	-3.55	-58.31	-10.567	13.660	-4.100	-0.77530	-0.38776	0.30682	0.39282	23.2	null	null	13113	75
2026-05-27T15:53:06.030	WT901BLE68(F3:F0:16:BF:DC:AE)	0.117	0.818	0.579	-8.850	-2.747	1.831	55.90	-3.46	-57.57	-10.567	13.660	-4.100	-0.77530	-0.38776	0.30682	0.39282	23.2	null	null	13113	75
2026-05-27T15:53:06.083	WT901BLE68(F3:F0:16:BF:DC:AE)	0.103	0.828	0.525	-0.977	-3.174	7.446	55.48	-3.88	-56.99	-10.567	13.660	-4.100	-0.78418	-0.39478	0.24796	0.40939	23.2	null	null	13113	75
2026-05-27T15:53:06.209	WT901BLE68(F3:F0:16:BF:DC:AE)	0.067	0.835	0.551	9.399	-3.540	6.470	56.07	-4.48	-56.28	-10.567	13.660	-4.100	-0.78418	-0.39478	0.24796	0.40939	23.2	null	null	13113	75
2026-05-27T15:53:06.290	WT901BLE68(F3:F0:16:BF:DC:AE)	0.059	0.848	0.512	22.278	-22.583	2.686	58.08	-5.48	-56.29	-10.567	13.660	-4.100	-0.78418	-0.39478	0.24796	0.40939	23.2	null	null	13113	75
2026-05-27T15:53:06.414	WT901BLE68(F3:F0:16:BF:DC:AE)	0.095	0.859	0.530	15.869	0.061	3.357	60.01	-6.14	-55.93	-10.567	13.660	-4.100	-0.78418	-0.39478	0.24796	0.40939	23.2	null	null	13113	75
2026-05-27T15:53:06.503	WT901BLE68(F3:F0:16:BF:DC:AE)	0.076	0.851	0.493	10.986	-2.930	6.409	61.07	-6.83	-54.84	-10.567	13.660	-4.100	-0.78418	-0.39478	0.24796	0.40939	23.2	null	null	13113	75
2026-05-27T15:53:06.623	WT901BLE68(F3:F0:16:BF:DC:AE)	0.187	0.810	0.487	4.333	-12.024	2.747	61.78	-7.72	-53.99	-10.567	13.660	-4.100	-0.78418	-0.39478	0.24796	0.40939	23.2	null	null	13113	75
2026-05-27T15:53:06.685	WT901BLE68(F3:F0:16:BF:DC:AE)	0.083	0.873	0.510	-7.263	-7.324	1.648	61.52	-8.54	-53.44	-10.567	13.660	-4.100	-0.78418	-0.39478	0.24796	0.40939	23.2	null	null	13113	75
2026-05-27T15:53:06.808	WT901BLE68(F3:F0:16:BF:DC:AE)	0.173	0.833	0.504	-14.526	-0.793	-2.014	60.24	-8.82	-52.09	-10.567	13.660	-4.100	-0.78418	-0.39478	0.24796	0.40939	23.2	null	null	13113	75
2026-05-27T15:53:06.895	WT901BLE68(F3:F0:16:BF:DC:AE)	0.120	0.862	0.498	-13.062	4.700	-13.489	58.84	-8.25	-51.23	-7.573	13.833	-10.220	-0.78418	-0.39478	0.24796	0.40939	23.2	null	null	13113	75
2026-05-27T15:53:07.017	WT901BLE68(F3:F0:16:BF:DC:AE)	0.063	0.874	0.514	-8.362	-2.563	-24.109	58.17	-6.86	-51.10	-7.573	13.833	-10.220	-0.78418	-0.39478	0.24796	0.40939	23.2	null	null	13113	75
2026-05-27T15:53:07.105	WT901BLE68(F3:F0:16:BF:DC:AE)	0.160	0.868	0.477	0.916	-0.366	-29.236	58.18	-4.56	-51.56	-7.573	13.833	-10.220	-0.79816	-0.41718	0.25079	0.35483	23.2	null	null	13113	75
2026-05-27T15:53:07.224	WT901BLE68(F3:F0:16:BF:DC:AE)	0.058	0.845	0.568	-1.221	-5.493	-23.315	58.49	-2.48	-52.24	-7.573	13.833	-10.220	-0.79816	-0.41718	0.25079	0.35483	23.2	null	null	13113	75
2026-05-27T15:53:07.316	WT901BLE68(F3:F0:16:BF:DC:AE)	-0.039	0.857	0.484	-1.465	4.028	-11.169	58.29	-1.11	-52.64	-7.573	13.833	-10.220	-0.79816	-0.41718	0.25079	0.35483	23.2	null	null	13113	75
2026-05-27T15:53:07.435	WT901BLE68(F3:F0:16:BF:DC:AE)	0.021	0.833	0.553	-5.188	-7.874	-11.780	57.87	-0.34	-52.33	-7.573	13.833	-10.220	-0.79816	-0.41718	0.25079	0.35483	23.2	null	null	13113	75
2026-05-27T15:53:07.492	WT901BLE68(F3:F0:16:BF:DC:AE)	0.026	0.820	0.610	-5.981	-2.747	-0.977	57.32	0.05	-51.93	-7.573	13.833	-10.220	-0.79816	-0.41718	0.25079	0.35483	23.2	null	null	13113	75
2026-05-27T15:53:07.613	WT901BLE68(F3:F0:16:BF:DC:AE)	-0.042	0.821	0.649	-7.141	-18.433	2.747	56.59	-0.03	-51.05	-7.573	13.833	-10.220	-0.79816	-0.41718	0.25079	0.35483	23.2	null	null	13113	75
2026-05-27T15:53:07.708	WT901BLE68(F3:F0:16:BF:DC:AE)	0.036	0.836	0.591	-6.409	-21.606	2.869	55.87	-1.68	-51.72	-7.573	13.833	-10.220	-0.79816	-0.41718	0.25079	0.35483	23.2	null	null	13113	75
2026-05-27T15:53:07.826	WT901BLE68(F3:F0:16:BF:DC:AE)	0.007	0.799	0.545	-1.709	-15.137	3.235	55.21	-2.63	-51.00	-12.113	18.547	-12.167	-0.79816	-0.41718	0.25079	0.35483	23.2	null	null	13113	75
2026-05-27T15:53:07.916	WT901BLE68(F3:F0:16:BF:DC:AE)	-0.010	0.889	0.499	24.292	-31.372	5.249	56.63	-4.81	-52.25	-12.113	18.547	-12.167	-0.80020	-0.40659	0.23648	0.37189	23.2	null	null	13113	75
2026-05-27T15:53:08.037	WT901BLE68(F3:F0:16:BF:DC:AE)	0.077	0.911	0.401	15.686	3.662	4.944	58.68	-5.91	-51.38	-12.113	18.547	-12.167	-0.80020	-0.40659	0.23648	0.37189	23.2	null	null	13113	75
2026-05-27T15:53:08.092	WT901BLE68(F3:F0:16:BF:DC:AE)	0.154	0.875	0.459	11.841	3.296	7.446	60.08	-5.71	-49.13	-12.113	18.547	-12.167	-0.80020	-0.40659	0.23648	0.37189	23.2	null	null	13113	75
2026-05-27T15:53:08.220	WT901BLE68(F3:F0:16:BF:DC:AE)	0.132	0.865	0.428	7.568	3.967	10.376	60.93	-6.25	-46.85	-12.113	18.547	-12.167	-0.80020	-0.40659	0.23648	0.37189	23.2	null	null	13113	75
2026-05-27T15:53:08.304	WT901BLE68(F3:F0:16:BF:DC:AE)	0.112	0.880	0.490	-2.319	-6.714	9.705	61.24	-7.28	-45.05	-12.113	18.547	-12.167	-0.80020	-0.40659	0.23648	0.37189	23.2	null	null	13113	75
2026-05-27T15:53:08.428	WT901BLE68(F3:F0:16:BF:DC:AE)	0.268	0.837	0.512	-8.606	12.878	12.695	60.49	-7.89	-42.89	-12.113	18.547	-12.167	-0.80020	-0.40659	0.23648	0.37189	23.2	null	null	13113	75
2026-05-27T15:53:08.516	WT901BLE68(F3:F0:16:BF:DC:AE)	0.119	0.842	0.536	-10.498	2.441	0.000	59.43	-8.07	-40.83	-12.113	18.547	-12.167	-0.80020	-0.40659	0.23648	0.37189	23.2	null	null	13113	75
2026-05-27T15:53:08.634	WT901BLE68(F3:F0:16:BF:DC:AE)	0.217	0.794	0.500	-6.470	1.099	-1.709	58.39	-7.45	-39.02	-12.113	18.547	-12.167	-0.80020	-0.40659	0.23648	0.37189	23.2	null	null	13113	75
2026-05-27T15:53:08.724	WT901BLE68(F3:F0:16:BF:DC:AE)	0.171	0.830	0.515	-7.446	-1.465	-11.230	57.67	-6.72	-38.38	-8.853	19.853	-17.247	-0.80020	-0.40659	0.23648	0.37189	23.2	null	null	13113	75
2026-05-27T15:53:08.846	WT901BLE68(F3:F0:16:BF:DC:AE)	0.019	0.908	0.526	-0.061	15.076	-24.780	57.21	-4.82	-37.83	-8.853	19.853	-17.247	-0.80020	-0.40659	0.23648	0.37189	23.2	null	null	13113	75
2026-05-27T15:53:08.901	WT901BLE68(F3:F0:16:BF:DC:AE)	-0.051	0.831	0.515	8.728	19.348	-24.353	57.49	-1.27	-36.10	-8.853	19.853	-17.247	-0.83621	-0.44684	0.17267	0.26678	23.2	null	null	13113	75
2026-05-27T15:53:09.028	WT901BLE68(F3:F0:16:BF:DC:AE)	-0.070	0.857	0.458	8.728	4.089	-26.245	58.52	0.73	-36.60	-8.853	19.853	-17.247	-0.83621	-0.44684	0.17267	0.26678	23.2	null	null	13113	75
2026-05-27T15:53:09.115	WT901BLE68(F3:F0:16:BF:DC:AE)	-0.036	0.877	0.567	-3.296	6.104	-7.019	58.83	2.28	-36.72	-8.853	19.853	-17.247	-0.83621	-0.44684	0.17267	0.26678	23.2	null	null	13113	75
2026-05-27T15:53:09.233	WT901BLE68(F3:F0:16:BF:DC:AE)	0.037	0.846	0.544	-8.667	-7.935	-4.272	58.34	2.66	-36.44	-8.853	19.853	-17.247	-0.83621	-0.44684	0.17267	0.26678	23.2	null	null	13113	75
2026-05-27T15:53:09.322	WT901BLE68(F3:F0:16:BF:DC:AE)	-0.103	0.824	0.564	-5.615	1.404	-0.793	57.58	2.77	-36.51	-8.853	19.853	-17.247	-0.83621	-0.44684	0.17267	0.26678	23.2	null	null	13113	75
2026-05-27T15:53:09.451	WT901BLE68(F3:F0:16:BF:DC:AE)	-0.067	0.839	0.586	-7.324	1.770	2.808	56.89	2.37	-36.04	-8.853	19.853	-17.247	-0.83621	-0.44684	0.17267	0.26678	23.2	null	null	13113	75
2026-05-27T15:53:09.504	WT901BLE68(F3:F0:16:BF:DC:AE)	-0.085	0.814	0.554	-4.761	-6.226	7.629	56.15	2.04	-35.68	-15.460	25.013	-17.300	-0.83621	-0.44684	0.17267	0.26678	23.2	null	null	13113	75
2026-05-27T15:53:09.629	WT901BLE68(F3:F0:16:BF:DC:AE)	0.112	0.784	0.517	1.953	3.784	9.766	55.90	1.05	-35.17	-15.460	25.013	-17.300	-0.83621	-0.44684	0.17267	0.26678	23.2	null	null	13113	75
2026-05-27T15:53:09.717	WT901BLE68(F3:F0:16:BF:DC:AE)	-0.012	0.892	0.418	8.240	2.808	2.258	56.38	0.73	-34.34	-15.460	25.013	-17.300	-0.83621	-0.44684	0.17267	0.26678	23.2	null	null	13113	75
2026-05-27T15:53:09.837	WT901BLE68(F3:F0:16:BF:DC:AE)	-0.057	0.863	0.511	19.165	-3.601	8.118	57.67	1.20	-32.09	-15.460	25.013	-17.300	-0.84106	-0.45459	0.13303	0.26105	23.2	null	null	13113	75
2026-05-27T15:53:09.924	WT901BLE68(F3:F0:16:BF:DC:AE)	0.009	0.877	0.465	13.123	-2.075	6.592	59.86	0.25	-31.48	-15.460	25.013	-17.300	-0.84106	-0.45459	0.13303	0.26105	23.2	null	null	13113	75
2026-05-27T15:53:10.046	WT901BLE68(F3:F0:16:BF:DC:AE)	-0.009	0.897	0.509	0.488	10.071	7.874	60.51	-0.06	-29.98	-15.460	25.013	-17.300	-0.84106	-0.45459	0.13303	0.26105	23.2	null	null	13113	75
2026-05-27T15:53:10.134	WT901BLE68(F3:F0:16:BF:DC:AE)	-0.050	0.889	0.521	-5.188	3.601	7.263	60.22	-0.41	-28.62	-15.460	25.013	-17.300	-0.84106	-0.45459	0.13303	0.26105	23.2	null	null	13113	75
2026-05-27T15:53:10.258	WT901BLE68(F3:F0:16:BF:DC:AE)	0.063	0.821	0.495	-9.949	6.042	3.174	59.42	-0.91	-27.59	-15.460	25.013	-17.300	-0.84106	-0.45459	0.13303	0.26105	23.2	null	null	13113	75
2026-05-27T15:53:10.312	WT901BLE68(F3:F0:16:BF:DC:AE)	-0.005	0.846	0.530	-12.085	6.775	-4.089	58.37	-0.79	-26.66	-15.460	25.013	-17.300	-0.84106	-0.45459	0.13303	0.26105	23.2	null	null	13113	75
2026-05-27T15:53:10.438	WT901BLE68(F3:F0:16:BF:DC:AE)	-0.086	0.864	0.525	-7.751	7.813	-11.902	57.44	-0.03	-26.07	-15.460	25.013	-17.300	-0.84106	-0.45459	0.13303	0.26105	23.2	null	null	13113	75
2026-05-27T15:53:10.524	WT901BLE68(F3:F0:16:BF:DC:AE)	-0.044	0.836	0.522	-4.272	5.066	-19.043	56.90	1.29	-26.46	-12.460	27.340	-22.333	-0.84106	-0.45459	0.13303	0.26105	23.2	null	null	13113	75
2026-05-27T15:53:10.646	WT901BLE68(F3:F0:16:BF:DC:AE)	-0.162	0.865	0.489	6.775	2.625	-22.949	57.10	3.27	-27.03	-12.460	27.340	-22.333	-0.84106	-0.45459	0.13303	0.26105	23.2	null	null	13113	75
2026-05-27T15:53:10.734	WT901BLE68(F3:F0:16:BF:DC:AE)	-0.036	0.834	0.531	11.047	-16.663	-8.362	58.05	4.49	-27.55	-12.460	27.340	-22.333	-0.84772	-0.47455	0.08136	0.22238	23.2	null	null	13113	75
2026-05-27T15:53:10.858	WT901BLE68(F3:F0:16:BF:DC:AE)	-0.093	0.878	0.590	-3.113	-11.536	-6.653	58.39	4.52	-29.39	-12.460	27.340	-22.333	-0.84772	-0.47455	0.08136	0.22238	23.2	null	null	13113	75
2026-05-27T15:53:10.913	WT901BLE68(F3:F0:16:BF:DC:AE)	-0.115	0.825	0.563	-2.258	-6.165	6.409	57.90	4.52	-29.21	-12.460	27.340	-22.333	-0.84772	-0.47455	0.08136	0.22238	23.2	null	null	13113	75
2026-05-27T15:53:11.035	WT901BLE68(F3:F0:16:BF:DC:AE)	-0.083	0.855	0.552	-5.371	-16.663	-0.732	57.46	3.53	-30.08	-12.460	27.340	-22.333	-0.84772	-0.47455	0.08136	0.22238	23.2	null	null	13113	75
2026-05-27T15:53:11.126	WT901BLE68(F3:F0:16:BF:DC:AE)	-0.056	0.818	0.567	-7.568	1.953	4.150	56.70	3.30	-29.86	-12.460	27.340	-22.333	-0.84772	-0.47455	0.08136	0.22238	23.2	null	null	13113	75
2026-05-27T15:53:11.248	WT901BLE68(F3:F0:16:BF:DC:AE)	-0.009	0.808	0.599	-9.766	4.211	6.836	55.74	2.78	-29.27	-12.460	27.340	-22.333	-0.84772	-0.47455	0.08136	0.22238	23.2	null	null	13113	75
2026-05-27T15:53:11.334	WT901BLE68(F3:F0:16:BF:DC:AE)	-0.046	0.790	0.608	-3.906	-6.775	8.484	54.82	2.44	-28.27	-16.347	32.040	-23.453	-0.84772	-0.47455	0.08136	0.22238	23.2	null	null	13113	75
2026-05-27T15:53:11.456	WT901BLE68(F3:F0:16:BF:DC:AE)	-0.034	0.840	0.599	6.897	-20.813	2.197	54.99	1.38	-28.86	-16.347	32.040	-23.453	-0.84772	-0.47455	0.08136	0.22238	23.2	null	null	13113	75
2026-05-27T15:53:11.547	WT901BLE68(F3:F0:16:BF:DC:AE)	-0.119	0.895	0.551	13.489	-14.160	3.967	56.02	0.47	-29.49	-16.347	32.040	-23.453	-0.85425	-0.45352	0.11377	0.22702	23.2	null	null	13113	75
2026-05-27T15:53:11.666	WT901BLE68(F3:F0:16:BF:DC:AE)	0.037	0.833	0.431	13.733	-9.766	14.343	57.61	-0.70	-29.26	-16.347	32.040	-23.453	-0.85425	-0.45352	0.11377	0.22702	23.2	null	null	13113	75
2026-05-27T15:53:11.726	WT901BLE68(F3:F0:16:BF:DC:AE)	0.039	0.864	0.493	7.874	-8.057	9.460	58.50	-1.81	-28.74	-16.347	32.040	-23.453	-0.85425	-0.45352	0.11377	0.22702	23.2	null	null	13113	75
2026-05-27T15:53:11.846	WT901BLE68(F3:F0:16:BF:DC:AE)	0.083	0.842	0.570	3.357	-12.024	5.249	59.17	-2.85	-28.37	-16.347	32.040	-23.453	-0.85425	-0.45352	0.11377	0.22702	23.2	null	null	13113	75
2026-05-27T15:53:11.934	WT901BLE68(F3:F0:16:BF:DC:AE)	0.130	0.831	0.505	-3.296	-3.845	6.042	59.23	-3.70	-27.89	-16.347	32.040	-23.453	-0.85425	-0.45352	0.11377	0.22702	23.2	null	null	13113	75
2026-05-27T15:53:12.053	WT901BLE68(F3:F0:16:BF:DC:AE)	0.075	0.843	0.601	-11.414	-6.287	-1.160	58.46	-4.05	-27.26	-16.347	32.040	-23.453	-0.85425	-0.45352	0.11377	0.22702	23.2	null	null	13113	75
2026-05-27T15:53:12.146	WT901BLE68(F3:F0:16:BF:DC:AE)	0.137	0.809	0.579	-8.728	-10.559	-1.465	57.78	-4.72	-27.50	-16.347	32.040	-23.453	-0.85425	-0.45352	0.11377	0.22702	23.2	null	null	13113	75
2026-05-27T15:53:12.262	WT901BLE68(F3:F0:16:BF:DC:AE)	0.142	0.805	0.588	-9.827	-6.042	-8.911	56.80	-4.63	-27.90	-11.960	34.047	-29.093	-0.85425	-0.45352	0.11377	0.22702	23.2	null	null	13113	75
2026-05-27T15:53:12.324	WT901BLE68(F3:F0:16:BF:DC:AE)	0.027	0.846	0.555	-2.136	-18.066	-16.724	56.22	-4.08	-28.67	-11.960	34.047	-29.093	-0.85425	-0.45352	0.11377	0.22702	23.2	null	null	13113	75
2026-05-27T15:53:12.446	WT901BLE68(F3:F0:16:BF:DC:AE)	0.025	0.943	0.436	8.911	-21.057	-24.414	57.30	-4.03	-31.49	-11.960	34.047	-29.093	-0.85425	-0.45352	0.11377	0.22702	23.2	null	null	13113	75
2026-05-27T15:53:12.530	WT901BLE68(F3:F0:16:BF:DC:AE)	-0.071	0.880	0.478	7.813	-6.042	-34.180	58.75	-2.21	-32.50	-11.960	34.047	-29.093	-0.84543	-0.45654	0.15988	0.22617	23.2	null	null	13113	75
2026-05-27T15:53:12.657	WT901BLE68(F3:F0:16:BF:DC:AE)	-0.012	0.867	0.498	5.188	-5.676	-21.057	59.50	-0.27	-33.81	-11.960	34.047	-29.093	-0.84543	-0.45654	0.15988	0.22617	23.2	null	null	13113	75
2026-05-27T15:53:12.747	WT901BLE68(F3:F0:16:BF:DC:AE)	-0.108	0.888	0.523	-3.906	-2.075	-14.832	59.62	0.48	-34.33	-11.960	34.047	-29.093	-0.84543	-0.45654	0.15988	0.22617	23.2	null	null	13113	75
2026-05-27T15:53:12.866	WT901BLE68(F3:F0:16:BF:DC:AE)	-0.088	0.877	0.527	-0.122	-8.911	-7.568	59.39	1.05	-34.82	-11.960	34.047	-29.093	-0.84543	-0.45654	0.15988	0.22617	23.2	null	null	13113	75
2026-05-27T15:53:12.956	WT901BLE68(F3:F0:16:BF:DC:AE)	-0.020	0.849	0.541	-5.798	-14.465	-10.315	59.13	1.13	-35.86	-11.960	34.047	-29.093	-0.84543	-0.45654	0.15988	0.22617	23.2	null	null	13113	75
2026-05-27T15:53:13.078	WT901BLE68(F3:F0:16:BF:DC:AE)	-0.063	0.847	0.532	-7.019	-6.653	-8.789	58.44	1.30	-36.34	-11.960	34.047	-29.093	-0.84543	-0.45654	0.15988	0.22617	23.2	null	null	13113	75
2026-05-27T15:53:13.132	WT901BLE68(F3:F0:16:BF:DC:AE)	-0.033	0.845	0.578	-1.709	-14.587	-8.240	57.90	1.43	-36.90	-23.160	40.460	-33.087	-0.84543	-0.45654	0.15988	0.22617	23.2	null	null	13113	75
2026-05-27T15:53:13.258	WT901BLE68(F3:F0:16:BF:DC:AE)	-0.041	0.839	0.598	5.188	-20.020	-11.963	57.99	1.45	-38.33	-23.160	40.460	-33.087	-0.84543	-0.45654	0.15988	0.22617	23.2	null	null	13113	75
2026-05-27T15:53:13.344	WT901BLE68(F3:F0:16:BF:DC:AE)	0.040	0.893	0.531	15.930	-13.672	-8.667	58.85	1.51	-39.64	-23.160	40.460	-33.087	-0.81955	-0.46307	0.15405	0.30005	23.2	null	null	13113	75
2026-05-27T15:53:13.462	WT901BLE68(F3:F0:16:BF:DC:AE)	-0.049	0.893	0.440	15.564	-38.452	6.287	60.46	1.49	-39.43	-23.160	40.460	-33.087	-0.81955	-0.46307	0.15405	0.30005	23.2	null	null	13113	75
2026-05-27T15:53:13.556	WT901BLE68(F3:F0:16:BF:DC:AE)	0.005	0.878	0.472	9.033	-41.138	10.193	61.74	-1.58	-41.80	-23.160	40.460	-33.087	-0.81955	-0.46307	0.15405	0.30005	23.2	null	null	13113	75
2026-05-27T15:53:13.671	WT901BLE68(F3:F0:16:BF:DC:AE)	0.060	0.875	0.440	7.446	-42.175	4.150	62.83	-4.20	-44.12	-23.160	40.460	-33.087	-0.81955	-0.46307	0.15405	0.30005	23.2	null	null	13113	75
2026-05-27T15:53:13.734	WT901BLE68(F3:F0:16:BF:DC:AE)	0.108	0.872	0.503	-4.822	-42.786	-10.010	63.37	-5.87	-47.16	-23.160	40.460	-33.087	-0.81955	-0.46307	0.15405	0.30005	23.2	null	null	13113	75
2026-05-27T15:53:13.858	WT901BLE68(F3:F0:16:BF:DC:AE)	0.157	0.848	0.469	-12.329	-44.006	-18.982	63.08	-6.60	-50.32	-23.160	40.460	-33.087	-0.81955	-0.46307	0.15405	0.30005	23.2	null	null	13113	75
2026-05-27T15:53:13.946	WT901BLE68(F3:F0:16:BF:DC:AE)	0.116	0.831	0.511	-25.269	-14.709	-38.574	61.44	-5.53	-52.99	-23.160	40.460	-33.087	-0.81955	-0.46307	0.15405	0.30005	23.2	null	null	13113	75
2026-05-27T15:53:14.066	WT901BLE68(F3:F0:16:BF:DC:AE)	-0.015	0.888	0.548	-18.127	-26.917	-36.743	59.46	-3.27	-55.81	-23.160	40.460	-33.087	-0.81955	-0.46307	0.15405	0.30005	23.2	null	null	13113	75
2026-05-27T15:53:14.156	WT901BLE68(F3:F0:16:BF:DC:AE)	-0.023	0.851	0.482	-12.451	-18.982	-48.462	57.92	-0.62	-58.91	-41.193	44.287	-35.373	-0.81955	-0.46307	0.15405	0.30005	23.2	null	null	13113	75
2026-05-27T15:53:14.276	WT901BLE68(F3:F0:16:BF:DC:AE)	-0.120	0.840	0.517	-4.822	-31.433	-37.598	56.99	1.41	-62.48	-41.193	44.287	-35.373	-0.81955	-0.46307	0.15405	0.30005	23.2	null	null	13113	75
2026-05-27T15:53:14.333	WT901BLE68(F3:F0:16:BF:DC:AE)	-0.088	0.835	0.556	-5.920	-33.875	-26.917	56.45	2.32	-66.41	-41.193	44.287	-35.373	-0.73938	-0.40961	0.24084	0.47690	23.2	null	null	13113	75
2026-05-27T15:53:14.486	WT901BLE68(F3:F0:16:BF:DC:AE)	-0.073	0.789	0.546	-1.282	-19.836	-22.644	55.76	3.21	-68.17	-41.193	44.287	-35.373	-0.73938	-0.40961	0.24084	0.47690	23.2	null	null	13113	75
2026-05-27T15:53:14.541	WT901BLE68(F3:F0:16:BF:DC:AE)	-0.053	0.795	0.640	2.441	-35.522	-16.296	55.63	3.52	-70.69	-41.193	44.287	-35.373	-0.73938	-0.40961	0.24084	0.47690	23.2	null	null	13113	75
2026-05-27T15:53:14.667	WT901BLE68(F3:F0:16:BF:DC:AE)	-0.035	0.777	0.704	-3.479	-53.467	4.639	55.16	1.61	-73.22	-41.193	44.287	-35.373	-0.73938	-0.40961	0.24084	0.47690	23.2	null	null	13113	75
2026-05-27T15:53:14.755	WT901BLE68(F3:F0:16:BF:DC:AE)	-0.035	0.836	0.576	6.897	-59.937	-2.441	54.85	-1.43	-76.80	-41.193	44.287	-35.373	-0.73938	-0.40961	0.24084	0.47690	23.2	null	null	13113	75
2026-05-27T15:53:14.877	WT901BLE68(F3:F0:16:BF:DC:AE)	0.053	0.733	0.542	19.409	-71.716	-1.343	56.12	-4.10	-79.50	-41.193	44.287	-35.373	-0.73938	-0.40961	0.24084	0.47690	23.2	null	null	13113	75
2026-05-27T15:53:14.965	WT901BLE68(F3:F0:16:BF:DC:AE)	0.106	0.868	0.546	4.395	-40.894	2.869	57.58	-7.80	-84.46	-64.087	44.193	-14.827	-0.73938	-0.40961	0.24084	0.47690	23.2	null	null	13113	75
2026-05-27T15:53:15.085	WT901BLE68(F3:F0:16:BF:DC:AE)	0.224	0.800	0.578	9.033	-100.525	-17.090	59.13	-10.76	-89.43	-64.087	44.193	-14.827	-0.73938	-0.40961	0.24084	0.47690	23.2	null	null	13113	75
2026-05-27T15:53:15.142	WT901BLE68(F3:F0:16:BF:DC:AE)	0.251	0.855	0.464	-10.254	-68.970	2.747	60.49	-14.43	-95.87	-64.087	44.193	-14.827	-0.62427	-0.26166	0.43787	0.59158	23.2	null	null	13113	75
2026-05-27T15:53:15.264	WT901BLE68(F3:F0:16:BF:DC:AE)	0.272	0.838	0.502	-27.039	-67.078	-15.381	59.75	-16.61	-99.67	-64.087	44.193	-14.827	-0.62427	-0.26166	0.43787	0.59158	23.2	null	null	13113	75
2026-05-27T15:53:15.352	WT901BLE68(F3:F0:16:BF:DC:AE)	0.230	0.863	0.541	-36.377	-53.467	-42.480	58.25	-16.72	-104.56	-64.087	44.193	-14.827	-0.62427	-0.26166	0.43787	0.59158	23.2	null	null	13113	75
2026-05-27T15:53:15.474	WT901BLE68(F3:F0:16:BF:DC:AE)	-0.009	0.946	0.360	-33.752	-26.794	-63.293	56.41	-14.13	-109.19	-64.087	44.193	-14.827	-0.62427	-0.26166	0.43787	0.59158	23.2	null	null	13113	75
2026-05-27T15:53:15.565	WT901BLE68(F3:F0:16:BF:DC:AE)	0.394	0.715	0.560	-17.029	-0.671	-41.870	54.76	-10.59	-113.75	-64.087	44.193	-14.827	-0.62427	-0.26166	0.43787	0.59158	23.2	null	null	13113	75
2026-05-27T15:53:15.688	WT901BLE68(F3:F0:16:BF:DC:AE)	0.016	0.837	0.522	-26.001	-1.892	-33.020	53.15	-7.54	-114.75	-64.087	44.193	-14.827	-0.62427	-0.26166	0.43787	0.59158	23.2	null	null	13113	75
2026-05-27T15:53:15.775	WT901BLE68(F3:F0:16:BF:DC:AE)	0.104	0.722	0.656	-18.372	2.625	-14.343	51.14	-5.30	-114.38	-64.087	44.193	-14.827	-0.62427	-0.26166	0.43787	0.59158	23.2	null	null	13113	75
2026-05-27T15:53:15.893	WT901BLE68(F3:F0:16:BF:DC:AE)	0.031	0.801	0.590	-6.592	-20.142	-9.521	50.33	-5.38	-115.05	-66.733	20.113	22.920	-0.62427	-0.26166	0.43787	0.59158	23.2	null	null	13113	75
2026-05-27T15:53:15.954	WT901BLE68(F3:F0:16:BF:DC:AE)	0.055	0.791	0.652	-4.333	-19.714	-5.188	50.05	-6.36	-116.45	-66.733	20.113	22.920	-0.62427	-0.26166	0.43787	0.59158	23.2	null	null	13113	75
2026-05-27T15:53:16.077	WT901BLE68(F3:F0:16:BF:DC:AE)	0.070	0.751	0.600	-0.122	-26.306	-9.399	50.17	-7.21	-117.79	-66.733	20.113	22.920	-0.62427	-0.26166	0.43787	0.59158	23.2	null	null	13113	75
2026-05-27T15:53:16.162	WT901BLE68(F3:F0:16:BF:DC:AE)	0.058	0.791	0.651	1.648	-18.127	-7.690	50.65	-7.70	-118.42	-66.733	20.113	22.920	-0.48767	-0.16727	0.39447	0.76059	23.2	null	null	13113	75
2026-05-27T15:53:16.285	WT901BLE68(F3:F0:16:BF:DC:AE)	0.126	0.748	0.662	12.756	-12.329	-12.817	51.56	-7.42	-118.66	-66.733	20.113	22.920	-0.48767	-0.16727	0.39447	0.76059	23.2	null	null	13113	75
2026-05-27T15:53:16.376	WT901BLE68(F3:F0:16:BF:DC:AE)	0.019	0.810	0.679	19.226	-37.292	-14.160	53.39	-6.86	-119.06	-66.733	20.113	22.920	-0.48767	-0.16727	0.39447	0.76059	23.2	null	null	13113	75
2026-05-27T15:53:16.496	WT901BLE68(F3:F0:16:BF:DC:AE)	0.049	0.834	0.491	5.066	-37.842	5.066	54.71	-8.77	-120.33	-66.733	20.113	22.920	-0.48767	-0.16727	0.39447	0.76059	23.2	null	null	13113	75
2026-05-27T15:53:16.552	WT901BLE68(F3:F0:16:BF:DC:AE)	0.201	0.812	0.579	-10.498	-60.913	-1.953	54.95	-12.12	-123.68	-66.733	20.113	22.920	-0.48767	-0.16727	0.39447	0.76059	23.2	null	null	13113	75
2026-05-27T15:53:16.678	WT901BLE68(F3:F0:16:BF:DC:AE)	0.267	0.723	0.611	-22.705	-48.828	-2.808	54.71	-15.77	-128.39	-66.733	20.113	22.920	-0.48767	-0.16727	0.39447	0.76059	23.2	null	null	13113	75
2026-05-27T15:53:16.763	WT901BLE68(F3:F0:16:BF:DC:AE)	0.382	0.795	0.452	-8.057	-24.719	2.991	54.37	-18.68	-130.98	-42.127	15.280	28.480	-0.48767	-0.16727	0.39447	0.76059	23.2	null	null	13113	75
2026-05-27T15:53:16.885	WT901BLE68(F3:F0:16:BF:DC:AE)	0.331	0.770	0.552	-18.494	-13.733	-13.000	53.57	-19.02	-131.65	-42.127	15.280	28.480	-0.48767	-0.16727	0.39447	0.76059	23.2	null	null	13113	75
2026-05-27T15:53:16.972	WT901BLE68(F3:F0:16:BF:DC:AE)	0.272	0.762	0.581	-13.977	-5.920	-19.043	53.01	-18.67	-132.70	-42.127	15.280	28.480	-0.42264	-0.04343	0.46341	0.77756	23.2	null	null	13113	75
2026-05-27T15:53:17.095	WT901BLE68(F3:F0:16:BF:DC:AE)	0.359	0.825	0.648	-11.963	0.366	-28.564	52.65	-17.39	-134.13	-42.127	15.280	28.480	-0.42264	-0.04343	0.46341	0.77756	23.2	null	null	13113	75
2026-05-27T15:53:17.187	WT901BLE68(F3:F0:16:BF:DC:AE)	0.205	0.791	0.562	-0.732	3.418	-29.419	52.45	-14.63	-134.62	-42.127	15.280	28.480	-0.42264	-0.04343	0.46341	0.77756	23.2	null	null	13113	75
2026-05-27T15:53:17.306	WT901BLE68(F3:F0:16:BF:DC:AE)	0.231	0.816	0.582	-9.521	-7.751	-20.081	52.57	-13.07	-135.34	-42.127	15.280	28.480	-0.42264	-0.04343	0.46341	0.77756	23.2	null	null	13113	75
2026-05-27T15:53:17.366	WT901BLE68(F3:F0:16:BF:DC:AE)	0.184	0.807	0.671	1.160	27.649	-3.479	52.08	-11.34	-133.85	-42.127	15.280	28.480	-0.42264	-0.04343	0.46341	0.77756	23.2	null	null	13113	75
2026-05-27T15:53:17.489	WT901BLE68(F3:F0:16:BF:DC:AE)	0.088	0.777	0.582	2.197	10.254	-12.024	52.44	-9.85	-131.87	-42.127	15.280	28.480	-0.42264	-0.04343	0.46341	0.77756	23.2	null	null	13113	75
2026-05-27T15:53:17.572	WT901BLE68(F3:F0:16:BF:DC:AE)	0.190	0.777	0.651	-2.136	-0.671	-6.165	52.40	-8.91	-130.84	-42.127	15.280	28.480	-0.42264	-0.04343	0.46341	0.77756	23.2	null	null	13113	75
2026-05-27T15:53:17.696	WT901BLE68(F3:F0:16:BF:DC:AE)	0.160	0.785	0.625	-4.272	5.310	-5.859	52.05	-7.82	-129.26	-42.127	15.280	28.480	-0.42264	-0.04343	0.46341	0.77756	23.2	null	null	13113	75
2026-05-27T15:53:17.788	WT901BLE68(F3:F0:16:BF:DC:AE)	0.143	0.800	0.637	1.404	7.874	1.709	51.99	-7.41	-127.73	-46.207	5.780	25.653	-0.42264	-0.04343	0.46341	0.77756	23.2	null	null	13113	75
2026-05-27T15:53:17.904	WT901BLE68(F3:F0:16:BF:DC:AE)	0.073	0.808	0.602	9.094	3.357	1.892	52.56	-7.53	-126.41	-46.207	5.780	25.653	-0.42599	-0.14343	0.41937	0.78864	23.2	null	null	13113	75
2026-05-27T15:53:17.964	WT901BLE68(F3:F0:16:BF:DC:AE)	0.100	0.860	0.565	17.822	-6.531	1.343	54.15	-7.70	-125.16	-46.207	5.780	25.653	-0.42599	-0.14343	0.41937	0.78864	23.2	null	null	13113	75
2026-05-27T15:53:18.086	WT901BLE68(F3:F0:16:BF:DC:AE)	0.120	0.855	0.496	11.902	4.578	0.488	55.73	-7.75	-124.17	-46.207	5.780	25.653	-0.42599	-0.14343	0.41937	0.78864	23.2	null	null	13113	75
2026-05-27T15:53:18.175	WT901BLE68(F3:F0:16:BF:DC:AE)	0.213	0.825	0.514	5.188	2.930	-2.319	56.54	-7.90	-123.10	-46.207	5.780	25.653	-0.42599	-0.14343	0.41937	0.78864	23.2	null	null	13113	75
2026-05-27T15:53:18.295	WT901BLE68(F3:F0:16:BF:DC:AE)	0.174	0.841	0.614	-1.953	-1.160	5.066	56.74	-7.92	-122.12	-46.207	5.780	25.653	-0.42599	-0.14343	0.41937	0.78864	23.2	null	null	13113	75
2026-05-27T15:53:18.384	WT901BLE68(F3:F0:16:BF:DC:AE)	0.133	0.838	0.531	-9.399	-2.380	0.671	56.24	-8.50	-120.98	-46.207	5.780	25.653	-0.42599	-0.14343	0.41937	0.78864	23.2	null	null	13113	75
2026-05-27T15:53:18.505	WT901BLE68(F3:F0:16:BF:DC:AE)	0.176	0.800	0.600	-9.583	11.597	-5.493	55.42	-8.12	-119.51	-46.207	5.780	25.653	-0.42599	-0.14343	0.41937	0.78864	23.2	null	null	13113	75
2026-05-27T15:53:18.594	WT901BLE68(F3:F0:16:BF:DC:AE)	0.104	0.819	0.608	-10.193	11.536	-9.277	54.53	-7.40	-118.32	-47.693	8.100	18.473	-0.42599	-0.14343	0.41937	0.78864	23.2	null	null	13113	75
2026-05-27T15:53:18.717	WT901BLE68(F3:F0:16:BF:DC:AE)	0.094	0.764	0.521	-13.855	43.213	-33.875	53.22	-4.20	-116.19	-47.693	8.100	18.473	-0.42599	-0.14343	0.41937	0.78864	23.2	null	null	13113	75
2026-05-27T15:53:18.773	WT901BLE68(F3:F0:16:BF:DC:AE)	-0.015	0.821	0.686	3.723	30.029	-33.997	52.70	0.86	-114.21	-47.693	8.100	18.473	-0.48471	-0.24109	0.37207	0.75391	23.2	null	null	13113	75
2026-05-27T15:53:18.897	WT901BLE68(F3:F0:16:BF:DC:AE)	-0.137	0.831	0.626	13.062	9.277	-21.973	53.57	4.03	-113.33	-47.693	8.100	18.473	-0.48471	-0.24109	0.37207	0.75391	23.2	null	null	13113	75
2026-05-27T15:53:18.987	WT901BLE68(F3:F0:16:BF:DC:AE)	-0.098	0.842	0.549	4.822	-8.911	-19.470	54.55	5.71	-113.22	-47.693	8.100	18.473	-0.48471	-0.24109	0.37207	0.75391	23.2	null	null	13113	75
2026-05-27T15:53:19.108	WT901BLE68(F3:F0:16:BF:DC:AE)	-0.225	0.824	0.610	-3.784	10.986	-7.813	54.38	7.19	-112.53	-47.693	8.100	18.473	-0.48471	-0.24109	0.37207	0.75391	23.2	null	null	13113	75
2026-05-27T15:53:19.194	WT901BLE68(F3:F0:16:BF:DC:AE)	-0.088	0.792	0.564	-0.061	-12.329	-1.282	54.22	7.71	-111.21	-47.693	8.100	18.473	-0.48471	-0.24109	0.37207	0.75391	23.2	null	null	13113	75
2026-05-27T15:53:19.315	WT901BLE68(F3:F0:16:BF:DC:AE)	-0.205	0.767	0.632	-4.517	1.099	-1.648	53.99	7.26	-111.04	-47.693	8.100	18.473	-0.48471	-0.24109	0.37207	0.75391	23.2	null	null	13113	75
2026-05-27T15:53:19.374	WT901BLE68(F3:F0:16:BF:DC:AE)	-0.140	0.760	0.669	-8.423	-3.479	8.728	53.27	6.89	-109.76	-47.693	8.100	18.473	-0.48471	-0.24109	0.37207	0.75391	23.2	null	null	13113	75
2026-05-27T15:53:19.495	WT901BLE68(F3:F0:16:BF:DC:AE)	-0.114	0.787	0.531	-7.324	15.259	13.000	52.50	5.86	-108.19	-47.693	8.100	18.473	-0.48471	-0.24109	0.37207	0.75391	23.2	null	null	13113	75
2026-05-27T15:53:19.582	WT901BLE68(F3:F0:16:BF:DC:AE)	-0.131	0.838	0.619	12.573	2.380	20.630	52.78	5.38	-105.42	-58.920	3.567	10.200	-0.48471	-0.24109	0.37207	0.75391	23.2	null	null	13113	75
2026-05-27T15:53:19.710	WT901BLE68(F3:F0:16:BF:DC:AE)	-0.061	0.853	0.520	28.076	-22.888	28.870	55.28	3.08	-103.98	-58.920	3.567	10.200	-0.48471	-0.24109	0.37207	0.75391	23.2	null	null	13113	75
2026-05-27T15:53:19.796	WT901BLE68(F3:F0:16:BF:DC:AE)	0.158	0.859	0.390	8.179	15.503	28.992	57.16	-0.08	-102.90	-58.920	3.567	10.200	-0.53894	-0.30127	0.36292	0.69781	23.2	null	null	13113	75
2026-05-27T15:53:19.916	WT901BLE68(F3:F0:16:BF:DC:AE)	-0.012	0.872	0.543	0.610	40.710	13.550	57.73	-0.19	-99.04	-58.920	3.567	10.200	-0.53894	-0.30127	0.36292	0.69781	23.2	null	null	13113	75
2026-05-27T15:53:20.004	WT901BLE68(F3:F0:16:BF:DC:AE)	0.039	0.808	0.600	-9.644	21.362	9.155	57.45	-0.20	-96.20	-58.920	3.567	10.200	-0.53894	-0.30127	0.36292	0.69781	23.2	null	null	13113	75
2026-05-27T15:53:20.126	WT901BLE68(F3:F0:16:BF:DC:AE)	0.083	0.873	0.682	-20.874	-9.705	6.226	56.05	0.00	-94.28	-58.920	3.567	10.200	-0.53894	-0.30127	0.36292	0.69781	23.2	null	null	13113	75
2026-05-27T15:53:20.185	WT901BLE68(F3:F0:16:BF:DC:AE)	-0.016	0.724	0.662	-20.447	11.658	-0.427	54.40	0.60	-92.88	-58.920	3.567	10.200	-0.53894	-0.30127	0.36292	0.69781	23.2	null	null	13113	75
2026-05-27T15:53:20.305	WT901BLE68(F3:F0:16:BF:DC:AE)	0.049	0.792	0.579	-14.160	16.602	-16.968	52.68	1.94	-91.79	-58.920	3.567	10.200	-0.53894	-0.30127	0.36292	0.69781	23.2	null	null	13113	75
2026-05-27T15:53:20.391	WT901BLE68(F3:F0:16:BF:DC:AE)	-0.015	0.796	0.623	-8.179	13.611	-20.386	51.49	4.22	-91.34	-60.027	10.567	2.500	-0.53894	-0.30127	0.36292	0.69781	23.2	null	null	13113	75
2026-05-27T15:53:20.518	WT901BLE68(F3:F0:16:BF:DC:AE)	-0.160	0.823	0.555	15.320	31.616	-26.245	52.06	6.66	-91.49	-60.027	10.567	2.500	-0.53894	-0.30127	0.36292	0.69781	23.2	null	null	13113	75
2026-05-27T15:53:20.606	WT901BLE68(F3:F0:16:BF:DC:AE)	-0.163	0.833	0.558	21.423	-9.705	-17.273	54.01	9.40	-91.01	-60.027	10.567	2.500	-0.59973	-0.36539	0.27002	0.65860	23.2	null	null	13113	75
2026-05-27T15:53:20.727	WT901BLE68(F3:F0:16:BF:DC:AE)	-0.235	0.852	0.419	12.207	-6.226	-11.597	55.49	10.27	-92.40	-60.027	10.567	2.500	-0.59973	-0.36539	0.27002	0.65860	23.2	null	null	13113	75
2026-05-27T15:53:20.785	WT901BLE68(F3:F0:16:BF:DC:AE)	-0.134	0.828	0.708	-1.343	-2.808	-2.686	55.87	10.91	-91.70	-60.027	10.567	2.500	-0.59973	-0.36539	0.27002	0.65860	23.2	null	null	13113	75
2026-05-27T15:53:20.910	WT901BLE68(F3:F0:16:BF:DC:AE)	-0.078	0.819	0.540	-4.883	-26.917	1.221	55.61	10.81	-92.12	-60.027	10.567	2.500	-0.59973	-0.36539	0.27002	0.65860	23.2	null	null	13113	75
2026-05-27T15:53:20.994	WT901BLE68(F3:F0:16:BF:DC:AE)	-0.084	0.875	0.572	-3.296	-47.974	8.179	54.40	7.53	-94.61	-60.027	10.567	2.500	-0.59973	-0.36539	0.27002	0.65860	23.2	null	null	13113	75
2026-05-27T15:53:21.118	WT901BLE68(F3:F0:16:BF:DC:AE)	-0.012	0.858	0.614	-8.850	5.981	7.080	53.69	6.45	-93.90	-60.027	10.567	2.500	-0.59973	-0.36539	0.27002	0.65860	23.2	null	null	13113	75
2026-05-27T15:53:21.207	WT901BLE68(F3:F0:16:BF:DC:AE)	-0.112	0.812	0.607	-6.897	15.747	13.489	52.90	6.52	-91.36	-60.027	10.567	2.500	-0.59973	-0.36539	0.27002	0.65860	23.2	null	null	13113	75
2026-05-27T15:53:21.324	WT901BLE68(F3:F0:16:BF:DC:AE)	-0.187	0.919	0.608	19.653	8.362	17.883	53.89	5.88	-89.57	-61.220	11.833	1.187	-0.59973	-0.36539	0.27002	0.65860	23.2	null	null	13113	75
2026-05-27T15:53:21.417	WT901BLE68(F3:F0:16:BF:DC:AE)	-0.042	0.816	0.457	18.311	12.329	31.555	56.22	4.63	-86.95	-61.220	11.833	1.187	-0.59973	-0.36539	0.27002	0.65860	23.2	null	null	13113	75
2026-05-27T15:53:21.504	WT901BLE68(F3:F0:16:BF:DC:AE)	-0.096	0.885	0.527	7.751	14.526	30.273	57.71	2.54	-83.96	-61.220	11.833	1.187	-0.63794	-0.36996	0.30695	0.60150	23.2	null	null	13113	75
2026-05-27T15:53:21.595	WT901BLE68(F3:F0:16:BF:DC:AE)	0.095	0.810	0.483	0.488	1.648	22.339	58.52	1.09	-80.97	-61.220	11.833	1.187	-0.63794	-0.36996	0.30695	0.60150	23.2	null	null	13113	75
2026-05-27T15:53:21.715	WT901BLE68(F3:F0:16:BF:DC:AE)	0.032	0.804	0.559	-11.292	-10.681	6.897	57.85	0.49	-79.96	-61.220	11.833	1.187	-0.63794	-0.36996	0.30695	0.60150	23.2	null	null	13113	75
2026-05-27T15:53:21.807	WT901BLE68(F3:F0:16:BF:DC:AE)	0.063	0.902	0.587	-13.184	1.953	-5.859	56.71	-0.05	-80.55	-61.220	11.833	1.187	-0.63794	-0.36996	0.30695	0.60150	23.2	null	null	13113	75
2026-05-27T15:53:21.925	WT901BLE68(F3:F0:16:BF:DC:AE)	-0.019	0.845	0.510	-10.498	17.151	-24.841	55.46	1.80	-80.93	-61.220	11.833	1.187	-0.63794	-0.36996	0.30695	0.60150	23.2	null	null	13113	75
2026-05-27T15:53:22.015	WT901BLE68(F3:F0:16:BF:DC:AE)	0.024	0.835	0.601	17.212	21.545	-4.944	55.93	4.67	-79.96	-61.220	11.833	1.187	-0.63794	-0.36996	0.30695	0.60150	23.2	null	null	13113	75
2026-05-27T15:53:22.133	WT901BLE68(F3:F0:16:BF:DC:AE)	-0.121	0.847	0.421	26.550	-35.889	4.822	58.72	4.45	-79.69	-61.220	11.833	1.187	-0.63794	-0.36996	0.30695	0.60150	23.2	null	null	13113	75
2026-05-27T15:53:22.193	WT901BLE68(F3:F0:16:BF:DC:AE)	-0.078	0.893	0.571	-9.705	13.062	-16.541	59.61	5.32	-79.85	-59.280	18.807	-7.480	-0.63794	-0.36996	0.30695	0.60150	23.2	null	null	13113	75
2026-05-27T15:53:22.315	WT901BLE68(F3:F0:16:BF:DC:AE)	-0.265	0.843	0.664	-1.953	-6.531	-1.648	59.19	6.44	-79.43	-59.280	18.807	-7.480	-0.63794	-0.36996	0.30695	0.60150	23.2	null	null	13113	75
2026-05-27T15:53:22.403	WT901BLE68(F3:F0:16:BF:DC:AE)	-0.168	0.875	0.564	-12.451	1.160	-0.305	58.28	6.14	-79.45	-59.280	18.807	-7.480	-0.65128	-0.40552	0.27847	0.57770	23.2	null	null	13113	75
2026-05-27T15:53:22.529	WT901BLE68(F3:F0:16:BF:DC:AE)	-0.143	0.814	0.538	-11.047	-19.409	10.193	56.86	5.65	-79.56	-59.280	18.807	-7.480	-0.65128	-0.40552	0.27847	0.57770	23.2	null	null	13113	75
2026-05-27T15:53:22.618	WT901BLE68(F3:F0:16:BF:DC:AE)	0.206	0.838	0.662	8.362	-112.000	30.579	56.61	-0.96	-85.40	-59.280	18.807	-7.480	-0.65128	-0.40552	0.27847	0.57770	23.2	null	null	13113	75
2026-05-27T15:53:22.769	WT901BLE68(F3:F0:16:BF:DC:AE)	0.059	0.921	0.417	19.348	8.667	11.169	58.01	-4.51	-85.92	-59.280	18.807	-7.480	-0.65128	-0.40552	0.27847	0.57770	23.2	null	null	13113	75
2026-05-27T15:53:22.792	WT901BLE68(F3:F0:16:BF:DC:AE)	0.029	0.958	0.472	9.338	54.749	14.526	59.47	-4.21	-81.97	-59.280	18.807	-7.480	-0.65128	-0.40552	0.27847	0.57770	23.2	null	null	13113	75
2026-05-27T15:53:22.948	WT901BLE68(F3:F0:16:BF:DC:AE)	0.131	0.875	0.519	10.742	10.193	18.250	60.37	-3.18	-76.98	-59.280	18.807	-7.480	-0.65128	-0.40552	0.27847	0.57770	23.2	null	null	13113	75
2026-05-27T15:53:23.006	WT901BLE68(F3:F0:16:BF:DC:AE)	0.055	0.837	0.509	-14.038	-12.451	1.221	60.00	-4.00	-75.55	-59.280	18.807	-7.480	-0.65128	-0.40552	0.27847	0.57770	23.2	null	null	13113	75
2026-05-27T15:53:23.156	WT901BLE68(F3:F0:16:BF:DC:AE)	0.665	0.831	0.372	-7.263	-144.165	22.156	58.87	-8.45	-82.24	-51.500	23.913	-5.647	-0.65128	-0.40552	0.27847	0.57770	23.2	null	null	13113	75
2026-05-27T15:53:23.211	WT901BLE68(F3:F0:16:BF:DC:AE)	0.121	0.854	0.454	-14.587	-72.632	1.221	58.31	-12.56	-88.36	-51.500	23.913	-5.647	-0.65128	-0.40552	0.27847	0.57770	23.2	null	null	13113	75
2026-05-27T15:53:23.336	WT901BLE68(F3:F0:16:BF:DC:AE)	0.003	0.863	0.660	-34.180	-13.489	-34.729	56.25	-11.88	-90.50	-51.500	23.913	-5.647	-0.65622	-0.27042	0.40521	0.57614	23.2	null	null	13113	75
2026-05-27T15:53:23.423	WT901BLE68(F3:F0:16:BF:DC:AE)	0.067	0.870	0.523	-29.541	21.118	-49.500	53.43	-7.79	-91.62	-51.500	23.913	-5.647	-0.65622	-0.27042	0.40521	0.57614	23.2	null	null	13113	75
2026-05-27T15:53:23.544	WT901BLE68(F3:F0:16:BF:DC:AE)	0.026	0.697	0.655	-20.325	-38.818	-39.795	51.78	-4.72	-94.17	-51.500	23.913	-5.647	-0.65622	-0.27042	0.40521	0.57614	23.2	null	null	13113	75
2026-05-27T15:53:23.604	WT901BLE68(F3:F0:16:BF:DC:AE)	0.318	1.006	0.153	23.682	-75.317	-4.944	52.82	-7.12	-99.94	-51.500	23.913	-5.647	-0.65622	-0.27042	0.40521	0.57614	23.2	null	null	13113	75
2026-05-27T15:53:23.728	WT901BLE68(F3:F0:16:BF:DC:AE)	0.175	0.728	0.918	-12.817	-40.649	-1.770	54.04	-8.97	-104.85	-51.500	23.913	-5.647	-0.65622	-0.27042	0.40521	0.57614	23.2	null	null	13113	75
2026-05-27T15:53:23.816	WT901BLE68(F3:F0:16:BF:DC:AE)	0.264	0.717	0.567	-10.071	-46.204	19.226	53.37	-12.31	-106.82	-51.500	23.913	-5.647	-0.65622	-0.27042	0.40521	0.57614	23.2	null	null	13113	75
2026-05-27T15:53:23.935	WT901BLE68(F3:F0:16:BF:DC:AE)	0.276	0.671	0.719	-8.484	-7.263	14.465	53.07	-15.84	-107.99	-51.500	23.913	-5.647	-0.65622	-0.27042	0.40521	0.57614	23.2	null	null	13113	75
2026-05-27T15:53:24.023	WT901BLE68(F3:F0:16:BF:DC:AE)	0.226	0.791	0.584	-0.916	-12.939	10.254	52.34	-18.02	-107.47	-36.760	14.753	12.547	-0.65622	-0.27042	0.40521	0.57614	23.2	null	null	13113	75
2026-05-27T15:53:24.146	WT901BLE68(F3:F0:16:BF:DC:AE)	0.217	0.820	0.607	5.798	41.626	-19.958	51.96	-15.45	-103.53	-36.760	14.753	12.547	-0.65622	-0.27042	0.40521	0.57614	23.2	null	null	13113	75
2026-05-27T15:53:24.203	WT901BLE68(F3:F0:16:BF:DC:AE)	0.052	0.935	0.674	21.545	3.723	-1.221	52.87	-13.42	-101.67	-36.760	14.753	12.547	-0.60104	-0.19003	0.40598	0.66159	23.2	null	null	13113	75
2026-05-27T15:53:24.358	WT901BLE68(F3:F0:16:BF:DC:AE)	0.338	0.743	0.409	15.625	16.907	-15.198	54.74	-12.23	-100.94	-36.760	14.753	12.547	-0.60104	-0.19003	0.40598	0.66159	23.2	null	null	13113	75
2026-05-27T15:53:24.414	WT901BLE68(F3:F0:16:BF:DC:AE)	-0.034	0.755	0.531	19.958	38.879	-23.804	56.16	-6.19	-95.27	-36.760	14.753	12.547	-0.60104	-0.19003	0.40598	0.66159	23.2	null	null	13113	75
2026-05-27T15:53:24.538	WT901BLE68(F3:F0:16:BF:DC:AE)	0.023	0.883	0.789	-1.221	-11.169	3.235	57.16	-3.88	-92.60	-36.760	14.753	12.547	-0.60104	-0.19003	0.40598	0.66159	23.2	null	null	13113	75
2026-05-27T15:53:24.626	WT901BLE68(F3:F0:16:BF:DC:AE)	0.039	0.856	0.545	-15.198	-9.399	-11.597	56.13	-4.44	-92.31	-36.760	14.753	12.547	-0.60104	-0.19003	0.40598	0.66159	23.2	null	null	13113	75
2026-05-27T15:53:24.746	WT901BLE68(F3:F0:16:BF:DC:AE)	0.123	0.806	0.619	-9.521	0.061	-18.555	54.86	-3.74	-92.59	-36.760	14.753	12.547	-0.60104	-0.19003	0.40598	0.66159	23.2	null	null	13113	75
2026-05-27T15:53:24.838	WT901BLE68(F3:F0:16:BF:DC:AE)	0.076	0.810	0.643	-14.465	-9.094	-34.241	53.64	-2.18	-94.42	-36.760	14.753	12.547	-0.60104	-0.19003	0.40598	0.66159	23.2	null	null	13113	75
2026-05-27T15:53:24.956	WT901BLE68(F3:F0:16:BF:DC:AE)	-0.089	0.879	0.658	-12.146	-11.230	-41.626	52.47	0.68	-95.53	-51.267	14.807	8.413	-0.60104	-0.19003	0.40598	0.66159	23.2	null	null	13113	75
2026-05-27T15:53:25.016	WT901BLE68(F3:F0:16:BF:DC:AE)	-0.148	0.778	0.450	13.306	-15.991	-43.701	52.40	4.37	-97.82	-51.267	14.807	8.413	-0.60104	-0.19003	0.40598	0.66159	23.2	null	null	13113	75
2026-05-27T15:53:25.136	WT901BLE68(F3:F0:16:BF:DC:AE)	-0.023	0.776	0.647	9.705	-29.114	-38.208	53.54	6.45	-101.74	-51.267	14.807	8.413	-0.60104	-0.19003	0.40598	0.66159	23.2	null	null	13113	75
2026-05-27T15:53:25.222	WT901BLE68(F3:F0:16:BF:DC:AE)	-0.208	0.788	0.670	-0.061	-11.353	-16.602	53.39	7.55	-103.90	-51.267	14.807	8.413	-0.53433	-0.32272	0.31781	0.71359	23.2	null	null	13113	75
2026-05-27T15:53:25.346	WT901BLE68(F3:F0:16:BF:DC:AE)	-0.171	0.778	0.619	2.625	-30.701	-21.179	53.21	7.57	-106.68	-51.267	14.807	8.413	-0.53433	-0.32272	0.31781	0.71359	23.2	null	null	13113	75
2026-05-27T15:53:25.434	WT901BLE68(F3:F0:16:BF:DC:AE)	-0.083	0.758	0.590	0.732	-21.362	-8.850	52.83	6.89	-109.14	-51.267	14.807	8.413	-0.53433	-0.32272	0.31781	0.71359	23.2	null	null	13113	75
2026-05-27T15:53:25.556	WT901BLE68(F3:F0:16:BF:DC:AE)	-0.102	0.791	0.645	0.427	-3.357	-3.723	52.59	6.70	-109.82	-51.267	14.807	8.413	-0.53433	-0.32272	0.31781	0.71359	23.2	null	null	13113	75
2026-05-27T15:53:25.643	WT901BLE68(F3:F0:16:BF:DC:AE)	-0.103	0.781	0.671	4.211	-36.316	0.977	52.47	5.84	-110.57	-51.267	14.807	8.413	-0.53433	-0.32272	0.31781	0.71359	23.2	null	null	13113	75
2026-05-27T15:53:25.766	WT901BLE68(F3:F0:16:BF:DC:AE)	-0.307	0.842	0.514	19.714	-66.650	-0.122	53.56	3.71	-112.55	-51.267	14.807	8.413	-0.53433	-0.32272	0.31781	0.71359	23.2	null	null	13113	75
2026-05-27T15:53:25.824	WT901BLE68(F3:F0:16:BF:DC:AE)	0.278	0.889	0.658	-0.427	-68.054	6.714	54.39	-1.90	-119.35	-43.800	11.020	16.327	-0.53433	-0.32272	0.31781	0.71359	23.2	null	null	13113	75
2026-05-27T15:53:25.946	WT901BLE68(F3:F0:16:BF:DC:AE)	0.033	0.810	0.553	1.465	-11.230	10.315	54.45	-3.97	-119.62	-43.800	11.020	16.327	-0.53433	-0.32272	0.31781	0.71359	23.2	null	null	13113	75
2026-05-27T15:53:26.031	WT901BLE68(F3:F0:16:BF:DC:AE)	0.177	0.744	0.369	4.578	-51.575	5.310	54.77	-6.09	-120.37	-43.800	11.020	16.327	-0.46414	-0.19589	0.41623	0.75687	23.2	null	null	13113	75
2026-05-27T15:53:26.157	WT901BLE68(F3:F0:16:BF:DC:AE)	0.198	0.833	0.760	-14.526	-45.410	-19.836	56.00	-9.38	-124.91	-43.800	11.020	16.327	-0.46414	-0.19589	0.41623	0.75687	23.2	null	null	13113	75
2026-05-27T15:53:26.245	WT901BLE68(F3:F0:16:BF:DC:AE)	0.177	0.756	0.626	-19.104	-24.597	-26.489	54.72	-8.81	-126.47	-43.800	11.020	16.327	-0.46414	-0.19589	0.41623	0.75687	23.2	null	null	13113	75
2026-05-27T15:53:26.361	WT901BLE68(F3:F0:16:BF:DC:AE)	0.079	0.835	0.602	-23.560	-15.503	-37.964	53.18	-7.60	-128.96	-43.800	11.020	16.327	-0.46414	-0.19589	0.41623	0.75687	23.2	null	null	13113	75
2026-05-27T15:53:26.426	WT901BLE68(F3:F0:16:BF:DC:AE)	-0.081	0.884	0.567	-3.357	12.634	-52.002	51.88	-3.78	-130.39	-43.800	11.020	16.327	-0.46414	-0.19589	0.41623	0.75687	23.2	null	null	13113	75
2026-05-27T15:53:26.548	WT901BLE68(F3:F0:16:BF:DC:AE)	-0.072	0.837	0.495	8.667	-14.648	-59.998	52.75	0.52	-132.62	-43.800	11.020	16.327	-0.46414	-0.19589	0.41623	0.75687	23.2	null	null	13113	75
2026-05-27T15:53:26.635	WT901BLE68(F3:F0:16:BF:DC:AE)	-0.098	0.815	0.661	-5.371	-11.108	-35.400	52.84	3.59	-135.66	-43.800	11.020	16.327	-0.46414	-0.19589	0.41623	0.75687	23.2	null	null	13113	75
2026-05-27T15:53:26.787	WT901BLE68(F3:F0:16:BF:DC:AE)	-0.147	0.778	0.646	-2.014	-26.245	-24.231	52.13	5.41	-136.48	-33.380	8.820	19.500	-0.46414	-0.19589	0.41623	0.75687	23.2	null	null	13113	75
2026-05-27T15:53:26.846	WT901BLE68(F3:F0:16:BF:DC:AE)	-0.073	0.827	0.639	3.723	-48.218	-21.118	51.63	4.33	-139.90	-33.380	8.820	19.500	-0.46414	-0.19589	0.41623	0.75687	23.2	null	null	13113	75
2026-05-27T15:53:26.962	WT901BLE68(F3:F0:16:BF:DC:AE)	-0.102	0.785	0.600	13.794	-51.147	-11.536	52.26	3.36	-142.23	-33.380	8.820	19.500	-0.28311	-0.17331	0.40314	0.85275	23.2	null	null	13113	75
2026-05-27T15:53:27.055	WT901BLE68(F3:F0:16:BF:DC:AE)	-0.159	0.796	0.554	4.150	-32.104	-17.334	52.61	2.39	-144.09	-33.380	8.820	19.500	-0.28311	-0.17331	0.40314	0.85275	23.2	null	null	13113	75
2026-05-27T15:53:27.176	WT901BLE68(F3:F0:16:BF:DC:AE)	0.031	0.787	0.642	15.137	-7.507	-9.094	53.42	1.74	-145.17	-33.380	8.820	19.500	-0.28311	-0.17331	0.40314	0.85275	23.2	null	null	13113	75
2026-05-27T15:53:27.233	WT901BLE68(F3:F0:16:BF:DC:AE)	-0.181	0.832	0.512	31.433	-16.907	-2.869	55.93	2.69	-143.11	-33.380	8.820	19.500	-0.28311	-0.17331	0.40314	0.85275	23.2	null	null	13113	75
2026-05-27T15:53:27.359	WT901BLE68(F3:F0:16:BF:DC:AE)	0.094	0.854	0.395	15.869	-43.030	-4.944	58.04	0.16	-145.43	-33.380	8.820	19.500	-0.28311	-0.17331	0.40314	0.85275	23.2	null	null	13113	75
2026-05-27T15:53:27.443	WT901BLE68(F3:F0:16:BF:DC:AE)	0.043	0.894	0.617	9.888	-19.470	-7.568	59.04	-0.87	-146.34	-33.380	8.820	19.500	-0.28311	-0.17331	0.40314	0.85275	23.2	null	null	13113	75
2026-05-27T15:53:27.566	WT901BLE68(F3:F0:16:BF:DC:AE)	0.155	0.863	0.552	9.888	-8.423	2.869	60.01	-1.74	-144.95	-33.380	8.820	19.500	-0.28311	-0.17331	0.40314	0.85275	23.2	null	null	13113	75
2026-05-27T15:53:27.655	WT901BLE68(F3:F0:16:BF:DC:AE)	-0.076	0.952	0.389	-10.437	-48.767	2.136	59.80	-1.49	-140.29	-20.627	16.527	13.267	-0.28311	-0.17331	0.40314	0.85275	23.2	null	null	13113	75
2026-05-27T15:53:27.804	WT901BLE68(F3:F0:16:BF:DC:AE)	0.030	0.940	0.641	-14.221	-33.081	-19.409	59.01	-1.43	-140.58	-20.627	16.527	13.267	-0.28311	-0.17331	0.40314	0.85275	23.2	null	null	13113	75
2026-05-27T15:53:27.832	WT901BLE68(F3:F0:16:BF:DC:AE)	-0.015	0.834	0.557	-19.714	-9.888	-23.193	57.16	-0.71	-140.82	-20.627	16.527	13.267	-0.29691	-0.15417	0.45526	0.82504	23.2	null	null	13113	75
2026-05-27T15:53:27.954	WT901BLE68(F3:F0:16:BF:DC:AE)	-0.077	0.798	0.590	-11.353	-20.142	-43.701	55.43	1.41	-141.90	-20.627	16.527	13.267	-0.29691	-0.15417	0.45526	0.82504	23.2	null	null	13113	75
2026-05-27T15:53:28.048	WT901BLE68(F3:F0:16:BF:DC:AE)	-0.218	0.805	0.621	1.831	-7.751	-44.434	55.15	4.29	-142.82	-20.627	16.527	13.267	-0.29691	-0.15417	0.45526	0.82504	23.2	null	null	13113	75
2026-05-27T15:53:28.168	WT901BLE68(F3:F0:16:BF:DC:AE)	-0.100	0.795	0.526	2.319	-43.945	-38.940	55.24	6.22	-145.23	-20.627	16.527	13.267	-0.29691	-0.15417	0.45526	0.82504	23.2	null	null	13113	75
2026-05-27T15:53:28.256	WT901BLE68(F3:F0:16:BF:DC:AE)	-0.199	0.837	0.591	-5.127	-18.921	-19.470	54.47	7.08	-146.78	-20.627	16.527	13.267	-0.29691	-0.15417	0.45526	0.82504	23.2	null	null	13113	75
2026-05-27T15:53:28.376	WT901BLE68(F3:F0:16:BF:DC:AE)	-0.180	0.786	0.582	0.244	-34.973	-18.921	53.89	7.22	-147.46	-20.627	16.527	13.267	-0.29691	-0.15417	0.45526	0.82504	23.2	null	null	13113	75
2026-05-27T15:53:28.434	WT901BLE68(F3:F0:16:BF:DC:AE)	-0.078	0.752	0.631	-3.052	-37.476	-11.353	53.06	6.26	-148.36	-20.627	16.527	13.267	-0.29691	-0.15417	0.45526	0.82504	23.2	null	null	13113	75
2026-05-27T15:53:28.586	WT901BLE68(F3:F0:16:BF:DC:AE)	-0.099	0.781	0.596	-8.911	-4.578	2.502	52.09	5.98	-146.90	-20.627	16.527	13.267	-0.29691	-0.15417	0.45526	0.82504	23.2	null	null	13113	75
2026-05-27T15:53:28.642	WT901BLE68(F3:F0:16:BF:DC:AE)	-0.106	0.792	0.629	-10.681	-44.495	-3.662	50.16	3.73	-146.19	-21.613	14.580	12.140	-0.29691	-0.15417	0.45526	0.82504	23.2	null	null	13113	75
2026-05-27T15:53:28.767	WT901BLE68(F3:F0:16:BF:DC:AE)	0.021	0.716	0.568	1.160	-10.925	-2.502	49.72	2.96	-145.15	-21.613	14.580	12.140	-0.25507	-0.14807	0.39499	0.87000	23.2	null	null	13113	75
2026-05-27T15:53:28.850	WT901BLE68(F3:F0:16:BF:DC:AE)	-0.097	0.903	0.558	17.883	-29.663	-3.296	50.89	1.29	-144.37	-21.613	14.580	12.140	-0.25507	-0.14807	0.39499	0.87000	23.2	null	null	13113	75
2026-05-27T15:53:28.973	WT901BLE68(F3:F0:16:BF:DC:AE)	0.025	0.815	0.531	18.005	-32.593	7.568	52.83	-0.70	-143.29	-21.613	14.580	12.140	-0.25507	-0.14807	0.39499	0.87000	23.2	null	null	13113	75
2026-05-27T15:53:29.067	WT901BLE68(F3:F0:16:BF:DC:AE)	0.139	0.825	0.556	12.146	-2.502	2.930	54.42	-2.09	-141.45	-21.613	14.580	12.140	-0.25507	-0.14807	0.39499	0.87000	23.2	null	null	13113	75
2026-05-27T15:53:29.182	WT901BLE68(F3:F0:16:BF:DC:AE)	-0.009	0.811	0.541	-3.784	4.333	-4.822	54.80	-2.83	-138.91	-21.613	14.580	12.140	-0.25507	-0.14807	0.39499	0.87000	23.2	null	null	13113	75
2026-05-27T15:53:29.246	WT901BLE68(F3:F0:16:BF:DC:AE)	0.057	0.800	0.560	-13.184	12.329	-14.954	53.48	-1.06	-134.92	-21.613	14.580	12.140	-0.25507	-0.14807	0.39499	0.87000	23.2	null	null	13113	75
2026-05-27T15:53:29.364	WT901BLE68(F3:F0:16:BF:DC:AE)	0.016	0.780	0.641	-9.949	-9.827	-16.907	52.43	-0.13	-133.31	-21.613	14.580	12.140	-0.25507	-0.14807	0.39499	0.87000	23.2	null	null	13113	75
2026-05-27T15:53:29.483	WT901BLE68(F3:F0:16:BF:DC:AE)	-0.128	0.862	0.560	-4.456	6.653	-20.081	51.59	0.58	-132.09	-18.067	13.293	8.907	-0.25507	-0.14807	0.39499	0.87000	23.2	null	null	13113	75
2026-05-27T15:53:29.573	WT901BLE68(F3:F0:16:BF:DC:AE)	-0.095	0.826	0.555	24.231	-5.981	-32.227	52.01	2.38	-131.75	-18.067	13.293	8.907	-0.25507	-0.14807	0.39499	0.87000	23.2	null	null	13113	75
2026-05-27T15:53:29.666	WT901BLE68(F3:F0:16:BF:DC:AE)	-0.033	0.775	0.590	15.625	-46.814	-21.423	54.55	2.65	-133.12	-18.067	13.293	8.907	-0.35349	-0.20331	0.39874	0.82135	23.2	null	null	13113	75
2026-05-27T15:53:29.785	WT901BLE68(F3:F0:16:BF:DC:AE)	-0.127	0.871	0.557	2.686	-18.677	-20.935	55.31	2.53	-134.45	-18.067	13.293	8.907	-0.35349	-0.20331	0.39874	0.82135	23.2	null	null	13113	75
2026-05-27T15:53:29.844	WT901BLE68(F3:F0:16:BF:DC:AE)	-0.063	0.825	0.541	0.427	-16.052	-4.700	55.25	2.81	-133.33	-18.067	13.293	8.907	-0.35349	-0.20331	0.39874	0.82135	23.2	null	null	13113	75
2026-05-27T15:53:29.995	WT901BLE68(F3:F0:16:BF:DC:AE)	-0.019	0.814	0.607	-3.784	-31.982	2.686	55.01	0.69	-132.80	-18.067	13.293	8.907	-0.35349	-0.20331	0.39874	0.82135	23.2	null	null	13113	75
2026-05-27T15:53:30.055	WT901BLE68(F3:F0:16:BF:DC:AE)	-0.006	0.806	0.635	-15.259	-19.287	-2.625	54.36	-1.48	-131.62	-18.067	13.293	8.907	-0.35349	-0.20331	0.39874	0.82135	23.2	null	null	13113	75
2026-05-27T15:53:30.171	WT901BLE68(F3:F0:16:BF:DC:AE)	-0.059	0.857	0.717	-18.616	11.902	-5.127	52.77	-1.72	-129.25	-18.067	13.293	8.907	-0.35349	-0.20331	0.39874	0.82135	23.2	null	null	13113	75
2026-05-27T15:53:30.264	WT901BLE68(F3:F0:16:BF:DC:AE)	0.040	0.786	0.574	-0.916	-5.432	-5.493	51.70	-0.98	-125.88	-18.067	13.293	8.907	-0.35349	-0.20331	0.39874	0.82135	23.2	null	null	13113	75
2026-05-27T15:53:30.384	WT901BLE68(F3:F0:16:BF:DC:AE)	0.015	0.839	0.538	11.108	3.174	0.793	52.32	-1.33	-124.37	-15.147	13.693	3.933	-0.35349	-0.20331	0.39874	0.82135	23.2	null	null	13113	75
2026-05-27T15:53:30.474	WT901BLE68(F3:F0:16:BF:DC:AE)	-0.041	0.794	0.467	10.254	-37.109	9.521	53.70	-2.50	-122.27	-15.147	13.693	3.933	-0.35349	-0.20331	0.39874	0.82135	23.2	null	null	13113	75
2026-05-27T15:53:30.594	WT901BLE68(F3:F0:16:BF:DC:AE)	0.150	0.785	0.625	0.977	-25.818	-0.183	54.73	-6.25	-122.95	-15.147	13.693	3.933	-0.44244	-0.18381	0.42102	0.77011	23.2	null	null	13113	75
2026-05-27T15:53:30.656	WT901BLE68(F3:F0:16:BF:DC:AE)	0.087	0.817	0.550	1.343	-18.616	-9.338	55.37	-7.89	-121.66	-15.147	13.693	3.933	-0.44244	-0.18381	0.42102	0.77011	23.2	null	null	13113	75
2026-05-27T15:53:30.778	WT901BLE68(F3:F0:16:BF:DC:AE)	0.163	0.796	0.619	-8.484	27.466	-12.512	55.04	-6.59	-117.28	-15.147	13.693	3.933	-0.44244	-0.18381	0.42102	0.77011	23.2	null	null	13113	75
2026-05-27T15:53:30.866	WT901BLE68(F3:F0:16:BF:DC:AE)	0.169	0.798	0.586	-16.602	4.822	-9.644	53.64	-4.48	-112.86	-15.147	13.693	3.933	-0.44244	-0.18381	0.42102	0.77011	23.2	null	null	13113	75
2026-05-27T15:53:30.985	WT901BLE68(F3:F0:16:BF:DC:AE)	0.019	0.875	0.517	-17.517	10.559	-27.832	52.11	-2.75	-109.76	-15.147	13.693	3.933	-0.44244	-0.18381	0.42102	0.77011	23.2	null	null	13113	75
2026-05-27T15:53:31.079	WT901BLE68(F3:F0:16:BF:DC:AE)	0.083	0.810	0.557	-3.601	26.367	-31.494	51.36	0.12	-107.61	-15.147	13.693	3.933	-0.44244	-0.18381	0.42102	0.77011	23.2	null	null	13113	75
2026-05-27T15:53:31.194	WT901BLE68(F3:F0:16:BF:DC:AE)	-0.202	0.790	0.641	19.348	-8.484	-32.654	52.72	3.66	-105.51	-15.147	13.693	3.933	-0.44244	-0.18381	0.42102	0.77011	23.2	null	null	13113	75
2026-05-27T15:53:31.251	WT901BLE68(F3:F0:16:BF:DC:AE)	-0.085	0.679	0.845	-9.949	30.518	-33.936	53.44	5.34	-105.47	-14.193	15.220	-0.393	-0.44244	-0.18381	0.42102	0.77011	23.2	null	null	13113	75
2026-05-27T15:53:31.407	WT901BLE68(F3:F0:16:BF:DC:AE)	-0.007	0.851	0.455	6.775	-73.120	-2.625	53.06	7.19	-102.67	-14.193	15.220	-0.393	-0.44244	-0.18381	0.42102	0.77011	23.2	null	null	13113	75
2026-05-27T15:53:31.463	WT901BLE68(F3:F0:16:BF:DC:AE)	0.022	0.892	0.612	7.874	-39.124	-7.446	53.93	4.56	-103.96	-14.193	15.220	-0.393	-0.53549	-0.31192	0.32700	0.71338	23.2	null	null	13113	75
2026-05-27T15:53:31.586	WT901BLE68(F3:F0:16:BF:DC:AE)	-0.085	0.780	0.706	5.554	-17.334	5.798	54.46	3.48	-102.72	-14.193	15.220	-0.393	-0.53549	-0.31192	0.32700	0.71338	23.2	null	null	13113	75
2026-05-27T15:53:31.678	WT901BLE68(F3:F0:16:BF:DC:AE)	-0.043	0.793	0.581	0.488	1.404	7.263	54.11	2.70	-99.39	-14.193	15.220	-0.393	-0.53549	-0.31192	0.32700	0.71338	23.2	null	null	13113	75
2026-05-27T15:53:31.797	WT901BLE68(F3:F0:16:BF:DC:AE)	-0.069	0.801	0.528	4.395	-2.380	5.371	54.01	1.97	-95.98	-14.193	15.220	-0.393	-0.53549	-0.31192	0.32700	0.71338	23.2	null	null	13113	75
2026-05-27T15:53:31.883	WT901BLE68(F3:F0:16:BF:DC:AE)	-0.126	0.962	0.566	17.639	8.301	16.968	54.89	1.93	-91.66	-14.193	15.220	-0.393	-0.53549	-0.31192	0.32700	0.71338	23.2	null	null	13113	75
2026-05-27T15:53:32.010	WT901BLE68(F3:F0:16:BF:DC:AE)	0.011	0.859	0.568	11.536	14.771	12.146	56.62	1.10	-87.47	-14.193	15.220	-0.393	-0.53549	-0.31192	0.32700	0.71338	23.2	null	null	13113	75
2026-05-27T15:53:32.065	WT901BLE68(F3:F0:16:BF:DC:AE)	0.084	0.831	0.535	11.108	4.333	19.348	57.74	0.64	-82.97	-14.193	15.220	-0.393	-0.53549	-0.31192	0.32700	0.71338	23.2	null	null	13113	75
2026-05-27T15:53:32.186	WT901BLE68(F3:F0:16:BF:DC:AE)	0.037	0.840	0.563	-0.305	-7.202	12.573	58.35	-0.78	-79.76	-10.880	17.787	-7.560	-0.53549	-0.31192	0.32700	0.71338	23.2	null	null	13113	75
2026-05-27T15:53:32.278	WT901BLE68(F3:F0:16:BF:DC:AE)	0.038	0.821	0.605	-11.169	6.714	10.193	57.81	-1.60	-76.15	-10.880	17.787	-7.560	-0.53549	-0.31192	0.32700	0.71338	23.2	null	null	13113	75
2026-05-27T15:53:32.390	WT901BLE68(F3:F0:16:BF:DC:AE)	0.015	0.832	0.565	-12.390	10.681	0.488	56.41	-1.56	-72.66	-10.880	17.787	-7.560	-0.70444	-0.37189	0.29962	0.52496	23.2	null	null	13113	75
2026-05-27T15:53:32.485	WT901BLE68(F3:F0:16:BF:DC:AE)	-0.101	0.875	0.587	-12.268	5.676	-8.972	55.05	-1.04	-69.77	-10.880	17.787	-7.560	-0.70444	-0.37189	0.29962	0.52496	23.2	null	null	13113	75
2026-05-27T15:53:32.607	WT901BLE68(F3:F0:16:BF:DC:AE)	0.001	0.801	0.554	-8.240	12.573	-15.503	54.14	0.05	-67.94	-10.880	17.787	-7.560	-0.70444	-0.37189	0.29962	0.52496	23.2	null	null	13113	75
2026-05-27T15:53:32.666	WT901BLE68(F3:F0:16:BF:DC:AE)	0.082	0.817	0.565	7.813	15.137	-23.987	54.12	1.70	-66.75	-10.880	17.787	-7.560	-0.70444	-0.37189	0.29962	0.52496	23.2	null	null	13113	75
2026-05-27T15:53:32.818	WT901BLE68(F3:F0:16:BF:DC:AE)	-0.127	0.824	0.524	17.090	12.268	-22.400	55.72	4.03	-65.28	-10.880	17.787	-7.560	-0.70444	-0.37189	0.29962	0.52496	23.2	null	null	13113	75
2026-05-27T15:53:32.876	WT901BLE68(F3:F0:16:BF:DC:AE)	-0.022	0.824	0.546	7.385	2.625	-17.944	56.99	5.61	-64.91	-10.880	17.787	-7.560	-0.70444	-0.37189	0.29962	0.52496	23.2	null	null	13113	75
2026-05-27T15:53:32.996	WT901BLE68(F3:F0:16:BF:DC:AE)	-0.162	0.858	0.553	-1.770	7.263	-9.888	57.09	6.61	-63.88	-10.880	17.787	-7.560	-0.70444	-0.37189	0.29962	0.52496	23.2	null	null	13113	75
2026-05-27T15:53:33.082	WT901BLE68(F3:F0:16:BF:DC:AE)	-0.075	0.791	0.602	-4.883	-2.991	-2.136	56.63	7.12	-62.22	-14.707	20.940	-9.953	-0.70444	-0.37189	0.29962	0.52496	23.2	null	null	13113	75
2026-05-27T15:53:33.204	WT901BLE68(F3:F0:16:BF:DC:AE)	-0.109	0.797	0.573	-11.658	-6.104	-1.038	55.74	6.69	-60.67	-14.707	20.940	-9.953	-0.70444	-0.37189	0.29962	0.52496	23.2	null	null	13113	75
2026-05-27T15:53:33.294	WT901BLE68(F3:F0:16:BF:DC:AE)	-0.139	0.835	0.598	-13.428	4.517	1.282	54.61	6.47	-58.94	-14.707	20.940	-9.953	-0.75317	-0.42645	0.18735	0.46439	23.2	null	null	13113	75
2026-05-27T15:53:33.446	WT901BLE68(F3:F0:16:BF:DC:AE)	-0.090	0.819	0.672	-11.230	-3.113	9.888	53.55	6.35	-56.73	-14.707	20.940	-9.953	-0.75317	-0.42645	0.18735	0.46439	23.2	null	null	13113	75
2026-05-27T15:53:33.471	WT901BLE68(F3:F0:16:BF:DC:AE)	-0.108	0.824	0.616	3.723	-7.446	10.742	53.48	5.26	-55.31	-14.707	20.940	-9.953	-0.75317	-0.42645	0.18735	0.46439	23.2	null	null	13113	75
2026-05-27T15:53:33.596	WT901BLE68(F3:F0:16:BF:DC:AE)	-0.019	0.854	0.529	11.108	24.597	13.733	54.44	4.42	-53.43	-14.707	20.940	-9.953	-0.75317	-0.42645	0.18735	0.46439	23.2	null	null	13113	75
2026-05-27T15:53:33.682	WT901BLE68(F3:F0:16:BF:DC:AE)	-0.132	0.832	0.459	19.165	0.549	15.503	56.72	3.54	-49.94	-14.707	20.940	-9.953	-0.75317	-0.42645	0.18735	0.46439	23.2	null	null	13113	75
2026-05-27T15:53:33.806	WT901BLE68(F3:F0:16:BF:DC:AE)	0.009	0.874	0.539	5.371	-4.456	10.986	57.68	1.92	-48.64	-14.707	20.940	-9.953	-0.75317	-0.42645	0.18735	0.46439	23.2	null	null	13113	75
2026-05-27T15:53:33.905	WT901BLE68(F3:F0:16:BF:DC:AE)	-0.056	0.836	0.597	0.916	-1.465	6.775	58.17	1.02	-47.10	-14.707	20.940	-9.953	-0.75317	-0.42645	0.18735	0.46439	23.2	null	null	13113	75
2026-05-27T15:53:34.013	WT901BLE68(F3:F0:16:BF:DC:AE)	0.048	0.837	0.518	-7.446	-6.714	3.723	57.78	0.11	-46.11	-11.173	21.447	-13.953	-0.75317	-0.42645	0.18735	0.46439	23.2	null	null	13113	75
2026-05-27T15:53:34.076	WT901BLE68(F3:F0:16:BF:DC:AE)	0.003	0.814	0.637	-14.954	2.075	-1.282	56.48	0.12	-45.04	-11.173	21.447	-13.953	-0.75317	-0.42645	0.18735	0.46439	23.2	null	null	13113	75
2026-05-27T15:53:34.223	WT901BLE68(F3:F0:16:BF:DC:AE)	0.071	0.784	0.566	-8.118	-8.423	-7.996	55.33	0.40	-44.25	-11.173	21.447	-13.953	-0.81659	-0.43436	0.17685	0.33630	23.2	null	null	13113	75
2026-05-27T15:53:34.282	WT901BLE68(F3:F0:16:BF:DC:AE)	0.027	0.811	0.540	-6.531	-3.174	-20.569	54.24	1.86	-44.38	-11.173	21.447	-13.953	-0.81659	-0.43436	0.17685	0.33630	23.2	null	null	13113	75
2026-05-27T15:53:34.407	WT901BLE68(F3:F0:16:BF:DC:AE)	-0.042	0.838	0.509	4.089	10.193	-29.297	53.96	4.01	-44.54	-11.173	21.447	-13.953	-0.81659	-0.43436	0.17685	0.33630	23.2	null	null	13113	75
2026-05-27T15:53:34.495	WT901BLE68(F3:F0:16:BF:DC:AE)	-0.170	0.843	0.588	7.507	-0.061	-21.790	54.68	6.66	-44.21	-11.173	21.447	-13.953	-0.81659	-0.43436	0.17685	0.33630	23.2	null	null	13113	75
2026-05-27T15:53:34.615	WT901BLE68(F3:F0:16:BF:DC:AE)	-0.143	0.851	0.512	3.357	-8.606	-21.301	55.37	8.12	-44.95	-11.173	21.447	-13.953	-0.81659	-0.43436	0.17685	0.33630	23.2	null	null	13113	75
2026-05-27T15:53:34.706	WT901BLE68(F3:F0:16:BF:DC:AE)	-0.170	0.813	0.595	-3.784	-4.639	-9.521	54.88	9.16	-45.41	-11.173	21.447	-13.953	-0.81659	-0.43436	0.17685	0.33630	23.2	null	null	13113	75
2026-05-27T15:53:34.828	WT901BLE68(F3:F0:16:BF:DC:AE)	-0.151	0.807	0.545	-6.165	-18.860	-4.028	54.16	8.60	-45.83	-11.173	21.447	-13.953	-0.81659	-0.43436	0.17685	0.33630	23.2	null	null	13113	75
2026-05-27T15:53:34.883	WT901BLE68(F3:F0:16:BF:DC:AE)	-0.121	0.784	0.597	-3.296	1.404	-4.761	53.49	8.76	-45.73	-17.333	26.560	-15.227	-0.81659	-0.43436	0.17685	0.33630	23.2	null	null	13113	75
2026-05-27T15:53:35.005	WT901BLE68(F3:F0:16:BF:DC:AE)	-0.207	0.881	0.629	-9.644	5.188	-12.756	53.09	9.84	-44.38	-17.333	26.560	-15.227	-0.81659	-0.43436	0.17685	0.33630	23.2	null	null	13113	75
2026-05-27T15:53:35.094	WT901BLE68(F3:F0:16:BF:DC:AE)	-0.223	0.750	0.560	-9.583	54.321	-20.264	51.58	12.31	-43.57	-17.333	26.560	-15.227	-0.81247	-0.43610	0.08667	0.37695	23.2	null	null	13113	75
2026-05-27T15:53:35.217	WT901BLE68(F3:F0:16:BF:DC:AE)	-0.192	0.850	0.593	7.629	54.260	0.854	52.59	15.96	-39.56	-17.333	26.560	-15.227	-0.81247	-0.43610	0.08667	0.37695	23.2	null	null	13113	75
