time	DeviceName	AccX(g)	AccY(g)	AccZ(g)	AsX(°/s)	AsY(°/s)	AsZ(°/s)	AngleX(°)	AngleY(°)	AngleZ(°)	HX(uT)	HY(uT)	HZ(uT)	Q0()	Q1()	Q2()	Q3()	Temperature(°C)	Height(m)	Pressure(kPa)	Version()	Battery level(%)
2026-05-27T16:05:40.733	WT901BLE68(F3:F0:16:BF:DC:AE)	-0.101	0.894	0.465	-8.179	-2.075	10.864	57.72	5.11	-79.93	-71.433	20.533	-0.573	-0.63632	-0.38763	0.32648	0.58148	25.9	null	null	13113	60
2026-05-27T16:05:40.860	WT901BLE68(F3:F0:16:BF:DC:AE)	0.058	0.929	0.439	-3.845	-21.667	20.752	57.51	2.99	-79.99	-71.433	20.533	-0.573	-0.63632	-0.38763	0.32648	0.58148	25.9	null	null	13113	60
2026-05-27T16:05:40.942	WT901BLE68(F3:F0:16:BF:DC:AE)	-0.010	0.874	0.496	-4.333	-49.683	16.541	57.58	-0.17	-81.36	-71.433	20.533	-0.573	-0.63632	-0.38763	0.32648	0.58148	25.9	null	null	13113	60
2026-05-27T16:05:41.064	WT901BLE68(F3:F0:16:BF:DC:AE)	0.081	0.858	0.536	-5.920	-36.560	10.620	57.55	-3.11	-83.96	-71.433	20.533	-0.573	-0.63632	-0.38763	0.32648	0.58148	25.9	null	null	13113	60
2026-05-27T16:05:41.152	WT901BLE68(F3:F0:16:BF:DC:AE)	0.173	0.842	0.495	-2.808	-20.874	5.249	57.44	-4.99	-85.79	-64.067	20.347	3.933	-0.63632	-0.38763	0.32648	0.58148	25.9	null	null	13113	60
2026-05-27T16:05:41.274	WT901BLE68(F3:F0:16:BF:DC:AE)	0.100	0.851	0.570	-1.465	7.751	3.479	57.27	-5.28	-85.79	-64.067	20.347	3.933	-0.63632	-0.38763	0.32648	0.58148	25.9	null	null	13113	60
2026-05-27T16:05:41.330	WT901BLE68(F3:F0:16:BF:DC:AE)	-0.003	0.848	0.609	3.418	16.541	2.869	57.36	-4.76	-84.06	-64.067	20.347	3.933	-0.65942	-0.32428	0.35464	0.57803	25.9	null	null	13113	60
2026-05-27T16:05:41.486	WT901BLE68(F3:F0:16:BF:DC:AE)	0.076	0.811	0.556	-0.732	1.709	-6.470	57.56	-4.22	-83.67	-64.067	20.347	3.933	-0.65942	-0.32428	0.35464	0.57803	25.9	null	null	13113	60
2026-05-27T16:05:41.544	WT901BLE68(F3:F0:16:BF:DC:AE)	0.052	0.804	0.650	-17.883	-8.667	2.136	56.28	-3.93	-83.38	-64.067	20.347	3.933	-0.65942	-0.32428	0.35464	0.57803	25.9	null	null	13113	60
2026-05-27T16:05:41.662	WT901BLE68(F3:F0:16:BF:DC:AE)	0.151	0.818	0.659	-4.883	1.038	-9.216	54.84	-3.77	-84.24	-64.067	20.347	3.933	-0.65942	-0.32428	0.35464	0.57803	25.9	null	null	13113	60
2026-05-27T16:05:41.754	WT901BLE68(F3:F0:16:BF:DC:AE)	-0.010	0.811	0.357	19.470	20.264	-6.409	55.05	-2.14	-83.42	-64.067	20.347	3.933	-0.65942	-0.32428	0.35464	0.57803	25.9	null	null	13113	60
2026-05-27T16:05:41.874	WT901BLE68(F3:F0:16:BF:DC:AE)	0.031	0.899	0.440	27.771	-10.010	-12.573	57.73	-0.41	-82.96	-64.067	20.347	3.933	-0.65942	-0.32428	0.35464	0.57803	25.9	null	null	13113	60
2026-05-27T16:05:41.960	WT901BLE68(F3:F0:16:BF:DC:AE)	-0.103	0.883	0.477	18.555	-8.179	-16.296	60.28	0.06	-84.65	-64.067	20.347	3.933	-0.65942	-0.32428	0.35464	0.57803	25.9	null	null	13113	60
2026-05-27T16:05:42.085	WT901BLE68(F3:F0:16:BF:DC:AE)	0.005	0.866	0.602	-0.244	-26.245	-6.348	60.96	-0.14	-86.85	-64.560	19.000	-0.260	-0.65942	-0.32428	0.35464	0.57803	25.9	null	null	13113	60
2026-05-27T16:05:42.144	WT901BLE68(F3:F0:16:BF:DC:AE)	-0.097	0.848	0.395	-6.470	-14.587	-10.315	61.02	0.20	-87.88	-64.560	19.000	-0.260	-0.65942	-0.32428	0.35464	0.57803	25.9	null	null	13113	60
2026-05-27T16:05:42.262	WT901BLE68(F3:F0:16:BF:DC:AE)	-0.048	0.850	0.512	-17.578	-15.686	-2.197	59.80	0.18	-89.34	-64.560	19.000	-0.260	-0.61725	-0.36359	0.35028	0.60333	25.9	null	null	13113	60
2026-05-27T16:05:42.355	WT901BLE68(F3:F0:16:BF:DC:AE)	0.063	0.838	0.491	-16.602	-28.198	5.798	58.16	-0.64	-90.61	-64.560	19.000	-0.260	-0.61725	-0.36359	0.35028	0.60333	25.9	null	null	13113	60
2026-05-27T16:05:42.474	WT901BLE68(F3:F0:16:BF:DC:AE)	0.021	0.781	0.524	-13.000	-12.085	14.526	56.48	-1.59	-90.77	-64.560	19.000	-0.260	-0.61725	-0.36359	0.35028	0.60333	25.9	null	null	13113	60
2026-05-27T16:05:42.564	WT901BLE68(F3:F0:16:BF:DC:AE)	0.022	0.827	0.595	-9.521	-11.414	20.813	55.11	-3.10	-90.01	-64.560	19.000	-0.260	-0.61725	-0.36359	0.35028	0.60333	25.9	null	null	13113	60
2026-05-27T16:05:42.684	WT901BLE68(F3:F0:16:BF:DC:AE)	-0.019	0.823	0.525	5.127	-37.903	16.968	54.71	-5.61	-90.25	-64.560	19.000	-0.260	-0.61725	-0.36359	0.35028	0.60333	25.9	null	null	13113	60
2026-05-27T16:05:42.776	WT901BLE68(F3:F0:16:BF:DC:AE)	0.162	0.901	0.481	30.396	-7.690	14.282	56.80	-8.50	-90.77	-64.560	19.000	-0.260	-0.61725	-0.36359	0.35028	0.60333	25.9	null	null	13113	60
2026-05-27T16:05:42.898	WT901BLE68(F3:F0:16:BF:DC:AE)	0.243	0.854	0.421	18.616	12.878	9.888	59.66	-9.06	-89.48	-64.560	19.000	-0.260	-0.61725	-0.36359	0.35028	0.60333	25.9	null	null	13113	60
2026-05-27T16:05:42.953	WT901BLE68(F3:F0:16:BF:DC:AE)	0.225	0.841	0.521	8.362	11.353	13.855	60.86	-9.61	-87.26	-53.327	21.420	1.680	-0.61725	-0.36359	0.35028	0.60333	25.9	null	null	13113	60
2026-05-27T16:05:43.076	WT901BLE68(F3:F0:16:BF:DC:AE)	0.184	0.867	0.499	-8.728	-5.859	8.240	60.68	-10.55	-85.92	-53.327	21.420	1.680	-0.61725	-0.36359	0.35028	0.60333	25.9	null	null	13113	60
2026-05-27T16:05:43.161	WT901BLE68(F3:F0:16:BF:DC:AE)	0.326	0.860	0.610	-18.982	-7.141	0.916	59.17	-11.07	-85.57	-53.327	21.420	1.680	-0.66272	-0.31030	0.40045	0.55142	25.9	null	null	13113	60
2026-05-27T16:05:43.318	WT901BLE68(F3:F0:16:BF:DC:AE)	0.354	0.795	0.619	-25.635	2.808	0.061	56.96	-11.21	-85.17	-53.327	21.420	1.680	-0.66272	-0.31030	0.40045	0.55142	25.9	null	null	13113	60
2026-05-27T16:05:43.374	WT901BLE68(F3:F0:16:BF:DC:AE)	0.021	0.784	0.575	-14.465	25.513	-15.076	54.79	-9.29	-83.28	-53.327	21.420	1.680	-0.66272	-0.31030	0.40045	0.55142	25.9	null	null	13113	60
2026-05-27T16:05:43.495	WT901BLE68(F3:F0:16:BF:DC:AE)	0.208	0.868	0.463	-7.568	11.108	-13.550	53.50	-7.89	-82.86	-53.327	21.420	1.680	-0.66272	-0.31030	0.40045	0.55142	25.9	null	null	13113	60
2026-05-27T16:05:43.551	WT901BLE68(F3:F0:16:BF:DC:AE)	0.025	0.851	0.428	5.798	-26.978	-16.418	53.63	-7.42	-84.58	-53.327	21.420	1.680	-0.66272	-0.31030	0.40045	0.55142	25.9	null	null	13113	60
2026-05-27T16:05:43.676	WT901BLE68(F3:F0:16:BF:DC:AE)	0.120	0.832	0.481	14.771	-1.404	-19.043	55.46	-6.17	-85.47	-53.327	21.420	1.680	-0.66272	-0.31030	0.40045	0.55142	25.9	null	null	13113	60
2026-05-27T16:05:43.761	WT901BLE68(F3:F0:16:BF:DC:AE)	0.110	0.856	0.563	3.418	0.000	-5.859	56.33	-5.15	-85.56	-53.327	21.420	1.680	-0.66272	-0.31030	0.40045	0.55142	25.9	null	null	13113	60
2026-05-27T16:05:43.882	WT901BLE68(F3:F0:16:BF:DC:AE)	-0.042	0.827	0.515	-3.601	5.615	-7.690	56.38	-4.30	-85.11	-54.727	18.940	-2.700	-0.66272	-0.31030	0.40045	0.55142	25.9	null	null	13113	60
2026-05-27T16:05:43.973	WT901BLE68(F3:F0:16:BF:DC:AE)	0.066	0.809	0.593	-15.320	-9.766	-0.549	55.36	-3.80	-84.53	-54.727	18.940	-2.700	-0.66272	-0.31030	0.40045	0.55142	25.9	null	null	13113	60
2026-05-27T16:05:44.094	WT901BLE68(F3:F0:16:BF:DC:AE)	0.026	0.799	0.537	-13.916	-0.366	-2.686	53.98	-3.72	-84.01	-54.727	18.940	-2.700	-0.66663	-0.32065	0.33240	0.58496	25.9	null	null	13113	60
2026-05-27T16:05:44.186	WT901BLE68(F3:F0:16:BF:DC:AE)	0.092	0.825	0.601	-15.381	-6.714	10.559	52.55	-4.54	-83.22	-54.727	18.940	-2.700	-0.66663	-0.32065	0.33240	0.58496	25.9	null	null	13113	60
2026-05-27T16:05:44.308	WT901BLE68(F3:F0:16:BF:DC:AE)	0.140	0.795	0.729	-4.211	-4.028	19.104	51.45	-6.51	-82.64	-54.727	18.940	-2.700	-0.66663	-0.32065	0.33240	0.58496	25.9	null	null	13113	60
2026-05-27T16:05:44.364	WT901BLE68(F3:F0:16:BF:DC:AE)	0.063	0.773	0.463	7.507	-29.907	18.555	51.50	-8.91	-81.88	-54.727	18.940	-2.700	-0.66663	-0.32065	0.33240	0.58496	25.9	null	null	13113	60
2026-05-27T16:05:44.489	WT901BLE68(F3:F0:16:BF:DC:AE)	0.164	0.819	0.556	20.447	7.813	19.836	53.17	-10.27	-80.39	-54.727	18.940	-2.700	-0.66663	-0.32065	0.33240	0.58496	25.9	null	null	13113	60
2026-05-27T16:05:44.575	WT901BLE68(F3:F0:16:BF:DC:AE)	0.190	0.800	0.512	0.061	-2.319	12.817	54.10	-11.27	-78.83	-54.727	18.940	-2.700	-0.66663	-0.32065	0.33240	0.58496	25.9	null	null	13113	60
2026-05-27T16:05:44.696	WT901BLE68(F3:F0:16:BF:DC:AE)	0.270	0.729	0.696	-3.418	32.043	21.729	53.49	-11.81	-76.48	-54.727	18.940	-2.700	-0.66663	-0.32065	0.33240	0.58496	25.9	null	null	13113	60
2026-05-27T16:05:44.783	WT901BLE68(F3:F0:16:BF:DC:AE)	0.321	0.787	0.607	-2.869	-19.165	-6.409	53.00	-11.53	-74.38	-48.600	25.273	-5.753	-0.66663	-0.32065	0.33240	0.58496	25.9	null	null	13113	60
2026-05-27T16:05:44.905	WT901BLE68(F3:F0:16:BF:DC:AE)	0.225	0.763	0.701	-17.883	-31.372	-14.832	52.32	-12.05	-76.43	-48.600	25.273	-5.753	-0.66663	-0.32065	0.33240	0.58496	25.9	null	null	13113	60
2026-05-27T16:05:44.964	WT901BLE68(F3:F0:16:BF:DC:AE)	0.210	0.788	0.722	-19.043	16.968	-16.052	51.08	-11.18	-77.21	-48.600	25.273	-5.753	-0.72714	-0.28079	0.34378	0.52353	25.9	null	null	13113	60
2026-05-27T16:05:45.086	WT901BLE68(F3:F0:16:BF:DC:AE)	0.404	0.753	0.547	12.878	8.362	-17.456	51.09	-8.74	-76.30	-48.600	25.273	-5.753	-0.72714	-0.28079	0.34378	0.52353	25.9	null	null	13113	60
2026-05-27T16:05:45.180	WT901BLE68(F3:F0:16:BF:DC:AE)	0.036	0.867	0.605	39.246	13.062	-27.954	54.25	-5.55	-76.15	-48.600	25.273	-5.753	-0.72714	-0.28079	0.34378	0.52353	25.9	null	null	13113	60
2026-05-27T16:05:45.299	WT901BLE68(F3:F0:16:BF:DC:AE)	-0.091	0.833	0.366	1.953	3.174	-7.935	56.51	-4.04	-76.53	-48.600	25.273	-5.753	-0.72714	-0.28079	0.34378	0.52353	25.9	null	null	13113	60
2026-05-27T16:05:45.384	WT901BLE68(F3:F0:16:BF:DC:AE)	0.001	0.817	0.722	7.446	-1.160	-15.076	57.51	-2.88	-76.03	-48.600	25.273	-5.753	-0.72714	-0.28079	0.34378	0.52353	25.9	null	null	13113	60
2026-05-27T16:05:45.504	WT901BLE68(F3:F0:16:BF:DC:AE)	-0.055	0.828	0.616	-14.954	-7.507	-0.732	57.22	-2.14	-75.98	-48.600	25.273	-5.753	-0.72714	-0.28079	0.34378	0.52353	25.9	null	null	13113	60
2026-05-27T16:05:45.596	WT901BLE68(F3:F0:16:BF:DC:AE)	0.097	0.782	0.649	-14.893	-10.620	-0.305	55.47	-2.46	-75.85	-48.600	25.273	-5.753	-0.72714	-0.28079	0.34378	0.52353	25.9	null	null	13113	60
2026-05-27T16:05:45.717	WT901BLE68(F3:F0:16:BF:DC:AE)	-0.020	0.857	0.638	-20.325	-11.536	9.583	53.67	-2.80	-75.14	-53.467	24.167	-8.960	-0.72714	-0.28079	0.34378	0.52353	25.9	null	null	13113	60
2026-05-27T16:05:45.770	WT901BLE68(F3:F0:16:BF:DC:AE)	0.017	0.805	0.506	-4.089	-5.127	17.639	52.21	-4.77	-74.84	-53.467	24.167	-8.960	-0.72714	-0.28079	0.34378	0.52353	25.9	null	null	13113	60
2026-05-27T16:05:45.891	WT901BLE68(F3:F0:16:BF:DC:AE)	-0.051	0.810	0.579	14.771	-1.404	15.747	52.84	-6.82	-74.48	-53.467	24.167	-8.960	-0.72659	-0.32193	0.30280	0.52594	25.9	null	null	13113	60
2026-05-27T16:05:45.985	WT901BLE68(F3:F0:16:BF:DC:AE)	0.151	0.862	0.479	12.878	4.700	8.057	54.26	-7.14	-72.54	-53.467	24.167	-8.960	-0.72659	-0.32193	0.30280	0.52594	25.9	null	null	13113	60
2026-05-27T16:05:46.107	WT901BLE68(F3:F0:16:BF:DC:AE)	0.174	0.792	0.591	-0.977	10.620	7.751	54.55	-7.35	-70.69	-53.467	24.167	-8.960	-0.72659	-0.32193	0.30280	0.52594	25.9	null	null	13113	60
2026-05-27T16:05:46.195	WT901BLE68(F3:F0:16:BF:DC:AE)	0.095	0.721	0.616	-10.010	-8.484	1.343	53.94	-7.81	-69.79	-53.467	24.167	-8.960	-0.72659	-0.32193	0.30280	0.52594	25.9	null	null	13113	60
2026-05-27T16:05:46.315	WT901BLE68(F3:F0:16:BF:DC:AE)	0.021	0.784	0.562	-13.794	1.099	-7.324	52.56	-7.57	-69.30	-53.467	24.167	-8.960	-0.72659	-0.32193	0.30280	0.52594	25.9	null	null	13113	60
2026-05-27T16:05:46.374	WT901BLE68(F3:F0:16:BF:DC:AE)	0.131	0.838	0.613	-17.151	-4.944	-9.888	50.90	-7.57	-69.94	-53.467	24.167	-8.960	-0.72659	-0.32193	0.30280	0.52594	25.9	null	null	13113	60
2026-05-27T16:05:46.495	WT901BLE68(F3:F0:16:BF:DC:AE)	0.111	0.767	0.647	-4.700	-3.235	-13.794	50.13	-8.05	-72.65	-53.467	24.167	-8.960	-0.72659	-0.32193	0.30280	0.52594	25.9	null	null	13113	60
2026-05-27T16:05:46.582	WT901BLE68(F3:F0:16:BF:DC:AE)	0.248	0.804	0.599	0.000	-10.315	-12.207	50.00	-7.25	-73.44	-47.827	26.453	-5.627	-0.72659	-0.32193	0.30280	0.52594	25.9	null	null	13113	60
2026-05-27T16:05:46.706	WT901BLE68(F3:F0:16:BF:DC:AE)	0.052	0.793	0.539	14.404	-7.324	-19.470	51.56	-6.08	-74.44	-47.827	26.453	-5.627	-0.72659	-0.32193	0.30280	0.52594	25.9	null	null	13113	60
2026-05-27T16:05:46.793	WT901BLE68(F3:F0:16:BF:DC:AE)	0.021	0.826	0.569	1.160	-2.075	-4.883	52.79	-5.37	-74.98	-47.827	26.453	-5.627	-0.72592	-0.32114	0.30432	0.52649	25.9	null	null	13113	60
2026-05-27T16:05:46.913	WT901BLE68(F3:F0:16:BF:DC:AE)	0.154	0.790	0.593	-1.160	8.911	-7.446	52.78	-5.19	-74.77	-47.827	26.453	-5.627	-0.72592	-0.32114	0.30432	0.52649	25.9	null	null	13113	60
2026-05-27T16:05:47.006	WT901BLE68(F3:F0:16:BF:DC:AE)	0.112	0.791	0.642	-2.563	5.798	-0.732	52.31	-4.10	-73.88	-47.827	26.453	-5.627	-0.72592	-0.32114	0.30432	0.52649	25.9	null	null	13113	60
2026-05-27T16:05:47.127	WT901BLE68(F3:F0:16:BF:DC:AE)	0.228	0.803	0.629	1.160	-42.480	26.001	52.99	-7.29	-74.12	-47.827	26.453	-5.627	-0.72592	-0.32114	0.30432	0.52649	25.9	null	null	13113	60
2026-05-27T16:05:47.183	WT901BLE68(F3:F0:16:BF:DC:AE)	0.010	0.776	0.611	9.705	-63.110	29.480	54.14	-12.99	-76.53	-47.827	26.453	-5.627	-0.72592	-0.32114	0.30432	0.52649	25.9	null	null	13113	60
2026-05-27T16:05:47.307	WT901BLE68(F3:F0:16:BF:DC:AE)	0.172	0.756	0.568	11.902	-11.475	22.705	55.15	-16.11	-76.37	-47.827	26.453	-5.627	-0.72592	-0.32114	0.30432	0.52649	25.9	null	null	13113	60
2026-05-27T16:05:47.395	WT901BLE68(F3:F0:16:BF:DC:AE)	0.353	0.794	0.551	17.273	1.770	15.686	56.09	-17.28	-73.58	-47.827	26.453	-5.627	-0.72592	-0.32114	0.30432	0.52649	25.9	null	null	13113	60
2026-05-27T16:05:47.516	WT901BLE68(F3:F0:16:BF:DC:AE)	0.313	0.804	0.587	2.625	-13.245	19.592	56.96	-18.78	-72.61	-39.647	29.007	-6.180	-0.72592	-0.32114	0.30432	0.52649	25.9	null	null	13113	60
2026-05-27T16:05:47.605	WT901BLE68(F3:F0:16:BF:DC:AE)	0.364	0.771	0.508	-8.728	-10.559	13.367	56.59	-20.59	-71.61	-39.647	29.007	-6.180	-0.72592	-0.32114	0.30432	0.52649	25.9	null	null	13113	60
2026-05-27T16:05:47.726	WT901BLE68(F3:F0:16:BF:DC:AE)	0.464	0.757	0.648	-11.047	-22.217	6.775	55.70	-22.62	-72.26	-39.647	29.007	-6.180	-0.75372	-0.28064	0.40277	0.43680	25.9	null	null	13113	60
2026-05-27T16:05:47.783	WT901BLE68(F3:F0:16:BF:DC:AE)	0.250	0.713	0.574	-12.817	-16.846	-2.136	55.07	-23.71	-72.87	-39.647	29.007	-6.180	-0.75372	-0.28064	0.40277	0.43680	25.9	null	null	13113	60
2026-05-27T16:05:47.906	WT901BLE68(F3:F0:16:BF:DC:AE)	0.560	0.685	0.614	-10.925	-45.715	-13.123	55.08	-24.98	-75.78	-39.647	29.007	-6.180	-0.75372	-0.28064	0.40277	0.43680	25.9	null	null	13113	60
2026-05-27T16:05:47.995	WT901BLE68(F3:F0:16:BF:DC:AE)	0.398	0.746	0.579	-21.240	-26.733	-15.259	54.90	-25.88	-78.70	-39.647	29.007	-6.180	-0.75372	-0.28064	0.40277	0.43680	25.9	null	null	13113	60
2026-05-27T16:05:48.116	WT901BLE68(F3:F0:16:BF:DC:AE)	0.678	0.666	0.470	-20.203	-40.100	-25.757	54.23	-26.42	-82.46	-39.647	29.007	-6.180	-0.75372	-0.28064	0.40277	0.43680	25.9	null	null	13113	60
2026-05-27T16:05:48.204	WT901BLE68(F3:F0:16:BF:DC:AE)	0.289	0.768	0.474	-18.433	-23.499	-24.292	53.81	-25.33	-84.81	-39.647	29.007	-6.180	-0.75372	-0.28064	0.40277	0.43680	25.9	null	null	13113	60
2026-05-27T16:05:48.324	WT901BLE68(F3:F0:16:BF:DC:AE)	0.474	0.760	0.450	4.272	3.662	-36.499	54.06	-24.26	-87.74	-39.647	29.007	-6.180	-0.75372	-0.28064	0.40277	0.43680	25.9	null	null	13113	60
2026-05-27T16:05:48.382	WT901BLE68(F3:F0:16:BF:DC:AE)	0.398	0.815	0.400	-5.249	-1.587	-24.963	55.29	-21.26	-88.87	-35.033	25.713	2.567	-0.75372	-0.28064	0.40277	0.43680	25.9	null	null	13113	60
2026-05-27T16:05:48.539	WT901BLE68(F3:F0:16:BF:DC:AE)	0.366	0.797	0.503	-2.441	-15.686	-17.639	55.56	-20.21	-89.60	-35.033	25.713	2.567	-0.75372	-0.28064	0.40277	0.43680	25.9	null	null	13113	60
2026-05-27T16:05:48.593	WT901BLE68(F3:F0:16:BF:DC:AE)	0.215	0.818	0.519	-4.089	-8.728	-15.625	56.09	-19.27	-90.56	-35.033	25.713	2.567	-0.66980	-0.21893	0.43448	0.56085	25.9	null	null	13113	60
2026-05-27T16:05:48.716	WT901BLE68(F3:F0:16:BF:DC:AE)	0.344	0.782	0.539	-1.648	-12.939	1.648	56.26	-19.03	-90.85	-35.033	25.713	2.567	-0.66980	-0.21893	0.43448	0.56085	25.9	null	null	13113	60
2026-05-27T16:05:48.803	WT901BLE68(F3:F0:16:BF:DC:AE)	0.255	0.810	0.548	-2.686	-16.357	17.395	56.43	-20.60	-90.98	-35.033	25.713	2.567	-0.66980	-0.21893	0.43448	0.56085	25.9	null	null	13113	60
2026-05-27T16:05:48.927	WT901BLE68(F3:F0:16:BF:DC:AE)	0.458	0.742	0.469	-5.432	-31.860	16.174	56.27	-23.65	-91.31	-35.033	25.713	2.567	-0.66980	-0.21893	0.43448	0.56085	25.9	null	null	13113	60
2026-05-27T16:05:49.015	WT901BLE68(F3:F0:16:BF:DC:AE)	0.467	0.808	0.468	1.343	-23.010	2.808	56.48	-25.59	-92.04	-35.033	25.713	2.567	-0.66980	-0.21893	0.43448	0.56085	25.9	null	null	13113	60
2026-05-27T16:05:49.133	WT901BLE68(F3:F0:16:BF:DC:AE)	0.519	0.756	0.436	25.635	-11.963	-17.639	58.91	-25.88	-94.03	-35.033	25.713	2.567	-0.66980	-0.21893	0.43448	0.56085	25.9	null	null	13113	60
2026-05-27T16:05:49.197	WT901BLE68(F3:F0:16:BF:DC:AE)	0.431	0.818	0.397	20.508	-13.184	-8.850	61.96	-25.10	-93.86	-35.033	25.713	2.567	-0.66980	-0.21893	0.43448	0.56085	25.9	null	null	13113	60
2026-05-27T16:05:49.313	WT901BLE68(F3:F0:16:BF:DC:AE)	0.418	0.783	0.409	16.907	-7.263	-19.409	64.17	-24.60	-94.77	-30.887	26.800	3.093	-0.66980	-0.21893	0.43448	0.56085	25.9	null	null	13113	60
2026-05-27T16:05:49.404	WT901BLE68(F3:F0:16:BF:DC:AE)	0.440	0.872	0.397	19.409	16.052	3.723	66.05	-23.53	-93.34	-30.887	26.800	3.093	-0.66980	-0.21893	0.43448	0.56085	25.9	null	null	13113	60
2026-05-27T16:05:49.526	WT901BLE68(F3:F0:16:BF:DC:AE)	0.441	0.881	0.404	-13.123	-15.564	-7.996	66.56	-23.61	-92.62	-30.887	26.800	3.093	-0.64645	-0.24609	0.50507	0.51608	25.9	null	null	13113	60
2026-05-27T16:05:49.614	WT901BLE68(F3:F0:16:BF:DC:AE)	0.356	0.849	0.415	-35.522	-43.579	-5.493	65.32	-23.82	-94.59	-30.887	26.800	3.093	-0.64645	-0.24609	0.50507	0.51608	25.9	null	null	13113	60
2026-05-27T16:05:49.733	WT901BLE68(F3:F0:16:BF:DC:AE)	0.621	0.693	0.364	-36.255	-67.810	-13.306	64.23	-26.72	-102.37	-30.887	26.800	3.093	-0.64645	-0.24609	0.50507	0.51608	25.9	null	null	13113	60
2026-05-27T16:05:49.795	WT901BLE68(F3:F0:16:BF:DC:AE)	0.420	0.851	0.384	-22.400	-29.114	-49.988	63.58	-25.00	-105.47	-30.887	26.800	3.093	-0.64645	-0.24609	0.50507	0.51608	25.9	null	null	13113	60
2026-05-27T16:05:49.947	WT901BLE68(F3:F0:16:BF:DC:AE)	0.381	0.869	0.352	3.662	-21.301	-57.739	64.94	-20.85	-109.18	-30.887	26.800	3.093	-0.64645	-0.24609	0.50507	0.51608	25.9	null	null	13113	60
2026-05-27T16:05:50.003	WT901BLE68(F3:F0:16:BF:DC:AE)	0.320	0.833	0.371	-12.146	-11.902	-33.691	65.82	-17.33	-111.58	-30.887	26.800	3.093	-0.64645	-0.24609	0.50507	0.51608	25.9	null	null	13113	60
2026-05-27T16:05:50.125	WT901BLE68(F3:F0:16:BF:DC:AE)	0.256	0.865	0.455	-22.522	-27.466	-30.579	64.90	-15.68	-113.68	-30.887	26.800	3.093	-0.64645	-0.24609	0.50507	0.51608	25.9	null	null	13113	60
2026-05-27T16:05:50.211	WT901BLE68(F3:F0:16:BF:DC:AE)	0.292	0.829	0.529	-16.663	-23.499	-22.156	63.74	-14.66	-115.97	-31.660	22.120	10.067	-0.64645	-0.24609	0.50507	0.51608	25.9	null	null	13113	60
2026-05-27T16:05:50.336	WT901BLE68(F3:F0:16:BF:DC:AE)	0.088	0.870	0.395	-26.123	-41.992	-24.780	62.76	-12.80	-115.71	-31.660	22.120	10.067	-0.64645	-0.24609	0.50507	0.51608	25.9	null	null	13113	60
2026-05-27T16:05:50.427	WT901BLE68(F3:F0:16:BF:DC:AE)	0.028	0.899	0.405	-29.724	-70.496	5.127	61.12	-14.14	-118.31	-31.660	22.120	10.067	-0.49319	-0.18298	0.48914	0.69562	25.9	null	null	13113	60
2026-05-27T16:05:50.544	WT901BLE68(F3:F0:16:BF:DC:AE)	0.352	0.847	0.563	-25.146	-81.116	2.258	60.24	-18.05	-123.06	-31.660	22.120	10.067	-0.49319	-0.18298	0.48914	0.69562	25.9	null	null	13113	60
2026-05-27T16:05:50.604	WT901BLE68(F3:F0:16:BF:DC:AE)	0.428	0.831	0.411	-5.127	-41.077	0.732	60.77	-20.54	-127.30	-31.660	22.120	10.067	-0.49319	-0.18298	0.48914	0.69562	25.9	null	null	13113	60
2026-05-27T16:05:50.724	WT901BLE68(F3:F0:16:BF:DC:AE)	0.392	0.773	0.392	-7.019	-33.813	3.723	61.52	-22.12	-128.74	-31.660	22.120	10.067	-0.49319	-0.18298	0.48914	0.69562	25.9	null	null	13113	60
2026-05-27T16:05:50.814	WT901BLE68(F3:F0:16:BF:DC:AE)	0.255	0.883	0.575	-8.118	-11.047	2.869	61.62	-23.80	-128.88	-31.660	22.120	10.067	-0.49319	-0.18298	0.48914	0.69562	25.9	null	null	13113	60
2026-05-27T16:05:50.936	WT901BLE68(F3:F0:16:BF:DC:AE)	0.444	0.777	0.414	-22.156	-36.682	-2.563	61.44	-24.68	-130.58	-31.660	22.120	10.067	-0.49319	-0.18298	0.48914	0.69562	25.9	null	null	13113	60
2026-05-27T16:05:51.023	WT901BLE68(F3:F0:16:BF:DC:AE)	0.598	0.705	0.475	-27.832	-47.485	0.122	60.14	-26.62	-132.68	-31.660	22.120	10.067	-0.49319	-0.18298	0.48914	0.69562	25.9	null	null	13113	60
2026-05-27T16:05:51.147	WT901BLE68(F3:F0:16:BF:DC:AE)	0.458	0.792	0.402	-22.705	-21.301	-26.855	59.49	-26.78	-135.09	-12.200	11.900	13.913	-0.49319	-0.18298	0.48914	0.69562	25.9	null	null	13113	60
2026-05-27T16:05:51.204	WT901BLE68(F3:F0:16:BF:DC:AE)	0.448	0.796	0.309	-8.484	17.212	-38.635	59.55	-24.52	-137.07	-12.200	11.900	13.913	-0.49319	-0.18298	0.48914	0.69562	25.9	null	null	13113	60
2026-05-27T16:05:51.359	WT901BLE68(F3:F0:16:BF:DC:AE)	0.216	0.864	0.351	6.592	-7.507	-62.622	61.11	-20.16	-138.50	-12.200	11.900	13.913	-0.40076	-0.01410	0.51883	0.75491	25.9	null	null	13113	60
2026-05-27T16:05:51.414	WT901BLE68(F3:F0:16:BF:DC:AE)	0.421	0.785	0.527	-18.127	-17.517	-37.231	61.68	-16.47	-140.82	-12.200	11.900	13.913	-0.40076	-0.01410	0.51883	0.75491	25.9	null	null	13113	60
2026-05-27T16:05:51.535	WT901BLE68(F3:F0:16:BF:DC:AE)	0.190	0.838	0.643	-9.766	6.348	-25.452	60.58	-13.58	-139.45	-12.200	11.900	13.913	-0.40076	-0.01410	0.51883	0.75491	25.9	null	null	13113	60
2026-05-27T16:05:51.623	WT901BLE68(F3:F0:16:BF:DC:AE)	0.184	0.852	0.421	-17.578	-23.926	-16.357	59.48	-12.40	-139.22	-12.200	11.900	13.913	-0.40076	-0.01410	0.51883	0.75491	25.9	null	null	13113	60
2026-05-27T16:05:51.745	WT901BLE68(F3:F0:16:BF:DC:AE)	0.093	0.831	0.570	-15.869	-2.625	2.991	57.71	-13.06	-138.90	-12.200	11.900	13.913	-0.40076	-0.01410	0.51883	0.75491	25.9	null	null	13113	60
2026-05-27T16:05:51.834	WT901BLE68(F3:F0:16:BF:DC:AE)	0.313	0.780	0.488	-13.428	-21.545	1.587	56.40	-14.13	-139.36	-12.200	11.900	13.913	-0.40076	-0.01410	0.51883	0.75491	25.9	null	null	13113	60
2026-05-27T16:05:51.955	WT901BLE68(F3:F0:16:BF:DC:AE)	0.401	0.762	0.523	-13.977	-26.184	7.751	55.33	-15.78	-139.64	-12.200	11.900	13.913	-0.40076	-0.01410	0.51883	0.75491	25.9	null	null	13113	60
2026-05-27T16:05:52.010	WT901BLE68(F3:F0:16:BF:DC:AE)	0.183	0.799	0.569	2.625	-37.170	-8.240	55.67	-17.79	-140.75	-12.793	10.580	13.387	-0.40076	-0.01410	0.51883	0.75491	25.9	null	null	13113	60
2026-05-27T16:05:52.136	WT901BLE68(F3:F0:16:BF:DC:AE)	0.414	0.896	0.392	12.207	8.484	2.686	57.57	-18.13	-139.86	-12.793	10.580	13.387	-0.40076	-0.01410	0.51883	0.75491	25.9	null	null	13113	60
2026-05-27T16:05:52.222	WT901BLE68(F3:F0:16:BF:DC:AE)	0.243	0.873	0.543	8.484	14.404	-7.751	57.98	-15.47	-134.99	-12.793	10.580	13.387	-0.37885	-0.04984	0.49179	0.78232	25.9	null	null	13113	60
2026-05-27T16:05:52.343	WT901BLE68(F3:F0:16:BF:DC:AE)	0.262	0.790	0.521	-1.953	-30.579	-5.310	58.85	-15.51	-134.55	-12.793	10.580	13.387	-0.37885	-0.04984	0.49179	0.78232	25.9	null	null	13113	60
2026-05-27T16:05:52.438	WT901BLE68(F3:F0:16:BF:DC:AE)	0.394	0.799	0.602	-7.507	-13.794	-2.441	58.99	-17.36	-135.64	-12.793	10.580	13.387	-0.37885	-0.04984	0.49179	0.78232	25.9	null	null	13113	60
2026-05-27T16:05:52.553	WT901BLE68(F3:F0:16:BF:DC:AE)	0.233	0.754	0.469	-8.301	33.020	-13.489	57.67	-14.72	-130.56	-12.793	10.580	13.387	-0.37885	-0.04984	0.49179	0.78232	25.9	null	null	13113	60
2026-05-27T16:05:52.616	WT901BLE68(F3:F0:16:BF:DC:AE)	0.223	0.853	0.573	-24.658	-57.739	-28.992	56.50	-13.44	-131.02	-12.793	10.580	13.387	-0.37885	-0.04984	0.49179	0.78232	25.9	null	null	13113	60
2026-05-27T16:05:52.765	WT901BLE68(F3:F0:16:BF:DC:AE)	0.277	0.785	0.468	-14.038	-23.926	-44.373	56.21	-13.30	-135.48	-12.793	10.580	13.387	-0.37885	-0.04984	0.49179	0.78232	25.9	null	null	13113	60
2026-05-27T16:05:52.825	WT901BLE68(F3:F0:16:BF:DC:AE)	0.229	0.843	0.604	-3.784	-27.893	-46.631	56.31	-11.65	-139.13	-12.793	10.580	13.387	-0.37885	-0.04984	0.49179	0.78232	25.9	null	null	13113	60
2026-05-27T16:05:52.944	WT901BLE68(F3:F0:16:BF:DC:AE)	0.097	0.803	0.453	-0.244	-3.967	-37.842	57.24	-8.89	-141.10	-15.373	13.353	10.113	-0.37885	-0.04984	0.49179	0.78232	25.9	null	null	13113	60
2026-05-27T16:05:53.034	WT901BLE68(F3:F0:16:BF:DC:AE)	0.125	0.846	0.574	-9.216	-6.531	-16.846	57.30	-6.82	-140.36	-15.373	13.353	10.113	-0.37885	-0.04984	0.49179	0.78232	25.9	null	null	13113	60
2026-05-27T16:05:53.150	WT901BLE68(F3:F0:16:BF:DC:AE)	0.135	0.794	0.646	-8.667	-17.822	-22.583	56.53	-6.22	-140.15	-15.373	13.353	10.113	-0.32599	-0.11685	0.46487	0.81479	25.9	null	null	13113	60
2026-05-27T16:05:53.246	WT901BLE68(F3:F0:16:BF:DC:AE)	0.130	0.841	0.624	-16.418	-22.400	-1.465	55.84	-5.66	-139.13	-15.373	13.353	10.113	-0.32599	-0.11685	0.46487	0.81479	25.9	null	null	13113	60
2026-05-27T16:05:53.364	WT901BLE68(F3:F0:16:BF:DC:AE)	0.132	0.857	0.622	-15.381	-26.978	1.526	54.55	-6.99	-138.69	-15.373	13.353	10.113	-0.32599	-0.11685	0.46487	0.81479	25.9	null	null	13113	60
2026-05-27T16:05:53.426	WT901BLE68(F3:F0:16:BF:DC:AE)	0.138	0.831	0.509	-2.869	-33.569	6.836	53.98	-8.97	-138.07	-15.373	13.353	10.113	-0.32599	-0.11685	0.46487	0.81479	25.9	null	null	13113	60
2026-05-27T16:05:53.544	WT901BLE68(F3:F0:16:BF:DC:AE)	0.234	0.802	0.651	9.949	-20.508	4.150	54.95	-11.10	-137.49	-15.373	13.353	10.113	-0.32599	-0.11685	0.46487	0.81479	25.9	null	null	13113	60
2026-05-27T16:05:53.634	WT901BLE68(F3:F0:16:BF:DC:AE)	0.173	0.858	0.539	5.493	15.930	10.559	56.26	-11.36	-134.32	-15.373	13.353	10.113	-0.32599	-0.11685	0.46487	0.81479	25.9	null	null	13113	60
2026-05-27T16:05:53.757	WT901BLE68(F3:F0:16:BF:DC:AE)	0.193	0.803	0.522	-5.188	-60.425	1.343	56.23	-12.66	-132.85	-15.373	13.353	10.113	-0.32599	-0.11685	0.46487	0.81479	25.9	null	null	13113	60
2026-05-27T16:05:53.842	WT901BLE68(F3:F0:16:BF:DC:AE)	0.195	0.801	0.441	4.700	-4.211	0.183	56.69	-14.90	-133.43	-12.400	12.347	6.420	-0.32599	-0.11685	0.46487	0.81479	25.9	null	null	13113	60
2026-05-27T16:05:53.965	WT901BLE68(F3:F0:16:BF:DC:AE)	0.335	0.830	0.562	-9.766	-4.944	-2.380	56.60	-15.39	-131.42	-12.400	12.347	6.420	-0.32599	-0.11685	0.46487	0.81479	25.9	null	null	13113	60
2026-05-27T16:05:54.051	WT901BLE68(F3:F0:16:BF:DC:AE)	0.306	0.813	0.583	-11.108	-16.907	-14.099	55.95	-15.64	-130.79	-12.400	12.347	6.420	-0.42148	-0.08594	0.47443	0.76797	25.9	null	null	13113	60
2026-05-27T16:05:54.145	WT901BLE68(F3:F0:16:BF:DC:AE)	0.280	0.820	0.610	-8.301	-16.907	-30.151	55.52	-14.82	-130.31	-12.400	12.347	6.420	-0.42148	-0.08594	0.47443	0.76797	25.9	null	null	13113	60
2026-05-27T16:05:54.234	WT901BLE68(F3:F0:16:BF:DC:AE)	0.299	0.865	0.524	-3.174	0.854	-38.147	55.81	-12.73	-130.56	-12.400	12.347	6.420	-0.42148	-0.08594	0.47443	0.76797	25.9	null	null	13113	60
2026-05-27T16:05:54.356	WT901BLE68(F3:F0:16:BF:DC:AE)	0.045	0.817	0.559	-7.446	-29.175	-35.339	56.18	-10.67	-131.67	-12.400	12.347	6.420	-0.42148	-0.08594	0.47443	0.76797	25.9	null	null	13113	60
2026-05-27T16:05:54.444	WT901BLE68(F3:F0:16:BF:DC:AE)	0.153	0.833	0.557	6.287	-30.823	-18.860	56.57	-9.62	-131.98	-12.400	12.347	6.420	-0.42148	-0.08594	0.47443	0.76797	25.9	null	null	13113	60
2026-05-27T16:05:54.594	WT901BLE68(F3:F0:16:BF:DC:AE)	0.100	0.833	0.495	-3.235	-23.682	-13.672	57.06	-9.36	-132.32	-12.400	12.347	6.420	-0.42148	-0.08594	0.47443	0.76797	25.9	null	null	13113	60
2026-05-27T16:05:54.657	WT901BLE68(F3:F0:16:BF:DC:AE)	0.178	0.800	0.665	-1.892	-18.005	-1.892	56.83	-9.98	-130.86	-12.400	12.347	6.420	-0.42148	-0.08594	0.47443	0.76797	25.9	null	null	13113	60
2026-05-27T16:05:54.775	WT901BLE68(F3:F0:16:BF:DC:AE)	0.177	0.856	0.554	-17.761	-20.203	0.610	55.81	-11.09	-129.50	-12.420	12.680	3.400	-0.42148	-0.08594	0.47443	0.76797	25.9	null	null	13113	60
2026-05-27T16:05:54.836	WT901BLE68(F3:F0:16:BF:DC:AE)	0.146	0.809	0.508	-8.667	-14.099	2.991	54.36	-12.13	-127.53	-12.420	12.680	3.400	-0.42148	-0.08594	0.47443	0.76797	25.9	null	null	13113	60
2026-05-27T16:05:54.955	WT901BLE68(F3:F0:16:BF:DC:AE)	0.187	0.858	0.670	3.235	-28.137	-3.540	54.64	-13.40	-126.55	-12.420	12.680	3.400	-0.43677	-0.11600	0.44867	0.77097	25.9	null	null	13113	60
2026-05-27T16:05:55.046	WT901BLE68(F3:F0:16:BF:DC:AE)	0.058	0.853	0.384	14.709	-9.766	3.723	55.79	-15.23	-125.71	-12.420	12.680	3.400	-0.43677	-0.11600	0.44867	0.77097	25.9	null	null	13113	60
2026-05-27T16:05:55.168	WT901BLE68(F3:F0:16:BF:DC:AE)	0.319	0.860	0.454	7.141	-12.146	1.526	57.15	-16.34	-123.40	-12.420	12.680	3.400	-0.43677	-0.11600	0.44867	0.77097	25.9	null	null	13113	60
2026-05-27T16:05:55.252	WT901BLE68(F3:F0:16:BF:DC:AE)	0.297	0.828	0.466	3.174	-6.104	3.052	57.78	-16.90	-120.33	-12.420	12.680	3.400	-0.43677	-0.11600	0.44867	0.77097	25.9	null	null	13113	60
2026-05-27T16:05:55.376	WT901BLE68(F3:F0:16:BF:DC:AE)	0.430	0.852	0.547	-0.732	5.066	-3.540	58.20	-16.82	-116.62	-12.420	12.680	3.400	-0.43677	-0.11600	0.44867	0.77097	25.9	null	null	13113	60
2026-05-27T16:05:55.434	WT901BLE68(F3:F0:16:BF:DC:AE)	0.350	0.827	0.537	-7.446	-23.865	-2.441	58.07	-16.97	-113.77	-12.420	12.680	3.400	-0.43677	-0.11600	0.44867	0.77097	25.9	null	null	13113	60
2026-05-27T16:05:55.554	WT901BLE68(F3:F0:16:BF:DC:AE)	0.453	0.795	0.514	-16.602	-33.813	-4.089	57.93	-18.42	-113.45	-12.420	12.680	3.400	-0.43677	-0.11600	0.44867	0.77097	25.9	null	null	13113	60
2026-05-27T16:05:55.642	WT901BLE68(F3:F0:16:BF:DC:AE)	0.524	0.785	0.568	-23.010	-0.244	-11.292	56.63	-19.46	-111.87	-5.460	9.360	-4.807	-0.43677	-0.11600	0.44867	0.77097	25.9	null	null	13113	60
2026-05-27T16:05:55.766	WT901BLE68(F3:F0:16:BF:DC:AE)	0.067	0.847	0.391	2.380	21.423	-23.560	55.82	-17.61	-108.45	-5.460	9.360	-4.807	-0.43677	-0.11600	0.44867	0.77097	25.9	null	null	13113	60
2026-05-27T16:05:55.850	WT901BLE68(F3:F0:16:BF:DC:AE)	0.273	0.877	0.456	12.146	21.790	-32.471	57.09	-14.60	-105.00	-5.460	9.360	-4.807	-0.57217	-0.17270	0.45139	0.66251	25.9	null	null	13113	60
2026-05-27T16:05:55.979	WT901BLE68(F3:F0:16:BF:DC:AE)	0.099	0.815	0.584	-8.972	18.005	-13.245	57.11	-11.60	-101.06	-5.460	9.360	-4.807	-0.57217	-0.17270	0.45139	0.66251	25.9	null	null	13113	60
2026-05-27T16:05:56.063	WT901BLE68(F3:F0:16:BF:DC:AE)	0.043	0.864	0.483	-12.634	8.972	-13.184	56.16	-10.01	-98.04	-5.460	9.360	-4.807	-0.57217	-0.17270	0.45139	0.66251	25.9	null	null	13113	60
2026-05-27T16:05:56.186	WT901BLE68(F3:F0:16:BF:DC:AE)	0.063	0.796	0.733	-7.813	36.377	2.563	54.88	-8.58	-93.71	-5.460	9.360	-4.807	-0.57217	-0.17270	0.45139	0.66251	25.9	null	null	13113	60
2026-05-27T16:05:56.241	WT901BLE68(F3:F0:16:BF:DC:AE)	0.188	0.843	0.617	-20.020	7.568	-6.653	53.54	-7.09	-89.84	-5.460	9.360	-4.807	-0.57217	-0.17270	0.45139	0.66251	25.9	null	null	13113	60
2026-05-27T16:05:56.368	WT901BLE68(F3:F0:16:BF:DC:AE)	0.137	0.838	0.614	-17.151	-11.047	-3.540	51.84	-6.99	-87.81	-5.460	9.360	-4.807	-0.57217	-0.17270	0.45139	0.66251	25.9	null	null	13113	60
2026-05-27T16:05:56.455	WT901BLE68(F3:F0:16:BF:DC:AE)	0.145	0.825	0.651	-12.207	-4.883	10.071	50.67	-7.57	-85.89	-5.460	9.360	-4.807	-0.57217	-0.17270	0.45139	0.66251	25.9	null	null	13113	60
2026-05-27T16:05:56.574	WT901BLE68(F3:F0:16:BF:DC:AE)	0.097	0.791	0.548	6.165	-36.194	5.066	50.62	-9.70	-85.09	-8.820	10.333	-4.013	-0.57217	-0.17270	0.45139	0.66251	25.9	null	null	13113	60
2026-05-27T16:05:56.668	WT901BLE68(F3:F0:16:BF:DC:AE)	0.159	0.846	0.541	13.977	-4.333	-2.258	52.38	-9.99	-82.86	-8.820	10.333	-4.013	-0.57217	-0.17270	0.45139	0.66251	25.9	null	null	13113	60
2026-05-27T16:05:56.786	WT901BLE68(F3:F0:16:BF:DC:AE)	0.230	0.789	0.639	7.935	3.662	0.183	53.38	-9.95	-79.80	-8.820	10.333	-4.013	-0.69937	-0.28363	0.34897	0.55548	25.9	null	null	13113	60
2026-05-27T16:05:56.844	WT901BLE68(F3:F0:16:BF:DC:AE)	0.213	0.775	0.626	1.709	4.272	-3.662	54.15	-9.24	-77.06	-8.820	10.333	-4.013	-0.69937	-0.28363	0.34897	0.55548	25.9	null	null	13113	60
2026-05-27T16:05:56.970	WT901BLE68(F3:F0:16:BF:DC:AE)	0.180	0.788	0.615	-9.766	-7.751	-1.587	53.70	-9.04	-74.89	-8.820	10.333	-4.013	-0.69937	-0.28363	0.34897	0.55548	25.9	null	null	13113	60
2026-05-27T16:05:57.057	WT901BLE68(F3:F0:16:BF:DC:AE)	0.054	0.804	0.564	-5.371	0.000	-13.062	52.92	-8.67	-72.89	-8.820	10.333	-4.013	-0.69937	-0.28363	0.34897	0.55548	25.9	null	null	13113	60
2026-05-27T16:05:57.179	WT901BLE68(F3:F0:16:BF:DC:AE)	0.105	0.830	0.574	-2.502	11.597	-14.343	52.63	-7.61	-71.11	-8.820	10.333	-4.013	-0.69937	-0.28363	0.34897	0.55548	25.9	null	null	13113	60
2026-05-27T16:05:57.263	WT901BLE68(F3:F0:16:BF:DC:AE)	0.064	0.832	0.629	11.475	-10.193	-21.179	53.49	-6.47	-69.98	-8.820	10.333	-4.013	-0.69937	-0.28363	0.34897	0.55548	25.9	null	null	13113	60
2026-05-27T16:05:57.385	WT901BLE68(F3:F0:16:BF:DC:AE)	0.005	0.856	0.454	10.742	0.244	-27.222	55.23	-4.60	-68.94	-8.820	10.333	-4.013	-0.69937	-0.28363	0.34897	0.55548	25.9	null	null	13113	60
2026-05-27T16:05:57.472	WT901BLE68(F3:F0:16:BF:DC:AE)	0.056	0.795	0.614	-1.099	-4.578	-10.071	55.41	-3.49	-67.81	-9.553	15.873	-10.147	-0.69937	-0.28363	0.34897	0.55548	25.9	null	null	13113	60
2026-05-27T16:05:57.595	WT901BLE68(F3:F0:16:BF:DC:AE)	0.030	0.813	0.577	-0.793	2.258	-9.583	55.46	-2.59	-66.24	-9.553	15.873	-10.147	-0.69937	-0.28363	0.34897	0.55548	25.9	null	null	13113	60
2026-05-27T16:05:57.652	WT901BLE68(F3:F0:16:BF:DC:AE)	0.032	0.799	0.663	-8.911	-3.906	0.000	54.73	-2.75	-64.50	-9.553	15.873	-10.147	-0.75195	-0.37881	0.26636	0.46906	25.9	null	null	13113	60
2026-05-27T16:05:57.777	WT901BLE68(F3:F0:16:BF:DC:AE)	0.109	0.784	0.643	-12.634	-8.606	8.850	53.53	-3.47	-62.78	-9.553	15.873	-10.147	-0.75195	-0.37881	0.26636	0.46906	25.9	null	null	13113	60
2026-05-27T16:05:57.864	WT901BLE68(F3:F0:16:BF:DC:AE)	-0.008	0.807	0.503	-6.165	-25.085	7.202	52.52	-4.99	-61.27	-9.553	15.873	-10.147	-0.75195	-0.37881	0.26636	0.46906	25.9	null	null	13113	60
2026-05-27T16:05:57.986	WT901BLE68(F3:F0:16:BF:DC:AE)	0.104	0.852	0.619	-2.930	-24.841	16.602	52.28	-7.73	-61.08	-9.553	15.873	-10.147	-0.75195	-0.37881	0.26636	0.46906	25.9	null	null	13113	60
2026-05-27T16:05:58.078	WT901BLE68(F3:F0:16:BF:DC:AE)	0.154	0.791	0.576	13.184	1.038	15.991	52.95	-9.88	-59.27	-9.553	15.873	-10.147	-0.75195	-0.37881	0.26636	0.46906	25.9	null	null	13113	60
2026-05-27T16:05:58.197	WT901BLE68(F3:F0:16:BF:DC:AE)	0.173	0.837	0.522	8.667	-2.441	12.207	54.07	-10.87	-56.02	-9.553	15.873	-10.147	-0.75195	-0.37881	0.26636	0.46906	25.9	null	null	13113	60
2026-05-27T16:05:58.253	WT901BLE68(F3:F0:16:BF:DC:AE)	0.256	0.765	0.611	-1.099	-10.925	8.789	54.17	-12.19	-53.90	-9.553	15.873	-10.147	-0.75195	-0.37881	0.26636	0.46906	25.9	null	null	13113	60
2026-05-27T16:05:58.371	WT901BLE68(F3:F0:16:BF:DC:AE)	0.237	0.785	0.586	-5.127	-8.179	6.836	53.99	-12.97	-51.95	-5.380	16.807	-16.067	-0.75195	-0.37881	0.26636	0.46906	25.9	null	null	13113	60
2026-05-27T16:05:58.465	WT901BLE68(F3:F0:16:BF:DC:AE)	0.167	0.796	0.584	-9.338	-4.089	-3.357	53.19	-13.91	-50.59	-5.380	16.807	-16.067	-0.75195	-0.37881	0.26636	0.46906	25.9	null	null	13113	60
2026-05-27T16:05:58.584	WT901BLE68(F3:F0:16:BF:DC:AE)	0.298	0.787	0.619	-6.714	4.028	-6.287	52.34	-13.50	-48.48	-5.380	16.807	-16.067	-0.82687	-0.35480	0.28699	0.32852	25.9	null	null	13113	60
2026-05-27T16:05:58.674	WT901BLE68(F3:F0:16:BF:DC:AE)	0.157	0.791	0.598	-1.648	3.052	-20.813	52.12	-12.18	-46.57	-5.380	16.807	-16.067	-0.82687	-0.35480	0.28699	0.32852	25.9	null	null	13113	60
2026-05-27T16:05:58.797	WT901BLE68(F3:F0:16:BF:DC:AE)	0.243	0.771	0.593	11.047	16.296	-20.264	52.72	-10.01	-45.55	-5.380	16.807	-16.067	-0.82687	-0.35480	0.28699	0.32852	25.9	null	null	13113	60
2026-05-27T16:05:58.885	WT901BLE68(F3:F0:16:BF:DC:AE)	0.069	0.831	0.518	8.667	-0.122	-27.344	54.14	-7.64	-44.47	-5.380	16.807	-16.067	-0.82687	-0.35480	0.28699	0.32852	25.9	null	null	13113	60
2026-05-27T16:05:59.008	WT901BLE68(F3:F0:16:BF:DC:AE)	0.135	0.826	0.538	-0.488	-7.385	-8.850	54.74	-6.04	-43.79	-5.380	16.807	-16.067	-0.82687	-0.35480	0.28699	0.32852	25.9	null	null	13113	60
2026-05-27T16:05:59.063	WT901BLE68(F3:F0:16:BF:DC:AE)	0.131	0.812	0.606	0.244	0.977	-7.874	54.96	-5.50	-43.32	-5.380	16.807	-16.067	-0.82687	-0.35480	0.28699	0.32852	25.9	null	null	13113	60
2026-05-27T16:05:59.216	WT901BLE68(F3:F0:16:BF:DC:AE)	0.006	0.790	0.631	-5.676	5.127	-5.005	54.93	-4.65	-41.93	-5.380	16.807	-16.067	-0.82687	-0.35480	0.28699	0.32852	25.9	null	null	13113	60
2026-05-27T16:05:59.271	WT901BLE68(F3:F0:16:BF:DC:AE)	0.061	0.778	0.609	-9.766	-3.418	2.808	54.16	-4.65	-41.09	-10.187	23.873	-18.640	-0.82687	-0.35480	0.28699	0.32852	25.9	null	null	13113	60
2026-05-27T16:05:59.399	WT901BLE68(F3:F0:16:BF:DC:AE)	0.070	0.797	0.640	-6.592	-4.517	5.188	53.17	-5.23	-40.18	-10.187	23.873	-18.640	-0.82687	-0.35480	0.28699	0.32852	25.9	null	null	13113	60
2026-05-27T16:05:59.483	WT901BLE68(F3:F0:16:BF:DC:AE)	0.113	0.804	0.662	-9.155	-20.935	11.353	52.55	-6.49	-39.34	-10.187	23.873	-18.640	-0.84866	-0.40292	0.19272	0.28311	25.9	null	null	13113	60
2026-05-27T16:05:59.604	WT901BLE68(F3:F0:16:BF:DC:AE)	0.211	0.798	0.578	3.601	-7.141	4.639	52.51	-8.36	-38.79	-10.187	23.873	-18.640	-0.84866	-0.40292	0.19272	0.28311	25.9	null	null	13113	60
2026-05-27T16:05:59.666	WT901BLE68(F3:F0:16:BF:DC:AE)	0.198	0.875	0.575	6.287	4.028	7.019	53.28	-8.95	-37.08	-10.187	23.873	-18.640	-0.84866	-0.40292	0.19272	0.28311	25.9	null	null	13113	60
2026-05-27T16:05:59.783	WT901BLE68(F3:F0:16:BF:DC:AE)	0.243	0.822	0.567	-1.648	-12.146	2.380	53.51	-9.71	-35.93	-10.187	23.873	-18.640	-0.84866	-0.40292	0.19272	0.28311	25.9	null	null	13113	60
2026-05-27T16:05:59.876	WT901BLE68(F3:F0:16:BF:DC:AE)	0.361	0.833	0.518	-1.709	12.268	-5.005	53.37	-9.87	-35.27	-10.187	23.873	-18.640	-0.84866	-0.40292	0.19272	0.28311	25.9	null	null	13113	60
2026-05-27T16:05:59.998	WT901BLE68(F3:F0:16:BF:DC:AE)	0.043	0.708	0.580	-4.211	8.118	-1.465	53.10	-8.50	-33.32	-10.187	23.873	-18.640	-0.84866	-0.40292	0.19272	0.28311	25.9	null	null	13113	60
2026-05-27T16:06:00.083	WT901BLE68(F3:F0:16:BF:DC:AE)	0.155	0.791	0.614	-9.949	-11.902	-0.061	52.26	-9.31	-32.21	-10.187	23.873	-18.640	-0.84866	-0.40292	0.19272	0.28311	25.9	null	null	13113	60
2026-05-27T16:06:00.207	WT901BLE68(F3:F0:16:BF:DC:AE)	0.108	0.791	0.611	-4.211	-3.601	-19.775	51.59	-9.07	-32.87	-8.060	26.180	-21.367	-0.84866	-0.40292	0.19272	0.28311	25.9	null	null	13113	60
2026-05-27T16:06:00.295	WT901BLE68(F3:F0:16:BF:DC:AE)	0.098	0.812	0.562	5.188	-25.024	-18.433	51.98	-8.23	-34.14	-8.060	26.180	-21.367	-0.84866	-0.40292	0.19272	0.28311	25.9	null	null	13113	60
2026-05-27T16:06:00.415	WT901BLE68(F3:F0:16:BF:DC:AE)	0.079	0.848	0.622	14.099	-4.333	-28.870	53.55	-7.24	-35.73	-8.060	26.180	-21.367	-0.86325	-0.40094	0.19315	0.23798	25.9	null	null	13113	60
2026-05-27T16:06:00.473	WT901BLE68(F3:F0:16:BF:DC:AE)	-0.025	0.832	0.590	-3.540	-18.921	-25.757	54.35	-5.88	-37.30	-8.060	26.180	-21.367	-0.86325	-0.40094	0.19315	0.23798	25.9	null	null	13113	60
2026-05-27T16:06:00.597	WT901BLE68(F3:F0:16:BF:DC:AE)	0.038	0.820	0.659	5.981	-0.610	-19.287	54.90	-5.19	-38.97	-8.060	26.180	-21.367	-0.86325	-0.40094	0.19315	0.23798	25.9	null	null	13113	60
2026-05-27T16:06:00.689	WT901BLE68(F3:F0:16:BF:DC:AE)	0.099	0.814	0.607	-2.258	-9.521	-16.113	55.25	-3.71	-39.18	-8.060	26.180	-21.367	-0.86325	-0.40094	0.19315	0.23798	25.9	null	null	13113	60
2026-05-27T16:06:00.805	WT901BLE68(F3:F0:16:BF:DC:AE)	0.036	0.825	0.628	-6.470	-14.771	-15.747	55.11	-2.83	-40.12	-8.060	26.180	-21.367	-0.86325	-0.40094	0.19315	0.23798	25.9	null	null	13113	60
2026-05-27T16:06:00.896	WT901BLE68(F3:F0:16:BF:DC:AE)	0.125	0.872	0.481	-29.846	-89.539	23.010	53.76	-5.32	-42.91	-8.060	26.180	-21.367	-0.86325	-0.40094	0.19315	0.23798	25.9	null	null	13113	60
2026-05-27T16:06:01.015	WT901BLE68(F3:F0:16:BF:DC:AE)	0.288	0.788	0.579	-29.236	-72.388	42.236	51.56	-11.43	-45.05	-8.060	26.180	-21.367	-0.86325	-0.40094	0.19315	0.23798	25.9	null	null	13113	60
2026-05-27T16:06:01.072	WT901BLE68(F3:F0:16:BF:DC:AE)	0.249	0.654	0.598	2.747	-82.642	20.203	51.77	-20.66	-49.36	-14.767	32.453	-25.933	-0.86325	-0.40094	0.19315	0.23798	25.9	null	null	13113	60
2026-05-27T16:06:01.197	WT901BLE68(F3:F0:16:BF:DC:AE)	0.309	0.809	0.513	24.902	-44.861	1.221	55.13	-24.53	-52.46	-14.767	32.453	-25.933	-0.86325	-0.40094	0.19315	0.23798	25.9	null	null	13113	60
2026-05-27T16:06:01.283	WT901BLE68(F3:F0:16:BF:DC:AE)	0.487	0.753	0.450	11.536	-41.992	9.583	58.34	-26.65	-54.08	-14.767	32.453	-25.933	-0.81580	-0.32562	0.37784	0.29248	25.9	null	null	13113	60
2026-05-27T16:06:01.406	WT901BLE68(F3:F0:16:BF:DC:AE)	0.544	0.729	0.502	1.038	-36.987	0.061	60.35	-29.14	-55.33	-14.767	32.453	-25.933	-0.81580	-0.32562	0.37784	0.29248	25.9	null	null	13113	60
2026-05-27T16:06:01.497	WT901BLE68(F3:F0:16:BF:DC:AE)	0.507	0.712	0.508	-0.183	-33.569	2.441	62.03	-30.88	-57.04	-14.767	32.453	-25.933	-0.81580	-0.32562	0.37784	0.29248	25.9	null	null	13113	60
2026-05-27T16:06:01.615	WT901BLE68(F3:F0:16:BF:DC:AE)	0.554	0.725	0.444	-11.902	-42.114	2.380	63.41	-33.50	-59.17	-14.767	32.453	-25.933	-0.81580	-0.32562	0.37784	0.29248	25.9	null	null	13113	60
2026-05-27T16:06:01.706	WT901BLE68(F3:F0:16:BF:DC:AE)	0.533	0.810	0.626	-45.227	-18.616	-6.836	62.16	-34.62	-60.48	-14.767	32.453	-25.933	-0.81580	-0.32562	0.37784	0.29248	25.9	null	null	13113	60
2026-05-27T16:06:01.825	WT901BLE68(F3:F0:16:BF:DC:AE)	0.654	0.668	0.375	-41.443	-55.420	-55.176	60.93	-33.84	-65.59	-14.767	32.453	-25.933	-0.81580	-0.32562	0.37784	0.29248	25.9	null	null	13113	60
2026-05-27T16:06:01.883	WT901BLE68(F3:F0:16:BF:DC:AE)	0.508	0.780	0.345	-15.991	-16.724	-53.284	61.70	-29.56	-69.12	-14.767	32.453	-25.933	-0.81580	-0.32562	0.37784	0.29248	25.9	null	null	13113	60
2026-05-27T16:06:02.003	WT901BLE68(F3:F0:16:BF:DC:AE)	0.373	0.863	0.459	-25.085	-12.695	-41.077	61.67	-26.31	-70.89	-24.487	37.020	-30.400	-0.81580	-0.32562	0.37784	0.29248	25.9	null	null	13113	60
2026-05-27T16:06:02.094	WT901BLE68(F3:F0:16:BF:DC:AE)	0.376	0.810	0.508	7.446	74.585	-6.104	59.19	-22.50	-67.62	-24.487	37.020	-30.400	-0.81580	-0.32562	0.37784	0.29248	25.9	null	null	13113	60
2026-05-27T16:06:02.213	WT901BLE68(F3:F0:16:BF:DC:AE)	0.247	0.830	0.423	-26.123	-18.433	-16.479	57.51	-20.89	-66.14	-24.487	37.020	-30.400	-0.76889	-0.31522	0.39832	0.38818	25.9	null	null	13113	60
2026-05-27T16:06:02.305	WT901BLE68(F3:F0:16:BF:DC:AE)	0.083	0.847	0.472	-28.503	-49.377	22.949	56.11	-23.30	-68.72	-24.487	37.020	-30.400	-0.76889	-0.31522	0.39832	0.38818	25.9	null	null	13113	60
2026-05-27T16:06:02.459	WT901BLE68(F3:F0:16:BF:DC:AE)	0.387	0.810	0.504	-14.160	-19.531	41.138	54.70	-29.10	-69.64	-24.487	37.020	-30.400	-0.76889	-0.31522	0.39832	0.38818	25.9	null	null	13113	60
2026-05-27T16:06:02.483	WT901BLE68(F3:F0:16:BF:DC:AE)	0.502	0.779	0.479	0.671	-47.913	-6.104	55.87	-32.62	-71.37	-24.487	37.020	-30.400	-0.76889	-0.31522	0.39832	0.38818	25.9	null	null	13113	60
2026-05-27T16:06:02.606	WT901BLE68(F3:F0:16:BF:DC:AE)	0.534	0.776	0.249	12.939	42.419	8.728	56.94	-32.46	-70.25	-24.487	37.020	-30.400	-0.76889	-0.31522	0.39832	0.38818	25.9	null	null	13113	60
2026-05-27T16:06:02.697	WT901BLE68(F3:F0:16:BF:DC:AE)	0.451	0.752	0.628	-9.888	-21.301	-17.334	57.16	-31.48	-69.20	-24.487	37.020	-30.400	-0.76889	-0.31522	0.39832	0.38818	25.9	null	null	13113	60
2026-05-27T16:06:02.814	WT901BLE68(F3:F0:16:BF:DC:AE)	0.454	0.687	0.401	-15.259	-45.288	-13.794	58.07	-31.68	-71.26	-24.487	37.020	-30.400	-0.76889	-0.31522	0.39832	0.38818	25.9	null	null	13113	60
2026-05-27T16:06:02.904	WT901BLE68(F3:F0:16:BF:DC:AE)	0.517	0.708	0.429	-19.592	-23.315	-8.728	58.30	-32.51	-73.52	-29.367	39.580	-19.487	-0.76889	-0.31522	0.39832	0.38818	25.9	null	null	13113	60
2026-05-27T16:06:03.056	WT901BLE68(F3:F0:16:BF:DC:AE)	0.428	0.729	0.421	-25.330	10.864	-3.418	56.35	-31.60	-71.95	-29.367	39.580	-19.487	-0.76889	-0.31522	0.39832	0.38818	25.9	null	null	13113	60
2026-05-27T16:06:03.113	WT901BLE68(F3:F0:16:BF:DC:AE)	0.426	0.680	0.496	-27.222	-6.287	-35.400	54.80	-29.98	-72.56	-29.367	39.580	-19.487	-0.76376	-0.22397	0.45459	0.39969	25.9	null	null	13113	60
2026-05-27T16:06:03.236	WT901BLE68(F3:F0:16:BF:DC:AE)	0.373	0.596	0.460	-21.423	-62.561	-56.641	54.49	-27.52	-76.84	-29.367	39.580	-19.487	-0.76376	-0.22397	0.45459	0.39969	25.9	null	null	13113	60
2026-05-27T16:06:03.295	WT901BLE68(F3:F0:16:BF:DC:AE)	0.429	0.851	0.666	-26.550	-48.218	-76.233	56.59	-24.88	-85.55	-29.367	39.580	-19.487	-0.76376	-0.22397	0.45459	0.39969	25.9	null	null	13113	60
2026-05-27T16:06:03.415	WT901BLE68(F3:F0:16:BF:DC:AE)	0.479	0.825	0.411	-26.611	-50.781	-71.228	57.37	-21.67	-93.14	-29.367	39.580	-19.487	-0.76376	-0.22397	0.45459	0.39969	25.9	null	null	13113	60
2026-05-27T16:06:03.504	WT901BLE68(F3:F0:16:BF:DC:AE)	0.333	0.801	0.343	2.808	35.217	-73.914	57.83	-16.42	-96.35	-29.367	39.580	-19.487	-0.76376	-0.22397	0.45459	0.39969	25.9	null	null	13113	60
2026-05-27T16:06:03.625	WT901BLE68(F3:F0:16:BF:DC:AE)	0.170	0.877	0.554	5.920	17.029	-56.091	59.66	-9.90	-96.15	-29.367	39.580	-19.487	-0.76376	-0.22397	0.45459	0.39969	25.9	null	null	13113	60
2026-05-27T16:06:03.717	WT901BLE68(F3:F0:16:BF:DC:AE)	0.177	0.850	0.505	-31.006	-28.015	-20.325	58.35	-7.72	-98.54	-29.367	39.580	-19.487	-0.76376	-0.22397	0.45459	0.39969	25.9	null	null	13113	60
2026-05-27T16:06:03.834	WT901BLE68(F3:F0:16:BF:DC:AE)	0.193	0.867	0.526	-22.583	-30.945	-10.193	56.11	-8.60	-100.88	-56.013	24.340	-4.280	-0.76376	-0.22397	0.45459	0.39969	25.9	null	null	13113	60
2026-05-27T16:06:03.891	WT901BLE68(F3:F0:16:BF:DC:AE)	0.125	0.794	0.552	-21.057	-40.710	0.122	54.62	-10.24	-102.43	-56.013	24.340	-4.280	-0.76376	-0.22397	0.45459	0.39969	25.9	null	null	13113	60
2026-05-27T16:06:04.014	WT901BLE68(F3:F0:16:BF:DC:AE)	0.211	0.811	0.531	-7.568	-74.829	0.244	54.31	-13.54	-105.19	-56.013	24.340	-4.280	-0.58600	-0.22144	0.40695	0.66470	25.9	null	null	13113	60
2026-05-27T16:06:04.106	WT901BLE68(F3:F0:16:BF:DC:AE)	0.312	0.753	0.488	-5.127	-31.555	9.460	55.12	-15.42	-106.09	-56.013	24.340	-4.280	-0.58600	-0.22144	0.40695	0.66470	25.9	null	null	13113	60
2026-05-27T16:06:04.228	WT901BLE68(F3:F0:16:BF:DC:AE)	0.355	0.809	0.551	-3.418	-0.061	1.282	54.84	-16.55	-105.36	-56.013	24.340	-4.280	-0.58600	-0.22144	0.40695	0.66470	25.9	null	null	13113	60
2026-05-27T16:06:04.318	WT901BLE68(F3:F0:16:BF:DC:AE)	0.253	0.777	0.469	-12.268	-7.446	-0.549	54.41	-17.08	-105.05	-56.013	24.340	-4.280	-0.58600	-0.22144	0.40695	0.66470	25.9	null	null	13113	60
2026-05-27T16:06:04.438	WT901BLE68(F3:F0:16:BF:DC:AE)	0.161	0.751	0.619	-4.944	-8.484	-8.789	53.87	-17.02	-103.94	-56.013	24.340	-4.280	-0.58600	-0.22144	0.40695	0.66470	25.9	null	null	13113	60
2026-05-27T16:06:04.525	WT901BLE68(F3:F0:16:BF:DC:AE)	0.434	0.685	0.551	-21.362	-22.156	-15.442	52.15	-16.73	-103.07	-56.013	24.340	-4.280	-0.58600	-0.22144	0.40695	0.66470	25.9	null	null	13113	60
2026-05-27T16:06:04.645	WT901BLE68(F3:F0:16:BF:DC:AE)	0.321	0.747	0.479	-19.287	-15.076	-11.780	50.90	-17.18	-103.95	-56.013	24.340	-4.280	-0.58600	-0.22144	0.40695	0.66470	25.9	null	null	13113	60
2026-05-27T16:06:04.702	WT901BLE68(F3:F0:16:BF:DC:AE)	0.089	0.865	0.381	13.489	58.472	-28.259	50.32	-14.42	-101.65	-47.687	19.873	5.320	-0.58600	-0.22144	0.40695	0.66470	25.9	null	null	13113	60
2026-05-27T16:06:04.824	WT901BLE68(F3:F0:16:BF:DC:AE)	0.168	0.790	0.603	25.574	-10.864	-43.884	53.01	-10.23	-101.53	-47.687	19.873	5.320	-0.58600	-0.22144	0.40695	0.66470	25.9	null	null	13113	60
2026-05-27T16:06:04.911	WT901BLE68(F3:F0:16:BF:DC:AE)	-0.031	0.832	0.515	19.592	7.385	-26.672	55.59	-6.48	-101.31	-47.687	19.873	5.320	-0.58575	-0.23080	0.39624	0.66821	25.9	null	null	13113	60
2026-05-27T16:06:05.037	WT901BLE68(F3:F0:16:BF:DC:AE)	-0.032	0.847	0.595	11.230	-7.263	-20.813	57.48	-4.26	-101.43	-47.687	19.873	5.320	-0.58575	-0.23080	0.39624	0.66821	25.9	null	null	13113	60
2026-05-27T16:06:05.126	WT901BLE68(F3:F0:16:BF:DC:AE)	0.087	0.805	0.675	-5.432	-10.132	-1.465	57.88	-3.61	-101.69	-47.687	19.873	5.320	-0.58575	-0.23080	0.39624	0.66821	25.9	null	null	13113	60
2026-05-27T16:06:05.249	WT901BLE68(F3:F0:16:BF:DC:AE)	-0.026	0.802	0.695	-19.775	-24.963	-5.859	56.39	-4.24	-102.10	-47.687	19.873	5.320	-0.58575	-0.23080	0.39624	0.66821	25.9	null	null	13113	60
2026-05-27T16:06:05.303	WT901BLE68(F3:F0:16:BF:DC:AE)	-0.037	0.782	0.667	-17.822	-21.729	6.897	54.45	-5.54	-102.65	-47.687	19.873	5.320	-0.58575	-0.23080	0.39624	0.66821	25.9	null	null	13113	60
2026-05-27T16:06:05.426	WT901BLE68(F3:F0:16:BF:DC:AE)	0.069	0.793	0.592	-18.982	-15.808	16.479	52.74	-7.67	-102.43	-47.687	19.873	5.320	-0.58575	-0.23080	0.39624	0.66821	25.9	null	null	13113	60
2026-05-27T16:06:05.513	WT901BLE68(F3:F0:16:BF:DC:AE)	0.204	0.843	0.341	22.217	-11.902	10.925	52.60	-9.90	-102.15	-47.687	19.873	5.320	-0.58575	-0.23080	0.39624	0.66821	25.9	null	null	13113	60
2026-05-27T16:06:05.633	WT901BLE68(F3:F0:16:BF:DC:AE)	0.226	0.912	0.365	15.198	11.353	16.418	54.54	-11.05	-100.93	-51.220	19.200	3.673	-0.58575	-0.23080	0.39624	0.66821	25.9	null	null	13113	60
2026-05-27T16:06:05.726	WT901BLE68(F3:F0:16:BF:DC:AE)	0.362	0.809	0.605	7.019	-6.714	5.066	55.52	-12.04	-99.46	-51.220	19.200	3.673	-0.58575	-0.23080	0.39624	0.66821	25.9	null	null	13113	60
2026-05-27T16:06:05.845	WT901BLE68(F3:F0:16:BF:DC:AE)	0.206	0.751	0.488	5.615	1.953	7.629	56.45	-13.61	-98.92	-51.220	19.200	3.673	-0.60825	-0.22943	0.41574	0.63596	25.9	null	null	13113	60
2026-05-27T16:06:05.935	WT901BLE68(F3:F0:16:BF:DC:AE)	0.361	0.792	0.652	-12.695	14.221	8.240	55.71	-14.07	-96.39	-51.220	19.200	3.673	-0.60825	-0.22943	0.41574	0.63596	25.9	null	null	13113	60
2026-05-27T16:06:06.057	WT901BLE68(F3:F0:16:BF:DC:AE)	0.187	0.770	0.452	-17.090	-3.967	-1.038	54.28	-14.27	-95.22	-51.220	19.200	3.673	-0.60825	-0.22943	0.41574	0.63596	25.9	null	null	13113	60
2026-05-27T16:06:06.116	WT901BLE68(F3:F0:16:BF:DC:AE)	0.306	0.861	0.480	-2.930	24.414	-11.597	52.90	-13.46	-94.13	-51.220	19.200	3.673	-0.60825	-0.22943	0.41574	0.63596	25.9	null	null	13113	60
2026-05-27T16:06:06.239	WT901BLE68(F3:F0:16:BF:DC:AE)	0.242	0.840	0.610	-4.456	-2.319	-15.991	52.62	-12.10	-93.25	-51.220	19.200	3.673	-0.60825	-0.22943	0.41574	0.63596	25.9	null	null	13113	60
2026-05-27T16:06:06.326	WT901BLE68(F3:F0:16:BF:DC:AE)	0.260	0.810	0.484	11.169	-31.982	-29.358	52.88	-12.10	-94.41	-51.220	19.200	3.673	-0.60825	-0.22943	0.41574	0.63596	25.9	null	null	13113	60
2026-05-27T16:06:06.449	WT901BLE68(F3:F0:16:BF:DC:AE)	0.129	0.800	0.503	14.771	76.477	-26.978	54.45	-8.53	-94.35	-51.220	19.200	3.673	-0.60825	-0.22943	0.41574	0.63596	25.9	null	null	13113	60
2026-05-27T16:06:06.534	WT901BLE68(F3:F0:16:BF:DC:AE)	0.072	0.779	0.608	5.127	-8.057	-11.292	55.45	-5.53	-92.16	-52.107	20.493	-0.267	-0.60825	-0.22943	0.41574	0.63596	25.9	null	null	13113	60
2026-05-27T16:06:06.652	WT901BLE68(F3:F0:16:BF:DC:AE)	0.000	0.818	0.542	-4.639	-25.208	-2.686	55.50	-5.10	-92.04	-52.107	20.493	-0.267	-0.60825	-0.22943	0.41574	0.63596	25.9	null	null	13113	60
2026-05-27T16:06:06.713	WT901BLE68(F3:F0:16:BF:DC:AE)	0.115	0.766	0.714	-23.560	-21.851	10.498	54.04	-6.59	-92.77	-52.107	20.493	-0.267	-0.62909	-0.28625	0.36362	0.62448	25.9	null	null	13113	60
2026-05-27T16:06:06.838	WT901BLE68(F3:F0:16:BF:DC:AE)	0.188	0.790	0.685	-25.146	-7.385	11.658	51.71	-8.06	-92.38	-52.107	20.493	-0.267	-0.62909	-0.28625	0.36362	0.62448	25.9	null	null	13113	60
2026-05-27T16:06:06.924	WT901BLE68(F3:F0:16:BF:DC:AE)	0.055	0.790	0.621	-11.719	-22.644	21.729	49.43	-10.47	-92.20	-52.107	20.493	-0.267	-0.62909	-0.28625	0.36362	0.62448	25.9	null	null	13113	60
2026-05-27T16:06:07.046	WT901BLE68(F3:F0:16:BF:DC:AE)	0.055	0.828	0.432	20.935	-6.409	9.277	50.31	-12.10	-91.37	-52.107	20.493	-0.267	-0.62909	-0.28625	0.36362	0.62448	25.9	null	null	13113	60
2026-05-27T16:06:07.135	WT901BLE68(F3:F0:16:BF:DC:AE)	0.176	0.804	0.468	13.367	21.912	13.184	51.99	-11.90	-89.00	-52.107	20.493	-0.267	-0.62909	-0.28625	0.36362	0.62448	25.9	null	null	13113	60
2026-05-27T16:06:07.256	WT901BLE68(F3:F0:16:BF:DC:AE)	0.369	0.778	0.627	2.625	3.601	12.207	52.64	-12.57	-87.12	-52.107	20.493	-0.267	-0.62909	-0.28625	0.36362	0.62448	25.9	null	null	13113	60
2026-05-27T16:06:07.345	WT901BLE68(F3:F0:16:BF:DC:AE)	0.235	0.768	0.634	1.038	7.263	7.019	52.92	-13.50	-85.53	-52.107	20.493	-0.267	-0.62909	-0.28625	0.36362	0.62448	25.9	null	null	13113	60
2026-05-27T16:06:07.464	WT901BLE68(F3:F0:16:BF:DC:AE)	0.368	0.772	0.601	-1.587	7.141	9.766	52.54	-14.06	-84.06	-44.993	23.653	0.460	-0.62909	-0.28625	0.36362	0.62448	25.9	null	null	13113	60
2026-05-27T16:06:07.525	WT901BLE68(F3:F0:16:BF:DC:AE)	0.305	0.775	0.692	-2.686	-14.404	4.456	52.34	-13.97	-82.67	-44.993	23.653	0.460	-0.62909	-0.28625	0.36362	0.62448	25.9	null	null	13113	60
2026-05-27T16:06:07.641	WT901BLE68(F3:F0:16:BF:DC:AE)	0.229	0.697	0.511	0.000	8.911	-4.395	52.10	-14.24	-82.61	-44.993	23.653	0.460	-0.70432	-0.25595	0.37173	0.54782	25.9	null	null	13113	60
2026-05-27T16:06:07.740	WT901BLE68(F3:F0:16:BF:DC:AE)	0.191	0.780	0.577	-0.793	12.695	-6.653	51.23	-13.41	-81.19	-44.993	23.653	0.460	-0.70432	-0.25595	0.37173	0.54782	25.9	null	null	13113	60
2026-05-27T16:06:07.855	WT901BLE68(F3:F0:16:BF:DC:AE)	0.130	0.835	0.542	7.263	2.869	-16.113	51.47	-12.32	-80.76	-44.993	23.653	0.460	-0.70432	-0.25595	0.37173	0.54782	25.9	null	null	13113	60
2026-05-27T16:06:07.947	WT901BLE68(F3:F0:16:BF:DC:AE)	0.133	0.895	0.434	27.954	26.245	-23.987	53.72	-9.51	-80.53	-44.993	23.653	0.460	-0.70432	-0.25595	0.37173	0.54782	25.9	null	null	13113	60
2026-05-27T16:06:08.068	WT901BLE68(F3:F0:16:BF:DC:AE)	0.058	0.849	0.585	18.372	23.438	-23.376	55.98	-6.34	-79.85	-44.993	23.653	0.460	-0.70432	-0.25595	0.37173	0.54782	25.9	null	null	13113	60
2026-05-27T16:06:08.125	WT901BLE68(F3:F0:16:BF:DC:AE)	0.061	0.850	0.559	8.972	27.893	-15.259	57.18	-3.98	-78.62	-44.993	23.653	0.460	-0.70432	-0.25595	0.37173	0.54782	25.9	null	null	13113	60
2026-05-27T16:06:08.245	WT901BLE68(F3:F0:16:BF:DC:AE)	-0.005	0.833	0.527	2.930	22.278	-20.386	57.68	-0.71	-77.12	-44.993	23.653	0.460	-0.70432	-0.25595	0.37173	0.54782	25.9	null	null	13113	60
2026-05-27T16:06:08.333	WT901BLE68(F3:F0:16:BF:DC:AE)	-0.080	0.791	0.578	-15.381	-1.526	-2.808	56.59	0.14	-76.88	-53.360	23.233	-6.200	-0.70432	-0.25595	0.37173	0.54782	25.9	null	null	13113	60
2026-05-27T16:06:08.456	WT901BLE68(F3:F0:16:BF:DC:AE)	-0.056	0.815	0.604	-11.108	4.761	7.874	55.29	-0.24	-76.85	-53.360	23.233	-6.200	-0.70432	-0.25595	0.37173	0.54782	25.9	null	null	13113	60
2026-05-27T16:06:08.542	WT901BLE68(F3:F0:16:BF:DC:AE)	-0.118	0.837	0.622	-4.395	41.077	-1.709	54.53	1.02	-74.53	-53.360	23.233	-6.200	-0.69901	-0.36240	0.28464	0.54672	25.9	null	null	13113	60
2026-05-27T16:06:08.665	WT901BLE68(F3:F0:16:BF:DC:AE)	-0.121	0.839	0.553	12.329	93.567	19.043	55.41	4.47	-67.92	-53.360	23.233	-6.200	-0.69901	-0.36240	0.28464	0.54672	25.9	null	null	13113	60
2026-05-27T16:06:08.760	WT901BLE68(F3:F0:16:BF:DC:AE)	-0.116	0.867	0.585	1.404	52.673	4.578	56.83	7.42	-61.36	-53.360	23.233	-6.200	-0.69901	-0.36240	0.28464	0.54672	25.9	null	null	13113	60
2026-05-27T16:06:08.871	WT901BLE68(F3:F0:16:BF:DC:AE)	-0.101	0.886	0.408	-4.517	9.155	15.442	56.83	7.99	-59.21	-53.360	23.233	-6.200	-0.69901	-0.36240	0.28464	0.54672	25.9	null	null	13113	60
2026-05-27T16:06:08.933	WT901BLE68(F3:F0:16:BF:DC:AE)	-0.008	0.859	0.481	-4.761	-0.183	20.386	56.64	6.02	-58.74	-53.360	23.233	-6.200	-0.69901	-0.36240	0.28464	0.54672	25.9	null	null	13113	60
2026-05-27T16:06:09.057	WT901BLE68(F3:F0:16:BF:DC:AE)	-0.098	0.829	0.555	-6.714	-11.414	8.484	56.47	4.66	-58.66	-53.360	23.233	-6.200	-0.69901	-0.36240	0.28464	0.54672	25.9	null	null	13113	60
2026-05-27T16:06:09.144	WT901BLE68(F3:F0:16:BF:DC:AE)	-0.107	0.754	0.662	-18.127	-3.540	4.578	55.11	3.80	-59.25	-53.360	23.233	-6.200	-0.69901	-0.36240	0.28464	0.54672	25.9	null	null	13113	60
2026-05-27T16:06:09.263	WT901BLE68(F3:F0:16:BF:DC:AE)	-0.126	0.792	0.622	-23.865	-47.668	-15.747	52.79	3.22	-61.94	-53.287	25.887	-12.200	-0.69901	-0.36240	0.28464	0.54672	25.9	null	null	13113	60
2026-05-27T16:06:09.352	WT901BLE68(F3:F0:16:BF:DC:AE)	0.098	0.742	0.627	-19.043	-52.429	0.610	50.35	0.43	-67.34	-53.287	25.887	-12.200	-0.69901	-0.36240	0.28464	0.54672	25.9	null	null	13113	60
2026-05-27T16:06:09.473	WT901BLE68(F3:F0:16:BF:DC:AE)	0.115	0.700	0.752	-12.939	-10.559	-6.042	48.68	-0.76	-69.59	-53.287	25.887	-12.200	-0.75125	-0.34607	0.23862	0.50873	25.9	null	null	13113	60
2026-05-27T16:06:09.534	WT901BLE68(F3:F0:16:BF:DC:AE)	0.036	0.759	0.721	-2.808	-10.010	-2.563	47.94	-0.88	-70.64	-53.287	25.887	-12.200	-0.75125	-0.34607	0.23862	0.50873	25.9	null	null	13113	60
2026-05-27T16:06:09.658	WT901BLE68(F3:F0:16:BF:DC:AE)	0.095	0.760	0.637	8.850	-30.884	-0.305	48.02	-2.31	-72.70	-53.287	25.887	-12.200	-0.75125	-0.34607	0.23862	0.50873	25.9	null	null	13113	60
2026-05-27T16:06:09.746	WT901BLE68(F3:F0:16:BF:DC:AE)	0.116	0.850	0.595	14.221	-27.039	-3.113	49.52	-3.86	-74.56	-53.287	25.887	-12.200	-0.75125	-0.34607	0.23862	0.50873	25.9	null	null	13113	60
2026-05-27T16:06:09.867	WT901BLE68(F3:F0:16:BF:DC:AE)	0.026	0.791	0.620	7.263	-27.344	-4.150	51.01	-5.11	-76.25	-53.287	25.887	-12.200	-0.75125	-0.34607	0.23862	0.50873	25.9	null	null	13113	60
2026-05-27T16:06:09.956	WT901BLE68(F3:F0:16:BF:DC:AE)	0.120	0.771	0.631	2.014	-40.710	-2.136	51.61	-6.87	-78.98	-53.287	25.887	-12.200	-0.75125	-0.34607	0.23862	0.50873	25.9	null	null	13113	60
2026-05-27T16:06:10.077	WT901BLE68(F3:F0:16:BF:DC:AE)	0.158	0.758	0.591	11.475	-15.930	-5.188	52.61	-8.22	-81.40	-53.287	25.887	-12.200	-0.75125	-0.34607	0.23862	0.50873	25.9	null	null	13113	60
2026-05-27T16:06:10.134	WT901BLE68(F3:F0:16:BF:DC:AE)	0.257	0.761	0.707	19.409	50.659	-5.310	53.85	-7.25	-80.58	-46.413	25.140	0.527	-0.75125	-0.34607	0.23862	0.50873	25.9	null	null	13113	60
2026-05-27T16:06:10.287	WT901BLE68(F3:F0:16:BF:DC:AE)	0.025	0.730	0.591	-0.488	69.641	-14.221	54.18	-2.55	-75.05	-46.413	25.140	0.527	-0.75125	-0.34607	0.23862	0.50873	25.9	null	null	13113	60
2026-05-27T16:06:10.344	WT901BLE68(F3:F0:16:BF:DC:AE)	-0.146	0.795	0.280	3.906	-4.333	-14.465	54.09	1.44	-72.54	-46.413	25.140	0.527	-0.71680	-0.36804	0.26685	0.52863	25.9	null	null	13113	60
2026-05-27T16:06:10.467	WT901BLE68(F3:F0:16:BF:DC:AE)	0.057	0.837	0.536	-1.221	-55.359	-0.427	53.79	-0.83	-76.86	-46.413	25.140	0.527	-0.71680	-0.36804	0.26685	0.52863	25.9	null	null	13113	60
2026-05-27T16:06:10.553	WT901BLE68(F3:F0:16:BF:DC:AE)	0.116	0.805	0.560	13.977	-91.919	-14.465	55.11	-3.85	-82.68	-46.413	25.140	0.527	-0.71680	-0.36804	0.26685	0.52863	25.9	null	null	13113	60
2026-05-27T16:06:10.677	WT901BLE68(F3:F0:16:BF:DC:AE)	0.134	0.917	0.510	10.315	-39.368	-1.892	57.29	-6.50	-88.43	-46.413	25.140	0.527	-0.71680	-0.36804	0.26685	0.52863	25.9	null	null	13113	60
2026-05-27T16:06:10.764	WT901BLE68(F3:F0:16:BF:DC:AE)	0.204	0.822	0.563	8.118	-18.005	-10.864	58.44	-7.55	-90.07	-46.413	25.140	0.527	-0.71680	-0.36804	0.26685	0.52863	25.9	null	null	13113	60
2026-05-27T16:06:10.884	WT901BLE68(F3:F0:16:BF:DC:AE)	0.211	0.885	0.593	-1.282	-13.428	-11.841	59.18	-6.89	-89.91	-46.413	25.140	0.527	-0.71680	-0.36804	0.26685	0.52863	25.9	null	null	13113	60
2026-05-27T16:06:10.945	WT901BLE68(F3:F0:16:BF:DC:AE)	0.173	0.846	0.521	2.747	13.916	-24.353	59.02	-5.06	-88.78	-46.413	25.140	0.527	-0.71680	-0.36804	0.26685	0.52863	25.9	null	null	13113	60
2026-05-27T16:06:11.065	WT901BLE68(F3:F0:16:BF:DC:AE)	0.016	0.907	0.503	-0.671	-26.733	-21.851	59.44	-3.37	-89.70	-48.113	25.060	1.187	-0.71680	-0.36804	0.26685	0.52863	25.9	null	null	13113	60
2026-05-27T16:06:11.154	WT901BLE68(F3:F0:16:BF:DC:AE)	0.138	0.870	0.455	-24.353	-110.718	-31.311	58.68	-5.34	-96.85	-48.113	25.060	1.187	-0.71680	-0.36804	0.26685	0.52863	25.9	null	null	13113	60
2026-05-27T16:06:11.276	WT901BLE68(F3:F0:16:BF:DC:AE)	0.174	0.868	0.510	-9.949	-49.988	-32.959	57.97	-6.76	-103.51	-48.113	25.060	1.187	-0.58658	-0.28329	0.39932	0.64505	25.9	null	null	13113	60
2026-05-27T16:06:11.363	WT901BLE68(F3:F0:16:BF:DC:AE)	0.191	0.878	0.440	9.033	-30.579	-43.213	58.72	-5.81	-107.73	-48.113	25.060	1.187	-0.58658	-0.28329	0.39932	0.64505	25.9	null	null	13113	60
2026-05-27T16:06:11.487	WT901BLE68(F3:F0:16:BF:DC:AE)	-0.062	0.852	0.369	29.907	-10.437	-42.542	61.89	-2.56	-109.03	-48.113	25.060	1.187	-0.58658	-0.28329	0.39932	0.64505	25.9	null	null	13113	60
2026-05-27T16:06:11.576	WT901BLE68(F3:F0:16:BF:DC:AE)	0.000	0.869	0.495	8.606	-37.231	-24.719	63.61	-0.56	-110.98	-48.113	25.060	1.187	-0.58658	-0.28329	0.39932	0.64505	25.9	null	null	13113	60
2026-05-27T16:06:11.700	WT901BLE68(F3:F0:16:BF:DC:AE)	-0.070	0.977	0.357	8.362	-45.044	-33.386	64.74	0.63	-113.79	-48.113	25.060	1.187	-0.58658	-0.28329	0.39932	0.64505	25.9	null	null	13113	60
2026-05-27T16:06:11.754	WT901BLE68(F3:F0:16:BF:DC:AE)	-0.032	0.913	0.546	-1.282	-35.889	-9.338	64.90	0.70	-117.04	-48.113	25.060	1.187	-0.58658	-0.28329	0.39932	0.64505	25.9	null	null	13113	60
2026-05-27T16:06:11.876	WT901BLE68(F3:F0:16:BF:DC:AE)	-0.036	0.898	0.383	3.540	-30.273	-8.911	64.86	0.00	-119.00	-48.113	25.060	1.187	-0.58658	-0.28329	0.39932	0.64505	25.9	null	null	13113	60
2026-05-27T16:06:11.962	WT901BLE68(F3:F0:16:BF:DC:AE)	0.051	0.913	0.406	0.000	-39.368	-3.540	65.04	-0.67	-120.66	-44.947	19.493	9.393	-0.58658	-0.28329	0.39932	0.64505	25.9	null	null	13113	60
2026-05-27T16:06:12.085	WT901BLE68(F3:F0:16:BF:DC:AE)	0.093	0.938	0.410	1.221	-64.331	-8.972	65.10	-2.44	-123.77	-44.947	19.493	9.393	-0.58658	-0.28329	0.39932	0.64505	25.9	null	null	13113	60
2026-05-27T16:06:12.174	WT901BLE68(F3:F0:16:BF:DC:AE)	0.065	0.906	0.422	-18.311	-53.162	-6.836	64.77	-3.74	-127.14	-44.947	19.493	9.393	-0.39908	-0.22717	0.48880	0.74167	25.9	null	null	13113	60
2026-05-27T16:06:12.297	WT901BLE68(F3:F0:16:BF:DC:AE)	0.210	0.943	0.366	-29.114	-70.862	-7.813	62.77	-5.56	-130.44	-44.947	19.493	9.393	-0.39908	-0.22717	0.48880	0.74167	25.9	null	null	13113	60
2026-05-27T16:06:12.353	WT901BLE68(F3:F0:16:BF:DC:AE)	0.159	0.892	0.558	-22.827	-45.776	-22.888	61.25	-6.91	-134.91	-44.947	19.493	9.393	-0.39908	-0.22717	0.48880	0.74167	25.9	null	null	13113	60
2026-05-27T16:06:12.476	WT901BLE68(F3:F0:16:BF:DC:AE)	0.146	0.891	0.354	-28.198	-70.679	-22.888	59.77	-7.83	-139.22	-44.947	19.493	9.393	-0.39908	-0.22717	0.48880	0.74167	25.9	null	null	13113	60
2026-05-27T16:06:12.567	WT901BLE68(F3:F0:16:BF:DC:AE)	0.271	0.900	0.547	-34.607	-69.946	-19.592	58.25	-9.38	-144.88	-44.947	19.493	9.393	-0.39908	-0.22717	0.48880	0.74167	25.9	null	null	13113	60
2026-05-27T16:06:12.686	WT901BLE68(F3:F0:16:BF:DC:AE)	0.219	0.859	0.435	-49.500	-118.347	20.935	55.56	-14.52	-149.83	-44.947	19.493	9.393	-0.39908	-0.22717	0.48880	0.74167	25.9	null	null	13113	60
2026-05-27T16:06:12.774	WT901BLE68(F3:F0:16:BF:DC:AE)	0.322	0.631	0.587	-22.095	-34.790	-0.793	53.91	-19.58	-153.62	-44.947	19.493	9.393	-0.39908	-0.22717	0.48880	0.74167	25.9	null	null	13113	60
2026-05-27T16:06:12.894	WT901BLE68(F3:F0:16:BF:DC:AE)	0.457	0.628	0.782	-16.785	-26.672	-18.372	53.43	-20.91	-155.98	-11.180	5.440	17.767	-0.39908	-0.22717	0.48880	0.74167	25.9	null	null	13113	60
2026-05-27T16:06:12.984	WT901BLE68(F3:F0:16:BF:DC:AE)	0.342	0.979	0.900	-20.935	-4.944	-32.410	52.36	-19.81	-157.03	-11.180	5.440	17.767	-0.39908	-0.22717	0.48880	0.74167	25.9	null	null	13113	60
2026-05-27T16:06:13.102	WT901BLE68(F3:F0:16:BF:DC:AE)	0.232	0.590	0.435	-66.772	-34.607	5.798	47.55	-19.54	-157.87	-11.180	5.440	17.767	-0.24643	0.05978	0.44501	0.85883	25.9	null	null	13113	60
2026-05-27T16:06:13.162	WT901BLE68(F3:F0:16:BF:DC:AE)	0.514	0.437	0.560	-7.996	-55.786	12.451	44.41	-20.57	-156.97	-11.180	5.440	17.767	-0.24643	0.05978	0.44501	0.85883	25.9	null	null	13113	60
2026-05-27T16:06:13.285	WT901BLE68(F3:F0:16:BF:DC:AE)	0.294	0.466	0.678	-5.554	57.678	64.514	42.07	-22.40	-149.17	-11.180	5.440	17.767	-0.24643	0.05978	0.44501	0.85883	25.9	null	null	13113	60
2026-05-27T16:06:13.373	WT901BLE68(F3:F0:16:BF:DC:AE)	0.306	0.445	0.553	61.768	103.149	22.888	41.69	-20.74	-140.95	-11.180	5.440	17.767	-0.24643	0.05978	0.44501	0.85883	25.9	null	null	13113	60
2026-05-27T16:06:13.500	WT901BLE68(F3:F0:16:BF:DC:AE)	0.141	0.846	0.682	66.528	83.618	-11.597	46.12	-14.43	-132.70	-11.180	5.440	17.767	-0.24643	0.05978	0.44501	0.85883	25.9	null	null	13113	60
2026-05-27T16:06:13.585	WT901BLE68(F3:F0:16:BF:DC:AE)	-0.069	1.021	0.698	4.761	-1.831	-11.658	49.13	-9.80	-129.51	-11.180	5.440	17.767	-0.24643	0.05978	0.44501	0.85883	25.9	null	null	13113	60
2026-05-27T16:06:13.706	WT901BLE68(F3:F0:16:BF:DC:AE)	-0.050	0.740	0.649	3.052	-15.076	-18.921	49.73	-9.32	-130.22	-11.180	5.440	17.767	-0.24643	0.05978	0.44501	0.85883	25.9	null	null	13113	60
2026-05-27T16:06:13.764	WT901BLE68(F3:F0:16:BF:DC:AE)	0.084	0.609	0.741	11.963	-0.977	-15.808	50.73	-9.04	-131.89	-11.180	5.440	17.767	-0.24643	0.05978	0.44501	0.85883	25.9	null	null	13113	75
2026-05-27T16:06:13.885	WT901BLE68(F3:F0:16:BF:DC:AE)	0.266	0.698	0.754	-21.545	-8.972	2.869	49.82	-9.15	-132.67	-11.180	5.440	17.767	-0.24643	0.05978	0.44501	0.85883	25.9	null	null	13113	75
2026-05-27T16:06:13.974	WT901BLE68(F3:F0:16:BF:DC:AE)	0.005	0.702	0.575	4.395	-3.784	-30.396	48.28	-7.56	-130.66	-11.180	5.440	17.767	-0.24643	0.05978	0.44501	0.85883	25.9	null	null	13113	75
2026-05-27T16:06:14.092	WT901BLE68(F3:F0:16:BF:DC:AE)	0.145	0.715	0.429	49.622	-83.130	-28.381	52.38	-6.56	-133.99	-11.180	5.440	17.767	-0.24643	0.05978	0.44501	0.85883	25.9	null	null	13113	75
2026-05-27T16:06:14.189	WT901BLE68(F3:F0:16:BF:DC:AE)	-0.209	0.995	0.744	18.799	-21.484	-30.151	56.33	-6.75	-136.93	-11.180	5.440	17.767	-0.24643	0.05978	0.44501	0.85883	25.9	null	null	13113	75
2026-05-27T16:06:14.304	WT901BLE68(F3:F0:16:BF:DC:AE)	0.095	0.773	0.632	-21.790	-44.006	-16.724	55.39	-8.52	-142.65	-20.887	10.720	17.947	-0.24643	0.05978	0.44501	0.85883	25.9	null	null	13113	75
2026-05-27T16:06:14.395	WT901BLE68(F3:F0:16:BF:DC:AE)	0.078	0.802	0.588	-23.438	-46.509	-25.269	53.61	-9.15	-145.04	-20.887	10.720	17.947	-0.24643	0.05978	0.44501	0.85883	25.9	null	null	13113	75
2026-05-27T16:06:14.515	WT901BLE68(F3:F0:16:BF:DC:AE)	0.059	0.804	0.622	-20.020	-40.100	-33.325	52.52	-9.43	-149.00	-20.887	10.720	17.947	-0.29019	-0.05957	0.44836	0.84326	25.9	null	null	13113	75
2026-05-27T16:06:14.573	WT901BLE68(F3:F0:16:BF:DC:AE)	0.086	0.821	0.682	-19.470	-50.537	-49.805	51.65	-8.81	-153.26	-20.887	10.720	17.947	-0.29019	-0.05957	0.44836	0.84326	25.9	null	null	13113	75
2026-05-27T16:06:14.694	WT901BLE68(F3:F0:16:BF:DC:AE)	0.279	0.908	0.247	25.940	65.430	-33.997	52.66	-7.59	-156.54	-20.887	10.720	17.947	-0.29019	-0.05957	0.44836	0.84326	25.9	null	null	13113	75
2026-05-27T16:06:14.816	WT901BLE68(F3:F0:16:BF:DC:AE)	-0.083	0.832	0.818	13.855	1.221	-48.706	55.06	-4.15	-156.20	-20.887	10.720	17.947	-0.29019	-0.05957	0.44836	0.84326	25.9	null	null	13113	75
2026-05-27T16:06:14.905	WT901BLE68(F3:F0:16:BF:DC:AE)	0.008	0.750	0.479	14.648	-7.080	-11.353	56.69	-2.15	-154.29	-20.887	10.720	17.947	-0.29019	-0.05957	0.44836	0.84326	25.9	null	null	13113	75
2026-05-27T16:06:14.990	WT901BLE68(F3:F0:16:BF:DC:AE)	-0.013	0.894	0.490	11.047	-40.710	-11.108	58.40	-1.95	-153.09	-20.887	10.720	17.947	-0.29019	-0.05957	0.44836	0.84326	25.9	null	null	13113	75
2026-05-27T16:06:15.116	WT901BLE68(F3:F0:16:BF:DC:AE)	0.089	0.816	0.623	0.488	-50.171	-11.169	59.07	-3.69	-156.26	-20.887	10.720	17.947	-0.29019	-0.05957	0.44836	0.84326	25.9	null	null	13113	75
2026-05-27T16:06:15.173	WT901BLE68(F3:F0:16:BF:DC:AE)	0.145	0.793	0.626	-20.813	-35.767	13.000	57.58	-5.83	-154.47	-12.620	15.220	9.673	-0.29019	-0.05957	0.44836	0.84326	25.9	null	null	13113	75
2026-05-27T16:06:15.295	WT901BLE68(F3:F0:16:BF:DC:AE)	0.079	0.795	0.594	-14.099	-28.259	-3.723	55.83	-7.94	-152.80	-12.620	15.220	9.673	-0.29019	-0.05957	0.44836	0.84326	25.9	null	null	13113	75
2026-05-27T16:06:15.383	WT901BLE68(F3:F0:16:BF:DC:AE)	0.211	0.819	0.628	-2.258	-42.358	-10.071	55.04	-9.88	-152.83	-12.620	15.220	9.673	-0.24368	-0.04639	0.46603	0.84921	25.9	null	null	13113	75
2026-05-27T16:06:15.537	WT901BLE68(F3:F0:16:BF:DC:AE)	0.143	0.867	0.531	14.099	6.165	-0.854	55.78	-10.98	-150.73	-12.620	15.220	9.673	-0.24368	-0.04639	0.46603	0.84921	25.9	null	null	13113	75
2026-05-27T16:06:15.593	WT901BLE68(F3:F0:16:BF:DC:AE)	0.271	0.819	0.458	-5.249	-15.625	0.488	56.11	-11.17	-147.16	-12.620	15.220	9.673	-0.24368	-0.04639	0.46603	0.84921	25.9	null	null	13113	75
2026-05-27T16:06:15.718	WT901BLE68(F3:F0:16:BF:DC:AE)	0.138	0.858	0.592	-3.662	-5.432	4.639	55.91	-11.59	-143.73	-12.620	15.220	9.673	-0.24368	-0.04639	0.46603	0.84921	25.9	null	null	13113	75
2026-05-27T16:06:15.807	WT901BLE68(F3:F0:16:BF:DC:AE)	0.285	0.733	0.483	-14.709	-26.306	-10.803	55.70	-14.58	-145.21	-12.620	15.220	9.673	-0.24368	-0.04639	0.46603	0.84921	25.9	null	null	13113	75
2026-05-27T16:06:15.925	WT901BLE68(F3:F0:16:BF:DC:AE)	0.300	0.722	0.500	-10.925	-31.799	-8.728	55.07	-14.94	-142.90	-12.620	15.220	9.673	-0.24368	-0.04639	0.46603	0.84921	25.9	null	null	13113	75
2026-05-27T16:06:15.983	WT901BLE68(F3:F0:16:BF:DC:AE)	0.235	0.833	0.578	-12.268	-39.124	-29.785	54.87	-15.08	-142.20	-12.620	15.220	9.673	-0.24368	-0.04639	0.46603	0.84921	25.9	null	null	13113	75
2026-05-27T16:06:16.105	WT901BLE68(F3:F0:16:BF:DC:AE)	0.304	0.839	0.529	13.062	-17.090	-44.189	55.75	-14.36	-142.39	-2.953	11.200	1.367	-0.24368	-0.04639	0.46603	0.84921	25.9	null	null	13113	75
2026-05-27T16:06:16.195	WT901BLE68(F3:F0:16:BF:DC:AE)	0.177	0.938	0.396	12.939	27.405	-40.649	57.72	-9.61	-138.67	-2.953	11.200	1.367	-0.24368	-0.04639	0.46603	0.84921	25.9	null	null	13113	75
2026-05-27T16:06:16.315	WT901BLE68(F3:F0:16:BF:DC:AE)	0.183	0.837	0.636	0.122	-8.301	-18.311	58.29	-7.79	-135.76	-2.953	11.200	1.367	-0.34949	-0.11398	0.47458	0.79971	25.9	null	null	13113	75
2026-05-27T16:06:16.404	WT901BLE68(F3:F0:16:BF:DC:AE)	0.058	0.819	0.464	-3.784	-14.282	-9.888	58.40	-6.70	-132.37	-2.953	11.200	1.367	-0.34949	-0.11398	0.47458	0.79971	25.9	null	null	13113	75
2026-05-27T16:06:16.527	WT901BLE68(F3:F0:16:BF:DC:AE)	0.122	0.833	0.649	-11.536	-3.845	8.301	57.62	-7.28	-128.30	-2.953	11.200	1.367	-0.34949	-0.11398	0.47458	0.79971	25.9	null	null	13113	75
2026-05-27T16:06:16.582	WT901BLE68(F3:F0:16:BF:DC:AE)	-0.003	0.783	0.637	-22.217	-32.471	4.822	56.27	-8.25	-123.34	-2.953	11.200	1.367	-0.34949	-0.11398	0.47458	0.79971	25.9	null	null	13113	75
2026-05-27T16:06:16.710	WT901BLE68(F3:F0:16:BF:DC:AE)	0.155	0.763	0.658	-23.438	-15.137	13.672	54.07	-10.25	-120.09	-2.953	11.200	1.367	-0.34949	-0.11398	0.47458	0.79971	25.9	null	null	13113	75
2026-05-27T16:06:16.793	WT901BLE68(F3:F0:16:BF:DC:AE)	0.092	0.841	0.526	-16.724	-24.658	22.095	51.66	-12.77	-115.63	-2.953	11.200	1.367	-0.34949	-0.11398	0.47458	0.79971	25.9	null	null	13113	75
2026-05-27T16:06:16.918	WT901BLE68(F3:F0:16:BF:DC:AE)	0.244	0.780	0.594	5.615	17.456	2.686	51.04	-14.38	-111.28	-2.953	11.200	1.367	-0.34949	-0.11398	0.47458	0.79971	25.9	null	null	13113	75
2026-05-27T16:06:17.005	WT901BLE68(F3:F0:16:BF:DC:AE)	0.312	0.747	0.508	1.221	-0.488	1.770	51.48	-13.62	-105.31	-1.267	11.220	-2.573	-0.34949	-0.11398	0.47458	0.79971	25.9	null	null	13113	75
2026-05-27T16:06:17.126	WT901BLE68(F3:F0:16:BF:DC:AE)	0.173	0.778	0.558	7.385	11.475	-0.122	51.70	-13.58	-100.13	-1.267	11.220	-2.573	-0.34949	-0.11398	0.47458	0.79971	25.9	null	null	13113	75
2026-05-27T16:06:17.184	WT901BLE68(F3:F0:16:BF:DC:AE)	0.181	0.709	0.597	-6.958	0.244	-0.427	51.70	-13.61	-95.40	-1.267	11.220	-2.573	-0.62701	-0.20618	0.39694	0.63770	25.9	null	null	13113	75
2026-05-27T16:06:17.342	WT901BLE68(F3:F0:16:BF:DC:AE)	0.295	0.785	0.712	-18.005	2.869	-6.592	50.65	-13.52	-91.68	-1.267	11.220	-2.573	-0.62701	-0.20618	0.39694	0.63770	25.9	null	null	13113	75
2026-05-27T16:06:17.426	WT901BLE68(F3:F0:16:BF:DC:AE)	0.277	0.773	0.539	-14.832	-27.039	-10.559	49.52	-13.71	-88.94	-1.267	11.220	-2.573	-0.62701	-0.20618	0.39694	0.63770	25.9	null	null	13113	75
2026-05-27T16:06:17.517	WT901BLE68(F3:F0:16:BF:DC:AE)	0.201	0.799	0.612	6.348	-1.648	-18.372	49.63	-13.47	-86.75	-1.267	11.220	-2.573	-0.62701	-0.20618	0.39694	0.63770	25.9	null	null	13113	75
2026-05-27T16:06:17.607	WT901BLE68(F3:F0:16:BF:DC:AE)	0.125	0.796	0.580	28.931	3.906	-23.926	52.06	-11.79	-84.14	-1.267	11.220	-2.573	-0.62701	-0.20618	0.39694	0.63770	25.9	null	null	13113	75
2026-05-27T16:06:17.724	WT901BLE68(F3:F0:16:BF:DC:AE)	0.165	0.817	0.483	10.071	5.127	-17.639	54.25	-9.09	-81.34	-1.267	11.220	-2.573	-0.62701	-0.20618	0.39694	0.63770	25.9	null	null	13113	75
2026-05-27T16:06:17.813	WT901BLE68(F3:F0:16:BF:DC:AE)	0.121	0.835	0.672	7.019	17.700	-21.851	55.13	-8.10	-78.32	-1.267	11.220	-2.573	-0.62701	-0.20618	0.39694	0.63770	25.9	null	null	13113	75
2026-05-27T16:06:17.933	WT901BLE68(F3:F0:16:BF:DC:AE)	0.196	0.835	0.626	-6.104	-3.174	-2.869	55.33	-6.88	-75.76	-3.387	15.220	-7.333	-0.62701	-0.20618	0.39694	0.63770	25.9	null	null	13113	75
2026-05-27T16:06:17.995	WT901BLE68(F3:F0:16:BF:DC:AE)	0.238	0.795	0.676	-7.507	-0.366	1.587	54.64	-7.38	-73.27	-3.387	15.220	-7.333	-0.72665	-0.33322	0.32056	0.50803	25.9	null	null	13113	75
2026-05-27T16:06:18.118	WT901BLE68(F3:F0:16:BF:DC:AE)	0.222	0.813	0.644	-12.634	-4.395	9.949	53.56	-7.93	-70.09	-3.387	15.220	-7.333	-0.72665	-0.33322	0.32056	0.50803	25.9	null	null	13113	75
2026-05-27T16:06:18.205	WT901BLE68(F3:F0:16:BF:DC:AE)	-0.003	0.815	0.617	-10.132	1.526	0.244	52.20	-8.86	-66.98	-3.387	15.220	-7.333	-0.72665	-0.33322	0.32056	0.50803	25.9	null	null	13113	75
2026-05-27T16:06:18.356	WT901BLE68(F3:F0:16:BF:DC:AE)	0.452	0.839	0.592	11.230	3.174	12.024	52.29	-9.66	-64.36	-3.387	15.220	-7.333	-0.72665	-0.33322	0.32056	0.50803	25.9	null	null	13113	75
2026-05-27T16:06:18.416	WT901BLE68(F3:F0:16:BF:DC:AE)	0.079	0.871	0.418	22.949	36.621	1.953	54.33	-8.18	-59.30	-3.387	15.220	-7.333	-0.72665	-0.33322	0.32056	0.50803	25.9	null	null	13113	75
2026-05-27T16:06:18.534	WT901BLE68(F3:F0:16:BF:DC:AE)	0.323	0.885	0.521	1.953	21.545	10.742	55.22	-7.65	-55.03	-3.387	15.220	-7.333	-0.72665	-0.33322	0.32056	0.50803	25.9	null	null	13113	75
2026-05-27T16:06:18.626	WT901BLE68(F3:F0:16:BF:DC:AE)	0.136	0.788	0.584	-9.949	12.268	0.122	55.00	-7.04	-51.36	-3.387	15.220	-7.333	-0.72665	-0.33322	0.32056	0.50803	25.9	null	null	13113	75
2026-05-27T16:06:18.746	WT901BLE68(F3:F0:16:BF:DC:AE)	0.178	0.797	0.630	-17.334	-13.428	-0.061	53.52	-7.84	-49.06	-3.387	15.220	-7.333	-0.72665	-0.33322	0.32056	0.50803	25.9	null	null	13113	75
2026-05-27T16:06:18.803	WT901BLE68(F3:F0:16:BF:DC:AE)	0.338	0.731	0.545	-9.949	-21.851	6.470	52.34	-8.93	-47.90	-1.273	15.513	-9.860	-0.72665	-0.33322	0.32056	0.50803	25.9	null	null	13113	75
2026-05-27T16:06:18.923	WT901BLE68(F3:F0:16:BF:DC:AE)	0.121	0.771	0.617	-11.292	-7.446	-8.118	51.11	-9.38	-45.71	-1.273	15.513	-9.860	-0.72665	-0.33322	0.32056	0.50803	25.9	null	null	13113	75
2026-05-27T16:06:19.011	WT901BLE68(F3:F0:16:BF:DC:AE)	0.118	0.767	0.444	1.770	-1.831	-12.268	50.40	-8.84	-43.84	-1.273	15.513	-9.860	-0.84512	-0.36606	0.23083	0.31366	25.9	null	null	13113	75
2026-05-27T16:06:19.135	WT901BLE68(F3:F0:16:BF:DC:AE)	0.097	0.821	0.588	4.395	-10.986	-14.893	51.00	-8.44	-43.15	-1.273	15.513	-9.860	-0.84512	-0.36606	0.23083	0.31366	25.9	null	null	13113	75
2026-05-27T16:06:19.224	WT901BLE68(F3:F0:16:BF:DC:AE)	-0.085	0.804	0.487	26.855	21.423	-17.639	53.15	-7.48	-42.51	-1.273	15.513	-9.860	-0.84512	-0.36606	0.23083	0.31366	25.9	null	null	13113	75
2026-05-27T16:06:19.348	WT901BLE68(F3:F0:16:BF:DC:AE)	0.115	0.792	0.572	8.057	-8.667	-6.775	54.72	-6.34	-41.80	-1.273	15.513	-9.860	-0.84512	-0.36606	0.23083	0.31366	25.9	null	null	13113	75
2026-05-27T16:06:19.405	WT901BLE68(F3:F0:16:BF:DC:AE)	0.170	0.831	0.558	10.254	14.832	-12.939	55.72	-5.12	-40.15	-1.273	15.513	-9.860	-0.84512	-0.36606	0.23083	0.31366	25.9	null	null	13113	75
2026-05-27T16:06:19.528	WT901BLE68(F3:F0:16:BF:DC:AE)	0.029	0.814	0.636	-8.057	-19.653	2.014	55.49	-5.09	-39.09	-1.273	15.513	-9.860	-0.84512	-0.36606	0.23083	0.31366	25.9	null	null	13113	75
2026-05-27T16:06:19.615	WT901BLE68(F3:F0:16:BF:DC:AE)	0.093	0.831	0.609	-9.216	-5.066	4.639	54.49	-5.93	-38.33	-1.273	15.513	-9.860	-0.84512	-0.36606	0.23083	0.31366	25.9	null	null	13113	75
2026-05-27T16:06:19.737	WT901BLE68(F3:F0:16:BF:DC:AE)	-0.044	0.837	0.562	-9.705	-18.799	8.850	53.55	-7.20	-37.10	-4.253	20.813	-15.380	-0.84512	-0.36606	0.23083	0.31366	25.9	null	null	13113	75
2026-05-27T16:06:19.825	WT901BLE68(F3:F0:16:BF:DC:AE)	0.159	0.829	0.583	-1.343	-20.630	14.587	53.27	-9.46	-36.33	-4.253	20.813	-15.380	-0.84512	-0.36606	0.23083	0.31366	25.9	null	null	13113	75
2026-05-27T16:06:19.944	WT901BLE68(F3:F0:16:BF:DC:AE)	0.264	0.802	0.536	13.367	-22.400	13.794	54.23	-12.29	-36.07	-4.253	20.813	-15.380	-0.85809	-0.40030	0.21564	0.23834	25.9	null	null	13113	75
2026-05-27T16:06:20.006	WT901BLE68(F3:F0:16:BF:DC:AE)	0.203	0.803	0.564	13.916	12.085	14.709	55.77	-13.48	-33.92	-4.253	20.813	-15.380	-0.85809	-0.40030	0.21564	0.23834	25.9	null	null	13113	75
2026-05-27T16:06:20.154	WT901BLE68(F3:F0:16:BF:DC:AE)	0.260	0.816	0.526	-7.813	-22.827	2.808	55.82	-14.06	-31.69	-4.253	20.813	-15.380	-0.85809	-0.40030	0.21564	0.23834	25.9	null	null	13113	75
2026-05-27T16:06:20.214	WT901BLE68(F3:F0:16:BF:DC:AE)	0.235	0.790	0.548	-5.920	15.015	7.813	55.21	-14.69	-29.87	-4.253	20.813	-15.380	-0.85809	-0.40030	0.21564	0.23834	25.9	null	null	13113	75
2026-05-27T16:06:20.338	WT901BLE68(F3:F0:16:BF:DC:AE)	0.300	0.731	0.637	-1.770	96.985	0.793	53.17	-12.41	-24.17	-4.253	20.813	-15.380	-0.85809	-0.40030	0.21564	0.23834	25.9	null	null	13113	75
2026-05-27T16:06:20.428	WT901BLE68(F3:F0:16:BF:DC:AE)	0.185	0.796	0.629	-3.662	44.495	-16.357	52.09	-7.70	-19.09	-4.253	20.813	-15.380	-0.85809	-0.40030	0.21564	0.23834	25.9	null	null	13113	75
2026-05-27T16:06:20.545	WT901BLE68(F3:F0:16:BF:DC:AE)	0.132	0.712	0.530	-24.109	62.256	6.775	49.64	-3.74	-13.31	-4.253	20.813	-15.380	-0.85809	-0.40030	0.21564	0.23834	25.9	null	null	13113	75
2026-05-27T16:06:20.633	WT901BLE68(F3:F0:16:BF:DC:AE)	-0.505	0.849	0.178	37.415	-91.187	-44.678	51.10	-3.20	-14.66	-3.440	21.607	-11.840	-0.85809	-0.40030	0.21564	0.23834	25.9	null	null	13113	75
2026-05-27T16:06:20.757	WT901BLE68(F3:F0:16:BF:DC:AE)	0.043	0.903	0.820	24.719	-49.683	-12.695	55.17	-6.03	-22.69	-3.440	21.607	-11.840	-0.85809	-0.40030	0.21564	0.23834	25.9	null	null	13113	75
2026-05-27T16:06:20.812	WT901BLE68(F3:F0:16:BF:DC:AE)	-0.001	0.804	0.628	4.456	-4.700	-31.372	56.21	-5.09	-26.09	-3.440	21.607	-11.840	-0.86627	-0.44669	0.14825	0.16730	25.9	null	null	13113	75
2026-05-27T16:06:20.934	WT901BLE68(F3:F0:16:BF:DC:AE)	0.088	0.845	0.637	-3.235	-13.123	-10.254	56.41	-3.97	-27.11	-3.440	21.607	-11.840	-0.86627	-0.44669	0.14825	0.16730	25.9	null	null	13113	75
2026-05-27T16:06:21.026	WT901BLE68(F3:F0:16:BF:DC:AE)	-0.040	0.825	0.588	-8.850	-1.282	-6.775	55.91	-3.76	-27.28	-3.440	21.607	-11.840	-0.86627	-0.44669	0.14825	0.16730	25.9	null	null	13113	75
2026-05-27T16:06:21.147	WT901BLE68(F3:F0:16:BF:DC:AE)	0.094	0.776	0.558	-7.263	-15.381	-0.854	54.95	-4.09	-27.70	-3.440	21.607	-11.840	-0.86627	-0.44669	0.14825	0.16730	25.9	null	null	13113	75
2026-05-27T16:06:21.235	WT901BLE68(F3:F0:16:BF:DC:AE)	0.034	0.794	0.483	-10.254	-5.798	-5.554	53.85	-4.64	-28.09	-3.440	21.607	-11.840	-0.86627	-0.44669	0.14825	0.16730	25.9	null	null	13113	75
2026-05-27T16:06:21.354	WT901BLE68(F3:F0:16:BF:DC:AE)	0.065	0.754	0.667	-6.226	-17.822	4.150	52.45	-5.01	-27.81	-3.440	21.607	-11.840	-0.86627	-0.44669	0.14825	0.16730	25.9	null	null	13113	75
2026-05-27T16:06:21.414	WT901BLE68(F3:F0:16:BF:DC:AE)	0.131	0.839	0.497	17.822	-9.277	1.892	53.16	-6.11	-28.52	-8.133	30.340	-23.113	-0.86627	-0.44669	0.14825	0.16730	25.9	null	null	13113	75
2026-05-27T16:06:21.569	WT901BLE68(F3:F0:16:BF:DC:AE)	0.087	0.917	0.397	28.687	13.916	6.958	55.61	-6.54	-27.04	-8.133	30.340	-23.113	-0.86627	-0.44669	0.14825	0.16730	25.9	null	null	13113	75
2026-05-27T16:06:21.623	WT901BLE68(F3:F0:16:BF:DC:AE)	0.108	0.812	0.575	0.366	-4.028	-4.578	57.05	-6.43	-25.39	-8.133	30.340	-23.113	-0.86176	-0.45380	0.15314	0.16693	25.9	null	null	13113	75
2026-05-27T16:06:21.745	WT901BLE68(F3:F0:16:BF:DC:AE)	0.172	0.811	0.557	3.357	-5.676	1.648	57.39	-6.76	-25.24	-8.133	30.340	-23.113	-0.86176	-0.45380	0.15314	0.16693	25.9	null	null	13113	75
2026-05-27T16:06:21.867	WT901BLE68(F3:F0:16:BF:DC:AE)	0.058	0.809	0.563	-15.686	-33.813	-2.502	57.02	-7.37	-25.50	-8.133	30.340	-23.113	-0.86176	-0.45380	0.15314	0.16693	25.9	null	null	13113	75
2026-05-27T16:06:21.953	WT901BLE68(F3:F0:16:BF:DC:AE)	0.327	0.808	0.539	-21.667	-49.438	-17.517	55.59	-9.61	-30.68	-8.133	30.340	-23.113	-0.86176	-0.45380	0.15314	0.16693	25.9	null	null	13113	75
2026-05-27T16:06:22.043	WT901BLE68(F3:F0:16:BF:DC:AE)	0.058	0.807	0.280	-24.292	-13.977	11.230	53.32	-11.16	-32.73	-8.133	30.340	-23.113	-0.86176	-0.45380	0.15314	0.16693	25.9	null	null	13113	75
2026-05-27T16:06:22.197	WT901BLE68(F3:F0:16:BF:DC:AE)	0.319	0.791	0.508	-8.606	-33.203	-30.396	52.81	-13.21	-36.36	-8.133	30.340	-23.113	-0.86176	-0.45380	0.15314	0.16693	25.9	null	null	13113	75
2026-05-27T16:06:22.221	WT901BLE68(F3:F0:16:BF:DC:AE)	0.186	0.747	0.606	22.278	-17.456	-27.832	54.65	-12.54	-39.71	-8.133	30.340	-23.113	-0.86176	-0.45380	0.15314	0.16693	25.9	null	null	13113	75
2026-05-27T16:06:22.345	WT901BLE68(F3:F0:16:BF:DC:AE)	0.186	0.826	0.564	7.080	-28.625	-26.184	57.06	-11.27	-41.56	-8.133	30.340	-23.113	-0.86176	-0.45380	0.15314	0.16693	25.9	null	null	13113	75
2026-05-27T16:06:22.435	WT901BLE68(F3:F0:16:BF:DC:AE)	0.153	0.794	0.550	-2.747	-70.923	-17.700	58.20	-11.78	-45.26	-16.313	37.473	-31.367	-0.86176	-0.45380	0.15314	0.16693	25.9	null	null	13113	75
2026-05-27T16:06:22.555	WT901BLE68(F3:F0:16:BF:DC:AE)	0.186	0.860	0.644	7.935	4.395	-9.399	58.83	-12.11	-46.89	-16.313	37.473	-31.367	-0.86176	-0.45380	0.15314	0.16693	25.9	null	null	13113	75
2026-05-27T16:06:22.642	WT901BLE68(F3:F0:16:BF:DC:AE)	0.104	0.816	0.479	-2.808	-30.151	-2.136	59.05	-11.87	-46.40	-16.313	37.473	-31.367	-0.81537	-0.41483	0.27563	0.29495	25.9	null	null	13113	75
2026-05-27T16:06:22.769	WT901BLE68(F3:F0:16:BF:DC:AE)	0.316	0.819	0.538	-13.428	-49.561	4.272	58.66	-14.16	-48.38	-16.313	37.473	-31.367	-0.81537	-0.41483	0.27563	0.29495	25.9	null	null	13113	75
2026-05-27T16:06:22.822	WT901BLE68(F3:F0:16:BF:DC:AE)	0.351	0.855	0.525	-11.963	-66.711	-13.123	58.22	-16.88	-51.99	-16.313	37.473	-31.367	-0.81537	-0.41483	0.27563	0.29495	25.9	null	null	13113	75
2026-05-27T16:06:22.976	WT901BLE68(F3:F0:16:BF:DC:AE)	0.281	0.833	0.376	-17.395	-43.640	-11.658	58.59	-18.48	-55.36	-16.313	37.473	-31.367	-0.81537	-0.41483	0.27563	0.29495	25.9	null	null	13113	75
2026-05-27T16:06:23.033	WT901BLE68(F3:F0:16:BF:DC:AE)	0.233	0.720	0.527	-29.114	-79.407	-9.888	57.89	-20.28	-59.85	-16.313	37.473	-31.367	-0.81537	-0.41483	0.27563	0.29495	25.9	null	null	13113	75
2026-05-27T16:06:23.159	WT901BLE68(F3:F0:16:BF:DC:AE)	0.375	0.750	0.521	-17.517	-71.777	5.615	58.25	-23.95	-64.71	-16.313	37.473	-31.367	-0.81537	-0.41483	0.27563	0.29495	25.9	null	null	13113	75
2026-05-27T16:06:23.249	WT901BLE68(F3:F0:16:BF:DC:AE)	0.406	0.779	0.414	-36.499	-89.417	-4.028	58.61	-28.49	-70.06	-16.313	37.473	-31.367	-0.81537	-0.41483	0.27563	0.29495	25.9	null	null	13113	75
2026-05-27T16:06:23.364	WT901BLE68(F3:F0:16:BF:DC:AE)	0.236	0.654	0.353	-32.288	-71.960	-37.415	58.68	-30.20	-76.25	-27.627	42.727	-25.520	-0.81537	-0.41483	0.27563	0.29495	25.9	null	null	13113	75
2026-05-27T16:06:23.458	WT901BLE68(F3:F0:16:BF:DC:AE)	0.582	0.725	0.865	-0.488	21.606	-58.044	61.01	-27.97	-83.84	-27.627	42.727	-25.520	-0.70871	-0.21988	0.48773	0.45978	25.9	null	null	13113	75
2026-05-27T16:06:23.576	WT901BLE68(F3:F0:16:BF:DC:AE)	0.550	0.781	0.329	-9.033	-16.479	-40.588	62.05	-24.90	-87.13	-27.627	42.727	-25.520	-0.70871	-0.21988	0.48773	0.45978	25.9	null	null	13113	75
2026-05-27T16:06:23.634	WT901BLE68(F3:F0:16:BF:DC:AE)	0.437	0.833	0.472	-0.122	5.859	-39.185	62.38	-21.48	-86.78	-27.627	42.727	-25.520	-0.70871	-0.21988	0.48773	0.45978	25.9	null	null	13113	75
2026-05-27T16:06:23.755	WT901BLE68(F3:F0:16:BF:DC:AE)	0.371	0.804	0.459	-7.080	-41.199	-22.705	63.05	-19.40	-88.51	-27.627	42.727	-25.520	-0.70871	-0.21988	0.48773	0.45978	25.9	null	null	13113	75
2026-05-27T16:06:23.846	WT901BLE68(F3:F0:16:BF:DC:AE)	0.289	0.804	0.368	-17.151	-68.665	-7.935	63.49	-19.47	-91.40	-27.627	42.727	-25.520	-0.70871	-0.21988	0.48773	0.45978	25.9	null	null	13113	75
2026-05-27T16:06:23.963	WT901BLE68(F3:F0:16:BF:DC:AE)	0.650	0.747	0.471	-25.146	-33.936	20.447	62.76	-22.49	-93.75	-27.627	42.727	-25.520	-0.70871	-0.21988	0.48773	0.45978	25.9	null	null	13113	75
2026-05-27T16:06:24.058	WT901BLE68(F3:F0:16:BF:DC:AE)	0.227	0.879	0.461	-20.325	-43.335	5.554	60.90	-23.90	-92.12	-27.627	42.727	-25.520	-0.70871	-0.21988	0.48773	0.45978	25.9	null	null	13113	75
2026-05-27T16:06:24.208	WT901BLE68(F3:F0:16:BF:DC:AE)	0.390	0.841	0.392	-0.122	-63.538	-4.822	62.20	-26.00	-95.72	-27.627	42.727	-25.520	-0.70871	-0.21988	0.48773	0.45978	25.9	null	null	13113	75
2026-05-27T16:06:24.232	WT901BLE68(F3:F0:16:BF:DC:AE)	0.562	0.803	0.379	-19.165	-50.720	-6.226	63.89	-27.37	-99.17	-42.853	38.813	-4.027	-0.70871	-0.21988	0.48773	0.45978	25.9	null	null	13113	75
2026-05-27T16:06:24.387	WT901BLE68(F3:F0:16:BF:DC:AE)	0.433	0.782	0.473	-9.277	-21.667	-6.836	63.35	-26.91	-98.95	-42.853	38.813	-4.027	-0.70871	-0.21988	0.48773	0.45978	25.9	null	null	13113	75
2026-05-27T16:06:24.442	WT901BLE68(F3:F0:16:BF:DC:AE)	0.537	0.774	0.369	-15.259	-38.574	-2.441	63.69	-28.04	-100.97	-42.853	38.813	-4.027	-0.62683	-0.17480	0.52139	0.55185	25.9	null	null	13113	75
2026-05-27T16:06:24.566	WT901BLE68(F3:F0:16:BF:DC:AE)	0.596	0.761	0.431	-17.334	-35.400	-1.343	63.79	-29.30	-102.88	-42.853	38.813	-4.027	-0.62683	-0.17480	0.52139	0.55185	25.9	null	null	13113	75
2026-05-27T16:06:24.655	WT901BLE68(F3:F0:16:BF:DC:AE)	0.541	0.793	0.398	-14.648	-30.945	-5.127	63.53	-30.09	-104.00	-42.853	38.813	-4.027	-0.62683	-0.17480	0.52139	0.55185	25.9	null	null	13113	75
2026-05-27T16:06:24.778	WT901BLE68(F3:F0:16:BF:DC:AE)	0.349	0.808	0.283	-13.184	-20.691	-34.973	63.73	-29.12	-105.64	-42.853	38.813	-4.027	-0.62683	-0.17480	0.52139	0.55185	25.9	null	null	13113	75
2026-05-27T16:06:24.865	WT901BLE68(F3:F0:16:BF:DC:AE)	0.539	0.861	0.287	1.587	1.099	-45.044	64.37	-26.46	-107.85	-42.853	38.813	-4.027	-0.62683	-0.17480	0.52139	0.55185	25.9	null	null	13113	75
2026-05-27T16:06:24.989	WT901BLE68(F3:F0:16:BF:DC:AE)	0.263	0.915	0.376	8.179	15.869	-54.382	65.93	-20.40	-106.84	-42.853	38.813	-4.027	-0.62683	-0.17480	0.52139	0.55185	25.9	null	null	13113	75
2026-05-27T16:06:25.041	WT901BLE68(F3:F0:16:BF:DC:AE)	0.251	0.935	0.438	-21.973	-45.166	-27.466	66.35	-18.45	-110.26	-47.127	30.707	4.427	-0.62683	-0.17480	0.52139	0.55185	25.9	null	null	13113	75
2026-05-27T16:06:25.166	WT901BLE68(F3:F0:16:BF:DC:AE)	0.252	0.911	0.395	-17.456	-15.808	-26.184	65.72	-17.11	-112.90	-47.127	30.707	4.427	-0.62683	-0.17480	0.52139	0.55185	25.9	null	null	13113	75
2026-05-27T16:06:25.254	WT901BLE68(F3:F0:16:BF:DC:AE)	0.244	0.887	0.394	-21.423	0.366	-13.916	64.02	-15.92	-112.75	-47.127	30.707	4.427	-0.62683	-0.17480	0.52139	0.55185	25.9	null	null	13113	75
2026-05-27T16:06:25.374	WT901BLE68(F3:F0:16:BF:DC:AE)	0.285	0.788	0.494	-24.658	-4.822	-7.690	61.70	-15.45	-112.75	-47.127	30.707	4.427	-0.52609	-0.19058	0.49866	0.66190	25.9	null	null	13113	75
2026-05-27T16:06:25.465	WT901BLE68(F3:F0:16:BF:DC:AE)	0.187	0.861	0.453	-23.376	-11.292	0.549	59.70	-16.37	-113.02	-47.127	30.707	4.427	-0.52609	-0.19058	0.49866	0.66190	25.9	null	null	13113	75
2026-05-27T16:06:25.588	WT901BLE68(F3:F0:16:BF:DC:AE)	0.356	0.828	0.570	-15.198	-43.213	3.967	58.66	-17.73	-114.02	-47.127	30.707	4.427	-0.52609	-0.19058	0.49866	0.66190	25.9	null	null	13113	75
2026-05-27T16:06:25.640	WT901BLE68(F3:F0:16:BF:DC:AE)	0.349	0.875	0.431	-4.944	-54.565	0.427	59.06	-19.39	-115.75	-47.127	30.707	4.427	-0.52609	-0.19058	0.49866	0.66190	25.9	null	null	13113	75
2026-05-27T16:06:25.798	WT901BLE68(F3:F0:16:BF:DC:AE)	0.332	0.859	0.386	2.747	-14.221	0.488	60.06	-19.78	-115.98	-47.127	30.707	4.427	-0.52609	-0.19058	0.49866	0.66190	25.9	null	null	13113	75
2026-05-27T16:06:25.854	WT901BLE68(F3:F0:16:BF:DC:AE)	0.194	0.860	0.455	3.479	8.240	-4.456	60.45	-19.85	-114.54	-47.127	30.707	4.427	-0.52609	-0.19058	0.49866	0.66190	25.9	null	null	13113	75
2026-05-27T16:06:25.975	WT901BLE68(F3:F0:16:BF:DC:AE)	0.318	0.809	0.343	-0.854	-1.282	-4.089	60.68	-19.35	-113.17	-47.127	30.707	4.427	-0.52609	-0.19058	0.49866	0.66190	25.9	null	null	13113	75
2026-05-27T16:06:26.063	WT901BLE68(F3:F0:16:BF:DC:AE)	0.383	0.814	0.500	-8.606	-3.113	-2.075	60.04	-19.26	-111.73	-43.267	21.620	11.993	-0.52609	-0.19058	0.49866	0.66190	25.9	null	null	13113	75
2026-05-27T16:06:26.189	WT901BLE68(F3:F0:16:BF:DC:AE)	0.361	0.794	0.517	-11.047	12.512	-0.977	58.80	-18.94	-110.06	-43.267	21.620	11.993	-0.52609	-0.19058	0.49866	0.66190	25.9	null	null	13113	75
2026-05-27T16:06:26.275	WT901BLE68(F3:F0:16:BF:DC:AE)	0.357	0.727	0.639	-7.324	58.044	11.902	57.19	-18.52	-106.09	-43.267	21.620	11.993	-0.56702	-0.16461	0.47241	0.65430	25.9	null	null	13113	75
2026-05-27T16:06:26.395	WT901BLE68(F3:F0:16:BF:DC:AE)	0.261	0.744	0.434	14.526	-15.808	-19.897	57.43	-16.70	-103.35	-43.267	21.620	11.993	-0.56702	-0.16461	0.47241	0.65430	25.9	null	null	13113	75
2026-05-27T16:06:26.456	WT901BLE68(F3:F0:16:BF:DC:AE)	0.242	0.885	0.575	13.672	4.150	-26.184	59.55	-14.87	-104.11	-43.267	21.620	11.993	-0.56702	-0.16461	0.47241	0.65430	25.9	null	null	13113	75
2026-05-27T16:06:26.580	WT901BLE68(F3:F0:16:BF:DC:AE)	0.187	0.850	0.506	-7.751	-16.846	-20.630	60.78	-12.22	-104.06	-43.267	21.620	11.993	-0.56702	-0.16461	0.47241	0.65430	25.9	null	null	13113	75
2026-05-27T16:06:26.666	WT901BLE68(F3:F0:16:BF:DC:AE)	0.049	0.849	0.419	3.357	9.399	-22.949	60.73	-10.67	-104.66	-43.267	21.620	11.993	-0.56702	-0.16461	0.47241	0.65430	25.9	null	null	13113	75
2026-05-27T16:06:26.787	WT901BLE68(F3:F0:16:BF:DC:AE)	0.234	0.871	0.594	-12.695	1.526	-10.193	60.57	-9.26	-104.18	-43.267	21.620	11.993	-0.56702	-0.16461	0.47241	0.65430	25.9	null	null	13113	75
2026-05-27T16:06:26.874	WT901BLE68(F3:F0:16:BF:DC:AE)	0.115	0.827	0.461	-19.409	-17.151	0.488	58.86	-9.04	-103.13	-52.980	18.880	6.393	-0.56702	-0.16461	0.47241	0.65430	25.9	null	null	13113	75
2026-05-27T16:06:26.994	WT901BLE68(F3:F0:16:BF:DC:AE)	0.134	0.793	0.518	-13.245	-12.756	6.409	57.16	-9.85	-103.94	-52.980	18.880	6.393	-0.56702	-0.16461	0.47241	0.65430	25.9	null	null	13113	75
2026-05-27T16:06:27.054	WT901BLE68(F3:F0:16:BF:DC:AE)	0.245	0.886	0.515	10.437	32.959	6.653	56.84	-11.05	-103.58	-52.980	18.880	6.393	-0.57523	-0.22556	0.42456	0.66171	25.9	null	null	13113	75
2026-05-27T16:06:27.175	WT901BLE68(F3:F0:16:BF:DC:AE)	0.255	0.848	0.546	6.348	-16.357	5.615	57.78	-11.36	-102.27	-52.980	18.880	6.393	-0.57523	-0.22556	0.42456	0.66171	25.9	null	null	13113	75
2026-05-27T16:06:27.265	WT901BLE68(F3:F0:16:BF:DC:AE)	0.188	0.864	0.450	22.217	8.179	13.123	59.19	-11.99	-100.20	-52.980	18.880	6.393	-0.57523	-0.22556	0.42456	0.66171	25.9	null	null	13113	75
2026-05-27T16:06:27.388	WT901BLE68(F3:F0:16:BF:DC:AE)	0.205	0.839	0.416	19.287	6.348	-3.296	60.92	-12.12	-98.52	-52.980	18.880	6.393	-0.57523	-0.22556	0.42456	0.66171	25.9	null	null	13113	75
2026-05-27T16:06:27.472	WT901BLE68(F3:F0:16:BF:DC:AE)	0.200	0.861	0.532	8.545	26.245	9.766	61.85	-12.44	-97.12	-52.980	18.880	6.393	-0.57523	-0.22556	0.42456	0.66171	25.9	null	null	13113	75
2026-05-27T16:06:27.595	WT901BLE68(F3:F0:16:BF:DC:AE)	0.314	0.802	0.468	2.991	14.771	-4.822	61.85	-12.00	-94.72	-52.980	18.880	6.393	-0.57523	-0.22556	0.42456	0.66171	25.9	null	null	13113	75
2026-05-27T16:06:27.685	WT901BLE68(F3:F0:16:BF:DC:AE)	0.182	0.909	0.476	10.925	21.362	-4.395	62.14	-10.84	-92.03	-52.980	18.880	6.393	-0.57523	-0.22556	0.42456	0.66171	25.9	null	null	13113	75
2026-05-27T16:06:27.808	WT901BLE68(F3:F0:16:BF:DC:AE)	0.110	0.933	0.349	17.517	17.944	-11.597	63.30	-9.03	-88.77	-52.980	18.880	6.393	-0.57523	-0.22556	0.42456	0.66171	25.9	null	null	13113	75
2026-05-27T16:06:27.860	WT901BLE68(F3:F0:16:BF:DC:AE)	-0.016	0.891	0.261	19.897	-0.366	-11.292	65.30	-7.62	-87.90	-53.033	23.613	-3.347	-0.57523	-0.22556	0.42456	0.66171	25.9	null	null	13113	75
2026-05-27T16:06:27.985	WT901BLE68(F3:F0:16:BF:DC:AE)	0.188	0.842	0.455	30.823	-3.113	-11.169	67.77	-6.83	-89.36	-53.033	23.613	-3.347	-0.57523	-0.22556	0.42456	0.66171	25.9	null	null	13113	75
2026-05-27T16:06:28.072	WT901BLE68(F3:F0:16:BF:DC:AE)	0.108	0.910	0.326	13.306	1.099	-11.658	69.82	-5.48	-88.26	-53.033	23.613	-3.347	-0.61017	-0.36932	0.42773	0.55518	25.9	null	null	13113	75
2026-05-27T16:06:28.197	WT901BLE68(F3:F0:16:BF:DC:AE)	0.056	0.939	0.301	-11.230	-23.804	-2.197	69.71	-5.00	-88.78	-53.033	23.613	-3.347	-0.61017	-0.36932	0.42773	0.55518	25.9	null	null	13113	75
2026-05-27T16:06:28.287	WT901BLE68(F3:F0:16:BF:DC:AE)	0.184	0.949	0.396	-11.169	-20.996	3.418	68.97	-5.93	-89.53	-53.033	23.613	-3.347	-0.61017	-0.36932	0.42773	0.55518	25.9	null	null	13113	75
2026-05-27T16:06:28.406	WT901BLE68(F3:F0:16:BF:DC:AE)	0.096	0.920	0.387	-10.071	-9.460	8.545	67.90	-6.39	-89.69	-53.033	23.613	-3.347	-0.61017	-0.36932	0.42773	0.55518	25.9	null	null	13113	75
2026-05-27T16:06:28.464	WT901BLE68(F3:F0:16:BF:DC:AE)	0.163	0.957	0.292	-6.775	-7.385	19.592	66.80	-8.16	-89.02	-53.033	23.613	-3.347	-0.61017	-0.36932	0.42773	0.55518	25.9	null	null	13113	75
2026-05-27T16:06:28.588	WT901BLE68(F3:F0:16:BF:DC:AE)	0.074	0.969	0.205	5.981	-3.967	21.362	66.81	-10.05	-87.42	-53.033	23.613	-3.347	-0.61017	-0.36932	0.42773	0.55518	25.9	null	null	13113	75
2026-05-27T16:06:28.677	WT901BLE68(F3:F0:16:BF:DC:AE)	0.245	0.916	0.323	23.376	-14.893	9.949	68.39	-11.88	-86.67	-53.033	23.613	-3.347	-0.61017	-0.36932	0.42773	0.55518	25.9	null	null	13113	75
2026-05-27T16:06:28.795	WT901BLE68(F3:F0:16:BF:DC:AE)	0.269	0.955	0.328	15.137	7.080	18.860	70.60	-12.95	-85.18	-49.600	25.760	-6.353	-0.61017	-0.36932	0.42773	0.55518	25.9	null	null	13113	75
2026-05-27T16:06:28.884	WT901BLE68(F3:F0:16:BF:DC:AE)	0.396	0.917	0.338	-3.235	-31.494	7.202	71.17	-14.52	-85.48	-49.600	25.760	-6.353	-0.64502	-0.35971	0.46130	0.49155	25.9	null	null	13113	75
2026-05-27T16:06:29.007	WT901BLE68(F3:F0:16:BF:DC:AE)	0.323	0.890	0.290	4.517	-0.122	-1.953	71.63	-15.13	-84.70	-49.600	25.760	-6.353	-0.64502	-0.35971	0.46130	0.49155	25.9	null	null	13113	75
2026-05-27T16:06:29.093	WT901BLE68(F3:F0:16:BF:DC:AE)	0.296	0.911	0.302	-4.761	-7.141	2.991	71.52	-15.07	-83.62	-49.600	25.760	-6.353	-0.64502	-0.35971	0.46130	0.49155	25.9	null	null	13113	75
2026-05-27T16:06:29.218	WT901BLE68(F3:F0:16:BF:DC:AE)	0.285	0.953	0.351	-20.386	-11.841	-12.207	70.49	-14.90	-83.77	-49.600	25.760	-6.353	-0.64502	-0.35971	0.46130	0.49155	25.9	null	null	13113	75
2026-05-27T16:06:29.276	WT901BLE68(F3:F0:16:BF:DC:AE)	0.196	0.807	0.132	-12.451	-23.621	-11.169	68.93	-14.11	-84.54	-49.600	25.760	-6.353	-0.64502	-0.35971	0.46130	0.49155	25.9	null	null	13113	75
2026-05-27T16:06:29.396	WT901BLE68(F3:F0:16:BF:DC:AE)	0.172	0.943	0.441	5.371	-3.601	-27.283	69.06	-12.35	-85.36	-49.600	25.760	-6.353	-0.64502	-0.35971	0.46130	0.49155	25.9	null	null	13113	75
2026-05-27T16:06:29.483	WT901BLE68(F3:F0:16:BF:DC:AE)	0.210	0.992	0.259	9.521	2.014	-32.104	70.82	-9.77	-84.55	-49.600	25.760	-6.353	-0.64502	-0.35971	0.46130	0.49155	25.9	null	null	13113	75
2026-05-27T16:06:29.608	WT901BLE68(F3:F0:16:BF:DC:AE)	0.075	0.959	0.304	6.470	-13.550	-21.484	71.53	-7.38	-85.68	-49.600	25.760	-6.353	-0.64502	-0.35971	0.46130	0.49155	25.9	null	null	13113	75
2026-05-27T16:06:29.694	WT901BLE68(F3:F0:16:BF:DC:AE)	0.050	0.992	0.366	-7.568	-12.207	-16.724	71.72	-5.86	-86.70	-51.220	25.000	-8.153	-0.64502	-0.35971	0.46130	0.49155	25.9	null	null	13113	75
2026-05-27T16:06:29.815	WT901BLE68(F3:F0:16:BF:DC:AE)	0.117	0.938	0.313	-22.705	-5.127	-9.766	70.50	-4.87	-87.08	-51.220	25.000	-8.153	-0.60822	-0.39841	0.42624	0.53812	25.9	null	null	13113	75
2026-05-27T16:06:29.877	WT901BLE68(F3:F0:16:BF:DC:AE)	0.111	0.875	0.487	-25.574	-5.859	-1.892	67.99	-4.40	-87.10	-51.220	25.000	-8.153	-0.60822	-0.39841	0.42624	0.53812	25.9	null	null	13113	75
2026-05-27T16:06:29.996	WT901BLE68(F3:F0:16:BF:DC:AE)	0.033	0.968	0.462	-21.545	6.042	-2.502	65.68	-4.14	-86.48	-51.220	25.000	-8.153	-0.60822	-0.39841	0.42624	0.53812	25.9	null	null	13113	75
2026-05-27T16:06:30.085	WT901BLE68(F3:F0:16:BF:DC:AE)	0.123	0.862	0.435	-19.165	3.174	12.878	63.59	-4.48	-86.02	-51.220	25.000	-8.153	-0.60822	-0.39841	0.42624	0.53812	25.9	null	null	13113	75
2026-05-27T16:06:30.205	WT901BLE68(F3:F0:16:BF:DC:AE)	0.147	0.889	0.388	-7.568	1.099	14.404	62.59	-5.50	-84.29	-51.220	25.000	-8.153	-0.60822	-0.39841	0.42624	0.53812	25.9	null	null	13113	75
2026-05-27T16:06:30.297	WT901BLE68(F3:F0:16:BF:DC:AE)	0.119	0.849	0.556	1.770	-30.212	23.376	62.41	-8.14	-84.13	-51.220	25.000	-8.153	-0.60822	-0.39841	0.42624	0.53812	25.9	null	null	13113	75
2026-05-27T16:06:30.418	WT901BLE68(F3:F0:16:BF:DC:AE)	0.198	0.909	0.442	4.089	17.944	17.273	62.79	-9.67	-82.35	-51.220	25.000	-8.153	-0.60822	-0.39841	0.42624	0.53812	25.9	null	null	13113	75
2026-05-27T16:06:30.508	WT901BLE68(F3:F0:16:BF:DC:AE)	0.264	0.840	0.477	-2.930	-2.014	16.418	62.56	-10.64	-80.80	-47.967	24.307	-2.473	-0.60822	-0.39841	0.42624	0.53812	25.9	null	null	13113	75
2026-05-27T16:06:30.625	WT901BLE68(F3:F0:16:BF:DC:AE)	0.277	0.848	0.513	-10.742	4.517	15.015	61.48	-11.44	-78.73	-47.967	24.307	-2.473	-0.60822	-0.39841	0.42624	0.53812	25.9	null	null	13113	75
2026-05-27T16:06:30.685	WT901BLE68(F3:F0:16:BF:DC:AE)	0.374	0.852	0.539	-27.893	-2.136	3.235	59.41	-12.73	-79.43	-47.967	24.307	-2.473	-0.60822	-0.39841	0.42624	0.53812	25.9	null	null	13113	75
2026-05-27T16:06:30.804	WT901BLE68(F3:F0:16:BF:DC:AE)	-0.039	0.826	0.389	-29.114	-32.959	10.437	56.61	-14.14	-80.22	-47.967	24.307	-2.473	-0.69974	-0.31369	0.38809	0.51108	25.9	null	null	13113	75
2026-05-27T16:06:30.894	WT901BLE68(F3:F0:16:BF:DC:AE)	0.223	0.866	0.448	-5.005	-2.075	-7.385	55.38	-15.22	-80.97	-47.967	24.307	-2.473	-0.69974	-0.31369	0.38809	0.51108	25.9	null	null	13113	75
2026-05-27T16:06:31.016	WT901BLE68(F3:F0:16:BF:DC:AE)	0.264	0.860	0.541	21.790	-7.568	-20.325	57.08	-14.28	-82.32	-47.967	24.307	-2.473	-0.69974	-0.31369	0.38809	0.51108	25.9	null	null	13113	75
2026-05-27T16:06:31.105	WT901BLE68(F3:F0:16:BF:DC:AE)	0.178	0.847	0.469	14.587	6.714	-30.457	59.79	-11.80	-83.62	-47.967	24.307	-2.473	-0.69974	-0.31369	0.38809	0.51108	25.9	null	null	13113	75
2026-05-27T16:06:31.226	WT901BLE68(F3:F0:16:BF:DC:AE)	0.207	0.854	0.585	14.038	-2.319	-22.827	61.06	-9.32	-84.44	-47.967	24.307	-2.473	-0.69974	-0.31369	0.38809	0.51108	25.9	null	null	13113	75
2026-05-27T16:06:31.285	WT901BLE68(F3:F0:16:BF:DC:AE)	0.123	0.893	0.450	6.653	-8.545	-28.748	62.47	-6.82	-84.89	-47.967	24.307	-2.473	-0.69974	-0.31369	0.38809	0.51108	25.9	null	null	13113	75
2026-05-27T16:06:31.406	WT901BLE68(F3:F0:16:BF:DC:AE)	0.052	0.838	0.522	-10.010	-13.489	-0.671	62.22	-6.48	-86.66	-47.967	24.307	-2.473	-0.69974	-0.31369	0.38809	0.51108	25.9	null	null	13113	75
2026-05-27T16:06:31.490	WT901BLE68(F3:F0:16:BF:DC:AE)	0.282	0.826	0.598	-20.203	-27.405	12.390	60.74	-8.12	-87.03	-49.440	22.347	-0.487	-0.69974	-0.31369	0.38809	0.51108	25.9	null	null	13113	75
2026-05-27T16:06:31.615	WT901BLE68(F3:F0:16:BF:DC:AE)	0.209	0.863	0.474	-15.625	-30.273	8.850	59.24	-10.12	-88.57	-49.440	22.347	-0.487	-0.69974	-0.31369	0.38809	0.51108	25.9	null	null	13113	75
2026-05-27T16:06:31.705	WT901BLE68(F3:F0:16:BF:DC:AE)	0.211	0.832	0.581	-11.108	-45.593	8.911	58.04	-12.46	-91.09	-49.440	22.347	-0.487	-0.64908	-0.28714	0.40170	0.57858	25.9	null	null	13113	75
2026-05-27T16:06:31.824	WT901BLE68(F3:F0:16:BF:DC:AE)	0.246	0.855	0.473	10.559	-13.672	-4.700	58.86	-13.73	-92.33	-49.440	22.347	-0.487	-0.64908	-0.28714	0.40170	0.57858	25.9	null	null	13113	75
2026-05-27T16:06:31.913	WT901BLE68(F3:F0:16:BF:DC:AE)	0.167	0.862	0.354	-4.028	-38.574	2.502	59.69	-14.61	-93.24	-49.440	22.347	-0.487	-0.64908	-0.28714	0.40170	0.57858	25.9	null	null	13113	75
2026-05-27T16:06:32.040	WT901BLE68(F3:F0:16:BF:DC:AE)	0.439	0.890	0.383	2.197	14.587	4.028	59.91	-16.05	-94.38	-49.440	22.347	-0.487	-0.64908	-0.28714	0.40170	0.57858	25.9	null	null	13113	75
2026-05-27T16:06:32.097	WT901BLE68(F3:F0:16:BF:DC:AE)	0.280	0.816	0.557	-8.362	-10.315	9.338	59.57	-16.69	-93.18	-49.440	22.347	-0.487	-0.64908	-0.28714	0.40170	0.57858	25.9	null	null	13113	75
2026-05-27T16:06:32.215	WT901BLE68(F3:F0:16:BF:DC:AE)	0.291	0.713	0.566	-5.432	-23.865	-5.493	59.36	-18.15	-94.02	-49.440	22.347	-0.487	-0.64908	-0.28714	0.40170	0.57858	25.9	null	null	13113	75
2026-05-27T16:06:32.301	WT901BLE68(F3:F0:16:BF:DC:AE)	0.338	0.828	0.586	-24.048	-26.672	-10.986	58.58	-18.50	-95.54	-36.780	22.547	7.500	-0.64908	-0.28714	0.40170	0.57858	25.9	null	null	13113	75
2026-05-27T16:06:32.428	WT901BLE68(F3:F0:16:BF:DC:AE)	0.292	0.783	0.438	-24.231	-29.846	-21.057	56.99	-18.43	-97.76	-36.780	22.547	7.500	-0.64908	-0.28714	0.40170	0.57858	25.9	null	null	13113	75
2026-05-27T16:06:32.514	WT901BLE68(F3:F0:16:BF:DC:AE)	0.343	0.838	0.491	1.892	-7.629	-34.912	56.73	-16.89	-99.76	-36.780	22.547	7.500	-0.61890	-0.20193	0.44290	0.61636	25.9	null	null	13113	75
2026-05-27T16:06:32.638	WT901BLE68(F3:F0:16:BF:DC:AE)	0.221	0.898	0.435	23.987	0.366	-47.119	58.93	-13.94	-102.06	-36.780	22.547	7.500	-0.61890	-0.20193	0.44290	0.61636	25.9	null	null	13113	75
2026-05-27T16:06:32.692	WT901BLE68(F3:F0:16:BF:DC:AE)	0.129	0.848	0.439	4.395	-8.606	-37.292	60.92	-9.95	-103.45	-36.780	22.547	7.500	-0.61890	-0.20193	0.44290	0.61636	25.9	null	null	13113	75
2026-05-27T16:06:32.817	WT901BLE68(F3:F0:16:BF:DC:AE)	0.097	0.825	0.570	2.991	-15.930	-35.400	61.86	-7.31	-105.28	-36.780	22.547	7.500	-0.61890	-0.20193	0.44290	0.61636	25.9	null	null	13113	75
2026-05-27T16:06:32.905	WT901BLE68(F3:F0:16:BF:DC:AE)	0.059	0.906	0.487	-11.353	-12.817	-14.099	61.91	-5.83	-106.57	-36.780	22.547	7.500	-0.61890	-0.20193	0.44290	0.61636	25.9	null	null	13113	75
2026-05-27T16:06:33.024	WT901BLE68(F3:F0:16:BF:DC:AE)	0.038	0.850	0.654	-18.127	-22.034	6.470	60.34	-6.99	-108.85	-36.780	22.547	7.500	-0.61890	-0.20193	0.44290	0.61636	25.9	null	null	13113	75
2026-05-27T16:06:33.114	WT901BLE68(F3:F0:16:BF:DC:AE)	0.113	0.798	0.549	-13.733	-40.100	7.324	59.07	-9.12	-110.10	-36.780	22.547	7.500	-0.61890	-0.20193	0.44290	0.61636	25.9	null	null	13113	75
2026-05-27T16:06:33.233	WT901BLE68(F3:F0:16:BF:DC:AE)	0.040	0.909	0.421	-5.920	-65.735	19.592	58.51	-12.14	-111.82	-37.400	17.667	13.600	-0.61890	-0.20193	0.44290	0.61636	25.9	null	null	13113	75
2026-05-27T16:06:33.325	WT901BLE68(F3:F0:16:BF:DC:AE)	0.197	0.846	0.573	28.320	-4.822	11.536	60.52	-15.15	-113.87	-37.400	17.667	13.600	-0.61890	-0.20193	0.44290	0.61636	25.9	null	null	13113	75
2026-05-27T16:06:33.444	WT901BLE68(F3:F0:16:BF:DC:AE)	0.347	0.893	0.319	11.658	-9.399	10.620	62.58	-16.29	-112.44	-37.400	17.667	13.600	-0.52869	-0.18356	0.49066	0.66779	25.9	null	null	13113	75
2026-05-27T16:06:33.505	WT901BLE68(F3:F0:16:BF:DC:AE)	0.224	0.932	0.461	-5.798	-34.668	7.507	63.50	-18.40	-113.61	-37.400	17.667	13.600	-0.52869	-0.18356	0.49066	0.66779	25.9	null	null	13113	75
2026-05-27T16:06:33.628	WT901BLE68(F3:F0:16:BF:DC:AE)	0.378	0.843	0.475	-14.465	-31.250	3.479	63.62	-20.55	-116.25	-37.400	17.667	13.600	-0.52869	-0.18356	0.49066	0.66779	25.9	null	null	13113	75
2026-05-27T16:06:33.715	WT901BLE68(F3:F0:16:BF:DC:AE)	0.375	0.777	0.431	-3.418	-4.700	-1.648	63.07	-21.45	-117.29	-37.400	17.667	13.600	-0.52869	-0.18356	0.49066	0.66779	25.9	null	null	13113	75
2026-05-27T16:06:33.833	WT901BLE68(F3:F0:16:BF:DC:AE)	0.371	0.840	0.461	-10.925	-19.775	-8.850	62.98	-21.20	-116.82	-37.400	17.667	13.600	-0.52869	-0.18356	0.49066	0.66779	25.9	null	null	13113	75
2026-05-27T16:06:33.928	WT901BLE68(F3:F0:16:BF:DC:AE)	0.331	0.836	0.440	-23.376	-36.804	-6.897	62.22	-21.77	-118.48	-37.400	17.667	13.600	-0.52869	-0.18356	0.49066	0.66779	25.9	null	null	13113	75
2026-05-27T16:06:34.044	WT901BLE68(F3:F0:16:BF:DC:AE)	0.362	0.831	0.315	-16.846	-25.085	-25.269	61.61	-21.88	-121.37	-37.400	17.667	13.600	-0.52869	-0.18356	0.49066	0.66779	25.9	null	null	13113	75
2026-05-27T16:06:34.107	WT901BLE68(F3:F0:16:BF:DC:AE)	0.262	0.893	0.316	-12.207	-36.072	-44.739	62.00	-20.00	-124.39	-20.013	16.953	13.053	-0.52869	-0.18356	0.49066	0.66779	25.9	null	null	13113	75
2026-05-27T16:06:34.228	WT901BLE68(F3:F0:16:BF:DC:AE)	0.309	0.874	0.455	-9.338	-4.272	-40.039	62.94	-17.47	-127.53	-20.013	16.953	13.053	-0.52869	-0.18356	0.49066	0.66779	25.9	null	null	13113	75
2026-05-27T16:06:34.313	WT901BLE68(F3:F0:16:BF:DC:AE)	0.297	0.883	0.575	-17.822	-15.747	-31.799	62.72	-15.70	-129.83	-20.013	16.953	13.053	-0.43173	-0.11450	0.51700	0.73013	25.9	null	null	13113	75
2026-05-27T16:06:34.437	WT901BLE68(F3:F0:16:BF:DC:AE)	0.207	0.845	0.415	-8.606	-19.409	-25.940	62.28	-13.94	-131.30	-20.013	16.953	13.053	-0.43173	-0.11450	0.51700	0.73013	25.9	null	null	13113	75
2026-05-27T16:06:34.523	WT901BLE68(F3:F0:16:BF:DC:AE)	0.079	0.896	0.606	-2.441	45.654	-8.179	61.62	-12.88	-130.57	-20.013	16.953	13.053	-0.43173	-0.11450	0.51700	0.73013	25.9	null	null	13113	75
2026-05-27T16:06:34.646	WT901BLE68(F3:F0:16:BF:DC:AE)	0.206	0.877	0.450	-26.123	-35.156	-14.587	60.24	-12.44	-131.30	-20.013	16.953	13.053	-0.43173	-0.11450	0.51700	0.73013	25.9	null	null	13113	75
2026-05-27T16:06:34.737	WT901BLE68(F3:F0:16:BF:DC:AE)	0.341	0.759	0.581	-24.841	-38.879	-1.282	58.16	-14.39	-132.57	-20.013	16.953	13.053	-0.43173	-0.11450	0.51700	0.73013	25.9	null	null	13113	75
2026-05-27T16:06:34.854	WT901BLE68(F3:F0:16:BF:DC:AE)	0.182	0.840	0.478	-14.099	-26.611	-5.920	56.94	-15.19	-133.31	-20.013	16.953	13.053	-0.43173	-0.11450	0.51700	0.73013	25.9	null	null	13113	75
2026-05-27T16:06:34.913	WT901BLE68(F3:F0:16:BF:DC:AE)	0.224	0.841	0.560	2.014	-30.396	-9.094	57.35	-16.25	-135.14	-20.013	16.953	13.053	-0.43173	-0.11450	0.51700	0.73013	25.9	null	null	13113	75
2026-05-27T16:06:35.035	WT901BLE68(F3:F0:16:BF:DC:AE)	0.308	0.854	0.440	-3.418	-5.859	-1.892	57.85	-16.36	-134.69	-20.013	16.953	13.053	-0.43173	-0.11450	0.51700	0.73013	25.9	null	null	13113	75
2026-05-27T16:06:35.121	WT901BLE68(F3:F0:16:BF:DC:AE)	0.458	0.836	0.525	-10.193	-6.165	4.395	57.35	-16.47	-133.29	-16.487	12.120	11.940	-0.43173	-0.11450	0.51700	0.73013	25.9	null	null	13113	75
2026-05-27T16:06:35.243	WT901BLE68(F3:F0:16:BF:DC:AE)	0.281	0.861	0.638	-10.803	-0.916	-5.371	56.67	-16.34	-131.18	-16.487	12.120	11.940	-0.41641	-0.07712	0.48209	0.76691	25.9	null	null	13113	75
2026-05-27T16:06:35.334	WT901BLE68(F3:F0:16:BF:DC:AE)	0.300	0.762	0.534	-16.846	-12.451	-3.601	55.46	-16.13	-129.54	-16.487	12.120	11.940	-0.41641	-0.07712	0.48209	0.76691	25.9	null	null	13113	75
2026-05-27T16:06:35.454	WT901BLE68(F3:F0:16:BF:DC:AE)	0.317	0.744	0.601	-3.357	30.579	3.601	54.01	-15.56	-126.54	-16.487	12.120	11.940	-0.41641	-0.07712	0.48209	0.76691	25.9	null	null	13113	75
2026-05-27T16:06:35.516	WT901BLE68(F3:F0:16:BF:DC:AE)	0.166	0.777	0.565	0.977	19.653	-4.150	53.53	-14.43	-123.06	-16.487	12.120	11.940	-0.41641	-0.07712	0.48209	0.76691	25.9	null	null	13113	75
2026-05-27T16:06:35.634	WT901BLE68(F3:F0:16:BF:DC:AE)	0.153	0.804	0.565	2.930	-16.602	-12.878	53.94	-14.52	-122.73	-16.487	12.120	11.940	-0.41641	-0.07712	0.48209	0.76691	25.9	null	null	13113	75
2026-05-27T16:06:35.727	WT901BLE68(F3:F0:16:BF:DC:AE)	0.173	0.825	0.587	8.606	-28.015	-25.696	55.57	-15.20	-126.01	-16.487	12.120	11.940	-0.41641	-0.07712	0.48209	0.76691	25.9	null	null	13113	75
2026-05-27T16:06:35.847	WT901BLE68(F3:F0:16:BF:DC:AE)	0.240	0.773	0.461	0.305	-19.348	-9.766	56.93	-14.27	-125.64	-16.487	12.120	11.940	-0.41641	-0.07712	0.48209	0.76691	25.9	null	null	13113	75
2026-05-27T16:06:35.935	WT901BLE68(F3:F0:16:BF:DC:AE)	0.348	0.861	0.553	-0.549	1.831	0.183	57.08	-14.51	-124.41	-20.393	15.247	8.620	-0.41641	-0.07712	0.48209	0.76691	25.9	null	null	13113	75
2026-05-27T16:06:36.057	WT901BLE68(F3:F0:16:BF:DC:AE)	0.153	0.781	0.570	-5.249	2.869	1.648	56.76	-14.39	-121.84	-20.393	15.247	8.620	-0.41641	-0.07712	0.48209	0.76691	25.9	null	null	13113	75
2026-05-27T16:06:36.144	WT901BLE68(F3:F0:16:BF:DC:AE)	0.346	0.803	0.573	-8.850	2.502	12.817	55.87	-15.02	-119.30	-20.393	15.247	8.620	-0.49072	-0.13474	0.46069	0.72711	25.9	null	null	13113	75
2026-05-27T16:06:36.269	WT901BLE68(F3:F0:16:BF:DC:AE)	0.431	0.825	0.657	-9.033	-1.404	11.719	54.77	-16.00	-116.31	-20.393	15.247	8.620	-0.49072	-0.13474	0.46069	0.72711	25.9	null	null	13113	75
2026-05-27T16:06:36.322	WT901BLE68(F3:F0:16:BF:DC:AE)	0.120	0.779	0.457	-2.686	-18.433	17.456	54.14	-17.72	-113.99	-20.393	15.247	8.620	-0.49072	-0.13474	0.46069	0.72711	25.9	null	null	13113	75
2026-05-27T16:06:36.446	WT901BLE68(F3:F0:16:BF:DC:AE)	0.379	0.781	0.533	18.555	3.235	12.024	55.10	-19.46	-112.67	-20.393	15.247	8.620	-0.49072	-0.13474	0.46069	0.72711	25.9	null	null	13113	75
2026-05-27T16:06:36.532	WT901BLE68(F3:F0:16:BF:DC:AE)	0.392	0.797	0.447	12.756	-6.653	16.296	56.76	-20.82	-110.59	-20.393	15.247	8.620	-0.49072	-0.13474	0.46069	0.72711	25.9	null	null	13113	75
2026-05-27T16:06:36.689	WT901BLE68(F3:F0:16:BF:DC:AE)	0.330	0.848	0.514	5.127	-6.042	6.653	57.53	-22.73	-109.11	-20.393	15.247	8.620	-0.49072	-0.13474	0.46069	0.72711	25.9	null	null	13113	75
2026-05-27T16:06:36.743	WT901BLE68(F3:F0:16:BF:DC:AE)	0.500	0.772	0.433	-1.343	8.850	15.259	57.42	-23.60	-105.92	-20.393	15.247	8.620	-0.49072	-0.13474	0.46069	0.72711	25.9	null	null	13113	75
2026-05-27T16:06:36.862	WT901BLE68(F3:F0:16:BF:DC:AE)	0.427	0.763	0.548	-1.404	7.874	2.808	57.04	-24.04	-103.26	-19.020	21.187	3.367	-0.49072	-0.13474	0.46069	0.72711	25.9	null	null	13113	75
2026-05-27T16:06:36.923	WT901BLE68(F3:F0:16:BF:DC:AE)	0.436	0.759	0.528	-10.925	41.504	3.113	55.29	-21.84	-97.50	-19.020	21.187	3.367	-0.49072	-0.13474	0.46069	0.72711	25.9	null	null	13113	75
2026-05-27T16:06:37.079	WT901BLE68(F3:F0:16:BF:DC:AE)	0.503	0.688	0.642	-27.466	-24.475	-0.244	53.11	-22.94	-96.49	-19.020	21.187	3.367	-0.49072	-0.13474	0.46069	0.72711	25.9	null	null	13113	75
2026-05-27T16:06:37.132	WT901BLE68(F3:F0:16:BF:DC:AE)	0.350	0.800	0.521	2.563	-7.507	-23.376	53.31	-22.59	-96.93	-19.020	21.187	3.367	-0.64999	-0.15634	0.44495	0.59579	25.9	null	null	13113	75
2026-05-27T16:06:37.256	WT901BLE68(F3:F0:16:BF:DC:AE)	0.319	0.785	0.474	14.587	-5.066	-26.245	55.46	-21.01	-97.92	-19.020	21.187	3.367	-0.64999	-0.15634	0.44495	0.59579	25.9	null	null	13113	75
2026-05-27T16:06:37.346	WT901BLE68(F3:F0:16:BF:DC:AE)	0.333	0.835	0.481	-0.061	-25.696	-9.521	56.98	-20.14	-98.43	-19.020	21.187	3.367	-0.64999	-0.15634	0.44495	0.59579	25.9	null	null	13113	75
2026-05-27T16:06:37.467	WT901BLE68(F3:F0:16:BF:DC:AE)	0.262	0.808	0.474	4.272	-20.081	-15.015	58.45	-20.58	-99.69	-19.020	21.187	3.367	-0.64999	-0.15634	0.44495	0.59579	25.9	null	null	13113	75
2026-05-27T16:06:37.556	WT901BLE68(F3:F0:16:BF:DC:AE)	0.333	0.837	0.565	-2.380	-16.724	-9.888	59.37	-19.81	-99.49	-19.020	21.187	3.367	-0.64999	-0.15634	0.44495	0.59579	25.9	null	null	13113	75
2026-05-27T16:06:37.675	WT901BLE68(F3:F0:16:BF:DC:AE)	0.286	0.808	0.590	-9.521	-36.682	10.864	59.32	-20.42	-98.95	-19.020	21.187	3.367	-0.64999	-0.15634	0.44495	0.59579	25.9	null	null	13113	75
2026-05-27T16:06:37.733	WT901BLE68(F3:F0:16:BF:DC:AE)	0.280	0.800	0.465	-7.751	-38.879	10.315	59.69	-23.85	-101.14	-22.833	28.540	0.473	-0.64999	-0.15634	0.44495	0.59579	25.9	null	null	13113	75
2026-05-27T16:06:37.856	WT901BLE68(F3:F0:16:BF:DC:AE)	0.452	0.802	0.456	-7.385	-49.377	1.770	60.33	-26.76	-102.85	-22.833	28.540	0.473	-0.64999	-0.15634	0.44495	0.59579	25.9	null	null	13113	75
2026-05-27T16:06:37.972	WT901BLE68(F3:F0:16:BF:DC:AE)	0.268	0.827	0.353	5.554	-16.357	-27.466	62.18	-26.40	-104.26	-22.833	28.540	0.473	-0.60901	-0.14920	0.51465	0.58469	25.9	null	null	13113	75
2026-05-27T16:06:38.065	WT901BLE68(F3:F0:16:BF:DC:AE)	0.331	0.829	0.329	-6.470	-33.081	-6.104	64.17	-26.11	-105.33	-22.833	28.540	0.473	-0.60901	-0.14920	0.51465	0.58469	25.9	null	null	13113	75
2026-05-27T16:06:38.154	WT901BLE68(F3:F0:16:BF:DC:AE)	0.440	0.838	0.396	-17.639	-47.424	-12.878	65.08	-27.17	-108.02	-22.833	28.540	0.473	-0.60901	-0.14920	0.51465	0.58469	25.9	null	null	13113	75
2026-05-27T16:06:38.278	WT901BLE68(F3:F0:16:BF:DC:AE)	0.462	0.789	0.284	-18.005	-66.162	-5.859	66.08	-28.07	-111.08	-22.833	28.540	0.473	-0.60901	-0.14920	0.51465	0.58469	25.9	null	null	13113	75
2026-05-27T16:06:38.332	WT901BLE68(F3:F0:16:BF:DC:AE)	0.450	0.807	0.358	-24.414	-44.128	-9.094	66.54	-29.04	-113.14	-22.833	28.540	0.473	-0.60901	-0.14920	0.51465	0.58469	25.9	null	null	13113	75
2026-05-27T16:06:38.459	WT901BLE68(F3:F0:16:BF:DC:AE)	0.360	0.846	0.382	-23.438	-29.907	-16.602	66.35	-29.49	-115.27	-22.833	28.540	0.473	-0.60901	-0.14920	0.51465	0.58469	25.9	null	null	13113	75
2026-05-27T16:06:38.544	WT901BLE68(F3:F0:16:BF:DC:AE)	0.468	0.768	0.219	-23.865	-64.270	-29.968	66.50	-29.18	-118.44	-22.833	28.540	0.473	-0.60901	-0.14920	0.51465	0.58469	25.9	null	null	13113	75
2026-05-27T16:06:38.663	WT901BLE68(F3:F0:16:BF:DC:AE)	0.507	0.850	0.308	-28.137	-30.273	-46.326	66.82	-27.56	-121.07	-16.527	27.080	1.873	-0.60901	-0.14920	0.51465	0.58469	25.9	null	null	13113	75
2026-05-27T16:06:38.754	WT901BLE68(F3:F0:16:BF:DC:AE)	0.453	0.770	0.504	2.136	30.090	-91.309	67.57	-22.37	-124.48	-16.527	27.080	1.873	-0.60901	-0.14920	0.51465	0.58469	25.9	null	null	13113	75
2026-05-27T16:06:38.875	WT901BLE68(F3:F0:16:BF:DC:AE)	0.292	0.934	0.307	-27.344	-38.696	-58.472	67.97	-14.76	-123.87	-16.527	27.080	1.873	-0.46442	-0.15714	0.54395	0.68091	25.9	null	null	13113	75
2026-05-27T16:06:38.965	WT901BLE68(F3:F0:16:BF:DC:AE)	0.111	0.949	0.430	-25.085	-46.875	-39.978	66.41	-12.18	-127.29	-16.527	27.080	1.873	-0.46442	-0.15714	0.54395	0.68091	25.9	null	null	13113	75
2026-05-27T16:06:39.085	WT901BLE68(F3:F0:16:BF:DC:AE)	0.078	0.864	0.352	-31.738	-51.514	-19.043	64.57	-11.17	-129.36	-16.527	27.080	1.873	-0.46442	-0.15714	0.54395	0.68091	25.9	null	null	13113	75
2026-05-27T16:06:39.144	WT901BLE68(F3:F0:16:BF:DC:AE)	0.111	0.877	0.598	-26.062	-30.945	-6.592	62.45	-11.66	-130.85	-16.527	27.080	1.873	-0.46442	-0.15714	0.54395	0.68091	25.9	null	null	13113	75
2026-05-27T16:06:39.266	WT901BLE68(F3:F0:16:BF:DC:AE)	0.117	0.880	0.479	-25.635	-60.974	-9.338	60.87	-13.11	-132.21	-16.527	27.080	1.873	-0.46442	-0.15714	0.54395	0.68091	25.9	null	null	13113	75
2026-05-27T16:06:39.354	WT901BLE68(F3:F0:16:BF:DC:AE)	0.193	0.852	0.457	-23.743	-55.054	-16.907	59.54	-14.32	-134.44	-16.527	27.080	1.873	-0.46442	-0.15714	0.54395	0.68091	25.9	null	null	13113	75
2026-05-27T16:06:39.478	WT901BLE68(F3:F0:16:BF:DC:AE)	0.264	0.866	0.328	-5.310	-11.902	-12.878	58.97	-14.99	-135.60	-16.527	27.080	1.873	-0.46442	-0.15714	0.54395	0.68091	25.9	null	null	13113	75
2026-05-27T16:06:39.564	WT901BLE68(F3:F0:16:BF:DC:AE)	0.265	0.881	0.413	-6.348	0.366	-8.606	58.88	-14.34	-134.96	-18.453	16.127	8.847	-0.46442	-0.15714	0.54395	0.68091	25.9	null	null	13113	75
2026-05-27T16:06:39.686	WT901BLE68(F3:F0:16:BF:DC:AE)	0.178	0.818	0.481	-0.854	-16.479	-19.165	58.83	-13.85	-134.35	-18.453	16.127	8.847	-0.46442	-0.15714	0.54395	0.68091	25.9	null	null	13113	75
2026-05-27T16:06:39.744	WT901BLE68(F3:F0:16:BF:DC:AE)	0.425	0.835	0.629	-10.925	16.541	-12.695	58.97	-12.55	-132.91	-18.453	16.127	8.847	-0.39011	-0.09952	0.49081	0.77258	25.9	null	null	13113	75
2026-05-27T16:06:39.868	WT901BLE68(F3:F0:16:BF:DC:AE)	0.111	0.894	0.423	-5.981	9.705	-24.414	57.58	-10.15	-129.31	-18.453	16.127	8.847	-0.39011	-0.09952	0.49081	0.77258	25.9	null	null	13113	75
2026-05-27T16:06:39.956	WT901BLE68(F3:F0:16:BF:DC:AE)	0.010	0.936	0.388	2.136	-17.517	-31.372	58.19	-7.64	-127.73	-18.453	16.127	8.847	-0.39011	-0.09952	0.49081	0.77258	25.9	null	null	13113	75
2026-05-27T16:06:40.076	WT901BLE68(F3:F0:16:BF:DC:AE)	0.063	0.808	0.476	24.780	13.245	-45.227	59.90	-4.69	-128.94	-18.453	16.127	8.847	-0.39011	-0.09952	0.49081	0.77258	25.9	null	null	13113	75
2026-05-27T16:06:40.169	WT901BLE68(F3:F0:16:BF:DC:AE)	-0.002	0.837	0.500	21.484	-0.854	-26.123	62.85	-0.99	-127.21	-18.453	16.127	8.847	-0.39011	-0.09952	0.49081	0.77258	25.9	null	null	13113	75
2026-05-27T16:06:40.284	WT901BLE68(F3:F0:16:BF:DC:AE)	-0.029	0.877	0.536	19.348	8.362	-21.423	64.87	1.47	-124.02	-18.453	16.127	8.847	-0.39011	-0.09952	0.49081	0.77258	25.9	null	null	13113	75
2026-05-27T16:06:40.380	WT901BLE68(F3:F0:16:BF:DC:AE)	-0.072	0.889	0.438	-1.526	-13.123	-5.493	65.67	2.64	-121.52	-18.453	16.127	8.847	-0.39011	-0.09952	0.49081	0.77258	25.9	null	null	13113	75
2026-05-27T16:06:40.494	WT901BLE68(F3:F0:16:BF:DC:AE)	-0.065	0.884	0.427	-5.432	-17.700	0.305	64.80	2.27	-120.25	-27.420	17.447	1.387	-0.39011	-0.09952	0.49081	0.77258	25.9	null	null	13113	75
2026-05-27T16:06:40.555	WT901BLE68(F3:F0:16:BF:DC:AE)	0.032	0.879	0.448	-7.141	-17.578	11.719	63.85	1.22	-119.01	-27.420	17.447	1.387	-0.39011	-0.09952	0.49081	0.77258	25.9	null	null	13113	75
2026-05-27T16:06:40.674	WT901BLE68(F3:F0:16:BF:DC:AE)	-0.040	0.936	0.465	-10.315	-8.545	13.489	63.08	-0.58	-117.00	-27.420	17.447	1.387	-0.43567	-0.27319	0.44974	0.73019	25.9	null	null	13113	75
2026-05-27T16:06:40.762	WT901BLE68(F3:F0:16:BF:DC:AE)	0.028	0.954	0.393	4.700	-0.793	20.752	62.95	-2.00	-113.64	-27.420	17.447	1.387	-0.43567	-0.27319	0.44974	0.73019	25.9	null	null	13113	75
2026-05-27T16:06:40.885	WT901BLE68(F3:F0:16:BF:DC:AE)	-0.014	0.945	0.420	5.493	-24.292	33.081	63.66	-5.15	-111.93	-27.420	17.447	1.387	-0.43567	-0.27319	0.44974	0.73019	25.9	null	null	13113	75
2026-05-27T16:06:40.979	WT901BLE68(F3:F0:16:BF:DC:AE)	0.181	0.973	0.358	11.414	2.197	22.949	64.68	-9.28	-110.84	-27.420	17.447	1.387	-0.43567	-0.27319	0.44974	0.73019	25.9	null	null	13113	75
2026-05-27T16:06:41.096	WT901BLE68(F3:F0:16:BF:DC:AE)	0.247	0.908	0.476	-3.479	-27.039	10.986	65.18	-11.02	-109.21	-27.420	17.447	1.387	-0.43567	-0.27319	0.44974	0.73019	25.9	null	null	13113	75
2026-05-27T16:06:41.153	WT901BLE68(F3:F0:16:BF:DC:AE)	0.231	0.927	0.412	-1.160	-0.732	4.639	65.19	-11.98	-106.75	-27.420	17.447	1.387	-0.43567	-0.27319	0.44974	0.73019	25.9	null	null	13113	75
2026-05-27T16:06:41.278	WT901BLE68(F3:F0:16:BF:DC:AE)	0.170	0.846	0.414	-13.000	-16.846	5.554	64.47	-12.65	-104.65	-27.420	17.447	1.387	-0.43567	-0.27319	0.44974	0.73019	25.9	null	null	13113	75
2026-05-27T16:06:41.360	WT901BLE68(F3:F0:16:BF:DC:AE)	0.254	0.849	0.497	-13.733	-27.344	-4.700	63.52	-13.27	-103.26	-15.713	14.053	-6.593	-0.43567	-0.27319	0.44974	0.73019	25.9	null	null	13113	75
